{"0000":[{"pref":"静岡県","city":"掛川市","town":"以下に掲載がない場合"}],"0018":[{"pref":"静岡県","city":"掛川市","town":"葵町"}],"0019":[{"pref":"静岡県","city":"掛川市","town":"青葉台"}],"0041":[{"pref":"静岡県","city":"掛川市","town":"秋葉路"}],"0022":[{"pref":"静岡県","city":"掛川市","town":"上張"}],"0062":[{"pref":"静岡県","city":"掛川市","town":"旭ケ丘"}],"0069":[{"pref":"静岡県","city":"掛川市","town":"旭台"}],"0089":[{"pref":"静岡県","city":"掛川市","town":"安養寺"}],"0225":[{"pref":"静岡県","city":"掛川市","town":"家代"}],"0227":[{"pref":"静岡県","city":"掛川市","town":"家代の里"}],"0332":[{"pref":"静岡県","city":"掛川市","town":"居尻"}],"0016":[{"pref":"静岡県","city":"掛川市","town":"板沢"}],"0072":[{"pref":"静岡県","city":"掛川市","town":"印内"}],"0034":[{"pref":"静岡県","city":"掛川市","town":"梅橋"}],"0077":[{"pref":"静岡県","city":"掛川市","town":"駅前"}],"0043":[{"pref":"静岡県","city":"掛川市","town":"大池"}],"0087":[{"pref":"静岡県","city":"掛川市","town":"大多郎"}],"0009":[{"pref":"静岡県","city":"掛川市","town":"大野"}],"0335":[{"pref":"静岡県","city":"掛川市","town":"大和田"}],"0037":[{"pref":"静岡県","city":"掛川市","town":"岡津"}],"0045":[{"pref":"静岡県","city":"掛川市","town":"小鷹町"}],"0113":[{"pref":"静岡県","city":"掛川市","town":"各和"}],"0079":[{"pref":"静岡県","city":"掛川市","town":"掛川"}],"0088":[{"pref":"静岡県","city":"掛川市","town":"葛ケ丘"}],"0073":[{"pref":"静岡県","city":"掛川市","town":"金城"}],"0012":[{"pref":"静岡県","city":"掛川市","town":"上内田"}],"0342":[{"pref":"静岡県","city":"掛川市","town":"上西郷"}],"0221":[{"pref":"静岡県","city":"掛川市","town":"上垂木"}],"0101":[{"pref":"静岡県","city":"掛川市","town":"上西之谷"}],"0049":[{"pref":"静岡県","city":"掛川市","town":"上屋敷"}],"0028":[{"pref":"静岡県","city":"掛川市","town":"亀の甲"}],"0014":[{"pref":"静岡県","city":"掛川市","town":"岩井寺"}],"0063":[{"pref":"静岡県","city":"掛川市","town":"北池新田"}],"0064":[{"pref":"静岡県","city":"掛川市","town":"北門"}],"0094":[{"pref":"静岡県","city":"掛川市","town":"喜町"}],"0044":[{"pref":"静岡県","city":"掛川市","town":"清崎"}],"0074":[{"pref":"静岡県","city":"掛川市","town":"葛川"}],"0027":[{"pref":"静岡県","city":"掛川市","town":"久保"}],"0341":[{"pref":"静岡県","city":"掛川市","town":"倉真"}],"0223":[{"pref":"静岡県","city":"掛川市","town":"黒田"}],"0331":[{"pref":"静岡県","city":"掛川市","town":"黒俣"}],"0023":[{"pref":"静岡県","city":"掛川市","town":"結縁寺"}],"0031":[{"pref":"静岡県","city":"掛川市","town":"高御所"}],"0055":[{"pref":"静岡県","city":"掛川市","town":"紺屋町"}],"0090":[{"pref":"静岡県","city":"掛川市","town":"光陽"}],"0070":[{"pref":"静岡県","city":"掛川市","town":"紅葉台"}],"0068":[{"pref":"静岡県","city":"掛川市","town":"御所原"}],"0013":[{"pref":"静岡県","city":"掛川市","town":"子隣"}],"0007":[{"pref":"静岡県","city":"掛川市","town":"小原子"}],"0343":[{"pref":"静岡県","city":"掛川市","town":"五明"}],"0048":[{"pref":"静岡県","city":"掛川市","town":"細田"}],"0084":[{"pref":"静岡県","city":"掛川市","town":"逆川"}],"0078":[{"pref":"静岡県","city":"掛川市","town":"肴町"}],"0002":[{"pref":"静岡県","city":"掛川市","town":"佐夜鹿"}],"0039":[{"pref":"静岡県","city":"掛川市","town":"沢田"}],"0076":[{"pref":"静岡県","city":"掛川市","town":"塩町"}],"0033":[{"pref":"静岡県","city":"掛川市","town":"篠場"}],"0067":[{"pref":"静岡県","city":"掛川市","town":"下西郷"}],"0222":[{"pref":"静岡県","city":"掛川市","town":"下垂木"}],"0025":[{"pref":"静岡県","city":"掛川市","town":"下俣"}],"0026":[{"pref":"静岡県","city":"掛川市","town":"下俣南"}],"0057":[{"pref":"静岡県","city":"掛川市","town":"十九首"}],"0040":[{"pref":"静岡県","city":"掛川市","town":"菖蒲ヶ池"}],"0091":[{"pref":"静岡県","city":"掛川市","town":"城下"}],"0054":[{"pref":"静岡県","city":"掛川市","town":"城西"}],"0059":[{"pref":"静岡県","city":"掛川市","town":"城北"}],"0017":[{"pref":"静岡県","city":"掛川市","town":"杉谷"}],"0030":[{"pref":"静岡県","city":"掛川市","town":"杉谷南"}],"0337":[{"pref":"静岡県","city":"掛川市","town":"炭焼"}],"0008":[{"pref":"静岡県","city":"掛川市","town":"千羽"}],"0083":[{"pref":"静岡県","city":"掛川市","town":"薗ケ谷"}],"0114":[{"pref":"静岡県","city":"掛川市","town":"高田"}],"0005":[{"pref":"静岡県","city":"掛川市","town":"伊達方"}],"0011":[{"pref":"静岡県","city":"掛川市","town":"満水"}],"0333":[{"pref":"静岡県","city":"掛川市","town":"丹間"}],"0082":[{"pref":"静岡県","city":"掛川市","town":"淡陽"}],"0056":[{"pref":"静岡県","city":"掛川市","town":"中央"}],"0046":[{"pref":"静岡県","city":"掛川市","town":"中央高町"}],"0106":[{"pref":"静岡県","city":"掛川市","town":"寺島"}],"0065":[{"pref":"静岡県","city":"掛川市","town":"天王町"}],"0035":[{"pref":"静岡県","city":"掛川市","town":"徳泉"}],"0224":[{"pref":"静岡県","city":"掛川市","town":"富部"}],"0051":[{"pref":"静岡県","city":"掛川市","town":"中宿"}],"0102":[{"pref":"静岡県","city":"掛川市","town":"中西之谷"}],"0092":[{"pref":"静岡県","city":"掛川市","town":"中町"}],"0047":[{"pref":"静岡県","city":"掛川市","town":"長谷"}],"0058":[{"pref":"静岡県","city":"掛川市","town":"七日町"}],"0085":[{"pref":"静岡県","city":"掛川市","town":"成滝"}],"0116":[{"pref":"静岡県","city":"掛川市","town":"西山"}],"0003":[{"pref":"静岡県","city":"掛川市","town":"日坂"}],"0071":[{"pref":"静岡県","city":"掛川市","town":"仁藤"}],"0075":[{"pref":"静岡県","city":"掛川市","town":"仁藤町"}],"0336":[{"pref":"静岡県","city":"掛川市","town":"萩間"}],"0117":[{"pref":"静岡県","city":"掛川市","town":"幡鎌"}],"0081":[{"pref":"静岡県","city":"掛川市","town":"初馬"}],"0036":[{"pref":"静岡県","city":"掛川市","town":"原川"}],"0105":[{"pref":"静岡県","city":"掛川市","town":"原里"}],"0334":[{"pref":"静岡県","city":"掛川市","town":"孕石"}],"0001":[{"pref":"静岡県","city":"掛川市","town":"東山"}],"0103":[{"pref":"静岡県","city":"掛川市","town":"久居島"}],"0104":[{"pref":"静岡県","city":"掛川市","town":"平島"}],"0032":[{"pref":"静岡県","city":"掛川市","town":"平野"}],"0042":[{"pref":"静岡県","city":"掛川市","town":"二瀬川"}],"0112":[{"pref":"静岡県","city":"掛川市","town":"細谷"}],"0111":[{"pref":"静岡県","city":"掛川市","town":"本郷"}],"0006":[{"pref":"静岡県","city":"掛川市","town":"本所"}],"0061":[{"pref":"静岡県","city":"掛川市","town":"水垂"}],"0021":[{"pref":"静岡県","city":"掛川市","town":"緑ケ丘"}],"0029":[{"pref":"静岡県","city":"掛川市","town":"南"}],"0024":[{"pref":"静岡県","city":"掛川市","town":"南西郷"}],"0086":[{"pref":"静岡県","city":"掛川市","town":"宮脇"}],"0004":[{"pref":"静岡県","city":"掛川市","town":"八坂"}],"0020":[{"pref":"静岡県","city":"掛川市","town":"矢崎町"}],"0052":[{"pref":"静岡県","city":"掛川市","town":"柳町"}],"0066":[{"pref":"静岡県","city":"掛川市","town":"谷の口町"}],"0053":[{"pref":"静岡県","city":"掛川市","town":"弥生町"}],"0226":[{"pref":"静岡県","city":"掛川市","town":"遊家"}],"0115":[{"pref":"静岡県","city":"掛川市","town":"吉岡"}],"0038":[{"pref":"静岡県","city":"掛川市","town":"領家"}],"0093":[{"pref":"静岡県","city":"掛川市","town":"連雀"}],"0338":[{"pref":"静岡県","city":"掛川市","town":"和光"}],"0015":[{"pref":"静岡県","city":"掛川市","town":"和田"}]}