{"0000":[{"pref":"岐阜県","city":"各務原市","town":"以下に掲載がない場合"}],"0931":[{"pref":"岐阜県","city":"各務原市","town":"大佐野町"}],"0934":[{"pref":"岐阜県","city":"各務原市","town":"大野町"}],"0004":[{"pref":"岐阜県","city":"各務原市","town":"尾崎西町"}],"0003":[{"pref":"岐阜県","city":"各務原市","town":"尾崎南町"}],"0002":[{"pref":"岐阜県","city":"各務原市","town":"尾崎北町"}],"0933":[{"pref":"岐阜県","city":"各務原市","town":"神置町"}],"0926":[{"pref":"岐阜県","city":"各務原市","town":"上中屋町"}],"0971":[{"pref":"岐阜県","city":"各務原市","town":"川崎町"}],"0957":[{"pref":"岐阜県","city":"各務原市","town":"金属団地"}],"0942":[{"pref":"岐阜県","city":"各務原市","town":"小佐野町"}],"0924":[{"pref":"岐阜県","city":"各務原市","town":"下切町"}],"0932":[{"pref":"岐阜県","city":"各務原市","town":"下中屋町"}],"0927":[{"pref":"岐阜県","city":"各務原市","town":"上戸町"}],"0841":[{"pref":"岐阜県","city":"各務原市","town":"蘇原赤羽根町"}],"0824":[{"pref":"岐阜県","city":"各務原市","town":"蘇原旭町"}],"0808":[{"pref":"岐阜県","city":"各務原市","town":"蘇原飛鳥町"}],"0851":[{"pref":"岐阜県","city":"各務原市","town":"蘇原伊吹町"}],"0847":[{"pref":"岐阜県","city":"各務原市","town":"蘇原大島町"}],"0825":[{"pref":"岐阜県","city":"各務原市","town":"蘇原柿沢町"}],"0823":[{"pref":"岐阜県","city":"各務原市","town":"蘇原菊園町"}],"0801":[{"pref":"岐阜県","city":"各務原市","town":"蘇原北山町"}],"0844":[{"pref":"岐阜県","city":"各務原市","town":"蘇原吉新町"}],"0829":[{"pref":"岐阜県","city":"各務原市","town":"蘇原希望町"}],"0807":[{"pref":"岐阜県","city":"各務原市","town":"蘇原清住町"}],"0853":[{"pref":"岐阜県","city":"各務原市","town":"蘇原熊田町"}],"0814":[{"pref":"岐阜県","city":"各務原市","town":"蘇原興亜町"}],"0812":[{"pref":"岐阜県","city":"各務原市","town":"蘇原坂井町"}],"0822":[{"pref":"岐阜県","city":"各務原市","town":"蘇原栄町"}],"0826":[{"pref":"岐阜県","city":"各務原市","town":"蘇原早苗町"}],"0845":[{"pref":"岐阜県","city":"各務原市","town":"蘇原申子町"}],"0827":[{"pref":"岐阜県","city":"各務原市","town":"蘇原沢上町"}],"0856":[{"pref":"岐阜県","city":"各務原市","town":"蘇原島崎町"}],"0805":[{"pref":"岐阜県","city":"各務原市","town":"蘇原昭栄町"}],"0855":[{"pref":"岐阜県","city":"各務原市","town":"蘇原新栄町"}],"0804":[{"pref":"岐阜県","city":"各務原市","town":"蘇原新生町"}],"0821":[{"pref":"岐阜県","city":"各務原市","town":"蘇原瑞雲町"}],"0843":[{"pref":"岐阜県","city":"各務原市","town":"蘇原青雲町"}],"0813":[{"pref":"岐阜県","city":"各務原市","town":"蘇原中央町"}],"0903":[{"pref":"岐阜県","city":"各務原市","town":"蘇原月丘町"}],"0842":[{"pref":"岐阜県","city":"各務原市","town":"蘇原寺島町"}],"0815":[{"pref":"岐阜県","city":"各務原市","town":"蘇原東栄町"}],"0803":[{"pref":"岐阜県","city":"各務原市","town":"蘇原東門町"}],"0806":[{"pref":"岐阜県","city":"各務原市","town":"蘇原外山町"}],"0854":[{"pref":"岐阜県","city":"各務原市","town":"蘇原野口町"}],"0832":[{"pref":"岐阜県","city":"各務原市","town":"蘇原花園町"}],"0816":[{"pref":"岐阜県","city":"各務原市","town":"蘇原東島町"}],"0852":[{"pref":"岐阜県","city":"各務原市","town":"蘇原古市場町"}],"0809":[{"pref":"岐阜県","city":"各務原市","town":"蘇原北陽町"}],"0904":[{"pref":"岐阜県","city":"各務原市","town":"蘇原三柿野町"}],"0831":[{"pref":"岐阜県","city":"各務原市","town":"蘇原瑞穂町"}],"0902":[{"pref":"岐阜県","city":"各務原市","town":"蘇原緑町"}],"0012":[{"pref":"岐阜県","city":"各務原市","town":"蘇原宮代町"}],"0013":[{"pref":"岐阜県","city":"各務原市","town":"蘇原宮塚町"}],"0828":[{"pref":"岐阜県","city":"各務原市","town":"蘇原村雨町"}],"0802":[{"pref":"岐阜県","city":"各務原市","town":"蘇原持田町"}],"0846":[{"pref":"岐阜県","city":"各務原市","town":"蘇原吉野町"}],"0905":[{"pref":"岐阜県","city":"各務原市","town":"蘇原六軒町"}],"0811":[{"pref":"岐阜県","city":"各務原市","town":"蘇原和合町"}],"0962":[{"pref":"岐阜県","city":"各務原市","town":"那加吾妻町"}],"0036":[{"pref":"岐阜県","city":"各務原市","town":"那加荒田町"}],"0007":[{"pref":"岐阜県","city":"各務原市","town":"那加芦原町"}],"0044":[{"pref":"岐阜県","city":"各務原市","town":"那加石山町"}],"0047":[{"pref":"岐阜県","city":"各務原市","town":"那加岩地町"}],"0837":[{"pref":"岐阜県","city":"各務原市","town":"那加甥田町"}],"0009":[{"pref":"岐阜県","city":"各務原市","town":"那加扇平"}],"0033":[{"pref":"岐阜県","city":"各務原市","town":"那加大谷町"}],"0001":[{"pref":"岐阜県","city":"各務原市","town":"那加大洞"}],"0908":[{"pref":"岐阜県","city":"各務原市","town":"那加織田町"}],"0016":[{"pref":"岐阜県","city":"各務原市","town":"那加御屋敷町"}],"0031":[{"pref":"岐阜県","city":"各務原市","town":"那加兼橋町"}],"0943":[{"pref":"岐阜県","city":"各務原市","town":"那加萱場町"}],"0005":[{"pref":"岐阜県","city":"各務原市","town":"那加柄山町"}],"0963":[{"pref":"岐阜県","city":"各務原市","town":"那加北栄町"}],"0011":[{"pref":"岐阜県","city":"各務原市","town":"那加北洞町"}],"0008":[{"pref":"岐阜県","city":"各務原市","town":"那加桐野町"}],"0906":[{"pref":"岐阜県","city":"各務原市","town":"那加桐野外二ケ所大字入会地"}],"0916":[{"pref":"岐阜県","city":"各務原市","town":"那加楠町"}],"0037":[{"pref":"岐阜県","city":"各務原市","town":"那加五反田町"}],"0006":[{"pref":"岐阜県","city":"各務原市","town":"那加琴が丘町"}],"0024":[{"pref":"岐阜県","city":"各務原市","town":"那加幸町"}],"0954":[{"pref":"岐阜県","city":"各務原市","town":"那加栄町"}],"0912":[{"pref":"岐阜県","city":"各務原市","town":"那加桜町"}],"0834":[{"pref":"岐阜県","city":"各務原市","town":"那加昭南町"}],"0958":[{"pref":"岐阜県","city":"各務原市","town":"那加新加納町"}],"0045":[{"pref":"岐阜県","city":"各務原市","town":"那加新田町"}],"0961":[{"pref":"岐阜県","city":"各務原市","town":"那加新那加町"}],"0032":[{"pref":"岐阜県","city":"各務原市","town":"那加神田町"}],"0907":[{"pref":"岐阜県","city":"各務原市","town":"那加住吉町"}],"0023":[{"pref":"岐阜県","city":"各務原市","town":"那加太平町"}],"0913":[{"pref":"岐阜県","city":"各務原市","town":"那加大東町"}],"0038":[{"pref":"岐阜県","city":"各務原市","town":"那加大門町"}],"0043":[{"pref":"岐阜県","city":"各務原市","town":"那加手力町"}],"0022":[{"pref":"岐阜県","city":"各務原市","town":"那加東亜町"}],"0901":[{"pref":"岐阜県","city":"各務原市","town":"那加東新町"}],"0041":[{"pref":"岐阜県","city":"各務原市","town":"那加土山町"}],"0046":[{"pref":"岐阜県","city":"各務原市","town":"那加長塚町"}],"0018":[{"pref":"岐阜県","city":"各務原市","town":"那加西市場町"}],"0959":[{"pref":"岐阜県","city":"各務原市","town":"那加西浦町"}],"0952":[{"pref":"岐阜県","city":"各務原市","town":"那加西那加町"}],"0968":[{"pref":"岐阜県","city":"各務原市","town":"那加西野町"}],"0945":[{"pref":"岐阜県","city":"各務原市","town":"那加日新町"}],"0025":[{"pref":"岐阜県","city":"各務原市","town":"那加野畑町"}],"0909":[{"pref":"岐阜県","city":"各務原市","town":"那加信長町"}],"0839":[{"pref":"岐阜県","city":"各務原市","town":"那加巾下町"}],"0034":[{"pref":"岐阜県","city":"各務原市","town":"那加浜見町"}],"0953":[{"pref":"岐阜県","city":"各務原市","town":"那加東那加町"}],"0015":[{"pref":"岐阜県","city":"各務原市","town":"那加東野町"}],"0965":[{"pref":"岐阜県","city":"各務原市","town":"那加日之出町"}],"0836":[{"pref":"岐阜県","city":"各務原市","town":"那加雲雀町"}],"0951":[{"pref":"岐阜県","city":"各務原市","town":"那加日吉町"}],"0838":[{"pref":"岐阜県","city":"各務原市","town":"那加不動丘"}],"0966":[{"pref":"岐阜県","city":"各務原市","town":"那加本町"}],"0026":[{"pref":"岐阜県","city":"各務原市","town":"那加前野町"}],"0021":[{"pref":"岐阜県","city":"各務原市","town":"那加前洞新町"}],"0944":[{"pref":"岐阜県","city":"各務原市","town":"那加緑町"}],"0955":[{"pref":"岐阜県","city":"各務原市","town":"那加南栄町"}],"0035":[{"pref":"岐阜県","city":"各務原市","town":"那加宮浦町"}],"0964":[{"pref":"岐阜県","city":"各務原市","town":"那加元町"}],"0911":[{"pref":"岐阜県","city":"各務原市","town":"那加門前町"}],"0042":[{"pref":"岐阜県","city":"各務原市","town":"那加山後町"}],"0014":[{"pref":"岐阜県","city":"各務原市","town":"那加山崎町"}],"0017":[{"pref":"岐阜県","city":"各務原市","town":"那加山下町"}],"0835":[{"pref":"岐阜県","city":"各務原市","town":"那加雄飛ケ丘町"}],"0967":[{"pref":"岐阜県","city":"各務原市","town":"那加楽天地町"}],"0935":[{"pref":"岐阜県","city":"各務原市","town":"成清町"}],"0833":[{"pref":"岐阜県","city":"各務原市","town":"入会町"}],"0861":[{"pref":"岐阜県","city":"各務原市","town":"東山"}],"0922":[{"pref":"岐阜県","city":"各務原市","town":"前渡東町"}],"0923":[{"pref":"岐阜県","city":"各務原市","town":"前渡西町"}],"0921":[{"pref":"岐阜県","city":"各務原市","town":"前渡北町"}],"0925":[{"pref":"岐阜県","city":"各務原市","town":"松本町"}],"0956":[{"pref":"岐阜県","city":"各務原市","town":"三井北町"}],"0941":[{"pref":"岐阜県","city":"各務原市","town":"三井町"}],"0914":[{"pref":"岐阜県","city":"各務原市","town":"三井東町"}],"0915":[{"pref":"岐阜県","city":"各務原市","town":"三井山町"}],"0928":[{"pref":"岐阜県","city":"各務原市","town":"山脇町"}]}