{"8001":[{"pref":"京都府","city":"京都市伏見区","town":"桃山町日向"}],"8002":[{"pref":"京都府","city":"京都市伏見区","town":"桃山町山ノ下"}],"8003":[{"pref":"京都府","city":"京都市伏見区","town":"桃山町西尾"}],"8004":[{"pref":"京都府","city":"京都市伏見区","town":"桃山町町並"}],"8005":[{"pref":"京都府","city":"京都市伏見区","town":"桃山町中島町"}],"8006":[{"pref":"京都府","city":"京都市伏見区","town":"桃山町大島"}],"8007":[{"pref":"京都府","city":"京都市伏見区","town":"桃山町因幡"}],"8008":[{"pref":"京都府","city":"京都市伏見区","town":"桃山町東町"}],"8009":[{"pref":"京都府","city":"京都市伏見区","town":"桃山町見附町"}],"8011":[{"pref":"京都府","city":"京都市伏見区","town":"桃山町伊庭"}],"8012":[{"pref":"京都府","city":"京都市伏見区","town":"桃山町遠山"}],"8013":[{"pref":"京都府","city":"京都市伏見区","town":"桃山町西町"}],"8014":[{"pref":"京都府","city":"京都市伏見区","town":"桃山町大津町"}],"8015":[{"pref":"京都府","city":"京都市伏見区","town":"桃山町和泉"}],"8016":[{"pref":"京都府","city":"京都市伏見区","town":"桃山町養斉"}],"8017":[{"pref":"京都府","city":"京都市伏見区","town":"桃山南大島町"}],"8018":[{"pref":"京都府","city":"京都市伏見区","town":"桃山町丹後"}],"8019":[{"pref":"京都府","city":"京都市伏見区","town":"桃山町新町"}],"8021":[{"pref":"京都府","city":"京都市伏見区","town":"桃山町下野"}],"8022":[{"pref":"京都府","city":"京都市伏見区","town":"桃山町駿河"}],"8023":[{"pref":"京都府","city":"京都市伏見区","town":"桃山町美濃"}],"8024":[{"pref":"京都府","city":"京都市伏見区","town":"桃山町根来"}],"8025":[{"pref":"京都府","city":"京都市伏見区","town":"桃山与五郎町"}],"8026":[{"pref":"京都府","city":"京都市伏見区","town":"桃山町伊賀"}],"8027":[{"pref":"京都府","city":"京都市伏見区","town":"桃山町本多上野"}],"8028":[{"pref":"京都府","city":"京都市伏見区","town":"桃山町板倉周防"}],"8029":[{"pref":"京都府","city":"京都市伏見区","town":"桃山町三河"}],"8031":[{"pref":"京都府","city":"京都市伏見区","town":"桃山町松平筑前"}],"8032":[{"pref":"京都府","city":"京都市伏見区","town":"桃山筑前台町"}],"8033":[{"pref":"京都府","city":"京都市伏見区","town":"桃山町松平武蔵"}],"8034":[{"pref":"京都府","city":"京都市伏見区","town":"桃山町泰長老"}],"8035":[{"pref":"京都府","city":"京都市伏見区","town":"常盤町"}],"8036":[{"pref":"京都府","city":"京都市伏見区","town":"桃山町立売"}],"8037":[{"pref":"京都府","city":"京都市伏見区","town":"桃山町鍋島"}],"8038":[{"pref":"京都府","city":"京都市伏見区","town":"鍋島町"}],"8039":[{"pref":"京都府","city":"京都市伏見区","town":"御香宮門前町"}],"8041":[{"pref":"京都府","city":"京都市伏見区","town":"魚屋町"}],"8042":[{"pref":"京都府","city":"京都市伏見区","town":"柿木浜町"}],"8043":[{"pref":"京都府","city":"京都市伏見区","town":"本材木町"}],"8044":[{"pref":"京都府","city":"京都市伏見区","town":"丹後町"}],"8045":[{"pref":"京都府","city":"京都市伏見区","town":"南浜町"}],"8046":[{"pref":"京都府","city":"京都市伏見区","town":"塩屋町"}],"8047":[{"pref":"京都府","city":"京都市伏見区","town":"上油掛町"}],"8048":[{"pref":"京都府","city":"京都市伏見区","town":"大阪町"}],"8051":[{"pref":"京都府","city":"京都市伏見区","town":"今町"}],"8052":[{"pref":"京都府","city":"京都市伏見区","town":"瀬戸物町"}],"8053":[{"pref":"京都府","city":"京都市伏見区","town":"東大手町"}],"8054":[{"pref":"京都府","city":"京都市伏見区","town":"御堂前町"}],"8055":[{"pref":"京都府","city":"京都市伏見区","town":"伯耆町"}],"8056":[{"pref":"京都府","city":"京都市伏見区","town":"中油掛町"}],"8057":[{"pref":"京都府","city":"京都市伏見区","town":"平野町"}],"8058":[{"pref":"京都府","city":"京都市伏見区","town":"風呂屋町"}],"8059":[{"pref":"京都府","city":"京都市伏見区","town":"南部町"}],"8061":[{"pref":"京都府","city":"京都市伏見区","town":"竹中町"}],"8062":[{"pref":"京都府","city":"京都市伏見区","town":"鷹匠町"}],"8063":[{"pref":"京都府","city":"京都市伏見区","town":"東組町"}],"8064":[{"pref":"京都府","city":"京都市伏見区","town":"紺屋町"}],"8065":[{"pref":"京都府","city":"京都市伏見区","town":"御駕籠町"}],"8066":[{"pref":"京都府","city":"京都市伏見区","town":"東堺町"}],"8067":[{"pref":"京都府","city":"京都市伏見区","town":"城通町"}],"8071":[{"pref":"京都府","city":"京都市伏見区","town":"鍛冶屋町"}],"8072":[{"pref":"京都府","city":"京都市伏見区","town":"丹波橋町"}],"8073":[{"pref":"京都府","city":"京都市伏見区","town":"下板橋町"}],"8074":[{"pref":"京都府","city":"京都市伏見区","town":"指物町"}],"8075":[{"pref":"京都府","city":"京都市伏見区","town":"桝形町"}],"8076":[{"pref":"京都府","city":"京都市伏見区","town":"南尼崎町"}],"8077":[{"pref":"京都府","city":"京都市伏見区","town":"北尼崎町"}],"8078":[{"pref":"京都府","city":"京都市伏見区","town":"大宮町"}],"8081":[{"pref":"京都府","city":"京都市伏見区","town":"新町"}],"8082":[{"pref":"京都府","city":"京都市伏見区","town":"両替町"}],"8083":[{"pref":"京都府","city":"京都市伏見区","town":"京町"}],"8084":[{"pref":"京都府","city":"京都市伏見区","town":"京町８丁目横町"}],"8085":[{"pref":"京都府","city":"京都市伏見区","town":"京町南"}],"8086":[{"pref":"京都府","city":"京都市伏見区","town":"京町北"}],"8087":[{"pref":"京都府","city":"京都市伏見区","town":"京町大黒町"}],"8088":[{"pref":"京都府","city":"京都市伏見区","town":"桃山町金森出雲"}],"8089":[{"pref":"京都府","city":"京都市伏見区","town":"銀座町"}],"8101":[{"pref":"京都府","city":"京都市伏見区","town":"観音寺町"}],"8102":[{"pref":"京都府","city":"京都市伏見区","town":"道阿弥町"}],"8103":[{"pref":"京都府","city":"京都市伏見区","town":"片桐町"}],"8104":[{"pref":"京都府","city":"京都市伏見区","town":"西奉行町"}],"8105":[{"pref":"京都府","city":"京都市伏見区","town":"東奉行町"}],"8106":[{"pref":"京都府","city":"京都市伏見区","town":"豊後橋町"}],"8107":[{"pref":"京都府","city":"京都市伏見区","town":"桃陵町"}],"8108":[{"pref":"京都府","city":"京都市伏見区","town":"奉行前町"}],"8109":[{"pref":"京都府","city":"京都市伏見区","town":"讃岐町"}],"8111":[{"pref":"京都府","city":"京都市伏見区","town":"向島橋詰町"}],"8112":[{"pref":"京都府","city":"京都市伏見区","town":"向島本丸町"}],"8113":[{"pref":"京都府","city":"京都市伏見区","town":"向島中島町"}],"8114":[{"pref":"京都府","city":"京都市伏見区","town":"向島下之町"}],"8115":[{"pref":"京都府","city":"京都市伏見区","town":"向島中之町"}],"8116":[{"pref":"京都府","city":"京都市伏見区","town":"向島西堤町"}],"8121":[{"pref":"京都府","city":"京都市伏見区","town":"向島善阿弥町"}],"8122":[{"pref":"京都府","city":"京都市伏見区","town":"向島庚申町"}],"8123":[{"pref":"京都府","city":"京都市伏見区","town":"向島立河原町"}],"8124":[{"pref":"京都府","city":"京都市伏見区","town":"向島吹田河原町"}],"8125":[{"pref":"京都府","city":"京都市伏見区","town":"向島東泉寺町"}],"8131":[{"pref":"京都府","city":"京都市伏見区","town":"向島丸町"}],"8132":[{"pref":"京都府","city":"京都市伏見区","town":"向島藤ノ木町"}],"8133":[{"pref":"京都府","city":"京都市伏見区","town":"向島鷹場町"}],"8134":[{"pref":"京都府","city":"京都市伏見区","town":"向島清水町"}],"8135":[{"pref":"京都府","city":"京都市伏見区","town":"向島渡シ場町"}],"8136":[{"pref":"京都府","city":"京都市伏見区","town":"向島四ツ谷池"}],"8141":[{"pref":"京都府","city":"京都市伏見区","town":"向島二ノ丸町"}],"8151":[{"pref":"京都府","city":"京都市伏見区","town":"向島上林町"}],"8152":[{"pref":"京都府","city":"京都市伏見区","town":"向島新上林"}],"8153":[{"pref":"京都府","city":"京都市伏見区","town":"向島二本柳"}],"8154":[{"pref":"京都府","city":"京都市伏見区","town":"向島津田町"}],"8155":[{"pref":"京都府","city":"京都市伏見区","town":"向島東定請"}],"8156":[{"pref":"京都府","city":"京都市伏見区","town":"向島西定請"}],"8157":[{"pref":"京都府","city":"京都市伏見区","town":"向島大黒"}],"8158":[{"pref":"京都府","city":"京都市伏見区","town":"向島上五反田"}],"8201":[{"pref":"京都府","city":"京都市伏見区","town":"恵美酒町"}],"8202":[{"pref":"京都府","city":"京都市伏見区","town":"過書町"}],"8203":[{"pref":"京都府","city":"京都市伏見区","town":"阿波橋町"}],"8204":[{"pref":"京都府","city":"京都市伏見区","town":"八幡町"}],"8205":[{"pref":"京都府","city":"京都市伏見区","town":"横大路三栖大黒町"}],"8206":[{"pref":"京都府","city":"京都市伏見区","town":"下鳥羽六反長町"}],"8207":[{"pref":"京都府","city":"京都市伏見区","town":"横大路三栖山城屋敷町"}],"8208":[{"pref":"京都府","city":"京都市伏見区","town":"下鳥羽但馬町"}],"8209":[{"pref":"京都府","city":"京都市伏見区","town":"下鳥羽南六反長町"}],"8211":[{"pref":"京都府","city":"京都市伏見区","town":"東柳町"}],"8212":[{"pref":"京都府","city":"京都市伏見区","town":"西柳町"}],"8213":[{"pref":"京都府","city":"京都市伏見区","town":"東浜南町"}],"8214":[{"pref":"京都府","city":"京都市伏見区","town":"西浜町"}],"8215":[{"pref":"京都府","city":"京都市伏見区","town":"新中町"}],"8216":[{"pref":"京都府","city":"京都市伏見区","town":"下中町"}],"8217":[{"pref":"京都府","city":"京都市伏見区","town":"上中町"}],"8218":[{"pref":"京都府","city":"京都市伏見区","town":"北浜町"}],"8219":[{"pref":"京都府","city":"京都市伏見区","town":"表町"}],"8221":[{"pref":"京都府","city":"京都市伏見区","town":"弾正町"}],"8222":[{"pref":"京都府","city":"京都市伏見区","town":"平戸町"}],"8223":[{"pref":"京都府","city":"京都市伏見区","town":"桃山町弾正島"}],"8224":[{"pref":"京都府","city":"京都市伏見区","town":"葭島矢倉町"}],"8225":[{"pref":"京都府","city":"京都市伏見区","town":"葭島金井戸町"}],"8226":[{"pref":"京都府","city":"京都市伏見区","town":"桃山町金井戸島"}],"8227":[{"pref":"京都府","city":"京都市伏見区","town":"三栖向町"}],"8228":[{"pref":"京都府","city":"京都市伏見区","town":"南新地"}],"8231":[{"pref":"京都府","city":"京都市伏見区","town":"杉本町"}],"8232":[{"pref":"京都府","city":"京都市伏見区","town":"三栖半町"}],"8233":[{"pref":"京都府","city":"京都市伏見区","town":"三栖町"}],"8234":[{"pref":"京都府","city":"京都市伏見区","town":"横大路三栖木下屋敷町"}],"8235":[{"pref":"京都府","city":"京都市伏見区","town":"横大路下三栖東ノ口"}],"8236":[{"pref":"京都府","city":"京都市伏見区","town":"横大路下三栖里ノ内"}],"8237":[{"pref":"京都府","city":"京都市伏見区","town":"横大路三栖池田屋敷町"}],"8238":[{"pref":"京都府","city":"京都市伏見区","town":"横大路下三栖山殿"}],"8239":[{"pref":"京都府","city":"京都市伏見区","town":"横大路三栖泥町跡町"}],"8241":[{"pref":"京都府","city":"京都市伏見区","town":"横大路下三栖辻堂町"}],"8242":[{"pref":"京都府","city":"京都市伏見区","town":"横大路下三栖梶原町"}],"8243":[{"pref":"京都府","city":"京都市伏見区","town":"横大路下三栖城ノ前町"}],"8244":[{"pref":"京都府","city":"京都市伏見区","town":"横大路千両松町"}],"8245":[{"pref":"京都府","city":"京都市伏見区","town":"横大路下三栖宮ノ後"}],"8246":[{"pref":"京都府","city":"京都市伏見区","town":"横大路芝生"}],"8247":[{"pref":"京都府","city":"京都市伏見区","town":"横大路下三栖南郷"}],"8248":[{"pref":"京都府","city":"京都市伏見区","town":"下鳥羽上三栖町"}],"8249":[{"pref":"京都府","city":"京都市伏見区","town":"横大路沼"}],"8251":[{"pref":"京都府","city":"京都市伏見区","town":"横大路菅本"}],"8252":[{"pref":"京都府","city":"京都市伏見区","town":"横大路一本木"}],"8253":[{"pref":"京都府","city":"京都市伏見区","town":"横大路八反田"}],"8254":[{"pref":"京都府","city":"京都市伏見区","town":"横大路北ノ口町"}],"8255":[{"pref":"京都府","city":"京都市伏見区","town":"横大路六反畑"}],"8256":[{"pref":"京都府","city":"京都市伏見区","town":"横大路前川町"}],"8257":[{"pref":"京都府","city":"京都市伏見区","town":"横大路富ノ森町"}],"8261":[{"pref":"京都府","city":"京都市伏見区","town":"横大路西海道"}],"8262":[{"pref":"京都府","city":"京都市伏見区","town":"横大路神宮寺"}],"8263":[{"pref":"京都府","city":"京都市伏見区","town":"横大路下ノ坪"}],"8264":[{"pref":"京都府","city":"京都市伏見区","town":"横大路松林"}],"8265":[{"pref":"京都府","city":"京都市伏見区","town":"葭島渡場島町"}],"8266":[{"pref":"京都府","city":"京都市伏見区","town":"向島又兵衛"}],"8267":[{"pref":"京都府","city":"京都市伏見区","town":"納所下野"}],"8268":[{"pref":"京都府","city":"京都市伏見区","town":"納所大野"}],"8271":[{"pref":"京都府","city":"京都市伏見区","town":"納所岸ノ下"}],"8272":[{"pref":"京都府","city":"京都市伏見区","town":"納所中河原"}],"8273":[{"pref":"京都府","city":"京都市伏見区","town":"納所和泉屋"}],"8274":[{"pref":"京都府","city":"京都市伏見区","town":"納所星柳"}],"8275":[{"pref":"京都府","city":"京都市伏見区","town":"納所町"}],"8276":[{"pref":"京都府","city":"京都市伏見区","town":"納所薬師堂"}],"8277":[{"pref":"京都府","city":"京都市伏見区","town":"納所妙徳寺"}],"8278":[{"pref":"京都府","city":"京都市伏見区","town":"納所南城堀"}],"8279":[{"pref":"京都府","city":"京都市伏見区","town":"納所北城堀"}],"8281":[{"pref":"京都府","city":"京都市伏見区","town":"横大路上ノ浜町"}],"8282":[{"pref":"京都府","city":"京都市伏見区","town":"横大路畑中町"}],"8283":[{"pref":"京都府","city":"京都市伏見区","town":"横大路向ヒ"}],"8284":[{"pref":"京都府","city":"京都市伏見区","town":"横大路畔ノ内"}],"8285":[{"pref":"京都府","city":"京都市伏見区","town":"横大路龍ケ池"}],"8286":[{"pref":"京都府","city":"京都市伏見区","town":"横大路長畑町"}],"8287":[{"pref":"京都府","city":"京都市伏見区","town":"横大路中ノ島町"}],"8291":[{"pref":"京都府","city":"京都市伏見区","town":"横大路天王後"}],"8292":[{"pref":"京都府","city":"京都市伏見区","town":"横大路朱雀"}],"8293":[{"pref":"京都府","city":"京都市伏見区","town":"横大路橋本"}],"8294":[{"pref":"京都府","city":"京都市伏見区","town":"横大路天王前"}],"8295":[{"pref":"京都府","city":"京都市伏見区","town":"横大路鍬ノ本"}],"8296":[{"pref":"京都府","city":"京都市伏見区","town":"横大路柿ノ本町"}],"8297":[{"pref":"京都府","city":"京都市伏見区","town":"横大路貴船"}],"8301":[{"pref":"京都府","city":"京都市伏見区","town":"加賀屋町"}],"8302":[{"pref":"京都府","city":"京都市伏見区","town":"雁金町"}],"8303":[{"pref":"京都府","city":"京都市伏見区","town":"菱屋町"}],"8304":[{"pref":"京都府","city":"京都市伏見区","town":"榎町"}],"8305":[{"pref":"京都府","city":"京都市伏見区","town":"上神泉苑町"}],"8306":[{"pref":"京都府","city":"京都市伏見区","town":"下神泉苑町"}],"8307":[{"pref":"京都府","city":"京都市伏見区","town":"景勝町"}],"8308":[{"pref":"京都府","city":"京都市伏見区","town":"鳥羽町"}],"8311":[{"pref":"京都府","city":"京都市伏見区","town":"奈良屋町"}],"8312":[{"pref":"京都府","city":"京都市伏見区","town":"津知橋町"}],"8313":[{"pref":"京都府","city":"京都市伏見区","town":"西鍵屋町"}],"8314":[{"pref":"京都府","city":"京都市伏見区","town":"住吉町"}],"8315":[{"pref":"京都府","city":"京都市伏見区","town":"中之町"}],"8316":[{"pref":"京都府","city":"京都市伏見区","town":"上板橋町"}],"8317":[{"pref":"京都府","city":"京都市伏見区","town":"堀詰町"}],"8318":[{"pref":"京都府","city":"京都市伏見区","town":"紙子屋町"}],"8319":[{"pref":"京都府","city":"京都市伏見区","town":"石屋町"}],"8321":[{"pref":"京都府","city":"京都市伏見区","town":"越前町"}],"8322":[{"pref":"京都府","city":"京都市伏見区","town":"桝屋町"}],"8323":[{"pref":"京都府","city":"京都市伏見区","town":"大和町"}],"8324":[{"pref":"京都府","city":"京都市伏見区","town":"小豆屋町"}],"8325":[{"pref":"京都府","city":"京都市伏見区","town":"清水町"}],"8326":[{"pref":"京都府","city":"京都市伏見区","town":"東朱雀町"}],"8327":[{"pref":"京都府","city":"京都市伏見区","town":"西朱雀町"}],"8328":[{"pref":"京都府","city":"京都市伏見区","town":"等安町"}],"8329":[{"pref":"京都府","city":"京都市伏見区","town":"黒茶屋町"}],"8331":[{"pref":"京都府","city":"京都市伏見区","town":"菊屋町"}],"8332":[{"pref":"京都府","city":"京都市伏見区","town":"樽屋町"}],"8333":[{"pref":"京都府","city":"京都市伏見区","town":"白銀町"}],"8334":[{"pref":"京都府","city":"京都市伏見区","town":"東大文字町"}],"8335":[{"pref":"京都府","city":"京都市伏見区","town":"海老屋町"}],"8336":[{"pref":"京都府","city":"京都市伏見区","town":"東大黒町"}],"8337":[{"pref":"京都府","city":"京都市伏見区","town":"西大黒町"}],"8338":[{"pref":"京都府","city":"京都市伏見区","town":"舞台町"}],"8341":[{"pref":"京都府","city":"京都市伏見区","town":"聚楽町（丁目）"}],"8342":[{"pref":"京都府","city":"京都市伏見区","town":"久米町"}],"8343":[{"pref":"京都府","city":"京都市伏見区","town":"聚楽町（番地）"}],"8344":[{"pref":"京都府","city":"京都市伏見区","town":"大津町"}],"8345":[{"pref":"京都府","city":"京都市伏見区","town":"西堺町"}],"8346":[{"pref":"京都府","city":"京都市伏見区","town":"松屋町"}],"8347":[{"pref":"京都府","city":"京都市伏見区","town":"成町"}],"8351":[{"pref":"京都府","city":"京都市伏見区","town":"土橋町"}],"8352":[{"pref":"京都府","city":"京都市伏見区","town":"肥後町"}],"8353":[{"pref":"京都府","city":"京都市伏見区","town":"東町"}],"8354":[{"pref":"京都府","city":"京都市伏見区","town":"西町"}],"8355":[{"pref":"京都府","city":"京都市伏見区","town":"東菱屋町"}],"8356":[{"pref":"京都府","city":"京都市伏見区","town":"革屋町"}],"8357":[{"pref":"京都府","city":"京都市伏見区","town":"帯屋町"}],"8358":[{"pref":"京都府","city":"京都市伏見区","town":"西尼崎町"}],"8359":[{"pref":"京都府","city":"京都市伏見区","town":"問屋町"}],"8361":[{"pref":"京都府","city":"京都市伏見区","town":"片原町"}],"8362":[{"pref":"京都府","city":"京都市伏見区","town":"西大手町"}],"8363":[{"pref":"京都府","city":"京都市伏見区","town":"納屋町"}],"8364":[{"pref":"京都府","city":"京都市伏見区","town":"下油掛町"}],"8365":[{"pref":"京都府","city":"京都市伏見区","town":"車町"}],"8366":[{"pref":"京都府","city":"京都市伏見区","town":"京橋町"}],"8367":[{"pref":"京都府","city":"京都市伏見区","town":"山崎町"}],"8368":[{"pref":"京都府","city":"京都市伏見区","town":"周防町"}],"8369":[{"pref":"京都府","city":"京都市伏見区","town":"村上町"}],"8371":[{"pref":"京都府","city":"京都市伏見区","town":"竹田松林町"}],"8372":[{"pref":"京都府","city":"京都市伏見区","town":"北端町"}],"8373":[{"pref":"京都府","city":"京都市伏見区","town":"毛利町"}],"8374":[{"pref":"京都府","city":"京都市伏見区","town":"治部町"}],"8375":[{"pref":"京都府","city":"京都市伏見区","town":"川東町"}],"8376":[{"pref":"京都府","city":"京都市伏見区","town":"西大文字町"}],"8377":[{"pref":"京都府","city":"京都市伏見区","town":"島津町"}],"8379":[{"pref":"京都府","city":"京都市伏見区","town":"南寝小屋町"}],"8381":[{"pref":"京都府","city":"京都市伏見区","town":"下鳥羽葭田町"}],"8384":[{"pref":"京都府","city":"京都市伏見区","town":"下鳥羽浄春ケ前町"}],"8385":[{"pref":"京都府","city":"京都市伏見区","town":"下鳥羽小柳町"}],"8386":[{"pref":"京都府","city":"京都市伏見区","town":"下鳥羽澱女町"}],"8387":[{"pref":"京都府","city":"京都市伏見区","town":"下鳥羽平塚町"}],"8388":[{"pref":"京都府","city":"京都市伏見区","town":"北寝小屋町"}],"8391":[{"pref":"京都府","city":"京都市伏見区","town":"下鳥羽芹川町"}],"8392":[{"pref":"京都府","city":"京都市伏見区","town":"下鳥羽北ノ口町"}],"8393":[{"pref":"京都府","city":"京都市伏見区","town":"下鳥羽渡瀬町"}],"8394":[{"pref":"京都府","city":"京都市伏見区","town":"下鳥羽西芹川町"}],"8395":[{"pref":"京都府","city":"京都市伏見区","town":"下鳥羽東芹川町"}],"8401":[{"pref":"京都府","city":"京都市伏見区","town":"深草下川原町"}],"8402":[{"pref":"京都府","city":"京都市伏見区","town":"深草川久保町"}],"8403":[{"pref":"京都府","city":"京都市伏見区","town":"深草ヲカヤ町"}],"8404":[{"pref":"京都府","city":"京都市伏見区","town":"深草向川原町"}],"8405":[{"pref":"京都府","city":"京都市伏見区","town":"深草勧進橋町"}],"8411":[{"pref":"京都府","city":"京都市伏見区","town":"竹田久保町"}],"8412":[{"pref":"京都府","city":"京都市伏見区","town":"竹田中川原町"}],"8413":[{"pref":"京都府","city":"京都市伏見区","town":"竹田三ツ杭町"}],"8414":[{"pref":"京都府","city":"京都市伏見区","town":"竹田段川原町"}],"8415":[{"pref":"京都府","city":"京都市伏見区","town":"竹田中島町"}],"8416":[{"pref":"京都府","city":"京都市伏見区","town":"竹田流池町"}],"8417":[{"pref":"京都府","city":"京都市伏見区","town":"竹田向代町川町"}],"8418":[{"pref":"京都府","city":"京都市伏見区","town":"竹田向代町"}],"8419":[{"pref":"京都府","city":"京都市伏見区","town":"竹田北三ツ杭町"}],"8421":[{"pref":"京都府","city":"京都市伏見区","town":"竹田桶ノ井町"}],"8422":[{"pref":"京都府","city":"京都市伏見区","town":"竹田七瀬川町"}],"8423":[{"pref":"京都府","city":"京都市伏見区","town":"竹田内畑町"}],"8425":[{"pref":"京都府","city":"京都市伏見区","town":"竹田田中殿町"}],"8426":[{"pref":"京都府","city":"京都市伏見区","town":"竹田青池町"}],"8427":[{"pref":"京都府","city":"京都市伏見区","town":"竹田真幡木町"}],"8428":[{"pref":"京都府","city":"京都市伏見区","town":"竹田西桶ノ井町"}],"8429":[{"pref":"京都府","city":"京都市伏見区","town":"竹田西段川原町"}],"8431":[{"pref":"京都府","city":"京都市伏見区","town":"深草越後屋敷町"}],"8432":[{"pref":"京都府","city":"京都市伏見区","town":"深草柴田屋敷町"}],"8433":[{"pref":"京都府","city":"京都市伏見区","town":"深草善導寺町"}],"8434":[{"pref":"京都府","city":"京都市伏見区","town":"深草加賀屋敷町"}],"8435":[{"pref":"京都府","city":"京都市伏見区","town":"深草泓ノ壺町"}],"8436":[{"pref":"京都府","city":"京都市伏見区","town":"深草新門丈町"}],"8437":[{"pref":"京都府","city":"京都市伏見区","town":"深草小久保町"}],"8438":[{"pref":"京都府","city":"京都市伏見区","town":"深草フチ町"}],"8439":[{"pref":"京都府","city":"京都市伏見区","town":"深草五反田町"}],"8441":[{"pref":"京都府","city":"京都市伏見区","town":"竹田醍醐田町"}],"8442":[{"pref":"京都府","city":"京都市伏見区","town":"竹田狩賀町"}],"8443":[{"pref":"京都府","city":"京都市伏見区","town":"竹田藁屋町"}],"8444":[{"pref":"京都府","city":"京都市伏見区","town":"竹田田中宮町"}],"8445":[{"pref":"京都府","city":"京都市伏見区","town":"竹田浄菩提院町"}],"8446":[{"pref":"京都府","city":"京都市伏見区","town":"竹田中内畑町"}],"8447":[{"pref":"京都府","city":"京都市伏見区","town":"竹田西内畑町"}],"8448":[{"pref":"京都府","city":"京都市伏見区","town":"竹田東小屋ノ内町"}],"8449":[{"pref":"京都府","city":"京都市伏見区","town":"竹田西小屋ノ内町"}],"8450":[{"pref":"京都府","city":"京都市伏見区","town":"竹田鳥羽殿町"}],"8451":[{"pref":"京都府","city":"京都市伏見区","town":"中島北ノ口町"}],"8452":[{"pref":"京都府","city":"京都市伏見区","town":"中島堀端町"}],"8454":[{"pref":"京都府","city":"京都市伏見区","town":"竹田泓ノ川町"}],"8455":[{"pref":"京都府","city":"京都市伏見区","town":"中島外山町"}],"8456":[{"pref":"京都府","city":"京都市伏見区","town":"中島中道町"}],"8457":[{"pref":"京都府","city":"京都市伏見区","town":"中島宮ノ前町"}],"8459":[{"pref":"京都府","city":"京都市伏見区","town":"中島鳥羽離宮町"}],"8461":[{"pref":"京都府","city":"京都市伏見区","town":"中島流作町"}],"8462":[{"pref":"京都府","city":"京都市伏見区","town":"中島秋ノ山町"}],"8463":[{"pref":"京都府","city":"京都市伏見区","town":"中島御所ノ内町"}],"8464":[{"pref":"京都府","city":"京都市伏見区","town":"中島前山町"}],"8465":[{"pref":"京都府","city":"京都市伏見区","town":"中島樋ノ上町"}],"8466":[{"pref":"京都府","city":"京都市伏見区","town":"下鳥羽城ノ越町"}],"8467":[{"pref":"京都府","city":"京都市伏見区","town":"下鳥羽前田町"}],"8468":[{"pref":"京都府","city":"京都市伏見区","town":"下鳥羽上向島町"}],"8469":[{"pref":"京都府","city":"京都市伏見区","town":"中島河原田町"}],"8471":[{"pref":"京都府","city":"京都市伏見区","town":"下鳥羽長田町"}],"8473":[{"pref":"京都府","city":"京都市伏見区","town":"下鳥羽広長町"}],"8476":[{"pref":"京都府","city":"京都市伏見区","town":"下鳥羽北三町"}],"8477":[{"pref":"京都府","city":"京都市伏見区","town":"下鳥羽中三町"}],"8478":[{"pref":"京都府","city":"京都市伏見区","town":"下鳥羽南三町"}],"8481":[{"pref":"京都府","city":"京都市伏見区","town":"横大路東裏町"}],"8482":[{"pref":"京都府","city":"京都市伏見区","town":"横大路中ノ庄町"}],"8483":[{"pref":"京都府","city":"京都市伏見区","town":"横大路草津町"}],"8484":[{"pref":"京都府","city":"京都市伏見区","town":"羽束師鴨川町"}],"8485":[{"pref":"京都府","city":"京都市伏見区","town":"羽束師志水町"}],"8486":[{"pref":"京都府","city":"京都市伏見区","town":"羽束師古川町"}],"8487":[{"pref":"京都府","city":"京都市伏見区","town":"羽束師菱川町"}],"8488":[{"pref":"京都府","city":"京都市伏見区","town":"下鳥羽東柳長町"}],"8489":[{"pref":"京都府","city":"京都市伏見区","town":"下鳥羽西柳長町"}],"8490":[{"pref":"京都府","city":"京都市伏見区","town":"下鳥羽南柳長町"}],"8491":[{"pref":"京都府","city":"京都市伏見区","town":"久我石原町"}],"8492":[{"pref":"京都府","city":"京都市伏見区","town":"久我本町"}],"8493":[{"pref":"京都府","city":"京都市伏見区","town":"久我御旅町"}],"8494":[{"pref":"京都府","city":"京都市伏見区","town":"久我東町"}],"8495":[{"pref":"京都府","city":"京都市伏見区","town":"久我森の宮町"}],"8496":[{"pref":"京都府","city":"京都市伏見区","town":"久我西出町"}],"8497":[{"pref":"京都府","city":"京都市伏見区","town":"下鳥羽北円面田町"}],"8498":[{"pref":"京都府","city":"京都市伏見区","town":"下鳥羽中円面田町"}],"8499":[{"pref":"京都府","city":"京都市伏見区","town":"下鳥羽南円面田町"}],"0000":[{"pref":"京都府","city":"京都市伏見区","town":"以下に掲載がない場合"}],"0804":[{"pref":"京都府","city":"京都市伏見区","town":"稲荷山官有地"}],"0085":[{"pref":"京都府","city":"京都市伏見区","town":"撞木町"}],"0051":[{"pref":"京都府","city":"京都市伏見区","town":"墨染町"}],"0083":[{"pref":"京都府","city":"京都市伏見区","town":"西桝屋町"}],"0004":[{"pref":"京都府","city":"京都市伏見区","town":"深草相深町"}],"0825":[{"pref":"京都府","city":"京都市伏見区","town":"深草鐙ケ谷町"}],"0031":[{"pref":"京都府","city":"京都市伏見区","town":"深草池ノ内町"}],"0028":[{"pref":"京都府","city":"京都市伏見区","town":"深草飯食町"}],"0815":[{"pref":"京都府","city":"京都市伏見区","town":"深草飯食山町"}],"0045":[{"pref":"京都府","city":"京都市伏見区","town":"深草石橋町"}],"0012":[{"pref":"京都府","city":"京都市伏見区","town":"深草一ノ坪町"}],"0808":[{"pref":"京都府","city":"京都市伏見区","town":"深草稲荷榎木橋町"}],"0881":[{"pref":"京都府","city":"京都市伏見区","town":"深草稲荷御前町"}],"0014":[{"pref":"京都府","city":"京都市伏見区","town":"深草稲荷鳥居前町"}],"0807":[{"pref":"京都府","city":"京都市伏見区","town":"深草稲荷中之町"}],"0837":[{"pref":"京都府","city":"京都市伏見区","town":"深草稲荷山町"}],"0017":[{"pref":"京都府","city":"京都市伏見区","town":"深草今在家町"}],"0816":[{"pref":"京都府","city":"京都市伏見区","town":"深草馬谷町"}],"0081":[{"pref":"京都府","city":"京都市伏見区","town":"深草大島屋敷町"}],"0805":[{"pref":"京都府","city":"京都市伏見区","town":"深草開土口町"}],"0806":[{"pref":"京都府","city":"京都市伏見区","town":"深草開土町"}],"0826":[{"pref":"京都府","city":"京都市伏見区","town":"深草兜山町"}],"0006":[{"pref":"京都府","city":"京都市伏見区","town":"深草上横縄町"}],"0875":[{"pref":"京都府","city":"京都市伏見区","town":"深草枯木町"}],"0873":[{"pref":"京都府","city":"京都市伏見区","town":"深草瓦町"}],"0809":[{"pref":"京都府","city":"京都市伏見区","town":"深草願成町"}],"0041":[{"pref":"京都府","city":"京都市伏見区","town":"深草北鍵屋町"}],"0044":[{"pref":"京都府","city":"京都市伏見区","town":"深草北新町"}],"0035":[{"pref":"京都府","city":"京都市伏見区","town":"深草北蓮池町"}],"0025":[{"pref":"京都府","city":"京都市伏見区","town":"深草キトロ町"}],"0824":[{"pref":"京都府","city":"京都市伏見区","town":"深草霧ケ谷町"}],"0822":[{"pref":"京都府","city":"京都市伏見区","town":"深草鞍ケ谷"}],"0803":[{"pref":"京都府","city":"京都市伏見区","town":"深草車阪町"}],"0016":[{"pref":"京都府","city":"京都市伏見区","town":"深草ケナサ町"}],"0886":[{"pref":"京都府","city":"京都市伏見区","town":"深草極楽寺町"}],"0813":[{"pref":"京都府","city":"京都市伏見区","town":"深草極楽寺山町"}],"0027":[{"pref":"京都府","city":"京都市伏見区","town":"深草極楽町"}],"0087":[{"pref":"京都府","city":"京都市伏見区","town":"深草紺屋町"}],"0811":[{"pref":"京都府","city":"京都市伏見区","town":"深草笹山町"}],"0089":[{"pref":"京都府","city":"京都市伏見区","town":"深草佐野屋敷町"}],"0001":[{"pref":"京都府","city":"京都市伏見区","town":"深草下高松町"}],"0007":[{"pref":"京都府","city":"京都市伏見区","town":"深草下横縄町"}],"0866":[{"pref":"京都府","city":"京都市伏見区","town":"深草十九軒町"}],"0801":[{"pref":"京都府","city":"京都市伏見区","town":"深草正覚町"}],"0872":[{"pref":"京都府","city":"京都市伏見区","town":"深草真宗院山町"}],"0838":[{"pref":"京都府","city":"京都市伏見区","town":"深草神明講谷町"}],"0011":[{"pref":"京都府","city":"京都市伏見区","town":"深草鈴塚町"}],"0015":[{"pref":"京都府","city":"京都市伏見区","town":"深草ススハキ町"}],"0828":[{"pref":"京都府","city":"京都市伏見区","town":"深草砂子谷町"}],"0052":[{"pref":"京都府","city":"京都市伏見区","town":"深草墨染町"}],"0883":[{"pref":"京都府","city":"京都市伏見区","town":"深草石峰寺山町"}],"0037":[{"pref":"京都府","city":"京都市伏見区","town":"深草関屋敷町"}],"0038":[{"pref":"京都府","city":"京都市伏見区","town":"深草仙石屋敷町"}],"0877":[{"pref":"京都府","city":"京都市伏見区","town":"深草僧坊町"}],"0819":[{"pref":"京都府","city":"京都市伏見区","town":"深草僧坊山町"}],"0888":[{"pref":"京都府","city":"京都市伏見区","town":"深草大門町"}],"0829":[{"pref":"京都府","city":"京都市伏見区","town":"深草谷口町"}],"0878":[{"pref":"京都府","city":"京都市伏見区","town":"深草田谷町"}],"0023":[{"pref":"京都府","city":"京都市伏見区","town":"深草町通町"}],"0021":[{"pref":"京都府","city":"京都市伏見区","town":"深草塚本町"}],"0033":[{"pref":"京都府","city":"京都市伏見区","town":"深草寺内町"}],"0088":[{"pref":"京都府","city":"京都市伏見区","town":"深草出羽屋敷町"}],"0823":[{"pref":"京都府","city":"京都市伏見区","town":"深草東軸町"}],"0814":[{"pref":"京都府","city":"京都市伏見区","town":"深草砥粉山町"}],"0864":[{"pref":"京都府","city":"京都市伏見区","town":"深草鳥居崎町"}],"0002":[{"pref":"京都府","city":"京都市伏見区","town":"深草中川原町"}],"0818":[{"pref":"京都府","city":"京都市伏見区","town":"深草中ノ郷山町"}],"0049":[{"pref":"京都府","city":"京都市伏見区","town":"深草中ノ島町"}],"0034":[{"pref":"京都府","city":"京都市伏見区","town":"深草七瀬川町"}],"0802":[{"pref":"京都府","city":"京都市伏見区","town":"深草南明町"}],"0032":[{"pref":"京都府","city":"京都市伏見区","town":"深草西飯食町"}],"0029":[{"pref":"京都府","city":"京都市伏見区","town":"深草西浦町"}],"0009":[{"pref":"京都府","city":"京都市伏見区","town":"深草西川原町"}],"0876":[{"pref":"京都府","city":"京都市伏見区","town":"深草西伊達町"}],"0879":[{"pref":"京都府","city":"京都市伏見区","town":"深草西出町"}],"0884":[{"pref":"京都府","city":"京都市伏見区","town":"深草西出山町"}],"0024":[{"pref":"京都府","city":"京都市伏見区","town":"深草野田町"}],"0887":[{"pref":"京都府","city":"京都市伏見区","town":"深草野手町"}],"0013":[{"pref":"京都府","city":"京都市伏見区","town":"深草祓川町"}],"0821":[{"pref":"京都府","city":"京都市伏見区","town":"深草東瓦町"}],"0874":[{"pref":"京都府","city":"京都市伏見区","town":"深草東伊達町"}],"0019":[{"pref":"京都府","city":"京都市伏見区","town":"深草平田町"}],"0018":[{"pref":"京都府","city":"京都市伏見区","town":"深草フケノ内町"}],"0003":[{"pref":"京都府","city":"京都市伏見区","town":"深草藤田坪町"}],"0865":[{"pref":"京都府","city":"京都市伏見区","town":"深草藤森玄蕃町"}],"0863":[{"pref":"京都府","city":"京都市伏見区","town":"深草藤森町"}],"0871":[{"pref":"京都府","city":"京都市伏見区","town":"深草坊町"}],"0885":[{"pref":"京都府","city":"京都市伏見区","town":"深草宝塔寺山町"}],"0812":[{"pref":"京都府","city":"京都市伏見区","town":"深草坊山町"}],"0026":[{"pref":"京都府","city":"京都市伏見区","town":"深草堀田町"}],"0839":[{"pref":"京都府","city":"京都市伏見区","town":"深草本寺山町"}],"0036":[{"pref":"京都府","city":"京都市伏見区","town":"深草南蓮池町"}],"0827":[{"pref":"京都府","city":"京都市伏見区","town":"深草宮谷町"}],"0817":[{"pref":"京都府","city":"京都市伏見区","town":"深草向ケ原町"}],"0861":[{"pref":"京都府","city":"京都市伏見区","town":"深草向畑町"}],"0005":[{"pref":"京都府","city":"京都市伏見区","town":"深草森吉町"}],"0882":[{"pref":"京都府","city":"京都市伏見区","town":"深草薮之内町"}],"0082":[{"pref":"京都府","city":"京都市伏見区","town":"深草山村町"}],"0042":[{"pref":"京都府","city":"京都市伏見区","town":"深草芳永町"}],"0043":[{"pref":"京都府","city":"京都市伏見区","town":"深草芳本町"}],"0008":[{"pref":"京都府","city":"京都市伏見区","town":"深草六反田町"}],"0022":[{"pref":"京都府","city":"京都市伏見区","town":"深草綿森町"}],"0836":[{"pref":"京都府","city":"京都市伏見区","town":"深草大亀谷安信町"}],"0833":[{"pref":"京都府","city":"京都市伏見区","town":"深草大亀谷岩山町"}],"0842":[{"pref":"京都府","city":"京都市伏見区","town":"深草大亀谷大谷町"}],"0847":[{"pref":"京都府","city":"京都市伏見区","town":"深草大亀谷大山町"}],"0048":[{"pref":"京都府","city":"京都市伏見区","town":"深草大亀谷金森出雲町"}],"0852":[{"pref":"京都府","city":"京都市伏見区","town":"深草大亀谷五郎太町"}],"0845":[{"pref":"京都府","city":"京都市伏見区","town":"深草大亀谷敦賀町"}],"0047":[{"pref":"京都府","city":"京都市伏見区","town":"深草大亀谷内膳町"}],"0862":[{"pref":"京都府","city":"京都市伏見区","town":"深草大亀谷西久宝寺町"}],"0849":[{"pref":"京都府","city":"京都市伏見区","town":"深草大亀谷西寺町"}],"0832":[{"pref":"京都府","city":"京都市伏見区","town":"深草大亀谷東安信町"}],"0841":[{"pref":"京都府","city":"京都市伏見区","town":"深草大亀谷東久宝寺町"}],"0848":[{"pref":"京都府","city":"京都市伏見区","town":"深草大亀谷東寺町"}],"0844":[{"pref":"京都府","city":"京都市伏見区","town":"深草大亀谷東古御香町"}],"0843":[{"pref":"京都府","city":"京都市伏見区","town":"深草大亀谷古御香町"}],"0846":[{"pref":"京都府","city":"京都市伏見区","town":"深草大亀谷万帖敷町"}],"0046":[{"pref":"京都府","city":"京都市伏見区","town":"深草大亀谷八島町"}],"0851":[{"pref":"京都府","city":"京都市伏見区","town":"深草大亀谷六躰町"}],"0889":[{"pref":"京都府","city":"京都市伏見区","town":"深草直違橋"}],"0867":[{"pref":"京都府","city":"京都市伏見区","town":"深草直違橋片町"}],"0868":[{"pref":"京都府","city":"京都市伏見区","town":"深草直違橋南"}],"0869":[{"pref":"京都府","city":"京都市伏見区","town":"深草直違橋北"}],"0071":[{"pref":"京都府","city":"京都市伏見区","town":"桃山井伊掃部東町"}],"0074":[{"pref":"京都府","city":"京都市伏見区","town":"桃山井伊掃部西町"}],"0835":[{"pref":"京都府","city":"京都市伏見区","town":"桃山紅雪町"}],"0072":[{"pref":"京都府","city":"京都市伏見区","town":"桃山筒井伊賀東町"}],"0073":[{"pref":"京都府","city":"京都市伏見区","town":"桃山筒井伊賀西町"}],"0057":[{"pref":"京都府","city":"京都市伏見区","town":"桃山長岡越中東町"}],"0058":[{"pref":"京都府","city":"京都市伏見区","town":"桃山長岡越中南町"}],"0056":[{"pref":"京都府","city":"京都市伏見区","town":"桃山長岡越中北町"}],"0066":[{"pref":"京都府","city":"京都市伏見区","town":"桃山羽柴長吉中町"}],"0065":[{"pref":"京都府","city":"京都市伏見区","town":"桃山羽柴長吉東町"}],"0067":[{"pref":"京都府","city":"京都市伏見区","town":"桃山羽柴長吉西町"}],"0068":[{"pref":"京都府","city":"京都市伏見区","town":"桃山福島太夫西町"}],"0062":[{"pref":"京都府","city":"京都市伏見区","town":"桃山福島太夫南町"}],"0061":[{"pref":"京都府","city":"京都市伏見区","town":"桃山福島太夫北町"}],"0055":[{"pref":"京都府","city":"京都市伏見区","town":"桃山水野左近東町"}],"0059":[{"pref":"京都府","city":"京都市伏見区","town":"桃山水野左近西町"}],"0063":[{"pref":"京都府","city":"京都市伏見区","town":"桃山毛利長門東町"}],"0064":[{"pref":"京都府","city":"京都市伏見区","town":"桃山毛利長門西町"}],"0054":[{"pref":"京都府","city":"京都市伏見区","town":"桃山最上町"}],"0834":[{"pref":"京都府","city":"京都市伏見区","town":"桃山町安芸山"}],"0853":[{"pref":"京都府","city":"京都市伏見区","town":"桃山町大蔵"}],"0831":[{"pref":"京都府","city":"京都市伏見区","town":"桃山町古城山"}],"0854":[{"pref":"京都府","city":"京都市伏見区","town":"桃山町島津"}],"0086":[{"pref":"京都府","city":"京都市伏見区","town":"桃山町真斉"}],"0053":[{"pref":"京都府","city":"京都市伏見区","town":"桃山町丹下"}],"0855":[{"pref":"京都府","city":"京都市伏見区","town":"桃山町永井久太郎"}],"0856":[{"pref":"京都府","city":"京都市伏見区","town":"桃山町正宗"}],"0084":[{"pref":"京都府","city":"京都市伏見区","town":"鑓屋町"}]}