{"0000":[{"pref":"千葉県","city":"八千代市","town":"以下に掲載がない場合"}],"0008":[{"pref":"千葉県","city":"八千代市","town":"神久保"}],"0045":[{"pref":"千葉県","city":"八千代市","town":"大和田"}],"0035":[{"pref":"千葉県","city":"八千代市","town":"大和田新田（高津団地）"},{"pref":"千葉県","city":"八千代市","town":"高津（高津団地）"}],"0046":[{"pref":"千葉県","city":"八千代市","town":"大和田新田（その他）"}],"0048":[{"pref":"千葉県","city":"八千代市","town":"尾崎"}],"0024":[{"pref":"千葉県","city":"八千代市","town":"勝田"}],"0023":[{"pref":"千葉県","city":"八千代市","town":"勝田台"}],"0020":[{"pref":"千葉県","city":"八千代市","town":"勝田台北"}],"0025":[{"pref":"千葉県","city":"八千代市","town":"勝田台南"}],"0016":[{"pref":"千葉県","city":"八千代市","town":"神野"}],"0022":[{"pref":"千葉県","city":"八千代市","town":"上高野"}],"0043":[{"pref":"千葉県","city":"八千代市","town":"萱田"}],"0044":[{"pref":"千葉県","city":"八千代市","town":"萱田町"}],"0006":[{"pref":"千葉県","city":"八千代市","town":"桑納"}],"0001":[{"pref":"千葉県","city":"八千代市","town":"小池"}],"0011":[{"pref":"千葉県","city":"八千代市","town":"佐山"}],"0005":[{"pref":"千葉県","city":"八千代市","town":"島田"}],"0004":[{"pref":"千葉県","city":"八千代市","town":"島田台"}],"0026":[{"pref":"千葉県","city":"八千代市","town":"下市場"}],"0021":[{"pref":"千葉県","city":"八千代市","town":"下高野"}],"0007":[{"pref":"千葉県","city":"八千代市","town":"桑橋"}],"0003":[{"pref":"千葉県","city":"八千代市","town":"大学町"}],"0036":[{"pref":"千葉県","city":"八千代市","town":"高津（その他）"}],"0037":[{"pref":"千葉県","city":"八千代市","town":"高津東"}],"0017":[{"pref":"千葉県","city":"八千代市","town":"平戸"}],"0013":[{"pref":"千葉県","city":"八千代市","town":"保品"}],"0012":[{"pref":"千葉県","city":"八千代市","town":"堀の内"}],"0002":[{"pref":"千葉県","city":"八千代市","town":"真木野"}],"0049":[{"pref":"千葉県","city":"八千代市","town":"緑が丘"}],"0040":[{"pref":"千葉県","city":"八千代市","town":"緑が丘西"}],"0041":[{"pref":"千葉県","city":"八千代市","town":"麦丸"}],"0027":[{"pref":"千葉県","city":"八千代市","town":"村上（村上団地）"}],"0028":[{"pref":"千葉県","city":"八千代市","town":"村上（その他）"}],"0029":[{"pref":"千葉県","city":"八千代市","town":"村上南"}],"0032":[{"pref":"千葉県","city":"八千代市","town":"八千代台東"}],"0034":[{"pref":"千葉県","city":"八千代市","town":"八千代台西"}],"0033":[{"pref":"千葉県","city":"八千代市","town":"八千代台南"}],"0031":[{"pref":"千葉県","city":"八千代市","town":"八千代台北"}],"0042":[{"pref":"千葉県","city":"八千代市","town":"ゆりのき台"}],"0047":[{"pref":"千葉県","city":"八千代市","town":"吉橋"}],"0014":[{"pref":"千葉県","city":"八千代市","town":"米本（米本団地）"}],"0015":[{"pref":"千葉県","city":"八千代市","town":"米本（その他）"}]}