{"0053":[{"pref":"奈良県","city":"奈良市","town":"青垣台"}],"0841":[{"pref":"奈良県","city":"奈良市","town":"青野町"}],"0812":[{"pref":"奈良県","city":"奈良市","town":"秋篠早月町"}],"0814":[{"pref":"奈良県","city":"奈良市","town":"秋篠三和町"}],"0813":[{"pref":"奈良県","city":"奈良市","town":"秋篠新町"}],"0811":[{"pref":"奈良県","city":"奈良市","town":"秋篠町"}],"0014":[{"pref":"奈良県","city":"奈良市","town":"朝日町"}],"0033":[{"pref":"奈良県","city":"奈良市","town":"あやめ池南"}],"0032":[{"pref":"奈良県","city":"奈良市","town":"あやめ池北"}],"0054":[{"pref":"奈良県","city":"奈良市","town":"石木町"}],"0805":[{"pref":"奈良県","city":"奈良市","town":"右京"}],"0802":[{"pref":"奈良県","city":"奈良市","town":"歌姫町"}],"0005":[{"pref":"奈良県","city":"奈良市","town":"大渕町"}],"0042":[{"pref":"奈良県","city":"奈良市","town":"大倭町"}],"0055":[{"pref":"奈良県","city":"奈良市","town":"大和田町"}],"0011":[{"pref":"奈良県","city":"奈良市","town":"押熊町"}],"0027":[{"pref":"奈良県","city":"奈良市","town":"学園赤松町"}],"0016":[{"pref":"奈良県","city":"奈良市","town":"学園朝日町"}],"0015":[{"pref":"奈良県","city":"奈良市","town":"学園朝日元町"}],"0025":[{"pref":"奈良県","city":"奈良市","town":"学園新田町"}],"0041":[{"pref":"奈良県","city":"奈良市","town":"学園大和町"}],"0035":[{"pref":"奈良県","city":"奈良市","town":"学園中"}],"0026":[{"pref":"奈良県","city":"奈良市","town":"学園緑ケ丘"}],"0034":[{"pref":"奈良県","city":"奈良市","town":"学園南"}],"0036":[{"pref":"奈良県","city":"奈良市","town":"学園北"}],"0001":[{"pref":"奈良県","city":"奈良市","town":"北登美ケ丘"}],"0818":[{"pref":"奈良県","city":"奈良市","town":"西大寺赤田町"}],"0823":[{"pref":"奈良県","city":"奈良市","town":"西大寺国見町"}],"0827":[{"pref":"奈良県","city":"奈良市","town":"西大寺小坊町"}],"0822":[{"pref":"奈良県","city":"奈良市","town":"西大寺栄町"}],"0825":[{"pref":"奈良県","city":"奈良市","town":"西大寺芝町"}],"0834":[{"pref":"奈良県","city":"奈良市","town":"西大寺新池町"}],"0832":[{"pref":"奈良県","city":"奈良市","town":"西大寺新田町"}],"0815":[{"pref":"奈良県","city":"奈良市","town":"西大寺新町"}],"0835":[{"pref":"奈良県","city":"奈良市","town":"西大寺高塚町"}],"0831":[{"pref":"奈良県","city":"奈良市","town":"西大寺宝ケ丘"}],"0833":[{"pref":"奈良県","city":"奈良市","town":"西大寺野神町"}],"0816":[{"pref":"奈良県","city":"奈良市","town":"西大寺本町"}],"0821":[{"pref":"奈良県","city":"奈良市","town":"西大寺東町"}],"0824":[{"pref":"奈良県","city":"奈良市","town":"西大寺南町"}],"0817":[{"pref":"奈良県","city":"奈良市","town":"西大寺北町"}],"0836":[{"pref":"奈良県","city":"奈良市","town":"西大寺竜王町"}],"0826":[{"pref":"奈良県","city":"奈良市","town":"西大寺町"}],"0801":[{"pref":"奈良県","city":"奈良市","town":"左京"}],"0031":[{"pref":"奈良県","city":"奈良市","town":"敷島町"}],"0007":[{"pref":"奈良県","city":"奈良市","town":"松陽台"}],"0804":[{"pref":"奈良県","city":"奈良市","town":"神功"}],"0043":[{"pref":"奈良県","city":"奈良市","town":"菅野台"}],"0842":[{"pref":"奈良県","city":"奈良市","town":"菅原町"},{"pref":"奈良県","city":"奈良市","town":"菅原東"}],"0806":[{"pref":"奈良県","city":"奈良市","town":"朱雀"}],"0045":[{"pref":"奈良県","city":"奈良市","town":"千代ケ丘"}],"0021":[{"pref":"奈良県","city":"奈良市","town":"鶴舞東町"}],"0022":[{"pref":"奈良県","city":"奈良市","town":"鶴舞西町"}],"0062":[{"pref":"奈良県","city":"奈良市","town":"帝塚山"}],"0063":[{"pref":"奈良県","city":"奈良市","town":"帝塚山中町"}],"0066":[{"pref":"奈良県","city":"奈良市","town":"帝塚山西"}],"0064":[{"pref":"奈良県","city":"奈良市","town":"帝塚山南"}],"0051":[{"pref":"奈良県","city":"奈良市","town":"富雄泉ケ丘"}],"0077":[{"pref":"奈良県","city":"奈良市","town":"富雄川西"}],"0078":[{"pref":"奈良県","city":"奈良市","town":"富雄元町"}],"0076":[{"pref":"奈良県","city":"奈良市","town":"富雄北"}],"0004":[{"pref":"奈良県","city":"奈良市","town":"登美ケ丘"}],"0065":[{"pref":"奈良県","city":"奈良市","town":"鳥見町"}],"0003":[{"pref":"奈良県","city":"奈良市","town":"中登美ケ丘"}],"0052":[{"pref":"奈良県","city":"奈良市","town":"中町（その他）"}],"0012":[{"pref":"奈良県","city":"奈良市","town":"中山町"}],"0013":[{"pref":"奈良県","city":"奈良市","town":"中山町西"}],"0046":[{"pref":"奈良県","city":"奈良市","town":"西千代ケ丘"}],"0006":[{"pref":"奈良県","city":"奈良市","town":"西登美ケ丘"}],"0072":[{"pref":"奈良県","city":"奈良市","town":"二名"}],"0073":[{"pref":"奈良県","city":"奈良市","town":"二名東町"}],"0071":[{"pref":"奈良県","city":"奈良市","town":"二名平野"}],"0008":[{"pref":"奈良県","city":"奈良市","town":"二名町"}],"0002":[{"pref":"奈良県","city":"奈良市","town":"東登美ケ丘"}],"0843":[{"pref":"奈良県","city":"奈良市","town":"疋田町"}],"0024":[{"pref":"奈良県","city":"奈良市","town":"百楽園"}],"0846":[{"pref":"奈良県","city":"奈良市","town":"平松"}],"0044":[{"pref":"奈良県","city":"奈良市","town":"藤ノ木台"}],"0845":[{"pref":"奈良県","city":"奈良市","town":"宝来"}],"0844":[{"pref":"奈良県","city":"奈良市","town":"宝来町"}],"0056":[{"pref":"奈良県","city":"奈良市","town":"丸山"}],"0803":[{"pref":"奈良県","city":"奈良市","town":"山陵町"}],"0061":[{"pref":"奈良県","city":"奈良市","town":"三碓"},{"pref":"奈良県","city":"奈良市","town":"三碓町"}],"0023":[{"pref":"奈良県","city":"奈良市","town":"南登美ケ丘"}],"0074":[{"pref":"奈良県","city":"奈良市","town":"三松"}],"0075":[{"pref":"奈良県","city":"奈良市","town":"三松ケ丘"}],"0828":[{"pref":"奈良県","city":"奈良市","town":"横領町"}],"0837":[{"pref":"奈良県","city":"奈良市","town":"若葉台"}]}