{"0000":[{"pref":"大阪府","city":"大阪市大正区","town":"以下に掲載がない場合"}],"0031":[{"pref":"大阪府","city":"大阪市大正区","town":"泉尾"}],"0033":[{"pref":"大阪府","city":"大阪市大正区","town":"北恩加島"}],"0032":[{"pref":"大阪府","city":"大阪市大正区","town":"北村"}],"0011":[{"pref":"大阪府","city":"大阪市大正区","town":"小林東"}],"0013":[{"pref":"大阪府","city":"大阪市大正区","town":"小林西"}],"0002":[{"pref":"大阪府","city":"大阪市大正区","town":"三軒家東"}],"0001":[{"pref":"大阪府","city":"大阪市大正区","town":"三軒家西"}],"0003":[{"pref":"大阪府","city":"大阪市大正区","town":"千島"}],"0023":[{"pref":"大阪府","city":"大阪市大正区","town":"鶴町"}],"0012":[{"pref":"大阪府","city":"大阪市大正区","town":"平尾"}],"0022":[{"pref":"大阪府","city":"大阪市大正区","town":"船町"}],"0021":[{"pref":"大阪府","city":"大阪市大正区","town":"南恩加島"}]}