{"0000":[{"pref":"山口県","city":"宇部市","town":"以下に掲載がない場合"}],"0043":[{"pref":"山口県","city":"宇部市","town":"相生町"}],"0801":[{"pref":"山口県","city":"宇部市","town":"上条"}],"0041":[{"pref":"山口県","city":"宇部市","town":"朝日町"}],"0152":[{"pref":"山口県","city":"宇部市","town":"あすとぴあ"}],"0055":[{"pref":"山口県","city":"宇部市","town":"居能町"}],"0155":[{"pref":"山口県","city":"宇部市","town":"今村北"}],"0154":[{"pref":"山口県","city":"宇部市","town":"今村南"}],"0810":[{"pref":"山口県","city":"宇部市","town":"岩鼻町"}],"0051":[{"pref":"山口県","city":"宇部市","town":"上町"}],"0062":[{"pref":"山口県","city":"宇部市","town":"鵜の島町"}],"0076":[{"pref":"山口県","city":"宇部市","town":"大小路"}],"0001":[{"pref":"山口県","city":"宇部市","town":"沖宇部"}],"0023":[{"pref":"山口県","city":"宇部市","town":"恩田町"}],"0038":[{"pref":"山口県","city":"宇部市","town":"海南町"}],"0091":[{"pref":"山口県","city":"宇部市","town":"上宇部"}],"0092":[{"pref":"山口県","city":"宇部市","town":"上野中町"}],"0022":[{"pref":"山口県","city":"宇部市","town":"神原町"}],"0002":[{"pref":"山口県","city":"宇部市","town":"亀浦"}],"0084":[{"pref":"山口県","city":"宇部市","town":"川上"}],"0074":[{"pref":"山口県","city":"宇部市","town":"川添"}],"0081":[{"pref":"山口県","city":"宇部市","town":"北小羽山町"}],"0036":[{"pref":"山口県","city":"宇部市","town":"北琴芝"}],"0093":[{"pref":"山口県","city":"宇部市","town":"北迫新町"}],"0802":[{"pref":"山口県","city":"宇部市","town":"北条"}],"0004":[{"pref":"山口県","city":"宇部市","town":"草江"}],"0067":[{"pref":"山口県","city":"宇部市","town":"小串"}],"0005":[{"pref":"山口県","city":"宇部市","town":"五十目山町"}],"0075":[{"pref":"山口県","city":"宇部市","town":"琴崎町"}],"0033":[{"pref":"山口県","city":"宇部市","town":"琴芝町"}],"0032":[{"pref":"山口県","city":"宇部市","town":"寿町"}],"0066":[{"pref":"山口県","city":"宇部市","town":"小松原町"}],"0012":[{"pref":"山口県","city":"宇部市","town":"幸町"}],"0015":[{"pref":"山口県","city":"宇部市","town":"笹山町"}],"0017":[{"pref":"山口県","city":"宇部市","town":"芝中町"}],"0047":[{"pref":"山口県","city":"宇部市","town":"島"}],"0048":[{"pref":"山口県","city":"宇部市","town":"下条"}],"0011":[{"pref":"山口県","city":"宇部市","town":"昭和町"}],"0029":[{"pref":"山口県","city":"宇部市","town":"新天町"}],"0044":[{"pref":"山口県","city":"宇部市","town":"新町"}],"0014":[{"pref":"山口県","city":"宇部市","town":"末広町"}],"0054":[{"pref":"山口県","city":"宇部市","town":"助田町"}],"0045":[{"pref":"山口県","city":"宇部市","town":"中央町"}],"0021":[{"pref":"山口県","city":"宇部市","town":"常藤町"}],"0078":[{"pref":"山口県","city":"宇部市","town":"寺の前町"}],"0097":[{"pref":"山口県","city":"宇部市","town":"常盤台"}],"0031":[{"pref":"山口県","city":"宇部市","town":"常盤町"}],"0153":[{"pref":"山口県","city":"宇部市","town":"床波"}],"0086":[{"pref":"山口県","city":"宇部市","town":"中宇部"}],"0073":[{"pref":"山口県","city":"宇部市","town":"中尾"}],"0072":[{"pref":"山口県","city":"宇部市","town":"中村"}],"0058":[{"pref":"山口県","city":"宇部市","town":"中山"}],"0064":[{"pref":"山口県","city":"宇部市","town":"鍋倉町"}],"0037":[{"pref":"山口県","city":"宇部市","town":"西梶返"}],"0018":[{"pref":"山口県","city":"宇部市","town":"錦町"}],"0151":[{"pref":"山口県","city":"宇部市","town":"西岐波"}],"0049":[{"pref":"山口県","city":"宇部市","town":"西小串"}],"0035":[{"pref":"山口県","city":"宇部市","town":"西琴芝"}],"0053":[{"pref":"山口県","city":"宇部市","town":"西中町"}],"0808":[{"pref":"山口県","city":"宇部市","town":"西平原"}],"0052":[{"pref":"山口県","city":"宇部市","town":"西本町"}],"0085":[{"pref":"山口県","city":"宇部市","town":"沼"}],"0025":[{"pref":"山口県","city":"宇部市","town":"野中"}],"0024":[{"pref":"山口県","city":"宇部市","town":"野原"}],"0003":[{"pref":"山口県","city":"宇部市","town":"則貞"}],"0007":[{"pref":"山口県","city":"宇部市","town":"八王子町"}],"0806":[{"pref":"山口県","city":"宇部市","town":"浜田"}],"0065":[{"pref":"山口県","city":"宇部市","town":"浜町"}],"0082":[{"pref":"山口県","city":"宇部市","town":"東小羽山町"}],"0039":[{"pref":"山口県","city":"宇部市","town":"東梶返"}],"0241":[{"pref":"山口県","city":"宇部市","town":"東岐波"}],"0068":[{"pref":"山口県","city":"宇部市","town":"東小串"}],"0034":[{"pref":"山口県","city":"宇部市","town":"東琴芝"}],"0016":[{"pref":"山口県","city":"宇部市","town":"東芝中町"}],"0019":[{"pref":"山口県","city":"宇部市","town":"東新川町"}],"0807":[{"pref":"山口県","city":"宇部市","town":"東平原"}],"0803":[{"pref":"山口県","city":"宇部市","town":"東藤曲"}],"0028":[{"pref":"山口県","city":"宇部市","town":"東本町"}],"0009":[{"pref":"山口県","city":"宇部市","town":"東見初町"}],"0096":[{"pref":"山口県","city":"宇部市","town":"開"}],"0094":[{"pref":"山口県","city":"宇部市","town":"ひらき台"}],"0057":[{"pref":"山口県","city":"宇部市","town":"藤曲"}],"0095":[{"pref":"山口県","city":"宇部市","town":"風呂ケ迫町"}],"0805":[{"pref":"山口県","city":"宇部市","town":"文京台"}],"0056":[{"pref":"山口県","city":"宇部市","town":"文京町"}],"0809":[{"pref":"山口県","city":"宇部市","town":"松崎町"}],"0042":[{"pref":"山口県","city":"宇部市","town":"松島町"}],"0026":[{"pref":"山口県","city":"宇部市","town":"松山町"}],"0006":[{"pref":"山口県","city":"宇部市","town":"岬町"}],"0027":[{"pref":"山口県","city":"宇部市","town":"港町"}],"0083":[{"pref":"山口県","city":"宇部市","town":"南小羽山町"}],"0046":[{"pref":"山口県","city":"宇部市","town":"南小串"}],"0804":[{"pref":"山口県","city":"宇部市","town":"南中山町"}],"0063":[{"pref":"山口県","city":"宇部市","town":"南浜町"}],"0071":[{"pref":"山口県","city":"宇部市","town":"宮地町"}],"0008":[{"pref":"山口県","city":"宇部市","town":"明神町"}],"0013":[{"pref":"山口県","city":"宇部市","town":"明治町"}],"0077":[{"pref":"山口県","city":"宇部市","town":"山門"}],"0061":[{"pref":"山口県","city":"宇部市","town":"若松町"}]}