{"0802":[{"pref":"大阪府","city":"吹田市","town":"青葉丘南"}],"0801":[{"pref":"大阪府","city":"吹田市","town":"青葉丘北"}],"0875":[{"pref":"大阪府","city":"吹田市","town":"青山台"}],"0806":[{"pref":"大阪府","city":"吹田市","town":"樫切山"}],"0853":[{"pref":"大阪府","city":"吹田市","town":"春日"}],"0872":[{"pref":"大阪府","city":"吹田市","town":"上山田"}],"0841":[{"pref":"大阪府","city":"吹田市","town":"上山手町"}],"0836":[{"pref":"大阪府","city":"吹田市","town":"佐井寺"}],"0837":[{"pref":"大阪府","city":"吹田市","town":"佐井寺南が丘"}],"0855":[{"pref":"大阪府","city":"吹田市","town":"佐竹台"}],"0831":[{"pref":"大阪府","city":"吹田市","town":"五月が丘東"}],"0833":[{"pref":"大阪府","city":"吹田市","town":"五月が丘西"}],"0832":[{"pref":"大阪府","city":"吹田市","town":"五月が丘南"}],"0834":[{"pref":"大阪府","city":"吹田市","town":"五月が丘北"}],"0805":[{"pref":"大阪府","city":"吹田市","town":"清水"}],"0818":[{"pref":"大阪府","city":"吹田市","town":"尺谷"}],"0804":[{"pref":"大阪府","city":"吹田市","town":"新芦屋上"}],"0803":[{"pref":"大阪府","city":"吹田市","town":"新芦屋下"}],"0826":[{"pref":"大阪府","city":"吹田市","town":"千里万博公園"}],"0811":[{"pref":"大阪府","city":"吹田市","town":"千里丘上"}],"0812":[{"pref":"大阪府","city":"吹田市","town":"千里丘中"}],"0813":[{"pref":"大阪府","city":"吹田市","town":"千里丘下"}],"0814":[{"pref":"大阪府","city":"吹田市","town":"千里丘西"}],"0815":[{"pref":"大阪府","city":"吹田市","town":"千里丘北"}],"0844":[{"pref":"大阪府","city":"吹田市","town":"千里山霧が丘"}],"0848":[{"pref":"大阪府","city":"吹田市","town":"千里山高塚"}],"0852":[{"pref":"大阪府","city":"吹田市","town":"千里山竹園"}],"0847":[{"pref":"大阪府","city":"吹田市","town":"千里山月が丘"}],"0846":[{"pref":"大阪府","city":"吹田市","town":"千里山虹が丘"}],"0845":[{"pref":"大阪府","city":"吹田市","town":"千里山星が丘"}],"0843":[{"pref":"大阪府","city":"吹田市","town":"千里山松が丘"}],"0842":[{"pref":"大阪府","city":"吹田市","town":"千里山東"}],"0851":[{"pref":"大阪府","city":"吹田市","town":"千里山西"}],"0861":[{"pref":"大阪府","city":"吹田市","town":"高野台"}],"0835":[{"pref":"大阪府","city":"吹田市","town":"竹谷町"}],"0863":[{"pref":"大阪府","city":"吹田市","town":"竹見台"}],"0862":[{"pref":"大阪府","city":"吹田市","town":"津雲台"}],"0816":[{"pref":"大阪府","city":"吹田市","town":"長野東"}],"0817":[{"pref":"大阪府","city":"吹田市","town":"長野西"}],"0873":[{"pref":"大阪府","city":"吹田市","town":"藤白台"}],"0874":[{"pref":"大阪府","city":"吹田市","town":"古江台"}],"0854":[{"pref":"大阪府","city":"吹田市","town":"桃山台"}],"0822":[{"pref":"大阪府","city":"吹田市","town":"山田市場"}],"0821":[{"pref":"大阪府","city":"吹田市","town":"山田東"}],"0824":[{"pref":"大阪府","city":"吹田市","town":"山田西"}],"0823":[{"pref":"大阪府","city":"吹田市","town":"山田南"}],"0825":[{"pref":"大阪府","city":"吹田市","town":"山田北"}],"0871":[{"pref":"大阪府","city":"吹田市","town":"山田丘"}]}