{"0000":[{"pref":"長野県","city":"諏訪市","town":"以下に掲載がない場合"}],"0011":[{"pref":"長野県","city":"諏訪市","town":"赤羽根"}],"0026":[{"pref":"長野県","city":"諏訪市","town":"大手"}],"0005":[{"pref":"長野県","city":"諏訪市","town":"岡村"}],"0013":[{"pref":"長野県","city":"諏訪市","town":"沖田町"}],"0001":[{"pref":"長野県","city":"諏訪市","town":"大和"}],"0021":[{"pref":"長野県","city":"諏訪市","town":"上川"}],"0003":[{"pref":"長野県","city":"諏訪市","town":"上諏訪"}],"0008":[{"pref":"長野県","city":"諏訪市","town":"霧ケ峰"}],"0027":[{"pref":"長野県","city":"諏訪市","town":"湖岸通り"}],"0131":[{"pref":"長野県","city":"諏訪市","town":"湖南"}],"0024":[{"pref":"長野県","city":"諏訪市","town":"小和田"}],"0023":[{"pref":"長野県","city":"諏訪市","town":"小和田南"}],"0012":[{"pref":"長野県","city":"諏訪市","town":"四賀"}],"0010":[{"pref":"長野県","city":"諏訪市","town":"渋崎"}],"0007":[{"pref":"長野県","city":"諏訪市","town":"清水"}],"0017":[{"pref":"長野県","city":"諏訪市","town":"城南"}],"0025":[{"pref":"長野県","city":"諏訪市","town":"末広"}],"0009":[{"pref":"長野県","city":"諏訪市","town":"杉菜池"}],"0004":[{"pref":"長野県","city":"諏訪市","town":"諏訪"}],"0022":[{"pref":"長野県","city":"諏訪市","town":"高島"}],"0016":[{"pref":"長野県","city":"諏訪市","town":"豊田"}],"0015":[{"pref":"長野県","city":"諏訪市","town":"中洲"}],"0014":[{"pref":"長野県","city":"諏訪市","town":"南町"}],"0006":[{"pref":"長野県","city":"諏訪市","town":"元町"}],"0002":[{"pref":"長野県","city":"諏訪市","town":"湯の脇"}]}