{"0000":[{"pref":"大阪府","city":"豊中市","town":"以下に掲載がない場合"}],"0015":[{"pref":"大阪府","city":"豊中市","town":"赤阪"}],"0042":[{"pref":"大阪府","city":"豊中市","town":"石橋麻田町"}],"0013":[{"pref":"大阪府","city":"豊中市","town":"上野東"}],"0011":[{"pref":"大阪府","city":"豊中市","town":"上野西"}],"0012":[{"pref":"大阪府","city":"豊中市","town":"上野坂"}],"0051":[{"pref":"大阪府","city":"豊中市","town":"永楽荘"}],"0023":[{"pref":"大阪府","city":"豊中市","town":"岡上の町"}],"0052":[{"pref":"大阪府","city":"豊中市","town":"春日町"}],"0085":[{"pref":"大阪府","city":"豊中市","town":"上新田"}],"0022":[{"pref":"大阪府","city":"豊中市","town":"北桜塚"}],"0001":[{"pref":"大阪府","city":"豊中市","town":"北緑丘"}],"0014":[{"pref":"大阪府","city":"豊中市","town":"熊野町"}],"0016":[{"pref":"大阪府","city":"豊中市","town":"栗ケ丘町"}],"0054":[{"pref":"大阪府","city":"豊中市","town":"桜の町"}],"0055":[{"pref":"大阪府","city":"豊中市","town":"柴原町"}],"0004":[{"pref":"大阪府","city":"豊中市","town":"少路"}],"0082":[{"pref":"大阪府","city":"豊中市","town":"新千里東町"}],"0083":[{"pref":"大阪府","city":"豊中市","town":"新千里西町"}],"0084":[{"pref":"大阪府","city":"豊中市","town":"新千里南町"}],"0081":[{"pref":"大阪府","city":"豊中市","town":"新千里北町"}],"0024":[{"pref":"大阪府","city":"豊中市","town":"末広町"}],"0041":[{"pref":"大阪府","city":"豊中市","town":"清風荘"}],"0046":[{"pref":"大阪府","city":"豊中市","town":"千里園"}],"0025":[{"pref":"大阪府","city":"豊中市","town":"立花町"}],"0026":[{"pref":"大阪府","city":"豊中市","town":"玉井町"}],"0045":[{"pref":"大阪府","city":"豊中市","town":"刀根山"}],"0044":[{"pref":"大阪府","city":"豊中市","town":"刀根山元町"}],"0005":[{"pref":"大阪府","city":"豊中市","town":"西緑丘"}],"0003":[{"pref":"大阪府","city":"豊中市","town":"東豊中町"}],"0032":[{"pref":"大阪府","city":"豊中市","town":"蛍池東町"}],"0036":[{"pref":"大阪府","city":"豊中市","town":"蛍池西町"}],"0034":[{"pref":"大阪府","city":"豊中市","town":"蛍池南町"}],"0031":[{"pref":"大阪府","city":"豊中市","town":"蛍池北町"}],"0033":[{"pref":"大阪府","city":"豊中市","town":"蛍池中町"}],"0021":[{"pref":"大阪府","city":"豊中市","town":"本町"}],"0043":[{"pref":"大阪府","city":"豊中市","town":"待兼山町"}],"0002":[{"pref":"大阪府","city":"豊中市","town":"緑丘"}],"0035":[{"pref":"大阪府","city":"豊中市","town":"箕輪"}],"0056":[{"pref":"大阪府","city":"豊中市","town":"宮山町"}],"0053":[{"pref":"大阪府","city":"豊中市","town":"向丘"}]}