{"8301":[{"pref":"富山県","city":"富山市","town":"水落"}],"8302":[{"pref":"富山県","city":"富山市","town":"緑陽町"}],"8303":[{"pref":"富山県","city":"富山市","town":"米田"}],"8304":[{"pref":"富山県","city":"富山市","town":"米田町"}],"8305":[{"pref":"富山県","city":"富山市","town":"豊若町"}],"8306":[{"pref":"富山県","city":"富山市","town":"米田すずかけ台"}],"8311":[{"pref":"富山県","city":"富山市","town":"豊田"}],"8312":[{"pref":"富山県","city":"富山市","town":"豊田本町"}],"8313":[{"pref":"富山県","city":"富山市","town":"豊田町"}],"8314":[{"pref":"富山県","city":"富山市","town":"粟島町"}],"8315":[{"pref":"富山県","city":"富山市","town":"高園町"}],"8316":[{"pref":"富山県","city":"富山市","town":"豊丘町"}],"8321":[{"pref":"富山県","city":"富山市","town":"犬島"}],"8322":[{"pref":"富山県","city":"富山市","town":"豊島町"}],"8323":[{"pref":"富山県","city":"富山市","town":"豊城新町"}],"8324":[{"pref":"富山県","city":"富山市","town":"豊城町"}],"8325":[{"pref":"富山県","city":"富山市","town":"城川原"}],"8326":[{"pref":"富山県","city":"富山市","town":"上野新町"}],"8327":[{"pref":"富山県","city":"富山市","town":"上野新"}],"8328":[{"pref":"富山県","city":"富山市","town":"犬島新町"}],"8331":[{"pref":"富山県","city":"富山市","town":"森住町"}],"8332":[{"pref":"富山県","city":"富山市","town":"森"}],"8333":[{"pref":"富山県","city":"富山市","town":"蓮町"}],"8334":[{"pref":"富山県","city":"富山市","town":"千原崎"}],"8335":[{"pref":"富山県","city":"富山市","town":"西宮町"}],"8336":[{"pref":"富山県","city":"富山市","town":"高畠町"}],"8337":[{"pref":"富山県","city":"富山市","town":"森若町"}],"8341":[{"pref":"富山県","city":"富山市","town":"岩瀬御蔵町"}],"8342":[{"pref":"富山県","city":"富山市","town":"岩瀬神明町"}],"8343":[{"pref":"富山県","city":"富山市","town":"岩瀬幸町"}],"8344":[{"pref":"富山県","city":"富山市","town":"岩瀬新町"}],"8345":[{"pref":"富山県","city":"富山市","town":"西宮"}],"8346":[{"pref":"富山県","city":"富山市","town":"岩瀬荒木町"}],"8347":[{"pref":"富山県","city":"富山市","town":"岩瀬土場町"}],"8351":[{"pref":"富山県","city":"富山市","town":"岩瀬堺町"}],"8352":[{"pref":"富山県","city":"富山市","town":"岩瀬表町"}],"8353":[{"pref":"富山県","city":"富山市","town":"岩瀬文化町"}],"8354":[{"pref":"富山県","city":"富山市","town":"岩瀬祇園町"}],"8355":[{"pref":"富山県","city":"富山市","town":"岩瀬新川町"}],"8356":[{"pref":"富山県","city":"富山市","town":"岩瀬大町"}],"8357":[{"pref":"富山県","city":"富山市","town":"岩瀬福来町"}],"8358":[{"pref":"富山県","city":"富山市","town":"東岩瀬町"}],"8359":[{"pref":"富山県","city":"富山市","town":"東岩瀬村"}],"8361":[{"pref":"富山県","city":"富山市","town":"岩瀬白山町"}],"8362":[{"pref":"富山県","city":"富山市","town":"岩瀬梅本町"}],"8363":[{"pref":"富山県","city":"富山市","town":"岩瀬仲町"}],"8364":[{"pref":"富山県","city":"富山市","town":"岩瀬港町"}],"8365":[{"pref":"富山県","city":"富山市","town":"岩瀬入船町"}],"8366":[{"pref":"富山県","city":"富山市","town":"岩瀬萩浦町"}],"8367":[{"pref":"富山県","city":"富山市","town":"岩瀬松原町"}],"8371":[{"pref":"富山県","city":"富山市","town":"岩瀬古志町"}],"8372":[{"pref":"富山県","city":"富山市","town":"岩瀬天池町"}],"8373":[{"pref":"富山県","city":"富山市","town":"岩瀬前田町"}],"8374":[{"pref":"富山県","city":"富山市","town":"岩瀬赤田町"}],"8375":[{"pref":"富山県","city":"富山市","town":"岩瀬高畠町"}],"8376":[{"pref":"富山県","city":"富山市","town":"岩瀬池田町"}],"8377":[{"pref":"富山県","city":"富山市","town":"岩瀬諏訪町"}],"8378":[{"pref":"富山県","city":"富山市","town":"岩瀬天神町"}],"8401":[{"pref":"富山県","city":"富山市","town":"田畑新町"}],"8402":[{"pref":"富山県","city":"富山市","town":"田畑北部"}],"8403":[{"pref":"富山県","city":"富山市","town":"田畑"}],"8404":[{"pref":"富山県","city":"富山市","town":"加古町"}],"8405":[{"pref":"富山県","city":"富山市","town":"海岸通"}],"8406":[{"pref":"富山県","city":"富山市","town":"松浦町"}],"8407":[{"pref":"富山県","city":"富山市","town":"海岸通新町"}],"8408":[{"pref":"富山県","city":"富山市","town":"那智町"}],"8409":[{"pref":"富山県","city":"富山市","town":"清風町"}],"8411":[{"pref":"富山県","city":"富山市","town":"高来"}],"8412":[{"pref":"富山県","city":"富山市","town":"横越"}],"8413":[{"pref":"富山県","city":"富山市","town":"野田"}],"8414":[{"pref":"富山県","city":"富山市","town":"浜黒崎"}],"8415":[{"pref":"富山県","city":"富山市","town":"針日"}],"8416":[{"pref":"富山県","city":"富山市","town":"日方江"}],"8417":[{"pref":"富山県","city":"富山市","town":"古志町"}],"8421":[{"pref":"富山県","city":"富山市","town":"平榎"}],"8422":[{"pref":"富山県","city":"富山市","town":"野中"}],"8423":[{"pref":"富山県","city":"富山市","town":"町袋"}],"8425":[{"pref":"富山県","city":"富山市","town":"宮成"}],"8426":[{"pref":"富山県","city":"富山市","town":"宮成中部"}],"8427":[{"pref":"富山県","city":"富山市","town":"宮条"}],"8428":[{"pref":"富山県","city":"富山市","town":"野中新"}],"8431":[{"pref":"富山県","city":"富山市","town":"針原中町"}],"8432":[{"pref":"富山県","city":"富山市","town":"針原中"}],"8433":[{"pref":"富山県","city":"富山市","town":"針原新町"}],"8434":[{"pref":"富山県","city":"富山市","town":"三上"}],"8435":[{"pref":"富山県","city":"富山市","town":"小西"}],"8436":[{"pref":"富山県","city":"富山市","town":"宮園町"}],"8437":[{"pref":"富山県","city":"富山市","town":"宮町"}],"8441":[{"pref":"富山県","city":"富山市","town":"高島"}],"8442":[{"pref":"富山県","city":"富山市","town":"楠木"}],"8443":[{"pref":"富山県","city":"富山市","town":"下飯野"}],"8444":[{"pref":"富山県","city":"富山市","town":"東ケ丘"}],"8445":[{"pref":"富山県","city":"富山市","town":"道正"}],"8451":[{"pref":"富山県","city":"富山市","town":"銀嶺町"}],"8452":[{"pref":"富山県","city":"富山市","town":"東富山寿町"}],"8453":[{"pref":"富山県","city":"富山市","town":"中田"}],"8454":[{"pref":"富山県","city":"富山市","town":"住友町"}],"8455":[{"pref":"富山県","city":"富山市","town":"晴海台"}],"8456":[{"pref":"富山県","city":"富山市","town":"永久町"}]}