{"0000":[{"pref":"岩手県","city":"宮古市","town":"以下に掲載がない場合"}],"0202":[{"pref":"岩手県","city":"宮古市","town":"赤前"}],"0092":[{"pref":"岩手県","city":"宮古市","town":"愛宕"}],"0086":[{"pref":"岩手県","city":"宮古市","town":"新町"}],"0062":[{"pref":"岩手県","city":"宮古市","town":"泉町"}],"0048":[{"pref":"岩手県","city":"宮古市","town":"板屋"}],"0054":[{"pref":"岩手県","city":"宮古市","town":"太田"}],"0083":[{"pref":"岩手県","city":"宮古市","town":"大通"}],"0112":[{"pref":"岩手県","city":"宮古市","town":"音部"}],"0111":[{"pref":"岩手県","city":"宮古市","town":"重茂"}],"0033":[{"pref":"岩手県","city":"宮古市","town":"金浜"}],"0039":[{"pref":"岩手県","city":"宮古市","town":"河南"}],"0078":[{"pref":"岩手県","city":"宮古市","town":"鴨崎町"}],"0042":[{"pref":"岩手県","city":"宮古市","town":"神田沢町"}],"0044":[{"pref":"岩手県","city":"宮古市","town":"上鼻"}],"0028":[{"pref":"岩手県","city":"宮古市","town":"神林"}],"0008":[{"pref":"岩手県","city":"宮古市","town":"熊野町"}],"0085":[{"pref":"岩手県","city":"宮古市","town":"黒田町"}],"0065":[{"pref":"岩手県","city":"宮古市","town":"黒森町"}],"0006":[{"pref":"岩手県","city":"宮古市","town":"鍬ケ崎"}],"0046":[{"pref":"岩手県","city":"宮古市","town":"花原市"}],"0005":[{"pref":"岩手県","city":"宮古市","town":"光岸地"}],"0071":[{"pref":"岩手県","city":"宮古市","town":"小沢"}],"0038":[{"pref":"岩手県","city":"宮古市","town":"小山田"}],"0076":[{"pref":"岩手県","city":"宮古市","town":"栄町"}],"0096":[{"pref":"岩手県","city":"宮古市","town":"崎鍬ケ崎"}],"0097":[{"pref":"岩手県","city":"宮古市","town":"崎山"}],"0072":[{"pref":"岩手県","city":"宮古市","town":"五月町"}],"0095":[{"pref":"岩手県","city":"宮古市","town":"佐原"}],"0088":[{"pref":"岩手県","city":"宮古市","town":"沢田"}],"0201":[{"pref":"岩手県","city":"宮古市","town":"白浜"}],"0081":[{"pref":"岩手県","city":"宮古市","town":"新川町"}],"0084":[{"pref":"岩手県","city":"宮古市","town":"末広町"}],"0058":[{"pref":"岩手県","city":"宮古市","town":"千徳"}],"0043":[{"pref":"岩手県","city":"宮古市","town":"千徳町"}],"0024":[{"pref":"岩手県","city":"宮古市","town":"磯鶏"}],"0022":[{"pref":"岩手県","city":"宮古市","town":"磯鶏石崎"}],"0023":[{"pref":"岩手県","city":"宮古市","town":"磯鶏沖"}],"0027":[{"pref":"岩手県","city":"宮古市","town":"磯鶏西"}],"0032":[{"pref":"岩手県","city":"宮古市","town":"高浜"}],"0036":[{"pref":"岩手県","city":"宮古市","town":"田鎖"}],"0009":[{"pref":"岩手県","city":"宮古市","town":"蛸の浜町"}],"0067":[{"pref":"岩手県","city":"宮古市","town":"田代"}],"0077":[{"pref":"岩手県","city":"宮古市","town":"舘合町"}],"0066":[{"pref":"岩手県","city":"宮古市","town":"田の神"}],"0307":[{"pref":"岩手県","city":"宮古市","town":"田老"}],"0359":[{"pref":"岩手県","city":"宮古市","town":"田老青倉"}],"0322":[{"pref":"岩手県","city":"宮古市","town":"田老青砂里"}],"0375":[{"pref":"岩手県","city":"宮古市","town":"田老青野滝"}],"0374":[{"pref":"岩手県","city":"宮古市","town":"田老青野滝北"}],"0376":[{"pref":"岩手県","city":"宮古市","town":"田老青野滝南"}],"0305":[{"pref":"岩手県","city":"宮古市","town":"田老荒谷"}],"0321":[{"pref":"岩手県","city":"宮古市","town":"田老乙部"}],"0379":[{"pref":"岩手県","city":"宮古市","town":"田老乙部野"}],"0378":[{"pref":"岩手県","city":"宮古市","town":"田老重津部"}],"0377":[{"pref":"岩手県","city":"宮古市","town":"田老重津部北"}],"0332":[{"pref":"岩手県","city":"宮古市","town":"田老樫内"}],"0382":[{"pref":"岩手県","city":"宮古市","town":"田老片巻"}],"0388":[{"pref":"岩手県","city":"宮古市","town":"田老上沖"}],"0343":[{"pref":"岩手県","city":"宮古市","town":"田老上小田代"}],"0383":[{"pref":"岩手県","city":"宮古市","town":"田老上摂待"}],"0306":[{"pref":"岩手県","city":"宮古市","town":"田老川向"}],"0386":[{"pref":"岩手県","city":"宮古市","town":"田老胡桃畑"}],"0304":[{"pref":"岩手県","city":"宮古市","town":"田老ケラス"}],"0312":[{"pref":"岩手県","city":"宮古市","town":"田老越田"}],"0342":[{"pref":"岩手県","city":"宮古市","town":"田老小田代"}],"0351":[{"pref":"岩手県","city":"宮古市","town":"田老小林"}],"0361":[{"pref":"岩手県","city":"宮古市","town":"田老小堀内"}],"0362":[{"pref":"岩手県","city":"宮古市","town":"田老小堀内南"}],"0347":[{"pref":"岩手県","city":"宮古市","town":"田老笹見平"}],"0325":[{"pref":"岩手県","city":"宮古市","town":"田老三王"}],"0345":[{"pref":"岩手県","city":"宮古市","town":"田老篠倉"}],"0385":[{"pref":"岩手県","city":"宮古市","town":"田老下摂待"}],"0313":[{"pref":"岩手県","city":"宮古市","town":"田老駿達"}],"0364":[{"pref":"岩手県","city":"宮古市","town":"田老新田"}],"0355":[{"pref":"岩手県","city":"宮古市","town":"田老末前"}],"0367":[{"pref":"岩手県","city":"宮古市","town":"田老鈴子沢"}],"0384":[{"pref":"岩手県","city":"宮古市","town":"田老摂待"}],"0365":[{"pref":"岩手県","city":"宮古市","town":"田老滝の沢"}],"0344":[{"pref":"岩手県","city":"宮古市","town":"田老辰の口"}],"0301":[{"pref":"岩手県","city":"宮古市","town":"田老館が森"}],"0358":[{"pref":"岩手県","city":"宮古市","town":"田老立腰"}],"0302":[{"pref":"岩手県","city":"宮古市","town":"田老田中"}],"0303":[{"pref":"岩手県","city":"宮古市","town":"田老田の沢"}],"0363":[{"pref":"岩手県","city":"宮古市","town":"田老長畑"}],"0346":[{"pref":"岩手県","city":"宮古市","town":"田老七滝"}],"0331":[{"pref":"岩手県","city":"宮古市","town":"田老西向山"}],"0366":[{"pref":"岩手県","city":"宮古市","town":"田老新田平"}],"0323":[{"pref":"岩手県","city":"宮古市","town":"田老野原"}],"0387":[{"pref":"岩手県","city":"宮古市","town":"田老畑"}],"0333":[{"pref":"岩手県","city":"宮古市","town":"田老古田"}],"0381":[{"pref":"岩手県","city":"宮古市","town":"田老星山"}],"0371":[{"pref":"岩手県","city":"宮古市","town":"田老水沢"}],"0372":[{"pref":"岩手県","city":"宮古市","town":"田老水沢南"}],"0357":[{"pref":"岩手県","city":"宮古市","town":"田老向桑畑"}],"0373":[{"pref":"岩手県","city":"宮古市","town":"田老向新田"}],"0324":[{"pref":"岩手県","city":"宮古市","town":"田老向山"}],"0354":[{"pref":"岩手県","city":"宮古市","town":"田老森崎"}],"0352":[{"pref":"岩手県","city":"宮古市","town":"田老八幡水神"}],"0341":[{"pref":"岩手県","city":"宮古市","town":"田老養呂地"}],"0311":[{"pref":"岩手県","city":"宮古市","town":"田老和野"}],"0353":[{"pref":"岩手県","city":"宮古市","town":"田老和蒔"}],"0356":[{"pref":"岩手県","city":"宮古市","town":"田老和山"}],"0056":[{"pref":"岩手県","city":"宮古市","town":"近内"}],"0203":[{"pref":"岩手県","city":"宮古市","town":"津軽石"}],"0091":[{"pref":"岩手県","city":"宮古市","town":"築地"}],"0093":[{"pref":"岩手県","city":"宮古市","town":"中里団地"}],"0034":[{"pref":"岩手県","city":"宮古市","town":"長沢"}],"0055":[{"pref":"岩手県","city":"宮古市","town":"長根"}],"0053":[{"pref":"岩手県","city":"宮古市","town":"長町"}],"0041":[{"pref":"岩手県","city":"宮古市","town":"西ケ丘"}],"0061":[{"pref":"岩手県","city":"宮古市","town":"西町"}],"0047":[{"pref":"岩手県","city":"宮古市","town":"根市"}],"0035":[{"pref":"岩手県","city":"宮古市","town":"花輪"}],"0007":[{"pref":"岩手県","city":"宮古市","town":"日影町"}],"0001":[{"pref":"岩手県","city":"宮古市","town":"日立浜町"}],"0094":[{"pref":"岩手県","city":"宮古市","town":"日の出町"}],"0029":[{"pref":"岩手県","city":"宮古市","town":"藤の川"}],"0021":[{"pref":"岩手県","city":"宮古市","town":"藤原"},{"pref":"岩手県","city":"宮古市","town":"藤原上町"}],"0074":[{"pref":"岩手県","city":"宮古市","town":"保久田"}],"0037":[{"pref":"岩手県","city":"宮古市","town":"松山"}],"0025":[{"pref":"岩手県","city":"宮古市","town":"実田"}],"0073":[{"pref":"岩手県","city":"宮古市","town":"緑ケ丘"}],"0003":[{"pref":"岩手県","city":"宮古市","town":"港町"}],"0051":[{"pref":"岩手県","city":"宮古市","town":"南町"}],"0064":[{"pref":"岩手県","city":"宮古市","town":"宮園"}],"0052":[{"pref":"岩手県","city":"宮古市","town":"宮町"}],"0082":[{"pref":"岩手県","city":"宮古市","town":"向町"}],"0089":[{"pref":"岩手県","city":"宮古市","town":"本町"}],"0031":[{"pref":"岩手県","city":"宮古市","town":"八木沢"}],"0063":[{"pref":"岩手県","city":"宮古市","town":"山口"}],"0002":[{"pref":"岩手県","city":"宮古市","town":"山根町"}],"0087":[{"pref":"岩手県","city":"宮古市","town":"横町"}],"0004":[{"pref":"岩手県","city":"宮古市","town":"臨港通"}],"0045":[{"pref":"岩手県","city":"宮古市","town":"老木"}],"0075":[{"pref":"岩手県","city":"宮古市","town":"和見町"}],"0026":[{"pref":"岩手県","city":"宮古市","town":"上村"}],"0500":[{"pref":"岩手県","city":"下閉伊郡岩泉町","town":"以下に掲載がない場合"}],"0611":[{"pref":"岩手県","city":"下閉伊郡岩泉町","town":"安家"}],"0508":[{"pref":"岩手県","city":"下閉伊郡岩泉町","town":"尼額"}],"0501":[{"pref":"岩手県","city":"下閉伊郡岩泉町","town":"岩泉"}],"0502":[{"pref":"岩手県","city":"下閉伊郡岩泉町","town":"乙茂"}],"0421":[{"pref":"岩手県","city":"下閉伊郡岩泉町","town":"小本"}],"0505":[{"pref":"岩手県","city":"下閉伊郡岩泉町","town":"上有芸"}],"0503":[{"pref":"岩手県","city":"下閉伊郡岩泉町","town":"猿沢"}],"0504":[{"pref":"岩手県","city":"下閉伊郡岩泉町","town":"下有芸"}],"0506":[{"pref":"岩手県","city":"下閉伊郡岩泉町","town":"鼠入"}],"0423":[{"pref":"岩手県","city":"下閉伊郡岩泉町","town":"中里"}],"0422":[{"pref":"岩手県","city":"下閉伊郡岩泉町","town":"中島"}],"0507":[{"pref":"岩手県","city":"下閉伊郡岩泉町","town":"二升石"}],"0424":[{"pref":"岩手県","city":"下閉伊郡岩泉町","town":"袰野"}]}