{"1101":[{"pref":"宮城県","city":"仙台市太白区","town":"四郎丸"}],"1102":[{"pref":"宮城県","city":"仙台市太白区","town":"袋原"}],"1103":[{"pref":"宮城県","city":"仙台市太白区","town":"中田町"}],"1104":[{"pref":"宮城県","city":"仙台市太白区","town":"中田"}],"1105":[{"pref":"宮城県","city":"仙台市太白区","town":"西中田"}],"1106":[{"pref":"宮城県","city":"仙台市太白区","town":"柳生"}],"1107":[{"pref":"宮城県","city":"仙台市太白区","town":"東中田"}],"1200":[{"pref":"宮城県","city":"名取市","town":"以下に掲載がない場合"}],"1201":[{"pref":"宮城県","city":"名取市","town":"下増田（その他）"}],"1202":[{"pref":"宮城県","city":"名取市","town":"閖上西"}],"1203":[{"pref":"宮城県","city":"名取市","town":"閖上中央"}],"1204":[{"pref":"宮城県","city":"名取市","town":"閖上東"}],"1211":[{"pref":"宮城県","city":"名取市","town":"高柳"}],"1212":[{"pref":"宮城県","city":"名取市","town":"小塚原"}],"1213":[{"pref":"宮城県","city":"名取市","town":"閖上"}],"1214":[{"pref":"宮城県","city":"名取市","town":"杉ケ袋"}],"1215":[{"pref":"宮城県","city":"名取市","town":"牛野"}],"1216":[{"pref":"宮城県","city":"名取市","town":"大曲"}],"1217":[{"pref":"宮城県","city":"名取市","town":"美田園"}],"1218":[{"pref":"宮城県","city":"名取市","town":"美田園北"}],"1221":[{"pref":"宮城県","city":"名取市","town":"田高"}],"1222":[{"pref":"宮城県","city":"名取市","town":"上余田"}],"1223":[{"pref":"宮城県","city":"名取市","town":"下余田"}],"1224":[{"pref":"宮城県","city":"名取市","town":"増田"}],"1225":[{"pref":"宮城県","city":"名取市","town":"飯野坂"}],"1226":[{"pref":"宮城県","city":"名取市","town":"植松"}],"1227":[{"pref":"宮城県","city":"名取市","town":"杜せきのした"}],"1230":[{"pref":"宮城県","city":"名取市","town":"愛の杜"}],"1231":[{"pref":"宮城県","city":"名取市","town":"手倉田"}],"1232":[{"pref":"宮城県","city":"名取市","town":"大手町"}],"1233":[{"pref":"宮城県","city":"名取市","town":"小山"}],"1234":[{"pref":"宮城県","city":"名取市","town":"箱塚"}],"1235":[{"pref":"宮城県","city":"名取市","town":"名取が丘"}],"1236":[{"pref":"宮城県","city":"名取市","town":"愛島小豆島"}],"1237":[{"pref":"宮城県","city":"名取市","town":"愛島北目"}],"1238":[{"pref":"宮城県","city":"名取市","town":"愛島笠島"}],"1239":[{"pref":"宮城県","city":"名取市","town":"愛島塩手"}],"1240":[{"pref":"宮城県","city":"名取市","town":"愛島郷"}],"1241":[{"pref":"宮城県","city":"名取市","town":"高舘熊野堂"}],"1242":[{"pref":"宮城県","city":"名取市","town":"高舘吉田"}],"1243":[{"pref":"宮城県","city":"名取市","town":"高舘川上"}],"1244":[{"pref":"宮城県","city":"名取市","town":"那智が丘"}],"1245":[{"pref":"宮城県","city":"名取市","town":"ゆりが丘"}],"1246":[{"pref":"宮城県","city":"名取市","town":"相互台"}],"1247":[{"pref":"宮城県","city":"名取市","town":"みどり台"}],"1248":[{"pref":"宮城県","city":"名取市","town":"相互台東"}],"1251":[{"pref":"宮城県","city":"名取市","town":"愛島台"}],"1500":[{"pref":"宮城県","city":"角田市","town":"以下に掲載がない場合"}],"1501":[{"pref":"宮城県","city":"角田市","town":"藤田"}],"1502":[{"pref":"宮城県","city":"角田市","town":"尾山"}],"1503":[{"pref":"宮城県","city":"角田市","town":"島田"}],"1504":[{"pref":"宮城県","city":"角田市","town":"枝野"}],"1505":[{"pref":"宮城県","city":"角田市","town":"角田"}],"1511":[{"pref":"宮城県","city":"角田市","town":"花島"}],"1512":[{"pref":"宮城県","city":"角田市","town":"横倉"}],"1513":[{"pref":"宮城県","city":"角田市","town":"豊室"}],"1514":[{"pref":"宮城県","city":"角田市","town":"小田"}],"1515":[{"pref":"宮城県","city":"角田市","town":"笠島"}],"1516":[{"pref":"宮城県","city":"角田市","town":"高倉"}],"1517":[{"pref":"宮城県","city":"角田市","town":"毛萱"}],"1518":[{"pref":"宮城県","city":"角田市","town":"稲置"}],"1521":[{"pref":"宮城県","city":"角田市","town":"江尻"}],"1522":[{"pref":"宮城県","city":"角田市","town":"佐倉"}],"1523":[{"pref":"宮城県","city":"角田市","town":"梶賀"}],"1524":[{"pref":"宮城県","city":"角田市","town":"岡"}],"1525":[{"pref":"宮城県","city":"角田市","town":"君萱"}],"1526":[{"pref":"宮城県","city":"角田市","town":"神次郎"}],"1531":[{"pref":"宮城県","city":"角田市","town":"鳩原"}],"1532":[{"pref":"宮城県","city":"角田市","town":"小坂"}],"1533":[{"pref":"宮城県","city":"角田市","town":"平貫"}],"1534":[{"pref":"宮城県","city":"角田市","town":"坂津田"}],"2100":[{"pref":"宮城県","city":"伊具郡丸森町","town":"以下に掲載がない場合"}],"2101":[{"pref":"宮城県","city":"伊具郡丸森町","town":"舘矢間木沼"}],"2102":[{"pref":"宮城県","city":"伊具郡丸森町","town":"舘矢間舘山"}],"2103":[{"pref":"宮城県","city":"伊具郡丸森町","town":"舘矢間山田"}],"2104":[{"pref":"宮城県","city":"伊具郡丸森町","town":"大舘"}],"2105":[{"pref":"宮城県","city":"伊具郡丸森町","town":"舘矢間松掛"}],"2106":[{"pref":"宮城県","city":"伊具郡丸森町","town":"木沼"}],"2111":[{"pref":"宮城県","city":"伊具郡丸森町","town":"神明"},{"pref":"宮城県","city":"伊具郡丸森町","town":"神明東"},{"pref":"宮城県","city":"伊具郡丸森町","town":"神明南"}],"2112":[{"pref":"宮城県","city":"伊具郡丸森町","town":"石渕"},{"pref":"宮城県","city":"伊具郡丸森町","town":"作田"},{"pref":"宮城県","city":"伊具郡丸森町","town":"城東"},{"pref":"宮城県","city":"伊具郡丸森町","town":"新町"},{"pref":"宮城県","city":"伊具郡丸森町","town":"平"},{"pref":"宮城県","city":"伊具郡丸森町","town":"寺内"},{"pref":"宮城県","city":"伊具郡丸森町","town":"寺内前"},{"pref":"宮城県","city":"伊具郡丸森町","town":"羽山"},{"pref":"宮城県","city":"伊具郡丸森町","town":"蛭田"},{"pref":"宮城県","city":"伊具郡丸森町","town":"渕ノ上"},{"pref":"宮城県","city":"伊具郡丸森町","town":"矢洗"}],"2113":[{"pref":"宮城県","city":"伊具郡丸森町","town":"越田"},{"pref":"宮城県","city":"伊具郡丸森町","town":"羽入"},{"pref":"宮城県","city":"伊具郡丸森町","town":"羽入前"},{"pref":"宮城県","city":"伊具郡丸森町","town":"宮脇"}],"2114":[{"pref":"宮城県","city":"伊具郡丸森町","town":"赤堀"},{"pref":"宮城県","city":"伊具郡丸森町","town":"泉"},{"pref":"宮城県","city":"伊具郡丸森町","town":"泉下"},{"pref":"宮城県","city":"伊具郡丸森町","town":"大目"},{"pref":"宮城県","city":"伊具郡丸森町","town":"北前"},{"pref":"宮城県","city":"伊具郡丸森町","town":"天王"}],"2115":[{"pref":"宮城県","city":"伊具郡丸森町","town":"稲場"},{"pref":"宮城県","city":"伊具郡丸森町","town":"稲場東"},{"pref":"宮城県","city":"伊具郡丸森町","town":"三瓶内"},{"pref":"宮城県","city":"伊具郡丸森町","town":"沼"},{"pref":"宮城県","city":"伊具郡丸森町","town":"前河原"},{"pref":"宮城県","city":"伊具郡丸森町","town":"山古谷"}],"2116":[{"pref":"宮城県","city":"伊具郡丸森町","town":"石倉"},{"pref":"宮城県","city":"伊具郡丸森町","town":"石倉前"},{"pref":"宮城県","city":"伊具郡丸森町","town":"石羽"},{"pref":"宮城県","city":"伊具郡丸森町","town":"上滝東"},{"pref":"宮城県","city":"伊具郡丸森町","town":"上滝西"},{"pref":"宮城県","city":"伊具郡丸森町","town":"桜渕"},{"pref":"宮城県","city":"伊具郡丸森町","town":"新田向"},{"pref":"宮城県","city":"伊具郡丸森町","town":"新田東"},{"pref":"宮城県","city":"伊具郡丸森町","town":"新田西"},{"pref":"宮城県","city":"伊具郡丸森町","town":"高松"},{"pref":"宮城県","city":"伊具郡丸森町","town":"滝原"},{"pref":"宮城県","city":"伊具郡丸森町","town":"不動"}],"2117":[{"pref":"宮城県","city":"伊具郡丸森町","town":"上林東"},{"pref":"宮城県","city":"伊具郡丸森町","town":"上林西"},{"pref":"宮城県","city":"伊具郡丸森町","town":"上林南"},{"pref":"宮城県","city":"伊具郡丸森町","town":"中島"},{"pref":"宮城県","city":"伊具郡丸森町","town":"畑中"},{"pref":"宮城県","city":"伊具郡丸森町","town":"和田東"},{"pref":"宮城県","city":"伊具郡丸森町","town":"和田西"}],"2121":[{"pref":"宮城県","city":"伊具郡丸森町","town":"吉田"}],"2122":[{"pref":"宮城県","city":"伊具郡丸森町","town":"荒田"},{"pref":"宮城県","city":"伊具郡丸森町","town":"福沢"},{"pref":"宮城県","city":"伊具郡丸森町","town":"福沢前"}],"2123":[{"pref":"宮城県","city":"伊具郡丸森町","town":"原場"},{"pref":"宮城県","city":"伊具郡丸森町","town":"柳田"}],"2124":[{"pref":"宮城県","city":"伊具郡丸森町","town":"切立"},{"pref":"宮城県","city":"伊具郡丸森町","town":"椚塚"}],"2125":[{"pref":"宮城県","city":"伊具郡丸森町","town":"深田上"},{"pref":"宮城県","city":"伊具郡丸森町","town":"深田下"}],"2126":[{"pref":"宮城県","city":"伊具郡丸森町","town":"梅木坂"},{"pref":"宮城県","city":"伊具郡丸森町","town":"金ケ作"},{"pref":"宮城県","city":"伊具郡丸森町","town":"金ケ作前"}],"2127":[{"pref":"宮城県","city":"伊具郡丸森町","town":"中ノ内"}],"2131":[{"pref":"宮城県","city":"伊具郡丸森町","town":"銀杏"},{"pref":"宮城県","city":"伊具郡丸森町","town":"後屋敷"},{"pref":"宮城県","city":"伊具郡丸森町","town":"五福谷"},{"pref":"宮城県","city":"伊具郡丸森町","town":"四反田"},{"pref":"宮城県","city":"伊具郡丸森町","town":"上地"},{"pref":"宮城県","city":"伊具郡丸森町","town":"塚田"},{"pref":"宮城県","city":"伊具郡丸森町","town":"坂上"}],"2132":[{"pref":"宮城県","city":"伊具郡丸森町","town":"牛子"},{"pref":"宮城県","city":"伊具郡丸森町","town":"薄平"},{"pref":"宮城県","city":"伊具郡丸森町","town":"馬渕"},{"pref":"宮城県","city":"伊具郡丸森町","town":"向原"},{"pref":"宮城県","city":"伊具郡丸森町","town":"蕨平"}],"2133":[{"pref":"宮城県","city":"伊具郡丸森町","town":"秋柴"},{"pref":"宮城県","city":"伊具郡丸森町","town":"四重麦一"},{"pref":"宮城県","city":"伊具郡丸森町","town":"四重麦二"},{"pref":"宮城県","city":"伊具郡丸森町","town":"四重麦三"},{"pref":"宮城県","city":"伊具郡丸森町","town":"四重麦四"},{"pref":"宮城県","city":"伊具郡丸森町","town":"四重麦五"},{"pref":"宮城県","city":"伊具郡丸森町","town":"四重麦六"},{"pref":"宮城県","city":"伊具郡丸森町","town":"四重麦七"}],"2134":[{"pref":"宮城県","city":"伊具郡丸森町","town":"峠上"},{"pref":"宮城県","city":"伊具郡丸森町","town":"峠革踏石"},{"pref":"宮城県","city":"伊具郡丸森町","town":"峠小屋下"},{"pref":"宮城県","city":"伊具郡丸森町","town":"峠境"},{"pref":"宮城県","city":"伊具郡丸森町","town":"峠坂下"},{"pref":"宮城県","city":"伊具郡丸森町","town":"峠下"},{"pref":"宮城県","city":"伊具郡丸森町","town":"峠滝沢"},{"pref":"宮城県","city":"伊具郡丸森町","town":"峠野上"},{"pref":"宮城県","city":"伊具郡丸森町","town":"峠橋元"},{"pref":"宮城県","city":"伊具郡丸森町","town":"峠前"},{"pref":"宮城県","city":"伊具郡丸森町","town":"峠廻戸"},{"pref":"宮城県","city":"伊具郡丸森町","town":"峠向"},{"pref":"宮城県","city":"伊具郡丸森町","town":"峠横向"}],"2141":[{"pref":"宮城県","city":"伊具郡丸森町","town":"板山"},{"pref":"宮城県","city":"伊具郡丸森町","town":"梅木平"},{"pref":"宮城県","city":"伊具郡丸森町","town":"北沢"},{"pref":"宮城県","city":"伊具郡丸森町","town":"小保田"}],"2142":[{"pref":"宮城県","city":"伊具郡丸森町","town":"飯泉"},{"pref":"宮城県","city":"伊具郡丸森町","town":"飯塚"},{"pref":"宮城県","city":"伊具郡丸森町","town":"飯塚下"},{"pref":"宮城県","city":"伊具郡丸森町","town":"竹谷"},{"pref":"宮城県","city":"伊具郡丸森町","town":"垂松"},{"pref":"宮城県","city":"伊具郡丸森町","town":"日向"},{"pref":"宮城県","city":"伊具郡丸森町","town":"日向上"}],"2143":[{"pref":"宮城県","city":"伊具郡丸森町","town":"虚空蔵上"},{"pref":"宮城県","city":"伊具郡丸森町","town":"虚空蔵中"},{"pref":"宮城県","city":"伊具郡丸森町","town":"虚空蔵下"}],"2144":[{"pref":"宮城県","city":"伊具郡丸森町","town":"大畑"},{"pref":"宮城県","city":"伊具郡丸森町","town":"大畑前"},{"pref":"宮城県","city":"伊具郡丸森町","town":"土ケ森"},{"pref":"宮城県","city":"伊具郡丸森町","town":"武士沢"},{"pref":"宮城県","city":"伊具郡丸森町","town":"由縄坂"}],"2145":[{"pref":"宮城県","city":"伊具郡丸森町","town":"川田島"},{"pref":"宮城県","city":"伊具郡丸森町","town":"川田島菅"},{"pref":"宮城県","city":"伊具郡丸森町","town":"川端"},{"pref":"宮城県","city":"伊具郡丸森町","town":"五本松"}],"2146":[{"pref":"宮城県","city":"伊具郡丸森町","town":"欠入上"},{"pref":"宮城県","city":"伊具郡丸森町","town":"欠入下"},{"pref":"宮城県","city":"伊具郡丸森町","town":"欠入菅"},{"pref":"宮城県","city":"伊具郡丸森町","town":"欠入前山"},{"pref":"宮城県","city":"伊具郡丸森町","town":"関場"},{"pref":"宮城県","city":"伊具郡丸森町","town":"手掛橋中"},{"pref":"宮城県","city":"伊具郡丸森町","town":"手掛橋東"},{"pref":"宮城県","city":"伊具郡丸森町","town":"手掛橋西"},{"pref":"宮城県","city":"伊具郡丸森町","town":"中道"},{"pref":"宮城県","city":"伊具郡丸森町","town":"広町"}],"2151":[{"pref":"宮城県","city":"伊具郡丸森町","town":"千刈場"}],"2152":[{"pref":"宮城県","city":"伊具郡丸森町","town":"鳥屋"},{"pref":"宮城県","city":"伊具郡丸森町","town":"花田"}],"2153":[{"pref":"宮城県","city":"伊具郡丸森町","town":"雁歌"}],"2154":[{"pref":"宮城県","city":"伊具郡丸森町","town":"大川口"},{"pref":"宮城県","city":"伊具郡丸森町","town":"大川口前"}],"2155":[{"pref":"宮城県","city":"伊具郡丸森町","town":"片岸"},{"pref":"宮城県","city":"伊具郡丸森町","town":"山崎"},{"pref":"宮城県","city":"伊具郡丸森町","town":"山崎前"}],"2156":[{"pref":"宮城県","city":"伊具郡丸森町","town":"うるし原"},{"pref":"宮城県","city":"伊具郡丸森町","town":"小塚"},{"pref":"宮城県","city":"伊具郡丸森町","town":"玉貫"},{"pref":"宮城県","city":"伊具郡丸森町","town":"菱川内"}],"2161":[{"pref":"宮城県","city":"伊具郡丸森町","town":"除南"}],"2162":[{"pref":"宮城県","city":"伊具郡丸森町","town":"除北"}],"2163":[{"pref":"宮城県","city":"伊具郡丸森町","town":"除"}],"2164":[{"pref":"宮城県","city":"伊具郡丸森町","town":"町東"}],"2165":[{"pref":"宮城県","city":"伊具郡丸森町","town":"町西"}],"2166":[{"pref":"宮城県","city":"伊具郡丸森町","town":"高畑"}],"2167":[{"pref":"宮城県","city":"伊具郡丸森町","town":"田町南"}],"2168":[{"pref":"宮城県","city":"伊具郡丸森町","town":"田町北"}],"2171":[{"pref":"宮城県","city":"伊具郡丸森町","town":"下滝"},{"pref":"宮城県","city":"伊具郡丸森町","town":"下滝南"},{"pref":"宮城県","city":"伊具郡丸森町","town":"船場"}],"2172":[{"pref":"宮城県","city":"伊具郡丸森町","town":"敷文東"},{"pref":"宮城県","city":"伊具郡丸森町","town":"敷文西"},{"pref":"宮城県","city":"伊具郡丸森町","town":"百合沢"}],"2173":[{"pref":"宮城県","city":"伊具郡丸森町","town":"天炉"},{"pref":"宮城県","city":"伊具郡丸森町","town":"船越"},{"pref":"宮城県","city":"伊具郡丸森町","town":"山田上"},{"pref":"宮城県","city":"伊具郡丸森町","town":"山田下"}],"2174":[{"pref":"宮城県","city":"伊具郡丸森町","town":"岡巻"},{"pref":"宮城県","city":"伊具郡丸森町","town":"木落"},{"pref":"宮城県","city":"伊具郡丸森町","town":"小倉"},{"pref":"宮城県","city":"伊具郡丸森町","town":"砂ノ入"}],"2181":[{"pref":"宮城県","city":"伊具郡丸森町","town":"子安"},{"pref":"宮城県","city":"伊具郡丸森町","town":"高見南"},{"pref":"宮城県","city":"伊具郡丸森町","town":"高見北"},{"pref":"宮城県","city":"伊具郡丸森町","town":"曲木"},{"pref":"宮城県","city":"伊具郡丸森町","town":"廻倉"}],"2182":[{"pref":"宮城県","city":"伊具郡丸森町","town":"覆盆子原"},{"pref":"宮城県","city":"伊具郡丸森町","town":"大鹿野"}],"2183":[{"pref":"宮城県","city":"伊具郡丸森町","town":"石釜"},{"pref":"宮城県","city":"伊具郡丸森町","town":"大高森"},{"pref":"宮城県","city":"伊具郡丸森町","town":"萱森"},{"pref":"宮城県","city":"伊具郡丸森町","town":"塩ノ貝"},{"pref":"宮城県","city":"伊具郡丸森町","town":"塩ノ貝後"},{"pref":"宮城県","city":"伊具郡丸森町","town":"空焼"},{"pref":"宮城県","city":"伊具郡丸森町","town":"角切"},{"pref":"宮城県","city":"伊具郡丸森町","town":"鳥木"},{"pref":"宮城県","city":"伊具郡丸森町","town":"屋敷"},{"pref":"宮城県","city":"伊具郡丸森町","town":"屋敷前"}],"2184":[{"pref":"宮城県","city":"伊具郡丸森町","town":"笠松"},{"pref":"宮城県","city":"伊具郡丸森町","town":"柏木"},{"pref":"宮城県","city":"伊具郡丸森町","town":"坂下"},{"pref":"宮城県","city":"伊具郡丸森町","town":"田ノ入"},{"pref":"宮城県","city":"伊具郡丸森町","town":"深田"},{"pref":"宮城県","city":"伊具郡丸森町","town":"森"}],"2185":[{"pref":"宮城県","city":"伊具郡丸森町","town":"椚林"},{"pref":"宮城県","city":"伊具郡丸森町","town":"滝の上"},{"pref":"宮城県","city":"伊具郡丸森町","town":"羽出庭"},{"pref":"宮城県","city":"伊具郡丸森町","town":"火打石"}],"2186":[{"pref":"宮城県","city":"伊具郡丸森町","town":"小坊木南"},{"pref":"宮城県","city":"伊具郡丸森町","town":"小坊木北"},{"pref":"宮城県","city":"伊具郡丸森町","town":"立沢南"},{"pref":"宮城県","city":"伊具郡丸森町","town":"立沢北"},{"pref":"宮城県","city":"伊具郡丸森町","town":"早坂"}],"2187":[{"pref":"宮城県","city":"伊具郡丸森町","town":"荒屋敷"},{"pref":"宮城県","city":"伊具郡丸森町","town":"大巻南"},{"pref":"宮城県","city":"伊具郡丸森町","town":"大巻北"},{"pref":"宮城県","city":"伊具郡丸森町","town":"川原田"},{"pref":"宮城県","city":"伊具郡丸森町","town":"川前"},{"pref":"宮城県","city":"伊具郡丸森町","town":"北原東"},{"pref":"宮城県","city":"伊具郡丸森町","town":"北原南"},{"pref":"宮城県","city":"伊具郡丸森町","town":"袖五郎"},{"pref":"宮城県","city":"伊具郡丸森町","town":"日照田"},{"pref":"宮城県","city":"伊具郡丸森町","town":"水沢"}],"2201":[{"pref":"宮城県","city":"伊具郡丸森町","town":"筆甫"}],"2301":[{"pref":"宮城県","city":"伊具郡丸森町","town":"大張大蔵"}],"2302":[{"pref":"宮城県","city":"伊具郡丸森町","town":"大張川張"}],"2303":[{"pref":"宮城県","city":"伊具郡丸森町","town":"耕野"}],"2401":[{"pref":"宮城県","city":"伊具郡丸森町","town":"小斎"}],"2402":[{"pref":"宮城県","city":"伊具郡丸森町","town":"金山"}],"2501":[{"pref":"宮城県","city":"伊具郡丸森町","town":"大内"}],"3100":[{"pref":"宮城県","city":"仙台市泉区","town":"以下に掲載がない場合"}],"3101":[{"pref":"宮城県","city":"仙台市泉区","town":"明石南"}],"3102":[{"pref":"宮城県","city":"仙台市泉区","town":"向陽台"}],"3103":[{"pref":"宮城県","city":"仙台市泉区","town":"山の寺"}],"3104":[{"pref":"宮城県","city":"仙台市泉区","town":"永和台"}],"3105":[{"pref":"宮城県","city":"仙台市泉区","town":"天神沢"}],"3106":[{"pref":"宮城県","city":"仙台市泉区","town":"歩坂町"}],"3107":[{"pref":"宮城県","city":"仙台市泉区","town":"本田町"}],"3108":[{"pref":"宮城県","city":"仙台市泉区","town":"松陵"}],"3109":[{"pref":"宮城県","city":"仙台市泉区","town":"鶴が丘"}],"3111":[{"pref":"宮城県","city":"仙台市泉区","town":"松森"}],"3112":[{"pref":"宮城県","city":"仙台市泉区","town":"八乙女"}],"3113":[{"pref":"宮城県","city":"仙台市泉区","town":"真美沢"}],"3114":[{"pref":"宮城県","city":"仙台市泉区","town":"友愛町"}],"3115":[{"pref":"宮城県","city":"仙台市泉区","town":"愛隣町"}],"3116":[{"pref":"宮城県","city":"仙台市泉区","town":"高玉町"}],"3117":[{"pref":"宮城県","city":"仙台市泉区","town":"市名坂"}],"3121":[{"pref":"宮城県","city":"仙台市泉区","town":"上谷刈"}],"3122":[{"pref":"宮城県","city":"仙台市泉区","town":"加茂"}],"3123":[{"pref":"宮城県","city":"仙台市泉区","town":"古内"}],"3124":[{"pref":"宮城県","city":"仙台市泉区","town":"野村"}],"3125":[{"pref":"宮城県","city":"仙台市泉区","town":"みずほ台"}],"3126":[{"pref":"宮城県","city":"仙台市泉区","town":"泉中央南"}],"3131":[{"pref":"宮城県","city":"仙台市泉区","town":"七北田"}],"3132":[{"pref":"宮城県","city":"仙台市泉区","town":"将監"}],"3133":[{"pref":"宮城県","city":"仙台市泉区","town":"泉中央"}],"3134":[{"pref":"宮城県","city":"仙台市泉区","town":"桂"}],"3135":[{"pref":"宮城県","city":"仙台市泉区","town":"八乙女中央"}],"3136":[{"pref":"宮城県","city":"仙台市泉区","town":"将監殿"}],"3137":[{"pref":"宮城県","city":"仙台市泉区","town":"大沢"}],"3201":[{"pref":"宮城県","city":"仙台市泉区","town":"泉ケ丘"}],"3202":[{"pref":"宮城県","city":"仙台市泉区","town":"北高森"}],"3203":[{"pref":"宮城県","city":"仙台市泉区","town":"高森"}],"3204":[{"pref":"宮城県","city":"仙台市泉区","town":"寺岡"}],"3205":[{"pref":"宮城県","city":"仙台市泉区","town":"紫山"}],"3206":[{"pref":"宮城県","city":"仙台市泉区","town":"明通"}],"3211":[{"pref":"宮城県","city":"仙台市泉区","town":"長命ケ丘東"}],"3212":[{"pref":"宮城県","city":"仙台市泉区","town":"長命ケ丘"}],"3213":[{"pref":"宮城県","city":"仙台市泉区","town":"南中山"}],"3214":[{"pref":"宮城県","city":"仙台市泉区","town":"館"}],"3215":[{"pref":"宮城県","city":"仙台市泉区","town":"北中山"}],"3216":[{"pref":"宮城県","city":"仙台市泉区","town":"小角"}],"3217":[{"pref":"宮城県","city":"仙台市泉区","town":"実沢"}],"3218":[{"pref":"宮城県","city":"仙台市泉区","town":"西中山"}],"3221":[{"pref":"宮城県","city":"仙台市泉区","town":"根白石"}],"3222":[{"pref":"宮城県","city":"仙台市泉区","town":"住吉台東"}],"3223":[{"pref":"宮城県","city":"仙台市泉区","town":"住吉台西"}],"3224":[{"pref":"宮城県","city":"仙台市泉区","town":"西田中"}],"3225":[{"pref":"宮城県","city":"仙台市泉区","town":"福岡"}],"3226":[{"pref":"宮城県","city":"仙台市泉区","town":"朴沢"}],"3271":[{"pref":"宮城県","city":"黒川郡大和町","town":"学苑"}],"3300":[{"pref":"宮城県","city":"富谷市","town":"以下に掲載がない場合"}],"3301":[{"pref":"宮城県","city":"富谷市","town":"志戸田"}],"3302":[{"pref":"宮城県","city":"富谷市","town":"三ノ関"}],"3303":[{"pref":"宮城県","city":"富谷市","town":"太子堂"}],"3304":[{"pref":"宮城県","city":"富谷市","town":"ひより台"}],"3305":[{"pref":"宮城県","city":"富谷市","town":"一ノ関"}],"3306":[{"pref":"宮城県","city":"富谷市","town":"二ノ関"}],"3311":[{"pref":"宮城県","city":"富谷市","town":"富谷"}],"3312":[{"pref":"宮城県","city":"富谷市","town":"とちの木"}],"3313":[{"pref":"宮城県","city":"富谷市","town":"高屋敷"}],"3321":[{"pref":"宮城県","city":"富谷市","town":"大童"}],"3322":[{"pref":"宮城県","city":"富谷市","town":"今泉"}],"3323":[{"pref":"宮城県","city":"富谷市","town":"大亀"}],"3324":[{"pref":"宮城県","city":"富谷市","town":"西成田"}],"3325":[{"pref":"宮城県","city":"富谷市","town":"石積"}],"3326":[{"pref":"宮城県","city":"富谷市","town":"明石"}],"3327":[{"pref":"宮城県","city":"富谷市","town":"穀田"}],"3328":[{"pref":"宮城県","city":"富谷市","town":"上桜木"}],"3329":[{"pref":"宮城県","city":"富谷市","town":"大清水"}],"3331":[{"pref":"宮城県","city":"富谷市","town":"東向陽台"}],"3332":[{"pref":"宮城県","city":"富谷市","town":"明石台"}],"3341":[{"pref":"宮城県","city":"富谷市","town":"成田"}],"3351":[{"pref":"宮城県","city":"富谷市","town":"鷹乃杜"}],"3352":[{"pref":"宮城県","city":"富谷市","town":"富ケ丘"}],"3361":[{"pref":"宮城県","city":"富谷市","town":"あけの平"}],"3362":[{"pref":"宮城県","city":"富谷市","town":"日吉台"}],"3363":[{"pref":"宮城県","city":"富谷市","town":"杜乃橋"}],"3401":[{"pref":"宮城県","city":"黒川郡大和町","town":"落合三ケ内"}],"3402":[{"pref":"宮城県","city":"黒川郡大和町","town":"落合報恩寺"}],"3403":[{"pref":"宮城県","city":"黒川郡大和町","town":"落合檜和田"}],"3404":[{"pref":"宮城県","city":"黒川郡大和町","town":"落合相川"}],"3405":[{"pref":"宮城県","city":"黒川郡大和町","town":"落合舞野"}],"3406":[{"pref":"宮城県","city":"黒川郡大和町","town":"落合蒜袋"}],"3407":[{"pref":"宮城県","city":"黒川郡大和町","town":"落合松坂"}],"3408":[{"pref":"宮城県","city":"黒川郡大和町","town":"松坂平"}],"3409":[{"pref":"宮城県","city":"黒川郡大和町","town":"流通平"}],"3411":[{"pref":"宮城県","city":"黒川郡大和町","town":"鶴巣大平"}],"3412":[{"pref":"宮城県","city":"黒川郡大和町","town":"鶴巣鳥屋"}],"3413":[{"pref":"宮城県","city":"黒川郡大和町","town":"鶴巣幕柳"}],"3414":[{"pref":"宮城県","city":"黒川郡大和町","town":"鶴巣太田"}],"3415":[{"pref":"宮城県","city":"黒川郡大和町","town":"鶴巣小鶴沢"}],"3416":[{"pref":"宮城県","city":"黒川郡大和町","town":"鶴巣山田"}],"3417":[{"pref":"宮城県","city":"黒川郡大和町","town":"鶴巣北目大崎"}],"3418":[{"pref":"宮城県","city":"黒川郡大和町","town":"鶴巣下草"}],"3419":[{"pref":"宮城県","city":"黒川郡大和町","town":"まいの"}],"3500":[{"pref":"宮城県","city":"黒川郡大郷町","town":"以下に掲載がない場合"}],"3501":[{"pref":"宮城県","city":"黒川郡大郷町","town":"大松沢"}],"3502":[{"pref":"宮城県","city":"黒川郡大郷町","town":"粕川"}],"3503":[{"pref":"宮城県","city":"黒川郡大郷町","town":"石原"}],"3511":[{"pref":"宮城県","city":"黒川郡大郷町","town":"山崎"}],"3512":[{"pref":"宮城県","city":"黒川郡大郷町","town":"不来内"}],"3513":[{"pref":"宮城県","city":"黒川郡大郷町","town":"味明"}],"3514":[{"pref":"宮城県","city":"黒川郡大郷町","town":"川内"}],"3515":[{"pref":"宮城県","city":"黒川郡大郷町","town":"羽生"}],"3521":[{"pref":"宮城県","city":"黒川郡大郷町","town":"中村"}],"3522":[{"pref":"宮城県","city":"黒川郡大郷町","town":"東成田"}],"3523":[{"pref":"宮城県","city":"黒川郡大郷町","town":"土橋"}],"3524":[{"pref":"宮城県","city":"黒川郡大郷町","town":"鶉崎"}],"3600":[{"pref":"宮城県","city":"黒川郡大和町","town":"以下に掲載がない場合"},{"pref":"宮城県","city":"黒川郡大衡村","town":"以下に掲載がない場合"}],"3601":[{"pref":"宮城県","city":"黒川郡大衡村","town":"大瓜"}],"3602":[{"pref":"宮城県","city":"黒川郡大衡村","town":"大衡"}],"3603":[{"pref":"宮城県","city":"黒川郡大衡村","town":"沖の平"}],"3604":[{"pref":"宮城県","city":"黒川郡大衡村","town":"駒場"}],"3605":[{"pref":"宮城県","city":"黒川郡大衡村","town":"大森"}],"3606":[{"pref":"宮城県","city":"黒川郡大衡村","town":"桔梗平"}],"3607":[{"pref":"宮城県","city":"黒川郡大衡村","town":"奥田"}],"3608":[{"pref":"宮城県","city":"黒川郡大衡村","town":"松の平"}],"3609":[{"pref":"宮城県","city":"黒川郡大衡村","town":"中央平"}],"3611":[{"pref":"宮城県","city":"黒川郡大衡村","town":"ときわ台"}],"3612":[{"pref":"宮城県","city":"黒川郡大衡村","town":"ときわ台南"}],"3621":[{"pref":"宮城県","city":"黒川郡大和町","town":"吉岡"}],"3622":[{"pref":"宮城県","city":"黒川郡大和町","town":"もみじケ丘"}],"3623":[{"pref":"宮城県","city":"黒川郡大和町","town":"小野"}],"3624":[{"pref":"宮城県","city":"黒川郡大和町","town":"宮床"}],"3625":[{"pref":"宮城県","city":"黒川郡大和町","town":"吉田"}],"3626":[{"pref":"宮城県","city":"黒川郡大和町","town":"吉岡南"}],"3627":[{"pref":"宮城県","city":"黒川郡大和町","town":"吉岡東"}],"3628":[{"pref":"宮城県","city":"黒川郡大和町","town":"杜の丘"}],"3629":[{"pref":"宮城県","city":"黒川郡大和町","town":"テクノヒルズ"}],"3631":[{"pref":"宮城県","city":"黒川郡大和町","town":"吉岡天皇寺東"}],"3632":[{"pref":"宮城県","city":"黒川郡大和町","town":"吉岡まほろば"}],"4100":[{"pref":"宮城県","city":"加美郡色麻町","town":"以下に掲載がない場合"}],"4101":[{"pref":"宮城県","city":"加美郡色麻町","town":"清水"}],"4102":[{"pref":"宮城県","city":"加美郡色麻町","town":"高城"}],"4103":[{"pref":"宮城県","city":"加美郡色麻町","town":"高根"}],"4104":[{"pref":"宮城県","city":"加美郡色麻町","town":"平沢"}],"4105":[{"pref":"宮城県","city":"加美郡色麻町","town":"吉田"}],"4111":[{"pref":"宮城県","city":"加美郡色麻町","town":"黒沢"}],"4112":[{"pref":"宮城県","city":"加美郡色麻町","town":"志津"}],"4121":[{"pref":"宮城県","city":"加美郡色麻町","town":"一の関"}],"4122":[{"pref":"宮城県","city":"加美郡色麻町","town":"四竃"}],"4131":[{"pref":"宮城県","city":"加美郡色麻町","town":"大"}],"4141":[{"pref":"宮城県","city":"加美郡色麻町","town":"王城寺"}],"4151":[{"pref":"宮城県","city":"加美郡色麻町","town":"小栗山"}],"4200":[{"pref":"宮城県","city":"加美郡加美町","town":"以下に掲載がない場合"}],"4201":[{"pref":"宮城県","city":"加美郡加美町","town":"上多田川"}],"4202":[{"pref":"宮城県","city":"加美郡加美町","town":"下多田川"}],"4203":[{"pref":"宮城県","city":"加美郡加美町","town":"菜切谷"}],"4211":[{"pref":"宮城県","city":"加美郡加美町","town":"上狼塚"}],"4212":[{"pref":"宮城県","city":"加美郡加美町","town":"下狼塚"}],"4213":[{"pref":"宮城県","city":"加美郡加美町","town":"平柳"}],"4221":[{"pref":"宮城県","city":"加美郡加美町","town":"四日市場"}],"4222":[{"pref":"宮城県","city":"加美郡加美町","town":"下新田"}],"4223":[{"pref":"宮城県","city":"加美郡加美町","town":"雑式ノ目"}],"4224":[{"pref":"宮城県","city":"加美郡加美町","town":"木伏"}],"4225":[{"pref":"宮城県","city":"加美郡加美町","town":"新木伏"}],"4226":[{"pref":"宮城県","city":"加美郡加美町","town":"押登目"}],"4227":[{"pref":"宮城県","city":"加美郡加美町","town":"新川原"}],"4228":[{"pref":"宮城県","city":"加美郡加美町","town":"鹿島越"}],"4229":[{"pref":"宮城県","city":"加美郡加美町","town":"薬師堂"}],"4231":[{"pref":"宮城県","city":"加美郡加美町","town":"百目木１番"}],"4232":[{"pref":"宮城県","city":"加美郡加美町","town":"百目木２番"}],"4233":[{"pref":"宮城県","city":"加美郡加美町","town":"百目木３番"}],"4234":[{"pref":"宮城県","city":"加美郡加美町","town":"旧舘１番"}],"4235":[{"pref":"宮城県","city":"加美郡加美町","town":"旧舘２番"}],"4241":[{"pref":"宮城県","city":"加美郡加美町","town":"南町"}],"4242":[{"pref":"宮城県","city":"加美郡加美町","town":"町西"}],"4251":[{"pref":"宮城県","city":"加美郡加美町","town":"西町"}],"4252":[{"pref":"宮城県","city":"加美郡加美町","town":"西田"}],"4253":[{"pref":"宮城県","city":"加美郡加美町","town":"大門"}],"4254":[{"pref":"宮城県","city":"加美郡加美町","town":"北町"}],"4255":[{"pref":"宮城県","city":"加美郡加美町","town":"岡町"}],"4256":[{"pref":"宮城県","city":"加美郡加美町","town":"下川原"}],"4261":[{"pref":"宮城県","city":"加美郡加美町","town":"町裏"}],"4262":[{"pref":"宮城県","city":"加美郡加美町","town":"一本杉"}],"4263":[{"pref":"宮城県","city":"加美郡加美町","town":"雁原"}],"4264":[{"pref":"宮城県","city":"加美郡加美町","town":"赤塚"}],"4265":[{"pref":"宮城県","city":"加美郡加美町","town":"矢越"}],"4271":[{"pref":"宮城県","city":"加美郡加美町","town":"羽場"}],"4272":[{"pref":"宮城県","city":"加美郡加美町","town":"城生"}],"4273":[{"pref":"宮城県","city":"加美郡加美町","town":"上川原"}],"4274":[{"pref":"宮城県","city":"加美郡加美町","town":"一本柳"}],"4275":[{"pref":"宮城県","city":"加美郡加美町","town":"穴畑"}],"4276":[{"pref":"宮城県","city":"加美郡加美町","town":"焼橋"}],"4277":[{"pref":"宮城県","city":"加美郡加美町","town":"一本柳南"}],"4301":[{"pref":"宮城県","city":"加美郡加美町","town":"樋田"}],"4302":[{"pref":"宮城県","city":"加美郡加美町","town":"下野目"}],"4303":[{"pref":"宮城県","city":"加美郡加美町","town":"前田下"}],"4304":[{"pref":"宮城県","city":"加美郡加美町","town":"久保"}],"4305":[{"pref":"宮城県","city":"加美郡加美町","town":"宮田"}],"4306":[{"pref":"宮城県","city":"加美郡加美町","town":"天王"}],"4308":[{"pref":"宮城県","city":"加美郡加美町","town":"長町"}],"4309":[{"pref":"宮城県","city":"加美郡加美町","town":"蓬田"}],"4311":[{"pref":"宮城県","city":"加美郡加美町","town":"板橋"}],"4312":[{"pref":"宮城県","city":"加美郡加美町","town":"月崎（皆屋敷）"}],"4313":[{"pref":"宮城県","city":"加美郡加美町","town":"二ノ坪"}],"4314":[{"pref":"宮城県","city":"加美郡加美町","town":"田中"}],"4315":[{"pref":"宮城県","city":"加美郡加美町","town":"中嶋"}],"4316":[{"pref":"宮城県","city":"加美郡加美町","town":"月崎（その他）"}],"4317":[{"pref":"宮城県","city":"加美郡加美町","town":"神山西"}],"4318":[{"pref":"宮城県","city":"加美郡加美町","town":"清水田"}],"4319":[{"pref":"宮城県","city":"加美郡加美町","town":"久保田"}],"4321":[{"pref":"宮城県","city":"加美郡加美町","town":"下原"}],"4322":[{"pref":"宮城県","city":"加美郡加美町","town":"北下原"}],"4323":[{"pref":"宮城県","city":"加美郡加美町","town":"石原"}],"4324":[{"pref":"宮城県","city":"加美郡加美町","town":"北原"}],"4325":[{"pref":"宮城県","city":"加美郡加美町","town":"五百刈"}],"4326":[{"pref":"宮城県","city":"加美郡加美町","town":"北ノ口"}],"4327":[{"pref":"宮城県","city":"加美郡加美町","town":"上野原"}],"4328":[{"pref":"宮城県","city":"加美郡加美町","town":"一里塚"}],"4329":[{"pref":"宮城県","city":"加美郡加美町","town":"鶴羽美"}],"4331":[{"pref":"宮城県","city":"加美郡加美町","town":"北寺宿"}],"4332":[{"pref":"宮城県","city":"加美郡加美町","town":"南寺宿"}],"4333":[{"pref":"宮城県","city":"加美郡加美町","town":"中畑"}],"4334":[{"pref":"宮城県","city":"加美郡加美町","town":"町屋敷"}],"4335":[{"pref":"宮城県","city":"加美郡加美町","town":"新小路"}],"4336":[{"pref":"宮城県","city":"加美郡加美町","town":"下タ川原"}],"4337":[{"pref":"宮城県","city":"加美郡加美町","town":"長檀"}],"4341":[{"pref":"宮城県","city":"加美郡加美町","town":"中原"}],"4342":[{"pref":"宮城県","city":"加美郡加美町","town":"原中原浦"}],"4343":[{"pref":"宮城県","city":"加美郡加美町","town":"内谷地"}],"4344":[{"pref":"宮城県","city":"加美郡加美町","town":"原道端屋敷"}],"4345":[{"pref":"宮城県","city":"加美郡加美町","town":"下北浦"}],"4346":[{"pref":"宮城県","city":"加美郡加美町","town":"原南江端"}],"4347":[{"pref":"宮城県","city":"加美郡加美町","town":"原高谷地屋敷"}],"4351":[{"pref":"宮城県","city":"加美郡加美町","town":"南小路"}],"4352":[{"pref":"宮城県","city":"加美郡加美町","town":"八石下"}],"4353":[{"pref":"宮城県","city":"加美郡加美町","town":"照井"}],"4354":[{"pref":"宮城県","city":"加美郡加美町","town":"麓山"}],"4355":[{"pref":"宮城県","city":"加美郡加美町","town":"鹿原"}],"4356":[{"pref":"宮城県","city":"加美郡加美町","town":"芋沢"}],"4357":[{"pref":"宮城県","city":"加美郡加美町","town":"城内"}],"4358":[{"pref":"宮城県","city":"加美郡加美町","town":"西八石"}],"4361":[{"pref":"宮城県","city":"加美郡加美町","town":"藤兵衛前"}],"4362":[{"pref":"宮城県","city":"加美郡加美町","town":"小瀬"}],"4363":[{"pref":"宮城県","city":"加美郡加美町","town":"滝下"}],"4364":[{"pref":"宮城県","city":"加美郡加美町","town":"松田"}],"4365":[{"pref":"宮城県","city":"加美郡加美町","town":"伯治"}],"4366":[{"pref":"宮城県","city":"加美郡加美町","town":"水芋"}],"4367":[{"pref":"宮城県","city":"加美郡加美町","town":"門沢"}],"4368":[{"pref":"宮城県","city":"加美郡加美町","town":"漆沢"}],"4369":[{"pref":"宮城県","city":"加美郡加美町","town":"新松田"}],"4371":[{"pref":"宮城県","city":"加美郡加美町","town":"原"}],"4372":[{"pref":"宮城県","city":"加美郡加美町","town":"長清水"}],"4373":[{"pref":"宮城県","city":"加美郡加美町","town":"原町"}],"4374":[{"pref":"宮城県","city":"加美郡加美町","town":"上野目"}],"4375":[{"pref":"宮城県","city":"加美郡加美町","town":"味ケ袋"}],"4376":[{"pref":"宮城県","city":"加美郡加美町","town":"新北雷屋敷"}],"4377":[{"pref":"宮城県","city":"加美郡加美町","town":"新南雷屋敷"}],"4381":[{"pref":"宮城県","city":"加美郡加美町","town":"大谷地"}],"4382":[{"pref":"宮城県","city":"加美郡加美町","town":"新伯治"}],"4383":[{"pref":"宮城県","city":"加美郡加美町","town":"新滝下"}],"4384":[{"pref":"宮城県","city":"加美郡加美町","town":"新藤兵衛前"}],"4385":[{"pref":"宮城県","city":"加美郡加美町","town":"下原前"}],"4386":[{"pref":"宮城県","city":"加美郡加美町","town":"城野"}],"4401":[{"pref":"宮城県","city":"加美郡加美町","town":"宮崎"}],"4402":[{"pref":"宮城県","city":"加美郡加美町","town":"北川内"}],"4403":[{"pref":"宮城県","city":"加美郡加美町","town":"柳沢"}],"4411":[{"pref":"宮城県","city":"加美郡加美町","town":"谷地森"}],"4412":[{"pref":"宮城県","city":"加美郡加美町","town":"鳥嶋"}],"4413":[{"pref":"宮城県","city":"加美郡加美町","town":"鳥屋ケ崎"}],"4414":[{"pref":"宮城県","city":"加美郡加美町","town":"孫沢"}],"4415":[{"pref":"宮城県","city":"加美郡加美町","town":"米泉"}],"4416":[{"pref":"宮城県","city":"加美郡加美町","town":"沼ケ袋"}],"4417":[{"pref":"宮城県","city":"加美郡加美町","town":"君ケ袋"}],"4418":[{"pref":"宮城県","city":"加美郡加美町","town":"小泉"}],"4419":[{"pref":"宮城県","city":"加美郡加美町","town":"木舟"}],"8001":[{"pref":"宮城県","city":"仙台市泉区","town":"南光台東"}],"8002":[{"pref":"宮城県","city":"仙台市泉区","town":"南光台南"}],"8003":[{"pref":"宮城県","city":"仙台市泉区","town":"南光台"}],"8004":[{"pref":"宮城県","city":"仙台市泉区","town":"旭丘堤"}],"8005":[{"pref":"宮城県","city":"仙台市泉区","town":"東黒松"}],"8006":[{"pref":"宮城県","city":"仙台市泉区","town":"黒松"}],"8007":[{"pref":"宮城県","city":"仙台市泉区","town":"虹の丘"}],"0916":[{"pref":"宮城県","city":"仙台市青葉区","town":"青葉町"}],"0963":[{"pref":"宮城県","city":"仙台市青葉区","town":"あけぼの町"}],"0904":[{"pref":"宮城県","city":"仙台市青葉区","town":"旭ケ丘"}],"0945":[{"pref":"宮城県","city":"仙台市青葉区","town":"荒巻（西雷神、仁田谷地、坊主門）"}],"0965":[{"pref":"宮城県","city":"仙台市青葉区","town":"荒巻神明町"}],"0964":[{"pref":"宮城県","city":"仙台市青葉区","town":"荒巻中央"}],"0966":[{"pref":"宮城県","city":"仙台市青葉区","town":"荒巻本沢"}],"0942":[{"pref":"宮城県","city":"仙台市青葉区","town":"貝ケ森"}],"0933":[{"pref":"宮城県","city":"仙台市青葉区","town":"柏木"}],"0954":[{"pref":"宮城県","city":"仙台市青葉区","town":"川平"}],"0941":[{"pref":"宮城県","city":"仙台市青葉区","town":"菊田町"}],"0902":[{"pref":"宮城県","city":"仙台市青葉区","town":"北根"}],"0901":[{"pref":"宮城県","city":"仙台市青葉区","town":"北根黒松"}],"0931":[{"pref":"宮城県","city":"仙台市青葉区","town":"北山"}],"0932":[{"pref":"宮城県","city":"仙台市青葉区","town":"木町"}],"0943":[{"pref":"宮城県","city":"仙台市青葉区","town":"国見"}],"0905":[{"pref":"宮城県","city":"仙台市青葉区","town":"小松島"}],"0906":[{"pref":"宮城県","city":"仙台市青葉区","town":"小松島新堤"}],"0922":[{"pref":"宮城県","city":"仙台市青葉区","town":"鷺ケ森"}],"0961":[{"pref":"宮城県","city":"仙台市青葉区","town":"桜ケ丘"}],"0935":[{"pref":"宮城県","city":"仙台市青葉区","town":"三条町"}],"0944":[{"pref":"宮城県","city":"仙台市青葉区","town":"子平町"}],"0913":[{"pref":"宮城県","city":"仙台市青葉区","town":"昭和町"}],"0911":[{"pref":"宮城県","city":"仙台市青葉区","town":"台原"}],"0903":[{"pref":"宮城県","city":"仙台市青葉区","town":"台原森林公園"}],"0907":[{"pref":"宮城県","city":"仙台市青葉区","town":"高松"}],"0951":[{"pref":"宮城県","city":"仙台市青葉区","town":"滝道"}],"0936":[{"pref":"宮城県","city":"仙台市青葉区","town":"千代田町"}],"0914":[{"pref":"宮城県","city":"仙台市青葉区","town":"堤通雨宮町"}],"0912":[{"pref":"宮城県","city":"仙台市青葉区","town":"堤町"}],"0908":[{"pref":"宮城県","city":"仙台市青葉区","town":"東照宮"}],"0915":[{"pref":"宮城県","city":"仙台市青葉区","town":"通町"}],"0952":[{"pref":"宮城県","city":"仙台市青葉区","town":"中山"}],"0934":[{"pref":"宮城県","city":"仙台市青葉区","town":"新坂町"}],"0953":[{"pref":"宮城県","city":"仙台市青葉区","town":"西勝山"}],"0917":[{"pref":"宮城県","city":"仙台市青葉区","town":"葉山町"}],"0923":[{"pref":"宮城県","city":"仙台市青葉区","town":"東勝山"}],"0921":[{"pref":"宮城県","city":"仙台市青葉区","town":"藤松"}],"0924":[{"pref":"宮城県","city":"仙台市青葉区","town":"双葉ケ丘"}],"0962":[{"pref":"宮城県","city":"仙台市青葉区","town":"水の森"}],"0967":[{"pref":"宮城県","city":"仙台市青葉区","town":"山手町"}],"0500":[{"pref":"宮城県","city":"東松島市","town":"以下に掲載がない場合"}],"0506":[{"pref":"宮城県","city":"東松島市","town":"あおい"}],"0501":[{"pref":"宮城県","city":"東松島市","town":"赤井"}],"0415":[{"pref":"宮城県","city":"東松島市","town":"浅井"}],"0301":[{"pref":"宮城県","city":"東松島市","town":"牛網"}],"0505":[{"pref":"宮城県","city":"東松島市","town":"大塩"}],"0414":[{"pref":"宮城県","city":"東松島市","town":"大塚"}],"0502":[{"pref":"宮城県","city":"東松島市","town":"大曲"}],"0303":[{"pref":"宮城県","city":"東松島市","town":"小野"}],"0304":[{"pref":"宮城県","city":"東松島市","town":"川下"}],"0504":[{"pref":"宮城県","city":"東松島市","town":"小松"}],"0305":[{"pref":"宮城県","city":"東松島市","town":"上下堤"}],"0413":[{"pref":"宮城県","city":"東松島市","town":"新東名"}],"0308":[{"pref":"宮城県","city":"東松島市","town":"高松"}],"0306":[{"pref":"宮城県","city":"東松島市","town":"西福田"}],"0307":[{"pref":"宮城県","city":"東松島市","town":"新田"}],"0309":[{"pref":"宮城県","city":"東松島市","town":"根古"}],"0411":[{"pref":"宮城県","city":"東松島市","town":"野蒜"}],"0416":[{"pref":"宮城県","city":"東松島市","town":"野蒜ケ丘"}],"0302":[{"pref":"宮城県","city":"東松島市","town":"浜市"}],"0507":[{"pref":"宮城県","city":"東松島市","town":"みそら"}],"0412":[{"pref":"宮城県","city":"東松島市","town":"宮戸"}],"0503":[{"pref":"宮城県","city":"東松島市","town":"矢本"}],"0200":[{"pref":"宮城県","city":"宮城郡松島町","town":"以下に掲載がない場合"}],"0212":[{"pref":"宮城県","city":"宮城郡松島町","town":"磯崎"}],"0202":[{"pref":"宮城県","city":"宮城郡松島町","town":"北小泉"}],"0214":[{"pref":"宮城県","city":"宮城郡松島町","town":"桜渡戸"}],"0215":[{"pref":"宮城県","city":"宮城郡松島町","town":"高城"}],"0201":[{"pref":"宮城県","city":"宮城郡松島町","town":"竹谷"}],"0211":[{"pref":"宮城県","city":"宮城郡松島町","town":"手樽"}],"0203":[{"pref":"宮城県","city":"宮城郡松島町","town":"根廻"}],"0205":[{"pref":"宮城県","city":"宮城郡松島町","town":"幡谷"}],"0204":[{"pref":"宮城県","city":"宮城郡松島町","town":"初原"}],"0213":[{"pref":"宮城県","city":"宮城郡松島町","town":"松島"}],"0100":[{"pref":"宮城県","city":"宮城郡利府町","town":"以下に掲載がない場合"}],"0133":[{"pref":"宮城県","city":"宮城郡利府町","town":"青葉台"}],"0131":[{"pref":"宮城県","city":"宮城郡利府町","town":"青山"}],"0101":[{"pref":"宮城県","city":"宮城郡利府町","town":"赤沼"}],"0113":[{"pref":"宮城県","city":"宮城郡利府町","town":"飯土井"}],"0102":[{"pref":"宮城県","city":"宮城郡利府町","town":"春日"}],"0111":[{"pref":"宮城県","city":"宮城郡利府町","town":"加瀬"}],"0121":[{"pref":"宮城県","city":"宮城郡利府町","town":"神谷沢"}],"0123":[{"pref":"宮城県","city":"宮城郡利府町","town":"沢乙"}],"0124":[{"pref":"宮城県","city":"宮城郡利府町","town":"沢乙東"}],"0134":[{"pref":"宮城県","city":"宮城郡利府町","town":"しらかし台"}],"0114":[{"pref":"宮城県","city":"宮城郡利府町","town":"新中道"}],"0122":[{"pref":"宮城県","city":"宮城郡利府町","town":"菅谷"}],"0135":[{"pref":"宮城県","city":"宮城郡利府町","town":"菅谷台"}],"0104":[{"pref":"宮城県","city":"宮城郡利府町","town":"中央"}],"0132":[{"pref":"宮城県","city":"宮城郡利府町","town":"花園"}],"0105":[{"pref":"宮城県","city":"宮城郡利府町","town":"葉山"}],"0136":[{"pref":"宮城県","city":"宮城郡利府町","town":"皆の丘"}],"0103":[{"pref":"宮城県","city":"宮城郡利府町","town":"森郷"}],"0112":[{"pref":"宮城県","city":"宮城郡利府町","town":"利府"}]}