{"0000":[{"pref":"長崎県","city":"大村市","town":"以下に掲載がない場合"}],"0048":[{"pref":"長崎県","city":"大村市","town":"赤佐古町"}],"0017":[{"pref":"長崎県","city":"大村市","town":"荒瀬町"}],"0033":[{"pref":"長崎県","city":"大村市","town":"荒平町"}],"0026":[{"pref":"長崎県","city":"大村市","town":"池田"}],"0029":[{"pref":"長崎県","city":"大村市","town":"池田新町"}],"0823":[{"pref":"長崎県","city":"大村市","town":"乾馬場町"}],"0818":[{"pref":"長崎県","city":"大村市","town":"今津町"}],"0018":[{"pref":"長崎県","city":"大村市","town":"今富町"}],"0843":[{"pref":"長崎県","city":"大村市","town":"今村町"}],"0044":[{"pref":"長崎県","city":"大村市","town":"岩松町"}],"0027":[{"pref":"長崎県","city":"大村市","town":"植松"}],"0804":[{"pref":"長崎県","city":"大村市","town":"大川田町"}],"0845":[{"pref":"長崎県","city":"大村市","town":"大里町"}],"0043":[{"pref":"長崎県","city":"大村市","town":"小川内町"}],"0809":[{"pref":"長崎県","city":"大村市","town":"沖田町"}],"0021":[{"pref":"長崎県","city":"大村市","town":"鬼橋町"}],"0020":[{"pref":"長崎県","city":"大村市","town":"小路口本町"}],"0025":[{"pref":"長崎県","city":"大村市","town":"小路口町"}],"0802":[{"pref":"長崎県","city":"大村市","town":"皆同町"}],"0841":[{"pref":"長崎県","city":"大村市","town":"陰平町"}],"0827":[{"pref":"長崎県","city":"大村市","town":"水主町"}],"0833":[{"pref":"長崎県","city":"大村市","town":"片町"}],"0023":[{"pref":"長崎県","city":"大村市","town":"上諏訪町"}],"0820":[{"pref":"長崎県","city":"大村市","town":"協和町"}],"0828":[{"pref":"長崎県","city":"大村市","town":"杭出津"}],"0007":[{"pref":"長崎県","city":"大村市","town":"草場町"}],"0834":[{"pref":"長崎県","city":"大村市","town":"玖島"}],"0835":[{"pref":"長崎県","city":"大村市","town":"久原"}],"0012":[{"pref":"長崎県","city":"大村市","town":"黒木町"}],"0808":[{"pref":"長崎県","city":"大村市","town":"黒丸町"}],"0817":[{"pref":"長崎県","city":"大村市","town":"古賀島町"}],"0046":[{"pref":"長崎県","city":"大村市","town":"木場"}],"0836":[{"pref":"長崎県","city":"大村市","town":"幸町"}],"0028":[{"pref":"長崎県","city":"大村市","town":"坂口町"}],"0812":[{"pref":"長崎県","city":"大村市","town":"桜馬場"}],"0031":[{"pref":"長崎県","city":"大村市","town":"三城町"}],"0011":[{"pref":"長崎県","city":"大村市","town":"重井田町"}],"0801":[{"pref":"長崎県","city":"大村市","town":"寿古町"}],"0047":[{"pref":"長崎県","city":"大村市","town":"須田ノ木町"}],"0024":[{"pref":"長崎県","city":"大村市","town":"諏訪"}],"0847":[{"pref":"長崎県","city":"大村市","town":"西部町"}],"0035":[{"pref":"長崎県","city":"大村市","town":"武部町"}],"0805":[{"pref":"長崎県","city":"大村市","town":"竹松本町"}],"0803":[{"pref":"長崎県","city":"大村市","town":"竹松町"}],"0014":[{"pref":"長崎県","city":"大村市","town":"田下町"}],"0041":[{"pref":"長崎県","city":"大村市","town":"徳泉川内町"}],"0806":[{"pref":"長崎県","city":"大村市","town":"富の原"}],"0842":[{"pref":"長崎県","city":"大村市","town":"中里町"}],"0013":[{"pref":"長崎県","city":"大村市","town":"中岳町"}],"0821":[{"pref":"長崎県","city":"大村市","town":"西乾馬場町"}],"0813":[{"pref":"長崎県","city":"大村市","town":"西大村本町"}],"0825":[{"pref":"長崎県","city":"大村市","town":"西三城町"}],"0837":[{"pref":"長崎県","city":"大村市","town":"西本町"}],"0003":[{"pref":"長崎県","city":"大村市","town":"野岳町"}],"0019":[{"pref":"長崎県","city":"大村市","town":"野田町"}],"0811":[{"pref":"長崎県","city":"大村市","town":"原口町"}],"0016":[{"pref":"長崎県","city":"大村市","town":"原町"}],"0032":[{"pref":"長崎県","city":"大村市","town":"東大村"}],"0826":[{"pref":"長崎県","city":"大村市","town":"東三城町"}],"0002":[{"pref":"長崎県","city":"大村市","town":"東野岳町"}],"0831":[{"pref":"長崎県","city":"大村市","town":"東本町"}],"0846":[{"pref":"長崎県","city":"大村市","town":"日泊町"}],"0042":[{"pref":"長崎県","city":"大村市","town":"平町"}],"0006":[{"pref":"長崎県","city":"大村市","town":"福重町"}],"0822":[{"pref":"長崎県","city":"大村市","town":"古町"}],"0832":[{"pref":"長崎県","city":"大村市","town":"本町"}],"0022":[{"pref":"長崎県","city":"大村市","town":"雄ケ原町"}],"0814":[{"pref":"長崎県","city":"大村市","town":"松並"}],"0008":[{"pref":"長崎県","city":"大村市","town":"松原"}],"0009":[{"pref":"長崎県","city":"大村市","town":"松原本町"}],"0829":[{"pref":"長崎県","city":"大村市","town":"松山町"}],"0816":[{"pref":"長崎県","city":"大村市","town":"箕島町"}],"0824":[{"pref":"長崎県","city":"大村市","town":"水田町"}],"0034":[{"pref":"長崎県","city":"大村市","town":"水計町"}],"0844":[{"pref":"長崎県","city":"大村市","town":"溝陸町"}],"0807":[{"pref":"長崎県","city":"大村市","town":"宮小路"}],"0015":[{"pref":"長崎県","city":"大村市","town":"宮代町"}],"0005":[{"pref":"長崎県","city":"大村市","town":"弥勒寺町"}],"0045":[{"pref":"長崎県","city":"大村市","town":"向木場町"}],"0001":[{"pref":"長崎県","city":"大村市","town":"武留路町"}],"0815":[{"pref":"長崎県","city":"大村市","town":"森園町"}],"0004":[{"pref":"長崎県","city":"大村市","town":"立福寺町"}]}