{"0000":[{"pref":"鳥取県","city":"米子市","town":"以下に掲載がない場合"}],"0252":[{"pref":"鳥取県","city":"米子市","town":"青木"}],"0813":[{"pref":"鳥取県","city":"米子市","town":"朝日町"}],"0046":[{"pref":"鳥取県","city":"米子市","town":"愛宕町"}],"0846":[{"pref":"鳥取県","city":"米子市","town":"安倍"}],"0021":[{"pref":"鳥取県","city":"米子市","town":"石井"}],"0833":[{"pref":"鳥取県","city":"米子市","town":"岩倉町"}],"0027":[{"pref":"鳥取県","city":"米子市","town":"陰田町"}],"0834":[{"pref":"鳥取県","city":"米子市","town":"内町"}],"0257":[{"pref":"鳥取県","city":"米子市","town":"榎原"}],"0104":[{"pref":"鳥取県","city":"米子市","town":"大崎"}],"0101":[{"pref":"鳥取県","city":"米子市","town":"大篠津町"}],"0045":[{"pref":"鳥取県","city":"米子市","town":"大谷町"}],"0256":[{"pref":"鳥取県","city":"米子市","town":"大袋"}],"0016":[{"pref":"鳥取県","city":"米子市","town":"奥谷"}],"0814":[{"pref":"鳥取県","city":"米子市","town":"尾高町"}],"0003":[{"pref":"鳥取県","city":"米子市","town":"皆生"}],"0001":[{"pref":"鳥取県","city":"米子市","town":"皆生温泉"}],"0002":[{"pref":"鳥取県","city":"米子市","town":"皆生新田"}],"0812":[{"pref":"鳥取県","city":"米子市","town":"角盤町"}],"0251":[{"pref":"鳥取県","city":"米子市","town":"兼久"}],"0255":[{"pref":"鳥取県","city":"米子市","town":"上安曇"}],"0841":[{"pref":"鳥取県","city":"米子市","town":"上後藤"}],"0004":[{"pref":"鳥取県","city":"米子市","town":"上福原"}],"0823":[{"pref":"鳥取県","city":"米子市","town":"加茂町"}],"0852":[{"pref":"鳥取県","city":"米子市","town":"河崎"}],"0051":[{"pref":"鳥取県","city":"米子市","town":"勝田町"}],"0007":[{"pref":"鳥取県","city":"米子市","town":"観音寺"}],"0009":[{"pref":"鳥取県","city":"米子市","town":"観音寺新町"}],"0047":[{"pref":"鳥取県","city":"米子市","town":"祇園町"}],"0844":[{"pref":"鳥取県","city":"米子市","town":"義方町"}],"0825":[{"pref":"鳥取県","city":"米子市","town":"錦海町"}],"0006":[{"pref":"鳥取県","city":"米子市","town":"車尾"}],"0008":[{"pref":"鳥取県","city":"米子市","town":"車尾南"}],"0824":[{"pref":"鳥取県","city":"米子市","town":"久米町"}],"0054":[{"pref":"鳥取県","city":"米子市","town":"糀町"}],"0062":[{"pref":"鳥取県","city":"米子市","town":"紺屋町"}],"0842":[{"pref":"鳥取県","city":"米子市","town":"三本松"}],"0042":[{"pref":"鳥取県","city":"米子市","town":"塩町"}],"0253":[{"pref":"鳥取県","city":"米子市","town":"下安曇"}],"0037":[{"pref":"鳥取県","city":"米子市","town":"昭和町"}],"0801":[{"pref":"鳥取県","city":"米子市","town":"新開"}],"0043":[{"pref":"鳥取県","city":"米子市","town":"末広町"}],"0013":[{"pref":"鳥取県","city":"米子市","town":"諏訪"}],"0044":[{"pref":"鳥取県","city":"米子市","town":"大工町"}],"0832":[{"pref":"鳥取県","city":"米子市","town":"立町"}],"0041":[{"pref":"鳥取県","city":"米子市","town":"茶町"}],"0831":[{"pref":"鳥取県","city":"米子市","town":"寺町"}],"0821":[{"pref":"鳥取県","city":"米子市","town":"天神町"}],"0064":[{"pref":"鳥取県","city":"米子市","town":"道笑町"}],"0103":[{"pref":"鳥取県","city":"米子市","town":"富益町"}],"0005":[{"pref":"鳥取県","city":"米子市","town":"中島"}],"0822":[{"pref":"鳥取県","city":"米子市","town":"中町"}],"0014":[{"pref":"鳥取県","city":"米子市","town":"永江"}],"0033":[{"pref":"鳥取県","city":"米子市","town":"長砂町"}],"0022":[{"pref":"鳥取県","city":"米子市","town":"奈喜良"}],"0835":[{"pref":"鳥取県","city":"米子市","town":"灘町"}],"0026":[{"pref":"鳥取県","city":"米子市","town":"新山"}],"0811":[{"pref":"鳥取県","city":"米子市","town":"錦町"}],"0816":[{"pref":"鳥取県","city":"米子市","town":"西倉吉町"}],"0826":[{"pref":"鳥取県","city":"米子市","town":"西町"}],"0805":[{"pref":"鳥取県","city":"米子市","town":"西福原"}],"0052":[{"pref":"鳥取県","city":"米子市","town":"博労町"}],"0023":[{"pref":"鳥取県","city":"米子市","town":"橋本"}],"0845":[{"pref":"鳥取県","city":"米子市","town":"旗ヶ崎"}],"0836":[{"pref":"鳥取県","city":"米子市","town":"花園町"}],"0815":[{"pref":"鳥取県","city":"米子市","town":"東倉吉町"}],"0067":[{"pref":"鳥取県","city":"米子市","town":"東町"}],"0802":[{"pref":"鳥取県","city":"米子市","town":"東福原"}],"0031":[{"pref":"鳥取県","city":"米子市","town":"東山町"}],"0855":[{"pref":"鳥取県","city":"米子市","town":"彦名新田"}],"0854":[{"pref":"鳥取県","city":"米子市","town":"彦名町"}],"0803":[{"pref":"鳥取県","city":"米子市","town":"日ノ出町"}],"0066":[{"pref":"鳥取県","city":"米子市","town":"日野町"}],"0015":[{"pref":"鳥取県","city":"米子市","town":"日原"}],"0011":[{"pref":"鳥取県","city":"米子市","town":"福市"}],"0055":[{"pref":"鳥取県","city":"米子市","town":"冨士見町"}],"0025":[{"pref":"鳥取県","city":"米子市","town":"古市"}],"0254":[{"pref":"鳥取県","city":"米子市","town":"別所"}],"0063":[{"pref":"鳥取県","city":"米子市","town":"法勝寺町"}],"0065":[{"pref":"鳥取県","city":"米子市","town":"万能町"}],"0843":[{"pref":"鳥取県","city":"米子市","town":"三旗町"}],"0034":[{"pref":"鳥取県","city":"米子市","town":"美吉"}],"0017":[{"pref":"鳥取県","city":"米子市","town":"宗像"}],"0053":[{"pref":"鳥取県","city":"米子市","town":"明治町"}],"0035":[{"pref":"鳥取県","city":"米子市","town":"目久美町"}],"0036":[{"pref":"鳥取県","city":"米子市","town":"弥生町"}],"0012":[{"pref":"鳥取県","city":"米子市","town":"八幡"}],"0032":[{"pref":"鳥取県","city":"米子市","town":"陽田町"}],"0024":[{"pref":"鳥取県","city":"米子市","town":"吉谷"}],"0105":[{"pref":"鳥取県","city":"米子市","town":"葭津"}],"0061":[{"pref":"鳥取県","city":"米子市","town":"四日市町"}],"0804":[{"pref":"鳥取県","city":"米子市","town":"米原"}],"0851":[{"pref":"鳥取県","city":"米子市","town":"夜見町"}],"0853":[{"pref":"鳥取県","city":"米子市","town":"両三柳"}],"0102":[{"pref":"鳥取県","city":"米子市","town":"和田町"}],"0300":[{"pref":"鳥取県","city":"西伯郡南部町","town":"以下に掲載がない場合"}],"0322":[{"pref":"鳥取県","city":"西伯郡南部町","town":"阿賀"}],"0227":[{"pref":"鳥取県","city":"西伯郡南部町","town":"浅井"}],"0216":[{"pref":"鳥取県","city":"西伯郡南部町","town":"朝金"}],"0218":[{"pref":"鳥取県","city":"西伯郡南部町","town":"池野"}],"0222":[{"pref":"鳥取県","city":"西伯郡南部町","town":"市山"}],"0223":[{"pref":"鳥取県","city":"西伯郡南部町","town":"井上"}],"0367":[{"pref":"鳥取県","city":"西伯郡南部町","town":"猪小路"}],"0345":[{"pref":"鳥取県","city":"西伯郡南部町","town":"大木屋"}],"0215":[{"pref":"鳥取県","city":"西伯郡南部町","town":"荻名"}],"0337":[{"pref":"鳥取県","city":"西伯郡南部町","town":"落合"}],"0331":[{"pref":"鳥取県","city":"西伯郡南部町","town":"掛相"}],"0224":[{"pref":"鳥取県","city":"西伯郡南部町","town":"金田"}],"0344":[{"pref":"鳥取県","city":"西伯郡南部町","town":"上中谷"}],"0341":[{"pref":"鳥取県","city":"西伯郡南部町","town":"鴨部"}],"0361":[{"pref":"鳥取県","city":"西伯郡南部町","town":"北方"}],"0364":[{"pref":"鳥取県","city":"西伯郡南部町","town":"絹屋"}],"0356":[{"pref":"鳥取県","city":"西伯郡南部町","town":"伐株"}],"0311":[{"pref":"鳥取県","city":"西伯郡南部町","town":"境"}],"0321":[{"pref":"鳥取県","city":"西伯郡南部町","town":"清水川"}],"0343":[{"pref":"鳥取県","city":"西伯郡南部町","town":"下中谷"}],"0226":[{"pref":"鳥取県","city":"西伯郡南部町","town":"高姫"}],"0354":[{"pref":"鳥取県","city":"西伯郡南部町","town":"武信"}],"0214":[{"pref":"鳥取県","city":"西伯郡南部町","town":"田住"}],"0217":[{"pref":"鳥取県","city":"西伯郡南部町","town":"鶴田"}],"0202":[{"pref":"鳥取県","city":"西伯郡南部町","town":"寺内"}],"0201":[{"pref":"鳥取県","city":"西伯郡南部町","town":"天万"}],"0355":[{"pref":"鳥取県","city":"西伯郡南部町","town":"道河内"}],"0334":[{"pref":"鳥取県","city":"西伯郡南部町","town":"東上"}],"0353":[{"pref":"鳥取県","city":"西伯郡南部町","town":"徳長"}],"0335":[{"pref":"鳥取県","city":"西伯郡南部町","town":"中"}],"0365":[{"pref":"鳥取県","city":"西伯郡南部町","town":"鍋倉"}],"0363":[{"pref":"鳥取県","city":"西伯郡南部町","town":"西"}],"0213":[{"pref":"鳥取県","city":"西伯郡南部町","town":"西原"}],"0302":[{"pref":"鳥取県","city":"西伯郡南部町","town":"西町"}],"0342":[{"pref":"鳥取県","city":"西伯郡南部町","town":"能竹"}],"0332":[{"pref":"鳥取県","city":"西伯郡南部町","town":"馬佐良"}],"0352":[{"pref":"鳥取県","city":"西伯郡南部町","town":"馬場"}],"0362":[{"pref":"鳥取県","city":"西伯郡南部町","town":"原"}],"0301":[{"pref":"鳥取県","city":"西伯郡南部町","town":"東町"}],"0204":[{"pref":"鳥取県","city":"西伯郡南部町","town":"福里"}],"0312":[{"pref":"鳥取県","city":"西伯郡南部町","town":"福成"}],"0336":[{"pref":"鳥取県","city":"西伯郡南部町","town":"福頼"}],"0351":[{"pref":"鳥取県","city":"西伯郡南部町","town":"法勝寺"}],"0211":[{"pref":"鳥取県","city":"西伯郡南部町","town":"円山"}],"0225":[{"pref":"鳥取県","city":"西伯郡南部町","town":"御内谷"}],"0203":[{"pref":"鳥取県","city":"西伯郡南部町","town":"三崎"}],"0221":[{"pref":"鳥取県","city":"西伯郡南部町","town":"宮前"}],"0212":[{"pref":"鳥取県","city":"西伯郡南部町","town":"諸木"}],"0333":[{"pref":"鳥取県","city":"西伯郡南部町","town":"八金"}],"0323":[{"pref":"鳥取県","city":"西伯郡南部町","town":"倭"}],"0366":[{"pref":"鳥取県","city":"西伯郡南部町","town":"与一谷"}]}