{"1100":[{"pref":"熊本県","city":"菊池郡菊陽町","town":"以下に掲載がない場合"}],"1101":[{"pref":"熊本県","city":"菊池郡菊陽町","town":"津久礼"}],"1102":[{"pref":"熊本県","city":"菊池郡菊陽町","town":"原水"}],"1103":[{"pref":"熊本県","city":"菊池郡菊陽町","town":"久保田"}],"1104":[{"pref":"熊本県","city":"菊池郡菊陽町","town":"戸次"}],"1105":[{"pref":"熊本県","city":"菊池郡菊陽町","town":"馬場楠"}],"1106":[{"pref":"熊本県","city":"菊池郡菊陽町","town":"曲手"}],"1107":[{"pref":"熊本県","city":"菊池郡菊陽町","town":"辛川"}],"1108":[{"pref":"熊本県","city":"菊池郡菊陽町","town":"光の森"}],"1109":[{"pref":"熊本県","city":"菊池郡菊陽町","town":"新山"}],"1110":[{"pref":"熊本県","city":"菊池郡菊陽町","town":"杉並台"}],"1111":[{"pref":"熊本県","city":"菊池郡菊陽町","town":"武蔵ヶ丘"}],"1112":[{"pref":"熊本県","city":"菊池郡菊陽町","town":"武蔵ヶ丘北"}],"1113":[{"pref":"熊本県","city":"菊池郡菊陽町","town":"花立"}],"1114":[{"pref":"熊本県","city":"菊池郡菊陽町","town":"向陽台"}],"1115":[{"pref":"熊本県","city":"菊池郡菊陽町","town":"沖野"}],"1200":[{"pref":"熊本県","city":"菊池郡大津町","town":"以下に掲載がない場合"}],"1201":[{"pref":"熊本県","city":"菊池市","town":"旭志弁利"}],"1202":[{"pref":"熊本県","city":"菊池市","town":"旭志麓"}],"1203":[{"pref":"熊本県","city":"菊池市","town":"旭志尾足"}],"1204":[{"pref":"熊本県","city":"菊池市","town":"旭志小原"}],"1205":[{"pref":"熊本県","city":"菊池市","town":"旭志川辺"}],"1206":[{"pref":"熊本県","city":"菊池市","town":"旭志伊坂"}],"1207":[{"pref":"熊本県","city":"菊池市","town":"旭志新明"}],"1208":[{"pref":"熊本県","city":"菊池市","town":"旭志伊萩"}],"1211":[{"pref":"熊本県","city":"菊池郡大津町","town":"矢護川"}],"1212":[{"pref":"熊本県","city":"菊池郡大津町","town":"真木"}],"1213":[{"pref":"熊本県","city":"菊池郡大津町","town":"古城"}],"1214":[{"pref":"熊本県","city":"菊池郡大津町","town":"瀬田"}],"1215":[{"pref":"熊本県","city":"菊池郡大津町","town":"外牧"}],"1216":[{"pref":"熊本県","city":"菊池郡大津町","town":"錦野"}],"1217":[{"pref":"熊本県","city":"菊池郡大津町","town":"森"}],"1218":[{"pref":"熊本県","city":"菊池郡大津町","town":"吹田"}],"1219":[{"pref":"熊本県","city":"菊池郡大津町","town":"大林"}],"1221":[{"pref":"熊本県","city":"菊池郡大津町","town":"陣内"}],"1222":[{"pref":"熊本県","city":"菊池郡大津町","town":"岩坂"}],"1223":[{"pref":"熊本県","city":"菊池郡大津町","town":"中島"}],"1224":[{"pref":"熊本県","city":"菊池郡大津町","town":"町"}],"1225":[{"pref":"熊本県","city":"菊池郡大津町","town":"下町"}],"1226":[{"pref":"熊本県","city":"菊池郡大津町","town":"灰塚"}],"1227":[{"pref":"熊本県","city":"菊池郡大津町","town":"新"}],"1231":[{"pref":"熊本県","city":"菊池郡大津町","town":"平川"}],"1232":[{"pref":"熊本県","city":"菊池郡大津町","town":"高尾野"}],"1233":[{"pref":"熊本県","city":"菊池郡大津町","town":"大津"}],"1234":[{"pref":"熊本県","city":"菊池郡大津町","town":"引水"}],"1235":[{"pref":"熊本県","city":"菊池郡大津町","town":"室"}],"1236":[{"pref":"熊本県","city":"菊池郡大津町","town":"杉水"}],"1237":[{"pref":"熊本県","city":"菊池郡大津町","town":"美咲野"}],"1400":[{"pref":"熊本県","city":"阿蘇郡南阿蘇村","town":"以下に掲載がない場合"}],"1401":[{"pref":"熊本県","city":"阿蘇郡南阿蘇村","town":"立野"}],"1402":[{"pref":"熊本県","city":"阿蘇郡南阿蘇村","town":"下野"}],"1403":[{"pref":"熊本県","city":"阿蘇郡南阿蘇村","town":"長野"}],"1404":[{"pref":"熊本県","city":"阿蘇郡南阿蘇村","town":"河陽"}],"1411":[{"pref":"熊本県","city":"阿蘇郡南阿蘇村","town":"河陰"}],"1412":[{"pref":"熊本県","city":"阿蘇郡南阿蘇村","town":"久石"}],"1501":[{"pref":"熊本県","city":"阿蘇郡南阿蘇村","town":"両併"}],"1502":[{"pref":"熊本県","city":"阿蘇郡南阿蘇村","town":"白川"}],"1503":[{"pref":"熊本県","city":"阿蘇郡南阿蘇村","town":"吉田"}],"1504":[{"pref":"熊本県","city":"阿蘇郡南阿蘇村","town":"一関"}],"1505":[{"pref":"熊本県","city":"阿蘇郡南阿蘇村","town":"中松（その他）"}],"1600":[{"pref":"熊本県","city":"阿蘇郡高森町","town":"以下に掲載がない場合"}],"1601":[{"pref":"熊本県","city":"阿蘇郡高森町","town":"上色見"}],"1602":[{"pref":"熊本県","city":"阿蘇郡高森町","town":"高森"}],"1603":[{"pref":"熊本県","city":"阿蘇郡高森町","town":"色見"}],"1811":[{"pref":"熊本県","city":"阿蘇郡高森町","town":"草部"}],"1812":[{"pref":"熊本県","city":"阿蘇郡高森町","town":"芹口"}],"1813":[{"pref":"熊本県","city":"阿蘇郡高森町","town":"菅山"}],"1814":[{"pref":"熊本県","city":"阿蘇郡高森町","town":"永野原"}],"1815":[{"pref":"熊本県","city":"阿蘇郡高森町","town":"下切"}],"1821":[{"pref":"熊本県","city":"阿蘇郡高森町","town":"中"}],"1822":[{"pref":"熊本県","city":"阿蘇郡高森町","town":"矢津田"}],"1823":[{"pref":"熊本県","city":"阿蘇郡高森町","town":"津留"}],"1824":[{"pref":"熊本県","city":"阿蘇郡高森町","town":"野尻"}],"1825":[{"pref":"熊本県","city":"阿蘇郡高森町","town":"尾下"}],"1826":[{"pref":"熊本県","city":"阿蘇郡高森町","town":"河原"}],"2205":[{"pref":"熊本県","city":"阿蘇郡南阿蘇村","town":"中松（古坊中）"}],"2221":[{"pref":"熊本県","city":"阿蘇市","town":"役犬原"}],"2222":[{"pref":"熊本県","city":"阿蘇市","town":"西町"}],"2223":[{"pref":"熊本県","city":"阿蘇市","town":"竹原"}],"2224":[{"pref":"熊本県","city":"阿蘇市","town":"蔵原"}],"2225":[{"pref":"熊本県","city":"阿蘇市","town":"黒川"}],"2226":[{"pref":"熊本県","city":"阿蘇市","town":"乙姫"}],"2231":[{"pref":"熊本県","city":"阿蘇市","town":"永草"}],"2232":[{"pref":"熊本県","city":"阿蘇市","town":"赤水"}],"2233":[{"pref":"熊本県","city":"阿蘇市","town":"無田"}],"2234":[{"pref":"熊本県","city":"阿蘇市","town":"車帰"}],"2235":[{"pref":"熊本県","city":"阿蘇市","town":"狩尾"}],"2236":[{"pref":"熊本県","city":"阿蘇市","town":"跡ケ瀬"}],"2237":[{"pref":"熊本県","city":"阿蘇市","town":"的石"}],"2301":[{"pref":"熊本県","city":"阿蘇市","town":"内牧"}],"2302":[{"pref":"熊本県","city":"阿蘇市","town":"三久保"}],"2303":[{"pref":"熊本県","city":"阿蘇市","town":"西小園"}],"2304":[{"pref":"熊本県","city":"阿蘇市","town":"西湯浦"}],"2305":[{"pref":"熊本県","city":"阿蘇市","town":"湯浦"}],"2306":[{"pref":"熊本県","city":"阿蘇市","town":"南宮原"}],"2307":[{"pref":"熊本県","city":"阿蘇市","town":"小里"}],"2311":[{"pref":"熊本県","city":"阿蘇市","town":"小池"}],"2312":[{"pref":"熊本県","city":"阿蘇市","town":"小倉"}],"2313":[{"pref":"熊本県","city":"阿蘇市","town":"山田（その他）"}],"2314":[{"pref":"熊本県","city":"阿蘇市","town":"小野田"}],"2315":[{"pref":"熊本県","city":"阿蘇市","town":"今町"}],"2316":[{"pref":"熊本県","city":"阿蘇市","town":"黒流町"}],"2400":[{"pref":"熊本県","city":"阿蘇郡南小国町","town":"以下に掲載がない場合"}],"2401":[{"pref":"熊本県","city":"阿蘇郡南小国町","town":"赤馬場"}],"2402":[{"pref":"熊本県","city":"阿蘇郡南小国町","town":"満願寺"}],"2403":[{"pref":"熊本県","city":"阿蘇郡南小国町","town":"中原"}],"2413":[{"pref":"熊本県","city":"阿蘇市","town":"山田（蔵床、橋台、茗ケ原）"}],"2500":[{"pref":"熊本県","city":"阿蘇郡小国町","town":"以下に掲載がない場合"}],"2501":[{"pref":"熊本県","city":"阿蘇郡小国町","town":"宮原"}],"2502":[{"pref":"熊本県","city":"阿蘇郡小国町","town":"黒渕"}],"2503":[{"pref":"熊本県","city":"阿蘇郡小国町","town":"下城"}],"2504":[{"pref":"熊本県","city":"阿蘇郡小国町","town":"西里"}],"2505":[{"pref":"熊本県","city":"阿蘇郡小国町","town":"北里"}],"2506":[{"pref":"熊本県","city":"阿蘇郡小国町","town":"上田"}],"2600":[{"pref":"熊本県","city":"阿蘇市","town":"以下に掲載がない場合"}],"2601":[{"pref":"熊本県","city":"阿蘇市","town":"一の宮町手野"}],"2602":[{"pref":"熊本県","city":"阿蘇市","town":"一の宮町三野"}],"2603":[{"pref":"熊本県","city":"阿蘇市","town":"一の宮町北坂梨"}],"2604":[{"pref":"熊本県","city":"阿蘇市","town":"一の宮町中坂梨"}],"2611":[{"pref":"熊本県","city":"阿蘇市","town":"一の宮町坂梨"}],"2612":[{"pref":"熊本県","city":"阿蘇市","town":"一の宮町宮地"}],"2613":[{"pref":"熊本県","city":"阿蘇市","town":"一の宮町中通"}],"2621":[{"pref":"熊本県","city":"阿蘇市","town":"一の宮町荻の草"}],"2700":[{"pref":"熊本県","city":"阿蘇郡産山村","town":"以下に掲載がない場合"}],"2701":[{"pref":"熊本県","city":"阿蘇郡産山村","town":"片俣"}],"2702":[{"pref":"熊本県","city":"阿蘇郡産山村","town":"大利"}],"2703":[{"pref":"熊本県","city":"阿蘇郡産山村","town":"山鹿"}],"2704":[{"pref":"熊本県","city":"阿蘇郡産山村","town":"田尻"}],"2705":[{"pref":"熊本県","city":"阿蘇郡産山村","town":"産山"}],"2801":[{"pref":"熊本県","city":"阿蘇市","town":"波野小地野"}],"2802":[{"pref":"熊本県","city":"阿蘇市","town":"波野小園"}],"2803":[{"pref":"熊本県","city":"阿蘇市","town":"波野赤仁田"}],"2804":[{"pref":"熊本県","city":"阿蘇市","town":"波野滝水"}],"2805":[{"pref":"熊本県","city":"阿蘇市","town":"波野中江"}],"2806":[{"pref":"熊本県","city":"阿蘇市","town":"波野波野"}],"2807":[{"pref":"熊本県","city":"阿蘇市","town":"波野新波野"}],"3171":[{"pref":"熊本県","city":"宇土市","town":"長浜町"}],"3172":[{"pref":"熊本県","city":"宇土市","town":"上網田町"}],"3173":[{"pref":"熊本県","city":"宇土市","town":"下網田町"}],"3174":[{"pref":"熊本県","city":"宇土市","town":"戸口町"}],"3175":[{"pref":"熊本県","city":"宇土市","town":"赤瀬町"}],"3201":[{"pref":"熊本県","city":"宇城市","town":"三角町大田尾"}],"3202":[{"pref":"熊本県","city":"宇城市","town":"三角町郡浦"}],"3203":[{"pref":"熊本県","city":"宇城市","town":"三角町戸馳"}],"3204":[{"pref":"熊本県","city":"宇城市","town":"三角町中村"}],"3205":[{"pref":"熊本県","city":"宇城市","town":"三角町波多"}],"3206":[{"pref":"熊本県","city":"宇城市","town":"三角町前越"}],"3207":[{"pref":"熊本県","city":"宇城市","town":"三角町三角浦"}],"3411":[{"pref":"熊本県","city":"宇城市","town":"三角町大口"}],"3412":[{"pref":"熊本県","city":"宇城市","town":"三角町手場"}],"3413":[{"pref":"熊本県","city":"宇城市","town":"三角町里浦"}],"3471":[{"pref":"熊本県","city":"宇城市","town":"不知火町永尾"}],"3472":[{"pref":"熊本県","city":"宇城市","town":"不知火町松合"}],"3473":[{"pref":"熊本県","city":"宇城市","town":"不知火町大見"}],"3600":[{"pref":"熊本県","city":"上天草市","town":"以下に掲載がない場合"}],"3601":[{"pref":"熊本県","city":"上天草市","town":"大矢野町登立"}],"3602":[{"pref":"熊本県","city":"上天草市","town":"大矢野町上"}],"3603":[{"pref":"熊本県","city":"上天草市","town":"大矢野町中"}],"3604":[{"pref":"熊本県","city":"上天草市","town":"大矢野町維和"}],"3711":[{"pref":"熊本県","city":"上天草市","town":"大矢野町湯島"}],"4201":[{"pref":"熊本県","city":"八代市","town":"鏡町鏡村"}],"4202":[{"pref":"熊本県","city":"八代市","town":"鏡町内田"}],"4203":[{"pref":"熊本県","city":"八代市","town":"鏡町鏡"}],"4204":[{"pref":"熊本県","city":"八代市","town":"鏡町芝口"}],"4205":[{"pref":"熊本県","city":"八代市","town":"鏡町野崎"}],"4211":[{"pref":"熊本県","city":"八代市","town":"鏡町上鏡"}],"4212":[{"pref":"熊本県","city":"八代市","town":"鏡町下有佐"}],"4213":[{"pref":"熊本県","city":"八代市","town":"鏡町有佐"}],"4214":[{"pref":"熊本県","city":"八代市","town":"鏡町中島"}],"4215":[{"pref":"熊本県","city":"八代市","town":"鏡町下村"}],"4221":[{"pref":"熊本県","city":"八代市","town":"鏡町宝出"}],"4222":[{"pref":"熊本県","city":"八代市","town":"鏡町両出"}],"4223":[{"pref":"熊本県","city":"八代市","town":"鏡町貝洲"}],"4224":[{"pref":"熊本県","city":"八代市","town":"鏡町塩浜"}],"4225":[{"pref":"熊本県","city":"八代市","town":"鏡町北新地"}],"4301":[{"pref":"熊本県","city":"八代市","town":"東陽町南"}],"4302":[{"pref":"熊本県","city":"八代市","town":"東陽町北"}],"4303":[{"pref":"熊本県","city":"八代市","town":"東陽町河俣"}],"4304":[{"pref":"熊本県","city":"八代市","town":"東陽町小浦"}],"4401":[{"pref":"熊本県","city":"八代市","town":"泉町柿迫（その他）"}],"4402":[{"pref":"熊本県","city":"八代市","town":"泉町栗木"}],"4403":[{"pref":"熊本県","city":"八代市","town":"泉町下岳"}],"4501":[{"pref":"熊本県","city":"八代市","town":"泉町柿迫（８６２８番地）"}],"4511":[{"pref":"熊本県","city":"八代市","town":"泉町葉木"}],"4512":[{"pref":"熊本県","city":"八代市","town":"泉町樅木"}],"4513":[{"pref":"熊本県","city":"八代市","town":"泉町久連子"}],"4514":[{"pref":"熊本県","city":"八代市","town":"泉町椎原"}],"4515":[{"pref":"熊本県","city":"八代市","town":"泉町仁田尾"}],"4600":[{"pref":"熊本県","city":"八代郡氷川町","town":"以下に掲載がない場合"}],"4601":[{"pref":"熊本県","city":"八代郡氷川町","town":"今"}],"4602":[{"pref":"熊本県","city":"八代郡氷川町","town":"宮原"}],"4603":[{"pref":"熊本県","city":"八代郡氷川町","town":"立神"}],"4604":[{"pref":"熊本県","city":"八代郡氷川町","town":"有佐"}],"4605":[{"pref":"熊本県","city":"八代郡氷川町","town":"中島"}],"4606":[{"pref":"熊本県","city":"八代郡氷川町","town":"早尾"}],"4607":[{"pref":"熊本県","city":"八代郡氷川町","town":"栫"}],"4608":[{"pref":"熊本県","city":"八代郡氷川町","town":"宮原栄久"}],"4611":[{"pref":"熊本県","city":"八代市","town":"岡町小路"}],"4612":[{"pref":"熊本県","city":"八代市","town":"岡町中"}],"4613":[{"pref":"熊本県","city":"八代市","town":"岡町谷川"}],"4614":[{"pref":"熊本県","city":"八代市","town":"興善寺町"}],"4615":[{"pref":"熊本県","city":"八代市","town":"川田町東"}],"4616":[{"pref":"熊本県","city":"八代市","town":"川田町西"}],"4701":[{"pref":"熊本県","city":"八代市","town":"千丁町太牟田"}],"4702":[{"pref":"熊本県","city":"八代市","town":"千丁町吉王丸"}],"4703":[{"pref":"熊本県","city":"八代市","town":"千丁町新牟田"}],"4704":[{"pref":"熊本県","city":"八代市","town":"千丁町古閑出"}],"4721":[{"pref":"熊本県","city":"八代市","town":"昭和日進町"}],"4722":[{"pref":"熊本県","city":"八代市","town":"昭和明徴町"}],"4723":[{"pref":"熊本県","city":"八代市","town":"昭和同仁町"}],"4801":[{"pref":"熊本県","city":"八代郡氷川町","town":"新田"}],"4802":[{"pref":"熊本県","city":"八代郡氷川町","town":"高塚"}],"4803":[{"pref":"熊本県","city":"八代郡氷川町","town":"吉本"}],"4804":[{"pref":"熊本県","city":"八代郡氷川町","town":"大野"}],"4805":[{"pref":"熊本県","city":"八代郡氷川町","town":"野津"}],"4806":[{"pref":"熊本県","city":"八代郡氷川町","town":"河原"}],"4811":[{"pref":"熊本県","city":"八代郡氷川町","town":"鹿野"}],"4812":[{"pref":"熊本県","city":"八代郡氷川町","town":"網道"}],"4813":[{"pref":"熊本県","city":"八代郡氷川町","town":"若洲"}],"4814":[{"pref":"熊本県","city":"八代郡氷川町","town":"島地"}],"4815":[{"pref":"熊本県","city":"八代郡氷川町","town":"鹿島"}],"5131":[{"pref":"熊本県","city":"八代市","town":"日奈久馬越町"}],"5132":[{"pref":"熊本県","city":"八代市","town":"日奈久下西町"}],"5133":[{"pref":"熊本県","city":"八代市","town":"日奈久中西町"}],"5134":[{"pref":"熊本県","city":"八代市","town":"日奈久上西町"}],"5135":[{"pref":"熊本県","city":"八代市","town":"日奈久中町"}],"5136":[{"pref":"熊本県","city":"八代市","town":"日奈久東町"}],"5137":[{"pref":"熊本県","city":"八代市","town":"日奈久浜町"}],"5138":[{"pref":"熊本県","city":"八代市","town":"日奈久平成町"}],"5141":[{"pref":"熊本県","city":"八代市","town":"日奈久塩南町"}],"5142":[{"pref":"熊本県","city":"八代市","town":"日奈久塩北町"}],"5143":[{"pref":"熊本県","city":"八代市","town":"日奈久竹之内町"}],"5144":[{"pref":"熊本県","city":"八代市","town":"日奈久山下町"}],"5145":[{"pref":"熊本県","city":"八代市","town":"日奈久新田町"}],"5146":[{"pref":"熊本県","city":"八代市","town":"日奈久大坪町"}],"5147":[{"pref":"熊本県","city":"八代市","town":"日奈久新開町"}],"5148":[{"pref":"熊本県","city":"八代市","town":"日奈久栄町"}],"5151":[{"pref":"熊本県","city":"八代市","town":"敷川内町"}],"5152":[{"pref":"熊本県","city":"八代市","town":"揚町"}],"5153":[{"pref":"熊本県","city":"八代市","town":"催合町"}],"5154":[{"pref":"熊本県","city":"八代市","town":"高植本町"}],"5155":[{"pref":"熊本県","city":"八代市","town":"水島町"}],"5161":[{"pref":"熊本県","city":"八代市","town":"葭牟田町"}],"5162":[{"pref":"熊本県","city":"八代市","town":"北原町"}],"5163":[{"pref":"熊本県","city":"八代市","town":"三江湖町"}],"5164":[{"pref":"熊本県","city":"八代市","town":"鼠蔵町"}],"5165":[{"pref":"熊本県","city":"八代市","town":"南平和町"}],"5166":[{"pref":"熊本県","city":"八代市","town":"北平和町"}],"5171":[{"pref":"熊本県","city":"八代市","town":"二見洲口町"}],"5172":[{"pref":"熊本県","city":"八代市","town":"二見本町"}],"5173":[{"pref":"熊本県","city":"八代市","town":"二見赤松町"}],"5174":[{"pref":"熊本県","city":"八代市","town":"二見下大野町"}],"5175":[{"pref":"熊本県","city":"八代市","town":"二見野田崎町"}],"5221":[{"pref":"熊本県","city":"八代市","town":"坂本町川嶽"}],"5222":[{"pref":"熊本県","city":"八代市","town":"坂本町鶴喰"}],"5223":[{"pref":"熊本県","city":"八代市","town":"坂本町田上"}],"5224":[{"pref":"熊本県","city":"八代市","town":"坂本町百済来下"}],"5225":[{"pref":"熊本県","city":"八代市","town":"坂本町百済来上"}],"5301":[{"pref":"熊本県","city":"葦北郡芦北町","town":"横居木"}],"5302":[{"pref":"熊本県","city":"葦北郡芦北町","town":"田浦"}],"5303":[{"pref":"熊本県","city":"葦北郡芦北町","town":"小田浦"}],"5304":[{"pref":"熊本県","city":"葦北郡芦北町","town":"海浦"}],"5305":[{"pref":"熊本県","city":"葦北郡芦北町","town":"田浦町"}],"5306":[{"pref":"熊本県","city":"葦北郡芦北町","town":"波多島"}],"5307":[{"pref":"熊本県","city":"葦北郡芦北町","town":"井牟田"}],"5400":[{"pref":"熊本県","city":"葦北郡芦北町","town":"以下に掲載がない場合"}],"5421":[{"pref":"熊本県","city":"葦北郡芦北町","town":"立川"}],"5422":[{"pref":"熊本県","city":"葦北郡芦北町","town":"大尼田"}],"5423":[{"pref":"熊本県","city":"葦北郡芦北町","town":"松生"}],"5424":[{"pref":"熊本県","city":"葦北郡芦北町","town":"伏木氏"}],"5431":[{"pref":"熊本県","city":"葦北郡芦北町","town":"乙千屋"}],"5432":[{"pref":"熊本県","city":"葦北郡芦北町","town":"宮浦"}],"5433":[{"pref":"熊本県","city":"葦北郡芦北町","town":"八幡"}],"5434":[{"pref":"熊本県","city":"葦北郡芦北町","town":"桑原"}],"5441":[{"pref":"熊本県","city":"葦北郡芦北町","town":"佐敷"}],"5442":[{"pref":"熊本県","city":"葦北郡芦北町","town":"花岡"}],"5443":[{"pref":"熊本県","city":"葦北郡芦北町","town":"田川"}],"5451":[{"pref":"熊本県","city":"葦北郡芦北町","town":"道川内"}],"5452":[{"pref":"熊本県","city":"葦北郡芦北町","town":"白岩"}],"5453":[{"pref":"熊本県","city":"葦北郡芦北町","town":"計石"}],"5454":[{"pref":"熊本県","city":"葦北郡芦北町","town":"鶴木山"}],"5461":[{"pref":"熊本県","city":"葦北郡芦北町","town":"芦北（その他）"}],"5561":[{"pref":"熊本県","city":"葦北郡芦北町","town":"芦北（北田、中割、西割、松崎）"}],"5562":[{"pref":"熊本県","city":"葦北郡芦北町","town":"宮崎"}],"5563":[{"pref":"熊本県","city":"葦北郡芦北町","town":"湯浦"}],"5564":[{"pref":"熊本県","city":"葦北郡芦北町","town":"女島"}],"5571":[{"pref":"熊本県","city":"葦北郡芦北町","town":"豊岡"}],"5572":[{"pref":"熊本県","city":"葦北郡芦北町","town":"丸山"}],"5573":[{"pref":"熊本県","city":"葦北郡芦北町","town":"米田"}],"5574":[{"pref":"熊本県","city":"葦北郡芦北町","town":"大川内"}],"5575":[{"pref":"熊本県","city":"葦北郡芦北町","town":"古石"}],"5576":[{"pref":"熊本県","city":"葦北郡芦北町","town":"高岡"}],"5600":[{"pref":"熊本県","city":"葦北郡津奈木町","town":"以下に掲載がない場合"}],"5601":[{"pref":"熊本県","city":"葦北郡津奈木町","town":"千代"}],"5602":[{"pref":"熊本県","city":"葦北郡津奈木町","town":"津奈木"}],"5603":[{"pref":"熊本県","city":"葦北郡津奈木町","town":"岩城"}],"5604":[{"pref":"熊本県","city":"葦北郡津奈木町","town":"小津奈木"}],"5605":[{"pref":"熊本県","city":"葦北郡津奈木町","town":"福浜"}],"6101":[{"pref":"熊本県","city":"八代市","town":"坂本町西部"}],"6102":[{"pref":"熊本県","city":"八代市","town":"坂本町深水"}],"6103":[{"pref":"熊本県","city":"八代市","town":"坂本町中谷"}],"6104":[{"pref":"熊本県","city":"八代市","town":"坂本町鮎帰"}],"6105":[{"pref":"熊本県","city":"八代市","town":"坂本町坂本"}],"6111":[{"pref":"熊本県","city":"八代市","town":"坂本町葉木"}],"6112":[{"pref":"熊本県","city":"八代市","town":"坂本町鎌瀬"}],"6113":[{"pref":"熊本県","city":"八代市","town":"坂本町中津道"}],"6114":[{"pref":"熊本県","city":"八代市","town":"坂本町市ノ俣"}],"6115":[{"pref":"熊本県","city":"八代市","town":"坂本町荒瀬"}],"6204":[{"pref":"熊本県","city":"球磨郡球磨村","town":"神瀬（その他）"}],"6205":[{"pref":"熊本県","city":"球磨郡球磨村","town":"大瀬（その他）"}],"6211":[{"pref":"熊本県","city":"葦北郡芦北町","town":"箙瀬"}],"6212":[{"pref":"熊本県","city":"葦北郡芦北町","town":"吉尾"}],"6213":[{"pref":"熊本県","city":"葦北郡芦北町","town":"大岩"}],"6214":[{"pref":"熊本県","city":"葦北郡芦北町","town":"黒岩"}],"6215":[{"pref":"熊本県","city":"葦北郡芦北町","town":"上原"}],"6216":[{"pref":"熊本県","city":"葦北郡芦北町","town":"海路"}],"6301":[{"pref":"熊本県","city":"葦北郡芦北町","town":"天月"}],"6302":[{"pref":"熊本県","city":"葦北郡芦北町","town":"白石"}],"6303":[{"pref":"熊本県","city":"葦北郡芦北町","town":"告"}],"6304":[{"pref":"熊本県","city":"葦北郡芦北町","town":"国見"}],"6305":[{"pref":"熊本県","city":"葦北郡芦北町","town":"大野"}],"6306":[{"pref":"熊本県","city":"葦北郡芦北町","town":"市野瀬"}],"6307":[{"pref":"熊本県","city":"葦北郡芦北町","town":"塩浸"}],"6308":[{"pref":"熊本県","city":"葦北郡芦北町","town":"白木"}],"6400":[{"pref":"熊本県","city":"球磨郡球磨村","town":"以下に掲載がない場合"}],"6401":[{"pref":"熊本県","city":"球磨郡球磨村","town":"渡"}],"6402":[{"pref":"熊本県","city":"球磨郡球磨村","town":"三ケ浦"}],"6403":[{"pref":"熊本県","city":"球磨郡球磨村","town":"一勝地"}],"6404":[{"pref":"熊本県","city":"球磨郡球磨村","town":"神瀬（大槻、蔵谷、坂口、高沢、横井）"}],"6405":[{"pref":"熊本県","city":"球磨郡球磨村","town":"大瀬（沢見）"}],"0213":[{"pref":"熊本県","city":"玉名市","town":"岱明町扇崎"}],"0224":[{"pref":"熊本県","city":"玉名市","town":"岱明町大野下"}],"0235":[{"pref":"熊本県","city":"玉名市","town":"岱明町古閑（雲雀丘）"},{"pref":"熊本県","city":"玉名市","town":"岱明町西照寺（雲雀丘）"},{"pref":"熊本県","city":"玉名市","town":"岱明町上（雲雀丘）"}],"0233":[{"pref":"熊本県","city":"玉名市","town":"岱明町古閑（その他）"}],"0236":[{"pref":"熊本県","city":"玉名市","town":"岱明町西照寺（その他）"}],"0212":[{"pref":"熊本県","city":"玉名市","town":"岱明町下沖洲"}],"0221":[{"pref":"熊本県","city":"玉名市","town":"岱明町下前原"}],"0232":[{"pref":"熊本県","city":"玉名市","town":"岱明町上（その他）"}],"0231":[{"pref":"熊本県","city":"玉名市","town":"岱明町庄山"}],"0202":[{"pref":"熊本県","city":"玉名市","town":"岱明町高道"}],"0223":[{"pref":"熊本県","city":"玉名市","town":"岱明町中土"}],"0211":[{"pref":"熊本県","city":"玉名市","town":"岱明町鍋"}],"0222":[{"pref":"熊本県","city":"玉名市","town":"岱明町野口"}],"0203":[{"pref":"熊本県","city":"玉名市","town":"岱明町浜田"}],"0238":[{"pref":"熊本県","city":"玉名市","town":"岱明町開田"}],"0234":[{"pref":"熊本県","city":"玉名市","town":"岱明町三崎"}],"0201":[{"pref":"熊本県","city":"玉名市","town":"岱明町山下"}],"0400":[{"pref":"熊本県","city":"宇土市","town":"以下に掲載がない場合"}],"0432":[{"pref":"熊本県","city":"宇土市","town":"旭町"}],"0465":[{"pref":"熊本県","city":"宇土市","town":"網引町"}],"0461":[{"pref":"熊本県","city":"宇土市","town":"網津町"}],"0441":[{"pref":"熊本県","city":"宇土市","town":"石小路町"}],"0456":[{"pref":"熊本県","city":"宇土市","town":"石橋町"}],"0435":[{"pref":"熊本県","city":"宇土市","town":"一里木町"}],"0423":[{"pref":"熊本県","city":"宇土市","town":"伊無田町"}],"0422":[{"pref":"熊本県","city":"宇土市","town":"入地町"}],"0412":[{"pref":"熊本県","city":"宇土市","town":"岩古曽町"}],"0405":[{"pref":"熊本県","city":"宇土市","town":"馬之瀬町"}],"0445":[{"pref":"熊本県","city":"宇土市","town":"浦田町"}],"0464":[{"pref":"熊本県","city":"宇土市","town":"恵塚町"}],"0451":[{"pref":"熊本県","city":"宇土市","town":"北段原町"}],"0425":[{"pref":"熊本県","city":"宇土市","town":"栗崎町"}],"0426":[{"pref":"熊本県","city":"宇土市","town":"神合町"}],"0415":[{"pref":"熊本県","city":"宇土市","town":"古保里町"}],"0454":[{"pref":"熊本県","city":"宇土市","town":"古城町"}],"0417":[{"pref":"熊本県","city":"宇土市","town":"境目町"}],"0453":[{"pref":"熊本県","city":"宇土市","town":"栄町"}],"0402":[{"pref":"熊本県","city":"宇土市","town":"笹原町"}],"0406":[{"pref":"熊本県","city":"宇土市","town":"三拾町"}],"0462":[{"pref":"熊本県","city":"宇土市","town":"城塚町"}],"0442":[{"pref":"熊本県","city":"宇土市","town":"城之浦町"}],"0436":[{"pref":"熊本県","city":"宇土市","town":"定府町"}],"0403":[{"pref":"熊本県","city":"宇土市","town":"新開町"}],"0433":[{"pref":"熊本県","city":"宇土市","town":"新小路町"}],"0444":[{"pref":"熊本県","city":"宇土市","town":"新町"}],"0419":[{"pref":"熊本県","city":"宇土市","town":"新松原町"}],"0424":[{"pref":"熊本県","city":"宇土市","town":"神馬町"}],"0401":[{"pref":"熊本県","city":"宇土市","town":"住吉町"}],"0418":[{"pref":"熊本県","city":"宇土市","town":"善道寺町"}],"0443":[{"pref":"熊本県","city":"宇土市","town":"船場町"}],"0452":[{"pref":"熊本県","city":"宇土市","town":"高柳町"}],"0414":[{"pref":"熊本県","city":"宇土市","town":"立岡町"}],"0408":[{"pref":"熊本県","city":"宇土市","town":"築籠町"}],"0455":[{"pref":"熊本県","city":"宇土市","town":"椿原町"}],"0463":[{"pref":"熊本県","city":"宇土市","town":"野鶴町"}],"0404":[{"pref":"熊本県","city":"宇土市","town":"走潟町"}],"0410":[{"pref":"熊本県","city":"宇土市","town":"花園台町"}],"0413":[{"pref":"熊本県","city":"宇土市","town":"花園町"}],"0431":[{"pref":"熊本県","city":"宇土市","town":"本町"}],"0407":[{"pref":"熊本県","city":"宇土市","town":"松原町"}],"0416":[{"pref":"熊本県","city":"宇土市","town":"松山町"}],"0411":[{"pref":"熊本県","city":"宇土市","town":"水町"}],"0421":[{"pref":"熊本県","city":"宇土市","town":"南段原町"}],"0457":[{"pref":"熊本県","city":"宇土市","town":"宮庄町"}],"0434":[{"pref":"熊本県","city":"宇土市","town":"門内町"}],"0500":[{"pref":"熊本県","city":"宇城市","town":"以下に掲載がない場合"}],"0624":[{"pref":"熊本県","city":"宇城市","town":"小川町江頭"}],"0621":[{"pref":"熊本県","city":"宇城市","town":"小川町小川"}],"0623":[{"pref":"熊本県","city":"宇城市","town":"小川町川尻"}],"0601":[{"pref":"熊本県","city":"宇城市","town":"小川町北小野"}],"0616":[{"pref":"熊本県","city":"宇城市","town":"小川町北海東"}],"0631":[{"pref":"熊本県","city":"宇城市","town":"小川町北新田"}],"0604":[{"pref":"熊本県","city":"宇城市","town":"小川町北部田"}],"0606":[{"pref":"熊本県","city":"宇城市","town":"小川町河江"}],"0635":[{"pref":"熊本県","city":"宇城市","town":"小川町不知火"}],"0633":[{"pref":"熊本県","city":"宇城市","town":"小川町新田"}],"0636":[{"pref":"熊本県","city":"宇城市","town":"小川町新田出"}],"0634":[{"pref":"熊本県","city":"宇城市","town":"小川町住吉"}],"0602":[{"pref":"熊本県","city":"宇城市","town":"小川町中小野"}],"0615":[{"pref":"熊本県","city":"宇城市","town":"小川町西海東"}],"0622":[{"pref":"熊本県","city":"宇城市","town":"小川町西北小川"}],"0613":[{"pref":"熊本県","city":"宇城市","town":"小川町東小川"}],"0611":[{"pref":"熊本県","city":"宇城市","town":"小川町東海東"}],"0614":[{"pref":"熊本県","city":"宇城市","town":"小川町南小川"}],"0603":[{"pref":"熊本県","city":"宇城市","town":"小川町南小野"}],"0612":[{"pref":"熊本県","city":"宇城市","town":"小川町南海東"}],"0632":[{"pref":"熊本県","city":"宇城市","town":"小川町南新田"}],"0605":[{"pref":"熊本県","city":"宇城市","town":"小川町南部田"}],"0563":[{"pref":"熊本県","city":"宇城市","town":"不知火町浦上"}],"0554":[{"pref":"熊本県","city":"宇城市","town":"不知火町柏原"}],"0561":[{"pref":"熊本県","city":"宇城市","town":"不知火町亀松"}],"0552":[{"pref":"熊本県","city":"宇城市","town":"不知火町高良"}],"0553":[{"pref":"熊本県","city":"宇城市","town":"不知火町小曽部"}],"0551":[{"pref":"熊本県","city":"宇城市","town":"不知火町御領"}],"0562":[{"pref":"熊本県","city":"宇城市","town":"不知火町長崎"}],"0544":[{"pref":"熊本県","city":"宇城市","town":"松橋町浅川"}],"0522":[{"pref":"熊本県","city":"宇城市","town":"松橋町内田"}],"0521":[{"pref":"熊本県","city":"宇城市","town":"松橋町浦川内"}],"0531":[{"pref":"熊本県","city":"宇城市","town":"松橋町大野"}],"0503":[{"pref":"熊本県","city":"宇城市","town":"松橋町きらら"}],"0532":[{"pref":"熊本県","city":"宇城市","town":"松橋町久具"}],"0512":[{"pref":"熊本県","city":"宇城市","town":"松橋町古保山"}],"0545":[{"pref":"熊本県","city":"宇城市","town":"松橋町砂川"}],"0523":[{"pref":"熊本県","city":"宇城市","town":"松橋町竹崎"}],"0542":[{"pref":"熊本県","city":"宇城市","town":"松橋町豊崎"}],"0524":[{"pref":"熊本県","city":"宇城市","town":"松橋町豊福"}],"0534":[{"pref":"熊本県","city":"宇城市","town":"松橋町西下郷"}],"0513":[{"pref":"熊本県","city":"宇城市","town":"松橋町萩尾"}],"0541":[{"pref":"熊本県","city":"宇城市","town":"松橋町東松崎"}],"0511":[{"pref":"熊本県","city":"宇城市","town":"松橋町曲野"}],"0502":[{"pref":"熊本県","city":"宇城市","town":"松橋町松橋"}],"0501":[{"pref":"熊本県","city":"宇城市","town":"松橋町松山"}],"0543":[{"pref":"熊本県","city":"宇城市","town":"松橋町南豊崎"}],"0546":[{"pref":"熊本県","city":"宇城市","town":"松橋町御船"}],"0533":[{"pref":"熊本県","city":"宇城市","town":"松橋町両仲間"}],"0300":[{"pref":"熊本県","city":"玉名郡玉東町","town":"以下に掲載がない場合"}],"0301":[{"pref":"熊本県","city":"玉名郡玉東町","town":"稲佐"}],"0304":[{"pref":"熊本県","city":"玉名郡玉東町","town":"浦田"}],"0305":[{"pref":"熊本県","city":"玉名郡玉東町","town":"上木葉"}],"0313":[{"pref":"熊本県","city":"玉名郡玉東町","town":"上白木"}],"0303":[{"pref":"熊本県","city":"玉名郡玉東町","town":"木葉"}],"0321":[{"pref":"熊本県","city":"玉名郡玉東町","town":"西安寺"}],"0312":[{"pref":"熊本県","city":"玉名郡玉東町","town":"白木"}],"0322":[{"pref":"熊本県","city":"玉名郡玉東町","town":"原倉"}],"0311":[{"pref":"熊本県","city":"玉名郡玉東町","town":"二俣"}],"0302":[{"pref":"熊本県","city":"玉名郡玉東町","town":"山口"}],"0100":[{"pref":"熊本県","city":"玉名郡長洲町","town":"以下に掲載がない場合"}],"0113":[{"pref":"熊本県","city":"玉名郡長洲町","town":"有明"}],"0122":[{"pref":"熊本県","city":"玉名郡長洲町","town":"梅田"}],"0102":[{"pref":"熊本県","city":"玉名郡長洲町","town":"折崎"}],"0104":[{"pref":"熊本県","city":"玉名郡長洲町","town":"上沖洲"}],"0105":[{"pref":"熊本県","city":"玉名郡長洲町","town":"清源寺"}],"0121":[{"pref":"熊本県","city":"玉名郡長洲町","town":"高浜"}],"0106":[{"pref":"熊本県","city":"玉名郡長洲町","town":"永塩"}],"0123":[{"pref":"熊本県","city":"玉名郡長洲町","town":"長洲"}],"0103":[{"pref":"熊本県","city":"玉名郡長洲町","town":"腹赤"}],"0112":[{"pref":"熊本県","city":"玉名郡長洲町","town":"姫ケ浦"}],"0101":[{"pref":"熊本県","city":"玉名郡長洲町","town":"宮野"}],"0111":[{"pref":"熊本県","city":"玉名郡長洲町","town":"名石浜"}]}