{"0000":[{"pref":"東京都","city":"武蔵村山市","town":"以下に掲載がない場合"}],"0023":[{"pref":"東京都","city":"武蔵村山市","town":"伊奈平"}],"0022":[{"pref":"東京都","city":"武蔵村山市","town":"榎"}],"0013":[{"pref":"東京都","city":"武蔵村山市","town":"大南"}],"0011":[{"pref":"東京都","city":"武蔵村山市","town":"学園"}],"0031":[{"pref":"東京都","city":"武蔵村山市","town":"岸"}],"0034":[{"pref":"東京都","city":"武蔵村山市","town":"残堀"}],"0002":[{"pref":"東京都","city":"武蔵村山市","town":"神明"}],"0003":[{"pref":"東京都","city":"武蔵村山市","town":"中央"}],"0001":[{"pref":"東京都","city":"武蔵村山市","town":"中藤"}],"0035":[{"pref":"東京都","city":"武蔵村山市","town":"中原"}],"0004":[{"pref":"東京都","city":"武蔵村山市","town":"本町"}],"0033":[{"pref":"東京都","city":"武蔵村山市","town":"三ツ木（大字）"}],"0032":[{"pref":"東京都","city":"武蔵村山市","town":"三ツ木（１～５丁目）"}],"0021":[{"pref":"東京都","city":"武蔵村山市","town":"三ツ藤"}],"0012":[{"pref":"東京都","city":"武蔵村山市","town":"緑が丘"}]}