{"0864":[{"pref":"福岡県","city":"北九州市門司区","town":"老松町"}],"0883":[{"pref":"福岡県","city":"北九州市門司区","town":"大久保"}],"0811":[{"pref":"福岡県","city":"北九州市門司区","town":"大積"}],"0876":[{"pref":"福岡県","city":"北九州市門司区","town":"花月園"}],"0801":[{"pref":"福岡県","city":"北九州市門司区","town":"風師（１～３丁目）"}],"0823":[{"pref":"福岡県","city":"北九州市門司区","town":"春日町"}],"0871":[{"pref":"福岡県","city":"北九州市門司区","town":"上本町"}],"0812":[{"pref":"福岡県","city":"北九州市門司区","town":"喜多久"}],"0854":[{"pref":"福岡県","city":"北九州市門司区","town":"旧門司"}],"0833":[{"pref":"福岡県","city":"北九州市門司区","town":"清滝"}],"0882":[{"pref":"福岡県","city":"北九州市門司区","town":"清見"}],"0886":[{"pref":"福岡県","city":"北九州市門司区","town":"清見佐夜町"}],"0808":[{"pref":"福岡県","city":"北九州市門司区","town":"葛葉（１丁目）"}],"0821":[{"pref":"福岡県","city":"北九州市門司区","town":"黒川"}],"0826":[{"pref":"福岡県","city":"北九州市門司区","town":"黒川東"}],"0825":[{"pref":"福岡県","city":"北九州市門司区","town":"黒川西"}],"0863":[{"pref":"福岡県","city":"北九州市門司区","town":"栄町"}],"0865":[{"pref":"福岡県","city":"北九州市門司区","town":"庄司町"}],"0802":[{"pref":"福岡県","city":"北九州市門司区","town":"白野江"}],"0885":[{"pref":"福岡県","city":"北九州市門司区","town":"新開"}],"0884":[{"pref":"福岡県","city":"北九州市門司区","town":"瀬戸町"}],"0822":[{"pref":"福岡県","city":"北九州市門司区","town":"高砂町"}],"0805":[{"pref":"福岡県","city":"北九州市門司区","town":"太刀浦海岸"}],"0872":[{"pref":"福岡県","city":"北九州市門司区","town":"谷町"}],"0803":[{"pref":"福岡県","city":"北九州市門司区","town":"田野浦"}],"0804":[{"pref":"福岡県","city":"北九州市門司区","town":"田野浦海岸"}],"0861":[{"pref":"福岡県","city":"北九州市門司区","town":"長谷"}],"0881":[{"pref":"福岡県","city":"北九州市門司区","town":"鳴竹"}],"0841":[{"pref":"福岡県","city":"北九州市門司区","town":"西海岸"}],"0862":[{"pref":"福岡県","city":"北九州市門司区","town":"錦町"}],"0874":[{"pref":"福岡県","city":"北九州市門司区","town":"畑田町"}],"0856":[{"pref":"福岡県","city":"北九州市門司区","town":"浜町"}],"0851":[{"pref":"福岡県","city":"北九州市門司区","town":"東本町"}],"0853":[{"pref":"福岡県","city":"北九州市門司区","town":"東港町"}],"0873":[{"pref":"福岡県","city":"北九州市門司区","town":"東門司"}],"0813":[{"pref":"福岡県","city":"北九州市門司区","town":"柄杓田"}],"0814":[{"pref":"福岡県","city":"北九州市門司区","town":"柄杓田町"}],"0842":[{"pref":"福岡県","city":"北九州市門司区","town":"広石"}],"0875":[{"pref":"福岡県","city":"北九州市門司区","town":"法師庵"}],"0834":[{"pref":"福岡県","city":"北九州市門司区","town":"本町"}],"0831":[{"pref":"福岡県","city":"北九州市門司区","town":"丸山"}],"0824":[{"pref":"福岡県","city":"北九州市門司区","town":"丸山吉野町"}],"0852":[{"pref":"福岡県","city":"北九州市門司区","town":"港町"}],"0855":[{"pref":"福岡県","city":"北九州市門司区","town":"門司"}],"0832":[{"pref":"福岡県","city":"北九州市門司区","town":"元清滝"}]}