{"0000":[{"pref":"広島県","city":"広島市安芸区","town":"以下に掲載がない場合"},{"pref":"広島県","city":"安芸郡海田町","town":"以下に掲載がない場合"}],"0088":[{"pref":"広島県","city":"広島市安芸区","town":"畑賀"}],"0089":[{"pref":"広島県","city":"広島市安芸区","town":"畑賀町"}],"0081":[{"pref":"広島県","city":"広島市安芸区","town":"船越"}],"0082":[{"pref":"広島県","city":"広島市安芸区","town":"船越南"}],"0084":[{"pref":"広島県","city":"広島市安芸区","town":"矢野新町"}],"0087":[{"pref":"広島県","city":"広島市安芸区","town":"矢野町"}],"0083":[{"pref":"広島県","city":"広島市安芸区","town":"矢野東"}],"0085":[{"pref":"広島県","city":"広島市安芸区","town":"矢野西"}],"0086":[{"pref":"広島県","city":"広島市安芸区","town":"矢野南"}],"0031":[{"pref":"広島県","city":"安芸郡海田町","town":"曙町"}],"0004":[{"pref":"広島県","city":"安芸郡海田町","town":"石原"}],"0012":[{"pref":"広島県","city":"安芸郡海田町","town":"稲葉"}],"0067":[{"pref":"広島県","city":"安芸郡海田町","town":"稲荷町"}],"0005":[{"pref":"広島県","city":"安芸郡海田町","town":"畝"}],"0025":[{"pref":"広島県","city":"安芸郡海田町","town":"大立町"}],"0022":[{"pref":"広島県","city":"安芸郡海田町","town":"蟹原"}],"0061":[{"pref":"広島県","city":"安芸郡海田町","town":"上市"}],"0002":[{"pref":"広島県","city":"安芸郡海田町","town":"国信"}],"0046":[{"pref":"広島県","city":"安芸郡海田町","town":"窪町"}],"0053":[{"pref":"広島県","city":"安芸郡海田町","town":"寿町"}],"0026":[{"pref":"広島県","city":"安芸郡海田町","town":"幸町"}],"0043":[{"pref":"広島県","city":"安芸郡海田町","town":"栄町"}],"0064":[{"pref":"広島県","city":"安芸郡海田町","town":"昭和中町"}],"0062":[{"pref":"広島県","city":"安芸郡海田町","town":"昭和町"}],"0068":[{"pref":"広島県","city":"安芸郡海田町","town":"新町"}],"0001":[{"pref":"広島県","city":"安芸郡海田町","town":"砂走"}],"0003":[{"pref":"広島県","city":"安芸郡海田町","town":"曽田"}],"0041":[{"pref":"広島県","city":"安芸郡海田町","town":"大正町"}],"0034":[{"pref":"広島県","city":"安芸郡海田町","town":"月見町"}],"0051":[{"pref":"広島県","city":"安芸郡海田町","town":"つくも町"}],"0011":[{"pref":"広島県","city":"安芸郡海田町","town":"寺迫"}],"0066":[{"pref":"広島県","city":"安芸郡海田町","town":"中店"}],"0021":[{"pref":"広島県","city":"安芸郡海田町","town":"成本"}],"0024":[{"pref":"広島県","city":"安芸郡海田町","town":"西浜"}],"0054":[{"pref":"広島県","city":"安芸郡海田町","town":"西明神町"}],"0023":[{"pref":"広島県","city":"安芸郡海田町","town":"浜角"}],"0013":[{"pref":"広島県","city":"安芸郡海田町","town":"東"}],"0071":[{"pref":"広島県","city":"安芸郡海田町","town":"東海田"}],"0063":[{"pref":"広島県","city":"安芸郡海田町","town":"東昭和町"}],"0035":[{"pref":"広島県","city":"安芸郡海田町","town":"日の出町"}],"0045":[{"pref":"広島県","city":"安芸郡海田町","town":"堀川町"}],"0014":[{"pref":"広島県","city":"安芸郡海田町","town":"三迫"}],"0032":[{"pref":"広島県","city":"安芸郡海田町","town":"南幸町"}],"0065":[{"pref":"広島県","city":"安芸郡海田町","town":"南昭和町"}],"0042":[{"pref":"広島県","city":"安芸郡海田町","town":"南大正町"}],"0052":[{"pref":"広島県","city":"安芸郡海田町","town":"南つくも町"}],"0044":[{"pref":"広島県","city":"安芸郡海田町","town":"南堀川町"}],"0033":[{"pref":"広島県","city":"安芸郡海田町","town":"南本町"}],"0055":[{"pref":"広島県","city":"安芸郡海田町","town":"南明神町"}],"0056":[{"pref":"広島県","city":"安芸郡海田町","town":"明神町"}]}