{"0211":[{"pref":"山口県","city":"宇部市","town":"芦河内"}],"0212":[{"pref":"山口県","city":"宇部市","town":"今富"}],"0213":[{"pref":"山口県","city":"宇部市","town":"奥万倉"}],"0402":[{"pref":"山口県","city":"宇部市","town":"西吉部"}],"0214":[{"pref":"山口県","city":"宇部市","town":"西万倉"}],"0401":[{"pref":"山口県","city":"宇部市","town":"東吉部"}],"0215":[{"pref":"山口県","city":"宇部市","town":"東万倉"}],"0216":[{"pref":"山口県","city":"宇部市","town":"船木"}],"0217":[{"pref":"山口県","city":"宇部市","town":"矢矯"}],"0001":[{"pref":"山口県","city":"山陽小野田市","town":"厚狭"}],"0005":[{"pref":"山口県","city":"山陽小野田市","town":"鴨庄"}],"0002":[{"pref":"山口県","city":"山陽小野田市","town":"郡"}],"0006":[{"pref":"山口県","city":"山陽小野田市","town":"桜"}],"0011":[{"pref":"山口県","city":"山陽小野田市","town":"津布田"}],"0012":[{"pref":"山口県","city":"山陽小野田市","town":"埴生"}],"0013":[{"pref":"山口県","city":"山陽小野田市","town":"福田"}],"0004":[{"pref":"山口県","city":"山陽小野田市","town":"山川"}],"0003":[{"pref":"山口県","city":"山陽小野田市","town":"山野井"}]}