{"0000":[{"pref":"京都府","city":"京丹後市","town":"以下に掲載がない場合"}],"0227":[{"pref":"京都府","city":"京丹後市","town":"丹後町家ノ谷"}],"0248":[{"pref":"京都府","city":"京丹後市","town":"丹後町碇"}],"0237":[{"pref":"京都府","city":"京丹後市","town":"丹後町井谷"}],"0235":[{"pref":"京都府","city":"京丹後市","town":"丹後町井上"}],"0224":[{"pref":"京都府","city":"京丹後市","town":"丹後町岩木"}],"0241":[{"pref":"京都府","city":"京丹後市","town":"丹後町上野"}],"0247":[{"pref":"京都府","city":"京丹後市","town":"丹後町上山"}],"0211":[{"pref":"京都府","city":"京丹後市","town":"丹後町大山"}],"0244":[{"pref":"京都府","city":"京丹後市","town":"丹後町尾和"}],"0239":[{"pref":"京都府","city":"京丹後市","town":"丹後町遠下"}],"0225":[{"pref":"京都府","city":"京丹後市","town":"丹後町願興寺"}],"0242":[{"pref":"京都府","city":"京丹後市","town":"丹後町久僧"}],"0238":[{"pref":"京都府","city":"京丹後市","town":"丹後町鞍内"}],"0232":[{"pref":"京都府","city":"京丹後市","town":"丹後町此代"}],"0214":[{"pref":"京都府","city":"京丹後市","town":"丹後町是安"}],"0215":[{"pref":"京都府","city":"京丹後市","town":"丹後町成願寺"}],"0202":[{"pref":"京都府","city":"京丹後市","town":"丹後町砂方"}],"0245":[{"pref":"京都府","city":"京丹後市","town":"丹後町袖志"}],"0201":[{"pref":"京都府","city":"京丹後市","town":"丹後町間人"}],"0221":[{"pref":"京都府","city":"京丹後市","town":"丹後町竹野"}],"0246":[{"pref":"京都府","city":"京丹後市","town":"丹後町谷内"}],"0216":[{"pref":"京都府","city":"京丹後市","town":"丹後町徳光"}],"0234":[{"pref":"京都府","city":"京丹後市","town":"丹後町中野"}],"0243":[{"pref":"京都府","city":"京丹後市","town":"丹後町中浜"}],"0231":[{"pref":"京都府","city":"京丹後市","town":"丹後町乗原"}],"0236":[{"pref":"京都府","city":"京丹後市","town":"丹後町畑"}],"0222":[{"pref":"京都府","city":"京丹後市","town":"丹後町筆石"}],"0233":[{"pref":"京都府","city":"京丹後市","town":"丹後町平"}],"0226":[{"pref":"京都府","city":"京丹後市","town":"丹後町牧ノ谷"}],"0228":[{"pref":"京都府","city":"京丹後市","town":"丹後町宮"}],"0212":[{"pref":"京都府","city":"京丹後市","town":"丹後町三宅"}],"0249":[{"pref":"京都府","city":"京丹後市","town":"丹後町三山"}],"0223":[{"pref":"京都府","city":"京丹後市","town":"丹後町矢畑"}],"0213":[{"pref":"京都府","city":"京丹後市","town":"丹後町吉永"}],"0006":[{"pref":"京都府","city":"京丹後市","town":"峰山町赤坂"}],"0004":[{"pref":"京都府","city":"京丹後市","town":"峰山町荒山"}],"0007":[{"pref":"京都府","city":"京丹後市","town":"峰山町石丸"}],"0034":[{"pref":"京都府","city":"京丹後市","town":"峰山町泉"}],"0036":[{"pref":"京都府","city":"京丹後市","town":"峰山町御旅"}],"0023":[{"pref":"京都府","city":"京丹後市","town":"峰山町織元"}],"0022":[{"pref":"京都府","city":"京丹後市","town":"峰山町上"}],"0035":[{"pref":"京都府","city":"京丹後市","town":"峰山町光明寺"}],"0052":[{"pref":"京都府","city":"京丹後市","town":"峰山町五箇"}],"0044":[{"pref":"京都府","city":"京丹後市","town":"峰山町小西"}],"0031":[{"pref":"京都府","city":"京丹後市","town":"峰山町呉服"}],"0025":[{"pref":"京都府","city":"京丹後市","town":"峰山町堺"}],"0014":[{"pref":"京都府","city":"京丹後市","town":"峰山町四軒"}],"0033":[{"pref":"京都府","city":"京丹後市","town":"峰山町白銀"}],"0005":[{"pref":"京都府","city":"京丹後市","town":"峰山町新町"}],"0012":[{"pref":"京都府","city":"京丹後市","town":"峰山町杉谷"}],"0041":[{"pref":"京都府","city":"京丹後市","town":"峰山町菅"}],"0011":[{"pref":"京都府","city":"京丹後市","town":"峰山町丹波"}],"0037":[{"pref":"京都府","city":"京丹後市","town":"峰山町千歳"}],"0003":[{"pref":"京都府","city":"京丹後市","town":"峰山町内記"}],"0042":[{"pref":"京都府","city":"京丹後市","town":"峰山町長岡"}],"0032":[{"pref":"京都府","city":"京丹後市","town":"峰山町浪花"}],"0051":[{"pref":"京都府","city":"京丹後市","town":"峰山町二箇"}],"0045":[{"pref":"京都府","city":"京丹後市","town":"峰山町西山"}],"0043":[{"pref":"京都府","city":"京丹後市","town":"峰山町新治"}],"0001":[{"pref":"京都府","city":"京丹後市","town":"峰山町橋木"}],"0054":[{"pref":"京都府","city":"京丹後市","town":"峰山町久次"}],"0038":[{"pref":"京都府","city":"京丹後市","town":"峰山町富貴屋"}],"0013":[{"pref":"京都府","city":"京丹後市","town":"峰山町不断"}],"0026":[{"pref":"京都府","city":"京丹後市","town":"峰山町古殿"}],"0053":[{"pref":"京都府","city":"京丹後市","town":"峰山町鱒留"}],"0024":[{"pref":"京都府","city":"京丹後市","town":"峰山町室"}],"0027":[{"pref":"京都府","city":"京丹後市","town":"峰山町安"}],"0002":[{"pref":"京都府","city":"京丹後市","town":"峰山町矢田"}],"0021":[{"pref":"京都府","city":"京丹後市","town":"峰山町吉原"}],"0144":[{"pref":"京都府","city":"京丹後市","town":"弥栄町井辺"}],"0122":[{"pref":"京都府","city":"京丹後市","town":"弥栄町芋野"}],"0132":[{"pref":"京都府","city":"京丹後市","town":"弥栄町木橋"}],"0145":[{"pref":"京都府","city":"京丹後市","town":"弥栄町国久"}],"0142":[{"pref":"京都府","city":"京丹後市","town":"弥栄町黒部"}],"0141":[{"pref":"京都府","city":"京丹後市","town":"弥栄町小田"}],"0102":[{"pref":"京都府","city":"京丹後市","town":"弥栄町須川"}],"0121":[{"pref":"京都府","city":"京丹後市","town":"弥栄町堤"}],"0112":[{"pref":"京都府","city":"京丹後市","town":"弥栄町等楽寺"}],"0133":[{"pref":"京都府","city":"京丹後市","town":"弥栄町鳥取"}],"0101":[{"pref":"京都府","city":"京丹後市","town":"弥栄町野中"}],"0143":[{"pref":"京都府","city":"京丹後市","town":"弥栄町船木"}],"0111":[{"pref":"京都府","city":"京丹後市","town":"弥栄町溝谷"}],"0123":[{"pref":"京都府","city":"京丹後市","town":"弥栄町吉沢"}],"0131":[{"pref":"京都府","city":"京丹後市","town":"弥栄町和田野"}]}