{"1100":[{"pref":"和歌山県","city":"日高郡由良町","town":"以下に掲載がない場合"}],"1101":[{"pref":"和歌山県","city":"日高郡由良町","town":"畑"}],"1102":[{"pref":"和歌山県","city":"日高郡由良町","town":"中"}],"1103":[{"pref":"和歌山県","city":"日高郡由良町","town":"門前"}],"1104":[{"pref":"和歌山県","city":"日高郡由良町","town":"江ノ駒"}],"1111":[{"pref":"和歌山県","city":"日高郡由良町","town":"里"}],"1112":[{"pref":"和歌山県","city":"日高郡由良町","town":"網代"}],"1113":[{"pref":"和歌山県","city":"日高郡由良町","town":"阿戸"}],"1121":[{"pref":"和歌山県","city":"日高郡由良町","town":"吹井"}],"1122":[{"pref":"和歌山県","city":"日高郡由良町","town":"神谷"}],"1123":[{"pref":"和歌山県","city":"日高郡由良町","town":"大引"}],"1131":[{"pref":"和歌山県","city":"日高郡由良町","town":"小引"}],"1132":[{"pref":"和歌山県","city":"日高郡由良町","town":"衣奈"}],"1133":[{"pref":"和歌山県","city":"日高郡由良町","town":"三尾川"}],"1134":[{"pref":"和歌山県","city":"日高郡由良町","town":"戸津井"}],"1200":[{"pref":"和歌山県","city":"日高郡日高町","town":"以下に掲載がない場合"}],"1201":[{"pref":"和歌山県","city":"日高郡日高町","town":"原谷"}],"1202":[{"pref":"和歌山県","city":"日高郡日高町","town":"萩原"}],"1203":[{"pref":"和歌山県","city":"日高郡日高町","town":"池田"}],"1211":[{"pref":"和歌山県","city":"日高郡日高町","town":"荊木"}],"1212":[{"pref":"和歌山県","city":"日高郡日高町","town":"小中"}],"1213":[{"pref":"和歌山県","city":"日高郡日高町","town":"高家"}],"1221":[{"pref":"和歌山県","city":"日高郡日高町","town":"志賀"}],"1222":[{"pref":"和歌山県","city":"日高郡日高町","town":"小池"}],"1223":[{"pref":"和歌山県","city":"日高郡日高町","town":"小浦"}],"1224":[{"pref":"和歌山県","city":"日高郡日高町","town":"津久野"}],"1225":[{"pref":"和歌山県","city":"日高郡日高町","town":"方杭"}],"1231":[{"pref":"和歌山県","city":"日高郡日高町","town":"小坂"}],"1232":[{"pref":"和歌山県","city":"日高郡日高町","town":"阿尾"}],"1233":[{"pref":"和歌山県","city":"日高郡日高町","town":"産湯"}],"1234":[{"pref":"和歌山県","city":"日高郡日高町","town":"比井"}],"1300":[{"pref":"和歌山県","city":"日高郡日高川町","town":"以下に掲載がない場合"}],"1311":[{"pref":"和歌山県","city":"日高郡日高川町","town":"平川"}],"1312":[{"pref":"和歌山県","city":"日高郡日高川町","town":"三百瀬"}],"1313":[{"pref":"和歌山県","city":"日高郡日高川町","town":"伊藤川"}],"1314":[{"pref":"和歌山県","city":"日高郡日高川町","town":"早藤"}],"1315":[{"pref":"和歌山県","city":"日高郡日高川町","town":"玄子"}],"1316":[{"pref":"和歌山県","city":"日高郡日高川町","town":"蛇尾"}],"1321":[{"pref":"和歌山県","city":"日高郡日高川町","town":"入野"}],"1322":[{"pref":"和歌山県","city":"日高郡日高川町","town":"若野"}],"1323":[{"pref":"和歌山県","city":"日高郡日高川町","town":"小熊"}],"1324":[{"pref":"和歌山県","city":"日高郡日高川町","town":"土生"}],"1325":[{"pref":"和歌山県","city":"日高郡日高川町","town":"中津川"}],"1331":[{"pref":"和歌山県","city":"日高郡日高川町","town":"鐘巻"}],"1332":[{"pref":"和歌山県","city":"日高郡日高川町","town":"千津川"}],"1341":[{"pref":"和歌山県","city":"御坊市","town":"藤田町藤井"}],"1342":[{"pref":"和歌山県","city":"御坊市","town":"藤田町吉田"}],"1441":[{"pref":"和歌山県","city":"日高郡日高川町","town":"山野"}],"1442":[{"pref":"和歌山県","city":"日高郡日高川町","town":"江川"}],"1443":[{"pref":"和歌山県","city":"日高郡日高川町","town":"和佐"}],"1444":[{"pref":"和歌山県","city":"日高郡日高川町","town":"松瀬"}],"1500":[{"pref":"和歌山県","city":"日高郡印南町","town":"以下に掲載がない場合"}],"1521":[{"pref":"和歌山県","city":"日高郡印南町","town":"美里"}],"1522":[{"pref":"和歌山県","city":"日高郡印南町","town":"古井"}],"1523":[{"pref":"和歌山県","city":"日高郡印南町","town":"樮川"}],"1524":[{"pref":"和歌山県","city":"日高郡印南町","town":"羽六"}],"1525":[{"pref":"和歌山県","city":"日高郡印南町","town":"古屋"}],"1526":[{"pref":"和歌山県","city":"日高郡印南町","town":"宮ノ前"}],"1527":[{"pref":"和歌山県","city":"日高郡印南町","town":"島田"}],"1528":[{"pref":"和歌山県","city":"日高郡印南町","town":"西ノ地"}],"1531":[{"pref":"和歌山県","city":"日高郡印南町","town":"立石"}],"1532":[{"pref":"和歌山県","city":"日高郡印南町","town":"印南原"}],"1533":[{"pref":"和歌山県","city":"日高郡印南町","town":"山口"}],"1534":[{"pref":"和歌山県","city":"日高郡印南町","town":"印南"}],"1535":[{"pref":"和歌山県","city":"日高郡印南町","town":"津井"}],"1536":[{"pref":"和歌山県","city":"日高郡印南町","town":"南谷"}],"1537":[{"pref":"和歌山県","city":"日高郡印南町","town":"明神川"}],"2100":[{"pref":"和歌山県","city":"西牟婁郡上富田町","town":"以下に掲載がない場合"}],"2101":[{"pref":"和歌山県","city":"西牟婁郡上富田町","town":"岡"}],"2102":[{"pref":"和歌山県","city":"西牟婁郡上富田町","town":"岩田"}],"2103":[{"pref":"和歌山県","city":"西牟婁郡上富田町","town":"生馬"}],"2104":[{"pref":"和歌山県","city":"西牟婁郡上富田町","town":"岩崎"}],"2105":[{"pref":"和歌山県","city":"西牟婁郡上富田町","town":"朝来"}],"2106":[{"pref":"和歌山県","city":"西牟婁郡上富田町","town":"南紀の台"}],"2107":[{"pref":"和歌山県","city":"西牟婁郡上富田町","town":"市ノ瀬"}],"2108":[{"pref":"和歌山県","city":"西牟婁郡上富田町","town":"下鮎川"}],"2200":[{"pref":"和歌山県","city":"西牟婁郡白浜町","town":"以下に掲載がない場合"}],"2201":[{"pref":"和歌山県","city":"西牟婁郡白浜町","town":"堅田"}],"2211":[{"pref":"和歌山県","city":"西牟婁郡白浜町","town":"白浜町の次に番地がくる場合"}],"2321":[{"pref":"和歌山県","city":"西牟婁郡白浜町","town":"保呂"}],"2322":[{"pref":"和歌山県","city":"西牟婁郡白浜町","town":"内ノ川"}],"2323":[{"pref":"和歌山県","city":"西牟婁郡白浜町","town":"庄川"}],"2324":[{"pref":"和歌山県","city":"西牟婁郡白浜町","town":"十九渕"}],"2325":[{"pref":"和歌山県","city":"西牟婁郡白浜町","town":"富田"}],"2326":[{"pref":"和歌山県","city":"西牟婁郡白浜町","town":"椿"}],"2331":[{"pref":"和歌山県","city":"西牟婁郡白浜町","town":"平"}],"2332":[{"pref":"和歌山県","city":"西牟婁郡白浜町","town":"栄"}],"2333":[{"pref":"和歌山県","city":"西牟婁郡白浜町","town":"中"}],"2334":[{"pref":"和歌山県","city":"西牟婁郡白浜町","town":"才野"}],"2511":[{"pref":"和歌山県","city":"西牟婁郡白浜町","town":"日置"}],"2521":[{"pref":"和歌山県","city":"西牟婁郡白浜町","town":"大古"}],"2522":[{"pref":"和歌山県","city":"西牟婁郡白浜町","town":"矢田"}],"2523":[{"pref":"和歌山県","city":"西牟婁郡白浜町","town":"田野井"}],"2524":[{"pref":"和歌山県","city":"西牟婁郡白浜町","town":"安宅"}],"2525":[{"pref":"和歌山県","city":"西牟婁郡白浜町","town":"塩野"}],"2531":[{"pref":"和歌山県","city":"西牟婁郡白浜町","town":"口ケ谷"}],"2532":[{"pref":"和歌山県","city":"西牟婁郡白浜町","town":"安居"}],"2533":[{"pref":"和歌山県","city":"西牟婁郡白浜町","town":"中嶋"}],"2534":[{"pref":"和歌山県","city":"西牟婁郡白浜町","town":"寺山"}],"2535":[{"pref":"和歌山県","city":"西牟婁郡白浜町","town":"向平"}],"2536":[{"pref":"和歌山県","city":"西牟婁郡白浜町","town":"久木"}],"2537":[{"pref":"和歌山県","city":"西牟婁郡白浜町","town":"宇津木"}],"2538":[{"pref":"和歌山県","city":"西牟婁郡白浜町","town":"小川"}],"2539":[{"pref":"和歌山県","city":"西牟婁郡白浜町","town":"城"}],"2600":[{"pref":"和歌山県","city":"西牟婁郡すさみ町","town":"以下に掲載がない場合"}],"2601":[{"pref":"和歌山県","city":"西牟婁郡すさみ町","town":"小附"}],"2602":[{"pref":"和歌山県","city":"西牟婁郡すさみ町","town":"大附"}],"2603":[{"pref":"和歌山県","city":"西牟婁郡すさみ町","town":"小河内"}],"2604":[{"pref":"和歌山県","city":"西牟婁郡すさみ町","town":"矢野口"}],"2611":[{"pref":"和歌山県","city":"西牟婁郡すさみ町","town":"和深川"}],"2612":[{"pref":"和歌山県","city":"西牟婁郡すさみ町","town":"口和深"}],"2621":[{"pref":"和歌山県","city":"西牟婁郡すさみ町","town":"周参見"}],"2631":[{"pref":"和歌山県","city":"西牟婁郡すさみ町","town":"太間川"}],"3141":[{"pref":"和歌山県","city":"西牟婁郡すさみ町","town":"見老津"}],"3142":[{"pref":"和歌山県","city":"西牟婁郡すさみ町","town":"江住"}],"3143":[{"pref":"和歌山県","city":"西牟婁郡すさみ町","town":"里野"}],"3151":[{"pref":"和歌山県","city":"西牟婁郡すさみ町","town":"大鎌"}],"3152":[{"pref":"和歌山県","city":"西牟婁郡すさみ町","town":"防己"}],"3153":[{"pref":"和歌山県","city":"西牟婁郡すさみ町","town":"大谷"}],"3161":[{"pref":"和歌山県","city":"西牟婁郡すさみ町","town":"佐本中"}],"3162":[{"pref":"和歌山県","city":"西牟婁郡すさみ町","town":"佐本追川"}],"3163":[{"pref":"和歌山県","city":"西牟婁郡すさみ町","town":"佐本西栗垣内"}],"3164":[{"pref":"和歌山県","city":"西牟婁郡すさみ町","town":"佐本東栗垣内"}],"3165":[{"pref":"和歌山県","city":"西牟婁郡すさみ町","town":"佐本中野"}],"3166":[{"pref":"和歌山県","city":"西牟婁郡すさみ町","town":"佐本西野川"}],"3167":[{"pref":"和歌山県","city":"西牟婁郡すさみ町","town":"佐本平野"}],"3168":[{"pref":"和歌山県","city":"西牟婁郡すさみ町","town":"佐本根倉"}],"3169":[{"pref":"和歌山県","city":"西牟婁郡すさみ町","town":"佐本深谷"}],"3500":[{"pref":"和歌山県","city":"東牟婁郡串本町","town":"以下に掲載がない場合"}],"3501":[{"pref":"和歌山県","city":"東牟婁郡串本町","town":"出雲"}],"3502":[{"pref":"和歌山県","city":"東牟婁郡串本町","town":"潮岬"}],"3503":[{"pref":"和歌山県","city":"東牟婁郡串本町","town":"串本"}],"3510":[{"pref":"和歌山県","city":"東牟婁郡串本町","town":"サンゴ台"}],"3511":[{"pref":"和歌山県","city":"東牟婁郡串本町","town":"鬮野川"}],"3512":[{"pref":"和歌山県","city":"東牟婁郡串本町","town":"二色"}],"3513":[{"pref":"和歌山県","city":"東牟婁郡串本町","town":"高富"}],"3514":[{"pref":"和歌山県","city":"東牟婁郡串本町","town":"有田"}],"3515":[{"pref":"和歌山県","city":"東牟婁郡串本町","town":"田並"}],"3516":[{"pref":"和歌山県","city":"東牟婁郡串本町","town":"田並上"}],"3517":[{"pref":"和歌山県","city":"東牟婁郡串本町","town":"吐生"}],"3518":[{"pref":"和歌山県","city":"東牟婁郡串本町","town":"有田上"}],"3521":[{"pref":"和歌山県","city":"東牟婁郡串本町","town":"江田"}],"3522":[{"pref":"和歌山県","city":"東牟婁郡串本町","town":"田子"}],"3523":[{"pref":"和歌山県","city":"東牟婁郡串本町","town":"和深"}],"3524":[{"pref":"和歌山県","city":"東牟婁郡串本町","town":"里川"}],"3631":[{"pref":"和歌山県","city":"東牟婁郡串本町","town":"樫野"}],"3632":[{"pref":"和歌山県","city":"東牟婁郡串本町","town":"須江"}],"3633":[{"pref":"和歌山県","city":"東牟婁郡串本町","town":"大島"}],"4100":[{"pref":"和歌山県","city":"東牟婁郡古座川町","town":"以下に掲載がない場合"}],"4101":[{"pref":"和歌山県","city":"東牟婁郡古座川町","town":"樫山"}],"4102":[{"pref":"和歌山県","city":"東牟婁郡古座川町","town":"楠"}],"4103":[{"pref":"和歌山県","city":"東牟婁郡古座川町","town":"池野山"}],"4104":[{"pref":"和歌山県","city":"東牟婁郡古座川町","town":"高池"}],"4105":[{"pref":"和歌山県","city":"東牟婁郡古座川町","town":"宇津木"}],"4106":[{"pref":"和歌山県","city":"東牟婁郡古座川町","town":"月野瀬"}],"4111":[{"pref":"和歌山県","city":"東牟婁郡串本町","town":"上田原"}],"4112":[{"pref":"和歌山県","city":"東牟婁郡串本町","town":"田原"}],"4113":[{"pref":"和歌山県","city":"東牟婁郡串本町","town":"津荷"}],"4114":[{"pref":"和歌山県","city":"東牟婁郡串本町","town":"上野山"}],"4115":[{"pref":"和歌山県","city":"東牟婁郡串本町","town":"古座"}],"4116":[{"pref":"和歌山県","city":"東牟婁郡串本町","town":"中湊"}],"4117":[{"pref":"和歌山県","city":"東牟婁郡串本町","town":"佐部"}],"4121":[{"pref":"和歌山県","city":"東牟婁郡串本町","town":"古田"}],"4122":[{"pref":"和歌山県","city":"東牟婁郡串本町","town":"西向"}],"4123":[{"pref":"和歌山県","city":"東牟婁郡串本町","town":"神野川"}],"4124":[{"pref":"和歌山県","city":"東牟婁郡串本町","town":"伊串"}],"4125":[{"pref":"和歌山県","city":"東牟婁郡串本町","town":"姫"}],"4126":[{"pref":"和歌山県","city":"東牟婁郡串本町","town":"姫川"}],"4211":[{"pref":"和歌山県","city":"東牟婁郡古座川町","town":"小森川"}],"4212":[{"pref":"和歌山県","city":"東牟婁郡古座川町","town":"田川"}],"4213":[{"pref":"和歌山県","city":"東牟婁郡古座川町","town":"西赤木"}],"4214":[{"pref":"和歌山県","city":"東牟婁郡古座川町","town":"宇筒井"}],"4215":[{"pref":"和歌山県","city":"東牟婁郡古座川町","town":"大桑"}],"4216":[{"pref":"和歌山県","city":"東牟婁郡古座川町","town":"小川"}],"4217":[{"pref":"和歌山県","city":"東牟婁郡古座川町","town":"山手"}],"4221":[{"pref":"和歌山県","city":"東牟婁郡古座川町","town":"中崎"}],"4222":[{"pref":"和歌山県","city":"東牟婁郡古座川町","town":"直見"}],"4223":[{"pref":"和歌山県","city":"東牟婁郡古座川町","town":"川口"}],"4224":[{"pref":"和歌山県","city":"東牟婁郡古座川町","town":"高瀬"}],"4225":[{"pref":"和歌山県","city":"東牟婁郡古座川町","town":"潤野"}],"4226":[{"pref":"和歌山県","city":"東牟婁郡古座川町","town":"明神"}],"4227":[{"pref":"和歌山県","city":"東牟婁郡古座川町","town":"大柳"}],"4231":[{"pref":"和歌山県","city":"東牟婁郡古座川町","town":"鶴川"}],"4232":[{"pref":"和歌山県","city":"東牟婁郡古座川町","town":"一雨"}],"4233":[{"pref":"和歌山県","city":"東牟婁郡古座川町","town":"立合"}],"4234":[{"pref":"和歌山県","city":"東牟婁郡古座川町","town":"峰"}],"4235":[{"pref":"和歌山県","city":"東牟婁郡古座川町","town":"相瀬"}],"4236":[{"pref":"和歌山県","city":"東牟婁郡古座川町","town":"立合川"}],"4441":[{"pref":"和歌山県","city":"東牟婁郡古座川町","town":"添野川"}],"4442":[{"pref":"和歌山県","city":"東牟婁郡古座川町","town":"佐田"}],"4443":[{"pref":"和歌山県","city":"東牟婁郡古座川町","town":"真砂"}],"4444":[{"pref":"和歌山県","city":"東牟婁郡古座川町","town":"長追"}],"4451":[{"pref":"和歌山県","city":"東牟婁郡古座川町","town":"大川"}],"4452":[{"pref":"和歌山県","city":"東牟婁郡古座川町","town":"蔵土"}],"4453":[{"pref":"和歌山県","city":"東牟婁郡古座川町","town":"洞尾"}],"4454":[{"pref":"和歌山県","city":"東牟婁郡古座川町","town":"南平"}],"4455":[{"pref":"和歌山県","city":"東牟婁郡古座川町","town":"三尾川"}],"4561":[{"pref":"和歌山県","city":"東牟婁郡古座川町","town":"西川"}],"4562":[{"pref":"和歌山県","city":"東牟婁郡古座川町","town":"下露"}],"4563":[{"pref":"和歌山県","city":"東牟婁郡古座川町","town":"平井"}],"4564":[{"pref":"和歌山県","city":"東牟婁郡古座川町","town":"松根"}],"4565":[{"pref":"和歌山県","city":"東牟婁郡古座川町","town":"成川"}],"5100":[{"pref":"和歌山県","city":"東牟婁郡太地町","town":"以下に掲載がない場合"}],"5131":[{"pref":"和歌山県","city":"東牟婁郡那智勝浦町","town":"西中野川"}],"5132":[{"pref":"和歌山県","city":"東牟婁郡那智勝浦町","town":"中ノ川"}],"5133":[{"pref":"和歌山県","city":"東牟婁郡那智勝浦町","town":"井鹿"}],"5134":[{"pref":"和歌山県","city":"東牟婁郡那智勝浦町","town":"南大居"}],"5135":[{"pref":"和歌山県","city":"東牟婁郡那智勝浦町","town":"高遠井"}],"5136":[{"pref":"和歌山県","city":"東牟婁郡那智勝浦町","town":"長井"}],"5137":[{"pref":"和歌山県","city":"東牟婁郡那智勝浦町","town":"小匠"}],"5141":[{"pref":"和歌山県","city":"東牟婁郡那智勝浦町","town":"市屋（その他）"}],"5142":[{"pref":"和歌山県","city":"東牟婁郡那智勝浦町","town":"下里"}],"5143":[{"pref":"和歌山県","city":"東牟婁郡那智勝浦町","town":"八尺鏡野"}],"5144":[{"pref":"和歌山県","city":"東牟婁郡那智勝浦町","town":"粉白"}],"5145":[{"pref":"和歌山県","city":"東牟婁郡那智勝浦町","town":"浦神"}],"5146":[{"pref":"和歌山県","city":"東牟婁郡那智勝浦町","town":"中里"}],"5147":[{"pref":"和歌山県","city":"東牟婁郡那智勝浦町","town":"庄"}],"5148":[{"pref":"和歌山県","city":"東牟婁郡那智勝浦町","town":"下和田"}],"5171":[{"pref":"和歌山県","city":"東牟婁郡太地町","town":"太地（その他）"}],"5172":[{"pref":"和歌山県","city":"東牟婁郡太地町","town":"森浦"}],"5300":[{"pref":"和歌山県","city":"東牟婁郡那智勝浦町","town":"以下に掲載がない場合"}],"5301":[{"pref":"和歌山県","city":"東牟婁郡那智勝浦町","town":"那智山"}],"5302":[{"pref":"和歌山県","city":"東牟婁郡那智勝浦町","town":"市野々"}],"5303":[{"pref":"和歌山県","city":"東牟婁郡那智勝浦町","town":"井関"}],"5304":[{"pref":"和歌山県","city":"東牟婁郡那智勝浦町","town":"川関"}],"5311":[{"pref":"和歌山県","city":"東牟婁郡那智勝浦町","town":"高津気"}],"5312":[{"pref":"和歌山県","city":"東牟婁郡那智勝浦町","town":"宇久井"}],"5313":[{"pref":"和歌山県","city":"東牟婁郡那智勝浦町","town":"狗子ノ川"}],"5314":[{"pref":"和歌山県","city":"東牟婁郡那智勝浦町","town":"浜ノ宮"}],"5331":[{"pref":"和歌山県","city":"東牟婁郡那智勝浦町","town":"天満"}],"5332":[{"pref":"和歌山県","city":"東牟婁郡那智勝浦町","town":"朝日"}],"5333":[{"pref":"和歌山県","city":"東牟婁郡那智勝浦町","town":"北浜"}],"5334":[{"pref":"和歌山県","city":"東牟婁郡那智勝浦町","town":"勝浦"}],"5335":[{"pref":"和歌山県","city":"東牟婁郡那智勝浦町","town":"築地"}],"5336":[{"pref":"和歌山県","city":"東牟婁郡那智勝浦町","town":"湯川"}],"5337":[{"pref":"和歌山県","city":"東牟婁郡那智勝浦町","town":"橋ノ川"}],"5338":[{"pref":"和歌山県","city":"東牟婁郡那智勝浦町","town":"二河"}],"5339":[{"pref":"和歌山県","city":"東牟婁郡那智勝浦町","town":"市屋（大浦、１０５４－９）"}],"5371":[{"pref":"和歌山県","city":"東牟婁郡太地町","town":"太地（３７７２～３９０４番地）"}],"5451":[{"pref":"和歌山県","city":"東牟婁郡那智勝浦町","town":"口色川"}],"5452":[{"pref":"和歌山県","city":"東牟婁郡那智勝浦町","town":"小阪"}],"5453":[{"pref":"和歌山県","city":"東牟婁郡那智勝浦町","town":"南平野"}],"5454":[{"pref":"和歌山県","city":"東牟婁郡那智勝浦町","town":"熊瀬川"}],"5461":[{"pref":"和歌山県","city":"東牟婁郡那智勝浦町","town":"大野"}],"5462":[{"pref":"和歌山県","city":"東牟婁郡那智勝浦町","town":"田垣内"}],"5463":[{"pref":"和歌山県","city":"東牟婁郡那智勝浦町","town":"高野"}],"5464":[{"pref":"和歌山県","city":"東牟婁郡那智勝浦町","town":"直柱"}],"5465":[{"pref":"和歌山県","city":"東牟婁郡那智勝浦町","town":"坂足"}],"5466":[{"pref":"和歌山県","city":"東牟婁郡那智勝浦町","town":"樫原"}],"6101":[{"pref":"和歌山県","city":"紀の川市","town":"桃山町善田"}],"6102":[{"pref":"和歌山県","city":"紀の川市","town":"桃山町黒川"}],"6103":[{"pref":"和歌山県","city":"紀の川市","town":"桃山町野田原"}],"6104":[{"pref":"和歌山県","city":"紀の川市","town":"桃山町脇谷"}],"6105":[{"pref":"和歌山県","city":"紀の川市","town":"桃山町大原"}],"6111":[{"pref":"和歌山県","city":"紀の川市","town":"桃山町最上"}],"6112":[{"pref":"和歌山県","city":"紀の川市","town":"桃山町調月"}],"6121":[{"pref":"和歌山県","city":"紀の川市","town":"桃山町段新田"}],"6122":[{"pref":"和歌山県","city":"紀の川市","town":"桃山町元"}],"6123":[{"pref":"和歌山県","city":"紀の川市","town":"桃山町神田"}],"6124":[{"pref":"和歌山県","city":"紀の川市","town":"桃山町市場"}],"6125":[{"pref":"和歌山県","city":"紀の川市","town":"桃山町段"}],"6161":[{"pref":"和歌山県","city":"紀の川市","town":"高野"}],"6162":[{"pref":"和歌山県","city":"紀の川市","town":"竹房（４５１番地以上）"}],"6200":[{"pref":"和歌山県","city":"岩出市","town":"以下に掲載がない場合"}],"6201":[{"pref":"和歌山県","city":"岩出市","town":"押川"}],"6202":[{"pref":"和歌山県","city":"岩出市","town":"根来"}],"6203":[{"pref":"和歌山県","city":"岩出市","town":"桜台"}],"6204":[{"pref":"和歌山県","city":"岩出市","town":"今中"}],"6205":[{"pref":"和歌山県","city":"岩出市","town":"森"}],"6206":[{"pref":"和歌山県","city":"岩出市","town":"堀口"}],"6207":[{"pref":"和歌山県","city":"岩出市","town":"尼ケ辻"}],"6208":[{"pref":"和歌山県","city":"岩出市","town":"今畑"}],"6211":[{"pref":"和歌山県","city":"岩出市","town":"東坂本"}],"6212":[{"pref":"和歌山県","city":"岩出市","town":"新田広芝"}],"6213":[{"pref":"和歌山県","city":"岩出市","town":"西国分"}],"6214":[{"pref":"和歌山県","city":"岩出市","town":"水栖"}],"6215":[{"pref":"和歌山県","city":"岩出市","town":"中迫"}],"6216":[{"pref":"和歌山県","city":"岩出市","town":"野上野"}],"6217":[{"pref":"和歌山県","city":"岩出市","town":"山田"}],"6218":[{"pref":"和歌山県","city":"岩出市","town":"南大池"}],"6219":[{"pref":"和歌山県","city":"岩出市","town":"北大池"}],"6221":[{"pref":"和歌山県","city":"岩出市","town":"溝川"}],"6222":[{"pref":"和歌山県","city":"岩出市","town":"岡田"}],"6223":[{"pref":"和歌山県","city":"岩出市","town":"高塚"}],"6224":[{"pref":"和歌山県","city":"岩出市","town":"山崎"}],"6225":[{"pref":"和歌山県","city":"岩出市","town":"船戸"}],"6226":[{"pref":"和歌山県","city":"岩出市","town":"宮"}],"6227":[{"pref":"和歌山県","city":"岩出市","town":"清水"}],"6228":[{"pref":"和歌山県","city":"岩出市","town":"大町"}],"6231":[{"pref":"和歌山県","city":"岩出市","town":"川尻"}],"6232":[{"pref":"和歌山県","city":"岩出市","town":"荊本"}],"6233":[{"pref":"和歌山県","city":"岩出市","town":"備前"}],"6234":[{"pref":"和歌山県","city":"岩出市","town":"高瀬"}],"6235":[{"pref":"和歌山県","city":"岩出市","town":"西野"}],"6236":[{"pref":"和歌山県","city":"岩出市","town":"曽屋"}],"6241":[{"pref":"和歌山県","city":"岩出市","town":"波分"}],"6242":[{"pref":"和歌山県","city":"岩出市","town":"赤垣内"}],"6243":[{"pref":"和歌山県","city":"岩出市","town":"金屋"}],"6244":[{"pref":"和歌山県","city":"岩出市","town":"畑毛"}],"6245":[{"pref":"和歌山県","city":"岩出市","town":"中島"}],"6246":[{"pref":"和歌山県","city":"岩出市","town":"吉田"}],"6248":[{"pref":"和歌山県","city":"岩出市","town":"中黒"},{"pref":"和歌山県","city":"岩出市","town":"湯窪"}],"6251":[{"pref":"和歌山県","city":"岩出市","town":"境谷"}],"6252":[{"pref":"和歌山県","city":"岩出市","town":"安上"}],"6253":[{"pref":"和歌山県","city":"岩出市","town":"紀泉台"}],"6254":[{"pref":"和歌山県","city":"岩出市","town":"原"}],"6255":[{"pref":"和歌山県","city":"岩出市","town":"西安上"}],"6256":[{"pref":"和歌山県","city":"岩出市","town":"金池"}],"6257":[{"pref":"和歌山県","city":"岩出市","town":"相谷"}],"6258":[{"pref":"和歌山県","city":"岩出市","town":"山"}],"6261":[{"pref":"和歌山県","city":"和歌山市","town":"小倉"}],"6262":[{"pref":"和歌山県","city":"和歌山市","town":"上三毛"}],"6263":[{"pref":"和歌山県","city":"和歌山市","town":"下三毛"}],"6264":[{"pref":"和歌山県","city":"和歌山市","town":"新庄"}],"6271":[{"pref":"和歌山県","city":"和歌山市","town":"満屋"}],"6272":[{"pref":"和歌山県","city":"和歌山市","town":"大垣内"}],"6273":[{"pref":"和歌山県","city":"和歌山市","town":"東田中"}],"6274":[{"pref":"和歌山県","city":"和歌山市","town":"金谷"}],"6275":[{"pref":"和歌山県","city":"和歌山市","town":"吐前"}],"6301":[{"pref":"和歌山県","city":"和歌山市","town":"滝畑"}],"6302":[{"pref":"和歌山県","city":"和歌山市","town":"湯屋谷"}],"6303":[{"pref":"和歌山県","city":"和歌山市","town":"平岡"}],"6304":[{"pref":"和歌山県","city":"和歌山市","town":"中筋日延"}],"6305":[{"pref":"和歌山県","city":"和歌山市","town":"谷"}],"6306":[{"pref":"和歌山県","city":"和歌山市","town":"上黒谷"}],"6307":[{"pref":"和歌山県","city":"和歌山市","town":"北別所"}],"6308":[{"pref":"和歌山県","city":"和歌山市","town":"落合"}],"6311":[{"pref":"和歌山県","city":"和歌山市","town":"里"}],"6312":[{"pref":"和歌山県","city":"和歌山市","town":"川辺"}],"6313":[{"pref":"和歌山県","city":"和歌山市","town":"楠本"}],"6314":[{"pref":"和歌山県","city":"和歌山市","town":"島"}],"6315":[{"pref":"和歌山県","city":"和歌山市","town":"神波"}],"6316":[{"pref":"和歌山県","city":"和歌山市","town":"上野"}],"6317":[{"pref":"和歌山県","city":"和歌山市","town":"山口西"}],"6318":[{"pref":"和歌山県","city":"和歌山市","town":"藤田"}],"6321":[{"pref":"和歌山県","city":"和歌山市","town":"布施屋"}],"6322":[{"pref":"和歌山県","city":"和歌山市","town":"和佐関戸"}],"6323":[{"pref":"和歌山県","city":"和歌山市","town":"井ノ口"}],"6324":[{"pref":"和歌山県","city":"和歌山市","town":"祢宜"}],"6325":[{"pref":"和歌山県","city":"和歌山市","town":"下和佐"}],"6326":[{"pref":"和歌山県","city":"和歌山市","town":"和佐中"}],"6331":[{"pref":"和歌山県","city":"和歌山市","town":"北野"}],"6332":[{"pref":"和歌山県","city":"和歌山市","town":"宇田森"}],"6333":[{"pref":"和歌山県","city":"和歌山市","town":"永穂"}],"6334":[{"pref":"和歌山県","city":"和歌山市","town":"北"}],"6335":[{"pref":"和歌山県","city":"和歌山市","town":"西田井"}],"6336":[{"pref":"和歌山県","city":"和歌山市","town":"小豆島"}],"6337":[{"pref":"和歌山県","city":"和歌山市","town":"田屋"}],"6338":[{"pref":"和歌山県","city":"和歌山市","town":"府中"}],"6339":[{"pref":"和歌山県","city":"和歌山市","town":"弘西"}],"6400":[{"pref":"和歌山県","city":"紀の川市","town":"以下に掲載がない場合"}],"6401":[{"pref":"和歌山県","city":"紀の川市","town":"重行"}],"6402":[{"pref":"和歌山県","city":"紀の川市","town":"北勢田"}],"6403":[{"pref":"和歌山県","city":"紀の川市","town":"南勢田"}],"6404":[{"pref":"和歌山県","city":"紀の川市","town":"赤尾"}],"6405":[{"pref":"和歌山県","city":"紀の川市","town":"東大井"}],"6406":[{"pref":"和歌山県","city":"紀の川市","town":"北大井"}],"6407":[{"pref":"和歌山県","city":"紀の川市","town":"池田新"}],"6411":[{"pref":"和歌山県","city":"紀の川市","town":"広野"}],"6412":[{"pref":"和歌山県","city":"紀の川市","town":"黒土"}],"6413":[{"pref":"和歌山県","city":"紀の川市","town":"竹房（４５０番地以下）"}],"6414":[{"pref":"和歌山県","city":"紀の川市","town":"打田"}],"6415":[{"pref":"和歌山県","city":"紀の川市","town":"窪"}],"6416":[{"pref":"和歌山県","city":"紀の川市","town":"上野"}],"6417":[{"pref":"和歌山県","city":"紀の川市","town":"西大井"}],"6418":[{"pref":"和歌山県","city":"紀の川市","town":"久留壁"}],"6421":[{"pref":"和歌山県","city":"紀の川市","town":"田中馬場"}],"6422":[{"pref":"和歌山県","city":"紀の川市","town":"花野"}],"6423":[{"pref":"和歌山県","city":"紀の川市","town":"尾崎"}],"6424":[{"pref":"和歌山県","city":"紀の川市","town":"畑野上"}],"6425":[{"pref":"和歌山県","city":"紀の川市","town":"中井阪"}],"6426":[{"pref":"和歌山県","city":"紀の川市","town":"下井阪"}],"6427":[{"pref":"和歌山県","city":"紀の川市","town":"西井阪"}],"6428":[{"pref":"和歌山県","city":"紀の川市","town":"東国分"}],"6431":[{"pref":"和歌山県","city":"紀の川市","town":"南中"}],"6432":[{"pref":"和歌山県","city":"紀の川市","town":"古和田"}],"6433":[{"pref":"和歌山県","city":"紀の川市","town":"西三谷"}],"6434":[{"pref":"和歌山県","city":"紀の川市","town":"中三谷"}],"6435":[{"pref":"和歌山県","city":"紀の川市","town":"東三谷"}],"6441":[{"pref":"和歌山県","city":"紀の川市","town":"東山田"}],"6442":[{"pref":"和歌山県","city":"紀の川市","town":"神領"}],"6443":[{"pref":"和歌山県","city":"紀の川市","town":"北中"}],"6444":[{"pref":"和歌山県","city":"紀の川市","town":"登尾"}],"6445":[{"pref":"和歌山県","city":"紀の川市","town":"豊田"}],"6446":[{"pref":"和歌山県","city":"紀の川市","town":"枇杷谷"}],"6447":[{"pref":"和歌山県","city":"紀の川市","town":"西山田"}],"6451":[{"pref":"和歌山県","city":"紀の川市","town":"神通"}],"6452":[{"pref":"和歌山県","city":"紀の川市","town":"中畑"}],"6501":[{"pref":"和歌山県","city":"紀の川市","town":"北志野"}],"6502":[{"pref":"和歌山県","city":"紀の川市","town":"北長田"}],"6503":[{"pref":"和歌山県","city":"紀の川市","town":"長田中"}],"6504":[{"pref":"和歌山県","city":"紀の川市","town":"南志野"}],"6511":[{"pref":"和歌山県","city":"紀の川市","town":"猪垣"}],"6512":[{"pref":"和歌山県","city":"紀の川市","town":"東毛"}],"6513":[{"pref":"和歌山県","city":"紀の川市","town":"中津川"}],"6514":[{"pref":"和歌山県","city":"紀の川市","town":"藤井"}],"6521":[{"pref":"和歌山県","city":"紀の川市","town":"馬宿"}],"6522":[{"pref":"和歌山県","city":"紀の川市","town":"上丹生谷"}],"6523":[{"pref":"和歌山県","city":"紀の川市","town":"下丹生谷"}],"6524":[{"pref":"和歌山県","city":"紀の川市","town":"西川原"}],"6525":[{"pref":"和歌山県","city":"紀の川市","town":"野上"}],"6526":[{"pref":"和歌山県","city":"紀の川市","town":"東川原"}],"6531":[{"pref":"和歌山県","city":"紀の川市","town":"粉河"}],"6532":[{"pref":"和歌山県","city":"紀の川市","town":"中山"}],"6541":[{"pref":"和歌山県","city":"紀の川市","town":"井田"}],"6542":[{"pref":"和歌山県","city":"紀の川市","town":"東野"}],"6551":[{"pref":"和歌山県","city":"紀の川市","town":"上田井"}],"6552":[{"pref":"和歌山県","city":"紀の川市","town":"嶋"}],"6553":[{"pref":"和歌山県","city":"紀の川市","town":"深田"}],"6554":[{"pref":"和歌山県","city":"紀の川市","town":"別所"}],"6555":[{"pref":"和歌山県","city":"紀の川市","town":"松井"}],"6561":[{"pref":"和歌山県","city":"紀の川市","town":"荒見"}],"6562":[{"pref":"和歌山県","city":"紀の川市","town":"遠方"}],"6563":[{"pref":"和歌山県","city":"紀の川市","town":"風市"}],"6564":[{"pref":"和歌山県","city":"紀の川市","town":"勝神"}],"6565":[{"pref":"和歌山県","city":"紀の川市","town":"杉原"}],"6571":[{"pref":"和歌山県","city":"紀の川市","town":"上鞆渕"}],"6572":[{"pref":"和歌山県","city":"紀の川市","town":"下鞆渕"}],"6573":[{"pref":"和歌山県","city":"紀の川市","town":"中鞆渕"}],"6601":[{"pref":"和歌山県","city":"紀の川市","town":"名手上"}],"6602":[{"pref":"和歌山県","city":"紀の川市","town":"平野"}],"6603":[{"pref":"和歌山県","city":"紀の川市","town":"名手下"}],"6604":[{"pref":"和歌山県","city":"紀の川市","town":"西野山"}],"6605":[{"pref":"和歌山県","city":"紀の川市","town":"江川中"}],"6606":[{"pref":"和歌山県","city":"紀の川市","town":"切畑"}],"6611":[{"pref":"和歌山県","city":"紀の川市","town":"穴伏"}],"6612":[{"pref":"和歌山県","city":"紀の川市","town":"北涌"}],"6613":[{"pref":"和歌山県","city":"紀の川市","town":"横谷"}],"6614":[{"pref":"和歌山県","city":"紀の川市","town":"赤沼田"}],"6615":[{"pref":"和歌山県","city":"紀の川市","town":"麻生津中"}],"6616":[{"pref":"和歌山県","city":"紀の川市","town":"西脇"}],"6621":[{"pref":"和歌山県","city":"紀の川市","town":"名手西野"}],"6622":[{"pref":"和歌山県","city":"紀の川市","town":"後田"}],"6623":[{"pref":"和歌山県","city":"紀の川市","town":"藤崎"}],"6624":[{"pref":"和歌山県","city":"紀の川市","town":"王子"}],"6631":[{"pref":"和歌山県","city":"紀の川市","town":"名手市場"}],"7100":[{"pref":"和歌山県","city":"伊都郡かつらぎ町","town":"以下に掲載がない場合"}],"7101":[{"pref":"和歌山県","city":"伊都郡かつらぎ町","town":"東谷"}],"7102":[{"pref":"和歌山県","city":"伊都郡かつらぎ町","town":"滝"}],"7103":[{"pref":"和歌山県","city":"伊都郡かつらぎ町","town":"広口"}],"7104":[{"pref":"和歌山県","city":"伊都郡かつらぎ町","town":"平"}],"7111":[{"pref":"和歌山県","city":"伊都郡かつらぎ町","town":"大畑"}],"7112":[{"pref":"和歌山県","city":"伊都郡かつらぎ町","town":"中飯降"}],"7113":[{"pref":"和歌山県","city":"伊都郡かつらぎ町","town":"妙寺"}],"7114":[{"pref":"和歌山県","city":"伊都郡かつらぎ町","town":"西飯降"}],"7115":[{"pref":"和歌山県","city":"伊都郡かつらぎ町","town":"短野"}],"7121":[{"pref":"和歌山県","city":"伊都郡かつらぎ町","town":"丁ノ町"}],"7122":[{"pref":"和歌山県","city":"伊都郡かつらぎ町","town":"新田"}],"7123":[{"pref":"和歌山県","city":"伊都郡かつらぎ町","town":"柏木"}],"7131":[{"pref":"和歌山県","city":"伊都郡かつらぎ町","town":"山崎"}],"7132":[{"pref":"和歌山県","city":"伊都郡かつらぎ町","town":"教良寺"}],"7133":[{"pref":"和歌山県","city":"伊都郡かつらぎ町","town":"三谷"}],"7134":[{"pref":"和歌山県","city":"伊都郡かつらぎ町","town":"宮本"}],"7135":[{"pref":"和歌山県","city":"伊都郡かつらぎ町","town":"平沼田"}],"7136":[{"pref":"和歌山県","city":"伊都郡かつらぎ町","town":"寺尾"}],"7137":[{"pref":"和歌山県","city":"伊都郡かつらぎ町","town":"兄井"}],"7141":[{"pref":"和歌山県","city":"伊都郡かつらぎ町","town":"上天野"}],"7142":[{"pref":"和歌山県","city":"伊都郡かつらぎ町","town":"下天野"}],"7143":[{"pref":"和歌山県","city":"伊都郡かつらぎ町","town":"神田"}],"7144":[{"pref":"和歌山県","city":"伊都郡かつらぎ町","town":"志賀"}],"7145":[{"pref":"和歌山県","city":"伊都郡かつらぎ町","town":"日高"}],"7146":[{"pref":"和歌山県","city":"伊都郡かつらぎ町","town":"星山"}],"7151":[{"pref":"和歌山県","city":"伊都郡かつらぎ町","town":"東渋田"}],"7152":[{"pref":"和歌山県","city":"伊都郡かつらぎ町","town":"星川"}],"7153":[{"pref":"和歌山県","city":"伊都郡かつらぎ町","town":"御所"}],"7154":[{"pref":"和歌山県","city":"伊都郡かつらぎ町","town":"西渋田"}],"7155":[{"pref":"和歌山県","city":"伊都郡かつらぎ町","town":"島"}],"7161":[{"pref":"和歌山県","city":"伊都郡かつらぎ町","town":"笠田東"}],"7162":[{"pref":"和歌山県","city":"伊都郡かつらぎ町","town":"笠田中"}],"7163":[{"pref":"和歌山県","city":"伊都郡かつらぎ町","town":"萩原"}],"7164":[{"pref":"和歌山県","city":"伊都郡かつらぎ町","town":"窪"}],"7165":[{"pref":"和歌山県","city":"伊都郡かつらぎ町","town":"背ノ山"}],"7166":[{"pref":"和歌山県","city":"伊都郡かつらぎ町","town":"高田"}],"7167":[{"pref":"和歌山県","city":"伊都郡かつらぎ町","town":"移"}],"7171":[{"pref":"和歌山県","city":"伊都郡かつらぎ町","town":"大薮"}],"7172":[{"pref":"和歌山県","city":"伊都郡かつらぎ町","town":"蛭子"}],"7173":[{"pref":"和歌山県","city":"伊都郡かつらぎ町","town":"大谷"}],"7174":[{"pref":"和歌山県","city":"伊都郡かつらぎ町","town":"佐野"}],"7175":[{"pref":"和歌山県","city":"伊都郡かつらぎ町","town":"広浦"}],"7201":[{"pref":"和歌山県","city":"橋本市","town":"高野口町応其"}],"7202":[{"pref":"和歌山県","city":"橋本市","town":"高野口町伏原"}],"7203":[{"pref":"和歌山県","city":"橋本市","town":"高野口町名古曽"}],"7204":[{"pref":"和歌山県","city":"橋本市","town":"高野口町小田"}],"7205":[{"pref":"和歌山県","city":"橋本市","town":"高野口町名倉"}],"7206":[{"pref":"和歌山県","city":"橋本市","town":"高野口町向島"}],"7207":[{"pref":"和歌山県","city":"橋本市","town":"高野口町大野"}],"7211":[{"pref":"和歌山県","city":"橋本市","town":"高野口町下中"}],"7212":[{"pref":"和歌山県","city":"橋本市","town":"高野口町上中"}],"7213":[{"pref":"和歌山県","city":"橋本市","town":"高野口町嵯峨谷"}],"7214":[{"pref":"和歌山県","city":"橋本市","town":"高野口町竹尾"}],"7215":[{"pref":"和歌山県","city":"橋本市","town":"高野口町九重"}],"7216":[{"pref":"和歌山県","city":"橋本市","town":"高野口町田原"}],"0147":[{"pref":"和歌山県","city":"海南市","town":"下津町青枝"}],"0145":[{"pref":"和歌山県","city":"海南市","town":"下津町市坪"}],"0132":[{"pref":"和歌山県","city":"海南市","town":"下津町梅田"}],"0155":[{"pref":"和歌山県","city":"海南市","town":"下津町大窪"}],"0112":[{"pref":"和歌山県","city":"海南市","town":"下津町大崎"}],"0153":[{"pref":"和歌山県","city":"海南市","town":"下津町興"}],"0162":[{"pref":"和歌山県","city":"海南市","town":"下津町小原"}],"0154":[{"pref":"和歌山県","city":"海南市","town":"下津町笠畑"}],"0111":[{"pref":"和歌山県","city":"海南市","town":"下津町方"}],"0164":[{"pref":"和歌山県","city":"海南市","town":"下津町上"}],"0163":[{"pref":"和歌山県","city":"海南市","town":"下津町鰈川"}],"0144":[{"pref":"和歌山県","city":"海南市","town":"下津町橘本"}],"0146":[{"pref":"和歌山県","city":"海南市","town":"下津町沓掛"}],"0122":[{"pref":"和歌山県","city":"海南市","town":"下津町黒田"}],"0161":[{"pref":"和歌山県","city":"海南市","town":"下津町小畑"}],"0143":[{"pref":"和歌山県","city":"海南市","town":"下津町小松原"}],"0141":[{"pref":"和歌山県","city":"海南市","town":"下津町小南"}],"0131":[{"pref":"和歌山県","city":"海南市","town":"下津町塩津"}],"0133":[{"pref":"和歌山県","city":"海南市","town":"下津町下"}],"0101":[{"pref":"和歌山県","city":"海南市","town":"下津町下津"}],"0151":[{"pref":"和歌山県","city":"海南市","town":"下津町曽根田"}],"0142":[{"pref":"和歌山県","city":"海南市","town":"下津町中"}],"0152":[{"pref":"和歌山県","city":"海南市","town":"下津町引尾"}],"0121":[{"pref":"和歌山県","city":"海南市","town":"下津町丸田"}],"0156":[{"pref":"和歌山県","city":"海南市","town":"下津町百垣内"}],"0123":[{"pref":"和歌山県","city":"海南市","town":"下津町丁"}],"0300":[{"pref":"和歌山県","city":"有田市","town":"以下に掲載がない場合"}],"0421":[{"pref":"和歌山県","city":"有田市","town":"糸我町中番"}],"0422":[{"pref":"和歌山県","city":"有田市","town":"糸我町西"}],"0317":[{"pref":"和歌山県","city":"有田市","town":"古江見"}],"0301":[{"pref":"和歌山県","city":"有田市","town":"下中島"}],"0303":[{"pref":"和歌山県","city":"有田市","town":"新堂"}],"0313":[{"pref":"和歌山県","city":"有田市","town":"千田"}],"0311":[{"pref":"和歌山県","city":"有田市","town":"辻堂"}],"0314":[{"pref":"和歌山県","city":"有田市","town":"野"}],"0307":[{"pref":"和歌山県","city":"有田市","town":"初島町里"}],"0306":[{"pref":"和歌山県","city":"有田市","town":"初島町浜"}],"0312":[{"pref":"和歌山県","city":"有田市","town":"星尾"}],"0305":[{"pref":"和歌山県","city":"有田市","town":"港町"}],"0304":[{"pref":"和歌山県","city":"有田市","town":"箕島"}],"0316":[{"pref":"和歌山県","city":"有田市","town":"宮崎町"}],"0434":[{"pref":"和歌山県","city":"有田市","town":"宮原町新町"}],"0433":[{"pref":"和歌山県","city":"有田市","town":"宮原町須谷"}],"0437":[{"pref":"和歌山県","city":"有田市","town":"宮原町滝"}],"0435":[{"pref":"和歌山県","city":"有田市","town":"宮原町滝川原"}],"0436":[{"pref":"和歌山県","city":"有田市","town":"宮原町道"}],"0431":[{"pref":"和歌山県","city":"有田市","town":"宮原町畑"}],"0432":[{"pref":"和歌山県","city":"有田市","town":"宮原町東"}],"0302":[{"pref":"和歌山県","city":"有田市","town":"山田原"}],"0315":[{"pref":"和歌山県","city":"有田市","town":"山地"}]}