{"0000":[{"pref":"栃木県","city":"足利市","town":"以下に掲載がない場合"}],"0052":[{"pref":"栃木県","city":"足利市","town":"相生町"}],"0062":[{"pref":"栃木県","city":"足利市","town":"赤松台"}],"0328":[{"pref":"栃木県","city":"足利市","town":"県町"}],"0823":[{"pref":"栃木県","city":"足利市","town":"朝倉町"}],"0802":[{"pref":"栃木県","city":"足利市","town":"旭町"}],"0832":[{"pref":"栃木県","city":"足利市","town":"荒金町"}],"0834":[{"pref":"栃木県","city":"足利市","town":"新宿町"}],"0103":[{"pref":"栃木県","city":"足利市","town":"粟谷町"}],"0803":[{"pref":"栃木県","city":"足利市","town":"家富町"}],"0014":[{"pref":"栃木県","city":"足利市","town":"鵤木町"}],"0811":[{"pref":"栃木県","city":"足利市","town":"井草町"}],"0053":[{"pref":"栃木県","city":"足利市","town":"伊勢町"}],"0054":[{"pref":"栃木県","city":"足利市","town":"伊勢南町"}],"0102":[{"pref":"栃木県","city":"足利市","town":"板倉町"}],"0842":[{"pref":"栃木県","city":"足利市","town":"今福町"}],"0046":[{"pref":"栃木県","city":"足利市","town":"岩井町"}],"0055":[{"pref":"栃木県","city":"足利市","town":"永楽町"}],"0067":[{"pref":"栃木県","city":"足利市","town":"江川町"}],"0841":[{"pref":"栃木県","city":"足利市","town":"大岩町"}],"0012":[{"pref":"栃木県","city":"足利市","town":"大久保町"}],"0005":[{"pref":"栃木県","city":"足利市","town":"大月町"}],"0011":[{"pref":"栃木県","city":"足利市","town":"大沼田町"}],"0051":[{"pref":"栃木県","city":"足利市","town":"大橋町"}],"0845":[{"pref":"栃木県","city":"足利市","town":"大前町"}],"0326":[{"pref":"栃木県","city":"足利市","town":"小曽根町"}],"0141":[{"pref":"栃木県","city":"足利市","town":"小俣町"}],"0142":[{"pref":"栃木県","city":"足利市","town":"小俣南町"}],"0006":[{"pref":"栃木県","city":"足利市","town":"利保町"}],"0844":[{"pref":"栃木県","city":"足利市","town":"鹿島町"}],"0004":[{"pref":"栃木県","city":"足利市","town":"樺崎町"}],"0335":[{"pref":"栃木県","city":"足利市","town":"上渋垂町"}],"0826":[{"pref":"栃木県","city":"足利市","town":"借宿町"}],"0013":[{"pref":"栃木県","city":"足利市","town":"川崎町"}],"0324":[{"pref":"栃木県","city":"足利市","town":"久保田町"}],"0016":[{"pref":"栃木県","city":"足利市","town":"毛野新町"}],"0025":[{"pref":"栃木県","city":"足利市","town":"寿町"}],"0815":[{"pref":"栃木県","city":"足利市","town":"栄町"}],"0835":[{"pref":"栃木県","city":"足利市","town":"里矢場町"}],"0023":[{"pref":"栃木県","city":"足利市","town":"猿田町"}],"0337":[{"pref":"栃木県","city":"足利市","town":"島田町"}],"0334":[{"pref":"栃木県","city":"足利市","town":"下渋垂町"}],"0813":[{"pref":"栃木県","city":"足利市","town":"昌平町"}],"0063":[{"pref":"栃木県","city":"足利市","town":"新山町"}],"0031":[{"pref":"栃木県","city":"足利市","town":"末広町"}],"0044":[{"pref":"栃木県","city":"足利市","town":"助戸"}],"0048":[{"pref":"栃木県","city":"足利市","town":"助戸大橋町"}],"0041":[{"pref":"栃木県","city":"足利市","town":"助戸新山町"}],"0043":[{"pref":"栃木県","city":"足利市","town":"助戸仲町"}],"0042":[{"pref":"栃木県","city":"足利市","town":"助戸東山町"}],"0007":[{"pref":"栃木県","city":"足利市","town":"菅田町"}],"0807":[{"pref":"栃木県","city":"足利市","town":"大正町"}],"0056":[{"pref":"栃木県","city":"足利市","town":"大町"}],"0812":[{"pref":"栃木県","city":"足利市","town":"大門通"}],"0325":[{"pref":"栃木県","city":"足利市","town":"高松町"}],"0061":[{"pref":"栃木県","city":"足利市","town":"田島町"}],"0066":[{"pref":"栃木県","city":"足利市","town":"田所町"}],"0822":[{"pref":"栃木県","city":"足利市","town":"田中町"}],"0045":[{"pref":"栃木県","city":"足利市","town":"千歳町"}],"0068":[{"pref":"栃木県","city":"足利市","town":"月谷町"}],"0022":[{"pref":"栃木県","city":"足利市","town":"常見町"}],"0814":[{"pref":"栃木県","city":"足利市","town":"通"}],"0026":[{"pref":"栃木県","city":"足利市","town":"常盤町"}],"0805":[{"pref":"栃木県","city":"足利市","town":"巴町"}],"0333":[{"pref":"栃木県","city":"足利市","town":"問屋町"}],"0825":[{"pref":"栃木県","city":"足利市","town":"中川町"}],"0001":[{"pref":"栃木県","city":"足利市","town":"名草上町"}],"0002":[{"pref":"栃木県","city":"足利市","town":"名草中町"}],"0003":[{"pref":"栃木県","city":"足利市","town":"名草下町"}],"0837":[{"pref":"栃木県","city":"足利市","town":"西新井町"}],"0047":[{"pref":"栃木県","city":"足利市","town":"錦町"}],"0065":[{"pref":"栃木県","city":"足利市","town":"西砂原後町"}],"0817":[{"pref":"栃木県","city":"足利市","town":"西宮町"}],"0322":[{"pref":"栃木県","city":"足利市","town":"野田町"}],"0327":[{"pref":"栃木県","city":"足利市","town":"羽刈町"}],"0143":[{"pref":"栃木県","city":"足利市","town":"葉鹿町"}],"0144":[{"pref":"栃木県","city":"足利市","town":"葉鹿南町"}],"0033":[{"pref":"栃木県","city":"足利市","town":"花園町"}],"0064":[{"pref":"栃木県","city":"足利市","town":"東砂原後町"}],"0034":[{"pref":"栃木県","city":"足利市","town":"久松町"}],"0338":[{"pref":"栃木県","city":"足利市","town":"福居町"}],"0332":[{"pref":"栃木県","city":"足利市","town":"福富新町"}],"0331":[{"pref":"栃木県","city":"足利市","town":"福富町"}],"0037":[{"pref":"栃木県","city":"足利市","town":"富士見町"}],"0833":[{"pref":"栃木県","city":"足利市","town":"藤本町"}],"0831":[{"pref":"栃木県","city":"足利市","town":"堀込町"}],"0808":[{"pref":"栃木県","city":"足利市","town":"本城"}],"0032":[{"pref":"栃木県","city":"足利市","town":"真砂町"}],"0101":[{"pref":"栃木県","city":"足利市","town":"松田町"}],"0057":[{"pref":"栃木県","city":"足利市","town":"丸山町"}],"0323":[{"pref":"栃木県","city":"足利市","town":"瑞穂野町"}],"0816":[{"pref":"栃木県","city":"足利市","town":"緑町"}],"0836":[{"pref":"栃木県","city":"足利市","town":"南大町"}],"0821":[{"pref":"栃木県","city":"足利市","town":"南町"}],"0027":[{"pref":"栃木県","city":"足利市","town":"宮北町"}],"0058":[{"pref":"栃木県","city":"足利市","town":"元学町"}],"0336":[{"pref":"栃木県","city":"足利市","town":"百頭町"}],"0015":[{"pref":"栃木県","city":"足利市","town":"八椚町"}],"0806":[{"pref":"栃木県","city":"足利市","town":"柳原町"}],"0321":[{"pref":"栃木県","city":"足利市","town":"梁田町"}],"0021":[{"pref":"栃木県","city":"足利市","town":"山川町"}],"0846":[{"pref":"栃木県","city":"足利市","town":"山下町"}],"0036":[{"pref":"栃木県","city":"足利市","town":"弥生町"}],"0824":[{"pref":"栃木県","city":"足利市","town":"八幡町"}],"0801":[{"pref":"栃木県","city":"足利市","town":"有楽町"}],"0804":[{"pref":"栃木県","city":"足利市","town":"雪輪町"}],"0035":[{"pref":"栃木県","city":"足利市","town":"芳町"}],"0843":[{"pref":"栃木県","city":"足利市","town":"五十部町"}],"0024":[{"pref":"栃木県","city":"足利市","town":"若草町"}]}