{"0000":[{"pref":"福岡県","city":"北九州市八幡東区","town":"以下に掲載がない場合"}],"0001":[{"pref":"福岡県","city":"北九州市八幡東区","town":"荒手"}],"0015":[{"pref":"福岡県","city":"北九州市八幡東区","town":"荒生田"}],"0021":[{"pref":"福岡県","city":"北九州市八幡東区","town":"石坪町"}],"0037":[{"pref":"福岡県","city":"北九州市八幡東区","town":"猪倉町"}],"0041":[{"pref":"福岡県","city":"北九州市八幡東区","town":"祝町"}],"0002":[{"pref":"福岡県","city":"北九州市八幡東区","town":"枝光"}],"0008":[{"pref":"福岡県","city":"北九州市八幡東区","town":"枝光本町"}],"0048":[{"pref":"福岡県","city":"北九州市八幡東区","town":"大蔵"}],"0053":[{"pref":"福岡県","city":"北九州市八幡東区","town":"大谷"}],"0038":[{"pref":"福岡県","city":"北九州市八幡東区","town":"大平町"}],"0003":[{"pref":"福岡県","city":"北九州市八幡東区","town":"大宮町"}],"0057":[{"pref":"福岡県","city":"北九州市八幡東区","town":"尾倉（大字）"}],"0059":[{"pref":"福岡県","city":"北九州市八幡東区","town":"尾倉（丁目）"}],"0043":[{"pref":"福岡県","city":"北九州市八幡東区","town":"勝山"}],"0018":[{"pref":"福岡県","city":"北九州市八幡東区","town":"上本町"}],"0055":[{"pref":"福岡県","city":"北九州市八幡東区","town":"神山町"}],"0045":[{"pref":"福岡県","city":"北九州市八幡東区","town":"河内"}],"0012":[{"pref":"福岡県","city":"北九州市八幡東区","town":"川淵町"}],"0067":[{"pref":"福岡県","city":"北九州市八幡東区","town":"祇園"}],"0066":[{"pref":"福岡県","city":"北九州市八幡東区","town":"祇園原町"}],"0034":[{"pref":"福岡県","city":"北九州市八幡東区","town":"清田"}],"0047":[{"pref":"福岡県","city":"北九州市八幡東区","town":"景勝町"}],"0036":[{"pref":"福岡県","city":"北九州市八幡東区","town":"小熊野"}],"0035":[{"pref":"福岡県","city":"北九州市八幡東区","town":"山路"}],"0033":[{"pref":"福岡県","city":"北九州市八幡東区","town":"山路松尾町"}],"0017":[{"pref":"福岡県","city":"北九州市八幡東区","town":"山王"}],"0013":[{"pref":"福岡県","city":"北九州市八幡東区","town":"昭和"}],"0007":[{"pref":"福岡県","city":"北九州市八幡東区","town":"白川町"}],"0049":[{"pref":"福岡県","city":"北九州市八幡東区","town":"末広町"}],"0006":[{"pref":"福岡県","city":"北九州市八幡東区","town":"諏訪"}],"0016":[{"pref":"福岡県","city":"北九州市八幡東区","town":"高見"}],"0022":[{"pref":"福岡県","city":"北九州市八幡東区","town":"竹下町"}],"0046":[{"pref":"福岡県","city":"北九州市八幡東区","town":"田代"}],"0014":[{"pref":"福岡県","city":"北九州市八幡東区","town":"茶屋町"}],"0019":[{"pref":"福岡県","city":"北九州市八幡東区","town":"中央"}],"0031":[{"pref":"福岡県","city":"北九州市八幡東区","town":"槻田"}],"0054":[{"pref":"福岡県","city":"北九州市八幡東区","town":"天神町"}],"0025":[{"pref":"福岡県","city":"北九州市八幡東区","town":"中尾"}],"0024":[{"pref":"福岡県","city":"北九州市八幡東区","town":"中畑"}],"0064":[{"pref":"福岡県","city":"北九州市八幡東区","town":"西台良町"}],"0061":[{"pref":"福岡県","city":"北九州市八幡東区","town":"西本町"}],"0052":[{"pref":"福岡県","city":"北九州市八幡東区","town":"西丸山町"}],"0042":[{"pref":"福岡県","city":"北九州市八幡東区","town":"羽衣町"}],"0011":[{"pref":"福岡県","city":"北九州市八幡東区","town":"八王寺町"}],"0065":[{"pref":"福岡県","city":"北九州市八幡東区","town":"花尾町"}],"0050":[{"pref":"福岡県","city":"北九州市八幡東区","town":"春の町"}],"0071":[{"pref":"福岡県","city":"北九州市八幡東区","town":"東田"}],"0063":[{"pref":"福岡県","city":"北九州市八幡東区","town":"東台良町"}],"0027":[{"pref":"福岡県","city":"北九州市八幡東区","town":"東鉄町"}],"0051":[{"pref":"福岡県","city":"北九州市八幡東区","town":"東丸山町"}],"0026":[{"pref":"福岡県","city":"北九州市八幡東区","town":"東山"}],"0004":[{"pref":"福岡県","city":"北九州市八幡東区","town":"日の出"}],"0062":[{"pref":"福岡県","city":"北九州市八幡東区","town":"平野"}],"0005":[{"pref":"福岡県","city":"北九州市八幡東区","town":"藤見町"}],"0056":[{"pref":"福岡県","city":"北九州市八幡東区","town":"帆柱"}],"0058":[{"pref":"福岡県","city":"北九州市八幡東区","town":"前田（大字）"}],"0069":[{"pref":"福岡県","city":"北九州市八幡東区","town":"前田（丁目）"}],"0032":[{"pref":"福岡県","city":"北九州市八幡東区","town":"松尾町"}],"0009":[{"pref":"福岡県","city":"北九州市八幡東区","town":"宮田町"}],"0023":[{"pref":"福岡県","city":"北九州市八幡東区","town":"宮の町"}],"0068":[{"pref":"福岡県","city":"北九州市八幡東区","town":"桃園"}],"0044":[{"pref":"福岡県","city":"北九州市八幡東区","town":"豊町"}]}