{"8301":[{"pref":"大阪府","city":"堺市西区","town":"上野芝町"}],"8302":[{"pref":"大阪府","city":"堺市西区","town":"北条町"}],"8303":[{"pref":"大阪府","city":"堺市西区","town":"上野芝向ケ丘町"}],"8304":[{"pref":"大阪府","city":"堺市西区","town":"家原寺町"}],"8305":[{"pref":"大阪府","city":"堺市西区","town":"堀上緑町"}],"8306":[{"pref":"大阪府","city":"堺市西区","town":"八田寺町（４０－１～４０－３番地）"}],"8307":[{"pref":"大阪府","city":"堺市西区","town":"平岡町"}],"8308":[{"pref":"大阪府","city":"堺市西区","town":"神野町"}],"8311":[{"pref":"大阪府","city":"堺市西区","town":"上"}],"8312":[{"pref":"大阪府","city":"堺市西区","town":"草部"}],"8313":[{"pref":"大阪府","city":"堺市西区","town":"小代（２９２－１番地）"}],"8314":[{"pref":"大阪府","city":"堺市西区","town":"太平寺（その他）"}],"8315":[{"pref":"大阪府","city":"堺市西区","town":"菱木"}],"8316":[{"pref":"大阪府","city":"堺市西区","town":"山田"}],"8317":[{"pref":"大阪府","city":"堺市西区","town":"原田"}],"8321":[{"pref":"大阪府","city":"堺市西区","town":"宮下町"}],"8322":[{"pref":"大阪府","city":"堺市西区","town":"津久野町"}],"8323":[{"pref":"大阪府","city":"堺市西区","town":"鶴田町"}],"8324":[{"pref":"大阪府","city":"堺市西区","town":"鳳東町"}],"8325":[{"pref":"大阪府","city":"堺市西区","town":"鳳南町"}],"8326":[{"pref":"大阪府","city":"堺市西区","town":"鳳西町"}],"8327":[{"pref":"大阪府","city":"堺市西区","town":"鳳中町"}],"8328":[{"pref":"大阪府","city":"堺市西区","town":"鳳北町"}],"8329":[{"pref":"大阪府","city":"堺市西区","town":"下田町"}],"0000":[{"pref":"大阪府","city":"堺市西区","town":"以下に掲載がない場合"}]}