{"0000":[{"pref":"佐賀県","city":"鳥栖市","town":"以下に掲載がない場合"}],"0036":[{"pref":"佐賀県","city":"鳥栖市","town":"秋葉町"}],"0082":[{"pref":"佐賀県","city":"鳥栖市","town":"浅井町"}],"0068":[{"pref":"佐賀県","city":"鳥栖市","town":"あさひ新町"}],"0045":[{"pref":"佐賀県","city":"鳥栖市","town":"安楽寺町"}],"0022":[{"pref":"佐賀県","city":"鳥栖市","town":"飯田町"}],"0047":[{"pref":"佐賀県","city":"鳥栖市","town":"今泉町"}],"0001":[{"pref":"佐賀県","city":"鳥栖市","town":"今町"}],"0086":[{"pref":"佐賀県","city":"鳥栖市","town":"牛原町"}],"0073":[{"pref":"佐賀県","city":"鳥栖市","town":"江島町"}],"0003":[{"pref":"佐賀県","city":"鳥栖市","town":"加藤田町"}],"0081":[{"pref":"佐賀県","city":"鳥栖市","town":"萱方町"}],"0087":[{"pref":"佐賀県","city":"鳥栖市","town":"河内町"}],"0066":[{"pref":"佐賀県","city":"鳥栖市","town":"儀徳町"}],"0034":[{"pref":"佐賀県","city":"鳥栖市","town":"京町"}],"0056":[{"pref":"佐賀県","city":"鳥栖市","town":"蔵上"}],"0054":[{"pref":"佐賀県","city":"鳥栖市","town":"蔵上町"}],"0004":[{"pref":"佐賀県","city":"鳥栖市","town":"神辺町"}],"0083":[{"pref":"佐賀県","city":"鳥栖市","town":"古賀町"}],"0062":[{"pref":"佐賀県","city":"鳥栖市","town":"幸津町"}],"0041":[{"pref":"佐賀県","city":"鳥栖市","town":"酒井東町"}],"0042":[{"pref":"佐賀県","city":"鳥栖市","town":"酒井西町"}],"0088":[{"pref":"佐賀県","city":"鳥栖市","town":"桜ケ丘町"}],"0014":[{"pref":"佐賀県","city":"鳥栖市","town":"桜町"}],"0063":[{"pref":"佐賀県","city":"鳥栖市","town":"下野町"}],"0052":[{"pref":"佐賀県","city":"鳥栖市","town":"宿町"}],"0025":[{"pref":"佐賀県","city":"鳥栖市","town":"曽根崎町"}],"0032":[{"pref":"佐賀県","city":"鳥栖市","town":"大正町"}],"0044":[{"pref":"佐賀県","city":"鳥栖市","town":"高田町"}],"0015":[{"pref":"佐賀県","city":"鳥栖市","town":"田代上町"}],"0012":[{"pref":"佐賀県","city":"鳥栖市","town":"田代昌町"}],"0013":[{"pref":"佐賀県","city":"鳥栖市","town":"田代新町"}],"0017":[{"pref":"佐賀県","city":"鳥栖市","town":"田代大官町"}],"0016":[{"pref":"佐賀県","city":"鳥栖市","town":"田代外町"}],"0018":[{"pref":"佐賀県","city":"鳥栖市","town":"田代本町"}],"0075":[{"pref":"佐賀県","city":"鳥栖市","town":"立石町"}],"0039":[{"pref":"佐賀県","city":"鳥栖市","town":"土井町"}],"0061":[{"pref":"佐賀県","city":"鳥栖市","town":"轟木町"}],"0011":[{"pref":"佐賀県","city":"鳥栖市","town":"永吉町"}],"0074":[{"pref":"佐賀県","city":"鳥栖市","town":"西新町"}],"0067":[{"pref":"佐賀県","city":"鳥栖市","town":"西田町"}],"0089":[{"pref":"佐賀県","city":"鳥栖市","town":"虹ケ丘町"}],"0021":[{"pref":"佐賀県","city":"鳥栖市","town":"幡崎町"}],"0071":[{"pref":"佐賀県","city":"鳥栖市","town":"原古賀町"}],"0024":[{"pref":"佐賀県","city":"鳥栖市","town":"原町"}],"0035":[{"pref":"佐賀県","city":"鳥栖市","town":"東町"}],"0023":[{"pref":"佐賀県","city":"鳥栖市","town":"姫方町"}],"0076":[{"pref":"佐賀県","city":"鳥栖市","town":"平田町"}],"0048":[{"pref":"佐賀県","city":"鳥栖市","town":"藤木町"}],"0053":[{"pref":"佐賀県","city":"鳥栖市","town":"布津原町"}],"0038":[{"pref":"佐賀県","city":"鳥栖市","town":"古野町"}],"0033":[{"pref":"佐賀県","city":"鳥栖市","town":"本通町"}],"0026":[{"pref":"佐賀県","city":"鳥栖市","town":"本鳥栖町"}],"0037":[{"pref":"佐賀県","city":"鳥栖市","town":"本町"}],"0065":[{"pref":"佐賀県","city":"鳥栖市","town":"前田町"}],"0046":[{"pref":"佐賀県","city":"鳥栖市","town":"真木町"}],"0027":[{"pref":"佐賀県","city":"鳥栖市","town":"松原町"}],"0064":[{"pref":"佐賀県","city":"鳥栖市","town":"三島町"}],"0043":[{"pref":"佐賀県","city":"鳥栖市","town":"水屋町"}],"0072":[{"pref":"佐賀県","city":"鳥栖市","town":"村田町"}],"0051":[{"pref":"佐賀県","city":"鳥栖市","town":"元町"}],"0055":[{"pref":"佐賀県","city":"鳥栖市","town":"養父町"}],"0084":[{"pref":"佐賀県","city":"鳥栖市","town":"山浦町"}],"0085":[{"pref":"佐賀県","city":"鳥栖市","town":"山都町"}],"0005":[{"pref":"佐賀県","city":"鳥栖市","town":"弥生が丘"}],"0031":[{"pref":"佐賀県","city":"鳥栖市","town":"鎗田町"}],"0002":[{"pref":"佐賀県","city":"鳥栖市","town":"柚比町"}],"0200":[{"pref":"佐賀県","city":"三養基郡基山町","town":"以下に掲載がない場合"}],"0205":[{"pref":"佐賀県","city":"三養基郡基山町","town":"けやき台"}],"0201":[{"pref":"佐賀県","city":"三養基郡基山町","town":"小倉"}],"0203":[{"pref":"佐賀県","city":"三養基郡基山町","town":"園部"}],"0202":[{"pref":"佐賀県","city":"三養基郡基山町","town":"長野"}],"0204":[{"pref":"佐賀県","city":"三養基郡基山町","town":"宮浦"}]}