{"0000":[{"pref":"兵庫県","city":"伊丹市","town":"以下に掲載がない場合"}],"0001":[{"pref":"兵庫県","city":"伊丹市","town":"荒牧"}],"0008":[{"pref":"兵庫県","city":"伊丹市","town":"荒牧南"}],"0864":[{"pref":"兵庫県","city":"伊丹市","town":"安堂寺町"}],"0027":[{"pref":"兵庫県","city":"伊丹市","town":"池尻"}],"0846":[{"pref":"兵庫県","city":"伊丹市","town":"伊丹"}],"0861":[{"pref":"兵庫県","city":"伊丹市","town":"稲野町"}],"0011":[{"pref":"兵庫県","city":"伊丹市","town":"鋳物師"}],"0843":[{"pref":"兵庫県","city":"伊丹市","town":"岩屋"}],"0856":[{"pref":"兵庫県","city":"伊丹市","town":"梅ノ木"}],"0899":[{"pref":"兵庫県","city":"伊丹市","town":"大鹿"}],"0003":[{"pref":"兵庫県","city":"伊丹市","town":"大野"}],"0002":[{"pref":"兵庫県","city":"伊丹市","town":"荻野"}],"0031":[{"pref":"兵庫県","city":"伊丹市","town":"荻野西"}],"0025":[{"pref":"兵庫県","city":"伊丹市","town":"奥畑"}],"0833":[{"pref":"兵庫県","city":"伊丹市","town":"小阪田（都賀元）"}],"0863":[{"pref":"兵庫県","city":"伊丹市","town":"柏木町"}],"0893":[{"pref":"兵庫県","city":"伊丹市","town":"春日丘"}],"0831":[{"pref":"兵庫県","city":"伊丹市","town":"北伊丹"}],"0837":[{"pref":"兵庫県","city":"伊丹市","town":"北河原"}],"0891":[{"pref":"兵庫県","city":"伊丹市","town":"北園"}],"0007":[{"pref":"兵庫県","city":"伊丹市","town":"北野"}],"0836":[{"pref":"兵庫県","city":"伊丹市","town":"北本町"}],"0857":[{"pref":"兵庫県","city":"伊丹市","town":"行基町"}],"0844":[{"pref":"兵庫県","city":"伊丹市","town":"口酒井"}],"0872":[{"pref":"兵庫県","city":"伊丹市","town":"車塚"}],"0839":[{"pref":"兵庫県","city":"伊丹市","town":"桑津"}],"0006":[{"pref":"兵庫県","city":"伊丹市","town":"鴻池"}],"0855":[{"pref":"兵庫県","city":"伊丹市","town":"御願塚"}],"0881":[{"pref":"兵庫県","city":"伊丹市","town":"昆陽"}],"0015":[{"pref":"兵庫県","city":"伊丹市","town":"昆陽池"}],"0885":[{"pref":"兵庫県","city":"伊丹市","town":"昆陽泉町"}],"0016":[{"pref":"兵庫県","city":"伊丹市","town":"昆陽北"}],"0886":[{"pref":"兵庫県","city":"伊丹市","town":"昆陽東"}],"0888":[{"pref":"兵庫県","city":"伊丹市","town":"昆陽南"}],"0897":[{"pref":"兵庫県","city":"伊丹市","town":"桜ケ丘"}],"0894":[{"pref":"兵庫県","city":"伊丹市","town":"清水"}],"0832":[{"pref":"兵庫県","city":"伊丹市","town":"下河原"}],"0882":[{"pref":"兵庫県","city":"伊丹市","town":"鈴原町"}],"0898":[{"pref":"兵庫県","city":"伊丹市","town":"千僧"}],"0892":[{"pref":"兵庫県","city":"伊丹市","town":"高台"}],"0851":[{"pref":"兵庫県","city":"伊丹市","town":"中央"}],"0026":[{"pref":"兵庫県","city":"伊丹市","town":"寺本"}],"0020":[{"pref":"兵庫県","city":"伊丹市","town":"寺本東"}],"0022":[{"pref":"兵庫県","city":"伊丹市","town":"中野東"}],"0023":[{"pref":"兵庫県","city":"伊丹市","town":"中野西"}],"0029":[{"pref":"兵庫県","city":"伊丹市","town":"中野北"}],"0838":[{"pref":"兵庫県","city":"伊丹市","town":"中村"}],"0834":[{"pref":"兵庫県","city":"伊丹市","town":"西桑津"}],"0858":[{"pref":"兵庫県","city":"伊丹市","town":"西台"}],"0028":[{"pref":"兵庫県","city":"伊丹市","town":"西野"}],"0873":[{"pref":"兵庫県","city":"伊丹市","town":"野間"}],"0875":[{"pref":"兵庫県","city":"伊丹市","town":"野間北"}],"0845":[{"pref":"兵庫県","city":"伊丹市","town":"東有岡"}],"0835":[{"pref":"兵庫県","city":"伊丹市","town":"東桑津"}],"0004":[{"pref":"兵庫県","city":"伊丹市","town":"東野"}],"0853":[{"pref":"兵庫県","city":"伊丹市","town":"平松"}],"0014":[{"pref":"兵庫県","city":"伊丹市","town":"広畑"}],"0847":[{"pref":"兵庫県","city":"伊丹市","town":"藤ノ木"}],"0896":[{"pref":"兵庫県","city":"伊丹市","town":"船原"}],"0871":[{"pref":"兵庫県","city":"伊丹市","town":"堀池"}],"0024":[{"pref":"兵庫県","city":"伊丹市","town":"松ケ丘"}],"0884":[{"pref":"兵庫県","city":"伊丹市","town":"美鈴町"}],"0017":[{"pref":"兵庫県","city":"伊丹市","town":"瑞ケ丘"}],"0005":[{"pref":"兵庫県","city":"伊丹市","town":"瑞原"}],"0013":[{"pref":"兵庫県","city":"伊丹市","town":"瑞穂町"}],"0012":[{"pref":"兵庫県","city":"伊丹市","town":"緑ケ丘"}],"0883":[{"pref":"兵庫県","city":"伊丹市","town":"南鈴原"}],"0854":[{"pref":"兵庫県","city":"伊丹市","town":"南町"}],"0865":[{"pref":"兵庫県","city":"伊丹市","town":"南野"}],"0887":[{"pref":"兵庫県","city":"伊丹市","town":"南野北"}],"0852":[{"pref":"兵庫県","city":"伊丹市","town":"南本町"}],"0895":[{"pref":"兵庫県","city":"伊丹市","town":"宮ノ前"}],"0842":[{"pref":"兵庫県","city":"伊丹市","town":"森本"}],"0874":[{"pref":"兵庫県","city":"伊丹市","town":"山田"}],"0862":[{"pref":"兵庫県","city":"伊丹市","town":"若菱町"}]}