{"0000":[{"pref":"岐阜県","city":"中津川市","town":"以下に掲載がない場合"}],"0002":[{"pref":"岐阜県","city":"中津川市","town":"阿木（７６３７～７９８５）"},{"pref":"岐阜県","city":"中津川市","town":"阿木川上"}],"0037":[{"pref":"岐阜県","city":"中津川市","town":"えびす町"}],"0033":[{"pref":"岐阜県","city":"中津川市","town":"太田町"}],"0023":[{"pref":"岐阜県","city":"中津川市","town":"小川町"}],"0006":[{"pref":"岐阜県","city":"中津川市","town":"落合"}],"0421":[{"pref":"岐阜県","city":"中津川市","town":"加子母"}],"0045":[{"pref":"岐阜県","city":"中津川市","town":"かやの木町"}],"0022":[{"pref":"岐阜県","city":"中津川市","town":"北野町"}],"0011":[{"pref":"岐阜県","city":"中津川市","town":"駒場"}],"0014":[{"pref":"岐阜県","city":"中津川市","town":"駒場町"}],"0032":[{"pref":"岐阜県","city":"中津川市","town":"栄町"}],"0202":[{"pref":"岐阜県","city":"中津川市","town":"下野"}],"0044":[{"pref":"岐阜県","city":"中津川市","town":"昭和町"}],"0038":[{"pref":"岐阜県","city":"中津川市","town":"新町"}],"0111":[{"pref":"岐阜県","city":"中津川市","town":"瀬戸"}],"0204":[{"pref":"岐阜県","city":"中津川市","town":"高山"}],"0201":[{"pref":"岐阜県","city":"中津川市","town":"田瀬"}],"0351":[{"pref":"岐阜県","city":"中津川市","town":"付知町"}],"0012":[{"pref":"岐阜県","city":"中津川市","town":"津島町"}],"0015":[{"pref":"岐阜県","city":"中津川市","town":"手賀野"}],"0101":[{"pref":"岐阜県","city":"中津川市","town":"苗木"}],"0003":[{"pref":"岐阜県","city":"中津川市","town":"中一色町"}],"0021":[{"pref":"岐阜県","city":"中津川市","town":"中川町"}],"0001":[{"pref":"岐阜県","city":"中津川市","town":"中津川"}],"0042":[{"pref":"岐阜県","city":"中津川市","town":"西宮町"}],"0043":[{"pref":"岐阜県","city":"中津川市","town":"八幡町"}],"0004":[{"pref":"岐阜県","city":"中津川市","town":"花戸町"}],"0035":[{"pref":"岐阜県","city":"中津川市","town":"東町"}],"0036":[{"pref":"岐阜県","city":"中津川市","town":"東宮町"}],"0005":[{"pref":"岐阜県","city":"中津川市","town":"日の出町"}],"0203":[{"pref":"岐阜県","city":"中津川市","town":"福岡"}],"0041":[{"pref":"岐阜県","city":"中津川市","town":"本町"}],"0502":[{"pref":"岐阜県","city":"中津川市","town":"馬籠"}],"0007":[{"pref":"岐阜県","city":"中津川市","town":"神坂"}],"0031":[{"pref":"岐阜県","city":"中津川市","town":"宮前町"}],"0024":[{"pref":"岐阜県","city":"中津川市","town":"桃山町"}],"0013":[{"pref":"岐阜県","city":"中津川市","town":"柳町"}],"0501":[{"pref":"岐阜県","city":"中津川市","town":"山口"}],"0034":[{"pref":"岐阜県","city":"中津川市","town":"淀川町"}]}