{"8001":[{"pref":"愛知県","city":"一宮市","town":"北方町北方"}],"8002":[{"pref":"愛知県","city":"一宮市","town":"北方町曽根"}],"8003":[{"pref":"愛知県","city":"一宮市","town":"北方町中島"}],"0006":[{"pref":"愛知県","city":"一宮市","town":"木曽川町内割田"}],"0002":[{"pref":"愛知県","city":"一宮市","town":"木曽川町門間"}],"0001":[{"pref":"愛知県","city":"一宮市","town":"木曽川町黒田"}],"0005":[{"pref":"愛知県","city":"一宮市","town":"木曽川町里小牧"}],"0007":[{"pref":"愛知県","city":"一宮市","town":"木曽川町外割田"}],"0004":[{"pref":"愛知県","city":"一宮市","town":"木曽川町玉ノ井"}],"0003":[{"pref":"愛知県","city":"一宮市","town":"木曽川町三ツ法寺"}]}