{"1301":[{"pref":"兵庫県","city":"洲本市","town":"五色町都志"}],"1302":[{"pref":"兵庫県","city":"洲本市","town":"五色町都志米山"}],"1303":[{"pref":"兵庫県","city":"洲本市","town":"五色町都志大宮"}],"1304":[{"pref":"兵庫県","city":"洲本市","town":"五色町都志万歳"}],"1311":[{"pref":"兵庫県","city":"洲本市","town":"五色町鮎原葛尾"}],"1312":[{"pref":"兵庫県","city":"洲本市","town":"五色町鮎原吉田"}],"1313":[{"pref":"兵庫県","city":"洲本市","town":"五色町鮎原西"}],"1314":[{"pref":"兵庫県","city":"洲本市","town":"五色町鮎原鮎の郷"}],"1315":[{"pref":"兵庫県","city":"洲本市","town":"五色町鮎原宇谷"}],"1316":[{"pref":"兵庫県","city":"洲本市","town":"五色町鮎原栢野"}],"1317":[{"pref":"兵庫県","city":"洲本市","town":"五色町鮎原小山田"}],"1318":[{"pref":"兵庫県","city":"洲本市","town":"五色町鮎原神陽"}],"1321":[{"pref":"兵庫県","city":"洲本市","town":"五色町鮎原中邑"}],"1322":[{"pref":"兵庫県","city":"洲本市","town":"五色町鮎原上"}],"1323":[{"pref":"兵庫県","city":"洲本市","town":"五色町鮎原塔下"}],"1324":[{"pref":"兵庫県","city":"洲本市","town":"五色町鮎原三野畑"}],"1325":[{"pref":"兵庫県","city":"洲本市","town":"五色町鮎原南谷"}],"1326":[{"pref":"兵庫県","city":"洲本市","town":"五色町鮎原下"}],"1327":[{"pref":"兵庫県","city":"洲本市","town":"五色町鮎原田処"}],"1331":[{"pref":"兵庫県","city":"洲本市","town":"五色町都志大日"}],"1332":[{"pref":"兵庫県","city":"洲本市","town":"五色町広石北"}],"1333":[{"pref":"兵庫県","city":"洲本市","town":"五色町広石上"}],"1334":[{"pref":"兵庫県","city":"洲本市","town":"五色町広石中"}],"1335":[{"pref":"兵庫県","city":"洲本市","town":"五色町広石下"}],"1336":[{"pref":"兵庫県","city":"洲本市","town":"五色町上堺"}],"1337":[{"pref":"兵庫県","city":"洲本市","town":"五色町下堺"}],"1341":[{"pref":"兵庫県","city":"洲本市","town":"五色町都志角川"}],"1342":[{"pref":"兵庫県","city":"洲本市","town":"五色町鳥飼上"}],"1343":[{"pref":"兵庫県","city":"洲本市","town":"五色町鳥飼中"}],"1344":[{"pref":"兵庫県","city":"洲本市","town":"五色町鳥飼浦"}],"1501":[{"pref":"兵庫県","city":"淡路市","town":"尾崎"}],"1502":[{"pref":"兵庫県","city":"淡路市","town":"新村"}],"1503":[{"pref":"兵庫県","city":"淡路市","town":"遠田"}],"1511":[{"pref":"兵庫県","city":"淡路市","town":"郡家"}],"1512":[{"pref":"兵庫県","city":"淡路市","town":"北山"}],"1521":[{"pref":"兵庫県","city":"淡路市","town":"多賀"}],"1522":[{"pref":"兵庫県","city":"淡路市","town":"下河合"}],"1523":[{"pref":"兵庫県","city":"淡路市","town":"上河合"}],"1524":[{"pref":"兵庫県","city":"淡路市","town":"竹谷"}],"1525":[{"pref":"兵庫県","city":"淡路市","town":"井手"}],"1526":[{"pref":"兵庫県","city":"淡路市","town":"中村"}],"1531":[{"pref":"兵庫県","city":"淡路市","town":"江井"}],"1541":[{"pref":"兵庫県","city":"淡路市","town":"柳沢"}],"1551":[{"pref":"兵庫県","city":"淡路市","town":"高山"}],"1552":[{"pref":"兵庫県","city":"淡路市","town":"入野"}],"1553":[{"pref":"兵庫県","city":"淡路市","town":"山田"}],"1554":[{"pref":"兵庫県","city":"淡路市","town":"深草"}],"1555":[{"pref":"兵庫県","city":"淡路市","town":"南"}],"1556":[{"pref":"兵庫県","city":"淡路市","town":"草香"}],"1557":[{"pref":"兵庫県","city":"淡路市","town":"明神"}],"1558":[{"pref":"兵庫県","city":"淡路市","town":"草香北"}],"1601":[{"pref":"兵庫県","city":"淡路市","town":"黒谷"}],"1602":[{"pref":"兵庫県","city":"淡路市","town":"育波"}],"1603":[{"pref":"兵庫県","city":"淡路市","town":"生田大坪"}],"1604":[{"pref":"兵庫県","city":"淡路市","town":"生田畑"}],"1605":[{"pref":"兵庫県","city":"淡路市","town":"生田田尻"}],"1606":[{"pref":"兵庫県","city":"淡路市","town":"室津"}],"1711":[{"pref":"兵庫県","city":"淡路市","town":"富島"}],"1712":[{"pref":"兵庫県","city":"淡路市","town":"石田"}],"1721":[{"pref":"兵庫県","city":"淡路市","town":"野島蟇浦"}],"1722":[{"pref":"兵庫県","city":"淡路市","town":"野島轟木"}],"1723":[{"pref":"兵庫県","city":"淡路市","town":"野島大川"}],"1724":[{"pref":"兵庫県","city":"淡路市","town":"野島平林"}],"1725":[{"pref":"兵庫県","city":"淡路市","town":"野島江崎（その他）"}],"1726":[{"pref":"兵庫県","city":"淡路市","town":"野島常盤"}],"1727":[{"pref":"兵庫県","city":"淡路市","town":"野島貴船"}],"1731":[{"pref":"兵庫県","city":"淡路市","town":"仁井"}],"1732":[{"pref":"兵庫県","city":"淡路市","town":"小田"}],"1733":[{"pref":"兵庫県","city":"淡路市","town":"長畠"}],"1734":[{"pref":"兵庫県","city":"淡路市","town":"舟木"}],"1735":[{"pref":"兵庫県","city":"淡路市","town":"久野々"}],"1736":[{"pref":"兵庫県","city":"淡路市","town":"小倉"}],"1741":[{"pref":"兵庫県","city":"淡路市","town":"浅野南"}],"1742":[{"pref":"兵庫県","city":"淡路市","town":"浅野神田"}],"1743":[{"pref":"兵庫県","city":"淡路市","town":"斗ノ内"}],"2100":[{"pref":"兵庫県","city":"淡路市","town":"以下に掲載がない場合"}],"2121":[{"pref":"兵庫県","city":"洲本市","town":"安乎町平安浦"}],"2122":[{"pref":"兵庫県","city":"洲本市","town":"安乎町中田"}],"2123":[{"pref":"兵庫県","city":"洲本市","town":"安乎町古宮"}],"2124":[{"pref":"兵庫県","city":"洲本市","town":"安乎町北谷"}],"2125":[{"pref":"兵庫県","city":"洲本市","town":"安乎町山田原"}],"2126":[{"pref":"兵庫県","city":"洲本市","town":"安乎町宮野原"}],"2131":[{"pref":"兵庫県","city":"淡路市","town":"志筑"}],"2132":[{"pref":"兵庫県","city":"淡路市","town":"志筑新島"}],"2141":[{"pref":"兵庫県","city":"淡路市","town":"塩尾"}],"2142":[{"pref":"兵庫県","city":"淡路市","town":"塩田新島"}],"2143":[{"pref":"兵庫県","city":"淡路市","town":"里"}],"2144":[{"pref":"兵庫県","city":"淡路市","town":"下司"}],"2151":[{"pref":"兵庫県","city":"淡路市","town":"大町畑"}],"2152":[{"pref":"兵庫県","city":"淡路市","town":"木曽上"}],"2153":[{"pref":"兵庫県","city":"淡路市","town":"木曽上畑"}],"2154":[{"pref":"兵庫県","city":"淡路市","town":"木曽下"}],"2155":[{"pref":"兵庫県","city":"淡路市","town":"大町上"}],"2156":[{"pref":"兵庫県","city":"淡路市","town":"大町下"}],"2161":[{"pref":"兵庫県","city":"淡路市","town":"池ノ内"}],"2162":[{"pref":"兵庫県","city":"淡路市","town":"王子"}],"2163":[{"pref":"兵庫県","city":"淡路市","town":"中田"}],"2211":[{"pref":"兵庫県","city":"淡路市","town":"興隆寺"}],"2212":[{"pref":"兵庫県","city":"淡路市","town":"佐野"}],"2213":[{"pref":"兵庫県","city":"淡路市","town":"佐野新島"}],"2214":[{"pref":"兵庫県","city":"淡路市","town":"津名の郷"}],"2221":[{"pref":"兵庫県","city":"淡路市","town":"長沢"}],"2222":[{"pref":"兵庫県","city":"淡路市","town":"野田尾"}],"2223":[{"pref":"兵庫県","city":"淡路市","town":"生穂"}],"2224":[{"pref":"兵庫県","city":"淡路市","town":"大谷"}],"2225":[{"pref":"兵庫県","city":"淡路市","town":"生穂新島"}],"2301":[{"pref":"兵庫県","city":"淡路市","town":"楠本"}],"2302":[{"pref":"兵庫県","city":"淡路市","town":"大磯"}],"2303":[{"pref":"兵庫県","city":"淡路市","town":"小磯"}],"2304":[{"pref":"兵庫県","city":"淡路市","town":"浜"}],"2305":[{"pref":"兵庫県","city":"淡路市","town":"浦"}],"2306":[{"pref":"兵庫県","city":"淡路市","town":"夢舞台"}],"2307":[{"pref":"兵庫県","city":"淡路市","town":"南鵜崎"}],"2311":[{"pref":"兵庫県","city":"淡路市","town":"久留麻"}],"2321":[{"pref":"兵庫県","city":"淡路市","town":"中持"}],"2322":[{"pref":"兵庫県","city":"淡路市","town":"白山"}],"2323":[{"pref":"兵庫県","city":"淡路市","town":"河内"}],"2331":[{"pref":"兵庫県","city":"淡路市","town":"仮屋"}],"2332":[{"pref":"兵庫県","city":"淡路市","town":"谷"}],"2333":[{"pref":"兵庫県","city":"淡路市","town":"下田"}],"2334":[{"pref":"兵庫県","city":"淡路市","town":"釜口"}],"2401":[{"pref":"兵庫県","city":"淡路市","town":"岩屋"}],"2451":[{"pref":"兵庫県","city":"淡路市","town":"野島江崎（１３、１４番地、１０番地の２、５）"}],"2531":[{"pref":"兵庫県","city":"洲本市","town":"相川組"}],"2532":[{"pref":"兵庫県","city":"洲本市","town":"中津川組"}],"2533":[{"pref":"兵庫県","city":"洲本市","town":"畑田組"}],"2541":[{"pref":"兵庫県","city":"洲本市","town":"由良"}],"2542":[{"pref":"兵庫県","city":"洲本市","town":"由良町内田"}],"2543":[{"pref":"兵庫県","city":"洲本市","town":"由良町由良"}],"0000":[{"pref":"兵庫県","city":"洲本市","town":"以下に掲載がない場合"}],"0111":[{"pref":"兵庫県","city":"洲本市","town":"鮎屋"}],"0043":[{"pref":"兵庫県","city":"洲本市","town":"池田"}],"0042":[{"pref":"兵庫県","city":"洲本市","town":"池内"}],"0054":[{"pref":"兵庫県","city":"洲本市","town":"宇原"}],"0012":[{"pref":"兵庫県","city":"洲本市","town":"宇山"}],"0055":[{"pref":"兵庫県","city":"洲本市","town":"大野"}],"0018":[{"pref":"兵庫県","city":"洲本市","town":"奥畑"}],"0101":[{"pref":"兵庫県","city":"洲本市","town":"納"}],"0023":[{"pref":"兵庫県","city":"洲本市","town":"小路谷"}],"0022":[{"pref":"兵庫県","city":"洲本市","town":"海岸通"}],"0046":[{"pref":"兵庫県","city":"洲本市","town":"金屋"}],"0015":[{"pref":"兵庫県","city":"洲本市","town":"上加茂"}],"0017":[{"pref":"兵庫県","city":"洲本市","town":"上内膳"}],"0053":[{"pref":"兵庫県","city":"洲本市","town":"上物部"}],"0045":[{"pref":"兵庫県","city":"洲本市","town":"木戸"}],"0014":[{"pref":"兵庫県","city":"洲本市","town":"桑間"}],"0026":[{"pref":"兵庫県","city":"洲本市","town":"栄町"}],"0021":[{"pref":"兵庫県","city":"洲本市","town":"塩屋"}],"0013":[{"pref":"兵庫県","city":"洲本市","town":"下加茂"}],"0016":[{"pref":"兵庫県","city":"洲本市","town":"下内膳"}],"0041":[{"pref":"兵庫県","city":"洲本市","town":"新村"}],"0011":[{"pref":"兵庫県","city":"洲本市","town":"炬口"}],"0031":[{"pref":"兵庫県","city":"洲本市","town":"千草"}],"0052":[{"pref":"兵庫県","city":"洲本市","town":"津田"}],"0001":[{"pref":"兵庫県","city":"洲本市","town":"中川原町厚浜"}],"0005":[{"pref":"兵庫県","city":"洲本市","town":"中川原町市原"}],"0002":[{"pref":"兵庫県","city":"洲本市","town":"中川原町中川原"}],"0006":[{"pref":"兵庫県","city":"洲本市","town":"中川原町二ツ石"}],"0003":[{"pref":"兵庫県","city":"洲本市","town":"中川原町三木田"}],"0004":[{"pref":"兵庫県","city":"洲本市","town":"中川原町安坂"}],"0025":[{"pref":"兵庫県","city":"洲本市","town":"本町"}],"0044":[{"pref":"兵庫県","city":"洲本市","town":"前平"}],"0027":[{"pref":"兵庫県","city":"洲本市","town":"港"}],"0051":[{"pref":"兵庫県","city":"洲本市","town":"物部"}],"0024":[{"pref":"兵庫県","city":"洲本市","town":"山手"}],"0400":[{"pref":"兵庫県","city":"南あわじ市","town":"以下に掲載がない場合"}],"0661":[{"pref":"兵庫県","city":"南あわじ市","town":"阿那賀"}],"0662":[{"pref":"兵庫県","city":"南あわじ市","town":"阿那賀志知川"}],"0663":[{"pref":"兵庫県","city":"南あわじ市","town":"阿那賀西路"}],"0541":[{"pref":"兵庫県","city":"南あわじ市","town":"阿万上町"}],"0543":[{"pref":"兵庫県","city":"南あわじ市","town":"阿万塩屋町"}],"0544":[{"pref":"兵庫県","city":"南あわじ市","town":"阿万下町"}],"0545":[{"pref":"兵庫県","city":"南あわじ市","town":"阿万西町"}],"0546":[{"pref":"兵庫県","city":"南あわじ市","town":"阿万東町"}],"0542":[{"pref":"兵庫県","city":"南あわじ市","town":"阿万吹上町"}],"0651":[{"pref":"兵庫県","city":"南あわじ市","town":"伊加利"}],"0462":[{"pref":"兵庫県","city":"南あわじ市","town":"市青木"}],"0474":[{"pref":"兵庫県","city":"南あわじ市","town":"市市"}],"0461":[{"pref":"兵庫県","city":"南あわじ市","town":"市円行寺"}],"0473":[{"pref":"兵庫県","city":"南あわじ市","town":"市小井"}],"0475":[{"pref":"兵庫県","city":"南あわじ市","town":"市三條"}],"0471":[{"pref":"兵庫県","city":"南あわじ市","town":"市十一ケ所"}],"0476":[{"pref":"兵庫県","city":"南あわじ市","town":"市新"}],"0472":[{"pref":"兵庫県","city":"南あわじ市","town":"市善光寺"}],"0477":[{"pref":"兵庫県","city":"南あわじ市","town":"市徳長"}],"0478":[{"pref":"兵庫県","city":"南あわじ市","town":"市福永"}],"0426":[{"pref":"兵庫県","city":"南あわじ市","town":"榎列大榎列"}],"0422":[{"pref":"兵庫県","city":"南あわじ市","town":"榎列上幡多"}],"0428":[{"pref":"兵庫県","city":"南あわじ市","town":"榎列掃守"}],"0425":[{"pref":"兵庫県","city":"南あわじ市","town":"榎列小榎列"}],"0423":[{"pref":"兵庫県","city":"南あわじ市","town":"榎列下幡多"}],"0424":[{"pref":"兵庫県","city":"南あわじ市","town":"榎列西川"}],"0427":[{"pref":"兵庫県","city":"南あわじ市","town":"榎列松田"}],"0421":[{"pref":"兵庫県","city":"南あわじ市","town":"榎列山所"}],"0328":[{"pref":"兵庫県","city":"南あわじ市","town":"桜花の郷"}],"0518":[{"pref":"兵庫県","city":"南あわじ市","town":"賀集牛内"}],"0517":[{"pref":"兵庫県","city":"南あわじ市","town":"賀集内ケ原"},{"pref":"兵庫県","city":"南あわじ市","town":"賀集生子"},{"pref":"兵庫県","city":"南あわじ市","town":"賀集長原"}],"0515":[{"pref":"兵庫県","city":"南あわじ市","town":"賀集鍛治屋"}],"0512":[{"pref":"兵庫県","city":"南あわじ市","town":"賀集立川瀬"}],"0513":[{"pref":"兵庫県","city":"南あわじ市","town":"賀集野田"}],"0516":[{"pref":"兵庫県","city":"南あわじ市","town":"賀集福井"}],"0511":[{"pref":"兵庫県","city":"南あわじ市","town":"賀集八幡"}],"0514":[{"pref":"兵庫県","city":"南あわじ市","town":"賀集（賀集）"}],"0531":[{"pref":"兵庫県","city":"南あわじ市","town":"北阿万伊賀野"}],"0532":[{"pref":"兵庫県","city":"南あわじ市","town":"北阿万稲田南"}],"0533":[{"pref":"兵庫県","city":"南あわじ市","town":"北阿万新田（北、中）"}],"0534":[{"pref":"兵庫県","city":"南あわじ市","town":"北阿万筒井"}],"0521":[{"pref":"兵庫県","city":"南あわじ市","town":"潮美台"}],"0321":[{"pref":"兵庫県","city":"南あわじ市","town":"志知"}],"0325":[{"pref":"兵庫県","city":"南あわじ市","town":"志知奥"}],"0327":[{"pref":"兵庫県","city":"南あわじ市","town":"志知北"}],"0324":[{"pref":"兵庫県","city":"南あわじ市","town":"志知口"}],"0484":[{"pref":"兵庫県","city":"南あわじ市","town":"志知佐礼尾"}],"0322":[{"pref":"兵庫県","city":"南あわじ市","town":"志知鈩"}],"0483":[{"pref":"兵庫県","city":"南あわじ市","town":"志知中島"}],"0482":[{"pref":"兵庫県","city":"南あわじ市","town":"志知難波"}],"0323":[{"pref":"兵庫県","city":"南あわじ市","town":"志知飯山寺"}],"0481":[{"pref":"兵庫県","city":"南あわじ市","town":"志知松本"}],"0326":[{"pref":"兵庫県","city":"南あわじ市","town":"志知南"}],"0151":[{"pref":"兵庫県","city":"南あわじ市","town":"倭文安住寺"}],"0412":[{"pref":"兵庫県","city":"南あわじ市","town":"倭文委文"}],"0411":[{"pref":"兵庫県","city":"南あわじ市","town":"倭文高"}],"0153":[{"pref":"兵庫県","city":"南あわじ市","town":"倭文庄田"}],"0154":[{"pref":"兵庫県","city":"南あわじ市","town":"倭文神道"}],"0161":[{"pref":"兵庫県","city":"南あわじ市","town":"倭文土井"}],"0152":[{"pref":"兵庫県","city":"南あわじ市","town":"倭文長田"}],"0413":[{"pref":"兵庫県","city":"南あわじ市","town":"倭文流"}],"0452":[{"pref":"兵庫県","city":"南あわじ市","town":"神代浦壁"}],"0454":[{"pref":"兵庫県","city":"南あわじ市","town":"神代喜来"}],"0453":[{"pref":"兵庫県","city":"南あわじ市","town":"神代黒道"}],"0455":[{"pref":"兵庫県","city":"南あわじ市","town":"神代國衙"}],"0456":[{"pref":"兵庫県","city":"南あわじ市","town":"神代地頭方"}],"0451":[{"pref":"兵庫県","city":"南あわじ市","town":"神代社家"}],"0457":[{"pref":"兵庫県","city":"南あわじ市","town":"神代富田"}],"0143":[{"pref":"兵庫県","city":"南あわじ市","town":"中条中筋"}],"0142":[{"pref":"兵庫県","city":"南あわじ市","town":"中条徳原"}],"0141":[{"pref":"兵庫県","city":"南あわじ市","town":"中条広田"}],"0341":[{"pref":"兵庫県","city":"南あわじ市","town":"津井"}],"0551":[{"pref":"兵庫県","city":"南あわじ市","town":"灘"}],"0961":[{"pref":"兵庫県","city":"南あわじ市","town":"沼島"}],"0131":[{"pref":"兵庫県","city":"南あわじ市","town":"広田中筋"}],"0122":[{"pref":"兵庫県","city":"南あわじ市","town":"広田広田"}],"0502":[{"pref":"兵庫県","city":"南あわじ市","town":"福良乙"}],"0501":[{"pref":"兵庫県","city":"南あわじ市","town":"福良甲"}],"0503":[{"pref":"兵庫県","city":"南あわじ市","town":"福良丙"}],"0307":[{"pref":"兵庫県","city":"南あわじ市","town":"松帆檪田"}],"0303":[{"pref":"兵庫県","city":"南あわじ市","town":"松帆江尻"}],"0311":[{"pref":"兵庫県","city":"南あわじ市","town":"松帆戒旦寺"}],"0301":[{"pref":"兵庫県","city":"南あわじ市","town":"松帆北方"}],"0305":[{"pref":"兵庫県","city":"南あわじ市","town":"松帆北浜"}],"0306":[{"pref":"兵庫県","city":"南あわじ市","town":"松帆慶野"}],"0304":[{"pref":"兵庫県","city":"南あわじ市","town":"松帆古津路"}],"0302":[{"pref":"兵庫県","city":"南あわじ市","town":"松帆塩浜"}],"0313":[{"pref":"兵庫県","city":"南あわじ市","town":"松帆志知川"}],"0315":[{"pref":"兵庫県","city":"南あわじ市","town":"松帆高屋"}],"0314":[{"pref":"兵庫県","city":"南あわじ市","town":"松帆西路"}],"0308":[{"pref":"兵庫県","city":"南あわじ市","town":"松帆宝明寺"}],"0312":[{"pref":"兵庫県","city":"南あわじ市","town":"松帆脇田"}],"0332":[{"pref":"兵庫県","city":"南あわじ市","town":"湊"}],"0331":[{"pref":"兵庫県","city":"南あわじ市","town":"湊里"}],"0441":[{"pref":"兵庫県","city":"南あわじ市","town":"八木入田"}],"0445":[{"pref":"兵庫県","city":"南あわじ市","town":"八木馬回"}],"0444":[{"pref":"兵庫県","city":"南あわじ市","town":"八木大久保"}],"0434":[{"pref":"兵庫県","city":"南あわじ市","town":"八木国分"}],"0446":[{"pref":"兵庫県","city":"南あわじ市","town":"八木寺内"}],"0436":[{"pref":"兵庫県","city":"南あわじ市","town":"八木新庄"}],"0435":[{"pref":"兵庫県","city":"南あわじ市","town":"八木立石"}],"0432":[{"pref":"兵庫県","city":"南あわじ市","town":"八木徳野"}],"0433":[{"pref":"兵庫県","city":"南あわじ市","town":"八木鳥井"}],"0431":[{"pref":"兵庫県","city":"南あわじ市","town":"八木野原"}],"0443":[{"pref":"兵庫県","city":"南あわじ市","town":"八木養宜上"}],"0442":[{"pref":"兵庫県","city":"南あわじ市","town":"八木養宜中"}],"0121":[{"pref":"兵庫県","city":"南あわじ市","town":"山添"}]}