{"0000":[{"pref":"大阪府","city":"大阪狭山市","town":"以下に掲載がない場合"}],"0008":[{"pref":"大阪府","city":"大阪狭山市","town":"池尻自由丘"}],"0007":[{"pref":"大阪府","city":"大阪狭山市","town":"池尻中"}],"0009":[{"pref":"大阪府","city":"大阪狭山市","town":"池尻北"}],"0031":[{"pref":"大阪府","city":"大阪狭山市","town":"池之原"}],"0021":[{"pref":"大阪府","city":"大阪狭山市","town":"今熊"}],"0032":[{"pref":"大阪府","city":"大阪狭山市","town":"岩室"}],"0023":[{"pref":"大阪府","city":"大阪狭山市","town":"大野台"}],"0015":[{"pref":"大阪府","city":"大阪狭山市","town":"大野中"}],"0014":[{"pref":"大阪府","city":"大阪狭山市","town":"大野東"}],"0016":[{"pref":"大阪府","city":"大阪狭山市","town":"大野西"}],"0013":[{"pref":"大阪府","city":"大阪狭山市","town":"茱萸木"}],"0006":[{"pref":"大阪府","city":"大阪狭山市","town":"金剛"}],"0005":[{"pref":"大阪府","city":"大阪狭山市","town":"狭山"}],"0022":[{"pref":"大阪府","city":"大阪狭山市","town":"西山台"}],"0011":[{"pref":"大阪府","city":"大阪狭山市","town":"半田"}],"0004":[{"pref":"大阪府","city":"大阪狭山市","town":"東池尻"}],"0012":[{"pref":"大阪府","city":"大阪狭山市","town":"東茱萸木"}],"0002":[{"pref":"大阪府","city":"大阪狭山市","town":"東野中"}],"0003":[{"pref":"大阪府","city":"大阪狭山市","town":"東野東"}],"0001":[{"pref":"大阪府","city":"大阪狭山市","town":"東野西"}],"0034":[{"pref":"大阪府","city":"大阪狭山市","town":"山本中"}],"0036":[{"pref":"大阪府","city":"大阪狭山市","town":"山本東"}],"0033":[{"pref":"大阪府","city":"大阪狭山市","town":"山本南"}],"0035":[{"pref":"大阪府","city":"大阪狭山市","town":"山本北"}]}