{"0000":[{"pref":"高知県","city":"宿毛市","town":"以下に掲載がない場合"}],"0021":[{"pref":"高知県","city":"宿毛市","town":"池島"}],"0023":[{"pref":"高知県","city":"宿毛市","town":"宇須々木"}],"0009":[{"pref":"高知県","city":"宿毛市","town":"駅東町"}],"0010":[{"pref":"高知県","city":"宿毛市","town":"駅前町"}],"0014":[{"pref":"高知県","city":"宿毛市","town":"大島"}],"0034":[{"pref":"高知県","city":"宿毛市","town":"大深浦"}],"0679":[{"pref":"高知県","city":"宿毛市","town":"沖の島町鵜来島"}],"0678":[{"pref":"高知県","city":"宿毛市","town":"沖の島町弘瀬"}],"0677":[{"pref":"高知県","city":"宿毛市","town":"沖の島町母島"}],"0051":[{"pref":"高知県","city":"宿毛市","town":"押ノ川"}],"0031":[{"pref":"高知県","city":"宿毛市","town":"貝塚"}],"0013":[{"pref":"高知県","city":"宿毛市","town":"片島"}],"0024":[{"pref":"高知県","city":"宿毛市","town":"樺"}],"0016":[{"pref":"高知県","city":"宿毛市","town":"希望ヶ丘"}],"0035":[{"pref":"高知県","city":"宿毛市","town":"草木薮"}],"0027":[{"pref":"高知県","city":"宿毛市","town":"港南台"}],"0272":[{"pref":"高知県","city":"宿毛市","town":"小筑紫町石原"}],"0267":[{"pref":"高知県","city":"宿毛市","town":"小筑紫町伊与野"}],"0266":[{"pref":"高知県","city":"宿毛市","town":"小筑紫町大海"}],"0262":[{"pref":"高知県","city":"宿毛市","town":"小筑紫町小浦"}],"0271":[{"pref":"高知県","city":"宿毛市","town":"小筑紫町小筑紫"}],"0274":[{"pref":"高知県","city":"宿毛市","town":"小筑紫町栄喜"}],"0261":[{"pref":"高知県","city":"宿毛市","town":"小筑紫町田ノ浦"}],"0268":[{"pref":"高知県","city":"宿毛市","town":"小筑紫町都賀ノ川"}],"0263":[{"pref":"高知県","city":"宿毛市","town":"小筑紫町内外ノ浦"}],"0273":[{"pref":"高知県","city":"宿毛市","town":"小筑紫町福良"}],"0265":[{"pref":"高知県","city":"宿毛市","town":"小筑紫町湊"}],"0264":[{"pref":"高知県","city":"宿毛市","town":"小筑紫町呼崎"}],"0033":[{"pref":"高知県","city":"宿毛市","town":"小深浦"}],"0003":[{"pref":"高知県","city":"宿毛市","town":"幸町"}],"0053":[{"pref":"高知県","city":"宿毛市","town":"坂ノ下"}],"0054":[{"pref":"高知県","city":"宿毛市","town":"さくらが丘"}],"0006":[{"pref":"高知県","city":"宿毛市","town":"桜町"}],"0030":[{"pref":"高知県","city":"宿毛市","town":"四季の丘"}],"0026":[{"pref":"高知県","city":"宿毛市","town":"自由ケ丘"}],"0028":[{"pref":"高知県","city":"宿毛市","town":"新港"}],"0011":[{"pref":"高知県","city":"宿毛市","town":"新田"}],"0012":[{"pref":"高知県","city":"宿毛市","town":"高砂"}],"0001":[{"pref":"高知県","city":"宿毛市","town":"中央"}],"0039":[{"pref":"高知県","city":"宿毛市","town":"中角"}],"0004":[{"pref":"高知県","city":"宿毛市","town":"長田町"}],"0015":[{"pref":"高知県","city":"宿毛市","town":"西片島"}],"0032":[{"pref":"高知県","city":"宿毛市","town":"錦"}],"0025":[{"pref":"高知県","city":"宿毛市","town":"西町"}],"0038":[{"pref":"高知県","city":"宿毛市","town":"二ノ宮"}],"0036":[{"pref":"高知県","city":"宿毛市","town":"野地"}],"0005":[{"pref":"高知県","city":"宿毛市","town":"萩原"}],"0041":[{"pref":"高知県","city":"宿毛市","town":"橋上町出井"}],"0045":[{"pref":"高知県","city":"宿毛市","town":"橋上町奥奈路"}],"0044":[{"pref":"高知県","city":"宿毛市","town":"橋上町神有"}],"0048":[{"pref":"高知県","city":"宿毛市","town":"橋上町京法"}],"0042":[{"pref":"高知県","city":"宿毛市","town":"橋上町楠山"}],"0049":[{"pref":"高知県","city":"宿毛市","town":"橋上町還住薮"}],"0043":[{"pref":"高知県","city":"宿毛市","town":"橋上町坂本"}],"0046":[{"pref":"高知県","city":"宿毛市","town":"橋上町橋上"}],"0047":[{"pref":"高知県","city":"宿毛市","town":"橋上町平野"}],"0781":[{"pref":"高知県","city":"宿毛市","town":"平田町黒川"}],"0782":[{"pref":"高知県","city":"宿毛市","town":"平田町中山"}],"0786":[{"pref":"高知県","city":"宿毛市","town":"平田町東平"}],"0783":[{"pref":"高知県","city":"宿毛市","town":"平田町戸内"}],"0007":[{"pref":"高知県","city":"宿毛市","town":"松田町"}],"0002":[{"pref":"高知県","city":"宿毛市","town":"南沖須賀"}],"0022":[{"pref":"高知県","city":"宿毛市","town":"藻津"}],"0037":[{"pref":"高知県","city":"宿毛市","town":"山北"}],"0784":[{"pref":"高知県","city":"宿毛市","town":"山奈町山田"}],"0785":[{"pref":"高知県","city":"宿毛市","town":"山奈町芳奈"}],"0008":[{"pref":"高知県","city":"宿毛市","town":"与市明"}],"0052":[{"pref":"高知県","city":"宿毛市","town":"和田"}],"0300":[{"pref":"高知県","city":"幡多郡大月町","town":"以下に掲載がない場合"}],"0332":[{"pref":"高知県","city":"幡多郡大月町","town":"赤泊"}],"0351":[{"pref":"高知県","city":"幡多郡大月町","town":"安満地"}],"0342":[{"pref":"高知県","city":"幡多郡大月町","town":"一切"}],"0324":[{"pref":"高知県","city":"幡多郡大月町","town":"大浦"}],"0334":[{"pref":"高知県","city":"幡多郡大月町","town":"樫ノ浦"}],"0314":[{"pref":"高知県","city":"幡多郡大月町","town":"頭集"}],"0343":[{"pref":"高知県","city":"幡多郡大月町","town":"柏島"}],"0335":[{"pref":"高知県","city":"幡多郡大月町","town":"唐岩"}],"0331":[{"pref":"高知県","city":"幡多郡大月町","town":"口目塚"},{"pref":"高知県","city":"幡多郡大月町","town":"姫ノ井"}],"0322":[{"pref":"高知県","city":"幡多郡大月町","town":"小才角"}],"0315":[{"pref":"高知県","city":"幡多郡大月町","town":"古満目"}],"0323":[{"pref":"高知県","city":"幡多郡大月町","town":"才角"}],"0313":[{"pref":"高知県","city":"幡多郡大月町","town":"周防形"}],"0312":[{"pref":"高知県","city":"幡多郡大月町","town":"清王"}],"0363":[{"pref":"高知県","city":"幡多郡大月町","town":"添ノ川"}],"0352":[{"pref":"高知県","city":"幡多郡大月町","town":"橘浦"}],"0361":[{"pref":"高知県","city":"幡多郡大月町","town":"龍ケ迫"}],"0325":[{"pref":"高知県","city":"幡多郡大月町","town":"月ケ丘"}],"0353":[{"pref":"高知県","city":"幡多郡大月町","town":"泊浦"}],"0333":[{"pref":"高知県","city":"幡多郡大月町","town":"西泊"}],"0321":[{"pref":"高知県","city":"幡多郡大月町","town":"春遠"}],"0341":[{"pref":"高知県","city":"幡多郡大月町","town":"平山"}],"0302":[{"pref":"高知県","city":"幡多郡大月町","town":"弘見"}],"0311":[{"pref":"高知県","city":"幡多郡大月町","town":"鉾土"}],"0362":[{"pref":"高知県","city":"幡多郡大月町","town":"芳ノ沢"}]}