{"1131":[{"pref":"島根県","city":"邑智郡美郷町","town":"別府"}],"1132":[{"pref":"島根県","city":"邑智郡美郷町","town":"志君"}],"1133":[{"pref":"島根県","city":"邑智郡美郷町","town":"小林"}],"1134":[{"pref":"島根県","city":"邑智郡美郷町","town":"惣森"}],"1135":[{"pref":"島根県","city":"邑智郡美郷町","town":"小松地"}],"1136":[{"pref":"島根県","city":"邑智郡美郷町","town":"内田"}],"1137":[{"pref":"島根県","city":"邑智郡美郷町","town":"櫨谷"}],"1141":[{"pref":"島根県","city":"邑智郡美郷町","town":"京覧原"}],"1142":[{"pref":"島根県","city":"邑智郡美郷町","town":"久喜原"}],"1143":[{"pref":"島根県","city":"邑智郡美郷町","town":"地頭所"}],"1144":[{"pref":"島根県","city":"邑智郡美郷町","town":"小谷"}],"1145":[{"pref":"島根県","city":"邑智郡美郷町","town":"港"}],"1221":[{"pref":"島根県","city":"邑智郡川本町","town":"北佐木"}],"1222":[{"pref":"島根県","city":"邑智郡川本町","town":"湯谷"}],"1223":[{"pref":"島根県","city":"邑智郡川本町","town":"三俣"}],"1224":[{"pref":"島根県","city":"邑智郡川本町","town":"三原"}],"1225":[{"pref":"島根県","city":"邑智郡川本町","town":"南佐木"}],"1226":[{"pref":"島根県","city":"邑智郡川本町","town":"田窪"}],"0000":[{"pref":"島根県","city":"邑智郡川本町","town":"以下に掲載がない場合"}],"0003":[{"pref":"島根県","city":"邑智郡川本町","town":"因原"}],"0011":[{"pref":"島根県","city":"邑智郡川本町","town":"川内"}],"0004":[{"pref":"島根県","city":"邑智郡川本町","town":"川下"}],"0001":[{"pref":"島根県","city":"邑智郡川本町","town":"川本"}],"0006":[{"pref":"島根県","city":"邑智郡川本町","town":"久座仁"}],"0012":[{"pref":"島根県","city":"邑智郡川本町","town":"小谷"}],"0007":[{"pref":"島根県","city":"邑智郡川本町","town":"多田"}],"0005":[{"pref":"島根県","city":"邑智郡川本町","town":"谷戸"}],"0002":[{"pref":"島根県","city":"邑智郡川本町","town":"都賀行"}],"0013":[{"pref":"島根県","city":"邑智郡川本町","town":"馬野原"}],"0701":[{"pref":"島根県","city":"邑智郡美郷町","town":"潮村"}],"0702":[{"pref":"島根県","city":"邑智郡美郷町","town":"上野"}],"0703":[{"pref":"島根県","city":"邑智郡美郷町","town":"都賀西"}],"0704":[{"pref":"島根県","city":"邑智郡美郷町","town":"都賀本郷"}],"0705":[{"pref":"島根県","city":"邑智郡美郷町","town":"都賀行"}],"0706":[{"pref":"島根県","city":"邑智郡美郷町","town":"長藤"}],"0712":[{"pref":"島根県","city":"邑智郡美郷町","town":"比敷"}],"0711":[{"pref":"島根県","city":"邑智郡美郷町","town":"宮内"}],"0713":[{"pref":"島根県","city":"邑智郡美郷町","town":"村之郷"}],"0100":[{"pref":"島根県","city":"邑智郡邑南町","town":"以下に掲載がない場合"}],"0501":[{"pref":"島根県","city":"邑智郡邑南町","town":"阿須那"}],"0312":[{"pref":"島根県","city":"邑智郡邑南町","town":"出羽"}],"0101":[{"pref":"島根県","city":"邑智郡邑南町","town":"井原"}],"0504":[{"pref":"島根県","city":"邑智郡邑南町","town":"今井"}],"0314":[{"pref":"島根県","city":"邑智郡邑南町","town":"岩屋"}],"0601":[{"pref":"島根県","city":"邑智郡邑南町","town":"上田"}],"0503":[{"pref":"島根県","city":"邑智郡邑南町","town":"宇都井"}],"0315":[{"pref":"島根県","city":"邑智郡邑南町","town":"大林"}],"0224":[{"pref":"島根県","city":"邑智郡邑南町","town":"上亀谷"}],"0602":[{"pref":"島根県","city":"邑智郡邑南町","town":"上口羽"}],"0225":[{"pref":"島根県","city":"邑智郡邑南町","town":"上田所"}],"0405":[{"pref":"島根県","city":"邑智郡邑南町","town":"上原"}],"0502":[{"pref":"島根県","city":"邑智郡邑南町","town":"木須田"}],"0316":[{"pref":"島根県","city":"邑智郡邑南町","town":"久喜"}],"0131":[{"pref":"島根県","city":"邑智郡邑南町","town":"高水"}],"0223":[{"pref":"島根県","city":"邑智郡邑南町","town":"下亀谷"}],"0603":[{"pref":"島根県","city":"邑智郡邑南町","town":"下口羽"}],"0222":[{"pref":"島根県","city":"邑智郡邑南町","town":"下田所"}],"0406":[{"pref":"島根県","city":"邑智郡邑南町","town":"高見"}],"0505":[{"pref":"島根県","city":"邑智郡邑南町","town":"戸河内"}],"0102":[{"pref":"島根県","city":"邑智郡邑南町","town":"中野"}],"0404":[{"pref":"島根県","city":"邑智郡邑南町","town":"原村"}],"0104":[{"pref":"島根県","city":"邑智郡邑南町","town":"日和"}],"0402":[{"pref":"島根県","city":"邑智郡邑南町","town":"伏谷"}],"0401":[{"pref":"島根県","city":"邑智郡邑南町","town":"布施"}],"0221":[{"pref":"島根県","city":"邑智郡邑南町","town":"鱒渕"}],"0311":[{"pref":"島根県","city":"邑智郡邑南町","town":"三日市"}],"0407":[{"pref":"島根県","city":"邑智郡邑南町","town":"八色石"}],"0103":[{"pref":"島根県","city":"邑智郡邑南町","town":"矢上"}],"0313":[{"pref":"島根県","city":"邑智郡邑南町","town":"山田"}],"0506":[{"pref":"島根県","city":"邑智郡邑南町","town":"雪田"}],"0317":[{"pref":"島根県","city":"邑智郡邑南町","town":"淀原"}],"0403":[{"pref":"島根県","city":"邑智郡邑南町","town":"和田"}]}