{"0000":[{"pref":"神奈川県","city":"横浜市青葉区","town":"以下に掲載がない場合"}],"0062":[{"pref":"神奈川県","city":"横浜市青葉区","town":"青葉台"}],"0066":[{"pref":"神奈川県","city":"横浜市青葉区","town":"あかね台"}],"0052":[{"pref":"神奈川県","city":"横浜市青葉区","town":"梅が丘"}],"0063":[{"pref":"神奈川県","city":"横浜市青葉区","town":"榎が丘"}],"0065":[{"pref":"神奈川県","city":"横浜市青葉区","town":"恩田町"}],"0048":[{"pref":"神奈川県","city":"横浜市青葉区","town":"柿の木台"}],"0034":[{"pref":"神奈川県","city":"横浜市青葉区","town":"桂台"}],"0041":[{"pref":"神奈川県","city":"横浜市青葉区","town":"上谷本町"}],"0033":[{"pref":"神奈川県","city":"横浜市青葉区","town":"鴨志田町"}],"0061":[{"pref":"神奈川県","city":"横浜市青葉区","town":"桜台"}],"0053":[{"pref":"神奈川県","city":"横浜市青葉区","town":"さつきが丘"}],"0031":[{"pref":"神奈川県","city":"横浜市青葉区","town":"寺家町"}],"0042":[{"pref":"神奈川県","city":"横浜市青葉区","town":"下谷本町"}],"0054":[{"pref":"神奈川県","city":"横浜市青葉区","town":"しらとり台"}],"0035":[{"pref":"神奈川県","city":"横浜市青葉区","town":"すみよし台"}],"0046":[{"pref":"神奈川県","city":"横浜市青葉区","town":"たちばな台"}],"0064":[{"pref":"神奈川県","city":"横浜市青葉区","town":"田奈町"}],"0051":[{"pref":"神奈川県","city":"横浜市青葉区","town":"千草台"}],"0055":[{"pref":"神奈川県","city":"横浜市青葉区","town":"つつじが丘"}],"0038":[{"pref":"神奈川県","city":"横浜市青葉区","town":"奈良"}],"0036":[{"pref":"神奈川県","city":"横浜市青葉区","town":"奈良町"}],"0032":[{"pref":"神奈川県","city":"横浜市青葉区","town":"成合町"}],"0043":[{"pref":"神奈川県","city":"横浜市青葉区","town":"藤が丘"}],"0067":[{"pref":"神奈川県","city":"横浜市青葉区","town":"松風台"}],"0047":[{"pref":"神奈川県","city":"横浜市青葉区","town":"みたけ台"}],"0037":[{"pref":"神奈川県","city":"横浜市青葉区","town":"緑山"}],"0044":[{"pref":"神奈川県","city":"横浜市青葉区","town":"もえぎ野"}],"0045":[{"pref":"神奈川県","city":"横浜市青葉区","town":"若草台"}]}