{"0000":[{"pref":"栃木県","city":"佐野市","town":"以下に掲載がない場合"}],"0023":[{"pref":"栃木県","city":"佐野市","town":"相生町"}],"0511":[{"pref":"栃木県","city":"佐野市","town":"会沢町"}],"0004":[{"pref":"栃木県","city":"佐野市","town":"赤坂町"}],"0104":[{"pref":"栃木県","city":"佐野市","town":"赤見町"}],"0517":[{"pref":"栃木県","city":"佐野市","town":"秋山町"}],"0525":[{"pref":"栃木県","city":"佐野市","town":"あくと町"}],"0831":[{"pref":"栃木県","city":"佐野市","town":"浅沼町"}],"0011":[{"pref":"栃木県","city":"佐野市","town":"朝日町"}],"0815":[{"pref":"栃木県","city":"佐野市","town":"鐙塚町"}],"0825":[{"pref":"栃木県","city":"佐野市","town":"飯田町"}],"0021":[{"pref":"栃木県","city":"佐野市","town":"伊賀町"}],"0103":[{"pref":"栃木県","city":"佐野市","town":"石塚町"}],"0102":[{"pref":"栃木県","city":"佐野市","town":"出流原町"}],"0817":[{"pref":"栃木県","city":"佐野市","town":"伊勢山町"}],"0806":[{"pref":"栃木県","city":"佐野市","town":"犬伏上町"}],"0805":[{"pref":"栃木県","city":"佐野市","town":"犬伏中町"}],"0804":[{"pref":"栃木県","city":"佐野市","town":"犬伏下町"}],"0803":[{"pref":"栃木県","city":"佐野市","town":"犬伏新町"}],"0034":[{"pref":"栃木県","city":"佐野市","town":"伊保内町"}],"0307":[{"pref":"栃木県","city":"佐野市","town":"岩崎町"}],"0832":[{"pref":"栃木県","city":"佐野市","town":"植上町"}],"0835":[{"pref":"栃木県","city":"佐野市","town":"植下町"}],"0837":[{"pref":"栃木県","city":"佐野市","town":"植野町"}],"0322":[{"pref":"栃木県","city":"佐野市","town":"梅園町"}],"0012":[{"pref":"栃木県","city":"佐野市","town":"大蔵町"}],"0807":[{"pref":"栃木県","city":"佐野市","town":"大栗町"}],"0033":[{"pref":"栃木県","city":"佐野市","town":"大古屋町"}],"0003":[{"pref":"栃木県","city":"佐野市","town":"大橋町"}],"0316":[{"pref":"栃木県","city":"佐野市","town":"小見町"}],"0515":[{"pref":"栃木県","city":"佐野市","town":"柿平町"}],"0523":[{"pref":"栃木県","city":"佐野市","town":"嘉多山町"}],"0015":[{"pref":"栃木県","city":"佐野市","town":"金井上町"}],"0007":[{"pref":"栃木県","city":"佐野市","town":"金吹町"}],"0025":[{"pref":"栃木県","city":"佐野市","town":"金屋下町"}],"0026":[{"pref":"栃木県","city":"佐野市","town":"金屋仲町"}],"0032":[{"pref":"栃木県","city":"佐野市","town":"庚申塚町"}],"0006":[{"pref":"栃木県","city":"佐野市","town":"上台町"}],"0042":[{"pref":"栃木県","city":"佐野市","town":"上羽田町"}],"0024":[{"pref":"栃木県","city":"佐野市","town":"亀井町"}],"0321":[{"pref":"栃木県","city":"佐野市","town":"閑馬町"}],"0827":[{"pref":"栃木県","city":"佐野市","town":"北茂呂町"}],"0043":[{"pref":"栃木県","city":"佐野市","town":"君田町"}],"0507":[{"pref":"栃木県","city":"佐野市","town":"葛生西"}],"0501":[{"pref":"栃木県","city":"佐野市","town":"葛生東"}],"0845":[{"pref":"栃木県","city":"佐野市","town":"久保町"}],"0813":[{"pref":"栃木県","city":"佐野市","town":"黒袴町"}],"0822":[{"pref":"栃木県","city":"佐野市","town":"越名町"}],"0001":[{"pref":"栃木県","city":"佐野市","town":"小中町"}],"0816":[{"pref":"栃木県","city":"佐野市","town":"栄町"}],"0301":[{"pref":"栃木県","city":"佐野市","town":"作原町"}],"0005":[{"pref":"栃木県","city":"佐野市","town":"七軒町"}],"0836":[{"pref":"栃木県","city":"佐野市","town":"寺中町"}],"0044":[{"pref":"栃木県","city":"佐野市","town":"下羽田町"}],"0325":[{"pref":"栃木県","city":"佐野市","town":"下彦間町"}],"0302":[{"pref":"栃木県","city":"佐野市","town":"白岩町"}],"0314":[{"pref":"栃木県","city":"佐野市","town":"新吉水町"}],"0811":[{"pref":"栃木県","city":"佐野市","town":"関川町"}],"0514":[{"pref":"栃木県","city":"佐野市","town":"仙波町（その他）"}],"0016":[{"pref":"栃木県","city":"佐野市","town":"大祝町"}],"0017":[{"pref":"栃木県","city":"佐野市","town":"大町"}],"0022":[{"pref":"栃木県","city":"佐野市","town":"高砂町"}],"0821":[{"pref":"栃木県","city":"佐野市","town":"高萩町"}],"0045":[{"pref":"栃木県","city":"佐野市","town":"高橋町"}],"0823":[{"pref":"栃木県","city":"佐野市","town":"高山町"}],"0031":[{"pref":"栃木県","city":"佐野市","town":"田島町"}],"0311":[{"pref":"栃木県","city":"佐野市","town":"多田町"}],"0317":[{"pref":"栃木県","city":"佐野市","town":"田沼町"}],"0841":[{"pref":"栃木県","city":"佐野市","town":"田之入町"}],"0502":[{"pref":"栃木県","city":"佐野市","town":"築地町"}],"0101":[{"pref":"栃木県","city":"佐野市","town":"寺久保町"}],"0847":[{"pref":"栃木県","city":"佐野市","town":"天神町"}],"0014":[{"pref":"栃木県","city":"佐野市","town":"天明町"}],"0312":[{"pref":"栃木県","city":"佐野市","town":"栃本町"}],"0323":[{"pref":"栃木県","city":"佐野市","town":"戸奈良町"}],"0844":[{"pref":"栃木県","city":"佐野市","town":"富岡町"}],"0306":[{"pref":"栃木県","city":"佐野市","town":"戸室町"}],"0512":[{"pref":"栃木県","city":"佐野市","town":"豊代町"}],"0524":[{"pref":"栃木県","city":"佐野市","town":"長坂町"}],"0504":[{"pref":"栃木県","city":"佐野市","town":"中町"}],"0002":[{"pref":"栃木県","city":"佐野市","town":"並木町"}],"0842":[{"pref":"栃木県","city":"佐野市","town":"奈良渕町"}],"0814":[{"pref":"栃木県","city":"佐野市","town":"西浦町"}],"0802":[{"pref":"栃木県","city":"佐野市","town":"韮川町"}],"0303":[{"pref":"栃木県","city":"佐野市","town":"長谷場町"}],"0508":[{"pref":"栃木県","city":"佐野市","town":"鉢木町"}],"0231":[{"pref":"栃木県","city":"佐野市","town":"飛駒町"}],"0801":[{"pref":"栃木県","city":"佐野市","town":"富士町"}],"0503":[{"pref":"栃木県","city":"佐野市","town":"富士見町"}],"0305":[{"pref":"栃木県","city":"佐野市","town":"船越町"}],"0035":[{"pref":"栃木県","city":"佐野市","town":"船津川町"}],"0843":[{"pref":"栃木県","city":"佐野市","town":"堀米町"}],"0013":[{"pref":"栃木県","city":"佐野市","town":"本町"}],"0824":[{"pref":"栃木県","city":"佐野市","town":"馬門町"}],"0513":[{"pref":"栃木県","city":"佐野市","town":"牧町"}],"0812":[{"pref":"栃木県","city":"佐野市","town":"町谷町"}],"0304":[{"pref":"栃木県","city":"佐野市","town":"御神楽町"}],"0516":[{"pref":"栃木県","city":"佐野市","town":"水木町"}],"0509":[{"pref":"栃木県","city":"佐野市","town":"宮下町"}],"0046":[{"pref":"栃木県","city":"佐野市","town":"村上町"}],"0041":[{"pref":"栃木県","city":"佐野市","town":"免鳥町"}],"0826":[{"pref":"栃木県","city":"佐野市","town":"茂呂山町"}],"0324":[{"pref":"栃木県","city":"佐野市","town":"山形町"}],"0318":[{"pref":"栃木県","city":"佐野市","town":"山越町"}],"0505":[{"pref":"栃木県","city":"佐野市","town":"山菅町"}],"0027":[{"pref":"栃木県","city":"佐野市","town":"大和町"}],"0315":[{"pref":"栃木県","city":"佐野市","town":"吉水駅前"}],"0313":[{"pref":"栃木県","city":"佐野市","town":"吉水町"}],"0818":[{"pref":"栃木県","city":"佐野市","town":"米山南町"}],"0028":[{"pref":"栃木県","city":"佐野市","town":"万町"}],"0846":[{"pref":"栃木県","city":"佐野市","town":"若松町"}],"0833":[{"pref":"栃木県","city":"佐野市","town":"若宮上町"}],"0834":[{"pref":"栃木県","city":"佐野市","town":"若宮下町"}]}