{"0000":[{"pref":"東京都","city":"板橋区","town":"以下に掲載がない場合"}],"0044":[{"pref":"東京都","city":"板橋区","town":"相生町"}],"0051":[{"pref":"東京都","city":"板橋区","town":"小豆沢"}],"0055":[{"pref":"東京都","city":"板橋区","town":"泉町"}],"0061":[{"pref":"東京都","city":"板橋区","town":"大原町"}],"0076":[{"pref":"東京都","city":"板橋区","town":"上板橋"}],"0043":[{"pref":"東京都","city":"板橋区","town":"坂下"}],"0075":[{"pref":"東京都","city":"板橋区","town":"桜川"}],"0053":[{"pref":"東京都","city":"板橋区","town":"清水町"}],"0056":[{"pref":"東京都","city":"板橋区","town":"志村"}],"0074":[{"pref":"東京都","city":"板橋区","town":"東新町"}],"0071":[{"pref":"東京都","city":"板橋区","town":"常盤台"}],"0064":[{"pref":"東京都","city":"板橋区","town":"中台"}],"0045":[{"pref":"東京都","city":"板橋区","town":"西台（１丁目）"}],"0052":[{"pref":"東京都","city":"板橋区","town":"蓮沼町"}],"0046":[{"pref":"東京都","city":"板橋区","town":"蓮根"}],"0042":[{"pref":"東京都","city":"板橋区","town":"東坂下"}],"0073":[{"pref":"東京都","city":"板橋区","town":"東山町"}],"0062":[{"pref":"東京都","city":"板橋区","town":"富士見町"}],"0041":[{"pref":"東京都","city":"板橋区","town":"舟渡"}],"0063":[{"pref":"東京都","city":"板橋区","town":"前野町"}],"0072":[{"pref":"東京都","city":"板橋区","town":"南常盤台"}],"0054":[{"pref":"東京都","city":"板橋区","town":"宮本町"}],"0065":[{"pref":"東京都","city":"板橋区","town":"若木"}]}