{"6101":[{"pref":"愛知県","city":"名古屋市中村区","town":"平池町グローバルゲート（１階）"}],"6102":[{"pref":"愛知県","city":"名古屋市中村区","town":"平池町グローバルゲート（２階）"}],"6103":[{"pref":"愛知県","city":"名古屋市中村区","town":"平池町グローバルゲート（３階）"}],"6104":[{"pref":"愛知県","city":"名古屋市中村区","town":"平池町グローバルゲート（４階）"}],"6105":[{"pref":"愛知県","city":"名古屋市中村区","town":"平池町グローバルゲート（５階）"}],"6106":[{"pref":"愛知県","city":"名古屋市中村区","town":"平池町グローバルゲート（６階）"}],"6107":[{"pref":"愛知県","city":"名古屋市中村区","town":"平池町グローバルゲート（７階）"}],"6108":[{"pref":"愛知県","city":"名古屋市中村区","town":"平池町グローバルゲート（８階）"}],"6109":[{"pref":"愛知県","city":"名古屋市中村区","town":"平池町グローバルゲート（９階）"}],"6110":[{"pref":"愛知県","city":"名古屋市中村区","town":"平池町グローバルゲート（１０階）"}],"6111":[{"pref":"愛知県","city":"名古屋市中村区","town":"平池町グローバルゲート（１１階）"}],"6112":[{"pref":"愛知県","city":"名古屋市中村区","town":"平池町グローバルゲート（１２階）"}],"6113":[{"pref":"愛知県","city":"名古屋市中村区","town":"平池町グローバルゲート（１３階）"}],"6114":[{"pref":"愛知県","city":"名古屋市中村区","town":"平池町グローバルゲート（１４階）"}],"6115":[{"pref":"愛知県","city":"名古屋市中村区","town":"平池町グローバルゲート（１５階）"}],"6116":[{"pref":"愛知県","city":"名古屋市中村区","town":"平池町グローバルゲート（１６階）"}],"6117":[{"pref":"愛知県","city":"名古屋市中村区","town":"平池町グローバルゲート（１７階）"}],"6118":[{"pref":"愛知県","city":"名古屋市中村区","town":"平池町グローバルゲート（１８階）"}],"6119":[{"pref":"愛知県","city":"名古屋市中村区","town":"平池町グローバルゲート（１９階）"}],"6120":[{"pref":"愛知県","city":"名古屋市中村区","town":"平池町グローバルゲート（２０階）"}],"6121":[{"pref":"愛知県","city":"名古屋市中村区","town":"平池町グローバルゲート（２１階）"}],"6122":[{"pref":"愛知県","city":"名古屋市中村区","town":"平池町グローバルゲート（２２階）"}],"6123":[{"pref":"愛知県","city":"名古屋市中村区","town":"平池町グローバルゲート（２３階）"}],"6124":[{"pref":"愛知県","city":"名古屋市中村区","town":"平池町グローバルゲート（２４階）"}],"6125":[{"pref":"愛知県","city":"名古屋市中村区","town":"平池町グローバルゲート（２５階）"}],"6126":[{"pref":"愛知県","city":"名古屋市中村区","town":"平池町グローバルゲート（２６階）"}],"6127":[{"pref":"愛知県","city":"名古屋市中村区","town":"平池町グローバルゲート（２７階）"}],"6128":[{"pref":"愛知県","city":"名古屋市中村区","town":"平池町グローバルゲート（２８階）"}],"6129":[{"pref":"愛知県","city":"名古屋市中村区","town":"平池町グローバルゲート（２９階）"}],"6130":[{"pref":"愛知県","city":"名古屋市中村区","town":"平池町グローバルゲート（３０階）"}],"6131":[{"pref":"愛知県","city":"名古屋市中村区","town":"平池町グローバルゲート（３１階）"}],"6132":[{"pref":"愛知県","city":"名古屋市中村区","town":"平池町グローバルゲート（３２階）"}],"6133":[{"pref":"愛知県","city":"名古屋市中村区","town":"平池町グローバルゲート（３３階）"}],"6134":[{"pref":"愛知県","city":"名古屋市中村区","town":"平池町グローバルゲート（３４階）"}],"6135":[{"pref":"愛知県","city":"名古屋市中村区","town":"平池町グローバルゲート（３５階）"}],"6136":[{"pref":"愛知県","city":"名古屋市中村区","town":"平池町グローバルゲート（３６階）"}],"6190":[{"pref":"愛知県","city":"名古屋市中村区","town":"平池町グローバルゲート（地階・階層不明）"}],"0000":[{"pref":"愛知県","city":"名古屋市中村区","town":"以下に掲載がない場合"}],"0848":[{"pref":"愛知県","city":"名古屋市中村区","town":"荒輪井町"}],"0066":[{"pref":"愛知県","city":"名古屋市中村区","town":"稲上町"}],"0849":[{"pref":"愛知県","city":"名古屋市中村区","town":"稲西町"}],"0841":[{"pref":"愛知県","city":"名古屋市中村区","town":"稲葉地町"}],"0057":[{"pref":"愛知県","city":"名古屋市中村区","town":"稲葉地本通"}],"0832":[{"pref":"愛知県","city":"名古屋市中村区","town":"乾出町"}],"0038":[{"pref":"愛知県","city":"名古屋市中村区","town":"猪之越町"}],"0012":[{"pref":"愛知県","city":"名古屋市中村区","town":"井深町"}],"0847":[{"pref":"愛知県","city":"名古屋市中村区","town":"岩上町"}],"0862":[{"pref":"愛知県","city":"名古屋市中村区","town":"岩塚町"}],"0861":[{"pref":"愛知県","city":"名古屋市中村区","town":"岩塚本通"}],"0853":[{"pref":"愛知県","city":"名古屋市中村区","town":"牛田通"}],"0873":[{"pref":"愛知県","city":"名古屋市中村区","town":"運河町"}],"0042":[{"pref":"愛知県","city":"名古屋市中村区","town":"大秋町"}],"0821":[{"pref":"愛知県","city":"名古屋市中村区","town":"大宮町"}],"0027":[{"pref":"愛知県","city":"名古屋市中村区","town":"大門町"}],"0825":[{"pref":"愛知県","city":"名古屋市中村区","town":"沖田町"}],"0833":[{"pref":"愛知県","city":"名古屋市中村区","town":"押木田町"}],"0852":[{"pref":"愛知県","city":"名古屋市中村区","town":"角割町"}],"0855":[{"pref":"愛知県","city":"名古屋市中村区","town":"烏森町"}],"0055":[{"pref":"愛知県","city":"名古屋市中村区","town":"香取町"}],"0835":[{"pref":"愛知県","city":"名古屋市中村区","town":"上石川町"}],"0809":[{"pref":"愛知県","city":"名古屋市中村区","town":"上米野町"}],"0043":[{"pref":"愛知県","city":"名古屋市中村区","town":"上ノ宮町"}],"0013":[{"pref":"愛知県","city":"名古屋市中村区","town":"亀島"}],"0843":[{"pref":"愛知県","city":"名古屋市中村区","town":"鴨付町"}],"0865":[{"pref":"愛知県","city":"名古屋市中村区","town":"川前町"}],"0068":[{"pref":"愛知県","city":"名古屋市中村区","town":"菊水町"}],"0824":[{"pref":"愛知県","city":"名古屋市中村区","town":"北浦町"}],"0815":[{"pref":"愛知県","city":"名古屋市中村区","town":"北畑町"}],"0816":[{"pref":"愛知県","city":"名古屋市中村区","town":"京田町"}],"0064":[{"pref":"愛知県","city":"名古屋市中村区","town":"草薙町"}],"0814":[{"pref":"愛知県","city":"名古屋市中村区","town":"熊野町"}],"0808":[{"pref":"愛知県","city":"名古屋市中村区","town":"郷前町"}],"0804":[{"pref":"愛知県","city":"名古屋市中村区","town":"黄金通"}],"0844":[{"pref":"愛知県","city":"名古屋市中村区","town":"小鴨町"}],"0836":[{"pref":"愛知県","city":"名古屋市中村区","town":"五反城町"}],"0028":[{"pref":"愛知県","city":"名古屋市中村区","town":"寿町"}],"0807":[{"pref":"愛知県","city":"名古屋市中村区","town":"権現通"}],"0033":[{"pref":"愛知県","city":"名古屋市中村区","town":"栄生町"}],"0018":[{"pref":"愛知県","city":"名古屋市中村区","town":"佐古前町"}],"0032":[{"pref":"愛知県","city":"名古屋市中村区","town":"塩池町"}],"0802":[{"pref":"愛知県","city":"名古屋市中村区","town":"下米野町"}],"0827":[{"pref":"愛知県","city":"名古屋市中村区","town":"下中村町"}],"0035":[{"pref":"愛知県","city":"名古屋市中村区","town":"十王町"}],"0067":[{"pref":"愛知県","city":"名古屋市中村区","town":"宿跡町"}],"0819":[{"pref":"愛知県","city":"名古屋市中村区","town":"城主町"}],"0817":[{"pref":"愛知県","city":"名古屋市中村区","town":"白子町"}],"0058":[{"pref":"愛知県","city":"名古屋市中村区","town":"城屋敷町"}],"0031":[{"pref":"愛知県","city":"名古屋市中村区","town":"新富町"}],"0056":[{"pref":"愛知県","city":"名古屋市中村区","town":"砂田町"}],"0062":[{"pref":"愛知県","city":"名古屋市中村区","town":"諏訪町"}],"0818":[{"pref":"愛知県","city":"名古屋市中村区","town":"千成通"}],"0801":[{"pref":"愛知県","city":"名古屋市中村区","town":"太閤"}],"0811":[{"pref":"愛知県","city":"名古屋市中村区","town":"太閤通"}],"0806":[{"pref":"愛知県","city":"名古屋市中村区","town":"大正町"}],"0034":[{"pref":"愛知県","city":"名古屋市中村区","town":"大日町"}],"0854":[{"pref":"愛知県","city":"名古屋市中村区","town":"高須賀町"}],"0037":[{"pref":"愛知県","city":"名古屋市中村区","town":"高道町"}],"0016":[{"pref":"愛知県","city":"名古屋市中村区","town":"竹橋町"}],"0011":[{"pref":"愛知県","city":"名古屋市中村区","town":"千原町"}],"0015":[{"pref":"愛知県","city":"名古屋市中村区","town":"椿町"}],"0842":[{"pref":"愛知県","city":"名古屋市中村区","town":"剣町"}],"0834":[{"pref":"愛知県","city":"名古屋市中村区","town":"豊国通"}],"0051":[{"pref":"愛知県","city":"名古屋市中村区","town":"豊幡町"}],"0044":[{"pref":"愛知県","city":"名古屋市中村区","town":"鳥居通"}],"0054":[{"pref":"愛知県","city":"名古屋市中村区","town":"鳥居西通"}],"0022":[{"pref":"愛知県","city":"名古屋市中村区","town":"中島町"}],"0053":[{"pref":"愛知県","city":"名古屋市中村区","town":"中村町"}],"0831":[{"pref":"愛知県","city":"名古屋市中村区","town":"中村中町"}],"0828":[{"pref":"愛知県","city":"名古屋市中村区","town":"中村本町"}],"0839":[{"pref":"愛知県","city":"名古屋市中村区","town":"長筬町"}],"0857":[{"pref":"愛知県","city":"名古屋市中村区","town":"長草町"}],"0803":[{"pref":"愛知県","city":"名古屋市中村区","town":"長戸井町"}],"0856":[{"pref":"愛知県","city":"名古屋市中村区","town":"並木"}],"0025":[{"pref":"愛知県","city":"名古屋市中村区","town":"賑町"}],"0812":[{"pref":"愛知県","city":"名古屋市中村区","town":"西米野町"}],"0846":[{"pref":"愛知県","city":"名古屋市中村区","town":"西栄町"}],"0826":[{"pref":"愛知県","city":"名古屋市中村区","town":"鈍池町"}],"0859":[{"pref":"愛知県","city":"名古屋市中村区","town":"野上町"}],"0858":[{"pref":"愛知県","city":"名古屋市中村区","town":"野田町"}],"0014":[{"pref":"愛知県","city":"名古屋市中村区","town":"則武"}],"0017":[{"pref":"愛知県","city":"名古屋市中村区","town":"則武本通"}],"0026":[{"pref":"愛知県","city":"名古屋市中村区","town":"羽衣町"}],"0069":[{"pref":"愛知県","city":"名古屋市中村区","town":"橋下町"}],"0851":[{"pref":"愛知県","city":"名古屋市中村区","town":"畑江通"}],"0863":[{"pref":"愛知県","city":"名古屋市中村区","town":"八社"}],"0063":[{"pref":"愛知県","city":"名古屋市中村区","town":"東宿町"}],"0823":[{"pref":"愛知県","city":"名古屋市中村区","town":"日ノ宮町"}],"0061":[{"pref":"愛知県","city":"名古屋市中村区","town":"日比津町"}],"0029":[{"pref":"愛知県","city":"名古屋市中村区","town":"日吉町"}],"0872":[{"pref":"愛知県","city":"名古屋市中村区","town":"平池町（次のビルを除く）"}],"0805":[{"pref":"愛知県","city":"名古屋市中村区","town":"深川町"}],"0045":[{"pref":"愛知県","city":"名古屋市中村区","town":"藤江町"}],"0837":[{"pref":"愛知県","city":"名古屋市中村区","town":"二瀬町"}],"0813":[{"pref":"愛知県","city":"名古屋市中村区","town":"二ツ橋町"}],"0041":[{"pref":"愛知県","city":"名古屋市中村区","town":"本陣通"}],"0871":[{"pref":"愛知県","city":"名古屋市中村区","town":"牧野町"}],"0021":[{"pref":"愛知県","city":"名古屋市中村区","town":"松原町"}],"0046":[{"pref":"愛知県","city":"名古屋市中村区","town":"道下町"}],"0845":[{"pref":"愛知県","city":"名古屋市中村区","town":"宮塚町"}],"0838":[{"pref":"愛知県","city":"名古屋市中村区","town":"向島町"}],"0002":[{"pref":"愛知県","city":"名古屋市中村区","town":"名駅（１－１－８、１－１－１２、１－１－１３、１－１－１４、１－３－４、"},{"pref":"愛知県","city":"名古屋市中村区","town":"１－３－７）"}],"0822":[{"pref":"愛知県","city":"名古屋市中村区","town":"名西通"}],"0024":[{"pref":"愛知県","city":"名古屋市中村区","town":"名楽町"}],"0047":[{"pref":"愛知県","city":"名古屋市中村区","town":"元中村町"}],"0052":[{"pref":"愛知県","city":"名古屋市中村区","town":"森末町"}],"0036":[{"pref":"愛知県","city":"名古屋市中村区","town":"森田町"}],"0065":[{"pref":"愛知県","city":"名古屋市中村区","town":"靖国町"}],"0866":[{"pref":"愛知県","city":"名古屋市中村区","town":"横井"}],"0867":[{"pref":"愛知県","city":"名古屋市中村区","town":"横井町"}],"0864":[{"pref":"愛知県","city":"名古屋市中村区","town":"横前町"}],"0023":[{"pref":"愛知県","city":"名古屋市中村区","town":"若宮町"}]}