{"1121":[{"pref":"鹿児島県","city":"南さつま市","town":"加世田唐仁原"}],"1122":[{"pref":"鹿児島県","city":"南さつま市","town":"加世田小湊"}],"1123":[{"pref":"鹿児島県","city":"南さつま市","town":"加世田高橋"}],"1124":[{"pref":"鹿児島県","city":"南さつま市","town":"加世田宮原"}],"1125":[{"pref":"鹿児島県","city":"南さつま市","town":"加世田益山"}],"1201":[{"pref":"鹿児島県","city":"南さつま市","town":"大浦町（その他）"}],"1301":[{"pref":"鹿児島県","city":"南さつま市","town":"笠沙町片浦"}],"1302":[{"pref":"鹿児島県","city":"南さつま市","town":"笠沙町赤生木"}],"0000":[{"pref":"鹿児島県","city":"南さつま市","town":"以下に掲載がない場合"}],"0004":[{"pref":"鹿児島県","city":"南さつま市","town":"加世田内山田"}],"0003":[{"pref":"鹿児島県","city":"南さつま市","town":"加世田川畑"}],"0008":[{"pref":"鹿児島県","city":"南さつま市","town":"加世田地頭所"}],"0007":[{"pref":"鹿児島県","city":"南さつま市","town":"加世田白亀"}],"0002":[{"pref":"鹿児島県","city":"南さつま市","town":"加世田武田"}],"0009":[{"pref":"鹿児島県","city":"南さつま市","town":"加世田ハーモニー"}],"0031":[{"pref":"鹿児島県","city":"南さつま市","town":"加世田東本町"}],"0005":[{"pref":"鹿児島県","city":"南さつま市","town":"加世田麓町"}],"0006":[{"pref":"鹿児島県","city":"南さつま市","town":"加世田本町"}],"0001":[{"pref":"鹿児島県","city":"南さつま市","town":"加世田村原"}],"0200":[{"pref":"鹿児島県","city":"南九州市","town":"以下に掲載がない場合"}],"0212":[{"pref":"鹿児島県","city":"南九州市","town":"川辺町今田"}],"0213":[{"pref":"鹿児島県","city":"南九州市","town":"川辺町小野"}],"0131":[{"pref":"鹿児島県","city":"南九州市","town":"川辺町上山田"}],"0202":[{"pref":"鹿児島県","city":"南九州市","town":"川辺町清水"}],"0201":[{"pref":"鹿児島県","city":"南九州市","town":"川辺町神殿"}],"0133":[{"pref":"鹿児島県","city":"南九州市","town":"川辺町下山田"}],"0223":[{"pref":"鹿児島県","city":"南九州市","town":"川辺町高田"}],"0221":[{"pref":"鹿児島県","city":"南九州市","town":"川辺町田部田"}],"0222":[{"pref":"鹿児島県","city":"南九州市","town":"川辺町永田"}],"0132":[{"pref":"鹿児島県","city":"南九州市","town":"川辺町中山田"}],"0203":[{"pref":"鹿児島県","city":"南九州市","town":"川辺町野崎"}],"0205":[{"pref":"鹿児島県","city":"南九州市","town":"川辺町野間"}],"0215":[{"pref":"鹿児島県","city":"南九州市","town":"川辺町平山"}],"0204":[{"pref":"鹿児島県","city":"南九州市","town":"川辺町古殿"}],"0214":[{"pref":"鹿児島県","city":"南九州市","town":"川辺町宮"}],"0224":[{"pref":"鹿児島県","city":"南九州市","town":"川辺町本別府"}],"0211":[{"pref":"鹿児島県","city":"南九州市","town":"川辺町両添"}],"0301":[{"pref":"鹿児島県","city":"南九州市","town":"知覧町厚地"}],"0302":[{"pref":"鹿児島県","city":"南九州市","town":"知覧町郡"}],"0305":[{"pref":"鹿児島県","city":"南九州市","town":"知覧町瀬世"}],"0303":[{"pref":"鹿児島県","city":"南九州市","town":"知覧町永里"}],"0306":[{"pref":"鹿児島県","city":"南九州市","town":"知覧町西元"}],"0304":[{"pref":"鹿児島県","city":"南九州市","town":"知覧町東別府"}]}