{"0000":[{"pref":"静岡県","city":"伊東市","town":"以下に掲載がない場合"}],"0043":[{"pref":"静岡県","city":"伊東市","town":"新井"}],"0001":[{"pref":"静岡県","city":"伊東市","town":"宇佐美"}],"0046":[{"pref":"静岡県","city":"伊東市","town":"大原"}],"0055":[{"pref":"静岡県","city":"伊東市","town":"岡"}],"0016":[{"pref":"静岡県","city":"伊東市","town":"岡広町"}],"0053":[{"pref":"静岡県","city":"伊東市","town":"荻"}],"0032":[{"pref":"静岡県","city":"伊東市","town":"音無町"}],"0054":[{"pref":"静岡県","city":"伊東市","town":"鎌田"}],"0034":[{"pref":"静岡県","city":"伊東市","town":"瓶山"}],"0044":[{"pref":"静岡県","city":"伊東市","town":"川奈"}],"0028":[{"pref":"静岡県","city":"伊東市","town":"銀座元町"}],"0045":[{"pref":"静岡県","city":"伊東市","town":"玖須美元和田"}],"0018":[{"pref":"静岡県","city":"伊東市","town":"寿町"}],"0017":[{"pref":"静岡県","city":"伊東市","town":"幸町"}],"0037":[{"pref":"静岡県","city":"伊東市","town":"桜ガ丘"}],"0013":[{"pref":"静岡県","city":"伊東市","town":"桜木町"}],"0004":[{"pref":"静岡県","city":"伊東市","town":"猪戸"}],"0042":[{"pref":"静岡県","city":"伊東市","town":"静海町"}],"0041":[{"pref":"静岡県","city":"伊東市","town":"芝町"}],"0015":[{"pref":"静岡県","city":"伊東市","town":"末広町"}],"0012":[{"pref":"静岡県","city":"伊東市","town":"宝町"}],"0027":[{"pref":"静岡県","city":"伊東市","town":"竹の内"}],"0026":[{"pref":"静岡県","city":"伊東市","town":"竹の台"}],"0003":[{"pref":"静岡県","city":"伊東市","town":"中央町"}],"0052":[{"pref":"静岡県","city":"伊東市","town":"十足"}],"0023":[{"pref":"静岡県","city":"伊東市","town":"渚町"}],"0033":[{"pref":"静岡県","city":"伊東市","town":"馬場町"}],"0022":[{"pref":"静岡県","city":"伊東市","town":"東松原町"}],"0038":[{"pref":"静岡県","city":"伊東市","town":"広野"}],"0011":[{"pref":"静岡県","city":"伊東市","town":"松川町"}],"0006":[{"pref":"静岡県","city":"伊東市","town":"松原"}],"0021":[{"pref":"静岡県","city":"伊東市","town":"松原本町"}],"0005":[{"pref":"静岡県","city":"伊東市","town":"松原湯端町"}],"0035":[{"pref":"静岡県","city":"伊東市","town":"南町"}],"0036":[{"pref":"静岡県","city":"伊東市","town":"宮川町"}],"0025":[{"pref":"静岡県","city":"伊東市","town":"物見が丘"}],"0014":[{"pref":"静岡県","city":"伊東市","town":"弥生町"}],"0002":[{"pref":"静岡県","city":"伊東市","town":"湯川"}],"0031":[{"pref":"静岡県","city":"伊東市","town":"湯田町"}],"0051":[{"pref":"静岡県","city":"伊東市","town":"吉田"}],"0024":[{"pref":"静岡県","city":"伊東市","town":"和田"}]}