{"0000":[{"pref":"愛知県","city":"名古屋市北区","town":"以下に掲載がない場合"}],"0856":[{"pref":"愛知県","city":"名古屋市北区","town":"芦辺町"}],"0005":[{"pref":"愛知県","city":"名古屋市北区","town":"池花町"}],"0832":[{"pref":"愛知県","city":"名古屋市北区","town":"生駒町"}],"0855":[{"pref":"愛知県","city":"名古屋市北区","town":"石園町"}],"0064":[{"pref":"愛知県","city":"名古屋市北区","town":"大我麻町"}],"0858":[{"pref":"愛知県","city":"名古屋市北区","town":"大蔵町"}],"0837":[{"pref":"愛知県","city":"名古屋市北区","town":"大杉"}],"0836":[{"pref":"愛知県","city":"名古屋市北区","town":"大杉町"}],"0825":[{"pref":"愛知県","city":"名古屋市北区","town":"大曽根"}],"0035":[{"pref":"愛知県","city":"名古屋市北区","town":"大野町"}],"0017":[{"pref":"愛知県","city":"名古屋市北区","town":"落合町"}],"0807":[{"pref":"愛知県","city":"名古屋市北区","town":"御成通"}],"0863":[{"pref":"愛知県","city":"名古屋市北区","town":"尾上町"}],"0864":[{"pref":"愛知県","city":"名古屋市北区","town":"織部町"}],"0061":[{"pref":"愛知県","city":"名古屋市北区","town":"会所町"}],"0867":[{"pref":"愛知県","city":"名古屋市北区","town":"垣戸町"}],"0033":[{"pref":"愛知県","city":"名古屋市北区","town":"金田町"}],"0808":[{"pref":"愛知県","city":"名古屋市北区","town":"上飯田通"}],"0803":[{"pref":"愛知県","city":"名古屋市北区","town":"上飯田東町"}],"0809":[{"pref":"愛知県","city":"名古屋市北区","town":"上飯田西町"}],"0804":[{"pref":"愛知県","city":"名古屋市北区","town":"上飯田南町"}],"0802":[{"pref":"愛知県","city":"名古屋市北区","town":"上飯田北町"}],"0022":[{"pref":"愛知県","city":"名古屋市北区","town":"川中町"}],"0065":[{"pref":"愛知県","city":"名古屋市北区","town":"喜惣治"}],"0001":[{"pref":"愛知県","city":"名古屋市北区","town":"北久手町"}],"0851":[{"pref":"愛知県","city":"名古屋市北区","town":"木津根町"}],"0003":[{"pref":"愛知県","city":"名古屋市北区","town":"桐畑町"}],"0847":[{"pref":"愛知県","city":"名古屋市北区","town":"金城"}],"0047":[{"pref":"愛知県","city":"名古屋市北区","town":"金城町"}],"0012":[{"pref":"愛知県","city":"名古屋市北区","town":"楠"}],"0014":[{"pref":"愛知県","city":"名古屋市北区","town":"楠味鋺"}],"0066":[{"pref":"愛知県","city":"名古屋市北区","town":"楠町喜惣治新田"}],"0841":[{"pref":"愛知県","city":"名古屋市北区","town":"黒川本通"}],"0018":[{"pref":"愛知県","city":"名古屋市北区","town":"玄馬町"}],"0857":[{"pref":"愛知県","city":"名古屋市北区","town":"紅雲町"}],"0053":[{"pref":"愛知県","city":"名古屋市北区","town":"光音寺町"}],"0011":[{"pref":"愛知県","city":"名古屋市北区","town":"五反田町"}],"0059":[{"pref":"愛知県","city":"名古屋市北区","town":"駒止町"}],"0031":[{"pref":"愛知県","city":"名古屋市北区","town":"米が瀬町"}],"0818":[{"pref":"愛知県","city":"名古屋市北区","town":"彩紅橋通"}],"0852":[{"pref":"愛知県","city":"名古屋市北区","town":"猿投町"}],"0004":[{"pref":"愛知県","city":"名古屋市北区","town":"三軒町"}],"0037":[{"pref":"愛知県","city":"名古屋市北区","town":"志賀町"}],"0853":[{"pref":"愛知県","city":"名古屋市北区","town":"志賀本通"}],"0842":[{"pref":"愛知県","city":"名古屋市北区","town":"志賀南通"}],"0045":[{"pref":"愛知県","city":"名古屋市北区","town":"敷島町"}],"0844":[{"pref":"愛知県","city":"名古屋市北区","town":"清水"}],"0865":[{"pref":"愛知県","city":"名古屋市北区","town":"下飯田町"}],"0021":[{"pref":"愛知県","city":"名古屋市北区","town":"成願寺"}],"0831":[{"pref":"愛知県","city":"名古屋市北区","town":"城東町"}],"0046":[{"pref":"愛知県","city":"名古屋市北区","town":"城見通"}],"0062":[{"pref":"愛知県","city":"名古屋市北区","town":"新沼町"}],"0801":[{"pref":"愛知県","city":"名古屋市北区","town":"新堀町"}],"0859":[{"pref":"愛知県","city":"名古屋市北区","town":"神明町"}],"0829":[{"pref":"愛知県","city":"名古屋市北区","town":"杉栄町"}],"0835":[{"pref":"愛知県","city":"名古屋市北区","town":"杉村"}],"0869":[{"pref":"愛知県","city":"名古屋市北区","town":"龍ノ口町"}],"0843":[{"pref":"愛知県","city":"名古屋市北区","town":"田幡"}],"0038":[{"pref":"愛知県","city":"名古屋市北区","town":"稚児宮通"}],"0056":[{"pref":"愛知県","city":"名古屋市北区","town":"中丸町"}],"0834":[{"pref":"愛知県","city":"名古屋市北区","town":"長田町"}],"0032":[{"pref":"愛知県","city":"名古屋市北区","town":"辻町"}],"0861":[{"pref":"愛知県","city":"名古屋市北区","town":"辻本通"}],"0034":[{"pref":"愛知県","city":"名古屋市北区","town":"天道町"}],"0868":[{"pref":"愛知県","city":"名古屋市北区","town":"憧旛町"}],"0009":[{"pref":"愛知県","city":"名古屋市北区","town":"苗田町"}],"0015":[{"pref":"愛知県","city":"名古屋市北区","town":"中味鋺"}],"0051":[{"pref":"愛知県","city":"名古屋市北区","town":"中切町"}],"0838":[{"pref":"愛知県","city":"名古屋市北区","town":"中杉町"}],"0036":[{"pref":"愛知県","city":"名古屋市北区","town":"長喜町"}],"0041":[{"pref":"愛知県","city":"名古屋市北区","town":"浪打町"}],"0016":[{"pref":"愛知県","city":"名古屋市北区","town":"西味鋺"}],"0058":[{"pref":"愛知県","city":"名古屋市北区","town":"西志賀町"}],"0007":[{"pref":"愛知県","city":"名古屋市北区","town":"如意"}],"0008":[{"pref":"愛知県","city":"名古屋市北区","town":"如来町"}],"0054":[{"pref":"愛知県","city":"名古屋市北区","town":"野方通"}],"0026":[{"pref":"愛知県","city":"名古屋市北区","town":"萩野通"}],"0805":[{"pref":"愛知県","city":"名古屋市北区","town":"八龍町"}],"0024":[{"pref":"愛知県","city":"名古屋市北区","town":"鳩岡"}],"0025":[{"pref":"愛知県","city":"名古屋市北区","town":"鳩岡町"}],"0013":[{"pref":"愛知県","city":"名古屋市北区","town":"東味鋺"}],"0826":[{"pref":"愛知県","city":"名古屋市北区","town":"東大杉町"}],"0823":[{"pref":"愛知県","city":"名古屋市北区","town":"東大曽根町上"}],"0827":[{"pref":"愛知県","city":"名古屋市北区","town":"東長田町"}],"0828":[{"pref":"愛知県","city":"名古屋市北区","town":"東水切町"}],"0057":[{"pref":"愛知県","city":"名古屋市北区","town":"平手町"}],"0052":[{"pref":"愛知県","city":"名古屋市北区","town":"福徳町"}],"0819":[{"pref":"愛知県","city":"名古屋市北区","town":"平安"}],"0816":[{"pref":"愛知県","city":"名古屋市北区","town":"平安通"}],"0862":[{"pref":"愛知県","city":"名古屋市北区","town":"真畔町"}],"0055":[{"pref":"愛知県","city":"名古屋市北区","town":"桝形町"}],"0063":[{"pref":"愛知県","city":"名古屋市北区","town":"丸新町"}],"0833":[{"pref":"愛知県","city":"名古屋市北区","town":"水切町"}],"0042":[{"pref":"愛知県","city":"名古屋市北区","town":"水草町"}],"0846":[{"pref":"愛知県","city":"名古屋市北区","town":"名城"}],"0044":[{"pref":"愛知県","city":"名古屋市北区","town":"元志賀町"}],"0043":[{"pref":"愛知県","city":"名古屋市北区","town":"八代町"}],"0023":[{"pref":"愛知県","city":"名古屋市北区","town":"安井"}],"0812":[{"pref":"愛知県","city":"名古屋市北区","town":"矢田町"}],"0845":[{"pref":"愛知県","city":"名古屋市北区","town":"柳原"}],"0810":[{"pref":"愛知県","city":"名古屋市北区","town":"山田"}],"0813":[{"pref":"愛知県","city":"名古屋市北区","town":"山田町"}],"0814":[{"pref":"愛知県","city":"名古屋市北区","town":"山田西町"}],"0811":[{"pref":"愛知県","city":"名古屋市北区","town":"山田北町"}],"0824":[{"pref":"愛知県","city":"名古屋市北区","town":"芳野"}],"0866":[{"pref":"愛知県","city":"名古屋市北区","town":"瑠璃光町"}],"0002":[{"pref":"愛知県","city":"名古屋市北区","town":"六が池町"}],"0006":[{"pref":"愛知県","city":"名古屋市北区","town":"若鶴町"}],"0854":[{"pref":"愛知県","city":"名古屋市北区","town":"若葉通"}]}