{"0101":[{"pref":"千葉県","city":"南房総市","town":"白浜町乙浜"}],"0102":[{"pref":"千葉県","city":"南房総市","town":"白浜町白浜"}],"0103":[{"pref":"千葉県","city":"南房総市","town":"白浜町滝口"}],"0104":[{"pref":"千葉県","city":"南房総市","town":"白浜町根本"}],"0006":[{"pref":"千葉県","city":"南房総市","town":"千倉町宇田"}],"0026":[{"pref":"千葉県","city":"南房総市","town":"千倉町大川"}],"0013":[{"pref":"千葉県","city":"南房総市","town":"千倉町大貫"}],"0002":[{"pref":"千葉県","city":"南房総市","town":"千倉町川合"}],"0023":[{"pref":"千葉県","city":"南房総市","town":"千倉町川口"}],"0014":[{"pref":"千葉県","city":"南房総市","town":"千倉町川戸"}],"0011":[{"pref":"千葉県","city":"南房総市","town":"千倉町北朝夷"}],"0001":[{"pref":"千葉県","city":"南房総市","town":"千倉町久保"}],"0022":[{"pref":"千葉県","city":"南房総市","town":"千倉町忽戸"}],"0003":[{"pref":"千葉県","city":"南房総市","town":"千倉町白子"}],"0027":[{"pref":"千葉県","city":"南房総市","town":"千倉町白間津"}],"0004":[{"pref":"千葉県","city":"南房総市","town":"千倉町瀬戸"}],"0025":[{"pref":"千葉県","city":"南房総市","town":"千倉町千田"}],"0024":[{"pref":"千葉県","city":"南房総市","town":"千倉町平磯"}],"0021":[{"pref":"千葉県","city":"南房総市","town":"千倉町平舘"}],"0005":[{"pref":"千葉県","city":"南房総市","town":"千倉町牧田"}],"0012":[{"pref":"千葉県","city":"南房総市","town":"千倉町南朝夷"}]}