{"0000":[{"pref":"茨城県","city":"鹿嶋市","town":"以下に掲載がない場合"}],"0021":[{"pref":"茨城県","city":"鹿嶋市","town":"粟生"}],"0002":[{"pref":"茨城県","city":"鹿嶋市","town":"明石"}],"0017":[{"pref":"茨城県","city":"鹿嶋市","town":"旭ケ丘"}],"0015":[{"pref":"茨城県","city":"鹿嶋市","town":"泉川"}],"0036":[{"pref":"茨城県","city":"鹿嶋市","town":"大船津"}],"0004":[{"pref":"茨城県","city":"鹿嶋市","town":"下津"}],"0037":[{"pref":"茨城県","city":"鹿嶋市","town":"神野"}],"0028":[{"pref":"茨城県","city":"鹿嶋市","town":"木滝"}],"0026":[{"pref":"茨城県","city":"鹿嶋市","town":"木滝佐田谷原入会"}],"0031":[{"pref":"茨城県","city":"鹿嶋市","town":"宮中"}],"0016":[{"pref":"茨城県","city":"鹿嶋市","town":"国末"}],"0030":[{"pref":"茨城県","city":"鹿嶋市","town":"厨"}],"0003":[{"pref":"茨城県","city":"鹿嶋市","town":"小宮作"}],"0027":[{"pref":"茨城県","city":"鹿嶋市","town":"佐田"}],"0044":[{"pref":"茨城県","city":"鹿嶋市","town":"猿田"}],"0001":[{"pref":"茨城県","city":"鹿嶋市","town":"清水"}],"0025":[{"pref":"茨城県","city":"鹿嶋市","town":"下塙"}],"0038":[{"pref":"茨城県","city":"鹿嶋市","town":"城山"}],"0007":[{"pref":"茨城県","city":"鹿嶋市","town":"神向寺"}],"0013":[{"pref":"茨城県","city":"鹿嶋市","town":"新浜"}],"0047":[{"pref":"茨城県","city":"鹿嶋市","town":"須賀"}],"0005":[{"pref":"茨城県","city":"鹿嶋市","town":"高天原"}],"0042":[{"pref":"茨城県","city":"鹿嶋市","town":"田野辺"}],"0043":[{"pref":"茨城県","city":"鹿嶋市","town":"田谷"}],"0048":[{"pref":"茨城県","city":"鹿嶋市","town":"田谷沼"}],"0046":[{"pref":"茨城県","city":"鹿嶋市","town":"爪木"}],"0022":[{"pref":"茨城県","city":"鹿嶋市","town":"長栖"}],"0041":[{"pref":"茨城県","city":"鹿嶋市","town":"沼尾"}],"0035":[{"pref":"茨城県","city":"鹿嶋市","town":"根三田"}],"0034":[{"pref":"茨城県","city":"鹿嶋市","town":"鉢形"}],"0033":[{"pref":"茨城県","city":"鹿嶋市","town":"鉢形台"}],"0014":[{"pref":"茨城県","city":"鹿嶋市","town":"光"}],"0012":[{"pref":"茨城県","city":"鹿嶋市","town":"平井"}],"0039":[{"pref":"茨城県","city":"鹿嶋市","town":"緑ヶ丘"}],"0011":[{"pref":"茨城県","city":"鹿嶋市","town":"港ケ丘"}],"0032":[{"pref":"茨城県","city":"鹿嶋市","town":"宮下"}],"0006":[{"pref":"茨城県","city":"鹿嶋市","town":"宮津台"}],"0045":[{"pref":"茨城県","city":"鹿嶋市","town":"山之上"}],"0023":[{"pref":"茨城県","city":"鹿嶋市","town":"谷原"}],"0024":[{"pref":"茨城県","city":"鹿嶋市","town":"鰐川"}],"0100":[{"pref":"茨城県","city":"神栖市","town":"以下に掲載がない場合"}],"0133":[{"pref":"茨城県","city":"神栖市","town":"息栖"}],"0052":[{"pref":"茨城県","city":"神栖市","town":"居切（１９０１、１９０９－１６、１９０９－２０）"}],"0141":[{"pref":"茨城県","city":"神栖市","town":"居切（その他）"}],"0124":[{"pref":"茨城県","city":"神栖市","town":"石神"}],"0254":[{"pref":"茨城県","city":"神栖市","town":"太田"}],"0257":[{"pref":"茨城県","city":"神栖市","town":"太田新町"}],"0144":[{"pref":"茨城県","city":"神栖市","town":"大野原"}],"0128":[{"pref":"茨城県","city":"神栖市","town":"大野原中央"}],"0116":[{"pref":"茨城県","city":"神栖市","town":"奥野谷"}],"0134":[{"pref":"茨城県","city":"神栖市","town":"賀"}],"0143":[{"pref":"茨城県","city":"神栖市","town":"神栖"}],"0127":[{"pref":"茨城県","city":"神栖市","town":"木崎"}],"0101":[{"pref":"茨城県","city":"神栖市","town":"北浜"}],"0115":[{"pref":"茨城県","city":"神栖市","town":"知手"}],"0112":[{"pref":"茨城県","city":"神栖市","town":"知手中央"}],"0123":[{"pref":"茨城県","city":"神栖市","town":"芝崎"}],"0131":[{"pref":"茨城県","city":"神栖市","town":"下幡木"}],"0253":[{"pref":"茨城県","city":"神栖市","town":"須田"}],"0255":[{"pref":"茨城県","city":"神栖市","town":"砂山"}],"0125":[{"pref":"茨城県","city":"神栖市","town":"高浜"}],"0126":[{"pref":"茨城県","city":"神栖市","town":"田畑"}],"0132":[{"pref":"茨城県","city":"神栖市","town":"筒井"}],"0342":[{"pref":"茨城県","city":"神栖市","town":"土合北"}],"0347":[{"pref":"茨城県","city":"神栖市","town":"土合中央"}],"0346":[{"pref":"茨城県","city":"神栖市","town":"土合西"}],"0344":[{"pref":"茨城県","city":"神栖市","town":"土合東"}],"0343":[{"pref":"茨城県","city":"神栖市","town":"土合本町"}],"0345":[{"pref":"茨城県","city":"神栖市","town":"土合南"}],"0102":[{"pref":"茨城県","city":"神栖市","town":"東和田"}],"0114":[{"pref":"茨城県","city":"神栖市","town":"日川"}],"0122":[{"pref":"茨城県","city":"神栖市","town":"萩原"}],"0408":[{"pref":"茨城県","city":"神栖市","town":"波崎"}],"0407":[{"pref":"茨城県","city":"神栖市","town":"波崎新港"}],"0103":[{"pref":"茨城県","city":"神栖市","town":"東深芝"}],"0051":[{"pref":"茨城県","city":"神栖市","town":"光"}],"0146":[{"pref":"茨城県","city":"神栖市","town":"平泉"}],"0145":[{"pref":"茨城県","city":"神栖市","town":"平泉外１２入会"},{"pref":"茨城県","city":"神栖市","town":"平泉東"}],"0148":[{"pref":"茨城県","city":"神栖市","town":"深芝"}],"0142":[{"pref":"茨城県","city":"神栖市","town":"深芝南"}],"0135":[{"pref":"茨城県","city":"神栖市","town":"堀割"}],"0121":[{"pref":"茨城県","city":"神栖市","town":"溝口"}],"0111":[{"pref":"茨城県","city":"神栖市","town":"南浜"}],"0341":[{"pref":"茨城県","city":"神栖市","town":"矢田部"}],"0252":[{"pref":"茨城県","city":"神栖市","town":"柳川"}],"0258":[{"pref":"茨城県","city":"神栖市","town":"柳川中央"}],"0113":[{"pref":"茨城県","city":"神栖市","town":"横瀬"}],"0256":[{"pref":"茨城県","city":"神栖市","town":"若松中央"}],"0147":[{"pref":"茨城県","city":"神栖市","town":"鰐川"}]}