{"1101":[{"pref":"和歌山県","city":"新宮市","town":"高田"}],"1102":[{"pref":"和歌山県","city":"新宮市","town":"相賀"}],"1103":[{"pref":"和歌山県","city":"新宮市","town":"南檜杖（土ノ河）"}],"1201":[{"pref":"和歌山県","city":"新宮市","town":"熊野川町上長井"}],"1202":[{"pref":"和歌山県","city":"新宮市","town":"熊野川町東"}],"1203":[{"pref":"和歌山県","city":"新宮市","town":"熊野川町大山"}],"1204":[{"pref":"和歌山県","city":"新宮市","town":"熊野川町鎌塚"}],"1205":[{"pref":"和歌山県","city":"新宮市","town":"熊野川町滝本"}],"1206":[{"pref":"和歌山県","city":"新宮市","town":"熊野川町西"}],"1207":[{"pref":"和歌山県","city":"新宮市","town":"熊野川町畝畑"}],"1211":[{"pref":"和歌山県","city":"新宮市","town":"熊野川町日足"}],"1212":[{"pref":"和歌山県","city":"新宮市","town":"熊野川町田長"}],"1213":[{"pref":"和歌山県","city":"新宮市","town":"熊野川町能城山本"}],"1214":[{"pref":"和歌山県","city":"新宮市","town":"熊野川町赤木"}],"1215":[{"pref":"和歌山県","city":"新宮市","town":"熊野川町椋井"}],"1216":[{"pref":"和歌山県","city":"新宮市","town":"熊野川町相須"}],"1221":[{"pref":"和歌山県","city":"新宮市","town":"熊野川町西敷屋"}],"1222":[{"pref":"和歌山県","city":"新宮市","town":"熊野川町東敷屋"}],"1223":[{"pref":"和歌山県","city":"新宮市","town":"熊野川町篠尾"}],"1231":[{"pref":"和歌山県","city":"新宮市","town":"熊野川町玉置口"}],"1232":[{"pref":"和歌山県","city":"新宮市","town":"熊野川町嶋津"}],"1233":[{"pref":"和歌山県","city":"新宮市","town":"熊野川町九重"}],"1234":[{"pref":"和歌山県","city":"新宮市","town":"熊野川町四滝"}],"1235":[{"pref":"和歌山県","city":"新宮市","town":"熊野川町宮井"}],"1271":[{"pref":"奈良県","city":"吉野郡十津川村","town":"竹筒"}],"1321":[{"pref":"三重県","city":"熊野市","town":"紀和町花井"}],"1322":[{"pref":"三重県","city":"熊野市","town":"紀和町小船"}],"1323":[{"pref":"三重県","city":"熊野市","town":"紀和町楊枝川"}],"1324":[{"pref":"三重県","city":"熊野市","town":"紀和町和気"}],"1325":[{"pref":"三重県","city":"熊野市","town":"紀和町楊枝"}],"1581":[{"pref":"奈良県","city":"吉野郡十津川村","town":"神下"}],"1582":[{"pref":"奈良県","city":"吉野郡十津川村","town":"玉置川"}],"1583":[{"pref":"奈良県","city":"吉野郡十津川村","town":"東中"}],"1584":[{"pref":"奈良県","city":"吉野郡十津川村","town":"上葛川"}],"1600":[{"pref":"和歌山県","city":"東牟婁郡北山村","town":"以下に掲載がない場合"}],"1601":[{"pref":"和歌山県","city":"東牟婁郡北山村","town":"七色"}],"1602":[{"pref":"和歌山県","city":"東牟婁郡北山村","town":"竹原"}],"1603":[{"pref":"和歌山県","city":"東牟婁郡北山村","town":"大沼"}],"1604":[{"pref":"和歌山県","city":"東牟婁郡北山村","town":"下尾井"}],"1605":[{"pref":"和歌山県","city":"東牟婁郡北山村","town":"小松"}],"1701":[{"pref":"和歌山県","city":"田辺市","town":"本宮町小津荷"}],"1702":[{"pref":"和歌山県","city":"田辺市","town":"本宮町大津荷"}],"1703":[{"pref":"和歌山県","city":"田辺市","town":"本宮町請川"}],"1704":[{"pref":"和歌山県","city":"田辺市","town":"本宮町耳打"}],"1705":[{"pref":"和歌山県","city":"田辺市","town":"本宮町高山"}],"1711":[{"pref":"和歌山県","city":"田辺市","town":"本宮町皆瀬川"}],"1712":[{"pref":"和歌山県","city":"田辺市","town":"本宮町田代"}],"1713":[{"pref":"和歌山県","city":"田辺市","town":"本宮町簑尾谷"}],"1714":[{"pref":"和歌山県","city":"田辺市","town":"本宮町静川"}],"1715":[{"pref":"和歌山県","city":"田辺市","town":"本宮町東和田"}],"1716":[{"pref":"和歌山県","city":"田辺市","town":"本宮町上大野"}],"1717":[{"pref":"和歌山県","city":"田辺市","town":"本宮町川湯"}],"1721":[{"pref":"和歌山県","city":"田辺市","town":"本宮町檜葉"}],"1722":[{"pref":"和歌山県","city":"田辺市","town":"本宮町小々森"}],"1723":[{"pref":"和歌山県","city":"田辺市","town":"本宮町皆地"}],"1724":[{"pref":"和歌山県","city":"田辺市","town":"本宮町野竹"}],"1725":[{"pref":"和歌山県","city":"田辺市","town":"本宮町大瀬"}],"1726":[{"pref":"和歌山県","city":"田辺市","town":"本宮町武住"}],"1731":[{"pref":"和歌山県","city":"田辺市","town":"本宮町本宮"}],"1732":[{"pref":"和歌山県","city":"田辺市","town":"本宮町湯峯"}],"1733":[{"pref":"和歌山県","city":"田辺市","town":"本宮町渡瀬"}],"1734":[{"pref":"和歌山県","city":"田辺市","town":"本宮町下湯川"}],"1735":[{"pref":"和歌山県","city":"田辺市","town":"本宮町曲川"}],"1736":[{"pref":"和歌山県","city":"田辺市","town":"本宮町久保野"}],"1741":[{"pref":"和歌山県","city":"田辺市","town":"本宮町大居"}],"1742":[{"pref":"和歌山県","city":"田辺市","town":"本宮町一本松"}],"1743":[{"pref":"和歌山県","city":"田辺市","town":"本宮町伏拝"}],"1744":[{"pref":"和歌山県","city":"田辺市","town":"本宮町三越"}],"1751":[{"pref":"和歌山県","city":"田辺市","town":"本宮町上切原"}],"1752":[{"pref":"和歌山県","city":"田辺市","town":"本宮町切畑"}],"1753":[{"pref":"和歌山県","city":"田辺市","town":"本宮町土河屋"}],"0000":[{"pref":"和歌山県","city":"新宮市","town":"以下に掲載がない場合"}],"0001":[{"pref":"和歌山県","city":"新宮市","town":"相筋"}],"0025":[{"pref":"和歌山県","city":"新宮市","town":"あけぼの"}],"0022":[{"pref":"和歌山県","city":"新宮市","town":"阿須賀"}],"0021":[{"pref":"和歌山県","city":"新宮市","town":"池田"}],"0012":[{"pref":"和歌山県","city":"新宮市","town":"伊佐田町"}],"0045":[{"pref":"和歌山県","city":"新宮市","town":"井の沢"}],"0051":[{"pref":"和歌山県","city":"新宮市","town":"磐盾"}],"0014":[{"pref":"和歌山県","city":"新宮市","town":"浮島"}],"0008":[{"pref":"和歌山県","city":"新宮市","town":"馬町"}],"0032":[{"pref":"和歌山県","city":"新宮市","town":"王子町"}],"0004":[{"pref":"和歌山県","city":"新宮市","town":"大橋通"}],"0013":[{"pref":"和歌山県","city":"新宮市","town":"春日"}],"0044":[{"pref":"和歌山県","city":"新宮市","town":"神倉"}],"0003":[{"pref":"和歌山県","city":"新宮市","town":"上本町"}],"0073":[{"pref":"和歌山県","city":"新宮市","town":"木ノ川"}],"0024":[{"pref":"和歌山県","city":"新宮市","town":"熊野地"}],"0053":[{"pref":"和歌山県","city":"新宮市","town":"五新"}],"0071":[{"pref":"和歌山県","city":"新宮市","town":"佐野"}],"0033":[{"pref":"和歌山県","city":"新宮市","town":"清水元"}],"0042":[{"pref":"和歌山県","city":"新宮市","town":"下田"}],"0011":[{"pref":"和歌山県","city":"新宮市","town":"下本町"}],"0020":[{"pref":"和歌山県","city":"新宮市","town":"徐福"}],"0081":[{"pref":"和歌山県","city":"新宮市","town":"新宮"}],"0019":[{"pref":"和歌山県","city":"新宮市","town":"新町"}],"0031":[{"pref":"和歌山県","city":"新宮市","town":"田鶴原町"}],"0016":[{"pref":"和歌山県","city":"新宮市","town":"谷王子町"}],"0010":[{"pref":"和歌山県","city":"新宮市","town":"丹鶴"}],"0015":[{"pref":"和歌山県","city":"新宮市","town":"千穂"}],"0018":[{"pref":"和歌山県","city":"新宮市","town":"仲之町"}],"0041":[{"pref":"和歌山県","city":"新宮市","town":"野田"}],"0052":[{"pref":"和歌山県","city":"新宮市","town":"橋本"}],"0072":[{"pref":"和歌山県","city":"新宮市","town":"蜂伏"}],"0002":[{"pref":"和歌山県","city":"新宮市","town":"船町"}],"0007":[{"pref":"和歌山県","city":"新宮市","town":"別当屋敷町"}],"0023":[{"pref":"和歌山県","city":"新宮市","town":"蓬莱"}],"0034":[{"pref":"和歌山県","city":"新宮市","town":"丸山"}],"0043":[{"pref":"和歌山県","city":"新宮市","town":"緑ケ丘"}],"0054":[{"pref":"和歌山県","city":"新宮市","town":"南檜杖"}],"0061":[{"pref":"和歌山県","city":"新宮市","town":"三輪崎"}],"0005":[{"pref":"和歌山県","city":"新宮市","town":"元鍛治町"}],"0006":[{"pref":"和歌山県","city":"新宮市","town":"薬師町"}],"0017":[{"pref":"和歌山県","city":"新宮市","town":"横町"}]}