{"0000":[{"pref":"東京都","city":"練馬区","town":"以下に掲載がない場合"}],"0005":[{"pref":"東京都","city":"練馬区","town":"旭丘"}],"0022":[{"pref":"東京都","city":"練馬区","town":"向山"}],"0004":[{"pref":"東京都","city":"練馬区","town":"小竹町"}],"0006":[{"pref":"東京都","city":"練馬区","town":"栄町"}],"0002":[{"pref":"東京都","city":"練馬区","town":"桜台"}],"0011":[{"pref":"東京都","city":"練馬区","town":"豊玉上"}],"0013":[{"pref":"東京都","city":"練馬区","town":"豊玉中"}],"0014":[{"pref":"東京都","city":"練馬区","town":"豊玉南"}],"0012":[{"pref":"東京都","city":"練馬区","town":"豊玉北"}],"0024":[{"pref":"東京都","city":"練馬区","town":"中村"}],"0025":[{"pref":"東京都","city":"練馬区","town":"中村南"}],"0023":[{"pref":"東京都","city":"練馬区","town":"中村北"}],"0021":[{"pref":"東京都","city":"練馬区","town":"貫井"}],"0001":[{"pref":"東京都","city":"練馬区","town":"練馬"}],"0003":[{"pref":"東京都","city":"練馬区","town":"羽沢"}]}