{"0000":[{"pref":"千葉県","city":"茂原市","town":"以下に掲載がない場合"}],"0066":[{"pref":"千葉県","city":"茂原市","town":"芦網"}],"0058":[{"pref":"千葉県","city":"茂原市","town":"石神"}],"0062":[{"pref":"千葉県","city":"茂原市","town":"内長谷"}],"0033":[{"pref":"千葉県","city":"茂原市","town":"大芝"}],"0072":[{"pref":"千葉県","city":"茂原市","town":"大登"}],"0075":[{"pref":"千葉県","city":"茂原市","town":"押日"}],"0036":[{"pref":"千葉県","city":"茂原市","town":"上永吉"}],"0052":[{"pref":"千葉県","city":"茂原市","town":"上茂原"}],"0014":[{"pref":"千葉県","city":"茂原市","town":"川島飛地"}],"0019":[{"pref":"千葉県","city":"茂原市","town":"上林"}],"0016":[{"pref":"千葉県","city":"茂原市","town":"木崎"}],"0003":[{"pref":"千葉県","city":"茂原市","town":"北高根飛地"}],"0009":[{"pref":"千葉県","city":"茂原市","town":"北塚"}],"0071":[{"pref":"千葉県","city":"茂原市","town":"黒戸"}],"0067":[{"pref":"千葉県","city":"茂原市","town":"国府関"}],"0004":[{"pref":"千葉県","city":"茂原市","town":"小轡"}],"0007":[{"pref":"千葉県","city":"茂原市","town":"腰当"}],"0074":[{"pref":"千葉県","city":"茂原市","town":"小林"}],"0041":[{"pref":"千葉県","city":"茂原市","town":"猿袋"}],"0042":[{"pref":"千葉県","city":"茂原市","town":"三ケ谷"}],"0008":[{"pref":"千葉県","city":"茂原市","town":"渋谷"}],"0035":[{"pref":"千葉県","city":"茂原市","town":"下永吉"}],"0076":[{"pref":"千葉県","city":"茂原市","town":"庄吉"}],"0006":[{"pref":"千葉県","city":"茂原市","town":"新小轡"}],"0053":[{"pref":"千葉県","city":"茂原市","town":"墨田"}],"0002":[{"pref":"千葉県","city":"茂原市","town":"千町"}],"0044":[{"pref":"千葉県","city":"茂原市","town":"台田"}],"0029":[{"pref":"千葉県","city":"茂原市","town":"高師"}],"0078":[{"pref":"千葉県","city":"茂原市","town":"高師台"}],"0021":[{"pref":"千葉県","city":"茂原市","town":"高師町"}],"0043":[{"pref":"千葉県","city":"茂原市","town":"立木"}],"0057":[{"pref":"千葉県","city":"茂原市","town":"中善寺"}],"0027":[{"pref":"千葉県","city":"茂原市","town":"中部"}],"0023":[{"pref":"千葉県","city":"茂原市","town":"千代田町"}],"0055":[{"pref":"千葉県","city":"茂原市","town":"綱島"}],"0017":[{"pref":"千葉県","city":"茂原市","town":"東郷"}],"0028":[{"pref":"千葉県","city":"茂原市","town":"道表"}],"0015":[{"pref":"千葉県","city":"茂原市","town":"東部台"}],"0013":[{"pref":"千葉県","city":"茂原市","town":"中之郷飛地"}],"0034":[{"pref":"千葉県","city":"茂原市","town":"中の島町"}],"0073":[{"pref":"千葉県","city":"茂原市","town":"長尾"}],"0038":[{"pref":"千葉県","city":"茂原市","town":"長清水"}],"0063":[{"pref":"千葉県","city":"茂原市","town":"長谷"}],"0001":[{"pref":"千葉県","city":"茂原市","town":"七渡"}],"0018":[{"pref":"千葉県","city":"茂原市","town":"萩原町"}],"0037":[{"pref":"千葉県","city":"茂原市","town":"早野"}],"0031":[{"pref":"千葉県","city":"茂原市","town":"早野新田"}],"0032":[{"pref":"千葉県","city":"茂原市","town":"東茂原"}],"0005":[{"pref":"千葉県","city":"茂原市","town":"本小轡"}],"0022":[{"pref":"千葉県","city":"茂原市","town":"町保"}],"0077":[{"pref":"千葉県","city":"茂原市","town":"真名"}],"0065":[{"pref":"千葉県","city":"茂原市","town":"緑ケ丘"}],"0025":[{"pref":"千葉県","city":"茂原市","town":"緑町"}],"0064":[{"pref":"千葉県","city":"茂原市","town":"箕輪"}],"0012":[{"pref":"千葉県","city":"茂原市","town":"六ツ野"}],"0026":[{"pref":"千葉県","city":"茂原市","town":"茂原"}],"0039":[{"pref":"千葉県","city":"茂原市","town":"茂原西"}],"0045":[{"pref":"千葉県","city":"茂原市","town":"野牛"}],"0024":[{"pref":"千葉県","city":"茂原市","town":"八千代"}],"0061":[{"pref":"千葉県","city":"茂原市","town":"山崎"}],"0011":[{"pref":"千葉県","city":"茂原市","town":"谷本"}],"0054":[{"pref":"千葉県","city":"茂原市","town":"八幡原"}],"0056":[{"pref":"千葉県","city":"茂原市","town":"六田台"}],"0051":[{"pref":"千葉県","city":"茂原市","town":"鷲巣"}],"0200":[{"pref":"千葉県","city":"長生郡長柄町","town":"以下に掲載がない場合"}],"0201":[{"pref":"千葉県","city":"長生郡長柄町","town":"上野"}],"0211":[{"pref":"千葉県","city":"長生郡長柄町","town":"榎本"}],"0223":[{"pref":"千葉県","city":"長生郡長柄町","town":"大津倉"}],"0222":[{"pref":"千葉県","city":"長生郡長柄町","town":"大庭"}],"0225":[{"pref":"千葉県","city":"長生郡長柄町","town":"刑部"}],"0226":[{"pref":"千葉県","city":"長生郡長柄町","town":"金谷"}],"0203":[{"pref":"千葉県","city":"長生郡長柄町","town":"国府里"}],"0212":[{"pref":"千葉県","city":"長生郡長柄町","town":"小榎本"}],"0218":[{"pref":"千葉県","city":"長生郡長柄町","town":"桜谷"}],"0235":[{"pref":"千葉県","city":"長生郡長柄町","town":"皿木"}],"0221":[{"pref":"千葉県","city":"長生郡長柄町","town":"高山"}],"0224":[{"pref":"千葉県","city":"長生郡長柄町","town":"田代"}],"0216":[{"pref":"千葉県","city":"長生郡長柄町","town":"立鳥"}],"0205":[{"pref":"千葉県","city":"長生郡長柄町","town":"千代丸"}],"0215":[{"pref":"千葉県","city":"長生郡長柄町","town":"鴇谷"}],"0213":[{"pref":"千葉県","city":"長生郡長柄町","town":"徳増"}],"0232":[{"pref":"千葉県","city":"長生郡長柄町","town":"中野台"}],"0214":[{"pref":"千葉県","city":"長生郡長柄町","town":"長富"}],"0234":[{"pref":"千葉県","city":"長生郡長柄町","town":"長柄山"}],"0217":[{"pref":"千葉県","city":"長生郡長柄町","town":"針ケ谷"}],"0207":[{"pref":"千葉県","city":"長生郡長柄町","town":"船木"}],"0202":[{"pref":"千葉県","city":"長生郡長柄町","town":"味庄"}],"0231":[{"pref":"千葉県","city":"長生郡長柄町","town":"山之郷"}],"0206":[{"pref":"千葉県","city":"長生郡長柄町","town":"山根"}],"0204":[{"pref":"千葉県","city":"長生郡長柄町","town":"力丸"}],"0233":[{"pref":"千葉県","city":"長生郡長柄町","town":"六地蔵"}],"0100":[{"pref":"千葉県","city":"長生郡長南町","town":"以下に掲載がない場合"}],"0144":[{"pref":"千葉県","city":"長生郡長南町","town":"市野々"}],"0103":[{"pref":"千葉県","city":"長生郡長南町","town":"今泉"}],"0101":[{"pref":"千葉県","city":"長生郡長南町","town":"岩川"}],"0154":[{"pref":"千葉県","city":"長生郡長南町","town":"岩撫"}],"0142":[{"pref":"千葉県","city":"長生郡長南町","town":"小沢"}],"0136":[{"pref":"千葉県","city":"長生郡長南町","town":"小生田"}],"0125":[{"pref":"千葉県","city":"長生郡長南町","town":"笠森"}],"0137":[{"pref":"千葉県","city":"長生郡長南町","town":"上小野田"}],"0132":[{"pref":"千葉県","city":"長生郡長南町","town":"給田"}],"0123":[{"pref":"千葉県","city":"長生郡長南町","town":"蔵持"}],"0122":[{"pref":"千葉県","city":"長生郡長南町","town":"坂本"}],"0145":[{"pref":"千葉県","city":"長生郡長南町","town":"佐坪"}],"0134":[{"pref":"千葉県","city":"長生郡長南町","town":"芝原"}],"0135":[{"pref":"千葉県","city":"長生郡長南町","town":"地引"}],"0138":[{"pref":"千葉県","city":"長生郡長南町","town":"下小野田"}],"0111":[{"pref":"千葉県","city":"長生郡長南町","town":"須田"}],"0113":[{"pref":"千葉県","city":"長生郡長南町","town":"関原"}],"0114":[{"pref":"千葉県","city":"長生郡長南町","town":"千手堂"}],"0115":[{"pref":"千葉県","city":"長生郡長南町","town":"千田"}],"0155":[{"pref":"千葉県","city":"長生郡長南町","town":"竹林"}],"0105":[{"pref":"千葉県","city":"長生郡長南町","town":"棚毛"}],"0121":[{"pref":"千葉県","city":"長生郡長南町","town":"長南"}],"0133":[{"pref":"千葉県","city":"長生郡長南町","town":"豊原"}],"0131":[{"pref":"千葉県","city":"長生郡長南町","town":"中原"}],"0124":[{"pref":"千葉県","city":"長生郡長南町","town":"深沢"}],"0141":[{"pref":"千葉県","city":"長生郡長南町","town":"報恩寺"}],"0104":[{"pref":"千葉県","city":"長生郡長南町","town":"又富"}],"0152":[{"pref":"千葉県","city":"長生郡長南町","town":"水沼"}],"0143":[{"pref":"千葉県","city":"長生郡長南町","town":"美原台"}],"0151":[{"pref":"千葉県","city":"長生郡長南町","town":"茗荷沢"}],"0102":[{"pref":"千葉県","city":"長生郡長南町","town":"本台"}],"0153":[{"pref":"千葉県","city":"長生郡長南町","town":"山内"}],"0112":[{"pref":"千葉県","city":"長生郡長南町","town":"米満"}]}