{"0000":[{"pref":"福岡県","city":"大牟田市","town":"以下に掲載がない場合"}],"0897":[{"pref":"福岡県","city":"大牟田市","town":"青葉町"}],"0852":[{"pref":"福岡県","city":"大牟田市","town":"曙町"}],"0807":[{"pref":"福岡県","city":"大牟田市","town":"旭町"}],"0817":[{"pref":"福岡県","city":"大牟田市","town":"浅牟田町"}],"0087":[{"pref":"福岡県","city":"大牟田市","town":"飯田町"}],"0831":[{"pref":"福岡県","city":"大牟田市","town":"泉町"}],"0854":[{"pref":"福岡県","city":"大牟田市","town":"出雲町"}],"0893":[{"pref":"福岡県","city":"大牟田市","town":"櫟野"}],"0863":[{"pref":"福岡県","city":"大牟田市","town":"一浦町"}],"0085":[{"pref":"福岡県","city":"大牟田市","town":"一部町"}],"0834":[{"pref":"福岡県","city":"大牟田市","town":"一本町"}],"0063":[{"pref":"福岡県","city":"大牟田市","town":"入船町"}],"0846":[{"pref":"福岡県","city":"大牟田市","town":"右京町"}],"0882":[{"pref":"福岡県","city":"大牟田市","town":"臼井新町"}],"0094":[{"pref":"福岡県","city":"大牟田市","town":"臼井町"}],"0014":[{"pref":"福岡県","city":"大牟田市","town":"恵比須町"}],"0877":[{"pref":"福岡県","city":"大牟田市","town":"延命寺町"}],"0824":[{"pref":"福岡県","city":"大牟田市","town":"大浦町"}],"0036":[{"pref":"福岡県","city":"大牟田市","town":"小川町"}],"0091":[{"pref":"福岡県","city":"大牟田市","town":"沖田町"}],"0801":[{"pref":"福岡県","city":"大牟田市","town":"柿園町"}],"0082":[{"pref":"福岡県","city":"大牟田市","town":"片平町"}],"0886":[{"pref":"福岡県","city":"大牟田市","town":"勝立"}],"0071":[{"pref":"福岡県","city":"大牟田市","town":"加納町"}],"0853":[{"pref":"福岡県","city":"大牟田市","town":"上町"}],"0072":[{"pref":"福岡県","city":"大牟田市","town":"上屋敷町"}],"0823":[{"pref":"福岡県","city":"大牟田市","town":"亀谷町"}],"0812":[{"pref":"福岡県","city":"大牟田市","town":"亀甲町"}],"0815":[{"pref":"福岡県","city":"大牟田市","town":"瓦町"}],"0093":[{"pref":"福岡県","city":"大牟田市","town":"神田町"}],"0016":[{"pref":"福岡県","city":"大牟田市","town":"北磯町"}],"0894":[{"pref":"福岡県","city":"大牟田市","town":"教楽来"}],"0045":[{"pref":"福岡県","city":"大牟田市","town":"久保田町"}],"0011":[{"pref":"福岡県","city":"大牟田市","town":"健老町"}],"0891":[{"pref":"福岡県","city":"大牟田市","town":"合成町"}],"0872":[{"pref":"福岡県","city":"大牟田市","town":"黄金町"}],"0034":[{"pref":"福岡県","city":"大牟田市","town":"小浜町"}],"0042":[{"pref":"福岡県","city":"大牟田市","town":"栄町"}],"0092":[{"pref":"福岡県","city":"大牟田市","town":"桜町"}],"0836":[{"pref":"福岡県","city":"大牟田市","town":"左古町"}],"0884":[{"pref":"福岡県","city":"大牟田市","town":"笹原町"}],"0851":[{"pref":"福岡県","city":"大牟田市","town":"笹林町"}],"0825":[{"pref":"福岡県","city":"大牟田市","town":"三坑町"}],"0057":[{"pref":"福岡県","city":"大牟田市","town":"汐屋町"}],"0885":[{"pref":"福岡県","city":"大牟田市","town":"下池町"}],"0866":[{"pref":"福岡県","city":"大牟田市","town":"上官町"}],"0845":[{"pref":"福岡県","city":"大牟田市","town":"正山町"}],"0844":[{"pref":"福岡県","city":"大牟田市","town":"浄真町"}],"0001":[{"pref":"福岡県","city":"大牟田市","town":"昭和開"}],"0871":[{"pref":"福岡県","city":"大牟田市","town":"昭和町"}],"0052":[{"pref":"福岡県","city":"大牟田市","town":"白金町"}],"0843":[{"pref":"福岡県","city":"大牟田市","town":"不知火町"}],"0007":[{"pref":"福岡県","city":"大牟田市","town":"城町"}],"0017":[{"pref":"福岡県","city":"大牟田市","town":"新開町"}],"0895":[{"pref":"福岡県","city":"大牟田市","town":"新勝立町"}],"0061":[{"pref":"福岡県","city":"大牟田市","town":"新港町"}],"0041":[{"pref":"福岡県","city":"大牟田市","town":"新栄町"}],"0032":[{"pref":"福岡県","city":"大牟田市","town":"新地町"}],"0864":[{"pref":"福岡県","city":"大牟田市","town":"真道寺町"}],"0874":[{"pref":"福岡県","city":"大牟田市","town":"末広町"}],"0024":[{"pref":"福岡県","city":"大牟田市","town":"住吉町"}],"0051":[{"pref":"福岡県","city":"大牟田市","town":"諏訪町"}],"0077":[{"pref":"福岡県","city":"大牟田市","town":"早米来町"}],"0006":[{"pref":"福岡県","city":"大牟田市","town":"大黒町"}],"0047":[{"pref":"福岡県","city":"大牟田市","town":"大正町"}],"0064":[{"pref":"福岡県","city":"大牟田市","town":"高砂町"}],"0861":[{"pref":"福岡県","city":"大牟田市","town":"宝坂町"}],"0837":[{"pref":"福岡県","city":"大牟田市","town":"谷町"}],"0081":[{"pref":"福岡県","city":"大牟田市","town":"田端町"}],"0841":[{"pref":"福岡県","city":"大牟田市","town":"築町"}],"0035":[{"pref":"福岡県","city":"大牟田市","town":"千代町"}],"0005":[{"pref":"福岡県","city":"大牟田市","town":"椿黒町"}],"0004":[{"pref":"福岡県","city":"大牟田市","town":"手鎌"}],"0015":[{"pref":"福岡県","city":"大牟田市","town":"天神町"}],"0896":[{"pref":"福岡県","city":"大牟田市","town":"天道町"}],"0054":[{"pref":"福岡県","city":"大牟田市","town":"天領町"}],"0822":[{"pref":"福岡県","city":"大牟田市","town":"稲荷町"}],"0003":[{"pref":"福岡県","city":"大牟田市","town":"唐船"}],"0805":[{"pref":"福岡県","city":"大牟田市","town":"通町"}],"0832":[{"pref":"福岡県","city":"大牟田市","town":"常盤町"}],"0803":[{"pref":"福岡県","city":"大牟田市","town":"鳥塚町"}],"0023":[{"pref":"福岡県","city":"大牟田市","town":"中島町"}],"0025":[{"pref":"福岡県","city":"大牟田市","town":"中友町"}],"0013":[{"pref":"福岡県","city":"大牟田市","town":"中町"}],"0083":[{"pref":"福岡県","city":"大牟田市","town":"長田町"}],"0804":[{"pref":"福岡県","city":"大牟田市","town":"長溝町"}],"0865":[{"pref":"福岡県","city":"大牟田市","town":"七浦町"}],"0066":[{"pref":"福岡県","city":"大牟田市","town":"浪花町"}],"0031":[{"pref":"福岡県","city":"大牟田市","town":"西新町"}],"0027":[{"pref":"福岡県","city":"大牟田市","town":"西浜田町"}],"0062":[{"pref":"福岡県","city":"大牟田市","town":"西港町"}],"0835":[{"pref":"福岡県","city":"大牟田市","town":"西宮浦町"}],"0095":[{"pref":"福岡県","city":"大牟田市","town":"野添町"}],"0096":[{"pref":"福岡県","city":"大牟田市","town":"萩尾町"}],"0043":[{"pref":"福岡県","city":"大牟田市","town":"橋口町"}],"0811":[{"pref":"福岡県","city":"大牟田市","town":"八尻町"}],"0816":[{"pref":"福岡県","city":"大牟田市","town":"八本町"}],"0867":[{"pref":"福岡県","city":"大牟田市","town":"花園町"}],"0084":[{"pref":"福岡県","city":"大牟田市","town":"馬場町"}],"0026":[{"pref":"福岡県","city":"大牟田市","town":"浜田町"}],"0021":[{"pref":"福岡県","city":"大牟田市","town":"浜町"}],"0892":[{"pref":"福岡県","city":"大牟田市","town":"早鐘町"}],"0873":[{"pref":"福岡県","city":"大牟田市","town":"駛馬町"}],"0862":[{"pref":"福岡県","city":"大牟田市","town":"原山町"}],"0821":[{"pref":"福岡県","city":"大牟田市","town":"東泉町"}],"0806":[{"pref":"福岡県","city":"大牟田市","town":"東新町"}],"0097":[{"pref":"福岡県","city":"大牟田市","town":"東萩尾町"}],"0827":[{"pref":"福岡県","city":"大牟田市","town":"東宮浦町"}],"0055":[{"pref":"福岡県","city":"大牟田市","town":"樋口町"}],"0802":[{"pref":"福岡県","city":"大牟田市","town":"日出町"}],"0056":[{"pref":"福岡県","city":"大牟田市","town":"姫島町"}],"0813":[{"pref":"福岡県","city":"大牟田市","town":"平原町"}],"0074":[{"pref":"福岡県","city":"大牟田市","town":"藤田町"}],"0073":[{"pref":"福岡県","city":"大牟田市","town":"船津町"}],"0044":[{"pref":"福岡県","city":"大牟田市","town":"古町"}],"0046":[{"pref":"福岡県","city":"大牟田市","town":"本町"}],"0086":[{"pref":"福岡県","city":"大牟田市","town":"馬込町"}],"0855":[{"pref":"福岡県","city":"大牟田市","town":"松浦町"}],"0033":[{"pref":"福岡県","city":"大牟田市","town":"松原町"}],"0883":[{"pref":"福岡県","city":"大牟田市","town":"馬渡町"}],"0065":[{"pref":"福岡県","city":"大牟田市","town":"三川町"}],"0002":[{"pref":"福岡県","city":"大牟田市","town":"岬"}],"0037":[{"pref":"福岡県","city":"大牟田市","town":"岬町"}],"0076":[{"pref":"福岡県","city":"大牟田市","town":"三里町"}],"0022":[{"pref":"福岡県","city":"大牟田市","town":"港町"}],"0075":[{"pref":"福岡県","city":"大牟田市","town":"南船津町"}],"0856":[{"pref":"福岡県","city":"大牟田市","town":"宮坂町"}],"0875":[{"pref":"福岡県","city":"大牟田市","town":"宮原町"}],"0857":[{"pref":"福岡県","city":"大牟田市","town":"宮山町"}],"0012":[{"pref":"福岡県","city":"大牟田市","town":"明治町"}],"0826":[{"pref":"福岡県","city":"大牟田市","town":"焼石町"}],"0847":[{"pref":"福岡県","city":"大牟田市","town":"八江町"}],"0053":[{"pref":"福岡県","city":"大牟田市","town":"山下町"}],"0833":[{"pref":"福岡県","city":"大牟田市","town":"山上町"}],"0842":[{"pref":"福岡県","city":"大牟田市","town":"有明町"}],"0067":[{"pref":"福岡県","city":"大牟田市","town":"四山町"}],"0881":[{"pref":"福岡県","city":"大牟田市","town":"米生町"}],"0814":[{"pref":"福岡県","city":"大牟田市","town":"龍湖瀬町"}],"0876":[{"pref":"福岡県","city":"大牟田市","town":"若宮町"}]}