{"0000":[{"pref":"千葉県","city":"四街道市","town":"以下に掲載がない場合"}],"0024":[{"pref":"千葉県","city":"四街道市","town":"旭ケ丘"}],"0014":[{"pref":"千葉県","city":"四街道市","town":"池花"}],"0041":[{"pref":"千葉県","city":"四街道市","town":"上野"}],"0013":[{"pref":"千葉県","city":"四街道市","town":"内黒田"}],"0045":[{"pref":"千葉県","city":"四街道市","town":"美しが丘"}],"0042":[{"pref":"千葉県","city":"四街道市","town":"小名木"}],"0011":[{"pref":"千葉県","city":"四街道市","town":"亀崎"}],"0002":[{"pref":"千葉県","city":"四街道市","town":"萱橋"}],"0027":[{"pref":"千葉県","city":"四街道市","town":"栗山"}],"0025":[{"pref":"千葉県","city":"四街道市","town":"さちが丘"}],"0007":[{"pref":"千葉県","city":"四街道市","town":"さつきケ丘"}],"0003":[{"pref":"千葉県","city":"四街道市","town":"鹿渡"}],"0006":[{"pref":"千葉県","city":"四街道市","town":"下志津新田"}],"0001":[{"pref":"千葉県","city":"四街道市","town":"大日"}],"0033":[{"pref":"千葉県","city":"四街道市","town":"鷹の台"}],"0009":[{"pref":"千葉県","city":"四街道市","town":"中央"}],"0015":[{"pref":"千葉県","city":"四街道市","town":"千代田"}],"0026":[{"pref":"千葉県","city":"四街道市","town":"つくし座"}],"0037":[{"pref":"千葉県","city":"四街道市","town":"中台"}],"0036":[{"pref":"千葉県","city":"四街道市","town":"中野"}],"0021":[{"pref":"千葉県","city":"四街道市","town":"長岡"}],"0034":[{"pref":"千葉県","city":"四街道市","town":"南波佐間"}],"0031":[{"pref":"千葉県","city":"四街道市","town":"成山"}],"0023":[{"pref":"千葉県","city":"四街道市","town":"みそら"}],"0004":[{"pref":"千葉県","city":"四街道市","town":"みのり町"}],"0043":[{"pref":"千葉県","city":"四街道市","town":"めいわ"}],"0016":[{"pref":"千葉県","city":"四街道市","town":"もねの里"}],"0012":[{"pref":"千葉県","city":"四街道市","town":"物井"}],"0022":[{"pref":"千葉県","city":"四街道市","town":"山梨"}],"0032":[{"pref":"千葉県","city":"四街道市","town":"吉岡"}],"0005":[{"pref":"千葉県","city":"四街道市","town":"四街道"}],"0008":[{"pref":"千葉県","city":"四街道市","town":"鹿放ケ丘"}],"0035":[{"pref":"千葉県","city":"四街道市","town":"和田"}],"0044":[{"pref":"千葉県","city":"四街道市","town":"和良比"}]}