{"0000":[{"pref":"愛知県","city":"豊田市","town":"以下に掲載がない場合"}],"0052":[{"pref":"愛知県","city":"豊田市","town":"逢妻町"}],"0873":[{"pref":"愛知県","city":"豊田市","town":"秋葉町"}],"0835":[{"pref":"愛知県","city":"豊田市","town":"曙町"}],"0858":[{"pref":"愛知県","city":"豊田市","town":"朝日ケ丘"}],"0031":[{"pref":"愛知県","city":"豊田市","town":"朝日町"}],"0001":[{"pref":"愛知県","city":"豊田市","town":"池田町"}],"0803":[{"pref":"愛知県","city":"豊田市","town":"泉町"}],"0006":[{"pref":"愛知県","city":"豊田市","town":"市木町"}],"0814":[{"pref":"愛知県","city":"豊田市","town":"五ケ丘"}],"0823":[{"pref":"愛知県","city":"豊田市","town":"今町"}],"0003":[{"pref":"愛知県","city":"豊田市","town":"岩滝町"}],"0015":[{"pref":"愛知県","city":"豊田市","town":"上野町"}],"0064":[{"pref":"愛知県","city":"豊田市","town":"梅坪町"}],"0866":[{"pref":"愛知県","city":"豊田市","town":"上挙母"}],"0067":[{"pref":"愛知県","city":"豊田市","town":"栄生町"}],"0058":[{"pref":"愛知県","city":"豊田市","town":"大池町"}],"0815":[{"pref":"愛知県","city":"豊田市","town":"大見町"}],"0857":[{"pref":"愛知県","city":"豊田市","town":"小川町"}],"0072":[{"pref":"愛知県","city":"豊田市","town":"落合町"}],"0855":[{"pref":"愛知県","city":"豊田市","town":"柿本町"}],"0876":[{"pref":"愛知県","city":"豊田市","town":"金谷町"}],"0804":[{"pref":"愛知県","city":"豊田市","town":"神池町"}],"0824":[{"pref":"愛知県","city":"豊田市","town":"河合町"}],"0073":[{"pref":"愛知県","city":"豊田市","town":"川田町"}],"0074":[{"pref":"愛知県","city":"豊田市","town":"川端町"}],"0868":[{"pref":"愛知県","city":"豊田市","town":"神田町"}],"0027":[{"pref":"愛知県","city":"豊田市","town":"喜多町"}],"0005":[{"pref":"愛知県","city":"豊田市","town":"京ケ峰"}],"0063":[{"pref":"愛知県","city":"豊田市","town":"京町"}],"0076":[{"pref":"愛知県","city":"豊田市","town":"久保町"}],"0836":[{"pref":"愛知県","city":"豊田市","town":"鴻ノ巣町"}],"0035":[{"pref":"愛知県","city":"豊田市","town":"小坂町"}],"0034":[{"pref":"愛知県","city":"豊田市","town":"小坂本町"}],"0801":[{"pref":"愛知県","city":"豊田市","town":"古瀬間町"}],"0816":[{"pref":"愛知県","city":"豊田市","town":"琴平町"}],"0834":[{"pref":"愛知県","city":"豊田市","town":"寿町"}],"0856":[{"pref":"愛知県","city":"豊田市","town":"衣ケ原"}],"0023":[{"pref":"愛知県","city":"豊田市","town":"挙母町"}],"0066":[{"pref":"愛知県","city":"豊田市","town":"栄町"}],"0029":[{"pref":"愛知県","city":"豊田市","town":"桜町"}],"0037":[{"pref":"愛知県","city":"豊田市","town":"三軒町"}],"0041":[{"pref":"愛知県","city":"豊田市","town":"汐見町"}],"0802":[{"pref":"愛知県","city":"豊田市","town":"志賀町"}],"0808":[{"pref":"愛知県","city":"豊田市","town":"渋谷町"}],"0843":[{"pref":"愛知県","city":"豊田市","town":"清水町"}],"0875":[{"pref":"愛知県","city":"豊田市","town":"下市場町"}],"0878":[{"pref":"愛知県","city":"豊田市","town":"下林町"}],"0851":[{"pref":"愛知県","city":"豊田市","town":"樹木町"}],"0078":[{"pref":"愛知県","city":"豊田市","town":"昭和町"}],"0022":[{"pref":"愛知県","city":"豊田市","town":"白浜町"}],"0837":[{"pref":"愛知県","city":"豊田市","town":"新生町"}],"0079":[{"pref":"愛知県","city":"豊田市","town":"陣中町"}],"0044":[{"pref":"愛知県","city":"豊田市","town":"新町"}],"0028":[{"pref":"愛知県","city":"豊田市","town":"神明町"}],"0822":[{"pref":"愛知県","city":"豊田市","town":"水源町"}],"0862":[{"pref":"愛知県","city":"豊田市","town":"砂町"}],"0844":[{"pref":"愛知県","city":"豊田市","town":"聖心町"}],"0016":[{"pref":"愛知県","city":"豊田市","town":"千石町"}],"0847":[{"pref":"愛知県","city":"豊田市","town":"千足町"}],"0057":[{"pref":"愛知県","city":"豊田市","town":"太平町"}],"0013":[{"pref":"愛知県","city":"豊田市","town":"高上"}],"0048":[{"pref":"愛知県","city":"豊田市","town":"高崎町"}],"0019":[{"pref":"愛知県","city":"豊田市","town":"高橋町"}],"0069":[{"pref":"愛知県","city":"豊田市","town":"高原町"}],"0077":[{"pref":"愛知県","city":"豊田市","town":"竹生町"}],"0846":[{"pref":"愛知県","city":"豊田市","town":"田代町"}],"0845":[{"pref":"愛知県","city":"豊田市","town":"田中町"}],"0049":[{"pref":"愛知県","city":"豊田市","town":"田町"}],"0879":[{"pref":"愛知県","city":"豊田市","town":"長興寺"}],"0831":[{"pref":"愛知県","city":"豊田市","town":"司町"}],"0033":[{"pref":"愛知県","city":"豊田市","town":"月見町"}],"0842":[{"pref":"愛知県","city":"豊田市","town":"土橋町"}],"0059":[{"pref":"愛知県","city":"豊田市","town":"貞宝町"}],"0017":[{"pref":"愛知県","city":"豊田市","town":"寺部町"}],"0054":[{"pref":"愛知県","city":"豊田市","town":"天王町"}],"0817":[{"pref":"愛知県","city":"豊田市","town":"渡合町"}],"0045":[{"pref":"愛知県","city":"豊田市","town":"東新町"}],"0008":[{"pref":"愛知県","city":"豊田市","town":"百々町"}],"0867":[{"pref":"愛知県","city":"豊田市","town":"常盤町"}],"0869":[{"pref":"愛知県","city":"豊田市","town":"十塚町"}],"0826":[{"pref":"愛知県","city":"豊田市","town":"トヨタ町"}],"0021":[{"pref":"愛知県","city":"豊田市","town":"中島町"}],"0877":[{"pref":"愛知県","city":"豊田市","town":"錦町"}],"0047":[{"pref":"愛知県","city":"豊田市","town":"西新町"}],"0025":[{"pref":"愛知県","city":"豊田市","town":"西町"}],"0062":[{"pref":"愛知県","city":"豊田市","town":"西山町"}],"0032":[{"pref":"愛知県","city":"豊田市","town":"日南町"}],"0812":[{"pref":"愛知県","city":"豊田市","town":"野見町"}],"0813":[{"pref":"愛知県","city":"豊田市","town":"野見山町"}],"0056":[{"pref":"愛知県","city":"豊田市","town":"白山町"}],"0861":[{"pref":"愛知県","city":"豊田市","town":"八幡町"}],"0051":[{"pref":"愛知県","city":"豊田市","town":"花丘町"}],"0071":[{"pref":"愛知県","city":"豊田市","town":"東梅坪町"}],"0014":[{"pref":"愛知県","city":"豊田市","town":"東山町"}],"0055":[{"pref":"愛知県","city":"豊田市","town":"久岡町"}],"0075":[{"pref":"愛知県","city":"豊田市","town":"日之出町"}],"0011":[{"pref":"愛知県","city":"豊田市","town":"平井町"}],"0065":[{"pref":"愛知県","city":"豊田市","town":"平芝町"}],"0827":[{"pref":"愛知県","city":"豊田市","town":"平山町"}],"0807":[{"pref":"愛知県","city":"豊田市","town":"広川町"}],"0036":[{"pref":"愛知県","city":"豊田市","town":"広久手町"}],"0864":[{"pref":"愛知県","city":"豊田市","town":"広路町"}],"0841":[{"pref":"愛知県","city":"豊田市","town":"深田町"}],"0009":[{"pref":"愛知県","city":"豊田市","town":"扶桑町"}],"0004":[{"pref":"愛知県","city":"豊田市","town":"双美町"}],"0821":[{"pref":"愛知県","city":"豊田市","town":"平和町"}],"0809":[{"pref":"愛知県","city":"豊田市","town":"宝来町"}],"0853":[{"pref":"愛知県","city":"豊田市","town":"細谷町"}],"0046":[{"pref":"愛知県","city":"豊田市","town":"本新町"}],"0848":[{"pref":"愛知県","city":"豊田市","town":"本地町"}],"0874":[{"pref":"愛知県","city":"豊田市","town":"前田町"}],"0828":[{"pref":"愛知県","city":"豊田市","town":"前山町"}],"0865":[{"pref":"愛知県","city":"豊田市","town":"松ケ枝町"}],"0053":[{"pref":"愛知県","city":"豊田市","town":"丸根町"}],"0832":[{"pref":"愛知県","city":"豊田市","town":"丸山町"}],"0805":[{"pref":"愛知県","city":"豊田市","town":"美里"}],"0863":[{"pref":"愛知県","city":"豊田市","town":"瑞穂町"}],"0012":[{"pref":"愛知県","city":"豊田市","town":"水間町"}],"0811":[{"pref":"愛知県","city":"豊田市","town":"御立町"}],"0838":[{"pref":"愛知県","city":"豊田市","town":"緑ケ丘"}],"0038":[{"pref":"愛知県","city":"豊田市","town":"宮上町"}],"0042":[{"pref":"愛知県","city":"豊田市","town":"宮口町"}],"0819":[{"pref":"愛知県","city":"豊田市","town":"宮前町"}],"0043":[{"pref":"愛知県","city":"豊田市","town":"宮町"}],"0849":[{"pref":"愛知県","city":"豊田市","town":"美山町"}],"0852":[{"pref":"愛知県","city":"豊田市","town":"御幸町"}],"0007":[{"pref":"愛知県","city":"豊田市","town":"美和町"}],"0818":[{"pref":"愛知県","city":"豊田市","town":"室町"}],"0825":[{"pref":"愛知県","city":"豊田市","town":"明和町"}],"0024":[{"pref":"愛知県","city":"豊田市","town":"元城町"}],"0854":[{"pref":"愛知県","city":"豊田市","town":"元町"}],"0871":[{"pref":"愛知県","city":"豊田市","town":"元宮町"}],"0806":[{"pref":"愛知県","city":"豊田市","town":"森町"}],"0018":[{"pref":"愛知県","city":"豊田市","town":"社町"}],"0002":[{"pref":"愛知県","city":"豊田市","town":"矢並町"}],"0833":[{"pref":"愛知県","city":"豊田市","town":"山之手"}],"0068":[{"pref":"愛知県","city":"豊田市","town":"横山町"}],"0872":[{"pref":"愛知県","city":"豊田市","town":"竜宮町"}],"0061":[{"pref":"愛知県","city":"豊田市","town":"若草町"}],"0026":[{"pref":"愛知県","city":"豊田市","town":"若宮町"}]}