{"1101":[{"pref":"福井県","city":"鯖江市","town":"大正寺町"}],"1102":[{"pref":"福井県","city":"鯖江市","town":"大野町"}],"1103":[{"pref":"福井県","city":"鯖江市","town":"別所町"}],"1104":[{"pref":"福井県","city":"鯖江市","town":"乙坂今北町"}],"1105":[{"pref":"福井県","city":"鯖江市","town":"吉谷町"}],"1106":[{"pref":"福井県","city":"鯖江市","town":"四方谷町"}],"1107":[{"pref":"福井県","city":"鯖江市","town":"南井町"}],"1111":[{"pref":"福井県","city":"鯖江市","town":"上戸口町"}],"1112":[{"pref":"福井県","city":"鯖江市","town":"中戸口町"}],"1113":[{"pref":"福井県","city":"鯖江市","town":"戸口町"}],"1114":[{"pref":"福井県","city":"鯖江市","town":"磯部町"}],"1115":[{"pref":"福井県","city":"鯖江市","town":"落井町"}],"1116":[{"pref":"福井県","city":"鯖江市","town":"川島町"}],"1118":[{"pref":"福井県","city":"鯖江市","town":"松成町"}],"1133":[{"pref":"福井県","city":"鯖江市","town":"中野松成"}],"1221":[{"pref":"福井県","city":"鯖江市","town":"西袋町"}],"1222":[{"pref":"福井県","city":"鯖江市","town":"河和田町"}],"1223":[{"pref":"福井県","city":"鯖江市","town":"片山町"}],"1224":[{"pref":"福井県","city":"鯖江市","town":"莇生田町"}],"1225":[{"pref":"福井県","city":"鯖江市","town":"別司町"}],"1231":[{"pref":"福井県","city":"鯖江市","town":"金谷町"}],"1232":[{"pref":"福井県","city":"鯖江市","town":"寺中町"}],"1233":[{"pref":"福井県","city":"鯖江市","town":"尾花町"}],"1234":[{"pref":"福井県","city":"鯖江市","town":"沢町"}],"1235":[{"pref":"福井県","city":"鯖江市","town":"上河内町"}],"1236":[{"pref":"福井県","city":"鯖江市","town":"東清水町"}],"1237":[{"pref":"福井県","city":"鯖江市","town":"北中町"}],"0000":[{"pref":"福井県","city":"鯖江市","town":"以下に掲載がない場合"}],"0025":[{"pref":"福井県","city":"鯖江市","town":"旭町"}],"0057":[{"pref":"福井県","city":"鯖江市","town":"有定町"}],"0083":[{"pref":"福井県","city":"鯖江市","town":"石田上町"}],"0082":[{"pref":"福井県","city":"鯖江市","town":"石田中町"}],"0081":[{"pref":"福井県","city":"鯖江市","town":"石田下町"}],"0076":[{"pref":"福井県","city":"鯖江市","town":"石生谷町"}],"0008":[{"pref":"福井県","city":"鯖江市","town":"入町"}],"0075":[{"pref":"福井県","city":"鯖江市","town":"漆原町"}],"0085":[{"pref":"福井県","city":"鯖江市","town":"大倉町"}],"0066":[{"pref":"福井県","city":"鯖江市","town":"上氏家町"}],"0037":[{"pref":"福井県","city":"鯖江市","town":"上河端町"}],"0055":[{"pref":"福井県","city":"鯖江市","town":"上鯖江"},{"pref":"福井県","city":"鯖江市","town":"上鯖江町"}],"0016":[{"pref":"福井県","city":"鯖江市","town":"神中町"}],"0074":[{"pref":"福井県","city":"鯖江市","town":"上野田町"}],"0088":[{"pref":"福井県","city":"鯖江市","town":"川去町"}],"0029":[{"pref":"福井県","city":"鯖江市","town":"北野町"}],"0062":[{"pref":"福井県","city":"鯖江市","town":"熊田町"}],"0064":[{"pref":"福井県","city":"鯖江市","town":"下司町"}],"0084":[{"pref":"福井県","city":"鯖江市","town":"小泉町"}],"0028":[{"pref":"福井県","city":"鯖江市","town":"小黒町"}],"0044":[{"pref":"福井県","city":"鯖江市","town":"五郎丸町"}],"0018":[{"pref":"福井県","city":"鯖江市","town":"幸町"}],"0027":[{"pref":"福井県","city":"鯖江市","town":"桜町"}],"0043":[{"pref":"福井県","city":"鯖江市","town":"定次町"}],"0021":[{"pref":"福井県","city":"鯖江市","town":"三六町"}],"0071":[{"pref":"福井県","city":"鯖江市","town":"持明寺町"}],"0067":[{"pref":"福井県","city":"鯖江市","town":"下氏家町"}],"0038":[{"pref":"福井県","city":"鯖江市","town":"下河端町"}],"0034":[{"pref":"福井県","city":"鯖江市","town":"下新庄町"}],"0073":[{"pref":"福井県","city":"鯖江市","town":"下野田町"}],"0035":[{"pref":"福井県","city":"鯖江市","town":"新町"}],"0017":[{"pref":"福井県","city":"鯖江市","town":"神明町"}],"0042":[{"pref":"福井県","city":"鯖江市","town":"新横江"}],"0005":[{"pref":"福井県","city":"鯖江市","town":"杉本町"}],"0056":[{"pref":"福井県","city":"鯖江市","town":"住吉町"}],"0004":[{"pref":"福井県","city":"鯖江市","town":"糺町"}],"0003":[{"pref":"福井県","city":"鯖江市","town":"田所町"}],"0087":[{"pref":"福井県","city":"鯖江市","town":"田村町"}],"0024":[{"pref":"福井県","city":"鯖江市","town":"長泉寺町"}],"0011":[{"pref":"福井県","city":"鯖江市","town":"つつじケ丘町"}],"0065":[{"pref":"福井県","city":"鯖江市","town":"当田町"}],"0013":[{"pref":"福井県","city":"鯖江市","town":"鳥羽"}],"0014":[{"pref":"福井県","city":"鯖江市","town":"鳥羽町"}],"0063":[{"pref":"福井県","city":"鯖江市","town":"鳥井町"}],"0033":[{"pref":"福井県","city":"鯖江市","town":"中野町"}],"0078":[{"pref":"福井県","city":"鯖江市","town":"西大井町"}],"0006":[{"pref":"福井県","city":"鯖江市","town":"西番町"}],"0023":[{"pref":"福井県","city":"鯖江市","town":"西山町"}],"0068":[{"pref":"福井県","city":"鯖江市","town":"二丁掛町"}],"0031":[{"pref":"福井県","city":"鯖江市","town":"橋立町"}],"0041":[{"pref":"福井県","city":"鯖江市","town":"東鯖江"}],"0012":[{"pref":"福井県","city":"鯖江市","town":"東米岡"}],"0053":[{"pref":"福井県","city":"鯖江市","town":"日の出町"}],"0061":[{"pref":"福井県","city":"鯖江市","town":"平井町"}],"0052":[{"pref":"福井県","city":"鯖江市","town":"深江町"}],"0072":[{"pref":"福井県","city":"鯖江市","town":"冬島町"}],"0032":[{"pref":"福井県","city":"鯖江市","town":"舟枝町"}],"0054":[{"pref":"福井県","city":"鯖江市","town":"舟津町"}],"0026":[{"pref":"福井県","city":"鯖江市","town":"本町"}],"0019":[{"pref":"福井県","city":"鯖江市","town":"丸山町"}],"0007":[{"pref":"福井県","city":"鯖江市","town":"三尾野出作町"}],"0022":[{"pref":"福井県","city":"鯖江市","town":"水落町"}],"0045":[{"pref":"福井県","city":"鯖江市","town":"宮前"}],"0015":[{"pref":"福井県","city":"鯖江市","town":"御幸町"}],"0051":[{"pref":"福井県","city":"鯖江市","town":"屋形町"}],"0047":[{"pref":"福井県","city":"鯖江市","town":"柳町"}],"0046":[{"pref":"福井県","city":"鯖江市","town":"横江町"}],"0036":[{"pref":"福井県","city":"鯖江市","town":"横越町"}],"0001":[{"pref":"福井県","city":"鯖江市","town":"吉江町"}],"0086":[{"pref":"福井県","city":"鯖江市","town":"吉田町"}],"0002":[{"pref":"福井県","city":"鯖江市","town":"米岡町"}],"0077":[{"pref":"福井県","city":"鯖江市","town":"和田町"}],"0200":[{"pref":"福井県","city":"丹生郡越前町","town":"以下に掲載がない場合"}],"0152":[{"pref":"福井県","city":"丹生郡越前町","town":"青野"}],"0205":[{"pref":"福井県","city":"丹生郡越前町","town":"赤井谷"}],"0146":[{"pref":"福井県","city":"丹生郡越前町","town":"朝日"}],"0101":[{"pref":"福井県","city":"丹生郡越前町","town":"天谷"}],"0106":[{"pref":"福井県","city":"丹生郡越前町","town":"大玉"}],"0135":[{"pref":"福井県","city":"丹生郡越前町","town":"市"}],"0201":[{"pref":"福井県","city":"丹生郡越前町","town":"入尾"}],"0145":[{"pref":"福井県","city":"丹生郡越前町","town":"岩開"}],"0212":[{"pref":"福井県","city":"丹生郡越前町","town":"岩倉"}],"0126":[{"pref":"福井県","city":"丹生郡越前町","town":"牛越"}],"0262":[{"pref":"福井県","city":"丹生郡越前町","town":"宇須尾"}],"0143":[{"pref":"福井県","city":"丹生郡越前町","town":"宇田"},{"pref":"福井県","city":"丹生郡越前町","town":"漆本"}],"0147":[{"pref":"福井県","city":"丹生郡越前町","town":"内郡"}],"0216":[{"pref":"福井県","city":"丹生郡越前町","town":"打越"}],"0311":[{"pref":"福井県","city":"丹生郡越前町","town":"梅浦"}],"0214":[{"pref":"福井県","city":"丹生郡越前町","town":"上戸"}],"0267":[{"pref":"福井県","city":"丹生郡越前町","town":"上野"}],"0255":[{"pref":"福井県","city":"丹生郡越前町","town":"江波"}],"0263":[{"pref":"福井県","city":"丹生郡越前町","town":"円満"}],"0206":[{"pref":"福井県","city":"丹生郡越前町","town":"笈松"}],"0251":[{"pref":"福井県","city":"丹生郡越前町","town":"大谷"}],"0117":[{"pref":"福井県","city":"丹生郡越前町","town":"大谷寺"}],"0121":[{"pref":"福井県","city":"丹生郡越前町","town":"大畑"}],"0108":[{"pref":"福井県","city":"丹生郡越前町","town":"小川"}],"0111":[{"pref":"福井県","city":"丹生郡越前町","town":"小倉"}],"0316":[{"pref":"福井県","city":"丹生郡越前町","town":"大樟"}],"0273":[{"pref":"福井県","city":"丹生郡越前町","town":"小曽原"}],"0215":[{"pref":"福井県","city":"丹生郡越前町","town":"織田"}],"0131":[{"pref":"福井県","city":"丹生郡越前町","town":"乙坂"}],"0272":[{"pref":"福井県","city":"丹生郡越前町","town":"樫津"}],"0153":[{"pref":"福井県","city":"丹生郡越前町","town":"頭谷"}],"0112":[{"pref":"福井県","city":"丹生郡越前町","town":"葛野"}],"0253":[{"pref":"福井県","city":"丹生郡越前町","town":"蚊谷寺"}],"0151":[{"pref":"福井県","city":"丹生郡越前町","town":"金谷"}],"0107":[{"pref":"福井県","city":"丹生郡越前町","town":"上糸生"}],"0142":[{"pref":"福井県","city":"丹生郡越前町","town":"上川去"}],"0225":[{"pref":"福井県","city":"丹生郡越前町","town":"上山中"}],"0133":[{"pref":"福井県","city":"丹生郡越前町","town":"気比庄"}],"0275":[{"pref":"福井県","city":"丹生郡越前町","town":"熊谷"}],"0155":[{"pref":"福井県","city":"丹生郡越前町","town":"茱原"}],"0422":[{"pref":"福井県","city":"丹生郡越前町","town":"厨"}],"0315":[{"pref":"福井県","city":"丹生郡越前町","town":"小樟"}],"0428":[{"pref":"福井県","city":"丹生郡越前町","town":"午房ケ平"}],"0426":[{"pref":"福井県","city":"丹生郡越前町","town":"米ノ"}],"0154":[{"pref":"福井県","city":"丹生郡越前町","town":"境野"}],"0213":[{"pref":"福井県","city":"丹生郡越前町","town":"桜谷"}],"0211":[{"pref":"福井県","city":"丹生郡越前町","town":"笹川"}],"0144":[{"pref":"福井県","city":"丹生郡越前町","town":"佐々生"}],"0114":[{"pref":"福井県","city":"丹生郡越前町","town":"下糸生"}],"0223":[{"pref":"福井県","city":"丹生郡越前町","town":"下河原"}],"0226":[{"pref":"福井県","city":"丹生郡越前町","town":"下山中"}],"0312":[{"pref":"福井県","city":"丹生郡越前町","town":"宿"}],"0314":[{"pref":"福井県","city":"丹生郡越前町","town":"城ケ谷"}],"0105":[{"pref":"福井県","city":"丹生郡越前町","town":"清水"}],"0424":[{"pref":"福井県","city":"丹生郡越前町","town":"白浜"}],"0134":[{"pref":"福井県","city":"丹生郡越前町","town":"新庄"}],"0313":[{"pref":"福井県","city":"丹生郡越前町","town":"新保"}],"0268":[{"pref":"福井県","city":"丹生郡越前町","town":"陶の谷"}],"0252":[{"pref":"福井県","city":"丹生郡越前町","town":"蝉口"}],"0302":[{"pref":"福井県","city":"丹生郡越前町","town":"左右"}],"0222":[{"pref":"福井県","city":"丹生郡越前町","town":"大王丸"}],"0224":[{"pref":"福井県","city":"丹生郡越前町","town":"平等"}],"0425":[{"pref":"福井県","city":"丹生郡越前町","town":"高佐"}],"0132":[{"pref":"福井県","city":"丹生郡越前町","town":"田中"}],"0304":[{"pref":"福井県","city":"丹生郡越前町","town":"玉川"}],"0303":[{"pref":"福井県","city":"丹生郡越前町","town":"血ケ平"}],"0103":[{"pref":"福井県","city":"丹生郡越前町","town":"杖立"}],"0266":[{"pref":"福井県","city":"丹生郡越前町","town":"寺"}],"0122":[{"pref":"福井県","city":"丹生郡越前町","town":"天王"}],"0123":[{"pref":"福井県","city":"丹生郡越前町","town":"天宝"}],"0136":[{"pref":"福井県","city":"丹生郡越前町","town":"栃川"}],"0204":[{"pref":"福井県","city":"丹生郡越前町","town":"中"}],"0116":[{"pref":"福井県","city":"丹生郡越前町","town":"中野"}],"0301":[{"pref":"福井県","city":"丹生郡越前町","town":"梨子ヶ平"}],"0219":[{"pref":"福井県","city":"丹生郡越前町","town":"西ケ丘"}],"0141":[{"pref":"福井県","city":"丹生郡越前町","town":"西田中"}],"0261":[{"pref":"福井県","city":"丹生郡越前町","town":"野"}],"0127":[{"pref":"福井県","city":"丹生郡越前町","town":"野末"}],"0113":[{"pref":"福井県","city":"丹生郡越前町","town":"野田"}],"0218":[{"pref":"福井県","city":"丹生郡越前町","town":"萩野"}],"0264":[{"pref":"福井県","city":"丹生郡越前町","town":"八田"}],"0265":[{"pref":"福井県","city":"丹生郡越前町","town":"八田新保"}],"0156":[{"pref":"福井県","city":"丹生郡越前町","town":"東内郡"}],"0254":[{"pref":"福井県","city":"丹生郡越前町","town":"広野"}],"0271":[{"pref":"福井県","city":"丹生郡越前町","town":"舟場"}],"0276":[{"pref":"福井県","city":"丹生郡越前町","town":"古屋"}],"0124":[{"pref":"福井県","city":"丹生郡越前町","town":"宝泉寺"}],"0202":[{"pref":"福井県","city":"丹生郡越前町","town":"細野"}],"0102":[{"pref":"福井県","city":"丹生郡越前町","town":"真木"}],"0274":[{"pref":"福井県","city":"丹生郡越前町","town":"増谷"}],"0217":[{"pref":"福井県","city":"丹生郡越前町","town":"丸山"}],"0221":[{"pref":"福井県","city":"丹生郡越前町","town":"三崎"}],"0421":[{"pref":"福井県","city":"丹生郡越前町","town":"道口"}],"0137":[{"pref":"福井県","city":"丹生郡越前町","town":"宮の西団地"}],"0423":[{"pref":"福井県","city":"丹生郡越前町","town":"茂原"}],"0104":[{"pref":"福井県","city":"丹生郡越前町","town":"森"}],"0203":[{"pref":"福井県","city":"丹生郡越前町","town":"山田"}],"0125":[{"pref":"福井県","city":"丹生郡越前町","town":"横山"}],"0227":[{"pref":"福井県","city":"丹生郡越前町","town":"四ツ杉"}],"0427":[{"pref":"福井県","city":"丹生郡越前町","town":"六呂師"}],"0115":[{"pref":"福井県","city":"丹生郡越前町","town":"脇"}]}