{"0000":[{"pref":"愛知県","city":"安城市","town":"以下に掲載がない場合"}],"0037":[{"pref":"愛知県","city":"安城市","town":"相生町"}],"0046":[{"pref":"愛知県","city":"安城市","town":"赤松町"}],"0031":[{"pref":"愛知県","city":"安城市","town":"朝日町"}],"0026":[{"pref":"愛知県","city":"安城市","town":"安城町"}],"0074":[{"pref":"愛知県","city":"安城市","town":"井杭山町"}],"0066":[{"pref":"愛知県","city":"安城市","town":"池浦町"}],"0071":[{"pref":"愛知県","city":"安城市","town":"今池町"}],"0008":[{"pref":"愛知県","city":"安城市","town":"今本町"}],"0005":[{"pref":"愛知県","city":"安城市","town":"宇頭茶屋町"}],"0017":[{"pref":"愛知県","city":"安城市","town":"大岡町"}],"0042":[{"pref":"愛知県","city":"安城市","town":"大山町"}],"0004":[{"pref":"愛知県","city":"安城市","town":"尾崎町"}],"0003":[{"pref":"愛知県","city":"安城市","town":"柿さき町"}],"0024":[{"pref":"愛知県","city":"安城市","town":"河野町"}],"0011":[{"pref":"愛知県","city":"安城市","town":"北山崎町"}],"0036":[{"pref":"愛知県","city":"安城市","town":"小堤町"}],"0041":[{"pref":"愛知県","city":"安城市","town":"桜町"}],"0073":[{"pref":"愛知県","city":"安城市","town":"篠目町"}],"0001":[{"pref":"愛知県","city":"安城市","town":"里町"}],"0023":[{"pref":"愛知県","city":"安城市","town":"上条町"}],"0043":[{"pref":"愛知県","city":"安城市","town":"城南町"}],"0063":[{"pref":"愛知県","city":"安城市","town":"昭和町"}],"0061":[{"pref":"愛知県","city":"安城市","town":"新田町"}],"0019":[{"pref":"愛知県","city":"安城市","town":"新明町"}],"0038":[{"pref":"愛知県","city":"安城市","town":"末広町"}],"0072":[{"pref":"愛知県","city":"安城市","town":"住吉町"}],"0065":[{"pref":"愛知県","city":"安城市","town":"大東町"}],"0015":[{"pref":"愛知県","city":"安城市","town":"高木町"}],"0053":[{"pref":"愛知県","city":"安城市","town":"高棚町"}],"0007":[{"pref":"愛知県","city":"安城市","town":"東栄町"}],"0018":[{"pref":"愛知県","city":"安城市","town":"東新町"}],"0027":[{"pref":"愛知県","city":"安城市","town":"東明町"}],"0035":[{"pref":"愛知県","city":"安城市","town":"錦町"}],"0012":[{"pref":"愛知県","city":"安城市","town":"西別所町"}],"0075":[{"pref":"愛知県","city":"安城市","town":"二本木新町"}],"0054":[{"pref":"愛知県","city":"安城市","town":"二本木町"}],"0002":[{"pref":"愛知県","city":"安城市","town":"橋目町"}],"0039":[{"pref":"愛知県","city":"安城市","town":"花ノ木町"}],"0022":[{"pref":"愛知県","city":"安城市","town":"浜富町"}],"0006":[{"pref":"愛知県","city":"安城市","town":"浜屋町"}],"0013":[{"pref":"愛知県","city":"安城市","town":"東別所町"}],"0033":[{"pref":"愛知県","city":"安城市","town":"日の出町"}],"0044":[{"pref":"愛知県","city":"安城市","town":"百石町"}],"0052":[{"pref":"愛知県","city":"安城市","town":"福釜町"}],"0025":[{"pref":"愛知県","city":"安城市","town":"古井町"}],"0014":[{"pref":"愛知県","city":"安城市","town":"別郷町"}],"0064":[{"pref":"愛知県","city":"安城市","town":"弁天町"}],"0021":[{"pref":"愛知県","city":"安城市","town":"法連町"}],"0056":[{"pref":"愛知県","city":"安城市","town":"三河安城町"}],"0057":[{"pref":"愛知県","city":"安城市","town":"三河安城東町"}],"0059":[{"pref":"愛知県","city":"安城市","town":"三河安城本町"}],"0058":[{"pref":"愛知県","city":"安城市","town":"三河安城南町"}],"0076":[{"pref":"愛知県","city":"安城市","town":"美園町"}],"0055":[{"pref":"愛知県","city":"安城市","town":"緑町"}],"0034":[{"pref":"愛知県","city":"安城市","town":"南町"}],"0051":[{"pref":"愛知県","city":"安城市","town":"箕輪町"}],"0032":[{"pref":"愛知県","city":"安城市","town":"御幸本町"}],"0062":[{"pref":"愛知県","city":"安城市","town":"明治本町"}],"0016":[{"pref":"愛知県","city":"安城市","town":"山崎町"}],"0045":[{"pref":"愛知県","city":"安城市","town":"横山町"}]}