{"0000":[{"pref":"愛知県","city":"名古屋市中区","town":"以下に掲載がない場合"}],"0006":[{"pref":"愛知県","city":"名古屋市中区","town":"葵"}],"0026":[{"pref":"愛知県","city":"名古屋市中区","town":"伊勢山"}],"0015":[{"pref":"愛知県","city":"名古屋市中区","town":"大井町"}],"0011":[{"pref":"愛知県","city":"名古屋市中区","town":"大須"}],"0022":[{"pref":"愛知県","city":"名古屋市中区","town":"金山"}],"0023":[{"pref":"愛知県","city":"名古屋市中区","town":"金山町"}],"0013":[{"pref":"愛知県","city":"名古屋市中区","town":"上前津"}],"0008":[{"pref":"愛知県","city":"名古屋市中区","town":"栄"}],"0001":[{"pref":"愛知県","city":"名古屋市中区","town":"三の丸"}],"0007":[{"pref":"愛知県","city":"名古屋市中区","town":"新栄"}],"0004":[{"pref":"愛知県","city":"名古屋市中区","town":"新栄町"}],"0016":[{"pref":"愛知県","city":"名古屋市中区","town":"橘"}],"0012":[{"pref":"愛知県","city":"名古屋市中区","town":"千代田"}],"0003":[{"pref":"愛知県","city":"名古屋市中区","town":"錦"}],"0032":[{"pref":"愛知県","city":"名古屋市中区","town":"二の丸"}],"0005":[{"pref":"愛知県","city":"名古屋市中区","town":"東桜"}],"0014":[{"pref":"愛知県","city":"名古屋市中区","town":"富士見町"}],"0025":[{"pref":"愛知県","city":"名古屋市中区","town":"古渡町"}],"0021":[{"pref":"愛知県","city":"名古屋市中区","town":"平和"}],"0031":[{"pref":"愛知県","city":"名古屋市中区","town":"本丸"}],"0024":[{"pref":"愛知県","city":"名古屋市中区","town":"正木"}],"0017":[{"pref":"愛知県","city":"名古屋市中区","town":"松原"}],"0002":[{"pref":"愛知県","city":"名古屋市中区","town":"丸の内"}],"0018":[{"pref":"愛知県","city":"名古屋市中区","town":"門前町"}]}