{"0000":[{"pref":"東京都","city":"国立市","town":"以下に掲載がない場合"}],"0013":[{"pref":"東京都","city":"国立市","town":"青柳"}],"0014":[{"pref":"東京都","city":"国立市","town":"石田"}],"0012":[{"pref":"東京都","city":"国立市","town":"泉"}],"0001":[{"pref":"東京都","city":"国立市","town":"北"}],"0004":[{"pref":"東京都","city":"国立市","town":"中"}],"0005":[{"pref":"東京都","city":"国立市","town":"西"}],"0002":[{"pref":"東京都","city":"国立市","town":"東"}],"0003":[{"pref":"東京都","city":"国立市","town":"富士見台"}],"0015":[{"pref":"東京都","city":"国立市","town":"矢川"}],"0011":[{"pref":"東京都","city":"国立市","town":"谷保"}]}