{"0000":[{"pref":"神奈川県","city":"鎌倉市","town":"以下に掲載がない場合"}],"0024":[{"pref":"神奈川県","city":"鎌倉市","town":"稲村ガ崎"}],"0011":[{"pref":"神奈川県","city":"鎌倉市","town":"扇ガ谷"}],"0007":[{"pref":"神奈川県","city":"鎌倉市","town":"大町"}],"0012":[{"pref":"神奈川県","city":"鎌倉市","town":"御成町"}],"0031":[{"pref":"神奈川県","city":"鎌倉市","town":"鎌倉山"}],"0023":[{"pref":"神奈川県","city":"鎌倉市","town":"極楽寺"}],"0033":[{"pref":"神奈川県","city":"鎌倉市","town":"腰越"}],"0006":[{"pref":"神奈川県","city":"鎌倉市","town":"小町"}],"0013":[{"pref":"神奈川県","city":"鎌倉市","town":"材木座"}],"0021":[{"pref":"神奈川県","city":"鎌倉市","town":"坂ノ下"}],"0015":[{"pref":"神奈川県","city":"鎌倉市","town":"笹目町"}],"0017":[{"pref":"神奈川県","city":"鎌倉市","town":"佐助"}],"0026":[{"pref":"神奈川県","city":"鎌倉市","town":"七里ガ浜"}],"0025":[{"pref":"神奈川県","city":"鎌倉市","town":"七里ガ浜東"}],"0001":[{"pref":"神奈川県","city":"鎌倉市","town":"十二所"}],"0003":[{"pref":"神奈川県","city":"鎌倉市","town":"浄明寺"}],"0032":[{"pref":"神奈川県","city":"鎌倉市","town":"津"}],"0034":[{"pref":"神奈川県","city":"鎌倉市","town":"津西"}],"0036":[{"pref":"神奈川県","city":"鎌倉市","town":"手広"}],"0022":[{"pref":"神奈川県","city":"鎌倉市","town":"常盤"}],"0002":[{"pref":"神奈川県","city":"鎌倉市","town":"二階堂"}],"0035":[{"pref":"神奈川県","city":"鎌倉市","town":"西鎌倉"}],"0004":[{"pref":"神奈川県","city":"鎌倉市","town":"西御門"}],"0016":[{"pref":"神奈川県","city":"鎌倉市","town":"長谷"}],"0027":[{"pref":"神奈川県","city":"鎌倉市","town":"笛田"}],"0014":[{"pref":"神奈川県","city":"鎌倉市","town":"由比ガ浜"}],"0005":[{"pref":"神奈川県","city":"鎌倉市","town":"雪ノ下"}]}