{"0000":[{"pref":"埼玉県","city":"朝霞市","town":"以下に掲載がない場合"}],"0016":[{"pref":"埼玉県","city":"朝霞市","town":"青葉台"}],"0035":[{"pref":"埼玉県","city":"朝霞市","town":"朝志ケ丘"}],"0007":[{"pref":"埼玉県","city":"朝霞市","town":"岡"}],"0001":[{"pref":"埼玉県","city":"朝霞市","town":"上内間木"}],"0036":[{"pref":"埼玉県","city":"朝霞市","town":"北原"}],"0015":[{"pref":"埼玉県","city":"朝霞市","town":"幸町"}],"0012":[{"pref":"埼玉県","city":"朝霞市","town":"栄町"}],"0002":[{"pref":"埼玉県","city":"朝霞市","town":"下内間木"}],"0024":[{"pref":"埼玉県","city":"朝霞市","town":"泉水"}],"0003":[{"pref":"埼玉県","city":"朝霞市","town":"台"}],"0032":[{"pref":"埼玉県","city":"朝霞市","town":"田島"}],"0006":[{"pref":"埼玉県","city":"朝霞市","town":"仲町"}],"0034":[{"pref":"埼玉県","city":"朝霞市","town":"西原"}],"0021":[{"pref":"埼玉県","city":"朝霞市","town":"西弁財"}],"0004":[{"pref":"埼玉県","city":"朝霞市","town":"根岸"}],"0005":[{"pref":"埼玉県","city":"朝霞市","town":"根岸台"}],"0033":[{"pref":"埼玉県","city":"朝霞市","town":"浜崎"}],"0022":[{"pref":"埼玉県","city":"朝霞市","town":"東弁財"}],"0013":[{"pref":"埼玉県","city":"朝霞市","town":"膝折"}],"0014":[{"pref":"埼玉県","city":"朝霞市","town":"膝折町"}],"0011":[{"pref":"埼玉県","city":"朝霞市","town":"本町"}],"0023":[{"pref":"埼玉県","city":"朝霞市","town":"溝沼"}],"0025":[{"pref":"埼玉県","city":"朝霞市","town":"三原"}],"0031":[{"pref":"埼玉県","city":"朝霞市","town":"宮戸"}],"0100":[{"pref":"埼玉県","city":"和光市","town":"以下に掲載がない場合"}],"0111":[{"pref":"埼玉県","city":"和光市","town":"下新倉"}],"0101":[{"pref":"埼玉県","city":"和光市","town":"白子"}],"0102":[{"pref":"埼玉県","city":"和光市","town":"諏訪"}],"0103":[{"pref":"埼玉県","city":"和光市","town":"諏訪原団地"}],"0113":[{"pref":"埼玉県","city":"和光市","town":"中央"}],"0115":[{"pref":"埼玉県","city":"和光市","town":"新倉"}],"0105":[{"pref":"埼玉県","city":"和光市","town":"西大和団地"}],"0106":[{"pref":"埼玉県","city":"和光市","town":"広沢"}],"0114":[{"pref":"埼玉県","city":"和光市","town":"本町"}],"0116":[{"pref":"埼玉県","city":"和光市","town":"松ノ木島町"}],"0112":[{"pref":"埼玉県","city":"和光市","town":"丸山台"}],"0104":[{"pref":"埼玉県","city":"和光市","town":"南"}]}