{"0000":[{"pref":"愛知県","city":"東海市","town":"以下に掲載がない場合"}],"0006":[{"pref":"愛知県","city":"東海市","town":"浅山"}],"0003":[{"pref":"愛知県","city":"東海市","town":"荒尾町"}],"0004":[{"pref":"愛知県","city":"東海市","town":"荒尾町水深"}],"0005":[{"pref":"愛知県","city":"東海市","town":"新宝町"}],"0013":[{"pref":"愛知県","city":"東海市","town":"中央町"}],"0015":[{"pref":"愛知県","city":"東海市","town":"東海町"}],"0002":[{"pref":"愛知県","city":"東海市","town":"名和町"}],"0011":[{"pref":"愛知県","city":"東海市","town":"富木島町"}],"0012":[{"pref":"愛知県","city":"東海市","town":"富木島町伏見"}],"0014":[{"pref":"愛知県","city":"東海市","town":"富貴ノ台"}],"0001":[{"pref":"愛知県","city":"東海市","town":"南柴田町"}]}