{"0003":[{"pref":"東京都","city":"西東京市","town":"北原町"}],"0014":[{"pref":"東京都","city":"西東京市","town":"芝久保町"}],"0011":[{"pref":"東京都","city":"西東京市","town":"田無町"}],"0004":[{"pref":"東京都","city":"西東京市","town":"西原町"}],"0002":[{"pref":"東京都","city":"西東京市","town":"緑町"}],"0012":[{"pref":"東京都","city":"西東京市","town":"南町"}],"0013":[{"pref":"東京都","city":"西東京市","town":"向台町"}],"0001":[{"pref":"東京都","city":"西東京市","town":"谷戸町"}]}