{"1261":[{"pref":"富山県","city":"富山市","town":"東福沢（津毛）"}],"1262":[{"pref":"富山県","city":"富山市","town":"東黒牧"}],"1263":[{"pref":"富山県","city":"富山市","town":"東黒牧（上野）"}],"1264":[{"pref":"富山県","city":"富山市","town":"大山布目"}],"1265":[{"pref":"富山県","city":"富山市","town":"小谷"}],"1266":[{"pref":"富山県","city":"富山市","town":"砂見"}],"1267":[{"pref":"富山県","city":"富山市","town":"砂見（芋平）"}],"1268":[{"pref":"富山県","city":"富山市","town":"楜ケ原"}],"1271":[{"pref":"富山県","city":"富山市","town":"石渕"}],"1272":[{"pref":"富山県","city":"富山市","town":"下双嶺"}],"1273":[{"pref":"富山県","city":"富山市","town":"小坂"}],"1274":[{"pref":"富山県","city":"富山市","town":"大双嶺"}],"1275":[{"pref":"富山県","city":"富山市","town":"大清水"}],"1276":[{"pref":"富山県","city":"富山市","town":"折谷"}],"1281":[{"pref":"富山県","city":"富山市","town":"東福沢"}],"1282":[{"pref":"富山県","city":"富山市","town":"牧野"}],"1283":[{"pref":"富山県","city":"富山市","town":"日尾"}],"1284":[{"pref":"富山県","city":"富山市","town":"馬瀬"}],"1285":[{"pref":"富山県","city":"富山市","town":"瀬戸"}],"1286":[{"pref":"富山県","city":"富山市","town":"小佐波"}],"1287":[{"pref":"富山県","city":"富山市","town":"東福沢（火土呂）"}],"1301":[{"pref":"富山県","city":"富山市","town":"馬瀬口"}],"1302":[{"pref":"富山県","city":"富山市","town":"馬瀬口（殿様林）"}],"1303":[{"pref":"富山県","city":"富山市","town":"善名"}],"1304":[{"pref":"富山県","city":"富山市","town":"南大場"}],"1305":[{"pref":"富山県","city":"富山市","town":"下番"}],"1311":[{"pref":"富山県","city":"富山市","town":"大山北新町"}],"1312":[{"pref":"富山県","city":"富山市","town":"上滝"}],"1313":[{"pref":"富山県","city":"富山市","town":"中滝"}],"1314":[{"pref":"富山県","city":"富山市","town":"三室荒屋"}],"1315":[{"pref":"富山県","city":"富山市","town":"中番"}],"1316":[{"pref":"富山県","city":"富山市","town":"中番（新栄町）"},{"pref":"富山県","city":"富山市","town":"三室荒屋（新栄町）"}],"1321":[{"pref":"富山県","city":"富山市","town":"新町"},{"pref":"富山県","city":"富山市","town":"大山上野"}],"1322":[{"pref":"富山県","city":"富山市","town":"岡田"}],"1323":[{"pref":"富山県","city":"富山市","town":"東小俣"}],"1324":[{"pref":"富山県","city":"富山市","town":"西小俣"}],"1325":[{"pref":"富山県","city":"富山市","town":"文珠寺"}],"1326":[{"pref":"富山県","city":"富山市","town":"花崎"}],"1327":[{"pref":"富山県","city":"富山市","town":"大栗"}],"1328":[{"pref":"富山県","city":"富山市","town":"小原屋"}],"1331":[{"pref":"富山県","city":"富山市","town":"田畠"}],"1332":[{"pref":"富山県","city":"富山市","town":"津羽見"}],"1333":[{"pref":"富山県","city":"富山市","town":"上大浦"}],"1334":[{"pref":"富山県","city":"富山市","town":"中大浦"}],"1335":[{"pref":"富山県","city":"富山市","town":"下大浦"}],"1336":[{"pref":"富山県","city":"富山市","town":"桑原"}],"1337":[{"pref":"富山県","city":"富山市","town":"田畠（風見台）"}],"1338":[{"pref":"富山県","city":"富山市","town":"田畠（明日美野）"}],"1361":[{"pref":"富山県","city":"中新川郡立山町","town":"伊豆林"},{"pref":"富山県","city":"中新川郡立山町","town":"下田"}],"1362":[{"pref":"富山県","city":"中新川郡立山町","town":"吉峰野開"},{"pref":"富山県","city":"中新川郡立山町","town":"米道（谷内、東谷）"}],"1363":[{"pref":"富山県","city":"中新川郡立山町","town":"栃津"}],"1364":[{"pref":"富山県","city":"中新川郡立山町","town":"天林"}],"1365":[{"pref":"富山県","city":"中新川郡立山町","town":"東中野新"}],"1366":[{"pref":"富山県","city":"中新川郡立山町","town":"横江野開"}],"1367":[{"pref":"富山県","city":"中新川郡立山町","town":"宮路"}],"1368":[{"pref":"富山県","city":"中新川郡立山町","town":"岩峅寺"}],"1369":[{"pref":"富山県","city":"中新川郡立山町","town":"岩峅野"}],"1377":[{"pref":"富山県","city":"中新川郡立山町","town":"横江（立山地区）"}],"1401":[{"pref":"富山県","city":"中新川郡立山町","town":"称名"}],"1402":[{"pref":"富山県","city":"中新川郡立山町","town":"桂台"}],"1403":[{"pref":"富山県","city":"中新川郡立山町","town":"ブナ坂"}],"1404":[{"pref":"富山県","city":"中新川郡立山町","town":"藤橋"}],"1405":[{"pref":"富山県","city":"中新川郡立山町","town":"千寿ケ原"}],"1406":[{"pref":"富山県","city":"中新川郡立山町","town":"芦峅寺"}],"1407":[{"pref":"富山県","city":"中新川郡立山町","town":"前谷"}],"1408":[{"pref":"富山県","city":"中新川郡立山町","town":"千垣"}],"1411":[{"pref":"富山県","city":"中新川郡立山町","town":"美女平"}],"1412":[{"pref":"富山県","city":"中新川郡立山町","town":"弥陀ケ原"}],"1413":[{"pref":"富山県","city":"中新川郡立山町","town":"天狗平"}],"1414":[{"pref":"富山県","city":"中新川郡立山町","town":"室堂"}],"1415":[{"pref":"富山県","city":"中新川郡立山町","town":"雷鳥沢"}],"1416":[{"pref":"富山県","city":"中新川郡立山町","town":"剣御前"}],"1417":[{"pref":"富山県","city":"中新川郡立山町","town":"剣沢"}],"1418":[{"pref":"富山県","city":"中新川郡立山町","town":"立山頂上"}],"1451":[{"pref":"富山県","city":"富山市","town":"本宮（粟巣野）"}],"1452":[{"pref":"富山県","city":"富山市","town":"本宮（花切割）"}],"1453":[{"pref":"富山県","city":"富山市","town":"原（極楽坂）"}],"1454":[{"pref":"富山県","city":"富山市","town":"原"}],"1455":[{"pref":"富山県","city":"富山市","town":"本宮"}],"1456":[{"pref":"富山県","city":"富山市","town":"小見"}],"1457":[{"pref":"富山県","city":"富山市","town":"有峰（太郎平）"}],"1458":[{"pref":"富山県","city":"富山市","town":"有峰"}],"1459":[{"pref":"富山県","city":"富山市","town":"亀谷"}],"1461":[{"pref":"富山県","city":"富山市","town":"和田"}],"1462":[{"pref":"富山県","city":"富山市","town":"中地山"}],"1463":[{"pref":"富山県","city":"富山市","town":"水須"}],"1464":[{"pref":"富山県","city":"富山市","town":"才覚地"}],"1465":[{"pref":"富山県","city":"富山市","town":"牧"}],"1466":[{"pref":"富山県","city":"富山市","town":"大山松木"}],"2101":[{"pref":"富山県","city":"富山市","town":"山田中瀬"}],"2102":[{"pref":"富山県","city":"富山市","town":"山田宿坊"}],"2103":[{"pref":"富山県","city":"富山市","town":"山田宿坊（柳川）"}],"2104":[{"pref":"富山県","city":"富山市","town":"山田宿坊（沢連）"}],"2105":[{"pref":"富山県","city":"富山市","town":"山田湯"}],"2106":[{"pref":"富山県","city":"富山市","town":"山田北山"}],"2107":[{"pref":"富山県","city":"富山市","town":"山田中瀬（竹の内）"}],"2108":[{"pref":"富山県","city":"富山市","town":"山田中瀬（上中瀬）"}],"2111":[{"pref":"富山県","city":"富山市","town":"山田鎌倉"}],"2112":[{"pref":"富山県","city":"富山市","town":"山田若土"}],"2113":[{"pref":"富山県","city":"富山市","town":"山田谷"}],"2114":[{"pref":"富山県","city":"富山市","town":"山田居舟"},{"pref":"富山県","city":"富山市","town":"山田鍋谷"}],"2115":[{"pref":"富山県","city":"富山市","town":"山田小谷"}],"2116":[{"pref":"富山県","city":"富山市","town":"山田小谷（中根）"}],"2117":[{"pref":"富山県","city":"富山市","town":"山田赤目谷"}],"2121":[{"pref":"富山県","city":"富山市","town":"山田白井谷"}],"2122":[{"pref":"富山県","city":"富山市","town":"山田小島（城山）"}],"2123":[{"pref":"富山県","city":"富山市","town":"山田小島"}],"2124":[{"pref":"富山県","city":"富山市","town":"山田中村"}],"2125":[{"pref":"富山県","city":"富山市","town":"山田今山田"}],"2126":[{"pref":"富山県","city":"富山市","town":"山田清水"}],"2127":[{"pref":"富山県","city":"富山市","town":"山田牧"}],"2128":[{"pref":"富山県","city":"富山市","town":"山田沼又"}],"2201":[{"pref":"富山県","city":"富山市","town":"草島"}],"2202":[{"pref":"富山県","city":"富山市","town":"富浦町"}],"2203":[{"pref":"富山県","city":"富山市","town":"新千原崎"}],"2204":[{"pref":"富山県","city":"富山市","town":"金山新桜ケ丘"}],"2205":[{"pref":"富山県","city":"富山市","town":"金山新東"}],"2206":[{"pref":"富山県","city":"富山市","town":"金山新"},{"pref":"富山県","city":"富山市","town":"金山新中"},{"pref":"富山県","city":"富山市","town":"金山新西"},{"pref":"富山県","city":"富山市","town":"金山新南"},{"pref":"富山県","city":"富山市","town":"金山新北"}],"2207":[{"pref":"富山県","city":"富山市","town":"草島新町"}],"2208":[{"pref":"富山県","city":"富山市","town":"古川"}],"2211":[{"pref":"富山県","city":"富山市","town":"宮尾"}],"2212":[{"pref":"富山県","city":"富山市","town":"松木新"}],"2213":[{"pref":"富山県","city":"富山市","town":"松木"}],"2214":[{"pref":"富山県","city":"富山市","town":"百塚"}],"2215":[{"pref":"富山県","city":"富山市","town":"山岸"}],"2221":[{"pref":"富山県","city":"富山市","town":"今市"}],"2222":[{"pref":"富山県","city":"富山市","town":"八幡"}],"2223":[{"pref":"富山県","city":"富山市","town":"八幡新町"}],"2224":[{"pref":"富山県","city":"富山市","town":"田尻"},{"pref":"富山県","city":"富山市","town":"田尻東"},{"pref":"富山県","city":"富山市","town":"田尻西"},{"pref":"富山県","city":"富山市","town":"田尻南"}],"2225":[{"pref":"富山県","city":"富山市","town":"寺島"}],"2226":[{"pref":"富山県","city":"富山市","town":"八町"},{"pref":"富山県","city":"富山市","town":"八町中"},{"pref":"富山県","city":"富山市","town":"八町東"},{"pref":"富山県","city":"富山市","town":"八町西"},{"pref":"富山県","city":"富山市","town":"八町南"},{"pref":"富山県","city":"富山市","town":"八町北"}],"2227":[{"pref":"富山県","city":"富山市","town":"利波"}],"2231":[{"pref":"富山県","city":"富山市","town":"布目東町"}],"2232":[{"pref":"富山県","city":"富山市","town":"布目南町"}],"2233":[{"pref":"富山県","city":"富山市","town":"布目"},{"pref":"富山県","city":"富山市","town":"布目西"},{"pref":"富山県","city":"富山市","town":"布目北"}],"2234":[{"pref":"富山県","city":"富山市","town":"布目緑町"}],"2235":[{"pref":"富山県","city":"富山市","town":"布目新町"}],"2236":[{"pref":"富山県","city":"富山市","town":"布目旭"}],"2237":[{"pref":"富山県","city":"富山市","town":"打出"}],"2238":[{"pref":"富山県","city":"富山市","town":"打出新"}],"2239":[{"pref":"富山県","city":"富山市","town":"つばめ野"}],"2241":[{"pref":"富山県","city":"富山市","town":"四方西岩瀬"}],"2242":[{"pref":"富山県","city":"富山市","town":"四方北窪"}],"2243":[{"pref":"富山県","city":"富山市","town":"四方"},{"pref":"富山県","city":"富山市","town":"四方荒屋"}],"2244":[{"pref":"富山県","city":"富山市","town":"四方茶園町"}],"2245":[{"pref":"富山県","city":"富山市","town":"四方江代町"}],"2246":[{"pref":"富山県","city":"富山市","town":"四方新"}],"2247":[{"pref":"富山県","city":"富山市","town":"四方新出町"}],"2248":[{"pref":"富山県","city":"富山市","town":"四方南町"}],"2251":[{"pref":"富山県","city":"富山市","town":"四方東野割町"}],"2252":[{"pref":"富山県","city":"富山市","town":"四方西野割町"},{"pref":"富山県","city":"富山市","town":"四方野割町"}],"2253":[{"pref":"富山県","city":"富山市","town":"四方田町"}],"2254":[{"pref":"富山県","city":"富山市","town":"四方神明町"}],"2255":[{"pref":"富山県","city":"富山市","town":"四方一番町"}],"2256":[{"pref":"富山県","city":"富山市","town":"四方港町"}],"2257":[{"pref":"富山県","city":"富山市","town":"四方二番町"}],"2258":[{"pref":"富山県","city":"富山市","town":"四方恵比須町"}],"3201":[{"pref":"富山県","city":"中新川郡立山町","town":"高原"}],"3202":[{"pref":"富山県","city":"中新川郡立山町","town":"女川新"}],"3203":[{"pref":"富山県","city":"中新川郡立山町","town":"上福来"}],"3204":[{"pref":"富山県","city":"中新川郡立山町","town":"東野"}],"3205":[{"pref":"富山県","city":"中新川郡立山町","town":"福来"}],"3206":[{"pref":"富山県","city":"中新川郡立山町","town":"竹林"}],"3208":[{"pref":"富山県","city":"中新川郡立山町","town":"下新"}],"3211":[{"pref":"富山県","city":"中新川郡立山町","town":"日中"}],"3212":[{"pref":"富山県","city":"中新川郡立山町","town":"柴山"}],"3213":[{"pref":"富山県","city":"中新川郡立山町","town":"日中上野"}],"3214":[{"pref":"富山県","city":"中新川郡立山町","town":"下白岩"}],"3215":[{"pref":"富山県","city":"中新川郡立山町","town":"石坂"}],"3216":[{"pref":"富山県","city":"中新川郡立山町","town":"福田"}],"3217":[{"pref":"富山県","city":"中新川郡立山町","town":"野沢"}],"3221":[{"pref":"富山県","city":"中新川郡立山町","town":"四谷尾"}],"3222":[{"pref":"富山県","city":"中新川郡立山町","town":"谷口"}],"3223":[{"pref":"富山県","city":"中新川郡立山町","town":"虫谷"}],"3224":[{"pref":"富山県","city":"中新川郡立山町","town":"白岩"}],"3231":[{"pref":"富山県","city":"中新川郡立山町","town":"六郎谷"}],"3232":[{"pref":"富山県","city":"中新川郡立山町","town":"目桑"}],"3233":[{"pref":"富山県","city":"中新川郡立山町","town":"谷"}],"3234":[{"pref":"富山県","city":"中新川郡立山町","town":"伊勢屋"}],"3235":[{"pref":"富山県","city":"中新川郡立山町","town":"長倉"}],"3236":[{"pref":"富山県","city":"中新川郡立山町","town":"小又"}],"3237":[{"pref":"富山県","city":"中新川郡立山町","town":"松倉"}],"3238":[{"pref":"富山県","city":"中新川郡立山町","town":"座主坊"}],"3239":[{"pref":"富山県","city":"中新川郡立山町","town":"池田"}],"3241":[{"pref":"富山県","city":"中新川郡立山町","town":"下沢"}],"3242":[{"pref":"富山県","city":"中新川郡立山町","town":"芦見"}],"3243":[{"pref":"富山県","city":"中新川郡立山町","town":"下瀬戸"}],"3244":[{"pref":"富山県","city":"中新川郡立山町","town":"上瀬戸"}],"3245":[{"pref":"富山県","city":"中新川郡立山町","town":"上末"}],"3246":[{"pref":"富山県","city":"中新川郡立山町","town":"中林"}],"3247":[{"pref":"富山県","city":"中新川郡立山町","town":"瀬戸新"}],"3248":[{"pref":"富山県","city":"中新川郡立山町","town":"新瀬戸"}],"3251":[{"pref":"富山県","city":"中新川郡立山町","town":"上中"}],"3252":[{"pref":"富山県","city":"中新川郡立山町","town":"末上野"}],"3253":[{"pref":"富山県","city":"中新川郡立山町","town":"長屋"}],"3254":[{"pref":"富山県","city":"中新川郡立山町","town":"上宮"}],"3255":[{"pref":"富山県","city":"中新川郡立山町","town":"小林"}],"3261":[{"pref":"富山県","city":"中新川郡立山町","town":"野町"}],"3262":[{"pref":"富山県","city":"中新川郡立山町","town":"金剛新"}],"3263":[{"pref":"富山県","city":"中新川郡立山町","town":"淵上"}],"3264":[{"pref":"富山県","city":"中新川郡立山町","town":"沢新"}],"3265":[{"pref":"富山県","city":"中新川郡立山町","town":"米沢"}],"3266":[{"pref":"富山県","city":"中新川郡立山町","town":"前沢新"}],"3267":[{"pref":"富山県","city":"中新川郡立山町","town":"江崎"}],"3277":[{"pref":"富山県","city":"中新川郡立山町","town":"横江（高野地区）"}],"0075":[{"pref":"富山県","city":"富山市","town":"相生町"}],"0845":[{"pref":"富山県","city":"富山市","town":"綾田町"}],"0855":[{"pref":"富山県","city":"富山市","town":"赤江町"}],"0953":[{"pref":"富山県","city":"富山市","town":"秋吉"}],"0954":[{"pref":"富山県","city":"富山市","town":"秋吉新町"}],"0847":[{"pref":"富山県","city":"富山市","town":"曙町"}],"0931":[{"pref":"富山県","city":"富山市","town":"朝日"}],"0094":[{"pref":"富山県","city":"富山市","town":"安住町"}],"0091":[{"pref":"富山県","city":"富山市","town":"愛宕町"}],"0982":[{"pref":"富山県","city":"富山市","town":"荒川"}],"0984":[{"pref":"富山県","city":"富山市","town":"荒川新町"}],"0983":[{"pref":"富山県","city":"富山市","town":"荒川常盤台"},{"pref":"富山県","city":"富山市","town":"常盤台"}],"0028":[{"pref":"富山県","city":"富山市","town":"荒町"}],"0822":[{"pref":"富山県","city":"富山市","town":"新屋"}],"0823":[{"pref":"富山県","city":"富山市","town":"新屋新町"}],"0863":[{"pref":"富山県","city":"富山市","town":"有明町"}],"0862":[{"pref":"富山県","city":"富山市","town":"有沢"}],"0861":[{"pref":"富山県","city":"富山市","town":"有沢新町"}],"0881":[{"pref":"富山県","city":"富山市","town":"安養坊"}],"0821":[{"pref":"富山県","city":"富山市","town":"飯野"}],"0158":[{"pref":"富山県","city":"富山市","town":"池多"}],"0966":[{"pref":"富山県","city":"富山市","town":"石金"}],"0043":[{"pref":"富山県","city":"富山市","town":"石倉町"}],"0892":[{"pref":"富山県","city":"富山市","town":"石坂"}],"0891":[{"pref":"富山県","city":"富山市","town":"石坂新"}],"0893":[{"pref":"富山県","city":"富山市","town":"石坂東町"}],"0042":[{"pref":"富山県","city":"富山市","town":"泉町"}],"0077":[{"pref":"富山県","city":"富山市","town":"磯部町"}],"0061":[{"pref":"富山県","city":"富山市","town":"一番町"}],"0904":[{"pref":"富山県","city":"富山市","town":"一本木"}],"0849":[{"pref":"富山県","city":"富山市","town":"稲荷園町"}],"0012":[{"pref":"富山県","city":"富山市","town":"稲荷町"}],"0010":[{"pref":"富山県","city":"富山市","town":"稲荷元町"}],"0021":[{"pref":"富山県","city":"富山市","town":"今木町"}],"0856":[{"pref":"富山県","city":"富山市","town":"牛島新町"}],"0858":[{"pref":"富山県","city":"富山市","town":"牛島町"}],"0859":[{"pref":"富山県","city":"富山市","town":"牛島本町"}],"0093":[{"pref":"富山県","city":"富山市","town":"内幸町"}],"0055":[{"pref":"富山県","city":"富山市","town":"梅沢町"}],"0853":[{"pref":"富山県","city":"富山市","town":"永楽町"}],"0067":[{"pref":"富山県","city":"富山市","town":"越前町"}],"0914":[{"pref":"富山県","city":"富山市","town":"荏原"}],"0915":[{"pref":"富山県","city":"富山市","town":"荏原駅前通り"}],"0913":[{"pref":"富山県","city":"富山市","town":"荏原新町"}],"0027":[{"pref":"富山県","city":"富山市","town":"蛯町"}],"0116":[{"pref":"富山県","city":"富山市","town":"追分茶屋"}],"0922":[{"pref":"富山県","city":"富山市","town":"大江干"}],"0927":[{"pref":"富山県","city":"富山市","town":"大江干新町"}],"0063":[{"pref":"富山県","city":"富山市","town":"太田口通り"}],"0015":[{"pref":"富山県","city":"富山市","town":"於保多町"}],"0107":[{"pref":"富山県","city":"富山市","town":"大塚"},{"pref":"富山県","city":"富山市","town":"大塚東"},{"pref":"富山県","city":"富山市","town":"大塚西"},{"pref":"富山県","city":"富山市","town":"大塚南"},{"pref":"富山県","city":"富山市","town":"大塚北"}],"0084":[{"pref":"富山県","city":"富山市","town":"大手町"}],"0846":[{"pref":"富山県","city":"富山市","town":"奥井町"}],"0852":[{"pref":"富山県","city":"富山市","town":"奥田寿町"}],"0857":[{"pref":"富山県","city":"富山市","town":"奥田新町"}],"0851":[{"pref":"富山県","city":"富山市","town":"奥田双葉町"}],"0819":[{"pref":"富山県","city":"富山市","town":"奥田本町"}],"0818":[{"pref":"富山県","city":"富山市","town":"奥田町"}],"0037":[{"pref":"富山県","city":"富山市","town":"音羽町"}],"0086":[{"pref":"富山県","city":"富山市","town":"鹿島町"}],"0926":[{"pref":"富山県","city":"富山市","town":"金代"}],"0873":[{"pref":"富山県","city":"富山市","town":"金屋"}],"0837":[{"pref":"富山県","city":"富山市","town":"上赤江"}],"0816":[{"pref":"富山県","city":"富山市","town":"上赤江町"}],"0827":[{"pref":"富山県","city":"富山市","town":"上飯野"}],"0825":[{"pref":"富山県","city":"富山市","town":"上飯野新町"}],"0826":[{"pref":"富山県","city":"富山市","town":"上庄町"}],"0835":[{"pref":"富山県","city":"富山市","town":"上冨居"}],"0836":[{"pref":"富山県","city":"富山市","town":"上冨居新町"}],"0057":[{"pref":"富山県","city":"富山市","town":"上本町"}],"0175":[{"pref":"富山県","city":"富山市","town":"願海寺"}],"0176":[{"pref":"富山県","city":"富山市","town":"願海寺新町"}],"0164":[{"pref":"富山県","city":"富山市","town":"北押川"}],"0023":[{"pref":"富山県","city":"富山市","town":"北新町"}],"0103":[{"pref":"富山県","city":"富山市","town":"北代"},{"pref":"富山県","city":"富山市","town":"北代中部"},{"pref":"富山県","city":"富山市","town":"北代東部"},{"pref":"富山県","city":"富山市","town":"北代北部"}],"0104":[{"pref":"富山県","city":"富山市","town":"北代新"}],"0105":[{"pref":"富山県","city":"富山市","town":"北代藤ケ丘"}],"0172":[{"pref":"富山県","city":"富山市","town":"北二ツ屋"}],"0806":[{"pref":"富山県","city":"富山市","town":"木場町"}],"0951":[{"pref":"富山県","city":"富山市","town":"経堂"}],"0956":[{"pref":"富山県","city":"富山市","town":"経堂新町"}],"0906":[{"pref":"富山県","city":"富山市","town":"金泉寺"}],"0865":[{"pref":"富山県","city":"富山市","town":"久郷"}],"0842":[{"pref":"富山県","city":"富山市","town":"窪新町"}],"0843":[{"pref":"富山県","city":"富山市","town":"窪本町"}],"0121":[{"pref":"富山県","city":"富山市","town":"呉羽苑"}],"0133":[{"pref":"富山県","city":"富山市","town":"呉羽川西"}],"0134":[{"pref":"富山県","city":"富山市","town":"呉羽貴船巻"}],"0131":[{"pref":"富山県","city":"富山市","town":"呉羽昭和町"}],"0122":[{"pref":"富山県","city":"富山市","town":"呉羽新富田町"}],"0125":[{"pref":"富山県","city":"富山市","town":"呉羽つつじが丘"}],"0123":[{"pref":"富山県","city":"富山市","town":"呉羽富田町"}],"0135":[{"pref":"富山県","city":"富山市","town":"呉羽中の町"}],"0102":[{"pref":"富山県","city":"富山市","town":"呉羽野田"}],"0126":[{"pref":"富山県","city":"富山市","town":"呉羽東町"}],"0132":[{"pref":"富山県","city":"富山市","town":"呉羽姫本"}],"0137":[{"pref":"富山県","city":"富山市","town":"呉羽本町"}],"0138":[{"pref":"富山県","city":"富山市","town":"呉羽町"},{"pref":"富山県","city":"富山市","town":"呉羽町西"},{"pref":"富山県","city":"富山市","town":"呉羽町北"}],"0127":[{"pref":"富山県","city":"富山市","town":"呉羽丸富町"}],"0124":[{"pref":"富山県","city":"富山市","town":"呉羽水上町"}],"0136":[{"pref":"富山県","city":"富山市","town":"呉羽三ツ塚"}],"0809":[{"pref":"富山県","city":"富山市","town":"興人町"}],"0022":[{"pref":"富山県","city":"富山市","town":"小島町"}],"0882":[{"pref":"富山県","city":"富山市","town":"五艘"}],"0895":[{"pref":"富山県","city":"富山市","town":"駒見"}],"0052":[{"pref":"富山県","city":"富山市","town":"五番町"}],"0887":[{"pref":"富山県","city":"富山市","town":"五福"}],"0883":[{"pref":"富山県","city":"富山市","town":"五福新町"}],"0884":[{"pref":"富山県","city":"富山市","town":"五福末広町"}],"0905":[{"pref":"富山県","city":"富山市","town":"五本榎"}],"0153":[{"pref":"富山県","city":"富山市","town":"境野新"}],"0925":[{"pref":"富山県","city":"富山市","town":"栄新町"}],"0032":[{"pref":"富山県","city":"富山市","town":"栄町"}],"0156":[{"pref":"富山県","city":"富山市","town":"坂下新"},{"pref":"富山県","city":"富山市","town":"山本"}],"0082":[{"pref":"富山県","city":"富山市","town":"桜木町"}],"0898":[{"pref":"富山県","city":"富山市","town":"桜谷みどり町"}],"0004":[{"pref":"富山県","city":"富山市","town":"桜橋通り"}],"0003":[{"pref":"富山県","city":"富山市","town":"桜町"}],"0064":[{"pref":"富山県","city":"富山市","town":"山王町"}],"0155":[{"pref":"富山県","city":"富山市","town":"三熊"}],"0059":[{"pref":"富山県","city":"富山市","town":"三番町"}],"0089":[{"pref":"富山県","city":"富山市","town":"七軒町"}],"0097":[{"pref":"富山県","city":"富山市","town":"芝園町"}],"0035":[{"pref":"富山県","city":"富山市","town":"清水中町"}],"0036":[{"pref":"富山県","city":"富山市","town":"清水町"}],"0034":[{"pref":"富山県","city":"富山市","town":"清水元町"}],"0838":[{"pref":"富山県","city":"富山市","town":"下赤江"}],"0813":[{"pref":"富山県","city":"富山市","town":"下赤江町"}],"0817":[{"pref":"富山県","city":"富山市","town":"下奥井"}],"0807":[{"pref":"富山県","city":"富山市","town":"下新西町"}],"0802":[{"pref":"富山県","city":"富山市","town":"下新北町"}],"0808":[{"pref":"富山県","city":"富山市","town":"下新日曹町"}],"0803":[{"pref":"富山県","city":"富山市","town":"下新本町"}],"0804":[{"pref":"富山県","city":"富山市","town":"下新町"}],"0871":[{"pref":"富山県","city":"富山市","town":"下野"}],"0872":[{"pref":"富山県","city":"富山市","town":"下野新"}],"0814":[{"pref":"富山県","city":"富山市","town":"下冨居"}],"0867":[{"pref":"富山県","city":"富山市","town":"庄高田"}],"0854":[{"pref":"富山県","city":"富山市","town":"城北町"}],"0048":[{"pref":"富山県","city":"富山市","town":"白銀町"}],"0924":[{"pref":"富山県","city":"富山市","town":"新金代"}],"0024":[{"pref":"富山県","city":"富山市","town":"新川原町"}],"0005":[{"pref":"富山県","city":"富山市","town":"新桜町"}],"0997":[{"pref":"富山県","city":"富山市","town":"新庄北町"}],"0991":[{"pref":"富山県","city":"富山市","town":"新庄銀座"}],"0994":[{"pref":"富山県","city":"富山市","town":"新庄新町"}],"0995":[{"pref":"富山県","city":"富山市","town":"新庄中央町"}],"0996":[{"pref":"富山県","city":"富山市","town":"新庄本町"}],"0992":[{"pref":"富山県","city":"富山市","town":"新庄町"}],"0006":[{"pref":"富山県","city":"富山市","town":"新総曲輪"}],"0993":[{"pref":"富山県","city":"富山市","town":"新園町"}],"0008":[{"pref":"富山県","city":"富山市","town":"神通本町"}],"0009":[{"pref":"富山県","city":"富山市","town":"神通町"}],"0002":[{"pref":"富山県","city":"富山市","town":"新富町"}],"0839":[{"pref":"富山県","city":"富山市","town":"新冨居"}],"0152":[{"pref":"富山県","city":"富山市","town":"杉谷"}],"0045":[{"pref":"富山県","city":"富山市","town":"砂町"}],"0144":[{"pref":"富山県","city":"富山市","town":"住吉"}],"0031":[{"pref":"富山県","city":"富山市","town":"住吉町"}],"0088":[{"pref":"富山県","city":"富山市","town":"諏訪川原"}],"0066":[{"pref":"富山県","city":"富山市","town":"千石町"}],"0815":[{"pref":"富山県","city":"富山市","town":"千成町"}],"0083":[{"pref":"富山県","city":"富山市","town":"総曲輪"}],"0971":[{"pref":"富山県","city":"富山市","town":"双代町"}],"0106":[{"pref":"富山県","city":"富山市","town":"高木"},{"pref":"富山県","city":"富山市","town":"高木東"},{"pref":"富山県","city":"富山市","town":"高木西"},{"pref":"富山県","city":"富山市","town":"高木南"}],"0866":[{"pref":"富山県","city":"富山市","town":"高田"}],"0007":[{"pref":"富山県","city":"富山市","town":"宝町"}],"0897":[{"pref":"富山県","city":"富山市","town":"田刈屋"}],"0894":[{"pref":"富山県","city":"富山市","town":"田刈屋新町"}],"0014":[{"pref":"富山県","city":"富山市","town":"館出町"}],"0053":[{"pref":"富山県","city":"富山市","town":"辰巳町"}],"0985":[{"pref":"富山県","city":"富山市","town":"田中町"}],"0901":[{"pref":"富山県","city":"富山市","town":"手屋"}],"0018":[{"pref":"富山県","city":"富山市","town":"千歳町"}],"0114":[{"pref":"富山県","city":"富山市","town":"茶屋新町"}],"0115":[{"pref":"富山県","city":"富山市","town":"茶屋町"}],"0044":[{"pref":"富山県","city":"富山市","town":"中央通り"}],"0921":[{"pref":"富山県","city":"富山市","town":"中間島"}],"0811":[{"pref":"富山県","city":"富山市","town":"千代田町"}],"0046":[{"pref":"富山県","city":"富山市","town":"堤町通り"}],"0824":[{"pref":"富山県","city":"富山市","town":"鶴ケ丘町"}],"0874":[{"pref":"富山県","city":"富山市","town":"寺町"}],"0875":[{"pref":"富山県","city":"富山市","town":"寺町けや木台"}],"0955":[{"pref":"富山県","city":"富山市","town":"天正寺"}],"0078":[{"pref":"富山県","city":"富山市","town":"土居原町"}],"0834":[{"pref":"富山県","city":"富山市","town":"問屋町"}],"0047":[{"pref":"富山県","city":"富山市","town":"常盤町"}],"0163":[{"pref":"富山県","city":"富山市","town":"栃谷"}],"0928":[{"pref":"富山県","city":"富山市","town":"富岡町"}],"0049":[{"pref":"富山県","city":"富山市","town":"豊川町"}],"0974":[{"pref":"富山県","city":"富山市","town":"長江"}],"0972":[{"pref":"富山県","city":"富山市","town":"長江新町"}],"0973":[{"pref":"富山県","city":"富山市","town":"長江東町"}],"0962":[{"pref":"富山県","city":"富山市","town":"長江本町"}],"0076":[{"pref":"富山県","city":"富山市","town":"長柄町"}],"0166":[{"pref":"富山県","city":"富山市","town":"中老田"}],"0111":[{"pref":"富山県","city":"富山市","town":"長岡"}],"0113":[{"pref":"富山県","city":"富山市","town":"長岡新"}],"0101":[{"pref":"富山県","city":"富山市","town":"中沖"}],"0801":[{"pref":"富山県","city":"富山市","town":"中島"}],"0903":[{"pref":"富山県","city":"富山市","town":"中野新"}],"0832":[{"pref":"富山県","city":"富山市","town":"中冨居"}],"0830":[{"pref":"富山県","city":"富山市","town":"中冨居新町"}],"0831":[{"pref":"富山県","city":"富山市","town":"鍋田"}],"0068":[{"pref":"富山県","city":"富山市","town":"西四十物町"}],"0165":[{"pref":"富山県","city":"富山市","town":"西押川"}],"0143":[{"pref":"富山県","city":"富山市","town":"西金屋"}],"0073":[{"pref":"富山県","city":"富山市","town":"西山王町"}],"0981":[{"pref":"富山県","city":"富山市","town":"西新庄"}],"0062":[{"pref":"富山県","city":"富山市","town":"西町"}],"0975":[{"pref":"富山県","city":"富山市","town":"西長江"}],"0961":[{"pref":"富山県","city":"富山市","town":"西長江本町"}],"0177":[{"pref":"富山県","city":"富山市","town":"西二俣"}],"0173":[{"pref":"富山県","city":"富山市","town":"野口"},{"pref":"富山県","city":"富山市","town":"野口南部"},{"pref":"富山県","city":"富山市","town":"野口北部"}],"0171":[{"pref":"富山県","city":"富山市","town":"野々上"}],"0174":[{"pref":"富山県","city":"富山市","town":"野町"}],"0069":[{"pref":"富山県","city":"富山市","town":"旅籠町"}],"0896":[{"pref":"富山県","city":"富山市","town":"畑中"}],"0026":[{"pref":"富山県","city":"富山市","town":"八人町"}],"0112":[{"pref":"富山県","city":"富山市","town":"八ケ山"}],"0162":[{"pref":"富山県","city":"富山市","town":"花木"}],"0864":[{"pref":"富山県","city":"富山市","town":"羽根"}],"0964":[{"pref":"富山県","city":"富山市","town":"東石金町"}],"0161":[{"pref":"富山県","city":"富山市","town":"東老田"}],"0017":[{"pref":"富山県","city":"富山市","town":"東田地方町"}],"0039":[{"pref":"富山県","city":"富山市","town":"東町"}],"0848":[{"pref":"富山県","city":"富山市","town":"久方町"}],"0025":[{"pref":"富山県","city":"富山市","town":"日之出町"}],"0912":[{"pref":"富山県","city":"富山市","town":"日俣"}],"0885":[{"pref":"富山県","city":"富山市","town":"鵯島"}],"0886":[{"pref":"富山県","city":"富山市","town":"ひよどり南台"}],"0154":[{"pref":"富山県","city":"富山市","town":"平岡"}],"0944":[{"pref":"富山県","city":"富山市","town":"開"}],"0157":[{"pref":"富山県","city":"富山市","town":"開ケ丘"}],"0071":[{"pref":"富山県","city":"富山市","town":"平吹町"}],"0833":[{"pref":"富山県","city":"富山市","town":"冨居栄町"}],"0965":[{"pref":"富山県","city":"富山市","town":"不二越本町"}],"0963":[{"pref":"富山県","city":"富山市","town":"不二越町"}],"0943":[{"pref":"富山県","city":"富山市","town":"藤代町"}],"0936":[{"pref":"富山県","city":"富山市","town":"藤木"}],"0933":[{"pref":"富山県","city":"富山市","town":"藤木新"}],"0932":[{"pref":"富山県","city":"富山市","town":"藤木新町"}],"0942":[{"pref":"富山県","city":"富山市","town":"藤の木園町"}],"0934":[{"pref":"富山県","city":"富山市","town":"藤の木台"}],"0941":[{"pref":"富山県","city":"富山市","town":"藤木中町"}],"0935":[{"pref":"富山県","city":"富山市","town":"藤見町"}],"0098":[{"pref":"富山県","city":"富山市","town":"舟橋今町"}],"0096":[{"pref":"富山県","city":"富山市","town":"舟橋北町"}],"0095":[{"pref":"富山県","city":"富山市","town":"舟橋南町"}],"0058":[{"pref":"富山県","city":"富山市","town":"古鍛冶町"}],"0151":[{"pref":"富山県","city":"富山市","town":"古沢"}],"0876":[{"pref":"富山県","city":"富山市","town":"文京町"}],"0065":[{"pref":"富山県","city":"富山市","town":"星井町"}],"0074":[{"pref":"富山県","city":"富山市","town":"堀端町"}],"0108":[{"pref":"富山県","city":"富山市","town":"本郷"},{"pref":"富山県","city":"富山市","town":"本郷中部"},{"pref":"富山県","city":"富山市","town":"本郷東部"},{"pref":"富山県","city":"富山市","town":"本郷西部"},{"pref":"富山県","city":"富山市","town":"本郷北部"}],"0911":[{"pref":"富山県","city":"富山市","town":"本郷島"}],"0029":[{"pref":"富山県","city":"富山市","town":"本町"}],"0081":[{"pref":"富山県","city":"富山市","town":"本丸"}],"0923":[{"pref":"富山県","city":"富山市","town":"町新"}],"0952":[{"pref":"富山県","city":"富山市","town":"町村"}],"0812":[{"pref":"富山県","city":"富山市","town":"松若町"}],"0085":[{"pref":"富山県","city":"富山市","town":"丸の内"}],"0038":[{"pref":"富山県","city":"富山市","town":"緑町"}],"0805":[{"pref":"富山県","city":"富山市","town":"湊入船町"}],"0054":[{"pref":"富山県","city":"富山市","town":"南新町"}],"0056":[{"pref":"富山県","city":"富山市","town":"南田町"}],"0902":[{"pref":"富山県","city":"富山市","town":"宮成新"}],"0916":[{"pref":"富山県","city":"富山市","town":"向新庄"},{"pref":"富山県","city":"富山市","town":"向新庄町"}],"0041":[{"pref":"富山県","city":"富山市","town":"向川原町"}],"0051":[{"pref":"富山県","city":"富山市","town":"室町通り"}],"0001":[{"pref":"富山県","city":"富山市","town":"明輪町"}],"0033":[{"pref":"富山県","city":"富山市","town":"元町"}],"0072":[{"pref":"富山県","city":"富山市","town":"桃井町"}],"0092":[{"pref":"富山県","city":"富山市","town":"安田町"}],"0087":[{"pref":"富山県","city":"富山市","town":"安野屋町"}],"0016":[{"pref":"富山県","city":"富山市","town":"柳町"}],"0019":[{"pref":"富山県","city":"富山市","town":"弥生町"}],"0142":[{"pref":"富山県","city":"富山市","town":"吉作"}],"0141":[{"pref":"富山県","city":"富山市","town":"吉作新町"}],"0841":[{"pref":"富山県","city":"富山市","town":"四ツ葉町"}],"0200":[{"pref":"富山県","city":"中新川郡舟橋村","town":"以下に掲載がない場合"},{"pref":"富山県","city":"中新川郡立山町","town":"以下に掲載がない場合"}],"0287":[{"pref":"富山県","city":"中新川郡舟橋村","town":"稲荷"}],"0283":[{"pref":"富山県","city":"中新川郡舟橋村","town":"海老江"}],"0288":[{"pref":"富山県","city":"中新川郡舟橋村","town":"国重"}],"0289":[{"pref":"富山県","city":"中新川郡舟橋村","town":"竹内"}],"0284":[{"pref":"富山県","city":"中新川郡舟橋村","town":"竹鼻"}],"0286":[{"pref":"富山県","city":"中新川郡舟橋村","town":"東芦原"}],"0282":[{"pref":"富山県","city":"中新川郡舟橋村","town":"仏生寺"}],"0281":[{"pref":"富山県","city":"中新川郡舟橋村","town":"舟橋"}],"0285":[{"pref":"富山県","city":"中新川郡舟橋村","town":"古海老江"}],"0300":[{"pref":"富山県","city":"中新川郡上市町","town":"以下に掲載がない場合"}],"0374":[{"pref":"富山県","city":"中新川郡上市町","town":"相ノ木新町"}],"0384":[{"pref":"富山県","city":"中新川郡上市町","town":"青出新"}],"0331":[{"pref":"富山県","city":"中新川郡上市町","town":"旭町"}],"0464":[{"pref":"富山県","city":"中新川郡上市町","town":"浅生"}],"0377":[{"pref":"富山県","city":"中新川郡上市町","town":"新清水"}],"0471":[{"pref":"富山県","city":"中新川郡上市町","town":"新屋"}],"0305":[{"pref":"富山県","city":"中新川郡上市町","town":"荒田"}],"0385":[{"pref":"富山県","city":"中新川郡上市町","town":"飯坂"}],"0387":[{"pref":"富山県","city":"中新川郡上市町","town":"飯坂新"}],"0437":[{"pref":"富山県","city":"中新川郡上市町","town":"伊折"}],"0332":[{"pref":"富山県","city":"中新川郡上市町","town":"石浦町"}],"0302":[{"pref":"富山県","city":"中新川郡上市町","town":"石仏"}],"0413":[{"pref":"富山県","city":"中新川郡上市町","town":"一の越"}],"0432":[{"pref":"富山県","city":"中新川郡上市町","town":"稲村"}],"0414":[{"pref":"富山県","city":"中新川郡上市町","town":"永代"}],"0318":[{"pref":"富山県","city":"中新川郡上市町","town":"江上"}],"0317":[{"pref":"富山県","city":"中新川郡上市町","town":"江又"}],"0463":[{"pref":"富山県","city":"中新川郡上市町","town":"大岩"}],"0465":[{"pref":"富山県","city":"中新川郡上市町","town":"大沢"}],"0354":[{"pref":"富山県","city":"中新川郡上市町","town":"大坪"}],"0462":[{"pref":"富山県","city":"中新川郡上市町","town":"大松"}],"0461":[{"pref":"富山県","city":"中新川郡上市町","town":"大松新"}],"0303":[{"pref":"富山県","city":"中新川郡上市町","town":"大永田"}],"0472":[{"pref":"富山県","city":"中新川郡上市町","town":"女川"}],"0435":[{"pref":"富山県","city":"中新川郡上市町","town":"折戸"}],"0473":[{"pref":"富山県","city":"中新川郡上市町","town":"柿沢"}],"0406":[{"pref":"富山県","city":"中新川郡上市町","town":"柿沢新"}],"0346":[{"pref":"富山県","city":"中新川郡上市町","town":"鍵町"}],"0421":[{"pref":"富山県","city":"中新川郡上市町","town":"片地"}],"0375":[{"pref":"富山県","city":"中新川郡上市町","town":"上荒又"}],"0372":[{"pref":"富山県","city":"中新川郡上市町","town":"上経田"}],"0356":[{"pref":"富山県","city":"中新川郡上市町","town":"上正"}],"0333":[{"pref":"富山県","city":"中新川郡上市町","town":"上中町"}],"0352":[{"pref":"富山県","city":"中新川郡上市町","town":"上法音寺"}],"0368":[{"pref":"富山県","city":"中新川郡上市町","town":"川原田"}],"0351":[{"pref":"富山県","city":"中新川郡上市町","town":"北島"}],"0347":[{"pref":"富山県","city":"中新川郡上市町","town":"熊野町"}],"0416":[{"pref":"富山県","city":"中新川郡上市町","town":"黒川"}],"0434":[{"pref":"富山県","city":"中新川郡上市町","town":"下田"}],"0417":[{"pref":"富山県","city":"中新川郡上市町","town":"五位尾"}],"0405":[{"pref":"富山県","city":"中新川郡上市町","town":"郷柿沢"}],"0451":[{"pref":"富山県","city":"中新川郡上市町","town":"極楽寺"}],"0443":[{"pref":"富山県","city":"中新川郡上市町","town":"骨原"}],"0424":[{"pref":"富山県","city":"中新川郡上市町","town":"斉ノ神新"}],"0335":[{"pref":"富山県","city":"中新川郡上市町","town":"幸町"}],"0322":[{"pref":"富山県","city":"中新川郡上市町","town":"栄町"}],"0422":[{"pref":"富山県","city":"中新川郡上市町","town":"眼目"}],"0458":[{"pref":"富山県","city":"中新川郡上市町","town":"眼目新"}],"0467":[{"pref":"富山県","city":"中新川郡上市町","town":"塩谷"}],"0382":[{"pref":"富山県","city":"中新川郡上市町","town":"下青出"}],"0376":[{"pref":"富山県","city":"中新川郡上市町","town":"下荒又"}],"0373":[{"pref":"富山県","city":"中新川郡上市町","town":"下経田"}],"0431":[{"pref":"富山県","city":"中新川郡上市町","town":"釈泉寺"}],"0357":[{"pref":"富山県","city":"中新川郡上市町","town":"正印"}],"0358":[{"pref":"富山県","city":"中新川郡上市町","town":"正印新"}],"0383":[{"pref":"富山県","city":"中新川郡上市町","town":"上条沖"}],"0365":[{"pref":"富山県","city":"中新川郡上市町","town":"神田"}],"0324":[{"pref":"富山県","city":"中新川郡上市町","town":"新町"}],"0366":[{"pref":"富山県","city":"中新川郡上市町","town":"新村"}],"0342":[{"pref":"富山県","city":"中新川郡上市町","town":"神明町"}],"0411":[{"pref":"富山県","city":"中新川郡上市町","town":"砂林開"}],"0452":[{"pref":"富山県","city":"中新川郡上市町","town":"須山"}],"0442":[{"pref":"富山県","city":"中新川郡上市町","town":"千石"}],"0301":[{"pref":"富山県","city":"中新川郡上市町","town":"竹鼻"}],"0425":[{"pref":"富山県","city":"中新川郡上市町","town":"田島野"}],"0474":[{"pref":"富山県","city":"中新川郡上市町","town":"舘"}],"0453":[{"pref":"富山県","city":"中新川郡上市町","town":"堤谷"}],"0321":[{"pref":"富山県","city":"中新川郡上市町","town":"天神町"}],"0386":[{"pref":"富山県","city":"中新川郡上市町","town":"中青出"}],"0313":[{"pref":"富山県","city":"中新川郡上市町","town":"中江上"}],"0371":[{"pref":"富山県","city":"中新川郡上市町","town":"中開発"}],"0316":[{"pref":"富山県","city":"中新川郡上市町","town":"中小泉"}],"0433":[{"pref":"富山県","city":"中新川郡上市町","town":"中村"}],"0341":[{"pref":"富山県","city":"中新川郡上市町","town":"錦町"}],"0444":[{"pref":"富山県","city":"中新川郡上市町","town":"西種"}],"0323":[{"pref":"富山県","city":"中新川郡上市町","town":"西町"}],"0334":[{"pref":"富山県","city":"中新川郡上市町","town":"西中町"}],"0403":[{"pref":"富山県","city":"中新川郡上市町","town":"野開発"}],"0423":[{"pref":"富山県","city":"中新川郡上市町","town":"野島"}],"0367":[{"pref":"富山県","city":"中新川郡上市町","town":"野福"}],"0438":[{"pref":"富山県","city":"中新川郡上市町","town":"馬場島"}],"0362":[{"pref":"富山県","city":"中新川郡上市町","town":"稗田"}],"0312":[{"pref":"富山県","city":"中新川郡上市町","town":"東江上"}],"0441":[{"pref":"富山県","city":"中新川郡上市町","town":"東種"}],"0343":[{"pref":"富山県","city":"中新川郡上市町","town":"東町"}],"0381":[{"pref":"富山県","city":"中新川郡上市町","town":"久金"}],"0388":[{"pref":"富山県","city":"中新川郡上市町","town":"久金新"}],"0466":[{"pref":"富山県","city":"中新川郡上市町","town":"桧谷"}],"0402":[{"pref":"富山県","city":"中新川郡上市町","town":"広市新"}],"0412":[{"pref":"富山県","city":"中新川郡上市町","town":"広野"}],"0401":[{"pref":"富山県","city":"中新川郡上市町","town":"広野新"}],"0353":[{"pref":"富山県","city":"中新川郡上市町","town":"法音寺"}],"0378":[{"pref":"富山県","city":"中新川郡上市町","town":"放士ケ瀬"}],"0379":[{"pref":"富山県","city":"中新川郡上市町","town":"放士ケ瀬新"}],"0415":[{"pref":"富山県","city":"中新川郡上市町","town":"松原野"}],"0336":[{"pref":"富山県","city":"中新川郡上市町","town":"松和町"}],"0456":[{"pref":"富山県","city":"中新川郡上市町","town":"丸山"}],"0445":[{"pref":"富山県","city":"中新川郡上市町","town":"水上"}],"0404":[{"pref":"富山県","city":"中新川郡上市町","town":"三杉町"}],"0325":[{"pref":"富山県","city":"中新川郡上市町","town":"三日市"}],"0345":[{"pref":"富山県","city":"中新川郡上市町","town":"南町"}],"0304":[{"pref":"富山県","city":"中新川郡上市町","town":"森尻"}],"0344":[{"pref":"富山県","city":"中新川郡上市町","town":"森元町"}],"0311":[{"pref":"富山県","city":"中新川郡上市町","town":"弥市"}],"0326":[{"pref":"富山県","city":"中新川郡上市町","town":"柳町"}],"0361":[{"pref":"富山県","city":"中新川郡上市町","town":"湯上野"}],"0455":[{"pref":"富山県","city":"中新川郡上市町","town":"湯崎野"}],"0454":[{"pref":"富山県","city":"中新川郡上市町","town":"湯神子"}],"0457":[{"pref":"富山県","city":"中新川郡上市町","town":"湯神子野"}],"0364":[{"pref":"富山県","city":"中新川郡上市町","town":"横越"}],"0355":[{"pref":"富山県","city":"中新川郡上市町","town":"横法音寺"}],"0359":[{"pref":"富山県","city":"中新川郡上市町","town":"四葉台"}],"0436":[{"pref":"富山県","city":"中新川郡上市町","town":"蓬沢"}],"0314":[{"pref":"富山県","city":"中新川郡上市町","town":"若杉"}],"0315":[{"pref":"富山県","city":"中新川郡上市町","town":"若杉新"}],"0363":[{"pref":"富山県","city":"中新川郡上市町","town":"和合"}],"0271":[{"pref":"富山県","city":"中新川郡立山町","town":"浅生"}],"0201":[{"pref":"富山県","city":"中新川郡立山町","town":"泉"}],"0256":[{"pref":"富山県","city":"中新川郡立山町","town":"一本木"}],"0246":[{"pref":"富山県","city":"中新川郡立山町","town":"鋳物師沢"}],"0208":[{"pref":"富山県","city":"中新川郡立山町","town":"浦田"}],"0207":[{"pref":"富山県","city":"中新川郡立山町","town":"浦田新"}],"0235":[{"pref":"富山県","city":"中新川郡立山町","town":"榎"}],"0261":[{"pref":"富山県","city":"中新川郡立山町","town":"大石原"}],"0216":[{"pref":"富山県","city":"中新川郡立山町","town":"大窪"}],"0253":[{"pref":"富山県","city":"中新川郡立山町","town":"大窪開"}],"0251":[{"pref":"富山県","city":"中新川郡立山町","town":"大島"}],"0263":[{"pref":"富山県","city":"中新川郡立山町","town":"大清水"}],"0237":[{"pref":"富山県","city":"中新川郡立山町","town":"柿の木沢"}],"0233":[{"pref":"富山県","city":"中新川郡立山町","town":"上金剛寺"}],"0223":[{"pref":"富山県","city":"中新川郡立山町","town":"上鉾木"}],"0257":[{"pref":"富山県","city":"中新川郡立山町","town":"川原木"}],"0227":[{"pref":"富山県","city":"中新川郡立山町","town":"草野"}],"0262":[{"pref":"富山県","city":"中新川郡立山町","town":"蔵本新"}],"0214":[{"pref":"富山県","city":"中新川郡立山町","town":"五百石"}],"0274":[{"pref":"富山県","city":"中新川郡立山町","town":"五郎丸"}],"0232":[{"pref":"富山県","city":"中新川郡立山町","town":"金剛寺"}],"0231":[{"pref":"富山県","city":"中新川郡立山町","town":"坂井沢"}],"0245":[{"pref":"富山県","city":"中新川郡立山町","town":"沢中山"},{"pref":"富山県","city":"中新川郡立山町","town":"中山"}],"0212":[{"pref":"富山県","city":"中新川郡立山町","town":"沢端"}],"0234":[{"pref":"富山県","city":"中新川郡立山町","town":"下段"}],"0236":[{"pref":"富山県","city":"中新川郡立山町","town":"新堀"}],"0247":[{"pref":"富山県","city":"中新川郡立山町","town":"末三賀"}],"0244":[{"pref":"富山県","city":"中新川郡立山町","town":"末谷口"}],"0268":[{"pref":"富山県","city":"中新川郡立山町","town":"高原八ツ屋"}],"0206":[{"pref":"富山県","city":"中新川郡立山町","town":"竹鼻新"}],"0219":[{"pref":"富山県","city":"中新川郡立山町","town":"田添"}],"0228":[{"pref":"富山県","city":"中新川郡立山町","town":"手屋"}],"0272":[{"pref":"富山県","city":"中新川郡立山町","town":"塚越"}],"0211":[{"pref":"富山県","city":"中新川郡立山町","town":"辻"}],"0204":[{"pref":"富山県","city":"中新川郡立山町","town":"寺田"}],"0209":[{"pref":"富山県","city":"中新川郡立山町","town":"寺田ことぶき町"}],"0205":[{"pref":"富山県","city":"中新川郡立山町","town":"寺田新"}],"0242":[{"pref":"富山県","city":"中新川郡立山町","town":"寺坪"}],"0241":[{"pref":"富山県","city":"中新川郡立山町","town":"道源寺"}],"0226":[{"pref":"富山県","city":"中新川郡立山町","town":"道新"}],"0265":[{"pref":"富山県","city":"中新川郡立山町","town":"泊新"}],"0269":[{"pref":"富山県","city":"中新川郡立山町","town":"半屋"}],"0224":[{"pref":"富山県","city":"中新川郡立山町","town":"西芦原"}],"0267":[{"pref":"富山県","city":"中新川郡立山町","town":"西大森"}],"0222":[{"pref":"富山県","city":"中新川郡立山町","town":"貫田"}],"0217":[{"pref":"富山県","city":"中新川郡立山町","town":"野口"}],"0213":[{"pref":"富山県","city":"中新川郡立山町","town":"野口新"}],"0248":[{"pref":"富山県","city":"中新川郡立山町","town":"野村"}],"0264":[{"pref":"富山県","city":"中新川郡立山町","town":"東大森"}],"0252":[{"pref":"富山県","city":"中新川郡立山町","town":"日俣"}],"0218":[{"pref":"富山県","city":"中新川郡立山町","town":"二ツ塚"}],"0254":[{"pref":"富山県","city":"中新川郡立山町","town":"古川"}],"0276":[{"pref":"富山県","city":"中新川郡立山町","town":"鉾ノ木"}],"0225":[{"pref":"富山県","city":"中新川郡立山町","town":"本郷島"}],"0221":[{"pref":"富山県","city":"中新川郡立山町","town":"前沢"}],"0229":[{"pref":"富山県","city":"中新川郡立山町","town":"前沢新町"}],"0220":[{"pref":"富山県","city":"中新川郡立山町","town":"前沢中央町"}],"0266":[{"pref":"富山県","city":"中新川郡立山町","town":"三ツ塚"},{"pref":"富山県","city":"中新川郡立山町","town":"三ツ塚新"}],"0215":[{"pref":"富山県","city":"中新川郡立山町","town":"宮成"}],"0255":[{"pref":"富山県","city":"中新川郡立山町","town":"向新庄"}],"0273":[{"pref":"富山県","city":"中新川郡立山町","town":"横沢"}],"0243":[{"pref":"富山県","city":"中新川郡立山町","town":"米道（その他）"}],"0275":[{"pref":"富山県","city":"中新川郡立山町","town":"利田"}],"0203":[{"pref":"富山県","city":"中新川郡立山町","town":"若林"}],"0202":[{"pref":"富山県","city":"中新川郡立山町","town":"若宮"}]}