{"0000":[{"pref":"北海道","city":"河西郡芽室町","town":"以下に掲載がない場合"}],"0382":[{"pref":"北海道","city":"河西郡芽室町","town":"雄馬別"}],"0384":[{"pref":"北海道","city":"河西郡芽室町","town":"上美生"}],"0381":[{"pref":"北海道","city":"河西郡芽室町","town":"上伏古"}],"0085":[{"pref":"北海道","city":"河西郡芽室町","town":"上芽室基線"}],"0084":[{"pref":"北海道","city":"河西郡芽室町","town":"上芽室北"}],"0087":[{"pref":"北海道","city":"河西郡芽室町","town":"上芽室東"}],"0077":[{"pref":"北海道","city":"河西郡芽室町","town":"上芽室南"}],"0082":[{"pref":"北海道","city":"河西郡芽室町","town":"北伏古東"}],"0072":[{"pref":"北海道","city":"河西郡芽室町","town":"北伏古南"}],"0007":[{"pref":"北海道","city":"河西郡芽室町","town":"北芽室（芽室太、美藁）"}],"0008":[{"pref":"北海道","city":"河西郡芽室町","town":"毛根"}],"0074":[{"pref":"北海道","city":"河西郡芽室町","town":"栄（柏友、光栄、豊来、常盤、丸山）"}],"0075":[{"pref":"北海道","city":"河西郡芽室町","town":"坂の上（博進）"}],"0385":[{"pref":"北海道","city":"河西郡芽室町","town":"渋山（上渋山）"}],"0078":[{"pref":"北海道","city":"河西郡芽室町","town":"渋山（その他）"}],"0010":[{"pref":"北海道","city":"河西郡芽室町","town":"祥栄北"}],"0009":[{"pref":"北海道","city":"河西郡芽室町","town":"祥栄西"}],"0079":[{"pref":"北海道","city":"河西郡芽室町","town":"新朝日"}],"0071":[{"pref":"北海道","city":"河西郡芽室町","town":"新生"}],"0081":[{"pref":"北海道","city":"河西郡芽室町","town":"新生南"}],"0086":[{"pref":"北海道","city":"河西郡芽室町","town":"中美生"}],"0073":[{"pref":"北海道","city":"河西郡芽室町","town":"中伏古"}],"0083":[{"pref":"北海道","city":"河西郡芽室町","town":"中伏古東"}],"0003":[{"pref":"北海道","city":"河西郡芽室町","town":"西士狩（国見）"}],"0031":[{"pref":"北海道","city":"河西郡芽室町","town":"西一条"}],"0032":[{"pref":"北海道","city":"河西郡芽室町","town":"西二条"}],"0033":[{"pref":"北海道","city":"河西郡芽室町","town":"西三条"}],"0034":[{"pref":"北海道","city":"河西郡芽室町","town":"西四条"}],"0035":[{"pref":"北海道","city":"河西郡芽室町","town":"西五条"}],"0036":[{"pref":"北海道","city":"河西郡芽室町","town":"西六条"}],"0037":[{"pref":"北海道","city":"河西郡芽室町","town":"西七条"}],"0038":[{"pref":"北海道","city":"河西郡芽室町","town":"西八条"}],"0039":[{"pref":"北海道","city":"河西郡芽室町","town":"西九条"}],"0040":[{"pref":"北海道","city":"河西郡芽室町","town":"西十条"}],"0041":[{"pref":"北海道","city":"河西郡芽室町","town":"西十一条"}],"0061":[{"pref":"北海道","city":"河西郡芽室町","town":"西一条南"}],"0062":[{"pref":"北海道","city":"河西郡芽室町","town":"西二条南"}],"0063":[{"pref":"北海道","city":"河西郡芽室町","town":"西三条南"}],"0064":[{"pref":"北海道","city":"河西郡芽室町","town":"西四条南"}],"0801":[{"pref":"北海道","city":"河西郡芽室町","town":"東めむろ一条北"}],"0811":[{"pref":"北海道","city":"河西郡芽室町","town":"東めむろ一条南"}],"0802":[{"pref":"北海道","city":"河西郡芽室町","town":"東めむろ二条北"}],"0812":[{"pref":"北海道","city":"河西郡芽室町","town":"東めむろ二条南"}],"0803":[{"pref":"北海道","city":"河西郡芽室町","town":"東めむろ三条北"}],"0813":[{"pref":"北海道","city":"河西郡芽室町","town":"東めむろ三条南"}],"0005":[{"pref":"北海道","city":"河西郡芽室町","town":"東芽室基線（日甜）"}],"0006":[{"pref":"北海道","city":"河西郡芽室町","town":"東芽室南（大成）"}],"0004":[{"pref":"北海道","city":"河西郡芽室町","town":"東芽室北（下美生）"}],"0011":[{"pref":"北海道","city":"河西郡芽室町","town":"東一条"}],"0012":[{"pref":"北海道","city":"河西郡芽室町","town":"東二条"}],"0013":[{"pref":"北海道","city":"河西郡芽室町","town":"東三条"}],"0014":[{"pref":"北海道","city":"河西郡芽室町","town":"東四条"}],"0015":[{"pref":"北海道","city":"河西郡芽室町","town":"東五条"}],"0016":[{"pref":"北海道","city":"河西郡芽室町","town":"東六条"}],"0017":[{"pref":"北海道","city":"河西郡芽室町","town":"東七条"}],"0018":[{"pref":"北海道","city":"河西郡芽室町","town":"東八条"}],"0019":[{"pref":"北海道","city":"河西郡芽室町","town":"東九条"}],"0020":[{"pref":"北海道","city":"河西郡芽室町","town":"東十条"}],"0021":[{"pref":"北海道","city":"河西郡芽室町","town":"東十一条"}],"0022":[{"pref":"北海道","city":"河西郡芽室町","town":"東十二条"}],"0051":[{"pref":"北海道","city":"河西郡芽室町","town":"東一条南"}],"0052":[{"pref":"北海道","city":"河西郡芽室町","town":"東二条南"}],"0053":[{"pref":"北海道","city":"河西郡芽室町","town":"東三条南"}],"0054":[{"pref":"北海道","city":"河西郡芽室町","town":"東四条南"}],"0056":[{"pref":"北海道","city":"河西郡芽室町","town":"東六条南"}],"0057":[{"pref":"北海道","city":"河西郡芽室町","town":"東七条南"}],"0076":[{"pref":"北海道","city":"河西郡芽室町","town":"美生"}],"0383":[{"pref":"北海道","city":"河西郡芽室町","town":"伏美"}],"0001":[{"pref":"北海道","city":"河西郡芽室町","town":"平和"}],"0002":[{"pref":"北海道","city":"河西郡芽室町","town":"北明（光勇）"}],"0030":[{"pref":"北海道","city":"河西郡芽室町","town":"本通"}],"0060":[{"pref":"北海道","city":"河西郡芽室町","town":"本通南"}],"0043":[{"pref":"北海道","city":"河西郡芽室町","town":"芽室基線（元町）"}],"0044":[{"pref":"北海道","city":"河西郡芽室町","town":"芽室南（南弥生、高岩）"}],"0042":[{"pref":"北海道","city":"河西郡芽室町","town":"芽室北（西芽室、中島）"}]}