{"0000":[{"pref":"群馬県","city":"桐生市","town":"以下に掲載がない場合"}],"0011":[{"pref":"群馬県","city":"桐生市","town":"相生町"}],"0037":[{"pref":"群馬県","city":"桐生市","town":"旭町"}],"0032":[{"pref":"群馬県","city":"桐生市","town":"東町"}],"0033":[{"pref":"群馬県","city":"桐生市","town":"泉町"}],"0022":[{"pref":"群馬県","city":"桐生市","town":"稲荷町"}],"0601":[{"pref":"群馬県","city":"桐生市","town":"梅田町"}],"0044":[{"pref":"群馬県","city":"桐生市","town":"永楽町"}],"0024":[{"pref":"群馬県","city":"桐生市","town":"織姫町"}],"0041":[{"pref":"群馬県","city":"桐生市","town":"川内町"}],"0036":[{"pref":"群馬県","city":"桐生市","town":"川岸町"}],"0026":[{"pref":"群馬県","city":"桐生市","town":"清瀬町"}],"0145":[{"pref":"群馬県","city":"桐生市","town":"黒保根町上田沢"}],"0144":[{"pref":"群馬県","city":"桐生市","town":"黒保根町下田沢"}],"0143":[{"pref":"群馬県","city":"桐生市","town":"黒保根町宿廻"}],"0141":[{"pref":"群馬県","city":"桐生市","town":"黒保根町水沼"}],"0142":[{"pref":"群馬県","city":"桐生市","town":"黒保根町八木原"}],"0004":[{"pref":"群馬県","city":"桐生市","town":"小梅町"}],"0043":[{"pref":"群馬県","city":"桐生市","town":"小曾根町"}],"0003":[{"pref":"群馬県","city":"桐生市","town":"琴平町"}],"0002":[{"pref":"群馬県","city":"桐生市","town":"境野町"}],"0012":[{"pref":"群馬県","city":"桐生市","town":"桜木町"}],"0006":[{"pref":"群馬県","city":"桐生市","town":"新宿"}],"0045":[{"pref":"群馬県","city":"桐生市","town":"末広町"}],"0038":[{"pref":"群馬県","city":"桐生市","town":"高砂町"}],"0042":[{"pref":"群馬県","city":"桐生市","town":"堤町"}],"0052":[{"pref":"群馬県","city":"桐生市","town":"天神町"}],"0021":[{"pref":"群馬県","city":"桐生市","town":"巴町"}],"0035":[{"pref":"群馬県","city":"桐生市","town":"仲町"}],"0137":[{"pref":"群馬県","city":"桐生市","town":"新里町赤城山"}],"0136":[{"pref":"群馬県","city":"桐生市","town":"新里町板橋"}],"0133":[{"pref":"群馬県","city":"桐生市","town":"新里町大久保"}],"0131":[{"pref":"群馬県","city":"桐生市","town":"新里町奥沢"}],"0124":[{"pref":"群馬県","city":"桐生市","town":"新里町小林"}],"0134":[{"pref":"群馬県","city":"桐生市","town":"新里町関"}],"0135":[{"pref":"群馬県","city":"桐生市","town":"新里町高泉"}],"0123":[{"pref":"群馬県","city":"桐生市","town":"新里町武井"}],"0132":[{"pref":"群馬県","city":"桐生市","town":"新里町鶴ケ谷"}],"0121":[{"pref":"群馬県","city":"桐生市","town":"新里町新川"}],"0122":[{"pref":"群馬県","city":"桐生市","town":"新里町野"}],"0125":[{"pref":"群馬県","city":"桐生市","town":"新里町山上"}],"0023":[{"pref":"群馬県","city":"桐生市","town":"錦町"}],"0054":[{"pref":"群馬県","city":"桐生市","town":"西久方町"}],"0007":[{"pref":"群馬県","city":"桐生市","town":"浜松町"}],"0034":[{"pref":"群馬県","city":"桐生市","town":"東"}],"0053":[{"pref":"群馬県","city":"桐生市","town":"東久方町"}],"0001":[{"pref":"群馬県","city":"桐生市","town":"菱町"}],"0051":[{"pref":"群馬県","city":"桐生市","town":"平井町"}],"0013":[{"pref":"群馬県","city":"桐生市","town":"広沢町"}],"0014":[{"pref":"群馬県","city":"桐生市","town":"広沢町間ノ島"}],"0031":[{"pref":"群馬県","city":"桐生市","town":"本町"}],"0025":[{"pref":"群馬県","city":"桐生市","town":"美原町"}],"0046":[{"pref":"群馬県","city":"桐生市","town":"宮前町"}],"0056":[{"pref":"群馬県","city":"桐生市","town":"宮本町"}],"0005":[{"pref":"群馬県","city":"桐生市","town":"三吉町"}],"0027":[{"pref":"群馬県","city":"桐生市","town":"元宿町"}],"0055":[{"pref":"群馬県","city":"桐生市","town":"横山町"}],"0100":[{"pref":"群馬県","city":"みどり市","town":"以下に掲載がない場合"}],"0306":[{"pref":"群馬県","city":"みどり市","town":"東町荻原"}],"0302":[{"pref":"群馬県","city":"みどり市","town":"東町草木"}],"0304":[{"pref":"群馬県","city":"みどり市","town":"東町神戸"}],"0308":[{"pref":"群馬県","city":"みどり市","town":"東町小中"}],"0303":[{"pref":"群馬県","city":"みどり市","town":"東町座間"}],"0305":[{"pref":"群馬県","city":"みどり市","town":"東町小夜戸"}],"0301":[{"pref":"群馬県","city":"みどり市","town":"東町沢入"}],"0307":[{"pref":"群馬県","city":"みどり市","town":"東町花輪"}],"0114":[{"pref":"群馬県","city":"みどり市","town":"大間々町浅原"}],"0101":[{"pref":"群馬県","city":"みどり市","town":"大間々町大間々"}],"0111":[{"pref":"群馬県","city":"みどり市","town":"大間々町小平"}],"0104":[{"pref":"群馬県","city":"みどり市","town":"大間々町上神梅"}],"0102":[{"pref":"群馬県","city":"みどり市","town":"大間々町桐原"}],"0116":[{"pref":"群馬県","city":"みどり市","town":"大間々町塩沢"}],"0115":[{"pref":"群馬県","city":"みどり市","town":"大間々町塩原"}],"0103":[{"pref":"群馬県","city":"みどり市","town":"大間々町下神梅"}],"0113":[{"pref":"群馬県","city":"みどり市","town":"大間々町高津戸"}],"0112":[{"pref":"群馬県","city":"みどり市","town":"大間々町長尾根"}]}