{"1101":[{"pref":"宮城県","city":"石巻市","town":"前谷地"}],"1102":[{"pref":"宮城県","city":"石巻市","town":"和渕"}],"1103":[{"pref":"宮城県","city":"石巻市","town":"北村"}],"1221":[{"pref":"宮城県","city":"石巻市","town":"須江"}],"1222":[{"pref":"宮城県","city":"石巻市","town":"広渕"}],"1301":[{"pref":"宮城県","city":"大崎市","town":"松山須摩屋"}],"1302":[{"pref":"宮城県","city":"大崎市","town":"松山長尾"}],"1303":[{"pref":"宮城県","city":"大崎市","town":"松山金谷"}],"1304":[{"pref":"宮城県","city":"大崎市","town":"松山千石"}],"1305":[{"pref":"宮城県","city":"大崎市","town":"松山次橋"}],"1306":[{"pref":"宮城県","city":"大崎市","town":"松山下伊場野"}],"2001":[{"pref":"宮城県","city":"栗原市","town":"高清水蟹沢尻"}],"2002":[{"pref":"宮城県","city":"栗原市","town":"高清水八重壁"}],"2003":[{"pref":"宮城県","city":"栗原市","town":"高清水福塚"}],"2004":[{"pref":"宮城県","city":"栗原市","town":"高清水浦南沢"}],"2005":[{"pref":"宮城県","city":"栗原市","town":"高清水忽滑沢"}],"2011":[{"pref":"宮城県","city":"栗原市","town":"高清水京の沢"}],"2012":[{"pref":"宮城県","city":"栗原市","town":"高清水中の沢"}],"2013":[{"pref":"宮城県","city":"栗原市","town":"高清水欠屋敷"}],"2014":[{"pref":"宮城県","city":"栗原市","town":"高清水大沢"}],"2015":[{"pref":"宮城県","city":"栗原市","town":"高清水西中里"}],"2016":[{"pref":"宮城県","city":"栗原市","town":"高清水茂路具多"}],"2017":[{"pref":"宮城県","city":"栗原市","town":"高清水石沢"}],"2018":[{"pref":"宮城県","city":"栗原市","town":"高清水石沢浦"}],"2021":[{"pref":"宮城県","city":"栗原市","town":"高清水神原"}],"2022":[{"pref":"宮城県","city":"栗原市","town":"高清水原"}],"2023":[{"pref":"宮城県","city":"栗原市","town":"高清水熊野堂"}],"2024":[{"pref":"宮城県","city":"栗原市","town":"高清水小山田"}],"2025":[{"pref":"宮城県","city":"栗原市","town":"高清水大西"}],"2026":[{"pref":"宮城県","city":"栗原市","town":"高清水熊野"}],"2027":[{"pref":"宮城県","city":"栗原市","town":"高清水若宮"}],"2028":[{"pref":"宮城県","city":"栗原市","town":"高清水日向"}],"2031":[{"pref":"宮城県","city":"栗原市","town":"高清水新田"}],"2032":[{"pref":"宮城県","city":"栗原市","town":"高清水横手"}],"2033":[{"pref":"宮城県","city":"栗原市","town":"高清水浅野"}],"2034":[{"pref":"宮城県","city":"栗原市","town":"高清水明官"}],"2035":[{"pref":"宮城県","city":"栗原市","town":"高清水浅野前"}],"2036":[{"pref":"宮城県","city":"栗原市","town":"高清水南沢"}],"2041":[{"pref":"宮城県","city":"栗原市","town":"高清水要の森"}],"2042":[{"pref":"宮城県","city":"栗原市","town":"高清水宿の沢"}],"2043":[{"pref":"宮城県","city":"栗原市","town":"高清水手取"}],"2044":[{"pref":"宮城県","city":"栗原市","town":"高清水堤下"}],"2045":[{"pref":"宮城県","city":"栗原市","town":"高清水西手取"}],"2051":[{"pref":"宮城県","city":"栗原市","town":"高清水三森"}],"2052":[{"pref":"宮城県","city":"栗原市","town":"高清水宮脇"}],"2053":[{"pref":"宮城県","city":"栗原市","town":"高清水渕際"}],"2054":[{"pref":"宮城県","city":"栗原市","town":"高清水沖"}],"2055":[{"pref":"宮城県","city":"栗原市","town":"高清水五月田"}],"2111":[{"pref":"宮城県","city":"栗原市","town":"高清水影の沢"}],"2112":[{"pref":"宮城県","city":"栗原市","town":"高清水上折木"}],"2113":[{"pref":"宮城県","city":"栗原市","town":"高清水折木"}],"2114":[{"pref":"宮城県","city":"栗原市","town":"高清水下折木"}],"2115":[{"pref":"宮城県","city":"栗原市","town":"高清水一本松"}],"2116":[{"pref":"宮城県","city":"栗原市","town":"高清水来光沢"}],"2121":[{"pref":"宮城県","city":"栗原市","town":"高清水上佐野"}],"2122":[{"pref":"宮城県","city":"栗原市","town":"高清水中佐野"}],"2123":[{"pref":"宮城県","city":"栗原市","town":"高清水新佐野"}],"2124":[{"pref":"宮城県","city":"栗原市","town":"高清水下佐野"}],"2125":[{"pref":"宮城県","city":"栗原市","town":"高清水十二の神"}],"2126":[{"pref":"宮城県","city":"栗原市","town":"高清水大寺"}],"2127":[{"pref":"宮城県","city":"栗原市","town":"高清水佐野沢田"},{"pref":"宮城県","city":"栗原市","town":"高清水太子堂"}],"2128":[{"pref":"宮城県","city":"栗原市","town":"高清水佐野丁"}],"2131":[{"pref":"宮城県","city":"栗原市","town":"高清水水の手"}],"2132":[{"pref":"宮城県","city":"栗原市","town":"高清水東館"}],"2133":[{"pref":"宮城県","city":"栗原市","town":"高清水桜丁"}],"2141":[{"pref":"宮城県","city":"栗原市","town":"高清水上外沢田"},{"pref":"宮城県","city":"栗原市","town":"高清水北甚六原"}],"2142":[{"pref":"宮城県","city":"栗原市","town":"高清水外沢田"}],"2143":[{"pref":"宮城県","city":"栗原市","town":"高清水覚満寺"}],"2144":[{"pref":"宮城県","city":"栗原市","town":"高清水台町"}],"2145":[{"pref":"宮城県","city":"栗原市","town":"高清水向野"}],"2146":[{"pref":"宮城県","city":"栗原市","town":"高清水乙牧堀"},{"pref":"宮城県","city":"栗原市","town":"高清水甲牧堀"},{"pref":"宮城県","city":"栗原市","town":"高清水丁牧堀"},{"pref":"宮城県","city":"栗原市","town":"高清水丙牧堀"}],"2147":[{"pref":"宮城県","city":"栗原市","town":"高清水観音沢"},{"pref":"宮城県","city":"栗原市","town":"高清水観音堂"}],"2151":[{"pref":"宮城県","city":"栗原市","town":"高清水東浦"},{"pref":"宮城県","city":"栗原市","town":"高清水仰ケ返り"}],"2152":[{"pref":"宮城県","city":"栗原市","town":"高清水天王沢"}],"2153":[{"pref":"宮城県","city":"栗原市","town":"高清水北原"}],"2154":[{"pref":"宮城県","city":"栗原市","town":"高清水南原"}],"2155":[{"pref":"宮城県","city":"栗原市","town":"高清水萱刈"}],"2156":[{"pref":"宮城県","city":"栗原市","town":"高清水千神"}],"2157":[{"pref":"宮城県","city":"栗原市","town":"高清水中の茎"}],"2158":[{"pref":"宮城県","city":"栗原市","town":"高清水上萩田"},{"pref":"宮城県","city":"栗原市","town":"高清水新中の茎"},{"pref":"宮城県","city":"栗原市","town":"高清水本道"}],"2159":[{"pref":"宮城県","city":"栗原市","town":"高清水松の木沢田"}],"2161":[{"pref":"宮城県","city":"栗原市","town":"高清水神明"}],"2162":[{"pref":"宮城県","city":"栗原市","town":"高清水丁神明"}],"2163":[{"pref":"宮城県","city":"栗原市","town":"高清水勝負ケ町"}],"2164":[{"pref":"宮城県","city":"栗原市","town":"高清水新神明"}],"2171":[{"pref":"宮城県","city":"栗原市","town":"高清水長福寺"}],"2172":[{"pref":"宮城県","city":"栗原市","town":"高清水松原"}],"2173":[{"pref":"宮城県","city":"栗原市","town":"高清水桂葉"}],"2174":[{"pref":"宮城県","city":"栗原市","town":"高清水上桂葉"}],"2175":[{"pref":"宮城県","city":"栗原市","town":"高清水五輪"}],"2176":[{"pref":"宮城県","city":"栗原市","town":"高清水西善光寺"}],"2177":[{"pref":"宮城県","city":"栗原市","town":"高清水新桂葉"}],"2181":[{"pref":"宮城県","city":"栗原市","town":"高清水東善光寺"}],"2182":[{"pref":"宮城県","city":"栗原市","town":"高清水中里"}],"2183":[{"pref":"宮城県","city":"栗原市","town":"高清水袖山"}],"2184":[{"pref":"宮城県","city":"栗原市","town":"高清水善光寺"}],"2185":[{"pref":"宮城県","city":"栗原市","town":"高清水新町"}],"2186":[{"pref":"宮城県","city":"栗原市","town":"高清水中町"}],"2187":[{"pref":"宮城県","city":"栗原市","town":"高清水本町"}],"2188":[{"pref":"宮城県","city":"栗原市","town":"高清水小山下"}],"2189":[{"pref":"宮城県","city":"栗原市","town":"高清水下町"}],"2200":[{"pref":"宮城県","city":"栗原市","town":"以下に掲載がない場合"}],"2201":[{"pref":"宮城県","city":"栗原市","town":"築館富"}],"2202":[{"pref":"宮城県","city":"栗原市","town":"築館城生野"}],"2203":[{"pref":"宮城県","city":"栗原市","town":"築館下宮野"}],"2204":[{"pref":"宮城県","city":"栗原市","town":"築館黒瀬"}],"2205":[{"pref":"宮城県","city":"栗原市","town":"築館宮野中央"}],"2211":[{"pref":"宮城県","city":"栗原市","town":"築館源光"}],"2212":[{"pref":"宮城県","city":"栗原市","town":"築館木戸"}],"2213":[{"pref":"宮城県","city":"栗原市","town":"築館内南沢"}],"2214":[{"pref":"宮城県","city":"栗原市","town":"築館内沢"}],"2215":[{"pref":"宮城県","city":"栗原市","town":"築館高田"}],"2216":[{"pref":"宮城県","city":"栗原市","town":"築館伊豆"}],"2221":[{"pref":"宮城県","city":"栗原市","town":"築館下待井"}],"2222":[{"pref":"宮城県","city":"栗原市","town":"築館外南沢"}],"2223":[{"pref":"宮城県","city":"栗原市","town":"築館萩沢"}],"2224":[{"pref":"宮城県","city":"栗原市","town":"築館横須賀"}],"2225":[{"pref":"宮城県","city":"栗原市","town":"築館太田"}],"2226":[{"pref":"宮城県","city":"栗原市","town":"築館八沢"}],"2227":[{"pref":"宮城県","city":"栗原市","town":"築館光屋敷"}],"2228":[{"pref":"宮城県","city":"栗原市","town":"築館川添"}],"2229":[{"pref":"宮城県","city":"栗原市","town":"築館三峰"}],"2231":[{"pref":"宮城県","city":"栗原市","town":"築館赤坂"}],"2232":[{"pref":"宮城県","city":"栗原市","town":"築館沢入"}],"2233":[{"pref":"宮城県","city":"栗原市","town":"築館照越"}],"2234":[{"pref":"宮城県","city":"栗原市","town":"築館新八ツ沢"}],"2235":[{"pref":"宮城県","city":"栗原市","town":"築館築館"}],"2236":[{"pref":"宮城県","city":"栗原市","town":"築館蟹沢"}],"2241":[{"pref":"宮城県","city":"栗原市","town":"築館館下"}],"2242":[{"pref":"宮城県","city":"栗原市","town":"築館館沢"}],"2243":[{"pref":"宮城県","city":"栗原市","town":"築館萩沢東"},{"pref":"宮城県","city":"栗原市","town":"築館萩沢南"}],"2244":[{"pref":"宮城県","city":"栗原市","town":"築館西小山"}],"2245":[{"pref":"宮城県","city":"栗原市","town":"築館荒田沢"}],"2246":[{"pref":"宮城県","city":"栗原市","town":"築館上高森"}],"2247":[{"pref":"宮城県","city":"栗原市","town":"築館下高森"}],"2251":[{"pref":"宮城県","city":"栗原市","town":"築館藤木"}],"2252":[{"pref":"宮城県","city":"栗原市","town":"築館薬師"}],"2253":[{"pref":"宮城県","city":"栗原市","town":"築館青野"}],"2261":[{"pref":"宮城県","city":"栗原市","town":"築館久伝"}],"2262":[{"pref":"宮城県","city":"栗原市","town":"築館唐竹林"}],"2263":[{"pref":"宮城県","city":"栗原市","town":"築館新田"},{"pref":"宮城県","city":"栗原市","town":"築館薬師ケ丘"}],"2264":[{"pref":"宮城県","city":"栗原市","town":"築館薬師台"}],"2265":[{"pref":"宮城県","city":"栗原市","town":"築館小淵西"},{"pref":"宮城県","city":"栗原市","town":"築館小淵東"},{"pref":"宮城県","city":"栗原市","town":"築館境田"},{"pref":"宮城県","city":"栗原市","town":"築館佐野原"}],"2271":[{"pref":"宮城県","city":"栗原市","town":"築館芋埣"}],"2272":[{"pref":"宮城県","city":"栗原市","town":"築館留場"}],"2273":[{"pref":"宮城県","city":"栗原市","town":"築館左足"}],"2274":[{"pref":"宮城県","city":"栗原市","town":"築館新成田西"},{"pref":"宮城県","city":"栗原市","town":"築館成田"}],"2275":[{"pref":"宮城県","city":"栗原市","town":"築館上宮野"}],"2301":[{"pref":"宮城県","city":"栗原市","town":"一迫大川口"}],"2302":[{"pref":"宮城県","city":"栗原市","town":"一迫片子沢"}],"2303":[{"pref":"宮城県","city":"栗原市","town":"一迫川口"}],"2304":[{"pref":"宮城県","city":"栗原市","town":"一迫北沢"}],"2305":[{"pref":"宮城県","city":"栗原市","town":"一迫狐崎"}],"2306":[{"pref":"宮城県","city":"栗原市","town":"一迫嶋躰"}],"2307":[{"pref":"宮城県","city":"栗原市","town":"一迫清水目"}],"2308":[{"pref":"宮城県","city":"栗原市","town":"一迫真坂"}],"2309":[{"pref":"宮城県","city":"栗原市","town":"一迫柳目"}],"2311":[{"pref":"宮城県","city":"栗原市","town":"一迫御崎"}],"2312":[{"pref":"宮城県","city":"栗原市","town":"一迫沖浦"}],"2313":[{"pref":"宮城県","city":"栗原市","town":"一迫沖"}],"2314":[{"pref":"宮城県","city":"栗原市","town":"一迫岡田"}],"2315":[{"pref":"宮城県","city":"栗原市","town":"一迫間杭元"}],"2316":[{"pref":"宮城県","city":"栗原市","town":"一迫小坂本"}],"2317":[{"pref":"宮城県","city":"栗原市","town":"一迫久保田"}],"2318":[{"pref":"宮城県","city":"栗原市","town":"一迫松の木"}],"2319":[{"pref":"宮城県","city":"栗原市","town":"一迫宮前"}],"2321":[{"pref":"宮城県","city":"栗原市","town":"一迫横町"}],"2322":[{"pref":"宮城県","city":"栗原市","town":"一迫横町浦"}],"2323":[{"pref":"宮城県","city":"栗原市","town":"一迫女子町"}],"2324":[{"pref":"宮城県","city":"栗原市","town":"一迫三嶋"}],"2325":[{"pref":"宮城県","city":"栗原市","town":"一迫坂下西"}],"2326":[{"pref":"宮城県","city":"栗原市","town":"一迫山崎"}],"2327":[{"pref":"宮城県","city":"栗原市","town":"一迫天神"}],"2328":[{"pref":"宮城県","city":"栗原市","town":"一迫土川"}],"2329":[{"pref":"宮城県","city":"栗原市","town":"一迫細越"}],"2331":[{"pref":"宮城県","city":"栗原市","town":"一迫萩生"}],"2332":[{"pref":"宮城県","city":"栗原市","town":"一迫高橋"}],"2333":[{"pref":"宮城県","city":"栗原市","town":"一迫要害"}],"2334":[{"pref":"宮城県","city":"栗原市","town":"一迫神山"}],"2335":[{"pref":"宮城県","city":"栗原市","town":"一迫高田"}],"2336":[{"pref":"宮城県","city":"栗原市","town":"一迫荒屋敷"}],"2337":[{"pref":"宮城県","city":"栗原市","town":"一迫松原沢"}],"2338":[{"pref":"宮城県","city":"栗原市","town":"一迫日向"}],"2339":[{"pref":"宮城県","city":"栗原市","town":"一迫上中島"}],"2341":[{"pref":"宮城県","city":"栗原市","town":"一迫中屋敷浦"}],"2342":[{"pref":"宮城県","city":"栗原市","town":"一迫沢田"}],"2343":[{"pref":"宮城県","city":"栗原市","town":"一迫一本杉"}],"2344":[{"pref":"宮城県","city":"栗原市","town":"一迫宮下"}],"2345":[{"pref":"宮城県","city":"栗原市","town":"一迫屋敷田"}],"2346":[{"pref":"宮城県","city":"栗原市","town":"一迫大清水"}],"2347":[{"pref":"宮城県","city":"栗原市","town":"一迫平館"}],"2348":[{"pref":"宮城県","city":"栗原市","town":"一迫大平沢"}],"2349":[{"pref":"宮城県","city":"栗原市","town":"一迫大際"}],"2351":[{"pref":"宮城県","city":"栗原市","town":"一迫宇南田"}],"2352":[{"pref":"宮城県","city":"栗原市","town":"一迫鹿込"}],"2353":[{"pref":"宮城県","city":"栗原市","town":"一迫上久保"}],"2354":[{"pref":"宮城県","city":"栗原市","town":"一迫西風"}],"2355":[{"pref":"宮城県","city":"栗原市","town":"一迫鍛冶屋敷"}],"2356":[{"pref":"宮城県","city":"栗原市","town":"一迫山沢"}],"2357":[{"pref":"宮城県","city":"栗原市","town":"一迫沼田"}],"2358":[{"pref":"宮城県","city":"栗原市","town":"一迫下小僧"}],"2359":[{"pref":"宮城県","city":"栗原市","town":"一迫佐野原"}],"2361":[{"pref":"宮城県","city":"栗原市","town":"一迫中小僧"}],"2362":[{"pref":"宮城県","city":"栗原市","town":"一迫大栗"}],"2363":[{"pref":"宮城県","city":"栗原市","town":"一迫佐野"}],"2364":[{"pref":"宮城県","city":"栗原市","town":"一迫岩ケ沢"}],"2365":[{"pref":"宮城県","city":"栗原市","town":"一迫新米"}],"2366":[{"pref":"宮城県","city":"栗原市","town":"一迫論田"}],"2367":[{"pref":"宮城県","city":"栗原市","town":"一迫上大土"}],"2368":[{"pref":"宮城県","city":"栗原市","town":"一迫下大土"}],"2369":[{"pref":"宮城県","city":"栗原市","town":"一迫荒町"}],"2371":[{"pref":"宮城県","city":"栗原市","town":"一迫川台"}],"2372":[{"pref":"宮城県","city":"栗原市","town":"一迫青木"}],"2373":[{"pref":"宮城県","city":"栗原市","town":"一迫不動西"}],"2374":[{"pref":"宮城県","city":"栗原市","town":"一迫清水原"}],"2511":[{"pref":"宮城県","city":"栗原市","town":"花山本沢"}],"2512":[{"pref":"宮城県","city":"栗原市","town":"花山草木沢"}],"0500":[{"pref":"宮城県","city":"登米市","town":"以下に掲載がない場合"}],"0903":[{"pref":"宮城県","city":"登米市","town":"東和町錦織"}],"0902":[{"pref":"宮城県","city":"登米市","town":"東和町米谷"}],"0901":[{"pref":"宮城県","city":"登米市","town":"東和町米川"}],"0355":[{"pref":"宮城県","city":"登米市","town":"豊里町後沢田"},{"pref":"宮城県","city":"登米市","town":"豊里町保手"}],"0377":[{"pref":"宮城県","city":"登米市","town":"豊里町内一番江"},{"pref":"宮城県","city":"登米市","town":"豊里町外一番江"}],"0385":[{"pref":"宮城県","city":"登米市","town":"豊里町内田"},{"pref":"宮城県","city":"登米市","town":"豊里町内畑"},{"pref":"宮城県","city":"登米市","town":"豊里町下九"}],"0373":[{"pref":"宮城県","city":"登米市","town":"豊里町内町浦"},{"pref":"宮城県","city":"登米市","town":"豊里町切津"},{"pref":"宮城県","city":"登米市","town":"豊里町南切津"}],"0366":[{"pref":"宮城県","city":"登米市","town":"豊里町浦軒"},{"pref":"宮城県","city":"登米市","town":"豊里町上屋浦"},{"pref":"宮城県","city":"登米市","town":"豊里町下屋浦"}],"0354":[{"pref":"宮城県","city":"登米市","town":"豊里町上沼田"},{"pref":"宮城県","city":"登米市","town":"豊里町下沼田"},{"pref":"宮城県","city":"登米市","town":"豊里町昭和"},{"pref":"宮城県","city":"登米市","town":"豊里町中沼田"},{"pref":"宮城県","city":"登米市","town":"豊里町沼田"}],"0353":[{"pref":"宮城県","city":"登米市","town":"豊里町笑沢"},{"pref":"宮城県","city":"登米市","town":"豊里町大椚"},{"pref":"宮城県","city":"登米市","town":"豊里町平林"}],"0341":[{"pref":"宮城県","city":"登米市","town":"豊里町大沢"},{"pref":"宮城県","city":"登米市","town":"豊里町大沢沼田"},{"pref":"宮城県","city":"登米市","town":"豊里町大沢谷岐"},{"pref":"宮城県","city":"登米市","town":"豊里町十二沢"},{"pref":"宮城県","city":"登米市","town":"豊里町竹ノ沢"}],"0371":[{"pref":"宮城県","city":"登米市","town":"豊里町大曲"},{"pref":"宮城県","city":"登米市","town":"豊里町唐崎"},{"pref":"宮城県","city":"登米市","town":"豊里町十丁田"}],"0358":[{"pref":"宮城県","city":"登米市","town":"豊里町加々巻"},{"pref":"宮城県","city":"登米市","town":"豊里町小巻"},{"pref":"宮城県","city":"登米市","town":"豊里町新加々巻"},{"pref":"宮城県","city":"登米市","town":"豊里町長根浦"}],"0378":[{"pref":"宮城県","city":"登米市","town":"豊里町鏡形"},{"pref":"宮城県","city":"登米市","town":"豊里町新田鏡形"}],"0357":[{"pref":"宮城県","city":"登米市","town":"豊里町蕪木"},{"pref":"宮城県","city":"登米市","town":"豊里町鳥越"}],"0362":[{"pref":"宮城県","city":"登米市","town":"豊里町上町裏"},{"pref":"宮城県","city":"登米市","town":"豊里町小口前"},{"pref":"宮城県","city":"登米市","town":"豊里町東待井下"}],"0382":[{"pref":"宮城県","city":"登米市","town":"豊里町上谷地"}],"0367":[{"pref":"宮城県","city":"登米市","town":"豊里町川前"}],"0351":[{"pref":"宮城県","city":"登米市","town":"豊里町久寿田"},{"pref":"宮城県","city":"登米市","town":"豊里町久寿田前"}],"0379":[{"pref":"宮城県","city":"登米市","town":"豊里町剣先"}],"0363":[{"pref":"宮城県","city":"登米市","town":"豊里町五反田"},{"pref":"宮城県","city":"登米市","town":"豊里町横町"}],"0343":[{"pref":"宮城県","city":"登米市","town":"豊里町小谷地"},{"pref":"宮城県","city":"登米市","town":"豊里町沢尻"}],"0344":[{"pref":"宮城県","city":"登米市","town":"豊里町境沢"},{"pref":"宮城県","city":"登米市","town":"豊里町佐野"},{"pref":"宮城県","city":"登米市","town":"豊里町迫"}],"0356":[{"pref":"宮城県","city":"登米市","town":"豊里町芝下"},{"pref":"宮城県","city":"登米市","town":"豊里町杢沢"}],"0364":[{"pref":"宮城県","city":"登米市","town":"豊里町下古屋"},{"pref":"宮城県","city":"登米市","town":"豊里町土手下"},{"pref":"宮城県","city":"登米市","town":"豊里町本地土手下"}],"0384":[{"pref":"宮城県","city":"登米市","town":"豊里町十五貫"},{"pref":"宮城県","city":"登米市","town":"豊里町十五貫谷地"}],"0346":[{"pref":"宮城県","city":"登米市","town":"豊里町白鳥山"},{"pref":"宮城県","city":"登米市","town":"豊里町白鳥"},{"pref":"宮城県","city":"登米市","town":"豊里町白鳥前"}],"0361":[{"pref":"宮城県","city":"登米市","town":"豊里町新田町"}],"0381":[{"pref":"宮城県","city":"登米市","town":"豊里町新長前"},{"pref":"宮城県","city":"登米市","town":"豊里町長前"}],"0376":[{"pref":"宮城県","city":"登米市","town":"豊里町新細沼"},{"pref":"宮城県","city":"登米市","town":"豊里町細沼"},{"pref":"宮城県","city":"登米市","town":"豊里町細沼田"}],"0365":[{"pref":"宮城県","city":"登米市","town":"豊里町新町"}],"0352":[{"pref":"宮城県","city":"登米市","town":"豊里町寿崎"}],"0383":[{"pref":"宮城県","city":"登米市","town":"豊里町外五番江"},{"pref":"宮城県","city":"登米市","town":"豊里町外三番江"},{"pref":"宮城県","city":"登米市","town":"豊里町外七番江"},{"pref":"宮城県","city":"登米市","town":"豊里町外二番江"},{"pref":"宮城県","city":"登米市","town":"豊里町外八番江"},{"pref":"宮城県","city":"登米市","town":"豊里町外四番江"},{"pref":"宮城県","city":"登米市","town":"豊里町外六番江"}],"0345":[{"pref":"宮城県","city":"登米市","town":"豊里町中谷岐"},{"pref":"宮城県","city":"登米市","town":"豊里町福沢"}],"0368":[{"pref":"宮城県","city":"登米市","town":"豊里町七ツ塚"},{"pref":"宮城県","city":"登米市","town":"豊里町町浦"},{"pref":"宮城県","city":"登米市","town":"豊里町南町浦"}],"0372":[{"pref":"宮城県","city":"登米市","town":"豊里町西前田"},{"pref":"宮城県","city":"登米市","town":"豊里町前田"}],"0359":[{"pref":"宮城県","city":"登米市","town":"豊里町八反"},{"pref":"宮城県","city":"登米市","town":"豊里町本地八反"}],"0374":[{"pref":"宮城県","city":"登米市","town":"豊里町東二ツ屋"}],"0375":[{"pref":"宮城県","city":"登米市","town":"豊里町二ツ屋"}],"0342":[{"pref":"宮城県","city":"登米市","town":"豊里町山根"},{"pref":"宮城県","city":"登米市","town":"豊里町山根前"}],"0701":[{"pref":"宮城県","city":"登米市","town":"登米町小島"}],"0702":[{"pref":"宮城県","city":"登米市","town":"登米町寺池"}],"0703":[{"pref":"宮城県","city":"登米市","town":"登米町日根牛"}],"0704":[{"pref":"宮城県","city":"登米市","town":"登米町日野渡"}],"0611":[{"pref":"宮城県","city":"登米市","town":"中田町浅水"}],"0601":[{"pref":"宮城県","city":"登米市","town":"中田町石森"}],"0602":[{"pref":"宮城県","city":"登米市","town":"中田町上沼"}],"0621":[{"pref":"宮城県","city":"登米市","town":"中田町宝江黒沼"}],"0622":[{"pref":"宮城県","city":"登米市","town":"中田町宝江新井田"}],"0623":[{"pref":"宮城県","city":"登米市","town":"中田町宝江森"}],"0513":[{"pref":"宮城県","city":"登米市","town":"迫町北方"}],"0511":[{"pref":"宮城県","city":"登米市","town":"迫町佐沼"}],"0512":[{"pref":"宮城県","city":"登米市","town":"迫町森"}],"0432":[{"pref":"宮城県","city":"登米市","town":"南方町青笹"},{"pref":"宮城県","city":"登米市","town":"南方町狼掛"},{"pref":"宮城県","city":"登米市","town":"南方町上窪田"},{"pref":"宮城県","city":"登米市","town":"南方町窪田"},{"pref":"宮城県","city":"登米市","town":"南方町新畑岡下"},{"pref":"宮城県","city":"登米市","town":"南方町堤田"},{"pref":"宮城県","city":"登米市","town":"南方町畑岡"},{"pref":"宮城県","city":"登米市","town":"南方町畑岡下"}],"0441":[{"pref":"宮城県","city":"登米市","town":"南方町青島前"},{"pref":"宮城県","city":"登米市","town":"南方町青島待井"},{"pref":"宮城県","city":"登米市","town":"南方町青島屋敷"},{"pref":"宮城県","city":"登米市","town":"南方町新青島前"},{"pref":"宮城県","city":"登米市","town":"南方町新鳩峯"}],"0412":[{"pref":"宮城県","city":"登米市","town":"南方町上ケ戸"},{"pref":"宮城県","city":"登米市","town":"南方町雷"},{"pref":"宮城県","city":"登米市","town":"南方町大涌戸"},{"pref":"宮城県","city":"登米市","town":"南方町大門"},{"pref":"宮城県","city":"登米市","town":"南方町照井"},{"pref":"宮城県","city":"登米市","town":"南方町峯前"}],"0444":[{"pref":"宮城県","city":"登米市","town":"南方町尼池"},{"pref":"宮城県","city":"登米市","town":"南方町大上"},{"pref":"宮城県","city":"登米市","town":"南方町大森前"},{"pref":"宮城県","city":"登米市","town":"南方町三代前"},{"pref":"宮城県","city":"登米市","town":"南方町下新山"},{"pref":"宮城県","city":"登米市","town":"南方町角欠前"},{"pref":"宮城県","city":"登米市","town":"南方町間内"},{"pref":"宮城県","city":"登米市","town":"南方町間内前"},{"pref":"宮城県","city":"登米市","town":"南方町実沢"},{"pref":"宮城県","city":"登米市","town":"南方町柳沢"},{"pref":"宮城県","city":"登米市","town":"南方町柳沢前"},{"pref":"宮城県","city":"登米市","town":"南方町横代"}],"0411":[{"pref":"宮城県","city":"登米市","town":"南方町天沼"},{"pref":"宮城県","city":"登米市","town":"南方町瀬ノ淵"},{"pref":"宮城県","city":"登米市","town":"南方町寺袋"}],"0443":[{"pref":"宮城県","city":"登米市","town":"南方町板ケ沢"},{"pref":"宮城県","city":"登米市","town":"南方町一網"},{"pref":"宮城県","city":"登米市","town":"南方町大坂前"},{"pref":"宮城県","city":"登米市","town":"南方町大西"},{"pref":"宮城県","city":"登米市","town":"南方町表前"},{"pref":"宮城県","city":"登米市","town":"南方町苔野谷地"},{"pref":"宮城県","city":"登米市","town":"南方町新野谷地"},{"pref":"宮城県","city":"登米市","town":"南方町外浦"},{"pref":"宮城県","city":"登米市","town":"南方町長根"},{"pref":"宮城県","city":"登米市","town":"南方町長根下"},{"pref":"宮城県","city":"登米市","town":"南方町野谷地"}],"0402":[{"pref":"宮城県","city":"登米市","town":"南方町板倉"},{"pref":"宮城県","city":"登米市","town":"南方町板倉後"},{"pref":"宮城県","city":"登米市","town":"南方町後屋敷待井"},{"pref":"宮城県","city":"登米市","town":"南方町沢田"},{"pref":"宮城県","city":"登米市","town":"南方町沢田前"},{"pref":"宮城県","city":"登米市","town":"南方町沢田待井"},{"pref":"宮城県","city":"登米市","town":"南方町沢田屋敷"},{"pref":"宮城県","city":"登米市","town":"南方町新沢田"},{"pref":"宮城県","city":"登米市","town":"南方町鶴代"},{"pref":"宮城県","city":"登米市","town":"南方町戸根屋敷"},{"pref":"宮城県","city":"登米市","town":"南方町中山"},{"pref":"宮城県","city":"登米市","town":"南方町待井"},{"pref":"宮城県","city":"登米市","town":"南方町松島屋敷"}],"0431":[{"pref":"宮城県","city":"登米市","town":"南方町一ノ曲"},{"pref":"宮城県","city":"登米市","town":"南方町大埣"},{"pref":"宮城県","city":"登米市","town":"南方町太田"},{"pref":"宮城県","city":"登米市","town":"南方町新一ノ曲"},{"pref":"宮城県","city":"登米市","town":"南方町横前"}],"0442":[{"pref":"宮城県","city":"登米市","town":"南方町後高石"},{"pref":"宮城県","city":"登米市","town":"南方町茶臼森"},{"pref":"宮城県","city":"登米市","town":"南方町茶臼森前"},{"pref":"宮城県","city":"登米市","town":"南方町中高石"},{"pref":"宮城県","city":"登米市","town":"南方町中高石浦"}],"0403":[{"pref":"宮城県","city":"登米市","town":"南方町内ノ目"},{"pref":"宮城県","city":"登米市","town":"南方町王塚"},{"pref":"宮城県","city":"登米市","town":"南方町河面"},{"pref":"宮城県","city":"登米市","town":"南方町鴻ノ木"},{"pref":"宮城県","city":"登米市","town":"南方町小山"},{"pref":"宮城県","city":"登米市","town":"南方町鶴江"},{"pref":"宮城県","city":"登米市","town":"南方町二ツ橋"},{"pref":"宮城県","city":"登米市","town":"南方町峯"},{"pref":"宮城県","city":"登米市","town":"南方町薬師島屋敷"}],"0414":[{"pref":"宮城県","city":"登米市","town":"南方町内鰐丸"},{"pref":"宮城県","city":"登米市","town":"南方町大村"},{"pref":"宮城県","city":"登米市","town":"南方町大村前"},{"pref":"宮城県","city":"登米市","town":"南方町新山成浦"},{"pref":"宮城県","city":"登米市","town":"南方町松葉"},{"pref":"宮城県","city":"登米市","town":"南方町松葉表"},{"pref":"宮城県","city":"登米市","town":"南方町松葉前"},{"pref":"宮城県","city":"登米市","town":"南方町山成浦"},{"pref":"宮城県","city":"登米市","town":"南方町鰐丸"}],"0433":[{"pref":"宮城県","city":"登米市","town":"南方町大平"},{"pref":"宮城県","city":"登米市","town":"南方町大平前"},{"pref":"宮城県","city":"登米市","town":"南方町長者原"},{"pref":"宮城県","city":"登米市","town":"南方町中ノ口"},{"pref":"宮城県","city":"登米市","town":"南方町沼崎"},{"pref":"宮城県","city":"登米市","town":"南方町沼崎前"}],"0423":[{"pref":"宮城県","city":"登米市","town":"南方町大嶽"},{"pref":"宮城県","city":"登米市","town":"南方町大嶽前"},{"pref":"宮城県","city":"登米市","town":"南方町大嶽山"},{"pref":"宮城県","city":"登米市","town":"南方町烏田"},{"pref":"宮城県","city":"登米市","town":"南方町ぜん荷前"},{"pref":"宮城県","city":"登米市","town":"南方町ぜん荷山"},{"pref":"宮城県","city":"登米市","town":"南方町館"},{"pref":"宮城県","city":"登米市","town":"南方町堂地"},{"pref":"宮城県","city":"登米市","town":"南方町堂地前"},{"pref":"宮城県","city":"登米市","town":"南方町堀切"},{"pref":"宮城県","city":"登米市","town":"南方町本郷大嶽"}],"0421":[{"pref":"宮城県","city":"登米市","town":"南方町大畑"},{"pref":"宮城県","city":"登米市","town":"南方町仕込"},{"pref":"宮城県","city":"登米市","town":"南方町新井宿"},{"pref":"宮城県","city":"登米市","town":"南方町南大畑前"}],"0422":[{"pref":"宮城県","city":"登米市","town":"南方町大畠前"},{"pref":"宮城県","city":"登米市","town":"南方町川前"},{"pref":"宮城県","city":"登米市","town":"南方町新大畑前"},{"pref":"宮城県","city":"登米市","town":"南方町新田"},{"pref":"宮城県","city":"登米市","town":"南方町瀬川"},{"pref":"宮城県","city":"登米市","town":"南方町東川前"},{"pref":"宮城県","city":"登米市","town":"南方町蛇沼"},{"pref":"宮城県","city":"登米市","town":"南方町室田"},{"pref":"宮城県","city":"登米市","town":"南方町山崎"}],"0426":[{"pref":"宮城県","city":"登米市","town":"南方町大袋"},{"pref":"宮城県","city":"登米市","town":"南方町大袋浦"},{"pref":"宮城県","city":"登米市","town":"南方町樟"},{"pref":"宮城県","city":"登米市","town":"南方町樟土手外"},{"pref":"宮城県","city":"登米市","town":"南方町成田"},{"pref":"宮城県","city":"登米市","town":"南方町若狭前"}],"0424":[{"pref":"宮城県","city":"登米市","town":"南方町風張"},{"pref":"宮城県","city":"登米市","town":"南方町館浦"},{"pref":"宮城県","city":"登米市","town":"南方町細川"},{"pref":"宮城県","city":"登米市","town":"南方町細川浦"},{"pref":"宮城県","city":"登米市","town":"南方町細川前"},{"pref":"宮城県","city":"登米市","town":"南方町南沢"},{"pref":"宮城県","city":"登米市","town":"南方町南細川"}],"0425":[{"pref":"宮城県","city":"登米市","town":"南方町梶沼"},{"pref":"宮城県","city":"登米市","town":"南方町梶沼川前"},{"pref":"宮城県","city":"登米市","town":"南方町梶沼前"},{"pref":"宮城県","city":"登米市","town":"南方町上砥落"},{"pref":"宮城県","city":"登米市","town":"南方町下砥落"},{"pref":"宮城県","city":"登米市","town":"南方町十二山"},{"pref":"宮城県","city":"登米市","town":"南方町新上砥落"},{"pref":"宮城県","city":"登米市","town":"南方町新砥落"},{"pref":"宮城県","city":"登米市","town":"南方町田中浦"},{"pref":"宮城県","city":"登米市","town":"南方町砥落"},{"pref":"宮城県","city":"登米市","town":"南方町沼向"},{"pref":"宮城県","city":"登米市","town":"南方町米袋"},{"pref":"宮城県","city":"登米市","town":"南方町米袋浦"},{"pref":"宮城県","city":"登米市","town":"南方町米袋前"}],"0413":[{"pref":"宮城県","city":"登米市","town":"南方町上原"},{"pref":"宮城県","city":"登米市","town":"南方町下原前"},{"pref":"宮城県","city":"登米市","town":"南方町宿畑"},{"pref":"宮城県","city":"登米市","town":"南方町中原"},{"pref":"宮城県","city":"登米市","town":"南方町原"},{"pref":"宮城県","city":"登米市","town":"南方町原浦"},{"pref":"宮城県","city":"登米市","town":"南方町原前"},{"pref":"宮城県","city":"登米市","town":"南方町原屋敷"}],"0445":[{"pref":"宮城県","city":"登米市","town":"南方町上平貝"},{"pref":"宮城県","city":"登米市","town":"南方町下平貝"},{"pref":"宮城県","city":"登米市","town":"南方町銭金壇"},{"pref":"宮城県","city":"登米市","town":"南方町中須崎"},{"pref":"宮城県","city":"登米市","town":"南方町平貝"},{"pref":"宮城県","city":"登米市","town":"南方町翌沢"}],"0404":[{"pref":"宮城県","city":"登米市","town":"南方町新島前"},{"pref":"宮城県","city":"登米市","town":"南方町新丸ノ内"}],"0446":[{"pref":"宮城県","city":"登米市","town":"南方町新高石浦"}],"0401":[{"pref":"宮城県","city":"登米市","town":"南方町新高石前"},{"pref":"宮城県","city":"登米市","town":"南方町高石"},{"pref":"宮城県","city":"登米市","town":"南方町高石浦"},{"pref":"宮城県","city":"登米市","town":"南方町西山成"},{"pref":"宮城県","city":"登米市","town":"南方町西山成前"},{"pref":"宮城県","city":"登米市","town":"南方町八の森"},{"pref":"宮城県","city":"登米市","town":"南方町山成"},{"pref":"宮城県","city":"登米市","town":"南方町山成前"}],"0447":[{"pref":"宮城県","city":"登米市","town":"南方町新長根下"}],"0405":[{"pref":"宮城県","city":"登米市","town":"南方町新中山"}],"0415":[{"pref":"宮城県","city":"登米市","town":"南方町真ケ沼"}],"0307":[{"pref":"宮城県","city":"登米市","town":"米山町愛宕下"},{"pref":"宮城県","city":"登米市","town":"米山町愛宕前"},{"pref":"宮城県","city":"登米市","town":"米山町犬子松"},{"pref":"宮城県","city":"登米市","town":"米山町猿ケ崎"}],"0304":[{"pref":"宮城県","city":"登米市","town":"米山町内"},{"pref":"宮城県","city":"登米市","town":"米山町中道東"},{"pref":"宮城県","city":"登米市","town":"米山町中道前"}],"0305":[{"pref":"宮城県","city":"登米市","town":"米山町川前"},{"pref":"宮城県","city":"登米市","town":"米山町水門"},{"pref":"宮城県","city":"登米市","town":"米山町八反"}],"0308":[{"pref":"宮城県","city":"登米市","town":"米山町小待井"},{"pref":"宮城県","city":"登米市","town":"米山町小待井下"},{"pref":"宮城県","city":"登米市","town":"米山町待井下"}],"0311":[{"pref":"宮城県","city":"登米市","town":"米山町桜岡"}],"0306":[{"pref":"宮城県","city":"登米市","town":"米山町地蔵川"},{"pref":"宮城県","city":"登米市","town":"米山町土佐ケ渕"}],"0301":[{"pref":"宮城県","city":"登米市","town":"米山町善王寺"}],"0309":[{"pref":"宮城県","city":"登米市","town":"米山町舘下"},{"pref":"宮城県","city":"登米市","town":"米山町舘前"}],"0303":[{"pref":"宮城県","city":"登米市","town":"米山町田畑西"},{"pref":"宮城県","city":"登米市","town":"米山町田畑前"}],"0331":[{"pref":"宮城県","city":"登米市","town":"米山町中津山"}],"0321":[{"pref":"宮城県","city":"登米市","town":"米山町西野"}],"0302":[{"pref":"宮城県","city":"登米市","town":"米山町沼田"},{"pref":"宮城県","city":"登米市","town":"米山町櫓場"},{"pref":"宮城県","city":"登米市","town":"米山町櫓場下"}],"0100":[{"pref":"宮城県","city":"遠田郡涌谷町","town":"以下に掲載がない場合"}],"0133":[{"pref":"宮城県","city":"遠田郡涌谷町","town":"赤間屋敷"},{"pref":"宮城県","city":"遠田郡涌谷町","town":"掃部沖名"},{"pref":"宮城県","city":"遠田郡涌谷町","town":"後藤江"},{"pref":"宮城県","city":"遠田郡涌谷町","town":"今左衛門沖名"},{"pref":"宮城県","city":"遠田郡涌谷町","town":"新田"},{"pref":"宮城県","city":"遠田郡涌谷町","town":"関谷沖名"},{"pref":"宮城県","city":"遠田郡涌谷町","town":"台所橋道下"},{"pref":"宮城県","city":"遠田郡涌谷町","town":"鷹野橋下中瀬"}],"0145":[{"pref":"宮城県","city":"遠田郡涌谷町","town":"市道"},{"pref":"宮城県","city":"遠田郡涌谷町","town":"烏鴉"},{"pref":"宮城県","city":"遠田郡涌谷町","town":"尾切"},{"pref":"宮城県","city":"遠田郡涌谷町","town":"鞍掛"},{"pref":"宮城県","city":"遠田郡涌谷町","town":"花勝山"},{"pref":"宮城県","city":"遠田郡涌谷町","town":"新尾切"},{"pref":"宮城県","city":"遠田郡涌谷町","town":"新名鰭"},{"pref":"宮城県","city":"遠田郡涌谷町","town":"名鰭"}],"0136":[{"pref":"宮城県","city":"遠田郡涌谷町","town":"一本柳"}],"0284":[{"pref":"宮城県","city":"遠田郡涌谷町","town":"猪岡短台"}],"0103":[{"pref":"宮城県","city":"遠田郡涌谷町","town":"裏桜町"}],"0142":[{"pref":"宮城県","city":"遠田郡涌谷町","town":"浦町"}],"0165":[{"pref":"宮城県","city":"遠田郡涌谷町","town":"追廻町"}],"0282":[{"pref":"宮城県","city":"遠田郡涌谷町","town":"太田"}],"0144":[{"pref":"宮城県","city":"遠田郡涌谷町","town":"沖新田"},{"pref":"宮城県","city":"遠田郡涌谷町","town":"小山下"},{"pref":"宮城県","city":"遠田郡涌谷町","town":"下新田"},{"pref":"宮城県","city":"遠田郡涌谷町","town":"砂田"},{"pref":"宮城県","city":"遠田郡涌谷町","town":"八百刈"},{"pref":"宮城県","city":"遠田郡涌谷町","town":"薔薇島"}],"0281":[{"pref":"宮城県","city":"遠田郡涌谷町","town":"小里"}],"0102":[{"pref":"宮城県","city":"遠田郡涌谷町","town":"表桜町"}],"0171":[{"pref":"宮城県","city":"遠田郡涌谷町","town":"上郡"}],"0164":[{"pref":"宮城県","city":"遠田郡涌谷町","town":"刈萱町"}],"0161":[{"pref":"宮城県","city":"遠田郡涌谷町","town":"川原町"}],"0134":[{"pref":"宮城県","city":"遠田郡涌谷町","town":"北五反田"},{"pref":"宮城県","city":"遠田郡涌谷町","town":"九軒"},{"pref":"宮城県","city":"遠田郡涌谷町","town":"五反田"},{"pref":"宮城県","city":"遠田郡涌谷町","town":"佐山木"},{"pref":"宮城県","city":"遠田郡涌谷町","town":"地不足道"},{"pref":"宮城県","city":"遠田郡涌谷町","town":"西谷地"},{"pref":"宮城県","city":"遠田郡涌谷町","town":"二歩"},{"pref":"宮城県","city":"遠田郡涌谷町","town":"蘭場谷地"}],"0131":[{"pref":"宮城県","city":"遠田郡涌谷町","town":"北田"}],"0132":[{"pref":"宮城県","city":"遠田郡涌谷町","town":"蔵人沖名"},{"pref":"宮城県","city":"遠田郡涌谷町","town":"小谷地"}],"0112":[{"pref":"宮城県","city":"遠田郡涌谷町","town":"桑木荒"}],"0147":[{"pref":"宮城県","city":"遠田郡涌谷町","town":"下道"}],"0151":[{"pref":"宮城県","city":"遠田郡涌谷町","town":"小塚"}],"0135":[{"pref":"宮城県","city":"遠田郡涌谷町","town":"小蓋谷地"},{"pref":"宮城県","city":"遠田郡涌谷町","town":"三十軒"}],"0101":[{"pref":"宮城県","city":"遠田郡涌谷町","town":"桜町裏"}],"0148":[{"pref":"宮城県","city":"遠田郡涌谷町","town":"三軒屋敷"}],"0113":[{"pref":"宮城県","city":"遠田郡涌谷町","town":"渋江"},{"pref":"宮城県","city":"遠田郡涌谷町","town":"古道下二本杉"}],"0172":[{"pref":"宮城県","city":"遠田郡涌谷町","town":"下郡"}],"0140":[{"pref":"宮城県","city":"遠田郡涌谷町","town":"新沖新田"}],"0130":[{"pref":"宮城県","city":"遠田郡涌谷町","town":"新九軒前"}],"0149":[{"pref":"宮城県","city":"遠田郡涌谷町","town":"新後藤江"}],"0138":[{"pref":"宮城県","city":"遠田郡涌谷町","town":"新境堀下"}],"0139":[{"pref":"宮城県","city":"遠田郡涌谷町","town":"新台所橋"}],"0137":[{"pref":"宮城県","city":"遠田郡涌谷町","town":"新中島乙"},{"pref":"宮城県","city":"遠田郡涌谷町","town":"中島"},{"pref":"宮城県","city":"遠田郡涌谷町","town":"中島乙"},{"pref":"宮城県","city":"遠田郡涌谷町","town":"中島川前"},{"pref":"宮城県","city":"遠田郡涌谷町","town":"中島甲"}],"0115":[{"pref":"宮城県","city":"遠田郡涌谷町","town":"新町"}],"0114":[{"pref":"宮城県","city":"遠田郡涌谷町","town":"新町裏"}],"0163":[{"pref":"宮城県","city":"遠田郡涌谷町","town":"立町"}],"0104":[{"pref":"宮城県","city":"遠田郡涌谷町","town":"田沼町"}],"0141":[{"pref":"宮城県","city":"遠田郡涌谷町","town":"田町裏"}],"0146":[{"pref":"宮城県","city":"遠田郡涌谷町","town":"中下道"}],"0143":[{"pref":"宮城県","city":"遠田郡涌谷町","town":"長柄町"}],"0286":[{"pref":"宮城県","city":"遠田郡涌谷町","town":"成沢"}],"0105":[{"pref":"宮城県","city":"遠田郡涌谷町","town":"練丑町"}],"0285":[{"pref":"宮城県","city":"遠田郡涌谷町","town":"箟岳"}],"0162":[{"pref":"宮城県","city":"遠田郡涌谷町","town":"本町"}],"0111":[{"pref":"宮城県","city":"遠田郡涌谷町","town":"柳町"}],"0283":[{"pref":"宮城県","city":"遠田郡涌谷町","town":"吉住"}],"0106":[{"pref":"宮城県","city":"遠田郡涌谷町","town":"六軒町"}],"0107":[{"pref":"宮城県","city":"遠田郡涌谷町","town":"六軒町裏"}],"0121":[{"pref":"宮城県","city":"遠田郡涌谷町","town":"涌谷"}],"0000":[{"pref":"宮城県","city":"遠田郡美里町","town":"以下に掲載がない場合"}],"0015":[{"pref":"宮城県","city":"遠田郡美里町","town":"青生"}],"0056":[{"pref":"宮城県","city":"遠田郡美里町","town":"一本柳"}],"0004":[{"pref":"宮城県","city":"遠田郡美里町","town":"牛飼"}],"0045":[{"pref":"宮城県","city":"遠田郡美里町","town":"内役田"}],"0038":[{"pref":"宮城県","city":"遠田郡美里町","town":"駅東"}],"0022":[{"pref":"宮城県","city":"遠田郡美里町","town":"荻埣"}],"0032":[{"pref":"宮城県","city":"遠田郡美里町","town":"学田"}],"0065":[{"pref":"宮城県","city":"遠田郡美里町","town":"勘堂"}],"0005":[{"pref":"宮城県","city":"遠田郡美里町","town":"北浦"}],"0069":[{"pref":"宮城県","city":"遠田郡美里町","town":"北原"}],"0057":[{"pref":"宮城県","city":"遠田郡美里町","town":"狐山"}],"0034":[{"pref":"宮城県","city":"遠田郡美里町","town":"化粧坂"}],"0063":[{"pref":"宮城県","city":"遠田郡美里町","town":"小沼"}],"0064":[{"pref":"宮城県","city":"遠田郡美里町","town":"小沼添"}],"0033":[{"pref":"宮城県","city":"遠田郡美里町","town":"小町井"}],"0036":[{"pref":"宮城県","city":"遠田郡美里町","town":"妻の神"}],"0011":[{"pref":"宮城県","city":"遠田郡美里町","town":"桜木町"}],"0058":[{"pref":"宮城県","city":"遠田郡美里町","town":"塩釜"}],"0059":[{"pref":"宮城県","city":"遠田郡美里町","town":"塩釜添"}],"0014":[{"pref":"宮城県","city":"遠田郡美里町","town":"志賀町"}],"0035":[{"pref":"宮城県","city":"遠田郡美里町","town":"志賀殿"}],"0061":[{"pref":"宮城県","city":"遠田郡美里町","town":"下境"}],"0053":[{"pref":"宮城県","city":"遠田郡美里町","town":"叔廼前"}],"0051":[{"pref":"宮城県","city":"遠田郡美里町","town":"上意江"}],"0055":[{"pref":"宮城県","city":"遠田郡美里町","town":"新一本柳"}],"0043":[{"pref":"宮城県","city":"遠田郡美里町","town":"新妻の神"}],"0068":[{"pref":"宮城県","city":"遠田郡美里町","town":"新大所"}],"0037":[{"pref":"宮城県","city":"遠田郡美里町","town":"新藤ケ崎"}],"0052":[{"pref":"宮城県","city":"遠田郡美里町","town":"砂子田"}],"0006":[{"pref":"宮城県","city":"遠田郡美里町","town":"関根"}],"0013":[{"pref":"宮城県","city":"遠田郡美里町","town":"素山"}],"0012":[{"pref":"宮城県","city":"遠田郡美里町","town":"素山町"}],"0067":[{"pref":"宮城県","city":"遠田郡美里町","town":"大所"}],"0031":[{"pref":"宮城県","city":"遠田郡美里町","town":"高田"}],"0054":[{"pref":"宮城県","city":"遠田郡美里町","town":"塔の越"}],"0024":[{"pref":"宮城県","city":"遠田郡美里町","town":"中埣"},{"pref":"宮城県","city":"遠田郡美里町","town":"成田"}],"0025":[{"pref":"宮城県","city":"遠田郡美里町","town":"中高城"}],"0044":[{"pref":"宮城県","city":"遠田郡美里町","town":"西舘"}],"0021":[{"pref":"宮城県","city":"遠田郡美里町","town":"平針"}],"0001":[{"pref":"宮城県","city":"遠田郡美里町","town":"藤ケ崎"}],"0002":[{"pref":"宮城県","city":"遠田郡美里町","town":"藤ケ崎町"}],"0066":[{"pref":"宮城県","city":"遠田郡美里町","town":"二ツ檀"}],"0062":[{"pref":"宮城県","city":"遠田郡美里町","town":"待井"}],"0003":[{"pref":"宮城県","city":"遠田郡美里町","town":"南小牛田"}],"0026":[{"pref":"宮城県","city":"遠田郡美里町","town":"南高城"}],"0041":[{"pref":"宮城県","city":"遠田郡美里町","town":"峯山"}],"0042":[{"pref":"宮城県","city":"遠田郡美里町","town":"峯山浦"}],"0046":[{"pref":"宮城県","city":"遠田郡美里町","town":"役田"}]}