{"0105":[{"pref":"山口県","city":"周南市","town":"馬神"}],"0027":[{"pref":"山口県","city":"周南市","town":"小川屋町"}],"0013":[{"pref":"山口県","city":"周南市","town":"桶川町"}],"0083":[{"pref":"山口県","city":"周南市","town":"小畑"}],"0051":[{"pref":"山口県","city":"周南市","town":"御姫町"}],"0036":[{"pref":"山口県","city":"周南市","town":"温田"}],"0006":[{"pref":"山口県","city":"周南市","town":"開成町"}],"0055":[{"pref":"山口県","city":"周南市","town":"かせ河原町"}],"0065":[{"pref":"山口県","city":"周南市","town":"上迫町"}],"0001":[{"pref":"山口県","city":"周南市","town":"川崎"}],"0009":[{"pref":"山口県","city":"周南市","town":"川手"}],"0024":[{"pref":"山口県","city":"周南市","town":"古泉"}],"0032":[{"pref":"山口県","city":"周南市","town":"河内町"}],"0031":[{"pref":"山口県","city":"周南市","town":"坂根町"}],"0061":[{"pref":"山口県","city":"周南市","town":"皿山町"}],"0008":[{"pref":"山口県","city":"周南市","town":"椎木町"}],"0081":[{"pref":"山口県","city":"周南市","town":"四熊"}],"0015":[{"pref":"山口県","city":"周南市","town":"清水"}],"0082":[{"pref":"山口県","city":"周南市","town":"下上"}],"0041":[{"pref":"山口県","city":"周南市","town":"社地町"}],"0045":[{"pref":"山口県","city":"周南市","town":"新地町"}],"0033":[{"pref":"山口県","city":"周南市","town":"新堤町"}],"0043":[{"pref":"山口県","city":"周南市","town":"新田"}],"0018":[{"pref":"山口県","city":"周南市","town":"大神"}],"0103":[{"pref":"山口県","city":"周南市","town":"垰"}],"0101":[{"pref":"山口県","city":"周南市","town":"高瀬"}],"0007":[{"pref":"山口県","city":"周南市","town":"竹島町"}],"0016":[{"pref":"山口県","city":"周南市","town":"中央町"}],"0011":[{"pref":"山口県","city":"周南市","town":"土井"}],"0003":[{"pref":"山口県","city":"周南市","town":"道源町"}],"0034":[{"pref":"山口県","city":"周南市","town":"富田"}],"0054":[{"pref":"山口県","city":"周南市","town":"長田町"}],"0052":[{"pref":"山口県","city":"周南市","town":"中畷町"}],"0005":[{"pref":"山口県","city":"周南市","town":"渚町"}],"0102":[{"pref":"山口県","city":"周南市","town":"夏切"}],"0002":[{"pref":"山口県","city":"周南市","town":"西千代田町"}],"0044":[{"pref":"山口県","city":"周南市","town":"西桝町"}],"0022":[{"pref":"山口県","city":"周南市","town":"野村"}],"0023":[{"pref":"山口県","city":"周南市","town":"野村南町"}],"0056":[{"pref":"山口県","city":"周南市","town":"羽島"}],"0021":[{"pref":"山口県","city":"周南市","town":"花園町"}],"0026":[{"pref":"山口県","city":"周南市","town":"浜田"}],"0035":[{"pref":"山口県","city":"周南市","town":"日地町"}],"0029":[{"pref":"山口県","city":"周南市","town":"平野"}],"0038":[{"pref":"山口県","city":"周南市","town":"福川"}],"0062":[{"pref":"山口県","city":"周南市","town":"福川中市町"}],"0042":[{"pref":"山口県","city":"周南市","town":"福川南町"}],"0025":[{"pref":"山口県","city":"周南市","town":"古市"}],"0014":[{"pref":"山口県","city":"周南市","town":"古川町"}],"0063":[{"pref":"山口県","city":"周南市","town":"本陣町"}],"0012":[{"pref":"山口県","city":"周南市","town":"政所"}],"0037":[{"pref":"山口県","city":"周南市","town":"丸山町"}],"0004":[{"pref":"山口県","city":"周南市","town":"三笹町"}],"0028":[{"pref":"山口県","city":"周南市","town":"港町"}],"0017":[{"pref":"山口県","city":"周南市","town":"宮の前"}],"0053":[{"pref":"山口県","city":"周南市","town":"室尾"}],"0084":[{"pref":"山口県","city":"周南市","town":"夜市"}],"0104":[{"pref":"山口県","city":"周南市","town":"米光"}],"0019":[{"pref":"山口県","city":"周南市","town":"臨海町"}],"0064":[{"pref":"山口県","city":"周南市","town":"若山"}]}