{"0042":[{"pref":"新潟県","city":"新潟市西蒲区","town":"赤鏥"}],"0066":[{"pref":"新潟県","city":"新潟市西蒲区","town":"安尻"}],"0111":[{"pref":"新潟県","city":"新潟市西蒲区","town":"油島"}],"0116":[{"pref":"新潟県","city":"新潟市西蒲区","town":"新谷"}],"0141":[{"pref":"新潟県","city":"新潟市西蒲区","town":"石瀬"}],"0104":[{"pref":"新潟県","city":"新潟市西蒲区","town":"岩室温泉"}],"0117":[{"pref":"新潟県","city":"新潟市西蒲区","town":"植野新田"}],"0054":[{"pref":"新潟県","city":"新潟市西蒲区","town":"漆山"}],"0012":[{"pref":"新潟県","city":"新潟市西蒲区","town":"越前浜"}],"0055":[{"pref":"新潟県","city":"新潟市西蒲区","town":"柿島"}],"0011":[{"pref":"新潟県","city":"新潟市西蒲区","town":"角田浜"}],"0077":[{"pref":"新潟県","city":"新潟市西蒲区","town":"角海浜"}],"0067":[{"pref":"新潟県","city":"新潟市西蒲区","town":"潟頭"}],"0114":[{"pref":"新潟県","city":"新潟市西蒲区","town":"潟上"}],"0144":[{"pref":"新潟県","city":"新潟市西蒲区","town":"金池"}],"0073":[{"pref":"新潟県","city":"新潟市西蒲区","town":"上木島"}],"0051":[{"pref":"新潟県","city":"新潟市西蒲区","town":"河井"}],"0045":[{"pref":"新潟県","city":"新潟市西蒲区","town":"桔梗ケ丘"}],"0134":[{"pref":"新潟県","city":"新潟市西蒲区","town":"北野"}],"0142":[{"pref":"新潟県","city":"新潟市西蒲区","town":"久保田"}],"0078":[{"pref":"新潟県","city":"新潟市西蒲区","town":"五ケ浜"}],"0102":[{"pref":"新潟県","city":"新潟市西蒲区","town":"栄"}],"0063":[{"pref":"新潟県","city":"新潟市西蒲区","town":"栄町"}],"0064":[{"pref":"新潟県","city":"新潟市西蒲区","town":"桜林"}],"0143":[{"pref":"新潟県","city":"新潟市西蒲区","town":"猿ケ瀬"}],"0071":[{"pref":"新潟県","city":"新潟市西蒲区","town":"下木島"}],"0065":[{"pref":"新潟県","city":"新潟市西蒲区","town":"下和納"}],"0136":[{"pref":"新潟県","city":"新潟市西蒲区","town":"白鳥"}],"0014":[{"pref":"新潟県","city":"新潟市西蒲区","town":"新保"}],"0121":[{"pref":"新潟県","city":"新潟市西蒲区","town":"高橋"}],"0112":[{"pref":"新潟県","city":"新潟市西蒲区","town":"高畑"}],"0023":[{"pref":"新潟県","city":"新潟市西蒲区","town":"竹野町"}],"0123":[{"pref":"新潟県","city":"新潟市西蒲区","town":"津雲田"}],"0027":[{"pref":"新潟県","city":"新潟市西蒲区","town":"稲島"}],"0122":[{"pref":"新潟県","city":"新潟市西蒲区","town":"富岡"}],"0033":[{"pref":"新潟県","city":"新潟市西蒲区","town":"中郷屋"}],"0133":[{"pref":"新潟県","city":"新潟市西蒲区","town":"夏井"}],"0062":[{"pref":"新潟県","city":"新潟市西蒲区","town":"並岡"}],"0022":[{"pref":"新潟県","city":"新潟市西蒲区","town":"仁箇"}],"0132":[{"pref":"新潟県","city":"新潟市西蒲区","town":"西中"}],"0131":[{"pref":"新潟県","city":"新潟市西蒲区","town":"西長島"}],"0113":[{"pref":"新潟県","city":"新潟市西蒲区","town":"西船越"}],"0021":[{"pref":"新潟県","city":"新潟市西蒲区","town":"布目"}],"0034":[{"pref":"新潟県","city":"新潟市西蒲区","town":"葉萱場"}],"0103":[{"pref":"新潟県","city":"新潟市西蒲区","town":"橋本"}],"0031":[{"pref":"新潟県","city":"新潟市西蒲区","town":"羽田"}],"0124":[{"pref":"新潟県","city":"新潟市西蒲区","town":"原"}],"0032":[{"pref":"新潟県","city":"新潟市西蒲区","town":"東汰上"}],"0101":[{"pref":"新潟県","city":"新潟市西蒲区","town":"樋曽"}],"0024":[{"pref":"新潟県","city":"新潟市西蒲区","town":"平沢"}],"0076":[{"pref":"新潟県","city":"新潟市西蒲区","town":"福井"}],"0026":[{"pref":"新潟県","city":"新潟市西蒲区","town":"伏部"}],"0074":[{"pref":"新潟県","city":"新潟市西蒲区","town":"舟戸"}],"0043":[{"pref":"新潟県","city":"新潟市西蒲区","town":"堀山新田"}],"0036":[{"pref":"新潟県","city":"新潟市西蒲区","town":"前田"}],"0053":[{"pref":"新潟県","city":"新潟市西蒲区","town":"巻東町"}],"0013":[{"pref":"新潟県","city":"新潟市西蒲区","town":"巻大原"}],"0044":[{"pref":"新潟県","city":"新潟市西蒲区","town":"巻乙"}],"0041":[{"pref":"新潟県","city":"新潟市西蒲区","town":"巻甲"}],"0105":[{"pref":"新潟県","city":"新潟市西蒲区","town":"間瀬"}],"0025":[{"pref":"新潟県","city":"新潟市西蒲区","town":"松郷屋"}],"0015":[{"pref":"新潟県","city":"新潟市西蒲区","town":"松野尾"}],"0016":[{"pref":"新潟県","city":"新潟市西蒲区","town":"松山"}],"0061":[{"pref":"新潟県","city":"新潟市西蒲区","town":"馬堀"}],"0135":[{"pref":"新潟県","city":"新潟市西蒲区","town":"南谷内"}],"0075":[{"pref":"新潟県","city":"新潟市西蒲区","town":"峰岡"}],"0052":[{"pref":"新潟県","city":"新潟市西蒲区","town":"山島"}],"0115":[{"pref":"新潟県","city":"新潟市西蒲区","town":"横曽根"}],"0072":[{"pref":"新潟県","city":"新潟市西蒲区","town":"鷲ノ木"}],"0125":[{"pref":"新潟県","city":"新潟市西蒲区","town":"和納"}],"0035":[{"pref":"新潟県","city":"新潟市西蒲区","town":"割前"}]}