{"0000":[{"pref":"埼玉県","city":"鴻巣市","town":"以下に掲載がない場合"}],"0068":[{"pref":"埼玉県","city":"鴻巣市","town":"愛の町"}],"0002":[{"pref":"埼玉県","city":"鴻巣市","town":"赤城"}],"0001":[{"pref":"埼玉県","city":"鴻巣市","town":"赤城台"}],"0064":[{"pref":"埼玉県","city":"鴻巣市","town":"赤見台"}],"0011":[{"pref":"埼玉県","city":"鴻巣市","town":"新井"}],"0021":[{"pref":"埼玉県","city":"鴻巣市","town":"安養寺"}],"0072":[{"pref":"埼玉県","city":"鴻巣市","town":"市ノ縄"}],"0063":[{"pref":"埼玉県","city":"鴻巣市","town":"稲荷町"}],"0033":[{"pref":"埼玉県","city":"鴻巣市","town":"生出塚"}],"0054":[{"pref":"埼玉県","city":"鴻巣市","town":"大間"}],"0023":[{"pref":"埼玉県","city":"鴻巣市","town":"笠原"}],"0078":[{"pref":"埼玉県","city":"鴻巣市","town":"加美"}],"0012":[{"pref":"埼玉県","city":"鴻巣市","town":"上会下"}],"0034":[{"pref":"埼玉県","city":"鴻巣市","town":"上生出塚"}],"0027":[{"pref":"埼玉県","city":"鴻巣市","town":"上谷"}],"0061":[{"pref":"埼玉県","city":"鴻巣市","town":"川面"}],"0058":[{"pref":"埼玉県","city":"鴻巣市","town":"北中野"}],"0003":[{"pref":"埼玉県","city":"鴻巣市","town":"北根"}],"0014":[{"pref":"埼玉県","city":"鴻巣市","town":"屈巣"}],"0022":[{"pref":"埼玉県","city":"鴻巣市","town":"郷地"}],"0028":[{"pref":"埼玉県","city":"鴻巣市","town":"鴻巣"}],"0041":[{"pref":"埼玉県","city":"鴻巣市","town":"小松"}],"0057":[{"pref":"埼玉県","city":"鴻巣市","town":"幸町"}],"0013":[{"pref":"埼玉県","city":"鴻巣市","town":"境"}],"0055":[{"pref":"埼玉県","city":"鴻巣市","town":"栄町"}],"0047":[{"pref":"埼玉県","city":"鴻巣市","town":"逆川"}],"0035":[{"pref":"埼玉県","city":"鴻巣市","town":"下生出塚"}],"0025":[{"pref":"埼玉県","city":"鴻巣市","town":"下谷"}],"0024":[{"pref":"埼玉県","city":"鴻巣市","town":"常光"}],"0074":[{"pref":"埼玉県","city":"鴻巣市","town":"神明"}],"0067":[{"pref":"埼玉県","city":"鴻巣市","town":"すみれ野"}],"0004":[{"pref":"埼玉県","city":"鴻巣市","town":"関新田"}],"0044":[{"pref":"埼玉県","city":"鴻巣市","town":"滝馬室"}],"0032":[{"pref":"埼玉県","city":"鴻巣市","town":"中央"}],"0056":[{"pref":"埼玉県","city":"鴻巣市","town":"堤町"}],"0071":[{"pref":"埼玉県","city":"鴻巣市","town":"寺谷"}],"0036":[{"pref":"埼玉県","city":"鴻巣市","town":"天神"}],"0065":[{"pref":"埼玉県","city":"鴻巣市","town":"中井"}],"0026":[{"pref":"埼玉県","city":"鴻巣市","town":"西中曽根"}],"0037":[{"pref":"埼玉県","city":"鴻巣市","town":"人形"}],"0059":[{"pref":"埼玉県","city":"鴻巣市","town":"糠田"}],"0052":[{"pref":"埼玉県","city":"鴻巣市","town":"登戸"}],"0073":[{"pref":"埼玉県","city":"鴻巣市","town":"八幡田"}],"0043":[{"pref":"埼玉県","city":"鴻巣市","town":"原馬室"}],"0045":[{"pref":"埼玉県","city":"鴻巣市","town":"氷川町"}],"0039":[{"pref":"埼玉県","city":"鴻巣市","town":"東"}],"0031":[{"pref":"埼玉県","city":"鴻巣市","town":"ひばり野"}],"0005":[{"pref":"埼玉県","city":"鴻巣市","town":"広田"}],"0046":[{"pref":"埼玉県","city":"鴻巣市","town":"富士見町"}],"0038":[{"pref":"埼玉県","city":"鴻巣市","town":"本町"}],"0076":[{"pref":"埼玉県","city":"鴻巣市","town":"本宮町"}],"0042":[{"pref":"埼玉県","city":"鴻巣市","town":"松原"}],"0062":[{"pref":"埼玉県","city":"鴻巣市","town":"箕田"}],"0066":[{"pref":"埼玉県","city":"鴻巣市","town":"三ツ木"}],"0053":[{"pref":"埼玉県","city":"鴻巣市","town":"緑町"}],"0075":[{"pref":"埼玉県","city":"鴻巣市","town":"宮地"}],"0051":[{"pref":"埼玉県","city":"鴻巣市","town":"宮前"}],"0077":[{"pref":"埼玉県","city":"鴻巣市","town":"雷電"}]}