{"0000":[{"pref":"岡山県","city":"新見市","town":"以下に掲載がない場合"}],"0006":[{"pref":"岡山県","city":"新見市","town":"足立"}],"0015":[{"pref":"岡山県","city":"新見市","town":"石蟹"}],"0016":[{"pref":"岡山県","city":"新見市","town":"金谷"}],"0005":[{"pref":"岡山県","city":"新見市","town":"上市"}],"0001":[{"pref":"岡山県","city":"新見市","town":"上熊谷"}],"0012":[{"pref":"岡山県","city":"新見市","town":"唐松"}],"0007":[{"pref":"岡山県","city":"新見市","town":"坂本"}],"0002":[{"pref":"岡山県","city":"新見市","town":"下熊谷"}],"0013":[{"pref":"岡山県","city":"新見市","town":"正田"}],"0211":[{"pref":"岡山県","city":"新見市","town":"菅生"}],"0003":[{"pref":"岡山県","city":"新見市","town":"高尾"}],"0101":[{"pref":"岡山県","city":"新見市","town":"千屋"}],"0103":[{"pref":"岡山県","city":"新見市","town":"千屋井原"}],"0102":[{"pref":"岡山県","city":"新見市","town":"千屋実"}],"0104":[{"pref":"岡山県","city":"新見市","town":"千屋花見"}],"0307":[{"pref":"岡山県","city":"新見市","town":"哲多町老栄"}],"0313":[{"pref":"岡山県","city":"新見市","town":"哲多町大野"}],"0305":[{"pref":"岡山県","city":"新見市","town":"哲多町荻尾"}],"0311":[{"pref":"岡山県","city":"新見市","town":"哲多町蚊家"}],"0312":[{"pref":"岡山県","city":"新見市","town":"哲多町田淵"}],"0304":[{"pref":"岡山県","city":"新見市","town":"哲多町成松"}],"0302":[{"pref":"岡山県","city":"新見市","town":"哲多町花木"}],"0303":[{"pref":"岡山県","city":"新見市","town":"哲多町本郷"}],"0301":[{"pref":"岡山県","city":"新見市","town":"哲多町宮河内"}],"0306":[{"pref":"岡山県","city":"新見市","town":"哲多町矢戸"}],"0014":[{"pref":"岡山県","city":"新見市","town":"長屋"}],"0011":[{"pref":"岡山県","city":"新見市","town":"新見"}],"0017":[{"pref":"岡山県","city":"新見市","town":"西方"}],"0004":[{"pref":"岡山県","city":"新見市","town":"馬塚"}]}