{"1100":[{"pref":"岡山県","city":"加賀郡吉備中央町","town":"以下に掲載がない場合"}],"1101":[{"pref":"岡山県","city":"加賀郡吉備中央町","town":"豊野"}],"1102":[{"pref":"岡山県","city":"加賀郡吉備中央町","town":"黒土"}],"1111":[{"pref":"岡山県","city":"加賀郡吉備中央町","town":"田土"}],"1112":[{"pref":"岡山県","city":"加賀郡吉備中央町","town":"湯山"}],"1121":[{"pref":"岡山県","city":"加賀郡吉備中央町","town":"納地"}],"1122":[{"pref":"岡山県","city":"加賀郡吉備中央町","town":"竹荘"}],"1131":[{"pref":"岡山県","city":"加賀郡吉備中央町","town":"上竹"}],"1241":[{"pref":"岡山県","city":"加賀郡吉備中央町","town":"吉川"}],"1242":[{"pref":"岡山県","city":"加賀郡吉備中央町","town":"黒山"}],"1311":[{"pref":"岡山県","city":"高梁市","town":"巨瀬町"}],"1321":[{"pref":"岡山県","city":"高梁市","town":"有漢町有漢"}],"1322":[{"pref":"岡山県","city":"高梁市","town":"有漢町上有漢"}],"1401":[{"pref":"岡山県","city":"真庭市","town":"五名"}],"1402":[{"pref":"岡山県","city":"真庭市","town":"山田"}],"1403":[{"pref":"岡山県","city":"真庭市","town":"宮地"}],"1411":[{"pref":"岡山県","city":"真庭市","town":"上水田"}],"1421":[{"pref":"岡山県","city":"真庭市","town":"下中津井"}],"1422":[{"pref":"岡山県","city":"真庭市","town":"上中津井"}],"1431":[{"pref":"岡山県","city":"真庭市","town":"阿口"}],"1432":[{"pref":"岡山県","city":"真庭市","town":"上呰部"}],"1433":[{"pref":"岡山県","city":"真庭市","town":"下呰部"}],"1551":[{"pref":"岡山県","city":"加賀郡吉備中央町","town":"北"}],"1552":[{"pref":"岡山県","city":"加賀郡吉備中央町","town":"岨谷"}],"1553":[{"pref":"岡山県","city":"加賀郡吉備中央町","town":"宮地"}],"1554":[{"pref":"岡山県","city":"加賀郡吉備中央町","town":"西"}],"0000":[{"pref":"岡山県","city":"高梁市","town":"以下に掲載がない場合"}],"0009":[{"pref":"岡山県","city":"高梁市","town":"間之町"}],"0039":[{"pref":"岡山県","city":"高梁市","town":"旭町"}],"0018":[{"pref":"岡山県","city":"高梁市","town":"伊賀町"}],"0015":[{"pref":"岡山県","city":"高梁市","town":"石火矢町"}],"0004":[{"pref":"岡山県","city":"高梁市","town":"内山下"}],"0007":[{"pref":"岡山県","city":"高梁市","town":"奥万田町"}],"0061":[{"pref":"岡山県","city":"高梁市","town":"落合町阿部"}],"0064":[{"pref":"岡山県","city":"高梁市","town":"落合町福地"}],"0062":[{"pref":"岡山県","city":"高梁市","town":"落合町近似"}],"0063":[{"pref":"岡山県","city":"高梁市","town":"落合町原田"}],"0017":[{"pref":"岡山県","city":"高梁市","town":"御前町"}],"0028":[{"pref":"岡山県","city":"高梁市","town":"柿木町"}],"0023":[{"pref":"岡山県","city":"高梁市","town":"鍜冶町"}],"0013":[{"pref":"岡山県","city":"高梁市","town":"片原町"}],"0041":[{"pref":"岡山県","city":"高梁市","town":"上谷町"}],"0222":[{"pref":"岡山県","city":"高梁市","town":"川上町大原"}],"0211":[{"pref":"岡山県","city":"高梁市","town":"川上町上大竹"}],"0223":[{"pref":"岡山県","city":"高梁市","town":"川上町高山"}],"0221":[{"pref":"岡山県","city":"高梁市","town":"川上町高山市"}],"0201":[{"pref":"岡山県","city":"高梁市","town":"川上町地頭"}],"0212":[{"pref":"岡山県","city":"高梁市","town":"川上町下大竹"}],"0205":[{"pref":"岡山県","city":"高梁市","town":"川上町臘数"}],"0202":[{"pref":"岡山県","city":"高梁市","town":"川上町七地"}],"0207":[{"pref":"岡山県","city":"高梁市","town":"川上町仁賀"}],"0203":[{"pref":"岡山県","city":"高梁市","town":"川上町三沢"}],"0206":[{"pref":"岡山県","city":"高梁市","town":"川上町吉木"}],"0204":[{"pref":"岡山県","city":"高梁市","town":"川上町領家"}],"0005":[{"pref":"岡山県","city":"高梁市","town":"川端町"}],"0026":[{"pref":"岡山県","city":"高梁市","town":"甲賀町"}],"0025":[{"pref":"岡山県","city":"高梁市","town":"荒神町"}],"0006":[{"pref":"岡山県","city":"高梁市","town":"小高下町"}],"0035":[{"pref":"岡山県","city":"高梁市","town":"栄町"}],"0042":[{"pref":"岡山県","city":"高梁市","town":"下谷町"}],"0022":[{"pref":"岡山県","city":"高梁市","town":"下町"}],"0012":[{"pref":"岡山県","city":"高梁市","town":"新町"}],"0003":[{"pref":"岡山県","city":"高梁市","town":"高倉町大瀬八長"}],"0053":[{"pref":"岡山県","city":"高梁市","town":"玉川町下切"}],"0052":[{"pref":"岡山県","city":"高梁市","town":"玉川町玉"}],"0054":[{"pref":"岡山県","city":"高梁市","town":"玉川町増原"}],"0024":[{"pref":"岡山県","city":"高梁市","town":"大工町"}],"0047":[{"pref":"岡山県","city":"高梁市","town":"段町"}],"0021":[{"pref":"岡山県","city":"高梁市","town":"中間町"}],"0002":[{"pref":"岡山県","city":"高梁市","town":"津川町今津"}],"0001":[{"pref":"岡山県","city":"高梁市","town":"津川町八川"}],"0031":[{"pref":"岡山県","city":"高梁市","town":"鉄砲町"}],"0019":[{"pref":"岡山県","city":"高梁市","town":"寺町"}],"0014":[{"pref":"岡山県","city":"高梁市","town":"中之町"}],"0045":[{"pref":"岡山県","city":"高梁市","town":"中原町"}],"0333":[{"pref":"岡山県","city":"高梁市","town":"成羽町相坂"}],"0334":[{"pref":"岡山県","city":"高梁市","town":"成羽町長地"}],"0102":[{"pref":"岡山県","city":"高梁市","town":"成羽町上日名"}],"0332":[{"pref":"岡山県","city":"高梁市","town":"成羽町小泉"}],"0113":[{"pref":"岡山県","city":"高梁市","town":"成羽町佐々木"}],"0111":[{"pref":"岡山県","city":"高梁市","town":"成羽町下原"}],"0101":[{"pref":"岡山県","city":"高梁市","town":"成羽町下日名"}],"0121":[{"pref":"岡山県","city":"高梁市","town":"成羽町成羽"}],"0331":[{"pref":"岡山県","city":"高梁市","town":"成羽町羽根"}],"0122":[{"pref":"岡山県","city":"高梁市","town":"成羽町羽山"}],"0335":[{"pref":"岡山県","city":"高梁市","town":"成羽町布寄"}],"0112":[{"pref":"岡山県","city":"高梁市","town":"成羽町星原"}],"0038":[{"pref":"岡山県","city":"高梁市","town":"浜町"}],"0044":[{"pref":"岡山県","city":"高梁市","town":"原田南町"}],"0043":[{"pref":"岡山県","city":"高梁市","town":"原田北町"}],"0034":[{"pref":"岡山県","city":"高梁市","town":"東町"}],"0301":[{"pref":"岡山県","city":"高梁市","town":"備中町志藤用瀬"}],"0303":[{"pref":"岡山県","city":"高梁市","town":"備中町長屋"}],"0323":[{"pref":"岡山県","city":"高梁市","town":"備中町西山"}],"0322":[{"pref":"岡山県","city":"高梁市","town":"備中町西油野"}],"0321":[{"pref":"岡山県","city":"高梁市","town":"備中町東油野"}],"0311":[{"pref":"岡山県","city":"高梁市","town":"備中町平川"}],"0304":[{"pref":"岡山県","city":"高梁市","town":"備中町布賀"}],"0302":[{"pref":"岡山県","city":"高梁市","town":"備中町布瀬"}],"0011":[{"pref":"岡山県","city":"高梁市","town":"本町"}],"0037":[{"pref":"岡山県","city":"高梁市","town":"正宗町"}],"0065":[{"pref":"岡山県","city":"高梁市","town":"松原町大津寄"}],"0068":[{"pref":"岡山県","city":"高梁市","town":"松原町神原"}],"0067":[{"pref":"岡山県","city":"高梁市","town":"松原町春木"}],"0066":[{"pref":"岡山県","city":"高梁市","town":"松原町松岡"}],"0036":[{"pref":"岡山県","city":"高梁市","town":"松原通"}],"0051":[{"pref":"岡山県","city":"高梁市","town":"松山"}],"0033":[{"pref":"岡山県","city":"高梁市","town":"南町"}],"0029":[{"pref":"岡山県","city":"高梁市","town":"向町"}],"0027":[{"pref":"岡山県","city":"高梁市","town":"八幡町"}],"0032":[{"pref":"岡山県","city":"高梁市","town":"弓之町"}],"0046":[{"pref":"岡山県","city":"高梁市","town":"横町"}],"0016":[{"pref":"岡山県","city":"高梁市","town":"頼久寺町"}],"0008":[{"pref":"岡山県","city":"高梁市","town":"和田町"}]}