{"0000":[{"pref":"千葉県","city":"千葉市稲毛区","town":"以下に掲載がない場合"}],"0024":[{"pref":"千葉県","city":"千葉市稲毛区","town":"穴川"}],"0025":[{"pref":"千葉県","city":"千葉市稲毛区","town":"穴川町"}],"0052":[{"pref":"千葉県","city":"千葉市稲毛区","town":"あやめ台"}],"0033":[{"pref":"千葉県","city":"千葉市稲毛区","town":"稲丘町"}],"0034":[{"pref":"千葉県","city":"千葉市稲毛区","town":"稲毛"}],"0032":[{"pref":"千葉県","city":"千葉市稲毛区","town":"稲毛台町"}],"0035":[{"pref":"千葉県","city":"千葉市稲毛区","town":"稲毛町"}],"0031":[{"pref":"千葉県","city":"千葉市稲毛区","town":"稲毛東"}],"0053":[{"pref":"千葉県","city":"千葉市稲毛区","town":"柏台"}],"0042":[{"pref":"千葉県","city":"千葉市稲毛区","town":"黒砂"}],"0041":[{"pref":"千葉県","city":"千葉市稲毛区","town":"黒砂台"}],"0043":[{"pref":"千葉県","city":"千葉市稲毛区","town":"小仲台"}],"0044":[{"pref":"千葉県","city":"千葉市稲毛区","town":"小中台町"}],"0003":[{"pref":"千葉県","city":"千葉市稲毛区","town":"小深町"}],"0015":[{"pref":"千葉県","city":"千葉市稲毛区","town":"作草部"}],"0014":[{"pref":"千葉県","city":"千葉市稲毛区","town":"作草部町"}],"0002":[{"pref":"千葉県","city":"千葉市稲毛区","town":"山王町"}],"0051":[{"pref":"千葉県","city":"千葉市稲毛区","town":"園生町"}],"0013":[{"pref":"千葉県","city":"千葉市稲毛区","town":"千草台"}],"0016":[{"pref":"千葉県","city":"千葉市稲毛区","town":"天台"}],"0011":[{"pref":"千葉県","city":"千葉市稲毛区","town":"天台町"}],"0021":[{"pref":"千葉県","city":"千葉市稲毛区","town":"轟町"}],"0005":[{"pref":"千葉県","city":"千葉市稲毛区","town":"長沼町"}],"0001":[{"pref":"千葉県","city":"千葉市稲毛区","town":"長沼原町"}],"0012":[{"pref":"千葉県","city":"千葉市稲毛区","town":"萩台町"}],"0023":[{"pref":"千葉県","city":"千葉市稲毛区","town":"緑町"}],"0054":[{"pref":"千葉県","city":"千葉市稲毛区","town":"宮野木町"}],"0022":[{"pref":"千葉県","city":"千葉市稲毛区","town":"弥生町"}],"0004":[{"pref":"千葉県","city":"千葉市稲毛区","town":"六方町"}]}