{"0052":[{"pref":"福岡県","city":"福岡市東区","town":"貝塚団地"}],"0069":[{"pref":"福岡県","city":"福岡市東区","town":"郷口町"}],"0068":[{"pref":"福岡県","city":"福岡市東区","town":"社領"}],"0053":[{"pref":"福岡県","city":"福岡市東区","town":"箱崎"}],"0051":[{"pref":"福岡県","city":"福岡市東区","town":"箱崎ふ頭"}],"0061":[{"pref":"福岡県","city":"福岡市東区","town":"筥松"}],"0067":[{"pref":"福岡県","city":"福岡市東区","town":"筥松新町"}],"0063":[{"pref":"福岡県","city":"福岡市東区","town":"原田"}],"0055":[{"pref":"福岡県","city":"福岡市東区","town":"東浜"}],"0066":[{"pref":"福岡県","city":"福岡市東区","town":"二又瀬"}],"0065":[{"pref":"福岡県","city":"福岡市東区","town":"二又瀬新町"}],"0054":[{"pref":"福岡県","city":"福岡市東区","town":"馬出"}],"0062":[{"pref":"福岡県","city":"福岡市東区","town":"松島（１、２丁目）"}],"0064":[{"pref":"福岡県","city":"福岡市東区","town":"松田"}],"0000":[{"pref":"福岡県","city":"福岡市博多区","town":"以下に掲載がない場合"}],"0885":[{"pref":"福岡県","city":"福岡市博多区","town":"相生町"}],"0851":[{"pref":"福岡県","city":"福岡市博多区","town":"青木"}],"0881":[{"pref":"福岡県","city":"福岡市博多区","town":"井相田"}],"0888":[{"pref":"福岡県","city":"福岡市博多区","town":"板付"}],"0861":[{"pref":"福岡県","city":"福岡市博多区","town":"浦田"}],"0004":[{"pref":"福岡県","city":"福岡市博多区","town":"榎田"}],"0001":[{"pref":"福岡県","city":"福岡市博多区","town":"大井"}],"0031":[{"pref":"福岡県","city":"福岡市博多区","town":"沖浜町"}],"0043":[{"pref":"福岡県","city":"福岡市博多区","town":"堅粕"}],"0863":[{"pref":"福岡県","city":"福岡市博多区","town":"金の隈"}],"0005":[{"pref":"福岡県","city":"福岡市博多区","town":"上臼井"}],"0026":[{"pref":"福岡県","city":"福岡市博多区","town":"上川端町"}],"0036":[{"pref":"福岡県","city":"福岡市博多区","town":"上呉服町"}],"0006":[{"pref":"福岡県","city":"福岡市博多区","town":"上牟田"}],"0022":[{"pref":"福岡県","city":"福岡市博多区","town":"神屋町"}],"0038":[{"pref":"福岡県","city":"福岡市博多区","town":"祇園町"}],"0879":[{"pref":"福岡県","city":"福岡市博多区","town":"銀天町"}],"0002":[{"pref":"福岡県","city":"福岡市博多区","town":"空港前"}],"0037":[{"pref":"福岡県","city":"福岡市博多区","town":"御供所町"}],"0884":[{"pref":"福岡県","city":"福岡市博多区","town":"寿町"}],"0029":[{"pref":"福岡県","city":"福岡市博多区","town":"古門戸町"}],"0891":[{"pref":"福岡県","city":"福岡市博多区","town":"雀居"}],"0887":[{"pref":"福岡県","city":"福岡市博多区","town":"三筑"}],"0015":[{"pref":"福岡県","city":"福岡市博多区","town":"山王"}],"0871":[{"pref":"福岡県","city":"福岡市博多区","town":"東雲町"}],"0003":[{"pref":"福岡県","city":"福岡市博多区","town":"下臼井"}],"0027":[{"pref":"福岡県","city":"福岡市博多区","town":"下川端町"}],"0034":[{"pref":"福岡県","city":"福岡市博多区","town":"下呉服町"}],"0855":[{"pref":"福岡県","city":"福岡市博多区","town":"下月隈"}],"0876":[{"pref":"福岡県","city":"福岡市博多区","town":"昭南町"}],"0875":[{"pref":"福岡県","city":"福岡市博多区","town":"新和町"}],"0028":[{"pref":"福岡県","city":"福岡市博多区","town":"須崎町"}],"0018":[{"pref":"福岡県","city":"福岡市博多区","town":"住吉"}],"0032":[{"pref":"福岡県","city":"福岡市博多区","town":"石城町"}],"0033":[{"pref":"福岡県","city":"福岡市博多区","town":"大博町"}],"0878":[{"pref":"福岡県","city":"福岡市博多区","town":"竹丘町"}],"0895":[{"pref":"福岡県","city":"福岡市博多区","town":"竹下"}],"0021":[{"pref":"福岡県","city":"福岡市博多区","town":"築港本町"}],"0044":[{"pref":"福岡県","city":"福岡市博多区","town":"千代"}],"0858":[{"pref":"福岡県","city":"福岡市博多区","town":"月隈"}],"0024":[{"pref":"福岡県","city":"福岡市博多区","town":"綱場町"}],"0020":[{"pref":"福岡県","city":"福岡市博多区","town":"対馬小路"}],"0025":[{"pref":"福岡県","city":"福岡市博多区","town":"店屋町"}],"0008":[{"pref":"福岡県","city":"福岡市博多区","town":"東光"}],"0896":[{"pref":"福岡県","city":"福岡市博多区","town":"東光寺町"}],"0893":[{"pref":"福岡県","city":"福岡市博多区","town":"那珂"}],"0035":[{"pref":"福岡県","city":"福岡市博多区","town":"中呉服町"}],"0023":[{"pref":"福岡県","city":"福岡市博多区","town":"奈良屋町"}],"0857":[{"pref":"福岡県","city":"福岡市博多区","town":"西月隈"}],"0873":[{"pref":"福岡県","city":"福岡市博多区","town":"西春町"}],"0012":[{"pref":"福岡県","city":"福岡市博多区","town":"博多駅中央街"}],"0011":[{"pref":"福岡県","city":"福岡市博多区","town":"博多駅前"}],"0013":[{"pref":"福岡県","city":"福岡市博多区","town":"博多駅東"}],"0016":[{"pref":"福岡県","city":"福岡市博多区","town":"博多駅南"}],"0872":[{"pref":"福岡県","city":"福岡市博多区","town":"春町"}],"0897":[{"pref":"福岡県","city":"福岡市博多区","town":"半道橋"}],"0014":[{"pref":"福岡県","city":"福岡市博多区","town":"比恵町"}],"0874":[{"pref":"福岡県","city":"福岡市博多区","town":"光丘町"}],"0045":[{"pref":"福岡県","city":"福岡市博多区","town":"東公園"}],"0854":[{"pref":"福岡県","city":"福岡市博多区","town":"東月隈"}],"0892":[{"pref":"福岡県","city":"福岡市博多区","town":"東那珂"}],"0007":[{"pref":"福岡県","city":"福岡市博多区","town":"東比恵"}],"0853":[{"pref":"福岡県","city":"福岡市博多区","town":"東平尾"}],"0852":[{"pref":"福岡県","city":"福岡市博多区","town":"東平尾公園"}],"0886":[{"pref":"福岡県","city":"福岡市博多区","town":"南八幡町"}],"0883":[{"pref":"福岡県","city":"福岡市博多区","town":"南本町"}],"0017":[{"pref":"福岡県","city":"福岡市博多区","town":"美野島"}],"0882":[{"pref":"福岡県","city":"福岡市博多区","town":"麦野"}],"0877":[{"pref":"福岡県","city":"福岡市博多区","town":"元町"}],"0894":[{"pref":"福岡県","city":"福岡市博多区","town":"諸岡"}],"0042":[{"pref":"福岡県","city":"福岡市博多区","town":"豊"}],"0041":[{"pref":"福岡県","city":"福岡市博多区","town":"吉塚"}],"0046":[{"pref":"福岡県","city":"福岡市博多区","town":"吉塚本町"}],"0862":[{"pref":"福岡県","city":"福岡市博多区","town":"立花寺"}],"0039":[{"pref":"福岡県","city":"福岡市博多区","town":"冷泉町"}]}