{"0000":[{"pref":"広島県","city":"庄原市","town":"以下に掲載がない場合"}],"0014":[{"pref":"広島県","city":"庄原市","town":"板橋町"}],"0025":[{"pref":"広島県","city":"庄原市","town":"市町"}],"0624":[{"pref":"広島県","city":"庄原市","town":"上谷町"}],"0001":[{"pref":"広島県","city":"庄原市","town":"大久保町"}],"0026":[{"pref":"広島県","city":"庄原市","town":"掛田町"}],"0022":[{"pref":"広島県","city":"庄原市","town":"上原町"}],"0203":[{"pref":"広島県","city":"庄原市","town":"川北町"}],"0005":[{"pref":"広島県","city":"庄原市","town":"川手町"}],"0112":[{"pref":"広島県","city":"庄原市","town":"口和町金田"}],"0113":[{"pref":"広島県","city":"庄原市","town":"口和町常定"}],"0114":[{"pref":"広島県","city":"庄原市","town":"口和町永田"}],"0111":[{"pref":"広島県","city":"庄原市","town":"口和町湯木"}],"0003":[{"pref":"広島県","city":"庄原市","town":"是松町"}],"0015":[{"pref":"広島県","city":"庄原市","town":"実留町"}],"0621":[{"pref":"広島県","city":"庄原市","town":"春田町"}],"0004":[{"pref":"広島県","city":"庄原市","town":"新庄町"}],"0002":[{"pref":"広島県","city":"庄原市","town":"高門町"}],"0425":[{"pref":"広島県","city":"庄原市","town":"高野町上里原"}],"0403":[{"pref":"広島県","city":"庄原市","town":"高野町岡大内"}],"0422":[{"pref":"広島県","city":"庄原市","town":"高野町奥門田"}],"0411":[{"pref":"広島県","city":"庄原市","town":"高野町上湯川"}],"0424":[{"pref":"広島県","city":"庄原市","town":"高野町高暮"}],"0412":[{"pref":"広島県","city":"庄原市","town":"高野町下湯川"}],"0423":[{"pref":"広島県","city":"庄原市","town":"高野町下門田"}],"0402":[{"pref":"広島県","city":"庄原市","town":"高野町新市"}],"0421":[{"pref":"広島県","city":"庄原市","town":"高野町中門田"}],"0413":[{"pref":"広島県","city":"庄原市","town":"高野町南"}],"0401":[{"pref":"広島県","city":"庄原市","town":"高野町和南原"}],"0024":[{"pref":"広島県","city":"庄原市","town":"田原町"}],"0017":[{"pref":"広島県","city":"庄原市","town":"戸郷町"}],"0008":[{"pref":"広島県","city":"庄原市","town":"永末町"}],"0012":[{"pref":"広島県","city":"庄原市","town":"中本町"}],"0023":[{"pref":"広島県","city":"庄原市","town":"七塚町"}],"0202":[{"pref":"広島県","city":"庄原市","town":"濁川町"}],"0013":[{"pref":"広島県","city":"庄原市","town":"西本町"}],"0011":[{"pref":"広島県","city":"庄原市","town":"東本町"}],"0016":[{"pref":"広島県","city":"庄原市","town":"一木町"}],"0302":[{"pref":"広島県","city":"庄原市","town":"比和町古頃"}],"0312":[{"pref":"広島県","city":"庄原市","town":"比和町木屋原"}],"0301":[{"pref":"広島県","city":"庄原市","town":"比和町比和"}],"0311":[{"pref":"広島県","city":"庄原市","town":"比和町三河内"}],"0321":[{"pref":"広島県","city":"庄原市","town":"比和町森脇"}],"0006":[{"pref":"広島県","city":"庄原市","town":"本町"}],"0623":[{"pref":"広島県","city":"庄原市","town":"本村町"}],"0021":[{"pref":"広島県","city":"庄原市","town":"三日市町"}],"0622":[{"pref":"広島県","city":"庄原市","town":"峰田町"}],"0007":[{"pref":"広島県","city":"庄原市","town":"宮内町"}],"0201":[{"pref":"広島県","city":"庄原市","town":"門田町"}]}