{"0000":[{"pref":"愛知県","city":"名古屋市東区","town":"以下に掲載がない場合"}],"0012":[{"pref":"愛知県","city":"名古屋市東区","town":"相生町"}],"0004":[{"pref":"愛知県","city":"名古屋市東区","town":"葵"}],"0026":[{"pref":"愛知県","city":"名古屋市東区","town":"赤塚町"}],"0013":[{"pref":"愛知県","city":"名古屋市東区","town":"飯田町"}],"0001":[{"pref":"愛知県","city":"名古屋市東区","town":"泉"}],"0021":[{"pref":"愛知県","city":"名古屋市東区","town":"大曽根"}],"0033":[{"pref":"愛知県","city":"名古屋市東区","town":"大松町"}],"0016":[{"pref":"愛知県","city":"名古屋市東区","town":"上竪杉町"}],"0036":[{"pref":"愛知県","city":"名古屋市東区","town":"車道町"}],"0035":[{"pref":"愛知県","city":"名古屋市東区","town":"黒門町"}],"0049":[{"pref":"愛知県","city":"名古屋市東区","town":"古出来"}],"0019":[{"pref":"愛知県","city":"名古屋市東区","town":"三の丸"}],"0014":[{"pref":"愛知県","city":"名古屋市東区","town":"橦木町"}],"0011":[{"pref":"愛知県","city":"名古屋市東区","town":"白壁"}],"0038":[{"pref":"愛知県","city":"名古屋市東区","town":"新出来"}],"0045":[{"pref":"愛知県","city":"名古屋市東区","town":"砂田橋"}],"0002":[{"pref":"愛知県","city":"名古屋市東区","town":"代官町"}],"0043":[{"pref":"愛知県","city":"名古屋市東区","town":"大幸"}],"0047":[{"pref":"愛知県","city":"名古屋市東区","town":"大幸南"}],"0018":[{"pref":"愛知県","city":"名古屋市東区","town":"主税町"}],"0003":[{"pref":"愛知県","city":"名古屋市東区","town":"筒井"},{"pref":"愛知県","city":"名古屋市東区","town":"筒井町"}],"0032":[{"pref":"愛知県","city":"名古屋市東区","town":"出来町"}],"0025":[{"pref":"愛知県","city":"名古屋市東区","town":"徳川"}],"0023":[{"pref":"愛知県","city":"名古屋市東区","town":"徳川町"}],"0034":[{"pref":"愛知県","city":"名古屋市東区","town":"豊前町"}],"0007":[{"pref":"愛知県","city":"名古屋市東区","town":"西新町"}],"0022":[{"pref":"愛知県","city":"名古屋市東区","town":"東大曽根町"}],"0015":[{"pref":"愛知県","city":"名古屋市東区","town":"東片端町"}],"0005":[{"pref":"愛知県","city":"名古屋市東区","town":"東桜"}],"0006":[{"pref":"愛知県","city":"名古屋市東区","town":"東新町"}],"0017":[{"pref":"愛知県","city":"名古屋市東区","town":"東外堀町"}],"0009":[{"pref":"愛知県","city":"名古屋市東区","town":"久屋町"}],"0037":[{"pref":"愛知県","city":"名古屋市東区","town":"百人町"}],"0008":[{"pref":"愛知県","city":"名古屋市東区","town":"武平町"}],"0046":[{"pref":"愛知県","city":"名古屋市東区","town":"前浪町"}],"0031":[{"pref":"愛知県","city":"名古屋市東区","town":"明倫町"}],"0040":[{"pref":"愛知県","city":"名古屋市東区","town":"矢田"}],"0044":[{"pref":"愛知県","city":"名古屋市東区","town":"矢田東"}],"0048":[{"pref":"愛知県","city":"名古屋市東区","town":"矢田南"}],"0024":[{"pref":"愛知県","city":"名古屋市東区","town":"山口町"}],"0027":[{"pref":"愛知県","city":"名古屋市東区","town":"芳野"}]}