{"1201":[{"pref":"島根県","city":"益田市","town":"匹見町道川"}],"1211":[{"pref":"島根県","city":"益田市","town":"匹見町匹見"}],"1212":[{"pref":"島根県","city":"益田市","town":"匹見町紙祖"}],"1213":[{"pref":"島根県","city":"益田市","town":"匹見町落合"}],"1221":[{"pref":"島根県","city":"益田市","town":"匹見町澄川"}],"1222":[{"pref":"島根県","city":"益田市","town":"匹見町広瀬"}],"1223":[{"pref":"島根県","city":"益田市","town":"匹見町石谷"}],"2141":[{"pref":"島根県","city":"益田市","town":"白上町"}],"2142":[{"pref":"島根県","city":"益田市","town":"市原町"}],"2143":[{"pref":"島根県","city":"益田市","town":"内田町（その他）"}],"2144":[{"pref":"島根県","city":"益田市","town":"虫追町"}],"2145":[{"pref":"島根県","city":"益田市","town":"川登町"}],"2146":[{"pref":"島根県","city":"益田市","town":"中垣内町"}],"2251":[{"pref":"島根県","city":"益田市","town":"黒周町"}],"2252":[{"pref":"島根県","city":"益田市","town":"柏原町"}],"2253":[{"pref":"島根県","city":"益田市","town":"愛栄町"}],"2254":[{"pref":"島根県","city":"益田市","town":"桂平町"}],"2255":[{"pref":"島根県","city":"益田市","town":"上黒谷町"}],"0000":[{"pref":"島根県","city":"益田市","town":"以下に掲載がない場合"}],"0034":[{"pref":"島根県","city":"益田市","town":"赤城町"}],"0027":[{"pref":"島根県","city":"益田市","town":"あけぼの東町"}],"0025":[{"pref":"島根県","city":"益田市","town":"あけぼの西町"}],"0026":[{"pref":"島根県","city":"益田市","town":"あけぼの本町"}],"0022":[{"pref":"島根県","city":"益田市","town":"有明町"}],"0037":[{"pref":"島根県","city":"益田市","town":"飯田町"}],"0014":[{"pref":"島根県","city":"益田市","town":"岩倉町"}],"0051":[{"pref":"島根県","city":"益田市","town":"内田町（石見空港）"}],"0413":[{"pref":"島根県","city":"益田市","town":"馬谷町"}],"0024":[{"pref":"島根県","city":"益田市","town":"駅前町"}],"0012":[{"pref":"島根県","city":"益田市","town":"大谷町"}],"0003":[{"pref":"島根県","city":"益田市","town":"乙吉町"}],"0045":[{"pref":"島根県","city":"益田市","town":"かもしま北町"}],"0047":[{"pref":"島根県","city":"益田市","town":"かもしま西町"}],"0046":[{"pref":"島根県","city":"益田市","town":"かもしま東町"}],"0013":[{"pref":"島根県","city":"益田市","town":"久々茂町"}],"0001":[{"pref":"島根県","city":"益田市","town":"久城町"}],"0021":[{"pref":"島根県","city":"益田市","town":"幸町"}],"0035":[{"pref":"島根県","city":"益田市","town":"栄町"}],"0414":[{"pref":"島根県","city":"益田市","town":"下波田町"}],"0002":[{"pref":"島根県","city":"益田市","town":"下本郷町"}],"0007":[{"pref":"島根県","city":"益田市","town":"昭和町"}],"0036":[{"pref":"島根県","city":"益田市","town":"須子町"}],"0011":[{"pref":"島根県","city":"益田市","town":"染羽町"}],"0041":[{"pref":"島根県","city":"益田市","town":"高津"},{"pref":"島根県","city":"益田市","town":"高津町"}],"0031":[{"pref":"島根県","city":"益田市","town":"多田町"}],"0016":[{"pref":"島根県","city":"益田市","town":"土井町"}],"0023":[{"pref":"島根県","city":"益田市","town":"常盤町"}],"0015":[{"pref":"島根県","city":"益田市","town":"栃山町"}],"0044":[{"pref":"島根県","city":"益田市","town":"中須町"}],"0043":[{"pref":"島根県","city":"益田市","town":"中島町"}],"0042":[{"pref":"島根県","city":"益田市","town":"中吉田町"}],"0412":[{"pref":"島根県","city":"益田市","town":"長沢町"}],"0017":[{"pref":"島根県","city":"益田市","town":"七尾町"}],"0411":[{"pref":"島根県","city":"益田市","town":"波田町"}],"0004":[{"pref":"島根県","city":"益田市","town":"東町"}],"0005":[{"pref":"島根県","city":"益田市","town":"本町"}],"0032":[{"pref":"島根県","city":"益田市","town":"水分町"}],"0213":[{"pref":"島根県","city":"益田市","town":"美都町朝倉"}],"0201":[{"pref":"島根県","city":"益田市","town":"美都町板井川"}],"0202":[{"pref":"島根県","city":"益田市","town":"美都町宇津川"}],"0206":[{"pref":"島根県","city":"益田市","town":"美都町久原"}],"0211":[{"pref":"島根県","city":"益田市","town":"美都町小原"}],"0214":[{"pref":"島根県","city":"益田市","town":"美都町笹倉"}],"0212":[{"pref":"島根県","city":"益田市","town":"美都町仙道"}],"0203":[{"pref":"島根県","city":"益田市","town":"美都町都茂"}],"0207":[{"pref":"島根県","city":"益田市","town":"美都町丸茂"}],"0205":[{"pref":"島根県","city":"益田市","town":"美都町三谷"}],"0204":[{"pref":"島根県","city":"益田市","town":"美都町山本"}],"0006":[{"pref":"島根県","city":"益田市","town":"三宅町"}],"0033":[{"pref":"島根県","city":"益田市","town":"元町"}]}