{"1101":[{"pref":"兵庫県","city":"西宮市","town":"塩瀬町生瀬"}],"1102":[{"pref":"兵庫県","city":"西宮市","town":"生瀬町"}],"1103":[{"pref":"兵庫県","city":"西宮市","town":"生瀬東町"}],"1104":[{"pref":"兵庫県","city":"西宮市","town":"生瀬武庫川町"}],"1111":[{"pref":"兵庫県","city":"西宮市","town":"生瀬高台"}],"1112":[{"pref":"兵庫県","city":"西宮市","town":"宝生ケ丘"}],"1121":[{"pref":"兵庫県","city":"西宮市","town":"花の峯"}],"1122":[{"pref":"兵庫県","city":"西宮市","town":"青葉台"}],"1131":[{"pref":"兵庫県","city":"西宮市","town":"清瀬台"}],"1132":[{"pref":"兵庫県","city":"西宮市","town":"名塩南台"}],"1133":[{"pref":"兵庫県","city":"西宮市","town":"東山台"}],"1134":[{"pref":"兵庫県","city":"西宮市","town":"名塩新町"}],"1135":[{"pref":"兵庫県","city":"西宮市","town":"国見台"}],"1136":[{"pref":"兵庫県","city":"西宮市","town":"名塩木之元"}],"1141":[{"pref":"兵庫県","city":"西宮市","town":"塩瀬町名塩（その他）"}],"1142":[{"pref":"兵庫県","city":"西宮市","town":"名塩山荘"}],"1143":[{"pref":"兵庫県","city":"西宮市","town":"名塩ガーデン"}],"1144":[{"pref":"兵庫県","city":"西宮市","town":"名塩茶園町"}],"1145":[{"pref":"兵庫県","city":"西宮市","town":"名塩平成台"}],"1146":[{"pref":"兵庫県","city":"西宮市","town":"名塩さくら台"}],"1147":[{"pref":"兵庫県","city":"西宮市","town":"名塩"}],"1148":[{"pref":"兵庫県","city":"西宮市","town":"名塩東久保"}],"1149":[{"pref":"兵庫県","city":"西宮市","town":"名塩赤坂"}],"1161":[{"pref":"兵庫県","city":"神戸市北区","town":"道場町生野（１１７２番地）"}],"1162":[{"pref":"兵庫県","city":"西宮市","town":"名塩美山"}],"1201":[{"pref":"兵庫県","city":"宝塚市","town":"香合新田"}],"1202":[{"pref":"兵庫県","city":"宝塚市","town":"上佐曽利"}],"1203":[{"pref":"兵庫県","city":"宝塚市","town":"下佐曽利"}],"1204":[{"pref":"兵庫県","city":"宝塚市","town":"長谷"}],"1205":[{"pref":"兵庫県","city":"宝塚市","town":"芝辻新田"}],"1211":[{"pref":"兵庫県","city":"宝塚市","town":"大原野"}],"1221":[{"pref":"兵庫県","city":"宝塚市","town":"波豆"}],"1222":[{"pref":"兵庫県","city":"宝塚市","town":"境野"}],"1231":[{"pref":"兵庫県","city":"宝塚市","town":"玉瀬"}],"1241":[{"pref":"兵庫県","city":"宝塚市","town":"切畑（長尾山１９－６４）"},{"pref":"兵庫県","city":"宝塚市","town":"切畑（その他）"}],"1251":[{"pref":"兵庫県","city":"西宮市","town":"塩瀬町名塩（４２０５－１、５２０５、５３１３－２０、５３１３－３３、"},{"pref":"兵庫県","city":"西宮市","town":"５３１３－３５番地）"}],"1300":[{"pref":"兵庫県","city":"三田市","town":"以下に掲載がない場合"}],"1301":[{"pref":"兵庫県","city":"三田市","town":"上青野"}],"1302":[{"pref":"兵庫県","city":"三田市","town":"下青野"}],"1303":[{"pref":"兵庫県","city":"三田市","town":"末"}],"1304":[{"pref":"兵庫県","city":"三田市","town":"北浦"}],"1311":[{"pref":"兵庫県","city":"三田市","town":"加茂"}],"1312":[{"pref":"兵庫県","city":"三田市","town":"東野上"}],"1313":[{"pref":"兵庫県","city":"三田市","town":"福島"}],"1314":[{"pref":"兵庫県","city":"三田市","town":"西野上"}],"1315":[{"pref":"兵庫県","city":"三田市","town":"下井沢"}],"1316":[{"pref":"兵庫県","city":"三田市","town":"上井沢"}],"1317":[{"pref":"兵庫県","city":"三田市","town":"宮脇"}],"1321":[{"pref":"兵庫県","city":"三田市","town":"けやき台"}],"1322":[{"pref":"兵庫県","city":"三田市","town":"すずかけ台"}],"1323":[{"pref":"兵庫県","city":"三田市","town":"あかしあ台"}],"1324":[{"pref":"兵庫県","city":"三田市","town":"ゆりのき台"}],"1325":[{"pref":"兵庫県","city":"三田市","town":"さくら坂"}],"1331":[{"pref":"兵庫県","city":"三田市","town":"広野"}],"1332":[{"pref":"兵庫県","city":"三田市","town":"広沢"}],"1333":[{"pref":"兵庫県","city":"三田市","town":"下内神"}],"1334":[{"pref":"兵庫県","city":"三田市","town":"中内神"}],"1335":[{"pref":"兵庫県","city":"三田市","town":"沢谷"}],"1336":[{"pref":"兵庫県","city":"三田市","town":"馬渡"}],"1337":[{"pref":"兵庫県","city":"三田市","town":"学園"}],"1338":[{"pref":"兵庫県","city":"三田市","town":"上内神"}],"1339":[{"pref":"兵庫県","city":"三田市","town":"テクノパーク"}],"1341":[{"pref":"兵庫県","city":"三田市","town":"西相野"}],"1342":[{"pref":"兵庫県","city":"三田市","town":"四ツ辻"}],"1343":[{"pref":"兵庫県","city":"三田市","town":"洞"}],"1344":[{"pref":"兵庫県","city":"三田市","town":"溝口"}],"1345":[{"pref":"兵庫県","city":"三田市","town":"下相野"}],"1346":[{"pref":"兵庫県","city":"三田市","town":"上相野"}],"1347":[{"pref":"兵庫県","city":"三田市","town":"つつじが丘南"}],"1348":[{"pref":"兵庫県","city":"三田市","town":"つつじが丘北"}],"1349":[{"pref":"兵庫県","city":"三田市","town":"大川瀬"}],"1351":[{"pref":"兵庫県","city":"三田市","town":"上本庄"}],"1352":[{"pref":"兵庫県","city":"三田市","town":"須磨田"}],"1353":[{"pref":"兵庫県","city":"三田市","town":"東山"}],"1354":[{"pref":"兵庫県","city":"三田市","town":"大畑"}],"1355":[{"pref":"兵庫県","city":"三田市","town":"長坂"}],"1356":[{"pref":"兵庫県","city":"三田市","town":"井ノ草"}],"1357":[{"pref":"兵庫県","city":"三田市","town":"東本庄"}],"1358":[{"pref":"兵庫県","city":"三田市","town":"藍本"}],"1401":[{"pref":"兵庫県","city":"三田市","town":"小柿"}],"1402":[{"pref":"兵庫県","city":"三田市","town":"末吉"}],"1403":[{"pref":"兵庫県","city":"三田市","town":"川原"}],"1404":[{"pref":"兵庫県","city":"三田市","town":"十倉"}],"1405":[{"pref":"兵庫県","city":"三田市","town":"酒井"}],"1406":[{"pref":"兵庫県","city":"三田市","town":"田中"}],"1407":[{"pref":"兵庫県","city":"三田市","town":"布木"}],"1411":[{"pref":"兵庫県","city":"三田市","town":"波豆川"}],"1412":[{"pref":"兵庫県","city":"三田市","town":"木器"}],"1413":[{"pref":"兵庫県","city":"三田市","town":"下槻瀬"}],"1414":[{"pref":"兵庫県","city":"三田市","town":"市之瀬"}],"1415":[{"pref":"兵庫県","city":"三田市","town":"上槻瀬"}],"1416":[{"pref":"兵庫県","city":"三田市","town":"下里"}],"1417":[{"pref":"兵庫県","city":"三田市","town":"鈴鹿"}],"1501":[{"pref":"兵庫県","city":"三田市","town":"母子"}],"1502":[{"pref":"兵庫県","city":"三田市","town":"永沢寺"}],"1503":[{"pref":"兵庫県","city":"三田市","town":"乙原"}],"1504":[{"pref":"兵庫県","city":"三田市","town":"小野"}],"1505":[{"pref":"兵庫県","city":"三田市","town":"尼寺"}],"1506":[{"pref":"兵庫県","city":"三田市","town":"志手原"}],"1507":[{"pref":"兵庫県","city":"三田市","town":"香下"}],"1511":[{"pref":"兵庫県","city":"三田市","town":"山田"}],"1512":[{"pref":"兵庫県","city":"三田市","town":"高次"}],"1513":[{"pref":"兵庫県","city":"三田市","town":"三輪"}],"1514":[{"pref":"兵庫県","city":"三田市","town":"川除"}],"1515":[{"pref":"兵庫県","city":"三田市","town":"大原"}],"1516":[{"pref":"兵庫県","city":"三田市","town":"友が丘"}],"1517":[{"pref":"兵庫県","city":"三田市","town":"成谷"}],"1521":[{"pref":"兵庫県","city":"三田市","town":"桑原"}],"1522":[{"pref":"兵庫県","city":"三田市","town":"下田中"}],"1523":[{"pref":"兵庫県","city":"三田市","town":"寺村町"}],"1524":[{"pref":"兵庫県","city":"三田市","town":"八景町"}],"1525":[{"pref":"兵庫県","city":"三田市","town":"対中町"}],"1526":[{"pref":"兵庫県","city":"三田市","town":"相生町"}],"1527":[{"pref":"兵庫県","city":"三田市","town":"中町"}],"1528":[{"pref":"兵庫県","city":"三田市","town":"駅前町"}],"1529":[{"pref":"兵庫県","city":"三田市","town":"中央町"}],"1531":[{"pref":"兵庫県","city":"三田市","town":"天神"}],"1532":[{"pref":"兵庫県","city":"三田市","town":"屋敷町"}],"1533":[{"pref":"兵庫県","city":"三田市","town":"三田町"}],"1534":[{"pref":"兵庫県","city":"三田市","town":"横山町"}],"1535":[{"pref":"兵庫県","city":"三田市","town":"南が丘"}],"1536":[{"pref":"兵庫県","city":"三田市","town":"三田市の次に番地がくる場合"}],"1537":[{"pref":"兵庫県","city":"三田市","town":"西山"}],"1541":[{"pref":"兵庫県","city":"三田市","town":"貴志"}],"1542":[{"pref":"兵庫県","city":"三田市","town":"上深田"}],"1543":[{"pref":"兵庫県","city":"三田市","town":"下深田"}],"1544":[{"pref":"兵庫県","city":"三田市","town":"武庫が丘"}],"1545":[{"pref":"兵庫県","city":"三田市","town":"狭間が丘"}],"1546":[{"pref":"兵庫県","city":"三田市","town":"弥生が丘"}],"1547":[{"pref":"兵庫県","city":"三田市","town":"富士が丘"}],"1548":[{"pref":"兵庫県","city":"三田市","town":"池尻"}],"2101":[{"pref":"兵庫県","city":"丹波篠山市","town":"初田"}],"2102":[{"pref":"兵庫県","city":"丹波篠山市","town":"南矢代"}],"2103":[{"pref":"兵庫県","city":"丹波篠山市","town":"波賀野"}],"2104":[{"pref":"兵庫県","city":"丹波篠山市","town":"矢代新"}],"2105":[{"pref":"兵庫県","city":"丹波篠山市","town":"犬飼"}],"2106":[{"pref":"兵庫県","city":"丹波篠山市","town":"牛ケ瀬"}],"2111":[{"pref":"兵庫県","city":"丹波篠山市","town":"当野"}],"2112":[{"pref":"兵庫県","city":"丹波篠山市","town":"古森"}],"2113":[{"pref":"兵庫県","city":"丹波篠山市","town":"草野"}],"2114":[{"pref":"兵庫県","city":"丹波篠山市","town":"油井"}],"2121":[{"pref":"兵庫県","city":"丹波篠山市","town":"見内"}],"2122":[{"pref":"兵庫県","city":"丹波篠山市","town":"波賀野新田"}],"2123":[{"pref":"兵庫県","city":"丹波篠山市","town":"古市"}],"2124":[{"pref":"兵庫県","city":"丹波篠山市","town":"不来坂"}],"2125":[{"pref":"兵庫県","city":"丹波篠山市","town":"住山"}],"2131":[{"pref":"兵庫県","city":"丹波篠山市","town":"今田町辰巳"}],"2132":[{"pref":"兵庫県","city":"丹波篠山市","town":"今田町上小野原"}],"2133":[{"pref":"兵庫県","city":"丹波篠山市","town":"今田町下小野原"}],"2134":[{"pref":"兵庫県","city":"丹波篠山市","town":"今田町休場"}],"2135":[{"pref":"兵庫県","city":"丹波篠山市","town":"今田町上立杭"}],"2141":[{"pref":"兵庫県","city":"丹波篠山市","town":"今田町下立杭"}],"2142":[{"pref":"兵庫県","city":"丹波篠山市","town":"今田町東庄"}],"2143":[{"pref":"兵庫県","city":"丹波篠山市","town":"今田町釜屋"}],"2144":[{"pref":"兵庫県","city":"丹波篠山市","town":"今田町間新田"}],"2145":[{"pref":"兵庫県","city":"丹波篠山市","town":"今田町木津"}],"2151":[{"pref":"兵庫県","city":"丹波篠山市","town":"今田町今田"}],"2152":[{"pref":"兵庫県","city":"丹波篠山市","town":"今田町荻野分"}],"2153":[{"pref":"兵庫県","city":"丹波篠山市","town":"今田町今田新田"}],"2154":[{"pref":"兵庫県","city":"丹波篠山市","town":"今田町市原"}],"2155":[{"pref":"兵庫県","city":"丹波篠山市","town":"今田町芦原新田"}],"2156":[{"pref":"兵庫県","city":"丹波篠山市","town":"今田町佐曽良新田"}],"2161":[{"pref":"兵庫県","city":"丹波篠山市","town":"今田町四斗谷"}],"2162":[{"pref":"兵庫県","city":"丹波篠山市","town":"今田町黒石"}],"2163":[{"pref":"兵庫県","city":"丹波篠山市","town":"今田町本荘"}],"2201":[{"pref":"兵庫県","city":"丹波篠山市","town":"東古佐"}],"2202":[{"pref":"兵庫県","city":"丹波篠山市","town":"東吹"}],"2203":[{"pref":"兵庫県","city":"丹波篠山市","town":"吹新"}],"2204":[{"pref":"兵庫県","city":"丹波篠山市","town":"杉"}],"2205":[{"pref":"兵庫県","city":"丹波篠山市","town":"網掛"}],"2206":[{"pref":"兵庫県","city":"丹波篠山市","town":"西吹"}],"2211":[{"pref":"兵庫県","city":"丹波篠山市","town":"大沢新"}],"2212":[{"pref":"兵庫県","city":"丹波篠山市","town":"大沢"}],"2213":[{"pref":"兵庫県","city":"丹波篠山市","town":"中野"}],"2214":[{"pref":"兵庫県","city":"丹波篠山市","town":"味間新"}],"2221":[{"pref":"兵庫県","city":"丹波篠山市","town":"西古佐"}],"2222":[{"pref":"兵庫県","city":"丹波篠山市","town":"味間南"}],"2223":[{"pref":"兵庫県","city":"丹波篠山市","town":"味間奥"}],"2224":[{"pref":"兵庫県","city":"丹波篠山市","town":"味間北"}],"2231":[{"pref":"兵庫県","city":"丹波篠山市","town":"住吉台"}],"2300":[{"pref":"兵庫県","city":"丹波篠山市","town":"以下に掲載がない場合"}],"2301":[{"pref":"兵庫県","city":"丹波篠山市","town":"火打岩"}],"2302":[{"pref":"兵庫県","city":"丹波篠山市","town":"奥畑"}],"2303":[{"pref":"兵庫県","city":"丹波篠山市","town":"瀬利"}],"2304":[{"pref":"兵庫県","city":"丹波篠山市","town":"今谷"}],"2305":[{"pref":"兵庫県","city":"丹波篠山市","town":"畑宮"}],"2306":[{"pref":"兵庫県","city":"丹波篠山市","town":"大上"}],"2307":[{"pref":"兵庫県","city":"丹波篠山市","town":"般若寺"}],"2308":[{"pref":"兵庫県","city":"丹波篠山市","town":"和田"}],"2309":[{"pref":"兵庫県","city":"丹波篠山市","town":"大渕"}],"2311":[{"pref":"兵庫県","city":"丹波篠山市","town":"新荘"}],"2312":[{"pref":"兵庫県","city":"丹波篠山市","town":"菅"}],"2313":[{"pref":"兵庫県","city":"丹波篠山市","town":"野間"}],"2314":[{"pref":"兵庫県","city":"丹波篠山市","town":"東沢田"}],"2315":[{"pref":"兵庫県","city":"丹波篠山市","town":"筋山"}],"2316":[{"pref":"兵庫県","city":"丹波篠山市","town":"前沢田"}],"2317":[{"pref":"兵庫県","city":"丹波篠山市","town":"北沢田"}],"2318":[{"pref":"兵庫県","city":"丹波篠山市","town":"大熊"}],"2321":[{"pref":"兵庫県","city":"丹波篠山市","town":"黒岡"}],"2322":[{"pref":"兵庫県","city":"丹波篠山市","town":"呉服町"}],"2323":[{"pref":"兵庫県","city":"丹波篠山市","town":"立町"}],"2324":[{"pref":"兵庫県","city":"丹波篠山市","town":"東新町"}],"2325":[{"pref":"兵庫県","city":"丹波篠山市","town":"河原町"}],"2326":[{"pref":"兵庫県","city":"丹波篠山市","town":"小川町"}],"2331":[{"pref":"兵庫県","city":"丹波篠山市","town":"二階町"}],"2332":[{"pref":"兵庫県","city":"丹波篠山市","town":"北新町"}],"2333":[{"pref":"兵庫県","city":"丹波篠山市","town":"南新町"}],"2334":[{"pref":"兵庫県","city":"丹波篠山市","town":"西新町"}],"2335":[{"pref":"兵庫県","city":"丹波篠山市","town":"乾新町"}],"2336":[{"pref":"兵庫県","city":"丹波篠山市","town":"魚屋町"}],"2337":[{"pref":"兵庫県","city":"丹波篠山市","town":"山内町"}],"2341":[{"pref":"兵庫県","city":"丹波篠山市","town":"郡家"}],"2342":[{"pref":"兵庫県","city":"丹波篠山市","town":"西町"}],"2343":[{"pref":"兵庫県","city":"丹波篠山市","town":"風深"}],"2344":[{"pref":"兵庫県","city":"丹波篠山市","town":"吹上"}],"2345":[{"pref":"兵庫県","city":"丹波篠山市","town":"東岡屋"}],"2346":[{"pref":"兵庫県","city":"丹波篠山市","town":"西岡屋"}],"2351":[{"pref":"兵庫県","city":"丹波篠山市","town":"東浜谷"}],"2352":[{"pref":"兵庫県","city":"丹波篠山市","town":"西浜谷"}],"2353":[{"pref":"兵庫県","city":"丹波篠山市","town":"野尻"}],"2354":[{"pref":"兵庫県","city":"丹波篠山市","town":"有居"}],"2355":[{"pref":"兵庫県","city":"丹波篠山市","town":"大野"}],"2356":[{"pref":"兵庫県","city":"丹波篠山市","town":"矢代"}],"2357":[{"pref":"兵庫県","city":"丹波篠山市","town":"今福"}],"2361":[{"pref":"兵庫県","city":"丹波篠山市","town":"丸山"}],"2362":[{"pref":"兵庫県","city":"丹波篠山市","town":"知足"}],"2363":[{"pref":"兵庫県","city":"丹波篠山市","town":"大谷"}],"2364":[{"pref":"兵庫県","city":"丹波篠山市","town":"鷲尾"}],"2365":[{"pref":"兵庫県","city":"丹波篠山市","town":"佐倉"}],"2366":[{"pref":"兵庫県","city":"丹波篠山市","town":"寺内"}],"2367":[{"pref":"兵庫県","city":"丹波篠山市","town":"熊谷"}],"2368":[{"pref":"兵庫県","city":"丹波篠山市","town":"藤岡口"}],"2369":[{"pref":"兵庫県","city":"丹波篠山市","town":"藤岡奥"}],"2401":[{"pref":"兵庫県","city":"丹波篠山市","town":"奥県守"}],"2402":[{"pref":"兵庫県","city":"丹波篠山市","town":"県守"}],"2403":[{"pref":"兵庫県","city":"丹波篠山市","town":"東本荘"}],"2404":[{"pref":"兵庫県","city":"丹波篠山市","town":"西本荘"}],"2405":[{"pref":"兵庫県","city":"丹波篠山市","town":"佐貫谷"}],"2406":[{"pref":"兵庫県","city":"丹波篠山市","town":"泉"}],"2407":[{"pref":"兵庫県","city":"丹波篠山市","town":"倉谷"}],"2408":[{"pref":"兵庫県","city":"丹波篠山市","town":"春日江"}],"2411":[{"pref":"兵庫県","city":"丹波篠山市","town":"辻"}],"2412":[{"pref":"兵庫県","city":"丹波篠山市","town":"小中"}],"2413":[{"pref":"兵庫県","city":"丹波篠山市","town":"畑市"}],"2414":[{"pref":"兵庫県","city":"丹波篠山市","town":"宮ノ前"}],"2415":[{"pref":"兵庫県","city":"丹波篠山市","town":"上宿"}],"2416":[{"pref":"兵庫県","city":"丹波篠山市","town":"井ノ上"}],"2417":[{"pref":"兵庫県","city":"丹波篠山市","town":"北島"}],"2418":[{"pref":"兵庫県","city":"丹波篠山市","town":"畑井"}],"2421":[{"pref":"兵庫県","city":"丹波篠山市","town":"後川新田"}],"2422":[{"pref":"兵庫県","city":"丹波篠山市","town":"後川上"}],"2423":[{"pref":"兵庫県","city":"丹波篠山市","town":"後川中"}],"2424":[{"pref":"兵庫県","city":"丹波篠山市","town":"後川下"}],"2425":[{"pref":"兵庫県","city":"丹波篠山市","town":"後川奥"}],"2431":[{"pref":"兵庫県","city":"丹波篠山市","town":"八上下"}],"2432":[{"pref":"兵庫県","city":"丹波篠山市","town":"八上内"}],"2433":[{"pref":"兵庫県","city":"丹波篠山市","town":"西八上"}],"2434":[{"pref":"兵庫県","city":"丹波篠山市","town":"殿町"}],"2435":[{"pref":"兵庫県","city":"丹波篠山市","town":"小多田"}],"2436":[{"pref":"兵庫県","city":"丹波篠山市","town":"池上"}],"2437":[{"pref":"兵庫県","city":"丹波篠山市","town":"糯ケ坪"}],"2438":[{"pref":"兵庫県","city":"丹波篠山市","town":"京町"}],"2439":[{"pref":"兵庫県","city":"丹波篠山市","town":"渋谷"}],"2441":[{"pref":"兵庫県","city":"丹波篠山市","town":"日置"}],"2442":[{"pref":"兵庫県","city":"丹波篠山市","town":"曽地口"}],"2443":[{"pref":"兵庫県","city":"丹波篠山市","town":"曽地中"}],"2444":[{"pref":"兵庫県","city":"丹波篠山市","town":"曽地奥"}],"2445":[{"pref":"兵庫県","city":"丹波篠山市","town":"野々垣"}],"2446":[{"pref":"兵庫県","city":"丹波篠山市","town":"八上上"}],"2447":[{"pref":"兵庫県","city":"丹波篠山市","town":"西荘"}],"2451":[{"pref":"兵庫県","city":"丹波篠山市","town":"北"}],"2452":[{"pref":"兵庫県","city":"丹波篠山市","town":"野中"}],"2453":[{"pref":"兵庫県","city":"丹波篠山市","town":"谷山"}],"2454":[{"pref":"兵庫県","city":"丹波篠山市","town":"岩崎"}],"2455":[{"pref":"兵庫県","city":"丹波篠山市","town":"宇土"}],"2461":[{"pref":"兵庫県","city":"丹波篠山市","town":"小枕"}],"2462":[{"pref":"兵庫県","city":"丹波篠山市","town":"真南条上"}],"2463":[{"pref":"兵庫県","city":"丹波篠山市","town":"真南条中"}],"2464":[{"pref":"兵庫県","city":"丹波篠山市","town":"真南条下"}],"2465":[{"pref":"兵庫県","city":"丹波篠山市","town":"栗栖野"}],"2501":[{"pref":"兵庫県","city":"丹波篠山市","town":"奥原山"}],"2502":[{"pref":"兵庫県","city":"丹波篠山市","town":"中原山"}],"2503":[{"pref":"兵庫県","city":"丹波篠山市","town":"下原山"}],"2504":[{"pref":"兵庫県","city":"丹波篠山市","town":"西野々"}],"2505":[{"pref":"兵庫県","city":"丹波篠山市","town":"安口"}],"2511":[{"pref":"兵庫県","city":"丹波篠山市","town":"本明谷"}],"2512":[{"pref":"兵庫県","city":"丹波篠山市","town":"川原"}],"2513":[{"pref":"兵庫県","city":"丹波篠山市","town":"福住"}],"2521":[{"pref":"兵庫県","city":"丹波篠山市","town":"二之坪"}],"2522":[{"pref":"兵庫県","city":"丹波篠山市","town":"小野奥谷"}],"2523":[{"pref":"兵庫県","city":"丹波篠山市","town":"小野新"}],"2524":[{"pref":"兵庫県","city":"丹波篠山市","town":"箱谷"}],"2525":[{"pref":"兵庫県","city":"丹波篠山市","town":"栃梨"}],"2526":[{"pref":"兵庫県","city":"丹波篠山市","town":"向井"}],"2527":[{"pref":"兵庫県","city":"丹波篠山市","town":"松ケ鼻"}],"2531":[{"pref":"兵庫県","city":"丹波篠山市","town":"垂水"}],"2532":[{"pref":"兵庫県","city":"丹波篠山市","town":"小立"}],"2533":[{"pref":"兵庫県","city":"丹波篠山市","town":"山田"}],"2534":[{"pref":"兵庫県","city":"丹波篠山市","town":"上筱見"}],"2535":[{"pref":"兵庫県","city":"丹波篠山市","town":"下筱見"}],"2541":[{"pref":"兵庫県","city":"丹波篠山市","town":"井串"}],"2542":[{"pref":"兵庫県","city":"丹波篠山市","town":"細工所"}],"2543":[{"pref":"兵庫県","city":"丹波篠山市","town":"塩岡"}],"2544":[{"pref":"兵庫県","city":"丹波篠山市","town":"草ノ上"}],"2545":[{"pref":"兵庫県","city":"丹波篠山市","town":"小田中"}],"2551":[{"pref":"兵庫県","city":"丹波篠山市","town":"安田"}],"2552":[{"pref":"兵庫県","city":"丹波篠山市","town":"藤之木"}],"2553":[{"pref":"兵庫県","city":"丹波篠山市","town":"幡路"}],"2554":[{"pref":"兵庫県","city":"丹波篠山市","town":"貝田"}],"2601":[{"pref":"兵庫県","city":"丹波篠山市","town":"中"}],"2602":[{"pref":"兵庫県","city":"丹波篠山市","town":"三熊"}],"2603":[{"pref":"兵庫県","city":"丹波篠山市","town":"福井"}],"2604":[{"pref":"兵庫県","city":"丹波篠山市","town":"小原"}],"2605":[{"pref":"兵庫県","city":"丹波篠山市","town":"藤坂"}],"2611":[{"pref":"兵庫県","city":"丹波篠山市","town":"大藤"}],"2612":[{"pref":"兵庫県","city":"丹波篠山市","town":"立金"}],"2613":[{"pref":"兵庫県","city":"丹波篠山市","town":"市野々"}],"2614":[{"pref":"兵庫県","city":"丹波篠山市","town":"小倉"}],"2615":[{"pref":"兵庫県","city":"丹波篠山市","town":"宮代"}],"2616":[{"pref":"兵庫県","city":"丹波篠山市","town":"奥山"}],"2701":[{"pref":"兵庫県","city":"丹波篠山市","town":"川阪"}],"2702":[{"pref":"兵庫県","city":"丹波篠山市","town":"本郷"}],"2703":[{"pref":"兵庫県","city":"丹波篠山市","town":"桑原"}],"2704":[{"pref":"兵庫県","city":"丹波篠山市","town":"遠方"}],"2711":[{"pref":"兵庫県","city":"丹波篠山市","town":"栗柄"}],"2712":[{"pref":"兵庫県","city":"丹波篠山市","town":"坂本"}],"2713":[{"pref":"兵庫県","city":"丹波篠山市","town":"倉本"}],"2714":[{"pref":"兵庫県","city":"丹波篠山市","town":"垣屋"}],"2715":[{"pref":"兵庫県","city":"丹波篠山市","town":"打坂"}],"2716":[{"pref":"兵庫県","city":"丹波篠山市","town":"乗竹"}],"2717":[{"pref":"兵庫県","city":"丹波篠山市","town":"高坂"}],"2718":[{"pref":"兵庫県","city":"丹波篠山市","town":"市山"}],"2721":[{"pref":"兵庫県","city":"丹波篠山市","town":"西谷"}],"2722":[{"pref":"兵庫県","city":"丹波篠山市","town":"河内台"}],"2723":[{"pref":"兵庫県","city":"丹波篠山市","town":"口阪本"}],"2724":[{"pref":"兵庫県","city":"丹波篠山市","town":"川北"}],"2725":[{"pref":"兵庫県","city":"丹波篠山市","town":"川北新田"}],"2726":[{"pref":"兵庫県","city":"丹波篠山市","town":"黒田"}],"2727":[{"pref":"兵庫県","city":"丹波篠山市","town":"高屋"}],"2728":[{"pref":"兵庫県","city":"丹波篠山市","town":"西阪本"}],"2731":[{"pref":"兵庫県","city":"丹波篠山市","town":"小坂"}],"2732":[{"pref":"兵庫県","city":"丹波篠山市","town":"上板井"}],"2733":[{"pref":"兵庫県","city":"丹波篠山市","town":"下板井"}],"2734":[{"pref":"兵庫県","city":"丹波篠山市","town":"宮田"}],"2735":[{"pref":"兵庫県","city":"丹波篠山市","town":"川西"}],"2736":[{"pref":"兵庫県","city":"丹波篠山市","town":"西木之部"}],"2737":[{"pref":"兵庫県","city":"丹波篠山市","town":"東木之部"}],"2801":[{"pref":"兵庫県","city":"丹波篠山市","town":"追入"}],"2802":[{"pref":"兵庫県","city":"丹波篠山市","town":"大山宮"}],"2803":[{"pref":"兵庫県","city":"丹波篠山市","town":"大山上"}],"2804":[{"pref":"兵庫県","city":"丹波篠山市","town":"荒子新田"}],"2805":[{"pref":"兵庫県","city":"丹波篠山市","town":"園田分"}],"2811":[{"pref":"兵庫県","city":"丹波篠山市","town":"石住"}],"2812":[{"pref":"兵庫県","city":"丹波篠山市","town":"高倉"}],"2813":[{"pref":"兵庫県","city":"丹波篠山市","town":"一印谷"}],"2814":[{"pref":"兵庫県","city":"丹波篠山市","town":"長安寺"}],"2815":[{"pref":"兵庫県","city":"丹波篠山市","town":"町ノ田"}],"2821":[{"pref":"兵庫県","city":"丹波篠山市","town":"東河地"}],"2822":[{"pref":"兵庫県","city":"丹波篠山市","town":"明野"}],"2823":[{"pref":"兵庫県","city":"丹波篠山市","town":"大山下"}],"2824":[{"pref":"兵庫県","city":"丹波篠山市","town":"北野"}],"2825":[{"pref":"兵庫県","city":"丹波篠山市","town":"北野新田"}],"2826":[{"pref":"兵庫県","city":"丹波篠山市","town":"徳永"}],"2827":[{"pref":"兵庫県","city":"丹波篠山市","town":"大山新"}],"3101":[{"pref":"兵庫県","city":"丹波市","town":"山南町上滝"}],"3102":[{"pref":"兵庫県","city":"丹波市","town":"山南町下滝"}],"3103":[{"pref":"兵庫県","city":"丹波市","town":"山南町篠場"}],"3104":[{"pref":"兵庫県","city":"丹波市","town":"山南町畑内"}],"3105":[{"pref":"兵庫県","city":"丹波市","town":"山南町北太田"}],"3111":[{"pref":"兵庫県","city":"丹波市","town":"山南町阿草"}],"3112":[{"pref":"兵庫県","city":"丹波市","town":"山南町青田"}],"3113":[{"pref":"兵庫県","city":"丹波市","town":"山南町太田"}],"3121":[{"pref":"兵庫県","city":"丹波市","town":"山南町奥野々"}],"3122":[{"pref":"兵庫県","city":"丹波市","town":"山南町玉巻"}],"3123":[{"pref":"兵庫県","city":"丹波市","town":"山南町大河"}],"3124":[{"pref":"兵庫県","city":"丹波市","town":"山南町大谷"}],"3125":[{"pref":"兵庫県","city":"丹波市","town":"山南町池谷"}],"3126":[{"pref":"兵庫県","city":"丹波市","town":"山南町長野"}],"3127":[{"pref":"兵庫県","city":"丹波市","town":"山南町岡本"}],"3128":[{"pref":"兵庫県","city":"丹波市","town":"山南町金屋"}],"3131":[{"pref":"兵庫県","city":"丹波市","town":"山南町谷川"}],"3132":[{"pref":"兵庫県","city":"丹波市","town":"山南町山崎"}],"3141":[{"pref":"兵庫県","city":"丹波市","town":"山南町岩屋"}],"3142":[{"pref":"兵庫県","city":"丹波市","town":"山南町村森"}],"3143":[{"pref":"兵庫県","city":"丹波市","town":"山南町井原"}],"3144":[{"pref":"兵庫県","city":"丹波市","town":"山南町奥"}],"3145":[{"pref":"兵庫県","city":"丹波市","town":"山南町野坂"}],"3146":[{"pref":"兵庫県","city":"丹波市","town":"山南町南中"}],"3147":[{"pref":"兵庫県","city":"丹波市","town":"山南町子茂田"}],"3148":[{"pref":"兵庫県","city":"丹波市","town":"山南町きらら通"}],"3151":[{"pref":"兵庫県","city":"丹波市","town":"山南町草部"}],"3152":[{"pref":"兵庫県","city":"丹波市","town":"山南町北和田"}],"3153":[{"pref":"兵庫県","city":"丹波市","town":"山南町前川"}],"3154":[{"pref":"兵庫県","city":"丹波市","town":"山南町梶"}],"3155":[{"pref":"兵庫県","city":"丹波市","town":"山南町小新屋"}],"3156":[{"pref":"兵庫県","city":"丹波市","town":"山南町金倉"}],"3157":[{"pref":"兵庫県","city":"丹波市","town":"山南町和田"}],"3158":[{"pref":"兵庫県","city":"丹波市","town":"山南町応地"}],"3159":[{"pref":"兵庫県","city":"丹波市","town":"山南町美和"}],"3161":[{"pref":"兵庫県","city":"丹波市","town":"山南町五ケ野"}],"3162":[{"pref":"兵庫県","city":"丹波市","town":"山南町坂尻"}],"3163":[{"pref":"兵庫県","city":"丹波市","town":"山南町山本"}],"3164":[{"pref":"兵庫県","city":"丹波市","town":"山南町若林"}],"3165":[{"pref":"兵庫県","city":"丹波市","town":"山南町富田"}],"3166":[{"pref":"兵庫県","city":"丹波市","town":"山南町小野尻"}],"3167":[{"pref":"兵庫県","city":"丹波市","town":"山南町小畑"}],"3168":[{"pref":"兵庫県","city":"丹波市","town":"山南町西谷"}],"3300":[{"pref":"兵庫県","city":"丹波市","town":"以下に掲載がない場合"}],"3301":[{"pref":"兵庫県","city":"丹波市","town":"柏原町南多田"}],"3302":[{"pref":"兵庫県","city":"丹波市","town":"柏原町東奥"}],"3303":[{"pref":"兵庫県","city":"丹波市","town":"柏原町見長"}],"3304":[{"pref":"兵庫県","city":"丹波市","town":"柏原町上小倉"}],"3305":[{"pref":"兵庫県","city":"丹波市","town":"柏原町下小倉"}],"3306":[{"pref":"兵庫県","city":"丹波市","town":"柏原町北中"}],"3307":[{"pref":"兵庫県","city":"丹波市","town":"柏原町石戸"}],"3308":[{"pref":"兵庫県","city":"丹波市","town":"柏原町小南"}],"3309":[{"pref":"兵庫県","city":"丹波市","town":"柏原町柏原"}],"3311":[{"pref":"兵庫県","city":"丹波市","town":"柏原町母坪"}],"3312":[{"pref":"兵庫県","city":"丹波市","town":"柏原町田路"}],"3313":[{"pref":"兵庫県","city":"丹波市","town":"柏原町北山"}],"3314":[{"pref":"兵庫県","city":"丹波市","town":"柏原町挙田"}],"3315":[{"pref":"兵庫県","city":"丹波市","town":"柏原町大新屋"}],"3316":[{"pref":"兵庫県","city":"丹波市","town":"柏原町鴨野"}],"3401":[{"pref":"兵庫県","city":"丹波市","town":"春日町山田"}],"3402":[{"pref":"兵庫県","city":"丹波市","town":"春日町新才"}],"3403":[{"pref":"兵庫県","city":"丹波市","town":"春日町長王"}],"3404":[{"pref":"兵庫県","city":"丹波市","town":"春日町牛河内"}],"3411":[{"pref":"兵庫県","city":"丹波市","town":"春日町朝日"}],"3412":[{"pref":"兵庫県","city":"丹波市","town":"春日町園部"}],"3413":[{"pref":"兵庫県","city":"丹波市","town":"春日町石才"}],"3414":[{"pref":"兵庫県","city":"丹波市","town":"春日町歌道谷"}],"3415":[{"pref":"兵庫県","city":"丹波市","town":"春日町坂"}],"3416":[{"pref":"兵庫県","city":"丹波市","town":"春日町野山"}],"3461":[{"pref":"兵庫県","city":"丹波市","town":"氷上町市辺"}],"3462":[{"pref":"兵庫県","city":"丹波市","town":"氷上町大崎"}],"3463":[{"pref":"兵庫県","city":"丹波市","town":"氷上町北野"}],"3464":[{"pref":"兵庫県","city":"丹波市","town":"氷上町石生"}],"3465":[{"pref":"兵庫県","city":"丹波市","town":"氷上町横田"}],"3466":[{"pref":"兵庫県","city":"丹波市","town":"氷上町稲継"}],"3467":[{"pref":"兵庫県","city":"丹波市","town":"氷上町本郷"}],"3571":[{"pref":"兵庫県","city":"丹波市","town":"氷上町新郷"}],"3572":[{"pref":"兵庫県","city":"丹波市","town":"氷上町谷村"}],"3573":[{"pref":"兵庫県","city":"丹波市","town":"氷上町油利"}],"3574":[{"pref":"兵庫県","city":"丹波市","town":"氷上町朝阪"}],"3575":[{"pref":"兵庫県","city":"丹波市","town":"氷上町小野"}],"3581":[{"pref":"兵庫県","city":"丹波市","town":"氷上町稲畑"}],"3582":[{"pref":"兵庫県","city":"丹波市","town":"氷上町佐野"}],"3583":[{"pref":"兵庫県","city":"丹波市","town":"氷上町福田"}],"3601":[{"pref":"兵庫県","city":"丹波市","town":"氷上町成松"}],"3602":[{"pref":"兵庫県","city":"丹波市","town":"氷上町常楽"}],"3603":[{"pref":"兵庫県","city":"丹波市","town":"氷上町西中"}],"3604":[{"pref":"兵庫県","city":"丹波市","town":"氷上町犬岡"}],"3605":[{"pref":"兵庫県","city":"丹波市","town":"氷上町黒田"}],"3606":[{"pref":"兵庫県","city":"丹波市","town":"氷上町上成松"}],"3611":[{"pref":"兵庫県","city":"丹波市","town":"氷上町柿柴"}],"3612":[{"pref":"兵庫県","city":"丹波市","town":"氷上町長野"}],"3613":[{"pref":"兵庫県","city":"丹波市","town":"氷上町上新庄"}],"3614":[{"pref":"兵庫県","city":"丹波市","town":"氷上町下新庄"}],"3621":[{"pref":"兵庫県","city":"丹波市","town":"氷上町大谷"}],"3622":[{"pref":"兵庫県","city":"丹波市","town":"氷上町三原"}],"3623":[{"pref":"兵庫県","city":"丹波市","town":"氷上町中野"}],"3624":[{"pref":"兵庫県","city":"丹波市","town":"氷上町三方"}],"3625":[{"pref":"兵庫県","city":"丹波市","town":"氷上町中"}],"3626":[{"pref":"兵庫県","city":"丹波市","town":"氷上町清住"}],"3631":[{"pref":"兵庫県","city":"丹波市","town":"氷上町賀茂"}],"3632":[{"pref":"兵庫県","city":"丹波市","town":"氷上町井中"}],"3633":[{"pref":"兵庫県","city":"丹波市","town":"氷上町御油"}],"3634":[{"pref":"兵庫県","city":"丹波市","town":"氷上町沼"}],"3641":[{"pref":"兵庫県","city":"丹波市","town":"氷上町絹山"}],"3642":[{"pref":"兵庫県","city":"丹波市","town":"氷上町香良"}],"3643":[{"pref":"兵庫県","city":"丹波市","town":"氷上町伊佐口"}],"3644":[{"pref":"兵庫県","city":"丹波市","town":"氷上町日比宇"}],"3645":[{"pref":"兵庫県","city":"丹波市","town":"氷上町鴨内"}],"3646":[{"pref":"兵庫県","city":"丹波市","town":"氷上町小谷"}],"3651":[{"pref":"兵庫県","city":"丹波市","town":"氷上町氷上"}],"3652":[{"pref":"兵庫県","city":"丹波市","town":"氷上町桟敷"}],"3653":[{"pref":"兵庫県","city":"丹波市","town":"氷上町北油良"}],"3654":[{"pref":"兵庫県","city":"丹波市","town":"氷上町南油良"}],"3801":[{"pref":"兵庫県","city":"丹波市","town":"青垣町東芦田"}],"3802":[{"pref":"兵庫県","city":"丹波市","town":"青垣町栗住野"}],"3803":[{"pref":"兵庫県","city":"丹波市","town":"青垣町西芦田"}],"3804":[{"pref":"兵庫県","city":"丹波市","town":"青垣町田井縄"}],"3811":[{"pref":"兵庫県","city":"丹波市","town":"青垣町佐治"}],"3812":[{"pref":"兵庫県","city":"丹波市","town":"青垣町小倉"}],"3821":[{"pref":"兵庫県","city":"丹波市","town":"青垣町桧倉"}],"3822":[{"pref":"兵庫県","city":"丹波市","town":"青垣町大名草"}],"3823":[{"pref":"兵庫県","city":"丹波市","town":"青垣町大稗"}],"3824":[{"pref":"兵庫県","city":"丹波市","town":"青垣町小稗"}],"3825":[{"pref":"兵庫県","city":"丹波市","town":"青垣町惣持"}],"3826":[{"pref":"兵庫県","city":"丹波市","town":"青垣町文室"}],"3827":[{"pref":"兵庫県","city":"丹波市","town":"青垣町稲土"}],"3831":[{"pref":"兵庫県","city":"丹波市","town":"青垣町市原"}],"3832":[{"pref":"兵庫県","city":"丹波市","town":"青垣町遠阪"}],"3833":[{"pref":"兵庫県","city":"丹波市","town":"青垣町山垣"}],"3834":[{"pref":"兵庫県","city":"丹波市","town":"青垣町中佐治"}],"3841":[{"pref":"兵庫県","city":"丹波市","town":"青垣町口塩久"}],"3842":[{"pref":"兵庫県","city":"丹波市","town":"青垣町沢野"}],"3843":[{"pref":"兵庫県","city":"丹波市","town":"青垣町奥塩久"}],"4121":[{"pref":"兵庫県","city":"丹波市","town":"春日町池尾"}],"4122":[{"pref":"兵庫県","city":"丹波市","town":"春日町小多利"}],"4123":[{"pref":"兵庫県","city":"丹波市","town":"春日町多利"}],"4124":[{"pref":"兵庫県","city":"丹波市","town":"春日町野上野"}],"4125":[{"pref":"兵庫県","city":"丹波市","town":"春日町多田"}],"4131":[{"pref":"兵庫県","city":"丹波市","town":"春日町七日市"}],"4132":[{"pref":"兵庫県","city":"丹波市","town":"春日町野村"}],"4133":[{"pref":"兵庫県","city":"丹波市","town":"春日町平松"}],"4134":[{"pref":"兵庫県","city":"丹波市","town":"春日町古河"}],"4135":[{"pref":"兵庫県","city":"丹波市","town":"春日町稲塚"}],"4141":[{"pref":"兵庫県","city":"丹波市","town":"春日町黒井"}],"4251":[{"pref":"兵庫県","city":"丹波市","town":"春日町上三井庄"}],"4252":[{"pref":"兵庫県","city":"丹波市","town":"春日町下三井庄"}],"4253":[{"pref":"兵庫県","city":"丹波市","town":"春日町鹿場"}],"4261":[{"pref":"兵庫県","city":"丹波市","town":"春日町野瀬"}],"4262":[{"pref":"兵庫県","city":"丹波市","town":"春日町栢野"}],"4263":[{"pref":"兵庫県","city":"丹波市","town":"春日町広瀬"}],"4264":[{"pref":"兵庫県","city":"丹波市","town":"春日町松森"}],"4265":[{"pref":"兵庫県","city":"丹波市","town":"春日町中山"}],"4271":[{"pref":"兵庫県","city":"丹波市","town":"春日町柚津"}],"4272":[{"pref":"兵庫県","city":"丹波市","town":"春日町東中"}],"4273":[{"pref":"兵庫県","city":"丹波市","town":"春日町国領"}],"4274":[{"pref":"兵庫県","city":"丹波市","town":"春日町棚原"}],"4301":[{"pref":"兵庫県","city":"丹波市","town":"市島町下竹田"}],"4302":[{"pref":"兵庫県","city":"丹波市","town":"市島町中竹田"}],"4311":[{"pref":"兵庫県","city":"丹波市","town":"市島町戸平"}],"4312":[{"pref":"兵庫県","city":"丹波市","town":"市島町北奥"}],"4313":[{"pref":"兵庫県","city":"丹波市","town":"市島町多利"}],"4314":[{"pref":"兵庫県","city":"丹波市","town":"市島町南"}],"4315":[{"pref":"兵庫県","city":"丹波市","town":"市島町喜多"}],"4316":[{"pref":"兵庫県","city":"丹波市","town":"市島町岩戸"}],"4317":[{"pref":"兵庫県","city":"丹波市","town":"市島町上牧"}],"4321":[{"pref":"兵庫県","city":"丹波市","town":"市島町上垣"}],"4322":[{"pref":"兵庫県","city":"丹波市","town":"市島町上田"}],"4323":[{"pref":"兵庫県","city":"丹波市","town":"市島町梶原"}],"4324":[{"pref":"兵庫県","city":"丹波市","town":"市島町市島"}],"4325":[{"pref":"兵庫県","city":"丹波市","town":"市島町北岡本"}],"4331":[{"pref":"兵庫県","city":"丹波市","town":"市島町東勅使"}],"4332":[{"pref":"兵庫県","city":"丹波市","town":"市島町勅使"}],"4333":[{"pref":"兵庫県","city":"丹波市","town":"市島町戸坂"}],"4334":[{"pref":"兵庫県","city":"丹波市","town":"市島町白毫寺"}],"4335":[{"pref":"兵庫県","city":"丹波市","town":"市島町与戸"}],"4336":[{"pref":"兵庫県","city":"丹波市","town":"市島町乙河内"}],"4337":[{"pref":"兵庫県","city":"丹波市","town":"市島町酒梨"}],"4341":[{"pref":"兵庫県","city":"丹波市","town":"市島町上竹田"}],"4342":[{"pref":"兵庫県","city":"丹波市","town":"市島町矢代"}],"4343":[{"pref":"兵庫県","city":"丹波市","town":"市島町下鴨阪"}],"4344":[{"pref":"兵庫県","city":"丹波市","town":"市島町上鴨阪"}],"4345":[{"pref":"兵庫県","city":"丹波市","town":"市島町徳尾"}],"5101":[{"pref":"兵庫県","city":"朝来市","town":"山東町滝田"}],"5102":[{"pref":"兵庫県","city":"朝来市","town":"山東町大垣"}],"5103":[{"pref":"兵庫県","city":"朝来市","town":"山東町矢名瀬町"}],"5104":[{"pref":"兵庫県","city":"朝来市","town":"山東町末歳"}],"5111":[{"pref":"兵庫県","city":"朝来市","town":"山東町新堂"}],"5112":[{"pref":"兵庫県","city":"朝来市","town":"山東町大内"}],"5113":[{"pref":"兵庫県","city":"朝来市","town":"山東町塩田"}],"5114":[{"pref":"兵庫県","city":"朝来市","town":"山東町野間"}],"5115":[{"pref":"兵庫県","city":"朝来市","town":"山東町金浦"}],"5121":[{"pref":"兵庫県","city":"朝来市","town":"山東町和賀"}],"5122":[{"pref":"兵庫県","city":"朝来市","town":"山東町早田"}],"5123":[{"pref":"兵庫県","city":"朝来市","town":"山東町一品"}],"5124":[{"pref":"兵庫県","city":"朝来市","town":"山東町柴"}],"5125":[{"pref":"兵庫県","city":"朝来市","town":"山東町粟鹿"}],"5131":[{"pref":"兵庫県","city":"朝来市","town":"山東町柊木"}],"5132":[{"pref":"兵庫県","city":"朝来市","town":"山東町溝黒"}],"5133":[{"pref":"兵庫県","city":"朝来市","town":"山東町喜多垣"}],"5134":[{"pref":"兵庫県","city":"朝来市","town":"山東町迫間"}],"5135":[{"pref":"兵庫県","city":"朝来市","town":"山東町森"}],"5136":[{"pref":"兵庫県","city":"朝来市","town":"山東町与布土"}],"5141":[{"pref":"兵庫県","city":"朝来市","town":"山東町三保"}],"5142":[{"pref":"兵庫県","city":"朝来市","town":"山東町越田"}],"5143":[{"pref":"兵庫県","city":"朝来市","town":"山東町柿坪"}],"5151":[{"pref":"兵庫県","city":"朝来市","town":"山東町小谷"}],"5152":[{"pref":"兵庫県","city":"朝来市","town":"山東町楽音寺"}],"5153":[{"pref":"兵庫県","city":"朝来市","town":"山東町大月"}],"5200":[{"pref":"兵庫県","city":"朝来市","town":"以下に掲載がない場合"}],"5201":[{"pref":"兵庫県","city":"朝来市","town":"和田山町和田山"}],"5202":[{"pref":"兵庫県","city":"朝来市","town":"和田山町東谷"}],"5203":[{"pref":"兵庫県","city":"朝来市","town":"和田山町寺谷"}],"5204":[{"pref":"兵庫県","city":"朝来市","town":"和田山町駅北"}],"5211":[{"pref":"兵庫県","city":"朝来市","town":"和田山町平野"}],"5212":[{"pref":"兵庫県","city":"朝来市","town":"和田山町柳原"}],"5213":[{"pref":"兵庫県","city":"朝来市","town":"和田山町玉置"}],"5214":[{"pref":"兵庫県","city":"朝来市","town":"和田山町桑原"}],"5215":[{"pref":"兵庫県","city":"朝来市","town":"和田山町枚田岡"}],"5216":[{"pref":"兵庫県","city":"朝来市","town":"和田山町弥生が丘"}],"5220":[{"pref":"兵庫県","city":"朝来市","town":"和田山町白井"}],"5221":[{"pref":"兵庫県","city":"朝来市","town":"和田山町秋葉台"}],"5222":[{"pref":"兵庫県","city":"朝来市","town":"和田山町万葉台"}],"5223":[{"pref":"兵庫県","city":"朝来市","town":"和田山町室尾"}],"5224":[{"pref":"兵庫県","city":"朝来市","town":"和田山町岡田"}],"5225":[{"pref":"兵庫県","city":"朝来市","town":"和田山町野村"}],"5226":[{"pref":"兵庫県","city":"朝来市","town":"和田山町中"}],"5227":[{"pref":"兵庫県","city":"朝来市","town":"和田山町東和田"}],"5228":[{"pref":"兵庫県","city":"朝来市","town":"和田山町久田和"}],"5229":[{"pref":"兵庫県","city":"朝来市","town":"和田山町宮"}],"5231":[{"pref":"兵庫県","city":"朝来市","town":"和田山町林垣"}],"5232":[{"pref":"兵庫県","city":"朝来市","town":"和田山町寺内"}],"5233":[{"pref":"兵庫県","city":"朝来市","town":"和田山町高生田"}],"5234":[{"pref":"兵庫県","city":"朝来市","town":"和田山町市場"}],"5235":[{"pref":"兵庫県","city":"朝来市","town":"和田山町和田"}],"5236":[{"pref":"兵庫県","city":"朝来市","town":"和田山町内海"}],"5237":[{"pref":"兵庫県","city":"朝来市","town":"和田山町竹ノ内"}],"5238":[{"pref":"兵庫県","city":"朝来市","town":"和田山町朝日"}],"5241":[{"pref":"兵庫県","city":"朝来市","town":"和田山町土田"}],"5242":[{"pref":"兵庫県","city":"朝来市","town":"和田山町宮田"}],"5243":[{"pref":"兵庫県","city":"朝来市","town":"和田山町高田"}],"5244":[{"pref":"兵庫県","city":"朝来市","town":"和田山町宮内"}],"5245":[{"pref":"兵庫県","city":"朝来市","town":"和田山町法道寺"}],"5246":[{"pref":"兵庫県","city":"朝来市","town":"和田山町岡"}],"5251":[{"pref":"兵庫県","city":"朝来市","town":"和田山町栄町"}],"5252":[{"pref":"兵庫県","city":"朝来市","town":"和田山町竹田"}],"5253":[{"pref":"兵庫県","city":"朝来市","town":"和田山町久世田"}],"5254":[{"pref":"兵庫県","city":"朝来市","town":"和田山町安井"}],"5255":[{"pref":"兵庫県","city":"朝来市","town":"和田山町殿"}],"5256":[{"pref":"兵庫県","city":"朝来市","town":"和田山町三波"}],"5257":[{"pref":"兵庫県","city":"朝来市","town":"和田山町藤和"}],"5258":[{"pref":"兵庫県","city":"朝来市","town":"和田山町城南台"}],"5261":[{"pref":"兵庫県","city":"朝来市","town":"和田山町枚田"}],"5262":[{"pref":"兵庫県","city":"朝来市","town":"和田山町市御堂"}],"5263":[{"pref":"兵庫県","city":"朝来市","town":"和田山町久留引"}],"5264":[{"pref":"兵庫県","city":"朝来市","town":"和田山町加都"}],"5265":[{"pref":"兵庫県","city":"朝来市","town":"和田山町筒江"}],"5266":[{"pref":"兵庫県","city":"朝来市","town":"和田山町比治"}],"5267":[{"pref":"兵庫県","city":"朝来市","town":"和田山町法興寺"}],"5268":[{"pref":"兵庫県","city":"朝来市","town":"和田山町立ノ原"}],"5301":[{"pref":"兵庫県","city":"豊岡市","town":"日高町江原"}],"5302":[{"pref":"兵庫県","city":"豊岡市","town":"日高町岩中"}],"5303":[{"pref":"兵庫県","city":"豊岡市","town":"日高町東構"}],"5304":[{"pref":"兵庫県","city":"豊岡市","town":"日高町宵田"}],"5305":[{"pref":"兵庫県","city":"豊岡市","town":"日高町祢布"}],"5306":[{"pref":"兵庫県","city":"豊岡市","town":"日高町水上"}],"5307":[{"pref":"兵庫県","city":"豊岡市","town":"日高町松岡"}],"5311":[{"pref":"兵庫県","city":"豊岡市","town":"日高町日置"}],"5312":[{"pref":"兵庫県","city":"豊岡市","town":"日高町日高"}],"5313":[{"pref":"兵庫県","city":"豊岡市","town":"日高町鶴岡"}],"5314":[{"pref":"兵庫県","city":"豊岡市","town":"日高町赤崎"}],"5315":[{"pref":"兵庫県","city":"豊岡市","town":"日高町浅倉"}],"5321":[{"pref":"兵庫県","city":"豊岡市","town":"日高町土居"}],"5322":[{"pref":"兵庫県","city":"豊岡市","town":"日高町府市場"}],"5323":[{"pref":"兵庫県","city":"豊岡市","town":"日高町府中新"}],"5324":[{"pref":"兵庫県","city":"豊岡市","town":"日高町上郷"}],"5325":[{"pref":"兵庫県","city":"豊岡市","town":"日高町堀"}],"5326":[{"pref":"兵庫県","city":"豊岡市","town":"日高町池上"}],"5327":[{"pref":"兵庫県","city":"豊岡市","town":"日高町野々庄"}],"5328":[{"pref":"兵庫県","city":"豊岡市","town":"日高町西芝"},{"pref":"兵庫県","city":"豊岡市","town":"日高町東芝"}],"5331":[{"pref":"兵庫県","city":"豊岡市","town":"日高町上石"}],"5332":[{"pref":"兵庫県","city":"豊岡市","town":"日高町竹貫"}],"5333":[{"pref":"兵庫県","city":"豊岡市","town":"日高町藤井"}],"5334":[{"pref":"兵庫県","city":"豊岡市","town":"日高町山本"}],"5335":[{"pref":"兵庫県","city":"豊岡市","town":"日高町奈佐路"}],"5336":[{"pref":"兵庫県","city":"豊岡市","town":"日高町谷"}],"5337":[{"pref":"兵庫県","city":"豊岡市","town":"日高町中"}],"5338":[{"pref":"兵庫県","city":"豊岡市","town":"日高町猪爪"}],"5339":[{"pref":"兵庫県","city":"豊岡市","town":"日高町大岡"},{"pref":"兵庫県","city":"豊岡市","town":"日高町河江"},{"pref":"兵庫県","city":"豊岡市","town":"日高町小河江"},{"pref":"兵庫県","city":"豊岡市","town":"日高町八代"}],"5341":[{"pref":"兵庫県","city":"豊岡市","town":"日高町国分寺"}],"5342":[{"pref":"兵庫県","city":"豊岡市","town":"日高町久斗"}],"5343":[{"pref":"兵庫県","city":"豊岡市","town":"日高町道場"}],"5344":[{"pref":"兵庫県","city":"豊岡市","town":"日高町夏栗"}],"5345":[{"pref":"兵庫県","city":"豊岡市","town":"日高町久田谷"}],"5346":[{"pref":"兵庫県","city":"豊岡市","town":"日高町伊府"}],"5351":[{"pref":"兵庫県","city":"豊岡市","town":"日高町佐田"}],"5352":[{"pref":"兵庫県","city":"豊岡市","town":"日高町知見"}],"5353":[{"pref":"兵庫県","city":"豊岡市","town":"日高町森山"}],"5354":[{"pref":"兵庫県","city":"豊岡市","town":"日高町観音寺"}],"5355":[{"pref":"兵庫県","city":"豊岡市","town":"日高町篠垣"}],"5356":[{"pref":"兵庫県","city":"豊岡市","town":"日高町荒川"}],"5357":[{"pref":"兵庫県","city":"豊岡市","town":"日高町猪子垣"},{"pref":"兵庫県","city":"豊岡市","town":"日高町田ノ口"}],"5358":[{"pref":"兵庫県","city":"豊岡市","town":"日高町殿"},{"pref":"兵庫県","city":"豊岡市","town":"日高町広井"}],"5359":[{"pref":"兵庫県","city":"豊岡市","town":"日高町羽尻"}],"5361":[{"pref":"兵庫県","city":"豊岡市","town":"日高町栗山"}],"5362":[{"pref":"兵庫県","city":"豊岡市","town":"日高町芝"}],"5363":[{"pref":"兵庫県","city":"豊岡市","town":"日高町野"}],"5364":[{"pref":"兵庫県","city":"豊岡市","town":"日高町庄境"}],"5365":[{"pref":"兵庫県","city":"豊岡市","town":"日高町十戸"}],"5366":[{"pref":"兵庫県","city":"豊岡市","town":"日高町頃垣"}],"5367":[{"pref":"兵庫県","city":"豊岡市","town":"日高町石井"}],"5368":[{"pref":"兵庫県","city":"豊岡市","town":"日高町山宮"}],"5369":[{"pref":"兵庫県","city":"豊岡市","town":"日高町栃本"}],"5371":[{"pref":"兵庫県","city":"豊岡市","town":"日高町太田"}],"5372":[{"pref":"兵庫県","city":"豊岡市","town":"日高町栗栖野"}],"5373":[{"pref":"兵庫県","city":"豊岡市","town":"日高町東河内"}],"5374":[{"pref":"兵庫県","city":"豊岡市","town":"日高町水口"}],"5375":[{"pref":"兵庫県","city":"豊岡市","town":"日高町稲葉"}],"5376":[{"pref":"兵庫県","city":"豊岡市","town":"日高町万劫"}],"5377":[{"pref":"兵庫県","city":"豊岡市","town":"日高町山田"}],"5378":[{"pref":"兵庫県","city":"豊岡市","town":"日高町万場"}],"5379":[{"pref":"兵庫県","city":"豊岡市","town":"日高町名色"}],"6101":[{"pref":"兵庫県","city":"豊岡市","town":"城崎町湯島"}],"6102":[{"pref":"兵庫県","city":"豊岡市","town":"城崎町桃島"}],"6103":[{"pref":"兵庫県","city":"豊岡市","town":"城崎町今津"}],"6111":[{"pref":"兵庫県","city":"豊岡市","town":"城崎町楽々浦"}],"6112":[{"pref":"兵庫県","city":"豊岡市","town":"城崎町飯谷"}],"6113":[{"pref":"兵庫県","city":"豊岡市","town":"城崎町結"}],"6114":[{"pref":"兵庫県","city":"豊岡市","town":"城崎町戸島"}],"6115":[{"pref":"兵庫県","city":"豊岡市","town":"城崎町来日"}],"6116":[{"pref":"兵庫県","city":"豊岡市","town":"城崎町上山"}],"6121":[{"pref":"兵庫県","city":"豊岡市","town":"津居山"}],"6122":[{"pref":"兵庫県","city":"豊岡市","town":"瀬戸"}],"6123":[{"pref":"兵庫県","city":"豊岡市","town":"小島"}],"6124":[{"pref":"兵庫県","city":"豊岡市","town":"気比"}],"6125":[{"pref":"兵庫県","city":"豊岡市","town":"田結"}],"6126":[{"pref":"兵庫県","city":"豊岡市","town":"三原"}],"6127":[{"pref":"兵庫県","city":"豊岡市","town":"畑上"}],"6201":[{"pref":"兵庫県","city":"豊岡市","town":"竹野町竹野"}],"6202":[{"pref":"兵庫県","city":"豊岡市","town":"竹野町宇日"}],"6203":[{"pref":"兵庫県","city":"豊岡市","town":"竹野町田久日"}],"6211":[{"pref":"兵庫県","city":"豊岡市","town":"竹野町和田"}],"6212":[{"pref":"兵庫県","city":"豊岡市","town":"竹野町松本"}],"6213":[{"pref":"兵庫県","city":"豊岡市","town":"竹野町羽入"}],"6214":[{"pref":"兵庫県","city":"豊岡市","town":"竹野町阿金谷"}],"6215":[{"pref":"兵庫県","city":"豊岡市","town":"竹野町草飼"}],"6216":[{"pref":"兵庫県","city":"豊岡市","town":"竹野町切浜"}],"6217":[{"pref":"兵庫県","city":"豊岡市","town":"竹野町浜須井"}],"6218":[{"pref":"兵庫県","city":"豊岡市","town":"竹野町奥須井"}],"6221":[{"pref":"兵庫県","city":"豊岡市","town":"竹野町須谷"}],"6222":[{"pref":"兵庫県","city":"豊岡市","town":"竹野町小丸"}],"6223":[{"pref":"兵庫県","city":"豊岡市","town":"竹野町芦谷"}],"6224":[{"pref":"兵庫県","city":"豊岡市","town":"竹野町鬼神谷"}],"6225":[{"pref":"兵庫県","city":"豊岡市","town":"竹野町轟"}],"6226":[{"pref":"兵庫県","city":"豊岡市","town":"竹野町下塚"}],"6227":[{"pref":"兵庫県","city":"豊岡市","town":"竹野町林"}],"6228":[{"pref":"兵庫県","city":"豊岡市","town":"竹野町東大谷"}],"6229":[{"pref":"兵庫県","city":"豊岡市","town":"竹野町金原"}],"6331":[{"pref":"兵庫県","city":"豊岡市","town":"竹野町坊岡"}],"6332":[{"pref":"兵庫県","city":"豊岡市","town":"竹野町森本"}],"6333":[{"pref":"兵庫県","city":"豊岡市","town":"竹野町御又"}],"6334":[{"pref":"兵庫県","city":"豊岡市","town":"竹野町河内"}],"6335":[{"pref":"兵庫県","city":"豊岡市","town":"竹野町門谷"}],"6341":[{"pref":"兵庫県","city":"豊岡市","town":"竹野町小城"}],"6342":[{"pref":"兵庫県","city":"豊岡市","town":"竹野町二連原"}],"6343":[{"pref":"兵庫県","city":"豊岡市","town":"竹野町段"}],"6344":[{"pref":"兵庫県","city":"豊岡市","town":"竹野町椒"}],"6351":[{"pref":"兵庫県","city":"豊岡市","town":"竹野町須野谷"}],"6352":[{"pref":"兵庫県","city":"豊岡市","town":"竹野町大森"}],"6353":[{"pref":"兵庫県","city":"豊岡市","town":"竹野町桑野本"}],"6354":[{"pref":"兵庫県","city":"豊岡市","town":"竹野町川南谷"}],"6355":[{"pref":"兵庫県","city":"豊岡市","town":"竹野町三原"}],"6401":[{"pref":"兵庫県","city":"美方郡香美町","town":"香住区無南垣"}],"6402":[{"pref":"兵庫県","city":"美方郡香美町","town":"香住区訓谷"}],"6403":[{"pref":"兵庫県","city":"美方郡香美町","town":"香住区安木"}],"6404":[{"pref":"兵庫県","city":"美方郡香美町","town":"香住区相谷"}],"6411":[{"pref":"兵庫県","city":"美方郡香美町","town":"香住区九斗"}],"6412":[{"pref":"兵庫県","city":"美方郡香美町","town":"香住区米地"}],"6413":[{"pref":"兵庫県","city":"美方郡香美町","town":"香住区下岡"}],"6414":[{"pref":"兵庫県","city":"美方郡香美町","town":"香住区上岡"}],"6415":[{"pref":"兵庫県","city":"美方郡香美町","town":"香住区西下岡"}],"6416":[{"pref":"兵庫県","city":"美方郡香美町","town":"香住区丹生地"}],"6421":[{"pref":"兵庫県","city":"美方郡香美町","town":"香住区本見塚"}],"6422":[{"pref":"兵庫県","city":"美方郡香美町","town":"香住区土生"}],"6423":[{"pref":"兵庫県","city":"美方郡香美町","town":"香住区畑"}],"6424":[{"pref":"兵庫県","city":"美方郡香美町","town":"香住区隼人"}],"6425":[{"pref":"兵庫県","city":"美方郡香美町","town":"香住区大梶"}],"6426":[{"pref":"兵庫県","city":"美方郡香美町","town":"香住区三川"}],"6431":[{"pref":"兵庫県","city":"美方郡香美町","town":"香住区浦上"}],"6432":[{"pref":"兵庫県","city":"美方郡香美町","town":"香住区上計"}],"6433":[{"pref":"兵庫県","city":"美方郡香美町","town":"香住区沖浦"}],"6500":[{"pref":"兵庫県","city":"美方郡香美町","town":"以下に掲載がない場合"}],"6541":[{"pref":"兵庫県","city":"美方郡香美町","town":"香住区境"}],"6542":[{"pref":"兵庫県","city":"美方郡香美町","town":"香住区一日市"}],"6543":[{"pref":"兵庫県","city":"美方郡香美町","town":"香住区若松"}],"6544":[{"pref":"兵庫県","city":"美方郡香美町","town":"香住区香住"}],"6545":[{"pref":"兵庫県","city":"美方郡香美町","town":"香住区森"}],"6546":[{"pref":"兵庫県","city":"美方郡香美町","town":"香住区七日市"}],"6547":[{"pref":"兵庫県","city":"美方郡香美町","town":"香住区山手"}],"6551":[{"pref":"兵庫県","city":"美方郡香美町","town":"香住区守柄"}],"6552":[{"pref":"兵庫県","city":"美方郡香美町","town":"香住区加鹿野"}],"6553":[{"pref":"兵庫県","city":"美方郡香美町","town":"香住区三谷"}],"6554":[{"pref":"兵庫県","city":"美方郡香美町","town":"香住区大谷"}],"6555":[{"pref":"兵庫県","city":"美方郡香美町","town":"香住区大野"}],"6556":[{"pref":"兵庫県","city":"美方郡香美町","town":"香住区中野"}],"6557":[{"pref":"兵庫県","city":"美方郡香美町","town":"香住区藤"}],"6558":[{"pref":"兵庫県","city":"美方郡香美町","town":"香住区八原"}],"6559":[{"pref":"兵庫県","city":"美方郡香美町","town":"香住区小原"}],"6561":[{"pref":"兵庫県","city":"美方郡香美町","town":"香住区間室"}],"6562":[{"pref":"兵庫県","city":"美方郡香美町","town":"香住区油良"}],"6563":[{"pref":"兵庫県","city":"美方郡香美町","town":"香住区矢田"}],"6564":[{"pref":"兵庫県","city":"美方郡香美町","town":"香住区下浜"}],"6671":[{"pref":"兵庫県","city":"美方郡香美町","town":"香住区余部"}],"6672":[{"pref":"兵庫県","city":"美方郡香美町","town":"香住区鎧"}],"6700":[{"pref":"兵庫県","city":"美方郡新温泉町","town":"以下に掲載がない場合"}],"6701":[{"pref":"兵庫県","city":"美方郡新温泉町","town":"芦屋"}],"6702":[{"pref":"兵庫県","city":"美方郡新温泉町","town":"浜坂"}],"6711":[{"pref":"兵庫県","city":"美方郡新温泉町","town":"清富"}],"6712":[{"pref":"兵庫県","city":"美方郡新温泉町","town":"指杭"}],"6713":[{"pref":"兵庫県","city":"美方郡新温泉町","town":"田井"}],"6714":[{"pref":"兵庫県","city":"美方郡新温泉町","town":"赤崎"}],"6715":[{"pref":"兵庫県","city":"美方郡新温泉町","town":"三尾"}],"6716":[{"pref":"兵庫県","city":"美方郡新温泉町","town":"和田"}],"6721":[{"pref":"兵庫県","city":"美方郡新温泉町","town":"久谷"}],"6722":[{"pref":"兵庫県","city":"美方郡新温泉町","town":"高末"}],"6723":[{"pref":"兵庫県","city":"美方郡新温泉町","town":"正法庵"}],"6724":[{"pref":"兵庫県","city":"美方郡新温泉町","town":"辺地"}],"6725":[{"pref":"兵庫県","city":"美方郡新温泉町","town":"藤尾"}],"6726":[{"pref":"兵庫県","city":"美方郡新温泉町","town":"境"}],"6727":[{"pref":"兵庫県","city":"美方郡新温泉町","town":"久斗山"}],"6728":[{"pref":"兵庫県","city":"美方郡新温泉町","town":"対田"}],"6731":[{"pref":"兵庫県","city":"美方郡新温泉町","town":"二日市"}],"6732":[{"pref":"兵庫県","city":"美方郡新温泉町","town":"福富"}],"6741":[{"pref":"兵庫県","city":"美方郡新温泉町","town":"七釜"}],"6742":[{"pref":"兵庫県","city":"美方郡新温泉町","town":"新市"}],"6743":[{"pref":"兵庫県","city":"美方郡新温泉町","town":"古市"}],"6744":[{"pref":"兵庫県","city":"美方郡新温泉町","town":"用土"}],"6745":[{"pref":"兵庫県","city":"美方郡新温泉町","town":"栃谷"}],"6746":[{"pref":"兵庫県","city":"美方郡新温泉町","town":"戸田"}],"6747":[{"pref":"兵庫県","city":"美方郡新温泉町","town":"三谷"}],"6751":[{"pref":"兵庫県","city":"美方郡新温泉町","town":"居組"}],"6752":[{"pref":"兵庫県","city":"美方郡新温泉町","town":"釜屋"}],"6753":[{"pref":"兵庫県","city":"美方郡新温泉町","town":"諸寄"}],"6761":[{"pref":"兵庫県","city":"美方郡新温泉町","town":"竹田（後山、細見谷）"}],"6801":[{"pref":"兵庫県","city":"美方郡新温泉町","town":"井土"}],"6802":[{"pref":"兵庫県","city":"美方郡新温泉町","town":"金屋"}],"6803":[{"pref":"兵庫県","city":"美方郡新温泉町","town":"今岡"}],"6804":[{"pref":"兵庫県","city":"美方郡新温泉町","town":"熊谷"}],"6805":[{"pref":"兵庫県","city":"美方郡新温泉町","town":"伊角"}],"6806":[{"pref":"兵庫県","city":"美方郡新温泉町","town":"桧尾"}],"6807":[{"pref":"兵庫県","city":"美方郡新温泉町","town":"春来"}],"6808":[{"pref":"兵庫県","city":"美方郡新温泉町","town":"歌長"}],"6811":[{"pref":"兵庫県","city":"美方郡新温泉町","town":"多子"}],"6812":[{"pref":"兵庫県","city":"美方郡新温泉町","town":"切畑"}],"6813":[{"pref":"兵庫県","city":"美方郡新温泉町","town":"丹土"}],"6814":[{"pref":"兵庫県","city":"美方郡新温泉町","town":"中辻"}],"6815":[{"pref":"兵庫県","city":"美方郡新温泉町","town":"桐岡"}],"6821":[{"pref":"兵庫県","city":"美方郡新温泉町","town":"湯"}],"6822":[{"pref":"兵庫県","city":"美方郡新温泉町","town":"細田"}],"6831":[{"pref":"兵庫県","city":"美方郡新温泉町","town":"竹田（その他）"}],"6832":[{"pref":"兵庫県","city":"美方郡新温泉町","town":"飯野"}],"6833":[{"pref":"兵庫県","city":"美方郡新温泉町","town":"塩山"}],"6941":[{"pref":"兵庫県","city":"美方郡新温泉町","town":"千原"}],"6942":[{"pref":"兵庫県","city":"美方郡新温泉町","town":"鐘尾"}],"6943":[{"pref":"兵庫県","city":"美方郡新温泉町","town":"千谷"}],"6944":[{"pref":"兵庫県","city":"美方郡新温泉町","town":"宮脇"}],"6945":[{"pref":"兵庫県","city":"美方郡新温泉町","town":"内山"}],"6946":[{"pref":"兵庫県","city":"美方郡新温泉町","town":"越坂"}],"6951":[{"pref":"兵庫県","city":"美方郡新温泉町","town":"前"}],"6952":[{"pref":"兵庫県","city":"美方郡新温泉町","town":"海上"}],"6953":[{"pref":"兵庫県","city":"美方郡新温泉町","town":"石橋"}],"6954":[{"pref":"兵庫県","city":"美方郡新温泉町","town":"岸田"}]}