{"0000":[{"pref":"福岡県","city":"田川市","town":"以下に掲載がない場合"}],"0001":[{"pref":"福岡県","city":"田川市","town":"伊加利"}],"0002":[{"pref":"福岡県","city":"田川市","town":"伊田"}],"0015":[{"pref":"福岡県","city":"田川市","town":"伊田町"}],"0014":[{"pref":"福岡県","city":"田川市","town":"魚町"}],"0017":[{"pref":"福岡県","city":"田川市","town":"寿町"}],"0011":[{"pref":"福岡県","city":"田川市","town":"栄町"}],"0003":[{"pref":"福岡県","city":"田川市","town":"白鳥町"}],"0016":[{"pref":"福岡県","city":"田川市","town":"新町"}],"0013":[{"pref":"福岡県","city":"田川市","town":"中央町"}],"0004":[{"pref":"福岡県","city":"田川市","town":"夏吉"}],"0018":[{"pref":"福岡県","city":"田川市","town":"番田町"}],"0012":[{"pref":"福岡県","city":"田川市","town":"日の出町"}],"0005":[{"pref":"福岡県","city":"田川市","town":"糒"}]}