{"0080":[{"pref":"愛媛県","city":"今治市","town":"宮窪町四阪島"}],"0000":[{"pref":"愛媛県","city":"新居浜市","town":"以下に掲載がない場合"}],"0897":[{"pref":"愛媛県","city":"新居浜市","town":"阿島乙"}],"0896":[{"pref":"愛媛県","city":"新居浜市","town":"阿島（その他）"}],"0013":[{"pref":"愛媛県","city":"新居浜市","town":"泉池町"}],"0021":[{"pref":"愛媛県","city":"新居浜市","town":"泉宮町"}],"0002":[{"pref":"愛媛県","city":"新居浜市","town":"磯浦町"}],"0025":[{"pref":"愛媛県","city":"新居浜市","town":"一宮町"}],"0866":[{"pref":"愛媛県","city":"新居浜市","town":"宇高町"}],"0046":[{"pref":"愛媛県","city":"新居浜市","town":"上原"}],"0005":[{"pref":"愛媛県","city":"新居浜市","town":"江口町"}],"0008":[{"pref":"愛媛県","city":"新居浜市","town":"王子町"}],"0015":[{"pref":"愛媛県","city":"新居浜市","town":"大江町"}],"0891":[{"pref":"愛媛県","city":"新居浜市","town":"大島"}],"0060":[{"pref":"愛媛県","city":"新居浜市","town":"大生院"}],"0047":[{"pref":"愛媛県","city":"新居浜市","town":"御蔵町"}],"0883":[{"pref":"愛媛県","city":"新居浜市","town":"落神町"}],"0071":[{"pref":"愛媛県","city":"新居浜市","town":"金子丙"}],"0824":[{"pref":"愛媛県","city":"新居浜市","town":"上泉町"}],"0851":[{"pref":"愛媛県","city":"新居浜市","town":"観音原町"}],"0801":[{"pref":"愛媛県","city":"新居浜市","town":"菊本町"}],"0826":[{"pref":"愛媛県","city":"新居浜市","town":"喜光地町"}],"0815":[{"pref":"愛媛県","city":"新居浜市","town":"岸の上町"}],"0842":[{"pref":"愛媛県","city":"新居浜市","town":"北内町"}],"0004":[{"pref":"愛媛県","city":"新居浜市","town":"北新町"}],"0885":[{"pref":"愛媛県","city":"新居浜市","town":"清住町"}],"0890":[{"pref":"愛媛県","city":"新居浜市","town":"楠崎"}],"0026":[{"pref":"愛媛県","city":"新居浜市","town":"久保田町"}],"0892":[{"pref":"愛媛県","city":"新居浜市","town":"黒島"}],"0884":[{"pref":"愛媛県","city":"新居浜市","town":"神郷"}],"0006":[{"pref":"愛媛県","city":"新居浜市","town":"河内町"}],"0853":[{"pref":"愛媛県","city":"新居浜市","town":"光明寺"}],"0854":[{"pref":"愛媛県","city":"新居浜市","town":"国領"}],"0822":[{"pref":"愛媛県","city":"新居浜市","town":"寿町"}],"0886":[{"pref":"愛媛県","city":"新居浜市","town":"郷（丁目）"}],"0895":[{"pref":"愛媛県","city":"新居浜市","town":"郷乙"}],"0894":[{"pref":"愛媛県","city":"新居浜市","town":"郷（その他）"}],"0831":[{"pref":"愛媛県","city":"新居浜市","town":"西連寺町"}],"0812":[{"pref":"愛媛県","city":"新居浜市","town":"坂井町"}],"0865":[{"pref":"愛媛県","city":"新居浜市","town":"桜木町"}],"0862":[{"pref":"愛媛県","city":"新居浜市","town":"沢津町"}],"0023":[{"pref":"愛媛県","city":"新居浜市","town":"繁本町"}],"0855":[{"pref":"愛媛県","city":"新居浜市","town":"七宝台町"}],"0864":[{"pref":"愛媛県","city":"新居浜市","town":"東雲町"}],"0836":[{"pref":"愛媛県","city":"新居浜市","town":"篠場町"}],"0861":[{"pref":"愛媛県","city":"新居浜市","town":"清水町"}],"0813":[{"pref":"愛媛県","city":"新居浜市","town":"下泉町"}],"0811":[{"pref":"愛媛県","city":"新居浜市","town":"庄内町"}],"0814":[{"pref":"愛媛県","city":"新居浜市","town":"城下町"}],"0802":[{"pref":"愛媛県","city":"新居浜市","town":"新須賀町"}],"0003":[{"pref":"愛媛県","city":"新居浜市","town":"新田町"}],"0857":[{"pref":"愛媛県","city":"新居浜市","town":"角野"}],"0844":[{"pref":"愛媛県","city":"新居浜市","town":"角野新田町"}],"0821":[{"pref":"愛媛県","city":"新居浜市","town":"瀬戸町"}],"0001":[{"pref":"愛媛県","city":"新居浜市","town":"惣開町"}],"0847":[{"pref":"愛媛県","city":"新居浜市","town":"大永山"}],"0031":[{"pref":"愛媛県","city":"新居浜市","town":"高木町"}],"0887":[{"pref":"愛媛県","city":"新居浜市","town":"高田"}],"0867":[{"pref":"愛媛県","city":"新居浜市","town":"高津町"}],"0034":[{"pref":"愛媛県","city":"新居浜市","town":"滝の宮町"}],"0893":[{"pref":"愛媛県","city":"新居浜市","town":"多喜浜"}],"0846":[{"pref":"愛媛県","city":"新居浜市","town":"立川町（立川山を含む）"}],"0804":[{"pref":"愛媛県","city":"新居浜市","town":"田所町"}],"0845":[{"pref":"愛媛県","city":"新居浜市","town":"種子川町"}],"0848":[{"pref":"愛媛県","city":"新居浜市","town":"種子川山"}],"0888":[{"pref":"愛媛県","city":"新居浜市","town":"田の上"}],"0043":[{"pref":"愛媛県","city":"新居浜市","town":"土橋"}],"0852":[{"pref":"愛媛県","city":"新居浜市","town":"東田"}],"0022":[{"pref":"愛媛県","city":"新居浜市","town":"徳常町"}],"0823":[{"pref":"愛媛県","city":"新居浜市","town":"外山町"}],"0012":[{"pref":"愛媛県","city":"新居浜市","town":"中須賀町"}],"0841":[{"pref":"愛媛県","city":"新居浜市","town":"中筋町"}],"0834":[{"pref":"愛媛県","city":"新居浜市","town":"中西町"}],"0045":[{"pref":"愛媛県","city":"新居浜市","town":"中萩町"}],"0044":[{"pref":"愛媛県","city":"新居浜市","town":"中村"}],"0041":[{"pref":"愛媛県","city":"新居浜市","town":"中村松木"}],"0874":[{"pref":"愛媛県","city":"新居浜市","town":"長岩町"}],"0072":[{"pref":"愛媛県","city":"新居浜市","town":"新居浜乙"}],"0832":[{"pref":"愛媛県","city":"新居浜市","town":"西泉町"}],"0827":[{"pref":"愛媛県","city":"新居浜市","town":"西喜光地町"}],"0035":[{"pref":"愛媛県","city":"新居浜市","town":"西の土居町"}],"0011":[{"pref":"愛媛県","city":"新居浜市","town":"西原町"}],"0014":[{"pref":"愛媛県","city":"新居浜市","town":"西町"}],"0898":[{"pref":"愛媛県","city":"新居浜市","town":"荷内町"}],"0050":[{"pref":"愛媛県","city":"新居浜市","town":"萩生"}],"0871":[{"pref":"愛媛県","city":"新居浜市","town":"八幡"}],"0872":[{"pref":"愛媛県","city":"新居浜市","town":"垣生（丁目）"}],"0873":[{"pref":"愛媛県","city":"新居浜市","town":"垣生（番地）"}],"0803":[{"pref":"愛媛県","city":"新居浜市","town":"平形町"}],"0856":[{"pref":"愛媛県","city":"新居浜市","town":"船木"}],"0009":[{"pref":"愛媛県","city":"新居浜市","town":"星越町"}],"0825":[{"pref":"愛媛県","city":"新居浜市","town":"星原町"}],"0042":[{"pref":"愛媛県","city":"新居浜市","town":"本郷"}],"0007":[{"pref":"愛媛県","city":"新居浜市","town":"前田町"}],"0032":[{"pref":"愛媛県","city":"新居浜市","town":"政枝町"}],"0882":[{"pref":"愛媛県","city":"新居浜市","town":"又野"}],"0829":[{"pref":"愛媛県","city":"新居浜市","town":"松木町"}],"0868":[{"pref":"愛媛県","city":"新居浜市","town":"松の木町"}],"0828":[{"pref":"愛媛県","city":"新居浜市","town":"松原町"}],"0881":[{"pref":"愛媛県","city":"新居浜市","town":"松神子"}],"0016":[{"pref":"愛媛県","city":"新居浜市","town":"港町"}],"0863":[{"pref":"愛媛県","city":"新居浜市","town":"南小松原町"}],"0024":[{"pref":"愛媛県","city":"新居浜市","town":"宮西町"}],"0833":[{"pref":"愛媛県","city":"新居浜市","town":"宮原町"}],"0805":[{"pref":"愛媛県","city":"新居浜市","town":"八雲町"}],"0837":[{"pref":"愛媛県","city":"新居浜市","town":"山田町"}],"0835":[{"pref":"愛媛県","city":"新居浜市","town":"山根町"}],"0033":[{"pref":"愛媛県","city":"新居浜市","town":"横水町"}],"0843":[{"pref":"愛媛県","city":"新居浜市","town":"吉岡町"}],"0017":[{"pref":"愛媛県","city":"新居浜市","town":"若水町"}]}