{"8001":[{"pref":"愛媛県","city":"八幡浜市","town":"大谷口"}],"8002":[{"pref":"愛媛県","city":"八幡浜市","town":"広瀬"}],"8003":[{"pref":"愛媛県","city":"八幡浜市","town":"古町"}],"8004":[{"pref":"愛媛県","city":"八幡浜市","town":"産業通"}],"8005":[{"pref":"愛媛県","city":"八幡浜市","town":"矢野町（徳雲坊）"}],"8006":[{"pref":"愛媛県","city":"八幡浜市","town":"八代（丁目）"}],"8007":[{"pref":"愛媛県","city":"八幡浜市","town":"八代（番地）"}],"8008":[{"pref":"愛媛県","city":"八幡浜市","town":"栗野浦"}],"8010":[{"pref":"愛媛県","city":"八幡浜市","town":"五反田"}],"8011":[{"pref":"愛媛県","city":"八幡浜市","town":"元城団地"}],"8015":[{"pref":"愛媛県","city":"八幡浜市","town":"国木"}],"8020":[{"pref":"愛媛県","city":"八幡浜市","town":"郷"}],"8025":[{"pref":"愛媛県","city":"八幡浜市","town":"川之内"}],"8030":[{"pref":"愛媛県","city":"八幡浜市","town":"中津川"}],"8035":[{"pref":"愛媛県","city":"八幡浜市","town":"若山"}],"8036":[{"pref":"愛媛県","city":"八幡浜市","town":"釜倉"}],"8037":[{"pref":"愛媛県","city":"八幡浜市","town":"谷"}],"8038":[{"pref":"愛媛県","city":"八幡浜市","town":"横平"}],"8039":[{"pref":"愛媛県","city":"八幡浜市","town":"布喜川"}],"8040":[{"pref":"愛媛県","city":"八幡浜市","town":"舌間"}],"8041":[{"pref":"愛媛県","city":"八幡浜市","town":"合田"}],"8050":[{"pref":"愛媛県","city":"八幡浜市","town":"川上町川名津"}],"8051":[{"pref":"愛媛県","city":"八幡浜市","town":"川上町上泊"}],"8052":[{"pref":"愛媛県","city":"八幡浜市","town":"川上町白石"}],"8053":[{"pref":"愛媛県","city":"八幡浜市","town":"真網代"}],"8054":[{"pref":"愛媛県","city":"八幡浜市","town":"穴井"}],"8060":[{"pref":"愛媛県","city":"八幡浜市","town":"大島"}],"0000":[{"pref":"愛媛県","city":"八幡浜市","town":"以下に掲載がない場合"}],"0088":[{"pref":"愛媛県","city":"八幡浜市","town":"八幡浜市の次に番地がくる場合"}],"0081":[{"pref":"愛媛県","city":"八幡浜市","town":"朝潮橋"}],"0086":[{"pref":"愛媛県","city":"八幡浜市","town":"旭町"}],"0056":[{"pref":"愛媛県","city":"八幡浜市","town":"愛宕"}],"0057":[{"pref":"愛媛県","city":"八幡浜市","town":"愛宕山団地"}],"0022":[{"pref":"愛媛県","city":"八幡浜市","town":"駅前"}],"0031":[{"pref":"愛媛県","city":"八幡浜市","town":"江戸岡"}],"0061":[{"pref":"愛媛県","city":"八幡浜市","town":"海老崎"}],"0073":[{"pref":"愛媛県","city":"八幡浜市","town":"戎町"}],"0004":[{"pref":"愛媛県","city":"八幡浜市","town":"大平（津羽井）"}],"0002":[{"pref":"愛媛県","city":"八幡浜市","town":"大平（花園町）"}],"0003":[{"pref":"愛媛県","city":"八幡浜市","town":"大平（その他）"}],"0087":[{"pref":"愛媛県","city":"八幡浜市","town":"沖新田"}],"0053":[{"pref":"愛媛県","city":"八幡浜市","town":"海望園"}],"0065":[{"pref":"愛媛県","city":"八幡浜市","town":"片山町"}],"0082":[{"pref":"愛媛県","city":"八幡浜市","town":"北大黒町"}],"0048":[{"pref":"愛媛県","city":"八幡浜市","town":"北浜"}],"0011":[{"pref":"愛媛県","city":"八幡浜市","town":"木多町"}],"0042":[{"pref":"愛媛県","city":"八幡浜市","town":"喜多町"}],"0046":[{"pref":"愛媛県","city":"八幡浜市","town":"旧港"}],"0077":[{"pref":"愛媛県","city":"八幡浜市","town":"旧役場前通"}],"0054":[{"pref":"愛媛県","city":"八幡浜市","town":"琴平町"}],"0041":[{"pref":"愛媛県","city":"八幡浜市","town":"裁判所通"}],"0051":[{"pref":"愛媛県","city":"八幡浜市","town":"幸町"}],"0069":[{"pref":"愛媛県","city":"八幡浜市","town":"下道"}],"0028":[{"pref":"愛媛県","city":"八幡浜市","town":"清水町"}],"0038":[{"pref":"愛媛県","city":"八幡浜市","town":"清水町花小路"}],"0037":[{"pref":"愛媛県","city":"八幡浜市","town":"昭和通"}],"0047":[{"pref":"愛媛県","city":"八幡浜市","town":"白浜通"}],"0062":[{"pref":"愛媛県","city":"八幡浜市","town":"新栄町"}],"0036":[{"pref":"愛媛県","city":"八幡浜市","town":"新川"}],"0020":[{"pref":"愛媛県","city":"八幡浜市","town":"神宮"}],"0024":[{"pref":"愛媛県","city":"八幡浜市","town":"神宮通"}],"0023":[{"pref":"愛媛県","city":"八幡浜市","town":"神宮前"}],"0071":[{"pref":"愛媛県","city":"八幡浜市","town":"新町"}],"0074":[{"pref":"愛媛県","city":"八幡浜市","town":"新港"}],"0079":[{"pref":"愛媛県","city":"八幡浜市","town":"新港戎町"}],"0014":[{"pref":"愛媛県","city":"八幡浜市","town":"新和田町"}],"0035":[{"pref":"愛媛県","city":"八幡浜市","town":"須崎"}],"0064":[{"pref":"愛媛県","city":"八幡浜市","town":"船場通"}],"0083":[{"pref":"愛媛県","city":"八幡浜市","town":"大黒町"}],"0033":[{"pref":"愛媛県","city":"八幡浜市","town":"大正町"}],"0055":[{"pref":"愛媛県","city":"八幡浜市","town":"大門"}],"0005":[{"pref":"愛媛県","city":"八幡浜市","town":"高野地"}],"0067":[{"pref":"愛媛県","city":"八幡浜市","town":"中央"}],"0076":[{"pref":"愛媛県","city":"八幡浜市","town":"千代田町"}],"0089":[{"pref":"愛媛県","city":"八幡浜市","town":"出島"}],"0085":[{"pref":"愛媛県","city":"八幡浜市","town":"天神通"}],"0075":[{"pref":"愛媛県","city":"八幡浜市","town":"仲之町"}],"0044":[{"pref":"愛媛県","city":"八幡浜市","town":"西近江屋町"}],"0045":[{"pref":"愛媛県","city":"八幡浜市","town":"西近江屋町浜通"}],"0029":[{"pref":"愛媛県","city":"八幡浜市","town":"花小路"}],"0034":[{"pref":"愛媛県","city":"八幡浜市","town":"浜田町"}],"0068":[{"pref":"愛媛県","city":"八幡浜市","town":"浜之町"}],"0043":[{"pref":"愛媛県","city":"八幡浜市","town":"東近江屋町"}],"0032":[{"pref":"愛媛県","city":"八幡浜市","town":"東新川"}],"0025":[{"pref":"愛媛県","city":"八幡浜市","town":"東矢野町"}],"0170":[{"pref":"愛媛県","city":"八幡浜市","town":"日土町"}],"0021":[{"pref":"愛媛県","city":"八幡浜市","town":"桧谷"}],"0203":[{"pref":"愛媛県","city":"八幡浜市","town":"保内町磯崎"}],"0201":[{"pref":"愛媛県","city":"八幡浜市","town":"保内町川之石"}],"0111":[{"pref":"愛媛県","city":"八幡浜市","town":"保内町喜木"}],"0204":[{"pref":"愛媛県","city":"八幡浜市","town":"保内町喜木津"}],"0112":[{"pref":"愛媛県","city":"八幡浜市","town":"保内町須川"}],"0205":[{"pref":"愛媛県","city":"八幡浜市","town":"保内町広早"}],"0202":[{"pref":"愛媛県","city":"八幡浜市","town":"保内町宮内"}],"0066":[{"pref":"愛媛県","city":"八幡浜市","town":"本町"}],"0027":[{"pref":"愛媛県","city":"八幡浜市","town":"松蔭町"}],"0010":[{"pref":"愛媛県","city":"八幡浜市","town":"松柏"}],"0052":[{"pref":"愛媛県","city":"八幡浜市","town":"松本町"}],"0072":[{"pref":"愛媛県","city":"八幡浜市","town":"港町"}],"0012":[{"pref":"愛媛県","city":"八幡浜市","town":"南柏"}],"0084":[{"pref":"愛媛県","city":"八幡浜市","town":"南大黒町"}],"0001":[{"pref":"愛媛県","city":"八幡浜市","town":"向灘"}],"0026":[{"pref":"愛媛県","city":"八幡浜市","town":"矢野町（その他）"}],"0013":[{"pref":"愛媛県","city":"八幡浜市","town":"山越"}],"0063":[{"pref":"愛媛県","city":"八幡浜市","town":"横町"}],"0907":[{"pref":"愛媛県","city":"西予市","town":"三瓶町朝立"}],"0909":[{"pref":"愛媛県","city":"西予市","town":"三瓶町安土"}],"0910":[{"pref":"愛媛県","city":"西予市","town":"三瓶町有網代"}],"0911":[{"pref":"愛媛県","city":"西予市","town":"三瓶町有太刀"}],"0906":[{"pref":"愛媛県","city":"西予市","town":"三瓶町和泉"}],"0913":[{"pref":"愛媛県","city":"西予市","town":"三瓶町蔵貫"}],"0912":[{"pref":"愛媛県","city":"西予市","town":"三瓶町蔵貫浦"}],"0905":[{"pref":"愛媛県","city":"西予市","town":"三瓶町鴫山"}],"0915":[{"pref":"愛媛県","city":"西予市","town":"三瓶町下泊"}],"0901":[{"pref":"愛媛県","city":"西予市","town":"三瓶町周木"}],"0908":[{"pref":"愛媛県","city":"西予市","town":"三瓶町津布理"}],"0902":[{"pref":"愛媛県","city":"西予市","town":"三瓶町長早"}],"0903":[{"pref":"愛媛県","city":"西予市","town":"三瓶町二及"}],"0904":[{"pref":"愛媛県","city":"西予市","town":"三瓶町垣生"}],"0914":[{"pref":"愛媛県","city":"西予市","town":"三瓶町皆江"}],"0300":[{"pref":"愛媛県","city":"西宇和郡伊方町","town":"以下に掲載がない場合"}],"0501":[{"pref":"愛媛県","city":"西宇和郡伊方町","town":"足成"}],"0304":[{"pref":"愛媛県","city":"西宇和郡伊方町","town":"伊方越"}],"0805":[{"pref":"愛媛県","city":"西宇和郡伊方町","town":"井野浦"}],"0503":[{"pref":"愛媛県","city":"西宇和郡伊方町","town":"大江"}],"0612":[{"pref":"愛媛県","city":"西宇和郡伊方町","town":"大久"}],"0804":[{"pref":"愛媛県","city":"西宇和郡伊方町","town":"大佐田"}],"0308":[{"pref":"愛媛県","city":"西宇和郡伊方町","town":"大浜"}],"0815":[{"pref":"愛媛県","city":"西宇和郡伊方町","town":"釜木"}],"0303":[{"pref":"愛媛県","city":"西宇和郡伊方町","town":"亀浦"}],"0305":[{"pref":"愛媛県","city":"西宇和郡伊方町","town":"河内"}],"0312":[{"pref":"愛媛県","city":"西宇和郡伊方町","town":"川永田"}],"0611":[{"pref":"愛媛県","city":"西宇和郡伊方町","town":"川之浜"}],"0822":[{"pref":"愛媛県","city":"西宇和郡伊方町","town":"串"}],"0421":[{"pref":"愛媛県","city":"西宇和郡伊方町","town":"九町"}],"0613":[{"pref":"愛媛県","city":"西宇和郡伊方町","town":"神崎"}],"0615":[{"pref":"愛媛県","city":"西宇和郡伊方町","town":"高茂"}],"0505":[{"pref":"愛媛県","city":"西宇和郡伊方町","town":"小島"}],"0302":[{"pref":"愛媛県","city":"西宇和郡伊方町","town":"小中浦"}],"0803":[{"pref":"愛媛県","city":"西宇和郡伊方町","town":"佐田"}],"0506":[{"pref":"愛媛県","city":"西宇和郡伊方町","town":"塩成"}],"0504":[{"pref":"愛媛県","city":"西宇和郡伊方町","town":"志津"}],"0823":[{"pref":"愛媛県","city":"西宇和郡伊方町","town":"正野"}],"0802":[{"pref":"愛媛県","city":"西宇和郡伊方町","town":"高浦"}],"0614":[{"pref":"愛媛県","city":"西宇和郡伊方町","town":"田部"}],"0313":[{"pref":"愛媛県","city":"西宇和郡伊方町","town":"豊之浦"}],"0311":[{"pref":"愛媛県","city":"西宇和郡伊方町","town":"中浦"}],"0307":[{"pref":"愛媛県","city":"西宇和郡伊方町","town":"中之浜"}],"0816":[{"pref":"愛媛県","city":"西宇和郡伊方町","town":"名取"}],"0306":[{"pref":"愛媛県","city":"西宇和郡伊方町","town":"仁田之浜"}],"0814":[{"pref":"愛媛県","city":"西宇和郡伊方町","town":"平礒"}],"0813":[{"pref":"愛媛県","city":"西宇和郡伊方町","town":"二名津"}],"0422":[{"pref":"愛媛県","city":"西宇和郡伊方町","town":"二見"}],"0811":[{"pref":"愛媛県","city":"西宇和郡伊方町","town":"松"}],"0801":[{"pref":"愛媛県","city":"西宇和郡伊方町","town":"三崎"}],"0502":[{"pref":"愛媛県","city":"西宇和郡伊方町","town":"三机"}],"0301":[{"pref":"愛媛県","city":"西宇和郡伊方町","town":"湊浦"}],"0812":[{"pref":"愛媛県","city":"西宇和郡伊方町","town":"明神"}],"0821":[{"pref":"愛媛県","city":"西宇和郡伊方町","town":"与侈"}]}