{"6001":[{"pref":"大阪府","city":"大阪市北区","town":"大淀中梅田スカイビルタワーイースト（１階）"}],"6002":[{"pref":"大阪府","city":"大阪市北区","town":"大淀中梅田スカイビルタワーイースト（２階）"}],"6003":[{"pref":"大阪府","city":"大阪市北区","town":"大淀中梅田スカイビルタワーイースト（３階）"}],"6004":[{"pref":"大阪府","city":"大阪市北区","town":"大淀中梅田スカイビルタワーイースト（４階）"}],"6005":[{"pref":"大阪府","city":"大阪市北区","town":"大淀中梅田スカイビルタワーイースト（５階）"}],"6006":[{"pref":"大阪府","city":"大阪市北区","town":"大淀中梅田スカイビルタワーイースト（６階）"}],"6007":[{"pref":"大阪府","city":"大阪市北区","town":"大淀中梅田スカイビルタワーイースト（７階）"}],"6008":[{"pref":"大阪府","city":"大阪市北区","town":"大淀中梅田スカイビルタワーイースト（８階）"}],"6009":[{"pref":"大阪府","city":"大阪市北区","town":"大淀中梅田スカイビルタワーイースト（９階）"}],"6010":[{"pref":"大阪府","city":"大阪市北区","town":"大淀中梅田スカイビルタワーイースト（１０階）"}],"6011":[{"pref":"大阪府","city":"大阪市北区","town":"大淀中梅田スカイビルタワーイースト（１１階）"}],"6012":[{"pref":"大阪府","city":"大阪市北区","town":"大淀中梅田スカイビルタワーイースト（１２階）"}],"6013":[{"pref":"大阪府","city":"大阪市北区","town":"大淀中梅田スカイビルタワーイースト（１３階）"}],"6014":[{"pref":"大阪府","city":"大阪市北区","town":"大淀中梅田スカイビルタワーイースト（１４階）"}],"6015":[{"pref":"大阪府","city":"大阪市北区","town":"大淀中梅田スカイビルタワーイースト（１５階）"}],"6016":[{"pref":"大阪府","city":"大阪市北区","town":"大淀中梅田スカイビルタワーイースト（１６階）"}],"6017":[{"pref":"大阪府","city":"大阪市北区","town":"大淀中梅田スカイビルタワーイースト（１７階）"}],"6018":[{"pref":"大阪府","city":"大阪市北区","town":"大淀中梅田スカイビルタワーイースト（１８階）"}],"6019":[{"pref":"大阪府","city":"大阪市北区","town":"大淀中梅田スカイビルタワーイースト（１９階）"}],"6020":[{"pref":"大阪府","city":"大阪市北区","town":"大淀中梅田スカイビルタワーイースト（２０階）"}],"6021":[{"pref":"大阪府","city":"大阪市北区","town":"大淀中梅田スカイビルタワーイースト（２１階）"}],"6022":[{"pref":"大阪府","city":"大阪市北区","town":"大淀中梅田スカイビルタワーイースト（２２階）"}],"6023":[{"pref":"大阪府","city":"大阪市北区","town":"大淀中梅田スカイビルタワーイースト（２３階）"}],"6024":[{"pref":"大阪府","city":"大阪市北区","town":"大淀中梅田スカイビルタワーイースト（２４階）"}],"6025":[{"pref":"大阪府","city":"大阪市北区","town":"大淀中梅田スカイビルタワーイースト（２５階）"}],"6026":[{"pref":"大阪府","city":"大阪市北区","town":"大淀中梅田スカイビルタワーイースト（２６階）"}],"6027":[{"pref":"大阪府","city":"大阪市北区","town":"大淀中梅田スカイビルタワーイースト（２７階）"}],"6028":[{"pref":"大阪府","city":"大阪市北区","town":"大淀中梅田スカイビルタワーイースト（２８階）"}],"6029":[{"pref":"大阪府","city":"大阪市北区","town":"大淀中梅田スカイビルタワーイースト（２９階）"}],"6030":[{"pref":"大阪府","city":"大阪市北区","town":"大淀中梅田スカイビルタワーイースト（３０階）"}],"6031":[{"pref":"大阪府","city":"大阪市北区","town":"大淀中梅田スカイビルタワーイースト（３１階）"}],"6032":[{"pref":"大阪府","city":"大阪市北区","town":"大淀中梅田スカイビルタワーイースト（３２階）"}],"6033":[{"pref":"大阪府","city":"大阪市北区","town":"大淀中梅田スカイビルタワーイースト（３３階）"}],"6034":[{"pref":"大阪府","city":"大阪市北区","town":"大淀中梅田スカイビルタワーイースト（３４階）"}],"6035":[{"pref":"大阪府","city":"大阪市北区","town":"大淀中梅田スカイビルタワーイースト（３５階）"}],"6036":[{"pref":"大阪府","city":"大阪市北区","town":"大淀中梅田スカイビルタワーイースト（３６階）"}],"6037":[{"pref":"大阪府","city":"大阪市北区","town":"大淀中梅田スカイビルタワーイースト（３７階）"}],"6038":[{"pref":"大阪府","city":"大阪市北区","town":"大淀中梅田スカイビルタワーイースト（３８階）"}],"6039":[{"pref":"大阪府","city":"大阪市北区","town":"大淀中梅田スカイビルタワーイースト（３９階）"}],"6090":[{"pref":"大阪府","city":"大阪市北区","town":"大淀中梅田スカイビルタワーイースト（地階・階層不明）"}],"6101":[{"pref":"大阪府","city":"大阪市北区","town":"大淀中梅田スカイビルタワーウエスト（１階）"}],"6102":[{"pref":"大阪府","city":"大阪市北区","town":"大淀中梅田スカイビルタワーウエスト（２階）"}],"6103":[{"pref":"大阪府","city":"大阪市北区","town":"大淀中梅田スカイビルタワーウエスト（３階）"}],"6104":[{"pref":"大阪府","city":"大阪市北区","town":"大淀中梅田スカイビルタワーウエスト（４階）"}],"6105":[{"pref":"大阪府","city":"大阪市北区","town":"大淀中梅田スカイビルタワーウエスト（５階）"}],"6106":[{"pref":"大阪府","city":"大阪市北区","town":"大淀中梅田スカイビルタワーウエスト（６階）"}],"6107":[{"pref":"大阪府","city":"大阪市北区","town":"大淀中梅田スカイビルタワーウエスト（７階）"}],"6108":[{"pref":"大阪府","city":"大阪市北区","town":"大淀中梅田スカイビルタワーウエスト（８階）"}],"6109":[{"pref":"大阪府","city":"大阪市北区","town":"大淀中梅田スカイビルタワーウエスト（９階）"}],"6110":[{"pref":"大阪府","city":"大阪市北区","town":"大淀中梅田スカイビルタワーウエスト（１０階）"}],"6111":[{"pref":"大阪府","city":"大阪市北区","town":"大淀中梅田スカイビルタワーウエスト（１１階）"}],"6112":[{"pref":"大阪府","city":"大阪市北区","town":"大淀中梅田スカイビルタワーウエスト（１２階）"}],"6113":[{"pref":"大阪府","city":"大阪市北区","town":"大淀中梅田スカイビルタワーウエスト（１３階）"}],"6114":[{"pref":"大阪府","city":"大阪市北区","town":"大淀中梅田スカイビルタワーウエスト（１４階）"}],"6115":[{"pref":"大阪府","city":"大阪市北区","town":"大淀中梅田スカイビルタワーウエスト（１５階）"}],"6116":[{"pref":"大阪府","city":"大阪市北区","town":"大淀中梅田スカイビルタワーウエスト（１６階）"}],"6117":[{"pref":"大阪府","city":"大阪市北区","town":"大淀中梅田スカイビルタワーウエスト（１７階）"}],"6118":[{"pref":"大阪府","city":"大阪市北区","town":"大淀中梅田スカイビルタワーウエスト（１８階）"}],"6119":[{"pref":"大阪府","city":"大阪市北区","town":"大淀中梅田スカイビルタワーウエスト（１９階）"}],"6120":[{"pref":"大阪府","city":"大阪市北区","town":"大淀中梅田スカイビルタワーウエスト（２０階）"}],"6121":[{"pref":"大阪府","city":"大阪市北区","town":"大淀中梅田スカイビルタワーウエスト（２１階）"}],"6122":[{"pref":"大阪府","city":"大阪市北区","town":"大淀中梅田スカイビルタワーウエスト（２２階）"}],"6123":[{"pref":"大阪府","city":"大阪市北区","town":"大淀中梅田スカイビルタワーウエスト（２３階）"}],"6124":[{"pref":"大阪府","city":"大阪市北区","town":"大淀中梅田スカイビルタワーウエスト（２４階）"}],"6125":[{"pref":"大阪府","city":"大阪市北区","town":"大淀中梅田スカイビルタワーウエスト（２５階）"}],"6126":[{"pref":"大阪府","city":"大阪市北区","town":"大淀中梅田スカイビルタワーウエスト（２６階）"}],"6127":[{"pref":"大阪府","city":"大阪市北区","town":"大淀中梅田スカイビルタワーウエスト（２７階）"}],"6128":[{"pref":"大阪府","city":"大阪市北区","town":"大淀中梅田スカイビルタワーウエスト（２８階）"}],"6129":[{"pref":"大阪府","city":"大阪市北区","town":"大淀中梅田スカイビルタワーウエスト（２９階）"}],"6130":[{"pref":"大阪府","city":"大阪市北区","town":"大淀中梅田スカイビルタワーウエスト（３０階）"}],"6131":[{"pref":"大阪府","city":"大阪市北区","town":"大淀中梅田スカイビルタワーウエスト（３１階）"}],"6132":[{"pref":"大阪府","city":"大阪市北区","town":"大淀中梅田スカイビルタワーウエスト（３２階）"}],"6133":[{"pref":"大阪府","city":"大阪市北区","town":"大淀中梅田スカイビルタワーウエスト（３３階）"}],"6134":[{"pref":"大阪府","city":"大阪市北区","town":"大淀中梅田スカイビルタワーウエスト（３４階）"}],"6135":[{"pref":"大阪府","city":"大阪市北区","town":"大淀中梅田スカイビルタワーウエスト（３５階）"}],"6136":[{"pref":"大阪府","city":"大阪市北区","town":"大淀中梅田スカイビルタワーウエスト（３６階）"}],"6137":[{"pref":"大阪府","city":"大阪市北区","town":"大淀中梅田スカイビルタワーウエスト（３７階）"}],"6138":[{"pref":"大阪府","city":"大阪市北区","town":"大淀中梅田スカイビルタワーウエスト（３８階）"}],"6139":[{"pref":"大阪府","city":"大阪市北区","town":"大淀中梅田スカイビルタワーウエスト（３９階）"}],"6190":[{"pref":"大阪府","city":"大阪市北区","town":"大淀中梅田スカイビルタワーウエスト（地階・階層不明）"}],"0076":[{"pref":"大阪府","city":"大阪市北区","town":"大淀中（次のビルを除く）"}],"0075":[{"pref":"大阪府","city":"大阪市北区","town":"大淀南"}],"0077":[{"pref":"大阪府","city":"大阪市北区","town":"大淀北"}],"0064":[{"pref":"大阪府","city":"大阪市北区","town":"国分寺"}],"0041":[{"pref":"大阪府","city":"大阪市北区","town":"天神橋（７、８丁目）"}],"0072":[{"pref":"大阪府","city":"大阪市北区","town":"豊崎"}],"0071":[{"pref":"大阪府","city":"大阪市北区","town":"中津"}],"0062":[{"pref":"大阪府","city":"大阪市北区","town":"長柄中"}],"0063":[{"pref":"大阪府","city":"大阪市北区","town":"長柄東"}],"0061":[{"pref":"大阪府","city":"大阪市北区","town":"長柄西"}],"0074":[{"pref":"大阪府","city":"大阪市北区","town":"本庄東"}],"0073":[{"pref":"大阪府","city":"大阪市北区","town":"本庄西"}]}