{"0202":[{"pref":"新潟県","city":"長岡市","town":"赤沼"}],"0143":[{"pref":"新潟県","city":"長岡市","town":"池之島"}],"0171":[{"pref":"新潟県","city":"長岡市","town":"稲島"}],"0207":[{"pref":"新潟県","city":"長岡市","town":"上沼新田"}],"0166":[{"pref":"新潟県","city":"長岡市","town":"海老島勇次新田"}],"0145":[{"pref":"新潟県","city":"長岡市","town":"大口"}],"0201":[{"pref":"新潟県","city":"長岡市","town":"大沼新田"}],"0134":[{"pref":"新潟県","city":"長岡市","town":"大曲戸"}],"0133":[{"pref":"新潟県","city":"長岡市","town":"大曲戸新田"}],"0138":[{"pref":"新潟県","city":"長岡市","town":"押切川原町"}],"0137":[{"pref":"新潟県","city":"長岡市","town":"押切新田"}],"0136":[{"pref":"新潟県","city":"長岡市","town":"思川新田"}],"0141":[{"pref":"新潟県","city":"長岡市","town":"粕島"}],"0177":[{"pref":"新潟県","city":"長岡市","town":"亀ケ谷新田"}],"0162":[{"pref":"新潟県","city":"長岡市","town":"狐興野"}],"0135":[{"pref":"新潟県","city":"長岡市","town":"幸南"}],"0161":[{"pref":"新潟県","city":"長岡市","town":"興野"}],"0203":[{"pref":"新潟県","city":"長岡市","town":"小沼新田"}],"0126":[{"pref":"新潟県","city":"長岡市","town":"五百刈"}],"0213":[{"pref":"新潟県","city":"長岡市","town":"下沼新田"}],"0155":[{"pref":"新潟県","city":"長岡市","town":"島田"}],"0132":[{"pref":"新潟県","city":"長岡市","town":"新栄"}],"0222":[{"pref":"新潟県","city":"長岡市","town":"信条西"}],"0221":[{"pref":"新潟県","city":"長岡市","town":"信条東"}],"0218":[{"pref":"新潟県","city":"長岡市","town":"信条南"}],"0151":[{"pref":"新潟県","city":"長岡市","town":"杉之森"}],"0154":[{"pref":"新潟県","city":"長岡市","town":"関根"}],"0146":[{"pref":"新潟県","city":"長岡市","town":"大保"}],"0214":[{"pref":"新潟県","city":"長岡市","town":"中条新田"}],"0144":[{"pref":"新潟県","city":"長岡市","town":"坪根"}],"0172":[{"pref":"新潟県","city":"長岡市","town":"鶴ケ曽根"}],"0131":[{"pref":"新潟県","city":"長岡市","town":"中興野"}],"0204":[{"pref":"新潟県","city":"長岡市","town":"中西"}],"0124":[{"pref":"新潟県","city":"長岡市","town":"中之島"}],"0152":[{"pref":"新潟県","city":"長岡市","town":"中之島高畑"}],"0216":[{"pref":"新潟県","city":"長岡市","town":"中之島中条"}],"0212":[{"pref":"新潟県","city":"長岡市","town":"中之島西野"}],"0157":[{"pref":"新潟県","city":"長岡市","town":"中之島宮内"}],"0174":[{"pref":"新潟県","city":"長岡市","town":"中野中"}],"0175":[{"pref":"新潟県","city":"長岡市","town":"中野西"}],"0173":[{"pref":"新潟県","city":"長岡市","town":"中野東"}],"0156":[{"pref":"新潟県","city":"長岡市","town":"長呂"}],"0163":[{"pref":"新潟県","city":"長岡市","town":"並木新田"}],"0205":[{"pref":"新潟県","city":"長岡市","town":"西高山新田"}],"0211":[{"pref":"新潟県","city":"長岡市","town":"西野新田"}],"0123":[{"pref":"新潟県","city":"長岡市","town":"猫興野"}],"0121":[{"pref":"新潟県","city":"長岡市","town":"野口"}],"0142":[{"pref":"新潟県","city":"長岡市","town":"灰島新田"}],"0165":[{"pref":"新潟県","city":"長岡市","town":"福原"}],"0125":[{"pref":"新潟県","city":"長岡市","town":"藤山"}],"0147":[{"pref":"新潟県","city":"長岡市","town":"品之木"}],"0217":[{"pref":"新潟県","city":"長岡市","town":"松ケ崎新田"}],"0164":[{"pref":"新潟県","city":"長岡市","town":"末宝"}],"0215":[{"pref":"新潟県","city":"長岡市","town":"真野代新田"}],"0122":[{"pref":"新潟県","city":"長岡市","town":"真弓"}],"0176":[{"pref":"新潟県","city":"長岡市","town":"横野"}],"0153":[{"pref":"新潟県","city":"長岡市","town":"横山"}],"0206":[{"pref":"新潟県","city":"長岡市","town":"六所"}],"0181":[{"pref":"新潟県","city":"長岡市","town":"脇川新田町（９７０番地）"}],"0000":[{"pref":"新潟県","city":"見附市","town":"以下に掲載がない場合"}],"0073":[{"pref":"新潟県","city":"見附市","town":"青木町"}],"0061":[{"pref":"新潟県","city":"見附市","town":"熱田町"}],"0038":[{"pref":"新潟県","city":"見附市","town":"池之内町"}],"0021":[{"pref":"新潟県","city":"見附市","town":"池之島町"}],"0013":[{"pref":"新潟県","city":"見附市","town":"石地町"}],"0083":[{"pref":"新潟県","city":"見附市","town":"市野坪町"}],"0111":[{"pref":"新潟県","city":"見附市","town":"今町"}],"0025":[{"pref":"新潟県","city":"見附市","town":"牛ケ嶺町"}],"0008":[{"pref":"新潟県","city":"見附市","town":"内町"}],"0063":[{"pref":"新潟県","city":"見附市","town":"漆山町"}],"0031":[{"pref":"新潟県","city":"見附市","town":"太田町"}],"0064":[{"pref":"新潟県","city":"見附市","town":"鹿熊町"}],"0081":[{"pref":"新潟県","city":"見附市","town":"片桐町"}],"0052":[{"pref":"新潟県","city":"見附市","town":"学校町"}],"0084":[{"pref":"新潟県","city":"見附市","town":"加坪川町"}],"0112":[{"pref":"新潟県","city":"見附市","town":"上新田町"}],"0024":[{"pref":"新潟県","city":"見附市","town":"河野町"}],"0072":[{"pref":"新潟県","city":"見附市","town":"北野町"}],"0058":[{"pref":"新潟県","city":"見附市","town":"葛巻"}],"0077":[{"pref":"新潟県","city":"見附市","town":"葛巻西町"}],"0078":[{"pref":"新潟県","city":"見附市","town":"葛巻東町"}],"0067":[{"pref":"新潟県","city":"見附市","town":"葛巻町"}],"0079":[{"pref":"新潟県","city":"見附市","town":"葛巻南町"}],"0002":[{"pref":"新潟県","city":"見附市","town":"小栗山町"}],"0104":[{"pref":"新潟県","city":"見附市","town":"坂井町"}],"0001":[{"pref":"新潟県","city":"見附市","town":"指出町"}],"0101":[{"pref":"新潟県","city":"見附市","town":"三林町"}],"0087":[{"pref":"新潟県","city":"見附市","town":"芝野町"}],"0012":[{"pref":"新潟県","city":"見附市","town":"島切窪町"}],"0062":[{"pref":"新潟県","city":"見附市","town":"下新町"}],"0105":[{"pref":"新潟県","city":"見附市","town":"下関町"}],"0007":[{"pref":"新潟県","city":"見附市","town":"下鳥町"}],"0102":[{"pref":"新潟県","city":"見附市","town":"釈迦塚町"}],"0017":[{"pref":"新潟県","city":"見附市","town":"庄川平町"}],"0016":[{"pref":"新潟県","city":"見附市","town":"庄川町"}],"0059":[{"pref":"新潟県","city":"見附市","town":"昭和町"}],"0076":[{"pref":"新潟県","city":"見附市","town":"新幸町"}],"0026":[{"pref":"新潟県","city":"見附市","town":"神保町"}],"0057":[{"pref":"新潟県","city":"見附市","town":"新町"}],"0022":[{"pref":"新潟県","city":"見附市","town":"杉澤町"}],"0085":[{"pref":"新潟県","city":"見附市","town":"反田町"}],"0036":[{"pref":"新潟県","city":"見附市","town":"田井町"}],"0103":[{"pref":"新潟県","city":"見附市","town":"田之尻町"}],"0034":[{"pref":"新潟県","city":"見附市","town":"月見台"}],"0037":[{"pref":"新潟県","city":"見附市","town":"椿澤町"}],"0005":[{"pref":"新潟県","city":"見附市","town":"戸代新田町"}],"0041":[{"pref":"新潟県","city":"見附市","town":"栃栄町"}],"0027":[{"pref":"新潟県","city":"見附市","town":"栃窪町"}],"0044":[{"pref":"新潟県","city":"見附市","town":"鳥屋脇町"}],"0035":[{"pref":"新潟県","city":"見附市","town":"名木野町"}],"0089":[{"pref":"新潟県","city":"見附市","town":"新潟西町"}],"0088":[{"pref":"新潟県","city":"見附市","town":"新潟東町"}],"0006":[{"pref":"新潟県","city":"見附市","town":"新潟町"}],"0068":[{"pref":"新潟県","city":"見附市","town":"仁嘉町"}],"0107":[{"pref":"新潟県","city":"見附市","town":"西今町"}],"0075":[{"pref":"新潟県","city":"見附市","town":"速水町"}],"0106":[{"pref":"新潟県","city":"見附市","town":"東今町"}],"0086":[{"pref":"新潟県","city":"見附市","town":"福島町"}],"0046":[{"pref":"新潟県","city":"見附市","town":"双葉町"}],"0071":[{"pref":"新潟県","city":"見附市","town":"傍所町"}],"0054":[{"pref":"新潟県","city":"見附市","town":"細越"}],"0014":[{"pref":"新潟県","city":"見附市","town":"堀溝町"}],"0051":[{"pref":"新潟県","city":"見附市","town":"本所"}],"0053":[{"pref":"新潟県","city":"見附市","town":"本町"}],"0032":[{"pref":"新潟県","city":"見附市","town":"本明町"}],"0091":[{"pref":"新潟県","city":"見附市","town":"美里町"}],"0045":[{"pref":"新潟県","city":"見附市","town":"緑町"}],"0056":[{"pref":"新潟県","city":"見附市","town":"南本町"}],"0055":[{"pref":"新潟県","city":"見附市","town":"嶺崎"}],"0043":[{"pref":"新潟県","city":"見附市","town":"耳取町"}],"0023":[{"pref":"新潟県","city":"見附市","town":"宮之原町"}],"0033":[{"pref":"新潟県","city":"見附市","town":"明晶町"}],"0004":[{"pref":"新潟県","city":"見附市","town":"元町"}],"0082":[{"pref":"新潟県","city":"見附市","town":"柳橋町"}],"0011":[{"pref":"新潟県","city":"見附市","town":"山崎興野町"}],"0042":[{"pref":"新潟県","city":"見附市","town":"山崎町"}],"0074":[{"pref":"新潟県","city":"見附市","town":"山吉町"}]}