{"0614":[{"pref":"和歌山県","city":"伊都郡かつらぎ町","town":"花園新子"}],"0613":[{"pref":"和歌山県","city":"伊都郡かつらぎ町","town":"花園池ノ窪"}],"0612":[{"pref":"和歌山県","city":"伊都郡かつらぎ町","town":"花園北寺"}],"0611":[{"pref":"和歌山県","city":"伊都郡かつらぎ町","town":"花園梁瀬"}],"0000":[{"pref":"和歌山県","city":"有田郡湯浅町","town":"以下に掲載がない場合"},{"pref":"和歌山県","city":"有田郡広川町","town":"以下に掲載がない場合"},{"pref":"和歌山県","city":"有田郡有田川町","town":"以下に掲載がない場合"}],"0002":[{"pref":"和歌山県","city":"有田郡湯浅町","town":"青木"}],"0005":[{"pref":"和歌山県","city":"有田郡湯浅町","town":"栖原"}],"0006":[{"pref":"和歌山県","city":"有田郡湯浅町","town":"田"}],"0003":[{"pref":"和歌山県","city":"有田郡湯浅町","town":"別所"}],"0001":[{"pref":"和歌山県","city":"有田郡湯浅町","town":"山田"}],"0004":[{"pref":"和歌山県","city":"有田郡湯浅町","town":"湯浅"}],"0007":[{"pref":"和歌山県","city":"有田郡湯浅町","town":"吉川"}],"0055":[{"pref":"和歌山県","city":"有田郡広川町","town":"井関"}],"0052":[{"pref":"和歌山県","city":"有田郡広川町","town":"上津木"}],"0064":[{"pref":"和歌山県","city":"有田郡広川町","town":"上中野"}],"0073":[{"pref":"和歌山県","city":"有田郡広川町","town":"唐尾"}],"0053":[{"pref":"和歌山県","city":"有田郡広川町","town":"河瀬"}],"0051":[{"pref":"和歌山県","city":"有田郡広川町","town":"下津木"}],"0062":[{"pref":"和歌山県","city":"有田郡広川町","town":"殿"}],"0066":[{"pref":"和歌山県","city":"有田郡広川町","town":"名島"}],"0074":[{"pref":"和歌山県","city":"有田郡広川町","town":"西広"}],"0065":[{"pref":"和歌山県","city":"有田郡広川町","town":"東中"}],"0071":[{"pref":"和歌山県","city":"有田郡広川町","town":"広"}],"0054":[{"pref":"和歌山県","city":"有田郡広川町","town":"前田"}],"0063":[{"pref":"和歌山県","city":"有田郡広川町","town":"南金屋"}],"0061":[{"pref":"和歌山県","city":"有田郡広川町","town":"柳瀬"}],"0072":[{"pref":"和歌山県","city":"有田郡広川町","town":"山本"}],"0075":[{"pref":"和歌山県","city":"有田郡広川町","town":"和田"}],"0366":[{"pref":"和歌山県","city":"有田郡有田川町","town":"粟生"}],"0136":[{"pref":"和歌山県","city":"有田郡有田川町","town":"青田"}],"0129":[{"pref":"和歌山県","city":"有田郡有田川町","town":"畦田"}],"0127":[{"pref":"和歌山県","city":"有田郡有田川町","town":"有原"}],"0603":[{"pref":"和歌山県","city":"有田郡有田川町","town":"板尾"}],"0604":[{"pref":"和歌山県","city":"有田郡有田川町","town":"井谷"}],"0144":[{"pref":"和歌山県","city":"有田郡有田川町","town":"市場"}],"0851":[{"pref":"和歌山県","city":"有田郡有田川町","town":"出"}],"0165":[{"pref":"和歌山県","city":"有田郡有田川町","town":"糸川"}],"0174":[{"pref":"和歌山県","city":"有田郡有田川町","town":"糸野"}],"0844":[{"pref":"和歌山県","city":"有田郡有田川町","town":"井口"}],"0312":[{"pref":"和歌山県","city":"有田郡有田川町","town":"岩野河"}],"0164":[{"pref":"和歌山県","city":"有田郡有田川町","town":"宇井苔"}],"0026":[{"pref":"和歌山県","city":"有田郡有田川町","town":"植野"}],"0131":[{"pref":"和歌山県","city":"有田郡有田川町","town":"生石"}],"0847":[{"pref":"和歌山県","city":"有田郡有田川町","town":"大賀畑"}],"0513":[{"pref":"和歌山県","city":"有田郡有田川町","town":"大蔵"}],"0134":[{"pref":"和歌山県","city":"有田郡有田川町","town":"大薗"}],"0845":[{"pref":"和歌山県","city":"有田郡有田川町","town":"大谷"}],"0135":[{"pref":"和歌山県","city":"有田郡有田川町","town":"大西"}],"0142":[{"pref":"和歌山県","city":"有田郡有田川町","town":"小川"}],"0022":[{"pref":"和歌山県","city":"有田郡有田川町","town":"奥"}],"0601":[{"pref":"和歌山県","city":"有田郡有田川町","town":"押手"}],"0034":[{"pref":"和歌山県","city":"有田郡有田川町","town":"小島"}],"0852":[{"pref":"和歌山県","city":"有田郡有田川町","town":"尾中"}],"0133":[{"pref":"和歌山県","city":"有田郡有田川町","town":"尾上"}],"0132":[{"pref":"和歌山県","city":"有田郡有田川町","town":"小原"}],"0812":[{"pref":"和歌山県","city":"有田郡有田川町","town":"垣倉"}],"0843":[{"pref":"和歌山県","city":"有田郡有田川町","town":"賢"}],"0152":[{"pref":"和歌山県","city":"有田郡有田川町","town":"金屋"}],"0176":[{"pref":"和歌山県","city":"有田郡有田川町","town":"釜中"}],"0855":[{"pref":"和歌山県","city":"有田郡有田川町","town":"上中島"}],"0171":[{"pref":"和歌山県","city":"有田郡有田川町","town":"上六川"}],"0551":[{"pref":"和歌山県","city":"有田郡有田川町","town":"上湯川"}],"0364":[{"pref":"和歌山県","city":"有田郡有田川町","town":"川合"}],"0313":[{"pref":"和歌山県","city":"有田郡有田川町","town":"川口"}],"0161":[{"pref":"和歌山県","city":"有田郡有田川町","town":"歓喜寺"}],"0362":[{"pref":"和歌山県","city":"有田郡有田川町","town":"北野川"}],"0531":[{"pref":"和歌山県","city":"有田郡有田川町","town":"楠本"}],"0514":[{"pref":"和歌山県","city":"有田郡有田川町","town":"久野原"}],"0023":[{"pref":"和歌山県","city":"有田郡有田川町","town":"熊井"}],"0172":[{"pref":"和歌山県","city":"有田郡有田川町","town":"黒松"}],"0544":[{"pref":"和歌山県","city":"有田郡有田川町","town":"境川"}],"0521":[{"pref":"和歌山県","city":"有田郡有田川町","town":"清水"}],"0021":[{"pref":"和歌山県","city":"有田郡有田川町","town":"下津野"}],"0173":[{"pref":"和歌山県","city":"有田郡有田川町","town":"下六川"}],"0522":[{"pref":"和歌山県","city":"有田郡有田川町","town":"下湯川"}],"0811":[{"pref":"和歌山県","city":"有田郡有田川町","town":"庄"}],"0602":[{"pref":"和歌山県","city":"有田郡有田川町","town":"杉野原"}],"0853":[{"pref":"和歌山県","city":"有田郡有田川町","town":"角"}],"0163":[{"pref":"和歌山県","city":"有田郡有田川町","town":"修理川"}],"0122":[{"pref":"和歌山県","city":"有田郡有田川町","town":"瀬井"}],"0846":[{"pref":"和歌山県","city":"有田郡有田川町","town":"田口"}],"0848":[{"pref":"和歌山県","city":"有田郡有田川町","town":"田角"}],"0314":[{"pref":"和歌山県","city":"有田郡有田川町","town":"立石"}],"0311":[{"pref":"和歌山県","city":"有田郡有田川町","town":"谷"}],"0032":[{"pref":"和歌山県","city":"有田郡有田川町","town":"天満"}],"0533":[{"pref":"和歌山県","city":"有田郡有田川町","town":"遠井"}],"0801":[{"pref":"和歌山県","city":"有田郡有田川町","town":"徳田"}],"0123":[{"pref":"和歌山県","city":"有田郡有田川町","town":"中"}],"0153":[{"pref":"和歌山県","city":"有田郡有田川町","town":"中井原"}],"0854":[{"pref":"和歌山県","city":"有田郡有田川町","town":"長田"}],"0841":[{"pref":"和歌山県","city":"有田郡有田川町","town":"長谷"}],"0143":[{"pref":"和歌山県","city":"有田郡有田川町","town":"中野"}],"0365":[{"pref":"和歌山県","city":"有田郡有田川町","town":"中原"}],"0124":[{"pref":"和歌山県","city":"有田郡有田川町","town":"中峯"}],"0175":[{"pref":"和歌山県","city":"有田郡有田川町","town":"丹生"}],"0363":[{"pref":"和歌山県","city":"有田郡有田川町","town":"二沢"}],"0128":[{"pref":"和歌山県","city":"有田郡有田川町","town":"西ケ峯"}],"0813":[{"pref":"和歌山県","city":"有田郡有田川町","town":"西丹生図"}],"0125":[{"pref":"和歌山県","city":"有田郡有田川町","town":"沼田"}],"0532":[{"pref":"和歌山県","city":"有田郡有田川町","town":"沼"}],"0605":[{"pref":"和歌山県","city":"有田郡有田川町","town":"沼谷"}],"0031":[{"pref":"和歌山県","city":"有田郡有田川町","town":"野田"}],"0137":[{"pref":"和歌山県","city":"有田郡有田川町","town":"延坂"}],"0151":[{"pref":"和歌山県","city":"有田郡有田川町","town":"長谷川"}],"0025":[{"pref":"和歌山県","city":"有田郡有田川町","town":"土生"}],"0541":[{"pref":"和歌山県","city":"有田郡有田川町","town":"東大谷"}],"0803":[{"pref":"和歌山県","city":"有田郡有田川町","town":"東丹生図"}],"0121":[{"pref":"和歌山県","city":"有田郡有田川町","town":"彦ケ瀬"}],"0543":[{"pref":"和歌山県","city":"有田郡有田川町","town":"日物川"}],"0542":[{"pref":"和歌山県","city":"有田郡有田川町","town":"二川"}],"0842":[{"pref":"和歌山県","city":"有田郡有田川町","town":"船坂"}],"0141":[{"pref":"和歌山県","city":"有田郡有田川町","town":"伏羊"}],"0126":[{"pref":"和歌山県","city":"有田郡有田川町","town":"本堂"}],"0162":[{"pref":"和歌山県","city":"有田郡有田川町","town":"松原"}],"0024":[{"pref":"和歌山県","city":"有田郡有田川町","town":"水尻"}],"0361":[{"pref":"和歌山県","city":"有田郡有田川町","town":"三瀬川"}],"0511":[{"pref":"和歌山県","city":"有田郡有田川町","town":"三田"}],"0512":[{"pref":"和歌山県","city":"有田郡有田川町","town":"宮川"}],"0033":[{"pref":"和歌山県","city":"有田郡有田川町","town":"明王寺"}],"0515":[{"pref":"和歌山県","city":"有田郡有田川町","town":"室川"}],"0166":[{"pref":"和歌山県","city":"有田郡有田川町","town":"吉原"}],"0802":[{"pref":"和歌山県","city":"有田郡有田川町","town":"吉見"}]}