{"1100":[{"pref":"岐阜県","city":"飛騨市","town":"以下に掲載がない場合"}],"1101":[{"pref":"岐阜県","city":"飛騨市","town":"神岡町和佐府"}],"1102":[{"pref":"岐阜県","city":"飛騨市","town":"神岡町打保"}],"1103":[{"pref":"岐阜県","city":"飛騨市","town":"神岡町岩井谷"}],"1104":[{"pref":"岐阜県","city":"飛騨市","town":"神岡町森茂"}],"1105":[{"pref":"岐阜県","city":"飛騨市","town":"神岡町和佐保"}],"1106":[{"pref":"岐阜県","city":"飛騨市","town":"神岡町伊西"}],"1107":[{"pref":"岐阜県","city":"飛騨市","town":"神岡町下之本"}],"1108":[{"pref":"岐阜県","city":"飛騨市","town":"神岡町瀬戸"}],"1111":[{"pref":"岐阜県","city":"飛騨市","town":"神岡町東町"},{"pref":"岐阜県","city":"飛騨市","town":"神岡町六郎"}],"1112":[{"pref":"岐阜県","city":"飛騨市","town":"神岡町割石"}],"1113":[{"pref":"岐阜県","city":"飛騨市","town":"神岡町吉ケ原"}],"1114":[{"pref":"岐阜県","city":"飛騨市","town":"神岡町鹿間"}],"1121":[{"pref":"岐阜県","city":"飛騨市","town":"神岡町旭ケ丘"},{"pref":"岐阜県","city":"飛騨市","town":"神岡町殿"}],"1122":[{"pref":"岐阜県","city":"飛騨市","town":"神岡町坂富町"}],"1123":[{"pref":"岐阜県","city":"飛騨市","town":"神岡町城ケ丘"}],"1124":[{"pref":"岐阜県","city":"飛騨市","town":"神岡町夕陽ケ丘"}],"1125":[{"pref":"岐阜県","city":"飛騨市","town":"神岡町江馬町"}],"1126":[{"pref":"岐阜県","city":"飛騨市","town":"神岡町桜ケ丘"}],"1131":[{"pref":"岐阜県","city":"飛騨市","town":"神岡町麻生野"}],"1132":[{"pref":"岐阜県","city":"飛騨市","town":"神岡町石神"}],"1133":[{"pref":"岐阜県","city":"飛騨市","town":"神岡町数河"}],"1141":[{"pref":"岐阜県","city":"飛騨市","town":"神岡町野首"}],"1142":[{"pref":"岐阜県","city":"飛騨市","town":"神岡町丸山"}],"1143":[{"pref":"岐阜県","city":"飛騨市","town":"神岡町小萱"}],"1144":[{"pref":"岐阜県","city":"飛騨市","town":"神岡町吉田"}],"1145":[{"pref":"岐阜県","city":"飛騨市","town":"神岡町釜崎"}],"1146":[{"pref":"岐阜県","city":"飛騨市","town":"神岡町緑ケ丘"}],"1147":[{"pref":"岐阜県","city":"飛騨市","town":"神岡町東雲"}],"1148":[{"pref":"岐阜県","city":"飛騨市","town":"神岡町館野町"}],"1149":[{"pref":"岐阜県","city":"飛騨市","town":"神岡町阿曽保"}],"1151":[{"pref":"岐阜県","city":"飛騨市","town":"神岡町梨ケ根"}],"1152":[{"pref":"岐阜県","city":"飛騨市","town":"神岡町寺林"}],"1153":[{"pref":"岐阜県","city":"飛騨市","town":"神岡町堀之内"}],"1154":[{"pref":"岐阜県","city":"飛騨市","town":"神岡町伏方"}],"1155":[{"pref":"岐阜県","city":"飛騨市","town":"神岡町西"}],"1156":[{"pref":"岐阜県","city":"飛騨市","town":"神岡町山田"}],"1157":[{"pref":"岐阜県","city":"飛騨市","town":"神岡町巣山"}],"1158":[{"pref":"岐阜県","city":"飛騨市","town":"神岡町柏原"}],"1161":[{"pref":"岐阜県","city":"飛騨市","town":"神岡町船津"},{"pref":"岐阜県","city":"飛騨市","town":"神岡町牧ケ平"}],"1162":[{"pref":"岐阜県","city":"飛騨市","town":"神岡町朝浦"}],"1201":[{"pref":"岐阜県","city":"飛騨市","town":"神岡町谷"}],"1202":[{"pref":"岐阜県","city":"飛騨市","town":"神岡町中山"}],"1203":[{"pref":"岐阜県","city":"飛騨市","town":"神岡町横山"}],"1204":[{"pref":"岐阜県","city":"飛騨市","town":"神岡町杉山"}],"1205":[{"pref":"岐阜県","city":"飛騨市","town":"神岡町東茂住"}],"1206":[{"pref":"岐阜県","city":"飛騨市","town":"神岡町西茂住"}],"1211":[{"pref":"岐阜県","city":"飛騨市","town":"神岡町佐古"}],"1212":[{"pref":"岐阜県","city":"飛騨市","town":"神岡町跡津川"}],"1213":[{"pref":"岐阜県","city":"飛騨市","town":"神岡町土"}],"1214":[{"pref":"岐阜県","city":"飛騨市","town":"神岡町牧"}],"1215":[{"pref":"岐阜県","city":"飛騨市","town":"神岡町西漆山"}],"1216":[{"pref":"岐阜県","city":"飛騨市","town":"神岡町東漆山"}],"1217":[{"pref":"岐阜県","city":"飛騨市","town":"神岡町二ツ屋"}],"1301":[{"pref":"岐阜県","city":"高山市","town":"上宝町葛山"}],"1302":[{"pref":"岐阜県","city":"高山市","town":"上宝町長倉"}],"1303":[{"pref":"岐阜県","city":"高山市","town":"上宝町岩井戸"}],"1304":[{"pref":"岐阜県","city":"高山市","town":"上宝町宮原"}],"1305":[{"pref":"岐阜県","city":"高山市","town":"上宝町中山"}],"1306":[{"pref":"岐阜県","city":"高山市","town":"上宝町見座"}],"1307":[{"pref":"岐阜県","city":"高山市","town":"上宝町双六"}],"1308":[{"pref":"岐阜県","city":"高山市","town":"上宝町金木戸"}],"1311":[{"pref":"岐阜県","city":"高山市","town":"上宝町鼠餅"}],"1312":[{"pref":"岐阜県","city":"高山市","town":"上宝町新田"}],"1313":[{"pref":"岐阜県","city":"高山市","town":"上宝町在家"}],"1314":[{"pref":"岐阜県","city":"高山市","town":"上宝町蔵柱"}],"1315":[{"pref":"岐阜県","city":"高山市","town":"上宝町荒原"}],"1316":[{"pref":"岐阜県","city":"高山市","town":"上宝町吉野"}],"1317":[{"pref":"岐阜県","city":"高山市","town":"上宝町本郷"}],"1318":[{"pref":"岐阜県","city":"高山市","town":"上宝町芋生茂"}],"1319":[{"pref":"岐阜県","city":"高山市","town":"上宝町下佐谷"}],"1421":[{"pref":"岐阜県","city":"高山市","town":"奥飛騨温泉郷神坂（新穂高）"}],"1422":[{"pref":"岐阜県","city":"高山市","town":"奥飛騨温泉郷中尾"}],"1423":[{"pref":"岐阜県","city":"高山市","town":"奥飛騨温泉郷栃尾"}],"1424":[{"pref":"岐阜県","city":"高山市","town":"奥飛騨温泉郷柏当"}],"1425":[{"pref":"岐阜県","city":"高山市","town":"奥飛騨温泉郷今見"}],"1426":[{"pref":"岐阜県","city":"高山市","town":"奥飛騨温泉郷蓼之俣"}],"1427":[{"pref":"岐阜県","city":"高山市","town":"奥飛騨温泉郷田頃家"}],"1428":[{"pref":"岐阜県","city":"高山市","town":"奥飛騨温泉郷笹嶋"}],"1429":[{"pref":"岐阜県","city":"高山市","town":"奥飛騨温泉郷赤桶"}],"1431":[{"pref":"岐阜県","city":"高山市","town":"奥飛騨温泉郷村上"}],"1432":[{"pref":"岐阜県","city":"高山市","town":"奥飛騨温泉郷一重ケ根"}],"1433":[{"pref":"岐阜県","city":"高山市","town":"奥飛騨温泉郷平湯"}],"1434":[{"pref":"岐阜県","city":"高山市","town":"奥飛騨温泉郷福地"}],"2101":[{"pref":"岐阜県","city":"高山市","town":"丹生川町森部"}],"2103":[{"pref":"岐阜県","city":"高山市","town":"丹生川町折敷地"}],"2104":[{"pref":"岐阜県","city":"高山市","town":"丹生川町大沼"}],"2105":[{"pref":"岐阜県","city":"高山市","town":"丹生川町三之瀬"}],"2106":[{"pref":"岐阜県","city":"高山市","town":"丹生川町柏原"}],"2111":[{"pref":"岐阜県","city":"高山市","town":"丹生川町瓜田"}],"2112":[{"pref":"岐阜県","city":"高山市","town":"丹生川町板殿"}],"2113":[{"pref":"岐阜県","city":"高山市","town":"丹生川町芦谷"}],"2114":[{"pref":"岐阜県","city":"高山市","town":"丹生川町日影"}],"2115":[{"pref":"岐阜県","city":"高山市","town":"丹生川町小野"}],"2116":[{"pref":"岐阜県","city":"高山市","town":"丹生川町大谷"}],"2117":[{"pref":"岐阜県","city":"高山市","town":"丹生川町根方"}],"2118":[{"pref":"岐阜県","city":"高山市","town":"丹生川町白井"}],"2121":[{"pref":"岐阜県","city":"高山市","town":"丹生川町坊方"}],"2122":[{"pref":"岐阜県","city":"高山市","town":"丹生川町山口"}],"2123":[{"pref":"岐阜県","city":"高山市","town":"丹生川町町方"}],"2124":[{"pref":"岐阜県","city":"高山市","town":"丹生川町新張"}],"2125":[{"pref":"岐阜県","city":"高山市","town":"丹生川町細越"}],"2131":[{"pref":"岐阜県","city":"高山市","town":"丹生川町大萱"}],"2132":[{"pref":"岐阜県","city":"高山市","town":"丹生川町法力"}],"2133":[{"pref":"岐阜県","city":"高山市","town":"丹生川町北方"}],"2134":[{"pref":"岐阜県","city":"高山市","town":"丹生川町桐山"}],"2135":[{"pref":"岐阜県","city":"高山市","town":"丹生川町下保"}],"2251":[{"pref":"岐阜県","city":"高山市","town":"丹生川町旗鉾"}],"2252":[{"pref":"岐阜県","city":"高山市","town":"丹生川町久手"}],"2253":[{"pref":"岐阜県","city":"高山市","town":"丹生川町池之俣"}],"2254":[{"pref":"岐阜県","city":"高山市","town":"丹生川町岩井谷"}],"2255":[{"pref":"岐阜県","city":"高山市","town":"丹生川町駄吉"}],"2256":[{"pref":"岐阜県","city":"高山市","town":"丹生川町日面"}],"2257":[{"pref":"岐阜県","city":"高山市","town":"丹生川町曽手"}],"2258":[{"pref":"岐阜県","city":"高山市","town":"丹生川町塩屋"}],"0000":[{"pref":"岐阜県","city":"高山市","town":"以下に掲載がない場合"}],"0014":[{"pref":"岐阜県","city":"高山市","town":"相生町"}],"0045":[{"pref":"岐阜県","city":"高山市","town":"赤保木町"}],"0806":[{"pref":"岐阜県","city":"高山市","town":"曙町"}],"0042":[{"pref":"岐阜県","city":"高山市","town":"旭ケ丘町"}],"0017":[{"pref":"岐阜県","city":"高山市","town":"朝日町"}],"0855":[{"pref":"岐阜県","city":"高山市","town":"愛宕町"}],"0825":[{"pref":"岐阜県","city":"高山市","town":"石浦町"}],"0815":[{"pref":"岐阜県","city":"高山市","town":"岩井町"}],"0013":[{"pref":"岐阜県","city":"高山市","town":"有楽町"}],"0812":[{"pref":"岐阜県","city":"高山市","town":"漆垣内町"}],"0801":[{"pref":"岐阜県","city":"高山市","town":"上野町"}],"0033":[{"pref":"岐阜県","city":"高山市","town":"越後町"}],"0818":[{"pref":"岐阜県","city":"高山市","town":"江名子町"}],"0851":[{"pref":"岐阜県","city":"高山市","town":"大新町"}],"0816":[{"pref":"岐阜県","city":"高山市","town":"大島町"}],"0811":[{"pref":"岐阜県","city":"高山市","town":"大洞町"}],"0054":[{"pref":"岐阜県","city":"高山市","town":"岡本町"}],"0835":[{"pref":"岐阜県","city":"高山市","town":"春日町"}],"0824":[{"pref":"岐阜県","city":"高山市","town":"片野町"}],"0847":[{"pref":"岐阜県","city":"高山市","town":"片原町"}],"0844":[{"pref":"岐阜県","city":"高山市","town":"上一之町"}],"0845":[{"pref":"岐阜県","city":"高山市","town":"上二之町"}],"0846":[{"pref":"岐阜県","city":"高山市","town":"上三之町"}],"0055":[{"pref":"岐阜県","city":"高山市","town":"上岡本町"}],"0024":[{"pref":"岐阜県","city":"高山市","town":"上川原町"}],"0044":[{"pref":"岐阜県","city":"高山市","town":"上切町"}],"0023":[{"pref":"岐阜県","city":"高山市","town":"川原町"}],"0006":[{"pref":"岐阜県","city":"高山市","town":"神田町"}],"0203":[{"pref":"岐阜県","city":"高山市","town":"清見町池本"}],"0201":[{"pref":"岐阜県","city":"高山市","town":"清見町江黒"}],"0202":[{"pref":"岐阜県","city":"高山市","town":"清見町大谷"}],"0206":[{"pref":"岐阜県","city":"高山市","town":"清見町上小鳥"}],"0106":[{"pref":"岐阜県","city":"高山市","town":"清見町坂下"}],"0107":[{"pref":"岐阜県","city":"高山市","town":"清見町巣野俣"}],"0205":[{"pref":"岐阜県","city":"高山市","town":"清見町夏厩"}],"0204":[{"pref":"岐阜県","city":"高山市","town":"清見町二本木"}],"0104":[{"pref":"岐阜県","city":"高山市","town":"清見町福寄"}],"0103":[{"pref":"岐阜県","city":"高山市","town":"清見町藤瀬"}],"0101":[{"pref":"岐阜県","city":"高山市","town":"清見町牧ケ洞"}],"0102":[{"pref":"岐阜県","city":"高山市","town":"清見町三日町"}],"0105":[{"pref":"岐阜県","city":"高山市","town":"清見町三ツ谷"}],"0207":[{"pref":"岐阜県","city":"高山市","town":"清見町森茂"}],"0004":[{"pref":"岐阜県","city":"高山市","town":"桐生町"}],"0853":[{"pref":"岐阜県","city":"高山市","town":"左京町"}],"0858":[{"pref":"岐阜県","city":"高山市","town":"桜町"}],"0807":[{"pref":"岐阜県","city":"高山市","town":"三福寺町"}],"0813":[{"pref":"岐阜県","city":"高山市","town":"塩屋町"}],"0836":[{"pref":"岐阜県","city":"高山市","town":"島川原町"}],"0843":[{"pref":"岐阜県","city":"高山市","town":"下一之町"}],"0842":[{"pref":"岐阜県","city":"高山市","town":"下二之町"}],"0841":[{"pref":"岐阜県","city":"高山市","town":"下三之町"}],"0052":[{"pref":"岐阜県","city":"高山市","town":"下岡本町"}],"0041":[{"pref":"岐阜県","city":"高山市","town":"下切町"}],"0046":[{"pref":"岐阜県","city":"高山市","town":"下之切町"}],"0059":[{"pref":"岐阜県","city":"高山市","town":"下林町"}],"0053":[{"pref":"岐阜県","city":"高山市","town":"昭和町"}],"0822":[{"pref":"岐阜県","city":"高山市","town":"城山"}],"0035":[{"pref":"岐阜県","city":"高山市","town":"新宮町"}],"0821":[{"pref":"岐阜県","city":"高山市","town":"神明町"}],"0016":[{"pref":"岐阜県","city":"高山市","town":"末広町"}],"0834":[{"pref":"岐阜県","city":"高山市","town":"宗猷寺町"}],"0007":[{"pref":"岐阜県","city":"高山市","town":"総和町"}],"0856":[{"pref":"岐阜県","city":"高山市","town":"大門町"}],"0814":[{"pref":"岐阜県","city":"高山市","town":"滝町"}],"0057":[{"pref":"岐阜県","city":"高山市","town":"匠ケ丘町"}],"0032":[{"pref":"岐阜県","city":"高山市","town":"千島町"}],"0857":[{"pref":"岐阜県","city":"高山市","town":"鉄砲町"}],"0832":[{"pref":"岐阜県","city":"高山市","town":"天性寺町"}],"0025":[{"pref":"岐阜県","city":"高山市","town":"天満町"}],"0002":[{"pref":"岐阜県","city":"高山市","town":"問屋町"}],"0043":[{"pref":"岐阜県","city":"高山市","town":"中切町"}],"0051":[{"pref":"岐阜県","city":"高山市","town":"中山町"}],"0804":[{"pref":"岐阜県","city":"高山市","town":"長坂町"}],"0021":[{"pref":"岐阜県","city":"高山市","town":"名田町"}],"0005":[{"pref":"岐阜県","city":"高山市","town":"七日町"}],"0031":[{"pref":"岐阜県","city":"高山市","town":"西之一色町"}],"0833":[{"pref":"岐阜県","city":"高山市","town":"西洞町"}],"0022":[{"pref":"岐阜県","city":"高山市","town":"西町"}],"0012":[{"pref":"岐阜県","city":"高山市","town":"八軒町"}],"0852":[{"pref":"岐阜県","city":"高山市","town":"八幡町"}],"0008":[{"pref":"岐阜県","city":"高山市","town":"初田町"}],"0009":[{"pref":"岐阜県","city":"高山市","town":"花岡町"}],"0015":[{"pref":"岐阜県","city":"高山市","town":"花川町"}],"0026":[{"pref":"岐阜県","city":"高山市","town":"花里町"}],"0838":[{"pref":"岐阜県","city":"高山市","town":"馬場町"}],"0805":[{"pref":"岐阜県","city":"高山市","town":"東山町"}],"0803":[{"pref":"岐阜県","city":"高山市","town":"日の出町"}],"0831":[{"pref":"岐阜県","city":"高山市","town":"吹屋町"}],"0001":[{"pref":"岐阜県","city":"高山市","town":"冬頭町"}],"0003":[{"pref":"岐阜県","city":"高山市","town":"本母町"}],"0837":[{"pref":"岐阜県","city":"高山市","town":"堀端町"}],"0011":[{"pref":"岐阜県","city":"高山市","town":"本町"}],"0048":[{"pref":"岐阜県","city":"高山市","town":"前原町"}],"0034":[{"pref":"岐阜県","city":"高山市","town":"松倉町"}],"0802":[{"pref":"岐阜県","city":"高山市","town":"松之木町"}],"0808":[{"pref":"岐阜県","city":"高山市","town":"松本町"}],"0056":[{"pref":"岐阜県","city":"高山市","town":"緑ケ丘町"}],"0823":[{"pref":"岐阜県","city":"高山市","town":"森下町"}],"0817":[{"pref":"岐阜県","city":"高山市","town":"山口町"}],"0058":[{"pref":"岐阜県","city":"高山市","town":"山田町"}],"0047":[{"pref":"岐阜県","city":"高山市","town":"八日町"}],"0854":[{"pref":"岐阜県","city":"高山市","town":"若達町"}],"0271":[{"pref":"岐阜県","city":"飛騨市","town":"河合町舟原"}]}