{"0000":[{"pref":"埼玉県","city":"吉川市","town":"以下に掲載がない場合"}],"0016":[{"pref":"埼玉県","city":"吉川市","town":"会野谷"}],"0008":[{"pref":"埼玉県","city":"吉川市","town":"旭"}],"0025":[{"pref":"埼玉県","city":"吉川市","town":"飯島"}],"0022":[{"pref":"埼玉県","city":"吉川市","town":"加藤"}],"0001":[{"pref":"埼玉県","city":"吉川市","town":"上内川"}],"0017":[{"pref":"埼玉県","city":"吉川市","town":"上笹塚"}],"0052":[{"pref":"埼玉県","city":"吉川市","town":"川富"}],"0051":[{"pref":"埼玉県","city":"吉川市","town":"川野"}],"0005":[{"pref":"埼玉県","city":"吉川市","town":"川藤"}],"0045":[{"pref":"埼玉県","city":"吉川市","town":"木売"}],"0044":[{"pref":"埼玉県","city":"吉川市","town":"木売新田"}],"0046":[{"pref":"埼玉県","city":"吉川市","town":"共保"}],"0058":[{"pref":"埼玉県","city":"吉川市","town":"きよみ野"}],"0043":[{"pref":"埼玉県","city":"吉川市","town":"小松川"}],"0050":[{"pref":"埼玉県","city":"吉川市","town":"栄町"}],"0023":[{"pref":"埼玉県","city":"吉川市","town":"皿沼"}],"0021":[{"pref":"埼玉県","city":"吉川市","town":"鹿見塚"}],"0002":[{"pref":"埼玉県","city":"吉川市","town":"下内川"}],"0007":[{"pref":"埼玉県","city":"吉川市","town":"拾壱軒"}],"0059":[{"pref":"埼玉県","city":"吉川市","town":"新栄"}],"0057":[{"pref":"埼玉県","city":"吉川市","town":"須賀"}],"0053":[{"pref":"埼玉県","city":"吉川市","town":"関"}],"0014":[{"pref":"埼玉県","city":"吉川市","town":"関新田"}],"0036":[{"pref":"埼玉県","city":"吉川市","town":"高富"}],"0035":[{"pref":"埼玉県","city":"吉川市","town":"高久"}],"0061":[{"pref":"埼玉県","city":"吉川市","town":"中央"}],"0034":[{"pref":"埼玉県","city":"吉川市","town":"道庭"}],"0026":[{"pref":"埼玉県","city":"吉川市","town":"土場"}],"0037":[{"pref":"埼玉県","city":"吉川市","town":"富新田"}],"0015":[{"pref":"埼玉県","city":"吉川市","town":"中井"}],"0047":[{"pref":"埼玉県","city":"吉川市","town":"中川台"}],"0031":[{"pref":"埼玉県","city":"吉川市","town":"中島"}],"0033":[{"pref":"埼玉県","city":"吉川市","town":"中曽根"}],"0042":[{"pref":"埼玉県","city":"吉川市","town":"中野"}],"0004":[{"pref":"埼玉県","city":"吉川市","town":"鍋小路"}],"0003":[{"pref":"埼玉県","city":"吉川市","town":"八子新田"}],"0024":[{"pref":"埼玉県","city":"吉川市","town":"半割"}],"0012":[{"pref":"埼玉県","city":"吉川市","town":"平方新田"}],"0056":[{"pref":"埼玉県","city":"吉川市","town":"平沼"}],"0011":[{"pref":"埼玉県","city":"吉川市","town":"深井新田"}],"0032":[{"pref":"埼玉県","city":"吉川市","town":"二ツ沼"}],"0041":[{"pref":"埼玉県","city":"吉川市","town":"保"}],"0038":[{"pref":"埼玉県","city":"吉川市","town":"美南"}],"0006":[{"pref":"埼玉県","city":"吉川市","town":"南広島"}],"0027":[{"pref":"埼玉県","city":"吉川市","town":"三輪野江"}],"0055":[{"pref":"埼玉県","city":"吉川市","town":"吉川"}],"0054":[{"pref":"埼玉県","city":"吉川市","town":"吉川団地"}],"0013":[{"pref":"埼玉県","city":"吉川市","town":"吉屋"}]}