{"1200":[{"pref":"東京都","city":"西多摩郡瑞穂町","town":"以下に掲載がない場合"}],"1201":[{"pref":"東京都","city":"西多摩郡瑞穂町","town":"二本木"}],"1202":[{"pref":"東京都","city":"西多摩郡瑞穂町","town":"駒形富士山"}],"1203":[{"pref":"東京都","city":"西多摩郡瑞穂町","town":"高根"}],"1204":[{"pref":"東京都","city":"西多摩郡瑞穂町","town":"富士山栗原新田"}],"1211":[{"pref":"東京都","city":"西多摩郡瑞穂町","town":"石畑"}],"1212":[{"pref":"東京都","city":"西多摩郡瑞穂町","town":"殿ケ谷"}],"1213":[{"pref":"東京都","city":"西多摩郡瑞穂町","town":"武蔵"}],"1214":[{"pref":"東京都","city":"西多摩郡瑞穂町","town":"むさし野"}],"1221":[{"pref":"東京都","city":"西多摩郡瑞穂町","town":"箱根ケ崎"}],"1222":[{"pref":"東京都","city":"西多摩郡瑞穂町","town":"箱根ケ崎東松原"}],"1223":[{"pref":"東京都","city":"西多摩郡瑞穂町","town":"箱根ケ崎西松原"}],"1224":[{"pref":"東京都","city":"西多摩郡瑞穂町","town":"南平"}],"1231":[{"pref":"東京都","city":"西多摩郡瑞穂町","town":"長岡長谷部"}],"1232":[{"pref":"東京都","city":"西多摩郡瑞穂町","town":"長岡"}],"1233":[{"pref":"東京都","city":"西多摩郡瑞穂町","town":"長岡下師岡"}],"1234":[{"pref":"東京都","city":"西多摩郡瑞穂町","town":"長岡藤橋"}],"0000":[{"pref":"東京都","city":"立川市","town":"以下に掲載がない場合"}],"0012":[{"pref":"東京都","city":"立川市","town":"曙町"}],"0015":[{"pref":"東京都","city":"立川市","town":"泉町"}],"0033":[{"pref":"東京都","city":"立川市","town":"一番町"}],"0004":[{"pref":"東京都","city":"立川市","town":"柏町"}],"0032":[{"pref":"東京都","city":"立川市","town":"上砂町"}],"0002":[{"pref":"東京都","city":"立川市","town":"幸町"}],"0003":[{"pref":"東京都","city":"立川市","town":"栄町"}],"0023":[{"pref":"東京都","city":"立川市","town":"柴崎町"}],"0031":[{"pref":"東京都","city":"立川市","town":"砂川町"}],"0011":[{"pref":"東京都","city":"立川市","town":"高松町"}],"0022":[{"pref":"東京都","city":"立川市","town":"錦町"}],"0034":[{"pref":"東京都","city":"立川市","town":"西砂町"}],"0021":[{"pref":"東京都","city":"立川市","town":"羽衣町"}],"0013":[{"pref":"東京都","city":"立川市","town":"富士見町"}],"0014":[{"pref":"東京都","city":"立川市","town":"緑町"}],"0001":[{"pref":"東京都","city":"立川市","town":"若葉町"}],"0100":[{"pref":"東京都","city":"あきる野市","town":"以下に掲載がない場合"},{"pref":"東京都","city":"西多摩郡日の出町","town":"以下に掲載がない場合"}],"0155":[{"pref":"東京都","city":"あきる野市","town":"網代"}],"0164":[{"pref":"東京都","city":"あきる野市","town":"五日市"}],"0142":[{"pref":"東京都","city":"あきる野市","town":"伊奈"}],"0161":[{"pref":"東京都","city":"あきる野市","town":"入野"}],"0143":[{"pref":"東京都","city":"あきる野市","town":"上ノ台"}],"0174":[{"pref":"東京都","city":"あきる野市","town":"乙津"}],"0165":[{"pref":"東京都","city":"あきる野市","town":"小中野"}],"0153":[{"pref":"東京都","city":"あきる野市","town":"小峰台"}],"0151":[{"pref":"東京都","city":"あきる野市","town":"小和田"}],"0162":[{"pref":"東京都","city":"あきる野市","town":"三内"}],"0154":[{"pref":"東京都","city":"あきる野市","town":"高尾"}],"0163":[{"pref":"東京都","city":"あきる野市","town":"舘谷"}],"0166":[{"pref":"東京都","city":"あきる野市","town":"舘谷台"}],"0173":[{"pref":"東京都","city":"あきる野市","town":"戸倉"}],"0152":[{"pref":"東京都","city":"あきる野市","town":"留原"}],"0172":[{"pref":"東京都","city":"あきる野市","town":"深沢"}],"0144":[{"pref":"東京都","city":"あきる野市","town":"山田"}],"0171":[{"pref":"東京都","city":"あきる野市","town":"養沢"}],"0141":[{"pref":"東京都","city":"あきる野市","town":"横沢"}],"0181":[{"pref":"東京都","city":"西多摩郡日の出町","town":"大久野"}],"0182":[{"pref":"東京都","city":"西多摩郡日の出町","town":"平井"}],"0200":[{"pref":"東京都","city":"西多摩郡檜原村","town":"以下に掲載がない場合"}],"0204":[{"pref":"東京都","city":"西多摩郡檜原村","town":"小沢"}],"0221":[{"pref":"東京都","city":"西多摩郡檜原村","town":"数馬"}],"0203":[{"pref":"東京都","city":"西多摩郡檜原村","town":"神戸"}],"0212":[{"pref":"東京都","city":"西多摩郡檜原村","town":"上元郷"}],"0201":[{"pref":"東京都","city":"西多摩郡檜原村","town":"倉掛"}],"0213":[{"pref":"東京都","city":"西多摩郡檜原村","town":"下元郷"}],"0223":[{"pref":"東京都","city":"西多摩郡檜原村","town":"南郷"}],"0205":[{"pref":"東京都","city":"西多摩郡檜原村","town":"樋里"}],"0202":[{"pref":"東京都","city":"西多摩郡檜原村","town":"藤原"}],"0222":[{"pref":"東京都","city":"西多摩郡檜原村","town":"人里"}],"0211":[{"pref":"東京都","city":"西多摩郡檜原村","town":"三都郷"}],"0214":[{"pref":"東京都","city":"西多摩郡檜原村","town":"本宿"}]}