{"0000":[{"pref":"神奈川県","city":"逗子市","town":"以下に掲載がない場合"}],"0003":[{"pref":"神奈川県","city":"逗子市","town":"池子"}],"0008":[{"pref":"神奈川県","city":"逗子市","town":"小坪"}],"0005":[{"pref":"神奈川県","city":"逗子市","town":"桜山"}],"0007":[{"pref":"神奈川県","city":"逗子市","town":"新宿"}],"0006":[{"pref":"神奈川県","city":"逗子市","town":"逗子"}],"0004":[{"pref":"神奈川県","city":"逗子市","town":"沼間"}],"0001":[{"pref":"神奈川県","city":"逗子市","town":"久木"}],"0002":[{"pref":"神奈川県","city":"逗子市","town":"山の根"}]}