{"0000":[{"pref":"埼玉県","city":"南埼玉郡宮代町","town":"以下に掲載がない場合"},{"pref":"埼玉県","city":"北葛飾郡杉戸町","town":"以下に掲載がない場合"}],"0826":[{"pref":"埼玉県","city":"南埼玉郡宮代町","town":"学園台"}],"0822":[{"pref":"埼玉県","city":"南埼玉郡宮代町","town":"笠原"}],"0816":[{"pref":"埼玉県","city":"南埼玉郡宮代町","town":"金原"}],"0804":[{"pref":"埼玉県","city":"南埼玉郡宮代町","town":"川端"}],"0834":[{"pref":"埼玉県","city":"南埼玉郡宮代町","town":"国納"}],"0825":[{"pref":"埼玉県","city":"南埼玉郡宮代町","town":"逆井"}],"0831":[{"pref":"埼玉県","city":"南埼玉郡宮代町","town":"須賀"}],"0821":[{"pref":"埼玉県","city":"南埼玉郡宮代町","town":"中央"}],"0811":[{"pref":"埼玉県","city":"南埼玉郡宮代町","town":"道佛"}],"0815":[{"pref":"埼玉県","city":"南埼玉郡宮代町","town":"中"}],"0802":[{"pref":"埼玉県","city":"南埼玉郡宮代町","town":"中島"}],"0833":[{"pref":"埼玉県","city":"南埼玉郡宮代町","town":"西粂原"}],"0817":[{"pref":"埼玉県","city":"南埼玉郡宮代町","town":"西原"}],"0814":[{"pref":"埼玉県","city":"南埼玉郡宮代町","town":"東"}],"0832":[{"pref":"埼玉県","city":"南埼玉郡宮代町","town":"東粂原"}],"0813":[{"pref":"埼玉県","city":"南埼玉郡宮代町","town":"東姫宮"}],"0812":[{"pref":"埼玉県","city":"南埼玉郡宮代町","town":"姫宮"}],"0827":[{"pref":"埼玉県","city":"南埼玉郡宮代町","town":"本田"}],"0823":[{"pref":"埼玉県","city":"南埼玉郡宮代町","town":"宮代"}],"0835":[{"pref":"埼玉県","city":"南埼玉郡宮代町","town":"宮代台"}],"0803":[{"pref":"埼玉県","city":"南埼玉郡宮代町","town":"宮東"}],"0801":[{"pref":"埼玉県","city":"南埼玉郡宮代町","town":"百間"}],"0824":[{"pref":"埼玉県","city":"南埼玉郡宮代町","town":"山崎"}],"0836":[{"pref":"埼玉県","city":"南埼玉郡宮代町","town":"和戸"}],"0035":[{"pref":"埼玉県","city":"北葛飾郡杉戸町","town":"内田"}],"0042":[{"pref":"埼玉県","city":"北葛飾郡杉戸町","town":"大島"}],"0022":[{"pref":"埼玉県","city":"北葛飾郡杉戸町","town":"大塚"}],"0021":[{"pref":"埼玉県","city":"北葛飾郡杉戸町","town":"北蓮沼"}],"0001":[{"pref":"埼玉県","city":"北葛飾郡杉戸町","town":"木津内"}],"0003":[{"pref":"埼玉県","city":"北葛飾郡杉戸町","town":"木野川"}],"0034":[{"pref":"埼玉県","city":"北葛飾郡杉戸町","town":"倉松"}],"0014":[{"pref":"埼玉県","city":"北葛飾郡杉戸町","town":"才羽"}],"0033":[{"pref":"埼玉県","city":"北葛飾郡杉戸町","town":"佐左エ門"}],"0043":[{"pref":"埼玉県","city":"北葛飾郡杉戸町","town":"下高野"}],"0044":[{"pref":"埼玉県","city":"北葛飾郡杉戸町","town":"下野"}],"0036":[{"pref":"埼玉県","city":"北葛飾郡杉戸町","town":"杉戸"}],"0025":[{"pref":"埼玉県","city":"北葛飾郡杉戸町","town":"清地"}],"0047":[{"pref":"埼玉県","city":"北葛飾郡杉戸町","town":"高野台東"}],"0045":[{"pref":"埼玉県","city":"北葛飾郡杉戸町","town":"高野台西"}],"0046":[{"pref":"埼玉県","city":"北葛飾郡杉戸町","town":"高野台南"}],"0024":[{"pref":"埼玉県","city":"北葛飾郡杉戸町","town":"堤根"}],"0013":[{"pref":"埼玉県","city":"北葛飾郡杉戸町","town":"椿"}],"0031":[{"pref":"埼玉県","city":"北葛飾郡杉戸町","town":"遠野"}],"0015":[{"pref":"埼玉県","city":"北葛飾郡杉戸町","town":"並塚"}],"0041":[{"pref":"埼玉県","city":"北葛飾郡杉戸町","town":"茨島"}],"0011":[{"pref":"埼玉県","city":"北葛飾郡杉戸町","town":"屏風"}],"0032":[{"pref":"埼玉県","city":"北葛飾郡杉戸町","town":"広戸沼"}],"0012":[{"pref":"埼玉県","city":"北葛飾郡杉戸町","town":"深輪"}],"0023":[{"pref":"埼玉県","city":"北葛飾郡杉戸町","town":"本郷"}],"0004":[{"pref":"埼玉県","city":"北葛飾郡杉戸町","town":"宮前"}],"0005":[{"pref":"埼玉県","city":"北葛飾郡杉戸町","town":"目沼"}],"0037":[{"pref":"埼玉県","city":"北葛飾郡杉戸町","town":"本島"}],"0002":[{"pref":"埼玉県","city":"北葛飾郡杉戸町","town":"鷲巣"}]}