{"0000":[{"pref":"東京都","city":"清瀬市","town":"以下に掲載がない場合"}],"0002":[{"pref":"東京都","city":"清瀬市","town":"旭が丘"}],"0024":[{"pref":"東京都","city":"清瀬市","town":"梅園"}],"0013":[{"pref":"東京都","city":"清瀬市","town":"上清戸"}],"0001":[{"pref":"東京都","city":"清瀬市","town":"下宿"}],"0011":[{"pref":"東京都","city":"清瀬市","town":"下清戸"}],"0023":[{"pref":"東京都","city":"清瀬市","town":"竹丘"}],"0012":[{"pref":"東京都","city":"清瀬市","town":"中清戸"}],"0003":[{"pref":"東京都","city":"清瀬市","town":"中里"}],"0004":[{"pref":"東京都","city":"清瀬市","town":"野塩"}],"0022":[{"pref":"東京都","city":"清瀬市","town":"松山"}],"0021":[{"pref":"東京都","city":"清瀬市","town":"元町"}]}