{"1101":[{"pref":"長野県","city":"上田市","town":"下之条"}],"1102":[{"pref":"長野県","city":"上田市","town":"上田原"}],"1103":[{"pref":"長野県","city":"上田市","town":"神畑"}],"1104":[{"pref":"長野県","city":"上田市","town":"福田"}],"1105":[{"pref":"長野県","city":"上田市","town":"吉田"}],"1106":[{"pref":"長野県","city":"上田市","town":"小泉"}],"1107":[{"pref":"長野県","city":"上田市","town":"築地"}],"1108":[{"pref":"長野県","city":"上田市","town":"神畑乙"}],"1211":[{"pref":"長野県","city":"上田市","town":"下之郷"}],"1212":[{"pref":"長野県","city":"上田市","town":"富士山"}],"1213":[{"pref":"長野県","city":"上田市","town":"古安曽"}],"1214":[{"pref":"長野県","city":"上田市","town":"下之郷乙"}],"1321":[{"pref":"長野県","city":"上田市","town":"保野"}],"1322":[{"pref":"長野県","city":"上田市","town":"小島"}],"1323":[{"pref":"長野県","city":"上田市","town":"本郷"}],"1324":[{"pref":"長野県","city":"上田市","town":"五加"}],"1325":[{"pref":"長野県","city":"上田市","town":"中野"}],"1326":[{"pref":"長野県","city":"上田市","town":"舞田"}],"1327":[{"pref":"長野県","city":"上田市","town":"八木沢"}],"1431":[{"pref":"長野県","city":"上田市","town":"別所温泉"}],"1432":[{"pref":"長野県","city":"上田市","town":"山田"}],"1433":[{"pref":"長野県","city":"上田市","town":"手塚"}],"1434":[{"pref":"長野県","city":"上田市","town":"新町"}],"1435":[{"pref":"長野県","city":"上田市","town":"十人"}],"1436":[{"pref":"長野県","city":"上田市","town":"前山"}],"1437":[{"pref":"長野県","city":"上田市","town":"野倉"}],"1541":[{"pref":"長野県","city":"上田市","town":"上室賀"}],"1542":[{"pref":"長野県","city":"上田市","town":"下室賀"}],"1543":[{"pref":"長野県","city":"上田市","town":"岡"}],"1544":[{"pref":"長野県","city":"上田市","town":"仁古田"}],"1545":[{"pref":"長野県","city":"上田市","town":"越戸"}],"1546":[{"pref":"長野県","city":"上田市","town":"浦野"}],"1600":[{"pref":"長野県","city":"小県郡青木村","town":"以下に掲載がない場合"}],"1601":[{"pref":"長野県","city":"小県郡青木村","town":"田沢"}],"1602":[{"pref":"長野県","city":"小県郡青木村","town":"村松"}],"1603":[{"pref":"長野県","city":"小県郡青木村","town":"当郷"}],"1604":[{"pref":"長野県","city":"小県郡青木村","town":"殿戸"}],"1605":[{"pref":"長野県","city":"小県郡青木村","town":"夫神"}],"1606":[{"pref":"長野県","city":"小県郡青木村","town":"沓掛"}],"1607":[{"pref":"長野県","city":"小県郡青木村","town":"奈良本"}],"2201":[{"pref":"長野県","city":"上田市","town":"真田町長"}],"2202":[{"pref":"長野県","city":"上田市","town":"真田町本原"}],"2203":[{"pref":"長野県","city":"上田市","town":"真田町傍陽"}],"2204":[{"pref":"長野県","city":"上田市","town":"菅平高原"}],"2211":[{"pref":"長野県","city":"須坂市","town":"仁礼町（３１５３－１～３１５３－１１００「峰の原」）"}],"0000":[{"pref":"長野県","city":"上田市","town":"以下に掲載がない場合"}],"0155":[{"pref":"長野県","city":"上田市","town":"蒼久保"}],"0041":[{"pref":"長野県","city":"上田市","town":"秋和"}],"0411":[{"pref":"長野県","city":"上田市","town":"生田"}],"0153":[{"pref":"長野県","city":"上田市","town":"岩下"}],"0001":[{"pref":"長野県","city":"上田市","town":"上田"}],"0003":[{"pref":"長野県","city":"上田市","town":"上野"}],"0006":[{"pref":"長野県","city":"上田市","town":"漆戸"}],"0024":[{"pref":"長野県","city":"上田市","town":"大手"}],"0152":[{"pref":"長野県","city":"上田市","town":"大屋"}],"0323":[{"pref":"長野県","city":"上田市","town":"鹿教湯温泉"}],"0042":[{"pref":"長野県","city":"上田市","town":"上塩尻"}],"0508":[{"pref":"長野県","city":"上田市","town":"上武石"}],"0404":[{"pref":"長野県","city":"上田市","town":"上丸子"}],"0016":[{"pref":"長野県","city":"上田市","town":"国分"}],"0005":[{"pref":"長野県","city":"上田市","town":"古里"}],"0403":[{"pref":"長野県","city":"上田市","town":"腰越"}],"0033":[{"pref":"長野県","city":"上田市","town":"御所"}],"0031":[{"pref":"長野県","city":"上田市","town":"小牧"}],"0014":[{"pref":"長野県","city":"上田市","town":"材木町"}],"0401":[{"pref":"長野県","city":"上田市","town":"塩川"}],"0043":[{"pref":"長野県","city":"上田市","town":"下塩尻"}],"0503":[{"pref":"長野県","city":"上田市","town":"下武石"}],"0406":[{"pref":"長野県","city":"上田市","town":"下丸子"}],"0002":[{"pref":"長野県","city":"上田市","town":"住吉"}],"0032":[{"pref":"長野県","city":"上田市","town":"諏訪形"}],"0502":[{"pref":"長野県","city":"上田市","town":"武石沖"}],"0504":[{"pref":"長野県","city":"上田市","town":"武石小沢根"}],"0507":[{"pref":"長野県","city":"上田市","town":"武石上本入"}],"0506":[{"pref":"長野県","city":"上田市","town":"武石下本入"}],"0501":[{"pref":"長野県","city":"上田市","town":"武石鳥屋"}],"0505":[{"pref":"長野県","city":"上田市","town":"武石余里"}],"0012":[{"pref":"長野県","city":"上田市","town":"中央"}],"0013":[{"pref":"長野県","city":"上田市","town":"中央東"}],"0023":[{"pref":"長野県","city":"上田市","town":"中央西"}],"0011":[{"pref":"長野県","city":"上田市","town":"中央北"}],"0025":[{"pref":"長野県","city":"上田市","town":"天神"}],"0015":[{"pref":"長野県","city":"上田市","town":"常入"}],"0018":[{"pref":"長野県","city":"上田市","town":"常田"}],"0027":[{"pref":"長野県","city":"上田市","town":"常磐城"}],"0004":[{"pref":"長野県","city":"上田市","town":"殿城"}],"0407":[{"pref":"長野県","city":"上田市","town":"長瀬"}],"0034":[{"pref":"長野県","city":"上田市","town":"中之条"}],"0405":[{"pref":"長野県","city":"上田市","town":"中丸子"}],"0322":[{"pref":"長野県","city":"上田市","town":"西内"}],"0026":[{"pref":"長野県","city":"上田市","town":"二の丸"}],"0156":[{"pref":"長野県","city":"上田市","town":"林之郷"}],"0413":[{"pref":"長野県","city":"上田市","town":"東内"}],"0321":[{"pref":"長野県","city":"上田市","town":"平井"}],"0402":[{"pref":"長野県","city":"上田市","town":"藤原田"}],"0017":[{"pref":"長野県","city":"上田市","town":"踏入"}],"0412":[{"pref":"長野県","city":"上田市","town":"御嶽堂"}],"0022":[{"pref":"長野県","city":"上田市","town":"緑が丘"}],"0408":[{"pref":"長野県","city":"上田市","town":"本海野"}],"0151":[{"pref":"長野県","city":"上田市","town":"芳田"}],"0600":[{"pref":"長野県","city":"小県郡長和町","town":"以下に掲載がない場合"}],"0601":[{"pref":"長野県","city":"小県郡長和町","town":"大門"}],"0602":[{"pref":"長野県","city":"小県郡長和町","town":"長久保"}],"0603":[{"pref":"長野県","city":"小県郡長和町","town":"古町"}],"0701":[{"pref":"長野県","city":"小県郡長和町","town":"和田"}]}