{"0000":[{"pref":"北海道","city":"北見市","town":"以下に掲載がない場合"}],"0018":[{"pref":"北海道","city":"北見市","town":"青葉町"}],"0011":[{"pref":"北海道","city":"北見市","town":"曙町"}],"0803":[{"pref":"北海道","city":"北見市","town":"朝日町"}],"0811":[{"pref":"北海道","city":"北見市","town":"泉町"}],"0020":[{"pref":"北海道","city":"北見市","town":"大通東"}],"0040":[{"pref":"北海道","city":"北見市","town":"大通西"}],"0016":[{"pref":"北海道","city":"北見市","town":"大町"}],"0056":[{"pref":"北海道","city":"北見市","town":"卸町"}],"0066":[{"pref":"北海道","city":"北見市","town":"花月町"}],"0053":[{"pref":"北海道","city":"北見市","town":"桂町"}],"0006":[{"pref":"北海道","city":"北見市","town":"上仁頃"}],"0821":[{"pref":"北海道","city":"北見市","town":"川沿町"}],"0807":[{"pref":"北海道","city":"北見市","town":"川東"}],"0021":[{"pref":"北海道","city":"北見市","town":"北一条東"}],"0041":[{"pref":"北海道","city":"北見市","town":"北一条西"}],"0022":[{"pref":"北海道","city":"北見市","town":"北二条東"}],"0042":[{"pref":"北海道","city":"北見市","town":"北二条西"}],"0023":[{"pref":"北海道","city":"北見市","town":"北三条東"}],"0043":[{"pref":"北海道","city":"北見市","town":"北三条西"}],"0024":[{"pref":"北海道","city":"北見市","town":"北四条東"}],"0044":[{"pref":"北海道","city":"北見市","town":"北四条西"}],"0025":[{"pref":"北海道","city":"北見市","town":"北五条東"}],"0045":[{"pref":"北海道","city":"北見市","town":"北五条西"}],"0026":[{"pref":"北海道","city":"北見市","town":"北六条東"}],"0046":[{"pref":"北海道","city":"北見市","town":"北六条西"}],"0027":[{"pref":"北海道","city":"北見市","town":"北七条東"}],"0047":[{"pref":"北海道","city":"北見市","town":"北七条西"}],"0028":[{"pref":"北海道","city":"北見市","town":"北八条東"}],"0048":[{"pref":"北海道","city":"北見市","town":"北八条西"}],"0029":[{"pref":"北海道","city":"北見市","town":"北九条東"}],"0030":[{"pref":"北海道","city":"北見市","town":"北十条東"}],"0031":[{"pref":"北海道","city":"北見市","town":"北十一条東"}],"0063":[{"pref":"北海道","city":"北見市","town":"清見町"}],"0001":[{"pref":"北海道","city":"北見市","town":"小泉"}],"0051":[{"pref":"北海道","city":"北見市","town":"高栄東町"}],"0058":[{"pref":"北海道","city":"北見市","town":"高栄西町"}],"0015":[{"pref":"北海道","city":"北見市","town":"公園町"}],"0835":[{"pref":"北海道","city":"北見市","town":"光西町"}],"0823":[{"pref":"北海道","city":"北見市","town":"広明町"}],"0814":[{"pref":"北海道","city":"北見市","town":"光葉町"}],"0065":[{"pref":"北海道","city":"北見市","town":"寿町"}],"0036":[{"pref":"北海道","city":"北見市","town":"幸町"}],"0832":[{"pref":"北海道","city":"北見市","town":"栄町"}],"0804":[{"pref":"北海道","city":"北見市","town":"桜町"}],"0019":[{"pref":"北海道","city":"北見市","town":"三楽町"}],"0801":[{"pref":"北海道","city":"北見市","town":"春光町"}],"0002":[{"pref":"北海道","city":"北見市","town":"昭和"}],"0815":[{"pref":"北海道","city":"北見市","town":"新生町"}],"0826":[{"pref":"北海道","city":"北見市","town":"末広町"}],"0805":[{"pref":"北海道","city":"北見市","town":"清月町"}],"0008":[{"pref":"北海道","city":"北見市","town":"大正"}],"0017":[{"pref":"北海道","city":"北見市","town":"高砂町"}],"0802":[{"pref":"北海道","city":"北見市","town":"田端町"}],"0034":[{"pref":"北海道","city":"北見市","town":"中央町"}],"0837":[{"pref":"北海道","city":"北見市","town":"中央三輪"}],"0061":[{"pref":"北海道","city":"北見市","town":"東陵町"}],"0817":[{"pref":"北海道","city":"北見市","town":"常盤町"}],"0833":[{"pref":"北海道","city":"北見市","town":"とん田東町"}],"0834":[{"pref":"北海道","city":"北見市","town":"とん田西町"}],"0813":[{"pref":"北海道","city":"北見市","town":"中ノ島町"}],"0012":[{"pref":"北海道","city":"北見市","town":"並木町"}],"0003":[{"pref":"北海道","city":"北見市","town":"仁頃町"}],"0827":[{"pref":"北海道","city":"北見市","town":"錦町"}],"0831":[{"pref":"北海道","city":"北見市","town":"西富町"}],"0838":[{"pref":"北海道","city":"北見市","town":"西三輪"}],"0013":[{"pref":"北海道","city":"北見市","town":"柏陽町"}],"0816":[{"pref":"北海道","city":"北見市","town":"花園町"}],"0033":[{"pref":"北海道","city":"北見市","town":"番場町"}],"0836":[{"pref":"北海道","city":"北見市","town":"東三輪"}],"0810":[{"pref":"北海道","city":"北見市","town":"ひかり野"}],"0054":[{"pref":"北海道","city":"北見市","town":"双葉町"}],"0014":[{"pref":"北海道","city":"北見市","town":"文京町"}],"0822":[{"pref":"北海道","city":"北見市","town":"北央町"}],"0052":[{"pref":"北海道","city":"北見市","town":"北進町"}],"0035":[{"pref":"北海道","city":"北見市","town":"北斗町"}],"0004":[{"pref":"北海道","city":"北見市","town":"北陽"}],"0824":[{"pref":"北海道","city":"北見市","town":"北光"}],"0007":[{"pref":"北海道","city":"北見市","town":"美里"}],"0032":[{"pref":"北海道","city":"北見市","town":"三住町"}],"0067":[{"pref":"北海道","city":"北見市","town":"緑ケ丘"}],"0055":[{"pref":"北海道","city":"北見市","town":"緑町"}],"0812":[{"pref":"北海道","city":"北見市","town":"南仲町"}],"0806":[{"pref":"北海道","city":"北見市","town":"南町"}],"0070":[{"pref":"北海道","city":"北見市","town":"美山町西"}],"0069":[{"pref":"北海道","city":"北見市","town":"美山町東"}],"0068":[{"pref":"北海道","city":"北見市","town":"美山町南"}],"0064":[{"pref":"北海道","city":"北見市","town":"美芳町"}],"0825":[{"pref":"北海道","city":"北見市","town":"無加川町"}],"0818":[{"pref":"北海道","city":"北見市","town":"本町"}],"0037":[{"pref":"北海道","city":"北見市","town":"山下町"}],"0005":[{"pref":"北海道","city":"北見市","town":"大和"}],"0057":[{"pref":"北海道","city":"北見市","town":"若葉"}],"0808":[{"pref":"北海道","city":"北見市","town":"若松"}]}