{"0000":[{"pref":"長野県","city":"諏訪郡下諏訪町","town":"以下に掲載がない場合"}],"0066":[{"pref":"長野県","city":"諏訪郡下諏訪町","town":"曙町"}],"0068":[{"pref":"長野県","city":"諏訪郡下諏訪町","town":"春日町"}],"0052":[{"pref":"長野県","city":"諏訪郡下諏訪町","town":"上久保"}],"0053":[{"pref":"長野県","city":"諏訪郡下諏訪町","town":"上馬場"}],"0042":[{"pref":"長野県","city":"諏訪郡下諏訪町","town":"北四王"}],"0014":[{"pref":"長野県","city":"諏訪郡下諏訪町","town":"木の下"}],"0026":[{"pref":"長野県","city":"諏訪郡下諏訪町","town":"久保海道"}],"0024":[{"pref":"長野県","city":"諏訪郡下諏訪町","town":"五官"}],"0044":[{"pref":"長野県","city":"諏訪郡下諏訪町","town":"湖畔町"}],"0013":[{"pref":"長野県","city":"諏訪郡下諏訪町","town":"小湯の上"}],"0084":[{"pref":"長野県","city":"諏訪郡下諏訪町","town":"栄町"}],"0065":[{"pref":"長野県","city":"諏訪郡下諏訪町","town":"魁町"}],"0072":[{"pref":"長野県","city":"諏訪郡下諏訪町","town":"桜町"}],"0086":[{"pref":"長野県","city":"諏訪郡下諏訪町","town":"清水町"}],"0007":[{"pref":"長野県","city":"諏訪郡下諏訪町","town":"下屋敷"}],"0011":[{"pref":"長野県","city":"諏訪郡下諏訪町","town":"新町上"}],"0018":[{"pref":"長野県","city":"諏訪郡下諏訪町","town":"新町下"}],"0054":[{"pref":"長野県","city":"諏訪郡下諏訪町","town":"菅野町"}],"0022":[{"pref":"長野県","city":"諏訪郡下諏訪町","town":"関屋"}],"0051":[{"pref":"長野県","city":"諏訪郡下諏訪町","town":"大社通"}],"0092":[{"pref":"長野県","city":"諏訪郡下諏訪町","town":"大門"}],"0033":[{"pref":"長野県","city":"諏訪郡下諏訪町","town":"高木"}],"0034":[{"pref":"長野県","city":"諏訪郡下諏訪町","town":"高浜"}],"0021":[{"pref":"長野県","city":"諏訪郡下諏訪町","town":"武居"}],"0015":[{"pref":"長野県","city":"諏訪郡下諏訪町","town":"立町"}],"0078":[{"pref":"長野県","city":"諏訪郡下諏訪町","town":"田中町"}],"0075":[{"pref":"長野県","city":"諏訪郡下諏訪町","town":"中央通"}],"0073":[{"pref":"長野県","city":"諏訪郡下諏訪町","town":"塚田町"}],"0023":[{"pref":"長野県","city":"諏訪郡下諏訪町","town":"富ケ丘"}],"0057":[{"pref":"長野県","city":"諏訪郡下諏訪町","town":"友之町"}],"0001":[{"pref":"長野県","city":"諏訪郡下諏訪町","town":"樋橋"}],"0064":[{"pref":"長野県","city":"諏訪郡下諏訪町","town":"中汐町"}],"0071":[{"pref":"長野県","city":"諏訪郡下諏訪町","town":"仲町"}],"0047":[{"pref":"長野県","city":"諏訪郡下諏訪町","town":"西赤砂"}],"0041":[{"pref":"長野県","city":"諏訪郡下諏訪町","town":"西四王"}],"0087":[{"pref":"長野県","city":"諏訪郡下諏訪町","town":"西鷹野町"}],"0032":[{"pref":"長野県","city":"諏訪郡下諏訪町","town":"西浜"}],"0082":[{"pref":"長野県","city":"諏訪郡下諏訪町","town":"西弥生町"}],"0035":[{"pref":"長野県","city":"諏訪郡下諏訪町","town":"西豊"}],"0003":[{"pref":"長野県","city":"諏訪郡下諏訪町","town":"萩倉"}],"0063":[{"pref":"長野県","city":"諏訪郡下諏訪町","town":"花咲町"}],"0046":[{"pref":"長野県","city":"諏訪郡下諏訪町","town":"東赤砂"}],"0043":[{"pref":"長野県","city":"諏訪郡下諏訪町","town":"東四王"}],"0085":[{"pref":"長野県","city":"諏訪郡下諏訪町","town":"東鷹野町"}],"0002":[{"pref":"長野県","city":"諏訪郡下諏訪町","town":"東俣"}],"0006":[{"pref":"長野県","city":"諏訪郡下諏訪町","town":"東町上"}],"0005":[{"pref":"長野県","city":"諏訪郡下諏訪町","town":"東町中"}],"0004":[{"pref":"長野県","city":"諏訪郡下諏訪町","town":"東町下"}],"0093":[{"pref":"長野県","city":"諏訪郡下諏訪町","town":"東山田"}],"0083":[{"pref":"長野県","city":"諏訪郡下諏訪町","town":"東弥生町"}],"0031":[{"pref":"長野県","city":"諏訪郡下諏訪町","town":"東豊"}],"0062":[{"pref":"長野県","city":"諏訪郡下諏訪町","town":"平沢町"}],"0056":[{"pref":"長野県","city":"諏訪郡下諏訪町","town":"広瀬町"}],"0055":[{"pref":"長野県","city":"諏訪郡下諏訪町","town":"富士見町"}],"0091":[{"pref":"長野県","city":"諏訪郡下諏訪町","town":"星が丘"}],"0025":[{"pref":"長野県","city":"諏訪郡下諏訪町","town":"本郷"}],"0008":[{"pref":"長野県","city":"諏訪郡下諏訪町","town":"町屋敷"}],"0061":[{"pref":"長野県","city":"諏訪郡下諏訪町","town":"御田町"}],"0074":[{"pref":"長野県","city":"諏訪郡下諏訪町","town":"緑町"}],"0045":[{"pref":"長野県","city":"諏訪郡下諏訪町","town":"南四王"}],"0067":[{"pref":"長野県","city":"諏訪郡下諏訪町","town":"矢木東"}],"0076":[{"pref":"長野県","city":"諏訪郡下諏訪町","town":"矢木西"}],"0077":[{"pref":"長野県","city":"諏訪郡下諏訪町","town":"矢木町"}],"0081":[{"pref":"長野県","city":"諏訪郡下諏訪町","town":"社東町"}],"0017":[{"pref":"長野県","city":"諏訪郡下諏訪町","town":"湯田仲町"}],"0016":[{"pref":"長野県","city":"諏訪郡下諏訪町","town":"湯田町"}],"0012":[{"pref":"長野県","city":"諏訪郡下諏訪町","town":"横町"}],"0019":[{"pref":"長野県","city":"諏訪郡下諏訪町","town":"横町木の下"}]}