{"0000":[{"pref":"東京都","city":"足立区","town":"以下に掲載がない場合"}],"0012":[{"pref":"東京都","city":"足立区","town":"青井（１～３丁目）"}],"0015":[{"pref":"東京都","city":"足立区","town":"足立"}],"0005":[{"pref":"東京都","city":"足立区","town":"綾瀬"}],"0001":[{"pref":"東京都","city":"足立区","town":"大谷田"}],"0046":[{"pref":"東京都","city":"足立区","town":"小台"}],"0013":[{"pref":"東京都","city":"足立区","town":"弘道"}],"0034":[{"pref":"東京都","city":"足立区","town":"千住"}],"0023":[{"pref":"東京都","city":"足立区","town":"千住曙町"}],"0026":[{"pref":"東京都","city":"足立区","town":"千住旭町"}],"0025":[{"pref":"東京都","city":"足立区","town":"千住東"}],"0031":[{"pref":"東京都","city":"足立区","town":"千住大川町"}],"0037":[{"pref":"東京都","city":"足立区","town":"千住河原町"}],"0033":[{"pref":"東京都","city":"足立区","town":"千住寿町"}],"0045":[{"pref":"東京都","city":"足立区","town":"千住桜木"}],"0024":[{"pref":"東京都","city":"足立区","town":"千住関屋町"}],"0042":[{"pref":"東京都","city":"足立区","town":"千住龍田町"}],"0035":[{"pref":"東京都","city":"足立区","town":"千住中居町"}],"0036":[{"pref":"東京都","city":"足立区","town":"千住仲町"}],"0038":[{"pref":"東京都","city":"足立区","town":"千住橋戸町"}],"0044":[{"pref":"東京都","city":"足立区","town":"千住緑町"}],"0043":[{"pref":"東京都","city":"足立区","town":"千住宮元町"}],"0041":[{"pref":"東京都","city":"足立区","town":"千住元町"}],"0032":[{"pref":"東京都","city":"足立区","town":"千住柳町"}],"0011":[{"pref":"東京都","city":"足立区","town":"中央本町（１、２丁目）"}],"0003":[{"pref":"東京都","city":"足立区","town":"東和"}],"0002":[{"pref":"東京都","city":"足立区","town":"中川"}],"0014":[{"pref":"東京都","city":"足立区","town":"西綾瀬"}],"0004":[{"pref":"東京都","city":"足立区","town":"東綾瀬"}],"0021":[{"pref":"東京都","city":"足立区","town":"日ノ出町"}],"0047":[{"pref":"東京都","city":"足立区","town":"宮城"}],"0006":[{"pref":"東京都","city":"足立区","town":"谷中"}],"0022":[{"pref":"東京都","city":"足立区","town":"柳原"}]}