{"0000":[{"pref":"茨城県","city":"古河市","town":"以下に掲載がない場合"}],"0012":[{"pref":"茨城県","city":"古河市","town":"旭町"}],"0044":[{"pref":"茨城県","city":"古河市","town":"新久田"}],"0224":[{"pref":"茨城県","city":"古河市","town":"砂井新田"}],"0225":[{"pref":"茨城県","city":"古河市","town":"磯部"}],"0202":[{"pref":"茨城県","city":"古河市","town":"稲宮"}],"0105":[{"pref":"茨城県","city":"古河市","town":"江口"}],"0236":[{"pref":"茨城県","city":"古河市","town":"大堤"}],"0032":[{"pref":"茨城県","city":"古河市","town":"大手町"}],"0052":[{"pref":"茨城県","city":"古河市","town":"大山"}],"0111":[{"pref":"茨城県","city":"古河市","town":"大和田"}],"0206":[{"pref":"茨城県","city":"古河市","town":"丘里"}],"0101":[{"pref":"茨城県","city":"古河市","town":"尾崎"}],"0226":[{"pref":"茨城県","city":"古河市","town":"女沼"}],"0104":[{"pref":"茨城県","city":"古河市","town":"恩名"}],"0211":[{"pref":"茨城県","city":"古河市","town":"葛生"}],"0223":[{"pref":"茨城県","city":"古河市","town":"上砂井"}],"0201":[{"pref":"茨城県","city":"古河市","town":"上大野"}],"0128":[{"pref":"茨城県","city":"古河市","town":"上片田"}],"0234":[{"pref":"茨城県","city":"古河市","town":"上辺見"}],"0122":[{"pref":"茨城県","city":"古河市","town":"上和田"}],"0213":[{"pref":"茨城県","city":"古河市","town":"北利根"}],"0005":[{"pref":"茨城県","city":"古河市","town":"北町"}],"0106":[{"pref":"茨城県","city":"古河市","town":"北間中橋"}],"0115":[{"pref":"茨城県","city":"古河市","town":"北山田"}],"0212":[{"pref":"茨城県","city":"古河市","town":"久能"}],"0055":[{"pref":"茨城県","city":"古河市","town":"けやき平"}],"0041":[{"pref":"茨城県","city":"古河市","town":"鴻巣"}],"0214":[{"pref":"茨城県","city":"古河市","town":"高野"}],"0016":[{"pref":"茨城県","city":"古河市","town":"古河"}],"0231":[{"pref":"茨城県","city":"古河市","town":"小堤"}],"0123":[{"pref":"茨城県","city":"古河市","town":"五部"}],"0045":[{"pref":"茨城県","city":"古河市","town":"駒ケ崎"}],"0121":[{"pref":"茨城県","city":"古河市","town":"駒込"}],"0221":[{"pref":"茨城県","city":"古河市","town":"駒羽根"}],"0024":[{"pref":"茨城県","city":"古河市","town":"幸町"}],"0056":[{"pref":"茨城県","city":"古河市","town":"坂間"}],"0036":[{"pref":"茨城県","city":"古河市","town":"桜町"}],"0042":[{"pref":"茨城県","city":"古河市","town":"三和"}],"0001":[{"pref":"茨城県","city":"古河市","town":"静町"}],"0204":[{"pref":"茨城県","city":"古河市","town":"下大野"}],"0127":[{"pref":"茨城県","city":"古河市","town":"下片田"}],"0235":[{"pref":"茨城県","city":"古河市","town":"下辺見"}],"0014":[{"pref":"茨城県","city":"古河市","town":"下山町"}],"0222":[{"pref":"茨城県","city":"古河市","town":"釈迦"}],"0116":[{"pref":"茨城県","city":"古河市","town":"新和田"}],"0205":[{"pref":"茨城県","city":"古河市","town":"関戸"}],"0047":[{"pref":"茨城県","city":"古河市","town":"立崎"}],"0051":[{"pref":"茨城県","city":"古河市","town":"茶屋新田"}],"0033":[{"pref":"茨城県","city":"古河市","town":"中央町"}],"0103":[{"pref":"茨城県","city":"古河市","town":"長左エ門新田"}],"0007":[{"pref":"茨城県","city":"古河市","town":"常盤町"}],"0043":[{"pref":"茨城県","city":"古河市","town":"鳥喰"}],"0053":[{"pref":"茨城県","city":"古河市","town":"中田"}],"0054":[{"pref":"茨城県","city":"古河市","town":"中田新田"}],"0110":[{"pref":"茨城県","city":"古河市","town":"名崎"}],"0233":[{"pref":"茨城県","city":"古河市","town":"西牛谷"}],"0037":[{"pref":"茨城県","city":"古河市","town":"錦町"}],"0038":[{"pref":"茨城県","city":"古河市","town":"西町"}],"0109":[{"pref":"茨城県","city":"古河市","town":"西間中橋"}],"0125":[{"pref":"茨城県","city":"古河市","town":"仁連"}],"0035":[{"pref":"茨城県","city":"古河市","town":"長谷"}],"0034":[{"pref":"茨城県","city":"古河市","town":"長谷町"}],"0026":[{"pref":"茨城県","city":"古河市","town":"原"}],"0025":[{"pref":"茨城県","city":"古河市","town":"原町"}],"0011":[{"pref":"茨城県","city":"古河市","town":"東"}],"0232":[{"pref":"茨城県","city":"古河市","town":"東牛谷"}],"0013":[{"pref":"茨城県","city":"古河市","town":"東本町"}],"0107":[{"pref":"茨城県","city":"古河市","town":"東間中橋"}],"0124":[{"pref":"茨城県","city":"古河市","town":"東諸川"}],"0112":[{"pref":"茨城県","city":"古河市","town":"東山田"}],"0006":[{"pref":"茨城県","city":"古河市","town":"平和町"}],"0023":[{"pref":"茨城県","city":"古河市","town":"本町"}],"0216":[{"pref":"茨城県","city":"古河市","town":"前林"}],"0046":[{"pref":"茨城県","city":"古河市","town":"牧野地"}],"0021":[{"pref":"茨城県","city":"古河市","town":"松並"}],"0215":[{"pref":"茨城県","city":"古河市","town":"水海"}],"0002":[{"pref":"茨城県","city":"古河市","town":"三杉町"}],"0003":[{"pref":"茨城県","city":"古河市","town":"緑町"}],"0015":[{"pref":"茨城県","city":"古河市","town":"南町"}],"0108":[{"pref":"茨城県","city":"古河市","town":"南間中橋"}],"0031":[{"pref":"茨城県","city":"古河市","town":"宮前町"}],"0126":[{"pref":"茨城県","city":"古河市","town":"諸川"}],"0113":[{"pref":"茨城県","city":"古河市","town":"谷貝"}],"0203":[{"pref":"茨城県","city":"古河市","town":"柳橋"}],"0114":[{"pref":"茨城県","city":"古河市","town":"山田"}],"0022":[{"pref":"茨城県","city":"古河市","town":"横山町"}],"0004":[{"pref":"茨城県","city":"古河市","town":"雷電町"}],"0600":[{"pref":"茨城県","city":"坂東市","town":"以下に掲載がない場合"}],"0631":[{"pref":"茨城県","city":"坂東市","town":"岩井"}],"0514":[{"pref":"茨城県","city":"坂東市","town":"内野山"}],"0504":[{"pref":"茨城県","city":"坂東市","town":"生子"}],"0503":[{"pref":"茨城県","city":"坂東市","town":"生子新田"}],"0615":[{"pref":"茨城県","city":"坂東市","town":"大口"}],"0613":[{"pref":"茨城県","city":"坂東市","town":"大口新田"}],"0622":[{"pref":"茨城県","city":"坂東市","town":"大崎"}],"0601":[{"pref":"茨城県","city":"坂東市","town":"大馬新田"}],"0621":[{"pref":"茨城県","city":"坂東市","town":"大谷口"}],"0626":[{"pref":"茨城県","city":"坂東市","town":"小山"}],"0617":[{"pref":"茨城県","city":"坂東市","town":"神田山"}],"0611":[{"pref":"茨城県","city":"坂東市","town":"神田山新田"}],"0654":[{"pref":"茨城県","city":"坂東市","town":"上出島"}],"0657":[{"pref":"茨城県","city":"坂東市","town":"借宿"}],"0603":[{"pref":"茨城県","city":"坂東市","town":"勘助新田"}],"0643":[{"pref":"茨城県","city":"坂東市","town":"木間ケ瀬"}],"0636":[{"pref":"茨城県","city":"坂東市","town":"桐木"}],"0641":[{"pref":"茨城県","city":"坂東市","town":"鵠戸"}],"0515":[{"pref":"茨城県","city":"坂東市","town":"沓掛"}],"0513":[{"pref":"茨城県","city":"坂東市","town":"栗山新田"}],"0635":[{"pref":"茨城県","city":"坂東市","town":"小泉"}],"0608":[{"pref":"茨城県","city":"坂東市","town":"幸神平"}],"0606":[{"pref":"茨城県","city":"坂東市","town":"幸田"}],"0604":[{"pref":"茨城県","city":"坂東市","town":"幸田新田"}],"0644":[{"pref":"茨城県","city":"坂東市","town":"古布内"}],"0653":[{"pref":"茨城県","city":"坂東市","town":"駒跿"}],"0501":[{"pref":"茨城県","city":"坂東市","town":"逆井"}],"0512":[{"pref":"茨城県","city":"坂東市","town":"左平太新田"}],"0633":[{"pref":"茨城県","city":"坂東市","town":"下出島"}],"0614":[{"pref":"茨城県","city":"坂東市","town":"庄右衛門新田"}],"0505":[{"pref":"茨城県","city":"坂東市","town":"菅谷"}],"0656":[{"pref":"茨城県","city":"坂東市","town":"寺久"}],"0652":[{"pref":"茨城県","city":"坂東市","town":"冨田"}],"0634":[{"pref":"茨城県","city":"坂東市","town":"中里"}],"0645":[{"pref":"茨城県","city":"坂東市","town":"長須"}],"0642":[{"pref":"茨城県","city":"坂東市","town":"長谷"}],"0616":[{"pref":"茨城県","city":"坂東市","town":"猫実"}],"0612":[{"pref":"茨城県","city":"坂東市","town":"猫実新田"}],"0651":[{"pref":"茨城県","city":"坂東市","town":"半谷"}],"0602":[{"pref":"茨城県","city":"坂東市","town":"平八新田"}],"0632":[{"pref":"茨城県","city":"坂東市","town":"辺田"}],"0623":[{"pref":"茨城県","city":"坂東市","town":"法師戸"}],"0511":[{"pref":"茨城県","city":"坂東市","town":"孫兵エ新田"}],"0605":[{"pref":"茨城県","city":"坂東市","town":"馬立"}],"0637":[{"pref":"茨城県","city":"坂東市","town":"みどり町"}],"0658":[{"pref":"茨城県","city":"坂東市","town":"緑の里"}],"0655":[{"pref":"茨城県","city":"坂東市","town":"みむら"}],"0625":[{"pref":"茨城県","city":"坂東市","town":"莚打"}],"0624":[{"pref":"茨城県","city":"坂東市","town":"矢作"}],"0502":[{"pref":"茨城県","city":"坂東市","town":"山"}],"0607":[{"pref":"茨城県","city":"坂東市","town":"弓田"}],"0300":[{"pref":"茨城県","city":"猿島郡五霞町","town":"以下に掲載がない場合"}],"0303":[{"pref":"茨城県","city":"猿島郡五霞町","town":"江川"}],"0311":[{"pref":"茨城県","city":"猿島郡五霞町","town":"大福田"}],"0314":[{"pref":"茨城県","city":"猿島郡五霞町","town":"川妻"}],"0304":[{"pref":"茨城県","city":"猿島郡五霞町","town":"幸主"}],"0308":[{"pref":"茨城県","city":"猿島郡五霞町","town":"ごかみらい"}],"0315":[{"pref":"茨城県","city":"猿島郡五霞町","town":"小手指"}],"0307":[{"pref":"茨城県","city":"猿島郡五霞町","town":"小福田"}],"0302":[{"pref":"茨城県","city":"猿島郡五霞町","town":"山王"}],"0301":[{"pref":"茨城県","city":"猿島郡五霞町","town":"山王山"}],"0316":[{"pref":"茨城県","city":"猿島郡五霞町","town":"釈迦"}],"0312":[{"pref":"茨城県","city":"猿島郡五霞町","town":"新幸谷"}],"0306":[{"pref":"茨城県","city":"猿島郡五霞町","town":"原宿台"}],"0305":[{"pref":"茨城県","city":"猿島郡五霞町","town":"冬木"}],"0317":[{"pref":"茨城県","city":"猿島郡五霞町","town":"前林"}],"0313":[{"pref":"茨城県","city":"猿島郡五霞町","town":"元栗橋"}],"0400":[{"pref":"茨城県","city":"猿島郡境町","town":"以下に掲載がない場合"}],"0433":[{"pref":"茨城県","city":"猿島郡境町","town":"境町の次に番地がくる場合"}],"0422":[{"pref":"茨城県","city":"猿島郡境町","town":"一ノ谷"}],"0407":[{"pref":"茨城県","city":"猿島郡境町","town":"稲尾"}],"0414":[{"pref":"茨城県","city":"猿島郡境町","town":"内門"}],"0427":[{"pref":"茨城県","city":"猿島郡境町","town":"浦向"}],"0426":[{"pref":"茨城県","city":"猿島郡境町","town":"金岡"}],"0434":[{"pref":"茨城県","city":"猿島郡境町","town":"上小橋"}],"0424":[{"pref":"茨城県","city":"猿島郡境町","town":"桐ケ作"}],"0412":[{"pref":"茨城県","city":"猿島郡境町","town":"栗山"}],"0402":[{"pref":"茨城県","city":"猿島郡境町","town":"猿山"}],"0401":[{"pref":"茨城県","city":"猿島郡境町","town":"志鳥"}],"0411":[{"pref":"茨城県","city":"猿島郡境町","town":"下砂井"}],"0432":[{"pref":"茨城県","city":"猿島郡境町","town":"下小橋"}],"0403":[{"pref":"茨城県","city":"猿島郡境町","town":"蛇池"}],"0421":[{"pref":"茨城県","city":"猿島郡境町","town":"染谷"}],"0405":[{"pref":"茨城県","city":"猿島郡境町","town":"塚崎"}],"0404":[{"pref":"茨城県","city":"猿島郡境町","town":"長井戸"}],"0431":[{"pref":"茨城県","city":"猿島郡境町","town":"西泉田"}],"0425":[{"pref":"茨城県","city":"猿島郡境町","town":"新田戸"}],"0416":[{"pref":"茨城県","city":"猿島郡境町","town":"伏木"}],"0423":[{"pref":"茨城県","city":"猿島郡境町","town":"百戸"}],"0413":[{"pref":"茨城県","city":"猿島郡境町","town":"山崎"}],"0435":[{"pref":"茨城県","city":"猿島郡境町","town":"陽光台"}],"0406":[{"pref":"茨城県","city":"猿島郡境町","town":"横塚"}],"0417":[{"pref":"茨城県","city":"猿島郡境町","town":"若林"}],"0415":[{"pref":"茨城県","city":"猿島郡境町","town":"大歩"}]}