{"0000":[{"pref":"大阪府","city":"堺市堺区","town":"以下に掲載がない場合"}],"0012":[{"pref":"大阪府","city":"堺市堺区","town":"浅香山町"}],"0809":[{"pref":"大阪府","city":"堺市堺区","town":"旭ケ丘北町"}],"0808":[{"pref":"大阪府","city":"堺市堺区","town":"旭ケ丘中町"}],"0807":[{"pref":"大阪府","city":"堺市堺区","town":"旭ケ丘南町"}],"0055":[{"pref":"大阪府","city":"堺市堺区","town":"旭通"}],"0926":[{"pref":"大阪府","city":"堺市堺区","town":"綾之町西"}],"0925":[{"pref":"大阪府","city":"堺市堺区","town":"綾之町東"}],"0823":[{"pref":"大阪府","city":"堺市堺区","town":"石津北町"}],"0814":[{"pref":"大阪府","city":"堺市堺区","town":"石津町"}],"0048":[{"pref":"大阪府","city":"堺市堺区","town":"一条通"}],"0951":[{"pref":"大阪府","city":"堺市堺区","town":"市之町西"}],"0952":[{"pref":"大阪府","city":"堺市堺区","town":"市之町東"}],"0018":[{"pref":"大阪府","city":"堺市堺区","town":"今池町"}],"0065":[{"pref":"大阪府","city":"堺市堺区","town":"永代町"}],"0027":[{"pref":"大阪府","city":"堺市堺区","town":"榎元町"}],"0985":[{"pref":"大阪府","city":"堺市堺区","town":"戎島町"}],"0948":[{"pref":"大阪府","city":"堺市堺区","town":"戎之町西"}],"0945":[{"pref":"大阪府","city":"堺市堺区","town":"戎之町東"}],"0824":[{"pref":"大阪府","city":"堺市堺区","town":"老松町"}],"0959":[{"pref":"大阪府","city":"堺市堺区","town":"大町西"}],"0954":[{"pref":"大阪府","city":"堺市堺区","town":"大町東"}],"0974":[{"pref":"大阪府","city":"堺市堺区","town":"大浜北町"}],"0975":[{"pref":"大阪府","city":"堺市堺区","town":"大浜中町"}],"0977":[{"pref":"大阪府","city":"堺市堺区","town":"大浜西町"}],"0976":[{"pref":"大阪府","city":"堺市堺区","town":"大浜南町"}],"0061":[{"pref":"大阪府","city":"堺市堺区","town":"翁橋町"}],"0001":[{"pref":"大阪府","city":"堺市堺区","town":"遠里小野町"}],"0982":[{"pref":"大阪府","city":"堺市堺区","town":"海山町"}],"0950":[{"pref":"大阪府","city":"堺市堺区","town":"甲斐町西"}],"0953":[{"pref":"大阪府","city":"堺市堺区","town":"甲斐町東"}],"0011":[{"pref":"大阪府","city":"堺市堺区","town":"香ケ丘町"}],"0837":[{"pref":"大阪府","city":"堺市堺区","town":"柏木町"}],"0827":[{"pref":"大阪府","city":"堺市堺区","town":"春日通"}],"0812":[{"pref":"大阪府","city":"堺市堺区","town":"霞ケ丘町"}],"0813":[{"pref":"大阪府","city":"堺市堺区","town":"神石市之町"}],"0984":[{"pref":"大阪府","city":"堺市堺区","town":"神南辺町"}],"0076":[{"pref":"大阪府","city":"堺市堺区","town":"北瓦町"}],"0071":[{"pref":"大阪府","city":"堺市堺区","town":"北向陽町"}],"0004":[{"pref":"大阪府","city":"堺市堺区","town":"北清水町"}],"0007":[{"pref":"大阪府","city":"堺市堺区","town":"北庄町"}],"0017":[{"pref":"大阪府","city":"堺市堺区","town":"北田出井町"}],"0928":[{"pref":"大阪府","city":"堺市堺区","town":"北旅籠町西"}],"0923":[{"pref":"大阪府","city":"堺市堺区","town":"北旅籠町東"}],"0986":[{"pref":"大阪府","city":"堺市堺区","town":"北波止町"}],"0074":[{"pref":"大阪府","city":"堺市堺区","town":"北花田口町"}],"0921":[{"pref":"大阪府","city":"堺市堺区","town":"北半町西"}],"0922":[{"pref":"大阪府","city":"堺市堺区","town":"北半町東"}],"0037":[{"pref":"大阪府","city":"堺市堺区","town":"北丸保園"}],"0021":[{"pref":"大阪府","city":"堺市堺区","town":"北三国ケ丘町"}],"0062":[{"pref":"大阪府","city":"堺市堺区","town":"北安井町"}],"0054":[{"pref":"大阪府","city":"堺市堺区","town":"京町通"}],"0822":[{"pref":"大阪府","city":"堺市堺区","town":"協和町"}],"0006":[{"pref":"大阪府","city":"堺市堺区","town":"錦綾町"}],"0939":[{"pref":"大阪府","city":"堺市堺区","town":"九間町西"}],"0934":[{"pref":"大阪府","city":"堺市堺区","town":"九間町東"}],"0949":[{"pref":"大阪府","city":"堺市堺区","town":"櫛屋町西"}],"0944":[{"pref":"大阪府","city":"堺市堺区","town":"櫛屋町東"}],"0836":[{"pref":"大阪府","city":"堺市堺区","town":"楠町"}],"0947":[{"pref":"大阪府","city":"堺市堺区","town":"熊野町西"}],"0946":[{"pref":"大阪府","city":"堺市堺区","town":"熊野町東"}],"0940":[{"pref":"大阪府","city":"堺市堺区","town":"車之町西"}],"0943":[{"pref":"大阪府","city":"堺市堺区","town":"車之町東"}],"0024":[{"pref":"大阪府","city":"堺市堺区","town":"向陵中町"}],"0026":[{"pref":"大阪府","city":"堺市堺区","town":"向陵西町"}],"0025":[{"pref":"大阪府","city":"堺市堺区","town":"向陵東町"}],"0044":[{"pref":"大阪府","city":"堺市堺区","town":"五条通"}],"0057":[{"pref":"大阪府","city":"堺市堺区","town":"御陵通"}],"0941":[{"pref":"大阪府","city":"堺市堺区","town":"材木町西"}],"0942":[{"pref":"大阪府","city":"堺市堺区","town":"材木町東"}],"0051":[{"pref":"大阪府","city":"堺市堺区","town":"幸通"}],"0971":[{"pref":"大阪府","city":"堺市堺区","town":"栄橋町"}],"0927":[{"pref":"大阪府","city":"堺市堺区","town":"桜之町西"}],"0924":[{"pref":"大阪府","city":"堺市堺区","town":"桜之町東"}],"0031":[{"pref":"大阪府","city":"堺市堺区","town":"五月町"}],"0046":[{"pref":"大阪府","city":"堺市堺区","town":"三条通"}],"0906":[{"pref":"大阪府","city":"堺市堺区","town":"三宝町"}],"0981":[{"pref":"大阪府","city":"堺市堺区","town":"塩浜町"}],"0045":[{"pref":"大阪府","city":"堺市堺区","town":"四条通"}],"0042":[{"pref":"大阪府","city":"堺市堺区","town":"七条通"}],"0911":[{"pref":"大阪府","city":"堺市堺区","town":"七道西町"}],"0913":[{"pref":"大阪府","city":"堺市堺区","town":"七道東町"}],"0013":[{"pref":"大阪府","city":"堺市堺区","town":"東雲西町"}],"0958":[{"pref":"大阪府","city":"堺市堺区","town":"宿院町西"}],"0955":[{"pref":"大阪府","city":"堺市堺区","town":"宿院町東"}],"0937":[{"pref":"大阪府","city":"堺市堺区","town":"宿屋町西"}],"0936":[{"pref":"大阪府","city":"堺市堺区","town":"宿屋町東"}],"0960":[{"pref":"大阪府","city":"堺市堺区","town":"少林寺町西"}],"0963":[{"pref":"大阪府","city":"堺市堺区","town":"少林寺町東"}],"0825":[{"pref":"大阪府","city":"堺市堺区","town":"昭和通"}],"0969":[{"pref":"大阪府","city":"堺市堺区","town":"新在家町西"}],"0964":[{"pref":"大阪府","city":"堺市堺区","town":"新在家町東"}],"0056":[{"pref":"大阪府","city":"堺市堺区","town":"神保通"}],"0079":[{"pref":"大阪府","city":"堺市堺区","town":"新町"}],"0938":[{"pref":"大阪府","city":"堺市堺区","town":"神明町西"}],"0935":[{"pref":"大阪府","city":"堺市堺区","town":"神明町東"}],"0826":[{"pref":"大阪府","city":"堺市堺区","town":"菅原通"}],"0002":[{"pref":"大阪府","city":"堺市堺区","town":"砂道町"}],"0973":[{"pref":"大阪府","city":"堺市堺区","town":"住吉橋町"}],"0035":[{"pref":"大阪府","city":"堺市堺区","town":"大仙町"}],"0801":[{"pref":"大阪府","city":"堺市堺区","town":"大仙中町"}],"0821":[{"pref":"大阪府","city":"堺市堺区","town":"大仙西町"}],"0820":[{"pref":"大阪府","city":"堺市堺区","town":"高砂町"}],"0003":[{"pref":"大阪府","city":"堺市堺区","town":"高須町"}],"0908":[{"pref":"大阪府","city":"堺市堺区","town":"匠町"}],"0014":[{"pref":"大阪府","city":"堺市堺区","town":"田出井町"}],"0987":[{"pref":"大阪府","city":"堺市堺区","town":"築港南町"}],"0901":[{"pref":"大阪府","city":"堺市堺区","town":"築港八幡町"}],"0833":[{"pref":"大阪府","city":"堺市堺区","town":"出島海岸通"}],"0834":[{"pref":"大阪府","city":"堺市堺区","town":"出島町"}],"0831":[{"pref":"大阪府","city":"堺市堺区","town":"出島西町"}],"0832":[{"pref":"大阪府","city":"堺市堺区","town":"出島浜通"}],"0905":[{"pref":"大阪府","city":"堺市堺区","town":"鉄砲町"}],"0961":[{"pref":"大阪府","city":"堺市堺区","town":"寺地町西"}],"0962":[{"pref":"大阪府","city":"堺市堺区","town":"寺地町東"}],"0077":[{"pref":"大阪府","city":"堺市堺区","town":"中瓦町"}],"0072":[{"pref":"大阪府","city":"堺市堺区","town":"中向陽町"}],"0016":[{"pref":"大阪府","city":"堺市堺区","town":"中田出井町"}],"0033":[{"pref":"大阪府","city":"堺市堺区","town":"中永山園"}],"0957":[{"pref":"大阪府","city":"堺市堺区","town":"中之町西"}],"0956":[{"pref":"大阪府","city":"堺市堺区","town":"中之町東"}],"0022":[{"pref":"大阪府","city":"堺市堺区","town":"中三国ケ丘町"}],"0063":[{"pref":"大阪府","city":"堺市堺区","town":"中安井町"}],"0912":[{"pref":"大阪府","city":"堺市堺区","town":"並松町"}],"0811":[{"pref":"大阪府","city":"堺市堺区","town":"南陵町"}],"0066":[{"pref":"大阪府","city":"堺市堺区","town":"賑町"}],"0931":[{"pref":"大阪府","city":"堺市堺区","town":"錦之町西"}],"0932":[{"pref":"大阪府","city":"堺市堺区","town":"錦之町東"}],"0032":[{"pref":"大阪府","city":"堺市堺区","town":"西永山園"}],"0835":[{"pref":"大阪府","city":"堺市堺区","town":"西湊町"}],"0047":[{"pref":"大阪府","city":"堺市堺区","town":"二条通"}],"0803":[{"pref":"大阪府","city":"堺市堺区","town":"東上野芝町（１丁）"}],"0034":[{"pref":"大阪府","city":"堺市堺区","town":"東永山園"}],"0829":[{"pref":"大阪府","city":"堺市堺区","town":"東湊町"}],"0903":[{"pref":"大阪府","city":"堺市堺区","town":"松屋町"}],"0902":[{"pref":"大阪府","city":"堺市堺区","town":"松屋大和川通"}],"0028":[{"pref":"大阪府","city":"堺市堺区","town":"三国ケ丘御幸通"}],"0806":[{"pref":"大阪府","city":"堺市堺区","town":"緑ヶ丘北町"}],"0805":[{"pref":"大阪府","city":"堺市堺区","town":"緑ヶ丘中町"}],"0804":[{"pref":"大阪府","city":"堺市堺区","town":"緑ヶ丘南町"}],"0907":[{"pref":"大阪府","city":"堺市堺区","town":"緑町"}],"0078":[{"pref":"大阪府","city":"堺市堺区","town":"南瓦町"}],"0073":[{"pref":"大阪府","city":"堺市堺区","town":"南向陽町"}],"0904":[{"pref":"大阪府","city":"堺市堺区","town":"南島町"}],"0005":[{"pref":"大阪府","city":"堺市堺区","town":"南清水町"}],"0008":[{"pref":"大阪府","city":"堺市堺区","town":"南庄町"}],"0015":[{"pref":"大阪府","city":"堺市堺区","town":"南田出井町"}],"0968":[{"pref":"大阪府","city":"堺市堺区","town":"南旅篭町西"}],"0965":[{"pref":"大阪府","city":"堺市堺区","town":"南旅篭町東"}],"0075":[{"pref":"大阪府","city":"堺市堺区","town":"南花田口町"}],"0967":[{"pref":"大阪府","city":"堺市堺区","town":"南半町西"}],"0966":[{"pref":"大阪府","city":"堺市堺区","town":"南半町東"}],"0036":[{"pref":"大阪府","city":"堺市堺区","town":"南丸保園"}],"0023":[{"pref":"大阪府","city":"堺市堺区","town":"南三国ケ丘町"}],"0064":[{"pref":"大阪府","city":"堺市堺区","town":"南安井町"}],"0802":[{"pref":"大阪府","city":"堺市堺区","town":"百舌鳥夕雲町"}],"0053":[{"pref":"大阪府","city":"堺市堺区","town":"文珠橋通"}],"0052":[{"pref":"大阪府","city":"堺市堺区","town":"八千代通"}],"0930":[{"pref":"大阪府","city":"堺市堺区","town":"柳之町西"}],"0933":[{"pref":"大阪府","city":"堺市堺区","town":"柳之町東"}],"0828":[{"pref":"大阪府","city":"堺市堺区","town":"八幡通"}],"0983":[{"pref":"大阪府","city":"堺市堺区","town":"山本町"}],"0972":[{"pref":"大阪府","city":"堺市堺区","town":"竜神橋町"}],"0041":[{"pref":"大阪府","city":"堺市堺区","town":"陵西通"}],"0043":[{"pref":"大阪府","city":"堺市堺区","town":"六条通"}],"0100":[{"pref":"大阪府","city":"堺市南区","town":"以下に掲載がない場合"}],"0144":[{"pref":"大阪府","city":"堺市南区","town":"赤坂台"}],"0126":[{"pref":"大阪府","city":"堺市南区","town":"泉田中"}],"0156":[{"pref":"大阪府","city":"堺市南区","town":"稲葉"}],"0112":[{"pref":"大阪府","city":"堺市南区","town":"岩室"}],"0153":[{"pref":"大阪府","city":"堺市南区","town":"大庭寺"}],"0145":[{"pref":"大阪府","city":"堺市南区","town":"大森"}],"0121":[{"pref":"大阪府","city":"堺市南区","town":"片蔵"}],"0122":[{"pref":"大阪府","city":"堺市南区","town":"釜室"}],"0138":[{"pref":"大阪府","city":"堺市南区","town":"鴨谷台"}],"0151":[{"pref":"大阪府","city":"堺市南区","town":"小代（その他）"}],"0123":[{"pref":"大阪府","city":"堺市南区","town":"逆瀬川"}],"0137":[{"pref":"大阪府","city":"堺市南区","town":"城山台"}],"0143":[{"pref":"大阪府","city":"堺市南区","town":"新檜尾台"}],"0158":[{"pref":"大阪府","city":"堺市南区","town":"太平寺（５０８－５、６９６－２～６９６－３、７２４－１、７２５－１、"},{"pref":"大阪府","city":"堺市南区","town":"７２６－１、７２７、７２８、７２８－１、７２９、７３０、７３１、７３２、"},{"pref":"大阪府","city":"堺市南区","town":"７３３－１～７３３－２、７３５、７８６－３番地）"}],"0157":[{"pref":"大阪府","city":"堺市南区","town":"高尾"}],"0117":[{"pref":"大阪府","city":"堺市南区","town":"高倉台"}],"0105":[{"pref":"大阪府","city":"堺市南区","town":"竹城台"}],"0115":[{"pref":"大阪府","city":"堺市南区","town":"茶山台"}],"0131":[{"pref":"大阪府","city":"堺市南区","town":"栂"}],"0104":[{"pref":"大阪府","city":"堺市南区","town":"土佐屋台"}],"0127":[{"pref":"大阪府","city":"堺市南区","town":"富蔵"}],"0106":[{"pref":"大阪府","city":"堺市南区","town":"豊田"}],"0133":[{"pref":"大阪府","city":"堺市南区","town":"庭代台"}],"0155":[{"pref":"大阪府","city":"堺市南区","town":"野々井"}],"0124":[{"pref":"大阪府","city":"堺市南区","town":"畑"}],"0125":[{"pref":"大阪府","city":"堺市南区","town":"鉢ケ峯寺"}],"0132":[{"pref":"大阪府","city":"堺市南区","town":"原山台"}],"0113":[{"pref":"大阪府","city":"堺市南区","town":"晴美台"}],"0142":[{"pref":"大阪府","city":"堺市南区","town":"檜尾"}],"0103":[{"pref":"大阪府","city":"堺市南区","town":"深阪南"}],"0135":[{"pref":"大阪府","city":"堺市南区","town":"別所"}],"0114":[{"pref":"大阪府","city":"堺市南区","town":"槇塚台"}],"0134":[{"pref":"大阪府","city":"堺市南区","town":"御池台"}],"0136":[{"pref":"大阪府","city":"堺市南区","town":"美木多上"}],"0154":[{"pref":"大阪府","city":"堺市南区","town":"三木閉"}],"0111":[{"pref":"大阪府","city":"堺市南区","town":"三原台"}],"0101":[{"pref":"大阪府","city":"堺市南区","town":"宮山台"}],"0141":[{"pref":"大阪府","city":"堺市南区","town":"桃山台"}],"0116":[{"pref":"大阪府","city":"堺市南区","town":"若松台"}],"0152":[{"pref":"大阪府","city":"堺市南区","town":"和田"}],"0102":[{"pref":"大阪府","city":"堺市南区","town":"和田東"}],"0461":[{"pref":"大阪府","city":"貝塚市","town":"三ツ松（２５７６番地）"}],"0500":[{"pref":"大阪府","city":"泉南市","town":"以下に掲載がない場合"}],"0501":[{"pref":"大阪府","city":"泉南市","town":"兎田"}],"0531":[{"pref":"大阪府","city":"泉南市","town":"岡田"}],"0526":[{"pref":"大阪府","city":"泉南市","town":"男里"}],"0532":[{"pref":"大阪府","city":"泉南市","town":"北野"}],"0503":[{"pref":"大阪府","city":"泉南市","town":"新家"}],"0504":[{"pref":"大阪府","city":"泉南市","town":"信達市場"}],"0523":[{"pref":"大阪府","city":"泉南市","town":"信達岡中"}],"0505":[{"pref":"大阪府","city":"泉南市","town":"信達大苗代"}],"0514":[{"pref":"大阪府","city":"泉南市","town":"信達金熊寺"}],"0513":[{"pref":"大阪府","city":"泉南市","town":"信達楠畑"}],"0511":[{"pref":"大阪府","city":"泉南市","town":"信達葛畑"}],"0522":[{"pref":"大阪府","city":"泉南市","town":"信達牧野"}],"0515":[{"pref":"大阪府","city":"泉南市","town":"信達六尾"}],"0512":[{"pref":"大阪府","city":"泉南市","town":"信達童子畑"}],"0521":[{"pref":"大阪府","city":"泉南市","town":"樽井"}],"0533":[{"pref":"大阪府","city":"泉南市","town":"中小路"}],"0534":[{"pref":"大阪府","city":"泉南市","town":"鳴滝"}],"0525":[{"pref":"大阪府","city":"泉南市","town":"馬場"}],"0524":[{"pref":"大阪府","city":"泉南市","town":"幡代"}],"0502":[{"pref":"大阪府","city":"泉南市","town":"別所"}],"0535":[{"pref":"大阪府","city":"泉南市","town":"りんくう南浜"}],"0400":[{"pref":"大阪府","city":"泉南郡熊取町","town":"以下に掲載がない場合"}],"0407":[{"pref":"大阪府","city":"泉南郡熊取町","town":"青葉台"}],"0458":[{"pref":"大阪府","city":"泉南郡熊取町","town":"朝代西"}],"0457":[{"pref":"大阪府","city":"泉南郡熊取町","town":"朝代東"}],"0459":[{"pref":"大阪府","city":"泉南郡熊取町","town":"朝代台"}],"0401":[{"pref":"大阪府","city":"泉南郡熊取町","town":"大久保"}],"0402":[{"pref":"大阪府","city":"泉南郡熊取町","town":"大久保北"}],"0403":[{"pref":"大阪府","city":"泉南郡熊取町","town":"大久保中"}],"0404":[{"pref":"大阪府","city":"泉南郡熊取町","town":"大久保西"}],"0406":[{"pref":"大阪府","city":"泉南郡熊取町","town":"大久保東"}],"0405":[{"pref":"大阪府","city":"泉南郡熊取町","town":"大久保南"}],"0450":[{"pref":"大阪府","city":"泉南郡熊取町","town":"大宮"}],"0432":[{"pref":"大阪府","city":"泉南郡熊取町","town":"小垣内"}],"0431":[{"pref":"大阪府","city":"泉南郡熊取町","town":"小谷"}],"0434":[{"pref":"大阪府","city":"泉南郡熊取町","town":"小谷北"}],"0435":[{"pref":"大阪府","city":"泉南郡熊取町","town":"小谷南"}],"0422":[{"pref":"大阪府","city":"泉南郡熊取町","town":"希望が丘"}],"0441":[{"pref":"大阪府","city":"泉南郡熊取町","town":"久保"}],"0436":[{"pref":"大阪府","city":"泉南郡熊取町","town":"高田"}],"0411":[{"pref":"大阪府","city":"泉南郡熊取町","town":"五門"}],"0415":[{"pref":"大阪府","city":"泉南郡熊取町","town":"五門西"}],"0414":[{"pref":"大阪府","city":"泉南郡熊取町","town":"五門東"}],"0412":[{"pref":"大阪府","city":"泉南郡熊取町","town":"紺屋"}],"0413":[{"pref":"大阪府","city":"泉南郡熊取町","town":"桜が丘"}],"0445":[{"pref":"大阪府","city":"泉南郡熊取町","town":"五月ケ丘"}],"0421":[{"pref":"大阪府","city":"泉南郡熊取町","town":"七山"}],"0425":[{"pref":"大阪府","city":"泉南郡熊取町","town":"七山東"}],"0427":[{"pref":"大阪府","city":"泉南郡熊取町","town":"七山西"}],"0426":[{"pref":"大阪府","city":"泉南郡熊取町","town":"七山南"}],"0424":[{"pref":"大阪府","city":"泉南郡熊取町","town":"七山北"}],"0423":[{"pref":"大阪府","city":"泉南郡熊取町","town":"自由が丘"}],"0454":[{"pref":"大阪府","city":"泉南郡熊取町","town":"新野田"}],"0444":[{"pref":"大阪府","city":"泉南郡熊取町","town":"つばさが丘北"}],"0443":[{"pref":"大阪府","city":"泉南郡熊取町","town":"つばさが丘西"}],"0442":[{"pref":"大阪府","city":"泉南郡熊取町","town":"つばさが丘東"}],"0416":[{"pref":"大阪府","city":"泉南郡熊取町","town":"東和苑"}],"0455":[{"pref":"大阪府","city":"泉南郡熊取町","town":"長池"}],"0447":[{"pref":"大阪府","city":"泉南郡熊取町","town":"成合東"}],"0449":[{"pref":"大阪府","city":"泉南郡熊取町","town":"成合西"}],"0448":[{"pref":"大阪府","city":"泉南郡熊取町","town":"成合南"}],"0446":[{"pref":"大阪府","city":"泉南郡熊取町","town":"成合北"}],"0451":[{"pref":"大阪府","city":"泉南郡熊取町","town":"野田"}],"0456":[{"pref":"大阪府","city":"泉南郡熊取町","town":"美熊台"}],"0453":[{"pref":"大阪府","city":"泉南郡熊取町","town":"南山の手台"}],"0452":[{"pref":"大阪府","city":"泉南郡熊取町","town":"山の手台"}],"0433":[{"pref":"大阪府","city":"泉南郡熊取町","town":"若葉"}],"0417":[{"pref":"大阪府","city":"泉南郡熊取町","town":"和田"}]}