{"0000":[{"pref":"福岡県","city":"みやま市","town":"以下に掲載がない場合"}],"0022":[{"pref":"福岡県","city":"みやま市","town":"瀬高町文廣"}],"0019":[{"pref":"福岡県","city":"みやま市","town":"瀬高町大江"}],"0013":[{"pref":"福岡県","city":"みやま市","town":"瀬高町太神"}],"0005":[{"pref":"福岡県","city":"みやま市","town":"瀬高町大草"}],"0012":[{"pref":"福岡県","city":"みやま市","town":"瀬高町大廣園"}],"0023":[{"pref":"福岡県","city":"みやま市","town":"瀬高町小川"}],"0002":[{"pref":"福岡県","city":"みやま市","town":"瀬高町小田"}],"0025":[{"pref":"福岡県","city":"みやま市","town":"瀬高町上庄"}],"0014":[{"pref":"福岡県","city":"みやま市","town":"瀬高町河内"}],"0006":[{"pref":"福岡県","city":"みやま市","town":"瀬高町坂田"}],"0024":[{"pref":"福岡県","city":"みやま市","town":"瀬高町下庄"}],"0015":[{"pref":"福岡県","city":"みやま市","town":"瀬高町泰仙寺"}],"0018":[{"pref":"福岡県","city":"みやま市","town":"瀬高町高柳"}],"0007":[{"pref":"福岡県","city":"みやま市","town":"瀬高町長田"}],"0016":[{"pref":"福岡県","city":"みやま市","town":"瀬高町濱田"}],"0017":[{"pref":"福岡県","city":"みやま市","town":"瀬高町東津留"}],"0001":[{"pref":"福岡県","city":"みやま市","town":"瀬高町廣瀬"}],"0021":[{"pref":"福岡県","city":"みやま市","town":"瀬高町本郷"}],"0011":[{"pref":"福岡県","city":"みやま市","town":"瀬高町松田"}],"0003":[{"pref":"福岡県","city":"みやま市","town":"瀬高町本吉"}],"0004":[{"pref":"福岡県","city":"みやま市","town":"瀬高町山門"}],"0136":[{"pref":"福岡県","city":"みやま市","town":"高田町海津"}],"0132":[{"pref":"福岡県","city":"みやま市","town":"高田町亀谷"}],"0135":[{"pref":"福岡県","city":"みやま市","town":"高田町竹飯"}],"0133":[{"pref":"福岡県","city":"みやま市","town":"高田町田浦"}],"0134":[{"pref":"福岡県","city":"みやま市","town":"高田町飯江"}],"0131":[{"pref":"福岡県","city":"みやま市","town":"高田町舞鶴"}],"0102":[{"pref":"福岡県","city":"みやま市","town":"山川町尾野"}],"0104":[{"pref":"福岡県","city":"みやま市","town":"山川町河原内"}],"0112":[{"pref":"福岡県","city":"みやま市","town":"山川町北関"}],"0114":[{"pref":"福岡県","city":"みやま市","town":"山川町甲田"}],"0113":[{"pref":"福岡県","city":"みやま市","town":"山川町重冨"}],"0103":[{"pref":"福岡県","city":"みやま市","town":"山川町清水"}],"0101":[{"pref":"福岡県","city":"みやま市","town":"山川町立山"}],"0115":[{"pref":"福岡県","city":"みやま市","town":"山川町原町"}],"0111":[{"pref":"福岡県","city":"みやま市","town":"山川町真弓"}]}