{"0000":[{"pref":"千葉県","city":"柏市","town":"以下に掲載がない場合"}],"0881":[{"pref":"千葉県","city":"柏市","town":"青田新田飛地"}],"0055":[{"pref":"千葉県","city":"柏市","town":"青葉台"}],"0027":[{"pref":"千葉県","city":"柏市","town":"あかね町"}],"0843":[{"pref":"千葉県","city":"柏市","town":"明原"}],"0841":[{"pref":"千葉県","city":"柏市","town":"あけぼの"}],"0852":[{"pref":"千葉県","city":"柏市","town":"旭町"}],"0014":[{"pref":"千葉県","city":"柏市","town":"東"}],"0011":[{"pref":"千葉県","city":"柏市","town":"東上町"}],"0013":[{"pref":"千葉県","city":"柏市","town":"東台本町"}],"0022":[{"pref":"千葉県","city":"柏市","town":"泉町"}],"0883":[{"pref":"千葉県","city":"柏市","town":"伊勢原"}],"0074":[{"pref":"千葉県","city":"柏市","town":"今谷上町"}],"0073":[{"pref":"千葉県","city":"柏市","town":"今谷南町"}],"0086":[{"pref":"千葉県","city":"柏市","town":"永楽台"}],"0805":[{"pref":"千葉県","city":"柏市","town":"大青田"}],"0902":[{"pref":"千葉県","city":"柏市","town":"大井"}],"0901":[{"pref":"千葉県","city":"柏市","town":"大井新田"}],"0922":[{"pref":"千葉県","city":"柏市","town":"大島田"}],"0921":[{"pref":"千葉県","city":"柏市","town":"大津ケ丘"}],"0026":[{"pref":"千葉県","city":"柏市","town":"大塚町"}],"0813":[{"pref":"千葉県","city":"柏市","town":"大室"}],"0837":[{"pref":"千葉県","city":"柏市","town":"大山台"}],"0051":[{"pref":"千葉県","city":"柏市","town":"加賀"}],"0924":[{"pref":"千葉県","city":"柏市","town":"風早"}],"0005":[{"pref":"千葉県","city":"柏市","town":"柏"}],"0806":[{"pref":"千葉県","city":"柏市","town":"柏インター東"}],"0874":[{"pref":"千葉県","city":"柏市","town":"柏インター南"}],"0004":[{"pref":"千葉県","city":"柏市","town":"柏下"}],"0006":[{"pref":"千葉県","city":"柏市","town":"柏中村下"}],"0882":[{"pref":"千葉県","city":"柏市","town":"柏の葉"}],"0003":[{"pref":"千葉県","city":"柏市","town":"柏堀之内新田"}],"0811":[{"pref":"千葉県","city":"柏市","town":"上利根"}],"0846":[{"pref":"千葉県","city":"柏市","town":"かやの町"}],"0832":[{"pref":"千葉県","city":"柏市","town":"北柏"}],"0836":[{"pref":"千葉県","city":"柏市","town":"北柏台"}],"0031":[{"pref":"千葉県","city":"柏市","town":"亀甲台町"}],"0803":[{"pref":"千葉県","city":"柏市","town":"小青田"}],"0942":[{"pref":"千葉県","city":"柏市","town":"高南台"}],"0913":[{"pref":"千葉県","city":"柏市","town":"五條谷"}],"0053":[{"pref":"千葉県","city":"柏市","town":"酒井根"}],"0042":[{"pref":"千葉県","city":"柏市","town":"逆井"}],"0041":[{"pref":"千葉県","city":"柏市","town":"逆井藤ノ台"}],"0012":[{"pref":"千葉県","city":"柏市","town":"桜台"}],"0945":[{"pref":"千葉県","city":"柏市","town":"しいの木台"}],"0862":[{"pref":"千葉県","city":"柏市","town":"篠籠田"}],"0826":[{"pref":"千葉県","city":"柏市","town":"宿連寺"}],"0814":[{"pref":"千葉県","city":"柏市","town":"正連寺"}],"0084":[{"pref":"千葉県","city":"柏市","town":"新柏"}],"0044":[{"pref":"千葉県","city":"柏市","town":"新逆井"}],"0856":[{"pref":"千葉県","city":"柏市","town":"新富町"}],"0804":[{"pref":"千葉県","city":"柏市","town":"新十余二"}],"0842":[{"pref":"千葉県","city":"柏市","town":"末広町"}],"0028":[{"pref":"千葉県","city":"柏市","town":"関場町"}],"0861":[{"pref":"千葉県","city":"柏市","town":"高田"}],"0941":[{"pref":"千葉県","city":"柏市","town":"高柳"}],"0943":[{"pref":"千葉県","city":"柏市","town":"高柳新田"}],"0023":[{"pref":"千葉県","city":"柏市","town":"中央"}],"0021":[{"pref":"千葉県","city":"柏市","town":"中央町"}],"0025":[{"pref":"千葉県","city":"柏市","town":"千代田"}],"0923":[{"pref":"千葉県","city":"柏市","town":"塚崎"}],"0072":[{"pref":"千葉県","city":"柏市","town":"つくしが丘"}],"0087":[{"pref":"千葉県","city":"柏市","town":"常盤台"}],"0008":[{"pref":"千葉県","city":"柏市","town":"戸張"}],"0007":[{"pref":"千葉県","city":"柏市","town":"戸張新田"}],"0081":[{"pref":"千葉県","city":"柏市","town":"富里"}],"0858":[{"pref":"千葉県","city":"柏市","town":"豊上町"}],"0863":[{"pref":"千葉県","city":"柏市","town":"豊四季"}],"0845":[{"pref":"千葉県","city":"柏市","town":"豊四季台"}],"0071":[{"pref":"千葉県","city":"柏市","town":"豊住"}],"0857":[{"pref":"千葉県","city":"柏市","town":"豊平町"}],"0872":[{"pref":"千葉県","city":"柏市","town":"十余二"}],"0066":[{"pref":"千葉県","city":"柏市","town":"中新宿"}],"0873":[{"pref":"千葉県","city":"柏市","town":"中十余二"}],"0085":[{"pref":"千葉県","city":"柏市","town":"中原"}],"0032":[{"pref":"千葉県","city":"柏市","town":"名戸ケ谷"}],"0886":[{"pref":"千葉県","city":"柏市","town":"西柏台"}],"0844":[{"pref":"千葉県","city":"柏市","town":"西町"}],"0885":[{"pref":"千葉県","city":"柏市","town":"西原"}],"0063":[{"pref":"千葉県","city":"柏市","town":"西山"}],"0831":[{"pref":"千葉県","city":"柏市","town":"根戸"}],"0833":[{"pref":"千葉県","city":"柏市","town":"根戸新田"}],"0016":[{"pref":"千葉県","city":"柏市","town":"八幡町"}],"0812":[{"pref":"千葉県","city":"柏市","town":"花野井"}],"0065":[{"pref":"千葉県","city":"柏市","town":"光ケ丘"}],"0062":[{"pref":"千葉県","city":"柏市","town":"光ケ丘団地"}],"0017":[{"pref":"千葉県","city":"柏市","town":"東柏"}],"0045":[{"pref":"千葉県","city":"柏市","town":"東逆井"}],"0061":[{"pref":"千葉県","city":"柏市","town":"東中新宿"}],"0064":[{"pref":"千葉県","city":"柏市","town":"東山"}],"0083":[{"pref":"千葉県","city":"柏市","town":"日立台"}],"0088":[{"pref":"千葉県","city":"柏市","town":"ひばりが丘"}],"0931":[{"pref":"千葉県","city":"柏市","town":"藤ケ谷"}],"0932":[{"pref":"千葉県","city":"柏市","town":"藤ケ谷新田"}],"0034":[{"pref":"千葉県","city":"柏市","town":"藤心"}],"0825":[{"pref":"千葉県","city":"柏市","town":"布施"}],"0822":[{"pref":"千葉県","city":"柏市","town":"布施下"}],"0824":[{"pref":"千葉県","city":"柏市","town":"布施新田"}],"0823":[{"pref":"千葉県","city":"柏市","town":"布施新町"}],"0802":[{"pref":"千葉県","city":"柏市","town":"船戸"}],"0801":[{"pref":"千葉県","city":"柏市","town":"船戸山高野"}],"0821":[{"pref":"千葉県","city":"柏市","town":"弁天下"}],"0033":[{"pref":"千葉県","city":"柏市","town":"増尾"}],"0052":[{"pref":"千葉県","city":"柏市","town":"増尾台"}],"0835":[{"pref":"千葉県","city":"柏市","town":"松ケ崎"}],"0834":[{"pref":"千葉県","city":"柏市","town":"松ケ崎新田"}],"0827":[{"pref":"千葉県","city":"柏市","town":"松葉町"}],"0082":[{"pref":"千葉県","city":"柏市","town":"緑ケ丘"}],"0884":[{"pref":"千葉県","city":"柏市","town":"みどり台"}],"0903":[{"pref":"千葉県","city":"柏市","town":"緑台"}],"0855":[{"pref":"千葉県","city":"柏市","town":"南柏"}],"0075":[{"pref":"千葉県","city":"柏市","town":"南柏中央"}],"0043":[{"pref":"千葉県","city":"柏市","town":"南逆井"}],"0944":[{"pref":"千葉県","city":"柏市","town":"南高柳"}],"0054":[{"pref":"千葉県","city":"柏市","town":"南増尾"}],"0912":[{"pref":"千葉県","city":"柏市","town":"箕輪"}],"0911":[{"pref":"千葉県","city":"柏市","town":"箕輪新田"}],"0851":[{"pref":"千葉県","city":"柏市","town":"向原町"}],"0015":[{"pref":"千葉県","city":"柏市","town":"弥生町"}],"0854":[{"pref":"千葉県","city":"柏市","town":"豊町"}],"0853":[{"pref":"千葉県","city":"柏市","town":"吉野沢"}],"0002":[{"pref":"千葉県","city":"柏市","town":"呼塚"}],"0001":[{"pref":"千葉県","city":"柏市","town":"呼塚新田"}],"0871":[{"pref":"千葉県","city":"柏市","town":"若柴"}],"0024":[{"pref":"千葉県","city":"柏市","town":"若葉町"}]}