{"1101":[{"pref":"静岡県","city":"藤枝市","town":"岡部町玉取"}],"1102":[{"pref":"静岡県","city":"藤枝市","town":"岡部町宮島"}],"1103":[{"pref":"静岡県","city":"藤枝市","town":"岡部町青羽根"}],"1111":[{"pref":"静岡県","city":"藤枝市","town":"岡部町野田沢"}],"1112":[{"pref":"静岡県","city":"藤枝市","town":"岡部町殿"}],"1113":[{"pref":"静岡県","city":"藤枝市","town":"岡部町桂島"}],"1114":[{"pref":"静岡県","city":"藤枝市","town":"岡部町羽佐間"}],"1115":[{"pref":"静岡県","city":"藤枝市","town":"岡部町新舟"}],"1121":[{"pref":"静岡県","city":"藤枝市","town":"岡部町岡部"}],"1122":[{"pref":"静岡県","city":"藤枝市","town":"岡部町子持坂"}],"1123":[{"pref":"静岡県","city":"藤枝市","town":"岡部町入野"}],"1124":[{"pref":"静岡県","city":"藤枝市","town":"岡部町村良"}],"1131":[{"pref":"静岡県","city":"藤枝市","town":"岡部町内谷"}],"1132":[{"pref":"静岡県","city":"藤枝市","town":"岡部町三輪"}],"1201":[{"pref":"静岡県","city":"静岡市葵区","town":"新間"}],"1202":[{"pref":"静岡県","city":"静岡市葵区","town":"谷津"}],"1211":[{"pref":"静岡県","city":"静岡市葵区","town":"慈悲尾"}],"1212":[{"pref":"静岡県","city":"静岡市葵区","town":"千代"}],"1213":[{"pref":"静岡県","city":"静岡市葵区","town":"山崎"}],"1214":[{"pref":"静岡県","city":"静岡市葵区","town":"建穂"}],"1215":[{"pref":"静岡県","city":"静岡市葵区","town":"羽鳥"}],"1216":[{"pref":"静岡県","city":"静岡市葵区","town":"羽鳥大門町"}],"1217":[{"pref":"静岡県","city":"静岡市葵区","town":"羽鳥本町"}],"1221":[{"pref":"静岡県","city":"静岡市葵区","town":"牧ケ谷"}],"1222":[{"pref":"静岡県","city":"静岡市葵区","town":"産女"}],"1223":[{"pref":"静岡県","city":"静岡市葵区","town":"吉津"}],"1224":[{"pref":"静岡県","city":"静岡市葵区","town":"飯間"}],"1225":[{"pref":"静岡県","city":"静岡市葵区","town":"小瀬戸"}],"1226":[{"pref":"静岡県","city":"静岡市葵区","town":"西又"}],"1301":[{"pref":"静岡県","city":"静岡市葵区","town":"小島"}],"1302":[{"pref":"静岡県","city":"静岡市葵区","town":"鍵穴"}],"1303":[{"pref":"静岡県","city":"静岡市葵区","town":"坂本"}],"1304":[{"pref":"静岡県","city":"静岡市葵区","town":"寺島"}],"1305":[{"pref":"静岡県","city":"静岡市葵区","town":"赤沢"}],"1306":[{"pref":"静岡県","city":"静岡市葵区","town":"昼居渡"}],"1307":[{"pref":"静岡県","city":"静岡市葵区","town":"相俣"}],"1308":[{"pref":"静岡県","city":"静岡市葵区","town":"黒俣"}],"1309":[{"pref":"静岡県","city":"静岡市葵区","town":"杉尾"}],"1311":[{"pref":"静岡県","city":"静岡市葵区","town":"富沢"}],"1312":[{"pref":"静岡県","city":"静岡市葵区","town":"奈良間"}],"1313":[{"pref":"静岡県","city":"静岡市葵区","town":"水見色"}],"1314":[{"pref":"静岡県","city":"静岡市葵区","town":"大原"}],"1315":[{"pref":"静岡県","city":"静岡市葵区","town":"富厚里"}],"1316":[{"pref":"静岡県","city":"静岡市葵区","town":"小布杉"}],"1401":[{"pref":"静岡県","city":"静岡市葵区","town":"大間"}],"1402":[{"pref":"静岡県","city":"静岡市葵区","town":"諸子沢"}],"1403":[{"pref":"静岡県","city":"静岡市葵区","town":"日向"}],"1404":[{"pref":"静岡県","city":"静岡市葵区","town":"栃沢"}],"1405":[{"pref":"静岡県","city":"静岡市葵区","town":"坂ノ上"}],"1406":[{"pref":"静岡県","city":"静岡市葵区","town":"湯ノ島"}],"1407":[{"pref":"静岡県","city":"静岡市葵区","town":"楢尾"}],"1408":[{"pref":"静岡県","city":"静岡市葵区","town":"崩野"}],"1409":[{"pref":"静岡県","city":"静岡市葵区","town":"八草"}],"2101":[{"pref":"静岡県","city":"静岡市葵区","town":"俵峰"}],"2102":[{"pref":"静岡県","city":"静岡市葵区","town":"油島"}],"2103":[{"pref":"静岡県","city":"静岡市葵区","town":"俵沢"}],"2104":[{"pref":"静岡県","city":"静岡市葵区","town":"野田平"}],"2105":[{"pref":"静岡県","city":"静岡市葵区","town":"郷島"}],"2106":[{"pref":"静岡県","city":"静岡市葵区","town":"牛妻"}],"2107":[{"pref":"静岡県","city":"静岡市葵区","town":"門屋"}],"2108":[{"pref":"静岡県","city":"静岡市葵区","town":"下"}],"2109":[{"pref":"静岡県","city":"静岡市葵区","town":"福田ケ谷"}],"2111":[{"pref":"静岡県","city":"静岡市葵区","town":"中ノ郷"}],"2112":[{"pref":"静岡県","city":"静岡市葵区","town":"遠藤新田"}],"2113":[{"pref":"静岡県","city":"静岡市葵区","town":"安倍口団地"}],"2114":[{"pref":"静岡県","city":"静岡市葵区","town":"安倍口新田"}],"2115":[{"pref":"静岡県","city":"静岡市葵区","town":"与左衛門新田"}],"2116":[{"pref":"静岡県","city":"静岡市葵区","town":"西ケ谷"}],"2117":[{"pref":"静岡県","city":"静岡市葵区","town":"幸庵新田"}],"2118":[{"pref":"静岡県","city":"静岡市葵区","town":"内牧"}],"2121":[{"pref":"静岡県","city":"静岡市葵区","town":"津渡野"}],"2122":[{"pref":"静岡県","city":"静岡市葵区","town":"松野"}],"2123":[{"pref":"静岡県","city":"静岡市葵区","town":"油山"}],"2124":[{"pref":"静岡県","city":"静岡市葵区","town":"足久保口組"}],"2125":[{"pref":"静岡県","city":"静岡市葵区","town":"足久保奥組"}],"2201":[{"pref":"静岡県","city":"静岡市葵区","town":"奥仙俣"}],"2202":[{"pref":"静岡県","city":"静岡市葵区","town":"口仙俣"}],"2203":[{"pref":"静岡県","city":"静岡市葵区","town":"口坂本"}],"2211":[{"pref":"静岡県","city":"静岡市葵区","town":"上落合"}],"2212":[{"pref":"静岡県","city":"静岡市葵区","town":"油野"}],"2213":[{"pref":"静岡県","city":"静岡市葵区","town":"長妻田"}],"2214":[{"pref":"静岡県","city":"静岡市葵区","town":"柿島"}],"2215":[{"pref":"静岡県","city":"静岡市葵区","town":"奥池ケ谷"}],"2216":[{"pref":"静岡県","city":"静岡市葵区","town":"長熊"}],"2217":[{"pref":"静岡県","city":"静岡市葵区","town":"森腰"}],"2221":[{"pref":"静岡県","city":"静岡市葵区","town":"中沢"}],"2222":[{"pref":"静岡県","city":"静岡市葵区","town":"桂山"}],"2223":[{"pref":"静岡県","city":"静岡市葵区","town":"落合"}],"2224":[{"pref":"静岡県","city":"静岡市葵区","town":"内匠"}],"2225":[{"pref":"静岡県","city":"静岡市葵区","town":"腰越"}],"2226":[{"pref":"静岡県","city":"静岡市葵区","town":"横沢"}],"2227":[{"pref":"静岡県","city":"静岡市葵区","town":"大沢"}],"2301":[{"pref":"静岡県","city":"静岡市葵区","town":"梅ケ島"}],"2302":[{"pref":"静岡県","city":"静岡市葵区","town":"入島"}],"2303":[{"pref":"静岡県","city":"静岡市葵区","town":"有東木"}],"2304":[{"pref":"静岡県","city":"静岡市葵区","town":"渡"}],"2305":[{"pref":"静岡県","city":"静岡市葵区","town":"中平"}],"2306":[{"pref":"静岡県","city":"静岡市葵区","town":"平野"}],"2307":[{"pref":"静岡県","city":"静岡市葵区","town":"横山"}],"2308":[{"pref":"静岡県","city":"静岡市葵区","town":"蕨野"}],"2309":[{"pref":"静岡県","city":"静岡市葵区","town":"相淵"}],"3101":[{"pref":"静岡県","city":"静岡市清水区","town":"由比入山"}],"3102":[{"pref":"静岡県","city":"静岡市清水区","town":"由比東山寺"}],"3103":[{"pref":"静岡県","city":"静岡市清水区","town":"由比"}],"3104":[{"pref":"静岡県","city":"静岡市清水区","town":"由比北田"}],"3105":[{"pref":"静岡県","city":"静岡市清水区","town":"由比町屋原"}],"3106":[{"pref":"静岡県","city":"静岡市清水区","town":"由比西山寺"}],"3107":[{"pref":"静岡県","city":"静岡市清水区","town":"由比阿僧"}],"3111":[{"pref":"静岡県","city":"静岡市清水区","town":"由比今宿"}],"3112":[{"pref":"静岡県","city":"静岡市清水区","town":"由比寺尾"}],"3114":[{"pref":"静岡県","city":"静岡市清水区","town":"由比東倉澤"}],"3115":[{"pref":"静岡県","city":"静岡市清水区","town":"由比西倉澤"}],"3201":[{"pref":"静岡県","city":"静岡市清水区","town":"蒲原東"}],"3202":[{"pref":"静岡県","city":"静岡市清水区","town":"蒲原新栄"}],"3203":[{"pref":"静岡県","city":"静岡市清水区","town":"蒲原"}],"3211":[{"pref":"静岡県","city":"静岡市清水区","town":"蒲原新田"}],"3212":[{"pref":"静岡県","city":"静岡市清水区","town":"蒲原小金"}],"3213":[{"pref":"静岡県","city":"静岡市清水区","town":"蒲原中"}],"3214":[{"pref":"静岡県","city":"静岡市清水区","town":"蒲原堰沢"}],"3215":[{"pref":"静岡県","city":"静岡市清水区","town":"蒲原神沢"}],"3301":[{"pref":"静岡県","city":"富士市","town":"北松野"}],"3302":[{"pref":"静岡県","city":"富士市","town":"中野台"}],"3303":[{"pref":"静岡県","city":"富士市","town":"南松野"}],"3304":[{"pref":"静岡県","city":"富士市","town":"木島"}],"3305":[{"pref":"静岡県","city":"富士市","town":"岩淵"}],"3306":[{"pref":"静岡県","city":"富士市","town":"中之郷"}],"0134":[{"pref":"静岡県","city":"静岡市駿河区","town":"青木"}],"0105":[{"pref":"静岡県","city":"静岡市駿河区","town":"宇津ノ谷"}],"0136":[{"pref":"静岡県","city":"静岡市駿河区","town":"大和田"}],"0135":[{"pref":"静岡県","city":"静岡市駿河区","town":"小坂"}],"0133":[{"pref":"静岡県","city":"静岡市駿河区","town":"鎌田"}],"0132":[{"pref":"静岡県","city":"静岡市駿河区","town":"上川原"}],"0106":[{"pref":"静岡県","city":"静岡市駿河区","town":"北丸子"}],"0116":[{"pref":"静岡県","city":"静岡市駿河区","town":"光陽町"}],"0113":[{"pref":"静岡県","city":"静岡市駿河区","town":"下川原"}],"0117":[{"pref":"静岡県","city":"静岡市駿河区","town":"下川原南"}],"0123":[{"pref":"静岡県","city":"静岡市駿河区","town":"石部"}],"0102":[{"pref":"静岡県","city":"静岡市駿河区","town":"手越"}],"0131":[{"pref":"静岡県","city":"静岡市駿河区","town":"手越原"}],"0137":[{"pref":"静岡県","city":"静岡市駿河区","town":"寺田"}],"0112":[{"pref":"静岡県","city":"静岡市駿河区","town":"東新田"}],"0121":[{"pref":"静岡県","city":"静岡市駿河区","town":"広野"}],"0103":[{"pref":"静岡県","city":"静岡市駿河区","town":"丸子"}],"0111":[{"pref":"静岡県","city":"静岡市駿河区","town":"丸子新田"}],"0104":[{"pref":"静岡県","city":"静岡市駿河区","town":"丸子芹が谷町"}],"0115":[{"pref":"静岡県","city":"静岡市駿河区","town":"みずほ"}],"0101":[{"pref":"静岡県","city":"静岡市駿河区","town":"向敷地"}],"0107":[{"pref":"静岡県","city":"静岡市駿河区","town":"向手越"}],"0122":[{"pref":"静岡県","city":"静岡市駿河区","town":"用宗"}],"0125":[{"pref":"静岡県","city":"静岡市駿河区","town":"用宗小石町"}],"0124":[{"pref":"静岡県","city":"静岡市駿河区","town":"用宗城山町"}],"0126":[{"pref":"静岡県","city":"静岡市駿河区","town":"用宗巴町"}],"0114":[{"pref":"静岡県","city":"静岡市駿河区","town":"桃園町"}],"0216":[{"pref":"静岡県","city":"焼津市","town":"相川"}],"0217":[{"pref":"静岡県","city":"焼津市","town":"上泉"}],"0201":[{"pref":"静岡県","city":"焼津市","town":"上小杉"}],"0206":[{"pref":"静岡県","city":"焼津市","town":"上新田"}],"0218":[{"pref":"静岡県","city":"焼津市","town":"下江留"}],"0202":[{"pref":"静岡県","city":"焼津市","town":"下小杉"}],"0204":[{"pref":"静岡県","city":"焼津市","town":"高新田"}],"0214":[{"pref":"静岡県","city":"焼津市","town":"中島"}],"0215":[{"pref":"静岡県","city":"焼津市","town":"西島"}],"0213":[{"pref":"静岡県","city":"焼津市","town":"飯淵"}],"0203":[{"pref":"静岡県","city":"焼津市","town":"藤守"}],"0205":[{"pref":"静岡県","city":"焼津市","town":"宗高"}],"0211":[{"pref":"静岡県","city":"焼津市","town":"吉永"}],"0212":[{"pref":"静岡県","city":"焼津市","town":"利右衛門"}],"0500":[{"pref":"静岡県","city":"牧之原市","town":"以下に掲載がない場合"}],"0512":[{"pref":"静岡県","city":"牧之原市","town":"大江"}],"0526":[{"pref":"静岡県","city":"牧之原市","town":"大沢"}],"0506":[{"pref":"静岡県","city":"牧之原市","town":"大寄"}],"0517":[{"pref":"静岡県","city":"牧之原市","town":"男神"}],"0531":[{"pref":"静岡県","city":"牧之原市","town":"落居"}],"0535":[{"pref":"静岡県","city":"牧之原市","town":"笠名"}],"0511":[{"pref":"静岡県","city":"牧之原市","town":"片浜"}],"0406":[{"pref":"静岡県","city":"牧之原市","town":"勝田"}],"0402":[{"pref":"静岡県","city":"牧之原市","town":"勝間"}],"0414":[{"pref":"静岡県","city":"牧之原市","town":"勝俣"}],"0525":[{"pref":"静岡県","city":"牧之原市","town":"鬼女新田"}],"0401":[{"pref":"静岡県","city":"牧之原市","town":"切山"}],"0504":[{"pref":"静岡県","city":"牧之原市","town":"黒子"}],"0515":[{"pref":"静岡県","city":"牧之原市","town":"西山寺"}],"0411":[{"pref":"静岡県","city":"牧之原市","town":"坂口"}],"0412":[{"pref":"静岡県","city":"牧之原市","town":"坂部"}],"0522":[{"pref":"静岡県","city":"牧之原市","town":"相良"}],"0527":[{"pref":"静岡県","city":"牧之原市","town":"汐見台"}],"0404":[{"pref":"静岡県","city":"牧之原市","town":"静谷"}],"0422":[{"pref":"静岡県","city":"牧之原市","town":"静波"}],"0532":[{"pref":"静岡県","city":"牧之原市","town":"地頭方"}],"0408":[{"pref":"静岡県","city":"牧之原市","town":"嶋"}],"0405":[{"pref":"静岡県","city":"牧之原市","town":"白井（１２９１～１６８２、１８３９～１８４０番地）"}],"0502":[{"pref":"静岡県","city":"牧之原市","town":"白井（その他）"}],"0533":[{"pref":"静岡県","city":"牧之原市","town":"新庄"}],"0514":[{"pref":"静岡県","city":"牧之原市","town":"菅ケ谷"}],"0524":[{"pref":"静岡県","city":"牧之原市","town":"須々木"}],"0415":[{"pref":"静岡県","city":"牧之原市","town":"道場"}],"0403":[{"pref":"静岡県","city":"牧之原市","town":"中"}],"0505":[{"pref":"静岡県","city":"牧之原市","town":"中西"}],"0508":[{"pref":"静岡県","city":"牧之原市","town":"西萩間"}],"0413":[{"pref":"静岡県","city":"牧之原市","town":"仁田"}],"0407":[{"pref":"静岡県","city":"牧之原市","town":"布引原"}],"0523":[{"pref":"静岡県","city":"牧之原市","town":"波津"}],"0501":[{"pref":"静岡県","city":"牧之原市","town":"東萩間"}],"0503":[{"pref":"静岡県","city":"牧之原市","town":"蛭ケ谷"}],"0521":[{"pref":"静岡県","city":"牧之原市","town":"福岡"}],"0421":[{"pref":"静岡県","city":"牧之原市","town":"細江"}],"0534":[{"pref":"静岡県","city":"牧之原市","town":"堀野新田"}],"0509":[{"pref":"静岡県","city":"牧之原市","town":"牧之原（１３６～１４４番地）"}],"0409":[{"pref":"静岡県","city":"牧之原市","town":"牧之原（その他）"}],"0513":[{"pref":"静岡県","city":"牧之原市","town":"松本"}],"0516":[{"pref":"静岡県","city":"牧之原市","town":"女神"}],"0507":[{"pref":"静岡県","city":"牧之原市","town":"和田"}],"0300":[{"pref":"静岡県","city":"榛原郡吉田町","town":"以下に掲載がない場合"}],"0305":[{"pref":"静岡県","city":"榛原郡吉田町","town":"大幡"}],"0303":[{"pref":"静岡県","city":"榛原郡吉田町","town":"片岡"}],"0302":[{"pref":"静岡県","city":"榛原郡吉田町","town":"川尻"}],"0304":[{"pref":"静岡県","city":"榛原郡吉田町","town":"神戸"}],"0301":[{"pref":"静岡県","city":"榛原郡吉田町","town":"住吉"}]}