{"0000":[{"pref":"岩手県","city":"大船渡市","town":"以下に掲載がない場合"}],"0007":[{"pref":"岩手県","city":"大船渡市","town":"赤崎町"}],"0004":[{"pref":"岩手県","city":"大船渡市","town":"猪川町"}],"0002":[{"pref":"岩手県","city":"大船渡市","town":"大船渡町"}],"0003":[{"pref":"岩手県","city":"大船渡市","town":"盛町"}],"0101":[{"pref":"岩手県","city":"大船渡市","town":"三陸町越喜来"}],"0102":[{"pref":"岩手県","city":"大船渡市","town":"三陸町吉浜"}],"0211":[{"pref":"岩手県","city":"大船渡市","town":"三陸町綾里"}],"0006":[{"pref":"岩手県","city":"大船渡市","town":"立根町"}],"0005":[{"pref":"岩手県","city":"大船渡市","town":"日頃市町"}],"0001":[{"pref":"岩手県","city":"大船渡市","town":"末崎町"}]}