{"0000":[{"pref":"兵庫県","city":"高砂市","town":"以下に掲載がない場合"}],"0815":[{"pref":"兵庫県","city":"高砂市","town":"阿弥陀（丁目）"}],"0827":[{"pref":"兵庫県","city":"高砂市","town":"阿弥陀町阿弥陀（番地）"}],"0822":[{"pref":"兵庫県","city":"高砂市","town":"阿弥陀町魚橋"}],"0823":[{"pref":"兵庫県","city":"高砂市","town":"阿弥陀町生石"}],"0825":[{"pref":"兵庫県","city":"高砂市","town":"阿弥陀町北池"}],"0826":[{"pref":"兵庫県","city":"高砂市","town":"阿弥陀町北山"}],"0828":[{"pref":"兵庫県","city":"高砂市","town":"阿弥陀町地徳"}],"0821":[{"pref":"兵庫県","city":"高砂市","town":"阿弥陀町長尾"}],"0824":[{"pref":"兵庫県","city":"高砂市","town":"阿弥陀町南池"}],"0016":[{"pref":"兵庫県","city":"高砂市","town":"荒井町扇町"}],"0005":[{"pref":"兵庫県","city":"高砂市","town":"荒井町御旅"}],"0015":[{"pref":"兵庫県","city":"高砂市","town":"荒井町紙町"}],"0011":[{"pref":"兵庫県","city":"高砂市","town":"荒井町小松原"}],"0008":[{"pref":"兵庫県","city":"高砂市","town":"荒井町新浜"}],"0004":[{"pref":"兵庫県","city":"高砂市","town":"荒井町千鳥"}],"0012":[{"pref":"兵庫県","city":"高砂市","town":"荒井町中新町"}],"0007":[{"pref":"兵庫県","city":"高砂市","town":"荒井町中町"}],"0013":[{"pref":"兵庫県","city":"高砂市","town":"荒井町蓮池"}],"0017":[{"pref":"兵庫県","city":"高砂市","town":"荒井町東本町"}],"0014":[{"pref":"兵庫県","city":"高砂市","town":"荒井町日之出町"}],"0006":[{"pref":"兵庫県","city":"高砂市","town":"荒井町南栄町"}],"0018":[{"pref":"兵庫県","city":"高砂市","town":"荒井町若宮町"}],"0078":[{"pref":"兵庫県","city":"高砂市","town":"伊保"}],"0072":[{"pref":"兵庫県","city":"高砂市","town":"伊保港町"}],"0071":[{"pref":"兵庫県","city":"高砂市","town":"伊保東"}],"0076":[{"pref":"兵庫県","city":"高砂市","town":"伊保崎"}],"0075":[{"pref":"兵庫県","city":"高砂市","town":"伊保崎南"}],"0081":[{"pref":"兵庫県","city":"高砂市","town":"伊保町中筋"}],"0003":[{"pref":"兵庫県","city":"高砂市","town":"今市"}],"0074":[{"pref":"兵庫県","city":"高砂市","town":"梅井"}],"0814":[{"pref":"兵庫県","city":"高砂市","town":"春日野町"}],"0808":[{"pref":"兵庫県","city":"高砂市","town":"神爪"}],"0816":[{"pref":"兵庫県","city":"高砂市","town":"金ケ田町"}],"0813":[{"pref":"兵庫県","city":"高砂市","town":"時光寺町"}],"0077":[{"pref":"兵庫県","city":"高砂市","town":"松陽"}],"0002":[{"pref":"兵庫県","city":"高砂市","town":"末広町"}],"0082":[{"pref":"兵庫県","city":"高砂市","town":"曽根町"}],"0028":[{"pref":"兵庫県","city":"高砂市","town":"高砂町相生町"}],"0037":[{"pref":"兵庫県","city":"高砂市","town":"高砂町藍屋町"}],"0021":[{"pref":"兵庫県","city":"高砂市","town":"高砂町朝日町"}],"0041":[{"pref":"兵庫県","city":"高砂市","town":"高砂町今津町"}],"0053":[{"pref":"兵庫県","city":"高砂市","town":"高砂町魚町"}],"0045":[{"pref":"兵庫県","city":"高砂市","town":"高砂町戎町"}],"0026":[{"pref":"兵庫県","city":"高砂市","town":"高砂町沖浜町"}],"0066":[{"pref":"兵庫県","city":"高砂市","town":"高砂町鍵町"}],"0068":[{"pref":"兵庫県","city":"高砂市","town":"高砂町鍛冶屋町"}],"0054":[{"pref":"兵庫県","city":"高砂市","town":"高砂町狩網町"}],"0024":[{"pref":"兵庫県","city":"高砂市","town":"高砂町木曽町"}],"0062":[{"pref":"兵庫県","city":"高砂市","town":"高砂町北渡海町"}],"0064":[{"pref":"兵庫県","city":"高砂市","town":"高砂町北本町"}],"0065":[{"pref":"兵庫県","city":"高砂市","town":"高砂町細工町"}],"0038":[{"pref":"兵庫県","city":"高砂市","town":"高砂町栄町"}],"0033":[{"pref":"兵庫県","city":"高砂市","town":"高砂町材木町"}],"0035":[{"pref":"兵庫県","city":"高砂市","town":"高砂町清水町"}],"0063":[{"pref":"兵庫県","city":"高砂市","town":"高砂町次郎助町"}],"0034":[{"pref":"兵庫県","city":"高砂市","town":"高砂町船頭町"}],"0036":[{"pref":"兵庫県","city":"高砂市","town":"高砂町高瀬町"}],"0049":[{"pref":"兵庫県","city":"高砂市","town":"高砂町田町"}],"0056":[{"pref":"兵庫県","city":"高砂市","town":"高砂町大工町"}],"0055":[{"pref":"兵庫県","city":"高砂市","town":"高砂町釣船町"}],"0046":[{"pref":"兵庫県","city":"高砂市","town":"高砂町西宮町"}],"0061":[{"pref":"兵庫県","city":"高砂市","town":"高砂町農人町"}],"0022":[{"pref":"兵庫県","city":"高砂市","town":"高砂町浜田町"}],"0067":[{"pref":"兵庫県","city":"高砂市","town":"高砂町東農人町"}],"0032":[{"pref":"兵庫県","city":"高砂市","town":"高砂町東浜町"}],"0043":[{"pref":"兵庫県","city":"高砂市","town":"高砂町東宮町"}],"0023":[{"pref":"兵庫県","city":"高砂市","town":"高砂町松波町"}],"0044":[{"pref":"兵庫県","city":"高砂市","town":"高砂町南材木町"}],"0052":[{"pref":"兵庫県","city":"高砂市","town":"高砂町南渡海町"}],"0042":[{"pref":"兵庫県","city":"高砂市","town":"高砂町南浜町"}],"0047":[{"pref":"兵庫県","city":"高砂市","town":"高砂町南本町"}],"0027":[{"pref":"兵庫県","city":"高砂市","town":"高砂町宮前町"}],"0031":[{"pref":"兵庫県","city":"高砂市","town":"高砂町向島町"}],"0051":[{"pref":"兵庫県","city":"高砂市","town":"高砂町横町"}],"0048":[{"pref":"兵庫県","city":"高砂市","town":"高砂町猟師町"}],"0073":[{"pref":"兵庫県","city":"高砂市","town":"高須"}],"0811":[{"pref":"兵庫県","city":"高砂市","town":"竜山"}],"0001":[{"pref":"兵庫県","city":"高砂市","town":"中島"}],"0812":[{"pref":"兵庫県","city":"高砂市","town":"中筋"}],"0025":[{"pref":"兵庫県","city":"高砂市","town":"西畑"}],"0019":[{"pref":"兵庫県","city":"高砂市","town":"緑丘"}],"0804":[{"pref":"兵庫県","city":"高砂市","town":"美保里"}],"0803":[{"pref":"兵庫県","city":"高砂市","town":"百合丘"}],"0809":[{"pref":"兵庫県","city":"高砂市","town":"米田団地"}],"0802":[{"pref":"兵庫県","city":"高砂市","town":"米田町古新"}],"0806":[{"pref":"兵庫県","city":"高砂市","town":"米田町塩市"}],"0807":[{"pref":"兵庫県","city":"高砂市","town":"米田町島"}],"0805":[{"pref":"兵庫県","city":"高砂市","town":"米田町米田"}],"0801":[{"pref":"兵庫県","city":"高砂市","town":"米田町米田新"}]}