{"1101":[{"pref":"奈良県","city":"奈良市","town":"広岡町"}],"1102":[{"pref":"奈良県","city":"奈良市","town":"下狭川町"}],"1103":[{"pref":"奈良県","city":"奈良市","town":"狭川東町"}],"1104":[{"pref":"奈良県","city":"奈良市","town":"狭川両町"}],"1105":[{"pref":"奈良県","city":"奈良市","town":"西狭川町"}],"1111":[{"pref":"奈良県","city":"奈良市","town":"須川町"}],"1112":[{"pref":"奈良県","city":"奈良市","town":"南庄町"}],"1113":[{"pref":"奈良県","city":"奈良市","town":"北村町"}],"1121":[{"pref":"奈良県","city":"奈良市","town":"園田町"}],"1122":[{"pref":"奈良県","city":"奈良市","town":"平清水町"}],"1123":[{"pref":"奈良県","city":"奈良市","town":"生琉里町"}],"1124":[{"pref":"奈良県","city":"奈良市","town":"中ノ川町（１０６～３０５、４０５－３、６３８）"}],"1125":[{"pref":"奈良県","city":"奈良市","town":"東鳴川町"}],"1126":[{"pref":"奈良県","city":"奈良市","town":"法用町"}],"1231":[{"pref":"奈良県","city":"奈良市","town":"柳生下町"}],"1232":[{"pref":"奈良県","city":"奈良市","town":"興ケ原町"}],"1233":[{"pref":"奈良県","city":"奈良市","town":"邑地町"}],"1234":[{"pref":"奈良県","city":"奈良市","town":"北野山町"}],"1235":[{"pref":"奈良県","city":"奈良市","town":"丹生町"}],"1236":[{"pref":"奈良県","city":"奈良市","town":"大保町"}],"1237":[{"pref":"奈良県","city":"奈良市","town":"柳生町"}],"1241":[{"pref":"奈良県","city":"奈良市","town":"阪原町"}],"1242":[{"pref":"奈良県","city":"奈良市","town":"大柳生町"}],"1243":[{"pref":"奈良県","city":"奈良市","town":"大平尾町"}],"1244":[{"pref":"奈良県","city":"奈良市","town":"忍辱山町"}],"1245":[{"pref":"奈良県","city":"奈良市","town":"大慈仙町"}],"2151":[{"pref":"奈良県","city":"奈良市","town":"水間町"}],"2152":[{"pref":"奈良県","city":"奈良市","town":"杣ノ川町"}],"2153":[{"pref":"奈良県","city":"奈良市","town":"別所町"}],"2161":[{"pref":"奈良県","city":"奈良市","town":"大野町"}],"2162":[{"pref":"奈良県","city":"奈良市","town":"中貫町"}],"2163":[{"pref":"奈良県","city":"奈良市","town":"中之庄町"}],"2164":[{"pref":"奈良県","city":"奈良市","town":"南田原町"}],"2165":[{"pref":"奈良県","city":"奈良市","town":"長谷町"}],"2166":[{"pref":"奈良県","city":"奈良市","town":"矢田原町"}],"2167":[{"pref":"奈良県","city":"奈良市","town":"田原春日野町"}],"2168":[{"pref":"奈良県","city":"奈良市","town":"菩提山町（１７３～２５７番地「鉢伏峠」）"}],"2171":[{"pref":"奈良県","city":"奈良市","town":"誓多林町"}],"2172":[{"pref":"奈良県","city":"奈良市","town":"沓掛町"}],"2173":[{"pref":"奈良県","city":"奈良市","town":"日笠町"}],"2174":[{"pref":"奈良県","city":"奈良市","town":"横田町"}],"2175":[{"pref":"奈良県","city":"奈良市","town":"茗荷町"}],"2176":[{"pref":"奈良県","city":"奈良市","town":"和田町"}],"2177":[{"pref":"奈良県","city":"奈良市","town":"此瀬町"}],"2178":[{"pref":"奈良県","city":"奈良市","town":"須山町"}],"2201":[{"pref":"奈良県","city":"山辺郡山添村","town":"峰寺"}],"2202":[{"pref":"奈良県","city":"山辺郡山添村","town":"的野"}],"2203":[{"pref":"奈良県","city":"山辺郡山添村","town":"松尾"}],"2204":[{"pref":"奈良県","city":"山辺郡山添村","town":"室津"}],"2205":[{"pref":"奈良県","city":"山辺郡山添村","town":"桐山"}],"2211":[{"pref":"奈良県","city":"山辺郡山添村","town":"北野"}],"2212":[{"pref":"奈良県","city":"山辺郡山添村","town":"大塩"}],"2221":[{"pref":"奈良県","city":"山辺郡山添村","town":"箕輪"}],"2222":[{"pref":"奈良県","city":"山辺郡山添村","town":"堂前"}],"2223":[{"pref":"奈良県","city":"山辺郡山添村","town":"三ケ谷"}],"2224":[{"pref":"奈良県","city":"山辺郡山添村","town":"助命"}],"2225":[{"pref":"奈良県","city":"山辺郡山添村","town":"伏拝"}],"2231":[{"pref":"奈良県","city":"山辺郡山添村","town":"勝原"}],"2232":[{"pref":"奈良県","city":"山辺郡山添村","town":"岩屋"}],"2233":[{"pref":"奈良県","city":"山辺郡山添村","town":"毛原"}],"2234":[{"pref":"奈良県","city":"山辺郡山添村","town":"切幡"}],"2301":[{"pref":"奈良県","city":"奈良市","town":"月ヶ瀬石打"}],"2302":[{"pref":"奈良県","city":"奈良市","town":"月ヶ瀬尾山"}],"2303":[{"pref":"奈良県","city":"奈良市","town":"月ヶ瀬長引"}],"2304":[{"pref":"奈良県","city":"奈良市","town":"月ヶ瀬嵩"}],"2305":[{"pref":"奈良県","city":"奈良市","town":"月ヶ瀬月瀬"}],"2306":[{"pref":"奈良県","city":"奈良市","town":"月ヶ瀬桃香野"}],"2341":[{"pref":"奈良県","city":"山辺郡山添村","town":"遅瀬"}],"2342":[{"pref":"奈良県","city":"山辺郡山添村","town":"広代"}],"2343":[{"pref":"奈良県","city":"山辺郡山添村","town":"春日"}],"2344":[{"pref":"奈良県","city":"山辺郡山添村","town":"大西"}],"2345":[{"pref":"奈良県","city":"山辺郡山添村","town":"菅生"}],"2346":[{"pref":"奈良県","city":"山辺郡山添村","town":"西波多"}],"2351":[{"pref":"奈良県","city":"山辺郡山添村","town":"中峰山"}],"2352":[{"pref":"奈良県","city":"山辺郡山添村","town":"中之庄"}],"2353":[{"pref":"奈良県","city":"山辺郡山添村","town":"吉田"}],"2354":[{"pref":"奈良県","city":"山辺郡山添村","town":"広瀬"}],"2355":[{"pref":"奈良県","city":"山辺郡山添村","town":"鵜山"}],"2356":[{"pref":"奈良県","city":"山辺郡山添村","town":"片平"}],"2357":[{"pref":"奈良県","city":"山辺郡山添村","town":"葛尾"}],"8001":[{"pref":"奈良県","city":"奈良市","town":"法華寺町"}],"8002":[{"pref":"奈良県","city":"奈良市","town":"二条町"}],"8003":[{"pref":"奈良県","city":"奈良市","town":"佐紀町"}],"8011":[{"pref":"奈良県","city":"奈良市","town":"北新町"}],"8012":[{"pref":"奈良県","city":"奈良市","town":"二条大路南"}],"8013":[{"pref":"奈良県","city":"奈良市","town":"三条大路"}],"8014":[{"pref":"奈良県","city":"奈良市","town":"四条大路"}],"8015":[{"pref":"奈良県","city":"奈良市","town":"四条大路南町"}],"8016":[{"pref":"奈良県","city":"奈良市","town":"南新町（５２～２１２番地）"}],"8021":[{"pref":"奈良県","city":"奈良市","town":"尼辻町"}],"8022":[{"pref":"奈良県","city":"奈良市","town":"尼辻南町"}],"8023":[{"pref":"奈良県","city":"奈良市","town":"尼辻西町"}],"8024":[{"pref":"奈良県","city":"奈良市","town":"尼辻中町"}],"8025":[{"pref":"奈良県","city":"奈良市","town":"尼辻北町"}],"8031":[{"pref":"奈良県","city":"奈良市","town":"柏木町"}],"8032":[{"pref":"奈良県","city":"奈良市","town":"五条町"}],"8033":[{"pref":"奈良県","city":"奈良市","town":"五条"}],"8034":[{"pref":"奈良県","city":"奈良市","town":"五条西"}],"8035":[{"pref":"奈良県","city":"奈良市","town":"赤膚町"}],"8036":[{"pref":"奈良県","city":"奈良市","town":"五条畑"}],"8037":[{"pref":"奈良県","city":"奈良市","town":"中町（５１１５～５１４９、５１７１、５１８３、５１８６、"},{"pref":"奈良県","city":"奈良市","town":"５１９２～５１９６、５１９８～５２１２、５２２７～５２２９、"},{"pref":"奈良県","city":"奈良市","town":"５２３９～５２５７、５２６３、５２６９～５２７１、５２７５、"},{"pref":"奈良県","city":"奈良市","town":"５２７６－４、５２７６－５、５２７７～５２８０、５２８４～"},{"pref":"奈良県","city":"奈良市","town":"５３１２、５３１４、５３１６～５３２７、５３４６、５３４９、"},{"pref":"奈良県","city":"奈良市","town":"５３５１～５３５２、５３５５～５３６２、５３６４～５４２４、"},{"pref":"奈良県","city":"奈良市","town":"５４２６、５４２９～５４３０、５４４５、５４５５、５４６１、"},{"pref":"奈良県","city":"奈良市","town":"５４６３、５４７０、５４７２、５４７５、５４８２～５５２９）"}],"8041":[{"pref":"奈良県","city":"奈良市","town":"六条町"}],"8042":[{"pref":"奈良県","city":"奈良市","town":"西ノ京町"}],"8043":[{"pref":"奈良県","city":"奈良市","town":"六条"}],"8044":[{"pref":"奈良県","city":"奈良市","town":"六条西"}],"8045":[{"pref":"奈良県","city":"奈良市","town":"六条緑町"}],"8051":[{"pref":"奈良県","city":"奈良市","town":"七条町"}],"8052":[{"pref":"奈良県","city":"奈良市","town":"七条東町"}],"8053":[{"pref":"奈良県","city":"奈良市","town":"七条"}],"8054":[{"pref":"奈良県","city":"奈良市","town":"七条西町"}],"8101":[{"pref":"奈良県","city":"奈良市","town":"青山"}],"8102":[{"pref":"奈良県","city":"奈良市","town":"般若寺町"}],"8103":[{"pref":"奈良県","city":"奈良市","town":"興善院町"}],"8104":[{"pref":"奈良県","city":"奈良市","town":"奈良阪町"}],"8105":[{"pref":"奈良県","city":"奈良市","town":"佐保台"}],"8106":[{"pref":"奈良県","city":"奈良市","town":"佐保台西町"}],"8107":[{"pref":"奈良県","city":"奈良市","town":"奈保町"}],"8108":[{"pref":"奈良県","city":"奈良市","town":"法蓮佐保山"}],"8111":[{"pref":"奈良県","city":"奈良市","town":"半田開町"}],"8112":[{"pref":"奈良県","city":"奈良市","town":"多門町"}],"8113":[{"pref":"奈良県","city":"奈良市","town":"法蓮町"}],"8114":[{"pref":"奈良県","city":"奈良市","town":"芝辻町"}],"8115":[{"pref":"奈良県","city":"奈良市","town":"大宮町"}],"8121":[{"pref":"奈良県","city":"奈良市","town":"三条宮前町"}],"8122":[{"pref":"奈良県","city":"奈良市","town":"三条本町"}],"8123":[{"pref":"奈良県","city":"奈良市","town":"三条大宮町"}],"8124":[{"pref":"奈良県","city":"奈良市","town":"三条桧町"}],"8125":[{"pref":"奈良県","city":"奈良市","town":"三条川西町"}],"8126":[{"pref":"奈良県","city":"奈良市","town":"三条栄町"}],"8127":[{"pref":"奈良県","city":"奈良市","town":"三条添川町"}],"8131":[{"pref":"奈良県","city":"奈良市","town":"大森町"}],"8132":[{"pref":"奈良県","city":"奈良市","town":"大森西町"}],"8133":[{"pref":"奈良県","city":"奈良市","town":"大安寺"}],"8134":[{"pref":"奈良県","city":"奈良市","town":"大安寺町"}],"8135":[{"pref":"奈良県","city":"奈良市","town":"大安寺西"}],"8136":[{"pref":"奈良県","city":"奈良市","town":"恋の窪"}],"8137":[{"pref":"奈良県","city":"奈良市","town":"恋の窪東町"}],"8141":[{"pref":"奈良県","city":"奈良市","town":"南京終町"}],"8142":[{"pref":"奈良県","city":"奈良市","town":"肘塚町"}],"8143":[{"pref":"奈良県","city":"奈良市","town":"桂木町"}],"8144":[{"pref":"奈良県","city":"奈良市","town":"東九条町"}],"8145":[{"pref":"奈良県","city":"奈良市","town":"八条"}],"8146":[{"pref":"奈良県","city":"奈良市","town":"八条町"}],"8201":[{"pref":"奈良県","city":"奈良市","town":"中ノ川町（その他）"}],"8202":[{"pref":"奈良県","city":"奈良市","town":"川上町"}],"8203":[{"pref":"奈良県","city":"奈良市","town":"東之阪町"}],"8204":[{"pref":"奈良県","city":"奈良市","town":"北御門町"}],"8205":[{"pref":"奈良県","city":"奈良市","town":"今在家町"}],"8206":[{"pref":"奈良県","city":"奈良市","town":"手貝町"}],"8207":[{"pref":"奈良県","city":"奈良市","town":"今小路町"}],"8208":[{"pref":"奈良県","city":"奈良市","town":"水門町"}],"8211":[{"pref":"奈良県","city":"奈良市","town":"雑司町"}],"8212":[{"pref":"奈良県","city":"奈良市","town":"春日野町"}],"8213":[{"pref":"奈良県","city":"奈良市","town":"登大路町"}],"8214":[{"pref":"奈良県","city":"奈良市","town":"東向北町"}],"8215":[{"pref":"奈良県","city":"奈良市","town":"東向中町"}],"8216":[{"pref":"奈良県","city":"奈良市","town":"東向南町"}],"8217":[{"pref":"奈良県","city":"奈良市","town":"橋本町"}],"8218":[{"pref":"奈良県","city":"奈良市","town":"樽井町"}],"8221":[{"pref":"奈良県","city":"奈良市","town":"元林院町"}],"8222":[{"pref":"奈良県","city":"奈良市","town":"餅飯殿町"}],"8223":[{"pref":"奈良県","city":"奈良市","town":"角振新屋町"}],"8224":[{"pref":"奈良県","city":"奈良市","town":"角振町"}],"8225":[{"pref":"奈良県","city":"奈良市","town":"西御門町"}],"8226":[{"pref":"奈良県","city":"奈良市","town":"小西町"}],"8227":[{"pref":"奈良県","city":"奈良市","town":"林小路町"}],"8228":[{"pref":"奈良県","city":"奈良市","town":"上三条町"}],"8231":[{"pref":"奈良県","city":"奈良市","town":"本子守町"}],"8232":[{"pref":"奈良県","city":"奈良市","town":"北向町"}],"8233":[{"pref":"奈良県","city":"奈良市","town":"小川町"}],"8234":[{"pref":"奈良県","city":"奈良市","town":"寺町"}],"8235":[{"pref":"奈良県","city":"奈良市","town":"奥子守町"}],"8236":[{"pref":"奈良県","city":"奈良市","town":"下三条町"}],"8237":[{"pref":"奈良県","city":"奈良市","town":"中筋町"}],"8238":[{"pref":"奈良県","city":"奈良市","town":"高天市町"}],"8241":[{"pref":"奈良県","city":"奈良市","town":"高天町"}],"8242":[{"pref":"奈良県","city":"奈良市","town":"漢国町"}],"8243":[{"pref":"奈良県","city":"奈良市","town":"今辻子町"}],"8244":[{"pref":"奈良県","city":"奈良市","town":"三条町"}],"8245":[{"pref":"奈良県","city":"奈良市","town":"西之阪町"}],"8246":[{"pref":"奈良県","city":"奈良市","town":"油阪地方町"}],"8247":[{"pref":"奈良県","city":"奈良市","town":"油阪町"}],"8248":[{"pref":"奈良県","city":"奈良市","town":"西新在家町"}],"8251":[{"pref":"奈良県","city":"奈良市","town":"西新在家号所町"}],"8252":[{"pref":"奈良県","city":"奈良市","town":"北小路町"}],"8253":[{"pref":"奈良県","city":"奈良市","town":"内侍原町"}],"8254":[{"pref":"奈良県","city":"奈良市","town":"菖蒲池町"}],"8255":[{"pref":"奈良県","city":"奈良市","town":"阪新屋町"}],"8256":[{"pref":"奈良県","city":"奈良市","town":"奥芝町"}],"8257":[{"pref":"奈良県","city":"奈良市","town":"畑中町"}],"8258":[{"pref":"奈良県","city":"奈良市","town":"船橋町"}],"8261":[{"pref":"奈良県","city":"奈良市","town":"北市町"}],"8262":[{"pref":"奈良県","city":"奈良市","town":"北袋町"}],"8263":[{"pref":"奈良県","city":"奈良市","town":"北魚屋西町"}],"8264":[{"pref":"奈良県","city":"奈良市","town":"鍋屋町"}],"8265":[{"pref":"奈良県","city":"奈良市","town":"宿院町"}],"8266":[{"pref":"奈良県","city":"奈良市","town":"花芝町"}],"8267":[{"pref":"奈良県","city":"奈良市","town":"大豆山突抜町"}],"8268":[{"pref":"奈良県","city":"奈良市","town":"大豆山町"}],"8271":[{"pref":"奈良県","city":"奈良市","town":"坊屋敷町"}],"8272":[{"pref":"奈良県","city":"奈良市","town":"東新在家町"}],"8273":[{"pref":"奈良県","city":"奈良市","town":"押上町"}],"8274":[{"pref":"奈良県","city":"奈良市","town":"北半田東町"}],"8275":[{"pref":"奈良県","city":"奈良市","town":"北半田中町"}],"8276":[{"pref":"奈良県","city":"奈良市","town":"北半田西町"}],"8277":[{"pref":"奈良県","city":"奈良市","town":"南半田東町"}],"8281":[{"pref":"奈良県","city":"奈良市","town":"南半田中町"}],"8282":[{"pref":"奈良県","city":"奈良市","town":"南半田西町"}],"8283":[{"pref":"奈良県","city":"奈良市","town":"油留木町"}],"8284":[{"pref":"奈良県","city":"奈良市","town":"半田横町"}],"8285":[{"pref":"奈良県","city":"奈良市","town":"北魚屋東町"}],"8286":[{"pref":"奈良県","city":"奈良市","town":"東包永町"}],"8287":[{"pref":"奈良県","city":"奈良市","town":"西包永町"}],"8288":[{"pref":"奈良県","city":"奈良市","town":"東笹鉾町"}],"8291":[{"pref":"奈良県","city":"奈良市","town":"西笹鉾町"}],"8292":[{"pref":"奈良県","city":"奈良市","town":"中御門町"}],"8293":[{"pref":"奈良県","city":"奈良市","town":"川久保町"}],"8294":[{"pref":"奈良県","city":"奈良市","town":"押小路町"}],"8295":[{"pref":"奈良県","city":"奈良市","town":"半田突抜町"}],"8296":[{"pref":"奈良県","city":"奈良市","town":"後藤町"}],"8297":[{"pref":"奈良県","city":"奈良市","town":"北川端町"}],"8301":[{"pref":"奈良県","city":"奈良市","town":"高畑町"}],"8302":[{"pref":"奈良県","city":"奈良市","town":"白毫寺町"}],"8303":[{"pref":"奈良県","city":"奈良市","town":"南紀寺町"}],"8304":[{"pref":"奈良県","city":"奈良市","town":"南肘塚町"}],"8305":[{"pref":"奈良県","city":"奈良市","town":"東紀寺町"}],"8306":[{"pref":"奈良県","city":"奈良市","town":"紀寺町"}],"8307":[{"pref":"奈良県","city":"奈良市","town":"西紀寺町"}],"8311":[{"pref":"奈良県","city":"奈良市","town":"十輪院畑町"}],"8312":[{"pref":"奈良県","city":"奈良市","town":"十輪院町"}],"8313":[{"pref":"奈良県","city":"奈良市","town":"川之上町"}],"8314":[{"pref":"奈良県","city":"奈良市","town":"川之上突抜町"}],"8315":[{"pref":"奈良県","city":"奈良市","town":"中辻町"}],"8316":[{"pref":"奈良県","city":"奈良市","town":"築地之内町"}],"8317":[{"pref":"奈良県","city":"奈良市","town":"井上町"}],"8318":[{"pref":"奈良県","city":"奈良市","town":"納院町"}],"8321":[{"pref":"奈良県","city":"奈良市","town":"薬師堂町"}],"8322":[{"pref":"奈良県","city":"奈良市","town":"北京終町"}],"8323":[{"pref":"奈良県","city":"奈良市","town":"京終地方東側町"}],"8324":[{"pref":"奈良県","city":"奈良市","town":"京終地方西側町"}],"8325":[{"pref":"奈良県","city":"奈良市","town":"西木辻町"}],"8326":[{"pref":"奈良県","city":"奈良市","town":"瓦堂町"}],"8327":[{"pref":"奈良県","city":"奈良市","town":"東木辻町"}],"8328":[{"pref":"奈良県","city":"奈良市","town":"花園町"}],"8331":[{"pref":"奈良県","city":"奈良市","town":"三棟町"}],"8332":[{"pref":"奈良県","city":"奈良市","town":"元興寺町"}],"8333":[{"pref":"奈良県","city":"奈良市","town":"中新屋町"}],"8334":[{"pref":"奈良県","city":"奈良市","town":"西新屋町"}],"8335":[{"pref":"奈良県","city":"奈良市","town":"鳴川町"}],"8336":[{"pref":"奈良県","city":"奈良市","town":"高御門町"}],"8337":[{"pref":"奈良県","city":"奈良市","town":"脇戸町"}],"8338":[{"pref":"奈良県","city":"奈良市","town":"陰陽町"}],"8341":[{"pref":"奈良県","city":"奈良市","town":"南城戸町"}],"8342":[{"pref":"奈良県","city":"奈良市","town":"南袋町"}],"8343":[{"pref":"奈良県","city":"奈良市","town":"椿井町"}],"8344":[{"pref":"奈良県","city":"奈良市","town":"東城戸町"}],"8345":[{"pref":"奈良県","city":"奈良市","town":"西城戸町"}],"8346":[{"pref":"奈良県","city":"奈良市","town":"阿字万字町"}],"8347":[{"pref":"奈良県","city":"奈良市","town":"南中町"}],"8348":[{"pref":"奈良県","city":"奈良市","town":"小太郎町"}],"8351":[{"pref":"奈良県","city":"奈良市","town":"南風呂町"}],"8352":[{"pref":"奈良県","city":"奈良市","town":"北風呂町"}],"8353":[{"pref":"奈良県","city":"奈良市","town":"柳町"}],"8354":[{"pref":"奈良県","city":"奈良市","town":"馬場町"}],"8355":[{"pref":"奈良県","city":"奈良市","town":"南魚屋町"}],"8356":[{"pref":"奈良県","city":"奈良市","town":"南新町（１～３２番地）"}],"8357":[{"pref":"奈良県","city":"奈良市","town":"杉ケ町"}],"8361":[{"pref":"奈良県","city":"奈良市","town":"池之町"}],"8362":[{"pref":"奈良県","city":"奈良市","town":"東寺林町"}],"8363":[{"pref":"奈良県","city":"奈良市","town":"勝南院町"}],"8364":[{"pref":"奈良県","city":"奈良市","town":"北室町"}],"8365":[{"pref":"奈良県","city":"奈良市","town":"下御門町"}],"8371":[{"pref":"奈良県","city":"奈良市","town":"光明院町"}],"8372":[{"pref":"奈良県","city":"奈良市","town":"西寺林町"}],"8373":[{"pref":"奈良県","city":"奈良市","town":"南市町"}],"8374":[{"pref":"奈良県","city":"奈良市","town":"今御門町"}],"8381":[{"pref":"奈良県","city":"奈良市","town":"福智院町"}],"8382":[{"pref":"奈良県","city":"奈良市","town":"公納堂町"}],"8383":[{"pref":"奈良県","city":"奈良市","town":"毘沙門町"}],"8384":[{"pref":"奈良県","city":"奈良市","town":"芝新屋町"}],"8385":[{"pref":"奈良県","city":"奈良市","town":"芝突抜町"}],"8391":[{"pref":"奈良県","city":"奈良市","town":"鵲町"}],"8392":[{"pref":"奈良県","city":"奈良市","town":"中院町"}],"8393":[{"pref":"奈良県","city":"奈良市","town":"鶴福院町"}],"8394":[{"pref":"奈良県","city":"奈良市","town":"不審ヶ辻子町"}],"8401":[{"pref":"奈良県","city":"奈良市","town":"中畑町"}],"8402":[{"pref":"奈良県","city":"奈良市","town":"米谷町"}],"8403":[{"pref":"奈良県","city":"奈良市","town":"興隆寺町"}],"8404":[{"pref":"奈良県","city":"奈良市","town":"南椿尾町"}],"8405":[{"pref":"奈良県","city":"奈良市","town":"北椿尾町"}],"8411":[{"pref":"奈良県","city":"奈良市","town":"高樋町"}],"8412":[{"pref":"奈良県","city":"奈良市","town":"虚空蔵町"}],"8413":[{"pref":"奈良県","city":"奈良市","town":"菩提山町（その他）"}],"8414":[{"pref":"奈良県","city":"奈良市","town":"鉢伏町"}],"8421":[{"pref":"奈良県","city":"奈良市","town":"藤原町"}],"8422":[{"pref":"奈良県","city":"奈良市","town":"横井"},{"pref":"奈良県","city":"奈良市","town":"横井町"}],"8423":[{"pref":"奈良県","city":"奈良市","town":"出屋敷町"}],"8424":[{"pref":"奈良県","city":"奈良市","town":"古市町"}],"8425":[{"pref":"奈良県","city":"奈良市","town":"鹿野園町"}],"8431":[{"pref":"奈良県","city":"奈良市","town":"窪之庄町"}],"8432":[{"pref":"奈良県","city":"奈良市","town":"田中町"}],"8433":[{"pref":"奈良県","city":"奈良市","town":"柴屋町"}],"8434":[{"pref":"奈良県","city":"奈良市","town":"山町"}],"8435":[{"pref":"奈良県","city":"奈良市","town":"八島町"}],"8441":[{"pref":"奈良県","city":"奈良市","town":"神殿町"}],"8442":[{"pref":"奈良県","city":"奈良市","town":"北永井町"}],"8443":[{"pref":"奈良県","city":"奈良市","town":"南永井町"}],"8444":[{"pref":"奈良県","city":"奈良市","town":"今市町"}],"8445":[{"pref":"奈良県","city":"奈良市","town":"池田町"}],"8451":[{"pref":"奈良県","city":"奈良市","town":"北之庄町"}],"8452":[{"pref":"奈良県","city":"奈良市","town":"北之庄西町"}],"8453":[{"pref":"奈良県","city":"奈良市","town":"西九条町"}],"8454":[{"pref":"奈良県","city":"奈良市","town":"杏町"}],"0271":[{"pref":"大阪府","city":"東大阪市","town":"上石切町（２丁目８６３、１４５１番地）"}],"0272":[{"pref":"大阪府","city":"東大阪市","town":"山手町（２０１７、２０１８、２０２７、２０２８番地）"}],"0000":[{"pref":"奈良県","city":"奈良市","town":"以下に掲載がない場合"},{"pref":"奈良県","city":"山辺郡山添村","town":"以下に掲載がない場合"}],"0200":[{"pref":"奈良県","city":"生駒市","town":"以下に掲載がない場合"}],"0239":[{"pref":"奈良県","city":"生駒市","town":"青山台"}],"0132":[{"pref":"奈良県","city":"生駒市","town":"あすか台"}],"0133":[{"pref":"奈良県","city":"生駒市","town":"あすか野南"}],"0134":[{"pref":"奈良県","city":"生駒市","town":"あすか野北"}],"0233":[{"pref":"奈良県","city":"生駒市","town":"有里町"}],"0202":[{"pref":"奈良県","city":"生駒市","town":"生駒台南"}],"0203":[{"pref":"奈良県","city":"生駒市","town":"生駒台北"}],"0222":[{"pref":"奈良県","city":"生駒市","town":"壱分町"}],"0232":[{"pref":"奈良県","city":"生駒市","town":"小倉寺町"}],"0223":[{"pref":"奈良県","city":"生駒市","town":"小瀬町"}],"0227":[{"pref":"奈良県","city":"生駒市","town":"乙田町"}],"0237":[{"pref":"奈良県","city":"生駒市","town":"鬼取町"}],"0131":[{"pref":"奈良県","city":"生駒市","town":"上町"}],"0138":[{"pref":"奈良県","city":"生駒市","town":"上町台"}],"0265":[{"pref":"奈良県","city":"生駒市","town":"軽井沢町"}],"0245":[{"pref":"奈良県","city":"生駒市","town":"北新町"}],"0142":[{"pref":"奈良県","city":"生駒市","town":"北田原町"}],"0121":[{"pref":"奈良県","city":"生駒市","town":"北大和"}],"0248":[{"pref":"奈良県","city":"生駒市","town":"喜里が丘"}],"0201":[{"pref":"奈良県","city":"生駒市","town":"小明町"}],"0247":[{"pref":"奈良県","city":"生駒市","town":"光陽台"}],"0226":[{"pref":"奈良県","city":"生駒市","town":"小平尾町"}],"0211":[{"pref":"奈良県","city":"生駒市","town":"桜ケ丘"}],"0221":[{"pref":"奈良県","city":"生駒市","town":"さつき台"}],"0112":[{"pref":"奈良県","city":"生駒市","town":"鹿ノ台東"}],"0114":[{"pref":"奈良県","city":"生駒市","town":"鹿ノ台西"}],"0113":[{"pref":"奈良県","city":"生駒市","town":"鹿ノ台南"}],"0111":[{"pref":"奈良県","city":"生駒市","town":"鹿ノ台北"}],"0115":[{"pref":"奈良県","city":"生駒市","town":"鹿畑町"}],"0136":[{"pref":"奈良県","city":"生駒市","town":"白庭台"}],"0253":[{"pref":"奈良県","city":"生駒市","town":"新旭ケ丘"}],"0242":[{"pref":"奈良県","city":"生駒市","town":"新生駒台"}],"0229":[{"pref":"奈良県","city":"生駒市","town":"翠光台"}],"0238":[{"pref":"奈良県","city":"生駒市","town":"大門町"}],"0101":[{"pref":"奈良県","city":"生駒市","town":"高山町"}],"0251":[{"pref":"奈良県","city":"生駒市","town":"谷田町"}],"0243":[{"pref":"奈良県","city":"生駒市","town":"俵口町"}],"0212":[{"pref":"奈良県","city":"生駒市","town":"辻町"}],"0263":[{"pref":"奈良県","city":"生駒市","town":"中菜畑"}],"0267":[{"pref":"奈良県","city":"生駒市","town":"仲之町"}],"0231":[{"pref":"奈良県","city":"生駒市","town":"菜畑町"}],"0261":[{"pref":"奈良県","city":"生駒市","town":"西旭ケ丘"}],"0137":[{"pref":"奈良県","city":"生駒市","town":"西白庭台"}],"0264":[{"pref":"奈良県","city":"生駒市","town":"西菜畑町"}],"0236":[{"pref":"奈良県","city":"生駒市","town":"西畑町"}],"0246":[{"pref":"奈良県","city":"生駒市","town":"西松ケ丘"}],"0224":[{"pref":"奈良県","city":"生駒市","town":"萩の台"}],"0234":[{"pref":"奈良県","city":"生駒市","town":"萩原町"}],"0141":[{"pref":"奈良県","city":"生駒市","town":"ひかりが丘"}],"0254":[{"pref":"奈良県","city":"生駒市","town":"東旭ケ丘"}],"0213":[{"pref":"奈良県","city":"生駒市","town":"東生駒"}],"0214":[{"pref":"奈良県","city":"生駒市","town":"東生駒月見町"}],"0258":[{"pref":"奈良県","city":"生駒市","town":"東新町"}],"0215":[{"pref":"奈良県","city":"生駒市","town":"東菜畑"}],"0244":[{"pref":"奈良県","city":"生駒市","town":"東松ケ丘"}],"0225":[{"pref":"奈良県","city":"生駒市","town":"東山町"}],"0235":[{"pref":"奈良県","city":"生駒市","town":"藤尾町"}],"0256":[{"pref":"奈良県","city":"生駒市","town":"本町"}],"0241":[{"pref":"奈良県","city":"生駒市","town":"松美台"}],"0122":[{"pref":"奈良県","city":"生駒市","town":"真弓"}],"0123":[{"pref":"奈良県","city":"生駒市","town":"真弓南"}],"0116":[{"pref":"奈良県","city":"生駒市","town":"美鹿の台"}],"0262":[{"pref":"奈良県","city":"生駒市","town":"緑ケ丘"}],"0135":[{"pref":"奈良県","city":"生駒市","town":"南田原町"}],"0228":[{"pref":"奈良県","city":"生駒市","town":"南山手台"}],"0257":[{"pref":"奈良県","city":"生駒市","town":"元町"}],"0266":[{"pref":"奈良県","city":"生駒市","town":"門前町"}],"0255":[{"pref":"奈良県","city":"生駒市","town":"山崎新町"}],"0252":[{"pref":"奈良県","city":"生駒市","town":"山崎町"}]}