{"1101":[{"pref":"埼玉県","city":"所沢市","town":"北中"}],"1102":[{"pref":"埼玉県","city":"所沢市","town":"岩岡町"}],"1103":[{"pref":"埼玉県","city":"所沢市","town":"向陽町"}],"1104":[{"pref":"埼玉県","city":"所沢市","town":"榎町"}],"1105":[{"pref":"埼玉県","city":"所沢市","town":"青葉台"}],"1106":[{"pref":"埼玉県","city":"所沢市","town":"東狭山ケ丘"}],"1111":[{"pref":"埼玉県","city":"所沢市","town":"緑町"}],"1112":[{"pref":"埼玉県","city":"所沢市","town":"泉町"}],"1113":[{"pref":"埼玉県","city":"所沢市","town":"喜多町"}],"1114":[{"pref":"埼玉県","city":"所沢市","town":"北有楽町"}],"1115":[{"pref":"埼玉県","city":"所沢市","town":"御幸町"}],"1116":[{"pref":"埼玉県","city":"所沢市","town":"東町"}],"1117":[{"pref":"埼玉県","city":"所沢市","town":"有楽町"}],"1118":[{"pref":"埼玉県","city":"所沢市","town":"けやき台"}],"1121":[{"pref":"埼玉県","city":"所沢市","town":"元町"}],"1122":[{"pref":"埼玉県","city":"所沢市","town":"寿町"}],"1123":[{"pref":"埼玉県","city":"所沢市","town":"日吉町"}],"1124":[{"pref":"埼玉県","city":"所沢市","town":"東住吉"}],"1125":[{"pref":"埼玉県","city":"所沢市","town":"南住吉"}],"1126":[{"pref":"埼玉県","city":"所沢市","town":"西住吉"}],"1127":[{"pref":"埼玉県","city":"所沢市","town":"星の宮"}],"1128":[{"pref":"埼玉県","city":"所沢市","town":"金山町"}],"1131":[{"pref":"埼玉県","city":"所沢市","town":"久米"}],"1132":[{"pref":"埼玉県","city":"所沢市","town":"松が丘"}],"1133":[{"pref":"埼玉県","city":"所沢市","town":"荒幡"}],"1141":[{"pref":"埼玉県","city":"所沢市","town":"小手指町"}],"1142":[{"pref":"埼玉県","city":"所沢市","town":"上新井"}],"1143":[{"pref":"埼玉県","city":"所沢市","town":"宮本町"}],"1144":[{"pref":"埼玉県","city":"所沢市","town":"西所沢"}],"1145":[{"pref":"埼玉県","city":"所沢市","town":"山口"}],"1146":[{"pref":"埼玉県","city":"所沢市","town":"小手指南"}],"1147":[{"pref":"埼玉県","city":"所沢市","town":"小手指元町"}],"1148":[{"pref":"埼玉県","city":"所沢市","town":"小手指台"}],"1151":[{"pref":"埼玉県","city":"所沢市","town":"若狭"}],"1152":[{"pref":"埼玉県","city":"所沢市","town":"北野"}],"1153":[{"pref":"埼玉県","city":"所沢市","town":"上山口"}],"1154":[{"pref":"埼玉県","city":"所沢市","town":"勝楽寺"}],"1155":[{"pref":"埼玉県","city":"所沢市","town":"北野新町"}],"1156":[{"pref":"埼玉県","city":"所沢市","town":"北野南"}],"1161":[{"pref":"埼玉県","city":"所沢市","town":"狭山ケ丘"}],"1162":[{"pref":"埼玉県","city":"所沢市","town":"和ケ原"}],"1163":[{"pref":"埼玉県","city":"所沢市","town":"西狭山ケ丘"}],"1164":[{"pref":"埼玉県","city":"所沢市","town":"三ケ島"}],"1165":[{"pref":"埼玉県","city":"所沢市","town":"堀之内"}],"1166":[{"pref":"埼玉県","city":"所沢市","town":"糀谷"}],"1167":[{"pref":"埼玉県","city":"所沢市","town":"林"}],"0000":[{"pref":"埼玉県","city":"所沢市","town":"以下に掲載がない場合"}],"0036":[{"pref":"埼玉県","city":"所沢市","town":"旭町"}],"0026":[{"pref":"埼玉県","city":"所沢市","town":"牛沼"}],"0025":[{"pref":"埼玉県","city":"所沢市","town":"上安松"}],"0005":[{"pref":"埼玉県","city":"所沢市","town":"神米金"}],"0014":[{"pref":"埼玉県","city":"所沢市","town":"亀ケ谷"}],"0038":[{"pref":"埼玉県","city":"所沢市","town":"北秋津"}],"0007":[{"pref":"埼玉県","city":"所沢市","town":"北岩岡"}],"0046":[{"pref":"埼玉県","city":"所沢市","town":"北所沢町"}],"0004":[{"pref":"埼玉県","city":"所沢市","town":"北原町"}],"0037":[{"pref":"埼玉県","city":"所沢市","town":"くすのき台"}],"0033":[{"pref":"埼玉県","city":"所沢市","town":"こぶし町"}],"0012":[{"pref":"埼玉県","city":"所沢市","town":"坂之下"}],"0031":[{"pref":"埼玉県","city":"所沢市","town":"下新井"}],"0001":[{"pref":"埼玉県","city":"所沢市","town":"下富"}],"0024":[{"pref":"埼玉県","city":"所沢市","town":"下安松"}],"0013":[{"pref":"埼玉県","city":"所沢市","town":"城"}],"0016":[{"pref":"埼玉県","city":"所沢市","town":"新郷"}],"0006":[{"pref":"埼玉県","city":"所沢市","town":"所沢新町"}],"0041":[{"pref":"埼玉県","city":"所沢市","town":"中新井"}],"0002":[{"pref":"埼玉県","city":"所沢市","town":"中富"}],"0003":[{"pref":"埼玉県","city":"所沢市","town":"中富南"}],"0042":[{"pref":"埼玉県","city":"所沢市","town":"並木"}],"0035":[{"pref":"埼玉県","city":"所沢市","town":"西新井町"}],"0047":[{"pref":"埼玉県","city":"所沢市","town":"花園"}],"0034":[{"pref":"埼玉県","city":"所沢市","town":"東新井町"}],"0021":[{"pref":"埼玉県","city":"所沢市","town":"東所沢"}],"0023":[{"pref":"埼玉県","city":"所沢市","town":"東所沢和田"}],"0015":[{"pref":"埼玉県","city":"所沢市","town":"日比田"}],"0022":[{"pref":"埼玉県","city":"所沢市","town":"本郷"}],"0027":[{"pref":"埼玉県","city":"所沢市","town":"松郷"}],"0044":[{"pref":"埼玉県","city":"所沢市","town":"松葉町"}],"0011":[{"pref":"埼玉県","city":"所沢市","town":"南永井"}],"0045":[{"pref":"埼玉県","city":"所沢市","town":"美原町"}],"0043":[{"pref":"埼玉県","city":"所沢市","town":"弥生町"}],"0032":[{"pref":"埼玉県","city":"所沢市","town":"若松町"}]}