{"0000":[{"pref":"大阪府","city":"貝塚市","town":"以下に掲載がない場合"}],"0081":[{"pref":"大阪府","city":"貝塚市","town":"麻生中"}],"0082":[{"pref":"大阪府","city":"貝塚市","town":"石才"}],"0083":[{"pref":"大阪府","city":"貝塚市","town":"海塚"}],"0061":[{"pref":"大阪府","city":"貝塚市","town":"浦田"}],"0051":[{"pref":"大阪府","city":"貝塚市","town":"王子"}],"0112":[{"pref":"大阪府","city":"貝塚市","town":"大川"}],"0074":[{"pref":"大阪府","city":"貝塚市","town":"加治"}],"0071":[{"pref":"大阪府","city":"貝塚市","town":"加神"}],"0011":[{"pref":"大阪府","city":"貝塚市","town":"北町"}],"0113":[{"pref":"大阪府","city":"貝塚市","town":"秬谷"}],"0031":[{"pref":"大阪府","city":"貝塚市","town":"久保"}],"0052":[{"pref":"大阪府","city":"貝塚市","town":"窪田"}],"0075":[{"pref":"大阪府","city":"貝塚市","town":"神前"}],"0001":[{"pref":"大阪府","city":"貝塚市","town":"近木町"}],"0021":[{"pref":"大阪府","city":"貝塚市","town":"小瀬"}],"0102":[{"pref":"大阪府","city":"貝塚市","town":"木積"}],"0062":[{"pref":"大阪府","city":"貝塚市","town":"澤"}],"0107":[{"pref":"大阪府","city":"貝塚市","town":"地蔵堂（６１１、６９５、７３２、６７５）"}],"0053":[{"pref":"大阪府","city":"貝塚市","town":"地蔵堂（その他）"}],"0002":[{"pref":"大阪府","city":"貝塚市","town":"新町"}],"0041":[{"pref":"大阪府","city":"貝塚市","town":"清児"}],"0111":[{"pref":"大阪府","city":"貝塚市","town":"蕎原"}],"0012":[{"pref":"大阪府","city":"貝塚市","town":"津田"}],"0014":[{"pref":"大阪府","city":"貝塚市","town":"津田南町"}],"0013":[{"pref":"大阪府","city":"貝塚市","town":"津田北町"}],"0054":[{"pref":"大阪府","city":"貝塚市","town":"堤"}],"0084":[{"pref":"大阪府","city":"貝塚市","town":"鳥羽"}],"0003":[{"pref":"大阪府","city":"貝塚市","town":"中町"}],"0032":[{"pref":"大阪府","city":"貝塚市","town":"永吉"}],"0042":[{"pref":"大阪府","city":"貝塚市","town":"名越"}],"0022":[{"pref":"大阪府","city":"貝塚市","town":"新井"}],"0091":[{"pref":"大阪府","city":"貝塚市","town":"二色"}],"0093":[{"pref":"大阪府","city":"貝塚市","town":"二色中町"}],"0063":[{"pref":"大阪府","city":"貝塚市","town":"二色港町"}],"0094":[{"pref":"大阪府","city":"貝塚市","town":"二色南町"}],"0092":[{"pref":"大阪府","city":"貝塚市","town":"二色北町"}],"0004":[{"pref":"大阪府","city":"貝塚市","town":"西町"}],"0043":[{"pref":"大阪府","city":"貝塚市","town":"橋本"}],"0106":[{"pref":"大阪府","city":"貝塚市","town":"畠中（６３２－１、６３３、６４２－３）"}],"0072":[{"pref":"大阪府","city":"貝塚市","town":"畠中（その他）"}],"0103":[{"pref":"大阪府","city":"貝塚市","town":"馬場"}],"0033":[{"pref":"大阪府","city":"貝塚市","town":"半田"}],"0085":[{"pref":"大阪府","city":"貝塚市","town":"東"}],"0046":[{"pref":"大阪府","city":"貝塚市","town":"東山"}],"0023":[{"pref":"大阪府","city":"貝塚市","town":"福田"}],"0015":[{"pref":"大阪府","city":"貝塚市","town":"堀"}],"0101":[{"pref":"大阪府","city":"貝塚市","town":"三ケ山"}],"0104":[{"pref":"大阪府","city":"貝塚市","town":"水間"}],"0045":[{"pref":"大阪府","city":"貝塚市","town":"三ツ松（５９６、８９４－１、９１５－４、９２５、９２７－２、９３２"},{"pref":"大阪府","city":"貝塚市","town":"－４、９３４～９６８、１０１３－１、１４６４番地）"}],"0105":[{"pref":"大阪府","city":"貝塚市","town":"三ツ松（その他）"}],"0095":[{"pref":"大阪府","city":"貝塚市","town":"港"}],"0005":[{"pref":"大阪府","city":"貝塚市","town":"南町"}],"0044":[{"pref":"大阪府","city":"貝塚市","town":"森"}],"0073":[{"pref":"大阪府","city":"貝塚市","town":"脇浜"}]}