{"0803":[{"pref":"東京都","city":"新宿区","town":"赤城下町"}],"0817":[{"pref":"東京都","city":"新宿区","town":"赤城元町"}],"0824":[{"pref":"東京都","city":"新宿区","town":"揚場町"}],"0062":[{"pref":"東京都","city":"新宿区","town":"市谷加賀町"}],"0856":[{"pref":"東京都","city":"新宿区","town":"市谷甲良町"}],"0842":[{"pref":"東京都","city":"新宿区","town":"市谷砂土原町"}],"0846":[{"pref":"東京都","city":"新宿区","town":"市谷左内町"}],"0848":[{"pref":"東京都","city":"新宿区","town":"市谷鷹匠町"}],"0843":[{"pref":"東京都","city":"新宿区","town":"市谷田町"}],"0066":[{"pref":"東京都","city":"新宿区","town":"市谷台町"}],"0847":[{"pref":"東京都","city":"新宿区","town":"市谷長延寺町"}],"0064":[{"pref":"東京都","city":"新宿区","town":"市谷仲之町"}],"0844":[{"pref":"東京都","city":"新宿区","town":"市谷八幡町"}],"0826":[{"pref":"東京都","city":"新宿区","town":"市谷船河原町"}],"0845":[{"pref":"東京都","city":"新宿区","town":"市谷本村町"}],"0063":[{"pref":"東京都","city":"新宿区","town":"市谷薬王寺町"}],"0061":[{"pref":"東京都","city":"新宿区","town":"市谷柳町"}],"0857":[{"pref":"東京都","city":"新宿区","town":"市谷山伏町"}],"0832":[{"pref":"東京都","city":"新宿区","town":"岩戸町"}],"0806":[{"pref":"東京都","city":"新宿区","town":"榎町"}],"0802":[{"pref":"東京都","city":"新宿区","town":"改代町"}],"0823":[{"pref":"東京都","city":"新宿区","town":"神楽河岸"}],"0825":[{"pref":"東京都","city":"新宿区","town":"神楽坂"}],"0054":[{"pref":"東京都","city":"新宿区","town":"河田町"}],"0044":[{"pref":"東京都","city":"新宿区","town":"喜久井町"}],"0834":[{"pref":"東京都","city":"新宿区","town":"北町"}],"0853":[{"pref":"東京都","city":"新宿区","town":"北山伏町"}],"0838":[{"pref":"東京都","city":"新宿区","town":"細工町"}],"0822":[{"pref":"東京都","city":"新宿区","town":"下宮比町"}],"0816":[{"pref":"東京都","city":"新宿区","town":"白銀町"}],"0814":[{"pref":"東京都","city":"新宿区","town":"新小川町"}],"0811":[{"pref":"東京都","city":"新宿区","town":"水道町"}],"0065":[{"pref":"東京都","city":"新宿区","town":"住吉町"}],"0833":[{"pref":"東京都","city":"新宿区","town":"箪笥町"}],"0818":[{"pref":"東京都","city":"新宿区","town":"築地町"}],"0821":[{"pref":"東京都","city":"新宿区","town":"津久戸町"}],"0815":[{"pref":"東京都","city":"新宿区","town":"筑土八幡町"}],"0808":[{"pref":"東京都","city":"新宿区","town":"天神町"}],"0067":[{"pref":"東京都","city":"新宿区","town":"富久町"}],"0052":[{"pref":"東京都","city":"新宿区","town":"戸山（その他）"}],"0804":[{"pref":"東京都","city":"新宿区","town":"中里町"}],"0835":[{"pref":"東京都","city":"新宿区","town":"中町"}],"0837":[{"pref":"東京都","city":"新宿区","town":"納戸町"}],"0812":[{"pref":"東京都","city":"新宿区","town":"西五軒町"}],"0855":[{"pref":"東京都","city":"新宿区","town":"二十騎町"}],"0051":[{"pref":"東京都","city":"新宿区","town":"西早稲田（２丁目１番１～２３号、２番）"}],"0045":[{"pref":"東京都","city":"新宿区","town":"馬場下町"}],"0841":[{"pref":"東京都","city":"新宿区","town":"払方町"}],"0053":[{"pref":"東京都","city":"新宿区","town":"原町"}],"0807":[{"pref":"東京都","city":"新宿区","town":"東榎町"}],"0813":[{"pref":"東京都","city":"新宿区","town":"東五軒町"}],"0828":[{"pref":"東京都","city":"新宿区","town":"袋町"}],"0851":[{"pref":"東京都","city":"新宿区","town":"弁天町"}],"0852":[{"pref":"東京都","city":"新宿区","town":"南榎町"}],"0836":[{"pref":"東京都","city":"新宿区","town":"南町"}],"0854":[{"pref":"東京都","city":"新宿区","town":"南山伏町"}],"0801":[{"pref":"東京都","city":"新宿区","town":"山吹町"}],"0805":[{"pref":"東京都","city":"新宿区","town":"矢来町"}],"0831":[{"pref":"東京都","city":"新宿区","town":"横寺町"}],"0055":[{"pref":"東京都","city":"新宿区","town":"余丁町"}],"0056":[{"pref":"東京都","city":"新宿区","town":"若松町"}],"0827":[{"pref":"東京都","city":"新宿区","town":"若宮町"}],"0041":[{"pref":"東京都","city":"新宿区","town":"早稲田鶴巻町"}],"0043":[{"pref":"東京都","city":"新宿区","town":"早稲田南町"}],"0042":[{"pref":"東京都","city":"新宿区","town":"早稲田町"}]}