{"1141":[{"pref":"三重県","city":"伊賀市","town":"菖蒲池"}],"1142":[{"pref":"三重県","city":"伊賀市","town":"古山界外"}],"1143":[{"pref":"三重県","city":"伊賀市","town":"鍛冶屋"}],"1144":[{"pref":"三重県","city":"伊賀市","town":"東谷"}],"1145":[{"pref":"三重県","city":"伊賀市","town":"安場"}],"1146":[{"pref":"三重県","city":"伊賀市","town":"湯屋谷"}],"1147":[{"pref":"三重県","city":"伊賀市","town":"蔵縄手"}],"1151":[{"pref":"三重県","city":"伊賀市","town":"白樫"}],"1152":[{"pref":"三重県","city":"伊賀市","town":"予野"}],"1153":[{"pref":"三重県","city":"伊賀市","town":"桂"}],"1154":[{"pref":"三重県","city":"伊賀市","town":"大滝"}],"1155":[{"pref":"三重県","city":"伊賀市","town":"治田"}],"1301":[{"pref":"三重県","city":"伊賀市","town":"西湯舟"}],"1302":[{"pref":"三重県","city":"伊賀市","town":"東湯舟"}],"1303":[{"pref":"三重県","city":"伊賀市","town":"上友田"}],"1304":[{"pref":"三重県","city":"伊賀市","town":"中友田"}],"1305":[{"pref":"三重県","city":"伊賀市","town":"下友田"}],"1306":[{"pref":"三重県","city":"伊賀市","town":"湯舟"}],"1307":[{"pref":"三重県","city":"伊賀市","town":"川合（東山タウン）"}],"1311":[{"pref":"三重県","city":"伊賀市","town":"馬田"}],"1312":[{"pref":"三重県","city":"伊賀市","town":"田中"}],"1313":[{"pref":"三重県","city":"伊賀市","town":"馬場"}],"1314":[{"pref":"三重県","city":"伊賀市","town":"円徳院"}],"1315":[{"pref":"三重県","city":"伊賀市","town":"川合"}],"1316":[{"pref":"三重県","city":"伊賀市","town":"阿山ハイツ"}],"1317":[{"pref":"三重県","city":"伊賀市","town":"大江"}],"1318":[{"pref":"三重県","city":"伊賀市","town":"波敷野"}],"1319":[{"pref":"三重県","city":"伊賀市","town":"千貝"}],"1321":[{"pref":"三重県","city":"伊賀市","town":"内保"}],"1322":[{"pref":"三重県","city":"伊賀市","town":"玉滝"}],"1323":[{"pref":"三重県","city":"伊賀市","town":"石川"}],"1324":[{"pref":"三重県","city":"伊賀市","town":"音羽"}],"1325":[{"pref":"三重県","city":"伊賀市","town":"丸柱"}],"1326":[{"pref":"三重県","city":"伊賀市","town":"槙山"}],"1401":[{"pref":"三重県","city":"伊賀市","town":"千戸"}],"1403":[{"pref":"三重県","city":"伊賀市","town":"炊村"}],"1404":[{"pref":"三重県","city":"伊賀市","town":"甲野"}],"1405":[{"pref":"三重県","city":"伊賀市","town":"鳳凰寺"}],"1406":[{"pref":"三重県","city":"伊賀市","town":"中村"}],"1407":[{"pref":"三重県","city":"伊賀市","town":"出後"}],"1408":[{"pref":"三重県","city":"伊賀市","town":"畑村"}],"1412":[{"pref":"三重県","city":"伊賀市","town":"上阿波"}],"1414":[{"pref":"三重県","city":"伊賀市","town":"猿野"}],"1416":[{"pref":"三重県","city":"伊賀市","town":"下阿波"}],"1417":[{"pref":"三重県","city":"伊賀市","town":"富永"}],"1421":[{"pref":"三重県","city":"伊賀市","town":"真泥"}],"1422":[{"pref":"三重県","city":"伊賀市","town":"平田"}],"1424":[{"pref":"三重県","city":"伊賀市","town":"富岡"}],"1425":[{"pref":"三重県","city":"伊賀市","town":"川北"}],"1426":[{"pref":"三重県","city":"伊賀市","town":"広瀬"}],"1427":[{"pref":"三重県","city":"伊賀市","town":"奥馬野"}],"1428":[{"pref":"三重県","city":"伊賀市","town":"中馬野"}],"1429":[{"pref":"三重県","city":"伊賀市","town":"坂下"}],"0400":[{"pref":"三重県","city":"名張市","town":"以下に掲載がない場合"}],"0468":[{"pref":"三重県","city":"名張市","town":"赤目町一ノ井"}],"0464":[{"pref":"三重県","city":"名張市","town":"赤目町柏原"}],"0467":[{"pref":"三重県","city":"名張市","town":"赤目町相楽"}],"0466":[{"pref":"三重県","city":"名張市","town":"赤目町新川"}],"0465":[{"pref":"三重県","city":"名張市","town":"赤目町丈六"}],"0461":[{"pref":"三重県","city":"名張市","town":"赤目町すみれが丘"}],"0463":[{"pref":"三重県","city":"名張市","town":"赤目町檀"}],"0469":[{"pref":"三重県","city":"名張市","town":"赤目町長坂"}],"0462":[{"pref":"三重県","city":"名張市","town":"赤目町星川"}],"0721":[{"pref":"三重県","city":"名張市","town":"朝日町"}],"0737":[{"pref":"三重県","city":"名張市","town":"安部田"}],"0607":[{"pref":"三重県","city":"名張市","town":"家野"},{"pref":"三重県","city":"名張市","town":"葛尾"}],"0736":[{"pref":"三重県","city":"名張市","town":"井手"}],"0716":[{"pref":"三重県","city":"名張市","town":"上本町"}],"0746":[{"pref":"三重県","city":"名張市","town":"梅が丘北１番町"}],"0747":[{"pref":"三重県","city":"名張市","town":"梅が丘北２番町"}],"0748":[{"pref":"三重県","city":"名張市","town":"梅が丘北３番町"}],"0749":[{"pref":"三重県","city":"名張市","town":"梅が丘北４番町"}],"0740":[{"pref":"三重県","city":"名張市","town":"梅が丘北５番町"}],"0741":[{"pref":"三重県","city":"名張市","town":"梅が丘南１番町"}],"0742":[{"pref":"三重県","city":"名張市","town":"梅が丘南２番町"}],"0743":[{"pref":"三重県","city":"名張市","town":"梅が丘南３番町"}],"0744":[{"pref":"三重県","city":"名張市","town":"梅が丘南４番町"}],"0745":[{"pref":"三重県","city":"名張市","town":"梅が丘南５番町"}],"0608":[{"pref":"三重県","city":"名張市","town":"鵜山"}],"0733":[{"pref":"三重県","city":"名張市","town":"大屋戸"}],"0714":[{"pref":"三重県","city":"名張市","town":"鍛冶町"}],"0453":[{"pref":"三重県","city":"名張市","town":"春日丘１番町"}],"0454":[{"pref":"三重県","city":"名張市","town":"春日丘２番町"}],"0455":[{"pref":"三重県","city":"名張市","town":"春日丘３番町"}],"0456":[{"pref":"三重県","city":"名張市","town":"春日丘４番町"}],"0457":[{"pref":"三重県","city":"名張市","town":"春日丘５番町"}],"0458":[{"pref":"三重県","city":"名張市","town":"春日丘６番町"}],"0459":[{"pref":"三重県","city":"名張市","town":"春日丘７番町"}],"0613":[{"pref":"三重県","city":"名張市","town":"上小波田"}],"0502":[{"pref":"三重県","city":"名張市","town":"上長瀬"}],"0710":[{"pref":"三重県","city":"名張市","town":"上八町"}],"0412":[{"pref":"三重県","city":"名張市","town":"上比奈知"}],"0762":[{"pref":"三重県","city":"名張市","town":"上三谷"}],"0504":[{"pref":"三重県","city":"名張市","town":"神屋"}],"0771":[{"pref":"三重県","city":"名張市","town":"希央台１番町"}],"0772":[{"pref":"三重県","city":"名張市","town":"希央台２番町"}],"0773":[{"pref":"三重県","city":"名張市","town":"希央台３番町"}],"0774":[{"pref":"三重県","city":"名張市","town":"希央台４番町"}],"0775":[{"pref":"三重県","city":"名張市","town":"希央台５番町"}],"0621":[{"pref":"三重県","city":"名張市","town":"桔梗が丘１番町"}],"0622":[{"pref":"三重県","city":"名張市","town":"桔梗が丘２番町"}],"0623":[{"pref":"三重県","city":"名張市","town":"桔梗が丘３番町"}],"0624":[{"pref":"三重県","city":"名張市","town":"桔梗が丘４番町"}],"0625":[{"pref":"三重県","city":"名張市","town":"桔梗が丘５番町"}],"0626":[{"pref":"三重県","city":"名張市","town":"桔梗が丘６番町"}],"0627":[{"pref":"三重県","city":"名張市","town":"桔梗が丘７番町"}],"0628":[{"pref":"三重県","city":"名張市","town":"桔梗が丘８番町"}],"0641":[{"pref":"三重県","city":"名張市","town":"桔梗が丘西１番町"}],"0642":[{"pref":"三重県","city":"名張市","town":"桔梗が丘西２番町"}],"0643":[{"pref":"三重県","city":"名張市","town":"桔梗が丘西３番町"}],"0644":[{"pref":"三重県","city":"名張市","town":"桔梗が丘西４番町"}],"0645":[{"pref":"三重県","city":"名張市","town":"桔梗が丘西５番町"}],"0646":[{"pref":"三重県","city":"名張市","town":"桔梗が丘西６番町"}],"0647":[{"pref":"三重県","city":"名張市","town":"桔梗が丘西７番町"}],"0631":[{"pref":"三重県","city":"名張市","town":"桔梗が丘南１番町"}],"0632":[{"pref":"三重県","city":"名張市","town":"桔梗が丘南２番町"}],"0633":[{"pref":"三重県","city":"名張市","town":"桔梗が丘南３番町"}],"0634":[{"pref":"三重県","city":"名張市","town":"桔梗が丘南４番町"}],"0723":[{"pref":"三重県","city":"名張市","town":"木屋町"}],"0753":[{"pref":"三重県","city":"名張市","town":"蔵持町里"}],"0751":[{"pref":"三重県","city":"名張市","town":"蔵持町芝出"}],"0752":[{"pref":"三重県","city":"名張市","town":"蔵持町原出"}],"0734":[{"pref":"三重県","city":"名張市","town":"黒田"}],"0735":[{"pref":"三重県","city":"名張市","town":"結馬"}],"0701":[{"pref":"三重県","city":"名張市","town":"鴻之台１番町"}],"0702":[{"pref":"三重県","city":"名張市","town":"鴻之台２番町"}],"0703":[{"pref":"三重県","city":"名張市","town":"鴻之台３番町"}],"0704":[{"pref":"三重県","city":"名張市","town":"鴻之台４番町"}],"0705":[{"pref":"三重県","city":"名張市","town":"鴻之台５番町"}],"0606":[{"pref":"三重県","city":"名張市","town":"薦生"}],"0719":[{"pref":"三重県","city":"名張市","town":"栄町"}],"0724":[{"pref":"三重県","city":"名張市","town":"榊町"}],"0712":[{"pref":"三重県","city":"名張市","town":"桜ケ丘"}],"0604":[{"pref":"三重県","city":"名張市","town":"さつき台"}],"0612":[{"pref":"三重県","city":"名張市","town":"下小波田"}],"0413":[{"pref":"三重県","city":"名張市","town":"下比奈知"}],"0739":[{"pref":"三重県","city":"名張市","town":"下三谷"}],"0443":[{"pref":"三重県","city":"名張市","town":"青蓮寺"}],"0611":[{"pref":"三重県","city":"名張市","town":"新田"}],"0727":[{"pref":"三重県","city":"名張市","town":"新町"}],"0406":[{"pref":"三重県","city":"名張市","town":"すずらん台西１番町"}],"0407":[{"pref":"三重県","city":"名張市","town":"すずらん台西２番町"}],"0408":[{"pref":"三重県","city":"名張市","town":"すずらん台西３番町"}],"0409":[{"pref":"三重県","city":"名張市","town":"すずらん台西４番町"}],"0401":[{"pref":"三重県","city":"名張市","town":"すずらん台東１番町"}],"0402":[{"pref":"三重県","city":"名張市","town":"すずらん台東２番町"}],"0403":[{"pref":"三重県","city":"名張市","town":"すずらん台東３番町"}],"0404":[{"pref":"三重県","city":"名張市","town":"すずらん台東４番町"}],"0405":[{"pref":"三重県","city":"名張市","town":"すずらん台東５番町"}],"0445":[{"pref":"三重県","city":"名張市","town":"瀬古口"}],"0411":[{"pref":"三重県","city":"名張市","town":"滝之原"}],"0431":[{"pref":"三重県","city":"名張市","town":"つつじが丘北１番町"}],"0432":[{"pref":"三重県","city":"名張市","town":"つつじが丘北２番町"}],"0433":[{"pref":"三重県","city":"名張市","town":"つつじが丘北３番町"}],"0434":[{"pref":"三重県","city":"名張市","town":"つつじが丘北４番町"}],"0435":[{"pref":"三重県","city":"名張市","town":"つつじが丘北５番町"}],"0436":[{"pref":"三重県","city":"名張市","town":"つつじが丘北６番町"}],"0437":[{"pref":"三重県","city":"名張市","town":"つつじが丘北７番町"}],"0438":[{"pref":"三重県","city":"名張市","town":"つつじが丘北８番町"}],"0439":[{"pref":"三重県","city":"名張市","town":"つつじが丘北９番町"}],"0430":[{"pref":"三重県","city":"名張市","town":"つつじが丘北１０番町"}],"0421":[{"pref":"三重県","city":"名張市","town":"つつじが丘南１番町"}],"0422":[{"pref":"三重県","city":"名張市","town":"つつじが丘南２番町"}],"0423":[{"pref":"三重県","city":"名張市","town":"つつじが丘南３番町"}],"0424":[{"pref":"三重県","city":"名張市","town":"つつじが丘南４番町"}],"0425":[{"pref":"三重県","city":"名張市","town":"つつじが丘南５番町"}],"0426":[{"pref":"三重県","city":"名張市","town":"つつじが丘南６番町"}],"0427":[{"pref":"三重県","city":"名張市","town":"つつじが丘南７番町"}],"0428":[{"pref":"三重県","city":"名張市","town":"つつじが丘南８番町"}],"0442":[{"pref":"三重県","city":"名張市","town":"中知山"}],"0717":[{"pref":"三重県","city":"名張市","town":"中町"}],"0505":[{"pref":"三重県","city":"名張市","town":"奈垣"}],"0501":[{"pref":"三重県","city":"名張市","town":"長瀬"}],"0731":[{"pref":"三重県","city":"名張市","town":"夏秋"}],"0441":[{"pref":"三重県","city":"名張市","town":"夏見"}],"0609":[{"pref":"三重県","city":"名張市","town":"西田原"}],"0603":[{"pref":"三重県","city":"名張市","town":"西原町"}],"0602":[{"pref":"三重県","city":"名張市","town":"東田原"}],"0711":[{"pref":"三重県","city":"名張市","town":"東町"}],"0713":[{"pref":"三重県","city":"名張市","town":"平尾"}],"0414":[{"pref":"三重県","city":"名張市","town":"富貴ケ丘１番町"}],"0415":[{"pref":"三重県","city":"名張市","town":"富貴ケ丘２番町"}],"0416":[{"pref":"三重県","city":"名張市","town":"富貴ケ丘３番町"}],"0417":[{"pref":"三重県","city":"名張市","town":"富貴ケ丘４番町"}],"0418":[{"pref":"三重県","city":"名張市","town":"富貴ケ丘５番町"}],"0419":[{"pref":"三重県","city":"名張市","town":"富貴ケ丘６番町"}],"0503":[{"pref":"三重県","city":"名張市","town":"布生"}],"0728":[{"pref":"三重県","city":"名張市","town":"豊後町"}],"0726":[{"pref":"三重県","city":"名張市","town":"本町"}],"0722":[{"pref":"三重県","city":"名張市","town":"松崎町"}],"0732":[{"pref":"三重県","city":"名張市","town":"松原町"}],"0718":[{"pref":"三重県","city":"名張市","town":"丸之内"}],"0738":[{"pref":"三重県","city":"名張市","town":"短野"}],"0755":[{"pref":"三重県","city":"名張市","town":"緑が丘中"}],"0756":[{"pref":"三重県","city":"名張市","town":"緑が丘東"}],"0754":[{"pref":"三重県","city":"名張市","town":"緑が丘西"}],"0601":[{"pref":"三重県","city":"名張市","town":"南古山"}],"0729":[{"pref":"三重県","city":"名張市","town":"南町"}],"0446":[{"pref":"三重県","city":"名張市","town":"南百合が丘"}],"0444":[{"pref":"三重県","city":"名張市","town":"箕曲中村"}],"0615":[{"pref":"三重県","city":"名張市","town":"美旗中村"}],"0614":[{"pref":"三重県","city":"名張市","town":"美旗町池の台東"},{"pref":"三重県","city":"名張市","town":"美旗町池の台西"}],"0610":[{"pref":"三重県","city":"名張市","town":"美旗町藤が丘"}],"0616":[{"pref":"三重県","city":"名張市","town":"美旗町南西原"}],"0617":[{"pref":"三重県","city":"名張市","town":"美旗町中１番"}],"0618":[{"pref":"三重県","city":"名張市","town":"美旗町中２番"}],"0619":[{"pref":"三重県","city":"名張市","town":"美旗町中３番"}],"0725":[{"pref":"三重県","city":"名張市","town":"元町"}],"0763":[{"pref":"三重県","city":"名張市","town":"矢川"}],"0715":[{"pref":"三重県","city":"名張市","town":"柳原町"}],"0605":[{"pref":"三重県","city":"名張市","town":"八幡"}],"0481":[{"pref":"三重県","city":"名張市","town":"百合が丘西１番町"}],"0482":[{"pref":"三重県","city":"名張市","town":"百合が丘西２番町"}],"0483":[{"pref":"三重県","city":"名張市","town":"百合が丘西３番町"}],"0484":[{"pref":"三重県","city":"名張市","town":"百合が丘西４番町"}],"0485":[{"pref":"三重県","city":"名張市","town":"百合が丘西５番町"}],"0486":[{"pref":"三重県","city":"名張市","town":"百合が丘西６番町"}],"0471":[{"pref":"三重県","city":"名張市","town":"百合が丘東１番町"}],"0472":[{"pref":"三重県","city":"名張市","town":"百合が丘東２番町"}],"0473":[{"pref":"三重県","city":"名張市","town":"百合が丘東３番町"}],"0474":[{"pref":"三重県","city":"名張市","town":"百合が丘東４番町"}],"0475":[{"pref":"三重県","city":"名張市","town":"百合が丘東５番町"}],"0476":[{"pref":"三重県","city":"名張市","town":"百合が丘東６番町"}],"0477":[{"pref":"三重県","city":"名張市","town":"百合が丘東７番町"}],"0478":[{"pref":"三重県","city":"名張市","town":"百合が丘東８番町"}],"0479":[{"pref":"三重県","city":"名張市","town":"百合が丘東９番町"}],"0761":[{"pref":"三重県","city":"名張市","town":"竜口"}],"0000":[{"pref":"三重県","city":"伊賀市","town":"以下に掲載がない場合"}],"0226":[{"pref":"三重県","city":"伊賀市","town":"阿保"}],"0227":[{"pref":"三重県","city":"伊賀市","town":"青山羽根"}],"0114":[{"pref":"三重県","city":"伊賀市","town":"朝日ケ丘町"}],"0818":[{"pref":"三重県","city":"伊賀市","town":"荒木"}],"0008":[{"pref":"三重県","city":"伊賀市","town":"印代"}],"0205":[{"pref":"三重県","city":"伊賀市","town":"伊勢路"}],"0123":[{"pref":"三重県","city":"伊賀市","town":"猪田"}],"0003":[{"pref":"三重県","city":"伊賀市","town":"一之宮"}],"0102":[{"pref":"三重県","city":"伊賀市","town":"市部"}],"0101":[{"pref":"三重県","city":"伊賀市","town":"依那具"}],"0026":[{"pref":"三重県","city":"伊賀市","town":"岩倉"}],"0859":[{"pref":"三重県","city":"伊賀市","town":"上野相生町"}],"0871":[{"pref":"三重県","city":"伊賀市","town":"上野赤坂町"}],"0846":[{"pref":"三重県","city":"伊賀市","town":"上野愛宕町"}],"0853":[{"pref":"三重県","city":"伊賀市","town":"上野池町"}],"0852":[{"pref":"三重県","city":"伊賀市","town":"上野伊予町"}],"0865":[{"pref":"三重県","city":"伊賀市","town":"上野魚町"}],"0841":[{"pref":"三重県","city":"伊賀市","town":"上野恵美須町"}],"0864":[{"pref":"三重県","city":"伊賀市","town":"上野鍛冶町"}],"0862":[{"pref":"三重県","city":"伊賀市","town":"上野片原町"}],"0838":[{"pref":"三重県","city":"伊賀市","town":"上野茅町"}],"0832":[{"pref":"三重県","city":"伊賀市","town":"上野車坂町"}],"0842":[{"pref":"三重県","city":"伊賀市","town":"上野桑町"}],"0872":[{"pref":"三重県","city":"伊賀市","town":"上野玄蕃町"}],"0874":[{"pref":"三重県","city":"伊賀市","town":"上野幸坂町"}],"0866":[{"pref":"三重県","city":"伊賀市","town":"上野小玉町"}],"0858":[{"pref":"三重県","city":"伊賀市","town":"上野紺屋町"}],"0857":[{"pref":"三重県","city":"伊賀市","town":"上野三之西町"}],"0854":[{"pref":"三重県","city":"伊賀市","town":"上野忍町"}],"0877":[{"pref":"三重県","city":"伊賀市","town":"上野下幸坂町"}],"0863":[{"pref":"三重県","city":"伊賀市","town":"上野新町"}],"0839":[{"pref":"三重県","city":"伊賀市","town":"上野田端町"}],"0847":[{"pref":"三重県","city":"伊賀市","town":"上野鉄砲町"}],"0851":[{"pref":"三重県","city":"伊賀市","town":"上野寺町"}],"0856":[{"pref":"三重県","city":"伊賀市","town":"上野徳居町"}],"0869":[{"pref":"三重県","city":"伊賀市","town":"上野中町"}],"0878":[{"pref":"三重県","city":"伊賀市","town":"上野西大手町"}],"0848":[{"pref":"三重県","city":"伊賀市","town":"上野西日南町"}],"0868":[{"pref":"三重県","city":"伊賀市","town":"上野西町"}],"0831":[{"pref":"三重県","city":"伊賀市","town":"上野農人町"}],"0849":[{"pref":"三重県","city":"伊賀市","town":"上野東日南町"}],"0861":[{"pref":"三重県","city":"伊賀市","town":"上野東町"}],"0867":[{"pref":"三重県","city":"伊賀市","town":"上野福居町"}],"0873":[{"pref":"三重県","city":"伊賀市","town":"上野丸之内"}],"0875":[{"pref":"三重県","city":"伊賀市","town":"上野向島町"}],"0855":[{"pref":"三重県","city":"伊賀市","town":"上野万町"}],"0112":[{"pref":"三重県","city":"伊賀市","town":"上林"}],"0219":[{"pref":"三重県","city":"伊賀市","town":"老川"}],"0034":[{"pref":"三重県","city":"伊賀市","town":"大内"}],"0017":[{"pref":"三重県","city":"伊賀市","town":"大谷"}],"0033":[{"pref":"三重県","city":"伊賀市","town":"大野木"}],"0223":[{"pref":"三重県","city":"伊賀市","town":"岡田"}],"0106":[{"pref":"三重県","city":"伊賀市","town":"岡波"}],"0103":[{"pref":"三重県","city":"伊賀市","town":"沖"}],"0211":[{"pref":"三重県","city":"伊賀市","town":"奥鹿野"}],"0825":[{"pref":"三重県","city":"伊賀市","town":"小田町"}],"0815":[{"pref":"三重県","city":"伊賀市","town":"界外"}],"0122":[{"pref":"三重県","city":"伊賀市","town":"笠部"}],"0224":[{"pref":"三重県","city":"伊賀市","town":"柏尾"}],"0203":[{"pref":"三重県","city":"伊賀市","town":"勝地"}],"0116":[{"pref":"三重県","city":"伊賀市","town":"上神戸"}],"0125":[{"pref":"三重県","city":"伊賀市","town":"上郡"}],"0814":[{"pref":"三重県","city":"伊賀市","town":"上友生"}],"0121":[{"pref":"三重県","city":"伊賀市","town":"上之庄"}],"0218":[{"pref":"三重県","city":"伊賀市","town":"川上"}],"0845":[{"pref":"三重県","city":"伊賀市","town":"木興町"}],"0204":[{"pref":"三重県","city":"伊賀市","town":"北山"}],"0225":[{"pref":"三重県","city":"伊賀市","town":"桐ケ丘"}],"0215":[{"pref":"三重県","city":"伊賀市","town":"霧生"}],"0843":[{"pref":"三重県","city":"伊賀市","town":"久米町"}],"0214":[{"pref":"三重県","city":"伊賀市","town":"腰山"}],"0809":[{"pref":"三重県","city":"伊賀市","town":"西明寺"}],"0108":[{"pref":"三重県","city":"伊賀市","town":"才良"}],"0012":[{"pref":"三重県","city":"伊賀市","town":"坂之下"}],"0001":[{"pref":"三重県","city":"伊賀市","town":"佐那具町"}],"0823":[{"pref":"三重県","city":"伊賀市","town":"四十九町"}],"0035":[{"pref":"三重県","city":"伊賀市","town":"七本木"}],"0206":[{"pref":"三重県","city":"伊賀市","town":"下川原"}],"0111":[{"pref":"三重県","city":"伊賀市","town":"下神戸"}],"0124":[{"pref":"三重県","city":"伊賀市","town":"下郡"}],"0817":[{"pref":"三重県","city":"伊賀市","town":"下友生"}],"0104":[{"pref":"三重県","city":"伊賀市","town":"摺見"}],"0021":[{"pref":"三重県","city":"伊賀市","town":"諏訪"}],"0002":[{"pref":"三重県","city":"伊賀市","town":"千歳"}],"0216":[{"pref":"三重県","city":"伊賀市","town":"高尾"}],"0005":[{"pref":"三重県","city":"伊賀市","town":"高畑"}],"0812":[{"pref":"三重県","city":"伊賀市","town":"高山"}],"0201":[{"pref":"三重県","city":"伊賀市","town":"瀧"}],"0217":[{"pref":"三重県","city":"伊賀市","town":"種生"}],"0032":[{"pref":"三重県","city":"伊賀市","town":"朝屋"}],"0015":[{"pref":"三重県","city":"伊賀市","town":"土橋"}],"0004":[{"pref":"三重県","city":"伊賀市","town":"寺田"}],"0222":[{"pref":"三重県","city":"伊賀市","town":"寺脇"}],"0011":[{"pref":"三重県","city":"伊賀市","town":"外山"}],"0822":[{"pref":"三重県","city":"伊賀市","town":"問屋町"}],"0031":[{"pref":"三重県","city":"伊賀市","town":"長田"}],"0816":[{"pref":"三重県","city":"伊賀市","town":"中友生"}],"0014":[{"pref":"三重県","city":"伊賀市","town":"西条"}],"0025":[{"pref":"三重県","city":"伊賀市","town":"西高倉"}],"0027":[{"pref":"三重県","city":"伊賀市","town":"西山"}],"0023":[{"pref":"三重県","city":"伊賀市","town":"野間"}],"0813":[{"pref":"三重県","city":"伊賀市","town":"蓮池"}],"0007":[{"pref":"三重県","city":"伊賀市","town":"服部町"}],"0006":[{"pref":"三重県","city":"伊賀市","town":"羽根"}],"0013":[{"pref":"三重県","city":"伊賀市","town":"東条"}],"0024":[{"pref":"三重県","city":"伊賀市","town":"東高倉"}],"0105":[{"pref":"三重県","city":"伊賀市","town":"比自岐"}],"0107":[{"pref":"三重県","city":"伊賀市","town":"枅川"}],"0115":[{"pref":"三重県","city":"伊賀市","town":"比土"}],"0807":[{"pref":"三重県","city":"伊賀市","town":"平野上川原"}],"0826":[{"pref":"三重県","city":"伊賀市","town":"平野北谷"}],"0808":[{"pref":"三重県","city":"伊賀市","town":"平野蔵垣内"}],"0827":[{"pref":"三重県","city":"伊賀市","town":"平野清水"}],"0830":[{"pref":"三重県","city":"伊賀市","town":"平野城北町"}],"0828":[{"pref":"三重県","city":"伊賀市","town":"平野中川原"}],"0820":[{"pref":"三重県","city":"伊賀市","town":"平野西町"}],"0810":[{"pref":"三重県","city":"伊賀市","town":"平野東町"}],"0802":[{"pref":"三重県","city":"伊賀市","town":"平野樋之口"}],"0801":[{"pref":"三重県","city":"伊賀市","town":"平野見能"}],"0829":[{"pref":"三重県","city":"伊賀市","town":"平野山之下"}],"0804":[{"pref":"三重県","city":"伊賀市","town":"平野六反田"}],"0212":[{"pref":"三重県","city":"伊賀市","town":"福川"}],"0113":[{"pref":"三重県","city":"伊賀市","town":"古郡"}],"0821":[{"pref":"三重県","city":"伊賀市","town":"生琉里"}],"0221":[{"pref":"三重県","city":"伊賀市","town":"別府"}],"0811":[{"pref":"三重県","city":"伊賀市","town":"喰代"}],"0036":[{"pref":"三重県","city":"伊賀市","town":"法花"}],"0022":[{"pref":"三重県","city":"伊賀市","town":"三田"}],"0834":[{"pref":"三重県","city":"伊賀市","town":"緑ケ丘中町"}],"0837":[{"pref":"三重県","city":"伊賀市","town":"緑ケ丘西町"}],"0833":[{"pref":"三重県","city":"伊賀市","town":"緑ケ丘東町"}],"0836":[{"pref":"三重県","city":"伊賀市","town":"緑ケ丘本町"}],"0835":[{"pref":"三重県","city":"伊賀市","town":"緑ケ丘南町"}],"0202":[{"pref":"三重県","city":"伊賀市","town":"妙楽地"}],"0824":[{"pref":"三重県","city":"伊賀市","town":"守田町"}],"0126":[{"pref":"三重県","city":"伊賀市","town":"森寺"}],"0213":[{"pref":"三重県","city":"伊賀市","town":"諸木"}],"0016":[{"pref":"三重県","city":"伊賀市","town":"山神"}],"0844":[{"pref":"三重県","city":"伊賀市","town":"八幡町"}],"0127":[{"pref":"三重県","city":"伊賀市","town":"山出"}],"0131":[{"pref":"三重県","city":"伊賀市","town":"ゆめが丘"}],"0840":[{"pref":"三重県","city":"伊賀市","town":"陽光台"}]}