{"1001":[{"pref":"東京都","city":"新宿区","town":"西新宿新宿パークタワー（１階）"}],"1002":[{"pref":"東京都","city":"新宿区","town":"西新宿新宿パークタワー（２階）"}],"1003":[{"pref":"東京都","city":"新宿区","town":"西新宿新宿パークタワー（３階）"}],"1004":[{"pref":"東京都","city":"新宿区","town":"西新宿新宿パークタワー（４階）"}],"1005":[{"pref":"東京都","city":"新宿区","town":"西新宿新宿パークタワー（５階）"}],"1006":[{"pref":"東京都","city":"新宿区","town":"西新宿新宿パークタワー（６階）"}],"1007":[{"pref":"東京都","city":"新宿区","town":"西新宿新宿パークタワー（７階）"}],"1008":[{"pref":"東京都","city":"新宿区","town":"西新宿新宿パークタワー（８階）"}],"1009":[{"pref":"東京都","city":"新宿区","town":"西新宿新宿パークタワー（９階）"}],"1010":[{"pref":"東京都","city":"新宿区","town":"西新宿新宿パークタワー（１０階）"}],"1011":[{"pref":"東京都","city":"新宿区","town":"西新宿新宿パークタワー（１１階）"}],"1012":[{"pref":"東京都","city":"新宿区","town":"西新宿新宿パークタワー（１２階）"}],"1013":[{"pref":"東京都","city":"新宿区","town":"西新宿新宿パークタワー（１３階）"}],"1014":[{"pref":"東京都","city":"新宿区","town":"西新宿新宿パークタワー（１４階）"}],"1015":[{"pref":"東京都","city":"新宿区","town":"西新宿新宿パークタワー（１５階）"}],"1016":[{"pref":"東京都","city":"新宿区","town":"西新宿新宿パークタワー（１６階）"}],"1017":[{"pref":"東京都","city":"新宿区","town":"西新宿新宿パークタワー（１７階）"}],"1018":[{"pref":"東京都","city":"新宿区","town":"西新宿新宿パークタワー（１８階）"}],"1019":[{"pref":"東京都","city":"新宿区","town":"西新宿新宿パークタワー（１９階）"}],"1020":[{"pref":"東京都","city":"新宿区","town":"西新宿新宿パークタワー（２０階）"}],"1021":[{"pref":"東京都","city":"新宿区","town":"西新宿新宿パークタワー（２１階）"}],"1022":[{"pref":"東京都","city":"新宿区","town":"西新宿新宿パークタワー（２２階）"}],"1023":[{"pref":"東京都","city":"新宿区","town":"西新宿新宿パークタワー（２３階）"}],"1024":[{"pref":"東京都","city":"新宿区","town":"西新宿新宿パークタワー（２４階）"}],"1025":[{"pref":"東京都","city":"新宿区","town":"西新宿新宿パークタワー（２５階）"}],"1026":[{"pref":"東京都","city":"新宿区","town":"西新宿新宿パークタワー（２６階）"}],"1027":[{"pref":"東京都","city":"新宿区","town":"西新宿新宿パークタワー（２７階）"}],"1028":[{"pref":"東京都","city":"新宿区","town":"西新宿新宿パークタワー（２８階）"}],"1029":[{"pref":"東京都","city":"新宿区","town":"西新宿新宿パークタワー（２９階）"}],"1030":[{"pref":"東京都","city":"新宿区","town":"西新宿新宿パークタワー（３０階）"}],"1031":[{"pref":"東京都","city":"新宿区","town":"西新宿新宿パークタワー（３１階）"}],"1032":[{"pref":"東京都","city":"新宿区","town":"西新宿新宿パークタワー（３２階）"}],"1033":[{"pref":"東京都","city":"新宿区","town":"西新宿新宿パークタワー（３３階）"}],"1034":[{"pref":"東京都","city":"新宿区","town":"西新宿新宿パークタワー（３４階）"}],"1035":[{"pref":"東京都","city":"新宿区","town":"西新宿新宿パークタワー（３５階）"}],"1036":[{"pref":"東京都","city":"新宿区","town":"西新宿新宿パークタワー（３６階）"}],"1037":[{"pref":"東京都","city":"新宿区","town":"西新宿新宿パークタワー（３７階）"}],"1038":[{"pref":"東京都","city":"新宿区","town":"西新宿新宿パークタワー（３８階）"}],"1039":[{"pref":"東京都","city":"新宿区","town":"西新宿新宿パークタワー（３９階）"}],"1040":[{"pref":"東京都","city":"新宿区","town":"西新宿新宿パークタワー（４０階）"}],"1041":[{"pref":"東京都","city":"新宿区","town":"西新宿新宿パークタワー（４１階）"}],"1042":[{"pref":"東京都","city":"新宿区","town":"西新宿新宿パークタワー（４２階）"}],"1043":[{"pref":"東京都","city":"新宿区","town":"西新宿新宿パークタワー（４３階）"}],"1044":[{"pref":"東京都","city":"新宿区","town":"西新宿新宿パークタワー（４４階）"}],"1045":[{"pref":"東京都","city":"新宿区","town":"西新宿新宿パークタワー（４５階）"}],"1046":[{"pref":"東京都","city":"新宿区","town":"西新宿新宿パークタワー（４６階）"}],"1047":[{"pref":"東京都","city":"新宿区","town":"西新宿新宿パークタワー（４７階）"}],"1048":[{"pref":"東京都","city":"新宿区","town":"西新宿新宿パークタワー（４８階）"}],"1049":[{"pref":"東京都","city":"新宿区","town":"西新宿新宿パークタワー（４９階）"}],"1050":[{"pref":"東京都","city":"新宿区","town":"西新宿新宿パークタワー（５０階）"}],"1051":[{"pref":"東京都","city":"新宿区","town":"西新宿新宿パークタワー（５１階）"}],"1052":[{"pref":"東京都","city":"新宿区","town":"西新宿新宿パークタワー（５２階）"}],"1090":[{"pref":"東京都","city":"新宿区","town":"西新宿新宿パークタワー（地階・階層不明）"}],"1101":[{"pref":"東京都","city":"新宿区","town":"西新宿新宿スクエアタワー（１階）"}],"1102":[{"pref":"東京都","city":"新宿区","town":"西新宿新宿スクエアタワー（２階）"}],"1103":[{"pref":"東京都","city":"新宿区","town":"西新宿新宿スクエアタワー（３階）"}],"1104":[{"pref":"東京都","city":"新宿区","town":"西新宿新宿スクエアタワー（４階）"}],"1105":[{"pref":"東京都","city":"新宿区","town":"西新宿新宿スクエアタワー（５階）"}],"1106":[{"pref":"東京都","city":"新宿区","town":"西新宿新宿スクエアタワー（６階）"}],"1107":[{"pref":"東京都","city":"新宿区","town":"西新宿新宿スクエアタワー（７階）"}],"1108":[{"pref":"東京都","city":"新宿区","town":"西新宿新宿スクエアタワー（８階）"}],"1109":[{"pref":"東京都","city":"新宿区","town":"西新宿新宿スクエアタワー（９階）"}],"1110":[{"pref":"東京都","city":"新宿区","town":"西新宿新宿スクエアタワー（１０階）"}],"1111":[{"pref":"東京都","city":"新宿区","town":"西新宿新宿スクエアタワー（１１階）"}],"1112":[{"pref":"東京都","city":"新宿区","town":"西新宿新宿スクエアタワー（１２階）"}],"1113":[{"pref":"東京都","city":"新宿区","town":"西新宿新宿スクエアタワー（１３階）"}],"1114":[{"pref":"東京都","city":"新宿区","town":"西新宿新宿スクエアタワー（１４階）"}],"1115":[{"pref":"東京都","city":"新宿区","town":"西新宿新宿スクエアタワー（１５階）"}],"1116":[{"pref":"東京都","city":"新宿区","town":"西新宿新宿スクエアタワー（１６階）"}],"1117":[{"pref":"東京都","city":"新宿区","town":"西新宿新宿スクエアタワー（１７階）"}],"1118":[{"pref":"東京都","city":"新宿区","town":"西新宿新宿スクエアタワー（１８階）"}],"1119":[{"pref":"東京都","city":"新宿区","town":"西新宿新宿スクエアタワー（１９階）"}],"1120":[{"pref":"東京都","city":"新宿区","town":"西新宿新宿スクエアタワー（２０階）"}],"1121":[{"pref":"東京都","city":"新宿区","town":"西新宿新宿スクエアタワー（２１階）"}],"1122":[{"pref":"東京都","city":"新宿区","town":"西新宿新宿スクエアタワー（２２階）"}],"1123":[{"pref":"東京都","city":"新宿区","town":"西新宿新宿スクエアタワー（２３階）"}],"1124":[{"pref":"東京都","city":"新宿区","town":"西新宿新宿スクエアタワー（２４階）"}],"1125":[{"pref":"東京都","city":"新宿区","town":"西新宿新宿スクエアタワー（２５階）"}],"1126":[{"pref":"東京都","city":"新宿区","town":"西新宿新宿スクエアタワー（２６階）"}],"1127":[{"pref":"東京都","city":"新宿区","town":"西新宿新宿スクエアタワー（２７階）"}],"1128":[{"pref":"東京都","city":"新宿区","town":"西新宿新宿スクエアタワー（２８階）"}],"1129":[{"pref":"東京都","city":"新宿区","town":"西新宿新宿スクエアタワー（２９階）"}],"1130":[{"pref":"東京都","city":"新宿区","town":"西新宿新宿スクエアタワー（３０階）"}],"1190":[{"pref":"東京都","city":"新宿区","town":"西新宿新宿スクエアタワー（地階・階層不明）"}],"1301":[{"pref":"東京都","city":"新宿区","town":"西新宿新宿アイランドタワー（１階）"}],"1302":[{"pref":"東京都","city":"新宿区","town":"西新宿新宿アイランドタワー（２階）"}],"1303":[{"pref":"東京都","city":"新宿区","town":"西新宿新宿アイランドタワー（３階）"}],"1304":[{"pref":"東京都","city":"新宿区","town":"西新宿新宿アイランドタワー（４階）"}],"1305":[{"pref":"東京都","city":"新宿区","town":"西新宿新宿アイランドタワー（５階）"}],"1306":[{"pref":"東京都","city":"新宿区","town":"西新宿新宿アイランドタワー（６階）"}],"1307":[{"pref":"東京都","city":"新宿区","town":"西新宿新宿アイランドタワー（７階）"}],"1308":[{"pref":"東京都","city":"新宿区","town":"西新宿新宿アイランドタワー（８階）"}],"1309":[{"pref":"東京都","city":"新宿区","town":"西新宿新宿アイランドタワー（９階）"}],"1310":[{"pref":"東京都","city":"新宿区","town":"西新宿新宿アイランドタワー（１０階）"}],"1311":[{"pref":"東京都","city":"新宿区","town":"西新宿新宿アイランドタワー（１１階）"}],"1312":[{"pref":"東京都","city":"新宿区","town":"西新宿新宿アイランドタワー（１２階）"}],"1313":[{"pref":"東京都","city":"新宿区","town":"西新宿新宿アイランドタワー（１３階）"}],"1314":[{"pref":"東京都","city":"新宿区","town":"西新宿新宿アイランドタワー（１４階）"}],"1315":[{"pref":"東京都","city":"新宿区","town":"西新宿新宿アイランドタワー（１５階）"}],"1316":[{"pref":"東京都","city":"新宿区","town":"西新宿新宿アイランドタワー（１６階）"}],"1317":[{"pref":"東京都","city":"新宿区","town":"西新宿新宿アイランドタワー（１７階）"}],"1318":[{"pref":"東京都","city":"新宿区","town":"西新宿新宿アイランドタワー（１８階）"}],"1319":[{"pref":"東京都","city":"新宿区","town":"西新宿新宿アイランドタワー（１９階）"}],"1320":[{"pref":"東京都","city":"新宿区","town":"西新宿新宿アイランドタワー（２０階）"}],"1321":[{"pref":"東京都","city":"新宿区","town":"西新宿新宿アイランドタワー（２１階）"}],"1322":[{"pref":"東京都","city":"新宿区","town":"西新宿新宿アイランドタワー（２２階）"}],"1323":[{"pref":"東京都","city":"新宿区","town":"西新宿新宿アイランドタワー（２３階）"}],"1324":[{"pref":"東京都","city":"新宿区","town":"西新宿新宿アイランドタワー（２４階）"}],"1325":[{"pref":"東京都","city":"新宿区","town":"西新宿新宿アイランドタワー（２５階）"}],"1326":[{"pref":"東京都","city":"新宿区","town":"西新宿新宿アイランドタワー（２６階）"}],"1327":[{"pref":"東京都","city":"新宿区","town":"西新宿新宿アイランドタワー（２７階）"}],"1328":[{"pref":"東京都","city":"新宿区","town":"西新宿新宿アイランドタワー（２８階）"}],"1329":[{"pref":"東京都","city":"新宿区","town":"西新宿新宿アイランドタワー（２９階）"}],"1330":[{"pref":"東京都","city":"新宿区","town":"西新宿新宿アイランドタワー（３０階）"}],"1331":[{"pref":"東京都","city":"新宿区","town":"西新宿新宿アイランドタワー（３１階）"}],"1332":[{"pref":"東京都","city":"新宿区","town":"西新宿新宿アイランドタワー（３２階）"}],"1333":[{"pref":"東京都","city":"新宿区","town":"西新宿新宿アイランドタワー（３３階）"}],"1334":[{"pref":"東京都","city":"新宿区","town":"西新宿新宿アイランドタワー（３４階）"}],"1335":[{"pref":"東京都","city":"新宿区","town":"西新宿新宿アイランドタワー（３５階）"}],"1336":[{"pref":"東京都","city":"新宿区","town":"西新宿新宿アイランドタワー（３６階）"}],"1337":[{"pref":"東京都","city":"新宿区","town":"西新宿新宿アイランドタワー（３７階）"}],"1338":[{"pref":"東京都","city":"新宿区","town":"西新宿新宿アイランドタワー（３８階）"}],"1339":[{"pref":"東京都","city":"新宿区","town":"西新宿新宿アイランドタワー（３９階）"}],"1340":[{"pref":"東京都","city":"新宿区","town":"西新宿新宿アイランドタワー（４０階）"}],"1341":[{"pref":"東京都","city":"新宿区","town":"西新宿新宿アイランドタワー（４１階）"}],"1342":[{"pref":"東京都","city":"新宿区","town":"西新宿新宿アイランドタワー（４２階）"}],"1343":[{"pref":"東京都","city":"新宿区","town":"西新宿新宿アイランドタワー（４３階）"}],"1344":[{"pref":"東京都","city":"新宿区","town":"西新宿新宿アイランドタワー（４４階）"}],"1390":[{"pref":"東京都","city":"新宿区","town":"西新宿新宿アイランドタワー（地階・階層不明）"}],"1401":[{"pref":"東京都","city":"新宿区","town":"西新宿東京オペラシティ（１階）"}],"1402":[{"pref":"東京都","city":"新宿区","town":"西新宿東京オペラシティ（２階）"}],"1403":[{"pref":"東京都","city":"新宿区","town":"西新宿東京オペラシティ（３階）"}],"1404":[{"pref":"東京都","city":"新宿区","town":"西新宿東京オペラシティ（４階）"}],"1405":[{"pref":"東京都","city":"新宿区","town":"西新宿東京オペラシティ（５階）"}],"1406":[{"pref":"東京都","city":"新宿区","town":"西新宿東京オペラシティ（６階）"}],"1407":[{"pref":"東京都","city":"新宿区","town":"西新宿東京オペラシティ（７階）"}],"1408":[{"pref":"東京都","city":"新宿区","town":"西新宿東京オペラシティ（８階）"}],"1409":[{"pref":"東京都","city":"新宿区","town":"西新宿東京オペラシティ（９階）"}],"1410":[{"pref":"東京都","city":"新宿区","town":"西新宿東京オペラシティ（１０階）"}],"1411":[{"pref":"東京都","city":"新宿区","town":"西新宿東京オペラシティ（１１階）"}],"1412":[{"pref":"東京都","city":"新宿区","town":"西新宿東京オペラシティ（１２階）"}],"1413":[{"pref":"東京都","city":"新宿区","town":"西新宿東京オペラシティ（１３階）"}],"1414":[{"pref":"東京都","city":"新宿区","town":"西新宿東京オペラシティ（１４階）"}],"1415":[{"pref":"東京都","city":"新宿区","town":"西新宿東京オペラシティ（１５階）"}],"1416":[{"pref":"東京都","city":"新宿区","town":"西新宿東京オペラシティ（１６階）"}],"1417":[{"pref":"東京都","city":"新宿区","town":"西新宿東京オペラシティ（１７階）"}],"1418":[{"pref":"東京都","city":"新宿区","town":"西新宿東京オペラシティ（１８階）"}],"1419":[{"pref":"東京都","city":"新宿区","town":"西新宿東京オペラシティ（１９階）"}],"1420":[{"pref":"東京都","city":"新宿区","town":"西新宿東京オペラシティ（２０階）"}],"1421":[{"pref":"東京都","city":"新宿区","town":"西新宿東京オペラシティ（２１階）"}],"1422":[{"pref":"東京都","city":"新宿区","town":"西新宿東京オペラシティ（２２階）"}],"1423":[{"pref":"東京都","city":"新宿区","town":"西新宿東京オペラシティ（２３階）"}],"1424":[{"pref":"東京都","city":"新宿区","town":"西新宿東京オペラシティ（２４階）"}],"1425":[{"pref":"東京都","city":"新宿区","town":"西新宿東京オペラシティ（２５階）"}],"1426":[{"pref":"東京都","city":"新宿区","town":"西新宿東京オペラシティ（２６階）"}],"1427":[{"pref":"東京都","city":"新宿区","town":"西新宿東京オペラシティ（２７階）"}],"1428":[{"pref":"東京都","city":"新宿区","town":"西新宿東京オペラシティ（２８階）"}],"1429":[{"pref":"東京都","city":"新宿区","town":"西新宿東京オペラシティ（２９階）"}],"1430":[{"pref":"東京都","city":"新宿区","town":"西新宿東京オペラシティ（３０階）"}],"1431":[{"pref":"東京都","city":"新宿区","town":"西新宿東京オペラシティ（３１階）"}],"1432":[{"pref":"東京都","city":"新宿区","town":"西新宿東京オペラシティ（３２階）"}],"1433":[{"pref":"東京都","city":"新宿区","town":"西新宿東京オペラシティ（３３階）"}],"1434":[{"pref":"東京都","city":"新宿区","town":"西新宿東京オペラシティ（３４階）"}],"1435":[{"pref":"東京都","city":"新宿区","town":"西新宿東京オペラシティ（３５階）"}],"1436":[{"pref":"東京都","city":"新宿区","town":"西新宿東京オペラシティ（３６階）"}],"1437":[{"pref":"東京都","city":"新宿区","town":"西新宿東京オペラシティ（３７階）"}],"1438":[{"pref":"東京都","city":"新宿区","town":"西新宿東京オペラシティ（３８階）"}],"1439":[{"pref":"東京都","city":"新宿区","town":"西新宿東京オペラシティ（３９階）"}],"1440":[{"pref":"東京都","city":"新宿区","town":"西新宿東京オペラシティ（４０階）"}],"1441":[{"pref":"東京都","city":"新宿区","town":"西新宿東京オペラシティ（４１階）"}],"1442":[{"pref":"東京都","city":"新宿区","town":"西新宿東京オペラシティ（４２階）"}],"1443":[{"pref":"東京都","city":"新宿区","town":"西新宿東京オペラシティ（４３階）"}],"1444":[{"pref":"東京都","city":"新宿区","town":"西新宿東京オペラシティ（４４階）"}],"1445":[{"pref":"東京都","city":"新宿区","town":"西新宿東京オペラシティ（４５階）"}],"1446":[{"pref":"東京都","city":"新宿区","town":"西新宿東京オペラシティ（４６階）"}],"1447":[{"pref":"東京都","city":"新宿区","town":"西新宿東京オペラシティ（４７階）"}],"1448":[{"pref":"東京都","city":"新宿区","town":"西新宿東京オペラシティ（４８階）"}],"1449":[{"pref":"東京都","city":"新宿区","town":"西新宿東京オペラシティ（４９階）"}],"1450":[{"pref":"東京都","city":"新宿区","town":"西新宿東京オペラシティ（５０階）"}],"1451":[{"pref":"東京都","city":"新宿区","town":"西新宿東京オペラシティ（５１階）"}],"1452":[{"pref":"東京都","city":"新宿区","town":"西新宿東京オペラシティ（５２階）"}],"1453":[{"pref":"東京都","city":"新宿区","town":"西新宿東京オペラシティ（５３階）"}],"1454":[{"pref":"東京都","city":"新宿区","town":"西新宿東京オペラシティ（５４階）"}],"1490":[{"pref":"東京都","city":"新宿区","town":"西新宿東京オペラシティ（地階・階層不明）"}],"1501":[{"pref":"東京都","city":"新宿区","town":"西新宿新宿エルタワー（１階）"}],"1502":[{"pref":"東京都","city":"新宿区","town":"西新宿新宿エルタワー（２階）"}],"1503":[{"pref":"東京都","city":"新宿区","town":"西新宿新宿エルタワー（３階）"}],"1504":[{"pref":"東京都","city":"新宿区","town":"西新宿新宿エルタワー（４階）"}],"1505":[{"pref":"東京都","city":"新宿区","town":"西新宿新宿エルタワー（５階）"}],"1506":[{"pref":"東京都","city":"新宿区","town":"西新宿新宿エルタワー（６階）"}],"1507":[{"pref":"東京都","city":"新宿区","town":"西新宿新宿エルタワー（７階）"}],"1508":[{"pref":"東京都","city":"新宿区","town":"西新宿新宿エルタワー（８階）"}],"1509":[{"pref":"東京都","city":"新宿区","town":"西新宿新宿エルタワー（９階）"}],"1510":[{"pref":"東京都","city":"新宿区","town":"西新宿新宿エルタワー（１０階）"}],"1511":[{"pref":"東京都","city":"新宿区","town":"西新宿新宿エルタワー（１１階）"}],"1512":[{"pref":"東京都","city":"新宿区","town":"西新宿新宿エルタワー（１２階）"}],"1513":[{"pref":"東京都","city":"新宿区","town":"西新宿新宿エルタワー（１３階）"}],"1514":[{"pref":"東京都","city":"新宿区","town":"西新宿新宿エルタワー（１４階）"}],"1515":[{"pref":"東京都","city":"新宿区","town":"西新宿新宿エルタワー（１５階）"}],"1516":[{"pref":"東京都","city":"新宿区","town":"西新宿新宿エルタワー（１６階）"}],"1517":[{"pref":"東京都","city":"新宿区","town":"西新宿新宿エルタワー（１７階）"}],"1518":[{"pref":"東京都","city":"新宿区","town":"西新宿新宿エルタワー（１８階）"}],"1519":[{"pref":"東京都","city":"新宿区","town":"西新宿新宿エルタワー（１９階）"}],"1520":[{"pref":"東京都","city":"新宿区","town":"西新宿新宿エルタワー（２０階）"}],"1521":[{"pref":"東京都","city":"新宿区","town":"西新宿新宿エルタワー（２１階）"}],"1522":[{"pref":"東京都","city":"新宿区","town":"西新宿新宿エルタワー（２２階）"}],"1523":[{"pref":"東京都","city":"新宿区","town":"西新宿新宿エルタワー（２３階）"}],"1524":[{"pref":"東京都","city":"新宿区","town":"西新宿新宿エルタワー（２４階）"}],"1525":[{"pref":"東京都","city":"新宿区","town":"西新宿新宿エルタワー（２５階）"}],"1526":[{"pref":"東京都","city":"新宿区","town":"西新宿新宿エルタワー（２６階）"}],"1527":[{"pref":"東京都","city":"新宿区","town":"西新宿新宿エルタワー（２７階）"}],"1528":[{"pref":"東京都","city":"新宿区","town":"西新宿新宿エルタワー（２８階）"}],"1529":[{"pref":"東京都","city":"新宿区","town":"西新宿新宿エルタワー（２９階）"}],"1530":[{"pref":"東京都","city":"新宿区","town":"西新宿新宿エルタワー（３０階）"}],"1531":[{"pref":"東京都","city":"新宿区","town":"西新宿新宿エルタワー（３１階）"}],"1590":[{"pref":"東京都","city":"新宿区","town":"西新宿新宿エルタワー（地階・階層不明）"}],"6001":[{"pref":"東京都","city":"新宿区","town":"西新宿住友不動産新宿オークタワー（１階）"}],"6002":[{"pref":"東京都","city":"新宿区","town":"西新宿住友不動産新宿オークタワー（２階）"}],"6003":[{"pref":"東京都","city":"新宿区","town":"西新宿住友不動産新宿オークタワー（３階）"}],"6004":[{"pref":"東京都","city":"新宿区","town":"西新宿住友不動産新宿オークタワー（４階）"}],"6005":[{"pref":"東京都","city":"新宿区","town":"西新宿住友不動産新宿オークタワー（５階）"}],"6006":[{"pref":"東京都","city":"新宿区","town":"西新宿住友不動産新宿オークタワー（６階）"}],"6007":[{"pref":"東京都","city":"新宿区","town":"西新宿住友不動産新宿オークタワー（７階）"}],"6008":[{"pref":"東京都","city":"新宿区","town":"西新宿住友不動産新宿オークタワー（８階）"}],"6009":[{"pref":"東京都","city":"新宿区","town":"西新宿住友不動産新宿オークタワー（９階）"}],"6010":[{"pref":"東京都","city":"新宿区","town":"西新宿住友不動産新宿オークタワー（１０階）"}],"6011":[{"pref":"東京都","city":"新宿区","town":"西新宿住友不動産新宿オークタワー（１１階）"}],"6012":[{"pref":"東京都","city":"新宿区","town":"西新宿住友不動産新宿オークタワー（１２階）"}],"6013":[{"pref":"東京都","city":"新宿区","town":"西新宿住友不動産新宿オークタワー（１３階）"}],"6014":[{"pref":"東京都","city":"新宿区","town":"西新宿住友不動産新宿オークタワー（１４階）"}],"6015":[{"pref":"東京都","city":"新宿区","town":"西新宿住友不動産新宿オークタワー（１５階）"}],"6016":[{"pref":"東京都","city":"新宿区","town":"西新宿住友不動産新宿オークタワー（１６階）"}],"6017":[{"pref":"東京都","city":"新宿区","town":"西新宿住友不動産新宿オークタワー（１７階）"}],"6018":[{"pref":"東京都","city":"新宿区","town":"西新宿住友不動産新宿オークタワー（１８階）"}],"6019":[{"pref":"東京都","city":"新宿区","town":"西新宿住友不動産新宿オークタワー（１９階）"}],"6020":[{"pref":"東京都","city":"新宿区","town":"西新宿住友不動産新宿オークタワー（２０階）"}],"6021":[{"pref":"東京都","city":"新宿区","town":"西新宿住友不動産新宿オークタワー（２１階）"}],"6022":[{"pref":"東京都","city":"新宿区","town":"西新宿住友不動産新宿オークタワー（２２階）"}],"6023":[{"pref":"東京都","city":"新宿区","town":"西新宿住友不動産新宿オークタワー（２３階）"}],"6024":[{"pref":"東京都","city":"新宿区","town":"西新宿住友不動産新宿オークタワー（２４階）"}],"6025":[{"pref":"東京都","city":"新宿区","town":"西新宿住友不動産新宿オークタワー（２５階）"}],"6026":[{"pref":"東京都","city":"新宿区","town":"西新宿住友不動産新宿オークタワー（２６階）"}],"6027":[{"pref":"東京都","city":"新宿区","town":"西新宿住友不動産新宿オークタワー（２７階）"}],"6028":[{"pref":"東京都","city":"新宿区","town":"西新宿住友不動産新宿オークタワー（２８階）"}],"6029":[{"pref":"東京都","city":"新宿区","town":"西新宿住友不動産新宿オークタワー（２９階）"}],"6030":[{"pref":"東京都","city":"新宿区","town":"西新宿住友不動産新宿オークタワー（３０階）"}],"6031":[{"pref":"東京都","city":"新宿区","town":"西新宿住友不動産新宿オークタワー（３１階）"}],"6032":[{"pref":"東京都","city":"新宿区","town":"西新宿住友不動産新宿オークタワー（３２階）"}],"6033":[{"pref":"東京都","city":"新宿区","town":"西新宿住友不動産新宿オークタワー（３３階）"}],"6034":[{"pref":"東京都","city":"新宿区","town":"西新宿住友不動産新宿オークタワー（３４階）"}],"6035":[{"pref":"東京都","city":"新宿区","town":"西新宿住友不動産新宿オークタワー（３５階）"}],"6036":[{"pref":"東京都","city":"新宿区","town":"西新宿住友不動産新宿オークタワー（３６階）"}],"6037":[{"pref":"東京都","city":"新宿区","town":"西新宿住友不動産新宿オークタワー（３７階）"}],"6038":[{"pref":"東京都","city":"新宿区","town":"西新宿住友不動産新宿オークタワー（３８階）"}],"6090":[{"pref":"東京都","city":"新宿区","town":"西新宿住友不動産新宿オークタワー（地階・階層不明）"}],"0790":[{"pref":"東京都","city":"新宿区","town":"西新宿小田急第一生命ビル（地階・階層不明）"}],"0701":[{"pref":"東京都","city":"新宿区","town":"西新宿小田急第一生命ビル（１階）"}],"0702":[{"pref":"東京都","city":"新宿区","town":"西新宿小田急第一生命ビル（２階）"}],"0703":[{"pref":"東京都","city":"新宿区","town":"西新宿小田急第一生命ビル（３階）"}],"0704":[{"pref":"東京都","city":"新宿区","town":"西新宿小田急第一生命ビル（４階）"}],"0705":[{"pref":"東京都","city":"新宿区","town":"西新宿小田急第一生命ビル（５階）"}],"0706":[{"pref":"東京都","city":"新宿区","town":"西新宿小田急第一生命ビル（６階）"}],"0707":[{"pref":"東京都","city":"新宿区","town":"西新宿小田急第一生命ビル（７階）"}],"0708":[{"pref":"東京都","city":"新宿区","town":"西新宿小田急第一生命ビル（８階）"}],"0709":[{"pref":"東京都","city":"新宿区","town":"西新宿小田急第一生命ビル（９階）"}],"0710":[{"pref":"東京都","city":"新宿区","town":"西新宿小田急第一生命ビル（１０階）"}],"0711":[{"pref":"東京都","city":"新宿区","town":"西新宿小田急第一生命ビル（１１階）"}],"0712":[{"pref":"東京都","city":"新宿区","town":"西新宿小田急第一生命ビル（１２階）"}],"0713":[{"pref":"東京都","city":"新宿区","town":"西新宿小田急第一生命ビル（１３階）"}],"0714":[{"pref":"東京都","city":"新宿区","town":"西新宿小田急第一生命ビル（１４階）"}],"0715":[{"pref":"東京都","city":"新宿区","town":"西新宿小田急第一生命ビル（１５階）"}],"0716":[{"pref":"東京都","city":"新宿区","town":"西新宿小田急第一生命ビル（１６階）"}],"0717":[{"pref":"東京都","city":"新宿区","town":"西新宿小田急第一生命ビル（１７階）"}],"0718":[{"pref":"東京都","city":"新宿区","town":"西新宿小田急第一生命ビル（１８階）"}],"0719":[{"pref":"東京都","city":"新宿区","town":"西新宿小田急第一生命ビル（１９階）"}],"0720":[{"pref":"東京都","city":"新宿区","town":"西新宿小田急第一生命ビル（２０階）"}],"0721":[{"pref":"東京都","city":"新宿区","town":"西新宿小田急第一生命ビル（２１階）"}],"0722":[{"pref":"東京都","city":"新宿区","town":"西新宿小田急第一生命ビル（２２階）"}],"0723":[{"pref":"東京都","city":"新宿区","town":"西新宿小田急第一生命ビル（２３階）"}],"0724":[{"pref":"東京都","city":"新宿区","town":"西新宿小田急第一生命ビル（２４階）"}],"0725":[{"pref":"東京都","city":"新宿区","town":"西新宿小田急第一生命ビル（２５階）"}],"0726":[{"pref":"東京都","city":"新宿区","town":"西新宿小田急第一生命ビル（２６階）"}],"0890":[{"pref":"東京都","city":"新宿区","town":"西新宿新宿ＮＳビル（地階・階層不明）"}],"0801":[{"pref":"東京都","city":"新宿区","town":"西新宿新宿ＮＳビル（１階）"}],"0802":[{"pref":"東京都","city":"新宿区","town":"西新宿新宿ＮＳビル（２階）"}],"0803":[{"pref":"東京都","city":"新宿区","town":"西新宿新宿ＮＳビル（３階）"}],"0804":[{"pref":"東京都","city":"新宿区","town":"西新宿新宿ＮＳビル（４階）"}],"0805":[{"pref":"東京都","city":"新宿区","town":"西新宿新宿ＮＳビル（５階）"}],"0806":[{"pref":"東京都","city":"新宿区","town":"西新宿新宿ＮＳビル（６階）"}],"0807":[{"pref":"東京都","city":"新宿区","town":"西新宿新宿ＮＳビル（７階）"}],"0808":[{"pref":"東京都","city":"新宿区","town":"西新宿新宿ＮＳビル（８階）"}],"0809":[{"pref":"東京都","city":"新宿区","town":"西新宿新宿ＮＳビル（９階）"}],"0810":[{"pref":"東京都","city":"新宿区","town":"西新宿新宿ＮＳビル（１０階）"}],"0811":[{"pref":"東京都","city":"新宿区","town":"西新宿新宿ＮＳビル（１１階）"}],"0812":[{"pref":"東京都","city":"新宿区","town":"西新宿新宿ＮＳビル（１２階）"}],"0813":[{"pref":"東京都","city":"新宿区","town":"西新宿新宿ＮＳビル（１３階）"}],"0814":[{"pref":"東京都","city":"新宿区","town":"西新宿新宿ＮＳビル（１４階）"}],"0815":[{"pref":"東京都","city":"新宿区","town":"西新宿新宿ＮＳビル（１５階）"}],"0816":[{"pref":"東京都","city":"新宿区","town":"西新宿新宿ＮＳビル（１６階）"}],"0817":[{"pref":"東京都","city":"新宿区","town":"西新宿新宿ＮＳビル（１７階）"}],"0818":[{"pref":"東京都","city":"新宿区","town":"西新宿新宿ＮＳビル（１８階）"}],"0819":[{"pref":"東京都","city":"新宿区","town":"西新宿新宿ＮＳビル（１９階）"}],"0820":[{"pref":"東京都","city":"新宿区","town":"西新宿新宿ＮＳビル（２０階）"}],"0821":[{"pref":"東京都","city":"新宿区","town":"西新宿新宿ＮＳビル（２１階）"}],"0822":[{"pref":"東京都","city":"新宿区","town":"西新宿新宿ＮＳビル（２２階）"}],"0823":[{"pref":"東京都","city":"新宿区","town":"西新宿新宿ＮＳビル（２３階）"}],"0824":[{"pref":"東京都","city":"新宿区","town":"西新宿新宿ＮＳビル（２４階）"}],"0825":[{"pref":"東京都","city":"新宿区","town":"西新宿新宿ＮＳビル（２５階）"}],"0826":[{"pref":"東京都","city":"新宿区","town":"西新宿新宿ＮＳビル（２６階）"}],"0827":[{"pref":"東京都","city":"新宿区","town":"西新宿新宿ＮＳビル（２７階）"}],"0828":[{"pref":"東京都","city":"新宿区","town":"西新宿新宿ＮＳビル（２８階）"}],"0829":[{"pref":"東京都","city":"新宿区","town":"西新宿新宿ＮＳビル（２９階）"}],"0830":[{"pref":"東京都","city":"新宿区","town":"西新宿新宿ＮＳビル（３０階）"}],"0290":[{"pref":"東京都","city":"新宿区","town":"西新宿新宿住友ビル（地階・階層不明）"}],"0201":[{"pref":"東京都","city":"新宿区","town":"西新宿新宿住友ビル（１階）"}],"0202":[{"pref":"東京都","city":"新宿区","town":"西新宿新宿住友ビル（２階）"}],"0203":[{"pref":"東京都","city":"新宿区","town":"西新宿新宿住友ビル（３階）"}],"0204":[{"pref":"東京都","city":"新宿区","town":"西新宿新宿住友ビル（４階）"}],"0205":[{"pref":"東京都","city":"新宿区","town":"西新宿新宿住友ビル（５階）"}],"0206":[{"pref":"東京都","city":"新宿区","town":"西新宿新宿住友ビル（６階）"}],"0207":[{"pref":"東京都","city":"新宿区","town":"西新宿新宿住友ビル（７階）"}],"0208":[{"pref":"東京都","city":"新宿区","town":"西新宿新宿住友ビル（８階）"}],"0209":[{"pref":"東京都","city":"新宿区","town":"西新宿新宿住友ビル（９階）"}],"0210":[{"pref":"東京都","city":"新宿区","town":"西新宿新宿住友ビル（１０階）"}],"0211":[{"pref":"東京都","city":"新宿区","town":"西新宿新宿住友ビル（１１階）"}],"0212":[{"pref":"東京都","city":"新宿区","town":"西新宿新宿住友ビル（１２階）"}],"0213":[{"pref":"東京都","city":"新宿区","town":"西新宿新宿住友ビル（１３階）"}],"0214":[{"pref":"東京都","city":"新宿区","town":"西新宿新宿住友ビル（１４階）"}],"0215":[{"pref":"東京都","city":"新宿区","town":"西新宿新宿住友ビル（１５階）"}],"0216":[{"pref":"東京都","city":"新宿区","town":"西新宿新宿住友ビル（１６階）"}],"0217":[{"pref":"東京都","city":"新宿区","town":"西新宿新宿住友ビル（１７階）"}],"0218":[{"pref":"東京都","city":"新宿区","town":"西新宿新宿住友ビル（１８階）"}],"0219":[{"pref":"東京都","city":"新宿区","town":"西新宿新宿住友ビル（１９階）"}],"0220":[{"pref":"東京都","city":"新宿区","town":"西新宿新宿住友ビル（２０階）"}],"0221":[{"pref":"東京都","city":"新宿区","town":"西新宿新宿住友ビル（２１階）"}],"0222":[{"pref":"東京都","city":"新宿区","town":"西新宿新宿住友ビル（２２階）"}],"0223":[{"pref":"東京都","city":"新宿区","town":"西新宿新宿住友ビル（２３階）"}],"0224":[{"pref":"東京都","city":"新宿区","town":"西新宿新宿住友ビル（２４階）"}],"0225":[{"pref":"東京都","city":"新宿区","town":"西新宿新宿住友ビル（２５階）"}],"0226":[{"pref":"東京都","city":"新宿区","town":"西新宿新宿住友ビル（２６階）"}],"0227":[{"pref":"東京都","city":"新宿区","town":"西新宿新宿住友ビル（２７階）"}],"0228":[{"pref":"東京都","city":"新宿区","town":"西新宿新宿住友ビル（２８階）"}],"0229":[{"pref":"東京都","city":"新宿区","town":"西新宿新宿住友ビル（２９階）"}],"0230":[{"pref":"東京都","city":"新宿区","town":"西新宿新宿住友ビル（３０階）"}],"0231":[{"pref":"東京都","city":"新宿区","town":"西新宿新宿住友ビル（３１階）"}],"0232":[{"pref":"東京都","city":"新宿区","town":"西新宿新宿住友ビル（３２階）"}],"0233":[{"pref":"東京都","city":"新宿区","town":"西新宿新宿住友ビル（３３階）"}],"0234":[{"pref":"東京都","city":"新宿区","town":"西新宿新宿住友ビル（３４階）"}],"0235":[{"pref":"東京都","city":"新宿区","town":"西新宿新宿住友ビル（３５階）"}],"0236":[{"pref":"東京都","city":"新宿区","town":"西新宿新宿住友ビル（３６階）"}],"0237":[{"pref":"東京都","city":"新宿区","town":"西新宿新宿住友ビル（３７階）"}],"0238":[{"pref":"東京都","city":"新宿区","town":"西新宿新宿住友ビル（３８階）"}],"0239":[{"pref":"東京都","city":"新宿区","town":"西新宿新宿住友ビル（３９階）"}],"0240":[{"pref":"東京都","city":"新宿区","town":"西新宿新宿住友ビル（４０階）"}],"0241":[{"pref":"東京都","city":"新宿区","town":"西新宿新宿住友ビル（４１階）"}],"0242":[{"pref":"東京都","city":"新宿区","town":"西新宿新宿住友ビル（４２階）"}],"0243":[{"pref":"東京都","city":"新宿区","town":"西新宿新宿住友ビル（４３階）"}],"0244":[{"pref":"東京都","city":"新宿区","town":"西新宿新宿住友ビル（４４階）"}],"0245":[{"pref":"東京都","city":"新宿区","town":"西新宿新宿住友ビル（４５階）"}],"0246":[{"pref":"東京都","city":"新宿区","town":"西新宿新宿住友ビル（４６階）"}],"0247":[{"pref":"東京都","city":"新宿区","town":"西新宿新宿住友ビル（４７階）"}],"0248":[{"pref":"東京都","city":"新宿区","town":"西新宿新宿住友ビル（４８階）"}],"0249":[{"pref":"東京都","city":"新宿区","town":"西新宿新宿住友ビル（４９階）"}],"0250":[{"pref":"東京都","city":"新宿区","town":"西新宿新宿住友ビル（５０階）"}],"0251":[{"pref":"東京都","city":"新宿区","town":"西新宿新宿住友ビル（５１階）"}],"0252":[{"pref":"東京都","city":"新宿区","town":"西新宿新宿住友ビル（５２階）"}],"0690":[{"pref":"東京都","city":"新宿区","town":"西新宿新宿センタービル（地階・階層不明）"}],"0601":[{"pref":"東京都","city":"新宿区","town":"西新宿新宿センタービル（１階）"}],"0602":[{"pref":"東京都","city":"新宿区","town":"西新宿新宿センタービル（２階）"}],"0603":[{"pref":"東京都","city":"新宿区","town":"西新宿新宿センタービル（３階）"}],"0604":[{"pref":"東京都","city":"新宿区","town":"西新宿新宿センタービル（４階）"}],"0605":[{"pref":"東京都","city":"新宿区","town":"西新宿新宿センタービル（５階）"}],"0606":[{"pref":"東京都","city":"新宿区","town":"西新宿新宿センタービル（６階）"}],"0607":[{"pref":"東京都","city":"新宿区","town":"西新宿新宿センタービル（７階）"}],"0608":[{"pref":"東京都","city":"新宿区","town":"西新宿新宿センタービル（８階）"}],"0609":[{"pref":"東京都","city":"新宿区","town":"西新宿新宿センタービル（９階）"}],"0610":[{"pref":"東京都","city":"新宿区","town":"西新宿新宿センタービル（１０階）"}],"0611":[{"pref":"東京都","city":"新宿区","town":"西新宿新宿センタービル（１１階）"}],"0612":[{"pref":"東京都","city":"新宿区","town":"西新宿新宿センタービル（１２階）"}],"0613":[{"pref":"東京都","city":"新宿区","town":"西新宿新宿センタービル（１３階）"}],"0614":[{"pref":"東京都","city":"新宿区","town":"西新宿新宿センタービル（１４階）"}],"0615":[{"pref":"東京都","city":"新宿区","town":"西新宿新宿センタービル（１５階）"}],"0616":[{"pref":"東京都","city":"新宿区","town":"西新宿新宿センタービル（１６階）"}],"0617":[{"pref":"東京都","city":"新宿区","town":"西新宿新宿センタービル（１７階）"}],"0618":[{"pref":"東京都","city":"新宿区","town":"西新宿新宿センタービル（１８階）"}],"0619":[{"pref":"東京都","city":"新宿区","town":"西新宿新宿センタービル（１９階）"}],"0620":[{"pref":"東京都","city":"新宿区","town":"西新宿新宿センタービル（２０階）"}],"0621":[{"pref":"東京都","city":"新宿区","town":"西新宿新宿センタービル（２１階）"}],"0622":[{"pref":"東京都","city":"新宿区","town":"西新宿新宿センタービル（２２階）"}],"0623":[{"pref":"東京都","city":"新宿区","town":"西新宿新宿センタービル（２３階）"}],"0624":[{"pref":"東京都","city":"新宿区","town":"西新宿新宿センタービル（２４階）"}],"0625":[{"pref":"東京都","city":"新宿区","town":"西新宿新宿センタービル（２５階）"}],"0626":[{"pref":"東京都","city":"新宿区","town":"西新宿新宿センタービル（２６階）"}],"0627":[{"pref":"東京都","city":"新宿区","town":"西新宿新宿センタービル（２７階）"}],"0628":[{"pref":"東京都","city":"新宿区","town":"西新宿新宿センタービル（２８階）"}],"0629":[{"pref":"東京都","city":"新宿区","town":"西新宿新宿センタービル（２９階）"}],"0630":[{"pref":"東京都","city":"新宿区","town":"西新宿新宿センタービル（３０階）"}],"0631":[{"pref":"東京都","city":"新宿区","town":"西新宿新宿センタービル（３１階）"}],"0632":[{"pref":"東京都","city":"新宿区","town":"西新宿新宿センタービル（３２階）"}],"0633":[{"pref":"東京都","city":"新宿区","town":"西新宿新宿センタービル（３３階）"}],"0634":[{"pref":"東京都","city":"新宿区","town":"西新宿新宿センタービル（３４階）"}],"0635":[{"pref":"東京都","city":"新宿区","town":"西新宿新宿センタービル（３５階）"}],"0636":[{"pref":"東京都","city":"新宿区","town":"西新宿新宿センタービル（３６階）"}],"0637":[{"pref":"東京都","city":"新宿区","town":"西新宿新宿センタービル（３７階）"}],"0638":[{"pref":"東京都","city":"新宿区","town":"西新宿新宿センタービル（３８階）"}],"0639":[{"pref":"東京都","city":"新宿区","town":"西新宿新宿センタービル（３９階）"}],"0640":[{"pref":"東京都","city":"新宿区","town":"西新宿新宿センタービル（４０階）"}],"0641":[{"pref":"東京都","city":"新宿区","town":"西新宿新宿センタービル（４１階）"}],"0642":[{"pref":"東京都","city":"新宿区","town":"西新宿新宿センタービル（４２階）"}],"0643":[{"pref":"東京都","city":"新宿区","town":"西新宿新宿センタービル（４３階）"}],"0644":[{"pref":"東京都","city":"新宿区","town":"西新宿新宿センタービル（４４階）"}],"0645":[{"pref":"東京都","city":"新宿区","town":"西新宿新宿センタービル（４５階）"}],"0646":[{"pref":"東京都","city":"新宿区","town":"西新宿新宿センタービル（４６階）"}],"0647":[{"pref":"東京都","city":"新宿区","town":"西新宿新宿センタービル（４７階）"}],"0648":[{"pref":"東京都","city":"新宿区","town":"西新宿新宿センタービル（４８階）"}],"0649":[{"pref":"東京都","city":"新宿区","town":"西新宿新宿センタービル（４９階）"}],"0650":[{"pref":"東京都","city":"新宿区","town":"西新宿新宿センタービル（５０階）"}],"0651":[{"pref":"東京都","city":"新宿区","town":"西新宿新宿センタービル（５１階）"}],"0652":[{"pref":"東京都","city":"新宿区","town":"西新宿新宿センタービル（５２階）"}],"0653":[{"pref":"東京都","city":"新宿区","town":"西新宿新宿センタービル（５３階）"}],"0654":[{"pref":"東京都","city":"新宿区","town":"西新宿新宿センタービル（５４階）"}],"0590":[{"pref":"東京都","city":"新宿区","town":"西新宿新宿野村ビル（地階・階層不明）"}],"0501":[{"pref":"東京都","city":"新宿区","town":"西新宿新宿野村ビル（１階）"}],"0502":[{"pref":"東京都","city":"新宿区","town":"西新宿新宿野村ビル（２階）"}],"0503":[{"pref":"東京都","city":"新宿区","town":"西新宿新宿野村ビル（３階）"}],"0504":[{"pref":"東京都","city":"新宿区","town":"西新宿新宿野村ビル（４階）"}],"0505":[{"pref":"東京都","city":"新宿区","town":"西新宿新宿野村ビル（５階）"}],"0506":[{"pref":"東京都","city":"新宿区","town":"西新宿新宿野村ビル（６階）"}],"0507":[{"pref":"東京都","city":"新宿区","town":"西新宿新宿野村ビル（７階）"}],"0508":[{"pref":"東京都","city":"新宿区","town":"西新宿新宿野村ビル（８階）"}],"0509":[{"pref":"東京都","city":"新宿区","town":"西新宿新宿野村ビル（９階）"}],"0510":[{"pref":"東京都","city":"新宿区","town":"西新宿新宿野村ビル（１０階）"}],"0511":[{"pref":"東京都","city":"新宿区","town":"西新宿新宿野村ビル（１１階）"}],"0512":[{"pref":"東京都","city":"新宿区","town":"西新宿新宿野村ビル（１２階）"}],"0513":[{"pref":"東京都","city":"新宿区","town":"西新宿新宿野村ビル（１３階）"}],"0514":[{"pref":"東京都","city":"新宿区","town":"西新宿新宿野村ビル（１４階）"}],"0515":[{"pref":"東京都","city":"新宿区","town":"西新宿新宿野村ビル（１５階）"}],"0516":[{"pref":"東京都","city":"新宿区","town":"西新宿新宿野村ビル（１６階）"}],"0517":[{"pref":"東京都","city":"新宿区","town":"西新宿新宿野村ビル（１７階）"}],"0518":[{"pref":"東京都","city":"新宿区","town":"西新宿新宿野村ビル（１８階）"}],"0519":[{"pref":"東京都","city":"新宿区","town":"西新宿新宿野村ビル（１９階）"}],"0520":[{"pref":"東京都","city":"新宿区","town":"西新宿新宿野村ビル（２０階）"}],"0521":[{"pref":"東京都","city":"新宿区","town":"西新宿新宿野村ビル（２１階）"}],"0522":[{"pref":"東京都","city":"新宿区","town":"西新宿新宿野村ビル（２２階）"}],"0523":[{"pref":"東京都","city":"新宿区","town":"西新宿新宿野村ビル（２３階）"}],"0524":[{"pref":"東京都","city":"新宿区","town":"西新宿新宿野村ビル（２４階）"}],"0525":[{"pref":"東京都","city":"新宿区","town":"西新宿新宿野村ビル（２５階）"}],"0526":[{"pref":"東京都","city":"新宿区","town":"西新宿新宿野村ビル（２６階）"}],"0527":[{"pref":"東京都","city":"新宿区","town":"西新宿新宿野村ビル（２７階）"}],"0528":[{"pref":"東京都","city":"新宿区","town":"西新宿新宿野村ビル（２８階）"}],"0529":[{"pref":"東京都","city":"新宿区","town":"西新宿新宿野村ビル（２９階）"}],"0530":[{"pref":"東京都","city":"新宿区","town":"西新宿新宿野村ビル（３０階）"}],"0531":[{"pref":"東京都","city":"新宿区","town":"西新宿新宿野村ビル（３１階）"}],"0532":[{"pref":"東京都","city":"新宿区","town":"西新宿新宿野村ビル（３２階）"}],"0533":[{"pref":"東京都","city":"新宿区","town":"西新宿新宿野村ビル（３３階）"}],"0534":[{"pref":"東京都","city":"新宿区","town":"西新宿新宿野村ビル（３４階）"}],"0535":[{"pref":"東京都","city":"新宿区","town":"西新宿新宿野村ビル（３５階）"}],"0536":[{"pref":"東京都","city":"新宿区","town":"西新宿新宿野村ビル（３６階）"}],"0537":[{"pref":"東京都","city":"新宿区","town":"西新宿新宿野村ビル（３７階）"}],"0538":[{"pref":"東京都","city":"新宿区","town":"西新宿新宿野村ビル（３８階）"}],"0539":[{"pref":"東京都","city":"新宿区","town":"西新宿新宿野村ビル（３９階）"}],"0540":[{"pref":"東京都","city":"新宿区","town":"西新宿新宿野村ビル（４０階）"}],"0541":[{"pref":"東京都","city":"新宿区","town":"西新宿新宿野村ビル（４１階）"}],"0542":[{"pref":"東京都","city":"新宿区","town":"西新宿新宿野村ビル（４２階）"}],"0543":[{"pref":"東京都","city":"新宿区","town":"西新宿新宿野村ビル（４３階）"}],"0544":[{"pref":"東京都","city":"新宿区","town":"西新宿新宿野村ビル（４４階）"}],"0545":[{"pref":"東京都","city":"新宿区","town":"西新宿新宿野村ビル（４５階）"}],"0546":[{"pref":"東京都","city":"新宿区","town":"西新宿新宿野村ビル（４６階）"}],"0547":[{"pref":"東京都","city":"新宿区","town":"西新宿新宿野村ビル（４７階）"}],"0548":[{"pref":"東京都","city":"新宿区","town":"西新宿新宿野村ビル（４８階）"}],"0549":[{"pref":"東京都","city":"新宿区","town":"西新宿新宿野村ビル（４９階）"}],"0550":[{"pref":"東京都","city":"新宿区","town":"西新宿新宿野村ビル（５０階）"}],"0490":[{"pref":"東京都","city":"新宿区","town":"西新宿新宿三井ビル（地階・階層不明）"}],"0401":[{"pref":"東京都","city":"新宿区","town":"西新宿新宿三井ビル（１階）"}],"0402":[{"pref":"東京都","city":"新宿区","town":"西新宿新宿三井ビル（２階）"}],"0403":[{"pref":"東京都","city":"新宿区","town":"西新宿新宿三井ビル（３階）"}],"0404":[{"pref":"東京都","city":"新宿区","town":"西新宿新宿三井ビル（４階）"}],"0405":[{"pref":"東京都","city":"新宿区","town":"西新宿新宿三井ビル（５階）"}],"0406":[{"pref":"東京都","city":"新宿区","town":"西新宿新宿三井ビル（６階）"}],"0407":[{"pref":"東京都","city":"新宿区","town":"西新宿新宿三井ビル（７階）"}],"0408":[{"pref":"東京都","city":"新宿区","town":"西新宿新宿三井ビル（８階）"}],"0409":[{"pref":"東京都","city":"新宿区","town":"西新宿新宿三井ビル（９階）"}],"0410":[{"pref":"東京都","city":"新宿区","town":"西新宿新宿三井ビル（１０階）"}],"0411":[{"pref":"東京都","city":"新宿区","town":"西新宿新宿三井ビル（１１階）"}],"0412":[{"pref":"東京都","city":"新宿区","town":"西新宿新宿三井ビル（１２階）"}],"0413":[{"pref":"東京都","city":"新宿区","town":"西新宿新宿三井ビル（１３階）"}],"0414":[{"pref":"東京都","city":"新宿区","town":"西新宿新宿三井ビル（１４階）"}],"0415":[{"pref":"東京都","city":"新宿区","town":"西新宿新宿三井ビル（１５階）"}],"0416":[{"pref":"東京都","city":"新宿区","town":"西新宿新宿三井ビル（１６階）"}],"0417":[{"pref":"東京都","city":"新宿区","town":"西新宿新宿三井ビル（１７階）"}],"0418":[{"pref":"東京都","city":"新宿区","town":"西新宿新宿三井ビル（１８階）"}],"0419":[{"pref":"東京都","city":"新宿区","town":"西新宿新宿三井ビル（１９階）"}],"0420":[{"pref":"東京都","city":"新宿区","town":"西新宿新宿三井ビル（２０階）"}],"0421":[{"pref":"東京都","city":"新宿区","town":"西新宿新宿三井ビル（２１階）"}],"0422":[{"pref":"東京都","city":"新宿区","town":"西新宿新宿三井ビル（２２階）"}],"0423":[{"pref":"東京都","city":"新宿区","town":"西新宿新宿三井ビル（２３階）"}],"0424":[{"pref":"東京都","city":"新宿区","town":"西新宿新宿三井ビル（２４階）"}],"0425":[{"pref":"東京都","city":"新宿区","town":"西新宿新宿三井ビル（２５階）"}],"0426":[{"pref":"東京都","city":"新宿区","town":"西新宿新宿三井ビル（２６階）"}],"0427":[{"pref":"東京都","city":"新宿区","town":"西新宿新宿三井ビル（２７階）"}],"0428":[{"pref":"東京都","city":"新宿区","town":"西新宿新宿三井ビル（２８階）"}],"0429":[{"pref":"東京都","city":"新宿区","town":"西新宿新宿三井ビル（２９階）"}],"0430":[{"pref":"東京都","city":"新宿区","town":"西新宿新宿三井ビル（３０階）"}],"0431":[{"pref":"東京都","city":"新宿区","town":"西新宿新宿三井ビル（３１階）"}],"0432":[{"pref":"東京都","city":"新宿区","town":"西新宿新宿三井ビル（３２階）"}],"0433":[{"pref":"東京都","city":"新宿区","town":"西新宿新宿三井ビル（３３階）"}],"0434":[{"pref":"東京都","city":"新宿区","town":"西新宿新宿三井ビル（３４階）"}],"0435":[{"pref":"東京都","city":"新宿区","town":"西新宿新宿三井ビル（３５階）"}],"0436":[{"pref":"東京都","city":"新宿区","town":"西新宿新宿三井ビル（３６階）"}],"0437":[{"pref":"東京都","city":"新宿区","town":"西新宿新宿三井ビル（３７階）"}],"0438":[{"pref":"東京都","city":"新宿区","town":"西新宿新宿三井ビル（３８階）"}],"0439":[{"pref":"東京都","city":"新宿区","town":"西新宿新宿三井ビル（３９階）"}],"0440":[{"pref":"東京都","city":"新宿区","town":"西新宿新宿三井ビル（４０階）"}],"0441":[{"pref":"東京都","city":"新宿区","town":"西新宿新宿三井ビル（４１階）"}],"0442":[{"pref":"東京都","city":"新宿区","town":"西新宿新宿三井ビル（４２階）"}],"0443":[{"pref":"東京都","city":"新宿区","town":"西新宿新宿三井ビル（４３階）"}],"0444":[{"pref":"東京都","city":"新宿区","town":"西新宿新宿三井ビル（４４階）"}],"0445":[{"pref":"東京都","city":"新宿区","town":"西新宿新宿三井ビル（４５階）"}],"0446":[{"pref":"東京都","city":"新宿区","town":"西新宿新宿三井ビル（４６階）"}],"0447":[{"pref":"東京都","city":"新宿区","town":"西新宿新宿三井ビル（４７階）"}],"0448":[{"pref":"東京都","city":"新宿区","town":"西新宿新宿三井ビル（４８階）"}],"0449":[{"pref":"東京都","city":"新宿区","town":"西新宿新宿三井ビル（４９階）"}],"0450":[{"pref":"東京都","city":"新宿区","town":"西新宿新宿三井ビル（５０階）"}],"0451":[{"pref":"東京都","city":"新宿区","town":"西新宿新宿三井ビル（５１階）"}],"0452":[{"pref":"東京都","city":"新宿区","town":"西新宿新宿三井ビル（５２階）"}],"0453":[{"pref":"東京都","city":"新宿区","town":"西新宿新宿三井ビル（５３階）"}],"0454":[{"pref":"東京都","city":"新宿区","town":"西新宿新宿三井ビル（５４階）"}],"0455":[{"pref":"東京都","city":"新宿区","town":"西新宿新宿三井ビル（５５階）"}],"0990":[{"pref":"東京都","city":"新宿区","town":"西新宿新宿モノリス（地階・階層不明）"}],"0901":[{"pref":"東京都","city":"新宿区","town":"西新宿新宿モノリス（１階）"}],"0902":[{"pref":"東京都","city":"新宿区","town":"西新宿新宿モノリス（２階）"}],"0903":[{"pref":"東京都","city":"新宿区","town":"西新宿新宿モノリス（３階）"}],"0904":[{"pref":"東京都","city":"新宿区","town":"西新宿新宿モノリス（４階）"}],"0905":[{"pref":"東京都","city":"新宿区","town":"西新宿新宿モノリス（５階）"}],"0906":[{"pref":"東京都","city":"新宿区","town":"西新宿新宿モノリス（６階）"}],"0907":[{"pref":"東京都","city":"新宿区","town":"西新宿新宿モノリス（７階）"}],"0908":[{"pref":"東京都","city":"新宿区","town":"西新宿新宿モノリス（８階）"}],"0909":[{"pref":"東京都","city":"新宿区","town":"西新宿新宿モノリス（９階）"}],"0910":[{"pref":"東京都","city":"新宿区","town":"西新宿新宿モノリス（１０階）"}],"0911":[{"pref":"東京都","city":"新宿区","town":"西新宿新宿モノリス（１１階）"}],"0912":[{"pref":"東京都","city":"新宿区","town":"西新宿新宿モノリス（１２階）"}],"0913":[{"pref":"東京都","city":"新宿区","town":"西新宿新宿モノリス（１３階）"}],"0914":[{"pref":"東京都","city":"新宿区","town":"西新宿新宿モノリス（１４階）"}],"0915":[{"pref":"東京都","city":"新宿区","town":"西新宿新宿モノリス（１５階）"}],"0916":[{"pref":"東京都","city":"新宿区","town":"西新宿新宿モノリス（１６階）"}],"0917":[{"pref":"東京都","city":"新宿区","town":"西新宿新宿モノリス（１７階）"}],"0918":[{"pref":"東京都","city":"新宿区","town":"西新宿新宿モノリス（１８階）"}],"0919":[{"pref":"東京都","city":"新宿区","town":"西新宿新宿モノリス（１９階）"}],"0920":[{"pref":"東京都","city":"新宿区","town":"西新宿新宿モノリス（２０階）"}],"0921":[{"pref":"東京都","city":"新宿区","town":"西新宿新宿モノリス（２１階）"}],"0922":[{"pref":"東京都","city":"新宿区","town":"西新宿新宿モノリス（２２階）"}],"0923":[{"pref":"東京都","city":"新宿区","town":"西新宿新宿モノリス（２３階）"}],"0924":[{"pref":"東京都","city":"新宿区","town":"西新宿新宿モノリス（２４階）"}],"0925":[{"pref":"東京都","city":"新宿区","town":"西新宿新宿モノリス（２５階）"}],"0926":[{"pref":"東京都","city":"新宿区","town":"西新宿新宿モノリス（２６階）"}],"0927":[{"pref":"東京都","city":"新宿区","town":"西新宿新宿モノリス（２７階）"}],"0928":[{"pref":"東京都","city":"新宿区","town":"西新宿新宿モノリス（２８階）"}],"0929":[{"pref":"東京都","city":"新宿区","town":"西新宿新宿モノリス（２９階）"}],"0930":[{"pref":"東京都","city":"新宿区","town":"西新宿新宿モノリス（３０階）"}]}