{"前橋市":{"以下に掲載がない場合":[{"zip":"3710000","zip1":"371","zip2":"0000"}],"青梨子町":[{"zip":"3703573","zip1":"370","zip2":"3573"}],"青葉町":[{"zip":"3710826","zip1":"371","zip2":"0826"}],"青柳町":[{"zip":"3710056","zip1":"371","zip2":"0056"}],"朝倉町":[{"zip":"3710811","zip1":"371","zip2":"0811"}],"朝日が丘町":[{"zip":"3710832","zip1":"371","zip2":"0832"}],"朝日町":[{"zip":"3710014","zip1":"371","zip2":"0014"}],"天川大島町":[{"zip":"3792154","zip1":"379","zip2":"2154"}],"天川原町":[{"zip":"3710803","zip1":"371","zip2":"0803"}],"天川町":[{"zip":"3710802","zip1":"371","zip2":"0802"}],"新井町":[{"zip":"3792112","zip1":"379","zip2":"2112"}],"荒口町":[{"zip":"3792107","zip1":"379","zip2":"2107"}],"荒子町":[{"zip":"3792106","zip1":"379","zip2":"2106"}],"荒牧町":[{"zip":"3710044","zip1":"371","zip2":"0044"}],"飯土井町":[{"zip":"3792111","zip1":"379","zip2":"2111"}],"池端町":[{"zip":"3703571","zip1":"370","zip2":"3571"}],"石倉町":[{"zip":"3710841","zip1":"371","zip2":"0841"}],"石関町":[{"zip":"3710006","zip1":"371","zip2":"0006"}],"泉沢町":[{"zip":"3792101","zip1":"379","zip2":"2101"}],"市之関町":[{"zip":"3710245","zip1":"371","zip2":"0245"}],"今井町":[{"zip":"3792116","zip1":"379","zip2":"2116"}],"岩神町":[{"zip":"3710035","zip1":"371","zip2":"0035"}],"笂井町":[{"zip":"3792115","zip1":"379","zip2":"2115"}],"江木町":[{"zip":"3710002","zip1":"371","zip2":"0002"}],"江田町":[{"zip":"3710836","zip1":"371","zip2":"0836"}],"大胡町":[{"zip":"3710223","zip1":"371","zip2":"0223"}],"大手町":[{"zip":"3710026","zip1":"371","zip2":"0026"}],"大利根町":[{"zip":"3710825","zip1":"371","zip2":"0825"}],"大友町":[{"zip":"3710847","zip1":"371","zip2":"0847"}],"大前田町":[{"zip":"3710243","zip1":"371","zip2":"0243"}],"大渡町":[{"zip":"3710854","zip1":"371","zip2":"0854"}],"荻窪町":[{"zip":"3710001","zip1":"371","zip2":"0001"}],"女屋町":[{"zip":"3792163","zip1":"379","zip2":"2163"}],"表町":[{"zip":"3710024","zip1":"371","zip2":"0024"}],"柏倉町":[{"zip":"3710246","zip1":"371","zip2":"0246"}],"粕川町新屋":[{"zip":"3710206","zip1":"371","zip2":"0206"}],"粕川町稲里":[{"zip":"3710207","zip1":"371","zip2":"0207"}],"粕川町女渕":[{"zip":"3710214","zip1":"371","zip2":"0214"}],"粕川町上東田面":[{"zip":"3710211","zip1":"371","zip2":"0211"}],"粕川町込皆戸":[{"zip":"3710216","zip1":"371","zip2":"0216"}],"粕川町下東田面":[{"zip":"3710212","zip1":"371","zip2":"0212"}],"粕川町膳":[{"zip":"3710204","zip1":"371","zip2":"0204"}],"粕川町月田":[{"zip":"3710203","zip1":"371","zip2":"0203"}],"粕川町中":[{"zip":"3710205","zip1":"371","zip2":"0205"}],"粕川町中之沢":[{"zip":"3710201","zip1":"371","zip2":"0201"}],"粕川町西田面":[{"zip":"3710217","zip1":"371","zip2":"0217"}],"粕川町一日市":[{"zip":"3710213","zip1":"371","zip2":"0213"}],"粕川町深津":[{"zip":"3710215","zip1":"371","zip2":"0215"}],"粕川町前皆戸":[{"zip":"3710218","zip1":"371","zip2":"0218"}],"粕川町室沢":[{"zip":"3710202","zip1":"371","zip2":"0202"}],"勝沢町":[{"zip":"3710124","zip1":"371","zip2":"0124"}],"金丸町":[{"zip":"3710121","zip1":"371","zip2":"0121"}],"上青梨子町":[{"zip":"3703572","zip1":"370","zip2":"3572"}],"上泉町":[{"zip":"3710007","zip1":"371","zip2":"0007"}],"上大島町":[{"zip":"3792153","zip1":"379","zip2":"2153"}],"上大屋町":[{"zip":"3710222","zip1":"371","zip2":"0222"}],"上沖町":[{"zip":"3710052","zip1":"371","zip2":"0052"}],"上小出町":[{"zip":"3710037","zip1":"371","zip2":"0037"}],"上佐鳥町":[{"zip":"3710816","zip1":"371","zip2":"0816"}],"上新田町":[{"zip":"3710821","zip1":"371","zip2":"0821"}],"上長磯町":[{"zip":"3792165","zip1":"379","zip2":"2165"}],"上細井町":[{"zip":"3710051","zip1":"371","zip2":"0051"}],"上増田町":[{"zip":"3792114","zip1":"379","zip2":"2114"}],"亀泉町":[{"zip":"3710004","zip1":"371","zip2":"0004"}],"亀里町":[{"zip":"3792147","zip1":"379","zip2":"2147"}],"川端町":[{"zip":"3710041","zip1":"371","zip2":"0041"}],"川原町":[{"zip":"3710046","zip1":"371","zip2":"0046"}],"川曲町":[{"zip":"3710823","zip1":"371","zip2":"0823"}],"河原浜町":[{"zip":"3710224","zip1":"371","zip2":"0224"}],"神沢の森":[{"zip":"3792103","zip1":"379","zip2":"2103"}],"北代田町":[{"zip":"3710055","zip1":"371","zip2":"0055"}],"清野町":[{"zip":"3703574","zip1":"370","zip2":"3574"}],"公田町":[{"zip":"3792146","zip1":"379","zip2":"2146"}],"小相木町":[{"zip":"3710831","zip1":"371","zip2":"0831"}],"紅雲町":[{"zip":"3710025","zip1":"371","zip2":"0025"}],"幸塚町":[{"zip":"3710053","zip1":"371","zip2":"0053"}],"後閑町":[{"zip":"3710813","zip1":"371","zip2":"0813"}],"国領町":[{"zip":"3710033","zip1":"371","zip2":"0033"}],"後家町":[{"zip":"3710834","zip1":"371","zip2":"0834"}],"小坂子町":[{"zip":"3710122","zip1":"371","zip2":"0122"}],"小島田町":[{"zip":"3792162","zip1":"379","zip2":"2162"}],"小神明町":[{"zip":"3710134","zip1":"371","zip2":"0134"}],"五代町":[{"zip":"3710132","zip1":"371","zip2":"0132"}],"駒形町":[{"zip":"3792122","zip1":"379","zip2":"2122"}],"小屋原町":[{"zip":"3792121","zip1":"379","zip2":"2121"}],"山王町":[{"zip":"3792123","zip1":"379","zip2":"2123"}],"敷島町":[{"zip":"3710036","zip1":"371","zip2":"0036"}],"下阿内町":[{"zip":"3792142","zip1":"379","zip2":"2142"}],"下石倉町":[{"zip":"3710842","zip1":"371","zip2":"0842"}],"下大島町":[{"zip":"3792152","zip1":"379","zip2":"2152"}],"下大屋町":[{"zip":"3792102","zip1":"379","zip2":"2102"}],"下沖町":[{"zip":"3710011","zip1":"371","zip2":"0011"}],"下川町":[{"zip":"3792144","zip1":"379","zip2":"2144"}],"下小出町":[{"zip":"3710031","zip1":"371","zip2":"0031"}],"下佐鳥町":[{"zip":"3710815","zip1":"371","zip2":"0815"}],"下新田町":[{"zip":"3710822","zip1":"371","zip2":"0822"}],"下長磯町":[{"zip":"3792151","zip1":"379","zip2":"2151"}],"下細井町":[{"zip":"3710054","zip1":"371","zip2":"0054"}],"下増田町":[{"zip":"3792113","zip1":"379","zip2":"2113"}],"城東町":[{"zip":"3710016","zip1":"371","zip2":"0016"}],"昭和町":[{"zip":"3710034","zip1":"371","zip2":"0034"}],"新前橋町":[{"zip":"3710843","zip1":"371","zip2":"0843"}],"住吉町":[{"zip":"3710021","zip1":"371","zip2":"0021"}],"関根町":[{"zip":"3710047","zip1":"371","zip2":"0047"}],"総社町":[{"zip":"3710853","zip1":"371","zip2":"0853"}],"総社町植野":[{"zip":"3710851","zip1":"371","zip2":"0851"}],"総社町桜が丘":[{"zip":"3710858","zip1":"371","zip2":"0858"}],"総社町総社":[{"zip":"3710852","zip1":"371","zip2":"0852"}],"総社町高井":[{"zip":"3710856","zip1":"371","zip2":"0856"}],"高井町":[{"zip":"3710857","zip1":"371","zip2":"0857"}],"高花台":[{"zip":"3710123","zip1":"371","zip2":"0123"}],"滝窪町":[{"zip":"3710235","zip1":"371","zip2":"0235"}],"田口町":[{"zip":"3710048","zip1":"371","zip2":"0048"}],"千代田町":[{"zip":"3710022","zip1":"371","zip2":"0022"}],"堤町":[{"zip":"3710003","zip1":"371","zip2":"0003"}],"鶴が谷町":[{"zip":"3792108","zip1":"379","zip2":"2108"}],"鶴光路町":[{"zip":"3792141","zip1":"379","zip2":"2141"}],"稲荷新田町":[{"zip":"3710824","zip1":"371","zip2":"0824"}],"徳丸町":[{"zip":"3792135","zip1":"379","zip2":"2135"}],"鳥取町":[{"zip":"3710131","zip1":"371","zip2":"0131"}],"富田町":[{"zip":"3792161","zip1":"379","zip2":"2161"}],"鳥羽町":[{"zip":"3710845","zip1":"371","zip2":"0845"}],"問屋町":[{"zip":"3710855","zip1":"371","zip2":"0855"}],"苗ケ島町":[{"zip":"3710241","zip1":"371","zip2":"0241"}],"中内町":[{"zip":"3792133","zip1":"379","zip2":"2133"}],"南橘町":[{"zip":"3710043","zip1":"371","zip2":"0043"}],"新堀町":[{"zip":"3792143","zip1":"379","zip2":"2143"}],"西大室町":[{"zip":"3792104","zip1":"379","zip2":"2104"}],"西片貝町":[{"zip":"3710013","zip1":"371","zip2":"0013"}],"西善町":[{"zip":"3792131","zip1":"379","zip2":"2131"}],"日輪寺町":[{"zip":"3710042","zip1":"371","zip2":"0042"}],"二之宮町":[{"zip":"3792117","zip1":"379","zip2":"2117"}],"ぬで島町":[{"zip":"3710817","zip1":"371","zip2":"0817"}],"野中町":[{"zip":"3792166","zip1":"379","zip2":"2166"}],"端気町":[{"zip":"3710133","zip1":"371","zip2":"0133"}],"箱田町":[{"zip":"3710837","zip1":"371","zip2":"0837"}],"鼻毛石町":[{"zip":"3710244","zip1":"371","zip2":"0244"}],"馬場町":[{"zip":"3710242","zip1":"371","zip2":"0242"}],"東上野町":[{"zip":"3792164","zip1":"379","zip2":"2164"}],"東大室町":[{"zip":"3792105","zip1":"379","zip2":"2105"}],"東片貝町":[{"zip":"3710012","zip1":"371","zip2":"0012"}],"東金丸町":[{"zip":"3710234","zip1":"371","zip2":"0234"}],"東善町":[{"zip":"3792132","zip1":"379","zip2":"2132"}],"光が丘町":[{"zip":"3710833","zip1":"371","zip2":"0833"}],"樋越町":[{"zip":"3710221","zip1":"371","zip2":"0221"}],"日吉町":[{"zip":"3710017","zip1":"371","zip2":"0017"}],"広瀬町":[{"zip":"3710812","zip1":"371","zip2":"0812"}],"富士見町赤城山":[{"zip":"3710101","zip1":"371","zip2":"0101"}],"富士見町石井":[{"zip":"3710105","zip1":"371","zip2":"0105"}],"富士見町市之木場":[{"zip":"3710106","zip1":"371","zip2":"0106"}],"富士見町漆窪":[{"zip":"3710113","zip1":"371","zip2":"0113"}],"富士見町小沢":[{"zip":"3710115","zip1":"371","zip2":"0115"}],"富士見町小暮":[{"zip":"3710103","zip1":"371","zip2":"0103"}],"富士見町米野":[{"zip":"3710111","zip1":"371","zip2":"0111"}],"富士見町田島":[{"zip":"3710114","zip1":"371","zip2":"0114"}],"富士見町時沢":[{"zip":"3710104","zip1":"371","zip2":"0104"}],"富士見町原之郷":[{"zip":"3710116","zip1":"371","zip2":"0116"}],"富士見町引田":[{"zip":"3710112","zip1":"371","zip2":"0112"}],"富士見町皆沢":[{"zip":"3710102","zip1":"371","zip2":"0102"}],"富士見町山口":[{"zip":"3710107","zip1":"371","zip2":"0107"}],"富士見町横室":[{"zip":"3710117","zip1":"371","zip2":"0117"}],"古市町":[{"zip":"3710844","zip1":"371","zip2":"0844"}],"文京町":[{"zip":"3710801","zip1":"371","zip2":"0801"}],"平和町":[{"zip":"3710027","zip1":"371","zip2":"0027"}],"房丸町":[{"zip":"3792136","zip1":"379","zip2":"2136"}],"堀越町":[{"zip":"3710231","zip1":"371","zip2":"0231"}],"堀之下町":[{"zip":"3710005","zip1":"371","zip2":"0005"}],"本町":[{"zip":"3710023","zip1":"371","zip2":"0023"}],"前箱田町":[{"zip":"3710835","zip1":"371","zip2":"0835"}],"三河町":[{"zip":"3710015","zip1":"371","zip2":"0015"}],"三俣町":[{"zip":"3710018","zip1":"371","zip2":"0018"}],"緑が丘町":[{"zip":"3710045","zip1":"371","zip2":"0045"}],"南町":[{"zip":"3710805","zip1":"371","zip2":"0805"}],"嶺町":[{"zip":"3710125","zip1":"371","zip2":"0125"}],"宮地町":[{"zip":"3710814","zip1":"371","zip2":"0814"}],"三夜沢町":[{"zip":"3710247","zip1":"371","zip2":"0247"}],"茂木町":[{"zip":"3710232","zip1":"371","zip2":"0232"}],"元総社町":[{"zip":"3710846","zip1":"371","zip2":"0846"}],"横沢町":[{"zip":"3710233","zip1":"371","zip2":"0233"}],"横手町":[{"zip":"3792145","zip1":"379","zip2":"2145"}],"力丸町":[{"zip":"3792134","zip1":"379","zip2":"2134"}],"龍蔵寺町":[{"zip":"3710057","zip1":"371","zip2":"0057"}],"六供町":[{"zip":"3710804","zip1":"371","zip2":"0804"}],"若宮町":[{"zip":"3710032","zip1":"371","zip2":"0032"}]},"高崎市":{"以下に掲載がない場合":[{"zip":"3700000","zip1":"370","zip2":"0000"}],"相生町":[{"zip":"3700811","zip1":"370","zip2":"0811"}],"赤坂町":[{"zip":"3700818","zip1":"370","zip2":"0818"}],"阿久津町":[{"zip":"3701211","zip1":"370","zip2":"1211"}],"旭町":[{"zip":"3700052","zip1":"370","zip2":"0052"}],"足門町":[{"zip":"3703531","zip1":"370","zip2":"3531"}],"東町":[{"zip":"3700045","zip1":"370","zip2":"0045"}],"あら町":[{"zip":"3700831","zip1":"370","zip2":"0831"}],"飯玉町":[{"zip":"3700063","zip1":"370","zip2":"0063"}],"飯塚町":[{"zip":"3700069","zip1":"370","zip2":"0069"}],"石原町":[{"zip":"3700864","zip1":"370","zip2":"0864"}],"井出町":[{"zip":"3703534","zip1":"370","zip2":"3534"}],"稲荷町":[{"zip":"3700062","zip1":"370","zip2":"0062"}],"井野町":[{"zip":"3700004","zip1":"370","zip2":"0004"}],"岩押町":[{"zip":"3700044","zip1":"370","zip2":"0044"}],"岩鼻町":[{"zip":"3701208","zip1":"370","zip2":"1208"}],"請地町":[{"zip":"3700067","zip1":"370","zip2":"0067"}],"後疋間町":[{"zip":"3703518","zip1":"370","zip2":"3518"}],"歌川町":[{"zip":"3700807","zip1":"370","zip2":"0807"}],"江木町":[{"zip":"3700046","zip1":"370","zip2":"0046"}],"大沢町":[{"zip":"3700012","zip1":"370","zip2":"0012"}],"大橋町":[{"zip":"3700803","zip1":"370","zip2":"0803"}],"大八木町":[{"zip":"3700072","zip1":"370","zip2":"0072"}],"沖町":[{"zip":"3700086","zip1":"370","zip2":"0086"}],"貝沢町":[{"zip":"3700042","zip1":"370","zip2":"0042"}],"鍛冶町":[{"zip":"3700838","zip1":"370","zip2":"0838"}],"片岡町":[{"zip":"3700862","zip1":"370","zip2":"0862"}],"嘉多町":[{"zip":"3700814","zip1":"370","zip2":"0814"}],"金井淵町":[{"zip":"3700882","zip1":"370","zip2":"0882"}],"金古町":[{"zip":"3703511","zip1":"370","zip2":"3511"}],"上大島町":[{"zip":"3703335","zip1":"370","zip2":"3335"}],"上大類町":[{"zip":"3700031","zip1":"370","zip2":"0031"}],"上小鳥町":[{"zip":"3700078","zip1":"370","zip2":"0078"}],"上小塙町":[{"zip":"3700077","zip1":"370","zip2":"0077"}],"上里見町":[{"zip":"3703345","zip1":"370","zip2":"3345"}],"上佐野町":[{"zip":"3700857","zip1":"370","zip2":"0857"}],"上滝町":[{"zip":"3700027","zip1":"370","zip2":"0027"}],"上豊岡町":[{"zip":"3700871","zip1":"370","zip2":"0871"}],"上中居町":[{"zip":"3700851","zip1":"370","zip2":"0851"}],"上並榎町":[{"zip":"3700801","zip1":"370","zip2":"0801"}],"上室田町":[{"zip":"3703346","zip1":"370","zip2":"3346"}],"上和田町":[{"zip":"3700806","zip1":"370","zip2":"0806"}],"菊地町":[{"zip":"3700084","zip1":"370","zip2":"0084"}],"北新波町":[{"zip":"3700082","zip1":"370","zip2":"0082"}],"北久保町":[{"zip":"3700872","zip1":"370","zip2":"0872"}],"北通町":[{"zip":"3700056","zip1":"370","zip2":"0056"}],"北原町":[{"zip":"3703513","zip1":"370","zip2":"3513"}],"北双葉町":[{"zip":"3700842","zip1":"370","zip2":"0842"}],"木部町":[{"zip":"3701212","zip1":"370","zip2":"1212"}],"京目町":[{"zip":"3700011","zip1":"370","zip2":"0011"}],"行力町":[{"zip":"3700088","zip1":"370","zip2":"0088"}],"九蔵町":[{"zip":"3700058","zip1":"370","zip2":"0058"}],"倉賀野町":[{"zip":"3701201","zip1":"370","zip2":"1201"}],"倉渕町岩氷":[{"zip":"3703404","zip1":"370","zip2":"3404"}],"倉渕町川浦":[{"zip":"3703405","zip1":"370","zip2":"3405"}],"倉渕町権田":[{"zip":"3703401","zip1":"370","zip2":"3401"}],"倉渕町三ノ倉":[{"zip":"3703402","zip1":"370","zip2":"3402"}],"倉渕町水沼":[{"zip":"3703403","zip1":"370","zip2":"3403"}],"栗崎町":[{"zip":"3701205","zip1":"370","zip2":"1205"}],"剣崎町":[{"zip":"3700883","zip1":"370","zip2":"0883"}],"神戸町":[{"zip":"3703336","zip1":"370","zip2":"3336"}],"小八木町":[{"zip":"3700071","zip1":"370","zip2":"0071"}],"栄町":[{"zip":"3700841","zip1":"370","zip2":"0841"}],"佐野窪町":[{"zip":"3700856","zip1":"370","zip2":"0856"}],"鞘町":[{"zip":"3700827","zip1":"370","zip2":"0827"}],"新後閑町":[{"zip":"3700845","zip1":"370","zip2":"0845"}],"柴崎町":[{"zip":"3700035","zip1":"370","zip2":"0035"}],"芝塚町":[{"zip":"3700064","zip1":"370","zip2":"0064"}],"島野町":[{"zip":"3700015","zip1":"370","zip2":"0015"}],"下大島町":[{"zip":"3700886","zip1":"370","zip2":"0886"}],"下大類町":[{"zip":"3700034","zip1":"370","zip2":"0034"}],"下小鳥町":[{"zip":"3700074","zip1":"370","zip2":"0074"}],"下小塙町":[{"zip":"3700076","zip1":"370","zip2":"0076"}],"下斉田町":[{"zip":"3700025","zip1":"370","zip2":"0025"}],"下里見町":[{"zip":"3703343","zip1":"370","zip2":"3343"}],"下佐野町":[{"zip":"3700855","zip1":"370","zip2":"0855"}],"下滝町":[{"zip":"3700026","zip1":"370","zip2":"0026"}],"下豊岡町":[{"zip":"3700873","zip1":"370","zip2":"0873"}],"下中居町":[{"zip":"3700853","zip1":"370","zip2":"0853"}],"下之城町":[{"zip":"3700854","zip1":"370","zip2":"0854"}],"下室田町":[{"zip":"3703342","zip1":"370","zip2":"3342"}],"下横町":[{"zip":"3700837","zip1":"370","zip2":"0837"}],"下和田町":[{"zip":"3700846","zip1":"370","zip2":"0846"}],"十文字町":[{"zip":"3703331","zip1":"370","zip2":"3331"}],"宿大類町":[{"zip":"3700032","zip1":"370","zip2":"0032"}],"宿横手町":[{"zip":"3700022","zip1":"370","zip2":"0022"}],"正観寺町":[{"zip":"3700008","zip1":"370","zip2":"0008"}],"昭和町":[{"zip":"3700068","zip1":"370","zip2":"0068"}],"白岩町":[{"zip":"3703332","zip1":"370","zip2":"3332"}],"白銀町":[{"zip":"3700825","zip1":"370","zip2":"0825"}],"城山町":[{"zip":"3700866","zip1":"370","zip2":"0866"}],"新紺屋町":[{"zip":"3700821","zip1":"370","zip2":"0821"}],"真町":[{"zip":"3700054","zip1":"370","zip2":"0054"}],"新田町":[{"zip":"3700833","zip1":"370","zip2":"0833"}],"新保田中町":[{"zip":"3700003","zip1":"370","zip2":"0003"}],"新保町":[{"zip":"3700018","zip1":"370","zip2":"0018"}],"新町":[{"zip":"3701301","zip1":"370","zip2":"1301"}],"末広町":[{"zip":"3700065","zip1":"370","zip2":"0065"}],"菅谷町":[{"zip":"3703522","zip1":"370","zip2":"3522"}],"砂賀町":[{"zip":"3700832","zip1":"370","zip2":"0832"}],"住吉町":[{"zip":"3700804","zip1":"370","zip2":"0804"}],"堰代町":[{"zip":"3700817","zip1":"370","zip2":"0817"}],"台新田町":[{"zip":"3701206","zip1":"370","zip2":"1206"}],"台町":[{"zip":"3700805","zip1":"370","zip2":"0805"}],"高砂町":[{"zip":"3700047","zip1":"370","zip2":"0047"}],"高関町":[{"zip":"3700043","zip1":"370","zip2":"0043"}],"高浜町":[{"zip":"3703333","zip1":"370","zip2":"3333"}],"高松町":[{"zip":"3700829","zip1":"370","zip2":"0829"}],"竜見町":[{"zip":"3700835","zip1":"370","zip2":"0835"}],"田町":[{"zip":"3700824","zip1":"370","zip2":"0824"}],"塚田町":[{"zip":"3703515","zip1":"370","zip2":"3515"}],"筑縄町":[{"zip":"3700075","zip1":"370","zip2":"0075"}],"椿町":[{"zip":"3700059","zip1":"370","zip2":"0059"}],"鶴見町":[{"zip":"3700848","zip1":"370","zip2":"0848"}],"寺尾町":[{"zip":"3700865","zip1":"370","zip2":"0865"}],"天神町":[{"zip":"3700061","zip1":"370","zip2":"0061"}],"稲荷台町":[{"zip":"3703516","zip1":"370","zip2":"3516"}],"通町":[{"zip":"3700053","zip1":"370","zip2":"0053"}],"常盤町":[{"zip":"3700816","zip1":"370","zip2":"0816"}],"問屋町":[{"zip":"3700006","zip1":"370","zip2":"0006"}],"問屋町西":[{"zip":"3700007","zip1":"370","zip2":"0007"}],"中泉町":[{"zip":"3703524","zip1":"370","zip2":"3524"}],"中居町":[{"zip":"3700852","zip1":"370","zip2":"0852"}],"中大類町":[{"zip":"3700033","zip1":"370","zip2":"0033"}],"中尾町":[{"zip":"3700001","zip1":"370","zip2":"0001"}],"中紺屋町":[{"zip":"3700823","zip1":"370","zip2":"0823"}],"中里町":[{"zip":"3703532","zip1":"370","zip2":"3532"}],"中里見町":[{"zip":"3703344","zip1":"370","zip2":"3344"}],"中島町":[{"zip":"3700023","zip1":"370","zip2":"0023"}],"中豊岡町":[{"zip":"3700874","zip1":"370","zip2":"0874"}],"中室田町":[{"zip":"3703347","zip1":"370","zip2":"3347"}],"並榎町":[{"zip":"3700802","zip1":"370","zip2":"0802"}],"成田町":[{"zip":"3700812","zip1":"370","zip2":"0812"}],"西国分町":[{"zip":"3703512","zip1":"370","zip2":"3512"}],"西島町":[{"zip":"3700017","zip1":"370","zip2":"0017"}],"西横手町":[{"zip":"3700021","zip1":"370","zip2":"0021"}],"日光町":[{"zip":"3700048","zip1":"370","zip2":"0048"}],"根小屋町":[{"zip":"3701214","zip1":"370","zip2":"1214"}],"乗附町":[{"zip":"3700867","zip1":"370","zip2":"0867"}],"萩原町":[{"zip":"3700013","zip1":"370","zip2":"0013"}],"鼻高町":[{"zip":"3700868","zip1":"370","zip2":"0868"}],"浜川町":[{"zip":"3700081","zip1":"370","zip2":"0081"}],"浜尻町":[{"zip":"3700005","zip1":"370","zip2":"0005"}],"榛名湖町":[{"zip":"3703348","zip1":"370","zip2":"3348"}],"榛名山町":[{"zip":"3703341","zip1":"370","zip2":"3341"}],"東貝沢町":[{"zip":"3700041","zip1":"370","zip2":"0041"}],"東国分町":[{"zip":"3703514","zip1":"370","zip2":"3514"}],"東中里町":[{"zip":"3701204","zip1":"370","zip2":"1204"}],"引間町":[{"zip":"3703517","zip1":"370","zip2":"3517"}],"聖石町":[{"zip":"3700863","zip1":"370","zip2":"0863"}],"日高町":[{"zip":"3700002","zip1":"370","zip2":"0002"}],"檜物町":[{"zip":"3700839","zip1":"370","zip2":"0839"}],"冷水町":[{"zip":"3703519","zip1":"370","zip2":"3519"}],"福島町":[{"zip":"3703523","zip1":"370","zip2":"3523"}],"藤塚町":[{"zip":"3700875","zip1":"370","zip2":"0875"}],"双葉町":[{"zip":"3700843","zip1":"370","zip2":"0843"}],"保渡田町":[{"zip":"3703533","zip1":"370","zip2":"3533"}],"本郷町":[{"zip":"3703334","zip1":"370","zip2":"3334"}],"町屋町":[{"zip":"3700881","zip1":"370","zip2":"0881"}],"箕郷町生原":[{"zip":"3703102","zip1":"370","zip2":"3102"}],"箕郷町柏木沢":[{"zip":"3703101","zip1":"370","zip2":"3101"}],"箕郷町金敷平":[{"zip":"3703114","zip1":"370","zip2":"3114"}],"箕郷町上芝":[{"zip":"3703104","zip1":"370","zip2":"3104"}],"箕郷町下芝":[{"zip":"3703103","zip1":"370","zip2":"3103"}],"箕郷町白川":[{"zip":"3703117","zip1":"370","zip2":"3117"}],"箕郷町善地":[{"zip":"3703112","zip1":"370","zip2":"3112"}],"箕郷町富岡":[{"zip":"3703115","zip1":"370","zip2":"3115"}],"箕郷町中野":[{"zip":"3703111","zip1":"370","zip2":"3111"}],"箕郷町西明屋":[{"zip":"3703105","zip1":"370","zip2":"3105"}],"箕郷町東明屋":[{"zip":"3703106","zip1":"370","zip2":"3106"}],"箕郷町松之沢":[{"zip":"3703113","zip1":"370","zip2":"3113"}],"箕郷町矢原":[{"zip":"3703107","zip1":"370","zip2":"3107"}],"箕郷町和田山":[{"zip":"3703116","zip1":"370","zip2":"3116"}],"三ツ子沢町":[{"zip":"3703337","zip1":"370","zip2":"3337"}],"三ツ寺町":[{"zip":"3703525","zip1":"370","zip2":"3525"}],"緑町":[{"zip":"3700073","zip1":"370","zip2":"0073"}],"南新波町":[{"zip":"3700083","zip1":"370","zip2":"0083"}],"南大類町":[{"zip":"3700036","zip1":"370","zip2":"0036"}],"南町":[{"zip":"3700834","zip1":"370","zip2":"0834"}],"宮沢町":[{"zip":"3703338","zip1":"370","zip2":"3338"}],"宮原町":[{"zip":"3701202","zip1":"370","zip2":"1202"}],"宮元町":[{"zip":"3700828","zip1":"370","zip2":"0828"}],"棟高町":[{"zip":"3703521","zip1":"370","zip2":"3521"}],"元紺屋町":[{"zip":"3700057","zip1":"370","zip2":"0057"}],"元島名町":[{"zip":"3700014","zip1":"370","zip2":"0014"}],"本町":[{"zip":"3700813","zip1":"370","zip2":"0813"}],"八島町":[{"zip":"3700849","zip1":"370","zip2":"0849"}],"矢島町":[{"zip":"3700016","zip1":"370","zip2":"0016"}],"八千代町":[{"zip":"3700861","zip1":"370","zip2":"0861"}],"矢中町":[{"zip":"3701203","zip1":"370","zip2":"1203"}],"柳川町":[{"zip":"3700815","zip1":"370","zip2":"0815"}],"山田町":[{"zip":"3700066","zip1":"370","zip2":"0066"}],"山名町":[{"zip":"3701213","zip1":"370","zip2":"1213"}],"八幡原町":[{"zip":"3700024","zip1":"370","zip2":"0024"}],"八幡町":[{"zip":"3700884","zip1":"370","zip2":"0884"}],"弓町":[{"zip":"3700051","zip1":"370","zip2":"0051"}],"吉井町池":[{"zip":"3702107","zip1":"370","zip2":"2107"}],"吉井町石神":[{"zip":"3702114","zip1":"370","zip2":"2114"}],"吉井町岩井":[{"zip":"3702103","zip1":"370","zip2":"2103"}],"吉井町岩崎":[{"zip":"3702131","zip1":"370","zip2":"2131"}],"吉井町大沢":[{"zip":"3702125","zip1":"370","zip2":"2125"}],"吉井町小串":[{"zip":"3702111","zip1":"370","zip2":"2111"}],"吉井町片山":[{"zip":"3702135","zip1":"370","zip2":"2135"}],"吉井町上奥平":[{"zip":"3702139","zip1":"370","zip2":"2139"}],"吉井町黒熊":[{"zip":"3702112","zip1":"370","zip2":"2112"}],"吉井町小暮":[{"zip":"3702102","zip1":"370","zip2":"2102"}],"吉井町小棚":[{"zip":"3702136","zip1":"370","zip2":"2136"}],"吉井町坂口":[{"zip":"3702137","zip1":"370","zip2":"2137"}],"吉井町塩":[{"zip":"3702124","zip1":"370","zip2":"2124"}],"吉井町塩川":[{"zip":"3702134","zip1":"370","zip2":"2134"}],"吉井町下奥平":[{"zip":"3702138","zip1":"370","zip2":"2138"}],"吉井町下長根":[{"zip":"3702121","zip1":"370","zip2":"2121"}],"吉井町神保":[{"zip":"3702123","zip1":"370","zip2":"2123"}],"吉井町多比良":[{"zip":"3702115","zip1":"370","zip2":"2115"}],"吉井町高":[{"zip":"3702122","zip1":"370","zip2":"2122"}],"吉井町多胡":[{"zip":"3702116","zip1":"370","zip2":"2116"}],"吉井町中島":[{"zip":"3702105","zip1":"370","zip2":"2105"}],"吉井町長根":[{"zip":"3702127","zip1":"370","zip2":"2127"}],"吉井町南陽台":[{"zip":"3702101","zip1":"370","zip2":"2101"}],"吉井町東谷":[{"zip":"3702126","zip1":"370","zip2":"2126"}],"吉井町深沢":[{"zip":"3702113","zip1":"370","zip2":"2113"}],"吉井町本郷":[{"zip":"3702128","zip1":"370","zip2":"2128"}],"吉井町馬庭":[{"zip":"3702104","zip1":"370","zip2":"2104"}],"吉井町矢田":[{"zip":"3702106","zip1":"370","zip2":"2106"}],"吉井町吉井":[{"zip":"3702132","zip1":"370","zip2":"2132"}],"吉井町吉井川":[{"zip":"3702133","zip1":"370","zip2":"2133"}],"四ツ屋町":[{"zip":"3700819","zip1":"370","zip2":"0819"}],"寄合町":[{"zip":"3700822","zip1":"370","zip2":"0822"}],"羅漢町":[{"zip":"3700055","zip1":"370","zip2":"0055"}],"楽間町":[{"zip":"3700087","zip1":"370","zip2":"0087"}],"連雀町":[{"zip":"3700826","zip1":"370","zip2":"0826"}],"若田町":[{"zip":"3700885","zip1":"370","zip2":"0885"}],"若松町":[{"zip":"3700836","zip1":"370","zip2":"0836"}],"我峰町":[{"zip":"3700085","zip1":"370","zip2":"0085"}],"和田多中町":[{"zip":"3700844","zip1":"370","zip2":"0844"}],"綿貫町":[{"zip":"3701207","zip1":"370","zip2":"1207"}],"和田町":[{"zip":"3700847","zip1":"370","zip2":"0847"}]},"桐生市":{"以下に掲載がない場合":[{"zip":"3760000","zip1":"376","zip2":"0000"}],"相生町":[{"zip":"3760011","zip1":"376","zip2":"0011"}],"旭町":[{"zip":"3760037","zip1":"376","zip2":"0037"}],"東町":[{"zip":"3760032","zip1":"376","zip2":"0032"}],"泉町":[{"zip":"3760033","zip1":"376","zip2":"0033"}],"稲荷町":[{"zip":"3760022","zip1":"376","zip2":"0022"}],"梅田町":[{"zip":"3760601","zip1":"376","zip2":"0601"}],"永楽町":[{"zip":"3760044","zip1":"376","zip2":"0044"}],"織姫町":[{"zip":"3760024","zip1":"376","zip2":"0024"}],"川内町":[{"zip":"3760041","zip1":"376","zip2":"0041"}],"川岸町":[{"zip":"3760036","zip1":"376","zip2":"0036"}],"清瀬町":[{"zip":"3760026","zip1":"376","zip2":"0026"}],"黒保根町上田沢":[{"zip":"3760145","zip1":"376","zip2":"0145"}],"黒保根町下田沢":[{"zip":"3760144","zip1":"376","zip2":"0144"}],"黒保根町宿廻":[{"zip":"3760143","zip1":"376","zip2":"0143"}],"黒保根町水沼":[{"zip":"3760141","zip1":"376","zip2":"0141"}],"黒保根町八木原":[{"zip":"3760142","zip1":"376","zip2":"0142"}],"小梅町":[{"zip":"3760004","zip1":"376","zip2":"0004"}],"小曾根町":[{"zip":"3760043","zip1":"376","zip2":"0043"}],"琴平町":[{"zip":"3760003","zip1":"376","zip2":"0003"}],"境野町":[{"zip":"3760002","zip1":"376","zip2":"0002"}],"桜木町":[{"zip":"3760012","zip1":"376","zip2":"0012"}],"新宿":[{"zip":"3760006","zip1":"376","zip2":"0006"}],"末広町":[{"zip":"3760045","zip1":"376","zip2":"0045"}],"高砂町":[{"zip":"3760038","zip1":"376","zip2":"0038"}],"堤町":[{"zip":"3760042","zip1":"376","zip2":"0042"}],"天神町":[{"zip":"3760052","zip1":"376","zip2":"0052"}],"巴町":[{"zip":"3760021","zip1":"376","zip2":"0021"}],"仲町":[{"zip":"3760035","zip1":"376","zip2":"0035"}],"新里町赤城山":[{"zip":"3760137","zip1":"376","zip2":"0137"}],"新里町板橋":[{"zip":"3760136","zip1":"376","zip2":"0136"}],"新里町大久保":[{"zip":"3760133","zip1":"376","zip2":"0133"}],"新里町奥沢":[{"zip":"3760131","zip1":"376","zip2":"0131"}],"新里町小林":[{"zip":"3760124","zip1":"376","zip2":"0124"}],"新里町関":[{"zip":"3760134","zip1":"376","zip2":"0134"}],"新里町高泉":[{"zip":"3760135","zip1":"376","zip2":"0135"}],"新里町武井":[{"zip":"3760123","zip1":"376","zip2":"0123"}],"新里町鶴ケ谷":[{"zip":"3760132","zip1":"376","zip2":"0132"}],"新里町新川":[{"zip":"3760121","zip1":"376","zip2":"0121"}],"新里町野":[{"zip":"3760122","zip1":"376","zip2":"0122"}],"新里町山上":[{"zip":"3760125","zip1":"376","zip2":"0125"}],"錦町":[{"zip":"3760023","zip1":"376","zip2":"0023"}],"西久方町":[{"zip":"3760054","zip1":"376","zip2":"0054"}],"浜松町":[{"zip":"3760007","zip1":"376","zip2":"0007"}],"東":[{"zip":"3760034","zip1":"376","zip2":"0034"}],"東久方町":[{"zip":"3760053","zip1":"376","zip2":"0053"}],"菱町":[{"zip":"3760001","zip1":"376","zip2":"0001"}],"平井町":[{"zip":"3760051","zip1":"376","zip2":"0051"}],"広沢町":[{"zip":"3760013","zip1":"376","zip2":"0013"}],"広沢町間ノ島":[{"zip":"3760014","zip1":"376","zip2":"0014"}],"本町":[{"zip":"3760031","zip1":"376","zip2":"0031"}],"美原町":[{"zip":"3760025","zip1":"376","zip2":"0025"}],"宮前町":[{"zip":"3760046","zip1":"376","zip2":"0046"}],"宮本町":[{"zip":"3760056","zip1":"376","zip2":"0056"}],"三吉町":[{"zip":"3760005","zip1":"376","zip2":"0005"}],"元宿町":[{"zip":"3760027","zip1":"376","zip2":"0027"}],"横山町":[{"zip":"3760055","zip1":"376","zip2":"0055"}]},"伊勢崎市":{"以下に掲載がない場合":[{"zip":"3720000","zip1":"372","zip2":"0000"}],"間野谷町":[{"zip":"3792201","zip1":"379","zip2":"2201"}],"赤堀今井町":[{"zip":"3792215","zip1":"379","zip2":"2215"}],"赤堀鹿島町":[{"zip":"3792202","zip1":"379","zip2":"2202"}],"東町":[{"zip":"3792231","zip1":"379","zip2":"2231"}],"阿弥大寺町":[{"zip":"3720821","zip1":"372","zip2":"0821"}],"安堀町":[{"zip":"3720007","zip1":"372","zip2":"0007"}],"飯島町":[{"zip":"3720854","zip1":"372","zip2":"0854"}],"磯町":[{"zip":"3792217","zip1":"379","zip2":"2217"}],"市場町":[{"zip":"3792211","zip1":"379","zip2":"2211"}],"稲荷町":[{"zip":"3720804","zip1":"372","zip2":"0804"}],"乾町":[{"zip":"3720005","zip1":"372","zip2":"0005"}],"今泉町":[{"zip":"3720031","zip1":"372","zip2":"0031"}],"今井町":[{"zip":"3720823","zip1":"372","zip2":"0823"}],"太田町":[{"zip":"3720006","zip1":"372","zip2":"0006"}],"大手町":[{"zip":"3720048","zip1":"372","zip2":"0048"}],"鹿島町":[{"zip":"3720015","zip1":"372","zip2":"0015"}],"粕川町":[{"zip":"3720023","zip1":"372","zip2":"0023"}],"上泉町":[{"zip":"3720045","zip1":"372","zip2":"0045"}],"上植木本町":[{"zip":"3720013","zip1":"372","zip2":"0013"}],"上諏訪町":[{"zip":"3720021","zip1":"372","zip2":"0021"}],"上田町":[{"zip":"3792225","zip1":"379","zip2":"2225"}],"上蓮町":[{"zip":"3720851","zip1":"372","zip2":"0851"}],"北千木町":[{"zip":"3720032","zip1":"372","zip2":"0032"}],"喜多町":[{"zip":"3720056","zip1":"372","zip2":"0056"}],"国定町":[{"zip":"3792221","zip1":"379","zip2":"2221"}],"曲輪町":[{"zip":"3720055","zip1":"372","zip2":"0055"}],"華蔵寺町":[{"zip":"3720003","zip1":"372","zip2":"0003"}],"下道寺町":[{"zip":"3720843","zip1":"372","zip2":"0843"}],"小泉町":[{"zip":"3792232","zip1":"379","zip2":"2232"}],"香林町":[{"zip":"3792206","zip1":"379","zip2":"2206"}],"国領町":[{"zip":"3720853","zip1":"372","zip2":"0853"}],"寿町":[{"zip":"3720052","zip1":"372","zip2":"0052"}],"五目牛町":[{"zip":"3792213","zip1":"379","zip2":"2213"}],"境":[{"zip":"3700124","zip1":"370","zip2":"0124"}],"境東":[{"zip":"3700123","zip1":"370","zip2":"0123"}],"境伊与久":[{"zip":"3700105","zip1":"370","zip2":"0105"}],"境小此木":[{"zip":"3700135","zip1":"370","zip2":"0135"}],"境女塚":[{"zip":"3700121","zip1":"370","zip2":"0121"}],"境上武士":[{"zip":"3700127","zip1":"370","zip2":"0127"}],"境上渕名":[{"zip":"3700102","zip1":"370","zip2":"0102"}],"境上矢島":[{"zip":"3700111","zip1":"370","zip2":"0111"}],"境木島":[{"zip":"3700104","zip1":"370","zip2":"0104"}],"境栄":[{"zip":"3700122","zip1":"370","zip2":"0122"}],"境島村":[{"zip":"3700134","zip1":"370","zip2":"0134"}],"境下武士":[{"zip":"3700126","zip1":"370","zip2":"0126"}],"境下渕名":[{"zip":"3700103","zip1":"370","zip2":"0103"}],"境新栄":[{"zip":"3700114","zip1":"370","zip2":"0114"}],"境百々":[{"zip":"3700117","zip1":"370","zip2":"0117"}],"境百々東":[{"zip":"3700116","zip1":"370","zip2":"0116"}],"境中島":[{"zip":"3700133","zip1":"370","zip2":"0133"}],"境西今井":[{"zip":"3700112","zip1":"370","zip2":"0112"}],"境萩原":[{"zip":"3700125","zip1":"370","zip2":"0125"}],"境東新井":[{"zip":"3700101","zip1":"370","zip2":"0101"}],"境平塚":[{"zip":"3700132","zip1":"370","zip2":"0132"}],"境保泉":[{"zip":"3700128","zip1":"370","zip2":"0128"}],"境三ツ木":[{"zip":"3700113","zip1":"370","zip2":"0113"}],"境美原":[{"zip":"3700115","zip1":"370","zip2":"0115"}],"境米岡":[{"zip":"3700131","zip1":"370","zip2":"0131"}],"山王町":[{"zip":"3720831","zip1":"372","zip2":"0831"}],"三光町":[{"zip":"3720046","zip1":"372","zip2":"0046"}],"三和町":[{"zip":"3720011","zip1":"372","zip2":"0011"}],"柴町":[{"zip":"3720824","zip1":"372","zip2":"0824"}],"下植木町":[{"zip":"3720024","zip1":"372","zip2":"0024"}],"下蓮町":[{"zip":"3720852","zip1":"372","zip2":"0852"}],"下触町":[{"zip":"3792214","zip1":"379","zip2":"2214"}],"昭和町":[{"zip":"3720014","zip1":"372","zip2":"0014"}],"新栄町":[{"zip":"3720038","zip1":"372","zip2":"0038"}],"末広町":[{"zip":"3720057","zip1":"372","zip2":"0057"}],"大正寺町":[{"zip":"3720841","zip1":"372","zip2":"0841"}],"田中島町":[{"zip":"3720802","zip1":"372","zip2":"0802"}],"田中町":[{"zip":"3720814","zip1":"372","zip2":"0814"}],"田部井町":[{"zip":"3792222","zip1":"379","zip2":"2222"}],"中央町":[{"zip":"3720042","zip1":"372","zip2":"0042"}],"堤下町":[{"zip":"3720004","zip1":"372","zip2":"0004"}],"堤西町":[{"zip":"3720002","zip1":"372","zip2":"0002"}],"連取本町":[{"zip":"3720817","zip1":"372","zip2":"0817"}],"連取元町":[{"zip":"3720818","zip1":"372","zip2":"0818"}],"連取町":[{"zip":"3720812","zip1":"372","zip2":"0812"}],"富塚町":[{"zip":"3720833","zip1":"372","zip2":"0833"}],"戸谷塚町":[{"zip":"3720825","zip1":"372","zip2":"0825"}],"豊城町":[{"zip":"3720012","zip1":"372","zip2":"0012"}],"中町":[{"zip":"3720822","zip1":"372","zip2":"0822"}],"長沼町":[{"zip":"3720855","zip1":"372","zip2":"0855"}],"西小保方町":[{"zip":"3792224","zip1":"379","zip2":"2224"}],"西上之宮町":[{"zip":"3720816","zip1":"372","zip2":"0816"}],"西久保町":[{"zip":"3792204","zip1":"379","zip2":"2204"}],"西田町":[{"zip":"3720058","zip1":"372","zip2":"0058"}],"西野町":[{"zip":"3792216","zip1":"379","zip2":"2216"}],"韮塚町":[{"zip":"3720813","zip1":"372","zip2":"0813"}],"野町":[{"zip":"3792205","zip1":"379","zip2":"2205"}],"羽黒町":[{"zip":"3720844","zip1":"372","zip2":"0844"}],"波志江町":[{"zip":"3720001","zip1":"372","zip2":"0001"}],"八寸町":[{"zip":"3792236","zip1":"379","zip2":"2236"}],"東小保方町":[{"zip":"3792234","zip1":"379","zip2":"2234"}],"東上之宮町":[{"zip":"3720815","zip1":"372","zip2":"0815"}],"東本町":[{"zip":"3720025","zip1":"372","zip2":"0025"}],"日乃出町":[{"zip":"3720022","zip1":"372","zip2":"0022"}],"平井町":[{"zip":"3792233","zip1":"379","zip2":"2233"}],"ひろせ町":[{"zip":"3720039","zip1":"372","zip2":"0039"}],"福島町":[{"zip":"3720826","zip1":"372","zip2":"0826"}],"平和町":[{"zip":"3720041","zip1":"372","zip2":"0041"}],"堀口町":[{"zip":"3720834","zip1":"372","zip2":"0834"}],"堀下町":[{"zip":"3792212","zip1":"379","zip2":"2212"}],"本関町":[{"zip":"3720016","zip1":"372","zip2":"0016"}],"本町":[{"zip":"3720047","zip1":"372","zip2":"0047"}],"曲沢町":[{"zip":"3792203","zip1":"379","zip2":"2203"}],"馬見塚町":[{"zip":"3720842","zip1":"372","zip2":"0842"}],"緑町":[{"zip":"3720043","zip1":"372","zip2":"0043"}],"南千木町":[{"zip":"3720033","zip1":"372","zip2":"0033"}],"三室町":[{"zip":"3792235","zip1":"379","zip2":"2235"}],"美茂呂町":[{"zip":"3720037","zip1":"372","zip2":"0037"}],"宮子町":[{"zip":"3720801","zip1":"372","zip2":"0801"}],"宮古町":[{"zip":"3720803","zip1":"372","zip2":"0803"}],"宮前町":[{"zip":"3720026","zip1":"372","zip2":"0026"}],"宗高町":[{"zip":"3720053","zip1":"372","zip2":"0053"}],"茂呂町":[{"zip":"3720034","zip1":"372","zip2":"0034"}],"茂呂南町":[{"zip":"3720036","zip1":"372","zip2":"0036"}],"八坂町":[{"zip":"3720044","zip1":"372","zip2":"0044"}],"八斗島町":[{"zip":"3720827","zip1":"372","zip2":"0827"}],"柳原町":[{"zip":"3720054","zip1":"372","zip2":"0054"}],"八幡町":[{"zip":"3720051","zip1":"372","zip2":"0051"}],"除ケ町":[{"zip":"3720832","zip1":"372","zip2":"0832"}],"若葉町":[{"zip":"3720811","zip1":"372","zip2":"0811"}]},"太田市":{"以下に掲載がない場合":[{"zip":"3730000","zip1":"373","zip2":"0000"}],"阿久津町":[{"zip":"3700402","zip1":"370","zip2":"0402"}],"朝日町":[{"zip":"3730814","zip1":"373","zip2":"0814"}],"新井町":[{"zip":"3730852","zip1":"373","zip2":"0852"}],"安養寺町":[{"zip":"3700422","zip1":"370","zip2":"0422"}],"飯田町":[{"zip":"3730851","zip1":"373","zip2":"0851"}],"飯塚町":[{"zip":"3730817","zip1":"373","zip2":"0817"}],"石橋町":[{"zip":"3730007","zip1":"373","zip2":"0007"}],"石原町":[{"zip":"3730808","zip1":"373","zip2":"0808"}],"泉町":[{"zip":"3730845","zip1":"373","zip2":"0845"}],"市場町":[{"zip":"3730013","zip1":"373","zip2":"0013"}],"出塚町":[{"zip":"3700424","zip1":"370","zip2":"0424"}],"岩瀬川町":[{"zip":"3730841","zip1":"373","zip2":"0841"}],"岩松町":[{"zip":"3700403","zip1":"370","zip2":"0403"}],"植木野町":[{"zip":"3730014","zip1":"373","zip2":"0014"}],"牛沢町":[{"zip":"3730833","zip1":"373","zip2":"0833"}],"内ケ島町":[{"zip":"3730813","zip1":"373","zip2":"0813"}],"大久保町":[{"zip":"3792306","zip1":"379","zip2":"2306"}],"大島町":[{"zip":"3730055","zip1":"373","zip2":"0055"}],"大舘町":[{"zip":"3700423","zip1":"370","zip2":"0423"}],"大原町":[{"zip":"3792304","zip1":"379","zip2":"2304"}],"大鷲町":[{"zip":"3730075","zip1":"373","zip2":"0075"}],"沖野町":[{"zip":"3730045","zip1":"373","zip2":"0045"}],"沖之郷町":[{"zip":"3730804","zip1":"373","zip2":"0804"}],"押切町":[{"zip":"3700405","zip1":"370","zip2":"0405"}],"尾島町":[{"zip":"3700401","zip1":"370","zip2":"0401"}],"粕川町":[{"zip":"3700421","zip1":"370","zip2":"0421"}],"金山町":[{"zip":"3730027","zip1":"373","zip2":"0027"}],"上強戸町":[{"zip":"3730074","zip1":"373","zip2":"0074"}],"上小林町":[{"zip":"3730024","zip1":"373","zip2":"0024"}],"上田島町":[{"zip":"3730044","zip1":"373","zip2":"0044"}],"亀岡町":[{"zip":"3700411","zip1":"370","zip2":"0411"}],"北金井町":[{"zip":"3730003","zip1":"373","zip2":"0003"}],"清原町":[{"zip":"3730012","zip1":"373","zip2":"0012"}],"熊野町":[{"zip":"3730025","zip1":"373","zip2":"0025"}],"強戸町":[{"zip":"3730004","zip1":"373","zip2":"0004"}],"小角田町":[{"zip":"3700427","zip1":"370","zip2":"0427"}],"小舞木町":[{"zip":"3730818","zip1":"373","zip2":"0818"}],"下小林町":[{"zip":"3730807","zip1":"373","zip2":"0807"}],"下田島町":[{"zip":"3730844","zip1":"373","zip2":"0844"}],"下浜田町":[{"zip":"3730821","zip1":"373","zip2":"0821"}],"城西町":[{"zip":"3730038","zip1":"373","zip2":"0038"}],"庄屋町":[{"zip":"3730822","zip1":"373","zip2":"0822"}],"新道町":[{"zip":"3730037","zip1":"373","zip2":"0037"}],"末広町":[{"zip":"3730862","zip1":"373","zip2":"0862"}],"菅塩町":[{"zip":"3730002","zip1":"373","zip2":"0002"}],"すずかけ町":[{"zip":"3700413","zip1":"370","zip2":"0413"}],"スバル町":[{"zip":"3730028","zip1":"373","zip2":"0028"}],"世良田町":[{"zip":"3700426","zip1":"370","zip2":"0426"}],"太子町":[{"zip":"3700412","zip1":"370","zip2":"0412"}],"台之郷町":[{"zip":"3730801","zip1":"373","zip2":"0801"}],"高瀬町":[{"zip":"3730072","zip1":"373","zip2":"0072"}],"高林東町":[{"zip":"3730825","zip1":"373","zip2":"0825"}],"高林西町":[{"zip":"3730828","zip1":"373","zip2":"0828"}],"高林南町":[{"zip":"3730827","zip1":"373","zip2":"0827"}],"高林北町":[{"zip":"3730829","zip1":"373","zip2":"0829"}],"高林寿町":[{"zip":"3730824","zip1":"373","zip2":"0824"}],"宝町":[{"zip":"3730042","zip1":"373","zip2":"0042"}],"只上町":[{"zip":"3730011","zip1":"373","zip2":"0011"}],"鶴生田町":[{"zip":"3730008","zip1":"373","zip2":"0008"}],"寺井町":[{"zip":"3730052","zip1":"373","zip2":"0052"}],"天良町":[{"zip":"3730051","zip1":"373","zip2":"0051"}],"徳川町":[{"zip":"3700425","zip1":"370","zip2":"0425"}],"富沢町":[{"zip":"3730832","zip1":"373","zip2":"0832"}],"富若町":[{"zip":"3730023","zip1":"373","zip2":"0023"}],"鳥山町":[{"zip":"3730053","zip1":"373","zip2":"0053"}],"鳥山上町":[{"zip":"3730061","zip1":"373","zip2":"0061"}],"鳥山中町":[{"zip":"3730062","zip1":"373","zip2":"0062"}],"鳥山下町":[{"zip":"3730063","zip1":"373","zip2":"0063"}],"中根町":[{"zip":"3730846","zip1":"373","zip2":"0846"}],"長手町":[{"zip":"3730054","zip1":"373","zip2":"0054"}],"成塚町":[{"zip":"3730006","zip1":"373","zip2":"0006"}],"新島町":[{"zip":"3730819","zip1":"373","zip2":"0819"}],"新野町":[{"zip":"3730032","zip1":"373","zip2":"0032"}],"西新町":[{"zip":"3730847","zip1":"373","zip2":"0847"}],"西長岡町":[{"zip":"3730001","zip1":"373","zip2":"0001"}],"西野谷町":[{"zip":"3730043","zip1":"373","zip2":"0043"}],"西本町":[{"zip":"3730033","zip1":"373","zip2":"0033"}],"西矢島町":[{"zip":"3730823","zip1":"373","zip2":"0823"}],"新田赤堀町":[{"zip":"3700331","zip1":"370","zip2":"0331"}],"新田市町":[{"zip":"3700304","zip1":"370","zip2":"0304"}],"新田市野井町":[{"zip":"3700314","zip1":"370","zip2":"0314"}],"新田市野倉町":[{"zip":"3700306","zip1":"370","zip2":"0306"}],"新田大町":[{"zip":"3700351","zip1":"370","zip2":"0351"}],"新田大根町":[{"zip":"3700347","zip1":"370","zip2":"0347"}],"新田金井町":[{"zip":"3700341","zip1":"370","zip2":"0341"}],"新田嘉祢町":[{"zip":"3700352","zip1":"370","zip2":"0352"}],"新田上江田町":[{"zip":"3700342","zip1":"370","zip2":"0342"}],"新田上田中町":[{"zip":"3700346","zip1":"370","zip2":"0346"}],"新田上中町":[{"zip":"3700353","zip1":"370","zip2":"0353"}],"新田木崎町":[{"zip":"3700321","zip1":"370","zip2":"0321"}],"新田小金井町":[{"zip":"3700303","zip1":"370","zip2":"0303"}],"新田小金町":[{"zip":"3700302","zip1":"370","zip2":"0302"}],"新田権右衛門町":[{"zip":"3700355","zip1":"370","zip2":"0355"}],"新田下江田町":[{"zip":"3700333","zip1":"370","zip2":"0333"}],"新田下田中町":[{"zip":"3700343","zip1":"370","zip2":"0343"}],"新田反町町":[{"zip":"3700313","zip1":"370","zip2":"0313"}],"新田高尾町":[{"zip":"3700334","zip1":"370","zip2":"0334"}],"新田多村新田町":[{"zip":"3700305","zip1":"370","zip2":"0305"}],"新田溜池町":[{"zip":"3700354","zip1":"370","zip2":"0354"}],"新田天良町":[{"zip":"3700301","zip1":"370","zip2":"0301"}],"新田中江田町":[{"zip":"3700332","zip1":"370","zip2":"0332"}],"新田萩町":[{"zip":"3700356","zip1":"370","zip2":"0356"}],"新田花香塚町":[{"zip":"3700345","zip1":"370","zip2":"0345"}],"新田早川町":[{"zip":"3700344","zip1":"370","zip2":"0344"}],"新田瑞木町":[{"zip":"3700311","zip1":"370","zip2":"0311"}],"新田村田町":[{"zip":"3700312","zip1":"370","zip2":"0312"}],"韮川町":[{"zip":"3730029","zip1":"373","zip2":"0029"}],"八幡町":[{"zip":"3730056","zip1":"373","zip2":"0056"}],"浜町":[{"zip":"3730853","zip1":"373","zip2":"0853"}],"原宿町":[{"zip":"3730071","zip1":"373","zip2":"0071"}],"東今泉町":[{"zip":"3730021","zip1":"373","zip2":"0021"}],"東金井町":[{"zip":"3730022","zip1":"373","zip2":"0022"}],"東新町":[{"zip":"3730015","zip1":"373","zip2":"0015"}],"東長岡町":[{"zip":"3730812","zip1":"373","zip2":"0812"}],"東別所町":[{"zip":"3730815","zip1":"373","zip2":"0815"}],"東本町":[{"zip":"3730026","zip1":"373","zip2":"0026"}],"東矢島町":[{"zip":"3730816","zip1":"373","zip2":"0816"}],"備前島町":[{"zip":"3700404","zip1":"370","zip2":"0404"}],"福沢町":[{"zip":"3730831","zip1":"373","zip2":"0831"}],"藤阿久町":[{"zip":"3730034","zip1":"373","zip2":"0034"}],"藤久良町":[{"zip":"3730035","zip1":"373","zip2":"0035"}],"二ツ小屋町":[{"zip":"3700417","zip1":"370","zip2":"0417"}],"古戸町":[{"zip":"3730826","zip1":"373","zip2":"0826"}],"別所町":[{"zip":"3730041","zip1":"373","zip2":"0041"}],"細谷町":[{"zip":"3730842","zip1":"373","zip2":"0842"}],"堀口町":[{"zip":"3700414","zip1":"370","zip2":"0414"}],"本町":[{"zip":"3730057","zip1":"373","zip2":"0057"}],"前小屋町":[{"zip":"3700406","zip1":"370","zip2":"0406"}],"前島町":[{"zip":"3700416","zip1":"370","zip2":"0416"}],"丸山町":[{"zip":"3730018","zip1":"373","zip2":"0018"}],"緑町":[{"zip":"3730073","zip1":"373","zip2":"0073"}],"南ケ丘町":[{"zip":"3700415","zip1":"370","zip2":"0415"}],"南矢島町":[{"zip":"3730861","zip1":"373","zip2":"0861"}],"武蔵島町":[{"zip":"3700418","zip1":"370","zip2":"0418"}],"茂木町":[{"zip":"3730809","zip1":"373","zip2":"0809"}],"八重笠町":[{"zip":"3730805","zip1":"373","zip2":"0805"}],"安良岡町":[{"zip":"3730811","zip1":"373","zip2":"0811"}],"矢田堀町":[{"zip":"3730016","zip1":"373","zip2":"0016"}],"矢場町":[{"zip":"3730803","zip1":"373","zip2":"0803"}],"矢場新町":[{"zip":"3730802","zip1":"373","zip2":"0802"}],"藪塚町":[{"zip":"3792301","zip1":"379","zip2":"2301"}],"山之神町":[{"zip":"3792302","zip1":"379","zip2":"2302"}],"由良町":[{"zip":"3730036","zip1":"373","zip2":"0036"}],"吉沢町":[{"zip":"3730019","zip1":"373","zip2":"0019"}],"米沢町":[{"zip":"3730843","zip1":"373","zip2":"0843"}],"寄合町":[{"zip":"3792303","zip1":"379","zip2":"2303"}],"龍舞町":[{"zip":"3730806","zip1":"373","zip2":"0806"}],"六千石町":[{"zip":"3792305","zip1":"379","zip2":"2305"}],"脇屋町":[{"zip":"3730031","zip1":"373","zip2":"0031"}]},"沼田市":{"以下に掲載がない場合":[{"zip":"3780000","zip1":"378","zip2":"0000"}],"秋塚町":[{"zip":"3780076","zip1":"378","zip2":"0076"}],"石墨町":[{"zip":"3780077","zip1":"378","zip2":"0077"}],"井土上町":[{"zip":"3780035","zip1":"378","zip2":"0035"}],"今井町":[{"zip":"3780025","zip1":"378","zip2":"0025"}],"岩本町":[{"zip":"3780021","zip1":"378","zip2":"0021"}],"薄根町":[{"zip":"3780031","zip1":"378","zip2":"0031"}],"宇楚井町":[{"zip":"3780068","zip1":"378","zip2":"0068"}],"大釜町":[{"zip":"3780067","zip1":"378","zip2":"0067"}],"岡谷町":[{"zip":"3780061","zip1":"378","zip2":"0061"}],"恩田町":[{"zip":"3780034","zip1":"378","zip2":"0034"}],"鍛冶町":[{"zip":"3780018","zip1":"378","zip2":"0018"}],"上川田町":[{"zip":"3780026","zip1":"378","zip2":"0026"}],"上久屋町":[{"zip":"3780003","zip1":"378","zip2":"0003"}],"上沼須町":[{"zip":"3780011","zip1":"378","zip2":"0011"}],"上之町":[{"zip":"3780047","zip1":"378","zip2":"0047"}],"上原町":[{"zip":"3780051","zip1":"378","zip2":"0051"}],"上発知町":[{"zip":"3780071","zip1":"378","zip2":"0071"}],"久屋原町":[{"zip":"3780005","zip1":"378","zip2":"0005"}],"材木町":[{"zip":"3780045","zip1":"378","zip2":"0045"}],"栄町":[{"zip":"3780014","zip1":"378","zip2":"0014"}],"桜町":[{"zip":"3780052","zip1":"378","zip2":"0052"}],"篠尾町":[{"zip":"3780023","zip1":"378","zip2":"0023"}],"佐山町":[{"zip":"3780078","zip1":"378","zip2":"0078"}],"清水町":[{"zip":"3780016","zip1":"378","zip2":"0016"}],"下川田町":[{"zip":"3780024","zip1":"378","zip2":"0024"}],"下久屋町":[{"zip":"3780004","zip1":"378","zip2":"0004"}],"下沼田町":[{"zip":"3780063","zip1":"378","zip2":"0063"}],"下之町":[{"zip":"3780044","zip1":"378","zip2":"0044"}],"下発知町":[{"zip":"3780074","zip1":"378","zip2":"0074"}],"白岩町":[{"zip":"3780033","zip1":"378","zip2":"0033"}],"白沢町岩室":[{"zip":"3780123","zip1":"378","zip2":"0123"}],"白沢町尾合":[{"zip":"3780124","zip1":"378","zip2":"0124"}],"白沢町上古語父":[{"zip":"3780126","zip1":"378","zip2":"0126"}],"白沢町下古語父":[{"zip":"3780127","zip1":"378","zip2":"0127"}],"白沢町高平":[{"zip":"3780121","zip1":"378","zip2":"0121"}],"白沢町生枝":[{"zip":"3780122","zip1":"378","zip2":"0122"}],"白沢町平出":[{"zip":"3780125","zip1":"378","zip2":"0125"}],"新町":[{"zip":"3780013","zip1":"378","zip2":"0013"}],"硯田町":[{"zip":"3780032","zip1":"378","zip2":"0032"}],"善桂寺町":[{"zip":"3780064","zip1":"378","zip2":"0064"}],"高橋場町":[{"zip":"3780056","zip1":"378","zip2":"0056"}],"戸鹿野町":[{"zip":"3780015","zip1":"378","zip2":"0015"}],"戸神町":[{"zip":"3780001","zip1":"378","zip2":"0001"}],"利根町青木":[{"zip":"3780314","zip1":"378","zip2":"0314"}],"利根町穴原":[{"zip":"3780305","zip1":"378","zip2":"0305"}],"利根町石戸新田":[{"zip":"3780326","zip1":"378","zip2":"0326"}],"利根町老神":[{"zip":"3780322","zip1":"378","zip2":"0322"}],"利根町大原":[{"zip":"3780323","zip1":"378","zip2":"0323"}],"利根町大楊":[{"zip":"3780304","zip1":"378","zip2":"0304"}],"利根町追貝":[{"zip":"3780303","zip1":"378","zip2":"0303"}],"利根町柿平":[{"zip":"3780307","zip1":"378","zip2":"0307"}],"利根町小松":[{"zip":"3780311","zip1":"378","zip2":"0311"}],"利根町砂川":[{"zip":"3780315","zip1":"378","zip2":"0315"}],"利根町園原":[{"zip":"3780324","zip1":"378","zip2":"0324"}],"利根町高戸谷":[{"zip":"3780321","zip1":"378","zip2":"0321"}],"利根町多那":[{"zip":"3780317","zip1":"378","zip2":"0317"}],"利根町千鳥":[{"zip":"3780302","zip1":"378","zip2":"0302"}],"利根町二本松":[{"zip":"3780316","zip1":"378","zip2":"0316"}],"利根町根利":[{"zip":"3780312","zip1":"378","zip2":"0312"}],"利根町日影南郷":[{"zip":"3780313","zip1":"378","zip2":"0313"}],"利根町日向南郷":[{"zip":"3780306","zip1":"378","zip2":"0306"}],"利根町平川":[{"zip":"3780301","zip1":"378","zip2":"0301"}],"利根町輪組":[{"zip":"3780325","zip1":"378","zip2":"0325"}],"中発知町":[{"zip":"3780072","zip1":"378","zip2":"0072"}],"中町":[{"zip":"3780048","zip1":"378","zip2":"0048"}],"奈良町":[{"zip":"3780075","zip1":"378","zip2":"0075"}],"西倉内町":[{"zip":"3780042","zip1":"378","zip2":"0042"}],"西原新町":[{"zip":"3780054","zip1":"378","zip2":"0054"}],"沼須町":[{"zip":"3780012","zip1":"378","zip2":"0012"}],"馬喰町":[{"zip":"3780046","zip1":"378","zip2":"0046"}],"原町":[{"zip":"3780066","zip1":"378","zip2":"0066"}],"榛名町":[{"zip":"3780041","zip1":"378","zip2":"0041"}],"東倉内町":[{"zip":"3780043","zip1":"378","zip2":"0043"}],"東原新町":[{"zip":"3780053","zip1":"378","zip2":"0053"}],"坊新田町":[{"zip":"3780017","zip1":"378","zip2":"0017"}],"発知新田町":[{"zip":"3780073","zip1":"378","zip2":"0073"}],"堀廻町":[{"zip":"3780065","zip1":"378","zip2":"0065"}],"町田町":[{"zip":"3780062","zip1":"378","zip2":"0062"}],"屋形原町":[{"zip":"3780022","zip1":"378","zip2":"0022"}],"柳町":[{"zip":"3780055","zip1":"378","zip2":"0055"}],"横塚町":[{"zip":"3780002","zip1":"378","zip2":"0002"}]},"館林市":{"以下に掲載がない場合":[{"zip":"3740000","zip1":"374","zip2":"0000"}],"青柳町":[{"zip":"3740035","zip1":"374","zip2":"0035"}],"赤土町":[{"zip":"3740053","zip1":"374","zip2":"0053"}],"赤生田町":[{"zip":"3740013","zip1":"374","zip2":"0013"}],"赤生田本町":[{"zip":"3740014","zip1":"374","zip2":"0014"}],"朝日町":[{"zip":"3740063","zip1":"374","zip2":"0063"}],"足次町":[{"zip":"3740073","zip1":"374","zip2":"0073"}],"入ケ谷町":[{"zip":"3740045","zip1":"374","zip2":"0045"}],"大街道":[{"zip":"3740066","zip1":"374","zip2":"0066"}],"大島町":[{"zip":"3740001","zip1":"374","zip2":"0001"}],"大新田町":[{"zip":"3740072","zip1":"374","zip2":"0072"}],"大手町":[{"zip":"3740023","zip1":"374","zip2":"0023"}],"大谷町":[{"zip":"3740054","zip1":"374","zip2":"0054"}],"岡野町":[{"zip":"3740067","zip1":"374","zip2":"0067"}],"尾曳町":[{"zip":"3740019","zip1":"374","zip2":"0019"}],"加法師町":[{"zip":"3740022","zip1":"374","zip2":"0022"}],"上赤生田町":[{"zip":"3740015","zip1":"374","zip2":"0015"}],"上早川田町":[{"zip":"3740079","zip1":"374","zip2":"0079"}],"上三林町":[{"zip":"3740046","zip1":"374","zip2":"0046"}],"北成島町":[{"zip":"3740057","zip1":"374","zip2":"0057"}],"木戸町":[{"zip":"3740077","zip1":"374","zip2":"0077"}],"楠町":[{"zip":"3740004","zip1":"374","zip2":"0004"}],"小桑原町":[{"zip":"3740037","zip1":"374","zip2":"0037"}],"近藤町":[{"zip":"3740042","zip1":"374","zip2":"0042"}],"栄町":[{"zip":"3740052","zip1":"374","zip2":"0052"}],"坂下町":[{"zip":"3740069","zip1":"374","zip2":"0069"}],"下早川田町":[{"zip":"3740071","zip1":"374","zip2":"0071"}],"下三林町":[{"zip":"3740044","zip1":"374","zip2":"0044"}],"城町":[{"zip":"3740018","zip1":"374","zip2":"0018"}],"新栄町":[{"zip":"3740051","zip1":"374","zip2":"0051"}],"新宿":[{"zip":"3740026","zip1":"374","zip2":"0026"}],"諏訪町":[{"zip":"3740036","zip1":"374","zip2":"0036"}],"瀬戸谷町":[{"zip":"3740021","zip1":"374","zip2":"0021"}],"代官町":[{"zip":"3740064","zip1":"374","zip2":"0064"}],"台宿町":[{"zip":"3740068","zip1":"374","zip2":"0068"}],"高根町":[{"zip":"3740074","zip1":"374","zip2":"0074"}],"田谷町":[{"zip":"3740002","zip1":"374","zip2":"0002"}],"千塚町":[{"zip":"3740009","zip1":"374","zip2":"0009"}],"千代田町":[{"zip":"3740028","zip1":"374","zip2":"0028"}],"つつじ町":[{"zip":"3740017","zip1":"374","zip2":"0017"}],"当郷町":[{"zip":"3740006","zip1":"374","zip2":"0006"}],"苗木町":[{"zip":"3740043","zip1":"374","zip2":"0043"}],"仲町":[{"zip":"3740029","zip1":"374","zip2":"0029"}],"成島町":[{"zip":"3740055","zip1":"374","zip2":"0055"}],"西高根町":[{"zip":"3740075","zip1":"374","zip2":"0075"}],"西本町":[{"zip":"3740065","zip1":"374","zip2":"0065"}],"西美園町":[{"zip":"3740038","zip1":"374","zip2":"0038"}],"野辺町":[{"zip":"3740047","zip1":"374","zip2":"0047"}],"花山町":[{"zip":"3740005","zip1":"374","zip2":"0005"}],"羽附旭町":[{"zip":"3740012","zip1":"374","zip2":"0012"}],"羽附町":[{"zip":"3740011","zip1":"374","zip2":"0011"}],"東広内町":[{"zip":"3740061","zip1":"374","zip2":"0061"}],"東美園町":[{"zip":"3740031","zip1":"374","zip2":"0031"}],"日向町":[{"zip":"3740076","zip1":"374","zip2":"0076"}],"広内町":[{"zip":"3740062","zip1":"374","zip2":"0062"}],"富士原町":[{"zip":"3740041","zip1":"374","zip2":"0041"}],"富士見町":[{"zip":"3740027","zip1":"374","zip2":"0027"}],"分福町":[{"zip":"3740034","zip1":"374","zip2":"0034"}],"傍示塚町":[{"zip":"3740078","zip1":"374","zip2":"0078"}],"細内町":[{"zip":"3740008","zip1":"374","zip2":"0008"}],"堀工町":[{"zip":"3740033","zip1":"374","zip2":"0033"}],"本町":[{"zip":"3740024","zip1":"374","zip2":"0024"}],"松沼町":[{"zip":"3740056","zip1":"374","zip2":"0056"}],"松原":[{"zip":"3740016","zip1":"374","zip2":"0016"}],"美園町":[{"zip":"3740039","zip1":"374","zip2":"0039"}],"緑町":[{"zip":"3740025","zip1":"374","zip2":"0025"}],"南美園町":[{"zip":"3740032","zip1":"374","zip2":"0032"}],"四ツ谷町":[{"zip":"3740003","zip1":"374","zip2":"0003"}],"若宮町":[{"zip":"3740007","zip1":"374","zip2":"0007"}]},"渋川市":{"以下に掲載がない場合":[{"zip":"3770000","zip1":"377","zip2":"0000"}],"赤城町勝保沢":[{"zip":"3791122","zip1":"379","zip2":"1122"}],"赤城町上三原田":[{"zip":"3791125","zip1":"379","zip2":"1125"}],"赤城町北赤城山":[{"zip":"3791111","zip1":"379","zip2":"1111"}],"赤城町北上野":[{"zip":"3791105","zip1":"379","zip2":"1105"}],"赤城町栄":[{"zip":"3791114","zip1":"379","zip2":"1114"}],"赤城町敷島":[{"zip":"3791104","zip1":"379","zip2":"1104"}],"赤城町滝沢":[{"zip":"3791124","zip1":"379","zip2":"1124"}],"赤城町棚下":[{"zip":"3791101","zip1":"379","zip2":"1101"}],"赤城町樽":[{"zip":"3791127","zip1":"379","zip2":"1127"}],"赤城町津久田":[{"zip":"3791103","zip1":"379","zip2":"1103"}],"赤城町長井小川田":[{"zip":"3791102","zip1":"379","zip2":"1102"}],"赤城町溝呂木":[{"zip":"3791115","zip1":"379","zip2":"1115"}],"赤城町見立":[{"zip":"3791123","zip1":"379","zip2":"1123"}],"赤城町南赤城山":[{"zip":"3791113","zip1":"379","zip2":"1113"}],"赤城町三原田":[{"zip":"3791126","zip1":"379","zip2":"1126"}],"赤城町宮田":[{"zip":"3791121","zip1":"379","zip2":"1121"}],"赤城町深山":[{"zip":"3791112","zip1":"379","zip2":"1112"}],"赤城町持柏木":[{"zip":"3791116","zip1":"379","zip2":"1116"}],"阿久津":[{"zip":"3770031","zip1":"377","zip2":"0031"}],"有馬":[{"zip":"3770005","zip1":"377","zip2":"0005"}],"伊香保町伊香保":[{"zip":"3770102","zip1":"377","zip2":"0102"}],"伊香保町水沢":[{"zip":"3770103","zip1":"377","zip2":"0103"}],"伊香保町湯中子":[{"zip":"3770101","zip1":"377","zip2":"0101"}],"石原":[{"zip":"3770007","zip1":"377","zip2":"0007"}],"祖母島":[{"zip":"3770024","zip1":"377","zip2":"0024"}],"小野子":[{"zip":"3770312","zip1":"377","zip2":"0312"}],"金井":[{"zip":"3770027","zip1":"377","zip2":"0027"}],"上白井":[{"zip":"3770201","zip1":"377","zip2":"0201"}],"川島":[{"zip":"3770025","zip1":"377","zip2":"0025"}],"北牧":[{"zip":"3770205","zip1":"377","zip2":"0205"}],"渋川":[{"zip":"3770008","zip1":"377","zip2":"0008"}],"白井":[{"zip":"3770204","zip1":"377","zip2":"0204"}],"中郷":[{"zip":"3770202","zip1":"377","zip2":"0202"}],"中村":[{"zip":"3770002","zip1":"377","zip2":"0002"}],"南牧":[{"zip":"3770026","zip1":"377","zip2":"0026"}],"半田":[{"zip":"3770004","zip1":"377","zip2":"0004"}],"吹屋":[{"zip":"3770203","zip1":"377","zip2":"0203"}],"北橘町赤城山":[{"zip":"3770051","zip1":"377","zip2":"0051"}],"北橘町上南室":[{"zip":"3770055","zip1":"377","zip2":"0055"}],"北橘町上箱田":[{"zip":"3770052","zip1":"377","zip2":"0052"}],"北橘町小室":[{"zip":"3770065","zip1":"377","zip2":"0065"}],"北橘町下南室":[{"zip":"3770054","zip1":"377","zip2":"0054"}],"北橘町下箱田":[{"zip":"3770061","zip1":"377","zip2":"0061"}],"北橘町箱田":[{"zip":"3770053","zip1":"377","zip2":"0053"}],"北橘町八崎":[{"zip":"3770064","zip1":"377","zip2":"0064"}],"北橘町分郷八崎":[{"zip":"3770063","zip1":"377","zip2":"0063"}],"北橘町真壁":[{"zip":"3770062","zip1":"377","zip2":"0062"}],"行幸田":[{"zip":"3770006","zip1":"377","zip2":"0006"}],"村上":[{"zip":"3770311","zip1":"377","zip2":"0311"}],"八木原":[{"zip":"3770003","zip1":"377","zip2":"0003"}],"横堀":[{"zip":"3770206","zip1":"377","zip2":"0206"}]},"藤岡市":{"以下に掲載がない場合":[{"zip":"3750000","zip1":"375","zip2":"0000"}],"鮎川":[{"zip":"3750042","zip1":"375","zip2":"0042"}],"牛田":[{"zip":"3750034","zip1":"375","zip2":"0034"}],"岡之郷":[{"zip":"3750011","zip1":"375","zip2":"0011"}],"鬼石":[{"zip":"3701401","zip1":"370","zip2":"1401"}],"金井":[{"zip":"3750045","zip1":"375","zip2":"0045"}],"上大塚":[{"zip":"3750054","zip1":"375","zip2":"0054"}],"上落合":[{"zip":"3750057","zip1":"375","zip2":"0057"}],"上栗須":[{"zip":"3750016","zip1":"375","zip2":"0016"}],"上戸塚":[{"zip":"3750013","zip1":"375","zip2":"0013"}],"上日野":[{"zip":"3750047","zip1":"375","zip2":"0047"}],"川除":[{"zip":"3750033","zip1":"375","zip2":"0033"}],"小林":[{"zip":"3750021","zip1":"375","zip2":"0021"}],"坂原":[{"zip":"3701404","zip1":"370","zip2":"1404"}],"三波川":[{"zip":"3701405","zip1":"370","zip2":"1405"}],"三本木":[{"zip":"3750037","zip1":"375","zip2":"0037"}],"篠塚":[{"zip":"3750017","zip1":"375","zip2":"0017"}],"下大塚":[{"zip":"3750052","zip1":"375","zip2":"0052"}],"下栗須":[{"zip":"3750014","zip1":"375","zip2":"0014"}],"下戸塚":[{"zip":"3750012","zip1":"375","zip2":"0012"}],"下日野":[{"zip":"3750046","zip1":"375","zip2":"0046"}],"浄法寺":[{"zip":"3701406","zip1":"370","zip2":"1406"}],"白石":[{"zip":"3750055","zip1":"375","zip2":"0055"}],"神田":[{"zip":"3750032","zip1":"375","zip2":"0032"}],"高山":[{"zip":"3750036","zip1":"375","zip2":"0036"}],"立石":[{"zip":"3750002","zip1":"375","zip2":"0002"}],"立石新田":[{"zip":"3750003","zip1":"375","zip2":"0003"}],"中":[{"zip":"3750005","zip1":"375","zip2":"0005"}],"中大塚":[{"zip":"3750053","zip1":"375","zip2":"0053"}],"中栗須":[{"zip":"3750015","zip1":"375","zip2":"0015"}],"中島":[{"zip":"3750001","zip1":"375","zip2":"0001"}],"西平井":[{"zip":"3750044","zip1":"375","zip2":"0044"}],"根岸":[{"zip":"3750022","zip1":"375","zip2":"0022"}],"東平井":[{"zip":"3750043","zip1":"375","zip2":"0043"}],"藤岡":[{"zip":"3750024","zip1":"375","zip2":"0024"}],"保美":[{"zip":"3750035","zip1":"375","zip2":"0035"}],"保美濃山":[{"zip":"3701403","zip1":"370","zip2":"1403"}],"本郷":[{"zip":"3750023","zip1":"375","zip2":"0023"}],"三ツ木":[{"zip":"3750056","zip1":"375","zip2":"0056"}],"緑埜":[{"zip":"3750041","zip1":"375","zip2":"0041"}],"本動堂":[{"zip":"3750051","zip1":"375","zip2":"0051"}],"森":[{"zip":"3750004","zip1":"375","zip2":"0004"}],"森新田":[{"zip":"3750006","zip1":"375","zip2":"0006"}],"矢場":[{"zip":"3750031","zip1":"375","zip2":"0031"}],"譲原":[{"zip":"3701402","zip1":"370","zip2":"1402"}]},"富岡市":{"以下に掲載がない場合":[{"zip":"3702300","zip1":"370","zip2":"2300"}],"相野田":[{"zip":"3702306","zip1":"370","zip2":"2306"}],"一ノ宮":[{"zip":"3702452","zip1":"370","zip2":"2452"}],"岩染":[{"zip":"3702322","zip1":"370","zip2":"2322"}],"宇田":[{"zip":"3702451","zip1":"370","zip2":"2451"}],"大島":[{"zip":"3702335","zip1":"370","zip2":"2335"}],"岡本":[{"zip":"3702321","zip1":"370","zip2":"2321"}],"蚊沼":[{"zip":"3702466","zip1":"370","zip2":"2466"}],"神農原":[{"zip":"3702455","zip1":"370","zip2":"2455"}],"上黒岩":[{"zip":"3702345","zip1":"370","zip2":"2345"}],"上小林":[{"zip":"3702456","zip1":"370","zip2":"2456"}],"上高尾":[{"zip":"3702317","zip1":"370","zip2":"2317"}],"上高瀬":[{"zip":"3702334","zip1":"370","zip2":"2334"}],"上丹生":[{"zip":"3702461","zip1":"370","zip2":"2461"}],"神成":[{"zip":"3702463","zip1":"370","zip2":"2463"}],"君川":[{"zip":"3702313","zip1":"370","zip2":"2313"}],"黒川":[{"zip":"3702344","zip1":"370","zip2":"2344"}],"桑原":[{"zip":"3702301","zip1":"370","zip2":"2301"}],"後賀":[{"zip":"3702304","zip1":"370","zip2":"2304"}],"小桑原":[{"zip":"3702302","zip1":"370","zip2":"2302"}],"下黒岩":[{"zip":"3702341","zip1":"370","zip2":"2341"}],"下高尾":[{"zip":"3702311","zip1":"370","zip2":"2311"}],"下高瀬":[{"zip":"3702332","zip1":"370","zip2":"2332"}],"下丹生":[{"zip":"3702462","zip1":"370","zip2":"2462"}],"白岩":[{"zip":"3702305","zip1":"370","zip2":"2305"}],"曽木":[{"zip":"3702315","zip1":"370","zip2":"2315"}],"内匠":[{"zip":"3702331","zip1":"370","zip2":"2331"}],"田篠":[{"zip":"3702314","zip1":"370","zip2":"2314"}],"田島":[{"zip":"3702454","zip1":"370","zip2":"2454"}],"富岡":[{"zip":"3702316","zip1":"370","zip2":"2316"}],"中沢":[{"zip":"3702465","zip1":"370","zip2":"2465"}],"中高瀬":[{"zip":"3702333","zip1":"370","zip2":"2333"}],"七日市":[{"zip":"3702343","zip1":"370","zip2":"2343"}],"南蛇井":[{"zip":"3702464","zip1":"370","zip2":"2464"}],"野上":[{"zip":"3702323","zip1":"370","zip2":"2323"}],"原":[{"zip":"3702467","zip1":"370","zip2":"2467"}],"藤木":[{"zip":"3702307","zip1":"370","zip2":"2307"}],"別保":[{"zip":"3702342","zip1":"370","zip2":"2342"}],"星田":[{"zip":"3702312","zip1":"370","zip2":"2312"}],"南後箇":[{"zip":"3702324","zip1":"370","zip2":"2324"}],"宮崎":[{"zip":"3702453","zip1":"370","zip2":"2453"}],"妙義町大牛":[{"zip":"3790202","zip1":"379","zip2":"0202"}],"妙義町上高田":[{"zip":"3702411","zip1":"370","zip2":"2411"}],"妙義町北山":[{"zip":"3790205","zip1":"379","zip2":"0205"}],"妙義町下高田":[{"zip":"3702412","zip1":"370","zip2":"2412"}],"妙義町菅原":[{"zip":"3790208","zip1":"379","zip2":"0208"}],"妙義町岳":[{"zip":"3790203","zip1":"379","zip2":"0203"}],"妙義町中里":[{"zip":"3790206","zip1":"379","zip2":"0206"}],"妙義町行沢":[{"zip":"3790204","zip1":"379","zip2":"0204"}],"妙義町古立":[{"zip":"3790207","zip1":"379","zip2":"0207"}],"妙義町妙義":[{"zip":"3790201","zip1":"379","zip2":"0201"}],"妙義町諸戸":[{"zip":"3790209","zip1":"379","zip2":"0209"}],"妙義町八木連":[{"zip":"3702413","zip1":"370","zip2":"2413"}],"蕨":[{"zip":"3702303","zip1":"370","zip2":"2303"}]},"安中市":{"以下に掲載がない場合":[{"zip":"3790100","zip1":"379","zip2":"0100"}],"秋間みのりが丘":[{"zip":"3790109","zip1":"379","zip2":"0109"}],"安中":[{"zip":"3790116","zip1":"379","zip2":"0116"}],"磯部":[{"zip":"3790127","zip1":"379","zip2":"0127"}],"板鼻":[{"zip":"3790111","zip1":"379","zip2":"0111"}],"岩井":[{"zip":"3790112","zip1":"379","zip2":"0112"}],"大竹":[{"zip":"3790121","zip1":"379","zip2":"0121"}],"大谷":[{"zip":"3790113","zip1":"379","zip2":"0113"}],"小俣":[{"zip":"3790105","zip1":"379","zip2":"0105"}],"上後閑":[{"zip":"3790108","zip1":"379","zip2":"0108"}],"上間仁田":[{"zip":"3790123","zip1":"379","zip2":"0123"}],"郷原":[{"zip":"3790135","zip1":"379","zip2":"0135"}],"高別当":[{"zip":"3790132","zip1":"379","zip2":"0132"}],"鷺宮":[{"zip":"3790124","zip1":"379","zip2":"0124"}],"下秋間":[{"zip":"3790104","zip1":"379","zip2":"0104"}],"下磯部":[{"zip":"3790129","zip1":"379","zip2":"0129"}],"下後閑":[{"zip":"3790106","zip1":"379","zip2":"0106"}],"下間仁田":[{"zip":"3790122","zip1":"379","zip2":"0122"}],"中秋間":[{"zip":"3790103","zip1":"379","zip2":"0103"}],"中後閑":[{"zip":"3790107","zip1":"379","zip2":"0107"}],"中宿":[{"zip":"3790115","zip1":"379","zip2":"0115"}],"中野谷":[{"zip":"3790125","zip1":"379","zip2":"0125"}],"西上秋間":[{"zip":"3790101","zip1":"379","zip2":"0101"}],"西上磯部":[{"zip":"3790126","zip1":"379","zip2":"0126"}],"野殿":[{"zip":"3790114","zip1":"379","zip2":"0114"}],"原市":[{"zip":"3790133","zip1":"379","zip2":"0133"}],"東上秋間":[{"zip":"3790102","zip1":"379","zip2":"0102"}],"東上磯部":[{"zip":"3790128","zip1":"379","zip2":"0128"}],"古屋":[{"zip":"3790131","zip1":"379","zip2":"0131"}],"松井田町新井":[{"zip":"3790216","zip1":"379","zip2":"0216"}],"松井田町入山":[{"zip":"3790305","zip1":"379","zip2":"0305"}],"松井田町行田":[{"zip":"3790226","zip1":"379","zip2":"0226"}],"松井田町小日向":[{"zip":"3790213","zip1":"379","zip2":"0213"}],"松井田町上増田":[{"zip":"3790211","zip1":"379","zip2":"0211"}],"松井田町北野牧":[{"zip":"3790304","zip1":"379","zip2":"0304"}],"松井田町国衙":[{"zip":"3790214","zip1":"379","zip2":"0214"}],"松井田町五料":[{"zip":"3790302","zip1":"379","zip2":"0302"}],"松井田町坂本":[{"zip":"3790307","zip1":"379","zip2":"0307"}],"松井田町下増田":[{"zip":"3790212","zip1":"379","zip2":"0212"}],"松井田町高梨子":[{"zip":"3790215","zip1":"379","zip2":"0215"}],"松井田町峠":[{"zip":"3890121","zip1":"389","zip2":"0121"}],"松井田町新堀":[{"zip":"3790221","zip1":"379","zip2":"0221"}],"松井田町二軒在家":[{"zip":"3790223","zip1":"379","zip2":"0223"}],"松井田町西野牧":[{"zip":"3790303","zip1":"379","zip2":"0303"}],"松井田町原":[{"zip":"3790306","zip1":"379","zip2":"0306"}],"松井田町土塩":[{"zip":"3790217","zip1":"379","zip2":"0217"}],"松井田町人見":[{"zip":"3790224","zip1":"379","zip2":"0224"}],"松井田町松井田":[{"zip":"3790222","zip1":"379","zip2":"0222"}],"松井田町八城":[{"zip":"3790225","zip1":"379","zip2":"0225"}],"松井田町横川":[{"zip":"3790301","zip1":"379","zip2":"0301"}],"嶺":[{"zip":"3790136","zip1":"379","zip2":"0136"}],"簗瀬":[{"zip":"3790134","zip1":"379","zip2":"0134"}]},"みどり市":{"以下に掲載がない場合":[{"zip":"3760100","zip1":"376","zip2":"0100"}],"東町荻原":[{"zip":"3760306","zip1":"376","zip2":"0306"}],"東町草木":[{"zip":"3760302","zip1":"376","zip2":"0302"}],"東町神戸":[{"zip":"3760304","zip1":"376","zip2":"0304"}],"東町小中":[{"zip":"3760308","zip1":"376","zip2":"0308"}],"東町座間":[{"zip":"3760303","zip1":"376","zip2":"0303"}],"東町小夜戸":[{"zip":"3760305","zip1":"376","zip2":"0305"}],"東町沢入":[{"zip":"3760301","zip1":"376","zip2":"0301"}],"東町花輪":[{"zip":"3760307","zip1":"376","zip2":"0307"}],"大間々町浅原":[{"zip":"3760114","zip1":"376","zip2":"0114"}],"大間々町大間々":[{"zip":"3760101","zip1":"376","zip2":"0101"}],"大間々町小平":[{"zip":"3760111","zip1":"376","zip2":"0111"}],"大間々町上神梅":[{"zip":"3760104","zip1":"376","zip2":"0104"}],"大間々町桐原":[{"zip":"3760102","zip1":"376","zip2":"0102"}],"大間々町塩沢":[{"zip":"3760116","zip1":"376","zip2":"0116"}],"大間々町塩原":[{"zip":"3760115","zip1":"376","zip2":"0115"}],"大間々町下神梅":[{"zip":"3760103","zip1":"376","zip2":"0103"}],"大間々町高津戸":[{"zip":"3760113","zip1":"376","zip2":"0113"}],"大間々町長尾根":[{"zip":"3760112","zip1":"376","zip2":"0112"}],"笠懸町阿左美":[{"zip":"3792311","zip1":"379","zip2":"2311"}],"笠懸町久宮":[{"zip":"3792312","zip1":"379","zip2":"2312"}],"笠懸町西鹿田":[{"zip":"3792314","zip1":"379","zip2":"2314"}],"笠懸町鹿":[{"zip":"3792313","zip1":"379","zip2":"2313"}]},"北群馬郡榛東村":{"以下に掲載がない場合":[{"zip":"3703500","zip1":"370","zip2":"3500"}],"新井":[{"zip":"3703503","zip1":"370","zip2":"3503"}],"上野原":[{"zip":"3703505","zip1":"370","zip2":"3505"}],"長岡":[{"zip":"3703501","zip1":"370","zip2":"3501"}],"広馬場":[{"zip":"3703504","zip1":"370","zip2":"3504"}],"山子田":[{"zip":"3703502","zip1":"370","zip2":"3502"}]},"北群馬郡吉岡町":{"以下に掲載がない場合":[{"zip":"3703600","zip1":"370","zip2":"3600"}],"漆原":[{"zip":"3703601","zip1":"370","zip2":"3601"}],"大久保":[{"zip":"3703602","zip1":"370","zip2":"3602"}],"小倉":[{"zip":"3703607","zip1":"370","zip2":"3607"}],"上野田":[{"zip":"3703606","zip1":"370","zip2":"3606"}],"北下":[{"zip":"3703605","zip1":"370","zip2":"3605"}],"下野田":[{"zip":"3703608","zip1":"370","zip2":"3608"}],"陣場":[{"zip":"3703603","zip1":"370","zip2":"3603"}],"南下":[{"zip":"3703604","zip1":"370","zip2":"3604"}]},"多野郡上野村":{"以下に掲載がない場合":[{"zip":"3701600","zip1":"370","zip2":"1600"}],"乙父":[{"zip":"3701616","zip1":"370","zip2":"1616"}],"乙母":[{"zip":"3701615","zip1":"370","zip2":"1615"}],"勝山":[{"zip":"3701613","zip1":"370","zip2":"1613"}],"川和":[{"zip":"3701614","zip1":"370","zip2":"1614"}],"楢原":[{"zip":"3701617","zip1":"370","zip2":"1617"}],"新羽":[{"zip":"3701611","zip1":"370","zip2":"1611"}],"野栗沢":[{"zip":"3701612","zip1":"370","zip2":"1612"}]},"多野郡神流町":{"以下に掲載がない場合":[{"zip":"3701600","zip1":"370","zip2":"1600"}],"相原":[{"zip":"3701511","zip1":"370","zip2":"1511"}],"青梨":[{"zip":"3701512","zip1":"370","zip2":"1512"}],"麻生":[{"zip":"3701502","zip1":"370","zip2":"1502"}],"尾附":[{"zip":"3701604","zip1":"370","zip2":"1604"}],"神ケ原":[{"zip":"3701602","zip1":"370","zip2":"1602"}],"柏木":[{"zip":"3701501","zip1":"370","zip2":"1501"}],"黒田":[{"zip":"3701506","zip1":"370","zip2":"1506"}],"小平":[{"zip":"3701513","zip1":"370","zip2":"1513"}],"塩沢":[{"zip":"3701514","zip1":"370","zip2":"1514"}],"生利":[{"zip":"3701503","zip1":"370","zip2":"1503"}],"船子":[{"zip":"3701515","zip1":"370","zip2":"1515"}],"平原":[{"zip":"3701603","zip1":"370","zip2":"1603"}],"万場":[{"zip":"3701504","zip1":"370","zip2":"1504"}],"森戸":[{"zip":"3701505","zip1":"370","zip2":"1505"}],"魚尾":[{"zip":"3701601","zip1":"370","zip2":"1601"}]},"甘楽郡下仁田町":{"以下に掲載がない場合":[{"zip":"3702600","zip1":"370","zip2":"2600"}],"青倉":[{"zip":"3702611","zip1":"370","zip2":"2611"}],"大桑原":[{"zip":"3702613","zip1":"370","zip2":"2613"}],"風口":[{"zip":"3702614","zip1":"370","zip2":"2614"}],"上小坂":[{"zip":"3702621","zip1":"370","zip2":"2621"}],"川井":[{"zip":"3702606","zip1":"370","zip2":"2606"}],"栗山":[{"zip":"3702605","zip1":"370","zip2":"2605"}],"下小坂":[{"zip":"3702623","zip1":"370","zip2":"2623"}],"下郷":[{"zip":"3702616","zip1":"370","zip2":"2616"}],"下仁田":[{"zip":"3702601","zip1":"370","zip2":"2601"}],"中小坂":[{"zip":"3702622","zip1":"370","zip2":"2622"}],"西野牧":[{"zip":"3702627","zip1":"370","zip2":"2627"}],"白山":[{"zip":"3702602","zip1":"370","zip2":"2602"}],"東野牧":[{"zip":"3702624","zip1":"370","zip2":"2624"}],"平原":[{"zip":"3702612","zip1":"370","zip2":"2612"}],"馬山":[{"zip":"3702603","zip1":"370","zip2":"2603"}],"南野牧":[{"zip":"3702626","zip1":"370","zip2":"2626"}],"宮室":[{"zip":"3702615","zip1":"370","zip2":"2615"}],"本宿":[{"zip":"3702625","zip1":"370","zip2":"2625"}],"吉崎":[{"zip":"3702604","zip1":"370","zip2":"2604"}]},"甘楽郡南牧村":{"以下に掲載がない場合":[{"zip":"3702800","zip1":"370","zip2":"2800"}],"磐戸":[{"zip":"3702804","zip1":"370","zip2":"2804"}],"大塩沢":[{"zip":"3702801","zip1":"370","zip2":"2801"}],"大仁田":[{"zip":"3702812","zip1":"370","zip2":"2812"}],"大日向":[{"zip":"3702806","zip1":"370","zip2":"2806"}],"小沢":[{"zip":"3702802","zip1":"370","zip2":"2802"}],"熊倉":[{"zip":"3702815","zip1":"370","zip2":"2815"}],"千原":[{"zip":"3702803","zip1":"370","zip2":"2803"}],"砥沢":[{"zip":"3702813","zip1":"370","zip2":"2813"}],"羽沢":[{"zip":"3702814","zip1":"370","zip2":"2814"}],"檜沢":[{"zip":"3702805","zip1":"370","zip2":"2805"}],"星尾":[{"zip":"3702816","zip1":"370","zip2":"2816"}],"六車":[{"zip":"3702811","zip1":"370","zip2":"2811"}]},"甘楽郡甘楽町":{"以下に掲載がない場合":[{"zip":"3702200","zip1":"370","zip2":"2200"}],"秋畑":[{"zip":"3702204","zip1":"370","zip2":"2204"}],"天引":[{"zip":"3702217","zip1":"370","zip2":"2217"}],"上野":[{"zip":"3702201","zip1":"370","zip2":"2201"}],"小川":[{"zip":"3702211","zip1":"370","zip2":"2211"}],"小幡":[{"zip":"3702202","zip1":"370","zip2":"2202"}],"金井":[{"zip":"3702216","zip1":"370","zip2":"2216"}],"国峰":[{"zip":"3702205","zip1":"370","zip2":"2205"}],"白倉":[{"zip":"3702213","zip1":"370","zip2":"2213"}],"善慶寺":[{"zip":"3702206","zip1":"370","zip2":"2206"}],"造石":[{"zip":"3702215","zip1":"370","zip2":"2215"}],"轟":[{"zip":"3702203","zip1":"370","zip2":"2203"}],"庭谷":[{"zip":"3702214","zip1":"370","zip2":"2214"}],"福島":[{"zip":"3702212","zip1":"370","zip2":"2212"}]},"吾妻郡中之条町":{"以下に掲載がない場合":[{"zip":"3770400","zip1":"377","zip2":"0400"}],"青山":[{"zip":"3770422","zip1":"377","zip2":"0422"}],"赤岩":[{"zip":"3771311","zip1":"377","zip2":"1311"}],"赤坂":[{"zip":"3770417","zip1":"377","zip2":"0417"}],"蟻川":[{"zip":"3770416","zip1":"377","zip2":"0416"}],"伊勢町":[{"zip":"3770423","zip1":"377","zip2":"0423"}],"市城":[{"zip":"3770421","zip1":"377","zip2":"0421"}],"入山":[{"zip":"3771701","zip1":"377","zip2":"1701"}],"岩本":[{"zip":"3770431","zip1":"377","zip2":"0431"}],"太子":[{"zip":"3771703","zip1":"377","zip2":"1703"}],"大塚":[{"zip":"3770413","zip1":"377","zip2":"0413"}],"折田（戦道）":[{"zip":"3770544","zip1":"377","zip2":"0544"}],"折田（その他）":[{"zip":"3770433","zip1":"377","zip2":"0433"}],"上沢渡":[{"zip":"3770541","zip1":"377","zip2":"0541"}],"小雨":[{"zip":"3771704","zip1":"377","zip2":"1704"}],"五反田":[{"zip":"3770432","zip1":"377","zip2":"0432"}],"四万":[{"zip":"3770601","zip1":"377","zip2":"0601"}],"下沢渡":[{"zip":"3770542","zip1":"377","zip2":"0542"}],"大道":[{"zip":"3770411","zip1":"377","zip2":"0411"}],"平":[{"zip":"3770414","zip1":"377","zip2":"0414"}],"栃窪":[{"zip":"3770412","zip1":"377","zip2":"0412"}],"中之条町":[{"zip":"3770424","zip1":"377","zip2":"0424"}],"生須":[{"zip":"3771702","zip1":"377","zip2":"1702"}],"西中之条":[{"zip":"3770425","zip1":"377","zip2":"0425"}],"日影":[{"zip":"3771312","zip1":"377","zip2":"1312"}],"山田（寺社原、細尾）":[{"zip":"3770543","zip1":"377","zip2":"0543"}],"山田（その他）":[{"zip":"3770434","zip1":"377","zip2":"0434"}],"横尾":[{"zip":"3770415","zip1":"377","zip2":"0415"}]},"吾妻郡長野原町":{"以下に掲載がない場合":[{"zip":"3771300","zip1":"377","zip2":"1300"}],"応桑（堂光原）":[{"zip":"3771310","zip1":"377","zip2":"1310"}],"応桑（その他）":[{"zip":"3771411","zip1":"377","zip2":"1411"}],"大津":[{"zip":"3771308","zip1":"377","zip2":"1308"}],"川原畑":[{"zip":"3771301","zip1":"377","zip2":"1301"}],"川原湯":[{"zip":"3771302","zip1":"377","zip2":"1302"}],"北軽井沢":[{"zip":"3771412","zip1":"377","zip2":"1412"}],"長野原":[{"zip":"3771304","zip1":"377","zip2":"1304"}],"羽根尾":[{"zip":"3771307","zip1":"377","zip2":"1307"}],"林":[{"zip":"3771309","zip1":"377","zip2":"1309"}],"古森":[{"zip":"3771306","zip1":"377","zip2":"1306"}],"与喜屋":[{"zip":"3771305","zip1":"377","zip2":"1305"}],"横壁":[{"zip":"3771303","zip1":"377","zip2":"1303"}]},"吾妻郡嬬恋村":{"以下に掲載がない場合":[{"zip":"3771500","zip1":"377","zip2":"1500"}],"芦生田":[{"zip":"3771523","zip1":"377","zip2":"1523"}],"今井":[{"zip":"3771521","zip1":"377","zip2":"1521"}],"大笹":[{"zip":"3771613","zip1":"377","zip2":"1613"}],"大前（細原２２５９～）":[{"zip":"3771512","zip1":"377","zip2":"1512"}],"大前（その他）":[{"zip":"3771612","zip1":"377","zip2":"1612"}],"門貝":[{"zip":"3771527","zip1":"377","zip2":"1527"}],"鎌原（あやめケ原）":[{"zip":"3771403","zip1":"377","zip2":"1403"}],"鎌原（大カイシコ）":[{"zip":"3771404","zip1":"377","zip2":"1404"}],"鎌原（奥軽井沢）":[{"zip":"3771401","zip1":"377","zip2":"1401"}],"鎌原（鬼の泉水）":[{"zip":"3771402","zip1":"377","zip2":"1402"}],"鎌原（柏木塚）":[{"zip":"3771616","zip1":"377","zip2":"1616"}],"鎌原（群馬坂）":[{"zip":"3771617","zip1":"377","zip2":"1617"}],"鎌原（高峰高原）":[{"zip":"3840097","zip1":"384","zip2":"0097"}],"鎌原（藤原）":[{"zip":"3771615","zip1":"377","zip2":"1615"}],"鎌原（モロシコ「浅間園」）":[{"zip":"3771405","zip1":"377","zip2":"1405"}],"鎌原（その他）":[{"zip":"3771524","zip1":"377","zip2":"1524"}],"西窪":[{"zip":"3771525","zip1":"377","zip2":"1525"}],"田代":[{"zip":"3771614","zip1":"377","zip2":"1614"}],"袋倉":[{"zip":"3771522","zip1":"377","zip2":"1522"}],"干俣（吾妻鉱山、万座温泉）":[{"zip":"3771528","zip1":"377","zip2":"1528"}],"干俣（その他）":[{"zip":"3771611","zip1":"377","zip2":"1611"}],"三原":[{"zip":"3771526","zip1":"377","zip2":"1526"}]},"吾妻郡草津町":{"以下に掲載がない場合":[{"zip":"3771700","zip1":"377","zip2":"1700"}],"草津":[{"zip":"3771711","zip1":"377","zip2":"1711"}],"前口":[{"zip":"3771712","zip1":"377","zip2":"1712"}]},"吾妻郡高山村":{"以下に掲載がない場合":[{"zip":"3770700","zip1":"377","zip2":"0700"}],"尻高":[{"zip":"3770701","zip1":"377","zip2":"0701"}],"中山":[{"zip":"3770702","zip1":"377","zip2":"0702"}]},"吾妻郡東吾妻町":{"以下に掲載がない場合":[{"zip":"3770800","zip1":"377","zip2":"0800"}],"厚田":[{"zip":"3770812","zip1":"377","zip2":"0812"}],"新巻":[{"zip":"3770303","zip1":"377","zip2":"0303"}],"泉沢（烏帽子「榛名湖畔」、烏帽子国有林７７林班）":[{"zip":"3703321","zip1":"370","zip2":"3321"}],"泉沢（その他）":[{"zip":"3770807","zip1":"377","zip2":"0807"}],"岩井":[{"zip":"3770804","zip1":"377","zip2":"0804"}],"岩下":[{"zip":"3770815","zip1":"377","zip2":"0815"}],"植栗":[{"zip":"3770805","zip1":"377","zip2":"0805"}],"大柏木":[{"zip":"3770935","zip1":"377","zip2":"0935"}],"大戸":[{"zip":"3770931","zip1":"377","zip2":"0931"}],"岡崎（烏帽子「榛名湖畔」）":[{"zip":"3703311","zip1":"370","zip2":"3311"}],"岡崎（その他）":[{"zip":"3770302","zip1":"377","zip2":"0302"}],"奥田":[{"zip":"3770304","zip1":"377","zip2":"0304"}],"金井":[{"zip":"3770803","zip1":"377","zip2":"0803"}],"川戸（烏帽子「榛名湖畔」）":[{"zip":"3703322","zip1":"370","zip2":"3322"}],"川戸（その他）":[{"zip":"3770802","zip1":"377","zip2":"0802"}],"小泉":[{"zip":"3770806","zip1":"377","zip2":"0806"}],"郷原":[{"zip":"3770811","zip1":"377","zip2":"0811"}],"五町田":[{"zip":"3770305","zip1":"377","zip2":"0305"}],"須賀尾":[{"zip":"3770934","zip1":"377","zip2":"0934"}],"萩生":[{"zip":"3770932","zip1":"377","zip2":"0932"}],"箱島":[{"zip":"3770301","zip1":"377","zip2":"0301"}],"原町":[{"zip":"3770801","zip1":"377","zip2":"0801"}],"松谷":[{"zip":"3770814","zip1":"377","zip2":"0814"}],"三島":[{"zip":"3770813","zip1":"377","zip2":"0813"}],"本宿":[{"zip":"3770933","zip1":"377","zip2":"0933"}],"矢倉":[{"zip":"3770816","zip1":"377","zip2":"0816"}]},"利根郡片品村":{"以下に掲載がない場合":[{"zip":"3780400","zip1":"378","zip2":"0400"}],"鎌田":[{"zip":"3780415","zip1":"378","zip2":"0415"}],"越本":[{"zip":"3780413","zip1":"378","zip2":"0413"}],"下平":[{"zip":"3780405","zip1":"378","zip2":"0405"}],"須賀川":[{"zip":"3780401","zip1":"378","zip2":"0401"}],"菅沼":[{"zip":"3780403","zip1":"378","zip2":"0403"}],"摺淵":[{"zip":"3780406","zip1":"378","zip2":"0406"}],"築地":[{"zip":"3780404","zip1":"378","zip2":"0404"}],"土出":[{"zip":"3780412","zip1":"378","zip2":"0412"}],"戸倉":[{"zip":"3780411","zip1":"378","zip2":"0411"}],"幡谷":[{"zip":"3780407","zip1":"378","zip2":"0407"}],"花咲":[{"zip":"3780408","zip1":"378","zip2":"0408"}],"針山":[{"zip":"3780409","zip1":"378","zip2":"0409"}],"東小川":[{"zip":"3780414","zip1":"378","zip2":"0414"}],"御座入":[{"zip":"3780402","zip1":"378","zip2":"0402"}]},"利根郡川場村":{"以下に掲載がない場合":[{"zip":"3780100","zip1":"378","zip2":"0100"}],"太田川":[{"zip":"3780104","zip1":"378","zip2":"0104"}],"川場湯原":[{"zip":"3780102","zip1":"378","zip2":"0102"}],"小田川":[{"zip":"3780105","zip1":"378","zip2":"0105"}],"立岩":[{"zip":"3780112","zip1":"378","zip2":"0112"}],"天神":[{"zip":"3780114","zip1":"378","zip2":"0114"}],"中野":[{"zip":"3780103","zip1":"378","zip2":"0103"}],"生品":[{"zip":"3780113","zip1":"378","zip2":"0113"}],"萩室":[{"zip":"3780111","zip1":"378","zip2":"0111"}],"門前":[{"zip":"3780115","zip1":"378","zip2":"0115"}],"谷地":[{"zip":"3780101","zip1":"378","zip2":"0101"}]},"利根郡昭和村":{"以下に掲載がない場合":[{"zip":"3791200","zip1":"379","zip2":"1200"}],"赤城原":[{"zip":"3791207","zip1":"379","zip2":"1207"}],"糸井":[{"zip":"3791203","zip1":"379","zip2":"1203"}],"生越":[{"zip":"3791201","zip1":"379","zip2":"1201"}],"貝野瀬":[{"zip":"3791202","zip1":"379","zip2":"1202"}],"川額":[{"zip":"3791205","zip1":"379","zip2":"1205"}],"橡久保":[{"zip":"3791206","zip1":"379","zip2":"1206"}],"森下":[{"zip":"3791204","zip1":"379","zip2":"1204"}]},"利根郡みなかみ町":{"以下に掲載がない場合":[{"zip":"3791300","zip1":"379","zip2":"1300"}],"相俣":[{"zip":"3791404","zip1":"379","zip2":"1404"}],"阿能川":[{"zip":"3791618","zip1":"379","zip2":"1618"}],"新巻":[{"zip":"3791411","zip1":"379","zip2":"1411"}],"粟沢":[{"zip":"3791723","zip1":"379","zip2":"1723"}],"石倉":[{"zip":"3791311","zip1":"379","zip2":"1311"}],"入須川":[{"zip":"3791416","zip1":"379","zip2":"1416"}],"大穴":[{"zip":"3791727","zip1":"379","zip2":"1727"}],"大沼":[{"zip":"3791302","zip1":"379","zip2":"1302"}],"小川":[{"zip":"3791312","zip1":"379","zip2":"1312"}],"小日向":[{"zip":"3791612","zip1":"379","zip2":"1612"}],"鹿野沢":[{"zip":"3791611","zip1":"379","zip2":"1611"}],"上津":[{"zip":"3791315","zip1":"379","zip2":"1315"}],"上牧":[{"zip":"3791303","zip1":"379","zip2":"1303"}],"川上":[{"zip":"3791616","zip1":"379","zip2":"1616"}],"幸知":[{"zip":"3791726","zip1":"379","zip2":"1726"}],"後閑":[{"zip":"3791305","zip1":"379","zip2":"1305"}],"小仁田":[{"zip":"3791615","zip1":"379","zip2":"1615"}],"猿ヶ京温泉":[{"zip":"3791403","zip1":"379","zip2":"1403"}],"下津":[{"zip":"3791314","zip1":"379","zip2":"1314"}],"下牧":[{"zip":"3791304","zip1":"379","zip2":"1304"}],"須川":[{"zip":"3791418","zip1":"379","zip2":"1418"}],"高日向":[{"zip":"3791613","zip1":"379","zip2":"1613"}],"谷川":[{"zip":"3791619","zip1":"379","zip2":"1619"}],"月夜野":[{"zip":"3791313","zip1":"379","zip2":"1313"}],"綱子":[{"zip":"3791725","zip1":"379","zip2":"1725"}],"寺間":[{"zip":"3791614","zip1":"379","zip2":"1614"}],"永井":[{"zip":"3791401","zip1":"379","zip2":"1401"}],"奈女沢":[{"zip":"3791301","zip1":"379","zip2":"1301"}],"西峰須川":[{"zip":"3791415","zip1":"379","zip2":"1415"}],"羽場":[{"zip":"3791412","zip1":"379","zip2":"1412"}],"東峰":[{"zip":"3791417","zip1":"379","zip2":"1417"}],"吹路":[{"zip":"3791402","zip1":"379","zip2":"1402"}],"藤原":[{"zip":"3791721","zip1":"379","zip2":"1721"}],"布施":[{"zip":"3791414","zip1":"379","zip2":"1414"}],"真庭":[{"zip":"3791308","zip1":"379","zip2":"1308"}],"政所":[{"zip":"3791307","zip1":"379","zip2":"1307"}],"向山":[{"zip":"3791724","zip1":"379","zip2":"1724"}],"師":[{"zip":"3791306","zip1":"379","zip2":"1306"}],"師田":[{"zip":"3791413","zip1":"379","zip2":"1413"}],"湯宿温泉":[{"zip":"3791409","zip1":"379","zip2":"1409"}],"湯原":[{"zip":"3791617","zip1":"379","zip2":"1617"}],"湯桧曽":[{"zip":"3791728","zip1":"379","zip2":"1728"}],"夜後":[{"zip":"3791722","zip1":"379","zip2":"1722"}],"吉本":[{"zip":"3791601","zip1":"379","zip2":"1601"}]},"佐波郡玉村町":{"以下に掲載がない場合":[{"zip":"3701100","zip1":"370","zip2":"1100"}],"飯倉":[{"zip":"3701116","zip1":"370","zip2":"1116"}],"飯塚":[{"zip":"3701102","zip1":"370","zip2":"1102"}],"板井":[{"zip":"3701135","zip1":"370","zip2":"1135"}],"宇貫":[{"zip":"3701126","zip1":"370","zip2":"1126"}],"上飯島":[{"zip":"3701121","zip1":"370","zip2":"1121"}],"上新田":[{"zip":"3701133","zip1":"370","zip2":"1133"}],"上之手":[{"zip":"3701127","zip1":"370","zip2":"1127"}],"上福島":[{"zip":"3701104","zip1":"370","zip2":"1104"}],"上茂木":[{"zip":"3701122","zip1":"370","zip2":"1122"}],"川井":[{"zip":"3701117","zip1":"370","zip2":"1117"}],"小泉":[{"zip":"3701114","zip1":"370","zip2":"1114"}],"後箇":[{"zip":"3701128","zip1":"370","zip2":"1128"}],"五料":[{"zip":"3701115","zip1":"370","zip2":"1115"}],"斎田":[{"zip":"3701131","zip1":"370","zip2":"1131"}],"下新田":[{"zip":"3701132","zip1":"370","zip2":"1132"}],"下之宮":[{"zip":"3701112","zip1":"370","zip2":"1112"}],"下茂木":[{"zip":"3701123","zip1":"370","zip2":"1123"}],"角渕":[{"zip":"3701124","zip1":"370","zip2":"1124"}],"南玉":[{"zip":"3701111","zip1":"370","zip2":"1111"}],"箱石":[{"zip":"3701113","zip1":"370","zip2":"1113"}],"樋越":[{"zip":"3701103","zip1":"370","zip2":"1103"}],"福島":[{"zip":"3701105","zip1":"370","zip2":"1105"}],"藤川":[{"zip":"3701101","zip1":"370","zip2":"1101"}],"八幡原":[{"zip":"3701125","zip1":"370","zip2":"1125"}],"与六分":[{"zip":"3701134","zip1":"370","zip2":"1134"}]},"邑楽郡板倉町":{"以下に掲載がない場合":[{"zip":"3740100","zip1":"374","zip2":"0100"}],"朝日野":[{"zip":"3740112","zip1":"374","zip2":"0112"}],"飯野":[{"zip":"3740123","zip1":"374","zip2":"0123"}],"泉野":[{"zip":"3740113","zip1":"374","zip2":"0113"}],"板倉":[{"zip":"3740132","zip1":"374","zip2":"0132"}],"岩田":[{"zip":"3740133","zip1":"374","zip2":"0133"}],"内蔵新田":[{"zip":"3740135","zip1":"374","zip2":"0135"}],"海老瀬":[{"zip":"3740111","zip1":"374","zip2":"0111"}],"大蔵":[{"zip":"3740131","zip1":"374","zip2":"0131"}],"大高嶋":[{"zip":"3740122","zip1":"374","zip2":"0122"}],"大荷場":[{"zip":"3740104","zip1":"374","zip2":"0104"}],"大曲":[{"zip":"3740105","zip1":"374","zip2":"0105"}],"下五箇":[{"zip":"3740121","zip1":"374","zip2":"0121"}],"西岡":[{"zip":"3740107","zip1":"374","zip2":"0107"}],"西岡新田":[{"zip":"3740106","zip1":"374","zip2":"0106"}],"離":[{"zip":"3740102","zip1":"374","zip2":"0102"}],"細谷":[{"zip":"3740103","zip1":"374","zip2":"0103"}],"籾谷":[{"zip":"3740134","zip1":"374","zip2":"0134"}],"除川":[{"zip":"3740101","zip1":"374","zip2":"0101"}]},"邑楽郡明和町":{"以下に掲載がない場合":[{"zip":"3700700","zip1":"370","zip2":"0700"}],"入ケ谷":[{"zip":"3700711","zip1":"370","zip2":"0711"}],"梅原":[{"zip":"3700714","zip1":"370","zip2":"0714"}],"江口":[{"zip":"3700706","zip1":"370","zip2":"0706"}],"大佐貫":[{"zip":"3700715","zip1":"370","zip2":"0715"}],"大輪":[{"zip":"3700718","zip1":"370","zip2":"0718"}],"上江黒":[{"zip":"3700702","zip1":"370","zip2":"0702"}],"川俣":[{"zip":"3700716","zip1":"370","zip2":"0716"}],"下江黒":[{"zip":"3700703","zip1":"370","zip2":"0703"}],"須賀":[{"zip":"3700717","zip1":"370","zip2":"0717"}],"千津井":[{"zip":"3700705","zip1":"370","zip2":"0705"}],"田島":[{"zip":"3700707","zip1":"370","zip2":"0707"}],"斗合田":[{"zip":"3700704","zip1":"370","zip2":"0704"}],"中谷":[{"zip":"3700713","zip1":"370","zip2":"0713"}],"新里":[{"zip":"3700708","zip1":"370","zip2":"0708"}],"南大島":[{"zip":"3700701","zip1":"370","zip2":"0701"}],"矢島":[{"zip":"3700712","zip1":"370","zip2":"0712"}]},"邑楽郡千代田町":{"以下に掲載がない場合":[{"zip":"3700500","zip1":"370","zip2":"0500"}],"赤岩":[{"zip":"3700503","zip1":"370","zip2":"0503"}],"赤岩西":[{"zip":"3700506","zip1":"370","zip2":"0506"}],"上五箇":[{"zip":"3700726","zip1":"370","zip2":"0726"}],"上中森":[{"zip":"3700725","zip1":"370","zip2":"0725"}],"萱野":[{"zip":"3700722","zip1":"370","zip2":"0722"}],"木崎":[{"zip":"3700721","zip1":"370","zip2":"0721"}],"下中森":[{"zip":"3700724","zip1":"370","zip2":"0724"}],"昭和":[{"zip":"3700723","zip1":"370","zip2":"0723"}],"新福寺":[{"zip":"3700505","zip1":"370","zip2":"0505"}],"瀬戸井":[{"zip":"3700727","zip1":"370","zip2":"0727"}],"鍋谷":[{"zip":"3700502","zip1":"370","zip2":"0502"}],"福島":[{"zip":"3700501","zip1":"370","zip2":"0501"}],"舞木":[{"zip":"3700504","zip1":"370","zip2":"0504"}],"舞木東":[{"zip":"3700507","zip1":"370","zip2":"0507"}]},"邑楽郡大泉町":{"以下に掲載がない場合":[{"zip":"3700500","zip1":"370","zip2":"0500"}],"朝日":[{"zip":"3700514","zip1":"370","zip2":"0514"}],"いずみ":[{"zip":"3700531","zip1":"370","zip2":"0531"}],"丘山":[{"zip":"3700534","zip1":"370","zip2":"0534"}],"上小泉":[{"zip":"3700512","zip1":"370","zip2":"0512"}],"北小泉":[{"zip":"3700511","zip1":"370","zip2":"0511"}],"古海":[{"zip":"3700524","zip1":"370","zip2":"0524"}],"坂田":[{"zip":"3700532","zip1":"370","zip2":"0532"}],"下小泉":[{"zip":"3700515","zip1":"370","zip2":"0515"}],"城之内":[{"zip":"3700518","zip1":"370","zip2":"0518"}],"住吉":[{"zip":"3700521","zip1":"370","zip2":"0521"}],"仙石":[{"zip":"3700533","zip1":"370","zip2":"0533"}],"中央":[{"zip":"3700516","zip1":"370","zip2":"0516"}],"西小泉":[{"zip":"3700517","zip1":"370","zip2":"0517"}],"東小泉":[{"zip":"3700513","zip1":"370","zip2":"0513"}],"日の出":[{"zip":"3700525","zip1":"370","zip2":"0525"}],"富士":[{"zip":"3700522","zip1":"370","zip2":"0522"}],"古氷":[{"zip":"3700536","zip1":"370","zip2":"0536"}],"吉田":[{"zip":"3700523","zip1":"370","zip2":"0523"}],"寄木戸":[{"zip":"3700535","zip1":"370","zip2":"0535"}]},"邑楽郡邑楽町":{"以下に掲載がない場合":[{"zip":"3700600","zip1":"370","zip2":"0600"}],"赤堀":[{"zip":"3700614","zip1":"370","zip2":"0614"}],"秋妻":[{"zip":"3700606","zip1":"370","zip2":"0606"}],"明野":[{"zip":"3700602","zip1":"370","zip2":"0602"}],"石打":[{"zip":"3700604","zip1":"370","zip2":"0604"}],"鶉":[{"zip":"3700601","zip1":"370","zip2":"0601"}],"鶉新田":[{"zip":"3700611","zip1":"370","zip2":"0611"}],"光善寺":[{"zip":"3700616","zip1":"370","zip2":"0616"}],"篠塚":[{"zip":"3700615","zip1":"370","zip2":"0615"}],"新中野":[{"zip":"3700612","zip1":"370","zip2":"0612"}],"中野":[{"zip":"3700603","zip1":"370","zip2":"0603"}],"藤川":[{"zip":"3700605","zip1":"370","zip2":"0605"}],"狸塚":[{"zip":"3700613","zip1":"370","zip2":"0613"}]}}