{"0000":[{"pref":"茨城県","city":"ひたちなか市","town":"以下に掲載がない場合"}],"0056":[{"pref":"茨城県","city":"ひたちなか市","town":"青葉町"}],"0057":[{"pref":"茨城県","city":"ひたちなか市","town":"石川町"}],"0033":[{"pref":"茨城県","city":"ひたちなか市","town":"市毛"}],"0061":[{"pref":"茨城県","city":"ひたちなか市","town":"稲田"}],"0014":[{"pref":"茨城県","city":"ひたちなか市","town":"後野"}],"0035":[{"pref":"茨城県","city":"ひたちなか市","town":"枝川"}],"0023":[{"pref":"茨城県","city":"ひたちなか市","town":"大平"}],"0007":[{"pref":"茨城県","city":"ひたちなか市","town":"小貫山"}],"0047":[{"pref":"茨城県","city":"ひたちなか市","town":"表町"}],"0048":[{"pref":"茨城県","city":"ひたちなか市","town":"春日町"}],"0024":[{"pref":"茨城県","city":"ひたちなか市","town":"勝倉"}],"0046":[{"pref":"茨城県","city":"ひたちなか市","town":"勝田泉町"}],"0045":[{"pref":"茨城県","city":"ひたちなか市","town":"勝田中央"}],"0027":[{"pref":"茨城県","city":"ひたちなか市","town":"勝田中原町"}],"0026":[{"pref":"茨城県","city":"ひたちなか市","town":"勝田本町"}],"0022":[{"pref":"茨城県","city":"ひたちなか市","town":"金上"}],"0013":[{"pref":"茨城県","city":"ひたちなか市","town":"上野"}],"0043":[{"pref":"茨城県","city":"ひたちなか市","town":"共栄町"}],"0002":[{"pref":"茨城県","city":"ひたちなか市","town":"高野"}],"0015":[{"pref":"茨城県","city":"ひたちなか市","town":"小砂町"}],"0031":[{"pref":"茨城県","city":"ひたちなか市","town":"後台"}],"0058":[{"pref":"茨城県","city":"ひたちなか市","town":"西光地"}],"0018":[{"pref":"茨城県","city":"ひたちなか市","town":"笹野町"}],"0001":[{"pref":"茨城県","city":"ひたちなか市","town":"佐和"}],"0005":[{"pref":"茨城県","city":"ひたちなか市","town":"新光町"}],"0053":[{"pref":"茨城県","city":"ひたちなか市","town":"外野"}],"0055":[{"pref":"茨城県","city":"ひたちなか市","town":"大成町"}],"0062":[{"pref":"茨城県","city":"ひたちなか市","town":"高場"}],"0025":[{"pref":"茨城県","city":"ひたちなか市","town":"武田"}],"0063":[{"pref":"茨城県","city":"ひたちなか市","town":"田彦"}],"0003":[{"pref":"茨城県","city":"ひたちなか市","town":"足崎"}],"0032":[{"pref":"茨城県","city":"ひたちなか市","town":"津田"}],"0036":[{"pref":"茨城県","city":"ひたちなか市","town":"津田東"}],"0051":[{"pref":"茨城県","city":"ひたちなか市","town":"堂端"}],"0011":[{"pref":"茨城県","city":"ひたちなか市","town":"中根"}],"0004":[{"pref":"茨城県","city":"ひたちなか市","town":"長砂"}],"0017":[{"pref":"茨城県","city":"ひたちなか市","town":"長堀町"}],"0041":[{"pref":"茨城県","city":"ひたちなか市","town":"西大島"}],"0054":[{"pref":"茨城県","city":"ひたちなか市","town":"はしかべ"}],"0052":[{"pref":"茨城県","city":"ひたちなか市","town":"東石川"}],"0042":[{"pref":"茨城県","city":"ひたちなか市","town":"東大島"}],"0034":[{"pref":"茨城県","city":"ひたちなか市","town":"堀口"}],"0006":[{"pref":"茨城県","city":"ひたちなか市","town":"前浜"}],"0016":[{"pref":"茨城県","city":"ひたちなか市","town":"松戸町"}],"0012":[{"pref":"茨城県","city":"ひたちなか市","town":"馬渡"}],"0021":[{"pref":"茨城県","city":"ひたちなか市","town":"三反田"}],"0044":[{"pref":"茨城県","city":"ひたちなか市","town":"元町"}]}