{"1101":[{"pref":"鹿児島県","city":"薩摩川内市","town":"里町里"}],"1201":[{"pref":"鹿児島県","city":"薩摩川内市","town":"上甑町中甑"}],"1202":[{"pref":"鹿児島県","city":"薩摩川内市","town":"上甑町中野"}],"1203":[{"pref":"鹿児島県","city":"薩摩川内市","town":"上甑町江石"}],"1204":[{"pref":"鹿児島県","city":"薩摩川内市","town":"上甑町小島"}],"1205":[{"pref":"鹿児島県","city":"薩摩川内市","town":"上甑町瀬上"}],"1206":[{"pref":"鹿児島県","city":"薩摩川内市","town":"上甑町桑之浦"}],"1281":[{"pref":"鹿児島県","city":"薩摩川内市","town":"上甑町平良"}],"1301":[{"pref":"鹿児島県","city":"薩摩川内市","town":"鹿島町藺牟田"}],"1411":[{"pref":"鹿児島県","city":"薩摩川内市","town":"下甑町長浜"}],"1412":[{"pref":"鹿児島県","city":"薩摩川内市","town":"下甑町瀬々野浦（１７００番地～、内川内）"}],"1512":[{"pref":"鹿児島県","city":"薩摩川内市","town":"下甑町瀬々野浦（その他）"}],"1521":[{"pref":"鹿児島県","city":"薩摩川内市","town":"下甑町青瀬"}],"1601":[{"pref":"鹿児島県","city":"薩摩川内市","town":"下甑町手打"}],"1602":[{"pref":"鹿児島県","city":"薩摩川内市","town":"下甑町片野浦"}],"0000":[{"pref":"鹿児島県","city":"いちき串木野市","town":"以下に掲載がない場合"}],"0061":[{"pref":"鹿児島県","city":"いちき串木野市","town":"愛木町"}],"0001":[{"pref":"鹿児島県","city":"いちき串木野市","town":"曙町"}],"0015":[{"pref":"鹿児島県","city":"いちき串木野市","town":"旭町"}],"0065":[{"pref":"鹿児島県","city":"いちき串木野市","town":"荒川"}],"0036":[{"pref":"鹿児島県","city":"いちき串木野市","town":"浦和町"}],"0027":[{"pref":"鹿児島県","city":"いちき串木野市","town":"恵比須町"}],"0011":[{"pref":"鹿児島県","city":"いちき串木野市","town":"大原町"}],"0025":[{"pref":"鹿児島県","city":"いちき串木野市","town":"御倉町"}],"0057":[{"pref":"鹿児島県","city":"いちき串木野市","town":"海瀬"}],"0002":[{"pref":"鹿児島県","city":"いちき串木野市","town":"春日町"}],"0079":[{"pref":"鹿児島県","city":"いちき串木野市","town":"河内"}],"0052":[{"pref":"鹿児島県","city":"いちき串木野市","town":"上名"}],"0051":[{"pref":"鹿児島県","city":"いちき串木野市","town":"冠嶽"}],"0041":[{"pref":"鹿児島県","city":"いちき串木野市","town":"北浜町"}],"0003":[{"pref":"鹿児島県","city":"いちき串木野市","town":"京町"}],"0075":[{"pref":"鹿児島県","city":"いちき串木野市","town":"金山"}],"0074":[{"pref":"鹿児島県","city":"いちき串木野市","town":"金山下"}],"0063":[{"pref":"鹿児島県","city":"いちき串木野市","town":"口之町"}],"0034":[{"pref":"鹿児島県","city":"いちき串木野市","town":"小瀬町"}],"0013":[{"pref":"鹿児島県","city":"いちき串木野市","town":"栄町"}],"0016":[{"pref":"鹿児島県","city":"いちき串木野市","town":"桜町"}],"0072":[{"pref":"鹿児島県","city":"いちき串木野市","town":"薩摩山"}],"0004":[{"pref":"鹿児島県","city":"いちき串木野市","town":"汐見町"}],"0023":[{"pref":"鹿児島県","city":"いちき串木野市","town":"塩屋町"}],"0026":[{"pref":"鹿児島県","city":"いちき串木野市","town":"昭和通"}],"0035":[{"pref":"鹿児島県","city":"いちき串木野市","town":"新生町"}],"0021":[{"pref":"鹿児島県","city":"いちき串木野市","town":"住吉町"}],"0046":[{"pref":"鹿児島県","city":"いちき串木野市","town":"西薩町"}],"0078":[{"pref":"鹿児島県","city":"いちき串木野市","town":"生福"}],"0076":[{"pref":"鹿児島県","city":"いちき串木野市","town":"芹ケ野"}],"0017":[{"pref":"鹿児島県","city":"いちき串木野市","town":"高見町"}],"0055":[{"pref":"鹿児島県","city":"いちき串木野市","town":"照島"}],"0012":[{"pref":"鹿児島県","city":"いちき串木野市","town":"中尾町"}],"0033":[{"pref":"鹿児島県","city":"いちき串木野市","town":"長崎町"}],"0005":[{"pref":"鹿児島県","city":"いちき串木野市","town":"西塩田町"}],"0032":[{"pref":"鹿児島県","city":"いちき串木野市","town":"西島平町"}],"0044":[{"pref":"鹿児島県","city":"いちき串木野市","town":"西浜町"}],"0073":[{"pref":"鹿児島県","city":"いちき串木野市","town":"野下"}],"0066":[{"pref":"鹿児島県","city":"いちき串木野市","town":"野元"}],"0058":[{"pref":"鹿児島県","city":"いちき串木野市","town":"袴田"}],"0064":[{"pref":"鹿児島県","city":"いちき串木野市","town":"羽島"}],"0069":[{"pref":"鹿児島県","city":"いちき串木野市","town":"浜ケ城"}],"0062":[{"pref":"鹿児島県","city":"いちき串木野市","town":"浜田町"}],"0006":[{"pref":"鹿児島県","city":"いちき串木野市","town":"東塩田町"}],"0031":[{"pref":"鹿児島県","city":"いちき串木野市","town":"東島平町"}],"0054":[{"pref":"鹿児島県","city":"いちき串木野市","town":"日出町"}],"0028":[{"pref":"鹿児島県","city":"いちき串木野市","town":"ひばりが丘"}],"0067":[{"pref":"鹿児島県","city":"いちき串木野市","town":"平江"}],"0071":[{"pref":"鹿児島県","city":"いちき串木野市","town":"深田上"}],"0077":[{"pref":"鹿児島県","city":"いちき串木野市","town":"深田下"}],"0037":[{"pref":"鹿児島県","city":"いちき串木野市","town":"別府"}],"0045":[{"pref":"鹿児島県","city":"いちき串木野市","town":"まぐろ本町"}],"0024":[{"pref":"鹿児島県","city":"いちき串木野市","town":"美住町"}],"0068":[{"pref":"鹿児島県","city":"いちき串木野市","town":"三井"}],"0022":[{"pref":"鹿児島県","city":"いちき串木野市","town":"緑町"}],"0043":[{"pref":"鹿児島県","city":"いちき串木野市","town":"港町"}],"0042":[{"pref":"鹿児島県","city":"いちき串木野市","town":"本浜町"}],"0014":[{"pref":"鹿児島県","city":"いちき串木野市","town":"元町"}],"0056":[{"pref":"鹿児島県","city":"いちき串木野市","town":"八房"}]}