{"0271":[{"pref":"北海道","city":"苫小牧市","town":"丸山"}],"0000":[{"pref":"北海道","city":"千歳市","town":"以下に掲載がない場合"}],"0015":[{"pref":"北海道","city":"千歳市","town":"青葉"}],"0014":[{"pref":"北海道","city":"千歳市","town":"青葉丘"}],"0018":[{"pref":"北海道","city":"千歳市","town":"旭ケ丘"}],"0043":[{"pref":"北海道","city":"千歳市","town":"朝日町"}],"0076":[{"pref":"北海道","city":"千歳市","town":"あずさ"}],"0004":[{"pref":"北海道","city":"千歳市","town":"泉郷"}],"0051":[{"pref":"北海道","city":"千歳市","town":"泉沢"}],"0029":[{"pref":"北海道","city":"千歳市","town":"稲穂"}],"0025":[{"pref":"北海道","city":"千歳市","town":"梅ケ丘"}],"0286":[{"pref":"北海道","city":"千歳市","town":"奥潭"}],"0001":[{"pref":"北海道","city":"千歳市","town":"長都"}],"0031":[{"pref":"北海道","city":"千歳市","town":"長都駅前"}],"0013":[{"pref":"北海道","city":"千歳市","town":"柏台"}],"0009":[{"pref":"北海道","city":"千歳市","town":"柏台南"}],"0065":[{"pref":"北海道","city":"千歳市","town":"春日町"}],"0067":[{"pref":"北海道","city":"千歳市","town":"桂木"}],"0002":[{"pref":"北海道","city":"千歳市","town":"釜加"}],"0077":[{"pref":"北海道","city":"千歳市","town":"上長都"}],"0075":[{"pref":"北海道","city":"千歳市","town":"北信濃"}],"0005":[{"pref":"北海道","city":"千歳市","town":"協和（８８－２、２７１－１０、３４３－２、４０４－１、４２７－"},{"pref":"北海道","city":"千歳市","town":"３、４３１－１２、４４３－６、６０８－２、６４１－８、８１４、８４２－"},{"pref":"北海道","city":"千歳市","town":"５、１１３７－３、１３９２、１６５７、１７５２番地）"}],"0082":[{"pref":"北海道","city":"千歳市","town":"幸福"}],"0023":[{"pref":"北海道","city":"千歳市","town":"寿"}],"0011":[{"pref":"北海道","city":"千歳市","town":"駒里"}],"0063":[{"pref":"北海道","city":"千歳市","town":"幸町"}],"0061":[{"pref":"北海道","city":"千歳市","town":"栄町"}],"0071":[{"pref":"北海道","city":"千歳市","town":"桜木"}],"0055":[{"pref":"北海道","city":"千歳市","town":"里美"}],"0281":[{"pref":"北海道","city":"千歳市","town":"支笏湖温泉"}],"0284":[{"pref":"北海道","city":"千歳市","town":"支寒内"}],"0038":[{"pref":"北海道","city":"千歳市","town":"信濃"}],"0042":[{"pref":"北海道","city":"千歳市","town":"東雲町"}],"0041":[{"pref":"北海道","city":"千歳市","town":"清水町"}],"0072":[{"pref":"北海道","city":"千歳市","town":"自由ケ丘"}],"0006":[{"pref":"北海道","city":"千歳市","town":"祝梅"}],"0056":[{"pref":"北海道","city":"千歳市","town":"白樺"}],"0069":[{"pref":"北海道","city":"千歳市","town":"新星"}],"0046":[{"pref":"北海道","city":"千歳市","town":"真町"}],"0037":[{"pref":"北海道","city":"千歳市","town":"新富"}],"0282":[{"pref":"北海道","city":"千歳市","town":"水明郷"}],"0027":[{"pref":"北海道","city":"千歳市","town":"末広"}],"0026":[{"pref":"北海道","city":"千歳市","town":"住吉"}],"0081":[{"pref":"北海道","city":"千歳市","town":"清流"}],"0035":[{"pref":"北海道","city":"千歳市","town":"高台"}],"0007":[{"pref":"北海道","city":"千歳市","town":"中央"}],"0062":[{"pref":"北海道","city":"千歳市","town":"千代田町"}],"0021":[{"pref":"北海道","city":"千歳市","town":"東郊"}],"0034":[{"pref":"北海道","city":"千歳市","town":"富丘"}],"0022":[{"pref":"北海道","city":"千歳市","town":"豊里"}],"0064":[{"pref":"北海道","city":"千歳市","town":"錦町"}],"0008":[{"pref":"北海道","city":"千歳市","town":"根志越"}],"0054":[{"pref":"北海道","city":"千歳市","town":"柏陽"}],"0028":[{"pref":"北海道","city":"千歳市","town":"花園"}],"0017":[{"pref":"北海道","city":"千歳市","town":"日の出"}],"0016":[{"pref":"北海道","city":"千歳市","town":"日の出丘"}],"0012":[{"pref":"北海道","city":"千歳市","town":"美々"}],"0285":[{"pref":"北海道","city":"千歳市","town":"美笛"}],"0053":[{"pref":"北海道","city":"千歳市","town":"福住"}],"0039":[{"pref":"北海道","city":"千歳市","town":"富士"}],"0052":[{"pref":"北海道","city":"千歳市","town":"文京"}],"0044":[{"pref":"北海道","city":"千歳市","town":"平和"}],"0036":[{"pref":"北海道","city":"千歳市","town":"北栄"}],"0073":[{"pref":"北海道","city":"千歳市","town":"北斗"}],"0032":[{"pref":"北海道","city":"千歳市","town":"北陽"}],"0033":[{"pref":"北海道","city":"千歳市","town":"北光"}],"0287":[{"pref":"北海道","city":"千歳市","town":"幌美内"}],"0047":[{"pref":"北海道","city":"千歳市","town":"本町"}],"0045":[{"pref":"北海道","city":"千歳市","town":"真々地"}],"0083":[{"pref":"北海道","city":"千歳市","town":"みどり台北"}],"0084":[{"pref":"北海道","city":"千歳市","town":"みどり台南"}],"0074":[{"pref":"北海道","city":"千歳市","town":"緑町"}],"0003":[{"pref":"北海道","city":"千歳市","town":"都"}],"0283":[{"pref":"北海道","city":"千歳市","town":"モラップ"}],"0066":[{"pref":"北海道","city":"千歳市","town":"大和"}],"0024":[{"pref":"北海道","city":"千歳市","town":"弥生"}],"0078":[{"pref":"北海道","city":"千歳市","town":"勇舞"}],"0068":[{"pref":"北海道","city":"千歳市","town":"蘭越"}],"0019":[{"pref":"北海道","city":"千歳市","town":"流通"}],"0057":[{"pref":"北海道","city":"千歳市","town":"若草"}]}