{"1401":[{"pref":"香川県","city":"高松市","town":"香南町岡"}],"1402":[{"pref":"香川県","city":"高松市","town":"香南町由佐"}],"1403":[{"pref":"香川県","city":"高松市","town":"香南町吉光"}],"1404":[{"pref":"香川県","city":"高松市","town":"香南町横井"}],"1405":[{"pref":"香川県","city":"高松市","town":"香南町池内"}],"1406":[{"pref":"香川県","city":"高松市","town":"香南町西庄"}],"1501":[{"pref":"香川県","city":"高松市","town":"塩江町安原下（第１号）"}],"1502":[{"pref":"香川県","city":"高松市","town":"塩江町安原下（第２号）"}],"1503":[{"pref":"香川県","city":"高松市","town":"塩江町安原下（第３号）"}],"1504":[{"pref":"香川県","city":"高松市","town":"塩江町安原下（その他）"}],"1611":[{"pref":"香川県","city":"高松市","town":"塩江町安原上"}],"1612":[{"pref":"香川県","city":"高松市","town":"塩江町安原上東"}],"1613":[{"pref":"香川県","city":"高松市","town":"塩江町上西甲"}],"1614":[{"pref":"香川県","city":"高松市","town":"塩江町上西乙"}],"1615":[{"pref":"香川県","city":"高松市","town":"塩江町安原下（上小田）"},{"pref":"香川県","city":"高松市","town":"塩江町安原下（炭谷）"}],"1616":[{"pref":"香川県","city":"高松市","town":"菅沢町"}],"1701":[{"pref":"香川県","city":"高松市","town":"香川町大野"}],"1702":[{"pref":"香川県","city":"高松市","town":"香川町寺井"}],"1703":[{"pref":"香川県","city":"高松市","town":"香川町浅野"}],"1704":[{"pref":"香川県","city":"高松市","town":"香川町川内原"}],"1705":[{"pref":"香川県","city":"高松市","town":"香川町川東下"}],"1706":[{"pref":"香川県","city":"高松市","town":"香川町川東上"}],"1707":[{"pref":"香川県","city":"高松市","town":"香川町東谷"}],"1708":[{"pref":"香川県","city":"高松市","town":"香川町安原下"}],"2101":[{"pref":"香川県","city":"綾歌郡綾川町","town":"畑田"}],"2102":[{"pref":"香川県","city":"綾歌郡綾川町","town":"千疋"}],"2103":[{"pref":"香川県","city":"綾歌郡綾川町","town":"陶"}],"2201":[{"pref":"香川県","city":"綾歌郡綾川町","town":"枌所東"}],"2202":[{"pref":"香川県","city":"綾歌郡綾川町","town":"枌所西"}],"2203":[{"pref":"香川県","city":"綾歌郡綾川町","town":"山田上"}],"2204":[{"pref":"香川県","city":"綾歌郡綾川町","town":"山田下"}],"2205":[{"pref":"香川県","city":"綾歌郡綾川町","town":"東分"}],"2206":[{"pref":"香川県","city":"綾歌郡綾川町","town":"西分"}],"2207":[{"pref":"香川県","city":"綾歌郡綾川町","town":"羽床上"}],"2208":[{"pref":"香川県","city":"綾歌郡綾川町","town":"牛川"}],"2300":[{"pref":"香川県","city":"綾歌郡綾川町","town":"以下に掲載がない場合"}],"2304":[{"pref":"香川県","city":"綾歌郡綾川町","town":"萱原"}],"2305":[{"pref":"香川県","city":"綾歌郡綾川町","town":"滝宮"}],"2306":[{"pref":"香川県","city":"綾歌郡綾川町","town":"北"}],"2307":[{"pref":"香川県","city":"綾歌郡綾川町","town":"小野"}],"2308":[{"pref":"香川県","city":"綾歌郡綾川町","town":"羽床下"}],"2401":[{"pref":"香川県","city":"丸亀市","town":"綾歌町岡田上"}],"2402":[{"pref":"香川県","city":"丸亀市","town":"綾歌町岡田下"}],"2403":[{"pref":"香川県","city":"丸亀市","town":"綾歌町岡田西"}],"2404":[{"pref":"香川県","city":"丸亀市","town":"綾歌町岡田東"}],"2405":[{"pref":"香川県","city":"丸亀市","town":"綾歌町栗熊西"}],"2406":[{"pref":"香川県","city":"丸亀市","town":"綾歌町栗熊東"}],"2407":[{"pref":"香川県","city":"丸亀市","town":"綾歌町富熊（その他）"}],"2408":[{"pref":"香川県","city":"丸亀市","town":"綾歌町富熊（富士見坂）"}],"3110":[{"pref":"香川県","city":"香川郡直島町","town":"直島町一円"}],"4100":[{"pref":"香川県","city":"小豆郡土庄町","town":"以下に掲載がない場合"}],"4101":[{"pref":"香川県","city":"小豆郡土庄町","town":"甲、乙（その他）"}],"4102":[{"pref":"香川県","city":"小豆郡土庄町","town":"甲、乙（港新町）"}],"4103":[{"pref":"香川県","city":"小豆郡土庄町","town":"甲、乙（大木戸）"}],"4104":[{"pref":"香川県","city":"小豆郡土庄町","town":"甲、乙（吉ケ浦）"}],"4105":[{"pref":"香川県","city":"小豆郡土庄町","town":"甲、乙（西本町）"}],"4106":[{"pref":"香川県","city":"小豆郡土庄町","town":"甲、乙（本町）"}],"4111":[{"pref":"香川県","city":"小豆郡土庄町","town":"甲、乙（東港）"}],"4112":[{"pref":"香川県","city":"小豆郡土庄町","town":"甲、乙（鹿島）"}],"4113":[{"pref":"香川県","city":"小豆郡土庄町","town":"甲、乙（柳）"}],"4114":[{"pref":"香川県","city":"小豆郡土庄町","town":"甲、乙（千軒）"}],"4115":[{"pref":"香川県","city":"小豆郡土庄町","town":"甲、乙（小瀬）"}],"4121":[{"pref":"香川県","city":"小豆郡土庄町","town":"渕崎"}],"4122":[{"pref":"香川県","city":"小豆郡土庄町","town":"上庄"}],"4131":[{"pref":"香川県","city":"小豆郡土庄町","town":"伊喜末（その他）"}],"4132":[{"pref":"香川県","city":"小豆郡土庄町","town":"小江"}],"4133":[{"pref":"香川県","city":"小豆郡土庄町","town":"長浜"}],"4134":[{"pref":"香川県","city":"小豆郡土庄町","town":"滝宮"}],"4141":[{"pref":"香川県","city":"小豆郡土庄町","town":"馬越"}],"4142":[{"pref":"香川県","city":"小豆郡土庄町","town":"屋形崎"}],"4143":[{"pref":"香川県","city":"小豆郡土庄町","town":"見目"}],"4144":[{"pref":"香川県","city":"小豆郡土庄町","town":"小海"}],"4145":[{"pref":"香川県","city":"小豆郡土庄町","town":"大部"}],"4146":[{"pref":"香川県","city":"小豆郡土庄町","town":"小部"}],"4151":[{"pref":"香川県","city":"小豆郡土庄町","town":"肥土山"}],"4152":[{"pref":"香川県","city":"小豆郡土庄町","town":"黒岩"}],"4153":[{"pref":"香川県","city":"小豆郡土庄町","town":"小馬越"}],"4154":[{"pref":"香川県","city":"小豆郡土庄町","town":"笠滝"}],"4155":[{"pref":"香川県","city":"小豆郡小豆島町","town":"中山（美しの原高原）"},{"pref":"香川県","city":"小豆郡小豆島町","town":"中山（蛙子鳴滝）"}],"4300":[{"pref":"香川県","city":"小豆郡小豆島町","town":"以下に掲載がない場合"}],"4301":[{"pref":"香川県","city":"小豆郡小豆島町","town":"池田"}],"4302":[{"pref":"香川県","city":"小豆郡小豆島町","town":"蒲生"}],"4303":[{"pref":"香川県","city":"小豆郡小豆島町","town":"中山（その他）"}],"4304":[{"pref":"香川県","city":"小豆郡小豆島町","town":"室生"}],"4305":[{"pref":"香川県","city":"小豆郡小豆島町","town":"二面"}],"4306":[{"pref":"香川県","city":"小豆郡小豆島町","town":"吉野"}],"4307":[{"pref":"香川県","city":"小豆郡小豆島町","town":"蒲野"}],"4308":[{"pref":"香川県","city":"小豆郡小豆島町","town":"神浦"}],"4401":[{"pref":"香川県","city":"小豆郡小豆島町","town":"吉田"}],"4402":[{"pref":"香川県","city":"小豆郡小豆島町","town":"福田"}],"4403":[{"pref":"香川県","city":"小豆郡小豆島町","town":"当浜"}],"4404":[{"pref":"香川県","city":"小豆郡小豆島町","town":"岩谷"}],"4405":[{"pref":"香川県","city":"小豆郡小豆島町","town":"橘"}],"4411":[{"pref":"香川県","city":"小豆郡小豆島町","town":"安田"}],"4412":[{"pref":"香川県","city":"小豆郡小豆島町","town":"木庄"}],"4421":[{"pref":"香川県","city":"小豆郡小豆島町","town":"苗羽"}],"4422":[{"pref":"香川県","city":"小豆郡小豆島町","town":"古江"}],"4423":[{"pref":"香川県","city":"小豆郡小豆島町","town":"堀越"}],"4424":[{"pref":"香川県","city":"小豆郡小豆島町","town":"田浦"}],"4425":[{"pref":"香川県","city":"小豆郡小豆島町","town":"坂手"}],"4426":[{"pref":"香川県","city":"小豆郡小豆島町","town":"馬木"}],"4431":[{"pref":"香川県","city":"小豆郡小豆島町","town":"片城"}],"4432":[{"pref":"香川県","city":"小豆郡小豆島町","town":"草壁本町"}],"4433":[{"pref":"香川県","city":"小豆郡小豆島町","town":"神懸通"}],"4434":[{"pref":"香川県","city":"小豆郡小豆島町","town":"西村"}],"4661":[{"pref":"香川県","city":"小豆郡土庄町","town":"豊島家浦"}],"4662":[{"pref":"香川県","city":"小豆郡土庄町","town":"豊島唐櫃"}],"4663":[{"pref":"香川県","city":"小豆郡土庄町","town":"豊島甲生"}],"4664":[{"pref":"香川県","city":"小豆郡土庄町","town":"伊喜末（小豊島）"}],"8001":[{"pref":"香川県","city":"高松市","town":"亀水町"}],"8002":[{"pref":"香川県","city":"高松市","town":"生島町"}],"8003":[{"pref":"香川県","city":"高松市","town":"神在川窪町"}],"8004":[{"pref":"香川県","city":"高松市","town":"中山町"}],"8005":[{"pref":"香川県","city":"高松市","town":"植松町"}],"8011":[{"pref":"香川県","city":"高松市","town":"香西北町"}],"8012":[{"pref":"香川県","city":"高松市","town":"香西本町"}],"8013":[{"pref":"香川県","city":"高松市","town":"香西東町"}],"8014":[{"pref":"香川県","city":"高松市","town":"香西南町"}],"8015":[{"pref":"香川県","city":"高松市","town":"香西西町"}],"8021":[{"pref":"香川県","city":"高松市","town":"鬼無町是竹"}],"8022":[{"pref":"香川県","city":"高松市","town":"鬼無町佐料"}],"8023":[{"pref":"香川県","city":"高松市","town":"鬼無町佐藤"}],"8024":[{"pref":"香川県","city":"高松市","town":"鬼無町藤井"}],"8025":[{"pref":"香川県","city":"高松市","town":"鬼無町山口"}],"8026":[{"pref":"香川県","city":"高松市","town":"鬼無町鬼無"}],"8031":[{"pref":"香川県","city":"高松市","town":"郷東町"}],"8032":[{"pref":"香川県","city":"高松市","town":"鶴市町（その他）"}],"8033":[{"pref":"香川県","city":"高松市","town":"飯田町"}],"8041":[{"pref":"香川県","city":"高松市","town":"檀紙町"}],"8042":[{"pref":"香川県","city":"高松市","town":"御厩町"}],"8043":[{"pref":"香川県","city":"高松市","town":"中間町"}],"8044":[{"pref":"香川県","city":"高松市","town":"円座町"}],"8045":[{"pref":"香川県","city":"高松市","town":"西山崎町"}],"8046":[{"pref":"香川県","city":"高松市","town":"川部町"}],"8047":[{"pref":"香川県","city":"高松市","town":"岡本町"}],"8051":[{"pref":"香川県","city":"高松市","town":"西春日町"}],"8052":[{"pref":"香川県","city":"高松市","town":"松並町"}],"8053":[{"pref":"香川県","city":"高松市","town":"西ハゼ町"}],"8054":[{"pref":"香川県","city":"高松市","town":"東ハゼ町"}],"8055":[{"pref":"香川県","city":"高松市","town":"紙町"}],"8056":[{"pref":"香川県","city":"高松市","town":"上天神町"}],"8057":[{"pref":"香川県","city":"高松市","town":"田村町"}],"8058":[{"pref":"香川県","city":"高松市","town":"勅使町"}],"8061":[{"pref":"香川県","city":"高松市","town":"室町"}],"8062":[{"pref":"香川県","city":"高松市","town":"室新町"}],"8063":[{"pref":"香川県","city":"高松市","town":"花ノ宮町"}],"8064":[{"pref":"香川県","city":"高松市","town":"上之町"}],"8071":[{"pref":"香川県","city":"高松市","town":"伏石町"}],"8072":[{"pref":"香川県","city":"高松市","town":"三条町"}],"8073":[{"pref":"香川県","city":"高松市","town":"太田下町"}],"8074":[{"pref":"香川県","city":"高松市","town":"太田上町"}],"8075":[{"pref":"香川県","city":"高松市","town":"多肥下町"}],"8076":[{"pref":"香川県","city":"高松市","town":"多肥上町"}],"8077":[{"pref":"香川県","city":"高松市","town":"出作町"}],"8078":[{"pref":"香川県","city":"高松市","town":"仏生山町甲"}],"8079":[{"pref":"香川県","city":"高松市","town":"仏生山町乙"}],"8081":[{"pref":"香川県","city":"高松市","town":"成合町"}],"8082":[{"pref":"香川県","city":"高松市","town":"鹿角町"}],"8083":[{"pref":"香川県","city":"高松市","town":"三名町"}],"8084":[{"pref":"香川県","city":"高松市","town":"一宮町"}],"8085":[{"pref":"香川県","city":"高松市","town":"寺井町"}],"0130":[{"pref":"香川県","city":"高松市","town":"庵治町"}],"0444":[{"pref":"香川県","city":"高松市","town":"池田町"}],"0431":[{"pref":"香川県","city":"高松市","town":"小村町"}],"0101":[{"pref":"香川県","city":"高松市","town":"春日町"}],"0302":[{"pref":"香川県","city":"高松市","town":"上林町"}],"0323":[{"pref":"香川県","city":"高松市","town":"亀田町"}],"0432":[{"pref":"香川県","city":"高松市","town":"亀田南町"}],"0443":[{"pref":"香川県","city":"高松市","town":"川島東町"}],"0442":[{"pref":"香川県","city":"高松市","town":"川島本町"}],"0313":[{"pref":"香川県","city":"高松市","town":"下田井町"}],"0102":[{"pref":"香川県","city":"高松市","town":"新田町甲"}],"0103":[{"pref":"香川県","city":"高松市","town":"新田町乙"}],"0434":[{"pref":"香川県","city":"高松市","town":"十川東町"}],"0433":[{"pref":"香川県","city":"高松市","town":"十川西町"}],"0104":[{"pref":"香川県","city":"高松市","town":"高松町"}],"0445":[{"pref":"香川県","city":"高松市","town":"西植田町"}],"0301":[{"pref":"香川県","city":"高松市","town":"林町"}],"0446":[{"pref":"香川県","city":"高松市","town":"東植田町"}],"0312":[{"pref":"香川県","city":"高松市","town":"東山崎町"}],"0322":[{"pref":"香川県","city":"高松市","town":"前田東町"}],"0321":[{"pref":"香川県","city":"高松市","town":"前田西町"}],"0450":[{"pref":"香川県","city":"高松市","town":"三谷町"}],"0122":[{"pref":"香川県","city":"高松市","town":"牟礼町大町"}],"0123":[{"pref":"香川県","city":"高松市","town":"牟礼町原"}],"0121":[{"pref":"香川県","city":"高松市","town":"牟礼町牟礼"}],"0311":[{"pref":"香川県","city":"高松市","town":"元山町"}],"0112":[{"pref":"香川県","city":"高松市","town":"屋島中町"}],"0111":[{"pref":"香川県","city":"高松市","town":"屋島東町"}],"0113":[{"pref":"香川県","city":"高松市","town":"屋島西町"}],"0441":[{"pref":"香川県","city":"高松市","town":"由良町"}],"0303":[{"pref":"香川県","city":"高松市","town":"六条町"}],"0904":[{"pref":"香川県","city":"さぬき市","town":"大川町田面"}],"0902":[{"pref":"香川県","city":"さぬき市","town":"大川町富田中"}],"0901":[{"pref":"香川県","city":"さぬき市","town":"大川町富田西"}],"0903":[{"pref":"香川県","city":"さぬき市","town":"大川町富田東"}],"0905":[{"pref":"香川県","city":"さぬき市","town":"大川町南川"}],"0700":[{"pref":"香川県","city":"木田郡三木町","town":"以下に掲載がない場合"}],"0614":[{"pref":"香川県","city":"木田郡三木町","town":"朝倉"}],"0701":[{"pref":"香川県","city":"木田郡三木町","town":"池戸"}],"0823":[{"pref":"香川県","city":"木田郡三木町","town":"井戸"}],"0705":[{"pref":"香川県","city":"木田郡三木町","town":"井上"}],"0822":[{"pref":"香川県","city":"木田郡三木町","town":"奥山"}],"0821":[{"pref":"香川県","city":"木田郡三木町","town":"鹿庭"}],"0613":[{"pref":"香川県","city":"木田郡三木町","town":"上高岡"}],"0615":[{"pref":"香川県","city":"木田郡三木町","town":"小蓑"}],"0703":[{"pref":"香川県","city":"木田郡三木町","town":"鹿伏"}],"0704":[{"pref":"香川県","city":"木田郡三木町","town":"下高岡"}],"0611":[{"pref":"香川県","city":"木田郡三木町","town":"田中"}],"0612":[{"pref":"香川県","city":"木田郡三木町","town":"氷上"}],"0702":[{"pref":"香川県","city":"木田郡三木町","town":"平木"}]}