{"0000":[{"pref":"長野県","city":"伊那市","town":"以下に掲載がない場合"}],"0025":[{"pref":"長野県","city":"伊那市","town":"荒井"}],"0028":[{"pref":"長野県","city":"伊那市","town":"荒井内の萱"}],"0021":[{"pref":"長野県","city":"伊那市","town":"伊那"}],"0011":[{"pref":"長野県","city":"伊那市","town":"伊那部"}],"0008":[{"pref":"長野県","city":"伊那市","town":"上の原"}],"0032":[{"pref":"長野県","city":"伊那市","town":"小沢"}],"0012":[{"pref":"長野県","city":"伊那市","town":"上新田"}],"0006":[{"pref":"長野県","city":"伊那市","town":"上牧"}],"0014":[{"pref":"長野県","city":"伊那市","town":"狐島"}],"0033":[{"pref":"長野県","city":"伊那市","town":"小四郎久保"}],"0010":[{"pref":"長野県","city":"伊那市","town":"境"}],"0024":[{"pref":"長野県","city":"伊那市","town":"坂下"}],"0013":[{"pref":"長野県","city":"伊那市","town":"下新田"}],"0114":[{"pref":"長野県","city":"伊那市","town":"仙美"}],"0212":[{"pref":"長野県","city":"伊那市","town":"高遠町長藤（１～６５８番地）"}],"0305":[{"pref":"長野県","city":"伊那市","town":"高遠町長藤（その他）"}],"0215":[{"pref":"長野県","city":"伊那市","town":"高遠町小原"}],"0214":[{"pref":"長野県","city":"伊那市","town":"高遠町勝間"}],"0217":[{"pref":"長野県","city":"伊那市","town":"高遠町上山田"}],"0302":[{"pref":"長野県","city":"伊那市","town":"高遠町芝平"}],"0216":[{"pref":"長野県","city":"伊那市","town":"高遠町下山田"}],"0211":[{"pref":"長野県","city":"伊那市","town":"高遠町西高遠"}],"0303":[{"pref":"長野県","city":"伊那市","town":"高遠町荊口"}],"0213":[{"pref":"長野県","city":"伊那市","town":"高遠町東高遠"}],"0301":[{"pref":"長野県","city":"伊那市","town":"高遠町藤沢"}],"0304":[{"pref":"長野県","city":"伊那市","town":"高遠町山室"}],"0015":[{"pref":"長野県","city":"伊那市","town":"中央"}],"0002":[{"pref":"長野県","city":"伊那市","town":"手良沢岡"}],"0004":[{"pref":"長野県","city":"伊那市","town":"手良中坪"}],"0003":[{"pref":"長野県","city":"伊那市","town":"手良野口"}],"0621":[{"pref":"長野県","city":"伊那市","town":"富県"}],"0031":[{"pref":"長野県","city":"伊那市","town":"中の原"}],"0026":[{"pref":"長野県","city":"伊那市","town":"西町"}],"0005":[{"pref":"長野県","city":"伊那市","town":"野底"}],"0405":[{"pref":"長野県","city":"伊那市","town":"長谷市野瀬"}],"0407":[{"pref":"長野県","city":"伊那市","town":"長谷浦"}],"0403":[{"pref":"長野県","city":"伊那市","town":"長谷黒河内"}],"0406":[{"pref":"長野県","city":"伊那市","town":"長谷杉島"}],"0404":[{"pref":"長野県","city":"伊那市","town":"長谷中尾"}],"0401":[{"pref":"長野県","city":"伊那市","town":"長谷非持"}],"0402":[{"pref":"長野県","city":"伊那市","town":"長谷溝口"}],"0009":[{"pref":"長野県","city":"伊那市","town":"日影"}],"0030":[{"pref":"長野県","city":"伊那市","town":"平沢"}],"0001":[{"pref":"長野県","city":"伊那市","town":"福島"}],"0112":[{"pref":"長野県","city":"伊那市","town":"前原"}],"0027":[{"pref":"長野県","city":"伊那市","town":"ますみヶ丘"}],"0111":[{"pref":"長野県","city":"伊那市","town":"美篶"}],"0022":[{"pref":"長野県","city":"伊那市","town":"御園"}],"0113":[{"pref":"長野県","city":"伊那市","town":"美原"}],"0023":[{"pref":"長野県","city":"伊那市","town":"山寺"}],"0029":[{"pref":"長野県","city":"伊那市","town":"横山"}],"0007":[{"pref":"長野県","city":"伊那市","town":"若宮"}]}