{"1100":[{"pref":"神奈川県","city":"伊勢原市","town":"以下に掲載がない場合"}],"1101":[{"pref":"神奈川県","city":"伊勢原市","town":"日向"}],"1102":[{"pref":"神奈川県","city":"伊勢原市","town":"子易"}],"1103":[{"pref":"神奈川県","city":"伊勢原市","town":"三ノ宮"}],"1104":[{"pref":"神奈川県","city":"伊勢原市","town":"坪ノ内"}],"1105":[{"pref":"神奈川県","city":"伊勢原市","town":"大住台"}],"1106":[{"pref":"神奈川県","city":"伊勢原市","town":"善波"}],"1107":[{"pref":"神奈川県","city":"伊勢原市","town":"大山"}],"1111":[{"pref":"神奈川県","city":"伊勢原市","town":"西富岡"}],"1112":[{"pref":"神奈川県","city":"伊勢原市","town":"東富岡"}],"1113":[{"pref":"神奈川県","city":"伊勢原市","town":"粟窪"}],"1114":[{"pref":"神奈川県","city":"伊勢原市","town":"高森"}],"1115":[{"pref":"神奈川県","city":"伊勢原市","town":"高森台"}],"1116":[{"pref":"神奈川県","city":"伊勢原市","town":"石田"}],"1117":[{"pref":"神奈川県","city":"伊勢原市","town":"東成瀬"}],"1118":[{"pref":"神奈川県","city":"伊勢原市","town":"見附島"}],"1121":[{"pref":"神奈川県","city":"伊勢原市","town":"下落合"}],"1122":[{"pref":"神奈川県","city":"伊勢原市","town":"小稲葉"}],"1123":[{"pref":"神奈川県","city":"伊勢原市","town":"下谷"}],"1124":[{"pref":"神奈川県","city":"伊勢原市","town":"上平間"}],"1125":[{"pref":"神奈川県","city":"伊勢原市","town":"下平間"}],"1126":[{"pref":"神奈川県","city":"伊勢原市","town":"沼目"}],"1127":[{"pref":"神奈川県","city":"伊勢原市","town":"上谷"}],"1128":[{"pref":"神奈川県","city":"伊勢原市","town":"歌川"}],"1131":[{"pref":"神奈川県","city":"伊勢原市","town":"伊勢原"}],"1132":[{"pref":"神奈川県","city":"伊勢原市","town":"桜台"}],"1133":[{"pref":"神奈川県","city":"伊勢原市","town":"東大竹"}],"1134":[{"pref":"神奈川県","city":"伊勢原市","town":"八幡台"}],"1135":[{"pref":"神奈川県","city":"伊勢原市","town":"岡崎"}],"1136":[{"pref":"神奈川県","city":"伊勢原市","town":"串橋"}],"1137":[{"pref":"神奈川県","city":"伊勢原市","town":"笠窪"}],"1138":[{"pref":"神奈川県","city":"伊勢原市","town":"神戸"}],"1141":[{"pref":"神奈川県","city":"伊勢原市","town":"上粕屋"}],"1142":[{"pref":"神奈川県","city":"伊勢原市","town":"田中"}],"1143":[{"pref":"神奈川県","city":"伊勢原市","town":"下糟屋"}],"1144":[{"pref":"神奈川県","city":"伊勢原市","town":"池端"}],"1145":[{"pref":"神奈川県","city":"伊勢原市","town":"板戸"}],"1146":[{"pref":"神奈川県","city":"伊勢原市","town":"鈴川"}],"1147":[{"pref":"神奈川県","city":"伊勢原市","town":"白根"}],"1201":[{"pref":"神奈川県","city":"平塚市","town":"南金目"}],"1202":[{"pref":"神奈川県","city":"平塚市","town":"千須谷"}],"1203":[{"pref":"神奈川県","city":"平塚市","town":"下吉沢"}],"1204":[{"pref":"神奈川県","city":"平塚市","town":"上吉沢"}],"1205":[{"pref":"神奈川県","city":"平塚市","town":"土屋"}],"1206":[{"pref":"神奈川県","city":"平塚市","town":"真田"}],"1207":[{"pref":"神奈川県","city":"平塚市","town":"北金目"}],"1211":[{"pref":"神奈川県","city":"平塚市","town":"ふじみ野"}],"1212":[{"pref":"神奈川県","city":"平塚市","town":"岡崎"}],"1213":[{"pref":"神奈川県","city":"平塚市","town":"片岡"}],"1214":[{"pref":"神奈川県","city":"平塚市","town":"飯島"}],"1215":[{"pref":"神奈川県","city":"平塚市","town":"寺田縄"}],"1216":[{"pref":"神奈川県","city":"平塚市","town":"入野"}],"1217":[{"pref":"神奈川県","city":"平塚市","town":"長持"}],"1218":[{"pref":"神奈川県","city":"平塚市","town":"入部"}],"1219":[{"pref":"神奈川県","city":"平塚市","town":"広川"}],"1220":[{"pref":"神奈川県","city":"平塚市","town":"めぐみが丘"}],"1301":[{"pref":"神奈川県","city":"秦野市","town":"羽根"}],"1302":[{"pref":"神奈川県","city":"秦野市","town":"菩提"}],"1303":[{"pref":"神奈川県","city":"秦野市","town":"三屋"}],"1304":[{"pref":"神奈川県","city":"秦野市","town":"堀山下"}],"1305":[{"pref":"神奈川県","city":"秦野市","town":"堀川"}],"1306":[{"pref":"神奈川県","city":"秦野市","town":"戸川"}],"1307":[{"pref":"神奈川県","city":"秦野市","town":"横野"}],"1311":[{"pref":"神奈川県","city":"秦野市","town":"弥生町"}],"1312":[{"pref":"神奈川県","city":"秦野市","town":"春日町"}],"1313":[{"pref":"神奈川県","city":"秦野市","town":"松原町"}],"1314":[{"pref":"神奈川県","city":"秦野市","town":"若松町"}],"1315":[{"pref":"神奈川県","city":"秦野市","town":"柳町"}],"1316":[{"pref":"神奈川県","city":"秦野市","town":"沼代新町"}],"1317":[{"pref":"神奈川県","city":"秦野市","town":"並木町"}],"1321":[{"pref":"神奈川県","city":"秦野市","town":"曲松"}],"1322":[{"pref":"神奈川県","city":"秦野市","town":"渋沢"}],"1323":[{"pref":"神奈川県","city":"秦野市","town":"栃窪（その他）"}],"1324":[{"pref":"神奈川県","city":"秦野市","town":"千村"}],"1325":[{"pref":"神奈川県","city":"秦野市","town":"萩が丘"}],"1326":[{"pref":"神奈川県","city":"秦野市","town":"渋沢上"}],"1331":[{"pref":"神奈川県","city":"秦野市","town":"堀西"}],"1332":[{"pref":"神奈川県","city":"秦野市","town":"菖蒲"}],"1333":[{"pref":"神奈川県","city":"秦野市","town":"八沢"}],"1334":[{"pref":"神奈川県","city":"秦野市","town":"柳川"}],"1335":[{"pref":"神奈川県","city":"秦野市","town":"三廻部"}],"0102":[{"pref":"神奈川県","city":"中郡大磯町","town":"生沢"}],"0113":[{"pref":"神奈川県","city":"中郡大磯町","town":"石神台"}],"0114":[{"pref":"神奈川県","city":"中郡大磯町","town":"月京"}],"0105":[{"pref":"神奈川県","city":"中郡大磯町","town":"黒岩"}],"0112":[{"pref":"神奈川県","city":"中郡大磯町","town":"国府新宿"}],"0111":[{"pref":"神奈川県","city":"中郡大磯町","town":"国府本郷"}],"0101":[{"pref":"神奈川県","city":"中郡大磯町","town":"寺坂"}],"0104":[{"pref":"神奈川県","city":"中郡大磯町","town":"西久保"}],"0103":[{"pref":"神奈川県","city":"中郡大磯町","town":"虫窪"}],"0100":[{"pref":"神奈川県","city":"中郡二宮町","town":"以下に掲載がない場合"},{"pref":"神奈川県","city":"足柄上郡中井町","town":"以下に掲載がない場合"}],"0134":[{"pref":"神奈川県","city":"中郡二宮町","town":"一色"}],"0125":[{"pref":"神奈川県","city":"中郡二宮町","town":"川匂"}],"0131":[{"pref":"神奈川県","city":"中郡二宮町","town":"中里"}],"0123":[{"pref":"神奈川県","city":"中郡二宮町","town":"二宮"}],"0122":[{"pref":"神奈川県","city":"中郡二宮町","town":"富士見が丘"}],"0121":[{"pref":"神奈川県","city":"中郡二宮町","town":"松根"}],"0132":[{"pref":"神奈川県","city":"中郡二宮町","town":"緑が丘"}],"0124":[{"pref":"神奈川県","city":"中郡二宮町","town":"山西"}],"0133":[{"pref":"神奈川県","city":"中郡二宮町","town":"百合が丘"}],"0151":[{"pref":"神奈川県","city":"足柄上郡中井町","town":"井ノ口"}],"0154":[{"pref":"神奈川県","city":"足柄上郡中井町","town":"岩倉"}],"0141":[{"pref":"神奈川県","city":"足柄上郡中井町","town":"遠藤"}],"0147":[{"pref":"神奈川県","city":"足柄上郡中井町","town":"鴨沢"}],"0143":[{"pref":"神奈川県","city":"足柄上郡中井町","town":"北田"}],"0142":[{"pref":"神奈川県","city":"足柄上郡中井町","town":"久所"}],"0146":[{"pref":"神奈川県","city":"足柄上郡中井町","town":"古怒田"}],"0157":[{"pref":"神奈川県","city":"足柄上郡中井町","town":"境"}],"0156":[{"pref":"神奈川県","city":"足柄上郡中井町","town":"境別所"}],"0148":[{"pref":"神奈川県","city":"足柄上郡中井町","town":"雑色"}],"0145":[{"pref":"神奈川県","city":"足柄上郡中井町","town":"田中"}],"0144":[{"pref":"神奈川県","city":"足柄上郡中井町","town":"半分形"}],"0153":[{"pref":"神奈川県","city":"足柄上郡中井町","town":"比奈窪"}],"0152":[{"pref":"神奈川県","city":"足柄上郡中井町","town":"藤沢"}],"0155":[{"pref":"神奈川県","city":"足柄上郡中井町","town":"松本"}],"0200":[{"pref":"神奈川県","city":"足柄下郡真鶴町","town":"以下に掲載がない場合"}],"0202":[{"pref":"神奈川県","city":"足柄下郡真鶴町","town":"岩"}],"0201":[{"pref":"神奈川県","city":"足柄下郡真鶴町","town":"真鶴"}],"0300":[{"pref":"神奈川県","city":"足柄下郡湯河原町","town":"以下に掲載がない場合"}],"0313":[{"pref":"神奈川県","city":"足柄下郡湯河原町","town":"鍛冶屋"}],"0305":[{"pref":"神奈川県","city":"足柄下郡湯河原町","town":"城堀"}],"0301":[{"pref":"神奈川県","city":"足柄下郡湯河原町","town":"中央"}],"0303":[{"pref":"神奈川県","city":"足柄下郡湯河原町","town":"土肥"}],"0311":[{"pref":"神奈川県","city":"足柄下郡湯河原町","town":"福浦"}],"0317":[{"pref":"神奈川県","city":"足柄下郡湯河原町","town":"福浦鍛冶屋"}],"0316":[{"pref":"神奈川県","city":"足柄下郡湯河原町","town":"福浦吉浜"}],"0314":[{"pref":"神奈川県","city":"足柄下郡湯河原町","town":"宮上"}],"0304":[{"pref":"神奈川県","city":"足柄下郡湯河原町","town":"宮下"}],"0302":[{"pref":"神奈川県","city":"足柄下郡湯河原町","town":"門川"}],"0312":[{"pref":"神奈川県","city":"足柄下郡湯河原町","town":"吉浜"}],"0318":[{"pref":"神奈川県","city":"足柄下郡湯河原町","town":"吉浜福浦"}]}