{"0000":[{"pref":"青森県","city":"八戸市","town":"以下に掲載がない場合"}],"0804":[{"pref":"青森県","city":"八戸市","town":"青葉"}],"0824":[{"pref":"青森県","city":"八戸市","town":"旭ケ丘"}],"0055":[{"pref":"青森県","city":"八戸市","town":"荒町"}],"0013":[{"pref":"青森県","city":"八戸市","town":"石手洗"}],"0054":[{"pref":"青森県","city":"八戸市","town":"稲荷町"}],"0088":[{"pref":"青森県","city":"八戸市","town":"岩泉町"}],"0075":[{"pref":"青森県","city":"八戸市","town":"内丸"}],"0073":[{"pref":"青森県","city":"八戸市","town":"売市"}],"0833":[{"pref":"青森県","city":"八戸市","town":"大久保"}],"0081":[{"pref":"青森県","city":"八戸市","town":"柏崎"}],"0053":[{"pref":"青森県","city":"八戸市","town":"徒士町"}],"0037":[{"pref":"青森県","city":"八戸市","town":"鍛冶町"}],"0843":[{"pref":"青森県","city":"八戸市","town":"金浜"}],"0057":[{"pref":"青森県","city":"八戸市","town":"上徒士町"}],"0058":[{"pref":"青森県","city":"八戸市","town":"上組町"}],"0007":[{"pref":"青森県","city":"八戸市","town":"櫛引（土橋）"}],"0083":[{"pref":"青森県","city":"八戸市","town":"窪町"}],"0801":[{"pref":"青森県","city":"八戸市","town":"江陽"}],"0802":[{"pref":"青森県","city":"八戸市","town":"小中野"}],"0023":[{"pref":"青森県","city":"八戸市","town":"是川"}],"0834":[{"pref":"青森県","city":"八戸市","town":"桜ケ丘"}],"0841":[{"pref":"青森県","city":"八戸市","town":"鮫町"}],"0085":[{"pref":"青森県","city":"八戸市","town":"十一日町"}],"0042":[{"pref":"青森県","city":"八戸市","town":"十三日町"}],"0043":[{"pref":"青森県","city":"八戸市","town":"十六日町"}],"0084":[{"pref":"青森県","city":"八戸市","town":"十八日町"}],"0082":[{"pref":"青森県","city":"八戸市","town":"常海町"}],"0047":[{"pref":"青森県","city":"八戸市","town":"常番町"}],"0821":[{"pref":"青森県","city":"八戸市","town":"白銀"}],"0832":[{"pref":"青森県","city":"八戸市","town":"白銀台"}],"0822":[{"pref":"青森県","city":"八戸市","town":"白銀町"}],"0072":[{"pref":"青森県","city":"八戸市","town":"城下"}],"0056":[{"pref":"青森県","city":"八戸市","town":"新荒町"}],"0811":[{"pref":"青森県","city":"八戸市","town":"新湊"}],"0803":[{"pref":"青森県","city":"八戸市","town":"諏訪"}],"0036":[{"pref":"青森県","city":"八戸市","town":"大工町"}],"0034":[{"pref":"青森県","city":"八戸市","town":"鷹匠小路"}],"0011":[{"pref":"青森県","city":"八戸市","town":"田向"}],"0831":[{"pref":"青森県","city":"八戸市","town":"築港街"}],"0021":[{"pref":"青森県","city":"八戸市","town":"長者"}],"0087":[{"pref":"青森県","city":"八戸市","town":"朔日町"}],"0051":[{"pref":"青森県","city":"八戸市","town":"堤町"}],"0035":[{"pref":"青森県","city":"八戸市","town":"寺横町"}],"0012":[{"pref":"青森県","city":"八戸市","town":"十日市"}],"0039":[{"pref":"青森県","city":"八戸市","town":"鳥屋部町"}],"0002":[{"pref":"青森県","city":"八戸市","town":"中居林"}],"0077":[{"pref":"青森県","city":"八戸市","town":"長根"}],"0089":[{"pref":"青森県","city":"八戸市","town":"長横町"}],"0115":[{"pref":"青森県","city":"八戸市","town":"南郷泥障作"}],"0113":[{"pref":"青森県","city":"八戸市","town":"南郷泉清水"}],"0111":[{"pref":"青森県","city":"八戸市","town":"南郷市野沢"}],"0112":[{"pref":"青森県","city":"八戸市","town":"南郷大森"}],"0201":[{"pref":"青森県","city":"八戸市","town":"南郷頃巻沢"}],"0202":[{"pref":"青森県","city":"八戸市","town":"南郷島守"}],"0114":[{"pref":"青森県","city":"八戸市","town":"南郷中野"}],"0813":[{"pref":"青森県","city":"八戸市","town":"新井田"}],"0816":[{"pref":"青森県","city":"八戸市","town":"新井田西"}],"0041":[{"pref":"青森県","city":"八戸市","town":"廿三日町"}],"0044":[{"pref":"青森県","city":"八戸市","town":"廿六日町"}],"0022":[{"pref":"青森県","city":"八戸市","town":"糠塚"}],"0071":[{"pref":"青森県","city":"八戸市","town":"沼館"}],"0074":[{"pref":"青森県","city":"八戸市","town":"馬場町"}],"0031":[{"pref":"青森県","city":"八戸市","town":"番町"}],"0003":[{"pref":"青森県","city":"八戸市","town":"吹上"}],"0076":[{"pref":"青森県","city":"八戸市","town":"堀端町"}],"0046":[{"pref":"青森県","city":"八戸市","town":"町組町"}],"0815":[{"pref":"青森県","city":"八戸市","town":"松館"}],"0842":[{"pref":"青森県","city":"八戸市","town":"岬台"}],"0032":[{"pref":"青森県","city":"八戸市","town":"三日町"}],"0823":[{"pref":"青森県","city":"八戸市","town":"湊高台"}],"0812":[{"pref":"青森県","city":"八戸市","town":"湊町"}],"0004":[{"pref":"青森県","city":"八戸市","town":"南類家"}],"0844":[{"pref":"青森県","city":"八戸市","town":"美保野"}],"0814":[{"pref":"青森県","city":"八戸市","town":"妙"}],"0033":[{"pref":"青森県","city":"八戸市","town":"六日町"}],"0052":[{"pref":"青森県","city":"八戸市","town":"本徒士町"}],"0045":[{"pref":"青森県","city":"八戸市","town":"本鍛冶町"}],"0038":[{"pref":"青森県","city":"八戸市","town":"山伏小路"}],"0086":[{"pref":"青森県","city":"八戸市","town":"八日町"}],"0001":[{"pref":"青森県","city":"八戸市","town":"類家"}]}