{"0000":[{"pref":"兵庫県","city":"姫路市","town":"以下に掲載がない場合"}],"0934":[{"pref":"兵庫県","city":"姫路市","town":"朝日町"}],"0944":[{"pref":"兵庫県","city":"姫路市","town":"阿保"}],"0029":[{"pref":"兵庫県","city":"姫路市","town":"嵐山町"}],"0974":[{"pref":"兵庫県","city":"姫路市","town":"飯田"}],"0007":[{"pref":"兵庫県","city":"姫路市","town":"生野町"}],"0822":[{"pref":"兵庫県","city":"姫路市","town":"市川台"}],"0825":[{"pref":"兵庫県","city":"姫路市","town":"市川橋通"}],"0943":[{"pref":"兵庫県","city":"姫路市","town":"市之郷"},{"pref":"兵庫県","city":"姫路市","town":"市之郷町"}],"0871":[{"pref":"兵庫県","city":"姫路市","town":"伊伝居"}],"0816":[{"pref":"兵庫県","city":"姫路市","town":"威徳寺町"}],"0983":[{"pref":"兵庫県","city":"姫路市","town":"井ノ口"}],"0052":[{"pref":"兵庫県","city":"姫路市","town":"今宿"}],"0028":[{"pref":"兵庫県","city":"姫路市","town":"岩端町"}],"0905":[{"pref":"兵庫県","city":"姫路市","town":"魚町"}],"0817":[{"pref":"兵庫県","city":"姫路市","town":"梅ケ枝町"}],"0894":[{"pref":"兵庫県","city":"姫路市","town":"梅ケ谷町"}],"0927":[{"pref":"兵庫県","city":"姫路市","town":"駅前町"}],"0868":[{"pref":"兵庫県","city":"姫路市","town":"大野町"}],"0982":[{"pref":"兵庫県","city":"姫路市","town":"岡田"}],"0026":[{"pref":"兵庫県","city":"姫路市","town":"岡町"}],"0037":[{"pref":"兵庫県","city":"姫路市","town":"柿山伏"}],"0009":[{"pref":"兵庫県","city":"姫路市","town":"鍵町"}],"0002":[{"pref":"兵庫県","city":"姫路市","town":"鍛冶町"}],"0045":[{"pref":"兵庫県","city":"姫路市","town":"片田町"}],"0005":[{"pref":"兵庫県","city":"姫路市","town":"金屋町"}],"0896":[{"pref":"兵庫県","city":"姫路市","town":"上大野"}],"0041":[{"pref":"兵庫県","city":"姫路市","town":"上片町"}],"0065":[{"pref":"兵庫県","city":"姫路市","town":"上手野"}],"0836":[{"pref":"兵庫県","city":"姫路市","town":"神屋町"}],"0925":[{"pref":"兵庫県","city":"姫路市","town":"亀井町"}],"0973":[{"pref":"兵庫県","city":"姫路市","town":"亀山"}],"0991":[{"pref":"兵庫県","city":"姫路市","town":"神田町"}],"0057":[{"pref":"兵庫県","city":"姫路市","town":"北今宿"}],"0091":[{"pref":"兵庫県","city":"姫路市","town":"北新在家"}],"0893":[{"pref":"兵庫県","city":"姫路市","town":"北平野"}],"0892":[{"pref":"兵庫県","city":"姫路市","town":"北平野奥垣内"}],"0895":[{"pref":"兵庫県","city":"姫路市","town":"北平野台町"}],"0887":[{"pref":"兵庫県","city":"姫路市","town":"北平野南の町"}],"0877":[{"pref":"兵庫県","city":"姫路市","town":"北八代"}],"0075":[{"pref":"兵庫県","city":"姫路市","town":"北夢前台（その他）"}],"0851":[{"pref":"兵庫県","city":"姫路市","town":"京口町"}],"0824":[{"pref":"兵庫県","city":"姫路市","town":"京町"}],"0826":[{"pref":"兵庫県","city":"姫路市","town":"楠町"}],"0916":[{"pref":"兵庫県","city":"姫路市","town":"久保町"}],"0954":[{"pref":"兵庫県","city":"姫路市","town":"栗山町"}],"0058":[{"pref":"兵庫県","city":"姫路市","town":"車崎"}],"0027":[{"pref":"兵庫県","city":"姫路市","town":"景福寺前"}],"0852":[{"pref":"兵庫県","city":"姫路市","town":"国府寺町"}],"0854":[{"pref":"兵庫県","city":"姫路市","town":"五軒邸"}],"0043":[{"pref":"兵庫県","city":"姫路市","town":"小姓町"}],"0035":[{"pref":"兵庫県","city":"姫路市","town":"琴岡町"}],"0936":[{"pref":"兵庫県","city":"姫路市","town":"古二階町"}],"0001":[{"pref":"兵庫県","city":"姫路市","town":"河間町"}],"0003":[{"pref":"兵庫県","city":"姫路市","town":"米屋町"}],"0022":[{"pref":"兵庫県","city":"姫路市","town":"小利木町"}],"0924":[{"pref":"兵庫県","city":"姫路市","town":"紺屋町"}],"0923":[{"pref":"兵庫県","city":"姫路市","town":"呉服町"}],"0857":[{"pref":"兵庫県","city":"姫路市","town":"五郎右衛門邸"}],"0981":[{"pref":"兵庫県","city":"姫路市","town":"西庄"}],"0025":[{"pref":"兵庫県","city":"姫路市","town":"材木町"}],"0835":[{"pref":"兵庫県","city":"姫路市","town":"幸町"}],"0014":[{"pref":"兵庫県","city":"姫路市","town":"堺町"}],"0931":[{"pref":"兵庫県","city":"姫路市","town":"坂田町"}],"0016":[{"pref":"兵庫県","city":"姫路市","town":"坂元町"}],"0994":[{"pref":"兵庫県","city":"姫路市","town":"定元町"}],"0940":[{"pref":"兵庫県","city":"姫路市","town":"三左衛門堀西の町"}],"0949":[{"pref":"兵庫県","city":"姫路市","town":"三左衛門堀東の町"}],"0953":[{"pref":"兵庫県","city":"姫路市","town":"三条町（１丁目）"}],"0904":[{"pref":"兵庫県","city":"姫路市","town":"塩町"}],"0044":[{"pref":"兵庫県","city":"姫路市","town":"地内町"}],"0046":[{"pref":"兵庫県","city":"姫路市","town":"東雲町"}],"0917":[{"pref":"兵庫県","city":"姫路市","town":"忍町"}],"0063":[{"pref":"兵庫県","city":"姫路市","town":"下手野"}],"0932":[{"pref":"兵庫県","city":"姫路市","town":"下寺町"}],"0911":[{"pref":"兵庫県","city":"姫路市","town":"十二所前町"}],"0951":[{"pref":"兵庫県","city":"姫路市","town":"庄田"}],"0841":[{"pref":"兵庫県","city":"姫路市","town":"城東町"}],"0845":[{"pref":"兵庫県","city":"姫路市","town":"城東町京口台"}],"0849":[{"pref":"兵庫県","city":"姫路市","town":"城東町五軒屋"}],"0843":[{"pref":"兵庫県","city":"姫路市","town":"城東町清水"}],"0848":[{"pref":"兵庫県","city":"姫路市","town":"城東町竹之門"}],"0847":[{"pref":"兵庫県","city":"姫路市","town":"城東町中河原"}],"0844":[{"pref":"兵庫県","city":"姫路市","town":"城東町野田"}],"0842":[{"pref":"兵庫県","city":"姫路市","town":"城東町毘沙門"}],"0883":[{"pref":"兵庫県","city":"姫路市","town":"城北新町"}],"0884":[{"pref":"兵庫県","city":"姫路市","town":"城北本町"}],"0808":[{"pref":"兵庫県","city":"姫路市","town":"白国"}],"0902":[{"pref":"兵庫県","city":"姫路市","town":"白銀町"}],"0803":[{"pref":"兵庫県","city":"姫路市","town":"城見台"}],"0831":[{"pref":"兵庫県","city":"姫路市","town":"城見町"}],"0095":[{"pref":"兵庫県","city":"姫路市","town":"新在家"}],"0094":[{"pref":"兵庫県","city":"姫路市","town":"新在家中の町"}],"0092":[{"pref":"兵庫県","city":"姫路市","town":"新在家本町"}],"0834":[{"pref":"兵庫県","city":"姫路市","town":"神和町"}],"0015":[{"pref":"兵庫県","city":"姫路市","town":"総社本町"}],"0853":[{"pref":"兵庫県","city":"姫路市","town":"大黒壱丁町"}],"0898":[{"pref":"兵庫県","city":"姫路市","town":"大寿台"}],"0833":[{"pref":"兵庫県","city":"姫路市","town":"大善町"}],"0062":[{"pref":"兵庫県","city":"姫路市","town":"高岡新町"}],"0915":[{"pref":"兵庫県","city":"姫路市","town":"高尾町"}],"0024":[{"pref":"兵庫県","city":"姫路市","town":"鷹匠町"}],"0013":[{"pref":"兵庫県","city":"姫路市","town":"竹田町"}],"0032":[{"pref":"兵庫県","city":"姫路市","town":"龍野町"}],"0903":[{"pref":"兵庫県","city":"姫路市","town":"立町"}],"0086":[{"pref":"兵庫県","city":"姫路市","town":"田寺"}],"0082":[{"pref":"兵庫県","city":"姫路市","town":"田寺山手町"}],"0081":[{"pref":"兵庫県","city":"姫路市","town":"田寺東"}],"0985":[{"pref":"兵庫県","city":"姫路市","town":"玉手"}],"0976":[{"pref":"兵庫県","city":"姫路市","town":"中地"}],"0975":[{"pref":"兵庫県","city":"姫路市","town":"中地南町"}],"0984":[{"pref":"兵庫県","city":"姫路市","town":"町坪"}],"0989":[{"pref":"兵庫県","city":"姫路市","town":"町坪南町"}],"0993":[{"pref":"兵庫県","city":"姫路市","town":"千代田町"}],"0083":[{"pref":"兵庫県","city":"姫路市","town":"辻井"}],"0996":[{"pref":"兵庫県","city":"姫路市","town":"土山"}],"0995":[{"pref":"兵庫県","city":"姫路市","town":"土山東の町"}],"0972":[{"pref":"兵庫県","city":"姫路市","town":"手柄"}],"0846":[{"pref":"兵庫県","city":"姫路市","town":"天神町"}],"0821":[{"pref":"兵庫県","city":"姫路市","town":"東郷町"}],"0856":[{"pref":"兵庫県","city":"姫路市","town":"同心町"}],"0914":[{"pref":"兵庫県","city":"姫路市","town":"豆腐町"}],"0802":[{"pref":"兵庫県","city":"姫路市","town":"砥堀"}],"0986":[{"pref":"兵庫県","city":"姫路市","town":"苫編"}],"0987":[{"pref":"兵庫県","city":"姫路市","town":"苫編南"}],"0964":[{"pref":"兵庫県","city":"姫路市","town":"豊沢町"}],"0051":[{"pref":"兵庫県","city":"姫路市","town":"名古山町"}],"0952":[{"pref":"兵庫県","city":"姫路市","town":"南条"}],"0922":[{"pref":"兵庫県","city":"姫路市","town":"二階町"}],"0061":[{"pref":"兵庫県","city":"姫路市","town":"西今宿"}],"0913":[{"pref":"兵庫県","city":"姫路市","town":"西駅前町"}],"0096":[{"pref":"兵庫県","city":"姫路市","town":"西新在家"}],"0033":[{"pref":"兵庫県","city":"姫路市","town":"西新町"}],"0897":[{"pref":"兵庫県","city":"姫路市","town":"西大寿台"}],"0805":[{"pref":"兵庫県","city":"姫路市","town":"西中島"}],"0901":[{"pref":"兵庫県","city":"姫路市","town":"西二階町"}],"0971":[{"pref":"兵庫県","city":"姫路市","town":"西延末"}],"0876":[{"pref":"兵庫県","city":"姫路市","town":"西八代町"}],"0801":[{"pref":"兵庫県","city":"姫路市","town":"仁豊野"}],"0038":[{"pref":"兵庫県","city":"姫路市","town":"農人町"}],"0961":[{"pref":"兵庫県","city":"姫路市","town":"南畝町"}],"0811":[{"pref":"兵庫県","city":"姫路市","town":"野里"}],"0814":[{"pref":"兵庫県","city":"姫路市","town":"野里上野町"}],"0813":[{"pref":"兵庫県","city":"姫路市","town":"野里慶雲寺前町"}],"0862":[{"pref":"兵庫県","city":"姫路市","town":"野里新町"}],"0815":[{"pref":"兵庫県","city":"姫路市","town":"野里大和町"}],"0865":[{"pref":"兵庫県","city":"姫路市","town":"野里月丘町"}],"0867":[{"pref":"兵庫県","city":"姫路市","town":"野里寺町"}],"0864":[{"pref":"兵庫県","city":"姫路市","town":"野里中町"}],"0863":[{"pref":"兵庫県","city":"姫路市","town":"野里東同心町"}],"0861":[{"pref":"兵庫県","city":"姫路市","town":"野里東町"}],"0866":[{"pref":"兵庫県","city":"姫路市","town":"野里堀留町"}],"0966":[{"pref":"兵庫県","city":"姫路市","town":"延末"}],"0906":[{"pref":"兵庫県","city":"姫路市","town":"博労町"}],"0008":[{"pref":"兵庫県","city":"姫路市","town":"橋之町"}],"0047":[{"pref":"兵庫県","city":"姫路市","town":"花影町"}],"0056":[{"pref":"兵庫県","city":"姫路市","town":"東今宿"}],"0926":[{"pref":"兵庫県","city":"姫路市","town":"東駅前町"}],"0084":[{"pref":"兵庫県","city":"姫路市","town":"東辻井"}],"0965":[{"pref":"兵庫県","city":"姫路市","town":"東延末"}],"0064":[{"pref":"兵庫県","city":"姫路市","town":"東夢前台"}],"0942":[{"pref":"兵庫県","city":"姫路市","town":"日出町"}],"0933":[{"pref":"兵庫県","city":"姫路市","town":"平野町"}],"0882":[{"pref":"兵庫県","city":"姫路市","town":"広峰"}],"0891":[{"pref":"兵庫県","city":"姫路市","town":"広嶺山"}],"0855":[{"pref":"兵庫県","city":"姫路市","town":"福居町"}],"0992":[{"pref":"兵庫県","city":"姫路市","town":"福沢町"}],"0017":[{"pref":"兵庫県","city":"姫路市","town":"福中町"}],"0004":[{"pref":"兵庫県","city":"姫路市","town":"福本町"}],"0066":[{"pref":"兵庫県","city":"姫路市","town":"藤ケ台"}],"0832":[{"pref":"兵庫県","city":"姫路市","town":"双葉町"}],"0034":[{"pref":"兵庫県","city":"姫路市","town":"船丘町"}],"0048":[{"pref":"兵庫県","city":"姫路市","town":"船橋町"}],"0947":[{"pref":"兵庫県","city":"姫路市","town":"北条"}],"0945":[{"pref":"兵庫県","city":"姫路市","town":"北条梅原町"}],"0946":[{"pref":"兵庫県","city":"姫路市","town":"北条永良町"}],"0948":[{"pref":"兵庫県","city":"姫路市","town":"北条宮の町"}],"0935":[{"pref":"兵庫県","city":"姫路市","town":"北条口"}],"0804":[{"pref":"兵庫県","city":"姫路市","town":"保城"}],"0011":[{"pref":"兵庫県","city":"姫路市","town":"坊主町"}],"0881":[{"pref":"兵庫県","city":"姫路市","town":"峰南町"}],"0012":[{"pref":"兵庫県","city":"姫路市","town":"本町"}],"0806":[{"pref":"兵庫県","city":"姫路市","town":"増位新町"}],"0807":[{"pref":"兵庫県","city":"姫路市","town":"増位本町"}],"0827":[{"pref":"兵庫県","city":"姫路市","town":"丸尾町"}],"0055":[{"pref":"兵庫県","city":"姫路市","town":"神子岡前"}],"0073":[{"pref":"兵庫県","city":"姫路市","town":"御立中"}],"0072":[{"pref":"兵庫県","city":"姫路市","town":"御立東"}],"0074":[{"pref":"兵庫県","city":"姫路市","town":"御立西"}],"0071":[{"pref":"兵庫県","city":"姫路市","town":"御立北"}],"0054":[{"pref":"兵庫県","city":"姫路市","town":"南今宿"}],"0962":[{"pref":"兵庫県","city":"姫路市","town":"南駅前町"}],"0053":[{"pref":"兵庫県","city":"姫路市","town":"南車崎"}],"0093":[{"pref":"兵庫県","city":"姫路市","town":"南新在家"}],"0912":[{"pref":"兵庫県","city":"姫路市","town":"南町"}],"0875":[{"pref":"兵庫県","city":"姫路市","town":"南八代町"}],"0823":[{"pref":"兵庫県","city":"姫路市","town":"宮上町"}],"0837":[{"pref":"兵庫県","city":"姫路市","town":"宮西町"}],"0812":[{"pref":"兵庫県","city":"姫路市","town":"睦町"}],"0937":[{"pref":"兵庫県","city":"姫路市","town":"元塩町"}],"0049":[{"pref":"兵庫県","city":"姫路市","town":"元町"}],"0006":[{"pref":"兵庫県","city":"姫路市","town":"八木町"}],"0872":[{"pref":"兵庫県","city":"姫路市","town":"八代"}],"0873":[{"pref":"兵庫県","city":"姫路市","town":"八代東光寺町"}],"0874":[{"pref":"兵庫県","city":"姫路市","town":"八代本町"}],"0886":[{"pref":"兵庫県","city":"姫路市","town":"八代緑ケ丘町"}],"0885":[{"pref":"兵庫県","city":"姫路市","town":"八代宮前町"}],"0955":[{"pref":"兵庫県","city":"姫路市","town":"安田"}],"0023":[{"pref":"兵庫県","city":"姫路市","town":"柳町"}],"0021":[{"pref":"兵庫県","city":"姫路市","town":"山野井町"}],"0036":[{"pref":"兵庫県","city":"姫路市","town":"山畑新田"}],"0085":[{"pref":"兵庫県","city":"姫路市","town":"山吹"}],"0031":[{"pref":"兵庫県","city":"姫路市","town":"吉田町"}],"0042":[{"pref":"兵庫県","city":"姫路市","town":"米田町"}],"0941":[{"pref":"兵庫県","city":"姫路市","town":"若菜町"}],"0921":[{"pref":"兵庫県","city":"姫路市","town":"綿町"}]}