{"0000":[{"pref":"高知県","city":"南国市","town":"以下に掲載がない場合"}],"0074":[{"pref":"高知県","city":"南国市","town":"上倉"}],"0008":[{"pref":"高知県","city":"南国市","town":"伊達野"}],"0084":[{"pref":"高知県","city":"南国市","town":"稲生"}],"0063":[{"pref":"高知県","city":"南国市","town":"植田"}],"0061":[{"pref":"高知県","city":"南国市","town":"植野"}],"0002":[{"pref":"高知県","city":"南国市","town":"駅前町"}],"0077":[{"pref":"高知県","city":"南国市","town":"大改野"}],"0004":[{"pref":"高知県","city":"南国市","town":"大そね甲"}],"0005":[{"pref":"高知県","city":"南国市","town":"大そね乙"}],"0046":[{"pref":"高知県","city":"南国市","town":"岡豊町江村"}],"0051":[{"pref":"高知県","city":"南国市","town":"岡豊町笠ノ川"}],"0042":[{"pref":"高知県","city":"南国市","town":"岡豊町蒲原"}],"0048":[{"pref":"高知県","city":"南国市","town":"岡豊町小篭"}],"0043":[{"pref":"高知県","city":"南国市","town":"岡豊町小蓮"}],"0047":[{"pref":"高知県","city":"南国市","town":"岡豊町常通寺島"}],"0041":[{"pref":"高知県","city":"南国市","town":"岡豊町定林寺"}],"0040":[{"pref":"高知県","city":"南国市","town":"岡豊町滝本"}],"0049":[{"pref":"高知県","city":"南国市","town":"岡豊町中島"}],"0044":[{"pref":"高知県","city":"南国市","town":"岡豊町八幡"}],"0045":[{"pref":"高知県","city":"南国市","town":"岡豊町吉田"}],"0081":[{"pref":"高知県","city":"南国市","town":"片山"}],"0035":[{"pref":"高知県","city":"南国市","town":"金地"}],"0033":[{"pref":"高知県","city":"南国市","town":"包末"}],"0026":[{"pref":"高知県","city":"南国市","town":"上末松"}],"0032":[{"pref":"高知県","city":"南国市","town":"上野田"}],"0071":[{"pref":"高知県","city":"南国市","town":"亀岩"}],"0062":[{"pref":"高知県","city":"南国市","town":"久礼田"}],"0076":[{"pref":"高知県","city":"南国市","town":"黒滝"}],"0075":[{"pref":"高知県","city":"南国市","town":"桑ノ川"}],"0053":[{"pref":"高知県","city":"南国市","town":"国分"}],"0022":[{"pref":"高知県","city":"南国市","town":"小籠"}],"0011":[{"pref":"高知県","city":"南国市","town":"後免町"}],"0068":[{"pref":"高知県","city":"南国市","town":"才谷"}],"0013":[{"pref":"高知県","city":"南国市","town":"幸町"}],"0082":[{"pref":"高知県","city":"南国市","town":"里改田"}],"0027":[{"pref":"高知県","city":"南国市","town":"三畠"}],"0064":[{"pref":"高知県","city":"南国市","town":"宍崎"}],"0006":[{"pref":"高知県","city":"南国市","town":"篠原"}],"0095":[{"pref":"高知県","city":"南国市","town":"下島"}],"0025":[{"pref":"高知県","city":"南国市","town":"下末松"}],"0031":[{"pref":"高知県","city":"南国市","town":"下野田"}],"0058":[{"pref":"高知県","city":"南国市","town":"白木谷"}],"0028":[{"pref":"高知県","city":"南国市","town":"陣山"}],"0052":[{"pref":"高知県","city":"南国市","town":"左右山"}],"0037":[{"pref":"高知県","city":"南国市","town":"蔵福寺島"}],"0091":[{"pref":"高知県","city":"南国市","town":"立田"}],"0092":[{"pref":"高知県","city":"南国市","town":"田村"}],"0067":[{"pref":"高知県","city":"南国市","town":"天行寺"}],"0085":[{"pref":"高知県","city":"南国市","town":"十市"}],"0065":[{"pref":"高知県","city":"南国市","town":"外山"}],"0073":[{"pref":"高知県","city":"南国市","town":"中谷"}],"0078":[{"pref":"高知県","city":"南国市","town":"中ノ川"}],"0066":[{"pref":"高知県","city":"南国市","town":"成合"}],"0072":[{"pref":"高知県","city":"南国市","town":"奈路"}],"0003":[{"pref":"高知県","city":"南国市","town":"西野田町"}],"0029":[{"pref":"高知県","city":"南国市","town":"西山"}],"0097":[{"pref":"高知県","city":"南国市","town":"日章あけぼの"}],"0021":[{"pref":"高知県","city":"南国市","town":"野中"}],"0023":[{"pref":"高知県","city":"南国市","town":"廿枝"}],"0083":[{"pref":"高知県","city":"南国市","town":"浜改田"}],"0054":[{"pref":"高知県","city":"南国市","town":"比江"}],"0024":[{"pref":"高知県","city":"南国市","town":"東崎"}],"0012":[{"pref":"高知県","city":"南国市","town":"東山町"}],"0096":[{"pref":"高知県","city":"南国市","town":"久枝"}],"0001":[{"pref":"高知県","city":"南国市","town":"日吉町"}],"0036":[{"pref":"高知県","city":"南国市","town":"福船"}],"0055":[{"pref":"高知県","city":"南国市","town":"双葉台"}],"0060":[{"pref":"高知県","city":"南国市","town":"蛍が丘"}],"0034":[{"pref":"高知県","city":"南国市","town":"堀ノ内"}],"0094":[{"pref":"高知県","city":"南国市","town":"前浜"}],"0086":[{"pref":"高知県","city":"南国市","town":"緑ケ丘"}],"0007":[{"pref":"高知県","city":"南国市","town":"明見"}],"0087":[{"pref":"高知県","city":"南国市","town":"三和琴平"}],"0014":[{"pref":"高知県","city":"南国市","town":"元町"}],"0093":[{"pref":"高知県","city":"南国市","town":"物部"}],"0057":[{"pref":"高知県","city":"南国市","town":"八京"}],"0056":[{"pref":"高知県","city":"南国市","town":"領石"}]}