{"0000":[{"pref":"山梨県","city":"笛吹市","town":"以下に掲載がない場合"}],"0031":[{"pref":"山梨県","city":"笛吹市","town":"石和町市部"}],"0045":[{"pref":"山梨県","city":"笛吹市","town":"石和町井戸"}],"0042":[{"pref":"山梨県","city":"笛吹市","town":"石和町今井"}],"0028":[{"pref":"山梨県","city":"笛吹市","town":"石和町駅前"}],"0025":[{"pref":"山梨県","city":"笛吹市","town":"石和町上平井"}],"0034":[{"pref":"山梨県","city":"笛吹市","town":"石和町唐柏"}],"0024":[{"pref":"山梨県","city":"笛吹市","town":"石和町川中島"}],"0036":[{"pref":"山梨県","city":"笛吹市","town":"石和町窪中島"}],"0033":[{"pref":"山梨県","city":"笛吹市","town":"石和町小石和"}],"0043":[{"pref":"山梨県","city":"笛吹市","town":"石和町河内"}],"0027":[{"pref":"山梨県","city":"笛吹市","town":"石和町下平井"}],"0044":[{"pref":"山梨県","city":"笛吹市","town":"石和町砂原"}],"0026":[{"pref":"山梨県","city":"笛吹市","town":"石和町中川"}],"0023":[{"pref":"山梨県","city":"笛吹市","town":"石和町八田"}],"0046":[{"pref":"山梨県","city":"笛吹市","town":"石和町東油川"}],"0041":[{"pref":"山梨県","city":"笛吹市","town":"石和町東高橋"}],"0035":[{"pref":"山梨県","city":"笛吹市","town":"石和町広瀬"}],"0021":[{"pref":"山梨県","city":"笛吹市","town":"石和町松本"}],"0022":[{"pref":"山梨県","city":"笛吹市","town":"石和町山崎"}],"0032":[{"pref":"山梨県","city":"笛吹市","town":"石和町四日市場"}],"0005":[{"pref":"山梨県","city":"笛吹市","town":"春日居町加茂"}],"0012":[{"pref":"山梨県","city":"笛吹市","town":"春日居町熊野堂"}],"0003":[{"pref":"山梨県","city":"笛吹市","town":"春日居町桑戸"}],"0014":[{"pref":"山梨県","city":"笛吹市","town":"春日居町国府"}],"0004":[{"pref":"山梨県","city":"笛吹市","town":"春日居町小松"}],"0015":[{"pref":"山梨県","city":"笛吹市","town":"春日居町鎮目"}],"0001":[{"pref":"山梨県","city":"笛吹市","town":"春日居町下岩下"}],"0013":[{"pref":"山梨県","city":"笛吹市","town":"春日居町寺本"}],"0011":[{"pref":"山梨県","city":"笛吹市","town":"春日居町徳条"}],"0002":[{"pref":"山梨県","city":"笛吹市","town":"春日居町別田"}],"0842":[{"pref":"山梨県","city":"笛吹市","town":"境川町石橋"}],"0855":[{"pref":"山梨県","city":"笛吹市","town":"境川町大窪"}],"0852":[{"pref":"山梨県","city":"笛吹市","town":"境川町大黒坂"}],"0841":[{"pref":"山梨県","city":"笛吹市","town":"境川町大坪"}],"0851":[{"pref":"山梨県","city":"笛吹市","town":"境川町小黒坂"}],"0844":[{"pref":"山梨県","city":"笛吹市","town":"境川町小山"}],"0854":[{"pref":"山梨県","city":"笛吹市","town":"境川町寺尾"}],"0853":[{"pref":"山梨県","city":"笛吹市","town":"境川町藤垈"}],"0845":[{"pref":"山梨県","city":"笛吹市","town":"境川町坊ケ峰"}],"0843":[{"pref":"山梨県","city":"笛吹市","town":"境川町前間田"}],"0846":[{"pref":"山梨県","city":"笛吹市","town":"境川町三椚"}],"0803":[{"pref":"山梨県","city":"笛吹市","town":"御坂町井之上"}],"0817":[{"pref":"山梨県","city":"笛吹市","town":"御坂町大野寺"}],"0815":[{"pref":"山梨県","city":"笛吹市","town":"御坂町尾山"}],"0802":[{"pref":"山梨県","city":"笛吹市","town":"御坂町金川原"}],"0813":[{"pref":"山梨県","city":"笛吹市","town":"御坂町上黒駒"}],"0805":[{"pref":"山梨県","city":"笛吹市","town":"御坂町栗合"}],"0808":[{"pref":"山梨県","city":"笛吹市","town":"御坂町国衙"}],"0812":[{"pref":"山梨県","city":"笛吹市","town":"御坂町下黒駒"}],"0811":[{"pref":"山梨県","city":"笛吹市","town":"御坂町下野原"}],"0818":[{"pref":"山梨県","city":"笛吹市","town":"御坂町蕎麦塚"}],"0816":[{"pref":"山梨県","city":"笛吹市","town":"御坂町竹居"}],"0814":[{"pref":"山梨県","city":"笛吹市","town":"御坂町藤野木"}],"0804":[{"pref":"山梨県","city":"笛吹市","town":"御坂町夏目原"}],"0801":[{"pref":"山梨県","city":"笛吹市","town":"御坂町成田"}],"0807":[{"pref":"山梨県","city":"笛吹市","town":"御坂町二之宮"}],"0806":[{"pref":"山梨県","city":"笛吹市","town":"御坂町八千蔵"}],"0825":[{"pref":"山梨県","city":"笛吹市","town":"八代町大間田"}],"0834":[{"pref":"山梨県","city":"笛吹市","town":"八代町岡"}],"0821":[{"pref":"山梨県","city":"笛吹市","town":"八代町北"}],"0831":[{"pref":"山梨県","city":"笛吹市","town":"八代町高家"}],"0832":[{"pref":"山梨県","city":"笛吹市","town":"八代町竹居"}],"0823":[{"pref":"山梨県","city":"笛吹市","town":"八代町永井"}],"0833":[{"pref":"山梨県","city":"笛吹市","town":"八代町奈良原"}],"0824":[{"pref":"山梨県","city":"笛吹市","town":"八代町増利"}],"0822":[{"pref":"山梨県","city":"笛吹市","town":"八代町南"}],"0835":[{"pref":"山梨県","city":"笛吹市","town":"八代町米倉"}]}