{"0000":[{"pref":"兵庫県","city":"宝塚市","town":"以下に掲載がない場合"}],"0014":[{"pref":"兵庫県","city":"宝塚市","town":"青葉台"}],"0822":[{"pref":"兵庫県","city":"宝塚市","town":"安倉中"}],"0825":[{"pref":"兵庫県","city":"宝塚市","town":"安倉西"}],"0823":[{"pref":"兵庫県","city":"宝塚市","town":"安倉南"}],"0821":[{"pref":"兵庫県","city":"宝塚市","town":"安倉北"}],"0835":[{"pref":"兵庫県","city":"宝塚市","town":"旭町"}],"0851":[{"pref":"兵庫県","city":"宝塚市","town":"泉ガ丘"}],"0864":[{"pref":"兵庫県","city":"宝塚市","town":"泉町"}],"0033":[{"pref":"兵庫県","city":"宝塚市","town":"伊孑志"}],"0007":[{"pref":"兵庫県","city":"宝塚市","town":"伊孑志（武庫山）"}],"0862":[{"pref":"兵庫県","city":"宝塚市","town":"今里町"}],"0004":[{"pref":"兵庫県","city":"宝塚市","town":"梅野町"}],"0057":[{"pref":"兵庫県","city":"宝塚市","town":"大吹町"}],"0034":[{"pref":"兵庫県","city":"宝塚市","town":"小林"}],"0017":[{"pref":"兵庫県","city":"宝塚市","town":"小林西山"}],"0054":[{"pref":"兵庫県","city":"宝塚市","town":"鹿塩"}],"0824":[{"pref":"兵庫県","city":"宝塚市","town":"金井町"}],"0047":[{"pref":"兵庫県","city":"宝塚市","town":"亀井町"}],"0842":[{"pref":"兵庫県","city":"宝塚市","town":"川面"}],"0848":[{"pref":"兵庫県","city":"宝塚市","town":"川面（長尾山）"}],"0836":[{"pref":"兵庫県","city":"宝塚市","town":"清荒神"}],"0808":[{"pref":"兵庫県","city":"宝塚市","town":"切畑（長尾山「その他」）"}],"0812":[{"pref":"兵庫県","city":"宝塚市","town":"口谷東"}],"0813":[{"pref":"兵庫県","city":"宝塚市","town":"口谷西"}],"0023":[{"pref":"兵庫県","city":"宝塚市","town":"蔵人"}],"0832":[{"pref":"兵庫県","city":"宝塚市","town":"向月町"}],"0045":[{"pref":"兵庫県","city":"宝塚市","town":"光明町"}],"0041":[{"pref":"兵庫県","city":"宝塚市","town":"御所の前町"}],"0841":[{"pref":"兵庫県","city":"宝塚市","town":"御殿山"}],"0865":[{"pref":"兵庫県","city":"宝塚市","town":"寿町"}],"0827":[{"pref":"兵庫県","city":"宝塚市","town":"小浜"}],"0053":[{"pref":"兵庫県","city":"宝塚市","town":"駒の町"}],"0845":[{"pref":"兵庫県","city":"宝塚市","town":"栄町"}],"0035":[{"pref":"兵庫県","city":"宝塚市","town":"逆瀬川"}],"0024":[{"pref":"兵庫県","city":"宝塚市","town":"逆瀬台"}],"0846":[{"pref":"兵庫県","city":"宝塚市","town":"桜ガ丘"}],"0012":[{"pref":"兵庫県","city":"宝塚市","town":"寿楽荘"}],"0052":[{"pref":"兵庫県","city":"宝塚市","town":"新明和町"}],"0044":[{"pref":"兵庫県","city":"宝塚市","town":"末成町"}],"0031":[{"pref":"兵庫県","city":"宝塚市","town":"末広町"}],"0847":[{"pref":"兵庫県","city":"宝塚市","town":"すみれガ丘"}],"0055":[{"pref":"兵庫県","city":"宝塚市","town":"大成町"}],"0051":[{"pref":"兵庫県","city":"宝塚市","town":"高司"}],"0043":[{"pref":"兵庫県","city":"宝塚市","town":"高松町"}],"0076":[{"pref":"兵庫県","city":"宝塚市","town":"谷口町"}],"0072":[{"pref":"兵庫県","city":"宝塚市","town":"千種"}],"0001":[{"pref":"兵庫県","city":"宝塚市","town":"長寿ガ丘"}],"0002":[{"pref":"兵庫県","city":"宝塚市","town":"月見山"}],"0833":[{"pref":"兵庫県","city":"宝塚市","town":"鶴の荘"}],"0073":[{"pref":"兵庫県","city":"宝塚市","town":"塔の町"}],"0032":[{"pref":"兵庫県","city":"宝塚市","town":"東洋町"}],"0021":[{"pref":"兵庫県","city":"宝塚市","town":"中州"}],"0874":[{"pref":"兵庫県","city":"宝塚市","town":"中筋"}],"0872":[{"pref":"兵庫県","city":"宝塚市","town":"中筋（平井）"}],"0875":[{"pref":"兵庫県","city":"宝塚市","town":"中筋山手"}],"0056":[{"pref":"兵庫県","city":"宝塚市","town":"中野町"}],"0877":[{"pref":"兵庫県","city":"宝塚市","town":"中山桜台"}],"0871":[{"pref":"兵庫県","city":"宝塚市","town":"中山五月台"}],"0868":[{"pref":"兵庫県","city":"宝塚市","town":"中山荘園"}],"0876":[{"pref":"兵庫県","city":"宝塚市","town":"中山台"}],"0861":[{"pref":"兵庫県","city":"宝塚市","town":"中山寺"}],"0807":[{"pref":"兵庫県","city":"宝塚市","town":"長尾台"}],"0873":[{"pref":"兵庫県","city":"宝塚市","town":"長尾町"}],"0065":[{"pref":"兵庫県","city":"宝塚市","town":"仁川旭ガ丘"}],"0064":[{"pref":"兵庫県","city":"宝塚市","town":"仁川うぐいす台"}],"0068":[{"pref":"兵庫県","city":"宝塚市","town":"仁川清風台"}],"0062":[{"pref":"兵庫県","city":"宝塚市","town":"仁川高台"}],"0063":[{"pref":"兵庫県","city":"宝塚市","town":"仁川高丸"}],"0066":[{"pref":"兵庫県","city":"宝塚市","town":"仁川団地"}],"0067":[{"pref":"兵庫県","city":"宝塚市","town":"仁川月見ガ丘"}],"0075":[{"pref":"兵庫県","city":"宝塚市","town":"仁川宮西町"}],"0061":[{"pref":"兵庫県","city":"宝塚市","town":"仁川北"}],"0074":[{"pref":"兵庫県","city":"宝塚市","town":"仁川台"}],"0022":[{"pref":"兵庫県","city":"宝塚市","town":"野上"}],"0802":[{"pref":"兵庫県","city":"宝塚市","town":"花屋敷荘園"}],"0803":[{"pref":"兵庫県","city":"宝塚市","town":"花屋敷つつじガ丘"}],"0801":[{"pref":"兵庫県","city":"宝塚市","town":"花屋敷松ガ丘"}],"0015":[{"pref":"兵庫県","city":"宝塚市","town":"光ガ丘"}],"0805":[{"pref":"兵庫県","city":"宝塚市","town":"雲雀丘"}],"0804":[{"pref":"兵庫県","city":"宝塚市","town":"雲雀丘山手"}],"0816":[{"pref":"兵庫県","city":"宝塚市","town":"平井"}],"0817":[{"pref":"兵庫県","city":"宝塚市","town":"平井山荘"}],"0046":[{"pref":"兵庫県","city":"宝塚市","town":"福井町"}],"0806":[{"pref":"兵庫県","city":"宝塚市","town":"ふじガ丘"}],"0016":[{"pref":"兵庫県","city":"宝塚市","town":"宝松苑"}],"0013":[{"pref":"兵庫県","city":"宝塚市","town":"宝梅"}],"0866":[{"pref":"兵庫県","city":"宝塚市","town":"星の荘"}],"0831":[{"pref":"兵庫県","city":"宝塚市","town":"米谷"}],"0837":[{"pref":"兵庫県","city":"宝塚市","town":"米谷清"}],"0863":[{"pref":"兵庫県","city":"宝塚市","town":"三笠町"}],"0834":[{"pref":"兵庫県","city":"宝塚市","town":"美座"}],"0011":[{"pref":"兵庫県","city":"宝塚市","town":"南口"}],"0811":[{"pref":"兵庫県","city":"宝塚市","town":"南ひばりガ丘"}],"0843":[{"pref":"兵庫県","city":"宝塚市","town":"宮の町"}],"0042":[{"pref":"兵庫県","city":"宝塚市","town":"美幸町"}],"0844":[{"pref":"兵庫県","city":"宝塚市","town":"武庫川町"}],"0005":[{"pref":"兵庫県","city":"宝塚市","town":"武庫山"}],"0852":[{"pref":"兵庫県","city":"宝塚市","town":"売布"}],"0855":[{"pref":"兵庫県","city":"宝塚市","town":"売布きよしガ丘"}],"0856":[{"pref":"兵庫県","city":"宝塚市","town":"売布自由ガ丘"}],"0867":[{"pref":"兵庫県","city":"宝塚市","town":"売布東の町"}],"0854":[{"pref":"兵庫県","city":"宝塚市","town":"売布山手町"}],"0853":[{"pref":"兵庫県","city":"宝塚市","town":"売布ガ丘"}],"0006":[{"pref":"兵庫県","city":"宝塚市","town":"紅葉ガ丘"}],"0071":[{"pref":"兵庫県","city":"宝塚市","town":"社町"}],"0887":[{"pref":"兵庫県","city":"宝塚市","town":"山手台東"}],"0886":[{"pref":"兵庫県","city":"宝塚市","town":"山手台西"}],"0883":[{"pref":"兵庫県","city":"宝塚市","town":"山本中"}],"0814":[{"pref":"兵庫県","city":"宝塚市","town":"山本野里"}],"0815":[{"pref":"兵庫県","city":"宝塚市","town":"山本丸橋"}],"0881":[{"pref":"兵庫県","city":"宝塚市","town":"山本東"}],"0884":[{"pref":"兵庫県","city":"宝塚市","town":"山本西"}],"0882":[{"pref":"兵庫県","city":"宝塚市","town":"山本南"}],"0885":[{"pref":"兵庫県","city":"宝塚市","town":"山本台"}],"0826":[{"pref":"兵庫県","city":"宝塚市","town":"弥生町"}],"0025":[{"pref":"兵庫県","city":"宝塚市","town":"ゆずり葉台"}],"0003":[{"pref":"兵庫県","city":"宝塚市","town":"湯本町"}],"0891":[{"pref":"兵庫県","city":"川西市","town":"満願寺町"}]}