{"0000":[{"pref":"宮崎県","city":"日南市","town":"以下に掲載がない場合"}],"0041":[{"pref":"宮崎県","city":"日南市","town":"吾田東（１～４丁目）"}],"0001":[{"pref":"宮崎県","city":"日南市","town":"油津"}],"0111":[{"pref":"宮崎県","city":"日南市","town":"伊比井"}],"0014":[{"pref":"宮崎県","city":"日南市","town":"岩崎"}],"0017":[{"pref":"宮崎県","city":"日南市","town":"梅ケ浜"}],"0007":[{"pref":"宮崎県","city":"日南市","town":"乙姫町"}],"0006":[{"pref":"宮崎県","city":"日南市","town":"春日町"}],"0034":[{"pref":"宮崎県","city":"日南市","town":"風田"}],"0022":[{"pref":"宮崎県","city":"日南市","town":"上平野町"}],"0013":[{"pref":"宮崎県","city":"日南市","town":"木山"}],"0023":[{"pref":"宮崎県","city":"日南市","town":"隈谷"}],"0005":[{"pref":"宮崎県","city":"日南市","town":"材木町"}],"0011":[{"pref":"宮崎県","city":"日南市","town":"瀬貝"}],"0003":[{"pref":"宮崎県","city":"日南市","town":"瀬西"}],"0012":[{"pref":"宮崎県","city":"日南市","town":"園田"}],"0021":[{"pref":"宮崎県","city":"日南市","town":"中央通"}],"0004":[{"pref":"宮崎県","city":"日南市","town":"天福"}],"0031":[{"pref":"宮崎県","city":"日南市","town":"戸高"}],"0016":[{"pref":"宮崎県","city":"日南市","town":"中平野"}],"0024":[{"pref":"宮崎県","city":"日南市","town":"西弁分"}],"0002":[{"pref":"宮崎県","city":"日南市","town":"西町"}],"0015":[{"pref":"宮崎県","city":"日南市","town":"平野"}],"0033":[{"pref":"宮崎県","city":"日南市","town":"平山"}],"0102":[{"pref":"宮崎県","city":"日南市","town":"富土"}],"0032":[{"pref":"宮崎県","city":"日南市","town":"益安"}],"0101":[{"pref":"宮崎県","city":"日南市","town":"宮浦"}]}