{"8001":[{"pref":"京都府","city":"京都市下京区","town":"真町"}],"8002":[{"pref":"京都府","city":"京都市下京区","town":"御旅町"}],"8003":[{"pref":"京都府","city":"京都市下京区","town":"御旅宮本町"}],"8004":[{"pref":"京都府","city":"京都市下京区","town":"奈良物町"}],"8005":[{"pref":"京都府","city":"京都市下京区","town":"立売東町"}],"8006":[{"pref":"京都府","city":"京都市下京区","town":"立売中之町"}],"8007":[{"pref":"京都府","city":"京都市下京区","town":"立売西町"}],"8008":[{"pref":"京都府","city":"京都市下京区","town":"長刀鉾町"}],"8009":[{"pref":"京都府","city":"京都市下京区","town":"函谷鉾町"}],"8011":[{"pref":"京都府","city":"京都市下京区","town":"橋本町"}],"8012":[{"pref":"京都府","city":"京都市下京区","town":"斎藤町"}],"8013":[{"pref":"京都府","city":"京都市下京区","town":"天王町"}],"8014":[{"pref":"京都府","city":"京都市下京区","town":"和泉屋町"}],"8015":[{"pref":"京都府","city":"京都市下京区","town":"美濃屋町"}],"8016":[{"pref":"京都府","city":"京都市下京区","town":"材木町（木屋町通松原下る、松原通木屋町東入、松原通高瀬川筋東入）"}],"8017":[{"pref":"京都府","city":"京都市下京区","town":"下材木町"}],"8018":[{"pref":"京都府","city":"京都市下京区","town":"市之町"}],"8019":[{"pref":"京都府","city":"京都市下京区","town":"船頭町"}],"8020":[{"pref":"京都府","city":"京都市下京区","town":"御影堂前町"}],"8021":[{"pref":"京都府","city":"京都市下京区","town":"順風町"}],"8022":[{"pref":"京都府","city":"京都市下京区","town":"稲荷町（河原町通四条下る、河原町通四条下る２丁目）"}],"8023":[{"pref":"京都府","city":"京都市下京区","town":"富永町（河原町通四条下る２丁目、河原町通高辻上る、河原町通仏"},{"pref":"京都府","city":"京都市下京区","town":"光寺下る、河原町通松原上る、河原町通松原上る２丁目、高辻通河原町西入、"},{"pref":"京都府","city":"京都市下京区","town":"仏光寺通河原町西入）"}],"8024":[{"pref":"京都府","city":"京都市下京区","town":"天満町"}],"8025":[{"pref":"京都府","city":"京都市下京区","town":"清水町（河原町通高辻下る、河原町通松原上る、西木屋町通高辻"},{"pref":"京都府","city":"京都市下京区","town":"下る、西木屋町通松原上る）"}],"8026":[{"pref":"京都府","city":"京都市下京区","town":"松川町"}],"8027":[{"pref":"京都府","city":"京都市下京区","town":"難波町"}],"8028":[{"pref":"京都府","city":"京都市下京区","town":"植松町（河原町通松原下る、河原町通万寿寺上る、寺町通松原"},{"pref":"京都府","city":"京都市下京区","town":"下る、寺町通万寿寺上る、松原通寺町西入、松原通寺町東入、万寿寺通河原町"},{"pref":"京都府","city":"京都市下京区","town":"西入、万寿寺通寺町西入）"}],"8029":[{"pref":"京都府","city":"京都市下京区","town":"西橋詰町"}],"8031":[{"pref":"京都府","city":"京都市下京区","town":"貞安前之町"}],"8032":[{"pref":"京都府","city":"京都市下京区","town":"中之町（寺町通綾小路下る、寺町通仏光寺上る、仏光寺通寺町西"},{"pref":"京都府","city":"京都市下京区","town":"入、仏光寺通寺町東入）"}],"8033":[{"pref":"京都府","city":"京都市下京区","town":"恵美須之町"}],"8034":[{"pref":"京都府","city":"京都市下京区","town":"幸竹町"}],"8035":[{"pref":"京都府","city":"京都市下京区","town":"京極町"}],"8036":[{"pref":"京都府","city":"京都市下京区","town":"茶磨屋町（高辻通御幸町東入、高辻通寺町西入）"}],"8037":[{"pref":"京都府","city":"京都市下京区","town":"丸屋町（御幸町通綾小路下る、御幸町通仏光寺上る）"}],"8038":[{"pref":"京都府","city":"京都市下京区","town":"足袋屋町"}],"8039":[{"pref":"京都府","city":"京都市下京区","town":"大寿町"}],"8040":[{"pref":"京都府","city":"京都市下京区","town":"安土町"}],"8041":[{"pref":"京都府","city":"京都市下京区","town":"八文字町"}],"8042":[{"pref":"京都府","city":"京都市下京区","town":"俵屋町（麩屋町通綾小路下る、麩屋町通仏光寺上る）"}],"8043":[{"pref":"京都府","city":"京都市下京区","town":"大黒町（仏光寺通御幸町西入、仏光寺通御幸町東入、仏光寺通"},{"pref":"京都府","city":"京都市下京区","town":"寺町西入、仏光寺通麩屋町東入）"}],"8044":[{"pref":"京都府","city":"京都市下京区","town":"橘町（御幸町通高辻上る、御幸町通仏光寺下る、高辻通御幸町"},{"pref":"京都府","city":"京都市下京区","town":"西入、高辻通御幸町東入）"}],"8045":[{"pref":"京都府","city":"京都市下京区","town":"茶磨屋町（高辻通御幸町西入、高辻通麩屋町東入）"}],"8046":[{"pref":"京都府","city":"京都市下京区","town":"桝屋町"}],"8047":[{"pref":"京都府","city":"京都市下京区","town":"石不動之町"}],"8048":[{"pref":"京都府","city":"京都市下京区","town":"須浜町"}],"8049":[{"pref":"京都府","city":"京都市下京区","town":"堅田町（万寿寺通御幸町西入）"}],"8050":[{"pref":"京都府","city":"京都市下京区","town":"堅田町（万寿寺通富小路東入、万寿寺通麩屋町西入）"}],"8051":[{"pref":"京都府","city":"京都市下京区","town":"徳正寺町"}],"8052":[{"pref":"京都府","city":"京都市下京区","town":"塩屋町（綾小路通富小路西入、綾小路通富小路東入、綾小路通"},{"pref":"京都府","city":"京都市下京区","town":"麩屋町西入、綾小路通柳馬場東入、富小路通綾小路上る、富小路通綾小路下"},{"pref":"京都府","city":"京都市下京区","town":"る、麩屋町通綾小路下る）"}],"8053":[{"pref":"京都府","city":"京都市下京区","town":"塗師屋町（富小路通綾小路下る、富小路通仏光寺上る）"}],"8054":[{"pref":"京都府","city":"京都市下京区","town":"仏光寺東町"}],"8055":[{"pref":"京都府","city":"京都市下京区","town":"鍋屋町"}],"8056":[{"pref":"京都府","city":"京都市下京区","town":"雁金町（高辻通富小路東入、高辻通麩屋町西入）"}],"8057":[{"pref":"京都府","city":"京都市下京区","town":"鍵屋町（高辻通麩屋町西入、高辻通麩屋町東入、麩屋町通高辻"},{"pref":"京都府","city":"京都市下京区","town":"下る、麩屋町通松原上る）"}],"8058":[{"pref":"京都府","city":"京都市下京区","town":"上鱗形町"}],"8059":[{"pref":"京都府","city":"京都市下京区","town":"下鱗形町"}],"8060":[{"pref":"京都府","city":"京都市下京区","town":"雁金町（高辻通富小路西入、高辻通柳馬場東入）"}],"8061":[{"pref":"京都府","city":"京都市下京区","town":"筋屋町"}],"8062":[{"pref":"京都府","city":"京都市下京区","town":"恵美須屋町"}],"8063":[{"pref":"京都府","city":"京都市下京区","town":"松原中之町"}],"8064":[{"pref":"京都府","city":"京都市下京区","town":"本上神明町"}],"8065":[{"pref":"京都府","city":"京都市下京区","town":"本神明町"}],"8066":[{"pref":"京都府","city":"京都市下京区","town":"柏屋町（万寿寺通柳馬場西入、柳馬場通五条上る、柳馬場通万寿寺下る）"}],"8067":[{"pref":"京都府","city":"京都市下京区","town":"堅田町（万寿寺通堺町東入、万寿寺通富小路西入、万寿寺通柳"},{"pref":"京都府","city":"京都市下京区","town":"馬場西入、万寿寺通柳馬場東入、柳馬場通万寿寺上る）"}],"8068":[{"pref":"京都府","city":"京都市下京区","town":"忠庵町"}],"8069":[{"pref":"京都府","city":"京都市下京区","town":"吉文字町（高辻通柳馬場西入、高辻通柳馬場東入、柳馬場通高辻"},{"pref":"京都府","city":"京都市下京区","town":"下る、柳馬場通松原上る）"}],"8070":[{"pref":"京都府","city":"京都市下京区","town":"俵屋町（堺町通万寿寺下る、万寿寺通堺町西入、万寿寺通堺町東"},{"pref":"京都府","city":"京都市下京区","town":"入、五条通堺町上る）"}],"8071":[{"pref":"京都府","city":"京都市下京区","town":"相之町"}],"8072":[{"pref":"京都府","city":"京都市下京区","town":"綾材木町"}],"8073":[{"pref":"京都府","city":"京都市下京区","town":"永原町"}],"8074":[{"pref":"京都府","city":"京都市下京区","town":"東前町"}],"8075":[{"pref":"京都府","city":"京都市下京区","town":"万里小路町"}],"8076":[{"pref":"京都府","city":"京都市下京区","town":"泉正寺町"}],"8077":[{"pref":"京都府","city":"京都市下京区","town":"夕顔町"}],"8078":[{"pref":"京都府","city":"京都市下京区","town":"杉屋町"}],"8079":[{"pref":"京都府","city":"京都市下京区","town":"鍛冶屋町（堺町通松原下る、堺町通万寿寺上る、万寿寺通堺町東入）"}],"8081":[{"pref":"京都府","city":"京都市下京区","town":"小石町"}],"8082":[{"pref":"京都府","city":"京都市下京区","town":"高材木町"}],"8083":[{"pref":"京都府","city":"京都市下京区","town":"西前町"}],"8084":[{"pref":"京都府","city":"京都市下京区","town":"新開町"}],"8085":[{"pref":"京都府","city":"京都市下京区","town":"葛籠屋町"}],"8086":[{"pref":"京都府","city":"京都市下京区","town":"本燈籠町"}],"8087":[{"pref":"京都府","city":"京都市下京区","town":"樋之下町"}],"8088":[{"pref":"京都府","city":"京都市下京区","town":"官社殿町"}],"8089":[{"pref":"京都府","city":"京都市下京区","town":"堅田町（万寿寺通堺町西入）"}],"8090":[{"pref":"京都府","city":"京都市下京区","town":"竹屋之町"}],"8091":[{"pref":"京都府","city":"京都市下京区","town":"元悪王子町"}],"8092":[{"pref":"京都府","city":"京都市下京区","town":"神明町"}],"8093":[{"pref":"京都府","city":"京都市下京区","town":"竹屋町（高倉通綾小路下る、高倉通仏光寺上る、堺町通綾小路下る西入）"}],"8094":[{"pref":"京都府","city":"京都市下京区","town":"仏光寺西町"}],"8095":[{"pref":"京都府","city":"京都市下京区","town":"扇酒屋町"}],"8096":[{"pref":"京都府","city":"京都市下京区","town":"高橋町"}],"8097":[{"pref":"京都府","city":"京都市下京区","town":"三軒町"}],"8098":[{"pref":"京都府","city":"京都市下京区","town":"稲荷町（間之町通高辻下る、間之町通松原上る、高辻通間之町西"},{"pref":"京都府","city":"京都市下京区","town":"入、高辻通間之町東入、高辻通東洞院東入）"}],"8099":[{"pref":"京都府","city":"京都市下京区","town":"上柳町（仏光寺通烏丸東入、仏光寺通烏丸東入上る、仏光寺通烏丸東入下る、"},{"pref":"京都府","city":"京都市下京区","town":"仏光寺通東洞院西入）"}],"8101":[{"pref":"京都府","city":"京都市下京区","town":"御影堂町"}],"8102":[{"pref":"京都府","city":"京都市下京区","town":"本覚寺前町"}],"8103":[{"pref":"京都府","city":"京都市下京区","town":"塩竈町"}],"8104":[{"pref":"京都府","city":"京都市下京区","town":"万寿寺町"}],"8105":[{"pref":"京都府","city":"京都市下京区","town":"松屋町"}],"8106":[{"pref":"京都府","city":"京都市下京区","town":"醍醐町"}],"8107":[{"pref":"京都府","city":"京都市下京区","town":"東錺屋町"}],"8108":[{"pref":"京都府","city":"京都市下京区","town":"西錺屋町"}],"8109":[{"pref":"京都府","city":"京都市下京区","town":"平屋町"}],"8110":[{"pref":"京都府","city":"京都市下京区","town":"南橋詰町"}],"8111":[{"pref":"京都府","city":"京都市下京区","town":"都市町"}],"8112":[{"pref":"京都府","city":"京都市下京区","town":"八ツ柳町"}],"8113":[{"pref":"京都府","city":"京都市下京区","town":"波止土濃町"}],"8114":[{"pref":"京都府","city":"京都市下京区","town":"早尾町"}],"8115":[{"pref":"京都府","city":"京都市下京区","town":"岩滝町"}],"8116":[{"pref":"京都府","city":"京都市下京区","town":"聖真子町"}],"8117":[{"pref":"京都府","city":"京都市下京区","town":"南京極町"}],"8118":[{"pref":"京都府","city":"京都市下京区","town":"平居町"}],"8119":[{"pref":"京都府","city":"京都市下京区","town":"本塩竈町"}],"8120":[{"pref":"京都府","city":"京都市下京区","town":"若宮町（上ノ口通河原町西入、上ノ口通河原町西入下る、河原"},{"pref":"京都府","city":"京都市下京区","town":"町通上枳殻馬場上る、河原町通上ノ口下る、河原町通正面上る）"}],"8121":[{"pref":"京都府","city":"京都市下京区","town":"菊屋町（上ノ口通加茂川筋西入、上ノ口通加茂川筋西入上る、加"},{"pref":"京都府","city":"京都市下京区","town":"茂川筋上ノ口下る、上ノ口通二ノ宮西入、二ノ宮通上ノ口下る）"}],"8122":[{"pref":"京都府","city":"京都市下京区","town":"平岡町"}],"8123":[{"pref":"京都府","city":"京都市下京区","town":"高宮町"}],"8124":[{"pref":"京都府","city":"京都市下京区","town":"富松町"}],"8125":[{"pref":"京都府","city":"京都市下京区","town":"富浜町"}],"8126":[{"pref":"京都府","city":"京都市下京区","town":"鍵屋町（正面通木屋町東入、加茂川筋正面上る、正面通二ノ宮西"},{"pref":"京都府","city":"京都市下京区","town":"入、木屋町通正面上る、正面通二ノ宮東入、正面通加茂川筋西入、二ノ宮"},{"pref":"京都府","city":"京都市下京区","town":"通正面上る）"}],"8127":[{"pref":"京都府","city":"京都市下京区","town":"梅湊町"}],"8128":[{"pref":"京都府","city":"京都市下京区","town":"大工町（上ノ口通河原町東入、上ノ口通土手町西入、上ノ口通"},{"pref":"京都府","city":"京都市下京区","town":"土手町東入、上ノ口通西木屋町西入、河原町通上ノ口上る、河原町通上ノ口"},{"pref":"京都府","city":"京都市下京区","town":"下る、河原町通六条下る、土手町通上ノ口下る、土手町通正面上る、上枳殻馬場"},{"pref":"京都府","city":"京都市下京区","town":"通河原町東入）"}],"8129":[{"pref":"京都府","city":"京都市下京区","town":"溜池町"}],"8130":[{"pref":"京都府","city":"京都市下京区","town":"紺屋町"}],"8131":[{"pref":"京都府","city":"京都市下京区","town":"上二之宮町"}],"8132":[{"pref":"京都府","city":"京都市下京区","town":"下二之宮町"}],"8133":[{"pref":"京都府","city":"京都市下京区","town":"稲荷町（七条通加茂川筋西入、七条通木屋町東入）"}],"8134":[{"pref":"京都府","city":"京都市下京区","town":"山王町（正面通木屋町西入、正面通木屋町東入、正面通三ノ宮"},{"pref":"京都府","city":"京都市下京区","town":"西入、正面通三ノ宮東入、正面通二ノ宮西入）"}],"8135":[{"pref":"京都府","city":"京都市下京区","town":"上三之宮町"}],"8136":[{"pref":"京都府","city":"京都市下京区","town":"下三之宮町"}],"8137":[{"pref":"京都府","city":"京都市下京区","town":"十禅師町"}],"8138":[{"pref":"京都府","city":"京都市下京区","town":"大宮町"}],"8139":[{"pref":"京都府","city":"京都市下京区","town":"八王子町"}],"8141":[{"pref":"京都府","city":"京都市下京区","town":"新日吉町"}],"8142":[{"pref":"京都府","city":"京都市下京区","town":"納屋町"}],"8143":[{"pref":"京都府","city":"京都市下京区","town":"住吉町（河原町通七条上る、河原町通下枳殻馬場下る、下枳殻馬"},{"pref":"京都府","city":"京都市下京区","town":"場通河原町西入、下珠数屋町通高倉東入）"}],"8144":[{"pref":"京都府","city":"京都市下京区","town":"塩屋町（河原町通七条上る西入、七条通河原町西入上る、下枳"},{"pref":"京都府","city":"京都市下京区","town":"殻馬場通河原町西入下る）"}],"8145":[{"pref":"京都府","city":"京都市下京区","town":"皆山町"}],"8146":[{"pref":"京都府","city":"京都市下京区","town":"材木町（間之町通七条下る、間之町通七条上る、河原町通七条上"},{"pref":"京都府","city":"京都市下京区","town":"る、河原町通七条下る、七条通間之町西入、七条通間之町東入、七条通河原町西"},{"pref":"京都府","city":"京都市下京区","town":"入、七条通河原町東入、七条通高倉西入、七条通高倉東入、七条通土手町"},{"pref":"京都府","city":"京都市下京区","town":"西入、七条通東洞院東入、高倉通七条上る、高倉通七条下る、土手町通七条"},{"pref":"京都府","city":"京都市下京区","town":"上る、東洞院通七条下る、柳馬場通七条上る）"}],"8147":[{"pref":"京都府","city":"京都市下京区","town":"堀詰町"}],"8148":[{"pref":"京都府","city":"京都市下京区","town":"飴屋町"}],"8149":[{"pref":"京都府","city":"京都市下京区","town":"粉川町"}],"8150":[{"pref":"京都府","city":"京都市下京区","town":"上珠数屋町"}],"8151":[{"pref":"京都府","city":"京都市下京区","town":"打越町"}],"8152":[{"pref":"京都府","city":"京都市下京区","town":"筒金町"}],"8153":[{"pref":"京都府","city":"京都市下京区","town":"廿人講町"}],"8154":[{"pref":"京都府","city":"京都市下京区","town":"榎木町"}],"8155":[{"pref":"京都府","city":"京都市下京区","town":"西玉水町"}],"8156":[{"pref":"京都府","city":"京都市下京区","town":"笹屋町"}],"8157":[{"pref":"京都府","city":"京都市下京区","town":"橘町（下珠数屋町通不明門東入、下珠数屋町通烏丸東入、下珠数屋町通東洞院西入）"}],"8158":[{"pref":"京都府","city":"京都市下京区","town":"卓屋町"}],"8159":[{"pref":"京都府","city":"京都市下京区","town":"亀町"}],"8160":[{"pref":"京都府","city":"京都市下京区","town":"西魚屋町"}],"8161":[{"pref":"京都府","city":"京都市下京区","town":"大黒町（鍵屋町通室町西入、鍵屋町通室町東入、五条通室町東"},{"pref":"京都府","city":"京都市下京区","town":"入、室町通鍵屋町上る、室町通楊梅上る、室町通楊梅下る）"}],"8162":[{"pref":"京都府","city":"京都市下京区","town":"堺町（鍵屋町通室町西入、鍵屋町通室町東入、室町通鍵屋町下"},{"pref":"京都府","city":"京都市下京区","town":"る、的場通室町西入、的場通室町東入、室町通五条下る２丁目、室町通六条"},{"pref":"京都府","city":"京都市下京区","town":"上る、室町通的場上る）"}],"8163":[{"pref":"京都府","city":"京都市下京区","town":"下諏訪町"}],"8164":[{"pref":"京都府","city":"京都市下京区","town":"上柳町（諏訪町通花屋町上る、諏訪町通六条上る、諏訪町通六条下"},{"pref":"京都府","city":"京都市下京区","town":"る、六条通烏丸西入、六条通諏訪町西入、六条通諏訪町東入、六条通室町"},{"pref":"京都府","city":"京都市下京区","town":"東入）"}],"8165":[{"pref":"京都府","city":"京都市下京区","town":"下柳町"}],"8166":[{"pref":"京都府","city":"京都市下京区","town":"乾町"}],"8167":[{"pref":"京都府","city":"京都市下京区","town":"常葉町"}],"8168":[{"pref":"京都府","city":"京都市下京区","town":"八百屋町（室町新町ノ間六条下る、室町通花屋町上る、室町通六条下"},{"pref":"京都府","city":"京都市下京区","town":"る、六条通新町東入下る、六条通室町西入、六条通室町西入下る）"}],"8169":[{"pref":"京都府","city":"京都市下京区","town":"東魚屋町"}],"8170":[{"pref":"京都府","city":"京都市下京区","town":"上諏訪町"}],"8171":[{"pref":"京都府","city":"京都市下京区","town":"上平野町"}],"8172":[{"pref":"京都府","city":"京都市下京区","town":"下平野町"}],"8173":[{"pref":"京都府","city":"京都市下京区","town":"仏具屋町（不明門通五条下る２丁目、不明門通花屋町上る、不明門通"},{"pref":"京都府","city":"京都市下京区","town":"六条上る、不明門通六条下る、花屋町通烏丸東入、花屋町通不明門西入、花"},{"pref":"京都府","city":"京都市下京区","town":"屋町通不明門東入、六条通不明門西入、六条通不明門東入、六条通烏丸東"},{"pref":"京都府","city":"京都市下京区","town":"入、六条通東洞院西入）"}],"8174":[{"pref":"京都府","city":"京都市下京区","town":"高槻町"}],"8175":[{"pref":"京都府","city":"京都市下京区","town":"烏丸（２丁目）"}],"8176":[{"pref":"京都府","city":"京都市下京区","town":"北町"}],"8177":[{"pref":"京都府","city":"京都市下京区","town":"大坂町"}],"8178":[{"pref":"京都府","city":"京都市下京区","town":"鍵屋町（鍵屋町通烏丸西入、鍵屋町通諏訪町西入、鍵屋町通室"},{"pref":"京都府","city":"京都市下京区","town":"町東入、諏訪町通鍵屋町上る、諏訪町通鍵屋町下る）"}],"8179":[{"pref":"京都府","city":"京都市下京区","town":"横諏訪町"}],"8180":[{"pref":"京都府","city":"京都市下京区","town":"下万寿寺町"}],"8181":[{"pref":"京都府","city":"京都市下京区","town":"大津町"}],"8182":[{"pref":"京都府","city":"京都市下京区","town":"塗師屋町（間之町通五条下る、間之町通五条下る２丁目、間之町"},{"pref":"京都府","city":"京都市下京区","town":"六条上る、下坂通間之町西入、下坂通間之町東入、六条通間之町西入、六条"},{"pref":"京都府","city":"京都市下京区","town":"通間之町東入、六条通高倉西入、六条通東洞院東入）"}],"8183":[{"pref":"京都府","city":"京都市下京区","town":"夷之町（間之町通五条下る３丁目、間之町通花屋町上る、間之町通"},{"pref":"京都府","city":"京都市下京区","town":"六条下る、花屋町通間之町西入、花屋町通間之町東入、花屋町通東洞院東入、"},{"pref":"京都府","city":"京都市下京区","town":"六条通間之町西入、六条通間之町東入、六条通東洞院東入）"}],"8184":[{"pref":"京都府","city":"京都市下京区","town":"天神町"}],"8185":[{"pref":"京都府","city":"京都市下京区","town":"花屋町（上枳殻馬場通間之町西入、上珠数屋町通間之町西入、"},{"pref":"京都府","city":"京都市下京区","town":"上珠数屋町通東洞院東入、東洞院通上枳殻馬場下る、間之町通上珠数屋町下る）"}],"8186":[{"pref":"京都府","city":"京都市下京区","town":"富田町"}],"8187":[{"pref":"京都府","city":"京都市下京区","town":"橋詰町"}],"8188":[{"pref":"京都府","city":"京都市下京区","town":"和泉町"}],"8189":[{"pref":"京都府","city":"京都市下京区","town":"福島町"}],"8190":[{"pref":"京都府","city":"京都市下京区","town":"東玉水町"}],"8191":[{"pref":"京都府","city":"京都市下京区","town":"堺町（五条通高倉西入、五条通高倉東入、高倉通五条下る）"}],"8192":[{"pref":"京都府","city":"京都市下京区","town":"富屋町"}],"8193":[{"pref":"京都府","city":"京都市下京区","town":"骨屋町（六条通高倉東入、六条通柳馬場西入）"}],"8194":[{"pref":"京都府","city":"京都市下京区","town":"栄町"}],"8195":[{"pref":"京都府","city":"京都市下京区","town":"升屋町"}],"8196":[{"pref":"京都府","city":"京都市下京区","town":"八軒町"}],"8197":[{"pref":"京都府","city":"京都市下京区","town":"唐物町"}],"8198":[{"pref":"京都府","city":"京都市下京区","town":"若松町"}],"8199":[{"pref":"京都府","city":"京都市下京区","town":"万屋町"}],"8201":[{"pref":"京都府","city":"京都市下京区","town":"若宮町（加茂川筋七条下る、木屋町通七条下る、木屋町通七条下"},{"pref":"京都府","city":"京都市下京区","town":"る東入、三ノ宮通七条下る、須原通七条下る、七条大橋西入、七条通加茂川筋"},{"pref":"京都府","city":"京都市下京区","town":"西入、七条通加茂川筋西入下る）"}],"8202":[{"pref":"京都府","city":"京都市下京区","town":"川端町（その他）"}],"8203":[{"pref":"京都府","city":"京都市下京区","town":"屋形町"}],"8204":[{"pref":"京都府","city":"京都市下京区","town":"東之町"}],"8205":[{"pref":"京都府","city":"京都市下京区","town":"西之町"}],"8206":[{"pref":"京都府","city":"京都市下京区","town":"下之町"}],"8207":[{"pref":"京都府","city":"京都市下京区","town":"上之町（その他）"}],"8208":[{"pref":"京都府","city":"京都市下京区","town":"小稲荷町"}],"8209":[{"pref":"京都府","city":"京都市下京区","town":"郷之町"}],"8210":[{"pref":"京都府","city":"京都市下京区","town":"桜木町"}],"8211":[{"pref":"京都府","city":"京都市下京区","town":"真苧屋町"}],"8212":[{"pref":"京都府","city":"京都市下京区","town":"塩小路町"}],"8213":[{"pref":"京都府","city":"京都市下京区","town":"東塩小路向畑町"}],"8214":[{"pref":"京都府","city":"京都市下京区","town":"東塩小路高倉町"}],"8215":[{"pref":"京都府","city":"京都市下京区","town":"東塩小路釜殿町"}],"8216":[{"pref":"京都府","city":"京都市下京区","town":"東塩小路町"}],"8217":[{"pref":"京都府","city":"京都市下京区","town":"東境町"}],"8218":[{"pref":"京都府","city":"京都市下京区","town":"西境町"}],"8219":[{"pref":"京都府","city":"京都市下京区","town":"中居町"}],"8221":[{"pref":"京都府","city":"京都市下京区","town":"高雄町"}],"8222":[{"pref":"京都府","city":"京都市下京区","town":"文覚町"}],"8223":[{"pref":"京都府","city":"京都市下京区","town":"大黒町（油小路通七条下る、七条通油小路東入、七条通西洞院西"},{"pref":"京都府","city":"京都市下京区","town":"入、下魚棚通油小路東入、下魚棚通西洞院西入、西洞院通七条下る、東中"},{"pref":"京都府","city":"京都市下京区","town":"筋通七条下る、東中筋通下魚棚下る）"}],"8224":[{"pref":"京都府","city":"京都市下京区","town":"東町"}],"8225":[{"pref":"京都府","city":"京都市下京区","town":"東大工町"}],"8226":[{"pref":"京都府","city":"京都市下京区","town":"土橋町"}],"8227":[{"pref":"京都府","city":"京都市下京区","town":"菱屋町"}],"8228":[{"pref":"京都府","city":"京都市下京区","town":"北小路町"}],"8229":[{"pref":"京都府","city":"京都市下京区","town":"米屋町"}],"8231":[{"pref":"京都府","city":"京都市下京区","town":"油小路町"}],"8232":[{"pref":"京都府","city":"京都市下京区","town":"南町"}],"8233":[{"pref":"京都府","city":"京都市下京区","town":"北不動堂町"}],"8234":[{"pref":"京都府","city":"京都市下京区","town":"南不動堂町"}],"8235":[{"pref":"京都府","city":"京都市下京区","town":"東油小路町"}],"8236":[{"pref":"京都府","city":"京都市下京区","town":"西油小路町"}],"8237":[{"pref":"京都府","city":"京都市下京区","town":"松明町"}],"8238":[{"pref":"京都府","city":"京都市下京区","town":"御方紺屋町"}],"8239":[{"pref":"京都府","city":"京都市下京区","town":"鎌屋町"}],"8241":[{"pref":"京都府","city":"京都市下京区","town":"志水町"}],"8242":[{"pref":"京都府","city":"京都市下京区","town":"上夷町"}],"8243":[{"pref":"京都府","city":"京都市下京区","town":"南夷町"}],"8244":[{"pref":"京都府","city":"京都市下京区","town":"坊門中之町"}],"8245":[{"pref":"京都府","city":"京都市下京区","town":"古御旅町"}],"8246":[{"pref":"京都府","city":"京都市下京区","town":"垣ケ内町"}],"8247":[{"pref":"京都府","city":"京都市下京区","town":"八条坊門町（塩小路通黒門西入）"}],"8248":[{"pref":"京都府","city":"京都市下京区","town":"上中之町"}],"8249":[{"pref":"京都府","city":"京都市下京区","town":"下糀屋町"}],"8251":[{"pref":"京都府","city":"京都市下京区","town":"南八百屋町"}],"8252":[{"pref":"京都府","city":"京都市下京区","town":"川端町（木津屋橋通堀川西入、堀川通木津屋橋上る）"}],"8253":[{"pref":"京都府","city":"京都市下京区","town":"木津屋町"}],"8254":[{"pref":"京都府","city":"京都市下京区","town":"伊勢松町"}],"8255":[{"pref":"京都府","city":"京都市下京区","town":"清水町（堀川通木津屋橋下る、堀川通塩小路上る、西堀川通木津屋"},{"pref":"京都府","city":"京都市下京区","town":"橋下る、堀川通塩小路西入）"}],"8256":[{"pref":"京都府","city":"京都市下京区","town":"松本町（岩上通木津屋橋下る、岩上通塩小路上る）"}],"8257":[{"pref":"京都府","city":"京都市下京区","town":"三軒替地町"}],"8258":[{"pref":"京都府","city":"京都市下京区","town":"金換町"}],"8259":[{"pref":"京都府","city":"京都市下京区","town":"上糀屋町"}],"8261":[{"pref":"京都府","city":"京都市下京区","town":"花園町"}],"8262":[{"pref":"京都府","city":"京都市下京区","town":"八百屋町（七条通猪熊通東入、七条通東堀川西入、七条通堀川西"},{"pref":"京都府","city":"京都市下京区","town":"入、七条通堀川西入下る、東堀川通七条下る西入、下魚棚通堀川西入）"}],"8263":[{"pref":"京都府","city":"京都市下京区","town":"下魚棚（４丁目）"}],"8264":[{"pref":"京都府","city":"京都市下京区","town":"樽屋町"}],"8265":[{"pref":"京都府","city":"京都市下京区","town":"徹宝町"}],"8266":[{"pref":"京都府","city":"京都市下京区","town":"上之町（大宮通木津屋橋上る、大宮通七条下る、大宮通下魚棚下"},{"pref":"京都府","city":"京都市下京区","town":"る、木津屋橋通大宮東入、下魚棚通大宮東入）"}],"8267":[{"pref":"京都府","city":"京都市下京区","town":"御器屋町"}],"8268":[{"pref":"京都府","city":"京都市下京区","town":"大工町（猪熊通七条上る、猪熊通七条下る、猪熊通下魚棚上る、七"},{"pref":"京都府","city":"京都市下京区","town":"条通猪熊西入、七条通大宮東入、下魚棚通猪熊西入、下魚棚通大宮東入、"},{"pref":"京都府","city":"京都市下京区","town":"下魚棚通大宮東入下る、下魚棚通黒門東入）"}],"8269":[{"pref":"京都府","city":"京都市下京区","town":"西八百屋町"}],"8301":[{"pref":"京都府","city":"京都市下京区","town":"上柳町（楊梅通新町東入、室町新町之間五条下る、楊梅通新町東入"},{"pref":"京都府","city":"京都市下京区","town":"上る、楊梅通室町西入）"}],"8302":[{"pref":"京都府","city":"京都市下京区","town":"蛭子町"}],"8303":[{"pref":"京都府","city":"京都市下京区","town":"銭屋町"}],"8304":[{"pref":"京都府","city":"京都市下京区","town":"艮町"}],"8305":[{"pref":"京都府","city":"京都市下京区","town":"東若松町"}],"8306":[{"pref":"京都府","city":"京都市下京区","town":"平野町"}],"8307":[{"pref":"京都府","city":"京都市下京区","town":"辰巳町"}],"8308":[{"pref":"京都府","city":"京都市下京区","town":"新シ町"}],"8310":[{"pref":"京都府","city":"京都市下京区","town":"夷之町（七条通新町西入、七条通新町東入、七条通新町上る東"},{"pref":"京都府","city":"京都市下京区","town":"入、七条通西洞院東入、新町通七条上る、新町通七条下る、新町通七条下る"},{"pref":"京都府","city":"京都市下京区","town":"東入、西洞院通七条上る）"}],"8311":[{"pref":"京都府","city":"京都市下京区","town":"毘沙門町"}],"8312":[{"pref":"京都府","city":"京都市下京区","town":"上錫屋町"}],"8313":[{"pref":"京都府","city":"京都市下京区","town":"上若宮町"}],"8314":[{"pref":"京都府","city":"京都市下京区","town":"若宮町（新花屋町通若宮西入、新花屋町通若宮東入、六条通新"},{"pref":"京都府","city":"京都市下京区","town":"町西入、六条通西洞院東入、六条通若宮西入、六条通若宮東入、若宮通"},{"pref":"京都府","city":"京都市下京区","town":"新花屋町上る、若宮通新花屋町下る、若宮通花屋町上る、若宮通花屋町下る、若"},{"pref":"京都府","city":"京都市下京区","town":"宮通六条下る）"}],"8315":[{"pref":"京都府","city":"京都市下京区","town":"東松屋町"}],"8316":[{"pref":"京都府","city":"京都市下京区","town":"四本松町"}],"8317":[{"pref":"京都府","city":"京都市下京区","town":"鍵屋町（北小路通西洞院東入、北小路通若宮西入、正面通新町"},{"pref":"京都府","city":"京都市下京区","town":"西入、若宮通正面下る、若宮通北小路上る、正面通若宮東入）"}],"8318":[{"pref":"京都府","city":"京都市下京区","town":"井筒町"}],"8319":[{"pref":"京都府","city":"京都市下京区","town":"竹屋町（若宮通北小路下る、若宮通七条上る）"}],"8320":[{"pref":"京都府","city":"京都市下京区","town":"福本町"}],"8321":[{"pref":"京都府","city":"京都市下京区","town":"八百屋町（西洞院通楊梅上る、西洞院通楊梅下る、楊梅通西洞院東"},{"pref":"京都府","city":"京都市下京区","town":"入、楊梅通若宮西入）"}],"8322":[{"pref":"京都府","city":"京都市下京区","town":"小柳町"}],"8323":[{"pref":"京都府","city":"京都市下京区","town":"金屋町"}],"8324":[{"pref":"京都府","city":"京都市下京区","town":"東側町"}],"8325":[{"pref":"京都府","city":"京都市下京区","town":"西側町"}],"8326":[{"pref":"京都府","city":"京都市下京区","town":"西松屋町"}],"8327":[{"pref":"京都府","city":"京都市下京区","town":"西洞院町"}],"8328":[{"pref":"京都府","city":"京都市下京区","town":"蛭子水町"}],"8329":[{"pref":"京都府","city":"京都市下京区","town":"鍛冶屋町（北小路通西洞院西入、北小路通西洞院東入、西洞院通"},{"pref":"京都府","city":"京都市下京区","town":"北小路上る、西洞院通正面下る）"}],"8331":[{"pref":"京都府","city":"京都市下京区","town":"金東横町"}],"8332":[{"pref":"京都府","city":"京都市下京区","town":"中金仏町"}],"8333":[{"pref":"京都府","city":"京都市下京区","town":"卜味金仏町"}],"8334":[{"pref":"京都府","city":"京都市下京区","town":"西若松町"}],"8335":[{"pref":"京都府","city":"京都市下京区","town":"住吉町（醒ケ井通高辻下る、醒ケ井通松原上る）"}],"8336":[{"pref":"京都府","city":"京都市下京区","town":"元日町"}],"8337":[{"pref":"京都府","city":"京都市下京区","town":"佐女牛井町"}],"8338":[{"pref":"京都府","city":"京都市下京区","town":"泉水町"}],"8340":[{"pref":"京都府","city":"京都市下京区","town":"花屋町（花屋町通油小路西入）"}],"8341":[{"pref":"京都府","city":"京都市下京区","town":"学林町"}],"8342":[{"pref":"京都府","city":"京都市下京区","town":"山川町"}],"8343":[{"pref":"京都府","city":"京都市下京区","town":"植松町（正面通西洞院西入、西洞院通正面下る）"}],"8344":[{"pref":"京都府","city":"京都市下京区","town":"柳町"}],"8345":[{"pref":"京都府","city":"京都市下京区","town":"紅葉町"}],"8346":[{"pref":"京都府","city":"京都市下京区","town":"玉本町"}],"8347":[{"pref":"京都府","city":"京都市下京区","town":"仏具屋町（油小路通正面上る、油小路通花屋町下る、正面通油小路"},{"pref":"京都府","city":"京都市下京区","town":"東入、花屋町通油小路東入）"}],"8348":[{"pref":"京都府","city":"京都市下京区","town":"珠数屋町"}],"8349":[{"pref":"京都府","city":"京都市下京区","town":"堺町（堀川通旧花屋町東入、堀川通旧花屋町東入下る、堀川通正面上る）"}],"8351":[{"pref":"京都府","city":"京都市下京区","town":"富永町（岩上通高辻上る、岩上通高辻下る、高辻通猪熊東入、高"},{"pref":"京都府","city":"京都市下京区","town":"辻通岩上西入、高辻通岩上東入、高辻通西堀川西入、高辻通堀川西入）"}],"8352":[{"pref":"京都府","city":"京都市下京区","town":"吉文字町（岩上通松原上る、岩上通高辻下る）"}],"8353":[{"pref":"京都府","city":"京都市下京区","town":"高辻猪熊町"}],"8354":[{"pref":"京都府","city":"京都市下京区","town":"十文字町"}],"8355":[{"pref":"京都府","city":"京都市下京区","town":"来迎堂町"}],"8356":[{"pref":"京都府","city":"京都市下京区","town":"北門前町"}],"8357":[{"pref":"京都府","city":"京都市下京区","town":"柿本町"}],"8358":[{"pref":"京都府","city":"京都市下京区","town":"門前町"}],"8359":[{"pref":"京都府","city":"京都市下京区","town":"丸屋町（綾小路通猪熊西入、綾小路通大宮東入、綾小路通黒門西"},{"pref":"京都府","city":"京都市下京区","town":"入、綾小路通黒門東入、猪熊通綾小路上る、黒門通綾小路上る、黒門通綾小"},{"pref":"京都府","city":"京都市下京区","town":"路下る）"}],"8361":[{"pref":"京都府","city":"京都市下京区","town":"堀之上町"}],"8362":[{"pref":"京都府","city":"京都市下京区","town":"中堂寺前町"}],"8363":[{"pref":"京都府","city":"京都市下京区","town":"大宮（１～３丁目）"}],"8364":[{"pref":"京都府","city":"京都市下京区","town":"突抜（丁目）"}],"8365":[{"pref":"京都府","city":"京都市下京区","town":"丹波街道町"}],"8371":[{"pref":"京都府","city":"京都市下京区","town":"西門前町"}],"8372":[{"pref":"京都府","city":"京都市下京区","town":"南門前町"}],"8373":[{"pref":"京都府","city":"京都市下京区","town":"下五条町"}],"8374":[{"pref":"京都府","city":"京都市下京区","town":"藪之内町"}],"8375":[{"pref":"京都府","city":"京都市下京区","town":"下長福寺町"}],"8376":[{"pref":"京都府","city":"京都市下京区","town":"上長福寺町"}],"8377":[{"pref":"京都府","city":"京都市下京区","town":"上五条町"}],"8381":[{"pref":"京都府","city":"京都市下京区","town":"下り松町"}],"8382":[{"pref":"京都府","city":"京都市下京区","town":"塩屋町（黒門通綾小路下る、黒門通仏光寺上る）"}],"8383":[{"pref":"京都府","city":"京都市下京区","town":"綾大宮町"}],"8384":[{"pref":"京都府","city":"京都市下京区","town":"今大黒町"}],"8385":[{"pref":"京都府","city":"京都市下京区","town":"五坊大宮町"}],"8386":[{"pref":"京都府","city":"京都市下京区","town":"杉蛭子町"}],"8387":[{"pref":"京都府","city":"京都市下京区","town":"高辻大宮町"}],"8388":[{"pref":"京都府","city":"京都市下京区","town":"坊門町"}],"8389":[{"pref":"京都府","city":"京都市下京区","town":"四条大宮町"}],"8390":[{"pref":"京都府","city":"京都市下京区","town":"松本町（綾小路通猪熊東入、猪熊通綾小路上る、猪熊通四条下る）"}],"8391":[{"pref":"京都府","city":"京都市下京区","town":"佐竹町"}],"8392":[{"pref":"京都府","city":"京都市下京区","town":"妙満寺町"}],"8393":[{"pref":"京都府","city":"京都市下京区","town":"雁金町（岩上通綾小路下る、岩上通仏光寺上る）"}],"8394":[{"pref":"京都府","city":"京都市下京区","town":"晒屋町"}],"8395":[{"pref":"京都府","city":"京都市下京区","town":"徳屋町"}],"8396":[{"pref":"京都府","city":"京都市下京区","town":"槌屋町"}],"8397":[{"pref":"京都府","city":"京都市下京区","town":"西田町"}],"8398":[{"pref":"京都府","city":"京都市下京区","town":"瀬戸屋町"}],"8399":[{"pref":"京都府","city":"京都市下京区","town":"丸屋町（北小路通西中筋東入、西中筋通北小路上る、西中筋通正"},{"pref":"京都府","city":"京都市下京区","town":"面下る、北小路通堀川東入、堀川通北小路上る、堀川通正面下る）"}],"8401":[{"pref":"京都府","city":"京都市下京区","town":"燈籠町"}],"8402":[{"pref":"京都府","city":"京都市下京区","town":"大江町"}],"8403":[{"pref":"京都府","city":"京都市下京区","town":"吉水町（不明門通松原下る、不明門通万寿寺上る）"}],"8404":[{"pref":"京都府","city":"京都市下京区","town":"福田寺町"}],"8405":[{"pref":"京都府","city":"京都市下京区","town":"万寿寺中之町"}],"8406":[{"pref":"京都府","city":"京都市下京区","town":"亀屋町（高倉通五条上る、高倉通万寿寺下る）"}],"8407":[{"pref":"京都府","city":"京都市下京区","town":"朝妻町"}],"8408":[{"pref":"京都府","city":"京都市下京区","town":"深草町"}],"8409":[{"pref":"京都府","city":"京都市下京区","town":"玉屋町"}],"8410":[{"pref":"京都府","city":"京都市下京区","town":"悪王子町"}],"8411":[{"pref":"京都府","city":"京都市下京区","town":"水銀屋町"}],"8412":[{"pref":"京都府","city":"京都市下京区","town":"二帖半敷町"}],"8413":[{"pref":"京都府","city":"京都市下京区","town":"大政所町"}],"8414":[{"pref":"京都府","city":"京都市下京区","town":"匂天神町"}],"8415":[{"pref":"京都府","city":"京都市下京区","town":"因幡堂町"}],"8416":[{"pref":"京都府","city":"京都市下京区","town":"薬師前町"}],"8417":[{"pref":"京都府","city":"京都市下京区","town":"俊成町"}],"8418":[{"pref":"京都府","city":"京都市下京区","town":"五条烏丸町"}],"8419":[{"pref":"京都府","city":"京都市下京区","town":"大堀町"}],"8420":[{"pref":"京都府","city":"京都市下京区","town":"高砂町"}],"8421":[{"pref":"京都府","city":"京都市下京区","town":"童侍者町"}],"8422":[{"pref":"京都府","city":"京都市下京区","town":"白楽天町"}],"8423":[{"pref":"京都府","city":"京都市下京区","town":"釘隠町"}],"8424":[{"pref":"京都府","city":"京都市下京区","town":"山王町（室町通高辻上る、室町通仏光寺下る）"}],"8425":[{"pref":"京都府","city":"京都市下京区","town":"骨屋町（諏訪町通高辻上る、諏訪町通高辻下る、高辻通烏丸西入、高辻通室町東入）"}],"8426":[{"pref":"京都府","city":"京都市下京区","town":"小島町"}],"8427":[{"pref":"京都府","city":"京都市下京区","town":"玉津島町"}],"8428":[{"pref":"京都府","city":"京都市下京区","town":"弁財天町"}],"8429":[{"pref":"京都府","city":"京都市下京区","town":"御供石町"}],"8430":[{"pref":"京都府","city":"京都市下京区","town":"小田原町"}],"8431":[{"pref":"京都府","city":"京都市下京区","town":"善長寺町"}],"8432":[{"pref":"京都府","city":"京都市下京区","town":"糸屋町"}],"8433":[{"pref":"京都府","city":"京都市下京区","town":"繁昌町"}],"8434":[{"pref":"京都府","city":"京都市下京区","town":"高辻町"}],"8435":[{"pref":"京都府","city":"京都市下京区","town":"中野之町"}],"8436":[{"pref":"京都府","city":"京都市下京区","town":"元両替町"}],"8437":[{"pref":"京都府","city":"京都市下京区","town":"徳万町"}],"8438":[{"pref":"京都府","city":"京都市下京区","town":"長刀切町"}],"8439":[{"pref":"京都府","city":"京都市下京区","town":"坂東屋町"}],"8440":[{"pref":"京都府","city":"京都市下京区","town":"材木町（新町通五条上る、新町通万寿寺下る、万寿寺通新町西入、"},{"pref":"京都府","city":"京都市下京区","town":"万寿寺通新町東入）"}],"8441":[{"pref":"京都府","city":"京都市下京区","town":"四条町"}],"8442":[{"pref":"京都府","city":"京都市下京区","town":"矢田町"}],"8443":[{"pref":"京都府","city":"京都市下京区","town":"船鉾町"}],"8444":[{"pref":"京都府","city":"京都市下京区","town":"菅大臣町"}],"8445":[{"pref":"京都府","city":"京都市下京区","town":"岩戸山町"}],"8446":[{"pref":"京都府","city":"京都市下京区","town":"堀之内町"}],"8447":[{"pref":"京都府","city":"京都市下京区","town":"御影町"}],"8448":[{"pref":"京都府","city":"京都市下京区","town":"藪下町"}],"8449":[{"pref":"京都府","city":"京都市下京区","town":"富永町（新町通松原下る、新町通万寿寺上る、万寿寺通新町西入、"},{"pref":"京都府","city":"京都市下京区","town":"万寿寺通新町東入）"}],"8451":[{"pref":"京都府","city":"京都市下京区","town":"亀屋町（若宮通松原下る、若宮通万寿寺上る）"}],"8452":[{"pref":"京都府","city":"京都市下京区","town":"永倉町"}],"8453":[{"pref":"京都府","city":"京都市下京区","town":"月見町"}],"8454":[{"pref":"京都府","city":"京都市下京区","town":"布屋町"}],"8455":[{"pref":"京都府","city":"京都市下京区","town":"八幡町"}],"8456":[{"pref":"京都府","city":"京都市下京区","town":"天使突抜（丁目）"}],"8457":[{"pref":"京都府","city":"京都市下京区","town":"上金仏町"}],"8458":[{"pref":"京都府","city":"京都市下京区","town":"樋口町"}],"8459":[{"pref":"京都府","city":"京都市下京区","town":"天神前町"}],"8460":[{"pref":"京都府","city":"京都市下京区","town":"荒神町"}],"8461":[{"pref":"京都府","city":"京都市下京区","town":"木賊山町"}],"8462":[{"pref":"京都府","city":"京都市下京区","town":"本柳水町"}],"8463":[{"pref":"京都府","city":"京都市下京区","town":"永養寺町"}],"8464":[{"pref":"京都府","city":"京都市下京区","town":"菊屋町（高辻通新町西入下る、高辻通西洞院東入下る、若宮通高辻"},{"pref":"京都府","city":"京都市下京区","town":"下る、若宮通松原上る）"}],"8465":[{"pref":"京都府","city":"京都市下京区","town":"高辻西洞院町"}],"8466":[{"pref":"京都府","city":"京都市下京区","town":"舟屋町"}],"8467":[{"pref":"京都府","city":"京都市下京区","town":"麓町"}],"8468":[{"pref":"京都府","city":"京都市下京区","town":"住吉町（新花屋町通西中筋東入、西中筋通新花屋町上る、西中筋"},{"pref":"京都府","city":"京都市下京区","town":"通新花屋町下る、西中筋通花屋町上る、西中筋通六条下る、新花屋町通堀川東"},{"pref":"京都府","city":"京都市下京区","town":"入、堀川通新花屋町上る、堀川通新花屋町下る、堀川通花屋町上る、堀川通六条"},{"pref":"京都府","city":"京都市下京区","town":"下る）"}],"8469":[{"pref":"京都府","city":"京都市下京区","town":"太子山町"}],"8471":[{"pref":"京都府","city":"京都市下京区","town":"新釜座町"}],"8472":[{"pref":"京都府","city":"京都市下京区","town":"妙伝寺町"}],"8473":[{"pref":"京都府","city":"京都市下京区","town":"芦刈山町"}],"8474":[{"pref":"京都府","city":"京都市下京区","town":"綾西洞院町"}],"8475":[{"pref":"京都府","city":"京都市下京区","town":"風早町"}],"8476":[{"pref":"京都府","city":"京都市下京区","town":"喜吉町"}],"8477":[{"pref":"京都府","city":"京都市下京区","town":"要法寺町"}],"8478":[{"pref":"京都府","city":"京都市下京区","town":"西綾小路西半町"}],"8479":[{"pref":"京都府","city":"京都市下京区","town":"西綾小路東半町"}],"8480":[{"pref":"京都府","city":"京都市下京区","town":"小泉町"}],"8481":[{"pref":"京都府","city":"京都市下京区","town":"四条堀川町"}],"8482":[{"pref":"京都府","city":"京都市下京区","town":"綾堀川町"}],"8483":[{"pref":"京都府","city":"京都市下京区","town":"吉水町（西堀川通高辻上る、西堀川通仏光寺下る、東堀川通高辻"},{"pref":"京都府","city":"京都市下京区","town":"上る、東堀川通仏光寺下る、仏光寺通東堀川東入、堀川通仏光寺下る）"}],"8484":[{"pref":"京都府","city":"京都市下京区","town":"西高辻町"}],"8485":[{"pref":"京都府","city":"京都市下京区","town":"五軒町"}],"8486":[{"pref":"京都府","city":"京都市下京区","town":"高辻堀川町"}],"8487":[{"pref":"京都府","city":"京都市下京区","town":"橘町（醒ケ井通松原上る、醒ケ井通松原下る、松原通油小路西"},{"pref":"京都府","city":"京都市下京区","town":"入、松原通醒ケ井西入、松原通醒ケ井東入、松原通東堀川東入、松原通堀"},{"pref":"京都府","city":"京都市下京区","town":"川東入）"}],"8488":[{"pref":"京都府","city":"京都市下京区","town":"篠屋町"}],"8489":[{"pref":"京都府","city":"京都市下京区","town":"橋橘町"}],"8490":[{"pref":"京都府","city":"京都市下京区","town":"立中町"}],"8491":[{"pref":"京都府","city":"京都市下京区","town":"鶏鉾町"}],"8492":[{"pref":"京都府","city":"京都市下京区","town":"月鉾町"}],"8493":[{"pref":"京都府","city":"京都市下京区","town":"郭巨山町"}],"8494":[{"pref":"京都府","city":"京都市下京区","town":"傘鉾町"}],"8495":[{"pref":"京都府","city":"京都市下京区","town":"藤本寄町"}],"8496":[{"pref":"京都府","city":"京都市下京区","town":"石井筒町"}],"8497":[{"pref":"京都府","city":"京都市下京区","town":"高野堂町"}],"8498":[{"pref":"京都府","city":"京都市下京区","town":"柏屋町（四条通油小路西入、四条通醒ケ井西入、四条通醒ケ井"},{"pref":"京都府","city":"京都市下京区","town":"東入、四条通東堀川東入、四条通堀川東入）"}],"8499":[{"pref":"京都府","city":"京都市下京区","town":"唐津屋町"}],"8801":[{"pref":"京都府","city":"京都市下京区","town":"中堂寺西寺町"}],"8802":[{"pref":"京都府","city":"京都市下京区","town":"中堂寺櫛笥町"}],"8803":[{"pref":"京都府","city":"京都市下京区","town":"中堂寺薮ノ内町"}],"8804":[{"pref":"京都府","city":"京都市下京区","town":"中堂寺前田町"}],"8805":[{"pref":"京都府","city":"京都市下京区","town":"中堂寺鍵田町"}],"8806":[{"pref":"京都府","city":"京都市下京区","town":"中堂寺壬生川町"}],"8807":[{"pref":"京都府","city":"京都市下京区","town":"中堂寺命婦町"}],"8811":[{"pref":"京都府","city":"京都市下京区","town":"中堂寺坊城町"}],"8812":[{"pref":"京都府","city":"京都市下京区","town":"中堂寺北町"}],"8813":[{"pref":"京都府","city":"京都市下京区","town":"中堂寺南町"}],"8814":[{"pref":"京都府","city":"京都市下京区","town":"中堂寺庄ノ内町"}],"8815":[{"pref":"京都府","city":"京都市下京区","town":"中堂寺粟田町"}],"8816":[{"pref":"京都府","city":"京都市下京区","town":"西新屋敷中堂寺町"}],"8821":[{"pref":"京都府","city":"京都市下京区","town":"小坂町"}],"8822":[{"pref":"京都府","city":"京都市下京区","town":"裏片町"}],"8823":[{"pref":"京都府","city":"京都市下京区","town":"薬園町"}],"8824":[{"pref":"京都府","city":"京都市下京区","town":"二人司町"}],"8825":[{"pref":"京都府","city":"京都市下京区","town":"西新屋敷中之町"}],"8826":[{"pref":"京都府","city":"京都市下京区","town":"西新屋敷上之町"}],"8827":[{"pref":"京都府","city":"京都市下京区","town":"西新屋敷太夫町"}],"8828":[{"pref":"京都府","city":"京都市下京区","town":"西新屋敷揚屋町"}],"8829":[{"pref":"京都府","city":"京都市下京区","town":"西新屋敷下之町"}],"8831":[{"pref":"京都府","city":"京都市下京区","town":"花畑町"}],"8832":[{"pref":"京都府","city":"京都市下京区","town":"諏訪開町"}],"8833":[{"pref":"京都府","city":"京都市下京区","town":"西酢屋町"}],"8834":[{"pref":"京都府","city":"京都市下京区","town":"和気町"}],"8835":[{"pref":"京都府","city":"京都市下京区","town":"観喜寺町"}],"8836":[{"pref":"京都府","city":"京都市下京区","town":"八条坊門町（八条通大宮西入）"}],"8837":[{"pref":"京都府","city":"京都市下京区","town":"夷馬場町"}],"8841":[{"pref":"京都府","city":"京都市下京区","town":"朱雀正会町"}],"8842":[{"pref":"京都府","city":"京都市下京区","town":"朱雀堂ノ口町"}],"8843":[{"pref":"京都府","city":"京都市下京区","town":"朱雀内畑町"}],"8844":[{"pref":"京都府","city":"京都市下京区","town":"朱雀裏畑町"}],"8845":[{"pref":"京都府","city":"京都市下京区","town":"朱雀北ノ口町"}],"8846":[{"pref":"京都府","city":"京都市下京区","town":"朱雀宝蔵町"}],"8847":[{"pref":"京都府","city":"京都市下京区","town":"朱雀分木町"}],"8851":[{"pref":"京都府","city":"京都市下京区","town":"梅小路頭町"}],"8852":[{"pref":"京都府","city":"京都市下京区","town":"梅小路東中町"}],"8853":[{"pref":"京都府","city":"京都市下京区","town":"梅小路高畑町"}],"8854":[{"pref":"京都府","city":"京都市下京区","town":"梅小路西中町"}],"8855":[{"pref":"京都府","city":"京都市下京区","town":"梅小路石橋町"}],"8856":[{"pref":"京都府","city":"京都市下京区","town":"梅小路本町"}],"8857":[{"pref":"京都府","city":"京都市下京区","town":"梅小路東町"}],"8861":[{"pref":"京都府","city":"京都市下京区","town":"七条御所ノ内北町"}],"8862":[{"pref":"京都府","city":"京都市下京区","town":"七条御所ノ内中町"}],"8863":[{"pref":"京都府","city":"京都市下京区","town":"七条御所ノ内本町"}],"8864":[{"pref":"京都府","city":"京都市下京区","town":"七条御所ノ内南町"}],"8865":[{"pref":"京都府","city":"京都市下京区","town":"七条御所ノ内西町"}],"8871":[{"pref":"京都府","city":"京都市下京区","town":"西七条北東野町"}],"8872":[{"pref":"京都府","city":"京都市下京区","town":"西七条南東野町"}],"8873":[{"pref":"京都府","city":"京都市下京区","town":"西七条東久保町"}],"8874":[{"pref":"京都府","city":"京都市下京区","town":"西七条西久保町"}],"8875":[{"pref":"京都府","city":"京都市下京区","town":"西七条石井町"}],"8876":[{"pref":"京都府","city":"京都市下京区","town":"西七条南中野町"}],"8877":[{"pref":"京都府","city":"京都市下京区","town":"西七条南西野町"}],"8878":[{"pref":"京都府","city":"京都市下京区","town":"西七条北西野町"}],"8879":[{"pref":"京都府","city":"京都市下京区","town":"西七条中野町"}],"8881":[{"pref":"京都府","city":"京都市下京区","town":"西七条掛越町"}],"8882":[{"pref":"京都府","city":"京都市下京区","town":"西七条比輪田町"}],"8883":[{"pref":"京都府","city":"京都市下京区","town":"西七条北衣田町"}],"8884":[{"pref":"京都府","city":"京都市下京区","town":"西七条南衣田町"}],"8885":[{"pref":"京都府","city":"京都市下京区","town":"西七条南月読町"}],"8886":[{"pref":"京都府","city":"京都市下京区","town":"西七条北月読町"}],"8887":[{"pref":"京都府","city":"京都市下京区","town":"西七条名倉町"}],"8888":[{"pref":"京都府","city":"京都市下京区","town":"西七条八幡町"}],"8891":[{"pref":"京都府","city":"京都市下京区","town":"西七条東八反田町"}],"8892":[{"pref":"京都府","city":"京都市下京区","town":"西七条西八反田町"}],"8893":[{"pref":"京都府","city":"京都市下京区","town":"西七条御領町"}],"8894":[{"pref":"京都府","city":"京都市下京区","town":"西七条市部町"}],"8895":[{"pref":"京都府","city":"京都市下京区","town":"西七条東石ケ坪町"}],"8896":[{"pref":"京都府","city":"京都市下京区","town":"西七条西石ケ坪町"}],"8897":[{"pref":"京都府","city":"京都市下京区","town":"西七条御前田町"}],"8898":[{"pref":"京都府","city":"京都市下京区","town":"西七条東御前田町"}],"8899":[{"pref":"京都府","city":"京都市下京区","town":"西七条赤社町"}],"0000":[{"pref":"京都府","city":"京都市下京区","town":"以下に掲載がない場合"}]}