{"8001":[{"pref":"長崎県","city":"長崎市","town":"光町"}],"8002":[{"pref":"長崎県","city":"長崎市","town":"弁天町"}],"8003":[{"pref":"長崎県","city":"長崎市","town":"旭町"}],"8004":[{"pref":"長崎県","city":"長崎市","town":"丸尾町"}],"8005":[{"pref":"長崎県","city":"長崎市","town":"大鳥町"}],"8006":[{"pref":"長崎県","city":"長崎市","town":"平戸小屋町"}],"8007":[{"pref":"長崎県","city":"長崎市","town":"江の浦町"}],"8008":[{"pref":"長崎県","city":"長崎市","town":"曙町"}],"8011":[{"pref":"長崎県","city":"長崎市","town":"稲佐町"}],"8012":[{"pref":"長崎県","city":"長崎市","town":"淵町"}],"8013":[{"pref":"長崎県","city":"長崎市","town":"梁川町"}],"8014":[{"pref":"長崎県","city":"長崎市","town":"竹の久保町"}],"8015":[{"pref":"長崎県","city":"長崎市","town":"春木町"}],"8016":[{"pref":"長崎県","city":"長崎市","town":"宝栄町"}],"8017":[{"pref":"長崎県","city":"長崎市","town":"岩見町"}],"8021":[{"pref":"長崎県","city":"長崎市","town":"城山町"}],"8022":[{"pref":"長崎県","city":"長崎市","town":"富士見町"}],"8023":[{"pref":"長崎県","city":"長崎市","town":"若草町"}],"8024":[{"pref":"長崎県","city":"長崎市","town":"花園町"}],"8025":[{"pref":"長崎県","city":"長崎市","town":"立岩町"}],"8026":[{"pref":"長崎県","city":"長崎市","town":"金堀町"}],"8027":[{"pref":"長崎県","city":"長崎市","town":"城山台"}],"8031":[{"pref":"長崎県","city":"長崎市","town":"三芳町"}],"8032":[{"pref":"長崎県","city":"長崎市","town":"江里町"}],"8033":[{"pref":"長崎県","city":"長崎市","town":"緑が丘町"}],"8034":[{"pref":"長崎県","city":"長崎市","town":"城栄町"}],"8035":[{"pref":"長崎県","city":"長崎市","town":"油木町"}],"8036":[{"pref":"長崎県","city":"長崎市","town":"青山町"}],"8041":[{"pref":"長崎県","city":"長崎市","town":"清水町"}],"8042":[{"pref":"長崎県","city":"長崎市","town":"白鳥町"}],"8043":[{"pref":"長崎県","city":"長崎市","town":"西町"}],"8044":[{"pref":"長崎県","city":"長崎市","town":"音無町"}],"8045":[{"pref":"長崎県","city":"長崎市","town":"錦"}],"8046":[{"pref":"長崎県","city":"長崎市","town":"柳谷町"}],"8047":[{"pref":"長崎県","city":"長崎市","town":"若竹町"}],"8051":[{"pref":"長崎県","city":"長崎市","town":"西北町"}],"8052":[{"pref":"長崎県","city":"長崎市","town":"岩屋町"}],"8053":[{"pref":"長崎県","city":"長崎市","town":"葉山"}],"8054":[{"pref":"長崎県","city":"長崎市","town":"エミネント葉山町"}],"8055":[{"pref":"長崎県","city":"長崎市","town":"虹が丘町"}],"8056":[{"pref":"長崎県","city":"長崎市","town":"大宮町"}],"8061":[{"pref":"長崎県","city":"長崎市","town":"滑石"}],"8062":[{"pref":"長崎県","city":"長崎市","town":"大園町"}],"8063":[{"pref":"長崎県","city":"長崎市","town":"北栄町"}],"8064":[{"pref":"長崎県","city":"長崎市","town":"北陽町"}],"8065":[{"pref":"長崎県","city":"長崎市","town":"横尾"}],"8101":[{"pref":"長崎県","city":"長崎市","town":"江平"}],"8102":[{"pref":"長崎県","city":"長崎市","town":"坂本"}],"8103":[{"pref":"長崎県","city":"長崎市","town":"緑町"}],"8104":[{"pref":"長崎県","city":"長崎市","town":"茂里町"}],"8105":[{"pref":"長崎県","city":"長崎市","town":"目覚町"}],"8106":[{"pref":"長崎県","city":"長崎市","town":"岩川町"}],"8107":[{"pref":"長崎県","city":"長崎市","town":"浜口町"}],"8108":[{"pref":"長崎県","city":"長崎市","town":"川口町"}],"8111":[{"pref":"長崎県","city":"長崎市","town":"高尾町"}],"8112":[{"pref":"長崎県","city":"長崎市","town":"本尾町"}],"8113":[{"pref":"長崎県","city":"長崎市","town":"上野町"}],"8114":[{"pref":"長崎県","city":"長崎市","town":"橋口町"}],"8115":[{"pref":"長崎県","city":"長崎市","town":"岡町"}],"8116":[{"pref":"長崎県","city":"長崎市","town":"平和町"}],"8117":[{"pref":"長崎県","city":"長崎市","town":"平野町"}],"8118":[{"pref":"長崎県","city":"長崎市","town":"松山町"}],"8121":[{"pref":"長崎県","city":"長崎市","town":"三川町"}],"8122":[{"pref":"長崎県","city":"長崎市","town":"西山台"}],"8123":[{"pref":"長崎県","city":"長崎市","town":"三原"}],"8124":[{"pref":"長崎県","city":"長崎市","town":"辻町"}],"8125":[{"pref":"長崎県","city":"長崎市","town":"小峰町"}],"8126":[{"pref":"長崎県","city":"長崎市","town":"石神町"}],"8127":[{"pref":"長崎県","city":"長崎市","town":"大手"}],"8131":[{"pref":"長崎県","city":"長崎市","town":"文教町"}],"8132":[{"pref":"長崎県","city":"長崎市","town":"扇町"}],"8133":[{"pref":"長崎県","city":"長崎市","town":"本原町"}],"8134":[{"pref":"長崎県","city":"長崎市","town":"大橋町"}],"8135":[{"pref":"長崎県","city":"長崎市","town":"千歳町"}],"8136":[{"pref":"長崎県","city":"長崎市","town":"家野町"}],"8137":[{"pref":"長崎県","city":"長崎市","town":"若葉町"}],"8141":[{"pref":"長崎県","city":"長崎市","town":"畦別当町"}],"8142":[{"pref":"長崎県","city":"長崎市","town":"三ツ山町"}],"8143":[{"pref":"長崎県","city":"長崎市","town":"川平町"}],"8144":[{"pref":"長崎県","city":"長崎市","town":"女の都"}],"8145":[{"pref":"長崎県","city":"長崎市","town":"昭和"}],"8146":[{"pref":"長崎県","city":"長崎市","town":"けやき台町"}],"8151":[{"pref":"長崎県","city":"長崎市","town":"泉"}],"8152":[{"pref":"長崎県","city":"長崎市","town":"住吉台町"}],"8153":[{"pref":"長崎県","city":"長崎市","town":"花丘町"}],"8154":[{"pref":"長崎県","city":"長崎市","town":"住吉町"}],"8155":[{"pref":"長崎県","city":"長崎市","town":"中園町"}],"8156":[{"pref":"長崎県","city":"長崎市","town":"赤迫"}],"8157":[{"pref":"長崎県","city":"長崎市","town":"泉町"}]}