{"0100":[{"pref":"福岡県","city":"福岡市城南区","town":"以下に掲載がない場合"}],"0101":[{"pref":"福岡県","city":"福岡市城南区","town":"荒江"}],"0102":[{"pref":"福岡県","city":"福岡市城南区","town":"荒江団地"}],"0134":[{"pref":"福岡県","city":"福岡市城南区","town":"飯倉"}],"0144":[{"pref":"福岡県","city":"福岡市城南区","town":"梅林"}],"0142":[{"pref":"福岡県","city":"福岡市城南区","town":"片江"}],"0114":[{"pref":"福岡県","city":"福岡市城南区","town":"金山団地"}],"0105":[{"pref":"福岡県","city":"福岡市城南区","town":"城西団地"}],"0121":[{"pref":"福岡県","city":"福岡市城南区","town":"神松寺"}],"0154":[{"pref":"福岡県","city":"福岡市城南区","town":"宝台団地"}],"0113":[{"pref":"福岡県","city":"福岡市城南区","town":"田島"}],"0111":[{"pref":"福岡県","city":"福岡市城南区","town":"茶山"}],"0151":[{"pref":"福岡県","city":"福岡市城南区","town":"堤"}],"0152":[{"pref":"福岡県","city":"福岡市城南区","town":"堤団地"}],"0112":[{"pref":"福岡県","city":"福岡市城南区","town":"友丘"}],"0103":[{"pref":"福岡県","city":"福岡市城南区","town":"鳥飼"}],"0123":[{"pref":"福岡県","city":"福岡市城南区","town":"長尾"}],"0133":[{"pref":"福岡県","city":"福岡市城南区","town":"七隈"}],"0141":[{"pref":"福岡県","city":"福岡市城南区","town":"西片江"}],"0153":[{"pref":"福岡県","city":"福岡市城南区","town":"樋井川"}],"0155":[{"pref":"福岡県","city":"福岡市城南区","town":"東油山"}],"0104":[{"pref":"福岡県","city":"福岡市城南区","town":"別府"}],"0106":[{"pref":"福岡県","city":"福岡市城南区","town":"別府団地"}],"0132":[{"pref":"福岡県","city":"福岡市城南区","town":"干隈"}],"0131":[{"pref":"福岡県","city":"福岡市城南区","town":"松山"}],"0143":[{"pref":"福岡県","city":"福岡市城南区","town":"南片江"}],"0122":[{"pref":"福岡県","city":"福岡市城南区","town":"友泉亭"}],"0000":[{"pref":"福岡県","city":"福岡市早良区","town":"以下に掲載がない場合"}],"0004":[{"pref":"福岡県","city":"福岡市早良区","town":"曙"}],"0021":[{"pref":"福岡県","city":"福岡市早良区","town":"荒江"}],"0033":[{"pref":"福岡県","city":"福岡市早良区","town":"有田"}],"0034":[{"pref":"福岡県","city":"福岡市早良区","town":"有田団地"}],"0161":[{"pref":"福岡県","city":"福岡市早良区","town":"飯倉"}],"0172":[{"pref":"福岡県","city":"福岡市早良区","town":"梅林"}],"0164":[{"pref":"福岡県","city":"福岡市早良区","town":"賀茂"}],"0032":[{"pref":"福岡県","city":"福岡市早良区","town":"小田部"}],"0176":[{"pref":"福岡県","city":"福岡市早良区","town":"四箇田団地"}],"0003":[{"pref":"福岡県","city":"福岡市早良区","town":"城西"}],"0012":[{"pref":"福岡県","city":"福岡市早良区","town":"昭代"}],"0165":[{"pref":"福岡県","city":"福岡市早良区","town":"次郎丸"}],"0005":[{"pref":"福岡県","city":"福岡市早良区","town":"祖原"}],"0177":[{"pref":"福岡県","city":"福岡市早良区","town":"田"}],"0011":[{"pref":"福岡県","city":"福岡市早良区","town":"高取"}],"0174":[{"pref":"福岡県","city":"福岡市早良区","town":"田隈"}],"0175":[{"pref":"福岡県","city":"福岡市早良区","town":"田村"}],"0173":[{"pref":"福岡県","city":"福岡市早良区","town":"西油山"}],"0002":[{"pref":"福岡県","city":"福岡市早良区","town":"西新"}],"0171":[{"pref":"福岡県","city":"福岡市早良区","town":"野芥"}],"0022":[{"pref":"福岡県","city":"福岡市早良区","town":"原"}],"0023":[{"pref":"福岡県","city":"福岡市早良区","town":"原団地"}],"0013":[{"pref":"福岡県","city":"福岡市早良区","town":"藤崎"}],"0163":[{"pref":"福岡県","city":"福岡市早良区","town":"干隈"}],"0162":[{"pref":"福岡県","city":"福岡市早良区","town":"星の原団地"}],"0031":[{"pref":"福岡県","city":"福岡市早良区","town":"南庄"}],"0035":[{"pref":"福岡県","city":"福岡市早良区","town":"室住団地"}],"0015":[{"pref":"福岡県","city":"福岡市早良区","town":"室見"}],"0006":[{"pref":"福岡県","city":"福岡市早良区","town":"百道"}],"0001":[{"pref":"福岡県","city":"福岡市早良区","town":"百道浜"}],"0014":[{"pref":"福岡県","city":"福岡市早良区","town":"弥生"}]}