{"0952":[{"pref":"静岡県","city":"富士市","town":"青葉町"}],"0901":[{"pref":"静岡県","city":"富士市","town":"岩本"}],"0912":[{"pref":"静岡県","city":"富士市","town":"加島町"}],"0942":[{"pref":"静岡県","city":"富士市","town":"上横割"}],"0939":[{"pref":"静岡県","city":"富士市","town":"川成島"}],"0955":[{"pref":"静岡県","city":"富士市","town":"川成新町"}],"0946":[{"pref":"静岡県","city":"富士市","town":"五貫島"}],"0905":[{"pref":"静岡県","city":"富士市","town":"五味島"}],"0934":[{"pref":"静岡県","city":"富士市","town":"鮫島"}],"0943":[{"pref":"静岡県","city":"富士市","town":"下横割"}],"0941":[{"pref":"静岡県","city":"富士市","town":"十兵衛"}],"0935":[{"pref":"静岡県","city":"富士市","town":"田子"}],"0931":[{"pref":"静岡県","city":"富士市","town":"蓼原"}],"0953":[{"pref":"静岡県","city":"富士市","town":"蓼原町"}],"0936":[{"pref":"静岡県","city":"富士市","town":"中河原（その他）"}],"0907":[{"pref":"静岡県","city":"富士市","town":"中島"}],"0933":[{"pref":"静岡県","city":"富士市","town":"中丸"}],"0902":[{"pref":"静岡県","city":"富士市","town":"長通"}],"0911":[{"pref":"静岡県","city":"富士市","town":"八幡町"}],"0938":[{"pref":"静岡県","city":"富士市","town":"浜田町"}],"0915":[{"pref":"静岡県","city":"富士市","town":"富士町"}],"0916":[{"pref":"静岡県","city":"富士市","town":"平垣"}],"0918":[{"pref":"静岡県","city":"富士市","town":"平垣町"}],"0913":[{"pref":"静岡県","city":"富士市","town":"平垣本町"}],"0914":[{"pref":"静岡県","city":"富士市","town":"本町"}],"0937":[{"pref":"静岡県","city":"富士市","town":"前田"}],"0909":[{"pref":"静岡県","city":"富士市","town":"松岡"}],"0919":[{"pref":"静岡県","city":"富士市","town":"松富町"}],"0903":[{"pref":"静岡県","city":"富士市","town":"松本"}],"0921":[{"pref":"静岡県","city":"富士市","town":"水戸島"}],"0924":[{"pref":"静岡県","city":"富士市","town":"水戸島本町"}],"0922":[{"pref":"静岡県","city":"富士市","town":"水戸島元町"}],"0947":[{"pref":"静岡県","city":"富士市","town":"宮下"}],"0945":[{"pref":"静岡県","city":"富士市","town":"宮島"}],"0906":[{"pref":"静岡県","city":"富士市","town":"本市場"}],"0904":[{"pref":"静岡県","city":"富士市","town":"本市場新田"}],"0954":[{"pref":"静岡県","city":"富士市","town":"本市場町"}],"0917":[{"pref":"静岡県","city":"富士市","town":"元町"}],"0949":[{"pref":"静岡県","city":"富士市","town":"森下"}],"0948":[{"pref":"静岡県","city":"富士市","town":"森島"}],"0932":[{"pref":"静岡県","city":"富士市","town":"柳島"}],"0908":[{"pref":"静岡県","city":"富士市","town":"柚木"}],"0944":[{"pref":"静岡県","city":"富士市","town":"横割"}],"0923":[{"pref":"静岡県","city":"富士市","town":"横割本町"}],"0951":[{"pref":"静岡県","city":"富士市","town":"米之宮町"}]}