{"0000":[{"pref":"大阪府","city":"四條畷市","town":"以下に掲載がない場合"}],"0034":[{"pref":"大阪府","city":"四條畷市","town":"江瀬美町"}],"0011":[{"pref":"大阪府","city":"四條畷市","town":"逢阪"}],"0004":[{"pref":"大阪府","city":"四條畷市","town":"岡山（番地）"}],"0002":[{"pref":"大阪府","city":"四條畷市","town":"岡山（丁目）"}],"0003":[{"pref":"大阪府","city":"四條畷市","town":"岡山東"}],"0014":[{"pref":"大阪府","city":"四條畷市","town":"上田原"}],"0045":[{"pref":"大阪府","city":"四條畷市","town":"雁屋西町"}],"0036":[{"pref":"大阪府","city":"四條畷市","town":"雁屋南町"}],"0035":[{"pref":"大阪府","city":"四條畷市","town":"雁屋北町"}],"0043":[{"pref":"大阪府","city":"四條畷市","town":"北出町"}],"0063":[{"pref":"大阪府","city":"四條畷市","town":"清瀧"}],"0062":[{"pref":"大阪府","city":"四條畷市","town":"清滝新町"}],"0061":[{"pref":"大阪府","city":"四條畷市","town":"清滝中町"}],"0032":[{"pref":"大阪府","city":"四條畷市","town":"米崎町"}],"0015":[{"pref":"大阪府","city":"四條畷市","town":"さつきケ丘"}],"0041":[{"pref":"大阪府","city":"四條畷市","town":"蔀屋新町"}],"0042":[{"pref":"大阪府","city":"四條畷市","town":"蔀屋本町"}],"0012":[{"pref":"大阪府","city":"四條畷市","town":"下田原"}],"0001":[{"pref":"大阪府","city":"四條畷市","town":"砂"}],"0013":[{"pref":"大阪府","city":"四條畷市","town":"田原台"}],"0024":[{"pref":"大阪府","city":"四條畷市","town":"塚脇町"}],"0053":[{"pref":"大阪府","city":"四條畷市","town":"中野（番地）"}],"0052":[{"pref":"大阪府","city":"四條畷市","town":"中野（丁目）"}],"0054":[{"pref":"大阪府","city":"四條畷市","town":"中野新町"}],"0051":[{"pref":"大阪府","city":"四條畷市","town":"中野本町"}],"0023":[{"pref":"大阪府","city":"四條畷市","town":"楠公"}],"0055":[{"pref":"大阪府","city":"四條畷市","town":"西中野"}],"0044":[{"pref":"大阪府","city":"四條畷市","town":"二丁通町"}],"0033":[{"pref":"大阪府","city":"四條畷市","town":"美田町"}],"0022":[{"pref":"大阪府","city":"四條畷市","town":"南野（番地）"}],"0021":[{"pref":"大阪府","city":"四條畷市","town":"南野（丁目）"}],"0016":[{"pref":"大阪府","city":"四條畷市","town":"緑風台"}]}