{"0000":[{"pref":"富山県","city":"黒部市","town":"以下に掲載がない場合"}],"0048":[{"pref":"富山県","city":"黒部市","town":"阿古屋野"}],"0032":[{"pref":"富山県","city":"黒部市","town":"天池"}],"0824":[{"pref":"富山県","city":"黒部市","town":"阿弥陀堂"}],"0001":[{"pref":"富山県","city":"黒部市","town":"荒俣"}],"0044":[{"pref":"富山県","city":"黒部市","town":"荒町"}],"0004":[{"pref":"富山県","city":"黒部市","town":"飯沢"}],"0066":[{"pref":"富山県","city":"黒部市","town":"生地"}],"0074":[{"pref":"富山県","city":"黒部市","town":"生地（四十物町）"}],"0083":[{"pref":"富山県","city":"黒部市","town":"生地（阿弥陀堂）"}],"0075":[{"pref":"富山県","city":"黒部市","town":"生地（大町）"}],"0073":[{"pref":"富山県","city":"黒部市","town":"生地（上町）"}],"0065":[{"pref":"富山県","city":"黒部市","town":"生地（神明町）"}],"0062":[{"pref":"富山県","city":"黒部市","town":"生地（轟下）"}],"0064":[{"pref":"富山県","city":"黒部市","town":"生地（緑町）"}],"0076":[{"pref":"富山県","city":"黒部市","town":"生地（宮川町）"}],"0082":[{"pref":"富山県","city":"黒部市","town":"生地芦区"}],"0084":[{"pref":"富山県","city":"黒部市","town":"生地芦崎"}],"0081":[{"pref":"富山県","city":"黒部市","town":"生地経新"}],"0061":[{"pref":"富山県","city":"黒部市","town":"生地神区"}],"0072":[{"pref":"富山県","city":"黒部市","town":"生地中区"}],"0071":[{"pref":"富山県","city":"黒部市","town":"生地山新"}],"0085":[{"pref":"富山県","city":"黒部市","town":"生地吉田"}],"0086":[{"pref":"富山県","city":"黒部市","town":"生地吉田新"}],"0063":[{"pref":"富山県","city":"黒部市","town":"生地四ツ屋新"}],"0816":[{"pref":"富山県","city":"黒部市","town":"池尻"}],"0059":[{"pref":"富山県","city":"黒部市","town":"石田"}],"0057":[{"pref":"富山県","city":"黒部市","town":"石田新"}],"0835":[{"pref":"富山県","city":"黒部市","town":"石田野"}],"0043":[{"pref":"富山県","city":"黒部市","town":"犬山"}],"0014":[{"pref":"富山県","city":"黒部市","town":"植木"}],"0811":[{"pref":"富山県","city":"黒部市","town":"内生谷"}],"0282":[{"pref":"富山県","city":"黒部市","town":"宇奈月温泉"}],"0177":[{"pref":"富山県","city":"黒部市","town":"宇奈月町愛本新"}],"0175":[{"pref":"富山県","city":"黒部市","town":"宇奈月町愛本橋爪東官林地内"}],"0171":[{"pref":"富山県","city":"黒部市","town":"宇奈月町明日"}],"0281":[{"pref":"富山県","city":"黒部市","town":"宇奈月町内山"}],"0862":[{"pref":"富山県","city":"黒部市","town":"宇奈月町浦山"}],"0274":[{"pref":"富山県","city":"黒部市","town":"宇奈月町音澤（１０００～）"}],"0174":[{"pref":"富山県","city":"黒部市","town":"宇奈月町音澤（１～９９９）"}],"0861":[{"pref":"富山県","city":"黒部市","town":"宇奈月町下立"}],"0863":[{"pref":"富山県","city":"黒部市","town":"宇奈月町熊野"}],"0178":[{"pref":"富山県","city":"黒部市","town":"宇奈月町栗虫"}],"0864":[{"pref":"富山県","city":"黒部市","town":"宇奈月町栃屋"}],"0172":[{"pref":"富山県","city":"黒部市","town":"宇奈月町土山"}],"0173":[{"pref":"富山県","city":"黒部市","town":"宇奈月町中谷"}],"0176":[{"pref":"富山県","city":"黒部市","town":"宇奈月町中ノ口"}],"0179":[{"pref":"富山県","city":"黒部市","town":"宇奈月町舟見"}],"0006":[{"pref":"富山県","city":"黒部市","town":"大開"}],"0054":[{"pref":"富山県","city":"黒部市","town":"岡"}],"0801":[{"pref":"富山県","city":"黒部市","town":"荻生"}],"0825":[{"pref":"富山県","city":"黒部市","town":"尾山"}],"0836":[{"pref":"富山県","city":"黒部市","town":"鏡野"}],"0812":[{"pref":"富山県","city":"黒部市","town":"笠破"}],"0022":[{"pref":"富山県","city":"黒部市","town":"金屋"}],"0814":[{"pref":"富山県","city":"黒部市","town":"嘉例沢"}],"0036":[{"pref":"富山県","city":"黒部市","town":"北新"}],"0015":[{"pref":"富山県","city":"黒部市","town":"北野"}],"0805":[{"pref":"富山県","city":"黒部市","town":"吉城寺"}],"0052":[{"pref":"富山県","city":"黒部市","town":"経立野"}],"0013":[{"pref":"富山県","city":"黒部市","town":"沓掛"}],"0047":[{"pref":"富山県","city":"黒部市","town":"窪野"}],"0803":[{"pref":"富山県","city":"黒部市","town":"栗寺"}],"0283":[{"pref":"富山県","city":"黒部市","town":"黒部峡谷口"}],"0011":[{"pref":"富山県","city":"黒部市","town":"黒部新"}],"0046":[{"pref":"富山県","city":"黒部市","town":"神谷"}],"0823":[{"pref":"富山県","city":"黒部市","town":"釈迦堂"}],"0058":[{"pref":"富山県","city":"黒部市","town":"正光寺新"}],"0038":[{"pref":"富山県","city":"黒部市","town":"新天"}],"0808":[{"pref":"富山県","city":"黒部市","town":"新堂"}],"0037":[{"pref":"富山県","city":"黒部市","town":"新牧野"}],"0056":[{"pref":"富山県","city":"黒部市","town":"新町"}],"0045":[{"pref":"富山県","city":"黒部市","town":"田家新"}],"0837":[{"pref":"富山県","city":"黒部市","town":"田家野"}],"0026":[{"pref":"富山県","city":"黒部市","town":"田家角内"}],"0024":[{"pref":"富山県","city":"黒部市","town":"高橋"}],"0051":[{"pref":"富山県","city":"黒部市","town":"立野"}],"0813":[{"pref":"富山県","city":"黒部市","town":"田籾"}],"0012":[{"pref":"富山県","city":"黒部市","town":"出島"}],"0042":[{"pref":"富山県","city":"黒部市","town":"天神新"}],"0039":[{"pref":"富山県","city":"黒部市","town":"堂田"}],"0028":[{"pref":"富山県","city":"黒部市","town":"栃沢"}],"0027":[{"pref":"富山県","city":"黒部市","town":"中新"}],"0827":[{"pref":"富山県","city":"黒部市","town":"中陣"}],"0034":[{"pref":"富山県","city":"黒部市","town":"中野"}],"0033":[{"pref":"富山県","city":"黒部市","town":"中野道"}],"0834":[{"pref":"富山県","city":"黒部市","town":"中山"}],"0055":[{"pref":"富山県","city":"黒部市","town":"浜石田"}],"0002":[{"pref":"富山県","city":"黒部市","town":"飛騨"}],"0815":[{"pref":"富山県","city":"黒部市","town":"福平"}],"0021":[{"pref":"富山県","city":"黒部市","town":"古御堂"}],"0822":[{"pref":"富山県","city":"黒部市","town":"別所"}],"0826":[{"pref":"富山県","city":"黒部市","town":"朴谷"}],"0041":[{"pref":"富山県","city":"黒部市","town":"堀切"}],"0025":[{"pref":"富山県","city":"黒部市","town":"堀切新"}],"0023":[{"pref":"富山県","city":"黒部市","town":"堀高"}],"0806":[{"pref":"富山県","city":"黒部市","town":"前沢"}],"0035":[{"pref":"富山県","city":"黒部市","town":"牧野"}],"0832":[{"pref":"富山県","city":"黒部市","town":"枕野"}],"0031":[{"pref":"富山県","city":"黒部市","town":"三日市"}],"0831":[{"pref":"富山県","city":"黒部市","town":"宮沢"}],"0804":[{"pref":"富山県","city":"黒部市","town":"宮野"}],"0833":[{"pref":"富山県","city":"黒部市","town":"本野"}],"0821":[{"pref":"富山県","city":"黒部市","town":"柳沢"}],"0049":[{"pref":"富山県","city":"黒部市","town":"山田"}],"0807":[{"pref":"富山県","city":"黒部市","town":"山田新"}],"0053":[{"pref":"富山県","city":"黒部市","town":"山立野"}],"0005":[{"pref":"富山県","city":"黒部市","town":"吉田"}],"0003":[{"pref":"富山県","city":"黒部市","town":"六天"}],"0802":[{"pref":"富山県","city":"黒部市","town":"若栗"}],"0101":[{"pref":"富山県","city":"下新川郡入善町","town":"今江"}],"0105":[{"pref":"富山県","city":"下新川郡入善町","town":"中沢"}],"0104":[{"pref":"富山県","city":"下新川郡入善町","town":"西中"}],"0106":[{"pref":"富山県","city":"下新川郡入善町","town":"野中"}],"0103":[{"pref":"富山県","city":"下新川郡入善町","town":"舟見"}],"0102":[{"pref":"富山県","city":"下新川郡入善町","town":"古林"}],"0167":[{"pref":"富山県","city":"下新川郡朝日町","town":"山王"}],"0169":[{"pref":"富山県","city":"下新川郡朝日町","town":"下野"}],"0164":[{"pref":"富山県","city":"下新川郡朝日町","town":"棚山"}],"0161":[{"pref":"富山県","city":"下新川郡朝日町","town":"殿町"}],"0168":[{"pref":"富山県","city":"下新川郡朝日町","town":"藤塚（横道）"}],"0166":[{"pref":"富山県","city":"下新川郡朝日町","town":"細野"}],"0162":[{"pref":"富山県","city":"下新川郡朝日町","town":"山崎"},{"pref":"富山県","city":"下新川郡朝日町","town":"山崎（岩崎）"},{"pref":"富山県","city":"下新川郡朝日町","town":"山崎（小在池）"},{"pref":"富山県","city":"下新川郡朝日町","town":"山崎（越）"},{"pref":"富山県","city":"下新川郡朝日町","town":"山崎（辻）"},{"pref":"富山県","city":"下新川郡朝日町","town":"山崎（花房）"},{"pref":"富山県","city":"下新川郡朝日町","town":"山崎（羽入）"},{"pref":"富山県","city":"下新川郡朝日町","town":"山崎（坊）"}],"0165":[{"pref":"富山県","city":"下新川郡朝日町","town":"山崎新"}],"0163":[{"pref":"富山県","city":"下新川郡朝日町","town":"湯ノ瀬"}]}