{"0000":[{"pref":"京都府","city":"亀岡市","town":"以下に掲載がない場合"}],"0001":[{"pref":"京都府","city":"亀岡市","town":"旭町"}],"0806":[{"pref":"京都府","city":"亀岡市","town":"余部町"}],"0851":[{"pref":"京都府","city":"亀岡市","town":"荒塚町"}],"0864":[{"pref":"京都府","city":"亀岡市","town":"内丸町"}],"0801":[{"pref":"京都府","city":"亀岡市","town":"宇津根町"}],"0008":[{"pref":"京都府","city":"亀岡市","town":"馬路町"}],"0804":[{"pref":"京都府","city":"亀岡市","town":"追分町"}],"0012":[{"pref":"京都府","city":"亀岡市","town":"大井町かすみケ丘"}],"0018":[{"pref":"京都府","city":"亀岡市","town":"大井町小金岐"}],"0011":[{"pref":"京都府","city":"亀岡市","town":"大井町土田"}],"0013":[{"pref":"京都府","city":"亀岡市","town":"大井町並河"}],"0016":[{"pref":"京都府","city":"亀岡市","town":"大井町南金岐"}],"0017":[{"pref":"京都府","city":"亀岡市","town":"大井町北金岐"}],"0856":[{"pref":"京都府","city":"亀岡市","town":"上矢田町"}],"0007":[{"pref":"京都府","city":"亀岡市","town":"河原林町河原尻"}],"0006":[{"pref":"京都府","city":"亀岡市","town":"河原林町勝林島"}],"0803":[{"pref":"京都府","city":"亀岡市","town":"河原町"}],"0802":[{"pref":"京都府","city":"亀岡市","town":"北河原町"}],"0811":[{"pref":"京都府","city":"亀岡市","town":"北古世町"}],"0861":[{"pref":"京都府","city":"亀岡市","town":"北町"}],"0818":[{"pref":"京都府","city":"亀岡市","town":"京町"}],"0815":[{"pref":"京都府","city":"亀岡市","town":"古世町"}],"0819":[{"pref":"京都府","city":"亀岡市","town":"呉服町"}],"0852":[{"pref":"京都府","city":"亀岡市","town":"紺屋町"}],"0867":[{"pref":"京都府","city":"亀岡市","town":"塩屋町"}],"0823":[{"pref":"京都府","city":"亀岡市","town":"篠町馬堀"}],"0828":[{"pref":"京都府","city":"亀岡市","town":"篠町馬堀駅前"}],"0827":[{"pref":"京都府","city":"亀岡市","town":"篠町王子"}],"0821":[{"pref":"京都府","city":"亀岡市","town":"篠町柏原"}],"0826":[{"pref":"京都府","city":"亀岡市","town":"篠町篠"}],"0835":[{"pref":"京都府","city":"亀岡市","town":"篠町浄法寺"}],"0822":[{"pref":"京都府","city":"亀岡市","town":"篠町野条"}],"0834":[{"pref":"京都府","city":"亀岡市","town":"篠町広田"}],"0824":[{"pref":"京都府","city":"亀岡市","town":"篠町見晴"}],"0831":[{"pref":"京都府","city":"亀岡市","town":"篠町森"}],"0825":[{"pref":"京都府","city":"亀岡市","town":"篠町山本"}],"0829":[{"pref":"京都府","city":"亀岡市","town":"篠町夕日ケ丘"}],"0854":[{"pref":"京都府","city":"亀岡市","town":"下矢田町"}],"0865":[{"pref":"京都府","city":"亀岡市","town":"新町"}],"0029":[{"pref":"京都府","city":"亀岡市","town":"曽我部町穴太"}],"0027":[{"pref":"京都府","city":"亀岡市","town":"曽我部町犬飼"}],"0024":[{"pref":"京都府","city":"亀岡市","town":"曽我部町春日部"}],"0021":[{"pref":"京都府","city":"亀岡市","town":"曽我部町重利"}],"0023":[{"pref":"京都府","city":"亀岡市","town":"曽我部町寺"}],"0025":[{"pref":"京都府","city":"亀岡市","town":"曽我部町中"}],"0022":[{"pref":"京都府","city":"亀岡市","town":"曽我部町南条"}],"0028":[{"pref":"京都府","city":"亀岡市","town":"曽我部町西条"}],"0026":[{"pref":"京都府","city":"亀岡市","town":"曽我部町法貴"}],"0003":[{"pref":"京都府","city":"亀岡市","town":"千歳町国分"}],"0002":[{"pref":"京都府","city":"亀岡市","town":"千歳町千歳"}],"0004":[{"pref":"京都府","city":"亀岡市","town":"千歳町毘沙門"}],"0051":[{"pref":"京都府","city":"亀岡市","town":"千代川町今津"}],"0041":[{"pref":"京都府","city":"亀岡市","town":"千代川町小川"}],"0043":[{"pref":"京都府","city":"亀岡市","town":"千代川町小林"}],"0054":[{"pref":"京都府","city":"亀岡市","town":"千代川町川関"}],"0046":[{"pref":"京都府","city":"亀岡市","town":"千代川町北ノ庄"}],"0042":[{"pref":"京都府","city":"亀岡市","town":"千代川町高野林"}],"0052":[{"pref":"京都府","city":"亀岡市","town":"千代川町千原"}],"0053":[{"pref":"京都府","city":"亀岡市","town":"千代川町拝田"}],"0044":[{"pref":"京都府","city":"亀岡市","town":"千代川町日吉台"}],"0045":[{"pref":"京都府","city":"亀岡市","town":"千代川町湯井"}],"0813":[{"pref":"京都府","city":"亀岡市","town":"突抜町"}],"0855":[{"pref":"京都府","city":"亀岡市","town":"中矢田町"}],"0863":[{"pref":"京都府","city":"亀岡市","town":"南郷町"}],"0817":[{"pref":"京都府","city":"亀岡市","town":"西竪町"}],"0842":[{"pref":"京都府","city":"亀岡市","town":"西つつじケ丘雲仙台"}],"0844":[{"pref":"京都府","city":"亀岡市","town":"西つつじケ丘霧島台"}],"0841":[{"pref":"京都府","city":"亀岡市","town":"西つつじケ丘五月台"}],"0843":[{"pref":"京都府","city":"亀岡市","town":"西つつじケ丘大山台"}],"0845":[{"pref":"京都府","city":"亀岡市","town":"西つつじケ丘美山台"}],"0126":[{"pref":"京都府","city":"亀岡市","town":"西別院町犬甘野"}],"0121":[{"pref":"京都府","city":"亀岡市","town":"西別院町大槻並"}],"0127":[{"pref":"京都府","city":"亀岡市","town":"西別院町神地"}],"0123":[{"pref":"京都府","city":"亀岡市","town":"西別院町寺田"}],"0122":[{"pref":"京都府","city":"亀岡市","town":"西別院町万願寺"}],"0124":[{"pref":"京都府","city":"亀岡市","town":"西別院町柚原"}],"0125":[{"pref":"京都府","city":"亀岡市","town":"西別院町笑路"}],"0862":[{"pref":"京都府","city":"亀岡市","town":"西町"}],"0866":[{"pref":"京都府","city":"亀岡市","town":"旅籠町"}],"0261":[{"pref":"京都府","city":"亀岡市","town":"畑野町千ケ畑"}],"0263":[{"pref":"京都府","city":"亀岡市","town":"畑野町土ケ畑"}],"0262":[{"pref":"京都府","city":"亀岡市","town":"畑野町広野"}],"0034":[{"pref":"京都府","city":"亀岡市","town":"ひえ田野町芦ノ山"}],"0031":[{"pref":"京都府","city":"亀岡市","town":"ひえ田野町太田"}],"0035":[{"pref":"京都府","city":"亀岡市","town":"ひえ田野町奥条"}],"0036":[{"pref":"京都府","city":"亀岡市","town":"ひえ田野町柿花"}],"0033":[{"pref":"京都府","city":"亀岡市","town":"ひえ田野町佐伯"}],"0032":[{"pref":"京都府","city":"亀岡市","town":"ひえ田野町天川"}],"0037":[{"pref":"京都府","city":"亀岡市","town":"ひえ田野町鹿谷"}],"0816":[{"pref":"京都府","city":"亀岡市","town":"東竪町"}],"0833":[{"pref":"京都府","city":"亀岡市","town":"東つつじケ丘曙台"}],"0832":[{"pref":"京都府","city":"亀岡市","town":"東つつじケ丘都台"}],"0104":[{"pref":"京都府","city":"亀岡市","town":"東別院町大野"}],"0115":[{"pref":"京都府","city":"亀岡市","town":"東別院町栢原"}],"0114":[{"pref":"京都府","city":"亀岡市","town":"東別院町鎌倉"}],"0102":[{"pref":"京都府","city":"亀岡市","town":"東別院町神原"}],"0113":[{"pref":"京都府","city":"亀岡市","town":"東別院町倉谷"}],"0101":[{"pref":"京都府","city":"亀岡市","town":"東別院町小泉"}],"0103":[{"pref":"京都府","city":"亀岡市","town":"東別院町東掛"}],"0111":[{"pref":"京都府","city":"亀岡市","town":"東別院町南掛"}],"0112":[{"pref":"京都府","city":"亀岡市","town":"東別院町湯谷"}],"0234":[{"pref":"京都府","city":"亀岡市","town":"東本梅町赤熊"}],"0231":[{"pref":"京都府","city":"亀岡市","town":"東本梅町大内"}],"0233":[{"pref":"京都府","city":"亀岡市","town":"東本梅町中野"}],"0235":[{"pref":"京都府","city":"亀岡市","town":"東本梅町東大谷"}],"0232":[{"pref":"京都府","city":"亀岡市","town":"東本梅町松熊"}],"0005":[{"pref":"京都府","city":"亀岡市","town":"保津町"}],"0869":[{"pref":"京都府","city":"亀岡市","town":"本町"}],"0253":[{"pref":"京都府","city":"亀岡市","town":"本梅町井手"}],"0252":[{"pref":"京都府","city":"亀岡市","town":"本梅町中野"}],"0254":[{"pref":"京都府","city":"亀岡市","town":"本梅町東加舎"}],"0255":[{"pref":"京都府","city":"亀岡市","town":"本梅町西加舎"}],"0251":[{"pref":"京都府","city":"亀岡市","town":"本梅町平松"}],"0846":[{"pref":"京都府","city":"亀岡市","town":"南つつじケ丘大葉台"}],"0847":[{"pref":"京都府","city":"亀岡市","town":"南つつじケ丘桜台"}],"0814":[{"pref":"京都府","city":"亀岡市","town":"三宅町"}],"0241":[{"pref":"京都府","city":"亀岡市","town":"宮前町猪倉"}],"0242":[{"pref":"京都府","city":"亀岡市","town":"宮前町神前"}],"0243":[{"pref":"京都府","city":"亀岡市","town":"宮前町宮川"}],"0805":[{"pref":"京都府","city":"亀岡市","town":"安町"}],"0853":[{"pref":"京都府","city":"亀岡市","town":"矢田町"}],"0868":[{"pref":"京都府","city":"亀岡市","town":"柳町"}],"0812":[{"pref":"京都府","city":"亀岡市","town":"横町"}],"0014":[{"pref":"京都府","city":"亀岡市","town":"吉川町穴川"}],"0015":[{"pref":"京都府","city":"亀岡市","town":"吉川町吉田"}]}