{"0000":[{"pref":"広島県","city":"三次市","town":"以下に掲載がない場合"}],"0024":[{"pref":"広島県","city":"三次市","town":"青河町"}],"0004":[{"pref":"広島県","city":"三次市","town":"穴笠町"}],"0625":[{"pref":"広島県","city":"三次市","town":"有原町"}],"0025":[{"pref":"広島県","city":"三次市","town":"粟屋町"}],"0623":[{"pref":"広島県","city":"三次市","town":"石原町"}],"0624":[{"pref":"広島県","city":"三次市","town":"上田町"}],"0005":[{"pref":"広島県","city":"三次市","town":"後山町"}],"0622":[{"pref":"広島県","city":"三次市","town":"海渡町"}],"0007":[{"pref":"広島県","city":"三次市","town":"小文町"}],"0404":[{"pref":"広島県","city":"三次市","town":"君田町石原"}],"0405":[{"pref":"広島県","city":"三次市","town":"君田町泉吉田"}],"0402":[{"pref":"広島県","city":"三次市","town":"君田町西入君"}],"0401":[{"pref":"広島県","city":"三次市","town":"君田町東入君"}],"0406":[{"pref":"広島県","city":"三次市","town":"君田町櫃田"}],"0403":[{"pref":"広島県","city":"三次市","town":"君田町藤兼"}],"0407":[{"pref":"広島県","city":"三次市","town":"君田町茂田"}],"0111":[{"pref":"広島県","city":"三次市","town":"作木町伊賀和志"}],"0115":[{"pref":"広島県","city":"三次市","town":"作木町大津"}],"0121":[{"pref":"広島県","city":"三次市","town":"作木町大畠"}],"0132":[{"pref":"広島県","city":"三次市","town":"作木町大山"}],"0101":[{"pref":"広島県","city":"三次市","town":"作木町岡三渕"}],"0123":[{"pref":"広島県","city":"三次市","town":"作木町上作木"}],"0131":[{"pref":"広島県","city":"三次市","town":"作木町香淀"}],"0124":[{"pref":"広島県","city":"三次市","town":"作木町下作木"}],"0122":[{"pref":"広島県","city":"三次市","town":"作木町西野"}],"0125":[{"pref":"広島県","city":"三次市","town":"作木町光守"}],"0114":[{"pref":"広島県","city":"三次市","town":"作木町森山中"}],"0112":[{"pref":"広島県","city":"三次市","town":"作木町森山西"}],"0113":[{"pref":"広島県","city":"三次市","town":"作木町森山東"}],"0133":[{"pref":"広島県","city":"三次市","town":"作木町門田"}],"0016":[{"pref":"広島県","city":"三次市","town":"四拾貫町"}],"0012":[{"pref":"広島県","city":"三次市","town":"十日市中"}],"0013":[{"pref":"広島県","city":"三次市","town":"十日市東"}],"0011":[{"pref":"広島県","city":"三次市","town":"十日市西"}],"0014":[{"pref":"広島県","city":"三次市","town":"十日市南"}],"0015":[{"pref":"広島県","city":"三次市","town":"十日市町"}],"0002":[{"pref":"広島県","city":"三次市","town":"西河内町"}],"0022":[{"pref":"広島県","city":"三次市","town":"西酒屋町"}],"0006":[{"pref":"広島県","city":"三次市","town":"畠敷町"}],"0003":[{"pref":"広島県","city":"三次市","town":"東河内町"}],"0023":[{"pref":"広島県","city":"三次市","town":"東酒屋町"}],"0026":[{"pref":"広島県","city":"三次市","town":"日下町"}],"0201":[{"pref":"広島県","city":"三次市","town":"布野町上布野"}],"0202":[{"pref":"広島県","city":"三次市","town":"布野町下布野"}],"0203":[{"pref":"広島県","city":"三次市","town":"布野町戸河内"}],"0211":[{"pref":"広島県","city":"三次市","town":"布野町横谷"}],"0017":[{"pref":"広島県","city":"三次市","town":"南畑敷町"}],"0027":[{"pref":"広島県","city":"三次市","town":"三原町"}],"0021":[{"pref":"広島県","city":"三次市","town":"三次町"}],"0621":[{"pref":"広島県","city":"三次市","town":"三若町"}],"0001":[{"pref":"広島県","city":"三次市","town":"山家町"}],"0503":[{"pref":"広島県","city":"庄原市","town":"口和町大月"}],"0504":[{"pref":"広島県","city":"庄原市","town":"口和町竹地谷"}],"0501":[{"pref":"広島県","city":"庄原市","town":"口和町宮内"}],"0502":[{"pref":"広島県","city":"庄原市","town":"口和町向泉"}]}