{"1200":[{"pref":"長野県","city":"下伊那郡天龍村","town":"以下に掲載がない場合"}],"1201":[{"pref":"長野県","city":"下伊那郡天龍村","town":"平岡"}],"1202":[{"pref":"長野県","city":"下伊那郡天龍村","town":"神原"}],"1203":[{"pref":"長野県","city":"下伊那郡天龍村","town":"長島"}],"1221":[{"pref":"長野県","city":"飯田市","town":"南信濃南和田（万古）"}],"1311":[{"pref":"長野県","city":"飯田市","town":"南信濃和田"}],"1312":[{"pref":"長野県","city":"飯田市","town":"南信濃八重河内"}],"1313":[{"pref":"長野県","city":"飯田市","town":"南信濃南和田（その他）"}],"1401":[{"pref":"長野県","city":"飯田市","town":"南信濃木沢"}],"1403":[{"pref":"長野県","city":"飯田市","town":"上村"}],"1500":[{"pref":"長野県","city":"下伊那郡阿南町","town":"以下に掲載がない場合"}],"1501":[{"pref":"長野県","city":"下伊那郡阿南町","town":"北條"}],"1502":[{"pref":"長野県","city":"下伊那郡阿南町","town":"東條"}],"1503":[{"pref":"長野県","city":"下伊那郡阿南町","town":"南條"}],"1504":[{"pref":"長野県","city":"下伊那郡阿南町","town":"西條"}],"1505":[{"pref":"長野県","city":"下伊那郡阿南町","town":"富草"}],"1601":[{"pref":"長野県","city":"下伊那郡売木村","town":"売木村一円"}],"1611":[{"pref":"長野県","city":"下伊那郡阿南町","town":"和合"}],"1612":[{"pref":"長野県","city":"下伊那郡阿南町","town":"新野"}],"1801":[{"pref":"長野県","city":"下伊那郡泰阜村","town":"泰阜村一円"}],"2100":[{"pref":"長野県","city":"下伊那郡下條村","town":"以下に掲載がない場合"}],"2101":[{"pref":"長野県","city":"下伊那郡下條村","town":"睦沢"}],"2102":[{"pref":"長野県","city":"下伊那郡下條村","town":"陽皐"}],"2221":[{"pref":"長野県","city":"飯田市","town":"龍江"}],"2222":[{"pref":"長野県","city":"飯田市","town":"千代"}],"2223":[{"pref":"長野県","city":"飯田市","town":"千栄"}],"2431":[{"pref":"長野県","city":"飯田市","town":"川路"}],"2432":[{"pref":"長野県","city":"飯田市","town":"下瀬"}],"2433":[{"pref":"長野県","city":"飯田市","town":"立石"}],"2434":[{"pref":"長野県","city":"飯田市","town":"伊豆木"}],"2561":[{"pref":"長野県","city":"飯田市","town":"駄科"}],"2562":[{"pref":"長野県","city":"飯田市","town":"長野原"}],"2563":[{"pref":"長野県","city":"飯田市","town":"時又"}],"2564":[{"pref":"長野県","city":"飯田市","town":"上川路"}],"2565":[{"pref":"長野県","city":"飯田市","town":"桐林"}],"2566":[{"pref":"長野県","city":"飯田市","town":"嶋"}],"2601":[{"pref":"長野県","city":"飯田市","town":"虎岩"}],"2602":[{"pref":"長野県","city":"飯田市","town":"下久堅下虎岩"}],"2603":[{"pref":"長野県","city":"飯田市","town":"下久堅知久平"}],"2604":[{"pref":"長野県","city":"飯田市","town":"下久堅柿野沢"}],"2605":[{"pref":"長野県","city":"飯田市","town":"下久堅小林"}],"2606":[{"pref":"長野県","city":"飯田市","town":"下久堅稲葉"}],"2607":[{"pref":"長野県","city":"飯田市","town":"下久堅南原"}],"2611":[{"pref":"長野県","city":"飯田市","town":"上久堅"}],"2612":[{"pref":"長野県","city":"飯田市","town":"上久堅戊"}],"3100":[{"pref":"長野県","city":"下伊那郡高森町","town":"以下に掲載がない場合"}],"3101":[{"pref":"長野県","city":"下伊那郡高森町","town":"山吹"}],"3102":[{"pref":"長野県","city":"下伊那郡高森町","town":"吉田"}],"3103":[{"pref":"長野県","city":"下伊那郡高森町","town":"下市田"}],"3104":[{"pref":"長野県","city":"下伊那郡高森町","town":"上市田"}],"3105":[{"pref":"長野県","city":"下伊那郡高森町","town":"牛牧"}],"3106":[{"pref":"長野県","city":"下伊那郡高森町","town":"大島山"}],"3107":[{"pref":"長野県","city":"下伊那郡高森町","town":"出原"}],"3200":[{"pref":"長野県","city":"下伊那郡豊丘村","town":"以下に掲載がない場合"}],"3201":[{"pref":"長野県","city":"下伊那郡豊丘村","town":"河野（その他）"}],"3202":[{"pref":"長野県","city":"下伊那郡豊丘村","town":"神稲"}],"3300":[{"pref":"長野県","city":"下伊那郡松川町","town":"以下に掲載がない場合"}],"3301":[{"pref":"長野県","city":"下伊那郡松川町","town":"上片桐"}],"3302":[{"pref":"長野県","city":"下伊那郡松川町","town":"生田"}],"3303":[{"pref":"長野県","city":"下伊那郡松川町","town":"元大島"}],"3304":[{"pref":"長野県","city":"下伊那郡松川町","town":"大島"}],"3311":[{"pref":"長野県","city":"下伊那郡豊丘村","town":"河野（７５３０～７５９０番地）"}],"3500":[{"pref":"長野県","city":"下伊那郡大鹿村","town":"以下に掲載がない場合"}],"3501":[{"pref":"長野県","city":"下伊那郡大鹿村","town":"鹿塩"}],"3502":[{"pref":"長野県","city":"下伊那郡大鹿村","town":"大河原"}],"3700":[{"pref":"長野県","city":"上伊那郡飯島町","town":"以下に掲載がない場合"}],"3701":[{"pref":"長野県","city":"上伊那郡飯島町","town":"田切"}],"3702":[{"pref":"長野県","city":"上伊那郡飯島町","town":"飯島"}],"3703":[{"pref":"長野県","city":"上伊那郡飯島町","town":"日曽利"}],"3704":[{"pref":"長野県","city":"上伊那郡飯島町","town":"本郷"}],"3705":[{"pref":"長野県","city":"上伊那郡飯島町","town":"七久保"}],"3800":[{"pref":"長野県","city":"上伊那郡中川村","town":"以下に掲載がない場合"}],"3801":[{"pref":"長野県","city":"上伊那郡中川村","town":"大草"}],"3802":[{"pref":"長野県","city":"上伊那郡中川村","town":"片桐"}],"3803":[{"pref":"長野県","city":"上伊那郡中川村","town":"葛島"}],"3804":[{"pref":"長野県","city":"上伊那郡中川村","town":"四徳"}],"4100":[{"pref":"長野県","city":"駒ヶ根市","town":"以下に掲載がない場合"}],"4101":[{"pref":"長野県","city":"駒ヶ根市","town":"下平（その他）"}],"4102":[{"pref":"長野県","city":"駒ヶ根市","town":"飯坂"}],"4103":[{"pref":"長野県","city":"駒ヶ根市","town":"梨の木"}],"4104":[{"pref":"長野県","city":"駒ヶ根市","town":"経塚"}],"4105":[{"pref":"長野県","city":"駒ヶ根市","town":"赤須東"}],"4106":[{"pref":"長野県","city":"駒ヶ根市","town":"東町"}],"4107":[{"pref":"長野県","city":"駒ヶ根市","town":"南田"}],"4108":[{"pref":"長野県","city":"駒ヶ根市","town":"下市場"}],"4111":[{"pref":"長野県","city":"駒ヶ根市","town":"北町"}],"4112":[{"pref":"長野県","city":"駒ヶ根市","town":"中央"}],"4113":[{"pref":"長野県","city":"駒ヶ根市","town":"赤須町"}],"4114":[{"pref":"長野県","city":"駒ヶ根市","town":"上穂南"}],"4115":[{"pref":"長野県","city":"駒ヶ根市","town":"上穂栄町"}],"4116":[{"pref":"長野県","city":"駒ヶ根市","town":"上穂北"}],"4117":[{"pref":"長野県","city":"駒ヶ根市","town":"赤穂"}],"4231":[{"pref":"長野県","city":"駒ヶ根市","town":"中沢"}],"4232":[{"pref":"長野県","city":"駒ヶ根市","town":"下平（２０７０～２１１９、２３０９～２３１１、２４１９、２４２１～２４２６"},{"pref":"長野県","city":"駒ヶ根市","town":"、２４３３～２４５０）"}],"4301":[{"pref":"長野県","city":"上伊那郡宮田村","town":"宮田村一円"}],"4321":[{"pref":"長野県","city":"駒ヶ根市","town":"東伊那"}],"4431":[{"pref":"長野県","city":"伊那市","town":"西春近"}],"4432":[{"pref":"長野県","city":"伊那市","town":"東春近"}],"4501":[{"pref":"長野県","city":"伊那市","town":"西箕輪"}],"4511":[{"pref":"長野県","city":"上伊那郡南箕輪村","town":"南箕輪村一円"}],"4600":[{"pref":"長野県","city":"上伊那郡箕輪町","town":"以下に掲載がない場合"}],"4601":[{"pref":"長野県","city":"上伊那郡箕輪町","town":"中箕輪"}],"4602":[{"pref":"長野県","city":"上伊那郡箕輪町","town":"東箕輪"}],"4603":[{"pref":"長野県","city":"上伊那郡箕輪町","town":"三日町"}],"4604":[{"pref":"長野県","city":"上伊那郡箕輪町","town":"福与"}],"4605":[{"pref":"長野県","city":"上伊那郡箕輪町","town":"中曽根"}],"5300":[{"pref":"長野県","city":"木曽郡南木曽町","town":"以下に掲載がない場合"}],"5301":[{"pref":"長野県","city":"木曽郡南木曽町","town":"読書"}],"5302":[{"pref":"長野県","city":"木曽郡南木曽町","town":"吾妻"}],"5303":[{"pref":"長野県","city":"木曽郡南木曽町","town":"田立"}],"5500":[{"pref":"長野県","city":"木曽郡大桑村","town":"以下に掲載がない場合"}],"5501":[{"pref":"長野県","city":"木曽郡大桑村","town":"殿"}],"5502":[{"pref":"長野県","city":"木曽郡大桑村","town":"須原"}],"5503":[{"pref":"長野県","city":"木曽郡大桑村","town":"長野"}],"5504":[{"pref":"長野県","city":"木曽郡大桑村","town":"野尻"}],"5600":[{"pref":"長野県","city":"木曽郡上松町","town":"以下に掲載がない場合"}],"5601":[{"pref":"長野県","city":"木曽郡上松町","town":"上松"}],"5602":[{"pref":"長野県","city":"木曽郡上松町","town":"本町通り"}],"5603":[{"pref":"長野県","city":"木曽郡上松町","town":"駅前通り"}],"5604":[{"pref":"長野県","city":"木曽郡上松町","town":"正島町"}],"5605":[{"pref":"長野県","city":"木曽郡上松町","town":"栄町"}],"5606":[{"pref":"長野県","city":"木曽郡上松町","town":"緑町"}],"5607":[{"pref":"長野県","city":"木曽郡上松町","town":"小川"}],"5608":[{"pref":"長野県","city":"木曽郡上松町","town":"荻原"}],"5609":[{"pref":"長野県","city":"木曽郡上松町","town":"旭町"}],"6101":[{"pref":"長野県","city":"木曽郡木曽町","town":"日義"}],"6200":[{"pref":"長野県","city":"木曽郡木祖村","town":"以下に掲載がない場合"}],"6201":[{"pref":"長野県","city":"木曽郡木祖村","town":"薮原"}],"6202":[{"pref":"長野県","city":"木曽郡木祖村","town":"菅"}],"6203":[{"pref":"長野県","city":"木曽郡木祖村","town":"小木曽"}],"6301":[{"pref":"長野県","city":"塩尻市","town":"贄川"}],"6302":[{"pref":"長野県","city":"塩尻市","town":"木曽平沢"}],"6303":[{"pref":"長野県","city":"塩尻市","town":"奈良井"}],"6461":[{"pref":"長野県","city":"塩尻市","town":"宗賀"}],"6462":[{"pref":"長野県","city":"塩尻市","town":"洗馬"}],"7101":[{"pref":"長野県","city":"安曇野市","town":"明科東川手"}],"7102":[{"pref":"長野県","city":"安曇野市","town":"明科中川手"}],"7103":[{"pref":"長野県","city":"安曇野市","town":"明科光"}],"7104":[{"pref":"長野県","city":"安曇野市","town":"明科七貴"}],"7105":[{"pref":"長野県","city":"安曇野市","town":"明科南陸郷"}],"7200":[{"pref":"長野県","city":"東筑摩郡生坂村","town":"以下に掲載がない場合"}],"7201":[{"pref":"長野県","city":"東筑摩郡生坂村","town":"生坂村の次に番地がくる場合"}],"7202":[{"pref":"長野県","city":"東筑摩郡生坂村","town":"北陸郷"}],"7301":[{"pref":"長野県","city":"大町市","town":"八坂"}],"7302":[{"pref":"長野県","city":"大町市","town":"八坂菖蒲"}],"7311":[{"pref":"長野県","city":"東筑摩郡生坂村","town":"東広津"}],"7401":[{"pref":"長野県","city":"松本市","town":"五常"}],"7402":[{"pref":"長野県","city":"松本市","town":"会田"}],"7403":[{"pref":"長野県","city":"松本市","town":"穴沢"}],"7404":[{"pref":"長野県","city":"松本市","town":"取出"}],"7405":[{"pref":"長野県","city":"松本市","town":"板場"}],"7411":[{"pref":"長野県","city":"松本市","town":"中川"}],"7412":[{"pref":"長野県","city":"松本市","town":"保福寺町"}],"7413":[{"pref":"長野県","city":"松本市","town":"金山町"}],"7414":[{"pref":"長野県","city":"松本市","town":"殿野入"}],"7415":[{"pref":"長野県","city":"松本市","town":"赤怒田"}],"7416":[{"pref":"長野県","city":"松本市","town":"七嵐"}],"7417":[{"pref":"長野県","city":"松本市","town":"刈谷原町"}],"7418":[{"pref":"長野県","city":"松本市","town":"反町"}],"7500":[{"pref":"長野県","city":"東筑摩郡筑北村","town":"以下に掲載がない場合"}],"7501":[{"pref":"長野県","city":"東筑摩郡筑北村","town":"西条"}],"7502":[{"pref":"長野県","city":"東筑摩郡筑北村","town":"東条"}],"7503":[{"pref":"長野県","city":"東筑摩郡筑北村","town":"大沢新田"}],"7504":[{"pref":"長野県","city":"東筑摩郡筑北村","town":"乱橋"}],"7601":[{"pref":"長野県","city":"東筑摩郡筑北村","town":"坂北"}],"7700":[{"pref":"長野県","city":"東筑摩郡麻績村","town":"以下に掲載がない場合"}],"7701":[{"pref":"長野県","city":"東筑摩郡麻績村","town":"麻"}],"7702":[{"pref":"長野県","city":"東筑摩郡麻績村","town":"日"}],"7711":[{"pref":"長野県","city":"東筑摩郡筑北村","town":"坂井"}],"8101":[{"pref":"長野県","city":"安曇野市","town":"三郷明盛"}],"8102":[{"pref":"長野県","city":"安曇野市","town":"三郷温"}],"8103":[{"pref":"長野県","city":"安曇野市","town":"三郷小倉"}],"8200":[{"pref":"長野県","city":"安曇野市","town":"以下に掲載がない場合"}],"8201":[{"pref":"長野県","city":"安曇野市","town":"豊科南穂高"}],"8202":[{"pref":"長野県","city":"安曇野市","town":"豊科光"}],"8203":[{"pref":"長野県","city":"安曇野市","town":"豊科田沢"}],"8204":[{"pref":"長野県","city":"安曇野市","town":"豊科高家"}],"8205":[{"pref":"長野県","city":"安曇野市","town":"豊科"}],"8211":[{"pref":"長野県","city":"安曇野市","town":"堀金烏川"}],"8212":[{"pref":"長野県","city":"安曇野市","town":"堀金三田"}],"8251":[{"pref":"長野県","city":"松本市","town":"島内（９８２０、９８２１、９８２３～９８３０、９８６４番地以上）"}],"8301":[{"pref":"長野県","city":"安曇野市","town":"穂高有明"}],"8302":[{"pref":"長野県","city":"安曇野市","town":"穂高北穂高"}],"8303":[{"pref":"長野県","city":"安曇野市","town":"穂高"}],"8304":[{"pref":"長野県","city":"安曇野市","town":"穂高柏原"}],"8305":[{"pref":"長野県","city":"安曇野市","town":"穂高牧"}],"8501":[{"pref":"長野県","city":"北安曇郡松川村","town":"松川村一円"}],"8600":[{"pref":"長野県","city":"北安曇郡池田町","town":"以下に掲載がない場合"}],"8601":[{"pref":"長野県","city":"北安曇郡池田町","town":"池田"}],"8602":[{"pref":"長野県","city":"北安曇郡池田町","town":"会染"}],"8603":[{"pref":"長野県","city":"北安曇郡池田町","town":"中鵜"}],"8604":[{"pref":"長野県","city":"北安曇郡池田町","town":"広津"}],"8605":[{"pref":"長野県","city":"北安曇郡池田町","town":"陸郷"}],"9101":[{"pref":"長野県","city":"大町市","town":"美麻"}],"9211":[{"pref":"長野県","city":"北安曇郡白馬村","town":"神城"}],"9300":[{"pref":"長野県","city":"北安曇郡白馬村","town":"以下に掲載がない場合"}],"9301":[{"pref":"長野県","city":"北安曇郡白馬村","town":"北城"}],"9400":[{"pref":"長野県","city":"北安曇郡小谷村","town":"以下に掲載がない場合"}],"9421":[{"pref":"長野県","city":"北安曇郡小谷村","town":"中小谷"}],"9422":[{"pref":"長野県","city":"北安曇郡小谷村","town":"千国"}],"9511":[{"pref":"長野県","city":"北安曇郡小谷村","town":"中土"}],"9601":[{"pref":"長野県","city":"北安曇郡小谷村","town":"北小谷"}],"0000":[{"pref":"長野県","city":"松本市","town":"以下に掲載がない場合"}],"0007":[{"pref":"長野県","city":"松本市","town":"石芝（３、４丁目）"}],"0004":[{"pref":"長野県","city":"松本市","town":"市場"}],"0023":[{"pref":"長野県","city":"松本市","town":"内田"}],"0024":[{"pref":"長野県","city":"松本市","town":"寿小赤"}],"0012":[{"pref":"長野県","city":"松本市","town":"寿白瀬渕"}],"0025":[{"pref":"長野県","city":"松本市","town":"寿台"}],"0021":[{"pref":"長野県","city":"松本市","town":"寿豊丘"}],"0011":[{"pref":"長野県","city":"松本市","town":"寿北"}],"0026":[{"pref":"長野県","city":"松本市","town":"寿中"}],"0027":[{"pref":"長野県","city":"松本市","town":"寿南"}],"0039":[{"pref":"長野県","city":"松本市","town":"小屋北"}],"0038":[{"pref":"長野県","city":"松本市","town":"小屋南"}],"0033":[{"pref":"長野県","city":"松本市","town":"笹賀"}],"0006":[{"pref":"長野県","city":"松本市","town":"野溝西"}],"0034":[{"pref":"長野県","city":"松本市","town":"野溝東"}],"0005":[{"pref":"長野県","city":"松本市","town":"野溝木工"}],"0014":[{"pref":"長野県","city":"松本市","town":"平田東"}],"0015":[{"pref":"長野県","city":"松本市","town":"平田西"}],"0022":[{"pref":"長野県","city":"松本市","town":"松原"}],"0001":[{"pref":"長野県","city":"松本市","town":"宮田"}],"0035":[{"pref":"長野県","city":"松本市","town":"村井町北"}],"0037":[{"pref":"長野県","city":"松本市","town":"村井町西"}],"0036":[{"pref":"長野県","city":"松本市","town":"村井町南"}],"0002":[{"pref":"長野県","city":"松本市","town":"芳野"}],"0700":[{"pref":"長野県","city":"塩尻市","town":"以下に掲載がない場合"}],"0713":[{"pref":"長野県","city":"塩尻市","town":"大小屋"}],"0722":[{"pref":"長野県","city":"塩尻市","town":"柿沢"}],"0071":[{"pref":"長野県","city":"塩尻市","town":"片丘（３６３５、３６８０、５７９４、６１１４番地）"}],"0711":[{"pref":"長野県","city":"塩尻市","town":"片丘（その他）"}],"0721":[{"pref":"長野県","city":"塩尻市","town":"金井"}],"0724":[{"pref":"長野県","city":"塩尻市","town":"上西条"}],"0651":[{"pref":"長野県","city":"塩尻市","town":"北小野"}],"0723":[{"pref":"長野県","city":"塩尻市","town":"旧塩尻"}],"0716":[{"pref":"長野県","city":"塩尻市","town":"桟敷"}],"0712":[{"pref":"長野県","city":"塩尻市","town":"塩尻町"}],"0726":[{"pref":"長野県","city":"塩尻市","town":"下西条"}],"0744":[{"pref":"長野県","city":"塩尻市","town":"大門七区"},{"pref":"長野県","city":"塩尻市","town":"大門（番地）"}],"0742":[{"pref":"長野県","city":"塩尻市","town":"大門泉町"}],"0745":[{"pref":"長野県","city":"塩尻市","town":"大門桔梗町"}],"0741":[{"pref":"長野県","city":"塩尻市","town":"大門幸町"}],"0743":[{"pref":"長野県","city":"塩尻市","town":"大門田川町"}],"0746":[{"pref":"長野県","city":"塩尻市","town":"大門並木町"}],"0736":[{"pref":"長野県","city":"塩尻市","town":"大門一番町"}],"0735":[{"pref":"長野県","city":"塩尻市","town":"大門二番町"}],"0733":[{"pref":"長野県","city":"塩尻市","town":"大門三番町"}],"0734":[{"pref":"長野県","city":"塩尻市","town":"大門四番町"}],"0732":[{"pref":"長野県","city":"塩尻市","town":"大門五番町"}],"0731":[{"pref":"長野県","city":"塩尻市","town":"大門六番町"}],"0738":[{"pref":"長野県","city":"塩尻市","town":"大門七番町"}],"0737":[{"pref":"長野県","city":"塩尻市","town":"大門八番町"}],"0725":[{"pref":"長野県","city":"塩尻市","town":"中西条"}],"0715":[{"pref":"長野県","city":"塩尻市","town":"長畝"}],"0705":[{"pref":"長野県","city":"塩尻市","town":"広丘堅石"}],"0704":[{"pref":"長野県","city":"塩尻市","town":"広丘郷原"}],"0703":[{"pref":"長野県","city":"塩尻市","town":"広丘高出"}],"0702":[{"pref":"長野県","city":"塩尻市","town":"広丘野村"}],"0706":[{"pref":"長野県","city":"塩尻市","town":"広丘原新田"}],"0701":[{"pref":"長野県","city":"塩尻市","town":"広丘吉田"}],"0714":[{"pref":"長野県","city":"塩尻市","town":"堀ノ内"}],"0727":[{"pref":"長野県","city":"塩尻市","town":"みどり湖"}],"0728":[{"pref":"長野県","city":"塩尻市","town":"峰原"}],"0200":[{"pref":"長野県","city":"諏訪郡富士見町","town":"以下に掲載がない場合"}],"0102":[{"pref":"長野県","city":"諏訪郡富士見町","town":"落合（３０６０、３６００～４６００番地）"}],"0214":[{"pref":"長野県","city":"諏訪郡富士見町","town":"落合（その他）"}],"0213":[{"pref":"長野県","city":"諏訪郡富士見町","town":"乙事"}],"0101":[{"pref":"長野県","city":"諏訪郡富士見町","town":"境"}],"0212":[{"pref":"長野県","city":"諏訪郡富士見町","town":"立沢"}],"0211":[{"pref":"長野県","city":"諏訪郡富士見町","town":"富士見（その他）"}],"0400":[{"pref":"長野県","city":"上伊那郡辰野町","town":"以下に掲載がない場合"}],"0424":[{"pref":"長野県","city":"上伊那郡辰野町","town":"赤羽"}],"0428":[{"pref":"長野県","city":"上伊那郡辰野町","town":"伊那富"}],"0601":[{"pref":"長野県","city":"上伊那郡辰野町","town":"小野"}],"0512":[{"pref":"長野県","city":"上伊那郡辰野町","town":"上島"}],"0423":[{"pref":"長野県","city":"上伊那郡辰野町","town":"沢底"}],"0421":[{"pref":"長野県","city":"上伊那郡辰野町","town":"辰野"}],"0427":[{"pref":"長野県","city":"上伊那郡辰野町","town":"中央"}],"0425":[{"pref":"長野県","city":"上伊那郡辰野町","town":"樋口"}],"0422":[{"pref":"長野県","city":"上伊那郡辰野町","town":"平出"}],"0426":[{"pref":"長野県","city":"上伊那郡辰野町","town":"宮木"}],"0511":[{"pref":"長野県","city":"上伊那郡辰野町","town":"横川"}]}