{"0000":[{"pref":"愛知県","city":"名古屋市熱田区","town":"以下に掲載がない場合"}],"0075":[{"pref":"愛知県","city":"名古屋市熱田区","town":"青池町"}],"0071":[{"pref":"愛知県","city":"名古屋市熱田区","town":"明野町"}],"0037":[{"pref":"愛知県","city":"名古屋市熱田区","town":"熱田新田東組"}],"0036":[{"pref":"愛知県","city":"名古屋市熱田区","town":"熱田西町"}],"0005":[{"pref":"愛知県","city":"名古屋市熱田区","town":"池内町"}],"0053":[{"pref":"愛知県","city":"名古屋市熱田区","town":"一番"}],"0044":[{"pref":"愛知県","city":"名古屋市熱田区","town":"内田町"}],"0045":[{"pref":"愛知県","city":"名古屋市熱田区","town":"大瀬子町"}],"0017":[{"pref":"愛知県","city":"名古屋市熱田区","town":"尾頭町"}],"0001":[{"pref":"愛知県","city":"名古屋市熱田区","town":"金山"}],"0002":[{"pref":"愛知県","city":"名古屋市熱田区","town":"金山町"}],"0065":[{"pref":"愛知県","city":"名古屋市熱田区","town":"河田町"}],"0072":[{"pref":"愛知県","city":"名古屋市熱田区","town":"川並町"}],"0046":[{"pref":"愛知県","city":"名古屋市熱田区","town":"木之免町"}],"0076":[{"pref":"愛知県","city":"名古屋市熱田区","town":"切戸町"}],"0043":[{"pref":"愛知県","city":"名古屋市熱田区","town":"神戸町"}],"0064":[{"pref":"愛知県","city":"名古屋市熱田区","town":"古新町"}],"0057":[{"pref":"愛知県","city":"名古屋市熱田区","town":"五番町"}],"0016":[{"pref":"愛知県","city":"名古屋市熱田区","town":"五本松町"}],"0061":[{"pref":"愛知県","city":"名古屋市熱田区","town":"西郊通"}],"0004":[{"pref":"愛知県","city":"名古屋市熱田区","town":"桜田町"}],"0012":[{"pref":"愛知県","city":"名古屋市熱田区","town":"沢上"}],"0006":[{"pref":"愛知県","city":"名古屋市熱田区","town":"沢下町"}],"0056":[{"pref":"愛知県","city":"名古屋市熱田区","town":"三番町"}],"0032":[{"pref":"愛知県","city":"名古屋市熱田区","town":"三本松町"}],"0035":[{"pref":"愛知県","city":"名古屋市熱田区","town":"白鳥"}],"0048":[{"pref":"愛知県","city":"名古屋市熱田区","town":"白鳥町"}],"0018":[{"pref":"愛知県","city":"名古屋市熱田区","town":"新尾頭"}],"0031":[{"pref":"愛知県","city":"名古屋市熱田区","town":"神宮"}],"0068":[{"pref":"愛知県","city":"名古屋市熱田区","town":"神野町"}],"0042":[{"pref":"愛知県","city":"名古屋市熱田区","town":"須賀町"}],"0013":[{"pref":"愛知県","city":"名古屋市熱田区","town":"外土居町"}],"0062":[{"pref":"愛知県","city":"名古屋市熱田区","town":"大宝"}],"0015":[{"pref":"愛知県","city":"名古屋市熱田区","town":"高蔵町"}],"0047":[{"pref":"愛知県","city":"名古屋市熱田区","town":"田中町"}],"0025":[{"pref":"愛知県","city":"名古屋市熱田区","town":"玉の井町"}],"0054":[{"pref":"愛知県","city":"名古屋市熱田区","town":"千年"}],"0073":[{"pref":"愛知県","city":"名古屋市熱田区","town":"千代田町"}],"0034":[{"pref":"愛知県","city":"名古屋市熱田区","town":"伝馬"}],"0041":[{"pref":"愛知県","city":"名古屋市熱田区","town":"中瀬町"}],"0014":[{"pref":"愛知県","city":"名古屋市熱田区","town":"中田町"}],"0067":[{"pref":"愛知県","city":"名古屋市熱田区","town":"中出町"}],"0069":[{"pref":"愛知県","city":"名古屋市熱田区","town":"中野新町"}],"0003":[{"pref":"愛知県","city":"名古屋市熱田区","town":"波寄町"}],"0063":[{"pref":"愛知県","city":"名古屋市熱田区","town":"西野町"}],"0052":[{"pref":"愛知県","city":"名古屋市熱田区","town":"二番"}],"0066":[{"pref":"愛知県","city":"名古屋市熱田区","town":"野立町"}],"0077":[{"pref":"愛知県","city":"名古屋市熱田区","town":"幡野町"}],"0027":[{"pref":"愛知県","city":"名古屋市熱田区","town":"旗屋"}],"0026":[{"pref":"愛知県","city":"名古屋市熱田区","town":"旗屋町"}],"0059":[{"pref":"愛知県","city":"名古屋市熱田区","town":"八番"}],"0033":[{"pref":"愛知県","city":"名古屋市熱田区","town":"花表町"}],"0011":[{"pref":"愛知県","city":"名古屋市熱田区","town":"花町"}],"0074":[{"pref":"愛知県","city":"名古屋市熱田区","town":"比々野町"}],"0055":[{"pref":"愛知県","city":"名古屋市熱田区","town":"南一番町"}],"0078":[{"pref":"愛知県","city":"名古屋市熱田区","town":"南八熊町"}],"0023":[{"pref":"愛知県","city":"名古屋市熱田区","town":"六野"}],"0024":[{"pref":"愛知県","city":"名古屋市熱田区","town":"森後町"}],"0022":[{"pref":"愛知県","city":"名古屋市熱田区","town":"横田"}],"0021":[{"pref":"愛知県","city":"名古屋市熱田区","town":"夜寒町"}],"0051":[{"pref":"愛知県","city":"名古屋市熱田区","town":"四番"}],"0058":[{"pref":"愛知県","city":"名古屋市熱田区","town":"六番"}]}