{"1100":[{"pref":"滋賀県","city":"犬上郡豊郷町","town":"以下に掲載がない場合"}],"1151":[{"pref":"滋賀県","city":"彦根市","town":"楡町"}],"1152":[{"pref":"滋賀県","city":"彦根市","town":"安食中町"}],"1153":[{"pref":"滋賀県","city":"彦根市","town":"太堂町"}],"1154":[{"pref":"滋賀県","city":"彦根市","town":"千尋町"}],"1155":[{"pref":"滋賀県","city":"彦根市","town":"賀田山町"}],"1156":[{"pref":"滋賀県","city":"彦根市","town":"清崎町"}],"1161":[{"pref":"滋賀県","city":"犬上郡豊郷町","town":"四十九院"}],"1162":[{"pref":"滋賀県","city":"犬上郡豊郷町","town":"八町"}],"1163":[{"pref":"滋賀県","city":"犬上郡豊郷町","town":"雨降野"}],"1164":[{"pref":"滋賀県","city":"犬上郡豊郷町","town":"日栄"}],"1165":[{"pref":"滋賀県","city":"犬上郡豊郷町","town":"吉田"}],"1166":[{"pref":"滋賀県","city":"犬上郡豊郷町","town":"上枝"}],"1167":[{"pref":"滋賀県","city":"犬上郡豊郷町","town":"杉"}],"1168":[{"pref":"滋賀県","city":"犬上郡豊郷町","town":"八目"}],"1169":[{"pref":"滋賀県","city":"犬上郡豊郷町","town":"石畑"}],"1171":[{"pref":"滋賀県","city":"犬上郡豊郷町","town":"安食西"}],"1172":[{"pref":"滋賀県","city":"犬上郡豊郷町","town":"安食南"}],"1173":[{"pref":"滋賀県","city":"犬上郡豊郷町","town":"高野瀬"}],"1174":[{"pref":"滋賀県","city":"犬上郡豊郷町","town":"下枝"}],"1175":[{"pref":"滋賀県","city":"犬上郡豊郷町","town":"沢"}],"1176":[{"pref":"滋賀県","city":"犬上郡豊郷町","town":"大町"}],"1177":[{"pref":"滋賀県","city":"犬上郡豊郷町","town":"三ツ池"}],"1201":[{"pref":"滋賀県","city":"愛知郡愛荘町","town":"斧磨"}],"1202":[{"pref":"滋賀県","city":"愛知郡愛荘町","town":"松尾寺"}],"1203":[{"pref":"滋賀県","city":"愛知郡愛荘町","town":"上蚊野"}],"1204":[{"pref":"滋賀県","city":"愛知郡愛荘町","town":"蚊野外"}],"1205":[{"pref":"滋賀県","city":"愛知郡愛荘町","town":"軽野"}],"1206":[{"pref":"滋賀県","city":"愛知郡愛荘町","town":"蚊野"}],"1207":[{"pref":"滋賀県","city":"愛知郡愛荘町","town":"岩倉"}],"1208":[{"pref":"滋賀県","city":"愛知郡愛荘町","town":"竹原"}],"1211":[{"pref":"滋賀県","city":"愛知郡愛荘町","town":"香之庄"}],"1212":[{"pref":"滋賀県","city":"愛知郡愛荘町","town":"元持"}],"1213":[{"pref":"滋賀県","city":"愛知郡愛荘町","town":"沖"}],"1214":[{"pref":"滋賀県","city":"愛知郡愛荘町","town":"宮後"}],"1221":[{"pref":"滋賀県","city":"愛知郡愛荘町","town":"下八木"}],"1222":[{"pref":"滋賀県","city":"愛知郡愛荘町","town":"北八木"}],"1223":[{"pref":"滋賀県","city":"愛知郡愛荘町","town":"島川"}],"1224":[{"pref":"滋賀県","city":"愛知郡愛荘町","town":"長塚"}],"1225":[{"pref":"滋賀県","city":"愛知郡愛荘町","town":"栗田"}],"1226":[{"pref":"滋賀県","city":"愛知郡愛荘町","town":"南野々目"}],"1227":[{"pref":"滋賀県","city":"愛知郡愛荘町","town":"野々目"}],"1228":[{"pref":"滋賀県","city":"愛知郡愛荘町","town":"矢守"}],"1231":[{"pref":"滋賀県","city":"愛知郡愛荘町","town":"円城寺"}],"1232":[{"pref":"滋賀県","city":"愛知郡愛荘町","town":"常安寺"}],"1233":[{"pref":"滋賀県","city":"愛知郡愛荘町","town":"東出"}],"1234":[{"pref":"滋賀県","city":"愛知郡愛荘町","town":"安孫子"}],"1235":[{"pref":"滋賀県","city":"愛知郡愛荘町","town":"目加田"}],"1236":[{"pref":"滋賀県","city":"愛知郡愛荘町","town":"深草"}],"1237":[{"pref":"滋賀県","city":"愛知郡愛荘町","town":"西出"}],"1300":[{"pref":"滋賀県","city":"愛知郡愛荘町","town":"以下に掲載がない場合"}],"1301":[{"pref":"滋賀県","city":"愛知郡愛荘町","town":"山川原"}],"1302":[{"pref":"滋賀県","city":"愛知郡愛荘町","town":"川原"}],"1303":[{"pref":"滋賀県","city":"愛知郡愛荘町","town":"長野"}],"1311":[{"pref":"滋賀県","city":"愛知郡愛荘町","town":"石橋"}],"1312":[{"pref":"滋賀県","city":"愛知郡愛荘町","town":"川久保"}],"1313":[{"pref":"滋賀県","city":"愛知郡愛荘町","town":"市"}],"1314":[{"pref":"滋賀県","city":"愛知郡愛荘町","town":"中宿"}],"1315":[{"pref":"滋賀県","city":"愛知郡愛荘町","town":"沓掛"}],"1321":[{"pref":"滋賀県","city":"愛知郡愛荘町","town":"豊満"}],"1322":[{"pref":"滋賀県","city":"愛知郡愛荘町","town":"平居"}],"1323":[{"pref":"滋賀県","city":"愛知郡愛荘町","town":"畑田"}],"1324":[{"pref":"滋賀県","city":"愛知郡愛荘町","town":"苅間"}],"1325":[{"pref":"滋賀県","city":"愛知郡愛荘町","town":"東円堂"}],"1331":[{"pref":"滋賀県","city":"愛知郡愛荘町","town":"愛知川"}],"1401":[{"pref":"滋賀県","city":"東近江市","town":"五個荘石馬寺町"}],"1402":[{"pref":"滋賀県","city":"東近江市","town":"五個荘七里町"}],"1403":[{"pref":"滋賀県","city":"東近江市","town":"五個荘日吉町"}],"1404":[{"pref":"滋賀県","city":"東近江市","town":"宮荘町"}],"1405":[{"pref":"滋賀県","city":"東近江市","town":"五個荘金堂町"}],"1411":[{"pref":"滋賀県","city":"東近江市","town":"五個荘河曲町"}],"1412":[{"pref":"滋賀県","city":"東近江市","town":"五個荘和田町"}],"1413":[{"pref":"滋賀県","city":"東近江市","town":"五個荘簗瀬町"}],"1414":[{"pref":"滋賀県","city":"東近江市","town":"五個荘中町"}],"1415":[{"pref":"滋賀県","city":"東近江市","town":"五個荘五位田町"}],"1421":[{"pref":"滋賀県","city":"東近江市","town":"五個荘竜田町"}],"1422":[{"pref":"滋賀県","city":"東近江市","town":"五個荘小幡町"}],"1423":[{"pref":"滋賀県","city":"東近江市","town":"五個荘奥町"}],"1424":[{"pref":"滋賀県","city":"東近江市","town":"五個荘三俣町"}],"1425":[{"pref":"滋賀県","city":"東近江市","town":"五個荘石川町"}],"1431":[{"pref":"滋賀県","city":"東近江市","town":"五個荘山本町"}],"1432":[{"pref":"滋賀県","city":"東近江市","town":"五個荘新堂町"}],"1433":[{"pref":"滋賀県","city":"東近江市","town":"五個荘木流町"}],"1434":[{"pref":"滋賀県","city":"東近江市","town":"五個荘平阪町"}],"1435":[{"pref":"滋賀県","city":"東近江市","town":"五個荘伊野部町"}],"1441":[{"pref":"滋賀県","city":"東近江市","town":"五個荘川並町"}],"1442":[{"pref":"滋賀県","city":"東近江市","town":"五個荘塚本町"}],"1443":[{"pref":"滋賀県","city":"東近江市","town":"五個荘北町屋町"}],"1444":[{"pref":"滋賀県","city":"東近江市","town":"五個荘石塚町"}],"1445":[{"pref":"滋賀県","city":"東近江市","town":"五個荘清水鼻町"}],"1501":[{"pref":"滋賀県","city":"東近江市","town":"石塔町"}],"1502":[{"pref":"滋賀県","city":"東近江市","town":"平林町"}],"1503":[{"pref":"滋賀県","city":"東近江市","town":"綺田町"}],"1504":[{"pref":"滋賀県","city":"東近江市","town":"蒲生寺町"}],"1511":[{"pref":"滋賀県","city":"東近江市","town":"桜川東町"}],"1512":[{"pref":"滋賀県","city":"東近江市","town":"大塚町"}],"1513":[{"pref":"滋賀県","city":"東近江市","town":"田井町"}],"1514":[{"pref":"滋賀県","city":"東近江市","town":"蒲生大森町"}],"1521":[{"pref":"滋賀県","city":"東近江市","town":"蒲生岡本町"}],"1522":[{"pref":"滋賀県","city":"東近江市","town":"鋳物師町"}],"1523":[{"pref":"滋賀県","city":"東近江市","town":"上麻生町"}],"1524":[{"pref":"滋賀県","city":"東近江市","town":"下麻生町"}],"1531":[{"pref":"滋賀県","city":"東近江市","town":"市子川原町"}],"1532":[{"pref":"滋賀県","city":"東近江市","town":"市子松井町"}],"1533":[{"pref":"滋賀県","city":"東近江市","town":"市子沖町"}],"1534":[{"pref":"滋賀県","city":"東近江市","town":"鈴町"}],"1535":[{"pref":"滋賀県","city":"東近江市","town":"上南町"}],"1536":[{"pref":"滋賀県","city":"東近江市","town":"合戸町"}],"1537":[{"pref":"滋賀県","city":"東近江市","town":"市子殿町"}],"1541":[{"pref":"滋賀県","city":"東近江市","town":"蒲生堂町"}],"1551":[{"pref":"滋賀県","city":"東近江市","town":"宮川町"}],"1561":[{"pref":"滋賀県","city":"東近江市","town":"稲垂町"}],"1562":[{"pref":"滋賀県","city":"東近江市","town":"木村町"}],"1563":[{"pref":"滋賀県","city":"東近江市","town":"横山町"}],"1564":[{"pref":"滋賀県","city":"東近江市","town":"宮井町"}],"1565":[{"pref":"滋賀県","city":"東近江市","town":"外原町"}],"1566":[{"pref":"滋賀県","city":"東近江市","town":"葛巻町"}],"1571":[{"pref":"滋賀県","city":"東近江市","town":"川合町"}],"1572":[{"pref":"滋賀県","city":"東近江市","town":"桜川西町"}],"1600":[{"pref":"滋賀県","city":"蒲生郡日野町","town":"以下に掲載がない場合"}],"1601":[{"pref":"滋賀県","city":"蒲生郡日野町","town":"松尾"}],"1602":[{"pref":"滋賀県","city":"蒲生郡日野町","town":"河原"}],"1603":[{"pref":"滋賀県","city":"蒲生郡日野町","town":"大窪"}],"1604":[{"pref":"滋賀県","city":"蒲生郡日野町","town":"村井"}],"1605":[{"pref":"滋賀県","city":"蒲生郡日野町","town":"小井口"}],"1606":[{"pref":"滋賀県","city":"蒲生郡日野町","town":"寺尻"}],"1607":[{"pref":"滋賀県","city":"蒲生郡日野町","town":"木津"}],"1608":[{"pref":"滋賀県","city":"蒲生郡日野町","town":"大谷"}],"1609":[{"pref":"滋賀県","city":"蒲生郡日野町","town":"中道"}],"1610":[{"pref":"滋賀県","city":"蒲生郡日野町","town":"奥之池"}],"1611":[{"pref":"滋賀県","city":"蒲生郡日野町","town":"杣"}],"1612":[{"pref":"滋賀県","city":"蒲生郡日野町","town":"杉"}],"1613":[{"pref":"滋賀県","city":"蒲生郡日野町","town":"川原"}],"1614":[{"pref":"滋賀県","city":"蒲生郡日野町","town":"原"}],"1615":[{"pref":"滋賀県","city":"蒲生郡日野町","town":"小野"}],"1616":[{"pref":"滋賀県","city":"蒲生郡日野町","town":"奥師"}],"1617":[{"pref":"滋賀県","city":"蒲生郡日野町","town":"中之郷"}],"1618":[{"pref":"滋賀県","city":"蒲生郡日野町","town":"鳥居平"}],"1619":[{"pref":"滋賀県","city":"蒲生郡日野町","town":"佐久良"}],"1621":[{"pref":"滋賀県","city":"蒲生郡日野町","town":"西明寺"}],"1622":[{"pref":"滋賀県","city":"蒲生郡日野町","town":"北畑"}],"1623":[{"pref":"滋賀県","city":"蒲生郡日野町","town":"熊野"}],"1624":[{"pref":"滋賀県","city":"蒲生郡日野町","town":"平子"}],"1625":[{"pref":"滋賀県","city":"蒲生郡日野町","town":"蔵王"}],"1626":[{"pref":"滋賀県","city":"蒲生郡日野町","town":"音羽"}],"1627":[{"pref":"滋賀県","city":"蒲生郡日野町","town":"仁本木"}],"1628":[{"pref":"滋賀県","city":"蒲生郡日野町","town":"西大路"}],"1631":[{"pref":"滋賀県","city":"蒲生郡日野町","town":"鎌掛"}],"1632":[{"pref":"滋賀県","city":"蒲生郡日野町","town":"上駒月"}],"1633":[{"pref":"滋賀県","city":"蒲生郡日野町","town":"下駒月"}],"1634":[{"pref":"滋賀県","city":"蒲生郡日野町","town":"深山口"}],"1635":[{"pref":"滋賀県","city":"蒲生郡日野町","town":"迫"}],"1636":[{"pref":"滋賀県","city":"蒲生郡日野町","town":"清田"}],"1641":[{"pref":"滋賀県","city":"蒲生郡日野町","town":"日田"}],"1642":[{"pref":"滋賀県","city":"蒲生郡日野町","town":"上野田"}],"1643":[{"pref":"滋賀県","city":"蒲生郡日野町","town":"里口"}],"1644":[{"pref":"滋賀県","city":"蒲生郡日野町","town":"内池"}],"1645":[{"pref":"滋賀県","city":"蒲生郡日野町","town":"十禅師"}],"1646":[{"pref":"滋賀県","city":"蒲生郡日野町","town":"猫田"}],"1647":[{"pref":"滋賀県","city":"蒲生郡日野町","town":"別所"}],"1648":[{"pref":"滋賀県","city":"蒲生郡日野町","town":"いせの"}],"1651":[{"pref":"滋賀県","city":"蒲生郡日野町","town":"山本"}],"1652":[{"pref":"滋賀県","city":"蒲生郡日野町","town":"小御門"}],"1653":[{"pref":"滋賀県","city":"蒲生郡日野町","town":"三十坪"}],"1654":[{"pref":"滋賀県","city":"蒲生郡日野町","town":"小谷"}],"1655":[{"pref":"滋賀県","city":"蒲生郡日野町","town":"石原"}],"1656":[{"pref":"滋賀県","city":"蒲生郡日野町","town":"増田"}],"1657":[{"pref":"滋賀県","city":"蒲生郡日野町","town":"豊田"}],"1658":[{"pref":"滋賀県","city":"蒲生郡日野町","town":"中山"}],"1661":[{"pref":"滋賀県","city":"蒲生郡日野町","town":"安部居"}],"1662":[{"pref":"滋賀県","city":"蒲生郡日野町","town":"中在寺"}],"1663":[{"pref":"滋賀県","city":"蒲生郡日野町","town":"北脇"}],"1664":[{"pref":"滋賀県","city":"蒲生郡日野町","town":"蓮花寺"}],"1665":[{"pref":"滋賀県","city":"蒲生郡日野町","town":"野出"}],"1801":[{"pref":"滋賀県","city":"甲賀市","town":"信楽町宮町"}],"1802":[{"pref":"滋賀県","city":"甲賀市","town":"信楽町黄瀬"}],"1803":[{"pref":"滋賀県","city":"甲賀市","town":"信楽町牧"}],"1804":[{"pref":"滋賀県","city":"甲賀市","town":"信楽町勅旨"}],"1811":[{"pref":"滋賀県","city":"甲賀市","town":"信楽町江田"}],"1812":[{"pref":"滋賀県","city":"甲賀市","town":"信楽町神山"}],"1813":[{"pref":"滋賀県","city":"甲賀市","town":"信楽町畑"}],"1814":[{"pref":"滋賀県","city":"甲賀市","town":"信楽町田代"}],"1821":[{"pref":"滋賀県","city":"甲賀市","town":"信楽町多羅尾"}],"1831":[{"pref":"滋賀県","city":"甲賀市","town":"信楽町西"}],"1832":[{"pref":"滋賀県","city":"甲賀市","town":"信楽町小川出"}],"1833":[{"pref":"滋賀県","city":"甲賀市","town":"信楽町小川"}],"1834":[{"pref":"滋賀県","city":"甲賀市","town":"信楽町杉山"}],"1835":[{"pref":"滋賀県","city":"甲賀市","town":"信楽町中野"}],"1836":[{"pref":"滋賀県","city":"甲賀市","town":"信楽町柞原"}],"1841":[{"pref":"滋賀県","city":"甲賀市","town":"信楽町上朝宮"}],"1842":[{"pref":"滋賀県","city":"甲賀市","town":"信楽町下朝宮"}],"1843":[{"pref":"滋賀県","city":"甲賀市","town":"信楽町宮尻"}],"1851":[{"pref":"滋賀県","city":"甲賀市","town":"信楽町長野"}],"0113":[{"pref":"滋賀県","city":"長浜市","town":"大井町"}],"0301":[{"pref":"滋賀県","city":"長浜市","town":"小谷上山田町"}],"0312":[{"pref":"滋賀県","city":"長浜市","town":"小谷郡上町"}],"0311":[{"pref":"滋賀県","city":"長浜市","town":"小谷美濃山町"}],"0304":[{"pref":"滋賀県","city":"長浜市","town":"小谷丁野町"}],"0131":[{"pref":"滋賀県","city":"長浜市","town":"柿ノ木"}],"0101":[{"pref":"滋賀県","city":"長浜市","town":"唐国町"}],"0435":[{"pref":"滋賀県","city":"長浜市","town":"木之本町赤尾"}],"0421":[{"pref":"滋賀県","city":"長浜市","town":"木之本町アットリ"}],"0412":[{"pref":"滋賀県","city":"長浜市","town":"木之本町石道"}],"0431":[{"pref":"滋賀県","city":"長浜市","town":"木之本町大音"}],"0415":[{"pref":"滋賀県","city":"長浜市","town":"木之本町大見"}],"0403":[{"pref":"滋賀県","city":"長浜市","town":"木之本町音羽"}],"0401":[{"pref":"滋賀県","city":"長浜市","town":"木之本町金居原"}],"0414":[{"pref":"滋賀県","city":"長浜市","town":"木之本町川合"}],"0434":[{"pref":"滋賀県","city":"長浜市","town":"木之本町北布施"}],"0425":[{"pref":"滋賀県","city":"長浜市","town":"木之本町木之本"}],"0426":[{"pref":"滋賀県","city":"長浜市","town":"木之本町黒田"}],"0413":[{"pref":"滋賀県","city":"長浜市","town":"木之本町小山"}],"0402":[{"pref":"滋賀県","city":"長浜市","town":"木之本町杉野"}],"0404":[{"pref":"滋賀県","city":"長浜市","town":"木之本町杉本"}],"0423":[{"pref":"滋賀県","city":"長浜市","town":"木之本町千田"}],"0432":[{"pref":"滋賀県","city":"長浜市","town":"木之本町田居"}],"0422":[{"pref":"滋賀県","city":"長浜市","town":"木之本町田部"}],"0433":[{"pref":"滋賀県","city":"長浜市","town":"木之本町西山"}],"0541":[{"pref":"滋賀県","city":"長浜市","town":"木之本町飯浦（坂尻）"}],"0437":[{"pref":"滋賀県","city":"長浜市","town":"木之本町飯浦（その他）"}],"0424":[{"pref":"滋賀県","city":"長浜市","town":"木之本町廣瀬"}],"0411":[{"pref":"滋賀県","city":"長浜市","town":"木之本町古橋"}],"0436":[{"pref":"滋賀県","city":"長浜市","town":"木之本町山梨子"}],"0333":[{"pref":"滋賀県","city":"長浜市","town":"湖北今町"}],"0342":[{"pref":"滋賀県","city":"長浜市","town":"湖北高田町"}],"0332":[{"pref":"滋賀県","city":"長浜市","town":"湖北町青名"}],"0361":[{"pref":"滋賀県","city":"長浜市","town":"湖北町石川"}],"0313":[{"pref":"滋賀県","city":"長浜市","town":"湖北町伊部"}],"0365":[{"pref":"滋賀県","city":"長浜市","town":"湖北町今西"}],"0367":[{"pref":"滋賀県","city":"長浜市","town":"湖北町海老江"}],"0366":[{"pref":"滋賀県","city":"長浜市","town":"湖北町延勝寺"}],"0343":[{"pref":"滋賀県","city":"長浜市","town":"湖北町小倉"}],"0364":[{"pref":"滋賀県","city":"長浜市","town":"湖北町尾上"}],"0321":[{"pref":"滋賀県","city":"長浜市","town":"湖北町賀"}],"0316":[{"pref":"滋賀県","city":"長浜市","town":"湖北町河毛"}],"0322":[{"pref":"滋賀県","city":"長浜市","town":"湖北町小今"}],"0352":[{"pref":"滋賀県","city":"長浜市","town":"湖北町五坪"}],"0334":[{"pref":"滋賀県","city":"長浜市","town":"湖北町沢"}],"0345":[{"pref":"滋賀県","city":"長浜市","town":"湖北町大安寺"}],"0353":[{"pref":"滋賀県","city":"長浜市","town":"湖北町田中"}],"0362":[{"pref":"滋賀県","city":"長浜市","town":"湖北町津里"}],"0314":[{"pref":"滋賀県","city":"長浜市","town":"湖北町留目"}],"0335":[{"pref":"滋賀県","city":"長浜市","town":"湖北町猫口"}],"0341":[{"pref":"滋賀県","city":"長浜市","town":"湖北町速水"}],"0303":[{"pref":"滋賀県","city":"長浜市","town":"湖北町二俣"}],"0315":[{"pref":"滋賀県","city":"長浜市","town":"湖北町別所"}],"0346":[{"pref":"滋賀県","city":"長浜市","town":"湖北町南速水"}],"0344":[{"pref":"滋賀県","city":"長浜市","town":"湖北町馬渡"}],"0354":[{"pref":"滋賀県","city":"長浜市","town":"湖北町山本"}],"0317":[{"pref":"滋賀県","city":"長浜市","town":"湖北町山脇"}],"0331":[{"pref":"滋賀県","city":"長浜市","town":"湖北町八日市"}],"0363":[{"pref":"滋賀県","city":"長浜市","town":"湖北東尾上町"}],"0141":[{"pref":"滋賀県","city":"長浜市","town":"五村"}],"0121":[{"pref":"滋賀県","city":"長浜市","town":"桜町"}],"0302":[{"pref":"滋賀県","city":"長浜市","town":"下山田"}],"0133":[{"pref":"滋賀県","city":"長浜市","town":"新旭町"}],"0122":[{"pref":"滋賀県","city":"長浜市","town":"酢"}],"0351":[{"pref":"滋賀県","city":"長浜市","town":"大光寺町"}],"0144":[{"pref":"滋賀県","city":"長浜市","town":"大寺町"}],"0222":[{"pref":"滋賀県","city":"長浜市","town":"高月町雨森"}],"0203":[{"pref":"滋賀県","city":"長浜市","town":"高月町磯野"}],"0212":[{"pref":"滋賀県","city":"長浜市","town":"高月町井口"}],"0251":[{"pref":"滋賀県","city":"長浜市","town":"高月町宇根"}],"0232":[{"pref":"滋賀県","city":"長浜市","town":"高月町落川"}],"0215":[{"pref":"滋賀県","city":"長浜市","town":"高月町尾山"}],"0234":[{"pref":"滋賀県","city":"長浜市","town":"高月町柏原"}],"0272":[{"pref":"滋賀県","city":"長浜市","town":"高月町片山"}],"0205":[{"pref":"滋賀県","city":"長浜市","town":"高月町唐川"}],"0271":[{"pref":"滋賀県","city":"長浜市","town":"高月町熊野"}],"0275":[{"pref":"滋賀県","city":"長浜市","town":"高月町重則"}],"0241":[{"pref":"滋賀県","city":"長浜市","town":"高月町高月"}],"0221":[{"pref":"滋賀県","city":"長浜市","town":"高月町高野"}],"0233":[{"pref":"滋賀県","city":"長浜市","town":"高月町渡岸寺"}],"0253":[{"pref":"滋賀県","city":"長浜市","town":"高月町西阿閉"}],"0273":[{"pref":"滋賀県","city":"長浜市","town":"高月町西野"}],"0262":[{"pref":"滋賀県","city":"長浜市","town":"高月町西物部"}],"0265":[{"pref":"滋賀県","city":"長浜市","town":"高月町西柳野"}],"0252":[{"pref":"滋賀県","city":"長浜市","town":"高月町東阿閉"}],"0202":[{"pref":"滋賀県","city":"長浜市","town":"高月町東高田"}],"0261":[{"pref":"滋賀県","city":"長浜市","town":"高月町東物部"}],"0263":[{"pref":"滋賀県","city":"長浜市","town":"高月町東柳野"}],"0204":[{"pref":"滋賀県","city":"長浜市","town":"高月町布施"}],"0211":[{"pref":"滋賀県","city":"長浜市","town":"高月町保延寺"}],"0214":[{"pref":"滋賀県","city":"長浜市","town":"高月町洞戸"}],"0223":[{"pref":"滋賀県","city":"長浜市","town":"高月町馬上"}],"0274":[{"pref":"滋賀県","city":"長浜市","town":"高月町松尾"}],"0213":[{"pref":"滋賀県","city":"長浜市","town":"高月町持寺"}],"0231":[{"pref":"滋賀県","city":"長浜市","town":"高月町森本"}],"0264":[{"pref":"滋賀県","city":"長浜市","town":"高月町柳野中"}],"0201":[{"pref":"滋賀県","city":"長浜市","town":"高月町横山"}],"0142":[{"pref":"滋賀県","city":"長浜市","town":"田町"}],"0102":[{"pref":"滋賀県","city":"長浜市","town":"月ヶ瀬町"}],"0132":[{"pref":"滋賀県","city":"長浜市","town":"長田町"}],"0103":[{"pref":"滋賀県","city":"長浜市","town":"中野町"}],"0721":[{"pref":"滋賀県","city":"長浜市","town":"西浅井町大浦"}],"0714":[{"pref":"滋賀県","city":"長浜市","town":"西浅井町小山"}],"0708":[{"pref":"滋賀県","city":"長浜市","town":"西浅井町沓掛"}],"0725":[{"pref":"滋賀県","city":"長浜市","town":"西浅井町黒山"}],"0704":[{"pref":"滋賀県","city":"長浜市","town":"西浅井町塩津中"}],"0701":[{"pref":"滋賀県","city":"長浜市","town":"西浅井町塩津浜"}],"0707":[{"pref":"滋賀県","city":"長浜市","town":"西浅井町集福寺"}],"0722":[{"pref":"滋賀県","city":"長浜市","town":"西浅井町庄"}],"0726":[{"pref":"滋賀県","city":"長浜市","town":"西浅井町菅浦"}],"0712":[{"pref":"滋賀県","city":"長浜市","town":"西浅井町月出"}],"0723":[{"pref":"滋賀県","city":"長浜市","town":"西浅井町中"}],"0703":[{"pref":"滋賀県","city":"長浜市","town":"西浅井町野坂"}],"0713":[{"pref":"滋賀県","city":"長浜市","town":"西浅井町八田部"}],"0702":[{"pref":"滋賀県","city":"長浜市","town":"西浅井町祝山"}],"0711":[{"pref":"滋賀県","city":"長浜市","town":"西浅井町岩熊"}],"0724":[{"pref":"滋賀県","city":"長浜市","town":"西浅井町山門"}],"0715":[{"pref":"滋賀県","city":"長浜市","town":"西浅井町山田"}],"0706":[{"pref":"滋賀県","city":"長浜市","town":"西浅井町余"}],"0705":[{"pref":"滋賀県","city":"長浜市","town":"西浅井町横波"}],"0123":[{"pref":"滋賀県","city":"長浜市","town":"西大井町"}],"0143":[{"pref":"滋賀県","city":"長浜市","town":"本町"}],"0111":[{"pref":"滋賀県","city":"長浜市","town":"三川町"}],"0112":[{"pref":"滋賀県","city":"長浜市","town":"宮部町"}],"0536":[{"pref":"滋賀県","city":"長浜市","town":"余呉町池原"}],"0535":[{"pref":"滋賀県","city":"長浜市","town":"余呉町今市"}],"0534":[{"pref":"滋賀県","city":"長浜市","town":"余呉町小谷"}],"0503":[{"pref":"滋賀県","city":"長浜市","town":"余呉町奥川並"}],"0502":[{"pref":"滋賀県","city":"長浜市","town":"余呉町尾羽梨"}],"0505":[{"pref":"滋賀県","city":"長浜市","town":"余呉町小原"}],"0512":[{"pref":"滋賀県","city":"長浜市","town":"余呉町上丹生"}],"0523":[{"pref":"滋賀県","city":"長浜市","town":"余呉町川並"}],"0526":[{"pref":"滋賀県","city":"長浜市","town":"余呉町国安"}],"0522":[{"pref":"滋賀県","city":"長浜市","town":"余呉町坂口"}],"0514":[{"pref":"滋賀県","city":"長浜市","town":"余呉町下丹生"}],"0521":[{"pref":"滋賀県","city":"長浜市","town":"余呉町下余呉"}],"0537":[{"pref":"滋賀県","city":"長浜市","town":"余呉町新堂"}],"0511":[{"pref":"滋賀県","city":"長浜市","town":"余呉町菅並"}],"0513":[{"pref":"滋賀県","city":"長浜市","town":"余呉町摺墨"}],"0504":[{"pref":"滋賀県","city":"長浜市","town":"余呉町田戸"}],"0532":[{"pref":"滋賀県","city":"長浜市","town":"余呉町椿坂"}],"0531":[{"pref":"滋賀県","city":"長浜市","town":"余呉町中河内"}],"0515":[{"pref":"滋賀県","city":"長浜市","town":"余呉町中之郷"}],"0501":[{"pref":"滋賀県","city":"長浜市","town":"余呉町針川"}],"0527":[{"pref":"滋賀県","city":"長浜市","town":"余呉町東野"}],"0525":[{"pref":"滋賀県","city":"長浜市","town":"余呉町文室"}],"0524":[{"pref":"滋賀県","city":"長浜市","town":"余呉町八戸"}],"0533":[{"pref":"滋賀県","city":"長浜市","town":"余呉町柳ケ瀬"}],"0506":[{"pref":"滋賀県","city":"長浜市","town":"余呉町鷲見"}]}