{"0000":[{"pref":"東京都","city":"西東京市","town":"以下に掲載がない場合"}],"0011":[{"pref":"東京都","city":"西東京市","town":"泉町"}],"0003":[{"pref":"東京都","city":"西東京市","town":"北町"}],"0006":[{"pref":"東京都","city":"西東京市","town":"栄町"}],"0004":[{"pref":"東京都","city":"西東京市","town":"下保谷"}],"0023":[{"pref":"東京都","city":"西東京市","town":"新町"}],"0005":[{"pref":"東京都","city":"西東京市","town":"住吉町"}],"0013":[{"pref":"東京都","city":"西東京市","town":"中町"}],"0012":[{"pref":"東京都","city":"西東京市","town":"東町"}],"0021":[{"pref":"東京都","city":"西東京市","town":"東伏見"}],"0001":[{"pref":"東京都","city":"西東京市","town":"ひばりが丘"}],"0002":[{"pref":"東京都","city":"西東京市","town":"ひばりが丘北"}],"0014":[{"pref":"東京都","city":"西東京市","town":"富士町"}],"0015":[{"pref":"東京都","city":"西東京市","town":"保谷町"}],"0022":[{"pref":"東京都","city":"西東京市","town":"柳沢"}]}