{"0000":[{"pref":"埼玉県","city":"本庄市","town":"以下に掲載がない場合"}],"0026":[{"pref":"埼玉県","city":"本庄市","town":"朝日町"}],"0075":[{"pref":"埼玉県","city":"本庄市","town":"新井"}],"0027":[{"pref":"埼玉県","city":"本庄市","town":"五十子"}],"0036":[{"pref":"埼玉県","city":"本庄市","town":"今井"}],"0038":[{"pref":"埼玉県","city":"本庄市","town":"いまい台"}],"0016":[{"pref":"埼玉県","city":"本庄市","town":"鵜森"}],"0041":[{"pref":"埼玉県","city":"本庄市","town":"駅南"}],"0061":[{"pref":"埼玉県","city":"本庄市","town":"小島"}],"0062":[{"pref":"埼玉県","city":"本庄市","town":"小島南"}],"0045":[{"pref":"埼玉県","city":"本庄市","town":"柏"}],"0007":[{"pref":"埼玉県","city":"本庄市","town":"上仁手"}],"0031":[{"pref":"埼玉県","city":"本庄市","town":"北堀"}],"0037":[{"pref":"埼玉県","city":"本庄市","town":"共栄"}],"0052":[{"pref":"埼玉県","city":"本庄市","town":"銀座"}],"0005":[{"pref":"埼玉県","city":"本庄市","town":"久々宇"}],"0032":[{"pref":"埼玉県","city":"本庄市","town":"栗崎"}],"0042":[{"pref":"埼玉県","city":"本庄市","town":"けや木"}],"0044":[{"pref":"埼玉県","city":"本庄市","town":"見福"}],"0213":[{"pref":"埼玉県","city":"本庄市","town":"児玉町秋山"}],"0225":[{"pref":"埼玉県","city":"本庄市","town":"児玉町飯倉"}],"0251":[{"pref":"埼玉県","city":"本庄市","town":"児玉町稲沢"}],"0203":[{"pref":"埼玉県","city":"本庄市","town":"児玉町入浅見"}],"0254":[{"pref":"埼玉県","city":"本庄市","town":"児玉町太駄"}],"0216":[{"pref":"埼玉県","city":"本庄市","town":"児玉町金屋"}],"0205":[{"pref":"埼玉県","city":"本庄市","town":"児玉町上真下"}],"0211":[{"pref":"埼玉県","city":"本庄市","town":"児玉町吉田林"}],"0206":[{"pref":"埼玉県","city":"本庄市","town":"児玉町共栄"}],"0252":[{"pref":"埼玉県","city":"本庄市","town":"児玉町元田"}],"0253":[{"pref":"埼玉県","city":"本庄市","town":"児玉町河内"}],"0214":[{"pref":"埼玉県","city":"本庄市","town":"児玉町小平"}],"0212":[{"pref":"埼玉県","city":"本庄市","town":"児玉町児玉"}],"0218":[{"pref":"埼玉県","city":"本庄市","town":"児玉町児玉南"}],"0223":[{"pref":"埼玉県","city":"本庄市","town":"児玉町塩谷"}],"0202":[{"pref":"埼玉県","city":"本庄市","town":"児玉町下浅見"}],"0207":[{"pref":"埼玉県","city":"本庄市","town":"児玉町下真下"}],"0201":[{"pref":"埼玉県","city":"本庄市","town":"児玉町高関"}],"0224":[{"pref":"埼玉県","city":"本庄市","town":"児玉町高柳"}],"0222":[{"pref":"埼玉県","city":"本庄市","town":"児玉町田端"}],"0215":[{"pref":"埼玉県","city":"本庄市","town":"児玉町長沖"}],"0217":[{"pref":"埼玉県","city":"本庄市","town":"児玉町八幡山"}],"0204":[{"pref":"埼玉県","city":"本庄市","town":"児玉町蛭川"}],"0221":[{"pref":"埼玉県","city":"本庄市","town":"児玉町保木野"}],"0226":[{"pref":"埼玉県","city":"本庄市","town":"児玉町宮内"}],"0023":[{"pref":"埼玉県","city":"本庄市","town":"寿"}],"0011":[{"pref":"埼玉県","city":"本庄市","town":"小和瀬"}],"0046":[{"pref":"埼玉県","city":"本庄市","town":"栄"}],"0071":[{"pref":"埼玉県","city":"本庄市","town":"山王堂"}],"0039":[{"pref":"埼玉県","city":"本庄市","town":"四季の里"}],"0034":[{"pref":"埼玉県","city":"本庄市","town":"四方田"}],"0001":[{"pref":"埼玉県","city":"本庄市","town":"下仁手"}],"0063":[{"pref":"埼玉県","city":"本庄市","town":"下野堂"}],"0074":[{"pref":"埼玉県","city":"本庄市","town":"杉山"}],"0018":[{"pref":"埼玉県","city":"本庄市","town":"諏訪町"}],"0003":[{"pref":"埼玉県","city":"本庄市","town":"台町"}],"0013":[{"pref":"埼玉県","city":"本庄市","town":"滝瀬"}],"0006":[{"pref":"埼玉県","city":"本庄市","town":"田中"}],"0053":[{"pref":"埼玉県","city":"本庄市","town":"中央"}],"0054":[{"pref":"埼玉県","city":"本庄市","town":"千代田"}],"0056":[{"pref":"埼玉県","city":"本庄市","town":"照若町"}],"0025":[{"pref":"埼玉県","city":"本庄市","town":"西五十子"}],"0035":[{"pref":"埼玉県","city":"本庄市","town":"西富田"}],"0002":[{"pref":"埼玉県","city":"本庄市","town":"仁手"}],"0072":[{"pref":"埼玉県","city":"本庄市","town":"沼和田"}],"0024":[{"pref":"埼玉県","city":"本庄市","town":"東五十子"}],"0021":[{"pref":"埼玉県","city":"本庄市","town":"東台"}],"0033":[{"pref":"埼玉県","city":"本庄市","town":"東富田"}],"0022":[{"pref":"埼玉県","city":"本庄市","town":"日の出"}],"0017":[{"pref":"埼玉県","city":"本庄市","town":"傍示堂"}],"0014":[{"pref":"埼玉県","city":"本庄市","town":"堀田"}],"0051":[{"pref":"埼玉県","city":"本庄市","town":"本庄"}],"0047":[{"pref":"埼玉県","city":"本庄市","town":"前原"}],"0064":[{"pref":"埼玉県","city":"本庄市","town":"万年寺"}],"0043":[{"pref":"埼玉県","city":"本庄市","town":"緑"}],"0048":[{"pref":"埼玉県","city":"本庄市","town":"南"}],"0073":[{"pref":"埼玉県","city":"本庄市","town":"都島"}],"0012":[{"pref":"埼玉県","city":"本庄市","town":"宮戸"}],"0015":[{"pref":"埼玉県","city":"本庄市","town":"牧西"}],"0004":[{"pref":"埼玉県","city":"本庄市","town":"本町"}],"0055":[{"pref":"埼玉県","city":"本庄市","town":"若泉"}],"0030":[{"pref":"埼玉県","city":"本庄市","town":"早稲田の杜"}],"0100":[{"pref":"埼玉県","city":"児玉郡美里町","town":"以下に掲載がない場合"}],"0103":[{"pref":"埼玉県","city":"児玉郡美里町","town":"阿那志"}],"0113":[{"pref":"埼玉県","city":"児玉郡美里町","town":"甘粕"}],"0115":[{"pref":"埼玉県","city":"児玉郡美里町","town":"猪俣"}],"0107":[{"pref":"埼玉県","city":"児玉郡美里町","town":"北十条"}],"0112":[{"pref":"埼玉県","city":"児玉郡美里町","town":"木部"}],"0119":[{"pref":"埼玉県","city":"児玉郡美里町","town":"駒衣"}],"0101":[{"pref":"埼玉県","city":"児玉郡美里町","town":"小茂田"}],"0108":[{"pref":"埼玉県","city":"児玉郡美里町","town":"下児玉"}],"0117":[{"pref":"埼玉県","city":"児玉郡美里町","town":"白石"}],"0102":[{"pref":"埼玉県","city":"児玉郡美里町","town":"関"}],"0116":[{"pref":"埼玉県","city":"児玉郡美里町","town":"円良田"}],"0114":[{"pref":"埼玉県","city":"児玉郡美里町","town":"中里"}],"0105":[{"pref":"埼玉県","city":"児玉郡美里町","town":"沼上"}],"0104":[{"pref":"埼玉県","city":"児玉郡美里町","town":"根木"}],"0118":[{"pref":"埼玉県","city":"児玉郡美里町","town":"広木"}],"0111":[{"pref":"埼玉県","city":"児玉郡美里町","town":"古郡"}],"0106":[{"pref":"埼玉県","city":"児玉郡美里町","town":"南十条"}],"0200":[{"pref":"埼玉県","city":"児玉郡神川町","town":"以下に掲載がない場合"}],"0234":[{"pref":"埼玉県","city":"児玉郡神川町","town":"池田"}],"0245":[{"pref":"埼玉県","city":"児玉郡神川町","town":"植竹"}],"0312":[{"pref":"埼玉県","city":"児玉郡神川町","town":"上阿久原"}],"0243":[{"pref":"埼玉県","city":"児玉郡神川町","town":"熊野堂"}],"0236":[{"pref":"埼玉県","city":"児玉郡神川町","town":"小浜"}],"0248":[{"pref":"埼玉県","city":"児玉郡神川町","town":"四軒在家"}],"0311":[{"pref":"埼玉県","city":"児玉郡神川町","town":"下阿久原"}],"0235":[{"pref":"埼玉県","city":"児玉郡神川町","town":"新宿"}],"0246":[{"pref":"埼玉県","city":"児玉郡神川町","town":"関口"}],"0231":[{"pref":"埼玉県","city":"児玉郡神川町","town":"中新里"}],"0232":[{"pref":"埼玉県","city":"児玉郡神川町","town":"新里"}],"0233":[{"pref":"埼玉県","city":"児玉郡神川町","town":"二ノ宮"}],"0237":[{"pref":"埼玉県","city":"児玉郡神川町","town":"貫井"}],"0242":[{"pref":"埼玉県","city":"児玉郡神川町","town":"原新田"}],"0238":[{"pref":"埼玉県","city":"児玉郡神川町","town":"肥土"}],"0247":[{"pref":"埼玉県","city":"児玉郡神川町","town":"元阿保"}],"0241":[{"pref":"埼玉県","city":"児玉郡神川町","town":"元原"}],"0313":[{"pref":"埼玉県","city":"児玉郡神川町","town":"矢納"}],"0244":[{"pref":"埼玉県","city":"児玉郡神川町","town":"八日市"}],"0301":[{"pref":"埼玉県","city":"児玉郡神川町","town":"渡瀬"}]}