{"0924":[{"pref":"岡山県","city":"倉敷市","town":"大畠"}],"0931":[{"pref":"岡山県","city":"倉敷市","town":"児島赤崎"}],"0913":[{"pref":"岡山県","city":"倉敷市","town":"児島味野"}],"0917":[{"pref":"岡山県","city":"倉敷市","town":"児島味野上"}],"0916":[{"pref":"岡山県","city":"倉敷市","town":"児島味野城山"}],"0914":[{"pref":"岡山県","city":"倉敷市","town":"児島味野城"}],"0915":[{"pref":"岡山県","city":"倉敷市","town":"児島味野山田町"}],"0923":[{"pref":"岡山県","city":"倉敷市","town":"児島阿津"}],"0935":[{"pref":"岡山県","city":"倉敷市","town":"児島宇野津"}],"0921":[{"pref":"岡山県","city":"倉敷市","town":"児島駅前"}],"0911":[{"pref":"岡山県","city":"倉敷市","town":"児島小川"}],"0912":[{"pref":"岡山県","city":"倉敷市","town":"児島小川町"}],"0907":[{"pref":"岡山県","city":"倉敷市","town":"児島上の町"}],"0906":[{"pref":"岡山県","city":"倉敷市","town":"児島下の町"}],"0933":[{"pref":"岡山県","city":"倉敷市","town":"児島通生"}],"0904":[{"pref":"岡山県","city":"倉敷市","town":"児島唐琴"}],"0905":[{"pref":"岡山県","city":"倉敷市","town":"児島唐琴町"}],"0934":[{"pref":"岡山県","city":"倉敷市","town":"児島塩生"}],"0902":[{"pref":"岡山県","city":"倉敷市","town":"児島白尾"}],"0903":[{"pref":"岡山県","city":"倉敷市","town":"児島田の口"}],"0937":[{"pref":"岡山県","city":"倉敷市","town":"児島稗田町"}],"0922":[{"pref":"岡山県","city":"倉敷市","town":"児島元浜町"}],"0936":[{"pref":"岡山県","city":"倉敷市","town":"児島柳田町"}],"0901":[{"pref":"岡山県","city":"倉敷市","town":"児島由加"}],"0932":[{"pref":"岡山県","city":"倉敷市","town":"菰池"}],"0927":[{"pref":"岡山県","city":"倉敷市","town":"下津井"}],"0925":[{"pref":"岡山県","city":"倉敷市","town":"下津井田之浦"}],"0926":[{"pref":"岡山県","city":"倉敷市","town":"下津井吹上"}]}