{"0000":[{"pref":"神奈川県","city":"横浜市中区","town":"以下に掲載がない場合"}],"0012":[{"pref":"神奈川県","city":"横浜市中区","town":"相生町"}],"0051":[{"pref":"神奈川県","city":"横浜市中区","town":"赤門町"}],"0057":[{"pref":"神奈川県","city":"横浜市中区","town":"曙町"}],"0834":[{"pref":"神奈川県","city":"横浜市中区","town":"池袋"}],"0868":[{"pref":"神奈川県","city":"横浜市中区","town":"石川町"}],"0045":[{"pref":"神奈川県","city":"横浜市中区","town":"伊勢佐木町"}],"0842":[{"pref":"神奈川県","city":"横浜市中区","town":"上野町"}],"0867":[{"pref":"神奈川県","city":"横浜市中区","town":"打越"}],"0061":[{"pref":"神奈川県","city":"横浜市中区","town":"内田町"}],"0027":[{"pref":"神奈川県","city":"横浜市中区","town":"扇町"}],"0858":[{"pref":"神奈川県","city":"横浜市中区","town":"大芝台"}],"0011":[{"pref":"神奈川県","city":"横浜市中区","town":"太田町"}],"0859":[{"pref":"神奈川県","city":"横浜市中区","town":"大平町"}],"0028":[{"pref":"神奈川県","city":"横浜市中区","town":"翁町"}],"0015":[{"pref":"神奈川県","city":"横浜市中区","town":"尾上町"}],"0002":[{"pref":"神奈川県","city":"横浜市中区","town":"海岸通"}],"0866":[{"pref":"神奈川県","city":"横浜市中区","town":"柏葉"}],"0813":[{"pref":"神奈川県","city":"横浜市中区","town":"かもめ町"}],"0865":[{"pref":"神奈川県","city":"横浜市中区","town":"北方町"}],"0003":[{"pref":"神奈川県","city":"横浜市中区","town":"北仲通"}],"0054":[{"pref":"神奈川県","city":"横浜市中区","town":"黄金町"}],"0026":[{"pref":"神奈川県","city":"横浜市中区","town":"寿町"}],"0802":[{"pref":"神奈川県","city":"横浜市中区","town":"小港町"}],"0848":[{"pref":"神奈川県","city":"横浜市中区","town":"鷺山"}],"0062":[{"pref":"神奈川県","city":"横浜市中区","town":"桜木町"}],"0001":[{"pref":"神奈川県","city":"横浜市中区","town":"新港"}],"0801":[{"pref":"神奈川県","city":"横浜市中区","town":"新山下"}],"0046":[{"pref":"神奈川県","city":"横浜市中区","town":"末広町"}],"0055":[{"pref":"神奈川県","city":"横浜市中区","town":"末吉町"}],"0013":[{"pref":"神奈川県","city":"横浜市中区","town":"住吉町"}],"0863":[{"pref":"神奈川県","city":"横浜市中区","town":"諏訪町"}],"0837":[{"pref":"神奈川県","city":"横浜市中区","town":"滝之上"}],"0847":[{"pref":"神奈川県","city":"横浜市中区","town":"竹之丸"}],"0845":[{"pref":"神奈川県","city":"横浜市中区","town":"立野"}],"0035":[{"pref":"神奈川県","city":"横浜市中区","town":"千歳町"}],"0815":[{"pref":"神奈川県","city":"横浜市中区","town":"千鳥町"}],"0033":[{"pref":"神奈川県","city":"横浜市中区","town":"長者町"}],"0864":[{"pref":"神奈川県","city":"横浜市中区","town":"千代崎町"}],"0857":[{"pref":"神奈川県","city":"横浜市中区","town":"塚越"}],"0855":[{"pref":"神奈川県","city":"横浜市中区","town":"寺久保"}],"0014":[{"pref":"神奈川県","city":"横浜市中区","town":"常盤町"}],"0814":[{"pref":"神奈川県","city":"横浜市中区","town":"豊浦町"}],"0839":[{"pref":"神奈川県","city":"横浜市中区","town":"仲尾台"}],"0812":[{"pref":"神奈川県","city":"横浜市中区","town":"錦町"}],"0852":[{"pref":"神奈川県","city":"横浜市中区","town":"西竹之丸"}],"0844":[{"pref":"神奈川県","city":"横浜市中区","town":"西之谷町"}],"0021":[{"pref":"神奈川県","city":"横浜市中区","town":"日本大通"}],"0854":[{"pref":"神奈川県","city":"横浜市中区","town":"根岸旭台"}],"0835":[{"pref":"神奈川県","city":"横浜市中区","town":"根岸加曽台"}],"0853":[{"pref":"神奈川県","city":"横浜市中区","town":"根岸台"}],"0836":[{"pref":"神奈川県","city":"横浜市中区","town":"根岸町"}],"0064":[{"pref":"神奈川県","city":"横浜市中区","town":"野毛町"}],"0047":[{"pref":"神奈川県","city":"横浜市中区","town":"羽衣町"}],"0053":[{"pref":"神奈川県","city":"横浜市中区","town":"初音町"}],"0063":[{"pref":"神奈川県","city":"横浜市中区","town":"花咲町"}],"0052":[{"pref":"神奈川県","city":"横浜市中区","town":"英町"}],"0031":[{"pref":"神奈川県","city":"横浜市中区","town":"万代町"}],"0066":[{"pref":"神奈川県","city":"横浜市中区","town":"日ノ出町"}],"0043":[{"pref":"神奈川県","city":"横浜市中区","town":"福富町仲通"}],"0044":[{"pref":"神奈川県","city":"横浜市中区","town":"福富町東通"}],"0042":[{"pref":"神奈川県","city":"横浜市中区","town":"福富町西通"}],"0037":[{"pref":"神奈川県","city":"横浜市中区","town":"富士見町"}],"0032":[{"pref":"神奈川県","city":"横浜市中区","town":"不老町"}],"0007":[{"pref":"神奈川県","city":"横浜市中区","town":"弁天通"}],"0048":[{"pref":"神奈川県","city":"横浜市中区","town":"蓬莱町"}],"0843":[{"pref":"神奈川県","city":"横浜市中区","town":"本郷町"}],"0005":[{"pref":"神奈川県","city":"横浜市中区","town":"本町"}],"0826":[{"pref":"神奈川県","city":"横浜市中区","town":"本牧荒井"}],"0823":[{"pref":"神奈川県","city":"横浜市中区","town":"本牧大里町"}],"0824":[{"pref":"神奈川県","city":"横浜市中区","town":"本牧三之谷"}],"0803":[{"pref":"神奈川県","city":"横浜市中区","town":"本牧十二天"}],"0821":[{"pref":"神奈川県","city":"横浜市中区","town":"本牧原"}],"0811":[{"pref":"神奈川県","city":"横浜市中区","town":"本牧ふ頭"}],"0825":[{"pref":"神奈川県","city":"横浜市中区","town":"本牧間門"}],"0833":[{"pref":"神奈川県","city":"横浜市中区","town":"本牧満坂"}],"0832":[{"pref":"神奈川県","city":"横浜市中区","town":"本牧緑ケ丘"}],"0804":[{"pref":"神奈川県","city":"横浜市中区","town":"本牧宮原"}],"0822":[{"pref":"神奈川県","city":"横浜市中区","town":"本牧元町"}],"0827":[{"pref":"神奈川県","city":"横浜市中区","town":"本牧和田"}],"0806":[{"pref":"神奈川県","city":"横浜市中区","town":"本牧町"}],"0016":[{"pref":"神奈川県","city":"横浜市中区","town":"真砂町"}],"0025":[{"pref":"神奈川県","city":"横浜市中区","town":"松影町"}],"0838":[{"pref":"神奈川県","city":"横浜市中区","town":"豆口台"}],"0017":[{"pref":"神奈川県","city":"横浜市中区","town":"港町"}],"0006":[{"pref":"神奈川県","city":"横浜市中区","town":"南仲通"}],"0816":[{"pref":"神奈川県","city":"横浜市中区","town":"南本牧"}],"0856":[{"pref":"神奈川県","city":"横浜市中区","town":"簑沢"}],"0065":[{"pref":"神奈川県","city":"横浜市中区","town":"宮川町"}],"0841":[{"pref":"神奈川県","city":"横浜市中区","town":"妙香寺台"}],"0034":[{"pref":"神奈川県","city":"横浜市中区","town":"三吉町"}],"0849":[{"pref":"神奈川県","city":"横浜市中区","town":"麦田町"}],"0004":[{"pref":"神奈川県","city":"横浜市中区","town":"元浜町"}],"0861":[{"pref":"神奈川県","city":"横浜市中区","town":"元町"}],"0831":[{"pref":"神奈川県","city":"横浜市中区","town":"矢口台"}],"0023":[{"pref":"神奈川県","city":"横浜市中区","town":"山下町"}],"0036":[{"pref":"神奈川県","city":"横浜市中区","town":"山田町"}],"0862":[{"pref":"神奈川県","city":"横浜市中区","town":"山手町"}],"0846":[{"pref":"神奈川県","city":"横浜市中区","town":"大和町"}],"0038":[{"pref":"神奈川県","city":"横浜市中区","town":"山吹町"}],"0851":[{"pref":"神奈川県","city":"横浜市中区","town":"山元町"}],"0058":[{"pref":"神奈川県","city":"横浜市中区","town":"弥生町"}],"0022":[{"pref":"神奈川県","city":"横浜市中区","town":"横浜公園"}],"0041":[{"pref":"神奈川県","city":"横浜市中区","town":"吉田町"}],"0024":[{"pref":"神奈川県","city":"横浜市中区","town":"吉浜町"}],"0056":[{"pref":"神奈川県","city":"横浜市中区","town":"若葉町"}],"0805":[{"pref":"神奈川県","city":"横浜市中区","town":"和田山"}]}