{"0000":[{"pref":"青森県","city":"十和田市","town":"以下に掲載がない場合"}],"0071":[{"pref":"青森県","city":"十和田市","town":"赤沼"}],"0005":[{"pref":"青森県","city":"十和田市","town":"一本木沢"}],"0011":[{"pref":"青森県","city":"十和田市","town":"稲生町"}],"0101":[{"pref":"青森県","city":"十和田市","town":"馬洗場"}],"0041":[{"pref":"青森県","city":"十和田市","town":"相坂"}],"0102":[{"pref":"青森県","city":"十和田市","town":"大沢田"}],"0211":[{"pref":"青森県","city":"十和田市","town":"大不動"}],"0301":[{"pref":"青森県","city":"十和田市","town":"奥瀬（その他）"}],"0061":[{"pref":"青森県","city":"十和田市","town":"切田"}],"0302":[{"pref":"青森県","city":"十和田市","town":"沢田"}],"0001":[{"pref":"青森県","city":"十和田市","town":"三本木"}],"0213":[{"pref":"青森県","city":"十和田市","town":"滝沢"}],"0103":[{"pref":"青森県","city":"十和田市","town":"立崎"}],"0051":[{"pref":"青森県","city":"十和田市","town":"伝法寺"}],"0104":[{"pref":"青森県","city":"十和田市","town":"豊ケ岡"}],"0092":[{"pref":"青森県","city":"十和田市","town":"西一番町"}],"0082":[{"pref":"青森県","city":"十和田市","town":"西二番町"}],"0083":[{"pref":"青森県","city":"十和田市","town":"西三番町"}],"0084":[{"pref":"青森県","city":"十和田市","town":"西四番町"}],"0085":[{"pref":"青森県","city":"十和田市","town":"西五番町"}],"0038":[{"pref":"青森県","city":"十和田市","town":"西六番町"}],"0091":[{"pref":"青森県","city":"十和田市","town":"西十一番町"}],"0093":[{"pref":"青森県","city":"十和田市","town":"西十二番町"}],"0081":[{"pref":"青森県","city":"十和田市","town":"西十三番町"}],"0088":[{"pref":"青森県","city":"十和田市","town":"西十四番町"}],"0087":[{"pref":"青森県","city":"十和田市","town":"西十五番町"}],"0086":[{"pref":"青森県","city":"十和田市","town":"西十六番町"}],"0095":[{"pref":"青森県","city":"十和田市","town":"西二十一番町"}],"0094":[{"pref":"青森県","city":"十和田市","town":"西二十二番町"}],"0089":[{"pref":"青森県","city":"十和田市","town":"西二十三番町"}],"0105":[{"pref":"青森県","city":"十和田市","town":"八斗沢"}],"0012":[{"pref":"青森県","city":"十和田市","town":"東一番町"}],"0017":[{"pref":"青森県","city":"十和田市","town":"東二番町"}],"0031":[{"pref":"青森県","city":"十和田市","town":"東三番町"}],"0032":[{"pref":"青森県","city":"十和田市","town":"東四番町"}],"0033":[{"pref":"青森県","city":"十和田市","town":"東五番町"}],"0036":[{"pref":"青森県","city":"十和田市","town":"東六番町"}],"0013":[{"pref":"青森県","city":"十和田市","town":"東十一番町"}],"0016":[{"pref":"青森県","city":"十和田市","town":"東十二番町"}],"0023":[{"pref":"青森県","city":"十和田市","town":"東十三番町"}],"0024":[{"pref":"青森県","city":"十和田市","town":"東十四番町"}],"0034":[{"pref":"青森県","city":"十和田市","town":"東十五番町"}],"0035":[{"pref":"青森県","city":"十和田市","town":"東十六番町"}],"0014":[{"pref":"青森県","city":"十和田市","town":"東二十一番町"}],"0015":[{"pref":"青森県","city":"十和田市","town":"東二十二番町"}],"0021":[{"pref":"青森県","city":"十和田市","town":"東二十三番町"}],"0022":[{"pref":"青森県","city":"十和田市","town":"東二十四番町"}],"0004":[{"pref":"青森県","city":"十和田市","town":"ひがしの"}],"0106":[{"pref":"青森県","city":"十和田市","town":"深持"}],"0052":[{"pref":"青森県","city":"十和田市","town":"藤島"}],"0303":[{"pref":"青森県","city":"十和田市","town":"法量"}],"0037":[{"pref":"青森県","city":"十和田市","town":"穂並町"}],"0107":[{"pref":"青森県","city":"十和田市","town":"洞内"}],"0212":[{"pref":"青森県","city":"十和田市","town":"米田"}],"0002":[{"pref":"青森県","city":"十和田市","town":"元町西"}],"0003":[{"pref":"青森県","city":"十和田市","town":"元町東"}]}