{"1101":[{"pref":"高知県","city":"四万十市","town":"奥鴨川"}],"1102":[{"pref":"高知県","city":"四万十市","town":"口鴨川"}],"1103":[{"pref":"高知県","city":"四万十市","town":"板ノ川"}],"1104":[{"pref":"高知県","city":"四万十市","town":"若藤"}],"1105":[{"pref":"高知県","city":"四万十市","town":"利岡"}],"1106":[{"pref":"高知県","city":"四万十市","town":"佐田"}],"1107":[{"pref":"高知県","city":"四万十市","town":"岩田"},{"pref":"高知県","city":"四万十市","town":"中村（大用寺）"}],"1108":[{"pref":"高知県","city":"四万十市","town":"敷地"}],"1109":[{"pref":"高知県","city":"四万十市","town":"田野川"}],"1220":[{"pref":"高知県","city":"四万十市","town":"川登"}],"1221":[{"pref":"高知県","city":"四万十市","town":"三里"}],"1222":[{"pref":"高知県","city":"四万十市","town":"手洗川"}],"1223":[{"pref":"高知県","city":"四万十市","town":"勝間（勝間川）"}],"1224":[{"pref":"高知県","city":"四万十市","town":"勝間（その他）"}],"1225":[{"pref":"高知県","city":"四万十市","town":"久保川"}],"1226":[{"pref":"高知県","city":"四万十市","town":"鵜ノ江"}],"1227":[{"pref":"高知県","city":"四万十市","town":"楠"}],"1228":[{"pref":"高知県","city":"四万十市","town":"高瀬"}],"1229":[{"pref":"高知県","city":"四万十市","town":"田出ノ川"}],"1321":[{"pref":"高知県","city":"四万十市","town":"西土佐岩間"}],"1322":[{"pref":"高知県","city":"四万十市","town":"西土佐茅生"}],"1323":[{"pref":"高知県","city":"四万十市","town":"西土佐中半"}],"1324":[{"pref":"高知県","city":"四万十市","town":"西土佐口屋内"}],"1325":[{"pref":"高知県","city":"四万十市","town":"西土佐玖木"}],"1326":[{"pref":"高知県","city":"四万十市","town":"西土佐奥屋内"}],"1441":[{"pref":"高知県","city":"四万十市","town":"伊才原"}],"1442":[{"pref":"高知県","city":"四万十市","town":"蕨岡甲"}],"1443":[{"pref":"高知県","city":"四万十市","town":"蕨岡乙"}],"1444":[{"pref":"高知県","city":"四万十市","town":"藤"}],"1550":[{"pref":"高知県","city":"四万十市","town":"大用"}],"1551":[{"pref":"高知県","city":"四万十市","town":"住次郎"}],"1552":[{"pref":"高知県","city":"四万十市","town":"片魚"}],"1553":[{"pref":"高知県","city":"四万十市","town":"大屋敷"}],"1554":[{"pref":"高知県","city":"四万十市","town":"常六"}],"1555":[{"pref":"高知県","city":"四万十市","town":"三ツ又"}],"1556":[{"pref":"高知県","city":"四万十市","town":"小西ノ川"}],"1557":[{"pref":"高知県","city":"四万十市","town":"大西ノ川"}],"1558":[{"pref":"高知県","city":"四万十市","town":"古尾"}],"1559":[{"pref":"高知県","city":"四万十市","town":"竹屋敷"}],"1601":[{"pref":"高知県","city":"四万十市","town":"西土佐江川崎"}],"1602":[{"pref":"高知県","city":"四万十市","town":"西土佐西ケ方"}],"1603":[{"pref":"高知県","city":"四万十市","town":"西土佐用井"}],"1604":[{"pref":"高知県","city":"四万十市","town":"西土佐藤ノ川"}],"1605":[{"pref":"高知県","city":"四万十市","town":"西土佐長生"}],"1606":[{"pref":"高知県","city":"四万十市","town":"西土佐半家"}],"1607":[{"pref":"高知県","city":"四万十市","town":"西土佐江川"}],"1611":[{"pref":"高知県","city":"四万十市","town":"西土佐橘"}],"1612":[{"pref":"高知県","city":"四万十市","town":"西土佐津野川"}],"1613":[{"pref":"高知県","city":"四万十市","town":"西土佐津賀"}],"1614":[{"pref":"高知県","city":"四万十市","town":"西土佐薮ケ市"}],"1615":[{"pref":"高知県","city":"四万十市","town":"西土佐大宮"}],"1616":[{"pref":"高知県","city":"四万十市","town":"西土佐須崎"}],"1617":[{"pref":"高知県","city":"四万十市","town":"西土佐下家地"}],"1618":[{"pref":"高知県","city":"四万十市","town":"西土佐中家地"}],"0300":[{"pref":"高知県","city":"土佐清水市","town":"以下に掲載がない場合"}],"0303":[{"pref":"高知県","city":"土佐清水市","town":"旭町"}],"0315":[{"pref":"高知県","city":"土佐清水市","town":"足摺岬"}],"0556":[{"pref":"高知県","city":"土佐清水市","town":"有永"}],"0327":[{"pref":"高知県","city":"土佐清水市","town":"市場町"}],"0302":[{"pref":"高知県","city":"土佐清水市","town":"以布利"}],"0447":[{"pref":"高知県","city":"土佐清水市","town":"上野"}],"0310":[{"pref":"高知県","city":"土佐清水市","town":"浦尻"}],"0331":[{"pref":"高知県","city":"土佐清水市","town":"越前町"}],"0328":[{"pref":"高知県","city":"土佐清水市","town":"戎町"}],"0301":[{"pref":"高知県","city":"土佐清水市","town":"大岐"}],"0314":[{"pref":"高知県","city":"土佐清水市","town":"大谷"}],"0562":[{"pref":"高知県","city":"土佐清水市","town":"大津"}],"0317":[{"pref":"高知県","city":"土佐清水市","town":"大浜"}],"0446":[{"pref":"高知県","city":"土佐清水市","town":"斧積"}],"0243":[{"pref":"高知県","city":"土佐清水市","town":"鍵掛"}],"0561":[{"pref":"高知県","city":"土佐清水市","town":"貝ノ川"}],"0334":[{"pref":"高知県","city":"土佐清水市","town":"加久見入沢町"}],"0335":[{"pref":"高知県","city":"土佐清水市","town":"加久見新町"}],"0338":[{"pref":"高知県","city":"土佐清水市","town":"加久見（松崎）"}],"0336":[{"pref":"高知県","city":"土佐清水市","town":"加久見（その他）"}],"0560":[{"pref":"高知県","city":"土佐清水市","town":"片粕"}],"0312":[{"pref":"高知県","city":"土佐清水市","town":"窪津"}],"0244":[{"pref":"高知県","city":"土佐清水市","town":"久百々"}],"0311":[{"pref":"高知県","city":"土佐清水市","town":"グリーンハイツ"}],"0308":[{"pref":"高知県","city":"土佐清水市","town":"厚生町"}],"0322":[{"pref":"高知県","city":"土佐清水市","town":"小江町"}],"0323":[{"pref":"高知県","city":"土佐清水市","town":"寿町"}],"0306":[{"pref":"高知県","city":"土佐清水市","town":"幸町"}],"0325":[{"pref":"高知県","city":"土佐清水市","town":"栄町"}],"0332":[{"pref":"高知県","city":"土佐清水市","town":"汐見町"}],"0320":[{"pref":"高知県","city":"土佐清水市","town":"清水"}],"0330":[{"pref":"高知県","city":"土佐清水市","town":"清水ヶ丘"}],"0559":[{"pref":"高知県","city":"土佐清水市","town":"下川口"}],"0242":[{"pref":"高知県","city":"土佐清水市","town":"下ノ加江"}],"0445":[{"pref":"高知県","city":"土佐清水市","town":"下益野"}],"0563":[{"pref":"高知県","city":"土佐清水市","town":"宗呂甲"}],"0557":[{"pref":"高知県","city":"土佐清水市","town":"宗呂乙"}],"0558":[{"pref":"高知県","city":"土佐清水市","town":"宗呂丙"}],"0452":[{"pref":"高知県","city":"土佐清水市","town":"竜串"}],"0240":[{"pref":"高知県","city":"土佐清水市","town":"立石"}],"0324":[{"pref":"高知県","city":"土佐清水市","town":"中央町"}],"0453":[{"pref":"高知県","city":"土佐清水市","town":"爪白"}],"0313":[{"pref":"高知県","city":"土佐清水市","town":"津呂"}],"0305":[{"pref":"高知県","city":"土佐清水市","town":"天神町"}],"0318":[{"pref":"高知県","city":"土佐清水市","town":"中浜"}],"0333":[{"pref":"高知県","city":"土佐清水市","town":"西町"}],"0241":[{"pref":"高知県","city":"土佐清水市","town":"布"}],"0321":[{"pref":"高知県","city":"土佐清水市","town":"浜町"}],"0326":[{"pref":"高知県","city":"土佐清水市","town":"本町"}],"0316":[{"pref":"高知県","city":"土佐清水市","town":"松尾"}],"0450":[{"pref":"高知県","city":"土佐清水市","town":"三崎"}],"0451":[{"pref":"高知県","city":"土佐清水市","town":"三崎浦"}],"0307":[{"pref":"高知県","city":"土佐清水市","town":"緑ケ丘"}],"0304":[{"pref":"高知県","city":"土佐清水市","town":"元町"}],"0337":[{"pref":"高知県","city":"土佐清水市","town":"養老"}],"0339":[{"pref":"高知県","city":"土佐清水市","town":"横道"}],"0000":[{"pref":"高知県","city":"四万十市","town":"以下に掲載がない場合"}],"0007":[{"pref":"高知県","city":"四万十市","town":"秋田"}],"0052":[{"pref":"高知県","city":"四万十市","town":"赤松町"}],"0006":[{"pref":"高知県","city":"四万十市","town":"麻生"}],"0668":[{"pref":"高知県","city":"四万十市","town":"荒川"}],"0771":[{"pref":"高知県","city":"四万十市","town":"有岡"}],"0150":[{"pref":"高知県","city":"四万十市","town":"井沢"}],"0773":[{"pref":"高知県","city":"四万十市","town":"磯ノ川"}],"0015":[{"pref":"高知県","city":"四万十市","town":"右山"}],"0012":[{"pref":"高知県","city":"四万十市","town":"右山五月町"}],"0013":[{"pref":"高知県","city":"四万十市","town":"右山天神町"}],"0011":[{"pref":"高知県","city":"四万十市","town":"右山元町"}],"0014":[{"pref":"高知県","city":"四万十市","town":"駅前町"}],"0669":[{"pref":"高知県","city":"四万十市","town":"江ノ村"}],"0774":[{"pref":"高知県","city":"四万十市","town":"生ノ川"}],"0776":[{"pref":"高知県","city":"四万十市","town":"上ノ土居"}],"0775":[{"pref":"高知県","city":"四万十市","town":"九樹"}],"0666":[{"pref":"高知県","city":"四万十市","town":"楠島"}],"0019":[{"pref":"高知県","city":"四万十市","town":"具同"}],"0051":[{"pref":"高知県","city":"四万十市","town":"具同田黒"}],"0667":[{"pref":"高知県","city":"四万十市","town":"国見"}],"0010":[{"pref":"高知県","city":"四万十市","town":"古津賀"}],"0009":[{"pref":"高知県","city":"四万十市","town":"佐岡"}],"0156":[{"pref":"高知県","city":"四万十市","town":"坂本"}],"0158":[{"pref":"高知県","city":"四万十市","town":"実崎"}],"0155":[{"pref":"高知県","city":"四万十市","town":"下田"}],"0151":[{"pref":"高知県","city":"四万十市","town":"竹島"}],"0161":[{"pref":"高知県","city":"四万十市","town":"津蔵渕"}],"0016":[{"pref":"高知県","city":"四万十市","town":"角崎"}],"0026":[{"pref":"高知県","city":"四万十市","town":"中村愛宕町"}],"0025":[{"pref":"高知県","city":"四万十市","town":"中村一条通"}],"0036":[{"pref":"高知県","city":"四万十市","town":"中村岩崎町"}],"0033":[{"pref":"高知県","city":"四万十市","town":"中村大橋通"}],"0024":[{"pref":"高知県","city":"四万十市","town":"中村於東町"}],"0030":[{"pref":"高知県","city":"四万十市","town":"中村上小姓町"}],"0021":[{"pref":"高知県","city":"四万十市","town":"中村京町"}],"0029":[{"pref":"高知県","city":"四万十市","town":"中村小姓町"}],"0032":[{"pref":"高知県","city":"四万十市","town":"中村栄町"}],"0002":[{"pref":"高知県","city":"四万十市","town":"中村桜町"}],"0037":[{"pref":"高知県","city":"四万十市","town":"中村四万十町"}],"0022":[{"pref":"高知県","city":"四万十市","town":"中村新町"}],"0027":[{"pref":"高知県","city":"四万十市","town":"中村天神橋"}],"0038":[{"pref":"高知県","city":"四万十市","town":"中村百笑町"}],"0035":[{"pref":"高知県","city":"四万十市","town":"中村羽生小路"}],"0031":[{"pref":"高知県","city":"四万十市","town":"中村東下町"}],"0023":[{"pref":"高知県","city":"四万十市","town":"中村東町"}],"0001":[{"pref":"高知県","city":"四万十市","town":"中村本町"}],"0004":[{"pref":"高知県","city":"四万十市","town":"中村丸の内（丸の内ハイランド）"}],"0003":[{"pref":"高知県","city":"四万十市","town":"中村丸の内（その他）"}],"0028":[{"pref":"高知県","city":"四万十市","town":"中村山手通"}],"0034":[{"pref":"高知県","city":"四万十市","town":"中村弥生町"}],"0005":[{"pref":"高知県","city":"四万十市","town":"中村（桂山団地）"}],"0163":[{"pref":"高知県","city":"四万十市","town":"名鹿"}],"0152":[{"pref":"高知県","city":"四万十市","town":"鍋島"}],"0020":[{"pref":"高知県","city":"四万十市","town":"入田"}],"0162":[{"pref":"高知県","city":"四万十市","town":"初崎"}],"0154":[{"pref":"高知県","city":"四万十市","town":"平野"}],"0159":[{"pref":"高知県","city":"四万十市","town":"深木"}],"0153":[{"pref":"高知県","city":"四万十市","town":"双海"}],"0017":[{"pref":"高知県","city":"四万十市","town":"不破"}],"0018":[{"pref":"高知県","city":"四万十市","town":"不破上町"}],"0160":[{"pref":"高知県","city":"四万十市","town":"間崎"}],"0665":[{"pref":"高知県","city":"四万十市","town":"森沢"}],"0008":[{"pref":"高知県","city":"四万十市","town":"安並"}],"0157":[{"pref":"高知県","city":"四万十市","town":"山路"}],"0772":[{"pref":"高知県","city":"四万十市","town":"横瀬"}],"0050":[{"pref":"高知県","city":"四万十市","town":"渡川"}],"0800":[{"pref":"高知県","city":"幡多郡三原村","town":"以下に掲載がない場合"}],"0806":[{"pref":"高知県","city":"幡多郡三原村","town":"狼内"}],"0804":[{"pref":"高知県","city":"幡多郡三原村","town":"上下長谷"}],"0805":[{"pref":"高知県","city":"幡多郡三原村","town":"上長谷"}],"0815":[{"pref":"高知県","city":"幡多郡三原村","town":"亀ノ川"}],"0803":[{"pref":"高知県","city":"幡多郡三原村","town":"来栖野"}],"0816":[{"pref":"高知県","city":"幡多郡三原村","town":"下切"}],"0812":[{"pref":"高知県","city":"幡多郡三原村","town":"下長谷"}],"0807":[{"pref":"高知県","city":"幡多郡三原村","town":"成山"}],"0814":[{"pref":"高知県","city":"幡多郡三原村","town":"広野"}],"0813":[{"pref":"高知県","city":"幡多郡三原村","town":"皆尾"}],"0802":[{"pref":"高知県","city":"幡多郡三原村","town":"宮ノ川"}],"0801":[{"pref":"高知県","city":"幡多郡三原村","town":"柚ノ木"}],"0811":[{"pref":"高知県","city":"幡多郡三原村","town":"芳井"}]}