{"0000":[{"pref":"大阪府","city":"茨木市","town":"以下に掲載がない場合"}],"0001":[{"pref":"大阪府","city":"茨木市","town":"安威"}],"0831":[{"pref":"大阪府","city":"茨木市","town":"鮎川"}],"0897":[{"pref":"大阪府","city":"茨木市","town":"主原町"}],"0076":[{"pref":"大阪府","city":"茨木市","town":"井口台"}],"0842":[{"pref":"大阪府","city":"茨木市","town":"五十鈴町"}],"0005":[{"pref":"大阪府","city":"茨木市","town":"五日市"}],"0029":[{"pref":"大阪府","city":"茨木市","town":"五日市緑町"}],"0827":[{"pref":"大阪府","city":"茨木市","town":"稲葉町"}],"0871":[{"pref":"大阪府","city":"茨木市","town":"岩倉町"}],"0064":[{"pref":"大阪府","city":"茨木市","town":"上野町"}],"0877":[{"pref":"大阪府","city":"茨木市","town":"丑寅"}],"0042":[{"pref":"大阪府","city":"茨木市","town":"宇野辺"}],"0816":[{"pref":"大阪府","city":"茨木市","town":"永代町"}],"0888":[{"pref":"大阪府","city":"茨木市","town":"駅前"}],"0826":[{"pref":"大阪府","city":"茨木市","town":"大池"}],"0813":[{"pref":"大阪府","city":"茨木市","town":"大住町"}],"0018":[{"pref":"大阪府","city":"茨木市","town":"太田"}],"0013":[{"pref":"大阪府","city":"茨木市","town":"太田東芝町"}],"0883":[{"pref":"大阪府","city":"茨木市","town":"大手町"}],"0873":[{"pref":"大阪府","city":"茨木市","town":"小川町"}],"0833":[{"pref":"大阪府","city":"茨木市","town":"学園町"}],"0834":[{"pref":"大阪府","city":"茨木市","town":"学園南町"}],"0031":[{"pref":"大阪府","city":"茨木市","town":"春日"}],"0819":[{"pref":"大阪府","city":"茨木市","town":"片桐町"}],"0811":[{"pref":"大阪府","city":"茨木市","town":"上泉町"}],"0065":[{"pref":"大阪府","city":"茨木市","town":"上郡"}],"0881":[{"pref":"大阪府","city":"茨木市","town":"上中条"}],"0036":[{"pref":"大阪府","city":"茨木市","town":"上穂積"}],"0037":[{"pref":"大阪府","city":"茨木市","town":"上穂東町"}],"0048":[{"pref":"大阪府","city":"茨木市","town":"北春日丘"}],"0878":[{"pref":"大阪府","city":"茨木市","town":"蔵垣内"}],"0841":[{"pref":"大阪府","city":"茨木市","town":"桑田町"}],"0072":[{"pref":"大阪府","city":"茨木市","town":"郡"}],"0071":[{"pref":"大阪府","city":"茨木市","town":"郡山"}],"0043":[{"pref":"大阪府","city":"茨木市","town":"小坪井"}],"0852":[{"pref":"大阪府","city":"茨木市","town":"小柳町"}],"0084":[{"pref":"大阪府","city":"茨木市","town":"彩都あかね"}],"0085":[{"pref":"大阪府","city":"茨木市","town":"彩都あさぎ"}],"0082":[{"pref":"大阪府","city":"茨木市","town":"彩都はなだ"}],"0083":[{"pref":"大阪府","city":"茨木市","town":"彩都もえぎ"}],"0086":[{"pref":"大阪府","city":"茨木市","town":"彩都やまぶき"}],"0075":[{"pref":"大阪府","city":"茨木市","town":"道祖本"}],"0864":[{"pref":"大阪府","city":"茨木市","town":"沢良宜浜"}],"0863":[{"pref":"大阪府","city":"茨木市","town":"沢良宜東町"}],"0868":[{"pref":"大阪府","city":"茨木市","town":"沢良宜西"}],"0854":[{"pref":"大阪府","city":"茨木市","town":"島"}],"0059":[{"pref":"大阪府","city":"茨木市","town":"清水"}],"0045":[{"pref":"大阪府","city":"茨木市","town":"紫明園"}],"0066":[{"pref":"大阪府","city":"茨木市","town":"下井町"}],"0886":[{"pref":"大阪府","city":"茨木市","town":"下中条町"}],"0041":[{"pref":"大阪府","city":"茨木市","town":"下穂積"}],"0055":[{"pref":"大阪府","city":"茨木市","town":"宿川原町"}],"0051":[{"pref":"大阪府","city":"茨木市","town":"宿久庄"}],"0806":[{"pref":"大阪府","city":"茨木市","town":"庄"}],"0832":[{"pref":"大阪府","city":"茨木市","town":"白川"}],"0014":[{"pref":"大阪府","city":"茨木市","town":"城の前町"}],"0074":[{"pref":"大阪府","city":"茨木市","town":"新郡山"}],"0884":[{"pref":"大阪府","city":"茨木市","town":"新庄町"}],"0872":[{"pref":"大阪府","city":"茨木市","town":"新中条町"}],"0835":[{"pref":"大阪府","city":"茨木市","town":"新堂"}],"0855":[{"pref":"大阪府","city":"茨木市","town":"新和町"}],"0821":[{"pref":"大阪府","city":"茨木市","town":"末広町"}],"0801":[{"pref":"大阪府","city":"茨木市","town":"総持寺"}],"0802":[{"pref":"大阪府","city":"茨木市","town":"総持寺駅前町"}],"0804":[{"pref":"大阪府","city":"茨木市","town":"総持寺台"}],"0825":[{"pref":"大阪府","city":"茨木市","town":"園田町"}],"0867":[{"pref":"大阪府","city":"茨木市","town":"大正町"}],"0844":[{"pref":"大阪府","city":"茨木市","town":"大同町"}],"0011":[{"pref":"大阪府","city":"茨木市","town":"高田町"}],"0866":[{"pref":"大阪府","city":"茨木市","town":"高浜町"}],"0815":[{"pref":"大阪府","city":"茨木市","town":"竹橋町"}],"0025":[{"pref":"大阪府","city":"茨木市","town":"田中町"}],"0895":[{"pref":"大阪府","city":"茨木市","town":"玉櫛"}],"0846":[{"pref":"大阪府","city":"茨木市","town":"玉島"}],"0848":[{"pref":"大阪府","city":"茨木市","town":"玉島台"}],"0893":[{"pref":"大阪府","city":"茨木市","town":"玉瀬町"}],"0896":[{"pref":"大阪府","city":"茨木市","town":"玉水町"}],"0823":[{"pref":"大阪府","city":"茨木市","town":"寺田町"}],"0876":[{"pref":"大阪府","city":"茨木市","town":"天王"}],"0812":[{"pref":"大阪府","city":"茨木市","town":"東宮町"}],"0016":[{"pref":"大阪府","city":"茨木市","town":"十日市町"}],"0814":[{"pref":"大阪府","city":"茨木市","town":"戸伏町"}],"0057":[{"pref":"大阪府","city":"茨木市","town":"豊川"}],"0053":[{"pref":"大阪府","city":"茨木市","town":"豊原町"}],"0063":[{"pref":"大阪府","city":"茨木市","town":"中河原町"}],"0803":[{"pref":"大阪府","city":"茨木市","town":"中総持寺町"}],"0824":[{"pref":"大阪府","city":"茨木市","town":"中津町"}],"0034":[{"pref":"大阪府","city":"茨木市","town":"中穂積"}],"0822":[{"pref":"大阪府","city":"茨木市","town":"中村町"}],"0892":[{"pref":"大阪府","city":"茨木市","town":"並木町"}],"0874":[{"pref":"大阪府","city":"茨木市","town":"奈良町"}],"0008":[{"pref":"大阪府","city":"茨木市","town":"西安威"}],"0032":[{"pref":"大阪府","city":"茨木市","town":"西駅前町"}],"0015":[{"pref":"大阪府","city":"茨木市","town":"西太田町"}],"0023":[{"pref":"大阪府","city":"茨木市","town":"西河原"}],"0003":[{"pref":"大阪府","city":"茨木市","town":"西河原北町"}],"0027":[{"pref":"大阪府","city":"茨木市","town":"西田中町"}],"0887":[{"pref":"大阪府","city":"茨木市","town":"西中条町"}],"0058":[{"pref":"大阪府","city":"茨木市","town":"西豊川町"}],"0067":[{"pref":"大阪府","city":"茨木市","town":"西福井"}],"0073":[{"pref":"大阪府","city":"茨木市","town":"西穂積町"}],"0847":[{"pref":"大阪府","city":"茨木市","town":"野々宮"}],"0805":[{"pref":"大阪府","city":"茨木市","town":"橋の内"}],"0028":[{"pref":"大阪府","city":"茨木市","town":"畑田町"}],"0017":[{"pref":"大阪府","city":"茨木市","town":"花園"}],"0002":[{"pref":"大阪府","city":"茨木市","town":"東安威"}],"0879":[{"pref":"大阪府","city":"茨木市","town":"東宇野辺町"}],"0012":[{"pref":"大阪府","city":"茨木市","town":"東太田"}],"0885":[{"pref":"大阪府","city":"茨木市","town":"東中条町"}],"0861":[{"pref":"大阪府","city":"茨木市","town":"東奈良"}],"0838":[{"pref":"大阪府","city":"茨木市","town":"東野々宮町"}],"0062":[{"pref":"大阪府","city":"茨木市","town":"東福井"}],"0845":[{"pref":"大阪府","city":"茨木市","town":"平田"}],"0849":[{"pref":"大阪府","city":"茨木市","town":"平田台"}],"0061":[{"pref":"大阪府","city":"茨木市","town":"福井"}],"0054":[{"pref":"大阪府","city":"茨木市","town":"藤の里"}],"0829":[{"pref":"大阪府","city":"茨木市","town":"双葉町"}],"0828":[{"pref":"大阪府","city":"茨木市","town":"舟木町"}],"0817":[{"pref":"大阪府","city":"茨木市","town":"別院町"}],"0843":[{"pref":"大阪府","city":"茨木市","town":"星見町"}],"0044":[{"pref":"大阪府","city":"茨木市","town":"穂積台"}],"0818":[{"pref":"大阪府","city":"茨木市","town":"本町"}],"0851":[{"pref":"大阪府","city":"茨木市","town":"真砂"}],"0850":[{"pref":"大阪府","city":"茨木市","town":"真砂玉島台"}],"0033":[{"pref":"大阪府","city":"茨木市","town":"松ケ本町"}],"0026":[{"pref":"大阪府","city":"茨木市","town":"松下町"}],"0024":[{"pref":"大阪府","city":"茨木市","town":"三咲町"}],"0862":[{"pref":"大阪府","city":"茨木市","town":"美沢町"}],"0021":[{"pref":"大阪府","city":"茨木市","town":"三島丘"}],"0022":[{"pref":"大阪府","city":"茨木市","town":"三島町"}],"0891":[{"pref":"大阪府","city":"茨木市","town":"水尾"}],"0035":[{"pref":"大阪府","city":"茨木市","town":"見付山"}],"0007":[{"pref":"大阪府","city":"茨木市","town":"南安威"}],"0046":[{"pref":"大阪府","city":"茨木市","town":"南春日丘"}],"0056":[{"pref":"大阪府","city":"茨木市","town":"南清水町"}],"0004":[{"pref":"大阪府","city":"茨木市","town":"南耳原"}],"0837":[{"pref":"大阪府","city":"茨木市","town":"南目垣"}],"0006":[{"pref":"大阪府","city":"茨木市","town":"耳原"}],"0047":[{"pref":"大阪府","city":"茨木市","town":"美穂ケ丘"}],"0853":[{"pref":"大阪府","city":"茨木市","town":"宮島"}],"0810":[{"pref":"大阪府","city":"茨木市","town":"宮元町"}],"0052":[{"pref":"大阪府","city":"茨木市","town":"室山"}],"0836":[{"pref":"大阪府","city":"茨木市","town":"目垣"}],"0882":[{"pref":"大阪府","city":"茨木市","town":"元町"}],"0009":[{"pref":"大阪府","city":"茨木市","town":"山手台"}],"0010":[{"pref":"大阪府","city":"茨木市","town":"山手台新町"}],"0865":[{"pref":"大阪府","city":"茨木市","town":"横江"}],"0875":[{"pref":"大阪府","city":"茨木市","town":"若草町"}],"0894":[{"pref":"大阪府","city":"茨木市","town":"若園町"}]}