{"0000":[{"pref":"神奈川県","city":"川崎市川崎区","town":"以下に掲載がない場合"}],"0847":[{"pref":"神奈川県","city":"川崎市川崎区","town":"浅田"}],"0854":[{"pref":"神奈川県","city":"川崎市川崎区","town":"浅野町"}],"0808":[{"pref":"神奈川県","city":"川崎市川崎区","town":"旭町"}],"0832":[{"pref":"神奈川県","city":"川崎市川崎区","town":"池上新町"}],"0864":[{"pref":"神奈川県","city":"川崎市川崎区","town":"池上町"}],"0022":[{"pref":"神奈川県","city":"川崎市川崎区","town":"池田"}],"0006":[{"pref":"神奈川県","city":"川崎市川崎区","town":"砂子"}],"0805":[{"pref":"神奈川県","city":"川崎市川崎区","town":"伊勢町"}],"0862":[{"pref":"神奈川県","city":"川崎市川崎区","town":"浮島町"}],"0823":[{"pref":"神奈川県","city":"川崎市川崎区","town":"江川"}],"0007":[{"pref":"神奈川県","city":"川崎市川崎区","town":"駅前本町"}],"0002":[{"pref":"神奈川県","city":"川崎市川崎区","town":"榎町"}],"0835":[{"pref":"神奈川県","city":"川崎市川崎区","town":"追分町"}],"0867":[{"pref":"神奈川県","city":"川崎市川崎区","town":"扇町"}],"0858":[{"pref":"神奈川県","city":"川崎市川崎区","town":"大川町"}],"0868":[{"pref":"神奈川県","city":"川崎市川崎区","town":"扇島"}],"0834":[{"pref":"神奈川県","city":"川崎市川崎区","town":"大島"}],"0836":[{"pref":"神奈川県","city":"川崎市川崎区","town":"大島上町"}],"0023":[{"pref":"神奈川県","city":"川崎市川崎区","town":"小川町"}],"0846":[{"pref":"神奈川県","city":"川崎市川崎区","town":"小田"}],"0843":[{"pref":"神奈川県","city":"川崎市川崎区","town":"小田栄"}],"0014":[{"pref":"神奈川県","city":"川崎市川崎区","town":"貝塚"}],"0803":[{"pref":"神奈川県","city":"川崎市川崎区","town":"川中島"}],"0831":[{"pref":"神奈川県","city":"川崎市川崎区","town":"観音"}],"0848":[{"pref":"神奈川県","city":"川崎市川崎区","town":"京町"}],"0852":[{"pref":"神奈川県","city":"川崎市川崎区","town":"鋼管通"}],"0861":[{"pref":"神奈川県","city":"川崎市川崎区","town":"小島町"}],"0838":[{"pref":"神奈川県","city":"川崎市川崎区","town":"境町"}],"0833":[{"pref":"神奈川県","city":"川崎市川崎区","town":"桜本"}],"0826":[{"pref":"神奈川県","city":"川崎市川崎区","town":"塩浜"}],"0025":[{"pref":"神奈川県","city":"川崎市川崎区","town":"下並木"}],"0813":[{"pref":"神奈川県","city":"川崎市川崎区","town":"昭和"}],"0857":[{"pref":"神奈川県","city":"川崎市川崎区","town":"白石町"}],"0013":[{"pref":"神奈川県","city":"川崎市川崎区","town":"新川通"}],"0801":[{"pref":"神奈川県","city":"川崎市川崎区","town":"鈴木町"}],"0814":[{"pref":"神奈川県","city":"川崎市川崎区","town":"台町"}],"0853":[{"pref":"神奈川県","city":"川崎市川崎区","town":"田島町"}],"0856":[{"pref":"神奈川県","city":"川崎市川崎区","town":"田辺新田"}],"0822":[{"pref":"神奈川県","city":"川崎市川崎区","town":"田町"}],"0802":[{"pref":"神奈川県","city":"川崎市川崎区","town":"大師駅前"}],"0811":[{"pref":"神奈川県","city":"川崎市川崎区","town":"大師河原"}],"0815":[{"pref":"神奈川県","city":"川崎市川崎区","town":"大師公園"}],"0817":[{"pref":"神奈川県","city":"川崎市川崎区","town":"大師本町"}],"0816":[{"pref":"神奈川県","city":"川崎市川崎区","town":"大師町"}],"0865":[{"pref":"神奈川県","city":"川崎市川崎区","town":"千鳥町"}],"0026":[{"pref":"神奈川県","city":"川崎市川崎区","town":"堤根"}],"0825":[{"pref":"神奈川県","city":"川崎市川崎区","town":"出来野"}],"0821":[{"pref":"神奈川県","city":"川崎市川崎区","town":"殿町"}],"0806":[{"pref":"神奈川県","city":"川崎市川崎区","town":"中島"}],"0818":[{"pref":"神奈川県","city":"川崎市川崎区","town":"中瀬"}],"0024":[{"pref":"神奈川県","city":"川崎市川崎区","town":"日進町"}],"0851":[{"pref":"神奈川県","city":"川崎市川崎区","town":"浜町"}],"0869":[{"pref":"神奈川県","city":"川崎市川崎区","town":"東扇島"}],"0005":[{"pref":"神奈川県","city":"川崎市川崎区","town":"東田町"}],"0812":[{"pref":"神奈川県","city":"川崎市川崎区","town":"東門前"}],"0824":[{"pref":"神奈川県","city":"川崎市川崎区","town":"日ノ出"}],"0804":[{"pref":"神奈川県","city":"川崎市川崎区","town":"藤崎"}],"0011":[{"pref":"神奈川県","city":"川崎市川崎区","town":"富士見"}],"0003":[{"pref":"神奈川県","city":"川崎市川崎区","town":"堀之内町"}],"0001":[{"pref":"神奈川県","city":"川崎市川崎区","town":"本町"}],"0866":[{"pref":"神奈川県","city":"川崎市川崎区","town":"水江町"}],"0807":[{"pref":"神奈川県","city":"川崎市川崎区","town":"港町"}],"0015":[{"pref":"神奈川県","city":"川崎市川崎区","town":"南町"}],"0855":[{"pref":"神奈川県","city":"川崎市川崎区","town":"南渡田町"}],"0012":[{"pref":"神奈川県","city":"川崎市川崎区","town":"宮前町"}],"0004":[{"pref":"神奈川県","city":"川崎市川崎区","town":"宮本町"}],"0021":[{"pref":"神奈川県","city":"川崎市川崎区","town":"元木"}],"0863":[{"pref":"神奈川県","city":"川崎市川崎区","town":"夜光"}],"0828":[{"pref":"神奈川県","city":"川崎市川崎区","town":"四谷上町"}],"0827":[{"pref":"神奈川県","city":"川崎市川崎区","town":"四谷下町"}],"0837":[{"pref":"神奈川県","city":"川崎市川崎区","town":"渡田"}],"0845":[{"pref":"神奈川県","city":"川崎市川崎区","town":"渡田山王町"}],"0844":[{"pref":"神奈川県","city":"川崎市川崎区","town":"渡田新町"}],"0842":[{"pref":"神奈川県","city":"川崎市川崎区","town":"渡田東町"}],"0841":[{"pref":"神奈川県","city":"川崎市川崎区","town":"渡田向町"}]}