{"0602":[{"pref":"栃木県","city":"栃木市","town":"西方町金井"}],"0601":[{"pref":"栃木県","city":"栃木市","town":"西方町金崎"}],"0603":[{"pref":"栃木県","city":"栃木市","town":"西方町本郷"}],"0606":[{"pref":"栃木県","city":"栃木市","town":"西方町本城"}],"0605":[{"pref":"栃木県","city":"栃木市","town":"西方町真名子"}],"0604":[{"pref":"栃木県","city":"栃木市","town":"西方町元"}],"0000":[{"pref":"栃木県","city":"鹿沼市","town":"以下に掲載がない場合"}],"0058":[{"pref":"栃木県","city":"鹿沼市","town":"麻苧町"}],"0345":[{"pref":"栃木県","city":"鹿沼市","town":"旭が丘"}],"0035":[{"pref":"栃木県","city":"鹿沼市","town":"朝日町"}],"0022":[{"pref":"栃木県","city":"鹿沼市","town":"東町"}],"0342":[{"pref":"栃木県","city":"鹿沼市","town":"油田町"}],"0018":[{"pref":"栃木県","city":"鹿沼市","town":"池ノ森"}],"0055":[{"pref":"栃木県","city":"鹿沼市","town":"石橋町"}],"0062":[{"pref":"栃木県","city":"鹿沼市","town":"泉町"}],"0536":[{"pref":"栃木県","city":"鹿沼市","town":"磯町"}],"0068":[{"pref":"栃木県","city":"鹿沼市","town":"今宮町"}],"0307":[{"pref":"栃木県","city":"鹿沼市","town":"入粟野"}],"0021":[{"pref":"栃木県","city":"鹿沼市","town":"上野町"}],"0525":[{"pref":"栃木県","city":"鹿沼市","town":"大和田町"}],"0005":[{"pref":"栃木県","city":"鹿沼市","town":"御成橋町"}],"0027":[{"pref":"栃木県","city":"鹿沼市","town":"貝島町"}],"0304":[{"pref":"栃木県","city":"鹿沼市","town":"柏木"}],"0252":[{"pref":"栃木県","city":"鹿沼市","town":"加園"}],"0015":[{"pref":"栃木県","city":"鹿沼市","town":"上石川"}],"0102":[{"pref":"栃木県","city":"鹿沼市","town":"上大久保"}],"0423":[{"pref":"栃木県","city":"鹿沼市","town":"上粕尾"}],"0254":[{"pref":"栃木県","city":"鹿沼市","town":"上久我"}],"0065":[{"pref":"栃木県","city":"鹿沼市","town":"上材木町"}],"0066":[{"pref":"栃木県","city":"鹿沼市","town":"上田町"}],"0045":[{"pref":"栃木県","city":"鹿沼市","town":"上殿町"}],"0522":[{"pref":"栃木県","city":"鹿沼市","town":"上奈良部町"}],"0346":[{"pref":"栃木県","city":"鹿沼市","town":"上南摩町"}],"0076":[{"pref":"栃木県","city":"鹿沼市","town":"上日向"}],"0534":[{"pref":"栃木県","city":"鹿沼市","town":"亀和田町"}],"0533":[{"pref":"栃木県","city":"鹿沼市","town":"北赤塚町"}],"0301":[{"pref":"栃木県","city":"鹿沼市","town":"北半田"}],"0052":[{"pref":"栃木県","city":"鹿沼市","town":"銀座"}],"0101":[{"pref":"栃木県","city":"鹿沼市","town":"草久"}],"0305":[{"pref":"栃木県","city":"鹿沼市","town":"口粟野"}],"0303":[{"pref":"栃木県","city":"鹿沼市","town":"久野"}],"0051":[{"pref":"栃木県","city":"鹿沼市","town":"久保町"}],"0024":[{"pref":"栃木県","city":"鹿沼市","town":"晃望台"}],"0009":[{"pref":"栃木県","city":"鹿沼市","town":"高谷"}],"0008":[{"pref":"栃木県","city":"鹿沼市","town":"古賀志町"}],"0023":[{"pref":"栃木県","city":"鹿沼市","town":"幸町"}],"0028":[{"pref":"栃木県","city":"鹿沼市","town":"栄町"}],"0069":[{"pref":"栃木県","city":"鹿沼市","town":"坂田山"}],"0047":[{"pref":"栃木県","city":"鹿沼市","town":"酒野谷"}],"0078":[{"pref":"栃木県","city":"鹿沼市","town":"笹原田"}],"0014":[{"pref":"栃木県","city":"鹿沼市","town":"さつき町"}],"0343":[{"pref":"栃木県","city":"鹿沼市","town":"佐目町"}],"0041":[{"pref":"栃木県","city":"鹿沼市","town":"三幸町"}],"0527":[{"pref":"栃木県","city":"鹿沼市","town":"塩山町"}],"0017":[{"pref":"栃木県","city":"鹿沼市","town":"下石川"}],"0103":[{"pref":"栃木県","city":"鹿沼市","town":"下大久保"}],"0421":[{"pref":"栃木県","city":"鹿沼市","town":"下粕尾"}],"0253":[{"pref":"栃木県","city":"鹿沼市","town":"下久我"}],"0056":[{"pref":"栃木県","city":"鹿沼市","town":"下材木町"}],"0256":[{"pref":"栃木県","city":"鹿沼市","town":"下沢"}],"0004":[{"pref":"栃木県","city":"鹿沼市","town":"下武子町"}],"0036":[{"pref":"栃木県","city":"鹿沼市","town":"下田町"}],"0079":[{"pref":"栃木県","city":"鹿沼市","town":"下遠部"}],"0523":[{"pref":"栃木県","city":"鹿沼市","town":"下奈良部町"}],"0341":[{"pref":"栃木県","city":"鹿沼市","town":"下南摩町"}],"0075":[{"pref":"栃木県","city":"鹿沼市","town":"下日向"}],"0054":[{"pref":"栃木県","city":"鹿沼市","town":"下横町"}],"0011":[{"pref":"栃木県","city":"鹿沼市","town":"白桑田"}],"0038":[{"pref":"栃木県","city":"鹿沼市","town":"末広町"}],"0061":[{"pref":"栃木県","city":"鹿沼市","town":"千手町"}],"0002":[{"pref":"栃木県","city":"鹿沼市","town":"千渡"}],"0007":[{"pref":"栃木県","city":"鹿沼市","town":"武子"}],"0072":[{"pref":"栃木県","city":"鹿沼市","town":"玉田町"}],"0057":[{"pref":"栃木県","city":"鹿沼市","town":"寺町"}],"0067":[{"pref":"栃木県","city":"鹿沼市","town":"天神町"}],"0001":[{"pref":"栃木県","city":"鹿沼市","town":"栃窪"}],"0063":[{"pref":"栃木県","city":"鹿沼市","town":"戸張町"}],"0006":[{"pref":"栃木県","city":"鹿沼市","town":"富岡"}],"0044":[{"pref":"栃木県","city":"鹿沼市","town":"鳥居跡町"}],"0306":[{"pref":"栃木県","city":"鹿沼市","town":"中粟野"}],"0422":[{"pref":"栃木県","city":"鹿沼市","town":"中粕尾"}],"0037":[{"pref":"栃木県","city":"鹿沼市","town":"中田町"}],"0053":[{"pref":"栃木県","city":"鹿沼市","town":"仲町"}],"0528":[{"pref":"栃木県","city":"鹿沼市","town":"奈佐原町"}],"0003":[{"pref":"栃木県","city":"鹿沼市","town":"仁神堂町"}],"0073":[{"pref":"栃木県","city":"鹿沼市","town":"西鹿沼町"}],"0344":[{"pref":"栃木県","city":"鹿沼市","town":"西沢町"}],"0029":[{"pref":"栃木県","city":"鹿沼市","town":"西茂呂"}],"0521":[{"pref":"栃木県","city":"鹿沼市","town":"日光奈良部町"}],"0526":[{"pref":"栃木県","city":"鹿沼市","town":"楡木町"}],"0535":[{"pref":"栃木県","city":"鹿沼市","town":"野沢町"}],"0251":[{"pref":"栃木県","city":"鹿沼市","town":"野尻"}],"0049":[{"pref":"栃木県","city":"鹿沼市","town":"花岡町"}],"0039":[{"pref":"栃木県","city":"鹿沼市","town":"東末広町"}],"0255":[{"pref":"栃木県","city":"鹿沼市","town":"引田"}],"0074":[{"pref":"栃木県","city":"鹿沼市","town":"日吉町"}],"0077":[{"pref":"栃木県","city":"鹿沼市","town":"深岩"}],"0013":[{"pref":"栃木県","city":"鹿沼市","town":"深津"}],"0302":[{"pref":"栃木県","city":"鹿沼市","town":"深程"}],"0532":[{"pref":"栃木県","city":"鹿沼市","town":"藤江町"}],"0034":[{"pref":"栃木県","city":"鹿沼市","town":"府中町"}],"0033":[{"pref":"栃木県","city":"鹿沼市","town":"府所町"}],"0032":[{"pref":"栃木県","city":"鹿沼市","town":"府所本町"}],"0064":[{"pref":"栃木県","city":"鹿沼市","town":"文化橋町"}],"0042":[{"pref":"栃木県","city":"鹿沼市","town":"蓬莱町"}],"0012":[{"pref":"栃木県","city":"鹿沼市","town":"松原"}],"0025":[{"pref":"栃木県","city":"鹿沼市","town":"緑町"}],"0531":[{"pref":"栃木県","city":"鹿沼市","town":"南上野町"}],"0524":[{"pref":"栃木県","city":"鹿沼市","town":"みなみ町"}],"0071":[{"pref":"栃木県","city":"鹿沼市","town":"見野"}],"0031":[{"pref":"栃木県","city":"鹿沼市","town":"睦町"}],"0048":[{"pref":"栃木県","city":"鹿沼市","town":"村井町"}],"0046":[{"pref":"栃木県","city":"鹿沼市","town":"樅山町"}],"0026":[{"pref":"栃木県","city":"鹿沼市","town":"茂呂"}],"0043":[{"pref":"栃木県","city":"鹿沼市","town":"万町"}],"0016":[{"pref":"栃木県","city":"鹿沼市","town":"流通センター"}]}