{"0000":[{"pref":"大分県","city":"臼杵市","town":"以下に掲載がない場合"}],"0065":[{"pref":"大分県","city":"臼杵市","town":"家野"}],"0034":[{"pref":"大分県","city":"臼杵市","town":"板知屋"}],"0052":[{"pref":"大分県","city":"臼杵市","town":"市浜"}],"0082":[{"pref":"大分県","city":"臼杵市","town":"稲田"}],"0083":[{"pref":"大分県","city":"臼杵市","town":"井村"}],"0041":[{"pref":"大分県","city":"臼杵市","town":"臼杵"}],"0023":[{"pref":"大分県","city":"臼杵市","town":"江無田"}],"0033":[{"pref":"大分県","city":"臼杵市","town":"大泊"}],"0004":[{"pref":"大分県","city":"臼杵市","town":"大野"}],"0012":[{"pref":"大分県","city":"臼杵市","town":"大浜"}],"0077":[{"pref":"大分県","city":"臼杵市","town":"乙見"}],"0042":[{"pref":"大分県","city":"臼杵市","town":"海添"}],"0073":[{"pref":"大分県","city":"臼杵市","town":"掻懐"}],"0032":[{"pref":"大分県","city":"臼杵市","town":"風成"}],"0070":[{"pref":"大分県","city":"臼杵市","town":"久木小野"}],"0001":[{"pref":"大分県","city":"臼杵市","town":"佐志生"}],"0074":[{"pref":"大分県","city":"臼杵市","town":"左津留"}],"0002":[{"pref":"大分県","city":"臼杵市","town":"下ノ江"}],"0022":[{"pref":"大分県","city":"臼杵市","town":"末広"}],"0011":[{"pref":"大分県","city":"臼杵市","town":"諏訪"}],"0003":[{"pref":"大分県","city":"臼杵市","town":"田井"}],"0078":[{"pref":"大分県","city":"臼杵市","town":"高山"}],"0084":[{"pref":"大分県","city":"臼杵市","town":"岳谷"}],"0079":[{"pref":"大分県","city":"臼杵市","town":"武山"}],"0021":[{"pref":"大分県","city":"臼杵市","town":"田尻"}],"0051":[{"pref":"大分県","city":"臼杵市","town":"戸室"}],"0072":[{"pref":"大分県","city":"臼杵市","town":"中臼杵"}],"0075":[{"pref":"大分県","city":"臼杵市","town":"中尾"}],"0013":[{"pref":"大分県","city":"臼杵市","town":"中津浦"}],"0043":[{"pref":"大分県","city":"臼杵市","town":"二王座"}],"0062":[{"pref":"大分県","city":"臼杵市","town":"野田"}],"0221":[{"pref":"大分県","city":"臼杵市","town":"野津町秋山"}],"0343":[{"pref":"大分県","city":"臼杵市","town":"野津町岩屋"}],"0232":[{"pref":"大分県","city":"臼杵市","town":"野津町烏嶽"}],"0212":[{"pref":"大分県","city":"臼杵市","town":"野津町老松"}],"0215":[{"pref":"大分県","city":"臼杵市","town":"野津町王子"}],"0342":[{"pref":"大分県","city":"臼杵市","town":"野津町落谷"}],"0352":[{"pref":"大分県","city":"臼杵市","town":"野津町垣河内"}],"0216":[{"pref":"大分県","city":"臼杵市","town":"野津町亀甲"}],"0237":[{"pref":"大分県","city":"臼杵市","town":"野津町西寒田"}],"0344":[{"pref":"大分県","city":"臼杵市","town":"野津町白岩"}],"0341":[{"pref":"大分県","city":"臼杵市","town":"野津町清水原"}],"0231":[{"pref":"大分県","city":"臼杵市","town":"野津町千塚"}],"0351":[{"pref":"大分県","city":"臼杵市","town":"野津町泊"}],"0353":[{"pref":"大分県","city":"臼杵市","town":"野津町西神野"}],"0224":[{"pref":"大分県","city":"臼杵市","town":"野津町西畑"}],"0201":[{"pref":"大分県","city":"臼杵市","town":"野津町野津市"}],"0213":[{"pref":"大分県","city":"臼杵市","town":"野津町八里合"}],"0234":[{"pref":"大分県","city":"臼杵市","town":"野津町原"}],"0323":[{"pref":"大分県","city":"臼杵市","town":"野津町東谷（三重谷）"}],"0223":[{"pref":"大分県","city":"臼杵市","town":"野津町東谷（その他）"}],"0214":[{"pref":"大分県","city":"臼杵市","town":"野津町福良木"}],"0235":[{"pref":"大分県","city":"臼杵市","town":"野津町藤小野"}],"0203":[{"pref":"大分県","city":"臼杵市","town":"野津町前河内"}],"0211":[{"pref":"大分県","city":"臼杵市","town":"野津町都原"}],"0233":[{"pref":"大分県","city":"臼杵市","town":"野津町宮原"}],"0202":[{"pref":"大分県","city":"臼杵市","town":"野津町山頭"}],"0236":[{"pref":"大分県","city":"臼杵市","town":"野津町柚野木"}],"0222":[{"pref":"大分県","city":"臼杵市","town":"野津町吉田"}],"0076":[{"pref":"大分県","city":"臼杵市","town":"東神野"}],"0031":[{"pref":"大分県","city":"臼杵市","town":"深江"}],"0064":[{"pref":"大分県","city":"臼杵市","town":"深田"}],"0053":[{"pref":"大分県","city":"臼杵市","town":"福良"}],"0081":[{"pref":"大分県","city":"臼杵市","town":"藤河内"}],"0061":[{"pref":"大分県","city":"臼杵市","town":"前田"}],"0063":[{"pref":"大分県","city":"臼杵市","town":"望月"}],"0071":[{"pref":"大分県","city":"臼杵市","town":"吉小野"}]}