{"0000":[{"pref":"大阪府","city":"松原市","town":"以下に掲載がない場合"}],"0043":[{"pref":"大阪府","city":"松原市","town":"阿保"}],"0032":[{"pref":"大阪府","city":"松原市","town":"天美東"}],"0034":[{"pref":"大阪府","city":"松原市","town":"天美西"}],"0033":[{"pref":"大阪府","city":"松原市","town":"天美南"}],"0031":[{"pref":"大阪府","city":"松原市","town":"天美北"}],"0026":[{"pref":"大阪府","city":"松原市","town":"天美我堂"}],"0016":[{"pref":"大阪府","city":"松原市","town":"上田"}],"0006":[{"pref":"大阪府","city":"松原市","town":"大堀"}],"0014":[{"pref":"大阪府","city":"松原市","town":"岡"}],"0002":[{"pref":"大阪府","city":"松原市","town":"小川"}],"0022":[{"pref":"大阪府","city":"松原市","town":"河合"}],"0025":[{"pref":"大阪府","city":"松原市","town":"北新町"}],"0017":[{"pref":"大阪府","city":"松原市","town":"柴垣"}],"0015":[{"pref":"大阪府","city":"松原市","town":"新堂"}],"0044":[{"pref":"大阪府","city":"松原市","town":"田井城"}],"0021":[{"pref":"大阪府","city":"松原市","town":"高見の里"}],"0012":[{"pref":"大阪府","city":"松原市","town":"立部"}],"0013":[{"pref":"大阪府","city":"松原市","town":"丹南"}],"0011":[{"pref":"大阪府","city":"松原市","town":"西大塚"}],"0004":[{"pref":"大阪府","city":"松原市","town":"西野々"}],"0024":[{"pref":"大阪府","city":"松原市","town":"東新町"}],"0003":[{"pref":"大阪府","city":"松原市","town":"一津屋"}],"0005":[{"pref":"大阪府","city":"松原市","town":"別所"}],"0042":[{"pref":"大阪府","city":"松原市","town":"松ケ丘"}],"0023":[{"pref":"大阪府","city":"松原市","town":"南新町"}],"0046":[{"pref":"大阪府","city":"松原市","town":"三宅中"}],"0041":[{"pref":"大阪府","city":"松原市","town":"三宅東"}],"0045":[{"pref":"大阪府","city":"松原市","town":"三宅西"}],"0001":[{"pref":"大阪府","city":"松原市","town":"若林"}]}