{"1161":[{"pref":"北海道","city":"深川市","town":"音江町（更進）"}],"1162":[{"pref":"北海道","city":"深川市","town":"音江町（菊丘）"}],"1163":[{"pref":"北海道","city":"深川市","town":"音江町（吉住）"}],"1164":[{"pref":"北海道","city":"深川市","town":"音江町（国見２３～２９８番地）"}],"1181":[{"pref":"北海道","city":"旭川市","town":"神居町西丘（その他）"}],"1182":[{"pref":"北海道","city":"旭川市","town":"神居町豊里"}],"1271":[{"pref":"北海道","city":"深川市","town":"音江町（広里）"},{"pref":"北海道","city":"深川市","town":"広里町（１～５丁目）"}],"1272":[{"pref":"北海道","city":"深川市","town":"音江町（国見その他）"}],"1273":[{"pref":"北海道","city":"深川市","town":"音江町（１～２丁目）"},{"pref":"北海道","city":"深川市","town":"音江町（音江）"}],"1274":[{"pref":"北海道","city":"深川市","town":"音江町（豊泉）"}],"1275":[{"pref":"北海道","city":"深川市","town":"音江町（向陽）"}],"1276":[{"pref":"北海道","city":"深川市","town":"音江町（稲田）"}],"0000":[{"pref":"北海道","city":"深川市","town":"以下に掲載がない場合"}],"0001":[{"pref":"北海道","city":"深川市","town":"一条"}],"0002":[{"pref":"北海道","city":"深川市","town":"二条"}],"0003":[{"pref":"北海道","city":"深川市","town":"三条"}],"0004":[{"pref":"北海道","city":"深川市","town":"四条"}],"0005":[{"pref":"北海道","city":"深川市","town":"五条"}],"0006":[{"pref":"北海道","city":"深川市","town":"六条"}],"0007":[{"pref":"北海道","city":"深川市","town":"七条"}],"0008":[{"pref":"北海道","city":"深川市","town":"八条"}],"0009":[{"pref":"北海道","city":"深川市","town":"九条"}],"0031":[{"pref":"北海道","city":"深川市","town":"あけぼの町"}],"0028":[{"pref":"北海道","city":"深川市","town":"一已町"}],"0021":[{"pref":"北海道","city":"深川市","town":"稲穂町"}],"0143":[{"pref":"北海道","city":"深川市","town":"ウッカ"}],"0142":[{"pref":"北海道","city":"深川市","town":"宇摩"}],"0014":[{"pref":"北海道","city":"深川市","town":"開西町"}],"0024":[{"pref":"北海道","city":"深川市","town":"新光町"}],"0023":[{"pref":"北海道","city":"深川市","town":"太子町"}],"0144":[{"pref":"北海道","city":"深川市","town":"鷹泊"}],"0141":[{"pref":"北海道","city":"深川市","town":"多度志"}],"0147":[{"pref":"北海道","city":"深川市","town":"多度志南"}],"0025":[{"pref":"北海道","city":"深川市","town":"錦町"}],"0027":[{"pref":"北海道","city":"深川市","town":"錦町北"}],"0026":[{"pref":"北海道","city":"深川市","town":"錦町西"}],"0012":[{"pref":"北海道","city":"深川市","town":"西町"}],"0016":[{"pref":"北海道","city":"深川市","town":"深川町オーホ"}],"0015":[{"pref":"北海道","city":"深川市","town":"深川町メム"}],"0013":[{"pref":"北海道","city":"深川市","town":"文光町"}],"0022":[{"pref":"北海道","city":"深川市","town":"北光町"}],"0145":[{"pref":"北海道","city":"深川市","town":"幌内"}],"0011":[{"pref":"北海道","city":"深川市","town":"緑町"}],"0146":[{"pref":"北海道","city":"深川市","town":"湯内"}],"0400":[{"pref":"北海道","city":"雨竜郡幌加内町","town":"以下に掲載がない場合"}],"0413":[{"pref":"北海道","city":"雨竜郡幌加内町","town":"雨煙内"}],"0424":[{"pref":"北海道","city":"雨竜郡幌加内町","town":"雨煙別"}],"0744":[{"pref":"北海道","city":"雨竜郡幌加内町","town":"大曲"}],"0415":[{"pref":"北海道","city":"雨竜郡幌加内町","town":"長留内"}],"0423":[{"pref":"北海道","city":"雨竜郡幌加内町","town":"上幌加内"}],"0743":[{"pref":"北海道","city":"雨竜郡幌加内町","town":"共栄"}],"0403":[{"pref":"北海道","city":"雨竜郡幌加内町","town":"下幌加内"}],"0742":[{"pref":"北海道","city":"雨竜郡幌加内町","town":"朱鞠内"}],"0422":[{"pref":"北海道","city":"雨竜郡幌加内町","town":"振興"}],"0747":[{"pref":"北海道","city":"雨竜郡幌加内町","town":"新富"}],"0402":[{"pref":"北海道","city":"雨竜郡幌加内町","town":"新成生"}],"0412":[{"pref":"北海道","city":"雨竜郡幌加内町","town":"親和"}],"0414":[{"pref":"北海道","city":"雨竜郡幌加内町","town":"清月"}],"0425":[{"pref":"北海道","city":"雨竜郡幌加内町","town":"政和第一"}],"0426":[{"pref":"北海道","city":"雨竜郡幌加内町","town":"政和第二"}],"0427":[{"pref":"北海道","city":"雨竜郡幌加内町","town":"政和第三"}],"0746":[{"pref":"北海道","city":"雨竜郡幌加内町","town":"添牛内"}],"0421":[{"pref":"北海道","city":"雨竜郡幌加内町","town":"東栄"}],"0404":[{"pref":"北海道","city":"雨竜郡幌加内町","town":"沼牛"}],"0401":[{"pref":"北海道","city":"雨竜郡幌加内町","town":"平和"}],"0745":[{"pref":"北海道","city":"雨竜郡幌加内町","town":"北星"}],"0411":[{"pref":"北海道","city":"雨竜郡幌加内町","town":"幌加内"}],"0741":[{"pref":"北海道","city":"雨竜郡幌加内町","town":"母子里"}],"0405":[{"pref":"北海道","city":"雨竜郡幌加内町","town":"弥運内"}]}