{"0000":[{"pref":"群馬県","city":"館林市","town":"以下に掲載がない場合"}],"0035":[{"pref":"群馬県","city":"館林市","town":"青柳町"}],"0053":[{"pref":"群馬県","city":"館林市","town":"赤土町"}],"0013":[{"pref":"群馬県","city":"館林市","town":"赤生田町"}],"0014":[{"pref":"群馬県","city":"館林市","town":"赤生田本町"}],"0063":[{"pref":"群馬県","city":"館林市","town":"朝日町"}],"0073":[{"pref":"群馬県","city":"館林市","town":"足次町"}],"0045":[{"pref":"群馬県","city":"館林市","town":"入ケ谷町"}],"0066":[{"pref":"群馬県","city":"館林市","town":"大街道"}],"0001":[{"pref":"群馬県","city":"館林市","town":"大島町"}],"0072":[{"pref":"群馬県","city":"館林市","town":"大新田町"}],"0023":[{"pref":"群馬県","city":"館林市","town":"大手町"}],"0054":[{"pref":"群馬県","city":"館林市","town":"大谷町"}],"0067":[{"pref":"群馬県","city":"館林市","town":"岡野町"}],"0019":[{"pref":"群馬県","city":"館林市","town":"尾曳町"}],"0022":[{"pref":"群馬県","city":"館林市","town":"加法師町"}],"0015":[{"pref":"群馬県","city":"館林市","town":"上赤生田町"}],"0079":[{"pref":"群馬県","city":"館林市","town":"上早川田町"}],"0046":[{"pref":"群馬県","city":"館林市","town":"上三林町"}],"0057":[{"pref":"群馬県","city":"館林市","town":"北成島町"}],"0077":[{"pref":"群馬県","city":"館林市","town":"木戸町"}],"0004":[{"pref":"群馬県","city":"館林市","town":"楠町"}],"0037":[{"pref":"群馬県","city":"館林市","town":"小桑原町"}],"0042":[{"pref":"群馬県","city":"館林市","town":"近藤町"}],"0052":[{"pref":"群馬県","city":"館林市","town":"栄町"}],"0069":[{"pref":"群馬県","city":"館林市","town":"坂下町"}],"0071":[{"pref":"群馬県","city":"館林市","town":"下早川田町"}],"0044":[{"pref":"群馬県","city":"館林市","town":"下三林町"}],"0018":[{"pref":"群馬県","city":"館林市","town":"城町"}],"0051":[{"pref":"群馬県","city":"館林市","town":"新栄町"}],"0026":[{"pref":"群馬県","city":"館林市","town":"新宿"}],"0036":[{"pref":"群馬県","city":"館林市","town":"諏訪町"}],"0021":[{"pref":"群馬県","city":"館林市","town":"瀬戸谷町"}],"0064":[{"pref":"群馬県","city":"館林市","town":"代官町"}],"0068":[{"pref":"群馬県","city":"館林市","town":"台宿町"}],"0074":[{"pref":"群馬県","city":"館林市","town":"高根町"}],"0002":[{"pref":"群馬県","city":"館林市","town":"田谷町"}],"0009":[{"pref":"群馬県","city":"館林市","town":"千塚町"}],"0028":[{"pref":"群馬県","city":"館林市","town":"千代田町"}],"0017":[{"pref":"群馬県","city":"館林市","town":"つつじ町"}],"0006":[{"pref":"群馬県","city":"館林市","town":"当郷町"}],"0043":[{"pref":"群馬県","city":"館林市","town":"苗木町"}],"0029":[{"pref":"群馬県","city":"館林市","town":"仲町"}],"0055":[{"pref":"群馬県","city":"館林市","town":"成島町"}],"0075":[{"pref":"群馬県","city":"館林市","town":"西高根町"}],"0065":[{"pref":"群馬県","city":"館林市","town":"西本町"}],"0038":[{"pref":"群馬県","city":"館林市","town":"西美園町"}],"0047":[{"pref":"群馬県","city":"館林市","town":"野辺町"}],"0005":[{"pref":"群馬県","city":"館林市","town":"花山町"}],"0012":[{"pref":"群馬県","city":"館林市","town":"羽附旭町"}],"0011":[{"pref":"群馬県","city":"館林市","town":"羽附町"}],"0061":[{"pref":"群馬県","city":"館林市","town":"東広内町"}],"0031":[{"pref":"群馬県","city":"館林市","town":"東美園町"}],"0076":[{"pref":"群馬県","city":"館林市","town":"日向町"}],"0062":[{"pref":"群馬県","city":"館林市","town":"広内町"}],"0041":[{"pref":"群馬県","city":"館林市","town":"富士原町"}],"0027":[{"pref":"群馬県","city":"館林市","town":"富士見町"}],"0034":[{"pref":"群馬県","city":"館林市","town":"分福町"}],"0078":[{"pref":"群馬県","city":"館林市","town":"傍示塚町"}],"0008":[{"pref":"群馬県","city":"館林市","town":"細内町"}],"0033":[{"pref":"群馬県","city":"館林市","town":"堀工町"}],"0024":[{"pref":"群馬県","city":"館林市","town":"本町"}],"0056":[{"pref":"群馬県","city":"館林市","town":"松沼町"}],"0016":[{"pref":"群馬県","city":"館林市","town":"松原"}],"0039":[{"pref":"群馬県","city":"館林市","town":"美園町"}],"0025":[{"pref":"群馬県","city":"館林市","town":"緑町"}],"0032":[{"pref":"群馬県","city":"館林市","town":"南美園町"}],"0003":[{"pref":"群馬県","city":"館林市","town":"四ツ谷町"}],"0007":[{"pref":"群馬県","city":"館林市","town":"若宮町"}],"0100":[{"pref":"群馬県","city":"邑楽郡板倉町","town":"以下に掲載がない場合"}],"0112":[{"pref":"群馬県","city":"邑楽郡板倉町","town":"朝日野"}],"0123":[{"pref":"群馬県","city":"邑楽郡板倉町","town":"飯野"}],"0113":[{"pref":"群馬県","city":"邑楽郡板倉町","town":"泉野"}],"0132":[{"pref":"群馬県","city":"邑楽郡板倉町","town":"板倉"}],"0133":[{"pref":"群馬県","city":"邑楽郡板倉町","town":"岩田"}],"0135":[{"pref":"群馬県","city":"邑楽郡板倉町","town":"内蔵新田"}],"0111":[{"pref":"群馬県","city":"邑楽郡板倉町","town":"海老瀬"}],"0131":[{"pref":"群馬県","city":"邑楽郡板倉町","town":"大蔵"}],"0122":[{"pref":"群馬県","city":"邑楽郡板倉町","town":"大高嶋"}],"0104":[{"pref":"群馬県","city":"邑楽郡板倉町","town":"大荷場"}],"0105":[{"pref":"群馬県","city":"邑楽郡板倉町","town":"大曲"}],"0121":[{"pref":"群馬県","city":"邑楽郡板倉町","town":"下五箇"}],"0107":[{"pref":"群馬県","city":"邑楽郡板倉町","town":"西岡"}],"0106":[{"pref":"群馬県","city":"邑楽郡板倉町","town":"西岡新田"}],"0102":[{"pref":"群馬県","city":"邑楽郡板倉町","town":"離"}],"0103":[{"pref":"群馬県","city":"邑楽郡板倉町","town":"細谷"}],"0134":[{"pref":"群馬県","city":"邑楽郡板倉町","town":"籾谷"}],"0101":[{"pref":"群馬県","city":"邑楽郡板倉町","town":"除川"}]}