{"1189":[{"pref":"北海道","city":"河東郡士幌町","town":"中士幌"}],"1200":[{"pref":"北海道","city":"河東郡士幌町","town":"以下に掲載がない場合"}],"1205":[{"pref":"北海道","city":"河東郡士幌町","town":"士幌"}],"1206":[{"pref":"北海道","city":"河東郡士幌町","town":"士幌仲通"}],"1207":[{"pref":"北海道","city":"河東郡士幌町","town":"士幌本通西"}],"1208":[{"pref":"北海道","city":"河東郡士幌町","town":"士幌本通東"}],"1209":[{"pref":"北海道","city":"河東郡士幌町","town":"士幌東（１条～６条）"}],"1210":[{"pref":"北海道","city":"河東郡士幌町","town":"士幌東（１線～１９線）"}],"1218":[{"pref":"北海道","city":"河東郡士幌町","town":"士幌西（１条～３条）"}],"1219":[{"pref":"北海道","city":"河東郡士幌町","town":"士幌西（１線～３線）"}],"1228":[{"pref":"北海道","city":"河東郡士幌町","town":"士幌幹線"}],"1229":[{"pref":"北海道","city":"河東郡士幌町","town":"士幌幹東"}],"1230":[{"pref":"北海道","city":"河東郡士幌町","town":"士幌幹西"}],"1237":[{"pref":"北海道","city":"河東郡士幌町","town":"士幌基線"}],"1249":[{"pref":"北海道","city":"河東郡士幌町","town":"上音更"}],"1258":[{"pref":"北海道","city":"河東郡士幌町","town":"ウリマク"}],"1259":[{"pref":"北海道","city":"河東郡士幌町","town":"ワッカクンネップ"}],"1260":[{"pref":"北海道","city":"河東郡士幌町","town":"イショッポ"}],"1273":[{"pref":"北海道","city":"河東郡士幌町","town":"中音更"}],"1285":[{"pref":"北海道","city":"河東郡士幌町","town":"下居辺"}],"1400":[{"pref":"北海道","city":"河東郡上士幌町","town":"以下に掲載がない場合"}],"1401":[{"pref":"北海道","city":"河東郡上士幌町","town":"三股"}],"1402":[{"pref":"北海道","city":"河東郡上士幌町","town":"幌加"}],"1403":[{"pref":"北海道","city":"河東郡上士幌町","town":"ぬかびら源泉郷"}],"1404":[{"pref":"北海道","city":"河東郡上士幌町","town":"黒石平"}],"1405":[{"pref":"北海道","city":"河東郡上士幌町","town":"清水谷"}],"1406":[{"pref":"北海道","city":"河東郡上士幌町","town":"居辺"}],"1407":[{"pref":"北海道","city":"河東郡上士幌町","town":"上音更"}],"1408":[{"pref":"北海道","city":"河東郡上士幌町","town":"上士幌"}],"2101":[{"pref":"北海道","city":"帯広市","town":"清川町"}],"2102":[{"pref":"北海道","city":"帯広市","town":"清川町基線"}],"2103":[{"pref":"北海道","city":"帯広市","town":"清川町西"}],"2104":[{"pref":"北海道","city":"帯広市","town":"清川町東"}],"2105":[{"pref":"北海道","city":"帯広市","town":"太平町"}],"2106":[{"pref":"北海道","city":"帯広市","town":"美栄町（その他）"}],"2111":[{"pref":"北海道","city":"帯広市","town":"上清川町"}],"2112":[{"pref":"北海道","city":"帯広市","town":"上清川町基線"}],"2113":[{"pref":"北海道","city":"帯広市","town":"上清川町西"}],"2114":[{"pref":"北海道","city":"帯広市","town":"上清川町東"}],"2115":[{"pref":"北海道","city":"帯広市","town":"清川町仲通"}],"2116":[{"pref":"北海道","city":"帯広市","town":"清川町本通"}],"2117":[{"pref":"北海道","city":"帯広市","town":"太平町西"}],"2121":[{"pref":"北海道","city":"帯広市","town":"岩内町"}],"2122":[{"pref":"北海道","city":"帯広市","town":"岩内町第１基線"}],"2123":[{"pref":"北海道","city":"帯広市","town":"岩内町西"}],"2124":[{"pref":"北海道","city":"帯広市","town":"岩内町東"}],"2331":[{"pref":"北海道","city":"帯広市","town":"基松町"}],"2332":[{"pref":"北海道","city":"帯広市","town":"富士町（西４～８線４９～７８番地）"}],"2333":[{"pref":"北海道","city":"帯広市","town":"美栄町（西５～８線７９～１１０番地）"}],"2334":[{"pref":"北海道","city":"帯広市","town":"上帯広町"}],"2335":[{"pref":"北海道","city":"帯広市","town":"広野町"}],"2336":[{"pref":"北海道","city":"帯広市","town":"八千代町"}],"2337":[{"pref":"北海道","city":"帯広市","town":"拓成町"}],"2459":[{"pref":"北海道","city":"帯広市","town":"西十九条北"}],"2460":[{"pref":"北海道","city":"帯広市","town":"西二十条北"}],"2461":[{"pref":"北海道","city":"帯広市","town":"西二十一条北"}],"2462":[{"pref":"北海道","city":"帯広市","town":"西二十二条北"}],"2463":[{"pref":"北海道","city":"帯広市","town":"西二十三条北"}],"2464":[{"pref":"北海道","city":"帯広市","town":"西二十四条北"}],"2465":[{"pref":"北海道","city":"帯広市","town":"西二十五条北"}],"2469":[{"pref":"北海道","city":"帯広市","town":"西十九条南（１～５丁目）"}],"2470":[{"pref":"北海道","city":"帯広市","town":"西二十条南"}],"2471":[{"pref":"北海道","city":"帯広市","town":"西二十一条南"}],"2472":[{"pref":"北海道","city":"帯広市","town":"西二十二条南"}],"2473":[{"pref":"北海道","city":"帯広市","town":"西二十三条南"}],"2474":[{"pref":"北海道","city":"帯広市","town":"西二十四条南"}],"2475":[{"pref":"北海道","city":"帯広市","town":"西二十五条南"}],"2476":[{"pref":"北海道","city":"帯広市","town":"自由が丘（３～７丁目）"}],"0000":[{"pref":"北海道","city":"帯広市","town":"以下に掲載がない場合"}],"0835":[{"pref":"北海道","city":"帯広市","town":"稲田町"}],"0833":[{"pref":"北海道","city":"帯広市","town":"稲田町基線"}],"0834":[{"pref":"北海道","city":"帯広市","town":"稲田町西"}],"0832":[{"pref":"北海道","city":"帯広市","town":"稲田町東"}],"0831":[{"pref":"北海道","city":"帯広市","town":"稲田町南"}],"0816":[{"pref":"北海道","city":"帯広市","town":"大川町"}],"0838":[{"pref":"北海道","city":"帯広市","town":"大空町"}],"0030":[{"pref":"北海道","city":"帯広市","town":"大通北"}],"0010":[{"pref":"北海道","city":"帯広市","town":"大通南"}],"0836":[{"pref":"北海道","city":"帯広市","town":"空港南町"}],"0837":[{"pref":"北海道","city":"帯広市","town":"空港南町南"}],"0847":[{"pref":"北海道","city":"帯広市","town":"公園東町"}],"0848":[{"pref":"北海道","city":"帯広市","town":"自由が丘（１、２丁目）"}],"0051":[{"pref":"北海道","city":"帯広市","town":"白樺十六条西"}],"0050":[{"pref":"北海道","city":"帯広市","town":"白樺十六条東"}],"0053":[{"pref":"北海道","city":"帯広市","town":"新町西"}],"0052":[{"pref":"北海道","city":"帯広市","town":"新町東"}],"0872":[{"pref":"北海道","city":"帯広市","town":"清流西"}],"0871":[{"pref":"北海道","city":"帯広市","town":"清流東"}],"0031":[{"pref":"北海道","city":"帯広市","town":"西一条北"}],"0011":[{"pref":"北海道","city":"帯広市","town":"西一条南"}],"0032":[{"pref":"北海道","city":"帯広市","town":"西二条北"}],"0012":[{"pref":"北海道","city":"帯広市","town":"西二条南"}],"0033":[{"pref":"北海道","city":"帯広市","town":"西三条北"}],"0013":[{"pref":"北海道","city":"帯広市","town":"西三条南"}],"0034":[{"pref":"北海道","city":"帯広市","town":"西四条北"}],"0014":[{"pref":"北海道","city":"帯広市","town":"西四条南"}],"0035":[{"pref":"北海道","city":"帯広市","town":"西五条北"}],"0015":[{"pref":"北海道","city":"帯広市","town":"西五条南"}],"0036":[{"pref":"北海道","city":"帯広市","town":"西六条北"}],"0016":[{"pref":"北海道","city":"帯広市","town":"西六条南"}],"0037":[{"pref":"北海道","city":"帯広市","town":"西七条北"}],"0017":[{"pref":"北海道","city":"帯広市","town":"西七条南"}],"0038":[{"pref":"北海道","city":"帯広市","town":"西八条北"}],"0018":[{"pref":"北海道","city":"帯広市","town":"西八条南"}],"0039":[{"pref":"北海道","city":"帯広市","town":"西九条北"}],"0019":[{"pref":"北海道","city":"帯広市","town":"西九条南"}],"0040":[{"pref":"北海道","city":"帯広市","town":"西十条北"}],"0020":[{"pref":"北海道","city":"帯広市","town":"西十条南"}],"0041":[{"pref":"北海道","city":"帯広市","town":"西十一条北"}],"0021":[{"pref":"北海道","city":"帯広市","town":"西十一条南"}],"0042":[{"pref":"北海道","city":"帯広市","town":"西十二条北"}],"0022":[{"pref":"北海道","city":"帯広市","town":"西十二条南"}],"0043":[{"pref":"北海道","city":"帯広市","town":"西十三条北"}],"0023":[{"pref":"北海道","city":"帯広市","town":"西十三条南"}],"0044":[{"pref":"北海道","city":"帯広市","town":"西十四条北"}],"0024":[{"pref":"北海道","city":"帯広市","town":"西十四条南"}],"0045":[{"pref":"北海道","city":"帯広市","town":"西十五条北"}],"0025":[{"pref":"北海道","city":"帯広市","town":"西十五条南"}],"0046":[{"pref":"北海道","city":"帯広市","town":"西十六条北"}],"0026":[{"pref":"北海道","city":"帯広市","town":"西十六条南"}],"0047":[{"pref":"北海道","city":"帯広市","town":"西十七条北"}],"0027":[{"pref":"北海道","city":"帯広市","town":"西十七条南"}],"0048":[{"pref":"北海道","city":"帯広市","town":"西十八条北"}],"0028":[{"pref":"北海道","city":"帯広市","town":"西十八条南"}],"0029":[{"pref":"北海道","city":"帯広市","town":"西十九条南（３５～３８、４１、４２丁目）"}],"0054":[{"pref":"北海道","city":"帯広市","town":"柏林台北町"}],"0057":[{"pref":"北海道","city":"帯広市","town":"柏林台中町"}],"0058":[{"pref":"北海道","city":"帯広市","town":"柏林台西町"}],"0055":[{"pref":"北海道","city":"帯広市","town":"柏林台東町"}],"0056":[{"pref":"北海道","city":"帯広市","town":"柏林台南町"}],"0821":[{"pref":"北海道","city":"帯広市","town":"東一条北"}],"0801":[{"pref":"北海道","city":"帯広市","town":"東一条南"}],"0822":[{"pref":"北海道","city":"帯広市","town":"東二条北"}],"0802":[{"pref":"北海道","city":"帯広市","town":"東二条南"}],"0823":[{"pref":"北海道","city":"帯広市","town":"東三条北"}],"0803":[{"pref":"北海道","city":"帯広市","town":"東三条南"}],"0824":[{"pref":"北海道","city":"帯広市","town":"東四条北"}],"0804":[{"pref":"北海道","city":"帯広市","town":"東四条南"}],"0805":[{"pref":"北海道","city":"帯広市","town":"東五条南"}],"0806":[{"pref":"北海道","city":"帯広市","town":"東六条南"}],"0807":[{"pref":"北海道","city":"帯広市","town":"東七条南"}],"0808":[{"pref":"北海道","city":"帯広市","town":"東八条南"}],"0809":[{"pref":"北海道","city":"帯広市","town":"東九条南"}],"0810":[{"pref":"北海道","city":"帯広市","town":"東十条南"}],"0811":[{"pref":"北海道","city":"帯広市","town":"東十一条南"}],"0812":[{"pref":"北海道","city":"帯広市","town":"東十二条南"}],"0813":[{"pref":"北海道","city":"帯広市","town":"東十三条南"}],"0814":[{"pref":"北海道","city":"帯広市","town":"東十四条南"}],"0815":[{"pref":"北海道","city":"帯広市","town":"東十五条南"}],"0846":[{"pref":"北海道","city":"帯広市","town":"緑ケ丘"}],"0841":[{"pref":"北海道","city":"帯広市","town":"緑ケ丘一条通"}],"0842":[{"pref":"北海道","city":"帯広市","town":"緑ケ丘二条通"}],"0843":[{"pref":"北海道","city":"帯広市","town":"緑ケ丘三条通"}],"0845":[{"pref":"北海道","city":"帯広市","town":"緑ケ丘東通西"}],"0844":[{"pref":"北海道","city":"帯広市","town":"緑ケ丘東通東"}],"0862":[{"pref":"北海道","city":"帯広市","town":"南の森西"}],"0861":[{"pref":"北海道","city":"帯広市","town":"南の森東"}],"0857":[{"pref":"北海道","city":"帯広市","town":"南町"}],"0856":[{"pref":"北海道","city":"帯広市","town":"南町南"}],"0817":[{"pref":"北海道","city":"帯広市","town":"依田町"}],"0100":[{"pref":"北海道","city":"河東郡音更町","town":"以下に掲載がない場合"}],"0101":[{"pref":"北海道","city":"河東郡音更町","town":"大通"}],"0102":[{"pref":"北海道","city":"河東郡音更町","town":"大通北"}],"0271":[{"pref":"北海道","city":"河東郡音更町","town":"長流枝"},{"pref":"北海道","city":"河東郡音更町","town":"長流枝幹線"}],"0341":[{"pref":"北海道","city":"河東郡音更町","town":"音更"}],"0575":[{"pref":"北海道","city":"河東郡音更町","town":"上然別"}],"0306":[{"pref":"北海道","city":"河東郡音更町","town":"北鈴蘭南"}],"0305":[{"pref":"北海道","city":"河東郡音更町","town":"北鈴蘭北"}],"0111":[{"pref":"北海道","city":"河東郡音更町","town":"木野大通東"}],"0301":[{"pref":"北海道","city":"河東郡音更町","town":"木野大通西"}],"0303":[{"pref":"北海道","city":"河東郡音更町","town":"木野公園下町"}],"0304":[{"pref":"北海道","city":"河東郡音更町","town":"木野新町"}],"0302":[{"pref":"北海道","city":"河東郡音更町","town":"木野西通"}],"0112":[{"pref":"北海道","city":"河東郡音更町","town":"木野東通"}],"0335":[{"pref":"北海道","city":"河東郡音更町","town":"希望が丘"}],"0315":[{"pref":"北海道","city":"河東郡音更町","town":"共栄台東"}],"0314":[{"pref":"北海道","city":"河東郡音更町","town":"共栄台西"}],"0571":[{"pref":"北海道","city":"河東郡音更町","town":"駒場"}],"0564":[{"pref":"北海道","city":"河東郡音更町","town":"駒場北町"},{"pref":"北海道","city":"河東郡音更町","town":"駒場北１条通"},{"pref":"北海道","city":"河東郡音更町","town":"駒場北２条通"}],"0572":[{"pref":"北海道","city":"河東郡音更町","town":"駒場並木"}],"0563":[{"pref":"北海道","city":"河東郡音更町","town":"駒場平和台"}],"0565":[{"pref":"北海道","city":"河東郡音更町","town":"駒場本通"}],"0566":[{"pref":"北海道","city":"河東郡音更町","town":"駒場南１条通"},{"pref":"北海道","city":"河東郡音更町","town":"駒場南２条通"}],"0567":[{"pref":"北海道","city":"河東郡音更町","town":"駒場南３条通"},{"pref":"北海道","city":"河東郡音更町","town":"駒場南４条通"}],"0568":[{"pref":"北海道","city":"河東郡音更町","town":"駒場東"}],"0574":[{"pref":"北海道","city":"河東郡音更町","town":"駒場西"}],"0573":[{"pref":"北海道","city":"河東郡音更町","town":"駒場南"}],"0321":[{"pref":"北海道","city":"河東郡音更町","town":"桜が丘"}],"0322":[{"pref":"北海道","city":"河東郡音更町","town":"桜が丘西"}],"0351":[{"pref":"北海道","city":"河東郡音更町","town":"然別"}],"0342":[{"pref":"北海道","city":"河東郡音更町","town":"下音更"}],"0272":[{"pref":"北海道","city":"河東郡音更町","town":"下士幌"},{"pref":"北海道","city":"河東郡音更町","town":"下士幌幹線"}],"0104":[{"pref":"北海道","city":"河東郡音更町","town":"新通"}],"0105":[{"pref":"北海道","city":"河東郡音更町","town":"新通北"}],"0313":[{"pref":"北海道","city":"河東郡音更町","town":"鈴蘭公園"}],"0361":[{"pref":"北海道","city":"河東郡音更町","town":"すずらん台北町"}],"0362":[{"pref":"北海道","city":"河東郡音更町","town":"すずらん台仲町"}],"0363":[{"pref":"北海道","city":"河東郡音更町","town":"すずらん台南町"}],"0323":[{"pref":"北海道","city":"河東郡音更町","town":"住吉台"}],"0345":[{"pref":"北海道","city":"河東郡音更町","town":"高倉"}],"0151":[{"pref":"北海道","city":"河東郡音更町","town":"東和"}],"0261":[{"pref":"北海道","city":"河東郡音更町","town":"十勝川温泉"}],"0263":[{"pref":"北海道","city":"河東郡音更町","town":"十勝川温泉南"}],"0262":[{"pref":"北海道","city":"河東郡音更町","town":"十勝川温泉北"}],"0561":[{"pref":"北海道","city":"河東郡音更町","town":"豊田"}],"0578":[{"pref":"北海道","city":"河東郡音更町","town":"中音更"}],"0309":[{"pref":"北海道","city":"河東郡音更町","town":"中鈴蘭元町"}],"0308":[{"pref":"北海道","city":"河東郡音更町","town":"中鈴蘭南"}],"0307":[{"pref":"北海道","city":"河東郡音更町","town":"中鈴蘭北"}],"0577":[{"pref":"北海道","city":"河東郡音更町","town":"西中音更"}],"0325":[{"pref":"北海道","city":"河東郡音更町","town":"柏寿台"}],"0562":[{"pref":"北海道","city":"河東郡音更町","town":"東音更"}],"0343":[{"pref":"北海道","city":"河東郡音更町","town":"東士狩"}],"0106":[{"pref":"北海道","city":"河東郡音更町","town":"東通"}],"0162":[{"pref":"北海道","city":"河東郡音更町","town":"ひびき野仲町"}],"0161":[{"pref":"北海道","city":"河東郡音更町","town":"ひびき野東町"}],"0163":[{"pref":"北海道","city":"河東郡音更町","town":"ひびき野西町"}],"0137":[{"pref":"北海道","city":"河東郡音更町","town":"宝来南一条"}],"0138":[{"pref":"北海道","city":"河東郡音更町","town":"宝来南二条"}],"0141":[{"pref":"北海道","city":"河東郡音更町","town":"宝来北一条"}],"0142":[{"pref":"北海道","city":"河東郡音更町","town":"宝来北二条"}],"0143":[{"pref":"北海道","city":"河東郡音更町","town":"宝来北三条"}],"0144":[{"pref":"北海道","city":"河東郡音更町","town":"宝来北四条"}],"0145":[{"pref":"北海道","city":"河東郡音更町","town":"宝来北五条"}],"0146":[{"pref":"北海道","city":"河東郡音更町","town":"宝来北六条"}],"0135":[{"pref":"北海道","city":"河東郡音更町","town":"宝来仲町南"}],"0132":[{"pref":"北海道","city":"河東郡音更町","town":"宝来仲町北"}],"0136":[{"pref":"北海道","city":"河東郡音更町","town":"宝来東町南"}],"0133":[{"pref":"北海道","city":"河東郡音更町","town":"宝来東町北"}],"0139":[{"pref":"北海道","city":"河東郡音更町","town":"宝来西町北"}],"0134":[{"pref":"北海道","city":"河東郡音更町","town":"宝来西町南"}],"0131":[{"pref":"北海道","city":"河東郡音更町","town":"宝来本通"}],"0326":[{"pref":"北海道","city":"河東郡音更町","town":"北明台"}],"0327":[{"pref":"北海道","city":"河東郡音更町","town":"北陽台"}],"0344":[{"pref":"北海道","city":"河東郡音更町","town":"万年"}],"0334":[{"pref":"北海道","city":"河東郡音更町","town":"緑が丘"}],"0312":[{"pref":"北海道","city":"河東郡音更町","town":"南鈴蘭南"}],"0311":[{"pref":"北海道","city":"河東郡音更町","town":"南鈴蘭北"}],"0324":[{"pref":"北海道","city":"河東郡音更町","town":"南住吉台"}],"0576":[{"pref":"北海道","city":"河東郡音更町","town":"南中音更"}],"0103":[{"pref":"北海道","city":"河東郡音更町","town":"元町"}],"0121":[{"pref":"北海道","city":"河東郡音更町","town":"柳町北区"}],"0122":[{"pref":"北海道","city":"河東郡音更町","town":"柳町仲区"}],"0123":[{"pref":"北海道","city":"河東郡音更町","town":"柳町南区"}],"0330":[{"pref":"北海道","city":"河東郡音更町","town":"雄飛が丘"}],"0332":[{"pref":"北海道","city":"河東郡音更町","town":"雄飛が丘仲区"}],"0333":[{"pref":"北海道","city":"河東郡音更町","town":"雄飛が丘南区"}],"0331":[{"pref":"北海道","city":"河東郡音更町","town":"雄飛が丘北区"}],"0317":[{"pref":"北海道","city":"河東郡音更町","town":"緑陽台仲区"}],"0318":[{"pref":"北海道","city":"河東郡音更町","town":"緑陽台南区"}],"0316":[{"pref":"北海道","city":"河東郡音更町","town":"緑陽台北区"}]}