{"0064":[{"pref":"東京都","city":"渋谷区","town":"上原"}],"0065":[{"pref":"東京都","city":"渋谷区","town":"大山町"}],"0073":[{"pref":"東京都","city":"渋谷区","town":"笹塚"}],"0051":[{"pref":"東京都","city":"渋谷区","town":"千駄ヶ谷"}],"0063":[{"pref":"東京都","city":"渋谷区","town":"富ヶ谷"}],"0066":[{"pref":"東京都","city":"渋谷区","town":"西原"}],"0072":[{"pref":"東京都","city":"渋谷区","town":"幡ヶ谷"}],"0061":[{"pref":"東京都","city":"渋谷区","town":"初台"}],"0071":[{"pref":"東京都","city":"渋谷区","town":"本町"}],"0062":[{"pref":"東京都","city":"渋谷区","town":"元代々木町"}],"0053":[{"pref":"東京都","city":"渋谷区","town":"代々木"}],"0052":[{"pref":"東京都","city":"渋谷区","town":"代々木神園町"}]}