{"0000":[{"pref":"神奈川県","city":"平塚市","town":"以下に掲載がない場合"}],"0042":[{"pref":"神奈川県","city":"平塚市","town":"明石町"}],"0031":[{"pref":"神奈川県","city":"平塚市","town":"天沼"}],"0915":[{"pref":"神奈川県","city":"平塚市","town":"出縄"}],"0025":[{"pref":"神奈川県","city":"平塚市","town":"榎木町"}],"0033":[{"pref":"神奈川県","city":"平塚市","town":"老松町"}],"0047":[{"pref":"神奈川県","city":"平塚市","town":"追分"}],"0012":[{"pref":"神奈川県","city":"平塚市","town":"大神"}],"0001":[{"pref":"神奈川県","city":"平塚市","town":"大島"}],"0074":[{"pref":"神奈川県","city":"平塚市","town":"大原"}],"0055":[{"pref":"神奈川県","city":"平塚市","town":"上平塚"}],"0088":[{"pref":"神奈川県","city":"平塚市","town":"北豊田"}],"0005":[{"pref":"神奈川県","city":"平塚市","town":"城所"}],"0906":[{"pref":"神奈川県","city":"平塚市","town":"公所"}],"0801":[{"pref":"神奈川県","city":"平塚市","town":"久領堤"}],"0821":[{"pref":"神奈川県","city":"平塚市","town":"黒部丘"}],"0903":[{"pref":"神奈川県","city":"平塚市","town":"河内"}],"0061":[{"pref":"神奈川県","city":"平塚市","town":"御殿"}],"0004":[{"pref":"神奈川県","city":"平塚市","town":"小鍋島"}],"0804":[{"pref":"神奈川県","city":"平塚市","town":"幸町"}],"0053":[{"pref":"神奈川県","city":"平塚市","town":"桜ケ丘"}],"0014":[{"pref":"神奈川県","city":"平塚市","town":"四之宮"}],"0003":[{"pref":"神奈川県","city":"平塚市","town":"下島"}],"0076":[{"pref":"神奈川県","city":"平塚市","town":"新町"}],"0022":[{"pref":"神奈川県","city":"平塚市","town":"須賀"}],"0822":[{"pref":"神奈川県","city":"平塚市","town":"菫平"}],"0063":[{"pref":"神奈川県","city":"平塚市","town":"諏訪町"}],"0041":[{"pref":"神奈川県","city":"平塚市","town":"浅間町"}],"0803":[{"pref":"神奈川県","city":"平塚市","town":"千石河岸"}],"0813":[{"pref":"神奈川県","city":"平塚市","town":"袖ケ浜"}],"0807":[{"pref":"神奈川県","city":"平塚市","town":"代官町"}],"0912":[{"pref":"神奈川県","city":"平塚市","town":"高根"}],"0805":[{"pref":"神奈川県","city":"平塚市","town":"高浜台"}],"0914":[{"pref":"神奈川県","city":"平塚市","town":"高村"}],"0034":[{"pref":"神奈川県","city":"平塚市","town":"宝町"}],"0046":[{"pref":"神奈川県","city":"平塚市","town":"立野町"}],"0013":[{"pref":"神奈川県","city":"平塚市","town":"田村"}],"0064":[{"pref":"神奈川県","city":"平塚市","town":"達上ケ丘"}],"0027":[{"pref":"神奈川県","city":"平塚市","town":"堤町"}],"0826":[{"pref":"神奈川県","city":"平塚市","town":"唐ケ原"}],"0902":[{"pref":"神奈川県","city":"平塚市","town":"徳延"}],"0081":[{"pref":"神奈川県","city":"平塚市","town":"豊田打間木"}],"0083":[{"pref":"神奈川県","city":"平塚市","town":"豊田小嶺"}],"0086":[{"pref":"神奈川県","city":"平塚市","town":"豊田平等寺"}],"0087":[{"pref":"神奈川県","city":"平塚市","town":"豊田本郷"}],"0085":[{"pref":"神奈川県","city":"平塚市","town":"豊田宮下"}],"0051":[{"pref":"神奈川県","city":"平塚市","town":"豊原町"}],"0054":[{"pref":"神奈川県","city":"平塚市","town":"中里"}],"0026":[{"pref":"神奈川県","city":"平塚市","town":"中堂"}],"0075":[{"pref":"神奈川県","city":"平塚市","town":"中原"}],"0071":[{"pref":"神奈川県","city":"平塚市","town":"中原上宿"}],"0072":[{"pref":"神奈川県","city":"平塚市","town":"中原下宿"}],"0021":[{"pref":"神奈川県","city":"平塚市","town":"長瀞"}],"0825":[{"pref":"神奈川県","city":"平塚市","town":"撫子原"}],"0044":[{"pref":"神奈川県","city":"平塚市","town":"錦町"}],"0019":[{"pref":"神奈川県","city":"平塚市","town":"西真土"}],"0073":[{"pref":"神奈川県","city":"平塚市","town":"西八幡"}],"0823":[{"pref":"神奈川県","city":"平塚市","town":"虹ケ浜"}],"0904":[{"pref":"神奈川県","city":"平塚市","town":"根坂間"}],"0824":[{"pref":"神奈川県","city":"平塚市","town":"花水台"}],"0023":[{"pref":"神奈川県","city":"平塚市","town":"馬入"}],"0024":[{"pref":"神奈川県","city":"平塚市","town":"馬入本町"}],"0018":[{"pref":"神奈川県","city":"平塚市","town":"東真土"}],"0082":[{"pref":"神奈川県","city":"平塚市","town":"東豊田"}],"0077":[{"pref":"神奈川県","city":"平塚市","town":"東中原"}],"0016":[{"pref":"神奈川県","city":"平塚市","town":"東八幡"}],"0905":[{"pref":"神奈川県","city":"平塚市","town":"日向岡"}],"0052":[{"pref":"神奈川県","city":"平塚市","town":"平塚"}],"0062":[{"pref":"神奈川県","city":"平塚市","town":"富士見町"}],"0802":[{"pref":"神奈川県","city":"平塚市","town":"札場町"}],"0043":[{"pref":"神奈川県","city":"平塚市","town":"紅谷町"}],"0812":[{"pref":"神奈川県","city":"平塚市","town":"松風町"}],"0901":[{"pref":"神奈川県","city":"平塚市","town":"纒"}],"0913":[{"pref":"神奈川県","city":"平塚市","town":"万田"}],"0045":[{"pref":"神奈川県","city":"平塚市","town":"見附町"}],"0084":[{"pref":"神奈川県","city":"平塚市","town":"南豊田"}],"0065":[{"pref":"神奈川県","city":"平塚市","town":"南原"}],"0035":[{"pref":"神奈川県","city":"平塚市","town":"宮の前"}],"0036":[{"pref":"神奈川県","city":"平塚市","town":"宮松町"}],"0815":[{"pref":"神奈川県","city":"平塚市","town":"桃浜町"}],"0811":[{"pref":"神奈川県","city":"平塚市","town":"八重咲町"}],"0032":[{"pref":"神奈川県","city":"平塚市","town":"八千代町"}],"0911":[{"pref":"神奈川県","city":"平塚市","town":"山下"}],"0015":[{"pref":"神奈川県","city":"平塚市","town":"八幡"}],"0806":[{"pref":"神奈川県","city":"平塚市","town":"夕陽ケ丘"}],"0002":[{"pref":"神奈川県","city":"平塚市","town":"横内"}],"0011":[{"pref":"神奈川県","city":"平塚市","town":"吉際"}],"0814":[{"pref":"神奈川県","city":"平塚市","town":"龍城ケ丘"}]}