{"0000":[{"pref":"宮崎県","city":"小林市","town":"以下に掲載がない場合"}],"0009":[{"pref":"宮崎県","city":"小林市","town":"駅南"}],"0006":[{"pref":"宮崎県","city":"小林市","town":"北西方"}],"0115":[{"pref":"宮崎県","city":"小林市","town":"須木内山"}],"0112":[{"pref":"宮崎県","city":"小林市","town":"須木下田"}],"0113":[{"pref":"宮崎県","city":"小林市","town":"須木鳥田町"}],"0111":[{"pref":"宮崎県","city":"小林市","town":"須木中原"}],"0114":[{"pref":"宮崎県","city":"小林市","town":"須木奈佐木"}],"0003":[{"pref":"宮崎県","city":"小林市","town":"堤"}],"0002":[{"pref":"宮崎県","city":"小林市","town":"水流迫"}],"0211":[{"pref":"宮崎県","city":"小林市","town":"野尻町紙屋"}],"0212":[{"pref":"宮崎県","city":"小林市","town":"野尻町東麓"}],"0213":[{"pref":"宮崎県","city":"小林市","town":"野尻町三ケ野山"}],"0101":[{"pref":"宮崎県","city":"小林市","town":"東方（５７４１、５８７１番地）"}],"0001":[{"pref":"宮崎県","city":"小林市","town":"東方（その他）"}],"0004":[{"pref":"宮崎県","city":"小林市","town":"細野"}],"0008":[{"pref":"宮崎県","city":"小林市","town":"本町"}],"0007":[{"pref":"宮崎県","city":"小林市","town":"真方"}],"0005":[{"pref":"宮崎県","city":"小林市","town":"南西方"}]}