{"0000":[{"pref":"千葉県","city":"千葉市花見川区","town":"以下に掲載がない場合"}],"0019":[{"pref":"千葉県","city":"千葉市花見川区","town":"朝日ケ丘"}],"0017":[{"pref":"千葉県","city":"千葉市花見川区","town":"朝日ケ丘町"}],"0043":[{"pref":"千葉県","city":"千葉市花見川区","town":"天戸町"}],"0002":[{"pref":"千葉県","city":"千葉市花見川区","town":"内山町"}],"0003":[{"pref":"千葉県","city":"千葉市花見川区","town":"宇那谷町"}],"0048":[{"pref":"千葉県","city":"千葉市花見川区","town":"柏井"}],"0041":[{"pref":"千葉県","city":"千葉市花見川区","town":"柏井町"}],"0023":[{"pref":"千葉県","city":"千葉市花見川区","town":"検見川町"}],"0005":[{"pref":"千葉県","city":"千葉市花見川区","town":"こてはし台"}],"0013":[{"pref":"千葉県","city":"千葉市花見川区","town":"犢橋町"}],"0045":[{"pref":"千葉県","city":"千葉市花見川区","town":"作新台"}],"0014":[{"pref":"千葉県","city":"千葉市花見川区","town":"さつきが丘"}],"0011":[{"pref":"千葉県","city":"千葉市花見川区","town":"三角町"}],"0031":[{"pref":"千葉県","city":"千葉市花見川区","town":"武石町"}],"0004":[{"pref":"千葉県","city":"千葉市花見川区","town":"大日町"}],"0012":[{"pref":"千葉県","city":"千葉市花見川区","town":"千種町"}],"0047":[{"pref":"千葉県","city":"千葉市花見川区","town":"長作台"}],"0044":[{"pref":"千葉県","city":"千葉市花見川区","town":"長作町"}],"0024":[{"pref":"千葉県","city":"千葉市花見川区","town":"浪花町"}],"0016":[{"pref":"千葉県","city":"千葉市花見川区","town":"西小中台"}],"0018":[{"pref":"千葉県","city":"千葉市花見川区","town":"畑町"}],"0042":[{"pref":"千葉県","city":"千葉市花見川区","town":"花島町"}],"0025":[{"pref":"千葉県","city":"千葉市花見川区","town":"花園"}],"0021":[{"pref":"千葉県","city":"千葉市花見川区","town":"花園町"}],"0046":[{"pref":"千葉県","city":"千葉市花見川区","town":"花見川"}],"0032":[{"pref":"千葉県","city":"千葉市花見川区","town":"幕張町"}],"0033":[{"pref":"千葉県","city":"千葉市花見川区","town":"幕張本郷"}],"0026":[{"pref":"千葉県","city":"千葉市花見川区","town":"瑞穂"}],"0022":[{"pref":"千葉県","city":"千葉市花見川区","town":"南花園"}],"0007":[{"pref":"千葉県","city":"千葉市花見川区","town":"み春野"}],"0015":[{"pref":"千葉県","city":"千葉市花見川区","town":"宮野木台"}],"0006":[{"pref":"千葉県","city":"千葉市花見川区","town":"横戸台"}],"0001":[{"pref":"千葉県","city":"千葉市花見川区","town":"横戸町"}]}