{"0000":[{"pref":"大阪府","city":"泉大津市","town":"以下に掲載がない場合"},{"pref":"大阪府","city":"泉北郡忠岡町","town":"以下に掲載がない場合"}],"0053":[{"pref":"大阪府","city":"泉大津市","town":"青葉町"}],"0025":[{"pref":"大阪府","city":"泉大津市","town":"旭町"}],"0032":[{"pref":"大阪府","city":"泉大津市","town":"穴田"}],"0031":[{"pref":"大阪府","city":"泉大津市","town":"我孫子"}],"0001":[{"pref":"大阪府","city":"泉大津市","town":"綾井"}],"0022":[{"pref":"大阪府","city":"泉大津市","town":"池浦"}],"0024":[{"pref":"大阪府","city":"泉大津市","town":"池浦町"}],"0017":[{"pref":"大阪府","city":"泉大津市","town":"池園町"}],"0033":[{"pref":"大阪府","city":"泉大津市","town":"板原"},{"pref":"大阪府","city":"泉大津市","town":"板原町"}],"0046":[{"pref":"大阪府","city":"泉大津市","town":"上之町"}],"0034":[{"pref":"大阪府","city":"泉大津市","town":"宇多"}],"0041":[{"pref":"大阪府","city":"泉大津市","town":"戎町"}],"0003":[{"pref":"大阪府","city":"泉大津市","town":"尾井千原町"}],"0074":[{"pref":"大阪府","city":"泉大津市","town":"小津島町"}],"0061":[{"pref":"大阪府","city":"泉大津市","town":"春日町"}],"0028":[{"pref":"大阪府","city":"泉大津市","town":"要池住宅"}],"0044":[{"pref":"大阪府","city":"泉大津市","town":"河原町"}],"0012":[{"pref":"大阪府","city":"泉大津市","town":"北豊中町"}],"0038":[{"pref":"大阪府","city":"泉大津市","town":"楠町西"}],"0039":[{"pref":"大阪府","city":"泉大津市","town":"楠町東"}],"0027":[{"pref":"大阪府","city":"泉大津市","town":"下条町"}],"0014":[{"pref":"大阪府","city":"泉大津市","town":"寿町"}],"0067":[{"pref":"大阪府","city":"泉大津市","town":"小松町"}],"0054":[{"pref":"大阪府","city":"泉大津市","town":"汐見町"}],"0035":[{"pref":"大阪府","city":"泉大津市","town":"式内町"}],"0045":[{"pref":"大阪府","city":"泉大津市","town":"下之町"}],"0026":[{"pref":"大阪府","city":"泉大津市","town":"東雲町"}],"0043":[{"pref":"大阪府","city":"泉大津市","town":"清水町"}],"0016":[{"pref":"大阪府","city":"泉大津市","town":"条南町"}],"0036":[{"pref":"大阪府","city":"泉大津市","town":"昭和町"}],"0073":[{"pref":"大阪府","city":"泉大津市","town":"新港町"}],"0064":[{"pref":"大阪府","city":"泉大津市","town":"神明町"}],"0002":[{"pref":"大阪府","city":"泉大津市","town":"末広町"}],"0066":[{"pref":"大阪府","city":"泉大津市","town":"菅原町"}],"0071":[{"pref":"大阪府","city":"泉大津市","town":"助松町"}],"0007":[{"pref":"大阪府","city":"泉大津市","town":"助松団地"}],"0011":[{"pref":"大阪府","city":"泉大津市","town":"曽根町"},{"pref":"大阪府","city":"泉大津市","town":"南曾根"}],"0042":[{"pref":"大阪府","city":"泉大津市","town":"高津町"}],"0062":[{"pref":"大阪府","city":"泉大津市","town":"田中町"}],"0004":[{"pref":"大阪府","city":"泉大津市","town":"千原町"}],"0023":[{"pref":"大阪府","city":"泉大津市","town":"豊中町"}],"0055":[{"pref":"大阪府","city":"泉大津市","town":"なぎさ町"}],"0052":[{"pref":"大阪府","city":"泉大津市","town":"西港町"}],"0006":[{"pref":"大阪府","city":"泉大津市","town":"東助松町"}],"0021":[{"pref":"大阪府","city":"泉大津市","town":"東豊中町"}],"0051":[{"pref":"大阪府","city":"泉大津市","town":"東港町"}],"0015":[{"pref":"大阪府","city":"泉大津市","town":"二田町"}],"0063":[{"pref":"大阪府","city":"泉大津市","town":"本町"}],"0072":[{"pref":"大阪府","city":"泉大津市","town":"松之浜町"}],"0013":[{"pref":"大阪府","city":"泉大津市","town":"宮町"}],"0037":[{"pref":"大阪府","city":"泉大津市","town":"虫取"},{"pref":"大阪府","city":"泉大津市","town":"虫取町"}],"0005":[{"pref":"大阪府","city":"泉大津市","town":"森町"}],"0056":[{"pref":"大阪府","city":"泉大津市","town":"夕凪町"}],"0075":[{"pref":"大阪府","city":"泉大津市","town":"臨海町"}],"0065":[{"pref":"大阪府","city":"泉大津市","town":"若宮町"}],"0081":[{"pref":"大阪府","city":"高石市","town":"南高砂"}],"0803":[{"pref":"大阪府","city":"泉北郡忠岡町","town":"北出"}],"0802":[{"pref":"大阪府","city":"泉北郡忠岡町","town":"高月南"}],"0801":[{"pref":"大阪府","city":"泉北郡忠岡町","town":"高月北"}],"0812":[{"pref":"大阪府","city":"泉北郡忠岡町","town":"忠岡中"}],"0805":[{"pref":"大阪府","city":"泉北郡忠岡町","town":"忠岡東"}],"0813":[{"pref":"大阪府","city":"泉北郡忠岡町","town":"忠岡南"}],"0811":[{"pref":"大阪府","city":"泉北郡忠岡町","town":"忠岡北"}],"0814":[{"pref":"大阪府","city":"泉北郡忠岡町","town":"新浜"}],"0804":[{"pref":"大阪府","city":"泉北郡忠岡町","town":"馬瀬"}]}