{"0000":[{"pref":"埼玉県","city":"さいたま市西区","town":"以下に掲載がない場合"}],"0058":[{"pref":"埼玉県","city":"さいたま市西区","town":"飯田"}],"0068":[{"pref":"埼玉県","city":"さいたま市西区","town":"飯田新田"}],"0053":[{"pref":"埼玉県","city":"さいたま市西区","town":"植田谷本"}],"0067":[{"pref":"埼玉県","city":"さいたま市西区","town":"植田谷本村新田"}],"0045":[{"pref":"埼玉県","city":"さいたま市西区","town":"内野本郷"}],"0047":[{"pref":"埼玉県","city":"さいたま市西区","town":"指扇"}],"0076":[{"pref":"埼玉県","city":"さいたま市西区","town":"指扇領辻"}],"0073":[{"pref":"埼玉県","city":"さいたま市西区","town":"指扇領別所"}],"0064":[{"pref":"埼玉県","city":"さいたま市西区","town":"佐知川"}],"0056":[{"pref":"埼玉県","city":"さいたま市西区","town":"三条町"}],"0054":[{"pref":"埼玉県","city":"さいたま市西区","town":"島根"}],"0055":[{"pref":"埼玉県","city":"さいたま市西区","town":"昭和"}],"0048":[{"pref":"埼玉県","city":"さいたま市西区","town":"清河寺"}],"0071":[{"pref":"埼玉県","city":"さいたま市西区","town":"高木"}],"0066":[{"pref":"埼玉県","city":"さいたま市西区","town":"塚本"}],"0060":[{"pref":"埼玉県","city":"さいたま市西区","town":"塚本町"}],"0062":[{"pref":"埼玉県","city":"さいたま市西区","town":"土屋"}],"0077":[{"pref":"埼玉県","city":"さいたま市西区","town":"中釘"}],"0057":[{"pref":"埼玉県","city":"さいたま市西区","town":"中野林"}],"0061":[{"pref":"埼玉県","city":"さいたま市西区","town":"西遊馬"}],"0049":[{"pref":"埼玉県","city":"さいたま市西区","town":"西新井"}],"0078":[{"pref":"埼玉県","city":"さいたま市西区","town":"西大宮"}],"0072":[{"pref":"埼玉県","city":"さいたま市西区","town":"平方領々家"}],"0065":[{"pref":"埼玉県","city":"さいたま市西区","town":"二ツ宮"}],"0063":[{"pref":"埼玉県","city":"さいたま市西区","town":"プラザ"}],"0074":[{"pref":"埼玉県","city":"さいたま市西区","town":"宝来"}],"0059":[{"pref":"埼玉県","city":"さいたま市西区","town":"水判土"}],"0075":[{"pref":"埼玉県","city":"さいたま市西区","town":"峰岸"}],"0052":[{"pref":"埼玉県","city":"さいたま市西区","town":"三橋"}],"0046":[{"pref":"埼玉県","city":"さいたま市西区","town":"宮前町"}],"0069":[{"pref":"埼玉県","city":"さいたま市西区","town":"湯木町"}],"0800":[{"pref":"埼玉県","city":"さいたま市北区","town":"以下に掲載がない場合"}],"0813":[{"pref":"埼玉県","city":"さいたま市北区","town":"植竹町"}],"0815":[{"pref":"埼玉県","city":"さいたま市北区","town":"大成町"}],"0824":[{"pref":"埼玉県","city":"さいたま市北区","town":"上加"}],"0825":[{"pref":"埼玉県","city":"さいたま市北区","town":"櫛引町"}],"0801":[{"pref":"埼玉県","city":"さいたま市北区","town":"今羽町"}],"0804":[{"pref":"埼玉県","city":"さいたま市北区","town":"土呂町"}],"0822":[{"pref":"埼玉県","city":"さいたま市北区","town":"奈良町"}],"0823":[{"pref":"埼玉県","city":"さいたま市北区","town":"日進町"}],"0814":[{"pref":"埼玉県","city":"さいたま市北区","town":"東大成町"}],"0821":[{"pref":"埼玉県","city":"さいたま市北区","town":"別所町"}],"0802":[{"pref":"埼玉県","city":"さいたま市北区","town":"本郷町"}],"0805":[{"pref":"埼玉県","city":"さいたま市北区","town":"盆栽町"}],"0803":[{"pref":"埼玉県","city":"さいたま市北区","town":"見沼"}],"0812":[{"pref":"埼玉県","city":"さいたま市北区","town":"宮原町"}],"0811":[{"pref":"埼玉県","city":"さいたま市北区","town":"吉野町"}]}