{"7101":[{"pref":"千葉県","city":"千葉市美浜区","town":"中瀬ワールドビジネスガーデン（１階）"}],"7102":[{"pref":"千葉県","city":"千葉市美浜区","town":"中瀬ワールドビジネスガーデン（２階）"}],"7103":[{"pref":"千葉県","city":"千葉市美浜区","town":"中瀬ワールドビジネスガーデン（３階）"}],"7104":[{"pref":"千葉県","city":"千葉市美浜区","town":"中瀬ワールドビジネスガーデン（４階）"}],"7105":[{"pref":"千葉県","city":"千葉市美浜区","town":"中瀬ワールドビジネスガーデン（５階）"}],"7106":[{"pref":"千葉県","city":"千葉市美浜区","town":"中瀬ワールドビジネスガーデン（６階）"}],"7107":[{"pref":"千葉県","city":"千葉市美浜区","town":"中瀬ワールドビジネスガーデン（７階）"}],"7108":[{"pref":"千葉県","city":"千葉市美浜区","town":"中瀬ワールドビジネスガーデン（８階）"}],"7109":[{"pref":"千葉県","city":"千葉市美浜区","town":"中瀬ワールドビジネスガーデン（９階）"}],"7110":[{"pref":"千葉県","city":"千葉市美浜区","town":"中瀬ワールドビジネスガーデン（１０階）"}],"7111":[{"pref":"千葉県","city":"千葉市美浜区","town":"中瀬ワールドビジネスガーデン（１１階）"}],"7112":[{"pref":"千葉県","city":"千葉市美浜区","town":"中瀬ワールドビジネスガーデン（１２階）"}],"7113":[{"pref":"千葉県","city":"千葉市美浜区","town":"中瀬ワールドビジネスガーデン（１３階）"}],"7114":[{"pref":"千葉県","city":"千葉市美浜区","town":"中瀬ワールドビジネスガーデン（１４階）"}],"7115":[{"pref":"千葉県","city":"千葉市美浜区","town":"中瀬ワールドビジネスガーデン（１５階）"}],"7116":[{"pref":"千葉県","city":"千葉市美浜区","town":"中瀬ワールドビジネスガーデン（１６階）"}],"7117":[{"pref":"千葉県","city":"千葉市美浜区","town":"中瀬ワールドビジネスガーデン（１７階）"}],"7118":[{"pref":"千葉県","city":"千葉市美浜区","town":"中瀬ワールドビジネスガーデン（１８階）"}],"7119":[{"pref":"千葉県","city":"千葉市美浜区","town":"中瀬ワールドビジネスガーデン（１９階）"}],"7120":[{"pref":"千葉県","city":"千葉市美浜区","town":"中瀬ワールドビジネスガーデン（２０階）"}],"7121":[{"pref":"千葉県","city":"千葉市美浜区","town":"中瀬ワールドビジネスガーデン（２１階）"}],"7122":[{"pref":"千葉県","city":"千葉市美浜区","town":"中瀬ワールドビジネスガーデン（２２階）"}],"7123":[{"pref":"千葉県","city":"千葉市美浜区","town":"中瀬ワールドビジネスガーデン（２３階）"}],"7124":[{"pref":"千葉県","city":"千葉市美浜区","town":"中瀬ワールドビジネスガーデン（２４階）"}],"7125":[{"pref":"千葉県","city":"千葉市美浜区","town":"中瀬ワールドビジネスガーデン（２５階）"}],"7126":[{"pref":"千葉県","city":"千葉市美浜区","town":"中瀬ワールドビジネスガーデン（２６階）"}],"7127":[{"pref":"千葉県","city":"千葉市美浜区","town":"中瀬ワールドビジネスガーデン（２７階）"}],"7128":[{"pref":"千葉県","city":"千葉市美浜区","town":"中瀬ワールドビジネスガーデン（２８階）"}],"7129":[{"pref":"千葉県","city":"千葉市美浜区","town":"中瀬ワールドビジネスガーデン（２９階）"}],"7130":[{"pref":"千葉県","city":"千葉市美浜区","town":"中瀬ワールドビジネスガーデン（３０階）"}],"7131":[{"pref":"千葉県","city":"千葉市美浜区","town":"中瀬ワールドビジネスガーデン（３１階）"}],"7132":[{"pref":"千葉県","city":"千葉市美浜区","town":"中瀬ワールドビジネスガーデン（３２階）"}],"7133":[{"pref":"千葉県","city":"千葉市美浜区","town":"中瀬ワールドビジネスガーデン（３３階）"}],"7134":[{"pref":"千葉県","city":"千葉市美浜区","town":"中瀬ワールドビジネスガーデン（３４階）"}],"7135":[{"pref":"千葉県","city":"千葉市美浜区","town":"中瀬ワールドビジネスガーデン（３５階）"}],"7190":[{"pref":"千葉県","city":"千葉市美浜区","town":"中瀬ワールドビジネスガーデン（地階・階層不明）"}],"0000":[{"pref":"千葉県","city":"千葉市美浜区","town":"以下に掲載がない場合"}],"0012":[{"pref":"千葉県","city":"千葉市美浜区","town":"磯辺"}],"0005":[{"pref":"千葉県","city":"千葉市美浜区","town":"稲毛海岸"}],"0013":[{"pref":"千葉県","city":"千葉市美浜区","town":"打瀬"}],"0001":[{"pref":"千葉県","city":"千葉市美浜区","town":"幸町"}],"0002":[{"pref":"千葉県","city":"千葉市美浜区","town":"新港"}],"0004":[{"pref":"千葉県","city":"千葉市美浜区","town":"高洲"}],"0003":[{"pref":"千葉県","city":"千葉市美浜区","town":"高浜"}],"0024":[{"pref":"千葉県","city":"千葉市美浜区","town":"豊砂"}],"0023":[{"pref":"千葉県","city":"千葉市美浜区","town":"中瀬（次のビルを除く）"}],"0025":[{"pref":"千葉県","city":"千葉市美浜区","town":"浜田"}],"0021":[{"pref":"千葉県","city":"千葉市美浜区","town":"ひび野"}],"0026":[{"pref":"千葉県","city":"千葉市美浜区","town":"幕張西"}],"0011":[{"pref":"千葉県","city":"千葉市美浜区","town":"真砂"}],"0022":[{"pref":"千葉県","city":"千葉市美浜区","town":"美浜"}],"0014":[{"pref":"千葉県","city":"千葉市美浜区","town":"若葉"}]}