{"1181":[{"pref":"兵庫県","city":"赤穂市","town":"有年楢原"}],"1182":[{"pref":"兵庫県","city":"赤穂市","town":"有年原"}],"1183":[{"pref":"兵庫県","city":"赤穂市","town":"有年牟礼"}],"1184":[{"pref":"兵庫県","city":"赤穂市","town":"有年横尾"}],"1185":[{"pref":"兵庫県","city":"赤穂市","town":"東有年"}],"1186":[{"pref":"兵庫県","city":"赤穂市","town":"西有年（その他）"}],"1200":[{"pref":"兵庫県","city":"赤穂郡上郡町","town":"以下に掲載がない場合"}],"1201":[{"pref":"兵庫県","city":"赤穂郡上郡町","town":"金出地"}],"1202":[{"pref":"兵庫県","city":"赤穂郡上郡町","town":"野桑"}],"1203":[{"pref":"兵庫県","city":"赤穂郡上郡町","town":"尾長谷"}],"1204":[{"pref":"兵庫県","city":"赤穂郡上郡町","town":"大冨"}],"1205":[{"pref":"兵庫県","city":"赤穂郡上郡町","town":"光都"}],"1211":[{"pref":"兵庫県","city":"赤穂郡上郡町","town":"小野豆"}],"1212":[{"pref":"兵庫県","city":"赤穂郡上郡町","town":"佐用谷"}],"1213":[{"pref":"兵庫県","city":"赤穂郡上郡町","town":"宇野山"}],"1214":[{"pref":"兵庫県","city":"赤穂郡上郡町","town":"休治"}],"1215":[{"pref":"兵庫県","city":"赤穂郡上郡町","town":"正福寺"}],"1216":[{"pref":"兵庫県","city":"赤穂郡上郡町","town":"中野"}],"1217":[{"pref":"兵庫県","city":"赤穂郡上郡町","town":"宿"}],"1218":[{"pref":"兵庫県","city":"赤穂郡上郡町","town":"宇治山"}],"1219":[{"pref":"兵庫県","city":"赤穂郡上郡町","town":"奥"}],"1221":[{"pref":"兵庫県","city":"赤穂郡上郡町","town":"神明寺"}],"1222":[{"pref":"兵庫県","city":"赤穂郡上郡町","town":"西野山"}],"1223":[{"pref":"兵庫県","city":"赤穂郡上郡町","town":"釜島"}],"1224":[{"pref":"兵庫県","city":"赤穂郡上郡町","town":"與井新"}],"1225":[{"pref":"兵庫県","city":"赤穂郡上郡町","town":"與井"}],"1226":[{"pref":"兵庫県","city":"赤穂郡上郡町","town":"高田台"}],"1231":[{"pref":"兵庫県","city":"赤穂郡上郡町","town":"上郡"}],"1232":[{"pref":"兵庫県","city":"赤穂郡上郡町","town":"竹万"}],"1233":[{"pref":"兵庫県","city":"赤穂郡上郡町","town":"大持"}],"1234":[{"pref":"兵庫県","city":"赤穂郡上郡町","town":"駅前"}],"1241":[{"pref":"兵庫県","city":"赤穂郡上郡町","town":"山野里"}],"1242":[{"pref":"兵庫県","city":"赤穂郡上郡町","town":"栗原"}],"1243":[{"pref":"兵庫県","city":"赤穂郡上郡町","town":"落地"}],"1244":[{"pref":"兵庫県","city":"赤穂郡上郡町","town":"梨ケ原"}],"1251":[{"pref":"兵庫県","city":"赤穂郡上郡町","town":"井上"}],"1252":[{"pref":"兵庫県","city":"赤穂郡上郡町","town":"船坂"}],"1253":[{"pref":"兵庫県","city":"赤穂郡上郡町","town":"別名"}],"1254":[{"pref":"兵庫県","city":"赤穂郡上郡町","town":"高山"}],"1255":[{"pref":"兵庫県","city":"赤穂郡上郡町","town":"行頭"}],"1256":[{"pref":"兵庫県","city":"赤穂郡上郡町","town":"八保"}],"1261":[{"pref":"兵庫県","city":"赤穂郡上郡町","town":"旭日"}],"1262":[{"pref":"兵庫県","city":"赤穂郡上郡町","town":"岩木"}],"1271":[{"pref":"兵庫県","city":"赤穂郡上郡町","town":"楠"}],"1272":[{"pref":"兵庫県","city":"赤穂郡上郡町","town":"細野"}],"1273":[{"pref":"兵庫県","city":"赤穂郡上郡町","town":"赤松"}],"1274":[{"pref":"兵庫県","city":"赤穂郡上郡町","town":"柏野"}],"1275":[{"pref":"兵庫県","city":"赤穂郡上郡町","town":"大枝"}],"1276":[{"pref":"兵庫県","city":"赤穂郡上郡町","town":"大枝新"}],"1277":[{"pref":"兵庫県","city":"赤穂郡上郡町","town":"苔縄"}],"1278":[{"pref":"兵庫県","city":"赤穂郡上郡町","town":"河野原"}],"0000":[{"pref":"兵庫県","city":"相生市","town":"以下に掲載がない場合"}],"0141":[{"pref":"兵庫県","city":"相生市","town":"相生（５１３３番地２～５１８７番地、５３１６番地１～５３１６番地１６７）"}],"0041":[{"pref":"兵庫県","city":"相生市","town":"相生（その他）"}],"0064":[{"pref":"兵庫県","city":"相生市","town":"青葉台"}],"0021":[{"pref":"兵庫県","city":"相生市","town":"赤坂"}],"0031":[{"pref":"兵庫県","city":"相生市","town":"旭"}],"0004":[{"pref":"兵庫県","city":"相生市","town":"池之内"}],"0005":[{"pref":"兵庫県","city":"相生市","town":"大石町"}],"0052":[{"pref":"兵庫県","city":"相生市","town":"大島町"}],"0043":[{"pref":"兵庫県","city":"相生市","town":"大谷町"}],"0022":[{"pref":"兵庫県","city":"相生市","town":"垣内町"}],"0042":[{"pref":"兵庫県","city":"相生市","town":"川原町"}],"0003":[{"pref":"兵庫県","city":"相生市","town":"陸"}],"0007":[{"pref":"兵庫県","city":"相生市","town":"陸本町"}],"0023":[{"pref":"兵庫県","city":"相生市","town":"向陽台"}],"0008":[{"pref":"兵庫県","city":"相生市","town":"栄町"}],"0063":[{"pref":"兵庫県","city":"相生市","town":"佐方"}],"0061":[{"pref":"兵庫県","city":"相生市","town":"桜ケ丘町"}],"0002":[{"pref":"兵庫県","city":"相生市","town":"汐見台"}],"0073":[{"pref":"兵庫県","city":"相生市","town":"菅原町"}],"0062":[{"pref":"兵庫県","city":"相生市","town":"千尋町"}],"0067":[{"pref":"兵庫県","city":"相生市","town":"那波"}],"0051":[{"pref":"兵庫県","city":"相生市","town":"那波大浜町"}],"0056":[{"pref":"兵庫県","city":"相生市","town":"那波東本町"}],"0054":[{"pref":"兵庫県","city":"相生市","town":"那波西本町"}],"0053":[{"pref":"兵庫県","city":"相生市","town":"那波南本町"}],"0055":[{"pref":"兵庫県","city":"相生市","town":"那波本町"}],"0011":[{"pref":"兵庫県","city":"相生市","town":"那波野"}],"0065":[{"pref":"兵庫県","city":"相生市","town":"西谷町"}],"0044":[{"pref":"兵庫県","city":"相生市","town":"野瀬"}],"0074":[{"pref":"兵庫県","city":"相生市","town":"ひかりが丘"}],"0024":[{"pref":"兵庫県","city":"相生市","town":"双葉"}],"0012":[{"pref":"兵庫県","city":"相生市","town":"古池"}],"0025":[{"pref":"兵庫県","city":"相生市","town":"古池本町"}],"0006":[{"pref":"兵庫県","city":"相生市","town":"本郷町"}],"0071":[{"pref":"兵庫県","city":"相生市","town":"緑ケ丘"}],"0091":[{"pref":"兵庫県","city":"相生市","town":"矢野町瓜生"},{"pref":"兵庫県","city":"相生市","town":"矢野町金坂"},{"pref":"兵庫県","city":"相生市","town":"矢野町釜出"},{"pref":"兵庫県","city":"相生市","town":"矢野町上"},{"pref":"兵庫県","city":"相生市","town":"矢野町榊"},{"pref":"兵庫県","city":"相生市","town":"矢野町菅谷"},{"pref":"兵庫県","city":"相生市","town":"矢野町中野"},{"pref":"兵庫県","city":"相生市","town":"矢野町能下"},{"pref":"兵庫県","city":"相生市","town":"矢野町二木"},{"pref":"兵庫県","city":"相生市","town":"矢野町真広"},{"pref":"兵庫県","city":"相生市","town":"矢野町森"}],"0092":[{"pref":"兵庫県","city":"相生市","town":"矢野町小河"},{"pref":"兵庫県","city":"相生市","town":"矢野町上土井"},{"pref":"兵庫県","city":"相生市","town":"矢野町下田"}],"0066":[{"pref":"兵庫県","city":"相生市","town":"山崎町"}],"0001":[{"pref":"兵庫県","city":"相生市","town":"山手"}],"0072":[{"pref":"兵庫県","city":"相生市","town":"竜泉町"}],"0081":[{"pref":"兵庫県","city":"相生市","town":"若狭野町雨内"},{"pref":"兵庫県","city":"相生市","town":"若狭野町入野"},{"pref":"兵庫県","city":"相生市","town":"若狭野町上松"},{"pref":"兵庫県","city":"相生市","town":"若狭野町東後明"},{"pref":"兵庫県","city":"相生市","town":"若狭野町西後明"},{"pref":"兵庫県","city":"相生市","town":"若狭野町若狭野"}],"0082":[{"pref":"兵庫県","city":"相生市","town":"若狭野町下土井"},{"pref":"兵庫県","city":"相生市","town":"若狭野町寺田"},{"pref":"兵庫県","city":"相生市","town":"若狭野町出"},{"pref":"兵庫県","city":"相生市","town":"若狭野町野々"},{"pref":"兵庫県","city":"相生市","town":"若狭野町八洞"},{"pref":"兵庫県","city":"相生市","town":"若狭野町福井"}],"0200":[{"pref":"兵庫県","city":"赤穂市","town":"以下に掲載がない場合"}],"0214":[{"pref":"兵庫県","city":"赤穂市","town":"朝日町"}],"0250":[{"pref":"兵庫県","city":"赤穂市","town":"磯浜町"}],"0248":[{"pref":"兵庫県","city":"赤穂市","town":"板屋町"}],"0252":[{"pref":"兵庫県","city":"赤穂市","town":"大津"}],"0229":[{"pref":"兵庫県","city":"赤穂市","town":"大橋町"}],"0205":[{"pref":"兵庫県","city":"赤穂市","town":"大町"}],"0221":[{"pref":"兵庫県","city":"赤穂市","town":"尾崎"}],"0254":[{"pref":"兵庫県","city":"赤穂市","town":"折方"}],"0225":[{"pref":"兵庫県","city":"赤穂市","town":"海浜町"}],"0249":[{"pref":"兵庫県","city":"赤穂市","town":"片浜町"}],"0235":[{"pref":"兵庫県","city":"赤穂市","town":"上仮屋"}],"0236":[{"pref":"兵庫県","city":"赤穂市","town":"上仮屋南"}],"0237":[{"pref":"兵庫県","city":"赤穂市","town":"上仮屋北"}],"0239":[{"pref":"兵庫県","city":"赤穂市","town":"加里屋"}],"0233":[{"pref":"兵庫県","city":"赤穂市","town":"加里屋中洲"}],"0234":[{"pref":"兵庫県","city":"赤穂市","town":"加里屋南"}],"0175":[{"pref":"兵庫県","city":"赤穂市","town":"北野中"}],"0165":[{"pref":"兵庫県","city":"赤穂市","town":"木津"}],"0253":[{"pref":"兵庫県","city":"赤穂市","town":"木生谷"}],"0259":[{"pref":"兵庫県","city":"赤穂市","town":"黒崎町"}],"0223":[{"pref":"兵庫県","city":"赤穂市","town":"元禄橋町"}],"0171":[{"pref":"兵庫県","city":"赤穂市","town":"高野"}],"0204":[{"pref":"兵庫県","city":"赤穂市","town":"寿町"}],"0258":[{"pref":"兵庫県","city":"赤穂市","town":"古浜町"}],"0172":[{"pref":"兵庫県","city":"赤穂市","town":"坂越"}],"0226":[{"pref":"兵庫県","city":"赤穂市","town":"さつき町"}],"0201":[{"pref":"兵庫県","city":"赤穂市","town":"塩屋"}],"0212":[{"pref":"兵庫県","city":"赤穂市","town":"清水町"}],"0244":[{"pref":"兵庫県","city":"赤穂市","town":"城西町"}],"0216":[{"pref":"兵庫県","city":"赤穂市","town":"正保橋町"}],"0255":[{"pref":"兵庫県","city":"赤穂市","town":"新田"}],"0162":[{"pref":"兵庫県","city":"赤穂市","town":"周世"}],"0241":[{"pref":"兵庫県","city":"赤穂市","town":"惣門町"}],"0163":[{"pref":"兵庫県","city":"赤穂市","town":"高雄"}],"0256":[{"pref":"兵庫県","city":"赤穂市","town":"鷆和"}],"0227":[{"pref":"兵庫県","city":"赤穂市","town":"中浜町"}],"0232":[{"pref":"兵庫県","city":"赤穂市","town":"中広"}],"0161":[{"pref":"兵庫県","city":"赤穂市","town":"中山"}],"0242":[{"pref":"兵庫県","city":"赤穂市","town":"長池町"}],"0211":[{"pref":"兵庫県","city":"赤穂市","town":"南宮町"}],"0251":[{"pref":"兵庫県","city":"赤穂市","town":"西有年（湯の内）"}],"0207":[{"pref":"兵庫県","city":"赤穂市","town":"西浜北町"}],"0208":[{"pref":"兵庫県","city":"赤穂市","town":"西浜町"}],"0238":[{"pref":"兵庫県","city":"赤穂市","town":"農神町"}],"0173":[{"pref":"兵庫県","city":"赤穂市","town":"浜市"}],"0222":[{"pref":"兵庫県","city":"赤穂市","town":"東浜町"}],"0257":[{"pref":"兵庫県","city":"赤穂市","town":"福浦"}],"0247":[{"pref":"兵庫県","city":"赤穂市","town":"平成町"}],"0231":[{"pref":"兵庫県","city":"赤穂市","town":"細野町"}],"0217":[{"pref":"兵庫県","city":"赤穂市","town":"本水尾町"}],"0228":[{"pref":"兵庫県","city":"赤穂市","town":"松原町"}],"0166":[{"pref":"兵庫県","city":"赤穂市","town":"真殿"}],"0174":[{"pref":"兵庫県","city":"赤穂市","town":"砂子"}],"0215":[{"pref":"兵庫県","city":"赤穂市","town":"御崎"}],"0245":[{"pref":"兵庫県","city":"赤穂市","town":"三樋町"}],"0176":[{"pref":"兵庫県","city":"赤穂市","town":"南野中"}],"0206":[{"pref":"兵庫県","city":"赤穂市","town":"宮前町"}],"0164":[{"pref":"兵庫県","city":"赤穂市","town":"目坂"}],"0224":[{"pref":"兵庫県","city":"赤穂市","town":"元沖町"}],"0213":[{"pref":"兵庫県","city":"赤穂市","town":"元塩町"}],"0203":[{"pref":"兵庫県","city":"赤穂市","town":"元町"}],"0202":[{"pref":"兵庫県","city":"赤穂市","town":"山手町"}],"0246":[{"pref":"兵庫県","city":"赤穂市","town":"六百目町"}],"0243":[{"pref":"兵庫県","city":"赤穂市","town":"若草町"}]}