{"0261":[{"pref":"宮城県","city":"仙台市青葉区","town":"折立"}],"0262":[{"pref":"宮城県","city":"仙台市青葉区","town":"西花苑"}],"0263":[{"pref":"宮城県","city":"仙台市青葉区","town":"茂庭"}],"0000":[{"pref":"宮城県","city":"仙台市太白区","town":"以下に掲載がない場合"}],"0834":[{"pref":"宮城県","city":"仙台市太白区","town":"青山"}],"0242":[{"pref":"宮城県","city":"仙台市太白区","town":"秋保町境野"}],"0243":[{"pref":"宮城県","city":"仙台市太白区","town":"秋保町長袋"}],"0244":[{"pref":"宮城県","city":"仙台市太白区","town":"秋保町馬場"}],"0245":[{"pref":"宮城県","city":"仙台市太白区","town":"秋保町湯向"}],"0241":[{"pref":"宮城県","city":"仙台市太白区","town":"秋保町湯元"}],"0824":[{"pref":"宮城県","city":"仙台市太白区","town":"芦の口"}],"0007":[{"pref":"宮城県","city":"仙台市太白区","town":"あすと長町"}],"0002":[{"pref":"宮城県","city":"仙台市太白区","town":"飯田"}],"0031":[{"pref":"宮城県","city":"仙台市太白区","town":"泉崎"}],"0027":[{"pref":"宮城県","city":"仙台市太白区","town":"大塒町"}],"0014":[{"pref":"宮城県","city":"仙台市太白区","town":"大野田"}],"0035":[{"pref":"宮城県","city":"仙台市太白区","town":"大谷地"}],"0804":[{"pref":"宮城県","city":"仙台市太白区","town":"鈎取"}],"0805":[{"pref":"宮城県","city":"仙台市太白区","town":"鈎取本町"}],"0023":[{"pref":"宮城県","city":"仙台市太白区","town":"鹿野"}],"0022":[{"pref":"宮城県","city":"仙台市太白区","town":"鹿野本町"}],"0812":[{"pref":"宮城県","city":"仙台市太白区","town":"上野山"}],"0823":[{"pref":"宮城県","city":"仙台市太白区","town":"恵和町"}],"0842":[{"pref":"宮城県","city":"仙台市太白区","town":"越路"}],"0003":[{"pref":"宮城県","city":"仙台市太白区","town":"郡山"}],"0803":[{"pref":"宮城県","city":"仙台市太白区","town":"金剛沢"}],"0835":[{"pref":"宮城県","city":"仙台市太白区","town":"桜木町"}],"0211":[{"pref":"宮城県","city":"仙台市太白区","town":"佐保山"}],"0025":[{"pref":"宮城県","city":"仙台市太白区","town":"砂押町"}],"0024":[{"pref":"宮城県","city":"仙台市太白区","town":"砂押南町"}],"0005":[{"pref":"宮城県","city":"仙台市太白区","town":"諏訪町"}],"0013":[{"pref":"宮城県","city":"仙台市太白区","town":"太子堂"}],"0212":[{"pref":"宮城県","city":"仙台市太白区","town":"太白"}],"0231":[{"pref":"宮城県","city":"仙台市太白区","town":"坪沼"}],"0026":[{"pref":"宮城県","city":"仙台市太白区","town":"土手内"}],"0032":[{"pref":"宮城県","city":"仙台市太白区","town":"富沢"}],"0037":[{"pref":"宮城県","city":"仙台市太白区","town":"富沢西"}],"0036":[{"pref":"宮城県","city":"仙台市太白区","town":"富沢南"}],"0033":[{"pref":"宮城県","city":"仙台市太白区","town":"富田"}],"0011":[{"pref":"宮城県","city":"仙台市太白区","town":"長町"}],"0837":[{"pref":"宮城県","city":"仙台市太白区","town":"長町（越路）"}],"0012":[{"pref":"宮城県","city":"仙台市太白区","town":"長町南"}],"0847":[{"pref":"宮城県","city":"仙台市太白区","town":"長嶺"}],"0034":[{"pref":"宮城県","city":"仙台市太白区","town":"西多賀"}],"0825":[{"pref":"宮城県","city":"仙台市太白区","town":"西の平"}],"0221":[{"pref":"宮城県","city":"仙台市太白区","town":"日本平"}],"0844":[{"pref":"宮城県","city":"仙台市太白区","town":"根岸町"}],"0848":[{"pref":"宮城県","city":"仙台市太白区","town":"萩ケ丘"}],"0817":[{"pref":"宮城県","city":"仙台市太白区","town":"羽黒台"}],"0215":[{"pref":"宮城県","city":"仙台市太白区","town":"旗立"}],"0001":[{"pref":"宮城県","city":"仙台市太白区","town":"八本松"}],"0004":[{"pref":"宮城県","city":"仙台市太白区","town":"東大野田"}],"0006":[{"pref":"宮城県","city":"仙台市太白区","town":"東郡山"}],"0222":[{"pref":"宮城県","city":"仙台市太白区","town":"人来田"}],"0811":[{"pref":"宮城県","city":"仙台市太白区","town":"ひより台"}],"0846":[{"pref":"宮城県","city":"仙台市太白区","town":"二ツ沢"}],"0821":[{"pref":"宮城県","city":"仙台市太白区","town":"松が丘"}],"0826":[{"pref":"宮城県","city":"仙台市太白区","town":"三神峯"}],"0806":[{"pref":"宮城県","city":"仙台市太白区","town":"御堂平"}],"0021":[{"pref":"宮城県","city":"仙台市太白区","town":"緑ケ丘"}],"0015":[{"pref":"宮城県","city":"仙台市太白区","town":"南大野田"}],"0841":[{"pref":"宮城県","city":"仙台市太白区","town":"向山"}],"0843":[{"pref":"宮城県","city":"仙台市太白区","town":"茂ケ崎"}],"0251":[{"pref":"宮城県","city":"仙台市太白区","town":"茂庭"}],"0252":[{"pref":"宮城県","city":"仙台市太白区","town":"茂庭台"}],"0845":[{"pref":"宮城県","city":"仙台市太白区","town":"門前町"}],"0831":[{"pref":"宮城県","city":"仙台市太白区","town":"八木山香澄町"}],"0801":[{"pref":"宮城県","city":"仙台市太白区","town":"八木山本町"}],"0836":[{"pref":"宮城県","city":"仙台市太白区","town":"八木山松波町"}],"0832":[{"pref":"宮城県","city":"仙台市太白区","town":"八木山緑町"}],"0833":[{"pref":"宮城県","city":"仙台市太白区","town":"八木山弥生町"}],"0802":[{"pref":"宮城県","city":"仙台市太白区","town":"八木山東"}],"0807":[{"pref":"宮城県","city":"仙台市太白区","town":"八木山南"}],"0214":[{"pref":"宮城県","city":"仙台市太白区","town":"山田（山田山２４－２）"}],"0814":[{"pref":"宮城県","city":"仙台市太白区","town":"山田（その他）"}],"0815":[{"pref":"宮城県","city":"仙台市太白区","town":"山田上ノ台町"}],"0813":[{"pref":"宮城県","city":"仙台市太白区","town":"山田北前町"}],"0213":[{"pref":"宮城県","city":"仙台市太白区","town":"山田自由ケ丘"}],"0818":[{"pref":"宮城県","city":"仙台市太白区","town":"山田新町"}],"0816":[{"pref":"宮城県","city":"仙台市太白区","town":"山田本町"}],"0822":[{"pref":"宮城県","city":"仙台市太白区","town":"若葉町"}]}