{"0000":[{"pref":"東京都","city":"台東区","town":"以下に掲載がない場合"}],"0006":[{"pref":"東京都","city":"台東区","town":"秋葉原"}],"0008":[{"pref":"東京都","city":"台東区","town":"池之端"}],"0013":[{"pref":"東京都","city":"台東区","town":"入谷"}],"0005":[{"pref":"東京都","city":"台東区","town":"上野"}],"0007":[{"pref":"東京都","city":"台東区","town":"上野公園"}],"0002":[{"pref":"東京都","city":"台東区","town":"上野桜木"}],"0014":[{"pref":"東京都","city":"台東区","town":"北上野"}],"0004":[{"pref":"東京都","city":"台東区","town":"下谷"}],"0016":[{"pref":"東京都","city":"台東区","town":"台東"}],"0003":[{"pref":"東京都","city":"台東区","town":"根岸"}],"0015":[{"pref":"東京都","city":"台東区","town":"東上野"}],"0011":[{"pref":"東京都","city":"台東区","town":"三ノ輪"}],"0001":[{"pref":"東京都","city":"台東区","town":"谷中"}],"0012":[{"pref":"東京都","city":"台東区","town":"竜泉"}]}