{"1101":[{"pref":"島根県","city":"雲南市","town":"加茂町大西"}],"1102":[{"pref":"島根県","city":"雲南市","town":"加茂町立原"}],"1103":[{"pref":"島根県","city":"雲南市","town":"加茂町近松"}],"1104":[{"pref":"島根県","city":"雲南市","town":"加茂町南加茂"}],"1105":[{"pref":"島根県","city":"雲南市","town":"加茂町宇治"}],"1106":[{"pref":"島根県","city":"雲南市","town":"加茂町加茂中"}],"1111":[{"pref":"島根県","city":"雲南市","town":"加茂町砂子原"}],"1112":[{"pref":"島根県","city":"雲南市","town":"加茂町新宮"}],"1113":[{"pref":"島根県","city":"雲南市","town":"加茂町東谷"}],"1114":[{"pref":"島根県","city":"雲南市","town":"加茂町猪尾"}],"1115":[{"pref":"島根県","city":"雲南市","town":"加茂町岩倉"}],"1121":[{"pref":"島根県","city":"雲南市","town":"加茂町神原"}],"1122":[{"pref":"島根県","city":"雲南市","town":"加茂町三代"}],"1123":[{"pref":"島根県","city":"雲南市","town":"加茂町大竹"}],"1124":[{"pref":"島根県","city":"雲南市","town":"加茂町延野"}],"1125":[{"pref":"島根県","city":"雲南市","town":"加茂町大崎"}],"1201":[{"pref":"島根県","city":"雲南市","town":"大東町小河内"}],"1202":[{"pref":"島根県","city":"雲南市","town":"大東町刈畑"}],"1203":[{"pref":"島根県","city":"雲南市","town":"大東町北村"}],"1204":[{"pref":"島根県","city":"雲南市","town":"大東町薦澤"}],"1205":[{"pref":"島根県","city":"雲南市","town":"大東町須賀"}],"1206":[{"pref":"島根県","city":"雲南市","town":"大東町南村"}],"1211":[{"pref":"島根県","city":"雲南市","town":"大東町上久野"}],"1212":[{"pref":"島根県","city":"雲南市","town":"大東町下久野"}],"1213":[{"pref":"島根県","city":"雲南市","town":"大東町大ケ谷"}],"1214":[{"pref":"島根県","city":"雲南市","town":"大東町上佐世"}],"1215":[{"pref":"島根県","city":"雲南市","town":"大東町下佐世"}],"1216":[{"pref":"島根県","city":"雲南市","town":"大東町西阿用"}],"1221":[{"pref":"島根県","city":"雲南市","town":"大東町飯田"},{"pref":"島根県","city":"雲南市","town":"大東町岡村"}],"1222":[{"pref":"島根県","city":"雲南市","town":"大東町川井"}],"1223":[{"pref":"島根県","city":"雲南市","town":"大東町下阿用"}],"1224":[{"pref":"島根県","city":"雲南市","town":"大東町東阿用"}],"1231":[{"pref":"島根県","city":"雲南市","town":"大東町遠所"}],"1232":[{"pref":"島根県","city":"雲南市","town":"大東町仁和寺"}],"1233":[{"pref":"島根県","city":"雲南市","town":"大東町幡屋"}],"1234":[{"pref":"島根県","city":"雲南市","town":"大東町前原"}],"1241":[{"pref":"島根県","city":"雲南市","town":"大東町山王寺"}],"1242":[{"pref":"島根県","city":"雲南市","town":"大東町大東下分"}],"1243":[{"pref":"島根県","city":"雲南市","town":"大東町畑鵯"}],"1244":[{"pref":"島根県","city":"雲南市","town":"大東町山田"}],"1245":[{"pref":"島根県","city":"雲南市","town":"大東町養賀"}],"1251":[{"pref":"島根県","city":"雲南市","town":"大東町新庄"},{"pref":"島根県","city":"雲南市","town":"大東町大東"}],"1252":[{"pref":"島根県","city":"雲南市","town":"大東町田中"}],"1253":[{"pref":"島根県","city":"雲南市","town":"大東町中湯石"}],"1261":[{"pref":"島根県","city":"雲南市","town":"大東町金成"}],"1262":[{"pref":"島根県","city":"雲南市","town":"大東町塩田"}],"1263":[{"pref":"島根県","city":"雲南市","town":"大東町篠淵"}],"1264":[{"pref":"島根県","city":"雲南市","town":"大東町清田"}],"1311":[{"pref":"島根県","city":"雲南市","town":"木次町里方"}],"1312":[{"pref":"島根県","city":"雲南市","town":"木次町山方"}],"1321":[{"pref":"島根県","city":"雲南市","town":"木次町宇谷"}],"1322":[{"pref":"島根県","city":"雲南市","town":"木次町寺領"}],"1323":[{"pref":"島根県","city":"雲南市","town":"木次町東日登"}],"1324":[{"pref":"島根県","city":"雲南市","town":"木次町西日登"}],"1331":[{"pref":"島根県","city":"雲南市","town":"木次町上熊谷"}],"1332":[{"pref":"島根県","city":"雲南市","town":"木次町木次"}],"1333":[{"pref":"島根県","city":"雲南市","town":"木次町下熊谷"}],"1334":[{"pref":"島根県","city":"雲南市","town":"木次町新市"}],"1341":[{"pref":"島根県","city":"雲南市","town":"木次町北原（その他）"}],"1342":[{"pref":"島根県","city":"雲南市","town":"木次町平田"}],"1343":[{"pref":"島根県","city":"雲南市","town":"木次町湯村"}],"1401":[{"pref":"島根県","city":"雲南市","town":"木次町北原（尾白）"}],"1431":[{"pref":"島根県","city":"仁多郡奥出雲町","town":"上三所"}],"1432":[{"pref":"島根県","city":"仁多郡奥出雲町","town":"馬馳"}],"1433":[{"pref":"島根県","city":"仁多郡奥出雲町","town":"八代"}],"1434":[{"pref":"島根県","city":"仁多郡奥出雲町","town":"佐白"}],"1500":[{"pref":"島根県","city":"仁多郡奥出雲町","town":"以下に掲載がない場合"}],"1511":[{"pref":"島根県","city":"仁多郡奥出雲町","town":"三成"}],"1512":[{"pref":"島根県","city":"仁多郡奥出雲町","town":"高尾"}],"1513":[{"pref":"島根県","city":"仁多郡奥出雲町","town":"三沢"}],"1514":[{"pref":"島根県","city":"仁多郡奥出雲町","town":"河内"}],"1515":[{"pref":"島根県","city":"仁多郡奥出雲町","town":"鴨倉"}],"1516":[{"pref":"島根県","city":"仁多郡奥出雲町","town":"三所"}],"1517":[{"pref":"島根県","city":"仁多郡奥出雲町","town":"下阿井（宇根路）"}],"1621":[{"pref":"島根県","city":"仁多郡奥出雲町","town":"上阿井"}],"1622":[{"pref":"島根県","city":"仁多郡奥出雲町","town":"下阿井（その他）"}],"1701":[{"pref":"島根県","city":"仁多郡奥出雲町","town":"亀嵩"}],"1702":[{"pref":"島根県","city":"仁多郡奥出雲町","town":"郡"}],"1703":[{"pref":"島根県","city":"仁多郡奥出雲町","town":"高田"}],"1801":[{"pref":"島根県","city":"仁多郡奥出雲町","town":"竹崎"}],"1802":[{"pref":"島根県","city":"仁多郡奥出雲町","town":"大呂"}],"1811":[{"pref":"島根県","city":"仁多郡奥出雲町","town":"八川"}],"1812":[{"pref":"島根県","city":"仁多郡奥出雲町","town":"大谷"}],"1821":[{"pref":"島根県","city":"仁多郡奥出雲町","town":"稲原"}],"1822":[{"pref":"島根県","city":"仁多郡奥出雲町","town":"下横田"}],"1831":[{"pref":"島根県","city":"仁多郡奥出雲町","town":"中村"}],"1832":[{"pref":"島根県","city":"仁多郡奥出雲町","town":"横田"}],"1941":[{"pref":"島根県","city":"仁多郡奥出雲町","town":"大馬木"}],"1942":[{"pref":"島根県","city":"仁多郡奥出雲町","town":"小馬木"}],"2211":[{"pref":"島根県","city":"大田市","town":"波根町"}],"2212":[{"pref":"島根県","city":"大田市","town":"朝山町仙山"}],"2213":[{"pref":"島根県","city":"大田市","town":"朝山町朝倉"}],"2214":[{"pref":"島根県","city":"大田市","town":"富山町神原"}],"2215":[{"pref":"島根県","city":"大田市","town":"富山町才坂"}],"2216":[{"pref":"島根県","city":"大田市","town":"富山町山中（その他）"}],"2301":[{"pref":"島根県","city":"大田市","town":"仁摩町仁万"}],"2302":[{"pref":"島根県","city":"大田市","town":"仁摩町宅野"}],"2303":[{"pref":"島根県","city":"大田市","town":"仁摩町大国"}],"2304":[{"pref":"島根県","city":"大田市","town":"仁摩町馬路"}],"2305":[{"pref":"島根県","city":"大田市","town":"仁摩町天河内"}],"2501":[{"pref":"島根県","city":"大田市","town":"温泉津町温泉津"}],"2502":[{"pref":"島根県","city":"大田市","town":"温泉津町湯里"}],"2503":[{"pref":"島根県","city":"大田市","town":"温泉津町西田"}],"2504":[{"pref":"島根県","city":"大田市","town":"温泉津町荻村"}],"2505":[{"pref":"島根県","city":"大田市","town":"温泉津町太田"}],"2506":[{"pref":"島根県","city":"大田市","town":"温泉津町福田"}],"2507":[{"pref":"島根県","city":"大田市","town":"温泉津町井田"}],"2511":[{"pref":"島根県","city":"大田市","town":"温泉津町小浜"}],"2512":[{"pref":"島根県","city":"大田市","town":"温泉津町飯原"}],"2513":[{"pref":"島根県","city":"大田市","town":"温泉津町上村"}],"2514":[{"pref":"島根県","city":"大田市","town":"温泉津町福光"}],"2515":[{"pref":"島根県","city":"大田市","town":"温泉津町今浦"}],"2516":[{"pref":"島根県","city":"大田市","town":"温泉津町吉浦"}],"2831":[{"pref":"島根県","city":"江津市","town":"黒松町"}],"2832":[{"pref":"島根県","city":"江津市","town":"波積町北"}],"2833":[{"pref":"島根県","city":"江津市","town":"波積町本郷"}],"2834":[{"pref":"島根県","city":"江津市","town":"波積町南"}],"2835":[{"pref":"島根県","city":"江津市","town":"松川町上津井"}],"2836":[{"pref":"島根県","city":"江津市","town":"松川町畑田"}],"2837":[{"pref":"島根県","city":"江津市","town":"松川町上河戸"}],"2841":[{"pref":"島根県","city":"江津市","town":"後地町"}],"2842":[{"pref":"島根県","city":"江津市","town":"都治町"}],"3161":[{"pref":"島根県","city":"江津市","town":"波子町"}],"3162":[{"pref":"島根県","city":"江津市","town":"敬川町"}],"3211":[{"pref":"島根県","city":"浜田市","town":"三隅町三隅"}],"3212":[{"pref":"島根県","city":"浜田市","town":"三隅町向野田"}],"3213":[{"pref":"島根県","city":"浜田市","town":"三隅町河内"}],"3214":[{"pref":"島根県","city":"浜田市","town":"三隅町矢原"}],"3215":[{"pref":"島根県","city":"浜田市","town":"三隅町井川"},{"pref":"島根県","city":"浜田市","town":"三隅町下古和"}],"3216":[{"pref":"島根県","city":"浜田市","town":"三隅町上古和"}],"3217":[{"pref":"島根県","city":"浜田市","town":"三隅町黒沢"}],"3221":[{"pref":"島根県","city":"浜田市","town":"三隅町東平原"}],"3222":[{"pref":"島根県","city":"浜田市","town":"三隅町折居"}],"3223":[{"pref":"島根県","city":"浜田市","town":"三隅町西河内"}],"3224":[{"pref":"島根県","city":"浜田市","town":"三隅町湊浦"}],"3225":[{"pref":"島根県","city":"浜田市","town":"三隅町古市場"}],"3226":[{"pref":"島根県","city":"浜田市","town":"三隅町岡見"}],"3301":[{"pref":"島根県","city":"浜田市","town":"三隅町井野"}],"3302":[{"pref":"島根県","city":"浜田市","town":"三隅町芦谷"}],"3303":[{"pref":"島根県","city":"浜田市","town":"三隅町室谷"}],"3501":[{"pref":"島根県","city":"益田市","town":"金山町"}],"3502":[{"pref":"島根県","city":"益田市","town":"木部町"}],"3503":[{"pref":"島根県","city":"益田市","town":"下種町"}],"3504":[{"pref":"島根県","city":"益田市","town":"種村町"}],"3505":[{"pref":"島根県","city":"益田市","town":"土田町"}],"3506":[{"pref":"島根県","city":"益田市","town":"西平原町"}],"3671":[{"pref":"島根県","city":"益田市","town":"津田町"}],"3672":[{"pref":"島根県","city":"益田市","town":"赤雁町"}],"3673":[{"pref":"島根県","city":"益田市","town":"山折町"}],"3674":[{"pref":"島根県","city":"益田市","town":"大草町"}],"3675":[{"pref":"島根県","city":"益田市","town":"乙子町"}],"3676":[{"pref":"島根県","city":"益田市","town":"遠田町"}],"3761":[{"pref":"島根県","city":"益田市","town":"飯浦町"}],"3762":[{"pref":"島根県","city":"益田市","town":"小浜町"}],"3763":[{"pref":"島根県","city":"益田市","town":"戸田町"}],"3764":[{"pref":"島根県","city":"益田市","town":"喜阿弥町"}],"3765":[{"pref":"島根県","city":"益田市","town":"有田町"}],"3766":[{"pref":"島根県","city":"益田市","town":"美濃地町"}],"4111":[{"pref":"島根県","city":"江津市","town":"桜江町谷住郷"}],"4221":[{"pref":"島根県","city":"江津市","town":"桜江町市山"}],"4222":[{"pref":"島根県","city":"江津市","town":"桜江町今田"}],"4223":[{"pref":"島根県","city":"江津市","town":"桜江町後山"}],"4224":[{"pref":"島根県","city":"江津市","town":"桜江町江尾"}],"4225":[{"pref":"島根県","city":"江津市","town":"桜江町小田"}],"4226":[{"pref":"島根県","city":"江津市","town":"桜江町川戸"}],"4311":[{"pref":"島根県","city":"邑智郡邑南町","town":"日貫"}],"4431":[{"pref":"島根県","city":"江津市","town":"桜江町長谷"}],"4432":[{"pref":"島根県","city":"江津市","town":"桜江町八戸"}],"4501":[{"pref":"島根県","city":"江津市","town":"桜江町鹿賀"}],"4502":[{"pref":"島根県","city":"江津市","town":"桜江町川越"}],"4503":[{"pref":"島根県","city":"江津市","town":"桜江町田津"}],"4504":[{"pref":"島根県","city":"江津市","town":"桜江町大貫"}],"4505":[{"pref":"島根県","city":"江津市","town":"桜江町坂本"}],"4600":[{"pref":"島根県","city":"邑智郡美郷町","town":"以下に掲載がない場合"}],"4605":[{"pref":"島根県","city":"邑智郡美郷町","town":"高山"}],"4621":[{"pref":"島根県","city":"邑智郡美郷町","town":"粕渕"}],"4622":[{"pref":"島根県","city":"邑智郡美郷町","town":"久保"}],"4623":[{"pref":"島根県","city":"邑智郡美郷町","town":"野井"}],"4624":[{"pref":"島根県","city":"邑智郡美郷町","town":"明塚"}],"4625":[{"pref":"島根県","city":"邑智郡美郷町","town":"簗瀬"}],"4626":[{"pref":"島根県","city":"邑智郡美郷町","town":"乙原"}],"4627":[{"pref":"島根県","city":"邑智郡美郷町","town":"吾郷"}],"4631":[{"pref":"島根県","city":"邑智郡美郷町","town":"奥山"}],"4632":[{"pref":"島根県","city":"邑智郡美郷町","town":"高畑"}],"4633":[{"pref":"島根県","city":"邑智郡美郷町","town":"湯抱"}],"4701":[{"pref":"島根県","city":"邑智郡美郷町","town":"浜原"}],"4702":[{"pref":"島根県","city":"邑智郡美郷町","town":"上川戸"}],"4703":[{"pref":"島根県","city":"邑智郡美郷町","town":"熊見"}],"4704":[{"pref":"島根県","city":"邑智郡美郷町","town":"信喜"}],"4706":[{"pref":"島根県","city":"邑智郡美郷町","town":"滝原"}],"4707":[{"pref":"島根県","city":"邑智郡美郷町","town":"亀村"}],"4711":[{"pref":"島根県","city":"邑智郡美郷町","town":"千原"}],"4712":[{"pref":"島根県","city":"邑智郡美郷町","town":"九日市"}],"4713":[{"pref":"島根県","city":"邑智郡美郷町","town":"酒谷"}],"4714":[{"pref":"島根県","city":"邑智郡美郷町","town":"片山"}],"4715":[{"pref":"島根県","city":"邑智郡美郷町","town":"石原"}],"5121":[{"pref":"島根県","city":"益田市","town":"左ケ山町"}],"5122":[{"pref":"島根県","city":"益田市","town":"本俣賀町"}],"5123":[{"pref":"島根県","city":"益田市","town":"猪木谷町"}],"5124":[{"pref":"島根県","city":"益田市","town":"薄原町"}],"5125":[{"pref":"島根県","city":"益田市","town":"白岩町"}],"5126":[{"pref":"島根県","city":"益田市","town":"隅村町"}],"5127":[{"pref":"島根県","city":"益田市","town":"梅月町"}],"5131":[{"pref":"島根県","city":"益田市","town":"安富町"}],"5132":[{"pref":"島根県","city":"益田市","town":"横田町"}],"5133":[{"pref":"島根県","city":"益田市","town":"神田町"}],"5134":[{"pref":"島根県","city":"益田市","town":"向横田町"}],"5201":[{"pref":"島根県","city":"鹿足郡津和野町","town":"商人（９２９～１１１７、１３４３～１７３４番地）"}],"5202":[{"pref":"島根県","city":"鹿足郡津和野町","town":"左鐙"}],"5203":[{"pref":"島根県","city":"鹿足郡津和野町","town":"相撲ケ原"}],"5204":[{"pref":"島根県","city":"鹿足郡津和野町","town":"須川"}],"5205":[{"pref":"島根県","city":"鹿足郡津和野町","town":"瀧谷"}],"5206":[{"pref":"島根県","city":"鹿足郡津和野町","town":"瀧元"}],"5207":[{"pref":"島根県","city":"鹿足郡津和野町","town":"枕瀬"}],"5211":[{"pref":"島根県","city":"鹿足郡津和野町","town":"青原"}],"5212":[{"pref":"島根県","city":"鹿足郡津和野町","town":"河村"}],"5213":[{"pref":"島根県","city":"鹿足郡津和野町","town":"添谷"}],"5214":[{"pref":"島根県","city":"鹿足郡津和野町","town":"溪村"}],"5215":[{"pref":"島根県","city":"鹿足郡津和野町","town":"冨田"}],"5216":[{"pref":"島根県","city":"鹿足郡津和野町","town":"池村"}],"5217":[{"pref":"島根県","city":"鹿足郡津和野町","town":"柳村"}],"5221":[{"pref":"島根県","city":"鹿足郡津和野町","town":"日原"}],"5301":[{"pref":"島根県","city":"鹿足郡吉賀町","town":"柿木"}],"5302":[{"pref":"島根県","city":"鹿足郡吉賀町","town":"福川"}],"5303":[{"pref":"島根県","city":"鹿足郡吉賀町","town":"椛谷"}],"5304":[{"pref":"島根県","city":"鹿足郡吉賀町","town":"白谷"}],"5305":[{"pref":"島根県","city":"鹿足郡吉賀町","town":"下須"}],"5306":[{"pref":"島根県","city":"鹿足郡吉賀町","town":"大野原"}],"5307":[{"pref":"島根県","city":"鹿足郡吉賀町","town":"木部谷"}],"5500":[{"pref":"島根県","city":"鹿足郡吉賀町","town":"以下に掲載がない場合"}],"5501":[{"pref":"島根県","city":"鹿足郡吉賀町","town":"上高尻"}],"5502":[{"pref":"島根県","city":"鹿足郡吉賀町","town":"田野原"}],"5503":[{"pref":"島根県","city":"鹿足郡吉賀町","town":"樋口"}],"5504":[{"pref":"島根県","city":"鹿足郡吉賀町","town":"蔵木"}],"5505":[{"pref":"島根県","city":"鹿足郡吉賀町","town":"九郎原"}],"5506":[{"pref":"島根県","city":"鹿足郡吉賀町","town":"有飯"}],"5507":[{"pref":"島根県","city":"鹿足郡吉賀町","town":"下高尻"}],"5511":[{"pref":"島根県","city":"鹿足郡吉賀町","town":"立戸"}],"5512":[{"pref":"島根県","city":"鹿足郡吉賀町","town":"広石"}],"5513":[{"pref":"島根県","city":"鹿足郡吉賀町","town":"六日市"}],"5514":[{"pref":"島根県","city":"鹿足郡吉賀町","town":"立河内"}],"5515":[{"pref":"島根県","city":"鹿足郡吉賀町","town":"幸地"}],"5516":[{"pref":"島根県","city":"鹿足郡吉賀町","town":"沢田"}],"5517":[{"pref":"島根県","city":"鹿足郡吉賀町","town":"注連川"}],"5521":[{"pref":"島根県","city":"鹿足郡吉賀町","town":"真田"}],"5522":[{"pref":"島根県","city":"鹿足郡吉賀町","town":"七日市"}],"5523":[{"pref":"島根県","city":"鹿足郡吉賀町","town":"朝倉"}],"5524":[{"pref":"島根県","city":"鹿足郡吉賀町","town":"蓼野"}],"5525":[{"pref":"島根県","city":"鹿足郡吉賀町","town":"抜月"}],"5600":[{"pref":"島根県","city":"鹿足郡津和野町","town":"以下に掲載がない場合"}],"5601":[{"pref":"島根県","city":"鹿足郡津和野町","town":"商人（その他）"}],"5602":[{"pref":"島根県","city":"鹿足郡津和野町","town":"直地"}],"5603":[{"pref":"島根県","city":"鹿足郡津和野町","town":"笹山"}],"5604":[{"pref":"島根県","city":"鹿足郡津和野町","town":"森村"}],"5605":[{"pref":"島根県","city":"鹿足郡津和野町","town":"後田"}],"5606":[{"pref":"島根県","city":"鹿足郡津和野町","town":"寺田"}],"5607":[{"pref":"島根県","city":"鹿足郡津和野町","town":"耕田"}],"5611":[{"pref":"島根県","city":"鹿足郡津和野町","town":"町田"}],"5612":[{"pref":"島根県","city":"鹿足郡津和野町","town":"中座"}],"5613":[{"pref":"島根県","city":"鹿足郡津和野町","town":"鷲原"}],"5614":[{"pref":"島根県","city":"鹿足郡津和野町","town":"高峯"}],"5615":[{"pref":"島根県","city":"鹿足郡津和野町","town":"名賀"}],"5616":[{"pref":"島根県","city":"鹿足郡津和野町","town":"部栄"}],"5617":[{"pref":"島根県","city":"鹿足郡津和野町","town":"田二穂"}],"5621":[{"pref":"島根県","city":"鹿足郡津和野町","town":"内美"}],"5622":[{"pref":"島根県","city":"鹿足郡津和野町","town":"邑輝"}],"5631":[{"pref":"島根県","city":"鹿足郡津和野町","town":"中山"}],"5632":[{"pref":"島根県","city":"鹿足郡津和野町","town":"豊稼"}],"5633":[{"pref":"島根県","city":"鹿足郡津和野町","town":"長福"}],"5634":[{"pref":"島根県","city":"鹿足郡津和野町","town":"中川"}],"5635":[{"pref":"島根県","city":"鹿足郡津和野町","town":"山下"}],"5636":[{"pref":"島根県","city":"鹿足郡津和野町","town":"中曽野"}],"5637":[{"pref":"島根県","city":"鹿足郡津和野町","town":"吹野"}],"0407":[{"pref":"島根県","city":"松江市","town":"宍道町伊志見"}],"0405":[{"pref":"島根県","city":"松江市","town":"宍道町上来待"}],"0406":[{"pref":"島根県","city":"松江市","town":"宍道町佐々布"}],"0408":[{"pref":"島根県","city":"松江市","town":"宍道町昭和"}],"0401":[{"pref":"島根県","city":"松江市","town":"宍道町宍道"}],"0403":[{"pref":"島根県","city":"松江市","town":"宍道町西来待"}],"0402":[{"pref":"島根県","city":"松江市","town":"宍道町白石"}],"0404":[{"pref":"島根県","city":"松江市","town":"宍道町東来待"}],"0205":[{"pref":"島根県","city":"松江市","town":"玉湯町大谷"}],"0201":[{"pref":"島根県","city":"松江市","town":"玉湯町玉造"}],"0204":[{"pref":"島根県","city":"松江市","town":"玉湯町林"}],"0203":[{"pref":"島根県","city":"松江市","town":"玉湯町布志名"}],"0202":[{"pref":"島根県","city":"松江市","town":"玉湯町湯町"}],"0108":[{"pref":"島根県","city":"松江市","town":"東出雲町出雲郷"}],"0111":[{"pref":"島根県","city":"松江市","town":"東出雲町意宇南"}],"0112":[{"pref":"島根県","city":"松江市","town":"東出雲町意宇東"}],"0107":[{"pref":"島根県","city":"松江市","town":"東出雲町今宮"}],"0101":[{"pref":"島根県","city":"松江市","town":"東出雲町揖屋"}],"0105":[{"pref":"島根県","city":"松江市","town":"東出雲町内馬"}],"0106":[{"pref":"島根県","city":"松江市","town":"東出雲町春日"}],"0103":[{"pref":"島根県","city":"松江市","town":"東出雲町上意東"}],"0102":[{"pref":"島根県","city":"松江市","town":"東出雲町下意東"}],"0104":[{"pref":"島根県","city":"松江市","town":"東出雲町須田"}],"0110":[{"pref":"島根県","city":"松江市","town":"東出雲町錦新町"}],"0109":[{"pref":"島根県","city":"松江市","town":"東出雲町錦浜"}],"0821":[{"pref":"島根県","city":"出雲市","town":"大島町"}],"0817":[{"pref":"島根県","city":"出雲市","town":"湖陵町板津"}],"0816":[{"pref":"島根県","city":"出雲市","town":"湖陵町大池"}],"0811":[{"pref":"島根県","city":"出雲市","town":"湖陵町差海"}],"0813":[{"pref":"島根県","city":"出雲市","town":"湖陵町三部"}],"0814":[{"pref":"島根県","city":"出雲市","town":"湖陵町常楽寺"}],"0812":[{"pref":"島根県","city":"出雲市","town":"湖陵町二部"}],"0815":[{"pref":"島根県","city":"出雲市","town":"湖陵町畑村"}],"0822":[{"pref":"島根県","city":"出雲市","town":"神西沖町"}],"0825":[{"pref":"島根県","city":"出雲市","town":"神西新町"}],"0762":[{"pref":"島根県","city":"出雲市","town":"大社町鵜峠"}],"0764":[{"pref":"島根県","city":"出雲市","town":"大社町宇龍"}],"0722":[{"pref":"島根県","city":"出雲市","town":"大社町北荒木"}],"0702":[{"pref":"島根県","city":"出雲市","town":"大社町杵築北"}],"0751":[{"pref":"島根県","city":"出雲市","town":"大社町杵築西"}],"0701":[{"pref":"島根県","city":"出雲市","town":"大社町杵築東"}],"0711":[{"pref":"島根県","city":"出雲市","town":"大社町杵築南"}],"0761":[{"pref":"島根県","city":"出雲市","town":"大社町鷺浦"}],"0721":[{"pref":"島根県","city":"出雲市","town":"大社町修理免"}],"0741":[{"pref":"島根県","city":"出雲市","town":"大社町中荒木"}],"0732":[{"pref":"島根県","city":"出雲市","town":"大社町入南"}],"0733":[{"pref":"島根県","city":"出雲市","town":"大社町菱根"}],"0763":[{"pref":"島根県","city":"出雲市","town":"大社町日御碕"}],"0731":[{"pref":"島根県","city":"出雲市","town":"大社町遙堪"}],"0905":[{"pref":"島根県","city":"出雲市","town":"多伎町奥田儀"}],"0903":[{"pref":"島根県","city":"出雲市","town":"多伎町小田"}],"0906":[{"pref":"島根県","city":"出雲市","town":"多伎町神原"}],"0904":[{"pref":"島根県","city":"出雲市","town":"多伎町口田儀"}],"0901":[{"pref":"島根県","city":"出雲市","town":"多伎町久村"}],"0902":[{"pref":"島根県","city":"出雲市","town":"多伎町多岐"}],"0824":[{"pref":"島根県","city":"出雲市","town":"西神西町"}],"0823":[{"pref":"島根県","city":"出雲市","town":"東神西町"}],"0615":[{"pref":"島根県","city":"出雲市","town":"斐川町併川"}],"0611":[{"pref":"島根県","city":"出雲市","town":"斐川町阿宮"}],"0644":[{"pref":"島根県","city":"出雲市","town":"斐川町今在家"}],"0551":[{"pref":"島根県","city":"出雲市","town":"斐川町沖洲"}],"0501":[{"pref":"島根県","city":"出雲市","town":"斐川町学頭"}],"0505":[{"pref":"島根県","city":"出雲市","town":"斐川町上庄原"}],"0624":[{"pref":"島根県","city":"出雲市","town":"斐川町上直江"}],"0503":[{"pref":"島根県","city":"出雲市","town":"斐川町神庭"}],"0613":[{"pref":"島根県","city":"出雲市","town":"斐川町神氷"}],"0614":[{"pref":"島根県","city":"出雲市","town":"斐川町求院"}],"0553":[{"pref":"島根県","city":"出雲市","town":"斐川町黒目"}],"0555":[{"pref":"島根県","city":"出雲市","town":"斐川町坂田"}],"0554":[{"pref":"島根県","city":"出雲市","town":"斐川町三分市"}],"0612":[{"pref":"島根県","city":"出雲市","town":"斐川町出西"}],"0502":[{"pref":"島根県","city":"出雲市","town":"斐川町荘原"}],"0621":[{"pref":"島根県","city":"出雲市","town":"斐川町富村"}],"0623":[{"pref":"島根県","city":"出雲市","town":"斐川町鳥井"}],"0631":[{"pref":"島根県","city":"出雲市","town":"斐川町直江"}],"0552":[{"pref":"島根県","city":"出雲市","town":"斐川町中洲"}],"0622":[{"pref":"島根県","city":"出雲市","town":"斐川町名島"}],"0643":[{"pref":"島根県","city":"出雲市","town":"斐川町原鹿"}],"0642":[{"pref":"島根県","city":"出雲市","town":"斐川町福富"}],"0504":[{"pref":"島根県","city":"出雲市","town":"斐川町三絡"}],"0641":[{"pref":"島根県","city":"出雲市","town":"斐川町美南"}]}