{"0000":[{"pref":"東京都","city":"東村山市","town":"以下に掲載がない場合"}],"0002":[{"pref":"東京都","city":"東村山市","town":"青葉町"}],"0001":[{"pref":"東京都","city":"東村山市","town":"秋津町"}],"0011":[{"pref":"東京都","city":"東村山市","town":"恩多町"}],"0003":[{"pref":"東京都","city":"東村山市","town":"久米川町"}],"0013":[{"pref":"東京都","city":"東村山市","town":"栄町"}],"0021":[{"pref":"東京都","city":"東村山市","town":"諏訪町"}],"0026":[{"pref":"東京都","city":"東村山市","town":"多摩湖町"}],"0022":[{"pref":"東京都","city":"東村山市","town":"野口町"}],"0012":[{"pref":"東京都","city":"東村山市","town":"萩山町"}],"0024":[{"pref":"東京都","city":"東村山市","town":"富士見町"}],"0014":[{"pref":"東京都","city":"東村山市","town":"本町"}],"0023":[{"pref":"東京都","city":"東村山市","town":"美住町"}],"0025":[{"pref":"東京都","city":"東村山市","town":"廻田町"}]}