{"0941":[{"pref":"北海道","city":"札幌市中央区","town":"旭ケ丘"}],"0820":[{"pref":"北海道","city":"札幌市中央区","town":"大通西（２０～２８丁目）"}],"0821":[{"pref":"北海道","city":"札幌市中央区","town":"北一条西（２０～２８丁目）"}],"0822":[{"pref":"北海道","city":"札幌市中央区","town":"北二条西（２０～２８丁目）"}],"0823":[{"pref":"北海道","city":"札幌市中央区","town":"北三条西（２０～３０丁目）"}],"0824":[{"pref":"北海道","city":"札幌市中央区","town":"北四条西（２０～３０丁目）"}],"0825":[{"pref":"北海道","city":"札幌市中央区","town":"北五条西（２５～２９丁目）"}],"0826":[{"pref":"北海道","city":"札幌市中央区","town":"北六条西（２６～２８丁目）"}],"0943":[{"pref":"北海道","city":"札幌市中央区","town":"界川"}],"0931":[{"pref":"北海道","city":"札幌市中央区","town":"中島公園"}],"0945":[{"pref":"北海道","city":"札幌市中央区","town":"盤渓"}],"0942":[{"pref":"北海道","city":"札幌市中央区","town":"伏見"}],"0946":[{"pref":"北海道","city":"札幌市中央区","town":"双子山"}],"0944":[{"pref":"北海道","city":"札幌市中央区","town":"円山西町"}],"0801":[{"pref":"北海道","city":"札幌市中央区","town":"南一条西（２０～２８丁目）"}],"0802":[{"pref":"北海道","city":"札幌市中央区","town":"南二条西（２０～２８丁目）"}],"0803":[{"pref":"北海道","city":"札幌市中央区","town":"南三条西（２０～２８丁目）"}],"0804":[{"pref":"北海道","city":"札幌市中央区","town":"南四条西"}],"0805":[{"pref":"北海道","city":"札幌市中央区","town":"南五条西"}],"0806":[{"pref":"北海道","city":"札幌市中央区","town":"南六条西"}],"0807":[{"pref":"北海道","city":"札幌市中央区","town":"南七条西"}],"0808":[{"pref":"北海道","city":"札幌市中央区","town":"南八条西"}],"0809":[{"pref":"北海道","city":"札幌市中央区","town":"南九条西"}],"0810":[{"pref":"北海道","city":"札幌市中央区","town":"南十条西"}],"0811":[{"pref":"北海道","city":"札幌市中央区","town":"南十一条西"}],"0912":[{"pref":"北海道","city":"札幌市中央区","town":"南十二条西"}],"0913":[{"pref":"北海道","city":"札幌市中央区","town":"南十三条西"}],"0914":[{"pref":"北海道","city":"札幌市中央区","town":"南十四条西"}],"0915":[{"pref":"北海道","city":"札幌市中央区","town":"南十五条西"}],"0916":[{"pref":"北海道","city":"札幌市中央区","town":"南十六条西"}],"0917":[{"pref":"北海道","city":"札幌市中央区","town":"南十七条西"}],"0918":[{"pref":"北海道","city":"札幌市中央区","town":"南十八条西"}],"0919":[{"pref":"北海道","city":"札幌市中央区","town":"南十九条西"}],"0920":[{"pref":"北海道","city":"札幌市中央区","town":"南二十条西"}],"0921":[{"pref":"北海道","city":"札幌市中央区","town":"南二十一条西"}],"0922":[{"pref":"北海道","city":"札幌市中央区","town":"南二十二条西"}],"0923":[{"pref":"北海道","city":"札幌市中央区","town":"南二十三条西"}],"0924":[{"pref":"北海道","city":"札幌市中央区","town":"南二十四条西"}],"0925":[{"pref":"北海道","city":"札幌市中央区","town":"南二十五条西"}],"0926":[{"pref":"北海道","city":"札幌市中央区","town":"南二十六条西"}],"0927":[{"pref":"北海道","city":"札幌市中央区","town":"南二十七条西"}],"0928":[{"pref":"北海道","city":"札幌市中央区","town":"南二十八条西"}],"0929":[{"pref":"北海道","city":"札幌市中央区","town":"南二十九条西"}],"0930":[{"pref":"北海道","city":"札幌市中央区","town":"南三十条西（９～１１丁目）"}],"0959":[{"pref":"北海道","city":"札幌市中央区","town":"宮ケ丘"}],"0958":[{"pref":"北海道","city":"札幌市中央区","town":"宮の森"}],"0951":[{"pref":"北海道","city":"札幌市中央区","town":"宮の森一条"}],"0952":[{"pref":"北海道","city":"札幌市中央区","town":"宮の森二条"}],"0953":[{"pref":"北海道","city":"札幌市中央区","town":"宮の森三条"}],"0954":[{"pref":"北海道","city":"札幌市中央区","town":"宮の森四条"}]}