{"1241":[{"pref":"岐阜県","city":"養老郡養老町","town":"沢田"}],"1242":[{"pref":"岐阜県","city":"養老郡養老町","town":"桜井"}],"1243":[{"pref":"岐阜県","city":"養老郡養老町","town":"五日市"}],"1244":[{"pref":"岐阜県","city":"養老郡養老町","town":"竜泉寺"}],"1245":[{"pref":"岐阜県","city":"養老郡養老町","town":"上方"}],"1251":[{"pref":"岐阜県","city":"養老郡養老町","town":"石畑"}],"1252":[{"pref":"岐阜県","city":"養老郡養老町","town":"明徳"}],"1253":[{"pref":"岐阜県","city":"養老郡養老町","town":"柏尾"}],"1254":[{"pref":"岐阜県","city":"養老郡養老町","town":"養老公園"}],"1255":[{"pref":"岐阜県","city":"養老郡養老町","town":"養老"}],"1256":[{"pref":"岐阜県","city":"養老郡養老町","town":"勢至"}],"1261":[{"pref":"岐阜県","city":"養老郡養老町","town":"鷲巣"}],"1262":[{"pref":"岐阜県","city":"養老郡養老町","town":"小倉"}],"1263":[{"pref":"岐阜県","city":"養老郡養老町","town":"船見"}],"1264":[{"pref":"岐阜県","city":"養老郡養老町","town":"一色"}],"1265":[{"pref":"岐阜県","city":"養老郡養老町","town":"若宮"}],"1266":[{"pref":"岐阜県","city":"養老郡養老町","town":"京ケ脇"}],"1267":[{"pref":"岐阜県","city":"養老郡養老町","town":"高林"}],"1268":[{"pref":"岐阜県","city":"養老郡養老町","town":"西小倉"}],"1271":[{"pref":"岐阜県","city":"養老郡養老町","town":"田"}],"1272":[{"pref":"岐阜県","city":"養老郡養老町","town":"大場"}],"1273":[{"pref":"岐阜県","city":"養老郡養老町","town":"根古地"}],"1274":[{"pref":"岐阜県","city":"養老郡養老町","town":"瑞穂"}],"1275":[{"pref":"岐阜県","city":"養老郡養老町","town":"大巻"}],"1276":[{"pref":"岐阜県","city":"養老郡養老町","town":"釜段"}],"1277":[{"pref":"岐阜県","city":"養老郡養老町","town":"有尾"}],"1278":[{"pref":"岐阜県","city":"養老郡養老町","town":"横屋"}],"1300":[{"pref":"岐阜県","city":"養老郡養老町","town":"以下に掲載がない場合"}],"1301":[{"pref":"岐阜県","city":"養老郡養老町","town":"室原"}],"1302":[{"pref":"岐阜県","city":"養老郡養老町","town":"大坪"}],"1303":[{"pref":"岐阜県","city":"養老郡養老町","town":"蛇持"}],"1304":[{"pref":"岐阜県","city":"養老郡養老町","town":"飯田"}],"1305":[{"pref":"岐阜県","city":"養老郡養老町","town":"祖父江"}],"1306":[{"pref":"岐阜県","city":"養老郡養老町","town":"江月"}],"1311":[{"pref":"岐阜県","city":"養老郡養老町","town":"泉町"}],"1312":[{"pref":"岐阜県","city":"養老郡養老町","town":"三神町"}],"1313":[{"pref":"岐阜県","city":"養老郡養老町","town":"高田馬場町"}],"1314":[{"pref":"岐阜県","city":"養老郡養老町","town":"高田"}],"1315":[{"pref":"岐阜県","city":"養老郡養老町","town":"烏江"}],"1316":[{"pref":"岐阜県","city":"養老郡養老町","town":"押越"}],"1317":[{"pref":"岐阜県","city":"養老郡養老町","town":"滝見町"}],"1321":[{"pref":"岐阜県","city":"養老郡養老町","town":"岩道"}],"1322":[{"pref":"岐阜県","city":"養老郡養老町","town":"西岩道"}],"1323":[{"pref":"岐阜県","city":"養老郡養老町","town":"口ケ島"}],"1324":[{"pref":"岐阜県","city":"養老郡養老町","town":"大跡"}],"1325":[{"pref":"岐阜県","city":"養老郡養老町","town":"飯ノ木"}],"1331":[{"pref":"岐阜県","city":"養老郡養老町","town":"橋爪"}],"1332":[{"pref":"岐阜県","city":"養老郡養老町","town":"中"}],"1333":[{"pref":"岐阜県","city":"養老郡養老町","town":"色目"}],"1334":[{"pref":"岐阜県","city":"養老郡養老町","town":"豊"}],"1335":[{"pref":"岐阜県","city":"養老郡養老町","town":"宇田"}],"1336":[{"pref":"岐阜県","city":"養老郡養老町","town":"飯積"}],"1337":[{"pref":"岐阜県","city":"養老郡養老町","town":"直江"}],"1338":[{"pref":"岐阜県","city":"養老郡養老町","town":"安久"}],"1339":[{"pref":"岐阜県","city":"養老郡養老町","town":"金屋"}],"1381":[{"pref":"岐阜県","city":"養老郡養老町","town":"栗笠"}],"1382":[{"pref":"岐阜県","city":"養老郡養老町","town":"船附"}],"1383":[{"pref":"岐阜県","city":"養老郡養老町","town":"大野"}],"1384":[{"pref":"岐阜県","city":"養老郡養老町","town":"下笠"}],"1385":[{"pref":"岐阜県","city":"養老郡養老町","town":"上之郷"}],"1500":[{"pref":"岐阜県","city":"不破郡関ケ原町","town":"以下に掲載がない場合"}],"1501":[{"pref":"岐阜県","city":"不破郡関ケ原町","town":"関ケ原"}],"1511":[{"pref":"岐阜県","city":"不破郡関ケ原町","town":"東町"}],"1512":[{"pref":"岐阜県","city":"不破郡関ケ原町","town":"公門"}],"1513":[{"pref":"岐阜県","city":"不破郡関ケ原町","town":"中山"}],"1514":[{"pref":"岐阜県","city":"不破郡関ケ原町","town":"稲荷"},{"pref":"岐阜県","city":"不破郡関ケ原町","town":"西町"}],"1515":[{"pref":"岐阜県","city":"不破郡関ケ原町","town":"中町"}],"1521":[{"pref":"岐阜県","city":"不破郡関ケ原町","town":"宝有"}],"1522":[{"pref":"岐阜県","city":"不破郡関ケ原町","town":"陣場野"}],"1523":[{"pref":"岐阜県","city":"不破郡関ケ原町","town":"小池"},{"pref":"岐阜県","city":"不破郡関ケ原町","town":"小関"}],"1524":[{"pref":"岐阜県","city":"不破郡関ケ原町","town":"御祭田"},{"pref":"岐阜県","city":"不破郡関ケ原町","town":"笹尾"},{"pref":"岐阜県","city":"不破郡関ケ原町","town":"緑ケ丘"}],"1531":[{"pref":"岐阜県","city":"不破郡関ケ原町","town":"大高"}],"1532":[{"pref":"岐阜県","city":"不破郡関ケ原町","town":"野上"}],"1541":[{"pref":"岐阜県","city":"不破郡関ケ原町","town":"松尾"}],"1542":[{"pref":"岐阜県","city":"不破郡関ケ原町","town":"藤下"}],"1543":[{"pref":"岐阜県","city":"不破郡関ケ原町","town":"今須"}],"1544":[{"pref":"岐阜県","city":"不破郡関ケ原町","town":"山中"}],"1545":[{"pref":"岐阜県","city":"不破郡関ケ原町","town":"玉"}],"1601":[{"pref":"岐阜県","city":"大垣市","town":"上石津町乙坂"}],"1602":[{"pref":"岐阜県","city":"大垣市","town":"上石津町牧田"}],"1611":[{"pref":"岐阜県","city":"大垣市","town":"上石津町奥"}],"1612":[{"pref":"岐阜県","city":"大垣市","town":"上石津町谷畑"}],"1613":[{"pref":"岐阜県","city":"大垣市","town":"上石津町上鍛治屋"}],"1614":[{"pref":"岐阜県","city":"大垣市","town":"上石津町一之瀬"}],"1621":[{"pref":"岐阜県","city":"大垣市","town":"上石津町下多良"}],"1622":[{"pref":"岐阜県","city":"大垣市","town":"上石津町上原"}],"1623":[{"pref":"岐阜県","city":"大垣市","town":"上石津町上多良"}],"1624":[{"pref":"岐阜県","city":"大垣市","town":"上石津町三ツ里"}],"1625":[{"pref":"岐阜県","city":"大垣市","town":"上石津町宮"}],"1626":[{"pref":"岐阜県","city":"大垣市","town":"上石津町祢宜上"}],"1631":[{"pref":"岐阜県","city":"大垣市","town":"上石津町前ケ瀬"}],"1632":[{"pref":"岐阜県","city":"大垣市","town":"上石津町下山"}],"1633":[{"pref":"岐阜県","city":"大垣市","town":"上石津町打上"}],"1634":[{"pref":"岐阜県","city":"大垣市","town":"上石津町細野"}],"1635":[{"pref":"岐阜県","city":"大垣市","town":"上石津町時山"}],"1636":[{"pref":"岐阜県","city":"大垣市","town":"上石津町西山"}],"1637":[{"pref":"岐阜県","city":"大垣市","town":"上石津町堂之上"}],"1638":[{"pref":"岐阜県","city":"大垣市","town":"上石津町上"}],"2100":[{"pref":"岐阜県","city":"不破郡垂井町","town":"以下に掲載がない場合"}],"2101":[{"pref":"岐阜県","city":"不破郡垂井町","town":"大滝"}],"2102":[{"pref":"岐阜県","city":"不破郡垂井町","town":"敷原"}],"2103":[{"pref":"岐阜県","city":"不破郡垂井町","town":"梅谷"}],"2104":[{"pref":"岐阜県","city":"不破郡垂井町","town":"市之尾"}],"2105":[{"pref":"岐阜県","city":"不破郡垂井町","town":"新井"}],"2106":[{"pref":"岐阜県","city":"不破郡垂井町","town":"伊吹"}],"2107":[{"pref":"岐阜県","city":"不破郡垂井町","town":"岩手"}],"2108":[{"pref":"岐阜県","city":"不破郡垂井町","town":"大石"}],"2109":[{"pref":"岐阜県","city":"不破郡垂井町","town":"南新井"}],"2111":[{"pref":"岐阜県","city":"不破郡垂井町","town":"平尾"}],"2112":[{"pref":"岐阜県","city":"不破郡垂井町","town":"綾戸"}],"2113":[{"pref":"岐阜県","city":"不破郡垂井町","town":"清水"}],"2114":[{"pref":"岐阜県","city":"不破郡垂井町","town":"府中"}],"2121":[{"pref":"岐阜県","city":"不破郡垂井町","town":"垂井町の次に番地がくる場合"}],"2122":[{"pref":"岐阜県","city":"不破郡垂井町","town":"表佐"}],"2123":[{"pref":"岐阜県","city":"不破郡垂井町","town":"栗原"}],"2124":[{"pref":"岐阜県","city":"不破郡垂井町","town":"宮代"}],"2125":[{"pref":"岐阜県","city":"不破郡垂井町","town":"東神田"}],"2201":[{"pref":"岐阜県","city":"大垣市","town":"草道島町"}],"2202":[{"pref":"岐阜県","city":"大垣市","town":"青木町"}],"2203":[{"pref":"岐阜県","city":"大垣市","town":"興福地町"}],"2204":[{"pref":"岐阜県","city":"大垣市","town":"池尻町"}],"2205":[{"pref":"岐阜県","city":"大垣市","town":"神明"}],"2206":[{"pref":"岐阜県","city":"大垣市","town":"赤坂新町"}],"2207":[{"pref":"岐阜県","city":"大垣市","town":"枝郷"}],"2208":[{"pref":"岐阜県","city":"大垣市","town":"菅野"}],"2211":[{"pref":"岐阜県","city":"大垣市","town":"南市橋町"}],"2212":[{"pref":"岐阜県","city":"大垣市","town":"赤坂東町"}],"2213":[{"pref":"岐阜県","city":"大垣市","town":"赤坂町"}],"2214":[{"pref":"岐阜県","city":"大垣市","town":"赤坂新田"}],"2215":[{"pref":"岐阜県","city":"大垣市","town":"赤坂大門"}],"2216":[{"pref":"岐阜県","city":"大垣市","town":"昼飯町"}],"2221":[{"pref":"岐阜県","city":"大垣市","town":"青墓町"}],"2222":[{"pref":"岐阜県","city":"大垣市","town":"榎戸町"}],"2223":[{"pref":"岐阜県","city":"大垣市","town":"矢道町"}],"2224":[{"pref":"岐阜県","city":"大垣市","town":"稲葉東"}],"2225":[{"pref":"岐阜県","city":"大垣市","town":"稲葉西"}],"2226":[{"pref":"岐阜県","city":"大垣市","town":"稲葉北"}],"2227":[{"pref":"岐阜県","city":"大垣市","town":"青野町"}],"2300":[{"pref":"岐阜県","city":"安八郡神戸町","town":"以下に掲載がない場合"}],"2301":[{"pref":"岐阜県","city":"安八郡神戸町","town":"横井"}],"2302":[{"pref":"岐阜県","city":"安八郡神戸町","town":"田"}],"2303":[{"pref":"岐阜県","city":"安八郡神戸町","town":"安次"}],"2304":[{"pref":"岐阜県","city":"安八郡神戸町","town":"丈六道"}],"2305":[{"pref":"岐阜県","city":"安八郡神戸町","town":"神戸"}],"2306":[{"pref":"岐阜県","city":"安八郡神戸町","town":"北一色"}],"2311":[{"pref":"岐阜県","city":"安八郡神戸町","town":"川西"}],"2312":[{"pref":"岐阜県","city":"安八郡神戸町","town":"下宮"}],"2313":[{"pref":"岐阜県","city":"安八郡神戸町","town":"新屋敷"}],"2314":[{"pref":"岐阜県","city":"安八郡神戸町","town":"落合"}],"2315":[{"pref":"岐阜県","city":"安八郡神戸町","town":"付寄"}],"2316":[{"pref":"岐阜県","city":"安八郡神戸町","town":"斉田"}],"2317":[{"pref":"岐阜県","city":"安八郡神戸町","town":"柳瀬"}],"2318":[{"pref":"岐阜県","city":"安八郡神戸町","town":"瀬古"}],"2319":[{"pref":"岐阜県","city":"安八郡神戸町","town":"前田"}],"2321":[{"pref":"岐阜県","city":"安八郡神戸町","town":"末守"}],"2322":[{"pref":"岐阜県","city":"安八郡神戸町","town":"更屋敷"}],"2323":[{"pref":"岐阜県","city":"安八郡神戸町","town":"西保"}],"2324":[{"pref":"岐阜県","city":"安八郡神戸町","town":"八条"}],"2325":[{"pref":"岐阜県","city":"安八郡神戸町","town":"加納"}],"2326":[{"pref":"岐阜県","city":"安八郡神戸町","town":"中沢"}],"2327":[{"pref":"岐阜県","city":"安八郡神戸町","town":"和泉"}],"2328":[{"pref":"岐阜県","city":"安八郡神戸町","town":"南方"}],"2341":[{"pref":"岐阜県","city":"安八郡神戸町","town":"西座倉"}],"2400":[{"pref":"岐阜県","city":"揖斐郡池田町","town":"以下に掲載がない場合"}],"2401":[{"pref":"岐阜県","city":"揖斐郡池田町","town":"沓井"}],"2402":[{"pref":"岐阜県","city":"揖斐郡池田町","town":"粕ケ原"}],"2403":[{"pref":"岐阜県","city":"揖斐郡池田町","town":"田中"}],"2404":[{"pref":"岐阜県","city":"揖斐郡池田町","town":"小牛"}],"2405":[{"pref":"岐阜県","city":"揖斐郡池田町","town":"願成寺"}],"2406":[{"pref":"岐阜県","city":"揖斐郡池田町","town":"宮地"}],"2407":[{"pref":"岐阜県","city":"揖斐郡池田町","town":"般若畑"}],"2408":[{"pref":"岐阜県","city":"揖斐郡池田町","town":"段"}],"2409":[{"pref":"岐阜県","city":"揖斐郡池田町","town":"舟子"}],"2411":[{"pref":"岐阜県","city":"揖斐郡池田町","town":"杉野"}],"2412":[{"pref":"岐阜県","city":"揖斐郡池田町","town":"砂畑"}],"2413":[{"pref":"岐阜県","city":"揖斐郡池田町","town":"白鳥"}],"2414":[{"pref":"岐阜県","city":"揖斐郡池田町","town":"下東野"}],"2415":[{"pref":"岐阜県","city":"揖斐郡池田町","town":"上田"}],"2416":[{"pref":"岐阜県","city":"揖斐郡池田町","town":"萩原"}],"2417":[{"pref":"岐阜県","city":"揖斐郡池田町","town":"本郷"}],"2418":[{"pref":"岐阜県","city":"揖斐郡池田町","town":"草深"}],"2419":[{"pref":"岐阜県","city":"揖斐郡池田町","town":"小寺"}],"2421":[{"pref":"岐阜県","city":"揖斐郡池田町","town":"山洞"}],"2422":[{"pref":"岐阜県","city":"揖斐郡池田町","town":"田畑"}],"2423":[{"pref":"岐阜県","city":"揖斐郡池田町","town":"青柳"}],"2424":[{"pref":"岐阜県","city":"揖斐郡池田町","town":"池野"}],"2425":[{"pref":"岐阜県","city":"揖斐郡池田町","town":"六之井"}],"2426":[{"pref":"岐阜県","city":"揖斐郡池田町","town":"八幡"}],"2427":[{"pref":"岐阜県","city":"揖斐郡池田町","town":"市橋"}],"2428":[{"pref":"岐阜県","city":"揖斐郡池田町","town":"片山"}],"2429":[{"pref":"岐阜県","city":"揖斐郡池田町","town":"藤代"}],"2501":[{"pref":"岐阜県","city":"揖斐郡揖斐川町","town":"春日美束"}],"2502":[{"pref":"岐阜県","city":"揖斐郡揖斐川町","town":"春日六合"}],"2503":[{"pref":"岐阜県","city":"揖斐郡揖斐川町","town":"春日川合"}],"2504":[{"pref":"岐阜県","city":"揖斐郡揖斐川町","town":"春日中山"}],"2505":[{"pref":"岐阜県","city":"揖斐郡揖斐川町","town":"春日小宮神"}],"2506":[{"pref":"岐阜県","city":"揖斐郡揖斐川町","town":"春日香六"}],"0000":[{"pref":"岐阜県","city":"大垣市","town":"以下に掲載がない場合"}],"0961":[{"pref":"岐阜県","city":"大垣市","town":"青柳町"}],"0013":[{"pref":"岐阜県","city":"大垣市","town":"赤花町"}],"0947":[{"pref":"岐阜県","city":"大垣市","town":"浅草"}],"0946":[{"pref":"岐阜県","city":"大垣市","town":"浅中"}],"0824":[{"pref":"岐阜県","city":"大垣市","town":"旭町"}],"0945":[{"pref":"岐阜県","city":"大垣市","town":"浅西"}],"0802":[{"pref":"岐阜県","city":"大垣市","town":"東町"}],"0984":[{"pref":"岐阜県","city":"大垣市","town":"綾野"}],"0994":[{"pref":"岐阜県","city":"大垣市","town":"綾野町"}],"0035":[{"pref":"岐阜県","city":"大垣市","town":"荒尾玉池"}],"0034":[{"pref":"岐阜県","city":"大垣市","town":"荒尾町"}],"0993":[{"pref":"岐阜県","city":"大垣市","town":"荒川町"}],"0834":[{"pref":"岐阜県","city":"大垣市","town":"犬ケ渕町"}],"0874":[{"pref":"岐阜県","city":"大垣市","town":"今岡町"}],"0807":[{"pref":"岐阜県","city":"大垣市","town":"今宿"}],"0843":[{"pref":"岐阜県","city":"大垣市","town":"今福町"}],"0924":[{"pref":"岐阜県","city":"大垣市","town":"今町"}],"0962":[{"pref":"岐阜県","city":"大垣市","town":"入方"}],"0871":[{"pref":"岐阜県","city":"大垣市","town":"魚屋町"}],"0936":[{"pref":"岐阜県","city":"大垣市","town":"内原"}],"0842":[{"pref":"岐阜県","city":"大垣市","town":"馬の瀬町"}],"0838":[{"pref":"岐阜県","city":"大垣市","town":"江崎町"}],"0828":[{"pref":"岐阜県","city":"大垣市","town":"恵比寿町"}],"0827":[{"pref":"岐阜県","city":"大垣市","town":"恵比寿町南"}],"0826":[{"pref":"岐阜県","city":"大垣市","town":"恵比寿町北"}],"0836":[{"pref":"岐阜県","city":"大垣市","town":"大井"}],"0863":[{"pref":"岐阜県","city":"大垣市","town":"大池町"}],"0001":[{"pref":"岐阜県","city":"大垣市","town":"大島町"}],"0956":[{"pref":"岐阜県","city":"大垣市","town":"大外羽"}],"0814":[{"pref":"岐阜県","city":"大垣市","town":"大村"}],"0898":[{"pref":"岐阜県","city":"大垣市","town":"歩行町"}],"0007":[{"pref":"岐阜県","city":"大垣市","town":"貝曽根町"}],"0002":[{"pref":"岐阜県","city":"大垣市","town":"開発町"}],"0006":[{"pref":"岐阜県","city":"大垣市","town":"加賀野"}],"0008":[{"pref":"岐阜県","city":"大垣市","town":"楽田町"}],"0023":[{"pref":"岐阜県","city":"大垣市","town":"笠木町"}],"0027":[{"pref":"岐阜県","city":"大垣市","town":"笠縫町"}],"0823":[{"pref":"岐阜県","city":"大垣市","town":"鹿島町"}],"0021":[{"pref":"岐阜県","city":"大垣市","town":"河間町"}],"0937":[{"pref":"岐阜県","city":"大垣市","town":"釜笛"}],"0964":[{"pref":"岐阜県","city":"大垣市","town":"上笠"}],"0957":[{"pref":"岐阜県","city":"大垣市","town":"上屋"}],"0941":[{"pref":"岐阜県","city":"大垣市","town":"川口"}],"0917":[{"pref":"岐阜県","city":"大垣市","town":"神田町"}],"0019":[{"pref":"岐阜県","city":"大垣市","town":"北方町"}],"0915":[{"pref":"岐阜県","city":"大垣市","town":"北切石町"}],"0973":[{"pref":"岐阜県","city":"大垣市","town":"木戸町"}],"0881":[{"pref":"岐阜県","city":"大垣市","town":"岐阜町"}],"0982":[{"pref":"岐阜県","city":"大垣市","town":"久徳町"}],"0926":[{"pref":"岐阜県","city":"大垣市","town":"切石町"}],"0904":[{"pref":"岐阜県","city":"大垣市","town":"桐ケ崎町"}],"0991":[{"pref":"岐阜県","city":"大垣市","town":"木呂町"}],"0974":[{"pref":"岐阜県","city":"大垣市","town":"久瀬川町"}],"0032":[{"pref":"岐阜県","city":"大垣市","town":"熊野町"}],"0902":[{"pref":"岐阜県","city":"大垣市","town":"栗屋町"}],"0887":[{"pref":"岐阜県","city":"大垣市","town":"郭町"}],"0886":[{"pref":"岐阜県","city":"大垣市","town":"郭町東"}],"0816":[{"pref":"岐阜県","city":"大垣市","town":"小泉町"}],"0036":[{"pref":"岐阜県","city":"大垣市","town":"古知丸"}],"0877":[{"pref":"岐阜県","city":"大垣市","town":"御殿町"}],"0832":[{"pref":"岐阜県","city":"大垣市","town":"寿町"}],"0803":[{"pref":"岐阜県","city":"大垣市","town":"小野"}],"0847":[{"pref":"岐阜県","city":"大垣市","town":"米野町"}],"0009":[{"pref":"岐阜県","city":"大垣市","town":"坂下町"}],"0821":[{"pref":"岐阜県","city":"大垣市","town":"早苗町"}],"0813":[{"pref":"岐阜県","city":"大垣市","town":"三本木"}],"0983":[{"pref":"岐阜県","city":"大垣市","town":"静里町"}],"0865":[{"pref":"岐阜県","city":"大垣市","town":"寺内町"}],"0935":[{"pref":"岐阜県","city":"大垣市","town":"島里"}],"0996":[{"pref":"岐阜県","city":"大垣市","town":"島町"}],"0883":[{"pref":"岐阜県","city":"大垣市","town":"清水町"}],"0995":[{"pref":"岐阜県","city":"大垣市","town":"十六町"}],"0024":[{"pref":"岐阜県","city":"大垣市","town":"宿地町"}],"0817":[{"pref":"岐阜県","city":"大垣市","town":"上面"}],"0942":[{"pref":"岐阜県","city":"大垣市","town":"昭和"}],"0004":[{"pref":"岐阜県","city":"大垣市","town":"新開町"}],"0894":[{"pref":"岐阜県","city":"大垣市","town":"新地町"}],"0856":[{"pref":"岐阜県","city":"大垣市","town":"新田町"}],"0831":[{"pref":"岐阜県","city":"大垣市","town":"新長沢町"}],"0992":[{"pref":"岐阜県","city":"大垣市","town":"新長松"}],"0921":[{"pref":"岐阜県","city":"大垣市","town":"新馬場町"}],"0872":[{"pref":"岐阜県","city":"大垣市","town":"新町"}],"0815":[{"pref":"岐阜県","city":"大垣市","town":"直江町"}],"0103":[{"pref":"岐阜県","city":"大垣市","town":"墨俣町上宿"}],"0106":[{"pref":"岐阜県","city":"大垣市","town":"墨俣町さい川"}],"0104":[{"pref":"岐阜県","city":"大垣市","town":"墨俣町下宿"}],"0102":[{"pref":"岐阜県","city":"大垣市","town":"墨俣町墨俣"}],"0101":[{"pref":"岐阜県","city":"大垣市","town":"墨俣町先入方"}],"0105":[{"pref":"岐阜県","city":"大垣市","town":"墨俣町二ツ木"}],"0822":[{"pref":"岐阜県","city":"大垣市","town":"住吉町"}],"0933":[{"pref":"岐阜県","city":"大垣市","town":"外野"}],"0951":[{"pref":"岐阜県","city":"大垣市","town":"外野町"}],"0011":[{"pref":"岐阜県","city":"大垣市","town":"曽根町"}],"0934":[{"pref":"岐阜県","city":"大垣市","town":"外渕"}],"0895":[{"pref":"岐阜県","city":"大垣市","town":"代官町"}],"0889":[{"pref":"岐阜県","city":"大垣市","town":"高砂町"}],"0913":[{"pref":"岐阜県","city":"大垣市","town":"鷹匠町"}],"0896":[{"pref":"岐阜県","city":"大垣市","town":"高橋町"}],"0958":[{"pref":"岐阜県","city":"大垣市","town":"高渕"}],"0959":[{"pref":"岐阜県","city":"大垣市","town":"高渕町"}],"0901":[{"pref":"岐阜県","city":"大垣市","town":"高屋町"}],"0965":[{"pref":"岐阜県","city":"大垣市","town":"多芸島"}],"0853":[{"pref":"岐阜県","city":"大垣市","town":"田口町"}],"0878":[{"pref":"岐阜県","city":"大垣市","town":"竹島町"}],"0892":[{"pref":"岐阜県","city":"大垣市","town":"橘町"}],"0875":[{"pref":"岐阜県","city":"大垣市","town":"田町"}],"0876":[{"pref":"岐阜県","city":"大垣市","town":"俵町"}],"0891":[{"pref":"岐阜県","city":"大垣市","town":"千鳥町"}],"0854":[{"pref":"岐阜県","city":"大垣市","town":"築捨町"}],"0003":[{"pref":"岐阜県","city":"大垣市","town":"津村町"}],"0805":[{"pref":"岐阜県","city":"大垣市","town":"鶴見町"}],"0897":[{"pref":"岐阜県","city":"大垣市","town":"伝馬町"}],"0855":[{"pref":"岐阜県","city":"大垣市","town":"問屋町"}],"0954":[{"pref":"岐阜県","city":"大垣市","town":"外花"}],"0955":[{"pref":"岐阜県","city":"大垣市","town":"友江"}],"0839":[{"pref":"岐阜県","city":"大垣市","town":"長井町"}],"0017":[{"pref":"岐阜県","city":"大垣市","town":"中川町"}],"0833":[{"pref":"岐阜県","city":"大垣市","town":"長沢町"}],"0986":[{"pref":"岐阜県","city":"大垣市","town":"中曽根町"}],"0804":[{"pref":"岐阜県","city":"大垣市","town":"中ノ江"}],"0022":[{"pref":"岐阜県","city":"大垣市","town":"中野町"}],"0884":[{"pref":"岐阜県","city":"大垣市","town":"中町"}],"0997":[{"pref":"岐阜県","city":"大垣市","town":"長松町"}],"0844":[{"pref":"岐阜県","city":"大垣市","town":"難波野町"}],"0963":[{"pref":"岐阜県","city":"大垣市","town":"西大外羽"}],"0899":[{"pref":"岐阜県","city":"大垣市","town":"錦町"}],"0918":[{"pref":"岐阜県","city":"大垣市","town":"西崎町"}],"0908":[{"pref":"岐阜県","city":"大垣市","town":"西外側町"}],"0914":[{"pref":"岐阜県","city":"大垣市","town":"西長町"}],"0018":[{"pref":"岐阜県","city":"大垣市","town":"西之川町"}],"0851":[{"pref":"岐阜県","city":"大垣市","town":"禾森"}],"0852":[{"pref":"岐阜県","city":"大垣市","town":"禾森町"}],"0985":[{"pref":"岐阜県","city":"大垣市","town":"野口"}],"0861":[{"pref":"岐阜県","city":"大垣市","town":"羽衣町"}],"0811":[{"pref":"岐阜県","city":"大垣市","town":"波須"}],"0912":[{"pref":"岐阜県","city":"大垣市","town":"鳩部屋町"}],"0825":[{"pref":"岐阜県","city":"大垣市","town":"花園町"}],"0922":[{"pref":"岐阜県","city":"大垣市","town":"馬場町"}],"0015":[{"pref":"岐阜県","city":"大垣市","town":"林町"}],"0907":[{"pref":"岐阜県","city":"大垣市","town":"番組町"}],"0903":[{"pref":"岐阜県","city":"大垣市","town":"東外側町"}],"0882":[{"pref":"岐阜県","city":"大垣市","town":"東長町"}],"0835":[{"pref":"岐阜県","city":"大垣市","town":"東前"}],"0849":[{"pref":"岐阜県","city":"大垣市","town":"東前町"}],"0981":[{"pref":"岐阜県","city":"大垣市","town":"桧町"}],"0916":[{"pref":"岐阜県","city":"大垣市","town":"日の出町"}],"0141":[{"pref":"岐阜県","city":"大垣市","town":"平町（揖斐川東）"}],"0841":[{"pref":"岐阜県","city":"大垣市","town":"平町（その他）"}],"0846":[{"pref":"岐阜県","city":"大垣市","town":"深池町"}],"0033":[{"pref":"岐阜県","city":"大垣市","town":"福田町"}],"0893":[{"pref":"岐阜県","city":"大垣市","town":"藤江町"}],"0862":[{"pref":"岐阜県","city":"大垣市","town":"二葉町"}],"0923":[{"pref":"岐阜県","city":"大垣市","town":"船町"}],"0848":[{"pref":"岐阜県","city":"大垣市","town":"古宮町"}],"0972":[{"pref":"岐阜県","city":"大垣市","town":"宝和町"}],"0885":[{"pref":"岐阜県","city":"大垣市","town":"本町"}],"0845":[{"pref":"岐阜県","city":"大垣市","town":"牧新田町"}],"0031":[{"pref":"岐阜県","city":"大垣市","town":"牧野町"}],"0888":[{"pref":"岐阜県","city":"大垣市","town":"丸の内"}],"0812":[{"pref":"岐阜県","city":"大垣市","town":"万石"}],"0808":[{"pref":"岐阜県","city":"大垣市","town":"三塚町"}],"0012":[{"pref":"岐阜県","city":"大垣市","town":"三津屋町"}],"0806":[{"pref":"岐阜県","city":"大垣市","town":"緑園"}],"0025":[{"pref":"岐阜県","city":"大垣市","town":"見取町"}],"0971":[{"pref":"岐阜県","city":"大垣市","town":"南一色町"}],"0925":[{"pref":"岐阜県","city":"大垣市","town":"南切石町"}],"0873":[{"pref":"岐阜県","city":"大垣市","town":"南高橋町"}],"0864":[{"pref":"岐阜県","city":"大垣市","town":"南頬町"}],"0977":[{"pref":"岐阜県","city":"大垣市","town":"南若森"}],"0976":[{"pref":"岐阜県","city":"大垣市","town":"南若森町"}],"0905":[{"pref":"岐阜県","city":"大垣市","town":"宮町"}],"0857":[{"pref":"岐阜県","city":"大垣市","town":"美和町"}],"0911":[{"pref":"岐阜県","city":"大垣市","town":"室本町"}],"0906":[{"pref":"岐阜県","city":"大垣市","town":"室町"}],"0026":[{"pref":"岐阜県","city":"大垣市","town":"室村町"}],"0931":[{"pref":"岐阜県","city":"大垣市","town":"本今"}],"0932":[{"pref":"岐阜県","city":"大垣市","town":"本今町"}],"0016":[{"pref":"岐阜県","city":"大垣市","town":"八島町"}],"0837":[{"pref":"岐阜県","city":"大垣市","town":"安井町"}],"0944":[{"pref":"岐阜県","city":"大垣市","town":"横曽根"}],"0943":[{"pref":"岐阜県","city":"大垣市","town":"横曽根町"}],"0858":[{"pref":"岐阜県","city":"大垣市","town":"世安町"}],"0014":[{"pref":"岐阜県","city":"大垣市","town":"領家町"}],"0975":[{"pref":"岐阜県","city":"大垣市","town":"若森町"}],"0801":[{"pref":"岐阜県","city":"大垣市","town":"和合新町"}],"0005":[{"pref":"岐阜県","city":"大垣市","town":"和合本町"}],"0953":[{"pref":"岐阜県","city":"大垣市","town":"割田"}],"0952":[{"pref":"岐阜県","city":"大垣市","town":"割田町"}],"0600":[{"pref":"岐阜県","city":"海津市","town":"以下に掲載がない場合"}],"0611":[{"pref":"岐阜県","city":"海津市","town":"海津町秋江"}],"0625":[{"pref":"岐阜県","city":"海津市","town":"海津町油島"}],"0629":[{"pref":"岐阜県","city":"海津市","town":"海津町石亀"}],"0631":[{"pref":"岐阜県","city":"海津市","town":"海津町稲山"}],"0635":[{"pref":"岐阜県","city":"海津市","town":"海津町江東"}],"0612":[{"pref":"岐阜県","city":"海津市","town":"海津町大和田"}],"0624":[{"pref":"岐阜県","city":"海津市","town":"海津町金廻"}],"0608":[{"pref":"岐阜県","city":"海津市","town":"海津町鹿野"}],"0603":[{"pref":"岐阜県","city":"海津市","town":"海津町神桐"}],"0646":[{"pref":"岐阜県","city":"海津市","town":"海津町萱野"}],"0618":[{"pref":"岐阜県","city":"海津市","town":"海津町草場"}],"0645":[{"pref":"岐阜県","city":"海津市","town":"海津町五町"}],"0613":[{"pref":"岐阜県","city":"海津市","town":"海津町駒ケ江"}],"0627":[{"pref":"岐阜県","city":"海津市","town":"海津町七右衛門新田"}],"0602":[{"pref":"岐阜県","city":"海津市","town":"海津町瀬古"}],"0621":[{"pref":"岐阜県","city":"海津市","town":"海津町外浜"}],"0654":[{"pref":"岐阜県","city":"海津市","town":"海津町高須"}],"0653":[{"pref":"岐阜県","city":"海津市","town":"海津町高須町"}],"0617":[{"pref":"岐阜県","city":"海津市","town":"海津町立野"}],"0606":[{"pref":"岐阜県","city":"海津市","town":"海津町田中"}],"0641":[{"pref":"岐阜県","city":"海津市","town":"海津町内記"}],"0616":[{"pref":"岐阜県","city":"海津市","town":"海津町長久保"}],"0614":[{"pref":"岐阜県","city":"海津市","town":"海津町長瀬"}],"0604":[{"pref":"岐阜県","city":"海津市","town":"海津町成戸"}],"0648":[{"pref":"岐阜県","city":"海津市","town":"海津町西小島"}],"0634":[{"pref":"岐阜県","city":"海津市","town":"海津町沼新田"}],"0647":[{"pref":"岐阜県","city":"海津市","town":"海津町東小島"}],"0651":[{"pref":"岐阜県","city":"海津市","town":"海津町平原"}],"0615":[{"pref":"岐阜県","city":"海津市","town":"海津町日原"}],"0644":[{"pref":"岐阜県","city":"海津市","town":"海津町深浜"}],"0605":[{"pref":"岐阜県","city":"海津市","town":"海津町福一色"}],"0628":[{"pref":"岐阜県","city":"海津市","town":"海津町福江"}],"0655":[{"pref":"岐阜県","city":"海津市","town":"海津町福岡"}],"0643":[{"pref":"岐阜県","city":"海津市","town":"海津町札野"}],"0623":[{"pref":"岐阜県","city":"海津市","town":"海津町古中島"}],"0636":[{"pref":"岐阜県","city":"海津市","town":"海津町帆引新田"}],"0633":[{"pref":"岐阜県","city":"海津市","town":"海津町本阿弥新田"}],"0601":[{"pref":"岐阜県","city":"海津市","town":"海津町松木"}],"0652":[{"pref":"岐阜県","city":"海津市","town":"海津町馬目"}],"0626":[{"pref":"岐阜県","city":"海津市","town":"海津町万寿新田"}],"0632":[{"pref":"岐阜県","city":"海津市","town":"海津町宮地"}],"0622":[{"pref":"岐阜県","city":"海津市","town":"海津町森下"}],"0637":[{"pref":"岐阜県","city":"海津市","town":"海津町安田"}],"0638":[{"pref":"岐阜県","city":"海津市","town":"海津町安田新田"}],"0414":[{"pref":"岐阜県","city":"海津市","town":"南濃町上野河戸"}],"0532":[{"pref":"岐阜県","city":"海津市","town":"南濃町太田"}],"0412":[{"pref":"岐阜県","city":"海津市","town":"南濃町奥条"}],"0411":[{"pref":"岐阜県","city":"海津市","town":"南濃町駒野"}],"0405":[{"pref":"岐阜県","city":"海津市","town":"南濃町駒野新田"}],"0534":[{"pref":"岐阜県","city":"海津市","town":"南濃町境"}],"0403":[{"pref":"岐阜県","city":"海津市","town":"南濃町志津"}],"0402":[{"pref":"岐阜県","city":"海津市","town":"南濃町志津新田"}],"0533":[{"pref":"岐阜県","city":"海津市","town":"南濃町田鶴"}],"0401":[{"pref":"岐阜県","city":"海津市","town":"南濃町津屋"}],"0407":[{"pref":"岐阜県","city":"海津市","town":"南濃町徳田"}],"0406":[{"pref":"岐阜県","city":"海津市","town":"南濃町戸田"}],"0408":[{"pref":"岐阜県","city":"海津市","town":"南濃町庭田"}],"0413":[{"pref":"岐阜県","city":"海津市","town":"南濃町羽沢"}],"0404":[{"pref":"岐阜県","city":"海津市","town":"南濃町早瀬"}],"0535":[{"pref":"岐阜県","city":"海津市","town":"南濃町松山"}],"0531":[{"pref":"岐阜県","city":"海津市","town":"南濃町安江"}],"0415":[{"pref":"岐阜県","city":"海津市","town":"南濃町山崎"}],"0536":[{"pref":"岐阜県","city":"海津市","town":"南濃町吉田"}],"0321":[{"pref":"岐阜県","city":"海津市","town":"平田町今尾"}],"0307":[{"pref":"岐阜県","city":"海津市","town":"平田町岡"}],"0302":[{"pref":"岐阜県","city":"海津市","town":"平田町勝賀"}],"0312":[{"pref":"岐阜県","city":"海津市","town":"平田町三郷"}],"0306":[{"pref":"岐阜県","city":"海津市","town":"平田町蛇池"}],"0305":[{"pref":"岐阜県","city":"海津市","town":"平田町者結"}],"0301":[{"pref":"岐阜県","city":"海津市","town":"平田町須賀"}],"0313":[{"pref":"岐阜県","city":"海津市","town":"平田町高田"}],"0322":[{"pref":"岐阜県","city":"海津市","town":"平田町土倉"}],"0314":[{"pref":"岐阜県","city":"海津市","town":"平田町西島"}],"0303":[{"pref":"岐阜県","city":"海津市","town":"平田町野寺"}],"0304":[{"pref":"岐阜県","city":"海津市","town":"平田町幡長"}],"0311":[{"pref":"岐阜県","city":"海津市","town":"平田町仏師川"}],"0323":[{"pref":"岐阜県","city":"海津市","town":"平田町脇野"}],"0200":[{"pref":"岐阜県","city":"安八郡輪之内町","town":"以下に掲載がない場合"}],"0202":[{"pref":"岐阜県","city":"安八郡輪之内町","town":"大藪"}],"0216":[{"pref":"岐阜県","city":"安八郡輪之内町","town":"大吉新田"}],"0234":[{"pref":"岐阜県","city":"安八郡輪之内町","town":"里"}],"0236":[{"pref":"岐阜県","city":"安八郡輪之内町","town":"塩喰"}],"0205":[{"pref":"岐阜県","city":"安八郡輪之内町","town":"下大榑"}],"0206":[{"pref":"岐阜県","city":"安八郡輪之内町","town":"下大榑新田"}],"0233":[{"pref":"岐阜県","city":"安八郡輪之内町","town":"中郷"}],"0212":[{"pref":"岐阜県","city":"安八郡輪之内町","town":"中郷新田"}],"0231":[{"pref":"岐阜県","city":"安八郡輪之内町","town":"南波"}],"0201":[{"pref":"岐阜県","city":"安八郡輪之内町","town":"楡俣"}],"0203":[{"pref":"岐阜県","city":"安八郡輪之内町","town":"楡俣新田"}],"0235":[{"pref":"岐阜県","city":"安八郡輪之内町","town":"福束"}],"0211":[{"pref":"岐阜県","city":"安八郡輪之内町","town":"福束新田"}],"0232":[{"pref":"岐阜県","city":"安八郡輪之内町","town":"本戸"}],"0215":[{"pref":"岐阜県","city":"安八郡輪之内町","town":"松内"}],"0214":[{"pref":"岐阜県","city":"安八郡輪之内町","town":"海松新田"}],"0213":[{"pref":"岐阜県","city":"安八郡輪之内町","town":"藻池新田"}],"0204":[{"pref":"岐阜県","city":"安八郡輪之内町","town":"四郷"}],"0100":[{"pref":"岐阜県","city":"安八郡安八町","town":"以下に掲載がない場合"}],"0128":[{"pref":"岐阜県","city":"安八郡安八町","town":"大野"}],"0116":[{"pref":"岐阜県","city":"安八郡安八町","town":"大森"}],"0113":[{"pref":"岐阜県","city":"安八郡安八町","town":"北今ケ渕"}],"0121":[{"pref":"岐阜県","city":"安八郡安八町","town":"氷取"}],"0112":[{"pref":"岐阜県","city":"安八郡安八町","town":"芝原"},{"pref":"岐阜県","city":"安八郡安八町","town":"東結"}],"0127":[{"pref":"岐阜県","city":"安八郡安八町","town":"城"}],"0122":[{"pref":"岐阜県","city":"安八郡安八町","town":"善光"}],"0129":[{"pref":"岐阜県","city":"安八郡安八町","town":"外善光"}],"0117":[{"pref":"岐阜県","city":"安八郡安八町","town":"大明神"}],"0124":[{"pref":"岐阜県","city":"安八郡安八町","town":"中"}],"0126":[{"pref":"岐阜県","city":"安八郡安八町","town":"中須"}],"0111":[{"pref":"岐阜県","city":"安八郡安八町","town":"西結"}],"0118":[{"pref":"岐阜県","city":"安八郡安八町","town":"宝江"}],"0125":[{"pref":"岐阜県","city":"安八郡安八町","town":"牧"}],"0115":[{"pref":"岐阜県","city":"安八郡安八町","town":"南今ケ渕"}],"0123":[{"pref":"岐阜県","city":"安八郡安八町","town":"南條"}],"0114":[{"pref":"岐阜県","city":"安八郡安八町","town":"森部"}]}