{"8201":[{"pref":"福島県","city":"いわき市","town":"江畑町"}],"8202":[{"pref":"福島県","city":"いわき市","town":"添野町"}],"8203":[{"pref":"福島県","city":"いわき市","town":"後田町"}],"8204":[{"pref":"福島県","city":"いわき市","town":"高倉町"}],"8211":[{"pref":"福島県","city":"いわき市","town":"金山町"}],"8212":[{"pref":"福島県","city":"いわき市","town":"東田町"}],"8213":[{"pref":"福島県","city":"いわき市","town":"石塚町"}],"8221":[{"pref":"福島県","city":"いわき市","town":"小浜町"}],"8222":[{"pref":"福島県","city":"いわき市","town":"岩間町"}],"8223":[{"pref":"福島県","city":"いわき市","town":"佐糠町"}],"8231":[{"pref":"福島県","city":"いわき市","town":"富津町"}],"8232":[{"pref":"福島県","city":"いわき市","town":"錦町"}],"8233":[{"pref":"福島県","city":"いわき市","town":"錦町中央"}],"8241":[{"pref":"福島県","city":"いわき市","town":"山田町"}],"8242":[{"pref":"福島県","city":"いわき市","town":"南台"}],"8251":[{"pref":"福島県","city":"いわき市","town":"中岡町"}],"8252":[{"pref":"福島県","city":"いわき市","town":"仁井田町"}],"8261":[{"pref":"福島県","city":"いわき市","town":"植田町"}],"0243":[{"pref":"福島県","city":"いわき市","town":"田人町石住"}],"0242":[{"pref":"福島県","city":"いわき市","town":"田人町貝泊"}],"0151":[{"pref":"福島県","city":"いわき市","town":"田人町黒田"}],"0241":[{"pref":"福島県","city":"いわき市","town":"田人町荷路夫"}],"0153":[{"pref":"福島県","city":"いわき市","town":"田人町南大平"}],"0252":[{"pref":"福島県","city":"いわき市","town":"田人町旅人（水呑場）"}],"0152":[{"pref":"福島県","city":"いわき市","town":"田人町旅人（その他）"}]}