{"0000":[{"pref":"大阪府","city":"大阪市東淀川区","town":"以下に掲載がない場合"}],"0007":[{"pref":"大阪府","city":"大阪市東淀川区","town":"相川"}],"0032":[{"pref":"大阪府","city":"大阪市東淀川区","town":"淡路"}],"0001":[{"pref":"大阪府","city":"大阪市東淀川区","town":"井高野"}],"0015":[{"pref":"大阪府","city":"大阪市東淀川区","town":"大隅"}],"0006":[{"pref":"大阪府","city":"大阪市東淀川区","town":"上新庄"}],"0002":[{"pref":"大阪府","city":"大阪市東淀川区","town":"北江口"}],"0024":[{"pref":"大阪府","city":"大阪市東淀川区","town":"柴島"}],"0004":[{"pref":"大阪府","city":"大阪市東淀川区","town":"小松"}],"0021":[{"pref":"大阪府","city":"大阪市東淀川区","town":"下新庄"}],"0005":[{"pref":"大阪府","city":"大阪市東淀川区","town":"瑞光"}],"0022":[{"pref":"大阪府","city":"大阪市東淀川区","town":"菅原"}],"0011":[{"pref":"大阪府","city":"大阪市東淀川区","town":"大桐"}],"0012":[{"pref":"大阪府","city":"大阪市東淀川区","town":"大道南"}],"0013":[{"pref":"大阪府","city":"大阪市東淀川区","town":"豊里"}],"0031":[{"pref":"大阪府","city":"大阪市東淀川区","town":"西淡路"}],"0023":[{"pref":"大阪府","city":"大阪市東淀川区","town":"東淡路"}],"0033":[{"pref":"大阪府","city":"大阪市東淀川区","town":"東中島"}],"0014":[{"pref":"大阪府","city":"大阪市東淀川区","town":"豊新"}],"0003":[{"pref":"大阪府","city":"大阪市東淀川区","town":"南江口"}]}