{"0000":[{"pref":"茨城県","city":"石岡市","town":"以下に掲載がない場合"},{"pref":"茨城県","city":"かすみがうら市","town":"以下に掲載がない場合"}],"0148":[{"pref":"茨城県","city":"石岡市","town":"青田"}],"0038":[{"pref":"茨城県","city":"石岡市","town":"旭台"}],"0021":[{"pref":"茨城県","city":"石岡市","town":"荒金"}],"0030":[{"pref":"茨城県","city":"石岡市","town":"池の台"}],"0001":[{"pref":"茨城県","city":"石岡市","town":"石岡"}],"0046":[{"pref":"茨城県","city":"石岡市","town":"石川"}],"0025":[{"pref":"茨城県","city":"石岡市","town":"泉町"}],"0047":[{"pref":"茨城県","city":"石岡市","town":"井関"}],"0162":[{"pref":"茨城県","city":"石岡市","town":"宇治会"}],"0115":[{"pref":"茨城県","city":"石岡市","town":"浦須"}],"0157":[{"pref":"茨城県","city":"石岡市","town":"上曽"}],"0009":[{"pref":"茨城県","city":"石岡市","town":"大砂"}],"0102":[{"pref":"茨城県","city":"石岡市","town":"太田"}],"0105":[{"pref":"茨城県","city":"石岡市","town":"大塚"}],"0101":[{"pref":"茨城県","city":"石岡市","town":"大増"}],"0036":[{"pref":"茨城県","city":"石岡市","town":"大谷津"}],"0165":[{"pref":"茨城県","city":"石岡市","town":"小倉"}],"0144":[{"pref":"茨城県","city":"石岡市","town":"小野越"}],"0155":[{"pref":"茨城県","city":"石岡市","town":"小幡"}],"0104":[{"pref":"茨城県","city":"石岡市","town":"小見"}],"0166":[{"pref":"茨城県","city":"石岡市","town":"小山田"}],"0015":[{"pref":"茨城県","city":"石岡市","town":"貝地"}],"0116":[{"pref":"茨城県","city":"石岡市","town":"柿岡"}],"0002":[{"pref":"茨城県","city":"石岡市","town":"柏原"}],"0004":[{"pref":"茨城県","city":"石岡市","town":"柏原町"}],"0113":[{"pref":"茨城県","city":"石岡市","town":"片岡"}],"0136":[{"pref":"茨城県","city":"石岡市","town":"片野"}],"0137":[{"pref":"茨城県","city":"石岡市","town":"金指"}],"0005":[{"pref":"茨城県","city":"石岡市","town":"鹿の子"}],"0154":[{"pref":"茨城県","city":"石岡市","town":"上青柳"}],"0138":[{"pref":"茨城県","city":"石岡市","town":"上林"}],"0135":[{"pref":"茨城県","city":"石岡市","town":"加生野"}],"0114":[{"pref":"茨城県","city":"石岡市","town":"嘉良寿理"}],"0134":[{"pref":"茨城県","city":"石岡市","town":"川又"}],"0111":[{"pref":"茨城県","city":"石岡市","town":"瓦谷"}],"0044":[{"pref":"茨城県","city":"石岡市","town":"北根本"}],"0012":[{"pref":"茨城県","city":"石岡市","town":"北府中"}],"0163":[{"pref":"茨城県","city":"石岡市","town":"鯨岡"}],"0010":[{"pref":"茨城県","city":"石岡市","town":"碁石沢"}],"0032":[{"pref":"茨城県","city":"石岡市","town":"小井戸"}],"0014":[{"pref":"茨城県","city":"石岡市","town":"国府"}],"0161":[{"pref":"茨城県","city":"石岡市","town":"小塙"}],"0164":[{"pref":"茨城県","city":"石岡市","town":"小屋"}],"0019":[{"pref":"茨城県","city":"石岡市","town":"栄松"}],"0117":[{"pref":"茨城県","city":"石岡市","town":"佐久"}],"0143":[{"pref":"茨城県","city":"石岡市","town":"柴内"}],"0124":[{"pref":"茨城県","city":"石岡市","town":"柴間"}],"0153":[{"pref":"茨城県","city":"石岡市","town":"下青柳"}],"0131":[{"pref":"茨城県","city":"石岡市","town":"下林"}],"0011":[{"pref":"茨城県","city":"石岡市","town":"正上内"}],"0146":[{"pref":"茨城県","city":"石岡市","town":"菖蒲沢"}],"0151":[{"pref":"茨城県","city":"石岡市","town":"須釜"}],"0027":[{"pref":"茨城県","city":"石岡市","town":"杉並"}],"0026":[{"pref":"茨城県","city":"石岡市","town":"杉の井"}],"0016":[{"pref":"茨城県","city":"石岡市","town":"総社"}],"0007":[{"pref":"茨城県","city":"石岡市","town":"染谷"}],"0045":[{"pref":"茨城県","city":"石岡市","town":"高浜"}],"0041":[{"pref":"茨城県","city":"石岡市","town":"田島"}],"0141":[{"pref":"茨城県","city":"石岡市","town":"月岡"}],"0147":[{"pref":"茨城県","city":"石岡市","town":"辻"}],"0033":[{"pref":"茨城県","city":"石岡市","town":"東光台"}],"0043":[{"pref":"茨城県","city":"石岡市","town":"中津川"}],"0103":[{"pref":"茨城県","city":"石岡市","town":"中戸"}],"0006":[{"pref":"茨城県","city":"石岡市","town":"並木"}],"0022":[{"pref":"茨城県","city":"石岡市","town":"行里川"}],"0029":[{"pref":"茨城県","city":"石岡市","town":"根当"}],"0132":[{"pref":"茨城県","city":"石岡市","town":"根小屋"}],"0118":[{"pref":"茨城県","city":"石岡市","town":"野田"}],"0024":[{"pref":"茨城県","city":"石岡市","town":"八軒台"}],"0042":[{"pref":"茨城県","city":"石岡市","town":"茨城"}],"0133":[{"pref":"茨城県","city":"石岡市","town":"半田"}],"0028":[{"pref":"茨城県","city":"石岡市","town":"半ノ木"}],"0037":[{"pref":"茨城県","city":"石岡市","town":"東石岡"}],"0031":[{"pref":"茨城県","city":"石岡市","town":"東大橋"}],"0034":[{"pref":"茨城県","city":"石岡市","town":"東田中"}],"0122":[{"pref":"茨城県","city":"石岡市","town":"東成井"}],"0023":[{"pref":"茨城県","city":"石岡市","town":"東府中"}],"0013":[{"pref":"茨城県","city":"石岡市","town":"府中"}],"0145":[{"pref":"茨城県","city":"石岡市","town":"仏生寺"}],"0112":[{"pref":"茨城県","city":"石岡市","town":"部原"}],"0152":[{"pref":"茨城県","city":"石岡市","town":"細谷"}],"0121":[{"pref":"茨城県","city":"石岡市","town":"真家"}],"0035":[{"pref":"茨城県","city":"石岡市","town":"南台"}],"0048":[{"pref":"茨城県","city":"石岡市","town":"三村"}],"0123":[{"pref":"茨城県","city":"石岡市","town":"宮ケ崎"}],"0008":[{"pref":"茨城県","city":"石岡市","town":"村上"}],"0125":[{"pref":"茨城県","city":"石岡市","town":"山崎"}],"0003":[{"pref":"茨城県","city":"石岡市","town":"谷向町"}],"0142":[{"pref":"茨城県","city":"石岡市","town":"弓弦"}],"0156":[{"pref":"茨城県","city":"石岡市","town":"吉生"}],"0167":[{"pref":"茨城県","city":"石岡市","town":"龍明"}],"0018":[{"pref":"茨城県","city":"石岡市","town":"若松"}],"0017":[{"pref":"茨城県","city":"石岡市","town":"若宮"}],"0078":[{"pref":"茨城県","city":"かすみがうら市","town":"粟田"}],"0063":[{"pref":"茨城県","city":"かすみがうら市","town":"飯田"}],"0071":[{"pref":"茨城県","city":"かすみがうら市","town":"市川"}],"0054":[{"pref":"茨城県","city":"かすみがうら市","town":"稲吉"}],"0053":[{"pref":"茨城県","city":"かすみがうら市","town":"稲吉東"}],"0055":[{"pref":"茨城県","city":"かすみがうら市","town":"稲吉南"}],"0064":[{"pref":"茨城県","city":"かすみがうら市","town":"大峰"}],"0056":[{"pref":"茨城県","city":"かすみがうら市","town":"上稲吉"}],"0065":[{"pref":"茨城県","city":"かすみがうら市","town":"上佐谷"}],"0076":[{"pref":"茨城県","city":"かすみがうら市","town":"上志筑"}],"0057":[{"pref":"茨城県","city":"かすみがうら市","town":"上土田"}],"0061":[{"pref":"茨城県","city":"かすみがうら市","town":"五反田"}],"0052":[{"pref":"茨城県","city":"かすみがうら市","town":"下稲吉"}],"0067":[{"pref":"茨城県","city":"かすみがうら市","town":"下佐谷"}],"0074":[{"pref":"茨城県","city":"かすみがうら市","town":"下志筑"}],"0058":[{"pref":"茨城県","city":"かすみがうら市","town":"下土田"}],"0077":[{"pref":"茨城県","city":"かすみがうら市","town":"高倉"}],"0066":[{"pref":"茨城県","city":"かすみがうら市","town":"中佐谷"}],"0075":[{"pref":"茨城県","city":"かすみがうら市","town":"中志筑"}],"0051":[{"pref":"茨城県","city":"かすみがうら市","town":"新治"}],"0073":[{"pref":"茨城県","city":"かすみがうら市","town":"西野寺"}],"0072":[{"pref":"茨城県","city":"かすみがうら市","town":"東野寺"}],"0068":[{"pref":"茨城県","city":"かすみがうら市","town":"山本"}],"0069":[{"pref":"茨城県","city":"かすみがうら市","town":"雪入"}],"0062":[{"pref":"茨城県","city":"かすみがうら市","town":"横堀"}]}