{"0000":[{"pref":"福岡県","city":"行橋市","town":"以下に掲載がない場合"}],"0044":[{"pref":"福岡県","city":"行橋市","town":"天生田"}],"0034":[{"pref":"福岡県","city":"行橋市","town":"泉中央"}],"0022":[{"pref":"福岡県","city":"行橋市","town":"稲童"}],"0018":[{"pref":"福岡県","city":"行橋市","town":"今井"}],"0045":[{"pref":"福岡県","city":"行橋市","town":"大谷"}],"0041":[{"pref":"福岡県","city":"行橋市","town":"大野井"}],"0003":[{"pref":"福岡県","city":"行橋市","town":"大橋"}],"0058":[{"pref":"福岡県","city":"行橋市","town":"長木"}],"0004":[{"pref":"福岡県","city":"行橋市","town":"金屋"}],"0052":[{"pref":"福岡県","city":"行橋市","town":"上検地"}],"0064":[{"pref":"福岡県","city":"行橋市","town":"上津熊"}],"0055":[{"pref":"福岡県","city":"行橋市","town":"上稗田"}],"0033":[{"pref":"福岡県","city":"行橋市","town":"北泉"}],"0001":[{"pref":"福岡県","city":"行橋市","town":"行事"}],"0061":[{"pref":"福岡県","city":"行橋市","town":"草野"}],"0013":[{"pref":"福岡県","city":"行橋市","town":"沓尾"}],"0051":[{"pref":"福岡県","city":"行橋市","town":"下検地"}],"0076":[{"pref":"福岡県","city":"行橋市","town":"下崎"}],"0062":[{"pref":"福岡県","city":"行橋市","town":"下津熊"}],"0054":[{"pref":"福岡県","city":"行橋市","town":"下稗田"}],"0007":[{"pref":"福岡県","city":"行橋市","town":"神田町"}],"0072":[{"pref":"福岡県","city":"行橋市","town":"須磨園"}],"0078":[{"pref":"福岡県","city":"行橋市","town":"高来"}],"0027":[{"pref":"福岡県","city":"行橋市","town":"高瀬"}],"0048":[{"pref":"福岡県","city":"行橋市","town":"宝山"}],"0005":[{"pref":"福岡県","city":"行橋市","town":"中央"}],"0065":[{"pref":"福岡県","city":"行橋市","town":"長音寺"}],"0028":[{"pref":"福岡県","city":"行橋市","town":"辻垣"}],"0047":[{"pref":"福岡県","city":"行橋市","town":"津積"}],"0074":[{"pref":"福岡県","city":"行橋市","town":"常松"}],"0016":[{"pref":"福岡県","city":"行橋市","town":"津留"}],"0042":[{"pref":"福岡県","city":"行橋市","town":"寺畔"}],"0026":[{"pref":"福岡県","city":"行橋市","town":"道場寺"}],"0071":[{"pref":"福岡県","city":"行橋市","town":"徳永"}],"0053":[{"pref":"福岡県","city":"行橋市","town":"中川"}],"0063":[{"pref":"福岡県","city":"行橋市","town":"中津熊"}],"0014":[{"pref":"福岡県","city":"行橋市","town":"長井"}],"0075":[{"pref":"福岡県","city":"行橋市","town":"長尾"}],"0038":[{"pref":"福岡県","city":"行橋市","town":"西泉"}],"0046":[{"pref":"福岡県","city":"行橋市","town":"西谷"}],"0031":[{"pref":"福岡県","city":"行橋市","town":"西宮市"}],"0077":[{"pref":"福岡県","city":"行橋市","town":"入覚"}],"0068":[{"pref":"福岡県","city":"行橋市","town":"延永"}],"0021":[{"pref":"福岡県","city":"行橋市","town":"馬場"}],"0035":[{"pref":"福岡県","city":"行橋市","town":"東泉"}],"0002":[{"pref":"福岡県","city":"行橋市","town":"東大橋"}],"0025":[{"pref":"福岡県","city":"行橋市","town":"東徳永"}],"0049":[{"pref":"福岡県","city":"行橋市","town":"福原"}],"0073":[{"pref":"福岡県","city":"行橋市","town":"福丸"}],"0024":[{"pref":"福岡県","city":"行橋市","town":"袋迫"}],"0067":[{"pref":"福岡県","city":"行橋市","town":"二塚"}],"0012":[{"pref":"福岡県","city":"行橋市","town":"文久"}],"0056":[{"pref":"福岡県","city":"行橋市","town":"前田"}],"0017":[{"pref":"福岡県","city":"行橋市","town":"真菰"}],"0023":[{"pref":"福岡県","city":"行橋市","town":"松原"}],"0036":[{"pref":"福岡県","city":"行橋市","town":"南泉"}],"0032":[{"pref":"福岡県","city":"行橋市","town":"南大橋"}],"0011":[{"pref":"福岡県","city":"行橋市","town":"蓑島"}],"0008":[{"pref":"福岡県","city":"行橋市","town":"宮市町"}],"0057":[{"pref":"福岡県","city":"行橋市","town":"宮の杜"}],"0015":[{"pref":"福岡県","city":"行橋市","town":"元永"}],"0006":[{"pref":"福岡県","city":"行橋市","town":"門樋町"}],"0037":[{"pref":"福岡県","city":"行橋市","town":"矢留"}],"0079":[{"pref":"福岡県","city":"行橋市","town":"矢山"}],"0066":[{"pref":"福岡県","city":"行橋市","town":"吉国"}],"0043":[{"pref":"福岡県","city":"行橋市","town":"流末"}],"0600":[{"pref":"福岡県","city":"田川郡添田町","town":"以下に掲載がない場合"}],"0722":[{"pref":"福岡県","city":"田川郡添田町","town":"落合"}],"0601":[{"pref":"福岡県","city":"田川郡添田町","town":"庄"}],"0602":[{"pref":"福岡県","city":"田川郡添田町","town":"添田"}],"0603":[{"pref":"福岡県","city":"田川郡添田町","town":"中元寺"}],"0411":[{"pref":"福岡県","city":"田川郡添田町","town":"津野"}],"0604":[{"pref":"福岡県","city":"田川郡添田町","town":"野田"}],"0721":[{"pref":"福岡県","city":"田川郡添田町","town":"英彦山"}],"0723":[{"pref":"福岡県","city":"田川郡添田町","town":"桝田"}],"0500":[{"pref":"福岡県","city":"田川郡大任町","town":"以下に掲載がない場合"}],"0511":[{"pref":"福岡県","city":"田川郡大任町","town":"今任原"}],"0512":[{"pref":"福岡県","city":"田川郡大任町","town":"大行事"}],"0400":[{"pref":"福岡県","city":"田川郡赤村","town":"以下に掲載がない場合"}],"0431":[{"pref":"福岡県","city":"田川郡赤村","town":"赤"}],"0432":[{"pref":"福岡県","city":"田川郡赤村","town":"内田"}],"0800":[{"pref":"福岡県","city":"京都郡みやこ町","town":"以下に掲載がない場合"}],"0102":[{"pref":"福岡県","city":"京都郡みやこ町","town":"呰見"}],"0104":[{"pref":"福岡県","city":"京都郡みやこ町","town":"綾野"}],"0106":[{"pref":"福岡県","city":"京都郡みやこ町","town":"有久"}],"0211":[{"pref":"福岡県","city":"京都郡みやこ町","town":"今里"}],"0818":[{"pref":"福岡県","city":"京都郡みやこ町","town":"勝山池田"}],"0817":[{"pref":"福岡県","city":"京都郡みやこ町","town":"勝山岩熊"}],"0821":[{"pref":"福岡県","city":"京都郡みやこ町","town":"勝山上田"}],"0814":[{"pref":"福岡県","city":"京都郡みやこ町","town":"勝山浦河内"}],"0801":[{"pref":"福岡県","city":"京都郡みやこ町","town":"勝山大久保"}],"0815":[{"pref":"福岡県","city":"京都郡みやこ町","town":"勝山上矢山"}],"0822":[{"pref":"福岡県","city":"京都郡みやこ町","town":"勝山黒田"}],"0812":[{"pref":"福岡県","city":"京都郡みやこ町","town":"勝山長川"}],"0802":[{"pref":"福岡県","city":"京都郡みやこ町","town":"勝山松田"}],"0811":[{"pref":"福岡県","city":"京都郡みやこ町","town":"勝山箕田"}],"0813":[{"pref":"福岡県","city":"京都郡みやこ町","town":"勝山宮原"}],"0816":[{"pref":"福岡県","city":"京都郡みやこ町","town":"勝山矢山"}],"0111":[{"pref":"福岡県","city":"京都郡みやこ町","town":"上坂"}],"0112":[{"pref":"福岡県","city":"京都郡みやこ町","town":"上原"}],"0207":[{"pref":"福岡県","city":"京都郡みやこ町","town":"蔵持"}],"0122":[{"pref":"福岡県","city":"京都郡みやこ町","town":"彦徳"}],"0125":[{"pref":"福岡県","city":"京都郡みやこ町","town":"国作"}],"0123":[{"pref":"福岡県","city":"京都郡みやこ町","town":"国分"}],"0214":[{"pref":"福岡県","city":"京都郡みやこ町","town":"犀川鐙畑"}],"0242":[{"pref":"福岡県","city":"京都郡みやこ町","town":"犀川犬丸"}],"0241":[{"pref":"福岡県","city":"京都郡みやこ町","town":"犀川内垣"}],"0215":[{"pref":"福岡県","city":"京都郡みやこ町","town":"犀川生立"}],"0254":[{"pref":"福岡県","city":"京都郡みやこ町","town":"犀川扇谷"}],"0212":[{"pref":"福岡県","city":"京都郡みやこ町","town":"犀川大熊"}],"0225":[{"pref":"福岡県","city":"京都郡みやこ町","town":"犀川大坂"}],"0222":[{"pref":"福岡県","city":"京都郡みやこ町","town":"犀川大村"}],"0252":[{"pref":"福岡県","city":"京都郡みやこ町","town":"犀川上伊良原"}],"0202":[{"pref":"福岡県","city":"京都郡みやこ町","town":"犀川上高屋"}],"0243":[{"pref":"福岡県","city":"京都郡みやこ町","town":"犀川木井馬場"}],"0213":[{"pref":"福岡県","city":"京都郡みやこ町","town":"犀川喜多良"}],"0235":[{"pref":"福岡県","city":"京都郡みやこ町","town":"犀川木山"}],"0224":[{"pref":"福岡県","city":"京都郡みやこ町","town":"犀川崎山"}],"0251":[{"pref":"福岡県","city":"京都郡みやこ町","town":"犀川下伊良原"}],"0201":[{"pref":"福岡県","city":"京都郡みやこ町","town":"犀川下高屋"}],"0204":[{"pref":"福岡県","city":"京都郡みやこ町","town":"犀川末江"}],"0203":[{"pref":"福岡県","city":"京都郡みやこ町","town":"犀川続命院"}],"0216":[{"pref":"福岡県","city":"京都郡みやこ町","town":"犀川谷口"}],"0233":[{"pref":"福岡県","city":"京都郡みやこ町","town":"犀川花熊"}],"0205":[{"pref":"福岡県","city":"京都郡みやこ町","town":"犀川久富"}],"0217":[{"pref":"福岡県","city":"京都郡みやこ町","town":"犀川古川"}],"0253":[{"pref":"福岡県","city":"京都郡みやこ町","town":"犀川帆柱"}],"0231":[{"pref":"福岡県","city":"京都郡みやこ町","town":"犀川本庄"}],"0206":[{"pref":"福岡県","city":"京都郡みやこ町","town":"犀川八ツ溝"}],"0223":[{"pref":"福岡県","city":"京都郡みやこ町","town":"犀川柳瀬"}],"0221":[{"pref":"福岡県","city":"京都郡みやこ町","town":"犀川山鹿"}],"0244":[{"pref":"福岡県","city":"京都郡みやこ町","town":"犀川横瀬"}],"0232":[{"pref":"福岡県","city":"京都郡みやこ町","town":"桜台"}],"0234":[{"pref":"福岡県","city":"京都郡みやこ町","town":"下高屋団地"}],"0103":[{"pref":"福岡県","city":"京都郡みやこ町","town":"下原"}],"0114":[{"pref":"福岡県","city":"京都郡みやこ町","town":"節丸"}],"0124":[{"pref":"福岡県","city":"京都郡みやこ町","town":"惣社"}],"0107":[{"pref":"福岡県","city":"京都郡みやこ町","town":"田中"}],"0105":[{"pref":"福岡県","city":"京都郡みやこ町","town":"徳政"}],"0101":[{"pref":"福岡県","city":"京都郡みやこ町","town":"徳永"}],"0121":[{"pref":"福岡県","city":"京都郡みやこ町","town":"豊津"}],"0226":[{"pref":"福岡県","city":"京都郡みやこ町","town":"松坂"}],"0115":[{"pref":"福岡県","city":"京都郡みやこ町","town":"光冨"}],"0113":[{"pref":"福岡県","city":"京都郡みやこ町","town":"吉岡"}]}