{"1131":[{"pref":"鹿児島県","city":"阿久根市","town":"脇本"}],"1211":[{"pref":"鹿児島県","city":"出水郡長島町","town":"山門野"}],"1212":[{"pref":"鹿児島県","city":"出水郡長島町","town":"川床"}],"1301":[{"pref":"鹿児島県","city":"出水郡長島町","town":"蔵之元"}],"1302":[{"pref":"鹿児島県","city":"出水郡長島町","town":"平尾"}],"1303":[{"pref":"鹿児島県","city":"出水郡長島町","town":"指江"}],"1304":[{"pref":"鹿児島県","city":"出水郡長島町","town":"城川内"}],"1321":[{"pref":"鹿児島県","city":"出水郡長島町","town":"下山門野"}],"1400":[{"pref":"鹿児島県","city":"出水郡長島町","town":"以下に掲載がない場合"}],"1401":[{"pref":"鹿児島県","city":"出水郡長島町","town":"鷹巣"}],"1402":[{"pref":"鹿児島県","city":"出水郡長島町","town":"浦底"}],"1403":[{"pref":"鹿児島県","city":"出水郡長島町","town":"諸浦"}],"1501":[{"pref":"鹿児島県","city":"出水郡長島町","town":"獅子島"}],"1600":[{"pref":"鹿児島県","city":"阿久根市","town":"以下に掲載がない場合"}],"1601":[{"pref":"鹿児島県","city":"阿久根市","town":"折口"}],"1602":[{"pref":"鹿児島県","city":"阿久根市","town":"多田"}],"1603":[{"pref":"鹿児島県","city":"阿久根市","town":"鶴川内"}],"1604":[{"pref":"鹿児島県","city":"阿久根市","town":"山下"}],"1611":[{"pref":"鹿児島県","city":"阿久根市","town":"赤瀬川"}],"1612":[{"pref":"鹿児島県","city":"阿久根市","town":"丸尾町"}],"1613":[{"pref":"鹿児島県","city":"阿久根市","town":"新町"}],"1614":[{"pref":"鹿児島県","city":"阿久根市","town":"晴海町"}],"1615":[{"pref":"鹿児島県","city":"阿久根市","town":"琴平町"}],"1616":[{"pref":"鹿児島県","city":"阿久根市","town":"栄町"}],"1617":[{"pref":"鹿児島県","city":"阿久根市","town":"浜町"}],"1621":[{"pref":"鹿児島県","city":"阿久根市","town":"本町"}],"1622":[{"pref":"鹿児島県","city":"阿久根市","town":"高松町"}],"1623":[{"pref":"鹿児島県","city":"阿久根市","town":"港町"}],"1624":[{"pref":"鹿児島県","city":"阿久根市","town":"大丸町"}],"1625":[{"pref":"鹿児島県","city":"阿久根市","town":"波留"}],"1626":[{"pref":"鹿児島県","city":"阿久根市","town":"鶴見町"}],"1627":[{"pref":"鹿児島県","city":"阿久根市","town":"西目"}],"1628":[{"pref":"鹿児島県","city":"阿久根市","town":"塩鶴町"}],"1629":[{"pref":"鹿児島県","city":"阿久根市","town":"塩浜町"}],"1741":[{"pref":"鹿児島県","city":"阿久根市","town":"大川"}],"1801":[{"pref":"鹿児島県","city":"薩摩川内市","town":"西方町"}],"1802":[{"pref":"鹿児島県","city":"薩摩川内市","town":"湯田町"}],"1921":[{"pref":"鹿児島県","city":"薩摩川内市","town":"水引町"}],"1922":[{"pref":"鹿児島県","city":"薩摩川内市","town":"小倉町"}],"1923":[{"pref":"鹿児島県","city":"薩摩川内市","town":"湯島町"}],"1924":[{"pref":"鹿児島県","city":"薩摩川内市","town":"港町"}],"1925":[{"pref":"鹿児島県","city":"薩摩川内市","town":"網津町"}],"2101":[{"pref":"鹿児島県","city":"いちき串木野市","town":"湊町"}],"2102":[{"pref":"鹿児島県","city":"いちき串木野市","town":"川上"}],"2103":[{"pref":"鹿児島県","city":"いちき串木野市","town":"大里"}],"2201":[{"pref":"鹿児島県","city":"日置市","town":"東市来町湯田"}],"2202":[{"pref":"鹿児島県","city":"日置市","town":"東市来町長里"}],"2203":[{"pref":"鹿児島県","city":"日置市","town":"東市来町伊作田"}],"2204":[{"pref":"鹿児島県","city":"日置市","town":"東市来町神之川"}],"2311":[{"pref":"鹿児島県","city":"日置市","town":"東市来町養母"}],"2421":[{"pref":"鹿児島県","city":"日置市","town":"日吉町神之川"}],"2431":[{"pref":"鹿児島県","city":"日置市","town":"東市来町美山"}],"2432":[{"pref":"鹿児島県","city":"日置市","town":"東市来町寺脇"}],"2433":[{"pref":"鹿児島県","city":"日置市","town":"東市来町宮田"}],"2434":[{"pref":"鹿児島県","city":"日置市","town":"東市来町南神之川"}],"2441":[{"pref":"鹿児島県","city":"日置市","town":"伊集院町桑畑"}],"2442":[{"pref":"鹿児島県","city":"日置市","town":"伊集院町野田"}],"2443":[{"pref":"鹿児島県","city":"日置市","town":"伊集院町寺脇"}],"2500":[{"pref":"鹿児島県","city":"日置市","town":"以下に掲載がない場合"}],"2501":[{"pref":"鹿児島県","city":"日置市","town":"伊集院町下谷口"}],"2502":[{"pref":"鹿児島県","city":"日置市","town":"伊集院町徳重"}],"2503":[{"pref":"鹿児島県","city":"日置市","town":"伊集院町妙円寺"}],"2504":[{"pref":"鹿児島県","city":"日置市","town":"伊集院町郡"}],"2505":[{"pref":"鹿児島県","city":"日置市","town":"伊集院町猪鹿倉"}],"2506":[{"pref":"鹿児島県","city":"日置市","town":"伊集院町清藤"}],"2511":[{"pref":"鹿児島県","city":"日置市","town":"伊集院町下神殿"}],"2512":[{"pref":"鹿児島県","city":"日置市","town":"伊集院町上神殿"}],"2513":[{"pref":"鹿児島県","city":"日置市","town":"伊集院町麦生田"}],"2514":[{"pref":"鹿児島県","city":"日置市","town":"伊集院町中川"}],"2515":[{"pref":"鹿児島県","city":"日置市","town":"伊集院町竹之山"}],"2516":[{"pref":"鹿児島県","city":"日置市","town":"伊集院町土橋"}],"2521":[{"pref":"鹿児島県","city":"日置市","town":"伊集院町大田（その他）"}],"2522":[{"pref":"鹿児島県","city":"日置市","town":"伊集院町飯牟礼"}],"2523":[{"pref":"鹿児島県","city":"日置市","town":"伊集院町古城"}],"2524":[{"pref":"鹿児島県","city":"日置市","town":"伊集院町恋之原"}],"2531":[{"pref":"鹿児島県","city":"鹿児島市","town":"小山田町（５１９９、５２００、５２０５番地）"}],"2701":[{"pref":"鹿児島県","city":"鹿児島市","town":"石谷町"}],"2702":[{"pref":"鹿児島県","city":"鹿児島市","town":"福山町"}],"2703":[{"pref":"鹿児島県","city":"鹿児島市","town":"上谷口町"}],"2704":[{"pref":"鹿児島県","city":"鹿児島市","town":"春山町"}],"2705":[{"pref":"鹿児島県","city":"鹿児島市","town":"直木町"}],"2706":[{"pref":"鹿児島県","city":"鹿児島市","town":"入佐町（その他）"}],"2707":[{"pref":"鹿児島県","city":"鹿児島市","town":"松陽台町"}],"2708":[{"pref":"鹿児島県","city":"鹿児島市","town":"四元町"}],"2709":[{"pref":"鹿児島県","city":"鹿児島市","town":"平田町"}],"3101":[{"pref":"鹿児島県","city":"日置市","town":"日吉町日置"}],"3102":[{"pref":"鹿児島県","city":"日置市","town":"日吉町山田"}],"3103":[{"pref":"鹿児島県","city":"日置市","town":"日吉町吉利（５６１４、５６１９、５６４７、５６５３番地）"}],"3121":[{"pref":"鹿児島県","city":"日置市","town":"伊集院町大田（久木野々石塚）"}],"3203":[{"pref":"鹿児島県","city":"日置市","town":"日吉町吉利（その他）"}],"3206":[{"pref":"鹿児島県","city":"鹿児島市","town":"入佐町（１７３８、１７３９番地）"}],"3221":[{"pref":"鹿児島県","city":"日置市","town":"吹上町永吉"}],"3301":[{"pref":"鹿児島県","city":"日置市","town":"吹上町中原"}],"3302":[{"pref":"鹿児島県","city":"日置市","town":"吹上町中之里"}],"3303":[{"pref":"鹿児島県","city":"日置市","town":"吹上町湯之浦"}],"3304":[{"pref":"鹿児島県","city":"日置市","town":"吹上町入来"}],"3305":[{"pref":"鹿児島県","city":"日置市","town":"吹上町今田"}],"3306":[{"pref":"鹿児島県","city":"日置市","town":"吹上町小野"}],"3307":[{"pref":"鹿児島県","city":"日置市","town":"吹上町花熟里"}],"3308":[{"pref":"鹿児島県","city":"日置市","town":"吹上町田尻"}],"3309":[{"pref":"鹿児島県","city":"日置市","town":"吹上町与倉"}],"3311":[{"pref":"鹿児島県","city":"日置市","town":"吹上町和田"}],"3401":[{"pref":"鹿児島県","city":"南さつま市","town":"金峰町大野"}],"3402":[{"pref":"鹿児島県","city":"南さつま市","town":"金峰町大坂"}],"3403":[{"pref":"鹿児島県","city":"南さつま市","town":"金峰町尾下"}],"3404":[{"pref":"鹿児島県","city":"南さつま市","town":"金峰町高橋"}],"3405":[{"pref":"鹿児島県","city":"南さつま市","town":"金峰町池辺"}],"3511":[{"pref":"鹿児島県","city":"南さつま市","town":"金峰町宮崎"}],"3512":[{"pref":"鹿児島県","city":"南さつま市","town":"金峰町花瀬"}],"3513":[{"pref":"鹿児島県","city":"南さつま市","town":"金峰町白川"}],"3514":[{"pref":"鹿児島県","city":"南さつま市","town":"金峰町新山"}],"3515":[{"pref":"鹿児島県","city":"南さつま市","town":"金峰町中津野"}],"3516":[{"pref":"鹿児島県","city":"南さつま市","town":"金峰町浦之名"}],"3611":[{"pref":"鹿児島県","city":"南さつま市","town":"加世田津貫"}],"4101":[{"pref":"鹿児島県","city":"曽於市","town":"財部町南俣"}],"4102":[{"pref":"鹿児島県","city":"曽於市","town":"財部町北俣"}],"4103":[{"pref":"鹿児島県","city":"曽於市","town":"財部町下財部"}],"4201":[{"pref":"鹿児島県","city":"霧島市","town":"霧島田口"}],"4202":[{"pref":"鹿児島県","city":"霧島市","town":"霧島永水"}],"4203":[{"pref":"鹿児島県","city":"霧島市","town":"霧島大窪"}],"4204":[{"pref":"鹿児島県","city":"霧島市","town":"霧島川北"}],"4300":[{"pref":"鹿児島県","city":"霧島市","town":"以下に掲載がない場合"}],"4301":[{"pref":"鹿児島県","city":"霧島市","town":"国分重久"}],"4302":[{"pref":"鹿児島県","city":"霧島市","town":"国分台明寺"}],"4303":[{"pref":"鹿児島県","city":"霧島市","town":"国分川原"}],"4304":[{"pref":"鹿児島県","city":"霧島市","town":"国分清水"}],"4305":[{"pref":"鹿児島県","city":"霧島市","town":"国分郡田"}],"4311":[{"pref":"鹿児島県","city":"霧島市","town":"国分名波町"}],"4312":[{"pref":"鹿児島県","city":"霧島市","town":"国分山下町"}],"4313":[{"pref":"鹿児島県","city":"霧島市","town":"国分上井"}],"4314":[{"pref":"鹿児島県","city":"霧島市","town":"国分川内"}],"4315":[{"pref":"鹿児島県","city":"霧島市","town":"国分湊"}],"4316":[{"pref":"鹿児島県","city":"霧島市","town":"国分上小川"}],"4317":[{"pref":"鹿児島県","city":"霧島市","town":"国分上野原テクノパーク"}],"4318":[{"pref":"鹿児島県","city":"霧島市","town":"国分上野原縄文の森"}],"4321":[{"pref":"鹿児島県","city":"霧島市","town":"国分広瀬"}],"4322":[{"pref":"鹿児島県","city":"霧島市","town":"国分福島"}],"4323":[{"pref":"鹿児島県","city":"霧島市","town":"国分松木"}],"4324":[{"pref":"鹿児島県","city":"霧島市","town":"国分松木東"}],"4325":[{"pref":"鹿児島県","city":"霧島市","town":"国分松木町"}],"4331":[{"pref":"鹿児島県","city":"霧島市","town":"国分城山町"}],"4332":[{"pref":"鹿児島県","city":"霧島市","town":"国分中央"}],"4341":[{"pref":"鹿児島県","city":"霧島市","town":"国分野口東"}],"4342":[{"pref":"鹿児島県","city":"霧島市","town":"国分野口町"}],"4343":[{"pref":"鹿児島県","city":"霧島市","town":"国分野口西"}],"4344":[{"pref":"鹿児島県","city":"霧島市","town":"国分野口北"}],"4345":[{"pref":"鹿児島県","city":"霧島市","town":"国分府中"}],"4346":[{"pref":"鹿児島県","city":"霧島市","town":"国分府中町"}],"4351":[{"pref":"鹿児島県","city":"霧島市","town":"国分新町"}],"4352":[{"pref":"鹿児島県","city":"霧島市","town":"国分向花"}],"4353":[{"pref":"鹿児島県","city":"霧島市","town":"国分向花町"}],"4354":[{"pref":"鹿児島県","city":"霧島市","town":"国分姫城"}],"4355":[{"pref":"鹿児島県","city":"霧島市","town":"国分剣之宇都町"}],"4356":[{"pref":"鹿児島県","city":"霧島市","town":"国分姫城南"}],"4461":[{"pref":"鹿児島県","city":"霧島市","town":"国分上之段"}],"4462":[{"pref":"鹿児島県","city":"霧島市","town":"国分敷根"}],"4463":[{"pref":"鹿児島県","city":"霧島市","town":"国分下井"}],"4501":[{"pref":"鹿児島県","city":"霧島市","town":"福山町福山"}],"4502":[{"pref":"鹿児島県","city":"霧島市","town":"福山町福地"}],"4503":[{"pref":"鹿児島県","city":"霧島市","town":"福山町福沢"}],"4504":[{"pref":"鹿児島県","city":"霧島市","town":"福山町佳例川"}],"4631":[{"pref":"鹿児島県","city":"垂水市","town":"牛根境"}],"4632":[{"pref":"鹿児島県","city":"垂水市","town":"牛根麓"}],"4633":[{"pref":"鹿児島県","city":"垂水市","town":"二川"}],"5101":[{"pref":"鹿児島県","city":"霧島市","town":"隼人町住吉"}],"5102":[{"pref":"鹿児島県","city":"霧島市","town":"隼人町真孝"}],"5103":[{"pref":"鹿児島県","city":"霧島市","town":"隼人町小浜"}],"5104":[{"pref":"鹿児島県","city":"霧島市","town":"隼人町野久美田"}],"5105":[{"pref":"鹿児島県","city":"霧島市","town":"隼人町小田"}],"5106":[{"pref":"鹿児島県","city":"霧島市","town":"隼人町内山田"}],"5111":[{"pref":"鹿児島県","city":"霧島市","town":"隼人町姫城"}],"5112":[{"pref":"鹿児島県","city":"霧島市","town":"隼人町松永"}],"5113":[{"pref":"鹿児島県","city":"霧島市","town":"隼人町嘉例川"}],"5114":[{"pref":"鹿児島県","city":"霧島市","town":"隼人町西光寺"}],"5115":[{"pref":"鹿児島県","city":"霧島市","town":"隼人町東郷"}],"5116":[{"pref":"鹿児島県","city":"霧島市","town":"隼人町内"}],"5117":[{"pref":"鹿児島県","city":"霧島市","town":"隼人町見次"}],"5118":[{"pref":"鹿児島県","city":"霧島市","town":"隼人町朝日"}],"5121":[{"pref":"鹿児島県","city":"霧島市","town":"隼人町神宮"}],"5201":[{"pref":"鹿児島県","city":"姶良市","town":"加治木町西別府"}],"5202":[{"pref":"鹿児島県","city":"姶良市","town":"加治木町辺川"}],"5203":[{"pref":"鹿児島県","city":"姶良市","town":"加治木町小山田"}],"5204":[{"pref":"鹿児島県","city":"姶良市","town":"加治木町日木山"}],"5211":[{"pref":"鹿児島県","city":"姶良市","town":"加治木町新富町"}],"5212":[{"pref":"鹿児島県","city":"姶良市","town":"加治木町諏訪町"}],"5213":[{"pref":"鹿児島県","city":"姶良市","town":"加治木町朝日町"}],"5214":[{"pref":"鹿児島県","city":"姶良市","town":"加治木町仮屋町"}],"5215":[{"pref":"鹿児島県","city":"姶良市","town":"加治木町本町"}],"5221":[{"pref":"鹿児島県","city":"姶良市","town":"加治木町港町"}],"5222":[{"pref":"鹿児島県","city":"姶良市","town":"加治木町錦江町"}],"5223":[{"pref":"鹿児島県","city":"姶良市","town":"加治木町新生町"}],"5231":[{"pref":"鹿児島県","city":"姶良市","town":"加治木町反土"}],"5241":[{"pref":"鹿児島県","city":"姶良市","town":"加治木町木田"}],"5301":[{"pref":"鹿児島県","city":"姶良市","town":"蒲生町漆"}],"5302":[{"pref":"鹿児島県","city":"姶良市","town":"蒲生町上久徳"}],"5303":[{"pref":"鹿児島県","city":"姶良市","town":"蒲生町北"}],"5304":[{"pref":"鹿児島県","city":"姶良市","town":"蒲生町下久徳"}],"5305":[{"pref":"鹿児島県","city":"姶良市","town":"蒲生町白男"}],"5306":[{"pref":"鹿児島県","city":"姶良市","town":"蒲生町西浦"}],"5307":[{"pref":"鹿児島県","city":"姶良市","town":"蒲生町久末"}],"5308":[{"pref":"鹿児島県","city":"姶良市","town":"蒲生町米丸"}],"5400":[{"pref":"鹿児島県","city":"姶良市","town":"以下に掲載がない場合"}],"5401":[{"pref":"鹿児島県","city":"姶良市","town":"寺師"}],"5402":[{"pref":"鹿児島県","city":"姶良市","town":"中津野"}],"5403":[{"pref":"鹿児島県","city":"姶良市","town":"増田"}],"5404":[{"pref":"鹿児島県","city":"姶良市","town":"永瀬"}],"5405":[{"pref":"鹿児島県","city":"姶良市","town":"住吉"}],"5411":[{"pref":"鹿児島県","city":"姶良市","town":"鍋倉"}],"5412":[{"pref":"鹿児島県","city":"姶良市","town":"三拾町"}],"5413":[{"pref":"鹿児島県","city":"姶良市","town":"豊留"}],"5414":[{"pref":"鹿児島県","city":"姶良市","town":"深水"}],"5421":[{"pref":"鹿児島県","city":"姶良市","town":"東餠田"}],"5422":[{"pref":"鹿児島県","city":"姶良市","town":"松原町"}],"5431":[{"pref":"鹿児島県","city":"姶良市","town":"西餠田"}],"5432":[{"pref":"鹿児島県","city":"姶良市","town":"宮島町"}],"5433":[{"pref":"鹿児島県","city":"姶良市","town":"西宮島町"}],"5541":[{"pref":"鹿児島県","city":"姶良市","town":"北山"}],"5542":[{"pref":"鹿児島県","city":"姶良市","town":"上名"}],"5543":[{"pref":"鹿児島県","city":"姶良市","town":"下名"}],"5544":[{"pref":"鹿児島県","city":"姶良市","town":"大山"}],"5545":[{"pref":"鹿児島県","city":"姶良市","town":"木津志"}],"5651":[{"pref":"鹿児島県","city":"姶良市","town":"脇元"}],"5652":[{"pref":"鹿児島県","city":"姶良市","town":"平松"}],"5653":[{"pref":"鹿児島県","city":"姶良市","town":"池島町"}],"5654":[{"pref":"鹿児島県","city":"姶良市","town":"永池町"}],"5655":[{"pref":"鹿児島県","city":"姶良市","town":"船津"}],"5656":[{"pref":"鹿児島県","city":"姶良市","town":"西姶良"}],"6101":[{"pref":"鹿児島県","city":"姶良郡湧水町","town":"鶴丸"}],"6102":[{"pref":"鹿児島県","city":"姶良郡湧水町","town":"中津川"}],"6103":[{"pref":"鹿児島県","city":"姶良郡湧水町","town":"川添"}],"6104":[{"pref":"鹿児島県","city":"姶良郡湧水町","town":"川西"}],"6105":[{"pref":"鹿児島県","city":"姶良郡湧水町","town":"般若寺"}],"6200":[{"pref":"鹿児島県","city":"姶良郡湧水町","town":"以下に掲載がない場合"}],"6201":[{"pref":"鹿児島県","city":"姶良郡湧水町","town":"木場"}],"6202":[{"pref":"鹿児島県","city":"姶良郡湧水町","town":"北方"}],"6203":[{"pref":"鹿児島県","city":"姶良郡湧水町","town":"田尾原"}],"6204":[{"pref":"鹿児島県","city":"姶良郡湧水町","town":"稲葉崎"}],"6205":[{"pref":"鹿児島県","city":"姶良郡湧水町","town":"幸田"}],"6206":[{"pref":"鹿児島県","city":"姶良郡湧水町","town":"恒次"}],"6207":[{"pref":"鹿児島県","city":"姶良郡湧水町","town":"米永"}],"6301":[{"pref":"鹿児島県","city":"霧島市","town":"横川町上ノ"}],"6302":[{"pref":"鹿児島県","city":"霧島市","town":"横川町下ノ"}],"6303":[{"pref":"鹿児島県","city":"霧島市","town":"横川町中ノ"}],"6401":[{"pref":"鹿児島県","city":"霧島市","town":"溝辺町有川"}],"6402":[{"pref":"鹿児島県","city":"霧島市","town":"溝辺町竹子"}],"6403":[{"pref":"鹿児島県","city":"霧島市","town":"溝辺町三縄"}],"6404":[{"pref":"鹿児島県","city":"霧島市","town":"溝辺町麓"}],"6405":[{"pref":"鹿児島県","city":"霧島市","town":"溝辺町崎森"}],"6501":[{"pref":"鹿児島県","city":"霧島市","town":"牧園町万膳（その他）"}],"6502":[{"pref":"鹿児島県","city":"霧島市","town":"牧園町三体堂（その他）"}],"6503":[{"pref":"鹿児島県","city":"霧島市","town":"牧園町高千穂（３０１２～３２４０番）"}],"6504":[{"pref":"鹿児島県","city":"霧島市","town":"牧園町上中津川（その他）"}],"6505":[{"pref":"鹿児島県","city":"霧島市","town":"牧園町持松"}],"6506":[{"pref":"鹿児島県","city":"霧島市","town":"牧園町下中津川"}],"6507":[{"pref":"鹿児島県","city":"霧島市","town":"牧園町宿窪田"}],"6601":[{"pref":"鹿児島県","city":"霧島市","town":"牧園町万膳（１４００～１４７７番）"}],"6602":[{"pref":"鹿児島県","city":"霧島市","town":"牧園町三体堂（１８２４－２、１８２４－９、１８２４－４１、"},{"pref":"鹿児島県","city":"霧島市","town":"１８３５－８１、１８３５－１０８、１８３５－１０９、１８３５－２２８、"},{"pref":"鹿児島県","city":"霧島市","town":"１８３５－２３８、１８３５－２５３、２００３－５、２００３－９、"},{"pref":"鹿児島県","city":"霧島市","town":"２００３－１４、２００３－１７、２００３－１８、２０５７－８）"}],"6603":[{"pref":"鹿児島県","city":"霧島市","town":"牧園町高千穂（その他）"}],"6604":[{"pref":"鹿児島県","city":"霧島市","town":"牧園町上中津川（１８９６～２０７２番）"}],"7100":[{"pref":"鹿児島県","city":"志布志市","town":"以下に掲載がない場合"}],"7101":[{"pref":"鹿児島県","city":"志布志市","town":"志布志町夏井"}],"7102":[{"pref":"鹿児島県","city":"志布志市","town":"志布志町帖"}],"7103":[{"pref":"鹿児島県","city":"志布志市","town":"志布志町志布志"}],"7104":[{"pref":"鹿児島県","city":"志布志市","town":"志布志町安楽"}],"7211":[{"pref":"鹿児島県","city":"志布志市","town":"志布志町内之倉"}],"7212":[{"pref":"鹿児島県","city":"志布志市","town":"志布志町田之浦"}],"7300":[{"pref":"鹿児島県","city":"曽於郡大崎町","town":"以下に掲載がない場合"}],"7301":[{"pref":"鹿児島県","city":"曽於郡大崎町","town":"菱田"}],"7302":[{"pref":"鹿児島県","city":"曽於郡大崎町","town":"神領"}],"7303":[{"pref":"鹿児島県","city":"曽於郡大崎町","town":"益丸"}],"7304":[{"pref":"鹿児島県","city":"曽於郡大崎町","town":"横瀬"}],"7305":[{"pref":"鹿児島県","city":"曽於郡大崎町","town":"假宿"}],"7306":[{"pref":"鹿児島県","city":"曽於郡大崎町","town":"永吉"}],"7307":[{"pref":"鹿児島県","city":"曽於郡大崎町","town":"持留"}],"7308":[{"pref":"鹿児島県","city":"曽於郡大崎町","town":"岡別府"}],"7309":[{"pref":"鹿児島県","city":"曽於郡大崎町","town":"井俣"}],"7401":[{"pref":"鹿児島県","city":"志布志市","town":"有明町伊崎田"}],"7402":[{"pref":"鹿児島県","city":"志布志市","town":"有明町野井倉"}],"7403":[{"pref":"鹿児島県","city":"志布志市","town":"有明町蓬原（春日）"}],"7503":[{"pref":"鹿児島県","city":"志布志市","town":"有明町蓬原（その他）"}],"7511":[{"pref":"鹿児島県","city":"志布志市","town":"有明町原田"}],"7512":[{"pref":"鹿児島県","city":"志布志市","town":"有明町野神（その他）"}],"7513":[{"pref":"鹿児島県","city":"志布志市","town":"有明町山重"}],"7601":[{"pref":"鹿児島県","city":"志布志市","town":"松山町新橋"}],"7602":[{"pref":"鹿児島県","city":"志布志市","town":"松山町泰野"}],"7603":[{"pref":"鹿児島県","city":"志布志市","town":"松山町尾野見"}],"8101":[{"pref":"鹿児島県","city":"曽於市","town":"末吉町岩崎（池原、岩之上、岩南、前田、牧原、道添、宮原）"}],"8102":[{"pref":"鹿児島県","city":"曽於市","town":"大隅町岩川"}],"8103":[{"pref":"鹿児島県","city":"曽於市","town":"大隅町中之内"}],"8104":[{"pref":"鹿児島県","city":"曽於市","town":"大隅町鳴神町"}],"8105":[{"pref":"鹿児島県","city":"曽於市","town":"大隅町段中町"}],"8106":[{"pref":"鹿児島県","city":"曽於市","town":"大隅町下窪町"}],"8211":[{"pref":"鹿児島県","city":"曽於市","town":"大隅町荒谷（荒谷、大迫、中大迫）"}],"8212":[{"pref":"鹿児島県","city":"曽於市","town":"大隅町月野"}],"8213":[{"pref":"鹿児島県","city":"曽於市","town":"大隅町境木町"}],"8311":[{"pref":"鹿児島県","city":"曽於市","town":"大隅町荒谷（その他）"}],"8312":[{"pref":"鹿児島県","city":"志布志市","town":"有明町野神（抜谷、塗木、本地、曲、水ノ谷）"}],"8313":[{"pref":"鹿児島県","city":"曽於郡大崎町","town":"野方"}],"8421":[{"pref":"鹿児島県","city":"曽於市","town":"大隅町大谷"}],"8422":[{"pref":"鹿児島県","city":"曽於市","town":"大隅町坂元"}],"8423":[{"pref":"鹿児島県","city":"曽於市","town":"大隅町須田木"}],"8424":[{"pref":"鹿児島県","city":"曽於市","town":"大隅町恒吉"}],"8511":[{"pref":"鹿児島県","city":"鹿屋市","town":"輝北町市成"}],"8512":[{"pref":"鹿児島県","city":"鹿屋市","town":"輝北町諏訪原"}],"8600":[{"pref":"鹿児島県","city":"曽於市","town":"以下に掲載がない場合"}],"8601":[{"pref":"鹿児島県","city":"曽於市","town":"末吉町岩崎（その他）"}],"8602":[{"pref":"鹿児島県","city":"曽於市","town":"末吉町栄町"}],"8603":[{"pref":"鹿児島県","city":"曽於市","town":"末吉町新町"}],"8604":[{"pref":"鹿児島県","city":"曽於市","town":"末吉町諏訪方"}],"8605":[{"pref":"鹿児島県","city":"曽於市","town":"末吉町二之方"}],"8606":[{"pref":"鹿児島県","city":"曽於市","town":"末吉町深川"}],"8607":[{"pref":"鹿児島県","city":"曽於市","town":"末吉町本町"}],"8608":[{"pref":"鹿児島県","city":"曽於市","town":"末吉町南之郷"}],"8609":[{"pref":"鹿児島県","city":"曽於市","town":"末吉町上町"}],"0200":[{"pref":"鹿児島県","city":"出水市","town":"以下に掲載がない場合"}],"0137":[{"pref":"鹿児島県","city":"出水市","town":"今釜町"}],"0134":[{"pref":"鹿児島県","city":"出水市","town":"浦田町"}],"0216":[{"pref":"鹿児島県","city":"出水市","town":"大野原町"}],"0341":[{"pref":"鹿児島県","city":"出水市","town":"上大川内"}],"0203":[{"pref":"鹿児島県","city":"出水市","town":"上鯖渕"}],"0212":[{"pref":"鹿児島県","city":"出水市","town":"上知識町"}],"0125":[{"pref":"鹿児島県","city":"出水市","town":"黄金町"}],"0214":[{"pref":"鹿児島県","city":"出水市","town":"五万石町"}],"0121":[{"pref":"鹿児島県","city":"出水市","town":"米ノ津町"}],"0122":[{"pref":"鹿児島県","city":"出水市","town":"境町"}],"0136":[{"pref":"鹿児島県","city":"出水市","town":"汐見町"}],"0342":[{"pref":"鹿児島県","city":"出水市","town":"下大川内"}],"0123":[{"pref":"鹿児島県","city":"出水市","town":"下鯖町"}],"0132":[{"pref":"鹿児島県","city":"出水市","town":"下知識町"}],"0435":[{"pref":"鹿児島県","city":"出水市","town":"荘"}],"0202":[{"pref":"鹿児島県","city":"出水市","town":"昭和町"}],"0138":[{"pref":"鹿児島県","city":"出水市","town":"住吉町"}],"0407":[{"pref":"鹿児島県","city":"出水市","town":"高尾野町江内"}],"0401":[{"pref":"鹿児島県","city":"出水市","town":"高尾野町大久保"}],"0406":[{"pref":"鹿児島県","city":"出水市","town":"高尾野町上水流"}],"0403":[{"pref":"鹿児島県","city":"出水市","town":"高尾野町唐笠木"}],"0402":[{"pref":"鹿児島県","city":"出水市","town":"高尾野町柴引"}],"0405":[{"pref":"鹿児島県","city":"出水市","town":"高尾野町下水流"}],"0404":[{"pref":"鹿児島県","city":"出水市","town":"高尾野町下高尾野"}],"0215":[{"pref":"鹿児島県","city":"出水市","town":"武本"}],"0211":[{"pref":"鹿児島県","city":"出水市","town":"知識町"}],"0207":[{"pref":"鹿児島県","city":"出水市","town":"中央町"}],"0213":[{"pref":"鹿児島県","city":"出水市","town":"西出水町"}],"0501":[{"pref":"鹿児島県","city":"出水市","town":"野田町上名"}],"0502":[{"pref":"鹿児島県","city":"出水市","town":"野田町下名"}],"0133":[{"pref":"鹿児島県","city":"出水市","town":"福ノ江町"}],"0204":[{"pref":"鹿児島県","city":"出水市","town":"麓町"}],"0208":[{"pref":"鹿児島県","city":"出水市","town":"文化町"}],"0217":[{"pref":"鹿児島県","city":"出水市","town":"平和町"}],"0205":[{"pref":"鹿児島県","city":"出水市","town":"本町"}],"0201":[{"pref":"鹿児島県","city":"出水市","town":"緑町"}],"0124":[{"pref":"鹿児島県","city":"出水市","town":"美原町"}],"0131":[{"pref":"鹿児島県","city":"出水市","town":"明神町"}],"0206":[{"pref":"鹿児島県","city":"出水市","town":"向江町"}],"0126":[{"pref":"鹿児島県","city":"出水市","town":"六月田町"}]}