{"0000":[{"pref":"神奈川県","city":"横浜市都筑区","town":"以下に掲載がない場合"}],"0016":[{"pref":"神奈川県","city":"横浜市都筑区","town":"あゆみが丘"}],"0053":[{"pref":"神奈川県","city":"横浜市都筑区","town":"池辺町"}],"0012":[{"pref":"神奈川県","city":"横浜市都筑区","town":"牛久保"}],"0011":[{"pref":"神奈川県","city":"横浜市都筑区","town":"牛久保町"}],"0014":[{"pref":"神奈川県","city":"横浜市都筑区","town":"牛久保東"}],"0015":[{"pref":"神奈川県","city":"横浜市都筑区","town":"牛久保西"}],"0004":[{"pref":"神奈川県","city":"横浜市都筑区","town":"荏田東町"}],"0008":[{"pref":"神奈川県","city":"横浜市都筑区","town":"荏田南町"}],"0006":[{"pref":"神奈川県","city":"横浜市都筑区","town":"荏田東"}],"0007":[{"pref":"神奈川県","city":"横浜市都筑区","town":"荏田南"}],"0042":[{"pref":"神奈川県","city":"横浜市都筑区","town":"大熊町"}],"0028":[{"pref":"神奈川県","city":"横浜市都筑区","town":"大棚西"}],"0027":[{"pref":"神奈川県","city":"横浜市都筑区","town":"大棚町"}],"0061":[{"pref":"神奈川県","city":"横浜市都筑区","town":"大丸"}],"0043":[{"pref":"神奈川県","city":"横浜市都筑区","town":"折本町"}],"0055":[{"pref":"神奈川県","city":"横浜市都筑区","town":"加賀原"}],"0034":[{"pref":"神奈川県","city":"横浜市都筑区","town":"勝田町"}],"0036":[{"pref":"神奈川県","city":"横浜市都筑区","town":"勝田南"}],"0044":[{"pref":"神奈川県","city":"横浜市都筑区","town":"川向町"}],"0056":[{"pref":"神奈川県","city":"横浜市都筑区","town":"川和台"}],"0057":[{"pref":"神奈川県","city":"横浜市都筑区","town":"川和町"}],"0021":[{"pref":"神奈川県","city":"横浜市都筑区","town":"北山田"}],"0062":[{"pref":"神奈川県","city":"横浜市都筑区","town":"葛が谷"}],"0054":[{"pref":"神奈川県","city":"横浜市都筑区","town":"佐江戸町"}],"0046":[{"pref":"神奈川県","city":"横浜市都筑区","town":"桜並木"}],"0035":[{"pref":"神奈川県","city":"横浜市都筑区","town":"新栄町"}],"0013":[{"pref":"神奈川県","city":"横浜市都筑区","town":"すみれが丘"}],"0065":[{"pref":"神奈川県","city":"横浜市都筑区","town":"高山"}],"0032":[{"pref":"神奈川県","city":"横浜市都筑区","town":"茅ケ崎中央"}],"0031":[{"pref":"神奈川県","city":"横浜市都筑区","town":"茅ケ崎町"}],"0033":[{"pref":"神奈川県","city":"横浜市都筑区","town":"茅ケ崎東"}],"0037":[{"pref":"神奈川県","city":"横浜市都筑区","town":"茅ケ崎南"}],"0001":[{"pref":"神奈川県","city":"横浜市都筑区","town":"中川"}],"0003":[{"pref":"神奈川県","city":"横浜市都筑区","town":"中川中央"}],"0041":[{"pref":"神奈川県","city":"横浜市都筑区","town":"仲町台"}],"0063":[{"pref":"神奈川県","city":"横浜市都筑区","town":"長坂"}],"0052":[{"pref":"神奈川県","city":"横浜市都筑区","town":"二の丸"}],"0025":[{"pref":"神奈川県","city":"横浜市都筑区","town":"早渕"}],"0045":[{"pref":"神奈川県","city":"横浜市都筑区","town":"東方町"}],"0023":[{"pref":"神奈川県","city":"横浜市都筑区","town":"東山田"}],"0024":[{"pref":"神奈川県","city":"横浜市都筑区","town":"東山田町"}],"0064":[{"pref":"神奈川県","city":"横浜市都筑区","town":"平台"}],"0051":[{"pref":"神奈川県","city":"横浜市都筑区","town":"富士見が丘"}],"0029":[{"pref":"神奈川県","city":"横浜市都筑区","town":"南山田"}],"0026":[{"pref":"神奈川県","city":"横浜市都筑区","town":"南山田町"}],"0066":[{"pref":"神奈川県","city":"横浜市都筑区","town":"見花山"}]}