{"0000":[{"pref":"東京都","city":"杉並区","town":"以下に掲載がない場合"}],"0004":[{"pref":"東京都","city":"杉並区","town":"阿佐谷南"}],"0001":[{"pref":"東京都","city":"杉並区","town":"阿佐谷北"}],"0011":[{"pref":"東京都","city":"杉並区","town":"梅里"}],"0003":[{"pref":"東京都","city":"杉並区","town":"高円寺南"}],"0002":[{"pref":"東京都","city":"杉並区","town":"高円寺北"}],"0015":[{"pref":"東京都","city":"杉並区","town":"成田東"}],"0016":[{"pref":"東京都","city":"杉並区","town":"成田西"}],"0013":[{"pref":"東京都","city":"杉並区","town":"堀ノ内"}],"0014":[{"pref":"東京都","city":"杉並区","town":"松ノ木"}],"0012":[{"pref":"東京都","city":"杉並区","town":"和田"}]}