{"8001":[{"pref":"愛知県","city":"稲沢市","town":"赤池池田町"}],"8002":[{"pref":"愛知県","city":"稲沢市","town":"赤池居道町"}],"8003":[{"pref":"愛知県","city":"稲沢市","town":"赤池西出町"}],"8004":[{"pref":"愛知県","city":"稲沢市","town":"赤池裏田町"}],"8005":[{"pref":"愛知県","city":"稲沢市","town":"赤池陣出町"}],"8006":[{"pref":"愛知県","city":"稲沢市","town":"赤池真崎町"}],"8007":[{"pref":"愛知県","city":"稲沢市","town":"赤池山中町"}],"8008":[{"pref":"愛知県","city":"稲沢市","town":"赤池町"}],"8011":[{"pref":"愛知県","city":"稲沢市","town":"赤池前山町"}],"8012":[{"pref":"愛知県","city":"稲沢市","town":"赤池天王町"}],"8013":[{"pref":"愛知県","city":"稲沢市","town":"赤池寺東町"}],"8014":[{"pref":"愛知県","city":"稲沢市","town":"赤池北町"}],"8015":[{"pref":"愛知県","city":"稲沢市","town":"赤池北池田町"}],"8016":[{"pref":"愛知県","city":"稲沢市","town":"赤池宮西町"}],"8017":[{"pref":"愛知県","city":"稲沢市","town":"赤池旗屋町"}],"8021":[{"pref":"愛知県","city":"稲沢市","town":"赤池東山町"}],"8022":[{"pref":"愛知県","city":"稲沢市","town":"赤池坂畑町"}],"8023":[{"pref":"愛知県","city":"稲沢市","town":"赤池広畑町"}],"8024":[{"pref":"愛知県","city":"稲沢市","town":"赤池南町"}],"8025":[{"pref":"愛知県","city":"稲沢市","town":"赤池中町"}],"8031":[{"pref":"愛知県","city":"稲沢市","town":"陸田高畑町"}],"8032":[{"pref":"愛知県","city":"稲沢市","town":"陸田東出町"}],"8033":[{"pref":"愛知県","city":"稲沢市","town":"陸田一里山町"}],"8034":[{"pref":"愛知県","city":"稲沢市","town":"陸田栗林町"}],"8036":[{"pref":"愛知県","city":"稲沢市","town":"陸田本町"}],"8037":[{"pref":"愛知県","city":"稲沢市","town":"陸田白山町"}],"8038":[{"pref":"愛知県","city":"稲沢市","town":"陸田町"}],"8041":[{"pref":"愛知県","city":"稲沢市","town":"陸田丸之内町"}],"8042":[{"pref":"愛知県","city":"稲沢市","town":"陸田花塚町"}],"8043":[{"pref":"愛知県","city":"稲沢市","town":"陸田馬山町"}],"8044":[{"pref":"愛知県","city":"稲沢市","town":"陸田宮前"}],"8045":[{"pref":"愛知県","city":"稲沢市","town":"陸田栗林"}],"8051":[{"pref":"愛知県","city":"稲沢市","town":"下津光明寺町"}],"8052":[{"pref":"愛知県","city":"稲沢市","town":"下津ふじ塚町"}],"8053":[{"pref":"愛知県","city":"稲沢市","town":"下津蛇池町"}],"8054":[{"pref":"愛知県","city":"稲沢市","town":"下津片町"}],"8055":[{"pref":"愛知県","city":"稲沢市","town":"下津穂所町"}],"8056":[{"pref":"愛知県","city":"稲沢市","town":"下津鞍掛町"}],"8057":[{"pref":"愛知県","city":"稲沢市","town":"下津長田町"}],"8058":[{"pref":"愛知県","city":"稲沢市","town":"下津牛洗町"}],"8061":[{"pref":"愛知県","city":"稲沢市","town":"下津高戸町"}],"8062":[{"pref":"愛知県","city":"稲沢市","town":"下津住吉町"}],"8063":[{"pref":"愛知県","city":"稲沢市","town":"下津矢口町"}],"8064":[{"pref":"愛知県","city":"稲沢市","town":"下津二本杉町"}],"8065":[{"pref":"愛知県","city":"稲沢市","town":"下津大門町"}],"8066":[{"pref":"愛知県","city":"稲沢市","town":"下津新町"}],"8068":[{"pref":"愛知県","city":"稲沢市","town":"下津小井戸町"}],"8071":[{"pref":"愛知県","city":"稲沢市","town":"下津本郷町"}],"8072":[{"pref":"愛知県","city":"稲沢市","town":"下津北信正寺町"}],"8073":[{"pref":"愛知県","city":"稲沢市","town":"下津南信正寺町"}],"8074":[{"pref":"愛知県","city":"稲沢市","town":"下津下町東"}],"8075":[{"pref":"愛知県","city":"稲沢市","town":"下津町"}],"8076":[{"pref":"愛知県","city":"稲沢市","town":"下津宮西町"}],"8077":[{"pref":"愛知県","city":"稲沢市","town":"下津土山町"}],"8078":[{"pref":"愛知県","city":"稲沢市","town":"下津寺前町"}],"8081":[{"pref":"愛知県","city":"稲沢市","town":"下津油田町"}],"8082":[{"pref":"愛知県","city":"稲沢市","town":"下津下町西"}],"8083":[{"pref":"愛知県","city":"稲沢市","town":"下津森町"}],"8084":[{"pref":"愛知県","city":"稲沢市","town":"下津南山町"}],"8085":[{"pref":"愛知県","city":"稲沢市","town":"下津丹下田町"}],"8091":[{"pref":"愛知県","city":"稲沢市","town":"下津鞍掛"}],"8092":[{"pref":"愛知県","city":"稲沢市","town":"下津穂所"}],"8093":[{"pref":"愛知県","city":"稲沢市","town":"下津小井戸"}],"8094":[{"pref":"愛知県","city":"稲沢市","town":"下津北山"}],"8095":[{"pref":"愛知県","city":"稲沢市","town":"下津南山"}],"8101":[{"pref":"愛知県","city":"稲沢市","town":"子生和池田町"}],"8102":[{"pref":"愛知県","city":"稲沢市","town":"子生和神明町"}],"8103":[{"pref":"愛知県","city":"稲沢市","town":"子生和溝師町"}],"8104":[{"pref":"愛知県","city":"稲沢市","town":"子生和八島町"}],"8105":[{"pref":"愛知県","city":"稲沢市","town":"子生和円場町"}],"8106":[{"pref":"愛知県","city":"稲沢市","town":"子生和町"}],"8107":[{"pref":"愛知県","city":"稲沢市","town":"子生和住吉町"}],"8108":[{"pref":"愛知県","city":"稲沢市","town":"子生和子安賀町"}],"8109":[{"pref":"愛知県","city":"稲沢市","town":"子生和山王町"}],"8111":[{"pref":"愛知県","city":"稲沢市","town":"子生和小原町"}],"8112":[{"pref":"愛知県","city":"稲沢市","town":"子生和坂田町"}],"8113":[{"pref":"愛知県","city":"稲沢市","town":"治郎丸神木町"}],"8114":[{"pref":"愛知県","city":"稲沢市","town":"治郎丸椿町"}],"8115":[{"pref":"愛知県","city":"稲沢市","town":"治郎丸東町"}],"8116":[{"pref":"愛知県","city":"稲沢市","town":"治郎丸西町"}],"8117":[{"pref":"愛知県","city":"稲沢市","town":"治郎丸高須町"}],"8118":[{"pref":"愛知県","city":"稲沢市","town":"治郎丸北町"}],"8119":[{"pref":"愛知県","city":"稲沢市","town":"治郎丸大明町"}],"8121":[{"pref":"愛知県","city":"稲沢市","town":"治郎丸柳町"}],"8122":[{"pref":"愛知県","city":"稲沢市","town":"治郎丸元町"}],"8123":[{"pref":"愛知県","city":"稲沢市","town":"治郎丸白山町"}],"8124":[{"pref":"愛知県","city":"稲沢市","town":"治郎丸土井町"}],"8125":[{"pref":"愛知県","city":"稲沢市","town":"治郎丸清敷町"}],"8126":[{"pref":"愛知県","city":"稲沢市","town":"治郎丸郷前町"}],"8127":[{"pref":"愛知県","city":"稲沢市","town":"治郎丸南町"}],"8128":[{"pref":"愛知県","city":"稲沢市","town":"治郎丸中町"}],"8131":[{"pref":"愛知県","city":"稲沢市","town":"治郎丸古江町"}],"8132":[{"pref":"愛知県","city":"稲沢市","town":"治郎丸天神町"}],"8133":[{"pref":"愛知県","city":"稲沢市","town":"治郎丸細道町"}],"8134":[{"pref":"愛知県","city":"稲沢市","town":"治郎丸大角町"}],"8135":[{"pref":"愛知県","city":"稲沢市","town":"治郎丸石塚町"}],"8136":[{"pref":"愛知県","city":"稲沢市","town":"小池正明寺町北街道"}],"8137":[{"pref":"愛知県","city":"稲沢市","town":"国府宮"}],"8138":[{"pref":"愛知県","city":"稲沢市","town":"国府宮町"}],"8139":[{"pref":"愛知県","city":"稲沢市","town":"国府宮神田町"}],"8141":[{"pref":"愛知県","city":"稲沢市","town":"長野町"}],"8142":[{"pref":"愛知県","city":"稲沢市","town":"長野"}],"8143":[{"pref":"愛知県","city":"稲沢市","town":"駅前"}],"8144":[{"pref":"愛知県","city":"稲沢市","town":"小池"}],"8145":[{"pref":"愛知県","city":"稲沢市","town":"正明寺"}],"8146":[{"pref":"愛知県","city":"稲沢市","town":"御供所町"}],"8147":[{"pref":"愛知県","city":"稲沢市","town":"小池正明寺町"}],"8151":[{"pref":"愛知県","city":"稲沢市","town":"井之口北畑町"}],"8152":[{"pref":"愛知県","city":"稲沢市","town":"井之口大宮町"}],"8153":[{"pref":"愛知県","city":"稲沢市","town":"井之口町"}],"8154":[{"pref":"愛知県","city":"稲沢市","town":"井之口本町"}],"8155":[{"pref":"愛知県","city":"稲沢市","town":"井之口四家町"}],"8156":[{"pref":"愛知県","city":"稲沢市","town":"井之口親畑町"}],"8157":[{"pref":"愛知県","city":"稲沢市","town":"井之口柿ノ木町"}],"8158":[{"pref":"愛知県","city":"稲沢市","town":"井之口白山町"}],"8161":[{"pref":"愛知県","city":"稲沢市","town":"菱町"}],"8162":[{"pref":"愛知県","city":"稲沢市","town":"井之口小番戸町"}],"8163":[{"pref":"愛知県","city":"稲沢市","town":"井之口石塚町"}],"8164":[{"pref":"愛知県","city":"稲沢市","town":"井之口大坪町"}],"8165":[{"pref":"愛知県","city":"稲沢市","town":"井之口鶴田町"}],"8166":[{"pref":"愛知県","city":"稲沢市","town":"井之口沖ノ田町"}],"8167":[{"pref":"愛知県","city":"稲沢市","town":"長束町"}],"8171":[{"pref":"愛知県","city":"稲沢市","town":"六角堂西町"}],"8172":[{"pref":"愛知県","city":"稲沢市","town":"六角堂東町"}],"8173":[{"pref":"愛知県","city":"稲沢市","town":"北市場町"}],"8174":[{"pref":"愛知県","city":"稲沢市","town":"北市場西町"}],"8175":[{"pref":"愛知県","city":"稲沢市","town":"北市場南町"}],"8176":[{"pref":"愛知県","city":"稲沢市","town":"日下部花ノ木町"}],"8177":[{"pref":"愛知県","city":"稲沢市","town":"日下部東町"}],"8178":[{"pref":"愛知県","city":"稲沢市","town":"北市場本町"}],"8181":[{"pref":"愛知県","city":"稲沢市","town":"日下部北町"}],"8182":[{"pref":"愛知県","city":"稲沢市","town":"日下部中町"}],"8183":[{"pref":"愛知県","city":"稲沢市","town":"日下部南町"}],"8184":[{"pref":"愛知県","city":"稲沢市","town":"日下部松野町"}],"8185":[{"pref":"愛知県","city":"稲沢市","town":"日下部西町"}],"8186":[{"pref":"愛知県","city":"稲沢市","town":"日下部町"}],"8201":[{"pref":"愛知県","city":"稲沢市","town":"島子安賀町"}],"8202":[{"pref":"愛知県","city":"稲沢市","town":"島東之郷町"}],"8203":[{"pref":"愛知県","city":"稲沢市","town":"島小原町"}],"8204":[{"pref":"愛知県","city":"稲沢市","town":"島高須賀町"}],"8205":[{"pref":"愛知県","city":"稲沢市","town":"島町"}],"8206":[{"pref":"愛知県","city":"稲沢市","town":"稲島法成寺町"}],"8207":[{"pref":"愛知県","city":"稲沢市","town":"稲島町"}],"8208":[{"pref":"愛知県","city":"稲沢市","town":"松下"}],"8209":[{"pref":"愛知県","city":"稲沢市","town":"木全町"}],"8210":[{"pref":"愛知県","city":"稲沢市","town":"木全"}],"8211":[{"pref":"愛知県","city":"稲沢市","town":"稲沢町北山"}],"8212":[{"pref":"愛知県","city":"稲沢市","town":"小沢"}],"8213":[{"pref":"愛知県","city":"稲沢市","town":"高御堂"}],"8214":[{"pref":"愛知県","city":"稲沢市","town":"大塚南"}],"8215":[{"pref":"愛知県","city":"稲沢市","town":"大塚北"}],"8216":[{"pref":"愛知県","city":"稲沢市","town":"大塚町"}],"8217":[{"pref":"愛知県","city":"稲沢市","town":"稲沢町"}],"8218":[{"pref":"愛知県","city":"稲沢市","town":"西町"}],"8219":[{"pref":"愛知県","city":"稲沢市","town":"稲葉"}],"8220":[{"pref":"愛知県","city":"稲沢市","town":"前田"}],"8221":[{"pref":"愛知県","city":"稲沢市","town":"幸町"}],"8222":[{"pref":"愛知県","city":"稲沢市","town":"奥田天目寺町"}],"8223":[{"pref":"愛知県","city":"稲沢市","town":"奥田井之下町"}],"8224":[{"pref":"愛知県","city":"稲沢市","town":"奥田大沢町"}],"8225":[{"pref":"愛知県","city":"稲沢市","town":"奥田膳棚町"}],"8226":[{"pref":"愛知県","city":"稲沢市","town":"奥田大門町"}],"8227":[{"pref":"愛知県","city":"稲沢市","town":"奥田白山町"}],"8228":[{"pref":"愛知県","city":"稲沢市","town":"奥田長角町"}],"8229":[{"pref":"愛知県","city":"稲沢市","town":"稲島"}],"8230":[{"pref":"愛知県","city":"稲沢市","town":"稲島東"}],"8231":[{"pref":"愛知県","city":"稲沢市","town":"奥田流町"}],"8232":[{"pref":"愛知県","city":"稲沢市","town":"奥田酒伊町"}],"8233":[{"pref":"愛知県","city":"稲沢市","town":"奥田町"}],"8234":[{"pref":"愛知県","city":"稲沢市","town":"奥田切田町"}],"8235":[{"pref":"愛知県","city":"稲沢市","town":"奥田立長町"}],"8236":[{"pref":"愛知県","city":"稲沢市","town":"奥田寺切町"}],"8237":[{"pref":"愛知県","city":"稲沢市","town":"奥田馬場町"}],"8238":[{"pref":"愛知県","city":"稲沢市","town":"奥田堀畑町"}],"8239":[{"pref":"愛知県","city":"稲沢市","town":"奥田中切町"}],"8240":[{"pref":"愛知県","city":"稲沢市","town":"島下畑町"}],"8241":[{"pref":"愛知県","city":"稲沢市","town":"奥田田畑町"}],"8242":[{"pref":"愛知県","city":"稲沢市","town":"奥田町田畑切"},{"pref":"愛知県","city":"稲沢市","town":"奥田町文七西"}],"8243":[{"pref":"愛知県","city":"稲沢市","town":"奥田木塚町"}],"8244":[{"pref":"愛知県","city":"稲沢市","town":"奥田下河町"}],"8245":[{"pref":"愛知県","city":"稲沢市","town":"奥田南花ノ木町"}],"8246":[{"pref":"愛知県","city":"稲沢市","town":"奥田計用町"}],"8247":[{"pref":"愛知県","city":"稲沢市","town":"東畑"}],"8248":[{"pref":"愛知県","city":"稲沢市","town":"島寺西町"}],"8249":[{"pref":"愛知県","city":"稲沢市","town":"島新田町"}],"8251":[{"pref":"愛知県","city":"稲沢市","town":"東緑町"}],"8252":[{"pref":"愛知県","city":"稲沢市","town":"緑町"}],"8253":[{"pref":"愛知県","city":"稲沢市","town":"奥田神ノ木町"}],"8254":[{"pref":"愛知県","city":"稲沢市","town":"奥田宮長町"}],"8255":[{"pref":"愛知県","city":"稲沢市","town":"奥田天神町"}],"8256":[{"pref":"愛知県","city":"稲沢市","town":"奥田北花ノ木町"}],"8257":[{"pref":"愛知県","city":"稲沢市","town":"奥田島崎町"}],"8258":[{"pref":"愛知県","city":"稲沢市","town":"島本郷町"}],"8259":[{"pref":"愛知県","city":"稲沢市","town":"島北浦町"}],"8261":[{"pref":"愛知県","city":"稲沢市","town":"重本"}],"8262":[{"pref":"愛知県","city":"稲沢市","town":"池部町"}],"8263":[{"pref":"愛知県","city":"稲沢市","town":"平野"}],"8264":[{"pref":"愛知県","city":"稲沢市","town":"平野町"}],"8265":[{"pref":"愛知県","city":"稲沢市","town":"小寺町"}],"8266":[{"pref":"愛知県","city":"稲沢市","town":"横地"}],"8267":[{"pref":"愛知県","city":"稲沢市","town":"船橋町"}],"8268":[{"pref":"愛知県","city":"稲沢市","town":"朝府町"}],"8269":[{"pref":"愛知県","city":"稲沢市","town":"稲府町"}],"8271":[{"pref":"愛知県","city":"稲沢市","town":"石橋"}],"8272":[{"pref":"愛知県","city":"稲沢市","town":"桜木"}],"8273":[{"pref":"愛知県","city":"稲沢市","town":"桜木宮前町"}],"8274":[{"pref":"愛知県","city":"稲沢市","town":"天池光田町"}],"8275":[{"pref":"愛知県","city":"稲沢市","town":"天池五反田町"}],"8276":[{"pref":"愛知県","city":"稲沢市","town":"天池町"}],"8277":[{"pref":"愛知県","city":"稲沢市","town":"天池牧作町"}],"8278":[{"pref":"愛知県","city":"稲沢市","town":"天池金山町"}],"8279":[{"pref":"愛知県","city":"稲沢市","town":"天池遠松町"}],"8281":[{"pref":"愛知県","city":"稲沢市","town":"天池伝代町"}],"8282":[{"pref":"愛知県","city":"稲沢市","town":"天池東町"}],"8283":[{"pref":"愛知県","city":"稲沢市","town":"天池浪寄町"}],"8284":[{"pref":"愛知県","city":"稲沢市","town":"天池西町"}],"8285":[{"pref":"愛知県","city":"稲沢市","town":"竹腰東町"}],"8286":[{"pref":"愛知県","city":"稲沢市","town":"竹腰中町"}],"8287":[{"pref":"愛知県","city":"稲沢市","town":"竹腰西町"}],"8288":[{"pref":"愛知県","city":"稲沢市","town":"竹腰北町"}],"8289":[{"pref":"愛知県","city":"稲沢市","town":"竹腰本町"}],"8301":[{"pref":"愛知県","city":"稲沢市","town":"生出本町"}],"8302":[{"pref":"愛知県","city":"稲沢市","town":"生出西道根町"}],"8303":[{"pref":"愛知県","city":"稲沢市","town":"生出東道根町"}],"8304":[{"pref":"愛知県","city":"稲沢市","town":"生出山田町"}],"8305":[{"pref":"愛知県","city":"稲沢市","town":"生出郷前町"}],"8306":[{"pref":"愛知県","city":"稲沢市","town":"生出横西町"}],"8307":[{"pref":"愛知県","city":"稲沢市","town":"生出上山町"}],"8308":[{"pref":"愛知県","city":"稲沢市","town":"生出河戸町"}],"8310":[{"pref":"愛知県","city":"稲沢市","town":"下屋"}],"8311":[{"pref":"愛知県","city":"稲沢市","town":"清水西川原町"}],"8312":[{"pref":"愛知県","city":"稲沢市","town":"清水八尻町"}],"8313":[{"pref":"愛知県","city":"稲沢市","town":"清水阿原町"}],"8314":[{"pref":"愛知県","city":"稲沢市","town":"清水町"}],"8315":[{"pref":"愛知県","city":"稲沢市","town":"清水郷西町"}],"8316":[{"pref":"愛知県","city":"稲沢市","town":"清水寺前町"}],"8317":[{"pref":"愛知県","city":"稲沢市","town":"清水八神町"}],"8318":[{"pref":"愛知県","city":"稲沢市","town":"浅井町"}],"8319":[{"pref":"愛知県","city":"稲沢市","town":"下屋町"}],"8321":[{"pref":"愛知県","city":"稲沢市","town":"西島北町"}],"8322":[{"pref":"愛知県","city":"稲沢市","town":"西島出町"}],"8323":[{"pref":"愛知県","city":"稲沢市","town":"西島新町"}],"8325":[{"pref":"愛知県","city":"稲沢市","town":"西島東町"}],"8326":[{"pref":"愛知県","city":"稲沢市","town":"西島本町"}],"8327":[{"pref":"愛知県","city":"稲沢市","town":"西島中町"}],"8328":[{"pref":"愛知県","city":"稲沢市","town":"西島"}],"8329":[{"pref":"愛知県","city":"稲沢市","town":"西島町"}],"8331":[{"pref":"愛知県","city":"稲沢市","town":"平佛供田町"}],"8332":[{"pref":"愛知県","city":"稲沢市","town":"平尾苅町"}],"8333":[{"pref":"愛知県","city":"稲沢市","town":"平蜂ノ坪町"}],"8334":[{"pref":"愛知県","city":"稲沢市","town":"平高道町"}],"8335":[{"pref":"愛知県","city":"稲沢市","town":"法花寺町"}],"8336":[{"pref":"愛知県","city":"稲沢市","town":"平苅田町"}],"8337":[{"pref":"愛知県","city":"稲沢市","town":"平細工蔵町"}],"8338":[{"pref":"愛知県","city":"稲沢市","town":"平金森町"}],"8339":[{"pref":"愛知県","city":"稲沢市","town":"平江向町"}],"8341":[{"pref":"愛知県","city":"稲沢市","town":"馬場町"}],"8342":[{"pref":"愛知県","city":"稲沢市","town":"矢合町"}],"8344":[{"pref":"愛知県","city":"稲沢市","town":"山口南町"}],"8345":[{"pref":"愛知県","city":"稲沢市","town":"山口宮前町"}],"8346":[{"pref":"愛知県","city":"稲沢市","town":"山口本町"}],"8347":[{"pref":"愛知県","city":"稲沢市","town":"山口町"}],"8348":[{"pref":"愛知県","city":"稲沢市","town":"馬場"}],"8349":[{"pref":"愛知県","city":"稲沢市","town":"儀長"}],"8351":[{"pref":"愛知県","city":"稲沢市","town":"一色竹橋町"}],"8352":[{"pref":"愛知県","city":"稲沢市","town":"一色神宮町"}],"8353":[{"pref":"愛知県","city":"稲沢市","town":"一色藤塚町"}],"8354":[{"pref":"愛知県","city":"稲沢市","town":"一色三反田町"}],"8355":[{"pref":"愛知県","city":"稲沢市","town":"片原一色町"}],"8356":[{"pref":"愛知県","city":"稲沢市","town":"一色市場町"}],"8357":[{"pref":"愛知県","city":"稲沢市","town":"一色道上町"}],"8358":[{"pref":"愛知県","city":"稲沢市","town":"一色白山町"}],"8361":[{"pref":"愛知県","city":"稲沢市","town":"一色長畑町"}],"8362":[{"pref":"愛知県","city":"稲沢市","town":"一色青海町"}],"8363":[{"pref":"愛知県","city":"稲沢市","town":"一色跡之口町"}],"8364":[{"pref":"愛知県","city":"稲沢市","town":"一色森山町"}],"8365":[{"pref":"愛知県","city":"稲沢市","town":"一色下方町"}],"8366":[{"pref":"愛知県","city":"稲沢市","town":"一色川俣町"}],"8371":[{"pref":"愛知県","city":"稲沢市","town":"一色上方町"}],"8372":[{"pref":"愛知県","city":"稲沢市","town":"一色中屋敷町"}],"8373":[{"pref":"愛知県","city":"稲沢市","town":"一色中通町"}],"8374":[{"pref":"愛知県","city":"稲沢市","town":"一色西町"}],"8375":[{"pref":"愛知県","city":"稲沢市","town":"一色巡見町"}],"8381":[{"pref":"愛知県","city":"稲沢市","town":"横野西郷町"}],"8382":[{"pref":"愛知県","city":"稲沢市","town":"横野堂根町"}],"8383":[{"pref":"愛知県","city":"稲沢市","town":"横野東出町"}],"8384":[{"pref":"愛知県","city":"稲沢市","town":"横野東郷町"}],"8385":[{"pref":"愛知県","city":"稲沢市","town":"横野河原町"}],"8386":[{"pref":"愛知県","city":"稲沢市","town":"横野松前町"}],"8387":[{"pref":"愛知県","city":"稲沢市","town":"横野神田町"}],"8388":[{"pref":"愛知県","city":"稲沢市","town":"横野境塚町"}],"8389":[{"pref":"愛知県","city":"稲沢市","town":"横野町"}],"8391":[{"pref":"愛知県","city":"稲沢市","town":"中野川端町"}],"8392":[{"pref":"愛知県","city":"稲沢市","town":"中野元町"}],"8393":[{"pref":"愛知県","city":"稲沢市","town":"中野宮町"}],"8401":[{"pref":"愛知県","city":"稲沢市","town":"梅須賀町"}],"8402":[{"pref":"愛知県","city":"稲沢市","town":"千代町"}],"8403":[{"pref":"愛知県","city":"稲沢市","town":"千代"}],"8404":[{"pref":"愛知県","city":"稲沢市","town":"千代西町"}],"8405":[{"pref":"愛知県","city":"稲沢市","town":"堀之内町"}],"8406":[{"pref":"愛知県","city":"稲沢市","town":"井堀大縄町"}],"8407":[{"pref":"愛知県","city":"稲沢市","town":"井堀宿塚町"}],"8408":[{"pref":"愛知県","city":"稲沢市","town":"井堀川東町"}],"8409":[{"pref":"愛知県","city":"稲沢市","town":"井堀橋下町"}],"8410":[{"pref":"愛知県","city":"稲沢市","town":"北島"}],"8411":[{"pref":"愛知県","city":"稲沢市","town":"北島町"}],"8412":[{"pref":"愛知県","city":"稲沢市","town":"大矢町"}],"8413":[{"pref":"愛知県","city":"稲沢市","town":"大矢江西町"}],"8414":[{"pref":"愛知県","city":"稲沢市","town":"大矢浄土寺町"}],"8415":[{"pref":"愛知県","city":"稲沢市","town":"大矢青山町"}],"8416":[{"pref":"愛知県","city":"稲沢市","town":"大矢白山町"}],"8417":[{"pref":"愛知県","city":"稲沢市","town":"大矢仙口町"}],"8418":[{"pref":"愛知県","city":"稲沢市","town":"大矢高田町"}],"8419":[{"pref":"愛知県","city":"稲沢市","town":"大矢真宮町"}],"8421":[{"pref":"愛知県","city":"稲沢市","town":"高重西町"}],"8422":[{"pref":"愛知県","city":"稲沢市","town":"高重町"}],"8423":[{"pref":"愛知県","city":"稲沢市","town":"高重中町"}],"8424":[{"pref":"愛知県","city":"稲沢市","town":"高重東町"}],"8425":[{"pref":"愛知県","city":"稲沢市","town":"増田北町"}],"8426":[{"pref":"愛知県","city":"稲沢市","town":"増田東町"}],"8427":[{"pref":"愛知県","city":"稲沢市","town":"増田南町"}],"8428":[{"pref":"愛知県","city":"稲沢市","town":"増田町"}],"8429":[{"pref":"愛知県","city":"稲沢市","town":"増田西町"}],"8431":[{"pref":"愛知県","city":"稲沢市","town":"中之庄高畑町"}],"8432":[{"pref":"愛知県","city":"稲沢市","town":"中之庄半田町"}],"8433":[{"pref":"愛知県","city":"稲沢市","town":"中之庄元屋敷町"}],"8434":[{"pref":"愛知県","city":"稲沢市","town":"中之庄堤畔町"}],"8435":[{"pref":"愛知県","city":"稲沢市","town":"中之庄町"}],"8436":[{"pref":"愛知県","city":"稲沢市","town":"中之庄海道町"}],"8437":[{"pref":"愛知県","city":"稲沢市","town":"中之庄長堤町"}],"8438":[{"pref":"愛知県","city":"稲沢市","town":"堀田町"}],"8439":[{"pref":"愛知県","city":"稲沢市","town":"七ツ寺町"}],"8441":[{"pref":"愛知県","city":"稲沢市","town":"福島町"}],"8442":[{"pref":"愛知県","city":"稲沢市","town":"附島町"}],"8443":[{"pref":"愛知県","city":"稲沢市","town":"牛踏町"}],"8444":[{"pref":"愛知県","city":"稲沢市","town":"込野町"}],"8445":[{"pref":"愛知県","city":"稲沢市","town":"南麻績町"}],"8446":[{"pref":"愛知県","city":"稲沢市","town":"目比町"}],"8447":[{"pref":"愛知県","city":"稲沢市","town":"野崎町"}],"8448":[{"pref":"愛知県","city":"稲沢市","town":"北麻績町"}],"8451":[{"pref":"愛知県","city":"稲沢市","town":"板葺町"}],"8452":[{"pref":"愛知県","city":"稲沢市","town":"西溝口町"}],"8453":[{"pref":"愛知県","city":"稲沢市","town":"今村町"}],"8454":[{"pref":"愛知県","city":"稲沢市","town":"坂田町"}],"8455":[{"pref":"愛知県","city":"稲沢市","town":"田代"}],"8456":[{"pref":"愛知県","city":"稲沢市","town":"氷室町"}],"8461":[{"pref":"愛知県","city":"稲沢市","town":"井堀北出町"}],"8462":[{"pref":"愛知県","city":"稲沢市","town":"井堀高見町"}],"8463":[{"pref":"愛知県","city":"稲沢市","town":"井堀中郷町"}],"8464":[{"pref":"愛知県","city":"稲沢市","town":"井堀下郷町"}],"8465":[{"pref":"愛知県","city":"稲沢市","town":"井堀犬城町"}],"8466":[{"pref":"愛知県","city":"稲沢市","town":"井堀江西町"}],"8467":[{"pref":"愛知県","city":"稲沢市","town":"井堀蒲六町"}],"8468":[{"pref":"愛知県","city":"稲沢市","town":"井堀野口町"}],"0000":[{"pref":"愛知県","city":"稲沢市","town":"以下に掲載がない場合"}]}