{"6001":[{"pref":"愛知県","city":"名古屋市中村区","town":"名駅ＪＲセントラルタワーズ（１階）"}],"6002":[{"pref":"愛知県","city":"名古屋市中村区","town":"名駅ＪＲセントラルタワーズ（２階）"}],"6003":[{"pref":"愛知県","city":"名古屋市中村区","town":"名駅ＪＲセントラルタワーズ（３階）"}],"6004":[{"pref":"愛知県","city":"名古屋市中村区","town":"名駅ＪＲセントラルタワーズ（４階）"}],"6005":[{"pref":"愛知県","city":"名古屋市中村区","town":"名駅ＪＲセントラルタワーズ（５階）"}],"6006":[{"pref":"愛知県","city":"名古屋市中村区","town":"名駅ＪＲセントラルタワーズ（６階）"}],"6007":[{"pref":"愛知県","city":"名古屋市中村区","town":"名駅ＪＲセントラルタワーズ（７階）"}],"6008":[{"pref":"愛知県","city":"名古屋市中村区","town":"名駅ＪＲセントラルタワーズ（８階）"}],"6009":[{"pref":"愛知県","city":"名古屋市中村区","town":"名駅ＪＲセントラルタワーズ（９階）"}],"6010":[{"pref":"愛知県","city":"名古屋市中村区","town":"名駅ＪＲセントラルタワーズ（１０階）"}],"6011":[{"pref":"愛知県","city":"名古屋市中村区","town":"名駅ＪＲセントラルタワーズ（１１階）"}],"6012":[{"pref":"愛知県","city":"名古屋市中村区","town":"名駅ＪＲセントラルタワーズ（１２階）"}],"6013":[{"pref":"愛知県","city":"名古屋市中村区","town":"名駅ＪＲセントラルタワーズ（１３階）"}],"6014":[{"pref":"愛知県","city":"名古屋市中村区","town":"名駅ＪＲセントラルタワーズ（１４階）"}],"6015":[{"pref":"愛知県","city":"名古屋市中村区","town":"名駅ＪＲセントラルタワーズ（１５階）"}],"6016":[{"pref":"愛知県","city":"名古屋市中村区","town":"名駅ＪＲセントラルタワーズ（１６階）"}],"6017":[{"pref":"愛知県","city":"名古屋市中村区","town":"名駅ＪＲセントラルタワーズ（１７階）"}],"6018":[{"pref":"愛知県","city":"名古屋市中村区","town":"名駅ＪＲセントラルタワーズ（１８階）"}],"6019":[{"pref":"愛知県","city":"名古屋市中村区","town":"名駅ＪＲセントラルタワーズ（１９階）"}],"6020":[{"pref":"愛知県","city":"名古屋市中村区","town":"名駅ＪＲセントラルタワーズ（２０階）"}],"6021":[{"pref":"愛知県","city":"名古屋市中村区","town":"名駅ＪＲセントラルタワーズ（２１階）"}],"6022":[{"pref":"愛知県","city":"名古屋市中村区","town":"名駅ＪＲセントラルタワーズ（２２階）"}],"6023":[{"pref":"愛知県","city":"名古屋市中村区","town":"名駅ＪＲセントラルタワーズ（２３階）"}],"6024":[{"pref":"愛知県","city":"名古屋市中村区","town":"名駅ＪＲセントラルタワーズ（２４階）"}],"6025":[{"pref":"愛知県","city":"名古屋市中村区","town":"名駅ＪＲセントラルタワーズ（２５階）"}],"6026":[{"pref":"愛知県","city":"名古屋市中村区","town":"名駅ＪＲセントラルタワーズ（２６階）"}],"6027":[{"pref":"愛知県","city":"名古屋市中村区","town":"名駅ＪＲセントラルタワーズ（２７階）"}],"6028":[{"pref":"愛知県","city":"名古屋市中村区","town":"名駅ＪＲセントラルタワーズ（２８階）"}],"6029":[{"pref":"愛知県","city":"名古屋市中村区","town":"名駅ＪＲセントラルタワーズ（２９階）"}],"6030":[{"pref":"愛知県","city":"名古屋市中村区","town":"名駅ＪＲセントラルタワーズ（３０階）"}],"6031":[{"pref":"愛知県","city":"名古屋市中村区","town":"名駅ＪＲセントラルタワーズ（３１階）"}],"6032":[{"pref":"愛知県","city":"名古屋市中村区","town":"名駅ＪＲセントラルタワーズ（３２階）"}],"6033":[{"pref":"愛知県","city":"名古屋市中村区","town":"名駅ＪＲセントラルタワーズ（３３階）"}],"6034":[{"pref":"愛知県","city":"名古屋市中村区","town":"名駅ＪＲセントラルタワーズ（３４階）"}],"6035":[{"pref":"愛知県","city":"名古屋市中村区","town":"名駅ＪＲセントラルタワーズ（３５階）"}],"6036":[{"pref":"愛知県","city":"名古屋市中村区","town":"名駅ＪＲセントラルタワーズ（３６階）"}],"6037":[{"pref":"愛知県","city":"名古屋市中村区","town":"名駅ＪＲセントラルタワーズ（３７階）"}],"6038":[{"pref":"愛知県","city":"名古屋市中村区","town":"名駅ＪＲセントラルタワーズ（３８階）"}],"6039":[{"pref":"愛知県","city":"名古屋市中村区","town":"名駅ＪＲセントラルタワーズ（３９階）"}],"6040":[{"pref":"愛知県","city":"名古屋市中村区","town":"名駅ＪＲセントラルタワーズ（４０階）"}],"6041":[{"pref":"愛知県","city":"名古屋市中村区","town":"名駅ＪＲセントラルタワーズ（４１階）"}],"6042":[{"pref":"愛知県","city":"名古屋市中村区","town":"名駅ＪＲセントラルタワーズ（４２階）"}],"6043":[{"pref":"愛知県","city":"名古屋市中村区","town":"名駅ＪＲセントラルタワーズ（４３階）"}],"6044":[{"pref":"愛知県","city":"名古屋市中村区","town":"名駅ＪＲセントラルタワーズ（４４階）"}],"6045":[{"pref":"愛知県","city":"名古屋市中村区","town":"名駅ＪＲセントラルタワーズ（４５階）"}],"6046":[{"pref":"愛知県","city":"名古屋市中村区","town":"名駅ＪＲセントラルタワーズ（４６階）"}],"6047":[{"pref":"愛知県","city":"名古屋市中村区","town":"名駅ＪＲセントラルタワーズ（４７階）"}],"6048":[{"pref":"愛知県","city":"名古屋市中村区","town":"名駅ＪＲセントラルタワーズ（４８階）"}],"6049":[{"pref":"愛知県","city":"名古屋市中村区","town":"名駅ＪＲセントラルタワーズ（４９階）"}],"6050":[{"pref":"愛知県","city":"名古屋市中村区","town":"名駅ＪＲセントラルタワーズ（５０階）"}],"6051":[{"pref":"愛知県","city":"名古屋市中村区","town":"名駅ＪＲセントラルタワーズ（５１階）"}],"6090":[{"pref":"愛知県","city":"名古屋市中村区","town":"名駅ＪＲセントラルタワーズ（地階・階層不明）"}],"6201":[{"pref":"愛知県","city":"名古屋市中村区","town":"名駅ミッドランドスクエア（高層棟）（１階）"}],"6202":[{"pref":"愛知県","city":"名古屋市中村区","town":"名駅ミッドランドスクエア（高層棟）（２階）"}],"6203":[{"pref":"愛知県","city":"名古屋市中村区","town":"名駅ミッドランドスクエア（高層棟）（３階）"}],"6204":[{"pref":"愛知県","city":"名古屋市中村区","town":"名駅ミッドランドスクエア（高層棟）（４階）"}],"6205":[{"pref":"愛知県","city":"名古屋市中村区","town":"名駅ミッドランドスクエア（高層棟）（５階）"}],"6206":[{"pref":"愛知県","city":"名古屋市中村区","town":"名駅ミッドランドスクエア（高層棟）（６階）"}],"6207":[{"pref":"愛知県","city":"名古屋市中村区","town":"名駅ミッドランドスクエア（高層棟）（７階）"}],"6208":[{"pref":"愛知県","city":"名古屋市中村区","town":"名駅ミッドランドスクエア（高層棟）（８階）"}],"6209":[{"pref":"愛知県","city":"名古屋市中村区","town":"名駅ミッドランドスクエア（高層棟）（９階）"}],"6210":[{"pref":"愛知県","city":"名古屋市中村区","town":"名駅ミッドランドスクエア（高層棟）（１０階）"}],"6211":[{"pref":"愛知県","city":"名古屋市中村区","town":"名駅ミッドランドスクエア（高層棟）（１１階）"}],"6212":[{"pref":"愛知県","city":"名古屋市中村区","town":"名駅ミッドランドスクエア（高層棟）（１２階）"}],"6213":[{"pref":"愛知県","city":"名古屋市中村区","town":"名駅ミッドランドスクエア（高層棟）（１３階）"}],"6214":[{"pref":"愛知県","city":"名古屋市中村区","town":"名駅ミッドランドスクエア（高層棟）（１４階）"}],"6215":[{"pref":"愛知県","city":"名古屋市中村区","town":"名駅ミッドランドスクエア（高層棟）（１５階）"}],"6216":[{"pref":"愛知県","city":"名古屋市中村区","town":"名駅ミッドランドスクエア（高層棟）（１６階）"}],"6217":[{"pref":"愛知県","city":"名古屋市中村区","town":"名駅ミッドランドスクエア（高層棟）（１７階）"}],"6218":[{"pref":"愛知県","city":"名古屋市中村区","town":"名駅ミッドランドスクエア（高層棟）（１８階）"}],"6219":[{"pref":"愛知県","city":"名古屋市中村区","town":"名駅ミッドランドスクエア（高層棟）（１９階）"}],"6220":[{"pref":"愛知県","city":"名古屋市中村区","town":"名駅ミッドランドスクエア（高層棟）（２０階）"}],"6221":[{"pref":"愛知県","city":"名古屋市中村区","town":"名駅ミッドランドスクエア（高層棟）（２１階）"}],"6222":[{"pref":"愛知県","city":"名古屋市中村区","town":"名駅ミッドランドスクエア（高層棟）（２２階）"}],"6223":[{"pref":"愛知県","city":"名古屋市中村区","town":"名駅ミッドランドスクエア（高層棟）（２３階）"}],"6224":[{"pref":"愛知県","city":"名古屋市中村区","town":"名駅ミッドランドスクエア（高層棟）（２４階）"}],"6225":[{"pref":"愛知県","city":"名古屋市中村区","town":"名駅ミッドランドスクエア（高層棟）（２５階）"}],"6226":[{"pref":"愛知県","city":"名古屋市中村区","town":"名駅ミッドランドスクエア（高層棟）（２６階）"}],"6227":[{"pref":"愛知県","city":"名古屋市中村区","town":"名駅ミッドランドスクエア（高層棟）（２７階）"}],"6228":[{"pref":"愛知県","city":"名古屋市中村区","town":"名駅ミッドランドスクエア（高層棟）（２８階）"}],"6229":[{"pref":"愛知県","city":"名古屋市中村区","town":"名駅ミッドランドスクエア（高層棟）（２９階）"}],"6230":[{"pref":"愛知県","city":"名古屋市中村区","town":"名駅ミッドランドスクエア（高層棟）（３０階）"}],"6231":[{"pref":"愛知県","city":"名古屋市中村区","town":"名駅ミッドランドスクエア（高層棟）（３１階）"}],"6232":[{"pref":"愛知県","city":"名古屋市中村区","town":"名駅ミッドランドスクエア（高層棟）（３２階）"}],"6233":[{"pref":"愛知県","city":"名古屋市中村区","town":"名駅ミッドランドスクエア（高層棟）（３３階）"}],"6234":[{"pref":"愛知県","city":"名古屋市中村区","town":"名駅ミッドランドスクエア（高層棟）（３４階）"}],"6235":[{"pref":"愛知県","city":"名古屋市中村区","town":"名駅ミッドランドスクエア（高層棟）（３５階）"}],"6236":[{"pref":"愛知県","city":"名古屋市中村区","town":"名駅ミッドランドスクエア（高層棟）（３６階）"}],"6237":[{"pref":"愛知県","city":"名古屋市中村区","town":"名駅ミッドランドスクエア（高層棟）（３７階）"}],"6238":[{"pref":"愛知県","city":"名古屋市中村区","town":"名駅ミッドランドスクエア（高層棟）（３８階）"}],"6239":[{"pref":"愛知県","city":"名古屋市中村区","town":"名駅ミッドランドスクエア（高層棟）（３９階）"}],"6240":[{"pref":"愛知県","city":"名古屋市中村区","town":"名駅ミッドランドスクエア（高層棟）（４０階）"}],"6241":[{"pref":"愛知県","city":"名古屋市中村区","town":"名駅ミッドランドスクエア（高層棟）（４１階）"}],"6242":[{"pref":"愛知県","city":"名古屋市中村区","town":"名駅ミッドランドスクエア（高層棟）（４２階）"}],"6243":[{"pref":"愛知県","city":"名古屋市中村区","town":"名駅ミッドランドスクエア（高層棟）（４３階）"}],"6244":[{"pref":"愛知県","city":"名古屋市中村区","town":"名駅ミッドランドスクエア（高層棟）（４４階）"}],"6245":[{"pref":"愛知県","city":"名古屋市中村区","town":"名駅ミッドランドスクエア（高層棟）（４５階）"}],"6246":[{"pref":"愛知県","city":"名古屋市中村区","town":"名駅ミッドランドスクエア（高層棟）（４６階）"}],"6247":[{"pref":"愛知県","city":"名古屋市中村区","town":"名駅ミッドランドスクエア（高層棟）（４７階）"}],"6290":[{"pref":"愛知県","city":"名古屋市中村区","town":"名駅ミッドランドスクエア（高層棟）（地階・階層不明）"}],"6301":[{"pref":"愛知県","city":"名古屋市中村区","town":"名駅ＪＰタワー名古屋（１階）"}],"6302":[{"pref":"愛知県","city":"名古屋市中村区","town":"名駅ＪＰタワー名古屋（２階）"}],"6303":[{"pref":"愛知県","city":"名古屋市中村区","town":"名駅ＪＰタワー名古屋（３階）"}],"6304":[{"pref":"愛知県","city":"名古屋市中村区","town":"名駅ＪＰタワー名古屋（４階）"}],"6305":[{"pref":"愛知県","city":"名古屋市中村区","town":"名駅ＪＰタワー名古屋（５階）"}],"6306":[{"pref":"愛知県","city":"名古屋市中村区","town":"名駅ＪＰタワー名古屋（６階）"}],"6307":[{"pref":"愛知県","city":"名古屋市中村区","town":"名駅ＪＰタワー名古屋（７階）"}],"6308":[{"pref":"愛知県","city":"名古屋市中村区","town":"名駅ＪＰタワー名古屋（８階）"}],"6309":[{"pref":"愛知県","city":"名古屋市中村区","town":"名駅ＪＰタワー名古屋（９階）"}],"6310":[{"pref":"愛知県","city":"名古屋市中村区","town":"名駅ＪＰタワー名古屋（１０階）"}],"6311":[{"pref":"愛知県","city":"名古屋市中村区","town":"名駅ＪＰタワー名古屋（１１階）"}],"6312":[{"pref":"愛知県","city":"名古屋市中村区","town":"名駅ＪＰタワー名古屋（１２階）"}],"6313":[{"pref":"愛知県","city":"名古屋市中村区","town":"名駅ＪＰタワー名古屋（１３階）"}],"6314":[{"pref":"愛知県","city":"名古屋市中村区","town":"名駅ＪＰタワー名古屋（１４階）"}],"6315":[{"pref":"愛知県","city":"名古屋市中村区","town":"名駅ＪＰタワー名古屋（１５階）"}],"6316":[{"pref":"愛知県","city":"名古屋市中村区","town":"名駅ＪＰタワー名古屋（１６階）"}],"6317":[{"pref":"愛知県","city":"名古屋市中村区","town":"名駅ＪＰタワー名古屋（１７階）"}],"6318":[{"pref":"愛知県","city":"名古屋市中村区","town":"名駅ＪＰタワー名古屋（１８階）"}],"6319":[{"pref":"愛知県","city":"名古屋市中村区","town":"名駅ＪＰタワー名古屋（１９階）"}],"6320":[{"pref":"愛知県","city":"名古屋市中村区","town":"名駅ＪＰタワー名古屋（２０階）"}],"6321":[{"pref":"愛知県","city":"名古屋市中村区","town":"名駅ＪＰタワー名古屋（２１階）"}],"6322":[{"pref":"愛知県","city":"名古屋市中村区","town":"名駅ＪＰタワー名古屋（２２階）"}],"6323":[{"pref":"愛知県","city":"名古屋市中村区","town":"名駅ＪＰタワー名古屋（２３階）"}],"6324":[{"pref":"愛知県","city":"名古屋市中村区","town":"名駅ＪＰタワー名古屋（２４階）"}],"6325":[{"pref":"愛知県","city":"名古屋市中村区","town":"名駅ＪＰタワー名古屋（２５階）"}],"6326":[{"pref":"愛知県","city":"名古屋市中村区","town":"名駅ＪＰタワー名古屋（２６階）"}],"6327":[{"pref":"愛知県","city":"名古屋市中村区","town":"名駅ＪＰタワー名古屋（２７階）"}],"6328":[{"pref":"愛知県","city":"名古屋市中村区","town":"名駅ＪＰタワー名古屋（２８階）"}],"6329":[{"pref":"愛知県","city":"名古屋市中村区","town":"名駅ＪＰタワー名古屋（２９階）"}],"6330":[{"pref":"愛知県","city":"名古屋市中村区","town":"名駅ＪＰタワー名古屋（３０階）"}],"6331":[{"pref":"愛知県","city":"名古屋市中村区","town":"名駅ＪＰタワー名古屋（３１階）"}],"6332":[{"pref":"愛知県","city":"名古屋市中村区","town":"名駅ＪＰタワー名古屋（３２階）"}],"6333":[{"pref":"愛知県","city":"名古屋市中村区","town":"名駅ＪＰタワー名古屋（３３階）"}],"6334":[{"pref":"愛知県","city":"名古屋市中村区","town":"名駅ＪＰタワー名古屋（３４階）"}],"6335":[{"pref":"愛知県","city":"名古屋市中村区","town":"名駅ＪＰタワー名古屋（３５階）"}],"6336":[{"pref":"愛知県","city":"名古屋市中村区","town":"名駅ＪＰタワー名古屋（３６階）"}],"6337":[{"pref":"愛知県","city":"名古屋市中村区","town":"名駅ＪＰタワー名古屋（３７階）"}],"6338":[{"pref":"愛知県","city":"名古屋市中村区","town":"名駅ＪＰタワー名古屋（３８階）"}],"6339":[{"pref":"愛知県","city":"名古屋市中村区","town":"名駅ＪＰタワー名古屋（３９階）"}],"6340":[{"pref":"愛知県","city":"名古屋市中村区","town":"名駅ＪＰタワー名古屋（４０階）"}],"6390":[{"pref":"愛知県","city":"名古屋市中村区","town":"名駅ＪＰタワー名古屋（地階・階層不明）"}],"6401":[{"pref":"愛知県","city":"名古屋市中村区","town":"名駅大名古屋ビルヂング（１階）"}],"6402":[{"pref":"愛知県","city":"名古屋市中村区","town":"名駅大名古屋ビルヂング（２階）"}],"6403":[{"pref":"愛知県","city":"名古屋市中村区","town":"名駅大名古屋ビルヂング（３階）"}],"6404":[{"pref":"愛知県","city":"名古屋市中村区","town":"名駅大名古屋ビルヂング（４階）"}],"6405":[{"pref":"愛知県","city":"名古屋市中村区","town":"名駅大名古屋ビルヂング（５階）"}],"6406":[{"pref":"愛知県","city":"名古屋市中村区","town":"名駅大名古屋ビルヂング（６階）"}],"6407":[{"pref":"愛知県","city":"名古屋市中村区","town":"名駅大名古屋ビルヂング（７階）"}],"6408":[{"pref":"愛知県","city":"名古屋市中村区","town":"名駅大名古屋ビルヂング（８階）"}],"6409":[{"pref":"愛知県","city":"名古屋市中村区","town":"名駅大名古屋ビルヂング（９階）"}],"6410":[{"pref":"愛知県","city":"名古屋市中村区","town":"名駅大名古屋ビルヂング（１０階）"}],"6411":[{"pref":"愛知県","city":"名古屋市中村区","town":"名駅大名古屋ビルヂング（１１階）"}],"6412":[{"pref":"愛知県","city":"名古屋市中村区","town":"名駅大名古屋ビルヂング（１２階）"}],"6413":[{"pref":"愛知県","city":"名古屋市中村区","town":"名駅大名古屋ビルヂング（１３階）"}],"6414":[{"pref":"愛知県","city":"名古屋市中村区","town":"名駅大名古屋ビルヂング（１４階）"}],"6415":[{"pref":"愛知県","city":"名古屋市中村区","town":"名駅大名古屋ビルヂング（１５階）"}],"6416":[{"pref":"愛知県","city":"名古屋市中村区","town":"名駅大名古屋ビルヂング（１６階）"}],"6417":[{"pref":"愛知県","city":"名古屋市中村区","town":"名駅大名古屋ビルヂング（１７階）"}],"6418":[{"pref":"愛知県","city":"名古屋市中村区","town":"名駅大名古屋ビルヂング（１８階）"}],"6419":[{"pref":"愛知県","city":"名古屋市中村区","town":"名駅大名古屋ビルヂング（１９階）"}],"6420":[{"pref":"愛知県","city":"名古屋市中村区","town":"名駅大名古屋ビルヂング（２０階）"}],"6421":[{"pref":"愛知県","city":"名古屋市中村区","town":"名駅大名古屋ビルヂング（２１階）"}],"6422":[{"pref":"愛知県","city":"名古屋市中村区","town":"名駅大名古屋ビルヂング（２２階）"}],"6423":[{"pref":"愛知県","city":"名古屋市中村区","town":"名駅大名古屋ビルヂング（２３階）"}],"6424":[{"pref":"愛知県","city":"名古屋市中村区","town":"名駅大名古屋ビルヂング（２４階）"}],"6425":[{"pref":"愛知県","city":"名古屋市中村区","town":"名駅大名古屋ビルヂング（２５階）"}],"6426":[{"pref":"愛知県","city":"名古屋市中村区","town":"名駅大名古屋ビルヂング（２６階）"}],"6427":[{"pref":"愛知県","city":"名古屋市中村区","town":"名駅大名古屋ビルヂング（２７階）"}],"6428":[{"pref":"愛知県","city":"名古屋市中村区","town":"名駅大名古屋ビルヂング（２８階）"}],"6429":[{"pref":"愛知県","city":"名古屋市中村区","town":"名駅大名古屋ビルヂング（２９階）"}],"6430":[{"pref":"愛知県","city":"名古屋市中村区","town":"名駅大名古屋ビルヂング（３０階）"}],"6431":[{"pref":"愛知県","city":"名古屋市中村区","town":"名駅大名古屋ビルヂング（３１階）"}],"6432":[{"pref":"愛知県","city":"名古屋市中村区","town":"名駅大名古屋ビルヂング（３２階）"}],"6433":[{"pref":"愛知県","city":"名古屋市中村区","town":"名駅大名古屋ビルヂング（３３階）"}],"6434":[{"pref":"愛知県","city":"名古屋市中村区","town":"名駅大名古屋ビルヂング（３４階）"}],"6490":[{"pref":"愛知県","city":"名古屋市中村区","town":"名駅大名古屋ビルヂング（地階・階層不明）"}],"6601":[{"pref":"愛知県","city":"名古屋市中村区","town":"名駅ＪＲゲートタワー（１階）"}],"6602":[{"pref":"愛知県","city":"名古屋市中村区","town":"名駅ＪＲゲートタワー（２階）"}],"6603":[{"pref":"愛知県","city":"名古屋市中村区","town":"名駅ＪＲゲートタワー（３階）"}],"6604":[{"pref":"愛知県","city":"名古屋市中村区","town":"名駅ＪＲゲートタワー（４階）"}],"6605":[{"pref":"愛知県","city":"名古屋市中村区","town":"名駅ＪＲゲートタワー（５階）"}],"6606":[{"pref":"愛知県","city":"名古屋市中村区","town":"名駅ＪＲゲートタワー（６階）"}],"6607":[{"pref":"愛知県","city":"名古屋市中村区","town":"名駅ＪＲゲートタワー（７階）"}],"6608":[{"pref":"愛知県","city":"名古屋市中村区","town":"名駅ＪＲゲートタワー（８階）"}],"6609":[{"pref":"愛知県","city":"名古屋市中村区","town":"名駅ＪＲゲートタワー（９階）"}],"6610":[{"pref":"愛知県","city":"名古屋市中村区","town":"名駅ＪＲゲートタワー（１０階）"}],"6611":[{"pref":"愛知県","city":"名古屋市中村区","town":"名駅ＪＲゲートタワー（１１階）"}],"6612":[{"pref":"愛知県","city":"名古屋市中村区","town":"名駅ＪＲゲートタワー（１２階）"}],"6613":[{"pref":"愛知県","city":"名古屋市中村区","town":"名駅ＪＲゲートタワー（１３階）"}],"6614":[{"pref":"愛知県","city":"名古屋市中村区","town":"名駅ＪＲゲートタワー（１４階）"}],"6615":[{"pref":"愛知県","city":"名古屋市中村区","town":"名駅ＪＲゲートタワー（１５階）"}],"6616":[{"pref":"愛知県","city":"名古屋市中村区","town":"名駅ＪＲゲートタワー（１６階）"}],"6617":[{"pref":"愛知県","city":"名古屋市中村区","town":"名駅ＪＲゲートタワー（１７階）"}],"6618":[{"pref":"愛知県","city":"名古屋市中村区","town":"名駅ＪＲゲートタワー（１８階）"}],"6619":[{"pref":"愛知県","city":"名古屋市中村区","town":"名駅ＪＲゲートタワー（１９階）"}],"6620":[{"pref":"愛知県","city":"名古屋市中村区","town":"名駅ＪＲゲートタワー（２０階）"}],"6621":[{"pref":"愛知県","city":"名古屋市中村区","town":"名駅ＪＲゲートタワー（２１階）"}],"6622":[{"pref":"愛知県","city":"名古屋市中村区","town":"名駅ＪＲゲートタワー（２２階）"}],"6623":[{"pref":"愛知県","city":"名古屋市中村区","town":"名駅ＪＲゲートタワー（２３階）"}],"6624":[{"pref":"愛知県","city":"名古屋市中村区","town":"名駅ＪＲゲートタワー（２４階）"}],"6625":[{"pref":"愛知県","city":"名古屋市中村区","town":"名駅ＪＲゲートタワー（２５階）"}],"6626":[{"pref":"愛知県","city":"名古屋市中村区","town":"名駅ＪＲゲートタワー（２６階）"}],"6627":[{"pref":"愛知県","city":"名古屋市中村区","town":"名駅ＪＲゲートタワー（２７階）"}],"6628":[{"pref":"愛知県","city":"名古屋市中村区","town":"名駅ＪＲゲートタワー（２８階）"}],"6629":[{"pref":"愛知県","city":"名古屋市中村区","town":"名駅ＪＲゲートタワー（２９階）"}],"6630":[{"pref":"愛知県","city":"名古屋市中村区","town":"名駅ＪＲゲートタワー（３０階）"}],"6631":[{"pref":"愛知県","city":"名古屋市中村区","town":"名駅ＪＲゲートタワー（３１階）"}],"6632":[{"pref":"愛知県","city":"名古屋市中村区","town":"名駅ＪＲゲートタワー（３２階）"}],"6633":[{"pref":"愛知県","city":"名古屋市中村区","town":"名駅ＪＲゲートタワー（３３階）"}],"6634":[{"pref":"愛知県","city":"名古屋市中村区","town":"名駅ＪＲゲートタワー（３４階）"}],"6635":[{"pref":"愛知県","city":"名古屋市中村区","town":"名駅ＪＲゲートタワー（３５階）"}],"6636":[{"pref":"愛知県","city":"名古屋市中村区","town":"名駅ＪＲゲートタワー（３６階）"}],"6637":[{"pref":"愛知県","city":"名古屋市中村区","town":"名駅ＪＲゲートタワー（３７階）"}],"6638":[{"pref":"愛知県","city":"名古屋市中村区","town":"名駅ＪＲゲートタワー（３８階）"}],"6639":[{"pref":"愛知県","city":"名古屋市中村区","town":"名駅ＪＲゲートタワー（３９階）"}],"6640":[{"pref":"愛知県","city":"名古屋市中村区","town":"名駅ＪＲゲートタワー（４０階）"}],"6641":[{"pref":"愛知県","city":"名古屋市中村区","town":"名駅ＪＲゲートタワー（４１階）"}],"6642":[{"pref":"愛知県","city":"名古屋市中村区","town":"名駅ＪＲゲートタワー（４２階）"}],"6643":[{"pref":"愛知県","city":"名古屋市中村区","town":"名駅ＪＲゲートタワー（４３階）"}],"6644":[{"pref":"愛知県","city":"名古屋市中村区","town":"名駅ＪＲゲートタワー（４４階）"}],"6645":[{"pref":"愛知県","city":"名古屋市中村区","town":"名駅ＪＲゲートタワー（４５階）"}],"6646":[{"pref":"愛知県","city":"名古屋市中村区","town":"名駅ＪＲゲートタワー（４６階）"}],"6690":[{"pref":"愛知県","city":"名古屋市中村区","town":"名駅ＪＲゲートタワー（地階・階層不明）"}],"0007":[{"pref":"愛知県","city":"名古屋市中村区","town":"笹島町"}],"0006":[{"pref":"愛知県","city":"名古屋市中村区","town":"下広井町"}],"0001":[{"pref":"愛知県","city":"名古屋市中村区","town":"那古野"}],"0005":[{"pref":"愛知県","city":"名古屋市中村区","town":"西日置"}],"0004":[{"pref":"愛知県","city":"名古屋市中村区","town":"松重町"}],"0002":[{"pref":"愛知県","city":"名古屋市中村区","town":"名駅（その他）"}],"0003":[{"pref":"愛知県","city":"名古屋市中村区","town":"名駅南"}]}