{"0000":[{"pref":"東京都","city":"青梅市","town":"以下に掲載がない場合"},{"pref":"東京都","city":"西多摩郡奥多摩町","town":"以下に掲載がない場合"}],"0087":[{"pref":"東京都","city":"青梅市","town":"天ケ瀬町"}],"0023":[{"pref":"東京都","city":"青梅市","town":"今井"}],"0021":[{"pref":"東京都","city":"青梅市","town":"今寺"}],"0088":[{"pref":"東京都","city":"青梅市","town":"裏宿町"}],"0086":[{"pref":"東京都","city":"青梅市","town":"大柳町"}],"0003":[{"pref":"東京都","city":"青梅市","town":"小曾木"}],"0041":[{"pref":"東京都","city":"青梅市","town":"勝沼"}],"0036":[{"pref":"東京都","city":"青梅市","town":"河辺町"}],"0081":[{"pref":"東京都","city":"青梅市","town":"上町"}],"0013":[{"pref":"東京都","city":"青梅市","town":"木野下"}],"0005":[{"pref":"東京都","city":"青梅市","town":"黒沢"}],"0053":[{"pref":"東京都","city":"青梅市","town":"駒木町"}],"0172":[{"pref":"東京都","city":"青梅市","town":"沢井"}],"0011":[{"pref":"東京都","city":"青梅市","town":"塩船"}],"0024":[{"pref":"東京都","city":"青梅市","town":"新町"}],"0025":[{"pref":"東京都","city":"青梅市","town":"末広町"}],"0084":[{"pref":"東京都","city":"青梅市","town":"住江町"}],"0014":[{"pref":"東京都","city":"青梅市","town":"大門"}],"0085":[{"pref":"東京都","city":"青梅市","town":"滝ノ上町"}],"0043":[{"pref":"東京都","city":"青梅市","town":"千ケ瀬町"}],"0002":[{"pref":"東京都","city":"青梅市","town":"富岡"}],"0051":[{"pref":"東京都","city":"青梅市","town":"友田町"}],"0082":[{"pref":"東京都","city":"青梅市","town":"仲町"}],"0052":[{"pref":"東京都","city":"青梅市","town":"長淵"}],"0001":[{"pref":"東京都","city":"青梅市","town":"成木"}],"0044":[{"pref":"東京都","city":"青梅市","town":"西分町"}],"0004":[{"pref":"東京都","city":"青梅市","town":"根ケ布"}],"0032":[{"pref":"東京都","city":"青梅市","town":"野上町"}],"0063":[{"pref":"東京都","city":"青梅市","town":"梅郷"}],"0061":[{"pref":"東京都","city":"青梅市","town":"畑中"}],"0042":[{"pref":"東京都","city":"青梅市","town":"東青梅"}],"0046":[{"pref":"東京都","city":"青梅市","town":"日向和田"}],"0015":[{"pref":"東京都","city":"青梅市","town":"吹上"}],"0022":[{"pref":"東京都","city":"青梅市","town":"藤橋"}],"0171":[{"pref":"東京都","city":"青梅市","town":"二俣尾"}],"0083":[{"pref":"東京都","city":"青梅市","town":"本町"}],"0174":[{"pref":"東京都","city":"青梅市","town":"御岳"}],"0175":[{"pref":"東京都","city":"青梅市","town":"御岳山"}],"0173":[{"pref":"東京都","city":"青梅市","town":"御岳本町"}],"0089":[{"pref":"東京都","city":"青梅市","town":"森下町"}],"0031":[{"pref":"東京都","city":"青梅市","town":"師岡町"}],"0012":[{"pref":"東京都","city":"青梅市","town":"谷野"}],"0064":[{"pref":"東京都","city":"青梅市","town":"柚木町"}],"0062":[{"pref":"東京都","city":"青梅市","town":"和田町"}],"0213":[{"pref":"東京都","city":"西多摩郡奥多摩町","town":"海沢"}],"0103":[{"pref":"東京都","city":"西多摩郡奥多摩町","town":"梅沢"}],"0101":[{"pref":"東京都","city":"西多摩郡奥多摩町","town":"大丹波"}],"0102":[{"pref":"東京都","city":"西多摩郡奥多摩町","town":"川井"}],"0225":[{"pref":"東京都","city":"西多摩郡奥多摩町","town":"川野"}],"0224":[{"pref":"東京都","city":"西多摩郡奥多摩町","town":"河内"}],"0105":[{"pref":"東京都","city":"西多摩郡奥多摩町","town":"小丹波"}],"0222":[{"pref":"東京都","city":"西多摩郡奥多摩町","town":"境"}],"0107":[{"pref":"東京都","city":"西多摩郡奥多摩町","town":"白丸"}],"0106":[{"pref":"東京都","city":"西多摩郡奥多摩町","town":"棚沢"}],"0104":[{"pref":"東京都","city":"西多摩郡奥多摩町","town":"丹三郎"}],"0221":[{"pref":"東京都","city":"西多摩郡奥多摩町","town":"留浦"}],"0211":[{"pref":"東京都","city":"西多摩郡奥多摩町","town":"日原"}],"0223":[{"pref":"東京都","city":"西多摩郡奥多摩町","town":"原"}],"0212":[{"pref":"東京都","city":"西多摩郡奥多摩町","town":"氷川"}]}