{"0000":[{"pref":"北海道","city":"札幌市東区","town":"以下に掲載がない場合"}],"0004":[{"pref":"北海道","city":"札幌市東区","town":"北四条東（９～１６丁目）"}],"0005":[{"pref":"北海道","city":"札幌市東区","town":"北五条東（８～１７丁目）"}],"0006":[{"pref":"北海道","city":"札幌市東区","town":"北六条東（８～２０丁目）"}],"0007":[{"pref":"北海道","city":"札幌市東区","town":"北七条東（８～２０丁目）"}],"0008":[{"pref":"北海道","city":"札幌市東区","town":"北八条東（８～１９丁目）"}],"0009":[{"pref":"北海道","city":"札幌市東区","town":"北九条東（８～１６丁目）"}],"0010":[{"pref":"北海道","city":"札幌市東区","town":"北十条東"}],"0011":[{"pref":"北海道","city":"札幌市東区","town":"北十一条東"}],"0012":[{"pref":"北海道","city":"札幌市東区","town":"北十二条東"}],"0013":[{"pref":"北海道","city":"札幌市東区","town":"北十三条東"}],"0014":[{"pref":"北海道","city":"札幌市東区","town":"北十四条東"}],"0015":[{"pref":"北海道","city":"札幌市東区","town":"北十五条東"}],"0016":[{"pref":"北海道","city":"札幌市東区","town":"北十六条東"}],"0017":[{"pref":"北海道","city":"札幌市東区","town":"北十七条東"}],"0018":[{"pref":"北海道","city":"札幌市東区","town":"北十八条東"}],"0019":[{"pref":"北海道","city":"札幌市東区","town":"北十九条東"}],"0020":[{"pref":"北海道","city":"札幌市東区","town":"北二十条東"}],"0021":[{"pref":"北海道","city":"札幌市東区","town":"北二十一条東"}],"0022":[{"pref":"北海道","city":"札幌市東区","town":"北二十二条東"}],"0023":[{"pref":"北海道","city":"札幌市東区","town":"北二十三条東"}],"0024":[{"pref":"北海道","city":"札幌市東区","town":"北二十四条東"}],"0025":[{"pref":"北海道","city":"札幌市東区","town":"北二十五条東"}],"0026":[{"pref":"北海道","city":"札幌市東区","town":"北二十六条東"}],"0027":[{"pref":"北海道","city":"札幌市東区","town":"北二十七条東"}],"0028":[{"pref":"北海道","city":"札幌市東区","town":"北二十八条東"}],"0030":[{"pref":"北海道","city":"札幌市東区","town":"北三十条東"}],"0031":[{"pref":"北海道","city":"札幌市東区","town":"北三十一条東"}],"0032":[{"pref":"北海道","city":"札幌市東区","town":"北三十二条東"}],"0033":[{"pref":"北海道","city":"札幌市東区","town":"北三十三条東"}],"0043":[{"pref":"北海道","city":"札幌市東区","town":"苗穂町"}],"0041":[{"pref":"北海道","city":"札幌市東区","town":"本町一条"}],"0042":[{"pref":"北海道","city":"札幌市東区","town":"本町二条"}]}