{"1201":[{"pref":"福岡県","city":"久留米市","town":"田主丸町長栖"}],"1202":[{"pref":"福岡県","city":"久留米市","town":"田主丸町鷹取"}],"1203":[{"pref":"福岡県","city":"久留米市","town":"田主丸町秋成"}],"1204":[{"pref":"福岡県","city":"久留米市","town":"田主丸町殖木"}],"1205":[{"pref":"福岡県","city":"久留米市","town":"田主丸町船越"}],"1206":[{"pref":"福岡県","city":"久留米市","town":"田主丸町吉本"}],"1211":[{"pref":"福岡県","city":"久留米市","town":"田主丸町森部"}],"1212":[{"pref":"福岡県","city":"久留米市","town":"田主丸町石垣"}],"1213":[{"pref":"福岡県","city":"久留米市","town":"田主丸町益生田"}],"1214":[{"pref":"福岡県","city":"久留米市","town":"田主丸町地徳"}],"1215":[{"pref":"福岡県","city":"久留米市","town":"田主丸町竹野"}],"1216":[{"pref":"福岡県","city":"久留米市","town":"田主丸町中尾"}],"1221":[{"pref":"福岡県","city":"久留米市","town":"田主丸町上原"}],"1222":[{"pref":"福岡県","city":"久留米市","town":"田主丸町志塚島"}],"1223":[{"pref":"福岡県","city":"久留米市","town":"田主丸町以真恵"}],"1224":[{"pref":"福岡県","city":"久留米市","town":"田主丸町牧"}],"1225":[{"pref":"福岡県","city":"久留米市","town":"田主丸町菅原"}],"1226":[{"pref":"福岡県","city":"久留米市","town":"田主丸町八幡"}],"1227":[{"pref":"福岡県","city":"久留米市","town":"田主丸町朝森"}],"1228":[{"pref":"福岡県","city":"久留米市","town":"田主丸町恵利"}],"1231":[{"pref":"福岡県","city":"久留米市","town":"田主丸町野田"}],"1232":[{"pref":"福岡県","city":"久留米市","town":"田主丸町常盤"}],"1233":[{"pref":"福岡県","city":"久留米市","town":"田主丸町田主丸"}],"1234":[{"pref":"福岡県","city":"久留米市","town":"田主丸町豊城"}],"1301":[{"pref":"福岡県","city":"うきは市","town":"吉井町桜井"}],"1302":[{"pref":"福岡県","city":"うきは市","town":"吉井町徳丸"}],"1303":[{"pref":"福岡県","city":"うきは市","town":"吉井町宮田"}],"1304":[{"pref":"福岡県","city":"うきは市","town":"吉井町千年"}],"1305":[{"pref":"福岡県","city":"うきは市","town":"吉井町福永"}],"1306":[{"pref":"福岡県","city":"うきは市","town":"吉井町新治"}],"1307":[{"pref":"福岡県","city":"うきは市","town":"吉井町橘田"}],"1308":[{"pref":"福岡県","city":"うきは市","town":"吉井町八和田"}],"1311":[{"pref":"福岡県","city":"うきは市","town":"吉井町若宮"}],"1312":[{"pref":"福岡県","city":"うきは市","town":"吉井町清瀬"}],"1321":[{"pref":"福岡県","city":"うきは市","town":"吉井町"}],"1331":[{"pref":"福岡県","city":"うきは市","town":"吉井町屋部"}],"1332":[{"pref":"福岡県","city":"うきは市","town":"吉井町福益"}],"1333":[{"pref":"福岡県","city":"うきは市","town":"吉井町富永"}],"1341":[{"pref":"福岡県","city":"うきは市","town":"吉井町江南"}],"1342":[{"pref":"福岡県","city":"うきは市","town":"吉井町生葉"}],"1343":[{"pref":"福岡県","city":"うきは市","town":"吉井町鷹取"}],"1344":[{"pref":"福岡県","city":"うきは市","town":"吉井町長栖"}],"1400":[{"pref":"福岡県","city":"うきは市","town":"以下に掲載がない場合"}],"1401":[{"pref":"福岡県","city":"うきは市","town":"浮羽町朝田"}],"1402":[{"pref":"福岡県","city":"うきは市","town":"浮羽町浮羽"}],"1403":[{"pref":"福岡県","city":"うきは市","town":"浮羽町東隈上"}],"1404":[{"pref":"福岡県","city":"うきは市","town":"浮羽町西隈上"}],"1405":[{"pref":"福岡県","city":"うきは市","town":"浮羽町古川"}],"1406":[{"pref":"福岡県","city":"うきは市","town":"浮羽町高見"}],"1407":[{"pref":"福岡県","city":"うきは市","town":"浮羽町三春"}],"1408":[{"pref":"福岡県","city":"うきは市","town":"浮羽町山北"}],"1411":[{"pref":"福岡県","city":"うきは市","town":"浮羽町流川"}],"1412":[{"pref":"福岡県","city":"うきは市","town":"浮羽町小塩"}],"1413":[{"pref":"福岡県","city":"うきは市","town":"浮羽町新川"}],"1414":[{"pref":"福岡県","city":"うきは市","town":"浮羽町田篭"}],"1415":[{"pref":"福岡県","city":"うきは市","town":"浮羽町妹川"}],"1421":[{"pref":"大分県","city":"日田市","town":"前津江町柚木（１～８００番地、千蔵木、塔ノ本、仁田原、本村）"}],"0000":[{"pref":"福岡県","city":"久留米市","town":"以下に掲載がない場合"}],"0861":[{"pref":"福岡県","city":"久留米市","town":"合川町"}],"0843":[{"pref":"福岡県","city":"久留米市","town":"朝妻町"}],"0832":[{"pref":"福岡県","city":"久留米市","town":"大橋町合楽"}],"0833":[{"pref":"福岡県","city":"久留米市","town":"大橋町常持"}],"0831":[{"pref":"福岡県","city":"久留米市","town":"大橋町蜷川"}],"0835":[{"pref":"福岡県","city":"久留米市","town":"草野町草野"}],"0834":[{"pref":"福岡県","city":"久留米市","town":"草野町紅桃林"}],"0837":[{"pref":"福岡県","city":"久留米市","town":"草野町矢作"}],"0836":[{"pref":"福岡県","city":"久留米市","town":"草野町吉木"}],"0852":[{"pref":"福岡県","city":"久留米市","town":"高良内町"}],"0863":[{"pref":"福岡県","city":"久留米市","town":"国分町"}],"0865":[{"pref":"福岡県","city":"久留米市","town":"新合川"}],"0853":[{"pref":"福岡県","city":"久留米市","town":"青峰"}],"0824":[{"pref":"福岡県","city":"久留米市","town":"善導寺町飯田"}],"0822":[{"pref":"福岡県","city":"久留米市","town":"善導寺町木塚"}],"0825":[{"pref":"福岡県","city":"久留米市","town":"善導寺町島"}],"0823":[{"pref":"福岡県","city":"久留米市","town":"善導寺町与田"}],"0821":[{"pref":"福岡県","city":"久留米市","town":"太郎原町"}],"0862":[{"pref":"福岡県","city":"久留米市","town":"野中町"}],"0809":[{"pref":"福岡県","city":"久留米市","town":"東合川"}],"0808":[{"pref":"福岡県","city":"久留米市","town":"東合川新町"}],"0806":[{"pref":"福岡県","city":"久留米市","town":"東合川干出町"}],"0807":[{"pref":"福岡県","city":"久留米市","town":"東合川町"}],"0864":[{"pref":"福岡県","city":"久留米市","town":"百年公園"}],"0842":[{"pref":"福岡県","city":"久留米市","town":"御井朝妻"}],"0841":[{"pref":"福岡県","city":"久留米市","town":"御井旗崎"}],"0851":[{"pref":"福岡県","city":"久留米市","town":"御井町"}],"0801":[{"pref":"福岡県","city":"久留米市","town":"宮ノ陣"}],"0803":[{"pref":"福岡県","city":"久留米市","town":"宮ノ陣町大杜"}],"0802":[{"pref":"福岡県","city":"久留米市","town":"宮ノ陣町五郎丸"}],"0805":[{"pref":"福岡県","city":"久留米市","town":"宮ノ陣町八丁島"}],"0804":[{"pref":"福岡県","city":"久留米市","town":"宮ノ陣町若松"}],"0812":[{"pref":"福岡県","city":"久留米市","town":"山川安居野"}],"0813":[{"pref":"福岡県","city":"久留米市","town":"山川市ノ上町"}],"0814":[{"pref":"福岡県","city":"久留米市","town":"山川追分"}],"0815":[{"pref":"福岡県","city":"久留米市","town":"山川沓形町"}],"0811":[{"pref":"福岡県","city":"久留米市","town":"山川神代"}],"0816":[{"pref":"福岡県","city":"久留米市","town":"山川野口町"}],"0817":[{"pref":"福岡県","city":"久留米市","town":"山川町"}],"0827":[{"pref":"福岡県","city":"久留米市","town":"山本町豊田"}],"0826":[{"pref":"福岡県","city":"久留米市","town":"山本町耳納"}],"0251":[{"pref":"福岡県","city":"柳川市","town":"大和町明野"}],"0263":[{"pref":"福岡県","city":"柳川市","town":"大和町大坪"}],"0252":[{"pref":"福岡県","city":"柳川市","town":"大和町栄"}],"0261":[{"pref":"福岡県","city":"柳川市","town":"大和町皿垣開"}],"0243":[{"pref":"福岡県","city":"柳川市","town":"大和町塩塚"}],"0253":[{"pref":"福岡県","city":"柳川市","town":"大和町鷹ノ尾"}],"0264":[{"pref":"福岡県","city":"柳川市","town":"大和町谷垣"}],"0241":[{"pref":"福岡県","city":"柳川市","town":"大和町徳益"}],"0242":[{"pref":"福岡県","city":"柳川市","town":"大和町豊原"}],"0254":[{"pref":"福岡県","city":"柳川市","town":"大和町中島"}],"0262":[{"pref":"福岡県","city":"柳川市","town":"大和町永田開"}],"0244":[{"pref":"福岡県","city":"柳川市","town":"大和町六合"}],"0214":[{"pref":"福岡県","city":"みやま市","town":"高田町今福"}],"0223":[{"pref":"福岡県","city":"みやま市","town":"高田町岩津"}],"0202":[{"pref":"福岡県","city":"みやま市","town":"高田町永治"}],"0213":[{"pref":"福岡県","city":"みやま市","town":"高田町江浦"}],"0212":[{"pref":"福岡県","city":"みやま市","town":"高田町江浦町"}],"0225":[{"pref":"福岡県","city":"みやま市","town":"高田町上楠田"}],"0204":[{"pref":"福岡県","city":"みやま市","town":"高田町北新開"}],"0203":[{"pref":"福岡県","city":"みやま市","town":"高田町黒崎開"}],"0221":[{"pref":"福岡県","city":"みやま市","town":"高田町下楠田"}],"0201":[{"pref":"福岡県","city":"みやま市","town":"高田町昭和開"}],"0224":[{"pref":"福岡県","city":"みやま市","town":"高田町田尻"}],"0211":[{"pref":"福岡県","city":"みやま市","town":"高田町徳島"}],"0215":[{"pref":"福岡県","city":"みやま市","town":"高田町濃施"}],"0222":[{"pref":"福岡県","city":"みやま市","town":"高田町原"}],"0205":[{"pref":"福岡県","city":"みやま市","town":"高田町南新開"}]}