{"0000":[{"pref":"京都府","city":"乙訓郡大山崎町","town":"以下に掲載がない場合"},{"pref":"大阪府","city":"三島郡島本町","town":"以下に掲載がない場合"}],"0091":[{"pref":"京都府","city":"乙訓郡大山崎町","town":"円明寺"}],"0071":[{"pref":"京都府","city":"乙訓郡大山崎町","town":"大山崎"}],"0081":[{"pref":"京都府","city":"乙訓郡大山崎町","town":"下植野"}],"0015":[{"pref":"大阪府","city":"三島郡島本町","town":"青葉"}],"0013":[{"pref":"大阪府","city":"三島郡島本町","town":"江川"}],"0004":[{"pref":"大阪府","city":"三島郡島本町","town":"大沢"}],"0022":[{"pref":"大阪府","city":"三島郡島本町","town":"桜井"}],"0023":[{"pref":"大阪府","city":"三島郡島本町","town":"桜井台"}],"0003":[{"pref":"大阪府","city":"三島郡島本町","town":"尺代"}],"0012":[{"pref":"大阪府","city":"三島郡島本町","town":"高浜"}],"0002":[{"pref":"大阪府","city":"三島郡島本町","town":"東大寺"}],"0021":[{"pref":"大阪府","city":"三島郡島本町","town":"百山"}],"0011":[{"pref":"大阪府","city":"三島郡島本町","town":"広瀬"}],"0014":[{"pref":"大阪府","city":"三島郡島本町","town":"水無瀬"}],"0001":[{"pref":"大阪府","city":"三島郡島本町","town":"山崎"}],"0024":[{"pref":"大阪府","city":"三島郡島本町","town":"若山台"}]}