{"0000":[{"pref":"神奈川県","city":"横浜市戸塚区","town":"以下に掲載がない場合"}],"0812":[{"pref":"神奈川県","city":"横浜市戸塚区","town":"柏尾町"}],"0811":[{"pref":"神奈川県","city":"横浜市戸塚区","town":"上柏尾町"}],"0816":[{"pref":"神奈川県","city":"横浜市戸塚区","town":"上倉田町"}],"0806":[{"pref":"神奈川県","city":"横浜市戸塚区","town":"上品濃"}],"0805":[{"pref":"神奈川県","city":"横浜市戸塚区","town":"川上町"}],"0004":[{"pref":"神奈川県","city":"横浜市戸塚区","town":"小雀町"}],"0801":[{"pref":"神奈川県","city":"横浜市戸塚区","town":"品濃町"}],"0815":[{"pref":"神奈川県","city":"横浜市戸塚区","town":"下倉田町"}],"0003":[{"pref":"神奈川県","city":"横浜市戸塚区","town":"戸塚町"}],"0001":[{"pref":"神奈川県","city":"横浜市戸塚区","town":"鳥が丘"}],"0802":[{"pref":"神奈川県","city":"横浜市戸塚区","town":"平戸"}],"0803":[{"pref":"神奈川県","city":"横浜市戸塚区","town":"平戸町"}],"0813":[{"pref":"神奈川県","city":"横浜市戸塚区","town":"舞岡町"}],"0804":[{"pref":"神奈川県","city":"横浜市戸塚区","town":"前田町"}],"0814":[{"pref":"神奈川県","city":"横浜市戸塚区","town":"南舞岡"}],"0002":[{"pref":"神奈川県","city":"横浜市戸塚区","town":"矢部町"}],"0817":[{"pref":"神奈川県","city":"横浜市戸塚区","town":"吉田町"}],"0842":[{"pref":"神奈川県","city":"横浜市栄区","town":"飯島町"}],"0845":[{"pref":"神奈川県","city":"横浜市栄区","town":"金井町"}],"0844":[{"pref":"神奈川県","city":"横浜市栄区","town":"田谷町"}],"0843":[{"pref":"神奈川県","city":"横浜市栄区","town":"長尾台町"}],"0841":[{"pref":"神奈川県","city":"横浜市栄区","town":"長沼町"}]}