{"0000":[{"pref":"大阪府","city":"大阪市住吉区","town":"以下に掲載がない場合"}],"0021":[{"pref":"大阪府","city":"大阪市住吉区","town":"浅香"}],"0014":[{"pref":"大阪府","city":"大阪市住吉区","town":"我孫子"}],"0013":[{"pref":"大阪府","city":"大阪市住吉区","town":"我孫子東"}],"0015":[{"pref":"大阪府","city":"大阪市住吉区","town":"我孫子西"}],"0046":[{"pref":"大阪府","city":"大阪市住吉区","town":"上住吉"}],"0032":[{"pref":"大阪府","city":"大阪市住吉区","town":"遠里小野"}],"0011":[{"pref":"大阪府","city":"大阪市住吉区","town":"苅田"}],"0031":[{"pref":"大阪府","city":"大阪市住吉区","town":"沢之町"}],"0033":[{"pref":"大阪府","city":"大阪市住吉区","town":"清水丘"}],"0022":[{"pref":"大阪府","city":"大阪市住吉区","town":"杉本"}],"0043":[{"pref":"大阪府","city":"大阪市住吉区","town":"墨江"}],"0045":[{"pref":"大阪府","city":"大阪市住吉区","town":"住吉"}],"0047":[{"pref":"大阪府","city":"大阪市住吉区","town":"千躰"}],"0001":[{"pref":"大阪府","city":"大阪市住吉区","town":"大領"}],"0053":[{"pref":"大阪府","city":"大阪市住吉区","town":"帝塚山中"}],"0054":[{"pref":"大阪府","city":"大阪市住吉区","town":"帝塚山東"}],"0052":[{"pref":"大阪府","city":"大阪市住吉区","town":"帝塚山西"}],"0042":[{"pref":"大阪府","city":"大阪市住吉区","town":"殿辻"}],"0003":[{"pref":"大阪府","city":"大阪市住吉区","town":"長居"}],"0004":[{"pref":"大阪府","city":"大阪市住吉区","town":"長居東"}],"0002":[{"pref":"大阪府","city":"大阪市住吉区","town":"長居西"}],"0044":[{"pref":"大阪府","city":"大阪市住吉区","town":"長峡町"}],"0012":[{"pref":"大阪府","city":"大阪市住吉区","town":"庭井"}],"0055":[{"pref":"大阪府","city":"大阪市住吉区","town":"万代"}],"0056":[{"pref":"大阪府","city":"大阪市住吉区","town":"万代東"}],"0051":[{"pref":"大阪府","city":"大阪市住吉区","town":"東粉浜"}],"0041":[{"pref":"大阪府","city":"大阪市住吉区","town":"南住吉"}],"0023":[{"pref":"大阪府","city":"大阪市住吉区","town":"山之内"}],"0024":[{"pref":"大阪府","city":"大阪市住吉区","town":"山之内元町"}]}