{"0026":[{"pref":"東京都","city":"中野区","town":"新井"}],"0022":[{"pref":"東京都","city":"中野区","town":"江古田"}],"0023":[{"pref":"東京都","city":"中野区","town":"江原町"}],"0031":[{"pref":"東京都","city":"中野区","town":"上鷺宮"}],"0032":[{"pref":"東京都","city":"中野区","town":"鷺宮"}],"0035":[{"pref":"東京都","city":"中野区","town":"白鷺"}],"0025":[{"pref":"東京都","city":"中野区","town":"沼袋"}],"0027":[{"pref":"東京都","city":"中野区","town":"野方"}],"0024":[{"pref":"東京都","city":"中野区","town":"松が丘"}],"0021":[{"pref":"東京都","city":"中野区","town":"丸山"}],"0034":[{"pref":"東京都","city":"中野区","town":"大和町"}],"0033":[{"pref":"東京都","city":"中野区","town":"若宮"}]}