{"0102":[{"pref":"島根県","city":"浜田市","town":"宇野町"}],"0103":[{"pref":"島根県","city":"浜田市","town":"大金町"}],"0101":[{"pref":"島根県","city":"浜田市","town":"下有福町"}],"0000":[{"pref":"島根県","city":"江津市","town":"以下に掲載がない場合"}],"0002":[{"pref":"島根県","city":"江津市","town":"浅利町"}],"0152":[{"pref":"島根県","city":"江津市","town":"跡市町"}],"0156":[{"pref":"島根県","city":"江津市","town":"有福温泉町"}],"0155":[{"pref":"島根県","city":"江津市","town":"有福温泉町本明"}],"0154":[{"pref":"島根県","city":"江津市","town":"井沢町"}],"0016":[{"pref":"島根県","city":"江津市","town":"嘉久志町"}],"0012":[{"pref":"島根県","city":"江津市","town":"金田町"}],"0014":[{"pref":"島根県","city":"江津市","town":"川平町平田"}],"0013":[{"pref":"島根県","city":"江津市","town":"川平町南川上"}],"0011":[{"pref":"島根県","city":"江津市","town":"江津町"}],"0015":[{"pref":"島根県","city":"江津市","town":"島の星町"}],"0153":[{"pref":"島根県","city":"江津市","town":"清見町"}],"0151":[{"pref":"島根県","city":"江津市","town":"千田町"}],"0021":[{"pref":"島根県","city":"江津市","town":"都野津町"}],"0023":[{"pref":"島根県","city":"江津市","town":"二宮町神村"}],"0024":[{"pref":"島根県","city":"江津市","town":"二宮町神主"}],"0022":[{"pref":"島根県","city":"江津市","town":"二宮町羽代"}],"0004":[{"pref":"島根県","city":"江津市","town":"松川町市村"}],"0007":[{"pref":"島根県","city":"江津市","town":"松川町太田"}],"0003":[{"pref":"島根県","city":"江津市","town":"松川町下河戸"}],"0005":[{"pref":"島根県","city":"江津市","town":"松川町長良"}],"0006":[{"pref":"島根県","city":"江津市","town":"松川町八神"}],"0017":[{"pref":"島根県","city":"江津市","town":"和木町"}],"0001":[{"pref":"島根県","city":"江津市","town":"渡津町"}]}