{"1101":[{"pref":"和歌山県","city":"田辺市","town":"鮎川"}],"1211":[{"pref":"和歌山県","city":"田辺市","town":"和田"}],"1212":[{"pref":"和歌山県","city":"田辺市","town":"下川上"}],"1213":[{"pref":"和歌山県","city":"田辺市","town":"下川下"}],"1214":[{"pref":"和歌山県","city":"田辺市","town":"平瀬"}],"1321":[{"pref":"和歌山県","city":"田辺市","town":"熊野"}],"1322":[{"pref":"和歌山県","city":"田辺市","town":"面川"}],"1323":[{"pref":"和歌山県","city":"田辺市","town":"向山"}],"1324":[{"pref":"和歌山県","city":"田辺市","town":"竹ノ平"}],"1325":[{"pref":"和歌山県","city":"田辺市","town":"小谷"}],"1326":[{"pref":"和歌山県","city":"田辺市","town":"深谷"}],"1331":[{"pref":"和歌山県","city":"田辺市","town":"木守"}],"1332":[{"pref":"和歌山県","city":"田辺市","town":"五味"}],"1333":[{"pref":"和歌山県","city":"田辺市","town":"東伏菟野"}],"1334":[{"pref":"和歌山県","city":"田辺市","town":"九川"}],"1335":[{"pref":"和歌山県","city":"田辺市","town":"串"}],"1336":[{"pref":"和歌山県","city":"田辺市","town":"谷野口"}],"1337":[{"pref":"和歌山県","city":"田辺市","town":"下露"}],"1338":[{"pref":"和歌山県","city":"田辺市","town":"合川"}],"1339":[{"pref":"和歌山県","city":"田辺市","town":"長瀬"}],"1401":[{"pref":"和歌山県","city":"田辺市","town":"中辺路町野中"}],"1402":[{"pref":"和歌山県","city":"田辺市","town":"中辺路町近露"}],"1411":[{"pref":"和歌山県","city":"田辺市","town":"中辺路町大内川"}],"1412":[{"pref":"和歌山県","city":"田辺市","town":"中辺路町石船"}],"1413":[{"pref":"和歌山県","city":"田辺市","town":"中辺路町北郡"}],"1414":[{"pref":"和歌山県","city":"田辺市","town":"中辺路町西谷"}],"1415":[{"pref":"和歌山県","city":"田辺市","town":"中辺路町真砂"}],"1416":[{"pref":"和歌山県","city":"田辺市","town":"中辺路町高原"}],"1417":[{"pref":"和歌山県","city":"田辺市","town":"中辺路町川合"}],"1421":[{"pref":"和歌山県","city":"田辺市","town":"中辺路町栗栖川"}],"1431":[{"pref":"和歌山県","city":"田辺市","town":"中辺路町小松原"}],"1432":[{"pref":"和歌山県","city":"田辺市","town":"中辺路町福定"}],"1433":[{"pref":"和歌山県","city":"田辺市","town":"中辺路町大川"}],"1434":[{"pref":"和歌山県","city":"田辺市","town":"中辺路町温川"}],"1435":[{"pref":"和歌山県","city":"田辺市","town":"中辺路町小皆"}],"1436":[{"pref":"和歌山県","city":"田辺市","town":"中辺路町熊野川"}],"1437":[{"pref":"和歌山県","city":"田辺市","town":"中辺路町沢"}],"1438":[{"pref":"和歌山県","city":"田辺市","town":"中辺路町水上"}],"1439":[{"pref":"和歌山県","city":"田辺市","town":"中辺路町内井川"}],"0000":[{"pref":"和歌山県","city":"田辺市","town":"以下に掲載がない場合"}],"0102":[{"pref":"和歌山県","city":"田辺市","town":"秋津川"}],"0005":[{"pref":"和歌山県","city":"田辺市","town":"秋津町"}],"0021":[{"pref":"和歌山県","city":"田辺市","town":"あけぼの"}],"0027":[{"pref":"和歌山県","city":"田辺市","town":"朝日ヶ丘"}],"0037":[{"pref":"和歌山県","city":"田辺市","town":"磯間"}],"0051":[{"pref":"和歌山県","city":"田辺市","town":"稲成町"}],"0043":[{"pref":"和歌山県","city":"田辺市","town":"今福町"}],"0212":[{"pref":"和歌山県","city":"田辺市","town":"上野"}],"0061":[{"pref":"和歌山県","city":"田辺市","town":"上の山"}],"0054":[{"pref":"和歌山県","city":"田辺市","town":"江川"}],"0034":[{"pref":"和歌山県","city":"田辺市","town":"扇ケ浜"}],"0024":[{"pref":"和歌山県","city":"田辺市","town":"学園"}],"0012":[{"pref":"和歌山県","city":"田辺市","town":"神島台"}],"0045":[{"pref":"和歌山県","city":"田辺市","town":"片町"}],"0001":[{"pref":"和歌山県","city":"田辺市","town":"上秋津"}],"0101":[{"pref":"和歌山県","city":"田辺市","town":"上芳養"}],"0002":[{"pref":"和歌山県","city":"田辺市","town":"上万呂"}],"0214":[{"pref":"和歌山県","city":"田辺市","town":"上三栖"}],"0036":[{"pref":"和歌山県","city":"田辺市","town":"上屋敷"}],"0041":[{"pref":"和歌山県","city":"田辺市","town":"北新町"}],"0047":[{"pref":"和歌山県","city":"田辺市","town":"紺屋町"}],"0048":[{"pref":"和歌山県","city":"田辺市","town":"栄町"}],"0004":[{"pref":"和歌山県","city":"田辺市","town":"下万呂"}],"0216":[{"pref":"和歌山県","city":"田辺市","town":"下三栖"}],"0032":[{"pref":"和歌山県","city":"田辺市","town":"下屋敷町"}],"0217":[{"pref":"和歌山県","city":"田辺市","town":"城山台"}],"0011":[{"pref":"和歌山県","city":"田辺市","town":"新庄町"}],"0014":[{"pref":"和歌山県","city":"田辺市","town":"新万"}],"0033":[{"pref":"和歌山県","city":"田辺市","town":"新屋敷町"}],"0038":[{"pref":"和歌山県","city":"田辺市","town":"末広町"}],"0028":[{"pref":"和歌山県","city":"田辺市","town":"高雄"}],"0015":[{"pref":"和歌山県","city":"田辺市","town":"たきない町"}],"0050":[{"pref":"和歌山県","city":"田辺市","town":"天神崎"}],"0029":[{"pref":"和歌山県","city":"田辺市","town":"東陽"}],"0057":[{"pref":"和歌山県","city":"田辺市","town":"中芳養"}],"0003":[{"pref":"和歌山県","city":"田辺市","town":"中万呂"}],"0215":[{"pref":"和歌山県","city":"田辺市","town":"中三栖"}],"0035":[{"pref":"和歌山県","city":"田辺市","town":"中屋敷町"}],"0213":[{"pref":"和歌山県","city":"田辺市","town":"長野"}],"0056":[{"pref":"和歌山県","city":"田辺市","town":"芳養町"}],"0063":[{"pref":"和歌山県","city":"田辺市","town":"芳養松原"}],"0022":[{"pref":"和歌山県","city":"田辺市","town":"東山"}],"0044":[{"pref":"和歌山県","city":"田辺市","town":"福路町"}],"0211":[{"pref":"和歌山県","city":"田辺市","town":"伏菟野"}],"0059":[{"pref":"和歌山県","city":"田辺市","town":"古尾"}],"0026":[{"pref":"和歌山県","city":"田辺市","town":"宝来町"}],"0046":[{"pref":"和歌山県","city":"田辺市","town":"本町"}],"0025":[{"pref":"和歌山県","city":"田辺市","town":"神子浜"}],"0031":[{"pref":"和歌山県","city":"田辺市","town":"湊"}],"0042":[{"pref":"和歌山県","city":"田辺市","town":"南新町"}],"0013":[{"pref":"和歌山県","city":"田辺市","town":"南新万"}],"0052":[{"pref":"和歌山県","city":"田辺市","town":"むつみ"}],"0062":[{"pref":"和歌山県","city":"田辺市","town":"明洋"}],"0058":[{"pref":"和歌山県","city":"田辺市","town":"目良"}],"0053":[{"pref":"和歌山県","city":"田辺市","town":"元町"}],"0023":[{"pref":"和歌山県","city":"田辺市","town":"文里"}],"0301":[{"pref":"和歌山県","city":"西牟婁郡白浜町","town":"市鹿野"}],"0312":[{"pref":"和歌山県","city":"西牟婁郡白浜町","town":"大"}],"0303":[{"pref":"和歌山県","city":"西牟婁郡白浜町","town":"大瀬"}],"0311":[{"pref":"和歌山県","city":"西牟婁郡白浜町","town":"小房"}],"0305":[{"pref":"和歌山県","city":"西牟婁郡白浜町","town":"北谷"}],"0302":[{"pref":"和歌山県","city":"西牟婁郡白浜町","town":"上露"}],"0314":[{"pref":"和歌山県","city":"西牟婁郡白浜町","town":"里谷"}],"0304":[{"pref":"和歌山県","city":"西牟婁郡白浜町","town":"竹垣内"}],"0313":[{"pref":"和歌山県","city":"西牟婁郡白浜町","town":"玉伝"}]}