{"1100":[{"pref":"佐賀県","city":"杵島郡白石町","town":"以下に掲載がない場合"}],"1101":[{"pref":"佐賀県","city":"杵島郡白石町","town":"今泉"}],"1102":[{"pref":"佐賀県","city":"杵島郡白石町","town":"大渡"}],"1103":[{"pref":"佐賀県","city":"杵島郡白石町","town":"築切"}],"1104":[{"pref":"佐賀県","city":"杵島郡白石町","town":"堤"}],"1105":[{"pref":"佐賀県","city":"杵島郡白石町","town":"遠江"}],"1106":[{"pref":"佐賀県","city":"杵島郡白石町","town":"廿治"}],"1111":[{"pref":"佐賀県","city":"杵島郡白石町","town":"東郷"}],"1112":[{"pref":"佐賀県","city":"杵島郡白石町","town":"福田"}],"1113":[{"pref":"佐賀県","city":"杵島郡白石町","town":"福吉"}],"1114":[{"pref":"佐賀県","city":"杵島郡白石町","town":"馬洗"}],"1115":[{"pref":"佐賀県","city":"杵島郡白石町","town":"湯崎"}],"1116":[{"pref":"佐賀県","city":"杵島郡白石町","town":"横手"}],"1201":[{"pref":"佐賀県","city":"杵島郡白石町","town":"牛屋"}],"1202":[{"pref":"佐賀県","city":"杵島郡白石町","town":"新明"}],"1203":[{"pref":"佐賀県","city":"杵島郡白石町","town":"戸ケ里"}],"1204":[{"pref":"佐賀県","city":"杵島郡白石町","town":"坂田"}],"1205":[{"pref":"佐賀県","city":"杵島郡白石町","town":"田野上"}],"1206":[{"pref":"佐賀県","city":"杵島郡白石町","town":"辺田"}],"1207":[{"pref":"佐賀県","city":"杵島郡白石町","town":"深浦"}],"1208":[{"pref":"佐賀県","city":"杵島郡白石町","town":"新開"}],"1221":[{"pref":"佐賀県","city":"杵島郡白石町","town":"新拓"}],"1300":[{"pref":"佐賀県","city":"鹿島市","town":"以下に掲載がない場合"}],"1301":[{"pref":"佐賀県","city":"鹿島市","town":"常広"}],"1302":[{"pref":"佐賀県","city":"鹿島市","town":"井手"}],"1303":[{"pref":"佐賀県","city":"鹿島市","town":"森"}],"1304":[{"pref":"佐賀県","city":"鹿島市","town":"中村"}],"1311":[{"pref":"佐賀県","city":"鹿島市","town":"高津原"}],"1312":[{"pref":"佐賀県","city":"鹿島市","town":"納富分"}],"1313":[{"pref":"佐賀県","city":"鹿島市","town":"重ノ木"}],"1314":[{"pref":"佐賀県","city":"鹿島市","town":"山浦"}],"1315":[{"pref":"佐賀県","city":"鹿島市","town":"三河内"}],"1321":[{"pref":"佐賀県","city":"鹿島市","town":"古枝"}],"1322":[{"pref":"佐賀県","city":"鹿島市","town":"浜町"}],"1323":[{"pref":"佐賀県","city":"鹿島市","town":"音成"}],"1324":[{"pref":"佐賀県","city":"鹿島市","town":"飯田"}],"1401":[{"pref":"佐賀県","city":"嬉野市","town":"塩田町久間甲"}],"1402":[{"pref":"佐賀県","city":"嬉野市","town":"塩田町久間乙"}],"1403":[{"pref":"佐賀県","city":"嬉野市","town":"塩田町久間丙"}],"1404":[{"pref":"佐賀県","city":"嬉野市","town":"塩田町久間丁"}],"1411":[{"pref":"佐賀県","city":"嬉野市","town":"塩田町馬場下甲"}],"1412":[{"pref":"佐賀県","city":"嬉野市","town":"塩田町馬場下乙"}],"1413":[{"pref":"佐賀県","city":"嬉野市","town":"塩田町馬場下丙"}],"1414":[{"pref":"佐賀県","city":"嬉野市","town":"塩田町大草野甲"}],"1415":[{"pref":"佐賀県","city":"嬉野市","town":"塩田町大草野丙"}],"1416":[{"pref":"佐賀県","city":"嬉野市","town":"塩田町大草野乙"}],"1421":[{"pref":"佐賀県","city":"嬉野市","town":"塩田町真崎"}],"1422":[{"pref":"佐賀県","city":"嬉野市","town":"塩田町谷所甲"}],"1423":[{"pref":"佐賀県","city":"嬉野市","town":"塩田町谷所乙"}],"1424":[{"pref":"佐賀県","city":"嬉野市","town":"塩田町谷所丙"}],"1425":[{"pref":"佐賀県","city":"嬉野市","town":"塩田町五町田甲"}],"1426":[{"pref":"佐賀県","city":"嬉野市","town":"塩田町五町田乙"}],"1600":[{"pref":"佐賀県","city":"藤津郡太良町","town":"以下に掲載がない場合"}],"1601":[{"pref":"佐賀県","city":"藤津郡太良町","town":"伊福甲"}],"1602":[{"pref":"佐賀県","city":"藤津郡太良町","town":"多良"}],"1603":[{"pref":"佐賀県","city":"藤津郡太良町","town":"糸岐"}],"1611":[{"pref":"佐賀県","city":"藤津郡太良町","town":"大浦戊"}],"1612":[{"pref":"佐賀県","city":"藤津郡太良町","town":"大浦丁"}],"1613":[{"pref":"佐賀県","city":"藤津郡太良町","town":"大浦丙"}],"1614":[{"pref":"佐賀県","city":"藤津郡太良町","town":"大浦甲"}],"1615":[{"pref":"佐賀県","city":"藤津郡太良町","town":"大浦乙"}],"1616":[{"pref":"佐賀県","city":"藤津郡太良町","town":"大浦己"}],"2100":[{"pref":"佐賀県","city":"杵島郡大町町","town":"以下に掲載がない場合"}],"2101":[{"pref":"佐賀県","city":"杵島郡大町町","town":"大町"}],"2102":[{"pref":"佐賀県","city":"杵島郡大町町","town":"福母"}],"2201":[{"pref":"佐賀県","city":"武雄市","town":"北方町志久"}],"2202":[{"pref":"佐賀県","city":"武雄市","town":"北方町大渡"}],"2203":[{"pref":"佐賀県","city":"武雄市","town":"北方町芦原"}],"2204":[{"pref":"佐賀県","city":"武雄市","town":"北方町大崎"}],"2301":[{"pref":"佐賀県","city":"武雄市","town":"山内町犬走"}],"2302":[{"pref":"佐賀県","city":"武雄市","town":"山内町鳥海"}],"2303":[{"pref":"佐賀県","city":"武雄市","town":"山内町三間坂"}],"2304":[{"pref":"佐賀県","city":"武雄市","town":"山内町大野"}],"2305":[{"pref":"佐賀県","city":"武雄市","town":"山内町宮野"}],"2341":[{"pref":"佐賀県","city":"武雄市","town":"武内町梅野"}],"2342":[{"pref":"佐賀県","city":"武雄市","town":"武内町真手野"}],"3101":[{"pref":"佐賀県","city":"唐津市","town":"厳木町天川"}],"3102":[{"pref":"佐賀県","city":"唐津市","town":"厳木町鳥越"}],"3103":[{"pref":"佐賀県","city":"唐津市","town":"厳木町広川"}],"3104":[{"pref":"佐賀県","city":"唐津市","town":"厳木町星領"}],"3111":[{"pref":"佐賀県","city":"唐津市","town":"厳木町広瀬"}],"3112":[{"pref":"佐賀県","city":"唐津市","town":"厳木町中島"}],"3113":[{"pref":"佐賀県","city":"唐津市","town":"厳木町牧瀬"}],"3114":[{"pref":"佐賀県","city":"唐津市","town":"厳木町浦川内"}],"3115":[{"pref":"佐賀県","city":"唐津市","town":"厳木町平之"}],"3121":[{"pref":"佐賀県","city":"唐津市","town":"厳木町瀬戸木場"}],"3122":[{"pref":"佐賀県","city":"唐津市","town":"厳木町浪瀬"}],"3123":[{"pref":"佐賀県","city":"唐津市","town":"厳木町岩屋"}],"3131":[{"pref":"佐賀県","city":"唐津市","town":"厳木町厳木"}],"3132":[{"pref":"佐賀県","city":"唐津市","town":"厳木町うつぼ木"}],"3133":[{"pref":"佐賀県","city":"唐津市","town":"厳木町本山"}],"3201":[{"pref":"佐賀県","city":"唐津市","town":"相知町相知"}],"3202":[{"pref":"佐賀県","city":"唐津市","town":"相知町平山下"}],"3203":[{"pref":"佐賀県","city":"唐津市","town":"相知町平山上"}],"3211":[{"pref":"佐賀県","city":"唐津市","town":"相知町千束"}],"3212":[{"pref":"佐賀県","city":"唐津市","town":"相知町横枕"}],"3213":[{"pref":"佐賀県","city":"唐津市","town":"相知町湯屋"}],"3214":[{"pref":"佐賀県","city":"唐津市","town":"相知町田頭"}],"3215":[{"pref":"佐賀県","city":"唐津市","town":"相知町楠"}],"3216":[{"pref":"佐賀県","city":"唐津市","town":"相知町町切"}],"3217":[{"pref":"佐賀県","city":"唐津市","town":"相知町長部田"}],"3218":[{"pref":"佐賀県","city":"唐津市","town":"相知町中山"}],"3219":[{"pref":"佐賀県","city":"唐津市","town":"相知町鷹取"}],"3221":[{"pref":"佐賀県","city":"唐津市","town":"相知町大野"}],"3222":[{"pref":"佐賀県","city":"唐津市","town":"相知町黒岩"}],"3223":[{"pref":"佐賀県","city":"唐津市","town":"相知町伊岐佐"}],"3224":[{"pref":"佐賀県","city":"唐津市","town":"相知町山崎"}],"3231":[{"pref":"佐賀県","city":"唐津市","town":"相知町牟田部"}],"3232":[{"pref":"佐賀県","city":"唐津市","town":"相知町久保"}],"3233":[{"pref":"佐賀県","city":"唐津市","town":"相知町佐里"}],"4141":[{"pref":"佐賀県","city":"西松浦郡有田町","town":"二ノ瀬"}],"4142":[{"pref":"佐賀県","city":"西松浦郡有田町","town":"山谷牧"}],"4143":[{"pref":"佐賀県","city":"西松浦郡有田町","town":"下山谷"}],"4144":[{"pref":"佐賀県","city":"西松浦郡有田町","town":"上山谷"}],"4145":[{"pref":"佐賀県","city":"西松浦郡有田町","town":"山谷切口"}],"4146":[{"pref":"佐賀県","city":"西松浦郡有田町","town":"岳"}],"4151":[{"pref":"佐賀県","city":"西松浦郡有田町","town":"広瀬山"}],"4152":[{"pref":"佐賀県","city":"西松浦郡有田町","town":"広瀬"}],"4153":[{"pref":"佐賀県","city":"西松浦郡有田町","town":"立部"}],"4154":[{"pref":"佐賀県","city":"西松浦郡有田町","town":"大木宿"}],"4155":[{"pref":"佐賀県","city":"西松浦郡有田町","town":"山本"}],"4156":[{"pref":"佐賀県","city":"西松浦郡有田町","town":"桑木原"}],"4161":[{"pref":"佐賀県","city":"西松浦郡有田町","town":"蔵宿"}],"4162":[{"pref":"佐賀県","city":"西松浦郡有田町","town":"上内野"}],"4163":[{"pref":"佐賀県","city":"西松浦郡有田町","town":"下内野"}],"4164":[{"pref":"佐賀県","city":"西松浦郡有田町","town":"仏ノ原"}],"4165":[{"pref":"佐賀県","city":"西松浦郡有田町","town":"黒川"}],"4166":[{"pref":"佐賀県","city":"西松浦郡有田町","town":"北ノ川内"}],"4171":[{"pref":"佐賀県","city":"西松浦郡有田町","town":"代々木"}],"4172":[{"pref":"佐賀県","city":"西松浦郡有田町","town":"下本"}],"4173":[{"pref":"佐賀県","city":"西松浦郡有田町","town":"舞原"}],"4174":[{"pref":"佐賀県","city":"西松浦郡有田町","town":"上本"}],"4175":[{"pref":"佐賀県","city":"西松浦郡有田町","town":"楠木原"}],"4176":[{"pref":"佐賀県","city":"西松浦郡有田町","town":"原明"}],"4251":[{"pref":"佐賀県","city":"伊万里市","town":"山代町楠久"}],"4252":[{"pref":"佐賀県","city":"伊万里市","town":"山代町楠久津"}],"4253":[{"pref":"佐賀県","city":"伊万里市","town":"山代町峰"}],"4254":[{"pref":"佐賀県","city":"伊万里市","town":"山代町城"}],"4255":[{"pref":"佐賀県","city":"伊万里市","town":"山代町福川内"}],"4256":[{"pref":"佐賀県","city":"伊万里市","town":"山代町久原"}],"4261":[{"pref":"佐賀県","city":"伊万里市","town":"山代町立岩"}],"4262":[{"pref":"佐賀県","city":"伊万里市","town":"山代町西分"}],"4263":[{"pref":"佐賀県","city":"伊万里市","town":"山代町西大久保"}],"4264":[{"pref":"佐賀県","city":"伊万里市","town":"山代町東分"}],"4271":[{"pref":"佐賀県","city":"伊万里市","town":"東山代町長浜"}],"4272":[{"pref":"佐賀県","city":"伊万里市","town":"東山代町日尾"}],"4273":[{"pref":"佐賀県","city":"伊万里市","town":"東山代町天神"}],"4274":[{"pref":"佐賀県","city":"伊万里市","town":"東山代町脇野"}],"4281":[{"pref":"佐賀県","city":"伊万里市","town":"東山代町大久保"}],"4282":[{"pref":"佐賀県","city":"伊万里市","town":"東山代町里"}],"4283":[{"pref":"佐賀県","city":"伊万里市","town":"東山代町東大久保"}],"4284":[{"pref":"佐賀県","city":"伊万里市","town":"東山代町浦川内"}],"4285":[{"pref":"佐賀県","city":"伊万里市","town":"東山代町滝川内"}],"4286":[{"pref":"佐賀県","city":"伊万里市","town":"東山代町川内野"}],"5101":[{"pref":"佐賀県","city":"唐津市","town":"浜玉町岡口"}],"5102":[{"pref":"佐賀県","city":"唐津市","town":"浜玉町五反田"}],"5103":[{"pref":"佐賀県","city":"唐津市","town":"浜玉町大江"}],"5104":[{"pref":"佐賀県","city":"唐津市","town":"浜玉町渕上"}],"5105":[{"pref":"佐賀県","city":"唐津市","town":"浜玉町谷口"}],"5111":[{"pref":"佐賀県","city":"唐津市","town":"浜玉町南山"}],"5112":[{"pref":"佐賀県","city":"唐津市","town":"浜玉町平原"}],"5113":[{"pref":"佐賀県","city":"唐津市","town":"浜玉町鳥巣"}],"5121":[{"pref":"佐賀県","city":"唐津市","town":"浜玉町横田上"}],"5122":[{"pref":"佐賀県","city":"唐津市","town":"浜玉町横田下"}],"5123":[{"pref":"佐賀県","city":"唐津市","town":"浜玉町東山田"}],"5124":[{"pref":"佐賀県","city":"唐津市","town":"浜玉町山瀬"}],"5131":[{"pref":"佐賀県","city":"唐津市","town":"浜玉町浜崎"}],"5251":[{"pref":"佐賀県","city":"伊万里市","town":"大川町大川野"}],"5252":[{"pref":"佐賀県","city":"伊万里市","town":"大川町川西"}],"5253":[{"pref":"佐賀県","city":"伊万里市","town":"大川町駒鳴"}],"5254":[{"pref":"佐賀県","city":"伊万里市","town":"大川町立川"}],"5255":[{"pref":"佐賀県","city":"伊万里市","town":"大川町山口"}],"5256":[{"pref":"佐賀県","city":"伊万里市","town":"大川町東田代"}],"5257":[{"pref":"佐賀県","city":"伊万里市","town":"大川町川原"}],"5261":[{"pref":"佐賀県","city":"伊万里市","town":"松浦町桃川"}],"5262":[{"pref":"佐賀県","city":"伊万里市","town":"松浦町中野原"}],"5263":[{"pref":"佐賀県","city":"伊万里市","town":"松浦町山形"}],"5264":[{"pref":"佐賀県","city":"伊万里市","town":"松浦町提川"}],"0000":[{"pref":"佐賀県","city":"佐賀市","town":"以下に掲載がない場合"}],"0933":[{"pref":"佐賀県","city":"佐賀市","town":"卸本町"}],"0934":[{"pref":"佐賀県","city":"佐賀市","town":"開成"}],"0906":[{"pref":"佐賀県","city":"佐賀市","town":"金立町金立"}],"0905":[{"pref":"佐賀県","city":"佐賀市","town":"金立町千布"}],"0904":[{"pref":"佐賀県","city":"佐賀市","town":"金立町薬師丸"}],"0902":[{"pref":"佐賀県","city":"佐賀市","town":"久保泉町上和泉"}],"0901":[{"pref":"佐賀県","city":"佐賀市","town":"久保泉町川久保"}],"0903":[{"pref":"佐賀県","city":"佐賀市","town":"久保泉町下和泉"}],"0205":[{"pref":"佐賀県","city":"佐賀市","town":"久保田町江戸"}],"0204":[{"pref":"佐賀県","city":"佐賀市","town":"久保田町久保田"}],"0203":[{"pref":"佐賀県","city":"佐賀市","town":"久保田町新田"}],"0201":[{"pref":"佐賀県","city":"佐賀市","town":"久保田町徳万"}],"0202":[{"pref":"佐賀県","city":"佐賀市","town":"久保田町久富"}],"0924":[{"pref":"佐賀県","city":"佐賀市","town":"新中町"}],"0927":[{"pref":"佐賀県","city":"佐賀市","town":"高木瀬団地"}],"0922":[{"pref":"佐賀県","city":"佐賀市","town":"高木瀬東"}],"0921":[{"pref":"佐賀県","city":"佐賀市","town":"高木瀬西"}],"0917":[{"pref":"佐賀県","city":"佐賀市","town":"高木瀬町長瀬"}],"0916":[{"pref":"佐賀県","city":"佐賀市","town":"高木瀬町東高木"}],"0937":[{"pref":"佐賀県","city":"佐賀市","town":"鍋島"}],"0931":[{"pref":"佐賀県","city":"佐賀市","town":"鍋島町蛎久"}],"0938":[{"pref":"佐賀県","city":"佐賀市","town":"鍋島町鍋島"}],"0936":[{"pref":"佐賀県","city":"佐賀市","town":"鍋島町森田"}],"0932":[{"pref":"佐賀県","city":"佐賀市","town":"鍋島町八戸溝"}],"0925":[{"pref":"佐賀県","city":"佐賀市","town":"八丁畷町"}],"0923":[{"pref":"佐賀県","city":"佐賀市","town":"日の出"}],"0912":[{"pref":"佐賀県","city":"佐賀市","town":"兵庫町瓦町"}],"0915":[{"pref":"佐賀県","city":"佐賀市","town":"兵庫町藤木"}],"0914":[{"pref":"佐賀県","city":"佐賀市","town":"兵庫町西渕"}],"0913":[{"pref":"佐賀県","city":"佐賀市","town":"兵庫町渕"}],"0911":[{"pref":"佐賀県","city":"佐賀市","town":"兵庫町若宮"}],"0919":[{"pref":"佐賀県","city":"佐賀市","town":"兵庫北"}],"0918":[{"pref":"佐賀県","city":"佐賀市","town":"兵庫南"}],"0935":[{"pref":"佐賀県","city":"佐賀市","town":"八戸溝"}],"0928":[{"pref":"佐賀県","city":"佐賀市","town":"若楠"}],"0926":[{"pref":"佐賀県","city":"佐賀市","town":"若宮"}],"0311":[{"pref":"佐賀県","city":"小城市","town":"芦刈町芦溝"}],"0312":[{"pref":"佐賀県","city":"小城市","town":"芦刈町下古賀"}],"0316":[{"pref":"佐賀県","city":"小城市","town":"芦刈町道免"}],"0313":[{"pref":"佐賀県","city":"小城市","town":"芦刈町永田"}],"0315":[{"pref":"佐賀県","city":"小城市","town":"芦刈町浜枝川"}],"0314":[{"pref":"佐賀県","city":"小城市","town":"芦刈町三王崎"}],"0303":[{"pref":"佐賀県","city":"小城市","town":"牛津町牛津"}],"0301":[{"pref":"佐賀県","city":"小城市","town":"牛津町乙柳"}],"0302":[{"pref":"佐賀県","city":"小城市","town":"牛津町柿樋瀬"}],"0306":[{"pref":"佐賀県","city":"小城市","town":"牛津町勝"}],"0305":[{"pref":"佐賀県","city":"小城市","town":"牛津町上砥川"}],"0304":[{"pref":"佐賀県","city":"小城市","town":"牛津町下砥川"}],"0100":[{"pref":"佐賀県","city":"三養基郡上峰町","town":"以下に掲載がない場合"},{"pref":"佐賀県","city":"三養基郡みやき町","town":"以下に掲載がない場合"}],"0121":[{"pref":"佐賀県","city":"三養基郡上峰町","town":"江迎"}],"0124":[{"pref":"佐賀県","city":"三養基郡上峰町","town":"堤"}],"0123":[{"pref":"佐賀県","city":"三養基郡上峰町","town":"坊所"}],"0122":[{"pref":"佐賀県","city":"三養基郡上峰町","town":"前牟田"}],"0112":[{"pref":"佐賀県","city":"三養基郡みやき町","town":"江口"}],"0111":[{"pref":"佐賀県","city":"三養基郡みやき町","town":"白壁"}],"0114":[{"pref":"佐賀県","city":"三養基郡みやき町","town":"中津隈"}],"0101":[{"pref":"佐賀県","city":"三養基郡みやき町","town":"原古賀"}],"0113":[{"pref":"佐賀県","city":"三養基郡みやき町","town":"東尾"}],"0102":[{"pref":"佐賀県","city":"三養基郡みやき町","town":"簑原"}],"0500":[{"pref":"佐賀県","city":"杵島郡江北町","town":"以下に掲載がない場合"}],"0506":[{"pref":"佐賀県","city":"杵島郡江北町","town":"上小田"}],"0502":[{"pref":"佐賀県","city":"杵島郡江北町","town":"佐留志"}],"0505":[{"pref":"佐賀県","city":"杵島郡江北町","town":"下小田"}],"0503":[{"pref":"佐賀県","city":"杵島郡江北町","town":"惣領分"}],"0504":[{"pref":"佐賀県","city":"杵島郡江北町","town":"八町"}],"0501":[{"pref":"佐賀県","city":"杵島郡江北町","town":"山口"}],"0403":[{"pref":"佐賀県","city":"杵島郡白石町","town":"八平"}],"0401":[{"pref":"佐賀県","city":"杵島郡白石町","town":"福富"}],"0402":[{"pref":"佐賀県","city":"杵島郡白石町","town":"福富下分"}]}