{"0000":[{"pref":"神奈川県","city":"横浜市旭区","town":"以下に掲載がない場合"}],"0014":[{"pref":"神奈川県","city":"横浜市旭区","town":"市沢町"}],"0033":[{"pref":"神奈川県","city":"横浜市旭区","town":"今川町"}],"0817":[{"pref":"神奈川県","city":"横浜市旭区","town":"今宿"}],"0032":[{"pref":"神奈川県","city":"横浜市旭区","town":"今宿東町"}],"0031":[{"pref":"神奈川県","city":"横浜市旭区","town":"今宿西町"}],"0034":[{"pref":"神奈川県","city":"横浜市旭区","town":"今宿南町"}],"0813":[{"pref":"神奈川県","city":"横浜市旭区","town":"今宿町"}],"0834":[{"pref":"神奈川県","city":"横浜市旭区","town":"大池町"}],"0015":[{"pref":"神奈川県","city":"横浜市旭区","town":"小高町"}],"0835":[{"pref":"神奈川県","city":"横浜市旭区","town":"柏町"}],"0812":[{"pref":"神奈川県","city":"横浜市旭区","town":"金が谷"}],"0802":[{"pref":"神奈川県","city":"横浜市旭区","town":"上川井町"}],"0002":[{"pref":"神奈川県","city":"横浜市旭区","town":"上白根"}],"0001":[{"pref":"神奈川県","city":"横浜市旭区","town":"上白根町"}],"0804":[{"pref":"神奈川県","city":"横浜市旭区","town":"川井宿町"}],"0803":[{"pref":"神奈川県","city":"横浜市旭区","town":"川井本町"}],"0011":[{"pref":"神奈川県","city":"横浜市旭区","town":"川島町"}],"0832":[{"pref":"神奈川県","city":"横浜市旭区","town":"桐が作"}],"0831":[{"pref":"神奈川県","city":"横浜市旭区","town":"左近山"}],"0816":[{"pref":"神奈川県","city":"横浜市旭区","town":"笹野台"}],"0822":[{"pref":"神奈川県","city":"横浜市旭区","town":"さちが丘"}],"0013":[{"pref":"神奈川県","city":"横浜市旭区","town":"三反田町"}],"0025":[{"pref":"神奈川県","city":"横浜市旭区","town":"四季美台"}],"0806":[{"pref":"神奈川県","city":"横浜市旭区","town":"下川井町"}],"0005":[{"pref":"神奈川県","city":"横浜市旭区","town":"白根"}],"0003":[{"pref":"神奈川県","city":"横浜市旭区","town":"白根町"}],"0823":[{"pref":"神奈川県","city":"横浜市旭区","town":"善部町"}],"0805":[{"pref":"神奈川県","city":"横浜市旭区","town":"都岡町"}],"0022":[{"pref":"神奈川県","city":"横浜市旭区","town":"鶴ケ峰"}],"0021":[{"pref":"神奈川県","city":"横浜市旭区","town":"鶴ケ峰本町"}],"0815":[{"pref":"神奈川県","city":"横浜市旭区","town":"中尾"}],"0825":[{"pref":"神奈川県","city":"横浜市旭区","town":"中希望が丘"}],"0814":[{"pref":"神奈川県","city":"横浜市旭区","town":"中沢"}],"0004":[{"pref":"神奈川県","city":"横浜市旭区","town":"中白根"}],"0012":[{"pref":"神奈川県","city":"横浜市旭区","town":"西川島町"}],"0826":[{"pref":"神奈川県","city":"横浜市旭区","town":"東希望が丘"}],"0821":[{"pref":"神奈川県","city":"横浜市旭区","town":"二俣川"}],"0023":[{"pref":"神奈川県","city":"横浜市旭区","town":"本宿町"}],"0024":[{"pref":"神奈川県","city":"横浜市旭区","town":"本村町"}],"0836":[{"pref":"神奈川県","city":"横浜市旭区","town":"万騎が原"}],"0824":[{"pref":"神奈川県","city":"横浜市旭区","town":"南希望が丘"}],"0833":[{"pref":"神奈川県","city":"横浜市旭区","town":"南本宿町"}],"0811":[{"pref":"神奈川県","city":"横浜市旭区","town":"矢指町"}],"0801":[{"pref":"神奈川県","city":"横浜市旭区","town":"若葉台"}]}