{"0000":[{"pref":"長野県","city":"中野市","town":"以下に掲載がない場合"}],"0004":[{"pref":"長野県","city":"中野市","town":"赤岩"}],"0066":[{"pref":"長野県","city":"中野市","town":"厚貝"}],"0064":[{"pref":"長野県","city":"中野市","town":"新井"}],"0052":[{"pref":"長野県","city":"中野市","town":"安源寺"}],"0012":[{"pref":"長野県","city":"中野市","town":"一本木"}],"0001":[{"pref":"長野県","city":"中野市","town":"岩井"}],"0041":[{"pref":"長野県","city":"中野市","town":"岩船"}],"0055":[{"pref":"長野県","city":"中野市","town":"牛出"}],"0045":[{"pref":"長野県","city":"中野市","town":"江部"}],"0057":[{"pref":"長野県","city":"中野市","town":"大俣"}],"0023":[{"pref":"長野県","city":"中野市","town":"小舘"}],"0062":[{"pref":"長野県","city":"中野市","town":"笠原"}],"0046":[{"pref":"長野県","city":"中野市","town":"片塩"}],"0008":[{"pref":"長野県","city":"中野市","town":"金井"}],"0053":[{"pref":"長野県","city":"中野市","town":"草間"}],"0056":[{"pref":"長野県","city":"中野市","town":"栗林"}],"0005":[{"pref":"長野県","city":"中野市","town":"越"}],"0037":[{"pref":"長野県","city":"中野市","town":"小田中"}],"0044":[{"pref":"長野県","city":"中野市","town":"桜沢"}],"0032":[{"pref":"長野県","city":"中野市","town":"更科"}],"0035":[{"pref":"長野県","city":"中野市","town":"篠井"}],"0034":[{"pref":"長野県","city":"中野市","town":"新野"}],"0036":[{"pref":"長野県","city":"中野市","town":"新保"}],"0014":[{"pref":"長野県","city":"中野市","town":"諏訪町"}],"0002":[{"pref":"長野県","city":"中野市","town":"田上（その他）"}],"0007":[{"pref":"長野県","city":"中野市","town":"竹原"}],"0054":[{"pref":"長野県","city":"中野市","town":"立ケ花"}],"0065":[{"pref":"長野県","city":"中野市","town":"田麦"}],"0022":[{"pref":"長野県","city":"中野市","town":"中央"}],"0013":[{"pref":"長野県","city":"中野市","town":"中野"}],"0051":[{"pref":"長野県","city":"中野市","town":"七瀬"}],"0031":[{"pref":"長野県","city":"中野市","town":"南宮"}],"0021":[{"pref":"長野県","city":"中野市","town":"西"}],"0042":[{"pref":"長野県","city":"中野市","town":"西条"}],"0024":[{"pref":"長野県","city":"中野市","town":"東山"}],"0006":[{"pref":"長野県","city":"中野市","town":"深沢"}],"0061":[{"pref":"長野県","city":"中野市","town":"壁田"}],"0063":[{"pref":"長野県","city":"中野市","town":"間長瀬"}],"0033":[{"pref":"長野県","city":"中野市","town":"間山"}],"0043":[{"pref":"長野県","city":"中野市","town":"三ツ和"}],"0025":[{"pref":"長野県","city":"中野市","town":"三好町"}],"0003":[{"pref":"長野県","city":"中野市","town":"柳沢"}],"0015":[{"pref":"長野県","city":"中野市","town":"吉田"}],"0011":[{"pref":"長野県","city":"中野市","town":"若宮"}]}