{"1760":[{"pref":"徳島県","city":"阿南市","town":"伊島町"}],"0000":[{"pref":"徳島県","city":"阿南市","town":"以下に掲載がない場合"}],"0022":[{"pref":"徳島県","city":"阿南市","town":"大潟町"}],"0014":[{"pref":"徳島県","city":"阿南市","town":"学原町"}],"0049":[{"pref":"徳島県","city":"阿南市","town":"上大野町"}],"0044":[{"pref":"徳島県","city":"阿南市","town":"上中町"}],"0006":[{"pref":"徳島県","city":"阿南市","town":"黒津地町"}],"0015":[{"pref":"徳島県","city":"阿南市","town":"才見町"}],"0009":[{"pref":"徳島県","city":"阿南市","town":"西路見町"}],"0047":[{"pref":"徳島県","city":"阿南市","town":"下大野町"}],"0041":[{"pref":"徳島県","city":"阿南市","town":"住吉町"}],"0045":[{"pref":"徳島県","city":"阿南市","town":"宝田町"}],"0023":[{"pref":"徳島県","city":"阿南市","town":"橘町（その他）"}],"0001":[{"pref":"徳島県","city":"阿南市","town":"辰巳町"}],"0021":[{"pref":"徳島県","city":"阿南市","town":"津乃峰町"}],"0007":[{"pref":"徳島県","city":"阿南市","town":"出来町"}],"0030":[{"pref":"徳島県","city":"阿南市","town":"富岡町"}],"0002":[{"pref":"徳島県","city":"阿南市","town":"豊益町"}],"0046":[{"pref":"徳島県","city":"阿南市","town":"長生町"}],"0048":[{"pref":"徳島県","city":"阿南市","town":"中大野町"}],"0016":[{"pref":"徳島県","city":"阿南市","town":"中林町"}],"0012":[{"pref":"徳島県","city":"阿南市","town":"七見町"}],"0008":[{"pref":"徳島県","city":"阿南市","town":"原ケ崎町"}],"0003":[{"pref":"徳島県","city":"阿南市","town":"畭町"}],"0013":[{"pref":"徳島県","city":"阿南市","town":"日開野町"}],"0004":[{"pref":"徳島県","city":"阿南市","town":"福村町"}],"0017":[{"pref":"徳島県","city":"阿南市","town":"見能林町"}],"0005":[{"pref":"徳島県","city":"阿南市","town":"向原町"}],"0043":[{"pref":"徳島県","city":"阿南市","town":"柳島町"}],"0042":[{"pref":"徳島県","city":"阿南市","town":"横見町"}],"0011":[{"pref":"徳島県","city":"阿南市","town":"領家町"}]}