{"8001":[{"pref":"北海道","city":"旭川市","town":"神楽１条"}],"8002":[{"pref":"北海道","city":"旭川市","town":"神楽２条"}],"8003":[{"pref":"北海道","city":"旭川市","town":"神楽３条"}],"8004":[{"pref":"北海道","city":"旭川市","town":"神楽４条"}],"8005":[{"pref":"北海道","city":"旭川市","town":"神楽５条"}],"8006":[{"pref":"北海道","city":"旭川市","town":"神楽６条"}],"8007":[{"pref":"北海道","city":"旭川市","town":"神楽７条"}],"8011":[{"pref":"北海道","city":"旭川市","town":"神居１条"}],"8012":[{"pref":"北海道","city":"旭川市","town":"神居２条"}],"8013":[{"pref":"北海道","city":"旭川市","town":"神居３条"}],"8014":[{"pref":"北海道","city":"旭川市","town":"神居４条"}],"8015":[{"pref":"北海道","city":"旭川市","town":"神居５条"}],"8016":[{"pref":"北海道","city":"旭川市","town":"神居６条"}],"8017":[{"pref":"北海道","city":"旭川市","town":"神居７条"}],"8018":[{"pref":"北海道","city":"旭川市","town":"神居８条"}],"8019":[{"pref":"北海道","city":"旭川市","town":"神居９条"}],"8021":[{"pref":"北海道","city":"旭川市","town":"神居町忠和"}],"8022":[{"pref":"北海道","city":"旭川市","town":"神居町台場"}],"8023":[{"pref":"北海道","city":"旭川市","town":"神居町春志内"}],"8024":[{"pref":"北海道","city":"旭川市","town":"神居町富沢"}],"8025":[{"pref":"北海道","city":"旭川市","town":"神居町富岡"}],"8026":[{"pref":"北海道","city":"旭川市","town":"神居町神岡"}],"8027":[{"pref":"北海道","city":"旭川市","town":"台場東"}],"8028":[{"pref":"北海道","city":"旭川市","town":"南が丘"}],"8031":[{"pref":"北海道","city":"旭川市","town":"神居町神華"}],"8032":[{"pref":"北海道","city":"旭川市","town":"神居町共栄"}],"8033":[{"pref":"北海道","city":"旭川市","town":"神居町雨紛"}],"8034":[{"pref":"北海道","city":"旭川市","town":"神居町上雨紛"}],"8041":[{"pref":"北海道","city":"旭川市","town":"忠和１条"}],"8042":[{"pref":"北海道","city":"旭川市","town":"忠和２条"}],"8043":[{"pref":"北海道","city":"旭川市","town":"忠和３条"}],"8044":[{"pref":"北海道","city":"旭川市","town":"忠和４条"}],"8045":[{"pref":"北海道","city":"旭川市","town":"忠和５条"}],"8046":[{"pref":"北海道","city":"旭川市","town":"忠和６条"}],"8047":[{"pref":"北海道","city":"旭川市","town":"忠和７条"}],"8048":[{"pref":"北海道","city":"旭川市","town":"忠和８条"}],"8049":[{"pref":"北海道","city":"旭川市","town":"忠和９条"}],"8051":[{"pref":"北海道","city":"旭川市","town":"江丹別町嵐山"}],"8052":[{"pref":"北海道","city":"旭川市","town":"江丹別町春日"}],"8053":[{"pref":"北海道","city":"旭川市","town":"江丹別町共和"}],"8061":[{"pref":"北海道","city":"旭川市","town":"高砂台"}],"8071":[{"pref":"北海道","city":"旭川市","town":"台場１条"}],"8072":[{"pref":"北海道","city":"旭川市","town":"台場２条"}],"8073":[{"pref":"北海道","city":"旭川市","town":"台場３条"}],"8074":[{"pref":"北海道","city":"旭川市","town":"台場４条"}],"0000":[{"pref":"北海道","city":"旭川市","town":"以下に掲載がない場合"}],"0072":[{"pref":"北海道","city":"旭川市","town":"曙北２条"}],"0073":[{"pref":"北海道","city":"旭川市","town":"曙北３条"}],"0061":[{"pref":"北海道","city":"旭川市","town":"曙１条"}],"0062":[{"pref":"北海道","city":"旭川市","town":"曙２条"}],"0063":[{"pref":"北海道","city":"旭川市","town":"曙３条"}],"0822":[{"pref":"北海道","city":"旭川市","town":"旭岡"}],"0831":[{"pref":"北海道","city":"旭川市","town":"旭町１条"}],"0832":[{"pref":"北海道","city":"旭川市","town":"旭町２条"}],"0841":[{"pref":"北海道","city":"旭川市","town":"大町１条"}],"0842":[{"pref":"北海道","city":"旭川市","town":"大町２条"}],"0843":[{"pref":"北海道","city":"旭川市","town":"大町３条"}],"0041":[{"pref":"北海道","city":"旭川市","town":"上常盤町"}],"0081":[{"pref":"北海道","city":"旭川市","town":"亀吉１条"}],"0082":[{"pref":"北海道","city":"旭川市","town":"亀吉２条"}],"0083":[{"pref":"北海道","city":"旭川市","town":"亀吉３条"}],"0811":[{"pref":"北海道","city":"旭川市","town":"川端町１条"}],"0812":[{"pref":"北海道","city":"旭川市","town":"川端町２条"}],"0813":[{"pref":"北海道","city":"旭川市","town":"川端町３条"}],"0814":[{"pref":"北海道","city":"旭川市","town":"川端町４条"}],"0815":[{"pref":"北海道","city":"旭川市","town":"川端町５条"}],"0816":[{"pref":"北海道","city":"旭川市","town":"川端町６条"}],"0817":[{"pref":"北海道","city":"旭川市","town":"川端町７条"}],"0029":[{"pref":"北海道","city":"旭川市","town":"金星町"}],"0871":[{"pref":"北海道","city":"旭川市","town":"春光１条"}],"0872":[{"pref":"北海道","city":"旭川市","town":"春光２条"}],"0873":[{"pref":"北海道","city":"旭川市","town":"春光３条"}],"0874":[{"pref":"北海道","city":"旭川市","town":"春光４条"}],"0875":[{"pref":"北海道","city":"旭川市","town":"春光５条"}],"0876":[{"pref":"北海道","city":"旭川市","town":"春光６条"}],"0877":[{"pref":"北海道","city":"旭川市","town":"春光７条"}],"0902":[{"pref":"北海道","city":"旭川市","town":"春光町"}],"0014":[{"pref":"北海道","city":"旭川市","town":"新星町"}],"0001":[{"pref":"北海道","city":"旭川市","town":"新富１条"}],"0002":[{"pref":"北海道","city":"旭川市","town":"新富２条"}],"0003":[{"pref":"北海道","city":"旭川市","town":"新富３条"}],"0864":[{"pref":"北海道","city":"旭川市","town":"住吉４条"}],"0865":[{"pref":"北海道","city":"旭川市","town":"住吉５条"}],"0866":[{"pref":"北海道","city":"旭川市","town":"住吉６条"}],"0867":[{"pref":"北海道","city":"旭川市","town":"住吉７条"}],"0010":[{"pref":"北海道","city":"旭川市","town":"大雪通"}],"0821":[{"pref":"北海道","city":"旭川市","town":"近文町"}],"0044":[{"pref":"北海道","city":"旭川市","town":"常磐公園"}],"0043":[{"pref":"北海道","city":"旭川市","town":"常盤通"}],"0042":[{"pref":"北海道","city":"旭川市","town":"中常盤町"}],"0824":[{"pref":"北海道","city":"旭川市","town":"錦町"}],"0901":[{"pref":"北海道","city":"旭川市","town":"花咲町"}],"0013":[{"pref":"北海道","city":"旭川市","town":"パルプ町"}],"0011":[{"pref":"北海道","city":"旭川市","town":"パルプ町１条"}],"0012":[{"pref":"北海道","city":"旭川市","town":"パルプ町２条"}],"0021":[{"pref":"北海道","city":"旭川市","town":"東１条"}],"0022":[{"pref":"北海道","city":"旭川市","town":"東２条"}],"0023":[{"pref":"北海道","city":"旭川市","town":"東３条"}],"0024":[{"pref":"北海道","city":"旭川市","town":"東４条"}],"0025":[{"pref":"北海道","city":"旭川市","town":"東５条"}],"0026":[{"pref":"北海道","city":"旭川市","town":"東６条"}],"0027":[{"pref":"北海道","city":"旭川市","town":"東７条"}],"0028":[{"pref":"北海道","city":"旭川市","town":"東８条"}],"0825":[{"pref":"北海道","city":"旭川市","town":"北門町"}],"0823":[{"pref":"北海道","city":"旭川市","town":"緑町"}],"0030":[{"pref":"北海道","city":"旭川市","town":"宮下通（１～１７丁目）"}],"0810":[{"pref":"北海道","city":"旭川市","town":"本町"}],"0971":[{"pref":"北海道","city":"旭川市","town":"４区１条"}],"0972":[{"pref":"北海道","city":"旭川市","town":"４区２条"}],"0973":[{"pref":"北海道","city":"旭川市","town":"４区３条"}],"0031":[{"pref":"北海道","city":"旭川市","town":"１条通（１～１７丁目）"}],"0032":[{"pref":"北海道","city":"旭川市","town":"２条通（１～１７丁目）"}],"0052":[{"pref":"北海道","city":"旭川市","town":"２条西"}],"0033":[{"pref":"北海道","city":"旭川市","town":"３条通（１～１７丁目）"}],"0053":[{"pref":"北海道","city":"旭川市","town":"３条西"}],"0034":[{"pref":"北海道","city":"旭川市","town":"４条通（１～１７丁目）"}],"0054":[{"pref":"北海道","city":"旭川市","town":"４条西"}],"0035":[{"pref":"北海道","city":"旭川市","town":"５条通（１～１７丁目）"}],"0055":[{"pref":"北海道","city":"旭川市","town":"５条西"}],"0036":[{"pref":"北海道","city":"旭川市","town":"６条通（１～１７丁目）"}],"0056":[{"pref":"北海道","city":"旭川市","town":"６条西"}],"0037":[{"pref":"北海道","city":"旭川市","town":"７条通（１～１７丁目）"}],"0057":[{"pref":"北海道","city":"旭川市","town":"７条西"}],"0038":[{"pref":"北海道","city":"旭川市","town":"８条通（１～１７丁目）"}],"0058":[{"pref":"北海道","city":"旭川市","town":"８条西"}],"0039":[{"pref":"北海道","city":"旭川市","town":"９条通（１～１７丁目）"}],"0059":[{"pref":"北海道","city":"旭川市","town":"９条西"}],"0040":[{"pref":"北海道","city":"旭川市","town":"１０条通（８～１７丁目）"}]}