{"0066":[{"pref":"千葉県","city":"船橋市","town":"大穴町"}],"0067":[{"pref":"千葉県","city":"船橋市","town":"大穴南"}],"0068":[{"pref":"千葉県","city":"船橋市","town":"大穴北"}],"0082":[{"pref":"千葉県","city":"船橋市","town":"大神保町"}],"0054":[{"pref":"千葉県","city":"船橋市","town":"金堀町"}],"0055":[{"pref":"千葉県","city":"船橋市","town":"楠が山町"}],"0051":[{"pref":"千葉県","city":"船橋市","town":"車方町"}],"0801":[{"pref":"千葉県","city":"船橋市","town":"高野台"}],"0081":[{"pref":"千葉県","city":"船橋市","town":"小野田町"}],"0061":[{"pref":"千葉県","city":"船橋市","town":"古和釜町"}],"0807":[{"pref":"千葉県","city":"船橋市","town":"咲が丘"}],"0816":[{"pref":"千葉県","city":"船橋市","town":"芝山"}],"0814":[{"pref":"千葉県","city":"船橋市","town":"新高根"}],"0056":[{"pref":"千葉県","city":"船橋市","town":"神保町"}],"0052":[{"pref":"千葉県","city":"船橋市","town":"鈴身町"}],"0065":[{"pref":"千葉県","city":"船橋市","town":"高根台"}],"0817":[{"pref":"千葉県","city":"船橋市","town":"高根町"}],"0074":[{"pref":"千葉県","city":"船橋市","town":"滝台"}],"0075":[{"pref":"千葉県","city":"船橋市","town":"滝台町"}],"0073":[{"pref":"千葉県","city":"船橋市","town":"田喜野井"}],"0062":[{"pref":"千葉県","city":"船橋市","town":"坪井町"}],"0060":[{"pref":"千葉県","city":"船橋市","town":"坪井東"}],"0069":[{"pref":"千葉県","city":"船橋市","town":"坪井西"}],"0053":[{"pref":"千葉県","city":"船橋市","town":"豊富町"}],"0826":[{"pref":"千葉県","city":"船橋市","town":"中野木"}],"0821":[{"pref":"千葉県","city":"船橋市","town":"七林町"}],"0071":[{"pref":"千葉県","city":"船橋市","town":"習志野"}],"0063":[{"pref":"千葉県","city":"船橋市","town":"習志野台"}],"0815":[{"pref":"千葉県","city":"船橋市","town":"西習志野"}],"0823":[{"pref":"千葉県","city":"船橋市","town":"二宮"}],"0822":[{"pref":"千葉県","city":"船橋市","town":"飯山満町"}],"0805":[{"pref":"千葉県","city":"船橋市","town":"二和東"}],"0806":[{"pref":"千葉県","city":"船橋市","town":"二和西"}],"0824":[{"pref":"千葉県","city":"船橋市","town":"前原東"}],"0825":[{"pref":"千葉県","city":"船橋市","town":"前原西"}],"0064":[{"pref":"千葉県","city":"船橋市","town":"松が丘"}],"0812":[{"pref":"千葉県","city":"船橋市","town":"三咲"}],"0811":[{"pref":"千葉県","city":"船橋市","town":"三咲町"}],"0818":[{"pref":"千葉県","city":"船橋市","town":"緑台"}],"0813":[{"pref":"千葉県","city":"船橋市","town":"南三咲"}],"0804":[{"pref":"千葉県","city":"船橋市","town":"みやぎ台"}],"0072":[{"pref":"千葉県","city":"船橋市","town":"三山"}],"0802":[{"pref":"千葉県","city":"船橋市","town":"八木が谷"}],"0803":[{"pref":"千葉県","city":"船橋市","town":"八木が谷町"}],"0077":[{"pref":"千葉県","city":"船橋市","town":"薬円台"}],"0076":[{"pref":"千葉県","city":"船橋市","town":"薬園台町"}]}