{"0000":[{"pref":"岡山県","city":"備前市","town":"以下に掲載がない場合"}],"0032":[{"pref":"岡山県","city":"備前市","town":"麻宇那"}],"0023":[{"pref":"岡山県","city":"備前市","town":"伊里中"}],"0001":[{"pref":"岡山県","city":"備前市","town":"伊部"}],"0002":[{"pref":"岡山県","city":"備前市","town":"浦伊部"}],"0003":[{"pref":"岡山県","city":"備前市","town":"大内"}],"0012":[{"pref":"岡山県","city":"備前市","town":"香登本"}],"0011":[{"pref":"岡山県","city":"備前市","town":"香登西"}],"0035":[{"pref":"岡山県","city":"備前市","town":"木谷"}],"0024":[{"pref":"岡山県","city":"備前市","town":"久々井"}],"0016":[{"pref":"岡山県","city":"備前市","town":"坂根"}],"0026":[{"pref":"岡山県","city":"備前市","town":"佐山"}],"0031":[{"pref":"岡山県","city":"備前市","town":"蕃山"}],"0036":[{"pref":"岡山県","city":"備前市","town":"閑谷"}],"0014":[{"pref":"岡山県","city":"備前市","town":"新庄"}],"0025":[{"pref":"岡山県","city":"備前市","town":"鶴海"}],"0034":[{"pref":"岡山県","city":"備前市","town":"友延"}],"0021":[{"pref":"岡山県","city":"備前市","town":"西片上"}],"0131":[{"pref":"岡山県","city":"備前市","town":"野谷"}],"0015":[{"pref":"岡山県","city":"備前市","town":"畠田"}],"0022":[{"pref":"岡山県","city":"備前市","town":"東片上"}],"0013":[{"pref":"岡山県","city":"備前市","town":"福田"}],"0033":[{"pref":"岡山県","city":"備前市","town":"穂浪"}],"0132":[{"pref":"岡山県","city":"備前市","town":"三石"}],"0133":[{"pref":"岡山県","city":"備前市","town":"八木山"}]}