{"1100":[{"pref":"茨城県","city":"那珂郡東海村","town":"以下に掲載がない場合"}],"1101":[{"pref":"茨城県","city":"那珂郡東海村","town":"石神外宿"}],"1102":[{"pref":"茨城県","city":"那珂郡東海村","town":"石神内宿"}],"1103":[{"pref":"茨城県","city":"那珂郡東海村","town":"竹瓦"}],"1104":[{"pref":"茨城県","city":"那珂郡東海村","town":"亀下"}],"1105":[{"pref":"茨城県","city":"那珂郡東海村","town":"豊岡"}],"1106":[{"pref":"茨城県","city":"那珂郡東海村","town":"白方"}],"1107":[{"pref":"茨城県","city":"那珂郡東海村","town":"豊白"}],"1108":[{"pref":"茨城県","city":"那珂郡東海村","town":"村松北"}],"1109":[{"pref":"茨城県","city":"那珂郡東海村","town":"白方中央"}],"1111":[{"pref":"茨城県","city":"那珂郡東海村","town":"舟石川"}],"1112":[{"pref":"茨城県","city":"那珂郡東海村","town":"村松"}],"1113":[{"pref":"茨城県","city":"那珂郡東海村","town":"照沼"}],"1114":[{"pref":"茨城県","city":"那珂郡東海村","town":"須和間"}],"1115":[{"pref":"茨城県","city":"那珂郡東海村","town":"船場"}],"1116":[{"pref":"茨城県","city":"那珂郡東海村","town":"舟石川駅西"}],"1117":[{"pref":"茨城県","city":"那珂郡東海村","town":"東海"}],"1118":[{"pref":"茨城県","city":"那珂郡東海村","town":"舟石川駅東"}],"1119":[{"pref":"茨城県","city":"那珂郡東海村","town":"大山台"}],"1221":[{"pref":"茨城県","city":"日立市","town":"大みか町"}],"1222":[{"pref":"茨城県","city":"日立市","town":"久慈町"}],"1223":[{"pref":"茨城県","city":"日立市","town":"みなと町"}],"1224":[{"pref":"茨城県","city":"日立市","town":"南高野町"}],"1225":[{"pref":"茨城県","city":"日立市","town":"石名坂町"}],"1231":[{"pref":"茨城県","city":"日立市","town":"留町"}],"1232":[{"pref":"茨城県","city":"日立市","town":"下土木内町"}],"1233":[{"pref":"茨城県","city":"日立市","town":"神田町"}],"1234":[{"pref":"茨城県","city":"日立市","town":"大和田町"}],"1235":[{"pref":"茨城県","city":"日立市","town":"茂宮町"}],"1301":[{"pref":"茨城県","city":"日立市","town":"十王町伊師"}],"1302":[{"pref":"茨城県","city":"日立市","town":"十王町伊師本郷"}],"1303":[{"pref":"茨城県","city":"日立市","town":"十王町友部東"}],"1304":[{"pref":"茨城県","city":"日立市","town":"十王町友部"}],"1305":[{"pref":"茨城県","city":"日立市","town":"十王町高原"}],"1306":[{"pref":"茨城県","city":"日立市","town":"十王町黒坂"}],"1307":[{"pref":"茨城県","city":"日立市","town":"十王町山部"}],"1308":[{"pref":"茨城県","city":"日立市","town":"十王町城の丘"}],"1411":[{"pref":"茨城県","city":"日立市","town":"川尻町"}],"1412":[{"pref":"茨城県","city":"日立市","town":"折笠町"}],"1413":[{"pref":"茨城県","city":"日立市","town":"小木津町"}],"1414":[{"pref":"茨城県","city":"日立市","town":"日高町"}],"1415":[{"pref":"茨城県","city":"日立市","town":"相田町"}],"1416":[{"pref":"茨城県","city":"日立市","town":"田尻町"}],"1417":[{"pref":"茨城県","city":"日立市","town":"かみあい町"}],"1418":[{"pref":"茨城県","city":"日立市","town":"砂沢町"}],"1500":[{"pref":"茨城県","city":"北茨城市","town":"以下に掲載がない場合"}],"1531":[{"pref":"茨城県","city":"北茨城市","town":"華川町花園"}],"1532":[{"pref":"茨城県","city":"北茨城市","town":"華川町上小津田"}],"1533":[{"pref":"茨城県","city":"北茨城市","town":"華川町下小津田"}],"1534":[{"pref":"茨城県","city":"北茨城市","town":"華川町車"}],"1535":[{"pref":"茨城県","city":"北茨城市","town":"華川町臼場"}],"1536":[{"pref":"茨城県","city":"北茨城市","town":"華川町中妻"}],"1537":[{"pref":"茨城県","city":"北茨城市","town":"華川町下相田"}],"1538":[{"pref":"茨城県","city":"北茨城市","town":"華川町小豆畑"}],"1541":[{"pref":"茨城県","city":"北茨城市","town":"磯原町磯原"}],"1542":[{"pref":"茨城県","city":"北茨城市","town":"磯原町本町"}],"1543":[{"pref":"茨城県","city":"北茨城市","town":"磯原町豊田"}],"1544":[{"pref":"茨城県","city":"北茨城市","town":"磯原町上相田"}],"1545":[{"pref":"茨城県","city":"北茨城市","town":"磯原町木皿"}],"1546":[{"pref":"茨城県","city":"北茨城市","town":"磯原町大塚"}],"1547":[{"pref":"茨城県","city":"北茨城市","town":"磯原町内野"}],"1551":[{"pref":"茨城県","city":"北茨城市","town":"中郷町下桜井"}],"1552":[{"pref":"茨城県","city":"北茨城市","town":"中郷町足洗"}],"1553":[{"pref":"茨城県","city":"北茨城市","town":"中郷町汐見ケ丘"}],"1554":[{"pref":"茨城県","city":"北茨城市","town":"中郷町粟野"}],"1555":[{"pref":"茨城県","city":"北茨城市","town":"中郷町小野矢指"}],"1556":[{"pref":"茨城県","city":"北茨城市","town":"中郷町日棚"}],"1557":[{"pref":"茨城県","city":"北茨城市","town":"中郷町松井"}],"1558":[{"pref":"茨城県","city":"北茨城市","town":"中郷町石岡"}],"1559":[{"pref":"茨城県","city":"北茨城市","town":"中郷町上桜井"}],"1701":[{"pref":"茨城県","city":"北茨城市","town":"平潟町"}],"1702":[{"pref":"茨城県","city":"北茨城市","town":"大津町"}],"1703":[{"pref":"茨城県","city":"北茨城市","town":"大津町五浦"}],"1704":[{"pref":"茨城県","city":"北茨城市","town":"大津町北町"}],"1711":[{"pref":"茨城県","city":"北茨城市","town":"関南町関本下"}],"1712":[{"pref":"茨城県","city":"北茨城市","town":"関南町里根川"}],"1713":[{"pref":"茨城県","city":"北茨城市","town":"関南町仁井田"}],"1714":[{"pref":"茨城県","city":"北茨城市","town":"関南町神岡上"}],"1715":[{"pref":"茨城県","city":"北茨城市","town":"関南町神岡下"}],"1721":[{"pref":"茨城県","city":"北茨城市","town":"関本町関本上"}],"1722":[{"pref":"茨城県","city":"北茨城市","town":"関本町福田"}],"1723":[{"pref":"茨城県","city":"北茨城市","town":"関本町関本中"}],"1724":[{"pref":"茨城県","city":"北茨城市","town":"関本町八反"}],"1725":[{"pref":"茨城県","city":"北茨城市","town":"関本町富士ケ丘"}],"1726":[{"pref":"茨城県","city":"北茨城市","town":"関本町才丸"}],"1727":[{"pref":"茨城県","city":"北茨城市","town":"関本町小川"}],"2102":[{"pref":"茨城県","city":"那珂市","town":"瓜連"}],"2103":[{"pref":"茨城県","city":"那珂市","town":"中里"}],"2104":[{"pref":"茨城県","city":"那珂市","town":"平野"}],"2105":[{"pref":"茨城県","city":"那珂市","town":"古徳"}],"2106":[{"pref":"茨城県","city":"那珂市","town":"静"}],"2107":[{"pref":"茨城県","city":"那珂市","town":"下大賀"}],"2131":[{"pref":"茨城県","city":"常陸大宮市","town":"下村田"}],"2132":[{"pref":"茨城県","city":"常陸大宮市","town":"小場"}],"2133":[{"pref":"茨城県","city":"常陸大宮市","town":"小野"}],"2134":[{"pref":"茨城県","city":"常陸大宮市","town":"工業団地"}],"2135":[{"pref":"茨城県","city":"常陸大宮市","town":"石沢"}],"2136":[{"pref":"茨城県","city":"常陸大宮市","town":"上村田"}],"2141":[{"pref":"茨城県","city":"常陸大宮市","town":"下岩瀬"}],"2142":[{"pref":"茨城県","city":"常陸大宮市","town":"上岩瀬"}],"2143":[{"pref":"茨城県","city":"常陸大宮市","town":"根本"}],"2144":[{"pref":"茨城県","city":"常陸大宮市","town":"泉"}],"2145":[{"pref":"茨城県","city":"常陸大宮市","town":"宇留野"}],"2200":[{"pref":"茨城県","city":"常陸大宮市","town":"以下に掲載がない場合"}],"2201":[{"pref":"茨城県","city":"常陸大宮市","town":"辰ノ口"}],"2202":[{"pref":"茨城県","city":"常陸大宮市","town":"塩原"}],"2203":[{"pref":"茨城県","city":"常陸大宮市","town":"小倉"}],"2204":[{"pref":"茨城県","city":"常陸大宮市","town":"富岡"}],"2205":[{"pref":"茨城県","city":"常陸大宮市","town":"宮の郷"}],"2211":[{"pref":"茨城県","city":"常陸大宮市","town":"岩崎"}],"2212":[{"pref":"茨城県","city":"常陸大宮市","town":"上大賀"}],"2213":[{"pref":"茨城県","city":"常陸大宮市","town":"小祝"}],"2214":[{"pref":"茨城県","city":"常陸大宮市","town":"鷹巣"}],"2221":[{"pref":"茨城県","city":"常陸大宮市","town":"八田"}],"2222":[{"pref":"茨城県","city":"常陸大宮市","town":"若林"}],"2223":[{"pref":"茨城県","city":"常陸大宮市","town":"三美"}],"2224":[{"pref":"茨城県","city":"常陸大宮市","town":"東野"}],"2225":[{"pref":"茨城県","city":"常陸大宮市","town":"西塩子"}],"2226":[{"pref":"茨城県","city":"常陸大宮市","town":"北塩子"}],"2227":[{"pref":"茨城県","city":"常陸大宮市","town":"照田（９１７～１４９０番地）"}],"2251":[{"pref":"茨城県","city":"常陸大宮市","town":"姥賀町"}],"2252":[{"pref":"茨城県","city":"常陸大宮市","town":"東富町"}],"2253":[{"pref":"茨城県","city":"常陸大宮市","town":"高渡町"}],"2254":[{"pref":"茨城県","city":"常陸大宮市","town":"北町"}],"2255":[{"pref":"茨城県","city":"常陸大宮市","town":"野中町"}],"2256":[{"pref":"茨城県","city":"常陸大宮市","town":"田子内町"}],"2261":[{"pref":"茨城県","city":"常陸大宮市","town":"上町"}],"2262":[{"pref":"茨城県","city":"常陸大宮市","town":"下町"}],"2263":[{"pref":"茨城県","city":"常陸大宮市","town":"南町"}],"2264":[{"pref":"茨城県","city":"常陸大宮市","town":"栄町"}],"2265":[{"pref":"茨城県","city":"常陸大宮市","town":"中富町"}],"2266":[{"pref":"茨城県","city":"常陸大宮市","town":"抽ケ台町"}],"2401":[{"pref":"茨城県","city":"常陸大宮市","town":"上小瀬"}],"2402":[{"pref":"茨城県","city":"常陸大宮市","town":"下小瀬"}],"2403":[{"pref":"茨城県","city":"常陸大宮市","town":"那賀"}],"2404":[{"pref":"茨城県","city":"常陸大宮市","town":"国長"}],"2405":[{"pref":"茨城県","city":"常陸大宮市","town":"小玉"}],"2411":[{"pref":"茨城県","city":"常陸大宮市","town":"小舟"}],"2412":[{"pref":"茨城県","city":"常陸大宮市","town":"小瀬沢"}],"2413":[{"pref":"茨城県","city":"常陸大宮市","town":"松之草"}],"2414":[{"pref":"茨城県","city":"常陸大宮市","town":"吉丸"}],"2415":[{"pref":"茨城県","city":"常陸大宮市","town":"入本郷"}],"2416":[{"pref":"茨城県","city":"常陸大宮市","town":"千田"}],"2417":[{"pref":"茨城県","city":"常陸大宮市","town":"油河内"}],"2418":[{"pref":"茨城県","city":"常陸大宮市","town":"大岩"}],"2511":[{"pref":"茨城県","city":"常陸大宮市","town":"上檜沢"}],"2512":[{"pref":"茨城県","city":"常陸大宮市","town":"下檜沢"}],"2513":[{"pref":"茨城県","city":"常陸大宮市","town":"氷之沢"}],"2601":[{"pref":"茨城県","city":"常陸大宮市","town":"高部"}],"2602":[{"pref":"茨城県","city":"常陸大宮市","town":"小田野"}],"2603":[{"pref":"茨城県","city":"常陸大宮市","town":"鷲子"}],"3101":[{"pref":"茨城県","city":"常陸大宮市","town":"久隆"}],"3102":[{"pref":"茨城県","city":"常陸大宮市","town":"盛金"}],"3103":[{"pref":"茨城県","city":"常陸大宮市","town":"家和楽"}],"3104":[{"pref":"茨城県","city":"常陸大宮市","town":"北富田"}],"3105":[{"pref":"茨城県","city":"常陸大宮市","town":"諸沢"}],"3106":[{"pref":"茨城県","city":"常陸大宮市","town":"西野内"}],"3107":[{"pref":"茨城県","city":"常陸大宮市","town":"舟生"}],"3111":[{"pref":"茨城県","city":"常陸大宮市","town":"山方"}],"3112":[{"pref":"茨城県","city":"常陸大宮市","town":"小貫"}],"3113":[{"pref":"茨城県","city":"常陸大宮市","town":"照山"}],"3114":[{"pref":"茨城県","city":"常陸大宮市","town":"野上"}],"3115":[{"pref":"茨城県","city":"常陸大宮市","town":"照田（その他）"}],"3116":[{"pref":"茨城県","city":"常陸大宮市","town":"長田"}],"3117":[{"pref":"茨城県","city":"常陸大宮市","town":"長沢"}],"3361":[{"pref":"茨城県","city":"久慈郡大子町","town":"頃藤"}],"3362":[{"pref":"茨城県","city":"久慈郡大子町","town":"西金"}],"3363":[{"pref":"茨城県","city":"久慈郡大子町","town":"北富田"}],"3364":[{"pref":"茨城県","city":"久慈郡大子町","town":"盛金"}],"3365":[{"pref":"茨城県","city":"久慈郡大子町","town":"栃原"}],"3366":[{"pref":"茨城県","city":"久慈郡大子町","town":"大沢"}],"3500":[{"pref":"茨城県","city":"久慈郡大子町","town":"以下に掲載がない場合"}],"3511":[{"pref":"茨城県","city":"久慈郡大子町","town":"高柴"}],"3512":[{"pref":"茨城県","city":"久慈郡大子町","town":"小生瀬"}],"3513":[{"pref":"茨城県","city":"久慈郡大子町","town":"大生瀬"}],"3514":[{"pref":"茨城県","city":"久慈郡大子町","town":"外大野"}],"3515":[{"pref":"茨城県","city":"久慈郡大子町","town":"内大野"}],"3521":[{"pref":"茨城県","city":"久慈郡大子町","town":"北田気"}],"3522":[{"pref":"茨城県","city":"久慈郡大子町","town":"久野瀬"}],"3523":[{"pref":"茨城県","city":"久慈郡大子町","town":"袋田"}],"3524":[{"pref":"茨城県","city":"久慈郡大子町","town":"下津原"}],"3525":[{"pref":"茨城県","city":"久慈郡大子町","town":"南田気"}],"3526":[{"pref":"茨城県","city":"久慈郡大子町","town":"大子"}],"3531":[{"pref":"茨城県","city":"久慈郡大子町","town":"上岡"}],"3532":[{"pref":"茨城県","city":"久慈郡大子町","town":"山田"}],"3533":[{"pref":"茨城県","city":"久慈郡大子町","town":"下金沢"}],"3534":[{"pref":"茨城県","city":"久慈郡大子町","town":"相川"}],"3535":[{"pref":"茨城県","city":"久慈郡大子町","town":"上金沢"}],"3536":[{"pref":"茨城県","city":"久慈郡大子町","town":"田野沢"}],"3537":[{"pref":"茨城県","city":"久慈郡大子町","town":"塙"}],"3538":[{"pref":"茨城県","city":"久慈郡大子町","town":"芦野倉"}],"3541":[{"pref":"茨城県","city":"久慈郡大子町","town":"浅川"}],"3542":[{"pref":"茨城県","city":"久慈郡大子町","town":"初原"}],"3543":[{"pref":"茨城県","city":"久慈郡大子町","town":"左貫"}],"3544":[{"pref":"茨城県","city":"久慈郡大子町","town":"槇野地"}],"3551":[{"pref":"茨城県","city":"久慈郡大子町","town":"池田"}],"3552":[{"pref":"茨城県","city":"久慈郡大子町","town":"矢田"}],"3553":[{"pref":"茨城県","city":"久慈郡大子町","town":"冥賀"}],"3554":[{"pref":"茨城県","city":"久慈郡大子町","town":"高田"}],"3555":[{"pref":"茨城県","city":"久慈郡大子町","town":"下野宮"}],"3556":[{"pref":"茨城県","city":"久慈郡大子町","town":"川山"}],"3701":[{"pref":"茨城県","city":"久慈郡大子町","town":"北吉沢"}],"3702":[{"pref":"茨城県","city":"久慈郡大子町","town":"町付"}],"3703":[{"pref":"茨城県","city":"久慈郡大子町","town":"上郷"}],"3704":[{"pref":"茨城県","city":"久慈郡大子町","town":"上野宮"}],"3705":[{"pref":"茨城県","city":"久慈郡大子町","town":"中郷"}],"0314":[{"pref":"茨城県","city":"水戸市","town":"赤尾関町"}],"0304":[{"pref":"茨城県","city":"水戸市","town":"有賀町"}],"0311":[{"pref":"茨城県","city":"水戸市","town":"牛伏町"}],"0317":[{"pref":"茨城県","city":"水戸市","town":"内原"}],"0315":[{"pref":"茨城県","city":"水戸市","town":"内原町"}],"0312":[{"pref":"茨城県","city":"水戸市","town":"大足町"}],"0307":[{"pref":"茨城県","city":"水戸市","town":"小原町"}],"0303":[{"pref":"茨城県","city":"水戸市","town":"黒磯町"}],"0323":[{"pref":"茨城県","city":"水戸市","town":"鯉淵町"}],"0325":[{"pref":"茨城県","city":"水戸市","town":"小林町"}],"0324":[{"pref":"茨城県","city":"水戸市","town":"五平町"}],"0322":[{"pref":"茨城県","city":"水戸市","town":"下野町"}],"0306":[{"pref":"茨城県","city":"水戸市","town":"杉崎町"}],"0321":[{"pref":"茨城県","city":"水戸市","town":"高田町"}],"0301":[{"pref":"茨城県","city":"水戸市","town":"田島町"}],"0313":[{"pref":"茨城県","city":"水戸市","town":"筑地町"}],"0305":[{"pref":"茨城県","city":"水戸市","town":"中原町"}],"0302":[{"pref":"茨城県","city":"水戸市","town":"三野輪町"}],"0316":[{"pref":"茨城県","city":"水戸市","town":"三湯町"}],"0206":[{"pref":"茨城県","city":"笠間市","town":"安居"}],"0209":[{"pref":"茨城県","city":"笠間市","town":"泉"}],"0211":[{"pref":"茨城県","city":"笠間市","town":"泉市野谷入会地"}],"0208":[{"pref":"茨城県","city":"笠間市","town":"市野谷"}],"0205":[{"pref":"茨城県","city":"笠間市","town":"押辺"}],"0201":[{"pref":"茨城県","city":"笠間市","town":"上郷"}],"0202":[{"pref":"茨城県","city":"笠間市","town":"下郷"}],"0204":[{"pref":"茨城県","city":"笠間市","town":"土師"}],"0207":[{"pref":"茨城県","city":"笠間市","town":"福島"}],"0203":[{"pref":"茨城県","city":"笠間市","town":"吉岡"}],"0100":[{"pref":"茨城県","city":"小美玉市","town":"以下に掲載がない場合"}],"0122":[{"pref":"茨城県","city":"小美玉市","town":"江戸"}],"0137":[{"pref":"茨城県","city":"小美玉市","town":"大笹"}],"0126":[{"pref":"茨城県","city":"小美玉市","town":"大谷"}],"0125":[{"pref":"茨城県","city":"小美玉市","town":"小曽納"}],"0106":[{"pref":"茨城県","city":"小美玉市","town":"堅倉"}],"0115":[{"pref":"茨城県","city":"小美玉市","town":"上馬場"}],"0107":[{"pref":"茨城県","city":"小美玉市","town":"小岩戸"}],"0102":[{"pref":"茨城県","city":"小美玉市","town":"西郷地"}],"0104":[{"pref":"茨城県","city":"小美玉市","town":"三箇"}],"0103":[{"pref":"茨城県","city":"小美玉市","town":"柴高"}],"0135":[{"pref":"茨城県","city":"小美玉市","town":"高田"}],"0113":[{"pref":"茨城県","city":"小美玉市","town":"竹原"}],"0112":[{"pref":"茨城県","city":"小美玉市","town":"竹原下郷"}],"0114":[{"pref":"茨城県","city":"小美玉市","town":"竹原中郷"}],"0105":[{"pref":"茨城県","city":"小美玉市","town":"鶴田"}],"0136":[{"pref":"茨城県","city":"小美玉市","town":"手堤"}],"0131":[{"pref":"茨城県","city":"小美玉市","town":"寺崎"}],"0116":[{"pref":"茨城県","city":"小美玉市","town":"中台"}],"0111":[{"pref":"茨城県","city":"小美玉市","town":"中野谷"}],"0134":[{"pref":"茨城県","city":"小美玉市","town":"納場"}],"0121":[{"pref":"茨城県","city":"小美玉市","town":"羽刈"}],"0101":[{"pref":"茨城県","city":"小美玉市","town":"橋場美"}],"0123":[{"pref":"茨城県","city":"小美玉市","town":"羽鳥"}],"0124":[{"pref":"茨城県","city":"小美玉市","town":"花野井"}],"0133":[{"pref":"茨城県","city":"小美玉市","town":"張星"}],"0132":[{"pref":"茨城県","city":"小美玉市","town":"部室"}],"0108":[{"pref":"茨城県","city":"小美玉市","town":"先後"}]}