{"1100":[{"pref":"長野県","city":"下伊那郡喬木村","town":"以下に掲載がない場合"}],"1101":[{"pref":"長野県","city":"下伊那郡喬木村","town":"阿島"}],"1102":[{"pref":"長野県","city":"下伊那郡喬木村","town":"加々須"}],"1103":[{"pref":"長野県","city":"下伊那郡喬木村","town":"大島"}],"1104":[{"pref":"長野県","city":"下伊那郡喬木村","town":"氏乗"}],"1105":[{"pref":"長野県","city":"下伊那郡喬木村","town":"大和知"}],"1106":[{"pref":"長野県","city":"下伊那郡喬木村","town":"富田"}],"1107":[{"pref":"長野県","city":"下伊那郡喬木村","town":"小川"}],"1108":[{"pref":"長野県","city":"下伊那郡喬木村","town":"伊久間"}],"0000":[{"pref":"長野県","city":"飯田市","town":"以下に掲載がない場合"}],"0072":[{"pref":"長野県","city":"飯田市","town":"曙町"}],"0055":[{"pref":"長野県","city":"飯田市","town":"旭町"}],"0085":[{"pref":"長野県","city":"飯田市","town":"吾妻町"}],"0036":[{"pref":"長野県","city":"飯田市","town":"愛宕町"}],"0152":[{"pref":"長野県","city":"飯田市","town":"育良町"}],"0071":[{"pref":"長野県","city":"飯田市","town":"今宮町"}],"0023":[{"pref":"長野県","city":"飯田市","town":"江戸浜町"}],"0015":[{"pref":"長野県","city":"飯田市","town":"江戸町"}],"0046":[{"pref":"長野県","city":"飯田市","town":"扇町"}],"0034":[{"pref":"長野県","city":"飯田市","town":"追手町"}],"0053":[{"pref":"長野県","city":"飯田市","town":"大久保町"}],"0157":[{"pref":"長野県","city":"飯田市","town":"大瀬木"}],"0056":[{"pref":"長野県","city":"飯田市","town":"大通"}],"0068":[{"pref":"長野県","city":"飯田市","town":"大休"}],"0028":[{"pref":"長野県","city":"飯田市","town":"長姫町"}],"0805":[{"pref":"長野県","city":"飯田市","town":"鼎一色"}],"0808":[{"pref":"長野県","city":"飯田市","town":"鼎上茶屋"}],"0802":[{"pref":"長野県","city":"飯田市","town":"鼎下茶屋"}],"0806":[{"pref":"長野県","city":"飯田市","town":"鼎上山"}],"0803":[{"pref":"長野県","city":"飯田市","town":"鼎下山"}],"0807":[{"pref":"長野県","city":"飯田市","town":"鼎切石"}],"0801":[{"pref":"長野県","city":"飯田市","town":"鼎中平"}],"0804":[{"pref":"長野県","city":"飯田市","town":"鼎名古熊"}],"0817":[{"pref":"長野県","city":"飯田市","town":"鼎東鼎"}],"0026":[{"pref":"長野県","city":"飯田市","town":"鼎西鼎"}],"0002":[{"pref":"長野県","city":"飯田市","town":"上郷飯沼"}],"0003":[{"pref":"長野県","city":"飯田市","town":"上郷別府"}],"0004":[{"pref":"長野県","city":"飯田市","town":"上郷黒田"}],"0153":[{"pref":"長野県","city":"飯田市","town":"上殿岡"}],"0151":[{"pref":"長野県","city":"飯田市","town":"北方"}],"0031":[{"pref":"長野県","city":"飯田市","town":"銀座"}],"0241":[{"pref":"長野県","city":"飯田市","town":"久米"}],"0813":[{"pref":"長野県","city":"飯田市","town":"毛賀"}],"0013":[{"pref":"長野県","city":"飯田市","town":"小伝馬町"}],"0014":[{"pref":"長野県","city":"飯田市","town":"桜町"}],"0001":[{"pref":"長野県","city":"飯田市","town":"座光寺"}],"0154":[{"pref":"長野県","city":"飯田市","town":"下殿岡"}],"0061":[{"pref":"長野県","city":"飯田市","town":"正永町"}],"0084":[{"pref":"長野県","city":"飯田市","town":"鈴加町"}],"0062":[{"pref":"長野県","city":"飯田市","town":"砂払町"}],"0018":[{"pref":"長野県","city":"飯田市","town":"諏訪町"}],"0012":[{"pref":"長野県","city":"飯田市","town":"大王路"}],"0011":[{"pref":"長野県","city":"飯田市","town":"大門町"}],"0051":[{"pref":"長野県","city":"飯田市","town":"高羽町"}],"0048":[{"pref":"長野県","city":"飯田市","town":"滝の沢"}],"0242":[{"pref":"長野県","city":"飯田市","town":"竹佐"}],"0032":[{"pref":"長野県","city":"飯田市","town":"主税町"}],"0045":[{"pref":"長野県","city":"飯田市","town":"知久町"}],"0041":[{"pref":"長野県","city":"飯田市","town":"中央通り"}],"0016":[{"pref":"長野県","city":"飯田市","town":"伝馬町"}],"0024":[{"pref":"長野県","city":"飯田市","town":"東栄町"}],"0017":[{"pref":"長野県","city":"飯田市","town":"東新町"}],"0086":[{"pref":"長野県","city":"飯田市","town":"東和町"}],"0043":[{"pref":"長野県","city":"飯田市","town":"通り町"}],"0033":[{"pref":"長野県","city":"飯田市","town":"常盤町"}],"0021":[{"pref":"長野県","city":"飯田市","town":"仲ノ町"}],"0156":[{"pref":"長野県","city":"飯田市","town":"中村"}],"0083":[{"pref":"長野県","city":"飯田市","town":"錦町"}],"0029":[{"pref":"長野県","city":"飯田市","town":"二本松"}],"0076":[{"pref":"長野県","city":"飯田市","town":"白山町"}],"0075":[{"pref":"長野県","city":"飯田市","town":"白山通り"}],"0243":[{"pref":"長野県","city":"飯田市","town":"箱川"}],"0066":[{"pref":"長野県","city":"飯田市","town":"羽場赤坂"}],"0065":[{"pref":"長野県","city":"飯田市","town":"羽場上河原"}],"0067":[{"pref":"長野県","city":"飯田市","town":"羽場権現"}],"0073":[{"pref":"長野県","city":"飯田市","town":"羽場坂町"}],"0063":[{"pref":"長野県","city":"飯田市","town":"羽場町"}],"0064":[{"pref":"長野県","city":"飯田市","town":"羽場仲畑"}],"0027":[{"pref":"長野県","city":"飯田市","town":"馬場町"}],"0022":[{"pref":"長野県","city":"飯田市","town":"浜井町"}],"0025":[{"pref":"長野県","city":"飯田市","town":"東中央通り"}],"0044":[{"pref":"長野県","city":"飯田市","town":"本町"}],"0811":[{"pref":"長野県","city":"飯田市","town":"松尾上溝"}],"0821":[{"pref":"長野県","city":"飯田市","town":"松尾新井"}],"0824":[{"pref":"長野県","city":"飯田市","town":"松尾清水"}],"0812":[{"pref":"長野県","city":"飯田市","town":"松尾代田"}],"0825":[{"pref":"長野県","city":"飯田市","town":"松尾城"}],"0822":[{"pref":"長野県","city":"飯田市","town":"松尾寺所"}],"0815":[{"pref":"長野県","city":"飯田市","town":"松尾常盤台"}],"0816":[{"pref":"長野県","city":"飯田市","town":"松尾久井"}],"0042":[{"pref":"長野県","city":"飯田市","town":"松尾町"}],"0826":[{"pref":"長野県","city":"飯田市","town":"松尾水城"}],"0823":[{"pref":"長野県","city":"飯田市","town":"松尾明"}],"0074":[{"pref":"長野県","city":"飯田市","town":"松川町"}],"0077":[{"pref":"長野県","city":"飯田市","town":"丸山町"}],"0035":[{"pref":"長野県","city":"飯田市","town":"水の手町"}],"0155":[{"pref":"長野県","city":"飯田市","town":"三日市場"}],"0037":[{"pref":"長野県","city":"飯田市","town":"南常盤町"}],"0054":[{"pref":"長野県","city":"飯田市","town":"箕瀬町"}],"0081":[{"pref":"長野県","city":"飯田市","town":"宮ノ上"}],"0082":[{"pref":"長野県","city":"飯田市","town":"宮の前"}],"0052":[{"pref":"長野県","city":"飯田市","town":"元町"}],"0244":[{"pref":"長野県","city":"飯田市","town":"山本"}],"0245":[{"pref":"長野県","city":"飯田市","town":"山本二ツ山団地"}],"0814":[{"pref":"長野県","city":"飯田市","town":"八幡町"}],"0300":[{"pref":"長野県","city":"下伊那郡阿智村","town":"以下に掲載がない場合"}],"0301":[{"pref":"長野県","city":"下伊那郡阿智村","town":"春日"}],"0302":[{"pref":"長野県","city":"下伊那郡阿智村","town":"伍和"}],"0305":[{"pref":"長野県","city":"下伊那郡阿智村","town":"駒"}],"0303":[{"pref":"長野県","city":"下伊那郡阿智村","town":"駒場"}],"0401":[{"pref":"長野県","city":"下伊那郡阿智村","town":"清内路"}],"0304":[{"pref":"長野県","city":"下伊那郡阿智村","town":"智里"}],"0501":[{"pref":"長野県","city":"下伊那郡阿智村","town":"浪合"}],"0601":[{"pref":"長野県","city":"下伊那郡平谷村","town":"平谷村一円"}],"0701":[{"pref":"長野県","city":"下伊那郡根羽村","town":"根羽村一円"}]}