{"2301":[{"pref":"北海道","city":"沙流郡日高町","town":"本町東"}],"2302":[{"pref":"北海道","city":"沙流郡日高町","town":"本町西"}],"2303":[{"pref":"北海道","city":"沙流郡日高町","town":"栄町東"}],"2304":[{"pref":"北海道","city":"沙流郡日高町","town":"栄町西"}],"2305":[{"pref":"北海道","city":"沙流郡日高町","town":"新町"}],"2306":[{"pref":"北海道","city":"沙流郡日高町","town":"宮下町"}],"2307":[{"pref":"北海道","city":"沙流郡日高町","town":"松風町"}],"2308":[{"pref":"北海道","city":"沙流郡日高町","town":"山手町"}],"2309":[{"pref":"北海道","city":"沙流郡日高町","town":"若葉町"}],"2311":[{"pref":"北海道","city":"沙流郡日高町","town":"日高（１区）"}],"2312":[{"pref":"北海道","city":"沙流郡日高町","town":"日高（２区）"}],"2313":[{"pref":"北海道","city":"沙流郡日高町","town":"日高（３区）"}],"2314":[{"pref":"北海道","city":"沙流郡日高町","town":"千栄"}],"2315":[{"pref":"北海道","city":"沙流郡日高町","town":"富岡"}],"2316":[{"pref":"北海道","city":"沙流郡日高町","town":"三岩"}],"0000":[{"pref":"北海道","city":"沙流郡日高町","town":"以下に掲載がない場合"}],"0001":[{"pref":"北海道","city":"沙流郡日高町","town":"富川北"}],"0008":[{"pref":"北海道","city":"沙流郡日高町","town":"富川駒丘"}],"0007":[{"pref":"北海道","city":"沙流郡日高町","town":"富川西"}],"0004":[{"pref":"北海道","city":"沙流郡日高町","town":"富川東"}],"0006":[{"pref":"北海道","city":"沙流郡日高町","town":"富川南"}],"0005":[{"pref":"北海道","city":"沙流郡日高町","town":"富浜"}],"0002":[{"pref":"北海道","city":"沙流郡日高町","town":"平賀"}],"0003":[{"pref":"北海道","city":"沙流郡日高町","town":"福満"}],"0100":[{"pref":"北海道","city":"沙流郡平取町","town":"以下に掲載がない場合"}],"0322":[{"pref":"北海道","city":"沙流郡平取町","town":"旭"}],"0414":[{"pref":"北海道","city":"沙流郡平取町","town":"岩知志"}],"0325":[{"pref":"北海道","city":"沙流郡平取町","town":"長知内"}],"0103":[{"pref":"北海道","city":"沙流郡平取町","town":"川向"}],"0102":[{"pref":"北海道","city":"沙流郡平取町","town":"小平"}],"0105":[{"pref":"北海道","city":"沙流郡平取町","town":"去場"}],"0104":[{"pref":"北海道","city":"沙流郡平取町","town":"紫雲古津"}],"0415":[{"pref":"北海道","city":"沙流郡平取町","town":"豊糠"}],"0324":[{"pref":"北海道","city":"沙流郡平取町","town":"荷負"}],"0413":[{"pref":"北海道","city":"沙流郡平取町","town":"仁世宇"}],"0106":[{"pref":"北海道","city":"沙流郡平取町","town":"荷菜"}],"0101":[{"pref":"北海道","city":"沙流郡平取町","town":"二風谷"}],"0321":[{"pref":"北海道","city":"沙流郡平取町","town":"貫気別"}],"0411":[{"pref":"北海道","city":"沙流郡平取町","town":"振内町"}],"0412":[{"pref":"北海道","city":"沙流郡平取町","town":"幌毛志"}],"0107":[{"pref":"北海道","city":"沙流郡平取町","town":"本町"}],"0323":[{"pref":"北海道","city":"沙流郡平取町","town":"芽生"}]}