{"0000":[{"pref":"新潟県","city":"十日町市","town":"以下に掲載がない場合"}],"0046":[{"pref":"新潟県","city":"十日町市","town":"明石町"}],"0213":[{"pref":"新潟県","city":"十日町市","town":"赤谷"}],"0045":[{"pref":"新潟県","city":"十日町市","town":"麻畑"}],"0079":[{"pref":"新潟県","city":"十日町市","town":"旭町"}],"0121":[{"pref":"新潟県","city":"十日町市","town":"新町新田"}],"0062":[{"pref":"新潟県","city":"十日町市","town":"泉町"}],"0131":[{"pref":"新潟県","city":"十日町市","town":"伊勢平治"}],"0101":[{"pref":"新潟県","city":"十日町市","town":"稲葉"}],"0073":[{"pref":"新潟県","city":"十日町市","town":"稲荷町（３丁目本通り）"},{"pref":"新潟県","city":"十日町市","town":"稲荷町一丁目"},{"pref":"新潟県","city":"十日町市","town":"稲荷町二丁目"},{"pref":"新潟県","city":"十日町市","town":"稲荷町三丁目東"},{"pref":"新潟県","city":"十日町市","town":"稲荷町三丁目本通り"},{"pref":"新潟県","city":"十日町市","town":"稲荷町四丁目"},{"pref":"新潟県","city":"十日町市","town":"稲荷町西"}],"0091":[{"pref":"新潟県","city":"十日町市","town":"稲荷町三丁目"}],"0092":[{"pref":"新潟県","city":"十日町市","town":"稲荷町三丁目北"}],"0093":[{"pref":"新潟県","city":"十日町市","town":"稲荷町三丁目南"}],"0212":[{"pref":"新潟県","city":"十日町市","town":"岩瀬"}],"0122":[{"pref":"新潟県","city":"十日町市","town":"上野"}],"0088":[{"pref":"新潟県","city":"十日町市","town":"駅通り"}],"0014":[{"pref":"新潟県","city":"十日町市","town":"江道"}],"0018":[{"pref":"新潟県","city":"十日町市","town":"大池"}],"0211":[{"pref":"新潟県","city":"十日町市","town":"大倉"}],"0305":[{"pref":"新潟県","city":"十日町市","town":"大白倉"}],"0133":[{"pref":"新潟県","city":"十日町市","town":"沖立"}],"0008":[{"pref":"新潟県","city":"十日町市","town":"尾崎"}],"0086":[{"pref":"新潟県","city":"十日町市","town":"加賀糸屋町"}],"0057":[{"pref":"新潟県","city":"十日町市","town":"春日町"}],"0022":[{"pref":"新潟県","city":"十日町市","town":"学校町"}],"0134":[{"pref":"新潟県","city":"十日町市","town":"上新井"}],"0029":[{"pref":"新潟県","city":"十日町市","town":"上川町"}],"0094":[{"pref":"新潟県","city":"十日町市","town":"上島"}],"0038":[{"pref":"新潟県","city":"十日町市","town":"河内町"}],"0036":[{"pref":"新潟県","city":"十日町市","town":"川治"}],"0035":[{"pref":"新潟県","city":"十日町市","town":"川治下町"}],"0013":[{"pref":"新潟県","city":"十日町市","town":"川原町"}],"0304":[{"pref":"新潟県","city":"十日町市","town":"木落"}],"0105":[{"pref":"新潟県","city":"十日町市","town":"北鐙坂"}],"0041":[{"pref":"新潟県","city":"十日町市","town":"北新田"}],"0103":[{"pref":"新潟県","city":"十日町市","town":"小泉"}],"0001":[{"pref":"新潟県","city":"十日町市","town":"五軒新田"}],"0219":[{"pref":"新潟県","city":"十日町市","town":"越ケ沢"}],"0306":[{"pref":"新潟県","city":"十日町市","town":"小白倉"}],"0051":[{"pref":"新潟県","city":"十日町市","town":"寿町"}],"0125":[{"pref":"新潟県","city":"十日町市","town":"小根岸"}],"0218":[{"pref":"新潟県","city":"十日町市","town":"小脇"}],"0068":[{"pref":"新潟県","city":"十日町市","town":"栄町"}],"0058":[{"pref":"新潟県","city":"十日町市","town":"桜木町"}],"0112":[{"pref":"新潟県","city":"十日町市","town":"真田乙"}],"0111":[{"pref":"新潟県","city":"十日町市","town":"真田甲"}],"0113":[{"pref":"新潟県","city":"十日町市","town":"真田丁"}],"0114":[{"pref":"新潟県","city":"十日町市","town":"真田丙"}],"0015":[{"pref":"新潟県","city":"十日町市","town":"猿倉"}],"0124":[{"pref":"新潟県","city":"十日町市","town":"三領"}],"0002":[{"pref":"新潟県","city":"十日町市","town":"三和町"}],"0039":[{"pref":"新潟県","city":"十日町市","town":"塩ノ又"}],"0095":[{"pref":"新潟県","city":"十日町市","town":"下島"}],"0123":[{"pref":"新潟県","city":"十日町市","town":"下平新田"}],"0084":[{"pref":"新潟県","city":"十日町市","town":"七軒町"}],"0004":[{"pref":"新潟県","city":"十日町市","town":"下川原町"}],"0141":[{"pref":"新潟県","city":"十日町市","town":"霜条"}],"0061":[{"pref":"新潟県","city":"十日町市","town":"昭和町"}],"0012":[{"pref":"新潟県","city":"十日町市","town":"新座（第１、２）"}],"0011":[{"pref":"新潟県","city":"十日町市","town":"新座（第３、４）"}],"0025":[{"pref":"新潟県","city":"十日町市","town":"神明町"}],"0017":[{"pref":"新潟県","city":"十日町市","town":"菅沼"}],"0076":[{"pref":"新潟県","city":"十日町市","town":"住吉町"}],"0024":[{"pref":"新潟県","city":"十日町市","town":"諏訪町"}],"0087":[{"pref":"新潟県","city":"十日町市","town":"関口樋口町"}],"0032":[{"pref":"新潟県","city":"十日町市","town":"関根"}],"0217":[{"pref":"新潟県","city":"十日町市","town":"高倉"}],"0107":[{"pref":"新潟県","city":"十日町市","town":"高島"}],"0056":[{"pref":"新潟県","city":"十日町市","town":"高田町（６丁目）"},{"pref":"新潟県","city":"十日町市","town":"高田町四丁目"},{"pref":"新潟県","city":"十日町市","town":"高田町五丁目"},{"pref":"新潟県","city":"十日町市","town":"高田町六丁目"}],"0063":[{"pref":"新潟県","city":"十日町市","town":"高田町一丁目"}],"0064":[{"pref":"新潟県","city":"十日町市","town":"高田町二丁目"}],"0065":[{"pref":"新潟県","city":"十日町市","town":"高田町三丁目"},{"pref":"新潟県","city":"十日町市","town":"高田町三丁目西"},{"pref":"新潟県","city":"十日町市","town":"高田町三丁目南"}],"0136":[{"pref":"新潟県","city":"十日町市","town":"高原田"}],"0055":[{"pref":"新潟県","city":"十日町市","town":"高山"}],"0021":[{"pref":"新潟県","city":"十日町市","town":"田川町"}],"0047":[{"pref":"新潟県","city":"十日町市","town":"城之古"}],"0215":[{"pref":"新潟県","city":"十日町市","town":"田戸"}],"0028":[{"pref":"新潟県","city":"十日町市","town":"田中町西"},{"pref":"新潟県","city":"十日町市","town":"田中町東"},{"pref":"新潟県","city":"十日町市","town":"田中町本通り"}],"0044":[{"pref":"新潟県","city":"十日町市","town":"田麦"}],"0104":[{"pref":"新潟県","city":"十日町市","town":"樽沢"}],"0067":[{"pref":"新潟県","city":"十日町市","town":"千歳町"}],"0078":[{"pref":"新潟県","city":"十日町市","town":"千代田町"}],"0016":[{"pref":"新潟県","city":"十日町市","town":"津池"}],"0054":[{"pref":"新潟県","city":"十日町市","town":"塚原町"}],"0145":[{"pref":"新潟県","city":"十日町市","town":"坪山"}],"0037":[{"pref":"新潟県","city":"十日町市","town":"妻有町"}],"0146":[{"pref":"新潟県","city":"十日町市","town":"鶴吉"}],"0303":[{"pref":"新潟県","city":"十日町市","town":"寺ケ崎"}],"0142":[{"pref":"新潟県","city":"十日町市","town":"東善寺"}],"0019":[{"pref":"新潟県","city":"十日町市","town":"十日町赤倉"}],"0132":[{"pref":"新潟県","city":"十日町市","town":"友重"}],"0214":[{"pref":"新潟県","city":"十日町市","town":"中仙田"}],"0042":[{"pref":"新潟県","city":"十日町市","town":"中村"}],"0135":[{"pref":"新潟県","city":"十日町市","town":"中屋敷"}],"0074":[{"pref":"新潟県","city":"十日町市","town":"西浦町西"},{"pref":"新潟県","city":"十日町市","town":"西浦町東"}],"0053":[{"pref":"新潟県","city":"十日町市","town":"錦町"}],"0085":[{"pref":"新潟県","city":"十日町市","town":"西寺町"}],"0072":[{"pref":"新潟県","city":"十日町市","town":"西本町"}],"0302":[{"pref":"新潟県","city":"十日町市","town":"仁田"}],"0301":[{"pref":"新潟県","city":"十日町市","town":"野口"}],"0071":[{"pref":"新潟県","city":"十日町市","town":"八幡田町"}],"0033":[{"pref":"新潟県","city":"十日町市","town":"八箇"}],"0066":[{"pref":"新潟県","city":"十日町市","town":"袋町中"},{"pref":"新潟県","city":"十日町市","town":"袋町西"},{"pref":"新潟県","city":"十日町市","town":"袋町東"}],"0034":[{"pref":"新潟県","city":"十日町市","town":"二ツ屋"}],"0049":[{"pref":"新潟県","city":"十日町市","town":"船坂"}],"0003":[{"pref":"新潟県","city":"十日町市","town":"本町（７丁目）"},{"pref":"新潟県","city":"十日町市","town":"本町六の一丁目"},{"pref":"新潟県","city":"十日町市","town":"本町六の二丁目"},{"pref":"新潟県","city":"十日町市","town":"本町六の三丁目"}],"0083":[{"pref":"新潟県","city":"十日町市","town":"本町一丁目上"},{"pref":"新潟県","city":"十日町市","town":"本町一丁目下"},{"pref":"新潟県","city":"十日町市","town":"本町西一丁目"},{"pref":"新潟県","city":"十日町市","town":"本町東一丁目"}],"0082":[{"pref":"新潟県","city":"十日町市","town":"本町二丁目"},{"pref":"新潟県","city":"十日町市","town":"本町三丁目"},{"pref":"新潟県","city":"十日町市","town":"本町四丁目"}],"0081":[{"pref":"新潟県","city":"十日町市","town":"本町五丁目"}],"0075":[{"pref":"新潟県","city":"十日町市","town":"丸山町"}],"0026":[{"pref":"新潟県","city":"十日町市","town":"水野町"}],"0144":[{"pref":"新潟県","city":"十日町市","town":"水口沢"}],"0106":[{"pref":"新潟県","city":"十日町市","town":"南鐙坂"}],"0005":[{"pref":"新潟県","city":"十日町市","town":"南新田町"}],"0023":[{"pref":"新潟県","city":"十日町市","town":"宮下町西"},{"pref":"新潟県","city":"十日町市","town":"宮下町東"}],"0052":[{"pref":"新潟県","city":"十日町市","town":"美雪町"}],"0216":[{"pref":"新潟県","city":"十日町市","town":"室島"}],"0048":[{"pref":"新潟県","city":"十日町市","town":"谷内丑"}],"0143":[{"pref":"新潟県","city":"十日町市","town":"山野田"}],"0031":[{"pref":"新潟県","city":"十日町市","town":"山本町"}],"0102":[{"pref":"新潟県","city":"十日町市","town":"山谷"}],"0006":[{"pref":"新潟県","city":"十日町市","town":"四日町"}],"0007":[{"pref":"新潟県","city":"十日町市","town":"四日町新田"}],"0043":[{"pref":"新潟県","city":"十日町市","town":"六箇山谷"}],"0027":[{"pref":"新潟県","city":"十日町市","town":"若宮町"}]}