{"0000":[{"pref":"福岡県","city":"柳川市","town":"以下に掲載がない場合"}],"0026":[{"pref":"福岡県","city":"柳川市","town":"曙町"}],"0022":[{"pref":"福岡県","city":"柳川市","town":"旭町"}],"0054":[{"pref":"福岡県","city":"柳川市","town":"有明町"}],"0042":[{"pref":"福岡県","city":"柳川市","town":"一新町"}],"0066":[{"pref":"福岡県","city":"柳川市","town":"稲荷町"}],"0025":[{"pref":"福岡県","city":"柳川市","town":"恵美須町"}],"0046":[{"pref":"福岡県","city":"柳川市","town":"奥州町"}],"0053":[{"pref":"福岡県","city":"柳川市","town":"大浜町"}],"0065":[{"pref":"福岡県","city":"柳川市","town":"沖端町"}],"0067":[{"pref":"福岡県","city":"柳川市","town":"鬼童町"}],"0073":[{"pref":"福岡県","city":"柳川市","town":"鍛冶屋町"}],"0041":[{"pref":"福岡県","city":"柳川市","town":"片原町"}],"0016":[{"pref":"福岡県","city":"柳川市","town":"蟹町"}],"0013":[{"pref":"福岡県","city":"柳川市","town":"上町"}],"0058":[{"pref":"福岡県","city":"柳川市","town":"上宮永町"}],"0007":[{"pref":"福岡県","city":"柳川市","town":"金納"}],"0001":[{"pref":"福岡県","city":"柳川市","town":"蒲生"}],"0034":[{"pref":"福岡県","city":"柳川市","town":"北長柄町"}],"0023":[{"pref":"福岡県","city":"柳川市","town":"京町"}],"0086":[{"pref":"福岡県","city":"柳川市","town":"久々原"}],"0072":[{"pref":"福岡県","city":"柳川市","town":"糀屋町"}],"0082":[{"pref":"福岡県","city":"柳川市","town":"古賀"}],"0036":[{"pref":"福岡県","city":"柳川市","town":"小道具町"}],"0037":[{"pref":"福岡県","city":"柳川市","town":"細工町"}],"0017":[{"pref":"福岡県","city":"柳川市","town":"材木町"}],"0076":[{"pref":"福岡県","city":"柳川市","town":"坂本町"}],"0059":[{"pref":"福岡県","city":"柳川市","town":"下宮永町"}],"0068":[{"pref":"福岡県","city":"柳川市","town":"城隅町"}],"0084":[{"pref":"福岡県","city":"柳川市","town":"昭南町"}],"0062":[{"pref":"福岡県","city":"柳川市","town":"城南町"}],"0071":[{"pref":"福岡県","city":"柳川市","town":"新船津町"}],"0069":[{"pref":"福岡県","city":"柳川市","town":"新外町"}],"0032":[{"pref":"福岡県","city":"柳川市","town":"新町"}],"0021":[{"pref":"福岡県","city":"柳川市","town":"隅町"}],"0002":[{"pref":"福岡県","city":"柳川市","town":"高島"}],"0003":[{"pref":"福岡県","city":"柳川市","town":"立石"}],"0089":[{"pref":"福岡県","city":"柳川市","town":"田脇"}],"0077":[{"pref":"福岡県","city":"柳川市","town":"筑紫町"}],"0051":[{"pref":"福岡県","city":"柳川市","town":"佃町"}],"0024":[{"pref":"福岡県","city":"柳川市","town":"辻町"}],"0031":[{"pref":"福岡県","city":"柳川市","town":"椿原町"}],"0043":[{"pref":"福岡県","city":"柳川市","town":"出来町"}],"0028":[{"pref":"福岡県","city":"柳川市","town":"常盤町"}],"0012":[{"pref":"福岡県","city":"柳川市","town":"中町"}],"0087":[{"pref":"福岡県","city":"柳川市","town":"七ツ家"}],"0015":[{"pref":"福岡県","city":"柳川市","town":"西魚屋町"}],"0005":[{"pref":"福岡県","city":"柳川市","town":"西蒲池"}],"0081":[{"pref":"福岡県","city":"柳川市","town":"西浜武"}],"0088":[{"pref":"福岡県","city":"柳川市","town":"間"}],"0052":[{"pref":"福岡県","city":"柳川市","town":"橋本町"}],"0029":[{"pref":"福岡県","city":"柳川市","town":"八軒町"}],"0035":[{"pref":"福岡県","city":"柳川市","town":"東魚屋町"}],"0006":[{"pref":"福岡県","city":"柳川市","town":"東蒲池"}],"0044":[{"pref":"福岡県","city":"柳川市","town":"袋町"}],"0011":[{"pref":"福岡県","city":"柳川市","town":"保加町"}],"0061":[{"pref":"福岡県","city":"柳川市","town":"本城町"}],"0045":[{"pref":"福岡県","city":"柳川市","town":"本町"}],"0805":[{"pref":"福岡県","city":"柳川市","town":"三橋町磯鳥"}],"0823":[{"pref":"福岡県","city":"柳川市","town":"三橋町今古賀"}],"0807":[{"pref":"福岡県","city":"柳川市","town":"三橋町枝光"}],"0825":[{"pref":"福岡県","city":"柳川市","town":"三橋町江曲"}],"0801":[{"pref":"福岡県","city":"柳川市","town":"三橋町起田"}],"0827":[{"pref":"福岡県","city":"柳川市","town":"三橋町蒲船津"}],"0804":[{"pref":"福岡県","city":"柳川市","town":"三橋町木元"}],"0812":[{"pref":"福岡県","city":"柳川市","town":"三橋町五拾町"}],"0822":[{"pref":"福岡県","city":"柳川市","town":"三橋町下百町"}],"0815":[{"pref":"福岡県","city":"柳川市","town":"三橋町白鳥"}],"0826":[{"pref":"福岡県","city":"柳川市","town":"三橋町高畑"}],"0813":[{"pref":"福岡県","city":"柳川市","town":"三橋町棚町"}],"0814":[{"pref":"福岡県","city":"柳川市","town":"三橋町垂見"}],"0811":[{"pref":"福岡県","city":"柳川市","town":"三橋町中山"}],"0816":[{"pref":"福岡県","city":"柳川市","town":"三橋町久末"}],"0821":[{"pref":"福岡県","city":"柳川市","town":"三橋町百町"}],"0824":[{"pref":"福岡県","city":"柳川市","town":"三橋町藤吉"}],"0828":[{"pref":"福岡県","city":"柳川市","town":"三橋町正行"}],"0803":[{"pref":"福岡県","city":"柳川市","town":"三橋町新村"}],"0806":[{"pref":"福岡県","city":"柳川市","town":"三橋町柳河"}],"0802":[{"pref":"福岡県","city":"柳川市","town":"三橋町吉開"}],"0033":[{"pref":"福岡県","city":"柳川市","town":"南長柄町"}],"0083":[{"pref":"福岡県","city":"柳川市","town":"南浜武"}],"0064":[{"pref":"福岡県","city":"柳川市","town":"宮永町"}],"0063":[{"pref":"福岡県","city":"柳川市","town":"茂庵町"}],"0018":[{"pref":"福岡県","city":"柳川市","town":"本船津町"}],"0074":[{"pref":"福岡県","city":"柳川市","town":"元町"}],"0014":[{"pref":"福岡県","city":"柳川市","town":"八百屋町"}],"0004":[{"pref":"福岡県","city":"柳川市","town":"矢加部"}],"0057":[{"pref":"福岡県","city":"柳川市","town":"弥四郎町"}],"0056":[{"pref":"福岡県","city":"柳川市","town":"矢留本町"}],"0050":[{"pref":"福岡県","city":"柳川市","town":"矢留町"}],"0075":[{"pref":"福岡県","city":"柳川市","town":"柳町"}],"0027":[{"pref":"福岡県","city":"柳川市","town":"横山町"}],"0055":[{"pref":"福岡県","city":"柳川市","town":"吉富町"}],"0085":[{"pref":"福岡県","city":"柳川市","town":"吉原"}]}