{"1101":[{"pref":"山口県","city":"下関市","town":"吉田"}],"1102":[{"pref":"山口県","city":"下関市","town":"吉田地方"}],"1111":[{"pref":"山口県","city":"下関市","town":"宇津井"}],"1112":[{"pref":"山口県","city":"下関市","town":"木屋川本町"}],"1113":[{"pref":"山口県","city":"下関市","town":"木屋川南町"}],"1114":[{"pref":"山口県","city":"下関市","town":"王喜本町"}],"1115":[{"pref":"山口県","city":"下関市","town":"王喜宇津井"}],"1116":[{"pref":"山口県","city":"下関市","town":"白崎"}],"1121":[{"pref":"山口県","city":"下関市","town":"松屋"}],"1122":[{"pref":"山口県","city":"下関市","town":"松屋上町"}],"1123":[{"pref":"山口県","city":"下関市","town":"松屋東町"}],"1124":[{"pref":"山口県","city":"下関市","town":"松屋本町"}],"1131":[{"pref":"山口県","city":"下関市","town":"小月町"}],"1132":[{"pref":"山口県","city":"下関市","town":"小月宮の町"}],"1133":[{"pref":"山口県","city":"下関市","town":"小月高雄町"}],"1134":[{"pref":"山口県","city":"下関市","town":"小月京泊"}],"1135":[{"pref":"山口県","city":"下関市","town":"小月西の台"}],"1136":[{"pref":"山口県","city":"下関市","town":"小月小島"}],"1137":[{"pref":"山口県","city":"下関市","town":"小月南町"}],"1141":[{"pref":"山口県","city":"下関市","town":"小月幸町"}],"1142":[{"pref":"山口県","city":"下関市","town":"小月本町"}],"1143":[{"pref":"山口県","city":"下関市","town":"小月駅前"}],"1144":[{"pref":"山口県","city":"下関市","town":"小月茶屋"}],"1145":[{"pref":"山口県","city":"下関市","town":"小月杉迫"}],"1146":[{"pref":"山口県","city":"下関市","town":"小月公園町"}],"1147":[{"pref":"山口県","city":"下関市","town":"小月市原町"}],"1151":[{"pref":"山口県","city":"下関市","town":"清末"}],"1152":[{"pref":"山口県","city":"下関市","town":"清末陣屋"}],"1153":[{"pref":"山口県","city":"下関市","town":"清末鞍馬"}],"1154":[{"pref":"山口県","city":"下関市","town":"清末本町"}],"1155":[{"pref":"山口県","city":"下関市","town":"清末中町"}],"1156":[{"pref":"山口県","city":"下関市","town":"清末東町"}],"1161":[{"pref":"山口県","city":"下関市","town":"清末西町"}],"1162":[{"pref":"山口県","city":"下関市","town":"清末五毛"}],"1163":[{"pref":"山口県","city":"下関市","town":"清末千房"}],"1164":[{"pref":"山口県","city":"下関市","town":"清末大門"}],"1171":[{"pref":"山口県","city":"下関市","town":"阿内"}],"0000":[{"pref":"山口県","city":"下関市","town":"以下に掲載がない場合"}],"0007":[{"pref":"山口県","city":"下関市","town":"赤間町"}],"0003":[{"pref":"山口県","city":"下関市","town":"阿弥陀寺町"}],"0036":[{"pref":"山口県","city":"下関市","town":"あるかぽーと"}],"0065":[{"pref":"山口県","city":"下関市","town":"伊崎町"}],"0064":[{"pref":"山口県","city":"下関市","town":"今浦町"}],"0013":[{"pref":"山口県","city":"下関市","town":"入江町"}],"0027":[{"pref":"山口県","city":"下関市","town":"上条町"}],"0251":[{"pref":"山口県","city":"下関市","town":"植田"}],"0252":[{"pref":"山口県","city":"下関市","town":"内日上"}],"0253":[{"pref":"山口県","city":"下関市","town":"内日下"}],"0051":[{"pref":"山口県","city":"下関市","town":"大坪本町"}],"0031":[{"pref":"山口県","city":"下関市","town":"春日町"}],"0061":[{"pref":"山口県","city":"下関市","town":"上新地町"}],"0009":[{"pref":"山口県","city":"下関市","town":"上田中町"}],"0005":[{"pref":"山口県","city":"下関市","town":"唐戸町"}],"0032":[{"pref":"山口県","city":"下関市","town":"関西町"}],"0022":[{"pref":"山口県","city":"下関市","town":"関西本町"}],"0044":[{"pref":"山口県","city":"下関市","town":"神田町"}],"0012":[{"pref":"山口県","city":"下関市","town":"観音崎町"}],"0311":[{"pref":"山口県","city":"下関市","town":"菊川町上大野"}],"0321":[{"pref":"山口県","city":"下関市","town":"菊川町上岡枝"}],"0314":[{"pref":"山口県","city":"下関市","town":"菊川町上田部"}],"0307":[{"pref":"山口県","city":"下関市","town":"菊川町上保木"}],"0325":[{"pref":"山口県","city":"下関市","town":"菊川町貴飯"}],"0305":[{"pref":"山口県","city":"下関市","town":"菊川町轡井"}],"0324":[{"pref":"山口県","city":"下関市","town":"菊川町久野"}],"0312":[{"pref":"山口県","city":"下関市","town":"菊川町下大野"}],"0317":[{"pref":"山口県","city":"下関市","town":"菊川町下岡枝"}],"0306":[{"pref":"山口県","city":"下関市","town":"菊川町下保木"}],"0313":[{"pref":"山口県","city":"下関市","town":"菊川町田部"}],"0315":[{"pref":"山口県","city":"下関市","town":"菊川町七見"}],"0322":[{"pref":"山口県","city":"下関市","town":"菊川町楢崎"}],"0301":[{"pref":"山口県","city":"下関市","town":"菊川町西中山"}],"0323":[{"pref":"山口県","city":"下関市","town":"菊川町日新"}],"0302":[{"pref":"山口県","city":"下関市","town":"菊川町東中山"}],"0304":[{"pref":"山口県","city":"下関市","town":"菊川町道市"}],"0303":[{"pref":"山口県","city":"下関市","town":"菊川町樅ノ木"}],"0316":[{"pref":"山口県","city":"下関市","town":"菊川町吉賀"}],"0041":[{"pref":"山口県","city":"下関市","town":"向洋町"}],"0058":[{"pref":"山口県","city":"下関市","town":"金比羅町"}],"0001":[{"pref":"山口県","city":"下関市","town":"幸町"}],"0049":[{"pref":"山口県","city":"下関市","town":"栄町"}],"0035":[{"pref":"山口県","city":"下関市","town":"桜山町"}],"0024":[{"pref":"山口県","city":"下関市","town":"笹山町"}],"0059":[{"pref":"山口県","city":"下関市","town":"汐入町"}],"0063":[{"pref":"山口県","city":"下関市","town":"新地町"}],"0062":[{"pref":"山口県","city":"下関市","town":"新地西町"}],"0057":[{"pref":"山口県","city":"下関市","town":"筋川町"}],"0056":[{"pref":"山口県","city":"下関市","town":"筋ケ浜町"}],"0053":[{"pref":"山口県","city":"下関市","town":"大平町"}],"0025":[{"pref":"山口県","city":"下関市","town":"竹崎町"}],"0008":[{"pref":"山口県","city":"下関市","town":"田中町"}],"0042":[{"pref":"山口県","city":"下関市","town":"中央町"}],"0451":[{"pref":"山口県","city":"下関市","town":"豊田町阿座上"}],"0404":[{"pref":"山口県","city":"下関市","town":"豊田町荒木"}],"0403":[{"pref":"山口県","city":"下関市","town":"豊田町一ノ俣"}],"0412":[{"pref":"山口県","city":"下関市","town":"豊田町稲見"}],"0442":[{"pref":"山口県","city":"下関市","town":"豊田町稲光"}],"0431":[{"pref":"山口県","city":"下関市","town":"豊田町今出"}],"0415":[{"pref":"山口県","city":"下関市","town":"豊田町浮石"}],"0411":[{"pref":"山口県","city":"下関市","town":"豊田町宇内"}],"0452":[{"pref":"山口県","city":"下関市","town":"豊田町江良"}],"0433":[{"pref":"山口県","city":"下関市","town":"豊田町大河内"}],"0455":[{"pref":"山口県","city":"下関市","town":"豊田町城戸"}],"0413":[{"pref":"山口県","city":"下関市","town":"豊田町金道"}],"0402":[{"pref":"山口県","city":"下関市","town":"豊田町佐野"}],"0432":[{"pref":"山口県","city":"下関市","town":"豊田町地吉"}],"0416":[{"pref":"山口県","city":"下関市","town":"豊田町鷹子"}],"0446":[{"pref":"山口県","city":"下関市","town":"豊田町高山"}],"0453":[{"pref":"山口県","city":"下関市","town":"豊田町手洗"}],"0401":[{"pref":"山口県","city":"下関市","town":"豊田町殿居"}],"0421":[{"pref":"山口県","city":"下関市","town":"豊田町殿敷"}],"0441":[{"pref":"山口県","city":"下関市","town":"豊田町中村"}],"0422":[{"pref":"山口県","city":"下関市","town":"豊田町楢原"}],"0423":[{"pref":"山口県","city":"下関市","town":"豊田町西市"}],"0454":[{"pref":"山口県","city":"下関市","town":"豊田町西長野"}],"0425":[{"pref":"山口県","city":"下関市","town":"豊田町庭田"}],"0444":[{"pref":"山口県","city":"下関市","town":"豊田町萩原"}],"0445":[{"pref":"山口県","city":"下関市","town":"豊田町東長野"}],"0443":[{"pref":"山口県","city":"下関市","town":"豊田町日野"}],"0405":[{"pref":"山口県","city":"下関市","town":"豊田町杢路子"}],"0414":[{"pref":"山口県","city":"下関市","town":"豊田町八道"}],"0424":[{"pref":"山口県","city":"下関市","town":"豊田町矢田"}],"0004":[{"pref":"山口県","city":"下関市","town":"中之町"}],"0023":[{"pref":"山口県","city":"下関市","town":"長崎新町"}],"0021":[{"pref":"山口県","city":"下関市","town":"長崎中央町"}],"0028":[{"pref":"山口県","city":"下関市","town":"長崎本町"}],"0029":[{"pref":"山口県","city":"下関市","town":"長崎町"}],"0026":[{"pref":"山口県","city":"下関市","town":"長門町"}],"0006":[{"pref":"山口県","city":"下関市","town":"南部町"}],"0015":[{"pref":"山口県","city":"下関市","town":"西入江町"}],"0054":[{"pref":"山口県","city":"下関市","town":"西大坪町"}],"0034":[{"pref":"山口県","city":"下関市","town":"西神田町"}],"0014":[{"pref":"山口県","city":"下関市","town":"岬之町"}],"0046":[{"pref":"山口県","city":"下関市","town":"羽山町"}],"0043":[{"pref":"山口県","city":"下関市","town":"東神田町"}],"0048":[{"pref":"山口県","city":"下関市","town":"東向山町"}],"0066":[{"pref":"山口県","city":"下関市","town":"東大和町"}],"0071":[{"pref":"山口県","city":"下関市","town":"彦島海士郷町"}],"0075":[{"pref":"山口県","city":"下関市","town":"彦島江の浦町"}],"0073":[{"pref":"山口県","city":"下関市","town":"彦島老の山公園"}],"0072":[{"pref":"山口県","city":"下関市","town":"彦島老町"}],"0083":[{"pref":"山口県","city":"下関市","town":"彦島桜ケ丘町"}],"0092":[{"pref":"山口県","city":"下関市","town":"彦島迫町"}],"0086":[{"pref":"山口県","city":"下関市","town":"彦島塩浜町"}],"0078":[{"pref":"山口県","city":"下関市","town":"彦島杉田町"}],"0081":[{"pref":"山口県","city":"下関市","town":"彦島角倉町"}],"0094":[{"pref":"山口県","city":"下関市","town":"彦島竹ノ子島町"}],"0085":[{"pref":"山口県","city":"下関市","town":"彦島田の首町"}],"0076":[{"pref":"山口県","city":"下関市","town":"彦島弟子待町"}],"0077":[{"pref":"山口県","city":"下関市","town":"彦島弟子待東町"}],"0093":[{"pref":"山口県","city":"下関市","town":"彦島西山町"}],"0087":[{"pref":"山口県","city":"下関市","town":"彦島福浦町"}],"0074":[{"pref":"山口県","city":"下関市","town":"彦島本村町"}],"0091":[{"pref":"山口県","city":"下関市","town":"彦島緑町"}],"0084":[{"pref":"山口県","city":"下関市","town":"彦島向井町"}],"0082":[{"pref":"山口県","city":"下関市","town":"彦島山中町"}],"0052":[{"pref":"山口県","city":"下関市","town":"藤附町"}],"0018":[{"pref":"山口県","city":"下関市","town":"豊前田町"}],"0017":[{"pref":"山口県","city":"下関市","town":"細江新町"}],"0016":[{"pref":"山口県","city":"下関市","town":"細江町"}],"0019":[{"pref":"山口県","city":"下関市","town":"丸山町"}],"0055":[{"pref":"山口県","city":"下関市","town":"南大坪町"}],"0002":[{"pref":"山口県","city":"下関市","town":"宮田町"}],"0047":[{"pref":"山口県","city":"下関市","town":"向山町"}],"0095":[{"pref":"山口県","city":"下関市","town":"六連島"}],"0011":[{"pref":"山口県","city":"下関市","town":"名池町"}],"0045":[{"pref":"山口県","city":"下関市","town":"元町"}],"0033":[{"pref":"山口県","city":"下関市","town":"山手町"}],"0067":[{"pref":"山口県","city":"下関市","town":"大和町"}],"0601":[{"pref":"山口県","city":"美祢市","town":"豊田前町麻生上"}],"0602":[{"pref":"山口県","city":"美祢市","town":"豊田前町麻生下"}],"0603":[{"pref":"山口県","city":"美祢市","town":"豊田前町今山"}],"0606":[{"pref":"山口県","city":"美祢市","town":"豊田前町嶽"}],"0605":[{"pref":"山口県","city":"美祢市","town":"豊田前町古烏帽子"}],"0604":[{"pref":"山口県","city":"美祢市","town":"豊田前町保々"}]}