{"1100":[{"pref":"岡山県","city":"総社市","town":"以下に掲載がない場合"}],"1101":[{"pref":"岡山県","city":"総社市","town":"奥坂"}],"1102":[{"pref":"岡山県","city":"総社市","town":"東阿曽"}],"1103":[{"pref":"岡山県","city":"総社市","town":"西阿曽"}],"1104":[{"pref":"岡山県","city":"総社市","town":"久米"}],"1105":[{"pref":"岡山県","city":"総社市","town":"黒尾"}],"1106":[{"pref":"岡山県","city":"総社市","town":"泉"}],"1111":[{"pref":"岡山県","city":"総社市","town":"長良"}],"1112":[{"pref":"岡山県","city":"総社市","town":"窪木"}],"1113":[{"pref":"岡山県","city":"総社市","town":"南溝手"}],"1114":[{"pref":"岡山県","city":"総社市","town":"金井戸"}],"1115":[{"pref":"岡山県","city":"総社市","town":"福井"}],"1116":[{"pref":"岡山県","city":"総社市","town":"刑部"}],"1117":[{"pref":"岡山県","city":"総社市","town":"北溝手"}],"1121":[{"pref":"岡山県","city":"総社市","town":"赤浜"}],"1122":[{"pref":"岡山県","city":"総社市","town":"下林"}],"1123":[{"pref":"岡山県","city":"総社市","town":"上林"}],"1124":[{"pref":"岡山県","city":"総社市","town":"三須"}],"1125":[{"pref":"岡山県","city":"総社市","town":"井手"}],"1126":[{"pref":"岡山県","city":"総社市","town":"総社"}],"1131":[{"pref":"岡山県","city":"総社市","town":"中央"}],"1132":[{"pref":"岡山県","city":"総社市","town":"三輪"}],"1133":[{"pref":"岡山県","city":"総社市","town":"中原"}],"1134":[{"pref":"岡山県","city":"総社市","town":"真壁"}],"1135":[{"pref":"岡山県","city":"総社市","town":"溝口"}],"1136":[{"pref":"岡山県","city":"総社市","town":"駅前"}],"1137":[{"pref":"岡山県","city":"総社市","town":"駅南"}],"1141":[{"pref":"岡山県","city":"総社市","town":"福谷"}],"1142":[{"pref":"岡山県","city":"総社市","town":"秦"}],"1143":[{"pref":"岡山県","city":"総社市","town":"上原"}],"1144":[{"pref":"岡山県","city":"総社市","town":"富原"}],"1145":[{"pref":"岡山県","city":"総社市","town":"下原"}],"1146":[{"pref":"岡山県","city":"総社市","town":"八代"}],"1151":[{"pref":"岡山県","city":"総社市","town":"槇谷"}],"1152":[{"pref":"岡山県","city":"総社市","town":"見延"}],"1153":[{"pref":"岡山県","city":"総社市","town":"宍粟"}],"1154":[{"pref":"岡山県","city":"総社市","town":"井尻野"}],"1155":[{"pref":"岡山県","city":"総社市","town":"小寺"}],"1156":[{"pref":"岡山県","city":"総社市","town":"門田"}],"1161":[{"pref":"岡山県","city":"総社市","town":"宿"}],"1162":[{"pref":"岡山県","city":"総社市","town":"岡谷"}],"1163":[{"pref":"岡山県","city":"総社市","town":"地頭片山"}],"1164":[{"pref":"岡山県","city":"総社市","town":"西郡"}],"1165":[{"pref":"岡山県","city":"総社市","town":"西坂台"}],"1171":[{"pref":"岡山県","city":"総社市","town":"清音三因"}],"1172":[{"pref":"岡山県","city":"総社市","town":"清音軽部"}],"1173":[{"pref":"岡山県","city":"総社市","town":"清音黒田"}],"1174":[{"pref":"岡山県","city":"総社市","town":"清音古地"}],"1175":[{"pref":"岡山県","city":"総社市","town":"清音上中島"}],"1176":[{"pref":"岡山県","city":"総社市","town":"清音柿木"}],"1311":[{"pref":"岡山県","city":"総社市","town":"美袋"}],"1312":[{"pref":"岡山県","city":"総社市","town":"種井"}],"1313":[{"pref":"岡山県","city":"総社市","town":"槁"}],"1314":[{"pref":"岡山県","city":"総社市","town":"延原"}],"1315":[{"pref":"岡山県","city":"総社市","town":"宇山"}],"1316":[{"pref":"岡山県","city":"総社市","town":"日羽"}],"1321":[{"pref":"岡山県","city":"総社市","town":"下倉"}],"1322":[{"pref":"岡山県","city":"総社市","town":"影"}],"1323":[{"pref":"岡山県","city":"総社市","town":"中尾"}],"1324":[{"pref":"岡山県","city":"総社市","town":"原"}],"2121":[{"pref":"岡山県","city":"高梁市","town":"川面町"}],"2122":[{"pref":"岡山県","city":"高梁市","town":"高倉町田井"}],"2123":[{"pref":"岡山県","city":"高梁市","town":"高倉町飯部"}],"2231":[{"pref":"岡山県","city":"高梁市","town":"宇治町遠原"}],"2232":[{"pref":"岡山県","city":"高梁市","town":"宇治町宇治"}],"2233":[{"pref":"岡山県","city":"高梁市","town":"宇治町穴田"}],"2234":[{"pref":"岡山県","city":"高梁市","town":"宇治町本郷"}],"2341":[{"pref":"岡山県","city":"高梁市","town":"成羽町吹屋"}],"2342":[{"pref":"岡山県","city":"高梁市","town":"成羽町中野"}],"2343":[{"pref":"岡山県","city":"高梁市","town":"成羽町坂本"}],"2401":[{"pref":"岡山県","city":"高梁市","town":"中井町津々"}],"2402":[{"pref":"岡山県","city":"高梁市","town":"中井町西方"}],"2551":[{"pref":"岡山県","city":"新見市","town":"井倉"}],"2552":[{"pref":"岡山県","city":"新見市","town":"法曽"}],"2641":[{"pref":"岡山県","city":"新見市","town":"草間（その他）"}],"2642":[{"pref":"岡山県","city":"新見市","town":"足見"}],"2643":[{"pref":"岡山県","city":"新見市","town":"土橋（その他）"}],"2721":[{"pref":"岡山県","city":"新見市","town":"豊永赤馬"}],"2722":[{"pref":"岡山県","city":"新見市","town":"豊永佐伏"}],"2723":[{"pref":"岡山県","city":"新見市","town":"豊永宇山"}],"2731":[{"pref":"岡山県","city":"新見市","town":"土橋（落方、寺内）"}],"2732":[{"pref":"岡山県","city":"新見市","town":"草間（下湯川、横畑）"}],"2801":[{"pref":"岡山県","city":"新見市","town":"神郷釜村"}],"2802":[{"pref":"岡山県","city":"新見市","town":"神郷高瀬"}],"3100":[{"pref":"岡山県","city":"真庭市","town":"以下に掲載がない場合"}],"3101":[{"pref":"岡山県","city":"真庭市","town":"赤野"}],"3102":[{"pref":"岡山県","city":"真庭市","town":"大庭"}],"3103":[{"pref":"岡山県","city":"真庭市","town":"古見"}],"3104":[{"pref":"岡山県","city":"真庭市","town":"田原"}],"3105":[{"pref":"岡山県","city":"真庭市","town":"西原"}],"3106":[{"pref":"岡山県","city":"真庭市","town":"野川"}],"3107":[{"pref":"岡山県","city":"真庭市","town":"平松"}],"3111":[{"pref":"岡山県","city":"真庭市","town":"開田"}],"3112":[{"pref":"岡山県","city":"真庭市","town":"影"}],"3113":[{"pref":"岡山県","city":"真庭市","town":"杉山"}],"3114":[{"pref":"岡山県","city":"真庭市","town":"高屋"}],"3115":[{"pref":"岡山県","city":"真庭市","town":"中"}],"3116":[{"pref":"岡山県","city":"真庭市","town":"日名"}],"3117":[{"pref":"岡山県","city":"真庭市","town":"福田"}],"3121":[{"pref":"岡山県","city":"真庭市","town":"上河内"}],"3122":[{"pref":"岡山県","city":"真庭市","town":"下河内"}],"3123":[{"pref":"岡山県","city":"真庭市","town":"下見"}],"3124":[{"pref":"岡山県","city":"真庭市","town":"中河内"}],"3125":[{"pref":"岡山県","city":"真庭市","town":"法界寺"}],"3126":[{"pref":"岡山県","city":"真庭市","town":"向津矢"}],"3131":[{"pref":"岡山県","city":"真庭市","town":"上山"}],"3132":[{"pref":"岡山県","city":"真庭市","town":"田原山上"}],"3133":[{"pref":"岡山県","city":"真庭市","town":"旦土"}],"3134":[{"pref":"岡山県","city":"真庭市","town":"野原"}],"3135":[{"pref":"岡山県","city":"真庭市","town":"舞高"}],"3136":[{"pref":"岡山県","city":"真庭市","town":"吉"}],"3141":[{"pref":"岡山県","city":"真庭市","town":"上市瀬"}],"3142":[{"pref":"岡山県","city":"真庭市","town":"木山"}],"3143":[{"pref":"岡山県","city":"真庭市","town":"下市瀬"}],"3144":[{"pref":"岡山県","city":"真庭市","town":"落合垂水"}],"3145":[{"pref":"岡山県","city":"真庭市","town":"西河内"}],"3146":[{"pref":"岡山県","city":"真庭市","town":"日野上"}],"3151":[{"pref":"岡山県","city":"真庭市","town":"一色"}],"3152":[{"pref":"岡山県","city":"真庭市","town":"鹿田"}],"3153":[{"pref":"岡山県","city":"真庭市","town":"栗原"}],"3154":[{"pref":"岡山県","city":"真庭市","town":"佐引"}],"3155":[{"pref":"岡山県","city":"真庭市","town":"下方"}],"3156":[{"pref":"岡山県","city":"真庭市","town":"関"}],"3157":[{"pref":"岡山県","city":"真庭市","town":"別所"}],"3201":[{"pref":"岡山県","city":"真庭市","town":"久世"}],"3202":[{"pref":"岡山県","city":"真庭市","town":"中島"}],"3203":[{"pref":"岡山県","city":"真庭市","town":"富尾"}],"3204":[{"pref":"岡山県","city":"真庭市","town":"惣"}],"3205":[{"pref":"岡山県","city":"真庭市","town":"草加部"}],"3206":[{"pref":"岡山県","city":"真庭市","town":"神"}],"3211":[{"pref":"岡山県","city":"真庭市","town":"樫西"}],"3212":[{"pref":"岡山県","city":"真庭市","town":"三阪"}],"3213":[{"pref":"岡山県","city":"真庭市","town":"多田"}],"3214":[{"pref":"岡山県","city":"真庭市","town":"鍋屋"}],"3221":[{"pref":"岡山県","city":"真庭市","town":"余野上"}],"3222":[{"pref":"岡山県","city":"真庭市","town":"余野下"}],"3223":[{"pref":"岡山県","city":"真庭市","town":"樫東"}],"3224":[{"pref":"岡山県","city":"真庭市","town":"目木"}],"3225":[{"pref":"岡山県","city":"真庭市","town":"中原"}],"3226":[{"pref":"岡山県","city":"真庭市","town":"三崎"}],"3227":[{"pref":"岡山県","city":"真庭市","town":"台金屋"}],"3228":[{"pref":"岡山県","city":"真庭市","town":"五反"}],"3501":[{"pref":"岡山県","city":"新見市","town":"大佐大井野"}],"3502":[{"pref":"岡山県","city":"新見市","town":"大佐上刑部"}],"3503":[{"pref":"岡山県","city":"新見市","town":"大佐小阪部"}],"3504":[{"pref":"岡山県","city":"新見市","town":"大佐永富"}],"3505":[{"pref":"岡山県","city":"新見市","town":"大佐布瀬"}],"3506":[{"pref":"岡山県","city":"新見市","town":"大佐田治部"}],"3507":[{"pref":"岡山県","city":"新見市","town":"大佐小南"}],"3611":[{"pref":"岡山県","city":"新見市","town":"神郷下神代"}],"3612":[{"pref":"岡山県","city":"新見市","town":"神郷油野"}],"3701":[{"pref":"岡山県","city":"新見市","town":"哲西町矢田"}],"3702":[{"pref":"岡山県","city":"新見市","town":"哲西町上神代"}],"3811":[{"pref":"岡山県","city":"新見市","town":"哲西町大竹"}],"3812":[{"pref":"岡山県","city":"新見市","town":"哲西町畑木"}],"3813":[{"pref":"岡山県","city":"新見市","town":"哲西町八鳥"}],"3814":[{"pref":"岡山県","city":"新見市","town":"哲西町大野部"}],"0200":[{"pref":"岡山県","city":"浅口市","town":"以下に掲載がない場合"}],"0243":[{"pref":"岡山県","city":"浅口市","town":"鴨方町鴨方"}],"0231":[{"pref":"岡山県","city":"浅口市","town":"鴨方町小坂西"}],"0241":[{"pref":"岡山県","city":"浅口市","town":"鴨方町小坂東"}],"0233":[{"pref":"岡山県","city":"浅口市","town":"鴨方町地頭上"}],"0253":[{"pref":"岡山県","city":"浅口市","town":"鴨方町鳩ケ丘"}],"0244":[{"pref":"岡山県","city":"浅口市","town":"鴨方町深田"}],"0232":[{"pref":"岡山県","city":"浅口市","town":"鴨方町本庄"}],"0234":[{"pref":"岡山県","city":"浅口市","town":"鴨方町益坂"}],"0242":[{"pref":"岡山県","city":"浅口市","town":"鴨方町みどりケ丘"}],"0252":[{"pref":"岡山県","city":"浅口市","town":"鴨方町六条院中"}],"0251":[{"pref":"岡山県","city":"浅口市","town":"鴨方町六条院西"}],"0254":[{"pref":"岡山県","city":"浅口市","town":"鴨方町六条院東"}],"0105":[{"pref":"岡山県","city":"浅口市","town":"金光町占見"}],"0104":[{"pref":"岡山県","city":"浅口市","town":"金光町占見新田"}],"0111":[{"pref":"岡山県","city":"浅口市","town":"金光町大谷"}],"0221":[{"pref":"岡山県","city":"浅口市","town":"金光町上竹（遙照山）"}],"0101":[{"pref":"岡山県","city":"浅口市","town":"金光町上竹（その他）"}],"0113":[{"pref":"岡山県","city":"浅口市","town":"金光町佐方"}],"0106":[{"pref":"岡山県","city":"浅口市","town":"金光町地頭下"}],"0102":[{"pref":"岡山県","city":"浅口市","town":"金光町下竹"}],"0112":[{"pref":"岡山県","city":"浅口市","town":"金光町須恵"}],"0103":[{"pref":"岡山県","city":"浅口市","town":"金光町八重"}],"0300":[{"pref":"岡山県","city":"浅口郡里庄町","town":"以下に掲載がない場合"}],"0301":[{"pref":"岡山県","city":"浅口郡里庄町","town":"里見"}],"0302":[{"pref":"岡山県","city":"浅口郡里庄町","town":"新庄"}],"0304":[{"pref":"岡山県","city":"浅口郡里庄町","town":"新庄グリーンクレスト"}],"0303":[{"pref":"岡山県","city":"浅口郡里庄町","town":"浜中"}]}