{"0000":[{"pref":"栃木県","city":"栃木市","town":"以下に掲載がない場合"}],"0035":[{"pref":"栃木県","city":"栃木市","town":"旭町"}],"0131":[{"pref":"栃木県","city":"栃木市","town":"梓町"}],"0061":[{"pref":"栃木県","city":"栃木市","town":"新井町"}],"0062":[{"pref":"栃木県","city":"栃木市","town":"泉川町"}],"0014":[{"pref":"栃木県","city":"栃木市","town":"泉町"}],"0206":[{"pref":"栃木県","city":"栃木市","town":"出流町"}],"0027":[{"pref":"栃木県","city":"栃木市","town":"今泉町"}],"0016":[{"pref":"栃木県","city":"栃木市","town":"入舟町"}],"0052":[{"pref":"栃木県","city":"栃木市","town":"祝町"}],"0063":[{"pref":"栃木県","city":"栃木市","town":"岩出町"}],"0204":[{"pref":"栃木県","city":"栃木市","town":"梅沢町"}],"0202":[{"pref":"栃木県","city":"栃木市","town":"大久保町"}],"0007":[{"pref":"栃木県","city":"栃木市","town":"大塚町"}],"0068":[{"pref":"栃木県","city":"栃木市","town":"大皆川町"}],"0011":[{"pref":"栃木県","city":"栃木市","town":"大宮町"}],"0133":[{"pref":"栃木県","city":"栃木市","town":"大森町"}],"0065":[{"pref":"栃木県","city":"栃木市","town":"小野口町"}],"0072":[{"pref":"栃木県","city":"栃木市","town":"嘉右衛門町"}],"0066":[{"pref":"栃木県","city":"栃木市","town":"柏倉町"}],"0053":[{"pref":"栃木県","city":"栃木市","town":"片柳町"}],"0041":[{"pref":"栃木県","city":"栃木市","town":"河合町"}],"0123":[{"pref":"栃木県","city":"栃木市","town":"川原田町"}],"0032":[{"pref":"栃木県","city":"栃木市","town":"神田町"}],"0122":[{"pref":"栃木県","city":"栃木市","town":"木野地町"}],"0021":[{"pref":"栃木県","city":"栃木市","town":"久保田町"}],"0006":[{"pref":"栃木県","city":"栃木市","town":"国府町"}],"0023":[{"pref":"栃木県","city":"栃木市","town":"高谷町"}],"0073":[{"pref":"栃木県","city":"栃木市","town":"小平町"}],"0043":[{"pref":"栃木県","city":"栃木市","town":"境町"}],"0064":[{"pref":"栃木県","city":"栃木市","town":"志鳥町"}],"0033":[{"pref":"栃木県","city":"栃木市","town":"城内町"}],"0013":[{"pref":"栃木県","city":"栃木市","town":"昭和町"}],"0203":[{"pref":"栃木県","city":"栃木市","town":"尻内町"}],"0002":[{"pref":"栃木県","city":"栃木市","town":"惣社町"}],"0074":[{"pref":"栃木県","city":"栃木市","town":"薗部町"}],"0003":[{"pref":"栃木県","city":"栃木市","town":"大光寺町"}],"0071":[{"pref":"栃木県","city":"栃木市","town":"大町"}],"0004":[{"pref":"栃木県","city":"栃木市","town":"田村町"}],"0135":[{"pref":"栃木県","city":"栃木市","town":"千塚町"}],"0111":[{"pref":"栃木県","city":"栃木市","town":"都賀町家中"}],"0105":[{"pref":"栃木県","city":"栃木市","town":"都賀町臼久保"}],"0101":[{"pref":"栃木県","city":"栃木市","town":"都賀町大柿"}],"0106":[{"pref":"栃木県","city":"栃木市","town":"都賀町大橋"}],"0113":[{"pref":"栃木県","city":"栃木市","town":"都賀町合戦場"}],"0104":[{"pref":"栃木県","city":"栃木市","town":"都賀町木"}],"0102":[{"pref":"栃木県","city":"栃木市","town":"都賀町富張"}],"0103":[{"pref":"栃木県","city":"栃木市","town":"都賀町原宿"}],"0112":[{"pref":"栃木県","city":"栃木市","town":"都賀町平川"}],"0107":[{"pref":"栃木県","city":"栃木市","town":"都賀町深沢"}],"0114":[{"pref":"栃木県","city":"栃木市","town":"都賀町升塚"}],"0132":[{"pref":"栃木県","city":"栃木市","town":"仲方町"}],"0025":[{"pref":"栃木県","city":"栃木市","town":"仲仕上町"}],"0205":[{"pref":"栃木県","city":"栃木市","town":"鍋山町"}],"0017":[{"pref":"栃木県","city":"栃木市","town":"錦町"}],"0042":[{"pref":"栃木県","city":"栃木市","town":"沼和田町"}],"0124":[{"pref":"栃木県","city":"栃木市","town":"野中町"}],"0075":[{"pref":"栃木県","city":"栃木市","town":"箱森町"}],"0024":[{"pref":"栃木県","city":"栃木市","town":"樋ノ口町"}],"0031":[{"pref":"栃木県","city":"栃木市","town":"日ノ出町"}],"0054":[{"pref":"栃木県","city":"栃木市","town":"平井町"}],"0012":[{"pref":"栃木県","city":"栃木市","town":"平柳町"}],"0125":[{"pref":"栃木県","city":"栃木市","town":"吹上町"}],"0026":[{"pref":"栃木県","city":"栃木市","town":"藤田町"}],"0044":[{"pref":"栃木県","city":"栃木市","town":"富士見町"}],"0201":[{"pref":"栃木県","city":"栃木市","town":"星野町"}],"0121":[{"pref":"栃木県","city":"栃木市","town":"細堀町"}],"0034":[{"pref":"栃木県","city":"栃木市","town":"本町"}],"0067":[{"pref":"栃木県","city":"栃木市","town":"皆川城内町"}],"0045":[{"pref":"栃木県","city":"栃木市","town":"湊町"}],"0022":[{"pref":"栃木県","city":"栃木市","town":"宮田町"}],"0134":[{"pref":"栃木県","city":"栃木市","town":"宮町"}],"0036":[{"pref":"栃木県","city":"栃木市","town":"室町"}],"0051":[{"pref":"栃木県","city":"栃木市","town":"柳橋町"}],"0001":[{"pref":"栃木県","city":"栃木市","town":"柳原町"}],"0037":[{"pref":"栃木県","city":"栃木市","town":"倭町"}],"0005":[{"pref":"栃木県","city":"栃木市","town":"寄居町"}],"0015":[{"pref":"栃木県","city":"栃木市","town":"万町"}],"0221":[{"pref":"栃木県","city":"佐野市","town":"仙波町（坂東、松ケ坂）"}],"0211":[{"pref":"栃木県","city":"鹿沼市","town":"上永野"}],"0212":[{"pref":"栃木県","city":"鹿沼市","town":"下永野"}]}