{"0000":[{"pref":"鳥取県","city":"岩美郡岩美町","town":"以下に掲載がない場合"}],"0002":[{"pref":"鳥取県","city":"岩美郡岩美町","town":"相谷"}],"0036":[{"pref":"鳥取県","city":"岩美郡岩美町","town":"相山"}],"0074":[{"pref":"鳥取県","city":"岩美郡岩美町","town":"網代"}],"0032":[{"pref":"鳥取県","city":"岩美郡岩美町","town":"洗井"}],"0055":[{"pref":"鳥取県","city":"岩美郡岩美町","town":"荒金"}],"0047":[{"pref":"鳥取県","city":"岩美郡岩美町","town":"池谷"}],"0024":[{"pref":"鳥取県","city":"岩美郡岩美町","town":"岩井"}],"0052":[{"pref":"鳥取県","city":"岩美郡岩美町","town":"岩常"}],"0072":[{"pref":"鳥取県","city":"岩美郡岩美町","town":"岩本"}],"0054":[{"pref":"鳥取県","city":"岩美郡岩美町","town":"院内"}],"0025":[{"pref":"鳥取県","city":"岩美郡岩美町","town":"宇治"}],"0003":[{"pref":"鳥取県","city":"岩美郡岩美町","town":"浦富"}],"0046":[{"pref":"鳥取県","city":"岩美郡岩美町","town":"延興寺"}],"0043":[{"pref":"鳥取県","city":"岩美郡岩美町","town":"大坂"}],"0063":[{"pref":"鳥取県","city":"岩美郡岩美町","town":"太田"}],"0073":[{"pref":"鳥取県","city":"岩美郡岩美町","town":"大谷"}],"0014":[{"pref":"鳥取県","city":"岩美郡岩美町","town":"大羽尾"}],"0042":[{"pref":"鳥取県","city":"岩美郡岩美町","town":"小田"}],"0062":[{"pref":"鳥取県","city":"岩美郡岩美町","town":"恩志"}],"0031":[{"pref":"鳥取県","city":"岩美郡岩美町","town":"蒲生"}],"0045":[{"pref":"鳥取県","city":"岩美郡岩美町","town":"唐川"}],"0051":[{"pref":"鳥取県","city":"岩美郡岩美町","town":"河崎"}],"0034":[{"pref":"鳥取県","city":"岩美郡岩美町","town":"銀山"}],"0011":[{"pref":"鳥取県","city":"岩美郡岩美町","town":"陸上"}],"0041":[{"pref":"鳥取県","city":"岩美郡岩美町","town":"黒谷"}],"0013":[{"pref":"鳥取県","city":"岩美郡岩美町","town":"小羽尾"}],"0022":[{"pref":"鳥取県","city":"岩美郡岩美町","town":"白地"}],"0053":[{"pref":"鳥取県","city":"岩美郡岩美町","town":"高住"}],"0061":[{"pref":"鳥取県","city":"岩美郡岩美町","town":"高山"}],"0071":[{"pref":"鳥取県","city":"岩美郡岩美町","town":"田後"}],"0012":[{"pref":"鳥取県","city":"岩美郡岩美町","town":"田河内"}],"0056":[{"pref":"鳥取県","city":"岩美郡岩美町","town":"長郷"}],"0044":[{"pref":"鳥取県","city":"岩美郡岩美町","town":"外邑"}],"0033":[{"pref":"鳥取県","city":"岩美郡岩美町","town":"鳥越"}],"0021":[{"pref":"鳥取県","city":"岩美郡岩美町","town":"長谷"}],"0065":[{"pref":"鳥取県","city":"岩美郡岩美町","town":"新井"}],"0035":[{"pref":"鳥取県","city":"岩美郡岩美町","town":"馬場"}],"0064":[{"pref":"鳥取県","city":"岩美郡岩美町","town":"本庄"}],"0001":[{"pref":"鳥取県","city":"岩美郡岩美町","town":"牧谷"}],"0023":[{"pref":"鳥取県","city":"岩美郡岩美町","town":"真名"}]}