{"0000":[{"pref":"東京都","city":"三鷹市","town":"以下に掲載がない場合"}],"0011":[{"pref":"東京都","city":"三鷹市","town":"井口"}],"0001":[{"pref":"東京都","city":"三鷹市","town":"井の頭"}],"0015":[{"pref":"東京都","city":"三鷹市","town":"大沢"}],"0012":[{"pref":"東京都","city":"三鷹市","town":"上連雀"}],"0003":[{"pref":"東京都","city":"三鷹市","town":"北野"}],"0013":[{"pref":"東京都","city":"三鷹市","town":"下連雀"}],"0004":[{"pref":"東京都","city":"三鷹市","town":"新川"}],"0016":[{"pref":"東京都","city":"三鷹市","town":"深大寺"}],"0005":[{"pref":"東京都","city":"三鷹市","town":"中原"}],"0014":[{"pref":"東京都","city":"三鷹市","town":"野崎"}],"0002":[{"pref":"東京都","city":"三鷹市","town":"牟礼"}]}