{"8011":[{"pref":"高知県","city":"高知市","town":"梅ノ辻"}],"8012":[{"pref":"高知県","city":"高知市","town":"天神町"}],"8013":[{"pref":"高知県","city":"高知市","town":"筆山町"}],"8014":[{"pref":"高知県","city":"高知市","town":"塩屋崎町"}],"8015":[{"pref":"高知県","city":"高知市","town":"百石町"}],"8017":[{"pref":"高知県","city":"高知市","town":"南竹島町"}],"8018":[{"pref":"高知県","city":"高知市","town":"竹島町"}],"8019":[{"pref":"高知県","city":"高知市","town":"北竹島町"}],"8021":[{"pref":"高知県","city":"高知市","town":"孕東町"}],"8022":[{"pref":"高知県","city":"高知市","town":"孕西町"}],"8023":[{"pref":"高知県","city":"高知市","town":"六泉寺町"}],"8024":[{"pref":"高知県","city":"高知市","town":"深谷町"}],"8025":[{"pref":"高知県","city":"高知市","town":"南中山"}],"8026":[{"pref":"高知県","city":"高知市","town":"北中山"}],"8027":[{"pref":"高知県","city":"高知市","town":"高見町"}],"8028":[{"pref":"高知県","city":"高知市","town":"北高見町"}],"8031":[{"pref":"高知県","city":"高知市","town":"大原町"}],"8032":[{"pref":"高知県","city":"高知市","town":"小石木町"}],"8033":[{"pref":"高知県","city":"高知市","town":"幸崎"}],"8034":[{"pref":"高知県","city":"高知市","town":"南河ノ瀬町"}],"8035":[{"pref":"高知県","city":"高知市","town":"河ノ瀬町"}],"8036":[{"pref":"高知県","city":"高知市","town":"東城山町"}],"8037":[{"pref":"高知県","city":"高知市","town":"城山町"}],"8038":[{"pref":"高知県","city":"高知市","town":"石立町"}],"8039":[{"pref":"高知県","city":"高知市","town":"東石立町"}],"8040":[{"pref":"高知県","city":"高知市","town":"神田"}],"8050":[{"pref":"高知県","city":"高知市","town":"鴨部（その他）"}],"8051":[{"pref":"高知県","city":"高知市","town":"鴨部上町"}],"8052":[{"pref":"高知県","city":"高知市","town":"鴨部（丁目）"}],"8061":[{"pref":"高知県","city":"高知市","town":"朝倉甲"}],"8062":[{"pref":"高知県","city":"高知市","town":"朝倉乙"}],"8063":[{"pref":"高知県","city":"高知市","town":"朝倉丙"}],"8064":[{"pref":"高知県","city":"高知市","town":"朝倉丁"}],"8065":[{"pref":"高知県","city":"高知市","town":"朝倉戊"}],"8066":[{"pref":"高知県","city":"高知市","town":"朝倉己"}],"8071":[{"pref":"高知県","city":"高知市","town":"鴨部高町"}],"8072":[{"pref":"高知県","city":"高知市","town":"曙町"}],"8073":[{"pref":"高知県","city":"高知市","town":"朝倉本町"}],"8074":[{"pref":"高知県","city":"高知市","town":"朝倉横町"}],"8075":[{"pref":"高知県","city":"高知市","town":"朝倉南町"}],"8076":[{"pref":"高知県","city":"高知市","town":"朝倉東町"}],"8077":[{"pref":"高知県","city":"高知市","town":"朝倉西町"}],"8081":[{"pref":"高知県","city":"高知市","town":"若草町"}],"8082":[{"pref":"高知県","city":"高知市","town":"若草南町"}],"8083":[{"pref":"高知県","city":"高知市","town":"鵜来巣"}],"8084":[{"pref":"高知県","city":"高知市","town":"槇山町"}],"8085":[{"pref":"高知県","city":"高知市","town":"大谷公園町"}],"8086":[{"pref":"高知県","city":"高知市","town":"針木東町"}],"8087":[{"pref":"高知県","city":"高知市","town":"針木北"}],"8088":[{"pref":"高知県","city":"高知市","town":"針木本町"}],"8089":[{"pref":"高知県","city":"高知市","town":"針木南"}],"8090":[{"pref":"高知県","city":"高知市","town":"針木西"}],"0000":[{"pref":"高知県","city":"高知市","town":"以下に掲載がない場合"}],"0054":[{"pref":"高知県","city":"高知市","town":"相生町"}],"0936":[{"pref":"高知県","city":"高知市","town":"赤石町"}],"0938":[{"pref":"高知県","city":"高知市","town":"旭駅前町"}],"0943":[{"pref":"高知県","city":"高知市","town":"旭上町"}],"0955":[{"pref":"高知県","city":"高知市","town":"旭天神町"}],"0935":[{"pref":"高知県","city":"高知市","town":"旭町"}],"0051":[{"pref":"高知県","city":"高知市","town":"愛宕町"}],"0025":[{"pref":"高知県","city":"高知市","town":"愛宕山"}],"0027":[{"pref":"高知県","city":"高知市","town":"愛宕山南町"}],"0921":[{"pref":"高知県","city":"高知市","town":"井口町"}],"0064":[{"pref":"高知県","city":"高知市","town":"和泉町"}],"0046":[{"pref":"高知県","city":"高知市","town":"伊勢崎町"}],"0041":[{"pref":"高知県","city":"高知市","town":"入明町"}],"0948":[{"pref":"高知県","city":"高知市","town":"岩ケ淵"}],"0031":[{"pref":"高知県","city":"高知市","town":"宇津野"}],"0844":[{"pref":"高知県","city":"高知市","town":"永国寺町"}],"0053":[{"pref":"高知県","city":"高知市","town":"駅前町"}],"0928":[{"pref":"高知県","city":"高知市","town":"越前町"}],"0974":[{"pref":"高知県","city":"高知市","town":"円行寺"}],"0842":[{"pref":"高知県","city":"高知市","town":"追手筋"}],"0052":[{"pref":"高知県","city":"高知市","town":"大川筋"}],"0947":[{"pref":"高知県","city":"高知市","town":"大谷"}],"0915":[{"pref":"高知県","city":"高知市","town":"小津町"}],"0841":[{"pref":"高知県","city":"高知市","town":"帯屋町"}],"0032":[{"pref":"高知県","city":"高知市","town":"加賀野井"}],"0933":[{"pref":"高知県","city":"高知市","town":"鏡川町"}],"0946":[{"pref":"高知県","city":"高知市","town":"上本宮町"}],"0901":[{"pref":"高知県","city":"高知市","town":"上町"}],"0994":[{"pref":"高知県","city":"高知市","town":"唐岩"}],"0022":[{"pref":"高知県","city":"高知市","town":"北秦泉寺"}],"0913":[{"pref":"高知県","city":"高知市","town":"北八反町"}],"0956":[{"pref":"高知県","city":"高知市","town":"北端町"}],"0056":[{"pref":"高知県","city":"高知市","town":"北本町"}],"0963":[{"pref":"高知県","city":"高知市","town":"口細山"}],"0001":[{"pref":"高知県","city":"高知市","town":"久礼野"}],"0055":[{"pref":"高知県","city":"高知市","town":"江陽町"}],"0043":[{"pref":"高知県","city":"高知市","town":"寿町"}],"0045":[{"pref":"高知県","city":"高知市","town":"幸町"}],"0823":[{"pref":"高知県","city":"高知市","town":"菜園場町"}],"0834":[{"pref":"高知県","city":"高知市","town":"堺町"}],"0061":[{"pref":"高知県","city":"高知市","town":"栄田町"}],"0047":[{"pref":"高知県","city":"高知市","town":"相模町"}],"0821":[{"pref":"高知県","city":"高知市","town":"桜井町"}],"0929":[{"pref":"高知県","city":"高知市","town":"桜馬場"}],"0954":[{"pref":"高知県","city":"高知市","town":"佐々木町"}],"0923":[{"pref":"高知県","city":"高知市","town":"三ノ丸"}],"0065":[{"pref":"高知県","city":"高知市","town":"塩田町"}],"0002":[{"pref":"高知県","city":"高知市","town":"重倉"}],"0975":[{"pref":"高知県","city":"高知市","town":"柴巻"}],"0934":[{"pref":"高知県","city":"高知市","town":"下島町"}],"0916":[{"pref":"高知県","city":"高知市","town":"城北町"}],"0996":[{"pref":"高知県","city":"高知市","town":"上里"}],"0063":[{"pref":"高知県","city":"高知市","town":"昭和町"}],"0824":[{"pref":"高知県","city":"高知市","town":"城見町"}],"0062":[{"pref":"高知県","city":"高知市","town":"新本町"}],"0911":[{"pref":"高知県","city":"高知市","town":"新屋敷"}],"0944":[{"pref":"高知県","city":"高知市","town":"水源町"}],"0903":[{"pref":"高知県","city":"高知市","town":"水通町"}],"0072":[{"pref":"高知県","city":"高知市","town":"杉井流"}],"0991":[{"pref":"高知県","city":"高知市","town":"宗安寺"}],"0926":[{"pref":"高知県","city":"高知市","town":"大膳町"}],"0862":[{"pref":"高知県","city":"高知市","town":"鷹匠町"}],"0071":[{"pref":"高知県","city":"高知市","town":"高そね"}],"0914":[{"pref":"高知県","city":"高知市","town":"宝町"}],"0931":[{"pref":"高知県","city":"高知市","town":"玉水町"}],"0952":[{"pref":"高知県","city":"高知市","town":"塚ノ原"}],"0864":[{"pref":"高知県","city":"高知市","town":"唐人町"}],"0904":[{"pref":"高知県","city":"高知市","town":"通町"}],"0949":[{"pref":"高知県","city":"高知市","town":"鳥越"}],"0983":[{"pref":"高知県","city":"高知市","town":"中久万"}],"0021":[{"pref":"高知県","city":"高知市","town":"中秦泉寺"}],"0044":[{"pref":"高知県","city":"高知市","town":"中水道"}],"0937":[{"pref":"高知県","city":"高知市","town":"中須賀町"}],"0817":[{"pref":"高知県","city":"高知市","town":"中宝永町"}],"0972":[{"pref":"高知県","city":"高知市","town":"中万々"}],"0953":[{"pref":"高知県","city":"高知市","town":"長尾山町"}],"0003":[{"pref":"高知県","city":"高知市","town":"七ツ淵"}],"0992":[{"pref":"高知県","city":"高知市","town":"行川"}],"0932":[{"pref":"高知県","city":"高知市","town":"縄手町"}],"0984":[{"pref":"高知県","city":"高知市","town":"西久万"}],"0033":[{"pref":"高知県","city":"高知市","town":"西秦泉寺"}],"0951":[{"pref":"高知県","city":"高知市","town":"西塚ノ原"}],"0925":[{"pref":"高知県","city":"高知市","town":"西町"}],"0843":[{"pref":"高知県","city":"高知市","town":"廿代町"}],"0825":[{"pref":"高知県","city":"高知市","town":"農人町"}],"0026":[{"pref":"高知県","city":"高知市","town":"秦南町"}],"0912":[{"pref":"高知県","city":"高知市","town":"八反町"}],"0993":[{"pref":"高知県","city":"高知市","town":"針原"}],"0822":[{"pref":"高知県","city":"高知市","town":"はりまや町"}],"0982":[{"pref":"高知県","city":"高知市","town":"東久万"}],"0023":[{"pref":"高知県","city":"高知市","town":"東秦泉寺"}],"0962":[{"pref":"高知県","city":"高知市","town":"尾立"}],"0066":[{"pref":"高知県","city":"高知市","town":"比島町"}],"0981":[{"pref":"高知県","city":"高知市","town":"一ツ橋町"}],"0966":[{"pref":"高知県","city":"高知市","town":"福井扇町"}],"0965":[{"pref":"高知県","city":"高知市","town":"福井町"}],"0967":[{"pref":"高知県","city":"高知市","town":"福井東町"}],"0922":[{"pref":"高知県","city":"高知市","town":"平和町"}],"0818":[{"pref":"高知県","city":"高知市","town":"宝永町"}],"0042":[{"pref":"高知県","city":"高知市","town":"洞ケ島町"}],"0945":[{"pref":"高知県","city":"高知市","town":"本宮町"}],"0902":[{"pref":"高知県","city":"高知市","town":"本丁筋"}],"0870":[{"pref":"高知県","city":"高知市","town":"本町"}],"0024":[{"pref":"高知県","city":"高知市","town":"前里"}],"0861":[{"pref":"高知県","city":"高知市","town":"升形"}],"0973":[{"pref":"高知県","city":"高知市","town":"万々"}],"0850":[{"pref":"高知県","city":"高知市","town":"丸ノ内"}],"0034":[{"pref":"高知県","city":"高知市","town":"三園町"}],"0004":[{"pref":"高知県","city":"高知市","town":"三谷"}],"0976":[{"pref":"高知県","city":"高知市","town":"みづき"}],"0977":[{"pref":"高知県","city":"高知市","town":"みづき山"}],"0985":[{"pref":"高知県","city":"高知市","town":"南久万"}],"0833":[{"pref":"高知県","city":"高知市","town":"南はりまや町"}],"0816":[{"pref":"高知県","city":"高知市","town":"南宝永町"}],"0971":[{"pref":"高知県","city":"高知市","town":"南万々"}],"0942":[{"pref":"高知県","city":"高知市","town":"南元町"}],"0924":[{"pref":"高知県","city":"高知市","town":"宮前町"}],"0941":[{"pref":"高知県","city":"高知市","town":"元町"}],"0957":[{"pref":"高知県","city":"高知市","town":"山手町"}],"0927":[{"pref":"高知県","city":"高知市","town":"山ノ端町"}],"0964":[{"pref":"高知県","city":"高知市","town":"横内"}],"0048":[{"pref":"高知県","city":"高知市","town":"吉田町"}],"0863":[{"pref":"高知県","city":"高知市","town":"与力町"}],"0995":[{"pref":"高知県","city":"高知市","town":"領家"}],"0961":[{"pref":"高知県","city":"高知市","town":"蓮台"}]}