{"0000":[{"pref":"大阪府","city":"岸和田市","town":"以下に掲載がない場合"}],"0845":[{"pref":"大阪府","city":"岸和田市","town":"阿間河滝町"}],"0004":[{"pref":"大阪府","city":"岸和田市","town":"荒木町"}],"0813":[{"pref":"大阪府","city":"岸和田市","town":"池尻町"}],"0001":[{"pref":"大阪府","city":"岸和田市","town":"磯上町"}],"0103":[{"pref":"大阪府","city":"岸和田市","town":"稲葉町"}],"0804":[{"pref":"大阪府","city":"岸和田市","town":"今木町"}],"0077":[{"pref":"大阪府","city":"岸和田市","town":"上町"}],"0071":[{"pref":"大阪府","city":"岸和田市","town":"魚屋町"}],"0105":[{"pref":"大阪府","city":"岸和田市","town":"内畑町"}],"0022":[{"pref":"大阪府","city":"岸和田市","town":"戎町"}],"0061":[{"pref":"大阪府","city":"岸和田市","town":"大北町"}],"0114":[{"pref":"大阪府","city":"岸和田市","town":"大沢町"}],"0063":[{"pref":"大阪府","city":"岸和田市","town":"大手町"}],"0812":[{"pref":"大阪府","city":"岸和田市","town":"大町"}],"0814":[{"pref":"大阪府","city":"岸和田市","town":"岡山町"}],"0816":[{"pref":"大阪府","city":"岸和田市","town":"尾生町"}],"0113":[{"pref":"大阪府","city":"岸和田市","town":"河合町"}],"0822":[{"pref":"大阪府","city":"岸和田市","town":"額原町"}],"0824":[{"pref":"大阪府","city":"岸和田市","town":"葛城町"}],"0101":[{"pref":"大阪府","city":"岸和田市","town":"包近町"}],"0111":[{"pref":"大阪府","city":"岸和田市","town":"上白原町"}],"0047":[{"pref":"大阪府","city":"岸和田市","town":"上野町東"}],"0048":[{"pref":"大阪府","city":"岸和田市","town":"上野町西"}],"0827":[{"pref":"大阪府","city":"岸和田市","town":"上松町"}],"0064":[{"pref":"大阪府","city":"岸和田市","town":"紙屋町"}],"0042":[{"pref":"大阪府","city":"岸和田市","town":"加守町"}],"0073":[{"pref":"大阪府","city":"岸和田市","town":"岸城町"}],"0016":[{"pref":"大阪府","city":"岸和田市","town":"岸之浦町"}],"0817":[{"pref":"大阪府","city":"岸和田市","town":"岸の丘町"}],"0051":[{"pref":"大阪府","city":"岸和田市","town":"岸野町"}],"0843":[{"pref":"大阪府","city":"岸和田市","town":"北阪町"}],"0056":[{"pref":"大阪府","city":"岸和田市","town":"北町"}],"0833":[{"pref":"大阪府","city":"岸和田市","town":"神須屋町"}],"0112":[{"pref":"大阪府","city":"岸和田市","town":"神於町"}],"0832":[{"pref":"大阪府","city":"岸和田市","town":"極楽寺町"}],"0055":[{"pref":"大阪府","city":"岸和田市","town":"五軒屋町"}],"0821":[{"pref":"大阪府","city":"岸和田市","town":"小松里町"}],"0072":[{"pref":"大阪府","city":"岸和田市","town":"堺町"}],"0826":[{"pref":"大阪府","city":"岸和田市","town":"作才町"}],"0815":[{"pref":"大阪府","city":"岸和田市","town":"三ケ山町"}],"0015":[{"pref":"大阪府","city":"岸和田市","town":"地蔵浜町"}],"0811":[{"pref":"大阪府","city":"岸和田市","town":"下池田町"}],"0041":[{"pref":"大阪府","city":"岸和田市","town":"下野町"}],"0823":[{"pref":"大阪府","city":"岸和田市","town":"下松町"}],"0012":[{"pref":"大阪府","city":"岸和田市","town":"新港町"}],"0057":[{"pref":"大阪府","city":"岸和田市","town":"筋海町"}],"0115":[{"pref":"大阪府","city":"岸和田市","town":"相川町"}],"0066":[{"pref":"大阪府","city":"岸和田市","town":"大工町"}],"0805":[{"pref":"大阪府","city":"岸和田市","town":"田治米町"}],"0104":[{"pref":"大阪府","city":"岸和田市","town":"積川町"}],"0834":[{"pref":"大阪府","city":"岸和田市","town":"天神山町"}],"0116":[{"pref":"大阪府","city":"岸和田市","town":"塔原町"}],"0003":[{"pref":"大阪府","city":"岸和田市","town":"中井町"}],"0062":[{"pref":"大阪府","city":"岸和田市","town":"中北町"}],"0065":[{"pref":"大阪府","city":"岸和田市","town":"中之浜町"}],"0075":[{"pref":"大阪府","city":"岸和田市","town":"中町"}],"0835":[{"pref":"大阪府","city":"岸和田市","town":"流木町"}],"0052":[{"pref":"大阪府","city":"岸和田市","town":"並松町"}],"0802":[{"pref":"大阪府","city":"岸和田市","town":"西大路町"}],"0044":[{"pref":"大阪府","city":"岸和田市","town":"西之内町"}],"0053":[{"pref":"大阪府","city":"岸和田市","town":"沼町"}],"0076":[{"pref":"大阪府","city":"岸和田市","town":"野田町"}],"0831":[{"pref":"大阪府","city":"岸和田市","town":"畑町"}],"0023":[{"pref":"大阪府","city":"岸和田市","town":"八幡町"}],"0841":[{"pref":"大阪府","city":"岸和田市","town":"八田町"}],"0844":[{"pref":"大阪府","city":"岸和田市","town":"土生滝町"}],"0825":[{"pref":"大阪府","city":"岸和田市","town":"土生町"}],"0005":[{"pref":"大阪府","city":"岸和田市","town":"春木旭町"}],"0035":[{"pref":"大阪府","city":"岸和田市","town":"春木泉町"}],"0031":[{"pref":"大阪府","city":"岸和田市","town":"春木大小路町"}],"0026":[{"pref":"大阪府","city":"岸和田市","town":"春木大国町"}],"0033":[{"pref":"大阪府","city":"岸和田市","town":"春木中町"}],"0034":[{"pref":"大阪府","city":"岸和田市","town":"春木本町"}],"0036":[{"pref":"大阪府","city":"岸和田市","town":"春木南浜町"}],"0037":[{"pref":"大阪府","city":"岸和田市","town":"春木北浜町"}],"0024":[{"pref":"大阪府","city":"岸和田市","town":"春木宮川町"}],"0025":[{"pref":"大阪府","city":"岸和田市","town":"春木宮本町"}],"0032":[{"pref":"大阪府","city":"岸和田市","town":"春木元町"}],"0006":[{"pref":"大阪府","city":"岸和田市","town":"春木若松町"}],"0803":[{"pref":"大阪府","city":"岸和田市","town":"東大路町"}],"0807":[{"pref":"大阪府","city":"岸和田市","town":"東ケ丘町"}],"0046":[{"pref":"大阪府","city":"岸和田市","town":"藤井町"}],"0045":[{"pref":"大阪府","city":"岸和田市","town":"別所町"}],"0074":[{"pref":"大阪府","city":"岸和田市","town":"本町"}],"0842":[{"pref":"大阪府","city":"岸和田市","town":"真上町"}],"0021":[{"pref":"大阪府","city":"岸和田市","town":"松風町"}],"0806":[{"pref":"大阪府","city":"岸和田市","town":"摩湯町"}],"0808":[{"pref":"大阪府","city":"岸和田市","town":"三田町"}],"0801":[{"pref":"大阪府","city":"岸和田市","town":"箕土路町"}],"0014":[{"pref":"大阪府","city":"岸和田市","town":"港緑町"}],"0078":[{"pref":"大阪府","city":"岸和田市","town":"南上町"}],"0067":[{"pref":"大阪府","city":"岸和田市","town":"南町"}],"0043":[{"pref":"大阪府","city":"岸和田市","town":"宮前町"}],"0054":[{"pref":"大阪府","city":"岸和田市","town":"宮本町"}],"0011":[{"pref":"大阪府","city":"岸和田市","town":"木材町"}],"0828":[{"pref":"大阪府","city":"岸和田市","town":"門前町"}],"0102":[{"pref":"大阪府","city":"岸和田市","town":"山直中町"}],"0049":[{"pref":"大阪府","city":"岸和田市","town":"八阪町"}],"0836":[{"pref":"大阪府","city":"岸和田市","town":"行遇町"}],"0002":[{"pref":"大阪府","city":"岸和田市","town":"吉井町"}],"0013":[{"pref":"大阪府","city":"岸和田市","town":"臨海町"}]}