{"0000":[{"pref":"神奈川県","city":"横浜市金沢区","town":"以下に掲載がない場合"}],"0034":[{"pref":"神奈川県","city":"横浜市金沢区","town":"朝比奈町"}],"0013":[{"pref":"神奈川県","city":"横浜市金沢区","town":"海の公園"}],"0043":[{"pref":"神奈川県","city":"横浜市金沢区","town":"大川"}],"0024":[{"pref":"神奈川県","city":"横浜市金沢区","town":"乙舳町"}],"0055":[{"pref":"神奈川県","city":"横浜市金沢区","town":"片吹"}],"0015":[{"pref":"神奈川県","city":"横浜市金沢区","town":"金沢町"}],"0041":[{"pref":"神奈川県","city":"横浜市金沢区","town":"釜利谷町"}],"0042":[{"pref":"神奈川県","city":"横浜市金沢区","town":"釜利谷東"}],"0046":[{"pref":"神奈川県","city":"横浜市金沢区","town":"釜利谷西"}],"0045":[{"pref":"神奈川県","city":"横浜市金沢区","town":"釜利谷南"}],"0003":[{"pref":"神奈川県","city":"横浜市金沢区","town":"幸浦"}],"0012":[{"pref":"神奈川県","city":"横浜市金沢区","town":"柴町"}],"0001":[{"pref":"神奈川県","city":"横浜市金沢区","town":"昭和町"}],"0007":[{"pref":"神奈川県","city":"横浜市金沢区","town":"白帆"}],"0028":[{"pref":"神奈川県","city":"横浜市金沢区","town":"洲崎町"}],"0027":[{"pref":"神奈川県","city":"横浜市金沢区","town":"瀬戸"}],"0035":[{"pref":"神奈川県","city":"横浜市金沢区","town":"大道"}],"0044":[{"pref":"神奈川県","city":"横浜市金沢区","town":"高舟台"}],"0021":[{"pref":"神奈川県","city":"横浜市金沢区","town":"泥亀"}],"0014":[{"pref":"神奈川県","city":"横浜市金沢区","town":"寺前"}],"0051":[{"pref":"神奈川県","city":"横浜市金沢区","town":"富岡東"}],"0052":[{"pref":"神奈川県","city":"横浜市金沢区","town":"富岡西"}],"0002":[{"pref":"神奈川県","city":"横浜市金沢区","town":"鳥浜町"}],"0011":[{"pref":"神奈川県","city":"横浜市金沢区","town":"長浜"}],"0005":[{"pref":"神奈川県","city":"横浜市金沢区","town":"並木"}],"0017":[{"pref":"神奈川県","city":"横浜市金沢区","town":"西柴"}],"0057":[{"pref":"神奈川県","city":"横浜市金沢区","town":"能見台"}],"0053":[{"pref":"神奈川県","city":"横浜市金沢区","town":"能見台通"}],"0058":[{"pref":"神奈川県","city":"横浜市金沢区","town":"能見台東"}],"0056":[{"pref":"神奈川県","city":"横浜市金沢区","town":"能見台森"}],"0025":[{"pref":"神奈川県","city":"横浜市金沢区","town":"野島町"}],"0006":[{"pref":"神奈川県","city":"横浜市金沢区","town":"八景島"}],"0033":[{"pref":"神奈川県","city":"横浜市金沢区","town":"東朝比奈"}],"0023":[{"pref":"神奈川県","city":"横浜市金沢区","town":"平潟町"}],"0004":[{"pref":"神奈川県","city":"横浜市金沢区","town":"福浦"}],"0054":[{"pref":"神奈川県","city":"横浜市金沢区","town":"堀口"}],"0022":[{"pref":"神奈川県","city":"横浜市金沢区","town":"町屋町"}],"0036":[{"pref":"神奈川県","city":"横浜市金沢区","town":"みず木町"}],"0031":[{"pref":"神奈川県","city":"横浜市金沢区","town":"六浦"}],"0032":[{"pref":"神奈川県","city":"横浜市金沢区","town":"六浦町"}],"0037":[{"pref":"神奈川県","city":"横浜市金沢区","town":"六浦東"}],"0038":[{"pref":"神奈川県","city":"横浜市金沢区","town":"六浦南"}],"0016":[{"pref":"神奈川県","city":"横浜市金沢区","town":"谷津町"}],"0026":[{"pref":"神奈川県","city":"横浜市金沢区","town":"柳町"}]}