{"鹿児島市":{"以下に掲載がない場合":[{"zip":"8900000","zip1":"890","zip2":"0000"}],"荒田":[{"zip":"8900054","zip1":"890","zip2":"0054"}],"有村町":[{"zip":"8911545","zip1":"891","zip2":"1545"}],"有屋田町":[{"zip":"8911107","zip1":"891","zip2":"1107"}],"池之上町":[{"zip":"8920806","zip1":"892","zip2":"0806"}],"伊敷":[{"zip":"8900008","zip1":"890","zip2":"0008"}],"伊敷台":[{"zip":"8900007","zip1":"890","zip2":"0007"}],"伊敷町（４７１０～４７４１、４７４７～４７６１－３番地）":[{"zip":"8911203","zip1":"891","zip2":"1203"}],"伊敷町（その他）":[{"zip":"8900003","zip1":"890","zip2":"0003"}],"石谷町":[{"zip":"8992701","zip1":"899","zip2":"2701"}],"泉町":[{"zip":"8920822","zip1":"892","zip2":"0822"}],"稲荷町":[{"zip":"8920801","zip1":"892","zip2":"0801"}],"犬迫町":[{"zip":"8911205","zip1":"891","zip2":"1205"}],"入佐町（１７３８、１７３９番地）":[{"zip":"8993206","zip1":"899","zip2":"3206"}],"入佐町（その他）":[{"zip":"8992706","zip1":"899","zip2":"2706"}],"上荒田町":[{"zip":"8900055","zip1":"890","zip2":"0055"}],"上之園町":[{"zip":"8900052","zip1":"890","zip2":"0052"}],"魚見町":[{"zip":"8910112","zip1":"891","zip2":"0112"}],"宇宿":[{"zip":"8900073","zip1":"890","zip2":"0073"}],"宇宿町":[{"zip":"8900074","zip1":"890","zip2":"0074"}],"岡之原町（８３２の２・４、８５２の３）":[{"zip":"8920876","zip1":"892","zip2":"0876"}],"岡之原町（その他）":[{"zip":"8911201","zip1":"891","zip2":"1201"}],"小川町":[{"zip":"8920817","zip1":"892","zip2":"0817"}],"小野":[{"zip":"8900021","zip1":"890","zip2":"0021"}],"小野町（４７８４～５１１８番地）":[{"zip":"8911222","zip1":"891","zip2":"1222"}],"小野町（その他）":[{"zip":"8900022","zip1":"890","zip2":"0022"}],"小原町":[{"zip":"8910111","zip1":"891","zip2":"0111"}],"卸本町":[{"zip":"8910123","zip1":"891","zip2":"0123"}],"加治屋町":[{"zip":"8920846","zip1":"892","zip2":"0846"}],"春日町":[{"zip":"8920804","zip1":"892","zip2":"0804"}],"上竜尾町":[{"zip":"8920851","zip1":"892","zip2":"0851"}],"上谷口町":[{"zip":"8992703","zip1":"899","zip2":"2703"}],"上福元町":[{"zip":"8910116","zip1":"891","zip2":"0116"}],"上本町":[{"zip":"8920818","zip1":"892","zip2":"0818"}],"鴨池":[{"zip":"8900063","zip1":"890","zip2":"0063"}],"鴨池新町":[{"zip":"8900064","zip1":"890","zip2":"0064"}],"川上町（３６４９、３６６１、３６６７、３６６９－４、３６７１、３６７２、３":[{"zip":"8911275","zip1":"891","zip2":"1275"}],"６７４、３７０１、３７０４、３７２３－３、４１２８、４１３２、４１３３、４":[{"zip":"8911275","zip1":"891","zip2":"1275"}],"１３８、４２０３、４２０９、４２１５、４２３６－１、４２３８、４２４１、４":[{"zip":"8911275","zip1":"891","zip2":"1275"}],"２４２、４２４４番地）":[{"zip":"8911275","zip1":"891","zip2":"1275"}],"川上町（その他）":[{"zip":"8920875","zip1":"892","zip2":"0875"}],"川田町":[{"zip":"8911103","zip1":"891","zip2":"1103"}],"喜入瀬々串町":[{"zip":"8910201","zip1":"891","zip2":"0201"}],"喜入中名町":[{"zip":"8910202","zip1":"891","zip2":"0202"}],"喜入生見町":[{"zip":"8910206","zip1":"891","zip2":"0206"}],"喜入一倉町":[{"zip":"8910204","zip1":"891","zip2":"0204"}],"喜入前之浜町":[{"zip":"8910205","zip1":"891","zip2":"0205"}],"喜入町":[{"zip":"8910203","zip1":"891","zip2":"0203"}],"希望ケ丘町":[{"zip":"8910107","zip1":"891","zip2":"0107"}],"錦江台":[{"zip":"8910145","zip1":"891","zip2":"0145"}],"錦江町":[{"zip":"8920836","zip1":"892","zip2":"0836"}],"金生町":[{"zip":"8920828","zip1":"892","zip2":"0828"}],"祇園之洲町":[{"zip":"8920803","zip1":"892","zip2":"0803"}],"黒神町（枦ノ木ケ谷）":[{"zip":"8911501","zip1":"891","zip2":"1501"}],"黒神町（その他）":[{"zip":"8911401","zip1":"891","zip2":"1401"}],"花野光ケ丘":[{"zip":"8911204","zip1":"891","zip2":"1204"}],"甲突町":[{"zip":"8920837","zip1":"892","zip2":"0837"}],"皇徳寺台":[{"zip":"8910103","zip1":"891","zip2":"0103"}],"高免町":[{"zip":"8911402","zip1":"891","zip2":"1402"}],"向陽":[{"zip":"8900038","zip1":"890","zip2":"0038"}],"高麗町":[{"zip":"8900051","zip1":"890","zip2":"0051"}],"郡元":[{"zip":"8900065","zip1":"890","zip2":"0065"}],"郡元町":[{"zip":"8900084","zip1":"890","zip2":"0084"}],"郡山岳町":[{"zip":"8911108","zip1":"891","zip2":"1108"}],"郡山町":[{"zip":"8911105","zip1":"891","zip2":"1105"}],"五ケ別府町":[{"zip":"8910101","zip1":"891","zip2":"0101"}],"呉服町":[{"zip":"8920826","zip1":"892","zip2":"0826"}],"小松原":[{"zip":"8910114","zip1":"891","zip2":"0114"}],"小山田町（５１９９、５２００、５２０５番地）":[{"zip":"8992531","zip1":"899","zip2":"2531"}],"小山田町（その他）":[{"zip":"8911231","zip1":"891","zip2":"1231"}],"坂之上":[{"zip":"8910150","zip1":"891","zip2":"0150"}],"坂元町":[{"zip":"8920862","zip1":"892","zip2":"0862"}],"桜ケ丘（１～６丁目）":[{"zip":"8910175","zip1":"891","zip2":"0175"}],"桜ケ丘（７、８丁目）":[{"zip":"8900075","zip1":"890","zip2":"0075"}],"桜島赤水町":[{"zip":"8911420","zip1":"891","zip2":"1420"}],"桜島赤生原町":[{"zip":"8911417","zip1":"891","zip2":"1417"}],"桜島小池町":[{"zip":"8911418","zip1":"891","zip2":"1418"}],"桜島西道町":[{"zip":"8911414","zip1":"891","zip2":"1414"}],"桜島白浜町":[{"zip":"8911411","zip1":"891","zip2":"1411"}],"桜島武町":[{"zip":"8911416","zip1":"891","zip2":"1416"}],"桜島藤野町":[{"zip":"8911415","zip1":"891","zip2":"1415"}],"桜島二俣町":[{"zip":"8911412","zip1":"891","zip2":"1412"}],"桜島松浦町":[{"zip":"8911413","zip1":"891","zip2":"1413"}],"桜島横山町":[{"zip":"8911419","zip1":"891","zip2":"1419"}],"三和町":[{"zip":"8900071","zip1":"890","zip2":"0071"}],"慈眼寺町":[{"zip":"8910146","zip1":"891","zip2":"0146"}],"清水町":[{"zip":"8920802","zip1":"892","zip2":"0802"}],"下荒田":[{"zip":"8900056","zip1":"890","zip2":"0056"}],"下伊敷":[{"zip":"8900005","zip1":"890","zip2":"0005"}],"下伊敷町":[{"zip":"8900004","zip1":"890","zip2":"0004"}],"下田町":[{"zip":"8920873","zip1":"892","zip2":"0873"}],"下竜尾町":[{"zip":"8920852","zip1":"892","zip2":"0852"}],"下福元町":[{"zip":"8910144","zip1":"891","zip2":"0144"}],"自由ケ丘":[{"zip":"8910106","zip1":"891","zip2":"0106"}],"城西":[{"zip":"8900041","zip1":"890","zip2":"0041"}],"城南町":[{"zip":"8920835","zip1":"892","zip2":"0835"}],"松陽台町":[{"zip":"8992707","zip1":"899","zip2":"2707"}],"城山（１丁目）":[{"zip":"8900013","zip1":"890","zip2":"0013"}],"城山（２丁目）":[{"zip":"8920813","zip1":"892","zip2":"0813"}],"城山町":[{"zip":"8920853","zip1":"892","zip2":"0853"}],"新栄町":[{"zip":"8900072","zip1":"890","zip2":"0072"}],"新島町":[{"zip":"8911403","zip1":"891","zip2":"1403"}],"新照院町":[{"zip":"8900016","zip1":"890","zip2":"0016"}],"新町":[{"zip":"8920832","zip1":"892","zip2":"0832"}],"新屋敷町":[{"zip":"8920838","zip1":"892","zip2":"0838"}],"住吉町":[{"zip":"8920823","zip1":"892","zip2":"0823"}],"西陵":[{"zip":"8900032","zip1":"890","zip2":"0032"}],"清和":[{"zip":"8910109","zip1":"891","zip2":"0109"}],"千日町":[{"zip":"8920843","zip1":"892","zip2":"0843"}],"千年":[{"zip":"8900001","zip1":"890","zip2":"0001"}],"草牟田":[{"zip":"8900014","zip1":"890","zip2":"0014"}],"草牟田町":[{"zip":"8900015","zip1":"890","zip2":"0015"}],"大黒町":[{"zip":"8920825","zip1":"892","zip2":"0825"}],"大明丘":[{"zip":"8920872","zip1":"892","zip2":"0872"}],"大竜町":[{"zip":"8920805","zip1":"892","zip2":"0805"}],"鷹師":[{"zip":"8900043","zip1":"890","zip2":"0043"}],"田上":[{"zip":"8900034","zip1":"890","zip2":"0034"}],"田上台":[{"zip":"8900036","zip1":"890","zip2":"0036"}],"田上町":[{"zip":"8900035","zip1":"890","zip2":"0035"}],"武":[{"zip":"8900045","zip1":"890","zip2":"0045"}],"武岡":[{"zip":"8900031","zip1":"890","zip2":"0031"}],"谷山港":[{"zip":"8910131","zip1":"891","zip2":"0131"}],"谷山中央":[{"zip":"8910141","zip1":"891","zip2":"0141"}],"玉里団地（１丁目）":[{"zip":"8900011","zip1":"890","zip2":"0011"}],"玉里団地（２、３丁目）":[{"zip":"8920811","zip1":"892","zip2":"0811"}],"玉里町":[{"zip":"8900012","zip1":"890","zip2":"0012"}],"中央港新町":[{"zip":"8900076","zip1":"890","zip2":"0076"}],"中央町":[{"zip":"8900053","zip1":"890","zip2":"0053"}],"中山":[{"zip":"8910108","zip1":"891","zip2":"0108"}],"中山町":[{"zip":"8910105","zip1":"891","zip2":"0105"}],"皷川町":[{"zip":"8920807","zip1":"892","zip2":"0807"}],"樋之口町":[{"zip":"8920845","zip1":"892","zip2":"0845"}],"照国町":[{"zip":"8920841","zip1":"892","zip2":"0841"}],"天保山町":[{"zip":"8900061","zip1":"890","zip2":"0061"}],"東開町":[{"zip":"8910115","zip1":"891","zip2":"0115"}],"常盤":[{"zip":"8900047","zip1":"890","zip2":"0047"}],"常盤町":[{"zip":"8900044","zip1":"890","zip2":"0044"}],"唐湊":[{"zip":"8900081","zip1":"890","zip2":"0081"}],"直木町":[{"zip":"8992705","zip1":"899","zip2":"2705"}],"中町":[{"zip":"8920827","zip1":"892","zip2":"0827"}],"長田町":[{"zip":"8920854","zip1":"892","zip2":"0854"}],"永吉":[{"zip":"8900023","zip1":"890","zip2":"0023"}],"七ツ島":[{"zip":"8910132","zip1":"891","zip2":"0132"}],"南栄":[{"zip":"8910122","zip1":"891","zip2":"0122"}],"南林寺町":[{"zip":"8920834","zip1":"892","zip2":"0834"}],"西伊敷（１～４丁目）":[{"zip":"8900002","zip1":"890","zip2":"0002"}],"西伊敷（５～７丁目）":[{"zip":"8911202","zip1":"891","zip2":"1202"}],"西坂元町":[{"zip":"8920863","zip1":"892","zip2":"0863"}],"西佐多町":[{"zip":"8911301","zip1":"891","zip2":"1301"}],"西千石町":[{"zip":"8920847","zip1":"892","zip2":"0847"}],"西田":[{"zip":"8900046","zip1":"890","zip2":"0046"}],"西谷山":[{"zip":"8910117","zip1":"891","zip2":"0117"}],"西別府町":[{"zip":"8900033","zip1":"890","zip2":"0033"}],"西俣町":[{"zip":"8911106","zip1":"891","zip2":"1106"}],"西紫原町":[{"zip":"8900083","zip1":"890","zip2":"0083"}],"野尻町":[{"zip":"8911541","zip1":"891","zip2":"1541"}],"花尾町":[{"zip":"8911101","zip1":"891","zip2":"1101"}],"浜町":[{"zip":"8920812","zip1":"892","zip2":"0812"}],"原良":[{"zip":"8900026","zip1":"890","zip2":"0026"}],"原良町":[{"zip":"8900025","zip1":"890","zip2":"0025"}],"春山町":[{"zip":"8992704","zip1":"899","zip2":"2704"}],"東郡元町":[{"zip":"8900068","zip1":"890","zip2":"0068"}],"東坂元":[{"zip":"8920861","zip1":"892","zip2":"0861"}],"東桜島町":[{"zip":"8911543","zip1":"891","zip2":"1543"}],"東佐多町":[{"zip":"8911302","zip1":"891","zip2":"1302"}],"東千石町":[{"zip":"8920842","zip1":"892","zip2":"0842"}],"東谷山":[{"zip":"8910113","zip1":"891","zip2":"0113"}],"東俣町":[{"zip":"8911102","zip1":"891","zip2":"1102"}],"光山":[{"zip":"8910151","zip1":"891","zip2":"0151"}],"日之出町":[{"zip":"8900086","zip1":"890","zip2":"0086"}],"冷水町":[{"zip":"8920855","zip1":"892","zip2":"0855"}],"平川町":[{"zip":"8910133","zip1":"891","zip2":"0133"}],"平田町":[{"zip":"8992709","zip1":"899","zip2":"2709"}],"平之町":[{"zip":"8920848","zip1":"892","zip2":"0848"}],"広木":[{"zip":"8900037","zip1":"890","zip2":"0037"}],"福山町":[{"zip":"8992702","zip1":"899","zip2":"2702"}],"船津町":[{"zip":"8920831","zip1":"892","zip2":"0831"}],"古里町":[{"zip":"8911544","zip1":"891","zip2":"1544"}],"星ケ峯":[{"zip":"8910102","zip1":"891","zip2":"0102"}],"堀江町":[{"zip":"8920824","zip1":"892","zip2":"0824"}],"本港新町":[{"zip":"8920814","zip1":"892","zip2":"0814"}],"本城町":[{"zip":"8911303","zip1":"891","zip2":"1303"}],"本名町":[{"zip":"8911304","zip1":"891","zip2":"1304"}],"真砂町":[{"zip":"8900066","zip1":"890","zip2":"0066"}],"真砂本町":[{"zip":"8900067","zip1":"890","zip2":"0067"}],"松原町":[{"zip":"8920833","zip1":"892","zip2":"0833"}],"緑ヶ丘町（１～３４番）":[{"zip":"8920874","zip1":"892","zip2":"0874"}],"緑ヶ丘町（３５番以降）":[{"zip":"8911274","zip1":"891","zip2":"1274"}],"南郡元町":[{"zip":"8900069","zip1":"890","zip2":"0069"}],"南新町":[{"zip":"8900085","zip1":"890","zip2":"0085"}],"皆与志町":[{"zip":"8911206","zip1":"891","zip2":"1206"}],"宮之浦町":[{"zip":"8911305","zip1":"891","zip2":"1305"}],"紫原":[{"zip":"8900082","zip1":"890","zip2":"0082"}],"牟礼岡":[{"zip":"8911306","zip1":"891","zip2":"1306"}],"名山町":[{"zip":"8920821","zip1":"892","zip2":"0821"}],"明和":[{"zip":"8900024","zip1":"890","zip2":"0024"}],"持木町":[{"zip":"8911542","zip1":"891","zip2":"1542"}],"薬師":[{"zip":"8900042","zip1":"890","zip2":"0042"}],"易居町":[{"zip":"8920815","zip1":"892","zip2":"0815"}],"柳町":[{"zip":"8920819","zip1":"892","zip2":"0819"}],"山下町":[{"zip":"8920816","zip1":"892","zip2":"0816"}],"山田町":[{"zip":"8910104","zip1":"891","zip2":"0104"}],"山之口町":[{"zip":"8920844","zip1":"892","zip2":"0844"}],"油須木町":[{"zip":"8911104","zip1":"891","zip2":"1104"}],"吉野":[{"zip":"8920877","zip1":"892","zip2":"0877"}],"吉野町":[{"zip":"8920871","zip1":"892","zip2":"0871"}],"与次郎":[{"zip":"8900062","zip1":"890","zip2":"0062"}],"四元町":[{"zip":"8992708","zip1":"899","zip2":"2708"}],"若葉町":[{"zip":"8900006","zip1":"890","zip2":"0006"}],"和田":[{"zip":"8910143","zip1":"891","zip2":"0143"}]},"鹿屋市":{"以下に掲載がない場合":[{"zip":"8930000","zip1":"893","zip2":"0000"}],"吾平町上名":[{"zip":"8931101","zip1":"893","zip2":"1101"}],"吾平町下名":[{"zip":"8931102","zip1":"893","zip2":"1102"}],"吾平町麓":[{"zip":"8931103","zip1":"893","zip2":"1103"}],"旭原町":[{"zip":"8930022","zip1":"893","zip2":"0022"}],"朝日町":[{"zip":"8930004","zip1":"893","zip2":"0004"}],"有武町":[{"zip":"8912301","zip1":"891","zip2":"2301"}],"飯隈町":[{"zip":"8930035","zip1":"893","zip2":"0035"}],"池園町":[{"zip":"8930042","zip1":"893","zip2":"0042"}],"今坂町":[{"zip":"8930057","zip1":"893","zip2":"0057"}],"上野町":[{"zip":"8930056","zip1":"893","zip2":"0056"}],"打馬":[{"zip":"8930011","zip1":"893","zip2":"0011"}],"王子町":[{"zip":"8930012","zip1":"893","zip2":"0012"}],"大姶良町":[{"zip":"8930051","zip1":"893","zip2":"0051"}],"大浦町":[{"zip":"8930067","zip1":"893","zip2":"0067"}],"大手町":[{"zip":"8930009","zip1":"893","zip2":"0009"}],"小薄町":[{"zip":"8912302","zip1":"891","zip2":"2302"}],"小野原町":[{"zip":"8912312","zip1":"891","zip2":"2312"}],"海道町":[{"zip":"8912303","zip1":"891","zip2":"2303"}],"笠之原町":[{"zip":"8930023","zip1":"893","zip2":"0023"}],"上高隈町":[{"zip":"8930131","zip1":"893","zip2":"0131"}],"上谷町":[{"zip":"8930061","zip1":"893","zip2":"0061"}],"上祓川町":[{"zip":"8930027","zip1":"893","zip2":"0027"}],"川西町":[{"zip":"8930032","zip1":"893","zip2":"0032"}],"川東町":[{"zip":"8930031","zip1":"893","zip2":"0031"}],"北田町":[{"zip":"8930007","zip1":"893","zip2":"0007"}],"輝北町市成":[{"zip":"8998511","zip1":"899","zip2":"8511"}],"輝北町上百引":[{"zip":"8930201","zip1":"893","zip2":"0201"}],"輝北町下百引":[{"zip":"8930202","zip1":"893","zip2":"0202"}],"輝北町諏訪原":[{"zip":"8998512","zip1":"899","zip2":"8512"}],"輝北町平房":[{"zip":"8930203","zip1":"893","zip2":"0203"}],"共栄町":[{"zip":"8930005","zip1":"893","zip2":"0005"}],"串良町有里":[{"zip":"8931602","zip1":"893","zip2":"1602"}],"串良町岡崎":[{"zip":"8931603","zip1":"893","zip2":"1603"}],"串良町上小原":[{"zip":"8931605","zip1":"893","zip2":"1605"}],"串良町下小原":[{"zip":"8931604","zip1":"893","zip2":"1604"}],"串良町細山田":[{"zip":"8931601","zip1":"893","zip2":"1601"}],"郷之原町":[{"zip":"8930065","zip1":"893","zip2":"0065"}],"古前城町":[{"zip":"8930001","zip1":"893","zip2":"0001"}],"寿":[{"zip":"8930014","zip1":"893","zip2":"0014"}],"獅子目町":[{"zip":"8930044","zip1":"893","zip2":"0044"}],"下高隈町":[{"zip":"8930132","zip1":"893","zip2":"0132"}],"下祓川町":[{"zip":"8930024","zip1":"893","zip2":"0024"}],"下堀町":[{"zip":"8930047","zip1":"893","zip2":"0047"}],"白崎町":[{"zip":"8930016","zip1":"893","zip2":"0016"}],"白水町":[{"zip":"8912311","zip1":"891","zip2":"2311"}],"新栄町":[{"zip":"8930063","zip1":"893","zip2":"0063"}],"新川町":[{"zip":"8930015","zip1":"893","zip2":"0015"}],"新生町":[{"zip":"8930062","zip1":"893","zip2":"0062"}],"曽田町":[{"zip":"8930003","zip1":"893","zip2":"0003"}],"高須町":[{"zip":"8930054","zip1":"893","zip2":"0054"}],"高牧町":[{"zip":"8930066","zip1":"893","zip2":"0066"}],"田崎町":[{"zip":"8930037","zip1":"893","zip2":"0037"}],"田淵町":[{"zip":"8930045","zip1":"893","zip2":"0045"}],"天神町":[{"zip":"8912313","zip1":"891","zip2":"2313"}],"永小原町":[{"zip":"8930052","zip1":"893","zip2":"0052"}],"永野田町":[{"zip":"8930033","zip1":"893","zip2":"0033"}],"名貫町":[{"zip":"8930034","zip1":"893","zip2":"0034"}],"西大手町":[{"zip":"8930008","zip1":"893","zip2":"0008"}],"西原":[{"zip":"8930064","zip1":"893","zip2":"0064"}],"西祓川町":[{"zip":"8930025","zip1":"893","zip2":"0025"}],"根木原町":[{"zip":"8912305","zip1":"891","zip2":"2305"}],"野里町":[{"zip":"8930055","zip1":"893","zip2":"0055"}],"萩塚町":[{"zip":"8930036","zip1":"893","zip2":"0036"}],"花岡町":[{"zip":"8912304","zip1":"891","zip2":"2304"}],"花里町":[{"zip":"8912306","zip1":"891","zip2":"2306"}],"浜田町":[{"zip":"8930053","zip1":"893","zip2":"0053"}],"祓川町":[{"zip":"8930026","zip1":"893","zip2":"0026"}],"東原町":[{"zip":"8930021","zip1":"893","zip2":"0021"}],"札元":[{"zip":"8930013","zip1":"893","zip2":"0013"}],"船間町":[{"zip":"8912314","zip1":"891","zip2":"2314"}],"古江町":[{"zip":"8912321","zip1":"891","zip2":"2321"}],"古里町":[{"zip":"8912322","zip1":"891","zip2":"2322"}],"星塚町":[{"zip":"8930041","zip1":"893","zip2":"0041"}],"本町":[{"zip":"8930002","zip1":"893","zip2":"0002"}],"南町":[{"zip":"8930043","zip1":"893","zip2":"0043"}],"向江町":[{"zip":"8930006","zip1":"893","zip2":"0006"}],"横山町":[{"zip":"8930046","zip1":"893","zip2":"0046"}]},"枕崎市":{"以下に掲載がない場合":[{"zip":"8980000","zip1":"898","zip2":"0000"}],"あけぼの町":[{"zip":"8980080","zip1":"898","zip2":"0080"}],"旭町":[{"zip":"8980008","zip1":"898","zip2":"0008"}],"泉町":[{"zip":"8980006","zip1":"898","zip2":"0006"}],"板敷西町":[{"zip":"8980084","zip1":"898","zip2":"0084"}],"板敷本町":[{"zip":"8980082","zip1":"898","zip2":"0082"}],"板敷南町":[{"zip":"8980083","zip1":"898","zip2":"0083"}],"岩崎町":[{"zip":"8980052","zip1":"898","zip2":"0052"}],"岩戸町":[{"zip":"8980058","zip1":"898","zip2":"0058"}],"恵比須町":[{"zip":"8980009","zip1":"898","zip2":"0009"}],"大塚北町":[{"zip":"8980026","zip1":"898","zip2":"0026"}],"大塚中町":[{"zip":"8980028","zip1":"898","zip2":"0028"}],"大塚西町":[{"zip":"8980027","zip1":"898","zip2":"0027"}],"大塚南町":[{"zip":"8980029","zip1":"898","zip2":"0029"}],"折口町":[{"zip":"8980003","zip1":"898","zip2":"0003"}],"鹿篭麓町":[{"zip":"8980054","zip1":"898","zip2":"0054"}],"春日町":[{"zip":"8980044","zip1":"898","zip2":"0044"}],"茅野町":[{"zip":"8980098","zip1":"898","zip2":"0098"}],"木原町":[{"zip":"8980057","zip1":"898","zip2":"0057"}],"清水町":[{"zip":"8980066","zip1":"898","zip2":"0066"}],"金山町":[{"zip":"8980076","zip1":"898","zip2":"0076"}],"金山西町":[{"zip":"8980074","zip1":"898","zip2":"0074"}],"国見町":[{"zip":"8980088","zip1":"898","zip2":"0088"}],"小塚町":[{"zip":"8980099","zip1":"898","zip2":"0099"}],"寿町":[{"zip":"8980062","zip1":"898","zip2":"0062"}],"木場町":[{"zip":"8980053","zip1":"898","zip2":"0053"}],"駒水町":[{"zip":"8980094","zip1":"898","zip2":"0094"}],"栄中町":[{"zip":"8980038","zip1":"898","zip2":"0038"}],"栄本町":[{"zip":"8980037","zip1":"898","zip2":"0037"}],"桜木町":[{"zip":"8980018","zip1":"898","zip2":"0018"}],"桜山上町":[{"zip":"8980073","zip1":"898","zip2":"0073"}],"桜山町":[{"zip":"8980061","zip1":"898","zip2":"0061"}],"桜山西町":[{"zip":"8980055","zip1":"898","zip2":"0055"}],"桜山東町":[{"zip":"8980065","zip1":"898","zip2":"0065"}],"桜山本町":[{"zip":"8980064","zip1":"898","zip2":"0064"}],"里町":[{"zip":"8980097","zip1":"898","zip2":"0097"}],"汐見町":[{"zip":"8980002","zip1":"898","zip2":"0002"}],"塩屋北町":[{"zip":"8980041","zip1":"898","zip2":"0041"}],"塩屋南町":[{"zip":"8980042","zip1":"898","zip2":"0042"}],"下松町":[{"zip":"8980095","zip1":"898","zip2":"0095"}],"白沢北町":[{"zip":"8980089","zip1":"898","zip2":"0089"}],"白沢西町":[{"zip":"8980092","zip1":"898","zip2":"0092"}],"白沢東町":[{"zip":"8980091","zip1":"898","zip2":"0091"}],"新町":[{"zip":"8980007","zip1":"898","zip2":"0007"}],"住吉町":[{"zip":"8980017","zip1":"898","zip2":"0017"}],"瀬戸町":[{"zip":"8980087","zip1":"898","zip2":"0087"}],"園見西町":[{"zip":"8980047","zip1":"898","zip2":"0047"}],"園見本町":[{"zip":"8980046","zip1":"898","zip2":"0046"}],"高見町":[{"zip":"8980016","zip1":"898","zip2":"0016"}],"立神北町":[{"zip":"8980045","zip1":"898","zip2":"0045"}],"立神本町":[{"zip":"8980025","zip1":"898","zip2":"0025"}],"田布川町":[{"zip":"8980075","zip1":"898","zip2":"0075"}],"中央町":[{"zip":"8980051","zip1":"898","zip2":"0051"}],"千代田町":[{"zip":"8980012","zip1":"898","zip2":"0012"}],"豊留町":[{"zip":"8980081","zip1":"898","zip2":"0081"}],"中町":[{"zip":"8980005","zip1":"898","zip2":"0005"}],"西鹿篭":[{"zip":"8980024","zip1":"898","zip2":"0024"}],"西本町":[{"zip":"8980015","zip1":"898","zip2":"0015"}],"仁田浦町":[{"zip":"8980093","zip1":"898","zip2":"0093"}],"東鹿篭":[{"zip":"8980021","zip1":"898","zip2":"0021"}],"東本町":[{"zip":"8980014","zip1":"898","zip2":"0014"}],"火之神北町":[{"zip":"8980043","zip1":"898","zip2":"0043"}],"火之神町":[{"zip":"8980048","zip1":"898","zip2":"0048"}],"火之神岬町":[{"zip":"8980049","zip1":"898","zip2":"0049"}],"日之出町":[{"zip":"8980034","zip1":"898","zip2":"0034"}],"平田町":[{"zip":"8980035","zip1":"898","zip2":"0035"}],"別府":[{"zip":"8980032","zip1":"898","zip2":"0032"}],"別府西町":[{"zip":"8980086","zip1":"898","zip2":"0086"}],"別府東町":[{"zip":"8980085","zip1":"898","zip2":"0085"}],"まかや町":[{"zip":"8980096","zip1":"898","zip2":"0096"}],"枕崎":[{"zip":"8980031","zip1":"898","zip2":"0031"}],"松之尾町":[{"zip":"8980001","zip1":"898","zip2":"0001"}],"道野町":[{"zip":"8980072","zip1":"898","zip2":"0072"}],"緑町":[{"zip":"8980011","zip1":"898","zip2":"0011"}],"港町":[{"zip":"8980004","zip1":"898","zip2":"0004"}],"美原町":[{"zip":"8980056","zip1":"898","zip2":"0056"}],"宮田町":[{"zip":"8980022","zip1":"898","zip2":"0022"}],"宮前町":[{"zip":"8980033","zip1":"898","zip2":"0033"}],"美山町":[{"zip":"8980071","zip1":"898","zip2":"0071"}],"妙見町":[{"zip":"8980063","zip1":"898","zip2":"0063"}],"明和町":[{"zip":"8980036","zip1":"898","zip2":"0036"}],"山手町":[{"zip":"8980013","zip1":"898","zip2":"0013"}],"若葉町":[{"zip":"8980023","zip1":"898","zip2":"0023"}]},"阿久根市":{"以下に掲載がない場合":[{"zip":"8991600","zip1":"899","zip2":"1600"}],"赤瀬川":[{"zip":"8991611","zip1":"899","zip2":"1611"}],"大川":[{"zip":"8991741","zip1":"899","zip2":"1741"}],"大丸町":[{"zip":"8991624","zip1":"899","zip2":"1624"}],"折口":[{"zip":"8991601","zip1":"899","zip2":"1601"}],"琴平町":[{"zip":"8991615","zip1":"899","zip2":"1615"}],"栄町":[{"zip":"8991616","zip1":"899","zip2":"1616"}],"塩鶴町":[{"zip":"8991628","zip1":"899","zip2":"1628"}],"塩浜町":[{"zip":"8991629","zip1":"899","zip2":"1629"}],"新町":[{"zip":"8991613","zip1":"899","zip2":"1613"}],"高松町":[{"zip":"8991622","zip1":"899","zip2":"1622"}],"多田":[{"zip":"8991602","zip1":"899","zip2":"1602"}],"鶴川内":[{"zip":"8991603","zip1":"899","zip2":"1603"}],"鶴見町":[{"zip":"8991626","zip1":"899","zip2":"1626"}],"西目":[{"zip":"8991627","zip1":"899","zip2":"1627"}],"浜町":[{"zip":"8991617","zip1":"899","zip2":"1617"}],"波留":[{"zip":"8991625","zip1":"899","zip2":"1625"}],"晴海町":[{"zip":"8991614","zip1":"899","zip2":"1614"}],"本町":[{"zip":"8991621","zip1":"899","zip2":"1621"}],"丸尾町":[{"zip":"8991612","zip1":"899","zip2":"1612"}],"港町":[{"zip":"8991623","zip1":"899","zip2":"1623"}],"山下":[{"zip":"8991604","zip1":"899","zip2":"1604"}],"脇本":[{"zip":"8991131","zip1":"899","zip2":"1131"}]},"出水市":{"以下に掲載がない場合":[{"zip":"8990200","zip1":"899","zip2":"0200"}],"今釜町":[{"zip":"8990137","zip1":"899","zip2":"0137"}],"浦田町":[{"zip":"8990134","zip1":"899","zip2":"0134"}],"大野原町":[{"zip":"8990216","zip1":"899","zip2":"0216"}],"上大川内":[{"zip":"8990341","zip1":"899","zip2":"0341"}],"上鯖渕":[{"zip":"8990203","zip1":"899","zip2":"0203"}],"上知識町":[{"zip":"8990212","zip1":"899","zip2":"0212"}],"黄金町":[{"zip":"8990125","zip1":"899","zip2":"0125"}],"五万石町":[{"zip":"8990214","zip1":"899","zip2":"0214"}],"米ノ津町":[{"zip":"8990121","zip1":"899","zip2":"0121"}],"境町":[{"zip":"8990122","zip1":"899","zip2":"0122"}],"汐見町":[{"zip":"8990136","zip1":"899","zip2":"0136"}],"下大川内":[{"zip":"8990342","zip1":"899","zip2":"0342"}],"下鯖町":[{"zip":"8990123","zip1":"899","zip2":"0123"}],"下知識町":[{"zip":"8990132","zip1":"899","zip2":"0132"}],"荘":[{"zip":"8990435","zip1":"899","zip2":"0435"}],"昭和町":[{"zip":"8990202","zip1":"899","zip2":"0202"}],"住吉町":[{"zip":"8990138","zip1":"899","zip2":"0138"}],"高尾野町江内":[{"zip":"8990407","zip1":"899","zip2":"0407"}],"高尾野町大久保":[{"zip":"8990401","zip1":"899","zip2":"0401"}],"高尾野町上水流":[{"zip":"8990406","zip1":"899","zip2":"0406"}],"高尾野町唐笠木":[{"zip":"8990403","zip1":"899","zip2":"0403"}],"高尾野町柴引":[{"zip":"8990402","zip1":"899","zip2":"0402"}],"高尾野町下水流":[{"zip":"8990405","zip1":"899","zip2":"0405"}],"高尾野町下高尾野":[{"zip":"8990404","zip1":"899","zip2":"0404"}],"武本":[{"zip":"8990215","zip1":"899","zip2":"0215"}],"知識町":[{"zip":"8990211","zip1":"899","zip2":"0211"}],"中央町":[{"zip":"8990207","zip1":"899","zip2":"0207"}],"西出水町":[{"zip":"8990213","zip1":"899","zip2":"0213"}],"野田町上名":[{"zip":"8990501","zip1":"899","zip2":"0501"}],"野田町下名":[{"zip":"8990502","zip1":"899","zip2":"0502"}],"福ノ江町":[{"zip":"8990133","zip1":"899","zip2":"0133"}],"麓町":[{"zip":"8990204","zip1":"899","zip2":"0204"}],"文化町":[{"zip":"8990208","zip1":"899","zip2":"0208"}],"平和町":[{"zip":"8990217","zip1":"899","zip2":"0217"}],"本町":[{"zip":"8990205","zip1":"899","zip2":"0205"}],"緑町":[{"zip":"8990201","zip1":"899","zip2":"0201"}],"美原町":[{"zip":"8990124","zip1":"899","zip2":"0124"}],"明神町":[{"zip":"8990131","zip1":"899","zip2":"0131"}],"向江町":[{"zip":"8990206","zip1":"899","zip2":"0206"}],"六月田町":[{"zip":"8990126","zip1":"899","zip2":"0126"}]},"指宿市":{"以下に掲載がない場合":[{"zip":"8910400","zip1":"891","zip2":"0400"}],"池田":[{"zip":"8910312","zip1":"891","zip2":"0312"}],"岩本":[{"zip":"8910315","zip1":"891","zip2":"0315"}],"大牟礼":[{"zip":"8910401","zip1":"891","zip2":"0401"}],"開聞上野":[{"zip":"8910601","zip1":"891","zip2":"0601"}],"開聞川尻":[{"zip":"8910602","zip1":"891","zip2":"0602"}],"開聞十町":[{"zip":"8910603","zip1":"891","zip2":"0603"}],"開聞仙田":[{"zip":"8910604","zip1":"891","zip2":"0604"}],"小牧":[{"zip":"8910314","zip1":"891","zip2":"0314"}],"十二町":[{"zip":"8910403","zip1":"891","zip2":"0403"}],"十町":[{"zip":"8910402","zip1":"891","zip2":"0402"}],"新西方":[{"zip":"8910313","zip1":"891","zip2":"0313"}],"西方":[{"zip":"8910311","zip1":"891","zip2":"0311"}],"東方（６００～５９７４、５９７６～７８１６、７８３３、７８３４、":[{"zip":"8910304","zip1":"891","zip2":"0304"}],"１０６０３～１１０１５）":[{"zip":"8910304","zip1":"891","zip2":"0304"}],"東方（その他）":[{"zip":"8910404","zip1":"891","zip2":"0404"}],"湊":[{"zip":"8910405","zip1":"891","zip2":"0405"}],"山川朝日町":[{"zip":"8910502","zip1":"891","zip2":"0502"}],"山川入船町":[{"zip":"8910507","zip1":"891","zip2":"0507"}],"山川大山（１４００～１７１７番）":[{"zip":"8910614","zip1":"891","zip2":"0614"}],"山川大山（その他）":[{"zip":"8910514","zip1":"891","zip2":"0514"}],"山川岡児ケ水":[{"zip":"8910513","zip1":"891","zip2":"0513"}],"山川小川":[{"zip":"8910515","zip1":"891","zip2":"0515"}],"山川金生町":[{"zip":"8910506","zip1":"891","zip2":"0506"}],"山川潮見町":[{"zip":"8910503","zip1":"891","zip2":"0503"}],"山川新栄町":[{"zip":"8910501","zip1":"891","zip2":"0501"}],"山川新生町":[{"zip":"8910504","zip1":"891","zip2":"0504"}],"山川利永":[{"zip":"8910621","zip1":"891","zip2":"0621"}],"山川成川":[{"zip":"8910516","zip1":"891","zip2":"0516"}],"山川浜児ケ水":[{"zip":"8910512","zip1":"891","zip2":"0512"}],"山川福元":[{"zip":"8910511","zip1":"891","zip2":"0511"}],"山川山下町":[{"zip":"8910505","zip1":"891","zip2":"0505"}],"湯の浜":[{"zip":"8910406","zip1":"891","zip2":"0406"}]},"西之表市":{"以下に掲載がない場合":[{"zip":"8913100","zip1":"891","zip2":"3100"}],"安城":[{"zip":"8913432","zip1":"891","zip2":"3432"}],"安納（１～３０４８、４９０１～４９３０番地）":[{"zip":"8913102","zip1":"891","zip2":"3102"}],"安納（その他）":[{"zip":"8913202","zip1":"891","zip2":"3202"}],"池田":[{"zip":"8913114","zip1":"891","zip2":"3114"}],"伊関":[{"zip":"8913221","zip1":"891","zip2":"3221"}],"鴨女町":[{"zip":"8913116","zip1":"891","zip2":"3116"}],"国上":[{"zip":"8913222","zip1":"891","zip2":"3222"}],"現和":[{"zip":"8913103","zip1":"891","zip2":"3103"}],"栄町":[{"zip":"8913112","zip1":"891","zip2":"3112"}],"桜が丘":[{"zip":"8913117","zip1":"891","zip2":"3117"}],"住吉":[{"zip":"8913104","zip1":"891","zip2":"3104"}],"天神町":[{"zip":"8913115","zip1":"891","zip2":"3115"}],"西之表":[{"zip":"8913101","zip1":"891","zip2":"3101"}],"西町":[{"zip":"8913111","zip1":"891","zip2":"3111"}],"東町":[{"zip":"8913113","zip1":"891","zip2":"3113"}],"古田":[{"zip":"8913431","zip1":"891","zip2":"3431"}],"馬毛島":[{"zip":"8913118","zip1":"891","zip2":"3118"}]},"垂水市":{"以下に掲載がない場合":[{"zip":"8912100","zip1":"891","zip2":"2100"}],"旭町":[{"zip":"8912125","zip1":"891","zip2":"2125"}],"市木":[{"zip":"8912103","zip1":"891","zip2":"2103"}],"牛根境":[{"zip":"8994631","zip1":"899","zip2":"4631"}],"牛根麓":[{"zip":"8994632","zip1":"899","zip2":"4632"}],"海潟":[{"zip":"8912101","zip1":"891","zip2":"2101"}],"上町":[{"zip":"8912122","zip1":"891","zip2":"2122"}],"錦江町":[{"zip":"8912124","zip1":"891","zip2":"2124"}],"柊原":[{"zip":"8912116","zip1":"891","zip2":"2116"}],"栄町":[{"zip":"8912121","zip1":"891","zip2":"2121"}],"潮彩町":[{"zip":"8912117","zip1":"891","zip2":"2117"}],"下宮町":[{"zip":"8912127","zip1":"891","zip2":"2127"}],"新城":[{"zip":"8912114","zip1":"891","zip2":"2114"}],"新御堂":[{"zip":"8912111","zip1":"891","zip2":"2111"}],"高城":[{"zip":"8912113","zip1":"891","zip2":"2113"}],"田神":[{"zip":"8912104","zip1":"891","zip2":"2104"}],"中央町":[{"zip":"8912106","zip1":"891","zip2":"2106"}],"中俣":[{"zip":"8912102","zip1":"891","zip2":"2102"}],"浜平":[{"zip":"8912115","zip1":"891","zip2":"2115"}],"二川":[{"zip":"8994633","zip1":"899","zip2":"4633"}],"本城":[{"zip":"8912112","zip1":"891","zip2":"2112"}],"本町":[{"zip":"8912123","zip1":"891","zip2":"2123"}],"松原町":[{"zip":"8912105","zip1":"891","zip2":"2105"}],"南松原町":[{"zip":"8912126","zip1":"891","zip2":"2126"}]},"薩摩川内市":{"以下に掲載がない場合":[{"zip":"8950000","zip1":"895","zip2":"0000"}],"青山町":[{"zip":"8950044","zip1":"895","zip2":"0044"}],"天辰町":[{"zip":"8950011","zip1":"895","zip2":"0011"}],"入来町浦之名":[{"zip":"8951402","zip1":"895","zip2":"1402"}],"入来町副田":[{"zip":"8951401","zip1":"895","zip2":"1401"}],"運動公園町（３０３０番地）":[{"zip":"8950214","zip1":"895","zip2":"0214"}],"運動公園町（その他）":[{"zip":"8950077","zip1":"895","zip2":"0077"}],"網津町":[{"zip":"8991925","zip1":"899","zip2":"1925"}],"大小路町":[{"zip":"8950076","zip1":"895","zip2":"0076"}],"尾白江町":[{"zip":"8950035","zip1":"895","zip2":"0035"}],"鹿島町藺牟田":[{"zip":"8961301","zip1":"896","zip2":"1301"}],"勝目町":[{"zip":"8950031","zip1":"895","zip2":"0031"}],"上甑町江石":[{"zip":"8961203","zip1":"896","zip2":"1203"}],"上甑町小島":[{"zip":"8961204","zip1":"896","zip2":"1204"}],"上甑町桑之浦":[{"zip":"8961206","zip1":"896","zip2":"1206"}],"上甑町瀬上":[{"zip":"8961205","zip1":"896","zip2":"1205"}],"上甑町平良":[{"zip":"8961281","zip1":"896","zip2":"1281"}],"上甑町中甑":[{"zip":"8961201","zip1":"896","zip2":"1201"}],"上甑町中野":[{"zip":"8961202","zip1":"896","zip2":"1202"}],"上川内町":[{"zip":"8950067","zip1":"895","zip2":"0067"}],"川永野町":[{"zip":"8950033","zip1":"895","zip2":"0033"}],"神田町":[{"zip":"8950052","zip1":"895","zip2":"0052"}],"久住町":[{"zip":"8950004","zip1":"895","zip2":"0004"}],"楠元町":[{"zip":"8950002","zip1":"895","zip2":"0002"}],"隈之城町":[{"zip":"8950041","zip1":"895","zip2":"0041"}],"久見崎町":[{"zip":"8950132","zip1":"895","zip2":"0132"}],"祁答院町藺牟田":[{"zip":"8951502","zip1":"895","zip2":"1502"}],"祁答院町上手":[{"zip":"8951503","zip1":"895","zip2":"1503"}],"祁答院町黒木":[{"zip":"8951504","zip1":"895","zip2":"1504"}],"祁答院町下手":[{"zip":"8951501","zip1":"895","zip2":"1501"}],"国分寺町":[{"zip":"8950073","zip1":"895","zip2":"0073"}],"小倉町":[{"zip":"8991922","zip1":"899","zip2":"1922"}],"五代町":[{"zip":"8950066","zip1":"895","zip2":"0066"}],"木場茶屋町":[{"zip":"8950034","zip1":"895","zip2":"0034"}],"御陵下町":[{"zip":"8950061","zip1":"895","zip2":"0061"}],"里町里":[{"zip":"8961101","zip1":"896","zip2":"1101"}],"下甑町青瀬":[{"zip":"8961521","zip1":"896","zip2":"1521"}],"下甑町片野浦":[{"zip":"8961602","zip1":"896","zip2":"1602"}],"下甑町瀬々野浦（１７００番地～、内川内）":[{"zip":"8961412","zip1":"896","zip2":"1412"}],"下甑町瀬々野浦（その他）":[{"zip":"8961512","zip1":"896","zip2":"1512"}],"下甑町手打":[{"zip":"8961601","zip1":"896","zip2":"1601"}],"下甑町長浜":[{"zip":"8961411","zip1":"896","zip2":"1411"}],"城上町":[{"zip":"8950213","zip1":"895","zip2":"0213"}],"白浜町":[{"zip":"8950001","zip1":"895","zip2":"0001"}],"白和町":[{"zip":"8950022","zip1":"895","zip2":"0022"}],"大王町":[{"zip":"8950062","zip1":"895","zip2":"0062"}],"田海町":[{"zip":"8950071","zip1":"895","zip2":"0071"}],"高江町":[{"zip":"8950131","zip1":"895","zip2":"0131"}],"高城町":[{"zip":"8950211","zip1":"895","zip2":"0211"}],"田崎町":[{"zip":"8950006","zip1":"895","zip2":"0006"}],"中郷":[{"zip":"8950072","zip1":"895","zip2":"0072"}],"中郷町":[{"zip":"8950072","zip1":"895","zip2":"0072"}],"東郷町斧渕":[{"zip":"8951106","zip1":"895","zip2":"1106"}],"東郷町宍野":[{"zip":"8951101","zip1":"895","zip2":"1101"}],"東郷町鳥丸":[{"zip":"8951103","zip1":"895","zip2":"1103"}],"東郷町南瀬":[{"zip":"8951105","zip1":"895","zip2":"1105"}],"東郷町藤川":[{"zip":"8951102","zip1":"895","zip2":"1102"}],"東郷町山田":[{"zip":"8951104","zip1":"895","zip2":"1104"}],"鳥追町":[{"zip":"8950024","zip1":"895","zip2":"0024"}],"永利町":[{"zip":"8950005","zip1":"895","zip2":"0005"}],"中福良町":[{"zip":"8950042","zip1":"895","zip2":"0042"}],"中村町":[{"zip":"8950003","zip1":"895","zip2":"0003"}],"西開聞町":[{"zip":"8950055","zip1":"895","zip2":"0055"}],"西方町":[{"zip":"8991801","zip1":"899","zip2":"1801"}],"西向田町":[{"zip":"8950027","zip1":"895","zip2":"0027"}],"花木町":[{"zip":"8950064","zip1":"895","zip2":"0064"}],"原田町":[{"zip":"8950074","zip1":"895","zip2":"0074"}],"東大小路町":[{"zip":"8950075","zip1":"895","zip2":"0075"}],"東開聞町":[{"zip":"8950051","zip1":"895","zip2":"0051"}],"東向田町":[{"zip":"8950026","zip1":"895","zip2":"0026"}],"冷水町":[{"zip":"8950053","zip1":"895","zip2":"0053"}],"平佐":[{"zip":"8950012","zip1":"895","zip2":"0012"}],"平佐町":[{"zip":"8950012","zip1":"895","zip2":"0012"}],"樋脇町市比野":[{"zip":"8951203","zip1":"895","zip2":"1203"}],"樋脇町倉野":[{"zip":"8951201","zip1":"895","zip2":"1201"}],"樋脇町塔之原":[{"zip":"8951202","zip1":"895","zip2":"1202"}],"水引町":[{"zip":"8991921","zip1":"899","zip2":"1921"}],"港町":[{"zip":"8991924","zip1":"899","zip2":"1924"}],"宮内町":[{"zip":"8950065","zip1":"895","zip2":"0065"}],"都町":[{"zip":"8950043","zip1":"895","zip2":"0043"}],"宮崎町":[{"zip":"8950013","zip1":"895","zip2":"0013"}],"宮里町":[{"zip":"8950056","zip1":"895","zip2":"0056"}],"向田町":[{"zip":"8950025","zip1":"895","zip2":"0025"}],"向田本町":[{"zip":"8950021","zip1":"895","zip2":"0021"}],"百次町":[{"zip":"8950007","zip1":"895","zip2":"0007"}],"矢倉町":[{"zip":"8950036","zip1":"895","zip2":"0036"}],"山之口町":[{"zip":"8950032","zip1":"895","zip2":"0032"}],"湯島町":[{"zip":"8991923","zip1":"899","zip2":"1923"}],"湯田町":[{"zip":"8991802","zip1":"899","zip2":"1802"}],"陽成町":[{"zip":"8950212","zip1":"895","zip2":"0212"}],"横馬場町":[{"zip":"8950023","zip1":"895","zip2":"0023"}],"寄田町":[{"zip":"8950133","zip1":"895","zip2":"0133"}],"若葉町":[{"zip":"8950063","zip1":"895","zip2":"0063"}],"若松町":[{"zip":"8950054","zip1":"895","zip2":"0054"}]},"日置市":{"以下に掲載がない場合":[{"zip":"8992500","zip1":"899","zip2":"2500"}],"伊集院町飯牟礼":[{"zip":"8992522","zip1":"899","zip2":"2522"}],"伊集院町猪鹿倉":[{"zip":"8992505","zip1":"899","zip2":"2505"}],"伊集院町大田（久木野々石塚）":[{"zip":"8993121","zip1":"899","zip2":"3121"}],"伊集院町大田（その他）":[{"zip":"8992521","zip1":"899","zip2":"2521"}],"伊集院町上神殿":[{"zip":"8992512","zip1":"899","zip2":"2512"}],"伊集院町清藤":[{"zip":"8992506","zip1":"899","zip2":"2506"}],"伊集院町桑畑":[{"zip":"8992441","zip1":"899","zip2":"2441"}],"伊集院町恋之原":[{"zip":"8992524","zip1":"899","zip2":"2524"}],"伊集院町郡":[{"zip":"8992504","zip1":"899","zip2":"2504"}],"伊集院町下神殿":[{"zip":"8992511","zip1":"899","zip2":"2511"}],"伊集院町下谷口":[{"zip":"8992501","zip1":"899","zip2":"2501"}],"伊集院町竹之山":[{"zip":"8992515","zip1":"899","zip2":"2515"}],"伊集院町土橋":[{"zip":"8992516","zip1":"899","zip2":"2516"}],"伊集院町寺脇":[{"zip":"8992443","zip1":"899","zip2":"2443"}],"伊集院町徳重":[{"zip":"8992502","zip1":"899","zip2":"2502"}],"伊集院町中川":[{"zip":"8992514","zip1":"899","zip2":"2514"}],"伊集院町野田":[{"zip":"8992442","zip1":"899","zip2":"2442"}],"伊集院町古城":[{"zip":"8992523","zip1":"899","zip2":"2523"}],"伊集院町妙円寺":[{"zip":"8992503","zip1":"899","zip2":"2503"}],"伊集院町麦生田":[{"zip":"8992513","zip1":"899","zip2":"2513"}],"東市来町伊作田":[{"zip":"8992203","zip1":"899","zip2":"2203"}],"東市来町神之川":[{"zip":"8992204","zip1":"899","zip2":"2204"}],"東市来町寺脇":[{"zip":"8992432","zip1":"899","zip2":"2432"}],"東市来町長里":[{"zip":"8992202","zip1":"899","zip2":"2202"}],"東市来町南神之川":[{"zip":"8992434","zip1":"899","zip2":"2434"}],"東市来町宮田":[{"zip":"8992433","zip1":"899","zip2":"2433"}],"東市来町美山":[{"zip":"8992431","zip1":"899","zip2":"2431"}],"東市来町湯田":[{"zip":"8992201","zip1":"899","zip2":"2201"}],"東市来町養母":[{"zip":"8992311","zip1":"899","zip2":"2311"}],"日吉町神之川":[{"zip":"8992421","zip1":"899","zip2":"2421"}],"日吉町日置":[{"zip":"8993101","zip1":"899","zip2":"3101"}],"日吉町山田":[{"zip":"8993102","zip1":"899","zip2":"3102"}],"日吉町吉利（５６１４、５６１９、５６４７、５６５３番地）":[{"zip":"8993103","zip1":"899","zip2":"3103"}],"日吉町吉利（その他）":[{"zip":"8993203","zip1":"899","zip2":"3203"}],"吹上町今田":[{"zip":"8993305","zip1":"899","zip2":"3305"}],"吹上町入来":[{"zip":"8993304","zip1":"899","zip2":"3304"}],"吹上町小野":[{"zip":"8993306","zip1":"899","zip2":"3306"}],"吹上町花熟里":[{"zip":"8993307","zip1":"899","zip2":"3307"}],"吹上町田尻":[{"zip":"8993308","zip1":"899","zip2":"3308"}],"吹上町中之里":[{"zip":"8993302","zip1":"899","zip2":"3302"}],"吹上町中原":[{"zip":"8993301","zip1":"899","zip2":"3301"}],"吹上町永吉":[{"zip":"8993221","zip1":"899","zip2":"3221"}],"吹上町湯之浦":[{"zip":"8993303","zip1":"899","zip2":"3303"}],"吹上町与倉":[{"zip":"8993309","zip1":"899","zip2":"3309"}],"吹上町和田":[{"zip":"8993311","zip1":"899","zip2":"3311"}]},"曽於市":{"以下に掲載がない場合":[{"zip":"8998600","zip1":"899","zip2":"8600"}],"大隅町荒谷（荒谷、大迫、中大迫）":[{"zip":"8998211","zip1":"899","zip2":"8211"}],"大隅町荒谷（その他）":[{"zip":"8998311","zip1":"899","zip2":"8311"}],"大隅町岩川":[{"zip":"8998102","zip1":"899","zip2":"8102"}],"大隅町大谷":[{"zip":"8998421","zip1":"899","zip2":"8421"}],"大隅町境木町":[{"zip":"8998213","zip1":"899","zip2":"8213"}],"大隅町坂元":[{"zip":"8998422","zip1":"899","zip2":"8422"}],"大隅町下窪町":[{"zip":"8998106","zip1":"899","zip2":"8106"}],"大隅町須田木":[{"zip":"8998423","zip1":"899","zip2":"8423"}],"大隅町段中町":[{"zip":"8998105","zip1":"899","zip2":"8105"}],"大隅町月野":[{"zip":"8998212","zip1":"899","zip2":"8212"}],"大隅町恒吉":[{"zip":"8998424","zip1":"899","zip2":"8424"}],"大隅町中之内":[{"zip":"8998103","zip1":"899","zip2":"8103"}],"大隅町鳴神町":[{"zip":"8998104","zip1":"899","zip2":"8104"}],"末吉町岩崎（池原、岩之上、岩南、前田、牧原、道添、宮原）":[{"zip":"8998101","zip1":"899","zip2":"8101"}],"末吉町岩崎（その他）":[{"zip":"8998601","zip1":"899","zip2":"8601"}],"末吉町上町":[{"zip":"8998609","zip1":"899","zip2":"8609"}],"末吉町栄町":[{"zip":"8998602","zip1":"899","zip2":"8602"}],"末吉町新町":[{"zip":"8998603","zip1":"899","zip2":"8603"}],"末吉町諏訪方":[{"zip":"8998604","zip1":"899","zip2":"8604"}],"末吉町二之方":[{"zip":"8998605","zip1":"899","zip2":"8605"}],"末吉町深川":[{"zip":"8998606","zip1":"899","zip2":"8606"}],"末吉町本町":[{"zip":"8998607","zip1":"899","zip2":"8607"}],"末吉町南之郷":[{"zip":"8998608","zip1":"899","zip2":"8608"}],"財部町北俣":[{"zip":"8994102","zip1":"899","zip2":"4102"}],"財部町下財部":[{"zip":"8994103","zip1":"899","zip2":"4103"}],"財部町南俣":[{"zip":"8994101","zip1":"899","zip2":"4101"}]},"霧島市":{"以下に掲載がない場合":[{"zip":"8994300","zip1":"899","zip2":"4300"}],"霧島大窪":[{"zip":"8994203","zip1":"899","zip2":"4203"}],"霧島川北":[{"zip":"8994204","zip1":"899","zip2":"4204"}],"霧島田口":[{"zip":"8994201","zip1":"899","zip2":"4201"}],"霧島永水":[{"zip":"8994202","zip1":"899","zip2":"4202"}],"国分上之段":[{"zip":"8994461","zip1":"899","zip2":"4461"}],"国分上野原縄文の森":[{"zip":"8994318","zip1":"899","zip2":"4318"}],"国分上野原テクノパーク":[{"zip":"8994317","zip1":"899","zip2":"4317"}],"国分上井":[{"zip":"8994313","zip1":"899","zip2":"4313"}],"国分上小川":[{"zip":"8994316","zip1":"899","zip2":"4316"}],"国分川内":[{"zip":"8994314","zip1":"899","zip2":"4314"}],"国分川原":[{"zip":"8994303","zip1":"899","zip2":"4303"}],"国分清水":[{"zip":"8994304","zip1":"899","zip2":"4304"}],"国分剣之宇都町":[{"zip":"8994355","zip1":"899","zip2":"4355"}],"国分郡田":[{"zip":"8994305","zip1":"899","zip2":"4305"}],"国分敷根":[{"zip":"8994462","zip1":"899","zip2":"4462"}],"国分重久":[{"zip":"8994301","zip1":"899","zip2":"4301"}],"国分下井":[{"zip":"8994463","zip1":"899","zip2":"4463"}],"国分城山町":[{"zip":"8994331","zip1":"899","zip2":"4331"}],"国分新町":[{"zip":"8994351","zip1":"899","zip2":"4351"}],"国分台明寺":[{"zip":"8994302","zip1":"899","zip2":"4302"}],"国分中央":[{"zip":"8994332","zip1":"899","zip2":"4332"}],"国分名波町":[{"zip":"8994311","zip1":"899","zip2":"4311"}],"国分野口北":[{"zip":"8994344","zip1":"899","zip2":"4344"}],"国分野口町":[{"zip":"8994342","zip1":"899","zip2":"4342"}],"国分野口西":[{"zip":"8994343","zip1":"899","zip2":"4343"}],"国分野口東":[{"zip":"8994341","zip1":"899","zip2":"4341"}],"国分姫城":[{"zip":"8994354","zip1":"899","zip2":"4354"}],"国分姫城南":[{"zip":"8994356","zip1":"899","zip2":"4356"}],"国分広瀬":[{"zip":"8994321","zip1":"899","zip2":"4321"}],"国分福島":[{"zip":"8994322","zip1":"899","zip2":"4322"}],"国分府中":[{"zip":"8994345","zip1":"899","zip2":"4345"}],"国分府中町":[{"zip":"8994346","zip1":"899","zip2":"4346"}],"国分松木":[{"zip":"8994323","zip1":"899","zip2":"4323"}],"国分松木町":[{"zip":"8994325","zip1":"899","zip2":"4325"}],"国分松木東":[{"zip":"8994324","zip1":"899","zip2":"4324"}],"国分湊":[{"zip":"8994315","zip1":"899","zip2":"4315"}],"国分向花":[{"zip":"8994352","zip1":"899","zip2":"4352"}],"国分向花町":[{"zip":"8994353","zip1":"899","zip2":"4353"}],"国分山下町":[{"zip":"8994312","zip1":"899","zip2":"4312"}],"隼人町朝日":[{"zip":"8995118","zip1":"899","zip2":"5118"}],"隼人町内":[{"zip":"8995116","zip1":"899","zip2":"5116"}],"隼人町内山田":[{"zip":"8995106","zip1":"899","zip2":"5106"}],"隼人町小田":[{"zip":"8995105","zip1":"899","zip2":"5105"}],"隼人町小浜":[{"zip":"8995103","zip1":"899","zip2":"5103"}],"隼人町嘉例川":[{"zip":"8995113","zip1":"899","zip2":"5113"}],"隼人町西光寺":[{"zip":"8995114","zip1":"899","zip2":"5114"}],"隼人町神宮":[{"zip":"8995121","zip1":"899","zip2":"5121"}],"隼人町真孝":[{"zip":"8995102","zip1":"899","zip2":"5102"}],"隼人町住吉":[{"zip":"8995101","zip1":"899","zip2":"5101"}],"隼人町東郷":[{"zip":"8995115","zip1":"899","zip2":"5115"}],"隼人町野久美田":[{"zip":"8995104","zip1":"899","zip2":"5104"}],"隼人町姫城":[{"zip":"8995111","zip1":"899","zip2":"5111"}],"隼人町松永":[{"zip":"8995112","zip1":"899","zip2":"5112"}],"隼人町見次":[{"zip":"8995117","zip1":"899","zip2":"5117"}],"福山町佳例川":[{"zip":"8994504","zip1":"899","zip2":"4504"}],"福山町福沢":[{"zip":"8994503","zip1":"899","zip2":"4503"}],"福山町福地":[{"zip":"8994502","zip1":"899","zip2":"4502"}],"福山町福山":[{"zip":"8994501","zip1":"899","zip2":"4501"}],"牧園町上中津川（１８９６～２０７２番）":[{"zip":"8996604","zip1":"899","zip2":"6604"}],"牧園町上中津川（その他）":[{"zip":"8996504","zip1":"899","zip2":"6504"}],"牧園町三体堂（１８２４－２、１８２４－９、１８２４－４１、":[{"zip":"8996602","zip1":"899","zip2":"6602"}],"１８３５－８１、１８３５－１０８、１８３５－１０９、１８３５－２２８、":[{"zip":"8996602","zip1":"899","zip2":"6602"}],"１８３５－２３８、１８３５－２５３、２００３－５、２００３－９、":[{"zip":"8996602","zip1":"899","zip2":"6602"}],"２００３－１４、２００３－１７、２００３－１８、２０５７－８）":[{"zip":"8996602","zip1":"899","zip2":"6602"}],"牧園町三体堂（その他）":[{"zip":"8996502","zip1":"899","zip2":"6502"}],"牧園町下中津川":[{"zip":"8996506","zip1":"899","zip2":"6506"}],"牧園町宿窪田":[{"zip":"8996507","zip1":"899","zip2":"6507"}],"牧園町高千穂（３０１２～３２４０番）":[{"zip":"8996503","zip1":"899","zip2":"6503"}],"牧園町高千穂（その他）":[{"zip":"8996603","zip1":"899","zip2":"6603"}],"牧園町万膳（１４００～１４７７番）":[{"zip":"8996601","zip1":"899","zip2":"6601"}],"牧園町万膳（その他）":[{"zip":"8996501","zip1":"899","zip2":"6501"}],"牧園町持松":[{"zip":"8996505","zip1":"899","zip2":"6505"}],"溝辺町有川":[{"zip":"8996401","zip1":"899","zip2":"6401"}],"溝辺町崎森":[{"zip":"8996405","zip1":"899","zip2":"6405"}],"溝辺町竹子":[{"zip":"8996402","zip1":"899","zip2":"6402"}],"溝辺町麓":[{"zip":"8996404","zip1":"899","zip2":"6404"}],"溝辺町三縄":[{"zip":"8996403","zip1":"899","zip2":"6403"}],"横川町上ノ":[{"zip":"8996301","zip1":"899","zip2":"6301"}],"横川町下ノ":[{"zip":"8996302","zip1":"899","zip2":"6302"}],"横川町中ノ":[{"zip":"8996303","zip1":"899","zip2":"6303"}]},"いちき串木野市":{"以下に掲載がない場合":[{"zip":"8960000","zip1":"896","zip2":"0000"}],"愛木町":[{"zip":"8960061","zip1":"896","zip2":"0061"}],"曙町":[{"zip":"8960001","zip1":"896","zip2":"0001"}],"旭町":[{"zip":"8960015","zip1":"896","zip2":"0015"}],"荒川":[{"zip":"8960065","zip1":"896","zip2":"0065"}],"浦和町":[{"zip":"8960036","zip1":"896","zip2":"0036"}],"恵比須町":[{"zip":"8960027","zip1":"896","zip2":"0027"}],"大里":[{"zip":"8992103","zip1":"899","zip2":"2103"}],"大原町":[{"zip":"8960011","zip1":"896","zip2":"0011"}],"御倉町":[{"zip":"8960025","zip1":"896","zip2":"0025"}],"海瀬":[{"zip":"8960057","zip1":"896","zip2":"0057"}],"春日町":[{"zip":"8960002","zip1":"896","zip2":"0002"}],"河内":[{"zip":"8960079","zip1":"896","zip2":"0079"}],"川上":[{"zip":"8992102","zip1":"899","zip2":"2102"}],"上名":[{"zip":"8960052","zip1":"896","zip2":"0052"}],"冠嶽":[{"zip":"8960051","zip1":"896","zip2":"0051"}],"北浜町":[{"zip":"8960041","zip1":"896","zip2":"0041"}],"京町":[{"zip":"8960003","zip1":"896","zip2":"0003"}],"金山":[{"zip":"8960075","zip1":"896","zip2":"0075"}],"金山下":[{"zip":"8960074","zip1":"896","zip2":"0074"}],"口之町":[{"zip":"8960063","zip1":"896","zip2":"0063"}],"小瀬町":[{"zip":"8960034","zip1":"896","zip2":"0034"}],"栄町":[{"zip":"8960013","zip1":"896","zip2":"0013"}],"桜町":[{"zip":"8960016","zip1":"896","zip2":"0016"}],"薩摩山":[{"zip":"8960072","zip1":"896","zip2":"0072"}],"汐見町":[{"zip":"8960004","zip1":"896","zip2":"0004"}],"塩屋町":[{"zip":"8960023","zip1":"896","zip2":"0023"}],"昭和通":[{"zip":"8960026","zip1":"896","zip2":"0026"}],"新生町":[{"zip":"8960035","zip1":"896","zip2":"0035"}],"住吉町":[{"zip":"8960021","zip1":"896","zip2":"0021"}],"西薩町":[{"zip":"8960046","zip1":"896","zip2":"0046"}],"生福":[{"zip":"8960078","zip1":"896","zip2":"0078"}],"芹ケ野":[{"zip":"8960076","zip1":"896","zip2":"0076"}],"高見町":[{"zip":"8960017","zip1":"896","zip2":"0017"}],"照島":[{"zip":"8960055","zip1":"896","zip2":"0055"}],"中尾町":[{"zip":"8960012","zip1":"896","zip2":"0012"}],"長崎町":[{"zip":"8960033","zip1":"896","zip2":"0033"}],"西塩田町":[{"zip":"8960005","zip1":"896","zip2":"0005"}],"西島平町":[{"zip":"8960032","zip1":"896","zip2":"0032"}],"西浜町":[{"zip":"8960044","zip1":"896","zip2":"0044"}],"野下":[{"zip":"8960073","zip1":"896","zip2":"0073"}],"野元":[{"zip":"8960066","zip1":"896","zip2":"0066"}],"袴田":[{"zip":"8960058","zip1":"896","zip2":"0058"}],"羽島":[{"zip":"8960064","zip1":"896","zip2":"0064"}],"浜ケ城":[{"zip":"8960069","zip1":"896","zip2":"0069"}],"浜田町":[{"zip":"8960062","zip1":"896","zip2":"0062"}],"東塩田町":[{"zip":"8960006","zip1":"896","zip2":"0006"}],"東島平町":[{"zip":"8960031","zip1":"896","zip2":"0031"}],"日出町":[{"zip":"8960054","zip1":"896","zip2":"0054"}],"ひばりが丘":[{"zip":"8960028","zip1":"896","zip2":"0028"}],"平江":[{"zip":"8960067","zip1":"896","zip2":"0067"}],"深田上":[{"zip":"8960071","zip1":"896","zip2":"0071"}],"深田下":[{"zip":"8960077","zip1":"896","zip2":"0077"}],"別府":[{"zip":"8960037","zip1":"896","zip2":"0037"}],"まぐろ本町":[{"zip":"8960045","zip1":"896","zip2":"0045"}],"美住町":[{"zip":"8960024","zip1":"896","zip2":"0024"}],"三井":[{"zip":"8960068","zip1":"896","zip2":"0068"}],"緑町":[{"zip":"8960022","zip1":"896","zip2":"0022"}],"港町":[{"zip":"8960043","zip1":"896","zip2":"0043"}],"湊町":[{"zip":"8992101","zip1":"899","zip2":"2101"}],"本浜町":[{"zip":"8960042","zip1":"896","zip2":"0042"}],"元町":[{"zip":"8960014","zip1":"896","zip2":"0014"}],"八房":[{"zip":"8960056","zip1":"896","zip2":"0056"}]},"南さつま市":{"以下に掲載がない場合":[{"zip":"8970000","zip1":"897","zip2":"0000"}],"大浦町（４７１３～５２７７番地）":[{"zip":"8980221","zip1":"898","zip2":"0221"}],"大浦町（その他）":[{"zip":"8971201","zip1":"897","zip2":"1201"}],"笠沙町赤生木":[{"zip":"8971302","zip1":"897","zip2":"1302"}],"笠沙町片浦":[{"zip":"8971301","zip1":"897","zip2":"1301"}],"加世田内山田":[{"zip":"8970004","zip1":"897","zip2":"0004"}],"加世田川畑":[{"zip":"8970003","zip1":"897","zip2":"0003"}],"加世田小湊":[{"zip":"8971122","zip1":"897","zip2":"1122"}],"加世田地頭所":[{"zip":"8970008","zip1":"897","zip2":"0008"}],"加世田白亀":[{"zip":"8970007","zip1":"897","zip2":"0007"}],"加世田高橋":[{"zip":"8971123","zip1":"897","zip2":"1123"}],"加世田武田":[{"zip":"8970002","zip1":"897","zip2":"0002"}],"加世田津貫":[{"zip":"8993611","zip1":"899","zip2":"3611"}],"加世田唐仁原":[{"zip":"8971121","zip1":"897","zip2":"1121"}],"加世田ハーモニー":[{"zip":"8970009","zip1":"897","zip2":"0009"}],"加世田東本町":[{"zip":"8970031","zip1":"897","zip2":"0031"}],"加世田麓町":[{"zip":"8970005","zip1":"897","zip2":"0005"}],"加世田本町":[{"zip":"8970006","zip1":"897","zip2":"0006"}],"加世田益山":[{"zip":"8971125","zip1":"897","zip2":"1125"}],"加世田宮原":[{"zip":"8971124","zip1":"897","zip2":"1124"}],"加世田村原":[{"zip":"8970001","zip1":"897","zip2":"0001"}],"金峰町池辺":[{"zip":"8993405","zip1":"899","zip2":"3405"}],"金峰町浦之名":[{"zip":"8993516","zip1":"899","zip2":"3516"}],"金峰町大野":[{"zip":"8993401","zip1":"899","zip2":"3401"}],"金峰町尾下":[{"zip":"8993403","zip1":"899","zip2":"3403"}],"金峰町白川":[{"zip":"8993513","zip1":"899","zip2":"3513"}],"金峰町大坂":[{"zip":"8993402","zip1":"899","zip2":"3402"}],"金峰町高橋":[{"zip":"8993404","zip1":"899","zip2":"3404"}],"金峰町中津野":[{"zip":"8993515","zip1":"899","zip2":"3515"}],"金峰町新山":[{"zip":"8993514","zip1":"899","zip2":"3514"}],"金峰町花瀬":[{"zip":"8993512","zip1":"899","zip2":"3512"}],"金峰町宮崎":[{"zip":"8993511","zip1":"899","zip2":"3511"}],"坊津町秋目":[{"zip":"8980212","zip1":"898","zip2":"0212"}],"坊津町久志":[{"zip":"8980211","zip1":"898","zip2":"0211"}],"坊津町泊":[{"zip":"8980102","zip1":"898","zip2":"0102"}],"坊津町坊":[{"zip":"8980101","zip1":"898","zip2":"0101"}]},"志布志市":{"以下に掲載がない場合":[{"zip":"8997100","zip1":"899","zip2":"7100"}],"有明町伊崎田":[{"zip":"8997401","zip1":"899","zip2":"7401"}],"有明町野井倉":[{"zip":"8997402","zip1":"899","zip2":"7402"}],"有明町野神（抜谷、塗木、本地、曲、水ノ谷）":[{"zip":"8998312","zip1":"899","zip2":"8312"}],"有明町野神（その他）":[{"zip":"8997512","zip1":"899","zip2":"7512"}],"有明町原田":[{"zip":"8997511","zip1":"899","zip2":"7511"}],"有明町蓬原（春日）":[{"zip":"8997403","zip1":"899","zip2":"7403"}],"有明町蓬原（その他）":[{"zip":"8997503","zip1":"899","zip2":"7503"}],"有明町山重":[{"zip":"8997513","zip1":"899","zip2":"7513"}],"志布志町安楽":[{"zip":"8997104","zip1":"899","zip2":"7104"}],"志布志町内之倉":[{"zip":"8997211","zip1":"899","zip2":"7211"}],"志布志町志布志":[{"zip":"8997103","zip1":"899","zip2":"7103"}],"志布志町田之浦":[{"zip":"8997212","zip1":"899","zip2":"7212"}],"志布志町帖":[{"zip":"8997102","zip1":"899","zip2":"7102"}],"志布志町夏井":[{"zip":"8997101","zip1":"899","zip2":"7101"}],"松山町尾野見":[{"zip":"8997603","zip1":"899","zip2":"7603"}],"松山町新橋":[{"zip":"8997601","zip1":"899","zip2":"7601"}],"松山町泰野":[{"zip":"8997602","zip1":"899","zip2":"7602"}]},"奄美市":{"以下に掲載がない場合":[{"zip":"8940000","zip1":"894","zip2":"0000"}],"笠利町宇宿":[{"zip":"8940501","zip1":"894","zip2":"0501"}],"笠利町笠利":[{"zip":"8940622","zip1":"894","zip2":"0622"}],"笠利町川上":[{"zip":"8940625","zip1":"894","zip2":"0625"}],"笠利町喜瀬":[{"zip":"8940507","zip1":"894","zip2":"0507"}],"笠利町里":[{"zip":"8940511","zip1":"894","zip2":"0511"}],"笠利町佐仁":[{"zip":"8940627","zip1":"894","zip2":"0627"}],"笠利町須野":[{"zip":"8940624","zip1":"894","zip2":"0624"}],"笠利町節田":[{"zip":"8940504","zip1":"894","zip2":"0504"}],"笠利町外金久":[{"zip":"8940513","zip1":"894","zip2":"0513"}],"笠利町平":[{"zip":"8940505","zip1":"894","zip2":"0505"}],"笠利町手花部":[{"zip":"8940506","zip1":"894","zip2":"0506"}],"笠利町中金久":[{"zip":"8940512","zip1":"894","zip2":"0512"}],"笠利町辺留":[{"zip":"8940623","zip1":"894","zip2":"0623"}],"笠利町万屋":[{"zip":"8940502","zip1":"894","zip2":"0502"}],"笠利町屋仁":[{"zip":"8940626","zip1":"894","zip2":"0626"}],"笠利町用":[{"zip":"8940621","zip1":"894","zip2":"0621"}],"笠利町用安":[{"zip":"8940508","zip1":"894","zip2":"0508"}],"笠利町和野":[{"zip":"8940503","zip1":"894","zip2":"0503"}],"住用町石原":[{"zip":"8941201","zip1":"894","zip2":"1201"}],"住用町市":[{"zip":"8941321","zip1":"894","zip2":"1321"}],"住用町神屋":[{"zip":"8941203","zip1":"894","zip2":"1203"}],"住用町川内":[{"zip":"8941115","zip1":"894","zip2":"1115"}],"住用町城":[{"zip":"8941111","zip1":"894","zip2":"1111"}],"住用町摺勝":[{"zip":"8941116","zip1":"894","zip2":"1116"}],"住用町西仲間":[{"zip":"8941202","zip1":"894","zip2":"1202"}],"住用町東仲間":[{"zip":"8941114","zip1":"894","zip2":"1114"}],"住用町見里":[{"zip":"8941113","zip1":"894","zip2":"1113"}],"住用町役勝":[{"zip":"8941205","zip1":"894","zip2":"1205"}],"住用町山間（４９３～５９２番地、戸玉）":[{"zip":"8941304","zip1":"894","zip2":"1304"}],"住用町山間（その他）":[{"zip":"8941204","zip1":"894","zip2":"1204"}],"住用町和瀬":[{"zip":"8941112","zip1":"894","zip2":"1112"}],"名瀬朝戸":[{"zip":"8940773","zip1":"894","zip2":"0773"}],"名瀬朝仁":[{"zip":"8940043","zip1":"894","zip2":"0043"}],"名瀬朝仁新町":[{"zip":"8940041","zip1":"894","zip2":"0041"}],"名瀬朝仁町":[{"zip":"8940042","zip1":"894","zip2":"0042"}],"名瀬朝日町":[{"zip":"8940061","zip1":"894","zip2":"0061"}],"名瀬芦花部":[{"zip":"8940351","zip1":"894","zip2":"0351"}],"名瀬有屋":[{"zip":"8940002","zip1":"894","zip2":"0002"}],"名瀬有屋町":[{"zip":"8940062","zip1":"894","zip2":"0062"}],"名瀬有良":[{"zip":"8940352","zip1":"894","zip2":"0352"}],"名瀬安勝町":[{"zip":"8940011","zip1":"894","zip2":"0011"}],"名瀬石橋町":[{"zip":"8940017","zip1":"894","zip2":"0017"}],"名瀬伊津部勝":[{"zip":"8940774","zip1":"894","zip2":"0774"}],"名瀬伊津部町":[{"zip":"8940021","zip1":"894","zip2":"0021"}],"名瀬井根町":[{"zip":"8940024","zip1":"894","zip2":"0024"}],"名瀬入舟町":[{"zip":"8940034","zip1":"894","zip2":"0034"}],"名瀬浦上（小又）":[{"zip":"8940108","zip1":"894","zip2":"0108"}],"名瀬浦上（その他）":[{"zip":"8940008","zip1":"894","zip2":"0008"}],"名瀬浦上町":[{"zip":"8940068","zip1":"894","zip2":"0068"}],"名瀬春日町":[{"zip":"8940013","zip1":"894","zip2":"0013"}],"名瀬金久町":[{"zip":"8940031","zip1":"894","zip2":"0031"}],"名瀬久里町":[{"zip":"8940022","zip1":"894","zip2":"0022"}],"名瀬小宿":[{"zip":"8940046","zip1":"894","zip2":"0046"}],"名瀬小浜町":[{"zip":"8940006","zip1":"894","zip2":"0006"}],"名瀬小俣町":[{"zip":"8940012","zip1":"894","zip2":"0012"}],"名瀬小湊":[{"zip":"8940771","zip1":"894","zip2":"0771"}],"名瀬幸町":[{"zip":"8940025","zip1":"894","zip2":"0025"}],"名瀬崎原":[{"zip":"8940776","zip1":"894","zip2":"0776"}],"名瀬佐大熊町":[{"zip":"8940005","zip1":"894","zip2":"0005"}],"名瀬塩浜町":[{"zip":"8940035","zip1":"894","zip2":"0035"}],"名瀬末広町":[{"zip":"8940027","zip1":"894","zip2":"0027"}],"名瀬大熊":[{"zip":"8940001","zip1":"894","zip2":"0001"}],"名瀬大熊町":[{"zip":"8940009","zip1":"894","zip2":"0009"}],"名瀬知名瀬":[{"zip":"8940047","zip1":"894","zip2":"0047"}],"名瀬仲勝":[{"zip":"8940003","zip1":"894","zip2":"0003"}],"名瀬仲勝町":[{"zip":"8940063","zip1":"894","zip2":"0063"}],"名瀬永田町":[{"zip":"8940023","zip1":"894","zip2":"0023"}],"名瀬長浜町":[{"zip":"8940036","zip1":"894","zip2":"0036"}],"名瀬名瀬勝":[{"zip":"8940775","zip1":"894","zip2":"0775"}],"名瀬西仲勝":[{"zip":"8940772","zip1":"894","zip2":"0772"}],"名瀬根瀬部":[{"zip":"8940048","zip1":"894","zip2":"0048"}],"名瀬鳩浜町":[{"zip":"8940004","zip1":"894","zip2":"0004"}],"名瀬浜里町":[{"zip":"8940044","zip1":"894","zip2":"0044"}],"名瀬平田町":[{"zip":"8940014","zip1":"894","zip2":"0014"}],"名瀬平松町":[{"zip":"8940045","zip1":"894","zip2":"0045"}],"名瀬古田町":[{"zip":"8940016","zip1":"894","zip2":"0016"}],"名瀬真名津町":[{"zip":"8940015","zip1":"894","zip2":"0015"}],"名瀬港町":[{"zip":"8940026","zip1":"894","zip2":"0026"}],"名瀬柳町":[{"zip":"8940032","zip1":"894","zip2":"0032"}],"名瀬矢之脇町":[{"zip":"8940033","zip1":"894","zip2":"0033"}],"名瀬和光町":[{"zip":"8940007","zip1":"894","zip2":"0007"}]},"南九州市":{"以下に掲載がない場合":[{"zip":"8970200","zip1":"897","zip2":"0200"}],"頴娃町上別府":[{"zip":"8910705","zip1":"891","zip2":"0705"}],"頴娃町郡":[{"zip":"8910701","zip1":"891","zip2":"0701"}],"頴娃町御領":[{"zip":"8910703","zip1":"891","zip2":"0703"}],"頴娃町別府":[{"zip":"8910704","zip1":"891","zip2":"0704"}],"頴娃町牧之内":[{"zip":"8910702","zip1":"891","zip2":"0702"}],"川辺町今田":[{"zip":"8970212","zip1":"897","zip2":"0212"}],"川辺町小野":[{"zip":"8970213","zip1":"897","zip2":"0213"}],"川辺町上山田":[{"zip":"8970131","zip1":"897","zip2":"0131"}],"川辺町清水":[{"zip":"8970202","zip1":"897","zip2":"0202"}],"川辺町神殿":[{"zip":"8970201","zip1":"897","zip2":"0201"}],"川辺町下山田":[{"zip":"8970133","zip1":"897","zip2":"0133"}],"川辺町高田":[{"zip":"8970223","zip1":"897","zip2":"0223"}],"川辺町田部田":[{"zip":"8970221","zip1":"897","zip2":"0221"}],"川辺町永田":[{"zip":"8970222","zip1":"897","zip2":"0222"}],"川辺町中山田":[{"zip":"8970132","zip1":"897","zip2":"0132"}],"川辺町野崎":[{"zip":"8970203","zip1":"897","zip2":"0203"}],"川辺町野間":[{"zip":"8970205","zip1":"897","zip2":"0205"}],"川辺町平山":[{"zip":"8970215","zip1":"897","zip2":"0215"}],"川辺町古殿":[{"zip":"8970204","zip1":"897","zip2":"0204"}],"川辺町宮":[{"zip":"8970214","zip1":"897","zip2":"0214"}],"川辺町本別府":[{"zip":"8970224","zip1":"897","zip2":"0224"}],"川辺町両添":[{"zip":"8970211","zip1":"897","zip2":"0211"}],"知覧町厚地":[{"zip":"8970301","zip1":"897","zip2":"0301"}],"知覧町郡":[{"zip":"8970302","zip1":"897","zip2":"0302"}],"知覧町塩屋":[{"zip":"8910911","zip1":"891","zip2":"0911"}],"知覧町瀬世":[{"zip":"8970305","zip1":"897","zip2":"0305"}],"知覧町永里":[{"zip":"8970303","zip1":"897","zip2":"0303"}],"知覧町西元":[{"zip":"8970306","zip1":"897","zip2":"0306"}],"知覧町東別府":[{"zip":"8970304","zip1":"897","zip2":"0304"}],"知覧町南別府":[{"zip":"8910912","zip1":"891","zip2":"0912"}]},"伊佐市":{"以下に掲載がない場合":[{"zip":"8952500","zip1":"895","zip2":"2500"}],"大口青木":[{"zip":"8952504","zip1":"895","zip2":"2504"}],"大口牛尾":[{"zip":"8952501","zip1":"895","zip2":"2501"}],"大口大島":[{"zip":"8952522","zip1":"895","zip2":"2522"}],"大口大田":[{"zip":"8952507","zip1":"895","zip2":"2507"}],"大口金波田":[{"zip":"8952523","zip1":"895","zip2":"2523"}],"大口上町":[{"zip":"8952513","zip1":"895","zip2":"2513"}],"大口川岩瀬":[{"zip":"8952528","zip1":"895","zip2":"2528"}],"大口木ノ氏":[{"zip":"8952502","zip1":"895","zip2":"2502"}],"大口小川内":[{"zip":"8952634","zip1":"895","zip2":"2634"}],"大口小木原":[{"zip":"8952631","zip1":"895","zip2":"2631"}],"大口里":[{"zip":"8952511","zip1":"895","zip2":"2511"}],"大口篠原":[{"zip":"8952503","zip1":"895","zip2":"2503"}],"大口下殿":[{"zip":"8952525","zip1":"895","zip2":"2525"}],"大口白木":[{"zip":"8952529","zip1":"895","zip2":"2529"}],"大口曽木":[{"zip":"8952441","zip1":"895","zip2":"2441"}],"大口田代":[{"zip":"8952527","zip1":"895","zip2":"2527"}],"大口堂崎":[{"zip":"8952524","zip1":"895","zip2":"2524"}],"大口鳥巣":[{"zip":"8952521","zip1":"895","zip2":"2521"}],"大口原田":[{"zip":"8952506","zip1":"895","zip2":"2506"}],"大口針持":[{"zip":"8952442","zip1":"895","zip2":"2442"}],"大口平出水":[{"zip":"8952633","zip1":"895","zip2":"2633"}],"大口渕辺":[{"zip":"8952632","zip1":"895","zip2":"2632"}],"大口宮人":[{"zip":"8952526","zip1":"895","zip2":"2526"}],"大口目丸":[{"zip":"8952505","zip1":"895","zip2":"2505"}],"大口元町":[{"zip":"8952512","zip1":"895","zip2":"2512"}],"大口山野":[{"zip":"8952635","zip1":"895","zip2":"2635"}],"菱刈荒田":[{"zip":"8952811","zip1":"895","zip2":"2811"}],"菱刈市山":[{"zip":"8952704","zip1":"895","zip2":"2704"}],"菱刈川北":[{"zip":"8952708","zip1":"895","zip2":"2708"}],"菱刈川南":[{"zip":"8952812","zip1":"895","zip2":"2812"}],"菱刈重留":[{"zip":"8952705","zip1":"895","zip2":"2705"}],"菱刈下手":[{"zip":"8952702","zip1":"895","zip2":"2702"}],"菱刈田中":[{"zip":"8952706","zip1":"895","zip2":"2706"}],"菱刈徳辺":[{"zip":"8952707","zip1":"895","zip2":"2707"}],"菱刈花北":[{"zip":"8952703","zip1":"895","zip2":"2703"}],"菱刈前目":[{"zip":"8952701","zip1":"895","zip2":"2701"}],"菱刈南浦":[{"zip":"8952813","zip1":"895","zip2":"2813"}]},"姶良市":{"以下に掲載がない場合":[{"zip":"8995400","zip1":"899","zip2":"5400"}],"池島町":[{"zip":"8995653","zip1":"899","zip2":"5653"}],"大山":[{"zip":"8995544","zip1":"899","zip2":"5544"}],"加治木町朝日町":[{"zip":"8995213","zip1":"899","zip2":"5213"}],"加治木町仮屋町":[{"zip":"8995214","zip1":"899","zip2":"5214"}],"加治木町木田":[{"zip":"8995241","zip1":"899","zip2":"5241"}],"加治木町錦江町":[{"zip":"8995222","zip1":"899","zip2":"5222"}],"加治木町小山田":[{"zip":"8995203","zip1":"899","zip2":"5203"}],"加治木町新生町":[{"zip":"8995223","zip1":"899","zip2":"5223"}],"加治木町新富町":[{"zip":"8995211","zip1":"899","zip2":"5211"}],"加治木町諏訪町":[{"zip":"8995212","zip1":"899","zip2":"5212"}],"加治木町反土":[{"zip":"8995231","zip1":"899","zip2":"5231"}],"加治木町西別府":[{"zip":"8995201","zip1":"899","zip2":"5201"}],"加治木町日木山":[{"zip":"8995204","zip1":"899","zip2":"5204"}],"加治木町辺川":[{"zip":"8995202","zip1":"899","zip2":"5202"}],"加治木町港町":[{"zip":"8995221","zip1":"899","zip2":"5221"}],"加治木町本町":[{"zip":"8995215","zip1":"899","zip2":"5215"}],"上名":[{"zip":"8995542","zip1":"899","zip2":"5542"}],"蒲生町漆":[{"zip":"8995301","zip1":"899","zip2":"5301"}],"蒲生町上久徳":[{"zip":"8995302","zip1":"899","zip2":"5302"}],"蒲生町北":[{"zip":"8995303","zip1":"899","zip2":"5303"}],"蒲生町下久徳":[{"zip":"8995304","zip1":"899","zip2":"5304"}],"蒲生町白男":[{"zip":"8995305","zip1":"899","zip2":"5305"}],"蒲生町西浦":[{"zip":"8995306","zip1":"899","zip2":"5306"}],"蒲生町久末":[{"zip":"8995307","zip1":"899","zip2":"5307"}],"蒲生町米丸":[{"zip":"8995308","zip1":"899","zip2":"5308"}],"北山":[{"zip":"8995541","zip1":"899","zip2":"5541"}],"木津志":[{"zip":"8995545","zip1":"899","zip2":"5545"}],"三拾町":[{"zip":"8995412","zip1":"899","zip2":"5412"}],"下名":[{"zip":"8995543","zip1":"899","zip2":"5543"}],"住吉":[{"zip":"8995405","zip1":"899","zip2":"5405"}],"寺師":[{"zip":"8995401","zip1":"899","zip2":"5401"}],"豊留":[{"zip":"8995413","zip1":"899","zip2":"5413"}],"永池町":[{"zip":"8995654","zip1":"899","zip2":"5654"}],"永瀬":[{"zip":"8995404","zip1":"899","zip2":"5404"}],"中津野":[{"zip":"8995402","zip1":"899","zip2":"5402"}],"鍋倉":[{"zip":"8995411","zip1":"899","zip2":"5411"}],"西姶良":[{"zip":"8995656","zip1":"899","zip2":"5656"}],"西宮島町":[{"zip":"8995433","zip1":"899","zip2":"5433"}],"西餠田":[{"zip":"8995431","zip1":"899","zip2":"5431"}],"東餠田":[{"zip":"8995421","zip1":"899","zip2":"5421"}],"平松":[{"zip":"8995652","zip1":"899","zip2":"5652"}],"深水":[{"zip":"8995414","zip1":"899","zip2":"5414"}],"船津":[{"zip":"8995655","zip1":"899","zip2":"5655"}],"増田":[{"zip":"8995403","zip1":"899","zip2":"5403"}],"松原町":[{"zip":"8995422","zip1":"899","zip2":"5422"}],"宮島町":[{"zip":"8995432","zip1":"899","zip2":"5432"}],"脇元":[{"zip":"8995651","zip1":"899","zip2":"5651"}]},"鹿児島郡三島村":{"以下に掲載がない場合":[{"zip":"8900000","zip1":"890","zip2":"0000"}],"硫黄島":[{"zip":"8900901","zip1":"890","zip2":"0901"}],"黒島":[{"zip":"8900902","zip1":"890","zip2":"0902"}],"竹島":[{"zip":"8900903","zip1":"890","zip2":"0903"}]},"鹿児島郡十島村":{"以下に掲載がない場合":[{"zip":"8915200","zip1":"891","zip2":"5200"}],"悪石島":[{"zip":"8915204","zip1":"891","zip2":"5204"}],"口之島":[{"zip":"8915101","zip1":"891","zip2":"5101"}],"小宝島":[{"zip":"8915205","zip1":"891","zip2":"5205"}],"諏訪之瀬島":[{"zip":"8915203","zip1":"891","zip2":"5203"}],"平島":[{"zip":"8915202","zip1":"891","zip2":"5202"}],"宝島":[{"zip":"8915301","zip1":"891","zip2":"5301"}],"中之島":[{"zip":"8915201","zip1":"891","zip2":"5201"}]},"薩摩郡さつま町":{"以下に掲載がない場合":[{"zip":"8951800","zip1":"895","zip2":"1800"}],"旭町":[{"zip":"8951814","zip1":"895","zip2":"1814"}],"柏原":[{"zip":"8952104","zip1":"895","zip2":"2104"}],"柊野":[{"zip":"8952131","zip1":"895","zip2":"2131"}],"久富木":[{"zip":"8951722","zip1":"895","zip2":"1722"}],"求名":[{"zip":"8952201","zip1":"895","zip2":"2201"}],"神子":[{"zip":"8952102","zip1":"895","zip2":"2102"}],"紫尾":[{"zip":"8952103","zip1":"895","zip2":"2103"}],"白男川":[{"zip":"8951805","zip1":"895","zip2":"1805"}],"田原":[{"zip":"8951802","zip1":"895","zip2":"1802"}],"鶴田":[{"zip":"8952101","zip1":"895","zip2":"2101"}],"時吉":[{"zip":"8951816","zip1":"895","zip2":"1816"}],"轟町":[{"zip":"8951813","zip1":"895","zip2":"1813"}],"泊野":[{"zip":"8951806","zip1":"895","zip2":"1806"}],"虎居":[{"zip":"8951811","zip1":"895","zip2":"1811"}],"虎居町":[{"zip":"8951812","zip1":"895","zip2":"1812"}],"中津川":[{"zip":"8952202","zip1":"895","zip2":"2202"}],"永野":[{"zip":"8952203","zip1":"895","zip2":"2203"}],"西新町":[{"zip":"8951815","zip1":"895","zip2":"1815"}],"平川":[{"zip":"8951807","zip1":"895","zip2":"1807"}],"広瀬":[{"zip":"8951801","zip1":"895","zip2":"1801"}],"二渡":[{"zip":"8951723","zip1":"895","zip2":"1723"}],"船木":[{"zip":"8951804","zip1":"895","zip2":"1804"}],"宮之城屋地":[{"zip":"8951803","zip1":"895","zip2":"1803"}],"山崎":[{"zip":"8951721","zip1":"895","zip2":"1721"}],"湯田":[{"zip":"8951817","zip1":"895","zip2":"1817"}]},"出水郡長島町":{"以下に掲載がない場合":[{"zip":"8991400","zip1":"899","zip2":"1400"}],"浦底":[{"zip":"8991402","zip1":"899","zip2":"1402"}],"川床":[{"zip":"8991212","zip1":"899","zip2":"1212"}],"蔵之元":[{"zip":"8991301","zip1":"899","zip2":"1301"}],"指江":[{"zip":"8991303","zip1":"899","zip2":"1303"}],"獅子島":[{"zip":"8991501","zip1":"899","zip2":"1501"}],"下山門野":[{"zip":"8991321","zip1":"899","zip2":"1321"}],"城川内":[{"zip":"8991304","zip1":"899","zip2":"1304"}],"諸浦":[{"zip":"8991403","zip1":"899","zip2":"1403"}],"鷹巣":[{"zip":"8991401","zip1":"899","zip2":"1401"}],"平尾":[{"zip":"8991302","zip1":"899","zip2":"1302"}],"山門野":[{"zip":"8991211","zip1":"899","zip2":"1211"}]},"姶良郡湧水町":{"以下に掲載がない場合":[{"zip":"8996200","zip1":"899","zip2":"6200"}],"稲葉崎":[{"zip":"8996204","zip1":"899","zip2":"6204"}],"川添":[{"zip":"8996103","zip1":"899","zip2":"6103"}],"川西":[{"zip":"8996104","zip1":"899","zip2":"6104"}],"北方":[{"zip":"8996202","zip1":"899","zip2":"6202"}],"幸田":[{"zip":"8996205","zip1":"899","zip2":"6205"}],"木場":[{"zip":"8996201","zip1":"899","zip2":"6201"}],"田尾原":[{"zip":"8996203","zip1":"899","zip2":"6203"}],"恒次":[{"zip":"8996206","zip1":"899","zip2":"6206"}],"鶴丸":[{"zip":"8996101","zip1":"899","zip2":"6101"}],"中津川":[{"zip":"8996102","zip1":"899","zip2":"6102"}],"般若寺":[{"zip":"8996105","zip1":"899","zip2":"6105"}],"米永":[{"zip":"8996207","zip1":"899","zip2":"6207"}]},"曽於郡大崎町":{"以下に掲載がない場合":[{"zip":"8997300","zip1":"899","zip2":"7300"}],"井俣":[{"zip":"8997309","zip1":"899","zip2":"7309"}],"岡別府":[{"zip":"8997308","zip1":"899","zip2":"7308"}],"假宿":[{"zip":"8997305","zip1":"899","zip2":"7305"}],"神領":[{"zip":"8997302","zip1":"899","zip2":"7302"}],"永吉":[{"zip":"8997306","zip1":"899","zip2":"7306"}],"野方":[{"zip":"8998313","zip1":"899","zip2":"8313"}],"菱田":[{"zip":"8997301","zip1":"899","zip2":"7301"}],"益丸":[{"zip":"8997303","zip1":"899","zip2":"7303"}],"持留":[{"zip":"8997307","zip1":"899","zip2":"7307"}],"横瀬":[{"zip":"8997304","zip1":"899","zip2":"7304"}]},"肝属郡東串良町":{"以下に掲載がない場合":[{"zip":"8931600","zip1":"893","zip2":"1600"}],"池之原":[{"zip":"8931612","zip1":"893","zip2":"1612"}],"岩弘":[{"zip":"8931611","zip1":"893","zip2":"1611"}],"川東":[{"zip":"8931615","zip1":"893","zip2":"1615"}],"川西":[{"zip":"8931613","zip1":"893","zip2":"1613"}],"新川西":[{"zip":"8931614","zip1":"893","zip2":"1614"}]},"肝属郡錦江町":{"以下に掲載がない場合":[{"zip":"8932300","zip1":"893","zip2":"2300"}],"神川":[{"zip":"8932301","zip1":"893","zip2":"2301"}],"城元":[{"zip":"8932302","zip1":"893","zip2":"2302"}],"田代川原":[{"zip":"8932402","zip1":"893","zip2":"2402"}],"田代麓":[{"zip":"8932401","zip1":"893","zip2":"2401"}],"馬場":[{"zip":"8932303","zip1":"893","zip2":"2303"}]},"肝属郡南大隅町":{"以下に掲載がない場合":[{"zip":"8932500","zip1":"893","zip2":"2500"}],"佐多伊座敷":[{"zip":"8932601","zip1":"893","zip2":"2601"}],"佐多郡":[{"zip":"8932603","zip1":"893","zip2":"2603"}],"佐多辺塚":[{"zip":"8932602","zip1":"893","zip2":"2602"}],"佐多馬籠":[{"zip":"8932604","zip1":"893","zip2":"2604"}],"根占川北":[{"zip":"8932501","zip1":"893","zip2":"2501"}],"根占川南":[{"zip":"8932502","zip1":"893","zip2":"2502"}],"根占辺田":[{"zip":"8932505","zip1":"893","zip2":"2505"}],"根占山本":[{"zip":"8932504","zip1":"893","zip2":"2504"}],"根占横別府":[{"zip":"8932503","zip1":"893","zip2":"2503"}]},"肝属郡肝付町":{"以下に掲載がない場合":[{"zip":"8931200","zip1":"893","zip2":"1200"}],"後田":[{"zip":"8931203","zip1":"893","zip2":"1203"}],"岸良":[{"zip":"8931511","zip1":"893","zip2":"1511"}],"北方":[{"zip":"8931401","zip1":"893","zip2":"1401"}],"富山":[{"zip":"8931204","zip1":"893","zip2":"1204"}],"新富":[{"zip":"8931207","zip1":"893","zip2":"1207"}],"野崎":[{"zip":"8931201","zip1":"893","zip2":"1201"}],"波見":[{"zip":"8931202","zip1":"893","zip2":"1202"}],"前田":[{"zip":"8931206","zip1":"893","zip2":"1206"}],"南方":[{"zip":"8931402","zip1":"893","zip2":"1402"}],"宮下":[{"zip":"8931205","zip1":"893","zip2":"1205"}]},"熊毛郡中種子町":{"以下に掲載がない場合":[{"zip":"8913600","zip1":"891","zip2":"3600"}],"坂井":[{"zip":"8913606","zip1":"891","zip2":"3606"}],"田島":[{"zip":"8913607","zip1":"891","zip2":"3607"}],"納官":[{"zip":"8913601","zip1":"891","zip2":"3601"}],"野間":[{"zip":"8913604","zip1":"891","zip2":"3604"}],"牧川":[{"zip":"8913602","zip1":"891","zip2":"3602"}],"増田":[{"zip":"8913603","zip1":"891","zip2":"3603"}],"油久":[{"zip":"8913605","zip1":"891","zip2":"3605"}]},"熊毛郡南種子町":{"以下に掲載がない場合":[{"zip":"8913700","zip1":"891","zip2":"3700"}],"茎永":[{"zip":"8913703","zip1":"891","zip2":"3703"}],"島間":[{"zip":"8913706","zip1":"891","zip2":"3706"}],"中之上":[{"zip":"8913701","zip1":"891","zip2":"3701"}],"中之下":[{"zip":"8913704","zip1":"891","zip2":"3704"}],"西之":[{"zip":"8913705","zip1":"891","zip2":"3705"}],"平山":[{"zip":"8913702","zip1":"891","zip2":"3702"}]},"熊毛郡屋久島町":{"以下に掲載がない場合":[{"zip":"8914200","zip1":"891","zip2":"4200"}],"安房":[{"zip":"8914311","zip1":"891","zip2":"4311"}],"一湊":[{"zip":"8914203","zip1":"891","zip2":"4203"}],"尾之間":[{"zip":"8914404","zip1":"891","zip2":"4404"}],"楠川":[{"zip":"8914206","zip1":"891","zip2":"4206"}],"口永良部島":[{"zip":"8914208","zip1":"891","zip2":"4208"}],"栗生":[{"zip":"8914409","zip1":"891","zip2":"4409"}],"小島":[{"zip":"8914405","zip1":"891","zip2":"4405"}],"小瀬田":[{"zip":"8914207","zip1":"891","zip2":"4207"}],"志戸子":[{"zip":"8914204","zip1":"891","zip2":"4204"}],"永田":[{"zip":"8914201","zip1":"891","zip2":"4201"}],"中間":[{"zip":"8914408","zip1":"891","zip2":"4408"}],"原":[{"zip":"8914403","zip1":"891","zip2":"4403"}],"平内":[{"zip":"8914406","zip1":"891","zip2":"4406"}],"船行":[{"zip":"8914312","zip1":"891","zip2":"4312"}],"宮之浦":[{"zip":"8914205","zip1":"891","zip2":"4205"}],"麦生（高平）":[{"zip":"8914401","zip1":"891","zip2":"4401"}],"麦生（その他）":[{"zip":"8914402","zip1":"891","zip2":"4402"}],"湯泊":[{"zip":"8914407","zip1":"891","zip2":"4407"}],"吉田":[{"zip":"8914202","zip1":"891","zip2":"4202"}]},"大島郡大和村":{"以下に掲載がない場合":[{"zip":"8943100","zip1":"894","zip2":"3100"}],"今里":[{"zip":"8943214","zip1":"894","zip2":"3214"}],"大金久":[{"zip":"8943107","zip1":"894","zip2":"3107"}],"大棚":[{"zip":"8943106","zip1":"894","zip2":"3106"}],"思勝":[{"zip":"8943104","zip1":"894","zip2":"3104"}],"国直":[{"zip":"8943101","zip1":"894","zip2":"3101"}],"志戸勘":[{"zip":"8943213","zip1":"894","zip2":"3213"}],"津名久":[{"zip":"8943103","zip1":"894","zip2":"3103"}],"戸円":[{"zip":"8943211","zip1":"894","zip2":"3211"}],"名音":[{"zip":"8943212","zip1":"894","zip2":"3212"}],"大和浜":[{"zip":"8943105","zip1":"894","zip2":"3105"}],"湯湾釜":[{"zip":"8943102","zip1":"894","zip2":"3102"}]},"大島郡宇検村":{"以下に掲載がない場合":[{"zip":"8943300","zip1":"894","zip2":"3300"}],"芦検":[{"zip":"8943302","zip1":"894","zip2":"3302"}],"阿室":[{"zip":"8943632","zip1":"894","zip2":"3632"}],"生勝":[{"zip":"8943413","zip1":"894","zip2":"3413"}],"石良":[{"zip":"8943305","zip1":"894","zip2":"3305"}],"宇検":[{"zip":"8943411","zip1":"894","zip2":"3411"}],"久志":[{"zip":"8943412","zip1":"894","zip2":"3412"}],"佐念":[{"zip":"8943522","zip1":"894","zip2":"3522"}],"須古":[{"zip":"8943304","zip1":"894","zip2":"3304"}],"田検":[{"zip":"8943303","zip1":"894","zip2":"3303"}],"名柄":[{"zip":"8943521","zip1":"894","zip2":"3521"}],"部連":[{"zip":"8943523","zip1":"894","zip2":"3523"}],"平田":[{"zip":"8943631","zip1":"894","zip2":"3631"}],"屋鈍":[{"zip":"8943633","zip1":"894","zip2":"3633"}],"湯湾":[{"zip":"8943301","zip1":"894","zip2":"3301"}]},"大島郡瀬戸内町":{"以下に掲載がない場合":[{"zip":"8941500","zip1":"894","zip2":"1500"}],"秋徳":[{"zip":"8942234","zip1":"894","zip2":"2234"}],"阿木名":[{"zip":"8941511","zip1":"894","zip2":"1511"}],"阿多地":[{"zip":"8942411","zip1":"894","zip2":"2411"}],"阿鉄":[{"zip":"8941744","zip1":"894","zip2":"1744"}],"網野子":[{"zip":"8941513","zip1":"894","zip2":"1513"}],"阿室釜":[{"zip":"8941742","zip1":"894","zip2":"1742"}],"池地":[{"zip":"8942501","zip1":"894","zip2":"2501"}],"生間":[{"zip":"8942142","zip1":"894","zip2":"2142"}],"伊子茂":[{"zip":"8942236","zip1":"894","zip2":"2236"}],"伊須":[{"zip":"8941524","zip1":"894","zip2":"1524"}],"請阿室":[{"zip":"8942502","zip1":"894","zip2":"2502"}],"於斉":[{"zip":"8942235","zip1":"894","zip2":"2235"}],"押角":[{"zip":"8942231","zip1":"894","zip2":"2231"}],"勝浦":[{"zip":"8941512","zip1":"894","zip2":"1512"}],"勝能":[{"zip":"8942232","zip1":"894","zip2":"2232"}],"嘉鉄":[{"zip":"8941522","zip1":"894","zip2":"1522"}],"嘉徳":[{"zip":"8941515","zip1":"894","zip2":"1515"}],"嘉入":[{"zip":"8942413","zip1":"894","zip2":"2413"}],"木慈":[{"zip":"8942417","zip1":"894","zip2":"2417"}],"久慈":[{"zip":"8941851","zip1":"894","zip2":"1851"}],"管鈍":[{"zip":"8941854","zip1":"894","zip2":"1854"}],"久根津":[{"zip":"8941746","zip1":"894","zip2":"1746"}],"花天":[{"zip":"8941853","zip1":"894","zip2":"1853"}],"花富":[{"zip":"8942237","zip1":"894","zip2":"2237"}],"古志":[{"zip":"8941852","zip1":"894","zip2":"1852"}],"小名瀬":[{"zip":"8941743","zip1":"894","zip2":"1743"}],"古仁屋":[{"zip":"8941508","zip1":"894","zip2":"1508"}],"古仁屋（大湊）":[{"zip":"8941503","zip1":"894","zip2":"1503"}],"古仁屋（春日）":[{"zip":"8941504","zip1":"894","zip2":"1504"}],"古仁屋（瀬久井）":[{"zip":"8941507","zip1":"894","zip2":"1507"}],"古仁屋（高丘）":[{"zip":"8941501","zip1":"894","zip2":"1501"}],"古仁屋（船津）":[{"zip":"8941506","zip1":"894","zip2":"1506"}],"古仁屋（松江）":[{"zip":"8941505","zip1":"894","zip2":"1505"}],"古仁屋（宮前）":[{"zip":"8941502","zip1":"894","zip2":"1502"}],"古仁屋瀬久井西":[{"zip":"8941510","zip1":"894","zip2":"1510"}],"古仁屋瀬久井東":[{"zip":"8941509","zip1":"894","zip2":"1509"}],"薩川":[{"zip":"8942402","zip1":"894","zip2":"2402"}],"実久":[{"zip":"8942403","zip1":"894","zip2":"2403"}],"篠川":[{"zip":"8941741","zip1":"894","zip2":"1741"}],"芝":[{"zip":"8942404","zip1":"894","zip2":"2404"}],"諸数":[{"zip":"8942144","zip1":"894","zip2":"2144"}],"諸鈍":[{"zip":"8942141","zip1":"894","zip2":"2141"}],"須子茂":[{"zip":"8942412","zip1":"894","zip2":"2412"}],"清水":[{"zip":"8941521","zip1":"894","zip2":"1521"}],"瀬相":[{"zip":"8942322","zip1":"894","zip2":"2322"}],"瀬武":[{"zip":"8942401","zip1":"894","zip2":"2401"}],"節子":[{"zip":"8941514","zip1":"894","zip2":"1514"}],"蘇刈":[{"zip":"8941523","zip1":"894","zip2":"1523"}],"武名":[{"zip":"8942416","zip1":"894","zip2":"2416"}],"知之浦":[{"zip":"8942415","zip1":"894","zip2":"2415"}],"手安":[{"zip":"8941531","zip1":"894","zip2":"1531"}],"渡連":[{"zip":"8942143","zip1":"894","zip2":"2143"}],"西阿室":[{"zip":"8942321","zip1":"894","zip2":"2321"}],"西古見":[{"zip":"8941855","zip1":"894","zip2":"1855"}],"野見山":[{"zip":"8942233","zip1":"894","zip2":"2233"}],"俵":[{"zip":"8942323","zip1":"894","zip2":"2323"}],"三浦":[{"zip":"8942414","zip1":"894","zip2":"2414"}],"油井":[{"zip":"8941745","zip1":"894","zip2":"1745"}],"与路":[{"zip":"8942601","zip1":"894","zip2":"2601"}]},"大島郡龍郷町":{"以下に掲載がない場合":[{"zip":"8940100","zip1":"894","zip2":"0100"}],"赤尾木":[{"zip":"8940411","zip1":"894","zip2":"0411"}],"秋名":[{"zip":"8940333","zip1":"894","zip2":"0333"}],"芦徳":[{"zip":"8940412","zip1":"894","zip2":"0412"}],"安木屋場":[{"zip":"8940323","zip1":"894","zip2":"0323"}],"幾里":[{"zip":"8940332","zip1":"894","zip2":"0332"}],"浦":[{"zip":"8940104","zip1":"894","zip2":"0104"}],"円":[{"zip":"8940324","zip1":"894","zip2":"0324"}],"大勝":[{"zip":"8940105","zip1":"894","zip2":"0105"}],"嘉渡":[{"zip":"8940331","zip1":"894","zip2":"0331"}],"久場":[{"zip":"8940322","zip1":"894","zip2":"0322"}],"瀬留":[{"zip":"8940102","zip1":"894","zip2":"0102"}],"龍郷":[{"zip":"8940321","zip1":"894","zip2":"0321"}],"玉里":[{"zip":"8940103","zip1":"894","zip2":"0103"}],"戸口":[{"zip":"8940107","zip1":"894","zip2":"0107"}],"中勝":[{"zip":"8940106","zip1":"894","zip2":"0106"}],"屋入":[{"zip":"8940101","zip1":"894","zip2":"0101"}]},"大島郡喜界町":{"以下に掲載がない場合":[{"zip":"8916200","zip1":"891","zip2":"6200"}],"赤連":[{"zip":"8916201","zip1":"891","zip2":"6201"}],"阿伝":[{"zip":"8916162","zip1":"891","zip2":"6162"}],"荒木":[{"zip":"8916231","zip1":"891","zip2":"6231"}],"池治":[{"zip":"8916221","zip1":"891","zip2":"6221"}],"伊砂":[{"zip":"8916217","zip1":"891","zip2":"6217"}],"伊実久":[{"zip":"8916141","zip1":"891","zip2":"6141"}],"浦原":[{"zip":"8916228","zip1":"891","zip2":"6228"}],"大朝戸":[{"zip":"8916213","zip1":"891","zip2":"6213"}],"小野津":[{"zip":"8916142","zip1":"891","zip2":"6142"}],"嘉鈍":[{"zip":"8916161","zip1":"891","zip2":"6161"}],"上嘉鉄":[{"zip":"8916233","zip1":"891","zip2":"6233"}],"川嶺":[{"zip":"8916227","zip1":"891","zip2":"6227"}],"城久":[{"zip":"8916224","zip1":"891","zip2":"6224"}],"花良治":[{"zip":"8916164","zip1":"891","zip2":"6164"}],"花良治（蒲生）":[{"zip":"8916163","zip1":"891","zip2":"6163"}],"坂嶺":[{"zip":"8916216","zip1":"891","zip2":"6216"}],"先山":[{"zip":"8916229","zip1":"891","zip2":"6229"}],"佐手久":[{"zip":"8916144","zip1":"891","zip2":"6144"}],"塩道":[{"zip":"8916151","zip1":"891","zip2":"6151"}],"志戸桶":[{"zip":"8916143","zip1":"891","zip2":"6143"}],"島中":[{"zip":"8916222","zip1":"891","zip2":"6222"}],"白水":[{"zip":"8916154","zip1":"891","zip2":"6154"}],"早町":[{"zip":"8916152","zip1":"891","zip2":"6152"}],"滝川":[{"zip":"8916223","zip1":"891","zip2":"6223"}],"手久津久":[{"zip":"8916232","zip1":"891","zip2":"6232"}],"中熊":[{"zip":"8916215","zip1":"891","zip2":"6215"}],"中熊（先内）":[{"zip":"8916212","zip1":"891","zip2":"6212"}],"中里":[{"zip":"8916203","zip1":"891","zip2":"6203"}],"中間":[{"zip":"8916211","zip1":"891","zip2":"6211"}],"長嶺":[{"zip":"8916153","zip1":"891","zip2":"6153"}],"西目":[{"zip":"8916214","zip1":"891","zip2":"6214"}],"羽里":[{"zip":"8916226","zip1":"891","zip2":"6226"}],"山田":[{"zip":"8916225","zip1":"891","zip2":"6225"}],"湾":[{"zip":"8916202","zip1":"891","zip2":"6202"}]},"大島郡徳之島町":{"以下に掲載がない場合":[{"zip":"8917100","zip1":"891","zip2":"7100"}],"旭ケ丘":[{"zip":"8917116","zip1":"891","zip2":"7116"}],"井之川":[{"zip":"8917114","zip1":"891","zip2":"7114"}],"尾母":[{"zip":"8917104","zip1":"891","zip2":"7104"}],"金見":[{"zip":"8917422","zip1":"891","zip2":"7422"}],"神之嶺":[{"zip":"8917113","zip1":"891","zip2":"7113"}],"亀津":[{"zip":"8917101","zip1":"891","zip2":"7101"}],"亀徳":[{"zip":"8917102","zip1":"891","zip2":"7102"}],"花徳":[{"zip":"8917425","zip1":"891","zip2":"7425"}],"山":[{"zip":"8917423","zip1":"891","zip2":"7423"}],"下久志":[{"zip":"8917115","zip1":"891","zip2":"7115"}],"諸田":[{"zip":"8917112","zip1":"891","zip2":"7112"}],"白井":[{"zip":"8917105","zip1":"891","zip2":"7105"}],"手々":[{"zip":"8917421","zip1":"891","zip2":"7421"}],"徳和瀬":[{"zip":"8917111","zip1":"891","zip2":"7111"}],"轟木":[{"zip":"8917424","zip1":"891","zip2":"7424"}],"母間":[{"zip":"8917426","zip1":"891","zip2":"7426"}],"南原":[{"zip":"8917103","zip1":"891","zip2":"7103"}]},"大島郡天城町":{"以下に掲載がない場合":[{"zip":"8917600","zip1":"891","zip2":"7600"}],"浅間":[{"zip":"8917605","zip1":"891","zip2":"7605"}],"天城":[{"zip":"8917611","zip1":"891","zip2":"7611"}],"大津川":[{"zip":"8917622","zip1":"891","zip2":"7622"}],"岡前":[{"zip":"8917603","zip1":"891","zip2":"7603"}],"兼久":[{"zip":"8917621","zip1":"891","zip2":"7621"}],"瀬滝":[{"zip":"8917623","zip1":"891","zip2":"7623"}],"当部":[{"zip":"8917624","zip1":"891","zip2":"7624"}],"西阿木名":[{"zip":"8917731","zip1":"891","zip2":"7731"}],"平土野":[{"zip":"8917612","zip1":"891","zip2":"7612"}],"前野":[{"zip":"8917604","zip1":"891","zip2":"7604"}],"松原":[{"zip":"8917602","zip1":"891","zip2":"7602"}],"与名間":[{"zip":"8917601","zip1":"891","zip2":"7601"}]},"大島郡伊仙町":{"以下に掲載がない場合":[{"zip":"8918300","zip1":"891","zip2":"8300"}],"阿権":[{"zip":"8918322","zip1":"891","zip2":"8322"}],"阿三（７９９の１～８６７番地）":[{"zip":"8918221","zip1":"891","zip2":"8221"}],"阿三（その他）":[{"zip":"8918321","zip1":"891","zip2":"8321"}],"伊仙":[{"zip":"8918201","zip1":"891","zip2":"8201"}],"糸木名":[{"zip":"8918324","zip1":"891","zip2":"8324"}],"犬田布":[{"zip":"8918327","zip1":"891","zip2":"8327"}],"面縄":[{"zip":"8918114","zip1":"891","zip2":"8114"}],"喜念":[{"zip":"8918111","zip1":"891","zip2":"8111"}],"木之香":[{"zip":"8918323","zip1":"891","zip2":"8323"}],"検福（４１６～５１６番地）":[{"zip":"8918216","zip1":"891","zip2":"8216"}],"検福（その他）":[{"zip":"8918116","zip1":"891","zip2":"8116"}],"小島":[{"zip":"8918329","zip1":"891","zip2":"8329"}],"崎原":[{"zip":"8918328","zip1":"891","zip2":"8328"}],"佐弁":[{"zip":"8918112","zip1":"891","zip2":"8112"}],"中山":[{"zip":"8918117","zip1":"891","zip2":"8117"}],"馬根":[{"zip":"8918326","zip1":"891","zip2":"8326"}],"古里":[{"zip":"8918115","zip1":"891","zip2":"8115"}],"目手久":[{"zip":"8918113","zip1":"891","zip2":"8113"}],"八重竿":[{"zip":"8918325","zip1":"891","zip2":"8325"}]},"大島郡和泊町":{"以下に掲載がない場合":[{"zip":"8919100","zip1":"891","zip2":"9100"}],"畦布":[{"zip":"8919114","zip1":"891","zip2":"9114"}],"伊延":[{"zip":"8919115","zip1":"891","zip2":"9115"}],"上手々知名":[{"zip":"8919116","zip1":"891","zip2":"9116"}],"内城":[{"zip":"8919131","zip1":"891","zip2":"9131"}],"大城":[{"zip":"8919125","zip1":"891","zip2":"9125"}],"喜美留":[{"zip":"8919102","zip1":"891","zip2":"9102"}],"国頭":[{"zip":"8919101","zip1":"891","zip2":"9101"}],"後蘭":[{"zip":"8919132","zip1":"891","zip2":"9132"}],"瀬名":[{"zip":"8919136","zip1":"891","zip2":"9136"}],"谷山":[{"zip":"8919133","zip1":"891","zip2":"9133"}],"玉城":[{"zip":"8919122","zip1":"891","zip2":"9122"}],"出花":[{"zip":"8919103","zip1":"891","zip2":"9103"}],"手々知名":[{"zip":"8919111","zip1":"891","zip2":"9111"}],"永嶺":[{"zip":"8919135","zip1":"891","zip2":"9135"}],"仁志":[{"zip":"8919134","zip1":"891","zip2":"9134"}],"西原":[{"zip":"8919104","zip1":"891","zip2":"9104"}],"根折":[{"zip":"8919121","zip1":"891","zip2":"9121"}],"古里":[{"zip":"8919124","zip1":"891","zip2":"9124"}],"皆川":[{"zip":"8919123","zip1":"891","zip2":"9123"}],"和":[{"zip":"8919113","zip1":"891","zip2":"9113"}],"和泊":[{"zip":"8919112","zip1":"891","zip2":"9112"}]},"大島郡知名町":{"以下に掲載がない場合":[{"zip":"8919200","zip1":"891","zip2":"9200"}],"赤嶺":[{"zip":"8919206","zip1":"891","zip2":"9206"}],"芦清良":[{"zip":"8919211","zip1":"891","zip2":"9211"}],"余多":[{"zip":"8919201","zip1":"891","zip2":"9201"}],"大津勘":[{"zip":"8919221","zip1":"891","zip2":"9221"}],"上城":[{"zip":"8919234","zip1":"891","zip2":"9234"}],"上平川":[{"zip":"8919204","zip1":"891","zip2":"9204"}],"久志検":[{"zip":"8919205","zip1":"891","zip2":"9205"}],"黒貫":[{"zip":"8919212","zip1":"891","zip2":"9212"}],"竿津":[{"zip":"8919207","zip1":"891","zip2":"9207"}],"下城":[{"zip":"8919233","zip1":"891","zip2":"9233"}],"下平川":[{"zip":"8919203","zip1":"891","zip2":"9203"}],"新城":[{"zip":"8919232","zip1":"891","zip2":"9232"}],"住吉":[{"zip":"8919223","zip1":"891","zip2":"9223"}],"瀬利覚":[{"zip":"8919213","zip1":"891","zip2":"9213"}],"田皆":[{"zip":"8919231","zip1":"891","zip2":"9231"}],"知名":[{"zip":"8919214","zip1":"891","zip2":"9214"}],"徳時":[{"zip":"8919222","zip1":"891","zip2":"9222"}],"正名":[{"zip":"8919224","zip1":"891","zip2":"9224"}],"屋子母":[{"zip":"8919215","zip1":"891","zip2":"9215"}],"屋者":[{"zip":"8919202","zip1":"891","zip2":"9202"}]},"大島郡与論町":{"以下に掲載がない場合":[{"zip":"8919300","zip1":"891","zip2":"9300"}],"朝戸":[{"zip":"8919304","zip1":"891","zip2":"9304"}],"叶":[{"zip":"8919309","zip1":"891","zip2":"9309"}],"城":[{"zip":"8919303","zip1":"891","zip2":"9303"}],"茶花":[{"zip":"8919301","zip1":"891","zip2":"9301"}],"那間":[{"zip":"8919308","zip1":"891","zip2":"9308"}],"西区":[{"zip":"8919305","zip1":"891","zip2":"9305"}],"東区":[{"zip":"8919306","zip1":"891","zip2":"9306"}],"古里":[{"zip":"8919307","zip1":"891","zip2":"9307"}],"立長":[{"zip":"8919302","zip1":"891","zip2":"9302"}]}}