{"0000":[{"pref":"大阪府","city":"大阪市西淀川区","town":"以下に掲載がない場合"}],"0021":[{"pref":"大阪府","city":"大阪市西淀川区","town":"歌島"}],"0043":[{"pref":"大阪府","city":"大阪市西淀川区","town":"大野"}],"0032":[{"pref":"大阪府","city":"大阪市西淀川区","town":"大和田"}],"0022":[{"pref":"大阪府","city":"大阪市西淀川区","town":"柏里"}],"0011":[{"pref":"大阪府","city":"大阪市西淀川区","town":"竹島"}],"0013":[{"pref":"大阪府","city":"大阪市西淀川区","town":"千舟"}],"0001":[{"pref":"大阪府","city":"大阪市西淀川区","town":"佃"}],"0031":[{"pref":"大阪府","city":"大阪市西淀川区","town":"出来島"}],"0041":[{"pref":"大阪府","city":"大阪市西淀川区","town":"中島"}],"0042":[{"pref":"大阪府","city":"大阪市西淀川区","town":"西島"}],"0024":[{"pref":"大阪府","city":"大阪市西淀川区","town":"野里"}],"0023":[{"pref":"大阪府","city":"大阪市西淀川区","town":"花川"}],"0025":[{"pref":"大阪府","city":"大阪市西淀川区","town":"姫里"}],"0033":[{"pref":"大阪府","city":"大阪市西淀川区","town":"姫島"}],"0044":[{"pref":"大阪府","city":"大阪市西淀川区","town":"百島"}],"0034":[{"pref":"大阪府","city":"大阪市西淀川区","town":"福町"}],"0012":[{"pref":"大阪府","city":"大阪市西淀川区","town":"御幣島"}]}