{"0042":[{"pref":"東京都","city":"江戸川区","town":"興宮町"}],"0041":[{"pref":"東京都","city":"江戸川区","town":"上一色"}],"0054":[{"pref":"東京都","city":"江戸川区","town":"上篠崎"}],"0051":[{"pref":"東京都","city":"江戸川区","town":"北小岩"}],"0053":[{"pref":"東京都","city":"江戸川区","town":"北篠崎"}],"0073":[{"pref":"東京都","city":"江戸川区","town":"鹿骨"}],"0072":[{"pref":"東京都","city":"江戸川区","town":"鹿骨町"}],"0061":[{"pref":"東京都","city":"江戸川区","town":"篠崎町"}],"0064":[{"pref":"東京都","city":"江戸川区","town":"下篠崎町"}],"0057":[{"pref":"東京都","city":"江戸川区","town":"西小岩"}],"0055":[{"pref":"東京都","city":"江戸川区","town":"西篠崎"}],"0052":[{"pref":"東京都","city":"江戸川区","town":"東小岩"}],"0063":[{"pref":"東京都","city":"江戸川区","town":"東篠崎"}],"0062":[{"pref":"東京都","city":"江戸川区","town":"東篠崎町"}],"0071":[{"pref":"東京都","city":"江戸川区","town":"東松本"}],"0044":[{"pref":"東京都","city":"江戸川区","town":"本一色"}],"0043":[{"pref":"東京都","city":"江戸川区","town":"松本"}],"0056":[{"pref":"東京都","city":"江戸川区","town":"南小岩"}],"0065":[{"pref":"東京都","city":"江戸川区","town":"南篠崎町"}],"0002":[{"pref":"東京都","city":"江戸川区","town":"谷河内（２丁目）"}]}