{"0000":[{"pref":"群馬県","city":"藤岡市","town":"以下に掲載がない場合"}],"0042":[{"pref":"群馬県","city":"藤岡市","town":"鮎川"}],"0034":[{"pref":"群馬県","city":"藤岡市","town":"牛田"}],"0011":[{"pref":"群馬県","city":"藤岡市","town":"岡之郷"}],"0045":[{"pref":"群馬県","city":"藤岡市","town":"金井"}],"0054":[{"pref":"群馬県","city":"藤岡市","town":"上大塚"}],"0057":[{"pref":"群馬県","city":"藤岡市","town":"上落合"}],"0016":[{"pref":"群馬県","city":"藤岡市","town":"上栗須"}],"0013":[{"pref":"群馬県","city":"藤岡市","town":"上戸塚"}],"0047":[{"pref":"群馬県","city":"藤岡市","town":"上日野"}],"0033":[{"pref":"群馬県","city":"藤岡市","town":"川除"}],"0021":[{"pref":"群馬県","city":"藤岡市","town":"小林"}],"0037":[{"pref":"群馬県","city":"藤岡市","town":"三本木"}],"0017":[{"pref":"群馬県","city":"藤岡市","town":"篠塚"}],"0052":[{"pref":"群馬県","city":"藤岡市","town":"下大塚"}],"0014":[{"pref":"群馬県","city":"藤岡市","town":"下栗須"}],"0012":[{"pref":"群馬県","city":"藤岡市","town":"下戸塚"}],"0046":[{"pref":"群馬県","city":"藤岡市","town":"下日野"}],"0055":[{"pref":"群馬県","city":"藤岡市","town":"白石"}],"0032":[{"pref":"群馬県","city":"藤岡市","town":"神田"}],"0036":[{"pref":"群馬県","city":"藤岡市","town":"高山"}],"0002":[{"pref":"群馬県","city":"藤岡市","town":"立石"}],"0003":[{"pref":"群馬県","city":"藤岡市","town":"立石新田"}],"0005":[{"pref":"群馬県","city":"藤岡市","town":"中"}],"0053":[{"pref":"群馬県","city":"藤岡市","town":"中大塚"}],"0015":[{"pref":"群馬県","city":"藤岡市","town":"中栗須"}],"0001":[{"pref":"群馬県","city":"藤岡市","town":"中島"}],"0044":[{"pref":"群馬県","city":"藤岡市","town":"西平井"}],"0022":[{"pref":"群馬県","city":"藤岡市","town":"根岸"}],"0043":[{"pref":"群馬県","city":"藤岡市","town":"東平井"}],"0024":[{"pref":"群馬県","city":"藤岡市","town":"藤岡"}],"0035":[{"pref":"群馬県","city":"藤岡市","town":"保美"}],"0023":[{"pref":"群馬県","city":"藤岡市","town":"本郷"}],"0056":[{"pref":"群馬県","city":"藤岡市","town":"三ツ木"}],"0041":[{"pref":"群馬県","city":"藤岡市","town":"緑埜"}],"0051":[{"pref":"群馬県","city":"藤岡市","town":"本動堂"}],"0004":[{"pref":"群馬県","city":"藤岡市","town":"森"}],"0006":[{"pref":"群馬県","city":"藤岡市","town":"森新田"}],"0031":[{"pref":"群馬県","city":"藤岡市","town":"矢場"}]}