{"1100":[{"pref":"北海道","city":"北広島市","town":"以下に掲載がない場合"}],"1101":[{"pref":"北海道","city":"北広島市","town":"中の沢（その他）"}],"1102":[{"pref":"北海道","city":"北広島市","town":"西の里"}],"1103":[{"pref":"北海道","city":"北広島市","town":"虹ケ丘"}],"1104":[{"pref":"北海道","city":"北広島市","town":"西の里北"}],"1105":[{"pref":"北海道","city":"北広島市","town":"西の里東"}],"1106":[{"pref":"北海道","city":"北広島市","town":"西の里南"}],"1111":[{"pref":"北海道","city":"北広島市","town":"北の里"}],"1112":[{"pref":"北海道","city":"北広島市","town":"共栄"}],"1113":[{"pref":"北海道","city":"北広島市","town":"共栄町"}],"1114":[{"pref":"北海道","city":"北広島市","town":"東共栄"}],"1115":[{"pref":"北海道","city":"北広島市","town":"美咲き野"}],"1121":[{"pref":"北海道","city":"北広島市","town":"中央"}],"1122":[{"pref":"北海道","city":"北広島市","town":"広島"}],"1123":[{"pref":"北海道","city":"北広島市","town":"朝日町"}],"1124":[{"pref":"北海道","city":"北広島市","town":"稲穂町西"}],"1125":[{"pref":"北海道","city":"北広島市","town":"稲穂町東"}],"1126":[{"pref":"北海道","city":"北広島市","town":"新富町東"}],"1127":[{"pref":"北海道","city":"北広島市","town":"新富町西"}],"1131":[{"pref":"北海道","city":"北広島市","town":"美沢"}],"1132":[{"pref":"北海道","city":"北広島市","town":"北進町"}],"1133":[{"pref":"北海道","city":"北広島市","town":"栄町"}],"1134":[{"pref":"北海道","city":"北広島市","town":"広葉町"}],"1135":[{"pref":"北海道","city":"北広島市","town":"輝美町"}],"1136":[{"pref":"北海道","city":"北広島市","town":"松葉町"}],"1137":[{"pref":"北海道","city":"北広島市","town":"緑陽町"}],"1141":[{"pref":"北海道","city":"北広島市","town":"青葉町"}],"1142":[{"pref":"北海道","city":"北広島市","town":"若葉町"}],"1143":[{"pref":"北海道","city":"北広島市","town":"南町"}],"1144":[{"pref":"北海道","city":"北広島市","town":"白樺町"}],"1145":[{"pref":"北海道","city":"北広島市","town":"泉町"}],"1146":[{"pref":"北海道","city":"北広島市","town":"高台町"}],"1147":[{"pref":"北海道","city":"北広島市","town":"里見町"}],"1148":[{"pref":"北海道","city":"北広島市","town":"山手町"}],"1151":[{"pref":"北海道","city":"北広島市","town":"東の里"}],"1152":[{"pref":"北海道","city":"北広島市","town":"中の沢（５５７～７３６番地）"}],"1153":[{"pref":"北海道","city":"北広島市","town":"富ケ岡"}],"1154":[{"pref":"北海道","city":"北広島市","town":"南の里"}],"1261":[{"pref":"北海道","city":"北広島市","town":"希望ケ丘"}],"1264":[{"pref":"北海道","city":"北広島市","town":"輪厚"}],"1265":[{"pref":"北海道","city":"北広島市","town":"島松"}],"1266":[{"pref":"北海道","city":"北広島市","town":"三島"}],"1267":[{"pref":"北海道","city":"北広島市","town":"仁別"}],"1268":[{"pref":"北海道","city":"北広島市","town":"輪厚中央"}],"1269":[{"pref":"北海道","city":"北広島市","town":"輪厚元町"}],"1270":[{"pref":"北海道","city":"北広島市","town":"大曲"}],"1271":[{"pref":"北海道","city":"北広島市","town":"大曲中央"}],"1272":[{"pref":"北海道","city":"北広島市","town":"大曲末広"}],"1273":[{"pref":"北海道","city":"北広島市","town":"大曲柏葉"}],"1274":[{"pref":"北海道","city":"北広島市","town":"大曲工業団地"}],"1275":[{"pref":"北海道","city":"北広島市","town":"大曲南ケ丘"}],"1276":[{"pref":"北海道","city":"北広島市","town":"大曲緑ケ丘"}],"1277":[{"pref":"北海道","city":"北広島市","town":"大曲光"}],"1278":[{"pref":"北海道","city":"北広島市","town":"大曲幸町"}],"1279":[{"pref":"北海道","city":"北広島市","town":"大曲並木"}],"1281":[{"pref":"北海道","city":"北広島市","town":"輪厚工業団地"}],"1351":[{"pref":"北海道","city":"恵庭市","town":"島松東町"}],"1352":[{"pref":"北海道","city":"恵庭市","town":"島松仲町"}],"1353":[{"pref":"北海道","city":"恵庭市","town":"島松本町"}],"1354":[{"pref":"北海道","city":"恵庭市","town":"島松旭町"}],"1355":[{"pref":"北海道","city":"恵庭市","town":"島松寿町"}],"1356":[{"pref":"北海道","city":"恵庭市","town":"西島松"}],"1361":[{"pref":"北海道","city":"恵庭市","town":"林田"}],"1362":[{"pref":"北海道","city":"恵庭市","town":"中島松"}],"1363":[{"pref":"北海道","city":"恵庭市","town":"桜森"},{"pref":"北海道","city":"恵庭市","town":"島松沢"}],"1364":[{"pref":"北海道","city":"恵庭市","town":"下島松"}],"1365":[{"pref":"北海道","city":"恵庭市","town":"穂栄"}],"1366":[{"pref":"北海道","city":"恵庭市","town":"北島"}],"1371":[{"pref":"北海道","city":"恵庭市","town":"恵み野東"}],"1372":[{"pref":"北海道","city":"恵庭市","town":"恵み野南"}],"1373":[{"pref":"北海道","city":"恵庭市","town":"恵み野西"}],"1374":[{"pref":"北海道","city":"恵庭市","town":"恵み野北"}],"1375":[{"pref":"北海道","city":"恵庭市","town":"南島松"}],"1376":[{"pref":"北海道","city":"恵庭市","town":"恵み野里美"}],"1400":[{"pref":"北海道","city":"恵庭市","town":"以下に掲載がない場合"}],"1401":[{"pref":"北海道","city":"恵庭市","town":"漁太"}],"1402":[{"pref":"北海道","city":"恵庭市","town":"春日"}],"1403":[{"pref":"北海道","city":"恵庭市","town":"中央"}],"1404":[{"pref":"北海道","city":"恵庭市","town":"上山口"}],"1405":[{"pref":"北海道","city":"恵庭市","town":"戸磯"}],"1406":[{"pref":"北海道","city":"恵庭市","town":"和光町"}],"1407":[{"pref":"北海道","city":"恵庭市","town":"黄金北"}],"1409":[{"pref":"北海道","city":"恵庭市","town":"黄金南"}],"1411":[{"pref":"北海道","city":"恵庭市","town":"恵南"}],"1412":[{"pref":"北海道","city":"恵庭市","town":"白樺町"}],"1413":[{"pref":"北海道","city":"恵庭市","town":"本町"}],"1414":[{"pref":"北海道","city":"恵庭市","town":"漁町"}],"1415":[{"pref":"北海道","city":"恵庭市","town":"泉町"}],"1416":[{"pref":"北海道","city":"恵庭市","town":"桜町"}],"1417":[{"pref":"北海道","city":"恵庭市","town":"駒場町"}],"1421":[{"pref":"北海道","city":"恵庭市","town":"牧場"}],"1422":[{"pref":"北海道","city":"恵庭市","town":"盤尻"}],"1423":[{"pref":"北海道","city":"恵庭市","town":"柏木町"}],"1424":[{"pref":"北海道","city":"恵庭市","town":"大町"}],"1425":[{"pref":"北海道","city":"恵庭市","town":"文京町"}],"1426":[{"pref":"北海道","city":"恵庭市","town":"幸町"}],"1427":[{"pref":"北海道","city":"恵庭市","town":"美咲野"}],"1431":[{"pref":"北海道","city":"恵庭市","town":"有明町"}],"1432":[{"pref":"北海道","city":"恵庭市","town":"恵央町"}],"1433":[{"pref":"北海道","city":"恵庭市","town":"北柏木町"}],"1434":[{"pref":"北海道","city":"恵庭市","town":"柏陽町"}],"1435":[{"pref":"北海道","city":"恵庭市","town":"中島町"}],"1441":[{"pref":"北海道","city":"恵庭市","town":"住吉町"}],"1442":[{"pref":"北海道","city":"恵庭市","town":"緑町"}],"1443":[{"pref":"北海道","city":"恵庭市","town":"栄恵町"}],"1444":[{"pref":"北海道","city":"恵庭市","town":"京町"}],"1445":[{"pref":"北海道","city":"恵庭市","town":"新町"}],"1446":[{"pref":"北海道","city":"恵庭市","town":"末広町"}],"1447":[{"pref":"北海道","city":"恵庭市","town":"福住町"}],"1448":[{"pref":"北海道","city":"恵庭市","town":"相生町"}],"1449":[{"pref":"北海道","city":"恵庭市","town":"黄金中央"}],"2261":[{"pref":"北海道","city":"札幌市南区","town":"簾舞一条"}],"2262":[{"pref":"北海道","city":"札幌市南区","town":"簾舞二条"}],"2263":[{"pref":"北海道","city":"札幌市南区","town":"簾舞三条"}],"2264":[{"pref":"北海道","city":"札幌市南区","town":"簾舞四条"}],"2265":[{"pref":"北海道","city":"札幌市南区","town":"簾舞五条"}],"2266":[{"pref":"北海道","city":"札幌市南区","town":"簾舞六条"}],"2271":[{"pref":"北海道","city":"札幌市南区","town":"藤野（その他）"}],"2272":[{"pref":"北海道","city":"札幌市南区","town":"簾舞（その他）"}],"2273":[{"pref":"北海道","city":"札幌市南区","town":"豊滝"}],"2274":[{"pref":"北海道","city":"札幌市南区","town":"小金湯"}],"2275":[{"pref":"北海道","city":"札幌市南区","town":"砥山"}],"2276":[{"pref":"北海道","city":"札幌市南区","town":"白川"}],"2281":[{"pref":"北海道","city":"札幌市南区","town":"藤野一条"}],"2282":[{"pref":"北海道","city":"札幌市南区","town":"藤野二条"}],"2283":[{"pref":"北海道","city":"札幌市南区","town":"藤野三条"}],"2284":[{"pref":"北海道","city":"札幌市南区","town":"藤野四条"}],"2285":[{"pref":"北海道","city":"札幌市南区","town":"藤野五条"}],"2286":[{"pref":"北海道","city":"札幌市南区","town":"藤野六条"}],"2301":[{"pref":"北海道","city":"札幌市南区","town":"定山渓"}],"2302":[{"pref":"北海道","city":"札幌市南区","town":"定山渓温泉東"}],"2303":[{"pref":"北海道","city":"札幌市南区","town":"定山渓温泉西"}],"3101":[{"pref":"北海道","city":"石狩市","town":"浜益区浜益"}],"3102":[{"pref":"北海道","city":"石狩市","town":"浜益区群別"}],"3103":[{"pref":"北海道","city":"石狩市","town":"浜益区幌"}],"3104":[{"pref":"北海道","city":"石狩市","town":"浜益区床丹"}],"3105":[{"pref":"北海道","city":"石狩市","town":"浜益区千代志別"}],"3106":[{"pref":"北海道","city":"石狩市","town":"浜益区川下"}],"3107":[{"pref":"北海道","city":"石狩市","town":"浜益区柏木"}],"3108":[{"pref":"北海道","city":"石狩市","town":"浜益区実田"}],"3109":[{"pref":"北海道","city":"石狩市","town":"浜益区御料地"}],"3111":[{"pref":"北海道","city":"石狩市","town":"浜益区毘砂別"}],"3112":[{"pref":"北海道","city":"石狩市","town":"浜益区送毛"}],"3113":[{"pref":"北海道","city":"石狩市","town":"浜益区濃昼"}],"3151":[{"pref":"北海道","city":"石狩市","town":"厚田区濃昼"}],"3200":[{"pref":"北海道","city":"石狩市","town":"以下に掲載がない場合"}],"3201":[{"pref":"北海道","city":"石狩市","town":"花川南一条"}],"3202":[{"pref":"北海道","city":"石狩市","town":"花川南二条"}],"3203":[{"pref":"北海道","city":"石狩市","town":"花川南三条"}],"3204":[{"pref":"北海道","city":"石狩市","town":"花川南四条"}],"3205":[{"pref":"北海道","city":"石狩市","town":"花川南五条"}],"3206":[{"pref":"北海道","city":"石狩市","town":"花川南六条"}],"3207":[{"pref":"北海道","city":"石狩市","town":"花川南七条"}],"3208":[{"pref":"北海道","city":"石狩市","town":"花川南八条"}],"3209":[{"pref":"北海道","city":"石狩市","town":"花川南九条"}],"3210":[{"pref":"北海道","city":"石狩市","town":"花川南十条"}],"3211":[{"pref":"北海道","city":"石狩市","town":"花川北一条"}],"3212":[{"pref":"北海道","city":"石狩市","town":"花川北二条"}],"3213":[{"pref":"北海道","city":"石狩市","town":"花川北三条"}],"3214":[{"pref":"北海道","city":"石狩市","town":"花川北四条"}],"3215":[{"pref":"北海道","city":"石狩市","town":"花川北五条"}],"3216":[{"pref":"北海道","city":"石狩市","town":"花川北六条"}],"3217":[{"pref":"北海道","city":"石狩市","town":"花川北七条"}],"3218":[{"pref":"北海道","city":"石狩市","town":"花畔（その他）"}],"3219":[{"pref":"北海道","city":"石狩市","town":"花川"}],"3220":[{"pref":"北海道","city":"石狩市","town":"志美"}],"3221":[{"pref":"北海道","city":"石狩市","town":"緑苑台東一条"}],"3222":[{"pref":"北海道","city":"石狩市","town":"緑苑台東二条"}],"3223":[{"pref":"北海道","city":"石狩市","town":"緑苑台東三条"}],"3230":[{"pref":"北海道","city":"石狩市","town":"緑苑台中央"}],"3231":[{"pref":"北海道","city":"石狩市","town":"緑苑台西一条"}],"3232":[{"pref":"北海道","city":"石狩市","town":"緑苑台西二条"}],"3241":[{"pref":"北海道","city":"石狩市","town":"新港西"}],"3242":[{"pref":"北海道","city":"石狩市","town":"新港中央"}],"3243":[{"pref":"北海道","city":"石狩市","town":"新港東"}],"3244":[{"pref":"北海道","city":"石狩市","town":"新港南"}],"3245":[{"pref":"北海道","city":"石狩市","town":"生振"}],"3248":[{"pref":"北海道","city":"石狩市","town":"花川東"}],"3251":[{"pref":"北海道","city":"石狩市","town":"樽川（その他）"}],"3253":[{"pref":"北海道","city":"石狩市","town":"樽川三条"}],"3254":[{"pref":"北海道","city":"石狩市","town":"樽川四条"}],"3255":[{"pref":"北海道","city":"石狩市","town":"樽川五条"}],"3256":[{"pref":"北海道","city":"石狩市","town":"樽川六条"}],"3257":[{"pref":"北海道","city":"石狩市","town":"樽川七条"}],"3258":[{"pref":"北海道","city":"石狩市","town":"樽川八条"}],"3259":[{"pref":"北海道","city":"石狩市","town":"樽川九条"}],"3261":[{"pref":"北海道","city":"石狩市","town":"花川東一条"}],"3262":[{"pref":"北海道","city":"石狩市","town":"花川東二条"}],"3271":[{"pref":"北海道","city":"小樽市","town":"銭函（４～５丁目）"}],"3281":[{"pref":"北海道","city":"石狩市","town":"花畔一条"}],"3282":[{"pref":"北海道","city":"石狩市","town":"花畔二条"}],"3283":[{"pref":"北海道","city":"石狩市","town":"花畔三条"}],"3284":[{"pref":"北海道","city":"石狩市","town":"花畔四条"}],"3331":[{"pref":"北海道","city":"石狩市","town":"厚田区聚富（中央、シラツカリ）"}],"3332":[{"pref":"北海道","city":"石狩市","town":"厚田区虹が原"}],"3361":[{"pref":"北海道","city":"石狩市","town":"八幡（その他）"}],"3362":[{"pref":"北海道","city":"石狩市","town":"北生振"}],"3363":[{"pref":"北海道","city":"石狩市","town":"若生町"}],"3365":[{"pref":"北海道","city":"石狩市","town":"親船東一条"}],"3366":[{"pref":"北海道","city":"石狩市","town":"親船東二条"}],"3367":[{"pref":"北海道","city":"石狩市","town":"親船東三条"}],"3368":[{"pref":"北海道","city":"石狩市","town":"美登位"}],"3371":[{"pref":"北海道","city":"石狩市","town":"浜町"}],"3372":[{"pref":"北海道","city":"石狩市","town":"弁天町"}],"3373":[{"pref":"北海道","city":"石狩市","town":"新町"}],"3374":[{"pref":"北海道","city":"石狩市","town":"仲町"}],"3375":[{"pref":"北海道","city":"石狩市","town":"本町"}],"3376":[{"pref":"北海道","city":"石狩市","town":"横町"}],"3377":[{"pref":"北海道","city":"石狩市","town":"親船町"}],"3378":[{"pref":"北海道","city":"石狩市","town":"船場町"}],"3441":[{"pref":"北海道","city":"石狩市","town":"厚田区聚富（その他）"}],"3480":[{"pref":"北海道","city":"石狩市","town":"八幡町（五の沢）"}],"3481":[{"pref":"北海道","city":"石狩市","town":"八幡町（高岡）"}],"3482":[{"pref":"北海道","city":"石狩市","town":"八幡町（その他）"}],"3483":[{"pref":"北海道","city":"石狩市","town":"緑ケ原"}],"3484":[{"pref":"北海道","city":"石狩市","town":"八幡（５丁目１番地）"}],"3521":[{"pref":"北海道","city":"石狩市","town":"厚田区古潭"}],"3522":[{"pref":"北海道","city":"石狩市","town":"厚田区嶺泊"}],"3523":[{"pref":"北海道","city":"石狩市","town":"厚田区望来"}],"3601":[{"pref":"北海道","city":"石狩市","town":"厚田区厚田"}],"3602":[{"pref":"北海道","city":"石狩市","town":"厚田区押琴"}],"3603":[{"pref":"北海道","city":"石狩市","town":"厚田区小谷"}],"3605":[{"pref":"北海道","city":"石狩市","town":"厚田区別狩"}],"3606":[{"pref":"北海道","city":"石狩市","town":"厚田区安瀬"}],"3771":[{"pref":"北海道","city":"石狩郡当別町","town":"高岡"}],"3772":[{"pref":"北海道","city":"石狩郡当別町","town":"獅子内"}],"3773":[{"pref":"北海道","city":"石狩郡当別町","town":"当別太"}],"3774":[{"pref":"北海道","city":"石狩郡当別町","town":"川下（７８２－１３、５３６３－７～８、５３８２－３、５４０５"},{"pref":"北海道","city":"石狩郡当別町","town":"－４、５４０７－５、５４４５～５４４６－４番地）"}],"3775":[{"pref":"北海道","city":"石狩郡当別町","town":"ビトエ（その他）"}],"3776":[{"pref":"北海道","city":"石狩郡当別町","town":"太美町"}],"3777":[{"pref":"北海道","city":"石狩郡当別町","town":"スウェーデンヒルズ"}],"3778":[{"pref":"北海道","city":"石狩郡当別町","town":"太美南"}],"3779":[{"pref":"北海道","city":"石狩郡当別町","town":"太美スターライト"}],"0200":[{"pref":"北海道","city":"石狩郡当別町","town":"以下に掲載がない場合"}],"0201":[{"pref":"北海道","city":"石狩郡当別町","town":"青山"}],"0253":[{"pref":"北海道","city":"石狩郡当別町","town":"青山奥二番川"}],"0252":[{"pref":"北海道","city":"石狩郡当別町","town":"青山奥三番川"}],"0251":[{"pref":"北海道","city":"石狩郡当別町","town":"青山奥四番川"}],"0254":[{"pref":"北海道","city":"石狩郡当別町","town":"青山中央（青山奥）"}],"0232":[{"pref":"北海道","city":"石狩郡当別町","town":"春日町"}],"0212":[{"pref":"北海道","city":"石狩郡当別町","town":"金沢"}],"0218":[{"pref":"北海道","city":"石狩郡当別町","town":"樺戸町"}],"0207":[{"pref":"北海道","city":"石狩郡当別町","town":"上当別"}],"0206":[{"pref":"北海道","city":"石狩郡当別町","town":"川下（その他）"}],"0217":[{"pref":"北海道","city":"石狩郡当別町","town":"幸町"}],"0216":[{"pref":"北海道","city":"石狩郡当別町","town":"栄町"}],"0205":[{"pref":"北海道","city":"石狩郡当別町","town":"下川町"}],"0233":[{"pref":"北海道","city":"石狩郡当別町","town":"白樺町"}],"0224":[{"pref":"北海道","city":"石狩郡当別町","town":"末広"}],"0227":[{"pref":"北海道","city":"石狩郡当別町","town":"園生"}],"0215":[{"pref":"北海道","city":"石狩郡当別町","town":"対雁"}],"0211":[{"pref":"北海道","city":"石狩郡当別町","town":"中小屋"}],"0226":[{"pref":"北海道","city":"石狩郡当別町","town":"錦町"}],"0234":[{"pref":"北海道","city":"石狩郡当別町","town":"西町"}],"0213":[{"pref":"北海道","city":"石狩郡当別町","town":"東裏"}],"0221":[{"pref":"北海道","city":"石狩郡当別町","town":"東町"}],"0208":[{"pref":"北海道","city":"石狩郡当別町","town":"弁華別"}],"0235":[{"pref":"北海道","city":"石狩郡当別町","town":"北栄町"}],"0225":[{"pref":"北海道","city":"石狩郡当別町","town":"美里"}],"0203":[{"pref":"北海道","city":"石狩郡当別町","town":"みどり野"}],"0228":[{"pref":"北海道","city":"石狩郡当別町","town":"緑町"}],"0222":[{"pref":"北海道","city":"石狩郡当別町","town":"元町"}],"0202":[{"pref":"北海道","city":"石狩郡当別町","town":"茂平沢"}],"0223":[{"pref":"北海道","city":"石狩郡当別町","town":"弥生"}],"0231":[{"pref":"北海道","city":"石狩郡当別町","town":"六軒町"}],"0204":[{"pref":"北海道","city":"石狩郡当別町","town":"若葉"}],"0214":[{"pref":"北海道","city":"石狩郡当別町","town":"蕨岱"}],"0500":[{"pref":"北海道","city":"樺戸郡月形町","town":"以下に掲載がない場合"}],"0518":[{"pref":"北海道","city":"樺戸郡月形町","town":"赤川"}],"0514":[{"pref":"北海道","city":"樺戸郡月形町","town":"麻生"}],"0517":[{"pref":"北海道","city":"樺戸郡月形町","town":"北郷"}],"0502":[{"pref":"北海道","city":"樺戸郡月形町","town":"北農場"}],"0527":[{"pref":"北海道","city":"樺戸郡月形町","town":"共和"}],"0508":[{"pref":"北海道","city":"樺戸郡月形町","town":"厚栄"}],"0515":[{"pref":"北海道","city":"樺戸郡月形町","town":"五耕地山"}],"0505":[{"pref":"北海道","city":"樺戸郡月形町","town":"札比内"}],"0512":[{"pref":"北海道","city":"樺戸郡月形町","town":"市南"}],"0511":[{"pref":"北海道","city":"樺戸郡月形町","town":"市北"}],"0523":[{"pref":"北海道","city":"樺戸郡月形町","town":"昭栄"}],"0525":[{"pref":"北海道","city":"樺戸郡月形町","town":"新栄"}],"0506":[{"pref":"北海道","city":"樺戸郡月形町","town":"新宮"}],"0501":[{"pref":"北海道","city":"樺戸郡月形町","town":"新生"}],"0526":[{"pref":"北海道","city":"樺戸郡月形町","town":"新田"}],"0504":[{"pref":"北海道","city":"樺戸郡月形町","town":"新富"}],"0516":[{"pref":"北海道","city":"樺戸郡月形町","town":"知来乙"}],"0528":[{"pref":"北海道","city":"樺戸郡月形町","town":"月ケ岡"}],"0529":[{"pref":"北海道","city":"樺戸郡月形町","town":"月ヶ杜"}],"0522":[{"pref":"北海道","city":"樺戸郡月形町","town":"月浜"}],"0503":[{"pref":"北海道","city":"樺戸郡月形町","town":"豊ケ丘"}],"0513":[{"pref":"北海道","city":"樺戸郡月形町","town":"農事会"}],"0521":[{"pref":"北海道","city":"樺戸郡月形町","town":"南耕地"}],"0507":[{"pref":"北海道","city":"樺戸郡月形町","town":"南札比内"}],"0524":[{"pref":"北海道","city":"樺戸郡月形町","town":"南新田"}],"0600":[{"pref":"北海道","city":"樺戸郡浦臼町","town":"以下に掲載がない場合"}],"0611":[{"pref":"北海道","city":"樺戸郡浦臼町","town":"浦臼第１"}],"0612":[{"pref":"北海道","city":"樺戸郡浦臼町","town":"浦臼第２"}],"0613":[{"pref":"北海道","city":"樺戸郡浦臼町","town":"浦臼第３"}],"0614":[{"pref":"北海道","city":"樺戸郡浦臼町","town":"浦臼第４"}],"0615":[{"pref":"北海道","city":"樺戸郡浦臼町","town":"浦臼第５"}],"0616":[{"pref":"北海道","city":"樺戸郡浦臼町","town":"浦臼第６"}],"0617":[{"pref":"北海道","city":"樺戸郡浦臼町","town":"浦臼第７"}],"0618":[{"pref":"北海道","city":"樺戸郡浦臼町","town":"浦臼第８"}],"0621":[{"pref":"北海道","city":"樺戸郡浦臼町","town":"晩生内第１"}],"0622":[{"pref":"北海道","city":"樺戸郡浦臼町","town":"晩生内第２"}],"0623":[{"pref":"北海道","city":"樺戸郡浦臼町","town":"晩生内第３"}],"0601":[{"pref":"北海道","city":"樺戸郡浦臼町","town":"鶴沼第１"}],"0602":[{"pref":"北海道","city":"樺戸郡浦臼町","town":"鶴沼第２"}],"0603":[{"pref":"北海道","city":"樺戸郡浦臼町","town":"鶴沼第３"}]}