{"1101":[{"pref":"三重県","city":"四日市市","town":"内山町"}],"1102":[{"pref":"三重県","city":"四日市市","town":"小山町"}],"1103":[{"pref":"三重県","city":"四日市市","town":"西山町"}],"1104":[{"pref":"三重県","city":"四日市市","town":"美里町"}],"1105":[{"pref":"三重県","city":"四日市市","town":"水沢町"}],"1111":[{"pref":"三重県","city":"四日市市","town":"山田町"}],"1113":[{"pref":"三重県","city":"四日市市","town":"鹿間町"}],"1114":[{"pref":"三重県","city":"四日市市","town":"和無田町"}],"1115":[{"pref":"三重県","city":"四日市市","town":"堂ケ山町"}],"1116":[{"pref":"三重県","city":"四日市市","town":"六名町"}],"1201":[{"pref":"三重県","city":"四日市市","town":"上海老町"}],"1202":[{"pref":"三重県","city":"四日市市","town":"あがたが丘"}],"1203":[{"pref":"三重県","city":"四日市市","town":"下海老町"}],"1204":[{"pref":"三重県","city":"四日市市","town":"赤水町"}],"1205":[{"pref":"三重県","city":"四日市市","town":"平尾町"}],"1206":[{"pref":"三重県","city":"四日市市","town":"江村町"}],"1207":[{"pref":"三重県","city":"四日市市","town":"黒田町"}],"1208":[{"pref":"三重県","city":"四日市市","town":"北野町"}],"1211":[{"pref":"三重県","city":"四日市市","town":"桜町"}],"1212":[{"pref":"三重県","city":"四日市市","town":"智積町"}],"1213":[{"pref":"三重県","city":"四日市市","town":"桜台本町"}],"1214":[{"pref":"三重県","city":"四日市市","town":"桜台"}],"1215":[{"pref":"三重県","city":"四日市市","town":"桜新町"}],"1216":[{"pref":"三重県","city":"四日市市","town":"桜花台"}],"1301":[{"pref":"三重県","city":"四日市市","town":"高見台"}],"1302":[{"pref":"三重県","city":"四日市市","town":"市場町"}],"1303":[{"pref":"三重県","city":"四日市市","town":"小牧町"}],"1304":[{"pref":"三重県","city":"四日市市","town":"中野町"}],"1305":[{"pref":"三重県","city":"四日市市","town":"西村町"}],"1306":[{"pref":"三重県","city":"四日市市","town":"まきの木台"}],"8041":[{"pref":"三重県","city":"四日市市","town":"山分町"}],"8042":[{"pref":"三重県","city":"四日市市","town":"平津町"}],"8043":[{"pref":"三重県","city":"四日市市","town":"平津新町"}],"8044":[{"pref":"三重県","city":"四日市市","town":"中村町"}],"8045":[{"pref":"三重県","city":"四日市市","town":"萱生町"}],"8046":[{"pref":"三重県","city":"四日市市","town":"あかつき台"}],"8047":[{"pref":"三重県","city":"四日市市","town":"八千代台"}],"8048":[{"pref":"三重県","city":"四日市市","town":"山城町"}],"8051":[{"pref":"三重県","city":"四日市市","town":"北山町"}],"8052":[{"pref":"三重県","city":"四日市市","town":"西大鐘町"}],"8053":[{"pref":"三重県","city":"四日市市","town":"大鐘町"}],"8054":[{"pref":"三重県","city":"四日市市","town":"朝明町"}],"8055":[{"pref":"三重県","city":"四日市市","town":"あさけが丘"}],"8056":[{"pref":"三重県","city":"四日市市","town":"札場町"}],"8061":[{"pref":"三重県","city":"四日市市","town":"広永町"}],"8062":[{"pref":"三重県","city":"四日市市","town":"黄金町"}],"8063":[{"pref":"三重県","city":"四日市市","town":"山村町"}],"8064":[{"pref":"三重県","city":"四日市市","town":"伊坂町"}],"8065":[{"pref":"三重県","city":"四日市市","town":"千代田町"}],"8066":[{"pref":"三重県","city":"四日市市","town":"伊坂台"}],"0911":[{"pref":"三重県","city":"四日市市","town":"生桑町"}],"0931":[{"pref":"三重県","city":"四日市市","town":"浮橋"}],"0901":[{"pref":"三重県","city":"四日市市","town":"大谷台"}],"0921":[{"pref":"三重県","city":"四日市市","town":"尾平町"}],"0935":[{"pref":"三重県","city":"四日市市","town":"川島新町"}],"0934":[{"pref":"三重県","city":"四日市市","town":"川島町"}],"0903":[{"pref":"三重県","city":"四日市市","town":"小杉新町"}],"0902":[{"pref":"三重県","city":"四日市市","town":"小杉町"}],"0932":[{"pref":"三重県","city":"四日市市","town":"小生町"}],"0905":[{"pref":"三重県","city":"四日市市","town":"坂部が丘"}],"0908":[{"pref":"三重県","city":"四日市市","town":"坂部台"}],"0301":[{"pref":"三重県","city":"四日市市","town":"水沢野田町"}],"0925":[{"pref":"三重県","city":"四日市市","town":"菅原町"}],"0922":[{"pref":"三重県","city":"四日市市","town":"曽井町"}],"0923":[{"pref":"三重県","city":"四日市市","town":"高角町"}],"0924":[{"pref":"三重県","city":"四日市市","town":"寺方町"}],"0913":[{"pref":"三重県","city":"四日市市","town":"西坂部町"}],"0907":[{"pref":"三重県","city":"四日市市","town":"東ケ谷"}],"0904":[{"pref":"三重県","city":"四日市市","town":"東坂部町"}],"0936":[{"pref":"三重県","city":"四日市市","town":"別山"}],"0912":[{"pref":"三重県","city":"四日市市","town":"三重"}],"0933":[{"pref":"三重県","city":"四日市市","town":"三滝台"}],"0914":[{"pref":"三重県","city":"四日市市","town":"南坂部町"}],"0906":[{"pref":"三重県","city":"四日市市","town":"山之一色町"}]}