{"8001":[{"pref":"京都府","city":"八幡市","town":"八幡科手"}],"8002":[{"pref":"京都府","city":"八幡市","town":"八幡土井"}],"8003":[{"pref":"京都府","city":"八幡市","town":"八幡千束"}],"8004":[{"pref":"京都府","city":"八幡市","town":"八幡山柴"}],"8005":[{"pref":"京都府","city":"八幡市","town":"八幡高坊"}],"8006":[{"pref":"京都府","city":"八幡市","town":"八幡大谷"}],"8007":[{"pref":"京都府","city":"八幡市","town":"八幡西高坊"}],"8008":[{"pref":"京都府","city":"八幡市","town":"八幡平ノ山"}],"8011":[{"pref":"京都府","city":"八幡市","town":"八幡垣内山"}],"8012":[{"pref":"京都府","city":"八幡市","town":"八幡吉野"}],"8013":[{"pref":"京都府","city":"八幡市","town":"八幡吉野垣内"}],"8014":[{"pref":"京都府","city":"八幡市","town":"八幡北浦"}],"8015":[{"pref":"京都府","city":"八幡市","town":"八幡旦所"}],"8016":[{"pref":"京都府","city":"八幡市","town":"八幡山路"}],"8017":[{"pref":"京都府","city":"八幡市","town":"八幡柴座"}],"8021":[{"pref":"京都府","city":"八幡市","town":"八幡森垣内"}],"8022":[{"pref":"京都府","city":"八幡市","town":"八幡東浦"}],"8023":[{"pref":"京都府","city":"八幡市","town":"八幡名残"}],"8024":[{"pref":"京都府","city":"八幡市","town":"八幡双栗"}],"8025":[{"pref":"京都府","city":"八幡市","town":"八幡源氏垣外"}],"8026":[{"pref":"京都府","city":"八幡市","town":"八幡森"}],"8030":[{"pref":"京都府","city":"八幡市","town":"八幡東島"}],"8031":[{"pref":"京都府","city":"八幡市","town":"八幡小西"}],"8032":[{"pref":"京都府","city":"八幡市","town":"八幡番賀"}],"8033":[{"pref":"京都府","city":"八幡市","town":"八幡西島"}],"8034":[{"pref":"京都府","city":"八幡市","town":"八幡舞台"}],"8035":[{"pref":"京都府","city":"八幡市","town":"八幡小松"}],"8036":[{"pref":"京都府","city":"八幡市","town":"八幡柿木垣内"}],"8037":[{"pref":"京都府","city":"八幡市","town":"八幡高畑"}],"8038":[{"pref":"京都府","city":"八幡市","town":"八幡園内"}],"8039":[{"pref":"京都府","city":"八幡市","town":"八幡苗田"}],"8041":[{"pref":"京都府","city":"八幡市","town":"八幡吉原"}],"8042":[{"pref":"京都府","city":"八幡市","town":"八幡盛戸"}],"8043":[{"pref":"京都府","city":"八幡市","town":"八幡一ノ坪"}],"8044":[{"pref":"京都府","city":"八幡市","town":"八幡御幸谷"}],"8045":[{"pref":"京都府","city":"八幡市","town":"八幡久保田"}],"8046":[{"pref":"京都府","city":"八幡市","town":"八幡砂田"}],"8047":[{"pref":"京都府","city":"八幡市","town":"八幡月夜田"}],"8048":[{"pref":"京都府","city":"八幡市","town":"八幡備前"}],"8051":[{"pref":"京都府","city":"八幡市","town":"八幡山田"}],"8052":[{"pref":"京都府","city":"八幡市","town":"八幡武蔵芝"}],"8053":[{"pref":"京都府","city":"八幡市","town":"八幡水珀"}],"8054":[{"pref":"京都府","city":"八幡市","town":"八幡南山"}],"8055":[{"pref":"京都府","city":"八幡市","town":"八幡柿ケ谷"}],"8056":[{"pref":"京都府","city":"八幡市","town":"八幡福禄谷"}],"8057":[{"pref":"京都府","city":"八幡市","town":"八幡安居塚"}],"8058":[{"pref":"京都府","city":"八幡市","town":"八幡長谷"}],"8061":[{"pref":"京都府","city":"八幡市","town":"八幡式部谷"}],"8062":[{"pref":"京都府","city":"八幡市","town":"八幡清水井"}],"8063":[{"pref":"京都府","city":"八幡市","town":"八幡岸本"}],"8064":[{"pref":"京都府","city":"八幡市","town":"八幡松原"}],"8065":[{"pref":"京都府","city":"八幡市","town":"八幡山下"}],"8066":[{"pref":"京都府","city":"八幡市","town":"八幡大芝"}],"8067":[{"pref":"京都府","city":"八幡市","town":"八幡中ノ山"}],"8068":[{"pref":"京都府","city":"八幡市","town":"八幡隅田口"}],"8071":[{"pref":"京都府","city":"八幡市","town":"八幡五反田"}],"8072":[{"pref":"京都府","city":"八幡市","town":"八幡長田"}],"8073":[{"pref":"京都府","city":"八幡市","town":"八幡軸"}],"8074":[{"pref":"京都府","city":"八幡市","town":"八幡渡ル瀬"}],"8075":[{"pref":"京都府","city":"八幡市","town":"八幡三反長"}],"8076":[{"pref":"京都府","city":"八幡市","town":"八幡植松"}],"8077":[{"pref":"京都府","city":"八幡市","town":"八幡女郎花"}],"8078":[{"pref":"京都府","city":"八幡市","town":"八幡広門"}],"8079":[{"pref":"京都府","city":"八幡市","town":"八幡東林"}],"8081":[{"pref":"京都府","city":"八幡市","town":"八幡御馬所"}],"8082":[{"pref":"京都府","city":"八幡市","town":"八幡菖蒲池"}],"8083":[{"pref":"京都府","city":"八幡市","town":"八幡山本"}],"8084":[{"pref":"京都府","city":"八幡市","town":"八幡今田"}],"8085":[{"pref":"京都府","city":"八幡市","town":"八幡馬場"}],"8086":[{"pref":"京都府","city":"八幡市","town":"八幡河原崎"}],"8087":[{"pref":"京都府","city":"八幡市","town":"八幡神原"}],"8088":[{"pref":"京都府","city":"八幡市","town":"八幡石不動"}],"8091":[{"pref":"京都府","city":"八幡市","town":"八幡平谷"}],"8092":[{"pref":"京都府","city":"八幡市","town":"八幡城ノ内"}],"8093":[{"pref":"京都府","city":"八幡市","town":"八幡三本橋"}],"8094":[{"pref":"京都府","city":"八幡市","town":"八幡平田"}],"8095":[{"pref":"京都府","city":"八幡市","town":"八幡沓田"}],"8096":[{"pref":"京都府","city":"八幡市","town":"八幡三ノ甲"}],"8101":[{"pref":"京都府","city":"八幡市","town":"川口浜"}],"8102":[{"pref":"京都府","city":"八幡市","town":"川口北浦"}],"8103":[{"pref":"京都府","city":"八幡市","town":"川口堀ノ内"}],"8104":[{"pref":"京都府","city":"八幡市","town":"川口東頭"}],"8105":[{"pref":"京都府","city":"八幡市","town":"川口擬宝珠"}],"8106":[{"pref":"京都府","city":"八幡市","town":"川口天神崎"}],"8111":[{"pref":"京都府","city":"八幡市","town":"川口小西"}],"8112":[{"pref":"京都府","city":"八幡市","town":"川口馬屋尻"}],"8113":[{"pref":"京都府","city":"八幡市","town":"川口萩原"}],"8114":[{"pref":"京都府","city":"八幡市","town":"川口別所"}],"8115":[{"pref":"京都府","city":"八幡市","town":"川口扇ノ芝"}],"8116":[{"pref":"京都府","city":"八幡市","town":"川口東扇"}],"8117":[{"pref":"京都府","city":"八幡市","town":"川口西扇"}],"8121":[{"pref":"京都府","city":"八幡市","town":"下奈良小宮"}],"8122":[{"pref":"京都府","city":"八幡市","town":"下奈良一丁堤"}],"8123":[{"pref":"京都府","city":"八幡市","town":"下奈良名越"}],"8124":[{"pref":"京都府","city":"八幡市","town":"下奈良奥垣内"}],"8125":[{"pref":"京都府","city":"八幡市","town":"下奈良出垣内"}],"8126":[{"pref":"京都府","city":"八幡市","town":"下奈良下三床"}],"8127":[{"pref":"京都府","city":"八幡市","town":"下奈良隅田"}],"8128":[{"pref":"京都府","city":"八幡市","town":"下奈良野神"}],"8131":[{"pref":"京都府","city":"八幡市","town":"下奈良宮ノ道"}],"8132":[{"pref":"京都府","city":"八幡市","town":"下奈良榊"}],"8133":[{"pref":"京都府","city":"八幡市","town":"下奈良新下"}],"8134":[{"pref":"京都府","city":"八幡市","town":"下奈良中ノ坪"}],"8135":[{"pref":"京都府","city":"八幡市","town":"下奈良蜻蛉尻筋"}],"8136":[{"pref":"京都府","city":"八幡市","town":"下奈良蜻蛉尻"}],"8141":[{"pref":"京都府","city":"八幡市","town":"下奈良上三床"}],"8142":[{"pref":"京都府","city":"八幡市","town":"下奈良南頭"}],"8143":[{"pref":"京都府","city":"八幡市","town":"下奈良一丁地"}],"8144":[{"pref":"京都府","city":"八幡市","town":"下奈良奈良元"}],"8145":[{"pref":"京都府","city":"八幡市","town":"下奈良二階堂"}],"8146":[{"pref":"京都府","city":"八幡市","town":"下奈良上ノ段"}],"8147":[{"pref":"京都府","city":"八幡市","town":"下奈良今里"}],"8148":[{"pref":"京都府","city":"八幡市","town":"下奈良井関"}],"8149":[{"pref":"京都府","city":"八幡市","town":"下奈良竹垣内"}],"8151":[{"pref":"京都府","city":"八幡市","town":"上奈良小端"}],"8152":[{"pref":"京都府","city":"八幡市","town":"上奈良御園"}],"8153":[{"pref":"京都府","city":"八幡市","town":"上奈良サグリ前"}],"8154":[{"pref":"京都府","city":"八幡市","town":"上奈良宮ノ西"}],"8155":[{"pref":"京都府","city":"八幡市","town":"上奈良城垣内"}],"8156":[{"pref":"京都府","city":"八幡市","town":"上奈良奈良里"}],"8157":[{"pref":"京都府","city":"八幡市","town":"上奈良東ノ口"}],"8158":[{"pref":"京都府","city":"八幡市","town":"上奈良北ノ口"}],"8159":[{"pref":"京都府","city":"八幡市","town":"上奈良大門"}],"8161":[{"pref":"京都府","city":"八幡市","town":"上奈良宮ノ東"}],"8162":[{"pref":"京都府","city":"八幡市","town":"上奈良日ノ尾"}],"8163":[{"pref":"京都府","city":"八幡市","town":"上奈良長池"}],"8164":[{"pref":"京都府","city":"八幡市","town":"上奈良南ノ口"}],"8165":[{"pref":"京都府","city":"八幡市","town":"上奈良池ノ向"}],"8166":[{"pref":"京都府","city":"八幡市","town":"上奈良堂島"}],"8171":[{"pref":"京都府","city":"八幡市","town":"上津屋尼ケ池"}],"8172":[{"pref":"京都府","city":"八幡市","town":"上津屋林"}],"8173":[{"pref":"京都府","city":"八幡市","town":"上津屋里垣内"}],"8174":[{"pref":"京都府","city":"八幡市","town":"上津屋八王子"}],"8175":[{"pref":"京都府","city":"八幡市","town":"上津屋石ノ塔"}],"8176":[{"pref":"京都府","city":"八幡市","town":"上津屋中堤"}],"8181":[{"pref":"京都府","city":"八幡市","town":"上津屋浜垣内"}],"8182":[{"pref":"京都府","city":"八幡市","town":"上津屋南村"}],"8183":[{"pref":"京都府","city":"八幡市","town":"上津屋西久保"}],"8184":[{"pref":"京都府","city":"八幡市","town":"上津屋八丁"}],"8191":[{"pref":"京都府","city":"八幡市","town":"野尻北ノ口"}],"8192":[{"pref":"京都府","city":"八幡市","town":"野尻土井ノ内"}],"8193":[{"pref":"京都府","city":"八幡市","town":"野尻一庵"}],"8194":[{"pref":"京都府","city":"八幡市","town":"野尻円ノ元"}],"8195":[{"pref":"京都府","city":"八幡市","town":"野尻城究"}],"8196":[{"pref":"京都府","city":"八幡市","town":"野尻正畑"}],"8197":[{"pref":"京都府","city":"八幡市","town":"野尻倉掛"}],"8201":[{"pref":"京都府","city":"八幡市","town":"戸津南小路"}],"8202":[{"pref":"京都府","city":"八幡市","town":"戸津東ノ口"}],"8203":[{"pref":"京都府","city":"八幡市","town":"戸津中垣内"}],"8204":[{"pref":"京都府","city":"八幡市","town":"戸津蜻蛉尻"}],"8205":[{"pref":"京都府","city":"八幡市","town":"戸津東代"}],"8206":[{"pref":"京都府","city":"八幡市","town":"戸津正ノ竹"}],"8207":[{"pref":"京都府","city":"八幡市","town":"戸津北小路"}],"8208":[{"pref":"京都府","city":"八幡市","town":"戸津荒堀"}],"8211":[{"pref":"京都府","city":"八幡市","town":"戸津小中代"}],"8212":[{"pref":"京都府","city":"八幡市","town":"戸津中代"}],"8213":[{"pref":"京都府","city":"八幡市","town":"戸津南代"}],"8214":[{"pref":"京都府","city":"八幡市","town":"戸津水戸城"}],"8215":[{"pref":"京都府","city":"八幡市","town":"戸津堂田"}],"8216":[{"pref":"京都府","city":"八幡市","town":"戸津谷ノ口"}],"8221":[{"pref":"京都府","city":"八幡市","town":"内里蜻蛉尻"}],"8222":[{"pref":"京都府","city":"八幡市","town":"内里極楽橋"}],"8223":[{"pref":"京都府","city":"八幡市","town":"内里北ノ山"}],"8224":[{"pref":"京都府","city":"八幡市","town":"内里別所"}],"8225":[{"pref":"京都府","city":"八幡市","town":"内里砂田"}],"8226":[{"pref":"京都府","city":"八幡市","town":"内里東ノ口"}],"8227":[{"pref":"京都府","city":"八幡市","town":"内里内"}],"8228":[{"pref":"京都府","city":"八幡市","town":"内里菅井"}],"8229":[{"pref":"京都府","city":"八幡市","town":"内里北ノ口"}],"8230":[{"pref":"京都府","city":"八幡市","town":"内里平尾"}],"8231":[{"pref":"京都府","city":"八幡市","town":"内里安居芝"}],"8232":[{"pref":"京都府","city":"八幡市","town":"内里荒場"}],"8233":[{"pref":"京都府","city":"八幡市","town":"内里河原"}],"8234":[{"pref":"京都府","city":"八幡市","town":"内里女谷"}],"8235":[{"pref":"京都府","city":"八幡市","town":"内里穴ケ谷"}],"8236":[{"pref":"京都府","city":"八幡市","town":"内里柿谷"}],"8237":[{"pref":"京都府","city":"八幡市","town":"内里西山川"}],"8238":[{"pref":"京都府","city":"八幡市","town":"内里砂畠"}],"8239":[{"pref":"京都府","city":"八幡市","town":"内里大谷"}],"8241":[{"pref":"京都府","city":"八幡市","town":"内里宮ノ前"}],"8242":[{"pref":"京都府","city":"八幡市","town":"内里巽ノ口"}],"8243":[{"pref":"京都府","city":"八幡市","town":"内里松ケ外"}],"8244":[{"pref":"京都府","city":"八幡市","town":"内里東山川"}],"8245":[{"pref":"京都府","city":"八幡市","town":"内里古溜池"}],"8246":[{"pref":"京都府","city":"八幡市","town":"内里南ノ口"}],"8247":[{"pref":"京都府","city":"八幡市","town":"内里日向堂"}],"8248":[{"pref":"京都府","city":"八幡市","town":"内里中島"}],"8249":[{"pref":"京都府","city":"八幡市","town":"内里五丁"}],"8251":[{"pref":"京都府","city":"八幡市","town":"岩田茶屋ノ前"}],"8252":[{"pref":"京都府","city":"八幡市","town":"岩田大将軍"}],"8253":[{"pref":"京都府","city":"八幡市","town":"岩田西玉造"}],"8254":[{"pref":"京都府","city":"八幡市","town":"岩田北ノ口"}],"8255":[{"pref":"京都府","city":"八幡市","town":"岩田竹綱"}],"8256":[{"pref":"京都府","city":"八幡市","town":"岩田岩ノ前"}],"8257":[{"pref":"京都府","city":"八幡市","town":"岩田橋溝"}],"8258":[{"pref":"京都府","city":"八幡市","town":"岩田加賀ノ辻"}],"8261":[{"pref":"京都府","city":"八幡市","town":"岩田辻垣内"}],"8262":[{"pref":"京都府","city":"八幡市","town":"岩田松原"}],"8263":[{"pref":"京都府","city":"八幡市","town":"岩田六ノ坪"}],"8264":[{"pref":"京都府","city":"八幡市","town":"岩田南野"}],"8265":[{"pref":"京都府","city":"八幡市","town":"岩田南浅地"}],"8266":[{"pref":"京都府","city":"八幡市","town":"岩田八丁"}],"8267":[{"pref":"京都府","city":"八幡市","town":"岩田北浅地"}],"8268":[{"pref":"京都府","city":"八幡市","town":"岩田高木"}],"8271":[{"pref":"京都府","city":"八幡市","town":"美濃山ヒル塚"}],"8272":[{"pref":"京都府","city":"八幡市","town":"美濃山御幸"}],"8273":[{"pref":"京都府","city":"八幡市","town":"美濃山井ノ元"}],"8274":[{"pref":"京都府","city":"八幡市","town":"美濃山野神"}],"8275":[{"pref":"京都府","city":"八幡市","town":"美濃山中尾"}],"8276":[{"pref":"京都府","city":"八幡市","town":"美濃山宮道"}],"8277":[{"pref":"京都府","city":"八幡市","town":"美濃山宮ノ背"}],"8278":[{"pref":"京都府","city":"八幡市","town":"美濃山西ノ口"}],"8279":[{"pref":"京都府","city":"八幡市","town":"美濃山幸水"}],"8280":[{"pref":"京都府","city":"八幡市","town":"戸津奥谷"}],"8281":[{"pref":"京都府","city":"八幡市","town":"美濃山狐谷"}],"8282":[{"pref":"京都府","city":"八幡市","town":"美濃山大塚"}],"8283":[{"pref":"京都府","city":"八幡市","town":"美濃山細谷"}],"8284":[{"pref":"京都府","city":"八幡市","town":"美濃山馬ケ背"}],"8285":[{"pref":"京都府","city":"八幡市","town":"美濃山御幸谷"}],"8286":[{"pref":"京都府","city":"八幡市","town":"美濃山千原谷"}],"8287":[{"pref":"京都府","city":"八幡市","town":"美濃山出口"}],"8288":[{"pref":"京都府","city":"八幡市","town":"美濃山出島"}],"8289":[{"pref":"京都府","city":"八幡市","town":"美濃山一ノ谷"}],"8294":[{"pref":"京都府","city":"八幡市","town":"欽明台北"}],"8295":[{"pref":"京都府","city":"八幡市","town":"欽明台中央"}],"8296":[{"pref":"京都府","city":"八幡市","town":"欽明台東"}],"8297":[{"pref":"京都府","city":"八幡市","town":"欽明台西"}],"8298":[{"pref":"京都府","city":"八幡市","town":"美濃山古寺"}],"8301":[{"pref":"京都府","city":"八幡市","town":"八幡池ノ首"}],"8302":[{"pref":"京都府","city":"八幡市","town":"八幡カイトリ"}],"8303":[{"pref":"京都府","city":"八幡市","town":"八幡菰池"}],"8304":[{"pref":"京都府","city":"八幡市","town":"八幡源野"}],"8305":[{"pref":"京都府","city":"八幡市","town":"八幡焼木"}],"8306":[{"pref":"京都府","city":"八幡市","town":"八幡沢"}],"8307":[{"pref":"京都府","city":"八幡市","town":"八幡在応寺"}],"8308":[{"pref":"京都府","city":"八幡市","town":"八幡八萩"}],"8311":[{"pref":"京都府","city":"八幡市","town":"橋本奥ノ町"}],"8312":[{"pref":"京都府","city":"八幡市","town":"橋本尻江"}],"8313":[{"pref":"京都府","city":"八幡市","town":"橋本東山本"}],"8314":[{"pref":"京都府","city":"八幡市","town":"橋本西山本"}],"8315":[{"pref":"京都府","city":"八幡市","town":"橋本北ノ町"}],"8321":[{"pref":"京都府","city":"八幡市","town":"橋本米ノ尾"}],"8322":[{"pref":"京都府","city":"八幡市","town":"橋本狩尾"}],"8323":[{"pref":"京都府","city":"八幡市","town":"橋本興正"}],"8324":[{"pref":"京都府","city":"八幡市","town":"橋本東浄土ケ原"}],"8325":[{"pref":"京都府","city":"八幡市","town":"橋本北浄土ケ原"}],"8326":[{"pref":"京都府","city":"八幡市","town":"橋本石ケ谷"}],"8327":[{"pref":"京都府","city":"八幡市","town":"橋本栗ケ谷"}],"8331":[{"pref":"京都府","city":"八幡市","town":"橋本意足"}],"8332":[{"pref":"京都府","city":"八幡市","town":"橋本新石"}],"8333":[{"pref":"京都府","city":"八幡市","town":"橋本東刈又"}],"8334":[{"pref":"京都府","city":"八幡市","town":"橋本西刈又"}],"8335":[{"pref":"京都府","city":"八幡市","town":"橋本中ノ池尻"}],"8336":[{"pref":"京都府","city":"八幡市","town":"橋本向山"}],"8341":[{"pref":"京都府","city":"八幡市","town":"橋本中ノ町"}],"8342":[{"pref":"京都府","city":"八幡市","town":"橋本小金川"}],"8343":[{"pref":"京都府","city":"八幡市","town":"橋本焼野"}],"8344":[{"pref":"京都府","city":"八幡市","town":"橋本堂ケ原"}],"8345":[{"pref":"京都府","city":"八幡市","town":"橋本愛宕山"}],"8346":[{"pref":"京都府","city":"八幡市","town":"橋本塩釜"}],"8347":[{"pref":"京都府","city":"八幡市","town":"橋本平野山"}],"8348":[{"pref":"京都府","city":"八幡市","town":"橋本東原"}],"8349":[{"pref":"京都府","city":"八幡市","town":"橋本糸ケ上"}],"8351":[{"pref":"京都府","city":"八幡市","town":"西山足立"}],"8352":[{"pref":"京都府","city":"八幡市","town":"西山和気"}],"8353":[{"pref":"京都府","city":"八幡市","town":"西山丸尾"}],"8361":[{"pref":"京都府","city":"八幡市","town":"男山指月"}],"8362":[{"pref":"京都府","city":"八幡市","town":"男山美桜"}],"8363":[{"pref":"京都府","city":"八幡市","town":"男山吉井"}],"8364":[{"pref":"京都府","city":"八幡市","town":"男山松里"}],"8365":[{"pref":"京都府","city":"八幡市","town":"男山金振"}],"8366":[{"pref":"京都府","city":"八幡市","town":"男山泉"}],"8367":[{"pref":"京都府","city":"八幡市","town":"男山長沢"}],"8371":[{"pref":"京都府","city":"八幡市","town":"男山雄徳"}],"8372":[{"pref":"京都府","city":"八幡市","town":"男山笹谷"}],"8373":[{"pref":"京都府","city":"八幡市","town":"男山八望"}],"8374":[{"pref":"京都府","city":"八幡市","town":"男山石城"}],"8375":[{"pref":"京都府","city":"八幡市","town":"男山弓岡"}],"8376":[{"pref":"京都府","city":"八幡市","town":"男山竹園"}],"8377":[{"pref":"京都府","city":"八幡市","town":"男山香呂"}],"0000":[{"pref":"京都府","city":"八幡市","town":"以下に掲載がない場合"}]}