{"1140":[{"pref":"千葉県","city":"君津市","town":"糠田飛地"}],"1141":[{"pref":"千葉県","city":"君津市","town":"根本"}],"1142":[{"pref":"千葉県","city":"君津市","town":"小糸大谷"}],"1143":[{"pref":"千葉県","city":"君津市","town":"長石"}],"1144":[{"pref":"千葉県","city":"君津市","town":"法木"}],"1145":[{"pref":"千葉県","city":"君津市","town":"糸川"}],"1146":[{"pref":"千葉県","city":"君津市","town":"大井戸"}],"1147":[{"pref":"千葉県","city":"君津市","town":"塚原"}],"1148":[{"pref":"千葉県","city":"君津市","town":"行馬"}],"1149":[{"pref":"千葉県","city":"君津市","town":"かずさ小糸"}],"1151":[{"pref":"千葉県","city":"君津市","town":"大野台"}],"1152":[{"pref":"千葉県","city":"君津市","town":"日渡根"}],"1153":[{"pref":"千葉県","city":"君津市","town":"市宿"}],"1154":[{"pref":"千葉県","city":"君津市","town":"清和市場"}],"1155":[{"pref":"千葉県","city":"君津市","town":"鹿野山"}],"1156":[{"pref":"千葉県","city":"君津市","town":"荻作"}],"1157":[{"pref":"千葉県","city":"君津市","town":"福岡"}],"1158":[{"pref":"千葉県","city":"君津市","town":"鎌滝"}],"1161":[{"pref":"千葉県","city":"君津市","town":"東猪原"}],"1162":[{"pref":"千葉県","city":"君津市","town":"西猪原"}],"1163":[{"pref":"千葉県","city":"君津市","town":"東粟倉"}],"1164":[{"pref":"千葉県","city":"君津市","town":"東日笠"}],"1165":[{"pref":"千葉県","city":"君津市","town":"西日笠"}],"1166":[{"pref":"千葉県","city":"君津市","town":"植畑"}],"1167":[{"pref":"千葉県","city":"君津市","town":"平田"}],"1168":[{"pref":"千葉県","city":"君津市","town":"西粟倉"}],"1171":[{"pref":"千葉県","city":"君津市","town":"二入"}],"1172":[{"pref":"千葉県","city":"君津市","town":"辻森"}],"1173":[{"pref":"千葉県","city":"君津市","town":"大岩"}],"1174":[{"pref":"千葉県","city":"君津市","town":"正木"}],"1175":[{"pref":"千葉県","city":"君津市","town":"奥米"}],"1176":[{"pref":"千葉県","city":"君津市","town":"宿原"}],"1177":[{"pref":"千葉県","city":"君津市","town":"怒田沢"}],"1178":[{"pref":"千葉県","city":"君津市","town":"旅名"}],"1179":[{"pref":"千葉県","city":"君津市","town":"豊英"}],"0000":[{"pref":"千葉県","city":"木更津市","town":"以下に掲載がない場合"}],"0055":[{"pref":"千葉県","city":"木更津市","town":"朝日"}],"0065":[{"pref":"千葉県","city":"木更津市","town":"吾妻"}],"0021":[{"pref":"千葉県","city":"木更津市","town":"有吉"}],"0026":[{"pref":"千葉県","city":"木更津市","town":"井尻"}],"0034":[{"pref":"千葉県","city":"木更津市","town":"伊豆島"}],"0061":[{"pref":"千葉県","city":"木更津市","town":"岩根"}],"0033":[{"pref":"千葉県","city":"木更津市","town":"犬成"}],"0001":[{"pref":"千葉県","city":"木更津市","town":"牛込"}],"0012":[{"pref":"千葉県","city":"木更津市","town":"牛袋"}],"0011":[{"pref":"千葉県","city":"木更津市","town":"牛袋野"}],"0007":[{"pref":"千葉県","city":"木更津市","town":"瓜倉"}],"0063":[{"pref":"千葉県","city":"木更津市","town":"江川"}],"0211":[{"pref":"千葉県","city":"木更津市","town":"大稲"}],"0815":[{"pref":"千葉県","city":"木更津市","town":"大久保"}],"0044":[{"pref":"千葉県","city":"木更津市","town":"太田"}],"0024":[{"pref":"千葉県","city":"木更津市","town":"大寺"}],"0833":[{"pref":"千葉県","city":"木更津市","town":"貝渕"}],"0818":[{"pref":"千葉県","city":"木更津市","town":"かずさ鎌足"}],"0009":[{"pref":"千葉県","city":"木更津市","town":"金田東"}],"0813":[{"pref":"千葉県","city":"木更津市","town":"上烏田"}],"0215":[{"pref":"千葉県","city":"木更津市","town":"上根岸"}],"0022":[{"pref":"千葉県","city":"木更津市","town":"上望陀"}],"0204":[{"pref":"千葉県","city":"木更津市","town":"茅野"}],"0202":[{"pref":"千葉県","city":"木更津市","town":"茅野七曲"}],"0052":[{"pref":"千葉県","city":"木更津市","town":"祇園"}],"0056":[{"pref":"千葉県","city":"木更津市","town":"木更津"}],"0006":[{"pref":"千葉県","city":"木更津市","town":"北浜町"}],"0051":[{"pref":"千葉県","city":"木更津市","town":"清川"}],"0045":[{"pref":"千葉県","city":"木更津市","town":"清見台"}],"0041":[{"pref":"千葉県","city":"木更津市","town":"清見台東"}],"0042":[{"pref":"千葉県","city":"木更津市","town":"清見台南"}],"0811":[{"pref":"千葉県","city":"木更津市","town":"草敷"}],"0004":[{"pref":"千葉県","city":"木更津市","town":"久津間"}],"0005":[{"pref":"千葉県","city":"木更津市","town":"畔戸"}],"0213":[{"pref":"千葉県","city":"木更津市","town":"下内橋"}],"0827":[{"pref":"千葉県","city":"木更津市","town":"港南台"}],"0824":[{"pref":"千葉県","city":"木更津市","town":"小浜"}],"0803":[{"pref":"千葉県","city":"木更津市","town":"幸町"}],"0822":[{"pref":"千葉県","city":"木更津市","town":"桜井"}],"0823":[{"pref":"千葉県","city":"木更津市","town":"桜井新町"}],"0821":[{"pref":"千葉県","city":"木更津市","town":"桜町"}],"0032":[{"pref":"千葉県","city":"木更津市","town":"笹子"}],"0206":[{"pref":"千葉県","city":"木更津市","town":"佐野"}],"0838":[{"pref":"千葉県","city":"木更津市","town":"潮浜"}],"0834":[{"pref":"千葉県","city":"木更津市","town":"潮見"}],"0816":[{"pref":"千葉県","city":"木更津市","town":"下烏田"}],"0205":[{"pref":"千葉県","city":"木更津市","town":"下郡"}],"0217":[{"pref":"千葉県","city":"木更津市","town":"下宮田"}],"0023":[{"pref":"千葉県","city":"木更津市","town":"下望陀"}],"0801":[{"pref":"千葉県","city":"木更津市","town":"請西"}],"0806":[{"pref":"千葉県","city":"木更津市","town":"請西東"}],"0807":[{"pref":"千葉県","city":"木更津市","town":"請西南"}],"0066":[{"pref":"千葉県","city":"木更津市","town":"新宿"}],"0832":[{"pref":"千葉県","city":"木更津市","town":"新田"}],"0836":[{"pref":"千葉県","city":"木更津市","town":"新港"}],"0036":[{"pref":"千葉県","city":"木更津市","town":"菅生"}],"0808":[{"pref":"千葉県","city":"木更津市","town":"千束台"}],"0027":[{"pref":"千葉県","city":"木更津市","town":"曽根"}],"0016":[{"pref":"千葉県","city":"木更津市","town":"高砂"}],"0014":[{"pref":"千葉県","city":"木更津市","town":"高柳"}],"0207":[{"pref":"千葉県","city":"木更津市","town":"田川"}],"0067":[{"pref":"千葉県","city":"木更津市","town":"中央"}],"0835":[{"pref":"千葉県","city":"木更津市","town":"築地"}],"0031":[{"pref":"千葉県","city":"木更津市","town":"椿"}],"0025":[{"pref":"千葉県","city":"木更津市","town":"十日市場"}],"0214":[{"pref":"千葉県","city":"木更津市","town":"戸国"}],"0035":[{"pref":"千葉県","city":"木更津市","town":"中尾"}],"0817":[{"pref":"千葉県","city":"木更津市","town":"中烏田"}],"0064":[{"pref":"千葉県","city":"木更津市","town":"中里"}],"0008":[{"pref":"千葉県","city":"木更津市","town":"中島"}],"0071":[{"pref":"千葉県","city":"木更津市","town":"中島地先海ほたる"}],"0002":[{"pref":"千葉県","city":"木更津市","town":"中野"}],"0839":[{"pref":"千葉県","city":"木更津市","town":"中の島"}],"0053":[{"pref":"千葉県","city":"木更津市","town":"永井作"}],"0054":[{"pref":"千葉県","city":"木更津市","town":"長須賀"}],"0062":[{"pref":"千葉県","city":"木更津市","town":"西岩根"}],"0216":[{"pref":"千葉県","city":"木更津市","town":"根岸"}],"0825":[{"pref":"千葉県","city":"木更津市","town":"畑沢"}],"0826":[{"pref":"千葉県","city":"木更津市","town":"畑沢南"}],"0814":[{"pref":"千葉県","city":"木更津市","town":"八幡台"}],"0819":[{"pref":"千葉県","city":"木更津市","town":"羽鳥野"}],"0043":[{"pref":"千葉県","city":"木更津市","town":"東太田"}],"0057":[{"pref":"千葉県","city":"木更津市","town":"東中央"}],"0037":[{"pref":"千葉県","city":"木更津市","town":"日の出町"}],"0831":[{"pref":"千葉県","city":"木更津市","town":"富士見"}],"0804":[{"pref":"千葉県","city":"木更津市","town":"文京"}],"0038":[{"pref":"千葉県","city":"木更津市","town":"ほたる野"}],"0015":[{"pref":"千葉県","city":"木更津市","town":"本郷"}],"0802":[{"pref":"千葉県","city":"木更津市","town":"真舟"}],"0212":[{"pref":"千葉県","city":"木更津市","town":"真里"}],"0201":[{"pref":"千葉県","city":"木更津市","town":"真里谷"}],"0003":[{"pref":"千葉県","city":"木更津市","town":"万石"}],"0837":[{"pref":"千葉県","city":"木更津市","town":"木材港"}],"0812":[{"pref":"千葉県","city":"木更津市","town":"矢那"}],"0805":[{"pref":"千葉県","city":"木更津市","town":"大和"}],"0203":[{"pref":"千葉県","city":"木更津市","town":"山本七曲"}],"0013":[{"pref":"千葉県","city":"木更津市","town":"若葉町"}],"0454":[{"pref":"千葉県","city":"君津市","town":"青柳"}],"0445":[{"pref":"千葉県","city":"君津市","town":"愛宕"}],"0433":[{"pref":"千葉県","city":"君津市","town":"芋窪"}],"0442":[{"pref":"千葉県","city":"君津市","town":"岩出"}],"0432":[{"pref":"千葉県","city":"君津市","town":"浦田"}],"0512":[{"pref":"千葉県","city":"君津市","town":"大戸見"}],"0514":[{"pref":"千葉県","city":"君津市","town":"大戸見旧名殿"}],"0511":[{"pref":"千葉県","city":"君津市","town":"大坂"}],"0412":[{"pref":"千葉県","city":"君津市","town":"小櫃台"}],"0533":[{"pref":"千葉県","city":"君津市","town":"折木沢"}],"0404":[{"pref":"千葉県","city":"君津市","town":"賀恵渕"}],"0527":[{"pref":"千葉県","city":"君津市","town":"香木原"}],"0513":[{"pref":"千葉県","city":"君津市","town":"加名盛"}],"0452":[{"pref":"千葉県","city":"君津市","town":"上新田"}],"0535":[{"pref":"千葉県","city":"君津市","town":"釜生"}],"0524":[{"pref":"千葉県","city":"君津市","town":"川俣"}],"0415":[{"pref":"千葉県","city":"君津市","town":"川谷"}],"0537":[{"pref":"千葉県","city":"君津市","town":"黄和田畑"}],"0525":[{"pref":"千葉県","city":"君津市","town":"草川原"}],"0536":[{"pref":"千葉県","city":"君津市","town":"蔵玉"}],"0435":[{"pref":"千葉県","city":"君津市","town":"栗坪"}],"0422":[{"pref":"千葉県","city":"君津市","town":"久留里"}],"0421":[{"pref":"千葉県","city":"君津市","town":"久留里市場"}],"0414":[{"pref":"千葉県","city":"君津市","town":"久留里大谷"}],"0423":[{"pref":"千葉県","city":"君津市","town":"久留里大和田"}],"0416":[{"pref":"千葉県","city":"君津市","town":"小市部"}],"0532":[{"pref":"千葉県","city":"君津市","town":"坂畑"}],"0526":[{"pref":"千葉県","city":"君津市","town":"笹"}],"0403":[{"pref":"千葉県","city":"君津市","town":"三田"}],"0451":[{"pref":"千葉県","city":"君津市","town":"末吉"}],"0522":[{"pref":"千葉県","city":"君津市","town":"大中"}],"0516":[{"pref":"千葉県","city":"君津市","town":"高水"}],"0534":[{"pref":"千葉県","city":"君津市","town":"滝原"}],"0455":[{"pref":"千葉県","city":"君津市","town":"俵田"}],"0443":[{"pref":"千葉県","city":"君津市","town":"寺沢"}],"0441":[{"pref":"千葉県","city":"君津市","town":"戸崎"}],"0521":[{"pref":"千葉県","city":"君津市","town":"利根"}],"0444":[{"pref":"千葉県","city":"君津市","town":"富田"}],"0523":[{"pref":"千葉県","city":"君津市","town":"豊田"}],"0402":[{"pref":"千葉県","city":"君津市","town":"西原"}],"0431":[{"pref":"千葉県","city":"君津市","town":"怒田"}],"0411":[{"pref":"千葉県","city":"君津市","town":"長谷川"}],"0502":[{"pref":"千葉県","city":"君津市","town":"平山"}],"0503":[{"pref":"千葉県","city":"君津市","town":"広岡"}],"0531":[{"pref":"千葉県","city":"君津市","town":"藤林"}],"0453":[{"pref":"千葉県","city":"君津市","town":"箕輪"}],"0434":[{"pref":"千葉県","city":"君津市","town":"向郷"}],"0515":[{"pref":"千葉県","city":"君津市","town":"柳城"}],"0501":[{"pref":"千葉県","city":"君津市","town":"山滝野"}],"0401":[{"pref":"千葉県","city":"君津市","town":"山本"}],"0413":[{"pref":"千葉県","city":"君津市","town":"吉野"}]}