{"1101":[{"pref":"長崎県","city":"諫早市","town":"飯盛町野中"}],"1102":[{"pref":"長崎県","city":"諫早市","town":"飯盛町山口"}],"1103":[{"pref":"長崎県","city":"諫早市","town":"飯盛町中山"}],"1104":[{"pref":"長崎県","city":"諫早市","town":"飯盛町上原"}],"1105":[{"pref":"長崎県","city":"諫早市","town":"飯盛町後田"}],"1111":[{"pref":"長崎県","city":"諫早市","town":"飯盛町平古場"}],"1112":[{"pref":"長崎県","city":"諫早市","town":"飯盛町開"}],"1113":[{"pref":"長崎県","city":"諫早市","town":"飯盛町下釜"}],"1114":[{"pref":"長崎県","city":"諫早市","town":"飯盛町久保"}],"1121":[{"pref":"長崎県","city":"諫早市","town":"飯盛町古場"}],"1122":[{"pref":"長崎県","city":"諫早市","town":"飯盛町佐田"}],"1123":[{"pref":"長崎県","city":"諫早市","town":"飯盛町里"}],"1124":[{"pref":"長崎県","city":"諫早市","town":"飯盛町川下"}],"1125":[{"pref":"長崎県","city":"諫早市","town":"飯盛町池下"}],"0000":[{"pref":"長崎県","city":"諫早市","town":"以下に掲載がない場合"}],"0068":[{"pref":"長崎県","city":"諫早市","town":"青葉台"}],"0032":[{"pref":"長崎県","city":"諫早市","town":"赤崎町"}],"0027":[{"pref":"長崎県","city":"諫早市","town":"旭町"}],"0003":[{"pref":"長崎県","city":"諫早市","town":"泉町"}],"0042":[{"pref":"長崎県","city":"諫早市","town":"上野町"}],"0121":[{"pref":"長崎県","city":"諫早市","town":"有喜町"}],"0061":[{"pref":"長崎県","city":"諫早市","town":"宇都町"}],"0071":[{"pref":"長崎県","city":"諫早市","town":"永昌東町"}],"0072":[{"pref":"長崎県","city":"諫早市","town":"永昌町"}],"0081":[{"pref":"長崎県","city":"諫早市","town":"栄田町"}],"0087":[{"pref":"長崎県","city":"諫早市","town":"大さこ町"}],"0053":[{"pref":"長崎県","city":"諫早市","town":"小川町"}],"0031":[{"pref":"長崎県","city":"諫早市","town":"小野島町"}],"0034":[{"pref":"長崎県","city":"諫早市","town":"小野町"}],"0062":[{"pref":"長崎県","city":"諫早市","town":"小船越町"}],"0069":[{"pref":"長崎県","city":"諫早市","town":"貝津ヶ丘"}],"0063":[{"pref":"長崎県","city":"諫早市","town":"貝津町"}],"0004":[{"pref":"長崎県","city":"諫早市","town":"金谷町"}],"0095":[{"pref":"長崎県","city":"諫早市","town":"上大渡野町"}],"0024":[{"pref":"長崎県","city":"諫早市","town":"上町"}],"0037":[{"pref":"長崎県","city":"諫早市","town":"川内町"}],"0052":[{"pref":"長崎県","city":"諫早市","town":"川床町"}],"0067":[{"pref":"長崎県","city":"諫早市","town":"久山台"}],"0066":[{"pref":"長崎県","city":"諫早市","town":"久山町"}],"0055":[{"pref":"長崎県","city":"諫早市","town":"栗面町"}],"0033":[{"pref":"長崎県","city":"諫早市","town":"黒崎町"}],"0023":[{"pref":"長崎県","city":"諫早市","town":"厚生町"}],"0054":[{"pref":"長崎県","city":"諫早市","town":"小ケ倉町"}],"0022":[{"pref":"長崎県","city":"諫早市","town":"幸町"}],"0013":[{"pref":"長崎県","city":"諫早市","town":"栄町"}],"0096":[{"pref":"長崎県","city":"諫早市","town":"下大渡野町"}],"0077":[{"pref":"長崎県","city":"諫早市","town":"白岩町"}],"0005":[{"pref":"長崎県","city":"諫早市","town":"城見町"}],"0045":[{"pref":"長崎県","city":"諫早市","town":"新道町"}],"0016":[{"pref":"長崎県","city":"諫早市","town":"高城町"}],"0043":[{"pref":"長崎県","city":"諫早市","town":"立石町"}],"0038":[{"pref":"長崎県","city":"諫早市","town":"中央干拓"}],"0065":[{"pref":"長崎県","city":"諫早市","town":"津久葉町"}],"0083":[{"pref":"長崎県","city":"諫早市","town":"津水町"}],"0122":[{"pref":"長崎県","city":"諫早市","town":"鶴田町"}],"0123":[{"pref":"長崎県","city":"諫早市","town":"天神町"}],"0006":[{"pref":"長崎県","city":"諫早市","town":"天満町"}],"0076":[{"pref":"長崎県","city":"諫早市","town":"堂崎町"}],"0091":[{"pref":"長崎県","city":"諫早市","town":"富川町"}],"0021":[{"pref":"長崎県","city":"諫早市","town":"仲沖町"}],"0073":[{"pref":"長崎県","city":"諫早市","town":"中尾町"}],"0124":[{"pref":"長崎県","city":"諫早市","town":"中通町"}],"0036":[{"pref":"長崎県","city":"諫早市","town":"長野町"}],"0082":[{"pref":"長崎県","city":"諫早市","town":"西栄田町"}],"0015":[{"pref":"長崎県","city":"諫早市","town":"西小路町"}],"0044":[{"pref":"長崎県","city":"諫早市","town":"西郷町"}],"0047":[{"pref":"長崎県","city":"諫早市","town":"野中町"}],"0056":[{"pref":"長崎県","city":"諫早市","town":"土師野尾町"}],"0011":[{"pref":"長崎県","city":"諫早市","town":"八天町"}],"0125":[{"pref":"長崎県","city":"諫早市","town":"早見町"}],"0046":[{"pref":"長崎県","city":"諫早市","town":"原口町"}],"0014":[{"pref":"長崎県","city":"諫早市","town":"東小路町"}],"0026":[{"pref":"長崎県","city":"諫早市","town":"東本町"}],"0002":[{"pref":"長崎県","city":"諫早市","town":"日の出町"}],"0057":[{"pref":"長崎県","city":"諫早市","town":"平山町"}],"0001":[{"pref":"長崎県","city":"諫早市","town":"福田町"}],"0041":[{"pref":"長崎県","city":"諫早市","town":"船越町"}],"0086":[{"pref":"長崎県","city":"諫早市","town":"堀の内町"}],"0012":[{"pref":"長崎県","city":"諫早市","town":"本町"}],"0094":[{"pref":"長崎県","city":"諫早市","town":"本明町"}],"0084":[{"pref":"長崎県","city":"諫早市","town":"真崎町"}],"0126":[{"pref":"長崎県","city":"諫早市","town":"松里町"}],"0075":[{"pref":"長崎県","city":"諫早市","town":"馬渡町"}],"0035":[{"pref":"長崎県","city":"諫早市","town":"宗方町"}],"0007":[{"pref":"長崎県","city":"諫早市","town":"目代町"}],"0093":[{"pref":"長崎県","city":"諫早市","town":"本野町"}],"0209":[{"pref":"長崎県","city":"諫早市","town":"森山町上井牟田"}],"0206":[{"pref":"長崎県","city":"諫早市","town":"森山町唐比北"}],"0208":[{"pref":"長崎県","city":"諫早市","town":"森山町唐比西"}],"0207":[{"pref":"長崎県","city":"諫早市","town":"森山町唐比東"}],"0202":[{"pref":"長崎県","city":"諫早市","town":"森山町慶師野"}],"0201":[{"pref":"長崎県","city":"諫早市","town":"森山町下井牟田"}],"0205":[{"pref":"長崎県","city":"諫早市","town":"森山町杉谷"}],"0204":[{"pref":"長崎県","city":"諫早市","town":"森山町田尻"}],"0203":[{"pref":"長崎県","city":"諫早市","town":"森山町本村"}],"0025":[{"pref":"長崎県","city":"諫早市","town":"八坂町"}],"0074":[{"pref":"長崎県","city":"諫早市","town":"山川町"}],"0092":[{"pref":"長崎県","city":"諫早市","town":"湯野尾町"}],"0064":[{"pref":"長崎県","city":"諫早市","town":"若葉町"}],"0051":[{"pref":"長崎県","city":"諫早市","town":"鷲崎町"}],"0085":[{"pref":"長崎県","city":"諫早市","town":"破籠井町"}],"0500":[{"pref":"長崎県","city":"雲仙市","town":"以下に掲載がない場合"}],"0302":[{"pref":"長崎県","city":"雲仙市","town":"愛野町乙"}],"0301":[{"pref":"長崎県","city":"雲仙市","town":"愛野町甲"}],"0621":[{"pref":"長崎県","city":"雲仙市","town":"小浜町雲仙"}],"0501":[{"pref":"長崎県","city":"雲仙市","town":"小浜町大亀"}],"0504":[{"pref":"長崎県","city":"雲仙市","town":"小浜町金浜"}],"0512":[{"pref":"長崎県","city":"雲仙市","town":"小浜町北木指"}],"0515":[{"pref":"長崎県","city":"雲仙市","town":"小浜町北野"}],"0514":[{"pref":"長崎県","city":"雲仙市","town":"小浜町北本町"}],"0505":[{"pref":"長崎県","city":"雲仙市","town":"小浜町木場"}],"0503":[{"pref":"長崎県","city":"雲仙市","town":"小浜町飛子"}],"0516":[{"pref":"長崎県","city":"雲仙市","town":"小浜町富津"}],"0517":[{"pref":"長崎県","city":"雲仙市","town":"小浜町マリーナ"}],"0511":[{"pref":"長崎県","city":"雲仙市","town":"小浜町南木指"}],"0513":[{"pref":"長崎県","city":"雲仙市","town":"小浜町南本町"}],"0502":[{"pref":"長崎県","city":"雲仙市","town":"小浜町山畑"}],"0402":[{"pref":"長崎県","city":"雲仙市","town":"千々石町乙"}],"0406":[{"pref":"長崎県","city":"雲仙市","town":"千々石町己"}],"0401":[{"pref":"長崎県","city":"雲仙市","town":"千々石町甲"}],"0407":[{"pref":"長崎県","city":"雲仙市","town":"千々石町庚"}],"0404":[{"pref":"長崎県","city":"雲仙市","town":"千々石町丁"}],"0403":[{"pref":"長崎県","city":"雲仙市","town":"千々石町丙"}],"0405":[{"pref":"長崎県","city":"雲仙市","town":"千々石町戊"}],"0702":[{"pref":"長崎県","city":"雲仙市","town":"南串山町乙"}],"0701":[{"pref":"長崎県","city":"雲仙市","town":"南串山町甲"}],"0703":[{"pref":"長崎県","city":"雲仙市","town":"南串山町丙"}]}