{"0200":[{"pref":"愛知県","city":"北設楽郡東栄町","town":"以下に掲載がない場合"}],"0202":[{"pref":"愛知県","city":"北設楽郡東栄町","town":"足込"}],"0205":[{"pref":"愛知県","city":"北設楽郡東栄町","town":"川角"}],"0206":[{"pref":"愛知県","city":"北設楽郡東栄町","town":"下田"}],"0212":[{"pref":"愛知県","city":"北設楽郡東栄町","town":"月"}],"0211":[{"pref":"愛知県","city":"北設楽郡東栄町","town":"中設楽"}],"0215":[{"pref":"愛知県","city":"北設楽郡東栄町","town":"奈根"}],"0204":[{"pref":"愛知県","city":"北設楽郡東栄町","town":"西薗目"}],"0203":[{"pref":"愛知県","city":"北設楽郡東栄町","town":"東薗目"}],"0213":[{"pref":"愛知県","city":"北設楽郡東栄町","town":"振草"}],"0214":[{"pref":"愛知県","city":"北設楽郡東栄町","town":"本郷"}],"0201":[{"pref":"愛知県","city":"北設楽郡東栄町","town":"御園"}],"0216":[{"pref":"愛知県","city":"北設楽郡東栄町","town":"三輪"}],"0400":[{"pref":"愛知県","city":"北設楽郡豊根村","town":"以下に掲載がない場合"}],"0404":[{"pref":"愛知県","city":"北設楽郡豊根村","town":"上黒川"}],"0402":[{"pref":"愛知県","city":"北設楽郡豊根村","town":"古真立"}],"0405":[{"pref":"愛知県","city":"北設楽郡豊根村","town":"坂宇場"}],"0403":[{"pref":"愛知県","city":"北設楽郡豊根村","town":"下黒川"}],"0401":[{"pref":"愛知県","city":"北設楽郡豊根村","town":"三沢"}]}