{"0400":[{"pref":"福島県","city":"南会津郡只見町","town":"以下に掲載がない場合"}],"0443":[{"pref":"福島県","city":"南会津郡只見町","town":"荒島"}],"0422":[{"pref":"福島県","city":"南会津郡只見町","town":"石伏"}],"0602":[{"pref":"福島県","city":"南会津郡只見町","town":"大倉"}],"0434":[{"pref":"福島県","city":"南会津郡只見町","town":"小川"}],"0415":[{"pref":"福島県","city":"南会津郡只見町","town":"叶津"}],"0445":[{"pref":"福島県","city":"南会津郡只見町","town":"亀岡"}],"0414":[{"pref":"福島県","city":"南会津郡只見町","town":"蒲生"}],"0444":[{"pref":"福島県","city":"南会津郡只見町","town":"熊倉"}],"0432":[{"pref":"福島県","city":"南会津郡只見町","town":"黒沢"}],"0441":[{"pref":"福島県","city":"南会津郡只見町","town":"黒谷"}],"0601":[{"pref":"福島県","city":"南会津郡只見町","town":"小林"}],"0606":[{"pref":"福島県","city":"南会津郡只見町","town":"坂田"}],"0411":[{"pref":"福島県","city":"南会津郡只見町","town":"塩沢"}],"0604":[{"pref":"福島県","city":"南会津郡只見町","town":"塩ノ岐"}],"0412":[{"pref":"福島県","city":"南会津郡只見町","town":"十島"}],"0423":[{"pref":"福島県","city":"南会津郡只見町","town":"田子倉"}],"0421":[{"pref":"福島県","city":"南会津郡只見町","town":"只見"}],"0442":[{"pref":"福島県","city":"南会津郡只見町","town":"長浜"}],"0431":[{"pref":"福島県","city":"南会津郡只見町","town":"楢戸"}],"0605":[{"pref":"福島県","city":"南会津郡只見町","town":"二軒在家"}],"0433":[{"pref":"福島県","city":"南会津郡只見町","town":"福井"}],"0607":[{"pref":"福島県","city":"南会津郡只見町","town":"布沢"}],"0603":[{"pref":"福島県","city":"南会津郡只見町","town":"梁取"}],"0413":[{"pref":"福島県","city":"南会津郡只見町","town":"寄岩"}],"0000":[{"pref":"福島県","city":"大沼郡金山町","town":"以下に掲載がない場合"}],"0002":[{"pref":"福島県","city":"大沼郡金山町","town":"大栗山"}],"0005":[{"pref":"福島県","city":"大沼郡金山町","town":"大志"}],"0326":[{"pref":"福島県","city":"大沼郡金山町","town":"大塩"}],"0011":[{"pref":"福島県","city":"大沼郡金山町","town":"川口"}],"0012":[{"pref":"福島県","city":"大沼郡金山町","town":"小栗山"}],"0321":[{"pref":"福島県","city":"大沼郡金山町","town":"越川"}],"0325":[{"pref":"福島県","city":"大沼郡金山町","town":"滝沢"}],"0324":[{"pref":"福島県","city":"大沼郡金山町","town":"田沢"}],"0014":[{"pref":"福島県","city":"大沼郡金山町","town":"玉梨"}],"0004":[{"pref":"福島県","city":"大沼郡金山町","town":"太郎布"}],"0006":[{"pref":"福島県","city":"大沼郡金山町","town":"中川"}],"0015":[{"pref":"福島県","city":"大沼郡金山町","town":"西谷"}],"0003":[{"pref":"福島県","city":"大沼郡金山町","town":"沼沢"}],"0013":[{"pref":"福島県","city":"大沼郡金山町","town":"八町"}],"0016":[{"pref":"福島県","city":"大沼郡金山町","town":"本名"}],"0001":[{"pref":"福島県","city":"大沼郡金山町","town":"水沼"}],"0323":[{"pref":"福島県","city":"大沼郡金山町","town":"山入"}],"0322":[{"pref":"福島県","city":"大沼郡金山町","town":"横田"}],"0100":[{"pref":"福島県","city":"大沼郡昭和村","town":"以下に掲載がない場合"}],"0214":[{"pref":"福島県","city":"大沼郡昭和村","town":"大芦"}],"0211":[{"pref":"福島県","city":"大沼郡昭和村","town":"小野川"}],"0212":[{"pref":"福島県","city":"大沼郡昭和村","town":"喰丸"}],"0104":[{"pref":"福島県","city":"大沼郡昭和村","town":"小中津川"}],"0215":[{"pref":"福島県","city":"大沼郡昭和村","town":"佐倉"}],"0103":[{"pref":"福島県","city":"大沼郡昭和村","town":"下中津川"}],"0102":[{"pref":"福島県","city":"大沼郡昭和村","town":"野尻"}],"0101":[{"pref":"福島県","city":"大沼郡昭和村","town":"松山"}],"0213":[{"pref":"福島県","city":"大沼郡昭和村","town":"両原"}]}