{"1111":[{"pref":"秋田県","city":"仙北市","town":"田沢湖岡崎"}],"1112":[{"pref":"秋田県","city":"仙北市","town":"田沢湖梅沢"}],"1113":[{"pref":"秋田県","city":"仙北市","town":"田沢湖卒田"}],"1114":[{"pref":"秋田県","city":"仙北市","town":"田沢湖神代"}],"1115":[{"pref":"秋田県","city":"仙北市","town":"田沢湖小松"}],"1116":[{"pref":"秋田県","city":"仙北市","town":"田沢湖角館東前郷"}],"1201":[{"pref":"秋田県","city":"仙北市","town":"田沢湖生保内"}],"1202":[{"pref":"秋田県","city":"仙北市","town":"田沢湖刺巻"}],"1203":[{"pref":"秋田県","city":"仙北市","town":"田沢湖潟"}],"1204":[{"pref":"秋田県","city":"仙北市","town":"田沢湖田沢"}],"1205":[{"pref":"秋田県","city":"仙北市","town":"田沢湖玉川"}],"1411":[{"pref":"秋田県","city":"大仙市","town":"六郷西根"}],"1412":[{"pref":"秋田県","city":"大仙市","town":"藤木"}],"1413":[{"pref":"秋田県","city":"大仙市","town":"角間川町"}],"0000":[{"pref":"秋田県","city":"大仙市","town":"以下に掲載がない場合"}],"0013":[{"pref":"秋田県","city":"大仙市","town":"朝日町"}],"0067":[{"pref":"秋田県","city":"大仙市","town":"飯田"}],"0004":[{"pref":"秋田県","city":"大仙市","town":"泉町"}],"0112":[{"pref":"秋田県","city":"大仙市","town":"板見内"}],"0073":[{"pref":"秋田県","city":"大仙市","town":"内小友"}],"0714":[{"pref":"秋田県","city":"大仙市","town":"大神成"}],"0022":[{"pref":"秋田県","city":"大仙市","town":"大花町"}],"0031":[{"pref":"秋田県","city":"大仙市","town":"大曲"}],"0055":[{"pref":"秋田県","city":"大仙市","town":"大曲あけぼの町"}],"0068":[{"pref":"秋田県","city":"大仙市","town":"大曲飯田町"}],"0025":[{"pref":"秋田県","city":"大仙市","town":"大曲大町"}],"0054":[{"pref":"秋田県","city":"大仙市","town":"大曲金谷町"}],"0048":[{"pref":"秋田県","city":"大仙市","town":"大曲上大町"}],"0062":[{"pref":"秋田県","city":"大仙市","town":"大曲上栄町"}],"0052":[{"pref":"秋田県","city":"大仙市","town":"大曲川原町"}],"0023":[{"pref":"秋田県","city":"大仙市","town":"大曲黒瀬町"}],"0061":[{"pref":"秋田県","city":"大仙市","town":"大曲栄町"}],"0015":[{"pref":"秋田県","city":"大仙市","town":"大曲白金町"}],"0034":[{"pref":"秋田県","city":"大仙市","town":"大曲住吉町"}],"0047":[{"pref":"秋田県","city":"大仙市","town":"大曲須和町"}],"0046":[{"pref":"秋田県","city":"大仙市","town":"大曲田町"}],"0027":[{"pref":"秋田県","city":"大仙市","town":"大曲通町"}],"0043":[{"pref":"秋田県","city":"大仙市","town":"大曲戸巻町"}],"0024":[{"pref":"秋田県","city":"大仙市","town":"大曲中通町"}],"0053":[{"pref":"秋田県","city":"大仙市","town":"大曲花園町"}],"0051":[{"pref":"秋田県","city":"大仙市","town":"大曲浜町"}],"0063":[{"pref":"秋田県","city":"大仙市","town":"大曲日の出町"}],"0014":[{"pref":"秋田県","city":"大仙市","town":"大曲福住町"}],"0042":[{"pref":"秋田県","city":"大仙市","town":"大曲福見町"}],"0057":[{"pref":"秋田県","city":"大仙市","town":"大曲船場町"}],"0041":[{"pref":"秋田県","city":"大仙市","town":"大曲丸子町"}],"0026":[{"pref":"秋田県","city":"大仙市","town":"大曲丸の内町"}],"0056":[{"pref":"秋田県","city":"大仙市","town":"大曲緑町"}],"0045":[{"pref":"秋田県","city":"大仙市","town":"大曲若葉町"}],"0072":[{"pref":"秋田県","city":"大仙市","town":"大曲西根"}],"0064":[{"pref":"秋田県","city":"大仙市","town":"小貫高畑"}],"0202":[{"pref":"秋田県","city":"大仙市","town":"上鶯野"}],"0066":[{"pref":"秋田県","city":"大仙市","town":"川目"}],"0203":[{"pref":"秋田県","city":"大仙市","town":"北長野"}],"0713":[{"pref":"秋田県","city":"大仙市","town":"栗沢"}],"0803":[{"pref":"秋田県","city":"大仙市","town":"上野田"}],"0012":[{"pref":"秋田県","city":"大仙市","town":"幸町"}],"0017":[{"pref":"秋田県","city":"大仙市","town":"佐野町"}],"0204":[{"pref":"秋田県","city":"大仙市","town":"清水"}],"0201":[{"pref":"秋田県","city":"大仙市","town":"下鶯野"}],"0065":[{"pref":"秋田県","city":"大仙市","town":"下深井"}],"0103":[{"pref":"秋田県","city":"大仙市","town":"高関上郷"}],"0805":[{"pref":"秋田県","city":"大仙市","town":"高梨"}],"0801":[{"pref":"秋田県","city":"大仙市","town":"戸地谷"}],"0044":[{"pref":"秋田県","city":"大仙市","town":"戸蒔"}],"0712":[{"pref":"秋田県","city":"大仙市","town":"豊岡"}],"0711":[{"pref":"秋田県","city":"大仙市","town":"豊川"}],"0206":[{"pref":"秋田県","city":"大仙市","town":"長戸呂"}],"0207":[{"pref":"秋田県","city":"大仙市","town":"長野"}],"0104":[{"pref":"秋田県","city":"大仙市","town":"新谷地"}],"0804":[{"pref":"秋田県","city":"大仙市","town":"橋本"}],"0001":[{"pref":"秋田県","city":"大仙市","town":"花館"}],"0002":[{"pref":"秋田県","city":"大仙市","town":"花館上町"}],"0006":[{"pref":"秋田県","city":"大仙市","town":"花館中町"}],"0005":[{"pref":"秋田県","city":"大仙市","town":"花館柳町"}],"0032":[{"pref":"秋田県","city":"大仙市","town":"東川"}],"0071":[{"pref":"秋田県","city":"大仙市","town":"蛭川"}],"0114":[{"pref":"秋田県","city":"大仙市","town":"福田"}],"0021":[{"pref":"秋田県","city":"大仙市","town":"福田町"}],"0011":[{"pref":"秋田県","city":"大仙市","town":"富士見町"}],"0802":[{"pref":"秋田県","city":"大仙市","town":"払田"}],"0113":[{"pref":"秋田県","city":"大仙市","town":"堀見内"}],"0101":[{"pref":"秋田県","city":"大仙市","town":"松倉"}],"0003":[{"pref":"秋田県","city":"大仙市","town":"美原町"}],"0205":[{"pref":"秋田県","city":"大仙市","town":"鑓見内"}],"0111":[{"pref":"秋田県","city":"大仙市","town":"横堀"}],"0102":[{"pref":"秋田県","city":"大仙市","town":"四ツ屋"}],"0016":[{"pref":"秋田県","city":"大仙市","town":"若竹町"}],"0033":[{"pref":"秋田県","city":"大仙市","town":"和合"}],"0300":[{"pref":"秋田県","city":"仙北市","town":"以下に掲載がない場合"}],"0373":[{"pref":"秋田県","city":"仙北市","town":"角館町岩瀬"}],"0375":[{"pref":"秋田県","city":"仙北市","town":"角館町岩瀬下タ野"}],"0316":[{"pref":"秋田県","city":"仙北市","town":"角館町岩瀬町"}],"0374":[{"pref":"秋田県","city":"仙北市","town":"角館町上野"}],"0336":[{"pref":"秋田県","city":"仙北市","town":"角館町裏町"}],"0364":[{"pref":"秋田県","city":"仙北市","town":"角館町大中嶋"}],"0371":[{"pref":"秋田県","city":"仙北市","town":"角館町大風呂"}],"0347":[{"pref":"秋田県","city":"仙北市","town":"角館町小勝田"}],"0332":[{"pref":"秋田県","city":"仙北市","town":"角館町歩行町"}],"0334":[{"pref":"秋田県","city":"仙北市","town":"角館町表町上丁"}],"0331":[{"pref":"秋田県","city":"仙北市","town":"角館町表町下丁"}],"0367":[{"pref":"秋田県","city":"仙北市","town":"角館町勝楽"}],"0362":[{"pref":"秋田県","city":"仙北市","town":"角館町金山下"}],"0327":[{"pref":"秋田県","city":"仙北市","town":"角館町上新町"}],"0369":[{"pref":"秋田県","city":"仙北市","town":"角館町上菅沢"}],"0346":[{"pref":"秋田県","city":"仙北市","town":"角館町川原"}],"0333":[{"pref":"秋田県","city":"仙北市","town":"角館町川原町"}],"0358":[{"pref":"秋田県","city":"仙北市","town":"角館町川原町後"}],"0359":[{"pref":"秋田県","city":"仙北市","town":"角館町北野"}],"0341":[{"pref":"秋田県","city":"仙北市","town":"角館町雲然"}],"0372":[{"pref":"秋田県","city":"仙北市","town":"角館町小館"}],"0324":[{"pref":"秋田県","city":"仙北市","town":"角館町小人町"}],"0363":[{"pref":"秋田県","city":"仙北市","town":"角館町下川原"}],"0313":[{"pref":"秋田県","city":"仙北市","town":"角館町下岩瀬町"}],"0315":[{"pref":"秋田県","city":"仙北市","town":"角館町下新町"}],"0366":[{"pref":"秋田県","city":"仙北市","town":"角館町下菅沢"}],"0317":[{"pref":"秋田県","city":"仙北市","town":"角館町下中町"}],"0343":[{"pref":"秋田県","city":"仙北市","town":"角館町下延"}],"0302":[{"pref":"秋田県","city":"仙北市","town":"角館町白岩"}],"0365":[{"pref":"秋田県","city":"仙北市","town":"角館町菅沢"}],"0303":[{"pref":"秋田県","city":"仙北市","town":"角館町薗田"}],"0328":[{"pref":"秋田県","city":"仙北市","town":"角館町竹原町"}],"0311":[{"pref":"秋田県","city":"仙北市","town":"角館町田町上丁"}],"0312":[{"pref":"秋田県","city":"仙北市","town":"角館町田町下丁"}],"0352":[{"pref":"秋田県","city":"仙北市","town":"角館町外ノ山"}],"0355":[{"pref":"秋田県","city":"仙北市","town":"角館町外ノ山官有地"}],"0361":[{"pref":"秋田県","city":"仙北市","town":"角館町鳥木沢"}],"0368":[{"pref":"秋田県","city":"仙北市","town":"角館町中菅沢"}],"0318":[{"pref":"秋田県","city":"仙北市","town":"角館町中町"}],"0322":[{"pref":"秋田県","city":"仙北市","town":"角館町七日町"}],"0321":[{"pref":"秋田県","city":"仙北市","town":"角館町西勝楽町"}],"0379":[{"pref":"秋田県","city":"仙北市","town":"角館町西北野"}],"0376":[{"pref":"秋田県","city":"仙北市","town":"角館町西下タ野"}],"0353":[{"pref":"秋田県","city":"仙北市","town":"角館町西菅沢"}],"0377":[{"pref":"秋田県","city":"仙北市","town":"角館町西田"}],"0344":[{"pref":"秋田県","city":"仙北市","town":"角館町西長野"}],"0378":[{"pref":"秋田県","city":"仙北市","town":"角館町西野川原"}],"0342":[{"pref":"秋田県","city":"仙北市","town":"角館町八割"}],"0356":[{"pref":"秋田県","city":"仙北市","town":"角館町花場"}],"0357":[{"pref":"秋田県","city":"仙北市","town":"角館町花場下"}],"0325":[{"pref":"秋田県","city":"仙北市","town":"角館町東勝楽丁"}],"0301":[{"pref":"秋田県","city":"仙北市","town":"角館町広久内"}],"0337":[{"pref":"秋田県","city":"仙北市","town":"角館町古城"}],"0351":[{"pref":"秋田県","city":"仙北市","town":"角館町古城山"}],"0335":[{"pref":"秋田県","city":"仙北市","town":"角館町細越町"}],"0354":[{"pref":"秋田県","city":"仙北市","town":"角館町水ノ目沢"}],"0326":[{"pref":"秋田県","city":"仙北市","town":"角館町山根町"}],"0345":[{"pref":"秋田県","city":"仙北市","town":"角館町山谷川崎"}],"0323":[{"pref":"秋田県","city":"仙北市","town":"角館町横町"}],"0515":[{"pref":"秋田県","city":"仙北市","town":"西木町門屋"}],"0512":[{"pref":"秋田県","city":"仙北市","town":"西木町上荒井"}],"0601":[{"pref":"秋田県","city":"仙北市","town":"西木町上桧木内"}],"0513":[{"pref":"秋田県","city":"仙北市","town":"西木町小渕野"}],"0516":[{"pref":"秋田県","city":"仙北市","town":"西木町小山田"}],"0511":[{"pref":"秋田県","city":"仙北市","town":"西木町西明寺"}],"0514":[{"pref":"秋田県","city":"仙北市","town":"西木町西荒井"}],"0602":[{"pref":"秋田県","city":"仙北市","town":"西木町桧木内"}]}