{"0000":[{"pref":"福岡県","city":"大川市","town":"以下に掲載がない場合"}],"0031":[{"pref":"福岡県","city":"大川市","town":"上巻"}],"0004":[{"pref":"福岡県","city":"大川市","town":"榎津"}],"0045":[{"pref":"福岡県","city":"大川市","town":"大野島"}],"0021":[{"pref":"福岡県","city":"大川市","town":"大橋"}],"0027":[{"pref":"福岡県","city":"大川市","town":"荻島"}],"0024":[{"pref":"福岡県","city":"大川市","town":"鬼古賀"}],"0008":[{"pref":"福岡県","city":"大川市","town":"鐘ケ江"}],"0012":[{"pref":"福岡県","city":"大川市","town":"上白垣"}],"0032":[{"pref":"福岡県","city":"大川市","town":"北古賀"}],"0042":[{"pref":"福岡県","city":"大川市","town":"九網"}],"0002":[{"pref":"福岡県","city":"大川市","town":"下林"}],"0028":[{"pref":"福岡県","city":"大川市","town":"郷原"}],"0041":[{"pref":"福岡県","city":"大川市","town":"小保"}],"0025":[{"pref":"福岡県","city":"大川市","town":"坂井"}],"0016":[{"pref":"福岡県","city":"大川市","town":"酒見"}],"0001":[{"pref":"福岡県","city":"大川市","town":"下青木"}],"0022":[{"pref":"福岡県","city":"大川市","town":"下木佐木"}],"0011":[{"pref":"福岡県","city":"大川市","town":"下白垣"}],"0017":[{"pref":"福岡県","city":"大川市","town":"下八院"}],"0023":[{"pref":"福岡県","city":"大川市","town":"下牟田口"}],"0043":[{"pref":"福岡県","city":"大川市","town":"新田"}],"0035":[{"pref":"福岡県","city":"大川市","town":"津"}],"0007":[{"pref":"福岡県","city":"大川市","town":"道海島"}],"0014":[{"pref":"福岡県","city":"大川市","town":"中木室"}],"0006":[{"pref":"福岡県","city":"大川市","town":"中古賀"}],"0013":[{"pref":"福岡県","city":"大川市","town":"中八院"}],"0033":[{"pref":"福岡県","city":"大川市","town":"幡保"}],"0034":[{"pref":"福岡県","city":"大川市","town":"一木"}],"0044":[{"pref":"福岡県","city":"大川市","town":"紅粉屋"}],"0015":[{"pref":"福岡県","city":"大川市","town":"本木室"}],"0026":[{"pref":"福岡県","city":"大川市","town":"三丸"}],"0005":[{"pref":"福岡県","city":"大川市","town":"向島"}],"0003":[{"pref":"福岡県","city":"大川市","town":"諸富"}]}