{"0000":[{"pref":"北海道","city":"札幌市厚別区","town":"以下に掲載がない場合"},{"pref":"北海道","city":"札幌市清田区","town":"以下に掲載がない場合"}],"0021":[{"pref":"北海道","city":"札幌市厚別区","town":"青葉町"}],"0071":[{"pref":"北海道","city":"札幌市厚別区","town":"厚別北一条"}],"0072":[{"pref":"北海道","city":"札幌市厚別区","town":"厚別北二条"}],"0073":[{"pref":"北海道","city":"札幌市厚別区","town":"厚別北三条"}],"0074":[{"pref":"北海道","city":"札幌市厚別区","town":"厚別北四条"}],"0075":[{"pref":"北海道","city":"札幌市厚別区","town":"厚別北五条"}],"0076":[{"pref":"北海道","city":"札幌市厚別区","town":"厚別北六条"}],"0051":[{"pref":"北海道","city":"札幌市厚別区","town":"厚別中央一条"}],"0052":[{"pref":"北海道","city":"札幌市厚別区","town":"厚別中央二条"}],"0053":[{"pref":"北海道","city":"札幌市厚別区","town":"厚別中央三条"}],"0054":[{"pref":"北海道","city":"札幌市厚別区","town":"厚別中央四条"}],"0055":[{"pref":"北海道","city":"札幌市厚別区","town":"厚別中央五条"}],"0039":[{"pref":"北海道","city":"札幌市厚別区","town":"厚別町上野幌"}],"0007":[{"pref":"北海道","city":"札幌市厚別区","town":"厚別町下野幌"}],"0006":[{"pref":"北海道","city":"札幌市厚別区","town":"厚別町小野幌"}],"0069":[{"pref":"北海道","city":"札幌市厚別区","town":"厚別町山本"}],"0068":[{"pref":"北海道","city":"札幌市厚別区","town":"厚別西"}],"0061":[{"pref":"北海道","city":"札幌市厚別区","town":"厚別西一条"}],"0062":[{"pref":"北海道","city":"札幌市厚別区","town":"厚別西二条"}],"0063":[{"pref":"北海道","city":"札幌市厚別区","town":"厚別西三条"}],"0064":[{"pref":"北海道","city":"札幌市厚別区","town":"厚別西四条"}],"0065":[{"pref":"北海道","city":"札幌市厚別区","town":"厚別西五条"}],"0001":[{"pref":"北海道","city":"札幌市厚別区","town":"厚別東一条"}],"0002":[{"pref":"北海道","city":"札幌市厚別区","town":"厚別東二条"}],"0003":[{"pref":"北海道","city":"札幌市厚別区","town":"厚別東三条"}],"0004":[{"pref":"北海道","city":"札幌市厚別区","town":"厚別東四条"}],"0005":[{"pref":"北海道","city":"札幌市厚別区","town":"厚別東五条"}],"0022":[{"pref":"北海道","city":"札幌市厚別区","town":"厚別南"}],"0041":[{"pref":"北海道","city":"札幌市厚別区","town":"大谷地東"}],"0042":[{"pref":"北海道","city":"札幌市厚別区","town":"大谷地西"}],"0031":[{"pref":"北海道","city":"札幌市厚別区","town":"上野幌一条"}],"0032":[{"pref":"北海道","city":"札幌市厚別区","town":"上野幌二条"}],"0033":[{"pref":"北海道","city":"札幌市厚別区","town":"上野幌三条"}],"0015":[{"pref":"北海道","city":"札幌市厚別区","town":"下野幌テクノパーク"}],"0011":[{"pref":"北海道","city":"札幌市厚別区","town":"もみじ台東"}],"0013":[{"pref":"北海道","city":"札幌市厚別区","town":"もみじ台西"}],"0012":[{"pref":"北海道","city":"札幌市厚別区","town":"もみじ台南"}],"0014":[{"pref":"北海道","city":"札幌市厚別区","town":"もみじ台北"}],"0821":[{"pref":"北海道","city":"札幌市清田区","town":"有明"}],"0811":[{"pref":"北海道","city":"札幌市清田区","town":"美しが丘一条"}],"0812":[{"pref":"北海道","city":"札幌市清田区","town":"美しが丘二条"}],"0813":[{"pref":"北海道","city":"札幌市清田区","town":"美しが丘三条"}],"0814":[{"pref":"北海道","city":"札幌市清田区","town":"美しが丘四条"}],"0815":[{"pref":"北海道","city":"札幌市清田区","town":"美しが丘五条"}],"0861":[{"pref":"北海道","city":"札幌市清田区","town":"北野一条"}],"0862":[{"pref":"北海道","city":"札幌市清田区","town":"北野二条"}],"0863":[{"pref":"北海道","city":"札幌市清田区","town":"北野三条"}],"0864":[{"pref":"北海道","city":"札幌市清田区","town":"北野四条"}],"0865":[{"pref":"北海道","city":"札幌市清田区","town":"北野五条"}],"0866":[{"pref":"北海道","city":"札幌市清田区","town":"北野六条"}],"0867":[{"pref":"北海道","city":"札幌市清田区","town":"北野七条"}],"0859":[{"pref":"北海道","city":"札幌市清田区","town":"清田"}],"0841":[{"pref":"北海道","city":"札幌市清田区","town":"清田一条"}],"0842":[{"pref":"北海道","city":"札幌市清田区","town":"清田二条"}],"0843":[{"pref":"北海道","city":"札幌市清田区","town":"清田三条"}],"0844":[{"pref":"北海道","city":"札幌市清田区","town":"清田四条"}],"0845":[{"pref":"北海道","city":"札幌市清田区","town":"清田五条"}],"0846":[{"pref":"北海道","city":"札幌市清田区","town":"清田六条"}],"0847":[{"pref":"北海道","city":"札幌市清田区","town":"清田七条"}],"0848":[{"pref":"北海道","city":"札幌市清田区","town":"清田八条"}],"0849":[{"pref":"北海道","city":"札幌市清田区","town":"清田九条"}],"0840":[{"pref":"北海道","city":"札幌市清田区","town":"清田十条"}],"0809":[{"pref":"北海道","city":"札幌市清田区","town":"里塚"}],"0801":[{"pref":"北海道","city":"札幌市清田区","town":"里塚一条"}],"0802":[{"pref":"北海道","city":"札幌市清田区","town":"里塚二条"}],"0803":[{"pref":"北海道","city":"札幌市清田区","town":"里塚三条"}],"0804":[{"pref":"北海道","city":"札幌市清田区","town":"里塚四条"}],"0805":[{"pref":"北海道","city":"札幌市清田区","town":"里塚緑ケ丘"}],"0839":[{"pref":"北海道","city":"札幌市清田区","town":"真栄"}],"0831":[{"pref":"北海道","city":"札幌市清田区","town":"真栄一条"}],"0832":[{"pref":"北海道","city":"札幌市清田区","town":"真栄二条"}],"0833":[{"pref":"北海道","city":"札幌市清田区","town":"真栄三条"}],"0834":[{"pref":"北海道","city":"札幌市清田区","town":"真栄四条"}],"0835":[{"pref":"北海道","city":"札幌市清田区","town":"真栄五条"}],"0836":[{"pref":"北海道","city":"札幌市清田区","town":"真栄六条"}],"0889":[{"pref":"北海道","city":"札幌市清田区","town":"平岡"}],"0871":[{"pref":"北海道","city":"札幌市清田区","town":"平岡一条"}],"0872":[{"pref":"北海道","city":"札幌市清田区","town":"平岡二条"}],"0873":[{"pref":"北海道","city":"札幌市清田区","town":"平岡三条"}],"0874":[{"pref":"北海道","city":"札幌市清田区","town":"平岡四条"}],"0875":[{"pref":"北海道","city":"札幌市清田区","town":"平岡五条"}],"0876":[{"pref":"北海道","city":"札幌市清田区","town":"平岡六条"}],"0877":[{"pref":"北海道","city":"札幌市清田区","town":"平岡七条"}],"0878":[{"pref":"北海道","city":"札幌市清田区","town":"平岡八条"}],"0879":[{"pref":"北海道","city":"札幌市清田区","town":"平岡九条"}],"0880":[{"pref":"北海道","city":"札幌市清田区","town":"平岡十条"}],"0881":[{"pref":"北海道","city":"札幌市清田区","town":"平岡公園"}],"0882":[{"pref":"北海道","city":"札幌市清田区","town":"平岡公園東"}]}