{"0813":[{"pref":"愛知県","city":"名古屋市西区","town":"赤城町"}],"0823":[{"pref":"愛知県","city":"名古屋市西区","town":"あし原町"}],"0836":[{"pref":"愛知県","city":"名古屋市西区","town":"新木町"}],"0805":[{"pref":"愛知県","city":"名古屋市西区","town":"市場木町"}],"0846":[{"pref":"愛知県","city":"名古屋市西区","town":"浮野町"}],"0807":[{"pref":"愛知県","city":"名古屋市西区","town":"歌里町"}],"0831":[{"pref":"愛知県","city":"名古屋市西区","town":"円明町"}],"0803":[{"pref":"愛知県","city":"名古屋市西区","town":"大野木"}],"0821":[{"pref":"愛知県","city":"名古屋市西区","town":"上小田井"}],"0844":[{"pref":"愛知県","city":"名古屋市西区","town":"上橋町"}],"0816":[{"pref":"愛知県","city":"名古屋市西区","town":"貴生町"}],"0834":[{"pref":"愛知県","city":"名古屋市西区","town":"木前町"}],"0801":[{"pref":"愛知県","city":"名古屋市西区","town":"清里町"}],"0806":[{"pref":"愛知県","city":"名古屋市西区","town":"五才美町"}],"0824":[{"pref":"愛知県","city":"名古屋市西区","town":"こも原町"}],"0804":[{"pref":"愛知県","city":"名古屋市西区","town":"坂井戸町"}],"0841":[{"pref":"愛知県","city":"名古屋市西区","town":"城西町"}],"0842":[{"pref":"愛知県","city":"名古屋市西区","town":"城町"}],"0811":[{"pref":"愛知県","city":"名古屋市西区","town":"砂原町"}],"0812":[{"pref":"愛知県","city":"名古屋市西区","town":"玉池町"}],"0837":[{"pref":"愛知県","city":"名古屋市西区","town":"十方町"}],"0822":[{"pref":"愛知県","city":"名古屋市西区","town":"中小田井"}],"0845":[{"pref":"愛知県","city":"名古屋市西区","town":"中沼町"}],"0838":[{"pref":"愛知県","city":"名古屋市西区","town":"長先町"}],"0848":[{"pref":"愛知県","city":"名古屋市西区","town":"西原町"}],"0847":[{"pref":"愛知県","city":"名古屋市西区","town":"野南町"}],"0809":[{"pref":"愛知県","city":"名古屋市西区","town":"花原町"}],"0802":[{"pref":"愛知県","city":"名古屋市西区","town":"比良"}],"0832":[{"pref":"愛知県","city":"名古屋市西区","town":"平出町"}],"0843":[{"pref":"愛知県","city":"名古屋市西区","town":"平中町"}],"0817":[{"pref":"愛知県","city":"名古屋市西区","town":"二方町"}],"0808":[{"pref":"愛知県","city":"名古屋市西区","town":"宝地町"}],"0835":[{"pref":"愛知県","city":"名古屋市西区","town":"丸野"}],"0814":[{"pref":"愛知県","city":"名古屋市西区","town":"南川町"}],"0839":[{"pref":"愛知県","city":"名古屋市西区","town":"見寄町"}],"0815":[{"pref":"愛知県","city":"名古屋市西区","town":"八筋町"}],"0833":[{"pref":"愛知県","city":"名古屋市西区","town":"山木"}],"0818":[{"pref":"愛知県","city":"名古屋市西区","town":"山田町"}],"0000":[{"pref":"愛知県","city":"清須市","town":"以下に掲載がない場合"}],"0932":[{"pref":"愛知県","city":"清須市","town":"朝日"}],"0901":[{"pref":"愛知県","city":"清須市","town":"阿原"}],"0931":[{"pref":"愛知県","city":"清須市","town":"一場"}],"0934":[{"pref":"愛知県","city":"清須市","town":"大嶋"}],"0963":[{"pref":"愛知県","city":"清須市","town":"下津町"}],"0913":[{"pref":"愛知県","city":"清須市","town":"上河原"}],"0935":[{"pref":"愛知県","city":"清須市","town":"北市場本町"}],"0942":[{"pref":"愛知県","city":"清須市","town":"清洲"}],"0916":[{"pref":"愛知県","city":"清須市","town":"下河原"}],"0944":[{"pref":"愛知県","city":"清須市","town":"上条"}],"0943":[{"pref":"愛知県","city":"清須市","town":"新清洲"}],"0905":[{"pref":"愛知県","city":"清須市","town":"須ケ口"}],"0912":[{"pref":"愛知県","city":"清須市","town":"須ケ口駅前"}],"0903":[{"pref":"愛知県","city":"清須市","town":"助七（１、２丁目）"}],"0902":[{"pref":"愛知県","city":"清須市","town":"助七（その他）"}],"0945":[{"pref":"愛知県","city":"清須市","town":"土田"}],"0908":[{"pref":"愛知県","city":"清須市","town":"寺野"}],"0918":[{"pref":"愛知県","city":"清須市","town":"桃栄"}],"0914":[{"pref":"愛知県","city":"清須市","town":"土器野"}],"0915":[{"pref":"愛知県","city":"清須市","town":"中河原"}],"0907":[{"pref":"愛知県","city":"清須市","town":"鍋片"}],"0941":[{"pref":"愛知県","city":"清須市","town":"西市場"}],"0911":[{"pref":"愛知県","city":"清須市","town":"西須ケ口"}],"0933":[{"pref":"愛知県","city":"清須市","town":"西田中"}],"0064":[{"pref":"愛知県","city":"清須市","town":"西枇杷島町旭"}],"0015":[{"pref":"愛知県","city":"清須市","town":"西枇杷島町泉"}],"0007":[{"pref":"愛知県","city":"清須市","town":"西枇杷島町一反五畝割"}],"0010":[{"pref":"愛知県","city":"清須市","town":"西枇杷島町稲株"}],"0005":[{"pref":"愛知県","city":"清須市","town":"西枇杷島町恵比須"}],"0051":[{"pref":"愛知県","city":"清須市","town":"西枇杷島町大野"}],"0014":[{"pref":"愛知県","city":"清須市","town":"西枇杷島町押花"}],"0021":[{"pref":"愛知県","city":"清須市","town":"西枇杷島町小田井"}],"0041":[{"pref":"愛知県","city":"清須市","town":"西枇杷島町小野田"}],"0067":[{"pref":"愛知県","city":"清須市","town":"西枇杷島町替地"}],"0024":[{"pref":"愛知県","city":"清須市","town":"西枇杷島町片町"}],"0022":[{"pref":"愛知県","city":"清須市","town":"西枇杷島町上新"}],"0042":[{"pref":"愛知県","city":"清須市","town":"西枇杷島町川口"}],"0055":[{"pref":"愛知県","city":"清須市","town":"西枇杷島町北二ツ杁"}],"0012":[{"pref":"愛知県","city":"清須市","town":"西枇杷島町北大和"}],"0001":[{"pref":"愛知県","city":"清須市","town":"西枇杷島町古城"}],"0062":[{"pref":"愛知県","city":"清須市","town":"西枇杷島町五畝割"}],"0061":[{"pref":"愛知県","city":"清須市","town":"西枇杷島町小場塚"}],"0066":[{"pref":"愛知県","city":"清須市","town":"西枇杷島町芝野新田"}],"0023":[{"pref":"愛知県","city":"清須市","town":"西枇杷島町下新"}],"0017":[{"pref":"愛知県","city":"清須市","town":"西枇杷島町下砂入"}],"0025":[{"pref":"愛知県","city":"清須市","town":"西枇杷島町十軒裏"}],"0011":[{"pref":"愛知県","city":"清須市","town":"西枇杷島町城並"}],"0016":[{"pref":"愛知県","city":"清須市","town":"西枇杷島町砂入"}],"0003":[{"pref":"愛知県","city":"清須市","town":"西枇杷島町末広"}],"0018":[{"pref":"愛知県","city":"清須市","town":"西枇杷島町住吉"}],"0004":[{"pref":"愛知県","city":"清須市","town":"西枇杷島町大黒"}],"0052":[{"pref":"愛知県","city":"清須市","town":"西枇杷島町辰新田"}],"0008":[{"pref":"愛知県","city":"清須市","town":"西枇杷島町地領"}],"0035":[{"pref":"愛知県","city":"清須市","town":"西枇杷島町問屋"}],"0063":[{"pref":"愛知県","city":"清須市","town":"西枇杷島町七畝割"}],"0046":[{"pref":"愛知県","city":"清須市","town":"西枇杷島町西笹子原"}],"0009":[{"pref":"愛知県","city":"清須市","town":"西枇杷島町西八丁"}],"0045":[{"pref":"愛知県","city":"清須市","town":"西枇杷島町西六軒"}],"0068":[{"pref":"愛知県","city":"清須市","town":"西枇杷島町子新田"}],"0026":[{"pref":"愛知県","city":"清須市","town":"西枇杷島町橋詰"}],"0002":[{"pref":"愛知県","city":"清須市","town":"西枇杷島町花咲"}],"0047":[{"pref":"愛知県","city":"清須市","town":"西枇杷島町東笹子原"}],"0043":[{"pref":"愛知県","city":"清須市","town":"西枇杷島町東六軒"}],"0034":[{"pref":"愛知県","city":"清須市","town":"西枇杷島町日之出"},{"pref":"愛知県","city":"清須市","town":"西枇杷島町日の出"}],"0033":[{"pref":"愛知県","city":"清須市","town":"西枇杷島町二見"}],"0006":[{"pref":"愛知県","city":"清須市","town":"西枇杷島町弁天"}],"0036":[{"pref":"愛知県","city":"清須市","town":"西枇杷島町南問屋"}],"0054":[{"pref":"愛知県","city":"清須市","town":"西枇杷島町南二ツ杁"}],"0053":[{"pref":"愛知県","city":"清須市","town":"西枇杷島町南松原"}],"0013":[{"pref":"愛知県","city":"清須市","town":"西枇杷島町南大和"}],"0044":[{"pref":"愛知県","city":"清須市","town":"西枇杷島町南六軒"}],"0031":[{"pref":"愛知県","city":"清須市","town":"西枇杷島町宮前"}],"0032":[{"pref":"愛知県","city":"清須市","town":"西枇杷島町養和"}],"0065":[{"pref":"愛知県","city":"清須市","town":"西枇杷島町芳野"}],"0917":[{"pref":"愛知県","city":"清須市","town":"西堀江"}],"0919":[{"pref":"愛知県","city":"清須市","town":"萩野"}],"0946":[{"pref":"愛知県","city":"清須市","town":"廻間"}],"0947":[{"pref":"愛知県","city":"清須市","town":"花水木"}],"0962":[{"pref":"愛知県","city":"清須市","town":"春日県"},{"pref":"愛知県","city":"清須市","town":"春日江先"},{"pref":"愛知県","city":"清須市","town":"春日川中"},{"pref":"愛知県","city":"清須市","town":"春日郷ケ島"},{"pref":"愛知県","city":"清須市","town":"春日高札"},{"pref":"愛知県","city":"清須市","town":"春日五反地"},{"pref":"愛知県","city":"清須市","town":"春日社子地"},{"pref":"愛知県","city":"清須市","town":"春日白弓"},{"pref":"愛知県","city":"清須市","town":"春日新田"},{"pref":"愛知県","city":"清須市","town":"春日新町"},{"pref":"愛知県","city":"清須市","town":"春日神明"},{"pref":"愛知県","city":"清須市","town":"春日砂賀東"},{"pref":"愛知県","city":"清須市","town":"春日立作"},{"pref":"愛知県","city":"清須市","town":"春日長久寺"},{"pref":"愛知県","city":"清須市","town":"春日天神"},{"pref":"愛知県","city":"清須市","town":"春日鳥出"},{"pref":"愛知県","city":"清須市","town":"春日中沼"},{"pref":"愛知県","city":"清須市","town":"春日流"},{"pref":"愛知県","city":"清須市","town":"春日野田町"},{"pref":"愛知県","city":"清須市","town":"春日冨士塚"},{"pref":"愛知県","city":"清須市","town":"春日舟付"},{"pref":"愛知県","city":"清須市","town":"春日焼田"}],"0961":[{"pref":"愛知県","city":"清須市","town":"春日明河原"},{"pref":"愛知県","city":"清須市","town":"春日一番割"},{"pref":"愛知県","city":"清須市","town":"春日壱屋敷"},{"pref":"愛知県","city":"清須市","town":"春日一本松"},{"pref":"愛知県","city":"清須市","town":"春日稲荷"},{"pref":"愛知県","city":"清須市","town":"春日杁前"},{"pref":"愛知県","city":"清須市","town":"春日午"},{"pref":"愛知県","city":"清須市","town":"春日落合"},{"pref":"愛知県","city":"清須市","town":"春日上丑"},{"pref":"愛知県","city":"清須市","town":"春日上川畑"},{"pref":"愛知県","city":"清須市","town":"春日上河原"},{"pref":"愛知県","city":"清須市","town":"春日上須ケ田"},{"pref":"愛知県","city":"清須市","town":"春日上高畑"},{"pref":"愛知県","city":"清須市","town":"春日上堤クロ"},{"pref":"愛知県","city":"清須市","town":"春日上中割"},{"pref":"愛知県","city":"清須市","town":"春日河原"},{"pref":"愛知県","city":"清須市","town":"春日桑"},{"pref":"愛知県","city":"清須市","town":"春日郷裏"},{"pref":"愛知県","city":"清須市","town":"春日郷前"},{"pref":"愛知県","city":"清須市","town":"春日小塚西"},{"pref":"愛知県","city":"清須市","town":"春日小塚南"},{"pref":"愛知県","city":"清須市","town":"春日小松生"},{"pref":"愛知県","city":"清須市","town":"春日三番割"},{"pref":"愛知県","city":"清須市","town":"春日下丑"},{"pref":"愛知県","city":"清須市","town":"春日下河原"},{"pref":"愛知県","city":"清須市","town":"春日下堤クロ"},{"pref":"愛知県","city":"清須市","town":"春日下中割"},{"pref":"愛知県","city":"清須市","town":"春日定ノ割"},{"pref":"愛知県","city":"清須市","town":"春日新田畑"},{"pref":"愛知県","city":"清須市","town":"春日新堀"},{"pref":"愛知県","city":"清須市","town":"春日新堀北"},{"pref":"愛知県","city":"清須市","town":"春日須ケ田"},{"pref":"愛知県","city":"清須市","town":"春日須ケ畑"},{"pref":"愛知県","city":"清須市","town":"春日大河戸"},{"pref":"愛知県","city":"清須市","town":"春日高畑"},{"pref":"愛知県","city":"清須市","town":"春日堤クロ"},{"pref":"愛知県","city":"清須市","town":"春日寺廻り"},{"pref":"愛知県","city":"清須市","town":"春日樋"},{"pref":"愛知県","city":"清須市","town":"春日酉"},{"pref":"愛知県","city":"清須市","town":"春日中河原"},{"pref":"愛知県","city":"清須市","town":"春日長畑"},{"pref":"愛知県","city":"清須市","town":"春日西須ケ畑"},{"pref":"愛知県","city":"清須市","town":"春日西牧前"},{"pref":"愛知県","city":"清須市","town":"春日西牧南"},{"pref":"愛知県","city":"清須市","town":"春日西余部"},{"pref":"愛知県","city":"清須市","town":"春日二番割"},{"pref":"愛知県","city":"清須市","town":"春日弐屋敷"},{"pref":"愛知県","city":"清須市","town":"春日野方"},{"pref":"愛知県","city":"清須市","town":"春日八幡"},{"pref":"愛知県","city":"清須市","town":"春日八幡裏"},{"pref":"愛知県","city":"清須市","town":"春日八幡前"},{"pref":"愛知県","city":"清須市","town":"春日八幡南"},{"pref":"愛知県","city":"清須市","town":"春日東小塚"},{"pref":"愛知県","city":"清須市","town":"春日東須ケ畑"},{"pref":"愛知県","city":"清須市","town":"春日東出"},{"pref":"愛知県","city":"清須市","town":"春日二ツ池"},{"pref":"愛知県","city":"清須市","town":"春日振形"},{"pref":"愛知県","city":"清須市","town":"春日堀田"},{"pref":"愛知県","city":"清須市","town":"春日宮越"},{"pref":"愛知県","city":"清須市","town":"春日宮重"},{"pref":"愛知県","city":"清須市","town":"春日宮重町"},{"pref":"愛知県","city":"清須市","town":"春日向河原"},{"pref":"愛知県","city":"清須市","town":"春日屋敷"},{"pref":"愛知県","city":"清須市","town":"春日夢の森"},{"pref":"愛知県","city":"清須市","town":"春日四番割"},{"pref":"愛知県","city":"清須市","town":"春日蓮花寺前"}],"0904":[{"pref":"愛知県","city":"清須市","town":"東須ケ口"}],"0906":[{"pref":"愛知県","city":"清須市","town":"東外町"}],"0037":[{"pref":"愛知県","city":"清須市","town":"枇杷島駅前東"}]}