{"1101":[{"pref":"三重県","city":"松阪市","town":"勢津町"}],"1102":[{"pref":"三重県","city":"松阪市","town":"矢津町"}],"1103":[{"pref":"三重県","city":"松阪市","town":"笹川町"}],"1104":[{"pref":"三重県","city":"松阪市","town":"桂瀬町"}],"1105":[{"pref":"三重県","city":"松阪市","town":"大河内町"}],"1106":[{"pref":"三重県","city":"松阪市","town":"辻原町"}],"1107":[{"pref":"三重県","city":"松阪市","town":"阪内町"}],"1201":[{"pref":"三重県","city":"松阪市","town":"広瀬町"}],"1202":[{"pref":"三重県","city":"松阪市","town":"茅原町"}],"1203":[{"pref":"三重県","city":"松阪市","town":"六呂木町"}],"1204":[{"pref":"三重県","city":"松阪市","town":"小片野町"}],"1205":[{"pref":"三重県","city":"松阪市","town":"大石町"}],"1301":[{"pref":"三重県","city":"松阪市","town":"飯南町深野"}],"1302":[{"pref":"三重県","city":"松阪市","town":"飯南町横野"}],"1303":[{"pref":"三重県","city":"松阪市","town":"飯南町下仁柿"}],"1304":[{"pref":"三重県","city":"松阪市","town":"飯南町上仁柿"}],"1411":[{"pref":"三重県","city":"松阪市","town":"飯南町粥見"}],"1412":[{"pref":"三重県","city":"松阪市","town":"飯南町向粥見"}],"1413":[{"pref":"三重県","city":"松阪市","town":"飯南町有間野"}],"1501":[{"pref":"三重県","city":"松阪市","town":"飯高町下滝野"}],"1502":[{"pref":"三重県","city":"松阪市","town":"飯高町宮前"}],"1503":[{"pref":"三重県","city":"松阪市","town":"飯高町野々口"}],"1504":[{"pref":"三重県","city":"松阪市","town":"飯高町作滝"}],"1505":[{"pref":"三重県","city":"松阪市","town":"飯高町赤桶"}],"1506":[{"pref":"三重県","city":"松阪市","town":"飯高町田引"}],"1611":[{"pref":"三重県","city":"松阪市","town":"飯高町七日市"}],"1612":[{"pref":"三重県","city":"松阪市","town":"飯高町富永"}],"1613":[{"pref":"三重県","city":"松阪市","town":"飯高町粟野"}],"1614":[{"pref":"三重県","city":"松阪市","town":"飯高町宮本"}],"1615":[{"pref":"三重県","city":"松阪市","town":"飯高町森"}],"1616":[{"pref":"三重県","city":"松阪市","town":"飯高町青田"}],"1617":[{"pref":"三重県","city":"松阪市","town":"飯高町猿山"}],"1618":[{"pref":"三重県","city":"松阪市","town":"飯高町蓮"}],"1721":[{"pref":"三重県","city":"松阪市","town":"飯高町月出"}],"1722":[{"pref":"三重県","city":"松阪市","town":"飯高町加波"}],"1723":[{"pref":"三重県","city":"松阪市","town":"飯高町乙栗子"}],"1724":[{"pref":"三重県","city":"松阪市","town":"飯高町桑原"}],"1725":[{"pref":"三重県","city":"松阪市","town":"飯高町波瀬"}],"1726":[{"pref":"三重県","city":"松阪市","town":"飯高町太良木"}],"1727":[{"pref":"三重県","city":"松阪市","town":"飯高町草鹿野"}],"1731":[{"pref":"三重県","city":"松阪市","town":"飯高町舟戸"}],"1732":[{"pref":"三重県","city":"松阪市","town":"飯高町落方"}],"1733":[{"pref":"三重県","city":"松阪市","town":"飯高町栃谷"}],"1734":[{"pref":"三重県","city":"松阪市","town":"飯高町木梶"}],"2101":[{"pref":"三重県","city":"松阪市","town":"星合町"}],"2102":[{"pref":"三重県","city":"松阪市","town":"五主町"}],"2103":[{"pref":"三重県","city":"松阪市","town":"笠松町"}],"2104":[{"pref":"三重県","city":"松阪市","town":"小舟江町"}],"2105":[{"pref":"三重県","city":"松阪市","town":"肥留町"}],"2106":[{"pref":"三重県","city":"松阪市","town":"西肥留町"}],"2107":[{"pref":"三重県","city":"松阪市","town":"舞出町"}],"2108":[{"pref":"三重県","city":"松阪市","town":"甚目町"}],"2109":[{"pref":"三重県","city":"松阪市","town":"小野江町"}],"2111":[{"pref":"三重県","city":"松阪市","town":"中林町"}],"2112":[{"pref":"三重県","city":"松阪市","town":"曽原町"}],"2113":[{"pref":"三重県","city":"松阪市","town":"喜多村新田町"}],"2114":[{"pref":"三重県","city":"松阪市","town":"小津町"}],"2115":[{"pref":"三重県","city":"松阪市","town":"中道町"}],"2121":[{"pref":"三重県","city":"松阪市","town":"市場庄町"}],"2122":[{"pref":"三重県","city":"松阪市","town":"久米町"}],"2123":[{"pref":"三重県","city":"松阪市","town":"上ノ庄町"}],"2124":[{"pref":"三重県","city":"松阪市","town":"中ノ庄町"}],"2131":[{"pref":"三重県","city":"松阪市","town":"六軒町"}],"2132":[{"pref":"三重県","city":"松阪市","town":"松崎浦町"}],"2133":[{"pref":"三重県","city":"松阪市","town":"松ケ島町"}],"2301":[{"pref":"三重県","city":"松阪市","town":"嬉野島田町"}],"2302":[{"pref":"三重県","city":"松阪市","town":"嬉野天花寺町"}],"2303":[{"pref":"三重県","city":"松阪市","town":"嬉野宮古町"}],"2304":[{"pref":"三重県","city":"松阪市","town":"嬉野平生町"}],"2305":[{"pref":"三重県","city":"松阪市","town":"嬉野一志町"}],"2311":[{"pref":"三重県","city":"松阪市","town":"嬉野黒田町"}],"2312":[{"pref":"三重県","city":"松阪市","town":"嬉野見永町"}],"2313":[{"pref":"三重県","city":"松阪市","town":"嬉野川原木造町"}],"2314":[{"pref":"三重県","city":"松阪市","town":"嬉野新屋庄町"}],"2315":[{"pref":"三重県","city":"松阪市","town":"嬉野小村町"}],"2316":[{"pref":"三重県","city":"松阪市","town":"嬉野川北町"}],"2317":[{"pref":"三重県","city":"松阪市","town":"嬉野野田町"}],"2321":[{"pref":"三重県","city":"松阪市","town":"嬉野中川町"}],"2322":[{"pref":"三重県","city":"松阪市","town":"嬉野須賀町"}],"2323":[{"pref":"三重県","city":"松阪市","town":"嬉野権現前町"}],"2324":[{"pref":"三重県","city":"松阪市","town":"嬉野町"}],"2325":[{"pref":"三重県","city":"松阪市","town":"嬉野中川新町"}],"2331":[{"pref":"三重県","city":"松阪市","town":"嬉野須賀領町"}],"2332":[{"pref":"三重県","city":"松阪市","town":"嬉野津屋城町"}],"2333":[{"pref":"三重県","city":"松阪市","town":"嬉野田村町"}],"2334":[{"pref":"三重県","city":"松阪市","town":"嬉野黒野町"}],"2335":[{"pref":"三重県","city":"松阪市","town":"嬉野算所町"}],"2341":[{"pref":"三重県","city":"松阪市","town":"小野町"}],"2342":[{"pref":"三重県","city":"松阪市","town":"大阿坂町"}],"2343":[{"pref":"三重県","city":"松阪市","town":"小阿坂町"}],"2344":[{"pref":"三重県","city":"松阪市","town":"美濃田町"}],"2351":[{"pref":"三重県","city":"松阪市","town":"嬉野井之上町"}],"2352":[{"pref":"三重県","city":"松阪市","town":"嬉野八田町"}],"2353":[{"pref":"三重県","city":"松阪市","town":"嬉野堀之内町"}],"2354":[{"pref":"三重県","city":"松阪市","town":"嬉野下之庄町"}],"2355":[{"pref":"三重県","city":"松阪市","town":"嬉野薬王寺町"}],"2356":[{"pref":"三重県","city":"松阪市","town":"嬉野上野町"}],"2357":[{"pref":"三重県","city":"松阪市","town":"嬉野神ノ木町"}],"2401":[{"pref":"三重県","city":"松阪市","town":"嬉野釜生田町"}],"2402":[{"pref":"三重県","city":"松阪市","town":"嬉野森本町"}],"2403":[{"pref":"三重県","city":"松阪市","town":"嬉野岩倉町"}],"2404":[{"pref":"三重県","city":"松阪市","town":"嬉野上小川町"}],"2405":[{"pref":"三重県","city":"松阪市","town":"嬉野小原町"}],"2406":[{"pref":"三重県","city":"松阪市","town":"嬉野合ケ野町"}],"2407":[{"pref":"三重県","city":"松阪市","town":"嬉野矢下町"}],"2408":[{"pref":"三重県","city":"松阪市","town":"嬉野宮野町"}],"2409":[{"pref":"三重県","city":"松阪市","town":"嬉野滝之川町"}],"2411":[{"pref":"三重県","city":"松阪市","town":"与原町"}],"2412":[{"pref":"三重県","city":"松阪市","town":"飯福田町"}],"2413":[{"pref":"三重県","city":"松阪市","town":"後山町"}],"2414":[{"pref":"三重県","city":"松阪市","town":"柚原町"}],"2501":[{"pref":"三重県","city":"津市","town":"一志町庄村"}],"2502":[{"pref":"三重県","city":"津市","town":"一志町其村"}],"2503":[{"pref":"三重県","city":"津市","town":"一志町日置"}],"2504":[{"pref":"三重県","city":"津市","town":"一志町高野（高野団地）"},{"pref":"三重県","city":"津市","town":"一志町高野（野田）"},{"pref":"三重県","city":"津市","town":"一志町高野（その他）"}],"2505":[{"pref":"三重県","city":"津市","town":"一志町小戸木"}],"2511":[{"pref":"三重県","city":"津市","town":"一志町片野"}],"2512":[{"pref":"三重県","city":"津市","town":"一志町新沢田"}],"2513":[{"pref":"三重県","city":"津市","town":"一志町虹が丘"}],"2514":[{"pref":"三重県","city":"津市","town":"一志町小山（小山台地）"},{"pref":"三重県","city":"津市","town":"一志町小山（その他）"}],"2515":[{"pref":"三重県","city":"津市","town":"一志町八太（一志団地）"},{"pref":"三重県","city":"津市","town":"一志町八太（その他）"}],"2516":[{"pref":"三重県","city":"津市","town":"一志町田尻"}],"2517":[{"pref":"三重県","city":"津市","town":"一志町みのりケ丘"}],"2521":[{"pref":"三重県","city":"津市","town":"一志町井関"}],"2522":[{"pref":"三重県","city":"津市","town":"一志町波瀬"}],"2523":[{"pref":"三重県","city":"津市","town":"一志町井生"}],"2524":[{"pref":"三重県","city":"津市","town":"一志町大仰"}],"2525":[{"pref":"三重県","city":"津市","town":"一志町石橋"}],"2526":[{"pref":"三重県","city":"津市","town":"一志町其倉"}],"2601":[{"pref":"三重県","city":"津市","town":"白山町三ケ野"}],"2602":[{"pref":"三重県","city":"津市","town":"白山町二本木"}],"2603":[{"pref":"三重県","city":"津市","town":"白山町川口"}],"2604":[{"pref":"三重県","city":"津市","town":"白山町岡"}],"2605":[{"pref":"三重県","city":"津市","town":"白山台"}],"2611":[{"pref":"三重県","city":"津市","town":"白山町南出"}],"2612":[{"pref":"三重県","city":"津市","town":"白山町古市"}],"2613":[{"pref":"三重県","city":"津市","town":"白山町山田野"}],"2614":[{"pref":"三重県","city":"津市","town":"白山町伊勢見"}],"2615":[{"pref":"三重県","city":"津市","town":"白山町八対野"}],"2616":[{"pref":"三重県","city":"津市","town":"白山町稲垣"}],"2617":[{"pref":"三重県","city":"津市","town":"グリンタウン榊原"}],"2621":[{"pref":"三重県","city":"津市","town":"白山町佐田"}],"2622":[{"pref":"三重県","city":"津市","town":"白山町中ノ村"}],"2623":[{"pref":"三重県","city":"津市","town":"白山町上ノ村"}],"2624":[{"pref":"三重県","city":"津市","town":"白山町垣内"}],"3131":[{"pref":"三重県","city":"津市","town":"白山町藤"}],"3132":[{"pref":"三重県","city":"津市","town":"白山町北家城"}],"3133":[{"pref":"三重県","city":"津市","town":"白山町南家城"}],"3134":[{"pref":"三重県","city":"津市","town":"白山町真見"}],"3135":[{"pref":"三重県","city":"津市","town":"白山町二俣"}],"3136":[{"pref":"三重県","city":"津市","town":"白山町福田山"}],"3137":[{"pref":"三重県","city":"津市","town":"白山町大原"}],"3138":[{"pref":"三重県","city":"津市","town":"白山町小杉"}],"3139":[{"pref":"三重県","city":"津市","town":"白山町城立"}],"3201":[{"pref":"三重県","city":"津市","town":"美杉町竹原"}],"3202":[{"pref":"三重県","city":"津市","town":"美杉町八手俣"}],"3203":[{"pref":"三重県","city":"津市","town":"美杉町下之川"}],"3311":[{"pref":"三重県","city":"津市","town":"美杉町下多気"}],"3312":[{"pref":"三重県","city":"津市","town":"美杉町上多気"}],"3313":[{"pref":"三重県","city":"津市","town":"美杉町丹生俣"}],"3421":[{"pref":"三重県","city":"津市","town":"美杉町八知"}],"3531":[{"pref":"三重県","city":"津市","town":"美杉町奥津"}],"3532":[{"pref":"三重県","city":"津市","town":"美杉町川上"}],"3533":[{"pref":"三重県","city":"津市","town":"美杉町石名原"}],"3534":[{"pref":"三重県","city":"津市","town":"美杉町杉平"}],"3535":[{"pref":"三重県","city":"津市","town":"美杉町三多気"}],"3536":[{"pref":"三重県","city":"津市","town":"美杉町太郎生"}],"0501":[{"pref":"三重県","city":"伊勢市","town":"有滝町"}],"0504":[{"pref":"三重県","city":"伊勢市","town":"磯町"}],"0506":[{"pref":"三重県","city":"伊勢市","town":"植山町"}],"0508":[{"pref":"三重県","city":"伊勢市","town":"柏町"}],"0503":[{"pref":"三重県","city":"伊勢市","town":"樫原町"}],"0505":[{"pref":"三重県","city":"伊勢市","town":"西豊浜町"}],"0511":[{"pref":"三重県","city":"伊勢市","town":"野村町"}],"0509":[{"pref":"三重県","city":"伊勢市","town":"東大淀町"}],"0502":[{"pref":"三重県","city":"伊勢市","town":"東豊浜町"}],"0521":[{"pref":"三重県","city":"伊勢市","town":"御薗町上條（三軒屋）"}],"0507":[{"pref":"三重県","city":"伊勢市","town":"村松町"}],"0000":[{"pref":"三重県","city":"松阪市","town":"以下に掲載がない場合"}],"0823":[{"pref":"三重県","city":"松阪市","town":"阿形町"}],"0027":[{"pref":"三重県","city":"松阪市","town":"朝田町"}],"0004":[{"pref":"三重県","city":"松阪市","town":"朝日町"}],"0003":[{"pref":"三重県","city":"松阪市","town":"朝日町一区"}],"0037":[{"pref":"三重県","city":"松阪市","town":"愛宕町"}],"0007":[{"pref":"三重県","city":"松阪市","town":"荒木町"}],"0207":[{"pref":"三重県","city":"松阪市","town":"安楽町"}],"0126":[{"pref":"三重県","city":"松阪市","town":"井口中町"}],"0006":[{"pref":"三重県","city":"松阪市","town":"石津町"}],"0086":[{"pref":"三重県","city":"松阪市","town":"五十鈴町"}],"0113":[{"pref":"三重県","city":"松阪市","town":"出間町"}],"0066":[{"pref":"三重県","city":"松阪市","town":"泉町"}],"0845":[{"pref":"三重県","city":"松阪市","town":"伊勢寺町"}],"0213":[{"pref":"三重県","city":"松阪市","town":"伊勢場町"}],"0212":[{"pref":"三重県","city":"松阪市","town":"稲木町"}],"0817":[{"pref":"三重県","city":"松阪市","town":"井村町"}],"0041":[{"pref":"三重県","city":"松阪市","town":"上川町"}],"0082":[{"pref":"三重県","city":"松阪市","town":"魚町"}],"0128":[{"pref":"三重県","city":"松阪市","town":"魚見町"}],"0116":[{"pref":"三重県","city":"松阪市","town":"牛草町"}],"0072":[{"pref":"三重県","city":"松阪市","town":"内五曲町"}],"0114":[{"pref":"三重県","city":"松阪市","town":"大垣内町"}],"0001":[{"pref":"三重県","city":"松阪市","town":"大口町"}],"0063":[{"pref":"三重県","city":"松阪市","town":"大黒田町"}],"0813":[{"pref":"三重県","city":"松阪市","town":"大塚町"}],"0031":[{"pref":"三重県","city":"松阪市","town":"大津町"}],"0804":[{"pref":"三重県","city":"松阪市","town":"大平尾町"}],"0024":[{"pref":"三重県","city":"松阪市","town":"大宮田町"}],"0831":[{"pref":"三重県","city":"松阪市","town":"岡本町"}],"0834":[{"pref":"三重県","city":"松阪市","town":"岡山町"}],"0076":[{"pref":"三重県","city":"松阪市","town":"白粉町"}],"0117":[{"pref":"三重県","city":"松阪市","town":"乙部町"}],"0822":[{"pref":"三重県","city":"松阪市","town":"大足町"}],"0118":[{"pref":"三重県","city":"松阪市","town":"垣内田町"}],"0033":[{"pref":"三重県","city":"松阪市","town":"垣鼻町"}],"0111":[{"pref":"三重県","city":"松阪市","town":"柿木原町"}],"0078":[{"pref":"三重県","city":"松阪市","town":"春日町"}],"0005":[{"pref":"三重県","city":"松阪市","town":"鎌田町"}],"0201":[{"pref":"三重県","city":"松阪市","town":"上七見町"}],"0818":[{"pref":"三重県","city":"松阪市","town":"川井町"}],"0122":[{"pref":"三重県","city":"松阪市","town":"川島町"}],"0119":[{"pref":"三重県","city":"松阪市","town":"神守町"}],"0088":[{"pref":"三重県","city":"松阪市","town":"木の郷町"}],"0017":[{"pref":"三重県","city":"松阪市","town":"京町"}],"0018":[{"pref":"三重県","city":"松阪市","town":"京町一区"}],"0204":[{"pref":"三重県","city":"松阪市","town":"櫛田町"}],"0814":[{"pref":"三重県","city":"松阪市","town":"久保田町"}],"0044":[{"pref":"三重県","city":"松阪市","town":"久保町"}],"0061":[{"pref":"三重県","city":"松阪市","town":"黒田町"}],"0021":[{"pref":"三重県","city":"松阪市","town":"古井町"}],"0013":[{"pref":"三重県","city":"松阪市","town":"幸生町"}],"0053":[{"pref":"三重県","city":"松阪市","town":"広陽町"}],"0062":[{"pref":"三重県","city":"松阪市","town":"小黒田町"}],"0002":[{"pref":"三重県","city":"松阪市","town":"郷津町"}],"0064":[{"pref":"三重県","city":"松阪市","town":"五反田町"}],"0057":[{"pref":"三重県","city":"松阪市","town":"御殿山町"}],"0028":[{"pref":"三重県","city":"松阪市","town":"佐久米町"}],"0071":[{"pref":"三重県","city":"松阪市","town":"桜町"}],"0065":[{"pref":"三重県","city":"松阪市","town":"五月町"}],"0203":[{"pref":"三重県","city":"松阪市","town":"清水町"}],"0023":[{"pref":"三重県","city":"松阪市","town":"下七見町"}],"0043":[{"pref":"三重県","city":"松阪市","town":"下村町"}],"0123":[{"pref":"三重県","city":"松阪市","town":"新開町"}],"0074":[{"pref":"三重県","city":"松阪市","town":"新座町"}],"0075":[{"pref":"三重県","city":"松阪市","town":"新町"}],"0801":[{"pref":"三重県","city":"松阪市","town":"新松ケ島町"}],"0022":[{"pref":"三重県","city":"松阪市","town":"新屋敷町"}],"0016":[{"pref":"三重県","city":"松阪市","town":"末広町"}],"0202":[{"pref":"三重県","city":"松阪市","town":"菅生町"}],"0039":[{"pref":"三重県","city":"松阪市","town":"清生町"}],"0821":[{"pref":"三重県","city":"松阪市","town":"外五曲町"}],"0842":[{"pref":"三重県","city":"松阪市","town":"田牧町"}],"0211":[{"pref":"三重県","city":"松阪市","town":"高木町"}],"0104":[{"pref":"三重県","city":"松阪市","town":"高須町"}],"0011":[{"pref":"三重県","city":"松阪市","town":"高町"}],"0056":[{"pref":"三重県","city":"松阪市","town":"宝塚町"}],"0054":[{"pref":"三重県","city":"松阪市","town":"立野町"}],"0026":[{"pref":"三重県","city":"松阪市","town":"立田町"}],"0055":[{"pref":"三重県","city":"松阪市","town":"田村町"}],"0032":[{"pref":"三重県","city":"松阪市","town":"田原町"}],"0077":[{"pref":"三重県","city":"松阪市","town":"茶与町"}],"0019":[{"pref":"三重県","city":"松阪市","town":"中央町"}],"0035":[{"pref":"三重県","city":"松阪市","town":"長月町"}],"0811":[{"pref":"三重県","city":"松阪市","town":"塚本町"}],"0112":[{"pref":"三重県","city":"松阪市","town":"土古路町"}],"0073":[{"pref":"三重県","city":"松阪市","town":"殿町"}],"0843":[{"pref":"三重県","city":"松阪市","town":"殿村町"}],"0205":[{"pref":"三重県","city":"松阪市","town":"豊原町"}],"0083":[{"pref":"三重県","city":"松阪市","town":"中町"}],"0103":[{"pref":"三重県","city":"松阪市","town":"西黒部町"}],"0816":[{"pref":"三重県","city":"松阪市","town":"西之庄町"}],"0833":[{"pref":"三重県","city":"松阪市","town":"西野町"}],"0029":[{"pref":"三重県","city":"松阪市","town":"西野々町"}],"0815":[{"pref":"三重県","city":"松阪市","town":"西町"}],"0042":[{"pref":"三重県","city":"松阪市","town":"虹が丘町"}],"0832":[{"pref":"三重県","city":"松阪市","town":"丹生寺町"}],"0848":[{"pref":"三重県","city":"松阪市","town":"野村町"}],"0217":[{"pref":"三重県","city":"松阪市","town":"早馬瀬町"}],"0125":[{"pref":"三重県","city":"松阪市","town":"腹太町"}],"0835":[{"pref":"三重県","city":"松阪市","town":"日丘町"}],"0051":[{"pref":"三重県","city":"松阪市","town":"光町"}],"0121":[{"pref":"三重県","city":"松阪市","town":"東久保町"}],"0101":[{"pref":"三重県","city":"松阪市","town":"東黒部町"}],"0012":[{"pref":"三重県","city":"松阪市","town":"東町"}],"0038":[{"pref":"三重県","city":"松阪市","town":"挽木町"}],"0084":[{"pref":"三重県","city":"松阪市","town":"日野町"}],"0036":[{"pref":"三重県","city":"松阪市","town":"平生町"}],"0846":[{"pref":"三重県","city":"松阪市","town":"深長町"}],"0825":[{"pref":"三重県","city":"松阪市","town":"藤之木町"}],"0812":[{"pref":"三重県","city":"松阪市","town":"船江町"}],"0824":[{"pref":"三重県","city":"松阪市","town":"平成町"}],"0214":[{"pref":"三重県","city":"松阪市","town":"法田町"}],"0124":[{"pref":"三重県","city":"松阪市","town":"保津町"}],"0081":[{"pref":"三重県","city":"松阪市","town":"本町"}],"0045":[{"pref":"三重県","city":"松阪市","town":"駅部田町"}],"0841":[{"pref":"三重県","city":"松阪市","town":"曲町"}],"0803":[{"pref":"三重県","city":"松阪市","town":"町平尾町"}],"0102":[{"pref":"三重県","city":"松阪市","town":"松名瀬町"}],"0085":[{"pref":"三重県","city":"松阪市","town":"湊町"}],"0046":[{"pref":"三重県","city":"松阪市","town":"南虹が丘町"}],"0034":[{"pref":"三重県","city":"松阪市","town":"南町"}],"0015":[{"pref":"三重県","city":"松阪市","town":"宮町"}],"0216":[{"pref":"三重県","city":"松阪市","town":"目田町"}],"0087":[{"pref":"三重県","city":"松阪市","town":"萌木町"}],"0844":[{"pref":"三重県","city":"松阪市","town":"八重田町"}],"0206":[{"pref":"三重県","city":"松阪市","town":"山下町"}],"0208":[{"pref":"三重県","city":"松阪市","town":"山添町"}],"0052":[{"pref":"三重県","city":"松阪市","town":"山室町"}],"0847":[{"pref":"三重県","city":"松阪市","town":"岩内町"}],"0215":[{"pref":"三重県","city":"松阪市","town":"横地町"}],"0802":[{"pref":"三重県","city":"松阪市","town":"猟師町"}],"0115":[{"pref":"三重県","city":"松阪市","town":"蓮花寺町"}],"0127":[{"pref":"三重県","city":"松阪市","town":"六根町"}],"0014":[{"pref":"三重県","city":"松阪市","town":"若葉町"}],"0025":[{"pref":"三重県","city":"松阪市","town":"和屋町"}],"0300":[{"pref":"三重県","city":"多気郡明和町","town":"以下に掲載がない場合"}],"0317":[{"pref":"三重県","city":"多気郡明和町","town":"池村"}],"0312":[{"pref":"三重県","city":"多気郡明和町","town":"上野"}],"0322":[{"pref":"三重県","city":"多気郡明和町","town":"上村"}],"0316":[{"pref":"三重県","city":"多気郡明和町","town":"有爾中"}],"0332":[{"pref":"三重県","city":"多気郡明和町","town":"馬之上"}],"0301":[{"pref":"三重県","city":"多気郡明和町","town":"大堀川新田"}],"0302":[{"pref":"三重県","city":"多気郡明和町","town":"大淀"}],"0349":[{"pref":"三重県","city":"多気郡明和町","town":"川尻"}],"0341":[{"pref":"三重県","city":"多気郡明和町","town":"北藤原"}],"0324":[{"pref":"三重県","city":"多気郡明和町","town":"金剛坂"}],"0321":[{"pref":"三重県","city":"多気郡明和町","town":"斎宮"}],"0333":[{"pref":"三重県","city":"多気郡明和町","town":"坂本"}],"0331":[{"pref":"三重県","city":"多気郡明和町","town":"佐田"}],"0347":[{"pref":"三重県","city":"多気郡明和町","town":"志貴"}],"0314":[{"pref":"三重県","city":"多気郡明和町","town":"新茶屋"}],"0325":[{"pref":"三重県","city":"多気郡明和町","town":"竹川"}],"0345":[{"pref":"三重県","city":"多気郡明和町","town":"田屋"}],"0343":[{"pref":"三重県","city":"多気郡明和町","town":"内座"}],"0348":[{"pref":"三重県","city":"多気郡明和町","town":"中村"}],"0334":[{"pref":"三重県","city":"多気郡明和町","town":"中海"}],"0353":[{"pref":"三重県","city":"多気郡明和町","town":"根倉"}],"0351":[{"pref":"三重県","city":"多気郡明和町","town":"浜田"}],"0311":[{"pref":"三重県","city":"多気郡明和町","town":"平尾"}],"0346":[{"pref":"三重県","city":"多気郡明和町","town":"前野"}],"0342":[{"pref":"三重県","city":"多気郡明和町","town":"南藤原"}],"0315":[{"pref":"三重県","city":"多気郡明和町","town":"蓑村"}],"0313":[{"pref":"三重県","city":"多気郡明和町","town":"明星"}],"0352":[{"pref":"三重県","city":"多気郡明和町","town":"八木戸"}],"0303":[{"pref":"三重県","city":"多気郡明和町","town":"山大淀"}],"0354":[{"pref":"三重県","city":"多気郡明和町","town":"行部"}],"0344":[{"pref":"三重県","city":"多気郡明和町","town":"養川"}],"0323":[{"pref":"三重県","city":"多気郡明和町","town":"岩内"}]}