{"1100":[{"pref":"北海道","city":"石狩郡新篠津村","town":"以下に掲載がない場合"}],"1101":[{"pref":"北海道","city":"石狩郡新篠津村","town":"萌出"}],"1102":[{"pref":"北海道","city":"石狩郡新篠津村","town":"いなほ"}],"1103":[{"pref":"北海道","city":"石狩郡新篠津村","town":"西の里"}],"1104":[{"pref":"北海道","city":"石狩郡新篠津村","town":"かつら"}],"1105":[{"pref":"北海道","city":"石狩郡新篠津村","town":"みのり"}],"1111":[{"pref":"北海道","city":"石狩郡新篠津村","town":"東明"}],"1112":[{"pref":"北海道","city":"石狩郡新篠津村","town":"あけぼの"}],"1113":[{"pref":"北海道","city":"石狩郡新篠津村","town":"ふらわ"}],"1114":[{"pref":"北海道","city":"石狩郡新篠津村","town":"南ケ丘"}],"1115":[{"pref":"北海道","city":"石狩郡新篠津村","town":"みずほ"}],"1116":[{"pref":"北海道","city":"石狩郡新篠津村","town":"上達布"}],"1121":[{"pref":"北海道","city":"石狩郡新篠津村","town":"新湧"}],"1122":[{"pref":"北海道","city":"石狩郡新篠津村","town":"北新"}],"1123":[{"pref":"北海道","city":"石狩郡新篠津村","town":"川上"}],"1124":[{"pref":"北海道","city":"石狩郡新篠津村","town":"高倉"}],"1125":[{"pref":"北海道","city":"石狩郡新篠津村","town":"上篠津"}],"1126":[{"pref":"北海道","city":"石狩郡新篠津村","town":"豊ケ丘"}],"1127":[{"pref":"北海道","city":"石狩郡新篠津村","town":"沼之端"}],"1131":[{"pref":"北海道","city":"石狩郡新篠津村","town":"基線"}],"1132":[{"pref":"北海道","city":"石狩郡新篠津村","town":"豊野"}],"1133":[{"pref":"北海道","city":"石狩郡新篠津村","town":"平安"}],"1134":[{"pref":"北海道","city":"石狩郡新篠津村","town":"宍粟"}],"1135":[{"pref":"北海道","city":"石狩郡新篠津村","town":"袋達布"}],"1136":[{"pref":"北海道","city":"石狩郡新篠津村","town":"下達布"}],"1137":[{"pref":"北海道","city":"石狩郡新篠津村","town":"中篠津"}],"1138":[{"pref":"北海道","city":"石狩郡新篠津村","town":"新西篠津"}],"1141":[{"pref":"北海道","city":"石狩郡新篠津村","town":"西篠津"}],"1142":[{"pref":"北海道","city":"石狩郡新篠津村","town":"新樺"}],"1143":[{"pref":"北海道","city":"石狩郡新篠津村","town":"武田"}],"1144":[{"pref":"北海道","city":"石狩郡新篠津村","town":"拓新"}],"1145":[{"pref":"北海道","city":"石狩郡新篠津村","town":"西高倉"}],"1146":[{"pref":"北海道","city":"石狩郡新篠津村","town":"新高倉"}],"1151":[{"pref":"北海道","city":"石狩郡新篠津村","town":"西原"}],"1152":[{"pref":"北海道","city":"石狩郡新篠津村","town":"川下"}],"1153":[{"pref":"北海道","city":"石狩郡新篠津村","town":"中原"}],"1161":[{"pref":"北海道","city":"岩見沢市","town":"北村北都（新中島）"}],"1201":[{"pref":"北海道","city":"岩見沢市","town":"北村豊正"}],"1202":[{"pref":"北海道","city":"岩見沢市","town":"北村中小屋"}],"1203":[{"pref":"北海道","city":"岩見沢市","town":"北村大願"}],"1204":[{"pref":"北海道","city":"岩見沢市","town":"北村栄町"}],"1205":[{"pref":"北海道","city":"岩見沢市","town":"北村豊里"}],"1211":[{"pref":"北海道","city":"岩見沢市","town":"北村北都（その他）"}],"1212":[{"pref":"北海道","city":"岩見沢市","town":"北村中央"}],"1213":[{"pref":"北海道","city":"岩見沢市","town":"北村赤川"}],"1214":[{"pref":"北海道","city":"岩見沢市","town":"北村美唄達布"}],"1215":[{"pref":"北海道","city":"岩見沢市","town":"北村幌達布"}],"1231":[{"pref":"北海道","city":"樺戸郡月形町","town":"雁里"}],"2100":[{"pref":"北海道","city":"三笠市","town":"以下に掲載がない場合"}],"2101":[{"pref":"北海道","city":"三笠市","town":"桂沢"}],"2102":[{"pref":"北海道","city":"三笠市","town":"西桂沢"}],"2103":[{"pref":"北海道","city":"三笠市","town":"奔別新町"}],"2104":[{"pref":"北海道","city":"三笠市","town":"東清住町"}],"2105":[{"pref":"北海道","city":"三笠市","town":"清住町"}],"2106":[{"pref":"北海道","city":"三笠市","town":"美園町"}],"2107":[{"pref":"北海道","city":"三笠市","town":"若草町"}],"2108":[{"pref":"北海道","city":"三笠市","town":"柏町"}],"2111":[{"pref":"北海道","city":"三笠市","town":"幾春別錦町"}],"2112":[{"pref":"北海道","city":"三笠市","town":"幾春別川向町"}],"2113":[{"pref":"北海道","city":"三笠市","town":"幾春別山手町"}],"2114":[{"pref":"北海道","city":"三笠市","town":"幾春別栗丘町"}],"2115":[{"pref":"北海道","city":"三笠市","town":"幾春別滝見町"}],"2116":[{"pref":"北海道","city":"三笠市","town":"幾春別町"}],"2117":[{"pref":"北海道","city":"三笠市","town":"幾春別中島町"}],"2118":[{"pref":"北海道","city":"三笠市","town":"幾春別千住町"}],"2121":[{"pref":"北海道","city":"三笠市","town":"弥生桜木町"}],"2122":[{"pref":"北海道","city":"三笠市","town":"弥生並木町"}],"2123":[{"pref":"北海道","city":"三笠市","town":"弥生桃山町"}],"2124":[{"pref":"北海道","city":"三笠市","town":"弥生花園町"}],"2125":[{"pref":"北海道","city":"三笠市","town":"弥生橘町"}],"2126":[{"pref":"北海道","city":"三笠市","town":"弥生町"}],"2127":[{"pref":"北海道","city":"三笠市","town":"弥生柳町"}],"2128":[{"pref":"北海道","city":"三笠市","town":"弥生藤枝町"}],"2131":[{"pref":"北海道","city":"三笠市","town":"唐松春光町"}],"2132":[{"pref":"北海道","city":"三笠市","town":"唐松緑町"}],"2133":[{"pref":"北海道","city":"三笠市","town":"唐松常盤町"}],"2134":[{"pref":"北海道","city":"三笠市","town":"唐松千代田町"}],"2135":[{"pref":"北海道","city":"三笠市","town":"唐松町"}],"2136":[{"pref":"北海道","city":"三笠市","town":"唐松栄町"}],"2137":[{"pref":"北海道","city":"三笠市","town":"唐松青山町"}],"2141":[{"pref":"北海道","city":"三笠市","town":"本町"}],"2142":[{"pref":"北海道","city":"三笠市","town":"幌内住吉町"}],"2143":[{"pref":"北海道","city":"三笠市","town":"幌内北星町"}],"2144":[{"pref":"北海道","city":"三笠市","town":"幌内金谷町"}],"2145":[{"pref":"北海道","city":"三笠市","town":"幌内町"}],"2146":[{"pref":"北海道","city":"三笠市","town":"幌内春日町"}],"2147":[{"pref":"北海道","city":"三笠市","town":"幌内新栄町"}],"2148":[{"pref":"北海道","city":"三笠市","town":"幌内初音町"}],"2151":[{"pref":"北海道","city":"三笠市","town":"有明町"}],"2152":[{"pref":"北海道","city":"三笠市","town":"多賀町"}],"2153":[{"pref":"北海道","city":"三笠市","town":"幸町"}],"2154":[{"pref":"北海道","city":"三笠市","town":"高美町"}],"2155":[{"pref":"北海道","city":"三笠市","town":"榊町"}],"2156":[{"pref":"北海道","city":"三笠市","town":"宮本町"}],"2157":[{"pref":"北海道","city":"三笠市","town":"若松町"}],"2158":[{"pref":"北海道","city":"三笠市","town":"堤町"}],"2161":[{"pref":"北海道","city":"三笠市","town":"本郷町"}],"2162":[{"pref":"北海道","city":"三笠市","town":"川内"}],"2163":[{"pref":"北海道","city":"三笠市","town":"達布"}],"2164":[{"pref":"北海道","city":"三笠市","town":"いちきしり"}],"2165":[{"pref":"北海道","city":"三笠市","town":"岡山"}],"2166":[{"pref":"北海道","city":"三笠市","town":"萱野"}],"2167":[{"pref":"北海道","city":"三笠市","town":"大里"}],"2168":[{"pref":"北海道","city":"三笠市","town":"美和"}],"2181":[{"pref":"北海道","city":"美唄市","town":"光珠内町南（２７９４－１２番地）"}],"3151":[{"pref":"北海道","city":"岩見沢市","town":"栗沢町万字大平"}],"3152":[{"pref":"北海道","city":"岩見沢市","town":"栗沢町万字幸町"}],"3153":[{"pref":"北海道","city":"岩見沢市","town":"栗沢町万字仲町"}],"3154":[{"pref":"北海道","city":"岩見沢市","town":"栗沢町万字曙町"}],"3155":[{"pref":"北海道","city":"岩見沢市","town":"栗沢町万字寿町"}],"3156":[{"pref":"北海道","city":"岩見沢市","town":"栗沢町万字英町"}],"3157":[{"pref":"北海道","city":"岩見沢市","town":"栗沢町万字睦町"}],"3158":[{"pref":"北海道","city":"岩見沢市","town":"栗沢町万字巴町"}],"3159":[{"pref":"北海道","city":"岩見沢市","town":"栗沢町万字二見町"}],"3161":[{"pref":"北海道","city":"岩見沢市","town":"栗沢町宮村（２４８、３３９、７２６、７８０、８００、８０６番地）"}],"3162":[{"pref":"北海道","city":"岩見沢市","town":"栗沢町万字旭町"}],"3163":[{"pref":"北海道","city":"岩見沢市","town":"栗沢町万字西原町"}],"3164":[{"pref":"北海道","city":"岩見沢市","town":"栗沢町万字錦町"}],"3165":[{"pref":"北海道","city":"岩見沢市","town":"栗沢町西万字"}],"3171":[{"pref":"北海道","city":"岩見沢市","town":"栗沢町美流渡本町"}],"3172":[{"pref":"北海道","city":"岩見沢市","town":"栗沢町美流渡栄町"}],"3173":[{"pref":"北海道","city":"岩見沢市","town":"栗沢町美流渡若葉町"}],"3174":[{"pref":"北海道","city":"岩見沢市","town":"栗沢町美流渡吉野町"}],"3175":[{"pref":"北海道","city":"岩見沢市","town":"栗沢町美流渡西町"}],"3176":[{"pref":"北海道","city":"岩見沢市","town":"栗沢町美流渡東栄町"}],"3177":[{"pref":"北海道","city":"岩見沢市","town":"栗沢町美流渡末広町"}],"3178":[{"pref":"北海道","city":"岩見沢市","town":"栗沢町美流渡錦町"}],"3179":[{"pref":"北海道","city":"岩見沢市","town":"栗沢町美流渡桜町"}],"3180":[{"pref":"北海道","city":"岩見沢市","town":"栗沢町美流渡東町"}],"3181":[{"pref":"北海道","city":"岩見沢市","town":"栗沢町美流渡南町"}],"3182":[{"pref":"北海道","city":"岩見沢市","town":"栗沢町美流渡緑町"}],"3183":[{"pref":"北海道","city":"岩見沢市","town":"栗沢町美流渡楓町"}],"3185":[{"pref":"北海道","city":"岩見沢市","town":"朝日町"}],"3186":[{"pref":"北海道","city":"岩見沢市","town":"清水町"}],"3187":[{"pref":"北海道","city":"岩見沢市","town":"奈良町"}],"3188":[{"pref":"北海道","city":"岩見沢市","town":"毛陽町"}],"0400":[{"pref":"北海道","city":"夕張市","town":"以下に掲載がない場合"}],"0405":[{"pref":"北海道","city":"夕張市","town":"旭町"}],"0754":[{"pref":"北海道","city":"夕張市","town":"楓"}],"0662":[{"pref":"北海道","city":"夕張市","town":"鹿島明石町"}],"0673":[{"pref":"北海道","city":"夕張市","town":"鹿島栄町"}],"0661":[{"pref":"北海道","city":"夕張市","town":"鹿島白金"}],"0665":[{"pref":"北海道","city":"夕張市","town":"鹿島宝町"}],"0663":[{"pref":"北海道","city":"夕張市","town":"鹿島千年町"}],"0664":[{"pref":"北海道","city":"夕張市","town":"鹿島錦町"}],"0672":[{"pref":"北海道","city":"夕張市","town":"鹿島富士見町"}],"0675":[{"pref":"北海道","city":"夕張市","town":"鹿島北栄町"}],"0671":[{"pref":"北海道","city":"夕張市","town":"鹿島緑町"}],"0674":[{"pref":"北海道","city":"夕張市","town":"鹿島代々木町"}],"0413":[{"pref":"北海道","city":"夕張市","town":"鹿の谷"}],"0412":[{"pref":"北海道","city":"夕張市","town":"鹿の谷東丘町"}],"0414":[{"pref":"北海道","city":"夕張市","town":"鹿の谷山手町"}],"0531":[{"pref":"北海道","city":"夕張市","town":"清水沢"}],"0532":[{"pref":"北海道","city":"夕張市","town":"清水沢清栄町"}],"0533":[{"pref":"北海道","city":"夕張市","town":"清水沢清湖町"}],"0535":[{"pref":"北海道","city":"夕張市","town":"清水沢清陵町"}],"0534":[{"pref":"北海道","city":"夕張市","town":"清水沢宮前町"}],"0402":[{"pref":"北海道","city":"夕張市","town":"社光"}],"0404":[{"pref":"北海道","city":"夕張市","town":"昭和"}],"0411":[{"pref":"北海道","city":"夕張市","town":"末広"}],"0406":[{"pref":"北海道","city":"夕張市","town":"住初"}],"0401":[{"pref":"北海道","city":"夕張市","town":"高松"}],"0756":[{"pref":"北海道","city":"夕張市","town":"滝ノ上"}],"0424":[{"pref":"北海道","city":"夕張市","town":"千代田"}],"0409":[{"pref":"北海道","city":"夕張市","town":"丁未"}],"0421":[{"pref":"北海道","city":"夕張市","town":"常盤"}],"0408":[{"pref":"北海道","city":"夕張市","town":"富岡"}],"0426":[{"pref":"北海道","city":"夕張市","town":"富野"}],"0546":[{"pref":"北海道","city":"夕張市","town":"南部青葉町"},{"pref":"北海道","city":"夕張市","town":"南部菊水町"}],"0545":[{"pref":"北海道","city":"夕張市","town":"南部東町"}],"0541":[{"pref":"北海道","city":"夕張市","town":"南部遠幌町"}],"0544":[{"pref":"北海道","city":"夕張市","town":"南部大宮町"}],"0548":[{"pref":"北海道","city":"夕張市","town":"南部幌南町"}],"0547":[{"pref":"北海道","city":"夕張市","town":"南部新光町"}],"0540":[{"pref":"北海道","city":"夕張市","town":"南部住の江町"}],"0549":[{"pref":"北海道","city":"夕張市","town":"南部岳見町"}],"0542":[{"pref":"北海道","city":"夕張市","town":"南部夕南町"}],"0543":[{"pref":"北海道","city":"夕張市","town":"南部若美町"}],"0751":[{"pref":"北海道","city":"夕張市","town":"沼ノ沢"}],"0753":[{"pref":"北海道","city":"夕張市","town":"登川"}],"0422":[{"pref":"北海道","city":"夕張市","town":"日吉"}],"0407":[{"pref":"北海道","city":"夕張市","town":"福住"}],"0423":[{"pref":"北海道","city":"夕張市","town":"平和"}],"0403":[{"pref":"北海道","city":"夕張市","town":"本町"}],"0752":[{"pref":"北海道","city":"夕張市","town":"真谷地"}],"0536":[{"pref":"北海道","city":"夕張市","town":"南清水沢"}],"0755":[{"pref":"北海道","city":"夕張市","town":"紅葉山"}],"0425":[{"pref":"北海道","city":"夕張市","town":"若菜"}],"0000":[{"pref":"北海道","city":"岩見沢市","town":"以下に掲載がない場合"}],"0035":[{"pref":"北海道","city":"岩見沢市","town":"有明町中央"}],"0034":[{"pref":"北海道","city":"岩見沢市","town":"有明町南"}],"0829":[{"pref":"北海道","city":"岩見沢市","town":"かえで町"}],"0827":[{"pref":"北海道","city":"岩見沢市","town":"春日町"}],"0847":[{"pref":"北海道","city":"岩見沢市","town":"金子町"}],"0836":[{"pref":"北海道","city":"岩見沢市","town":"上志文町"}],"0057":[{"pref":"北海道","city":"岩見沢市","town":"北本町東"}],"0053":[{"pref":"北海道","city":"岩見沢市","town":"北本町西"}],"0041":[{"pref":"北海道","city":"岩見沢市","town":"北一条西"}],"0042":[{"pref":"北海道","city":"岩見沢市","town":"北二条西"}],"0043":[{"pref":"北海道","city":"岩見沢市","town":"北三条西"}],"0044":[{"pref":"北海道","city":"岩見沢市","town":"北四条西"}],"0045":[{"pref":"北海道","city":"岩見沢市","town":"北五条西"}],"0061":[{"pref":"北海道","city":"岩見沢市","town":"北六条西"}],"0106":[{"pref":"北海道","city":"岩見沢市","town":"栗沢町越前"}],"0112":[{"pref":"北海道","city":"岩見沢市","town":"栗沢町上幌"}],"0133":[{"pref":"北海道","city":"岩見沢市","town":"栗沢町加茂川"}],"0122":[{"pref":"北海道","city":"岩見沢市","town":"栗沢町北幸穂"}],"0121":[{"pref":"北海道","city":"岩見沢市","town":"栗沢町北本町"}],"0135":[{"pref":"北海道","city":"岩見沢市","town":"栗沢町岐阜"}],"0134":[{"pref":"北海道","city":"岩見沢市","town":"栗沢町栗丘"}],"0102":[{"pref":"北海道","city":"岩見沢市","town":"栗沢町栗部"}],"0104":[{"pref":"北海道","city":"岩見沢市","town":"栗沢町耕成"}],"0131":[{"pref":"北海道","city":"岩見沢市","town":"栗沢町小西"}],"0124":[{"pref":"北海道","city":"岩見沢市","town":"栗沢町幸穂町"}],"0105":[{"pref":"北海道","city":"岩見沢市","town":"栗沢町自協"}],"0103":[{"pref":"北海道","city":"岩見沢市","town":"栗沢町砺波"}],"0126":[{"pref":"北海道","city":"岩見沢市","town":"栗沢町西本町"}],"0123":[{"pref":"北海道","city":"岩見沢市","town":"栗沢町東本町"}],"0136":[{"pref":"北海道","city":"岩見沢市","town":"栗沢町必成"}],"0101":[{"pref":"北海道","city":"岩見沢市","town":"栗沢町北斗"}],"0127":[{"pref":"北海道","city":"岩見沢市","town":"栗沢町本町"}],"0132":[{"pref":"北海道","city":"岩見沢市","town":"栗沢町南幸穂"}],"0125":[{"pref":"北海道","city":"岩見沢市","town":"栗沢町南本町"}],"0113":[{"pref":"北海道","city":"岩見沢市","town":"栗沢町宮村（その他）"}],"0115":[{"pref":"北海道","city":"岩見沢市","town":"栗沢町最上"}],"0114":[{"pref":"北海道","city":"岩見沢市","town":"栗沢町茂世丑"}],"0111":[{"pref":"北海道","city":"岩見沢市","town":"栗沢町由良"}],"0834":[{"pref":"北海道","city":"岩見沢市","town":"駒園"}],"0821":[{"pref":"北海道","city":"岩見沢市","town":"栄町"}],"0058":[{"pref":"北海道","city":"岩見沢市","town":"桜木一条"}],"0833":[{"pref":"北海道","city":"岩見沢市","town":"志文町"}],"0841":[{"pref":"北海道","city":"岩見沢市","town":"志文本町一条"}],"0842":[{"pref":"北海道","city":"岩見沢市","town":"志文本町二条"}],"0843":[{"pref":"北海道","city":"岩見沢市","town":"志文本町三条"}],"0844":[{"pref":"北海道","city":"岩見沢市","town":"志文本町四条"}],"0845":[{"pref":"北海道","city":"岩見沢市","town":"志文本町五条"}],"0846":[{"pref":"北海道","city":"岩見沢市","town":"下志文町"}],"0818":[{"pref":"北海道","city":"岩見沢市","town":"並木町"}],"0048":[{"pref":"北海道","city":"岩見沢市","town":"西川町"}],"0828":[{"pref":"北海道","city":"岩見沢市","town":"鳩が丘"}],"0015":[{"pref":"北海道","city":"岩見沢市","town":"東町"}],"0013":[{"pref":"北海道","city":"岩見沢市","town":"東町一条"}],"0014":[{"pref":"北海道","city":"岩見沢市","town":"東町二条"}],"0820":[{"pref":"北海道","city":"岩見沢市","town":"東山"}],"0826":[{"pref":"北海道","city":"岩見沢市","town":"東山町"}],"0823":[{"pref":"北海道","city":"岩見沢市","town":"日の出南"}],"0824":[{"pref":"北海道","city":"岩見沢市","town":"日の出北"}],"0822":[{"pref":"北海道","city":"岩見沢市","town":"日の出台"}],"0825":[{"pref":"北海道","city":"岩見沢市","town":"日の出町"}],"0831":[{"pref":"北海道","city":"岩見沢市","town":"ふじ町一条"}],"0832":[{"pref":"北海道","city":"岩見沢市","town":"ふじ町二条"}],"0837":[{"pref":"北海道","city":"岩見沢市","town":"宝水町"}],"0811":[{"pref":"北海道","city":"岩見沢市","town":"美園一条"}],"0812":[{"pref":"北海道","city":"岩見沢市","town":"美園二条"}],"0813":[{"pref":"北海道","city":"岩見沢市","town":"美園三条"}],"0814":[{"pref":"北海道","city":"岩見沢市","town":"美園四条"}],"0815":[{"pref":"北海道","city":"岩見沢市","town":"美園五条"}],"0816":[{"pref":"北海道","city":"岩見沢市","town":"美園六条"}],"0817":[{"pref":"北海道","city":"岩見沢市","town":"美園七条"}],"0835":[{"pref":"北海道","city":"岩見沢市","town":"緑が丘"}],"0046":[{"pref":"北海道","city":"岩見沢市","town":"緑町"}],"0810":[{"pref":"北海道","city":"岩見沢市","town":"南町"}],"0801":[{"pref":"北海道","city":"岩見沢市","town":"南町一条"}],"0802":[{"pref":"北海道","city":"岩見沢市","town":"南町二条"}],"0803":[{"pref":"北海道","city":"岩見沢市","town":"南町三条"}],"0804":[{"pref":"北海道","city":"岩見沢市","town":"南町四条"}],"0805":[{"pref":"北海道","city":"岩見沢市","town":"南町五条"}],"0806":[{"pref":"北海道","city":"岩見沢市","town":"南町六条"}],"0807":[{"pref":"北海道","city":"岩見沢市","town":"南町七条"}],"0808":[{"pref":"北海道","city":"岩見沢市","town":"南町八条"}],"0809":[{"pref":"北海道","city":"岩見沢市","town":"南町九条"}],"0016":[{"pref":"北海道","city":"岩見沢市","town":"稔町"}],"0054":[{"pref":"北海道","city":"岩見沢市","town":"元町一条東"}],"0051":[{"pref":"北海道","city":"岩見沢市","town":"元町一条西"}],"0055":[{"pref":"北海道","city":"岩見沢市","town":"元町二条東"}],"0052":[{"pref":"北海道","city":"岩見沢市","town":"元町二条西"}],"0056":[{"pref":"北海道","city":"岩見沢市","town":"元町三条東"}],"0851":[{"pref":"北海道","city":"岩見沢市","town":"大和一条"}],"0852":[{"pref":"北海道","city":"岩見沢市","town":"大和二条"}],"0853":[{"pref":"北海道","city":"岩見沢市","town":"大和三条"}],"0854":[{"pref":"北海道","city":"岩見沢市","town":"大和四条"}],"0855":[{"pref":"北海道","city":"岩見沢市","town":"大和町"}],"0830":[{"pref":"北海道","city":"岩見沢市","town":"若駒"}],"0047":[{"pref":"北海道","city":"岩見沢市","town":"若松町"}],"0001":[{"pref":"北海道","city":"岩見沢市","town":"一条東"}],"0021":[{"pref":"北海道","city":"岩見沢市","town":"一条西"}],"0002":[{"pref":"北海道","city":"岩見沢市","town":"二条東"}],"0022":[{"pref":"北海道","city":"岩見沢市","town":"二条西"}],"0003":[{"pref":"北海道","city":"岩見沢市","town":"三条東"}],"0023":[{"pref":"北海道","city":"岩見沢市","town":"三条西"}],"0004":[{"pref":"北海道","city":"岩見沢市","town":"四条東"}],"0024":[{"pref":"北海道","city":"岩見沢市","town":"四条西"}],"0005":[{"pref":"北海道","city":"岩見沢市","town":"五条東"}],"0025":[{"pref":"北海道","city":"岩見沢市","town":"五条西"}],"0006":[{"pref":"北海道","city":"岩見沢市","town":"六条東"}],"0026":[{"pref":"北海道","city":"岩見沢市","town":"六条西"}],"0007":[{"pref":"北海道","city":"岩見沢市","town":"七条東"}],"0027":[{"pref":"北海道","city":"岩見沢市","town":"七条西"}],"0008":[{"pref":"北海道","city":"岩見沢市","town":"八条東"}],"0028":[{"pref":"北海道","city":"岩見沢市","town":"八条西"}],"0009":[{"pref":"北海道","city":"岩見沢市","town":"九条東"}],"0029":[{"pref":"北海道","city":"岩見沢市","town":"九条西"}],"0010":[{"pref":"北海道","city":"岩見沢市","town":"十条東"}],"0030":[{"pref":"北海道","city":"岩見沢市","town":"十条西"}],"0011":[{"pref":"北海道","city":"岩見沢市","town":"十一条東"}],"0031":[{"pref":"北海道","city":"岩見沢市","town":"十一条西"}],"0012":[{"pref":"北海道","city":"岩見沢市","town":"十二条東"}],"0032":[{"pref":"北海道","city":"岩見沢市","town":"十二条西"}],"0033":[{"pref":"北海道","city":"岩見沢市","town":"十三条西"}],"0351":[{"pref":"北海道","city":"夕張郡栗山町","town":"阿野呂"}],"0352":[{"pref":"北海道","city":"夕張郡栗山町","town":"大井分"}],"0358":[{"pref":"北海道","city":"夕張郡栗山町","town":"桜山（２００、２６９番地）"}],"0361":[{"pref":"北海道","city":"夕張郡栗山町","town":"滝下"}],"0353":[{"pref":"北海道","city":"夕張郡栗山町","town":"継立"}],"0354":[{"pref":"北海道","city":"夕張郡栗山町","town":"日出"}],"0362":[{"pref":"北海道","city":"夕張郡栗山町","town":"円山"}],"0363":[{"pref":"北海道","city":"夕張郡栗山町","town":"円山東山"}],"0355":[{"pref":"北海道","city":"夕張郡栗山町","town":"御園"}],"0356":[{"pref":"北海道","city":"夕張郡栗山町","town":"南角田"}],"0357":[{"pref":"北海道","city":"夕張郡栗山町","town":"南学田"}]}