{"1100":[{"pref":"山口県","city":"熊毛郡平生町","town":"以下に掲載がない場合"}],"1101":[{"pref":"山口県","city":"熊毛郡平生町","town":"平生町"}],"1102":[{"pref":"山口県","city":"熊毛郡平生町","town":"平生村"}],"1103":[{"pref":"山口県","city":"熊毛郡平生町","town":"竪ケ浜"}],"1104":[{"pref":"山口県","city":"熊毛郡平生町","town":"宇佐木"}],"1105":[{"pref":"山口県","city":"熊毛郡平生町","town":"大野北"}],"1106":[{"pref":"山口県","city":"熊毛郡平生町","town":"大野南"}],"1107":[{"pref":"山口県","city":"熊毛郡平生町","town":"曽根"}],"1111":[{"pref":"山口県","city":"熊毛郡平生町","town":"佐賀"}],"1112":[{"pref":"山口県","city":"熊毛郡平生町","town":"小郡"}],"1113":[{"pref":"山口県","city":"熊毛郡平生町","town":"尾国"}],"1114":[{"pref":"山口県","city":"熊毛郡平生町","town":"佐合島"}],"1351":[{"pref":"山口県","city":"柳井市","town":"旭ケ丘"}],"1352":[{"pref":"山口県","city":"柳井市","town":"伊保庄"}],"1353":[{"pref":"山口県","city":"柳井市","town":"阿月"}],"1400":[{"pref":"山口県","city":"熊毛郡上関町","town":"以下に掲載がない場合"}],"1401":[{"pref":"山口県","city":"熊毛郡上関町","town":"祝島"}],"1402":[{"pref":"山口県","city":"熊毛郡上関町","town":"長島"}],"1403":[{"pref":"山口県","city":"熊毛郡上関町","town":"室津"}],"1404":[{"pref":"山口県","city":"熊毛郡上関町","town":"八島"}],"1500":[{"pref":"山口県","city":"熊毛郡田布施町","town":"以下に掲載がない場合"}],"1501":[{"pref":"山口県","city":"熊毛郡田布施町","town":"大波野"}],"1502":[{"pref":"山口県","city":"熊毛郡田布施町","town":"波野"}],"1503":[{"pref":"山口県","city":"熊毛郡田布施町","town":"宿井"}],"1504":[{"pref":"山口県","city":"熊毛郡田布施町","town":"川西"}],"1511":[{"pref":"山口県","city":"熊毛郡田布施町","town":"下田布施"}],"1512":[{"pref":"山口県","city":"熊毛郡田布施町","town":"麻郷奥"}],"1513":[{"pref":"山口県","city":"熊毛郡田布施町","town":"麻郷"},{"pref":"山口県","city":"熊毛郡田布施町","town":"麻郷団地"}],"1514":[{"pref":"山口県","city":"熊毛郡田布施町","town":"別府"}],"1515":[{"pref":"山口県","city":"熊毛郡田布施町","town":"上田布施"}],"1516":[{"pref":"山口県","city":"熊毛郡田布施町","town":"馬島"}],"1517":[{"pref":"山口県","city":"熊毛郡田布施町","town":"中央南"}],"2100":[{"pref":"山口県","city":"大島郡周防大島町","town":"以下に掲載がない場合"}],"2101":[{"pref":"山口県","city":"大島郡周防大島町","town":"西三蒲"}],"2102":[{"pref":"山口県","city":"大島郡周防大島町","town":"東三蒲"}],"2103":[{"pref":"山口県","city":"大島郡周防大島町","town":"西屋代"}],"2104":[{"pref":"山口県","city":"大島郡周防大島町","town":"志佐"}],"2105":[{"pref":"山口県","city":"大島郡周防大島町","town":"小松開作"}],"2106":[{"pref":"山口県","city":"大島郡周防大島町","town":"小松"}],"2107":[{"pref":"山口県","city":"大島郡周防大島町","town":"東屋代"}],"2108":[{"pref":"山口県","city":"大島郡周防大島町","town":"笠佐島"}],"2301":[{"pref":"山口県","city":"大島郡周防大島町","town":"久賀"}],"2302":[{"pref":"山口県","city":"大島郡周防大島町","town":"椋野"}],"2511":[{"pref":"山口県","city":"大島郡周防大島町","town":"片添"}],"2512":[{"pref":"山口県","city":"大島郡周防大島町","town":"平野"}],"2513":[{"pref":"山口県","city":"大島郡周防大島町","town":"森"}],"2514":[{"pref":"山口県","city":"大島郡周防大島町","town":"神浦"}],"2515":[{"pref":"山口県","city":"大島郡周防大島町","town":"内入"}],"2516":[{"pref":"山口県","city":"大島郡周防大島町","town":"和田"}],"2517":[{"pref":"山口県","city":"大島郡周防大島町","town":"小泊"}],"2518":[{"pref":"山口県","city":"大島郡周防大島町","town":"和佐"}],"2601":[{"pref":"山口県","city":"大島郡周防大島町","town":"伊保田"},{"pref":"山口県","city":"大島郡周防大島町","town":"伊保田（雨振）"},{"pref":"山口県","city":"大島郡周防大島町","town":"伊保田（小伊保田）"},{"pref":"山口県","city":"大島郡周防大島町","town":"伊保田（情島）"},{"pref":"山口県","city":"大島郡周防大島町","town":"伊保田（両源田）"}],"2602":[{"pref":"山口県","city":"大島郡周防大島町","town":"油宇"},{"pref":"山口県","city":"大島郡周防大島町","town":"油宇（馬ケ原）"},{"pref":"山口県","city":"大島郡周防大島町","town":"油宇（日向泊）"}],"2711":[{"pref":"山口県","city":"大島郡周防大島町","town":"家房"}],"2712":[{"pref":"山口県","city":"大島郡周防大島町","town":"出井"}],"2713":[{"pref":"山口県","city":"大島郡周防大島町","town":"津海木"}],"2714":[{"pref":"山口県","city":"大島郡周防大島町","town":"戸田"}],"2715":[{"pref":"山口県","city":"大島郡周防大島町","town":"横見"}],"2716":[{"pref":"山口県","city":"大島郡周防大島町","town":"日見"}],"2801":[{"pref":"山口県","city":"大島郡周防大島町","town":"浮島"}],"2802":[{"pref":"山口県","city":"大島郡周防大島町","town":"油良"}],"2803":[{"pref":"山口県","city":"大島郡周防大島町","town":"土居"}],"2804":[{"pref":"山口県","city":"大島郡周防大島町","town":"日前"}],"2805":[{"pref":"山口県","city":"大島郡周防大島町","town":"東安下庄"}],"2806":[{"pref":"山口県","city":"大島郡周防大島町","town":"西安下庄"}],"2807":[{"pref":"山口県","city":"大島郡周防大島町","town":"秋"}],"2921":[{"pref":"山口県","city":"大島郡周防大島町","town":"西方"},{"pref":"山口県","city":"大島郡周防大島町","town":"西方（大積）"},{"pref":"山口県","city":"大島郡周防大島町","town":"西方（小積）"},{"pref":"山口県","city":"大島郡周防大島町","town":"西方（下田）"},{"pref":"山口県","city":"大島郡周防大島町","town":"西方（長崎）"},{"pref":"山口県","city":"大島郡周防大島町","town":"西方（船越）"}],"2922":[{"pref":"山口県","city":"大島郡周防大島町","town":"沖家室島"}],"2923":[{"pref":"山口県","city":"大島郡周防大島町","town":"地家室"},{"pref":"山口県","city":"大島郡周防大島町","town":"地家室（佐連）"}],"2924":[{"pref":"山口県","city":"大島郡周防大島町","town":"外入"},{"pref":"山口県","city":"大島郡周防大島町","town":"外入（伊崎）"}],"0332":[{"pref":"山口県","city":"岩国市","town":"玖珂町（阿山）"}],"0338":[{"pref":"山口県","city":"岩国市","town":"玖珂町（有延）"}],"0321":[{"pref":"山口県","city":"岩国市","town":"玖珂町（市頭）"}],"0334":[{"pref":"山口県","city":"岩国市","town":"玖珂町（臼田）"}],"0322":[{"pref":"山口県","city":"岩国市","town":"玖珂町（上市）"}],"0324":[{"pref":"山口県","city":"岩国市","town":"玖珂町（駅通）"}],"0342":[{"pref":"山口県","city":"岩国市","town":"玖珂町（大田）"}],"0312":[{"pref":"山口県","city":"岩国市","town":"玖珂町（上谷）"}],"0311":[{"pref":"山口県","city":"岩国市","town":"玖珂町（欽明路）"}],"0337":[{"pref":"山口県","city":"岩国市","town":"玖珂町（久門給）"}],"0331":[{"pref":"山口県","city":"岩国市","town":"玖珂町（鞍掛）"}],"0313":[{"pref":"山口県","city":"岩国市","town":"玖珂町（下谷）"}],"0336":[{"pref":"山口県","city":"岩国市","town":"玖珂町（新市）"}],"0335":[{"pref":"山口県","city":"岩国市","town":"玖珂町（新町）"}],"0315":[{"pref":"山口県","city":"岩国市","town":"玖珂町（瀬田）"}],"0333":[{"pref":"山口県","city":"岩国市","town":"玖珂町（千束）"}],"0326":[{"pref":"山口県","city":"岩国市","town":"玖珂町（同道）"}],"0314":[{"pref":"山口県","city":"岩国市","town":"玖珂町（野口）"}],"0343":[{"pref":"山口県","city":"岩国市","town":"玖珂町（野地）"}],"0344":[{"pref":"山口県","city":"岩国市","town":"玖珂町（番地のみ）"}],"0325":[{"pref":"山口県","city":"岩国市","town":"玖珂町（本町）"}],"0323":[{"pref":"山口県","city":"岩国市","town":"玖珂町（谷津）"}],"0341":[{"pref":"山口県","city":"岩国市","town":"玖珂町（柳井田）"}],"0411":[{"pref":"山口県","city":"岩国市","town":"周東町明見谷"}],"0422":[{"pref":"山口県","city":"岩国市","town":"周東町獺越"}],"0413":[{"pref":"山口県","city":"岩国市","town":"周東町上久原"}],"0426":[{"pref":"山口県","city":"岩国市","town":"周東町上須通"}],"0412":[{"pref":"山口県","city":"岩国市","town":"周東町川上"}],"0424":[{"pref":"山口県","city":"岩国市","town":"周東町差川"}],"0421":[{"pref":"山口県","city":"岩国市","town":"周東町三瀬川"}],"0417":[{"pref":"山口県","city":"岩国市","town":"周東町下久原"}],"0423":[{"pref":"山口県","city":"岩国市","town":"周東町下須通"}],"0301":[{"pref":"山口県","city":"岩国市","town":"周東町祖生"}],"0414":[{"pref":"山口県","city":"岩国市","town":"周東町田尻"}],"0415":[{"pref":"山口県","city":"岩国市","town":"周東町中山"}],"0425":[{"pref":"山口県","city":"岩国市","town":"周東町西長野"}],"0427":[{"pref":"山口県","city":"岩国市","town":"周東町樋余地"}],"0416":[{"pref":"山口県","city":"岩国市","town":"周東町用田"}],"0000":[{"pref":"山口県","city":"柳井市","town":"以下に掲載がない場合"}],"0201":[{"pref":"山口県","city":"柳井市","town":"伊陸"}],"0036":[{"pref":"山口県","city":"柳井市","town":"駅南"}],"0003":[{"pref":"山口県","city":"柳井市","town":"片野西"}],"0012":[{"pref":"山口県","city":"柳井市","town":"北浜"}],"0032":[{"pref":"山口県","city":"柳井市","town":"古開作"}],"0009":[{"pref":"山口県","city":"柳井市","town":"新市"}],"0011":[{"pref":"山口県","city":"柳井市","town":"新市沖"}],"0008":[{"pref":"山口県","city":"柳井市","town":"新市北"}],"0010":[{"pref":"山口県","city":"柳井市","town":"新市南"}],"0033":[{"pref":"山口県","city":"柳井市","town":"新庄"}],"0006":[{"pref":"山口県","city":"柳井市","town":"新天地"}],"0035":[{"pref":"山口県","city":"柳井市","town":"中央"}],"0005":[{"pref":"山口県","city":"柳井市","town":"天神"}],"0004":[{"pref":"山口県","city":"柳井市","town":"土手町"}],"0024":[{"pref":"山口県","city":"柳井市","town":"ニュータウン南町"}],"0007":[{"pref":"山口県","city":"柳井市","town":"東土手"}],"0111":[{"pref":"山口県","city":"柳井市","town":"日積"}],"0001":[{"pref":"山口県","city":"柳井市","town":"姫田"}],"0041":[{"pref":"山口県","city":"柳井市","town":"平郡"}],"0023":[{"pref":"山口県","city":"柳井市","town":"南浜"}],"0031":[{"pref":"山口県","city":"柳井市","town":"南町"}],"0021":[{"pref":"山口県","city":"柳井市","town":"柳井"}],"0022":[{"pref":"山口県","city":"柳井市","town":"柳井津"}],"0002":[{"pref":"山口県","city":"柳井市","town":"山根"}],"0034":[{"pref":"山口県","city":"柳井市","town":"余田"}]}