{"0000":[{"pref":"東京都","city":"府中市","town":"以下に掲載がない場合"}],"0003":[{"pref":"東京都","city":"府中市","town":"朝日町"}],"0012":[{"pref":"東京都","city":"府中市","town":"押立町"}],"0021":[{"pref":"東京都","city":"府中市","town":"片町"}],"0041":[{"pref":"東京都","city":"府中市","town":"北山町"}],"0056":[{"pref":"東京都","city":"府中市","town":"寿町"}],"0013":[{"pref":"東京都","city":"府中市","town":"小柳町"}],"0014":[{"pref":"東京都","city":"府中市","town":"是政"}],"0054":[{"pref":"東京都","city":"府中市","town":"幸町"}],"0051":[{"pref":"東京都","city":"府中市","town":"栄町"}],"0015":[{"pref":"東京都","city":"府中市","town":"清水が丘"}],"0011":[{"pref":"東京都","city":"府中市","town":"白糸台"}],"0052":[{"pref":"東京都","city":"府中市","town":"新町"}],"0034":[{"pref":"東京都","city":"府中市","town":"住吉町"}],"0001":[{"pref":"東京都","city":"府中市","town":"浅間町"}],"0002":[{"pref":"東京都","city":"府中市","town":"多磨町"}],"0053":[{"pref":"東京都","city":"府中市","town":"天神町"}],"0043":[{"pref":"東京都","city":"府中市","town":"東芝町"}],"0046":[{"pref":"東京都","city":"府中市","town":"西原町"}],"0031":[{"pref":"東京都","city":"府中市","town":"西府町"}],"0044":[{"pref":"東京都","city":"府中市","town":"日鋼町"}],"0036":[{"pref":"東京都","city":"府中市","town":"日新町"}],"0016":[{"pref":"東京都","city":"府中市","town":"八幡町"}],"0057":[{"pref":"東京都","city":"府中市","town":"晴見町"}],"0024":[{"pref":"東京都","city":"府中市","town":"日吉町"}],"0055":[{"pref":"東京都","city":"府中市","town":"府中町"}],"0033":[{"pref":"東京都","city":"府中市","town":"分梅町"}],"0032":[{"pref":"東京都","city":"府中市","town":"本宿町"}],"0027":[{"pref":"東京都","city":"府中市","town":"本町"}],"0006":[{"pref":"東京都","city":"府中市","town":"緑町"}],"0026":[{"pref":"東京都","city":"府中市","town":"南町"}],"0022":[{"pref":"東京都","city":"府中市","town":"宮西町"}],"0023":[{"pref":"東京都","city":"府中市","town":"宮町"}],"0045":[{"pref":"東京都","city":"府中市","town":"美好町"}],"0042":[{"pref":"東京都","city":"府中市","town":"武蔵台"}],"0004":[{"pref":"東京都","city":"府中市","town":"紅葉丘"}],"0025":[{"pref":"東京都","city":"府中市","town":"矢崎町"}],"0035":[{"pref":"東京都","city":"府中市","town":"四谷"}],"0005":[{"pref":"東京都","city":"府中市","town":"若松町"}]}