{"0000":[{"pref":"大阪府","city":"箕面市","town":"以下に掲載がない場合"}],"0025":[{"pref":"大阪府","city":"箕面市","town":"粟生外院"}],"0024":[{"pref":"大阪府","city":"箕面市","town":"粟生新家"}],"0021":[{"pref":"大阪府","city":"箕面市","town":"粟生間谷"}],"0022":[{"pref":"大阪府","city":"箕面市","town":"粟生間谷東"}],"0023":[{"pref":"大阪府","city":"箕面市","town":"粟生間谷西"}],"0027":[{"pref":"大阪府","city":"箕面市","town":"石丸"}],"0015":[{"pref":"大阪府","city":"箕面市","town":"稲"}],"0033":[{"pref":"大阪府","city":"箕面市","town":"今宮"}],"0031":[{"pref":"大阪府","city":"箕面市","town":"小野原東"}],"0032":[{"pref":"大阪府","city":"箕面市","town":"小野原西"}],"0006":[{"pref":"大阪府","city":"箕面市","town":"温泉町"}],"0014":[{"pref":"大阪府","city":"箕面市","town":"萱野"}],"0026":[{"pref":"大阪府","city":"箕面市","town":"外院"}],"0028":[{"pref":"大阪府","city":"箕面市","town":"彩都粟生南"}],"0029":[{"pref":"大阪府","city":"箕面市","town":"彩都粟生北"}],"0041":[{"pref":"大阪府","city":"箕面市","town":"桜"}],"0043":[{"pref":"大阪府","city":"箕面市","town":"桜井"}],"0046":[{"pref":"大阪府","city":"箕面市","town":"桜ケ丘"}],"0045":[{"pref":"大阪府","city":"箕面市","town":"瀬川"}],"0035":[{"pref":"大阪府","city":"箕面市","town":"船場東"}],"0036":[{"pref":"大阪府","city":"箕面市","town":"船場西"}],"0005":[{"pref":"大阪府","city":"箕面市","town":"新稲"}],"0003":[{"pref":"大阪府","city":"箕面市","town":"西小路"}],"0034":[{"pref":"大阪府","city":"箕面市","town":"西宿"}],"0011":[{"pref":"大阪府","city":"箕面市","town":"如意谷"}],"0012":[{"pref":"大阪府","city":"箕面市","town":"白島"}],"0044":[{"pref":"大阪府","city":"箕面市","town":"半町"}],"0042":[{"pref":"大阪府","city":"箕面市","town":"百楽荘"}],"0013":[{"pref":"大阪府","city":"箕面市","town":"坊島"}],"0004":[{"pref":"大阪府","city":"箕面市","town":"牧落"}],"0001":[{"pref":"大阪府","city":"箕面市","town":"箕面"}],"0002":[{"pref":"大阪府","city":"箕面市","town":"箕面公園"}]}