{"1101":[{"pref":"京都府","city":"船井郡京丹波町","town":"仏主"}],"1102":[{"pref":"京都府","city":"船井郡京丹波町","town":"上乙見"}],"1103":[{"pref":"京都府","city":"船井郡京丹波町","town":"下乙見"}],"1104":[{"pref":"京都府","city":"船井郡京丹波町","town":"篠原"}],"1105":[{"pref":"京都府","city":"船井郡京丹波町","town":"下粟野"}],"1106":[{"pref":"京都府","city":"船井郡京丹波町","town":"細谷"}],"1107":[{"pref":"京都府","city":"船井郡京丹波町","town":"西河内"}],"1108":[{"pref":"京都府","city":"船井郡京丹波町","town":"上粟野"}],"1111":[{"pref":"京都府","city":"船井郡京丹波町","town":"大迫"}],"1112":[{"pref":"京都府","city":"船井郡京丹波町","town":"塩谷"}],"1113":[{"pref":"京都府","city":"船井郡京丹波町","town":"長瀬"}],"1114":[{"pref":"京都府","city":"船井郡京丹波町","town":"升谷"}],"1115":[{"pref":"京都府","city":"船井郡京丹波町","town":"中山"}],"1116":[{"pref":"京都府","city":"船井郡京丹波町","town":"市場"}],"1117":[{"pref":"京都府","city":"船井郡京丹波町","town":"大倉"}],"1121":[{"pref":"京都府","city":"船井郡京丹波町","town":"本庄"}],"1122":[{"pref":"京都府","city":"船井郡京丹波町","town":"小畑"}],"1131":[{"pref":"京都府","city":"船井郡京丹波町","town":"坂原"}],"1132":[{"pref":"京都府","city":"船井郡京丹波町","town":"中"}],"1133":[{"pref":"京都府","city":"船井郡京丹波町","town":"角"}],"1134":[{"pref":"京都府","city":"船井郡京丹波町","town":"広瀬"}],"1135":[{"pref":"京都府","city":"船井郡京丹波町","town":"才原"}],"1141":[{"pref":"京都府","city":"船井郡京丹波町","town":"安栖里"}],"1142":[{"pref":"京都府","city":"船井郡京丹波町","town":"稲次"}],"1143":[{"pref":"京都府","city":"船井郡京丹波町","town":"出野"}],"1144":[{"pref":"京都府","city":"船井郡京丹波町","town":"広野"}],"1145":[{"pref":"京都府","city":"船井郡京丹波町","town":"大簾"}],"1241":[{"pref":"京都府","city":"綾部市","town":"井根町"}],"1242":[{"pref":"京都府","city":"綾部市","town":"十倉名畑町"}],"1243":[{"pref":"京都府","city":"綾部市","town":"十倉向町"}],"1244":[{"pref":"京都府","city":"綾部市","town":"十倉中町"}],"1245":[{"pref":"京都府","city":"綾部市","town":"十倉志茂町"}],"1251":[{"pref":"京都府","city":"綾部市","town":"忠町"}],"1252":[{"pref":"京都府","city":"綾部市","town":"佃町"}],"1253":[{"pref":"京都府","city":"綾部市","town":"武吉町"}],"1254":[{"pref":"京都府","city":"綾部市","town":"釜輪町"}],"1255":[{"pref":"京都府","city":"綾部市","town":"戸奈瀬町"}],"1256":[{"pref":"京都府","city":"綾部市","town":"広瀬町"}],"1257":[{"pref":"京都府","city":"綾部市","town":"橋上町"}],"1261":[{"pref":"京都府","city":"綾部市","town":"旭町"}],"1262":[{"pref":"京都府","city":"綾部市","town":"東山町"}],"1263":[{"pref":"京都府","city":"綾部市","town":"鷹栖町"}],"1264":[{"pref":"京都府","city":"綾部市","town":"西原町"}],"1271":[{"pref":"京都府","city":"綾部市","town":"上原町"}],"1272":[{"pref":"京都府","city":"綾部市","town":"下替地町"}],"1273":[{"pref":"京都府","city":"綾部市","town":"下原町"}],"1274":[{"pref":"京都府","city":"綾部市","town":"和木町"}],"1301":[{"pref":"京都府","city":"福知山市","town":"夜久野町畑"}],"1302":[{"pref":"京都府","city":"福知山市","town":"夜久野町今西中"}],"1303":[{"pref":"京都府","city":"福知山市","town":"夜久野町井田"}],"1304":[{"pref":"京都府","city":"福知山市","town":"夜久野町額田"}],"1305":[{"pref":"京都府","city":"福知山市","town":"夜久野町千原"}],"1311":[{"pref":"京都府","city":"福知山市","town":"夜久野町日置"}],"1312":[{"pref":"京都府","city":"福知山市","town":"夜久野町末"}],"1313":[{"pref":"京都府","city":"福知山市","town":"夜久野町高内"}],"1314":[{"pref":"京都府","city":"福知山市","town":"夜久野町小倉"}],"1315":[{"pref":"京都府","city":"福知山市","town":"夜久野町大油子"}],"1321":[{"pref":"京都府","city":"福知山市","town":"夜久野町直見"}],"1322":[{"pref":"京都府","city":"福知山市","town":"夜久野町平野"}],"1323":[{"pref":"京都府","city":"福知山市","town":"夜久野町板生"}],"2200":[{"pref":"京都府","city":"与謝郡与謝野町","town":"以下に掲載がない場合"}],"2231":[{"pref":"京都府","city":"宮津市","town":"小松"}],"2232":[{"pref":"京都府","city":"宮津市","town":"中野"}],"2233":[{"pref":"京都府","city":"宮津市","town":"溝尻"}],"2234":[{"pref":"京都府","city":"宮津市","town":"国分"}],"2241":[{"pref":"京都府","city":"宮津市","town":"成相寺"}],"2242":[{"pref":"京都府","city":"宮津市","town":"大垣"}],"2243":[{"pref":"京都府","city":"宮津市","town":"難波野"}],"2244":[{"pref":"京都府","city":"宮津市","town":"江尻"}],"2251":[{"pref":"京都府","city":"宮津市","town":"須津"}],"2261":[{"pref":"京都府","city":"与謝郡与謝野町","town":"男山"}],"2262":[{"pref":"京都府","city":"与謝郡与謝野町","town":"岩滝"}],"2263":[{"pref":"京都府","city":"与謝郡与謝野町","town":"弓木"}],"2301":[{"pref":"京都府","city":"与謝郡与謝野町","town":"上山田"}],"2302":[{"pref":"京都府","city":"与謝郡与謝野町","town":"下山田"}],"2303":[{"pref":"京都府","city":"与謝郡与謝野町","town":"石川"}],"2311":[{"pref":"京都府","city":"与謝郡与謝野町","town":"幾地"}],"2312":[{"pref":"京都府","city":"与謝郡与謝野町","town":"四辻"}],"2313":[{"pref":"京都府","city":"与謝郡与謝野町","town":"三河内"}],"2314":[{"pref":"京都府","city":"与謝郡与謝野町","town":"岩屋"}],"2401":[{"pref":"京都府","city":"与謝郡与謝野町","town":"加悦奥"}],"2402":[{"pref":"京都府","city":"与謝郡与謝野町","town":"算所"}],"2403":[{"pref":"京都府","city":"与謝郡与謝野町","town":"加悦"}],"2404":[{"pref":"京都府","city":"与謝郡与謝野町","town":"後野"}],"2411":[{"pref":"京都府","city":"与謝郡与謝野町","town":"明石"}],"2412":[{"pref":"京都府","city":"与謝郡与謝野町","town":"香河"}],"2413":[{"pref":"京都府","city":"与謝郡与謝野町","town":"温江"}],"2421":[{"pref":"京都府","city":"与謝郡与謝野町","town":"金屋"}],"2422":[{"pref":"京都府","city":"与謝郡与謝野町","town":"滝"}],"2423":[{"pref":"京都府","city":"与謝郡与謝野町","town":"与謝"}],"2501":[{"pref":"京都府","city":"京丹後市","town":"大宮町口大野"}],"2502":[{"pref":"京都府","city":"京丹後市","town":"大宮町河辺"}],"2503":[{"pref":"京都府","city":"京丹後市","town":"大宮町周枳"}],"2504":[{"pref":"京都府","city":"京丹後市","town":"大宮町善王寺"}],"2511":[{"pref":"京都府","city":"京丹後市","town":"大宮町久住"}],"2512":[{"pref":"京都府","city":"京丹後市","town":"大宮町五十河"}],"2513":[{"pref":"京都府","city":"京丹後市","town":"大宮町延利"}],"2514":[{"pref":"京都府","city":"京丹後市","town":"大宮町明田"}],"2515":[{"pref":"京都府","city":"京丹後市","town":"大宮町新宮"}],"2521":[{"pref":"京都府","city":"京丹後市","town":"大宮町森本"}],"2522":[{"pref":"京都府","city":"京丹後市","town":"大宮町三重"}],"2523":[{"pref":"京都府","city":"京丹後市","town":"大宮町三坂"}],"2531":[{"pref":"京都府","city":"京丹後市","town":"大宮町奥大野"}],"2532":[{"pref":"京都府","city":"京丹後市","town":"大宮町谷内"}],"2533":[{"pref":"京都府","city":"京丹後市","town":"大宮町上常吉"}],"2534":[{"pref":"京都府","city":"京丹後市","town":"大宮町下常吉"}],"3101":[{"pref":"京都府","city":"京丹後市","town":"網野町網野"}],"3102":[{"pref":"京都府","city":"京丹後市","town":"網野町下岡"}],"3103":[{"pref":"京都府","city":"京丹後市","town":"網野町磯"}],"3104":[{"pref":"京都府","city":"京丹後市","town":"網野町浅茂川"}],"3111":[{"pref":"京都府","city":"京丹後市","town":"網野町三津"}],"3112":[{"pref":"京都府","city":"京丹後市","town":"網野町掛津"}],"3113":[{"pref":"京都府","city":"京丹後市","town":"網野町小浜"}],"3121":[{"pref":"京都府","city":"京丹後市","town":"網野町島津"}],"3122":[{"pref":"京都府","city":"京丹後市","town":"網野町仲禅寺"}],"3131":[{"pref":"京都府","city":"京丹後市","town":"網野町高橋"}],"3132":[{"pref":"京都府","city":"京丹後市","town":"網野町公庄"}],"3133":[{"pref":"京都府","city":"京丹後市","town":"網野町郷"}],"3134":[{"pref":"京都府","city":"京丹後市","town":"網野町生野内"}],"3135":[{"pref":"京都府","city":"京丹後市","town":"網野町切畑"}],"3136":[{"pref":"京都府","city":"京丹後市","town":"網野町新庄"}],"3241":[{"pref":"京都府","city":"京丹後市","town":"網野町木津"}],"3242":[{"pref":"京都府","city":"京丹後市","town":"網野町日和田"}],"3243":[{"pref":"京都府","city":"京丹後市","town":"網野町溝野"}],"3244":[{"pref":"京都府","city":"京丹後市","town":"網野町俵野"}],"3245":[{"pref":"京都府","city":"京丹後市","town":"網野町浜詰"}],"3246":[{"pref":"京都府","city":"京丹後市","town":"網野町塩江"}],"3401":[{"pref":"京都府","city":"京丹後市","town":"久美浜町十楽"}],"3402":[{"pref":"京都府","city":"京丹後市","town":"久美浜町仲町"}],"3403":[{"pref":"京都府","city":"京丹後市","town":"久美浜町向町"}],"3404":[{"pref":"京都府","city":"京丹後市","town":"久美浜町土居"}],"3405":[{"pref":"京都府","city":"京丹後市","town":"久美浜町栄町"}],"3406":[{"pref":"京都府","city":"京丹後市","town":"久美浜町東本町"}],"3407":[{"pref":"京都府","city":"京丹後市","town":"久美浜町新橋"}],"3408":[{"pref":"京都府","city":"京丹後市","town":"久美浜町新町"}],"3409":[{"pref":"京都府","city":"京丹後市","town":"久美浜町西本町"}],"3410":[{"pref":"京都府","city":"京丹後市","town":"久美浜町"}],"3411":[{"pref":"京都府","city":"京丹後市","town":"久美浜町甲坂"},{"pref":"京都府","city":"京丹後市","town":"久美浜町栃谷"}],"3412":[{"pref":"京都府","city":"京丹後市","town":"久美浜町奥三谷"},{"pref":"京都府","city":"京丹後市","town":"久美浜町口三谷"},{"pref":"京都府","city":"京丹後市","town":"久美浜町三谷"}],"3413":[{"pref":"京都府","city":"京丹後市","town":"久美浜町口馬地"}],"3414":[{"pref":"京都府","city":"京丹後市","town":"久美浜町奥馬地"}],"3415":[{"pref":"京都府","city":"京丹後市","town":"久美浜町河梨"}],"3416":[{"pref":"京都府","city":"京丹後市","town":"久美浜町神谷"}],"3421":[{"pref":"京都府","city":"京丹後市","town":"久美浜町葛野"}],"3422":[{"pref":"京都府","city":"京丹後市","town":"久美浜町河内"},{"pref":"京都府","city":"京丹後市","town":"久美浜町箱石"},{"pref":"京都府","city":"京丹後市","town":"久美浜町湊宮"}],"3423":[{"pref":"京都府","city":"京丹後市","town":"久美浜町大向"}],"3424":[{"pref":"京都府","city":"京丹後市","town":"久美浜町旭"},{"pref":"京都府","city":"京丹後市","town":"久美浜町蒲井"}],"3431":[{"pref":"京都府","city":"京丹後市","town":"久美浜町鹿野"}],"3432":[{"pref":"京都府","city":"京丹後市","town":"久美浜町平田"}],"3433":[{"pref":"京都府","city":"京丹後市","town":"久美浜町三分"}],"3434":[{"pref":"京都府","city":"京丹後市","town":"久美浜町三原"}],"3435":[{"pref":"京都府","city":"京丹後市","town":"久美浜町壱分"}],"3436":[{"pref":"京都府","city":"京丹後市","town":"久美浜町大井"}],"3437":[{"pref":"京都府","city":"京丹後市","town":"久美浜町関"}],"3438":[{"pref":"京都府","city":"京丹後市","town":"久美浜町浦明"},{"pref":"京都府","city":"京丹後市","town":"久美浜町長柄"}],"3441":[{"pref":"京都府","city":"京丹後市","town":"久美浜町神崎"}],"3442":[{"pref":"京都府","city":"京丹後市","town":"久美浜町甲山"}],"3443":[{"pref":"京都府","city":"京丹後市","town":"久美浜町海士"}],"3444":[{"pref":"京都府","city":"京丹後市","town":"久美浜町西橋爪"},{"pref":"京都府","city":"京丹後市","town":"久美浜町橋爪"}],"3445":[{"pref":"京都府","city":"京丹後市","town":"久美浜町島"}],"3446":[{"pref":"京都府","city":"京丹後市","town":"久美浜町品田"}],"3447":[{"pref":"京都府","city":"京丹後市","town":"久美浜町友重"}],"3448":[{"pref":"京都府","city":"京丹後市","town":"久美浜町坂井"}],"3449":[{"pref":"京都府","city":"京丹後市","town":"久美浜町油池"}],"3551":[{"pref":"京都府","city":"京丹後市","town":"久美浜町永留"}],"3552":[{"pref":"京都府","city":"京丹後市","town":"久美浜町女布"}],"3553":[{"pref":"京都府","city":"京丹後市","town":"久美浜町長野"}],"3554":[{"pref":"京都府","city":"京丹後市","town":"久美浜町坂谷"}],"3555":[{"pref":"京都府","city":"京丹後市","town":"久美浜町円頓寺"}],"3556":[{"pref":"京都府","city":"京丹後市","town":"久美浜町郷"}],"3557":[{"pref":"京都府","city":"京丹後市","town":"久美浜町竹藤"}],"3558":[{"pref":"京都府","city":"京丹後市","town":"久美浜町丸山"}],"3559":[{"pref":"京都府","city":"京丹後市","town":"久美浜町谷"}],"3561":[{"pref":"京都府","city":"京丹後市","town":"久美浜町野中"}],"3562":[{"pref":"京都府","city":"京丹後市","town":"久美浜町佐野"}],"3563":[{"pref":"京都府","city":"京丹後市","town":"久美浜町二俣"}],"3564":[{"pref":"京都府","city":"京丹後市","town":"久美浜町尉ケ畑"}],"3565":[{"pref":"京都府","city":"京丹後市","town":"久美浜町小桑"}],"3566":[{"pref":"京都府","city":"京丹後市","town":"久美浜町安養寺"}],"3570":[{"pref":"京都府","city":"京丹後市","town":"久美浜町新庄"}],"3571":[{"pref":"京都府","city":"京丹後市","town":"久美浜町芦原"}],"3572":[{"pref":"京都府","city":"京丹後市","town":"久美浜町新谷"}],"3573":[{"pref":"京都府","city":"京丹後市","town":"久美浜町出角"}],"3574":[{"pref":"京都府","city":"京丹後市","town":"久美浜町市場"}],"3575":[{"pref":"京都府","city":"京丹後市","town":"久美浜町金谷"}],"3576":[{"pref":"京都府","city":"京丹後市","town":"久美浜町市野々"}],"3577":[{"pref":"京都府","city":"京丹後市","town":"久美浜町布袋野"}],"3578":[{"pref":"京都府","city":"京丹後市","town":"久美浜町畑"}],"3579":[{"pref":"京都府","city":"京丹後市","town":"久美浜町須田"}],"0334":[{"pref":"京都府","city":"南丹市","town":"日吉町天若"}],"0312":[{"pref":"京都府","city":"南丹市","town":"日吉町上胡麻"}],"0331":[{"pref":"京都府","city":"南丹市","town":"日吉町生畑"}],"0332":[{"pref":"京都府","city":"南丹市","town":"日吉町木住"}],"0311":[{"pref":"京都府","city":"南丹市","town":"日吉町胡麻"}],"0321":[{"pref":"京都府","city":"南丹市","town":"日吉町佐々江"}],"0302":[{"pref":"京都府","city":"南丹市","town":"日吉町志和賀"}],"0323":[{"pref":"京都府","city":"南丹市","town":"日吉町田原"}],"0341":[{"pref":"京都府","city":"南丹市","town":"日吉町殿田"}],"0335":[{"pref":"京都府","city":"南丹市","town":"日吉町中"}],"0333":[{"pref":"京都府","city":"南丹市","town":"日吉町中世木"}],"0313":[{"pref":"京都府","city":"南丹市","town":"日吉町畑郷"}],"0301":[{"pref":"京都府","city":"南丹市","town":"日吉町保野田"}],"0322":[{"pref":"京都府","city":"南丹市","town":"日吉町四ツ谷"}],"0122":[{"pref":"京都府","city":"南丹市","town":"八木町青戸"}],"0112":[{"pref":"京都府","city":"南丹市","town":"八木町池上"}],"0164":[{"pref":"京都府","city":"南丹市","town":"八木町池ノ内"}],"0152":[{"pref":"京都府","city":"南丹市","town":"八木町大藪"}],"0113":[{"pref":"京都府","city":"南丹市","town":"八木町刑部"}],"0271":[{"pref":"京都府","city":"南丹市","town":"八木町神吉"}],"0133":[{"pref":"京都府","city":"南丹市","town":"八木町観音寺"}],"0114":[{"pref":"京都府","city":"南丹市","town":"八木町北廣瀬"}],"0131":[{"pref":"京都府","city":"南丹市","town":"八木町北屋賀"}],"0165":[{"pref":"京都府","city":"南丹市","town":"八木町木原"}],"0154":[{"pref":"京都府","city":"南丹市","town":"八木町柴山"}],"0163":[{"pref":"京都府","city":"南丹市","town":"八木町玉ノ井"}],"0162":[{"pref":"京都府","city":"南丹市","town":"八木町鳥羽"}],"0134":[{"pref":"京都府","city":"南丹市","town":"八木町西田"}],"0111":[{"pref":"京都府","city":"南丹市","town":"八木町野条"}],"0104":[{"pref":"京都府","city":"南丹市","town":"八木町日置"}],"0121":[{"pref":"京都府","city":"南丹市","town":"八木町氷所"}],"0101":[{"pref":"京都府","city":"南丹市","town":"八木町船枝"}],"0161":[{"pref":"京都府","city":"南丹市","town":"八木町美里"}],"0151":[{"pref":"京都府","city":"南丹市","town":"八木町南廣瀬"}],"0166":[{"pref":"京都府","city":"南丹市","town":"八木町室河原"}],"0102":[{"pref":"京都府","city":"南丹市","town":"八木町室橋"}],"0103":[{"pref":"京都府","city":"南丹市","town":"八木町諸畑"}],"0132":[{"pref":"京都府","city":"南丹市","town":"八木町屋賀"}],"0141":[{"pref":"京都府","city":"南丹市","town":"八木町八木"}],"0153":[{"pref":"京都府","city":"南丹市","town":"八木町八木嶋"}],"0115":[{"pref":"京都府","city":"南丹市","town":"八木町山室"}]}