{"0000":[{"pref":"北海道","city":"網走郡美幌町","town":"以下に掲載がない場合"}],"0064":[{"pref":"北海道","city":"網走郡美幌町","town":"青葉"}],"0065":[{"pref":"北海道","city":"網走郡美幌町","town":"青山南"}],"0066":[{"pref":"北海道","city":"網走郡美幌町","town":"青山北"}],"0006":[{"pref":"北海道","city":"網走郡美幌町","town":"昭野"}],"0027":[{"pref":"北海道","city":"網走郡美幌町","town":"稲美"}],"0031":[{"pref":"北海道","city":"網走郡美幌町","town":"大通南"}],"0050":[{"pref":"北海道","city":"網走郡美幌町","town":"大通北"}],"0181":[{"pref":"北海道","city":"網走郡美幌町","town":"上町"}],"0175":[{"pref":"北海道","city":"網走郡美幌町","town":"駒生（２６８番地）"}],"0025":[{"pref":"北海道","city":"網走郡美幌町","town":"駒生（その他）"}],"0012":[{"pref":"北海道","city":"網走郡美幌町","town":"栄町"}],"0174":[{"pref":"北海道","city":"網走郡美幌町","town":"栄森"}],"0015":[{"pref":"北海道","city":"網走郡美幌町","town":"新町"}],"0001":[{"pref":"北海道","city":"網走郡美幌町","town":"高野"}],"0018":[{"pref":"北海道","city":"網走郡美幌町","town":"田中"}],"0184":[{"pref":"北海道","city":"網走郡美幌町","town":"登栄"}],"0007":[{"pref":"北海道","city":"網走郡美幌町","town":"豊岡"}],"0023":[{"pref":"北海道","city":"網走郡美幌町","town":"豊富"}],"0183":[{"pref":"北海道","city":"網走郡美幌町","town":"豊幌"}],"0003":[{"pref":"北海道","city":"網走郡美幌町","town":"鳥里"}],"0004":[{"pref":"北海道","city":"網走郡美幌町","town":"仲町"}],"0032":[{"pref":"北海道","city":"網走郡美幌町","town":"西一条南"}],"0061":[{"pref":"北海道","city":"網走郡美幌町","town":"西一条北"}],"0033":[{"pref":"北海道","city":"網走郡美幌町","town":"西二条南"}],"0062":[{"pref":"北海道","city":"網走郡美幌町","town":"西二条北"}],"0176":[{"pref":"北海道","city":"網走郡美幌町","town":"野崎（１０３、１２２番地）"}],"0005":[{"pref":"北海道","city":"網走郡美幌町","town":"野崎（その他）"}],"0011":[{"pref":"北海道","city":"網走郡美幌町","town":"東町"}],"0041":[{"pref":"北海道","city":"網走郡美幌町","town":"東一条南"}],"0051":[{"pref":"北海道","city":"網走郡美幌町","town":"東一条北"}],"0042":[{"pref":"北海道","city":"網走郡美幌町","town":"東二条南"}],"0052":[{"pref":"北海道","city":"網走郡美幌町","town":"東二条北"}],"0043":[{"pref":"北海道","city":"網走郡美幌町","town":"東三条南"}],"0053":[{"pref":"北海道","city":"網走郡美幌町","town":"東三条北"}],"0044":[{"pref":"北海道","city":"網走郡美幌町","town":"東四条南"}],"0021":[{"pref":"北海道","city":"網走郡美幌町","town":"日並"}],"0069":[{"pref":"北海道","city":"網走郡美幌町","town":"日の出"}],"0173":[{"pref":"北海道","city":"網走郡美幌町","town":"美和"}],"0024":[{"pref":"北海道","city":"網走郡美幌町","town":"福住"}],"0022":[{"pref":"北海道","city":"網走郡美幌町","town":"古梅"}],"0017":[{"pref":"北海道","city":"網走郡美幌町","town":"報徳"}],"0014":[{"pref":"北海道","city":"網走郡美幌町","town":"美里"}],"0016":[{"pref":"北海道","city":"網走郡美幌町","town":"瑞治"}],"0067":[{"pref":"北海道","city":"網走郡美幌町","town":"三橋南"}],"0068":[{"pref":"北海道","city":"網走郡美幌町","town":"三橋町"}],"0171":[{"pref":"北海道","city":"網走郡美幌町","town":"美富（１２７～１５１、１８３～５７９番地）"}],"0030":[{"pref":"北海道","city":"網走郡美幌町","town":"美富（その他）"}],"0002":[{"pref":"北海道","city":"網走郡美幌町","town":"美禽"}],"0026":[{"pref":"北海道","city":"網走郡美幌町","town":"都橋"}],"0013":[{"pref":"北海道","city":"網走郡美幌町","town":"美芳"}],"0063":[{"pref":"北海道","city":"網走郡美幌町","town":"元町"}],"0200":[{"pref":"北海道","city":"網走郡津別町","town":"以下に掲載がない場合"}],"0361":[{"pref":"北海道","city":"網走郡津別町","town":"相生"}],"0234":[{"pref":"北海道","city":"網走郡津別町","town":"旭町"}],"0205":[{"pref":"北海道","city":"網走郡津別町","town":"岩富"}],"0231":[{"pref":"北海道","city":"網走郡津別町","town":"大通"}],"0355":[{"pref":"北海道","city":"網走郡津別町","town":"恩根"}],"0233":[{"pref":"北海道","city":"網走郡津別町","town":"柏町"}],"0206":[{"pref":"北海道","city":"網走郡津別町","town":"活汲"}],"0222":[{"pref":"北海道","city":"網走郡津別町","town":"上里"}],"0352":[{"pref":"北海道","city":"網走郡津別町","town":"木樋"}],"0225":[{"pref":"北海道","city":"網走郡津別町","town":"共和"}],"0235":[{"pref":"北海道","city":"網走郡津別町","town":"幸町"}],"0356":[{"pref":"北海道","city":"網走郡津別町","town":"栄"}],"0232":[{"pref":"北海道","city":"網走郡津別町","town":"新町"}],"0357":[{"pref":"北海道","city":"網走郡津別町","town":"大昭"}],"0221":[{"pref":"北海道","city":"網走郡津別町","town":"高台"}],"0203":[{"pref":"北海道","city":"網走郡津別町","town":"達美"}],"0224":[{"pref":"北海道","city":"網走郡津別町","town":"豊永"}],"0214":[{"pref":"北海道","city":"網走郡津別町","town":"西二条"}],"0211":[{"pref":"北海道","city":"網走郡津別町","town":"西三条"}],"0213":[{"pref":"北海道","city":"網走郡津別町","town":"西四条"}],"0362":[{"pref":"北海道","city":"網走郡津別町","town":"布川"}],"0358":[{"pref":"北海道","city":"網走郡津別町","town":"沼沢"}],"0207":[{"pref":"北海道","city":"網走郡津別町","town":"東岡"}],"0216":[{"pref":"北海道","city":"網走郡津別町","town":"東二条"}],"0217":[{"pref":"北海道","city":"網走郡津別町","town":"東三条"}],"0218":[{"pref":"北海道","city":"網走郡津別町","town":"東四条"}],"0354":[{"pref":"北海道","city":"網走郡津別町","town":"双葉"}],"0353":[{"pref":"北海道","city":"網走郡津別町","town":"二又"}],"0351":[{"pref":"北海道","city":"網走郡津別町","town":"本岐"}],"0236":[{"pref":"北海道","city":"網走郡津別町","town":"本町"}],"0223":[{"pref":"北海道","city":"網走郡津別町","town":"美都"}],"0212":[{"pref":"北海道","city":"網走郡津別町","town":"緑町"}],"0201":[{"pref":"北海道","city":"網走郡津別町","town":"最上"}],"0215":[{"pref":"北海道","city":"網走郡津別町","town":"一条通"}]}