{"和歌山市":{"以下に掲載がない場合":[{"zip":"6400000","zip1":"640","zip2":"0000"}],"葵町":[{"zip":"6408273","zip1":"640","zip2":"8273"}],"秋月":[{"zip":"6408322","zip1":"640","zip2":"8322"}],"秋葉町":[{"zip":"6410056","zip1":"641","zip2":"0056"}],"朝日":[{"zip":"6400344","zip1":"640","zip2":"0344"}],"芦辺丁":[{"zip":"6408134","zip1":"640","zip2":"8134"}],"小豆島":[{"zip":"6496336","zip1":"649","zip2":"6336"}],"網屋町":[{"zip":"6408238","zip1":"640","zip2":"8238"}],"有家":[{"zip":"6408316","zip1":"640","zip2":"8316"}],"有田屋町":[{"zip":"6408248","zip1":"640","zip2":"8248"}],"有田屋町西ノ丁":[{"zip":"6408246","zip1":"640","zip2":"8246"}],"有田屋町南ノ丁":[{"zip":"6408245","zip1":"640","zip2":"8245"}],"有本":[{"zip":"6408390","zip1":"640","zip2":"8390"}],"新内":[{"zip":"6408351","zip1":"640","zip2":"8351"}],"粟":[{"zip":"6408462","zip1":"640","zip2":"8462"}],"石橋丁":[{"zip":"6408201","zip1":"640","zip2":"8201"}],"磯の浦":[{"zip":"6400114","zip1":"640","zip2":"0114"}],"板屋町":[{"zip":"6408044","zip1":"640","zip2":"8044"}],"伊太祈曽":[{"zip":"6400361","zip1":"640","zip2":"0361"}],"市小路":[{"zip":"6408464","zip1":"640","zip2":"8464"}],"一番丁":[{"zip":"6408146","zip1":"640","zip2":"8146"}],"五筋目":[{"zip":"6408076","zip1":"640","zip2":"8076"}],"井戸":[{"zip":"6400352","zip1":"640","zip2":"0352"}],"井ノ口":[{"zip":"6496323","zip1":"649","zip2":"6323"}],"今福":[{"zip":"6410044","zip1":"641","zip2":"0044"}],"岩橋":[{"zip":"6408301","zip1":"640","zip2":"8301"}],"井辺":[{"zip":"6408302","zip1":"640","zip2":"8302"}],"上野":[{"zip":"6496316","zip1":"649","zip2":"6316"}],"上野町":[{"zip":"6408242","zip1":"640","zip2":"8242"}],"植松丁":[{"zip":"6408298","zip1":"640","zip2":"8298"}],"宇治鉄砲場":[{"zip":"6408078","zip1":"640","zip2":"8078"}],"宇治袋町":[{"zip":"6408039","zip1":"640","zip2":"8039"}],"宇治家裏":[{"zip":"6408072","zip1":"640","zip2":"8072"}],"宇治薮下":[{"zip":"6408071","zip1":"640","zip2":"8071"}],"宇須":[{"zip":"6410043","zip1":"641","zip2":"0043"}],"宇田森":[{"zip":"6496332","zip1":"649","zip2":"6332"}],"打越町":[{"zip":"6410053","zip1":"641","zip2":"0053"}],"内原":[{"zip":"6410013","zip1":"641","zip2":"0013"}],"梅原":[{"zip":"6408452","zip1":"640","zip2":"8452"}],"上町":[{"zip":"6408239","zip1":"640","zip2":"8239"}],"餌差町":[{"zip":"6408335","zip1":"640","zip2":"8335"}],"江南":[{"zip":"6400343","zip1":"640","zip2":"0343"}],"榎原":[{"zip":"6408434","zip1":"640","zip2":"8434"}],"大川":[{"zip":"6400101","zip1":"640","zip2":"0101"}],"大河内":[{"zip":"6400316","zip1":"640","zip2":"0316"}],"大垣内":[{"zip":"6496272","zip1":"649","zip2":"6272"}],"大谷":[{"zip":"6408472","zip1":"640","zip2":"8472"}],"太田":[{"zip":"6408323","zip1":"640","zip2":"8323"}],"岡円福院東ノ丁":[{"zip":"6408361","zip1":"640","zip2":"8361"}],"岡円福院西ノ丁":[{"zip":"6408364","zip1":"640","zip2":"8364"}],"岡織屋小路":[{"zip":"6408362","zip1":"640","zip2":"8362"}],"岡北ノ丁":[{"zip":"6408365","zip1":"640","zip2":"8365"}],"岡南ノ丁":[{"zip":"6408363","zip1":"640","zip2":"8363"}],"岡山丁":[{"zip":"6408145","zip1":"640","zip2":"8145"}],"奥須佐":[{"zip":"6400362","zip1":"640","zip2":"0362"}],"小倉":[{"zip":"6496261","zip1":"649","zip2":"6261"}],"尾崎丁":[{"zip":"6408271","zip1":"640","zip2":"8271"}],"落合":[{"zip":"6496308","zip1":"649","zip2":"6308"}],"男野芝丁":[{"zip":"6408230","zip1":"640","zip2":"8230"}],"小野町":[{"zip":"6408224","zip1":"640","zip2":"8224"}],"雄松町":[{"zip":"6408124","zip1":"640","zip2":"8124"}],"嘉家作丁":[{"zip":"6408073","zip1":"640","zip2":"8073"}],"駕町":[{"zip":"6408293","zip1":"640","zip2":"8293"}],"片岡町":[{"zip":"6408139","zip1":"640","zip2":"8139"}],"加太":[{"zip":"6400103","zip1":"640","zip2":"0103"}],"徒町":[{"zip":"6408243","zip1":"640","zip2":"8243"}],"金谷":[{"zip":"6496274","zip1":"649","zip2":"6274"}],"加納":[{"zip":"6408391","zip1":"640","zip2":"8391"}],"加納町":[{"zip":"6408288","zip1":"640","zip2":"8288"}],"上黒谷":[{"zip":"6496306","zip1":"649","zip2":"6306"}],"上三毛":[{"zip":"6496262","zip1":"649","zip2":"6262"}],"川辺":[{"zip":"6496312","zip1":"649","zip2":"6312"}],"梶取":[{"zip":"6408411","zip1":"640","zip2":"8411"}],"北":[{"zip":"6496334","zip1":"649","zip2":"6334"}],"北相生丁":[{"zip":"6408253","zip1":"640","zip2":"8253"}],"北牛町":[{"zip":"6408299","zip1":"640","zip2":"8299"}],"北桶屋町":[{"zip":"6408020","zip1":"640","zip2":"8020"}],"北休賀町":[{"zip":"6408103","zip1":"640","zip2":"8103"}],"北釘貫丁":[{"zip":"6408062","zip1":"640","zip2":"8062"}],"北細工町":[{"zip":"6408118","zip1":"640","zip2":"8118"}],"北坂ノ上丁":[{"zip":"6408233","zip1":"640","zip2":"8233"}],"北新":[{"zip":"6408002","zip1":"640","zip2":"8002"}],"北新戎ノ丁":[{"zip":"6408017","zip1":"640","zip2":"8017"}],"北新桶屋町":[{"zip":"6408015","zip1":"640","zip2":"8015"}],"北新金屋丁":[{"zip":"6408012","zip1":"640","zip2":"8012"}],"北新七軒丁":[{"zip":"6408001","zip1":"640","zip2":"8001"}],"北新中ノ丁":[{"zip":"6408016","zip1":"640","zip2":"8016"}],"北新博労町":[{"zip":"6408003","zip1":"640","zip2":"8003"}],"北新元金屋丁":[{"zip":"6408011","zip1":"640","zip2":"8011"}],"北島":[{"zip":"6408403","zip1":"640","zip2":"8403"}],"北甚五兵衛丁":[{"zip":"6408291","zip1":"640","zip2":"8291"}],"北田辺丁":[{"zip":"6408252","zip1":"640","zip2":"8252"}],"北大工町":[{"zip":"6408031","zip1":"640","zip2":"8031"}],"北中間町":[{"zip":"6408294","zip1":"640","zip2":"8294"}],"北出島":[{"zip":"6408317","zip1":"640","zip2":"8317"}],"北土佐丁":[{"zip":"6408296","zip1":"640","zip2":"8296"}],"北中島":[{"zip":"6410008","zip1":"641","zip2":"0008"}],"北野":[{"zip":"6496331","zip1":"649","zip2":"6331"}],"北ノ新地":[{"zip":"6408355","zip1":"640","zip2":"8355"}],"北ノ新地裏田町":[{"zip":"6408352","zip1":"640","zip2":"8352"}],"北ノ新地榎丁":[{"zip":"6408353","zip1":"640","zip2":"8353"}],"北ノ新地上六軒丁":[{"zip":"6408356","zip1":"640","zip2":"8356"}],"北ノ新地中六軒丁":[{"zip":"6408357","zip1":"640","zip2":"8357"}],"北ノ新地下六軒丁":[{"zip":"6408358","zip1":"640","zip2":"8358"}],"北ノ新地田町":[{"zip":"6408359","zip1":"640","zip2":"8359"}],"北ノ新地東ノ丁":[{"zip":"6408354","zip1":"640","zip2":"8354"}],"北ノ新地分銅丁":[{"zip":"6408350","zip1":"640","zip2":"8350"}],"北別所":[{"zip":"6496307","zip1":"649","zip2":"6307"}],"北町":[{"zip":"6408038","zip1":"640","zip2":"8038"}],"北汀丁":[{"zip":"6408231","zip1":"640","zip2":"8231"}],"狐島":[{"zip":"6408412","zip1":"640","zip2":"8412"}],"木ノ本":[{"zip":"6408453","zip1":"640","zip2":"8453"}],"木広町":[{"zip":"6408328","zip1":"640","zip2":"8328"}],"紀三井寺":[{"zip":"6410012","zip1":"641","zip2":"0012"}],"久右衛門丁":[{"zip":"6408244","zip1":"640","zip2":"8244"}],"九番丁":[{"zip":"6408155","zip1":"640","zip2":"8155"}],"吉礼":[{"zip":"6400351","zip1":"640","zip2":"0351"}],"金龍寺丁":[{"zip":"6408274","zip1":"640","zip2":"8274"}],"杭ノ瀬":[{"zip":"6410001","zip1":"641","zip2":"0001"}],"九家ノ丁":[{"zip":"6408055","zip1":"640","zip2":"8055"}],"楠右衛門小路":[{"zip":"6408332","zip1":"640","zip2":"8332"}],"楠見中":[{"zip":"6408463","zip1":"640","zip2":"8463"}],"楠本":[{"zip":"6496313","zip1":"649","zip2":"6313"}],"口須佐":[{"zip":"6400364","zip1":"640","zip2":"0364"}],"久保丁":[{"zip":"6408225","zip1":"640","zip2":"8225"}],"蔵小路":[{"zip":"6408333","zip1":"640","zip2":"8333"}],"栗栖":[{"zip":"6408305","zip1":"640","zip2":"8305"}],"黒岩":[{"zip":"6400311","zip1":"640","zip2":"0311"}],"黒田":[{"zip":"6408341","zip1":"640","zip2":"8341"}],"黒谷":[{"zip":"6400312","zip1":"640","zip2":"0312"}],"桑山":[{"zip":"6400345","zip1":"640","zip2":"0345"}],"毛革屋丁":[{"zip":"6408337","zip1":"640","zip2":"8337"}],"毛見":[{"zip":"6410014","zip1":"641","zip2":"0014"}],"下町":[{"zip":"6408220","zip1":"640","zip2":"8220"}],"源蔵馬場":[{"zip":"6408075","zip1":"640","zip2":"8075"}],"神前":[{"zip":"6408314","zip1":"640","zip2":"8314"}],"神波":[{"zip":"6496315","zip1":"649","zip2":"6315"}],"小雑賀":[{"zip":"6410007","zip1":"641","zip2":"0007"}],"小瀬田":[{"zip":"6400323","zip1":"640","zip2":"0323"}],"五番丁":[{"zip":"6408141","zip1":"640","zip2":"8141"}],"木挽丁":[{"zip":"6408373","zip1":"640","zip2":"8373"}],"小人町":[{"zip":"6408226","zip1":"640","zip2":"8226"}],"小人町南ノ丁":[{"zip":"6408228","zip1":"640","zip2":"8228"}],"木枕":[{"zip":"6400301","zip1":"640","zip2":"0301"}],"小松原":[{"zip":"6408265","zip1":"640","zip2":"8265"}],"小松原通":[{"zip":"6408269","zip1":"640","zip2":"8269"}],"米屋町":[{"zip":"6408027","zip1":"640","zip2":"8027"}],"古屋":[{"zip":"6408435","zip1":"640","zip2":"8435"}],"雑賀崎":[{"zip":"6410062","zip1":"641","zip2":"0062"}],"雑賀町":[{"zip":"6408108","zip1":"640","zip2":"8108"}],"雑賀道":[{"zip":"6408121","zip1":"640","zip2":"8121"}],"雑賀屋町":[{"zip":"6408249","zip1":"640","zip2":"8249"}],"雑賀屋町東ノ丁":[{"zip":"6408241","zip1":"640","zip2":"8241"}],"材木丁":[{"zip":"6408237","zip1":"640","zip2":"8237"}],"境原":[{"zip":"6400313","zip1":"640","zip2":"0313"}],"栄谷":[{"zip":"6408441","zip1":"640","zip2":"8441"}],"坂田":[{"zip":"6410003","zip1":"641","zip2":"0003"}],"鷺ノ森":[{"zip":"6408053","zip1":"640","zip2":"8053"}],"鷺ノ森片町":[{"zip":"6408054","zip1":"640","zip2":"8054"}],"鷺ノ森新道":[{"zip":"6408057","zip1":"640","zip2":"8057"}],"鷺ノ森堂前丁":[{"zip":"6408052","zip1":"640","zip2":"8052"}],"鷺ノ森中ノ丁":[{"zip":"6408058","zip1":"640","zip2":"8058"}],"鷺ノ森東ノ丁":[{"zip":"6408051","zip1":"640","zip2":"8051"}],"鷺ノ森西ノ丁":[{"zip":"6408056","zip1":"640","zip2":"8056"}],"鷺ノ森南ノ丁":[{"zip":"6408047","zip1":"640","zip2":"8047"}],"鷺ノ森明神丁":[{"zip":"6408059","zip1":"640","zip2":"8059"}],"作事丁":[{"zip":"6408276","zip1":"640","zip2":"8276"}],"里":[{"zip":"6496311","zip1":"649","zip2":"6311"}],"山東中":[{"zip":"6400303","zip1":"640","zip2":"0303"}],"三番丁":[{"zip":"6408142","zip1":"640","zip2":"8142"}],"塩ノ谷":[{"zip":"6400306","zip1":"640","zip2":"0306"}],"汐見町":[{"zip":"6408122","zip1":"640","zip2":"8122"}],"塩屋":[{"zip":"6410054","zip1":"641","zip2":"0054"}],"七番丁":[{"zip":"6408156","zip1":"640","zip2":"8156"}],"芝ノ丁":[{"zip":"6408267","zip1":"640","zip2":"8267"}],"島":[{"zip":"6496314","zip1":"649","zip2":"6314"}],"島崎町":[{"zip":"6408125","zip1":"640","zip2":"8125"}],"島橋東ノ丁":[{"zip":"6408413","zip1":"640","zip2":"8413"}],"島橋西ノ丁":[{"zip":"6408414","zip1":"640","zip2":"8414"}],"島橋南ノ丁":[{"zip":"6408415","zip1":"640","zip2":"8415"}],"島橋北ノ丁":[{"zip":"6408416","zip1":"640","zip2":"8416"}],"下三毛":[{"zip":"6496263","zip1":"649","zip2":"6263"}],"下和佐":[{"zip":"6496325","zip1":"649","zip2":"6325"}],"新魚町":[{"zip":"6408074","zip1":"640","zip2":"8074"}],"新雑賀町":[{"zip":"6408101","zip1":"640","zip2":"8101"}],"新堺丁":[{"zip":"6408377","zip1":"640","zip2":"8377"}],"新在家":[{"zip":"6408345","zip1":"640","zip2":"8345"}],"新庄":[{"zip":"6496264","zip1":"649","zip2":"6264"}],"新生町":[{"zip":"6408325","zip1":"640","zip2":"8325"}],"新大工町":[{"zip":"6408372","zip1":"640","zip2":"8372"}],"新通":[{"zip":"6408111","zip1":"640","zip2":"8111"}],"新中島":[{"zip":"6410002","zip1":"641","zip2":"0002"}],"新中通":[{"zip":"6408376","zip1":"640","zip2":"8376"}],"新堀東":[{"zip":"6410042","zip1":"641","zip2":"0042"}],"新八百屋丁":[{"zip":"6408371","zip1":"640","zip2":"8371"}],"新和歌浦":[{"zip":"6410023","zip1":"641","zip2":"0023"}],"十番丁":[{"zip":"6408152","zip1":"640","zip2":"8152"}],"十一番丁":[{"zip":"6408159","zip1":"640","zip2":"8159"}],"十二番丁":[{"zip":"6408158","zip1":"640","zip2":"8158"}],"十三番丁":[{"zip":"6408150","zip1":"640","zip2":"8150"}],"次郎丸":[{"zip":"6408444","zip1":"640","zip2":"8444"}],"数寄屋丁":[{"zip":"6408374","zip1":"640","zip2":"8374"}],"杉ノ馬場":[{"zip":"6408212","zip1":"640","zip2":"8212"}],"鈴丸丁":[{"zip":"6408378","zip1":"640","zip2":"8378"}],"頭陀寺":[{"zip":"6400314","zip1":"640","zip2":"0314"}],"砂山南":[{"zip":"6408272","zip1":"640","zip2":"8272"}],"住吉町":[{"zip":"6408022","zip1":"640","zip2":"8022"}],"駿河町":[{"zip":"6408034","zip1":"640","zip2":"8034"}],"関戸":[{"zip":"6410035","zip1":"641","zip2":"0035"}],"専光寺門前丁":[{"zip":"6408041","zip1":"640","zip2":"8041"}],"船場町":[{"zip":"6408114","zip1":"640","zip2":"8114"}],"善明寺":[{"zip":"6408471","zip1":"640","zip2":"8471"}],"相坂":[{"zip":"6400341","zip1":"640","zip2":"0341"}],"園部":[{"zip":"6408483","zip1":"640","zip2":"8483"}],"鷹匠町":[{"zip":"6408135","zip1":"640","zip2":"8135"}],"滝畑":[{"zip":"6496301","zip1":"649","zip2":"6301"}],"匠町":[{"zip":"6408028","zip1":"640","zip2":"8028"}],"田尻":[{"zip":"6410005","zip1":"641","zip2":"0005"}],"畳屋町":[{"zip":"6408061","zip1":"640","zip2":"8061"}],"田中町":[{"zip":"6408329","zip1":"640","zip2":"8329"}],"谷":[{"zip":"6496305","zip1":"649","zip2":"6305"}],"谷町":[{"zip":"6408133","zip1":"640","zip2":"8133"}],"田野":[{"zip":"6410061","zip1":"641","zip2":"0061"}],"田屋":[{"zip":"6496337","zip1":"649","zip2":"6337"}],"築港":[{"zip":"6408287","zip1":"640","zip2":"8287"}],"茶屋ノ丁":[{"zip":"6408263","zip1":"640","zip2":"8263"}],"茶屋町":[{"zip":"6408334","zip1":"640","zip2":"8334"}],"つつじが丘":[{"zip":"6400115","zip1":"640","zip2":"0115"}],"津秦":[{"zip":"6408315","zip1":"640","zip2":"8315"}],"手平":[{"zip":"6408319","zip1":"640","zip2":"8319"}],"手平出島":[{"zip":"6408320","zip1":"640","zip2":"8320"}],"寺内":[{"zip":"6408311","zip1":"640","zip2":"8311"}],"出口甲賀丁":[{"zip":"6408282","zip1":"640","zip2":"8282"}],"出口新端ノ丁":[{"zip":"6408285","zip1":"640","zip2":"8285"}],"出口中ノ丁":[{"zip":"6408283","zip1":"640","zip2":"8283"}],"出口端ノ丁":[{"zip":"6408284","zip1":"640","zip2":"8284"}],"出島":[{"zip":"6408306","zip1":"640","zip2":"8306"}],"出水":[{"zip":"6408321","zip1":"640","zip2":"8321"}],"伝法橋南ノ丁":[{"zip":"6408204","zip1":"640","zip2":"8204"}],"道場町":[{"zip":"6408229","zip1":"640","zip2":"8229"}],"土入":[{"zip":"6408432","zip1":"640","zip2":"8432"}],"徳田木丁":[{"zip":"6408206","zip1":"640","zip2":"8206"}],"土佐町":[{"zip":"6408256","zip1":"640","zip2":"8256"}],"友田町":[{"zip":"6408342","zip1":"640","zip2":"8342"}],"中":[{"zip":"6408451","zip1":"640","zip2":"8451"}],"中島":[{"zip":"6410006","zip1":"641","zip2":"0006"}],"中筋日延":[{"zip":"6496304","zip1":"649","zip2":"6304"}],"中野":[{"zip":"6408433","zip1":"640","zip2":"8433"}],"中之島":[{"zip":"6408392","zip1":"640","zip2":"8392"}],"中ノ店中ノ丁":[{"zip":"6408025","zip1":"640","zip2":"8025"}],"中ノ店南ノ丁":[{"zip":"6408026","zip1":"640","zip2":"8026"}],"中ノ店北ノ丁":[{"zip":"6408023","zip1":"640","zip2":"8023"}],"永山":[{"zip":"6400302","zip1":"640","zip2":"0302"}],"七曲り":[{"zip":"6408236","zip1":"640","zip2":"8236"}],"鍋屋町":[{"zip":"6408009","zip1":"640","zip2":"8009"}],"鳴神":[{"zip":"6408303","zip1":"640","zip2":"8303"}],"永穂":[{"zip":"6496333","zip1":"649","zip2":"6333"}],"新高町":[{"zip":"6410034","zip1":"641","zip2":"0034"}],"仁井辺":[{"zip":"6400322","zip1":"640","zip2":"0322"}],"西":[{"zip":"6408313","zip1":"640","zip2":"8313"}],"西鍛冶屋町":[{"zip":"6408046","zip1":"640","zip2":"8046"}],"西河岸町":[{"zip":"6408297","zip1":"640","zip2":"8297"}],"西釘貫丁":[{"zip":"6408063","zip1":"640","zip2":"8063"}],"西蔵前丁":[{"zip":"6408205","zip1":"640","zip2":"8205"}],"西小二里":[{"zip":"6410031","zip1":"641","zip2":"0031"}],"西紺屋町":[{"zip":"6408116","zip1":"640","zip2":"8116"}],"西坂ノ上丁":[{"zip":"6408234","zip1":"640","zip2":"8234"}],"西田井":[{"zip":"6496335","zip1":"649","zip2":"6335"}],"西高松":[{"zip":"6410051","zip1":"641","zip2":"0051"}],"西大工町":[{"zip":"6408037","zip1":"640","zip2":"8037"}],"西仲間町":[{"zip":"6408014","zip1":"640","zip2":"8014"}],"西長町":[{"zip":"6408290","zip1":"640","zip2":"8290"}],"西布経丁":[{"zip":"6408211","zip1":"640","zip2":"8211"}],"西庄":[{"zip":"6400112","zip1":"640","zip2":"0112"}],"西ノ店":[{"zip":"6408042","zip1":"640","zip2":"8042"}],"西旅籠町":[{"zip":"6408021","zip1":"640","zip2":"8021"}],"西浜":[{"zip":"6410036","zip1":"641","zip2":"0036"}],"西汀丁":[{"zip":"6408227","zip1":"640","zip2":"8227"}],"二番丁":[{"zip":"6408143","zip1":"640","zip2":"8143"}],"新留丁":[{"zip":"6408326","zip1":"640","zip2":"8326"}],"布引":[{"zip":"6410015","zip1":"641","zip2":"0015"}],"祢宜":[{"zip":"6496324","zip1":"649","zip2":"6324"}],"直川":[{"zip":"6408481","zip1":"640","zip2":"8481"}],"納定":[{"zip":"6408344","zip1":"640","zip2":"8344"}],"野崎":[{"zip":"6408402","zip1":"640","zip2":"8402"}],"延時":[{"zip":"6408443","zip1":"640","zip2":"8443"}],"橋丁":[{"zip":"6408215","zip1":"640","zip2":"8215"}],"橋向丁":[{"zip":"6408327","zip1":"640","zip2":"8327"}],"畑屋敷榎丁":[{"zip":"6408382","zip1":"640","zip2":"8382"}],"畑屋敷円福院東ノ丁":[{"zip":"6408383","zip1":"640","zip2":"8383"}],"畑屋敷円福院西ノ丁":[{"zip":"6408385","zip1":"640","zip2":"8385"}],"畑屋敷雁木丁":[{"zip":"6408386","zip1":"640","zip2":"8386"}],"畑屋敷葛屋丁":[{"zip":"6408384","zip1":"640","zip2":"8384"}],"畑屋敷新道丁":[{"zip":"6408397","zip1":"640","zip2":"8397"}],"畑屋敷千体仏丁":[{"zip":"6408394","zip1":"640","zip2":"8394"}],"畑屋敷中ノ丁":[{"zip":"6408395","zip1":"640","zip2":"8395"}],"畑屋敷端ノ丁":[{"zip":"6408393","zip1":"640","zip2":"8393"}],"畑屋敷東ノ丁":[{"zip":"6408381","zip1":"640","zip2":"8381"}],"畑屋敷西ノ丁":[{"zip":"6408396","zip1":"640","zip2":"8396"}],"畑屋敷兵庫ノ丁":[{"zip":"6408399","zip1":"640","zip2":"8399"}],"畑屋敷袋町":[{"zip":"6408387","zip1":"640","zip2":"8387"}],"畑屋敷松ケ枝丁":[{"zip":"6408398","zip1":"640","zip2":"8398"}],"八番丁":[{"zip":"6408157","zip1":"640","zip2":"8157"}],"馬場":[{"zip":"6400353","zip1":"640","zip2":"0353"}],"吐前":[{"zip":"6496275","zip1":"649","zip2":"6275"}],"東鍛冶屋町":[{"zip":"6408036","zip1":"640","zip2":"8036"}],"東釘貫丁":[{"zip":"6408064","zip1":"640","zip2":"8064"}],"東蔵前丁":[{"zip":"6408203","zip1":"640","zip2":"8203"}],"東小二里町":[{"zip":"6410032","zip1":"641","zip2":"0032"}],"東紺屋町":[{"zip":"6408115","zip1":"640","zip2":"8115"}],"東坂ノ上丁":[{"zip":"6408247","zip1":"640","zip2":"8247"}],"東高松":[{"zip":"6410052","zip1":"641","zip2":"0052"}],"東田中":[{"zip":"6496273","zip1":"649","zip2":"6273"}],"東仲間町":[{"zip":"6408013","zip1":"640","zip2":"8013"}],"東長町":[{"zip":"6408235","zip1":"640","zip2":"8235"}],"東長町中ノ丁":[{"zip":"6408266","zip1":"640","zip2":"8266"}],"東布経丁":[{"zip":"6408066","zip1":"640","zip2":"8066"}],"東旅籠町":[{"zip":"6408004","zip1":"640","zip2":"8004"}],"一筋目":[{"zip":"6408067","zip1":"640","zip2":"8067"}],"日野":[{"zip":"6400111","zip1":"640","zip2":"0111"}],"屏風丁":[{"zip":"6408202","zip1":"640","zip2":"8202"}],"平井":[{"zip":"6408442","zip1":"640","zip2":"8442"}],"平尾":[{"zip":"6400304","zip1":"640","zip2":"0304"}],"平岡":[{"zip":"6496303","zip1":"649","zip2":"6303"}],"広瀬通丁":[{"zip":"6408113","zip1":"640","zip2":"8113"}],"広瀬中ノ丁":[{"zip":"6408128","zip1":"640","zip2":"8128"}],"広原":[{"zip":"6400333","zip1":"640","zip2":"0333"}],"広道":[{"zip":"6408268","zip1":"640","zip2":"8268"}],"弘西":[{"zip":"6496339","zip1":"649","zip2":"6339"}],"吹上":[{"zip":"6408137","zip1":"640","zip2":"8137"}],"吹屋町":[{"zip":"6408324","zip1":"640","zip2":"8324"}],"福島":[{"zip":"6408401","zip1":"640","zip2":"8401"}],"福町":[{"zip":"6408043","zip1":"640","zip2":"8043"}],"藤田":[{"zip":"6496318","zip1":"649","zip2":"6318"}],"二筋目":[{"zip":"6408068","zip1":"640","zip2":"8068"}],"府中":[{"zip":"6496338","zip1":"649","zip2":"6338"}],"舟大工町":[{"zip":"6408213","zip1":"640","zip2":"8213"}],"舟津町":[{"zip":"6408255","zip1":"640","zip2":"8255"}],"船所":[{"zip":"6408461","zip1":"640","zip2":"8461"}],"冬野":[{"zip":"6400332","zip1":"640","zip2":"0332"}],"弁財天丁":[{"zip":"6408131","zip1":"640","zip2":"8131"}],"坊主丁":[{"zip":"6408375","zip1":"640","zip2":"8375"}],"卜半町":[{"zip":"6408045","zip1":"640","zip2":"8045"}],"布施屋":[{"zip":"6496321","zip1":"649","zip2":"6321"}],"堀止南ノ丁":[{"zip":"6410041","zip1":"641","zip2":"0041"}],"堀止東":[{"zip":"6408136","zip1":"640","zip2":"8136"}],"堀止西":[{"zip":"6410045","zip1":"641","zip2":"0045"}],"本町":[{"zip":"6408033","zip1":"640","zip2":"8033"}],"真砂丁":[{"zip":"6408261","zip1":"640","zip2":"8261"}],"松江":[{"zip":"6408421","zip1":"640","zip2":"8421"}],"松江中":[{"zip":"6408423","zip1":"640","zip2":"8423"}],"松江東":[{"zip":"6408422","zip1":"640","zip2":"8422"}],"松江西":[{"zip":"6408424","zip1":"640","zip2":"8424"}],"松江北":[{"zip":"6408425","zip1":"640","zip2":"8425"}],"松ケ丘":[{"zip":"6410033","zip1":"641","zip2":"0033"}],"松島":[{"zip":"6408304","zip1":"640","zip2":"8304"}],"松原":[{"zip":"6400342","zip1":"640","zip2":"0342"}],"三葛":[{"zip":"6410011","zip1":"641","zip2":"0011"}],"三木町台所町":[{"zip":"6408153","zip1":"640","zip2":"8153"}],"三木町中ノ丁":[{"zip":"6408106","zip1":"640","zip2":"8106"}],"三木町堀詰":[{"zip":"6408107","zip1":"640","zip2":"8107"}],"三木町南ノ丁":[{"zip":"6408105","zip1":"640","zip2":"8105"}],"三沢町":[{"zip":"6408123","zip1":"640","zip2":"8123"}],"三筋目":[{"zip":"6408069","zip1":"640","zip2":"8069"}],"美園町":[{"zip":"6408331","zip1":"640","zip2":"8331"}],"満屋":[{"zip":"6496271","zip1":"649","zip2":"6271"}],"湊":[{"zip":"6408404","zip1":"640","zip2":"8404"}],"湊桶屋町":[{"zip":"6408264","zip1":"640","zip2":"8264"}],"湊北町":[{"zip":"6408223","zip1":"640","zip2":"8223"}],"湊紺屋町":[{"zip":"6408221","zip1":"640","zip2":"8221"}],"湊御殿":[{"zip":"6408286","zip1":"640","zip2":"8286"}],"湊通丁南":[{"zip":"6408281","zip1":"640","zip2":"8281"}],"湊通丁北":[{"zip":"6408262","zip1":"640","zip2":"8262"}],"湊本町":[{"zip":"6408222","zip1":"640","zip2":"8222"}],"南相生丁":[{"zip":"6408275","zip1":"640","zip2":"8275"}],"南牛町":[{"zip":"6408295","zip1":"640","zip2":"8295"}],"南桶屋町":[{"zip":"6408029","zip1":"640","zip2":"8029"}],"南片原":[{"zip":"6408126","zip1":"640","zip2":"8126"}],"南休賀町":[{"zip":"6408104","zip1":"640","zip2":"8104"}],"南雑賀町":[{"zip":"6408102","zip1":"640","zip2":"8102"}],"南細工町":[{"zip":"6408117","zip1":"640","zip2":"8117"}],"南材木丁":[{"zip":"6408112","zip1":"640","zip2":"8112"}],"南甚五兵衛丁":[{"zip":"6408292","zip1":"640","zip2":"8292"}],"南田辺丁":[{"zip":"6408254","zip1":"640","zip2":"8254"}],"南大工町":[{"zip":"6408032","zip1":"640","zip2":"8032"}],"南中間町":[{"zip":"6408251","zip1":"640","zip2":"8251"}],"南出島":[{"zip":"6408318","zip1":"640","zip2":"8318"}],"南畑":[{"zip":"6400315","zip1":"640","zip2":"0315"}],"南汀丁":[{"zip":"6408232","zip1":"640","zip2":"8232"}],"深山":[{"zip":"6400102","zip1":"640","zip2":"0102"}],"明王寺":[{"zip":"6400305","zip1":"640","zip2":"0305"}],"向":[{"zip":"6408431","zip1":"640","zip2":"8431"}],"六筋目":[{"zip":"6408077","zip1":"640","zip2":"8077"}],"六十谷":[{"zip":"6408482","zip1":"640","zip2":"8482"}],"元寺町":[{"zip":"6408024","zip1":"640","zip2":"8024"}],"元寺町東ノ丁":[{"zip":"6408006","zip1":"640","zip2":"8006"}],"元寺町西ノ丁":[{"zip":"6408007","zip1":"640","zip2":"8007"}],"元寺町南ノ丁":[{"zip":"6408005","zip1":"640","zip2":"8005"}],"元寺町北ノ丁":[{"zip":"6408008","zip1":"640","zip2":"8008"}],"元博労町":[{"zip":"6408216","zip1":"640","zip2":"8216"}],"元町奉行丁":[{"zip":"6408127","zip1":"640","zip2":"8127"}],"本脇":[{"zip":"6400113","zip1":"640","zip2":"0113"}],"本渡":[{"zip":"6400324","zip1":"640","zip2":"0324"}],"森小手穂":[{"zip":"6408312","zip1":"640","zip2":"8312"}],"屋形町":[{"zip":"6408151","zip1":"640","zip2":"8151"}],"薬勝寺":[{"zip":"6400321","zip1":"640","zip2":"0321"}],"矢田":[{"zip":"6400307","zip1":"640","zip2":"0307"}],"柳丁":[{"zip":"6408336","zip1":"640","zip2":"8336"}],"薮ノ丁":[{"zip":"6408138","zip1":"640","zip2":"8138"}],"山蔭丁":[{"zip":"6408132","zip1":"640","zip2":"8132"}],"山口西":[{"zip":"6496317","zip1":"649","zip2":"6317"}],"山吹丁":[{"zip":"6408065","zip1":"640","zip2":"8065"}],"湯屋谷":[{"zip":"6496302","zip1":"649","zip2":"6302"}],"吉里":[{"zip":"6400363","zip1":"640","zip2":"0363"}],"吉田":[{"zip":"6408343","zip1":"640","zip2":"8343"}],"吉原":[{"zip":"6400331","zip1":"640","zip2":"0331"}],"四筋目":[{"zip":"6408060","zip1":"640","zip2":"8060"}],"寄合町":[{"zip":"6408214","zip1":"640","zip2":"8214"}],"万町":[{"zip":"6408035","zip1":"640","zip2":"8035"}],"四番丁":[{"zip":"6408144","zip1":"640","zip2":"8144"}],"六番丁":[{"zip":"6408154","zip1":"640","zip2":"8154"}],"和歌浦中":[{"zip":"6410025","zip1":"641","zip2":"0025"}],"和歌浦東":[{"zip":"6410021","zip1":"641","zip2":"0021"}],"和歌浦西":[{"zip":"6410024","zip1":"641","zip2":"0024"}],"和歌浦南":[{"zip":"6410022","zip1":"641","zip2":"0022"}],"和歌川町":[{"zip":"6410055","zip1":"641","zip2":"0055"}],"和歌町":[{"zip":"6408119","zip1":"640","zip2":"8119"}],"和佐関戸":[{"zip":"6496322","zip1":"649","zip2":"6322"}],"和佐中":[{"zip":"6496326","zip1":"649","zip2":"6326"}],"和田":[{"zip":"6410004","zip1":"641","zip2":"0004"}]},"海南市":{"以下に掲載がない場合":[{"zip":"6420000","zip1":"642","zip2":"0000"}],"赤沼":[{"zip":"6401163","zip1":"640","zip2":"1163"}],"且来":[{"zip":"6420015","zip1":"642","zip2":"0015"}],"井田":[{"zip":"6420021","zip1":"642","zip2":"0021"}],"海老谷":[{"zip":"6401164","zip1":"640","zip2":"1164"}],"多田":[{"zip":"6420013","zip1":"642","zip2":"0013"}],"大野中":[{"zip":"6420022","zip1":"642","zip2":"0022"}],"岡田":[{"zip":"6420012","zip1":"642","zip2":"0012"}],"沖野々":[{"zip":"6401175","zip1":"640","zip2":"1175"}],"小野田":[{"zip":"6420014","zip1":"642","zip2":"0014"}],"上谷":[{"zip":"6401162","zip1":"640","zip2":"1162"}],"木津":[{"zip":"6401174","zip1":"640","zip2":"1174"}],"北赤坂":[{"zip":"6420016","zip1":"642","zip2":"0016"}],"九品寺":[{"zip":"6401167","zip1":"640","zip2":"1167"}],"扱沢":[{"zip":"6420027","zip1":"642","zip2":"0027"}],"黒江":[{"zip":"6420011","zip1":"642","zip2":"0011"}],"阪井":[{"zip":"6420024","zip1":"642","zip2":"0024"}],"重根":[{"zip":"6420023","zip1":"642","zip2":"0023"}],"重根西":[{"zip":"6420019","zip1":"642","zip2":"0019"}],"重根東":[{"zip":"6420018","zip1":"642","zip2":"0018"}],"冷水":[{"zip":"6420035","zip1":"642","zip2":"0035"}],"下津町青枝":[{"zip":"6490147","zip1":"649","zip2":"0147"}],"下津町市坪":[{"zip":"6490145","zip1":"649","zip2":"0145"}],"下津町梅田":[{"zip":"6490132","zip1":"649","zip2":"0132"}],"下津町大窪":[{"zip":"6490155","zip1":"649","zip2":"0155"}],"下津町大崎":[{"zip":"6490112","zip1":"649","zip2":"0112"}],"下津町興":[{"zip":"6490153","zip1":"649","zip2":"0153"}],"下津町小原":[{"zip":"6490162","zip1":"649","zip2":"0162"}],"下津町笠畑":[{"zip":"6490154","zip1":"649","zip2":"0154"}],"下津町方":[{"zip":"6490111","zip1":"649","zip2":"0111"}],"下津町上":[{"zip":"6490164","zip1":"649","zip2":"0164"}],"下津町鰈川":[{"zip":"6490163","zip1":"649","zip2":"0163"}],"下津町橘本":[{"zip":"6490144","zip1":"649","zip2":"0144"}],"下津町沓掛":[{"zip":"6490146","zip1":"649","zip2":"0146"}],"下津町黒田":[{"zip":"6490122","zip1":"649","zip2":"0122"}],"下津町小畑":[{"zip":"6490161","zip1":"649","zip2":"0161"}],"下津町小松原":[{"zip":"6490143","zip1":"649","zip2":"0143"}],"下津町小南":[{"zip":"6490141","zip1":"649","zip2":"0141"}],"下津町塩津":[{"zip":"6490131","zip1":"649","zip2":"0131"}],"下津町下":[{"zip":"6490133","zip1":"649","zip2":"0133"}],"下津町下津":[{"zip":"6490101","zip1":"649","zip2":"0101"}],"下津町曽根田":[{"zip":"6490151","zip1":"649","zip2":"0151"}],"下津町中":[{"zip":"6490142","zip1":"649","zip2":"0142"}],"下津町引尾":[{"zip":"6490152","zip1":"649","zip2":"0152"}],"下津町丸田":[{"zip":"6490121","zip1":"649","zip2":"0121"}],"下津町百垣内":[{"zip":"6490156","zip1":"649","zip2":"0156"}],"下津町丁":[{"zip":"6490123","zip1":"649","zip2":"0123"}],"下津野":[{"zip":"6400443","zip1":"640","zip2":"0443"}],"高津":[{"zip":"6400451","zip1":"640","zip2":"0451"}],"築地":[{"zip":"6420031","zip1":"642","zip2":"0031"}],"次ケ谷":[{"zip":"6401166","zip1":"640","zip2":"1166"}],"鳥居":[{"zip":"6420033","zip1":"642","zip2":"0033"}],"名高":[{"zip":"6420032","zip1":"642","zip2":"0032"}],"七山":[{"zip":"6400441","zip1":"640","zip2":"0441"}],"野上新":[{"zip":"6401161","zip1":"640","zip2":"1161"}],"野上中":[{"zip":"6401171","zip1":"640","zip2":"1171"}],"野尻":[{"zip":"6400453","zip1":"640","zip2":"0453"}],"幡川":[{"zip":"6420028","zip1":"642","zip2":"0028"}],"馬場町":[{"zip":"6420004","zip1":"642","zip2":"0004"}],"原野":[{"zip":"6400442","zip1":"640","zip2":"0442"}],"日方":[{"zip":"6420002","zip1":"642","zip2":"0002"}],"東畑":[{"zip":"6420025","zip1":"642","zip2":"0025"}],"ひや水":[{"zip":"6401165","zip1":"640","zip2":"1165"}],"藤白":[{"zip":"6420034","zip1":"642","zip2":"0034"}],"船尾":[{"zip":"6420001","zip1":"642","zip2":"0001"}],"別院":[{"zip":"6400454","zip1":"640","zip2":"0454"}],"別所":[{"zip":"6420026","zip1":"642","zip2":"0026"}],"溝ノ口":[{"zip":"6401172","zip1":"640","zip2":"1172"}],"南赤坂":[{"zip":"6420017","zip1":"642","zip2":"0017"}],"椋木":[{"zip":"6401173","zip1":"640","zip2":"1173"}],"孟子":[{"zip":"6400452","zip1":"640","zip2":"0452"}],"山崎町":[{"zip":"6420003","zip1":"642","zip2":"0003"}],"山田":[{"zip":"6420029","zip1":"642","zip2":"0029"}]},"橋本市":{"以下に掲載がない場合":[{"zip":"6480000","zip1":"648","zip2":"0000"}],"赤塚":[{"zip":"6480022","zip1":"648","zip2":"0022"}],"あやの台":[{"zip":"6480019","zip1":"648","zip2":"0019"}],"市脇":[{"zip":"6480073","zip1":"648","zip2":"0073"}],"上田":[{"zip":"6480024","zip1":"648","zip2":"0024"}],"小原田":[{"zip":"6480071","zip1":"648","zip2":"0071"}],"小峰台":[{"zip":"6480005","zip1":"648","zip2":"0005"}],"柿の木坂":[{"zip":"6480097","zip1":"648","zip2":"0097"}],"賢堂":[{"zip":"6480037","zip1":"648","zip2":"0037"}],"柏原":[{"zip":"6480084","zip1":"648","zip2":"0084"}],"学文路":[{"zip":"6480043","zip1":"648","zip2":"0043"}],"岸上":[{"zip":"6480085","zip1":"648","zip2":"0085"}],"北馬場":[{"zip":"6480061","zip1":"648","zip2":"0061"}],"北宿":[{"zip":"6480033","zip1":"648","zip2":"0033"}],"紀ノ光台":[{"zip":"6480007","zip1":"648","zip2":"0007"}],"紀見":[{"zip":"6480052","zip1":"648","zip2":"0052"}],"紀見ケ丘":[{"zip":"6480092","zip1":"648","zip2":"0092"}],"慶賀野":[{"zip":"6480093","zip1":"648","zip2":"0093"}],"恋野":[{"zip":"6480021","zip1":"648","zip2":"0021"}],"高野口町応其":[{"zip":"6497201","zip1":"649","zip2":"7201"}],"高野口町大野":[{"zip":"6497207","zip1":"649","zip2":"7207"}],"高野口町小田":[{"zip":"6497204","zip1":"649","zip2":"7204"}],"高野口町上中":[{"zip":"6497212","zip1":"649","zip2":"7212"}],"高野口町九重":[{"zip":"6497215","zip1":"649","zip2":"7215"}],"高野口町嵯峨谷":[{"zip":"6497213","zip1":"649","zip2":"7213"}],"高野口町下中":[{"zip":"6497211","zip1":"649","zip2":"7211"}],"高野口町竹尾":[{"zip":"6497214","zip1":"649","zip2":"7214"}],"高野口町田原":[{"zip":"6497216","zip1":"649","zip2":"7216"}],"高野口町名倉":[{"zip":"6497205","zip1":"649","zip2":"7205"}],"高野口町名古曽":[{"zip":"6497203","zip1":"649","zip2":"7203"}],"高野口町伏原":[{"zip":"6497202","zip1":"649","zip2":"7202"}],"高野口町向島":[{"zip":"6497206","zip1":"649","zip2":"7206"}],"光陽台":[{"zip":"6480099","zip1":"648","zip2":"0099"}],"古佐田":[{"zip":"6480065","zip1":"648","zip2":"0065"}],"神野々":[{"zip":"6480086","zip1":"648","zip2":"0086"}],"胡麻生":[{"zip":"6480066","zip1":"648","zip2":"0066"}],"境原":[{"zip":"6480006","zip1":"648","zip2":"0006"}],"さつき台":[{"zip":"6480075","zip1":"648","zip2":"0075"}],"清水":[{"zip":"6480041","zip1":"648","zip2":"0041"}],"菖蒲谷":[{"zip":"6480082","zip1":"648","zip2":"0082"}],"しらさぎ台":[{"zip":"6480053","zip1":"648","zip2":"0053"}],"城山台":[{"zip":"6480054","zip1":"648","zip2":"0054"}],"杉尾":[{"zip":"6480001","zip1":"648","zip2":"0001"}],"須河":[{"zip":"6480038","zip1":"648","zip2":"0038"}],"隅田町芋生":[{"zip":"6480012","zip1":"648","zip2":"0012"}],"隅田町上兵庫":[{"zip":"6480014","zip1":"648","zip2":"0014"}],"隅田町下兵庫":[{"zip":"6480016","zip1":"648","zip2":"0016"}],"隅田町河瀬":[{"zip":"6480015","zip1":"648","zip2":"0015"}],"隅田町霜草":[{"zip":"6480004","zip1":"648","zip2":"0004"}],"隅田町垂井":[{"zip":"6480018","zip1":"648","zip2":"0018"}],"隅田町中下":[{"zip":"6480013","zip1":"648","zip2":"0013"}],"隅田町中島":[{"zip":"6480017","zip1":"648","zip2":"0017"}],"隅田町平野":[{"zip":"6480002","zip1":"648","zip2":"0002"}],"隅田町真土":[{"zip":"6480011","zip1":"648","zip2":"0011"}],"隅田町山内":[{"zip":"6480003","zip1":"648","zip2":"0003"}],"只野":[{"zip":"6480031","zip1":"648","zip2":"0031"}],"谷奥深":[{"zip":"6480032","zip1":"648","zip2":"0032"}],"妻":[{"zip":"6480062","zip1":"648","zip2":"0062"}],"出塔":[{"zip":"6480083","zip1":"648","zip2":"0083"}],"東家":[{"zip":"6480072","zip1":"648","zip2":"0072"}],"中道":[{"zip":"6480023","zip1":"648","zip2":"0023"}],"西畑":[{"zip":"6480042","zip1":"648","zip2":"0042"}],"野":[{"zip":"6480074","zip1":"648","zip2":"0074"}],"橋谷":[{"zip":"6480095","zip1":"648","zip2":"0095"}],"橋本":[{"zip":"6480064","zip1":"648","zip2":"0064"}],"柱本":[{"zip":"6480091","zip1":"648","zip2":"0091"}],"原田":[{"zip":"6480063","zip1":"648","zip2":"0063"}],"彦谷":[{"zip":"6480035","zip1":"648","zip2":"0035"}],"細川":[{"zip":"6480051","zip1":"648","zip2":"0051"}],"三石台":[{"zip":"6480094","zip1":"648","zip2":"0094"}],"南馬場":[{"zip":"6480044","zip1":"648","zip2":"0044"}],"南宿":[{"zip":"6480034","zip1":"648","zip2":"0034"}],"みゆき台":[{"zip":"6480088","zip1":"648","zip2":"0088"}],"御幸辻":[{"zip":"6480096","zip1":"648","zip2":"0096"}],"向副":[{"zip":"6480025","zip1":"648","zip2":"0025"}],"矢倉脇":[{"zip":"6480098","zip1":"648","zip2":"0098"}],"山田":[{"zip":"6480081","zip1":"648","zip2":"0081"}],"横座":[{"zip":"6480036","zip1":"648","zip2":"0036"}],"吉原":[{"zip":"6480087","zip1":"648","zip2":"0087"}]},"有田市":{"以下に掲載がない場合":[{"zip":"6490300","zip1":"649","zip2":"0300"}],"糸我町中番":[{"zip":"6490421","zip1":"649","zip2":"0421"}],"糸我町西":[{"zip":"6490422","zip1":"649","zip2":"0422"}],"古江見":[{"zip":"6490317","zip1":"649","zip2":"0317"}],"下中島":[{"zip":"6490301","zip1":"649","zip2":"0301"}],"新堂":[{"zip":"6490303","zip1":"649","zip2":"0303"}],"千田":[{"zip":"6490313","zip1":"649","zip2":"0313"}],"辻堂":[{"zip":"6490311","zip1":"649","zip2":"0311"}],"野":[{"zip":"6490314","zip1":"649","zip2":"0314"}],"初島町里":[{"zip":"6490307","zip1":"649","zip2":"0307"}],"初島町浜":[{"zip":"6490306","zip1":"649","zip2":"0306"}],"星尾":[{"zip":"6490312","zip1":"649","zip2":"0312"}],"港町":[{"zip":"6490305","zip1":"649","zip2":"0305"}],"箕島":[{"zip":"6490304","zip1":"649","zip2":"0304"}],"宮崎町":[{"zip":"6490316","zip1":"649","zip2":"0316"}],"宮原町新町":[{"zip":"6490434","zip1":"649","zip2":"0434"}],"宮原町須谷":[{"zip":"6490433","zip1":"649","zip2":"0433"}],"宮原町滝":[{"zip":"6490437","zip1":"649","zip2":"0437"}],"宮原町滝川原":[{"zip":"6490435","zip1":"649","zip2":"0435"}],"宮原町道":[{"zip":"6490436","zip1":"649","zip2":"0436"}],"宮原町畑":[{"zip":"6490431","zip1":"649","zip2":"0431"}],"宮原町東":[{"zip":"6490432","zip1":"649","zip2":"0432"}],"山田原":[{"zip":"6490302","zip1":"649","zip2":"0302"}],"山地":[{"zip":"6490315","zip1":"649","zip2":"0315"}]},"御坊市":{"以下に掲載がない場合":[{"zip":"6440000","zip1":"644","zip2":"0000"}],"荊木":[{"zip":"6440015","zip1":"644","zip2":"0015"}],"熊野":[{"zip":"6440033","zip1":"644","zip2":"0033"}],"岩内":[{"zip":"6440032","zip1":"644","zip2":"0032"}],"御坊":[{"zip":"6440001","zip1":"644","zip2":"0001"}],"塩屋町南塩屋":[{"zip":"6440024","zip1":"644","zip2":"0024"}],"塩屋町北塩屋":[{"zip":"6440025","zip1":"644","zip2":"0025"}],"島":[{"zip":"6440003","zip1":"644","zip2":"0003"}],"薗":[{"zip":"6440002","zip1":"644","zip2":"0002"}],"名田町上野":[{"zip":"6440022","zip1":"644","zip2":"0022"}],"名田町楠井":[{"zip":"6440021","zip1":"644","zip2":"0021"}],"名田町野島":[{"zip":"6440023","zip1":"644","zip2":"0023"}],"名屋":[{"zip":"6440004","zip1":"644","zip2":"0004"}],"名屋町":[{"zip":"6440005","zip1":"644","zip2":"0005"}],"野口":[{"zip":"6440031","zip1":"644","zip2":"0031"}],"藤田町藤井":[{"zip":"6491341","zip1":"649","zip2":"1341"}],"藤田町吉田":[{"zip":"6491342","zip1":"649","zip2":"1342"}],"明神川":[{"zip":"6440034","zip1":"644","zip2":"0034"}],"湯川町小松原":[{"zip":"6440012","zip1":"644","zip2":"0012"}],"湯川町財部":[{"zip":"6440011","zip1":"644","zip2":"0011"}],"湯川町富安":[{"zip":"6440014","zip1":"644","zip2":"0014"}],"湯川町丸山":[{"zip":"6440013","zip1":"644","zip2":"0013"}]},"田辺市":{"以下に掲載がない場合":[{"zip":"6460000","zip1":"646","zip2":"0000"}],"秋津川":[{"zip":"6460102","zip1":"646","zip2":"0102"}],"秋津町":[{"zip":"6460005","zip1":"646","zip2":"0005"}],"あけぼの":[{"zip":"6460021","zip1":"646","zip2":"0021"}],"朝日ヶ丘":[{"zip":"6460027","zip1":"646","zip2":"0027"}],"鮎川":[{"zip":"6461101","zip1":"646","zip2":"1101"}],"磯間":[{"zip":"6460037","zip1":"646","zip2":"0037"}],"稲成町":[{"zip":"6460051","zip1":"646","zip2":"0051"}],"今福町":[{"zip":"6460043","zip1":"646","zip2":"0043"}],"熊野":[{"zip":"6461321","zip1":"646","zip2":"1321"}],"上野":[{"zip":"6460212","zip1":"646","zip2":"0212"}],"上の山":[{"zip":"6460061","zip1":"646","zip2":"0061"}],"江川":[{"zip":"6460054","zip1":"646","zip2":"0054"}],"扇ケ浜":[{"zip":"6460034","zip1":"646","zip2":"0034"}],"学園":[{"zip":"6460024","zip1":"646","zip2":"0024"}],"神島台":[{"zip":"6460012","zip1":"646","zip2":"0012"}],"片町":[{"zip":"6460045","zip1":"646","zip2":"0045"}],"上秋津":[{"zip":"6460001","zip1":"646","zip2":"0001"}],"上芳養":[{"zip":"6460101","zip1":"646","zip2":"0101"}],"上万呂":[{"zip":"6460002","zip1":"646","zip2":"0002"}],"上三栖":[{"zip":"6460214","zip1":"646","zip2":"0214"}],"上屋敷":[{"zip":"6460036","zip1":"646","zip2":"0036"}],"北新町":[{"zip":"6460041","zip1":"646","zip2":"0041"}],"九川":[{"zip":"6461334","zip1":"646","zip2":"1334"}],"串":[{"zip":"6461335","zip1":"646","zip2":"1335"}],"合川":[{"zip":"6461338","zip1":"646","zip2":"1338"}],"小谷":[{"zip":"6461325","zip1":"646","zip2":"1325"}],"五味":[{"zip":"6461332","zip1":"646","zip2":"1332"}],"木守":[{"zip":"6461331","zip1":"646","zip2":"1331"}],"紺屋町":[{"zip":"6460047","zip1":"646","zip2":"0047"}],"栄町":[{"zip":"6460048","zip1":"646","zip2":"0048"}],"下川上":[{"zip":"6461212","zip1":"646","zip2":"1212"}],"下川下":[{"zip":"6461213","zip1":"646","zip2":"1213"}],"下露":[{"zip":"6461337","zip1":"646","zip2":"1337"}],"下万呂":[{"zip":"6460004","zip1":"646","zip2":"0004"}],"下三栖":[{"zip":"6460216","zip1":"646","zip2":"0216"}],"下屋敷町":[{"zip":"6460032","zip1":"646","zip2":"0032"}],"城山台":[{"zip":"6460217","zip1":"646","zip2":"0217"}],"新庄町":[{"zip":"6460011","zip1":"646","zip2":"0011"}],"新万":[{"zip":"6460014","zip1":"646","zip2":"0014"}],"新屋敷町":[{"zip":"6460033","zip1":"646","zip2":"0033"}],"末広町":[{"zip":"6460038","zip1":"646","zip2":"0038"}],"高雄":[{"zip":"6460028","zip1":"646","zip2":"0028"}],"たきない町":[{"zip":"6460015","zip1":"646","zip2":"0015"}],"竹ノ平":[{"zip":"6461324","zip1":"646","zip2":"1324"}],"谷野口":[{"zip":"6461336","zip1":"646","zip2":"1336"}],"天神崎":[{"zip":"6460050","zip1":"646","zip2":"0050"}],"東陽":[{"zip":"6460029","zip1":"646","zip2":"0029"}],"長瀬":[{"zip":"6461339","zip1":"646","zip2":"1339"}],"中芳養":[{"zip":"6460057","zip1":"646","zip2":"0057"}],"中辺路町石船":[{"zip":"6461412","zip1":"646","zip2":"1412"}],"中辺路町内井川":[{"zip":"6461439","zip1":"646","zip2":"1439"}],"中辺路町大内川":[{"zip":"6461411","zip1":"646","zip2":"1411"}],"中辺路町大川":[{"zip":"6461433","zip1":"646","zip2":"1433"}],"中辺路町川合":[{"zip":"6461417","zip1":"646","zip2":"1417"}],"中辺路町熊野川":[{"zip":"6461436","zip1":"646","zip2":"1436"}],"中辺路町栗栖川":[{"zip":"6461421","zip1":"646","zip2":"1421"}],"中辺路町小皆":[{"zip":"6461435","zip1":"646","zip2":"1435"}],"中辺路町小松原":[{"zip":"6461431","zip1":"646","zip2":"1431"}],"中辺路町沢":[{"zip":"6461437","zip1":"646","zip2":"1437"}],"中辺路町高原":[{"zip":"6461416","zip1":"646","zip2":"1416"}],"中辺路町近露":[{"zip":"6461402","zip1":"646","zip2":"1402"}],"中辺路町西谷":[{"zip":"6461414","zip1":"646","zip2":"1414"}],"中辺路町温川":[{"zip":"6461434","zip1":"646","zip2":"1434"}],"中辺路町野中":[{"zip":"6461401","zip1":"646","zip2":"1401"}],"中辺路町福定":[{"zip":"6461432","zip1":"646","zip2":"1432"}],"中辺路町北郡":[{"zip":"6461413","zip1":"646","zip2":"1413"}],"中辺路町真砂":[{"zip":"6461415","zip1":"646","zip2":"1415"}],"中辺路町水上":[{"zip":"6461438","zip1":"646","zip2":"1438"}],"中万呂":[{"zip":"6460003","zip1":"646","zip2":"0003"}],"中三栖":[{"zip":"6460215","zip1":"646","zip2":"0215"}],"中屋敷町":[{"zip":"6460035","zip1":"646","zip2":"0035"}],"長野":[{"zip":"6460213","zip1":"646","zip2":"0213"}],"芳養町":[{"zip":"6460056","zip1":"646","zip2":"0056"}],"芳養松原":[{"zip":"6460063","zip1":"646","zip2":"0063"}],"東伏菟野":[{"zip":"6461333","zip1":"646","zip2":"1333"}],"東山":[{"zip":"6460022","zip1":"646","zip2":"0022"}],"平瀬":[{"zip":"6461214","zip1":"646","zip2":"1214"}],"深谷":[{"zip":"6461326","zip1":"646","zip2":"1326"}],"福路町":[{"zip":"6460044","zip1":"646","zip2":"0044"}],"伏菟野":[{"zip":"6460211","zip1":"646","zip2":"0211"}],"古尾":[{"zip":"6460059","zip1":"646","zip2":"0059"}],"宝来町":[{"zip":"6460026","zip1":"646","zip2":"0026"}],"本宮町一本松":[{"zip":"6471742","zip1":"647","zip2":"1742"}],"本宮町請川":[{"zip":"6471703","zip1":"647","zip2":"1703"}],"本宮町大居":[{"zip":"6471741","zip1":"647","zip2":"1741"}],"本宮町大瀬":[{"zip":"6471725","zip1":"647","zip2":"1725"}],"本宮町大津荷":[{"zip":"6471702","zip1":"647","zip2":"1702"}],"本宮町上大野":[{"zip":"6471716","zip1":"647","zip2":"1716"}],"本宮町上切原":[{"zip":"6471751","zip1":"647","zip2":"1751"}],"本宮町川湯":[{"zip":"6471717","zip1":"647","zip2":"1717"}],"本宮町切畑":[{"zip":"6471752","zip1":"647","zip2":"1752"}],"本宮町久保野":[{"zip":"6471736","zip1":"647","zip2":"1736"}],"本宮町小々森":[{"zip":"6471722","zip1":"647","zip2":"1722"}],"本宮町小津荷":[{"zip":"6471701","zip1":"647","zip2":"1701"}],"本宮町静川":[{"zip":"6471714","zip1":"647","zip2":"1714"}],"本宮町下湯川":[{"zip":"6471734","zip1":"647","zip2":"1734"}],"本宮町高山":[{"zip":"6471705","zip1":"647","zip2":"1705"}],"本宮町田代":[{"zip":"6471712","zip1":"647","zip2":"1712"}],"本宮町土河屋":[{"zip":"6471753","zip1":"647","zip2":"1753"}],"本宮町野竹":[{"zip":"6471724","zip1":"647","zip2":"1724"}],"本宮町東和田":[{"zip":"6471715","zip1":"647","zip2":"1715"}],"本宮町檜葉":[{"zip":"6471721","zip1":"647","zip2":"1721"}],"本宮町伏拝":[{"zip":"6471743","zip1":"647","zip2":"1743"}],"本宮町武住":[{"zip":"6471726","zip1":"647","zip2":"1726"}],"本宮町本宮":[{"zip":"6471731","zip1":"647","zip2":"1731"}],"本宮町曲川":[{"zip":"6471735","zip1":"647","zip2":"1735"}],"本宮町三越":[{"zip":"6471744","zip1":"647","zip2":"1744"}],"本宮町皆瀬川":[{"zip":"6471711","zip1":"647","zip2":"1711"}],"本宮町皆地":[{"zip":"6471723","zip1":"647","zip2":"1723"}],"本宮町簑尾谷":[{"zip":"6471713","zip1":"647","zip2":"1713"}],"本宮町耳打":[{"zip":"6471704","zip1":"647","zip2":"1704"}],"本宮町湯峯":[{"zip":"6471732","zip1":"647","zip2":"1732"}],"本宮町渡瀬":[{"zip":"6471733","zip1":"647","zip2":"1733"}],"本町":[{"zip":"6460046","zip1":"646","zip2":"0046"}],"神子浜":[{"zip":"6460025","zip1":"646","zip2":"0025"}],"湊":[{"zip":"6460031","zip1":"646","zip2":"0031"}],"南新町":[{"zip":"6460042","zip1":"646","zip2":"0042"}],"南新万":[{"zip":"6460013","zip1":"646","zip2":"0013"}],"向山":[{"zip":"6461323","zip1":"646","zip2":"1323"}],"むつみ":[{"zip":"6460052","zip1":"646","zip2":"0052"}],"明洋":[{"zip":"6460062","zip1":"646","zip2":"0062"}],"目良":[{"zip":"6460058","zip1":"646","zip2":"0058"}],"面川":[{"zip":"6461322","zip1":"646","zip2":"1322"}],"元町":[{"zip":"6460053","zip1":"646","zip2":"0053"}],"文里":[{"zip":"6460023","zip1":"646","zip2":"0023"}],"龍神村小家":[{"zip":"6450303","zip1":"645","zip2":"0303"}],"龍神村甲斐ノ川":[{"zip":"6450302","zip1":"645","zip2":"0302"}],"龍神村小又川":[{"zip":"6450521","zip1":"645","zip2":"0521"}],"龍神村殿原":[{"zip":"6450413","zip1":"645","zip2":"0413"}],"龍神村西":[{"zip":"6450415","zip1":"645","zip2":"0415"}],"龍神村丹生ノ川":[{"zip":"6450412","zip1":"645","zip2":"0412"}],"龍神村東":[{"zip":"6450414","zip1":"645","zip2":"0414"}],"龍神村広井原":[{"zip":"6450523","zip1":"645","zip2":"0523"}],"龍神村福井":[{"zip":"6450301","zip1":"645","zip2":"0301"}],"龍神村三ツ又":[{"zip":"6450522","zip1":"645","zip2":"0522"}],"龍神村宮代":[{"zip":"6450411","zip1":"645","zip2":"0411"}],"龍神村安井":[{"zip":"6450416","zip1":"645","zip2":"0416"}],"龍神村柳瀬":[{"zip":"6450417","zip1":"645","zip2":"0417"}],"龍神村湯ノ又":[{"zip":"6450524","zip1":"645","zip2":"0524"}],"龍神村龍神":[{"zip":"6450525","zip1":"645","zip2":"0525"}],"和田":[{"zip":"6461211","zip1":"646","zip2":"1211"}]},"新宮市":{"以下に掲載がない場合":[{"zip":"6470000","zip1":"647","zip2":"0000"}],"相筋":[{"zip":"6470001","zip1":"647","zip2":"0001"}],"あけぼの":[{"zip":"6470025","zip1":"647","zip2":"0025"}],"阿須賀":[{"zip":"6470022","zip1":"647","zip2":"0022"}],"池田":[{"zip":"6470021","zip1":"647","zip2":"0021"}],"伊佐田町":[{"zip":"6470012","zip1":"647","zip2":"0012"}],"井の沢":[{"zip":"6470045","zip1":"647","zip2":"0045"}],"磐盾":[{"zip":"6470051","zip1":"647","zip2":"0051"}],"浮島":[{"zip":"6470014","zip1":"647","zip2":"0014"}],"馬町":[{"zip":"6470008","zip1":"647","zip2":"0008"}],"相賀":[{"zip":"6471102","zip1":"647","zip2":"1102"}],"王子町":[{"zip":"6470032","zip1":"647","zip2":"0032"}],"大橋通":[{"zip":"6470004","zip1":"647","zip2":"0004"}],"春日":[{"zip":"6470013","zip1":"647","zip2":"0013"}],"神倉":[{"zip":"6470044","zip1":"647","zip2":"0044"}],"上本町":[{"zip":"6470003","zip1":"647","zip2":"0003"}],"木ノ川":[{"zip":"6470073","zip1":"647","zip2":"0073"}],"熊野川町相須":[{"zip":"6471216","zip1":"647","zip2":"1216"}],"熊野川町赤木":[{"zip":"6471214","zip1":"647","zip2":"1214"}],"熊野川町畝畑":[{"zip":"6471207","zip1":"647","zip2":"1207"}],"熊野川町大山":[{"zip":"6471203","zip1":"647","zip2":"1203"}],"熊野川町鎌塚":[{"zip":"6471204","zip1":"647","zip2":"1204"}],"熊野川町上長井":[{"zip":"6471201","zip1":"647","zip2":"1201"}],"熊野川町九重":[{"zip":"6471233","zip1":"647","zip2":"1233"}],"熊野川町篠尾":[{"zip":"6471223","zip1":"647","zip2":"1223"}],"熊野川町四滝":[{"zip":"6471234","zip1":"647","zip2":"1234"}],"熊野川町嶋津":[{"zip":"6471232","zip1":"647","zip2":"1232"}],"熊野川町滝本":[{"zip":"6471205","zip1":"647","zip2":"1205"}],"熊野川町田長":[{"zip":"6471212","zip1":"647","zip2":"1212"}],"熊野川町玉置口":[{"zip":"6471231","zip1":"647","zip2":"1231"}],"熊野川町西":[{"zip":"6471206","zip1":"647","zip2":"1206"}],"熊野川町西敷屋":[{"zip":"6471221","zip1":"647","zip2":"1221"}],"熊野川町能城山本":[{"zip":"6471213","zip1":"647","zip2":"1213"}],"熊野川町東":[{"zip":"6471202","zip1":"647","zip2":"1202"}],"熊野川町東敷屋":[{"zip":"6471222","zip1":"647","zip2":"1222"}],"熊野川町日足":[{"zip":"6471211","zip1":"647","zip2":"1211"}],"熊野川町宮井":[{"zip":"6471235","zip1":"647","zip2":"1235"}],"熊野川町椋井":[{"zip":"6471215","zip1":"647","zip2":"1215"}],"熊野地":[{"zip":"6470024","zip1":"647","zip2":"0024"}],"五新":[{"zip":"6470053","zip1":"647","zip2":"0053"}],"佐野":[{"zip":"6470071","zip1":"647","zip2":"0071"}],"清水元":[{"zip":"6470033","zip1":"647","zip2":"0033"}],"下田":[{"zip":"6470042","zip1":"647","zip2":"0042"}],"下本町":[{"zip":"6470011","zip1":"647","zip2":"0011"}],"徐福":[{"zip":"6470020","zip1":"647","zip2":"0020"}],"新宮":[{"zip":"6470081","zip1":"647","zip2":"0081"}],"新町":[{"zip":"6470019","zip1":"647","zip2":"0019"}],"高田":[{"zip":"6471101","zip1":"647","zip2":"1101"}],"田鶴原町":[{"zip":"6470031","zip1":"647","zip2":"0031"}],"谷王子町":[{"zip":"6470016","zip1":"647","zip2":"0016"}],"丹鶴":[{"zip":"6470010","zip1":"647","zip2":"0010"}],"千穂":[{"zip":"6470015","zip1":"647","zip2":"0015"}],"仲之町":[{"zip":"6470018","zip1":"647","zip2":"0018"}],"野田":[{"zip":"6470041","zip1":"647","zip2":"0041"}],"橋本":[{"zip":"6470052","zip1":"647","zip2":"0052"}],"蜂伏":[{"zip":"6470072","zip1":"647","zip2":"0072"}],"船町":[{"zip":"6470002","zip1":"647","zip2":"0002"}],"別当屋敷町":[{"zip":"6470007","zip1":"647","zip2":"0007"}],"蓬莱":[{"zip":"6470023","zip1":"647","zip2":"0023"}],"丸山":[{"zip":"6470034","zip1":"647","zip2":"0034"}],"緑ケ丘":[{"zip":"6470043","zip1":"647","zip2":"0043"}],"南檜杖":[{"zip":"6470054","zip1":"647","zip2":"0054"}],"南檜杖（土ノ河）":[{"zip":"6471103","zip1":"647","zip2":"1103"}],"三輪崎":[{"zip":"6470061","zip1":"647","zip2":"0061"}],"元鍛治町":[{"zip":"6470005","zip1":"647","zip2":"0005"}],"薬師町":[{"zip":"6470006","zip1":"647","zip2":"0006"}],"横町":[{"zip":"6470017","zip1":"647","zip2":"0017"}]},"紀の川市":{"以下に掲載がない場合":[{"zip":"6496400","zip1":"649","zip2":"6400"}],"赤尾":[{"zip":"6496404","zip1":"649","zip2":"6404"}],"赤沼田":[{"zip":"6496614","zip1":"649","zip2":"6614"}],"穴伏":[{"zip":"6496611","zip1":"649","zip2":"6611"}],"荒見":[{"zip":"6496561","zip1":"649","zip2":"6561"}],"池田新":[{"zip":"6496407","zip1":"649","zip2":"6407"}],"井田":[{"zip":"6496541","zip1":"649","zip2":"6541"}],"猪垣":[{"zip":"6496511","zip1":"649","zip2":"6511"}],"上野":[{"zip":"6496416","zip1":"649","zip2":"6416"}],"打田":[{"zip":"6496414","zip1":"649","zip2":"6414"}],"馬宿":[{"zip":"6496521","zip1":"649","zip2":"6521"}],"江川中":[{"zip":"6496605","zip1":"649","zip2":"6605"}],"王子":[{"zip":"6496624","zip1":"649","zip2":"6624"}],"麻生津中":[{"zip":"6496615","zip1":"649","zip2":"6615"}],"尾崎":[{"zip":"6496423","zip1":"649","zip2":"6423"}],"遠方":[{"zip":"6496562","zip1":"649","zip2":"6562"}],"風市":[{"zip":"6496563","zip1":"649","zip2":"6563"}],"勝神":[{"zip":"6496564","zip1":"649","zip2":"6564"}],"上鞆渕":[{"zip":"6496571","zip1":"649","zip2":"6571"}],"上丹生谷":[{"zip":"6496522","zip1":"649","zip2":"6522"}],"貴志川町尼寺":[{"zip":"6400403","zip1":"640","zip2":"0403"}],"貴志川町井ノ口":[{"zip":"6400424","zip1":"640","zip2":"0424"}],"貴志川町上野山":[{"zip":"6400412","zip1":"640","zip2":"0412"}],"貴志川町岸小野":[{"zip":"6400422","zip1":"640","zip2":"0422"}],"貴志川町岸宮":[{"zip":"6400405","zip1":"640","zip2":"0405"}],"貴志川町北":[{"zip":"6400421","zip1":"640","zip2":"0421"}],"貴志川町北山":[{"zip":"6400402","zip1":"640","zip2":"0402"}],"貴志川町国主":[{"zip":"6400414","zip1":"640","zip2":"0414"}],"貴志川町神戸":[{"zip":"6400413","zip1":"640","zip2":"0413"}],"貴志川町高尾":[{"zip":"6400423","zip1":"640","zip2":"0423"}],"貴志川町鳥居":[{"zip":"6400404","zip1":"640","zip2":"0404"}],"貴志川町長原":[{"zip":"6400415","zip1":"640","zip2":"0415"}],"貴志川町長山":[{"zip":"6400416","zip1":"640","zip2":"0416"}],"貴志川町西山":[{"zip":"6400406","zip1":"640","zip2":"0406"}],"貴志川町前田":[{"zip":"6400411","zip1":"640","zip2":"0411"}],"貴志川町丸栖":[{"zip":"6400401","zip1":"640","zip2":"0401"}],"北大井":[{"zip":"6496406","zip1":"649","zip2":"6406"}],"北志野":[{"zip":"6496501","zip1":"649","zip2":"6501"}],"北勢田":[{"zip":"6496402","zip1":"649","zip2":"6402"}],"北中":[{"zip":"6496443","zip1":"649","zip2":"6443"}],"北長田":[{"zip":"6496502","zip1":"649","zip2":"6502"}],"北涌":[{"zip":"6496612","zip1":"649","zip2":"6612"}],"切畑":[{"zip":"6496606","zip1":"649","zip2":"6606"}],"窪":[{"zip":"6496415","zip1":"649","zip2":"6415"}],"久留壁":[{"zip":"6496418","zip1":"649","zip2":"6418"}],"黒土":[{"zip":"6496412","zip1":"649","zip2":"6412"}],"花野":[{"zip":"6496422","zip1":"649","zip2":"6422"}],"上田井":[{"zip":"6496551","zip1":"649","zip2":"6551"}],"粉河":[{"zip":"6496531","zip1":"649","zip2":"6531"}],"重行":[{"zip":"6496401","zip1":"649","zip2":"6401"}],"嶋":[{"zip":"6496552","zip1":"649","zip2":"6552"}],"下井阪":[{"zip":"6496426","zip1":"649","zip2":"6426"}],"下鞆渕":[{"zip":"6496572","zip1":"649","zip2":"6572"}],"下丹生谷":[{"zip":"6496523","zip1":"649","zip2":"6523"}],"後田":[{"zip":"6496622","zip1":"649","zip2":"6622"}],"神通":[{"zip":"6496451","zip1":"649","zip2":"6451"}],"神領":[{"zip":"6496442","zip1":"649","zip2":"6442"}],"杉原":[{"zip":"6496565","zip1":"649","zip2":"6565"}],"高野":[{"zip":"6496161","zip1":"649","zip2":"6161"}],"竹房（４５０番地以下）":[{"zip":"6496413","zip1":"649","zip2":"6413"}],"竹房（４５１番地以上）":[{"zip":"6496162","zip1":"649","zip2":"6162"}],"田中馬場":[{"zip":"6496421","zip1":"649","zip2":"6421"}],"東毛":[{"zip":"6496512","zip1":"649","zip2":"6512"}],"豊田":[{"zip":"6496445","zip1":"649","zip2":"6445"}],"中井阪":[{"zip":"6496425","zip1":"649","zip2":"6425"}],"長田中":[{"zip":"6496503","zip1":"649","zip2":"6503"}],"中津川":[{"zip":"6496513","zip1":"649","zip2":"6513"}],"中鞆渕":[{"zip":"6496573","zip1":"649","zip2":"6573"}],"中畑":[{"zip":"6496452","zip1":"649","zip2":"6452"}],"中三谷":[{"zip":"6496434","zip1":"649","zip2":"6434"}],"中山":[{"zip":"6496532","zip1":"649","zip2":"6532"}],"名手市場":[{"zip":"6496631","zip1":"649","zip2":"6631"}],"名手上":[{"zip":"6496601","zip1":"649","zip2":"6601"}],"名手下":[{"zip":"6496603","zip1":"649","zip2":"6603"}],"名手西野":[{"zip":"6496621","zip1":"649","zip2":"6621"}],"西井阪":[{"zip":"6496427","zip1":"649","zip2":"6427"}],"西大井":[{"zip":"6496417","zip1":"649","zip2":"6417"}],"西川原":[{"zip":"6496524","zip1":"649","zip2":"6524"}],"西野山":[{"zip":"6496604","zip1":"649","zip2":"6604"}],"西三谷":[{"zip":"6496433","zip1":"649","zip2":"6433"}],"西山田":[{"zip":"6496447","zip1":"649","zip2":"6447"}],"西脇":[{"zip":"6496616","zip1":"649","zip2":"6616"}],"野上":[{"zip":"6496525","zip1":"649","zip2":"6525"}],"登尾":[{"zip":"6496444","zip1":"649","zip2":"6444"}],"畑野上":[{"zip":"6496424","zip1":"649","zip2":"6424"}],"東大井":[{"zip":"6496405","zip1":"649","zip2":"6405"}],"東川原":[{"zip":"6496526","zip1":"649","zip2":"6526"}],"東国分":[{"zip":"6496428","zip1":"649","zip2":"6428"}],"東野":[{"zip":"6496542","zip1":"649","zip2":"6542"}],"東三谷":[{"zip":"6496435","zip1":"649","zip2":"6435"}],"東山田":[{"zip":"6496441","zip1":"649","zip2":"6441"}],"平野":[{"zip":"6496602","zip1":"649","zip2":"6602"}],"広野":[{"zip":"6496411","zip1":"649","zip2":"6411"}],"枇杷谷":[{"zip":"6496446","zip1":"649","zip2":"6446"}],"深田":[{"zip":"6496553","zip1":"649","zip2":"6553"}],"藤井":[{"zip":"6496514","zip1":"649","zip2":"6514"}],"藤崎":[{"zip":"6496623","zip1":"649","zip2":"6623"}],"古和田":[{"zip":"6496432","zip1":"649","zip2":"6432"}],"別所":[{"zip":"6496554","zip1":"649","zip2":"6554"}],"松井":[{"zip":"6496555","zip1":"649","zip2":"6555"}],"南志野":[{"zip":"6496504","zip1":"649","zip2":"6504"}],"南勢田":[{"zip":"6496403","zip1":"649","zip2":"6403"}],"南中":[{"zip":"6496431","zip1":"649","zip2":"6431"}],"桃山町市場":[{"zip":"6496124","zip1":"649","zip2":"6124"}],"桃山町大原":[{"zip":"6496105","zip1":"649","zip2":"6105"}],"桃山町垣内":[{"zip":"6401333","zip1":"640","zip2":"1333"}],"桃山町黒川":[{"zip":"6496102","zip1":"649","zip2":"6102"}],"桃山町神田":[{"zip":"6496123","zip1":"649","zip2":"6123"}],"桃山町善田":[{"zip":"6496101","zip1":"649","zip2":"6101"}],"桃山町段":[{"zip":"6496125","zip1":"649","zip2":"6125"}],"桃山町段新田":[{"zip":"6496121","zip1":"649","zip2":"6121"}],"桃山町調月":[{"zip":"6496112","zip1":"649","zip2":"6112"}],"桃山町中畑":[{"zip":"6401332","zip1":"640","zip2":"1332"}],"桃山町野田原":[{"zip":"6496103","zip1":"649","zip2":"6103"}],"桃山町峯":[{"zip":"6401331","zip1":"640","zip2":"1331"}],"桃山町最上":[{"zip":"6496111","zip1":"649","zip2":"6111"}],"桃山町元":[{"zip":"6496122","zip1":"649","zip2":"6122"}],"桃山町脇谷":[{"zip":"6496104","zip1":"649","zip2":"6104"}],"横谷":[{"zip":"6496613","zip1":"649","zip2":"6613"}]},"岩出市":{"以下に掲載がない場合":[{"zip":"6496200","zip1":"649","zip2":"6200"}],"相谷":[{"zip":"6496257","zip1":"649","zip2":"6257"}],"赤垣内":[{"zip":"6496242","zip1":"649","zip2":"6242"}],"尼ケ辻":[{"zip":"6496207","zip1":"649","zip2":"6207"}],"安上":[{"zip":"6496252","zip1":"649","zip2":"6252"}],"荊本":[{"zip":"6496232","zip1":"649","zip2":"6232"}],"今中":[{"zip":"6496204","zip1":"649","zip2":"6204"}],"今畑":[{"zip":"6496208","zip1":"649","zip2":"6208"}],"大町":[{"zip":"6496228","zip1":"649","zip2":"6228"}],"岡田":[{"zip":"6496222","zip1":"649","zip2":"6222"}],"押川":[{"zip":"6496201","zip1":"649","zip2":"6201"}],"金池":[{"zip":"6496256","zip1":"649","zip2":"6256"}],"金屋":[{"zip":"6496243","zip1":"649","zip2":"6243"}],"川尻":[{"zip":"6496231","zip1":"649","zip2":"6231"}],"紀泉台":[{"zip":"6496253","zip1":"649","zip2":"6253"}],"北大池":[{"zip":"6496219","zip1":"649","zip2":"6219"}],"境谷":[{"zip":"6496251","zip1":"649","zip2":"6251"}],"桜台":[{"zip":"6496203","zip1":"649","zip2":"6203"}],"清水":[{"zip":"6496227","zip1":"649","zip2":"6227"}],"新田広芝":[{"zip":"6496212","zip1":"649","zip2":"6212"}],"曽屋":[{"zip":"6496236","zip1":"649","zip2":"6236"}],"高瀬":[{"zip":"6496234","zip1":"649","zip2":"6234"}],"高塚":[{"zip":"6496223","zip1":"649","zip2":"6223"}],"中黒":[{"zip":"6496248","zip1":"649","zip2":"6248"}],"中島":[{"zip":"6496245","zip1":"649","zip2":"6245"}],"中迫":[{"zip":"6496215","zip1":"649","zip2":"6215"}],"西安上":[{"zip":"6496255","zip1":"649","zip2":"6255"}],"西国分":[{"zip":"6496213","zip1":"649","zip2":"6213"}],"西野":[{"zip":"6496235","zip1":"649","zip2":"6235"}],"根来":[{"zip":"6496202","zip1":"649","zip2":"6202"}],"野上野":[{"zip":"6496216","zip1":"649","zip2":"6216"}],"畑毛":[{"zip":"6496244","zip1":"649","zip2":"6244"}],"波分":[{"zip":"6496241","zip1":"649","zip2":"6241"}],"原":[{"zip":"6496254","zip1":"649","zip2":"6254"}],"東坂本":[{"zip":"6496211","zip1":"649","zip2":"6211"}],"備前":[{"zip":"6496233","zip1":"649","zip2":"6233"}],"船戸":[{"zip":"6496225","zip1":"649","zip2":"6225"}],"堀口":[{"zip":"6496206","zip1":"649","zip2":"6206"}],"水栖":[{"zip":"6496214","zip1":"649","zip2":"6214"}],"溝川":[{"zip":"6496221","zip1":"649","zip2":"6221"}],"南大池":[{"zip":"6496218","zip1":"649","zip2":"6218"}],"宮":[{"zip":"6496226","zip1":"649","zip2":"6226"}],"森":[{"zip":"6496205","zip1":"649","zip2":"6205"}],"山":[{"zip":"6496258","zip1":"649","zip2":"6258"}],"山崎":[{"zip":"6496224","zip1":"649","zip2":"6224"}],"山田":[{"zip":"6496217","zip1":"649","zip2":"6217"}],"湯窪":[{"zip":"6496248","zip1":"649","zip2":"6248"}],"吉田":[{"zip":"6496246","zip1":"649","zip2":"6246"}]},"海草郡紀美野町":{"以下に掲載がない場合":[{"zip":"6401100","zip1":"640","zip2":"1100"}],"赤木":[{"zip":"6401213","zip1":"640","zip2":"1213"}],"上ケ井":[{"zip":"6401231","zip1":"640","zip2":"1231"}],"井堰":[{"zip":"6401207","zip1":"640","zip2":"1207"}],"今西":[{"zip":"6401365","zip1":"640","zip2":"1365"}],"初生谷":[{"zip":"6401202","zip1":"640","zip2":"1202"}],"梅本":[{"zip":"6401113","zip1":"640","zip2":"1113"}],"円明寺":[{"zip":"6401353","zip1":"640","zip2":"1353"}],"大角":[{"zip":"6401222","zip1":"640","zip2":"1222"}],"奥佐々":[{"zip":"6401115","zip1":"640","zip2":"1115"}],"勝谷":[{"zip":"6401351","zip1":"640","zip2":"1351"}],"桂瀬":[{"zip":"6401211","zip1":"640","zip2":"1211"}],"釜滝":[{"zip":"6401255","zip1":"640","zip2":"1255"}],"鎌滝":[{"zip":"6401215","zip1":"640","zip2":"1215"}],"北野":[{"zip":"6401201","zip1":"640","zip2":"1201"}],"国木原":[{"zip":"6401251","zip1":"640","zip2":"1251"}],"毛原上":[{"zip":"6401472","zip1":"640","zip2":"1472"}],"毛原下":[{"zip":"6401476","zip1":"640","zip2":"1476"}],"毛原中":[{"zip":"6401474","zip1":"640","zip2":"1474"}],"毛原宮":[{"zip":"6401473","zip1":"640","zip2":"1473"}],"神野市場":[{"zip":"6401243","zip1":"640","zip2":"1243"}],"小西":[{"zip":"6401475","zip1":"640","zip2":"1475"}],"坂本":[{"zip":"6401112","zip1":"640","zip2":"1112"}],"柴目":[{"zip":"6401102","zip1":"640","zip2":"1102"}],"下佐々":[{"zip":"6401121","zip1":"640","zip2":"1121"}],"小畑":[{"zip":"6401141","zip1":"640","zip2":"1141"}],"菅沢":[{"zip":"6401364","zip1":"640","zip2":"1364"}],"田":[{"zip":"6401363","zip1":"640","zip2":"1363"}],"高畑":[{"zip":"6401212","zip1":"640","zip2":"1212"}],"滝ノ川":[{"zip":"6401362","zip1":"640","zip2":"1362"}],"谷":[{"zip":"6401352","zip1":"640","zip2":"1352"}],"津川":[{"zip":"6401223","zip1":"640","zip2":"1223"}],"動木":[{"zip":"6401131","zip1":"640","zip2":"1131"}],"中":[{"zip":"6401361","zip1":"640","zip2":"1361"}],"中田":[{"zip":"6401114","zip1":"640","zip2":"1114"}],"長谷":[{"zip":"6401101","zip1":"640","zip2":"1101"}],"永谷":[{"zip":"6401241","zip1":"640","zip2":"1241"}],"西野":[{"zip":"6401252","zip1":"640","zip2":"1252"}],"野中":[{"zip":"6401235","zip1":"640","zip2":"1235"}],"長谷宮":[{"zip":"6401471","zip1":"640","zip2":"1471"}],"花野原":[{"zip":"6401203","zip1":"640","zip2":"1203"}],"東野":[{"zip":"6401253","zip1":"640","zip2":"1253"}],"樋下":[{"zip":"6401242","zip1":"640","zip2":"1242"}],"福井":[{"zip":"6401111","zip1":"640","zip2":"1111"}],"福田":[{"zip":"6401244","zip1":"640","zip2":"1244"}],"真国宮":[{"zip":"6401205","zip1":"640","zip2":"1205"}],"松ケ峰":[{"zip":"6401366","zip1":"640","zip2":"1366"}],"松瀬":[{"zip":"6401254","zip1":"640","zip2":"1254"}],"三尾川":[{"zip":"6401221","zip1":"640","zip2":"1221"}],"南畑":[{"zip":"6401233","zip1":"640","zip2":"1233"}],"蓑垣内":[{"zip":"6401206","zip1":"640","zip2":"1206"}],"蓑津呂":[{"zip":"6401204","zip1":"640","zip2":"1204"}],"明添":[{"zip":"6401214","zip1":"640","zip2":"1214"}],"箕六":[{"zip":"6401232","zip1":"640","zip2":"1232"}],"安井":[{"zip":"6401234","zip1":"640","zip2":"1234"}],"四郷":[{"zip":"6401354","zip1":"640","zip2":"1354"}],"吉野":[{"zip":"6401103","zip1":"640","zip2":"1103"}]},"伊都郡かつらぎ町":{"以下に掲載がない場合":[{"zip":"6497100","zip1":"649","zip2":"7100"}],"兄井":[{"zip":"6497137","zip1":"649","zip2":"7137"}],"移":[{"zip":"6497167","zip1":"649","zip2":"7167"}],"蛭子":[{"zip":"6497172","zip1":"649","zip2":"7172"}],"大谷":[{"zip":"6497173","zip1":"649","zip2":"7173"}],"大畑":[{"zip":"6497111","zip1":"649","zip2":"7111"}],"大薮":[{"zip":"6497171","zip1":"649","zip2":"7171"}],"柏木":[{"zip":"6497123","zip1":"649","zip2":"7123"}],"笠田中":[{"zip":"6497162","zip1":"649","zip2":"7162"}],"笠田東":[{"zip":"6497161","zip1":"649","zip2":"7161"}],"上天野":[{"zip":"6497141","zip1":"649","zip2":"7141"}],"教良寺":[{"zip":"6497132","zip1":"649","zip2":"7132"}],"窪":[{"zip":"6497164","zip1":"649","zip2":"7164"}],"神田":[{"zip":"6497143","zip1":"649","zip2":"7143"}],"御所":[{"zip":"6497153","zip1":"649","zip2":"7153"}],"佐野":[{"zip":"6497174","zip1":"649","zip2":"7174"}],"志賀":[{"zip":"6497144","zip1":"649","zip2":"7144"}],"島":[{"zip":"6497155","zip1":"649","zip2":"7155"}],"下天野":[{"zip":"6497142","zip1":"649","zip2":"7142"}],"新城":[{"zip":"6401481","zip1":"640","zip2":"1481"}],"新田":[{"zip":"6497122","zip1":"649","zip2":"7122"}],"背ノ山":[{"zip":"6497165","zip1":"649","zip2":"7165"}],"平":[{"zip":"6497104","zip1":"649","zip2":"7104"}],"高田":[{"zip":"6497166","zip1":"649","zip2":"7166"}],"滝":[{"zip":"6497102","zip1":"649","zip2":"7102"}],"丁ノ町":[{"zip":"6497121","zip1":"649","zip2":"7121"}],"寺尾":[{"zip":"6497136","zip1":"649","zip2":"7136"}],"中飯降":[{"zip":"6497112","zip1":"649","zip2":"7112"}],"西飯降":[{"zip":"6497114","zip1":"649","zip2":"7114"}],"西渋田":[{"zip":"6497154","zip1":"649","zip2":"7154"}],"萩原":[{"zip":"6497163","zip1":"649","zip2":"7163"}],"花園新子":[{"zip":"6430614","zip1":"643","zip2":"0614"}],"花園池ノ窪":[{"zip":"6430613","zip1":"643","zip2":"0613"}],"花園北寺":[{"zip":"6430612","zip1":"643","zip2":"0612"}],"花園久木":[{"zip":"6480201","zip1":"648","zip2":"0201"}],"花園中南":[{"zip":"6480202","zip1":"648","zip2":"0202"}],"花園梁瀬":[{"zip":"6430611","zip1":"643","zip2":"0611"}],"東渋田":[{"zip":"6497151","zip1":"649","zip2":"7151"}],"東谷":[{"zip":"6497101","zip1":"649","zip2":"7101"}],"日高":[{"zip":"6497145","zip1":"649","zip2":"7145"}],"平沼田":[{"zip":"6497135","zip1":"649","zip2":"7135"}],"広浦":[{"zip":"6497175","zip1":"649","zip2":"7175"}],"広口":[{"zip":"6497103","zip1":"649","zip2":"7103"}],"星川":[{"zip":"6497152","zip1":"649","zip2":"7152"}],"星山":[{"zip":"6497146","zip1":"649","zip2":"7146"}],"短野":[{"zip":"6497115","zip1":"649","zip2":"7115"}],"三谷":[{"zip":"6497133","zip1":"649","zip2":"7133"}],"宮本":[{"zip":"6497134","zip1":"649","zip2":"7134"}],"妙寺":[{"zip":"6497113","zip1":"649","zip2":"7113"}],"山崎":[{"zip":"6497131","zip1":"649","zip2":"7131"}]},"伊都郡九度山町":{"以下に掲載がない場合":[{"zip":"6480100","zip1":"648","zip2":"0100"}],"市平":[{"zip":"6480131","zip1":"648","zip2":"0131"}],"笠木":[{"zip":"6480142","zip1":"648","zip2":"0142"}],"河根":[{"zip":"6480111","zip1":"648","zip2":"0111"}],"上古沢":[{"zip":"6480143","zip1":"648","zip2":"0143"}],"北又":[{"zip":"6480132","zip1":"648","zip2":"0132"}],"九度山":[{"zip":"6480101","zip1":"648","zip2":"0101"}],"椎出":[{"zip":"6480141","zip1":"648","zip2":"0141"}],"慈尊院":[{"zip":"6480151","zip1":"648","zip2":"0151"}],"下古沢":[{"zip":"6480145","zip1":"648","zip2":"0145"}],"中古沢":[{"zip":"6480144","zip1":"648","zip2":"0144"}],"丹生川":[{"zip":"6480121","zip1":"648","zip2":"0121"}],"入郷":[{"zip":"6480161","zip1":"648","zip2":"0161"}],"東郷":[{"zip":"6480133","zip1":"648","zip2":"0133"}]},"伊都郡高野町":{"以下に掲載がない場合":[{"zip":"6480200","zip1":"648","zip2":"0200"}],"相ノ浦":[{"zip":"6480241","zip1":"648","zip2":"0241"}],"大滝":[{"zip":"6480231","zip1":"648","zip2":"0231"}],"樫原":[{"zip":"6480227","zip1":"648","zip2":"0227"}],"上筒香":[{"zip":"6480403","zip1":"648","zip2":"0403"}],"高野山":[{"zip":"6480211","zip1":"648","zip2":"0211"}],"下筒香":[{"zip":"6480405","zip1":"648","zip2":"0405"}],"杖ケ薮":[{"zip":"6480225","zip1":"648","zip2":"0225"}],"中筒香":[{"zip":"6480404","zip1":"648","zip2":"0404"}],"西ケ峰":[{"zip":"6480221","zip1":"648","zip2":"0221"}],"西郷（神谷）":[{"zip":"6480261","zip1":"648","zip2":"0261"}],"西郷（その他）":[{"zip":"6480171","zip1":"648","zip2":"0171"}],"西富貴":[{"zip":"6480401","zip1":"648","zip2":"0401"}],"花坂":[{"zip":"6480263","zip1":"648","zip2":"0263"}],"林":[{"zip":"6480223","zip1":"648","zip2":"0223"}],"東富貴":[{"zip":"6480402","zip1":"648","zip2":"0402"}],"東又":[{"zip":"6480226","zip1":"648","zip2":"0226"}],"平原":[{"zip":"6480224","zip1":"648","zip2":"0224"}],"細川":[{"zip":"6480262","zip1":"648","zip2":"0262"}],"南":[{"zip":"6480222","zip1":"648","zip2":"0222"}],"湯川":[{"zip":"6480251","zip1":"648","zip2":"0251"}]},"有田郡湯浅町":{"以下に掲載がない場合":[{"zip":"6430000","zip1":"643","zip2":"0000"}],"青木":[{"zip":"6430002","zip1":"643","zip2":"0002"}],"栖原":[{"zip":"6430005","zip1":"643","zip2":"0005"}],"田":[{"zip":"6430006","zip1":"643","zip2":"0006"}],"別所":[{"zip":"6430003","zip1":"643","zip2":"0003"}],"山田":[{"zip":"6430001","zip1":"643","zip2":"0001"}],"湯浅":[{"zip":"6430004","zip1":"643","zip2":"0004"}],"吉川":[{"zip":"6430007","zip1":"643","zip2":"0007"}]},"有田郡広川町":{"以下に掲載がない場合":[{"zip":"6430000","zip1":"643","zip2":"0000"}],"井関":[{"zip":"6430055","zip1":"643","zip2":"0055"}],"上津木":[{"zip":"6430052","zip1":"643","zip2":"0052"}],"上中野":[{"zip":"6430064","zip1":"643","zip2":"0064"}],"唐尾":[{"zip":"6430073","zip1":"643","zip2":"0073"}],"河瀬":[{"zip":"6430053","zip1":"643","zip2":"0053"}],"下津木":[{"zip":"6430051","zip1":"643","zip2":"0051"}],"殿":[{"zip":"6430062","zip1":"643","zip2":"0062"}],"名島":[{"zip":"6430066","zip1":"643","zip2":"0066"}],"西広":[{"zip":"6430074","zip1":"643","zip2":"0074"}],"東中":[{"zip":"6430065","zip1":"643","zip2":"0065"}],"広":[{"zip":"6430071","zip1":"643","zip2":"0071"}],"前田":[{"zip":"6430054","zip1":"643","zip2":"0054"}],"南金屋":[{"zip":"6430063","zip1":"643","zip2":"0063"}],"柳瀬":[{"zip":"6430061","zip1":"643","zip2":"0061"}],"山本":[{"zip":"6430072","zip1":"643","zip2":"0072"}],"和田":[{"zip":"6430075","zip1":"643","zip2":"0075"}]},"有田郡有田川町":{"以下に掲載がない場合":[{"zip":"6430000","zip1":"643","zip2":"0000"}],"粟生":[{"zip":"6430366","zip1":"643","zip2":"0366"}],"青田":[{"zip":"6430136","zip1":"643","zip2":"0136"}],"畦田":[{"zip":"6430129","zip1":"643","zip2":"0129"}],"有原":[{"zip":"6430127","zip1":"643","zip2":"0127"}],"板尾":[{"zip":"6430603","zip1":"643","zip2":"0603"}],"井谷":[{"zip":"6430604","zip1":"643","zip2":"0604"}],"市場":[{"zip":"6430144","zip1":"643","zip2":"0144"}],"出":[{"zip":"6430851","zip1":"643","zip2":"0851"}],"糸川":[{"zip":"6430165","zip1":"643","zip2":"0165"}],"糸野":[{"zip":"6430174","zip1":"643","zip2":"0174"}],"井口":[{"zip":"6430844","zip1":"643","zip2":"0844"}],"岩野河":[{"zip":"6430312","zip1":"643","zip2":"0312"}],"宇井苔":[{"zip":"6430164","zip1":"643","zip2":"0164"}],"植野":[{"zip":"6430026","zip1":"643","zip2":"0026"}],"生石":[{"zip":"6430131","zip1":"643","zip2":"0131"}],"大賀畑":[{"zip":"6430847","zip1":"643","zip2":"0847"}],"大蔵":[{"zip":"6430513","zip1":"643","zip2":"0513"}],"大薗":[{"zip":"6430134","zip1":"643","zip2":"0134"}],"大谷":[{"zip":"6430845","zip1":"643","zip2":"0845"}],"大西":[{"zip":"6430135","zip1":"643","zip2":"0135"}],"小川":[{"zip":"6430142","zip1":"643","zip2":"0142"}],"奥":[{"zip":"6430022","zip1":"643","zip2":"0022"}],"押手":[{"zip":"6430601","zip1":"643","zip2":"0601"}],"小島":[{"zip":"6430034","zip1":"643","zip2":"0034"}],"尾中":[{"zip":"6430852","zip1":"643","zip2":"0852"}],"尾上":[{"zip":"6430133","zip1":"643","zip2":"0133"}],"小原":[{"zip":"6430132","zip1":"643","zip2":"0132"}],"垣倉":[{"zip":"6430812","zip1":"643","zip2":"0812"}],"賢":[{"zip":"6430843","zip1":"643","zip2":"0843"}],"金屋":[{"zip":"6430152","zip1":"643","zip2":"0152"}],"釜中":[{"zip":"6430176","zip1":"643","zip2":"0176"}],"上中島":[{"zip":"6430855","zip1":"643","zip2":"0855"}],"上六川":[{"zip":"6430171","zip1":"643","zip2":"0171"}],"上湯川":[{"zip":"6430551","zip1":"643","zip2":"0551"}],"川合":[{"zip":"6430364","zip1":"643","zip2":"0364"}],"川口":[{"zip":"6430313","zip1":"643","zip2":"0313"}],"歓喜寺":[{"zip":"6430161","zip1":"643","zip2":"0161"}],"北野川":[{"zip":"6430362","zip1":"643","zip2":"0362"}],"楠本":[{"zip":"6430531","zip1":"643","zip2":"0531"}],"久野原":[{"zip":"6430514","zip1":"643","zip2":"0514"}],"熊井":[{"zip":"6430023","zip1":"643","zip2":"0023"}],"黒松":[{"zip":"6430172","zip1":"643","zip2":"0172"}],"境川":[{"zip":"6430544","zip1":"643","zip2":"0544"}],"清水":[{"zip":"6430521","zip1":"643","zip2":"0521"}],"下津野":[{"zip":"6430021","zip1":"643","zip2":"0021"}],"下六川":[{"zip":"6430173","zip1":"643","zip2":"0173"}],"下湯川":[{"zip":"6430522","zip1":"643","zip2":"0522"}],"庄":[{"zip":"6430811","zip1":"643","zip2":"0811"}],"杉野原":[{"zip":"6430602","zip1":"643","zip2":"0602"}],"角":[{"zip":"6430853","zip1":"643","zip2":"0853"}],"修理川":[{"zip":"6430163","zip1":"643","zip2":"0163"}],"瀬井":[{"zip":"6430122","zip1":"643","zip2":"0122"}],"田口":[{"zip":"6430846","zip1":"643","zip2":"0846"}],"田角":[{"zip":"6430848","zip1":"643","zip2":"0848"}],"立石":[{"zip":"6430314","zip1":"643","zip2":"0314"}],"谷":[{"zip":"6430311","zip1":"643","zip2":"0311"}],"天満":[{"zip":"6430032","zip1":"643","zip2":"0032"}],"遠井":[{"zip":"6430533","zip1":"643","zip2":"0533"}],"徳田":[{"zip":"6430801","zip1":"643","zip2":"0801"}],"中":[{"zip":"6430123","zip1":"643","zip2":"0123"}],"中井原":[{"zip":"6430153","zip1":"643","zip2":"0153"}],"長田":[{"zip":"6430854","zip1":"643","zip2":"0854"}],"長谷":[{"zip":"6430841","zip1":"643","zip2":"0841"}],"中野":[{"zip":"6430143","zip1":"643","zip2":"0143"}],"中原":[{"zip":"6430365","zip1":"643","zip2":"0365"}],"中峯":[{"zip":"6430124","zip1":"643","zip2":"0124"}],"丹生":[{"zip":"6430175","zip1":"643","zip2":"0175"}],"二沢":[{"zip":"6430363","zip1":"643","zip2":"0363"}],"西ケ峯":[{"zip":"6430128","zip1":"643","zip2":"0128"}],"西丹生図":[{"zip":"6430813","zip1":"643","zip2":"0813"}],"沼田":[{"zip":"6430125","zip1":"643","zip2":"0125"}],"沼":[{"zip":"6430532","zip1":"643","zip2":"0532"}],"沼谷":[{"zip":"6430605","zip1":"643","zip2":"0605"}],"野田":[{"zip":"6430031","zip1":"643","zip2":"0031"}],"延坂":[{"zip":"6430137","zip1":"643","zip2":"0137"}],"長谷川":[{"zip":"6430151","zip1":"643","zip2":"0151"}],"土生":[{"zip":"6430025","zip1":"643","zip2":"0025"}],"東大谷":[{"zip":"6430541","zip1":"643","zip2":"0541"}],"東丹生図":[{"zip":"6430803","zip1":"643","zip2":"0803"}],"彦ケ瀬":[{"zip":"6430121","zip1":"643","zip2":"0121"}],"日物川":[{"zip":"6430543","zip1":"643","zip2":"0543"}],"二川":[{"zip":"6430542","zip1":"643","zip2":"0542"}],"船坂":[{"zip":"6430842","zip1":"643","zip2":"0842"}],"伏羊":[{"zip":"6430141","zip1":"643","zip2":"0141"}],"本堂":[{"zip":"6430126","zip1":"643","zip2":"0126"}],"松原":[{"zip":"6430162","zip1":"643","zip2":"0162"}],"水尻":[{"zip":"6430024","zip1":"643","zip2":"0024"}],"三瀬川":[{"zip":"6430361","zip1":"643","zip2":"0361"}],"三田":[{"zip":"6430511","zip1":"643","zip2":"0511"}],"宮川":[{"zip":"6430512","zip1":"643","zip2":"0512"}],"明王寺":[{"zip":"6430033","zip1":"643","zip2":"0033"}],"室川":[{"zip":"6430515","zip1":"643","zip2":"0515"}],"吉原":[{"zip":"6430166","zip1":"643","zip2":"0166"}],"吉見":[{"zip":"6430802","zip1":"643","zip2":"0802"}]},"日高郡美浜町":{"以下に掲載がない場合":[{"zip":"6440000","zip1":"644","zip2":"0000"}],"田井":[{"zip":"6440041","zip1":"644","zip2":"0041"}],"浜ノ瀬":[{"zip":"6440042","zip1":"644","zip2":"0042"}],"三尾":[{"zip":"6440045","zip1":"644","zip2":"0045"}],"吉原":[{"zip":"6440043","zip1":"644","zip2":"0043"}],"和田":[{"zip":"6440044","zip1":"644","zip2":"0044"}]},"日高郡日高町":{"以下に掲載がない場合":[{"zip":"6491200","zip1":"649","zip2":"1200"}],"阿尾":[{"zip":"6491232","zip1":"649","zip2":"1232"}],"池田":[{"zip":"6491203","zip1":"649","zip2":"1203"}],"荊木":[{"zip":"6491211","zip1":"649","zip2":"1211"}],"産湯":[{"zip":"6491233","zip1":"649","zip2":"1233"}],"小池":[{"zip":"6491222","zip1":"649","zip2":"1222"}],"小浦":[{"zip":"6491223","zip1":"649","zip2":"1223"}],"小坂":[{"zip":"6491231","zip1":"649","zip2":"1231"}],"小中":[{"zip":"6491212","zip1":"649","zip2":"1212"}],"方杭":[{"zip":"6491225","zip1":"649","zip2":"1225"}],"志賀":[{"zip":"6491221","zip1":"649","zip2":"1221"}],"高家":[{"zip":"6491213","zip1":"649","zip2":"1213"}],"津久野":[{"zip":"6491224","zip1":"649","zip2":"1224"}],"萩原":[{"zip":"6491202","zip1":"649","zip2":"1202"}],"原谷":[{"zip":"6491201","zip1":"649","zip2":"1201"}],"比井":[{"zip":"6491234","zip1":"649","zip2":"1234"}]},"日高郡由良町":{"以下に掲載がない場合":[{"zip":"6491100","zip1":"649","zip2":"1100"}],"網代":[{"zip":"6491112","zip1":"649","zip2":"1112"}],"阿戸":[{"zip":"6491113","zip1":"649","zip2":"1113"}],"衣奈":[{"zip":"6491132","zip1":"649","zip2":"1132"}],"江ノ駒":[{"zip":"6491104","zip1":"649","zip2":"1104"}],"大引":[{"zip":"6491123","zip1":"649","zip2":"1123"}],"神谷":[{"zip":"6491122","zip1":"649","zip2":"1122"}],"小引":[{"zip":"6491131","zip1":"649","zip2":"1131"}],"里":[{"zip":"6491111","zip1":"649","zip2":"1111"}],"戸津井":[{"zip":"6491134","zip1":"649","zip2":"1134"}],"中":[{"zip":"6491102","zip1":"649","zip2":"1102"}],"畑":[{"zip":"6491101","zip1":"649","zip2":"1101"}],"吹井":[{"zip":"6491121","zip1":"649","zip2":"1121"}],"三尾川":[{"zip":"6491133","zip1":"649","zip2":"1133"}],"門前":[{"zip":"6491103","zip1":"649","zip2":"1103"}]},"日高郡印南町":{"以下に掲載がない場合":[{"zip":"6491500","zip1":"649","zip2":"1500"}],"印南":[{"zip":"6491534","zip1":"649","zip2":"1534"}],"印南原":[{"zip":"6491532","zip1":"649","zip2":"1532"}],"皆瀬川":[{"zip":"6440215","zip1":"644","zip2":"0215"}],"上洞":[{"zip":"6440202","zip1":"644","zip2":"0202"}],"川又":[{"zip":"6440201","zip1":"644","zip2":"0201"}],"小原":[{"zip":"6440214","zip1":"644","zip2":"0214"}],"崎ノ原":[{"zip":"6440216","zip1":"644","zip2":"0216"}],"島田":[{"zip":"6491527","zip1":"649","zip2":"1527"}],"高串":[{"zip":"6440211","zip1":"644","zip2":"0211"}],"立石":[{"zip":"6491531","zip1":"649","zip2":"1531"}],"田ノ垣内":[{"zip":"6440212","zip1":"644","zip2":"0212"}],"津井":[{"zip":"6491535","zip1":"649","zip2":"1535"}],"西神ノ川":[{"zip":"6440213","zip1":"644","zip2":"0213"}],"西ノ地":[{"zip":"6491528","zip1":"649","zip2":"1528"}],"丹生":[{"zip":"6440217","zip1":"644","zip2":"0217"}],"羽六":[{"zip":"6491524","zip1":"649","zip2":"1524"}],"古井":[{"zip":"6491522","zip1":"649","zip2":"1522"}],"古屋":[{"zip":"6491525","zip1":"649","zip2":"1525"}],"樮川":[{"zip":"6491523","zip1":"649","zip2":"1523"}],"松原":[{"zip":"6440218","zip1":"644","zip2":"0218"}],"美里":[{"zip":"6491521","zip1":"649","zip2":"1521"}],"南谷":[{"zip":"6491536","zip1":"649","zip2":"1536"}],"宮ノ前":[{"zip":"6491526","zip1":"649","zip2":"1526"}],"明神川":[{"zip":"6491537","zip1":"649","zip2":"1537"}],"山口":[{"zip":"6491533","zip1":"649","zip2":"1533"}]},"日高郡みなべ町":{"以下に掲載がない場合":[{"zip":"6450000","zip1":"645","zip2":"0000"}],"市井川":[{"zip":"6450208","zip1":"645","zip2":"0208"}],"晩稲":[{"zip":"6450022","zip1":"645","zip2":"0022"}],"気佐藤":[{"zip":"6450011","zip1":"645","zip2":"0011"}],"北道":[{"zip":"6450006","zip1":"645","zip2":"0006"}],"清川":[{"zip":"6450201","zip1":"645","zip2":"0201"}],"熊岡":[{"zip":"6450023","zip1":"645","zip2":"0023"}],"熊瀬川":[{"zip":"6450028","zip1":"645","zip2":"0028"}],"堺":[{"zip":"6450003","zip1":"645","zip2":"0003"}],"芝":[{"zip":"6450002","zip1":"645","zip2":"0002"}],"島之瀬":[{"zip":"6450203","zip1":"645","zip2":"0203"}],"筋":[{"zip":"6450025","zip1":"645","zip2":"0025"}],"高野":[{"zip":"6450207","zip1":"645","zip2":"0207"}],"滝":[{"zip":"6450205","zip1":"645","zip2":"0205"}],"谷口":[{"zip":"6450026","zip1":"645","zip2":"0026"}],"土井":[{"zip":"6450206","zip1":"645","zip2":"0206"}],"徳蔵":[{"zip":"6450024","zip1":"645","zip2":"0024"}],"西岩代":[{"zip":"6450014","zip1":"645","zip2":"0014"}],"西本庄":[{"zip":"6450027","zip1":"645","zip2":"0027"}],"埴田":[{"zip":"6450004","zip1":"645","zip2":"0004"}],"東岩代":[{"zip":"6450013","zip1":"645","zip2":"0013"}],"東神野川":[{"zip":"6450202","zip1":"645","zip2":"0202"}],"東本庄":[{"zip":"6450021","zip1":"645","zip2":"0021"}],"東吉田":[{"zip":"6450001","zip1":"645","zip2":"0001"}],"広野":[{"zip":"6450204","zip1":"645","zip2":"0204"}],"南道":[{"zip":"6450005","zip1":"645","zip2":"0005"}],"山内":[{"zip":"6450012","zip1":"645","zip2":"0012"}]},"日高郡日高川町":{"以下に掲載がない場合":[{"zip":"6491300","zip1":"649","zip2":"1300"}],"浅間":[{"zip":"6441243","zip1":"644","zip2":"1243"}],"愛川":[{"zip":"6441213","zip1":"644","zip2":"1213"}],"姉子":[{"zip":"6441132","zip1":"644","zip2":"1132"}],"伊藤川":[{"zip":"6491313","zip1":"649","zip2":"1313"}],"弥谷":[{"zip":"6441211","zip1":"644","zip2":"1211"}],"初湯川":[{"zip":"6441231","zip1":"644","zip2":"1231"}],"江川":[{"zip":"6491442","zip1":"649","zip2":"1442"}],"老星":[{"zip":"6441162","zip1":"644","zip2":"1162"}],"大又":[{"zip":"6441163","zip1":"644","zip2":"1163"}],"皆瀬":[{"zip":"6441212","zip1":"644","zip2":"1212"}],"鐘巻":[{"zip":"6491331","zip1":"649","zip2":"1331"}],"上初湯川":[{"zip":"6441214","zip1":"644","zip2":"1214"}],"上越方":[{"zip":"6441244","zip1":"644","zip2":"1244"}],"上田原":[{"zip":"6441141","zip1":"644","zip2":"1141"}],"川原河":[{"zip":"6441201","zip1":"644","zip2":"1201"}],"串本":[{"zip":"6441222","zip1":"644","zip2":"1222"}],"熊野川":[{"zip":"6441242","zip1":"644","zip2":"1242"}],"玄子":[{"zip":"6491315","zip1":"649","zip2":"1315"}],"小釜本":[{"zip":"6441143","zip1":"644","zip2":"1143"}],"小熊":[{"zip":"6491323","zip1":"649","zip2":"1323"}],"佐井":[{"zip":"6441164","zip1":"644","zip2":"1164"}],"坂野川":[{"zip":"6441161","zip1":"644","zip2":"1161"}],"山野":[{"zip":"6491441","zip1":"649","zip2":"1441"}],"下田原":[{"zip":"6441142","zip1":"644","zip2":"1142"}],"千津川":[{"zip":"6491332","zip1":"649","zip2":"1332"}],"寒川":[{"zip":"6441221","zip1":"644","zip2":"1221"}],"寒川（小川）":[{"zip":"6450551","zip1":"645","zip2":"0551"}],"高津尾":[{"zip":"6441122","zip1":"644","zip2":"1122"}],"高津尾川":[{"zip":"6441123","zip1":"644","zip2":"1123"}],"滝頭":[{"zip":"6441241","zip1":"644","zip2":"1241"}],"田尻":[{"zip":"6441151","zip1":"644","zip2":"1151"}],"藤野川":[{"zip":"6441101","zip1":"644","zip2":"1101"}],"中津川":[{"zip":"6491325","zip1":"649","zip2":"1325"}],"西原":[{"zip":"6441121","zip1":"644","zip2":"1121"}],"入野":[{"zip":"6491321","zip1":"649","zip2":"1321"}],"早藤":[{"zip":"6491314","zip1":"649","zip2":"1314"}],"土生":[{"zip":"6491324","zip1":"649","zip2":"1324"}],"原日浦":[{"zip":"6441133","zip1":"644","zip2":"1133"}],"平川":[{"zip":"6491311","zip1":"649","zip2":"1311"}],"船津":[{"zip":"6441111","zip1":"644","zip2":"1111"}],"蛇尾":[{"zip":"6491316","zip1":"649","zip2":"1316"}],"松瀬":[{"zip":"6491444","zip1":"649","zip2":"1444"}],"三佐":[{"zip":"6441152","zip1":"644","zip2":"1152"}],"三十井川":[{"zip":"6441131","zip1":"644","zip2":"1131"}],"三十木":[{"zip":"6441134","zip1":"644","zip2":"1134"}],"三百瀬":[{"zip":"6491312","zip1":"649","zip2":"1312"}],"若野":[{"zip":"6491322","zip1":"649","zip2":"1322"}],"和佐":[{"zip":"6491443","zip1":"649","zip2":"1443"}]},"西牟婁郡白浜町":{"以下に掲載がない場合":[{"zip":"6492200","zip1":"649","zip2":"2200"}],"白浜町の次に番地がくる場合":[{"zip":"6492211","zip1":"649","zip2":"2211"}],"安居":[{"zip":"6492532","zip1":"649","zip2":"2532"}],"安宅":[{"zip":"6492524","zip1":"649","zip2":"2524"}],"市鹿野":[{"zip":"6460301","zip1":"646","zip2":"0301"}],"内ノ川":[{"zip":"6492322","zip1":"649","zip2":"2322"}],"宇津木":[{"zip":"6492537","zip1":"649","zip2":"2537"}],"大":[{"zip":"6460312","zip1":"646","zip2":"0312"}],"大瀬":[{"zip":"6460303","zip1":"646","zip2":"0303"}],"大古":[{"zip":"6492521","zip1":"649","zip2":"2521"}],"小房":[{"zip":"6460311","zip1":"646","zip2":"0311"}],"堅田":[{"zip":"6492201","zip1":"649","zip2":"2201"}],"北谷":[{"zip":"6460305","zip1":"646","zip2":"0305"}],"口ケ谷":[{"zip":"6492531","zip1":"649","zip2":"2531"}],"上露":[{"zip":"6460302","zip1":"646","zip2":"0302"}],"小川":[{"zip":"6492538","zip1":"649","zip2":"2538"}],"才野":[{"zip":"6492334","zip1":"649","zip2":"2334"}],"栄":[{"zip":"6492332","zip1":"649","zip2":"2332"}],"里谷":[{"zip":"6460314","zip1":"646","zip2":"0314"}],"塩野":[{"zip":"6492525","zip1":"649","zip2":"2525"}],"庄川":[{"zip":"6492323","zip1":"649","zip2":"2323"}],"城":[{"zip":"6492539","zip1":"649","zip2":"2539"}],"平":[{"zip":"6492331","zip1":"649","zip2":"2331"}],"竹垣内":[{"zip":"6460304","zip1":"646","zip2":"0304"}],"田野井":[{"zip":"6492523","zip1":"649","zip2":"2523"}],"玉伝":[{"zip":"6460313","zip1":"646","zip2":"0313"}],"十九渕":[{"zip":"6492324","zip1":"649","zip2":"2324"}],"椿":[{"zip":"6492326","zip1":"649","zip2":"2326"}],"寺山":[{"zip":"6492534","zip1":"649","zip2":"2534"}],"富田":[{"zip":"6492325","zip1":"649","zip2":"2325"}],"中":[{"zip":"6492333","zip1":"649","zip2":"2333"}],"中嶋":[{"zip":"6492533","zip1":"649","zip2":"2533"}],"日置":[{"zip":"6492511","zip1":"649","zip2":"2511"}],"久木":[{"zip":"6492536","zip1":"649","zip2":"2536"}],"保呂":[{"zip":"6492321","zip1":"649","zip2":"2321"}],"向平":[{"zip":"6492535","zip1":"649","zip2":"2535"}],"矢田":[{"zip":"6492522","zip1":"649","zip2":"2522"}]},"西牟婁郡上富田町":{"以下に掲載がない場合":[{"zip":"6492100","zip1":"649","zip2":"2100"}],"朝来":[{"zip":"6492105","zip1":"649","zip2":"2105"}],"生馬":[{"zip":"6492103","zip1":"649","zip2":"2103"}],"市ノ瀬":[{"zip":"6492107","zip1":"649","zip2":"2107"}],"岩崎":[{"zip":"6492104","zip1":"649","zip2":"2104"}],"岩田":[{"zip":"6492102","zip1":"649","zip2":"2102"}],"岡":[{"zip":"6492101","zip1":"649","zip2":"2101"}],"下鮎川":[{"zip":"6492108","zip1":"649","zip2":"2108"}],"南紀の台":[{"zip":"6492106","zip1":"649","zip2":"2106"}]},"西牟婁郡すさみ町":{"以下に掲載がない場合":[{"zip":"6492600","zip1":"649","zip2":"2600"}],"江住":[{"zip":"6493142","zip1":"649","zip2":"3142"}],"大鎌":[{"zip":"6493151","zip1":"649","zip2":"3151"}],"大谷":[{"zip":"6493153","zip1":"649","zip2":"3153"}],"大附":[{"zip":"6492602","zip1":"649","zip2":"2602"}],"小河内":[{"zip":"6492603","zip1":"649","zip2":"2603"}],"口和深":[{"zip":"6492612","zip1":"649","zip2":"2612"}],"小附":[{"zip":"6492601","zip1":"649","zip2":"2601"}],"里野":[{"zip":"6493143","zip1":"649","zip2":"3143"}],"佐本追川":[{"zip":"6493162","zip1":"649","zip2":"3162"}],"佐本中":[{"zip":"6493161","zip1":"649","zip2":"3161"}],"佐本中野":[{"zip":"6493165","zip1":"649","zip2":"3165"}],"佐本西栗垣内":[{"zip":"6493163","zip1":"649","zip2":"3163"}],"佐本西野川":[{"zip":"6493166","zip1":"649","zip2":"3166"}],"佐本根倉":[{"zip":"6493168","zip1":"649","zip2":"3168"}],"佐本東栗垣内":[{"zip":"6493164","zip1":"649","zip2":"3164"}],"佐本平野":[{"zip":"6493167","zip1":"649","zip2":"3167"}],"佐本深谷":[{"zip":"6493169","zip1":"649","zip2":"3169"}],"周参見":[{"zip":"6492621","zip1":"649","zip2":"2621"}],"太間川":[{"zip":"6492631","zip1":"649","zip2":"2631"}],"防己":[{"zip":"6493152","zip1":"649","zip2":"3152"}],"見老津":[{"zip":"6493141","zip1":"649","zip2":"3141"}],"矢野口":[{"zip":"6492604","zip1":"649","zip2":"2604"}],"和深川":[{"zip":"6492611","zip1":"649","zip2":"2611"}]},"東牟婁郡那智勝浦町":{"以下に掲載がない場合":[{"zip":"6495300","zip1":"649","zip2":"5300"}],"朝日":[{"zip":"6495332","zip1":"649","zip2":"5332"}],"井鹿":[{"zip":"6495133","zip1":"649","zip2":"5133"}],"井関":[{"zip":"6495303","zip1":"649","zip2":"5303"}],"市野々":[{"zip":"6495302","zip1":"649","zip2":"5302"}],"市屋（大浦、１０５４－９）":[{"zip":"6495339","zip1":"649","zip2":"5339"}],"市屋（その他）":[{"zip":"6495141","zip1":"649","zip2":"5141"}],"宇久井":[{"zip":"6495312","zip1":"649","zip2":"5312"}],"浦神":[{"zip":"6495145","zip1":"649","zip2":"5145"}],"大野":[{"zip":"6495461","zip1":"649","zip2":"5461"}],"樫原":[{"zip":"6495466","zip1":"649","zip2":"5466"}],"勝浦":[{"zip":"6495334","zip1":"649","zip2":"5334"}],"川関":[{"zip":"6495304","zip1":"649","zip2":"5304"}],"北浜":[{"zip":"6495333","zip1":"649","zip2":"5333"}],"狗子ノ川":[{"zip":"6495313","zip1":"649","zip2":"5313"}],"口色川":[{"zip":"6495451","zip1":"649","zip2":"5451"}],"熊瀬川":[{"zip":"6495454","zip1":"649","zip2":"5454"}],"高津気":[{"zip":"6495311","zip1":"649","zip2":"5311"}],"高遠井":[{"zip":"6495135","zip1":"649","zip2":"5135"}],"小阪":[{"zip":"6495452","zip1":"649","zip2":"5452"}],"小匠":[{"zip":"6495137","zip1":"649","zip2":"5137"}],"粉白":[{"zip":"6495144","zip1":"649","zip2":"5144"}],"坂足":[{"zip":"6495465","zip1":"649","zip2":"5465"}],"下里":[{"zip":"6495142","zip1":"649","zip2":"5142"}],"下和田":[{"zip":"6495148","zip1":"649","zip2":"5148"}],"庄":[{"zip":"6495147","zip1":"649","zip2":"5147"}],"高野":[{"zip":"6495463","zip1":"649","zip2":"5463"}],"田垣内":[{"zip":"6495462","zip1":"649","zip2":"5462"}],"築地":[{"zip":"6495335","zip1":"649","zip2":"5335"}],"天満":[{"zip":"6495331","zip1":"649","zip2":"5331"}],"中里":[{"zip":"6495146","zip1":"649","zip2":"5146"}],"中ノ川":[{"zip":"6495132","zip1":"649","zip2":"5132"}],"長井":[{"zip":"6495136","zip1":"649","zip2":"5136"}],"那智山":[{"zip":"6495301","zip1":"649","zip2":"5301"}],"二河":[{"zip":"6495338","zip1":"649","zip2":"5338"}],"西中野川":[{"zip":"6495131","zip1":"649","zip2":"5131"}],"橋ノ川":[{"zip":"6495337","zip1":"649","zip2":"5337"}],"浜ノ宮":[{"zip":"6495314","zip1":"649","zip2":"5314"}],"直柱":[{"zip":"6495464","zip1":"649","zip2":"5464"}],"南大居":[{"zip":"6495134","zip1":"649","zip2":"5134"}],"南平野":[{"zip":"6495453","zip1":"649","zip2":"5453"}],"八尺鏡野":[{"zip":"6495143","zip1":"649","zip2":"5143"}],"湯川":[{"zip":"6495336","zip1":"649","zip2":"5336"}]},"東牟婁郡太地町":{"以下に掲載がない場合":[{"zip":"6495100","zip1":"649","zip2":"5100"}],"太地（３７７２～３９０４番地）":[{"zip":"6495371","zip1":"649","zip2":"5371"}],"太地（その他）":[{"zip":"6495171","zip1":"649","zip2":"5171"}],"森浦":[{"zip":"6495172","zip1":"649","zip2":"5172"}]},"東牟婁郡古座川町":{"以下に掲載がない場合":[{"zip":"6494100","zip1":"649","zip2":"4100"}],"相瀬":[{"zip":"6494235","zip1":"649","zip2":"4235"}],"池野山":[{"zip":"6494103","zip1":"649","zip2":"4103"}],"一雨":[{"zip":"6494232","zip1":"649","zip2":"4232"}],"洞尾":[{"zip":"6494453","zip1":"649","zip2":"4453"}],"宇津木":[{"zip":"6494105","zip1":"649","zip2":"4105"}],"宇筒井":[{"zip":"6494214","zip1":"649","zip2":"4214"}],"潤野":[{"zip":"6494225","zip1":"649","zip2":"4225"}],"大川":[{"zip":"6494451","zip1":"649","zip2":"4451"}],"大桑":[{"zip":"6494215","zip1":"649","zip2":"4215"}],"大柳":[{"zip":"6494227","zip1":"649","zip2":"4227"}],"樫山":[{"zip":"6494101","zip1":"649","zip2":"4101"}],"川口":[{"zip":"6494223","zip1":"649","zip2":"4223"}],"楠":[{"zip":"6494102","zip1":"649","zip2":"4102"}],"蔵土":[{"zip":"6494452","zip1":"649","zip2":"4452"}],"小川":[{"zip":"6494216","zip1":"649","zip2":"4216"}],"小森川":[{"zip":"6494211","zip1":"649","zip2":"4211"}],"佐田":[{"zip":"6494442","zip1":"649","zip2":"4442"}],"下露":[{"zip":"6494562","zip1":"649","zip2":"4562"}],"添野川":[{"zip":"6494441","zip1":"649","zip2":"4441"}],"高池":[{"zip":"6494104","zip1":"649","zip2":"4104"}],"高瀬":[{"zip":"6494224","zip1":"649","zip2":"4224"}],"田川":[{"zip":"6494212","zip1":"649","zip2":"4212"}],"立合":[{"zip":"6494233","zip1":"649","zip2":"4233"}],"立合川":[{"zip":"6494236","zip1":"649","zip2":"4236"}],"月野瀬":[{"zip":"6494106","zip1":"649","zip2":"4106"}],"鶴川":[{"zip":"6494231","zip1":"649","zip2":"4231"}],"中崎":[{"zip":"6494221","zip1":"649","zip2":"4221"}],"長追":[{"zip":"6494444","zip1":"649","zip2":"4444"}],"南平":[{"zip":"6494454","zip1":"649","zip2":"4454"}],"成川":[{"zip":"6494565","zip1":"649","zip2":"4565"}],"西赤木":[{"zip":"6494213","zip1":"649","zip2":"4213"}],"西川":[{"zip":"6494561","zip1":"649","zip2":"4561"}],"直見":[{"zip":"6494222","zip1":"649","zip2":"4222"}],"平井":[{"zip":"6494563","zip1":"649","zip2":"4563"}],"松根":[{"zip":"6494564","zip1":"649","zip2":"4564"}],"真砂":[{"zip":"6494443","zip1":"649","zip2":"4443"}],"三尾川":[{"zip":"6494455","zip1":"649","zip2":"4455"}],"峰":[{"zip":"6494234","zip1":"649","zip2":"4234"}],"明神":[{"zip":"6494226","zip1":"649","zip2":"4226"}],"山手":[{"zip":"6494217","zip1":"649","zip2":"4217"}]},"東牟婁郡北山村":{"以下に掲載がない場合":[{"zip":"6471600","zip1":"647","zip2":"1600"}],"大沼":[{"zip":"6471603","zip1":"647","zip2":"1603"}],"小松":[{"zip":"6471605","zip1":"647","zip2":"1605"}],"下尾井":[{"zip":"6471604","zip1":"647","zip2":"1604"}],"竹原":[{"zip":"6471602","zip1":"647","zip2":"1602"}],"七色":[{"zip":"6471601","zip1":"647","zip2":"1601"}]},"東牟婁郡串本町":{"以下に掲載がない場合":[{"zip":"6493500","zip1":"649","zip2":"3500"}],"有田":[{"zip":"6493514","zip1":"649","zip2":"3514"}],"有田上":[{"zip":"6493518","zip1":"649","zip2":"3518"}],"伊串":[{"zip":"6494124","zip1":"649","zip2":"4124"}],"出雲":[{"zip":"6493501","zip1":"649","zip2":"3501"}],"上野山":[{"zip":"6494114","zip1":"649","zip2":"4114"}],"江田":[{"zip":"6493521","zip1":"649","zip2":"3521"}],"大島":[{"zip":"6493633","zip1":"649","zip2":"3633"}],"樫野":[{"zip":"6493631","zip1":"649","zip2":"3631"}],"上田原":[{"zip":"6494111","zip1":"649","zip2":"4111"}],"鬮野川":[{"zip":"6493511","zip1":"649","zip2":"3511"}],"串本":[{"zip":"6493503","zip1":"649","zip2":"3503"}],"古座":[{"zip":"6494115","zip1":"649","zip2":"4115"}],"神野川":[{"zip":"6494123","zip1":"649","zip2":"4123"}],"里川":[{"zip":"6493524","zip1":"649","zip2":"3524"}],"佐部":[{"zip":"6494117","zip1":"649","zip2":"4117"}],"サンゴ台":[{"zip":"6493510","zip1":"649","zip2":"3510"}],"潮岬":[{"zip":"6493502","zip1":"649","zip2":"3502"}],"須江":[{"zip":"6493632","zip1":"649","zip2":"3632"}],"高富":[{"zip":"6493513","zip1":"649","zip2":"3513"}],"田子":[{"zip":"6493522","zip1":"649","zip2":"3522"}],"田並":[{"zip":"6493515","zip1":"649","zip2":"3515"}],"田並上":[{"zip":"6493516","zip1":"649","zip2":"3516"}],"田原":[{"zip":"6494112","zip1":"649","zip2":"4112"}],"津荷":[{"zip":"6494113","zip1":"649","zip2":"4113"}],"中湊":[{"zip":"6494116","zip1":"649","zip2":"4116"}],"二色":[{"zip":"6493512","zip1":"649","zip2":"3512"}],"西向":[{"zip":"6494122","zip1":"649","zip2":"4122"}],"吐生":[{"zip":"6493517","zip1":"649","zip2":"3517"}],"姫":[{"zip":"6494125","zip1":"649","zip2":"4125"}],"姫川":[{"zip":"6494126","zip1":"649","zip2":"4126"}],"古田":[{"zip":"6494121","zip1":"649","zip2":"4121"}],"和深":[{"zip":"6493523","zip1":"649","zip2":"3523"}]}}