{"8001":[{"pref":"京都府","city":"京都市西京区","town":"桂上野北町"}],"8002":[{"pref":"京都府","city":"京都市西京区","town":"桂上野中町"}],"8003":[{"pref":"京都府","city":"京都市西京区","town":"桂上野東町"}],"8004":[{"pref":"京都府","city":"京都市西京区","town":"桂畑ケ田町"}],"8005":[{"pref":"京都府","city":"京都市西京区","town":"桂上野南町"}],"8006":[{"pref":"京都府","city":"京都市西京区","town":"桂上野西町"}],"8007":[{"pref":"京都府","city":"京都市西京区","town":"桂上野今井町"}],"8008":[{"pref":"京都府","city":"京都市西京区","town":"桂上野川原町"}],"8011":[{"pref":"京都府","city":"京都市西京区","town":"桂大縄町"}],"8012":[{"pref":"京都府","city":"京都市西京区","town":"桂後水町"}],"8013":[{"pref":"京都府","city":"京都市西京区","town":"桂清水町"}],"8014":[{"pref":"京都府","city":"京都市西京区","town":"桂御園"}],"8015":[{"pref":"京都府","city":"京都市西京区","town":"徳大寺清水町"}],"8016":[{"pref":"京都府","city":"京都市西京区","town":"桂久方町"}],"8017":[{"pref":"京都府","city":"京都市西京区","town":"桂河田町"}],"8018":[{"pref":"京都府","city":"京都市西京区","town":"桂徳大寺町"}],"8021":[{"pref":"京都府","city":"京都市西京区","town":"桂浅原町"}],"8022":[{"pref":"京都府","city":"京都市西京区","town":"桂北滝川町"}],"8023":[{"pref":"京都府","city":"京都市西京区","town":"桂南滝川町"}],"8024":[{"pref":"京都府","city":"京都市西京区","town":"桂西滝川町"}],"8025":[{"pref":"京都府","city":"京都市西京区","town":"桂稲荷山町"}],"8026":[{"pref":"京都府","city":"京都市西京区","town":"桂市ノ前町"}],"8027":[{"pref":"京都府","city":"京都市西京区","town":"桂朝日町"}],"8031":[{"pref":"京都府","city":"京都市西京区","town":"牛ケ瀬林ノ本町"}],"8032":[{"pref":"京都府","city":"京都市西京区","town":"牛ケ瀬奥ノ防町"}],"8033":[{"pref":"京都府","city":"京都市西京区","town":"下津林東大般若町"}],"8034":[{"pref":"京都府","city":"京都市西京区","town":"下津林東芝ノ宮町"}],"8035":[{"pref":"京都府","city":"京都市西京区","town":"下津林芝ノ宮町"}],"8036":[{"pref":"京都府","city":"京都市西京区","town":"下津林南大般若町"}],"8037":[{"pref":"京都府","city":"京都市西京区","town":"下津林大般若町"}],"8041":[{"pref":"京都府","city":"京都市西京区","town":"牛ケ瀬青柳町"}],"8042":[{"pref":"京都府","city":"京都市西京区","town":"牛ケ瀬川原口町"}],"8043":[{"pref":"京都府","city":"京都市西京区","town":"牛ケ瀬新田泓町"}],"8044":[{"pref":"京都府","city":"京都市西京区","town":"牛ケ瀬山柿町"}],"8045":[{"pref":"京都府","city":"京都市西京区","town":"牛ケ瀬南ノ口町"}],"8046":[{"pref":"京都府","city":"京都市西京区","town":"牛ケ瀬弥生町"}],"8051":[{"pref":"京都府","city":"京都市西京区","town":"牛ケ瀬西柿町"}],"8052":[{"pref":"京都府","city":"京都市西京区","town":"牛ケ瀬堂田町"}],"8053":[{"pref":"京都府","city":"京都市西京区","town":"下津林中島町"}],"8054":[{"pref":"京都府","city":"京都市西京区","town":"下津林南中島町"}],"8055":[{"pref":"京都府","city":"京都市西京区","town":"下津林佃"}],"8056":[{"pref":"京都府","city":"京都市西京区","town":"下津林番条"}],"8057":[{"pref":"京都府","city":"京都市西京区","town":"下津林番条町"}],"8061":[{"pref":"京都府","city":"京都市西京区","town":"下津林北浦町"}],"8062":[{"pref":"京都府","city":"京都市西京区","town":"下津林前泓町"}],"8063":[{"pref":"京都府","city":"京都市西京区","town":"下津林六反田"}],"8064":[{"pref":"京都府","city":"京都市西京区","town":"下津林水掛町"}],"8065":[{"pref":"京都府","city":"京都市西京区","town":"下津林楠町"}],"8071":[{"pref":"京都府","city":"京都市西京区","town":"桂春日町"}],"8072":[{"pref":"京都府","city":"京都市西京区","town":"桂木ノ下町"}],"8073":[{"pref":"京都府","city":"京都市西京区","town":"桂野里町"}],"8074":[{"pref":"京都府","city":"京都市西京区","town":"桂南巽町"}],"8075":[{"pref":"京都府","city":"京都市西京区","town":"桂巽町"}],"8076":[{"pref":"京都府","city":"京都市西京区","town":"桂下豆田町"}],"8077":[{"pref":"京都府","city":"京都市西京区","town":"桂芝ノ下町"}],"8081":[{"pref":"京都府","city":"京都市西京区","town":"桂池尻町"}],"8082":[{"pref":"京都府","city":"京都市西京区","town":"桂上豆田町"}],"8083":[{"pref":"京都府","city":"京都市西京区","town":"桂艮町"}],"8084":[{"pref":"京都府","city":"京都市西京区","town":"桂坤町"}],"8085":[{"pref":"京都府","city":"京都市西京区","town":"桂千代原町"}],"8086":[{"pref":"京都府","city":"京都市西京区","town":"桂乾町"}],"8087":[{"pref":"京都府","city":"京都市西京区","town":"桂御所町"}],"8101":[{"pref":"京都府","city":"京都市西京区","town":"川島東代町"}],"8102":[{"pref":"京都府","city":"京都市西京区","town":"川島松ノ木本町"}],"8103":[{"pref":"京都府","city":"京都市西京区","town":"川島六ノ坪町"}],"8104":[{"pref":"京都府","city":"京都市西京区","town":"川島五反長町"}],"8105":[{"pref":"京都府","city":"京都市西京区","town":"川島莚田町"}],"8106":[{"pref":"京都府","city":"京都市西京区","town":"川島滑樋町"}],"8107":[{"pref":"京都府","city":"京都市西京区","town":"川島北裏町"}],"8111":[{"pref":"京都府","city":"京都市西京区","town":"川島松園町"}],"8112":[{"pref":"京都府","city":"京都市西京区","town":"川島竹園町"}],"8113":[{"pref":"京都府","city":"京都市西京区","town":"川島梅園町"}],"8114":[{"pref":"京都府","city":"京都市西京区","town":"川島桜園町"}],"8115":[{"pref":"京都府","city":"京都市西京区","town":"川島流田町"}],"8116":[{"pref":"京都府","city":"京都市西京区","town":"樫原甲水"}],"8117":[{"pref":"京都府","city":"京都市西京区","town":"樫原六反田"}],"8118":[{"pref":"京都府","city":"京都市西京区","town":"川島三重町"}],"8121":[{"pref":"京都府","city":"京都市西京区","town":"川島野田町"}],"8122":[{"pref":"京都府","city":"京都市西京区","town":"樫原八反田"}],"8123":[{"pref":"京都府","city":"京都市西京区","town":"樫原山路"}],"8124":[{"pref":"京都府","city":"京都市西京区","town":"樫原三宅町"}],"8125":[{"pref":"京都府","city":"京都市西京区","town":"川島調子町"}],"8131":[{"pref":"京都府","city":"京都市西京区","town":"樫原五反田"}],"8132":[{"pref":"京都府","city":"京都市西京区","town":"樫原庭井"}],"8133":[{"pref":"京都府","city":"京都市西京区","town":"樫原井戸"}],"8134":[{"pref":"京都府","city":"京都市西京区","town":"樫原比恵田町"}],"8135":[{"pref":"京都府","city":"京都市西京区","town":"樫原江ノ本町"}],"8136":[{"pref":"京都府","city":"京都市西京区","town":"樫原口戸"}],"8141":[{"pref":"京都府","city":"京都市西京区","town":"樫原平田町"}],"8142":[{"pref":"京都府","city":"京都市西京区","town":"樫原畔ノ海道"}],"8143":[{"pref":"京都府","city":"京都市西京区","town":"樫原里ノ垣外町"}],"8144":[{"pref":"京都府","city":"京都市西京区","town":"樫原釘貫"}],"8145":[{"pref":"京都府","city":"京都市西京区","town":"樫原角田町"}],"8146":[{"pref":"京都府","city":"京都市西京区","town":"樫原田中町"}],"8147":[{"pref":"京都府","city":"京都市西京区","town":"樫原塚ノ本町"}],"8151":[{"pref":"京都府","city":"京都市西京区","town":"樫原杉原町"}],"8152":[{"pref":"京都府","city":"京都市西京区","town":"樫原内垣外町"}],"8153":[{"pref":"京都府","city":"京都市西京区","town":"樫原前田町"}],"8154":[{"pref":"京都府","city":"京都市西京区","town":"樫原岡南ノ庄"}],"8155":[{"pref":"京都府","city":"京都市西京区","town":"樫原大亀谷"}],"8156":[{"pref":"京都府","city":"京都市西京区","town":"樫原百々ケ池"}],"8157":[{"pref":"京都府","city":"京都市西京区","town":"樫原芋峠"}],"8158":[{"pref":"京都府","city":"京都市西京区","town":"樫原秤谷町"}],"8161":[{"pref":"京都府","city":"京都市西京区","town":"樫原蛸田町"}],"8162":[{"pref":"京都府","city":"京都市西京区","town":"樫原上ノ町"}],"8163":[{"pref":"京都府","city":"京都市西京区","town":"樫原山ノ上町"}],"8164":[{"pref":"京都府","city":"京都市西京区","town":"樫原鴫谷"}],"8165":[{"pref":"京都府","city":"京都市西京区","town":"樫原盆山"}],"8171":[{"pref":"京都府","city":"京都市西京区","town":"樫原久保町"}],"8172":[{"pref":"京都府","city":"京都市西京区","town":"樫原宇治井西町"}],"8173":[{"pref":"京都府","city":"京都市西京区","town":"樫原下池田町"}],"8174":[{"pref":"京都府","city":"京都市西京区","town":"樫原中垣外"}],"8175":[{"pref":"京都府","city":"京都市西京区","town":"樫原硲町"}],"8176":[{"pref":"京都府","city":"京都市西京区","town":"樫原上池田町"}],"8177":[{"pref":"京都府","city":"京都市西京区","town":"樫原下ノ町"}],"8178":[{"pref":"京都府","city":"京都市西京区","town":"樫原池ノ上町"}],"8181":[{"pref":"京都府","city":"京都市西京区","town":"樫原石畑町"}],"8182":[{"pref":"京都府","city":"京都市西京区","town":"樫原茶ノ木本町"}],"8183":[{"pref":"京都府","city":"京都市西京区","town":"樫原分田"}],"8184":[{"pref":"京都府","city":"京都市西京区","town":"樫原水築町"}],"8185":[{"pref":"京都府","city":"京都市西京区","town":"樫原宇治井町"}],"8186":[{"pref":"京都府","city":"京都市西京区","town":"樫原佃"}],"8191":[{"pref":"京都府","city":"京都市西京区","town":"川島有栖川町"}],"8192":[{"pref":"京都府","city":"京都市西京区","town":"川島寺田町"}],"8193":[{"pref":"京都府","city":"京都市西京区","town":"川島玉頭町"}],"8194":[{"pref":"京都府","city":"京都市西京区","town":"川島粟田町"}],"8195":[{"pref":"京都府","city":"京都市西京区","town":"川島権田町"}],"8196":[{"pref":"京都府","city":"京都市西京区","town":"川島尻堀町"}],"8201":[{"pref":"京都府","city":"京都市西京区","town":"上桂今井町"}],"8202":[{"pref":"京都府","city":"京都市西京区","town":"松室吾田神町"}],"8203":[{"pref":"京都府","city":"京都市西京区","town":"松室荒堀町"}],"8204":[{"pref":"京都府","city":"京都市西京区","town":"松室北河原町"}],"8205":[{"pref":"京都府","city":"京都市西京区","town":"松室中溝町"}],"8206":[{"pref":"京都府","city":"京都市西京区","town":"松室追上ゲ町"}],"8207":[{"pref":"京都府","city":"京都市西京区","town":"松室河原町"}],"8208":[{"pref":"京都府","city":"京都市西京区","town":"上桂樋ノ口町"}],"8211":[{"pref":"京都府","city":"京都市西京区","town":"上桂前川町"}],"8212":[{"pref":"京都府","city":"京都市西京区","town":"上桂北ノ口町"}],"8213":[{"pref":"京都府","city":"京都市西京区","town":"上桂北村町"}],"8214":[{"pref":"京都府","city":"京都市西京区","town":"上桂東居町"}],"8215":[{"pref":"京都府","city":"京都市西京区","town":"上桂大野町"}],"8216":[{"pref":"京都府","city":"京都市西京区","town":"松尾鈴川町"}],"8217":[{"pref":"京都府","city":"京都市西京区","town":"松尾東ノ口町"}],"8221":[{"pref":"京都府","city":"京都市西京区","town":"上桂東ノ口町"}],"8222":[{"pref":"京都府","city":"京都市西京区","town":"上桂御正町"}],"8223":[{"pref":"京都府","city":"京都市西京区","town":"上桂前田町"}],"8224":[{"pref":"京都府","city":"京都市西京区","town":"上桂三ノ宮町"}],"8225":[{"pref":"京都府","city":"京都市西京区","town":"上桂森下町"}],"8226":[{"pref":"京都府","city":"京都市西京区","town":"上桂森上町"}],"8227":[{"pref":"京都府","city":"京都市西京区","town":"上桂宮ノ後町"}],"8228":[{"pref":"京都府","city":"京都市西京区","town":"上桂西居町"}],"8231":[{"pref":"京都府","city":"京都市西京区","town":"御陵溝浦町"}],"8232":[{"pref":"京都府","city":"京都市西京区","town":"御陵南荒木町"}],"8233":[{"pref":"京都府","city":"京都市西京区","town":"御陵荒木町"}],"8234":[{"pref":"京都府","city":"京都市西京区","town":"御陵塚ノ越町"}],"8235":[{"pref":"京都府","city":"京都市西京区","town":"御陵内町"}],"8236":[{"pref":"京都府","city":"京都市西京区","town":"山田大吉見町"}],"8237":[{"pref":"京都府","city":"京都市西京区","town":"山田中吉見町"}],"8238":[{"pref":"京都府","city":"京都市西京区","town":"山田車塚町"}],"8241":[{"pref":"京都府","city":"京都市西京区","town":"御陵谷町"}],"8242":[{"pref":"京都府","city":"京都市西京区","town":"御陵鴫谷"}],"8243":[{"pref":"京都府","city":"京都市西京区","town":"御陵御茶屋山"}],"8244":[{"pref":"京都府","city":"京都市西京区","town":"御陵池ノ谷"}],"8245":[{"pref":"京都府","city":"京都市西京区","town":"御陵大原"}],"8246":[{"pref":"京都府","city":"京都市西京区","town":"京都大学桂"}],"8251":[{"pref":"京都府","city":"京都市西京区","town":"山田猫塚町"}],"8252":[{"pref":"京都府","city":"京都市西京区","town":"御陵北山下町"}],"8253":[{"pref":"京都府","city":"京都市西京区","town":"御陵北山町"}],"8254":[{"pref":"京都府","city":"京都市西京区","town":"御陵細谷"}],"8255":[{"pref":"京都府","city":"京都市西京区","town":"山田箱塚町"}],"8256":[{"pref":"京都府","city":"京都市西京区","town":"山田平尾町"}],"8261":[{"pref":"京都府","city":"京都市西京区","town":"山田庄田町"}],"8262":[{"pref":"京都府","city":"京都市西京区","town":"山田四ノ坪町"}],"8263":[{"pref":"京都府","city":"京都市西京区","town":"山田久田町"}],"8264":[{"pref":"京都府","city":"京都市西京区","town":"山田六ノ坪町"}],"8265":[{"pref":"京都府","city":"京都市西京区","town":"山田御道路町"}],"8266":[{"pref":"京都府","city":"京都市西京区","town":"山田南山田町"}],"8267":[{"pref":"京都府","city":"京都市西京区","town":"山田北山田町"}],"8271":[{"pref":"京都府","city":"京都市西京区","town":"山田弦馳町"}],"8272":[{"pref":"京都府","city":"京都市西京区","town":"山田畑田町"}],"8273":[{"pref":"京都府","city":"京都市西京区","town":"山田出口町"}],"8274":[{"pref":"京都府","city":"京都市西京区","town":"山田上ノ町"}],"8275":[{"pref":"京都府","city":"京都市西京区","town":"山田南町"}],"8276":[{"pref":"京都府","city":"京都市西京区","town":"山田開キ町"}],"8277":[{"pref":"京都府","city":"京都市西京区","town":"山田葉室町"}],"8281":[{"pref":"京都府","city":"京都市西京区","town":"松尾木ノ曽町"}],"8282":[{"pref":"京都府","city":"京都市西京区","town":"松尾大利町"}],"8283":[{"pref":"京都府","city":"京都市西京区","town":"松尾井戸町"}],"8284":[{"pref":"京都府","city":"京都市西京区","town":"松尾上ノ山町"}],"8285":[{"pref":"京都府","city":"京都市西京区","town":"山田北ノ町"}],"8286":[{"pref":"京都府","city":"京都市西京区","town":"松尾神ケ谷町"}],"8287":[{"pref":"京都府","city":"京都市西京区","town":"松尾万石町"}],"8291":[{"pref":"京都府","city":"京都市西京区","town":"松室扇田町"}],"8292":[{"pref":"京都府","city":"京都市西京区","town":"松室田中町"}],"8293":[{"pref":"京都府","city":"京都市西京区","town":"松室庄田町"}],"8294":[{"pref":"京都府","city":"京都市西京区","town":"松室地家町"}],"8295":[{"pref":"京都府","city":"京都市西京区","town":"松室地家山"}],"8296":[{"pref":"京都府","city":"京都市西京区","town":"松室山添町"}],"8301":[{"pref":"京都府","city":"京都市西京区","town":"桂徳大寺北町"}],"8302":[{"pref":"京都府","city":"京都市西京区","town":"桂徳大寺南町"}],"8303":[{"pref":"京都府","city":"京都市西京区","town":"桂徳大寺東町"}],"0905":[{"pref":"京都府","city":"京都市右京区","town":"梅津石灘町"}],"0932":[{"pref":"京都府","city":"京都市右京区","town":"梅津上田町"}],"0925":[{"pref":"京都府","city":"京都市右京区","town":"梅津大縄場町"}],"0912":[{"pref":"京都府","city":"京都市右京区","town":"梅津構口町"}],"0902":[{"pref":"京都府","city":"京都市右京区","town":"梅津神田町"}],"0934":[{"pref":"京都府","city":"京都市右京区","town":"梅津北浦町"}],"0937":[{"pref":"京都府","city":"京都市右京区","town":"梅津北川町"}],"0911":[{"pref":"京都府","city":"京都市右京区","town":"梅津北町"}],"0933":[{"pref":"京都府","city":"京都市右京区","town":"梅津後藤町"}],"0938":[{"pref":"京都府","city":"京都市右京区","town":"梅津坂本町"}],"0924":[{"pref":"京都府","city":"京都市右京区","town":"梅津尻溝町"}],"0906":[{"pref":"京都府","city":"京都市右京区","town":"梅津高畝町"}],"0907":[{"pref":"京都府","city":"京都市右京区","town":"梅津段町"}],"0904":[{"pref":"京都府","city":"京都市右京区","town":"梅津堤上町"}],"0903":[{"pref":"京都府","city":"京都市右京区","town":"梅津堤下町"}],"0935":[{"pref":"京都府","city":"京都市右京区","town":"梅津徳丸町"}],"0923":[{"pref":"京都府","city":"京都市右京区","town":"梅津中倉町"}],"0916":[{"pref":"京都府","city":"京都市右京区","town":"梅津中村町"}],"0917":[{"pref":"京都府","city":"京都市右京区","town":"梅津西浦町"}],"0936":[{"pref":"京都府","city":"京都市右京区","town":"梅津林口町"}],"0914":[{"pref":"京都府","city":"京都市右京区","town":"梅津東構口町"}],"0931":[{"pref":"京都府","city":"京都市右京区","town":"梅津開キ町"}],"0921":[{"pref":"京都府","city":"京都市右京区","town":"梅津フケノ川町"}],"0926":[{"pref":"京都府","city":"京都市右京区","town":"梅津罧原町"}],"0922":[{"pref":"京都府","city":"京都市右京区","town":"梅津前田町"}],"0913":[{"pref":"京都府","city":"京都市右京区","town":"梅津南上田町"}],"0901":[{"pref":"京都府","city":"京都市右京区","town":"梅津南広町"}],"0915":[{"pref":"京都府","city":"京都市右京区","town":"梅津南町"}],"0061":[{"pref":"京都府","city":"京都市右京区","town":"西院乾町"}],"0035":[{"pref":"京都府","city":"京都市右京区","town":"西院追分町"}],"0036":[{"pref":"京都府","city":"京都市右京区","town":"西院太田町"}],"0058":[{"pref":"京都府","city":"京都市右京区","town":"西院笠目町"}],"0015":[{"pref":"京都府","city":"京都市右京区","town":"西院春日町"}],"0006":[{"pref":"京都府","city":"京都市右京区","town":"西院金槌町"}],"0001":[{"pref":"京都府","city":"京都市右京区","town":"西院上今田町"}],"0007":[{"pref":"京都府","city":"京都市右京区","town":"西院上花田町"}],"0063":[{"pref":"京都府","city":"京都市右京区","town":"西院北井御料町"}],"0026":[{"pref":"京都府","city":"京都市右京区","town":"西院北矢掛町"}],"0064":[{"pref":"京都府","city":"京都市右京区","town":"西院久田町"}],"0053":[{"pref":"京都府","city":"京都市右京区","town":"西院久保田町"}],"0012":[{"pref":"京都府","city":"京都市右京区","town":"西院高山寺町"}],"0067":[{"pref":"京都府","city":"京都市右京区","town":"西院小米町"}],"0033":[{"pref":"京都府","city":"京都市右京区","town":"西院寿町"}],"0021":[{"pref":"京都府","city":"京都市右京区","town":"西院三蔵町"}],"0066":[{"pref":"京都府","city":"京都市右京区","town":"西院四条畑町"}],"0052":[{"pref":"京都府","city":"京都市右京区","town":"西院清水町"}],"0004":[{"pref":"京都府","city":"京都市右京区","town":"西院下花田町"}],"0005":[{"pref":"京都府","city":"京都市右京区","town":"西院春栄町"}],"0031":[{"pref":"京都府","city":"京都市右京区","town":"西院高田町"}],"0014":[{"pref":"京都府","city":"京都市右京区","town":"西院巽町"}],"0054":[{"pref":"京都府","city":"京都市右京区","town":"西院月双町"}],"0043":[{"pref":"京都府","city":"京都市右京区","town":"西院中水町"}],"0003":[{"pref":"京都府","city":"京都市右京区","town":"西院西今田町"}],"0056":[{"pref":"京都府","city":"京都市右京区","town":"西院西貝川町"}],"0034":[{"pref":"京都府","city":"京都市右京区","town":"西院西寿町"}],"0027":[{"pref":"京都府","city":"京都市右京区","town":"西院西三蔵町"}],"0016":[{"pref":"京都府","city":"京都市右京区","town":"西院西淳和院町"}],"0032":[{"pref":"京都府","city":"京都市右京区","town":"西院西高田町"}],"0055":[{"pref":"京都府","city":"京都市右京区","town":"西院西田町"}],"0044":[{"pref":"京都府","city":"京都市右京区","town":"西院西中水町"}],"0023":[{"pref":"京都府","city":"京都市右京区","town":"西院西平町"}],"0046":[{"pref":"京都府","city":"京都市右京区","town":"西院西溝崎町"}],"0025":[{"pref":"京都府","city":"京都市右京区","town":"西院西矢掛町"}],"0002":[{"pref":"京都府","city":"京都市右京区","town":"西院東今田町"}],"0057":[{"pref":"京都府","city":"京都市右京区","town":"西院東貝川町"}],"0011":[{"pref":"京都府","city":"京都市右京区","town":"西院東淳和院町"}],"0042":[{"pref":"京都府","city":"京都市右京区","town":"西院東中水町"}],"0062":[{"pref":"京都府","city":"京都市右京区","town":"西院坤町"}],"0065":[{"pref":"京都府","city":"京都市右京区","town":"西院日照町"}],"0022":[{"pref":"京都府","city":"京都市右京区","town":"西院平町"}],"0013":[{"pref":"京都府","city":"京都市右京区","town":"西院松井町"}],"0045":[{"pref":"京都府","city":"京都市右京区","town":"西院溝崎町"}],"0037":[{"pref":"京都府","city":"京都市右京区","town":"西院南井御料町"}],"0048":[{"pref":"京都府","city":"京都市右京区","town":"西院南寿町"}],"0041":[{"pref":"京都府","city":"京都市右京区","town":"西院南高田町"}],"0024":[{"pref":"京都府","city":"京都市右京区","town":"西院矢掛町"}],"0051":[{"pref":"京都府","city":"京都市右京区","town":"西院安塚町"}],"0047":[{"pref":"京都府","city":"京都市右京区","town":"西院六反田町"}],"0806":[{"pref":"京都府","city":"京都市右京区","town":"西京極畔勝町"}],"0885":[{"pref":"京都府","city":"京都市右京区","town":"西京極午塚町"}],"0882":[{"pref":"京都府","city":"京都市右京区","town":"西京極葛野町"}],"0843":[{"pref":"京都府","city":"京都市右京区","town":"西京極河原町"}],"0836":[{"pref":"京都府","city":"京都市右京区","town":"西京極河原町裏町"}],"0821":[{"pref":"京都府","city":"京都市右京区","town":"西京極北裏町"}],"0881":[{"pref":"京都府","city":"京都市右京区","town":"西京極北大入町"}],"0878":[{"pref":"京都府","city":"京都市右京区","town":"西京極北衣手町"}],"0802":[{"pref":"京都府","city":"京都市右京区","town":"西京極北庄境町"}],"0818":[{"pref":"京都府","city":"京都市右京区","town":"西京極三反田町"}],"0826":[{"pref":"京都府","city":"京都市右京区","town":"西京極芝ノ下町"}],"0814":[{"pref":"京都府","city":"京都市右京区","town":"西京極下沢町"}],"0874":[{"pref":"京都府","city":"京都市右京区","town":"西京極新田町"}],"0864":[{"pref":"京都府","city":"京都市右京区","town":"西京極新明町"}],"0845":[{"pref":"京都府","city":"京都市右京区","town":"西京極末広町"}],"0812":[{"pref":"京都府","city":"京都市右京区","town":"西京極大門町"}],"0804":[{"pref":"京都府","city":"京都市右京区","town":"西京極町ノ坪町"}],"0813":[{"pref":"京都府","city":"京都市右京区","town":"西京極佃田町"}],"0835":[{"pref":"京都府","city":"京都市右京区","town":"西京極堤下町"}],"0854":[{"pref":"京都府","city":"京都市右京区","town":"西京極堤外町"}],"0863":[{"pref":"京都府","city":"京都市右京区","town":"西京極堤町"}],"0846":[{"pref":"京都府","city":"京都市右京区","town":"西京極徳大寺団子田町"}],"0875":[{"pref":"京都府","city":"京都市右京区","town":"西京極徳大寺西団子田町"}],"0834":[{"pref":"京都府","city":"京都市右京区","town":"西京極殿田町"}],"0815":[{"pref":"京都府","city":"京都市右京区","town":"西京極中沢町"}],"0822":[{"pref":"京都府","city":"京都市右京区","town":"西京極中町"}],"0831":[{"pref":"京都府","city":"京都市右京区","town":"西京極長町"}],"0811":[{"pref":"京都府","city":"京都市右京区","town":"西京極中溝町"}],"0827":[{"pref":"京都府","city":"京都市右京区","town":"西京極南方町"}],"0851":[{"pref":"京都府","city":"京都市右京区","town":"西京極西池田町"}],"0862":[{"pref":"京都府","city":"京都市右京区","town":"西京極西大丸町"}],"0852":[{"pref":"京都府","city":"京都市右京区","town":"西京極西川町"}],"0877":[{"pref":"京都府","city":"京都市右京区","town":"西京極西衣手町"}],"0855":[{"pref":"京都府","city":"京都市右京区","town":"西京極西団子田町"}],"0837":[{"pref":"京都府","city":"京都市右京区","town":"西京極西向河原町"}],"0861":[{"pref":"京都府","city":"京都市右京区","town":"西京極野田町"}],"0832":[{"pref":"京都府","city":"京都市右京区","town":"西京極走上リ町"}],"0833":[{"pref":"京都府","city":"京都市右京区","town":"西京極橋詰町"}],"0824":[{"pref":"京都府","city":"京都市右京区","town":"西京極畑田町"}],"0873":[{"pref":"京都府","city":"京都市右京区","town":"西京極浜ノ本町"}],"0841":[{"pref":"京都府","city":"京都市右京区","town":"西京極火打畑町"}],"0805":[{"pref":"京都府","city":"京都市右京区","town":"西京極東池田町"}],"0807":[{"pref":"京都府","city":"京都市右京区","town":"西京極東大丸町"}],"0844":[{"pref":"京都府","city":"京都市右京区","town":"西京極東側町"}],"0871":[{"pref":"京都府","city":"京都市右京区","town":"西京極東衣手町"}],"0816":[{"pref":"京都府","city":"京都市右京区","town":"西京極東町"}],"0825":[{"pref":"京都府","city":"京都市右京区","town":"西京極東向河原町"}],"0856":[{"pref":"京都府","city":"京都市右京区","town":"西京極古浜町"}],"0823":[{"pref":"京都府","city":"京都市右京区","town":"西京極前田町"}],"0801":[{"pref":"京都府","city":"京都市右京区","town":"西京極豆田町"}],"0883":[{"pref":"京都府","city":"京都市右京区","town":"西京極南大入町"}],"0872":[{"pref":"京都府","city":"京都市右京区","town":"西京極南衣手町"}],"0803":[{"pref":"京都府","city":"京都市右京区","town":"西京極南庄境町"}],"0817":[{"pref":"京都府","city":"京都市右京区","town":"西京極宮ノ東町"}],"0838":[{"pref":"京都府","city":"京都市右京区","town":"西京極薮ノ下町"}],"0842":[{"pref":"京都府","city":"京都市右京区","town":"西京極薮開町"}],"0857":[{"pref":"京都府","city":"京都市右京区","town":"西京極郡猪馬場町"}],"0858":[{"pref":"京都府","city":"京都市右京区","town":"西京極郡沢町"}],"0853":[{"pref":"京都府","city":"京都市右京区","town":"西京極郡醍醐田町"}],"0876":[{"pref":"京都府","city":"京都市右京区","town":"西京極郡附洲町"}],"0884":[{"pref":"京都府","city":"京都市右京区","town":"西京極郡町"}],"0073":[{"pref":"京都府","city":"京都市右京区","town":"山ノ内荒木町"}],"0072":[{"pref":"京都府","city":"京都市右京区","town":"山ノ内池尻町"}],"0097":[{"pref":"京都府","city":"京都市右京区","town":"山ノ内大町"}],"0094":[{"pref":"京都府","city":"京都市右京区","town":"山ノ内北ノ口町"}],"0096":[{"pref":"京都府","city":"京都市右京区","town":"山ノ内五反田町"}],"0082":[{"pref":"京都府","city":"京都市右京区","town":"山ノ内赤山町"}],"0083":[{"pref":"京都府","city":"京都市右京区","town":"山ノ内瀬戸畑町"}],"0074":[{"pref":"京都府","city":"京都市右京区","town":"山ノ内苗町"}],"0085":[{"pref":"京都府","city":"京都市右京区","town":"山ノ内中畑町"}],"0071":[{"pref":"京都府","city":"京都市右京区","town":"山ノ内西裏町"}],"0095":[{"pref":"京都府","city":"京都市右京区","town":"山ノ内西八反田町"}],"0091":[{"pref":"京都府","city":"京都市右京区","town":"山ノ内御堂殿町"}],"0093":[{"pref":"京都府","city":"京都市右京区","town":"山ノ内宮前町"}],"0092":[{"pref":"京都府","city":"京都市右京区","town":"山ノ内宮脇町"}],"0084":[{"pref":"京都府","city":"京都市右京区","town":"山ノ内山ノ下町"}],"0081":[{"pref":"京都府","city":"京都市右京区","town":"山ノ内養老町"}]}