{"1100":[{"pref":"東京都","city":"三宅島三宅村","town":"以下に掲載がない場合"}],"1101":[{"pref":"東京都","city":"三宅島三宅村","town":"神着"}],"1102":[{"pref":"東京都","city":"三宅島三宅村","town":"伊豆"}],"1103":[{"pref":"東京都","city":"三宅島三宅村","town":"伊ケ谷"}],"1211":[{"pref":"東京都","city":"三宅島三宅村","town":"坪田"}],"1212":[{"pref":"東京都","city":"三宅島三宅村","town":"阿古"}],"1213":[{"pref":"東京都","city":"三宅島三宅村","town":"雄山"}],"1301":[{"pref":"東京都","city":"御蔵島村","town":"御蔵島村一円"}],"1400":[{"pref":"東京都","city":"八丈島八丈町","town":"以下に掲載がない場合"}],"1401":[{"pref":"東京都","city":"八丈島八丈町","town":"大賀郷"}],"1511":[{"pref":"東京都","city":"八丈島八丈町","town":"三根"}],"1621":[{"pref":"東京都","city":"八丈島八丈町","town":"樫立"}],"1622":[{"pref":"東京都","city":"八丈島八丈町","town":"末吉"}],"1623":[{"pref":"東京都","city":"八丈島八丈町","town":"中之郷"}],"1701":[{"pref":"東京都","city":"青ヶ島村","town":"青ヶ島村一円"}],"2100":[{"pref":"東京都","city":"小笠原村","town":"以下に掲載がない場合"}],"2101":[{"pref":"東京都","city":"小笠原村","town":"父島"}],"2211":[{"pref":"東京都","city":"小笠原村","town":"母島"}],"6001":[{"pref":"東京都","city":"千代田区","town":"霞が関霞が関ビル（１階）"}],"6002":[{"pref":"東京都","city":"千代田区","town":"霞が関霞が関ビル（２階）"}],"6003":[{"pref":"東京都","city":"千代田区","town":"霞が関霞が関ビル（３階）"}],"6004":[{"pref":"東京都","city":"千代田区","town":"霞が関霞が関ビル（４階）"}],"6005":[{"pref":"東京都","city":"千代田区","town":"霞が関霞が関ビル（５階）"}],"6006":[{"pref":"東京都","city":"千代田区","town":"霞が関霞が関ビル（６階）"}],"6007":[{"pref":"東京都","city":"千代田区","town":"霞が関霞が関ビル（７階）"}],"6008":[{"pref":"東京都","city":"千代田区","town":"霞が関霞が関ビル（８階）"}],"6009":[{"pref":"東京都","city":"千代田区","town":"霞が関霞が関ビル（９階）"}],"6010":[{"pref":"東京都","city":"千代田区","town":"霞が関霞が関ビル（１０階）"}],"6011":[{"pref":"東京都","city":"千代田区","town":"霞が関霞が関ビル（１１階）"}],"6012":[{"pref":"東京都","city":"千代田区","town":"霞が関霞が関ビル（１２階）"}],"6013":[{"pref":"東京都","city":"千代田区","town":"霞が関霞が関ビル（１３階）"}],"6014":[{"pref":"東京都","city":"千代田区","town":"霞が関霞が関ビル（１４階）"}],"6015":[{"pref":"東京都","city":"千代田区","town":"霞が関霞が関ビル（１５階）"}],"6016":[{"pref":"東京都","city":"千代田区","town":"霞が関霞が関ビル（１６階）"}],"6017":[{"pref":"東京都","city":"千代田区","town":"霞が関霞が関ビル（１７階）"}],"6018":[{"pref":"東京都","city":"千代田区","town":"霞が関霞が関ビル（１８階）"}],"6019":[{"pref":"東京都","city":"千代田区","town":"霞が関霞が関ビル（１９階）"}],"6020":[{"pref":"東京都","city":"千代田区","town":"霞が関霞が関ビル（２０階）"}],"6021":[{"pref":"東京都","city":"千代田区","town":"霞が関霞が関ビル（２１階）"}],"6022":[{"pref":"東京都","city":"千代田区","town":"霞が関霞が関ビル（２２階）"}],"6023":[{"pref":"東京都","city":"千代田区","town":"霞が関霞が関ビル（２３階）"}],"6024":[{"pref":"東京都","city":"千代田区","town":"霞が関霞が関ビル（２４階）"}],"6025":[{"pref":"東京都","city":"千代田区","town":"霞が関霞が関ビル（２５階）"}],"6026":[{"pref":"東京都","city":"千代田区","town":"霞が関霞が関ビル（２６階）"}],"6027":[{"pref":"東京都","city":"千代田区","town":"霞が関霞が関ビル（２７階）"}],"6028":[{"pref":"東京都","city":"千代田区","town":"霞が関霞が関ビル（２８階）"}],"6029":[{"pref":"東京都","city":"千代田区","town":"霞が関霞が関ビル（２９階）"}],"6030":[{"pref":"東京都","city":"千代田区","town":"霞が関霞が関ビル（３０階）"}],"6031":[{"pref":"東京都","city":"千代田区","town":"霞が関霞が関ビル（３１階）"}],"6032":[{"pref":"東京都","city":"千代田区","town":"霞が関霞が関ビル（３２階）"}],"6033":[{"pref":"東京都","city":"千代田区","town":"霞が関霞が関ビル（３３階）"}],"6034":[{"pref":"東京都","city":"千代田区","town":"霞が関霞が関ビル（３４階）"}],"6035":[{"pref":"東京都","city":"千代田区","town":"霞が関霞が関ビル（３５階）"}],"6036":[{"pref":"東京都","city":"千代田区","town":"霞が関霞が関ビル（３６階）"}],"6090":[{"pref":"東京都","city":"千代田区","town":"霞が関霞が関ビル（地階・階層不明）"}],"6101":[{"pref":"東京都","city":"千代田区","town":"永田町山王パークタワー（１階）"}],"6102":[{"pref":"東京都","city":"千代田区","town":"永田町山王パークタワー（２階）"}],"6103":[{"pref":"東京都","city":"千代田区","town":"永田町山王パークタワー（３階）"}],"6104":[{"pref":"東京都","city":"千代田区","town":"永田町山王パークタワー（４階）"}],"6105":[{"pref":"東京都","city":"千代田区","town":"永田町山王パークタワー（５階）"}],"6106":[{"pref":"東京都","city":"千代田区","town":"永田町山王パークタワー（６階）"}],"6107":[{"pref":"東京都","city":"千代田区","town":"永田町山王パークタワー（７階）"}],"6108":[{"pref":"東京都","city":"千代田区","town":"永田町山王パークタワー（８階）"}],"6109":[{"pref":"東京都","city":"千代田区","town":"永田町山王パークタワー（９階）"}],"6110":[{"pref":"東京都","city":"千代田区","town":"永田町山王パークタワー（１０階）"}],"6111":[{"pref":"東京都","city":"千代田区","town":"永田町山王パークタワー（１１階）"}],"6112":[{"pref":"東京都","city":"千代田区","town":"永田町山王パークタワー（１２階）"}],"6113":[{"pref":"東京都","city":"千代田区","town":"永田町山王パークタワー（１３階）"}],"6114":[{"pref":"東京都","city":"千代田区","town":"永田町山王パークタワー（１４階）"}],"6115":[{"pref":"東京都","city":"千代田区","town":"永田町山王パークタワー（１５階）"}],"6116":[{"pref":"東京都","city":"千代田区","town":"永田町山王パークタワー（１６階）"}],"6117":[{"pref":"東京都","city":"千代田区","town":"永田町山王パークタワー（１７階）"}],"6118":[{"pref":"東京都","city":"千代田区","town":"永田町山王パークタワー（１８階）"}],"6119":[{"pref":"東京都","city":"千代田区","town":"永田町山王パークタワー（１９階）"}],"6120":[{"pref":"東京都","city":"千代田区","town":"永田町山王パークタワー（２０階）"}],"6121":[{"pref":"東京都","city":"千代田区","town":"永田町山王パークタワー（２１階）"}],"6122":[{"pref":"東京都","city":"千代田区","town":"永田町山王パークタワー（２２階）"}],"6123":[{"pref":"東京都","city":"千代田区","town":"永田町山王パークタワー（２３階）"}],"6124":[{"pref":"東京都","city":"千代田区","town":"永田町山王パークタワー（２４階）"}],"6125":[{"pref":"東京都","city":"千代田区","town":"永田町山王パークタワー（２５階）"}],"6126":[{"pref":"東京都","city":"千代田区","town":"永田町山王パークタワー（２６階）"}],"6127":[{"pref":"東京都","city":"千代田区","town":"永田町山王パークタワー（２７階）"}],"6128":[{"pref":"東京都","city":"千代田区","town":"永田町山王パークタワー（２８階）"}],"6129":[{"pref":"東京都","city":"千代田区","town":"永田町山王パークタワー（２９階）"}],"6130":[{"pref":"東京都","city":"千代田区","town":"永田町山王パークタワー（３０階）"}],"6131":[{"pref":"東京都","city":"千代田区","town":"永田町山王パークタワー（３１階）"}],"6132":[{"pref":"東京都","city":"千代田区","town":"永田町山王パークタワー（３２階）"}],"6133":[{"pref":"東京都","city":"千代田区","town":"永田町山王パークタワー（３３階）"}],"6134":[{"pref":"東京都","city":"千代田区","town":"永田町山王パークタワー（３４階）"}],"6135":[{"pref":"東京都","city":"千代田区","town":"永田町山王パークタワー（３５階）"}],"6136":[{"pref":"東京都","city":"千代田区","town":"永田町山王パークタワー（３６階）"}],"6137":[{"pref":"東京都","city":"千代田区","town":"永田町山王パークタワー（３７階）"}],"6138":[{"pref":"東京都","city":"千代田区","town":"永田町山王パークタワー（３８階）"}],"6139":[{"pref":"東京都","city":"千代田区","town":"永田町山王パークタワー（３９階）"}],"6140":[{"pref":"東京都","city":"千代田区","town":"永田町山王パークタワー（４０階）"}],"6141":[{"pref":"東京都","city":"千代田区","town":"永田町山王パークタワー（４１階）"}],"6142":[{"pref":"東京都","city":"千代田区","town":"永田町山王パークタワー（４２階）"}],"6143":[{"pref":"東京都","city":"千代田区","town":"永田町山王パークタワー（４３階）"}],"6144":[{"pref":"東京都","city":"千代田区","town":"永田町山王パークタワー（４４階）"}],"6190":[{"pref":"東京都","city":"千代田区","town":"永田町山王パークタワー（地階・階層不明）"}],"6201":[{"pref":"東京都","city":"千代田区","town":"丸の内パシフィックセンチュリープレイス丸の内（１階）"}],"6202":[{"pref":"東京都","city":"千代田区","town":"丸の内パシフィックセンチュリープレイス丸の内（２階）"}],"6203":[{"pref":"東京都","city":"千代田区","town":"丸の内パシフィックセンチュリープレイス丸の内（３階）"}],"6204":[{"pref":"東京都","city":"千代田区","town":"丸の内パシフィックセンチュリープレイス丸の内（４階）"}],"6205":[{"pref":"東京都","city":"千代田区","town":"丸の内パシフィックセンチュリープレイス丸の内（５階）"}],"6206":[{"pref":"東京都","city":"千代田区","town":"丸の内パシフィックセンチュリープレイス丸の内（６階）"}],"6207":[{"pref":"東京都","city":"千代田区","town":"丸の内パシフィックセンチュリープレイス丸の内（７階）"}],"6208":[{"pref":"東京都","city":"千代田区","town":"丸の内パシフィックセンチュリープレイス丸の内（８階）"}],"6209":[{"pref":"東京都","city":"千代田区","town":"丸の内パシフィックセンチュリープレイス丸の内（９階）"}],"6210":[{"pref":"東京都","city":"千代田区","town":"丸の内パシフィックセンチュリープレイス丸の内（１０階）"}],"6211":[{"pref":"東京都","city":"千代田区","town":"丸の内パシフィックセンチュリープレイス丸の内（１１階）"}],"6212":[{"pref":"東京都","city":"千代田区","town":"丸の内パシフィックセンチュリープレイス丸の内（１２階）"}],"6213":[{"pref":"東京都","city":"千代田区","town":"丸の内パシフィックセンチュリープレイス丸の内（１３階）"}],"6214":[{"pref":"東京都","city":"千代田区","town":"丸の内パシフィックセンチュリープレイス丸の内（１４階）"}],"6215":[{"pref":"東京都","city":"千代田区","town":"丸の内パシフィックセンチュリープレイス丸の内（１５階）"}],"6216":[{"pref":"東京都","city":"千代田区","town":"丸の内パシフィックセンチュリープレイス丸の内（１６階）"}],"6217":[{"pref":"東京都","city":"千代田区","town":"丸の内パシフィックセンチュリープレイス丸の内（１７階）"}],"6218":[{"pref":"東京都","city":"千代田区","town":"丸の内パシフィックセンチュリープレイス丸の内（１８階）"}],"6219":[{"pref":"東京都","city":"千代田区","town":"丸の内パシフィックセンチュリープレイス丸の内（１９階）"}],"6220":[{"pref":"東京都","city":"千代田区","town":"丸の内パシフィックセンチュリープレイス丸の内（２０階）"}],"6221":[{"pref":"東京都","city":"千代田区","town":"丸の内パシフィックセンチュリープレイス丸の内（２１階）"}],"6222":[{"pref":"東京都","city":"千代田区","town":"丸の内パシフィックセンチュリープレイス丸の内（２２階）"}],"6223":[{"pref":"東京都","city":"千代田区","town":"丸の内パシフィックセンチュリープレイス丸の内（２３階）"}],"6224":[{"pref":"東京都","city":"千代田区","town":"丸の内パシフィックセンチュリープレイス丸の内（２４階）"}],"6225":[{"pref":"東京都","city":"千代田区","town":"丸の内パシフィックセンチュリープレイス丸の内（２５階）"}],"6226":[{"pref":"東京都","city":"千代田区","town":"丸の内パシフィックセンチュリープレイス丸の内（２６階）"}],"6227":[{"pref":"東京都","city":"千代田区","town":"丸の内パシフィックセンチュリープレイス丸の内（２７階）"}],"6228":[{"pref":"東京都","city":"千代田区","town":"丸の内パシフィックセンチュリープレイス丸の内（２８階）"}],"6229":[{"pref":"東京都","city":"千代田区","town":"丸の内パシフィックセンチュリープレイス丸の内（２９階）"}],"6230":[{"pref":"東京都","city":"千代田区","town":"丸の内パシフィックセンチュリープレイス丸の内（３０階）"}],"6231":[{"pref":"東京都","city":"千代田区","town":"丸の内パシフィックセンチュリープレイス丸の内（３１階）"}],"6290":[{"pref":"東京都","city":"千代田区","town":"丸の内パシフィックセンチュリープレイス丸の内（地階・階層不明）"}],"6301":[{"pref":"東京都","city":"千代田区","town":"丸の内丸の内ビルディング（１階）"}],"6302":[{"pref":"東京都","city":"千代田区","town":"丸の内丸の内ビルディング（２階）"}],"6303":[{"pref":"東京都","city":"千代田区","town":"丸の内丸の内ビルディング（３階）"}],"6304":[{"pref":"東京都","city":"千代田区","town":"丸の内丸の内ビルディング（４階）"}],"6305":[{"pref":"東京都","city":"千代田区","town":"丸の内丸の内ビルディング（５階）"}],"6306":[{"pref":"東京都","city":"千代田区","town":"丸の内丸の内ビルディング（６階）"}],"6307":[{"pref":"東京都","city":"千代田区","town":"丸の内丸の内ビルディング（７階）"}],"6308":[{"pref":"東京都","city":"千代田区","town":"丸の内丸の内ビルディング（８階）"}],"6309":[{"pref":"東京都","city":"千代田区","town":"丸の内丸の内ビルディング（９階）"}],"6310":[{"pref":"東京都","city":"千代田区","town":"丸の内丸の内ビルディング（１０階）"}],"6311":[{"pref":"東京都","city":"千代田区","town":"丸の内丸の内ビルディング（１１階）"}],"6312":[{"pref":"東京都","city":"千代田区","town":"丸の内丸の内ビルディング（１２階）"}],"6313":[{"pref":"東京都","city":"千代田区","town":"丸の内丸の内ビルディング（１３階）"}],"6314":[{"pref":"東京都","city":"千代田区","town":"丸の内丸の内ビルディング（１４階）"}],"6315":[{"pref":"東京都","city":"千代田区","town":"丸の内丸の内ビルディング（１５階）"}],"6316":[{"pref":"東京都","city":"千代田区","town":"丸の内丸の内ビルディング（１６階）"}],"6317":[{"pref":"東京都","city":"千代田区","town":"丸の内丸の内ビルディング（１７階）"}],"6318":[{"pref":"東京都","city":"千代田区","town":"丸の内丸の内ビルディング（１８階）"}],"6319":[{"pref":"東京都","city":"千代田区","town":"丸の内丸の内ビルディング（１９階）"}],"6320":[{"pref":"東京都","city":"千代田区","town":"丸の内丸の内ビルディング（２０階）"}],"6321":[{"pref":"東京都","city":"千代田区","town":"丸の内丸の内ビルディング（２１階）"}],"6322":[{"pref":"東京都","city":"千代田区","town":"丸の内丸の内ビルディング（２２階）"}],"6323":[{"pref":"東京都","city":"千代田区","town":"丸の内丸の内ビルディング（２３階）"}],"6324":[{"pref":"東京都","city":"千代田区","town":"丸の内丸の内ビルディング（２４階）"}],"6325":[{"pref":"東京都","city":"千代田区","town":"丸の内丸の内ビルディング（２５階）"}],"6326":[{"pref":"東京都","city":"千代田区","town":"丸の内丸の内ビルディング（２６階）"}],"6327":[{"pref":"東京都","city":"千代田区","town":"丸の内丸の内ビルディング（２７階）"}],"6328":[{"pref":"東京都","city":"千代田区","town":"丸の内丸の内ビルディング（２８階）"}],"6329":[{"pref":"東京都","city":"千代田区","town":"丸の内丸の内ビルディング（２９階）"}],"6330":[{"pref":"東京都","city":"千代田区","town":"丸の内丸の内ビルディング（３０階）"}],"6331":[{"pref":"東京都","city":"千代田区","town":"丸の内丸の内ビルディング（３１階）"}],"6332":[{"pref":"東京都","city":"千代田区","town":"丸の内丸の内ビルディング（３２階）"}],"6333":[{"pref":"東京都","city":"千代田区","town":"丸の内丸の内ビルディング（３３階）"}],"6334":[{"pref":"東京都","city":"千代田区","town":"丸の内丸の内ビルディング（３４階）"}],"6335":[{"pref":"東京都","city":"千代田区","town":"丸の内丸の内ビルディング（３５階）"}],"6336":[{"pref":"東京都","city":"千代田区","town":"丸の内丸の内ビルディング（３６階）"}],"6337":[{"pref":"東京都","city":"千代田区","town":"丸の内丸の内ビルディング（３７階）"}],"6390":[{"pref":"東京都","city":"千代田区","town":"丸の内丸の内ビルディング（地階・階層不明）"}],"6401":[{"pref":"東京都","city":"千代田区","town":"丸の内東京ビルディング（１階）"}],"6402":[{"pref":"東京都","city":"千代田区","town":"丸の内東京ビルディング（２階）"}],"6403":[{"pref":"東京都","city":"千代田区","town":"丸の内東京ビルディング（３階）"}],"6404":[{"pref":"東京都","city":"千代田区","town":"丸の内東京ビルディング（４階）"}],"6405":[{"pref":"東京都","city":"千代田区","town":"丸の内東京ビルディング（５階）"}],"6406":[{"pref":"東京都","city":"千代田区","town":"丸の内東京ビルディング（６階）"}],"6407":[{"pref":"東京都","city":"千代田区","town":"丸の内東京ビルディング（７階）"}],"6408":[{"pref":"東京都","city":"千代田区","town":"丸の内東京ビルディング（８階）"}],"6409":[{"pref":"東京都","city":"千代田区","town":"丸の内東京ビルディング（９階）"}],"6410":[{"pref":"東京都","city":"千代田区","town":"丸の内東京ビルディング（１０階）"}],"6411":[{"pref":"東京都","city":"千代田区","town":"丸の内東京ビルディング（１１階）"}],"6412":[{"pref":"東京都","city":"千代田区","town":"丸の内東京ビルディング（１２階）"}],"6413":[{"pref":"東京都","city":"千代田区","town":"丸の内東京ビルディング（１３階）"}],"6414":[{"pref":"東京都","city":"千代田区","town":"丸の内東京ビルディング（１４階）"}],"6415":[{"pref":"東京都","city":"千代田区","town":"丸の内東京ビルディング（１５階）"}],"6416":[{"pref":"東京都","city":"千代田区","town":"丸の内東京ビルディング（１６階）"}],"6417":[{"pref":"東京都","city":"千代田区","town":"丸の内東京ビルディング（１７階）"}],"6418":[{"pref":"東京都","city":"千代田区","town":"丸の内東京ビルディング（１８階）"}],"6419":[{"pref":"東京都","city":"千代田区","town":"丸の内東京ビルディング（１９階）"}],"6420":[{"pref":"東京都","city":"千代田区","town":"丸の内東京ビルディング（２０階）"}],"6421":[{"pref":"東京都","city":"千代田区","town":"丸の内東京ビルディング（２１階）"}],"6422":[{"pref":"東京都","city":"千代田区","town":"丸の内東京ビルディング（２２階）"}],"6423":[{"pref":"東京都","city":"千代田区","town":"丸の内東京ビルディング（２３階）"}],"6424":[{"pref":"東京都","city":"千代田区","town":"丸の内東京ビルディング（２４階）"}],"6425":[{"pref":"東京都","city":"千代田区","town":"丸の内東京ビルディング（２５階）"}],"6426":[{"pref":"東京都","city":"千代田区","town":"丸の内東京ビルディング（２６階）"}],"6427":[{"pref":"東京都","city":"千代田区","town":"丸の内東京ビルディング（２７階）"}],"6428":[{"pref":"東京都","city":"千代田区","town":"丸の内東京ビルディング（２８階）"}],"6429":[{"pref":"東京都","city":"千代田区","town":"丸の内東京ビルディング（２９階）"}],"6430":[{"pref":"東京都","city":"千代田区","town":"丸の内東京ビルディング（３０階）"}],"6431":[{"pref":"東京都","city":"千代田区","town":"丸の内東京ビルディング（３１階）"}],"6432":[{"pref":"東京都","city":"千代田区","town":"丸の内東京ビルディング（３２階）"}],"6433":[{"pref":"東京都","city":"千代田区","town":"丸の内東京ビルディング（３３階）"}],"6490":[{"pref":"東京都","city":"千代田区","town":"丸の内東京ビルディング（地階・階層不明）"}],"6501":[{"pref":"東京都","city":"千代田区","town":"丸の内新丸の内ビルディング（１階）"}],"6502":[{"pref":"東京都","city":"千代田区","town":"丸の内新丸の内ビルディング（２階）"}],"6503":[{"pref":"東京都","city":"千代田区","town":"丸の内新丸の内ビルディング（３階）"}],"6504":[{"pref":"東京都","city":"千代田区","town":"丸の内新丸の内ビルディング（４階）"}],"6505":[{"pref":"東京都","city":"千代田区","town":"丸の内新丸の内ビルディング（５階）"}],"6506":[{"pref":"東京都","city":"千代田区","town":"丸の内新丸の内ビルディング（６階）"}],"6507":[{"pref":"東京都","city":"千代田区","town":"丸の内新丸の内ビルディング（７階）"}],"6508":[{"pref":"東京都","city":"千代田区","town":"丸の内新丸の内ビルディング（８階）"}],"6509":[{"pref":"東京都","city":"千代田区","town":"丸の内新丸の内ビルディング（９階）"}],"6510":[{"pref":"東京都","city":"千代田区","town":"丸の内新丸の内ビルディング（１０階）"}],"6511":[{"pref":"東京都","city":"千代田区","town":"丸の内新丸の内ビルディング（１１階）"}],"6512":[{"pref":"東京都","city":"千代田区","town":"丸の内新丸の内ビルディング（１２階）"}],"6513":[{"pref":"東京都","city":"千代田区","town":"丸の内新丸の内ビルディング（１３階）"}],"6514":[{"pref":"東京都","city":"千代田区","town":"丸の内新丸の内ビルディング（１４階）"}],"6515":[{"pref":"東京都","city":"千代田区","town":"丸の内新丸の内ビルディング（１５階）"}],"6516":[{"pref":"東京都","city":"千代田区","town":"丸の内新丸の内ビルディング（１６階）"}],"6517":[{"pref":"東京都","city":"千代田区","town":"丸の内新丸の内ビルディング（１７階）"}],"6518":[{"pref":"東京都","city":"千代田区","town":"丸の内新丸の内ビルディング（１８階）"}],"6519":[{"pref":"東京都","city":"千代田区","town":"丸の内新丸の内ビルディング（１９階）"}],"6520":[{"pref":"東京都","city":"千代田区","town":"丸の内新丸の内ビルディング（２０階）"}],"6521":[{"pref":"東京都","city":"千代田区","town":"丸の内新丸の内ビルディング（２１階）"}],"6522":[{"pref":"東京都","city":"千代田区","town":"丸の内新丸の内ビルディング（２２階）"}],"6523":[{"pref":"東京都","city":"千代田区","town":"丸の内新丸の内ビルディング（２３階）"}],"6524":[{"pref":"東京都","city":"千代田区","town":"丸の内新丸の内ビルディング（２４階）"}],"6525":[{"pref":"東京都","city":"千代田区","town":"丸の内新丸の内ビルディング（２５階）"}],"6526":[{"pref":"東京都","city":"千代田区","town":"丸の内新丸の内ビルディング（２６階）"}],"6527":[{"pref":"東京都","city":"千代田区","town":"丸の内新丸の内ビルディング（２７階）"}],"6528":[{"pref":"東京都","city":"千代田区","town":"丸の内新丸の内ビルディング（２８階）"}],"6529":[{"pref":"東京都","city":"千代田区","town":"丸の内新丸の内ビルディング（２９階）"}],"6530":[{"pref":"東京都","city":"千代田区","town":"丸の内新丸の内ビルディング（３０階）"}],"6531":[{"pref":"東京都","city":"千代田区","town":"丸の内新丸の内ビルディング（３１階）"}],"6532":[{"pref":"東京都","city":"千代田区","town":"丸の内新丸の内ビルディング（３２階）"}],"6533":[{"pref":"東京都","city":"千代田区","town":"丸の内新丸の内ビルディング（３３階）"}],"6534":[{"pref":"東京都","city":"千代田区","town":"丸の内新丸の内ビルディング（３４階）"}],"6535":[{"pref":"東京都","city":"千代田区","town":"丸の内新丸の内ビルディング（３５階）"}],"6536":[{"pref":"東京都","city":"千代田区","town":"丸の内新丸の内ビルディング（３６階）"}],"6537":[{"pref":"東京都","city":"千代田区","town":"丸の内新丸の内ビルディング（３７階）"}],"6538":[{"pref":"東京都","city":"千代田区","town":"丸の内新丸の内ビルディング（３８階）"}],"6590":[{"pref":"東京都","city":"千代田区","town":"丸の内新丸の内ビルディング（地階・階層不明）"}],"6601":[{"pref":"東京都","city":"千代田区","town":"丸の内グラントウキョウサウスタワー（１階）"}],"6602":[{"pref":"東京都","city":"千代田区","town":"丸の内グラントウキョウサウスタワー（２階）"}],"6603":[{"pref":"東京都","city":"千代田区","town":"丸の内グラントウキョウサウスタワー（３階）"}],"6604":[{"pref":"東京都","city":"千代田区","town":"丸の内グラントウキョウサウスタワー（４階）"}],"6605":[{"pref":"東京都","city":"千代田区","town":"丸の内グラントウキョウサウスタワー（５階）"}],"6606":[{"pref":"東京都","city":"千代田区","town":"丸の内グラントウキョウサウスタワー（６階）"}],"6607":[{"pref":"東京都","city":"千代田区","town":"丸の内グラントウキョウサウスタワー（７階）"}],"6608":[{"pref":"東京都","city":"千代田区","town":"丸の内グラントウキョウサウスタワー（８階）"}],"6609":[{"pref":"東京都","city":"千代田区","town":"丸の内グラントウキョウサウスタワー（９階）"}],"6610":[{"pref":"東京都","city":"千代田区","town":"丸の内グラントウキョウサウスタワー（１０階）"}],"6611":[{"pref":"東京都","city":"千代田区","town":"丸の内グラントウキョウサウスタワー（１１階）"}],"6612":[{"pref":"東京都","city":"千代田区","town":"丸の内グラントウキョウサウスタワー（１２階）"}],"6613":[{"pref":"東京都","city":"千代田区","town":"丸の内グラントウキョウサウスタワー（１３階）"}],"6614":[{"pref":"東京都","city":"千代田区","town":"丸の内グラントウキョウサウスタワー（１４階）"}],"6615":[{"pref":"東京都","city":"千代田区","town":"丸の内グラントウキョウサウスタワー（１５階）"}],"6616":[{"pref":"東京都","city":"千代田区","town":"丸の内グラントウキョウサウスタワー（１６階）"}],"6617":[{"pref":"東京都","city":"千代田区","town":"丸の内グラントウキョウサウスタワー（１７階）"}],"6618":[{"pref":"東京都","city":"千代田区","town":"丸の内グラントウキョウサウスタワー（１８階）"}],"6619":[{"pref":"東京都","city":"千代田区","town":"丸の内グラントウキョウサウスタワー（１９階）"}],"6620":[{"pref":"東京都","city":"千代田区","town":"丸の内グラントウキョウサウスタワー（２０階）"}],"6621":[{"pref":"東京都","city":"千代田区","town":"丸の内グラントウキョウサウスタワー（２１階）"}],"6622":[{"pref":"東京都","city":"千代田区","town":"丸の内グラントウキョウサウスタワー（２２階）"}],"6623":[{"pref":"東京都","city":"千代田区","town":"丸の内グラントウキョウサウスタワー（２３階）"}],"6624":[{"pref":"東京都","city":"千代田区","town":"丸の内グラントウキョウサウスタワー（２４階）"}],"6625":[{"pref":"東京都","city":"千代田区","town":"丸の内グラントウキョウサウスタワー（２５階）"}],"6626":[{"pref":"東京都","city":"千代田区","town":"丸の内グラントウキョウサウスタワー（２６階）"}],"6627":[{"pref":"東京都","city":"千代田区","town":"丸の内グラントウキョウサウスタワー（２７階）"}],"6628":[{"pref":"東京都","city":"千代田区","town":"丸の内グラントウキョウサウスタワー（２８階）"}],"6629":[{"pref":"東京都","city":"千代田区","town":"丸の内グラントウキョウサウスタワー（２９階）"}],"6630":[{"pref":"東京都","city":"千代田区","town":"丸の内グラントウキョウサウスタワー（３０階）"}],"6631":[{"pref":"東京都","city":"千代田区","town":"丸の内グラントウキョウサウスタワー（３１階）"}],"6632":[{"pref":"東京都","city":"千代田区","town":"丸の内グラントウキョウサウスタワー（３２階）"}],"6633":[{"pref":"東京都","city":"千代田区","town":"丸の内グラントウキョウサウスタワー（３３階）"}],"6634":[{"pref":"東京都","city":"千代田区","town":"丸の内グラントウキョウサウスタワー（３４階）"}],"6635":[{"pref":"東京都","city":"千代田区","town":"丸の内グラントウキョウサウスタワー（３５階）"}],"6636":[{"pref":"東京都","city":"千代田区","town":"丸の内グラントウキョウサウスタワー（３６階）"}],"6637":[{"pref":"東京都","city":"千代田区","town":"丸の内グラントウキョウサウスタワー（３７階）"}],"6638":[{"pref":"東京都","city":"千代田区","town":"丸の内グラントウキョウサウスタワー（３８階）"}],"6639":[{"pref":"東京都","city":"千代田区","town":"丸の内グラントウキョウサウスタワー（３９階）"}],"6640":[{"pref":"東京都","city":"千代田区","town":"丸の内グラントウキョウサウスタワー（４０階）"}],"6641":[{"pref":"東京都","city":"千代田区","town":"丸の内グラントウキョウサウスタワー（４１階）"}],"6642":[{"pref":"東京都","city":"千代田区","town":"丸の内グラントウキョウサウスタワー（４２階）"}],"6690":[{"pref":"東京都","city":"千代田区","town":"丸の内グラントウキョウサウスタワー（地階・階層不明）"}],"6701":[{"pref":"東京都","city":"千代田区","town":"丸の内グラントウキョウノースタワー（１階）"}],"6702":[{"pref":"東京都","city":"千代田区","town":"丸の内グラントウキョウノースタワー（２階）"}],"6703":[{"pref":"東京都","city":"千代田区","town":"丸の内グラントウキョウノースタワー（３階）"}],"6704":[{"pref":"東京都","city":"千代田区","town":"丸の内グラントウキョウノースタワー（４階）"}],"6705":[{"pref":"東京都","city":"千代田区","town":"丸の内グラントウキョウノースタワー（５階）"}],"6706":[{"pref":"東京都","city":"千代田区","town":"丸の内グラントウキョウノースタワー（６階）"}],"6707":[{"pref":"東京都","city":"千代田区","town":"丸の内グラントウキョウノースタワー（７階）"}],"6708":[{"pref":"東京都","city":"千代田区","town":"丸の内グラントウキョウノースタワー（８階）"}],"6709":[{"pref":"東京都","city":"千代田区","town":"丸の内グラントウキョウノースタワー（９階）"}],"6710":[{"pref":"東京都","city":"千代田区","town":"丸の内グラントウキョウノースタワー（１０階）"}],"6711":[{"pref":"東京都","city":"千代田区","town":"丸の内グラントウキョウノースタワー（１１階）"}],"6712":[{"pref":"東京都","city":"千代田区","town":"丸の内グラントウキョウノースタワー（１２階）"}],"6713":[{"pref":"東京都","city":"千代田区","town":"丸の内グラントウキョウノースタワー（１３階）"}],"6714":[{"pref":"東京都","city":"千代田区","town":"丸の内グラントウキョウノースタワー（１４階）"}],"6715":[{"pref":"東京都","city":"千代田区","town":"丸の内グラントウキョウノースタワー（１５階）"}],"6716":[{"pref":"東京都","city":"千代田区","town":"丸の内グラントウキョウノースタワー（１６階）"}],"6717":[{"pref":"東京都","city":"千代田区","town":"丸の内グラントウキョウノースタワー（１７階）"}],"6718":[{"pref":"東京都","city":"千代田区","town":"丸の内グラントウキョウノースタワー（１８階）"}],"6719":[{"pref":"東京都","city":"千代田区","town":"丸の内グラントウキョウノースタワー（１９階）"}],"6720":[{"pref":"東京都","city":"千代田区","town":"丸の内グラントウキョウノースタワー（２０階）"}],"6721":[{"pref":"東京都","city":"千代田区","town":"丸の内グラントウキョウノースタワー（２１階）"}],"6722":[{"pref":"東京都","city":"千代田区","town":"丸の内グラントウキョウノースタワー（２２階）"}],"6723":[{"pref":"東京都","city":"千代田区","town":"丸の内グラントウキョウノースタワー（２３階）"}],"6724":[{"pref":"東京都","city":"千代田区","town":"丸の内グラントウキョウノースタワー（２４階）"}],"6725":[{"pref":"東京都","city":"千代田区","town":"丸の内グラントウキョウノースタワー（２５階）"}],"6726":[{"pref":"東京都","city":"千代田区","town":"丸の内グラントウキョウノースタワー（２６階）"}],"6727":[{"pref":"東京都","city":"千代田区","town":"丸の内グラントウキョウノースタワー（２７階）"}],"6728":[{"pref":"東京都","city":"千代田区","town":"丸の内グラントウキョウノースタワー（２８階）"}],"6729":[{"pref":"東京都","city":"千代田区","town":"丸の内グラントウキョウノースタワー（２９階）"}],"6730":[{"pref":"東京都","city":"千代田区","town":"丸の内グラントウキョウノースタワー（３０階）"}],"6731":[{"pref":"東京都","city":"千代田区","town":"丸の内グラントウキョウノースタワー（３１階）"}],"6732":[{"pref":"東京都","city":"千代田区","town":"丸の内グラントウキョウノースタワー（３２階）"}],"6733":[{"pref":"東京都","city":"千代田区","town":"丸の内グラントウキョウノースタワー（３３階）"}],"6734":[{"pref":"東京都","city":"千代田区","town":"丸の内グラントウキョウノースタワー（３４階）"}],"6735":[{"pref":"東京都","city":"千代田区","town":"丸の内グラントウキョウノースタワー（３５階）"}],"6736":[{"pref":"東京都","city":"千代田区","town":"丸の内グラントウキョウノースタワー（３６階）"}],"6737":[{"pref":"東京都","city":"千代田区","town":"丸の内グラントウキョウノースタワー（３７階）"}],"6738":[{"pref":"東京都","city":"千代田区","town":"丸の内グラントウキョウノースタワー（３８階）"}],"6739":[{"pref":"東京都","city":"千代田区","town":"丸の内グラントウキョウノースタワー（３９階）"}],"6740":[{"pref":"東京都","city":"千代田区","town":"丸の内グラントウキョウノースタワー（４０階）"}],"6741":[{"pref":"東京都","city":"千代田区","town":"丸の内グラントウキョウノースタワー（４１階）"}],"6742":[{"pref":"東京都","city":"千代田区","town":"丸の内グラントウキョウノースタワー（４２階）"}],"6743":[{"pref":"東京都","city":"千代田区","town":"丸の内グラントウキョウノースタワー（４３階）"}],"6790":[{"pref":"東京都","city":"千代田区","town":"丸の内グラントウキョウノースタワー（地階・階層不明）"}],"6801":[{"pref":"東京都","city":"千代田区","town":"大手町ＪＡビル（１階）"}],"6802":[{"pref":"東京都","city":"千代田区","town":"大手町ＪＡビル（２階）"}],"6803":[{"pref":"東京都","city":"千代田区","town":"大手町ＪＡビル（３階）"}],"6804":[{"pref":"東京都","city":"千代田区","town":"大手町ＪＡビル（４階）"}],"6805":[{"pref":"東京都","city":"千代田区","town":"大手町ＪＡビル（５階）"}],"6806":[{"pref":"東京都","city":"千代田区","town":"大手町ＪＡビル（６階）"}],"6807":[{"pref":"東京都","city":"千代田区","town":"大手町ＪＡビル（７階）"}],"6808":[{"pref":"東京都","city":"千代田区","town":"大手町ＪＡビル（８階）"}],"6809":[{"pref":"東京都","city":"千代田区","town":"大手町ＪＡビル（９階）"}],"6810":[{"pref":"東京都","city":"千代田区","town":"大手町ＪＡビル（１０階）"}],"6811":[{"pref":"東京都","city":"千代田区","town":"大手町ＪＡビル（１１階）"}],"6812":[{"pref":"東京都","city":"千代田区","town":"大手町ＪＡビル（１２階）"}],"6813":[{"pref":"東京都","city":"千代田区","town":"大手町ＪＡビル（１３階）"}],"6814":[{"pref":"東京都","city":"千代田区","town":"大手町ＪＡビル（１４階）"}],"6815":[{"pref":"東京都","city":"千代田区","town":"大手町ＪＡビル（１５階）"}],"6816":[{"pref":"東京都","city":"千代田区","town":"大手町ＪＡビル（１６階）"}],"6817":[{"pref":"東京都","city":"千代田区","town":"大手町ＪＡビル（１７階）"}],"6818":[{"pref":"東京都","city":"千代田区","town":"大手町ＪＡビル（１８階）"}],"6819":[{"pref":"東京都","city":"千代田区","town":"大手町ＪＡビル（１９階）"}],"6820":[{"pref":"東京都","city":"千代田区","town":"大手町ＪＡビル（２０階）"}],"6821":[{"pref":"東京都","city":"千代田区","town":"大手町ＪＡビル（２１階）"}],"6822":[{"pref":"東京都","city":"千代田区","town":"大手町ＪＡビル（２２階）"}],"6823":[{"pref":"東京都","city":"千代田区","town":"大手町ＪＡビル（２３階）"}],"6824":[{"pref":"東京都","city":"千代田区","town":"大手町ＪＡビル（２４階）"}],"6825":[{"pref":"東京都","city":"千代田区","town":"大手町ＪＡビル（２５階）"}],"6826":[{"pref":"東京都","city":"千代田区","town":"大手町ＪＡビル（２６階）"}],"6827":[{"pref":"東京都","city":"千代田区","town":"大手町ＪＡビル（２７階）"}],"6828":[{"pref":"東京都","city":"千代田区","town":"大手町ＪＡビル（２８階）"}],"6829":[{"pref":"東京都","city":"千代田区","town":"大手町ＪＡビル（２９階）"}],"6830":[{"pref":"東京都","city":"千代田区","town":"大手町ＪＡビル（３０階）"}],"6831":[{"pref":"東京都","city":"千代田区","town":"大手町ＪＡビル（３１階）"}],"6832":[{"pref":"東京都","city":"千代田区","town":"大手町ＪＡビル（３２階）"}],"6833":[{"pref":"東京都","city":"千代田区","town":"大手町ＪＡビル（３３階）"}],"6834":[{"pref":"東京都","city":"千代田区","town":"大手町ＪＡビル（３４階）"}],"6835":[{"pref":"東京都","city":"千代田区","town":"大手町ＪＡビル（３５階）"}],"6836":[{"pref":"東京都","city":"千代田区","town":"大手町ＪＡビル（３６階）"}],"6837":[{"pref":"東京都","city":"千代田区","town":"大手町ＪＡビル（３７階）"}],"6890":[{"pref":"東京都","city":"千代田区","town":"大手町ＪＡビル（地階・階層不明）"}],"6901":[{"pref":"東京都","city":"千代田区","town":"丸の内丸の内パークビルディング（１階）"}],"6902":[{"pref":"東京都","city":"千代田区","town":"丸の内丸の内パークビルディング（２階）"}],"6903":[{"pref":"東京都","city":"千代田区","town":"丸の内丸の内パークビルディング（３階）"}],"6904":[{"pref":"東京都","city":"千代田区","town":"丸の内丸の内パークビルディング（４階）"}],"6905":[{"pref":"東京都","city":"千代田区","town":"丸の内丸の内パークビルディング（５階）"}],"6906":[{"pref":"東京都","city":"千代田区","town":"丸の内丸の内パークビルディング（６階）"}],"6907":[{"pref":"東京都","city":"千代田区","town":"丸の内丸の内パークビルディング（７階）"}],"6908":[{"pref":"東京都","city":"千代田区","town":"丸の内丸の内パークビルディング（８階）"}],"6909":[{"pref":"東京都","city":"千代田区","town":"丸の内丸の内パークビルディング（９階）"}],"6910":[{"pref":"東京都","city":"千代田区","town":"丸の内丸の内パークビルディング（１０階）"}],"6911":[{"pref":"東京都","city":"千代田区","town":"丸の内丸の内パークビルディング（１１階）"}],"6912":[{"pref":"東京都","city":"千代田区","town":"丸の内丸の内パークビルディング（１２階）"}],"6913":[{"pref":"東京都","city":"千代田区","town":"丸の内丸の内パークビルディング（１３階）"}],"6914":[{"pref":"東京都","city":"千代田区","town":"丸の内丸の内パークビルディング（１４階）"}],"6915":[{"pref":"東京都","city":"千代田区","town":"丸の内丸の内パークビルディング（１５階）"}],"6916":[{"pref":"東京都","city":"千代田区","town":"丸の内丸の内パークビルディング（１６階）"}],"6917":[{"pref":"東京都","city":"千代田区","town":"丸の内丸の内パークビルディング（１７階）"}],"6918":[{"pref":"東京都","city":"千代田区","town":"丸の内丸の内パークビルディング（１８階）"}],"6919":[{"pref":"東京都","city":"千代田区","town":"丸の内丸の内パークビルディング（１９階）"}],"6920":[{"pref":"東京都","city":"千代田区","town":"丸の内丸の内パークビルディング（２０階）"}],"6921":[{"pref":"東京都","city":"千代田区","town":"丸の内丸の内パークビルディング（２１階）"}],"6922":[{"pref":"東京都","city":"千代田区","town":"丸の内丸の内パークビルディング（２２階）"}],"6923":[{"pref":"東京都","city":"千代田区","town":"丸の内丸の内パークビルディング（２３階）"}],"6924":[{"pref":"東京都","city":"千代田区","town":"丸の内丸の内パークビルディング（２４階）"}],"6925":[{"pref":"東京都","city":"千代田区","town":"丸の内丸の内パークビルディング（２５階）"}],"6926":[{"pref":"東京都","city":"千代田区","town":"丸の内丸の内パークビルディング（２６階）"}],"6927":[{"pref":"東京都","city":"千代田区","town":"丸の内丸の内パークビルディング（２７階）"}],"6928":[{"pref":"東京都","city":"千代田区","town":"丸の内丸の内パークビルディング（２８階）"}],"6929":[{"pref":"東京都","city":"千代田区","town":"丸の内丸の内パークビルディング（２９階）"}],"6930":[{"pref":"東京都","city":"千代田区","town":"丸の内丸の内パークビルディング（３０階）"}],"6931":[{"pref":"東京都","city":"千代田区","town":"丸の内丸の内パークビルディング（３１階）"}],"6932":[{"pref":"東京都","city":"千代田区","town":"丸の内丸の内パークビルディング（３２階）"}],"6933":[{"pref":"東京都","city":"千代田区","town":"丸の内丸の内パークビルディング（３３階）"}],"6934":[{"pref":"東京都","city":"千代田区","town":"丸の内丸の内パークビルディング（３４階）"}],"6990":[{"pref":"東京都","city":"千代田区","town":"丸の内丸の内パークビルディング（地階・階層不明）"}],"7001":[{"pref":"東京都","city":"千代田区","town":"丸の内ＪＰタワー（１階）"}],"7002":[{"pref":"東京都","city":"千代田区","town":"丸の内ＪＰタワー（２階）"}],"7003":[{"pref":"東京都","city":"千代田区","town":"丸の内ＪＰタワー（３階）"}],"7004":[{"pref":"東京都","city":"千代田区","town":"丸の内ＪＰタワー（４階）"}],"7005":[{"pref":"東京都","city":"千代田区","town":"丸の内ＪＰタワー（５階）"}],"7006":[{"pref":"東京都","city":"千代田区","town":"丸の内ＪＰタワー（６階）"}],"7007":[{"pref":"東京都","city":"千代田区","town":"丸の内ＪＰタワー（７階）"}],"7008":[{"pref":"東京都","city":"千代田区","town":"丸の内ＪＰタワー（８階）"}],"7009":[{"pref":"東京都","city":"千代田区","town":"丸の内ＪＰタワー（９階）"}],"7010":[{"pref":"東京都","city":"千代田区","town":"丸の内ＪＰタワー（１０階）"}],"7011":[{"pref":"東京都","city":"千代田区","town":"丸の内ＪＰタワー（１１階）"}],"7012":[{"pref":"東京都","city":"千代田区","town":"丸の内ＪＰタワー（１２階）"}],"7013":[{"pref":"東京都","city":"千代田区","town":"丸の内ＪＰタワー（１３階）"}],"7014":[{"pref":"東京都","city":"千代田区","town":"丸の内ＪＰタワー（１４階）"}],"7015":[{"pref":"東京都","city":"千代田区","town":"丸の内ＪＰタワー（１５階）"}],"7016":[{"pref":"東京都","city":"千代田区","town":"丸の内ＪＰタワー（１６階）"}],"7017":[{"pref":"東京都","city":"千代田区","town":"丸の内ＪＰタワー（１７階）"}],"7018":[{"pref":"東京都","city":"千代田区","town":"丸の内ＪＰタワー（１８階）"}],"7019":[{"pref":"東京都","city":"千代田区","town":"丸の内ＪＰタワー（１９階）"}],"7020":[{"pref":"東京都","city":"千代田区","town":"丸の内ＪＰタワー（２０階）"}],"7021":[{"pref":"東京都","city":"千代田区","town":"丸の内ＪＰタワー（２１階）"}],"7022":[{"pref":"東京都","city":"千代田区","town":"丸の内ＪＰタワー（２２階）"}],"7023":[{"pref":"東京都","city":"千代田区","town":"丸の内ＪＰタワー（２３階）"}],"7024":[{"pref":"東京都","city":"千代田区","town":"丸の内ＪＰタワー（２４階）"}],"7025":[{"pref":"東京都","city":"千代田区","town":"丸の内ＪＰタワー（２５階）"}],"7026":[{"pref":"東京都","city":"千代田区","town":"丸の内ＪＰタワー（２６階）"}],"7027":[{"pref":"東京都","city":"千代田区","town":"丸の内ＪＰタワー（２７階）"}],"7028":[{"pref":"東京都","city":"千代田区","town":"丸の内ＪＰタワー（２８階）"}],"7029":[{"pref":"東京都","city":"千代田区","town":"丸の内ＪＰタワー（２９階）"}],"7030":[{"pref":"東京都","city":"千代田区","town":"丸の内ＪＰタワー（３０階）"}],"7031":[{"pref":"東京都","city":"千代田区","town":"丸の内ＪＰタワー（３１階）"}],"7032":[{"pref":"東京都","city":"千代田区","town":"丸の内ＪＰタワー（３２階）"}],"7033":[{"pref":"東京都","city":"千代田区","town":"丸の内ＪＰタワー（３３階）"}],"7034":[{"pref":"東京都","city":"千代田区","town":"丸の内ＪＰタワー（３４階）"}],"7035":[{"pref":"東京都","city":"千代田区","town":"丸の内ＪＰタワー（３５階）"}],"7036":[{"pref":"東京都","city":"千代田区","town":"丸の内ＪＰタワー（３６階）"}],"7037":[{"pref":"東京都","city":"千代田区","town":"丸の内ＪＰタワー（３７階）"}],"7038":[{"pref":"東京都","city":"千代田区","town":"丸の内ＪＰタワー（３８階）"}],"7090":[{"pref":"東京都","city":"千代田区","town":"丸の内ＪＰタワー（地階・階層不明）"}],"0000":[{"pref":"東京都","city":"千代田区","town":"以下に掲載がない場合"}],"0011":[{"pref":"東京都","city":"千代田区","town":"内幸町"}],"0004":[{"pref":"東京都","city":"千代田区","town":"大手町（次のビルを除く）"}],"0013":[{"pref":"東京都","city":"千代田区","town":"霞が関（次のビルを除く）"}],"0002":[{"pref":"東京都","city":"千代田区","town":"皇居外苑"}],"0001":[{"pref":"東京都","city":"千代田区","town":"千代田"}],"0014":[{"pref":"東京都","city":"千代田区","town":"永田町（次のビルを除く）"}],"0003":[{"pref":"東京都","city":"千代田区","town":"一ツ橋（１丁目）"}],"0012":[{"pref":"東京都","city":"千代田区","town":"日比谷公園"}],"0005":[{"pref":"東京都","city":"千代田区","town":"丸の内（次のビルを除く）"}],"0006":[{"pref":"東京都","city":"千代田区","town":"有楽町"}],"0100":[{"pref":"東京都","city":"大島町","town":"以下に掲載がない場合"}],"0102":[{"pref":"東京都","city":"大島町","town":"岡田"}],"0211":[{"pref":"東京都","city":"大島町","town":"差木地"}],"0103":[{"pref":"東京都","city":"大島町","town":"泉津"}],"0104":[{"pref":"東京都","city":"大島町","town":"野増"}],"0212":[{"pref":"東京都","city":"大島町","town":"波浮港"}],"0101":[{"pref":"東京都","city":"大島町","town":"元町"}],"0301":[{"pref":"東京都","city":"利島村","town":"利島村一円"}],"0400":[{"pref":"東京都","city":"新島村","town":"以下に掲載がない場合"}],"0511":[{"pref":"東京都","city":"新島村","town":"式根島"}],"0402":[{"pref":"東京都","city":"新島村","town":"本村"}],"0401":[{"pref":"東京都","city":"新島村","town":"若郷"}],"0601":[{"pref":"東京都","city":"神津島村","town":"神津島村一円"}]}