{"0905":[{"pref":"福岡県","city":"大牟田市","town":"甘木"}],"0922":[{"pref":"福岡県","city":"大牟田市","town":"今山"}],"0913":[{"pref":"福岡県","city":"大牟田市","town":"岩本"}],"0910":[{"pref":"福岡県","city":"大牟田市","town":"岩本新町"}],"0902":[{"pref":"福岡県","city":"大牟田市","town":"上内"}],"0926":[{"pref":"福岡県","city":"大牟田市","town":"上白川町"}],"0917":[{"pref":"福岡県","city":"大牟田市","town":"草木"}],"0924":[{"pref":"福岡県","city":"大牟田市","town":"歴木"}],"0915":[{"pref":"福岡県","city":"大牟田市","town":"久福木"}],"0906":[{"pref":"福岡県","city":"大牟田市","town":"倉永"}],"0901":[{"pref":"福岡県","city":"大牟田市","town":"四ケ"}],"0907":[{"pref":"福岡県","city":"大牟田市","town":"四箇新町"}],"0928":[{"pref":"福岡県","city":"大牟田市","town":"下白川町"}],"0925":[{"pref":"福岡県","city":"大牟田市","town":"白川"}],"0912":[{"pref":"福岡県","city":"大牟田市","town":"白銀"}],"0923":[{"pref":"福岡県","city":"大牟田市","town":"新町"}],"0916":[{"pref":"福岡県","city":"大牟田市","town":"田隈"}],"0911":[{"pref":"福岡県","city":"大牟田市","town":"橘"}],"0927":[{"pref":"福岡県","city":"大牟田市","town":"中白川町"}],"0921":[{"pref":"福岡県","city":"大牟田市","town":"三池"}],"0903":[{"pref":"福岡県","city":"大牟田市","town":"宮崎"}],"0914":[{"pref":"福岡県","city":"大牟田市","town":"宮部"}],"0904":[{"pref":"福岡県","city":"大牟田市","town":"吉野"}]}