{"0000":[{"pref":"愛知県","city":"碧南市","town":"以下に掲載がない場合"}],"0862":[{"pref":"愛知県","city":"碧南市","town":"相生町"}],"0866":[{"pref":"愛知県","city":"碧南市","town":"明石町"}],"0022":[{"pref":"愛知県","city":"碧南市","town":"旭町"}],"0865":[{"pref":"愛知県","city":"碧南市","town":"浅間町"}],"0083":[{"pref":"愛知県","city":"碧南市","town":"油渕町"}],"0813":[{"pref":"愛知県","city":"碧南市","town":"雨池町"}],"0068":[{"pref":"愛知県","city":"碧南市","town":"荒居町"}],"0038":[{"pref":"愛知県","city":"碧南市","town":"荒子町"}],"0002":[{"pref":"愛知県","city":"碧南市","town":"井口町"}],"0023":[{"pref":"愛知県","city":"碧南市","town":"池下町"}],"0858":[{"pref":"愛知県","city":"碧南市","town":"石橋町"}],"0837":[{"pref":"愛知県","city":"碧南市","town":"伊勢町"}],"0821":[{"pref":"愛知県","city":"碧南市","town":"稲荷町"}],"0831":[{"pref":"愛知県","city":"碧南市","town":"入船町"}],"0047":[{"pref":"愛知県","city":"碧南市","town":"植出町"}],"0825":[{"pref":"愛知県","city":"碧南市","town":"江口町"}],"0008":[{"pref":"愛知県","city":"碧南市","town":"大久手町"}],"0012":[{"pref":"愛知県","city":"碧南市","town":"大坪町"}],"0025":[{"pref":"愛知県","city":"碧南市","town":"大堤町"}],"0857":[{"pref":"愛知県","city":"碧南市","town":"大浜上町"}],"0017":[{"pref":"愛知県","city":"碧南市","town":"奥沢町"}],"0014":[{"pref":"愛知県","city":"碧南市","town":"長田町"}],"0036":[{"pref":"愛知県","city":"碧南市","town":"尾城町"}],"0847":[{"pref":"愛知県","city":"碧南市","town":"音羽町"}],"0045":[{"pref":"愛知県","city":"碧南市","town":"篭田町"}],"0888":[{"pref":"愛知県","city":"碧南市","town":"春日町"}],"0881":[{"pref":"愛知県","city":"碧南市","town":"霞浦町"}],"0085":[{"pref":"愛知県","city":"碧南市","town":"金山町"}],"0028":[{"pref":"愛知県","city":"碧南市","town":"神有町"}],"0074":[{"pref":"愛知県","city":"碧南市","town":"上町"}],"0024":[{"pref":"愛知県","city":"碧南市","town":"亀穴町"}],"0822":[{"pref":"愛知県","city":"碧南市","town":"河方町"}],"0823":[{"pref":"愛知県","city":"碧南市","town":"川口町"}],"0817":[{"pref":"愛知県","city":"碧南市","town":"川端町"}],"0016":[{"pref":"愛知県","city":"碧南市","town":"神田町"}],"0003":[{"pref":"愛知県","city":"碧南市","town":"雁道町"}],"0032":[{"pref":"愛知県","city":"碧南市","town":"北浦町"}],"0001":[{"pref":"愛知県","city":"碧南市","town":"北町"}],"0065":[{"pref":"愛知県","city":"碧南市","town":"久沓町"}],"0873":[{"pref":"愛知県","city":"碧南市","town":"栗山町"}],"0872":[{"pref":"愛知県","city":"碧南市","town":"源氏神明町"}],"0886":[{"pref":"愛知県","city":"碧南市","town":"源氏町"}],"0034":[{"pref":"愛知県","city":"碧南市","town":"鴻島町"}],"0824":[{"pref":"愛知県","city":"碧南市","town":"港南町"}],"0871":[{"pref":"愛知県","city":"碧南市","town":"向陽町"}],"0082":[{"pref":"愛知県","city":"碧南市","town":"湖西町"}],"0809":[{"pref":"愛知県","city":"碧南市","town":"小屋下町"}],"0833":[{"pref":"愛知県","city":"碧南市","town":"権現町"}],"0838":[{"pref":"愛知県","city":"碧南市","town":"権田町"}],"0043":[{"pref":"愛知県","city":"碧南市","town":"幸町"}],"0877":[{"pref":"愛知県","city":"碧南市","town":"栄町"}],"0087":[{"pref":"愛知県","city":"碧南市","town":"坂口町"}],"0874":[{"pref":"愛知県","city":"碧南市","town":"作塚町"}],"0053":[{"pref":"愛知県","city":"碧南市","town":"笹山町"}],"0879":[{"pref":"愛知県","city":"碧南市","town":"沢渡町"}],"0803":[{"pref":"愛知県","city":"碧南市","town":"三角町"}],"0806":[{"pref":"愛知県","city":"碧南市","town":"三間町"}],"0061":[{"pref":"愛知県","city":"碧南市","town":"三度山町"}],"0887":[{"pref":"愛知県","city":"碧南市","town":"汐田町"}],"0841":[{"pref":"愛知県","city":"碧南市","town":"塩浜町"}],"0828":[{"pref":"愛知県","city":"碧南市","town":"潮見町"}],"0816":[{"pref":"愛知県","city":"碧南市","town":"志貴崎町"}],"0885":[{"pref":"愛知県","city":"碧南市","town":"志貴町"}],"0078":[{"pref":"愛知県","city":"碧南市","town":"島池町"}],"0072":[{"pref":"愛知県","city":"碧南市","town":"清水町"}],"0883":[{"pref":"愛知県","city":"碧南市","town":"下洲町"}],"0027":[{"pref":"愛知県","city":"碧南市","town":"照光町"}],"0013":[{"pref":"愛知県","city":"碧南市","town":"白沢町"}],"0076":[{"pref":"愛知県","city":"碧南市","town":"白砂町"}],"0037":[{"pref":"愛知県","city":"碧南市","town":"城山町"}],"0863":[{"pref":"愛知県","city":"碧南市","town":"新川町"}],"0052":[{"pref":"愛知県","city":"碧南市","town":"新道町"}],"0044":[{"pref":"愛知県","city":"碧南市","town":"末広町"}],"0086":[{"pref":"愛知県","city":"碧南市","town":"洲先町"}],"0854":[{"pref":"愛知県","city":"碧南市","town":"須磨町"}],"0058":[{"pref":"愛知県","city":"碧南市","town":"住吉町"}],"0056":[{"pref":"愛知県","city":"碧南市","town":"千福町"}],"0875":[{"pref":"愛知県","city":"碧南市","town":"善明町"}],"0006":[{"pref":"愛知県","city":"碧南市","town":"宝町"}],"0007":[{"pref":"愛知県","city":"碧南市","town":"竹原町"}],"0867":[{"pref":"愛知県","city":"碧南市","town":"田尻町"}],"0075":[{"pref":"愛知県","city":"碧南市","town":"立山町"}],"0815":[{"pref":"愛知県","city":"碧南市","town":"棚尾本町"}],"0834":[{"pref":"愛知県","city":"碧南市","town":"玉津浦町"}],"0849":[{"pref":"愛知県","city":"碧南市","town":"築山町"}],"0057":[{"pref":"愛知県","city":"碧南市","town":"鶴見町"}],"0033":[{"pref":"愛知県","city":"碧南市","town":"天神町"}],"0855":[{"pref":"愛知県","city":"碧南市","town":"天王町"}],"0864":[{"pref":"愛知県","city":"碧南市","town":"道場山町"}],"0073":[{"pref":"愛知県","city":"碧南市","town":"鳥追町"}],"0812":[{"pref":"愛知県","city":"碧南市","town":"中江町"}],"0042":[{"pref":"愛知県","city":"碧南市","town":"中後町"}],"0829":[{"pref":"愛知県","city":"碧南市","town":"中田町"}],"0846":[{"pref":"愛知県","city":"碧南市","town":"中町"}],"0859":[{"pref":"愛知県","city":"碧南市","town":"中松町"}],"0035":[{"pref":"愛知県","city":"碧南市","town":"中山町"}],"0021":[{"pref":"愛知県","city":"碧南市","town":"縄手町"}],"0848":[{"pref":"愛知県","city":"碧南市","town":"錦町"}],"0843":[{"pref":"愛知県","city":"碧南市","town":"西浜町"}],"0064":[{"pref":"愛知県","city":"碧南市","town":"西山町"}],"0882":[{"pref":"愛知県","city":"碧南市","town":"日進町"}],"0029":[{"pref":"愛知県","city":"碧南市","town":"二本木町"}],"0801":[{"pref":"愛知県","city":"碧南市","town":"野銭町"}],"0876":[{"pref":"愛知県","city":"碧南市","town":"野田町"}],"0851":[{"pref":"愛知県","city":"碧南市","town":"羽根町"}],"0055":[{"pref":"愛知県","city":"碧南市","town":"浜尾町"}],"0842":[{"pref":"愛知県","city":"碧南市","town":"浜田町"}],"0845":[{"pref":"愛知県","city":"碧南市","town":"浜寺町"}],"0853":[{"pref":"愛知県","city":"碧南市","town":"浜町"}],"0015":[{"pref":"愛知県","city":"碧南市","town":"半崎町"}],"0889":[{"pref":"愛知県","city":"碧南市","town":"東浦町"}],"0051":[{"pref":"愛知県","city":"碧南市","town":"東山町"}],"0011":[{"pref":"愛知県","city":"碧南市","town":"平山町"}],"0067":[{"pref":"愛知県","city":"碧南市","town":"広見町"}],"0081":[{"pref":"愛知県","city":"碧南市","town":"吹上町"}],"0048":[{"pref":"愛知県","city":"碧南市","town":"福清水町"}],"0807":[{"pref":"愛知県","city":"碧南市","town":"伏見町"}],"0088":[{"pref":"愛知県","city":"碧南市","town":"札木町"}],"0811":[{"pref":"愛知県","city":"碧南市","town":"舟江町"}],"0054":[{"pref":"愛知県","city":"碧南市","town":"踏分町"}],"0062":[{"pref":"愛知県","city":"碧南市","town":"古川町"}],"0884":[{"pref":"愛知県","city":"碧南市","town":"平七町"}],"0084":[{"pref":"愛知県","city":"碧南市","town":"平和町"}],"0046":[{"pref":"愛知県","city":"碧南市","town":"堀方町"}],"0852":[{"pref":"愛知県","city":"碧南市","town":"本郷町"}],"0827":[{"pref":"愛知県","city":"碧南市","town":"前浜町"}],"0868":[{"pref":"愛知県","city":"碧南市","town":"松江町"}],"0079":[{"pref":"愛知県","city":"碧南市","town":"松原町"}],"0878":[{"pref":"愛知県","city":"碧南市","town":"松本町"}],"0066":[{"pref":"愛知県","city":"碧南市","town":"丸山町"}],"0031":[{"pref":"愛知県","city":"碧南市","town":"見合町"}],"0832":[{"pref":"愛知県","city":"碧南市","town":"岬町"}],"0041":[{"pref":"愛知県","city":"碧南市","town":"緑町"}],"0844":[{"pref":"愛知県","city":"碧南市","town":"港本町"}],"0026":[{"pref":"愛知県","city":"碧南市","town":"三宅町"}],"0856":[{"pref":"愛知県","city":"碧南市","town":"宮後町"}],"0835":[{"pref":"愛知県","city":"碧南市","town":"宮町"}],"0071":[{"pref":"愛知県","city":"碧南市","town":"桃山町"}],"0077":[{"pref":"愛知県","city":"碧南市","town":"屋敷町"}],"0805":[{"pref":"愛知県","city":"碧南市","town":"矢縄町"}],"0869":[{"pref":"愛知県","city":"碧南市","town":"山神町"}],"0063":[{"pref":"愛知県","city":"碧南市","town":"山下町"}],"0814":[{"pref":"愛知県","city":"碧南市","town":"弥生町"}],"0004":[{"pref":"愛知県","city":"碧南市","town":"用久町"}],"0826":[{"pref":"愛知県","city":"碧南市","town":"葭生町"}],"0804":[{"pref":"愛知県","city":"碧南市","town":"流作町"}],"0861":[{"pref":"愛知県","city":"碧南市","town":"六軒町"}],"0836":[{"pref":"愛知県","city":"碧南市","town":"若松町"}],"0005":[{"pref":"愛知県","city":"碧南市","town":"若水町"}],"0818":[{"pref":"愛知県","city":"碧南市","town":"若宮町"}],"0808":[{"pref":"愛知県","city":"碧南市","town":"鷲塚町"}],"0802":[{"pref":"愛知県","city":"碧南市","town":"鷲林町"}]}