{"0000":[{"pref":"埼玉県","city":"東松山市","town":"以下に掲載がない場合"}],"0048":[{"pref":"埼玉県","city":"東松山市","town":"あずま町"}],"0072":[{"pref":"埼玉県","city":"東松山市","town":"石橋"}],"0026":[{"pref":"埼玉県","city":"東松山市","town":"和泉町"}],"0006":[{"pref":"埼玉県","city":"東松山市","town":"市ノ川"}],"0042":[{"pref":"埼玉県","city":"東松山市","town":"今泉"}],"0065":[{"pref":"埼玉県","city":"東松山市","town":"岩殿"}],"0046":[{"pref":"埼玉県","city":"東松山市","town":"大黒部"}],"0008":[{"pref":"埼玉県","city":"東松山市","town":"大谷"}],"0001":[{"pref":"埼玉県","city":"東松山市","town":"岡"}],"0022":[{"pref":"埼玉県","city":"東松山市","town":"御茶山町"}],"0034":[{"pref":"埼玉県","city":"東松山市","town":"柏崎"}],"0074":[{"pref":"埼玉県","city":"東松山市","town":"上押垂"}],"0077":[{"pref":"埼玉県","city":"東松山市","town":"上唐子"}],"0011":[{"pref":"埼玉県","city":"東松山市","town":"加美町"}],"0073":[{"pref":"埼玉県","city":"東松山市","town":"上野本"}],"0061":[{"pref":"埼玉県","city":"東松山市","town":"葛袋"}],"0064":[{"pref":"埼玉県","city":"東松山市","town":"毛塚"}],"0066":[{"pref":"埼玉県","city":"東松山市","town":"神戸"}],"0031":[{"pref":"埼玉県","city":"東松山市","town":"五領町"}],"0013":[{"pref":"埼玉県","city":"東松山市","town":"小松原町"}],"0016":[{"pref":"埼玉県","city":"東松山市","town":"材木町"}],"0025":[{"pref":"埼玉県","city":"東松山市","town":"幸町"}],"0052":[{"pref":"埼玉県","city":"東松山市","town":"桜山台"}],"0004":[{"pref":"埼玉県","city":"東松山市","town":"沢口町"}],"0075":[{"pref":"埼玉県","city":"東松山市","town":"下青鳥"}],"0041":[{"pref":"埼玉県","city":"東松山市","town":"下押垂"}],"0076":[{"pref":"埼玉県","city":"東松山市","town":"下唐子"}],"0036":[{"pref":"埼玉県","city":"東松山市","town":"下野本"}],"0044":[{"pref":"埼玉県","city":"東松山市","town":"正代"}],"0071":[{"pref":"埼玉県","city":"東松山市","town":"新郷"}],"0032":[{"pref":"埼玉県","city":"東松山市","town":"新宿町"}],"0021":[{"pref":"埼玉県","city":"東松山市","town":"神明町"}],"0019":[{"pref":"埼玉県","city":"東松山市","town":"砂田町"}],"0047":[{"pref":"埼玉県","city":"東松山市","town":"高坂"}],"0053":[{"pref":"埼玉県","city":"東松山市","town":"田木"}],"0003":[{"pref":"埼玉県","city":"東松山市","town":"殿山町"}],"0009":[{"pref":"埼玉県","city":"東松山市","town":"仲田町"}],"0062":[{"pref":"埼玉県","city":"東松山市","town":"西本宿"}],"0007":[{"pref":"埼玉県","city":"東松山市","town":"野田"}],"0051":[{"pref":"埼玉県","city":"東松山市","town":"白山台"}],"0054":[{"pref":"埼玉県","city":"東松山市","town":"旗立台"}],"0043":[{"pref":"埼玉県","city":"東松山市","town":"早俣"}],"0067":[{"pref":"埼玉県","city":"東松山市","town":"坂東山"}],"0002":[{"pref":"埼玉県","city":"東松山市","town":"東平"}],"0012":[{"pref":"埼玉県","city":"東松山市","town":"日吉町"}],"0035":[{"pref":"埼玉県","city":"東松山市","town":"古凍"}],"0015":[{"pref":"埼玉県","city":"東松山市","town":"本町"}],"0055":[{"pref":"埼玉県","city":"東松山市","town":"松風台"}],"0017":[{"pref":"埼玉県","city":"東松山市","town":"松葉町"}],"0014":[{"pref":"埼玉県","city":"東松山市","town":"松本町"}],"0005":[{"pref":"埼玉県","city":"東松山市","town":"松山"}],"0018":[{"pref":"埼玉県","city":"東松山市","town":"松山町"}],"0027":[{"pref":"埼玉県","city":"東松山市","town":"美土里町"}],"0010":[{"pref":"埼玉県","city":"東松山市","town":"美原町"}],"0045":[{"pref":"埼玉県","city":"東松山市","town":"宮鼻"}],"0063":[{"pref":"埼玉県","city":"東松山市","town":"元宿"}],"0028":[{"pref":"埼玉県","city":"東松山市","town":"箭弓町"}],"0033":[{"pref":"埼玉県","city":"東松山市","town":"山崎町"}],"0023":[{"pref":"埼玉県","city":"東松山市","town":"六反町"}],"0024":[{"pref":"埼玉県","city":"東松山市","town":"六軒町"}],"0037":[{"pref":"埼玉県","city":"東松山市","town":"若松町"}],"0800":[{"pref":"埼玉県","city":"比企郡滑川町","town":"以下に掲載がない場合"}],"0806":[{"pref":"埼玉県","city":"比企郡滑川町","town":"伊古"}],"0807":[{"pref":"埼玉県","city":"比企郡滑川町","town":"和泉"}],"0808":[{"pref":"埼玉県","city":"比企郡滑川町","town":"菅田"}],"0813":[{"pref":"埼玉県","city":"比企郡滑川町","town":"月輪"}],"0815":[{"pref":"埼玉県","city":"比企郡滑川町","town":"月の輪"}],"0801":[{"pref":"埼玉県","city":"比企郡滑川町","town":"土塩"}],"0804":[{"pref":"埼玉県","city":"比企郡滑川町","town":"中尾"}],"0811":[{"pref":"埼玉県","city":"比企郡滑川町","town":"羽尾"}],"0803":[{"pref":"埼玉県","city":"比企郡滑川町","town":"福田"}],"0805":[{"pref":"埼玉県","city":"比企郡滑川町","town":"水房"}],"0814":[{"pref":"埼玉県","city":"比企郡滑川町","town":"みなみ野"}],"0812":[{"pref":"埼玉県","city":"比企郡滑川町","town":"都"}],"0802":[{"pref":"埼玉県","city":"比企郡滑川町","town":"山田"}],"0200":[{"pref":"埼玉県","city":"比企郡嵐山町","town":"以下に掲載がない場合"}],"0222":[{"pref":"埼玉県","city":"比企郡嵐山町","town":"大蔵"}],"0206":[{"pref":"埼玉県","city":"比企郡嵐山町","town":"越畑"}],"0203":[{"pref":"埼玉県","city":"比企郡嵐山町","town":"勝田"}],"0225":[{"pref":"埼玉県","city":"比企郡嵐山町","town":"鎌形"}],"0213":[{"pref":"埼玉県","city":"比企郡嵐山町","town":"川島"}],"0214":[{"pref":"埼玉県","city":"比企郡嵐山町","town":"志賀"}],"0224":[{"pref":"埼玉県","city":"比企郡嵐山町","town":"将軍沢"}],"0221":[{"pref":"埼玉県","city":"比企郡嵐山町","town":"菅谷"}],"0211":[{"pref":"埼玉県","city":"比企郡嵐山町","town":"杉山"}],"0227":[{"pref":"埼玉県","city":"比企郡嵐山町","town":"千手堂"}],"0212":[{"pref":"埼玉県","city":"比企郡嵐山町","town":"太郎丸"}],"0226":[{"pref":"埼玉県","city":"比企郡嵐山町","town":"遠山"}],"0223":[{"pref":"埼玉県","city":"比企郡嵐山町","town":"根岸"}],"0204":[{"pref":"埼玉県","city":"比企郡嵐山町","town":"花見台"}],"0215":[{"pref":"埼玉県","city":"比企郡嵐山町","town":"平沢"}],"0205":[{"pref":"埼玉県","city":"比企郡嵐山町","town":"広野"}],"0201":[{"pref":"埼玉県","city":"比企郡嵐山町","town":"古里"}],"0216":[{"pref":"埼玉県","city":"比企郡嵐山町","town":"むさし台"}],"0202":[{"pref":"埼玉県","city":"比企郡嵐山町","town":"吉田"}],"0300":[{"pref":"埼玉県","city":"比企郡小川町","town":"以下に掲載がない場合"},{"pref":"埼玉県","city":"比企郡ときがわ町","town":"以下に掲載がない場合"},{"pref":"埼玉県","city":"秩父郡東秩父村","town":"以下に掲載がない場合"}],"0324":[{"pref":"埼玉県","city":"比企郡小川町","town":"青山"}],"0333":[{"pref":"埼玉県","city":"比企郡小川町","town":"飯田"}],"0304":[{"pref":"埼玉県","city":"比企郡小川町","town":"伊勢根"}],"0328":[{"pref":"埼玉県","city":"比企郡小川町","town":"大塚"}],"0321":[{"pref":"埼玉県","city":"比企郡小川町","town":"小川"}],"0316":[{"pref":"埼玉県","city":"比企郡小川町","town":"角山"}],"0334":[{"pref":"埼玉県","city":"比企郡小川町","town":"笠原"}],"0325":[{"pref":"埼玉県","city":"比企郡小川町","town":"上古寺"}],"0312":[{"pref":"埼玉県","city":"比企郡小川町","town":"上横田"}],"0335":[{"pref":"埼玉県","city":"比企郡小川町","town":"木部"}],"0337":[{"pref":"埼玉県","city":"比企郡小川町","town":"木呂子"}],"0311":[{"pref":"埼玉県","city":"比企郡小川町","town":"高谷"}],"0327":[{"pref":"埼玉県","city":"比企郡小川町","town":"腰越"}],"0323":[{"pref":"埼玉県","city":"比企郡小川町","town":"下里"}],"0326":[{"pref":"埼玉県","city":"比企郡小川町","town":"下古寺"}],"0313":[{"pref":"埼玉県","city":"比企郡小川町","town":"下横田"}],"0336":[{"pref":"埼玉県","city":"比企郡小川町","town":"勝呂"}],"0302":[{"pref":"埼玉県","city":"比企郡小川町","town":"鷹巣"}],"0306":[{"pref":"埼玉県","city":"比企郡小川町","town":"高見"}],"0314":[{"pref":"埼玉県","city":"比企郡小川町","town":"中爪"}],"0303":[{"pref":"埼玉県","city":"比企郡小川町","town":"奈良梨"}],"0301":[{"pref":"埼玉県","city":"比企郡小川町","town":"西古里"}],"0305":[{"pref":"埼玉県","city":"比企郡小川町","town":"能増"}],"0317":[{"pref":"埼玉県","city":"比企郡小川町","town":"原川"}],"0322":[{"pref":"埼玉県","city":"比企郡小川町","town":"東小川"}],"0318":[{"pref":"埼玉県","city":"比企郡小川町","town":"ひばり台"}],"0332":[{"pref":"埼玉県","city":"比企郡小川町","town":"増尾"}],"0315":[{"pref":"埼玉県","city":"比企郡小川町","town":"みどりが丘"}],"0331":[{"pref":"埼玉県","city":"比企郡小川町","town":"靱負"}],"0100":[{"pref":"埼玉県","city":"比企郡吉見町","town":"以下に掲載がない場合"}],"0131":[{"pref":"埼玉県","city":"比企郡吉見町","town":"荒子"}],"0132":[{"pref":"埼玉県","city":"比企郡吉見町","town":"飯島新田"}],"0103":[{"pref":"埼玉県","city":"比企郡吉見町","town":"今泉"}],"0136":[{"pref":"埼玉県","city":"比企郡吉見町","town":"江綱"}],"0133":[{"pref":"埼玉県","city":"比企郡吉見町","town":"江和井"}],"0134":[{"pref":"埼玉県","city":"比企郡吉見町","town":"大串"}],"0127":[{"pref":"埼玉県","city":"比企郡吉見町","town":"大和田"}],"0125":[{"pref":"埼玉県","city":"比企郡吉見町","town":"蚊斗谷"}],"0115":[{"pref":"埼玉県","city":"比企郡吉見町","town":"上銀谷"}],"0105":[{"pref":"埼玉県","city":"比企郡吉見町","town":"上砂"}],"0165":[{"pref":"埼玉県","city":"比企郡吉見町","town":"上細谷"}],"0111":[{"pref":"埼玉県","city":"比企郡吉見町","town":"北下砂"}],"0155":[{"pref":"埼玉県","city":"比企郡吉見町","town":"北吉見"}],"0137":[{"pref":"埼玉県","city":"比企郡吉見町","town":"久保田"}],"0124":[{"pref":"埼玉県","city":"比企郡吉見町","town":"久保田新田"}],"0153":[{"pref":"埼玉県","city":"比企郡吉見町","town":"久米田"}],"0166":[{"pref":"埼玉県","city":"比企郡吉見町","town":"黒岩"}],"0164":[{"pref":"埼玉県","city":"比企郡吉見町","town":"小新井"}],"0151":[{"pref":"埼玉県","city":"比企郡吉見町","town":"御所"}],"0114":[{"pref":"埼玉県","city":"比企郡吉見町","town":"古名"}],"0113":[{"pref":"埼玉県","city":"比企郡吉見町","town":"古名新田"}],"0104":[{"pref":"埼玉県","city":"比企郡吉見町","town":"地頭方"}],"0116":[{"pref":"埼玉県","city":"比企郡吉見町","town":"下銀谷"}],"0118":[{"pref":"埼玉県","city":"比企郡吉見町","town":"下細谷"}],"0123":[{"pref":"埼玉県","city":"比企郡吉見町","town":"須ノ子新田"}],"0122":[{"pref":"埼玉県","city":"比企郡吉見町","town":"高尾新田"}],"0167":[{"pref":"埼玉県","city":"比企郡吉見町","town":"田甲"}],"0119":[{"pref":"埼玉県","city":"比企郡吉見町","town":"中新井"}],"0106":[{"pref":"埼玉県","city":"比企郡吉見町","town":"中曽根"}],"0156":[{"pref":"埼玉県","city":"比企郡吉見町","town":"長谷"}],"0157":[{"pref":"埼玉県","city":"比企郡吉見町","town":"西吉見"}],"0121":[{"pref":"埼玉県","city":"比企郡吉見町","town":"蓮沼新田"}],"0110":[{"pref":"埼玉県","city":"比企郡吉見町","town":"東野"}],"0101":[{"pref":"埼玉県","city":"比企郡吉見町","town":"一ツ木"}],"0163":[{"pref":"埼玉県","city":"比企郡吉見町","town":"本沢"}],"0135":[{"pref":"埼玉県","city":"比企郡吉見町","town":"前河内"}],"0162":[{"pref":"埼玉県","city":"比企郡吉見町","town":"松崎"}],"0112":[{"pref":"埼玉県","city":"比企郡吉見町","town":"丸貫"}],"0126":[{"pref":"埼玉県","city":"比企郡吉見町","town":"万光寺"}],"0154":[{"pref":"埼玉県","city":"比企郡吉見町","town":"南吉見"}],"0102":[{"pref":"埼玉県","city":"比企郡吉見町","town":"明秋"}],"0117":[{"pref":"埼玉県","city":"比企郡吉見町","town":"谷口"}],"0161":[{"pref":"埼玉県","city":"比企郡吉見町","town":"山ノ下"}],"0152":[{"pref":"埼玉県","city":"比企郡吉見町","town":"和名"}],"0363":[{"pref":"埼玉県","city":"比企郡ときがわ町","town":"大附"}],"0366":[{"pref":"埼玉県","city":"比企郡ときがわ町","town":"大野"}],"0365":[{"pref":"埼玉県","city":"比企郡ときがわ町","town":"椚平"}],"0351":[{"pref":"埼玉県","city":"比企郡ときがわ町","town":"雲河原"}],"0343":[{"pref":"埼玉県","city":"比企郡ときがわ町","town":"五明"}],"0356":[{"pref":"埼玉県","city":"比企郡ときがわ町","town":"関堀"}],"0358":[{"pref":"埼玉県","city":"比企郡ときがわ町","town":"瀬戸元上"}],"0359":[{"pref":"埼玉県","city":"比企郡ときがわ町","town":"瀬戸元下"}],"0341":[{"pref":"埼玉県","city":"比企郡ときがわ町","town":"田黒"}],"0357":[{"pref":"埼玉県","city":"比企郡ときがわ町","town":"田中"}],"0342":[{"pref":"埼玉県","city":"比企郡ときがわ町","town":"玉川"}],"0364":[{"pref":"埼玉県","city":"比企郡ときがわ町","town":"西平"}],"0354":[{"pref":"埼玉県","city":"比企郡ときがわ町","town":"番匠"}],"0355":[{"pref":"埼玉県","city":"比企郡ときがわ町","town":"馬場"}],"0344":[{"pref":"埼玉県","city":"比企郡ときがわ町","town":"日影"}],"0352":[{"pref":"埼玉県","city":"比企郡ときがわ町","town":"別所"}],"0353":[{"pref":"埼玉県","city":"比企郡ときがわ町","town":"本郷"}],"0361":[{"pref":"埼玉県","city":"比企郡ときがわ町","town":"桃木"}],"0371":[{"pref":"埼玉県","city":"秩父郡東秩父村","town":"大内沢"}],"0373":[{"pref":"埼玉県","city":"秩父郡東秩父村","town":"奥沢"}],"0376":[{"pref":"埼玉県","city":"秩父郡東秩父村","town":"皆谷"}],"0372":[{"pref":"埼玉県","city":"秩父郡東秩父村","town":"坂本"}],"0377":[{"pref":"埼玉県","city":"秩父郡東秩父村","town":"白石"}],"0375":[{"pref":"埼玉県","city":"秩父郡東秩父村","town":"御堂"}],"0374":[{"pref":"埼玉県","city":"秩父郡東秩父村","town":"安戸"}]}