{"0061":[{"pref":"愛知県","city":"豊橋市","town":"飽海町"}],"0043":[{"pref":"愛知県","city":"豊橋市","town":"朝丘町"}],"0058":[{"pref":"愛知県","city":"豊橋市","town":"旭本町"}],"0057":[{"pref":"愛知県","city":"豊橋市","town":"旭町"}],"0063":[{"pref":"愛知県","city":"豊橋市","town":"東田中郷町"}],"0024":[{"pref":"愛知県","city":"豊橋市","town":"東田町（井原）"}],"0054":[{"pref":"愛知県","city":"豊橋市","town":"東田町（北蓮田）"},{"pref":"愛知県","city":"豊橋市","town":"東田町（東前山）"},{"pref":"愛知県","city":"豊橋市","town":"東田町（西前山）"}],"0062":[{"pref":"愛知県","city":"豊橋市","town":"東田町（西郷）"},{"pref":"愛知県","city":"豊橋市","town":"東田町（中郷）"},{"pref":"愛知県","city":"豊橋市","town":"東田町（西脇）"}],"0066":[{"pref":"愛知県","city":"豊橋市","town":"東田町（番地）"}],"0048":[{"pref":"愛知県","city":"豊橋市","town":"東田町（その他）"}],"0047":[{"pref":"愛知県","city":"豊橋市","town":"東田仲の町"}],"0045":[{"pref":"愛知県","city":"豊橋市","town":"吾妻町"}],"0827":[{"pref":"愛知県","city":"豊橋市","town":"池見町"}],"0025":[{"pref":"愛知県","city":"豊橋市","town":"井原町"}],"0801":[{"pref":"愛知県","city":"豊橋市","town":"今橋町"}],"0833":[{"pref":"愛知県","city":"豊橋市","town":"飯村町西山、高山"}],"0836":[{"pref":"愛知県","city":"豊橋市","town":"飯村町（その他）"}],"0835":[{"pref":"愛知県","city":"豊橋市","town":"飯村南"}],"0834":[{"pref":"愛知県","city":"豊橋市","town":"飯村北"}],"0022":[{"pref":"愛知県","city":"豊橋市","town":"岩崎町"}],"0832":[{"pref":"愛知県","city":"豊橋市","town":"岩田町"},{"pref":"愛知県","city":"豊橋市","town":"中岩田"}],"0023":[{"pref":"愛知県","city":"豊橋市","town":"岩田町（影岩）"}],"0032":[{"pref":"愛知県","city":"豊橋市","town":"岩田町居村、北郷中"}],"0041":[{"pref":"愛知県","city":"豊橋市","town":"岩田町宮下、道合"}],"0842":[{"pref":"愛知県","city":"豊橋市","town":"岩屋町"}],"0067":[{"pref":"愛知県","city":"豊橋市","town":"上地町"}],"0894":[{"pref":"愛知県","city":"豊橋市","town":"魚町"}],"0006":[{"pref":"愛知県","city":"豊橋市","town":"牛川町（池下）"},{"pref":"愛知県","city":"豊橋市","town":"牛川町（押川）"},{"pref":"愛知県","city":"豊橋市","town":"牛川町（東仲田）"},{"pref":"愛知県","city":"豊橋市","town":"牛川町（西仲田）"},{"pref":"愛知県","city":"豊橋市","town":"牛川町（乗小路）"}],"0016":[{"pref":"愛知県","city":"豊橋市","town":"牛川町（その他）"}],"0011":[{"pref":"愛知県","city":"豊橋市","town":"牛川通"}],"0015":[{"pref":"愛知県","city":"豊橋市","town":"牛川薬師町"}],"0092":[{"pref":"愛知県","city":"豊橋市","town":"瓜郷町"}],"0888":[{"pref":"愛知県","city":"豊橋市","town":"駅前大通"}],"0053":[{"pref":"愛知県","city":"豊橋市","town":"老松町"}],"0826":[{"pref":"愛知県","city":"豊橋市","town":"大井町"}],"0805":[{"pref":"愛知県","city":"豊橋市","town":"大手町"}],"0076":[{"pref":"愛知県","city":"豊橋市","town":"大橋通"}],"0081":[{"pref":"愛知県","city":"豊橋市","town":"大村町"}],"0856":[{"pref":"愛知県","city":"豊橋市","town":"鍵田町"}],"0802":[{"pref":"愛知県","city":"豊橋市","town":"鍛冶町"}],"0821":[{"pref":"愛知県","city":"豊橋市","town":"春日町"}],"0803":[{"pref":"愛知県","city":"豊橋市","town":"曲尺手町"}],"0074":[{"pref":"愛知県","city":"豊橋市","town":"上伝馬町"}],"0896":[{"pref":"愛知県","city":"豊橋市","town":"萱町"}],"0094":[{"pref":"愛知県","city":"豊橋市","town":"川崎町"}],"0825":[{"pref":"愛知県","city":"豊橋市","town":"瓦町"}],"0824":[{"pref":"愛知県","city":"豊橋市","town":"瓦町通"}],"0031":[{"pref":"愛知県","city":"豊橋市","town":"北岩田"}],"0071":[{"pref":"愛知県","city":"豊橋市","town":"北島町"}],"0078":[{"pref":"愛知県","city":"豊橋市","town":"絹田町"}],"0095":[{"pref":"愛知県","city":"豊橋市","town":"清須町"}],"0002":[{"pref":"愛知県","city":"豊橋市","town":"下条東町"}],"0001":[{"pref":"愛知県","city":"豊橋市","town":"下条西町"}],"0873":[{"pref":"愛知県","city":"豊橋市","town":"小畷町"}],"0804":[{"pref":"愛知県","city":"豊橋市","town":"呉服町"}],"0064":[{"pref":"愛知県","city":"豊橋市","town":"西郷町"}],"0042":[{"pref":"愛知県","city":"豊橋市","town":"栄町"}],"0853":[{"pref":"愛知県","city":"豊橋市","town":"佐藤"},{"pref":"愛知県","city":"豊橋市","town":"佐藤町"}],"0051":[{"pref":"愛知県","city":"豊橋市","town":"東雲町"}],"0091":[{"pref":"愛知県","city":"豊橋市","town":"下五井町"}],"0083":[{"pref":"愛知県","city":"豊橋市","town":"下地町（大圦）"},{"pref":"愛知県","city":"豊橋市","town":"下地町（北村）"},{"pref":"愛知県","city":"豊橋市","town":"下地町（操穴）"},{"pref":"愛知県","city":"豊橋市","town":"下地町（五貫）"},{"pref":"愛知県","city":"豊橋市","town":"下地町（境田）"},{"pref":"愛知県","city":"豊橋市","town":"下地町（天神）"},{"pref":"愛知県","city":"豊橋市","town":"下地町（野箱）"},{"pref":"愛知県","city":"豊橋市","town":"下地町（柳目）"},{"pref":"愛知県","city":"豊橋市","town":"下地町（横山）"},{"pref":"愛知県","city":"豊橋市","town":"下地町（若宮）"}],"0084":[{"pref":"愛知県","city":"豊橋市","town":"下地町（神田）"},{"pref":"愛知県","city":"豊橋市","town":"下地町（瀬上）"},{"pref":"愛知県","city":"豊橋市","town":"下地町（緑）"},{"pref":"愛知県","city":"豊橋市","town":"下地町（宮腰）"}],"0085":[{"pref":"愛知県","city":"豊橋市","town":"下地町（丁目）"}],"0086":[{"pref":"愛知県","city":"豊橋市","town":"下地町（その他）"}],"0883":[{"pref":"愛知県","city":"豊橋市","town":"新川町"}],"0892":[{"pref":"愛知県","city":"豊橋市","town":"新本町"}],"0882":[{"pref":"愛知県","city":"豊橋市","town":"神明町"}],"0871":[{"pref":"愛知県","city":"豊橋市","town":"新吉町"}],"0052":[{"pref":"愛知県","city":"豊橋市","town":"住吉町"}],"0891":[{"pref":"愛知県","city":"豊橋市","town":"関屋町"}],"0884":[{"pref":"愛知県","city":"豊橋市","town":"大国町"}],"0844":[{"pref":"愛知県","city":"豊橋市","town":"高師町（奥山田）"},{"pref":"愛知県","city":"豊橋市","town":"高師町（清水）"},{"pref":"愛知県","city":"豊橋市","town":"高師町（水神）"},{"pref":"愛知県","city":"豊橋市","town":"高師町（丸田）"}],"0845":[{"pref":"愛知県","city":"豊橋市","town":"高師町（北原、その他）"},{"pref":"愛知県","city":"豊橋市","town":"高師町（その他）"}],"0004":[{"pref":"愛知県","city":"豊橋市","town":"忠興"}],"0021":[{"pref":"愛知県","city":"豊橋市","town":"多米町"}],"0027":[{"pref":"愛知県","city":"豊橋市","town":"多米中町"}],"0028":[{"pref":"愛知県","city":"豊橋市","town":"多米東町"}],"0026":[{"pref":"愛知県","city":"豊橋市","town":"多米西町"}],"0816":[{"pref":"愛知県","city":"豊橋市","town":"談合町"}],"0858":[{"pref":"愛知県","city":"豊橋市","town":"つつじが丘"}],"0822":[{"pref":"愛知県","city":"豊橋市","town":"伝馬町"}],"0857":[{"pref":"愛知県","city":"豊橋市","town":"堂浦町"}],"0036":[{"pref":"愛知県","city":"豊橋市","town":"東光町"}],"0068":[{"pref":"愛知県","city":"豊橋市","town":"東郷町"}],"0034":[{"pref":"愛知県","city":"豊橋市","town":"豊岡町"}],"0885":[{"pref":"愛知県","city":"豊橋市","town":"中柴町"}],"0815":[{"pref":"愛知県","city":"豊橋市","town":"中世古町"}],"0046":[{"pref":"愛知県","city":"豊橋市","town":"仲ノ町"}],"0875":[{"pref":"愛知県","city":"豊橋市","town":"中松山町"}],"0082":[{"pref":"愛知県","city":"豊橋市","town":"長瀬町"}],"0003":[{"pref":"愛知県","city":"豊橋市","town":"浪の上町"}],"0831":[{"pref":"愛知県","city":"豊橋市","town":"西岩田"}],"0013":[{"pref":"愛知県","city":"豊橋市","town":"西小鷹野"}],"0887":[{"pref":"愛知県","city":"豊橋市","town":"西小田原町"}],"0841":[{"pref":"愛知県","city":"豊橋市","town":"西口町"}],"0811":[{"pref":"愛知県","city":"豊橋市","town":"西新町"}],"0876":[{"pref":"愛知県","city":"豊橋市","town":"西松山町"}],"0065":[{"pref":"愛知県","city":"豊橋市","town":"仁連木町"}],"0806":[{"pref":"愛知県","city":"豊橋市","town":"八町通"}],"0895":[{"pref":"愛知県","city":"豊橋市","town":"花園町"}],"0075":[{"pref":"愛知県","city":"豊橋市","town":"花田町（石塚）"},{"pref":"愛知県","city":"豊橋市","town":"花田町官有地（無番地を除く）"},{"pref":"愛知県","city":"豊橋市","town":"花田町西宿（１１０－２、１１０－７、１１０－１０番地を除く）"},{"pref":"愛知県","city":"豊橋市","town":"花田町（無番地）"}],"0033":[{"pref":"愛知県","city":"豊橋市","town":"東岩田"}],"0012":[{"pref":"愛知県","city":"豊橋市","town":"東小鷹野"}],"0886":[{"pref":"愛知県","city":"豊橋市","town":"東小田原町"}],"0855":[{"pref":"愛知県","city":"豊橋市","town":"東小池町"}],"0812":[{"pref":"愛知県","city":"豊橋市","town":"東新町"}],"0874":[{"pref":"愛知県","city":"豊橋市","town":"東松山町"}],"0843":[{"pref":"愛知県","city":"豊橋市","town":"東幸町"}],"0038":[{"pref":"愛知県","city":"豊橋市","town":"平川本町"}],"0035":[{"pref":"愛知県","city":"豊橋市","town":"平川南町"}],"0037":[{"pref":"愛知県","city":"豊橋市","town":"平川町"}],"0881":[{"pref":"愛知県","city":"豊橋市","town":"広小路"}],"0893":[{"pref":"愛知県","city":"豊橋市","town":"札木町"}],"0813":[{"pref":"愛知県","city":"豊橋市","town":"舟原町"}],"0072":[{"pref":"愛知県","city":"豊橋市","town":"船町"}],"0814":[{"pref":"愛知県","city":"豊橋市","town":"前田町"}],"0872":[{"pref":"愛知県","city":"豊橋市","town":"前田中町"}],"0851":[{"pref":"愛知県","city":"豊橋市","town":"前田南町"}],"0055":[{"pref":"愛知県","city":"豊橋市","town":"前畑町"}],"0897":[{"pref":"愛知県","city":"豊橋市","town":"松葉町"}],"0069":[{"pref":"愛知県","city":"豊橋市","town":"御園町"}],"0005":[{"pref":"愛知県","city":"豊橋市","town":"緑ケ丘"}],"0073":[{"pref":"愛知県","city":"豊橋市","town":"湊町"}],"0056":[{"pref":"愛知県","city":"豊橋市","town":"南旭町"}],"0014":[{"pref":"愛知県","city":"豊橋市","town":"南牛川"}],"0823":[{"pref":"愛知県","city":"豊橋市","town":"南瓦町"}],"0077":[{"pref":"愛知県","city":"豊橋市","town":"南島町"}],"0877":[{"pref":"愛知県","city":"豊橋市","town":"南松山町"}],"0838":[{"pref":"愛知県","city":"豊橋市","town":"三ノ輪町"}],"0837":[{"pref":"愛知県","city":"豊橋市","town":"三ノ輪町本興寺"},{"pref":"愛知県","city":"豊橋市","town":"三ノ輪町三ノ輪"}],"0044":[{"pref":"愛知県","city":"豊橋市","town":"宮下町"}],"0862":[{"pref":"愛知県","city":"豊橋市","town":"向山大池町"}],"0865":[{"pref":"愛知県","city":"豊橋市","town":"向山台町"}],"0863":[{"pref":"愛知県","city":"豊橋市","town":"向山東町"}],"0861":[{"pref":"愛知県","city":"豊橋市","town":"向山西町"}],"0864":[{"pref":"愛知県","city":"豊橋市","town":"向山町"}],"0854":[{"pref":"愛知県","city":"豊橋市","town":"山田町（その他）"}],"0093":[{"pref":"愛知県","city":"豊橋市","town":"横須賀町"}]}