{"8001":[{"pref":"愛知県","city":"江南市","town":"中般若町東"}],"8002":[{"pref":"愛知県","city":"江南市","town":"中般若町西"}],"8003":[{"pref":"愛知県","city":"江南市","town":"草井町大野"},{"pref":"愛知県","city":"江南市","town":"中般若町（川端、北浦）"}],"8004":[{"pref":"愛知県","city":"江南市","town":"草井町宮東"}],"8005":[{"pref":"愛知県","city":"江南市","town":"草井町宮西"}],"8006":[{"pref":"愛知県","city":"江南市","town":"草井町中"}],"8007":[{"pref":"愛知県","city":"江南市","town":"草井町西"}],"8008":[{"pref":"愛知県","city":"江南市","town":"鹿子島町"}],"8011":[{"pref":"愛知県","city":"江南市","town":"般若町宮山"}],"8012":[{"pref":"愛知県","city":"江南市","town":"般若町東山"}],"8013":[{"pref":"愛知県","city":"江南市","town":"般若町南山"}],"8014":[{"pref":"愛知県","city":"江南市","town":"和田町川東"}],"8015":[{"pref":"愛知県","city":"江南市","town":"和田町中島"}],"8016":[{"pref":"愛知県","city":"江南市","town":"和田町西島"}],"8017":[{"pref":"愛知県","city":"江南市","town":"般若町前山"}],"8018":[{"pref":"愛知県","city":"江南市","town":"般若町中山"}],"8021":[{"pref":"愛知県","city":"江南市","town":"和田町小島"}],"8022":[{"pref":"愛知県","city":"江南市","town":"和田町旭"}],"8023":[{"pref":"愛知県","city":"江南市","town":"和田町二タ子"}],"8024":[{"pref":"愛知県","city":"江南市","town":"和田町天神"}],"8025":[{"pref":"愛知県","city":"江南市","town":"和田町宮"}],"8026":[{"pref":"愛知県","city":"江南市","town":"和田町中畑"}],"8027":[{"pref":"愛知県","city":"江南市","town":"和田町本郷"}],"8028":[{"pref":"愛知県","city":"江南市","town":"和田町中"}],"8029":[{"pref":"愛知県","city":"江南市","town":"和田町栄"}],"8031":[{"pref":"愛知県","city":"江南市","town":"山尻町朝日"}],"8032":[{"pref":"愛知県","city":"江南市","town":"山尻町大桑"}],"8033":[{"pref":"愛知県","city":"江南市","town":"山尻町川端"}],"8034":[{"pref":"愛知県","city":"江南市","town":"江森町西"}],"8035":[{"pref":"愛知県","city":"江南市","town":"高屋町大門"}],"8036":[{"pref":"愛知県","city":"江南市","town":"山尻町本丸西"}],"8037":[{"pref":"愛知県","city":"江南市","town":"勝佐町"}],"8038":[{"pref":"愛知県","city":"江南市","town":"山尻町本丸"}],"8041":[{"pref":"愛知県","city":"江南市","town":"江森町上"}],"8042":[{"pref":"愛知県","city":"江南市","town":"江森町東"}],"8043":[{"pref":"愛知県","city":"江南市","town":"江森町南"}],"8044":[{"pref":"愛知県","city":"江南市","town":"宮後町"}],"8045":[{"pref":"愛知県","city":"江南市","town":"高屋町遠場"}],"8046":[{"pref":"愛知県","city":"江南市","town":"高屋町花戸"}],"8047":[{"pref":"愛知県","city":"江南市","town":"高屋町大師"}],"8048":[{"pref":"愛知県","city":"江南市","town":"江森町中"}],"8051":[{"pref":"愛知県","city":"江南市","town":"前野町新田北"}],"8052":[{"pref":"愛知県","city":"江南市","town":"前野町東"}],"8053":[{"pref":"愛知県","city":"江南市","town":"前野町高島"}],"8054":[{"pref":"愛知県","city":"江南市","town":"前野町南"}],"8055":[{"pref":"愛知県","city":"江南市","town":"山王町"}],"8056":[{"pref":"愛知県","city":"江南市","town":"宮後町清水"}],"8057":[{"pref":"愛知県","city":"江南市","town":"前野町新田"}],"8058":[{"pref":"愛知県","city":"江南市","town":"前野町西"}],"8061":[{"pref":"愛知県","city":"江南市","town":"高屋町清水"}],"8062":[{"pref":"愛知県","city":"江南市","town":"高屋町神戸"}],"8063":[{"pref":"愛知県","city":"江南市","town":"高屋町八幡"}],"8064":[{"pref":"愛知県","city":"江南市","town":"高屋町十六田"}],"8065":[{"pref":"愛知県","city":"江南市","town":"高屋町旭"}],"8066":[{"pref":"愛知県","city":"江南市","town":"高屋町西町"}],"8067":[{"pref":"愛知県","city":"江南市","town":"飛高町中町"}],"8068":[{"pref":"愛知県","city":"江南市","town":"飛高町本町"}],"8069":[{"pref":"愛知県","city":"江南市","town":"飛高町宮町"}],"8071":[{"pref":"愛知県","city":"江南市","town":"草井町中野"}],"8072":[{"pref":"愛知県","city":"江南市","town":"草井町若草"}],"8074":[{"pref":"愛知県","city":"江南市","town":"村久野町平松"}],"8075":[{"pref":"愛知県","city":"江南市","town":"村久野町平河"}],"8076":[{"pref":"愛知県","city":"江南市","town":"村久野町上原"}],"8077":[{"pref":"愛知県","city":"江南市","town":"草井町（南、榊戸、千代見）"}],"8081":[{"pref":"愛知県","city":"江南市","town":"高屋町上本郷"}],"8082":[{"pref":"愛知県","city":"江南市","town":"高屋町本郷"}],"8083":[{"pref":"愛知県","city":"江南市","town":"高屋町中屋舗"}],"8084":[{"pref":"愛知県","city":"江南市","town":"高屋町御日塚"}],"8085":[{"pref":"愛知県","city":"江南市","town":"高屋町西里"}],"8086":[{"pref":"愛知県","city":"江南市","town":"高屋町大松原"}],"8087":[{"pref":"愛知県","city":"江南市","town":"高屋町北上"}],"8088":[{"pref":"愛知県","city":"江南市","town":"高屋町後山"}],"8101":[{"pref":"愛知県","city":"江南市","town":"力長町観音寺"}],"8102":[{"pref":"愛知県","city":"江南市","town":"力長町若宮"}],"8103":[{"pref":"愛知県","city":"江南市","town":"力長町宮前"}],"8104":[{"pref":"愛知県","city":"江南市","town":"力長町大当寺"}],"8105":[{"pref":"愛知県","city":"江南市","town":"力長町社宮司"}],"8106":[{"pref":"愛知県","city":"江南市","town":"石枕町神明"}],"8107":[{"pref":"愛知県","city":"江南市","town":"石枕町白山"}],"8108":[{"pref":"愛知県","city":"江南市","town":"力長町神明"}],"8109":[{"pref":"愛知県","city":"江南市","town":"力長町神出"}],"8111":[{"pref":"愛知県","city":"江南市","town":"安良町地蔵"}],"8112":[{"pref":"愛知県","city":"江南市","town":"安良町池尻"}],"8113":[{"pref":"愛知県","city":"江南市","town":"天王町五反林"}],"8114":[{"pref":"愛知県","city":"江南市","town":"天王町駒野"}],"8115":[{"pref":"愛知県","city":"江南市","town":"安良町宮前"}],"8116":[{"pref":"愛知県","city":"江南市","town":"安良町八王子"}],"8117":[{"pref":"愛知県","city":"江南市","town":"安良町上郷"}],"8118":[{"pref":"愛知県","city":"江南市","town":"安良町郷中"}],"8121":[{"pref":"愛知県","city":"江南市","town":"曽本町二子"}],"8122":[{"pref":"愛知県","city":"江南市","town":"曽本町二子前"}],"8123":[{"pref":"愛知県","city":"江南市","town":"曽本町幼川添"}],"8124":[{"pref":"愛知県","city":"江南市","town":"小折本町白山"}],"8125":[{"pref":"愛知県","city":"江南市","town":"小折東町旭"}],"8126":[{"pref":"愛知県","city":"江南市","town":"小折本町栄"}],"8127":[{"pref":"愛知県","city":"江南市","town":"小折本町小松原"}],"8128":[{"pref":"愛知県","city":"江南市","town":"小折本町柳橋"}],"8131":[{"pref":"愛知県","city":"江南市","town":"小折町（八反畑）"}],"8132":[{"pref":"愛知県","city":"江南市","town":"田代町南出"}],"8133":[{"pref":"愛知県","city":"江南市","town":"田代町西ノ丸"}],"8134":[{"pref":"愛知県","city":"江南市","town":"小折町（八竜西）"}],"8135":[{"pref":"愛知県","city":"江南市","town":"小郷町粟田木"}],"8136":[{"pref":"愛知県","city":"江南市","town":"小折町（桜雲）"}],"8137":[{"pref":"愛知県","city":"江南市","town":"小折町（八竜）"}],"8138":[{"pref":"愛知県","city":"江南市","town":"田代町郷中"}],"8141":[{"pref":"愛知県","city":"江南市","town":"布袋町西布"}],"8142":[{"pref":"愛知県","city":"江南市","town":"布袋下山町東"}],"8143":[{"pref":"愛知県","city":"江南市","town":"小郷町伍大力"}],"8144":[{"pref":"愛知県","city":"江南市","town":"小郷町楽ノ山"}],"8145":[{"pref":"愛知県","city":"江南市","town":"小郷町西ノ山"}],"8146":[{"pref":"愛知県","city":"江南市","town":"布袋下山町西"}],"8147":[{"pref":"愛知県","city":"江南市","town":"布袋下山町北"}],"8148":[{"pref":"愛知県","city":"江南市","town":"布袋下山町南"}],"8149":[{"pref":"愛知県","city":"江南市","town":"小郷町手保ノ木"}],"8151":[{"pref":"愛知県","city":"江南市","town":"寄木町白山"}],"8152":[{"pref":"愛知県","city":"江南市","town":"寄木町稲木"}],"8153":[{"pref":"愛知県","city":"江南市","town":"北山町東"}],"8154":[{"pref":"愛知県","city":"江南市","town":"南山町東"}],"8155":[{"pref":"愛知県","city":"江南市","town":"南山町中"}],"8156":[{"pref":"愛知県","city":"江南市","town":"南山町西"}],"8157":[{"pref":"愛知県","city":"江南市","town":"北山町西"}],"8158":[{"pref":"愛知県","city":"江南市","town":"布袋町東"}],"8159":[{"pref":"愛知県","city":"江南市","town":"寄木町秋葉"}],"8161":[{"pref":"愛知県","city":"江南市","town":"尾崎町上田"}],"8162":[{"pref":"愛知県","city":"江南市","town":"尾崎町河原"}],"8163":[{"pref":"愛知県","city":"江南市","town":"木賀東町新宮"}],"8164":[{"pref":"愛知県","city":"江南市","town":"木賀東町新塚"}],"8165":[{"pref":"愛知県","city":"江南市","town":"赤童子町福住"}],"8166":[{"pref":"愛知県","city":"江南市","town":"赤童子町南山"}],"8167":[{"pref":"愛知県","city":"江南市","town":"赤童子町南野"}],"8168":[{"pref":"愛知県","city":"江南市","town":"尾崎町屋敷"}],"8171":[{"pref":"愛知県","city":"江南市","town":"尾崎町若竹"}],"8172":[{"pref":"愛知県","city":"江南市","town":"尾崎町白山"}],"8173":[{"pref":"愛知県","city":"江南市","town":"尾崎町桐野"}],"8174":[{"pref":"愛知県","city":"江南市","town":"北野町小松"}],"8175":[{"pref":"愛知県","city":"江南市","town":"北野町天神"}],"8176":[{"pref":"愛知県","city":"江南市","town":"北野町（旭、郷浦）"}],"8177":[{"pref":"愛知県","city":"江南市","town":"北野町川石"}],"8181":[{"pref":"愛知県","city":"江南市","town":"今市場町秋津"}],"8182":[{"pref":"愛知県","city":"江南市","town":"今市場町宮前"}],"8183":[{"pref":"愛知県","city":"江南市","town":"今市場町高根"}],"8184":[{"pref":"愛知県","city":"江南市","town":"寄木町天道"}],"8185":[{"pref":"愛知県","city":"江南市","town":"大海道町神明"}],"8186":[{"pref":"愛知県","city":"江南市","town":"大海道町中里"}],"8187":[{"pref":"愛知県","city":"江南市","town":"大海道町青木"}],"8188":[{"pref":"愛知県","city":"江南市","town":"今市場町美和"}],"8201":[{"pref":"愛知県","city":"江南市","town":"野白町葭場"}],"8202":[{"pref":"愛知県","city":"江南市","town":"野白町野白"}],"8203":[{"pref":"愛知県","city":"江南市","town":"野白町西千丸"}],"8204":[{"pref":"愛知県","city":"江南市","town":"野白町東千丸"}],"8205":[{"pref":"愛知県","city":"江南市","town":"古知野町小金"}],"8206":[{"pref":"愛知県","city":"江南市","town":"古知野町千丸"}],"8207":[{"pref":"愛知県","city":"江南市","town":"古知野町熱田"}],"8208":[{"pref":"愛知県","city":"江南市","town":"古知野町花霞"}],"8211":[{"pref":"愛知県","city":"江南市","town":"古知野町杉山"}],"8212":[{"pref":"愛知県","city":"江南市","town":"古知野町瑞穂"}],"8213":[{"pref":"愛知県","city":"江南市","town":"古知野町朝日"}],"8214":[{"pref":"愛知県","city":"江南市","town":"古知野町日の出"}],"8215":[{"pref":"愛知県","city":"江南市","town":"古知野町大塔"}],"8216":[{"pref":"愛知県","city":"江南市","town":"古知野町塔塚"}],"8217":[{"pref":"愛知県","city":"江南市","town":"古知野町古渡"}],"8221":[{"pref":"愛知県","city":"江南市","town":"赤童子町大堀"}],"8222":[{"pref":"愛知県","city":"江南市","town":"赤童子町藤宮"}],"8223":[{"pref":"愛知県","city":"江南市","town":"赤童子町御宿"}],"8224":[{"pref":"愛知県","city":"江南市","town":"赤童子町白山"}],"8225":[{"pref":"愛知県","city":"江南市","town":"赤童子町栄"}],"8226":[{"pref":"愛知県","city":"江南市","town":"赤童子町大間"}],"8227":[{"pref":"愛知県","city":"江南市","town":"赤童子町良原"}],"8228":[{"pref":"愛知県","city":"江南市","town":"赤童子町桜道"}],"8231":[{"pref":"愛知県","city":"江南市","town":"木賀本郷町東"}],"8232":[{"pref":"愛知県","city":"江南市","town":"木賀本郷町緑"}],"8233":[{"pref":"愛知県","city":"江南市","town":"木賀町大門"}],"8234":[{"pref":"愛知県","city":"江南市","town":"布袋町北"}],"8235":[{"pref":"愛知県","city":"江南市","town":"布袋町中"}],"8236":[{"pref":"愛知県","city":"江南市","town":"布袋町南"}],"8237":[{"pref":"愛知県","city":"江南市","town":"布袋町西"}],"8238":[{"pref":"愛知県","city":"江南市","town":"木賀本郷町南"}],"8239":[{"pref":"愛知県","city":"江南市","town":"木賀本郷町西"}],"8241":[{"pref":"愛知県","city":"江南市","town":"五明町青木"}],"8242":[{"pref":"愛知県","city":"江南市","town":"五明町根場"}],"8243":[{"pref":"愛知県","city":"江南市","town":"五明町石橋"}],"8244":[{"pref":"愛知県","city":"江南市","town":"五明町高砂"}],"8245":[{"pref":"愛知県","city":"江南市","town":"五明町大膳"}],"8246":[{"pref":"愛知県","city":"江南市","town":"五明町福森"}],"8247":[{"pref":"愛知県","city":"江南市","town":"五明町太子堂"}],"8248":[{"pref":"愛知県","city":"江南市","town":"五明町天王"}],"8249":[{"pref":"愛知県","city":"江南市","town":"五明町当光地"}],"8251":[{"pref":"愛知県","city":"江南市","town":"大間町新町"}],"8252":[{"pref":"愛知県","city":"江南市","town":"大間町南大間"}],"8253":[{"pref":"愛知県","city":"江南市","town":"木賀町杉"}],"8254":[{"pref":"愛知県","city":"江南市","town":"木賀町新開"}],"8255":[{"pref":"愛知県","city":"江南市","town":"木賀町定和"}],"8256":[{"pref":"愛知県","city":"江南市","town":"中奈良町"}],"8257":[{"pref":"愛知県","city":"江南市","town":"上奈良町（神明、豊里）"}],"8258":[{"pref":"愛知県","city":"江南市","town":"上奈良町（瑞穂、観音寺、久保、郷）"}],"8259":[{"pref":"愛知県","city":"江南市","town":"上奈良町（栄、旭、錦、天王、緑）"}],"8262":[{"pref":"愛知県","city":"江南市","town":"島宮町吉原"}],"8263":[{"pref":"愛知県","city":"江南市","town":"島宮町桐野"}],"8264":[{"pref":"愛知県","city":"江南市","town":"島宮町城"}],"8265":[{"pref":"愛知県","city":"江南市","town":"島宮町四日市場"}],"8266":[{"pref":"愛知県","city":"江南市","town":"島宮町西之宮"}],"8267":[{"pref":"愛知県","city":"江南市","town":"島宮町郷内"}],"8268":[{"pref":"愛知県","city":"江南市","town":"島宮町水堀"}],"8269":[{"pref":"愛知県","city":"江南市","town":"島宮町巡見"}],"8271":[{"pref":"愛知県","city":"江南市","town":"古知野町桃源"}],"8272":[{"pref":"愛知県","city":"江南市","town":"古知野町北屋敷"}],"8273":[{"pref":"愛知県","city":"江南市","town":"古知野町本郷"}],"8274":[{"pref":"愛知県","city":"江南市","town":"古知野町広見"}],"8275":[{"pref":"愛知県","city":"江南市","town":"古知野町久保見"}],"8276":[{"pref":"愛知県","city":"江南市","town":"古知野町宮前"}],"8277":[{"pref":"愛知県","city":"江南市","town":"古知野町福寿"}],"8278":[{"pref":"愛知県","city":"江南市","town":"古知野町牧森"}],"8279":[{"pref":"愛知県","city":"江南市","town":"古知野町宮裏"}],"8301":[{"pref":"愛知県","city":"江南市","town":"宮田神明町緑"}],"8302":[{"pref":"愛知県","city":"江南市","town":"宮田神明町天王"}],"8303":[{"pref":"愛知県","city":"江南市","town":"宮田神明町旭"}],"8304":[{"pref":"愛知県","city":"江南市","town":"宮田神明町栄"}],"8305":[{"pref":"愛知県","city":"江南市","town":"宮田町生原"}],"8306":[{"pref":"愛知県","city":"江南市","town":"宮田町中島"}],"8307":[{"pref":"愛知県","city":"江南市","town":"宮田町新田"}],"8308":[{"pref":"愛知県","city":"江南市","town":"宮田神明町春日"}],"8311":[{"pref":"愛知県","city":"江南市","town":"村久野町九郷"}],"8312":[{"pref":"愛知県","city":"江南市","town":"村久野町金森"}],"8313":[{"pref":"愛知県","city":"江南市","town":"村久野町中郷"}],"8314":[{"pref":"愛知県","city":"江南市","town":"村久野町寺町"}],"8315":[{"pref":"愛知県","city":"江南市","town":"村久野町大門"}],"8316":[{"pref":"愛知県","city":"江南市","town":"村久野町河戸"}],"8317":[{"pref":"愛知県","city":"江南市","town":"村久野町藤里"}],"8318":[{"pref":"愛知県","city":"江南市","town":"村久野町宮出"}],"8319":[{"pref":"愛知県","city":"江南市","town":"村久野町寺東"}],"8321":[{"pref":"愛知県","city":"江南市","town":"村久野町瀬頭"}],"8322":[{"pref":"愛知県","city":"江南市","town":"村久野町鳥附"}],"8323":[{"pref":"愛知県","city":"江南市","town":"村久野町門弟山"}],"8324":[{"pref":"愛知県","city":"江南市","town":"村久野町南大門"}],"8325":[{"pref":"愛知県","city":"江南市","town":"村久野町冨士塚"}],"8326":[{"pref":"愛知県","city":"江南市","town":"村久野町仲原"}],"8327":[{"pref":"愛知県","city":"江南市","town":"村久野町平野"}],"8328":[{"pref":"愛知県","city":"江南市","town":"村久野町鈴道"}],"8331":[{"pref":"愛知県","city":"江南市","town":"古知野町高瀬"}],"8332":[{"pref":"愛知県","city":"江南市","town":"飛高町門野"}],"8333":[{"pref":"愛知県","city":"江南市","town":"飛高町泉"}],"8334":[{"pref":"愛知県","city":"江南市","town":"前飛保町緑ケ丘"}],"8335":[{"pref":"愛知県","city":"江南市","town":"前飛保町寺前"}],"8336":[{"pref":"愛知県","city":"江南市","town":"前飛保町寺町"}],"8337":[{"pref":"愛知県","city":"江南市","town":"藤ケ丘"}],"8338":[{"pref":"愛知県","city":"江南市","town":"前飛保町藤町"}],"8339":[{"pref":"愛知県","city":"江南市","town":"飛高町（夫見添、栄）"}],"8341":[{"pref":"愛知県","city":"江南市","town":"前飛保町栄"}],"8342":[{"pref":"愛知県","city":"江南市","town":"松竹町上野"}],"8343":[{"pref":"愛知県","city":"江南市","town":"松竹町米野"}],"8344":[{"pref":"愛知県","city":"江南市","town":"後飛保町東高瀬"}],"8345":[{"pref":"愛知県","city":"江南市","town":"後飛保町高瀬"}],"8346":[{"pref":"愛知県","city":"江南市","town":"後飛保町平野"}],"8347":[{"pref":"愛知県","city":"江南市","town":"後飛保町神明野"}],"8348":[{"pref":"愛知県","city":"江南市","town":"前飛保町河原"}],"8349":[{"pref":"愛知県","city":"江南市","town":"前飛保町西町"}],"8351":[{"pref":"愛知県","city":"江南市","town":"松竹町切野"}],"8352":[{"pref":"愛知県","city":"江南市","town":"松竹町高山"}],"8353":[{"pref":"愛知県","city":"江南市","town":"松竹町元屋敷"}],"8354":[{"pref":"愛知県","city":"江南市","town":"松竹町八幡"}],"8355":[{"pref":"愛知県","city":"江南市","town":"松竹町西瀬古"}],"8356":[{"pref":"愛知県","city":"江南市","town":"松竹町西松竹"}],"8357":[{"pref":"愛知県","city":"江南市","town":"松竹町向島"}],"8358":[{"pref":"愛知県","city":"江南市","town":"松竹町郷浦"}],"8359":[{"pref":"愛知県","city":"江南市","town":"松竹町東瀬古"}],"8361":[{"pref":"愛知県","city":"江南市","town":"宮田町平和"}],"8362":[{"pref":"愛知県","city":"江南市","town":"河野町小脇"}],"8363":[{"pref":"愛知県","city":"江南市","town":"河野町五十間"}],"8364":[{"pref":"愛知県","city":"江南市","town":"河野町川西"}],"8365":[{"pref":"愛知県","city":"江南市","town":"河野町一色"}],"8366":[{"pref":"愛知県","city":"江南市","town":"河野町管竹"}],"8367":[{"pref":"愛知県","city":"江南市","town":"宮田町南野"}],"8368":[{"pref":"愛知県","city":"江南市","town":"宮田町南野東"}],"8369":[{"pref":"愛知県","city":"江南市","town":"河野町河野"}],"8371":[{"pref":"愛知県","city":"江南市","town":"宮田町河沼"}],"8372":[{"pref":"愛知県","city":"江南市","town":"宮田町宮東"}],"8373":[{"pref":"愛知県","city":"江南市","town":"宮田町菖蒲池"}],"8374":[{"pref":"愛知県","city":"江南市","town":"宮田町久保見"}],"8375":[{"pref":"愛知県","city":"江南市","town":"宮田町泉"}],"8376":[{"pref":"愛知県","city":"江南市","town":"宮田町藤ノ森"}],"8377":[{"pref":"愛知県","city":"江南市","town":"宮田町本田島"}],"8378":[{"pref":"愛知県","city":"江南市","town":"宮田町四ツ谷"}],"8379":[{"pref":"愛知県","city":"江南市","town":"宮田町本郷"}],"8381":[{"pref":"愛知県","city":"江南市","town":"後飛保町出島"}],"8382":[{"pref":"愛知県","city":"江南市","town":"後飛保町薬師"}],"8383":[{"pref":"愛知県","city":"江南市","town":"後飛保町前川"}],"8384":[{"pref":"愛知県","city":"江南市","town":"後飛保町宮前"}],"8385":[{"pref":"愛知県","city":"江南市","town":"後飛保町中町"}],"8386":[{"pref":"愛知県","city":"江南市","town":"後飛保町西町"}],"8387":[{"pref":"愛知県","city":"江南市","town":"後飛保町新開"}],"8388":[{"pref":"愛知県","city":"江南市","town":"後飛保町本郷"}],"8389":[{"pref":"愛知県","city":"江南市","town":"後飛保町両家"}],"8401":[{"pref":"愛知県","city":"江南市","town":"慈光堂町北"}],"8402":[{"pref":"愛知県","city":"江南市","town":"慈光堂町南"}],"8403":[{"pref":"愛知県","city":"江南市","town":"小杁町千代見"}],"8404":[{"pref":"愛知県","city":"江南市","town":"小杁町林"}],"8405":[{"pref":"愛知県","city":"江南市","town":"小杁町鴨ケ池"}],"8406":[{"pref":"愛知県","city":"江南市","town":"小脇町小脇"}],"8407":[{"pref":"愛知県","city":"江南市","town":"小杁町明土"}],"8408":[{"pref":"愛知県","city":"江南市","town":"小杁町長者毛東"}],"8409":[{"pref":"愛知県","city":"江南市","town":"小杁町長者毛西"}],"8411":[{"pref":"愛知県","city":"江南市","town":"小杁町八幡"}],"8412":[{"pref":"愛知県","city":"江南市","town":"小杁町寺ノ内"}],"8413":[{"pref":"愛知県","city":"江南市","town":"小杁町本郷"}],"8414":[{"pref":"愛知県","city":"江南市","town":"小杁町一色"}],"8415":[{"pref":"愛知県","city":"江南市","town":"東野町鐘鋳山"}],"8416":[{"pref":"愛知県","city":"江南市","town":"東野町長幡寺"}],"8417":[{"pref":"愛知県","city":"江南市","town":"東野町烏森"}],"8418":[{"pref":"愛知県","city":"江南市","town":"東野町米野"}],"8419":[{"pref":"愛知県","city":"江南市","town":"東野町七社宮"}],"8421":[{"pref":"愛知県","city":"江南市","town":"東野町郷前"}],"8422":[{"pref":"愛知県","city":"江南市","town":"東野町神上"}],"8423":[{"pref":"愛知県","city":"江南市","town":"東野町郷前西"}],"8424":[{"pref":"愛知県","city":"江南市","town":"東野町西出"}],"8425":[{"pref":"愛知県","city":"江南市","town":"東野町河戸"}],"8426":[{"pref":"愛知県","city":"江南市","town":"東野町河原"}],"8427":[{"pref":"愛知県","city":"江南市","town":"東野町新田"}],"8428":[{"pref":"愛知県","city":"江南市","town":"東野町新田東"}],"8429":[{"pref":"愛知県","city":"江南市","town":"東野町西神田"}],"8431":[{"pref":"愛知県","city":"江南市","town":"東野町神田"}],"8432":[{"pref":"愛知県","city":"江南市","town":"東野町東神田"}],"8433":[{"pref":"愛知県","city":"江南市","town":"東野町岩見"}],"0000":[{"pref":"愛知県","city":"江南市","town":"以下に掲載がない場合"}]}