{"0000":[{"pref":"東京都","city":"狛江市","town":"以下に掲載がない場合"}],"0003":[{"pref":"東京都","city":"狛江市","town":"和泉本町"}],"0015":[{"pref":"東京都","city":"狛江市","town":"猪方"}],"0005":[{"pref":"東京都","city":"狛江市","town":"岩戸南"}],"0004":[{"pref":"東京都","city":"狛江市","town":"岩戸北"}],"0016":[{"pref":"東京都","city":"狛江市","town":"駒井町"}],"0012":[{"pref":"東京都","city":"狛江市","town":"中和泉"}],"0011":[{"pref":"東京都","city":"狛江市","town":"西和泉"}],"0001":[{"pref":"東京都","city":"狛江市","town":"西野川"}],"0014":[{"pref":"東京都","city":"狛江市","town":"東和泉"}],"0002":[{"pref":"東京都","city":"狛江市","town":"東野川"}],"0013":[{"pref":"東京都","city":"狛江市","town":"元和泉"}]}