{"0081":[{"pref":"三重県","city":"伊勢市","town":"朝熊町（池の浦、箕曲瀬）"}],"0000":[{"pref":"三重県","city":"鳥羽市","town":"以下に掲載がない場合"}],"0033":[{"pref":"三重県","city":"鳥羽市","town":"畔蛸町"}],"0021":[{"pref":"三重県","city":"鳥羽市","town":"安楽島町"}],"0012":[{"pref":"三重県","city":"鳥羽市","town":"池上町"}],"0026":[{"pref":"三重県","city":"鳥羽市","town":"石鏡町"}],"0041":[{"pref":"三重県","city":"鳥羽市","town":"岩倉町"}],"0025":[{"pref":"三重県","city":"鳥羽市","town":"浦村町"}],"0022":[{"pref":"三重県","city":"鳥羽市","town":"大明東町"}],"0023":[{"pref":"三重県","city":"鳥羽市","town":"大明西町"}],"0032":[{"pref":"三重県","city":"鳥羽市","town":"相差町"}],"0015":[{"pref":"三重県","city":"鳥羽市","town":"小浜町"}],"0014":[{"pref":"三重県","city":"鳥羽市","town":"堅神町"}],"0035":[{"pref":"三重県","city":"鳥羽市","town":"堅子町"}],"0001":[{"pref":"三重県","city":"鳥羽市","town":"神島町"}],"0031":[{"pref":"三重県","city":"鳥羽市","town":"国崎町"}],"0044":[{"pref":"三重県","city":"鳥羽市","town":"河内町"}],"0005":[{"pref":"三重県","city":"鳥羽市","town":"坂手町"}],"0046":[{"pref":"三重県","city":"鳥羽市","town":"幸丘"}],"0043":[{"pref":"三重県","city":"鳥羽市","town":"白木町"}],"0004":[{"pref":"三重県","city":"鳥羽市","town":"菅島町"}],"0034":[{"pref":"三重県","city":"鳥羽市","town":"千賀町"}],"0024":[{"pref":"三重県","city":"鳥羽市","town":"高丘町"}],"0002":[{"pref":"三重県","city":"鳥羽市","town":"答志町"}],"0011":[{"pref":"三重県","city":"鳥羽市","town":"鳥羽"}],"0045":[{"pref":"三重県","city":"鳥羽市","town":"船津町"}],"0042":[{"pref":"三重県","city":"鳥羽市","town":"松尾町"}],"0003":[{"pref":"三重県","city":"鳥羽市","town":"桃取町"}],"0013":[{"pref":"三重県","city":"鳥羽市","town":"屋内町"}],"0047":[{"pref":"三重県","city":"鳥羽市","town":"若杉町"}],"0500":[{"pref":"三重県","city":"志摩市","town":"以下に掲載がない場合"}],"0507":[{"pref":"三重県","city":"志摩市","town":"阿児町安乗"}],"0501":[{"pref":"三重県","city":"志摩市","town":"阿児町鵜方"}],"0506":[{"pref":"三重県","city":"志摩市","town":"阿児町国府"}],"0505":[{"pref":"三重県","city":"志摩市","town":"阿児町甲賀"}],"0504":[{"pref":"三重県","city":"志摩市","town":"阿児町志島"}],"0502":[{"pref":"三重県","city":"志摩市","town":"阿児町神明"}],"0503":[{"pref":"三重県","city":"志摩市","town":"阿児町立神"}],"0213":[{"pref":"三重県","city":"志摩市","town":"磯部町穴川"}],"0206":[{"pref":"三重県","city":"志摩市","town":"磯部町飯浜"}],"0209":[{"pref":"三重県","city":"志摩市","town":"磯部町恵利原"}],"0208":[{"pref":"三重県","city":"志摩市","town":"磯部町上之郷"}],"0202":[{"pref":"三重県","city":"志摩市","town":"磯部町沓掛"}],"0216":[{"pref":"三重県","city":"志摩市","town":"磯部町栗木広"}],"0201":[{"pref":"三重県","city":"志摩市","town":"磯部町五知"}],"0212":[{"pref":"三重県","city":"志摩市","town":"磯部町坂崎"}],"0211":[{"pref":"三重県","city":"志摩市","town":"磯部町三ケ所"}],"0207":[{"pref":"三重県","city":"志摩市","town":"磯部町下之郷"}],"0218":[{"pref":"三重県","city":"志摩市","town":"磯部町築地"}],"0214":[{"pref":"三重県","city":"志摩市","town":"磯部町迫間"}],"0215":[{"pref":"三重県","city":"志摩市","town":"磯部町檜山"}],"0204":[{"pref":"三重県","city":"志摩市","town":"磯部町的矢"}],"0203":[{"pref":"三重県","city":"志摩市","town":"磯部町山田"}],"0217":[{"pref":"三重県","city":"志摩市","town":"磯部町山原"}],"0205":[{"pref":"三重県","city":"志摩市","town":"磯部町渡鹿野"}],"0701":[{"pref":"三重県","city":"志摩市","town":"志摩町片田"}],"0705":[{"pref":"三重県","city":"志摩市","town":"志摩町御座"}],"0704":[{"pref":"三重県","city":"志摩市","town":"志摩町越賀"}],"0702":[{"pref":"三重県","city":"志摩市","town":"志摩町布施田"}],"0703":[{"pref":"三重県","city":"志摩市","town":"志摩町和具"}],"0601":[{"pref":"三重県","city":"志摩市","town":"大王町畔名"}],"0603":[{"pref":"三重県","city":"志摩市","town":"大王町波切"}],"0602":[{"pref":"三重県","city":"志摩市","town":"大王町名田"}],"0604":[{"pref":"三重県","city":"志摩市","town":"大王町船越"}],"0402":[{"pref":"三重県","city":"志摩市","town":"浜島町塩屋"}],"0405":[{"pref":"三重県","city":"志摩市","town":"浜島町南張"}],"0403":[{"pref":"三重県","city":"志摩市","town":"浜島町迫子"}],"0404":[{"pref":"三重県","city":"志摩市","town":"浜島町浜島"}],"0401":[{"pref":"三重県","city":"志摩市","town":"浜島町桧山路"}]}