{"8101":[{"pref":"大阪府","city":"堺市東区","town":"八下町"}],"8102":[{"pref":"大阪府","city":"堺市東区","town":"石原町"}],"8103":[{"pref":"大阪府","city":"堺市東区","town":"菩提町"}],"8104":[{"pref":"大阪府","city":"堺市東区","town":"引野町"}],"8107":[{"pref":"大阪府","city":"堺市東区","town":"白鷺町"}],"8111":[{"pref":"大阪府","city":"堺市東区","town":"日置荘北町"}],"8112":[{"pref":"大阪府","city":"堺市東区","town":"日置荘原寺町"}],"8113":[{"pref":"大阪府","city":"堺市東区","town":"日置荘田中町"}],"8114":[{"pref":"大阪府","city":"堺市東区","town":"日置荘西町"}],"8115":[{"pref":"大阪府","city":"堺市東区","town":"関茶屋"}],"8116":[{"pref":"大阪府","city":"堺市東区","town":"野尻町"}],"8121":[{"pref":"大阪府","city":"堺市東区","town":"高松"}],"8122":[{"pref":"大阪府","city":"堺市東区","town":"丈六"}],"8123":[{"pref":"大阪府","city":"堺市東区","town":"北野田"}],"8124":[{"pref":"大阪府","city":"堺市東区","town":"南野田"}],"8125":[{"pref":"大阪府","city":"堺市東区","town":"西野"}],"8126":[{"pref":"大阪府","city":"堺市東区","town":"大美野"}],"8127":[{"pref":"大阪府","city":"堺市東区","town":"草尾"}],"8128":[{"pref":"大阪府","city":"堺市東区","town":"中茶屋"}],"8231":[{"pref":"大阪府","city":"堺市中区","town":"学園町"}],"8232":[{"pref":"大阪府","city":"堺市中区","town":"新家町"}],"8233":[{"pref":"大阪府","city":"堺市中区","town":"大野芝町"}],"8234":[{"pref":"大阪府","city":"堺市中区","town":"土塔町"}],"8235":[{"pref":"大阪府","city":"堺市中区","town":"深井東町"}],"8236":[{"pref":"大阪府","city":"堺市中区","town":"深井沢町"}],"8237":[{"pref":"大阪府","city":"堺市中区","town":"深井水池町"}],"8238":[{"pref":"大阪府","city":"堺市中区","town":"土師町"}],"8241":[{"pref":"大阪府","city":"堺市中区","town":"福田"}],"8242":[{"pref":"大阪府","city":"堺市中区","town":"陶器北"}],"8243":[{"pref":"大阪府","city":"堺市中区","town":"見野山"}],"8244":[{"pref":"大阪府","city":"堺市中区","town":"上之"}],"8245":[{"pref":"大阪府","city":"堺市中区","town":"辻之"}],"8246":[{"pref":"大阪府","city":"堺市中区","town":"田園"}],"8247":[{"pref":"大阪府","city":"堺市中区","town":"東山"}],"8248":[{"pref":"大阪府","city":"堺市中区","town":"深井畑山町"}],"8251":[{"pref":"大阪府","city":"堺市中区","town":"平井"}],"8252":[{"pref":"大阪府","city":"堺市中区","town":"楢葉"}],"8253":[{"pref":"大阪府","city":"堺市中区","town":"深阪"}],"8254":[{"pref":"大阪府","city":"堺市中区","town":"伏尾"}],"8261":[{"pref":"大阪府","city":"堺市中区","town":"堀上町"}],"8262":[{"pref":"大阪府","city":"堺市中区","town":"八田北町"}],"8263":[{"pref":"大阪府","city":"堺市中区","town":"八田南之町"}],"8264":[{"pref":"大阪府","city":"堺市中区","town":"小阪西町"}],"8265":[{"pref":"大阪府","city":"堺市中区","town":"八田西町"}],"8266":[{"pref":"大阪府","city":"堺市中区","town":"毛穴町"}],"8267":[{"pref":"大阪府","city":"堺市中区","town":"八田寺町（その他）"}],"8271":[{"pref":"大阪府","city":"堺市中区","town":"深井北町"}],"8272":[{"pref":"大阪府","city":"堺市中区","town":"深井中町"}],"8273":[{"pref":"大阪府","city":"堺市中区","town":"深井清水町"}],"8274":[{"pref":"大阪府","city":"堺市中区","town":"宮園町"}],"8275":[{"pref":"大阪府","city":"堺市中区","town":"東八田"}],"8276":[{"pref":"大阪府","city":"堺市中区","town":"小阪"}],"0000":[{"pref":"大阪府","city":"堺市中区","town":"以下に掲載がない場合"},{"pref":"大阪府","city":"堺市東区","town":"以下に掲載がない場合"}],"0200":[{"pref":"大阪府","city":"阪南市","town":"以下に掲載がない場合"}],"0221":[{"pref":"大阪府","city":"阪南市","town":"石田"}],"0213":[{"pref":"大阪府","city":"阪南市","town":"和泉鳥取"}],"0201":[{"pref":"大阪府","city":"阪南市","town":"尾崎町"}],"0231":[{"pref":"大阪府","city":"阪南市","town":"貝掛"}],"0203":[{"pref":"大阪府","city":"阪南市","town":"黒田"}],"0222":[{"pref":"大阪府","city":"阪南市","town":"桑畑"}],"0223":[{"pref":"大阪府","city":"阪南市","town":"光陽台"}],"0215":[{"pref":"大阪府","city":"阪南市","town":"さつき台"}],"0212":[{"pref":"大阪府","city":"阪南市","town":"自然田"}],"0202":[{"pref":"大阪府","city":"阪南市","town":"下出"}],"0205":[{"pref":"大阪府","city":"阪南市","town":"新町"}],"0234":[{"pref":"大阪府","city":"阪南市","town":"淡輪"}],"0204":[{"pref":"大阪府","city":"阪南市","town":"鳥取"}],"0211":[{"pref":"大阪府","city":"阪南市","town":"鳥取中"}],"0225":[{"pref":"大阪府","city":"阪南市","town":"鳥取三井"}],"0232":[{"pref":"大阪府","city":"阪南市","town":"箱作"}],"0235":[{"pref":"大阪府","city":"阪南市","town":"箱の浦"}],"0224":[{"pref":"大阪府","city":"阪南市","town":"舞"}],"0216":[{"pref":"大阪府","city":"阪南市","town":"緑ケ丘"}],"0233":[{"pref":"大阪府","city":"阪南市","town":"南山中"}],"0236":[{"pref":"大阪府","city":"阪南市","town":"桃の木台"}],"0214":[{"pref":"大阪府","city":"阪南市","town":"山中渓"}],"0300":[{"pref":"大阪府","city":"泉南郡岬町","town":"以下に掲載がない場合"}],"0302":[{"pref":"大阪府","city":"泉南郡岬町","town":"孝子"}],"0314":[{"pref":"大阪府","city":"泉南郡岬町","town":"多奈川小島"}],"0311":[{"pref":"大阪府","city":"泉南郡岬町","town":"多奈川谷川"}],"0312":[{"pref":"大阪府","city":"泉南郡岬町","town":"多奈川東畑"}],"0313":[{"pref":"大阪府","city":"泉南郡岬町","town":"多奈川西畑"}],"0301":[{"pref":"大阪府","city":"泉南郡岬町","town":"淡輪"}],"0304":[{"pref":"大阪府","city":"泉南郡岬町","town":"望海坂"}],"0303":[{"pref":"大阪府","city":"泉南郡岬町","town":"深日"}]}