{"0000":[{"pref":"滋賀県","city":"近江八幡市","town":"以下に掲載がない場合"}],"0836":[{"pref":"滋賀県","city":"近江八幡市","town":"間之町"}],"0052":[{"pref":"滋賀県","city":"近江八幡市","town":"赤尾町"}],"0817":[{"pref":"滋賀県","city":"近江八幡市","town":"浅小井町"}],"0045":[{"pref":"滋賀県","city":"近江八幡市","town":"安養寺町"}],"0823":[{"pref":"滋賀県","city":"近江八幡市","town":"生須町"}],"0043":[{"pref":"滋賀県","city":"近江八幡市","town":"池田本町"}],"0877":[{"pref":"滋賀県","city":"近江八幡市","town":"池田町"}],"0866":[{"pref":"滋賀県","city":"近江八幡市","town":"為心町上"}],"0865":[{"pref":"滋賀県","city":"近江八幡市","town":"為心町中"}],"0864":[{"pref":"滋賀県","city":"近江八幡市","town":"為心町元"}],"0885":[{"pref":"滋賀県","city":"近江八幡市","town":"板屋町"}],"0851":[{"pref":"滋賀県","city":"近江八幡市","town":"市井町"}],"0015":[{"pref":"滋賀県","city":"近江八幡市","town":"上田町"}],"0046":[{"pref":"滋賀県","city":"近江八幡市","town":"上野町"}],"0026":[{"pref":"滋賀県","city":"近江八幡市","town":"上畑町"}],"0895":[{"pref":"滋賀県","city":"近江八幡市","town":"宇津呂町"}],"0869":[{"pref":"滋賀県","city":"近江八幡市","town":"魚屋町上"}],"0868":[{"pref":"滋賀県","city":"近江八幡市","town":"魚屋町中"}],"0867":[{"pref":"滋賀県","city":"近江八幡市","town":"魚屋町元"}],"0061":[{"pref":"滋賀県","city":"近江八幡市","town":"江頭町"}],"0832":[{"pref":"滋賀県","city":"近江八幡市","town":"江南町"}],"0837":[{"pref":"滋賀県","city":"近江八幡市","town":"大杉町"}],"0071":[{"pref":"滋賀県","city":"近江八幡市","town":"大房町"}],"0042":[{"pref":"滋賀県","city":"近江八幡市","town":"大森町"}],"0801":[{"pref":"滋賀県","city":"近江八幡市","town":"沖島町"}],"0811":[{"pref":"滋賀県","city":"近江八幡市","town":"長田町"}],"0064":[{"pref":"滋賀県","city":"近江八幡市","town":"小田町"}],"0856":[{"pref":"滋賀県","city":"近江八幡市","town":"音羽町"}],"0875":[{"pref":"滋賀県","city":"近江八幡市","town":"小幡町上"}],"0874":[{"pref":"滋賀県","city":"近江八幡市","town":"小幡町中"}],"0852":[{"pref":"滋賀県","city":"近江八幡市","town":"鍵之手町"}],"0833":[{"pref":"滋賀県","city":"近江八幡市","town":"鍛治屋町"}],"0058":[{"pref":"滋賀県","city":"近江八幡市","town":"加茂町"}],"0047":[{"pref":"滋賀県","city":"近江八幡市","town":"川原町"}],"0884":[{"pref":"滋賀県","city":"近江八幡市","town":"北末町"}],"0087":[{"pref":"滋賀県","city":"近江八幡市","town":"北津田町"}],"0806":[{"pref":"滋賀県","city":"近江八幡市","town":"北之庄町"}],"0883":[{"pref":"滋賀県","city":"近江八幡市","town":"北元町"}],"0023":[{"pref":"滋賀県","city":"近江八幡市","town":"倉橋部町"}],"0003":[{"pref":"滋賀県","city":"近江八幡市","town":"御所内町"}],"0083":[{"pref":"滋賀県","city":"近江八幡市","town":"小船木町"}],"0001":[{"pref":"滋賀県","city":"近江八幡市","town":"金剛寺町"}],"0881":[{"pref":"滋賀県","city":"近江八幡市","town":"佐久間町"}],"0893":[{"pref":"滋賀県","city":"近江八幡市","town":"桜宮町"}],"0076":[{"pref":"滋賀県","city":"近江八幡市","town":"佐波江町"}],"0843":[{"pref":"滋賀県","city":"近江八幡市","town":"慈恩寺町上"}],"0842":[{"pref":"滋賀県","city":"近江八幡市","town":"慈恩寺町中"}],"0841":[{"pref":"滋賀県","city":"近江八幡市","town":"慈恩寺町元"}],"0044":[{"pref":"滋賀県","city":"近江八幡市","town":"篠原町"}],"0804":[{"pref":"滋賀県","city":"近江八幡市","town":"島町"}],"0063":[{"pref":"滋賀県","city":"近江八幡市","town":"十王町"}],"0873":[{"pref":"滋賀県","city":"近江八幡市","town":"正神町"}],"0024":[{"pref":"滋賀県","city":"近江八幡市","town":"浄土寺町"}],"0803":[{"pref":"滋賀県","city":"近江八幡市","town":"白王町"}],"0032":[{"pref":"滋賀県","city":"近江八幡市","town":"白鳥町"}],"0825":[{"pref":"滋賀県","city":"近江八幡市","town":"新左衛門町"}],"0081":[{"pref":"滋賀県","city":"近江八幡市","town":"新栄町"}],"0025":[{"pref":"滋賀県","city":"近江八幡市","town":"新巻町"}],"0871":[{"pref":"滋賀県","city":"近江八幡市","town":"新町"}],"0074":[{"pref":"滋賀県","city":"近江八幡市","town":"水茎町"}],"0005":[{"pref":"滋賀県","city":"近江八幡市","town":"末広町"}],"0812":[{"pref":"滋賀県","city":"近江八幡市","town":"杉森町"}],"0863":[{"pref":"滋賀県","city":"近江八幡市","town":"仲屋町上"}],"0862":[{"pref":"滋賀県","city":"近江八幡市","town":"仲屋町中"}],"0861":[{"pref":"滋賀県","city":"近江八幡市","town":"仲屋町元"}],"0016":[{"pref":"滋賀県","city":"近江八幡市","town":"千僧供町"}],"0824":[{"pref":"滋賀県","city":"近江八幡市","town":"大工町"}],"0802":[{"pref":"滋賀県","city":"近江八幡市","town":"大中町"}],"0891":[{"pref":"滋賀県","city":"近江八幡市","town":"鷹飼町"}],"0896":[{"pref":"滋賀県","city":"近江八幡市","town":"鷹飼町北"}],"0897":[{"pref":"滋賀県","city":"近江八幡市","town":"鷹飼町東"}],"0898":[{"pref":"滋賀県","city":"近江八幡市","town":"鷹飼町南"}],"0821":[{"pref":"滋賀県","city":"近江八幡市","town":"多賀町"}],"0036":[{"pref":"滋賀県","city":"近江八幡市","town":"竹町"}],"0057":[{"pref":"滋賀県","city":"近江八幡市","town":"田中江町"}],"0872":[{"pref":"滋賀県","city":"近江八幡市","town":"玉木町"}],"0831":[{"pref":"滋賀県","city":"近江八幡市","town":"玉屋町"}],"0013":[{"pref":"滋賀県","city":"近江八幡市","town":"長光寺町"}],"0021":[{"pref":"滋賀県","city":"近江八幡市","town":"長福寺町"}],"0808":[{"pref":"滋賀県","city":"近江八幡市","town":"長命寺町"}],"0086":[{"pref":"滋賀県","city":"近江八幡市","town":"津田町"}],"0082":[{"pref":"滋賀県","city":"近江八幡市","town":"土田町"}],"0827":[{"pref":"滋賀県","city":"近江八幡市","town":"鉄炮町"}],"0892":[{"pref":"滋賀県","city":"近江八幡市","town":"出町"}],"0011":[{"pref":"滋賀県","city":"近江八幡市","town":"友定町"}],"0041":[{"pref":"滋賀県","city":"近江八幡市","town":"中小森町"}],"0807":[{"pref":"滋賀県","city":"近江八幡市","town":"中之庄町"}],"0849":[{"pref":"滋賀県","city":"近江八幡市","town":"永原町上"}],"0848":[{"pref":"滋賀県","city":"近江八幡市","town":"永原町中"}],"0847":[{"pref":"滋賀県","city":"近江八幡市","town":"永原町元"}],"0894":[{"pref":"滋賀県","city":"近江八幡市","town":"中村町"}],"0855":[{"pref":"滋賀県","city":"近江八幡市","town":"縄手町末"}],"0854":[{"pref":"滋賀県","city":"近江八幡市","town":"縄手町中"}],"0853":[{"pref":"滋賀県","city":"近江八幡市","town":"縄手町元"}],"0014":[{"pref":"滋賀県","city":"近江八幡市","town":"西宿町"}],"0886":[{"pref":"滋賀県","city":"近江八幡市","town":"西末町"}],"0835":[{"pref":"滋賀県","city":"近江八幡市","town":"西畳屋町"}],"0816":[{"pref":"滋賀県","city":"近江八幡市","town":"西庄町"}],"0813":[{"pref":"滋賀県","city":"近江八幡市","town":"西本郷町"}],"0819":[{"pref":"滋賀県","city":"近江八幡市","town":"西本郷町西"}],"0818":[{"pref":"滋賀県","city":"近江八幡市","town":"西本郷町東"}],"0887":[{"pref":"滋賀県","city":"近江八幡市","town":"西元町"}],"0004":[{"pref":"滋賀県","city":"近江八幡市","town":"西生来町"}],"0002":[{"pref":"滋賀県","city":"近江八幡市","town":"野田町"}],"0075":[{"pref":"滋賀県","city":"近江八幡市","town":"野村町"}],"0846":[{"pref":"滋賀県","city":"近江八幡市","town":"博労町上"}],"0845":[{"pref":"滋賀県","city":"近江八幡市","town":"博労町中"}],"0844":[{"pref":"滋賀県","city":"近江八幡市","town":"博労町元"}],"0857":[{"pref":"滋賀県","city":"近江八幡市","town":"八幡町"}],"0027":[{"pref":"滋賀県","city":"近江八幡市","town":"東川町"}],"0834":[{"pref":"滋賀県","city":"近江八幡市","town":"東畳屋町"}],"0037":[{"pref":"滋賀県","city":"近江八幡市","town":"東町"}],"0035":[{"pref":"滋賀県","city":"近江八幡市","town":"東横関町"}],"0889":[{"pref":"滋賀県","city":"近江八幡市","town":"日杉町"}],"0033":[{"pref":"滋賀県","city":"近江八幡市","town":"日吉野町"}],"0084":[{"pref":"滋賀県","city":"近江八幡市","town":"船木町"}],"0822":[{"pref":"滋賀県","city":"近江八幡市","town":"船町"}],"0056":[{"pref":"滋賀県","city":"近江八幡市","town":"古川町"}],"0031":[{"pref":"滋賀県","city":"近江八幡市","town":"堀上町"}],"0876":[{"pref":"滋賀県","city":"近江八幡市","town":"本町"}],"0072":[{"pref":"滋賀県","city":"近江八幡市","town":"牧町"}],"0888":[{"pref":"滋賀県","city":"近江八幡市","town":"孫平治町"}],"0053":[{"pref":"滋賀県","city":"近江八幡市","town":"益田町"}],"0022":[{"pref":"滋賀県","city":"近江八幡市","town":"馬淵町"}],"0062":[{"pref":"滋賀県","city":"近江八幡市","town":"丸の内町"}],"0805":[{"pref":"滋賀県","city":"近江八幡市","town":"円山町"}],"0048":[{"pref":"滋賀県","city":"近江八幡市","town":"緑町"}],"0085":[{"pref":"滋賀県","city":"近江八幡市","town":"南津田町"}],"0814":[{"pref":"滋賀県","city":"近江八幡市","town":"南本郷町"}],"0828":[{"pref":"滋賀県","city":"近江八幡市","town":"宮内町"}],"0012":[{"pref":"滋賀県","city":"近江八幡市","town":"武佐町"}],"0073":[{"pref":"滋賀県","city":"近江八幡市","town":"元水茎町"}],"0882":[{"pref":"滋賀県","city":"近江八幡市","town":"元玉屋町"}],"0054":[{"pref":"滋賀県","city":"近江八幡市","town":"森尻町"}],"0051":[{"pref":"滋賀県","city":"近江八幡市","town":"八木町"}],"0826":[{"pref":"滋賀県","city":"近江八幡市","town":"薬師町"}],"0055":[{"pref":"滋賀県","city":"近江八幡市","town":"柳町"}],"0815":[{"pref":"滋賀県","city":"近江八幡市","town":"若葉町"}],"0034":[{"pref":"滋賀県","city":"近江八幡市","town":"若宮町"}]}