{"0000":[{"pref":"埼玉県","city":"羽生市","town":"以下に掲載がない場合"}],"0061":[{"pref":"埼玉県","city":"羽生市","town":"稲子"}],"0017":[{"pref":"埼玉県","city":"羽生市","town":"今泉"}],"0016":[{"pref":"埼玉県","city":"羽生市","town":"大沼"}],"0062":[{"pref":"埼玉県","city":"羽生市","town":"尾崎"}],"0031":[{"pref":"埼玉県","city":"羽生市","town":"加羽ケ崎"}],"0044":[{"pref":"埼玉県","city":"羽生市","town":"上岩瀬"}],"0035":[{"pref":"埼玉県","city":"羽生市","town":"上川崎"}],"0056":[{"pref":"埼玉県","city":"羽生市","town":"上川俣"}],"0041":[{"pref":"埼玉県","city":"羽生市","town":"上新郷"}],"0025":[{"pref":"埼玉県","city":"羽生市","town":"上手子林"}],"0027":[{"pref":"埼玉県","city":"羽生市","town":"上羽生"}],"0005":[{"pref":"埼玉県","city":"羽生市","town":"上村君"}],"0039":[{"pref":"埼玉県","city":"羽生市","town":"川崎"}],"0014":[{"pref":"埼玉県","city":"羽生市","town":"喜右エ門新田"}],"0057":[{"pref":"埼玉県","city":"羽生市","town":"北"}],"0015":[{"pref":"埼玉県","city":"羽生市","town":"北荻島"}],"0028":[{"pref":"埼玉県","city":"羽生市","town":"北袋"}],"0043":[{"pref":"埼玉県","city":"羽生市","town":"桑崎"}],"0024":[{"pref":"埼玉県","city":"羽生市","town":"神戸"}],"0042":[{"pref":"埼玉県","city":"羽生市","town":"小須賀"}],"0037":[{"pref":"埼玉県","city":"羽生市","town":"小松"}],"0038":[{"pref":"埼玉県","city":"羽生市","town":"小松台"}],"0045":[{"pref":"埼玉県","city":"羽生市","town":"下岩瀬"}],"0034":[{"pref":"埼玉県","city":"羽生市","town":"下川崎"}],"0047":[{"pref":"埼玉県","city":"羽生市","town":"下新郷"}],"0048":[{"pref":"埼玉県","city":"羽生市","town":"下新田"}],"0022":[{"pref":"埼玉県","city":"羽生市","town":"下手子林"}],"0026":[{"pref":"埼玉県","city":"羽生市","town":"下羽生"}],"0006":[{"pref":"埼玉県","city":"羽生市","town":"下村君"}],"0033":[{"pref":"埼玉県","city":"羽生市","town":"須影"}],"0036":[{"pref":"埼玉県","city":"羽生市","town":"砂山"}],"0058":[{"pref":"埼玉県","city":"羽生市","town":"中央"}],"0001":[{"pref":"埼玉県","city":"羽生市","town":"堤"}],"0003":[{"pref":"埼玉県","city":"羽生市","town":"常木"}],"0046":[{"pref":"埼玉県","city":"羽生市","town":"中岩瀬"}],"0021":[{"pref":"埼玉県","city":"羽生市","town":"中手子林"}],"0054":[{"pref":"埼玉県","city":"羽生市","town":"西"}],"0055":[{"pref":"埼玉県","city":"羽生市","town":"羽生"}],"0052":[{"pref":"埼玉県","city":"羽生市","town":"東"}],"0032":[{"pref":"埼玉県","city":"羽生市","town":"秀安"}],"0013":[{"pref":"埼玉県","city":"羽生市","town":"日野手新田"}],"0064":[{"pref":"埼玉県","city":"羽生市","town":"藤井上組"}],"0065":[{"pref":"埼玉県","city":"羽生市","town":"藤井下組"}],"0063":[{"pref":"埼玉県","city":"羽生市","town":"発戸"}],"0051":[{"pref":"埼玉県","city":"羽生市","town":"本川俣"}],"0023":[{"pref":"埼玉県","city":"羽生市","town":"町屋"}],"0011":[{"pref":"埼玉県","city":"羽生市","town":"三田ケ谷"}],"0053":[{"pref":"埼玉県","city":"羽生市","town":"南"}],"0071":[{"pref":"埼玉県","city":"羽生市","town":"南羽生"}],"0002":[{"pref":"埼玉県","city":"羽生市","town":"名"}],"0004":[{"pref":"埼玉県","city":"羽生市","town":"弥勒"}],"0012":[{"pref":"埼玉県","city":"羽生市","town":"与兵エ新田"}]}