{"0000":[{"pref":"大阪府","city":"大阪市東成区","town":"以下に掲載がない場合"}],"0012":[{"pref":"大阪府","city":"大阪市東成区","town":"大今里"}],"0014":[{"pref":"大阪府","city":"大阪市東成区","town":"大今里西"}],"0013":[{"pref":"大阪府","city":"大阪市東成区","town":"大今里南"}],"0003":[{"pref":"大阪府","city":"大阪市東成区","town":"神路"}],"0023":[{"pref":"大阪府","city":"大阪市東成区","town":"玉津"}],"0025":[{"pref":"大阪府","city":"大阪市東成区","town":"中道"}],"0022":[{"pref":"大阪府","city":"大阪市東成区","town":"中本"}],"0011":[{"pref":"大阪府","city":"大阪市東成区","town":"東今里"}],"0024":[{"pref":"大阪府","city":"大阪市東成区","town":"東小橋"}],"0021":[{"pref":"大阪府","city":"大阪市東成区","town":"東中本"}],"0002":[{"pref":"大阪府","city":"大阪市東成区","town":"深江南"}],"0001":[{"pref":"大阪府","city":"大阪市東成区","town":"深江北"}]}