{"0000":[{"pref":"福島県","city":"二本松市","town":"以下に掲載がない場合"}],"0982":[{"pref":"福島県","city":"二本松市","town":"赤井沢"}],"0929":[{"pref":"福島県","city":"二本松市","town":"浅川"}],"0938":[{"pref":"福島県","city":"二本松市","town":"安達ケ原"}],"0802":[{"pref":"福島県","city":"二本松市","town":"鐙摺石"}],"0004":[{"pref":"福島県","city":"二本松市","town":"伊佐沼町"}],"0826":[{"pref":"福島県","city":"二本松市","town":"石ノ花"}],"0927":[{"pref":"福島県","city":"二本松市","town":"石畑"}],"0015":[{"pref":"福島県","city":"二本松市","town":"板目沢"}],"0914":[{"pref":"福島県","city":"二本松市","town":"市海道"}],"0024":[{"pref":"福島県","city":"二本松市","town":"井戸神"}],"0823":[{"pref":"福島県","city":"二本松市","town":"岩崎"}],"0932":[{"pref":"福島県","city":"二本松市","town":"丑子内"}],"0053":[{"pref":"福島県","city":"二本松市","town":"乳母沢"}],"0898":[{"pref":"福島県","city":"二本松市","town":"上原"}],"0997":[{"pref":"福島県","city":"二本松市","town":"江口"}],"0937":[{"pref":"福島県","city":"二本松市","town":"榎戸"}],"0057":[{"pref":"福島県","city":"二本松市","town":"大石ケ作"}],"0954":[{"pref":"福島県","city":"二本松市","town":"大稲場"}],"0963":[{"pref":"福島県","city":"二本松市","town":"大久保"}],"0048":[{"pref":"福島県","city":"二本松市","town":"大坂"}],"0849":[{"pref":"福島県","city":"二本松市","town":"大沢"}],"0077":[{"pref":"福島県","city":"二本松市","town":"大関"}],"0111":[{"pref":"福島県","city":"二本松市","town":"太田"}],"0949":[{"pref":"福島県","city":"二本松市","town":"大平中井"}],"0891":[{"pref":"福島県","city":"二本松市","town":"大壇"}],"0869":[{"pref":"福島県","city":"二本松市","town":"大平山"}],"0996":[{"pref":"福島県","city":"二本松市","town":"大町"}],"0016":[{"pref":"福島県","city":"二本松市","town":"大森沢"}],"0975":[{"pref":"福島県","city":"二本松市","town":"岡ノ内"}],"0955":[{"pref":"福島県","city":"二本松市","town":"沖"}],"0832":[{"pref":"福島県","city":"二本松市","town":"落合"}],"0313":[{"pref":"福島県","city":"二本松市","town":"小浜"}],"0901":[{"pref":"福島県","city":"二本松市","town":"表"}],"0904":[{"pref":"福島県","city":"二本松市","town":"郭内"}],"0842":[{"pref":"福島県","city":"二本松市","town":"隠里"}],"0863":[{"pref":"福島県","city":"二本松市","town":"片岸"}],"0915":[{"pref":"福島県","city":"二本松市","town":"金色"}],"0807":[{"pref":"福島県","city":"二本松市","town":"金色久保"}],"0987":[{"pref":"福島県","city":"二本松市","town":"冠木"}],"0321":[{"pref":"福島県","city":"二本松市","town":"上太田"}],"0014":[{"pref":"福島県","city":"二本松市","town":"上新田"}],"0312":[{"pref":"福島県","city":"二本松市","town":"上長折"}],"0073":[{"pref":"福島県","city":"二本松市","town":"上葉木坂"}],"0848":[{"pref":"福島県","city":"二本松市","town":"上平内"}],"0926":[{"pref":"福島県","city":"二本松市","town":"上蓬田"}],"0911":[{"pref":"福島県","city":"二本松市","town":"亀谷"}],"0815":[{"pref":"福島県","city":"二本松市","town":"唐谷山"}],"0838":[{"pref":"福島県","city":"二本松市","town":"借宿"}],"0984":[{"pref":"福島県","city":"二本松市","town":"北トロミ"}],"0808":[{"pref":"福島県","city":"二本松市","town":"木藤次郎内"}],"0956":[{"pref":"福島県","city":"二本松市","town":"木ノ崎"}],"0087":[{"pref":"福島県","city":"二本松市","town":"木ノ根坂"}],"0853":[{"pref":"福島県","city":"二本松市","town":"向陽台"}],"0854":[{"pref":"福島県","city":"二本松市","town":"郡山台"}],"0921":[{"pref":"福島県","city":"二本松市","town":"小セ川"}],"0065":[{"pref":"福島県","city":"二本松市","town":"小関"}],"0974":[{"pref":"福島県","city":"二本松市","town":"小高内"}],"0203":[{"pref":"福島県","city":"二本松市","town":"木幡"}],"0007":[{"pref":"福島県","city":"二本松市","town":"古家"}],"0314":[{"pref":"福島県","city":"二本松市","town":"西勝田"}],"0063":[{"pref":"福島県","city":"二本松市","town":"才木山"}],"0933":[{"pref":"福島県","city":"二本松市","town":"西光内"}],"0844":[{"pref":"福島県","city":"二本松市","town":"在師"}],"0893":[{"pref":"福島県","city":"二本松市","town":"幸町"}],"0913":[{"pref":"福島県","city":"二本松市","town":"茶園"}],"0071":[{"pref":"福島県","city":"二本松市","town":"栄町"}],"0944":[{"pref":"福島県","city":"二本松市","town":"作"}],"0986":[{"pref":"福島県","city":"二本松市","town":"作田"}],"0005":[{"pref":"福島県","city":"二本松市","town":"笹屋"}],"0964":[{"pref":"福島県","city":"二本松市","town":"五月町"}],"0088":[{"pref":"福島県","city":"二本松市","town":"沢松倉"}],"0934":[{"pref":"福島県","city":"二本松市","town":"三合内"}],"0058":[{"pref":"福島県","city":"二本松市","town":"三雄山"}],"0086":[{"pref":"福島県","city":"二本松市","town":"塩沢"}],"0897":[{"pref":"福島県","city":"二本松市","town":"塩沢町"}],"0942":[{"pref":"福島県","city":"二本松市","town":"式部内"}],"0825":[{"pref":"福島県","city":"二本松市","town":"下町"}],"0922":[{"pref":"福島県","city":"二本松市","town":"島寺"}],"0935":[{"pref":"福島県","city":"二本松市","town":"島ノ内"}],"0804":[{"pref":"福島県","city":"二本松市","town":"下平"}],"0316":[{"pref":"福島県","city":"二本松市","town":"下長折"}],"0805":[{"pref":"福島県","city":"二本松市","town":"下ノ内"}],"0883":[{"pref":"福島県","city":"二本松市","town":"下山田"}],"0912":[{"pref":"福島県","city":"二本松市","town":"上竹"}],"0876":[{"pref":"福島県","city":"二本松市","town":"正法寺町"}],"0966":[{"pref":"福島県","city":"二本松市","town":"昭和町"}],"0882":[{"pref":"福島県","city":"二本松市","town":"新座"}],"0976":[{"pref":"福島県","city":"二本松市","town":"新生町"}],"0013":[{"pref":"福島県","city":"二本松市","town":"新田"}],"0828":[{"pref":"福島県","city":"二本松市","town":"新林"}],"0952":[{"pref":"福島県","city":"二本松市","town":"神明石"}],"0835":[{"pref":"福島県","city":"二本松市","town":"水神"}],"0896":[{"pref":"福島県","city":"二本松市","town":"末広町"}],"0836":[{"pref":"福島県","city":"二本松市","town":"菅田"}],"0302":[{"pref":"福島県","city":"二本松市","town":"杉沢"}],"0862":[{"pref":"福島県","city":"二本松市","town":"杉田駄子内"}],"0833":[{"pref":"福島県","city":"二本松市","town":"杉田仲之内"}],"0865":[{"pref":"福島県","city":"二本松市","town":"杉田町"}],"0962":[{"pref":"福島県","city":"二本松市","town":"鈴石東町"}],"0972":[{"pref":"福島県","city":"二本松市","town":"鈴石町"}],"0023":[{"pref":"福島県","city":"二本松市","town":"硯石"}],"0867":[{"pref":"福島県","city":"二本松市","town":"住吉"}],"0824":[{"pref":"福島県","city":"二本松市","town":"諏訪原"}],"0812":[{"pref":"福島県","city":"二本松市","town":"関"}],"0841":[{"pref":"福島県","city":"二本松市","town":"瀬ノ上"}],"0965":[{"pref":"福島県","city":"二本松市","town":"芹沢"}],"0827":[{"pref":"福島県","city":"二本松市","town":"反返"}],"0851":[{"pref":"福島県","city":"二本松市","town":"反田"}],"0084":[{"pref":"福島県","city":"二本松市","town":"大根畑"}],"0884":[{"pref":"福島県","city":"二本松市","town":"大作"}],"0957":[{"pref":"福島県","city":"二本松市","town":"太子堂"}],"0886":[{"pref":"福島県","city":"二本松市","town":"高越松ケ作"}],"0885":[{"pref":"福島県","city":"二本松市","town":"高越屋戸"}],"0985":[{"pref":"福島県","city":"二本松市","town":"高田"}],"0028":[{"pref":"福島県","city":"二本松市","town":"高平"}],"0817":[{"pref":"福島県","city":"二本松市","town":"高西"}],"0074":[{"pref":"福島県","city":"二本松市","town":"岳温泉"}],"0062":[{"pref":"福島県","city":"二本松市","town":"岳温泉大和"}],"0066":[{"pref":"福島県","city":"二本松市","town":"岳温泉西大和"}],"0061":[{"pref":"福島県","city":"二本松市","town":"岳温泉深堀"}],"0064":[{"pref":"福島県","city":"二本松市","town":"岳温泉横森"}],"0845":[{"pref":"福島県","city":"二本松市","town":"竹柄"}],"0902":[{"pref":"福島県","city":"二本松市","town":"竹田"}],"0958":[{"pref":"福島県","city":"二本松市","town":"竹ノ内"}],"0072":[{"pref":"福島県","city":"二本松市","town":"岳東町"}],"0431":[{"pref":"福島県","city":"二本松市","town":"田沢"}],"0038":[{"pref":"福島県","city":"二本松市","town":"立石"}],"0868":[{"pref":"福島県","city":"二本松市","town":"舘野"}],"0051":[{"pref":"福島県","city":"二本松市","town":"舘野原"}],"0993":[{"pref":"福島県","city":"二本松市","town":"田町"}],"0894":[{"pref":"福島県","city":"二本松市","town":"坦子内"}],"0852":[{"pref":"福島県","city":"二本松市","town":"長者宮"}],"0866":[{"pref":"福島県","city":"二本松市","town":"長命"}],"0875":[{"pref":"福島県","city":"二本松市","town":"槻木"}],"0008":[{"pref":"福島県","city":"二本松市","town":"鉄扇町"}],"0846":[{"pref":"福島県","city":"二本松市","town":"峠"}],"0872":[{"pref":"福島県","city":"二本松市","town":"藤太郎内"}],"0881":[{"pref":"福島県","city":"二本松市","town":"藤之前"}],"0433":[{"pref":"福島県","city":"二本松市","town":"百目木"}],"0834":[{"pref":"福島県","city":"二本松市","town":"十神"}],"0945":[{"pref":"福島県","city":"二本松市","town":"遠山"}],"0814":[{"pref":"福島県","city":"二本松市","town":"遠西"}],"0201":[{"pref":"福島県","city":"二本松市","town":"戸沢"}],"0054":[{"pref":"福島県","city":"二本松市","town":"苗松"}],"0859":[{"pref":"福島県","city":"二本松市","town":"中江"}],"0311":[{"pref":"福島県","city":"二本松市","town":"長折"}],"0874":[{"pref":"福島県","city":"二本松市","town":"中里"}],"0075":[{"pref":"福島県","city":"二本松市","town":"永田（長坂国有林）"}],"0001":[{"pref":"福島県","city":"二本松市","town":"中ノ目"}],"0991":[{"pref":"福島県","city":"二本松市","town":"中町"}],"0924":[{"pref":"福島県","city":"二本松市","town":"中森"}],"0026":[{"pref":"福島県","city":"二本松市","town":"中山田"}],"0923":[{"pref":"福島県","city":"二本松市","town":"長下"}],"0029":[{"pref":"福島県","city":"二本松市","town":"永田"}],"0022":[{"pref":"福島県","city":"二本松市","town":"永田鍛治内"}],"0011":[{"pref":"福島県","city":"二本松市","town":"永田才木"}],"0012":[{"pref":"福島県","city":"二本松市","town":"永田積内"}],"0076":[{"pref":"福島県","city":"二本松市","town":"永田橋積"}],"0021":[{"pref":"福島県","city":"二本松市","town":"永田馬保内"}],"0017":[{"pref":"福島県","city":"二本松市","town":"永田御堂内"}],"0837":[{"pref":"福島県","city":"二本松市","town":"七ツ段"}],"0855":[{"pref":"福島県","city":"二本松市","town":"成上"}],"0315":[{"pref":"福島県","city":"二本松市","town":"成田"}],"0892":[{"pref":"福島県","city":"二本松市","town":"成田日向"}],"0871":[{"pref":"福島県","city":"二本松市","town":"成田町"}],"0003":[{"pref":"福島県","city":"二本松市","town":"二伊滝"}],"0861":[{"pref":"福島県","city":"二本松市","town":"西池"}],"0995":[{"pref":"福島県","city":"二本松市","town":"錦町"}],"0304":[{"pref":"福島県","city":"二本松市","town":"西新殿"}],"0856":[{"pref":"福島県","city":"二本松市","town":"西町"}],"0953":[{"pref":"福島県","city":"二本松市","town":"沼ケ作"}],"0903":[{"pref":"福島県","city":"二本松市","town":"根崎"}],"0039":[{"pref":"福島県","city":"二本松市","town":"萩坂"}],"0948":[{"pref":"福島県","city":"二本松市","town":"橋本"}],"0803":[{"pref":"福島県","city":"二本松市","town":"八万舘"}],"0303":[{"pref":"福島県","city":"二本松市","town":"初森"}],"0806":[{"pref":"福島県","city":"二本松市","town":"羽石"}],"0055":[{"pref":"福島県","city":"二本松市","town":"馬場平"}],"0035":[{"pref":"福島県","city":"二本松市","town":"原セ天ケ作"}],"0042":[{"pref":"福島県","city":"二本松市","town":"原セ大畑"}],"0045":[{"pref":"福島県","city":"二本松市","town":"原セ笠張"}],"0047":[{"pref":"福島県","city":"二本松市","town":"原セ上平"}],"0044":[{"pref":"福島県","city":"二本松市","town":"原セ上ノ内"}],"0037":[{"pref":"福島県","city":"二本松市","town":"原セ川原"}],"0036":[{"pref":"福島県","city":"二本松市","town":"原セ才木"}],"0043":[{"pref":"福島県","city":"二本松市","town":"原セ諏訪"}],"0034":[{"pref":"福島県","city":"二本松市","town":"原セ堰下"}],"0049":[{"pref":"福島県","city":"二本松市","town":"原セ仲谷地"}],"0041":[{"pref":"福島県","city":"二本松市","town":"原セ日照田"}],"0046":[{"pref":"福島県","city":"二本松市","town":"原セ山口"}],"0816":[{"pref":"福島県","city":"二本松市","town":"原田"}],"0202":[{"pref":"福島県","city":"二本松市","town":"針道"}],"0873":[{"pref":"福島県","city":"二本松市","town":"東裏"}],"0301":[{"pref":"福島県","city":"二本松市","town":"東新殿"}],"0857":[{"pref":"福島県","city":"二本松市","town":"東町"}],"0033":[{"pref":"福島県","city":"二本松市","town":"毘沙門堂"}],"0032":[{"pref":"福島県","city":"二本松市","town":"毘沙門堂山"}],"0858":[{"pref":"福島県","city":"二本松市","town":"姫子松"}],"0992":[{"pref":"福島県","city":"二本松市","town":"平石三丁目"}],"0981":[{"pref":"福島県","city":"二本松市","town":"平石高田"}],"0973":[{"pref":"福島県","city":"二本松市","town":"平石町"}],"0829":[{"pref":"福島県","city":"二本松市","town":"袋内"}],"0006":[{"pref":"福島県","city":"二本松市","town":"二又"}],"0818":[{"pref":"福島県","city":"二本松市","town":"不動"}],"0085":[{"pref":"福島県","city":"二本松市","town":"不動平"}],"0822":[{"pref":"福島県","city":"二本松市","town":"舟石"}],"0821":[{"pref":"福島県","city":"二本松市","town":"舟形石"}],"0813":[{"pref":"福島県","city":"二本松市","town":"舟形石山"}],"0907":[{"pref":"福島県","city":"二本松市","town":"細野"}],"0843":[{"pref":"福島県","city":"二本松市","town":"坊主滝"}],"0946":[{"pref":"福島県","city":"二本松市","town":"堀越"}],"0831":[{"pref":"福島県","city":"二本松市","town":"前田"}],"0031":[{"pref":"福島県","city":"二本松市","town":"前原"}],"0905":[{"pref":"福島県","city":"二本松市","town":"松岡"}],"0947":[{"pref":"福島県","city":"二本松市","town":"松林"}],"0941":[{"pref":"福島県","city":"二本松市","town":"水上"}],"0983":[{"pref":"福島県","city":"二本松市","town":"南トロミ"}],"0994":[{"pref":"福島県","city":"二本松市","town":"南町"}],"0052":[{"pref":"福島県","city":"二本松市","town":"箕輪"}],"0895":[{"pref":"福島県","city":"二本松市","town":"三原町"}],"0887":[{"pref":"福島県","city":"二本松市","town":"三保内"}],"0081":[{"pref":"福島県","city":"二本松市","town":"宮沢"}],"0811":[{"pref":"福島県","city":"二本松市","town":"宮戸"}],"0951":[{"pref":"福島県","city":"二本松市","town":"宮本"}],"0943":[{"pref":"福島県","city":"二本松市","town":"明主内"}],"0801":[{"pref":"福島県","city":"二本松市","town":"向作田"}],"0916":[{"pref":"福島県","city":"二本松市","town":"向原"}],"0917":[{"pref":"福島県","city":"二本松市","town":"本町"}],"0432":[{"pref":"福島県","city":"二本松市","town":"茂原"}],"0936":[{"pref":"福島県","city":"二本松市","town":"諸越谷"}],"0847":[{"pref":"福島県","city":"二本松市","town":"薬師"}],"0961":[{"pref":"福島県","city":"二本松市","town":"八坂町"}],"0864":[{"pref":"福島県","city":"二本松市","town":"社前"}],"0082":[{"pref":"福島県","city":"二本松市","town":"休石"}],"0083":[{"pref":"福島県","city":"二本松市","town":"休石原"}],"0025":[{"pref":"福島県","city":"二本松市","town":"屋戸入"}],"0931":[{"pref":"福島県","city":"二本松市","town":"矢ノ戸"}],"0027":[{"pref":"福島県","city":"二本松市","town":"山田"}],"0925":[{"pref":"福島県","city":"二本松市","town":"谷和子"}],"0056":[{"pref":"福島県","city":"二本松市","town":"雄平台"}],"0002":[{"pref":"福島県","city":"二本松市","town":"湯川町"}],"0971":[{"pref":"福島県","city":"二本松市","town":"米五町"}],"0928":[{"pref":"福島県","city":"二本松市","town":"蓬田"}],"0906":[{"pref":"福島県","city":"二本松市","town":"若宮"}],"0091":[{"pref":"福島県","city":"安達郡大玉村","town":"玉井（馬場平）"}]}