{"0000":[{"pref":"佐賀県","city":"西松浦郡有田町","town":"以下に掲載がない場合"}],"0006":[{"pref":"佐賀県","city":"西松浦郡有田町","town":"赤絵町"}],"0024":[{"pref":"佐賀県","city":"西松浦郡有田町","town":"赤坂"}],"0001":[{"pref":"佐賀県","city":"西松浦郡有田町","town":"泉山"}],"0011":[{"pref":"佐賀県","city":"西松浦郡有田町","town":"岩谷川内"}],"0021":[{"pref":"佐賀県","city":"西松浦郡有田町","town":"応法"}],"0004":[{"pref":"佐賀県","city":"西松浦郡有田町","town":"大樽"}],"0013":[{"pref":"佐賀県","city":"西松浦郡有田町","town":"大野"}],"0003":[{"pref":"佐賀県","city":"西松浦郡有田町","town":"上幸平"}],"0022":[{"pref":"佐賀県","city":"西松浦郡有田町","town":"黒牟田"}],"0012":[{"pref":"佐賀県","city":"西松浦郡有田町","town":"桑古場"}],"0005":[{"pref":"佐賀県","city":"西松浦郡有田町","town":"幸平"}],"0016":[{"pref":"佐賀県","city":"西松浦郡有田町","town":"境野"}],"0007":[{"pref":"佐賀県","city":"西松浦郡有田町","town":"白川"}],"0017":[{"pref":"佐賀県","city":"西松浦郡有田町","town":"戸杓"}],"0014":[{"pref":"佐賀県","city":"西松浦郡有田町","town":"戸矢"}],"0002":[{"pref":"佐賀県","city":"西松浦郡有田町","town":"中樽"}],"0009":[{"pref":"佐賀県","city":"西松浦郡有田町","town":"中の原"}],"0028":[{"pref":"佐賀県","city":"西松浦郡有田町","town":"南山"}],"0027":[{"pref":"佐賀県","city":"西松浦郡有田町","town":"南原"}],"0008":[{"pref":"佐賀県","city":"西松浦郡有田町","town":"稗古場"}],"0015":[{"pref":"佐賀県","city":"西松浦郡有田町","town":"古木場"}],"0026":[{"pref":"佐賀県","city":"西松浦郡有田町","town":"外尾町"}],"0025":[{"pref":"佐賀県","city":"西松浦郡有田町","town":"外尾山"}],"0018":[{"pref":"佐賀県","city":"西松浦郡有田町","town":"本町"}],"0023":[{"pref":"佐賀県","city":"西松浦郡有田町","town":"丸尾"}]}