{"1201":[{"pref":"山口県","city":"岩国市","town":"美和町秋掛"}],"1202":[{"pref":"山口県","city":"岩国市","town":"美和町北中山"}],"1211":[{"pref":"山口県","city":"岩国市","town":"美和町釜ケ原"}],"1212":[{"pref":"山口県","city":"岩国市","town":"美和町黒沢"}],"1213":[{"pref":"山口県","city":"岩国市","town":"美和町岸根"}],"1214":[{"pref":"山口県","city":"岩国市","town":"美和町百合谷"}],"1215":[{"pref":"山口県","city":"岩国市","town":"美和町長谷"}],"1216":[{"pref":"山口県","city":"岩国市","town":"美和町日宛"}],"1217":[{"pref":"山口県","city":"岩国市","town":"美和町大根川"}],"1218":[{"pref":"山口県","city":"岩国市","town":"美和町中垣内"}],"1219":[{"pref":"山口県","city":"岩国市","town":"美和町瀬戸ノ内"}],"1221":[{"pref":"山口県","city":"岩国市","town":"美和町上駄床"}],"1222":[{"pref":"山口県","city":"岩国市","town":"美和町田ノ口"}],"1223":[{"pref":"山口県","city":"岩国市","town":"美和町滑"}],"1224":[{"pref":"山口県","city":"岩国市","town":"美和町佐坂"}],"1225":[{"pref":"山口県","city":"岩国市","town":"美和町渋前"}],"1231":[{"pref":"山口県","city":"岩国市","town":"美和町生見"}],"1232":[{"pref":"山口県","city":"岩国市","town":"美和町西畑"}],"1241":[{"pref":"山口県","city":"岩国市","town":"美和町阿賀"}],"1242":[{"pref":"山口県","city":"岩国市","town":"美和町下畑"}],"1401":[{"pref":"山口県","city":"岩国市","town":"由宇町（寺迫）"}],"1402":[{"pref":"山口県","city":"岩国市","town":"由宇町（小槇）"}],"1403":[{"pref":"山口県","city":"岩国市","town":"由宇町（中倉）"}],"1404":[{"pref":"山口県","city":"岩国市","town":"由宇町（西区）"}],"1405":[{"pref":"山口県","city":"岩国市","town":"由宇町（笠塚）"}],"1406":[{"pref":"山口県","city":"岩国市","town":"由宇町（峇清）"}],"1407":[{"pref":"山口県","city":"岩国市","town":"由宇町（横道）"}],"1411":[{"pref":"山口県","city":"岩国市","town":"由宇町（清水）"}],"1412":[{"pref":"山口県","city":"岩国市","town":"由宇町（中村）"}],"1413":[{"pref":"山口県","city":"岩国市","town":"由宇町（上北）"}],"1424":[{"pref":"山口県","city":"岩国市","town":"由宇町港"}],"1425":[{"pref":"山口県","city":"岩国市","town":"由宇町南沖"}],"1426":[{"pref":"山口県","city":"岩国市","town":"由宇町由宇崎"}],"1428":[{"pref":"山口県","city":"岩国市","town":"由宇町中央"}],"1431":[{"pref":"山口県","city":"岩国市","town":"由宇町（有家）"}],"1432":[{"pref":"山口県","city":"岩国市","town":"由宇町神東"}],"1441":[{"pref":"山口県","city":"岩国市","town":"由宇町千鳥ケ丘"}],"1451":[{"pref":"山口県","city":"岩国市","town":"由宇町南"}],"1452":[{"pref":"山口県","city":"岩国市","town":"由宇町（正南）"}],"1454":[{"pref":"山口県","city":"岩国市","town":"由宇町西"}],"1455":[{"pref":"山口県","city":"岩国市","town":"由宇町北"}],"1488":[{"pref":"山口県","city":"岩国市","town":"由宇町（その他）"}],"0000":[{"pref":"山口県","city":"岩国市","town":"以下に掲載がない場合"},{"pref":"山口県","city":"玖珂郡和木町","town":"以下に掲載がない場合"}],"0304":[{"pref":"山口県","city":"岩国市","town":"相ノ谷"}],"0024":[{"pref":"山口県","city":"岩国市","town":"旭町"}],"0037":[{"pref":"山口県","city":"岩国市","town":"愛宕町"}],"0003":[{"pref":"山口県","city":"岩国市","town":"飯田町"}],"0324":[{"pref":"山口県","city":"岩国市","town":"伊房"}],"0017":[{"pref":"山口県","city":"岩国市","town":"今津町"}],"0321":[{"pref":"山口県","city":"岩国市","town":"入野"}],"0317":[{"pref":"山口県","city":"岩国市","town":"上田"}],"0042":[{"pref":"山口県","city":"岩国市","town":"青木町"}],"0323":[{"pref":"山口県","city":"岩国市","town":"大山"}],"0032":[{"pref":"山口県","city":"岩国市","town":"尾津町"}],"0013":[{"pref":"山口県","city":"岩国市","town":"桂町"}],"0015":[{"pref":"山口県","city":"岩国市","town":"川口町"}],"0023":[{"pref":"山口県","city":"岩国市","town":"川下町"}],"0311":[{"pref":"山口県","city":"岩国市","town":"瓦谷"}],"0303":[{"pref":"山口県","city":"岩国市","town":"杭名"}],"0028":[{"pref":"山口県","city":"岩国市","town":"楠町"}],"0026":[{"pref":"山口県","city":"岩国市","town":"車町"}],"0041":[{"pref":"山口県","city":"岩国市","town":"黒磯町"}],"0302":[{"pref":"山口県","city":"岩国市","town":"下"}],"0312":[{"pref":"山口県","city":"岩国市","town":"守内"}],"0001":[{"pref":"山口県","city":"岩国市","town":"装束町"}],"0004":[{"pref":"山口県","city":"岩国市","town":"昭和町"}],"0002":[{"pref":"山口県","city":"岩国市","town":"新港町"}],"0019":[{"pref":"山口県","city":"岩国市","town":"砂山町"}],"0327":[{"pref":"山口県","city":"岩国市","town":"角"}],"0325":[{"pref":"山口県","city":"岩国市","town":"竹安"}],"0011":[{"pref":"山口県","city":"岩国市","town":"立石町"}],"0315":[{"pref":"山口県","city":"岩国市","town":"近延"}],"0044":[{"pref":"山口県","city":"岩国市","town":"通津"}],"0314":[{"pref":"山口県","city":"岩国市","town":"寺山"}],"0306":[{"pref":"山口県","city":"岩国市","town":"天尾"}],"0027":[{"pref":"山口県","city":"岩国市","town":"中津町"}],"0045":[{"pref":"山口県","city":"岩国市","town":"長野"}],"0033":[{"pref":"山口県","city":"岩国市","town":"灘町"}],"0901":[{"pref":"山口県","city":"岩国市","town":"錦町宇佐"}],"0904":[{"pref":"山口県","city":"岩国市","town":"錦町宇佐郷（向峠）"}],"0902":[{"pref":"山口県","city":"岩国市","town":"錦町宇佐郷（その他）"}],"0721":[{"pref":"山口県","city":"岩国市","town":"錦町大野"}],"0903":[{"pref":"山口県","city":"岩国市","town":"錦町大原"}],"0811":[{"pref":"山口県","city":"岩国市","town":"錦町須川"}],"0722":[{"pref":"山口県","city":"岩国市","town":"錦町中ノ瀬"}],"0725":[{"pref":"山口県","city":"岩国市","town":"錦町野谷"}],"0724":[{"pref":"山口県","city":"岩国市","town":"錦町広瀬"}],"0812":[{"pref":"山口県","city":"岩国市","town":"錦町深川"}],"0723":[{"pref":"山口県","city":"岩国市","town":"錦町府谷"}],"0051":[{"pref":"山口県","city":"岩国市","town":"柱島"}],"0322":[{"pref":"山口県","city":"岩国市","town":"廿木"}],"0326":[{"pref":"山口県","city":"岩国市","town":"土生"}],"0014":[{"pref":"山口県","city":"岩国市","town":"日の出町"}],"0036":[{"pref":"山口県","city":"岩国市","town":"藤生町"}],"0305":[{"pref":"山口県","city":"岩国市","town":"二鹿"}],"0313":[{"pref":"山口県","city":"岩国市","town":"保木"}],"0043":[{"pref":"山口県","city":"岩国市","town":"保津町"}],"0604":[{"pref":"山口県","city":"岩国市","town":"本郷町宇塚"}],"0605":[{"pref":"山口県","city":"岩国市","town":"本郷町西黒沢"}],"0603":[{"pref":"山口県","city":"岩国市","town":"本郷町波野"}],"0602":[{"pref":"山口県","city":"岩国市","town":"本郷町本郷"}],"0601":[{"pref":"山口県","city":"岩国市","town":"本郷町本谷"}],"0018":[{"pref":"山口県","city":"岩国市","town":"麻里布町"}],"0016":[{"pref":"山口県","city":"岩国市","town":"三笠町"}],"0501":[{"pref":"山口県","city":"岩国市","town":"美川町小川"}],"0502":[{"pref":"山口県","city":"岩国市","town":"美川町四馬神"}],"0503":[{"pref":"山口県","city":"岩国市","town":"美川町添谷"}],"0504":[{"pref":"山口県","city":"岩国市","town":"美川町南桑"}],"0505":[{"pref":"山口県","city":"岩国市","town":"美川町根笠"}],"0025":[{"pref":"山口県","city":"岩国市","town":"三角町"}],"0035":[{"pref":"山口県","city":"岩国市","town":"海土路町"}],"0034":[{"pref":"山口県","city":"岩国市","town":"南岩国町"}],"0021":[{"pref":"山口県","city":"岩国市","town":"室の木町"}],"0012":[{"pref":"山口県","city":"岩国市","town":"元町"}],"0031":[{"pref":"山口県","city":"岩国市","town":"門前町"}],"0022":[{"pref":"山口県","city":"岩国市","town":"山手町"}],"0301":[{"pref":"山口県","city":"岩国市","town":"行波"}],"0316":[{"pref":"山口県","city":"岩国市","town":"行正"}],"0063":[{"pref":"山口県","city":"玖珂郡和木町","town":"関ケ浜"}],"0062":[{"pref":"山口県","city":"玖珂郡和木町","town":"瀬田"}],"0061":[{"pref":"山口県","city":"玖珂郡和木町","town":"和木"}]}