{"0000":[{"pref":"滋賀県","city":"草津市","town":"以下に掲載がない場合"}],"0041":[{"pref":"滋賀県","city":"草津市","town":"青地町"}],"0002":[{"pref":"滋賀県","city":"草津市","town":"芦浦町"}],"0015":[{"pref":"滋賀県","city":"草津市","town":"集町"}],"0012":[{"pref":"滋賀県","city":"草津市","town":"穴村町"}],"0047":[{"pref":"滋賀県","city":"草津市","town":"追分"}],"0048":[{"pref":"滋賀県","city":"草津市","town":"追分南"}],"0032":[{"pref":"滋賀県","city":"草津市","town":"大路"}],"0044":[{"pref":"滋賀県","city":"草津市","town":"岡本町"}],"0001":[{"pref":"滋賀県","city":"草津市","town":"下物町"}],"0072":[{"pref":"滋賀県","city":"草津市","town":"笠山"}],"0011":[{"pref":"滋賀県","city":"草津市","town":"片岡町"}],"0028":[{"pref":"滋賀県","city":"草津市","town":"上笠"}],"0004":[{"pref":"滋賀県","city":"草津市","town":"上寺町"}],"0021":[{"pref":"滋賀県","city":"草津市","town":"川原"}],"0022":[{"pref":"滋賀県","city":"草津市","town":"川原町"}],"0016":[{"pref":"滋賀県","city":"草津市","town":"北大萱町"}],"0061":[{"pref":"滋賀県","city":"草津市","town":"北山田町"}],"0051":[{"pref":"滋賀県","city":"草津市","town":"木川町"}],"0034":[{"pref":"滋賀県","city":"草津市","town":"草津"}],"0036":[{"pref":"滋賀県","city":"草津市","town":"草津町"}],"0014":[{"pref":"滋賀県","city":"草津市","town":"駒井沢町"}],"0057":[{"pref":"滋賀県","city":"草津市","town":"桜ケ丘"}],"0005":[{"pref":"滋賀県","city":"草津市","town":"志那町"}],"0006":[{"pref":"滋賀県","city":"草津市","town":"志那中町"}],"0026":[{"pref":"滋賀県","city":"草津市","town":"渋川"}],"0029":[{"pref":"滋賀県","city":"草津市","town":"下笠町"}],"0007":[{"pref":"滋賀県","city":"草津市","town":"下寺町"}],"0013":[{"pref":"滋賀県","city":"草津市","town":"新堂町"}],"0067":[{"pref":"滋賀県","city":"草津市","town":"新浜町"}],"0003":[{"pref":"滋賀県","city":"草津市","town":"長束町"}],"0037":[{"pref":"滋賀県","city":"草津市","town":"西大路町"}],"0035":[{"pref":"滋賀県","city":"草津市","town":"西草津"}],"0025":[{"pref":"滋賀県","city":"草津市","town":"西渋川"}],"0052":[{"pref":"滋賀県","city":"草津市","town":"西矢倉"}],"0059":[{"pref":"滋賀県","city":"草津市","town":"野路"}],"0055":[{"pref":"滋賀県","city":"草津市","town":"野路町"}],"0058":[{"pref":"滋賀県","city":"草津市","town":"野路東"}],"0027":[{"pref":"滋賀県","city":"草津市","town":"野村"}],"0065":[{"pref":"滋賀県","city":"草津市","town":"橋岡町"}],"0043":[{"pref":"滋賀県","city":"草津市","town":"馬場町"}],"0033":[{"pref":"滋賀県","city":"草津市","town":"東草津"}],"0054":[{"pref":"滋賀県","city":"草津市","town":"東矢倉"}],"0023":[{"pref":"滋賀県","city":"草津市","town":"平井"}],"0024":[{"pref":"滋賀県","city":"草津市","town":"平井町"}],"0064":[{"pref":"滋賀県","city":"草津市","town":"御倉町"}],"0056":[{"pref":"滋賀県","city":"草津市","town":"南笠町"}],"0071":[{"pref":"滋賀県","city":"草津市","town":"南笠東"}],"0050":[{"pref":"滋賀県","city":"草津市","town":"南草津"}],"0063":[{"pref":"滋賀県","city":"草津市","town":"南山田町"}],"0053":[{"pref":"滋賀県","city":"草津市","town":"矢倉"}],"0066":[{"pref":"滋賀県","city":"草津市","town":"矢橋町"}],"0062":[{"pref":"滋賀県","city":"草津市","town":"山田町"}],"0042":[{"pref":"滋賀県","city":"草津市","town":"山寺町"}],"0045":[{"pref":"滋賀県","city":"草津市","town":"若草"}],"0031":[{"pref":"滋賀県","city":"草津市","town":"若竹町"}]}