{"0000":[{"pref":"北海道","city":"紋別市","town":"以下に掲載がない場合"}],"0021":[{"pref":"北海道","city":"紋別市","town":"大山町"}],"0007":[{"pref":"北海道","city":"紋別市","town":"落石町"}],"0031":[{"pref":"北海道","city":"紋別市","town":"海洋公園"}],"0027":[{"pref":"北海道","city":"紋別市","town":"上鴻之舞"}],"0025":[{"pref":"北海道","city":"紋別市","town":"上藻別"}],"0001":[{"pref":"北海道","city":"紋別市","town":"北浜町"}],"0026":[{"pref":"北海道","city":"紋別市","town":"鴻之舞"}],"0005":[{"pref":"北海道","city":"紋別市","town":"幸町"}],"0006":[{"pref":"北海道","city":"紋別市","town":"潮見町"}],"0012":[{"pref":"北海道","city":"紋別市","town":"新港町"}],"0022":[{"pref":"北海道","city":"紋別市","town":"新生"}],"0015":[{"pref":"北海道","city":"紋別市","town":"花園町"}],"0003":[{"pref":"北海道","city":"紋別市","town":"弁天町"}],"0004":[{"pref":"北海道","city":"紋別市","town":"本町"}],"0002":[{"pref":"北海道","city":"紋別市","town":"真砂町"}],"0014":[{"pref":"北海道","city":"紋別市","town":"緑町"}],"0011":[{"pref":"北海道","city":"紋別市","town":"港町"}],"0013":[{"pref":"北海道","city":"紋別市","town":"南が丘町"}],"0023":[{"pref":"北海道","city":"紋別市","town":"元紋別"}],"0024":[{"pref":"北海道","city":"紋別市","town":"藻別"}]}