{"0000":[{"pref":"埼玉県","city":"行田市","town":"以下に掲載がない場合"}],"0074":[{"pref":"埼玉県","city":"行田市","town":"旭町"}],"0011":[{"pref":"埼玉県","city":"行田市","town":"荒木"}],"0046":[{"pref":"埼玉県","city":"行田市","town":"壱里山町"}],"0081":[{"pref":"埼玉県","city":"行田市","town":"犬塚"}],"0077":[{"pref":"埼玉県","city":"行田市","town":"忍"}],"0045":[{"pref":"埼玉県","city":"行田市","town":"押上町"}],"0007":[{"pref":"埼玉県","city":"行田市","town":"小見"}],"0034":[{"pref":"埼玉県","city":"行田市","town":"利田"}],"0044":[{"pref":"埼玉県","city":"行田市","town":"門井町"}],"0066":[{"pref":"埼玉県","city":"行田市","town":"上池守"}],"0001":[{"pref":"埼玉県","city":"行田市","town":"北河原"}],"0073":[{"pref":"埼玉県","city":"行田市","town":"行田"}],"0065":[{"pref":"埼玉県","city":"行田市","town":"小敷田"}],"0024":[{"pref":"埼玉県","city":"行田市","town":"小針"}],"0055":[{"pref":"埼玉県","city":"行田市","town":"駒形"}],"0005":[{"pref":"埼玉県","city":"行田市","town":"斎条"}],"0071":[{"pref":"埼玉県","city":"行田市","town":"栄町"}],"0002":[{"pref":"埼玉県","city":"行田市","town":"酒巻"}],"0025":[{"pref":"埼玉県","city":"行田市","town":"埼玉"}],"0022":[{"pref":"埼玉県","city":"行田市","town":"桜町"}],"0032":[{"pref":"埼玉県","city":"行田市","town":"佐間"}],"0063":[{"pref":"埼玉県","city":"行田市","town":"皿尾"}],"0047":[{"pref":"埼玉県","city":"行田市","town":"清水町"}],"0067":[{"pref":"埼玉県","city":"行田市","town":"下池守"}],"0037":[{"pref":"埼玉県","city":"行田市","town":"下忍"}],"0012":[{"pref":"埼玉県","city":"行田市","town":"下須戸"}],"0003":[{"pref":"埼玉県","city":"行田市","town":"下中条"}],"0057":[{"pref":"埼玉県","city":"行田市","town":"城西"}],"0054":[{"pref":"埼玉県","city":"行田市","town":"城南"}],"0006":[{"pref":"埼玉県","city":"行田市","town":"白川戸"}],"0053":[{"pref":"埼玉県","city":"行田市","town":"水城公園"}],"0004":[{"pref":"埼玉県","city":"行田市","town":"須加"}],"0015":[{"pref":"埼玉県","city":"行田市","town":"関根"}],"0041":[{"pref":"埼玉県","city":"行田市","town":"棚田町"}],"0078":[{"pref":"埼玉県","city":"行田市","town":"中央"}],"0035":[{"pref":"埼玉県","city":"行田市","town":"堤根"}],"0076":[{"pref":"埼玉県","city":"行田市","town":"天満"}],"0014":[{"pref":"埼玉県","city":"行田市","town":"藤間"}],"0083":[{"pref":"埼玉県","city":"行田市","town":"中江袋"}],"0064":[{"pref":"埼玉県","city":"行田市","town":"中里"}],"0023":[{"pref":"埼玉県","city":"行田市","town":"長野"}],"0042":[{"pref":"埼玉県","city":"行田市","town":"西新町"}],"0026":[{"pref":"埼玉県","city":"行田市","town":"野"}],"0036":[{"pref":"埼玉県","city":"行田市","town":"樋上"}],"0043":[{"pref":"埼玉県","city":"行田市","town":"深水町"}],"0021":[{"pref":"埼玉県","city":"行田市","town":"富士見町"}],"0016":[{"pref":"埼玉県","city":"行田市","town":"藤原町"}],"0052":[{"pref":"埼玉県","city":"行田市","town":"本丸"}],"0038":[{"pref":"埼玉県","city":"行田市","town":"前谷"}],"0013":[{"pref":"埼玉県","city":"行田市","town":"真名板"}],"0082":[{"pref":"埼玉県","city":"行田市","town":"馬見塚"}],"0031":[{"pref":"埼玉県","city":"行田市","town":"緑町"}],"0084":[{"pref":"埼玉県","city":"行田市","town":"南河原"}],"0072":[{"pref":"埼玉県","city":"行田市","town":"宮本"}],"0075":[{"pref":"埼玉県","city":"行田市","town":"向町"}],"0056":[{"pref":"埼玉県","city":"行田市","town":"持田"}],"0062":[{"pref":"埼玉県","city":"行田市","town":"谷郷"}],"0051":[{"pref":"埼玉県","city":"行田市","town":"矢場"}],"0017":[{"pref":"埼玉県","city":"行田市","town":"若小玉"}],"0033":[{"pref":"埼玉県","city":"行田市","town":"渡柳"}],"0061":[{"pref":"埼玉県","city":"行田市","town":"和田"}]}