{"0000":[{"pref":"大阪府","city":"大阪市福島区","town":"以下に掲載がない場合"}],"0001":[{"pref":"大阪府","city":"大阪市福島区","town":"海老江"}],"0007":[{"pref":"大阪府","city":"大阪市福島区","town":"大開"}],"0002":[{"pref":"大阪府","city":"大阪市福島区","town":"鷺洲"}],"0004":[{"pref":"大阪府","city":"大阪市福島区","town":"玉川"}],"0005":[{"pref":"大阪府","city":"大阪市福島区","town":"野田"}],"0003":[{"pref":"大阪府","city":"大阪市福島区","town":"福島"}],"0006":[{"pref":"大阪府","city":"大阪市福島区","town":"吉野"}]}