{"0100":[{"pref":"福岡県","city":"築上郡築上町","town":"以下に掲載がない場合"}],"0112":[{"pref":"福岡県","city":"築上郡築上町","town":"赤幡"}],"0315":[{"pref":"福岡県","city":"築上郡築上町","town":"上り松"}],"0313":[{"pref":"福岡県","city":"築上郡築上町","town":"有安"}],"0312":[{"pref":"福岡県","city":"築上郡築上町","town":"石堂"}],"0124":[{"pref":"福岡県","city":"築上郡築上町","town":"櫟原"}],"0335":[{"pref":"福岡県","city":"築上郡築上町","town":"岩丸"}],"0314":[{"pref":"福岡県","city":"築上郡築上町","town":"上ノ河内"}],"0302":[{"pref":"福岡県","city":"築上郡築上町","town":"臼田"}],"0341":[{"pref":"福岡県","city":"築上郡築上町","town":"宇留津"}],"0304":[{"pref":"福岡県","city":"築上郡築上町","town":"小原"}],"0104":[{"pref":"福岡県","city":"築上郡築上町","town":"小山田"}],"0114":[{"pref":"福岡県","city":"築上郡築上町","town":"上香楽"}],"0115":[{"pref":"福岡県","city":"築上郡築上町","town":"上深野"}],"0105":[{"pref":"福岡県","city":"築上郡築上町","town":"上別府"}],"0117":[{"pref":"福岡県","city":"築上郡築上町","town":"袈裟丸"}],"0332":[{"pref":"福岡県","city":"築上郡築上町","town":"越路"}],"0323":[{"pref":"福岡県","city":"築上郡築上町","town":"極楽寺"}],"0321":[{"pref":"福岡県","city":"築上郡築上町","town":"坂本"}],"0125":[{"pref":"福岡県","city":"築上郡築上町","town":"寒田"}],"0301":[{"pref":"福岡県","city":"築上郡築上町","town":"椎田"}],"0113":[{"pref":"福岡県","city":"築上郡築上町","town":"下香楽"}],"0116":[{"pref":"福岡県","city":"築上郡築上町","town":"下深野"}],"0108":[{"pref":"福岡県","city":"築上郡築上町","town":"下別府"}],"0305":[{"pref":"福岡県","city":"築上郡築上町","town":"真如寺"}],"0331":[{"pref":"福岡県","city":"築上郡築上町","town":"高塚"}],"0102":[{"pref":"福岡県","city":"築上郡築上町","town":"築城"}],"0122":[{"pref":"福岡県","city":"築上郡築上町","town":"伝法寺"}],"0334":[{"pref":"福岡県","city":"築上郡築上町","town":"奈古"}],"0151":[{"pref":"福岡県","city":"築上郡築上町","town":"西八田（航空自衛隊築城基地）"}],"0343":[{"pref":"福岡県","city":"築上郡築上町","town":"西八田（その他）"}],"0101":[{"pref":"福岡県","city":"築上郡築上町","town":"東築城"}],"0342":[{"pref":"福岡県","city":"築上郡築上町","town":"東八田"}],"0322":[{"pref":"福岡県","city":"築上郡築上町","town":"日奈古"}],"0103":[{"pref":"福岡県","city":"築上郡築上町","town":"広末"}],"0106":[{"pref":"福岡県","city":"築上郡築上町","town":"船迫"}],"0123":[{"pref":"福岡県","city":"築上郡築上町","town":"本庄"}],"0121":[{"pref":"福岡県","city":"築上郡築上町","town":"松丸"}],"0333":[{"pref":"福岡県","city":"築上郡築上町","town":"水原"}],"0311":[{"pref":"福岡県","city":"築上郡築上町","town":"湊"}],"0111":[{"pref":"福岡県","city":"築上郡築上町","town":"安武"}],"0303":[{"pref":"福岡県","city":"築上郡築上町","town":"山本"}],"0107":[{"pref":"福岡県","city":"築上郡築上町","town":"弓の師"}]}