{"1101":[{"pref":"三重県","city":"津市","town":"久居明神町"}],"1102":[{"pref":"三重県","city":"津市","town":"久居藤ケ丘町"}],"1103":[{"pref":"三重県","city":"津市","town":"久居相川町"}],"1104":[{"pref":"三重県","city":"津市","town":"久居持川町"}],"1105":[{"pref":"三重県","city":"津市","town":"久居北口町"}],"1106":[{"pref":"三重県","city":"津市","town":"久居寺町"}],"1107":[{"pref":"三重県","city":"津市","town":"久居中町"}],"1108":[{"pref":"三重県","city":"津市","town":"久居射場町"}],"1109":[{"pref":"三重県","city":"津市","town":"久居烏木町"}],"1111":[{"pref":"三重県","city":"津市","town":"久居桜が丘町"}],"1112":[{"pref":"三重県","city":"津市","town":"久居小野辺町"}],"1113":[{"pref":"三重県","city":"津市","town":"久居野村町"}],"1114":[{"pref":"三重県","city":"津市","town":"久居井戸山町"}],"1115":[{"pref":"三重県","city":"津市","town":"木造町"}],"1116":[{"pref":"三重県","city":"津市","town":"新家町"}],"1117":[{"pref":"三重県","city":"津市","town":"久居野口町"}],"1118":[{"pref":"三重県","city":"津市","town":"久居新町"}],"1121":[{"pref":"三重県","city":"津市","town":"久居二ノ町"}],"1122":[{"pref":"三重県","city":"津市","town":"川方町"}],"1123":[{"pref":"三重県","city":"津市","town":"牧町"}],"1124":[{"pref":"三重県","city":"津市","town":"須ケ瀬町"}],"1125":[{"pref":"三重県","city":"津市","town":"久居元町"}],"1131":[{"pref":"三重県","city":"津市","town":"久居西鷹跡町"}],"1132":[{"pref":"三重県","city":"津市","town":"久居幸町"}],"1133":[{"pref":"三重県","city":"津市","town":"久居万町"}],"1134":[{"pref":"三重県","city":"津市","town":"久居旅籠町"}],"1135":[{"pref":"三重県","city":"津市","town":"久居本町"}],"1136":[{"pref":"三重県","city":"津市","town":"久居東鷹跡町"}],"1137":[{"pref":"三重県","city":"津市","town":"久居小戸木町"}],"1138":[{"pref":"三重県","city":"津市","town":"戸木町"}],"1139":[{"pref":"三重県","city":"津市","town":"青葉台"}],"1251":[{"pref":"三重県","city":"津市","town":"榊原町"}],"1252":[{"pref":"三重県","city":"津市","town":"稲葉町"}],"1253":[{"pref":"三重県","city":"津市","town":"久居一色町"}],"1254":[{"pref":"三重県","city":"津市","town":"森町"}],"1255":[{"pref":"三重県","city":"津市","town":"庄田町"}],"1256":[{"pref":"三重県","city":"津市","town":"中村町"}],"1257":[{"pref":"三重県","city":"津市","town":"大鳥町"}],"1258":[{"pref":"三重県","city":"津市","town":"久居緑が丘町"}],"2101":[{"pref":"三重県","city":"津市","town":"美里町高座原"}],"2102":[{"pref":"三重県","city":"津市","town":"美里町船山"}],"2103":[{"pref":"三重県","city":"津市","town":"美里町日南田"}],"2104":[{"pref":"三重県","city":"津市","town":"美里町家所"}],"2105":[{"pref":"三重県","city":"津市","town":"美里町五百野"}],"2106":[{"pref":"三重県","city":"津市","town":"美里町足坂"}],"2107":[{"pref":"三重県","city":"津市","town":"美里町穴倉"}],"2111":[{"pref":"三重県","city":"津市","town":"美里町平木"}],"2112":[{"pref":"三重県","city":"津市","town":"美里町北長野"}],"2113":[{"pref":"三重県","city":"津市","town":"美里町三郷"}],"2114":[{"pref":"三重県","city":"津市","town":"美里町南長野"}],"2115":[{"pref":"三重県","city":"津市","town":"美里町桂畑"}],"2201":[{"pref":"三重県","city":"津市","town":"芸濃町楠原"}],"2202":[{"pref":"三重県","city":"津市","town":"芸濃町林"}],"2203":[{"pref":"三重県","city":"津市","town":"芸濃町中縄"}],"2204":[{"pref":"三重県","city":"津市","town":"芸濃町雲林院"}],"2205":[{"pref":"三重県","city":"津市","town":"芸濃町多門"}],"2206":[{"pref":"三重県","city":"津市","town":"芸濃町小野平"}],"2207":[{"pref":"三重県","city":"津市","town":"芸濃町河内"}],"2208":[{"pref":"三重県","city":"津市","town":"芸濃町忍田"}],"2211":[{"pref":"三重県","city":"津市","town":"芸濃町椋本"}],"2212":[{"pref":"三重県","city":"津市","town":"芸濃町岡本"}],"2213":[{"pref":"三重県","city":"津市","town":"芸濃町北神山"}],"2214":[{"pref":"三重県","city":"津市","town":"芸濃町萩野"}],"2221":[{"pref":"三重県","city":"津市","town":"高野尾町"}],"2222":[{"pref":"三重県","city":"津市","town":"豊が丘"}],"2301":[{"pref":"三重県","city":"津市","town":"安濃町荒木"}],"2302":[{"pref":"三重県","city":"津市","town":"安濃町安濃"}],"2303":[{"pref":"三重県","city":"津市","town":"安濃町内多"}],"2304":[{"pref":"三重県","city":"津市","town":"安濃町太田"}],"2305":[{"pref":"三重県","city":"津市","town":"安濃町清水"}],"2306":[{"pref":"三重県","city":"津市","town":"安濃町曽根"}],"2307":[{"pref":"三重県","city":"津市","town":"安濃町浄土寺"}],"2308":[{"pref":"三重県","city":"津市","town":"安濃町川西"}],"2311":[{"pref":"三重県","city":"津市","town":"安濃町神田"}],"2312":[{"pref":"三重県","city":"津市","town":"安濃町連部"}],"2313":[{"pref":"三重県","city":"津市","town":"安濃町今徳"}],"2314":[{"pref":"三重県","city":"津市","town":"安濃町妙法寺"}],"2315":[{"pref":"三重県","city":"津市","town":"安濃町光明寺"}],"2316":[{"pref":"三重県","city":"津市","town":"安濃町南神山"}],"2317":[{"pref":"三重県","city":"津市","town":"安濃町前野"}],"2318":[{"pref":"三重県","city":"津市","town":"安濃町中川"}],"2321":[{"pref":"三重県","city":"津市","town":"安濃町野口"}],"2322":[{"pref":"三重県","city":"津市","town":"安濃町戸島"}],"2323":[{"pref":"三重県","city":"津市","town":"安濃町大塚"}],"2324":[{"pref":"三重県","city":"津市","town":"安濃町粟加"}],"2325":[{"pref":"三重県","city":"津市","town":"安濃町田端上野"}],"2326":[{"pref":"三重県","city":"津市","town":"安濃町東観音寺"}],"2327":[{"pref":"三重県","city":"津市","town":"安濃町安部"}],"2328":[{"pref":"三重県","city":"津市","town":"安濃町草生"}],"0000":[{"pref":"三重県","city":"津市","town":"以下に掲載がない場合"}],"0017":[{"pref":"三重県","city":"津市","town":"相生町"}],"0811":[{"pref":"三重県","city":"津市","town":"阿漕町"}],"0022":[{"pref":"三重県","city":"津市","town":"愛宕町"}],"0131":[{"pref":"三重県","city":"津市","town":"あのつ台"}],"0058":[{"pref":"三重県","city":"津市","town":"安東町"}],"0113":[{"pref":"三重県","city":"津市","town":"一身田大古曽"}],"0061":[{"pref":"三重県","city":"津市","town":"一身田上津部田"}],"0115":[{"pref":"三重県","city":"津市","town":"一身田豊野"}],"0112":[{"pref":"三重県","city":"津市","town":"一身田中野"}],"0111":[{"pref":"三重県","city":"津市","town":"一身田平野"}],"0114":[{"pref":"三重県","city":"津市","town":"一身田町"}],"0057":[{"pref":"三重県","city":"津市","town":"一色町"}],"0838":[{"pref":"三重県","city":"津市","town":"岩田"}],"0076":[{"pref":"三重県","city":"津市","town":"産品"}],"0001":[{"pref":"三重県","city":"津市","town":"江戸橋"}],"0834":[{"pref":"三重県","city":"津市","town":"大倉"}],"0124":[{"pref":"三重県","city":"津市","town":"大里川北町"}],"0125":[{"pref":"三重県","city":"津市","town":"大里窪田町"}],"0123":[{"pref":"三重県","city":"津市","town":"大里小野田町"}],"0122":[{"pref":"三重県","city":"津市","town":"大里野田町"}],"0126":[{"pref":"三重県","city":"津市","town":"大里睦合町"}],"0121":[{"pref":"三重県","city":"津市","town":"大里山室町"}],"0046":[{"pref":"三重県","city":"津市","town":"大園町"}],"0007":[{"pref":"三重県","city":"津市","town":"大谷町"}],"0039":[{"pref":"三重県","city":"津市","town":"押加部町"}],"0016":[{"pref":"三重県","city":"津市","town":"乙部"}],"0072":[{"pref":"三重県","city":"津市","town":"小舟"}],"0013":[{"pref":"三重県","city":"津市","town":"海岸町"}],"0082":[{"pref":"三重県","city":"津市","town":"片田井戸町"}],"0085":[{"pref":"三重県","city":"津市","town":"片田久保町"}],"0075":[{"pref":"三重県","city":"津市","town":"片田志袋町"}],"0083":[{"pref":"三重県","city":"津市","town":"片田新町"}],"0081":[{"pref":"三重県","city":"津市","town":"片田田中町"}],"0077":[{"pref":"三重県","city":"津市","town":"片田長谷町"}],"0074":[{"pref":"三重県","city":"津市","town":"片田長谷場町"}],"0086":[{"pref":"三重県","city":"津市","town":"片田薬王寺町"}],"0084":[{"pref":"三重県","city":"津市","town":"片田町"}],"0054":[{"pref":"三重県","city":"津市","town":"神納"}],"0052":[{"pref":"三重県","city":"津市","town":"神納町"}],"0008":[{"pref":"三重県","city":"津市","town":"上浜町"}],"0806":[{"pref":"三重県","city":"津市","town":"上弁財町"}],"0804":[{"pref":"三重県","city":"津市","town":"上弁財町津興"}],"0311":[{"pref":"三重県","city":"津市","town":"香良洲町（稲葉）"}],"0326":[{"pref":"三重県","city":"津市","town":"香良洲町（川原）"}],"0312":[{"pref":"三重県","city":"津市","town":"香良洲町（小松）"}],"0325":[{"pref":"三重県","city":"津市","town":"香良洲町（桜町）"}],"0324":[{"pref":"三重県","city":"津市","town":"香良洲町（地家）"}],"0321":[{"pref":"三重県","city":"津市","town":"香良洲町（砂原）"}],"0314":[{"pref":"三重県","city":"津市","town":"香良洲町（高砂）"}],"0323":[{"pref":"三重県","city":"津市","town":"香良洲町（馬場）"}],"0313":[{"pref":"三重県","city":"津市","town":"香良洲町（浜浦）"}],"0315":[{"pref":"三重県","city":"津市","town":"香良洲町（その他）"}],"0044":[{"pref":"三重県","city":"津市","town":"川添町"}],"0062":[{"pref":"三重県","city":"津市","town":"観音寺町"}],"0824":[{"pref":"三重県","city":"津市","town":"神戸"}],"0056":[{"pref":"三重県","city":"津市","town":"北河路町"}],"0023":[{"pref":"三重県","city":"津市","town":"北町津"}],"0031":[{"pref":"三重県","city":"津市","town":"北丸之内"}],"0302":[{"pref":"三重県","city":"津市","town":"雲出伊倉津町"}],"0301":[{"pref":"三重県","city":"津市","town":"雲出鋼管町"}],"0305":[{"pref":"三重県","city":"津市","town":"雲出島貫町"}],"0303":[{"pref":"三重県","city":"津市","town":"雲出長常町"}],"0304":[{"pref":"三重県","city":"津市","town":"雲出本郷町"}],"0104":[{"pref":"三重県","city":"津市","town":"栗真小川町"}],"0103":[{"pref":"三重県","city":"津市","town":"栗真中山町"}],"0102":[{"pref":"三重県","city":"津市","town":"栗真町屋町"}],"0065":[{"pref":"三重県","city":"津市","town":"河辺町"}],"0006":[{"pref":"三重県","city":"津市","town":"広明町"}],"0015":[{"pref":"三重県","city":"津市","town":"寿町"}],"0835":[{"pref":"三重県","city":"津市","town":"幸町"}],"0004":[{"pref":"三重県","city":"津市","town":"栄町"}],"0047":[{"pref":"三重県","city":"津市","town":"桜田町"}],"0003":[{"pref":"三重県","city":"津市","town":"桜橋"}],"0063":[{"pref":"三重県","city":"津市","town":"渋見町"}],"0002":[{"pref":"三重県","city":"津市","town":"島崎町"}],"0805":[{"pref":"三重県","city":"津市","town":"下弁財町津興"}],"0837":[{"pref":"三重県","city":"津市","town":"修成町"}],"0101":[{"pref":"三重県","city":"津市","town":"白塚町"}],"0818":[{"pref":"三重県","city":"津市","town":"城山"}],"0024":[{"pref":"三重県","city":"津市","town":"新立町津"}],"0026":[{"pref":"三重県","city":"津市","town":"新東町塔世"}],"0042":[{"pref":"三重県","city":"津市","town":"新町"}],"0012":[{"pref":"三重県","city":"津市","town":"末広町"}],"0019":[{"pref":"三重県","city":"津市","town":"住吉町"}],"0801":[{"pref":"三重県","city":"津市","town":"船頭町津興"}],"0027":[{"pref":"三重県","city":"津市","town":"大門"}],"0011":[{"pref":"三重県","city":"津市","town":"高洲町"}],"0819":[{"pref":"三重県","city":"津市","town":"高茶屋"}],"0816":[{"pref":"三重県","city":"津市","town":"高茶屋小森上野町"}],"0817":[{"pref":"三重県","city":"津市","town":"高茶屋小森町"}],"0821":[{"pref":"三重県","city":"津市","town":"垂水"}],"0032":[{"pref":"三重県","city":"津市","town":"中央"}],"0812":[{"pref":"三重県","city":"津市","town":"津興"}],"0073":[{"pref":"三重県","city":"津市","town":"殿村"}],"0005":[{"pref":"三重県","city":"津市","town":"鳥居町"}],"0018":[{"pref":"三重県","city":"津市","town":"中河原"}],"0064":[{"pref":"三重県","city":"津市","town":"長岡町"}],"0010":[{"pref":"三重県","city":"津市","town":"なぎさまち"}],"0833":[{"pref":"三重県","city":"津市","town":"西阿漕町岩田"}],"0038":[{"pref":"三重県","city":"津市","town":"西古河町"}],"0035":[{"pref":"三重県","city":"津市","town":"西丸之内"}],"0051":[{"pref":"三重県","city":"津市","town":"納所町"}],"0836":[{"pref":"三重県","city":"津市","town":"野崎垣内岩田"}],"0826":[{"pref":"三重県","city":"津市","town":"野田"}],"0053":[{"pref":"三重県","city":"津市","town":"博多町"}],"0041":[{"pref":"三重県","city":"津市","town":"八町"}],"0009":[{"pref":"三重県","city":"津市","town":"羽所町"}],"0823":[{"pref":"三重県","city":"津市","town":"半田"}],"0037":[{"pref":"三重県","city":"津市","town":"東古河町"}],"0025":[{"pref":"三重県","city":"津市","town":"東町津"}],"0028":[{"pref":"三重県","city":"津市","town":"東丸之内"}],"0814":[{"pref":"三重県","city":"津市","town":"藤枝町"}],"0815":[{"pref":"三重県","city":"津市","town":"藤方"}],"0831":[{"pref":"三重県","city":"津市","town":"本町"}],"0033":[{"pref":"三重県","city":"津市","town":"丸之内"}],"0036":[{"pref":"三重県","city":"津市","town":"丸之内養正町"}],"0802":[{"pref":"三重県","city":"津市","town":"三重町津興"}],"0045":[{"pref":"三重県","city":"津市","town":"美川町"}],"0825":[{"pref":"三重県","city":"津市","town":"緑が丘"}],"0014":[{"pref":"三重県","city":"津市","town":"港町"}],"0822":[{"pref":"三重県","city":"津市","town":"南が丘"}],"0055":[{"pref":"三重県","city":"津市","town":"南河路"}],"0043":[{"pref":"三重県","city":"津市","town":"南新町"}],"0832":[{"pref":"三重県","city":"津市","town":"南中央"}],"0034":[{"pref":"三重県","city":"津市","town":"南丸之内"}],"0803":[{"pref":"三重県","city":"津市","town":"柳山津興"}],"0813":[{"pref":"三重県","city":"津市","town":"八幡町"}],"0116":[{"pref":"三重県","city":"津市","town":"夢が丘"}],"0021":[{"pref":"三重県","city":"津市","town":"万町津"}],"0071":[{"pref":"三重県","city":"津市","town":"分部"}]}