{"0062":[{"pref":"神奈川県","city":"横須賀市","town":"浦郷町"}],"0063":[{"pref":"神奈川県","city":"横須賀市","town":"追浜東町"}],"0065":[{"pref":"神奈川県","city":"横須賀市","town":"追浜南町"}],"0068":[{"pref":"神奈川県","city":"横須賀市","town":"追浜本町"}],"0064":[{"pref":"神奈川県","city":"横須賀市","town":"追浜町"}],"0066":[{"pref":"神奈川県","city":"横須賀市","town":"湘南鷹取"}],"0073":[{"pref":"神奈川県","city":"横須賀市","town":"田浦泉町"}],"0074":[{"pref":"神奈川県","city":"横須賀市","town":"田浦大作町"}],"0071":[{"pref":"神奈川県","city":"横須賀市","town":"田浦港町"}],"0075":[{"pref":"神奈川県","city":"横須賀市","town":"田浦町"}],"0067":[{"pref":"神奈川県","city":"横須賀市","town":"鷹取"}],"0072":[{"pref":"神奈川県","city":"横須賀市","town":"長浦町"}],"0061":[{"pref":"神奈川県","city":"横須賀市","town":"夏島町"}],"0078":[{"pref":"神奈川県","city":"横須賀市","town":"箱崎町"}],"0077":[{"pref":"神奈川県","city":"横須賀市","town":"浜見台"}],"0076":[{"pref":"神奈川県","city":"横須賀市","town":"船越町"}],"0079":[{"pref":"神奈川県","city":"横須賀市","town":"港が丘"}]}