{"1101":[{"pref":"静岡県","city":"袋井市","town":"浅羽"}],"1102":[{"pref":"静岡県","city":"袋井市","town":"浅名"}],"1103":[{"pref":"静岡県","city":"袋井市","town":"豊住"}],"1104":[{"pref":"静岡県","city":"袋井市","town":"新堀"}],"1105":[{"pref":"静岡県","city":"袋井市","town":"梅山"}],"1111":[{"pref":"静岡県","city":"袋井市","town":"中新田"}],"1112":[{"pref":"静岡県","city":"袋井市","town":"大野"}],"1113":[{"pref":"静岡県","city":"袋井市","town":"東同笠"}],"1114":[{"pref":"静岡県","city":"袋井市","town":"西同笠"}],"1115":[{"pref":"静岡県","city":"袋井市","town":"湊"}],"1116":[{"pref":"静岡県","city":"袋井市","town":"太郎助"}],"1117":[{"pref":"静岡県","city":"袋井市","town":"松原"}],"1118":[{"pref":"静岡県","city":"袋井市","town":"西ケ崎"}],"1119":[{"pref":"静岡県","city":"袋井市","town":"初越"}],"1121":[{"pref":"静岡県","city":"袋井市","town":"諸井"}],"1122":[{"pref":"静岡県","city":"袋井市","town":"浅岡"}],"1123":[{"pref":"静岡県","city":"袋井市","town":"浅羽一色"}],"1124":[{"pref":"静岡県","city":"袋井市","town":"富里"}],"1125":[{"pref":"静岡県","city":"袋井市","town":"中"}],"1126":[{"pref":"静岡県","city":"袋井市","town":"長溝"}],"1201":[{"pref":"静岡県","city":"磐田市","town":"豊浜中野"}],"1202":[{"pref":"静岡県","city":"磐田市","town":"豊浜"}],"1203":[{"pref":"静岡県","city":"磐田市","town":"福田"}],"1204":[{"pref":"静岡県","city":"磐田市","town":"福田中島"}],"1205":[{"pref":"静岡県","city":"磐田市","town":"下太"}],"1206":[{"pref":"静岡県","city":"磐田市","town":"五十子"}],"1207":[{"pref":"静岡県","city":"磐田市","town":"蛭池"}],"1208":[{"pref":"静岡県","city":"磐田市","town":"東小島"}],"1209":[{"pref":"静岡県","city":"磐田市","town":"南島"}],"1211":[{"pref":"静岡県","city":"磐田市","town":"大原（その他）"}],"1212":[{"pref":"静岡県","city":"磐田市","town":"南田"}],"1213":[{"pref":"静岡県","city":"磐田市","town":"塩新田"}],"1214":[{"pref":"静岡県","city":"磐田市","town":"清庵新田"}],"1215":[{"pref":"静岡県","city":"磐田市","town":"太郎馬新田"}],"1216":[{"pref":"静岡県","city":"磐田市","town":"一色"}],"1217":[{"pref":"静岡県","city":"磐田市","town":"宇兵衛新田"}],"1218":[{"pref":"静岡県","city":"磐田市","town":"南田伊兵衛新田"}],"1301":[{"pref":"静岡県","city":"掛川市","town":"横須賀"}],"1302":[{"pref":"静岡県","city":"掛川市","town":"大渕"}],"1303":[{"pref":"静岡県","city":"掛川市","town":"沖之須"}],"1304":[{"pref":"静岡県","city":"掛川市","town":"西大渕"}],"1305":[{"pref":"静岡県","city":"掛川市","town":"山崎"}],"1306":[{"pref":"静岡県","city":"掛川市","town":"洋望台"}],"1311":[{"pref":"静岡県","city":"袋井市","town":"山崎"}],"1312":[{"pref":"静岡県","city":"袋井市","town":"岡崎"}],"1401":[{"pref":"静岡県","city":"掛川市","town":"高瀬"}],"1402":[{"pref":"静岡県","city":"掛川市","town":"中方"}],"1403":[{"pref":"静岡県","city":"掛川市","town":"岩滑"}],"1404":[{"pref":"静岡県","city":"掛川市","town":"西之谷"}],"1405":[{"pref":"静岡県","city":"掛川市","town":"中"}],"1406":[{"pref":"静岡県","city":"掛川市","town":"川久保"}],"1407":[{"pref":"静岡県","city":"掛川市","town":"小貫"}],"1411":[{"pref":"静岡県","city":"掛川市","town":"坂里"}],"1412":[{"pref":"静岡県","city":"掛川市","town":"千浜"}],"1413":[{"pref":"静岡県","city":"掛川市","town":"国安"}],"1414":[{"pref":"静岡県","city":"掛川市","town":"国包"}],"1415":[{"pref":"静岡県","city":"掛川市","town":"菊浜"}],"1416":[{"pref":"静岡県","city":"掛川市","town":"三俣"}],"1421":[{"pref":"静岡県","city":"掛川市","town":"大坂"}],"1422":[{"pref":"静岡県","city":"掛川市","town":"海戸"}],"1423":[{"pref":"静岡県","city":"掛川市","town":"浜川新田"}],"1424":[{"pref":"静岡県","city":"掛川市","town":"浜野"}],"1425":[{"pref":"静岡県","city":"掛川市","town":"浜野新田"}],"1431":[{"pref":"静岡県","city":"掛川市","town":"上土方落合"}],"1432":[{"pref":"静岡県","city":"掛川市","town":"上土方工業団地"}],"1433":[{"pref":"静岡県","city":"掛川市","town":"上土方"}],"1434":[{"pref":"静岡県","city":"掛川市","town":"下土方"}],"1435":[{"pref":"静岡県","city":"掛川市","town":"上土方嶺向"}],"1436":[{"pref":"静岡県","city":"掛川市","town":"今滝"}],"1437":[{"pref":"静岡県","city":"掛川市","town":"上土方旦付新田"}],"1438":[{"pref":"静岡県","city":"掛川市","town":"入山瀬"}],"1439":[{"pref":"静岡県","city":"掛川市","town":"大坪台"}],"1501":[{"pref":"静岡県","city":"菊川市","town":"丹野"}],"1502":[{"pref":"静岡県","city":"菊川市","town":"古谷"}],"1503":[{"pref":"静岡県","city":"菊川市","town":"川上"}],"1504":[{"pref":"静岡県","city":"菊川市","town":"花水木"}],"1505":[{"pref":"静岡県","city":"菊川市","town":"高橋"}],"1506":[{"pref":"静岡県","city":"菊川市","town":"河東"}],"1507":[{"pref":"静岡県","city":"菊川市","town":"赤土"}],"1511":[{"pref":"静岡県","city":"菊川市","town":"目木"}],"1512":[{"pref":"静岡県","city":"菊川市","town":"猿渡"}],"1513":[{"pref":"静岡県","city":"菊川市","town":"棚草"}],"1514":[{"pref":"静岡県","city":"菊川市","town":"下平川"}],"1521":[{"pref":"静岡県","city":"菊川市","town":"上平川"}],"1522":[{"pref":"静岡県","city":"菊川市","town":"嶺田"}],"1523":[{"pref":"静岡県","city":"菊川市","town":"堂山新田"}],"1524":[{"pref":"静岡県","city":"菊川市","town":"大石"}],"1600":[{"pref":"静岡県","city":"御前崎市","town":"以下に掲載がない場合"}],"1601":[{"pref":"静岡県","city":"御前崎市","town":"上朝比奈"}],"1602":[{"pref":"静岡県","city":"御前崎市","town":"比木"}],"1603":[{"pref":"静岡県","city":"御前崎市","town":"宮内"}],"1604":[{"pref":"静岡県","city":"御前崎市","town":"佐倉"}],"1605":[{"pref":"静岡県","city":"御前崎市","town":"下朝比奈"}],"1611":[{"pref":"静岡県","city":"御前崎市","town":"新野"}],"1612":[{"pref":"静岡県","city":"御前崎市","town":"池新田"}],"1613":[{"pref":"静岡県","city":"御前崎市","town":"合戸"}],"1614":[{"pref":"静岡県","city":"御前崎市","town":"塩原新田"}],"1615":[{"pref":"静岡県","city":"御前崎市","town":"門屋"}],"1621":[{"pref":"静岡県","city":"御前崎市","town":"御前崎"}],"1622":[{"pref":"静岡県","city":"御前崎市","town":"白羽"}],"1623":[{"pref":"静岡県","city":"御前崎市","town":"港"}],"0617":[{"pref":"静岡県","city":"浜松市天竜区","town":"春野町筏戸大上"}],"0621":[{"pref":"静岡県","city":"浜松市天竜区","town":"春野町砂川"}],"0615":[{"pref":"静岡県","city":"浜松市天竜区","town":"春野町石打松下"}],"0607":[{"pref":"静岡県","city":"浜松市天竜区","town":"春野町石切"}],"0624":[{"pref":"静岡県","city":"浜松市天竜区","town":"春野町和泉平"}],"0622":[{"pref":"静岡県","city":"浜松市天竜区","town":"春野町大時"}],"0608":[{"pref":"静岡県","city":"浜松市天竜区","town":"春野町小俣京丸"}],"0601":[{"pref":"静岡県","city":"浜松市天竜区","town":"春野町川上"}],"0623":[{"pref":"静岡県","city":"浜松市天竜区","town":"春野町胡桃平"}],"0605":[{"pref":"静岡県","city":"浜松市天竜区","town":"春野町気田"}],"0618":[{"pref":"静岡県","city":"浜松市天竜区","town":"春野町越木平"}],"0603":[{"pref":"静岡県","city":"浜松市天竜区","town":"春野町五和"}],"0602":[{"pref":"静岡県","city":"浜松市天竜区","town":"春野町杉"}],"0616":[{"pref":"静岡県","city":"浜松市天竜区","town":"春野町田黒"}],"0611":[{"pref":"静岡県","city":"浜松市天竜区","town":"春野町田河内"}],"0614":[{"pref":"静岡県","city":"浜松市天竜区","town":"春野町長蔵寺"}],"0606":[{"pref":"静岡県","city":"浜松市天竜区","town":"春野町豊岡"}],"0612":[{"pref":"静岡県","city":"浜松市天竜区","town":"春野町花島"}],"0625":[{"pref":"静岡県","city":"浜松市天竜区","town":"春野町堀之内"}],"0613":[{"pref":"静岡県","city":"浜松市天竜区","town":"春野町牧野"}],"0604":[{"pref":"静岡県","city":"浜松市天竜区","town":"春野町宮川"}],"0626":[{"pref":"静岡県","city":"浜松市天竜区","town":"春野町領家"}],"0000":[{"pref":"静岡県","city":"袋井市","town":"以下に掲載がない場合"}],"0031":[{"pref":"静岡県","city":"袋井市","town":"愛野"}],"0039":[{"pref":"静岡県","city":"袋井市","town":"愛野東"}],"0040":[{"pref":"静岡県","city":"袋井市","town":"愛野南"}],"0016":[{"pref":"静岡県","city":"袋井市","town":"葵町"}],"0034":[{"pref":"静岡県","city":"袋井市","town":"青木町"}],"0015":[{"pref":"静岡県","city":"袋井市","town":"旭町"}],"0013":[{"pref":"静岡県","city":"袋井市","town":"新屋"}],"0062":[{"pref":"静岡県","city":"袋井市","town":"泉町"}],"0033":[{"pref":"静岡県","city":"袋井市","town":"上田町"}],"0121":[{"pref":"静岡県","city":"袋井市","town":"宇刈"}],"0014":[{"pref":"静岡県","city":"袋井市","town":"永楽町"}],"0052":[{"pref":"静岡県","city":"袋井市","town":"太田"}],"0006":[{"pref":"静岡県","city":"袋井市","town":"大谷"}],"0036":[{"pref":"静岡県","city":"袋井市","town":"小川町"}],"0124":[{"pref":"静岡県","city":"袋井市","town":"沖山梨"}],"0056":[{"pref":"静岡県","city":"袋井市","town":"小山"}],"0029":[{"pref":"静岡県","city":"袋井市","town":"掛之上"}],"0127":[{"pref":"静岡県","city":"袋井市","town":"可睡の杜"}],"0028":[{"pref":"静岡県","city":"袋井市","town":"神長"}],"0125":[{"pref":"静岡県","city":"袋井市","town":"上山梨"}],"0003":[{"pref":"静岡県","city":"袋井市","town":"萱間"}],"0064":[{"pref":"静岡県","city":"袋井市","town":"川井"}],"0002":[{"pref":"静岡県","city":"袋井市","town":"川会"}],"0046":[{"pref":"静岡県","city":"袋井市","town":"木原"}],"0012":[{"pref":"静岡県","city":"袋井市","town":"国本"}],"0061":[{"pref":"静岡県","city":"袋井市","town":"久能"}],"0025":[{"pref":"静岡県","city":"袋井市","town":"栄町"}],"0037":[{"pref":"静岡県","city":"袋井市","town":"清水町"}],"0123":[{"pref":"静岡県","city":"袋井市","town":"下山梨"}],"0035":[{"pref":"静岡県","city":"袋井市","town":"砂本町"}],"0038":[{"pref":"静岡県","city":"袋井市","town":"大門"}],"0023":[{"pref":"静岡県","city":"袋井市","town":"高尾"}],"0027":[{"pref":"静岡県","city":"袋井市","town":"高尾町"}],"0063":[{"pref":"静岡県","city":"袋井市","town":"田町"}],"0126":[{"pref":"静岡県","city":"袋井市","town":"月見町"}],"0055":[{"pref":"静岡県","city":"袋井市","town":"土橋"}],"0067":[{"pref":"静岡県","city":"袋井市","town":"天神町"}],"0054":[{"pref":"静岡県","city":"袋井市","town":"徳光"}],"0004":[{"pref":"静岡県","city":"袋井市","town":"友永"}],"0032":[{"pref":"静岡県","city":"袋井市","town":"豊沢"}],"0043":[{"pref":"静岡県","city":"袋井市","town":"新池"}],"0047":[{"pref":"静岡県","city":"袋井市","town":"西田"}],"0053":[{"pref":"静岡県","city":"袋井市","town":"延久"}],"0122":[{"pref":"静岡県","city":"袋井市","town":"春岡"}],"0045":[{"pref":"静岡県","city":"袋井市","town":"彦島"}],"0021":[{"pref":"静岡県","city":"袋井市","town":"広岡"}],"0051":[{"pref":"静岡県","city":"袋井市","town":"深見"}],"0026":[{"pref":"静岡県","city":"袋井市","town":"袋井"}],"0022":[{"pref":"静岡県","city":"袋井市","town":"方丈"}],"0065":[{"pref":"静岡県","city":"袋井市","town":"堀越"}],"0044":[{"pref":"静岡県","city":"袋井市","town":"松袋井"}],"0024":[{"pref":"静岡県","city":"袋井市","town":"三門町"}],"0005":[{"pref":"静岡県","city":"袋井市","town":"見取"}],"0041":[{"pref":"静岡県","city":"袋井市","town":"睦町"}],"0011":[{"pref":"静岡県","city":"袋井市","town":"村松"}],"0066":[{"pref":"静岡県","city":"袋井市","town":"山科"}],"0001":[{"pref":"静岡県","city":"袋井市","town":"山田"}],"0042":[{"pref":"静岡県","city":"袋井市","town":"山名町"}],"0057":[{"pref":"静岡県","city":"袋井市","town":"横井"}],"0017":[{"pref":"静岡県","city":"袋井市","town":"鷲巣"}],"0200":[{"pref":"静岡県","city":"周智郡森町","town":"以下に掲載がない場合"}],"0216":[{"pref":"静岡県","city":"周智郡森町","town":"天宮"}],"0222":[{"pref":"静岡県","city":"周智郡森町","town":"飯田"}],"0226":[{"pref":"静岡県","city":"周智郡森町","town":"一宮"}],"0224":[{"pref":"静岡県","city":"周智郡森町","town":"牛飼"}],"0217":[{"pref":"静岡県","city":"周智郡森町","town":"薄場"}],"0221":[{"pref":"静岡県","city":"周智郡森町","town":"円田"}],"0205":[{"pref":"静岡県","city":"周智郡森町","town":"大鳥居"}],"0203":[{"pref":"静岡県","city":"周智郡森町","town":"鍛冶島"}],"0206":[{"pref":"静岡県","city":"周智郡森町","town":"葛布"}],"0202":[{"pref":"静岡県","city":"周智郡森町","town":"亀久保"}],"0214":[{"pref":"静岡県","city":"周智郡森町","town":"草ケ谷"}],"0201":[{"pref":"静岡県","city":"周智郡森町","town":"嵯塚"}],"0211":[{"pref":"静岡県","city":"周智郡森町","town":"城下"}],"0227":[{"pref":"静岡県","city":"周智郡森町","town":"橘"}],"0204":[{"pref":"静岡県","city":"周智郡森町","town":"問詰"}],"0223":[{"pref":"静岡県","city":"周智郡森町","town":"中川"}],"0207":[{"pref":"静岡県","city":"周智郡森町","town":"西俣"}],"0208":[{"pref":"静岡県","city":"周智郡森町","town":"三倉"}],"0212":[{"pref":"静岡県","city":"周智郡森町","town":"向天方"}],"0213":[{"pref":"静岡県","city":"周智郡森町","town":"睦実"}],"0215":[{"pref":"静岡県","city":"周智郡森町","town":"森"}],"0225":[{"pref":"静岡県","city":"周智郡森町","town":"谷中"}]}