{"0000":[{"pref":"京都府","city":"宇治市","town":"以下に掲載がない場合"}],"0043":[{"pref":"京都府","city":"宇治市","town":"伊勢田町"}],"0044":[{"pref":"京都府","city":"宇治市","town":"伊勢田町名木"}],"0021":[{"pref":"京都府","city":"宇治市","town":"宇治"}],"0033":[{"pref":"京都府","city":"宇治市","town":"大久保町"}],"0042":[{"pref":"京都府","city":"宇治市","town":"小倉町"}],"0023":[{"pref":"京都府","city":"宇治市","town":"折居台"}],"0011":[{"pref":"京都府","city":"宇治市","town":"五ケ庄"}],"0002":[{"pref":"京都府","city":"宇治市","town":"木幡"}],"0015":[{"pref":"京都府","city":"宇治市","town":"志津川"}],"0022":[{"pref":"京都府","city":"宇治市","town":"白川"}],"0025":[{"pref":"京都府","city":"宇治市","town":"神明"}],"0032":[{"pref":"京都府","city":"宇治市","town":"寺山台"}],"0029":[{"pref":"京都府","city":"宇治市","town":"天神台"}],"0013":[{"pref":"京都府","city":"宇治市","town":"莵道（その他）"}],"0028":[{"pref":"京都府","city":"宇治市","town":"南陵町"}],"0012":[{"pref":"京都府","city":"宇治市","town":"羽戸山"}],"0027":[{"pref":"京都府","city":"宇治市","town":"羽拍子町"}],"0003":[{"pref":"京都府","city":"宇治市","town":"平尾台"}],"0026":[{"pref":"京都府","city":"宇治市","town":"開町"}],"0031":[{"pref":"京都府","city":"宇治市","town":"広野町"}],"0024":[{"pref":"京都府","city":"宇治市","town":"琵琶台"}],"0041":[{"pref":"京都府","city":"宇治市","town":"槇島町"}],"0014":[{"pref":"京都府","city":"宇治市","town":"明星町"}],"0045":[{"pref":"京都府","city":"宇治市","town":"安田町"}],"0001":[{"pref":"京都府","city":"宇治市","town":"六地蔵"}]}