{"1100":[{"pref":"秋田県","city":"雄勝郡羽後町","town":"以下に掲載がない場合"}],"1101":[{"pref":"秋田県","city":"雄勝郡羽後町","town":"大沢"}],"1102":[{"pref":"秋田県","city":"雄勝郡羽後町","town":"新町"}],"1103":[{"pref":"秋田県","city":"雄勝郡羽後町","town":"林崎"}],"1104":[{"pref":"秋田県","city":"雄勝郡羽後町","town":"堀内"}],"1105":[{"pref":"秋田県","city":"雄勝郡羽後町","town":"水沢"}],"1106":[{"pref":"秋田県","city":"雄勝郡羽後町","town":"払体"}],"1111":[{"pref":"秋田県","city":"雄勝郡羽後町","town":"嶋田新田"}],"1112":[{"pref":"秋田県","city":"雄勝郡羽後町","town":"睦合"}],"1113":[{"pref":"秋田県","city":"雄勝郡羽後町","town":"郡山"}],"1114":[{"pref":"秋田県","city":"雄勝郡羽後町","town":"糠塚"}],"1115":[{"pref":"秋田県","city":"雄勝郡羽後町","town":"足田"}],"1116":[{"pref":"秋田県","city":"雄勝郡羽後町","town":"高尾田"}],"1121":[{"pref":"秋田県","city":"雄勝郡羽後町","town":"大久保"}],"1122":[{"pref":"秋田県","city":"雄勝郡羽後町","town":"柏原"}],"1123":[{"pref":"秋田県","city":"雄勝郡羽後町","town":"貝沢"}],"1124":[{"pref":"秋田県","city":"雄勝郡羽後町","town":"赤袴"}],"1125":[{"pref":"秋田県","city":"雄勝郡羽後町","town":"野中"}],"1126":[{"pref":"秋田県","city":"雄勝郡羽後町","town":"杉宮"}],"1131":[{"pref":"秋田県","city":"雄勝郡羽後町","town":"西馬音内"}],"1132":[{"pref":"秋田県","city":"雄勝郡羽後町","town":"大戸"}],"1133":[{"pref":"秋田県","city":"雄勝郡羽後町","town":"床舞"}],"1134":[{"pref":"秋田県","city":"雄勝郡羽後町","town":"田沢"}],"1135":[{"pref":"秋田県","city":"雄勝郡羽後町","town":"鹿内"}],"1136":[{"pref":"秋田県","city":"雄勝郡羽後町","town":"飯沢"}],"1137":[{"pref":"秋田県","city":"雄勝郡羽後町","town":"西馬音内堀回"}],"1241":[{"pref":"秋田県","city":"雄勝郡羽後町","town":"田代"}],"1242":[{"pref":"秋田県","city":"雄勝郡羽後町","town":"上到米"}],"1243":[{"pref":"秋田県","city":"雄勝郡羽後町","town":"軽井沢"}],"1351":[{"pref":"秋田県","city":"雄勝郡羽後町","town":"下仙道"}],"1352":[{"pref":"秋田県","city":"雄勝郡羽後町","town":"中仙道"}],"1353":[{"pref":"秋田県","city":"雄勝郡羽後町","town":"上仙道"}],"0000":[{"pref":"秋田県","city":"湯沢市","town":"以下に掲載がない場合"}],"0024":[{"pref":"秋田県","city":"湯沢市","town":"赤土"}],"0855":[{"pref":"秋田県","city":"湯沢市","town":"愛宕町"}],"0042":[{"pref":"秋田県","city":"湯沢市","town":"小豆田"}],"0852":[{"pref":"秋田県","city":"湯沢市","town":"荒町"}],"0062":[{"pref":"秋田県","city":"湯沢市","town":"石塚"}],"0107":[{"pref":"秋田県","city":"湯沢市","town":"稲庭町"}],"0022":[{"pref":"秋田県","city":"湯沢市","town":"祝田"}],"0801":[{"pref":"秋田県","city":"湯沢市","town":"岩崎"}],"0834":[{"pref":"秋田県","city":"湯沢市","town":"岩ノ沢山"}],"0842":[{"pref":"秋田県","city":"湯沢市","town":"内舘町"}],"0843":[{"pref":"秋田県","city":"湯沢市","town":"内町"}],"0824":[{"pref":"秋田県","city":"湯沢市","town":"裏門"},{"pref":"秋田県","city":"湯沢市","town":"佐竹町"}],"0014":[{"pref":"秋田県","city":"湯沢市","town":"大倉谷地"}],"0026":[{"pref":"秋田県","city":"湯沢市","town":"大島"}],"0841":[{"pref":"秋田県","city":"湯沢市","town":"大町"}],"0012":[{"pref":"秋田県","city":"湯沢市","town":"大森"}],"0045":[{"pref":"秋田県","city":"湯沢市","town":"岡田町"}],"0057":[{"pref":"秋田県","city":"湯沢市","town":"雄勝田"}],"0856":[{"pref":"秋田県","city":"湯沢市","town":"御囲地町"}],"0023":[{"pref":"秋田県","city":"湯沢市","town":"沖田"}],"0037":[{"pref":"秋田県","city":"湯沢市","town":"沖鶴"}],"0827":[{"pref":"秋田県","city":"湯沢市","town":"表町"}],"0001":[{"pref":"秋田県","city":"湯沢市","town":"角間"}],"0831":[{"pref":"秋田県","city":"湯沢市","town":"角間沢"}],"0833":[{"pref":"秋田県","city":"湯沢市","town":"カツクイ沢山"}],"0005":[{"pref":"秋田県","city":"湯沢市","town":"金谷"}],"0835":[{"pref":"秋田県","city":"湯沢市","town":"鉦打沢"}],"0836":[{"pref":"秋田県","city":"湯沢市","town":"金堀沢山"}],"0864":[{"pref":"秋田県","city":"湯沢市","town":"上関"}],"0003":[{"pref":"秋田県","city":"湯沢市","town":"上二井田"}],"0105":[{"pref":"秋田県","city":"湯沢市","town":"川連町"}],"0825":[{"pref":"秋田県","city":"湯沢市","town":"北荒町"}],"0015":[{"pref":"秋田県","city":"湯沢市","town":"倉内"}],"0021":[{"pref":"秋田県","city":"湯沢市","town":"黄金原"}],"0104":[{"pref":"秋田県","city":"湯沢市","town":"駒形町"}],"0845":[{"pref":"秋田県","city":"湯沢市","town":"材木町"}],"0035":[{"pref":"秋田県","city":"湯沢市","town":"幸町"}],"0013":[{"pref":"秋田県","city":"湯沢市","town":"栄田"}],"0811":[{"pref":"秋田県","city":"湯沢市","town":"桜通り"}],"0033":[{"pref":"秋田県","city":"湯沢市","town":"清水町"}],"0863":[{"pref":"秋田県","city":"湯沢市","town":"下関"}],"0052":[{"pref":"秋田県","city":"湯沢市","town":"下中川原"}],"0002":[{"pref":"秋田県","city":"湯沢市","town":"下二井田"}],"0822":[{"pref":"秋田県","city":"湯沢市","town":"下山谷"}],"0853":[{"pref":"秋田県","city":"湯沢市","town":"新町"}],"0804":[{"pref":"秋田県","city":"湯沢市","town":"杉沢"}],"0803":[{"pref":"秋田県","city":"湯沢市","town":"杉沢新所"}],"0862":[{"pref":"秋田県","city":"湯沢市","town":"関口"}],"0016":[{"pref":"秋田県","city":"湯沢市","town":"千刈"}],"0857":[{"pref":"秋田県","city":"湯沢市","town":"千石町"}],"0814":[{"pref":"秋田県","city":"湯沢市","town":"大工町"}],"0008":[{"pref":"秋田県","city":"湯沢市","town":"高前"}],"0844":[{"pref":"秋田県","city":"湯沢市","town":"田町"}],"0031":[{"pref":"秋田県","city":"湯沢市","town":"鶴館"}],"0854":[{"pref":"秋田県","city":"湯沢市","town":"鳶ケ沢山"}],"0053":[{"pref":"秋田県","city":"湯沢市","town":"中川原"}],"0041":[{"pref":"秋田県","city":"湯沢市","town":"中野"}],"0044":[{"pref":"秋田県","city":"湯沢市","town":"中野々目"}],"0802":[{"pref":"秋田県","city":"湯沢市","town":"成沢"}],"0004":[{"pref":"秋田県","city":"湯沢市","town":"二井田"}],"0868":[{"pref":"秋田県","city":"湯沢市","town":"西愛宕町"}],"0837":[{"pref":"秋田県","city":"湯沢市","town":"西金堀沢山"}],"0034":[{"pref":"秋田県","city":"湯沢市","town":"西新町"}],"0054":[{"pref":"秋田県","city":"湯沢市","town":"西中川原"}],"0866":[{"pref":"秋田県","city":"湯沢市","town":"西松沢"}],"0865":[{"pref":"秋田県","city":"湯沢市","town":"沼樋"}],"0812":[{"pref":"秋田県","city":"湯沢市","town":"東赤土山"}],"0861":[{"pref":"秋田県","city":"湯沢市","town":"東松沢"}],"0832":[{"pref":"秋田県","city":"湯沢市","town":"広沢山"}],"0051":[{"pref":"秋田県","city":"湯沢市","town":"深堀"}],"0056":[{"pref":"秋田県","city":"湯沢市","town":"藤花"}],"0017":[{"pref":"秋田県","city":"湯沢市","town":"富士見"}],"0851":[{"pref":"秋田県","city":"湯沢市","town":"吹張"}],"0815":[{"pref":"秋田県","city":"湯沢市","town":"古館町"}],"0838":[{"pref":"秋田県","city":"湯沢市","town":"蛇野"}],"0025":[{"pref":"秋田県","city":"湯沢市","town":"前島"}],"0813":[{"pref":"秋田県","city":"湯沢市","town":"前森"}],"0061":[{"pref":"秋田県","city":"湯沢市","town":"松岡"}],"0043":[{"pref":"秋田県","city":"湯沢市","town":"万石"}],"0106":[{"pref":"秋田県","city":"湯沢市","town":"三梨町"}],"0183":[{"pref":"秋田県","city":"湯沢市","town":"皆瀬（その他）"}],"0867":[{"pref":"秋田県","city":"湯沢市","town":"南台"}],"0032":[{"pref":"秋田県","city":"湯沢市","town":"元清水"}],"0011":[{"pref":"秋田県","city":"湯沢市","town":"森"}],"0006":[{"pref":"秋田県","city":"湯沢市","town":"柳田"}],"0826":[{"pref":"秋田県","city":"湯沢市","town":"柳町"}],"0055":[{"pref":"秋田県","city":"湯沢市","town":"山田"}],"0821":[{"pref":"秋田県","city":"湯沢市","town":"山谷"}],"0007":[{"pref":"秋田県","city":"湯沢市","town":"八幡"}],"0823":[{"pref":"秋田県","city":"湯沢市","town":"湯ノ上山"},{"pref":"秋田県","city":"湯沢市","town":"湯ノ原"}],"0036":[{"pref":"秋田県","city":"湯沢市","town":"両神"}],"0869":[{"pref":"秋田県","city":"湯沢市","town":"若葉町"}]}