{"8001":[{"pref":"愛知県","city":"愛西市","town":"勝幡町"}],"8002":[{"pref":"愛知県","city":"愛西市","town":"佐折町"}],"8003":[{"pref":"愛知県","city":"愛西市","town":"千引町"}],"8004":[{"pref":"愛知県","city":"愛西市","town":"古瀬町"}],"8005":[{"pref":"愛知県","city":"愛西市","town":"諸桑町"}],"8006":[{"pref":"愛知県","city":"愛西市","town":"持中町"}],"8007":[{"pref":"愛知県","city":"愛西市","town":"南河田町"}],"8008":[{"pref":"愛知県","city":"愛西市","town":"北河田町"}],"8009":[{"pref":"愛知県","city":"愛西市","town":"小津町"}],"8010":[{"pref":"愛知県","city":"愛西市","town":"六輪町"}],"8011":[{"pref":"愛知県","city":"愛西市","town":"諏訪町"}],"8012":[{"pref":"愛知県","city":"愛西市","town":"根高町"}],"8013":[{"pref":"愛知県","city":"愛西市","town":"見越町"}],"8014":[{"pref":"愛知県","city":"愛西市","town":"町方町"}],"8015":[{"pref":"愛知県","city":"愛西市","town":"草平町"}],"8016":[{"pref":"愛知県","city":"愛西市","town":"鷹場町"}],"8017":[{"pref":"愛知県","city":"愛西市","town":"大野山町"}],"8018":[{"pref":"愛知県","city":"愛西市","town":"渕高町"}],"8019":[{"pref":"愛知県","city":"愛西市","town":"西川端町"}],"8020":[{"pref":"愛知県","city":"愛西市","town":"平和町"}],"8030":[{"pref":"愛知県","city":"愛西市","town":"二子町柳原"}],"8031":[{"pref":"愛知県","city":"愛西市","town":"上東川町"}],"8032":[{"pref":"愛知県","city":"愛西市","town":"下東川町"}],"8033":[{"pref":"愛知県","city":"愛西市","town":"鵜多須町"}],"8034":[{"pref":"愛知県","city":"愛西市","town":"二子町小判山"}],"8035":[{"pref":"愛知県","city":"愛西市","town":"二子町上丸島"}],"8036":[{"pref":"愛知県","city":"愛西市","town":"二子町丸島"}],"8037":[{"pref":"愛知県","city":"愛西市","town":"二子町新田"}],"8038":[{"pref":"愛知県","city":"愛西市","town":"二子町定納"}],"8039":[{"pref":"愛知県","city":"愛西市","town":"川北町"}],"8040":[{"pref":"愛知県","city":"愛西市","town":"二子町松原"}],"8041":[{"pref":"愛知県","city":"愛西市","town":"藤ケ瀬町"}],"8042":[{"pref":"愛知県","city":"愛西市","town":"給父町"}],"8043":[{"pref":"愛知県","city":"愛西市","town":"高畑町"}],"8044":[{"pref":"愛知県","city":"愛西市","town":"江西町"}],"8045":[{"pref":"愛知県","city":"愛西市","town":"元赤目町"}],"8046":[{"pref":"愛知県","city":"愛西市","town":"赤目町"}],"8047":[{"pref":"愛知県","city":"愛西市","town":"立石町"}],"8048":[{"pref":"愛知県","city":"愛西市","town":"下大牧町"}],"8049":[{"pref":"愛知県","city":"愛西市","town":"塩田町"}],"0000":[{"pref":"愛知県","city":"津島市","town":"以下に掲載がない場合"},{"pref":"愛知県","city":"愛西市","town":"以下に掲載がない場合"}],"0001":[{"pref":"愛知県","city":"津島市","town":"青塚町"}],"0036":[{"pref":"愛知県","city":"津島市","town":"愛宕町"}],"0842":[{"pref":"愛知県","city":"津島市","town":"筏場町"}],"0828":[{"pref":"愛知県","city":"津島市","town":"池須町"}],"0806":[{"pref":"愛知県","city":"津島市","town":"池麩町"}],"0873":[{"pref":"愛知県","city":"津島市","town":"一本木町"}],"0803":[{"pref":"愛知県","city":"津島市","town":"今市場町"}],"0033":[{"pref":"愛知県","city":"津島市","town":"杁前町"}],"0018":[{"pref":"愛知県","city":"津島市","town":"牛田町"}],"0008":[{"pref":"愛知県","city":"津島市","town":"宇治町"}],"0031":[{"pref":"愛知県","city":"津島市","town":"埋田町"}],"0827":[{"pref":"愛知県","city":"津島市","town":"浦方町"}],"0845":[{"pref":"愛知県","city":"津島市","town":"永楽町"}],"0867":[{"pref":"愛知県","city":"津島市","town":"江川町"}],"0855":[{"pref":"愛知県","city":"津島市","town":"江東町"}],"0874":[{"pref":"愛知県","city":"津島市","town":"江西町"}],"0854":[{"pref":"愛知県","city":"津島市","town":"老松町"}],"0012":[{"pref":"愛知県","city":"津島市","town":"大坪町"}],"0876":[{"pref":"愛知県","city":"津島市","town":"大縄町"}],"0813":[{"pref":"愛知県","city":"津島市","town":"片岡町"}],"0826":[{"pref":"愛知県","city":"津島市","town":"片町"}],"0824":[{"pref":"愛知県","city":"津島市","town":"金町"}],"0014":[{"pref":"愛知県","city":"津島市","town":"金柳町"}],"0812":[{"pref":"愛知県","city":"津島市","town":"兼平町"}],"0023":[{"pref":"愛知県","city":"津島市","town":"鹿伏兎町"}],"0823":[{"pref":"愛知県","city":"津島市","town":"上河原町"}],"0871":[{"pref":"愛知県","city":"津島市","town":"上新田町"}],"0863":[{"pref":"愛知県","city":"津島市","town":"上之町"}],"0005":[{"pref":"愛知県","city":"津島市","town":"神守町"}],"0026":[{"pref":"愛知県","city":"津島市","town":"唐臼町"}],"0877":[{"pref":"愛知県","city":"津島市","town":"河田町"}],"0869":[{"pref":"愛知県","city":"津島市","town":"河原町"}],"0013":[{"pref":"愛知県","city":"津島市","town":"神尾町"}],"0861":[{"pref":"愛知県","city":"津島市","town":"観音町"}],"0817":[{"pref":"愛知県","city":"津島市","town":"北町"}],"0811":[{"pref":"愛知県","city":"津島市","town":"喜楽町"}],"0007":[{"pref":"愛知県","city":"津島市","town":"光正寺町"}],"0015":[{"pref":"愛知県","city":"津島市","town":"高台寺町"}],"0022":[{"pref":"愛知県","city":"津島市","town":"越津町"}],"0829":[{"pref":"愛知県","city":"津島市","town":"寿町"}],"0815":[{"pref":"愛知県","city":"津島市","town":"米之座町"}],"0816":[{"pref":"愛知県","city":"津島市","town":"米町"}],"0868":[{"pref":"愛知県","city":"津島市","town":"申塚町"}],"0029":[{"pref":"愛知県","city":"津島市","town":"下切町"}],"0875":[{"pref":"愛知県","city":"津島市","town":"下新田町"}],"0809":[{"pref":"愛知県","city":"津島市","town":"昭和町"}],"0016":[{"pref":"愛知県","city":"津島市","town":"白浜町"}],"0821":[{"pref":"愛知県","city":"津島市","town":"城之越町"}],"0862":[{"pref":"愛知県","city":"津島市","town":"城山町"}],"0027":[{"pref":"愛知県","city":"津島市","town":"新開"},{"pref":"愛知県","city":"津島市","town":"津島"}],"0071":[{"pref":"愛知県","city":"津島市","town":"新開町"}],"0851":[{"pref":"愛知県","city":"津島市","town":"神明町"}],"0006":[{"pref":"愛知県","city":"津島市","town":"大木町"}],"0848":[{"pref":"愛知県","city":"津島市","town":"大慶寺町"}],"0837":[{"pref":"愛知県","city":"津島市","town":"大政町"}],"0041":[{"pref":"愛知県","city":"津島市","town":"高畑町"}],"0822":[{"pref":"愛知県","city":"津島市","town":"高屋敷町"}],"0808":[{"pref":"愛知県","city":"津島市","town":"宝町"}],"0038":[{"pref":"愛知県","city":"津島市","town":"橘町"}],"0044":[{"pref":"愛知県","city":"津島市","town":"立込町"}],"0021":[{"pref":"愛知県","city":"津島市","town":"椿市町"}],"0003":[{"pref":"愛知県","city":"津島市","town":"寺野町"}],"0042":[{"pref":"愛知県","city":"津島市","town":"寺前町"}],"0807":[{"pref":"愛知県","city":"津島市","town":"天王通"}],"0832":[{"pref":"愛知県","city":"津島市","town":"東洋町"}],"0833":[{"pref":"愛知県","city":"津島市","town":"常盤町"}],"0025":[{"pref":"愛知県","city":"津島市","town":"中一色町"}],"0847":[{"pref":"愛知県","city":"津島市","town":"中地町"}],"0836":[{"pref":"愛知県","city":"津島市","town":"中野町"}],"0864":[{"pref":"愛知県","city":"津島市","town":"中之町"}],"0037":[{"pref":"愛知県","city":"津島市","town":"西愛宕町"}],"0802":[{"pref":"愛知県","city":"津島市","town":"錦町"}],"0849":[{"pref":"愛知県","city":"津島市","town":"西御堂町"}],"0047":[{"pref":"愛知県","city":"津島市","town":"西柳原町"}],"0028":[{"pref":"愛知県","city":"津島市","town":"日光"}],"0852":[{"pref":"愛知県","city":"津島市","town":"祢宜町"}],"0009":[{"pref":"愛知県","city":"津島市","town":"葉苅町"}],"0825":[{"pref":"愛知県","city":"津島市","town":"橋詰町"}],"0865":[{"pref":"愛知県","city":"津島市","town":"馬場町"}],"0024":[{"pref":"愛知県","city":"津島市","town":"半頭町"}],"0011":[{"pref":"愛知県","city":"津島市","town":"莪原町"}],"0035":[{"pref":"愛知県","city":"津島市","town":"東愛宕町"}],"0846":[{"pref":"愛知県","city":"津島市","town":"東中地町"}],"0045":[{"pref":"愛知県","city":"津島市","town":"東柳原町"}],"0017":[{"pref":"愛知県","city":"津島市","town":"百町"}],"0004":[{"pref":"愛知県","city":"津島市","town":"蛭間町"}],"0032":[{"pref":"愛知県","city":"津島市","town":"深坪町"}],"0839":[{"pref":"愛知県","city":"津島市","town":"藤川町"}],"0048":[{"pref":"愛知県","city":"津島市","town":"藤里町"}],"0801":[{"pref":"愛知県","city":"津島市","town":"藤浪町"}],"0843":[{"pref":"愛知県","city":"津島市","town":"舟戸町"}],"0043":[{"pref":"愛知県","city":"津島市","town":"古川"},{"pref":"愛知県","city":"津島市","town":"古川町"}],"0805":[{"pref":"愛知県","city":"津島市","town":"本町"}],"0002":[{"pref":"愛知県","city":"津島市","town":"牧野町"}],"0819":[{"pref":"愛知県","city":"津島市","town":"又吉町"}],"0872":[{"pref":"愛知県","city":"津島市","town":"松ケ下町"}],"0818":[{"pref":"愛知県","city":"津島市","town":"松原町"}],"0831":[{"pref":"愛知県","city":"津島市","town":"瑞穂町"}],"0835":[{"pref":"愛知県","city":"津島市","town":"皆戸町"}],"0072":[{"pref":"愛知県","city":"津島市","town":"南新開町"}],"0834":[{"pref":"愛知県","city":"津島市","town":"南本町"}],"0857":[{"pref":"愛知県","city":"津島市","town":"南門前町"}],"0853":[{"pref":"愛知県","city":"津島市","town":"宮川町"}],"0838":[{"pref":"愛知県","city":"津島市","town":"明天町"}],"0034":[{"pref":"愛知県","city":"津島市","town":"元寺町"}],"0019":[{"pref":"愛知県","city":"津島市","town":"百島町"}],"0844":[{"pref":"愛知県","city":"津島市","town":"薬師町"}],"0046":[{"pref":"愛知県","city":"津島市","town":"柳原町"}],"0866":[{"pref":"愛知県","city":"津島市","town":"大和町"}],"0804":[{"pref":"愛知県","city":"津島市","town":"弥生町"}],"0841":[{"pref":"愛知県","city":"津島市","town":"横町"}],"0814":[{"pref":"愛知県","city":"津島市","town":"良王町"}],"0856":[{"pref":"愛知県","city":"津島市","town":"瑠璃小路町"}],"0938":[{"pref":"愛知県","city":"愛西市","town":"石田町"}],"0907":[{"pref":"愛知県","city":"愛西市","town":"稲葉町"}],"0923":[{"pref":"愛知県","city":"愛西市","town":"鰯江町"}],"0903":[{"pref":"愛知県","city":"愛西市","town":"内佐屋町"}],"0921":[{"pref":"愛知県","city":"愛西市","town":"大井町"}],"0922":[{"pref":"愛知県","city":"愛西市","town":"大野町"}],"0909":[{"pref":"愛知県","city":"愛西市","town":"落合町"}],"0932":[{"pref":"愛知県","city":"愛西市","town":"葛木町"}],"0908":[{"pref":"愛知県","city":"愛西市","town":"金棒町"},{"pref":"愛知県","city":"愛西市","town":"甘村井町"}],"0905":[{"pref":"愛知県","city":"愛西市","town":"北一色町"}],"0944":[{"pref":"愛知県","city":"愛西市","town":"小茂井町"}],"0901":[{"pref":"愛知県","city":"愛西市","town":"佐屋町"}],"0935":[{"pref":"愛知県","city":"愛西市","town":"下一色町"}],"0934":[{"pref":"愛知県","city":"愛西市","town":"新右エ門新田町"}],"0902":[{"pref":"愛知県","city":"愛西市","town":"須依町"}],"0941":[{"pref":"愛知県","city":"愛西市","town":"雀ケ森町"}],"0924":[{"pref":"愛知県","city":"愛西市","town":"善太新田町"}],"0946":[{"pref":"愛知県","city":"愛西市","town":"立田町"}],"0933":[{"pref":"愛知県","city":"愛西市","town":"戸倉町"}],"0913":[{"pref":"愛知県","city":"愛西市","town":"西條町"}],"0911":[{"pref":"愛知県","city":"愛西市","town":"西保町"}],"0931":[{"pref":"愛知県","city":"愛西市","town":"早尾町"}],"0914":[{"pref":"愛知県","city":"愛西市","town":"東條町"}],"0912":[{"pref":"愛知県","city":"愛西市","town":"東保町"}],"0939":[{"pref":"愛知県","city":"愛西市","town":"後江町"}],"0947":[{"pref":"愛知県","city":"愛西市","town":"福原新田町"}],"0906":[{"pref":"愛知県","city":"愛西市","town":"日置町"}],"0915":[{"pref":"愛知県","city":"愛西市","town":"本部田町"}],"0945":[{"pref":"愛知県","city":"愛西市","town":"三和町"}],"0937":[{"pref":"愛知県","city":"愛西市","town":"宮地町"}],"0943":[{"pref":"愛知県","city":"愛西市","town":"森川町"}],"0942":[{"pref":"愛知県","city":"愛西市","town":"山路町"}],"0904":[{"pref":"愛知県","city":"愛西市","town":"柚木町"}],"0936":[{"pref":"愛知県","city":"愛西市","town":"四会町"}]}