{"0000":[{"pref":"香川県","city":"仲多度郡多度津町","town":"以下に掲載がない場合"}],"0033":[{"pref":"香川県","city":"仲多度郡多度津町","town":"青木"}],"0005":[{"pref":"香川県","city":"仲多度郡多度津町","town":"大通り"}],"0035":[{"pref":"香川県","city":"仲多度郡多度津町","town":"奥白方"}],"0028":[{"pref":"香川県","city":"仲多度郡多度津町","town":"葛原"}],"0002":[{"pref":"香川県","city":"仲多度郡多度津町","town":"家中"}],"0022":[{"pref":"香川県","city":"仲多度郡多度津町","town":"北鴨"}],"0013":[{"pref":"香川県","city":"仲多度郡多度津町","town":"京町"}],"0025":[{"pref":"香川県","city":"仲多度郡多度津町","town":"寿町"}],"0024":[{"pref":"香川県","city":"仲多度郡多度津町","town":"幸町"}],"0011":[{"pref":"香川県","city":"仲多度郡多度津町","town":"栄町"}],"0012":[{"pref":"香川県","city":"仲多度郡多度津町","town":"桜川"}],"0040":[{"pref":"香川県","city":"仲多度郡多度津町","town":"佐柳"}],"0031":[{"pref":"香川県","city":"仲多度郡多度津町","town":"庄"}],"0050":[{"pref":"香川県","city":"仲多度郡多度津町","town":"高見"}],"0027":[{"pref":"香川県","city":"仲多度郡多度津町","town":"道福寺"}],"0004":[{"pref":"香川県","city":"仲多度郡多度津町","town":"仲ノ町"}],"0037":[{"pref":"香川県","city":"仲多度郡多度津町","town":"西白方"}],"0015":[{"pref":"香川県","city":"仲多度郡多度津町","town":"西浜"}],"0017":[{"pref":"香川県","city":"仲多度郡多度津町","town":"西港町"}],"0038":[{"pref":"香川県","city":"仲多度郡多度津町","town":"東白方"}],"0001":[{"pref":"香川県","city":"仲多度郡多度津町","town":"東新町"}],"0016":[{"pref":"香川県","city":"仲多度郡多度津町","town":"東浜"}],"0018":[{"pref":"香川県","city":"仲多度郡多度津町","town":"東港町"}],"0006":[{"pref":"香川県","city":"仲多度郡多度津町","town":"日の出町"}],"0021":[{"pref":"香川県","city":"仲多度郡多度津町","town":"堀江"}],"0014":[{"pref":"香川県","city":"仲多度郡多度津町","town":"本通"}],"0032":[{"pref":"香川県","city":"仲多度郡多度津町","town":"三井"}],"0036":[{"pref":"香川県","city":"仲多度郡多度津町","town":"見立"}],"0026":[{"pref":"香川県","city":"仲多度郡多度津町","town":"南鴨"}],"0003":[{"pref":"香川県","city":"仲多度郡多度津町","town":"元町"}],"0034":[{"pref":"香川県","city":"仲多度郡多度津町","town":"山階"}],"0023":[{"pref":"香川県","city":"仲多度郡多度津町","town":"若葉町"}]}