{"0000":[{"pref":"新潟県","city":"村上市","town":"以下に掲載がない場合"}],"0816":[{"pref":"新潟県","city":"村上市","town":"赤沢"}],"0270":[{"pref":"新潟県","city":"村上市","town":"あけぼの"}],"0226":[{"pref":"新潟県","city":"村上市","town":"朝日中野"}],"0203":[{"pref":"新潟県","city":"村上市","town":"荒沢"}],"0846":[{"pref":"新潟県","city":"村上市","town":"安良町"}],"0232":[{"pref":"新潟県","city":"村上市","town":"新屋"}],"0857":[{"pref":"新潟県","city":"村上市","town":"飯野"}],"0856":[{"pref":"新潟県","city":"村上市","town":"飯野桜ケ丘"}],"0855":[{"pref":"新潟県","city":"村上市","town":"飯野西"}],"0235":[{"pref":"新潟県","city":"村上市","town":"石住"}],"0832":[{"pref":"新潟県","city":"村上市","town":"石原"}],"0877":[{"pref":"新潟県","city":"村上市","town":"泉町"}],"0214":[{"pref":"新潟県","city":"村上市","town":"板屋越"}],"0813":[{"pref":"新潟県","city":"村上市","town":"鋳物師"}],"0008":[{"pref":"新潟県","city":"村上市","town":"岩ケ崎"}],"0241":[{"pref":"新潟県","city":"村上市","town":"岩崩"}],"0251":[{"pref":"新潟県","city":"村上市","town":"岩沢"}],"0044":[{"pref":"新潟県","city":"村上市","town":"岩船上大町"}],"0045":[{"pref":"新潟県","city":"村上市","town":"岩船上浜町"}],"0047":[{"pref":"新潟県","city":"村上市","town":"岩船岸見寺町"}],"0051":[{"pref":"新潟県","city":"村上市","town":"岩船上町"}],"0042":[{"pref":"新潟県","city":"村上市","town":"岩船北浜町"}],"0048":[{"pref":"新潟県","city":"村上市","town":"岩船地蔵町"}],"0043":[{"pref":"新潟県","city":"村上市","town":"岩船下大町"}],"0046":[{"pref":"新潟県","city":"村上市","town":"岩船下浜町"}],"0054":[{"pref":"新潟県","city":"村上市","town":"岩船新田町"}],"0055":[{"pref":"新潟県","city":"村上市","town":"岩船縦新町"}],"0056":[{"pref":"新潟県","city":"村上市","town":"岩船中新町"}],"0041":[{"pref":"新潟県","city":"村上市","town":"岩船三日市"}],"0058":[{"pref":"新潟県","city":"村上市","town":"岩船港町"}],"0057":[{"pref":"新潟県","city":"村上市","town":"岩船横新町"}],"0262":[{"pref":"新潟県","city":"村上市","town":"上野"}],"0264":[{"pref":"新潟県","city":"村上市","town":"鵜渡路"}],"0036":[{"pref":"新潟県","city":"村上市","town":"浦田"}],"0867":[{"pref":"新潟県","city":"村上市","town":"大欠"}],"0815":[{"pref":"新潟県","city":"村上市","town":"大栗田"}],"0202":[{"pref":"新潟県","city":"村上市","town":"大須戸"}],"0812":[{"pref":"新潟県","city":"村上市","town":"大関"}],"0012":[{"pref":"新潟県","city":"村上市","town":"大平"}],"0007":[{"pref":"新潟県","city":"村上市","town":"大月"}],"0253":[{"pref":"新潟県","city":"村上市","town":"大場沢"}],"0842":[{"pref":"新潟県","city":"村上市","town":"大町"}],"0268":[{"pref":"新潟県","city":"村上市","town":"小川"}],"0848":[{"pref":"新潟県","city":"村上市","town":"小国町"}],"0806":[{"pref":"新潟県","city":"村上市","town":"小谷"}],"0875":[{"pref":"新潟県","city":"村上市","town":"加賀町"}],"0004":[{"pref":"新潟県","city":"村上市","town":"柏尾"}],"0863":[{"pref":"新潟県","city":"村上市","town":"鍛冶町"}],"0872":[{"pref":"新潟県","city":"村上市","town":"片町"}],"0031":[{"pref":"新潟県","city":"村上市","town":"学校町"}],"0245":[{"pref":"新潟県","city":"村上市","town":"釜杭"}],"0808":[{"pref":"新潟県","city":"村上市","town":"上相川"}],"0873":[{"pref":"新潟県","city":"村上市","town":"上片町"}],"0236":[{"pref":"新潟県","city":"村上市","town":"上中島"}],"0053":[{"pref":"新潟県","city":"村上市","town":"上の山"}],"0805":[{"pref":"新潟県","city":"村上市","town":"上山田"}],"0263":[{"pref":"新潟県","city":"村上市","town":"川端"}],"0843":[{"pref":"新潟県","city":"村上市","town":"上町"}],"0212":[{"pref":"新潟県","city":"村上市","town":"北大平"}],"0242":[{"pref":"新潟県","city":"村上市","town":"茎太"}],"0807":[{"pref":"新潟県","city":"村上市","town":"日下"}],"0871":[{"pref":"新潟県","city":"村上市","town":"久保多町"}],"0255":[{"pref":"新潟県","city":"村上市","town":"熊登"}],"0224":[{"pref":"新潟県","city":"村上市","town":"黒田"}],"0014":[{"pref":"新潟県","city":"村上市","town":"下渡"}],"0244":[{"pref":"新潟県","city":"村上市","town":"小揚"}],"0204":[{"pref":"新潟県","city":"村上市","town":"小須戸"}],"0841":[{"pref":"新潟県","city":"村上市","town":"小町"}],"0221":[{"pref":"新潟県","city":"村上市","town":"薦川"}],"0845":[{"pref":"新潟県","city":"村上市","town":"細工町"}],"0865":[{"pref":"新潟県","city":"村上市","town":"幸町"}],"0864":[{"pref":"新潟県","city":"村上市","town":"肴町"}],"0246":[{"pref":"新潟県","city":"村上市","town":"笹平"}],"0821":[{"pref":"新潟県","city":"村上市","town":"山辺里"}],"0261":[{"pref":"新潟県","city":"村上市","town":"猿沢"}],"0222":[{"pref":"新潟県","city":"村上市","town":"猿田"}],"0853":[{"pref":"新潟県","city":"村上市","town":"山居町"}],"0837":[{"pref":"新潟県","city":"村上市","town":"三之町"}],"0205":[{"pref":"新潟県","city":"村上市","town":"塩野町"}],"0876":[{"pref":"新潟県","city":"村上市","town":"塩町"}],"0809":[{"pref":"新潟県","city":"村上市","town":"下相川"}],"0252":[{"pref":"新潟県","city":"村上市","town":"下新保"}],"0265":[{"pref":"新潟県","city":"村上市","town":"下中島"}],"0804":[{"pref":"新潟県","city":"村上市","town":"下山田"}],"0874":[{"pref":"新潟県","city":"村上市","town":"庄内町"}],"0834":[{"pref":"新潟県","city":"村上市","town":"新町"}],"0817":[{"pref":"新潟県","city":"村上市","town":"菅沼"}],"0831":[{"pref":"新潟県","city":"村上市","town":"杉原"}],"0225":[{"pref":"新潟県","city":"村上市","town":"関口"}],"0037":[{"pref":"新潟県","city":"村上市","town":"瀬波温泉"}],"0023":[{"pref":"新潟県","city":"村上市","town":"瀬波上町"}],"0021":[{"pref":"新潟県","city":"村上市","town":"瀬波新田町"}],"0024":[{"pref":"新潟県","city":"村上市","town":"瀬波中町"}],"0026":[{"pref":"新潟県","city":"村上市","town":"瀬波浜町"}],"0022":[{"pref":"新潟県","city":"村上市","town":"瀬波横町"}],"0254":[{"pref":"新潟県","city":"村上市","town":"十川"}],"0847":[{"pref":"新潟県","city":"村上市","town":"大工町"}],"0811":[{"pref":"新潟県","city":"村上市","town":"高平"}],"0211":[{"pref":"新潟県","city":"村上市","town":"高根"}],"0011":[{"pref":"新潟県","city":"村上市","town":"滝の前"}],"0854":[{"pref":"新潟県","city":"村上市","town":"田端町"}],"0243":[{"pref":"新潟県","city":"村上市","town":"千縄"}],"0823":[{"pref":"新潟県","city":"村上市","town":"仲間町"}],"0822":[{"pref":"新潟県","city":"村上市","town":"坪根"}],"0267":[{"pref":"新潟県","city":"村上市","town":"寺尾"}],"0849":[{"pref":"新潟県","city":"村上市","town":"寺町"}],"0803":[{"pref":"新潟県","city":"村上市","town":"天神岡"}],"0844":[{"pref":"新潟県","city":"村上市","town":"長井町"}],"0861":[{"pref":"新潟県","city":"村上市","town":"中川原団地"}],"0233":[{"pref":"新潟県","city":"村上市","town":"中新保"}],"0223":[{"pref":"新潟県","city":"村上市","town":"中原"}],"0801":[{"pref":"新潟県","city":"村上市","town":"西興屋"}],"0835":[{"pref":"新潟県","city":"村上市","town":"二之町"}],"0231":[{"pref":"新潟県","city":"村上市","town":"布部"}],"0006":[{"pref":"新潟県","city":"村上市","town":"野潟"}],"0836":[{"pref":"新潟県","city":"村上市","town":"羽黒口"}],"0851":[{"pref":"新潟県","city":"村上市","town":"羽黒町"}],"0013":[{"pref":"新潟県","city":"村上市","town":"羽下ケ渕"}],"0038":[{"pref":"新潟県","city":"村上市","town":"浜新田"}],"0002":[{"pref":"新潟県","city":"村上市","town":"早川"}],"0215":[{"pref":"新潟県","city":"村上市","town":"檜原"}],"0818":[{"pref":"新潟県","city":"村上市","town":"袋"}],"0201":[{"pref":"新潟県","city":"村上市","town":"蒲萄"}],"0269":[{"pref":"新潟県","city":"村上市","town":"古渡路"}],"0833":[{"pref":"新潟県","city":"村上市","town":"堀片"}],"0234":[{"pref":"新潟県","city":"村上市","town":"堀野"}],"0001":[{"pref":"新潟県","city":"村上市","town":"馬下"}],"0005":[{"pref":"新潟県","city":"村上市","town":"間島"}],"0206":[{"pref":"新潟県","city":"村上市","town":"松岡"}],"0025":[{"pref":"新潟県","city":"村上市","town":"松波町"}],"0032":[{"pref":"新潟県","city":"村上市","town":"松原町"}],"0034":[{"pref":"新潟県","city":"村上市","town":"松山"}],"0035":[{"pref":"新潟県","city":"村上市","town":"三面"}],"0033":[{"pref":"新潟県","city":"村上市","town":"緑町"}],"0852":[{"pref":"新潟県","city":"村上市","town":"南町"}],"0266":[{"pref":"新潟県","city":"村上市","town":"宮ノ下"}],"0866":[{"pref":"新潟県","city":"村上市","town":"村上"}],"0824":[{"pref":"新潟県","city":"村上市","town":"本町"}],"0814":[{"pref":"新潟県","city":"村上市","town":"門前"}],"0052":[{"pref":"新潟県","city":"村上市","town":"八日市"}],"0003":[{"pref":"新潟県","city":"村上市","town":"吉浦"}],"0802":[{"pref":"新潟県","city":"村上市","town":"四日市"}],"0862":[{"pref":"新潟県","city":"村上市","town":"若葉町"}],"0213":[{"pref":"新潟県","city":"村上市","town":"早稲田"}],"0061":[{"pref":"新潟県","city":"岩船郡粟島浦村","town":"粟島浦村一円"}]}