{"0072":[{"pref":"東京都","city":"千代田区","town":"飯田橋"}],"0082":[{"pref":"東京都","city":"千代田区","town":"一番町"}],"0094":[{"pref":"東京都","city":"千代田区","town":"紀尾井町"}],"0091":[{"pref":"東京都","city":"千代田区","town":"北の丸公園"}],"0074":[{"pref":"東京都","city":"千代田区","town":"九段南"}],"0073":[{"pref":"東京都","city":"千代田区","town":"九段北"}],"0083":[{"pref":"東京都","city":"千代田区","town":"麹町"}],"0076":[{"pref":"東京都","city":"千代田区","town":"五番町"}],"0075":[{"pref":"東京都","city":"千代田区","town":"三番町"}],"0084":[{"pref":"東京都","city":"千代田区","town":"二番町"}],"0092":[{"pref":"東京都","city":"千代田区","town":"隼町"}],"0093":[{"pref":"東京都","city":"千代田区","town":"平河町"}],"0071":[{"pref":"東京都","city":"千代田区","town":"富士見"}],"0081":[{"pref":"東京都","city":"千代田区","town":"四番町"}],"0085":[{"pref":"東京都","city":"千代田区","town":"六番町"}]}