{"0000":[{"pref":"福島県","city":"会津若松市","town":"以下に掲載がない場合"}],"0031":[{"pref":"福島県","city":"会津若松市","town":"相生町"}],"0032":[{"pref":"福島県","city":"会津若松市","town":"旭町"}],"0012":[{"pref":"福島県","city":"会津若松市","town":"居合町"}],"0007":[{"pref":"福島県","city":"会津若松市","town":"飯盛"}],"0055":[{"pref":"福島県","city":"会津若松市","town":"石堂町"}],"0002":[{"pref":"福島県","city":"会津若松市","town":"一箕町金堀"}],"0005":[{"pref":"福島県","city":"会津若松市","town":"一箕町亀賀"}],"0006":[{"pref":"福島県","city":"会津若松市","town":"一箕町鶴賀"}],"0001":[{"pref":"福島県","city":"会津若松市","town":"一箕町松長"}],"0004":[{"pref":"福島県","city":"会津若松市","town":"一箕町八角"}],"0003":[{"pref":"福島県","city":"会津若松市","town":"一箕町八幡"}],"0059":[{"pref":"福島県","city":"会津若松市","town":"インター西"}],"0034":[{"pref":"福島県","city":"会津若松市","town":"上町"}],"0041":[{"pref":"福島県","city":"会津若松市","town":"駅前町"}],"0873":[{"pref":"福島県","city":"会津若松市","town":"追手町"}],"0025":[{"pref":"福島県","city":"会津若松市","town":"扇町"}],"0014":[{"pref":"福島県","city":"会津若松市","town":"大塚"}],"0042":[{"pref":"福島県","city":"会津若松市","town":"大町"}],"0851":[{"pref":"福島県","city":"会津若松市","town":"御旗町"}],"0831":[{"pref":"福島県","city":"会津若松市","town":"表町"}],"0802":[{"pref":"福島県","city":"会津若松市","town":"徒之町"}],"0056":[{"pref":"福島県","city":"会津若松市","town":"金川町"}],"0865":[{"pref":"福島県","city":"会津若松市","town":"川原町"}],"0113":[{"pref":"福島県","city":"会津若松市","town":"北会津町安良田"}],"0118":[{"pref":"福島県","city":"会津若松市","town":"北会津町石原"}],"0107":[{"pref":"福島県","city":"会津若松市","town":"北会津町和泉"}],"0116":[{"pref":"福島県","city":"会津若松市","town":"北会津町出尻"}],"0136":[{"pref":"福島県","city":"会津若松市","town":"北会津町今和泉"}],"0121":[{"pref":"福島県","city":"会津若松市","town":"北会津町蟹川"}],"0126":[{"pref":"福島県","city":"会津若松市","town":"北会津町鷺林"}],"0111":[{"pref":"福島県","city":"会津若松市","town":"北会津町下荒井"}],"0128":[{"pref":"福島県","city":"会津若松市","town":"北会津町十二所"}],"0115":[{"pref":"福島県","city":"会津若松市","town":"北会津町舘"}],"0117":[{"pref":"福島県","city":"会津若松市","town":"北会津町田村山"}],"0135":[{"pref":"福島県","city":"会津若松市","town":"北会津町寺堀"}],"0131":[{"pref":"福島県","city":"会津若松市","town":"北会津町中荒井"}],"0110":[{"pref":"福島県","city":"会津若松市","town":"北会津町中里"}],"0112":[{"pref":"福島県","city":"会津若松市","town":"北会津町白山"}],"0134":[{"pref":"福島県","city":"会津若松市","town":"北会津町東麻生"}],"0133":[{"pref":"福島県","city":"会津若松市","town":"北会津町二日町"}],"0132":[{"pref":"福島県","city":"会津若松市","town":"北会津町ほたるの森"}],"0129":[{"pref":"福島県","city":"会津若松市","town":"北会津町本田"}],"0101":[{"pref":"福島県","city":"会津若松市","town":"北会津町真宮"}],"0114":[{"pref":"福島県","city":"会津若松市","town":"北会津町宮ノ下"}],"0124":[{"pref":"福島県","city":"会津若松市","town":"北会津町宮袋"}],"0127":[{"pref":"福島県","city":"会津若松市","town":"北会津町宮袋新田"}],"0824":[{"pref":"福島県","city":"会津若松市","town":"北青木"}],"0015":[{"pref":"福島県","city":"会津若松市","town":"北滝沢"}],"0033":[{"pref":"福島県","city":"会津若松市","town":"行仁町"}],"0812":[{"pref":"福島県","city":"会津若松市","town":"慶山"}],"0823":[{"pref":"福島県","city":"会津若松市","town":"建福寺前"}],"0082":[{"pref":"福島県","city":"会津若松市","town":"神指町榎木檀"}],"0068":[{"pref":"福島県","city":"会津若松市","town":"神指町小見"}],"0083":[{"pref":"福島県","city":"会津若松市","town":"神指町上神指"}],"0062":[{"pref":"福島県","city":"会津若松市","town":"神指町北四合"}],"0064":[{"pref":"福島県","city":"会津若松市","town":"神指町黒川"}],"0067":[{"pref":"福島県","city":"会津若松市","town":"神指町下神指"}],"0061":[{"pref":"福島県","city":"会津若松市","town":"神指町高久"}],"0063":[{"pref":"福島県","city":"会津若松市","town":"神指町高瀬"}],"0087":[{"pref":"福島県","city":"会津若松市","town":"神指町高瀬新田"}],"0069":[{"pref":"福島県","city":"会津若松市","town":"神指町天満"}],"0065":[{"pref":"福島県","city":"会津若松市","town":"神指町中四合"}],"0081":[{"pref":"福島県","city":"会津若松市","town":"神指町西城戸"}],"0085":[{"pref":"福島県","city":"会津若松市","town":"神指町如来堂"}],"0080":[{"pref":"福島県","city":"会津若松市","town":"神指町橋本"}],"0089":[{"pref":"福島県","city":"会津若松市","town":"神指町東城戸"}],"0084":[{"pref":"福島県","city":"会津若松市","town":"神指町東神指"}],"0086":[{"pref":"福島県","city":"会津若松市","town":"神指町本丸"}],"0859":[{"pref":"福島県","city":"会津若松市","town":"神指町幕内"}],"0858":[{"pref":"福島県","city":"会津若松市","town":"神指町南四合"}],"0066":[{"pref":"福島県","city":"会津若松市","town":"神指町横沼"}],"0073":[{"pref":"福島県","city":"会津若松市","town":"高野町上沼"}],"0077":[{"pref":"福島県","city":"会津若松市","town":"高野町上高野"}],"0071":[{"pref":"福島県","city":"会津若松市","town":"高野町木流"}],"0079":[{"pref":"福島県","city":"会津若松市","town":"高野町界沢"}],"0076":[{"pref":"福島県","city":"会津若松市","town":"高野町中沼"}],"0075":[{"pref":"福島県","city":"会津若松市","town":"高野町中前田"}],"0072":[{"pref":"福島県","city":"会津若松市","town":"高野町橋本木流"}],"0074":[{"pref":"福島県","city":"会津若松市","town":"高野町平塚"}],"0078":[{"pref":"福島県","city":"会津若松市","town":"高野町柳川"}],"0023":[{"pref":"福島県","city":"会津若松市","town":"蚕養町"}],"0853":[{"pref":"福島県","city":"会津若松市","town":"材木町"}],"0871":[{"pref":"福島県","city":"会津若松市","town":"栄町"}],"0854":[{"pref":"福島県","city":"会津若松市","town":"桜町"}],"0047":[{"pref":"福島県","city":"会津若松市","town":"五月町"}],"0864":[{"pref":"福島県","city":"会津若松市","town":"城西町"}],"0807":[{"pref":"福島県","city":"会津若松市","town":"城東町"}],"0809":[{"pref":"福島県","city":"会津若松市","town":"城南町"}],"0043":[{"pref":"福島県","city":"会津若松市","town":"城北町"}],"0038":[{"pref":"福島県","city":"会津若松市","town":"昭和町"}],"0803":[{"pref":"福島県","city":"会津若松市","town":"城前"}],"0866":[{"pref":"福島県","city":"会津若松市","town":"新横町"}],"0855":[{"pref":"福島県","city":"会津若松市","town":"住吉町"}],"0817":[{"pref":"福島県","city":"会津若松市","town":"千石町"}],"0060":[{"pref":"福島県","city":"会津若松市","town":"高久工業団地"}],"0806":[{"pref":"福島県","city":"会津若松市","town":"宝町"}],"0022":[{"pref":"福島県","city":"会津若松市","town":"滝沢町"}],"0835":[{"pref":"福島県","city":"会津若松市","town":"館馬町"}],"0836":[{"pref":"福島県","city":"会津若松市","town":"館脇町"}],"0037":[{"pref":"福島県","city":"会津若松市","town":"中央"}],"0847":[{"pref":"福島県","city":"会津若松市","town":"対馬館町"}],"0013":[{"pref":"福島県","city":"会津若松市","town":"堤町"}],"0011":[{"pref":"福島県","city":"会津若松市","town":"鶴賀町"}],"0832":[{"pref":"福島県","city":"会津若松市","town":"天神町"}],"0805":[{"pref":"福島県","city":"会津若松市","town":"天寧寺町"}],"0016":[{"pref":"福島県","city":"会津若松市","town":"中島町"}],"0878":[{"pref":"福島県","city":"会津若松市","town":"中町"}],"0044":[{"pref":"福島県","city":"会津若松市","town":"七日町"}],"0848":[{"pref":"福島県","city":"会津若松市","town":"飯寺北"}],"0837":[{"pref":"福島県","city":"会津若松市","town":"錦町"}],"0877":[{"pref":"福島県","city":"会津若松市","town":"西栄町"}],"0045":[{"pref":"福島県","city":"会津若松市","town":"西七日町"}],"0830":[{"pref":"福島県","city":"会津若松市","town":"西年貢"}],"0861":[{"pref":"福島県","city":"会津若松市","town":"日新町"}],"0048":[{"pref":"福島県","city":"会津若松市","town":"橋本"}],"0027":[{"pref":"福島県","city":"会津若松市","town":"花畑東"}],"0804":[{"pref":"福島県","city":"会津若松市","town":"花春町"}],"0822":[{"pref":"福島県","city":"会津若松市","town":"花見ケ丘"}],"0036":[{"pref":"福島県","city":"会津若松市","town":"馬場本町"}],"0035":[{"pref":"福島県","city":"会津若松市","town":"馬場町"}],"0872":[{"pref":"福島県","city":"会津若松市","town":"東栄町"}],"0818":[{"pref":"福島県","city":"会津若松市","town":"東千石"}],"0839":[{"pref":"福島県","city":"会津若松市","town":"東年貢"}],"0813":[{"pref":"福島県","city":"会津若松市","town":"東山町石山"}],"0815":[{"pref":"福島県","city":"会津若松市","town":"東山町湯川"}],"0814":[{"pref":"福島県","city":"会津若松市","town":"東山町湯本"}],"0008":[{"pref":"福島県","city":"会津若松市","town":"桧町"}],"0024":[{"pref":"福島県","city":"会津若松市","town":"白虎町"}],"0852":[{"pref":"福島県","city":"会津若松市","town":"日吉町"}],"0838":[{"pref":"福島県","city":"会津若松市","town":"古川町"}],"0026":[{"pref":"福島県","city":"会津若松市","town":"平安町"}],"0862":[{"pref":"福島県","city":"会津若松市","town":"本町"}],"0856":[{"pref":"福島県","city":"会津若松市","town":"幕内東町"}],"0849":[{"pref":"福島県","city":"会津若松市","town":"幕内南町"}],"0054":[{"pref":"福島県","city":"会津若松市","town":"町北町石堂"}],"0053":[{"pref":"福島県","city":"会津若松市","town":"町北町上荒久田"}],"0058":[{"pref":"福島県","city":"会津若松市","town":"町北町中沢"}],"0088":[{"pref":"福島県","city":"会津若松市","town":"町北町中沢西"}],"0052":[{"pref":"福島県","city":"会津若松市","town":"町北町始"}],"0057":[{"pref":"福島県","city":"会津若松市","town":"町北町藤室"}],"0051":[{"pref":"福島県","city":"会津若松市","town":"町北町谷地"}],"0102":[{"pref":"福島県","city":"会津若松市","town":"真宮新町北"}],"0103":[{"pref":"福島県","city":"会津若松市","town":"真宮新町南"}],"0867":[{"pref":"福島県","city":"会津若松市","town":"緑町"}],"0201":[{"pref":"福島県","city":"会津若松市","town":"湊町赤井"}],"0202":[{"pref":"福島県","city":"会津若松市","town":"湊町共和"}],"0203":[{"pref":"福島県","city":"会津若松市","town":"湊町静潟"}],"0204":[{"pref":"福島県","city":"会津若松市","town":"湊町原"}],"0205":[{"pref":"福島県","city":"会津若松市","town":"湊町平潟"}],"0816":[{"pref":"福島県","city":"会津若松市","town":"南千石町"}],"0874":[{"pref":"福島県","city":"会津若松市","town":"南花畑"}],"0808":[{"pref":"福島県","city":"会津若松市","town":"南町"}],"0801":[{"pref":"福島県","city":"会津若松市","town":"宮町"}],"0833":[{"pref":"福島県","city":"会津若松市","town":"明和町"}],"0844":[{"pref":"福島県","city":"会津若松市","town":"門田町一ノ堰"}],"0828":[{"pref":"福島県","city":"会津若松市","town":"門田町面川"}],"0826":[{"pref":"福島県","city":"会津若松市","town":"門田町御山"}],"0825":[{"pref":"福島県","city":"会津若松市","town":"門田町黒岩"}],"0827":[{"pref":"福島県","city":"会津若松市","town":"門田町堤沢"}],"0843":[{"pref":"福島県","city":"会津若松市","town":"門田町徳久"}],"0842":[{"pref":"福島県","city":"会津若松市","town":"門田町中野"}],"0846":[{"pref":"福島県","city":"会津若松市","town":"門田町飯寺"}],"0829":[{"pref":"福島県","city":"会津若松市","town":"門田町根岸東"}],"0834":[{"pref":"福島県","city":"会津若松市","town":"門田町年貢町"}],"0841":[{"pref":"福島県","city":"会津若松市","town":"門田町日吉"}],"0845":[{"pref":"福島県","city":"会津若松市","town":"門田町工業団地"}],"0009":[{"pref":"福島県","city":"会津若松市","town":"八角町"}],"0857":[{"pref":"福島県","city":"会津若松市","town":"柳原町"}],"0876":[{"pref":"福島県","city":"会津若松市","town":"山鹿町"}],"0021":[{"pref":"福島県","city":"会津若松市","town":"山見町"}],"0863":[{"pref":"福島県","city":"会津若松市","town":"湯川町"}],"0821":[{"pref":"福島県","city":"会津若松市","town":"湯川南"}],"0046":[{"pref":"福島県","city":"会津若松市","town":"八日町"}],"0875":[{"pref":"福島県","city":"会津若松市","town":"米代"}],"0811":[{"pref":"福島県","city":"会津若松市","town":"和田"}]}