{"0000":[{"pref":"静岡県","city":"三島市","town":"以下に掲載がない場合"},{"pref":"静岡県","city":"駿東郡清水町","town":"以下に掲載がない場合"},{"pref":"静岡県","city":"駿東郡長泉町","town":"以下に掲載がない場合"}],"0811":[{"pref":"静岡県","city":"三島市","town":"青木"}],"0020":[{"pref":"静岡県","city":"三島市","town":"旭ケ丘"}],"0834":[{"pref":"静岡県","city":"三島市","town":"新谷"}],"0037":[{"pref":"静岡県","city":"三島市","town":"泉町"}],"0015":[{"pref":"静岡県","city":"三島市","town":"市山新田"}],"0036":[{"pref":"静岡県","city":"三島市","town":"一番町"}],"0025":[{"pref":"静岡県","city":"三島市","town":"壱町田"}],"0816":[{"pref":"静岡県","city":"三島市","town":"梅名"}],"0035":[{"pref":"静岡県","city":"三島市","town":"大宮町"}],"0023":[{"pref":"静岡県","city":"三島市","town":"加茂"}],"0034":[{"pref":"静岡県","city":"三島市","town":"加茂川町"}],"0845":[{"pref":"静岡県","city":"三島市","town":"加屋町"}],"0022":[{"pref":"静岡県","city":"三島市","town":"川原ケ谷"}],"0805":[{"pref":"静岡県","city":"三島市","town":"北沢"}],"0854":[{"pref":"静岡県","city":"三島市","town":"北田町"}],"0844":[{"pref":"静岡県","city":"三島市","town":"清住町"}],"0031":[{"pref":"静岡県","city":"三島市","town":"幸原町"}],"0039":[{"pref":"静岡県","city":"三島市","town":"寿町"}],"0846":[{"pref":"静岡県","city":"三島市","town":"栄町"}],"0012":[{"pref":"静岡県","city":"三島市","town":"笹原新田"}],"0047":[{"pref":"静岡県","city":"三島市","town":"佐野"}],"0041":[{"pref":"静岡県","city":"三島市","town":"佐野見晴台"}],"0043":[{"pref":"静岡県","city":"三島市","town":"沢地"}],"0017":[{"pref":"静岡県","city":"三島市","town":"三恵台"}],"0857":[{"pref":"静岡県","city":"三島市","town":"芝本町"}],"0032":[{"pref":"静岡県","city":"三島市","town":"末広町"}],"0027":[{"pref":"静岡県","city":"三島市","town":"千枚原"}],"0853":[{"pref":"静岡県","city":"三島市","town":"大社町"}],"0803":[{"pref":"静岡県","city":"三島市","town":"大場"}],"0807":[{"pref":"静岡県","city":"三島市","town":"竹倉"}],"0835":[{"pref":"静岡県","city":"三島市","town":"玉川"}],"0014":[{"pref":"静岡県","city":"三島市","town":"玉沢"}],"0804":[{"pref":"静岡県","city":"三島市","town":"多呂"}],"0858":[{"pref":"静岡県","city":"三島市","town":"中央町"}],"0016":[{"pref":"静岡県","city":"三島市","town":"塚原新田"}],"0813":[{"pref":"静岡県","city":"三島市","town":"鶴喰"}],"0044":[{"pref":"静岡県","city":"三島市","town":"徳倉"}],"0836":[{"pref":"静岡県","city":"三島市","town":"富田町"}],"0833":[{"pref":"静岡県","city":"三島市","town":"中"}],"0814":[{"pref":"静岡県","city":"三島市","town":"中島"}],"0838":[{"pref":"静岡県","city":"三島市","town":"中田町"}],"0824":[{"pref":"静岡県","city":"三島市","town":"長伏"}],"0030":[{"pref":"静岡県","city":"三島市","town":"西旭ケ丘町"}],"0808":[{"pref":"静岡県","city":"三島市","town":"錦が丘"}],"0847":[{"pref":"静岡県","city":"三島市","town":"西本町"}],"0038":[{"pref":"静岡県","city":"三島市","town":"西若町"}],"0045":[{"pref":"静岡県","city":"三島市","town":"萩"}],"0817":[{"pref":"静岡県","city":"三島市","town":"八反畑"}],"0018":[{"pref":"静岡県","city":"三島市","town":"初音台"}],"0029":[{"pref":"静岡県","city":"三島市","town":"光ケ丘"}],"0026":[{"pref":"静岡県","city":"三島市","town":"東壱町田"}],"0802":[{"pref":"静岡県","city":"三島市","town":"東大場"}],"0852":[{"pref":"静岡県","city":"三島市","town":"東町"}],"0831":[{"pref":"静岡県","city":"三島市","town":"東本町"}],"0851":[{"pref":"静岡県","city":"三島市","town":"日の出町"}],"0821":[{"pref":"静岡県","city":"三島市","town":"平田"}],"0856":[{"pref":"静岡県","city":"三島市","town":"広小路町"}],"0812":[{"pref":"静岡県","city":"三島市","town":"藤代町"}],"0028":[{"pref":"静岡県","city":"三島市","town":"富士ビレッジ"}],"0021":[{"pref":"静岡県","city":"三島市","town":"富士見台"}],"0046":[{"pref":"静岡県","city":"三島市","town":"芙蓉台"}],"0033":[{"pref":"静岡県","city":"三島市","town":"文教町"}],"0042":[{"pref":"静岡県","city":"三島市","town":"平成台"}],"0855":[{"pref":"静岡県","city":"三島市","town":"本町"}],"0019":[{"pref":"静岡県","city":"三島市","town":"松が丘"}],"0822":[{"pref":"静岡県","city":"三島市","town":"松本"}],"0823":[{"pref":"静岡県","city":"三島市","town":"御園"}],"0013":[{"pref":"静岡県","city":"三島市","town":"三ツ谷新田"}],"0848":[{"pref":"静岡県","city":"三島市","town":"緑町"}],"0837":[{"pref":"静岡県","city":"三島市","town":"南田町"}],"0842":[{"pref":"静岡県","city":"三島市","town":"南町"}],"0832":[{"pref":"静岡県","city":"三島市","town":"南二日町"}],"0841":[{"pref":"静岡県","city":"三島市","town":"南本町"}],"0843":[{"pref":"静岡県","city":"三島市","town":"三好町"}],"0815":[{"pref":"静岡県","city":"三島市","town":"安久"}],"0801":[{"pref":"静岡県","city":"三島市","town":"谷田"}],"0806":[{"pref":"静岡県","city":"三島市","town":"柳郷地"}],"0011":[{"pref":"静岡県","city":"三島市","town":"山中新田"}],"0024":[{"pref":"静岡県","city":"三島市","town":"若松町"}],"0001":[{"pref":"静岡県","city":"田方郡函南町","town":"桑原（茨ケ平）"},{"pref":"静岡県","city":"田方郡函南町","town":"桑原（箱根峠）"}],"0912":[{"pref":"静岡県","city":"駿東郡清水町","town":"卸団地"}],"0904":[{"pref":"静岡県","city":"駿東郡清水町","town":"柿田"}],"0911":[{"pref":"静岡県","city":"駿東郡清水町","town":"久米田"}],"0901":[{"pref":"静岡県","city":"駿東郡清水町","town":"新宿"}],"0902":[{"pref":"静岡県","city":"駿東郡清水町","town":"玉川"}],"0903":[{"pref":"静岡県","city":"駿東郡清水町","town":"堂庭"}],"0917":[{"pref":"静岡県","city":"駿東郡清水町","town":"徳倉（上徳倉、下徳倉、外原）"}],"0913":[{"pref":"静岡県","city":"駿東郡清水町","town":"戸田"}],"0916":[{"pref":"静岡県","city":"駿東郡清水町","town":"中徳倉"}],"0905":[{"pref":"静岡県","city":"駿東郡清水町","town":"長沢"}],"0914":[{"pref":"静岡県","city":"駿東郡清水町","town":"畑中"}],"0907":[{"pref":"静岡県","city":"駿東郡清水町","town":"伏見"}],"0915":[{"pref":"静岡県","city":"駿東郡清水町","town":"的場"}],"0906":[{"pref":"静岡県","city":"駿東郡清水町","town":"八幡"}],"0918":[{"pref":"静岡県","city":"駿東郡清水町","town":"湯川"}],"0941":[{"pref":"静岡県","city":"駿東郡長泉町","town":"上土狩"}],"0935":[{"pref":"静岡県","city":"駿東郡長泉町","town":"上長窪"}],"0951":[{"pref":"静岡県","city":"駿東郡長泉町","town":"桜堤"}],"0943":[{"pref":"静岡県","city":"駿東郡長泉町","town":"下土狩"}],"0934":[{"pref":"静岡県","city":"駿東郡長泉町","town":"下長窪"}],"0944":[{"pref":"静岡県","city":"駿東郡長泉町","town":"竹原"}],"0942":[{"pref":"静岡県","city":"駿東郡長泉町","town":"中土狩"}],"0933":[{"pref":"静岡県","city":"駿東郡長泉町","town":"納米里"}],"0931":[{"pref":"静岡県","city":"駿東郡長泉町","town":"東野"}],"0945":[{"pref":"静岡県","city":"駿東郡長泉町","town":"本宿"}],"0932":[{"pref":"静岡県","city":"駿東郡長泉町","town":"南一色"}],"0936":[{"pref":"静岡県","city":"駿東郡長泉町","town":"元長窪"}]}