{"0000":[{"pref":"愛知県","city":"弥富市","town":"以下に掲載がない場合"},{"pref":"三重県","city":"桑名郡木曽岬町","town":"以下に掲載がない場合"}],"0060":[{"pref":"愛知県","city":"弥富市","town":"曙"}],"0053":[{"pref":"愛知県","city":"弥富市","town":"稲狐町"}],"0045":[{"pref":"愛知県","city":"弥富市","town":"稲元"},{"pref":"愛知県","city":"弥富市","town":"稲元町"}],"0048":[{"pref":"愛知県","city":"弥富市","town":"稲吉"}],"0052":[{"pref":"愛知県","city":"弥富市","town":"稲荷"},{"pref":"愛知県","city":"弥富市","town":"稲荷町"}],"0056":[{"pref":"愛知県","city":"弥富市","town":"稲荷崎"},{"pref":"愛知県","city":"弥富市","town":"稲荷崎町"}],"0067":[{"pref":"愛知県","city":"弥富市","town":"上野町"}],"0023":[{"pref":"愛知県","city":"弥富市","town":"鯏浦町（上六）"}],"0024":[{"pref":"愛知県","city":"弥富市","town":"鯏浦町（気開）"}],"0022":[{"pref":"愛知県","city":"弥富市","town":"鯏浦町（下六）"}],"0028":[{"pref":"愛知県","city":"弥富市","town":"鯏浦町（中六）"}],"0026":[{"pref":"愛知県","city":"弥富市","town":"鯏浦町（西前新田）"}],"0027":[{"pref":"愛知県","city":"弥富市","town":"鯏浦町（南前新田）"}],"0021":[{"pref":"愛知県","city":"弥富市","town":"鯏浦町（その他）"}],"0040":[{"pref":"愛知県","city":"弥富市","town":"栄南町"}],"0015":[{"pref":"愛知県","city":"弥富市","town":"海老江"}],"0062":[{"pref":"愛知県","city":"弥富市","town":"大谷"}],"0049":[{"pref":"愛知県","city":"弥富市","town":"大縄場町"}],"0039":[{"pref":"愛知県","city":"弥富市","town":"大藤町"}],"0047":[{"pref":"愛知県","city":"弥富市","town":"加稲"}],"0007":[{"pref":"愛知県","city":"弥富市","town":"鎌倉町"}],"0035":[{"pref":"愛知県","city":"弥富市","town":"鎌島"}],"0013":[{"pref":"愛知県","city":"弥富市","town":"川平"}],"0037":[{"pref":"愛知県","city":"弥富市","town":"川原欠"},{"pref":"愛知県","city":"弥富市","town":"川原欠町"}],"0043":[{"pref":"愛知県","city":"弥富市","town":"寛延"}],"0044":[{"pref":"愛知県","city":"弥富市","town":"間崎"},{"pref":"愛知県","city":"弥富市","town":"間崎町"}],"0051":[{"pref":"愛知県","city":"弥富市","town":"狐地"},{"pref":"愛知県","city":"弥富市","town":"狐地町"}],"0066":[{"pref":"愛知県","city":"弥富市","town":"楠"}],"0061":[{"pref":"愛知県","city":"弥富市","town":"操出"}],"0016":[{"pref":"愛知県","city":"弥富市","town":"小島町"}],"0018":[{"pref":"愛知県","city":"弥富市","town":"五之三川平"}],"0012":[{"pref":"愛知県","city":"弥富市","town":"五之三町"}],"0065":[{"pref":"愛知県","city":"弥富市","town":"駒野町"}],"0014":[{"pref":"愛知県","city":"弥富市","town":"五明"},{"pref":"愛知県","city":"弥富市","town":"五明町"}],"0055":[{"pref":"愛知県","city":"弥富市","town":"境町"}],"0006":[{"pref":"愛知県","city":"弥富市","town":"佐古木"}],"0054":[{"pref":"愛知県","city":"弥富市","town":"三稲"},{"pref":"愛知県","city":"弥富市","town":"三稲町"}],"0041":[{"pref":"愛知県","city":"弥富市","town":"芝井"},{"pref":"愛知県","city":"弥富市","town":"芝井町"}],"0058":[{"pref":"愛知県","city":"弥富市","town":"富島"},{"pref":"愛知県","city":"弥富市","town":"富島町"}],"0069":[{"pref":"愛知県","city":"弥富市","town":"富浜"}],"0057":[{"pref":"愛知県","city":"弥富市","town":"中原"},{"pref":"愛知県","city":"弥富市","town":"中原町"}],"0038":[{"pref":"愛知県","city":"弥富市","town":"中山町"}],"0068":[{"pref":"愛知県","city":"弥富市","town":"鍋田町"}],"0064":[{"pref":"愛知県","city":"弥富市","town":"西末広"}],"0001":[{"pref":"愛知県","city":"弥富市","town":"西中地町"}],"0011":[{"pref":"愛知県","city":"弥富市","town":"荷之上町"}],"0063":[{"pref":"愛知県","city":"弥富市","town":"東末広"}],"0002":[{"pref":"愛知県","city":"弥富市","town":"東中地"}],"0025":[{"pref":"愛知県","city":"弥富市","town":"平島町（喜右味名）"}],"0031":[{"pref":"愛知県","city":"弥富市","town":"平島町（その他）"}],"0032":[{"pref":"愛知県","city":"弥富市","town":"平島中"}],"0033":[{"pref":"愛知県","city":"弥富市","town":"平島西"}],"0034":[{"pref":"愛知県","city":"弥富市","town":"平島東"}],"0017":[{"pref":"愛知県","city":"弥富市","town":"前ケ須町"}],"0003":[{"pref":"愛知県","city":"弥富市","town":"前ケ平"}],"0004":[{"pref":"愛知県","city":"弥富市","town":"又八"},{"pref":"愛知県","city":"弥富市","town":"又八町"}],"0042":[{"pref":"愛知県","city":"弥富市","town":"松名"},{"pref":"愛知県","city":"弥富市","town":"松名町"}],"0046":[{"pref":"愛知県","city":"弥富市","town":"三好"},{"pref":"愛知県","city":"弥富市","town":"三好町"}],"0036":[{"pref":"愛知県","city":"弥富市","town":"森津"},{"pref":"愛知県","city":"弥富市","town":"森津町"}],"0005":[{"pref":"愛知県","city":"弥富市","town":"楽平"}],"0803":[{"pref":"三重県","city":"桑名郡木曽岬町","town":"和泉"}],"0808":[{"pref":"三重県","city":"桑名郡木曽岬町","town":"近江島"}],"0823":[{"pref":"三重県","city":"桑名郡木曽岬町","town":"和富"}],"0801":[{"pref":"三重県","city":"桑名郡木曽岬町","town":"加路戸"}],"0810":[{"pref":"三重県","city":"桑名郡木曽岬町","town":"川先"}],"0818":[{"pref":"三重県","city":"桑名郡木曽岬町","town":"雁ケ地"}],"0802":[{"pref":"三重県","city":"桑名郡木曽岬町","town":"見入"}],"0822":[{"pref":"三重県","city":"桑名郡木曽岬町","town":"見入流作"}],"0816":[{"pref":"三重県","city":"桑名郡木曽岬町","town":"源緑輪中"}],"0804":[{"pref":"三重県","city":"桑名郡木曽岬町","town":"小和泉"}],"0805":[{"pref":"三重県","city":"桑名郡木曽岬町","town":"小林"}],"0811":[{"pref":"三重県","city":"桑名郡木曽岬町","town":"栄"}],"0821":[{"pref":"三重県","city":"桑名郡木曽岬町","town":"新加路戸"}],"0824":[{"pref":"三重県","city":"桑名郡木曽岬町","town":"新輪"}],"0806":[{"pref":"三重県","city":"桑名郡木曽岬町","town":"外平喜"}],"0819":[{"pref":"三重県","city":"桑名郡木曽岬町","town":"田代"}],"0813":[{"pref":"三重県","city":"桑名郡木曽岬町","town":"富田子"}],"0812":[{"pref":"三重県","city":"桑名郡木曽岬町","town":"中和泉"}],"0807":[{"pref":"三重県","city":"桑名郡木曽岬町","town":"西対海地"}],"0815":[{"pref":"三重県","city":"桑名郡木曽岬町","town":"白鷺"}],"0817":[{"pref":"三重県","city":"桑名郡木曽岬町","town":"松永"}],"0814":[{"pref":"三重県","city":"桑名郡木曽岬町","town":"三崎"}]}