{"0821":[{"pref":"静岡県","city":"静岡市清水区","town":"相生町"}],"0805":[{"pref":"静岡県","city":"静岡市清水区","town":"愛染町"}],"0843":[{"pref":"静岡県","city":"静岡市清水区","town":"青葉町"}],"0801":[{"pref":"静岡県","city":"静岡市清水区","town":"秋吉町"}],"0822":[{"pref":"静岡県","city":"静岡市清水区","town":"旭町"}],"0107":[{"pref":"静岡県","city":"静岡市清水区","town":"新丹谷"}],"0838":[{"pref":"静岡県","city":"静岡市清水区","town":"淡島町"}],"0027":[{"pref":"静岡県","city":"静岡市清水区","town":"飯田町"}],"0112":[{"pref":"静岡県","city":"静岡市清水区","town":"伊佐布"}],"0005":[{"pref":"静岡県","city":"静岡市清水区","town":"石川"}],"0007":[{"pref":"静岡県","city":"静岡市清水区","town":"石川新町"}],"0006":[{"pref":"静岡県","city":"静岡市清水区","town":"石川本町"}],"0114":[{"pref":"静岡県","city":"静岡市清水区","town":"庵原町"}],"0874":[{"pref":"静岡県","city":"静岡市清水区","town":"今泉"}],"0831":[{"pref":"静岡県","city":"静岡市清水区","town":"入江"}],"0839":[{"pref":"静岡県","city":"静岡市清水区","town":"入江岡町"}],"0832":[{"pref":"静岡県","city":"静岡市清水区","town":"入江南町"}],"0942":[{"pref":"静岡県","city":"静岡市清水区","town":"入船町"}],"0873":[{"pref":"静岡県","city":"静岡市清水区","town":"有東坂"}],"0879":[{"pref":"静岡県","city":"静岡市清水区","town":"有度本町"}],"0938":[{"pref":"静岡県","city":"静岡市清水区","town":"梅が岡"}],"0001":[{"pref":"静岡県","city":"静岡市清水区","town":"梅ケ谷"}],"0948":[{"pref":"静岡県","city":"静岡市清水区","town":"梅田町"}],"0871":[{"pref":"静岡県","city":"静岡市清水区","town":"上原"}],"0043":[{"pref":"静岡県","city":"静岡市清水区","town":"永楽町"}],"0044":[{"pref":"静岡県","city":"静岡市清水区","town":"江尻台町"}],"0818":[{"pref":"静岡県","city":"静岡市清水区","town":"江尻町"}],"0815":[{"pref":"静岡県","city":"静岡市清水区","town":"江尻東"}],"0054":[{"pref":"静岡県","city":"静岡市清水区","town":"恵比寿町"}],"0841":[{"pref":"静岡県","city":"静岡市清水区","town":"追分"}],"0061":[{"pref":"静岡県","city":"静岡市清水区","town":"大内"}],"0062":[{"pref":"静岡県","city":"静岡市清水区","town":"大内新田"}],"0858":[{"pref":"静岡県","city":"静岡市清水区","town":"大沢町"}],"0847":[{"pref":"静岡県","city":"静岡市清水区","town":"大坪"}],"0808":[{"pref":"静岡県","city":"静岡市清水区","town":"大手"}],"0411":[{"pref":"静岡県","city":"静岡市清水区","town":"大平"}],"0931":[{"pref":"静岡県","city":"静岡市清水区","town":"岡町"}],"0203":[{"pref":"静岡県","city":"静岡市清水区","town":"興津東町"}],"0202":[{"pref":"静岡県","city":"静岡市清水区","town":"興津井上町"}],"0206":[{"pref":"静岡県","city":"静岡市清水区","town":"興津清見寺町"}],"0204":[{"pref":"静岡県","city":"静岡市清水区","town":"興津中町"}],"0205":[{"pref":"静岡県","city":"静岡市清水区","town":"興津本町"}],"0008":[{"pref":"静岡県","city":"静岡市清水区","town":"押切"}],"0812":[{"pref":"静岡県","city":"静岡市清水区","town":"小芝町"}],"0305":[{"pref":"静岡県","city":"静岡市清水区","town":"小島町"}],"0306":[{"pref":"静岡県","city":"静岡市清水区","town":"小島本町"}],"0103":[{"pref":"静岡県","city":"静岡市清水区","town":"尾羽"}],"0902":[{"pref":"静岡県","city":"静岡市清水区","town":"折戸"}],"0009":[{"pref":"静岡県","city":"静岡市清水区","town":"柏尾"}],"0842":[{"pref":"静岡県","city":"静岡市清水区","town":"春日"}],"0827":[{"pref":"静岡県","city":"静岡市清水区","town":"上"}],"0835":[{"pref":"静岡県","city":"静岡市清水区","town":"上清水町"}],"0857":[{"pref":"静岡県","city":"静岡市清水区","town":"川原町"}],"0852":[{"pref":"静岡県","city":"静岡市清水区","town":"神田町"}],"0865":[{"pref":"静岡県","city":"静岡市清水区","town":"北矢部"}],"0937":[{"pref":"静岡県","city":"静岡市清水区","town":"北矢部町"}],"0052":[{"pref":"静岡県","city":"静岡市清水区","town":"北脇"}],"0051":[{"pref":"静岡県","city":"静岡市清水区","town":"北脇新田"}],"0055":[{"pref":"静岡県","city":"静岡市清水区","town":"吉川"}],"0846":[{"pref":"静岡県","city":"静岡市清水区","town":"木の下町"}],"0402":[{"pref":"静岡県","city":"静岡市清水区","town":"清地"}],"0817":[{"pref":"静岡県","city":"静岡市清水区","town":"銀座"}],"0104":[{"pref":"静岡県","city":"静岡市清水区","town":"草ケ谷"}],"0886":[{"pref":"静岡県","city":"静岡市清水区","town":"草薙"}],"0884":[{"pref":"静岡県","city":"静岡市清水区","town":"草薙一里山"}],"0883":[{"pref":"静岡県","city":"静岡市清水区","town":"草薙北"}],"0885":[{"pref":"静岡県","city":"静岡市清水区","town":"草薙杉道"}],"0881":[{"pref":"静岡県","city":"静岡市清水区","town":"楠"}],"0882":[{"pref":"静岡県","city":"静岡市清水区","town":"楠新田"}],"0412":[{"pref":"静岡県","city":"静岡市清水区","town":"河内"}],"0914":[{"pref":"静岡県","city":"静岡市清水区","town":"港南町"}],"0302":[{"pref":"静岡県","city":"静岡市清水区","town":"小河内"}],"0917":[{"pref":"静岡県","city":"静岡市清水区","town":"駒越"}],"0906":[{"pref":"静岡県","city":"静岡市清水区","town":"駒越北町"}],"0904":[{"pref":"静岡県","city":"静岡市清水区","town":"駒越中"}],"0905":[{"pref":"静岡県","city":"静岡市清水区","town":"駒越西"}],"0907":[{"pref":"静岡県","city":"静岡市清水区","town":"駒越東町"}],"0903":[{"pref":"静岡県","city":"静岡市清水区","town":"駒越南町"}],"0923":[{"pref":"静岡県","city":"静岡市清水区","town":"幸町"}],"0836":[{"pref":"静岡県","city":"静岡市清水区","town":"桜が丘町"}],"0837":[{"pref":"静岡県","city":"静岡市清水区","town":"桜橋町"}],"0933":[{"pref":"静岡県","city":"静岡市清水区","town":"三光町"}],"0405":[{"pref":"静岡県","city":"静岡市清水区","town":"茂野島"}],"0301":[{"pref":"静岡県","city":"静岡市清水区","town":"宍原"}],"0053":[{"pref":"静岡県","city":"静岡市清水区","town":"渋川"}],"0823":[{"pref":"静岡県","city":"静岡市清水区","town":"島崎町"}],"0947":[{"pref":"静岡県","city":"静岡市清水区","town":"清水町"}],"0925":[{"pref":"静岡県","city":"静岡市清水区","town":"清水村松地先新田"}],"0939":[{"pref":"静岡県","city":"静岡市清水区","town":"下清水町"}],"0021":[{"pref":"静岡県","city":"静岡市清水区","town":"下野北"}],"0011":[{"pref":"静岡県","city":"静岡市清水区","town":"下野町"}],"0029":[{"pref":"静岡県","city":"静岡市清水区","town":"下野中"}],"0012":[{"pref":"静岡県","city":"静岡市清水区","town":"下野西"}],"0028":[{"pref":"静岡県","city":"静岡市清水区","town":"下野東"}],"0013":[{"pref":"静岡県","city":"静岡市清水区","town":"下野緑町"}],"0201":[{"pref":"静岡県","city":"静岡市清水区","town":"承元寺町"}],"0855":[{"pref":"静岡県","city":"静岡市清水区","town":"庄福町"}],"0856":[{"pref":"静岡県","city":"静岡市清水区","town":"上力町"}],"0833":[{"pref":"静岡県","city":"静岡市清水区","town":"新富町"}],"0927":[{"pref":"静岡県","city":"静岡市清水区","town":"新緑町"}],"0824":[{"pref":"静岡県","city":"静岡市清水区","town":"新港町"}],"0106":[{"pref":"静岡県","city":"静岡市清水区","town":"杉山"}],"0924":[{"pref":"静岡県","city":"静岡市清水区","town":"清開"}],"0915":[{"pref":"静岡県","city":"静岡市清水区","town":"増"}],"0037":[{"pref":"静岡県","city":"静岡市清水区","town":"袖師町"}],"0041":[{"pref":"静岡県","city":"静岡市清水区","town":"高橋"}],"0048":[{"pref":"静岡県","city":"静岡市清水区","town":"高橋町"}],"0042":[{"pref":"静岡県","city":"静岡市清水区","town":"高橋南町"}],"0404":[{"pref":"静岡県","city":"静岡市清水区","town":"高山"}],"0813":[{"pref":"静岡県","city":"静岡市清水区","town":"宝町"}],"0303":[{"pref":"静岡県","city":"静岡市清水区","town":"但沼町"}],"0304":[{"pref":"静岡県","city":"静岡市清水区","town":"立花"}],"0804":[{"pref":"静岡県","city":"静岡市清水区","town":"田町"}],"0828":[{"pref":"静岡県","city":"静岡市清水区","town":"千歳町"}],"0944":[{"pref":"静岡県","city":"静岡市清水区","town":"築地町"}],"0853":[{"pref":"静岡県","city":"静岡市清水区","town":"月見町"}],"0806":[{"pref":"静岡県","city":"静岡市清水区","town":"辻"}],"0047":[{"pref":"静岡県","city":"静岡市清水区","town":"鶴舞町"}],"0809":[{"pref":"静岡県","city":"静岡市清水区","town":"天神"}],"0015":[{"pref":"静岡県","city":"静岡市清水区","town":"天王町"}],"0016":[{"pref":"静岡県","city":"静岡市清水区","town":"天王西"}],"0017":[{"pref":"静岡県","city":"静岡市清水区","town":"天王東"}],"0014":[{"pref":"静岡県","city":"静岡市清水区","town":"天王南"}],"0414":[{"pref":"静岡県","city":"静岡市清水区","town":"土"}],"0851":[{"pref":"静岡県","city":"静岡市清水区","town":"堂林"}],"0406":[{"pref":"静岡県","city":"静岡市清水区","town":"葛沢"}],"0912":[{"pref":"静岡県","city":"静岡市清水区","town":"殿沢"}],"0829":[{"pref":"静岡県","city":"静岡市清水区","town":"巴町"}],"0067":[{"pref":"静岡県","city":"静岡市清水区","town":"鳥坂"}],"0401":[{"pref":"静岡県","city":"静岡市清水区","town":"中河内"}],"0065":[{"pref":"静岡県","city":"静岡市清水区","town":"長崎"}],"0064":[{"pref":"静岡県","city":"静岡市清水区","town":"長崎新田"}],"0068":[{"pref":"静岡県","city":"静岡市清水区","town":"長崎南町"}],"0888":[{"pref":"静岡県","city":"静岡市清水区","town":"中之郷"}],"0854":[{"pref":"静岡県","city":"静岡市清水区","town":"中矢部町"}],"0066":[{"pref":"静岡県","city":"静岡市清水区","town":"七ツ新屋"}],"0046":[{"pref":"静岡県","city":"静岡市清水区","town":"西大曲町"}],"0038":[{"pref":"静岡県","city":"静岡市清水区","town":"西久保"}],"0413":[{"pref":"静岡県","city":"静岡市清水区","town":"西里"}],"0844":[{"pref":"静岡県","city":"静岡市清水区","town":"西高町"}],"0811":[{"pref":"静岡県","city":"静岡市清水区","town":"二の丸町"}],"0415":[{"pref":"静岡県","city":"静岡市清水区","town":"布沢"}],"0935":[{"pref":"静岡県","city":"静岡市清水区","town":"沼田町"}],"0063":[{"pref":"静岡県","city":"静岡市清水区","town":"能島"}],"0003":[{"pref":"静岡県","city":"静岡市清水区","town":"蜂ケ谷"}],"0004":[{"pref":"静岡県","city":"静岡市清水区","town":"蜂ケ谷南町"}],"0834":[{"pref":"静岡県","city":"静岡市清水区","town":"浜田町"}],"0113":[{"pref":"静岡県","city":"静岡市清水区","town":"原"}],"0056":[{"pref":"静岡県","city":"静岡市清水区","town":"半左衛門新田"}],"0045":[{"pref":"静岡県","city":"静岡市清水区","town":"東大曲町"}],"0929":[{"pref":"静岡県","city":"静岡市清水区","town":"日立町"}],"0922":[{"pref":"静岡県","city":"静岡市清水区","town":"日の出町"}],"0872":[{"pref":"静岡県","city":"静岡市清水区","town":"平川地"}],"0102":[{"pref":"静岡県","city":"静岡市清水区","town":"広瀬"}],"0941":[{"pref":"静岡県","city":"静岡市清水区","town":"富士見町"}],"0866":[{"pref":"静岡県","city":"静岡市清水区","town":"船越"}],"0861":[{"pref":"静岡県","city":"静岡市清水区","town":"船越町"}],"0862":[{"pref":"静岡県","city":"静岡市清水区","town":"船越東町"}],"0863":[{"pref":"静岡県","city":"静岡市清水区","town":"船越南町"}],"0845":[{"pref":"静岡県","city":"静岡市清水区","town":"船原"}],"0916":[{"pref":"静岡県","city":"静岡市清水区","town":"蛇塚"}],"0057":[{"pref":"静岡県","city":"静岡市清水区","town":"堀込"}],"0814":[{"pref":"静岡県","city":"静岡市清水区","town":"本郷町"}],"0949":[{"pref":"静岡県","city":"静岡市清水区","town":"本町"}],"0816":[{"pref":"静岡県","city":"静岡市清水区","town":"真砂町"}],"0921":[{"pref":"静岡県","city":"静岡市清水区","town":"松井町"}],"0825":[{"pref":"静岡県","city":"静岡市清水区","town":"松原町"}],"0875":[{"pref":"静岡県","city":"静岡市清水区","town":"馬走"}],"0876":[{"pref":"静岡県","city":"静岡市清水区","town":"馬走北"}],"0877":[{"pref":"静岡県","city":"静岡市清水区","town":"馬走坂の上"}],"0826":[{"pref":"静岡県","city":"静岡市清水区","town":"万世町"}],"0878":[{"pref":"静岡県","city":"静岡市清水区","town":"御門台"}],"0928":[{"pref":"静岡県","city":"静岡市清水区","town":"緑が丘町"}],"0943":[{"pref":"静岡県","city":"静岡市清水区","town":"港町"}],"0932":[{"pref":"静岡県","city":"静岡市清水区","town":"南岡町"}],"0864":[{"pref":"静岡県","city":"静岡市清水区","town":"南矢部"}],"0945":[{"pref":"静岡県","city":"静岡市清水区","town":"美濃輪町"}],"0901":[{"pref":"静岡県","city":"静岡市清水区","town":"三保"}],"0908":[{"pref":"静岡県","city":"静岡市清水区","town":"三保松原町"}],"0911":[{"pref":"静岡県","city":"静岡市清水区","town":"宮加三"}],"0803":[{"pref":"静岡県","city":"静岡市清水区","town":"宮下町"}],"0807":[{"pref":"静岡県","city":"静岡市清水区","town":"宮代町"}],"0936":[{"pref":"静岡県","city":"静岡市清水区","town":"向田町"}],"0913":[{"pref":"静岡県","city":"静岡市清水区","town":"迎山町"}],"0926":[{"pref":"静岡県","city":"静岡市清水区","town":"村松"}],"0934":[{"pref":"静岡県","city":"静岡市清水区","town":"村松原"}],"0819":[{"pref":"静岡県","city":"静岡市清水区","town":"元城町"}],"0101":[{"pref":"静岡県","city":"静岡市清水区","town":"茂畑"}],"0212":[{"pref":"静岡県","city":"静岡市清水区","town":"八木間町"}],"0802":[{"pref":"静岡県","city":"静岡市清水区","town":"矢倉町"}],"0023":[{"pref":"静岡県","city":"静岡市清水区","town":"八坂北"}],"0022":[{"pref":"静岡県","city":"静岡市清水区","town":"八坂町"}],"0025":[{"pref":"静岡県","city":"静岡市清水区","town":"八坂西町"}],"0024":[{"pref":"静岡県","city":"静岡市清水区","town":"八坂東"}],"0026":[{"pref":"静岡県","city":"静岡市清水区","town":"八坂南町"}],"0887":[{"pref":"静岡県","city":"静岡市清水区","town":"谷田"}],"0946":[{"pref":"静岡県","city":"静岡市清水区","town":"八千代町"}],"0211":[{"pref":"静岡県","city":"静岡市清水区","town":"谷津町"}],"0105":[{"pref":"静岡県","city":"静岡市清水区","town":"山切"}],"0018":[{"pref":"静岡県","city":"静岡市清水区","town":"弥生町"}],"0002":[{"pref":"静岡県","city":"静岡市清水区","town":"山原"}],"0031":[{"pref":"静岡県","city":"静岡市清水区","town":"横砂"}],"0034":[{"pref":"静岡県","city":"静岡市清水区","town":"横砂中町"}],"0036":[{"pref":"静岡県","city":"静岡市清水区","town":"横砂西町"}],"0032":[{"pref":"静岡県","city":"静岡市清水区","town":"横砂東町"}],"0033":[{"pref":"静岡県","city":"静岡市清水区","town":"横砂本町"}],"0035":[{"pref":"静岡県","city":"静岡市清水区","town":"横砂南町"}],"0111":[{"pref":"静岡県","city":"静岡市清水区","town":"吉原"}],"0403":[{"pref":"静岡県","city":"静岡市清水区","town":"和田島"}]}