{"0000":[{"pref":"東京都","city":"日野市","town":"以下に掲載がない場合"}],"0065":[{"pref":"東京都","city":"日野市","town":"旭が丘"}],"0022":[{"pref":"東京都","city":"日野市","town":"新井"}],"0021":[{"pref":"東京都","city":"日野市","town":"石田"}],"0061":[{"pref":"東京都","city":"日野市","town":"大坂上"}],"0034":[{"pref":"東京都","city":"日野市","town":"落川"}],"0014":[{"pref":"東京都","city":"日野市","town":"上田"}],"0015":[{"pref":"東京都","city":"日野市","town":"川辺堀之内"}],"0001":[{"pref":"東京都","city":"日野市","town":"栄町"}],"0063":[{"pref":"東京都","city":"日野市","town":"さくら町"}],"0023":[{"pref":"東京都","city":"日野市","town":"下田"}],"0002":[{"pref":"東京都","city":"日野市","town":"新町"}],"0016":[{"pref":"東京都","city":"日野市","town":"神明"}],"0031":[{"pref":"東京都","city":"日野市","town":"高幡"}],"0062":[{"pref":"東京都","city":"日野市","town":"多摩平"}],"0051":[{"pref":"東京都","city":"日野市","town":"豊田（大字）"}],"0053":[{"pref":"東京都","city":"日野市","town":"豊田（丁目）"}],"0055":[{"pref":"東京都","city":"日野市","town":"西平山"}],"0052":[{"pref":"東京都","city":"日野市","town":"東豊田"}],"0054":[{"pref":"東京都","city":"日野市","town":"東平山"}],"0012":[{"pref":"東京都","city":"日野市","town":"日野"}],"0003":[{"pref":"東京都","city":"日野市","town":"日野台"}],"0011":[{"pref":"東京都","city":"日野市","town":"日野本町"}],"0043":[{"pref":"東京都","city":"日野市","town":"平山"}],"0064":[{"pref":"東京都","city":"日野市","town":"富士町"}],"0042":[{"pref":"東京都","city":"日野市","town":"程久保"}],"0024":[{"pref":"東京都","city":"日野市","town":"万願寺"}],"0032":[{"pref":"東京都","city":"日野市","town":"三沢"}],"0041":[{"pref":"東京都","city":"日野市","town":"南平"}],"0013":[{"pref":"東京都","city":"日野市","town":"宮"}],"0033":[{"pref":"東京都","city":"日野市","town":"百草"}]}