{"0000":[{"pref":"富山県","city":"魚津市","town":"以下に掲載がない場合"}],"0045":[{"pref":"富山県","city":"魚津市","town":"相木"}],"0047":[{"pref":"富山県","city":"魚津市","town":"相木新"}],"0063":[{"pref":"富山県","city":"魚津市","town":"青島"}],"0014":[{"pref":"富山県","city":"魚津市","town":"青柳"}],"0036":[{"pref":"富山県","city":"魚津市","town":"山女"}],"0847":[{"pref":"富山県","city":"魚津市","town":"浅生"}],"0846":[{"pref":"富山県","city":"魚津市","town":"有山"}],"0828":[{"pref":"富山県","city":"魚津市","town":"池谷"}],"0814":[{"pref":"富山県","city":"魚津市","town":"石垣"}],"0813":[{"pref":"富山県","city":"魚津市","town":"石垣新"}],"0821":[{"pref":"富山県","city":"魚津市","town":"出"}],"0812":[{"pref":"富山県","city":"魚津市","town":"印田"}],"0843":[{"pref":"富山県","city":"魚津市","town":"上野"}],"0051":[{"pref":"富山県","city":"魚津市","town":"駅前新町"}],"0017":[{"pref":"富山県","city":"魚津市","town":"江口"}],"0835":[{"pref":"富山県","city":"魚津市","town":"大熊"}],"0026":[{"pref":"富山県","city":"魚津市","town":"大沢"}],"0039":[{"pref":"富山県","city":"魚津市","town":"大菅沼"}],"0004":[{"pref":"富山県","city":"魚津市","town":"岡経田"}],"0022":[{"pref":"富山県","city":"魚津市","town":"小川寺"}],"0032":[{"pref":"富山県","city":"魚津市","town":"貝田新"}],"0834":[{"pref":"富山県","city":"魚津市","town":"鹿熊"}],"0054":[{"pref":"富山県","city":"魚津市","town":"金浦町"}],"0832":[{"pref":"富山県","city":"魚津市","town":"金山谷"}],"0865":[{"pref":"富山県","city":"魚津市","town":"上口"}],"0046":[{"pref":"富山県","city":"魚津市","town":"上村木"}],"0861":[{"pref":"富山県","city":"魚津市","town":"鴨川町"}],"0855":[{"pref":"富山県","city":"魚津市","town":"川原"}],"0856":[{"pref":"富山県","city":"魚津市","town":"川縁"}],"0831":[{"pref":"富山県","city":"魚津市","town":"観音堂"}],"0066":[{"pref":"富山県","city":"魚津市","town":"北鬼江"}],"0065":[{"pref":"富山県","city":"魚津市","town":"北中"}],"0826":[{"pref":"富山県","city":"魚津市","town":"北山"}],"0041":[{"pref":"富山県","city":"魚津市","town":"吉島"}],"0011":[{"pref":"富山県","city":"魚津市","town":"木下新"}],"0007":[{"pref":"富山県","city":"魚津市","town":"経田中町"}],"0006":[{"pref":"富山県","city":"魚津市","town":"経田西町"}],"0025":[{"pref":"富山県","city":"魚津市","town":"黒沢"}],"0035":[{"pref":"富山県","city":"魚津市","town":"黒谷"}],"0852":[{"pref":"富山県","city":"魚津市","town":"慶野"}],"0833":[{"pref":"富山県","city":"魚津市","town":"小菅沼"}],"0009":[{"pref":"富山県","city":"魚津市","town":"寿町"}],"0841":[{"pref":"富山県","city":"魚津市","town":"佐伯"}],"0857":[{"pref":"富山県","city":"魚津市","town":"三ケ"}],"0811":[{"pref":"富山県","city":"魚津市","town":"三田"}],"0003":[{"pref":"富山県","city":"魚津市","town":"持光寺"}],"0033":[{"pref":"富山県","city":"魚津市","town":"島尻"}],"0844":[{"pref":"富山県","city":"魚津市","town":"下椿"}],"0802":[{"pref":"富山県","city":"魚津市","town":"下村木町"}],"0067":[{"pref":"富山県","city":"魚津市","town":"釈迦堂"}],"0864":[{"pref":"富山県","city":"魚津市","town":"新角川"}],"0801":[{"pref":"富山県","city":"魚津市","town":"新金屋"}],"0010":[{"pref":"富山県","city":"魚津市","town":"新経田"}],"0863":[{"pref":"富山県","city":"魚津市","town":"新宿"}],"0867":[{"pref":"富山県","city":"魚津市","town":"真成寺町"}],"0059":[{"pref":"富山県","city":"魚津市","town":"末広町"}],"0851":[{"pref":"富山県","city":"魚津市","town":"住吉"}],"0056":[{"pref":"富山県","city":"魚津市","town":"諏訪町"}],"0815":[{"pref":"富山県","city":"魚津市","town":"大海寺新"}],"0816":[{"pref":"富山県","city":"魚津市","town":"大海寺野"}],"0807":[{"pref":"富山県","city":"魚津市","town":"大光寺"}],"0064":[{"pref":"富山県","city":"魚津市","town":"高畠"}],"0016":[{"pref":"富山県","city":"魚津市","town":"立石"}],"0055":[{"pref":"富山県","city":"魚津市","town":"中央通り"}],"0827":[{"pref":"富山県","city":"魚津市","town":"坪野"}],"0013":[{"pref":"富山県","city":"魚津市","town":"天神野新"}],"0005":[{"pref":"富山県","city":"魚津市","town":"天王"}],"0031":[{"pref":"富山県","city":"魚津市","town":"道坂"}],"0034":[{"pref":"富山県","city":"魚津市","town":"東城"}],"0037":[{"pref":"富山県","city":"魚津市","town":"東蔵"}],"0806":[{"pref":"富山県","city":"魚津市","town":"友道"}],"0837":[{"pref":"富山県","city":"魚津市","town":"虎谷"}],"0023":[{"pref":"富山県","city":"魚津市","town":"長引野"}],"0804":[{"pref":"富山県","city":"魚津市","town":"並木町"}],"0018":[{"pref":"富山県","city":"魚津市","town":"西尾崎"}],"0836":[{"pref":"富山県","city":"魚津市","town":"鉢"}],"0001":[{"pref":"富山県","city":"魚津市","town":"浜経田"}],"0825":[{"pref":"富山県","city":"魚津市","town":"稗畠"}],"0028":[{"pref":"富山県","city":"魚津市","town":"日尾"}],"0012":[{"pref":"富山県","city":"魚津市","town":"東尾崎"}],"0008":[{"pref":"富山県","city":"魚津市","town":"東町"}],"0015":[{"pref":"富山県","city":"魚津市","town":"東山"}],"0058":[{"pref":"富山県","city":"魚津市","town":"火の宮町"}],"0038":[{"pref":"富山県","city":"魚津市","town":"平沢"}],"0043":[{"pref":"富山県","city":"魚津市","town":"袋"}],"0024":[{"pref":"富山県","city":"魚津市","town":"布施爪"}],"0868":[{"pref":"富山県","city":"魚津市","town":"双葉町"}],"0061":[{"pref":"富山県","city":"魚津市","town":"仏田"}],"0062":[{"pref":"富山県","city":"魚津市","town":"仏又"}],"0862":[{"pref":"富山県","city":"魚津市","town":"文化町"}],"0002":[{"pref":"富山県","city":"魚津市","town":"平伝寺"}],"0021":[{"pref":"富山県","city":"魚津市","town":"蛇田"}],"0805":[{"pref":"富山県","city":"魚津市","town":"本江"}],"0803":[{"pref":"富山県","city":"魚津市","town":"本江新町"}],"0866":[{"pref":"富山県","city":"魚津市","town":"本町"}],"0845":[{"pref":"富山県","city":"魚津市","town":"舛方"}],"0822":[{"pref":"富山県","city":"魚津市","town":"舛田"}],"0027":[{"pref":"富山県","city":"魚津市","town":"御影"}],"0052":[{"pref":"富山県","city":"魚津市","town":"緑町"}],"0057":[{"pref":"富山県","city":"魚津市","town":"港町"}],"0853":[{"pref":"富山県","city":"魚津市","town":"宮津"}],"0053":[{"pref":"富山県","city":"魚津市","town":"村木町"}],"0824":[{"pref":"富山県","city":"魚津市","town":"室田"}],"0068":[{"pref":"富山県","city":"魚津市","town":"本新"},{"pref":"富山県","city":"魚津市","town":"本新町"}],"0854":[{"pref":"富山県","city":"魚津市","town":"弥源寺"}],"0823":[{"pref":"富山県","city":"魚津市","town":"湯上"}],"0044":[{"pref":"富山県","city":"魚津市","town":"横枕"}],"0842":[{"pref":"富山県","city":"魚津市","town":"吉野"}],"0042":[{"pref":"富山県","city":"魚津市","town":"六郎丸"}]}