{"1100":[{"pref":"福岡県","city":"鞍手郡小竹町","town":"以下に掲載がない場合"}],"1101":[{"pref":"福岡県","city":"鞍手郡小竹町","town":"御徳"}],"1102":[{"pref":"福岡県","city":"鞍手郡小竹町","town":"赤地"}],"1103":[{"pref":"福岡県","city":"鞍手郡小竹町","town":"勝野"}],"1104":[{"pref":"福岡県","city":"鞍手郡小竹町","town":"新多"}],"1105":[{"pref":"福岡県","city":"鞍手郡小竹町","town":"新山崎"}],"1106":[{"pref":"福岡県","city":"鞍手郡小竹町","town":"南良津"}],"1111":[{"pref":"福岡県","city":"飯塚市","town":"勢田"}],"1112":[{"pref":"福岡県","city":"飯塚市","town":"鹿毛馬"}],"1113":[{"pref":"福岡県","city":"飯塚市","town":"佐與"}],"1114":[{"pref":"福岡県","city":"飯塚市","town":"口原"}],"0000":[{"pref":"福岡県","city":"飯塚市","town":"以下に掲載がない場合"}],"0052":[{"pref":"福岡県","city":"飯塚市","town":"相田"}],"0704":[{"pref":"福岡県","city":"飯塚市","town":"阿恵"}],"0106":[{"pref":"福岡県","city":"飯塚市","town":"赤坂"}],"0083":[{"pref":"福岡県","city":"飯塚市","town":"秋松"}],"0112":[{"pref":"福岡県","city":"飯塚市","town":"有井"}],"0111":[{"pref":"福岡県","city":"飯塚市","town":"有安"}],"0041":[{"pref":"福岡県","city":"飯塚市","town":"飯塚"}],"0054":[{"pref":"福岡県","city":"飯塚市","town":"伊川"}],"0053":[{"pref":"福岡県","city":"飯塚市","town":"伊岐須"}],"0103":[{"pref":"福岡県","city":"飯塚市","town":"入水"}],"0706":[{"pref":"福岡県","city":"飯塚市","town":"内野"}],"0021":[{"pref":"福岡県","city":"飯塚市","town":"潤野"}],"0081":[{"pref":"福岡県","city":"飯塚市","town":"枝国"}],"0114":[{"pref":"福岡県","city":"飯塚市","town":"大門"}],"0089":[{"pref":"福岡県","city":"飯塚市","town":"小正"}],"0068":[{"pref":"福岡県","city":"飯塚市","town":"片島"}],"0013":[{"pref":"福岡県","city":"飯塚市","town":"上三緒"}],"0011":[{"pref":"福岡県","city":"飯塚市","town":"柏の森"}],"0002":[{"pref":"福岡県","city":"飯塚市","town":"川島"}],"0067":[{"pref":"福岡県","city":"飯塚市","town":"川津"}],"0703":[{"pref":"福岡県","city":"飯塚市","town":"北古賀"}],"0078":[{"pref":"福岡県","city":"飯塚市","town":"久保白"}],"0707":[{"pref":"福岡県","city":"飯塚市","town":"桑曲"}],"0049":[{"pref":"福岡県","city":"飯塚市","town":"建花寺"}],"0066":[{"pref":"福岡県","city":"飯塚市","town":"幸袋"}],"0015":[{"pref":"福岡県","city":"飯塚市","town":"菰田"}],"0016":[{"pref":"福岡県","city":"飯塚市","town":"菰田東"}],"0017":[{"pref":"福岡県","city":"飯塚市","town":"菰田西"}],"0012":[{"pref":"福岡県","city":"飯塚市","town":"下三緒"}],"0062":[{"pref":"福岡県","city":"飯塚市","town":"目尾"}],"0087":[{"pref":"福岡県","city":"飯塚市","town":"舎利蔵"}],"0051":[{"pref":"福岡県","city":"飯塚市","town":"庄司"}],"0113":[{"pref":"福岡県","city":"飯塚市","town":"庄内元吉"}],"0005":[{"pref":"福岡県","city":"飯塚市","town":"新飯塚"}],"0004":[{"pref":"福岡県","city":"飯塚市","town":"新立岩"}],"0046":[{"pref":"福岡県","city":"飯塚市","town":"大日寺"}],"0712":[{"pref":"福岡県","city":"飯塚市","town":"大分"}],"0104":[{"pref":"福岡県","city":"飯塚市","town":"高倉"}],"0079":[{"pref":"福岡県","city":"飯塚市","town":"高田"}],"0116":[{"pref":"福岡県","city":"飯塚市","town":"多田"}],"0071":[{"pref":"福岡県","city":"飯塚市","town":"忠隈"}],"0003":[{"pref":"福岡県","city":"飯塚市","town":"立岩"}],"0076":[{"pref":"福岡県","city":"飯塚市","town":"太郎丸"}],"0705":[{"pref":"福岡県","city":"飯塚市","town":"筑穂元吉"}],"0064":[{"pref":"福岡県","city":"飯塚市","town":"津島"}],"0105":[{"pref":"福岡県","city":"飯塚市","town":"筒野"}],"0101":[{"pref":"福岡県","city":"飯塚市","town":"綱分"}],"0084":[{"pref":"福岡県","city":"飯塚市","town":"椿"}],"0014":[{"pref":"福岡県","city":"飯塚市","town":"鶴三緒"}],"0086":[{"pref":"福岡県","city":"飯塚市","town":"津原"}],"0075":[{"pref":"福岡県","city":"飯塚市","town":"天道"}],"0033":[{"pref":"福岡県","city":"飯塚市","town":"徳前"}],"0713":[{"pref":"福岡県","city":"飯塚市","town":"内住"}],"0065":[{"pref":"福岡県","city":"飯塚市","town":"中"}],"0701":[{"pref":"福岡県","city":"飯塚市","town":"長尾"}],"0001":[{"pref":"福岡県","city":"飯塚市","town":"鯰田"}],"0031":[{"pref":"福岡県","city":"飯塚市","town":"西徳前"}],"0043":[{"pref":"福岡県","city":"飯塚市","town":"西町"}],"0115":[{"pref":"福岡県","city":"飯塚市","town":"仁保"}],"0045":[{"pref":"福岡県","city":"飯塚市","town":"花瀬"}],"0032":[{"pref":"福岡県","city":"飯塚市","town":"東徳前"}],"0702":[{"pref":"福岡県","city":"飯塚市","town":"平塚"}],"0073":[{"pref":"福岡県","city":"飯塚市","town":"平恒"}],"0088":[{"pref":"福岡県","city":"飯塚市","town":"弁分"}],"0070":[{"pref":"福岡県","city":"飯塚市","town":"堀池"}],"0042":[{"pref":"福岡県","city":"飯塚市","town":"本町"}],"0709":[{"pref":"福岡県","city":"飯塚市","town":"馬敷"}],"0072":[{"pref":"福岡県","city":"飯塚市","town":"南尾"}],"0069":[{"pref":"福岡県","city":"飯塚市","town":"宮町"}],"0022":[{"pref":"福岡県","city":"飯塚市","town":"明星寺"}],"0077":[{"pref":"福岡県","city":"飯塚市","town":"椋本"}],"0047":[{"pref":"福岡県","city":"飯塚市","town":"八木山"}],"0085":[{"pref":"福岡県","city":"飯塚市","town":"安恒"}],"0063":[{"pref":"福岡県","city":"飯塚市","town":"柳橋"}],"0711":[{"pref":"福岡県","city":"飯塚市","town":"山口"}],"0102":[{"pref":"福岡県","city":"飯塚市","town":"山倉"}],"0708":[{"pref":"福岡県","city":"飯塚市","town":"弥山"}],"0044":[{"pref":"福岡県","city":"飯塚市","town":"横田"}],"0018":[{"pref":"福岡県","city":"飯塚市","town":"芳雄町"}],"0040":[{"pref":"福岡県","city":"飯塚市","town":"吉原町"}],"0061":[{"pref":"福岡県","city":"飯塚市","town":"吉北"}],"0074":[{"pref":"福岡県","city":"飯塚市","town":"楽市"}],"0048":[{"pref":"福岡県","city":"飯塚市","town":"蓮台寺"}],"0082":[{"pref":"福岡県","city":"飯塚市","town":"若菜"}],"0200":[{"pref":"福岡県","city":"嘉麻市","town":"以下に掲載がない場合"}],"0331":[{"pref":"福岡県","city":"嘉麻市","town":"芥田"}],"0501":[{"pref":"福岡県","city":"嘉麻市","town":"飯田"}],"0334":[{"pref":"福岡県","city":"嘉麻市","town":"泉河内"}],"0204":[{"pref":"福岡県","city":"嘉麻市","town":"稲築才田"}],"0205":[{"pref":"福岡県","city":"嘉麻市","town":"岩崎"}],"0301":[{"pref":"福岡県","city":"嘉麻市","town":"牛隈"}],"0321":[{"pref":"福岡県","city":"嘉麻市","town":"馬見"}],"0201":[{"pref":"福岡県","city":"嘉麻市","town":"漆生"}],"0304":[{"pref":"福岡県","city":"嘉麻市","town":"大隈（その他）"}],"0302":[{"pref":"福岡県","city":"嘉麻市","town":"大隈町（その他）"}],"0314":[{"pref":"福岡県","city":"嘉麻市","town":"小野谷"}],"0336":[{"pref":"福岡県","city":"嘉麻市","town":"嘉穂才田"}],"0311":[{"pref":"福岡県","city":"嘉麻市","town":"上"}],"0502":[{"pref":"福岡県","city":"嘉麻市","town":"上臼井"}],"0306":[{"pref":"福岡県","city":"嘉麻市","town":"上西郷"}],"0206":[{"pref":"福岡県","city":"嘉麻市","town":"鴨生"}],"0207":[{"pref":"福岡県","city":"嘉麻市","town":"口春"}],"0337":[{"pref":"福岡県","city":"嘉麻市","town":"九郎原"}],"0313":[{"pref":"福岡県","city":"嘉麻市","town":"桑野"}],"0503":[{"pref":"福岡県","city":"嘉麻市","town":"光代"}],"0305":[{"pref":"福岡県","city":"嘉麻市","town":"貞月"}],"0323":[{"pref":"福岡県","city":"嘉麻市","town":"椎木"}],"0504":[{"pref":"福岡県","city":"嘉麻市","town":"下臼井"}],"0332":[{"pref":"福岡県","city":"嘉麻市","town":"千手"}],"0333":[{"pref":"福岡県","city":"嘉麻市","town":"大力"}],"0303":[{"pref":"福岡県","city":"嘉麻市","town":"中益"}],"0505":[{"pref":"福岡県","city":"嘉麻市","town":"西郷"}],"0335":[{"pref":"福岡県","city":"嘉麻市","town":"東畑"}],"0203":[{"pref":"福岡県","city":"嘉麻市","town":"平"}],"0506":[{"pref":"福岡県","city":"嘉麻市","town":"平山"}],"0322":[{"pref":"福岡県","city":"嘉麻市","town":"屏"}],"0312":[{"pref":"福岡県","city":"嘉麻市","town":"宮吉"}],"0202":[{"pref":"福岡県","city":"嘉麻市","town":"山野"}],"0600":[{"pref":"福岡県","city":"嘉穂郡桂川町","town":"以下に掲載がない場合"}],"0601":[{"pref":"福岡県","city":"嘉穂郡桂川町","town":"内山田"}],"0602":[{"pref":"福岡県","city":"嘉穂郡桂川町","town":"九郎丸"}],"0603":[{"pref":"福岡県","city":"嘉穂郡桂川町","town":"寿命"}],"0604":[{"pref":"福岡県","city":"嘉穂郡桂川町","town":"瀬戸"}],"0605":[{"pref":"福岡県","city":"嘉穂郡桂川町","town":"中屋"}],"0606":[{"pref":"福岡県","city":"嘉穂郡桂川町","town":"土居"}],"0607":[{"pref":"福岡県","city":"嘉穂郡桂川町","town":"土師"}],"0608":[{"pref":"福岡県","city":"嘉穂郡桂川町","town":"豆田"}],"0609":[{"pref":"福岡県","city":"嘉穂郡桂川町","town":"吉隈"}]}