{"0000":[{"pref":"神奈川県","city":"茅ヶ崎市","town":"以下に掲載がない場合"}],"0001":[{"pref":"神奈川県","city":"茅ヶ崎市","town":"赤羽根"}],"0013":[{"pref":"神奈川県","city":"茅ヶ崎市","town":"赤松町"}],"0026":[{"pref":"神奈川県","city":"茅ヶ崎市","town":"旭が丘"}],"0004":[{"pref":"神奈川県","city":"茅ヶ崎市","town":"甘沼"}],"0072":[{"pref":"神奈川県","city":"茅ヶ崎市","town":"今宿"}],"0084":[{"pref":"神奈川県","city":"茅ヶ崎市","town":"円蔵"}],"0082":[{"pref":"神奈川県","city":"茅ヶ崎市","town":"香川"}],"0016":[{"pref":"神奈川県","city":"茅ヶ崎市","town":"小桜町"}],"0012":[{"pref":"神奈川県","city":"茅ヶ崎市","town":"小和田"}],"0052":[{"pref":"神奈川県","city":"茅ヶ崎市","town":"幸町"}],"0033":[{"pref":"神奈川県","city":"茅ヶ崎市","town":"汐見台"}],"0081":[{"pref":"神奈川県","city":"茅ヶ崎市","town":"下寺尾"}],"0087":[{"pref":"神奈川県","city":"茅ヶ崎市","town":"下町屋"}],"0045":[{"pref":"神奈川県","city":"茅ヶ崎市","town":"十間坂"}],"0017":[{"pref":"神奈川県","city":"茅ヶ崎市","town":"松林"}],"0036":[{"pref":"神奈川県","city":"茅ヶ崎市","town":"白浜町"}],"0044":[{"pref":"神奈川県","city":"茅ヶ崎市","town":"新栄町"}],"0008":[{"pref":"神奈川県","city":"茅ヶ崎市","town":"芹沢"}],"0015":[{"pref":"神奈川県","city":"茅ヶ崎市","town":"代官町"}],"0002":[{"pref":"神奈川県","city":"茅ヶ崎市","town":"高田"}],"0041":[{"pref":"神奈川県","city":"茅ヶ崎市","town":"茅ヶ崎"}],"0006":[{"pref":"神奈川県","city":"茅ヶ崎市","town":"堤"}],"0003":[{"pref":"神奈川県","city":"茅ヶ崎市","town":"鶴が台"}],"0028":[{"pref":"神奈川県","city":"茅ヶ崎市","town":"出口町"}],"0032":[{"pref":"神奈川県","city":"茅ヶ崎市","town":"常盤町"}],"0056":[{"pref":"神奈川県","city":"茅ヶ崎市","town":"共恵"}],"0055":[{"pref":"神奈川県","city":"茅ヶ崎市","town":"中海岸"}],"0073":[{"pref":"神奈川県","city":"茅ヶ崎市","town":"中島"}],"0007":[{"pref":"神奈川県","city":"茅ヶ崎市","town":"行谷"}],"0061":[{"pref":"神奈川県","city":"茅ヶ崎市","town":"南湖"}],"0083":[{"pref":"神奈川県","city":"茅ヶ崎市","town":"西久保"}],"0071":[{"pref":"神奈川県","city":"茅ヶ崎市","town":"萩園"}],"0035":[{"pref":"神奈川県","city":"茅ヶ崎市","town":"浜須賀"}],"0021":[{"pref":"神奈川県","city":"茅ヶ崎市","town":"浜竹"}],"0086":[{"pref":"神奈川県","city":"茅ヶ崎市","town":"浜之郷"}],"0062":[{"pref":"神奈川県","city":"茅ヶ崎市","town":"浜見平"}],"0054":[{"pref":"神奈川県","city":"茅ヶ崎市","town":"東海岸南"}],"0053":[{"pref":"神奈川県","city":"茅ヶ崎市","town":"東海岸北"}],"0011":[{"pref":"神奈川県","city":"茅ヶ崎市","town":"菱沼"}],"0037":[{"pref":"神奈川県","city":"茅ヶ崎市","town":"菱沼海岸"}],"0027":[{"pref":"神奈川県","city":"茅ヶ崎市","town":"ひばりが丘"}],"0031":[{"pref":"神奈川県","city":"茅ヶ崎市","town":"富士見町"}],"0074":[{"pref":"神奈川県","city":"茅ヶ崎市","town":"平太夫新田"}],"0024":[{"pref":"神奈川県","city":"茅ヶ崎市","town":"平和町"}],"0014":[{"pref":"神奈川県","city":"茅ヶ崎市","town":"本宿町"}],"0042":[{"pref":"神奈川県","city":"茅ヶ崎市","town":"本村"}],"0065":[{"pref":"神奈川県","city":"茅ヶ崎市","town":"松尾"}],"0005":[{"pref":"神奈川県","city":"茅ヶ崎市","town":"松風台"}],"0025":[{"pref":"神奈川県","city":"茅ヶ崎市","town":"松が丘"}],"0022":[{"pref":"神奈川県","city":"茅ヶ崎市","town":"松浪"}],"0088":[{"pref":"神奈川県","city":"茅ヶ崎市","town":"みずき"}],"0023":[{"pref":"神奈川県","city":"茅ヶ崎市","town":"美住町"}],"0034":[{"pref":"神奈川県","city":"茅ヶ崎市","town":"緑が浜"}],"0018":[{"pref":"神奈川県","city":"茅ヶ崎市","town":"室田"}],"0043":[{"pref":"神奈川県","city":"茅ヶ崎市","town":"元町"}],"0064":[{"pref":"神奈川県","city":"茅ヶ崎市","town":"柳島"}],"0063":[{"pref":"神奈川県","city":"茅ヶ崎市","town":"柳島海岸"}],"0085":[{"pref":"神奈川県","city":"茅ヶ崎市","town":"矢畑"}],"0051":[{"pref":"神奈川県","city":"茅ヶ崎市","town":"若松町"}],"0100":[{"pref":"神奈川県","city":"高座郡寒川町","town":"以下に掲載がない場合"}],"0111":[{"pref":"神奈川県","city":"高座郡寒川町","town":"一之宮"}],"0104":[{"pref":"神奈川県","city":"高座郡寒川町","town":"大蔵"}],"0113":[{"pref":"神奈川県","city":"高座郡寒川町","town":"大曲"}],"0105":[{"pref":"神奈川県","city":"高座郡寒川町","town":"岡田"}],"0101":[{"pref":"神奈川県","city":"高座郡寒川町","town":"倉見"}],"0103":[{"pref":"神奈川県","city":"高座郡寒川町","town":"小谷"}],"0102":[{"pref":"神奈川県","city":"高座郡寒川町","town":"小動"}],"0114":[{"pref":"神奈川県","city":"高座郡寒川町","town":"田端"}],"0112":[{"pref":"神奈川県","city":"高座郡寒川町","town":"中瀬"}],"0106":[{"pref":"神奈川県","city":"高座郡寒川町","town":"宮山"}]}