{"6001":[{"pref":"大阪府","city":"大阪市北区","town":"天満橋ＯＡＰタワー（１階）"}],"6002":[{"pref":"大阪府","city":"大阪市北区","town":"天満橋ＯＡＰタワー（２階）"}],"6003":[{"pref":"大阪府","city":"大阪市北区","town":"天満橋ＯＡＰタワー（３階）"}],"6004":[{"pref":"大阪府","city":"大阪市北区","town":"天満橋ＯＡＰタワー（４階）"}],"6005":[{"pref":"大阪府","city":"大阪市北区","town":"天満橋ＯＡＰタワー（５階）"}],"6006":[{"pref":"大阪府","city":"大阪市北区","town":"天満橋ＯＡＰタワー（６階）"}],"6007":[{"pref":"大阪府","city":"大阪市北区","town":"天満橋ＯＡＰタワー（７階）"}],"6008":[{"pref":"大阪府","city":"大阪市北区","town":"天満橋ＯＡＰタワー（８階）"}],"6009":[{"pref":"大阪府","city":"大阪市北区","town":"天満橋ＯＡＰタワー（９階）"}],"6010":[{"pref":"大阪府","city":"大阪市北区","town":"天満橋ＯＡＰタワー（１０階）"}],"6011":[{"pref":"大阪府","city":"大阪市北区","town":"天満橋ＯＡＰタワー（１１階）"}],"6012":[{"pref":"大阪府","city":"大阪市北区","town":"天満橋ＯＡＰタワー（１２階）"}],"6013":[{"pref":"大阪府","city":"大阪市北区","town":"天満橋ＯＡＰタワー（１３階）"}],"6014":[{"pref":"大阪府","city":"大阪市北区","town":"天満橋ＯＡＰタワー（１４階）"}],"6015":[{"pref":"大阪府","city":"大阪市北区","town":"天満橋ＯＡＰタワー（１５階）"}],"6016":[{"pref":"大阪府","city":"大阪市北区","town":"天満橋ＯＡＰタワー（１６階）"}],"6017":[{"pref":"大阪府","city":"大阪市北区","town":"天満橋ＯＡＰタワー（１７階）"}],"6018":[{"pref":"大阪府","city":"大阪市北区","town":"天満橋ＯＡＰタワー（１８階）"}],"6019":[{"pref":"大阪府","city":"大阪市北区","town":"天満橋ＯＡＰタワー（１９階）"}],"6020":[{"pref":"大阪府","city":"大阪市北区","town":"天満橋ＯＡＰタワー（２０階）"}],"6021":[{"pref":"大阪府","city":"大阪市北区","town":"天満橋ＯＡＰタワー（２１階）"}],"6022":[{"pref":"大阪府","city":"大阪市北区","town":"天満橋ＯＡＰタワー（２２階）"}],"6023":[{"pref":"大阪府","city":"大阪市北区","town":"天満橋ＯＡＰタワー（２３階）"}],"6024":[{"pref":"大阪府","city":"大阪市北区","town":"天満橋ＯＡＰタワー（２４階）"}],"6025":[{"pref":"大阪府","city":"大阪市北区","town":"天満橋ＯＡＰタワー（２５階）"}],"6026":[{"pref":"大阪府","city":"大阪市北区","town":"天満橋ＯＡＰタワー（２６階）"}],"6027":[{"pref":"大阪府","city":"大阪市北区","town":"天満橋ＯＡＰタワー（２７階）"}],"6028":[{"pref":"大阪府","city":"大阪市北区","town":"天満橋ＯＡＰタワー（２８階）"}],"6029":[{"pref":"大阪府","city":"大阪市北区","town":"天満橋ＯＡＰタワー（２９階）"}],"6030":[{"pref":"大阪府","city":"大阪市北区","town":"天満橋ＯＡＰタワー（３０階）"}],"6031":[{"pref":"大阪府","city":"大阪市北区","town":"天満橋ＯＡＰタワー（３１階）"}],"6032":[{"pref":"大阪府","city":"大阪市北区","town":"天満橋ＯＡＰタワー（３２階）"}],"6033":[{"pref":"大阪府","city":"大阪市北区","town":"天満橋ＯＡＰタワー（３３階）"}],"6034":[{"pref":"大阪府","city":"大阪市北区","town":"天満橋ＯＡＰタワー（３４階）"}],"6035":[{"pref":"大阪府","city":"大阪市北区","town":"天満橋ＯＡＰタワー（３５階）"}],"6036":[{"pref":"大阪府","city":"大阪市北区","town":"天満橋ＯＡＰタワー（３６階）"}],"6037":[{"pref":"大阪府","city":"大阪市北区","town":"天満橋ＯＡＰタワー（３７階）"}],"6038":[{"pref":"大阪府","city":"大阪市北区","town":"天満橋ＯＡＰタワー（３８階）"}],"6039":[{"pref":"大阪府","city":"大阪市北区","town":"天満橋ＯＡＰタワー（３９階）"}],"6090":[{"pref":"大阪府","city":"大阪市北区","town":"天満橋ＯＡＰタワー（地階・階層不明）"}],"6101":[{"pref":"大阪府","city":"大阪市北区","town":"中之島中之島ダイビル（１階）"}],"6102":[{"pref":"大阪府","city":"大阪市北区","town":"中之島中之島ダイビル（２階）"}],"6103":[{"pref":"大阪府","city":"大阪市北区","town":"中之島中之島ダイビル（３階）"}],"6104":[{"pref":"大阪府","city":"大阪市北区","town":"中之島中之島ダイビル（４階）"}],"6105":[{"pref":"大阪府","city":"大阪市北区","town":"中之島中之島ダイビル（５階）"}],"6106":[{"pref":"大阪府","city":"大阪市北区","town":"中之島中之島ダイビル（６階）"}],"6107":[{"pref":"大阪府","city":"大阪市北区","town":"中之島中之島ダイビル（７階）"}],"6108":[{"pref":"大阪府","city":"大阪市北区","town":"中之島中之島ダイビル（８階）"}],"6109":[{"pref":"大阪府","city":"大阪市北区","town":"中之島中之島ダイビル（９階）"}],"6110":[{"pref":"大阪府","city":"大阪市北区","town":"中之島中之島ダイビル（１０階）"}],"6111":[{"pref":"大阪府","city":"大阪市北区","town":"中之島中之島ダイビル（１１階）"}],"6112":[{"pref":"大阪府","city":"大阪市北区","town":"中之島中之島ダイビル（１２階）"}],"6113":[{"pref":"大阪府","city":"大阪市北区","town":"中之島中之島ダイビル（１３階）"}],"6114":[{"pref":"大阪府","city":"大阪市北区","town":"中之島中之島ダイビル（１４階）"}],"6115":[{"pref":"大阪府","city":"大阪市北区","town":"中之島中之島ダイビル（１５階）"}],"6116":[{"pref":"大阪府","city":"大阪市北区","town":"中之島中之島ダイビル（１６階）"}],"6117":[{"pref":"大阪府","city":"大阪市北区","town":"中之島中之島ダイビル（１７階）"}],"6118":[{"pref":"大阪府","city":"大阪市北区","town":"中之島中之島ダイビル（１８階）"}],"6119":[{"pref":"大阪府","city":"大阪市北区","town":"中之島中之島ダイビル（１９階）"}],"6120":[{"pref":"大阪府","city":"大阪市北区","town":"中之島中之島ダイビル（２０階）"}],"6121":[{"pref":"大阪府","city":"大阪市北区","town":"中之島中之島ダイビル（２１階）"}],"6122":[{"pref":"大阪府","city":"大阪市北区","town":"中之島中之島ダイビル（２２階）"}],"6123":[{"pref":"大阪府","city":"大阪市北区","town":"中之島中之島ダイビル（２３階）"}],"6124":[{"pref":"大阪府","city":"大阪市北区","town":"中之島中之島ダイビル（２４階）"}],"6125":[{"pref":"大阪府","city":"大阪市北区","town":"中之島中之島ダイビル（２５階）"}],"6126":[{"pref":"大阪府","city":"大阪市北区","town":"中之島中之島ダイビル（２６階）"}],"6127":[{"pref":"大阪府","city":"大阪市北区","town":"中之島中之島ダイビル（２７階）"}],"6128":[{"pref":"大阪府","city":"大阪市北区","town":"中之島中之島ダイビル（２８階）"}],"6129":[{"pref":"大阪府","city":"大阪市北区","town":"中之島中之島ダイビル（２９階）"}],"6130":[{"pref":"大阪府","city":"大阪市北区","town":"中之島中之島ダイビル（３０階）"}],"6131":[{"pref":"大阪府","city":"大阪市北区","town":"中之島中之島ダイビル（３１階）"}],"6132":[{"pref":"大阪府","city":"大阪市北区","town":"中之島中之島ダイビル（３２階）"}],"6133":[{"pref":"大阪府","city":"大阪市北区","town":"中之島中之島ダイビル（３３階）"}],"6134":[{"pref":"大阪府","city":"大阪市北区","town":"中之島中之島ダイビル（３４階）"}],"6135":[{"pref":"大阪府","city":"大阪市北区","town":"中之島中之島ダイビル（３５階）"}],"6190":[{"pref":"大阪府","city":"大阪市北区","town":"中之島中之島ダイビル（地階・階層不明）"}],"0000":[{"pref":"大阪府","city":"大阪市北区","town":"以下に掲載がない場合"}],"0033":[{"pref":"大阪府","city":"大阪市北区","town":"池田町"}],"0021":[{"pref":"大阪府","city":"大阪市北区","town":"浮田"}],"0001":[{"pref":"大阪府","city":"大阪市北区","town":"梅田"}],"0025":[{"pref":"大阪府","city":"大阪市北区","town":"扇町"}],"0011":[{"pref":"大阪府","city":"大阪市北区","town":"大深町"}],"0017":[{"pref":"大阪府","city":"大阪市北区","town":"角田町"}],"0026":[{"pref":"大阪府","city":"大阪市北区","town":"神山町"}],"0031":[{"pref":"大阪府","city":"大阪市北区","town":"菅栄町"}],"0023":[{"pref":"大阪府","city":"大阪市北区","town":"黒崎町"}],"0038":[{"pref":"大阪府","city":"大阪市北区","town":"紅梅町"}],"0018":[{"pref":"大阪府","city":"大阪市北区","town":"小松原町"}],"0012":[{"pref":"大阪府","city":"大阪市北区","town":"芝田"}],"0053":[{"pref":"大阪府","city":"大阪市北区","town":"末広町"}],"0046":[{"pref":"大阪府","city":"大阪市北区","town":"菅原町"}],"0057":[{"pref":"大阪府","city":"大阪市北区","town":"曽根崎"}],"0002":[{"pref":"大阪府","city":"大阪市北区","town":"曽根崎新地"}],"0051":[{"pref":"大阪府","city":"大阪市北区","town":"太融寺町"}],"0013":[{"pref":"大阪府","city":"大阪市北区","town":"茶屋町"}],"0014":[{"pref":"大阪府","city":"大阪市北区","town":"鶴野町"}],"0045":[{"pref":"大阪府","city":"大阪市北区","town":"天神西町"}],"0041":[{"pref":"大阪府","city":"大阪市北区","town":"天神橋（１～６丁目）"}],"0043":[{"pref":"大阪府","city":"大阪市北区","town":"天満"}],"0042":[{"pref":"大阪府","city":"大阪市北区","town":"天満橋（次のビルを除く）"}],"0003":[{"pref":"大阪府","city":"大阪市北区","town":"堂島"}],"0004":[{"pref":"大阪府","city":"大阪市北区","town":"堂島浜"}],"0035":[{"pref":"大阪府","city":"大阪市北区","town":"同心"}],"0027":[{"pref":"大阪府","city":"大阪市北区","town":"堂山町"}],"0056":[{"pref":"大阪府","city":"大阪市北区","town":"兎我野町"}],"0016":[{"pref":"大阪府","city":"大阪市北区","town":"中崎"}],"0015":[{"pref":"大阪府","city":"大阪市北区","town":"中崎西"}],"0005":[{"pref":"大阪府","city":"大阪市北区","town":"中之島（次のビルを除く）"}],"0022":[{"pref":"大阪府","city":"大阪市北区","town":"浪花町"}],"0034":[{"pref":"大阪府","city":"大阪市北区","town":"錦町"}],"0047":[{"pref":"大阪府","city":"大阪市北区","town":"西天満"}],"0055":[{"pref":"大阪府","city":"大阪市北区","town":"野崎町"}],"0028":[{"pref":"大阪府","city":"大阪市北区","town":"万歳町"}],"0044":[{"pref":"大阪府","city":"大阪市北区","town":"東天満"}],"0032":[{"pref":"大阪府","city":"大阪市北区","town":"樋之口町"}],"0037":[{"pref":"大阪府","city":"大阪市北区","town":"松ケ枝町"}],"0052":[{"pref":"大阪府","city":"大阪市北区","town":"南扇町"}],"0054":[{"pref":"大阪府","city":"大阪市北区","town":"南森町"}],"0024":[{"pref":"大阪府","city":"大阪市北区","town":"山崎町"}],"0036":[{"pref":"大阪府","city":"大阪市北区","town":"与力町"}]}