{"1101":[{"pref":"福岡県","city":"福岡市早良区","town":"重留"}],"1102":[{"pref":"福岡県","city":"福岡市早良区","town":"東入部"}],"1103":[{"pref":"福岡県","city":"福岡市早良区","town":"四箇"}],"1111":[{"pref":"福岡県","city":"福岡市早良区","town":"脇山"}],"1112":[{"pref":"福岡県","city":"福岡市早良区","town":"小笠木"}],"1113":[{"pref":"福岡県","city":"福岡市早良区","town":"板屋"}],"1114":[{"pref":"福岡県","city":"福岡市早良区","town":"椎原"}],"1121":[{"pref":"福岡県","city":"福岡市早良区","town":"西入部"}],"1122":[{"pref":"福岡県","city":"福岡市早良区","town":"早良"}],"1123":[{"pref":"福岡県","city":"福岡市早良区","town":"内野"}],"1124":[{"pref":"福岡県","city":"福岡市早良区","town":"金武"}],"1131":[{"pref":"福岡県","city":"福岡市早良区","town":"西"}],"1132":[{"pref":"福岡県","city":"福岡市早良区","town":"石釜"}],"1133":[{"pref":"福岡県","city":"福岡市早良区","town":"曲渕"}],"1134":[{"pref":"福岡県","city":"福岡市早良区","town":"飯場"}],"1200":[{"pref":"福岡県","city":"那珂川市","town":"以下に掲載がない場合"}],"1201":[{"pref":"福岡県","city":"那珂川市","town":"片縄"}],"1202":[{"pref":"福岡県","city":"那珂川市","town":"片縄西"}],"1203":[{"pref":"福岡県","city":"那珂川市","town":"片縄北"}],"1204":[{"pref":"福岡県","city":"那珂川市","town":"片縄東"}],"1211":[{"pref":"福岡県","city":"那珂川市","town":"今光"}],"1213":[{"pref":"福岡県","city":"那珂川市","town":"中原"}],"1214":[{"pref":"福岡県","city":"那珂川市","town":"中原東"}],"1215":[{"pref":"福岡県","city":"那珂川市","town":"松原"}],"1216":[{"pref":"福岡県","city":"那珂川市","town":"観晴が丘"}],"1221":[{"pref":"福岡県","city":"那珂川市","town":"王塚台"}],"1222":[{"pref":"福岡県","city":"那珂川市","town":"下梶原"}],"1223":[{"pref":"福岡県","city":"那珂川市","town":"上梶原"}],"1224":[{"pref":"福岡県","city":"那珂川市","town":"安徳"}],"1231":[{"pref":"福岡県","city":"那珂川市","town":"不入道"}],"1232":[{"pref":"福岡県","city":"那珂川市","town":"埋金"}],"1233":[{"pref":"福岡県","city":"那珂川市","town":"市ノ瀬"}],"1234":[{"pref":"福岡県","city":"那珂川市","town":"五ケ山"}],"1235":[{"pref":"福岡県","city":"那珂川市","town":"成竹"}],"1236":[{"pref":"福岡県","city":"那珂川市","town":"南面里"}],"1241":[{"pref":"福岡県","city":"那珂川市","town":"後野"}],"1242":[{"pref":"福岡県","city":"那珂川市","town":"西隈"}],"1243":[{"pref":"福岡県","city":"那珂川市","town":"東隈"}],"1244":[{"pref":"福岡県","city":"那珂川市","town":"山田"}],"1245":[{"pref":"福岡県","city":"那珂川市","town":"別所"}],"1246":[{"pref":"福岡県","city":"那珂川市","town":"西畑"}],"1251":[{"pref":"福岡県","city":"那珂川市","town":"松木"}],"1252":[{"pref":"福岡県","city":"那珂川市","town":"五郎丸"}],"1253":[{"pref":"福岡県","city":"那珂川市","town":"仲"}],"1254":[{"pref":"福岡県","city":"那珂川市","town":"道善"}],"1255":[{"pref":"福岡県","city":"那珂川市","town":"恵子"}],"1256":[{"pref":"福岡県","city":"那珂川市","town":"仲丸"}],"1302":[{"pref":"福岡県","city":"福岡市南区","town":"井尻"}],"1303":[{"pref":"福岡県","city":"福岡市南区","town":"折立町"}],"1311":[{"pref":"福岡県","city":"福岡市南区","town":"横手"}],"1312":[{"pref":"福岡県","city":"福岡市南区","town":"横手南町"}],"1313":[{"pref":"福岡県","city":"福岡市南区","town":"曰佐"}],"1314":[{"pref":"福岡県","city":"福岡市南区","town":"的場"}],"1321":[{"pref":"福岡県","city":"福岡市南区","town":"柳瀬"}],"1322":[{"pref":"福岡県","city":"福岡市南区","town":"弥永団地"}],"1323":[{"pref":"福岡県","city":"福岡市南区","town":"弥永"}],"1324":[{"pref":"福岡県","city":"福岡市南区","town":"警弥郷"}],"1343":[{"pref":"福岡県","city":"福岡市南区","town":"和田"}],"1344":[{"pref":"福岡県","city":"福岡市南区","town":"三宅"}],"1345":[{"pref":"福岡県","city":"福岡市南区","town":"向新町"}],"1346":[{"pref":"福岡県","city":"福岡市南区","town":"老司"}],"1347":[{"pref":"福岡県","city":"福岡市南区","town":"野多目"}],"1351":[{"pref":"福岡県","city":"福岡市南区","town":"屋形原"}],"1352":[{"pref":"福岡県","city":"福岡市南区","town":"鶴田"}],"1353":[{"pref":"福岡県","city":"福岡市南区","town":"柏原"}],"1354":[{"pref":"福岡県","city":"福岡市南区","town":"大平寺"}],"1355":[{"pref":"福岡県","city":"福岡市南区","town":"桧原"}],"1356":[{"pref":"福岡県","city":"福岡市南区","town":"花畑"}],"1361":[{"pref":"福岡県","city":"福岡市南区","town":"西長住"}],"1362":[{"pref":"福岡県","city":"福岡市南区","town":"長住"}],"1364":[{"pref":"福岡県","city":"福岡市南区","town":"中尾"}],"1365":[{"pref":"福岡県","city":"福岡市南区","town":"皿山"}],"2100":[{"pref":"福岡県","city":"糟屋郡宇美町","town":"以下に掲載がない場合"},{"pref":"福岡県","city":"糟屋郡須惠町","town":"以下に掲載がない場合"}],"2101":[{"pref":"福岡県","city":"糟屋郡宇美町","town":"宇美"}],"2102":[{"pref":"福岡県","city":"糟屋郡宇美町","town":"炭焼"}],"2103":[{"pref":"福岡県","city":"糟屋郡宇美町","town":"四王寺坂"}],"2104":[{"pref":"福岡県","city":"糟屋郡宇美町","town":"井野"}],"2105":[{"pref":"福岡県","city":"糟屋郡宇美町","town":"四王寺"}],"2106":[{"pref":"福岡県","city":"糟屋郡宇美町","town":"ひばりが丘"}],"2107":[{"pref":"福岡県","city":"糟屋郡宇美町","town":"とびたけ"}],"2108":[{"pref":"福岡県","city":"糟屋郡宇美町","town":"ゆりが丘"}],"2109":[{"pref":"福岡県","city":"糟屋郡宇美町","town":"桜原"}],"2111":[{"pref":"福岡県","city":"糟屋郡須惠町","town":"新原"}],"2112":[{"pref":"福岡県","city":"糟屋郡須惠町","town":"植木"}],"2113":[{"pref":"福岡県","city":"糟屋郡須惠町","town":"須惠"}],"2114":[{"pref":"福岡県","city":"糟屋郡須惠町","town":"上須惠"}],"2115":[{"pref":"福岡県","city":"糟屋郡須惠町","town":"佐谷"}],"2121":[{"pref":"福岡県","city":"糟屋郡宇美町","town":"平和"}],"2122":[{"pref":"福岡県","city":"糟屋郡宇美町","town":"明神坂"}],"2123":[{"pref":"福岡県","city":"糟屋郡宇美町","town":"光正寺"}],"2124":[{"pref":"福岡県","city":"糟屋郡宇美町","town":"若草"}],"2125":[{"pref":"福岡県","city":"糟屋郡宇美町","town":"宇美東"}],"2126":[{"pref":"福岡県","city":"糟屋郡宇美町","town":"障子岳南"}],"2127":[{"pref":"福岡県","city":"糟屋郡宇美町","town":"障子岳"}],"2128":[{"pref":"福岡県","city":"糟屋郡宇美町","town":"宇美中央"}],"2129":[{"pref":"福岡県","city":"糟屋郡宇美町","town":"神武原"}],"2131":[{"pref":"福岡県","city":"糟屋郡宇美町","town":"貴船"}],"2132":[{"pref":"福岡県","city":"糟屋郡宇美町","town":"原田"}],"2200":[{"pref":"福岡県","city":"糟屋郡志免町","town":"以下に掲載がない場合"}],"2201":[{"pref":"福岡県","city":"糟屋郡志免町","town":"桜丘"}],"2202":[{"pref":"福岡県","city":"糟屋郡志免町","town":"志免"}],"2203":[{"pref":"福岡県","city":"糟屋郡志免町","town":"石橋台"}],"2204":[{"pref":"福岡県","city":"糟屋郡志免町","town":"田富"}],"2205":[{"pref":"福岡県","city":"糟屋郡志免町","town":"別府"}],"2206":[{"pref":"福岡県","city":"糟屋郡志免町","town":"御手洗"}],"2207":[{"pref":"福岡県","city":"糟屋郡志免町","town":"南里"}],"2208":[{"pref":"福岡県","city":"糟屋郡志免町","town":"吉原"}],"2209":[{"pref":"福岡県","city":"糟屋郡志免町","town":"王子"}],"2221":[{"pref":"福岡県","city":"糟屋郡須惠町","town":"旅石"}],"2231":[{"pref":"福岡県","city":"糟屋郡志免町","town":"別府東"}],"2232":[{"pref":"福岡県","city":"糟屋郡志免町","town":"別府西"}],"2233":[{"pref":"福岡県","city":"糟屋郡志免町","town":"別府北"}],"2241":[{"pref":"福岡県","city":"糟屋郡志免町","town":"東公園台"}],"2242":[{"pref":"福岡県","city":"糟屋郡志免町","town":"松ケ丘"}],"2243":[{"pref":"福岡県","city":"糟屋郡志免町","town":"志免東"}],"2244":[{"pref":"福岡県","city":"糟屋郡志免町","town":"志免中央"}],"2245":[{"pref":"福岡県","city":"糟屋郡志免町","town":"片峰"}],"2246":[{"pref":"福岡県","city":"糟屋郡志免町","town":"片峰中央"}],"2247":[{"pref":"福岡県","city":"糟屋郡志免町","town":"向ケ丘"}],"2248":[{"pref":"福岡県","city":"糟屋郡志免町","town":"坂瀬"}],"2300":[{"pref":"福岡県","city":"糟屋郡粕屋町","town":"以下に掲載がない場合"}],"2301":[{"pref":"福岡県","city":"糟屋郡粕屋町","town":"上大隈"}],"2302":[{"pref":"福岡県","city":"糟屋郡粕屋町","town":"大隈"}],"2303":[{"pref":"福岡県","city":"糟屋郡粕屋町","town":"酒殿"}],"2304":[{"pref":"福岡県","city":"糟屋郡粕屋町","town":"仲原"}],"2305":[{"pref":"福岡県","city":"糟屋郡粕屋町","town":"柚須"}],"2306":[{"pref":"福岡県","city":"糟屋郡粕屋町","town":"阿恵"}],"2307":[{"pref":"福岡県","city":"糟屋郡粕屋町","town":"原町"}],"2308":[{"pref":"福岡県","city":"糟屋郡粕屋町","town":"内橋（その他）"}],"2309":[{"pref":"福岡県","city":"糟屋郡粕屋町","town":"駕与丁"}],"2310":[{"pref":"福岡県","city":"糟屋郡粕屋町","town":"花ヶ浦"}],"2311":[{"pref":"福岡県","city":"糟屋郡粕屋町","town":"長者原"}],"2312":[{"pref":"福岡県","city":"糟屋郡粕屋町","town":"戸原"}],"2313":[{"pref":"福岡県","city":"糟屋郡粕屋町","town":"江辻"}],"2314":[{"pref":"福岡県","city":"糟屋郡粕屋町","town":"若宮"}],"2315":[{"pref":"福岡県","city":"糟屋郡粕屋町","town":"甲仲原"}],"2316":[{"pref":"福岡県","city":"糟屋郡粕屋町","town":"長者原西"}],"2317":[{"pref":"福岡県","city":"糟屋郡粕屋町","town":"長者原東"}],"2318":[{"pref":"福岡県","city":"糟屋郡粕屋町","town":"戸原東"}],"2319":[{"pref":"福岡県","city":"糟屋郡粕屋町","town":"戸原西"}],"2320":[{"pref":"福岡県","city":"糟屋郡粕屋町","town":"内橋東"}],"2400":[{"pref":"福岡県","city":"糟屋郡篠栗町","town":"以下に掲載がない場合"}],"2401":[{"pref":"福岡県","city":"糟屋郡篠栗町","town":"高田"}],"2402":[{"pref":"福岡県","city":"糟屋郡篠栗町","town":"金出"}],"2403":[{"pref":"福岡県","city":"糟屋郡篠栗町","town":"萩尾"}],"2404":[{"pref":"福岡県","city":"糟屋郡篠栗町","town":"内住"}],"2405":[{"pref":"福岡県","city":"糟屋郡篠栗町","town":"篠栗"}],"2411":[{"pref":"福岡県","city":"糟屋郡篠栗町","town":"若杉"}],"2412":[{"pref":"福岡県","city":"糟屋郡篠栗町","town":"乙犬"}],"2413":[{"pref":"福岡県","city":"糟屋郡篠栗町","town":"尾仲"}],"2414":[{"pref":"福岡県","city":"糟屋郡篠栗町","town":"和田"}],"2415":[{"pref":"福岡県","city":"糟屋郡篠栗町","town":"津波黒"}],"2416":[{"pref":"福岡県","city":"糟屋郡篠栗町","town":"田中"}],"2417":[{"pref":"福岡県","city":"糟屋郡篠栗町","town":"中央"}],"2418":[{"pref":"福岡県","city":"糟屋郡篠栗町","town":"彩り台"}],"2500":[{"pref":"福岡県","city":"糟屋郡久山町","town":"以下に掲載がない場合"}],"2501":[{"pref":"福岡県","city":"糟屋郡久山町","town":"久原"}],"2502":[{"pref":"福岡県","city":"糟屋郡久山町","town":"山田"}],"2503":[{"pref":"福岡県","city":"糟屋郡久山町","town":"猪野"}],"3100":[{"pref":"福岡県","city":"古賀市","town":"以下に掲載がない場合"}],"3101":[{"pref":"福岡県","city":"古賀市","town":"天神"}],"3102":[{"pref":"福岡県","city":"古賀市","town":"駅東"}],"3103":[{"pref":"福岡県","city":"古賀市","town":"中央"}],"3104":[{"pref":"福岡県","city":"古賀市","town":"花鶴丘"}],"3105":[{"pref":"福岡県","city":"古賀市","town":"鹿部"}],"3106":[{"pref":"福岡県","city":"古賀市","town":"日吉"}],"3107":[{"pref":"福岡県","city":"古賀市","town":"美明"}],"3111":[{"pref":"福岡県","city":"古賀市","town":"花見南"}],"3112":[{"pref":"福岡県","city":"古賀市","town":"花見東"}],"3113":[{"pref":"福岡県","city":"古賀市","town":"千鳥"}],"3114":[{"pref":"福岡県","city":"古賀市","town":"舞の里"}],"3115":[{"pref":"福岡県","city":"古賀市","town":"久保"}],"3116":[{"pref":"福岡県","city":"古賀市","town":"庄"}],"3117":[{"pref":"福岡県","city":"古賀市","town":"今の庄"}],"3118":[{"pref":"福岡県","city":"古賀市","town":"新久保"}],"3119":[{"pref":"福岡県","city":"古賀市","town":"美郷"}],"3121":[{"pref":"福岡県","city":"古賀市","town":"筵内"}],"3122":[{"pref":"福岡県","city":"古賀市","town":"薦野"}],"3123":[{"pref":"福岡県","city":"古賀市","town":"米多比"}],"3124":[{"pref":"福岡県","city":"古賀市","town":"薬王寺"}],"3125":[{"pref":"福岡県","city":"古賀市","town":"谷山"}],"3126":[{"pref":"福岡県","city":"古賀市","town":"小山田"}],"3127":[{"pref":"福岡県","city":"古賀市","town":"新原"}],"3128":[{"pref":"福岡県","city":"古賀市","town":"玄望園"}],"3131":[{"pref":"福岡県","city":"古賀市","town":"今在家"}],"3132":[{"pref":"福岡県","city":"古賀市","town":"川原"}],"3133":[{"pref":"福岡県","city":"古賀市","town":"青柳町"}],"3134":[{"pref":"福岡県","city":"古賀市","town":"青柳"}],"3135":[{"pref":"福岡県","city":"古賀市","town":"小竹"}],"3136":[{"pref":"福岡県","city":"古賀市","town":"糸ケ浦"}],"3137":[{"pref":"福岡県","city":"古賀市","town":"古賀"}],"3200":[{"pref":"福岡県","city":"福津市","town":"以下に掲載がない場合"}],"3201":[{"pref":"福岡県","city":"福津市","town":"八並"}],"3202":[{"pref":"福岡県","city":"福津市","town":"畦町"}],"3203":[{"pref":"福岡県","city":"福津市","town":"本木"}],"3204":[{"pref":"福岡県","city":"福津市","town":"舎利蔵"}],"3205":[{"pref":"福岡県","city":"福津市","town":"内殿"}],"3206":[{"pref":"福岡県","city":"福津市","town":"久末"}],"3207":[{"pref":"福岡県","city":"福津市","town":"上西郷"}],"3208":[{"pref":"福岡県","city":"福津市","town":"福間駅東"}],"3209":[{"pref":"福岡県","city":"福津市","town":"日蒔野"}],"3211":[{"pref":"福岡県","city":"福津市","town":"有弥の里"}],"3212":[{"pref":"福岡県","city":"福津市","town":"福間南"}],"3213":[{"pref":"福岡県","city":"福津市","town":"福津市の次に番地がくる場合"}],"3214":[{"pref":"福岡県","city":"福津市","town":"花見が丘"}],"3215":[{"pref":"福岡県","city":"福津市","town":"花見の里"}],"3216":[{"pref":"福岡県","city":"福津市","town":"花見が浜"}],"3217":[{"pref":"福岡県","city":"福津市","town":"中央"}],"3218":[{"pref":"福岡県","city":"福津市","town":"手光南"}],"3219":[{"pref":"福岡県","city":"福津市","town":"西福間"}],"3220":[{"pref":"福岡県","city":"福津市","town":"あけぼの"}],"3221":[{"pref":"福岡県","city":"福津市","town":"若木台"}],"3222":[{"pref":"福岡県","city":"福津市","town":"津丸"}],"3223":[{"pref":"福岡県","city":"福津市","town":"光陽台"}],"3224":[{"pref":"福岡県","city":"福津市","town":"手光"}],"3225":[{"pref":"福岡県","city":"福津市","town":"東福間"}],"3226":[{"pref":"福岡県","city":"福津市","town":"小竹"}],"3227":[{"pref":"福岡県","city":"福津市","town":"高平"}],"3228":[{"pref":"福岡県","city":"福津市","town":"光陽台南"}],"3229":[{"pref":"福岡県","city":"福津市","town":"桜川"}],"3301":[{"pref":"福岡県","city":"福津市","town":"在自"}],"3302":[{"pref":"福岡県","city":"福津市","town":"大石"}],"3303":[{"pref":"福岡県","city":"福津市","town":"須多田"}],"3304":[{"pref":"福岡県","city":"福津市","town":"津屋崎"}],"3305":[{"pref":"福岡県","city":"福津市","town":"宮司"}],"3306":[{"pref":"福岡県","city":"福津市","town":"生家"}],"3307":[{"pref":"福岡県","city":"福津市","town":"渡"}],"3308":[{"pref":"福岡県","city":"福津市","town":"星ケ丘"}],"3309":[{"pref":"福岡県","city":"福津市","town":"宮司元町"}],"3311":[{"pref":"福岡県","city":"福津市","town":"宮司浜"}],"3312":[{"pref":"福岡県","city":"福津市","town":"宮司ヶ丘"}],"3400":[{"pref":"福岡県","city":"宗像市","town":"以下に掲載がない場合"}],"3401":[{"pref":"福岡県","city":"宗像市","town":"池浦"}],"3402":[{"pref":"福岡県","city":"宗像市","town":"河東"}],"3403":[{"pref":"福岡県","city":"宗像市","town":"ひかりケ丘"}],"3404":[{"pref":"福岡県","city":"宗像市","town":"城西ケ丘"}],"3405":[{"pref":"福岡県","city":"宗像市","town":"須恵"}],"3406":[{"pref":"福岡県","city":"宗像市","town":"稲元"}],"3407":[{"pref":"福岡県","city":"宗像市","town":"天平台"}],"3408":[{"pref":"福岡県","city":"宗像市","town":"樟陽台"}],"3411":[{"pref":"福岡県","city":"宗像市","town":"山田"}],"3412":[{"pref":"福岡県","city":"宗像市","town":"平等寺"}],"3413":[{"pref":"福岡県","city":"宗像市","town":"曲（その他）"}],"3414":[{"pref":"福岡県","city":"宗像市","town":"光岡"}],"3415":[{"pref":"福岡県","city":"宗像市","town":"朝野"}],"3416":[{"pref":"福岡県","city":"宗像市","town":"宮田"}],"3421":[{"pref":"福岡県","city":"宗像市","town":"大穂"}],"3422":[{"pref":"福岡県","city":"宗像市","town":"王丸"}],"3423":[{"pref":"福岡県","city":"宗像市","town":"野坂"}],"3424":[{"pref":"福岡県","city":"宗像市","town":"原町"}],"3425":[{"pref":"福岡県","city":"宗像市","town":"日の里"}],"3430":[{"pref":"福岡県","city":"宗像市","town":"平井"}],"3431":[{"pref":"福岡県","city":"宗像市","town":"田熊"}],"3432":[{"pref":"福岡県","city":"宗像市","town":"大井"}],"3433":[{"pref":"福岡県","city":"宗像市","town":"大井台"}],"3434":[{"pref":"福岡県","city":"宗像市","town":"村山田"}],"3435":[{"pref":"福岡県","city":"宗像市","town":"用山"}],"3436":[{"pref":"福岡県","city":"宗像市","town":"東郷"}],"3437":[{"pref":"福岡県","city":"宗像市","town":"久原"}],"3438":[{"pref":"福岡県","city":"宗像市","town":"和歌美台"}],"3439":[{"pref":"福岡県","city":"宗像市","town":"三倉"}],"3440":[{"pref":"福岡県","city":"宗像市","town":"大井南"}],"3501":[{"pref":"福岡県","city":"宗像市","town":"神湊"}],"3502":[{"pref":"福岡県","city":"宗像市","town":"江口"}],"3503":[{"pref":"福岡県","city":"宗像市","town":"牟田尻"}],"3504":[{"pref":"福岡県","city":"宗像市","town":"深田"}],"3505":[{"pref":"福岡県","city":"宗像市","town":"田島"}],"3506":[{"pref":"福岡県","city":"宗像市","town":"吉田"}],"3507":[{"pref":"福岡県","city":"宗像市","town":"多禮"}],"3511":[{"pref":"福岡県","city":"宗像市","town":"地島"}],"3512":[{"pref":"福岡県","city":"宗像市","town":"鐘崎"}],"3513":[{"pref":"福岡県","city":"宗像市","town":"上八"}],"3514":[{"pref":"福岡県","city":"宗像市","town":"田野"}],"3515":[{"pref":"福岡県","city":"宗像市","town":"池田"}],"3516":[{"pref":"福岡県","city":"宗像市","town":"公園通り"}],"3521":[{"pref":"福岡県","city":"福津市","town":"勝浦"}],"3522":[{"pref":"福岡県","city":"福津市","town":"奴山"}],"3701":[{"pref":"福岡県","city":"宗像市","town":"大島"}],"4113":[{"pref":"福岡県","city":"宗像市","town":"曲（２５、３５）"}],"4141":[{"pref":"福岡県","city":"宗像市","town":"大谷"}],"4142":[{"pref":"福岡県","city":"宗像市","town":"泉ケ丘"}],"4143":[{"pref":"福岡県","city":"宗像市","town":"三郎丸"}],"4145":[{"pref":"福岡県","city":"宗像市","town":"陵厳寺"}],"4146":[{"pref":"福岡県","city":"宗像市","town":"赤間"}],"4147":[{"pref":"福岡県","city":"宗像市","town":"石丸"}],"4148":[{"pref":"福岡県","city":"宗像市","town":"赤間文教町"}],"4151":[{"pref":"福岡県","city":"宗像市","town":"城南ケ丘"}],"4152":[{"pref":"福岡県","city":"宗像市","town":"武丸"}],"4153":[{"pref":"福岡県","city":"宗像市","town":"吉留"}],"4154":[{"pref":"福岡県","city":"宗像市","town":"冨地原"}],"4155":[{"pref":"福岡県","city":"宗像市","town":"名残"}],"4156":[{"pref":"福岡県","city":"宗像市","town":"自由ケ丘南"}],"4157":[{"pref":"福岡県","city":"宗像市","town":"アスティ"}],"4161":[{"pref":"福岡県","city":"宗像市","town":"朝町"}],"4162":[{"pref":"福岡県","city":"宗像市","town":"青葉台"}],"4163":[{"pref":"福岡県","city":"宗像市","town":"自由ケ丘"}],"4164":[{"pref":"福岡県","city":"宗像市","town":"徳重"}],"4165":[{"pref":"福岡県","city":"宗像市","town":"広陵台"}],"4166":[{"pref":"福岡県","city":"宗像市","town":"桜"}],"4171":[{"pref":"福岡県","city":"宗像市","town":"葉山"}],"4172":[{"pref":"福岡県","city":"宗像市","town":"緑町"}],"4173":[{"pref":"福岡県","city":"宗像市","town":"栄町"}],"4174":[{"pref":"福岡県","city":"宗像市","town":"自由ケ丘西町"}],"4175":[{"pref":"福岡県","city":"宗像市","town":"田久"}],"4176":[{"pref":"福岡県","city":"宗像市","town":"赤間ケ丘"}],"4177":[{"pref":"福岡県","city":"宗像市","town":"桜美台"}],"4181":[{"pref":"福岡県","city":"宗像市","town":"城山ニュータウン"}],"4182":[{"pref":"福岡県","city":"宗像市","town":"城ケ谷"}],"4183":[{"pref":"福岡県","city":"宗像市","town":"土穴"}],"4184":[{"pref":"福岡県","city":"宗像市","town":"くりえいと"}],"4185":[{"pref":"福岡県","city":"宗像市","town":"赤間駅前"}],"4200":[{"pref":"福岡県","city":"遠賀郡岡垣町","town":"以下に掲載がない場合"}],"4201":[{"pref":"福岡県","city":"遠賀郡岡垣町","town":"波津"}],"4202":[{"pref":"福岡県","city":"遠賀郡岡垣町","town":"原"}],"4203":[{"pref":"福岡県","city":"遠賀郡岡垣町","town":"内浦"}],"4204":[{"pref":"福岡県","city":"遠賀郡岡垣町","town":"手野"}],"4205":[{"pref":"福岡県","city":"遠賀郡岡垣町","town":"三吉"}],"4211":[{"pref":"福岡県","city":"遠賀郡岡垣町","town":"吉木"}],"4212":[{"pref":"福岡県","city":"遠賀郡岡垣町","town":"黒山"}],"4213":[{"pref":"福岡県","city":"遠賀郡岡垣町","town":"糠塚"}],"4214":[{"pref":"福岡県","city":"遠賀郡岡垣町","town":"松ケ台"}],"4215":[{"pref":"福岡県","city":"遠賀郡岡垣町","town":"旭台"}],"4216":[{"pref":"福岡県","city":"遠賀郡岡垣町","town":"旭南"}],"4217":[{"pref":"福岡県","city":"遠賀郡岡垣町","town":"桜台"}],"4218":[{"pref":"福岡県","city":"遠賀郡岡垣町","town":"中央台"}],"4220":[{"pref":"福岡県","city":"遠賀郡岡垣町","town":"東山田"}],"4221":[{"pref":"福岡県","city":"遠賀郡岡垣町","town":"山田"}],"4222":[{"pref":"福岡県","city":"遠賀郡岡垣町","town":"戸切"}],"4223":[{"pref":"福岡県","city":"遠賀郡岡垣町","town":"山田峠"}],"4224":[{"pref":"福岡県","city":"遠賀郡岡垣町","town":"鍋田"}],"4225":[{"pref":"福岡県","city":"遠賀郡岡垣町","town":"東高陽"}],"4226":[{"pref":"福岡県","city":"遠賀郡岡垣町","town":"南高陽"}],"4227":[{"pref":"福岡県","city":"遠賀郡岡垣町","town":"高陽台"}],"4228":[{"pref":"福岡県","city":"遠賀郡岡垣町","town":"東松原"}],"4229":[{"pref":"福岡県","city":"遠賀郡岡垣町","town":"百合ケ丘"}],"4231":[{"pref":"福岡県","city":"遠賀郡岡垣町","town":"海老津"}],"4232":[{"pref":"福岡県","city":"遠賀郡岡垣町","town":"上畑"}],"4233":[{"pref":"福岡県","city":"遠賀郡岡垣町","town":"野間"}],"4234":[{"pref":"福岡県","city":"遠賀郡岡垣町","town":"高倉"}],"4235":[{"pref":"福岡県","city":"遠賀郡岡垣町","town":"公園通り"}],"4236":[{"pref":"福岡県","city":"遠賀郡岡垣町","town":"海老津駅前"}],"4237":[{"pref":"福岡県","city":"遠賀郡岡垣町","town":"東高倉"}],"4238":[{"pref":"福岡県","city":"遠賀郡岡垣町","town":"海老津駅南"}],"4239":[{"pref":"福岡県","city":"遠賀郡岡垣町","town":"野間南"}],"4241":[{"pref":"福岡県","city":"遠賀郡岡垣町","town":"吉木東"}],"4242":[{"pref":"福岡県","city":"遠賀郡岡垣町","town":"吉木西"}],"4300":[{"pref":"福岡県","city":"遠賀郡遠賀町","town":"以下に掲載がない場合"}],"4301":[{"pref":"福岡県","city":"遠賀郡遠賀町","town":"島津"}],"4302":[{"pref":"福岡県","city":"遠賀郡遠賀町","town":"広渡"}],"4303":[{"pref":"福岡県","city":"遠賀郡遠賀町","town":"今古賀"}],"4304":[{"pref":"福岡県","city":"遠賀郡遠賀町","town":"若松"}],"4305":[{"pref":"福岡県","city":"遠賀郡遠賀町","town":"松の本"}],"4306":[{"pref":"福岡県","city":"遠賀郡遠賀町","town":"旧停"}],"4307":[{"pref":"福岡県","city":"遠賀郡遠賀町","town":"遠賀川"}],"4311":[{"pref":"福岡県","city":"遠賀郡遠賀町","town":"老良"}],"4312":[{"pref":"福岡県","city":"遠賀郡遠賀町","town":"浅木"}],"4313":[{"pref":"福岡県","city":"遠賀郡遠賀町","town":"木守"}],"4321":[{"pref":"福岡県","city":"遠賀郡遠賀町","town":"虫生津"}],"4322":[{"pref":"福岡県","city":"遠賀郡遠賀町","town":"芙蓉"}],"4323":[{"pref":"福岡県","city":"遠賀郡遠賀町","town":"若葉台"}],"4324":[{"pref":"福岡県","city":"遠賀郡遠賀町","town":"虫生津南"}],"4331":[{"pref":"福岡県","city":"遠賀郡遠賀町","town":"別府"}],"4332":[{"pref":"福岡県","city":"遠賀郡遠賀町","town":"上別府"}],"4333":[{"pref":"福岡県","city":"遠賀郡遠賀町","town":"島門"}],"4334":[{"pref":"福岡県","city":"遠賀郡遠賀町","town":"蓮角"}],"4341":[{"pref":"福岡県","city":"遠賀郡遠賀町","town":"鬼津"}],"4342":[{"pref":"福岡県","city":"遠賀郡遠賀町","town":"尾崎"}],"4343":[{"pref":"福岡県","city":"遠賀郡遠賀町","town":"田園"}],"5100":[{"pref":"長崎県","city":"壱岐市","town":"以下に掲載がない場合"}],"5101":[{"pref":"長崎県","city":"壱岐市","town":"郷ノ浦町長峰本村触"}],"5102":[{"pref":"長崎県","city":"壱岐市","town":"郷ノ浦町長峰東触"}],"5103":[{"pref":"長崎県","city":"壱岐市","town":"郷ノ浦町新田触"}],"5104":[{"pref":"長崎県","city":"壱岐市","town":"郷ノ浦町里触"}],"5105":[{"pref":"長崎県","city":"壱岐市","town":"郷ノ浦町小牧西触"}],"5106":[{"pref":"長崎県","city":"壱岐市","town":"郷ノ浦町小牧東触"}],"5107":[{"pref":"長崎県","city":"壱岐市","town":"郷ノ浦町有安触"}],"5111":[{"pref":"長崎県","city":"壱岐市","town":"郷ノ浦町半城本村触"}],"5112":[{"pref":"長崎県","city":"壱岐市","town":"郷ノ浦町大浦触"}],"5113":[{"pref":"長崎県","city":"壱岐市","town":"郷ノ浦町牛方触"}],"5114":[{"pref":"長崎県","city":"壱岐市","town":"郷ノ浦町柳田触"}],"5115":[{"pref":"長崎県","city":"壱岐市","town":"郷ノ浦町木田触"}],"5116":[{"pref":"長崎県","city":"壱岐市","town":"郷ノ浦町物部本村触"}],"5117":[{"pref":"長崎県","city":"壱岐市","town":"郷ノ浦町田中触"}],"5121":[{"pref":"長崎県","city":"壱岐市","town":"郷ノ浦町平人触"}],"5122":[{"pref":"長崎県","city":"壱岐市","town":"郷ノ浦町大原触"}],"5123":[{"pref":"長崎県","city":"壱岐市","town":"郷ノ浦町釘山触"}],"5124":[{"pref":"長崎県","city":"壱岐市","town":"郷ノ浦町志原南触"}],"5125":[{"pref":"長崎県","city":"壱岐市","town":"郷ノ浦町志原西触"}],"5131":[{"pref":"長崎県","city":"壱岐市","town":"郷ノ浦町永田触"}],"5132":[{"pref":"長崎県","city":"壱岐市","town":"郷ノ浦町東触"}],"5133":[{"pref":"長崎県","city":"壱岐市","town":"郷ノ浦町本村触"}],"5134":[{"pref":"長崎県","city":"壱岐市","town":"郷ノ浦町庄触"}],"5135":[{"pref":"長崎県","city":"壱岐市","town":"郷ノ浦町郷ノ浦"}],"5136":[{"pref":"長崎県","city":"壱岐市","town":"郷ノ浦町片原触"}],"5141":[{"pref":"長崎県","city":"壱岐市","town":"郷ノ浦町若松触"}],"5142":[{"pref":"長崎県","city":"壱岐市","town":"郷ノ浦町坪触"}],"5143":[{"pref":"長崎県","city":"壱岐市","town":"郷ノ浦町初山西触"}],"5144":[{"pref":"長崎県","city":"壱岐市","town":"郷ノ浦町初山東触"}],"5151":[{"pref":"長崎県","city":"壱岐市","town":"郷ノ浦町渡良浦"}],"5152":[{"pref":"長崎県","city":"壱岐市","town":"郷ノ浦町渡良南触"}],"5153":[{"pref":"長崎県","city":"壱岐市","town":"郷ノ浦町渡良西触"}],"5154":[{"pref":"長崎県","city":"壱岐市","town":"郷ノ浦町渡良東触"}],"5155":[{"pref":"長崎県","city":"壱岐市","town":"郷ノ浦町麦谷触"}],"5161":[{"pref":"長崎県","city":"壱岐市","town":"郷ノ浦町大島"}],"5162":[{"pref":"長崎県","city":"壱岐市","town":"郷ノ浦町長島"}],"5163":[{"pref":"長崎県","city":"壱岐市","town":"郷ノ浦町原島"}],"5201":[{"pref":"長崎県","city":"壱岐市","town":"石田町山崎触"}],"5202":[{"pref":"長崎県","city":"壱岐市","town":"石田町筒城仲触"}],"5203":[{"pref":"長崎県","city":"壱岐市","town":"石田町筒城東触"}],"5204":[{"pref":"長崎県","city":"壱岐市","town":"石田町筒城西触"}],"5211":[{"pref":"長崎県","city":"壱岐市","town":"石田町石田東触"}],"5212":[{"pref":"長崎県","city":"壱岐市","town":"石田町本村触"}],"5213":[{"pref":"長崎県","city":"壱岐市","town":"石田町南触"}],"5214":[{"pref":"長崎県","city":"壱岐市","town":"石田町印通寺浦"}],"5215":[{"pref":"長崎県","city":"壱岐市","town":"石田町石田西触"}],"5221":[{"pref":"長崎県","city":"壱岐市","town":"石田町池田東触"}],"5222":[{"pref":"長崎県","city":"壱岐市","town":"石田町池田仲触"}],"5223":[{"pref":"長崎県","city":"壱岐市","town":"石田町久喜触"}],"5224":[{"pref":"長崎県","city":"壱岐市","town":"石田町池田西触"}],"5225":[{"pref":"長崎県","city":"壱岐市","town":"石田町湯岳興触"}],"5226":[{"pref":"長崎県","city":"壱岐市","town":"石田町湯岳射手吉触"}],"5301":[{"pref":"長崎県","city":"壱岐市","town":"芦辺町芦辺浦"}],"5311":[{"pref":"長崎県","city":"壱岐市","town":"芦辺町諸吉本村触"}],"5312":[{"pref":"長崎県","city":"壱岐市","town":"芦辺町諸吉南触"}],"5313":[{"pref":"長崎県","city":"壱岐市","town":"芦辺町諸吉仲触"}],"5314":[{"pref":"長崎県","city":"壱岐市","town":"芦辺町諸吉東触"}],"5315":[{"pref":"長崎県","city":"壱岐市","town":"芦辺町諸吉二亦触"}],"5316":[{"pref":"長崎県","city":"壱岐市","town":"芦辺町諸吉大石触"}],"5321":[{"pref":"長崎県","city":"壱岐市","town":"芦辺町深江栄触"}],"5322":[{"pref":"長崎県","city":"壱岐市","town":"芦辺町深江鶴亀触"}],"5323":[{"pref":"長崎県","city":"壱岐市","town":"芦辺町深江平触"}],"5324":[{"pref":"長崎県","city":"壱岐市","town":"芦辺町深江東触"}],"5325":[{"pref":"長崎県","city":"壱岐市","town":"芦辺町深江南触"}],"5326":[{"pref":"長崎県","city":"壱岐市","town":"芦辺町深江本村触"}],"5461":[{"pref":"長崎県","city":"壱岐市","town":"芦辺町瀬戸浦"}],"5462":[{"pref":"長崎県","city":"壱岐市","town":"芦辺町箱崎大左右触"}],"5463":[{"pref":"長崎県","city":"壱岐市","town":"芦辺町箱崎中山触"}],"5464":[{"pref":"長崎県","city":"壱岐市","town":"芦辺町箱崎谷江触"}],"5465":[{"pref":"長崎県","city":"壱岐市","town":"芦辺町箱崎釘ノ尾触"}],"5466":[{"pref":"長崎県","city":"壱岐市","town":"芦辺町箱崎本村触"}],"5467":[{"pref":"長崎県","city":"壱岐市","town":"芦辺町箱崎江角触"}],"5468":[{"pref":"長崎県","city":"壱岐市","town":"芦辺町箱崎諸津触"}],"5501":[{"pref":"長崎県","city":"壱岐市","town":"勝本町勝本浦"}],"5511":[{"pref":"長崎県","city":"壱岐市","town":"勝本町仲触"}],"5512":[{"pref":"長崎県","city":"壱岐市","town":"勝本町東触"}],"5513":[{"pref":"長崎県","city":"壱岐市","town":"勝本町北触"}],"5521":[{"pref":"長崎県","city":"壱岐市","town":"勝本町西戸触"}],"5522":[{"pref":"長崎県","city":"壱岐市","town":"勝本町新城東触"}],"5523":[{"pref":"長崎県","city":"壱岐市","town":"勝本町片山触"}],"5531":[{"pref":"長崎県","city":"壱岐市","town":"勝本町坂本触"}],"5532":[{"pref":"長崎県","city":"壱岐市","town":"勝本町大久保触"}],"5533":[{"pref":"長崎県","city":"壱岐市","town":"勝本町新城西触"}],"5541":[{"pref":"長崎県","city":"壱岐市","town":"勝本町本宮西触"}],"5542":[{"pref":"長崎県","city":"壱岐市","town":"勝本町本宮東触"}],"5543":[{"pref":"長崎県","city":"壱岐市","town":"勝本町上場触"}],"5544":[{"pref":"長崎県","city":"壱岐市","town":"勝本町布気触"}],"5545":[{"pref":"長崎県","city":"壱岐市","town":"勝本町本宮南触"}],"5546":[{"pref":"長崎県","city":"壱岐市","town":"勝本町本宮仲触"}],"5551":[{"pref":"長崎県","city":"壱岐市","town":"勝本町湯本浦"}],"5552":[{"pref":"長崎県","city":"壱岐市","town":"勝本町百合畑触"}],"5553":[{"pref":"長崎県","city":"壱岐市","town":"勝本町立石東触"}],"5554":[{"pref":"長崎県","city":"壱岐市","town":"勝本町立石仲触"}],"5555":[{"pref":"長崎県","city":"壱岐市","town":"勝本町立石南触"}],"5556":[{"pref":"長崎県","city":"壱岐市","town":"勝本町立石西触"}],"5731":[{"pref":"長崎県","city":"壱岐市","town":"芦辺町国分当田触"}],"5732":[{"pref":"長崎県","city":"壱岐市","town":"芦辺町国分東触"}],"5733":[{"pref":"長崎県","city":"壱岐市","town":"芦辺町国分川迎触"}],"5734":[{"pref":"長崎県","city":"壱岐市","town":"芦辺町国分本村触"}],"5741":[{"pref":"長崎県","city":"壱岐市","town":"芦辺町住吉山信触"}],"5742":[{"pref":"長崎県","city":"壱岐市","town":"芦辺町住吉東触"}],"5743":[{"pref":"長崎県","city":"壱岐市","town":"芦辺町住吉前触"}],"5744":[{"pref":"長崎県","city":"壱岐市","town":"芦辺町住吉後触"}],"5751":[{"pref":"長崎県","city":"壱岐市","town":"芦辺町中野郷仲触"}],"5752":[{"pref":"長崎県","city":"壱岐市","town":"芦辺町中野郷東触"}],"5753":[{"pref":"長崎県","city":"壱岐市","town":"芦辺町湯岳本村触"}],"5754":[{"pref":"長崎県","city":"壱岐市","town":"芦辺町湯岳今坂触"}],"5755":[{"pref":"長崎県","city":"壱岐市","town":"芦辺町湯岳興触"}],"5756":[{"pref":"長崎県","city":"壱岐市","town":"芦辺町中野郷本村触"}],"5757":[{"pref":"長崎県","city":"壱岐市","town":"芦辺町中野郷西触"}],"0322":[{"pref":"福岡県","city":"福岡市東区","town":"大岳"}],"0325":[{"pref":"福岡県","city":"福岡市東区","town":"勝馬"}],"0216":[{"pref":"福岡県","city":"福岡市東区","town":"上和白"}],"0206":[{"pref":"福岡県","city":"福岡市東区","town":"雁の巣"}],"0321":[{"pref":"福岡県","city":"福岡市東区","town":"西戸崎"}],"0203":[{"pref":"福岡県","city":"福岡市東区","town":"塩浜"}],"0323":[{"pref":"福岡県","city":"福岡市東区","town":"志賀島"}],"0215":[{"pref":"福岡県","city":"福岡市東区","town":"高美台"}],"0204":[{"pref":"福岡県","city":"福岡市東区","town":"奈多"}],"0205":[{"pref":"福岡県","city":"福岡市東区","town":"奈多団地"}],"0324":[{"pref":"福岡県","city":"福岡市東区","town":"弘"}],"0201":[{"pref":"福岡県","city":"福岡市東区","town":"三苫"}],"0212":[{"pref":"福岡県","city":"福岡市東区","town":"美和台"}],"0211":[{"pref":"福岡県","city":"福岡市東区","town":"美和台新町"}],"0202":[{"pref":"福岡県","city":"福岡市東区","town":"和白"}],"0213":[{"pref":"福岡県","city":"福岡市東区","town":"和白丘"}],"0214":[{"pref":"福岡県","city":"福岡市東区","town":"和白東"}],"0100":[{"pref":"福岡県","city":"糟屋郡新宮町","town":"以下に掲載がない場合"}],"0118":[{"pref":"福岡県","city":"糟屋郡新宮町","town":"相島"}],"0117":[{"pref":"福岡県","city":"糟屋郡新宮町","town":"上府"}],"0123":[{"pref":"福岡県","city":"糟屋郡新宮町","town":"上府北"}],"0113":[{"pref":"福岡県","city":"糟屋郡新宮町","town":"桜山手"}],"0112":[{"pref":"福岡県","city":"糟屋郡新宮町","town":"下府"}],"0115":[{"pref":"福岡県","city":"糟屋郡新宮町","town":"新宮"}],"0124":[{"pref":"福岡県","city":"糟屋郡新宮町","town":"新宮東"}],"0102":[{"pref":"福岡県","city":"糟屋郡新宮町","town":"立花口"}],"0120":[{"pref":"福岡県","city":"糟屋郡新宮町","town":"中央駅前"}],"0103":[{"pref":"福岡県","city":"糟屋郡新宮町","town":"花立花"}],"0101":[{"pref":"福岡県","city":"糟屋郡新宮町","town":"原上"}],"0104":[{"pref":"福岡県","city":"糟屋郡新宮町","town":"的野"}],"0121":[{"pref":"福岡県","city":"糟屋郡新宮町","town":"美咲"}],"0111":[{"pref":"福岡県","city":"糟屋郡新宮町","town":"三代"}],"0125":[{"pref":"福岡県","city":"糟屋郡新宮町","town":"三代西"}],"0119":[{"pref":"福岡県","city":"糟屋郡新宮町","town":"緑ケ浜"}],"0116":[{"pref":"福岡県","city":"糟屋郡新宮町","town":"湊"}],"0114":[{"pref":"福岡県","city":"糟屋郡新宮町","town":"湊坂"}],"0122":[{"pref":"福岡県","city":"糟屋郡新宮町","town":"杜の宮"}],"0110":[{"pref":"福岡県","city":"糟屋郡新宮町","town":"夜臼"}]}