{"0000":[{"pref":"兵庫県","city":"神戸市東灘区","town":"以下に掲載がない場合"}],"0083":[{"pref":"兵庫県","city":"神戸市東灘区","town":"魚崎中町"}],"0026":[{"pref":"兵庫県","city":"神戸市東灘区","town":"魚崎西町"}],"0025":[{"pref":"兵庫県","city":"神戸市東灘区","town":"魚崎南町"}],"0082":[{"pref":"兵庫県","city":"神戸市東灘区","town":"魚崎北町"}],"0024":[{"pref":"兵庫県","city":"神戸市東灘区","town":"魚崎浜町"}],"0066":[{"pref":"兵庫県","city":"神戸市東灘区","town":"渦森台"}],"0027":[{"pref":"兵庫県","city":"神戸市東灘区","town":"青木"}],"0072":[{"pref":"兵庫県","city":"神戸市東灘区","town":"岡本"}],"0064":[{"pref":"兵庫県","city":"神戸市東灘区","town":"鴨子ケ原"}],"0014":[{"pref":"兵庫県","city":"神戸市東灘区","town":"北青木"}],"0002":[{"pref":"兵庫県","city":"神戸市東灘区","town":"甲南台"}],"0084":[{"pref":"兵庫県","city":"神戸市東灘区","town":"甲南町"}],"0032":[{"pref":"兵庫県","city":"神戸市東灘区","town":"向洋町中"}],"0031":[{"pref":"兵庫県","city":"神戸市東灘区","town":"向洋町東"}],"0033":[{"pref":"兵庫県","city":"神戸市東灘区","town":"向洋町西"}],"0062":[{"pref":"兵庫県","city":"神戸市東灘区","town":"住吉台"}],"0042":[{"pref":"兵庫県","city":"神戸市東灘区","town":"住吉浜町"}],"0051":[{"pref":"兵庫県","city":"神戸市東灘区","town":"住吉本町"}],"0052":[{"pref":"兵庫県","city":"神戸市東灘区","town":"住吉東町"}],"0041":[{"pref":"兵庫県","city":"神戸市東灘区","town":"住吉南町"}],"0053":[{"pref":"兵庫県","city":"神戸市東灘区","town":"住吉宮町"}],"0063":[{"pref":"兵庫県","city":"神戸市東灘区","town":"住吉山手"}],"0081":[{"pref":"兵庫県","city":"神戸市東灘区","town":"田中町"}],"0073":[{"pref":"兵庫県","city":"神戸市東灘区","town":"西岡本"}],"0023":[{"pref":"兵庫県","city":"神戸市東灘区","town":"深江浜町"}],"0021":[{"pref":"兵庫県","city":"神戸市東灘区","town":"深江本町"}],"0022":[{"pref":"兵庫県","city":"神戸市東灘区","town":"深江南町"}],"0013":[{"pref":"兵庫県","city":"神戸市東灘区","town":"深江北町"}],"0012":[{"pref":"兵庫県","city":"神戸市東灘区","town":"本庄町"}],"0047":[{"pref":"兵庫県","city":"神戸市東灘区","town":"御影"}],"0045":[{"pref":"兵庫県","city":"神戸市東灘区","town":"御影石町"}],"0048":[{"pref":"兵庫県","city":"神戸市東灘区","town":"御影郡家"}],"0044":[{"pref":"兵庫県","city":"神戸市東灘区","town":"御影塚町"}],"0054":[{"pref":"兵庫県","city":"神戸市東灘区","town":"御影中町"}],"0043":[{"pref":"兵庫県","city":"神戸市東灘区","town":"御影浜町"}],"0046":[{"pref":"兵庫県","city":"神戸市東灘区","town":"御影本町"}],"0065":[{"pref":"兵庫県","city":"神戸市東灘区","town":"御影山手"}],"0003":[{"pref":"兵庫県","city":"神戸市東灘区","town":"本山北町"}],"0071":[{"pref":"兵庫県","city":"神戸市東灘区","town":"本山町岡本"}],"0005":[{"pref":"兵庫県","city":"神戸市東灘区","town":"本山町北畑"}],"0061":[{"pref":"兵庫県","city":"神戸市東灘区","town":"本山町田中"}],"0004":[{"pref":"兵庫県","city":"神戸市東灘区","town":"本山町田辺"}],"0016":[{"pref":"兵庫県","city":"神戸市東灘区","town":"本山中町"}],"0015":[{"pref":"兵庫県","city":"神戸市東灘区","town":"本山南町"}],"0001":[{"pref":"兵庫県","city":"神戸市東灘区","town":"森北町"}],"0011":[{"pref":"兵庫県","city":"神戸市東灘区","town":"森南町"}]}