{"0000":[{"pref":"神奈川県","city":"横浜市保土ケ谷区","town":"以下に掲載がない場合"}],"0053":[{"pref":"神奈川県","city":"横浜市保土ケ谷区","town":"新井町"}],"0035":[{"pref":"神奈川県","city":"横浜市保土ケ谷区","town":"今井町"}],"0023":[{"pref":"神奈川県","city":"横浜市保土ケ谷区","town":"岩井町"}],"0015":[{"pref":"神奈川県","city":"横浜市保土ケ谷区","town":"岩崎町"}],"0004":[{"pref":"神奈川県","city":"横浜市保土ケ谷区","town":"岩間町"}],"0062":[{"pref":"神奈川県","city":"横浜市保土ケ谷区","town":"岡沢町"}],"0014":[{"pref":"神奈川県","city":"横浜市保土ケ谷区","town":"霞台"}],"0013":[{"pref":"神奈川県","city":"横浜市保土ケ谷区","town":"帷子町"}],"0066":[{"pref":"神奈川県","city":"横浜市保土ケ谷区","town":"釜台町"}],"0063":[{"pref":"神奈川県","city":"横浜市保土ケ谷区","town":"鎌谷町"}],"0051":[{"pref":"神奈川県","city":"横浜市保土ケ谷区","town":"上菅田町"}],"0042":[{"pref":"神奈川県","city":"横浜市保土ケ谷区","town":"上星川"}],"0025":[{"pref":"神奈川県","city":"横浜市保土ケ谷区","town":"狩場町"}],"0045":[{"pref":"神奈川県","city":"横浜市保土ケ谷区","town":"川島町"}],"0001":[{"pref":"神奈川県","city":"横浜市保土ケ谷区","town":"川辺町"}],"0005":[{"pref":"神奈川県","city":"横浜市保土ケ谷区","town":"神戸町"}],"0026":[{"pref":"神奈川県","city":"横浜市保土ケ谷区","town":"権太坂"}],"0034":[{"pref":"神奈川県","city":"横浜市保土ケ谷区","town":"境木町"}],"0033":[{"pref":"神奈川県","city":"横浜市保土ケ谷区","town":"境木本町"}],"0043":[{"pref":"神奈川県","city":"横浜市保土ケ谷区","town":"坂本町"}],"0011":[{"pref":"神奈川県","city":"横浜市保土ケ谷区","town":"桜ケ丘"}],"0036":[{"pref":"神奈川県","city":"横浜市保土ケ谷区","town":"新桜ケ丘"}],"0024":[{"pref":"神奈川県","city":"横浜市保土ケ谷区","town":"瀬戸ケ谷町"}],"0012":[{"pref":"神奈川県","city":"横浜市保土ケ谷区","town":"月見台"}],"0003":[{"pref":"神奈川県","city":"横浜市保土ケ谷区","town":"天王町"}],"0067":[{"pref":"神奈川県","city":"横浜市保土ケ谷区","town":"常盤台"}],"0022":[{"pref":"神奈川県","city":"横浜市保土ケ谷区","town":"西久保町"}],"0054":[{"pref":"神奈川県","city":"横浜市保土ケ谷区","town":"西谷"}],"0052":[{"pref":"神奈川県","city":"横浜市保土ケ谷区","town":"西谷町"}],"0016":[{"pref":"神奈川県","city":"横浜市保土ケ谷区","town":"初音ケ丘"}],"0017":[{"pref":"神奈川県","city":"横浜市保土ケ谷区","town":"花見台"}],"0041":[{"pref":"神奈川県","city":"横浜市保土ケ谷区","town":"東川島町"}],"0031":[{"pref":"神奈川県","city":"横浜市保土ケ谷区","town":"藤塚町"}],"0044":[{"pref":"神奈川県","city":"横浜市保土ケ谷区","town":"仏向町"}],"0046":[{"pref":"神奈川県","city":"横浜市保土ケ谷区","town":"仏向西"}],"0032":[{"pref":"神奈川県","city":"横浜市保土ケ谷区","town":"法泉"}],"0006":[{"pref":"神奈川県","city":"横浜市保土ケ谷区","town":"星川"}],"0021":[{"pref":"神奈川県","city":"横浜市保土ケ谷区","town":"保土ケ谷町"}],"0064":[{"pref":"神奈川県","city":"横浜市保土ケ谷区","town":"峰岡町"}],"0061":[{"pref":"神奈川県","city":"横浜市保土ケ谷区","town":"峰沢町"}],"0002":[{"pref":"神奈川県","city":"横浜市保土ケ谷区","town":"宮田町"}],"0007":[{"pref":"神奈川県","city":"横浜市保土ケ谷区","town":"明神台"}],"0065":[{"pref":"神奈川県","city":"横浜市保土ケ谷区","town":"和田"}],"0105":[{"pref":"神奈川県","city":"横須賀市","town":"秋谷"}],"0104":[{"pref":"神奈川県","city":"横須賀市","town":"芦名"}],"0102":[{"pref":"神奈川県","city":"横須賀市","town":"荻野"}],"0106":[{"pref":"神奈川県","city":"横須賀市","town":"子安"}],"0103":[{"pref":"神奈川県","city":"横須賀市","town":"佐島"}],"0108":[{"pref":"神奈川県","city":"横須賀市","town":"佐島の丘"}],"0107":[{"pref":"神奈川県","city":"横須賀市","town":"湘南国際村"}],"0101":[{"pref":"神奈川県","city":"横須賀市","town":"長坂"}],"0100":[{"pref":"神奈川県","city":"三浦郡葉山町","town":"以下に掲載がない場合"}],"0111":[{"pref":"神奈川県","city":"三浦郡葉山町","town":"一色"}],"0115":[{"pref":"神奈川県","city":"三浦郡葉山町","town":"上山口"}],"0114":[{"pref":"神奈川県","city":"三浦郡葉山町","town":"木古庭"}],"0116":[{"pref":"神奈川県","city":"三浦郡葉山町","town":"下山口"}],"0113":[{"pref":"神奈川県","city":"三浦郡葉山町","town":"長柄"}],"0112":[{"pref":"神奈川県","city":"三浦郡葉山町","town":"堀内"}]}