{"0000":[{"pref":"熊本県","city":"玉名市","town":"以下に掲載がない場合"}],"0004":[{"pref":"熊本県","city":"玉名市","town":"青木"}],"0035":[{"pref":"熊本県","city":"玉名市","town":"青野"}],"0026":[{"pref":"熊本県","city":"玉名市","town":"秋丸"}],"0014":[{"pref":"熊本県","city":"玉名市","town":"安楽寺"}],"0045":[{"pref":"熊本県","city":"玉名市","town":"伊倉南方"}],"0041":[{"pref":"熊本県","city":"玉名市","town":"伊倉北方"}],"0008":[{"pref":"熊本県","city":"玉名市","town":"石貫"}],"0016":[{"pref":"熊本県","city":"玉名市","town":"岩崎"}],"0024":[{"pref":"熊本県","city":"玉名市","town":"永徳寺"}],"0023":[{"pref":"熊本県","city":"玉名市","town":"大倉"}],"0055":[{"pref":"熊本県","city":"玉名市","town":"大浜町"}],"0054":[{"pref":"熊本県","city":"玉名市","town":"小島"}],"0048":[{"pref":"熊本県","city":"玉名市","town":"小野尻"}],"0044":[{"pref":"熊本県","city":"玉名市","town":"片諏訪"}],"0011":[{"pref":"熊本県","city":"玉名市","town":"上小田"}],"0015":[{"pref":"熊本県","city":"玉名市","town":"亀甲"}],"0007":[{"pref":"熊本県","city":"玉名市","town":"河崎"}],"0047":[{"pref":"熊本県","city":"玉名市","town":"川島"}],"0017":[{"pref":"熊本県","city":"玉名市","town":"川部田"}],"0032":[{"pref":"熊本県","city":"玉名市","town":"北坂門田"}],"0046":[{"pref":"熊本県","city":"玉名市","town":"北牟田"}],"0057":[{"pref":"熊本県","city":"玉名市","town":"小浜"}],"0013":[{"pref":"熊本県","city":"玉名市","town":"下"}],"0018":[{"pref":"熊本県","city":"玉名市","town":"下小田"}],"0053":[{"pref":"熊本県","city":"玉名市","town":"千田川原"}],"0025":[{"pref":"熊本県","city":"玉名市","town":"高瀬"}],"0031":[{"pref":"熊本県","city":"玉名市","town":"田崎"}],"0005":[{"pref":"熊本県","city":"玉名市","town":"玉名"}],"0065":[{"pref":"熊本県","city":"玉名市","town":"築地"}],"0001":[{"pref":"熊本県","city":"玉名市","town":"月田"}],"0021":[{"pref":"熊本県","city":"玉名市","town":"津留"}],"0022":[{"pref":"熊本県","city":"玉名市","town":"寺田"}],"0062":[{"pref":"熊本県","city":"玉名市","town":"富尾"}],"0064":[{"pref":"熊本県","city":"玉名市","town":"中"}],"0063":[{"pref":"熊本県","city":"玉名市","town":"中尾"}],"0033":[{"pref":"熊本県","city":"玉名市","town":"中坂門田"}],"0056":[{"pref":"熊本県","city":"玉名市","town":"滑石"}],"0002":[{"pref":"熊本県","city":"玉名市","town":"箱谷"}],"0051":[{"pref":"熊本県","city":"玉名市","town":"繁根木"}],"0052":[{"pref":"熊本県","city":"玉名市","town":"松木"}],"0003":[{"pref":"熊本県","city":"玉名市","town":"溝上"}],"0009":[{"pref":"熊本県","city":"玉名市","town":"三ツ川"}],"0034":[{"pref":"熊本県","city":"玉名市","town":"南坂門田"}],"0042":[{"pref":"熊本県","city":"玉名市","town":"宮原"}],"0027":[{"pref":"熊本県","city":"玉名市","town":"向津留"}],"0066":[{"pref":"熊本県","city":"玉名市","town":"山田"}],"0012":[{"pref":"熊本県","city":"玉名市","town":"山部田"}],"0071":[{"pref":"熊本県","city":"玉名市","town":"横島町大園"}],"0073":[{"pref":"熊本県","city":"玉名市","town":"横島町共栄"}],"0072":[{"pref":"熊本県","city":"玉名市","town":"横島町横島"}],"0043":[{"pref":"熊本県","city":"玉名市","town":"横田"}],"0061":[{"pref":"熊本県","city":"玉名市","town":"立願寺"}],"0006":[{"pref":"熊本県","city":"玉名市","town":"両迫間"}],"0058":[{"pref":"熊本県","city":"玉名市","town":"六田"}],"0100":[{"pref":"熊本県","city":"玉名郡和水町","town":"以下に掲載がない場合"}],"0114":[{"pref":"熊本県","city":"玉名郡和水町","town":"岩尻"}],"0104":[{"pref":"熊本県","city":"玉名郡和水町","town":"内田"}],"0101":[{"pref":"熊本県","city":"玉名郡和水町","town":"江栗"}],"0136":[{"pref":"熊本県","city":"玉名郡和水町","town":"江田"}],"0121":[{"pref":"熊本県","city":"玉名郡和水町","town":"榎原"}],"0112":[{"pref":"熊本県","city":"玉名郡和水町","town":"大屋"}],"0116":[{"pref":"熊本県","city":"玉名郡和水町","town":"竈門"}],"0115":[{"pref":"熊本県","city":"玉名郡和水町","town":"久米野"}],"0117":[{"pref":"熊本県","city":"玉名郡和水町","town":"志口永"}],"0111":[{"pref":"熊本県","city":"玉名郡和水町","town":"下津原"}],"0135":[{"pref":"熊本県","city":"玉名郡和水町","town":"瀬川"}],"0122":[{"pref":"熊本県","city":"玉名郡和水町","town":"高野"}],"0103":[{"pref":"熊本県","city":"玉名郡和水町","town":"長小田"}],"0132":[{"pref":"熊本県","city":"玉名郡和水町","town":"萩原"}],"0124":[{"pref":"熊本県","city":"玉名郡和水町","town":"原口"}],"0102":[{"pref":"熊本県","city":"玉名郡和水町","town":"久井原"}],"0134":[{"pref":"熊本県","city":"玉名郡和水町","town":"日平"}],"0125":[{"pref":"熊本県","city":"玉名郡和水町","town":"藤田"}],"0133":[{"pref":"熊本県","city":"玉名郡和水町","town":"蜻浦"}],"0126":[{"pref":"熊本県","city":"玉名郡和水町","town":"前原"}],"0123":[{"pref":"熊本県","city":"玉名郡和水町","town":"米渡尾"}],"0131":[{"pref":"熊本県","city":"玉名郡和水町","town":"用木"}],"0113":[{"pref":"熊本県","city":"玉名郡和水町","town":"焼米"}]}