{"0000":[{"pref":"埼玉県","city":"志木市","town":"以下に掲載がない場合"}],"0007":[{"pref":"埼玉県","city":"志木市","town":"柏町"}],"0001":[{"pref":"埼玉県","city":"志木市","town":"上宗岡"}],"0005":[{"pref":"埼玉県","city":"志木市","town":"幸町"}],"0003":[{"pref":"埼玉県","city":"志木市","town":"下宗岡"}],"0006":[{"pref":"埼玉県","city":"志木市","town":"館"}],"0002":[{"pref":"埼玉県","city":"志木市","town":"中宗岡"}],"0004":[{"pref":"埼玉県","city":"志木市","town":"本町"}],"0008":[{"pref":"埼玉県","city":"志木市","town":"宗岡"}]}