{"1101":[{"pref":"佐賀県","city":"三養基郡みやき町","town":"西島"}],"1102":[{"pref":"佐賀県","city":"三養基郡みやき町","town":"天建寺"}],"1103":[{"pref":"佐賀県","city":"三養基郡みやき町","town":"坂口"}],"1104":[{"pref":"佐賀県","city":"三養基郡みやき町","town":"東津"}],"1105":[{"pref":"佐賀県","city":"三養基郡みやき町","town":"寄人"}],"1106":[{"pref":"佐賀県","city":"三養基郡みやき町","town":"市武"}],"2101":[{"pref":"佐賀県","city":"佐賀市","town":"諸富町大堂"}],"2102":[{"pref":"佐賀県","city":"佐賀市","town":"諸富町為重"}],"2103":[{"pref":"佐賀県","city":"佐賀市","town":"諸富町寺井津"}],"2104":[{"pref":"佐賀県","city":"佐賀市","town":"諸富町徳富"}],"2105":[{"pref":"佐賀県","city":"佐賀市","town":"諸富町諸富津"}],"2106":[{"pref":"佐賀県","city":"佐賀市","town":"諸富町山領"}],"2201":[{"pref":"佐賀県","city":"佐賀市","town":"川副町福富"}],"2202":[{"pref":"佐賀県","city":"佐賀市","town":"川副町早津江津"}],"2203":[{"pref":"佐賀県","city":"佐賀市","town":"川副町早津江"}],"2204":[{"pref":"佐賀県","city":"佐賀市","town":"川副町西古賀"}],"2205":[{"pref":"佐賀県","city":"佐賀市","town":"川副町南里"}],"2211":[{"pref":"佐賀県","city":"佐賀市","town":"川副町大詫間"}],"2212":[{"pref":"佐賀県","city":"佐賀市","town":"川副町犬井道"}],"2213":[{"pref":"佐賀県","city":"佐賀市","town":"川副町鹿江"}],"2214":[{"pref":"佐賀県","city":"佐賀市","town":"川副町小々森"}],"2221":[{"pref":"佐賀県","city":"佐賀市","town":"東与賀町下古賀"}],"2222":[{"pref":"佐賀県","city":"佐賀市","town":"東与賀町田中"}],"2223":[{"pref":"佐賀県","city":"佐賀市","town":"東与賀町飯盛"}],"0812":[{"pref":"佐賀県","city":"佐賀市","town":"愛敬町"}],"0042":[{"pref":"佐賀県","city":"佐賀市","town":"赤松町"}],"0053":[{"pref":"佐賀県","city":"佐賀市","town":"朝日町"}],"0844":[{"pref":"佐賀県","city":"佐賀市","town":"伊勢町"}],"0052":[{"pref":"佐賀県","city":"佐賀市","town":"今宿町"}],"0801":[{"pref":"佐賀県","city":"佐賀市","town":"駅前中央"}],"0816":[{"pref":"佐賀県","city":"佐賀市","town":"駅南本町"}],"0811":[{"pref":"佐賀県","city":"佐賀市","town":"大財"}],"0802":[{"pref":"佐賀県","city":"佐賀市","town":"大財北町"}],"0021":[{"pref":"佐賀県","city":"佐賀市","town":"鬼丸町"}],"0862":[{"pref":"佐賀県","city":"佐賀市","town":"嘉瀬町扇町"}],"0864":[{"pref":"佐賀県","city":"佐賀市","town":"嘉瀬町荻野"}],"0863":[{"pref":"佐賀県","city":"佐賀市","town":"嘉瀬町十五"}],"0861":[{"pref":"佐賀県","city":"佐賀市","town":"嘉瀬町中原"}],"0806":[{"pref":"佐賀県","city":"佐賀市","town":"神園"}],"0843":[{"pref":"佐賀県","city":"佐賀市","town":"川原町"}],"0011":[{"pref":"佐賀県","city":"佐賀市","town":"北川副町江上"}],"0013":[{"pref":"佐賀県","city":"佐賀市","town":"北川副町新郷"}],"0012":[{"pref":"佐賀県","city":"佐賀市","town":"北川副町光法"}],"0015":[{"pref":"佐賀県","city":"佐賀市","town":"木原"}],"0804":[{"pref":"佐賀県","city":"佐賀市","town":"神野東"}],"0805":[{"pref":"佐賀県","city":"佐賀市","town":"神野西"}],"0008":[{"pref":"佐賀県","city":"佐賀市","town":"巨勢町牛島"}],"0007":[{"pref":"佐賀県","city":"佐賀市","town":"巨勢町高尾"}],"0001":[{"pref":"佐賀県","city":"佐賀市","town":"巨勢町修理田"}],"0006":[{"pref":"佐賀県","city":"佐賀市","town":"巨勢町東西"}],"0824":[{"pref":"佐賀県","city":"佐賀市","town":"呉服元町"}],"0056":[{"pref":"佐賀県","city":"佐賀市","town":"紺屋町"}],"0055":[{"pref":"佐賀県","city":"佐賀市","town":"材木"}],"0803":[{"pref":"佐賀県","city":"佐賀市","town":"栄町"}],"0044":[{"pref":"佐賀県","city":"佐賀市","town":"道祖元町"}],"0031":[{"pref":"佐賀県","city":"佐賀市","town":"下田町"}],"0855":[{"pref":"佐賀県","city":"佐賀市","town":"昭栄町"}],"0041":[{"pref":"佐賀県","city":"佐賀市","town":"城内"}],"0043":[{"pref":"佐賀県","city":"佐賀市","town":"精町"}],"0826":[{"pref":"佐賀県","city":"佐賀市","town":"白山"}],"0859":[{"pref":"佐賀県","city":"佐賀市","town":"新栄西"}],"0850":[{"pref":"佐賀県","city":"佐賀市","town":"新栄東"}],"0017":[{"pref":"佐賀県","city":"佐賀市","town":"新郷本町"}],"0856":[{"pref":"佐賀県","city":"佐賀市","town":"新生町"}],"0032":[{"pref":"佐賀県","city":"佐賀市","town":"末広"}],"0814":[{"pref":"佐賀県","city":"佐賀市","town":"成章町"}],"0822":[{"pref":"佐賀県","city":"佐賀市","town":"高木町"}],"0051":[{"pref":"佐賀県","city":"佐賀市","town":"田代"}],"0842":[{"pref":"佐賀県","city":"佐賀市","town":"多布施"}],"0825":[{"pref":"佐賀県","city":"佐賀市","town":"中央本町"}],"0815":[{"pref":"佐賀県","city":"佐賀市","town":"天神"}],"0851":[{"pref":"佐賀県","city":"佐賀市","town":"天祐"}],"0858":[{"pref":"佐賀県","city":"佐賀市","town":"天祐団地"}],"0813":[{"pref":"佐賀県","city":"佐賀市","town":"唐人"}],"0852":[{"pref":"佐賀県","city":"佐賀市","town":"中折町"}],"0833":[{"pref":"佐賀県","city":"佐賀市","town":"中の小路"}],"0022":[{"pref":"佐賀県","city":"佐賀市","town":"中の館町"}],"0853":[{"pref":"佐賀県","city":"佐賀市","town":"長瀬町"}],"0857":[{"pref":"佐賀県","city":"佐賀市","town":"鍋島町八戸"}],"0046":[{"pref":"佐賀県","city":"佐賀市","town":"西魚町"}],"0045":[{"pref":"佐賀県","city":"佐賀市","town":"西田代"}],"0035":[{"pref":"佐賀県","city":"佐賀市","town":"西与賀町今津"}],"0037":[{"pref":"佐賀県","city":"佐賀市","town":"西与賀町相応津"}],"0034":[{"pref":"佐賀県","city":"佐賀市","town":"西与賀町厘外"}],"0036":[{"pref":"佐賀県","city":"佐賀市","town":"西与賀町高太郎"}],"0005":[{"pref":"佐賀県","city":"佐賀市","town":"蓮池町蓮池"}],"0003":[{"pref":"佐賀県","city":"佐賀市","town":"蓮池町古賀"}],"0004":[{"pref":"佐賀県","city":"佐賀市","town":"蓮池町小松"}],"0002":[{"pref":"佐賀県","city":"佐賀市","town":"蓮池町見島"}],"0834":[{"pref":"佐賀県","city":"佐賀市","town":"八幡小路"}],"0033":[{"pref":"佐賀県","city":"佐賀市","town":"光"}],"0821":[{"pref":"佐賀県","city":"佐賀市","town":"東佐賀町"}],"0503":[{"pref":"佐賀県","city":"佐賀市","town":"富士町市川"}],"0514":[{"pref":"佐賀県","city":"佐賀市","town":"富士町内野"}],"0516":[{"pref":"佐賀県","city":"佐賀市","town":"富士町梅野"}],"0533":[{"pref":"佐賀県","city":"佐賀市","town":"富士町大串"}],"0532":[{"pref":"佐賀県","city":"佐賀市","town":"富士町大野"}],"0521":[{"pref":"佐賀県","city":"佐賀市","town":"富士町小副川"}],"0511":[{"pref":"佐賀県","city":"佐賀市","town":"富士町鎌原"}],"0545":[{"pref":"佐賀県","city":"佐賀市","town":"富士町上合瀬"}],"0512":[{"pref":"佐賀県","city":"佐賀市","town":"富士町上熊川"}],"0536":[{"pref":"佐賀県","city":"佐賀市","town":"富士町上無津呂"}],"0531":[{"pref":"佐賀県","city":"佐賀市","town":"富士町栗並"}],"0543":[{"pref":"佐賀県","city":"佐賀市","town":"富士町古場"}],"0544":[{"pref":"佐賀県","city":"佐賀市","town":"富士町下合瀬"}],"0513":[{"pref":"佐賀県","city":"佐賀市","town":"富士町下熊川"}],"0535":[{"pref":"佐賀県","city":"佐賀市","town":"富士町下無津呂"}],"0502":[{"pref":"佐賀県","city":"佐賀市","town":"富士町杉山"}],"0541":[{"pref":"佐賀県","city":"佐賀市","town":"富士町関屋"}],"0504":[{"pref":"佐賀県","city":"佐賀市","town":"富士町苣木"}],"0534":[{"pref":"佐賀県","city":"佐賀市","town":"富士町中原"}],"0522":[{"pref":"佐賀県","city":"佐賀市","town":"富士町畑瀬"}],"0542":[{"pref":"佐賀県","city":"佐賀市","town":"富士町藤瀬"}],"0501":[{"pref":"佐賀県","city":"佐賀市","town":"富士町古湯"}],"0515":[{"pref":"佐賀県","city":"佐賀市","town":"富士町松瀬"}],"0537":[{"pref":"佐賀県","city":"佐賀市","town":"富士町麻那古"}],"0832":[{"pref":"佐賀県","city":"佐賀市","town":"堀川町"}],"0025":[{"pref":"佐賀県","city":"佐賀市","town":"本庄町鹿子"}],"0027":[{"pref":"佐賀県","city":"佐賀市","town":"本庄町本庄"}],"0026":[{"pref":"佐賀県","city":"佐賀市","town":"本庄町正里"}],"0024":[{"pref":"佐賀県","city":"佐賀市","town":"本庄町末次"}],"0023":[{"pref":"佐賀県","city":"佐賀市","town":"本庄町袋"}],"0831":[{"pref":"佐賀県","city":"佐賀市","town":"松原"}],"0054":[{"pref":"佐賀県","city":"佐賀市","town":"水ケ江"}],"0841":[{"pref":"佐賀県","city":"佐賀市","town":"緑小路"}],"0016":[{"pref":"佐賀県","city":"佐賀市","town":"南佐賀"}],"0854":[{"pref":"佐賀県","city":"佐賀市","town":"八戸"}],"0823":[{"pref":"佐賀県","city":"佐賀市","town":"柳町"}],"0212":[{"pref":"佐賀県","city":"佐賀市","town":"大和町池上"}],"0203":[{"pref":"佐賀県","city":"佐賀市","town":"大和町梅野"}],"0214":[{"pref":"佐賀県","city":"佐賀市","town":"大和町川上"}],"0202":[{"pref":"佐賀県","city":"佐賀市","town":"大和町久池井"}],"0213":[{"pref":"佐賀県","city":"佐賀市","town":"大和町久留間"}],"0205":[{"pref":"佐賀県","city":"佐賀市","town":"大和町名尾"}],"0201":[{"pref":"佐賀県","city":"佐賀市","town":"大和町尼寺"}],"0215":[{"pref":"佐賀県","city":"佐賀市","town":"大和町八反原"}],"0211":[{"pref":"佐賀県","city":"佐賀市","town":"大和町東山田"}],"0204":[{"pref":"佐賀県","city":"佐賀市","town":"大和町松瀬"}],"0047":[{"pref":"佐賀県","city":"佐賀市","town":"与賀町"}],"0845":[{"pref":"佐賀県","city":"佐賀市","town":"六座町"}]}