{"0000":[{"pref":"秋田県","city":"由利本荘市","town":"以下に掲載がない場合"}],"0023":[{"pref":"秋田県","city":"由利本荘市","town":"赤田"}],"0836":[{"pref":"秋田県","city":"由利本荘市","town":"赤沼下"}],"0079":[{"pref":"秋田県","city":"由利本荘市","town":"赤沼下道"}],"0071":[{"pref":"秋田県","city":"由利本荘市","town":"赤沼町"}],"0034":[{"pref":"秋田県","city":"由利本荘市","town":"芦川"}],"0084":[{"pref":"秋田県","city":"由利本荘市","town":"鮎瀬"}],"0065":[{"pref":"秋田県","city":"由利本荘市","town":"荒町"}],"0892":[{"pref":"秋田県","city":"由利本荘市","town":"蟻山"}],"0301":[{"pref":"秋田県","city":"由利本荘市","town":"飯沢"}],"0311":[{"pref":"秋田県","city":"由利本荘市","town":"五十土"}],"0012":[{"pref":"秋田県","city":"由利本荘市","town":"石脇（田尻）"}],"0013":[{"pref":"秋田県","city":"由利本荘市","town":"石脇（田尻野）"}],"0014":[{"pref":"秋田県","city":"由利本荘市","town":"石脇（山ノ神）"}],"0011":[{"pref":"秋田県","city":"由利本荘市","town":"石脇（その他）"}],"0823":[{"pref":"秋田県","city":"由利本荘市","town":"和泉町"}],"0852":[{"pref":"秋田県","city":"由利本荘市","town":"一番堰"}],"0876":[{"pref":"秋田県","city":"由利本荘市","town":"井戸尻"}],"0834":[{"pref":"秋田県","city":"由利本荘市","town":"岩渕下"}],"0814":[{"pref":"秋田県","city":"由利本荘市","town":"後町"}],"0022":[{"pref":"秋田県","city":"由利本荘市","town":"内黒瀬"}],"0024":[{"pref":"秋田県","city":"由利本荘市","town":"内越"}],"0042":[{"pref":"秋田県","city":"由利本荘市","town":"埋田"}],"0072":[{"pref":"秋田県","city":"由利本荘市","town":"裏尾崎町"}],"0094":[{"pref":"秋田県","city":"由利本荘市","town":"上野"}],"0856":[{"pref":"秋田県","city":"由利本荘市","town":"円正脇"}],"0864":[{"pref":"秋田県","city":"由利本荘市","town":"大鍬町"}],"0093":[{"pref":"秋田県","city":"由利本荘市","town":"大沢"}],"0868":[{"pref":"秋田県","city":"由利本荘市","town":"大堤下"}],"0062":[{"pref":"秋田県","city":"由利本荘市","town":"大中ノ沢"}],"0816":[{"pref":"秋田県","city":"由利本荘市","town":"大町"}],"0312":[{"pref":"秋田県","city":"由利本荘市","town":"大水口"}],"0091":[{"pref":"秋田県","city":"由利本荘市","town":"大簗"}],"0021":[{"pref":"秋田県","city":"由利本荘市","town":"大浦"}],"0811":[{"pref":"秋田県","city":"由利本荘市","town":"桶屋町"}],"0871":[{"pref":"秋田県","city":"由利本荘市","town":"尾崎"}],"0802":[{"pref":"秋田県","city":"由利本荘市","town":"表尾崎町"}],"0035":[{"pref":"秋田県","city":"由利本荘市","town":"親川"}],"0812":[{"pref":"秋田県","city":"由利本荘市","town":"鍛治町"}],"0826":[{"pref":"秋田県","city":"由利本荘市","town":"片町"}],"0321":[{"pref":"秋田県","city":"由利本荘市","town":"蟹沢"}],"0066":[{"pref":"秋田県","city":"由利本荘市","town":"金山"}],"0854":[{"pref":"秋田県","city":"由利本荘市","town":"上大野"}],"0085":[{"pref":"秋田県","city":"由利本荘市","town":"烏川"}],"0051":[{"pref":"秋田県","city":"由利本荘市","town":"川口"}],"0331":[{"pref":"秋田県","city":"由利本荘市","town":"川西"}],"0872":[{"pref":"秋田県","city":"由利本荘市","town":"瓦谷地"}],"0825":[{"pref":"秋田県","city":"由利本荘市","town":"観音町"}],"0878":[{"pref":"秋田県","city":"由利本荘市","town":"観音森"}],"0831":[{"pref":"秋田県","city":"由利本荘市","town":"北裏地"}],"0069":[{"pref":"秋田県","city":"由利本荘市","town":"北ノ股"}],"0884":[{"pref":"秋田県","city":"由利本荘市","town":"狐森"}],"0874":[{"pref":"秋田県","city":"由利本荘市","town":"給人町"}],"0881":[{"pref":"秋田県","city":"由利本荘市","town":"切通"}],"0045":[{"pref":"秋田県","city":"由利本荘市","town":"葛法"}],"0302":[{"pref":"秋田県","city":"由利本荘市","town":"久保田"}],"0361":[{"pref":"秋田県","city":"由利本荘市","town":"黒沢"}],"0883":[{"pref":"秋田県","city":"由利本荘市","town":"下地ケ沢"}],"0313":[{"pref":"秋田県","city":"由利本荘市","town":"小菅野"}],"0862":[{"pref":"秋田県","city":"由利本荘市","town":"小人町"}],"0891":[{"pref":"秋田県","city":"由利本荘市","town":"小防ケ沢"}],"0861":[{"pref":"秋田県","city":"由利本荘市","town":"御門"}],"0887":[{"pref":"秋田県","city":"由利本荘市","town":"今野谷地"}],"0821":[{"pref":"秋田県","city":"由利本荘市","town":"肴町"}],"0074":[{"pref":"秋田県","city":"由利本荘市","town":"桜小路"}],"0073":[{"pref":"秋田県","city":"由利本荘市","town":"笹道"}],"0889":[{"pref":"秋田県","city":"由利本荘市","town":"砂糖畑"}],"0067":[{"pref":"秋田県","city":"由利本荘市","town":"三条"}],"0841":[{"pref":"秋田県","city":"由利本荘市","town":"下大野"}],"0832":[{"pref":"秋田県","city":"由利本荘市","town":"下川原中島"}],"0322":[{"pref":"秋田県","city":"由利本荘市","town":"新上条"}],"0303":[{"pref":"秋田県","city":"由利本荘市","town":"陳ケ森"}],"0888":[{"pref":"秋田県","city":"由利本荘市","town":"新組町"}],"0033":[{"pref":"秋田県","city":"由利本荘市","town":"神沢"}],"0869":[{"pref":"秋田県","city":"由利本荘市","town":"陣場岱"}],"0833":[{"pref":"秋田県","city":"由利本荘市","town":"巣組"}],"0875":[{"pref":"秋田県","city":"由利本荘市","town":"砂子下"}],"0351":[{"pref":"秋田県","city":"由利本荘市","town":"堰口"}],"0840":[{"pref":"秋田県","city":"由利本荘市","town":"瀬越場"}],"0867":[{"pref":"秋田県","city":"由利本荘市","town":"千刈"}],"0081":[{"pref":"秋田県","city":"由利本荘市","town":"雪車町"}],"0808":[{"pref":"秋田県","city":"由利本荘市","town":"大門"}],"0083":[{"pref":"秋田県","city":"由利本荘市","town":"滝ノ沢"}],"0086":[{"pref":"秋田県","city":"由利本荘市","town":"舘"}],"0063":[{"pref":"秋田県","city":"由利本荘市","town":"舘前"}],"0804":[{"pref":"秋田県","city":"由利本荘市","town":"谷山小路"}],"0822":[{"pref":"秋田県","city":"由利本荘市","town":"田町"}],"0044":[{"pref":"秋田県","city":"由利本荘市","town":"玉ノ池"}],"0504":[{"pref":"秋田県","city":"由利本荘市","town":"鳥海町上川内"}],"0721":[{"pref":"秋田県","city":"由利本荘市","town":"鳥海町上笹子"}],"0515":[{"pref":"秋田県","city":"由利本荘市","town":"鳥海町上直根"}],"0503":[{"pref":"秋田県","city":"由利本荘市","town":"鳥海町栗沢"}],"0505":[{"pref":"秋田県","city":"由利本荘市","town":"鳥海町小川"}],"0511":[{"pref":"秋田県","city":"由利本荘市","town":"鳥海町戈之神"}],"0512":[{"pref":"秋田県","city":"由利本荘市","town":"鳥海町猿倉"}],"0502":[{"pref":"秋田県","city":"由利本荘市","town":"鳥海町下川内"}],"0722":[{"pref":"秋田県","city":"由利本荘市","town":"鳥海町下笹子"}],"0513":[{"pref":"秋田県","city":"由利本荘市","town":"鳥海町下直根"}],"0514":[{"pref":"秋田県","city":"由利本荘市","town":"鳥海町中直根"}],"0501":[{"pref":"秋田県","city":"由利本荘市","town":"鳥海町伏見"}],"0516":[{"pref":"秋田県","city":"由利本荘市","town":"鳥海町百宅"}],"0886":[{"pref":"秋田県","city":"由利本荘市","town":"調練場"}],"0323":[{"pref":"秋田県","city":"由利本荘市","town":"土倉"}],"0054":[{"pref":"秋田県","city":"由利本荘市","town":"土谷（谷地）"}],"0055":[{"pref":"秋田県","city":"由利本荘市","town":"土谷（その他）"}],"0866":[{"pref":"秋田県","city":"由利本荘市","town":"堤脇"}],"0873":[{"pref":"秋田県","city":"由利本荘市","town":"鶴沼"}],"0842":[{"pref":"秋田県","city":"由利本荘市","town":"出戸上野"}],"0837":[{"pref":"秋田県","city":"由利本荘市","town":"出戸町（赤沼下道）"}],"0857":[{"pref":"秋田県","city":"由利本荘市","town":"寺後"}],"0061":[{"pref":"秋田県","city":"由利本荘市","town":"二十六木"}],"0089":[{"pref":"秋田県","city":"由利本荘市","town":"鳥田目"}],"0803":[{"pref":"秋田県","city":"由利本荘市","town":"中竪町"}],"0851":[{"pref":"秋田県","city":"由利本荘市","town":"中梵天"}],"0817":[{"pref":"秋田県","city":"由利本荘市","town":"中町"}],"0807":[{"pref":"秋田県","city":"由利本荘市","town":"中横町"}],"0865":[{"pref":"秋田県","city":"由利本荘市","town":"西大鍬町"}],"0882":[{"pref":"秋田県","city":"由利本荘市","town":"西小人町"}],"0352":[{"pref":"秋田県","city":"由利本荘市","town":"西沢"}],"0858":[{"pref":"秋田県","city":"由利本荘市","town":"西梵天"}],"0855":[{"pref":"秋田県","city":"由利本荘市","town":"二番堰"}],"0877":[{"pref":"秋田県","city":"由利本荘市","town":"濡浜北"}],"0052":[{"pref":"秋田県","city":"由利本荘市","town":"畑谷"}],"0835":[{"pref":"秋田県","city":"由利本荘市","town":"八幡下"}],"0075":[{"pref":"秋田県","city":"由利本荘市","town":"花畑町"}],"0031":[{"pref":"秋田県","city":"由利本荘市","town":"浜三川"}],"0827":[{"pref":"秋田県","city":"由利本荘市","town":"浜ノ町"}],"0362":[{"pref":"秋田県","city":"由利本荘市","town":"東鮎川"}],"0314":[{"pref":"秋田県","city":"由利本荘市","town":"東中沢"}],"0843":[{"pref":"秋田県","city":"由利本荘市","town":"東梵天"}],"0076":[{"pref":"秋田県","city":"由利本荘市","town":"東町"}],"0211":[{"pref":"秋田県","city":"由利本荘市","town":"東由利老方"}],"0202":[{"pref":"秋田県","city":"由利本荘市","town":"東由利蔵"}],"0231":[{"pref":"秋田県","city":"由利本荘市","town":"東由利黒渕"}],"0241":[{"pref":"秋田県","city":"由利本荘市","town":"東由利宿"}],"0242":[{"pref":"秋田県","city":"由利本荘市","town":"東由利杉森"}],"0232":[{"pref":"秋田県","city":"由利本荘市","town":"東由利田代"}],"0221":[{"pref":"秋田県","city":"由利本荘市","town":"東由利舘合"}],"0201":[{"pref":"秋田県","city":"由利本荘市","town":"東由利法内"}],"0813":[{"pref":"秋田県","city":"由利本荘市","town":"日役町"}],"0353":[{"pref":"秋田県","city":"由利本荘市","town":"平石"}],"0053":[{"pref":"秋田県","city":"由利本荘市","town":"福山"}],"0047":[{"pref":"秋田県","city":"由利本荘市","town":"藤崎"}],"0046":[{"pref":"秋田県","city":"由利本荘市","town":"船岡"}],"0890":[{"pref":"秋田県","city":"由利本荘市","town":"船ケ台"}],"0863":[{"pref":"秋田県","city":"由利本荘市","town":"不戻沢"}],"0839":[{"pref":"秋田県","city":"由利本荘市","town":"古川端"}],"0824":[{"pref":"秋田県","city":"由利本荘市","town":"古雪町"}],"0809":[{"pref":"秋田県","city":"由利本荘市","town":"本荘"}],"0077":[{"pref":"秋田県","city":"由利本荘市","town":"本田仲町"}],"0838":[{"pref":"秋田県","city":"由利本荘市","town":"梵天谷地"}],"0341":[{"pref":"秋田県","city":"由利本荘市","town":"前郷"}],"0304":[{"pref":"秋田県","city":"由利本荘市","town":"曲沢"}],"0363":[{"pref":"秋田県","city":"由利本荘市","town":"町村"}],"0853":[{"pref":"秋田県","city":"由利本荘市","town":"松街道"}],"0032":[{"pref":"秋田県","city":"由利本荘市","town":"松ケ崎"}],"0064":[{"pref":"秋田県","city":"由利本荘市","town":"万願寺"}],"0801":[{"pref":"秋田県","city":"由利本荘市","town":"美倉町"}],"0885":[{"pref":"秋田県","city":"由利本荘市","town":"水林"}],"0068":[{"pref":"秋田県","city":"由利本荘市","town":"南ノ股"}],"0364":[{"pref":"秋田県","city":"由利本荘市","town":"南福田"}],"0043":[{"pref":"秋田県","city":"由利本荘市","town":"宮内"}],"0082":[{"pref":"秋田県","city":"由利本荘市","town":"宮沢"}],"0332":[{"pref":"秋田県","city":"由利本荘市","town":"森子"}],"0088":[{"pref":"秋田県","city":"由利本荘市","town":"柳生"}],"0041":[{"pref":"秋田県","city":"由利本荘市","town":"薬師堂"}],"0418":[{"pref":"秋田県","city":"由利本荘市","town":"矢島町荒沢"}],"0412":[{"pref":"秋田県","city":"由利本荘市","town":"矢島町川辺"}],"0413":[{"pref":"秋田県","city":"由利本荘市","town":"矢島町木在"}],"0416":[{"pref":"秋田県","city":"由利本荘市","town":"矢島町坂之下"}],"0411":[{"pref":"秋田県","city":"由利本荘市","town":"矢島町城内"}],"0415":[{"pref":"秋田県","city":"由利本荘市","town":"矢島町新荘"}],"0414":[{"pref":"秋田県","city":"由利本荘市","town":"矢島町立石"}],"0403":[{"pref":"秋田県","city":"由利本荘市","town":"矢島町舘町"}],"0401":[{"pref":"秋田県","city":"由利本荘市","town":"矢島町田中町"}],"0404":[{"pref":"秋田県","city":"由利本荘市","town":"矢島町七日町"}],"0417":[{"pref":"秋田県","city":"由利本荘市","town":"矢島町元町"}],"0402":[{"pref":"秋田県","city":"由利本荘市","town":"矢島町矢島町"}],"0078":[{"pref":"秋田県","city":"由利本荘市","town":"谷地町"}],"0243":[{"pref":"秋田県","city":"由利本荘市","town":"山内（三ツ方森）"}],"0092":[{"pref":"秋田県","city":"由利本荘市","town":"山内（その他）"}],"0025":[{"pref":"秋田県","city":"由利本荘市","town":"山田"}],"0333":[{"pref":"秋田県","city":"由利本荘市","town":"山本"}],"0087":[{"pref":"秋田県","city":"由利本荘市","town":"湯沢"}],"0324":[{"pref":"秋田県","city":"由利本荘市","town":"吉沢"}],"0815":[{"pref":"秋田県","city":"由利本荘市","town":"猟師町"}]}