{"1201":[{"pref":"山梨県","city":"甲州市","town":"大和町木賊"}],"1202":[{"pref":"山梨県","city":"甲州市","town":"大和町田野"}],"1203":[{"pref":"山梨県","city":"甲州市","town":"大和町初鹿野"}],"1204":[{"pref":"山梨県","city":"甲州市","town":"大和町日影"}],"1205":[{"pref":"山梨県","city":"甲州市","town":"大和町鶴瀬"}],"1211":[{"pref":"山梨県","city":"甲州市","town":"塩山上萩原（４０５１、４７８３、４７８４、すずらん荘、東電上部ダム）"}],"1212":[{"pref":"山梨県","city":"甲州市","town":"塩山中萩原（日川小屋）"}],"1213":[{"pref":"山梨県","city":"甲州市","town":"塩山牛奥（５５３２～５５５０、奥野田開拓、嵯峨塩開拓、嵯峨塩温泉）"}],"1301":[{"pref":"山梨県","city":"甲州市","town":"勝沼町中原"}],"1302":[{"pref":"山梨県","city":"甲州市","town":"勝沼町菱山"}],"1303":[{"pref":"山梨県","city":"甲州市","town":"勝沼町小佐手"}],"1304":[{"pref":"山梨県","city":"甲州市","town":"勝沼町休息"}],"1305":[{"pref":"山梨県","city":"甲州市","town":"勝沼町綿塚"}],"1306":[{"pref":"山梨県","city":"甲州市","town":"勝沼町山"}],"1311":[{"pref":"山梨県","city":"甲州市","town":"勝沼町深沢"}],"1312":[{"pref":"山梨県","city":"甲州市","town":"勝沼町上岩崎"}],"1313":[{"pref":"山梨県","city":"甲州市","town":"勝沼町下岩崎"}],"1314":[{"pref":"山梨県","city":"甲州市","town":"勝沼町藤井"}],"1315":[{"pref":"山梨県","city":"甲州市","town":"勝沼町等々力"}],"1316":[{"pref":"山梨県","city":"甲州市","town":"勝沼町勝沼"}],"1321":[{"pref":"山梨県","city":"甲州市","town":"塩山牛奥（５２８８、５２８８－１、５２８８－３、５２８９、５２８９"},{"pref":"山梨県","city":"甲州市","town":"－２、５２８９－１５）"}],"1501":[{"pref":"山梨県","city":"北杜市","town":"大泉町西井出（その他）"}],"1502":[{"pref":"山梨県","city":"北杜市","town":"大泉町谷戸"}],"2100":[{"pref":"山梨県","city":"南巨摩郡南部町","town":"以下に掲載がない場合"}],"2101":[{"pref":"山梨県","city":"南巨摩郡南部町","town":"楮根"}],"2102":[{"pref":"山梨県","city":"南巨摩郡南部町","town":"福士"}],"2103":[{"pref":"山梨県","city":"南巨摩郡南部町","town":"万沢"}],"2211":[{"pref":"山梨県","city":"南巨摩郡南部町","town":"中野"}],"2212":[{"pref":"山梨県","city":"南巨摩郡南部町","town":"南部"}],"2213":[{"pref":"山梨県","city":"南巨摩郡南部町","town":"大和"}],"2214":[{"pref":"山梨県","city":"南巨摩郡南部町","town":"塩沢"}],"2215":[{"pref":"山梨県","city":"南巨摩郡南部町","town":"柳島"}],"2216":[{"pref":"山梨県","city":"南巨摩郡南部町","town":"成島"}],"2217":[{"pref":"山梨県","city":"南巨摩郡南部町","town":"本郷"}],"2301":[{"pref":"山梨県","city":"南巨摩郡南部町","town":"上佐野"}],"2302":[{"pref":"山梨県","city":"南巨摩郡南部町","town":"下佐野"}],"2303":[{"pref":"山梨県","city":"南巨摩郡南部町","town":"十島"}],"2304":[{"pref":"山梨県","city":"南巨摩郡南部町","town":"井出"}],"2305":[{"pref":"山梨県","city":"南巨摩郡南部町","town":"内船"}],"2401":[{"pref":"山梨県","city":"南巨摩郡身延町","town":"上八木沢"}],"2402":[{"pref":"山梨県","city":"南巨摩郡身延町","town":"下八木沢"}],"2403":[{"pref":"山梨県","city":"南巨摩郡身延町","town":"帯金"}],"2404":[{"pref":"山梨県","city":"南巨摩郡身延町","town":"大垈"}],"2405":[{"pref":"山梨県","city":"南巨摩郡身延町","town":"椿草里"}],"2406":[{"pref":"山梨県","city":"南巨摩郡身延町","town":"大崩"}],"2411":[{"pref":"山梨県","city":"南巨摩郡身延町","town":"丸滝"}],"2412":[{"pref":"山梨県","city":"南巨摩郡身延町","town":"角打"}],"2413":[{"pref":"山梨県","city":"南巨摩郡身延町","town":"和田"}],"2414":[{"pref":"山梨県","city":"南巨摩郡身延町","town":"樋之上"}],"2415":[{"pref":"山梨県","city":"南巨摩郡身延町","town":"大島"}],"2500":[{"pref":"山梨県","city":"南巨摩郡身延町","town":"以下に掲載がない場合"}],"2521":[{"pref":"山梨県","city":"南巨摩郡身延町","town":"粟倉"}],"2522":[{"pref":"山梨県","city":"南巨摩郡身延町","town":"下山"}],"2523":[{"pref":"山梨県","city":"南巨摩郡身延町","town":"波木井"}],"2524":[{"pref":"山梨県","city":"南巨摩郡身延町","town":"身延"}],"2531":[{"pref":"山梨県","city":"南巨摩郡身延町","town":"梅平"}],"2532":[{"pref":"山梨県","city":"南巨摩郡身延町","town":"大野"}],"2533":[{"pref":"山梨県","city":"南巨摩郡身延町","town":"清子"}],"2534":[{"pref":"山梨県","city":"南巨摩郡身延町","town":"光子沢"}],"2535":[{"pref":"山梨県","city":"南巨摩郡身延町","town":"横根中"}],"2536":[{"pref":"山梨県","city":"南巨摩郡身延町","town":"相又"}],"2537":[{"pref":"山梨県","city":"南巨摩郡身延町","town":"大城"}],"2538":[{"pref":"山梨県","city":"南巨摩郡身延町","town":"門野"}],"2539":[{"pref":"山梨県","city":"南巨摩郡身延町","town":"小田船原"}],"2700":[{"pref":"山梨県","city":"南巨摩郡早川町","town":"以下に掲載がない場合"}],"2701":[{"pref":"山梨県","city":"南巨摩郡早川町","town":"奈良田"}],"2702":[{"pref":"山梨県","city":"南巨摩郡早川町","town":"湯島"}],"2703":[{"pref":"山梨県","city":"南巨摩郡早川町","town":"新倉"}],"2704":[{"pref":"山梨県","city":"南巨摩郡早川町","town":"大原野"}],"2705":[{"pref":"山梨県","city":"南巨摩郡早川町","town":"早川"}],"2711":[{"pref":"山梨県","city":"南巨摩郡早川町","town":"黒桂"}],"2712":[{"pref":"山梨県","city":"南巨摩郡早川町","town":"西之宮"}],"2713":[{"pref":"山梨県","city":"南巨摩郡早川町","town":"保"}],"2714":[{"pref":"山梨県","city":"南巨摩郡早川町","town":"草塩"}],"2715":[{"pref":"山梨県","city":"南巨摩郡早川町","town":"京ケ島"}],"2721":[{"pref":"山梨県","city":"南巨摩郡早川町","town":"塩之上"}],"2722":[{"pref":"山梨県","city":"南巨摩郡早川町","town":"笹走"}],"2723":[{"pref":"山梨県","city":"南巨摩郡早川町","town":"榑坪"}],"2724":[{"pref":"山梨県","city":"南巨摩郡早川町","town":"初鹿島"}],"2725":[{"pref":"山梨県","city":"南巨摩郡早川町","town":"小縄"}],"2726":[{"pref":"山梨県","city":"南巨摩郡早川町","town":"千須和"}],"2727":[{"pref":"山梨県","city":"南巨摩郡早川町","town":"薬袋"}],"2731":[{"pref":"山梨県","city":"南巨摩郡早川町","town":"大島"}],"2732":[{"pref":"山梨県","city":"南巨摩郡早川町","town":"高住"}],"2733":[{"pref":"山梨県","city":"南巨摩郡早川町","town":"赤沢"}],"2734":[{"pref":"山梨県","city":"南巨摩郡早川町","town":"雨畑"}],"2931":[{"pref":"山梨県","city":"南巨摩郡身延町","town":"北川"}],"2932":[{"pref":"山梨県","city":"南巨摩郡身延町","town":"杉山"}],"2933":[{"pref":"山梨県","city":"南巨摩郡身延町","town":"岩欠"}],"2934":[{"pref":"山梨県","city":"南巨摩郡身延町","town":"大炊平"}],"2935":[{"pref":"山梨県","city":"南巨摩郡身延町","town":"清沢"}],"2936":[{"pref":"山梨県","city":"南巨摩郡身延町","town":"常葉"}],"2937":[{"pref":"山梨県","city":"南巨摩郡身延町","town":"一色"}],"2938":[{"pref":"山梨県","city":"南巨摩郡身延町","town":"市之瀬"}],"2941":[{"pref":"山梨県","city":"南巨摩郡身延町","town":"湯之奥"}],"2942":[{"pref":"山梨県","city":"南巨摩郡身延町","town":"下部"}],"2943":[{"pref":"山梨県","city":"南巨摩郡身延町","town":"川向"}],"2944":[{"pref":"山梨県","city":"南巨摩郡身延町","town":"桃ケ窪"}],"2945":[{"pref":"山梨県","city":"南巨摩郡身延町","town":"波高島"}],"2946":[{"pref":"山梨県","city":"南巨摩郡身延町","town":"大子"}],"2947":[{"pref":"山梨県","city":"南巨摩郡身延町","town":"上之平"}],"3101":[{"pref":"山梨県","city":"南巨摩郡身延町","town":"折門"}],"3102":[{"pref":"山梨県","city":"南巨摩郡身延町","town":"八坂"}],"3103":[{"pref":"山梨県","city":"南巨摩郡身延町","town":"根子"}],"3104":[{"pref":"山梨県","city":"南巨摩郡身延町","town":"中之倉"}],"3105":[{"pref":"山梨県","city":"南巨摩郡身延町","town":"釜額"}],"3106":[{"pref":"山梨県","city":"南巨摩郡身延町","town":"古関"}],"3107":[{"pref":"山梨県","city":"南巨摩郡身延町","town":"瀬戸"}],"3111":[{"pref":"山梨県","city":"南巨摩郡身延町","town":"大磯小磯"}],"3112":[{"pref":"山梨県","city":"南巨摩郡身延町","town":"芝草"}],"3113":[{"pref":"山梨県","city":"南巨摩郡身延町","town":"水船"}],"3114":[{"pref":"山梨県","city":"南巨摩郡身延町","town":"道"}],"3115":[{"pref":"山梨県","city":"南巨摩郡身延町","town":"切房木"}],"3116":[{"pref":"山梨県","city":"南巨摩郡身延町","town":"車田"}],"3117":[{"pref":"山梨県","city":"南巨摩郡身延町","town":"三沢"}],"3118":[{"pref":"山梨県","city":"南巨摩郡身延町","town":"上田原"}],"3121":[{"pref":"山梨県","city":"南巨摩郡身延町","town":"大山"}],"3122":[{"pref":"山梨県","city":"南巨摩郡身延町","town":"久保"}],"3123":[{"pref":"山梨県","city":"南巨摩郡身延町","town":"熊沢"}],"3124":[{"pref":"山梨県","city":"南巨摩郡身延町","town":"樋田"}],"3125":[{"pref":"山梨県","city":"南巨摩郡身延町","town":"嶺"}],"3126":[{"pref":"山梨県","city":"南巨摩郡身延町","town":"山家"}],"3231":[{"pref":"山梨県","city":"西八代郡市川三郷町","town":"落居"}],"3232":[{"pref":"山梨県","city":"西八代郡市川三郷町","town":"寺所"}],"3233":[{"pref":"山梨県","city":"西八代郡市川三郷町","town":"五八"}],"3234":[{"pref":"山梨県","city":"西八代郡市川三郷町","town":"岩下"}],"3241":[{"pref":"山梨県","city":"西八代郡市川三郷町","town":"葛籠沢"}],"3242":[{"pref":"山梨県","city":"西八代郡市川三郷町","town":"宮原"}],"3243":[{"pref":"山梨県","city":"西八代郡市川三郷町","town":"鴨狩津向"}],"3244":[{"pref":"山梨県","city":"西八代郡市川三郷町","town":"岩間"}],"3245":[{"pref":"山梨県","city":"西八代郡市川三郷町","town":"楠甫"}],"3301":[{"pref":"山梨県","city":"南巨摩郡身延町","town":"西嶋"}],"3302":[{"pref":"山梨県","city":"南巨摩郡身延町","town":"手打沢"}],"3303":[{"pref":"山梨県","city":"南巨摩郡身延町","town":"寺沢"}],"3304":[{"pref":"山梨県","city":"南巨摩郡身延町","town":"切石"}],"3305":[{"pref":"山梨県","city":"南巨摩郡身延町","town":"下田原"}],"3306":[{"pref":"山梨県","city":"南巨摩郡身延町","town":"夜子沢"}],"3307":[{"pref":"山梨県","city":"南巨摩郡身延町","town":"日向南沢"}],"3311":[{"pref":"山梨県","city":"南巨摩郡身延町","town":"大塩"}],"3312":[{"pref":"山梨県","city":"南巨摩郡身延町","town":"久成"}],"3313":[{"pref":"山梨県","city":"南巨摩郡身延町","town":"平須"}],"3421":[{"pref":"山梨県","city":"南巨摩郡身延町","town":"八日市場"}],"3422":[{"pref":"山梨県","city":"南巨摩郡身延町","town":"宮木"}],"3423":[{"pref":"山梨県","city":"南巨摩郡身延町","town":"飯富"}],"3424":[{"pref":"山梨県","city":"南巨摩郡身延町","town":"伊沼"}],"3431":[{"pref":"山梨県","city":"南巨摩郡身延町","town":"矢細工"}],"3432":[{"pref":"山梨県","city":"南巨摩郡身延町","town":"中山"}],"3433":[{"pref":"山梨県","city":"南巨摩郡身延町","town":"遅沢"}],"3434":[{"pref":"山梨県","city":"南巨摩郡身延町","town":"江尻窪"}],"3435":[{"pref":"山梨県","city":"南巨摩郡身延町","town":"梨子"}],"3436":[{"pref":"山梨県","city":"南巨摩郡身延町","town":"福原"}],"3437":[{"pref":"山梨県","city":"南巨摩郡身延町","town":"古長谷"}],"3600":[{"pref":"山梨県","city":"西八代郡市川三郷町","town":"以下に掲載がない場合"}],"3601":[{"pref":"山梨県","city":"西八代郡市川三郷町","town":"市川大門"}],"3602":[{"pref":"山梨県","city":"西八代郡市川三郷町","town":"山保"}],"3603":[{"pref":"山梨県","city":"西八代郡市川三郷町","town":"黒沢"}],"3604":[{"pref":"山梨県","city":"西八代郡市川三郷町","town":"八之尻"}],"3605":[{"pref":"山梨県","city":"西八代郡市川三郷町","town":"下大鳥居"}],"3606":[{"pref":"山梨県","city":"西八代郡市川三郷町","town":"高田"}],"3607":[{"pref":"山梨県","city":"西八代郡市川三郷町","town":"印沢"}],"3611":[{"pref":"山梨県","city":"西八代郡市川三郷町","town":"大塚"}],"3612":[{"pref":"山梨県","city":"西八代郡市川三郷町","town":"上野"}],"3621":[{"pref":"山梨県","city":"西八代郡市川三郷町","town":"下芦川"}],"3622":[{"pref":"山梨県","city":"西八代郡市川三郷町","town":"三帳"}],"3623":[{"pref":"山梨県","city":"西八代郡市川三郷町","town":"高萩"}],"3624":[{"pref":"山梨県","city":"西八代郡市川三郷町","town":"垈"}],"3625":[{"pref":"山梨県","city":"西八代郡市川三郷町","town":"中山"}],"3626":[{"pref":"山梨県","city":"西八代郡市川三郷町","town":"畑熊"}],"3701":[{"pref":"山梨県","city":"笛吹市","town":"芦川町上芦川"}],"3702":[{"pref":"山梨県","city":"笛吹市","town":"芦川町新井原"}],"3703":[{"pref":"山梨県","city":"笛吹市","town":"芦川町中芦川"}],"3704":[{"pref":"山梨県","city":"笛吹市","town":"芦川町鶯宿"}],"3711":[{"pref":"山梨県","city":"甲府市","town":"梯町"}],"3712":[{"pref":"山梨県","city":"甲府市","town":"古関町"}],"3800":[{"pref":"山梨県","city":"中央市","town":"以下に掲載がない場合"},{"pref":"山梨県","city":"中巨摩郡昭和町","town":"以下に掲載がない場合"}],"3801":[{"pref":"山梨県","city":"中央市","town":"中楯"}],"3802":[{"pref":"山梨県","city":"中央市","town":"西新居"}],"3803":[{"pref":"山梨県","city":"中央市","town":"若宮"}],"3804":[{"pref":"山梨県","city":"中央市","town":"井之口"}],"3811":[{"pref":"山梨県","city":"中央市","town":"極楽寺"}],"3812":[{"pref":"山梨県","city":"中央市","town":"乙黒"}],"3813":[{"pref":"山梨県","city":"中央市","town":"一町畑"}],"3814":[{"pref":"山梨県","city":"中央市","town":"町之田"}],"3815":[{"pref":"山梨県","city":"中央市","town":"成島"}],"3821":[{"pref":"山梨県","city":"中央市","town":"下河東"}],"3822":[{"pref":"山梨県","city":"中央市","town":"下三條"}],"3823":[{"pref":"山梨県","city":"中央市","town":"上三條"}],"3831":[{"pref":"山梨県","city":"中央市","town":"大田和"}],"3832":[{"pref":"山梨県","city":"中央市","town":"馬籠"}],"3833":[{"pref":"山梨県","city":"中央市","town":"藤巻"}],"3834":[{"pref":"山梨県","city":"中央市","town":"今福"}],"3835":[{"pref":"山梨県","city":"中央市","town":"今福新田"}],"3841":[{"pref":"山梨県","city":"中央市","town":"布施"}],"3842":[{"pref":"山梨県","city":"中央市","town":"東花輪"}],"3843":[{"pref":"山梨県","city":"中央市","town":"西花輪"}],"3844":[{"pref":"山梨県","city":"中央市","town":"臼井阿原"}],"3845":[{"pref":"山梨県","city":"中央市","town":"山之神"}],"3851":[{"pref":"山梨県","city":"中巨摩郡昭和町","town":"河西"}],"3852":[{"pref":"山梨県","city":"中巨摩郡昭和町","town":"飯喰"}],"3853":[{"pref":"山梨県","city":"中巨摩郡昭和町","town":"築地新居"}],"3854":[{"pref":"山梨県","city":"中巨摩郡昭和町","town":"築地新田"}],"3861":[{"pref":"山梨県","city":"中巨摩郡昭和町","town":"紙漉阿原"}],"3862":[{"pref":"山梨県","city":"中巨摩郡昭和町","town":"上河東"}],"3863":[{"pref":"山梨県","city":"中巨摩郡昭和町","town":"河東中島"}],"3864":[{"pref":"山梨県","city":"中巨摩郡昭和町","town":"押越"}],"3865":[{"pref":"山梨県","city":"中巨摩郡昭和町","town":"西条新田"}],"3866":[{"pref":"山梨県","city":"中巨摩郡昭和町","town":"西条"}],"3867":[{"pref":"山梨県","city":"中巨摩郡昭和町","town":"清水新居"}],"0615":[{"pref":"山梨県","city":"大月市","town":"猿橋町朝日小沢"}],"0613":[{"pref":"山梨県","city":"大月市","town":"猿橋町伊良原"}],"0616":[{"pref":"山梨県","city":"大月市","town":"猿橋町小沢"}],"0611":[{"pref":"山梨県","city":"大月市","town":"猿橋町小篠"}],"0618":[{"pref":"山梨県","city":"大月市","town":"猿橋町桂台"}],"0614":[{"pref":"山梨県","city":"大月市","town":"猿橋町猿橋"}],"0617":[{"pref":"山梨県","city":"大月市","town":"猿橋町殿上"}],"0612":[{"pref":"山梨県","city":"大月市","town":"猿橋町藤崎"}],"0502":[{"pref":"山梨県","city":"大月市","town":"富浜町鳥沢"}],"0501":[{"pref":"山梨県","city":"大月市","town":"富浜町宮谷"}],"0621":[{"pref":"山梨県","city":"大月市","town":"七保町浅川"}],"0623":[{"pref":"山梨県","city":"大月市","town":"七保町葛野"}],"0627":[{"pref":"山梨県","city":"大月市","town":"七保町駒宮"}],"0622":[{"pref":"山梨県","city":"大月市","town":"七保町下和田"}],"0626":[{"pref":"山梨県","city":"大月市","town":"七保町瀬戸"}],"0625":[{"pref":"山梨県","city":"大月市","town":"七保町奈良子"}],"0624":[{"pref":"山梨県","city":"大月市","town":"七保町林"}],"0504":[{"pref":"山梨県","city":"大月市","town":"梁川町新倉"}],"0505":[{"pref":"山梨県","city":"大月市","town":"梁川町塩瀬"}],"0506":[{"pref":"山梨県","city":"大月市","town":"梁川町立野"}],"0503":[{"pref":"山梨県","city":"大月市","town":"梁川町綱の上"}],"0100":[{"pref":"山梨県","city":"上野原市","town":"以下に掲載がない場合"}],"0135":[{"pref":"山梨県","city":"上野原市","town":"芦垣"}],"0113":[{"pref":"山梨県","city":"上野原市","town":"新田"}],"0124":[{"pref":"山梨県","city":"上野原市","town":"犬目"}],"0112":[{"pref":"山梨県","city":"上野原市","town":"上野原"}],"0134":[{"pref":"山梨県","city":"上野原市","town":"大椚"}],"0138":[{"pref":"山梨県","city":"上野原市","town":"大倉"}],"0131":[{"pref":"山梨県","city":"上野原市","town":"大曽根"}],"0123":[{"pref":"山梨県","city":"上野原市","town":"大野"}],"0122":[{"pref":"山梨県","city":"上野原市","town":"川合"}],"0136":[{"pref":"山梨県","city":"上野原市","town":"桑久保"}],"0126":[{"pref":"山梨県","city":"上野原市","town":"コモアしおつ"}],"0141":[{"pref":"山梨県","city":"上野原市","town":"西原"}],"0121":[{"pref":"山梨県","city":"上野原市","town":"四方津"}],"0132":[{"pref":"山梨県","city":"上野原市","town":"鶴川"}],"0114":[{"pref":"山梨県","city":"上野原市","town":"鶴島"}],"0125":[{"pref":"山梨県","city":"上野原市","town":"野田尻"}],"0115":[{"pref":"山梨県","city":"上野原市","town":"松留"}],"0133":[{"pref":"山梨県","city":"上野原市","town":"八ツ沢"}],"0111":[{"pref":"山梨県","city":"上野原市","town":"棡原"}],"0137":[{"pref":"山梨県","city":"上野原市","town":"和見"}],"0200":[{"pref":"山梨県","city":"北都留郡小菅村","town":"以下に掲載がない場合"}],"0142":[{"pref":"山梨県","city":"北都留郡小菅村","town":"小菅村（１～６６３）"}],"0211":[{"pref":"山梨県","city":"北都留郡小菅村","town":"小菅村（６６４以上）"}],"0300":[{"pref":"山梨県","city":"北都留郡丹波山村","town":"以下に掲載がない場合"}],"0301":[{"pref":"山梨県","city":"北都留郡丹波山村","town":"奥秋"}],"0306":[{"pref":"山梨県","city":"北都留郡丹波山村","town":"押垣外"}],"0314":[{"pref":"山梨県","city":"北都留郡丹波山村","town":"御祭"}],"0313":[{"pref":"山梨県","city":"北都留郡丹波山村","town":"親川"}],"0302":[{"pref":"山梨県","city":"北都留郡丹波山村","town":"上組"}],"0318":[{"pref":"山梨県","city":"北都留郡丹波山村","town":"鴨沢"}],"0317":[{"pref":"山梨県","city":"北都留郡丹波山村","town":"小袖"}],"0304":[{"pref":"山梨県","city":"北都留郡丹波山村","town":"下組"}],"0315":[{"pref":"山梨県","city":"北都留郡丹波山村","town":"杉奈久保"}],"0305":[{"pref":"山梨県","city":"北都留郡丹波山村","town":"高尾"}],"0312":[{"pref":"山梨県","city":"北都留郡丹波山村","town":"高畑"}],"0316":[{"pref":"山梨県","city":"北都留郡丹波山村","town":"所畑"}],"0303":[{"pref":"山梨県","city":"北都留郡丹波山村","town":"中組"}],"0311":[{"pref":"山梨県","city":"北都留郡丹波山村","town":"保之瀬"}]}