{"0000":[{"pref":"愛知県","city":"名古屋市昭和区","town":"以下に掲載がない場合"}],"0003":[{"pref":"愛知県","city":"名古屋市昭和区","town":"曙町"}],"0027":[{"pref":"愛知県","city":"名古屋市昭和区","town":"阿由知通"}],"0844":[{"pref":"愛知県","city":"名古屋市昭和区","town":"荒田町"}],"0805":[{"pref":"愛知県","city":"名古屋市昭和区","town":"伊勝町"}],"0043":[{"pref":"愛知県","city":"名古屋市昭和区","town":"池端町"}],"0023":[{"pref":"愛知県","city":"名古屋市昭和区","town":"石仏町"}],"0047":[{"pref":"愛知県","city":"名古屋市昭和区","town":"永金町"}],"0037":[{"pref":"愛知県","city":"名古屋市昭和区","town":"恵方町"}],"0054":[{"pref":"愛知県","city":"名古屋市昭和区","town":"円上町"}],"0858":[{"pref":"愛知県","city":"名古屋市昭和区","town":"折戸町"}],"0802":[{"pref":"愛知県","city":"名古屋市昭和区","town":"神村町"}],"0836":[{"pref":"愛知県","city":"名古屋市昭和区","town":"上山町"}],"0856":[{"pref":"愛知県","city":"名古屋市昭和区","town":"川名町"}],"0855":[{"pref":"愛知県","city":"名古屋市昭和区","town":"川名本町"}],"0827":[{"pref":"愛知県","city":"名古屋市昭和区","town":"川名山町"}],"0853":[{"pref":"愛知県","city":"名古屋市昭和区","town":"川原通"}],"0843":[{"pref":"愛知県","city":"名古屋市昭和区","town":"菊園町"}],"0006":[{"pref":"愛知県","city":"名古屋市昭和区","town":"北山町"}],"0016":[{"pref":"愛知県","city":"名古屋市昭和区","town":"北山本町"}],"0001":[{"pref":"愛知県","city":"名古屋市昭和区","town":"車田町"}],"0031":[{"pref":"愛知県","city":"名古屋市昭和区","town":"紅梅町"}],"0051":[{"pref":"愛知県","city":"名古屋市昭和区","town":"御器所"}],"0061":[{"pref":"愛知県","city":"名古屋市昭和区","town":"御器所町"}],"0015":[{"pref":"愛知県","city":"名古屋市昭和区","town":"御器所通"}],"0838":[{"pref":"愛知県","city":"名古屋市昭和区","town":"五軒家町"}],"0021":[{"pref":"愛知県","city":"名古屋市昭和区","town":"小坂町"}],"0012":[{"pref":"愛知県","city":"名古屋市昭和区","town":"小桜町"}],"0832":[{"pref":"愛知県","city":"名古屋市昭和区","town":"駒方町"}],"0044":[{"pref":"愛知県","city":"名古屋市昭和区","town":"桜山町"}],"0022":[{"pref":"愛知県","city":"名古屋市昭和区","town":"塩付通"}],"0837":[{"pref":"愛知県","city":"名古屋市昭和区","town":"汐見町"}],"0025":[{"pref":"愛知県","city":"名古屋市昭和区","town":"下構町"}],"0058":[{"pref":"愛知県","city":"名古屋市昭和区","town":"白金"}],"0033":[{"pref":"愛知県","city":"名古屋市昭和区","town":"台町"}],"0801":[{"pref":"愛知県","city":"名古屋市昭和区","town":"田面町"}],"0057":[{"pref":"愛知県","city":"名古屋市昭和区","town":"高辻町"}],"0811":[{"pref":"愛知県","city":"名古屋市昭和区","town":"高峯町"}],"0826":[{"pref":"愛知県","city":"名古屋市昭和区","town":"滝川町"}],"0053":[{"pref":"愛知県","city":"名古屋市昭和区","town":"滝子町"}],"0055":[{"pref":"愛知県","city":"名古屋市昭和区","town":"滝子通"}],"0842":[{"pref":"愛知県","city":"名古屋市昭和区","town":"檀溪通"}],"0011":[{"pref":"愛知県","city":"名古屋市昭和区","town":"鶴羽町"}],"0064":[{"pref":"愛知県","city":"名古屋市昭和区","town":"鶴舞"}],"0065":[{"pref":"愛知県","city":"名古屋市昭和区","town":"鶴舞町"}],"0041":[{"pref":"愛知県","city":"名古屋市昭和区","town":"出口町"}],"0032":[{"pref":"愛知県","city":"名古屋市昭和区","town":"天神町"}],"0056":[{"pref":"愛知県","city":"名古屋市昭和区","town":"東郊通"}],"0026":[{"pref":"愛知県","city":"名古屋市昭和区","town":"陶生町"}],"0014":[{"pref":"愛知県","city":"名古屋市昭和区","town":"東畑町"}],"0846":[{"pref":"愛知県","city":"名古屋市昭和区","town":"戸田町"}],"0847":[{"pref":"愛知県","city":"名古屋市昭和区","town":"長池町"}],"0848":[{"pref":"愛知県","city":"名古屋市昭和区","town":"長戸町"}],"0806":[{"pref":"愛知県","city":"名古屋市昭和区","town":"西畑町"}],"0852":[{"pref":"愛知県","city":"名古屋市昭和区","town":"萩原町"}],"0062":[{"pref":"愛知県","city":"名古屋市昭和区","town":"狭間町"}],"0831":[{"pref":"愛知県","city":"名古屋市昭和区","town":"花見通"}],"0833":[{"pref":"愛知県","city":"名古屋市昭和区","town":"隼人町"}],"0042":[{"pref":"愛知県","city":"名古屋市昭和区","town":"広池町"}],"0834":[{"pref":"愛知県","city":"名古屋市昭和区","town":"広路町"}],"0854":[{"pref":"愛知県","city":"名古屋市昭和区","town":"広路通"}],"0841":[{"pref":"愛知県","city":"名古屋市昭和区","town":"広路本町"}],"0004":[{"pref":"愛知県","city":"名古屋市昭和区","town":"広瀬町"}],"0046":[{"pref":"愛知県","city":"名古屋市昭和区","town":"広見町"}],"0002":[{"pref":"愛知県","city":"名古屋市昭和区","town":"吹上町"}],"0059":[{"pref":"愛知県","city":"名古屋市昭和区","town":"福江"}],"0803":[{"pref":"愛知県","city":"名古屋市昭和区","town":"福原町"}],"0845":[{"pref":"愛知県","city":"名古屋市昭和区","town":"藤成通"}],"0821":[{"pref":"愛知県","city":"名古屋市昭和区","town":"前山町"}],"0035":[{"pref":"愛知県","city":"名古屋市昭和区","town":"松風町"}],"0045":[{"pref":"愛知県","city":"名古屋市昭和区","town":"丸屋町"}],"0013":[{"pref":"愛知県","city":"名古屋市昭和区","town":"緑町"}],"0835":[{"pref":"愛知県","city":"名古屋市昭和区","town":"南山町"}],"0849":[{"pref":"愛知県","city":"名古屋市昭和区","town":"南分町"}],"0804":[{"pref":"愛知県","city":"名古屋市昭和区","town":"宮東町"}],"0814":[{"pref":"愛知県","city":"名古屋市昭和区","town":"妙見町"}],"0829":[{"pref":"愛知県","city":"名古屋市昭和区","town":"向山町"}],"0052":[{"pref":"愛知県","city":"名古屋市昭和区","town":"村雲町"}],"0034":[{"pref":"愛知県","city":"名古屋市昭和区","town":"明月町"}],"0851":[{"pref":"愛知県","city":"名古屋市昭和区","town":"元宮町"}],"0823":[{"pref":"愛知県","city":"名古屋市昭和区","town":"八雲町"}],"0812":[{"pref":"愛知県","city":"名古屋市昭和区","town":"八事富士見"}],"0825":[{"pref":"愛知県","city":"名古屋市昭和区","town":"八事本町"}],"0857":[{"pref":"愛知県","city":"名古屋市昭和区","town":"安田通"}],"0824":[{"pref":"愛知県","city":"名古屋市昭和区","town":"山里町"}],"0024":[{"pref":"愛知県","city":"名古屋市昭和区","town":"大和町"}],"0828":[{"pref":"愛知県","city":"名古屋市昭和区","town":"山中町"}],"0815":[{"pref":"愛知県","city":"名古屋市昭和区","town":"山手通"}],"0807":[{"pref":"愛知県","city":"名古屋市昭和区","town":"山花町"}],"0063":[{"pref":"愛知県","city":"名古屋市昭和区","town":"山脇町"}],"0005":[{"pref":"愛知県","city":"名古屋市昭和区","town":"雪見町"}],"0822":[{"pref":"愛知県","city":"名古屋市昭和区","town":"楽園町"}],"0036":[{"pref":"愛知県","city":"名古屋市昭和区","town":"若柳町"}]}