{"0000":[{"pref":"鹿児島県","city":"鹿児島市","town":"以下に掲載がない場合"},{"pref":"鹿児島県","city":"鹿児島郡三島村","town":"以下に掲載がない場合"}],"0054":[{"pref":"鹿児島県","city":"鹿児島市","town":"荒田"}],"0008":[{"pref":"鹿児島県","city":"鹿児島市","town":"伊敷"}],"0007":[{"pref":"鹿児島県","city":"鹿児島市","town":"伊敷台"}],"0003":[{"pref":"鹿児島県","city":"鹿児島市","town":"伊敷町（その他）"}],"0055":[{"pref":"鹿児島県","city":"鹿児島市","town":"上荒田町"}],"0052":[{"pref":"鹿児島県","city":"鹿児島市","town":"上之園町"}],"0073":[{"pref":"鹿児島県","city":"鹿児島市","town":"宇宿"}],"0074":[{"pref":"鹿児島県","city":"鹿児島市","town":"宇宿町"}],"0021":[{"pref":"鹿児島県","city":"鹿児島市","town":"小野"}],"0022":[{"pref":"鹿児島県","city":"鹿児島市","town":"小野町（その他）"}],"0063":[{"pref":"鹿児島県","city":"鹿児島市","town":"鴨池"}],"0064":[{"pref":"鹿児島県","city":"鹿児島市","town":"鴨池新町"}],"0038":[{"pref":"鹿児島県","city":"鹿児島市","town":"向陽"}],"0051":[{"pref":"鹿児島県","city":"鹿児島市","town":"高麗町"}],"0065":[{"pref":"鹿児島県","city":"鹿児島市","town":"郡元"}],"0084":[{"pref":"鹿児島県","city":"鹿児島市","town":"郡元町"}],"0075":[{"pref":"鹿児島県","city":"鹿児島市","town":"桜ケ丘（７、８丁目）"}],"0071":[{"pref":"鹿児島県","city":"鹿児島市","town":"三和町"}],"0056":[{"pref":"鹿児島県","city":"鹿児島市","town":"下荒田"}],"0005":[{"pref":"鹿児島県","city":"鹿児島市","town":"下伊敷"}],"0004":[{"pref":"鹿児島県","city":"鹿児島市","town":"下伊敷町"}],"0041":[{"pref":"鹿児島県","city":"鹿児島市","town":"城西"}],"0013":[{"pref":"鹿児島県","city":"鹿児島市","town":"城山（１丁目）"}],"0072":[{"pref":"鹿児島県","city":"鹿児島市","town":"新栄町"}],"0016":[{"pref":"鹿児島県","city":"鹿児島市","town":"新照院町"}],"0032":[{"pref":"鹿児島県","city":"鹿児島市","town":"西陵"}],"0001":[{"pref":"鹿児島県","city":"鹿児島市","town":"千年"}],"0014":[{"pref":"鹿児島県","city":"鹿児島市","town":"草牟田"}],"0015":[{"pref":"鹿児島県","city":"鹿児島市","town":"草牟田町"}],"0043":[{"pref":"鹿児島県","city":"鹿児島市","town":"鷹師"}],"0034":[{"pref":"鹿児島県","city":"鹿児島市","town":"田上"}],"0036":[{"pref":"鹿児島県","city":"鹿児島市","town":"田上台"}],"0035":[{"pref":"鹿児島県","city":"鹿児島市","town":"田上町"}],"0045":[{"pref":"鹿児島県","city":"鹿児島市","town":"武"}],"0031":[{"pref":"鹿児島県","city":"鹿児島市","town":"武岡"}],"0011":[{"pref":"鹿児島県","city":"鹿児島市","town":"玉里団地（１丁目）"}],"0012":[{"pref":"鹿児島県","city":"鹿児島市","town":"玉里町"}],"0076":[{"pref":"鹿児島県","city":"鹿児島市","town":"中央港新町"}],"0053":[{"pref":"鹿児島県","city":"鹿児島市","town":"中央町"}],"0061":[{"pref":"鹿児島県","city":"鹿児島市","town":"天保山町"}],"0047":[{"pref":"鹿児島県","city":"鹿児島市","town":"常盤"}],"0044":[{"pref":"鹿児島県","city":"鹿児島市","town":"常盤町"}],"0081":[{"pref":"鹿児島県","city":"鹿児島市","town":"唐湊"}],"0023":[{"pref":"鹿児島県","city":"鹿児島市","town":"永吉"}],"0002":[{"pref":"鹿児島県","city":"鹿児島市","town":"西伊敷（１～４丁目）"}],"0046":[{"pref":"鹿児島県","city":"鹿児島市","town":"西田"}],"0033":[{"pref":"鹿児島県","city":"鹿児島市","town":"西別府町"}],"0083":[{"pref":"鹿児島県","city":"鹿児島市","town":"西紫原町"}],"0026":[{"pref":"鹿児島県","city":"鹿児島市","town":"原良"}],"0025":[{"pref":"鹿児島県","city":"鹿児島市","town":"原良町"}],"0068":[{"pref":"鹿児島県","city":"鹿児島市","town":"東郡元町"}],"0086":[{"pref":"鹿児島県","city":"鹿児島市","town":"日之出町"}],"0037":[{"pref":"鹿児島県","city":"鹿児島市","town":"広木"}],"0066":[{"pref":"鹿児島県","city":"鹿児島市","town":"真砂町"}],"0067":[{"pref":"鹿児島県","city":"鹿児島市","town":"真砂本町"}],"0069":[{"pref":"鹿児島県","city":"鹿児島市","town":"南郡元町"}],"0085":[{"pref":"鹿児島県","city":"鹿児島市","town":"南新町"}],"0082":[{"pref":"鹿児島県","city":"鹿児島市","town":"紫原"}],"0024":[{"pref":"鹿児島県","city":"鹿児島市","town":"明和"}],"0042":[{"pref":"鹿児島県","city":"鹿児島市","town":"薬師"}],"0062":[{"pref":"鹿児島県","city":"鹿児島市","town":"与次郎"}],"0006":[{"pref":"鹿児島県","city":"鹿児島市","town":"若葉町"}],"0901":[{"pref":"鹿児島県","city":"鹿児島郡三島村","town":"硫黄島"}],"0902":[{"pref":"鹿児島県","city":"鹿児島郡三島村","town":"黒島"}],"0903":[{"pref":"鹿児島県","city":"鹿児島郡三島村","town":"竹島"}]}