{"0029":[{"pref":"北海道","city":"北見市","town":"留辺蘂町旭１区"}],"0028":[{"pref":"北海道","city":"北見市","town":"留辺蘂町旭３区"}],"0025":[{"pref":"北海道","city":"北見市","town":"留辺蘂町旭北"}],"0026":[{"pref":"北海道","city":"北見市","town":"留辺蘂町旭公園"}],"0023":[{"pref":"北海道","city":"北見市","town":"留辺蘂町旭中央"}],"0027":[{"pref":"北海道","city":"北見市","town":"留辺蘂町旭西"}],"0022":[{"pref":"北海道","city":"北見市","town":"留辺蘂町旭東"}],"0024":[{"pref":"北海道","city":"北見市","town":"留辺蘂町旭南"}],"0002":[{"pref":"北海道","city":"北見市","town":"留辺蘂町東町"}],"0011":[{"pref":"北海道","city":"北見市","town":"留辺蘂町泉"}],"0031":[{"pref":"北海道","city":"北見市","town":"留辺蘂町大富"}],"0170":[{"pref":"北海道","city":"北見市","town":"留辺蘂町温根湯温泉"}],"0021":[{"pref":"北海道","city":"北見市","town":"留辺蘂町金華"}],"0004":[{"pref":"北海道","city":"北見市","town":"留辺蘂町上町"}],"0156":[{"pref":"北海道","city":"北見市","town":"留辺蘂町川北"}],"0161":[{"pref":"北海道","city":"北見市","town":"留辺蘂町厚和"}],"0033":[{"pref":"北海道","city":"北見市","town":"留辺蘂町栄町"}],"0151":[{"pref":"北海道","city":"北見市","town":"留辺蘂町昭栄"}],"0163":[{"pref":"北海道","city":"北見市","town":"留辺蘂町滝の湯"}],"0007":[{"pref":"北海道","city":"北見市","town":"留辺蘂町富岡"}],"0032":[{"pref":"北海道","city":"北見市","town":"留辺蘂町豊金"}],"0003":[{"pref":"北海道","city":"北見市","town":"留辺蘂町仲町"}],"0157":[{"pref":"北海道","city":"北見市","town":"留辺蘂町花丘"}],"0018":[{"pref":"北海道","city":"北見市","town":"留辺蘂町花園"}],"0154":[{"pref":"北海道","city":"北見市","town":"留辺蘂町平里"}],"0162":[{"pref":"北海道","city":"北見市","town":"留辺蘂町富士見"}],"0153":[{"pref":"北海道","city":"北見市","town":"留辺蘂町松山"}],"0016":[{"pref":"北海道","city":"北見市","town":"留辺蘂町丸山"}],"0017":[{"pref":"北海道","city":"北見市","town":"留辺蘂町瑞穂"}],"0008":[{"pref":"北海道","city":"北見市","town":"留辺蘂町宮下町"}],"0001":[{"pref":"北海道","city":"北見市","town":"留辺蘂町元町"}],"0155":[{"pref":"北海道","city":"北見市","town":"留辺蘂町大和"}],"0553":[{"pref":"北海道","city":"常呂郡佐呂間町","town":"朝日"}],"0557":[{"pref":"北海道","city":"常呂郡佐呂間町","town":"川西"}],"0473":[{"pref":"北海道","city":"常呂郡佐呂間町","town":"共立"}],"0556":[{"pref":"北海道","city":"常呂郡佐呂間町","town":"啓生"}],"0472":[{"pref":"北海道","city":"常呂郡佐呂間町","town":"栄"}],"0471":[{"pref":"北海道","city":"常呂郡佐呂間町","town":"大成"}],"0558":[{"pref":"北海道","city":"常呂郡佐呂間町","town":"栃木"}],"0552":[{"pref":"北海道","city":"常呂郡佐呂間町","town":"富丘"}],"0555":[{"pref":"北海道","city":"常呂郡佐呂間町","town":"中園"}],"0554":[{"pref":"北海道","city":"常呂郡佐呂間町","town":"武士"}],"0551":[{"pref":"北海道","city":"常呂郡佐呂間町","town":"若佐"}]}