{"0000":[{"pref":"山梨県","city":"韮崎市","town":"以下に掲載がない場合"}],"0045":[{"pref":"山梨県","city":"韮崎市","town":"旭町上條中割"}],"0046":[{"pref":"山梨県","city":"韮崎市","town":"旭町上條南割"}],"0044":[{"pref":"山梨県","city":"韮崎市","town":"旭町上條北割"}],"0263":[{"pref":"山梨県","city":"韮崎市","town":"穴山町"}],"0012":[{"pref":"山梨県","city":"韮崎市","town":"岩下"}],"0011":[{"pref":"山梨県","city":"韮崎市","town":"上ノ山"}],"0036":[{"pref":"山梨県","city":"韮崎市","town":"大草町上條東割"}],"0035":[{"pref":"山梨県","city":"韮崎市","town":"大草町下條西割"}],"0034":[{"pref":"山梨県","city":"韮崎市","town":"大草町下條中割"}],"0037":[{"pref":"山梨県","city":"韮崎市","town":"大草町若尾"}],"0007":[{"pref":"山梨県","city":"韮崎市","town":"上祖母石"}],"0042":[{"pref":"山梨県","city":"韮崎市","town":"神山町北宮地"}],"0041":[{"pref":"山梨県","city":"韮崎市","town":"神山町武田"}],"0043":[{"pref":"山梨県","city":"韮崎市","town":"神山町鍋山"}],"0025":[{"pref":"山梨県","city":"韮崎市","town":"栄"}],"0006":[{"pref":"山梨県","city":"韮崎市","town":"下祖母石"}],"0022":[{"pref":"山梨県","city":"韮崎市","town":"水神"}],"0055":[{"pref":"山梨県","city":"韮崎市","town":"清哲町青木"}],"0054":[{"pref":"山梨県","city":"韮崎市","town":"清哲町折居"}],"0057":[{"pref":"山梨県","city":"韮崎市","town":"清哲町樋口"}],"0058":[{"pref":"山梨県","city":"韮崎市","town":"清哲町水上"}],"0032":[{"pref":"山梨県","city":"韮崎市","town":"龍岡町下條東割"}],"0033":[{"pref":"山梨県","city":"韮崎市","town":"龍岡町下條南割"}],"0031":[{"pref":"山梨県","city":"韮崎市","town":"龍岡町若尾新田"}],"0023":[{"pref":"山梨県","city":"韮崎市","town":"中央町"}],"0013":[{"pref":"山梨県","city":"韮崎市","town":"中島"}],"0261":[{"pref":"山梨県","city":"韮崎市","town":"中田町小田川"}],"0262":[{"pref":"山梨県","city":"韮崎市","town":"中田町中條"}],"0005":[{"pref":"山梨県","city":"韮崎市","town":"一ツ谷"}],"0001":[{"pref":"山梨県","city":"韮崎市","town":"藤井町駒井"}],"0002":[{"pref":"山梨県","city":"韮崎市","town":"藤井町坂井"}],"0004":[{"pref":"山梨県","city":"韮崎市","town":"藤井町南下條"}],"0003":[{"pref":"山梨県","city":"韮崎市","town":"藤井町北下條"}],"0014":[{"pref":"山梨県","city":"韮崎市","town":"富士見"}],"0021":[{"pref":"山梨県","city":"韮崎市","town":"富士見ケ丘"}],"0172":[{"pref":"山梨県","city":"韮崎市","town":"穂坂町上今井"}],"0176":[{"pref":"山梨県","city":"韮崎市","town":"穂坂町三之蔵"}],"0173":[{"pref":"山梨県","city":"韮崎市","town":"穂坂町長久保"}],"0174":[{"pref":"山梨県","city":"韮崎市","town":"穂坂町三ツ沢"}],"0175":[{"pref":"山梨県","city":"韮崎市","town":"穂坂町宮久保"}],"0171":[{"pref":"山梨県","city":"韮崎市","town":"穂坂町柳平"}],"0024":[{"pref":"山梨県","city":"韮崎市","town":"本町"}],"0051":[{"pref":"山梨県","city":"韮崎市","town":"円野町上円井"}],"0052":[{"pref":"山梨県","city":"韮崎市","town":"円野町下円井"}],"0053":[{"pref":"山梨県","city":"韮崎市","town":"円野町入戸野"}],"0015":[{"pref":"山梨県","city":"韮崎市","town":"若宮"}],"0311":[{"pref":"山梨県","city":"北杜市","town":"大泉町西井出８２４０－１（美森、たかね荘、清泉寮、サンメドウズスキー場）"}],"0321":[{"pref":"山梨県","city":"北杜市","town":"須玉町上津金"}],"0322":[{"pref":"山梨県","city":"北杜市","town":"須玉町下津金"}],"0302":[{"pref":"山梨県","city":"北杜市","town":"高根町浅川"}],"0301":[{"pref":"山梨県","city":"北杜市","town":"高根町清里"}]}