{"0000":[{"pref":"埼玉県","city":"新座市","town":"以下に掲載がない場合"}],"0021":[{"pref":"埼玉県","city":"新座市","town":"あたご"}],"0015":[{"pref":"埼玉県","city":"新座市","town":"池田"}],"0033":[{"pref":"埼玉県","city":"新座市","town":"石神"}],"0004":[{"pref":"埼玉県","city":"新座市","town":"大和田"}],"0025":[{"pref":"埼玉県","city":"新座市","town":"片山"}],"0003":[{"pref":"埼玉県","city":"新座市","town":"北野"}],"0035":[{"pref":"埼玉県","city":"新座市","town":"栗原"}],"0014":[{"pref":"埼玉県","city":"新座市","town":"栄"}],"0032":[{"pref":"埼玉県","city":"新座市","town":"新堀"}],"0017":[{"pref":"埼玉県","city":"新座市","town":"菅沢"}],"0024":[{"pref":"埼玉県","city":"新座市","town":"道場"}],"0001":[{"pref":"埼玉県","city":"新座市","town":"東北"}],"0005":[{"pref":"埼玉県","city":"新座市","town":"中野"}],"0006":[{"pref":"埼玉県","city":"新座市","town":"新座"}],"0013":[{"pref":"埼玉県","city":"新座市","town":"新塚"}],"0031":[{"pref":"埼玉県","city":"新座市","town":"西堀"}],"0034":[{"pref":"埼玉県","city":"新座市","town":"野寺"}],"0011":[{"pref":"埼玉県","city":"新座市","town":"野火止"}],"0012":[{"pref":"埼玉県","city":"新座市","town":"畑中"}],"0016":[{"pref":"埼玉県","city":"新座市","town":"馬場"}],"0002":[{"pref":"埼玉県","city":"新座市","town":"東"}],"0023":[{"pref":"埼玉県","city":"新座市","town":"堀ノ内"}],"0022":[{"pref":"埼玉県","city":"新座市","town":"本多"}]}