{"0000":[{"pref":"北海道","city":"名寄市","town":"以下に掲載がない場合"}],"0075":[{"pref":"北海道","city":"名寄市","town":"曙"}],"0061":[{"pref":"北海道","city":"名寄市","town":"朝日"}],"0010":[{"pref":"北海道","city":"名寄市","town":"大通南"}],"0030":[{"pref":"北海道","city":"名寄市","town":"大通北"}],"0065":[{"pref":"北海道","city":"名寄市","town":"大橋"}],"0073":[{"pref":"北海道","city":"名寄市","town":"共和"}],"0064":[{"pref":"北海道","city":"名寄市","town":"旭東"}],"0071":[{"pref":"北海道","city":"名寄市","town":"徳田"}],"0076":[{"pref":"北海道","city":"名寄市","town":"砺波"}],"0078":[{"pref":"北海道","city":"名寄市","town":"内淵"}],"0011":[{"pref":"北海道","city":"名寄市","town":"西一条南"}],"0031":[{"pref":"北海道","city":"名寄市","town":"西一条北"}],"0012":[{"pref":"北海道","city":"名寄市","town":"西二条南"}],"0032":[{"pref":"北海道","city":"名寄市","town":"西二条北"}],"0013":[{"pref":"北海道","city":"名寄市","town":"西三条南"}],"0033":[{"pref":"北海道","city":"名寄市","town":"西三条北"}],"0014":[{"pref":"北海道","city":"名寄市","town":"西四条南"}],"0034":[{"pref":"北海道","city":"名寄市","town":"西四条北"}],"0015":[{"pref":"北海道","city":"名寄市","town":"西五条南"}],"0035":[{"pref":"北海道","city":"名寄市","town":"西五条北"}],"0016":[{"pref":"北海道","city":"名寄市","town":"西六条南"}],"0036":[{"pref":"北海道","city":"名寄市","town":"西六条北"}],"0017":[{"pref":"北海道","city":"名寄市","town":"西七条南"}],"0037":[{"pref":"北海道","city":"名寄市","town":"西七条北"}],"0018":[{"pref":"北海道","city":"名寄市","town":"西八条南"}],"0038":[{"pref":"北海道","city":"名寄市","town":"西八条北"}],"0019":[{"pref":"北海道","city":"名寄市","town":"西九条南"}],"0039":[{"pref":"北海道","city":"名寄市","town":"西九条北"}],"0020":[{"pref":"北海道","city":"名寄市","town":"西十条南"}],"0040":[{"pref":"北海道","city":"名寄市","town":"西十条北"}],"0021":[{"pref":"北海道","city":"名寄市","town":"西十一条南"}],"0041":[{"pref":"北海道","city":"名寄市","town":"西十一条北"}],"0022":[{"pref":"北海道","city":"名寄市","town":"西十二条南"}],"0042":[{"pref":"北海道","city":"名寄市","town":"西十二条北"}],"0023":[{"pref":"北海道","city":"名寄市","town":"西十三条南"}],"0043":[{"pref":"北海道","city":"名寄市","town":"西十三条北"}],"0024":[{"pref":"北海道","city":"名寄市","town":"西十四条南"}],"0025":[{"pref":"北海道","city":"名寄市","town":"西十五条南"}],"0062":[{"pref":"北海道","city":"名寄市","town":"日彰"}],"0066":[{"pref":"北海道","city":"名寄市","town":"日進"}],"0001":[{"pref":"北海道","city":"名寄市","town":"東一条南"}],"0051":[{"pref":"北海道","city":"名寄市","town":"東一条北"}],"0002":[{"pref":"北海道","city":"名寄市","town":"東二条南"}],"0052":[{"pref":"北海道","city":"名寄市","town":"東二条北"}],"0003":[{"pref":"北海道","city":"名寄市","town":"東三条南"}],"0053":[{"pref":"北海道","city":"名寄市","town":"東三条北"}],"0004":[{"pref":"北海道","city":"名寄市","town":"東四条南"}],"0054":[{"pref":"北海道","city":"名寄市","town":"東四条北"}],"0005":[{"pref":"北海道","city":"名寄市","town":"東五条南"}],"0055":[{"pref":"北海道","city":"名寄市","town":"東五条北"}],"0006":[{"pref":"北海道","city":"名寄市","town":"東六条南"}],"0056":[{"pref":"北海道","city":"名寄市","town":"東六条北"}],"0007":[{"pref":"北海道","city":"名寄市","town":"東七条南"}],"0008":[{"pref":"北海道","city":"名寄市","town":"東八条南"}],"0009":[{"pref":"北海道","city":"名寄市","town":"東九条南"}],"0072":[{"pref":"北海道","city":"名寄市","town":"豊栄"}],"0077":[{"pref":"北海道","city":"名寄市","town":"瑞穂"}],"0063":[{"pref":"北海道","city":"名寄市","town":"緑丘"}],"0074":[{"pref":"北海道","city":"名寄市","town":"弥生"}]}