{"0053":[{"pref":"福井県","city":"坂井市","town":"三国町青葉台"}],"0022":[{"pref":"福井県","city":"坂井市","town":"三国町油屋"}],"0063":[{"pref":"福井県","city":"坂井市","town":"三国町安島（東尋坊）"}],"0064":[{"pref":"福井県","city":"坂井市","town":"三国町安島（その他）"}],"0001":[{"pref":"福井県","city":"坂井市","town":"三国町池上"}],"0024":[{"pref":"福井県","city":"坂井市","town":"三国町池見"}],"0023":[{"pref":"福井県","city":"坂井市","town":"三国町石丸"}],"0052":[{"pref":"福井県","city":"坂井市","town":"三国町運動公園"}],"0035":[{"pref":"福井県","city":"坂井市","town":"三国町沖野々"},{"pref":"福井県","city":"坂井市","town":"三国町横越"}],"0041":[{"pref":"福井県","city":"坂井市","town":"三国町覚善"}],"0061":[{"pref":"福井県","city":"坂井市","town":"三国町梶"}],"0002":[{"pref":"福井県","city":"坂井市","town":"三国町加戸"}],"0025":[{"pref":"福井県","city":"坂井市","town":"三国町川崎"}],"0046":[{"pref":"福井県","city":"坂井市","town":"三国町北本町"}],"0038":[{"pref":"福井県","city":"坂井市","town":"三国町黒目（テクノポート）"},{"pref":"福井県","city":"坂井市","town":"三国町新保（テクノポート）"},{"pref":"福井県","city":"坂井市","town":"三国町山岸（テクノポート）"},{"pref":"福井県","city":"坂井市","town":"三国町米納津（テクノポート）"}],"0037":[{"pref":"福井県","city":"坂井市","town":"三国町黒目（その他）"}],"0057":[{"pref":"福井県","city":"坂井市","town":"三国町米ケ脇"}],"0065":[{"pref":"福井県","city":"坂井市","town":"三国町崎"}],"0044":[{"pref":"福井県","city":"坂井市","town":"三国町山王"}],"0027":[{"pref":"福井県","city":"坂井市","town":"三国町汐見"}],"0033":[{"pref":"福井県","city":"坂井市","town":"三国町下野"}],"0056":[{"pref":"福井県","city":"坂井市","town":"三国町宿"}],"0062":[{"pref":"福井県","city":"坂井市","town":"三国町陣ケ岡"}],"0058":[{"pref":"福井県","city":"坂井市","town":"三国町新宿"}],"0031":[{"pref":"福井県","city":"坂井市","town":"三国町新保（その他）"}],"0047":[{"pref":"福井県","city":"坂井市","town":"三国町神明"}],"0054":[{"pref":"福井県","city":"坂井市","town":"三国町滝谷"}],"0051":[{"pref":"福井県","city":"坂井市","town":"三国町嵩"}],"0017":[{"pref":"福井県","city":"坂井市","town":"三国町竹松"}],"0042":[{"pref":"福井県","city":"坂井市","town":"三国町中央"}],"0055":[{"pref":"福井県","city":"坂井市","town":"三国町つつじが丘"}],"0014":[{"pref":"福井県","city":"坂井市","town":"三国町玉江"}],"0026":[{"pref":"福井県","city":"坂井市","town":"三国町殿島"}],"0012":[{"pref":"福井県","city":"坂井市","town":"三国町西今市"}],"0043":[{"pref":"福井県","city":"坂井市","town":"三国町錦"}],"0003":[{"pref":"福井県","city":"坂井市","town":"三国町西谷"}],"0034":[{"pref":"福井県","city":"坂井市","town":"三国町西野中"}],"0015":[{"pref":"福井県","city":"坂井市","town":"三国町野中"}],"0005":[{"pref":"福井県","city":"坂井市","town":"三国町浜地"}],"0004":[{"pref":"福井県","city":"坂井市","town":"三国町平山"}],"0013":[{"pref":"福井県","city":"坂井市","town":"三国町藤沢"}],"0016":[{"pref":"福井県","city":"坂井市","town":"三国町三国東"}],"0011":[{"pref":"福井県","city":"坂井市","town":"三国町水居"}],"0048":[{"pref":"福井県","city":"坂井市","town":"三国町緑ケ丘"}],"0045":[{"pref":"福井県","city":"坂井市","town":"三国町南本町"}],"0032":[{"pref":"福井県","city":"坂井市","town":"三国町山岸（その他）"}],"0036":[{"pref":"福井県","city":"坂井市","town":"三国町米納津（その他）"}],"0021":[{"pref":"福井県","city":"坂井市","town":"三国町楽円"}]}