{"0000":[{"pref":"山形県","city":"村山市","town":"以下に掲載がない場合"}],"0002":[{"pref":"山形県","city":"村山市","town":"五十沢"}],"0204":[{"pref":"山形県","city":"村山市","town":"稲下"}],"0113":[{"pref":"山形県","city":"村山市","town":"岩野"}],"0038":[{"pref":"山形県","city":"村山市","town":"駅西"}],"0111":[{"pref":"山形県","city":"村山市","town":"大久保"}],"0203":[{"pref":"山形県","city":"村山市","town":"大槇"}],"0054":[{"pref":"山形県","city":"村山市","town":"大淀"}],"0004":[{"pref":"山形県","city":"村山市","town":"金谷"}],"0041":[{"pref":"山形県","city":"村山市","town":"河島"}],"0056":[{"pref":"山形県","city":"村山市","town":"河島山"}],"0209":[{"pref":"山形県","city":"村山市","town":"碁点"}],"0202":[{"pref":"山形県","city":"村山市","town":"白鳥"}],"0042":[{"pref":"山形県","city":"村山市","town":"杉島"}],"0051":[{"pref":"山形県","city":"村山市","town":"田沢"}],"0025":[{"pref":"山形県","city":"村山市","town":"楯岡"}],"0032":[{"pref":"山形県","city":"村山市","town":"楯岡荒町"}],"0034":[{"pref":"山形県","city":"村山市","town":"楯岡五日町"}],"0031":[{"pref":"山形県","city":"村山市","town":"楯岡大沢川"}],"0011":[{"pref":"山形県","city":"村山市","town":"楯岡北町"}],"0018":[{"pref":"山形県","city":"村山市","town":"楯岡新高田"}],"0033":[{"pref":"山形県","city":"村山市","town":"楯岡新町"}],"0021":[{"pref":"山形県","city":"村山市","town":"楯岡楯"}],"0037":[{"pref":"山形県","city":"村山市","town":"楯岡俵町"}],"0014":[{"pref":"山形県","city":"村山市","town":"楯岡鶴ケ町"}],"0017":[{"pref":"山形県","city":"村山市","town":"楯岡十日町"}],"0036":[{"pref":"山形県","city":"村山市","town":"楯岡中町"}],"0022":[{"pref":"山形県","city":"村山市","town":"楯岡馬場"}],"0023":[{"pref":"山形県","city":"村山市","town":"楯岡東沢"}],"0024":[{"pref":"山形県","city":"村山市","town":"楯岡笛田"}],"0015":[{"pref":"山形県","city":"村山市","town":"楯岡二日町"}],"0016":[{"pref":"山形県","city":"村山市","town":"楯岡晦日町"}],"0013":[{"pref":"山形県","city":"村山市","town":"楯岡湯沢"}],"0005":[{"pref":"山形県","city":"村山市","town":"たも山"}],"0205":[{"pref":"山形県","city":"村山市","town":"樽石"}],"0035":[{"pref":"山形県","city":"村山市","town":"中央"}],"0201":[{"pref":"山形県","city":"村山市","town":"長善寺"}],"0001":[{"pref":"山形県","city":"村山市","town":"土生田"}],"0208":[{"pref":"山形県","city":"村山市","town":"富並"}],"0055":[{"pref":"山形県","city":"村山市","town":"長島"}],"0052":[{"pref":"山形県","city":"村山市","town":"名取"}],"0053":[{"pref":"山形県","city":"村山市","town":"西郷"}],"0006":[{"pref":"山形県","city":"村山市","town":"林崎"}],"0003":[{"pref":"山形県","city":"村山市","town":"本飯田"}],"0206":[{"pref":"山形県","city":"村山市","town":"山の内"}],"0207":[{"pref":"山形県","city":"村山市","town":"雪の観音郷"}],"0012":[{"pref":"山形県","city":"村山市","town":"湯沢"}],"0112":[{"pref":"山形県","city":"村山市","town":"湯野沢"}]}