{"2171":[{"pref":"長崎県","city":"五島市","town":"久賀町"}],"2172":[{"pref":"長崎県","city":"五島市","town":"蕨町"}],"2173":[{"pref":"長崎県","city":"五島市","town":"田ノ浦町"}],"2174":[{"pref":"長崎県","city":"五島市","town":"猪之木町"}],"2201":[{"pref":"長崎県","city":"五島市","town":"奈留町浦"}],"2202":[{"pref":"長崎県","city":"五島市","town":"奈留町大串"}],"2203":[{"pref":"長崎県","city":"五島市","town":"奈留町泊"}],"2204":[{"pref":"長崎県","city":"五島市","town":"奈留町船廻"}],"2301":[{"pref":"長崎県","city":"南松浦郡新上五島町","town":"若松郷"}],"2302":[{"pref":"長崎県","city":"南松浦郡新上五島町","town":"桐古里郷"}],"2303":[{"pref":"長崎県","city":"南松浦郡新上五島町","town":"宿ノ浦郷"}],"2304":[{"pref":"長崎県","city":"南松浦郡新上五島町","town":"荒川郷"}],"2305":[{"pref":"長崎県","city":"南松浦郡新上五島町","town":"西神ノ浦郷"}],"2311":[{"pref":"長崎県","city":"南松浦郡新上五島町","town":"榊ノ浦郷"}],"2312":[{"pref":"長崎県","city":"南松浦郡新上五島町","town":"日島郷"}],"2313":[{"pref":"長崎県","city":"南松浦郡新上五島町","town":"有福郷"}],"2314":[{"pref":"長崎県","city":"南松浦郡新上五島町","town":"漁生浦郷"}],"2315":[{"pref":"長崎県","city":"南松浦郡新上五島町","town":"間伏郷"}],"2481":[{"pref":"長崎県","city":"五島市","town":"伊福貴町"}],"2482":[{"pref":"長崎県","city":"五島市","town":"本窯町"}],"3101":[{"pref":"長崎県","city":"南松浦郡新上五島町","town":"奈良尾郷"}],"3102":[{"pref":"長崎県","city":"南松浦郡新上五島町","town":"岩瀬浦郷"}],"3321":[{"pref":"長崎県","city":"南松浦郡新上五島町","town":"鯛ノ浦郷"}],"3322":[{"pref":"長崎県","city":"南松浦郡新上五島町","town":"阿瀬津郷"}],"3323":[{"pref":"長崎県","city":"南松浦郡新上五島町","town":"東神ノ浦郷"}],"0000":[{"pref":"長崎県","city":"五島市","town":"以下に掲載がない場合"}],"0062":[{"pref":"長崎県","city":"五島市","town":"赤島町"}],"0018":[{"pref":"長崎県","city":"五島市","town":"池田町"}],"0006":[{"pref":"長崎県","city":"五島市","town":"江川町"}],"0061":[{"pref":"長崎県","city":"五島市","town":"黄島町"}],"0032":[{"pref":"長崎県","city":"五島市","town":"大荒町"}],"0053":[{"pref":"長崎県","city":"五島市","town":"奥浦町"}],"0025":[{"pref":"長崎県","city":"五島市","town":"小泊町"}],"0013":[{"pref":"長崎県","city":"五島市","town":"上大津町"}],"0023":[{"pref":"長崎県","city":"五島市","town":"上崎山町"}],"0702":[{"pref":"長崎県","city":"五島市","town":"岐宿町川原"}],"0701":[{"pref":"長崎県","city":"五島市","town":"岐宿町岐宿"}],"0703":[{"pref":"長崎県","city":"五島市","town":"岐宿町楠原"}],"0704":[{"pref":"長崎県","city":"五島市","town":"岐宿町河務"}],"0706":[{"pref":"長崎県","city":"五島市","town":"岐宿町唐船ノ浦"}],"0705":[{"pref":"長崎県","city":"五島市","town":"岐宿町戸岐ノ首"}],"0312":[{"pref":"長崎県","city":"五島市","town":"岐宿町中嶽"}],"0311":[{"pref":"長崎県","city":"五島市","town":"岐宿町二本楠"}],"0313":[{"pref":"長崎県","city":"五島市","town":"岐宿町松山"}],"0043":[{"pref":"長崎県","city":"五島市","town":"高田町"}],"0033":[{"pref":"長崎県","city":"五島市","town":"木場町"}],"0041":[{"pref":"長崎県","city":"五島市","town":"籠淵町"}],"0016":[{"pref":"長崎県","city":"五島市","town":"紺屋町"}],"0004":[{"pref":"長崎県","city":"五島市","town":"幸町"}],"0001":[{"pref":"長崎県","city":"五島市","town":"栄町"}],"0065":[{"pref":"長崎県","city":"五島市","town":"坂の上"}],"0011":[{"pref":"長崎県","city":"五島市","town":"下大津町"}],"0021":[{"pref":"長崎県","city":"五島市","town":"下崎山町"}],"0063":[{"pref":"長崎県","city":"五島市","town":"新港町"}],"0005":[{"pref":"長崎県","city":"五島市","town":"末広町"}],"0066":[{"pref":"長崎県","city":"五島市","town":"大円寺町"}],"0501":[{"pref":"長崎県","city":"五島市","town":"玉之浦町荒川"}],"0502":[{"pref":"長崎県","city":"五島市","town":"玉之浦町幾久山"}],"0503":[{"pref":"長崎県","city":"五島市","town":"玉之浦町小川"}],"0506":[{"pref":"長崎県","city":"五島市","town":"玉之浦町上の平"}],"0413":[{"pref":"長崎県","city":"五島市","town":"玉之浦町大宝"}],"0412":[{"pref":"長崎県","city":"五島市","town":"玉之浦町立谷"}],"0411":[{"pref":"長崎県","city":"五島市","town":"玉之浦町玉之浦"}],"0504":[{"pref":"長崎県","city":"五島市","town":"玉之浦町丹奈"}],"0507":[{"pref":"長崎県","city":"五島市","town":"玉之浦町頓泊"}],"0505":[{"pref":"長崎県","city":"五島市","town":"玉之浦町中須"}],"0508":[{"pref":"長崎県","city":"五島市","town":"玉之浦町布浦"}],"0002":[{"pref":"長崎県","city":"五島市","town":"中央町"}],"0044":[{"pref":"長崎県","city":"五島市","town":"堤町"}],"0054":[{"pref":"長崎県","city":"五島市","town":"戸岐町"}],"0205":[{"pref":"長崎県","city":"五島市","town":"富江町狩立"}],"0208":[{"pref":"長崎県","city":"五島市","town":"富江町黒島"}],"0211":[{"pref":"長崎県","city":"五島市","town":"富江町黒瀬"}],"0204":[{"pref":"長崎県","city":"五島市","town":"富江町繁敷"}],"0215":[{"pref":"長崎県","city":"五島市","town":"富江町職人"}],"0203":[{"pref":"長崎県","city":"五島市","town":"富江町田尾"}],"0213":[{"pref":"長崎県","city":"五島市","town":"富江町岳"}],"0214":[{"pref":"長崎県","city":"五島市","town":"富江町土取"}],"0201":[{"pref":"長崎県","city":"五島市","town":"富江町富江"}],"0207":[{"pref":"長崎県","city":"五島市","town":"富江町長峰"}],"0202":[{"pref":"長崎県","city":"五島市","town":"富江町松尾"}],"0212":[{"pref":"長崎県","city":"五島市","town":"富江町山下"}],"0206":[{"pref":"長崎県","city":"五島市","town":"富江町山手"}],"0012":[{"pref":"長崎県","city":"五島市","town":"長手町"}],"0003":[{"pref":"長崎県","city":"五島市","town":"錦町"}],"0024":[{"pref":"長崎県","city":"五島市","town":"野々切町"}],"0026":[{"pref":"長崎県","city":"五島市","town":"浜町"}],"0015":[{"pref":"長崎県","city":"五島市","town":"東浜町"}],"0051":[{"pref":"長崎県","city":"五島市","town":"平蔵町"}],"0007":[{"pref":"長崎県","city":"五島市","town":"福江町"}],"0017":[{"pref":"長崎県","city":"五島市","town":"武家屋敷"}],"0027":[{"pref":"長崎県","city":"五島市","town":"増田町"}],"0052":[{"pref":"長崎県","city":"五島市","town":"松山町"}],"0606":[{"pref":"長崎県","city":"五島市","town":"三井楽町丑ノ浦"}],"0602":[{"pref":"長崎県","city":"五島市","town":"三井楽町大川"}],"0604":[{"pref":"長崎県","city":"五島市","town":"三井楽町貝津"}],"0603":[{"pref":"長崎県","city":"五島市","town":"三井楽町柏"}],"0611":[{"pref":"長崎県","city":"五島市","town":"三井楽町嵯峨島"}],"0613":[{"pref":"長崎県","city":"五島市","town":"三井楽町塩水"}],"0612":[{"pref":"長崎県","city":"五島市","town":"三井楽町高崎"}],"0607":[{"pref":"長崎県","city":"五島市","town":"三井楽町嶽"}],"0608":[{"pref":"長崎県","city":"五島市","town":"三井楽町波砂間"}],"0605":[{"pref":"長崎県","city":"五島市","town":"三井楽町濱窄"}],"0601":[{"pref":"長崎県","city":"五島市","town":"三井楽町濱ノ畔"}],"0609":[{"pref":"長崎県","city":"五島市","town":"三井楽町渕ノ元"}],"0064":[{"pref":"長崎県","city":"五島市","town":"三尾野"}],"0014":[{"pref":"長崎県","city":"五島市","town":"三尾野町"}],"0022":[{"pref":"長崎県","city":"五島市","town":"向町"}],"0031":[{"pref":"長崎県","city":"五島市","town":"吉久木町"}],"0042":[{"pref":"長崎県","city":"五島市","town":"吉田町"}]}