{"0000":[{"pref":"兵庫県","city":"豊岡市","town":"以下に掲載がない場合"}],"0801":[{"pref":"兵庫県","city":"豊岡市","town":"赤石"}],"0001":[{"pref":"兵庫県","city":"豊岡市","town":"伊賀谷"}],"0261":[{"pref":"兵庫県","city":"豊岡市","town":"出石町荒木"}],"0213":[{"pref":"兵庫県","city":"豊岡市","town":"出石町伊木"}],"0207":[{"pref":"兵庫県","city":"豊岡市","town":"出石町伊豆"}],"0218":[{"pref":"兵庫県","city":"豊岡市","town":"出石町入佐"}],"0244":[{"pref":"兵庫県","city":"豊岡市","town":"出石町上野"}],"0215":[{"pref":"兵庫県","city":"豊岡市","town":"出石町魚屋"}],"0214":[{"pref":"兵庫県","city":"豊岡市","town":"出石町内町"}],"0271":[{"pref":"兵庫県","city":"豊岡市","town":"出石町大谷"}],"0201":[{"pref":"兵庫県","city":"豊岡市","town":"出石町奥小野"}],"0251":[{"pref":"兵庫県","city":"豊岡市","town":"出石町奥山"}],"0235":[{"pref":"兵庫県","city":"豊岡市","town":"出石町鍛冶屋"}],"0279":[{"pref":"兵庫県","city":"豊岡市","town":"出石町片間"}],"0255":[{"pref":"兵庫県","city":"豊岡市","town":"出石町上村"}],"0231":[{"pref":"兵庫県","city":"豊岡市","town":"出石町川原"}],"0242":[{"pref":"兵庫県","city":"豊岡市","town":"出石町桐野"}],"0202":[{"pref":"兵庫県","city":"豊岡市","town":"出石町口小野"}],"0264":[{"pref":"兵庫県","city":"豊岡市","town":"出石町暮坂"}],"0256":[{"pref":"兵庫県","city":"豊岡市","town":"出石町小人"}],"0216":[{"pref":"兵庫県","city":"豊岡市","town":"出石町材木"}],"0205":[{"pref":"兵庫県","city":"豊岡市","town":"出石町嶋"}],"0211":[{"pref":"兵庫県","city":"豊岡市","town":"出石町下谷"}],"0233":[{"pref":"兵庫県","city":"豊岡市","town":"出石町田結庄"}],"0209":[{"pref":"兵庫県","city":"豊岡市","town":"出石町田多地"}],"0212":[{"pref":"兵庫県","city":"豊岡市","town":"出石町谷山"}],"0273":[{"pref":"兵庫県","city":"豊岡市","town":"出石町坪井"}],"0257":[{"pref":"兵庫県","city":"豊岡市","town":"出石町坪口"}],"0223":[{"pref":"兵庫県","city":"豊岡市","town":"出石町鉄砲"}],"0241":[{"pref":"兵庫県","city":"豊岡市","town":"出石町寺坂"}],"0222":[{"pref":"兵庫県","city":"豊岡市","town":"出石町寺町"}],"0217":[{"pref":"兵庫県","city":"豊岡市","town":"出石町東條"}],"0272":[{"pref":"兵庫県","city":"豊岡市","town":"出石町鳥居"}],"0275":[{"pref":"兵庫県","city":"豊岡市","town":"出石町長砂"}],"0243":[{"pref":"兵庫県","city":"豊岡市","town":"出石町中野"}],"0254":[{"pref":"兵庫県","city":"豊岡市","town":"出石町中村"}],"0203":[{"pref":"兵庫県","city":"豊岡市","town":"出石町袴狭"}],"0237":[{"pref":"兵庫県","city":"豊岡市","town":"出石町馬場"}],"0246":[{"pref":"兵庫県","city":"豊岡市","town":"出石町日野辺"}],"0266":[{"pref":"兵庫県","city":"豊岡市","town":"出石町平田"}],"0238":[{"pref":"兵庫県","city":"豊岡市","town":"出石町弘原"}],"0206":[{"pref":"兵庫県","city":"豊岡市","town":"出石町福居"}],"0263":[{"pref":"兵庫県","city":"豊岡市","town":"出石町福住"}],"0265":[{"pref":"兵庫県","city":"豊岡市","town":"出石町福見"}],"0262":[{"pref":"兵庫県","city":"豊岡市","town":"出石町細見"}],"0224":[{"pref":"兵庫県","city":"豊岡市","town":"出石町本町"}],"0221":[{"pref":"兵庫県","city":"豊岡市","town":"出石町町分"}],"0236":[{"pref":"兵庫県","city":"豊岡市","town":"出石町松枝"}],"0277":[{"pref":"兵庫県","city":"豊岡市","town":"出石町丸中"}],"0278":[{"pref":"兵庫県","city":"豊岡市","town":"出石町三木"}],"0204":[{"pref":"兵庫県","city":"豊岡市","town":"出石町宮内"}],"0274":[{"pref":"兵庫県","city":"豊岡市","town":"出石町水上"}],"0276":[{"pref":"兵庫県","city":"豊岡市","town":"出石町森井"}],"0225":[{"pref":"兵庫県","city":"豊岡市","town":"出石町八木"}],"0208":[{"pref":"兵庫県","city":"豊岡市","town":"出石町安良"}],"0234":[{"pref":"兵庫県","city":"豊岡市","town":"出石町柳"}],"0245":[{"pref":"兵庫県","city":"豊岡市","town":"出石町百合"}],"0232":[{"pref":"兵庫県","city":"豊岡市","town":"出石町宵田"}],"0253":[{"pref":"兵庫県","city":"豊岡市","town":"出石町榎見"}],"0252":[{"pref":"兵庫県","city":"豊岡市","town":"出石町和屋"}],"0021":[{"pref":"兵庫県","city":"豊岡市","town":"泉町"}],"0821":[{"pref":"兵庫県","city":"豊岡市","town":"市場"}],"0851":[{"pref":"兵庫県","city":"豊岡市","town":"今森"}],"0081":[{"pref":"兵庫県","city":"豊岡市","town":"岩井"}],"0002":[{"pref":"兵庫県","city":"豊岡市","town":"岩熊"}],"0071":[{"pref":"兵庫県","city":"豊岡市","town":"内町"}],"0852":[{"pref":"兵庫県","city":"豊岡市","town":"江本"}],"0041":[{"pref":"兵庫県","city":"豊岡市","town":"大磯町"}],"0861":[{"pref":"兵庫県","city":"豊岡市","town":"大篠岡"}],"0072":[{"pref":"兵庫県","city":"豊岡市","town":"大谷"}],"0031":[{"pref":"兵庫県","city":"豊岡市","town":"大手町"}],"0822":[{"pref":"兵庫県","city":"豊岡市","town":"奥野"}],"0022":[{"pref":"兵庫県","city":"豊岡市","town":"小田井町"}],"0871":[{"pref":"兵庫県","city":"豊岡市","town":"梶原"}],"0862":[{"pref":"兵庫県","city":"豊岡市","town":"香住"}],"0023":[{"pref":"兵庫県","city":"豊岡市","town":"加広町"}],"0811":[{"pref":"兵庫県","city":"豊岡市","town":"鎌田"}],"0011":[{"pref":"兵庫県","city":"豊岡市","town":"上陰"}],"0061":[{"pref":"兵庫県","city":"豊岡市","town":"上佐野"}],"0863":[{"pref":"兵庫県","city":"豊岡市","town":"上鉢山"}],"0831":[{"pref":"兵庫県","city":"豊岡市","town":"神美台"}],"0841":[{"pref":"兵庫県","city":"豊岡市","town":"加陽"}],"0864":[{"pref":"兵庫県","city":"豊岡市","town":"木内"}],"0042":[{"pref":"兵庫県","city":"豊岡市","town":"京町"}],"0832":[{"pref":"兵庫県","city":"豊岡市","town":"倉見"}],"0872":[{"pref":"兵庫県","city":"豊岡市","town":"河谷"}],"0003":[{"pref":"兵庫県","city":"豊岡市","town":"江野"}],"0051":[{"pref":"兵庫県","city":"豊岡市","town":"九日市上町"}],"0053":[{"pref":"兵庫県","city":"豊岡市","town":"九日市中町"}],"0052":[{"pref":"兵庫県","city":"豊岡市","town":"九日市下町"}],"0024":[{"pref":"兵庫県","city":"豊岡市","town":"寿町"}],"0802":[{"pref":"兵庫県","city":"豊岡市","town":"金剛寺"}],"0025":[{"pref":"兵庫県","city":"豊岡市","town":"幸町"}],"0812":[{"pref":"兵庫県","city":"豊岡市","town":"栄町"}],"0043":[{"pref":"兵庫県","city":"豊岡市","town":"桜町"}],"0062":[{"pref":"兵庫県","city":"豊岡市","town":"佐野"}],"0044":[{"pref":"兵庫県","city":"豊岡市","town":"山王町"}],"0054":[{"pref":"兵庫県","city":"豊岡市","town":"塩津町"}],"0012":[{"pref":"兵庫県","city":"豊岡市","town":"下陰"}],"0803":[{"pref":"兵庫県","city":"豊岡市","town":"下鶴井"}],"0813":[{"pref":"兵庫県","city":"豊岡市","town":"下宮"}],"0865":[{"pref":"兵庫県","city":"豊岡市","town":"下鉢山"}],"0082":[{"pref":"兵庫県","city":"豊岡市","town":"庄"}],"0814":[{"pref":"兵庫県","city":"豊岡市","town":"祥雲寺"}],"0873":[{"pref":"兵庫県","city":"豊岡市","town":"庄境"}],"0045":[{"pref":"兵庫県","city":"豊岡市","town":"城南町"}],"0063":[{"pref":"兵庫県","city":"豊岡市","town":"正法寺"}],"0853":[{"pref":"兵庫県","city":"豊岡市","town":"清冷寺"}],"0055":[{"pref":"兵庫県","city":"豊岡市","town":"昭和町"}],"0004":[{"pref":"兵庫県","city":"豊岡市","town":"新堂"}],"0064":[{"pref":"兵庫県","city":"豊岡市","town":"高屋"}],"0005":[{"pref":"兵庫県","city":"豊岡市","town":"滝"}],"0866":[{"pref":"兵庫県","city":"豊岡市","town":"駄坂"}],"0046":[{"pref":"兵庫県","city":"豊岡市","town":"立野町"}],"0833":[{"pref":"兵庫県","city":"豊岡市","town":"立石"}],"0324":[{"pref":"兵庫県","city":"豊岡市","town":"但東町相田"}],"0352":[{"pref":"兵庫県","city":"豊岡市","town":"但東町赤花"}],"0316":[{"pref":"兵庫県","city":"豊岡市","town":"但東町天谷"}],"0374":[{"pref":"兵庫県","city":"豊岡市","town":"但東町後"}],"0372":[{"pref":"兵庫県","city":"豊岡市","town":"但東町大河内"}],"0335":[{"pref":"兵庫県","city":"豊岡市","town":"但東町太田"}],"0353":[{"pref":"兵庫県","city":"豊岡市","town":"但東町奥赤"}],"0343":[{"pref":"兵庫県","city":"豊岡市","town":"但東町奥藤"}],"0301":[{"pref":"兵庫県","city":"豊岡市","town":"但東町奥矢根"}],"0323":[{"pref":"兵庫県","city":"豊岡市","town":"但東町小谷"}],"0321":[{"pref":"兵庫県","city":"豊岡市","town":"但東町唐川"}],"0331":[{"pref":"兵庫県","city":"豊岡市","town":"但東町木村"}],"0341":[{"pref":"兵庫県","city":"豊岡市","town":"但東町口藤"}],"0373":[{"pref":"兵庫県","city":"豊岡市","town":"但東町久畑"}],"0363":[{"pref":"兵庫県","city":"豊岡市","town":"但東町栗尾"}],"0315":[{"pref":"兵庫県","city":"豊岡市","town":"但東町河本"}],"0333":[{"pref":"兵庫県","city":"豊岡市","town":"但東町高龍寺"}],"0376":[{"pref":"兵庫県","city":"豊岡市","town":"但東町小坂"}],"0354":[{"pref":"兵庫県","city":"豊岡市","town":"但東町坂津"}],"0334":[{"pref":"兵庫県","city":"豊岡市","town":"但東町坂野"}],"0325":[{"pref":"兵庫県","city":"豊岡市","town":"但東町佐々木"}],"0364":[{"pref":"兵庫県","city":"豊岡市","town":"但東町佐田"}],"0361":[{"pref":"兵庫県","city":"豊岡市","town":"但東町正法寺"}],"0311":[{"pref":"兵庫県","city":"豊岡市","town":"但東町出合"}],"0313":[{"pref":"兵庫県","city":"豊岡市","town":"但東町出合市場"}],"0337":[{"pref":"兵庫県","city":"豊岡市","town":"但東町東里"}],"0342":[{"pref":"兵庫県","city":"豊岡市","town":"但東町中藤"}],"0345":[{"pref":"兵庫県","city":"豊岡市","town":"但東町中山"}],"0317":[{"pref":"兵庫県","city":"豊岡市","town":"但東町西谷"}],"0332":[{"pref":"兵庫県","city":"豊岡市","town":"但東町西野々"}],"0303":[{"pref":"兵庫県","city":"豊岡市","town":"但東町畑"}],"0351":[{"pref":"兵庫県","city":"豊岡市","town":"但東町畑山"}],"0375":[{"pref":"兵庫県","city":"豊岡市","town":"但東町東中"}],"0314":[{"pref":"兵庫県","city":"豊岡市","town":"但東町日殿"}],"0336":[{"pref":"兵庫県","city":"豊岡市","town":"但東町日向"}],"0362":[{"pref":"兵庫県","city":"豊岡市","town":"但東町平田"}],"0304":[{"pref":"兵庫県","city":"豊岡市","town":"但東町水石"}],"0312":[{"pref":"兵庫県","city":"豊岡市","town":"但東町南尾"}],"0322":[{"pref":"兵庫県","city":"豊岡市","town":"但東町三原"}],"0344":[{"pref":"兵庫県","city":"豊岡市","town":"但東町虫生"}],"0371":[{"pref":"兵庫県","city":"豊岡市","town":"但東町薬王寺"}],"0302":[{"pref":"兵庫県","city":"豊岡市","town":"但東町矢根"}],"0033":[{"pref":"兵庫県","city":"豊岡市","town":"中央町"}],"0032":[{"pref":"兵庫県","city":"豊岡市","town":"千代田町"}],"0073":[{"pref":"兵庫県","city":"豊岡市","town":"辻"}],"0083":[{"pref":"兵庫県","city":"豊岡市","town":"栃江"}],"0065":[{"pref":"兵庫県","city":"豊岡市","town":"戸牧"}],"0013":[{"pref":"兵庫県","city":"豊岡市","town":"中陰"}],"0842":[{"pref":"兵庫県","city":"豊岡市","town":"中郷"}],"0874":[{"pref":"兵庫県","city":"豊岡市","town":"中谷"}],"0834":[{"pref":"兵庫県","city":"豊岡市","town":"長谷"}],"0074":[{"pref":"兵庫県","city":"豊岡市","town":"野垣"}],"0804":[{"pref":"兵庫県","city":"豊岡市","town":"野上"}],"0014":[{"pref":"兵庫県","city":"豊岡市","town":"野田"}],"0854":[{"pref":"兵庫県","city":"豊岡市","town":"八社宮"}],"0843":[{"pref":"兵庫県","city":"豊岡市","town":"引野"}],"0844":[{"pref":"兵庫県","city":"豊岡市","town":"土渕"}],"0015":[{"pref":"兵庫県","city":"豊岡市","town":"一日市"}],"0815":[{"pref":"兵庫県","city":"豊岡市","town":"日撫"}],"0075":[{"pref":"兵庫県","city":"豊岡市","town":"福成寺"}],"0084":[{"pref":"兵庫県","city":"豊岡市","town":"福田"}],"0855":[{"pref":"兵庫県","city":"豊岡市","town":"伏"}],"0076":[{"pref":"兵庫県","city":"豊岡市","town":"船谷"}],"0805":[{"pref":"兵庫県","city":"豊岡市","town":"船町"}],"0816":[{"pref":"兵庫県","city":"豊岡市","town":"法花寺"}],"0047":[{"pref":"兵庫県","city":"豊岡市","town":"三坂町"}],"0085":[{"pref":"兵庫県","city":"豊岡市","town":"宮井"}],"0823":[{"pref":"兵庫県","city":"豊岡市","town":"三宅"}],"0016":[{"pref":"兵庫県","city":"豊岡市","town":"宮島"}],"0056":[{"pref":"兵庫県","city":"豊岡市","town":"妙楽寺"}],"0077":[{"pref":"兵庫県","city":"豊岡市","town":"目坂"}],"0026":[{"pref":"兵庫県","city":"豊岡市","town":"元町"}],"0806":[{"pref":"兵庫県","city":"豊岡市","town":"森"}],"0824":[{"pref":"兵庫県","city":"豊岡市","town":"森尾"}],"0006":[{"pref":"兵庫県","city":"豊岡市","town":"森津"}],"0057":[{"pref":"兵庫県","city":"豊岡市","town":"弥栄町"}],"0807":[{"pref":"兵庫県","city":"豊岡市","town":"山本"}],"0875":[{"pref":"兵庫県","city":"豊岡市","town":"百合地"}],"0078":[{"pref":"兵庫県","city":"豊岡市","town":"吉井"}],"0817":[{"pref":"兵庫県","city":"豊岡市","town":"六地蔵"}],"0027":[{"pref":"兵庫県","city":"豊岡市","town":"若松町"}]}