{"1101":[{"pref":"岩手県","city":"奥州市","town":"江刺岩谷堂"}],"1102":[{"pref":"岩手県","city":"奥州市","town":"江刺八日町"}],"1103":[{"pref":"岩手県","city":"奥州市","town":"江刺西大通り"}],"1104":[{"pref":"岩手県","city":"奥州市","town":"江刺豊田町"}],"1105":[{"pref":"岩手県","city":"奥州市","town":"江刺杉ノ町"}],"1111":[{"pref":"岩手県","city":"奥州市","town":"江刺大通り"}],"1112":[{"pref":"岩手県","city":"奥州市","town":"江刺南大通り"}],"1113":[{"pref":"岩手県","city":"奥州市","town":"江刺中町"}],"1114":[{"pref":"岩手県","city":"奥州市","town":"江刺川原町"}],"1115":[{"pref":"岩手県","city":"奥州市","town":"江刺本町"}],"1116":[{"pref":"岩手県","city":"奥州市","town":"江刺重染寺"}],"1117":[{"pref":"岩手県","city":"奥州市","town":"江刺南町"}],"1118":[{"pref":"岩手県","city":"奥州市","town":"江刺栄町"}],"1121":[{"pref":"岩手県","city":"奥州市","town":"江刺男石"}],"1122":[{"pref":"岩手県","city":"奥州市","town":"江刺館山"}],"1123":[{"pref":"岩手県","city":"奥州市","town":"江刺前田町"}],"1124":[{"pref":"岩手県","city":"奥州市","town":"江刺六日町"}],"1125":[{"pref":"岩手県","city":"奥州市","town":"江刺銭町"}],"1131":[{"pref":"岩手県","city":"奥州市","town":"江刺愛宕"}],"1132":[{"pref":"岩手県","city":"奥州市","town":"江刺稲瀬"}],"1133":[{"pref":"岩手県","city":"奥州市","town":"江刺広瀬"}],"1134":[{"pref":"岩手県","city":"奥州市","town":"江刺玉里"}],"1341":[{"pref":"岩手県","city":"奥州市","town":"江刺梁川"}],"1551":[{"pref":"岩手県","city":"奥州市","town":"江刺米里"}],"1761":[{"pref":"岩手県","city":"奥州市","town":"江刺伊手"}],"1762":[{"pref":"岩手県","city":"奥州市","town":"江刺藤里"}],"0000":[{"pref":"岩手県","city":"奥州市","town":"以下に掲載がない場合"}],"0402":[{"pref":"岩手県","city":"奥州市","town":"胆沢小山"}],"0401":[{"pref":"岩手県","city":"奥州市","town":"胆沢南都田"}],"0403":[{"pref":"岩手県","city":"奥州市","town":"胆沢若柳"}],"0171":[{"pref":"岩手県","city":"奥州市","town":"江刺田原"}],"0035":[{"pref":"岩手県","city":"奥州市","town":"水沢赤土田"}],"0041":[{"pref":"岩手県","city":"奥州市","town":"水沢秋葉町"}],"0823":[{"pref":"岩手県","city":"奥州市","town":"水沢朝日町"}],"0818":[{"pref":"岩手県","city":"奥州市","town":"水沢東町"}],"0831":[{"pref":"岩手県","city":"奥州市","town":"水沢姉体町"}],"0824":[{"pref":"岩手県","city":"奥州市","town":"水沢泉町"}],"0013":[{"pref":"岩手県","city":"奥州市","town":"水沢一本柳"}],"0011":[{"pref":"岩手県","city":"奥州市","town":"水沢稲荷田"}],"0898":[{"pref":"岩手県","city":"奥州市","town":"水沢後田"}],"0057":[{"pref":"岩手県","city":"奥州市","town":"水沢上町"}],"0854":[{"pref":"岩手県","city":"奥州市","town":"水沢大鐘町"}],"0084":[{"pref":"岩手県","city":"奥州市","town":"水沢大上"}],"0053":[{"pref":"岩手県","city":"奥州市","town":"水沢大手町"}],"0867":[{"pref":"岩手県","city":"奥州市","town":"水沢大橋"}],"0802":[{"pref":"岩手県","city":"奥州市","town":"水沢大畑小路"}],"0045":[{"pref":"岩手県","city":"奥州市","town":"水沢大町"}],"0085":[{"pref":"岩手県","city":"奥州市","town":"水沢踊子"}],"0001":[{"pref":"岩手県","city":"奥州市","town":"水沢卸町"}],"0021":[{"pref":"岩手県","city":"奥州市","town":"水沢欠ノ下"}],"0051":[{"pref":"岩手県","city":"奥州市","town":"水沢勝手町"}],"0892":[{"pref":"岩手県","city":"奥州市","town":"水沢釜田"}],"0833":[{"pref":"岩手県","city":"奥州市","town":"水沢上姉体"}],"0052":[{"pref":"岩手県","city":"奥州市","town":"水沢搦手丁"}],"0034":[{"pref":"岩手県","city":"奥州市","town":"水沢川口町"}],"0863":[{"pref":"岩手県","city":"奥州市","town":"水沢川端"}],"0046":[{"pref":"岩手県","city":"奥州市","town":"水沢川原小路"}],"0031":[{"pref":"岩手県","city":"奥州市","town":"水沢北丑沢"}],"0036":[{"pref":"岩手県","city":"奥州市","town":"水沢北栗林"}],"0881":[{"pref":"岩手県","city":"奥州市","town":"水沢北田"}],"0092":[{"pref":"岩手県","city":"奥州市","town":"水沢北半郷"}],"0054":[{"pref":"岩手県","city":"奥州市","town":"水沢吉小路"}],"0056":[{"pref":"岩手県","city":"奥州市","town":"水沢久田"}],"0101":[{"pref":"岩手県","city":"奥州市","town":"水沢黒石町"}],"0071":[{"pref":"岩手県","city":"奥州市","town":"水沢黒子"}],"0077":[{"pref":"岩手県","city":"奥州市","town":"水沢桑畑"}],"0062":[{"pref":"岩手県","city":"奥州市","town":"水沢小石田"}],"0025":[{"pref":"岩手県","city":"奥州市","town":"水沢高網"}],"0002":[{"pref":"岩手県","city":"奥州市","town":"水沢工業団地"}],"0087":[{"pref":"岩手県","city":"奥州市","town":"水沢高谷宿"}],"0055":[{"pref":"岩手県","city":"奥州市","town":"水沢虚空蔵小路"}],"0074":[{"pref":"岩手県","city":"奥州市","town":"水沢極楽"}],"0015":[{"pref":"岩手県","city":"奥州市","town":"水沢五千刈"}],"0018":[{"pref":"岩手県","city":"奥州市","town":"水沢小中"}],"0094":[{"pref":"岩手県","city":"奥州市","town":"水沢五輪"}],"0012":[{"pref":"岩手県","city":"奥州市","town":"水沢斉勝田"}],"0805":[{"pref":"岩手県","city":"奥州市","town":"水沢斉の神"}],"0897":[{"pref":"岩手県","city":"奥州市","town":"水沢桜川"}],"0003":[{"pref":"岩手県","city":"奥州市","town":"水沢佐倉河"}],"0865":[{"pref":"岩手県","city":"奥州市","town":"水沢桜屋敷"}],"0872":[{"pref":"岩手県","city":"奥州市","town":"水沢桜屋敷西"}],"0873":[{"pref":"岩手県","city":"奥州市","town":"水沢笹森谷地"}],"0026":[{"pref":"岩手県","city":"奥州市","town":"水沢里鎗"}],"0044":[{"pref":"岩手県","city":"奥州市","town":"水沢三本木"}],"0014":[{"pref":"岩手県","city":"奥州市","town":"水沢地蔵田"}],"0017":[{"pref":"岩手県","city":"奥州市","town":"水沢渋田"}],"0063":[{"pref":"岩手県","city":"奥州市","town":"水沢聖天"}],"0073":[{"pref":"岩手県","city":"奥州市","town":"水沢寺領"}],"0807":[{"pref":"岩手県","city":"奥州市","town":"水沢新小路"}],"0841":[{"pref":"岩手県","city":"奥州市","town":"水沢真城"}],"0842":[{"pref":"岩手県","city":"奥州市","town":"水沢真城が丘"}],"0821":[{"pref":"岩手県","city":"奥州市","town":"水沢神明町"}],"0095":[{"pref":"岩手県","city":"奥州市","town":"水沢雀田"}],"0866":[{"pref":"岩手県","city":"奥州市","town":"水沢堰合"}],"0083":[{"pref":"岩手県","city":"奥州市","town":"水沢前郷"}],"0877":[{"pref":"岩手県","city":"奥州市","town":"水沢袖谷地"}],"0871":[{"pref":"岩手県","city":"奥州市","town":"水沢外谷地"}],"0081":[{"pref":"岩手県","city":"奥州市","town":"水沢橇町"}],"0827":[{"pref":"岩手県","city":"奥州市","town":"水沢太日通り"}],"0825":[{"pref":"岩手県","city":"奥州市","town":"水沢台町"}],"0894":[{"pref":"岩手県","city":"奥州市","town":"水沢大明神"}],"0032":[{"pref":"岩手県","city":"奥州市","town":"水沢多賀"}],"0889":[{"pref":"岩手県","city":"奥州市","town":"水沢高屋敷"}],"0091":[{"pref":"岩手県","city":"奥州市","town":"水沢高山"}],"0891":[{"pref":"岩手県","city":"奥州市","town":"水沢内匠田"}],"0803":[{"pref":"岩手県","city":"奥州市","town":"水沢田小路"}],"0047":[{"pref":"岩手県","city":"奥州市","town":"水沢立町"}],"0895":[{"pref":"岩手県","city":"奥州市","town":"水沢足袋針"}],"0019":[{"pref":"岩手県","city":"奥州市","town":"水沢築舘"}],"0076":[{"pref":"岩手県","city":"奥州市","town":"水沢造道"}],"0876":[{"pref":"岩手県","city":"奥州市","town":"水沢鶴淵"}],"0811":[{"pref":"岩手県","city":"奥州市","town":"水沢寺小路"}],"0812":[{"pref":"岩手県","city":"奥州市","town":"水沢寺脇"}],"0815":[{"pref":"岩手県","city":"奥州市","town":"水沢天文台通り"}],"0064":[{"pref":"岩手県","city":"奥州市","town":"水沢土器田"}],"0857":[{"pref":"岩手県","city":"奥州市","town":"水沢中上野町"}],"0022":[{"pref":"岩手県","city":"奥州市","town":"水沢中城"}],"0826":[{"pref":"岩手県","city":"奥州市","town":"水沢中田町"}],"0813":[{"pref":"岩手県","city":"奥州市","town":"水沢中町"}],"0061":[{"pref":"岩手県","city":"奥州市","town":"水沢長町"}],"0024":[{"pref":"岩手県","city":"奥州市","town":"水沢名残"}],"0856":[{"pref":"岩手県","city":"奥州市","town":"水沢西上野町"}],"0896":[{"pref":"岩手県","city":"奥州市","town":"水沢西光田"}],"0885":[{"pref":"岩手県","city":"奥州市","town":"水沢西田"}],"0816":[{"pref":"岩手県","city":"奥州市","town":"水沢西町"}],"0067":[{"pref":"岩手県","city":"奥州市","town":"水沢二反田"}],"0102":[{"pref":"岩手県","city":"奥州市","town":"水沢羽田町駅東"}],"0104":[{"pref":"岩手県","city":"奥州市","town":"水沢羽田町駅前"}],"0103":[{"pref":"岩手県","city":"奥州市","town":"水沢羽田町駅南"}],"0106":[{"pref":"岩手県","city":"奥州市","town":"水沢羽田町久保"}],"0105":[{"pref":"岩手県","city":"奥州市","town":"水沢羽田町宝生"}],"0107":[{"pref":"岩手県","city":"奥州市","town":"水沢羽田町宝柳木"}],"0108":[{"pref":"岩手県","city":"奥州市","town":"水沢羽田町向畑"}],"0832":[{"pref":"岩手県","city":"奥州市","town":"水沢羽田町（草井沼、下沼、谷木、元谷木）"}],"0132":[{"pref":"岩手県","city":"奥州市","town":"水沢羽田町（その他）"}],"0888":[{"pref":"岩手県","city":"奥州市","town":"水沢八反田"}],"0023":[{"pref":"岩手県","city":"奥州市","town":"水沢八反町"}],"0829":[{"pref":"岩手県","city":"奥州市","town":"水沢花園町"}],"0027":[{"pref":"岩手県","city":"奥州市","town":"水沢幅下"}],"0853":[{"pref":"岩手県","city":"奥州市","town":"水沢東上野町"}],"0828":[{"pref":"岩手県","city":"奥州市","town":"水沢東大通り"}],"0822":[{"pref":"岩手県","city":"奥州市","town":"水沢東中通り"}],"0082":[{"pref":"岩手県","city":"奥州市","town":"水沢東半郷"}],"0808":[{"pref":"岩手県","city":"奥州市","town":"水沢日高小路"}],"0806":[{"pref":"岩手県","city":"奥州市","town":"水沢日高西"}],"0016":[{"pref":"岩手県","city":"奥州市","town":"水沢平沢"}],"0072":[{"pref":"岩手県","city":"奥州市","town":"水沢樋渡"}],"0862":[{"pref":"岩手県","city":"奥州市","town":"水沢福吉町"}],"0814":[{"pref":"岩手県","city":"奥州市","town":"水沢袋町"}],"0882":[{"pref":"岩手県","city":"奥州市","town":"水沢福原"}],"0033":[{"pref":"岩手県","city":"奥州市","town":"水沢不断町"}],"0861":[{"pref":"岩手県","city":"奥州市","town":"水沢星ガ丘町"}],"0058":[{"pref":"岩手県","city":"奥州市","town":"水沢堀ノ内"}],"0066":[{"pref":"岩手県","city":"奥州市","town":"水沢前田袋"}],"0884":[{"pref":"岩手県","city":"奥州市","town":"水沢前谷地"}],"0883":[{"pref":"岩手県","city":"奥州市","town":"水沢町裏"}],"0093":[{"pref":"岩手県","city":"奥州市","town":"水沢水神"}],"0065":[{"pref":"岩手県","city":"奥州市","town":"水沢水山"}],"0043":[{"pref":"岩手県","city":"奥州市","town":"水沢道合"}],"0037":[{"pref":"岩手県","city":"奥州市","town":"水沢南丑沢"}],"0855":[{"pref":"岩手県","city":"奥州市","town":"水沢南大鐘"}],"0851":[{"pref":"岩手県","city":"奥州市","town":"水沢南町"}],"0886":[{"pref":"岩手県","city":"奥州市","town":"水沢南矢中"}],"0075":[{"pref":"岩手県","city":"奥州市","town":"水沢水ノ口"}],"0817":[{"pref":"岩手県","city":"奥州市","town":"水沢宮下町"}],"0874":[{"pref":"岩手県","city":"奥州市","town":"水沢見分森"}],"0096":[{"pref":"岩手県","city":"奥州市","town":"水沢向田"}],"0875":[{"pref":"岩手県","city":"奥州市","town":"水沢森下"}],"0086":[{"pref":"岩手県","city":"奥州市","town":"水沢谷地中"}],"0804":[{"pref":"岩手県","city":"奥州市","town":"水沢谷地明円"}],"0887":[{"pref":"岩手県","city":"奥州市","town":"水沢矢中"}],"0042":[{"pref":"岩手県","city":"奥州市","town":"水沢柳町"}],"0852":[{"pref":"岩手県","city":"奥州市","town":"水沢山崎町"}],"0801":[{"pref":"岩手県","city":"奥州市","town":"水沢横町"}],"0893":[{"pref":"岩手県","city":"奥州市","town":"水沢蓬田"}],"0864":[{"pref":"岩手県","city":"奥州市","town":"水沢龍ヶ馬場"}]}