{"6001":[{"pref":"大阪府","city":"大阪市中央区","town":"城見クリスタルタワー（１階）"}],"6002":[{"pref":"大阪府","city":"大阪市中央区","town":"城見クリスタルタワー（２階）"}],"6003":[{"pref":"大阪府","city":"大阪市中央区","town":"城見クリスタルタワー（３階）"}],"6004":[{"pref":"大阪府","city":"大阪市中央区","town":"城見クリスタルタワー（４階）"}],"6005":[{"pref":"大阪府","city":"大阪市中央区","town":"城見クリスタルタワー（５階）"}],"6006":[{"pref":"大阪府","city":"大阪市中央区","town":"城見クリスタルタワー（６階）"}],"6007":[{"pref":"大阪府","city":"大阪市中央区","town":"城見クリスタルタワー（７階）"}],"6008":[{"pref":"大阪府","city":"大阪市中央区","town":"城見クリスタルタワー（８階）"}],"6009":[{"pref":"大阪府","city":"大阪市中央区","town":"城見クリスタルタワー（９階）"}],"6010":[{"pref":"大阪府","city":"大阪市中央区","town":"城見クリスタルタワー（１０階）"}],"6011":[{"pref":"大阪府","city":"大阪市中央区","town":"城見クリスタルタワー（１１階）"}],"6012":[{"pref":"大阪府","city":"大阪市中央区","town":"城見クリスタルタワー（１２階）"}],"6013":[{"pref":"大阪府","city":"大阪市中央区","town":"城見クリスタルタワー（１３階）"}],"6014":[{"pref":"大阪府","city":"大阪市中央区","town":"城見クリスタルタワー（１４階）"}],"6015":[{"pref":"大阪府","city":"大阪市中央区","town":"城見クリスタルタワー（１５階）"}],"6016":[{"pref":"大阪府","city":"大阪市中央区","town":"城見クリスタルタワー（１６階）"}],"6017":[{"pref":"大阪府","city":"大阪市中央区","town":"城見クリスタルタワー（１７階）"}],"6018":[{"pref":"大阪府","city":"大阪市中央区","town":"城見クリスタルタワー（１８階）"}],"6019":[{"pref":"大阪府","city":"大阪市中央区","town":"城見クリスタルタワー（１９階）"}],"6020":[{"pref":"大阪府","city":"大阪市中央区","town":"城見クリスタルタワー（２０階）"}],"6021":[{"pref":"大阪府","city":"大阪市中央区","town":"城見クリスタルタワー（２１階）"}],"6022":[{"pref":"大阪府","city":"大阪市中央区","town":"城見クリスタルタワー（２２階）"}],"6023":[{"pref":"大阪府","city":"大阪市中央区","town":"城見クリスタルタワー（２３階）"}],"6024":[{"pref":"大阪府","city":"大阪市中央区","town":"城見クリスタルタワー（２４階）"}],"6025":[{"pref":"大阪府","city":"大阪市中央区","town":"城見クリスタルタワー（２５階）"}],"6026":[{"pref":"大阪府","city":"大阪市中央区","town":"城見クリスタルタワー（２６階）"}],"6027":[{"pref":"大阪府","city":"大阪市中央区","town":"城見クリスタルタワー（２７階）"}],"6028":[{"pref":"大阪府","city":"大阪市中央区","town":"城見クリスタルタワー（２８階）"}],"6029":[{"pref":"大阪府","city":"大阪市中央区","town":"城見クリスタルタワー（２９階）"}],"6030":[{"pref":"大阪府","city":"大阪市中央区","town":"城見クリスタルタワー（３０階）"}],"6031":[{"pref":"大阪府","city":"大阪市中央区","town":"城見クリスタルタワー（３１階）"}],"6032":[{"pref":"大阪府","city":"大阪市中央区","town":"城見クリスタルタワー（３２階）"}],"6033":[{"pref":"大阪府","city":"大阪市中央区","town":"城見クリスタルタワー（３３階）"}],"6034":[{"pref":"大阪府","city":"大阪市中央区","town":"城見クリスタルタワー（３４階）"}],"6035":[{"pref":"大阪府","city":"大阪市中央区","town":"城見クリスタルタワー（３５階）"}],"6036":[{"pref":"大阪府","city":"大阪市中央区","town":"城見クリスタルタワー（３６階）"}],"6037":[{"pref":"大阪府","city":"大阪市中央区","town":"城見クリスタルタワー（３７階）"}],"6090":[{"pref":"大阪府","city":"大阪市中央区","town":"城見クリスタルタワー（地階・階層不明）"}],"6101":[{"pref":"大阪府","city":"大阪市中央区","town":"城見ＭＩＤタワー（１階）"}],"6102":[{"pref":"大阪府","city":"大阪市中央区","town":"城見ＭＩＤタワー（２階）"}],"6103":[{"pref":"大阪府","city":"大阪市中央区","town":"城見ＭＩＤタワー（３階）"}],"6104":[{"pref":"大阪府","city":"大阪市中央区","town":"城見ＭＩＤタワー（４階）"}],"6105":[{"pref":"大阪府","city":"大阪市中央区","town":"城見ＭＩＤタワー（５階）"}],"6106":[{"pref":"大阪府","city":"大阪市中央区","town":"城見ＭＩＤタワー（６階）"}],"6107":[{"pref":"大阪府","city":"大阪市中央区","town":"城見ＭＩＤタワー（７階）"}],"6108":[{"pref":"大阪府","city":"大阪市中央区","town":"城見ＭＩＤタワー（８階）"}],"6109":[{"pref":"大阪府","city":"大阪市中央区","town":"城見ＭＩＤタワー（９階）"}],"6110":[{"pref":"大阪府","city":"大阪市中央区","town":"城見ＭＩＤタワー（１０階）"}],"6111":[{"pref":"大阪府","city":"大阪市中央区","town":"城見ＭＩＤタワー（１１階）"}],"6112":[{"pref":"大阪府","city":"大阪市中央区","town":"城見ＭＩＤタワー（１２階）"}],"6113":[{"pref":"大阪府","city":"大阪市中央区","town":"城見ＭＩＤタワー（１３階）"}],"6114":[{"pref":"大阪府","city":"大阪市中央区","town":"城見ＭＩＤタワー（１４階）"}],"6115":[{"pref":"大阪府","city":"大阪市中央区","town":"城見ＭＩＤタワー（１５階）"}],"6116":[{"pref":"大阪府","city":"大阪市中央区","town":"城見ＭＩＤタワー（１６階）"}],"6117":[{"pref":"大阪府","city":"大阪市中央区","town":"城見ＭＩＤタワー（１７階）"}],"6118":[{"pref":"大阪府","city":"大阪市中央区","town":"城見ＭＩＤタワー（１８階）"}],"6119":[{"pref":"大阪府","city":"大阪市中央区","town":"城見ＭＩＤタワー（１９階）"}],"6120":[{"pref":"大阪府","city":"大阪市中央区","town":"城見ＭＩＤタワー（２０階）"}],"6121":[{"pref":"大阪府","city":"大阪市中央区","town":"城見ＭＩＤタワー（２１階）"}],"6122":[{"pref":"大阪府","city":"大阪市中央区","town":"城見ＭＩＤタワー（２２階）"}],"6123":[{"pref":"大阪府","city":"大阪市中央区","town":"城見ＭＩＤタワー（２３階）"}],"6124":[{"pref":"大阪府","city":"大阪市中央区","town":"城見ＭＩＤタワー（２４階）"}],"6125":[{"pref":"大阪府","city":"大阪市中央区","town":"城見ＭＩＤタワー（２５階）"}],"6126":[{"pref":"大阪府","city":"大阪市中央区","town":"城見ＭＩＤタワー（２６階）"}],"6127":[{"pref":"大阪府","city":"大阪市中央区","town":"城見ＭＩＤタワー（２７階）"}],"6128":[{"pref":"大阪府","city":"大阪市中央区","town":"城見ＭＩＤタワー（２８階）"}],"6129":[{"pref":"大阪府","city":"大阪市中央区","town":"城見ＭＩＤタワー（２９階）"}],"6130":[{"pref":"大阪府","city":"大阪市中央区","town":"城見ＭＩＤタワー（３０階）"}],"6131":[{"pref":"大阪府","city":"大阪市中央区","town":"城見ＭＩＤタワー（３１階）"}],"6132":[{"pref":"大阪府","city":"大阪市中央区","town":"城見ＭＩＤタワー（３２階）"}],"6133":[{"pref":"大阪府","city":"大阪市中央区","town":"城見ＭＩＤタワー（３３階）"}],"6134":[{"pref":"大阪府","city":"大阪市中央区","town":"城見ＭＩＤタワー（３４階）"}],"6135":[{"pref":"大阪府","city":"大阪市中央区","town":"城見ＭＩＤタワー（３５階）"}],"6136":[{"pref":"大阪府","city":"大阪市中央区","town":"城見ＭＩＤタワー（３６階）"}],"6137":[{"pref":"大阪府","city":"大阪市中央区","town":"城見ＭＩＤタワー（３７階）"}],"6138":[{"pref":"大阪府","city":"大阪市中央区","town":"城見ＭＩＤタワー（３８階）"}],"6190":[{"pref":"大阪府","city":"大阪市中央区","town":"城見ＭＩＤタワー（地階・階層不明）"}],"6201":[{"pref":"大阪府","city":"大阪市中央区","town":"城見パナソニックタワー（１階）"}],"6202":[{"pref":"大阪府","city":"大阪市中央区","town":"城見パナソニックタワー（２階）"}],"6203":[{"pref":"大阪府","city":"大阪市中央区","town":"城見パナソニックタワー（３階）"}],"6204":[{"pref":"大阪府","city":"大阪市中央区","town":"城見パナソニックタワー（４階）"}],"6205":[{"pref":"大阪府","city":"大阪市中央区","town":"城見パナソニックタワー（５階）"}],"6206":[{"pref":"大阪府","city":"大阪市中央区","town":"城見パナソニックタワー（６階）"}],"6207":[{"pref":"大阪府","city":"大阪市中央区","town":"城見パナソニックタワー（７階）"}],"6208":[{"pref":"大阪府","city":"大阪市中央区","town":"城見パナソニックタワー（８階）"}],"6209":[{"pref":"大阪府","city":"大阪市中央区","town":"城見パナソニックタワー（９階）"}],"6210":[{"pref":"大阪府","city":"大阪市中央区","town":"城見パナソニックタワー（１０階）"}],"6211":[{"pref":"大阪府","city":"大阪市中央区","town":"城見パナソニックタワー（１１階）"}],"6212":[{"pref":"大阪府","city":"大阪市中央区","town":"城見パナソニックタワー（１２階）"}],"6213":[{"pref":"大阪府","city":"大阪市中央区","town":"城見パナソニックタワー（１３階）"}],"6214":[{"pref":"大阪府","city":"大阪市中央区","town":"城見パナソニックタワー（１４階）"}],"6215":[{"pref":"大阪府","city":"大阪市中央区","town":"城見パナソニックタワー（１５階）"}],"6216":[{"pref":"大阪府","city":"大阪市中央区","town":"城見パナソニックタワー（１６階）"}],"6217":[{"pref":"大阪府","city":"大阪市中央区","town":"城見パナソニックタワー（１７階）"}],"6218":[{"pref":"大阪府","city":"大阪市中央区","town":"城見パナソニックタワー（１８階）"}],"6219":[{"pref":"大阪府","city":"大阪市中央区","town":"城見パナソニックタワー（１９階）"}],"6220":[{"pref":"大阪府","city":"大阪市中央区","town":"城見パナソニックタワー（２０階）"}],"6221":[{"pref":"大阪府","city":"大阪市中央区","town":"城見パナソニックタワー（２１階）"}],"6222":[{"pref":"大阪府","city":"大阪市中央区","town":"城見パナソニックタワー（２２階）"}],"6223":[{"pref":"大阪府","city":"大阪市中央区","town":"城見パナソニックタワー（２３階）"}],"6224":[{"pref":"大阪府","city":"大阪市中央区","town":"城見パナソニックタワー（２４階）"}],"6225":[{"pref":"大阪府","city":"大阪市中央区","town":"城見パナソニックタワー（２５階）"}],"6226":[{"pref":"大阪府","city":"大阪市中央区","town":"城見パナソニックタワー（２６階）"}],"6227":[{"pref":"大阪府","city":"大阪市中央区","town":"城見パナソニックタワー（２７階）"}],"6228":[{"pref":"大阪府","city":"大阪市中央区","town":"城見パナソニックタワー（２８階）"}],"6229":[{"pref":"大阪府","city":"大阪市中央区","town":"城見パナソニックタワー（２９階）"}],"6230":[{"pref":"大阪府","city":"大阪市中央区","town":"城見パナソニックタワー（３０階）"}],"6231":[{"pref":"大阪府","city":"大阪市中央区","town":"城見パナソニックタワー（３１階）"}],"6232":[{"pref":"大阪府","city":"大阪市中央区","town":"城見パナソニックタワー（３２階）"}],"6233":[{"pref":"大阪府","city":"大阪市中央区","town":"城見パナソニックタワー（３３階）"}],"6234":[{"pref":"大阪府","city":"大阪市中央区","town":"城見パナソニックタワー（３４階）"}],"6235":[{"pref":"大阪府","city":"大阪市中央区","town":"城見パナソニックタワー（３５階）"}],"6236":[{"pref":"大阪府","city":"大阪市中央区","town":"城見パナソニックタワー（３６階）"}],"6237":[{"pref":"大阪府","city":"大阪市中央区","town":"城見パナソニックタワー（３７階）"}],"6238":[{"pref":"大阪府","city":"大阪市中央区","town":"城見パナソニックタワー（３８階）"}],"6290":[{"pref":"大阪府","city":"大阪市中央区","town":"城見パナソニックタワー（地階・階層不明）"}],"6301":[{"pref":"大阪府","city":"大阪市中央区","town":"城見松下ＩＭＰビル（１階）"}],"6302":[{"pref":"大阪府","city":"大阪市中央区","town":"城見松下ＩＭＰビル（２階）"}],"6303":[{"pref":"大阪府","city":"大阪市中央区","town":"城見松下ＩＭＰビル（３階）"}],"6304":[{"pref":"大阪府","city":"大阪市中央区","town":"城見松下ＩＭＰビル（４階）"}],"6305":[{"pref":"大阪府","city":"大阪市中央区","town":"城見松下ＩＭＰビル（５階）"}],"6306":[{"pref":"大阪府","city":"大阪市中央区","town":"城見松下ＩＭＰビル（６階）"}],"6307":[{"pref":"大阪府","city":"大阪市中央区","town":"城見松下ＩＭＰビル（７階）"}],"6308":[{"pref":"大阪府","city":"大阪市中央区","town":"城見松下ＩＭＰビル（８階）"}],"6309":[{"pref":"大阪府","city":"大阪市中央区","town":"城見松下ＩＭＰビル（９階）"}],"6310":[{"pref":"大阪府","city":"大阪市中央区","town":"城見松下ＩＭＰビル（１０階）"}],"6311":[{"pref":"大阪府","city":"大阪市中央区","town":"城見松下ＩＭＰビル（１１階）"}],"6312":[{"pref":"大阪府","city":"大阪市中央区","town":"城見松下ＩＭＰビル（１２階）"}],"6313":[{"pref":"大阪府","city":"大阪市中央区","town":"城見松下ＩＭＰビル（１３階）"}],"6314":[{"pref":"大阪府","city":"大阪市中央区","town":"城見松下ＩＭＰビル（１４階）"}],"6315":[{"pref":"大阪府","city":"大阪市中央区","town":"城見松下ＩＭＰビル（１５階）"}],"6316":[{"pref":"大阪府","city":"大阪市中央区","town":"城見松下ＩＭＰビル（１６階）"}],"6317":[{"pref":"大阪府","city":"大阪市中央区","town":"城見松下ＩＭＰビル（１７階）"}],"6318":[{"pref":"大阪府","city":"大阪市中央区","town":"城見松下ＩＭＰビル（１８階）"}],"6319":[{"pref":"大阪府","city":"大阪市中央区","town":"城見松下ＩＭＰビル（１９階）"}],"6320":[{"pref":"大阪府","city":"大阪市中央区","town":"城見松下ＩＭＰビル（２０階）"}],"6321":[{"pref":"大阪府","city":"大阪市中央区","town":"城見松下ＩＭＰビル（２１階）"}],"6322":[{"pref":"大阪府","city":"大阪市中央区","town":"城見松下ＩＭＰビル（２２階）"}],"6323":[{"pref":"大阪府","city":"大阪市中央区","town":"城見松下ＩＭＰビル（２３階）"}],"6324":[{"pref":"大阪府","city":"大阪市中央区","town":"城見松下ＩＭＰビル（２４階）"}],"6325":[{"pref":"大阪府","city":"大阪市中央区","town":"城見松下ＩＭＰビル（２５階）"}],"6326":[{"pref":"大阪府","city":"大阪市中央区","town":"城見松下ＩＭＰビル（２６階）"}],"6390":[{"pref":"大阪府","city":"大阪市中央区","town":"城見松下ＩＭＰビル（地階・階層不明）"}],"0019":[{"pref":"大阪府","city":"大阪市中央区","town":"和泉町"}],"0022":[{"pref":"大阪府","city":"大阪市中央区","town":"糸屋町"}],"0005":[{"pref":"大阪府","city":"大阪市中央区","town":"上町"}],"0038":[{"pref":"大阪府","city":"大阪市中央区","town":"内淡路町"}],"0013":[{"pref":"大阪府","city":"大阪市中央区","town":"内久宝寺町"}],"0037":[{"pref":"大阪府","city":"大阪市中央区","town":"内平野町"}],"0026":[{"pref":"大阪府","city":"大阪市中央区","town":"内本町"}],"0002":[{"pref":"大阪府","city":"大阪市中央区","town":"大阪城"}],"0021":[{"pref":"大阪府","city":"大阪市中央区","town":"大手通"}],"0008":[{"pref":"大阪府","city":"大阪市中央区","town":"大手前"}],"0016":[{"pref":"大阪府","city":"大阪市中央区","town":"神崎町"}],"0023":[{"pref":"大阪府","city":"大阪市中央区","town":"北新町"}],"0031":[{"pref":"大阪府","city":"大阪市中央区","town":"北浜東"}],"0018":[{"pref":"大阪府","city":"大阪市中央区","town":"粉川町"}],"0033":[{"pref":"大阪府","city":"大阪市中央区","town":"石町"}],"0010":[{"pref":"大阪府","city":"大阪市中央区","town":"材木町"}],"0034":[{"pref":"大阪府","city":"大阪市中央区","town":"島町"}],"0015":[{"pref":"大阪府","city":"大阪市中央区","town":"十二軒町"}],"0001":[{"pref":"大阪府","city":"大阪市中央区","town":"城見（次のビルを除く）"}],"0012":[{"pref":"大阪府","city":"大阪市中央区","town":"谷町（１～５丁目）"}],"0004":[{"pref":"大阪府","city":"大阪市中央区","town":"玉造"}],"0035":[{"pref":"大阪府","city":"大阪市中央区","town":"釣鐘町"}],"0032":[{"pref":"大阪府","city":"大阪市中央区","town":"天満橋京町"}],"0028":[{"pref":"大阪府","city":"大阪市中央区","town":"常盤町"}],"0025":[{"pref":"大阪府","city":"大阪市中央区","town":"徳井町"}],"0011":[{"pref":"大阪府","city":"大阪市中央区","town":"農人橋"}],"0007":[{"pref":"大阪府","city":"大阪市中央区","town":"馬場町"}],"0039":[{"pref":"大阪府","city":"大阪市中央区","town":"東高麗橋"}],"0036":[{"pref":"大阪府","city":"大阪市中央区","town":"船越町"}],"0006":[{"pref":"大阪府","city":"大阪市中央区","town":"法円坂"}],"0029":[{"pref":"大阪府","city":"大阪市中央区","town":"本町橋"}],"0017":[{"pref":"大阪府","city":"大阪市中央区","town":"松屋町住吉"}],"0024":[{"pref":"大阪府","city":"大阪市中央区","town":"南新町"}],"0003":[{"pref":"大阪府","city":"大阪市中央区","town":"森ノ宮中央"}],"0027":[{"pref":"大阪府","city":"大阪市中央区","town":"鎗屋町"}],"0014":[{"pref":"大阪府","city":"大阪市中央区","town":"龍造寺町"}]}