{"0000":[{"pref":"神奈川県","city":"川崎市高津区","town":"以下に掲載がない場合"}],"0024":[{"pref":"神奈川県","city":"川崎市高津区","town":"明津"}],"0031":[{"pref":"神奈川県","city":"川崎市高津区","town":"宇奈根"}],"0015":[{"pref":"神奈川県","city":"川崎市高津区","town":"梶ケ谷"}],"0025":[{"pref":"神奈川県","city":"川崎市高津区","town":"蟹ケ谷"}],"0034":[{"pref":"神奈川県","city":"川崎市高津区","town":"上作延"}],"0028":[{"pref":"神奈川県","city":"川崎市高津区","town":"北野川"}],"0005":[{"pref":"神奈川県","city":"川崎市高津区","town":"北見方"}],"0032":[{"pref":"神奈川県","city":"川崎市高津区","town":"久地"}],"0012":[{"pref":"神奈川県","city":"川崎市高津区","town":"坂戸"}],"0023":[{"pref":"神奈川県","city":"川崎市高津区","town":"子母口"}],"0033":[{"pref":"神奈川県","city":"川崎市高津区","town":"下作延"}],"0006":[{"pref":"神奈川県","city":"川崎市高津区","town":"下野毛"}],"0014":[{"pref":"神奈川県","city":"川崎市高津区","town":"新作"}],"0013":[{"pref":"神奈川県","city":"川崎市高津区","town":"末長"}],"0004":[{"pref":"神奈川県","city":"川崎市高津区","town":"諏訪"}],"0003":[{"pref":"神奈川県","city":"川崎市高津区","town":"瀬田"}],"0022":[{"pref":"神奈川県","city":"川崎市高津区","town":"千年"}],"0021":[{"pref":"神奈川県","city":"川崎市高津区","town":"千年新町"}],"0029":[{"pref":"神奈川県","city":"川崎市高津区","town":"東野川"}],"0026":[{"pref":"神奈川県","city":"川崎市高津区","town":"久末"}],"0011":[{"pref":"神奈川県","city":"川崎市高津区","town":"久本"}],"0002":[{"pref":"神奈川県","city":"川崎市高津区","town":"二子"}],"0001":[{"pref":"神奈川県","city":"川崎市高津区","town":"溝口"}],"0035":[{"pref":"神奈川県","city":"川崎市高津区","town":"向ケ丘"}]}