{"1101":[{"pref":"京都府","city":"木津川市","town":"加茂町銭司"}],"1102":[{"pref":"京都府","city":"木津川市","town":"加茂町井平尾"}],"1103":[{"pref":"京都府","city":"木津川市","town":"加茂町岡崎"}],"1104":[{"pref":"京都府","city":"木津川市","town":"加茂町河原"}],"1105":[{"pref":"京都府","city":"木津川市","town":"加茂町西"}],"1106":[{"pref":"京都府","city":"木津川市","town":"加茂町例幣"}],"1107":[{"pref":"京都府","city":"木津川市","town":"加茂町奥畑"}],"1111":[{"pref":"京都府","city":"木津川市","town":"加茂町山田"}],"1112":[{"pref":"京都府","city":"木津川市","town":"加茂町兎並"}],"1113":[{"pref":"京都府","city":"木津川市","town":"加茂町北"}],"1121":[{"pref":"京都府","city":"木津川市","town":"加茂町北下手"}],"1122":[{"pref":"京都府","city":"木津川市","town":"加茂町南下手"}],"1123":[{"pref":"京都府","city":"木津川市","town":"加茂町森"}],"1124":[{"pref":"京都府","city":"木津川市","town":"加茂町勝風"}],"1125":[{"pref":"京都府","city":"木津川市","town":"加茂町高去"}],"1126":[{"pref":"京都府","city":"木津川市","town":"加茂町尻枝"}],"1127":[{"pref":"京都府","city":"木津川市","town":"南加茂台"}],"1131":[{"pref":"京都府","city":"木津川市","town":"加茂町辻"}],"1132":[{"pref":"京都府","city":"木津川市","town":"加茂町大畑"}],"1133":[{"pref":"京都府","city":"木津川市","town":"加茂町岩船"}],"1134":[{"pref":"京都府","city":"木津川市","town":"加茂町東小上"},{"pref":"京都府","city":"木津川市","town":"加茂町東小下"}],"1135":[{"pref":"京都府","city":"木津川市","town":"加茂町西小"}],"1136":[{"pref":"京都府","city":"木津川市","town":"加茂町北大門"},{"pref":"京都府","city":"木津川市","town":"加茂町南大門"}],"1141":[{"pref":"京都府","city":"木津川市","town":"加茂町法花寺野"}],"1142":[{"pref":"京都府","city":"木津川市","town":"加茂町大野"}],"1143":[{"pref":"京都府","city":"木津川市","town":"加茂町観音寺"}],"1144":[{"pref":"京都府","city":"木津川市","town":"加茂町高田"}],"1151":[{"pref":"京都府","city":"木津川市","town":"加茂町美浪"}],"1152":[{"pref":"京都府","city":"木津川市","town":"加茂町里"}],"1153":[{"pref":"京都府","city":"木津川市","town":"加茂町駅西"}],"1154":[{"pref":"京都府","city":"木津川市","town":"加茂町駅東"}],"1200":[{"pref":"京都府","city":"相楽郡和束町","town":"以下に掲載がない場合"}],"1201":[{"pref":"京都府","city":"相楽郡和束町","town":"園"}],"1202":[{"pref":"京都府","city":"相楽郡和束町","town":"原山"}],"1203":[{"pref":"京都府","city":"相楽郡和束町","town":"湯船"}],"1204":[{"pref":"京都府","city":"相楽郡和束町","town":"門前"}],"1205":[{"pref":"京都府","city":"相楽郡和束町","town":"中"}],"1211":[{"pref":"京都府","city":"相楽郡和束町","town":"別所"}],"1212":[{"pref":"京都府","city":"相楽郡和束町","town":"釜塚"}],"1213":[{"pref":"京都府","city":"相楽郡和束町","town":"南"}],"1221":[{"pref":"京都府","city":"相楽郡和束町","town":"石寺"}],"1222":[{"pref":"京都府","city":"相楽郡和束町","town":"白栖"}],"1223":[{"pref":"京都府","city":"相楽郡和束町","town":"杣田"}],"1224":[{"pref":"京都府","city":"相楽郡和束町","town":"木屋"}],"1225":[{"pref":"京都府","city":"相楽郡和束町","town":"撰原"}],"1226":[{"pref":"京都府","city":"相楽郡和束町","town":"下島"}],"1300":[{"pref":"京都府","city":"相楽郡笠置町","town":"以下に掲載がない場合"}],"1301":[{"pref":"京都府","city":"相楽郡笠置町","town":"有市"}],"1302":[{"pref":"京都府","city":"相楽郡笠置町","town":"飛鳥路"}],"1303":[{"pref":"京都府","city":"相楽郡笠置町","town":"笠置"}],"1304":[{"pref":"京都府","city":"相楽郡笠置町","town":"切山"}],"1400":[{"pref":"京都府","city":"相楽郡南山城村","town":"以下に掲載がない場合"}],"1401":[{"pref":"京都府","city":"相楽郡南山城村","town":"童仙房"}],"1402":[{"pref":"京都府","city":"相楽郡南山城村","town":"野殿"}],"1411":[{"pref":"京都府","city":"相楽郡南山城村","town":"北大河原"}],"1412":[{"pref":"京都府","city":"相楽郡南山城村","town":"南大河原"}],"1421":[{"pref":"京都府","city":"相楽郡南山城村","town":"田山"}],"1422":[{"pref":"京都府","city":"相楽郡南山城村","town":"高尾"}],"0200":[{"pref":"京都府","city":"木津川市","town":"以下に掲載がない場合"},{"pref":"京都府","city":"相楽郡精華町","town":"以下に掲載がない場合"}],"0213":[{"pref":"京都府","city":"木津川市","town":"市坂"}],"0212":[{"pref":"京都府","city":"木津川市","town":"梅谷"}],"0215":[{"pref":"京都府","city":"木津川市","town":"梅美台"}],"0211":[{"pref":"京都府","city":"木津川市","town":"鹿背山"}],"0224":[{"pref":"京都府","city":"木津川市","town":"兜台"}],"0214":[{"pref":"京都府","city":"木津川市","town":"木津"},{"pref":"京都府","city":"木津川市","town":"木津駅前"}],"0225":[{"pref":"京都府","city":"木津川市","town":"木津川台"}],"0217":[{"pref":"京都府","city":"木津川市","town":"木津町"}],"0216":[{"pref":"京都府","city":"木津川市","town":"州見台"}],"0222":[{"pref":"京都府","city":"木津川市","town":"相楽"}],"0223":[{"pref":"京都府","city":"木津川市","town":"相楽台"}],"0218":[{"pref":"京都府","city":"木津川市","town":"城山台"}],"0221":[{"pref":"京都府","city":"木津川市","town":"吐師"}],"0201":[{"pref":"京都府","city":"木津川市","town":"山城町綺田"}],"0204":[{"pref":"京都府","city":"木津川市","town":"山城町上狛"}],"0206":[{"pref":"京都府","city":"木津川市","town":"山城町北河原"}],"0203":[{"pref":"京都府","city":"木津川市","town":"山城町神童子"}],"0205":[{"pref":"京都府","city":"木津川市","town":"山城町椿井"}],"0202":[{"pref":"京都府","city":"木津川市","town":"山城町平尾"}],"0233":[{"pref":"京都府","city":"相楽郡精華町","town":"乾谷"}],"0236":[{"pref":"京都府","city":"相楽郡精華町","town":"植田"}],"0244":[{"pref":"京都府","city":"相楽郡精華町","town":"北稲八間"}],"0247":[{"pref":"京都府","city":"相楽郡精華町","town":"狛田"}],"0232":[{"pref":"京都府","city":"相楽郡精華町","town":"桜が丘"}],"0234":[{"pref":"京都府","city":"相楽郡精華町","town":"柘榴"}],"0245":[{"pref":"京都府","city":"相楽郡精華町","town":"下狛"}],"0242":[{"pref":"京都府","city":"相楽郡精華町","town":"菅井"}],"0238":[{"pref":"京都府","city":"相楽郡精華町","town":"精華台"}],"0235":[{"pref":"京都府","city":"相楽郡精華町","town":"東畑"}],"0237":[{"pref":"京都府","city":"相楽郡精華町","town":"光台"}],"0246":[{"pref":"京都府","city":"相楽郡精華町","town":"菱田"}],"0241":[{"pref":"京都府","city":"相楽郡精華町","town":"祝園"}],"0240":[{"pref":"京都府","city":"相楽郡精華町","town":"祝園西"}],"0243":[{"pref":"京都府","city":"相楽郡精華町","town":"南稲八妻"}],"0231":[{"pref":"京都府","city":"相楽郡精華町","town":"山田"}]}