{"0032":[{"pref":"北海道","city":"岩内郡共和町","town":"老古美"}],"0122":[{"pref":"北海道","city":"岩内郡共和町","town":"発足"}],"0121":[{"pref":"北海道","city":"岩内郡共和町","town":"幌似"}],"0123":[{"pref":"北海道","city":"岩内郡共和町","town":"宮丘"}],"0031":[{"pref":"北海道","city":"岩内郡共和町","town":"梨野舞納"}],"0000":[{"pref":"北海道","city":"岩内郡岩内町","town":"以下に掲載がない場合"}],"0023":[{"pref":"北海道","city":"岩内郡岩内町","town":"相生"}],"0001":[{"pref":"北海道","city":"岩内郡岩内町","town":"大浜"}],"0022":[{"pref":"北海道","city":"岩内郡岩内町","town":"清住"}],"0011":[{"pref":"北海道","city":"岩内郡岩内町","town":"栄"}],"0025":[{"pref":"北海道","city":"岩内郡岩内町","town":"敷島内"}],"0013":[{"pref":"北海道","city":"岩内郡岩内町","town":"高台"}],"0024":[{"pref":"北海道","city":"岩内郡岩内町","town":"野束"}],"0002":[{"pref":"北海道","city":"岩内郡岩内町","town":"東山"}],"0003":[{"pref":"北海道","city":"岩内郡岩内町","town":"万代"}],"0026":[{"pref":"北海道","city":"岩内郡岩内町","town":"御崎"}],"0012":[{"pref":"北海道","city":"岩内郡岩内町","town":"宮園"}],"0021":[{"pref":"北海道","city":"岩内郡岩内町","town":"大和"}],"0200":[{"pref":"北海道","city":"古宇郡泊村","town":"以下に掲載がない場合"}],"0205":[{"pref":"北海道","city":"古宇郡泊村","town":"興志内村"}],"0202":[{"pref":"北海道","city":"古宇郡泊村","town":"茅沼村"}],"0204":[{"pref":"北海道","city":"古宇郡泊村","town":"盃村"}],"0203":[{"pref":"北海道","city":"古宇郡泊村","town":"泊村"}],"0201":[{"pref":"北海道","city":"古宇郡泊村","town":"堀株村"}],"0300":[{"pref":"北海道","city":"古宇郡神恵内村","town":"以下に掲載がない場合"}],"0302":[{"pref":"北海道","city":"古宇郡神恵内村","town":"赤石村"}],"0301":[{"pref":"北海道","city":"古宇郡神恵内村","town":"神恵内村"}],"0303":[{"pref":"北海道","city":"古宇郡神恵内村","town":"珊内村"}]}