{"0000":[{"pref":"東京都","city":"中野区","town":"以下に掲載がない場合"}],"0002":[{"pref":"東京都","city":"中野区","town":"上高田"}],"0011":[{"pref":"東京都","city":"中野区","town":"中央"}],"0001":[{"pref":"東京都","city":"中野区","town":"中野"}],"0003":[{"pref":"東京都","city":"中野区","town":"東中野"}],"0012":[{"pref":"東京都","city":"中野区","town":"本町"}],"0014":[{"pref":"東京都","city":"中野区","town":"南台"}],"0013":[{"pref":"東京都","city":"中野区","town":"弥生町"}]}