{"0071":[{"pref":"兵庫県","city":"明石市","town":"魚住町金ケ崎"}],"0073":[{"pref":"兵庫県","city":"明石市","town":"魚住町鴨池"}],"0074":[{"pref":"兵庫県","city":"明石市","town":"魚住町清水"}],"0083":[{"pref":"兵庫県","city":"明石市","town":"魚住町住吉"}],"0072":[{"pref":"兵庫県","city":"明石市","town":"魚住町長坂寺"}],"0082":[{"pref":"兵庫県","city":"明石市","town":"魚住町中尾"}],"0084":[{"pref":"兵庫県","city":"明石市","town":"魚住町西岡"}],"0081":[{"pref":"兵庫県","city":"明石市","town":"魚住町錦が丘"}],"0059":[{"pref":"兵庫県","city":"明石市","town":"大久保町茜"}],"0064":[{"pref":"兵庫県","city":"明石市","town":"大久保町江井島"}],"0058":[{"pref":"兵庫県","city":"明石市","town":"大久保町駅前"}],"0051":[{"pref":"兵庫県","city":"明石市","town":"大久保町大窪"}],"0067":[{"pref":"兵庫県","city":"明石市","town":"大久保町大久保町"}],"0057":[{"pref":"兵庫県","city":"明石市","town":"大久保町高丘"}],"0062":[{"pref":"兵庫県","city":"明石市","town":"大久保町谷八木"}],"0065":[{"pref":"兵庫県","city":"明石市","town":"大久保町西島"}],"0054":[{"pref":"兵庫県","city":"明石市","town":"大久保町西脇"}],"0066":[{"pref":"兵庫県","city":"明石市","town":"大久保町福田"}],"0053":[{"pref":"兵庫県","city":"明石市","town":"大久保町松陰"}],"0052":[{"pref":"兵庫県","city":"明石市","town":"大久保町松陰新田"}],"0050":[{"pref":"兵庫県","city":"明石市","town":"大久保町松陰山手"}],"0055":[{"pref":"兵庫県","city":"明石市","town":"大久保町緑が丘"}],"0061":[{"pref":"兵庫県","city":"明石市","town":"大久保町森田"}],"0063":[{"pref":"兵庫県","city":"明石市","town":"大久保町八木"}],"0056":[{"pref":"兵庫県","city":"明石市","town":"大久保町山手台"}],"0068":[{"pref":"兵庫県","city":"明石市","town":"大久保町ゆりのき通"}],"0069":[{"pref":"兵庫県","city":"明石市","town":"大久保町わかば"}],"0092":[{"pref":"兵庫県","city":"明石市","town":"二見町東二見"}],"0094":[{"pref":"兵庫県","city":"明石市","town":"二見町西二見"}],"0095":[{"pref":"兵庫県","city":"明石市","town":"二見町西二見駅前"}],"0093":[{"pref":"兵庫県","city":"明石市","town":"二見町南二見"}],"0091":[{"pref":"兵庫県","city":"明石市","town":"二見町福里"}]}