{"0000":[{"pref":"大阪府","city":"大阪市此花区","town":"以下に掲載がない場合"}],"0011":[{"pref":"大阪府","city":"大阪市此花区","town":"朝日"}],"0032":[{"pref":"大阪府","city":"大阪市此花区","town":"梅町"}],"0022":[{"pref":"大阪府","city":"大阪市此花区","town":"春日出中"}],"0023":[{"pref":"大阪府","city":"大阪市此花区","town":"春日出南"}],"0021":[{"pref":"大阪府","city":"大阪市此花区","town":"春日出北"}],"0031":[{"pref":"大阪府","city":"大阪市此花区","town":"桜島"}],"0014":[{"pref":"大阪府","city":"大阪市此花区","town":"四貫島"}],"0024":[{"pref":"大阪府","city":"大阪市此花区","town":"島屋"}],"0001":[{"pref":"大阪府","city":"大阪市此花区","town":"高見"}],"0052":[{"pref":"大阪府","city":"大阪市此花区","town":"常吉"}],"0002":[{"pref":"大阪府","city":"大阪市此花区","town":"伝法"}],"0051":[{"pref":"大阪府","city":"大阪市此花区","town":"酉島"}],"0012":[{"pref":"大阪府","city":"大阪市此花区","town":"西九条"}],"0013":[{"pref":"大阪府","city":"大阪市此花区","town":"梅香"}],"0033":[{"pref":"大阪府","city":"大阪市此花区","town":"北港"}],"0041":[{"pref":"大阪府","city":"大阪市此花区","town":"北港白津"}],"0042":[{"pref":"大阪府","city":"大阪市此花区","town":"北港緑地"}],"0043":[{"pref":"大阪府","city":"大阪市此花区","town":"夢洲東"}]}