{"0000":[{"pref":"北海道","city":"浦河郡浦河町","town":"以下に掲載がない場合"}],"0011":[{"pref":"北海道","city":"浦河郡浦河町","town":"旭町"}],"0035":[{"pref":"北海道","city":"浦河郡浦河町","town":"井寒台"}],"0014":[{"pref":"北海道","city":"浦河郡浦河町","town":"入船町"}],"0036":[{"pref":"北海道","city":"浦河郡浦河町","town":"絵笛"}],"0013":[{"pref":"北海道","city":"浦河郡浦河町","town":"大通"}],"0173":[{"pref":"北海道","city":"浦河郡浦河町","town":"上杵臼"}],"0174":[{"pref":"北海道","city":"浦河郡浦河町","town":"上西舎"}],"0027":[{"pref":"北海道","city":"浦河郡浦河町","town":"上向別"}],"0172":[{"pref":"北海道","city":"浦河郡浦河町","town":"杵臼"}],"0033":[{"pref":"北海道","city":"浦河郡浦河町","town":"堺町東"}],"0034":[{"pref":"北海道","city":"浦河郡浦河町","town":"堺町西"}],"0023":[{"pref":"北海道","city":"浦河郡浦河町","town":"栄丘"}],"0021":[{"pref":"北海道","city":"浦河郡浦河町","town":"潮見町"}],"0022":[{"pref":"北海道","city":"浦河郡浦河町","town":"昌平町"}],"0003":[{"pref":"北海道","city":"浦河郡浦河町","town":"白泉"}],"0004":[{"pref":"北海道","city":"浦河郡浦河町","town":"月寒"}],"0024":[{"pref":"北海道","city":"浦河郡浦河町","town":"築地"}],"0012":[{"pref":"北海道","city":"浦河郡浦河町","town":"常盤町"}],"0171":[{"pref":"北海道","city":"浦河郡浦河町","town":"西舎"}],"0002":[{"pref":"北海道","city":"浦河郡浦河町","town":"西幌別"}],"0015":[{"pref":"北海道","city":"浦河郡浦河町","town":"浜町"}],"0005":[{"pref":"北海道","city":"浦河郡浦河町","town":"東町うしお"}],"0006":[{"pref":"北海道","city":"浦河郡浦河町","town":"東町かしわ"}],"0007":[{"pref":"北海道","city":"浦河郡浦河町","town":"東町ちのみ"}],"0001":[{"pref":"北海道","city":"浦河郡浦河町","town":"東幌別（１～１３１番地）"}],"0025":[{"pref":"北海道","city":"浦河郡浦河町","town":"緑町"}],"0031":[{"pref":"北海道","city":"浦河郡浦河町","town":"向が丘東"}],"0032":[{"pref":"北海道","city":"浦河郡浦河町","town":"向が丘西"}],"0026":[{"pref":"北海道","city":"浦河郡浦河町","town":"向別"}]}