{"0941":[{"pref":"熊本県","city":"熊本市中央区","town":"出水"},{"pref":"熊本県","city":"熊本市東区","town":"出水"}],"0942":[{"pref":"熊本県","city":"熊本市中央区","town":"江津"},{"pref":"熊本県","city":"熊本市東区","town":"江津"}],"0971":[{"pref":"熊本県","city":"熊本市中央区","town":"大江"}],"0973":[{"pref":"熊本県","city":"熊本市中央区","town":"大江本町"}],"0958":[{"pref":"熊本県","city":"熊本市中央区","town":"岡田町"}],"0924":[{"pref":"熊本県","city":"熊本市中央区","town":"帯山"},{"pref":"熊本県","city":"熊本市東区","town":"帯山"}],"0953":[{"pref":"熊本県","city":"熊本市中央区","town":"上京塚町"}],"0951":[{"pref":"熊本県","city":"熊本市中央区","town":"上水前寺"}],"0976":[{"pref":"熊本県","city":"熊本市中央区","town":"九品寺"}],"0954":[{"pref":"熊本県","city":"熊本市中央区","town":"神水"}],"0955":[{"pref":"熊本県","city":"熊本市中央区","town":"神水本町"},{"pref":"熊本県","city":"熊本市東区","town":"神水本町"}],"0949":[{"pref":"熊本県","city":"熊本市中央区","town":"国府"}],"0948":[{"pref":"熊本県","city":"熊本市中央区","town":"国府本町"}],"0909":[{"pref":"熊本県","city":"熊本市中央区","town":"湖東"},{"pref":"熊本県","city":"熊本市東区","town":"湖東"}],"0922":[{"pref":"熊本県","city":"熊本市中央区","town":"三郎"},{"pref":"熊本県","city":"熊本市東区","town":"三郎"}],"0972":[{"pref":"熊本県","city":"熊本市中央区","town":"新大江"}],"0975":[{"pref":"熊本県","city":"熊本市中央区","town":"新屋敷"}],"0950":[{"pref":"熊本県","city":"熊本市中央区","town":"水前寺"}],"0956":[{"pref":"熊本県","city":"熊本市中央区","town":"水前寺公園"}],"0957":[{"pref":"熊本県","city":"熊本市中央区","town":"菅原町"}],"0970":[{"pref":"熊本県","city":"熊本市中央区","town":"渡鹿"},{"pref":"熊本県","city":"熊本市東区","town":"渡鹿"}],"0959":[{"pref":"熊本県","city":"熊本市中央区","town":"白山"}],"0923":[{"pref":"熊本県","city":"熊本市中央区","town":"東京塚町"},{"pref":"熊本県","city":"熊本市東区","town":"東京塚町"}],"0926":[{"pref":"熊本県","city":"熊本市中央区","town":"保田窪"},{"pref":"熊本県","city":"熊本市東区","town":"保田窪"}],"0961":[{"pref":"熊本県","city":"熊本市東区","town":"画図東"}],"0944":[{"pref":"熊本県","city":"熊本市東区","town":"画図町上無田"}],"0947":[{"pref":"熊本県","city":"熊本市東区","town":"画図町重富"}],"0943":[{"pref":"熊本県","city":"熊本市東区","town":"画図町下江津"}],"0945":[{"pref":"熊本県","city":"熊本市東区","town":"画図町下無田"}],"0946":[{"pref":"熊本県","city":"熊本市東区","town":"画図町所島"}],"0917":[{"pref":"熊本県","city":"熊本市東区","town":"榎町"}],"0913":[{"pref":"熊本県","city":"熊本市東区","town":"尾ノ上"}],"0933":[{"pref":"熊本県","city":"熊本市東区","town":"小峯"}],"0952":[{"pref":"熊本県","city":"熊本市東区","town":"京塚本町"}],"0911":[{"pref":"熊本県","city":"熊本市東区","town":"健軍"}],"0910":[{"pref":"熊本県","city":"熊本市東区","town":"健軍本町"}],"0904":[{"pref":"熊本県","city":"熊本市東区","town":"栄町"}],"0916":[{"pref":"熊本県","city":"熊本市東区","town":"佐土原"}],"0960":[{"pref":"熊本県","city":"熊本市東区","town":"下江津"}],"0908":[{"pref":"熊本県","city":"熊本市東区","town":"新生"}],"0921":[{"pref":"熊本県","city":"熊本市東区","town":"新外"}],"0907":[{"pref":"熊本県","city":"熊本市東区","town":"水源"}],"0920":[{"pref":"熊本県","city":"熊本市東区","town":"月出"}],"0912":[{"pref":"熊本県","city":"熊本市東区","town":"錦ケ丘"}],"0918":[{"pref":"熊本県","city":"熊本市東区","town":"花立（５、６丁目）"}],"0902":[{"pref":"熊本県","city":"熊本市東区","town":"東本町"}],"0901":[{"pref":"熊本県","city":"熊本市東区","town":"東町"}],"0906":[{"pref":"熊本県","city":"熊本市東区","town":"広木町"}],"0925":[{"pref":"熊本県","city":"熊本市東区","town":"保田窪本町"}],"0905":[{"pref":"熊本県","city":"熊本市東区","town":"南町"}],"0914":[{"pref":"熊本県","city":"熊本市東区","town":"山ノ内"}],"0915":[{"pref":"熊本県","city":"熊本市東区","town":"山ノ神"}],"0903":[{"pref":"熊本県","city":"熊本市東区","town":"若葉（１～３丁目）"}],"0963":[{"pref":"熊本県","city":"熊本市南区","town":"出仲間"}],"0965":[{"pref":"熊本県","city":"熊本市南区","town":"田井島"},{"pref":"熊本県","city":"熊本市南区","town":"田迎町田井島"}],"0962":[{"pref":"熊本県","city":"熊本市南区","town":"田迎"}],"0966":[{"pref":"熊本県","city":"熊本市南区","town":"田迎町良町"}],"0968":[{"pref":"熊本県","city":"熊本市南区","town":"馬渡"}],"0969":[{"pref":"熊本県","city":"熊本市南区","town":"良町"}],"0967":[{"pref":"熊本県","city":"熊本市南区","town":"流通団地"}]}