{"1100":[{"pref":"青森県","city":"南津軽郡田舎館村","town":"以下に掲載がない場合"}],"1101":[{"pref":"青森県","city":"南津軽郡田舎館村","town":"東光寺"}],"1102":[{"pref":"青森県","city":"南津軽郡田舎館村","town":"堂野前"}],"1103":[{"pref":"青森県","city":"南津軽郡田舎館村","town":"十二川原"}],"1104":[{"pref":"青森県","city":"南津軽郡田舎館村","town":"枝川"}],"1111":[{"pref":"青森県","city":"南津軽郡田舎館村","town":"高樋"}],"1112":[{"pref":"青森県","city":"南津軽郡田舎館村","town":"垂柳"}],"1113":[{"pref":"青森県","city":"南津軽郡田舎館村","town":"田舎舘"}],"1121":[{"pref":"青森県","city":"南津軽郡田舎館村","town":"畑中"}],"1122":[{"pref":"青森県","city":"南津軽郡田舎館村","town":"八反田"}],"1123":[{"pref":"青森県","city":"南津軽郡田舎館村","town":"大曲"}],"1131":[{"pref":"青森県","city":"南津軽郡田舎館村","town":"大袋"}],"1132":[{"pref":"青森県","city":"南津軽郡田舎館村","town":"諏訪堂"}],"1133":[{"pref":"青森県","city":"南津軽郡田舎館村","town":"大根子"}],"1134":[{"pref":"青森県","city":"南津軽郡田舎館村","town":"豊蒔"}],"1141":[{"pref":"青森県","city":"南津軽郡田舎館村","town":"川部"}],"1142":[{"pref":"青森県","city":"南津軽郡田舎館村","town":"和泉"}],"1143":[{"pref":"青森県","city":"南津軽郡田舎館村","town":"境森"}],"1144":[{"pref":"青森県","city":"南津軽郡田舎館村","town":"前田屋敷"}],"1145":[{"pref":"青森県","city":"南津軽郡田舎館村","town":"土矢倉"}],"1201":[{"pref":"青森県","city":"南津軽郡藤崎町","town":"福舘"}],"1202":[{"pref":"青森県","city":"南津軽郡藤崎町","town":"富柳"}],"1203":[{"pref":"青森県","city":"南津軽郡藤崎町","town":"久井名舘"}],"1204":[{"pref":"青森県","city":"南津軽郡藤崎町","town":"水木"}],"1205":[{"pref":"青森県","city":"南津軽郡藤崎町","town":"吉野田"}],"1206":[{"pref":"青森県","city":"南津軽郡藤崎町","town":"郷山前"}],"1207":[{"pref":"青森県","city":"南津軽郡藤崎町","town":"増館"}],"1211":[{"pref":"青森県","city":"南津軽郡藤崎町","town":"福島"}],"1212":[{"pref":"青森県","city":"南津軽郡藤崎町","town":"三ツ屋"}],"1213":[{"pref":"青森県","city":"南津軽郡藤崎町","town":"徳下"}],"1214":[{"pref":"青森県","city":"南津軽郡藤崎町","town":"常盤"}],"1215":[{"pref":"青森県","city":"南津軽郡藤崎町","town":"若松"}],"1216":[{"pref":"青森県","city":"南津軽郡藤崎町","town":"榊"}],"1301":[{"pref":"青森県","city":"青森市","town":"浪岡大釈迦"}],"1302":[{"pref":"青森県","city":"青森市","town":"浪岡長沼"}],"1303":[{"pref":"青森県","city":"青森市","town":"浪岡徳才子"}],"1304":[{"pref":"青森県","city":"青森市","town":"浪岡高屋敷"}],"1305":[{"pref":"青森県","city":"青森市","town":"浪岡杉沢"}],"1306":[{"pref":"青森県","city":"青森市","town":"浪岡福田"}],"1311":[{"pref":"青森県","city":"青森市","town":"浪岡浪岡"}],"1312":[{"pref":"青森県","city":"青森市","town":"浪岡五本松"}],"1313":[{"pref":"青森県","city":"青森市","town":"浪岡王余魚沢"}],"1321":[{"pref":"青森県","city":"青森市","town":"浪岡相沢"}],"1322":[{"pref":"青森県","city":"青森市","town":"浪岡細野"}],"1323":[{"pref":"青森県","city":"青森市","town":"浪岡本郷"}],"1324":[{"pref":"青森県","city":"青森市","town":"浪岡吉内"}],"1325":[{"pref":"青森県","city":"青森市","town":"浪岡北中野"}],"1331":[{"pref":"青森県","city":"青森市","town":"浪岡女鹿沢"}],"1332":[{"pref":"青森県","city":"青森市","town":"浪岡下十川"}],"1333":[{"pref":"青森県","city":"青森市","town":"浪岡増館"}],"1341":[{"pref":"青森県","city":"青森市","town":"浪岡銀"}],"1342":[{"pref":"青森県","city":"青森市","town":"浪岡樽沢"}],"1343":[{"pref":"青森県","city":"青森市","town":"浪岡郷山前"}],"1344":[{"pref":"青森県","city":"青森市","town":"浪岡吉野田"}],"1345":[{"pref":"青森県","city":"青森市","town":"浪岡下石川"}],"2201":[{"pref":"青森県","city":"西津軽郡深浦町","town":"沢辺"}],"2202":[{"pref":"青森県","city":"西津軽郡深浦町","town":"岩崎"}],"2203":[{"pref":"青森県","city":"西津軽郡深浦町","town":"正道尻"}],"2204":[{"pref":"青森県","city":"西津軽郡深浦町","town":"久田"}],"2205":[{"pref":"青森県","city":"西津軽郡深浦町","town":"森山"}],"2206":[{"pref":"青森県","city":"西津軽郡深浦町","town":"松神"}],"2207":[{"pref":"青森県","city":"西津軽郡深浦町","town":"黒崎"}],"2208":[{"pref":"青森県","city":"西津軽郡深浦町","town":"大間越"}],"2300":[{"pref":"青森県","city":"西津軽郡深浦町","town":"以下に掲載がない場合"}],"2321":[{"pref":"青森県","city":"西津軽郡深浦町","town":"広戸"}],"2322":[{"pref":"青森県","city":"西津軽郡深浦町","town":"長慶平"}],"2323":[{"pref":"青森県","city":"西津軽郡深浦町","town":"上長慶平"}],"2324":[{"pref":"青森県","city":"西津軽郡深浦町","town":"深浦"}],"2325":[{"pref":"青森県","city":"西津軽郡深浦町","town":"横磯"}],"2326":[{"pref":"青森県","city":"西津軽郡深浦町","town":"月屋"}],"2327":[{"pref":"青森県","city":"西津軽郡深浦町","town":"舮作"}],"2411":[{"pref":"青森県","city":"西津軽郡深浦町","town":"風合瀬"}],"2412":[{"pref":"青森県","city":"西津軽郡深浦町","town":"驫木"}],"2413":[{"pref":"青森県","city":"西津軽郡深浦町","town":"追良瀬"}],"2501":[{"pref":"青森県","city":"西津軽郡深浦町","town":"柳田"}],"2502":[{"pref":"青森県","city":"西津軽郡深浦町","town":"岩坂"}],"2503":[{"pref":"青森県","city":"西津軽郡深浦町","town":"関"}],"2504":[{"pref":"青森県","city":"西津軽郡深浦町","town":"北金ケ沢"}],"2505":[{"pref":"青森県","city":"西津軽郡深浦町","town":"田野沢"}],"2700":[{"pref":"青森県","city":"西津軽郡鰺ヶ沢町","town":"以下に掲載がない場合"}],"2701":[{"pref":"青森県","city":"西津軽郡鰺ヶ沢町","town":"北浮田町"}],"2702":[{"pref":"青森県","city":"西津軽郡鰺ヶ沢町","town":"建石町"}],"2703":[{"pref":"青森県","city":"西津軽郡鰺ヶ沢町","town":"小屋敷町"}],"2704":[{"pref":"青森県","city":"西津軽郡鰺ヶ沢町","town":"湯舟町"}],"2705":[{"pref":"青森県","city":"西津軽郡鰺ヶ沢町","town":"南浮田町"}],"2711":[{"pref":"青森県","city":"西津軽郡鰺ヶ沢町","town":"中村町"}],"2712":[{"pref":"青森県","city":"西津軽郡鰺ヶ沢町","town":"長平町"}],"2713":[{"pref":"青森県","city":"西津軽郡鰺ヶ沢町","town":"松代町"}],"2714":[{"pref":"青森県","city":"西津軽郡鰺ヶ沢町","town":"芦萢町"}],"2715":[{"pref":"青森県","city":"西津軽郡鰺ヶ沢町","town":"浜横沢町"}],"2721":[{"pref":"青森県","city":"西津軽郡鰺ヶ沢町","town":"深谷町"}],"2722":[{"pref":"青森県","city":"西津軽郡鰺ヶ沢町","town":"小森町"}],"2723":[{"pref":"青森県","city":"西津軽郡鰺ヶ沢町","town":"一ツ森町"}],"2724":[{"pref":"青森県","city":"西津軽郡鰺ヶ沢町","town":"鬼袋町"}],"2725":[{"pref":"青森県","city":"西津軽郡鰺ヶ沢町","town":"種里町"}],"2731":[{"pref":"青森県","city":"西津軽郡鰺ヶ沢町","town":"赤石町"}],"2732":[{"pref":"青森県","city":"西津軽郡鰺ヶ沢町","town":"日照田町"}],"2733":[{"pref":"青森県","city":"西津軽郡鰺ヶ沢町","town":"館前町"}],"2734":[{"pref":"青森県","city":"西津軽郡鰺ヶ沢町","town":"南金沢町"}],"2735":[{"pref":"青森県","city":"西津軽郡鰺ヶ沢町","town":"姥袋町"}],"2741":[{"pref":"青森県","city":"西津軽郡鰺ヶ沢町","town":"浜町"}],"2742":[{"pref":"青森県","city":"西津軽郡鰺ヶ沢町","town":"新町"}],"2743":[{"pref":"青森県","city":"西津軽郡鰺ヶ沢町","town":"釣町"}],"2744":[{"pref":"青森県","city":"西津軽郡鰺ヶ沢町","town":"漁師町"}],"2745":[{"pref":"青森県","city":"西津軽郡鰺ヶ沢町","town":"新地町"}],"2746":[{"pref":"青森県","city":"西津軽郡鰺ヶ沢町","town":"富根町"}],"2747":[{"pref":"青森県","city":"西津軽郡鰺ヶ沢町","town":"淀町"}],"2751":[{"pref":"青森県","city":"西津軽郡鰺ヶ沢町","town":"田中町"}],"2752":[{"pref":"青森県","city":"西津軽郡鰺ヶ沢町","town":"七ツ石町"}],"2753":[{"pref":"青森県","city":"西津軽郡鰺ヶ沢町","town":"本町"}],"2754":[{"pref":"青森県","city":"西津軽郡鰺ヶ沢町","town":"米町"}],"2761":[{"pref":"青森県","city":"西津軽郡鰺ヶ沢町","town":"舞戸町"}],"2801":[{"pref":"青森県","city":"つがる市","town":"木造丸山"}],"2803":[{"pref":"青森県","city":"つがる市","town":"木造下福原"}],"2804":[{"pref":"青森県","city":"つがる市","town":"木造三ツ館"}],"2806":[{"pref":"青森県","city":"つがる市","town":"木造越水"}],"2808":[{"pref":"青森県","city":"つがる市","town":"木造吹原"}],"2811":[{"pref":"青森県","city":"つがる市","town":"森田町上相野"}],"2812":[{"pref":"青森県","city":"つがる市","town":"森田町下相野"}],"2813":[{"pref":"青森県","city":"つがる市","town":"森田町妙堂崎"}],"2814":[{"pref":"青森県","city":"つがる市","town":"森田町中田"}],"2815":[{"pref":"青森県","city":"つがる市","town":"森田町山田"}],"2816":[{"pref":"青森県","city":"つがる市","town":"森田町森田"}],"2817":[{"pref":"青森県","city":"つがる市","town":"森田町床舞"}],"2818":[{"pref":"青森県","city":"つがる市","town":"森田町大館"}],"3100":[{"pref":"青森県","city":"つがる市","town":"以下に掲載がない場合"}],"3101":[{"pref":"青森県","city":"つがる市","town":"柏鷺坂"}],"3102":[{"pref":"青森県","city":"つがる市","town":"柏下古川"}],"3103":[{"pref":"青森県","city":"つがる市","town":"柏上古川"}],"3104":[{"pref":"青森県","city":"つがる市","town":"柏桑野木田"}],"3105":[{"pref":"青森県","city":"つがる市","town":"柏広須"}],"3106":[{"pref":"青森県","city":"つがる市","town":"柏玉水"}],"3107":[{"pref":"青森県","city":"つがる市","town":"柏稲盛"}],"3111":[{"pref":"青森県","city":"つがる市","town":"木造豊田"}],"3112":[{"pref":"青森県","city":"つがる市","town":"木造川除"}],"3113":[{"pref":"青森県","city":"つがる市","town":"木造芦沼"}],"3114":[{"pref":"青森県","city":"つがる市","town":"木造成田"}],"3115":[{"pref":"青森県","city":"つがる市","town":"木造蓮川"}],"3121":[{"pref":"青森県","city":"つがる市","town":"木造早田"}],"3122":[{"pref":"青森県","city":"つがる市","town":"木造追広"}],"3123":[{"pref":"青森県","city":"つがる市","town":"木造藤田"}],"3124":[{"pref":"青森県","city":"つがる市","town":"木造朝日"}],"3125":[{"pref":"青森県","city":"つがる市","town":"木造鶴泊"}],"3126":[{"pref":"青森県","city":"つがる市","town":"木造森内"}],"3127":[{"pref":"青森県","city":"つがる市","town":"木造森山"}],"3128":[{"pref":"青森県","city":"つがる市","town":"木造森本"}],"3131":[{"pref":"青森県","city":"つがる市","town":"木造千年"}],"3132":[{"pref":"青森県","city":"つがる市","town":"木造清水"}],"3133":[{"pref":"青森県","city":"つがる市","town":"木造末広"}],"3134":[{"pref":"青森県","city":"つがる市","town":"木造種取"}],"3135":[{"pref":"青森県","city":"つがる市","town":"木造有楽町"}],"3136":[{"pref":"青森県","city":"つがる市","town":"木造萩野"}],"3137":[{"pref":"青森県","city":"つがる市","town":"木造若宮"}],"3138":[{"pref":"青森県","city":"つがる市","town":"木造若緑"}],"3139":[{"pref":"青森県","city":"つがる市","town":"木造萩流"}],"3141":[{"pref":"青森県","city":"つがる市","town":"木造浮巣"}],"3142":[{"pref":"青森県","city":"つがる市","town":"木造赤根"}],"3143":[{"pref":"青森県","city":"つがる市","town":"木造日向"}],"3144":[{"pref":"青森県","city":"つがる市","town":"木造曙"}],"3145":[{"pref":"青森県","city":"つがる市","town":"木造千代町"}],"3146":[{"pref":"青森県","city":"つがる市","town":"木造桜木"}],"3151":[{"pref":"青森県","city":"つがる市","town":"木造若竹"}],"3152":[{"pref":"青森県","city":"つがる市","town":"木造藤岡"}],"3153":[{"pref":"青森県","city":"つがる市","town":"木造野宮"}],"3154":[{"pref":"青森県","city":"つがる市","town":"木造照日"}],"3155":[{"pref":"青森県","city":"つがる市","town":"木造増田"}],"3156":[{"pref":"青森県","city":"つがる市","town":"木造宮井"}],"3157":[{"pref":"青森県","city":"つがる市","town":"木造宮崎"}],"3158":[{"pref":"青森県","city":"つがる市","town":"木造房松"}],"3159":[{"pref":"青森県","city":"つがる市","town":"木造桜川"}],"3161":[{"pref":"青森県","city":"つがる市","town":"木造濁川"}],"3162":[{"pref":"青森県","city":"つがる市","town":"木造浦船"}],"3163":[{"pref":"青森県","city":"つがる市","town":"木造中館"}],"3164":[{"pref":"青森県","city":"つがる市","town":"木造柴田"}],"3165":[{"pref":"青森県","city":"つがる市","town":"木造菊川"}],"3166":[{"pref":"青森県","city":"つがる市","town":"木造福原"}],"3167":[{"pref":"青森県","city":"つがる市","town":"木造千代田"}],"3271":[{"pref":"青森県","city":"つがる市","town":"木造善積"}],"3272":[{"pref":"青森県","city":"つがる市","town":"木造兼館"}],"3273":[{"pref":"青森県","city":"つがる市","town":"木造出野里"}],"3274":[{"pref":"青森県","city":"つがる市","town":"木造蓮花田"}],"3275":[{"pref":"青森県","city":"つがる市","town":"木造永田"}],"3276":[{"pref":"青森県","city":"つがる市","town":"木造林"}],"3277":[{"pref":"青森県","city":"つがる市","town":"木造大畑"}],"3278":[{"pref":"青森県","city":"つがる市","town":"木造土滝"}],"3281":[{"pref":"青森県","city":"つがる市","town":"木造平滝"}],"3282":[{"pref":"青森県","city":"つがる市","town":"木造筒木坂"}],"3283":[{"pref":"青森県","city":"つがる市","town":"木造館岡"}],"3284":[{"pref":"青森県","city":"つがる市","town":"木造亀ケ岡"}],"3285":[{"pref":"青森県","city":"つがる市","town":"木造大湯町"}],"3286":[{"pref":"青森県","city":"つがる市","town":"木造菰槌"}],"3287":[{"pref":"青森県","city":"つがる市","town":"木造下遠山里"}],"3288":[{"pref":"青森県","city":"つがる市","town":"木造出来島"}],"3301":[{"pref":"青森県","city":"つがる市","town":"富萢町"}],"3302":[{"pref":"青森県","city":"つがる市","town":"豊富町"}],"3303":[{"pref":"青森県","city":"つがる市","town":"車力町"}],"3304":[{"pref":"青森県","city":"つがる市","town":"下車力町"}],"3305":[{"pref":"青森県","city":"つがる市","town":"牛潟町"}],"3306":[{"pref":"青森県","city":"つがる市","town":"下牛潟町"}],"3500":[{"pref":"青森県","city":"北津軽郡鶴田町","town":"以下に掲載がない場合"}],"3501":[{"pref":"青森県","city":"北津軽郡鶴田町","town":"大巻"}],"3502":[{"pref":"青森県","city":"北津軽郡鶴田町","town":"強巻"}],"3503":[{"pref":"青森県","city":"北津軽郡鶴田町","town":"鶴田"}],"3511":[{"pref":"青森県","city":"北津軽郡鶴田町","town":"横萢"}],"3512":[{"pref":"青森県","city":"北津軽郡鶴田町","town":"瀬良沢"}],"3513":[{"pref":"青森県","city":"北津軽郡鶴田町","town":"沖"}],"3514":[{"pref":"青森県","city":"北津軽郡鶴田町","town":"中野"}],"3515":[{"pref":"青森県","city":"北津軽郡鶴田町","town":"山道"}],"3521":[{"pref":"青森県","city":"北津軽郡鶴田町","town":"菖蒲川"}],"3522":[{"pref":"青森県","city":"北津軽郡鶴田町","town":"鶴泊"}],"3523":[{"pref":"青森県","city":"北津軽郡鶴田町","town":"胡桃舘"}],"3524":[{"pref":"青森県","city":"北津軽郡鶴田町","town":"境"}],"3525":[{"pref":"青森県","city":"北津軽郡鶴田町","town":"大性"}],"3531":[{"pref":"青森県","city":"北津軽郡鶴田町","town":"木筒"}],"3532":[{"pref":"青森県","city":"北津軽郡鶴田町","town":"野木"}],"3541":[{"pref":"青森県","city":"北津軽郡鶴田町","town":"尾原"}],"3542":[{"pref":"青森県","city":"北津軽郡鶴田町","town":"廻堰"}],"3543":[{"pref":"青森県","city":"北津軽郡鶴田町","town":"妙堂崎"}],"3600":[{"pref":"青森県","city":"北津軽郡板柳町","town":"以下に掲載がない場合"}],"3611":[{"pref":"青森県","city":"弘前市","town":"三和"}],"3612":[{"pref":"青森県","city":"弘前市","town":"笹舘"}],"3613":[{"pref":"青森県","city":"弘前市","town":"小友"}],"3614":[{"pref":"青森県","city":"弘前市","town":"種市"}],"3615":[{"pref":"青森県","city":"弘前市","town":"青女子"}],"3621":[{"pref":"青森県","city":"北津軽郡板柳町","town":"五林平"}],"3622":[{"pref":"青森県","city":"北津軽郡板柳町","town":"夕顔関"}],"3623":[{"pref":"青森県","city":"北津軽郡板柳町","town":"常海橋"}],"3624":[{"pref":"青森県","city":"北津軽郡板柳町","town":"滝井"}],"3625":[{"pref":"青森県","city":"北津軽郡板柳町","town":"舘野越"}],"3631":[{"pref":"青森県","city":"北津軽郡板柳町","town":"牡丹森"}],"3632":[{"pref":"青森県","city":"北津軽郡板柳町","town":"柏木"}],"3633":[{"pref":"青森県","city":"北津軽郡板柳町","town":"狐森"}],"3634":[{"pref":"青森県","city":"北津軽郡板柳町","town":"高増"}],"3635":[{"pref":"青森県","city":"北津軽郡板柳町","town":"大俵"}],"3636":[{"pref":"青森県","city":"北津軽郡板柳町","town":"五幾形"}],"3641":[{"pref":"青森県","city":"北津軽郡板柳町","town":"深味"}],"3642":[{"pref":"青森県","city":"北津軽郡板柳町","town":"太田"}],"3643":[{"pref":"青森県","city":"北津軽郡板柳町","town":"長野"}],"3644":[{"pref":"青森県","city":"北津軽郡板柳町","town":"横沢"}],"3645":[{"pref":"青森県","city":"北津軽郡板柳町","town":"辻"}],"3651":[{"pref":"青森県","city":"北津軽郡板柳町","town":"飯田"}],"3661":[{"pref":"青森県","city":"北津軽郡板柳町","town":"福野田"}],"3662":[{"pref":"青森県","city":"北津軽郡板柳町","town":"板柳"}],"3671":[{"pref":"青森県","city":"北津軽郡板柳町","town":"掛落林"}],"3672":[{"pref":"青森県","city":"北津軽郡板柳町","town":"灰沼"}],"3673":[{"pref":"青森県","city":"北津軽郡板柳町","town":"小幡"}],"3681":[{"pref":"青森県","city":"北津軽郡板柳町","town":"野中"}],"3682":[{"pref":"青森県","city":"北津軽郡板柳町","town":"石野"}],"3683":[{"pref":"青森県","city":"北津軽郡板柳町","town":"赤田"}],"3684":[{"pref":"青森県","city":"北津軽郡板柳町","town":"三千石"}],"3685":[{"pref":"青森県","city":"北津軽郡板柳町","town":"いたや町"}],"3800":[{"pref":"青森県","city":"南津軽郡藤崎町","town":"以下に掲載がない場合"}],"3801":[{"pref":"青森県","city":"南津軽郡藤崎町","town":"藤越"}],"3802":[{"pref":"青森県","city":"南津軽郡藤崎町","town":"藤崎"}],"3803":[{"pref":"青森県","city":"南津軽郡藤崎町","town":"西豊田"}],"3804":[{"pref":"青森県","city":"南津軽郡藤崎町","town":"葛野"}],"3805":[{"pref":"青森県","city":"南津軽郡藤崎町","town":"五林"}],"3806":[{"pref":"青森県","city":"南津軽郡藤崎町","town":"林崎"}],"3811":[{"pref":"青森県","city":"南津軽郡藤崎町","town":"中島"}],"3812":[{"pref":"青森県","city":"南津軽郡藤崎町","town":"小畑"}],"3813":[{"pref":"青森県","city":"南津軽郡藤崎町","town":"矢沢"}],"3814":[{"pref":"青森県","city":"南津軽郡藤崎町","town":"水沼"}],"3821":[{"pref":"青森県","city":"弘前市","town":"百田"}],"3831":[{"pref":"青森県","city":"南津軽郡藤崎町","town":"中野目"}],"3832":[{"pref":"青森県","city":"南津軽郡藤崎町","town":"吉向"}],"3833":[{"pref":"青森県","city":"南津軽郡藤崎町","town":"亀岡"}],"3834":[{"pref":"青森県","city":"南津軽郡藤崎町","town":"西中野目"}],"3835":[{"pref":"青森県","city":"南津軽郡藤崎町","town":"俵舛"}],"3836":[{"pref":"青森県","city":"南津軽郡藤崎町","town":"下俵舛"}],"3837":[{"pref":"青森県","city":"南津軽郡藤崎町","town":"柏木堰"}],"3874":[{"pref":"青森県","city":"弘前市","town":"津賀野（その他）"}],"0000":[{"pref":"青森県","city":"青森市","town":"以下に掲載がない場合"}],"0056":[{"pref":"青森県","city":"青森市","town":"飛鳥"}],"0059":[{"pref":"青森県","city":"青森市","town":"油川"}],"0003":[{"pref":"青森県","city":"青森市","town":"石江"}],"0043":[{"pref":"青森県","city":"青森市","town":"岩渡"}],"0051":[{"pref":"青森県","city":"青森市","town":"内真部"}],"0041":[{"pref":"青森県","city":"青森市","town":"岡町"}],"0002":[{"pref":"青森県","city":"青森市","town":"沖館"}],"0054":[{"pref":"青森県","city":"青森市","town":"奥内"}],"0013":[{"pref":"青森県","city":"青森市","town":"久須志"}],"0032":[{"pref":"青森県","city":"青森市","town":"里見"}],"0031":[{"pref":"青森県","city":"青森市","town":"三内"}],"0011":[{"pref":"青森県","city":"青森市","town":"篠田"}],"0052":[{"pref":"青森県","city":"青森市","town":"清水"}],"0042":[{"pref":"青森県","city":"青森市","town":"新城"}],"0055":[{"pref":"青森県","city":"青森市","town":"瀬戸子"}],"0015":[{"pref":"青森県","city":"青森市","town":"千刈"}],"0045":[{"pref":"青森県","city":"青森市","town":"鶴ケ坂"}],"0046":[{"pref":"青森県","city":"青森市","town":"戸門"}],"0004":[{"pref":"青森県","city":"青森市","town":"富田"}],"0022":[{"pref":"青森県","city":"青森市","town":"浪館"}],"0024":[{"pref":"青森県","city":"青森市","town":"浪館前田"}],"0014":[{"pref":"青森県","city":"青森市","town":"西滝"}],"0057":[{"pref":"青森県","city":"青森市","town":"西田沢"}],"0001":[{"pref":"青森県","city":"青森市","town":"新田"}],"0058":[{"pref":"青森県","city":"青森市","town":"羽白"}],"0023":[{"pref":"青森県","city":"青森市","town":"細越"}],"0053":[{"pref":"青森県","city":"青森市","town":"前田"}],"0044":[{"pref":"青森県","city":"青森市","town":"孫内"}],"0006":[{"pref":"青森県","city":"青森市","town":"三好"}],"0021":[{"pref":"青森県","city":"青森市","town":"安田"}],"0012":[{"pref":"青森県","city":"青森市","town":"柳川"}],"0101":[{"pref":"青森県","city":"平川市","town":"碇ケ関"},{"pref":"青森県","city":"平川市","town":"碇ケ関相沢"},{"pref":"青森県","city":"平川市","town":"碇ケ関阿原"},{"pref":"青森県","city":"平川市","town":"碇ケ関雷林"},{"pref":"青森県","city":"平川市","town":"碇ケ関碇石"},{"pref":"青森県","city":"平川市","town":"碇ケ関岩井"},{"pref":"青森県","city":"平川市","town":"碇ケ関大葉平"},{"pref":"青森県","city":"平川市","town":"碇ケ関大落前"},{"pref":"青森県","city":"平川市","town":"碇ケ関折橋"},{"pref":"青森県","city":"平川市","town":"碇ケ関鯨森"},{"pref":"青森県","city":"平川市","town":"碇ケ関小落前"},{"pref":"青森県","city":"平川市","town":"碇ケ関山神堂"},{"pref":"青森県","city":"平川市","town":"碇ケ関白沢"},{"pref":"青森県","city":"平川市","town":"碇ケ関諏訪平"},{"pref":"青森県","city":"平川市","town":"碇ケ関外白沢"},{"pref":"青森県","city":"平川市","town":"碇ケ関高田"},{"pref":"青森県","city":"平川市","town":"碇ケ関樋ケ沢"},{"pref":"青森県","city":"平川市","town":"碇ケ関西碇ケ関山"},{"pref":"青森県","city":"平川市","town":"碇ケ関東碇ケ関山"},{"pref":"青森県","city":"平川市","town":"碇ケ関樋ノ口"},{"pref":"青森県","city":"平川市","town":"碇ケ関船岡"},{"pref":"青森県","city":"平川市","town":"碇ケ関踏田切"},{"pref":"青森県","city":"平川市","town":"碇ケ関三笠山"},{"pref":"青森県","city":"平川市","town":"碇ケ関水溜"},{"pref":"青森県","city":"平川市","town":"碇ケ関湯向川添"},{"pref":"青森県","city":"平川市","town":"碇ケ関横町"}],"0102":[{"pref":"青森県","city":"平川市","town":"碇ケ関古懸上程森"},{"pref":"青森県","city":"平川市","town":"碇ケ関古懸沢田"},{"pref":"青森県","city":"平川市","town":"碇ケ関古懸樋ケ沢"},{"pref":"青森県","city":"平川市","town":"碇ケ関古懸堂ノ上"},{"pref":"青森県","city":"平川市","town":"碇ケ関古懸鳥井"},{"pref":"青森県","city":"平川市","town":"碇ケ関古懸西不動野"},{"pref":"青森県","city":"平川市","town":"碇ケ関古懸東不動野"},{"pref":"青森県","city":"平川市","town":"碇ケ関古懸不動沢大石"},{"pref":"青森県","city":"平川市","town":"碇ケ関古懸不動野"},{"pref":"青森県","city":"平川市","town":"碇ケ関古懸南不動野"},{"pref":"青森県","city":"平川市","town":"碇ケ関古懸向安田"},{"pref":"青森県","city":"平川市","town":"碇ケ関古懸門前"},{"pref":"青森県","city":"平川市","town":"碇ケ関古懸門前屋岸"},{"pref":"青森県","city":"平川市","town":"碇ケ関古懸安田"}],"0103":[{"pref":"青森県","city":"平川市","town":"碇ケ関久吉蕷ケ平"},{"pref":"青森県","city":"平川市","town":"碇ケ関久吉二ノ渡"},{"pref":"青森県","city":"平川市","town":"碇ケ関久吉山岸"}],"0200":[{"pref":"青森県","city":"南津軽郡大鰐町","town":"以下に掲載がない場合"}],"0233":[{"pref":"青森県","city":"南津軽郡大鰐町","town":"居土"}],"0211":[{"pref":"青森県","city":"南津軽郡大鰐町","town":"大鰐"}],"0204":[{"pref":"青森県","city":"南津軽郡大鰐町","town":"唐牛"}],"0212":[{"pref":"青森県","city":"南津軽郡大鰐町","town":"蔵館"}],"0203":[{"pref":"青森県","city":"南津軽郡大鰐町","town":"駒木"}],"0241":[{"pref":"青森県","city":"南津軽郡大鰐町","town":"鯖石"}],"0223":[{"pref":"青森県","city":"南津軽郡大鰐町","town":"島田"}],"0231":[{"pref":"青森県","city":"南津軽郡大鰐町","town":"宿川原"}],"0202":[{"pref":"青森県","city":"南津軽郡大鰐町","town":"長峰"}],"0201":[{"pref":"青森県","city":"南津軽郡大鰐町","town":"苦木"}],"0221":[{"pref":"青森県","city":"南津軽郡大鰐町","town":"虹貝"}],"0243":[{"pref":"青森県","city":"南津軽郡大鰐町","town":"八幡館"}],"0222":[{"pref":"青森県","city":"南津軽郡大鰐町","town":"早瀬野"}],"0232":[{"pref":"青森県","city":"南津軽郡大鰐町","town":"三ツ目内"}],"0242":[{"pref":"青森県","city":"南津軽郡大鰐町","town":"森山"}]}