{"0000":[{"pref":"広島県","city":"三原市","town":"以下に掲載がない場合"}],"0047":[{"pref":"広島県","city":"三原市","town":"青葉台"}],"0012":[{"pref":"広島県","city":"三原市","town":"旭町"}],"0015":[{"pref":"広島県","city":"三原市","town":"円一町"}],"0066":[{"pref":"広島県","city":"三原市","town":"大畑町"}],"0033":[{"pref":"広島県","city":"三原市","town":"沖浦町"}],"0131":[{"pref":"広島県","city":"三原市","town":"小坂町"}],"0043":[{"pref":"広島県","city":"三原市","town":"貝野町"}],"0053":[{"pref":"広島県","city":"三原市","town":"学園町"}],"0013":[{"pref":"広島県","city":"三原市","town":"古浜"}],"0006":[{"pref":"広島県","city":"三原市","town":"駒ケ原町"}],"0021":[{"pref":"広島県","city":"三原市","town":"鷺浦町須波"}],"0022":[{"pref":"広島県","city":"三原市","town":"鷺浦町向田野浦"}],"0005":[{"pref":"広島県","city":"三原市","town":"桜山町"}],"0014":[{"pref":"広島県","city":"三原市","town":"城町"}],"0134":[{"pref":"広島県","city":"三原市","town":"新倉"},{"pref":"広島県","city":"三原市","town":"新倉町"}],"0031":[{"pref":"広島県","city":"三原市","town":"須波"},{"pref":"広島県","city":"三原市","town":"須波町"}],"0032":[{"pref":"広島県","city":"三原市","town":"須波西"},{"pref":"広島県","city":"三原市","town":"須波西町"}],"0035":[{"pref":"広島県","city":"三原市","town":"須波ハイツ"}],"0044":[{"pref":"広島県","city":"三原市","town":"宗郷"}],"0045":[{"pref":"広島県","city":"三原市","town":"田野浦"}],"0003":[{"pref":"広島県","city":"三原市","town":"中之町"}],"0002":[{"pref":"広島県","city":"三原市","town":"中之町南"}],"0007":[{"pref":"広島県","city":"三原市","town":"中之町北"}],"0132":[{"pref":"広島県","city":"三原市","town":"長谷"},{"pref":"広島県","city":"三原市","town":"長谷町"}],"0065":[{"pref":"広島県","city":"三原市","town":"西野"}],"0063":[{"pref":"広島県","city":"三原市","town":"西町"}],"0064":[{"pref":"広島県","city":"三原市","town":"西宮"}],"0133":[{"pref":"広島県","city":"三原市","town":"沼田"},{"pref":"広島県","city":"三原市","town":"沼田町"}],"0145":[{"pref":"広島県","city":"三原市","town":"沼田東町片島"}],"0143":[{"pref":"広島県","city":"三原市","town":"沼田東町釜山"}],"0148":[{"pref":"広島県","city":"三原市","town":"沼田東町七宝"}],"0144":[{"pref":"広島県","city":"三原市","town":"沼田東町末広"}],"0142":[{"pref":"広島県","city":"三原市","town":"沼田東町末光"}],"0146":[{"pref":"広島県","city":"三原市","town":"沼田東町納所"}],"0147":[{"pref":"広島県","city":"三原市","town":"沼田東町本市"}],"0141":[{"pref":"広島県","city":"三原市","town":"沼田東町両名"}],"0034":[{"pref":"広島県","city":"三原市","town":"登町"}],"0011":[{"pref":"広島県","city":"三原市","town":"東町"}],"0001":[{"pref":"広島県","city":"三原市","town":"深町"}],"0062":[{"pref":"広島県","city":"三原市","town":"本町"}],"0017":[{"pref":"広島県","city":"三原市","town":"港町"}],"0052":[{"pref":"広島県","city":"三原市","town":"皆実"}],"0051":[{"pref":"広島県","city":"三原市","town":"宮浦"}],"0016":[{"pref":"広島県","city":"三原市","town":"宮沖"}],"0046":[{"pref":"広島県","city":"三原市","town":"明神"}],"0004":[{"pref":"広島県","city":"三原市","town":"館町"}],"0061":[{"pref":"広島県","city":"三原市","town":"八坂町"}],"0054":[{"pref":"広島県","city":"三原市","town":"頼兼"}],"0042":[{"pref":"広島県","city":"三原市","town":"和田沖町"}],"0041":[{"pref":"広島県","city":"三原市","town":"和田"}]}