{"0007":[{"pref":"山梨県","city":"山梨市","town":"牧丘町北原"}],"0013":[{"pref":"山梨県","city":"山梨市","town":"牧丘町窪平"}],"0003":[{"pref":"山梨県","city":"山梨市","town":"牧丘町倉科"}],"0015":[{"pref":"山梨県","city":"山梨市","town":"牧丘町城古寺"}],"0002":[{"pref":"山梨県","city":"山梨市","town":"牧丘町杣口"}],"0016":[{"pref":"山梨県","city":"山梨市","town":"牧丘町千野々宮"}],"0011":[{"pref":"山梨県","city":"山梨市","town":"牧丘町成沢"}],"0004":[{"pref":"山梨県","city":"山梨市","town":"牧丘町西保下"}],"0005":[{"pref":"山梨県","city":"山梨市","town":"牧丘町西保中"}],"0014":[{"pref":"山梨県","city":"山梨市","town":"牧丘町隼"}],"0006":[{"pref":"山梨県","city":"山梨市","town":"牧丘町牧平"}],"0012":[{"pref":"山梨県","city":"山梨市","town":"牧丘町室伏"}],"0001":[{"pref":"山梨県","city":"山梨市","town":"牧丘町柳平"}],"0206":[{"pref":"山梨県","city":"山梨市","town":"三富上釜口"}],"0202":[{"pref":"山梨県","city":"山梨市","town":"三富上柚木"}],"0201":[{"pref":"山梨県","city":"山梨市","town":"三富川浦"}],"0203":[{"pref":"山梨県","city":"山梨市","town":"三富下荻原"}],"0204":[{"pref":"山梨県","city":"山梨市","town":"三富下釜口"}],"0205":[{"pref":"山梨県","city":"山梨市","town":"三富徳和"}],"0000":[{"pref":"山梨県","city":"甲州市","town":"以下に掲載がない場合"}],"0033":[{"pref":"山梨県","city":"甲州市","town":"塩山赤尾"}],"0021":[{"pref":"山梨県","city":"甲州市","town":"塩山一之瀬高橋"}],"0034":[{"pref":"山梨県","city":"甲州市","town":"塩山牛奥（その他）"}],"0211":[{"pref":"山梨県","city":"甲州市","town":"塩山小屋敷（滑沢）"}],"0053":[{"pref":"山梨県","city":"甲州市","town":"塩山小屋敷（その他）"}],"0031":[{"pref":"山梨県","city":"甲州市","town":"塩山上粟生野"}],"0046":[{"pref":"山梨県","city":"甲州市","town":"塩山上井尻"}],"0042":[{"pref":"山梨県","city":"甲州市","town":"塩山上於曽"}],"0026":[{"pref":"山梨県","city":"甲州市","town":"塩山上小田原"}],"0045":[{"pref":"山梨県","city":"甲州市","town":"塩山上塩後"}],"0022":[{"pref":"山梨県","city":"甲州市","town":"塩山上萩原（その他）"}],"0037":[{"pref":"山梨県","city":"甲州市","town":"塩山西広門田"}],"0036":[{"pref":"山梨県","city":"甲州市","town":"塩山熊野"}],"0032":[{"pref":"山梨県","city":"甲州市","town":"塩山下粟生野"}],"0043":[{"pref":"山梨県","city":"甲州市","town":"塩山下於曽"}],"0025":[{"pref":"山梨県","city":"甲州市","town":"塩山下小田原"}],"0044":[{"pref":"山梨県","city":"甲州市","town":"塩山下塩後"}],"0024":[{"pref":"山梨県","city":"甲州市","town":"塩山下萩原"}],"0055":[{"pref":"山梨県","city":"甲州市","town":"塩山下柚木"}],"0051":[{"pref":"山梨県","city":"甲州市","town":"塩山竹森"}],"0041":[{"pref":"山梨県","city":"甲州市","town":"塩山千野"}],"0023":[{"pref":"山梨県","city":"甲州市","town":"塩山中萩原（その他）"}],"0035":[{"pref":"山梨県","city":"甲州市","town":"塩山西野原"}],"0052":[{"pref":"山梨県","city":"甲州市","town":"塩山平沢"}],"0056":[{"pref":"山梨県","city":"甲州市","town":"塩山福生里"}],"0054":[{"pref":"山梨県","city":"甲州市","town":"塩山藤木"}],"0047":[{"pref":"山梨県","city":"甲州市","town":"塩山三日市場"}]}