{"0317":[{"pref":"静岡県","city":"富士宮市","town":"内房"}],"0314":[{"pref":"静岡県","city":"富士宮市","town":"大久保"}],"0303":[{"pref":"静岡県","city":"富士宮市","town":"大鹿窪"}],"0311":[{"pref":"静岡県","city":"富士宮市","town":"上稲子"}],"0301":[{"pref":"静岡県","city":"富士宮市","town":"上柚野"}],"0312":[{"pref":"静岡県","city":"富士宮市","town":"下稲子"}],"0305":[{"pref":"静岡県","city":"富士宮市","town":"下柚野"}],"0304":[{"pref":"静岡県","city":"富士宮市","town":"鳥並"}],"0315":[{"pref":"静岡県","city":"富士宮市","town":"長貫"}],"0313":[{"pref":"静岡県","city":"富士宮市","town":"西山"}],"0302":[{"pref":"静岡県","city":"富士宮市","town":"猫沢"}],"0316":[{"pref":"静岡県","city":"富士宮市","town":"羽鮒"}],"0201":[{"pref":"静岡県","city":"富士市","town":"厚原"}],"0204":[{"pref":"静岡県","city":"富士市","town":"入山瀬"}],"0202":[{"pref":"静岡県","city":"富士市","town":"久沢"}],"0203":[{"pref":"静岡県","city":"富士市","town":"鷹岡本町"}],"0205":[{"pref":"静岡県","city":"富士市","town":"天間"}],"0100":[{"pref":"静岡県","city":"田方郡函南町","town":"以下に掲載がない場合"}],"0121":[{"pref":"静岡県","city":"田方郡函南町","town":"大竹"}],"0113":[{"pref":"静岡県","city":"田方郡函南町","town":"大土肥"}],"0112":[{"pref":"静岡県","city":"田方郡函南町","town":"柏谷"}],"0122":[{"pref":"静岡県","city":"田方郡函南町","town":"上沢"}],"0103":[{"pref":"静岡県","city":"田方郡函南町","town":"軽井沢"}],"0101":[{"pref":"静岡県","city":"田方郡函南町","town":"桑原（その他）"}],"0115":[{"pref":"静岡県","city":"田方郡函南町","town":"新田"}],"0102":[{"pref":"静岡県","city":"田方郡函南町","town":"田代"}],"0105":[{"pref":"静岡県","city":"田方郡函南町","town":"丹那"}],"0124":[{"pref":"静岡県","city":"田方郡函南町","town":"塚本"}],"0114":[{"pref":"静岡県","city":"田方郡函南町","town":"仁田"}],"0104":[{"pref":"静岡県","city":"田方郡函南町","town":"畑"}],"0111":[{"pref":"静岡県","city":"田方郡函南町","town":"畑毛"}],"0125":[{"pref":"静岡県","city":"田方郡函南町","town":"肥田"}],"0116":[{"pref":"静岡県","city":"田方郡函南町","town":"日守"}],"0107":[{"pref":"静岡県","city":"田方郡函南町","town":"平井"}],"0123":[{"pref":"静岡県","city":"田方郡函南町","town":"間宮"}],"0106":[{"pref":"静岡県","city":"田方郡函南町","town":"南箱根ダイヤランド"}]}