{"0000":[{"pref":"埼玉県","city":"春日部市","town":"以下に掲載がない場合"}],"0126":[{"pref":"埼玉県","city":"春日部市","town":"赤崎"}],"0015":[{"pref":"埼玉県","city":"春日部市","town":"赤沼"}],"0125":[{"pref":"埼玉県","city":"春日部市","town":"飯沼"}],"0031":[{"pref":"埼玉県","city":"春日部市","town":"一ノ割"}],"0004":[{"pref":"埼玉県","city":"春日部市","town":"牛島"}],"0051":[{"pref":"埼玉県","city":"春日部市","town":"内牧"}],"0052":[{"pref":"埼玉県","city":"春日部市","town":"梅田"}],"0053":[{"pref":"埼玉県","city":"春日部市","town":"梅田本町"}],"0135":[{"pref":"埼玉県","city":"春日部市","town":"榎"}],"0023":[{"pref":"埼玉県","city":"春日部市","town":"大枝"}],"0038":[{"pref":"埼玉県","city":"春日部市","town":"大沼"}],"0022":[{"pref":"埼玉県","city":"春日部市","town":"大畑"}],"0021":[{"pref":"埼玉県","city":"春日部市","town":"大場"}],"0116":[{"pref":"埼玉県","city":"春日部市","town":"大衾"}],"0061":[{"pref":"埼玉県","city":"春日部市","town":"粕壁"}],"0062":[{"pref":"埼玉県","city":"春日部市","town":"粕壁東"}],"0117":[{"pref":"埼玉県","city":"春日部市","town":"金崎"}],"0037":[{"pref":"埼玉県","city":"春日部市","town":"上大増新田"}],"0111":[{"pref":"埼玉県","city":"春日部市","town":"上金崎"}],"0103":[{"pref":"埼玉県","city":"春日部市","town":"上吉妻"}],"0046":[{"pref":"埼玉県","city":"春日部市","town":"上蛭田"}],"0121":[{"pref":"埼玉県","city":"春日部市","town":"上柳"}],"0132":[{"pref":"埼玉県","city":"春日部市","town":"神間"}],"0106":[{"pref":"埼玉県","city":"春日部市","town":"木崎"}],"0133":[{"pref":"埼玉県","city":"春日部市","town":"椚"}],"0136":[{"pref":"埼玉県","city":"春日部市","town":"倉常"}],"0105":[{"pref":"埼玉県","city":"春日部市","town":"小平"}],"0007":[{"pref":"埼玉県","city":"春日部市","town":"小渕"}],"0124":[{"pref":"埼玉県","city":"春日部市","town":"米崎"}],"0115":[{"pref":"埼玉県","city":"春日部市","town":"米島"}],"0058":[{"pref":"埼玉県","city":"春日部市","town":"栄町"}],"0036":[{"pref":"埼玉県","city":"春日部市","town":"下大増新田"}],"0104":[{"pref":"埼玉県","city":"春日部市","town":"下吉妻"}],"0043":[{"pref":"埼玉県","city":"春日部市","town":"下蛭田"}],"0122":[{"pref":"埼玉県","city":"春日部市","town":"下柳"}],"0003":[{"pref":"埼玉県","city":"春日部市","town":"新川"}],"0113":[{"pref":"埼玉県","city":"春日部市","town":"新宿新田"}],"0127":[{"pref":"埼玉県","city":"春日部市","town":"水角"}],"0034":[{"pref":"埼玉県","city":"春日部市","town":"薄谷"}],"0024":[{"pref":"埼玉県","city":"春日部市","town":"千間"}],"0026":[{"pref":"埼玉県","city":"春日部市","town":"武里中野"}],"0134":[{"pref":"埼玉県","city":"春日部市","town":"立野"}],"0067":[{"pref":"埼玉県","city":"春日部市","town":"中央"}],"0013":[{"pref":"埼玉県","city":"春日部市","town":"銚子口"}],"0107":[{"pref":"埼玉県","city":"春日部市","town":"塚崎"}],"0045":[{"pref":"埼玉県","city":"春日部市","town":"道口蛭田"}],"0047":[{"pref":"埼玉県","city":"春日部市","town":"道順川戸"}],"0014":[{"pref":"埼玉県","city":"春日部市","town":"豊野町"}],"0123":[{"pref":"埼玉県","city":"春日部市","town":"永沼"}],"0056":[{"pref":"埼玉県","city":"春日部市","town":"新方袋"}],"0101":[{"pref":"埼玉県","city":"春日部市","town":"西親野井"}],"0112":[{"pref":"埼玉県","city":"春日部市","town":"西金野井"}],"0059":[{"pref":"埼玉県","city":"春日部市","town":"西八木崎"}],"0102":[{"pref":"埼玉県","city":"春日部市","town":"西宝珠花"}],"0006":[{"pref":"埼玉県","city":"春日部市","town":"八丁目"}],"0044":[{"pref":"埼玉県","city":"春日部市","town":"花積"}],"0054":[{"pref":"埼玉県","city":"春日部市","town":"浜川戸"}],"0114":[{"pref":"埼玉県","city":"春日部市","town":"東中野"}],"0005":[{"pref":"埼玉県","city":"春日部市","town":"樋堀"}],"0002":[{"pref":"埼玉県","city":"春日部市","town":"樋籠"}],"0032":[{"pref":"埼玉県","city":"春日部市","town":"備後東"}],"0033":[{"pref":"埼玉県","city":"春日部市","town":"備後西"}],"0011":[{"pref":"埼玉県","city":"春日部市","town":"藤塚"}],"0001":[{"pref":"埼玉県","city":"春日部市","town":"不動院野"}],"0016":[{"pref":"埼玉県","city":"春日部市","town":"本田町"}],"0042":[{"pref":"埼玉県","city":"春日部市","town":"増戸"}],"0041":[{"pref":"埼玉県","city":"春日部市","town":"増富"}],"0025":[{"pref":"埼玉県","city":"春日部市","town":"増田新田"}],"0063":[{"pref":"埼玉県","city":"春日部市","town":"緑町"}],"0064":[{"pref":"埼玉県","city":"春日部市","town":"南"}],"0057":[{"pref":"埼玉県","city":"春日部市","town":"南栄町"}],"0048":[{"pref":"埼玉県","city":"春日部市","town":"南中曽根"}],"0055":[{"pref":"埼玉県","city":"春日部市","town":"八木崎町"}],"0065":[{"pref":"埼玉県","city":"春日部市","town":"谷原"}],"0035":[{"pref":"埼玉県","city":"春日部市","town":"谷原新田"}],"0066":[{"pref":"埼玉県","city":"春日部市","town":"豊町"}],"0131":[{"pref":"埼玉県","city":"春日部市","town":"芦橋"}],"0012":[{"pref":"埼玉県","city":"春日部市","town":"六軒町"}]}