{"0063":[{"pref":"東京都","city":"杉並区","town":"和泉"}],"0064":[{"pref":"東京都","city":"杉並区","town":"永福"}],"0061":[{"pref":"東京都","city":"杉並区","town":"大宮"}],"0074":[{"pref":"東京都","city":"杉並区","town":"上高井戸"}],"0082":[{"pref":"東京都","city":"杉並区","town":"久我山"}],"0073":[{"pref":"東京都","city":"杉並区","town":"下高井戸"}],"0072":[{"pref":"東京都","city":"杉並区","town":"高井戸東"}],"0071":[{"pref":"東京都","city":"杉並区","town":"高井戸西"}],"0065":[{"pref":"東京都","city":"杉並区","town":"浜田山"}],"0062":[{"pref":"東京都","city":"杉並区","town":"方南"}],"0081":[{"pref":"東京都","city":"杉並区","town":"宮前"}]}