{"0000":[{"pref":"大阪府","city":"大阪市東住吉区","town":"以下に掲載がない場合"}],"0003":[{"pref":"大阪府","city":"大阪市東住吉区","town":"今川"}],"0001":[{"pref":"大阪府","city":"大阪市東住吉区","town":"今林"}],"0044":[{"pref":"大阪府","city":"大阪市東住吉区","town":"北田辺"}],"0002":[{"pref":"大阪府","city":"大阪市東住吉区","town":"杭全"}],"0041":[{"pref":"大阪府","city":"大阪市東住吉区","town":"桑津"}],"0024":[{"pref":"大阪府","city":"大阪市東住吉区","town":"公園南矢田"}],"0043":[{"pref":"大阪府","city":"大阪市東住吉区","town":"駒川"}],"0022":[{"pref":"大阪府","city":"大阪市東住吉区","town":"住道矢田"}],"0014":[{"pref":"大阪府","city":"大阪市東住吉区","town":"鷹合"}],"0031":[{"pref":"大阪府","city":"大阪市東住吉区","town":"田辺"}],"0021":[{"pref":"大阪府","city":"大阪市東住吉区","town":"照ケ丘矢田"}],"0012":[{"pref":"大阪府","city":"大阪市東住吉区","town":"中野"}],"0034":[{"pref":"大阪府","city":"大阪市東住吉区","town":"長居公園"}],"0042":[{"pref":"大阪府","city":"大阪市東住吉区","town":"西今川"}],"0011":[{"pref":"大阪府","city":"大阪市東住吉区","town":"針中野"}],"0032":[{"pref":"大阪府","city":"大阪市東住吉区","town":"東田辺"}],"0033":[{"pref":"大阪府","city":"大阪市東住吉区","town":"南田辺"}],"0023":[{"pref":"大阪府","city":"大阪市東住吉区","town":"矢田"}],"0035":[{"pref":"大阪府","city":"大阪市東住吉区","town":"山坂"}],"0013":[{"pref":"大阪府","city":"大阪市東住吉区","town":"湯里"}]}