{"0913":[{"pref":"京都府","city":"京都市伏見区","town":"向島下五反田"}],"0904":[{"pref":"京都府","city":"京都市伏見区","town":"淀池上町"}],"0907":[{"pref":"京都府","city":"京都市伏見区","town":"淀大下津町"}],"0912":[{"pref":"京都府","city":"京都市伏見区","town":"淀川顔町"}],"0911":[{"pref":"京都府","city":"京都市伏見区","town":"淀木津町"}],"0915":[{"pref":"京都府","city":"京都市伏見区","town":"淀際目町"}],"0905":[{"pref":"京都府","city":"京都市伏見区","town":"淀下津町"}],"0906":[{"pref":"京都府","city":"京都市伏見区","town":"淀新町"}],"0914":[{"pref":"京都府","city":"京都市伏見区","town":"淀生津町"}],"0901":[{"pref":"京都府","city":"京都市伏見区","town":"淀樋爪町"}],"0903":[{"pref":"京都府","city":"京都市伏見区","town":"淀本町"}],"0902":[{"pref":"京都府","city":"京都市伏見区","town":"淀水垂町"}],"0916":[{"pref":"京都府","city":"京都市伏見区","town":"淀美豆町"}],"0851":[{"pref":"京都府","city":"八幡市","town":"川口高原"}],"0853":[{"pref":"京都府","city":"八幡市","town":"八幡長町"}],"0852":[{"pref":"京都府","city":"八幡市","town":"八幡樋ノ口"}],"0000":[{"pref":"京都府","city":"久世郡久御山町","town":"以下に掲載がない場合"}],"0022":[{"pref":"京都府","city":"久世郡久御山町","town":"市田"}],"0046":[{"pref":"京都府","city":"久世郡久御山町","town":"大橋辺"}],"0025":[{"pref":"京都府","city":"久世郡久御山町","town":"相島"}],"0045":[{"pref":"京都府","city":"久世郡久御山町","town":"北川顔"}],"0032":[{"pref":"京都府","city":"久世郡久御山町","town":"栄"}],"0031":[{"pref":"京都府","city":"久世郡久御山町","town":"佐古"}],"0034":[{"pref":"京都府","city":"久世郡久御山町","town":"佐山"}],"0043":[{"pref":"京都府","city":"久世郡久御山町","town":"島田"}],"0035":[{"pref":"京都府","city":"久世郡久御山町","town":"下津屋"}],"0036":[{"pref":"京都府","city":"久世郡久御山町","town":"田井"}],"0041":[{"pref":"京都府","city":"久世郡久御山町","town":"中島"}],"0026":[{"pref":"京都府","city":"久世郡久御山町","town":"西一口"}],"0023":[{"pref":"京都府","city":"久世郡久御山町","town":"野村"}],"0033":[{"pref":"京都府","city":"久世郡久御山町","town":"林"}],"0021":[{"pref":"京都府","city":"久世郡久御山町","town":"東一口"}],"0044":[{"pref":"京都府","city":"久世郡久御山町","town":"藤和田"}],"0042":[{"pref":"京都府","city":"久世郡久御山町","town":"坊之池"}],"0024":[{"pref":"京都府","city":"久世郡久御山町","town":"森"}]}