{"8001":[{"pref":"京都府","city":"京都市中京区","town":"上大阪町"}],"8002":[{"pref":"京都府","city":"京都市中京区","town":"石屋町（木屋町通三条下る、先斗町通三条下る、木屋町通四条上る）"}],"8003":[{"pref":"京都府","city":"京都市中京区","town":"橋下町"}],"8004":[{"pref":"京都府","city":"京都市中京区","town":"中島町"}],"8005":[{"pref":"京都府","city":"京都市中京区","town":"恵比須町"}],"8006":[{"pref":"京都府","city":"京都市中京区","town":"下丸屋町（御池通河原町東入、河原町通御池下る、河原町通姉小路上る、"},{"pref":"京都府","city":"京都市中京区","town":"御池通木屋町西入、木屋町通御池下る、木屋町通姉小路上る）"}],"8011":[{"pref":"京都府","city":"京都市中京区","town":"若松町"}],"8012":[{"pref":"京都府","city":"京都市中京区","town":"梅之木町（先斗町通三条下る、先斗町通蛸薬師上る、先斗町通蛸薬師下る、"},{"pref":"京都府","city":"京都市中京区","town":"先斗町通四条上る）"}],"8013":[{"pref":"京都府","city":"京都市中京区","town":"松本町（先斗町通四条上る、先斗町通三条下る）"}],"8014":[{"pref":"京都府","city":"京都市中京区","town":"柏屋町"}],"8015":[{"pref":"京都府","city":"京都市中京区","town":"鍋屋町"}],"8016":[{"pref":"京都府","city":"京都市中京区","town":"下樵木町"}],"8017":[{"pref":"京都府","city":"京都市中京区","town":"材木町"}],"8021":[{"pref":"京都府","city":"京都市中京区","town":"北車屋町"}],"8022":[{"pref":"京都府","city":"京都市中京区","town":"南車屋町"}],"8023":[{"pref":"京都府","city":"京都市中京区","town":"備前島町"}],"8024":[{"pref":"京都府","city":"京都市中京区","town":"紙屋町"}],"8025":[{"pref":"京都府","city":"京都市中京区","town":"下大阪町"}],"8026":[{"pref":"京都府","city":"京都市中京区","town":"米屋町"}],"8027":[{"pref":"京都府","city":"京都市中京区","town":"塩屋町（河原町通蛸薬師下る、河原町通四条上る、蛸薬師通河原町西入）"}],"8031":[{"pref":"京都府","city":"京都市中京区","town":"大黒町（河原町通三条下る、三条通河原町東入、三条通河原町西入、河原町通"},{"pref":"京都府","city":"京都市中京区","town":"六角上る、西木屋町通三条下る、西木屋町通六角上る）"}],"8032":[{"pref":"京都府","city":"京都市中京区","town":"山崎町"}],"8033":[{"pref":"京都府","city":"京都市中京区","town":"奈良屋町"}],"8034":[{"pref":"京都府","city":"京都市中京区","town":"松ケ枝町"}],"8035":[{"pref":"京都府","city":"京都市中京区","town":"桜之町"}],"8036":[{"pref":"京都府","city":"京都市中京区","town":"石橋町（三条通河原町西入、三条通寺町東入、三条通新京極西入、三条通新"},{"pref":"京都府","city":"京都市中京区","town":"京極東入、寺町通三条下る、寺町通三条上る）"}],"8041":[{"pref":"京都府","city":"京都市中京区","town":"裏寺町"}],"8042":[{"pref":"京都府","city":"京都市中京区","town":"中之町（寺町通錦小路下る、寺町通四条上る、新京極通錦小路下る、新京極通"},{"pref":"京都府","city":"京都市中京区","town":"四条上る、錦小路通寺町東入、裏寺町通蛸薬師下る、裏寺町通四条上る）"}],"8043":[{"pref":"京都府","city":"京都市中京区","town":"東大文字町"}],"8044":[{"pref":"京都府","city":"京都市中京区","town":"大日町"}],"8045":[{"pref":"京都府","city":"京都市中京区","town":"円福寺前町"}],"8046":[{"pref":"京都府","city":"京都市中京区","town":"東側町"}],"8047":[{"pref":"京都府","city":"京都市中京区","town":"中筋町"}],"8051":[{"pref":"京都府","city":"京都市中京区","town":"船屋町（御幸町通蛸薬師下る、御幸町通錦小路上る、蛸薬師通御幸町東入、"},{"pref":"京都府","city":"京都市中京区","town":"錦小路通御幸町東入）"}],"8052":[{"pref":"京都府","city":"京都市中京区","town":"鍛冶屋町（錦小路通御幸町西入、錦小路通麸屋町東入）"}],"8053":[{"pref":"京都府","city":"京都市中京区","town":"桝屋町（麩屋町通錦小路下る、麩屋町通四条上る、錦小路通麩屋町西入、"},{"pref":"京都府","city":"京都市中京区","town":"錦小路通麩屋町東入）"}],"8054":[{"pref":"京都府","city":"京都市中京区","town":"西大文字町"}],"8055":[{"pref":"京都府","city":"京都市中京区","town":"東魚屋町"}],"8056":[{"pref":"京都府","city":"京都市中京区","town":"高宮町（富小路通錦小路上る、富小路通蛸薬師下る）"}],"8057":[{"pref":"京都府","city":"京都市中京区","town":"梅屋町（麸屋町通錦小路上る、麸屋町通蛸薬師下る）"}],"8061":[{"pref":"京都府","city":"京都市中京区","town":"式部町"}],"8062":[{"pref":"京都府","city":"京都市中京区","town":"蛸屋町"}],"8063":[{"pref":"京都府","city":"京都市中京区","town":"油屋町（蛸薬師通麸屋町西入、蛸薬師通富小路東入、蛸薬師通富小路西入、"},{"pref":"京都府","city":"京都市中京区","town":"蛸薬師通柳馬場東入、富小路通蛸薬師上る、富小路通蛸薬師下る）"}],"8064":[{"pref":"京都府","city":"京都市中京区","town":"骨屋之町"}],"8065":[{"pref":"京都府","city":"京都市中京区","town":"坂井町"}],"8066":[{"pref":"京都府","city":"京都市中京区","town":"伊勢屋町"}],"8071":[{"pref":"京都府","city":"京都市中京区","town":"永楽町"}],"8072":[{"pref":"京都府","city":"京都市中京区","town":"八百屋町（六角通寺町西入、六角通御幸町東入、六角通御幸町西入、六角通麩"},{"pref":"京都府","city":"京都市中京区","town":"屋町東入、御幸町通麩屋町下る、麩屋町通六角下る）"}],"8073":[{"pref":"京都府","city":"京都市中京区","town":"大黒町（麩屋町通六角上る、麩屋町通六角下る、六角通麩屋町西入、富小路通"},{"pref":"京都府","city":"京都市中京区","town":"六角上る、富小路通六角下る、六角通富小路西入、六角通富小路東入、六角通柳"},{"pref":"京都府","city":"京都市中京区","town":"馬場東入）"}],"8074":[{"pref":"京都府","city":"京都市中京区","town":"朝倉町"}],"8075":[{"pref":"京都府","city":"京都市中京区","town":"白壁町"}],"8076":[{"pref":"京都府","city":"京都市中京区","town":"海老屋町"}],"8081":[{"pref":"京都府","city":"京都市中京区","town":"天性寺前町"}],"8082":[{"pref":"京都府","city":"京都市中京区","town":"弁慶石町"}],"8083":[{"pref":"京都府","city":"京都市中京区","town":"中之町（三条通麩屋町西入、三条通富小路西入、三条通富小路東入、三条通柳"},{"pref":"京都府","city":"京都市中京区","town":"馬場東入、富小路通三条下る）"}],"8084":[{"pref":"京都府","city":"京都市中京区","town":"福長町"}],"8085":[{"pref":"京都府","city":"京都市中京区","town":"下白山町"}],"8086":[{"pref":"京都府","city":"京都市中京区","town":"丸屋町（御幸町通姉小路下る、御幸町通三条上る、姉小路通御幸町西入、"},{"pref":"京都府","city":"京都市中京区","town":"姉小路通御幸町東入）"}],"8091":[{"pref":"京都府","city":"京都市中京区","town":"下本能寺前町"}],"8092":[{"pref":"京都府","city":"京都市中京区","town":"姉大東町"}],"8093":[{"pref":"京都府","city":"京都市中京区","town":"松下町"}],"8094":[{"pref":"京都府","city":"京都市中京区","town":"中白山町"}],"8095":[{"pref":"京都府","city":"京都市中京区","town":"大文字町（御幸町通御池下る、御幸町通姉小路上る、御池通御幸町西入、"},{"pref":"京都府","city":"京都市中京区","town":"御池通御幸町東入、姉小路通御幸町西入、姉小路通御幸町東入）"}],"8101":[{"pref":"京都府","city":"京都市中京区","town":"柳八幡町"}],"8102":[{"pref":"京都府","city":"京都市中京区","town":"菊屋町（姉小路通富小路西入、姉小路通柳馬場東入）"}],"8103":[{"pref":"京都府","city":"京都市中京区","town":"油屋町（柳馬場通姉小路下る、柳馬場通三条上る、姉小路通柳馬場東入、姉小"},{"pref":"京都府","city":"京都市中京区","town":"路通柳馬場西入）"}],"8104":[{"pref":"京都府","city":"京都市中京区","town":"木之下町"}],"8105":[{"pref":"京都府","city":"京都市中京区","town":"亀甲屋町"}],"8106":[{"pref":"京都府","city":"京都市中京区","town":"丸木材木町"}],"8111":[{"pref":"京都府","city":"京都市中京区","town":"桝屋町（柳馬場通三条上る、柳馬場通三条下る、堺町通三条上る、堺町通三条"},{"pref":"京都府","city":"京都市中京区","town":"下る、高倉通三条上る、高倉通三条下る、三条通柳馬場西入、三条通堺町"},{"pref":"京都府","city":"京都市中京区","town":"西入、三条通堺町東入、三条通高倉東入）"}],"8112":[{"pref":"京都府","city":"京都市中京区","town":"槌屋町（柳馬場通三条下る、柳馬場通六角上る、六角通柳馬場西入、六角通柳"},{"pref":"京都府","city":"京都市中京区","town":"馬場東入）"}],"8113":[{"pref":"京都府","city":"京都市中京区","town":"井筒屋町"}],"8114":[{"pref":"京都府","city":"京都市中京区","town":"甲屋町"}],"8115":[{"pref":"京都府","city":"京都市中京区","town":"雁金町"}],"8116":[{"pref":"京都府","city":"京都市中京区","town":"和久屋町（高倉通六角下る、高倉通蛸薬師上る）"}],"8117":[{"pref":"京都府","city":"京都市中京区","town":"堀之上町"}],"8118":[{"pref":"京都府","city":"京都市中京区","town":"道祐町"}],"8121":[{"pref":"京都府","city":"京都市中京区","town":"十文字町"}],"8122":[{"pref":"京都府","city":"京都市中京区","town":"瀬戸屋町"}],"8123":[{"pref":"京都府","city":"京都市中京区","town":"八百屋町（堺町通錦小路下る、堺町通四条上る）"}],"8124":[{"pref":"京都府","city":"京都市中京区","town":"帯屋町"}],"8125":[{"pref":"京都府","city":"京都市中京区","town":"中魚屋町"}],"8126":[{"pref":"京都府","city":"京都市中京区","town":"貝屋町"}],"8127":[{"pref":"京都府","city":"京都市中京区","town":"菊屋町（堺町通蛸薬師下る、堺町通錦小路上る、錦小路通堺町東入、錦小路通"},{"pref":"京都府","city":"京都市中京区","town":"柳馬場西入）"}],"8131":[{"pref":"京都府","city":"京都市中京区","town":"菱屋町"}],"8132":[{"pref":"京都府","city":"京都市中京区","town":"丸屋町（高倉通三条下る、高倉通六角上る）"}],"8133":[{"pref":"京都府","city":"京都市中京区","town":"滕屋町"}],"8134":[{"pref":"京都府","city":"京都市中京区","town":"堂之前町"}],"8135":[{"pref":"京都府","city":"京都市中京区","town":"三文字町（東洞院通三条下る、東洞院通六角上る、六角通東洞院"},{"pref":"京都府","city":"京都市中京区","town":"西入、六角通東洞院東入）"}],"8136":[{"pref":"京都府","city":"京都市中京区","town":"梅忠町"}],"8141":[{"pref":"京都府","city":"京都市中京区","town":"泉正寺町"}],"8142":[{"pref":"京都府","city":"京都市中京区","town":"西魚屋町"}],"8143":[{"pref":"京都府","city":"京都市中京区","town":"阪東屋町"}],"8144":[{"pref":"京都府","city":"京都市中京区","town":"元法然寺町"}],"8145":[{"pref":"京都府","city":"京都市中京区","town":"元竹田町"}],"8146":[{"pref":"京都府","city":"京都市中京区","town":"一蓮社町"}],"8147":[{"pref":"京都府","city":"京都市中京区","town":"御射山町"}],"8151":[{"pref":"京都府","city":"京都市中京区","town":"橋弁慶町"}],"8152":[{"pref":"京都府","city":"京都市中京区","town":"手洗水町"}],"8153":[{"pref":"京都府","city":"京都市中京区","town":"笋町"}],"8154":[{"pref":"京都府","city":"京都市中京区","town":"菊水鉾町"}],"8155":[{"pref":"京都府","city":"京都市中京区","town":"占出山町"}],"8156":[{"pref":"京都府","city":"京都市中京区","town":"山伏山町"}],"8161":[{"pref":"京都府","city":"京都市中京区","town":"饅頭屋町"}],"8162":[{"pref":"京都府","city":"京都市中京区","town":"七観音町"}],"8163":[{"pref":"京都府","city":"京都市中京区","town":"鯉山町"}],"8164":[{"pref":"京都府","city":"京都市中京区","town":"骨屋町"}],"8165":[{"pref":"京都府","city":"京都市中京区","town":"烏帽子屋町"}],"8166":[{"pref":"京都府","city":"京都市中京区","town":"御倉町"}],"8171":[{"pref":"京都府","city":"京都市中京区","town":"虎屋町"}],"8172":[{"pref":"京都府","city":"京都市中京区","town":"場之町"}],"8173":[{"pref":"京都府","city":"京都市中京区","town":"柿本町"}],"8174":[{"pref":"京都府","city":"京都市中京区","town":"役行者町"}],"8175":[{"pref":"京都府","city":"京都市中京区","town":"円福寺町"}],"8176":[{"pref":"京都府","city":"京都市中京区","town":"龍池町"}],"8181":[{"pref":"京都府","city":"京都市中京区","town":"綿屋町"}],"8182":[{"pref":"京都府","city":"京都市中京区","town":"大阪材木町"}],"8183":[{"pref":"京都府","city":"京都市中京区","town":"東片町"}],"8184":[{"pref":"京都府","city":"京都市中京区","town":"曇華院前町"}],"8185":[{"pref":"京都府","city":"京都市中京区","town":"車屋町"}],"8186":[{"pref":"京都府","city":"京都市中京区","town":"梅屋町（御池通烏丸東入、御池通東洞院西入）"}],"8187":[{"pref":"京都府","city":"京都市中京区","town":"笹屋町（御池通東洞院東入、御池通東洞院西入、御池通烏丸東入、東洞院通"},{"pref":"京都府","city":"京都市中京区","town":"姉小路上る、姉小路通東洞院東入）"}],"8201":[{"pref":"京都府","city":"京都市中京区","town":"長浜町"}],"8202":[{"pref":"京都府","city":"京都市中京区","town":"突抜町（衣棚通姉小路下る、衣棚通三条上る、姉小路通室町西入、姉小路通衣"},{"pref":"京都府","city":"京都市中京区","town":"棚西入、姉小路通衣棚東入、姉小路通新町東入）"}],"8203":[{"pref":"京都府","city":"京都市中京区","town":"衣棚町"}],"8204":[{"pref":"京都府","city":"京都市中京区","town":"了頓図子町"}],"8205":[{"pref":"京都府","city":"京都市中京区","town":"三条町"}],"8206":[{"pref":"京都府","city":"京都市中京区","town":"町頭町"}],"8207":[{"pref":"京都府","city":"京都市中京区","town":"神明町"}],"8211":[{"pref":"京都府","city":"京都市中京区","town":"玉蔵町"}],"8212":[{"pref":"京都府","city":"京都市中京区","town":"六角町"}],"8213":[{"pref":"京都府","city":"京都市中京区","town":"姥柳町"}],"8214":[{"pref":"京都府","city":"京都市中京区","town":"百足屋町（新町通蛸薬師下る、新町通錦小路上る、蛸薬師通新町西入、錦小路"},{"pref":"京都府","city":"京都市中京区","town":"通新町西入、錦小路通新町東入）"}],"8215":[{"pref":"京都府","city":"京都市中京区","town":"不動町"}],"8216":[{"pref":"京都府","city":"京都市中京区","town":"池須町"}],"8217":[{"pref":"京都府","city":"京都市中京区","town":"西六角町"}],"8221":[{"pref":"京都府","city":"京都市中京区","town":"天神山町"}],"8222":[{"pref":"京都府","city":"京都市中京区","town":"観音堂町"}],"8223":[{"pref":"京都府","city":"京都市中京区","town":"小結棚町"}],"8224":[{"pref":"京都府","city":"京都市中京区","town":"炭之座町"}],"8225":[{"pref":"京都府","city":"京都市中京区","town":"蟷螂山町"}],"8226":[{"pref":"京都府","city":"京都市中京区","town":"西錦小路町"}],"8227":[{"pref":"京都府","city":"京都市中京区","town":"古西町"}],"8231":[{"pref":"京都府","city":"京都市中京区","town":"元本能寺南町"}],"8232":[{"pref":"京都府","city":"京都市中京区","town":"空也町"}],"8233":[{"pref":"京都府","city":"京都市中京区","town":"藤本町"}],"8234":[{"pref":"京都府","city":"京都市中京区","town":"藤西町"}],"8235":[{"pref":"京都府","city":"京都市中京区","town":"錦堀川町"}],"8236":[{"pref":"京都府","city":"京都市中京区","town":"三文字町（錦小路通堀川東入、錦小路通油小路西入、堀川通錦小路下る、醒ケ"},{"pref":"京都府","city":"京都市中京区","town":"井通錦小路下る、醒ケ井通錦小路東入、醒ケ井通錦小路西入）"}],"8237":[{"pref":"京都府","city":"京都市中京区","town":"山田町"}],"8241":[{"pref":"京都府","city":"京都市中京区","town":"釜座町"}],"8242":[{"pref":"京都府","city":"京都市中京区","town":"柳水町"}],"8243":[{"pref":"京都府","city":"京都市中京区","town":"本能寺町"}],"8244":[{"pref":"京都府","city":"京都市中京区","town":"元本能寺町"}],"8245":[{"pref":"京都府","city":"京都市中京区","town":"六角油小路町"}],"8246":[{"pref":"京都府","city":"京都市中京区","town":"猩々町"}],"8247":[{"pref":"京都府","city":"京都市中京区","town":"塩屋町（三条通西洞院西入、三条通小川東入、三条通小川西入、三条通油小路東入）"}],"8251":[{"pref":"京都府","city":"京都市中京区","town":"三条油小路町"}],"8252":[{"pref":"京都府","city":"京都市中京区","town":"越後突抜町"}],"8253":[{"pref":"京都府","city":"京都市中京区","town":"亀屋町（蛸薬師通堀川東入、堀川通蛸薬師下る、蛸薬師通油小路西入）"}],"8254":[{"pref":"京都府","city":"京都市中京区","town":"四坊堀川町"}],"8255":[{"pref":"京都府","city":"京都市中京区","town":"壺屋町（堀川通六角下る、六角通堀川東入、堀川通蛸薬師上る）"}],"8256":[{"pref":"京都府","city":"京都市中京区","town":"越後町"}],"8257":[{"pref":"京都府","city":"京都市中京区","town":"橋浦町"}],"8258":[{"pref":"京都府","city":"京都市中京区","town":"橋東詰町"}],"8261":[{"pref":"京都府","city":"京都市中京区","town":"式阿弥町"}],"8262":[{"pref":"京都府","city":"京都市中京区","town":"宗林町"}],"8263":[{"pref":"京都府","city":"京都市中京区","town":"姉東堀川町"}],"8264":[{"pref":"京都府","city":"京都市中京区","town":"姉西堀川町"}],"8265":[{"pref":"京都府","city":"京都市中京区","town":"西三坊堀川町"}],"8266":[{"pref":"京都府","city":"京都市中京区","town":"三坊堀川町"}],"8267":[{"pref":"京都府","city":"京都市中京区","town":"鍛冶町"}],"8271":[{"pref":"京都府","city":"京都市中京区","town":"津軽町"}],"8272":[{"pref":"京都府","city":"京都市中京区","town":"突抜町（釜座通姉小路下る、釜座通三条上る、姉小路通新町西入、姉小路通釜"},{"pref":"京都府","city":"京都市中京区","town":"座西入、姉小路通釜座東入、姉小路通西洞院東入）"}],"8273":[{"pref":"京都府","city":"京都市中京区","town":"姉西洞院町"}],"8274":[{"pref":"京都府","city":"京都市中京区","town":"西堂町"}],"8275":[{"pref":"京都府","city":"京都市中京区","town":"宮木町"}],"8276":[{"pref":"京都府","city":"京都市中京区","town":"壺屋町（小川通御池下る、小川通姉小路上る）"}],"8277":[{"pref":"京都府","city":"京都市中京区","town":"三坊西洞院町"}],"8301":[{"pref":"京都府","city":"京都市中京区","town":"二条城町"}],"8302":[{"pref":"京都府","city":"京都市中京区","town":"池元町"}],"8303":[{"pref":"京都府","city":"京都市中京区","town":"最上町"}],"8304":[{"pref":"京都府","city":"京都市中京区","town":"織物屋町"}],"8305":[{"pref":"京都府","city":"京都市中京区","town":"市之町"}],"8306":[{"pref":"京都府","city":"京都市中京区","town":"門前町"}],"8311":[{"pref":"京都府","city":"京都市中京区","town":"俵屋町（御池通猪熊西入、御池通黒門東入）"}],"8312":[{"pref":"京都府","city":"京都市中京区","town":"上巴町"}],"8313":[{"pref":"京都府","city":"京都市中京区","town":"三坊猪熊町北組"}],"8314":[{"pref":"京都府","city":"京都市中京区","town":"三坊猪熊町南組"}],"8315":[{"pref":"京都府","city":"京都市中京区","town":"大文字町（黒門通御池下る、黒門通姉小路上る、御池通黒門西入、御池通黒門"},{"pref":"京都府","city":"京都市中京区","town":"東入、御池通猪熊西入）"}],"8316":[{"pref":"京都府","city":"京都市中京区","town":"三坊大宮町"}],"8321":[{"pref":"京都府","city":"京都市中京区","town":"倉本町"}],"8322":[{"pref":"京都府","city":"京都市中京区","town":"樽屋町"}],"8323":[{"pref":"京都府","city":"京都市中京区","town":"上八文字町"}],"8324":[{"pref":"京都府","city":"京都市中京区","town":"姉猪熊町"}],"8325":[{"pref":"京都府","city":"京都市中京区","town":"上一文字町"}],"8326":[{"pref":"京都府","city":"京都市中京区","town":"姉大宮町東側"}],"8327":[{"pref":"京都府","city":"京都市中京区","town":"姉大宮町西側"}],"8331":[{"pref":"京都府","city":"京都市中京区","town":"御供町"}],"8332":[{"pref":"京都府","city":"京都市中京区","town":"橋西町"}],"8333":[{"pref":"京都府","city":"京都市中京区","town":"下八文字町"}],"8334":[{"pref":"京都府","city":"京都市中京区","town":"三条猪熊町"}],"8335":[{"pref":"京都府","city":"京都市中京区","town":"下一文字町"}],"8336":[{"pref":"京都府","city":"京都市中京区","town":"三条大宮町"}],"8341":[{"pref":"京都府","city":"京都市中京区","town":"岩上町"}],"8342":[{"pref":"京都府","city":"京都市中京区","town":"六角猪熊町"}],"8343":[{"pref":"京都府","city":"京都市中京区","town":"上黒門町"}],"8344":[{"pref":"京都府","city":"京都市中京区","town":"六角大宮町"}],"8345":[{"pref":"京都府","city":"京都市中京区","town":"鍛冶屋町（六角通猪熊西入、六角通黒門東入、六角通黒門西入、六角通大宮東入）"}],"8351":[{"pref":"京都府","city":"京都市中京区","town":"畳屋町"}],"8352":[{"pref":"京都府","city":"京都市中京区","town":"金屋町"}],"8353":[{"pref":"京都府","city":"京都市中京区","town":"宮本町"}],"8354":[{"pref":"京都府","city":"京都市中京区","town":"下瓦町"}],"8355":[{"pref":"京都府","city":"京都市中京区","town":"下黒門町"}],"8356":[{"pref":"京都府","city":"京都市中京区","town":"四坊大宮町"}],"8361":[{"pref":"京都府","city":"京都市中京区","town":"吉野町"}],"8362":[{"pref":"京都府","city":"京都市中京区","town":"松浦町"}],"8363":[{"pref":"京都府","city":"京都市中京区","town":"錦猪熊町"}],"8364":[{"pref":"京都府","city":"京都市中京区","town":"藤岡町"}],"8365":[{"pref":"京都府","city":"京都市中京区","town":"錦大宮町"}],"8366":[{"pref":"京都府","city":"京都市中京区","town":"七軒町"}],"8371":[{"pref":"京都府","city":"京都市中京区","town":"神泉苑町"}],"8372":[{"pref":"京都府","city":"京都市中京区","town":"姉西町"}],"8373":[{"pref":"京都府","city":"京都市中京区","town":"瓦師町"}],"8374":[{"pref":"京都府","city":"京都市中京区","town":"上瓦町"}],"8375":[{"pref":"京都府","city":"京都市中京区","town":"西ノ京池ノ内町"}],"8381":[{"pref":"京都府","city":"京都市中京区","town":"西ノ京職司町"}],"8382":[{"pref":"京都府","city":"京都市中京区","town":"西ノ京北聖町"}],"8383":[{"pref":"京都府","city":"京都市中京区","town":"西ノ京小堀町"}],"8384":[{"pref":"京都府","city":"京都市中京区","town":"西ノ京式部町"}],"8401":[{"pref":"京都府","city":"京都市中京区","town":"聚楽廻松下町"}],"8402":[{"pref":"京都府","city":"京都市中京区","town":"聚楽廻西町"}],"8403":[{"pref":"京都府","city":"京都市中京区","town":"聚楽廻中町"}],"8404":[{"pref":"京都府","city":"京都市中京区","town":"聚楽廻東町"}],"8405":[{"pref":"京都府","city":"京都市中京区","town":"西ノ京車坂町"}],"8411":[{"pref":"京都府","city":"京都市中京区","town":"聚楽廻南町"}],"8412":[{"pref":"京都府","city":"京都市中京区","town":"西ノ京南聖町"}],"8413":[{"pref":"京都府","city":"京都市中京区","town":"西ノ京勧学院町"}],"8414":[{"pref":"京都府","city":"京都市中京区","town":"西ノ京小倉町"}],"8415":[{"pref":"京都府","city":"京都市中京区","town":"西ノ京栂尾町"}],"8416":[{"pref":"京都府","city":"京都市中京区","town":"西ノ京星池町"}],"8417":[{"pref":"京都府","city":"京都市中京区","town":"西ノ京内畑町"}],"8418":[{"pref":"京都府","city":"京都市中京区","town":"西ノ京東栂尾町"}],"8421":[{"pref":"京都府","city":"京都市中京区","town":"西ノ京永本町"}],"8422":[{"pref":"京都府","city":"京都市中京区","town":"西ノ京東月光町"}],"8423":[{"pref":"京都府","city":"京都市中京区","town":"西ノ京西月光町"}],"8424":[{"pref":"京都府","city":"京都市中京区","town":"西ノ京樋ノ口町"}],"8425":[{"pref":"京都府","city":"京都市中京区","town":"西ノ京銅駝町"}],"8426":[{"pref":"京都府","city":"京都市中京区","town":"西ノ京船塚町"}],"8431":[{"pref":"京都府","city":"京都市中京区","town":"西ノ京原町"}],"8432":[{"pref":"京都府","city":"京都市中京区","town":"西ノ京南原町"}],"8433":[{"pref":"京都府","city":"京都市中京区","town":"西ノ京北小路町"}],"8434":[{"pref":"京都府","city":"京都市中京区","town":"西ノ京新建町"}],"8435":[{"pref":"京都府","city":"京都市中京区","town":"西ノ京三条坊町"}],"8436":[{"pref":"京都府","city":"京都市中京区","town":"西ノ京下合町"}],"8437":[{"pref":"京都府","city":"京都市中京区","town":"西ノ京東中合町"}],"8441":[{"pref":"京都府","city":"京都市中京区","town":"西ノ京西中合町"}],"8442":[{"pref":"京都府","city":"京都市中京区","town":"西ノ京桑原町"}],"8443":[{"pref":"京都府","city":"京都市中京区","town":"西ノ京島ノ内町"}],"8444":[{"pref":"京都府","city":"京都市中京区","town":"西ノ京月輪町"}],"8445":[{"pref":"京都府","city":"京都市中京区","town":"西ノ京徳大寺町"}],"8446":[{"pref":"京都府","city":"京都市中京区","town":"西ノ京日扇町"}],"8451":[{"pref":"京都府","city":"京都市中京区","town":"西ノ京御輿岡町"}],"8452":[{"pref":"京都府","city":"京都市中京区","town":"西ノ京伯楽町"}],"8453":[{"pref":"京都府","city":"京都市中京区","town":"西ノ京春日町"}],"8454":[{"pref":"京都府","city":"京都市中京区","town":"西ノ京小堀池町"}],"8455":[{"pref":"京都府","city":"京都市中京区","town":"西ノ京藤ノ木町"}],"8456":[{"pref":"京都府","city":"京都市中京区","town":"西ノ京壺ノ内町"}],"8457":[{"pref":"京都府","city":"京都市中京区","town":"西ノ京馬代町"}],"8461":[{"pref":"京都府","city":"京都市中京区","town":"西ノ京中保町"}],"8462":[{"pref":"京都府","city":"京都市中京区","town":"西ノ京北円町"}],"8463":[{"pref":"京都府","city":"京都市中京区","town":"西ノ京円町"}],"8464":[{"pref":"京都府","city":"京都市中京区","town":"西ノ京南円町"}],"8465":[{"pref":"京都府","city":"京都市中京区","town":"西ノ京西円町"}],"8466":[{"pref":"京都府","city":"京都市中京区","town":"西ノ京南大炊御門町"}],"8467":[{"pref":"京都府","city":"京都市中京区","town":"西ノ京大炊御門町"}],"8471":[{"pref":"京都府","city":"京都市中京区","town":"西ノ京中御門東町"}],"8472":[{"pref":"京都府","city":"京都市中京区","town":"西ノ京北壺井町"}],"8473":[{"pref":"京都府","city":"京都市中京区","town":"西ノ京南壺井町"}],"8474":[{"pref":"京都府","city":"京都市中京区","town":"西ノ京塚本町"}],"8475":[{"pref":"京都府","city":"京都市中京区","town":"西ノ京中御門西町"}],"8481":[{"pref":"京都府","city":"京都市中京区","town":"西ノ京冷泉町"}],"8482":[{"pref":"京都府","city":"京都市中京区","town":"西ノ京笠殿町"}],"8483":[{"pref":"京都府","city":"京都市中京区","town":"西ノ京南上合町"}],"8484":[{"pref":"京都府","city":"京都市中京区","town":"西ノ京上合町"}],"8485":[{"pref":"京都府","city":"京都市中京区","town":"西ノ京平町"}],"8491":[{"pref":"京都府","city":"京都市中京区","town":"西ノ京左馬寮町"}],"8492":[{"pref":"京都府","city":"京都市中京区","town":"西ノ京右馬寮町"}],"8493":[{"pref":"京都府","city":"京都市中京区","town":"西ノ京南両町"}],"8494":[{"pref":"京都府","city":"京都市中京区","town":"西ノ京上平町"}],"8495":[{"pref":"京都府","city":"京都市中京区","town":"西ノ京西鹿垣町"}],"8496":[{"pref":"京都府","city":"京都市中京区","town":"西ノ京鹿垣町"}],"8497":[{"pref":"京都府","city":"京都市中京区","town":"西ノ京両町"}],"8801":[{"pref":"京都府","city":"京都市中京区","town":"今新在家西町"}],"8802":[{"pref":"京都府","city":"京都市中京区","town":"今新在家東町"}],"8803":[{"pref":"京都府","city":"京都市中京区","town":"因幡町"}],"8804":[{"pref":"京都府","city":"京都市中京区","town":"壬生坊城町"}],"8805":[{"pref":"京都府","city":"京都市中京区","town":"壬生馬場町"}],"8811":[{"pref":"京都府","city":"京都市中京区","town":"壬生賀陽御所町"}],"8812":[{"pref":"京都府","city":"京都市中京区","town":"壬生相合町"}],"8821":[{"pref":"京都府","city":"京都市中京区","town":"壬生梛ノ宮町"}],"8822":[{"pref":"京都府","city":"京都市中京区","town":"壬生辻町"}],"8823":[{"pref":"京都府","city":"京都市中京区","town":"壬生松原町"}],"8824":[{"pref":"京都府","city":"京都市中京区","town":"壬生高樋町"}],"8831":[{"pref":"京都府","city":"京都市中京区","town":"壬生森前町"}],"8832":[{"pref":"京都府","city":"京都市中京区","town":"壬生下溝町"}],"8841":[{"pref":"京都府","city":"京都市中京区","town":"壬生東土居ノ内町"}],"8842":[{"pref":"京都府","city":"京都市中京区","town":"壬生土居ノ内町"}],"8843":[{"pref":"京都府","city":"京都市中京区","town":"壬生東桧町"}],"8844":[{"pref":"京都府","city":"京都市中京区","town":"壬生桧町"}],"8845":[{"pref":"京都府","city":"京都市中京区","town":"壬生東高田町"}],"8846":[{"pref":"京都府","city":"京都市中京区","town":"壬生西桧町"}],"8847":[{"pref":"京都府","city":"京都市中京区","town":"壬生西土居ノ内町"}],"8851":[{"pref":"京都府","city":"京都市中京区","town":"壬生上大竹町"}],"8852":[{"pref":"京都府","city":"京都市中京区","town":"壬生東大竹町"}],"8853":[{"pref":"京都府","city":"京都市中京区","town":"壬生東淵田町"}],"8854":[{"pref":"京都府","city":"京都市中京区","town":"壬生仙念町"}],"8855":[{"pref":"京都府","city":"京都市中京区","town":"壬生淵田町"}],"8856":[{"pref":"京都府","city":"京都市中京区","town":"壬生西大竹町"}],"8861":[{"pref":"京都府","city":"京都市中京区","town":"壬生神明町"}],"8862":[{"pref":"京都府","city":"京都市中京区","town":"壬生森町"}],"8863":[{"pref":"京都府","city":"京都市中京区","town":"壬生中川町"}],"8871":[{"pref":"京都府","city":"京都市中京区","town":"壬生朱雀町"}],"8872":[{"pref":"京都府","city":"京都市中京区","town":"壬生御所ノ内町"}],"8873":[{"pref":"京都府","city":"京都市中京区","town":"壬生花井町"}],"8874":[{"pref":"京都府","city":"京都市中京区","town":"壬生天池町"}],"0000":[{"pref":"京都府","city":"京都市中京区","town":"以下に掲載がない場合"}],"0004":[{"pref":"京都府","city":"京都市中京区","town":"相生町"}],"0847":[{"pref":"京都府","city":"京都市中京区","town":"秋野々町"}],"0043":[{"pref":"京都府","city":"京都市中京区","town":"石橋町（御池通小川西入、御池通小川東入、御池通西洞院西入、御池通油小路"},{"pref":"京都府","city":"京都市中京区","town":"東入、小川通御池下る）"}],"0996":[{"pref":"京都府","city":"京都市中京区","town":"石屋町（丸太町通寺町西入、丸太町通御幸町東入）"}],"0015":[{"pref":"京都府","city":"京都市中京区","town":"泉町"}],"0924":[{"pref":"京都府","city":"京都市中京区","town":"一之船入町"}],"0984":[{"pref":"京都府","city":"京都市中京区","town":"魚屋町"}],"0905":[{"pref":"京都府","city":"京都市中京区","town":"梅之木町（新烏丸通竹屋町上る、新烏丸通竹屋町下る、新烏丸通夷川上る、"},{"pref":"京都府","city":"京都市中京区","town":"夷川通新烏丸東入、夷川通新椹木町西入、竹屋町通新烏丸東入、竹屋町通椹木"},{"pref":"京都府","city":"京都市中京区","town":"町西入、新烏丸通御霊図子下る）"}],"0091":[{"pref":"京都府","city":"京都市中京区","town":"梅屋町（丸太町通釜座西入、丸太町通釜座東入、丸太町通新町西入、丸太町通"},{"pref":"京都府","city":"京都市中京区","town":"西洞院東入、釜座通丸太町上る）"}],"0931":[{"pref":"京都府","city":"京都市中京区","town":"榎木町"}],"0813":[{"pref":"京都府","city":"京都市中京区","town":"夷町"}],"0942":[{"pref":"京都府","city":"京都市中京区","town":"御池大東町"}],"0022":[{"pref":"京都府","city":"京都市中京区","town":"御池之町"}],"0824":[{"pref":"京都府","city":"京都市中京区","town":"扇屋町"}],"0092":[{"pref":"京都府","city":"京都市中京区","town":"大炊町（新町通丸太町下る、新町通竹屋町上る、丸太町通新町西入、丸太町通"},{"pref":"京都府","city":"京都市中京区","town":"新町東入、竹屋町通新町西入、竹屋町通新町東入）"}],"0972":[{"pref":"京都府","city":"京都市中京区","town":"大炊町（富小路通竹屋町下る、富小路通夷川上る、竹屋町通富小路西入、竹屋"},{"pref":"京都府","city":"京都市中京区","town":"町通富小路東入、夷川通富小路西入、夷川通富小路東入）"}],"0861":[{"pref":"京都府","city":"京都市中京区","town":"大倉町"}],"0885":[{"pref":"京都府","city":"京都市中京区","town":"大津町"}],"0052":[{"pref":"京都府","city":"京都市中京区","town":"押油小路町"}],"0042":[{"pref":"京都府","city":"京都市中京区","town":"押西洞院町"}],"0054":[{"pref":"京都府","city":"京都市中京区","town":"押堀町"}],"0934":[{"pref":"京都府","city":"京都市中京区","town":"尾張町"}],"0002":[{"pref":"京都府","city":"京都市中京区","town":"鏡屋町"}],"0801":[{"pref":"京都府","city":"京都市中京区","town":"鍵屋町（丸太町通堺町東入、丸太町通堺町西入、丸太町通柳馬場東入、丸太町"},{"pref":"京都府","city":"京都市中京区","town":"通高倉東入）"}],"0832":[{"pref":"京都府","city":"京都市中京区","town":"鍵屋町（間之町通二条下る、間之町通押小路上る）"}],"0964":[{"pref":"京都府","city":"京都市中京区","town":"鍛冶屋町（富小路通夷川下る、富小路通二条上る、夷川通富小路西入、夷川通"},{"pref":"京都府","city":"京都市中京区","town":"富小路東入）"}],"0031":[{"pref":"京都府","city":"京都市中京区","town":"頭町"}],"0923":[{"pref":"京都府","city":"京都市中京区","town":"上樵木町"}],"0943":[{"pref":"京都府","city":"京都市中京区","town":"上白山町"}],"0925":[{"pref":"京都府","city":"京都市中京区","town":"上本能寺前町"}],"0035":[{"pref":"京都府","city":"京都市中京区","town":"上松屋町"}],"0025":[{"pref":"京都府","city":"京都市中京区","town":"上妙覚寺町"}],"0094":[{"pref":"京都府","city":"京都市中京区","town":"亀屋町（釜座通竹屋町下る、釜座通夷川上る、夷川通釜座西入、夷川通釜座"},{"pref":"京都府","city":"京都市中京区","town":"東入、夷川通西洞院東入、夷川通新町西入）"}],"0865":[{"pref":"京都府","city":"京都市中京区","town":"亀屋町（竹屋町通烏丸西入、竹屋町通両替町東入、竹屋町通両替町西入、竹屋"},{"pref":"京都府","city":"京都市中京区","town":"町通室町東入、両替町通室町下る）"}],"0811":[{"pref":"京都府","city":"京都市中京区","town":"亀屋町（堺町通夷川下る、堺町通二条上る、夷川通堺町西入、夷川通堺町東入）"}],"0941":[{"pref":"京都府","city":"京都市中京区","town":"亀屋町（御幸町通御池上る、御幸町通押小路下る、御幸町通押小路西入、御幸"},{"pref":"京都府","city":"京都市中京区","town":"町通押小路東入、押小路通寺町西入、御池通御幸町西入、御池通御幸町東入）"}],"0827":[{"pref":"京都府","city":"京都市中京区","town":"瓦町"}],"0837":[{"pref":"京都府","city":"京都市中京区","town":"瓦之町"}],"0886":[{"pref":"京都府","city":"京都市中京区","town":"関東屋町"}],"0821":[{"pref":"京都府","city":"京都市中京区","town":"観音町"}],"0994":[{"pref":"京都府","city":"京都市中京区","town":"甘露町"}],"0975":[{"pref":"京都府","city":"京都市中京区","town":"菊屋町（竹屋町通富小路西入、竹屋町通柳馬場東入）"}],"0856":[{"pref":"京都府","city":"京都市中京区","town":"北小路町"}],"0804":[{"pref":"京都府","city":"京都市中京区","town":"絹屋町"}],"0961":[{"pref":"京都府","city":"京都市中京区","town":"木屋町"}],"0065":[{"pref":"京都府","city":"京都市中京区","town":"九町目"}],"0991":[{"pref":"京都府","city":"京都市中京区","town":"行願寺門前町"}],"0846":[{"pref":"京都府","city":"京都市中京区","town":"金吹町"}],"0993":[{"pref":"京都府","city":"京都市中京区","town":"久遠院前町"}],"0883":[{"pref":"京都府","city":"京都市中京区","town":"楠町"}],"0066":[{"pref":"京都府","city":"京都市中京区","town":"薬屋町"}],"0976":[{"pref":"京都府","city":"京都市中京区","town":"桑原町"}],"0825":[{"pref":"京都府","city":"京都市中京区","town":"御所八幡町"}],"0973":[{"pref":"京都府","city":"京都市中京区","town":"五丁目"}],"0986":[{"pref":"京都府","city":"京都市中京区","town":"昆布屋町"}],"0866":[{"pref":"京都府","city":"京都市中京区","town":"西方寺町"}],"0881":[{"pref":"京都府","city":"京都市中京区","town":"坂本町"}],"0833":[{"pref":"京都府","city":"京都市中京区","town":"左京町"}],"0983":[{"pref":"京都府","city":"京都市中京区","town":"笹屋町（麩屋町通竹屋町下る、麩屋町通夷川上る、竹屋町通麩屋町西入、竹屋"},{"pref":"京都府","city":"京都市中京区","town":"町通麩屋町東入、竹屋町通御幸町西入、夷川通麩屋町西入、夷川通麩屋町東入）"}],"0903":[{"pref":"京都府","city":"京都市中京区","town":"指物町"}],"0095":[{"pref":"京都府","city":"京都市中京区","town":"指物屋町"}],"0872":[{"pref":"京都府","city":"京都市中京区","town":"三本木五丁目"}],"0871":[{"pref":"京都府","city":"京都市中京区","town":"三本木町"}],"0874":[{"pref":"京都府","city":"京都市中京区","town":"清水町（竹屋町通烏丸東入、竹屋町通東洞院西入、竹屋町通車屋町西入、竹屋"},{"pref":"京都府","city":"京都市中京区","town":"町通車屋町東入、車屋町通竹屋町下る）"}],"0911":[{"pref":"京都府","city":"京都市中京区","town":"清水町（河原町通夷川下る、河原町通二条上る、夷川通河原町東入、夷川通"},{"pref":"京都府","city":"京都市中京区","town":"土手町西入、夷川通土手町東入）"}],"0995":[{"pref":"京都府","city":"京都市中京区","town":"下御霊前町"}],"0044":[{"pref":"京都府","city":"京都市中京区","town":"下古城町"}],"0034":[{"pref":"京都府","city":"京都市中京区","town":"下松屋町"}],"0084":[{"pref":"京都府","city":"京都市中京区","town":"下丸屋町（小川通夷川下る、小川通夷川上る）"}],"0024":[{"pref":"京都府","city":"京都市中京区","town":"下妙覚寺町"}],"0875":[{"pref":"京都府","city":"京都市中京区","town":"砂金町"}],"0036":[{"pref":"京都府","city":"京都市中京区","town":"正行寺町"}],"0873":[{"pref":"京都府","city":"京都市中京区","town":"少将井御旅町"}],"0862":[{"pref":"京都府","city":"京都市中京区","town":"少将井町"}],"0867":[{"pref":"京都府","city":"京都市中京区","town":"常真横町"}],"0864":[{"pref":"京都府","city":"京都市中京区","town":"松竹町"}],"0853":[{"pref":"京都府","city":"京都市中京区","town":"真如堂町"}],"0901":[{"pref":"京都府","city":"京都市中京区","town":"末丸町"}],"0822":[{"pref":"京都府","city":"京都市中京区","town":"杉屋町"}],"0913":[{"pref":"京都府","city":"京都市中京区","town":"角倉町"}],"0951":[{"pref":"京都府","city":"京都市中京区","town":"晴明町"}],"0026":[{"pref":"京都府","city":"京都市中京区","town":"大恩寺町"}],"0014":[{"pref":"京都府","city":"京都市中京区","town":"大黒町（釜座通夷川下る、釜座通二条上る、夷川通釜座東入、夷川通釜座西入）"}],"0071":[{"pref":"京都府","city":"京都市中京区","town":"大文字町（丸太町通堀川東入、丸太町通油小路西入、丸太町通油小路東入、丸太"},{"pref":"京都府","city":"京都市中京区","town":"町通小川西入、油小路通竹屋町上る、竹屋町通油小路東入）"}],"0907":[{"pref":"京都府","city":"京都市中京区","town":"大文字町（河原町通御霊図子下る、河原町通竹屋町上る）"}],"0834":[{"pref":"京都府","city":"京都市中京区","town":"高田町"}],"0835":[{"pref":"京都府","city":"京都市中京区","town":"高宮町（御池通高倉西入、御池通東洞院東入、御池通間之町東入、御池通間之町"},{"pref":"京都府","city":"京都市中京区","town":"西入）"}],"0823":[{"pref":"京都府","city":"京都市中京区","town":"竹屋町"}],"0021":[{"pref":"京都府","city":"京都市中京区","town":"蛸薬師町"}],"0802":[{"pref":"京都府","city":"京都市中京区","town":"橘町（堺町通丸太町下る、堺町通竹屋町上る、竹屋町通堺町西入、竹屋町通"},{"pref":"京都府","city":"京都市中京区","town":"堺町東入）"}],"0944":[{"pref":"京都府","city":"京都市中京区","town":"橘町（押小路通御幸町西入、押小路通麩屋町西入、押小路通麩屋町東入、"},{"pref":"京都府","city":"京都市中京区","town":"押小路通富小路西入、押小路通富小路東入、押小路通柳馬場東入）"}],"0914":[{"pref":"京都府","city":"京都市中京区","town":"橘柳町"}],"0012":[{"pref":"京都府","city":"京都市中京区","town":"竪大恩寺町"}],"0081":[{"pref":"京都府","city":"京都市中京区","town":"田中町"}],"0005":[{"pref":"京都府","city":"京都市中京区","town":"玉植町"}],"0962":[{"pref":"京都府","city":"京都市中京区","town":"達磨町"}],"0952":[{"pref":"京都府","city":"京都市中京区","town":"俵屋町（富小路通二条下る、富小路通押小路上る）"}],"0966":[{"pref":"京都府","city":"京都市中京区","town":"俵屋町（夷川通富小路西入、夷川通柳馬場東入）"}],"0935":[{"pref":"京都府","city":"京都市中京区","town":"丁子屋町"}],"0055":[{"pref":"京都府","city":"京都市中京区","town":"土橋町"}],"0061":[{"pref":"京都府","city":"京都市中京区","town":"槌屋町（小川通夷川下る、小川通二条上る）"}],"0814":[{"pref":"京都府","city":"京都市中京区","town":"壺屋町（東洞院通夷川下る、東洞院通二条上る、夷川通東洞院西入、夷川通東"},{"pref":"京都府","city":"京都市中京区","town":"洞院東入）"}],"0812":[{"pref":"京都府","city":"京都市中京区","town":"天守町"}],"0956":[{"pref":"京都府","city":"京都市中京区","town":"等持寺町"}],"0001":[{"pref":"京都府","city":"京都市中京区","town":"道場町"}],"0915":[{"pref":"京都府","city":"京都市中京区","town":"常盤木町"}],"0863":[{"pref":"京都府","city":"京都市中京区","town":"巴町"}],"0955":[{"pref":"京都府","city":"京都市中京区","town":"虎石町"}],"0032":[{"pref":"京都府","city":"京都市中京区","town":"中之町（新町通御池上る、新町通押小路下る）"}],"0086":[{"pref":"京都府","city":"京都市中京区","town":"中之町（小川通丸太町下る、小川通竹屋町上る）"}],"0844":[{"pref":"京都府","city":"京都市中京区","town":"仲保利町"}],"0076":[{"pref":"京都府","city":"京都市中京区","town":"七町目"}],"0854":[{"pref":"京都府","city":"京都市中京区","town":"仁王門町"}],"0841":[{"pref":"京都府","city":"京都市中京区","town":"仁王門突抜町"}],"0921":[{"pref":"京都府","city":"京都市中京区","town":"西生洲町"}],"0073":[{"pref":"京都府","city":"京都市中京区","town":"西夷川町"}],"0842":[{"pref":"京都府","city":"京都市中京区","town":"西押小路町"}],"0851":[{"pref":"京都府","city":"京都市中京区","town":"西九軒町"}],"0904":[{"pref":"京都府","city":"京都市中京区","town":"西革堂町"}],"0063":[{"pref":"京都府","city":"京都市中京区","town":"西大黒町"}],"0075":[{"pref":"京都府","city":"京都市中京区","town":"西竹屋町"}],"0051":[{"pref":"京都府","city":"京都市中京区","town":"二条油小路町"}],"0013":[{"pref":"京都府","city":"京都市中京区","town":"二条新町"}],"0845":[{"pref":"京都府","city":"京都市中京区","town":"二条殿町"}],"0041":[{"pref":"京都府","city":"京都市中京区","town":"二条西洞院町"}],"0023":[{"pref":"京都府","city":"京都市中京区","town":"西横町"}],"0843":[{"pref":"京都府","city":"京都市中京区","town":"塗師屋町"}],"0033":[{"pref":"京都府","city":"京都市中京区","town":"橋之町"}],"0072":[{"pref":"京都府","city":"京都市中京区","town":"橋本町"}],"0074":[{"pref":"京都府","city":"京都市中京区","town":"八町目"}],"0003":[{"pref":"京都府","city":"京都市中京区","town":"花立町"}],"0826":[{"pref":"京都府","city":"京都市中京区","town":"柊町"}],"0922":[{"pref":"京都府","city":"京都市中京区","town":"東生洲町"}],"0083":[{"pref":"京都府","city":"京都市中京区","town":"東夷川町"}],"0852":[{"pref":"京都府","city":"京都市中京区","town":"東九軒町"}],"0906":[{"pref":"京都府","city":"京都市中京区","town":"東椹木町"}],"0085":[{"pref":"京都府","city":"京都市中京区","town":"東竹屋町"}],"0855":[{"pref":"京都府","city":"京都市中京区","town":"東玉屋町"}],"0954":[{"pref":"京都府","city":"京都市中京区","town":"東八幡町"}],"0876":[{"pref":"京都府","city":"京都市中京区","town":"光リ堂町"}],"0082":[{"pref":"京都府","city":"京都市中京区","town":"毘沙門町（西洞院通竹屋町下る、西洞院通夷川上る、竹屋町通西洞院西入、"},{"pref":"京都府","city":"京都市中京区","town":"竹屋町通西洞院東入、夷川通西洞院東入）"}],"0981":[{"pref":"京都府","city":"京都市中京区","town":"毘沙門町（御幸町通丸太町下る、御幸町通竹屋町上る、丸太町通御幸町西入、"},{"pref":"京都府","city":"京都市中京区","town":"丸太町通御幸町東入、竹屋町通御幸町西入、竹屋町通御幸町東入、"},{"pref":"京都府","city":"京都市中京区","town":"竹屋町通麩屋町東入）"}],"0912":[{"pref":"京都府","city":"京都市中京区","town":"樋之口町"}],"0882":[{"pref":"京都府","city":"京都市中京区","town":"福屋町"}],"0992":[{"pref":"京都府","city":"京都市中京区","town":"藤木町"}],"0985":[{"pref":"京都府","city":"京都市中京区","town":"舟屋町"}],"0836":[{"pref":"京都府","city":"京都市中京区","town":"船屋町（東洞院通押小路下る、東洞院通御池上る、押小路通東洞院西入、"},{"pref":"京都府","city":"京都市中京区","town":"押小路通東洞院東入）"}],"0045":[{"pref":"京都府","city":"京都市中京区","town":"古城町"}],"0884":[{"pref":"京都府","city":"京都市中京区","town":"塀之内町"}],"0093":[{"pref":"京都府","city":"京都市中京区","town":"弁財天町"}],"0902":[{"pref":"京都府","city":"京都市中京区","town":"鉾田町"}],"0963":[{"pref":"京都府","city":"京都市中京区","town":"布袋屋町"}],"0857":[{"pref":"京都府","city":"京都市中京区","town":"蒔絵屋町"}],"0096":[{"pref":"京都府","city":"京都市中京区","town":"桝屋町（釜座通丸太町下る、釜座通竹屋町上る）"}],"0971":[{"pref":"京都府","city":"京都市中京区","town":"桝屋町（富小路通丸太町下る、富小路通竹屋町上る、丸太町通富小路東入、"},{"pref":"京都府","city":"京都市中京区","town":"竹屋町通富小路東入、丸太町通富小路西入、竹屋町通富小路西入）"}],"0982":[{"pref":"京都府","city":"京都市中京区","town":"松本町（御幸町通竹屋町下る、御幸町通夷川上る、御幸町通竹屋町西入、御幸"},{"pref":"京都府","city":"京都市中京区","town":"町通竹屋町東入、夷川通御幸町西入、夷川通御幸町東入）"}],"0831":[{"pref":"京都府","city":"京都市中京区","town":"松屋町"}],"0077":[{"pref":"京都府","city":"京都市中京区","town":"丸太町"}],"0917":[{"pref":"京都府","city":"京都市中京区","town":"丸屋町（夷川通寺町西入、夷川通御幸町東入）"}],"0932":[{"pref":"京都府","city":"京都市中京区","town":"妙満寺前町"}],"0805":[{"pref":"京都府","city":"京都市中京区","town":"百足屋町（夷川通柳馬場西入、夷川通堺町東入、夷川通堺町西入、夷川通高倉東入）"}],"0053":[{"pref":"京都府","city":"京都市中京区","town":"森ノ木町"}],"0953":[{"pref":"京都府","city":"京都市中京区","town":"守山町"}],"0062":[{"pref":"京都府","city":"京都市中京区","town":"薬師町"}],"0815":[{"pref":"京都府","city":"京都市中京区","town":"山中町"}],"0933":[{"pref":"京都府","city":"京都市中京区","town":"山本町"}],"0064":[{"pref":"京都府","city":"京都市中京区","town":"矢幡町"}],"0916":[{"pref":"京都府","city":"京都市中京区","town":"要法寺前町"}],"0087":[{"pref":"京都府","city":"京都市中京区","town":"横鍛冶町"}],"0974":[{"pref":"京都府","city":"京都市中京区","town":"四丁目"}],"0011":[{"pref":"京都府","city":"京都市中京区","town":"冷泉町"}],"0965":[{"pref":"京都府","city":"京都市中京区","town":"六丁目"}],"0803":[{"pref":"京都府","city":"京都市中京区","town":"和久屋町（竹屋町通柳馬場西入、竹屋町通堺町東入、竹屋町通堺町西入、竹屋"},{"pref":"京都府","city":"京都市中京区","town":"町通高倉東入）"}]}