{"1100":[{"pref":"北海道","city":"亀田郡七飯町","town":"以下に掲載がない場合"}],"1101":[{"pref":"北海道","city":"亀田郡七飯町","town":"仁山"}],"1102":[{"pref":"北海道","city":"亀田郡七飯町","town":"峠下"}],"1103":[{"pref":"北海道","city":"亀田郡七飯町","town":"藤城"}],"1104":[{"pref":"北海道","city":"亀田郡七飯町","town":"上藤城"}],"1105":[{"pref":"北海道","city":"亀田郡七飯町","town":"桜町"}],"1111":[{"pref":"北海道","city":"亀田郡七飯町","town":"本町"}],"1112":[{"pref":"北海道","city":"亀田郡七飯町","town":"鳴川"},{"pref":"北海道","city":"亀田郡七飯町","town":"鳴川町"}],"1121":[{"pref":"北海道","city":"亀田郡七飯町","town":"大中山"}],"1122":[{"pref":"北海道","city":"亀田郡七飯町","town":"大川"}],"1131":[{"pref":"北海道","city":"亀田郡七飯町","town":"中野"}],"1132":[{"pref":"北海道","city":"亀田郡七飯町","town":"豊田"}],"1133":[{"pref":"北海道","city":"亀田郡七飯町","town":"中島"}],"1134":[{"pref":"北海道","city":"亀田郡七飯町","town":"鶴野"}],"1135":[{"pref":"北海道","city":"亀田郡七飯町","town":"緑町"}],"1136":[{"pref":"北海道","city":"亀田郡七飯町","town":"飯田町"}],"1201":[{"pref":"北海道","city":"北斗市","town":"本町"}],"1211":[{"pref":"北海道","city":"北斗市","town":"白川"}],"1212":[{"pref":"北海道","city":"北斗市","town":"細入"}],"1213":[{"pref":"北海道","city":"北斗市","town":"開発"}],"1214":[{"pref":"北海道","city":"北斗市","town":"東前"}],"1215":[{"pref":"北海道","city":"北斗市","town":"萩野"}],"1221":[{"pref":"北海道","city":"北斗市","town":"清水川"}],"1222":[{"pref":"北海道","city":"北斗市","town":"千代田"}],"1223":[{"pref":"北海道","city":"北斗市","town":"一本木"}],"1224":[{"pref":"北海道","city":"北斗市","town":"南大野"}],"1225":[{"pref":"北海道","city":"北斗市","town":"文月"}],"1226":[{"pref":"北海道","city":"北斗市","town":"村内"}],"1231":[{"pref":"北海道","city":"北斗市","town":"向野"}],"1241":[{"pref":"北海道","city":"北斗市","town":"稲里"}],"1242":[{"pref":"北海道","city":"北斗市","town":"市渡"}],"1243":[{"pref":"北海道","city":"北斗市","town":"中山"}],"1244":[{"pref":"北海道","city":"北斗市","town":"村山"}],"1251":[{"pref":"北海道","city":"北斗市","town":"本郷"}],"1351":[{"pref":"北海道","city":"亀田郡七飯町","town":"東大沼"}],"1352":[{"pref":"北海道","city":"亀田郡七飯町","town":"軍川"}],"1353":[{"pref":"北海道","city":"亀田郡七飯町","town":"上軍川"}],"1354":[{"pref":"北海道","city":"亀田郡七飯町","town":"大沼町"}],"1355":[{"pref":"北海道","city":"亀田郡七飯町","town":"西大沼"}],"1400":[{"pref":"北海道","city":"茅部郡鹿部町","town":"以下に掲載がない場合"}],"1401":[{"pref":"北海道","city":"茅部郡鹿部町","town":"大岩"}],"1402":[{"pref":"北海道","city":"茅部郡鹿部町","town":"鹿部"}],"1403":[{"pref":"北海道","city":"茅部郡鹿部町","town":"宮浜"}],"1404":[{"pref":"北海道","city":"茅部郡鹿部町","town":"本別"}],"1405":[{"pref":"北海道","city":"茅部郡鹿部町","town":"駒見"}],"1601":[{"pref":"北海道","city":"函館市","town":"古部町"}],"1602":[{"pref":"北海道","city":"函館市","town":"木直町"}],"1603":[{"pref":"北海道","city":"函館市","town":"尾札部町"}],"1611":[{"pref":"北海道","city":"函館市","town":"川汲町"}],"1612":[{"pref":"北海道","city":"函館市","town":"安浦町"}],"1613":[{"pref":"北海道","city":"函館市","town":"臼尻町"}],"1621":[{"pref":"北海道","city":"函館市","town":"豊崎町"}],"1622":[{"pref":"北海道","city":"函館市","town":"大船町"}],"1623":[{"pref":"北海道","city":"函館市","town":"双見町"}],"1624":[{"pref":"北海道","city":"函館市","town":"岩戸町"}],"0805":[{"pref":"北海道","city":"函館市","town":"赤川"}],"0804":[{"pref":"北海道","city":"函館市","town":"赤川町"}],"0802":[{"pref":"北海道","city":"函館市","town":"石川町"}],"0261":[{"pref":"北海道","city":"函館市","town":"石崎町"}],"0613":[{"pref":"北海道","city":"函館市","town":"絵紙山町"}],"0522":[{"pref":"北海道","city":"函館市","town":"恵山町"}],"0605":[{"pref":"北海道","city":"函館市","town":"恵山岬町"}],"0403":[{"pref":"北海道","city":"函館市","town":"大澗町"}],"0251":[{"pref":"北海道","city":"函館市","town":"小安町"}],"0253":[{"pref":"北海道","city":"函館市","town":"小安山町"}],"0523":[{"pref":"北海道","city":"函館市","town":"柏野町"}],"0852":[{"pref":"北海道","city":"函館市","town":"鍛治"}],"0252":[{"pref":"北海道","city":"函館市","town":"釜谷町"}],"0832":[{"pref":"北海道","city":"函館市","town":"神山"}],"0831":[{"pref":"北海道","city":"函館市","town":"神山町"}],"0803":[{"pref":"北海道","city":"函館市","town":"亀田中野町"}],"0813":[{"pref":"北海道","city":"函館市","town":"亀田本町"}],"0822":[{"pref":"北海道","city":"函館市","town":"亀田港町"}],"0405":[{"pref":"北海道","city":"函館市","town":"川上町"}],"0844":[{"pref":"北海道","city":"函館市","town":"川原町"}],"0808":[{"pref":"北海道","city":"函館市","town":"桔梗"}],"0801":[{"pref":"北海道","city":"函館市","town":"桔梗町"}],"0807":[{"pref":"北海道","city":"函館市","town":"北美原"}],"0408":[{"pref":"北海道","city":"函館市","town":"吉畑町"}],"0524":[{"pref":"北海道","city":"函館市","town":"古武井町"}],"0301":[{"pref":"北海道","city":"函館市","town":"汐首町"}],"0602":[{"pref":"北海道","city":"函館市","town":"島泊町"}],"0812":[{"pref":"北海道","city":"函館市","town":"昭和"}],"0823":[{"pref":"北海道","city":"函館市","town":"昭和町"}],"0265":[{"pref":"北海道","city":"函館市","town":"白石町"}],"0606":[{"pref":"北海道","city":"函館市","town":"新恵山町"}],"0837":[{"pref":"北海道","city":"函館市","town":"陣川"}],"0833":[{"pref":"北海道","city":"函館市","town":"陣川町"}],"0601":[{"pref":"北海道","city":"函館市","town":"新八幡町"}],"0611":[{"pref":"北海道","city":"函館市","town":"新浜町"}],"0312":[{"pref":"北海道","city":"函館市","town":"新二見町"}],"0302":[{"pref":"北海道","city":"函館市","town":"瀬田来町"}],"0526":[{"pref":"北海道","city":"函館市","town":"高岱町"}],"0305":[{"pref":"北海道","city":"函館市","town":"館町"}],"0612":[{"pref":"北海道","city":"函館市","town":"銚子町"}],"0264":[{"pref":"北海道","city":"函館市","town":"鶴野町"}],"0304":[{"pref":"北海道","city":"函館市","town":"泊町"}],"0603":[{"pref":"北海道","city":"函館市","town":"富浦町"}],"0811":[{"pref":"北海道","city":"函館市","town":"富岡町"}],"0402":[{"pref":"北海道","city":"函館市","town":"豊浦町"}],"0263":[{"pref":"北海道","city":"函館市","town":"豊原町"}],"0404":[{"pref":"北海道","city":"函館市","town":"中浜町"}],"0853":[{"pref":"北海道","city":"函館市","town":"中道"}],"0824":[{"pref":"北海道","city":"函館市","town":"西桔梗町"}],"0843":[{"pref":"北海道","city":"函館市","town":"花園町"}],"0311":[{"pref":"北海道","city":"函館市","town":"浜町"}],"0313":[{"pref":"北海道","city":"函館市","town":"原木町"}],"0401":[{"pref":"北海道","city":"函館市","town":"日浦町"}],"0835":[{"pref":"北海道","city":"函館市","town":"東山"}],"0834":[{"pref":"北海道","city":"函館市","town":"東山町"}],"0525":[{"pref":"北海道","city":"函館市","town":"日ノ浜町"}],"0841":[{"pref":"北海道","city":"函館市","town":"日吉町"}],"0407":[{"pref":"北海道","city":"函館市","town":"日和山町"}],"0262":[{"pref":"北海道","city":"函館市","town":"古川町"}],"0303":[{"pref":"北海道","city":"函館市","town":"弁才町"}],"0851":[{"pref":"北海道","city":"函館市","town":"本通"}],"0306":[{"pref":"北海道","city":"函館市","town":"丸山町"}],"0521":[{"pref":"北海道","city":"函館市","town":"御崎町"}],"0821":[{"pref":"北海道","city":"函館市","town":"港町"}],"0806":[{"pref":"北海道","city":"函館市","town":"美原"}],"0406":[{"pref":"北海道","city":"函館市","town":"女那川町"}],"0604":[{"pref":"北海道","city":"函館市","town":"元村町"}],"0836":[{"pref":"北海道","city":"函館市","town":"山の手"}]}