{"1100":[{"pref":"埼玉県","city":"川越市","town":"以下に掲載がない場合"}],"1101":[{"pref":"埼玉県","city":"川越市","town":"的場"}],"1102":[{"pref":"埼玉県","city":"川越市","town":"的場北"}],"1103":[{"pref":"埼玉県","city":"川越市","town":"霞ケ関東"}],"1104":[{"pref":"埼玉県","city":"川越市","town":"小ケ谷"}],"1105":[{"pref":"埼玉県","city":"川越市","town":"今成"}],"1106":[{"pref":"埼玉県","city":"川越市","town":"小室"}],"1107":[{"pref":"埼玉県","city":"川越市","town":"的場新町"}],"1108":[{"pref":"埼玉県","city":"川越市","town":"伊勢原町"}],"1109":[{"pref":"埼玉県","city":"川越市","town":"霞ケ関北"}],"1110":[{"pref":"埼玉県","city":"川越市","town":"豊田町"}],"1111":[{"pref":"埼玉県","city":"川越市","town":"野田"}],"1112":[{"pref":"埼玉県","city":"川越市","town":"上野田町"}],"1113":[{"pref":"埼玉県","city":"川越市","town":"田町"}],"1114":[{"pref":"埼玉県","city":"川越市","town":"東田町"}],"1115":[{"pref":"埼玉県","city":"川越市","town":"野田町"}],"1116":[{"pref":"埼玉県","city":"川越市","town":"寿町"}],"1117":[{"pref":"埼玉県","city":"川越市","town":"広栄町"}],"1118":[{"pref":"埼玉県","city":"川越市","town":"豊田本"}],"1119":[{"pref":"埼玉県","city":"川越市","town":"豊田新田"}],"1121":[{"pref":"埼玉県","city":"川越市","town":"脇田新町"}],"1122":[{"pref":"埼玉県","city":"川越市","town":"脇田町"}],"1123":[{"pref":"埼玉県","city":"川越市","town":"脇田本町"}],"1124":[{"pref":"埼玉県","city":"川越市","town":"新宿町"}],"1125":[{"pref":"埼玉県","city":"川越市","town":"新宿"}],"1126":[{"pref":"埼玉県","city":"川越市","town":"旭町"}],"1128":[{"pref":"埼玉県","city":"川越市","town":"大仙波新田"}],"1129":[{"pref":"埼玉県","city":"川越市","town":"大塚"}],"1131":[{"pref":"埼玉県","city":"川越市","town":"岸町"}],"1132":[{"pref":"埼玉県","city":"川越市","town":"岸"}],"1133":[{"pref":"埼玉県","city":"川越市","town":"砂"}],"1134":[{"pref":"埼玉県","city":"川越市","town":"扇河岸"}],"1135":[{"pref":"埼玉県","city":"川越市","town":"上新河岸"}],"1136":[{"pref":"埼玉県","city":"川越市","town":"下新河岸"}],"1137":[{"pref":"埼玉県","city":"川越市","town":"砂新田"}],"1138":[{"pref":"埼玉県","city":"川越市","town":"中台元町"}],"1141":[{"pref":"埼玉県","city":"川越市","town":"寺尾"}],"1142":[{"pref":"埼玉県","city":"川越市","town":"藤間"}],"1143":[{"pref":"埼玉県","city":"川越市","town":"藤原町"}],"1144":[{"pref":"埼玉県","city":"川越市","town":"稲荷町"}],"1145":[{"pref":"埼玉県","city":"川越市","town":"清水町"}],"1146":[{"pref":"埼玉県","city":"川越市","town":"熊野町"}],"1147":[{"pref":"埼玉県","city":"川越市","town":"諏訪町"}],"1150":[{"pref":"埼玉県","city":"川越市","town":"中台南"}],"1151":[{"pref":"埼玉県","city":"川越市","town":"今福"}],"1152":[{"pref":"埼玉県","city":"川越市","town":"砂久保"}],"1153":[{"pref":"埼玉県","city":"川越市","town":"下松原"}],"1154":[{"pref":"埼玉県","city":"川越市","town":"上松原"}],"1155":[{"pref":"埼玉県","city":"川越市","town":"下赤坂"}],"1156":[{"pref":"埼玉県","city":"川越市","town":"中福"}],"1157":[{"pref":"埼玉県","city":"川越市","town":"中福東"}],"1158":[{"pref":"埼玉県","city":"川越市","town":"むさし野南"}],"1159":[{"pref":"埼玉県","city":"川越市","town":"中台"}],"1160":[{"pref":"埼玉県","city":"川越市","town":"日東町"}],"1161":[{"pref":"埼玉県","city":"川越市","town":"大塚新田"}],"1162":[{"pref":"埼玉県","city":"川越市","town":"南大塚"}],"1163":[{"pref":"埼玉県","city":"川越市","town":"四都野台"}],"1164":[{"pref":"埼玉県","city":"川越市","town":"青柳"}],"1165":[{"pref":"埼玉県","city":"川越市","town":"南台"}],"1166":[{"pref":"埼玉県","city":"川越市","town":"藤倉"}],"1167":[{"pref":"埼玉県","city":"川越市","town":"大袋新田"}],"1168":[{"pref":"埼玉県","city":"川越市","town":"大袋"}],"1169":[{"pref":"埼玉県","city":"川越市","town":"山城"}],"1170":[{"pref":"埼玉県","city":"川越市","town":"むさし野"}],"1171":[{"pref":"埼玉県","city":"川越市","town":"池辺"}],"1172":[{"pref":"埼玉県","city":"川越市","town":"増形"}],"1173":[{"pref":"埼玉県","city":"川越市","town":"安比奈新田"}],"1174":[{"pref":"埼玉県","city":"川越市","town":"かすみ野"}],"1175":[{"pref":"埼玉県","city":"川越市","town":"笠幡"}],"1176":[{"pref":"埼玉県","city":"川越市","town":"川鶴"}],"1177":[{"pref":"埼玉県","city":"川越市","town":"かわつる三芳野"}],"1178":[{"pref":"埼玉県","city":"川越市","town":"大塚新町"}],"1179":[{"pref":"埼玉県","city":"川越市","town":"かし野台"}],"1200":[{"pref":"埼玉県","city":"日高市","town":"以下に掲載がない場合"}],"1201":[{"pref":"埼玉県","city":"日高市","town":"田波目"}],"1202":[{"pref":"埼玉県","city":"日高市","town":"駒寺野新田"}],"1203":[{"pref":"埼玉県","city":"日高市","town":"旭ケ丘"}],"1204":[{"pref":"埼玉県","city":"日高市","town":"新堀新田"}],"1205":[{"pref":"埼玉県","city":"日高市","town":"原宿"}],"1206":[{"pref":"埼玉県","city":"日高市","town":"南平沢"}],"1211":[{"pref":"埼玉県","city":"日高市","town":"森戸新田"}],"1212":[{"pref":"埼玉県","city":"日高市","town":"下高萩新田"}],"1213":[{"pref":"埼玉県","city":"日高市","town":"高萩"}],"1214":[{"pref":"埼玉県","city":"日高市","town":"女影新田"}],"1215":[{"pref":"埼玉県","city":"日高市","town":"高萩東"}],"1221":[{"pref":"埼玉県","city":"日高市","town":"下大谷沢"}],"1222":[{"pref":"埼玉県","city":"日高市","town":"大谷沢"}],"1223":[{"pref":"埼玉県","city":"日高市","town":"高富"}],"1224":[{"pref":"埼玉県","city":"日高市","town":"田木"}],"1225":[{"pref":"埼玉県","city":"日高市","town":"馬引沢"}],"1226":[{"pref":"埼玉県","city":"日高市","town":"中沢"}],"1227":[{"pref":"埼玉県","city":"日高市","town":"女影"}],"1231":[{"pref":"埼玉県","city":"日高市","town":"鹿山"}],"1232":[{"pref":"埼玉県","city":"日高市","town":"中鹿山"}],"1233":[{"pref":"埼玉県","city":"日高市","town":"下鹿山"}],"1234":[{"pref":"埼玉県","city":"日高市","town":"上鹿山"}],"1235":[{"pref":"埼玉県","city":"日高市","town":"楡木"}],"1236":[{"pref":"埼玉県","city":"日高市","town":"猿田"}],"1237":[{"pref":"埼玉県","city":"日高市","town":"猿田上ノ台"}],"1241":[{"pref":"埼玉県","city":"日高市","town":"山根"}],"1242":[{"pref":"埼玉県","city":"日高市","town":"北平沢"}],"1243":[{"pref":"埼玉県","city":"日高市","town":"新堀"}],"1244":[{"pref":"埼玉県","city":"日高市","town":"野々宮"}],"1245":[{"pref":"埼玉県","city":"日高市","town":"栗坪"}],"1246":[{"pref":"埼玉県","city":"日高市","town":"梅原"}],"1247":[{"pref":"埼玉県","city":"日高市","town":"高岡"}],"1248":[{"pref":"埼玉県","city":"日高市","town":"四本木"}],"1249":[{"pref":"埼玉県","city":"日高市","town":"高麗川"}],"1251":[{"pref":"埼玉県","city":"日高市","town":"高麗本郷"}],"1252":[{"pref":"埼玉県","city":"日高市","town":"清流"}],"1253":[{"pref":"埼玉県","city":"日高市","town":"台"}],"1254":[{"pref":"埼玉県","city":"日高市","town":"久保"}],"1255":[{"pref":"埼玉県","city":"日高市","town":"武蔵台"}],"1257":[{"pref":"埼玉県","city":"日高市","town":"横手"}],"1300":[{"pref":"埼玉県","city":"狭山市","town":"以下に掲載がない場合"}],"1301":[{"pref":"埼玉県","city":"狭山市","town":"青柳"}],"1302":[{"pref":"埼玉県","city":"狭山市","town":"東三ツ木"}],"1303":[{"pref":"埼玉県","city":"狭山市","town":"沢"}],"1304":[{"pref":"埼玉県","city":"狭山市","town":"狭山台"}],"1305":[{"pref":"埼玉県","city":"狭山市","town":"入間川"}],"1306":[{"pref":"埼玉県","city":"狭山市","town":"富士見"}],"1307":[{"pref":"埼玉県","city":"狭山市","town":"祇園"}],"1308":[{"pref":"埼玉県","city":"狭山市","town":"中央"}],"1311":[{"pref":"埼玉県","city":"狭山市","town":"中新田"}],"1312":[{"pref":"埼玉県","city":"狭山市","town":"堀兼"}],"1313":[{"pref":"埼玉県","city":"狭山市","town":"上赤坂"}],"1314":[{"pref":"埼玉県","city":"狭山市","town":"加佐志"}],"1315":[{"pref":"埼玉県","city":"狭山市","town":"北入曽"}],"1316":[{"pref":"埼玉県","city":"狭山市","town":"南入曽"}],"1317":[{"pref":"埼玉県","city":"狭山市","town":"水野"}],"1319":[{"pref":"埼玉県","city":"狭山市","town":"広瀬"}],"1320":[{"pref":"埼玉県","city":"狭山市","town":"広瀬東"}],"1321":[{"pref":"埼玉県","city":"狭山市","town":"上広瀬"}],"1322":[{"pref":"埼玉県","city":"狭山市","town":"下広瀬"}],"1323":[{"pref":"埼玉県","city":"狭山市","town":"鵜ノ木"}],"1324":[{"pref":"埼玉県","city":"狭山市","town":"稲荷山"}],"1325":[{"pref":"埼玉県","city":"狭山市","town":"根岸"}],"1326":[{"pref":"埼玉県","city":"狭山市","town":"つつじ野"}],"1327":[{"pref":"埼玉県","city":"狭山市","town":"笹井"}],"1328":[{"pref":"埼玉県","city":"狭山市","town":"広瀬台"}],"1331":[{"pref":"埼玉県","city":"狭山市","town":"新狭山"}],"1332":[{"pref":"埼玉県","city":"狭山市","town":"下奥富"}],"1333":[{"pref":"埼玉県","city":"狭山市","town":"上奥富"}],"1334":[{"pref":"埼玉県","city":"狭山市","town":"狭山"}],"1335":[{"pref":"埼玉県","city":"狭山市","town":"柏原"}],"1336":[{"pref":"埼玉県","city":"狭山市","town":"柏原新田"}],"2200":[{"pref":"埼玉県","city":"鶴ヶ島市","town":"以下に掲載がない場合"}],"2201":[{"pref":"埼玉県","city":"鶴ヶ島市","town":"富士見"}],"2202":[{"pref":"埼玉県","city":"鶴ヶ島市","town":"五味ヶ谷"}],"2203":[{"pref":"埼玉県","city":"鶴ヶ島市","town":"上広谷"}],"2204":[{"pref":"埼玉県","city":"鶴ヶ島市","town":"鶴ヶ丘"}],"2205":[{"pref":"埼玉県","city":"鶴ヶ島市","town":"松ヶ丘"}],"2206":[{"pref":"埼玉県","city":"鶴ヶ島市","town":"藤金"}],"2211":[{"pref":"埼玉県","city":"鶴ヶ島市","town":"脚折町"}],"2212":[{"pref":"埼玉県","city":"鶴ヶ島市","town":"共栄町"}],"2213":[{"pref":"埼玉県","city":"鶴ヶ島市","town":"脚折"}],"2214":[{"pref":"埼玉県","city":"鶴ヶ島市","town":"太田ヶ谷"}],"2215":[{"pref":"埼玉県","city":"鶴ヶ島市","town":"南町"}],"2216":[{"pref":"埼玉県","city":"鶴ヶ島市","town":"三ツ木新田"}],"2217":[{"pref":"埼玉県","city":"鶴ヶ島市","town":"三ツ木"}],"2218":[{"pref":"埼玉県","city":"鶴ヶ島市","town":"柳戸町"}],"2219":[{"pref":"埼玉県","city":"鶴ヶ島市","town":"三ツ木新町"}],"2221":[{"pref":"埼玉県","city":"鶴ヶ島市","town":"羽折町"}],"2222":[{"pref":"埼玉県","city":"鶴ヶ島市","town":"下新田"}],"2223":[{"pref":"埼玉県","city":"鶴ヶ島市","town":"高倉"}],"2224":[{"pref":"埼玉県","city":"鶴ヶ島市","town":"町屋"}],"2225":[{"pref":"埼玉県","city":"鶴ヶ島市","town":"上新田"}],"2226":[{"pref":"埼玉県","city":"鶴ヶ島市","town":"中新田"}],"2227":[{"pref":"埼玉県","city":"鶴ヶ島市","town":"新町"}],"0806":[{"pref":"埼玉県","city":"川越市","town":"天沼新田"}],"0855":[{"pref":"埼玉県","city":"川越市","town":"伊佐沼"}],"0837":[{"pref":"埼玉県","city":"川越市","town":"石田"}],"0835":[{"pref":"埼玉県","city":"川越市","town":"石田本郷"}],"0824":[{"pref":"埼玉県","city":"川越市","town":"石原町"}],"0026":[{"pref":"埼玉県","city":"川越市","town":"泉町"}],"0015":[{"pref":"埼玉県","city":"川越市","town":"今泉"}],"0017":[{"pref":"埼玉県","city":"川越市","town":"牛子"}],"0816":[{"pref":"埼玉県","city":"川越市","town":"上戸"}],"0817":[{"pref":"埼玉県","city":"川越市","town":"上戸新町"}],"0032":[{"pref":"埼玉県","city":"川越市","town":"大仙波"}],"0057":[{"pref":"埼玉県","city":"川越市","town":"大手町"}],"0021":[{"pref":"埼玉県","city":"川越市","town":"大中居"}],"0841":[{"pref":"埼玉県","city":"川越市","town":"御成町"}],"0012":[{"pref":"埼玉県","city":"川越市","town":"萱沼"}],"0845":[{"pref":"埼玉県","city":"川越市","town":"上老袋"}],"0826":[{"pref":"埼玉県","city":"川越市","town":"上寺山"}],"0844":[{"pref":"埼玉県","city":"川越市","town":"鴨田"}],"0852":[{"pref":"埼玉県","city":"川越市","town":"川越"}],"0842":[{"pref":"埼玉県","city":"川越市","town":"北田島"}],"0061":[{"pref":"埼玉県","city":"川越市","town":"喜多町"}],"0016":[{"pref":"埼玉県","city":"川越市","town":"木野目"}],"0011":[{"pref":"埼玉県","city":"川越市","town":"久下戸"}],"0815":[{"pref":"埼玉県","city":"川越市","town":"鯨井"}],"0809":[{"pref":"埼玉県","city":"川越市","town":"鯨井新田"}],"0055":[{"pref":"埼玉県","city":"川越市","town":"久保町"}],"0053":[{"pref":"埼玉県","city":"川越市","town":"郭町"}],"0031":[{"pref":"埼玉県","city":"川越市","town":"小仙波"}],"0036":[{"pref":"埼玉県","city":"川越市","town":"小仙波町"}],"0811":[{"pref":"埼玉県","city":"川越市","town":"小堤"}],"0022":[{"pref":"埼玉県","city":"川越市","town":"小中居"}],"0063":[{"pref":"埼玉県","city":"川越市","town":"幸町"}],"0803":[{"pref":"埼玉県","city":"川越市","town":"栄"}],"0054":[{"pref":"埼玉県","city":"川越市","town":"三久保町"}],"0067":[{"pref":"埼玉県","city":"川越市","town":"三光町"}],"0834":[{"pref":"埼玉県","city":"川越市","town":"鹿飼"}],"0051":[{"pref":"埼玉県","city":"川越市","town":"志多町"}],"0013":[{"pref":"埼玉県","city":"川越市","town":"渋井"}],"0848":[{"pref":"埼玉県","city":"川越市","town":"下老袋"}],"0812":[{"pref":"埼玉県","city":"川越市","town":"下小坂"}],"0804":[{"pref":"埼玉県","city":"川越市","town":"下広谷"}],"0853":[{"pref":"埼玉県","city":"川越市","town":"城下町"}],"0043":[{"pref":"埼玉県","city":"川越市","town":"新富町"}],"0823":[{"pref":"埼玉県","city":"川越市","town":"神明町"}],"0064":[{"pref":"埼玉県","city":"川越市","town":"末広町"}],"0832":[{"pref":"埼玉県","city":"川越市","town":"菅間"}],"0046":[{"pref":"埼玉県","city":"川越市","town":"菅原町"}],"0034":[{"pref":"埼玉県","city":"川越市","town":"仙波町"}],"0004":[{"pref":"埼玉県","city":"川越市","town":"高島"}],"0801":[{"pref":"埼玉県","city":"川越市","town":"竹野"}],"0825":[{"pref":"埼玉県","city":"川越市","town":"月吉町"}],"0854":[{"pref":"埼玉県","city":"川越市","town":"寺井"}],"0827":[{"pref":"埼玉県","city":"川越市","town":"寺山"}],"0843":[{"pref":"埼玉県","city":"川越市","town":"東明寺"}],"0044":[{"pref":"埼玉県","city":"川越市","town":"通町"}],"0856":[{"pref":"埼玉県","city":"川越市","town":"問屋町"}],"0846":[{"pref":"埼玉県","city":"川越市","town":"中老袋"}],"0065":[{"pref":"埼玉県","city":"川越市","town":"仲町"}],"0042":[{"pref":"埼玉県","city":"川越市","town":"中原町"}],"0023":[{"pref":"埼玉県","city":"川越市","town":"並木"}],"0024":[{"pref":"埼玉県","city":"川越市","town":"並木新町"}],"0025":[{"pref":"埼玉県","city":"川越市","town":"並木西町"}],"0035":[{"pref":"埼玉県","city":"川越市","town":"西小仙波町"}],"0851":[{"pref":"埼玉県","city":"川越市","town":"氷川町"}],"0847":[{"pref":"埼玉県","city":"川越市","town":"東本宿"}],"0814":[{"pref":"埼玉県","city":"川越市","town":"平塚"}],"0813":[{"pref":"埼玉県","city":"川越市","town":"平塚新田"}],"0805":[{"pref":"埼玉県","city":"川越市","town":"広谷新町"}],"0831":[{"pref":"埼玉県","city":"川越市","town":"府川"}],"0821":[{"pref":"埼玉県","city":"川越市","town":"福田"}],"0018":[{"pref":"埼玉県","city":"川越市","town":"藤木町"}],"0802":[{"pref":"埼玉県","city":"川越市","town":"富士見"}],"0033":[{"pref":"埼玉県","city":"川越市","town":"富士見町"}],"0014":[{"pref":"埼玉県","city":"川越市","town":"古市場"}],"0001":[{"pref":"埼玉県","city":"川越市","town":"古谷上"}],"0002":[{"pref":"埼玉県","city":"川越市","town":"古谷本郷"}],"0056":[{"pref":"埼玉県","city":"川越市","town":"松江町"}],"0857":[{"pref":"埼玉県","city":"川越市","town":"松郷"}],"0027":[{"pref":"埼玉県","city":"川越市","town":"南田島"}],"0045":[{"pref":"埼玉県","city":"川越市","town":"南通町"}],"0052":[{"pref":"埼玉県","city":"川越市","town":"宮下町"}],"0838":[{"pref":"埼玉県","city":"川越市","town":"宮元町"}],"0062":[{"pref":"埼玉県","city":"川越市","town":"元町"}],"0003":[{"pref":"埼玉県","city":"川越市","town":"八ツ島"}],"0836":[{"pref":"埼玉県","city":"川越市","town":"谷中"}],"0822":[{"pref":"埼玉県","city":"川越市","town":"山田"}],"0807":[{"pref":"埼玉県","city":"川越市","town":"吉田"}],"0808":[{"pref":"埼玉県","city":"川越市","town":"吉田新町"}],"0833":[{"pref":"埼玉県","city":"川越市","town":"芳野台"}],"0066":[{"pref":"埼玉県","city":"川越市","town":"連雀町"}],"0041":[{"pref":"埼玉県","city":"川越市","town":"六軒町"}],"0200":[{"pref":"埼玉県","city":"坂戸市","town":"以下に掲載がない場合"}],"0239":[{"pref":"埼玉県","city":"坂戸市","town":"粟生田"}],"0207":[{"pref":"埼玉県","city":"坂戸市","town":"青木"}],"0201":[{"pref":"埼玉県","city":"坂戸市","town":"赤尾"}],"0238":[{"pref":"埼玉県","city":"坂戸市","town":"浅羽"}],"0237":[{"pref":"埼玉県","city":"坂戸市","town":"浅羽野"}],"0273":[{"pref":"埼玉県","city":"坂戸市","town":"芦山町"}],"0242":[{"pref":"埼玉県","city":"坂戸市","town":"厚川"}],"0212":[{"pref":"埼玉県","city":"坂戸市","town":"石井"}],"0275":[{"pref":"埼玉県","city":"坂戸市","town":"伊豆の山町"}],"0231":[{"pref":"埼玉県","city":"坂戸市","town":"泉町"}],"0267":[{"pref":"埼玉県","city":"坂戸市","town":"今西"}],"0254":[{"pref":"埼玉県","city":"坂戸市","town":"欠ノ上"}],"0219":[{"pref":"埼玉県","city":"坂戸市","town":"片柳"}],"0218":[{"pref":"埼玉県","city":"坂戸市","town":"片柳新田"}],"0268":[{"pref":"埼玉県","city":"坂戸市","town":"金田"}],"0221":[{"pref":"埼玉県","city":"坂戸市","town":"鎌倉町"}],"0271":[{"pref":"埼玉県","city":"坂戸市","town":"上吉田"}],"0243":[{"pref":"埼玉県","city":"坂戸市","town":"萱方"}],"0266":[{"pref":"埼玉県","city":"坂戸市","town":"北浅羽"}],"0253":[{"pref":"埼玉県","city":"坂戸市","town":"北大塚"}],"0258":[{"pref":"埼玉県","city":"坂戸市","town":"北峰"}],"0248":[{"pref":"埼玉県","city":"坂戸市","town":"けやき台"}],"0204":[{"pref":"埼玉県","city":"坂戸市","town":"紺屋"}],"0202":[{"pref":"埼玉県","city":"坂戸市","town":"小沼"}],"0257":[{"pref":"埼玉県","city":"坂戸市","town":"小山"}],"0213":[{"pref":"埼玉県","city":"坂戸市","town":"栄"}],"0217":[{"pref":"埼玉県","city":"坂戸市","town":"坂戸"}],"0261":[{"pref":"埼玉県","city":"坂戸市","town":"沢木"}],"0235":[{"pref":"埼玉県","city":"坂戸市","town":"三光町"}],"0211":[{"pref":"埼玉県","city":"坂戸市","town":"島田"}],"0222":[{"pref":"埼玉県","city":"坂戸市","town":"清水町"}],"0255":[{"pref":"埼玉県","city":"坂戸市","town":"成願寺"}],"0278":[{"pref":"埼玉県","city":"坂戸市","town":"新ケ谷"}],"0272":[{"pref":"埼玉県","city":"坂戸市","town":"末広町"}],"0215":[{"pref":"埼玉県","city":"坂戸市","town":"関間"}],"0256":[{"pref":"埼玉県","city":"坂戸市","town":"善能寺"}],"0264":[{"pref":"埼玉県","city":"坂戸市","town":"竹之内"}],"0246":[{"pref":"埼玉県","city":"坂戸市","town":"多和目"}],"0214":[{"pref":"埼玉県","city":"坂戸市","town":"千代田"}],"0209":[{"pref":"埼玉県","city":"坂戸市","town":"塚越"}],"0251":[{"pref":"埼玉県","city":"坂戸市","town":"塚崎"}],"0241":[{"pref":"埼玉県","city":"坂戸市","town":"鶴舞"}],"0276":[{"pref":"埼玉県","city":"坂戸市","town":"戸口"}],"0208":[{"pref":"埼玉県","city":"坂戸市","town":"戸宮"}],"0206":[{"pref":"埼玉県","city":"坂戸市","town":"中小坂"}],"0252":[{"pref":"埼玉県","city":"坂戸市","town":"中里"}],"0227":[{"pref":"埼玉県","city":"坂戸市","town":"仲町"}],"0232":[{"pref":"埼玉県","city":"坂戸市","town":"中富町"}],"0265":[{"pref":"埼玉県","city":"坂戸市","town":"長岡"}],"0262":[{"pref":"埼玉県","city":"坂戸市","town":"新堀"}],"0259":[{"pref":"埼玉県","city":"坂戸市","town":"西インター"}],"0247":[{"pref":"埼玉県","city":"坂戸市","town":"西坂戸"}],"0269":[{"pref":"埼玉県","city":"坂戸市","town":"にっさい花みず木"}],"0236":[{"pref":"埼玉県","city":"坂戸市","town":"花影町"}],"0205":[{"pref":"埼玉県","city":"坂戸市","town":"東坂戸"}],"0277":[{"pref":"埼玉県","city":"坂戸市","town":"東和田"}],"0225":[{"pref":"埼玉県","city":"坂戸市","town":"日の出町"}],"0263":[{"pref":"埼玉県","city":"坂戸市","town":"堀込"}],"0226":[{"pref":"埼玉県","city":"坂戸市","town":"本町"}],"0274":[{"pref":"埼玉県","city":"坂戸市","town":"溝端町"}],"0234":[{"pref":"埼玉県","city":"坂戸市","town":"緑町"}],"0233":[{"pref":"埼玉県","city":"坂戸市","town":"南町"}],"0228":[{"pref":"埼玉県","city":"坂戸市","town":"元町"}],"0244":[{"pref":"埼玉県","city":"坂戸市","town":"森戸"}],"0229":[{"pref":"埼玉県","city":"坂戸市","town":"薬師町"}],"0216":[{"pref":"埼玉県","city":"坂戸市","town":"柳町"}],"0223":[{"pref":"埼玉県","city":"坂戸市","town":"八幡"}],"0224":[{"pref":"埼玉県","city":"坂戸市","town":"山田町"}],"0203":[{"pref":"埼玉県","city":"坂戸市","town":"横沼"}],"0245":[{"pref":"埼玉県","city":"坂戸市","town":"四日市場"}],"0400":[{"pref":"埼玉県","city":"入間郡毛呂山町","town":"以下に掲載がない場合"},{"pref":"埼玉県","city":"入間郡越生町","town":"以下に掲載がない場合"}],"0444":[{"pref":"埼玉県","city":"入間郡毛呂山町","town":"旭台"}],"0455":[{"pref":"埼玉県","city":"入間郡毛呂山町","town":"阿諏訪"}],"0434":[{"pref":"埼玉県","city":"入間郡毛呂山町","town":"市場"}],"0441":[{"pref":"埼玉県","city":"入間郡毛呂山町","town":"岩井"}],"0465":[{"pref":"埼玉県","city":"入間郡毛呂山町","town":"岩井西"}],"0467":[{"pref":"埼玉県","city":"入間郡毛呂山町","town":"岩井東"}],"0452":[{"pref":"埼玉県","city":"入間郡毛呂山町","town":"大谷木"}],"0432":[{"pref":"埼玉県","city":"入間郡毛呂山町","town":"大類"}],"0436":[{"pref":"埼玉県","city":"入間郡毛呂山町","town":"川角"}],"0446":[{"pref":"埼玉県","city":"入間郡毛呂山町","town":"小田谷"}],"0454":[{"pref":"埼玉県","city":"入間郡毛呂山町","town":"権現堂"}],"0438":[{"pref":"埼玉県","city":"入間郡毛呂山町","town":"西戸"}],"0435":[{"pref":"埼玉県","city":"入間郡毛呂山町","town":"下川原"}],"0453":[{"pref":"埼玉県","city":"入間郡毛呂山町","town":"宿谷"}],"0456":[{"pref":"埼玉県","city":"入間郡毛呂山町","town":"滝ノ入"}],"0461":[{"pref":"埼玉県","city":"入間郡毛呂山町","town":"中央"}],"0445":[{"pref":"埼玉県","city":"入間郡毛呂山町","town":"葛貫"}],"0443":[{"pref":"埼玉県","city":"入間郡毛呂山町","town":"長瀬"}],"0431":[{"pref":"埼玉県","city":"入間郡毛呂山町","town":"苦林"}],"0433":[{"pref":"埼玉県","city":"入間郡毛呂山町","town":"西大久保"}],"0466":[{"pref":"埼玉県","city":"入間郡毛呂山町","town":"平山"}],"0442":[{"pref":"埼玉県","city":"入間郡毛呂山町","town":"前久保"}],"0463":[{"pref":"埼玉県","city":"入間郡毛呂山町","town":"前久保南"}],"0464":[{"pref":"埼玉県","city":"入間郡毛呂山町","town":"南台"}],"0437":[{"pref":"埼玉県","city":"入間郡毛呂山町","town":"箕和田"}],"0439":[{"pref":"埼玉県","city":"入間郡毛呂山町","town":"目白台"}],"0451":[{"pref":"埼玉県","city":"入間郡毛呂山町","town":"毛呂本郷"}],"0462":[{"pref":"埼玉県","city":"入間郡毛呂山町","town":"若山"}],"0415":[{"pref":"埼玉県","city":"入間郡越生町","town":"上野"}],"0417":[{"pref":"埼玉県","city":"入間郡越生町","town":"上野東"}],"0403":[{"pref":"埼玉県","city":"入間郡越生町","town":"大谷"}],"0416":[{"pref":"埼玉県","city":"入間郡越生町","town":"越生"}],"0414":[{"pref":"埼玉県","city":"入間郡越生町","town":"越生東"}],"0402":[{"pref":"埼玉県","city":"入間郡越生町","town":"鹿下"}],"0407":[{"pref":"埼玉県","city":"入間郡越生町","town":"上谷"}],"0411":[{"pref":"埼玉県","city":"入間郡越生町","town":"黒岩"}],"0424":[{"pref":"埼玉県","city":"入間郡越生町","town":"黒山"}],"0422":[{"pref":"埼玉県","city":"入間郡越生町","town":"小杉"}],"0423":[{"pref":"埼玉県","city":"入間郡越生町","town":"大満"}],"0425":[{"pref":"埼玉県","city":"入間郡越生町","town":"龍ケ谷"}],"0405":[{"pref":"埼玉県","city":"入間郡越生町","town":"津久根"}],"0406":[{"pref":"埼玉県","city":"入間郡越生町","town":"堂山"}],"0404":[{"pref":"埼玉県","city":"入間郡越生町","town":"成瀬"}],"0412":[{"pref":"埼玉県","city":"入間郡越生町","town":"西和田"}],"0413":[{"pref":"埼玉県","city":"入間郡越生町","town":"如意"}],"0401":[{"pref":"埼玉県","city":"入間郡越生町","town":"古池"}],"0421":[{"pref":"埼玉県","city":"入間郡越生町","town":"麦原"}],"0100":[{"pref":"埼玉県","city":"比企郡川島町","town":"以下に掲載がない場合"}],"0153":[{"pref":"埼玉県","city":"比企郡川島町","town":"飯島"}],"0158":[{"pref":"埼玉県","city":"比企郡川島町","town":"伊草"}],"0115":[{"pref":"埼玉県","city":"比企郡川島町","town":"一本木"}],"0127":[{"pref":"埼玉県","city":"比企郡川島町","town":"牛ケ谷戸"}],"0101":[{"pref":"埼玉県","city":"比企郡川島町","town":"梅ノ木"}],"0105":[{"pref":"埼玉県","city":"比企郡川島町","town":"小見野"}],"0133":[{"pref":"埼玉県","city":"比企郡川島町","town":"表"}],"0156":[{"pref":"埼玉県","city":"比企郡川島町","town":"角泉"}],"0107":[{"pref":"埼玉県","city":"比企郡川島町","town":"加胡"}],"0152":[{"pref":"埼玉県","city":"比企郡川島町","town":"上伊草"}],"0142":[{"pref":"埼玉県","city":"比企郡川島町","town":"上大屋敷"}],"0106":[{"pref":"埼玉県","city":"比企郡川島町","town":"上小見野"}],"0136":[{"pref":"埼玉県","city":"比企郡川島町","town":"上狢"}],"0121":[{"pref":"埼玉県","city":"比企郡川島町","town":"上八ツ林"}],"0168":[{"pref":"埼玉県","city":"比企郡川島町","town":"かわじま"}],"0163":[{"pref":"埼玉県","city":"比企郡川島町","town":"北園部"}],"0155":[{"pref":"埼玉県","city":"比企郡川島町","town":"釘無"}],"0132":[{"pref":"埼玉県","city":"比企郡川島町","town":"紫竹"}],"0104":[{"pref":"埼玉県","city":"比企郡川島町","town":"芝沼"}],"0157":[{"pref":"埼玉県","city":"比企郡川島町","town":"下伊草"}],"0144":[{"pref":"埼玉県","city":"比企郡川島町","town":"下大屋敷"}],"0102":[{"pref":"埼玉県","city":"比企郡川島町","town":"下小見野"}],"0135":[{"pref":"埼玉県","city":"比企郡川島町","town":"下狢"}],"0122":[{"pref":"埼玉県","city":"比企郡川島町","town":"下八ツ林"}],"0162":[{"pref":"埼玉県","city":"比企郡川島町","town":"正直"}],"0128":[{"pref":"埼玉県","city":"比企郡川島町","town":"白井沼"}],"0141":[{"pref":"埼玉県","city":"比企郡川島町","town":"出丸下郷"}],"0143":[{"pref":"埼玉県","city":"比企郡川島町","town":"出丸中郷"}],"0145":[{"pref":"埼玉県","city":"比企郡川島町","town":"出丸本"}],"0113":[{"pref":"埼玉県","city":"比企郡川島町","town":"東部"}],"0117":[{"pref":"埼玉県","city":"比企郡川島町","town":"鳥羽井"}],"0112":[{"pref":"埼玉県","city":"比企郡川島町","town":"鳥羽井新田"}],"0166":[{"pref":"埼玉県","city":"比企郡川島町","town":"戸守"}],"0165":[{"pref":"埼玉県","city":"比企郡川島町","town":"中山"}],"0161":[{"pref":"埼玉県","city":"比企郡川島町","town":"長楽"}],"0134":[{"pref":"埼玉県","city":"比企郡川島町","town":"新堀"}],"0147":[{"pref":"埼玉県","city":"比企郡川島町","town":"西谷"}],"0123":[{"pref":"埼玉県","city":"比企郡川島町","town":"畑中"}],"0151":[{"pref":"埼玉県","city":"比企郡川島町","town":"八幡"}],"0114":[{"pref":"埼玉県","city":"比企郡川島町","town":"東大塚"}],"0125":[{"pref":"埼玉県","city":"比企郡川島町","town":"東野"}],"0131":[{"pref":"埼玉県","city":"比企郡川島町","town":"平沼"}],"0164":[{"pref":"埼玉県","city":"比企郡川島町","town":"吹塚"}],"0146":[{"pref":"埼玉県","city":"比企郡川島町","town":"曲師"}],"0103":[{"pref":"埼玉県","city":"比企郡川島町","town":"松永"}],"0167":[{"pref":"埼玉県","city":"比企郡川島町","town":"南園部"}],"0124":[{"pref":"埼玉県","city":"比企郡川島町","town":"三保谷宿"}],"0137":[{"pref":"埼玉県","city":"比企郡川島町","town":"宮前"}],"0116":[{"pref":"埼玉県","city":"比企郡川島町","town":"虫塚"}],"0154":[{"pref":"埼玉県","city":"比企郡川島町","town":"安塚"}],"0111":[{"pref":"埼玉県","city":"比企郡川島町","town":"谷中"}],"0126":[{"pref":"埼玉県","city":"比企郡川島町","town":"山ケ谷戸"}],"0138":[{"pref":"埼玉県","city":"比企郡川島町","town":"吉原"}],"0300":[{"pref":"埼玉県","city":"比企郡鳩山町","town":"以下に掲載がない場合"}],"0321":[{"pref":"埼玉県","city":"比企郡鳩山町","town":"赤沼"}],"0311":[{"pref":"埼玉県","city":"比企郡鳩山町","town":"石坂"}],"0305":[{"pref":"埼玉県","city":"比企郡鳩山町","town":"泉井"}],"0322":[{"pref":"埼玉県","city":"比企郡鳩山町","town":"今宿"}],"0302":[{"pref":"埼玉県","city":"比企郡鳩山町","town":"大橋"}],"0301":[{"pref":"埼玉県","city":"比企郡鳩山町","town":"奥田"}],"0314":[{"pref":"埼玉県","city":"比企郡鳩山町","town":"楓ケ丘"}],"0303":[{"pref":"埼玉県","city":"比企郡鳩山町","town":"熊井"}],"0323":[{"pref":"埼玉県","city":"比企郡鳩山町","town":"小用"}],"0307":[{"pref":"埼玉県","city":"比企郡鳩山町","town":"須江"}],"0304":[{"pref":"埼玉県","city":"比企郡鳩山町","town":"高野倉"}],"0306":[{"pref":"埼玉県","city":"比企郡鳩山町","town":"竹本"}],"0312":[{"pref":"埼玉県","city":"比企郡鳩山町","town":"鳩ケ丘"}],"0313":[{"pref":"埼玉県","city":"比企郡鳩山町","town":"松ケ丘"}],"0324":[{"pref":"埼玉県","city":"比企郡鳩山町","town":"大豆戸"}]}