{"7701":[{"pref":"静岡県","city":"浜松市中区","town":"板屋町浜松アクトタワー（１階）"}],"7702":[{"pref":"静岡県","city":"浜松市中区","town":"板屋町浜松アクトタワー（２階）"}],"7703":[{"pref":"静岡県","city":"浜松市中区","town":"板屋町浜松アクトタワー（３階）"}],"7704":[{"pref":"静岡県","city":"浜松市中区","town":"板屋町浜松アクトタワー（４階）"}],"7705":[{"pref":"静岡県","city":"浜松市中区","town":"板屋町浜松アクトタワー（５階）"}],"7706":[{"pref":"静岡県","city":"浜松市中区","town":"板屋町浜松アクトタワー（６階）"}],"7707":[{"pref":"静岡県","city":"浜松市中区","town":"板屋町浜松アクトタワー（７階）"}],"7708":[{"pref":"静岡県","city":"浜松市中区","town":"板屋町浜松アクトタワー（８階）"}],"7709":[{"pref":"静岡県","city":"浜松市中区","town":"板屋町浜松アクトタワー（９階）"}],"7710":[{"pref":"静岡県","city":"浜松市中区","town":"板屋町浜松アクトタワー（１０階）"}],"7711":[{"pref":"静岡県","city":"浜松市中区","town":"板屋町浜松アクトタワー（１１階）"}],"7712":[{"pref":"静岡県","city":"浜松市中区","town":"板屋町浜松アクトタワー（１２階）"}],"7713":[{"pref":"静岡県","city":"浜松市中区","town":"板屋町浜松アクトタワー（１３階）"}],"7714":[{"pref":"静岡県","city":"浜松市中区","town":"板屋町浜松アクトタワー（１４階）"}],"7715":[{"pref":"静岡県","city":"浜松市中区","town":"板屋町浜松アクトタワー（１５階）"}],"7716":[{"pref":"静岡県","city":"浜松市中区","town":"板屋町浜松アクトタワー（１６階）"}],"7717":[{"pref":"静岡県","city":"浜松市中区","town":"板屋町浜松アクトタワー（１７階）"}],"7718":[{"pref":"静岡県","city":"浜松市中区","town":"板屋町浜松アクトタワー（１８階）"}],"7719":[{"pref":"静岡県","city":"浜松市中区","town":"板屋町浜松アクトタワー（１９階）"}],"7720":[{"pref":"静岡県","city":"浜松市中区","town":"板屋町浜松アクトタワー（２０階）"}],"7721":[{"pref":"静岡県","city":"浜松市中区","town":"板屋町浜松アクトタワー（２１階）"}],"7722":[{"pref":"静岡県","city":"浜松市中区","town":"板屋町浜松アクトタワー（２２階）"}],"7723":[{"pref":"静岡県","city":"浜松市中区","town":"板屋町浜松アクトタワー（２３階）"}],"7724":[{"pref":"静岡県","city":"浜松市中区","town":"板屋町浜松アクトタワー（２４階）"}],"7725":[{"pref":"静岡県","city":"浜松市中区","town":"板屋町浜松アクトタワー（２５階）"}],"7726":[{"pref":"静岡県","city":"浜松市中区","town":"板屋町浜松アクトタワー（２６階）"}],"7727":[{"pref":"静岡県","city":"浜松市中区","town":"板屋町浜松アクトタワー（２７階）"}],"7728":[{"pref":"静岡県","city":"浜松市中区","town":"板屋町浜松アクトタワー（２８階）"}],"7729":[{"pref":"静岡県","city":"浜松市中区","town":"板屋町浜松アクトタワー（２９階）"}],"7730":[{"pref":"静岡県","city":"浜松市中区","town":"板屋町浜松アクトタワー（３０階）"}],"7731":[{"pref":"静岡県","city":"浜松市中区","town":"板屋町浜松アクトタワー（３１階）"}],"7732":[{"pref":"静岡県","city":"浜松市中区","town":"板屋町浜松アクトタワー（３２階）"}],"7733":[{"pref":"静岡県","city":"浜松市中区","town":"板屋町浜松アクトタワー（３３階）"}],"7734":[{"pref":"静岡県","city":"浜松市中区","town":"板屋町浜松アクトタワー（３４階）"}],"7735":[{"pref":"静岡県","city":"浜松市中区","town":"板屋町浜松アクトタワー（３５階）"}],"7736":[{"pref":"静岡県","city":"浜松市中区","town":"板屋町浜松アクトタワー（３６階）"}],"7737":[{"pref":"静岡県","city":"浜松市中区","town":"板屋町浜松アクトタワー（３７階）"}],"7738":[{"pref":"静岡県","city":"浜松市中区","town":"板屋町浜松アクトタワー（３８階）"}],"7739":[{"pref":"静岡県","city":"浜松市中区","town":"板屋町浜松アクトタワー（３９階）"}],"7740":[{"pref":"静岡県","city":"浜松市中区","town":"板屋町浜松アクトタワー（４０階）"}],"7741":[{"pref":"静岡県","city":"浜松市中区","town":"板屋町浜松アクトタワー（４１階）"}],"7742":[{"pref":"静岡県","city":"浜松市中区","town":"板屋町浜松アクトタワー（４２階）"}],"7743":[{"pref":"静岡県","city":"浜松市中区","town":"板屋町浜松アクトタワー（４３階）"}],"7744":[{"pref":"静岡県","city":"浜松市中区","town":"板屋町浜松アクトタワー（４４階）"}],"7745":[{"pref":"静岡県","city":"浜松市中区","town":"板屋町浜松アクトタワー（４５階）"}],"7790":[{"pref":"静岡県","city":"浜松市中区","town":"板屋町浜松アクトタワー（地階・階層不明）"}],"0805":[{"pref":"静岡県","city":"浜松市中区","town":"相生町"}],"0927":[{"pref":"静岡県","city":"浜松市中区","town":"旭町"}],"0945":[{"pref":"静岡県","city":"浜松市中区","town":"池町"}],"0928":[{"pref":"静岡県","city":"浜松市中区","town":"板屋町（次のビルを除く）"}],"0854":[{"pref":"静岡県","city":"浜松市中区","town":"瓜内町"},{"pref":"静岡県","city":"浜松市南区","town":"瓜内町"}],"0949":[{"pref":"静岡県","city":"浜松市中区","town":"尾張町"}],"0933":[{"pref":"静岡県","city":"浜松市中区","town":"鍛冶町"}],"0943":[{"pref":"静岡県","city":"浜松市中区","town":"北田町"}],"0923":[{"pref":"静岡県","city":"浜松市中区","town":"北寺島町"}],"0806":[{"pref":"静岡県","city":"浜松市中区","town":"木戸町"}],"0948":[{"pref":"静岡県","city":"浜松市中区","town":"元目町"}],"0938":[{"pref":"静岡県","city":"浜松市中区","town":"紺屋町"}],"0932":[{"pref":"静岡県","city":"浜松市中区","town":"肴町"}],"0807":[{"pref":"静岡県","city":"浜松市中区","town":"佐藤"}],"0905":[{"pref":"静岡県","city":"浜松市中区","town":"下池川町"}],"0911":[{"pref":"静岡県","city":"浜松市中区","town":"新津町"}],"0931":[{"pref":"静岡県","city":"浜松市中区","town":"神明町"}],"0903":[{"pref":"静岡県","city":"浜松市中区","town":"助信町"}],"0926":[{"pref":"静岡県","city":"浜松市中区","town":"砂山町"}],"0906":[{"pref":"静岡県","city":"浜松市中区","town":"住吉"}],"0936":[{"pref":"静岡県","city":"浜松市中区","town":"大工町"}],"0907":[{"pref":"静岡県","city":"浜松市中区","town":"高林"}],"0944":[{"pref":"静岡県","city":"浜松市中区","town":"田町"}],"0934":[{"pref":"静岡県","city":"浜松市中区","town":"千歳町"}],"0929":[{"pref":"静岡県","city":"浜松市中区","town":"中央"}],"0925":[{"pref":"静岡県","city":"浜松市中区","town":"寺島町"}],"0808":[{"pref":"静岡県","city":"浜松市中区","town":"天神町"}],"0935":[{"pref":"静岡県","city":"浜松市中区","town":"伝馬町"}],"0937":[{"pref":"静岡県","city":"浜松市中区","town":"利町"}],"0917":[{"pref":"静岡県","city":"浜松市中区","town":"常盤町"}],"0804":[{"pref":"静岡県","city":"浜松市中区","town":"富吉町"}],"0904":[{"pref":"静岡県","city":"浜松市中区","town":"中沢町"}],"0856":[{"pref":"静岡県","city":"浜松市中区","town":"中島"}],"0857":[{"pref":"静岡県","city":"浜松市中区","town":"中島町"}],"0912":[{"pref":"静岡県","city":"浜松市中区","town":"茄子町"}],"0811":[{"pref":"静岡県","city":"浜松市中区","town":"名塚町"}],"0919":[{"pref":"静岡県","city":"浜松市中区","town":"野口町"}],"0918":[{"pref":"静岡県","city":"浜松市中区","town":"八幡町"}],"0916":[{"pref":"静岡県","city":"浜松市中区","town":"早馬町"}],"0915":[{"pref":"静岡県","city":"浜松市中区","town":"東田町"}],"0901":[{"pref":"静岡県","city":"浜松市中区","town":"曳馬"}],"0902":[{"pref":"静岡県","city":"浜松市中区","town":"曳馬町"}],"0913":[{"pref":"静岡県","city":"浜松市中区","town":"船越町"}],"0947":[{"pref":"静岡県","city":"浜松市中区","town":"松城町"}],"0851":[{"pref":"静岡県","city":"浜松市中区","town":"向宿"}],"0946":[{"pref":"静岡県","city":"浜松市中区","town":"元城町"}],"0942":[{"pref":"静岡県","city":"浜松市中区","town":"元浜町"}],"0941":[{"pref":"静岡県","city":"浜松市中区","town":"山下町"}],"0924":[{"pref":"静岡県","city":"浜松市中区","town":"龍禅寺町"}],"0852":[{"pref":"静岡県","city":"浜松市中区","town":"領家"}],"0939":[{"pref":"静岡県","city":"浜松市中区","town":"連尺町"}],"0803":[{"pref":"静岡県","city":"浜松市東区","town":"植松町"}],"0801":[{"pref":"静岡県","city":"浜松市東区","town":"神立町"}],"0802":[{"pref":"静岡県","city":"浜松市東区","town":"将監町"}],"0844":[{"pref":"静岡県","city":"浜松市南区","town":"江之島町"}],"0835":[{"pref":"静岡県","city":"浜松市南区","town":"遠州浜"}],"0842":[{"pref":"静岡県","city":"浜松市南区","town":"大柳町"}],"0814":[{"pref":"静岡県","city":"浜松市南区","town":"恩地町"}],"0823":[{"pref":"静岡県","city":"浜松市南区","town":"河輪町"}],"0831":[{"pref":"静岡県","city":"浜松市南区","town":"御給町"}],"0816":[{"pref":"静岡県","city":"浜松市南区","town":"参野町"}],"0833":[{"pref":"静岡県","city":"浜松市南区","town":"三新町"}],"0826":[{"pref":"静岡県","city":"浜松市南区","town":"四本松町"}],"0825":[{"pref":"静岡県","city":"浜松市南区","town":"下江町"}],"0846":[{"pref":"静岡県","city":"浜松市南区","town":"白羽町"}],"0817":[{"pref":"静岡県","city":"浜松市南区","town":"頭陀寺町"}],"0827":[{"pref":"静岡県","city":"浜松市南区","town":"立野町"}],"0815":[{"pref":"静岡県","city":"浜松市南区","town":"都盛町"}],"0841":[{"pref":"静岡県","city":"浜松市南区","town":"寺脇町"}],"0824":[{"pref":"静岡県","city":"浜松市南区","town":"富屋町"}],"0845":[{"pref":"静岡県","city":"浜松市南区","town":"中田島町"}],"0832":[{"pref":"静岡県","city":"浜松市南区","town":"長田町"}],"0837":[{"pref":"静岡県","city":"浜松市南区","town":"西島町"}],"0821":[{"pref":"静岡県","city":"浜松市南区","town":"西町"}],"0838":[{"pref":"静岡県","city":"浜松市南区","town":"鼡野町"}],"0822":[{"pref":"静岡県","city":"浜松市南区","town":"東町"}],"0836":[{"pref":"静岡県","city":"浜松市南区","town":"福島町"}],"0843":[{"pref":"静岡県","city":"浜松市南区","town":"福塚町"}],"0813":[{"pref":"静岡県","city":"浜松市南区","town":"芳川町"}],"0812":[{"pref":"静岡県","city":"浜松市南区","town":"本郷町"}],"0834":[{"pref":"静岡県","city":"浜松市南区","town":"松島町"}],"0853":[{"pref":"静岡県","city":"浜松市南区","town":"三島町"}],"0855":[{"pref":"静岡県","city":"浜松市南区","town":"楊子町"}]}