{"0000":[{"pref":"新潟県","city":"三条市","town":"以下に掲載がない場合"}],"0065":[{"pref":"新潟県","city":"三条市","town":"旭町"}],"0034":[{"pref":"新潟県","city":"三条市","town":"麻布"}],"0141":[{"pref":"新潟県","city":"三条市","town":"荒沢"}],"0083":[{"pref":"新潟県","city":"三条市","town":"荒町"}],"0118":[{"pref":"新潟県","city":"三条市","town":"新屋"}],"0107":[{"pref":"新潟県","city":"三条市","town":"飯田"}],"0013":[{"pref":"新潟県","city":"三条市","town":"井栗"}],"0084":[{"pref":"新潟県","city":"三条市","town":"石上"}],"0066":[{"pref":"新潟県","city":"三条市","town":"居島"}],"0045":[{"pref":"新潟県","city":"三条市","town":"一ノ門"}],"0096":[{"pref":"新潟県","city":"三条市","town":"井戸場"}],"0115":[{"pref":"新潟県","city":"三条市","town":"院内"}],"0025":[{"pref":"新潟県","city":"三条市","town":"上野原"}],"0102":[{"pref":"新潟県","city":"三条市","town":"牛ケ首"}],"0016":[{"pref":"新潟県","city":"三条市","town":"牛ケ島"}],"0133":[{"pref":"新潟県","city":"三条市","town":"牛野尾"}],"0104":[{"pref":"新潟県","city":"三条市","town":"江口"}],"0818":[{"pref":"新潟県","city":"三条市","town":"枝郷"}],"0145":[{"pref":"新潟県","city":"三条市","town":"大沢"}],"0094":[{"pref":"新潟県","city":"三条市","town":"大島"}],"0154":[{"pref":"新潟県","city":"三条市","town":"大平"}],"0124":[{"pref":"新潟県","city":"三条市","town":"大谷"}],"0833":[{"pref":"新潟県","city":"三条市","town":"大野畑"}],"0054":[{"pref":"新潟県","city":"三条市","town":"大宮新田"}],"0122":[{"pref":"新潟県","city":"三条市","town":"大谷地"}],"0097":[{"pref":"新潟県","city":"三条市","town":"荻島"}],"0151":[{"pref":"新潟県","city":"三条市","town":"荻堀"}],"0137":[{"pref":"新潟県","city":"三条市","town":"遅場"}],"0103":[{"pref":"新潟県","city":"三条市","town":"落合"}],"0114":[{"pref":"新潟県","city":"三条市","town":"鹿熊"}],"0036":[{"pref":"新潟県","city":"三条市","town":"篭場"}],"0123":[{"pref":"新潟県","city":"三条市","town":"笠堀"}],"0807":[{"pref":"新潟県","city":"三条市","town":"片口"}],"0056":[{"pref":"新潟県","city":"三条市","town":"嘉坪川"}],"0108":[{"pref":"新潟県","city":"三条市","town":"鹿峠"}],"0814":[{"pref":"新潟県","city":"三条市","town":"金子新田"}],"0166":[{"pref":"新潟県","city":"三条市","town":"上大浦"}],"0091":[{"pref":"新潟県","city":"三条市","town":"上須頃"}],"0022":[{"pref":"新潟県","city":"三条市","town":"上保内"},{"pref":"新潟県","city":"三条市","town":"みずほ"}],"0111":[{"pref":"新潟県","city":"三条市","town":"上谷地"}],"0121":[{"pref":"新潟県","city":"三条市","town":"北五百川"}],"0861":[{"pref":"新潟県","city":"三条市","town":"北新保"}],"0043":[{"pref":"新潟県","city":"三条市","town":"北中"}],"0053":[{"pref":"新潟県","city":"三条市","town":"北入蔵"}],"0012":[{"pref":"新潟県","city":"三条市","town":"北野新田"}],"0853":[{"pref":"新潟県","city":"三条市","town":"北四日町"}],"0085":[{"pref":"新潟県","city":"三条市","town":"栗林"}],"0126":[{"pref":"新潟県","city":"三条市","town":"栗山"}],"0153":[{"pref":"新潟県","city":"三条市","town":"桑切"}],"0046":[{"pref":"新潟県","city":"三条市","town":"興野"}],"0142":[{"pref":"新潟県","city":"三条市","town":"小長沢"}],"0156":[{"pref":"新潟県","city":"三条市","town":"駒込"}],"0821":[{"pref":"新潟県","city":"三条市","town":"五明"}],"0844":[{"pref":"新潟県","city":"三条市","town":"桜木町"}],"0152":[{"pref":"新潟県","city":"三条市","town":"笹岡"}],"0146":[{"pref":"新潟県","city":"三条市","town":"笹巻"}],"0001":[{"pref":"新潟県","city":"三条市","town":"三貫地新田"}],"0041":[{"pref":"新潟県","city":"三条市","town":"三竹"}],"0125":[{"pref":"新潟県","city":"三条市","town":"塩野渕"}],"0163":[{"pref":"新潟県","city":"三条市","town":"島潟"}],"0105":[{"pref":"新潟県","city":"三条市","town":"島川原"}],"0842":[{"pref":"新潟県","city":"三条市","town":"島田"}],"0168":[{"pref":"新潟県","city":"三条市","town":"下大浦"}],"0042":[{"pref":"新潟県","city":"三条市","town":"下坂井"}],"0824":[{"pref":"新潟県","city":"三条市","town":"下新田"}],"0093":[{"pref":"新潟県","city":"三条市","town":"下須頃"}],"0021":[{"pref":"新潟県","city":"三条市","town":"下保内"}],"0843":[{"pref":"新潟県","city":"三条市","town":"条南町"}],"0011":[{"pref":"新潟県","city":"三条市","town":"白山新田"}],"0808":[{"pref":"新潟県","city":"三条市","town":"新保"}],"0063":[{"pref":"新潟県","city":"三条市","town":"神明町"}],"0832":[{"pref":"新潟県","city":"三条市","town":"直江町"}],"0092":[{"pref":"新潟県","city":"三条市","town":"須頃"}],"0004":[{"pref":"新潟県","city":"三条市","town":"須戸新田"}],"0801":[{"pref":"新潟県","city":"三条市","town":"諏訪"}],"0095":[{"pref":"新潟県","city":"三条市","town":"代官島"}],"0161":[{"pref":"新潟県","city":"三条市","town":"高岡"}],"0165":[{"pref":"新潟県","city":"三条市","town":"高屋敷"}],"0164":[{"pref":"新潟県","city":"三条市","town":"滝谷"}],"0044":[{"pref":"新潟県","city":"三条市","town":"田島"}],"0143":[{"pref":"新潟県","city":"三条市","town":"棚鱗"}],"0117":[{"pref":"新潟県","city":"三条市","town":"田屋"}],"0035":[{"pref":"新潟県","city":"三条市","town":"中新"}],"0112":[{"pref":"新潟県","city":"三条市","town":"蝶名林"}],"0055":[{"pref":"新潟県","city":"三条市","town":"塚野目"}],"0803":[{"pref":"新潟県","city":"三条市","town":"月岡"}],"0051":[{"pref":"新潟県","city":"三条市","town":"鶴田"}],"0831":[{"pref":"新潟県","city":"三条市","town":"土場"}],"0113":[{"pref":"新潟県","city":"三条市","town":"中浦"}],"0157":[{"pref":"新潟県","city":"三条市","town":"長沢"}],"0132":[{"pref":"新潟県","city":"三条市","town":"長野"}],"0062":[{"pref":"新潟県","city":"三条市","town":"仲之町"}],"0147":[{"pref":"新潟県","city":"三条市","town":"中野原"}],"0806":[{"pref":"新潟県","city":"三条市","town":"長嶺"}],"0144":[{"pref":"新潟県","city":"三条市","town":"楢山"}],"0134":[{"pref":"新潟県","city":"三条市","town":"濁沢"}],"0082":[{"pref":"新潟県","city":"三条市","town":"西裏館"}],"0033":[{"pref":"新潟県","city":"三条市","town":"西大崎"}],"0014":[{"pref":"新潟県","city":"三条市","town":"西潟"}],"0815":[{"pref":"新潟県","city":"三条市","town":"西鱈田"}],"0822":[{"pref":"新潟県","city":"三条市","town":"西中"}],"0845":[{"pref":"新潟県","city":"三条市","town":"西本成寺"},{"pref":"新潟県","city":"三条市","town":"緑ケ丘"}],"0851":[{"pref":"新潟県","city":"三条市","town":"西四日町"}],"0057":[{"pref":"新潟県","city":"三条市","town":"新光町"}],"0812":[{"pref":"新潟県","city":"三条市","town":"入蔵新田"}],"0804":[{"pref":"新潟県","city":"三条市","town":"如法寺"}],"0131":[{"pref":"新潟県","city":"三条市","town":"庭月"}],"0073":[{"pref":"新潟県","city":"三条市","town":"八幡町"}],"0148":[{"pref":"新潟県","city":"三条市","town":"花渕"}],"0167":[{"pref":"新潟県","city":"三条市","town":"馬場"}],"0061":[{"pref":"新潟県","city":"三条市","town":"林町"}],"0135":[{"pref":"新潟県","city":"三条市","town":"早水"}],"0158":[{"pref":"新潟県","city":"三条市","town":"原"}],"0081":[{"pref":"新潟県","city":"三条市","town":"東裏館"}],"0032":[{"pref":"新潟県","city":"三条市","town":"東大崎"}],"0047":[{"pref":"新潟県","city":"三条市","town":"東三条"}],"0863":[{"pref":"新潟県","city":"三条市","town":"東新保"}],"0816":[{"pref":"新潟県","city":"三条市","town":"東鱈田"}],"0823":[{"pref":"新潟県","city":"三条市","town":"東本成寺"}],"0155":[{"pref":"新潟県","city":"三条市","town":"広手"}],"0162":[{"pref":"新潟県","city":"三条市","town":"福岡"}],"0813":[{"pref":"新潟県","city":"三条市","town":"袋"}],"0071":[{"pref":"新潟県","city":"三条市","town":"本町"}],"0101":[{"pref":"新潟県","city":"三条市","town":"曲谷"}],"0864":[{"pref":"新潟県","city":"三条市","town":"曲渕"}],"0031":[{"pref":"新潟県","city":"三条市","town":"松ノ木町"}],"0015":[{"pref":"新潟県","city":"三条市","town":"三柳"}],"0128":[{"pref":"新潟県","city":"三条市","town":"南五百川"}],"0862":[{"pref":"新潟県","city":"三条市","town":"南新保"}],"0106":[{"pref":"新潟県","city":"三条市","town":"南中"}],"0811":[{"pref":"新潟県","city":"三条市","town":"南入蔵"}],"0852":[{"pref":"新潟県","city":"三条市","town":"南四日町"}],"0127":[{"pref":"新潟県","city":"三条市","town":"名下"}],"0136":[{"pref":"新潟県","city":"三条市","town":"葎谷"}],"0072":[{"pref":"新潟県","city":"三条市","town":"元町"}],"0116":[{"pref":"新潟県","city":"三条市","town":"森町"}],"0002":[{"pref":"新潟県","city":"三条市","town":"柳川新田"}],"0024":[{"pref":"新潟県","city":"三条市","town":"柳沢"}],"0003":[{"pref":"新潟県","city":"三条市","town":"柳場新田"}],"0841":[{"pref":"新潟県","city":"三条市","town":"由利"}],"0064":[{"pref":"新潟県","city":"三条市","town":"横町"}],"0805":[{"pref":"新潟県","city":"三条市","town":"吉田"}],"0854":[{"pref":"新潟県","city":"三条市","town":"四日町"}]}