{"1111":[{"pref":"熊本県","city":"天草市","town":"新和町碇石"}],"1112":[{"pref":"熊本県","city":"天草市","town":"新和町中田"}],"1161":[{"pref":"熊本県","city":"天草市","town":"宮地岳町"}],"1201":[{"pref":"熊本県","city":"天草市","town":"河浦町今田"}],"1202":[{"pref":"熊本県","city":"天草市","town":"河浦町河浦"}],"1203":[{"pref":"熊本県","city":"天草市","town":"河浦町今富（その他）"}],"1204":[{"pref":"熊本県","city":"天草市","town":"河浦町崎津（その他）"}],"1205":[{"pref":"熊本県","city":"天草市","town":"天草町高浜北（４００１－２３、４１３５番地）"}],"1211":[{"pref":"熊本県","city":"天草市","town":"河浦町立原"}],"1212":[{"pref":"熊本県","city":"天草市","town":"河浦町宮野河内"}],"1213":[{"pref":"熊本県","city":"天草市","town":"河浦町路木"}],"1214":[{"pref":"熊本県","city":"天草市","town":"河浦町久留"}],"1215":[{"pref":"熊本県","city":"天草市","town":"河浦町白木河内"}],"1216":[{"pref":"熊本県","city":"天草市","town":"河浦町新合"}],"1401":[{"pref":"熊本県","city":"天草市","town":"天草町大江向"}],"1403":[{"pref":"熊本県","city":"天草市","town":"河浦町今富（１９３３、１９３９、１９４５、１９５５－４、１９６０、"},{"pref":"熊本県","city":"天草市","town":"１９７０、１９７４、１９７６、１９８３、１９８８－３、１９９０－５、"},{"pref":"熊本県","city":"天草市","town":"２００３、２０５１）"}],"1404":[{"pref":"熊本県","city":"天草市","town":"河浦町崎津（１６４４、１６４７－１、１６５９）"}],"1431":[{"pref":"熊本県","city":"天草市","town":"二浦町早浦"}],"1432":[{"pref":"熊本県","city":"天草市","town":"二浦町亀浦"}],"1511":[{"pref":"熊本県","city":"天草市","town":"深海町"}],"1721":[{"pref":"熊本県","city":"天草市","town":"魚貫町"}],"1901":[{"pref":"熊本県","city":"天草市","town":"牛深町"}],"1902":[{"pref":"熊本県","city":"天草市","town":"久玉町"}],"2114":[{"pref":"熊本県","city":"天草市","town":"五和町城河原"}],"2171":[{"pref":"熊本県","city":"天草市","town":"佐伊津町"}],"2172":[{"pref":"熊本県","city":"天草市","town":"旭町"}],"2201":[{"pref":"熊本県","city":"天草市","town":"五和町御領"}],"2331":[{"pref":"熊本県","city":"天草市","town":"五和町鬼池"}],"2421":[{"pref":"熊本県","city":"天草市","town":"五和町二江"}],"2424":[{"pref":"熊本県","city":"天草市","town":"五和町手野"}],"2500":[{"pref":"熊本県","city":"天草郡苓北町","town":"以下に掲載がない場合"}],"2501":[{"pref":"熊本県","city":"天草郡苓北町","town":"坂瀬川"}],"2502":[{"pref":"熊本県","city":"天草郡苓北町","town":"上津深江"}],"2503":[{"pref":"熊本県","city":"天草郡苓北町","town":"志岐"}],"2504":[{"pref":"熊本県","city":"天草郡苓北町","town":"年柄"}],"2505":[{"pref":"熊本県","city":"天草郡苓北町","town":"内田"}],"2506":[{"pref":"熊本県","city":"天草郡苓北町","town":"白木尾"}],"2507":[{"pref":"熊本県","city":"天草郡苓北町","town":"富岡"}],"2611":[{"pref":"熊本県","city":"天草郡苓北町","town":"都呂々"}],"2801":[{"pref":"熊本県","city":"天草市","town":"天草町大江"},{"pref":"熊本県","city":"天草市","town":"天草町大江軍浦"}],"2802":[{"pref":"熊本県","city":"天草市","town":"天草町下田南"}],"2803":[{"pref":"熊本県","city":"天草市","town":"天草町下田北"}],"2804":[{"pref":"熊本県","city":"天草市","town":"天草町高浜南"}],"2805":[{"pref":"熊本県","city":"天草市","town":"天草町高浜北（その他）"}],"2806":[{"pref":"熊本県","city":"天草市","town":"天草町福連木"}],"0000":[{"pref":"熊本県","city":"天草市","town":"以下に掲載がない場合"}],"0013":[{"pref":"熊本県","city":"天草市","town":"今釜新町"}],"0012":[{"pref":"熊本県","city":"天草市","town":"今釜町"}],"0032":[{"pref":"熊本県","city":"天草市","town":"太田町"}],"0015":[{"pref":"熊本県","city":"天草市","town":"大浜町"}],"0043":[{"pref":"熊本県","city":"天草市","town":"亀場町亀川"}],"0046":[{"pref":"熊本県","city":"天草市","town":"亀場町食場"}],"0036":[{"pref":"熊本県","city":"天草市","town":"川原新町"}],"0024":[{"pref":"熊本県","city":"天草市","town":"川原町"}],"0011":[{"pref":"熊本県","city":"天草市","town":"北浜町"}],"0049":[{"pref":"熊本県","city":"天草市","town":"北原町"}],"0044":[{"pref":"熊本県","city":"天草市","town":"楠浦町"}],"0019":[{"pref":"熊本県","city":"天草市","town":"小松原町"}],"0022":[{"pref":"熊本県","city":"天草市","town":"栄町"}],"0041":[{"pref":"熊本県","city":"天草市","town":"志柿町"}],"0016":[{"pref":"熊本県","city":"天草市","town":"城下町"}],"0034":[{"pref":"熊本県","city":"天草市","town":"浄南町"}],"0102":[{"pref":"熊本県","city":"天草市","town":"新和町大多尾"}],"0103":[{"pref":"熊本県","city":"天草市","town":"新和町大宮地"}],"0101":[{"pref":"熊本県","city":"天草市","town":"新和町小宮地"}],"0037":[{"pref":"熊本県","city":"天草市","town":"諏訪町"}],"0042":[{"pref":"熊本県","city":"天草市","town":"瀬戸町"}],"0023":[{"pref":"熊本県","city":"天草市","town":"中央新町"}],"0048":[{"pref":"熊本県","city":"天草市","town":"中村町"}],"0045":[{"pref":"熊本県","city":"天草市","town":"枦宇土町"}],"0047":[{"pref":"熊本県","city":"天草市","town":"八幡町"}],"0018":[{"pref":"熊本県","city":"天草市","town":"浜崎町"}],"0014":[{"pref":"熊本県","city":"天草市","town":"東浜町"}],"0033":[{"pref":"熊本県","city":"天草市","town":"東町"}],"0017":[{"pref":"熊本県","city":"天草市","town":"船之尾町"}],"0025":[{"pref":"熊本県","city":"天草市","town":"古川町"}],"0001":[{"pref":"熊本県","city":"天草市","town":"本渡町広瀬"}],"0003":[{"pref":"熊本県","city":"天草市","town":"本渡町本渡"}],"0002":[{"pref":"熊本県","city":"天草市","town":"本渡町本戸馬場"}],"0004":[{"pref":"熊本県","city":"天草市","town":"本渡町本泉"}],"0006":[{"pref":"熊本県","city":"天草市","town":"本町下河内"}],"0005":[{"pref":"熊本県","city":"天草市","town":"本町新休"}],"0007":[{"pref":"熊本県","city":"天草市","town":"本町本"}],"0050":[{"pref":"熊本県","city":"天草市","town":"丸尾町"}],"0021":[{"pref":"熊本県","city":"天草市","town":"港町"}],"0031":[{"pref":"熊本県","city":"天草市","town":"南新町"}],"0038":[{"pref":"熊本県","city":"天草市","town":"南町"}],"0035":[{"pref":"熊本県","city":"天草市","town":"山の手町"}]}