{"0806":[{"pref":"鹿児島県","city":"鹿児島市","town":"池之上町"}],"0822":[{"pref":"鹿児島県","city":"鹿児島市","town":"泉町"}],"0801":[{"pref":"鹿児島県","city":"鹿児島市","town":"稲荷町"}],"0876":[{"pref":"鹿児島県","city":"鹿児島市","town":"岡之原町（８３２の２・４、８５２の３）"}],"0817":[{"pref":"鹿児島県","city":"鹿児島市","town":"小川町"}],"0846":[{"pref":"鹿児島県","city":"鹿児島市","town":"加治屋町"}],"0804":[{"pref":"鹿児島県","city":"鹿児島市","town":"春日町"}],"0851":[{"pref":"鹿児島県","city":"鹿児島市","town":"上竜尾町"}],"0818":[{"pref":"鹿児島県","city":"鹿児島市","town":"上本町"}],"0875":[{"pref":"鹿児島県","city":"鹿児島市","town":"川上町（その他）"}],"0836":[{"pref":"鹿児島県","city":"鹿児島市","town":"錦江町"}],"0828":[{"pref":"鹿児島県","city":"鹿児島市","town":"金生町"}],"0803":[{"pref":"鹿児島県","city":"鹿児島市","town":"祇園之洲町"}],"0837":[{"pref":"鹿児島県","city":"鹿児島市","town":"甲突町"}],"0826":[{"pref":"鹿児島県","city":"鹿児島市","town":"呉服町"}],"0862":[{"pref":"鹿児島県","city":"鹿児島市","town":"坂元町"}],"0802":[{"pref":"鹿児島県","city":"鹿児島市","town":"清水町"}],"0873":[{"pref":"鹿児島県","city":"鹿児島市","town":"下田町"}],"0852":[{"pref":"鹿児島県","city":"鹿児島市","town":"下竜尾町"}],"0835":[{"pref":"鹿児島県","city":"鹿児島市","town":"城南町"}],"0813":[{"pref":"鹿児島県","city":"鹿児島市","town":"城山（２丁目）"}],"0853":[{"pref":"鹿児島県","city":"鹿児島市","town":"城山町"}],"0832":[{"pref":"鹿児島県","city":"鹿児島市","town":"新町"}],"0838":[{"pref":"鹿児島県","city":"鹿児島市","town":"新屋敷町"}],"0823":[{"pref":"鹿児島県","city":"鹿児島市","town":"住吉町"}],"0843":[{"pref":"鹿児島県","city":"鹿児島市","town":"千日町"}],"0825":[{"pref":"鹿児島県","city":"鹿児島市","town":"大黒町"}],"0872":[{"pref":"鹿児島県","city":"鹿児島市","town":"大明丘"}],"0805":[{"pref":"鹿児島県","city":"鹿児島市","town":"大竜町"}],"0811":[{"pref":"鹿児島県","city":"鹿児島市","town":"玉里団地（２、３丁目）"}],"0807":[{"pref":"鹿児島県","city":"鹿児島市","town":"皷川町"}],"0845":[{"pref":"鹿児島県","city":"鹿児島市","town":"樋之口町"}],"0841":[{"pref":"鹿児島県","city":"鹿児島市","town":"照国町"}],"0827":[{"pref":"鹿児島県","city":"鹿児島市","town":"中町"}],"0854":[{"pref":"鹿児島県","city":"鹿児島市","town":"長田町"}],"0834":[{"pref":"鹿児島県","city":"鹿児島市","town":"南林寺町"}],"0863":[{"pref":"鹿児島県","city":"鹿児島市","town":"西坂元町"}],"0847":[{"pref":"鹿児島県","city":"鹿児島市","town":"西千石町"}],"0812":[{"pref":"鹿児島県","city":"鹿児島市","town":"浜町"}],"0861":[{"pref":"鹿児島県","city":"鹿児島市","town":"東坂元"}],"0842":[{"pref":"鹿児島県","city":"鹿児島市","town":"東千石町"}],"0855":[{"pref":"鹿児島県","city":"鹿児島市","town":"冷水町"}],"0848":[{"pref":"鹿児島県","city":"鹿児島市","town":"平之町"}],"0831":[{"pref":"鹿児島県","city":"鹿児島市","town":"船津町"}],"0824":[{"pref":"鹿児島県","city":"鹿児島市","town":"堀江町"}],"0814":[{"pref":"鹿児島県","city":"鹿児島市","town":"本港新町"}],"0833":[{"pref":"鹿児島県","city":"鹿児島市","town":"松原町"}],"0874":[{"pref":"鹿児島県","city":"鹿児島市","town":"緑ヶ丘町（１～３４番）"}],"0821":[{"pref":"鹿児島県","city":"鹿児島市","town":"名山町"}],"0815":[{"pref":"鹿児島県","city":"鹿児島市","town":"易居町"}],"0819":[{"pref":"鹿児島県","city":"鹿児島市","town":"柳町"}],"0816":[{"pref":"鹿児島県","city":"鹿児島市","town":"山下町"}],"0844":[{"pref":"鹿児島県","city":"鹿児島市","town":"山之口町"}],"0877":[{"pref":"鹿児島県","city":"鹿児島市","town":"吉野"}],"0871":[{"pref":"鹿児島県","city":"鹿児島市","town":"吉野町"}]}