{"0000":[{"pref":"群馬県","city":"前橋市","town":"以下に掲載がない場合"}],"0826":[{"pref":"群馬県","city":"前橋市","town":"青葉町"}],"0056":[{"pref":"群馬県","city":"前橋市","town":"青柳町"}],"0811":[{"pref":"群馬県","city":"前橋市","town":"朝倉町"}],"0832":[{"pref":"群馬県","city":"前橋市","town":"朝日が丘町"}],"0014":[{"pref":"群馬県","city":"前橋市","town":"朝日町"}],"0803":[{"pref":"群馬県","city":"前橋市","town":"天川原町"}],"0802":[{"pref":"群馬県","city":"前橋市","town":"天川町"}],"0044":[{"pref":"群馬県","city":"前橋市","town":"荒牧町"}],"0841":[{"pref":"群馬県","city":"前橋市","town":"石倉町"}],"0006":[{"pref":"群馬県","city":"前橋市","town":"石関町"}],"0245":[{"pref":"群馬県","city":"前橋市","town":"市之関町"}],"0035":[{"pref":"群馬県","city":"前橋市","town":"岩神町"}],"0002":[{"pref":"群馬県","city":"前橋市","town":"江木町"}],"0836":[{"pref":"群馬県","city":"前橋市","town":"江田町"}],"0223":[{"pref":"群馬県","city":"前橋市","town":"大胡町"}],"0026":[{"pref":"群馬県","city":"前橋市","town":"大手町"}],"0825":[{"pref":"群馬県","city":"前橋市","town":"大利根町"}],"0847":[{"pref":"群馬県","city":"前橋市","town":"大友町"}],"0243":[{"pref":"群馬県","city":"前橋市","town":"大前田町"}],"0854":[{"pref":"群馬県","city":"前橋市","town":"大渡町"}],"0001":[{"pref":"群馬県","city":"前橋市","town":"荻窪町"}],"0024":[{"pref":"群馬県","city":"前橋市","town":"表町"}],"0246":[{"pref":"群馬県","city":"前橋市","town":"柏倉町"}],"0206":[{"pref":"群馬県","city":"前橋市","town":"粕川町新屋"}],"0207":[{"pref":"群馬県","city":"前橋市","town":"粕川町稲里"}],"0214":[{"pref":"群馬県","city":"前橋市","town":"粕川町女渕"}],"0211":[{"pref":"群馬県","city":"前橋市","town":"粕川町上東田面"}],"0216":[{"pref":"群馬県","city":"前橋市","town":"粕川町込皆戸"}],"0212":[{"pref":"群馬県","city":"前橋市","town":"粕川町下東田面"}],"0204":[{"pref":"群馬県","city":"前橋市","town":"粕川町膳"}],"0203":[{"pref":"群馬県","city":"前橋市","town":"粕川町月田"}],"0205":[{"pref":"群馬県","city":"前橋市","town":"粕川町中"}],"0201":[{"pref":"群馬県","city":"前橋市","town":"粕川町中之沢"}],"0217":[{"pref":"群馬県","city":"前橋市","town":"粕川町西田面"}],"0213":[{"pref":"群馬県","city":"前橋市","town":"粕川町一日市"}],"0215":[{"pref":"群馬県","city":"前橋市","town":"粕川町深津"}],"0218":[{"pref":"群馬県","city":"前橋市","town":"粕川町前皆戸"}],"0202":[{"pref":"群馬県","city":"前橋市","town":"粕川町室沢"}],"0124":[{"pref":"群馬県","city":"前橋市","town":"勝沢町"}],"0121":[{"pref":"群馬県","city":"前橋市","town":"金丸町"}],"0007":[{"pref":"群馬県","city":"前橋市","town":"上泉町"}],"0222":[{"pref":"群馬県","city":"前橋市","town":"上大屋町"}],"0052":[{"pref":"群馬県","city":"前橋市","town":"上沖町"}],"0037":[{"pref":"群馬県","city":"前橋市","town":"上小出町"}],"0816":[{"pref":"群馬県","city":"前橋市","town":"上佐鳥町"}],"0821":[{"pref":"群馬県","city":"前橋市","town":"上新田町"}],"0051":[{"pref":"群馬県","city":"前橋市","town":"上細井町"}],"0004":[{"pref":"群馬県","city":"前橋市","town":"亀泉町"}],"0041":[{"pref":"群馬県","city":"前橋市","town":"川端町"}],"0046":[{"pref":"群馬県","city":"前橋市","town":"川原町"}],"0823":[{"pref":"群馬県","city":"前橋市","town":"川曲町"}],"0224":[{"pref":"群馬県","city":"前橋市","town":"河原浜町"}],"0055":[{"pref":"群馬県","city":"前橋市","town":"北代田町"}],"0831":[{"pref":"群馬県","city":"前橋市","town":"小相木町"}],"0025":[{"pref":"群馬県","city":"前橋市","town":"紅雲町"}],"0053":[{"pref":"群馬県","city":"前橋市","town":"幸塚町"}],"0813":[{"pref":"群馬県","city":"前橋市","town":"後閑町"}],"0033":[{"pref":"群馬県","city":"前橋市","town":"国領町"}],"0834":[{"pref":"群馬県","city":"前橋市","town":"後家町"}],"0122":[{"pref":"群馬県","city":"前橋市","town":"小坂子町"}],"0134":[{"pref":"群馬県","city":"前橋市","town":"小神明町"}],"0132":[{"pref":"群馬県","city":"前橋市","town":"五代町"}],"0036":[{"pref":"群馬県","city":"前橋市","town":"敷島町"}],"0842":[{"pref":"群馬県","city":"前橋市","town":"下石倉町"}],"0011":[{"pref":"群馬県","city":"前橋市","town":"下沖町"}],"0031":[{"pref":"群馬県","city":"前橋市","town":"下小出町"}],"0815":[{"pref":"群馬県","city":"前橋市","town":"下佐鳥町"}],"0822":[{"pref":"群馬県","city":"前橋市","town":"下新田町"}],"0054":[{"pref":"群馬県","city":"前橋市","town":"下細井町"}],"0016":[{"pref":"群馬県","city":"前橋市","town":"城東町"}],"0034":[{"pref":"群馬県","city":"前橋市","town":"昭和町"}],"0843":[{"pref":"群馬県","city":"前橋市","town":"新前橋町"}],"0021":[{"pref":"群馬県","city":"前橋市","town":"住吉町"}],"0047":[{"pref":"群馬県","city":"前橋市","town":"関根町"}],"0853":[{"pref":"群馬県","city":"前橋市","town":"総社町"}],"0851":[{"pref":"群馬県","city":"前橋市","town":"総社町植野"}],"0858":[{"pref":"群馬県","city":"前橋市","town":"総社町桜が丘"}],"0852":[{"pref":"群馬県","city":"前橋市","town":"総社町総社"}],"0856":[{"pref":"群馬県","city":"前橋市","town":"総社町高井"}],"0857":[{"pref":"群馬県","city":"前橋市","town":"高井町"}],"0123":[{"pref":"群馬県","city":"前橋市","town":"高花台"}],"0235":[{"pref":"群馬県","city":"前橋市","town":"滝窪町"}],"0048":[{"pref":"群馬県","city":"前橋市","town":"田口町"}],"0022":[{"pref":"群馬県","city":"前橋市","town":"千代田町"}],"0003":[{"pref":"群馬県","city":"前橋市","town":"堤町"}],"0824":[{"pref":"群馬県","city":"前橋市","town":"稲荷新田町"}],"0131":[{"pref":"群馬県","city":"前橋市","town":"鳥取町"}],"0845":[{"pref":"群馬県","city":"前橋市","town":"鳥羽町"}],"0855":[{"pref":"群馬県","city":"前橋市","town":"問屋町"}],"0241":[{"pref":"群馬県","city":"前橋市","town":"苗ケ島町"}],"0043":[{"pref":"群馬県","city":"前橋市","town":"南橘町"}],"0013":[{"pref":"群馬県","city":"前橋市","town":"西片貝町"}],"0042":[{"pref":"群馬県","city":"前橋市","town":"日輪寺町"}],"0817":[{"pref":"群馬県","city":"前橋市","town":"ぬで島町"}],"0133":[{"pref":"群馬県","city":"前橋市","town":"端気町"}],"0837":[{"pref":"群馬県","city":"前橋市","town":"箱田町"}],"0244":[{"pref":"群馬県","city":"前橋市","town":"鼻毛石町"}],"0242":[{"pref":"群馬県","city":"前橋市","town":"馬場町"}],"0012":[{"pref":"群馬県","city":"前橋市","town":"東片貝町"}],"0234":[{"pref":"群馬県","city":"前橋市","town":"東金丸町"}],"0833":[{"pref":"群馬県","city":"前橋市","town":"光が丘町"}],"0221":[{"pref":"群馬県","city":"前橋市","town":"樋越町"}],"0017":[{"pref":"群馬県","city":"前橋市","town":"日吉町"}],"0812":[{"pref":"群馬県","city":"前橋市","town":"広瀬町"}],"0101":[{"pref":"群馬県","city":"前橋市","town":"富士見町赤城山"}],"0105":[{"pref":"群馬県","city":"前橋市","town":"富士見町石井"}],"0106":[{"pref":"群馬県","city":"前橋市","town":"富士見町市之木場"}],"0113":[{"pref":"群馬県","city":"前橋市","town":"富士見町漆窪"}],"0115":[{"pref":"群馬県","city":"前橋市","town":"富士見町小沢"}],"0103":[{"pref":"群馬県","city":"前橋市","town":"富士見町小暮"}],"0111":[{"pref":"群馬県","city":"前橋市","town":"富士見町米野"}],"0114":[{"pref":"群馬県","city":"前橋市","town":"富士見町田島"}],"0104":[{"pref":"群馬県","city":"前橋市","town":"富士見町時沢"}],"0116":[{"pref":"群馬県","city":"前橋市","town":"富士見町原之郷"}],"0112":[{"pref":"群馬県","city":"前橋市","town":"富士見町引田"}],"0102":[{"pref":"群馬県","city":"前橋市","town":"富士見町皆沢"}],"0107":[{"pref":"群馬県","city":"前橋市","town":"富士見町山口"}],"0117":[{"pref":"群馬県","city":"前橋市","town":"富士見町横室"}],"0844":[{"pref":"群馬県","city":"前橋市","town":"古市町"}],"0801":[{"pref":"群馬県","city":"前橋市","town":"文京町"}],"0027":[{"pref":"群馬県","city":"前橋市","town":"平和町"}],"0231":[{"pref":"群馬県","city":"前橋市","town":"堀越町"}],"0005":[{"pref":"群馬県","city":"前橋市","town":"堀之下町"}],"0023":[{"pref":"群馬県","city":"前橋市","town":"本町"}],"0835":[{"pref":"群馬県","city":"前橋市","town":"前箱田町"}],"0015":[{"pref":"群馬県","city":"前橋市","town":"三河町"}],"0018":[{"pref":"群馬県","city":"前橋市","town":"三俣町"}],"0045":[{"pref":"群馬県","city":"前橋市","town":"緑が丘町"}],"0805":[{"pref":"群馬県","city":"前橋市","town":"南町"}],"0125":[{"pref":"群馬県","city":"前橋市","town":"嶺町"}],"0814":[{"pref":"群馬県","city":"前橋市","town":"宮地町"}],"0247":[{"pref":"群馬県","city":"前橋市","town":"三夜沢町"}],"0232":[{"pref":"群馬県","city":"前橋市","town":"茂木町"}],"0846":[{"pref":"群馬県","city":"前橋市","town":"元総社町"}],"0233":[{"pref":"群馬県","city":"前橋市","town":"横沢町"}],"0057":[{"pref":"群馬県","city":"前橋市","town":"龍蔵寺町"}],"0804":[{"pref":"群馬県","city":"前橋市","town":"六供町"}],"0032":[{"pref":"群馬県","city":"前橋市","town":"若宮町"}]}