{"0092":[{"pref":"東京都","city":"江戸川区","town":"一之江町"}],"0082":[{"pref":"東京都","city":"江戸川区","town":"宇喜田町"}],"0013":[{"pref":"東京都","city":"江戸川区","town":"江戸川（その他）"}],"0081":[{"pref":"東京都","city":"江戸川区","town":"北葛西"}],"0087":[{"pref":"東京都","city":"江戸川区","town":"清新町"}],"0083":[{"pref":"東京都","city":"江戸川区","town":"中葛西"}],"0088":[{"pref":"東京都","city":"江戸川区","town":"西葛西"}],"0015":[{"pref":"東京都","city":"江戸川区","town":"西瑞江（４丁目１～２番・１０～２７番、５丁目）"}],"0093":[{"pref":"東京都","city":"江戸川区","town":"二之江町"}],"0003":[{"pref":"東京都","city":"江戸川区","town":"春江町（４、５丁目）"}],"0084":[{"pref":"東京都","city":"江戸川区","town":"東葛西"}],"0091":[{"pref":"東京都","city":"江戸川区","town":"船堀"}],"0085":[{"pref":"東京都","city":"江戸川区","town":"南葛西"}],"0086":[{"pref":"東京都","city":"江戸川区","town":"臨海町"}]}