{"1101":[{"pref":"栃木県","city":"栃木市","town":"藤岡町大前"}],"1102":[{"pref":"栃木県","city":"栃木市","town":"藤岡町赤麻"}],"1103":[{"pref":"栃木県","city":"栃木市","town":"藤岡町内野"}],"1104":[{"pref":"栃木県","city":"栃木市","town":"藤岡町藤岡"}],"1105":[{"pref":"栃木県","city":"栃木市","town":"藤岡町甲"}],"1106":[{"pref":"栃木県","city":"栃木市","town":"藤岡町都賀"}],"1107":[{"pref":"栃木県","city":"栃木市","town":"藤岡町大田和"}],"1108":[{"pref":"栃木県","city":"栃木市","town":"藤岡町太田"}],"0000":[{"pref":"栃木県","city":"小山市","town":"以下に掲載がない場合"}],"0826":[{"pref":"栃木県","city":"小山市","town":"雨ケ谷"}],"0824":[{"pref":"栃木県","city":"小山市","town":"雨ケ谷新田"}],"0831":[{"pref":"栃木県","city":"小山市","town":"雨ケ谷町"}],"0013":[{"pref":"栃木県","city":"小山市","town":"荒井"}],"0006":[{"pref":"栃木県","city":"小山市","town":"荒川"}],"0017":[{"pref":"栃木県","city":"小山市","town":"飯塚"}],"0054":[{"pref":"栃木県","city":"小山市","town":"井岡"}],"0051":[{"pref":"栃木県","city":"小山市","town":"生駒"}],"0045":[{"pref":"栃木県","city":"小山市","town":"石ノ上"}],"0808":[{"pref":"栃木県","city":"小山市","town":"出井"}],"0021":[{"pref":"栃木県","city":"小山市","town":"稲葉郷"}],"0811":[{"pref":"栃木県","city":"小山市","town":"犬塚"}],"0067":[{"pref":"栃木県","city":"小山市","town":"今里"}],"0022":[{"pref":"栃木県","city":"小山市","town":"駅東通り"}],"0822":[{"pref":"栃木県","city":"小山市","town":"駅南町"}],"0058":[{"pref":"栃木県","city":"小山市","town":"大川島"}],"0009":[{"pref":"栃木県","city":"小山市","town":"大本"}],"0001":[{"pref":"栃木県","city":"小山市","town":"小宅"}],"0825":[{"pref":"栃木県","city":"小山市","town":"小山"}],"0063":[{"pref":"栃木県","city":"小山市","town":"上石塚"}],"0056":[{"pref":"栃木県","city":"小山市","town":"上泉"}],"0066":[{"pref":"栃木県","city":"小山市","town":"上国府塚"}],"0069":[{"pref":"栃木県","city":"小山市","town":"上初田"}],"0828":[{"pref":"栃木県","city":"小山市","town":"神山"}],"0804":[{"pref":"栃木県","city":"小山市","town":"萱橋"}],"0014":[{"pref":"栃木県","city":"小山市","town":"喜沢"}],"0803":[{"pref":"栃木県","city":"小山市","town":"北飯田"}],"0002":[{"pref":"栃木県","city":"小山市","town":"黒本"}],"0008":[{"pref":"栃木県","city":"小山市","town":"小薬"}],"0053":[{"pref":"栃木県","city":"小山市","town":"小袋"}],"0015":[{"pref":"栃木県","city":"小山市","town":"三拝川岸"}],"0043":[{"pref":"栃木県","city":"小山市","town":"塩沢"}],"0005":[{"pref":"栃木県","city":"小山市","town":"渋井"}],"0004":[{"pref":"栃木県","city":"小山市","town":"島田"}],"0064":[{"pref":"栃木県","city":"小山市","town":"下石塚"}],"0055":[{"pref":"栃木県","city":"小山市","town":"下泉"}],"0052":[{"pref":"栃木県","city":"小山市","town":"下河原田"}],"0065":[{"pref":"栃木県","city":"小山市","town":"下国府塚"}],"0068":[{"pref":"栃木県","city":"小山市","town":"下初田"}],"0807":[{"pref":"栃木県","city":"小山市","town":"城東"}],"0029":[{"pref":"栃木県","city":"小山市","town":"城北"}],"0025":[{"pref":"栃木県","city":"小山市","town":"城山町"}],"0033":[{"pref":"栃木県","city":"小山市","town":"神明町"}],"0061":[{"pref":"栃木県","city":"小山市","town":"卒島"}],"0041":[{"pref":"栃木県","city":"小山市","town":"大行寺"}],"0154":[{"pref":"栃木県","city":"小山市","town":"高椅"}],"0151":[{"pref":"栃木県","city":"小山市","town":"田川"}],"0815":[{"pref":"栃木県","city":"小山市","town":"武井"}],"0062":[{"pref":"栃木県","city":"小山市","town":"立木"}],"0814":[{"pref":"栃木県","city":"小山市","town":"田間"}],"0023":[{"pref":"栃木県","city":"小山市","town":"中央町"}],"0818":[{"pref":"栃木県","city":"小山市","town":"塚崎"}],"0032":[{"pref":"栃木県","city":"小山市","town":"天神町"}],"0042":[{"pref":"栃木県","city":"小山市","town":"外城"}],"0812":[{"pref":"栃木県","city":"小山市","town":"土塔"}],"0157":[{"pref":"栃木県","city":"小山市","town":"中河原"}],"0806":[{"pref":"栃木県","city":"小山市","town":"中久喜"}],"0156":[{"pref":"栃木県","city":"小山市","town":"中島"}],"0820":[{"pref":"栃木県","city":"小山市","town":"西城南"}],"0152":[{"pref":"栃木県","city":"小山市","town":"延島"}],"0153":[{"pref":"栃木県","city":"小山市","town":"延島新田"}],"0046":[{"pref":"栃木県","city":"小山市","town":"萩島"}],"0801":[{"pref":"栃木県","city":"小山市","town":"鉢形"}],"0027":[{"pref":"栃木県","city":"小山市","town":"花垣町"}],"0012":[{"pref":"栃木県","city":"小山市","town":"羽川"}],"0003":[{"pref":"栃木県","city":"小山市","town":"東島田"}],"0829":[{"pref":"栃木県","city":"小山市","town":"東城南"}],"0817":[{"pref":"栃木県","city":"小山市","town":"東野田"}],"0802":[{"pref":"栃木県","city":"小山市","town":"東山田"}],"0034":[{"pref":"栃木県","city":"小山市","town":"神鳥谷（丁目）"}],"0827":[{"pref":"栃木県","city":"小山市","town":"神鳥谷（番地）"}],"0155":[{"pref":"栃木県","city":"小山市","town":"福良"}],"0016":[{"pref":"栃木県","city":"小山市","town":"扶桑"}],"0026":[{"pref":"栃木県","city":"小山市","town":"本郷町"}],"0007":[{"pref":"栃木県","city":"小山市","town":"松沼"}],"0044":[{"pref":"栃木県","city":"小山市","town":"間中"}],"0821":[{"pref":"栃木県","city":"小山市","town":"三峯"}],"0816":[{"pref":"栃木県","city":"小山市","town":"南和泉"}],"0057":[{"pref":"栃木県","city":"小山市","town":"南小林"}],"0011":[{"pref":"栃木県","city":"小山市","town":"南半田"}],"0024":[{"pref":"栃木県","city":"小山市","town":"宮本町"}],"0805":[{"pref":"栃木県","city":"小山市","town":"向野"}],"0823":[{"pref":"栃木県","city":"小山市","town":"向原新田"}],"0158":[{"pref":"栃木県","city":"小山市","town":"梁"}],"0031":[{"pref":"栃木県","city":"小山市","town":"八幡町"}],"0813":[{"pref":"栃木県","city":"小山市","town":"横倉"}],"0819":[{"pref":"栃木県","city":"小山市","town":"横倉新田"}],"0028":[{"pref":"栃木県","city":"小山市","town":"若木町"}],"0111":[{"pref":"栃木県","city":"下野市","town":"磯部"}],"0103":[{"pref":"栃木県","city":"下野市","town":"上川島"}],"0113":[{"pref":"栃木県","city":"下野市","town":"上坪山"}],"0102":[{"pref":"栃木県","city":"下野市","town":"上吉田"}],"0114":[{"pref":"栃木県","city":"下野市","town":"絹板"}],"0101":[{"pref":"栃木県","city":"下野市","town":"三王山"}],"0115":[{"pref":"栃木県","city":"下野市","town":"下坪山"}],"0106":[{"pref":"栃木県","city":"下野市","town":"下吉田"}],"0104":[{"pref":"栃木県","city":"下野市","town":"中川島"}],"0116":[{"pref":"栃木県","city":"下野市","town":"花田"}],"0112":[{"pref":"栃木県","city":"下野市","town":"東根"}],"0107":[{"pref":"栃木県","city":"下野市","town":"別当河原"}],"0105":[{"pref":"栃木県","city":"下野市","town":"本吉田"}]}