{"1101":[{"pref":"福岡県","city":"田川郡福智町","town":"赤池"}],"1102":[{"pref":"福岡県","city":"田川郡福智町","town":"上野"}],"1103":[{"pref":"福岡県","city":"田川郡福智町","town":"市場"}],"1200":[{"pref":"福岡県","city":"田川郡福智町","town":"以下に掲載がない場合"}],"1201":[{"pref":"福岡県","city":"田川郡福智町","town":"金田"}],"1202":[{"pref":"福岡県","city":"田川郡福智町","town":"神崎"}],"1211":[{"pref":"福岡県","city":"田川郡福智町","town":"伊方"}],"1212":[{"pref":"福岡県","city":"田川郡福智町","town":"弁城"}],"1300":[{"pref":"福岡県","city":"田川郡糸田町","town":"以下に掲載がない場合"}],"1301":[{"pref":"福岡県","city":"田川郡糸田町","town":"堀川"}],"1302":[{"pref":"福岡県","city":"田川郡糸田町","town":"大熊"}],"1303":[{"pref":"福岡県","city":"田川郡糸田町","town":"桃山"}],"1304":[{"pref":"福岡県","city":"田川郡糸田町","town":"自由ケ丘"}],"1305":[{"pref":"福岡県","city":"田川郡糸田町","town":"宮床団地"}],"1306":[{"pref":"福岡県","city":"田川郡糸田町","town":"貴船"}],"1307":[{"pref":"福岡県","city":"田川郡糸田町","town":"宮床"}],"1311":[{"pref":"福岡県","city":"田川郡糸田町","town":"北区"}],"1312":[{"pref":"福岡県","city":"田川郡糸田町","town":"下糸田"}],"1313":[{"pref":"福岡県","city":"田川郡糸田町","town":"打越"}],"1314":[{"pref":"福岡県","city":"田川郡糸田町","town":"中糸田"}],"1315":[{"pref":"福岡県","city":"田川郡糸田町","town":"宮川二"}],"1316":[{"pref":"福岡県","city":"田川郡糸田町","town":"上糸田"}],"1317":[{"pref":"福岡県","city":"田川郡糸田町","town":"宮川一"}],"1318":[{"pref":"福岡県","city":"田川郡糸田町","town":"原"}],"1321":[{"pref":"福岡県","city":"田川郡糸田町","town":"宮谷"}],"1322":[{"pref":"福岡県","city":"田川郡糸田町","town":"西部"}],"1323":[{"pref":"福岡県","city":"田川郡糸田町","town":"真岡"}],"1324":[{"pref":"福岡県","city":"田川郡糸田町","town":"旭ケ丘"}],"1325":[{"pref":"福岡県","city":"田川郡糸田町","town":"南糸田"}],"1326":[{"pref":"福岡県","city":"田川郡糸田町","town":"鼡ケ池"}],"1400":[{"pref":"福岡県","city":"田川郡香春町","town":"以下に掲載がない場合"}],"1401":[{"pref":"福岡県","city":"田川郡香春町","town":"採銅所"}],"1402":[{"pref":"福岡県","city":"田川郡香春町","town":"鏡山"}],"1403":[{"pref":"福岡県","city":"田川郡香春町","town":"高野"}],"1404":[{"pref":"福岡県","city":"田川郡香春町","town":"柿下"}],"1405":[{"pref":"福岡県","city":"田川郡香春町","town":"中津原"}],"1406":[{"pref":"福岡県","city":"田川郡香春町","town":"香春"}],"0000":[{"pref":"福岡県","city":"直方市","town":"以下に掲載がない場合"}],"0012":[{"pref":"福岡県","city":"直方市","town":"赤地"}],"0031":[{"pref":"福岡県","city":"直方市","town":"植木"}],"0005":[{"pref":"福岡県","city":"直方市","town":"永満寺"}],"0006":[{"pref":"福岡県","city":"直方市","town":"上境"}],"0033":[{"pref":"福岡県","city":"直方市","town":"上新入"}],"0003":[{"pref":"福岡県","city":"直方市","town":"上頓野"}],"0001":[{"pref":"福岡県","city":"直方市","town":"感田"}],"0007":[{"pref":"福岡県","city":"直方市","town":"下境"}],"0032":[{"pref":"福岡県","city":"直方市","town":"下新入"}],"0023":[{"pref":"福岡県","city":"直方市","town":"神正町"}],"0021":[{"pref":"福岡県","city":"直方市","town":"新知町"}],"0015":[{"pref":"福岡県","city":"直方市","town":"新町"}],"0024":[{"pref":"福岡県","city":"直方市","town":"須崎町"}],"0022":[{"pref":"福岡県","city":"直方市","town":"知古"}],"0026":[{"pref":"福岡県","city":"直方市","town":"津田町"}],"0017":[{"pref":"福岡県","city":"直方市","town":"殿町"}],"0002":[{"pref":"福岡県","city":"直方市","town":"頓野"}],"0011":[{"pref":"福岡県","city":"直方市","town":"中泉"}],"0016":[{"pref":"福岡県","city":"直方市","town":"直方"}],"0004":[{"pref":"福岡県","city":"直方市","town":"畑"}],"0025":[{"pref":"福岡県","city":"直方市","town":"日吉町"}],"0027":[{"pref":"福岡県","city":"直方市","town":"古町"}],"0014":[{"pref":"福岡県","city":"直方市","town":"丸山町"}],"0013":[{"pref":"福岡県","city":"直方市","town":"溝堀"}],"0034":[{"pref":"福岡県","city":"直方市","town":"山部"}],"0008":[{"pref":"福岡県","city":"直方市","town":"湯野原"}],"0144":[{"pref":"福岡県","city":"宮若市","town":"稲光"}],"0134":[{"pref":"福岡県","city":"宮若市","town":"犬鳴"}],"0131":[{"pref":"福岡県","city":"宮若市","town":"乙野"}],"0111":[{"pref":"福岡県","city":"宮若市","town":"金丸"}],"0113":[{"pref":"福岡県","city":"宮若市","town":"金生"}],"0146":[{"pref":"福岡県","city":"宮若市","town":"黒丸"}],"0132":[{"pref":"福岡県","city":"宮若市","town":"小伏"}],"0123":[{"pref":"福岡県","city":"宮若市","town":"三ケ畑"}],"0122":[{"pref":"福岡県","city":"宮若市","town":"下"}],"0141":[{"pref":"福岡県","city":"宮若市","town":"平"}],"0143":[{"pref":"福岡県","city":"宮若市","town":"高野"}],"0142":[{"pref":"福岡県","city":"宮若市","town":"竹原"}],"0152":[{"pref":"福岡県","city":"宮若市","town":"沼口"}],"0112":[{"pref":"福岡県","city":"宮若市","town":"原田"}],"0101":[{"pref":"福岡県","city":"宮若市","town":"福丸"}],"0124":[{"pref":"福岡県","city":"宮若市","town":"縁山畑"}],"0151":[{"pref":"福岡県","city":"宮若市","town":"水原"}],"0145":[{"pref":"福岡県","city":"宮若市","town":"宮永"}],"0153":[{"pref":"福岡県","city":"宮若市","town":"山口"}],"0121":[{"pref":"福岡県","city":"宮若市","town":"湯原"}],"0133":[{"pref":"福岡県","city":"宮若市","town":"脇田"}]}