{"0045":[{"pref":"東京都","city":"北区","town":"赤羽"}],"0053":[{"pref":"東京都","city":"北区","town":"赤羽台"}],"0055":[{"pref":"東京都","city":"北区","town":"赤羽西"}],"0044":[{"pref":"東京都","city":"北区","town":"赤羽南"}],"0052":[{"pref":"東京都","city":"北区","town":"赤羽北"}],"0041":[{"pref":"東京都","city":"北区","town":"岩淵町"}],"0051":[{"pref":"東京都","city":"北区","town":"浮間"}],"0043":[{"pref":"東京都","city":"北区","town":"神谷"}],"0054":[{"pref":"東京都","city":"北区","town":"桐ケ丘"}],"0042":[{"pref":"東京都","city":"北区","town":"志茂"}],"0056":[{"pref":"東京都","city":"北区","town":"西が丘"}]}