{"1261":[{"pref":"北海道","city":"苫小牧市","town":"ときわ町"}],"1262":[{"pref":"北海道","city":"苫小牧市","town":"美原町"}],"1263":[{"pref":"北海道","city":"苫小牧市","town":"青雲町"}],"1264":[{"pref":"北海道","city":"苫小牧市","town":"宮前町"}],"1265":[{"pref":"北海道","city":"苫小牧市","town":"樽前"}],"1266":[{"pref":"北海道","city":"苫小牧市","town":"錦西町"}],"1271":[{"pref":"北海道","city":"苫小牧市","town":"澄川町"}],"1272":[{"pref":"北海道","city":"苫小牧市","town":"のぞみ町"}],"1273":[{"pref":"北海道","city":"苫小牧市","town":"明徳町"}],"1274":[{"pref":"北海道","city":"苫小牧市","town":"もえぎ町"}],"1275":[{"pref":"北海道","city":"苫小牧市","town":"錦岡"}],"1276":[{"pref":"北海道","city":"苫小牧市","town":"はまなす町（２丁目）"}],"1277":[{"pref":"北海道","city":"苫小牧市","town":"北星町"}],"1301":[{"pref":"北海道","city":"苫小牧市","town":"東開町"}],"1302":[{"pref":"北海道","city":"苫小牧市","town":"拓勇西町"}],"1303":[{"pref":"北海道","city":"苫小牧市","town":"拓勇東町"}],"1304":[{"pref":"北海道","city":"苫小牧市","town":"北栄町"}],"1305":[{"pref":"北海道","city":"苫小牧市","town":"沼ノ端中央"}],"1306":[{"pref":"北海道","city":"苫小牧市","town":"ウトナイ北"}],"1307":[{"pref":"北海道","city":"苫小牧市","town":"ウトナイ南"}],"1361":[{"pref":"北海道","city":"苫小牧市","town":"美沢"}],"1362":[{"pref":"北海道","city":"苫小牧市","town":"柏原"}],"1363":[{"pref":"北海道","city":"苫小牧市","town":"静川"}],"1364":[{"pref":"北海道","city":"苫小牧市","town":"沼ノ端"}],"1365":[{"pref":"北海道","city":"苫小牧市","town":"植苗"}],"1366":[{"pref":"北海道","city":"苫小牧市","town":"あけぼの町（１、２丁目）"}],"1371":[{"pref":"北海道","city":"苫小牧市","town":"弁天"}],"1372":[{"pref":"北海道","city":"苫小牧市","town":"勇払"}],"1373":[{"pref":"北海道","city":"苫小牧市","town":"真砂町"}],"1374":[{"pref":"北海道","city":"苫小牧市","town":"晴海町（１～４２番地）"}],"1375":[{"pref":"北海道","city":"苫小牧市","town":"一本松町（１～５番地）"}],"1431":[{"pref":"北海道","city":"勇払郡安平町","town":"早来新栄"}],"1432":[{"pref":"北海道","city":"勇払郡安平町","town":"早来源武"}],"1433":[{"pref":"北海道","city":"勇払郡安平町","town":"遠浅"}],"1434":[{"pref":"北海道","city":"勇払郡安平町","town":"早来富岡"}],"1500":[{"pref":"北海道","city":"勇払郡安平町","town":"以下に掲載がない場合"}],"1501":[{"pref":"北海道","city":"勇払郡安平町","town":"早来大町"}],"1502":[{"pref":"北海道","city":"勇払郡安平町","town":"早来北進"}],"1503":[{"pref":"北海道","city":"勇払郡安平町","town":"東早来"}],"1504":[{"pref":"北海道","city":"勇払郡安平町","town":"早来守田"}],"1505":[{"pref":"北海道","city":"勇払郡安平町","town":"早来栄町"}],"1506":[{"pref":"北海道","city":"勇払郡安平町","town":"早来北町"}],"1511":[{"pref":"北海道","city":"勇払郡安平町","town":"安平"}],"1512":[{"pref":"北海道","city":"勇払郡安平町","town":"早来瑞穂"}],"1513":[{"pref":"北海道","city":"勇払郡安平町","town":"早来緑丘"}],"1600":[{"pref":"北海道","city":"勇払郡厚真町","town":"以下に掲載がない場合"}],"1601":[{"pref":"北海道","city":"勇払郡厚真町","town":"京町"}],"1602":[{"pref":"北海道","city":"勇払郡厚真町","town":"表町"}],"1603":[{"pref":"北海道","city":"勇払郡厚真町","town":"本町"}],"1604":[{"pref":"北海道","city":"勇払郡厚真町","town":"錦町"}],"1605":[{"pref":"北海道","city":"勇払郡厚真町","town":"本郷"}],"1606":[{"pref":"北海道","city":"勇払郡厚真町","town":"朝日"}],"1611":[{"pref":"北海道","city":"勇払郡厚真町","town":"幌里"}],"1612":[{"pref":"北海道","city":"勇払郡厚真町","town":"桜丘"}],"1613":[{"pref":"北海道","city":"勇払郡厚真町","town":"吉野"}],"1614":[{"pref":"北海道","city":"勇払郡厚真町","town":"富里"}],"1615":[{"pref":"北海道","city":"勇払郡厚真町","town":"高丘"}],"1616":[{"pref":"北海道","city":"勇払郡厚真町","town":"幌内"}],"1621":[{"pref":"北海道","city":"勇払郡厚真町","town":"東和"}],"1622":[{"pref":"北海道","city":"勇払郡厚真町","town":"宇隆"}],"1623":[{"pref":"北海道","city":"勇払郡厚真町","town":"新町"}],"1624":[{"pref":"北海道","city":"勇払郡厚真町","town":"豊沢"}],"1625":[{"pref":"北海道","city":"勇払郡厚真町","town":"美里"}],"1741":[{"pref":"北海道","city":"勇払郡厚真町","town":"上厚真"}],"1742":[{"pref":"北海道","city":"勇払郡厚真町","town":"浜厚真"}],"1743":[{"pref":"北海道","city":"勇払郡厚真町","town":"共和"}],"1744":[{"pref":"北海道","city":"勇払郡厚真町","town":"共栄"}],"1745":[{"pref":"北海道","city":"勇払郡厚真町","town":"豊川"}],"1746":[{"pref":"北海道","city":"勇払郡厚真町","town":"上野"}],"1747":[{"pref":"北海道","city":"勇払郡厚真町","town":"富野"}],"1748":[{"pref":"北海道","city":"勇払郡厚真町","town":"厚和"}],"1749":[{"pref":"北海道","city":"勇払郡厚真町","town":"清住"}],"1751":[{"pref":"北海道","city":"勇払郡厚真町","town":"鯉沼"}],"1752":[{"pref":"北海道","city":"勇払郡厚真町","town":"軽舞"}],"1753":[{"pref":"北海道","city":"勇払郡厚真町","town":"豊丘"}],"1754":[{"pref":"北海道","city":"勇払郡厚真町","town":"鹿沼"}],"1911":[{"pref":"北海道","city":"勇払郡安平町","town":"追分本町"}],"1921":[{"pref":"北海道","city":"勇払郡安平町","town":"追分柏が丘"}],"1931":[{"pref":"北海道","city":"勇払郡安平町","town":"追分中央"}],"1941":[{"pref":"北海道","city":"勇払郡安平町","town":"追分青葉"}],"1942":[{"pref":"北海道","city":"勇払郡安平町","town":"追分白樺"}],"1951":[{"pref":"北海道","city":"勇払郡安平町","town":"追分若草"}],"1961":[{"pref":"北海道","city":"勇払郡安平町","town":"追分花園"}],"1971":[{"pref":"北海道","city":"勇払郡安平町","town":"追分緑が丘"}],"1982":[{"pref":"北海道","city":"勇払郡安平町","town":"追分美園"}],"1983":[{"pref":"北海道","city":"勇払郡安平町","town":"追分旭"}],"1984":[{"pref":"北海道","city":"勇払郡安平町","town":"追分向陽"}],"1985":[{"pref":"北海道","city":"勇払郡安平町","town":"追分春日"}],"1986":[{"pref":"北海道","city":"勇払郡安平町","town":"追分弥生"}],"1987":[{"pref":"北海道","city":"勇払郡安平町","town":"追分豊栄"}],"2121":[{"pref":"北海道","city":"沙流郡日高町","town":"門別本町"}],"2122":[{"pref":"北海道","city":"沙流郡日高町","town":"緑町"}],"2123":[{"pref":"北海道","city":"沙流郡日高町","town":"幾千世"}],"2124":[{"pref":"北海道","city":"沙流郡日高町","town":"庫富"}],"2125":[{"pref":"北海道","city":"沙流郡日高町","town":"広富"}],"2126":[{"pref":"北海道","city":"沙流郡日高町","town":"豊郷"}],"2127":[{"pref":"北海道","city":"沙流郡日高町","town":"旭町"}],"2241":[{"pref":"北海道","city":"沙流郡日高町","town":"豊田"}],"2242":[{"pref":"北海道","city":"沙流郡日高町","town":"美原"}],"2243":[{"pref":"北海道","city":"沙流郡日高町","town":"厚賀町"}],"2244":[{"pref":"北海道","city":"沙流郡日高町","town":"賀張"}],"2245":[{"pref":"北海道","city":"沙流郡日高町","town":"清畠"}],"2251":[{"pref":"北海道","city":"新冠郡新冠町","town":"共栄"}],"2252":[{"pref":"北海道","city":"新冠郡新冠町","town":"東川"}],"2253":[{"pref":"北海道","city":"新冠郡新冠町","town":"大狩部（４３６、５１６、５６７番地）"}],"2331":[{"pref":"北海道","city":"沙流郡日高町","town":"正和"}],"2332":[{"pref":"北海道","city":"沙流郡日高町","town":"三和"}],"2341":[{"pref":"北海道","city":"新冠郡新冠町","town":"新和"}],"2342":[{"pref":"北海道","city":"新冠郡新冠町","town":"里平"}],"2343":[{"pref":"北海道","city":"新冠郡新冠町","town":"太陽"}],"2344":[{"pref":"北海道","city":"新冠郡新冠町","town":"美宇"}],"2400":[{"pref":"北海道","city":"新冠郡新冠町","town":"以下に掲載がない場合"}],"2401":[{"pref":"北海道","city":"新冠郡新冠町","town":"本町"}],"2402":[{"pref":"北海道","city":"新冠郡新冠町","town":"中央町"}],"2403":[{"pref":"北海道","city":"新冠郡新冠町","town":"北星町"}],"2404":[{"pref":"北海道","city":"新冠郡新冠町","town":"東町"}],"2411":[{"pref":"北海道","city":"新冠郡新冠町","town":"大狩部（その他）"}],"2412":[{"pref":"北海道","city":"新冠郡新冠町","town":"節婦町"}],"2413":[{"pref":"北海道","city":"新冠郡新冠町","town":"高江"}],"2414":[{"pref":"北海道","city":"新冠郡新冠町","town":"朝日"}],"2415":[{"pref":"北海道","city":"新冠郡新冠町","town":"緑丘"}],"2416":[{"pref":"北海道","city":"新冠郡新冠町","town":"古岸"}],"2417":[{"pref":"北海道","city":"新冠郡新冠町","town":"東泊津"}],"2418":[{"pref":"北海道","city":"新冠郡新冠町","town":"西泊津"}],"2421":[{"pref":"北海道","city":"新冠郡新冠町","town":"若園"}],"2422":[{"pref":"北海道","city":"新冠郡新冠町","town":"岩清水"}],"2423":[{"pref":"北海道","city":"新冠郡新冠町","town":"泉"}],"2424":[{"pref":"北海道","city":"新冠郡新冠町","town":"新栄"}],"2425":[{"pref":"北海道","city":"新冠郡新冠町","town":"明和"}],"2426":[{"pref":"北海道","city":"新冠郡新冠町","town":"万世"}],"2427":[{"pref":"北海道","city":"新冠郡新冠町","town":"大富"}],"2561":[{"pref":"北海道","city":"日高郡新ひだか町","town":"東静内"}],"2562":[{"pref":"北海道","city":"日高郡新ひだか町","town":"静内浦和"}],"2563":[{"pref":"北海道","city":"日高郡新ひだか町","town":"静内川合"}],"2564":[{"pref":"北海道","city":"日高郡新ひだか町","town":"静内西川"}],"2565":[{"pref":"北海道","city":"日高郡新ひだか町","town":"静内春立"}],"2566":[{"pref":"北海道","city":"日高郡新ひだか町","town":"静内東別"}],"2571":[{"pref":"北海道","city":"日高郡新ひだか町","town":"三石西端"}],"3101":[{"pref":"北海道","city":"日高郡新ひだか町","town":"三石富沢"}],"3102":[{"pref":"北海道","city":"日高郡新ひだか町","town":"三石福畑"}],"3103":[{"pref":"北海道","city":"日高郡新ひだか町","town":"三石豊岡"}],"3104":[{"pref":"北海道","city":"日高郡新ひだか町","town":"三石蓬栄"}],"3105":[{"pref":"北海道","city":"日高郡新ひだか町","town":"三石東蓬莱"}],"3106":[{"pref":"北海道","city":"日高郡新ひだか町","town":"三石西蓬莱"}],"3107":[{"pref":"北海道","city":"日高郡新ひだか町","town":"三石旭町"}],"3108":[{"pref":"北海道","city":"日高郡新ひだか町","town":"三石本町"}],"3111":[{"pref":"北海道","city":"日高郡新ひだか町","town":"三石越海町"}],"3112":[{"pref":"北海道","city":"日高郡新ひだか町","town":"三石港町"}],"3231":[{"pref":"北海道","city":"日高郡新ひだか町","town":"三石本桐"}],"3232":[{"pref":"北海道","city":"日高郡新ひだか町","town":"三石美野和"}],"3233":[{"pref":"北海道","city":"日高郡新ひだか町","town":"三石鳧舞"}],"3351":[{"pref":"北海道","city":"日高郡新ひだか町","town":"三石歌笛"}],"3352":[{"pref":"北海道","city":"日高郡新ひだか町","town":"三石稲見"}],"3353":[{"pref":"北海道","city":"日高郡新ひだか町","town":"三石清瀬"}],"3354":[{"pref":"北海道","city":"日高郡新ひだか町","town":"三石川上"}],"3355":[{"pref":"北海道","city":"日高郡新ひだか町","town":"三石美河"}],"3451":[{"pref":"北海道","city":"浦河郡浦河町","town":"荻伏町"}],"3453":[{"pref":"北海道","city":"浦河郡浦河町","town":"瑞穂"}],"3454":[{"pref":"北海道","city":"浦河郡浦河町","town":"野深"}],"3461":[{"pref":"北海道","city":"浦河郡浦河町","town":"東栄"}],"3462":[{"pref":"北海道","city":"浦河郡浦河町","town":"富里"}],"3463":[{"pref":"北海道","city":"浦河郡浦河町","town":"姉茶"}],"0000":[{"pref":"北海道","city":"登別市","town":"以下に掲載がない場合"}],"0027":[{"pref":"北海道","city":"登別市","town":"青葉町"}],"0017":[{"pref":"北海道","city":"登別市","town":"柏木町"}],"0016":[{"pref":"北海道","city":"登別市","town":"片倉町"}],"0552":[{"pref":"北海道","city":"登別市","town":"上登別町"}],"0031":[{"pref":"北海道","city":"登別市","town":"上鷲別町"}],"0553":[{"pref":"北海道","city":"登別市","town":"カルルス町"}],"0022":[{"pref":"北海道","city":"登別市","town":"川上町"}],"0021":[{"pref":"北海道","city":"登別市","town":"鉱山町"}],"0002":[{"pref":"北海道","city":"登別市","town":"幸町"}],"0033":[{"pref":"北海道","city":"登別市","town":"栄町"}],"0023":[{"pref":"北海道","city":"登別市","town":"桜木町"}],"0005":[{"pref":"北海道","city":"登別市","town":"札内町（５、９、１１－１２、３６、４２－２、６２、８０、９５、"},{"pref":"北海道","city":"登別市","town":"１８４、２３１、３８９－２、４９９、５００番地）"}],"0461":[{"pref":"北海道","city":"登別市","town":"札内町（その他）"}],"0001":[{"pref":"北海道","city":"登別市","town":"新栄町"}],"0015":[{"pref":"北海道","city":"登別市","town":"新川町"}],"0032":[{"pref":"北海道","city":"登別市","town":"新生町"}],"0003":[{"pref":"北海道","city":"登別市","town":"千歳町"}],"0012":[{"pref":"北海道","city":"登別市","town":"中央町"}],"0011":[{"pref":"北海道","city":"登別市","town":"常盤町"}],"0462":[{"pref":"北海道","city":"登別市","town":"富浦町"}],"0028":[{"pref":"北海道","city":"登別市","town":"富岸町"}],"0463":[{"pref":"北海道","city":"登別市","town":"中登別町"}],"0551":[{"pref":"北海道","city":"登別市","town":"登別温泉町"}],"0464":[{"pref":"北海道","city":"登別市","town":"登別東町"}],"0465":[{"pref":"北海道","city":"登別市","town":"登別本町"}],"0466":[{"pref":"北海道","city":"登別市","town":"登別港町"}],"0014":[{"pref":"北海道","city":"登別市","town":"富士町"}],"0013":[{"pref":"北海道","city":"登別市","town":"幌別町"}],"0036":[{"pref":"北海道","city":"登別市","town":"美園町"}],"0024":[{"pref":"北海道","city":"登別市","town":"緑町"}],"0025":[{"pref":"北海道","city":"登別市","town":"大和町"}],"0004":[{"pref":"北海道","city":"登別市","town":"来馬町"}],"0035":[{"pref":"北海道","city":"登別市","town":"若草町"}],"0026":[{"pref":"北海道","city":"登別市","town":"若山町"}],"0034":[{"pref":"北海道","city":"登別市","town":"鷲別町"}],"0151":[{"pref":"北海道","city":"伊達市","town":"有珠町"}],"0153":[{"pref":"北海道","city":"伊達市","town":"大平町"}],"0152":[{"pref":"北海道","city":"伊達市","town":"北有珠町"}],"0272":[{"pref":"北海道","city":"伊達市","town":"北黄金町"}],"0275":[{"pref":"北海道","city":"伊達市","town":"北稀府町"}],"0274":[{"pref":"北海道","city":"伊達市","town":"中稀府町"}],"0154":[{"pref":"北海道","city":"伊達市","town":"東有珠町"}],"0156":[{"pref":"北海道","city":"伊達市","town":"南有珠町"}],"0271":[{"pref":"北海道","city":"伊達市","town":"南黄金町"}],"0273":[{"pref":"北海道","city":"伊達市","town":"南稀府町"}],"0157":[{"pref":"北海道","city":"伊達市","town":"向有珠町"}],"0155":[{"pref":"北海道","city":"伊達市","town":"若生町"}],"0900":[{"pref":"北海道","city":"白老郡白老町","town":"以下に掲載がない場合"}],"0921":[{"pref":"北海道","city":"白老郡白老町","town":"石山"}],"0905":[{"pref":"北海道","city":"白老郡白老町","town":"大町"}],"0915":[{"pref":"北海道","city":"白老郡白老町","town":"川沿"}],"0923":[{"pref":"北海道","city":"白老郡白老町","town":"北吉原"}],"0641":[{"pref":"北海道","city":"白老郡白老町","town":"虎杖浜"}],"0914":[{"pref":"北海道","city":"白老郡白老町","town":"栄町"}],"0901":[{"pref":"北海道","city":"白老郡白老町","town":"社台"}],"0912":[{"pref":"北海道","city":"白老郡白老町","town":"陣屋町"}],"0907":[{"pref":"北海道","city":"白老郡白老町","town":"末広町"}],"0916":[{"pref":"北海道","city":"白老郡白老町","town":"高砂町"}],"0642":[{"pref":"北海道","city":"白老郡白老町","town":"竹浦"}],"0922":[{"pref":"北海道","city":"白老郡白老町","town":"萩野"}],"0904":[{"pref":"北海道","city":"白老郡白老町","town":"東町"}],"0903":[{"pref":"北海道","city":"白老郡白老町","town":"日の出町"}],"0906":[{"pref":"北海道","city":"白老郡白老町","town":"本町"}],"0908":[{"pref":"北海道","city":"白老郡白老町","town":"緑丘"}],"0913":[{"pref":"北海道","city":"白老郡白老町","town":"緑町"}],"0911":[{"pref":"北海道","city":"白老郡白老町","town":"森野"}],"0902":[{"pref":"北海道","city":"白老郡白老町","town":"若草町"}]}