{"0000":[{"pref":"愛知県","city":"常滑市","town":"以下に掲載がない場合"}],"0868":[{"pref":"愛知県","city":"常滑市","town":"飛香台"}],"0814":[{"pref":"愛知県","city":"常滑市","town":"阿野町"}],"0074":[{"pref":"愛知県","city":"常滑市","town":"池田川"}],"0024":[{"pref":"愛知県","city":"常滑市","town":"池田口"}],"0038":[{"pref":"愛知県","city":"常滑市","town":"石窯"}],"0811":[{"pref":"愛知県","city":"常滑市","town":"泉町"}],"0014":[{"pref":"愛知県","city":"常滑市","town":"一ノ割"}],"0828":[{"pref":"愛知県","city":"常滑市","town":"市場町"}],"0812":[{"pref":"愛知県","city":"常滑市","town":"井戸田町"}],"0072":[{"pref":"愛知県","city":"常滑市","town":"乳母子"}],"0062":[{"pref":"愛知県","city":"常滑市","town":"運内"}],"0857":[{"pref":"愛知県","city":"常滑市","town":"榎戸"}],"0854":[{"pref":"愛知県","city":"常滑市","town":"榎戸町"}],"0015":[{"pref":"愛知県","city":"常滑市","town":"大窯"}],"0871":[{"pref":"愛知県","city":"常滑市","town":"大曽"}],"0021":[{"pref":"愛知県","city":"常滑市","town":"大曽町"}],"0806":[{"pref":"愛知県","city":"常滑市","town":"大谷"}],"0810":[{"pref":"愛知県","city":"常滑市","town":"大谷朝陽ケ丘"}],"0005":[{"pref":"愛知県","city":"常滑市","town":"大塚町"}],"0842":[{"pref":"愛知県","city":"常滑市","town":"大鳥町"}],"0866":[{"pref":"愛知県","city":"常滑市","town":"大野町"}],"0027":[{"pref":"愛知県","city":"常滑市","town":"大流"}],"0039":[{"pref":"愛知県","city":"常滑市","town":"大流天竺口"}],"0823":[{"pref":"愛知県","city":"常滑市","town":"奥栄町"}],"0822":[{"pref":"愛知県","city":"常滑市","town":"奥条"}],"0053":[{"pref":"愛知県","city":"常滑市","town":"奥夏敷"}],"0862":[{"pref":"愛知県","city":"常滑市","town":"小倉町"}],"0044":[{"pref":"愛知県","city":"常滑市","town":"乙田"}],"0068":[{"pref":"愛知県","city":"常滑市","town":"長田"}],"0069":[{"pref":"愛知県","city":"常滑市","town":"折戸"}],"0873":[{"pref":"愛知県","city":"常滑市","town":"かじま台"}],"0003":[{"pref":"愛知県","city":"常滑市","town":"金山"}],"0858":[{"pref":"愛知県","city":"常滑市","town":"蒲池"}],"0856":[{"pref":"愛知県","city":"常滑市","town":"蒲池町"}],"0063":[{"pref":"愛知県","city":"常滑市","town":"萱苅口"}],"0815":[{"pref":"愛知県","city":"常滑市","town":"唐崎町"}],"0805":[{"pref":"愛知県","city":"常滑市","town":"苅屋"}],"0819":[{"pref":"愛知県","city":"常滑市","town":"苅屋町"}],"0046":[{"pref":"愛知県","city":"常滑市","town":"北古千代"}],"0867":[{"pref":"愛知県","city":"常滑市","town":"北汐見坂"}],"0833":[{"pref":"愛知県","city":"常滑市","town":"北条"}],"0816":[{"pref":"愛知県","city":"常滑市","town":"熊野"}],"0817":[{"pref":"愛知県","city":"常滑市","town":"熊野町"}],"0002":[{"pref":"愛知県","city":"常滑市","town":"久米"}],"0079":[{"pref":"愛知県","city":"常滑市","town":"黒山"}],"0838":[{"pref":"愛知県","city":"常滑市","town":"鯉江本町"}],"0807":[{"pref":"愛知県","city":"常滑市","town":"小鈴谷"}],"0042":[{"pref":"愛知県","city":"常滑市","town":"社辺"}],"0058":[{"pref":"愛知県","city":"常滑市","town":"古千代"}],"0804":[{"pref":"愛知県","city":"常滑市","town":"古場"}],"0818":[{"pref":"愛知県","city":"常滑市","town":"古場町"}],"0865":[{"pref":"愛知県","city":"常滑市","town":"小林町"}],"0067":[{"pref":"愛知県","city":"常滑市","town":"小森"}],"0809":[{"pref":"愛知県","city":"常滑市","town":"坂井"}],"0836":[{"pref":"愛知県","city":"常滑市","town":"栄町"}],"0017":[{"pref":"愛知県","city":"常滑市","town":"椎池"}],"0035":[{"pref":"愛知県","city":"常滑市","town":"椎草南割"}],"0056":[{"pref":"愛知県","city":"常滑市","town":"椎垂木"}],"0034":[{"pref":"愛知県","city":"常滑市","town":"椎田奥"}],"0036":[{"pref":"愛知県","city":"常滑市","town":"椎田口"}],"0813":[{"pref":"愛知県","city":"常滑市","town":"塩田町"}],"0032":[{"pref":"愛知県","city":"常滑市","town":"下隅"}],"0019":[{"pref":"愛知県","city":"常滑市","town":"柴山"}],"0071":[{"pref":"愛知県","city":"常滑市","town":"蛇廻間"}],"0012":[{"pref":"愛知県","city":"常滑市","town":"上納"}],"0007":[{"pref":"愛知県","city":"常滑市","town":"庄兵衛新田"}],"0837":[{"pref":"愛知県","city":"常滑市","town":"新開町"}],"0855":[{"pref":"愛知県","city":"常滑市","town":"新田町"}],"0847":[{"pref":"愛知県","city":"常滑市","town":"新浜町"}],"0852":[{"pref":"愛知県","city":"常滑市","town":"神明町"}],"0846":[{"pref":"愛知県","city":"常滑市","town":"末広町"}],"0075":[{"pref":"愛知県","city":"常滑市","town":"菅場"}],"0864":[{"pref":"愛知県","city":"常滑市","town":"住吉町"}],"0004":[{"pref":"愛知県","city":"常滑市","town":"青海町"}],"0821":[{"pref":"愛知県","city":"常滑市","town":"瀬木町"}],"0881":[{"pref":"愛知県","city":"常滑市","town":"セントレア"}],"0016":[{"pref":"愛知県","city":"常滑市","town":"高坂"}],"0022":[{"pref":"愛知県","city":"常滑市","town":"堕星"}],"0843":[{"pref":"愛知県","city":"常滑市","town":"多屋"}],"0839":[{"pref":"愛知県","city":"常滑市","town":"多屋町"}],"0801":[{"pref":"愛知県","city":"常滑市","town":"樽水"}],"0826":[{"pref":"愛知県","city":"常滑市","town":"樽水町"}],"0041":[{"pref":"愛知県","city":"常滑市","town":"千代"}],"0065":[{"pref":"愛知県","city":"常滑市","town":"長間"}],"0834":[{"pref":"愛知県","city":"常滑市","town":"千代ケ丘"}],"0026":[{"pref":"愛知県","city":"常滑市","town":"天竺"}],"0057":[{"pref":"愛知県","city":"常滑市","town":"樋掛"}],"0835":[{"pref":"愛知県","city":"常滑市","town":"陶郷町"}],"0008":[{"pref":"愛知県","city":"常滑市","town":"酉新田"}],"0076":[{"pref":"愛知県","city":"常滑市","town":"鳥根"}],"0073":[{"pref":"愛知県","city":"常滑市","town":"飛渡川"}],"0045":[{"pref":"愛知県","city":"常滑市","town":"仲井"}],"0037":[{"pref":"愛知県","city":"常滑市","town":"中大流"}],"0033":[{"pref":"愛知県","city":"常滑市","town":"中椎田"}],"0048":[{"pref":"愛知県","city":"常滑市","town":"中千代"}],"0023":[{"pref":"愛知県","city":"常滑市","town":"長峰一ノ切"}],"0028":[{"pref":"愛知県","city":"常滑市","town":"長峰二ノ切"}],"0031":[{"pref":"愛知県","city":"常滑市","town":"長峰三ノ切"}],"0049":[{"pref":"愛知県","city":"常滑市","town":"長峰四ノ切"}],"0025":[{"pref":"愛知県","city":"常滑市","town":"新池"}],"0802":[{"pref":"愛知県","city":"常滑市","town":"西阿野"}],"0831":[{"pref":"愛知県","city":"常滑市","town":"錦町"}],"0054":[{"pref":"愛知県","city":"常滑市","town":"西梨木"}],"0849":[{"pref":"愛知県","city":"常滑市","town":"虹の丘"}],"0863":[{"pref":"愛知県","city":"常滑市","town":"西之口"}],"0018":[{"pref":"愛知県","city":"常滑市","town":"二ノ田"}],"0013":[{"pref":"愛知県","city":"常滑市","town":"二ノ割"}],"0824":[{"pref":"愛知県","city":"常滑市","town":"白山町"}],"0011":[{"pref":"愛知県","city":"常滑市","town":"花狭間"}],"0832":[{"pref":"愛知県","city":"常滑市","town":"原松町"}],"0861":[{"pref":"愛知県","city":"常滑市","town":"晩台町"}],"0803":[{"pref":"愛知県","city":"常滑市","town":"桧原"}],"0009":[{"pref":"愛知県","city":"常滑市","town":"平池"}],"0055":[{"pref":"愛知県","city":"常滑市","town":"広内"}],"0808":[{"pref":"愛知県","city":"常滑市","town":"広目"}],"0006":[{"pref":"愛知県","city":"常滑市","town":"古道"}],"0029":[{"pref":"愛知県","city":"常滑市","town":"古道東割"}],"0043":[{"pref":"愛知県","city":"常滑市","town":"古社"}],"0827":[{"pref":"愛知県","city":"常滑市","town":"保示町"}],"0853":[{"pref":"愛知県","city":"常滑市","town":"本郷町"}],"0829":[{"pref":"愛知県","city":"常滑市","town":"本町"}],"0848":[{"pref":"愛知県","city":"常滑市","town":"港町"}],"0047":[{"pref":"愛知県","city":"常滑市","town":"南古千代"}],"0059":[{"pref":"愛知県","city":"常滑市","town":"南蛇廻間"}],"0077":[{"pref":"愛知県","city":"常滑市","town":"南飛渡"}],"0061":[{"pref":"愛知県","city":"常滑市","town":"耳切"}],"0841":[{"pref":"愛知県","city":"常滑市","town":"明和町"}],"0845":[{"pref":"愛知県","city":"常滑市","town":"森西町"}],"0001":[{"pref":"愛知県","city":"常滑市","town":"矢田"}],"0825":[{"pref":"愛知県","city":"常滑市","town":"山方町"}],"0844":[{"pref":"愛知県","city":"常滑市","town":"大和町"}],"0064":[{"pref":"愛知県","city":"常滑市","town":"斧口"}],"0882":[{"pref":"愛知県","city":"常滑市","town":"りんくう町"}],"0851":[{"pref":"愛知県","city":"常滑市","town":"若松町"}],"0066":[{"pref":"愛知県","city":"常滑市","town":"脇田口"}]}