{"1100":[{"pref":"群馬県","city":"佐波郡玉村町","town":"以下に掲載がない場合"}],"1101":[{"pref":"群馬県","city":"佐波郡玉村町","town":"藤川"}],"1102":[{"pref":"群馬県","city":"佐波郡玉村町","town":"飯塚"}],"1103":[{"pref":"群馬県","city":"佐波郡玉村町","town":"樋越"}],"1104":[{"pref":"群馬県","city":"佐波郡玉村町","town":"上福島"}],"1105":[{"pref":"群馬県","city":"佐波郡玉村町","town":"福島"}],"1111":[{"pref":"群馬県","city":"佐波郡玉村町","town":"南玉"}],"1112":[{"pref":"群馬県","city":"佐波郡玉村町","town":"下之宮"}],"1113":[{"pref":"群馬県","city":"佐波郡玉村町","town":"箱石"}],"1114":[{"pref":"群馬県","city":"佐波郡玉村町","town":"小泉"}],"1115":[{"pref":"群馬県","city":"佐波郡玉村町","town":"五料"}],"1116":[{"pref":"群馬県","city":"佐波郡玉村町","town":"飯倉"}],"1117":[{"pref":"群馬県","city":"佐波郡玉村町","town":"川井"}],"1121":[{"pref":"群馬県","city":"佐波郡玉村町","town":"上飯島"}],"1122":[{"pref":"群馬県","city":"佐波郡玉村町","town":"上茂木"}],"1123":[{"pref":"群馬県","city":"佐波郡玉村町","town":"下茂木"}],"1124":[{"pref":"群馬県","city":"佐波郡玉村町","town":"角渕"}],"1125":[{"pref":"群馬県","city":"佐波郡玉村町","town":"八幡原"}],"1126":[{"pref":"群馬県","city":"佐波郡玉村町","town":"宇貫"}],"1127":[{"pref":"群馬県","city":"佐波郡玉村町","town":"上之手"}],"1128":[{"pref":"群馬県","city":"佐波郡玉村町","town":"後箇"}],"1131":[{"pref":"群馬県","city":"佐波郡玉村町","town":"斎田"}],"1132":[{"pref":"群馬県","city":"佐波郡玉村町","town":"下新田"}],"1133":[{"pref":"群馬県","city":"佐波郡玉村町","town":"上新田"}],"1134":[{"pref":"群馬県","city":"佐波郡玉村町","town":"与六分"}],"1135":[{"pref":"群馬県","city":"佐波郡玉村町","town":"板井"}],"1201":[{"pref":"群馬県","city":"高崎市","town":"倉賀野町"}],"1202":[{"pref":"群馬県","city":"高崎市","town":"宮原町"}],"1203":[{"pref":"群馬県","city":"高崎市","town":"矢中町"}],"1204":[{"pref":"群馬県","city":"高崎市","town":"東中里町"}],"1205":[{"pref":"群馬県","city":"高崎市","town":"栗崎町"}],"1206":[{"pref":"群馬県","city":"高崎市","town":"台新田町"}],"1207":[{"pref":"群馬県","city":"高崎市","town":"綿貫町"}],"1208":[{"pref":"群馬県","city":"高崎市","town":"岩鼻町"}],"1211":[{"pref":"群馬県","city":"高崎市","town":"阿久津町"}],"1212":[{"pref":"群馬県","city":"高崎市","town":"木部町"}],"1213":[{"pref":"群馬県","city":"高崎市","town":"山名町"}],"1214":[{"pref":"群馬県","city":"高崎市","town":"根小屋町"}],"1301":[{"pref":"群馬県","city":"高崎市","town":"新町"}],"1401":[{"pref":"群馬県","city":"藤岡市","town":"鬼石"}],"1402":[{"pref":"群馬県","city":"藤岡市","town":"譲原"}],"1403":[{"pref":"群馬県","city":"藤岡市","town":"保美濃山"}],"1404":[{"pref":"群馬県","city":"藤岡市","town":"坂原"}],"1405":[{"pref":"群馬県","city":"藤岡市","town":"三波川"}],"1406":[{"pref":"群馬県","city":"藤岡市","town":"浄法寺"}],"1501":[{"pref":"群馬県","city":"多野郡神流町","town":"柏木"}],"1502":[{"pref":"群馬県","city":"多野郡神流町","town":"麻生"}],"1503":[{"pref":"群馬県","city":"多野郡神流町","town":"生利"}],"1504":[{"pref":"群馬県","city":"多野郡神流町","town":"万場"}],"1505":[{"pref":"群馬県","city":"多野郡神流町","town":"森戸"}],"1506":[{"pref":"群馬県","city":"多野郡神流町","town":"黒田"}],"1507":[{"pref":"埼玉県","city":"秩父市","town":"吉田太田部"}],"1511":[{"pref":"群馬県","city":"多野郡神流町","town":"相原"}],"1512":[{"pref":"群馬県","city":"多野郡神流町","town":"青梨"}],"1513":[{"pref":"群馬県","city":"多野郡神流町","town":"小平"}],"1514":[{"pref":"群馬県","city":"多野郡神流町","town":"塩沢"}],"1515":[{"pref":"群馬県","city":"多野郡神流町","town":"船子"}],"1600":[{"pref":"群馬県","city":"多野郡上野村","town":"以下に掲載がない場合"},{"pref":"群馬県","city":"多野郡神流町","town":"以下に掲載がない場合"}],"1601":[{"pref":"群馬県","city":"多野郡神流町","town":"魚尾"}],"1602":[{"pref":"群馬県","city":"多野郡神流町","town":"神ケ原"}],"1603":[{"pref":"群馬県","city":"多野郡神流町","town":"平原"}],"1604":[{"pref":"群馬県","city":"多野郡神流町","town":"尾附"}],"1611":[{"pref":"群馬県","city":"多野郡上野村","town":"新羽"}],"1612":[{"pref":"群馬県","city":"多野郡上野村","town":"野栗沢"}],"1613":[{"pref":"群馬県","city":"多野郡上野村","town":"勝山"}],"1614":[{"pref":"群馬県","city":"多野郡上野村","town":"川和"}],"1615":[{"pref":"群馬県","city":"多野郡上野村","town":"乙母"}],"1616":[{"pref":"群馬県","city":"多野郡上野村","town":"乙父"}],"1617":[{"pref":"群馬県","city":"多野郡上野村","town":"楢原"}],"2101":[{"pref":"群馬県","city":"高崎市","town":"吉井町南陽台"}],"2102":[{"pref":"群馬県","city":"高崎市","town":"吉井町小暮"}],"2103":[{"pref":"群馬県","city":"高崎市","town":"吉井町岩井"}],"2104":[{"pref":"群馬県","city":"高崎市","town":"吉井町馬庭"}],"2105":[{"pref":"群馬県","city":"高崎市","town":"吉井町中島"}],"2106":[{"pref":"群馬県","city":"高崎市","town":"吉井町矢田"}],"2107":[{"pref":"群馬県","city":"高崎市","town":"吉井町池"}],"2111":[{"pref":"群馬県","city":"高崎市","town":"吉井町小串"}],"2112":[{"pref":"群馬県","city":"高崎市","town":"吉井町黒熊"}],"2113":[{"pref":"群馬県","city":"高崎市","town":"吉井町深沢"}],"2114":[{"pref":"群馬県","city":"高崎市","town":"吉井町石神"}],"2115":[{"pref":"群馬県","city":"高崎市","town":"吉井町多比良"}],"2116":[{"pref":"群馬県","city":"高崎市","town":"吉井町多胡"}],"2121":[{"pref":"群馬県","city":"高崎市","town":"吉井町下長根"}],"2122":[{"pref":"群馬県","city":"高崎市","town":"吉井町高"}],"2123":[{"pref":"群馬県","city":"高崎市","town":"吉井町神保"}],"2124":[{"pref":"群馬県","city":"高崎市","town":"吉井町塩"}],"2125":[{"pref":"群馬県","city":"高崎市","town":"吉井町大沢"}],"2126":[{"pref":"群馬県","city":"高崎市","town":"吉井町東谷"}],"2127":[{"pref":"群馬県","city":"高崎市","town":"吉井町長根"}],"2128":[{"pref":"群馬県","city":"高崎市","town":"吉井町本郷"}],"2131":[{"pref":"群馬県","city":"高崎市","town":"吉井町岩崎"}],"2132":[{"pref":"群馬県","city":"高崎市","town":"吉井町吉井"}],"2133":[{"pref":"群馬県","city":"高崎市","town":"吉井町吉井川"}],"2134":[{"pref":"群馬県","city":"高崎市","town":"吉井町塩川"}],"2135":[{"pref":"群馬県","city":"高崎市","town":"吉井町片山"}],"2136":[{"pref":"群馬県","city":"高崎市","town":"吉井町小棚"}],"2137":[{"pref":"群馬県","city":"高崎市","town":"吉井町坂口"}],"2138":[{"pref":"群馬県","city":"高崎市","town":"吉井町下奥平"}],"2139":[{"pref":"群馬県","city":"高崎市","town":"吉井町上奥平"}],"2200":[{"pref":"群馬県","city":"甘楽郡甘楽町","town":"以下に掲載がない場合"}],"2201":[{"pref":"群馬県","city":"甘楽郡甘楽町","town":"上野"}],"2202":[{"pref":"群馬県","city":"甘楽郡甘楽町","town":"小幡"}],"2203":[{"pref":"群馬県","city":"甘楽郡甘楽町","town":"轟"}],"2204":[{"pref":"群馬県","city":"甘楽郡甘楽町","town":"秋畑"}],"2205":[{"pref":"群馬県","city":"甘楽郡甘楽町","town":"国峰"}],"2206":[{"pref":"群馬県","city":"甘楽郡甘楽町","town":"善慶寺"}],"2211":[{"pref":"群馬県","city":"甘楽郡甘楽町","town":"小川"}],"2212":[{"pref":"群馬県","city":"甘楽郡甘楽町","town":"福島"}],"2213":[{"pref":"群馬県","city":"甘楽郡甘楽町","town":"白倉"}],"2214":[{"pref":"群馬県","city":"甘楽郡甘楽町","town":"庭谷"}],"2215":[{"pref":"群馬県","city":"甘楽郡甘楽町","town":"造石"}],"2216":[{"pref":"群馬県","city":"甘楽郡甘楽町","town":"金井"}],"2217":[{"pref":"群馬県","city":"甘楽郡甘楽町","town":"天引"}],"2300":[{"pref":"群馬県","city":"富岡市","town":"以下に掲載がない場合"}],"2301":[{"pref":"群馬県","city":"富岡市","town":"桑原"}],"2302":[{"pref":"群馬県","city":"富岡市","town":"小桑原"}],"2303":[{"pref":"群馬県","city":"富岡市","town":"蕨"}],"2304":[{"pref":"群馬県","city":"富岡市","town":"後賀"}],"2305":[{"pref":"群馬県","city":"富岡市","town":"白岩"}],"2306":[{"pref":"群馬県","city":"富岡市","town":"相野田"}],"2307":[{"pref":"群馬県","city":"富岡市","town":"藤木"}],"2311":[{"pref":"群馬県","city":"富岡市","town":"下高尾"}],"2312":[{"pref":"群馬県","city":"富岡市","town":"星田"}],"2313":[{"pref":"群馬県","city":"富岡市","town":"君川"}],"2314":[{"pref":"群馬県","city":"富岡市","town":"田篠"}],"2315":[{"pref":"群馬県","city":"富岡市","town":"曽木"}],"2316":[{"pref":"群馬県","city":"富岡市","town":"富岡"}],"2317":[{"pref":"群馬県","city":"富岡市","town":"上高尾"}],"2321":[{"pref":"群馬県","city":"富岡市","town":"岡本"}],"2322":[{"pref":"群馬県","city":"富岡市","town":"岩染"}],"2323":[{"pref":"群馬県","city":"富岡市","town":"野上"}],"2324":[{"pref":"群馬県","city":"富岡市","town":"南後箇"}],"2331":[{"pref":"群馬県","city":"富岡市","town":"内匠"}],"2332":[{"pref":"群馬県","city":"富岡市","town":"下高瀬"}],"2333":[{"pref":"群馬県","city":"富岡市","town":"中高瀬"}],"2334":[{"pref":"群馬県","city":"富岡市","town":"上高瀬"}],"2335":[{"pref":"群馬県","city":"富岡市","town":"大島"}],"2341":[{"pref":"群馬県","city":"富岡市","town":"下黒岩"}],"2342":[{"pref":"群馬県","city":"富岡市","town":"別保"}],"2343":[{"pref":"群馬県","city":"富岡市","town":"七日市"}],"2344":[{"pref":"群馬県","city":"富岡市","town":"黒川"}],"2345":[{"pref":"群馬県","city":"富岡市","town":"上黒岩"}],"2411":[{"pref":"群馬県","city":"富岡市","town":"妙義町上高田"}],"2412":[{"pref":"群馬県","city":"富岡市","town":"妙義町下高田"}],"2413":[{"pref":"群馬県","city":"富岡市","town":"妙義町八木連"}],"2451":[{"pref":"群馬県","city":"富岡市","town":"宇田"}],"2452":[{"pref":"群馬県","city":"富岡市","town":"一ノ宮"}],"2453":[{"pref":"群馬県","city":"富岡市","town":"宮崎"}],"2454":[{"pref":"群馬県","city":"富岡市","town":"田島"}],"2455":[{"pref":"群馬県","city":"富岡市","town":"神農原"}],"2456":[{"pref":"群馬県","city":"富岡市","town":"上小林"}],"2461":[{"pref":"群馬県","city":"富岡市","town":"上丹生"}],"2462":[{"pref":"群馬県","city":"富岡市","town":"下丹生"}],"2463":[{"pref":"群馬県","city":"富岡市","town":"神成"}],"2464":[{"pref":"群馬県","city":"富岡市","town":"南蛇井"}],"2465":[{"pref":"群馬県","city":"富岡市","town":"中沢"}],"2466":[{"pref":"群馬県","city":"富岡市","town":"蚊沼"}],"2467":[{"pref":"群馬県","city":"富岡市","town":"原"}],"2600":[{"pref":"群馬県","city":"甘楽郡下仁田町","town":"以下に掲載がない場合"}],"2601":[{"pref":"群馬県","city":"甘楽郡下仁田町","town":"下仁田"}],"2602":[{"pref":"群馬県","city":"甘楽郡下仁田町","town":"白山"}],"2603":[{"pref":"群馬県","city":"甘楽郡下仁田町","town":"馬山"}],"2604":[{"pref":"群馬県","city":"甘楽郡下仁田町","town":"吉崎"}],"2605":[{"pref":"群馬県","city":"甘楽郡下仁田町","town":"栗山"}],"2606":[{"pref":"群馬県","city":"甘楽郡下仁田町","town":"川井"}],"2611":[{"pref":"群馬県","city":"甘楽郡下仁田町","town":"青倉"}],"2612":[{"pref":"群馬県","city":"甘楽郡下仁田町","town":"平原"}],"2613":[{"pref":"群馬県","city":"甘楽郡下仁田町","town":"大桑原"}],"2614":[{"pref":"群馬県","city":"甘楽郡下仁田町","town":"風口"}],"2615":[{"pref":"群馬県","city":"甘楽郡下仁田町","town":"宮室"}],"2616":[{"pref":"群馬県","city":"甘楽郡下仁田町","town":"下郷"}],"2621":[{"pref":"群馬県","city":"甘楽郡下仁田町","town":"上小坂"}],"2622":[{"pref":"群馬県","city":"甘楽郡下仁田町","town":"中小坂"}],"2623":[{"pref":"群馬県","city":"甘楽郡下仁田町","town":"下小坂"}],"2624":[{"pref":"群馬県","city":"甘楽郡下仁田町","town":"東野牧"}],"2625":[{"pref":"群馬県","city":"甘楽郡下仁田町","town":"本宿"}],"2626":[{"pref":"群馬県","city":"甘楽郡下仁田町","town":"南野牧"}],"2627":[{"pref":"群馬県","city":"甘楽郡下仁田町","town":"西野牧"}],"2800":[{"pref":"群馬県","city":"甘楽郡南牧村","town":"以下に掲載がない場合"}],"2801":[{"pref":"群馬県","city":"甘楽郡南牧村","town":"大塩沢"}],"2802":[{"pref":"群馬県","city":"甘楽郡南牧村","town":"小沢"}],"2803":[{"pref":"群馬県","city":"甘楽郡南牧村","town":"千原"}],"2804":[{"pref":"群馬県","city":"甘楽郡南牧村","town":"磐戸"}],"2805":[{"pref":"群馬県","city":"甘楽郡南牧村","town":"檜沢"}],"2806":[{"pref":"群馬県","city":"甘楽郡南牧村","town":"大日向"}],"2811":[{"pref":"群馬県","city":"甘楽郡南牧村","town":"六車"}],"2812":[{"pref":"群馬県","city":"甘楽郡南牧村","town":"大仁田"}],"2813":[{"pref":"群馬県","city":"甘楽郡南牧村","town":"砥沢"}],"2814":[{"pref":"群馬県","city":"甘楽郡南牧村","town":"羽沢"}],"2815":[{"pref":"群馬県","city":"甘楽郡南牧村","town":"熊倉"}],"2816":[{"pref":"群馬県","city":"甘楽郡南牧村","town":"星尾"}],"3101":[{"pref":"群馬県","city":"高崎市","town":"箕郷町柏木沢"}],"3102":[{"pref":"群馬県","city":"高崎市","town":"箕郷町生原"}],"3103":[{"pref":"群馬県","city":"高崎市","town":"箕郷町下芝"}],"3104":[{"pref":"群馬県","city":"高崎市","town":"箕郷町上芝"}],"3105":[{"pref":"群馬県","city":"高崎市","town":"箕郷町西明屋"}],"3106":[{"pref":"群馬県","city":"高崎市","town":"箕郷町東明屋"}],"3107":[{"pref":"群馬県","city":"高崎市","town":"箕郷町矢原"}],"3111":[{"pref":"群馬県","city":"高崎市","town":"箕郷町中野"}],"3112":[{"pref":"群馬県","city":"高崎市","town":"箕郷町善地"}],"3113":[{"pref":"群馬県","city":"高崎市","town":"箕郷町松之沢"}],"3114":[{"pref":"群馬県","city":"高崎市","town":"箕郷町金敷平"}],"3115":[{"pref":"群馬県","city":"高崎市","town":"箕郷町富岡"}],"3116":[{"pref":"群馬県","city":"高崎市","town":"箕郷町和田山"}],"3117":[{"pref":"群馬県","city":"高崎市","town":"箕郷町白川"}],"3311":[{"pref":"群馬県","city":"吾妻郡東吾妻町","town":"岡崎（烏帽子「榛名湖畔」）"}],"3321":[{"pref":"群馬県","city":"吾妻郡東吾妻町","town":"泉沢（烏帽子「榛名湖畔」、烏帽子国有林７７林班）"}],"3322":[{"pref":"群馬県","city":"吾妻郡東吾妻町","town":"川戸（烏帽子「榛名湖畔」）"}],"3331":[{"pref":"群馬県","city":"高崎市","town":"十文字町"}],"3332":[{"pref":"群馬県","city":"高崎市","town":"白岩町"}],"3333":[{"pref":"群馬県","city":"高崎市","town":"高浜町"}],"3334":[{"pref":"群馬県","city":"高崎市","town":"本郷町"}],"3335":[{"pref":"群馬県","city":"高崎市","town":"上大島町"}],"3336":[{"pref":"群馬県","city":"高崎市","town":"神戸町"}],"3337":[{"pref":"群馬県","city":"高崎市","town":"三ツ子沢町"}],"3338":[{"pref":"群馬県","city":"高崎市","town":"宮沢町"}],"3341":[{"pref":"群馬県","city":"高崎市","town":"榛名山町"}],"3342":[{"pref":"群馬県","city":"高崎市","town":"下室田町"}],"3343":[{"pref":"群馬県","city":"高崎市","town":"下里見町"}],"3344":[{"pref":"群馬県","city":"高崎市","town":"中里見町"}],"3345":[{"pref":"群馬県","city":"高崎市","town":"上里見町"}],"3346":[{"pref":"群馬県","city":"高崎市","town":"上室田町"}],"3347":[{"pref":"群馬県","city":"高崎市","town":"中室田町"}],"3348":[{"pref":"群馬県","city":"高崎市","town":"榛名湖町"}],"3401":[{"pref":"群馬県","city":"高崎市","town":"倉渕町権田"}],"3402":[{"pref":"群馬県","city":"高崎市","town":"倉渕町三ノ倉"}],"3403":[{"pref":"群馬県","city":"高崎市","town":"倉渕町水沼"}],"3404":[{"pref":"群馬県","city":"高崎市","town":"倉渕町岩氷"}],"3405":[{"pref":"群馬県","city":"高崎市","town":"倉渕町川浦"}],"3500":[{"pref":"群馬県","city":"北群馬郡榛東村","town":"以下に掲載がない場合"}],"3501":[{"pref":"群馬県","city":"北群馬郡榛東村","town":"長岡"}],"3502":[{"pref":"群馬県","city":"北群馬郡榛東村","town":"山子田"}],"3503":[{"pref":"群馬県","city":"北群馬郡榛東村","town":"新井"}],"3504":[{"pref":"群馬県","city":"北群馬郡榛東村","town":"広馬場"}],"3505":[{"pref":"群馬県","city":"北群馬郡榛東村","town":"上野原"}],"3511":[{"pref":"群馬県","city":"高崎市","town":"金古町"}],"3512":[{"pref":"群馬県","city":"高崎市","town":"西国分町"}],"3513":[{"pref":"群馬県","city":"高崎市","town":"北原町"}],"3514":[{"pref":"群馬県","city":"高崎市","town":"東国分町"}],"3515":[{"pref":"群馬県","city":"高崎市","town":"塚田町"}],"3516":[{"pref":"群馬県","city":"高崎市","town":"稲荷台町"}],"3517":[{"pref":"群馬県","city":"高崎市","town":"引間町"}],"3518":[{"pref":"群馬県","city":"高崎市","town":"後疋間町"}],"3519":[{"pref":"群馬県","city":"高崎市","town":"冷水町"}],"3521":[{"pref":"群馬県","city":"高崎市","town":"棟高町"}],"3522":[{"pref":"群馬県","city":"高崎市","town":"菅谷町"}],"3523":[{"pref":"群馬県","city":"高崎市","town":"福島町"}],"3524":[{"pref":"群馬県","city":"高崎市","town":"中泉町"}],"3525":[{"pref":"群馬県","city":"高崎市","town":"三ツ寺町"}],"3531":[{"pref":"群馬県","city":"高崎市","town":"足門町"}],"3532":[{"pref":"群馬県","city":"高崎市","town":"中里町"}],"3533":[{"pref":"群馬県","city":"高崎市","town":"保渡田町"}],"3534":[{"pref":"群馬県","city":"高崎市","town":"井出町"}],"3571":[{"pref":"群馬県","city":"前橋市","town":"池端町"}],"3572":[{"pref":"群馬県","city":"前橋市","town":"上青梨子町"}],"3573":[{"pref":"群馬県","city":"前橋市","town":"青梨子町"}],"3574":[{"pref":"群馬県","city":"前橋市","town":"清野町"}],"3600":[{"pref":"群馬県","city":"北群馬郡吉岡町","town":"以下に掲載がない場合"}],"3601":[{"pref":"群馬県","city":"北群馬郡吉岡町","town":"漆原"}],"3602":[{"pref":"群馬県","city":"北群馬郡吉岡町","town":"大久保"}],"3603":[{"pref":"群馬県","city":"北群馬郡吉岡町","town":"陣場"}],"3604":[{"pref":"群馬県","city":"北群馬郡吉岡町","town":"南下"}],"3605":[{"pref":"群馬県","city":"北群馬郡吉岡町","town":"北下"}],"3606":[{"pref":"群馬県","city":"北群馬郡吉岡町","town":"上野田"}],"3607":[{"pref":"群馬県","city":"北群馬郡吉岡町","town":"小倉"}],"3608":[{"pref":"群馬県","city":"北群馬郡吉岡町","town":"下野田"}],"0000":[{"pref":"群馬県","city":"高崎市","town":"以下に掲載がない場合"}],"0811":[{"pref":"群馬県","city":"高崎市","town":"相生町"}],"0818":[{"pref":"群馬県","city":"高崎市","town":"赤坂町"}],"0052":[{"pref":"群馬県","city":"高崎市","town":"旭町"}],"0045":[{"pref":"群馬県","city":"高崎市","town":"東町"}],"0831":[{"pref":"群馬県","city":"高崎市","town":"あら町"}],"0063":[{"pref":"群馬県","city":"高崎市","town":"飯玉町"}],"0069":[{"pref":"群馬県","city":"高崎市","town":"飯塚町"}],"0864":[{"pref":"群馬県","city":"高崎市","town":"石原町"}],"0062":[{"pref":"群馬県","city":"高崎市","town":"稲荷町"}],"0004":[{"pref":"群馬県","city":"高崎市","town":"井野町"}],"0044":[{"pref":"群馬県","city":"高崎市","town":"岩押町"}],"0067":[{"pref":"群馬県","city":"高崎市","town":"請地町"}],"0807":[{"pref":"群馬県","city":"高崎市","town":"歌川町"}],"0046":[{"pref":"群馬県","city":"高崎市","town":"江木町"}],"0012":[{"pref":"群馬県","city":"高崎市","town":"大沢町"}],"0803":[{"pref":"群馬県","city":"高崎市","town":"大橋町"}],"0072":[{"pref":"群馬県","city":"高崎市","town":"大八木町"}],"0086":[{"pref":"群馬県","city":"高崎市","town":"沖町"}],"0042":[{"pref":"群馬県","city":"高崎市","town":"貝沢町"}],"0838":[{"pref":"群馬県","city":"高崎市","town":"鍛冶町"}],"0862":[{"pref":"群馬県","city":"高崎市","town":"片岡町"}],"0814":[{"pref":"群馬県","city":"高崎市","town":"嘉多町"}],"0882":[{"pref":"群馬県","city":"高崎市","town":"金井淵町"}],"0031":[{"pref":"群馬県","city":"高崎市","town":"上大類町"}],"0078":[{"pref":"群馬県","city":"高崎市","town":"上小鳥町"}],"0077":[{"pref":"群馬県","city":"高崎市","town":"上小塙町"}],"0857":[{"pref":"群馬県","city":"高崎市","town":"上佐野町"}],"0027":[{"pref":"群馬県","city":"高崎市","town":"上滝町"}],"0871":[{"pref":"群馬県","city":"高崎市","town":"上豊岡町"}],"0851":[{"pref":"群馬県","city":"高崎市","town":"上中居町"}],"0801":[{"pref":"群馬県","city":"高崎市","town":"上並榎町"}],"0806":[{"pref":"群馬県","city":"高崎市","town":"上和田町"}],"0084":[{"pref":"群馬県","city":"高崎市","town":"菊地町"}],"0082":[{"pref":"群馬県","city":"高崎市","town":"北新波町"}],"0872":[{"pref":"群馬県","city":"高崎市","town":"北久保町"}],"0056":[{"pref":"群馬県","city":"高崎市","town":"北通町"}],"0842":[{"pref":"群馬県","city":"高崎市","town":"北双葉町"}],"0011":[{"pref":"群馬県","city":"高崎市","town":"京目町"}],"0088":[{"pref":"群馬県","city":"高崎市","town":"行力町"}],"0058":[{"pref":"群馬県","city":"高崎市","town":"九蔵町"}],"0883":[{"pref":"群馬県","city":"高崎市","town":"剣崎町"}],"0071":[{"pref":"群馬県","city":"高崎市","town":"小八木町"}],"0841":[{"pref":"群馬県","city":"高崎市","town":"栄町"}],"0856":[{"pref":"群馬県","city":"高崎市","town":"佐野窪町"}],"0827":[{"pref":"群馬県","city":"高崎市","town":"鞘町"}],"0845":[{"pref":"群馬県","city":"高崎市","town":"新後閑町"}],"0035":[{"pref":"群馬県","city":"高崎市","town":"柴崎町"}],"0064":[{"pref":"群馬県","city":"高崎市","town":"芝塚町"}],"0015":[{"pref":"群馬県","city":"高崎市","town":"島野町"}],"0886":[{"pref":"群馬県","city":"高崎市","town":"下大島町"}],"0034":[{"pref":"群馬県","city":"高崎市","town":"下大類町"}],"0074":[{"pref":"群馬県","city":"高崎市","town":"下小鳥町"}],"0076":[{"pref":"群馬県","city":"高崎市","town":"下小塙町"}],"0025":[{"pref":"群馬県","city":"高崎市","town":"下斉田町"}],"0855":[{"pref":"群馬県","city":"高崎市","town":"下佐野町"}],"0026":[{"pref":"群馬県","city":"高崎市","town":"下滝町"}],"0873":[{"pref":"群馬県","city":"高崎市","town":"下豊岡町"}],"0853":[{"pref":"群馬県","city":"高崎市","town":"下中居町"}],"0854":[{"pref":"群馬県","city":"高崎市","town":"下之城町"}],"0837":[{"pref":"群馬県","city":"高崎市","town":"下横町"}],"0846":[{"pref":"群馬県","city":"高崎市","town":"下和田町"}],"0032":[{"pref":"群馬県","city":"高崎市","town":"宿大類町"}],"0022":[{"pref":"群馬県","city":"高崎市","town":"宿横手町"}],"0008":[{"pref":"群馬県","city":"高崎市","town":"正観寺町"}],"0068":[{"pref":"群馬県","city":"高崎市","town":"昭和町"}],"0825":[{"pref":"群馬県","city":"高崎市","town":"白銀町"}],"0866":[{"pref":"群馬県","city":"高崎市","town":"城山町"}],"0821":[{"pref":"群馬県","city":"高崎市","town":"新紺屋町"}],"0054":[{"pref":"群馬県","city":"高崎市","town":"真町"}],"0833":[{"pref":"群馬県","city":"高崎市","town":"新田町"}],"0003":[{"pref":"群馬県","city":"高崎市","town":"新保田中町"}],"0018":[{"pref":"群馬県","city":"高崎市","town":"新保町"}],"0065":[{"pref":"群馬県","city":"高崎市","town":"末広町"}],"0832":[{"pref":"群馬県","city":"高崎市","town":"砂賀町"}],"0804":[{"pref":"群馬県","city":"高崎市","town":"住吉町"}],"0817":[{"pref":"群馬県","city":"高崎市","town":"堰代町"}],"0805":[{"pref":"群馬県","city":"高崎市","town":"台町"}],"0047":[{"pref":"群馬県","city":"高崎市","town":"高砂町"}],"0043":[{"pref":"群馬県","city":"高崎市","town":"高関町"}],"0829":[{"pref":"群馬県","city":"高崎市","town":"高松町"}],"0835":[{"pref":"群馬県","city":"高崎市","town":"竜見町"}],"0824":[{"pref":"群馬県","city":"高崎市","town":"田町"}],"0075":[{"pref":"群馬県","city":"高崎市","town":"筑縄町"}],"0059":[{"pref":"群馬県","city":"高崎市","town":"椿町"}],"0848":[{"pref":"群馬県","city":"高崎市","town":"鶴見町"}],"0865":[{"pref":"群馬県","city":"高崎市","town":"寺尾町"}],"0061":[{"pref":"群馬県","city":"高崎市","town":"天神町"}],"0053":[{"pref":"群馬県","city":"高崎市","town":"通町"}],"0816":[{"pref":"群馬県","city":"高崎市","town":"常盤町"}],"0006":[{"pref":"群馬県","city":"高崎市","town":"問屋町"}],"0007":[{"pref":"群馬県","city":"高崎市","town":"問屋町西"}],"0852":[{"pref":"群馬県","city":"高崎市","town":"中居町"}],"0033":[{"pref":"群馬県","city":"高崎市","town":"中大類町"}],"0001":[{"pref":"群馬県","city":"高崎市","town":"中尾町"}],"0823":[{"pref":"群馬県","city":"高崎市","town":"中紺屋町"}],"0023":[{"pref":"群馬県","city":"高崎市","town":"中島町"}],"0874":[{"pref":"群馬県","city":"高崎市","town":"中豊岡町"}],"0802":[{"pref":"群馬県","city":"高崎市","town":"並榎町"}],"0812":[{"pref":"群馬県","city":"高崎市","town":"成田町"}],"0017":[{"pref":"群馬県","city":"高崎市","town":"西島町"}],"0021":[{"pref":"群馬県","city":"高崎市","town":"西横手町"}],"0048":[{"pref":"群馬県","city":"高崎市","town":"日光町"}],"0867":[{"pref":"群馬県","city":"高崎市","town":"乗附町"}],"0013":[{"pref":"群馬県","city":"高崎市","town":"萩原町"}],"0868":[{"pref":"群馬県","city":"高崎市","town":"鼻高町"}],"0081":[{"pref":"群馬県","city":"高崎市","town":"浜川町"}],"0005":[{"pref":"群馬県","city":"高崎市","town":"浜尻町"}],"0041":[{"pref":"群馬県","city":"高崎市","town":"東貝沢町"}],"0863":[{"pref":"群馬県","city":"高崎市","town":"聖石町"}],"0002":[{"pref":"群馬県","city":"高崎市","town":"日高町"}],"0839":[{"pref":"群馬県","city":"高崎市","town":"檜物町"}],"0875":[{"pref":"群馬県","city":"高崎市","town":"藤塚町"}],"0843":[{"pref":"群馬県","city":"高崎市","town":"双葉町"}],"0881":[{"pref":"群馬県","city":"高崎市","town":"町屋町"}],"0073":[{"pref":"群馬県","city":"高崎市","town":"緑町"}],"0083":[{"pref":"群馬県","city":"高崎市","town":"南新波町"}],"0036":[{"pref":"群馬県","city":"高崎市","town":"南大類町"}],"0834":[{"pref":"群馬県","city":"高崎市","town":"南町"}],"0828":[{"pref":"群馬県","city":"高崎市","town":"宮元町"}],"0057":[{"pref":"群馬県","city":"高崎市","town":"元紺屋町"}],"0014":[{"pref":"群馬県","city":"高崎市","town":"元島名町"}],"0813":[{"pref":"群馬県","city":"高崎市","town":"本町"}],"0849":[{"pref":"群馬県","city":"高崎市","town":"八島町"}],"0016":[{"pref":"群馬県","city":"高崎市","town":"矢島町"}],"0861":[{"pref":"群馬県","city":"高崎市","town":"八千代町"}],"0815":[{"pref":"群馬県","city":"高崎市","town":"柳川町"}],"0066":[{"pref":"群馬県","city":"高崎市","town":"山田町"}],"0024":[{"pref":"群馬県","city":"高崎市","town":"八幡原町"}],"0884":[{"pref":"群馬県","city":"高崎市","town":"八幡町"}],"0051":[{"pref":"群馬県","city":"高崎市","town":"弓町"}],"0819":[{"pref":"群馬県","city":"高崎市","town":"四ツ屋町"}],"0822":[{"pref":"群馬県","city":"高崎市","town":"寄合町"}],"0055":[{"pref":"群馬県","city":"高崎市","town":"羅漢町"}],"0087":[{"pref":"群馬県","city":"高崎市","town":"楽間町"}],"0826":[{"pref":"群馬県","city":"高崎市","town":"連雀町"}],"0885":[{"pref":"群馬県","city":"高崎市","town":"若田町"}],"0836":[{"pref":"群馬県","city":"高崎市","town":"若松町"}],"0085":[{"pref":"群馬県","city":"高崎市","town":"我峰町"}],"0844":[{"pref":"群馬県","city":"高崎市","town":"和田多中町"}],"0847":[{"pref":"群馬県","city":"高崎市","town":"和田町"}],"0124":[{"pref":"群馬県","city":"伊勢崎市","town":"境"}],"0123":[{"pref":"群馬県","city":"伊勢崎市","town":"境東"}],"0105":[{"pref":"群馬県","city":"伊勢崎市","town":"境伊与久"}],"0135":[{"pref":"群馬県","city":"伊勢崎市","town":"境小此木"}],"0121":[{"pref":"群馬県","city":"伊勢崎市","town":"境女塚"}],"0127":[{"pref":"群馬県","city":"伊勢崎市","town":"境上武士"}],"0102":[{"pref":"群馬県","city":"伊勢崎市","town":"境上渕名"}],"0111":[{"pref":"群馬県","city":"伊勢崎市","town":"境上矢島"}],"0104":[{"pref":"群馬県","city":"伊勢崎市","town":"境木島"}],"0122":[{"pref":"群馬県","city":"伊勢崎市","town":"境栄"}],"0134":[{"pref":"群馬県","city":"伊勢崎市","town":"境島村"}],"0126":[{"pref":"群馬県","city":"伊勢崎市","town":"境下武士"}],"0103":[{"pref":"群馬県","city":"伊勢崎市","town":"境下渕名"}],"0114":[{"pref":"群馬県","city":"伊勢崎市","town":"境新栄"}],"0117":[{"pref":"群馬県","city":"伊勢崎市","town":"境百々"}],"0116":[{"pref":"群馬県","city":"伊勢崎市","town":"境百々東"}],"0133":[{"pref":"群馬県","city":"伊勢崎市","town":"境中島"}],"0112":[{"pref":"群馬県","city":"伊勢崎市","town":"境西今井"}],"0125":[{"pref":"群馬県","city":"伊勢崎市","town":"境萩原"}],"0101":[{"pref":"群馬県","city":"伊勢崎市","town":"境東新井"}],"0132":[{"pref":"群馬県","city":"伊勢崎市","town":"境平塚"}],"0128":[{"pref":"群馬県","city":"伊勢崎市","town":"境保泉"}],"0113":[{"pref":"群馬県","city":"伊勢崎市","town":"境三ツ木"}],"0115":[{"pref":"群馬県","city":"伊勢崎市","town":"境美原"}],"0131":[{"pref":"群馬県","city":"伊勢崎市","town":"境米岡"}],"0402":[{"pref":"群馬県","city":"太田市","town":"阿久津町"}],"0422":[{"pref":"群馬県","city":"太田市","town":"安養寺町"}],"0424":[{"pref":"群馬県","city":"太田市","town":"出塚町"}],"0403":[{"pref":"群馬県","city":"太田市","town":"岩松町"}],"0423":[{"pref":"群馬県","city":"太田市","town":"大舘町"}],"0405":[{"pref":"群馬県","city":"太田市","town":"押切町"}],"0401":[{"pref":"群馬県","city":"太田市","town":"尾島町"}],"0421":[{"pref":"群馬県","city":"太田市","town":"粕川町"}],"0411":[{"pref":"群馬県","city":"太田市","town":"亀岡町"}],"0427":[{"pref":"群馬県","city":"太田市","town":"小角田町"}],"0413":[{"pref":"群馬県","city":"太田市","town":"すずかけ町"}],"0426":[{"pref":"群馬県","city":"太田市","town":"世良田町"}],"0412":[{"pref":"群馬県","city":"太田市","town":"太子町"}],"0425":[{"pref":"群馬県","city":"太田市","town":"徳川町"}],"0331":[{"pref":"群馬県","city":"太田市","town":"新田赤堀町"}],"0304":[{"pref":"群馬県","city":"太田市","town":"新田市町"}],"0314":[{"pref":"群馬県","city":"太田市","town":"新田市野井町"}],"0306":[{"pref":"群馬県","city":"太田市","town":"新田市野倉町"}],"0351":[{"pref":"群馬県","city":"太田市","town":"新田大町"}],"0347":[{"pref":"群馬県","city":"太田市","town":"新田大根町"}],"0341":[{"pref":"群馬県","city":"太田市","town":"新田金井町"}],"0352":[{"pref":"群馬県","city":"太田市","town":"新田嘉祢町"}],"0342":[{"pref":"群馬県","city":"太田市","town":"新田上江田町"}],"0346":[{"pref":"群馬県","city":"太田市","town":"新田上田中町"}],"0353":[{"pref":"群馬県","city":"太田市","town":"新田上中町"}],"0321":[{"pref":"群馬県","city":"太田市","town":"新田木崎町"}],"0303":[{"pref":"群馬県","city":"太田市","town":"新田小金井町"}],"0302":[{"pref":"群馬県","city":"太田市","town":"新田小金町"}],"0355":[{"pref":"群馬県","city":"太田市","town":"新田権右衛門町"}],"0333":[{"pref":"群馬県","city":"太田市","town":"新田下江田町"}],"0343":[{"pref":"群馬県","city":"太田市","town":"新田下田中町"}],"0313":[{"pref":"群馬県","city":"太田市","town":"新田反町町"}],"0334":[{"pref":"群馬県","city":"太田市","town":"新田高尾町"}],"0305":[{"pref":"群馬県","city":"太田市","town":"新田多村新田町"}],"0354":[{"pref":"群馬県","city":"太田市","town":"新田溜池町"}],"0301":[{"pref":"群馬県","city":"太田市","town":"新田天良町"}],"0332":[{"pref":"群馬県","city":"太田市","town":"新田中江田町"}],"0356":[{"pref":"群馬県","city":"太田市","town":"新田萩町"}],"0345":[{"pref":"群馬県","city":"太田市","town":"新田花香塚町"}],"0344":[{"pref":"群馬県","city":"太田市","town":"新田早川町"}],"0311":[{"pref":"群馬県","city":"太田市","town":"新田瑞木町"}],"0312":[{"pref":"群馬県","city":"太田市","town":"新田村田町"}],"0404":[{"pref":"群馬県","city":"太田市","town":"備前島町"}],"0417":[{"pref":"群馬県","city":"太田市","town":"二ツ小屋町"}],"0414":[{"pref":"群馬県","city":"太田市","town":"堀口町"}],"0406":[{"pref":"群馬県","city":"太田市","town":"前小屋町"}],"0416":[{"pref":"群馬県","city":"太田市","town":"前島町"}],"0415":[{"pref":"群馬県","city":"太田市","town":"南ケ丘町"}],"0418":[{"pref":"群馬県","city":"太田市","town":"武蔵島町"}],"0700":[{"pref":"群馬県","city":"邑楽郡明和町","town":"以下に掲載がない場合"}],"0711":[{"pref":"群馬県","city":"邑楽郡明和町","town":"入ケ谷"}],"0714":[{"pref":"群馬県","city":"邑楽郡明和町","town":"梅原"}],"0706":[{"pref":"群馬県","city":"邑楽郡明和町","town":"江口"}],"0715":[{"pref":"群馬県","city":"邑楽郡明和町","town":"大佐貫"}],"0718":[{"pref":"群馬県","city":"邑楽郡明和町","town":"大輪"}],"0702":[{"pref":"群馬県","city":"邑楽郡明和町","town":"上江黒"}],"0716":[{"pref":"群馬県","city":"邑楽郡明和町","town":"川俣"}],"0703":[{"pref":"群馬県","city":"邑楽郡明和町","town":"下江黒"}],"0717":[{"pref":"群馬県","city":"邑楽郡明和町","town":"須賀"}],"0705":[{"pref":"群馬県","city":"邑楽郡明和町","town":"千津井"}],"0707":[{"pref":"群馬県","city":"邑楽郡明和町","town":"田島"}],"0704":[{"pref":"群馬県","city":"邑楽郡明和町","town":"斗合田"}],"0713":[{"pref":"群馬県","city":"邑楽郡明和町","town":"中谷"}],"0708":[{"pref":"群馬県","city":"邑楽郡明和町","town":"新里"}],"0701":[{"pref":"群馬県","city":"邑楽郡明和町","town":"南大島"}],"0712":[{"pref":"群馬県","city":"邑楽郡明和町","town":"矢島"}],"0500":[{"pref":"群馬県","city":"邑楽郡千代田町","town":"以下に掲載がない場合"},{"pref":"群馬県","city":"邑楽郡大泉町","town":"以下に掲載がない場合"}],"0503":[{"pref":"群馬県","city":"邑楽郡千代田町","town":"赤岩"}],"0506":[{"pref":"群馬県","city":"邑楽郡千代田町","town":"赤岩西"}],"0726":[{"pref":"群馬県","city":"邑楽郡千代田町","town":"上五箇"}],"0725":[{"pref":"群馬県","city":"邑楽郡千代田町","town":"上中森"}],"0722":[{"pref":"群馬県","city":"邑楽郡千代田町","town":"萱野"}],"0721":[{"pref":"群馬県","city":"邑楽郡千代田町","town":"木崎"}],"0724":[{"pref":"群馬県","city":"邑楽郡千代田町","town":"下中森"}],"0723":[{"pref":"群馬県","city":"邑楽郡千代田町","town":"昭和"}],"0505":[{"pref":"群馬県","city":"邑楽郡千代田町","town":"新福寺"}],"0727":[{"pref":"群馬県","city":"邑楽郡千代田町","town":"瀬戸井"}],"0502":[{"pref":"群馬県","city":"邑楽郡千代田町","town":"鍋谷"}],"0501":[{"pref":"群馬県","city":"邑楽郡千代田町","town":"福島"}],"0504":[{"pref":"群馬県","city":"邑楽郡千代田町","town":"舞木"}],"0507":[{"pref":"群馬県","city":"邑楽郡千代田町","town":"舞木東"}],"0514":[{"pref":"群馬県","city":"邑楽郡大泉町","town":"朝日"}],"0531":[{"pref":"群馬県","city":"邑楽郡大泉町","town":"いずみ"}],"0534":[{"pref":"群馬県","city":"邑楽郡大泉町","town":"丘山"}],"0512":[{"pref":"群馬県","city":"邑楽郡大泉町","town":"上小泉"}],"0511":[{"pref":"群馬県","city":"邑楽郡大泉町","town":"北小泉"}],"0524":[{"pref":"群馬県","city":"邑楽郡大泉町","town":"古海"}],"0532":[{"pref":"群馬県","city":"邑楽郡大泉町","town":"坂田"}],"0515":[{"pref":"群馬県","city":"邑楽郡大泉町","town":"下小泉"}],"0518":[{"pref":"群馬県","city":"邑楽郡大泉町","town":"城之内"}],"0521":[{"pref":"群馬県","city":"邑楽郡大泉町","town":"住吉"}],"0533":[{"pref":"群馬県","city":"邑楽郡大泉町","town":"仙石"}],"0516":[{"pref":"群馬県","city":"邑楽郡大泉町","town":"中央"}],"0517":[{"pref":"群馬県","city":"邑楽郡大泉町","town":"西小泉"}],"0513":[{"pref":"群馬県","city":"邑楽郡大泉町","town":"東小泉"}],"0525":[{"pref":"群馬県","city":"邑楽郡大泉町","town":"日の出"}],"0522":[{"pref":"群馬県","city":"邑楽郡大泉町","town":"富士"}],"0536":[{"pref":"群馬県","city":"邑楽郡大泉町","town":"古氷"}],"0523":[{"pref":"群馬県","city":"邑楽郡大泉町","town":"吉田"}],"0535":[{"pref":"群馬県","city":"邑楽郡大泉町","town":"寄木戸"}],"0600":[{"pref":"群馬県","city":"邑楽郡邑楽町","town":"以下に掲載がない場合"}],"0614":[{"pref":"群馬県","city":"邑楽郡邑楽町","town":"赤堀"}],"0606":[{"pref":"群馬県","city":"邑楽郡邑楽町","town":"秋妻"}],"0602":[{"pref":"群馬県","city":"邑楽郡邑楽町","town":"明野"}],"0604":[{"pref":"群馬県","city":"邑楽郡邑楽町","town":"石打"}],"0601":[{"pref":"群馬県","city":"邑楽郡邑楽町","town":"鶉"}],"0611":[{"pref":"群馬県","city":"邑楽郡邑楽町","town":"鶉新田"}],"0616":[{"pref":"群馬県","city":"邑楽郡邑楽町","town":"光善寺"}],"0615":[{"pref":"群馬県","city":"邑楽郡邑楽町","town":"篠塚"}],"0612":[{"pref":"群馬県","city":"邑楽郡邑楽町","town":"新中野"}],"0603":[{"pref":"群馬県","city":"邑楽郡邑楽町","town":"中野"}],"0605":[{"pref":"群馬県","city":"邑楽郡邑楽町","town":"藤川"}],"0613":[{"pref":"群馬県","city":"邑楽郡邑楽町","town":"狸塚"}]}