{"0813":[{"pref":"沖縄県","city":"那覇市","town":"首里赤田町"}],"0811":[{"pref":"沖縄県","city":"那覇市","town":"首里赤平町"}],"0824":[{"pref":"沖縄県","city":"那覇市","town":"首里池端町"}],"0804":[{"pref":"沖縄県","city":"那覇市","town":"首里石嶺町"}],"0823":[{"pref":"沖縄県","city":"那覇市","town":"首里大中町"}],"0802":[{"pref":"沖縄県","city":"那覇市","town":"首里大名町"}],"0815":[{"pref":"沖縄県","city":"那覇市","town":"首里金城町"}],"0821":[{"pref":"沖縄県","city":"那覇市","town":"首里儀保町"}],"0807":[{"pref":"沖縄県","city":"那覇市","town":"首里久場川町"}],"0814":[{"pref":"沖縄県","city":"那覇市","town":"首里崎山町"}],"0826":[{"pref":"沖縄県","city":"那覇市","town":"首里寒川町"}],"0801":[{"pref":"沖縄県","city":"那覇市","town":"首里末吉町"}],"0803":[{"pref":"沖縄県","city":"那覇市","town":"首里平良町"}],"0806":[{"pref":"沖縄県","city":"那覇市","town":"首里汀良町"}],"0812":[{"pref":"沖縄県","city":"那覇市","town":"首里当蔵町"}],"0822":[{"pref":"沖縄県","city":"那覇市","town":"首里桃原町"}],"0805":[{"pref":"沖縄県","city":"那覇市","town":"首里鳥堀町"}],"0816":[{"pref":"沖縄県","city":"那覇市","town":"首里真和志町"}],"0825":[{"pref":"沖縄県","city":"那覇市","town":"首里山川町"}],"0100":[{"pref":"沖縄県","city":"中頭郡西原町","town":"以下に掲載がない場合"}],"0105":[{"pref":"沖縄県","city":"中頭郡西原町","town":"東崎"}],"0113":[{"pref":"沖縄県","city":"中頭郡西原町","town":"安室"}],"0115":[{"pref":"沖縄県","city":"中頭郡西原町","town":"池田"}],"0125":[{"pref":"沖縄県","city":"中頭郡西原町","town":"上原"}],"0121":[{"pref":"沖縄県","city":"中頭郡西原町","town":"内間"}],"0117":[{"pref":"沖縄県","city":"中頭郡西原町","town":"翁長"}],"0103":[{"pref":"沖縄県","city":"中頭郡西原町","town":"小那覇"}],"0101":[{"pref":"沖縄県","city":"中頭郡西原町","town":"掛保久"}],"0112":[{"pref":"沖縄県","city":"中頭郡西原町","town":"我謝"}],"0102":[{"pref":"沖縄県","city":"中頭郡西原町","town":"嘉手苅"}],"0104":[{"pref":"沖縄県","city":"中頭郡西原町","town":"兼久"}],"0116":[{"pref":"沖縄県","city":"中頭郡西原町","town":"幸地"}],"0122":[{"pref":"沖縄県","city":"中頭郡西原町","town":"小橋川"}],"0118":[{"pref":"沖縄県","city":"中頭郡西原町","town":"小波津"}],"0124":[{"pref":"沖縄県","city":"中頭郡西原町","town":"呉屋"}],"0129":[{"pref":"沖縄県","city":"中頭郡西原町","town":"千原"}],"0126":[{"pref":"沖縄県","city":"中頭郡西原町","town":"棚原"}],"0123":[{"pref":"沖縄県","city":"中頭郡西原町","town":"津花波"}],"0114":[{"pref":"沖縄県","city":"中頭郡西原町","town":"桃原"}],"0127":[{"pref":"沖縄県","city":"中頭郡西原町","town":"徳佐田"}],"0128":[{"pref":"沖縄県","city":"中頭郡西原町","town":"森川"}],"0111":[{"pref":"沖縄県","city":"中頭郡西原町","town":"与那城"}]}