{"0201":[{"pref":"長野県","city":"木曽郡王滝村","town":"王滝村一円"}],"0000":[{"pref":"長野県","city":"木曽郡木曽町","town":"以下に掲載がない場合"}],"0301":[{"pref":"長野県","city":"木曽郡木曽町","town":"開田高原末川"}],"0302":[{"pref":"長野県","city":"木曽郡木曽町","town":"開田高原西野"}],"0002":[{"pref":"長野県","city":"木曽郡木曽町","town":"新開"}],"0003":[{"pref":"長野県","city":"木曽郡木曽町","town":"新開福"}],"0001":[{"pref":"長野県","city":"木曽郡木曽町","town":"福島"}],"0101":[{"pref":"長野県","city":"木曽郡木曽町","town":"三岳"}]}