{"0000":[{"pref":"福岡県","city":"中間市","town":"以下に掲載がない場合"}],"0021":[{"pref":"福岡県","city":"中間市","town":"朝霧"}],"0024":[{"pref":"福岡県","city":"中間市","town":"池田"}],"0011":[{"pref":"福岡県","city":"中間市","town":"岩瀬"}],"0041":[{"pref":"福岡県","city":"中間市","town":"岩瀬西町"}],"0023":[{"pref":"福岡県","city":"中間市","town":"扇ケ浦"}],"0026":[{"pref":"福岡県","city":"中間市","town":"大辻町"}],"0039":[{"pref":"福岡県","city":"中間市","town":"大根土"}],"0031":[{"pref":"福岡県","city":"中間市","town":"小田ケ浦"}],"0003":[{"pref":"福岡県","city":"中間市","town":"上底井野"}],"0013":[{"pref":"福岡県","city":"中間市","town":"上蓮花寺"}],"0017":[{"pref":"福岡県","city":"中間市","town":"桜台"}],"0004":[{"pref":"福岡県","city":"中間市","town":"下大隈"}],"0012":[{"pref":"福岡県","city":"中間市","town":"下蓮花寺"}],"0038":[{"pref":"福岡県","city":"中間市","town":"浄花町"}],"0015":[{"pref":"福岡県","city":"中間市","town":"太賀"}],"0030":[{"pref":"福岡県","city":"中間市","town":"中央"}],"0018":[{"pref":"福岡県","city":"中間市","town":"通谷"}],"0033":[{"pref":"福岡県","city":"中間市","town":"土手ノ内"}],"0032":[{"pref":"福岡県","city":"中間市","town":"中尾"}],"0002":[{"pref":"福岡県","city":"中間市","town":"中底井野"}],"0036":[{"pref":"福岡県","city":"中間市","town":"長津"}],"0037":[{"pref":"福岡県","city":"中間市","town":"中鶴"}],"0034":[{"pref":"福岡県","city":"中間市","town":"中間"}],"0027":[{"pref":"福岡県","city":"中間市","town":"七重町"}],"0022":[{"pref":"福岡県","city":"中間市","town":"鍋山町"}],"0001":[{"pref":"福岡県","city":"中間市","town":"垣生"}],"0019":[{"pref":"福岡県","city":"中間市","town":"東中間"}],"0025":[{"pref":"福岡県","city":"中間市","town":"深坂"}],"0016":[{"pref":"福岡県","city":"中間市","town":"星ケ丘"}],"0035":[{"pref":"福岡県","city":"中間市","town":"松ケ岡"}],"0028":[{"pref":"福岡県","city":"中間市","town":"弥生"}],"0014":[{"pref":"福岡県","city":"中間市","town":"蓮花寺"}]}