{"0000":[{"pref":"神奈川県","city":"川崎市幸区","town":"以下に掲載がない場合"}],"0006":[{"pref":"神奈川県","city":"川崎市幸区","town":"遠藤町"}],"0014":[{"pref":"神奈川県","city":"川崎市幸区","town":"大宮町"}],"0054":[{"pref":"神奈川県","city":"川崎市幸区","town":"小倉"}],"0058":[{"pref":"神奈川県","city":"川崎市幸区","town":"鹿島田"}],"0007":[{"pref":"神奈川県","city":"川崎市幸区","town":"河原町"}],"0057":[{"pref":"神奈川県","city":"川崎市幸区","town":"北加瀬"}],"0001":[{"pref":"神奈川県","city":"川崎市幸区","town":"小向東芝町"}],"0002":[{"pref":"神奈川県","city":"川崎市幸区","town":"小向仲野町"}],"0004":[{"pref":"神奈川県","city":"川崎市幸区","town":"小向西町"}],"0003":[{"pref":"神奈川県","city":"川崎市幸区","town":"小向町"}],"0026":[{"pref":"神奈川県","city":"川崎市幸区","town":"紺屋町"}],"0011":[{"pref":"神奈川県","city":"川崎市幸区","town":"幸町"}],"0053":[{"pref":"神奈川県","city":"川崎市幸区","town":"下平間"}],"0031":[{"pref":"神奈川県","city":"川崎市幸区","town":"新小倉"}],"0032":[{"pref":"神奈川県","city":"川崎市幸区","town":"新川崎"}],"0027":[{"pref":"神奈川県","city":"川崎市幸区","town":"新塚越"}],"0022":[{"pref":"神奈川県","city":"川崎市幸区","town":"神明町"}],"0024":[{"pref":"神奈川県","city":"川崎市幸区","town":"塚越"}],"0005":[{"pref":"神奈川県","city":"川崎市幸区","town":"戸手"}],"0023":[{"pref":"神奈川県","city":"川崎市幸区","town":"戸手本町"}],"0012":[{"pref":"神奈川県","city":"川崎市幸区","town":"中幸町"}],"0033":[{"pref":"神奈川県","city":"川崎市幸区","town":"東小倉"}],"0051":[{"pref":"神奈川県","city":"川崎市幸区","town":"東古市場"}],"0052":[{"pref":"神奈川県","city":"川崎市幸区","town":"古市場"}],"0025":[{"pref":"神奈川県","city":"川崎市幸区","town":"古川町"}],"0013":[{"pref":"神奈川県","city":"川崎市幸区","town":"堀川町"}],"0055":[{"pref":"神奈川県","city":"川崎市幸区","town":"南加瀬"}],"0016":[{"pref":"神奈川県","city":"川崎市幸区","town":"南幸町"}],"0021":[{"pref":"神奈川県","city":"川崎市幸区","town":"都町"}],"0056":[{"pref":"神奈川県","city":"川崎市幸区","town":"矢上"}],"0015":[{"pref":"神奈川県","city":"川崎市幸区","town":"柳町"}]}