{"1101":[{"pref":"秋田県","city":"横手市","town":"山内大松川"}],"1102":[{"pref":"秋田県","city":"横手市","town":"山内小松川"}],"1103":[{"pref":"秋田県","city":"横手市","town":"山内黒沢"}],"1104":[{"pref":"秋田県","city":"横手市","town":"山内三又"}],"1105":[{"pref":"秋田県","city":"横手市","town":"山内南郷"}],"1106":[{"pref":"秋田県","city":"横手市","town":"山内平野沢"}],"1107":[{"pref":"秋田県","city":"横手市","town":"山内筏"}],"1108":[{"pref":"秋田県","city":"横手市","town":"山内土渕"}],"1109":[{"pref":"秋田県","city":"横手市","town":"山内大沢"}],"1231":[{"pref":"秋田県","city":"仙北郡美郷町","town":"南町"}],"1232":[{"pref":"秋田県","city":"仙北郡美郷町","town":"天神堂"}],"1233":[{"pref":"秋田県","city":"仙北郡美郷町","town":"境田"}],"1234":[{"pref":"秋田県","city":"仙北郡美郷町","town":"飯詰"}],"1235":[{"pref":"秋田県","city":"仙北郡美郷町","town":"金沢西根"}],"1236":[{"pref":"秋田県","city":"仙北郡美郷町","town":"上深井"}],"1237":[{"pref":"秋田県","city":"仙北郡美郷町","town":"佐野"}],"1301":[{"pref":"秋田県","city":"仙北郡美郷町","town":"野荒町"}],"1302":[{"pref":"秋田県","city":"仙北郡美郷町","town":"金沢"}],"1400":[{"pref":"秋田県","city":"仙北郡美郷町","town":"以下に掲載がない場合"}],"1401":[{"pref":"秋田県","city":"仙北郡美郷町","town":"鑓田"}],"1402":[{"pref":"秋田県","city":"仙北郡美郷町","town":"野中"}],"1403":[{"pref":"秋田県","city":"仙北郡美郷町","town":"六郷東根"}],"1404":[{"pref":"秋田県","city":"仙北郡美郷町","town":"六郷"}],"1501":[{"pref":"秋田県","city":"仙北郡美郷町","town":"浪花"}],"1502":[{"pref":"秋田県","city":"仙北郡美郷町","town":"千屋"}],"1511":[{"pref":"秋田県","city":"仙北郡美郷町","town":"黒沢"}],"1512":[{"pref":"秋田県","city":"仙北郡美郷町","town":"本堂城回"}],"1521":[{"pref":"秋田県","city":"仙北郡美郷町","town":"中野"}],"1522":[{"pref":"秋田県","city":"仙北郡美郷町","town":"金沢東根"}],"1531":[{"pref":"秋田県","city":"仙北郡美郷町","town":"畑屋"}],"1532":[{"pref":"秋田県","city":"仙北郡美郷町","town":"羽貫谷地"}],"1533":[{"pref":"秋田県","city":"仙北郡美郷町","town":"安城寺"}],"1541":[{"pref":"秋田県","city":"仙北郡美郷町","town":"土崎"}],"1542":[{"pref":"秋田県","city":"仙北郡美郷町","town":"小荒川"}],"1601":[{"pref":"秋田県","city":"大仙市","town":"太田町横沢"}],"1602":[{"pref":"秋田県","city":"大仙市","town":"太田町三本扇"}],"1603":[{"pref":"秋田県","city":"大仙市","town":"太田町中里"}],"1604":[{"pref":"秋田県","city":"大仙市","town":"太田町駒場"}],"1605":[{"pref":"秋田県","city":"大仙市","town":"太田町国見"}],"1611":[{"pref":"秋田県","city":"大仙市","town":"太田町斉内"}],"1612":[{"pref":"秋田県","city":"大仙市","town":"太田町小神成"}],"1613":[{"pref":"秋田県","city":"大仙市","town":"太田町太田"}],"1614":[{"pref":"秋田県","city":"大仙市","town":"太田町東今泉"}],"1615":[{"pref":"秋田県","city":"大仙市","town":"太田町川口"}],"1616":[{"pref":"秋田県","city":"大仙市","town":"太田町永代"}],"1701":[{"pref":"秋田県","city":"大仙市","town":"神宮寺"}],"1702":[{"pref":"秋田県","city":"大仙市","town":"北楢岡"}],"1801":[{"pref":"秋田県","city":"大仙市","town":"南外物渡台"}],"1802":[{"pref":"秋田県","city":"大仙市","town":"南外小春木沢"}],"1803":[{"pref":"秋田県","city":"大仙市","town":"南外坊田石兀ノ下"}],"1804":[{"pref":"秋田県","city":"大仙市","town":"南外西野"}],"1805":[{"pref":"秋田県","city":"大仙市","town":"南外西板戸"}],"1806":[{"pref":"秋田県","city":"大仙市","town":"南外十二袋"}],"1807":[{"pref":"秋田県","city":"大仙市","town":"南外川口本町"}],"1808":[{"pref":"秋田県","city":"大仙市","town":"南外川口"}],"1811":[{"pref":"秋田県","city":"大仙市","town":"南外本宿"}],"1812":[{"pref":"秋田県","city":"大仙市","town":"南外沖田"}],"1813":[{"pref":"秋田県","city":"大仙市","town":"南外猿ケ瀬出野"}],"1814":[{"pref":"秋田県","city":"大仙市","town":"南外下木直"}],"1815":[{"pref":"秋田県","city":"大仙市","town":"南外平形"}],"1816":[{"pref":"秋田県","city":"大仙市","town":"南外上木直"}],"1817":[{"pref":"秋田県","city":"大仙市","town":"南外木直沢"}],"1822":[{"pref":"秋田県","city":"大仙市","town":"南外田屋村"}],"1824":[{"pref":"秋田県","city":"大仙市","town":"南外宮田"}],"1825":[{"pref":"秋田県","city":"大仙市","town":"南外坊田"}],"1826":[{"pref":"秋田県","city":"大仙市","town":"南外田中田"}],"1827":[{"pref":"秋田県","city":"大仙市","town":"南外田中田山根"}],"1831":[{"pref":"秋田県","city":"大仙市","town":"南外壇ノ平山"}],"1832":[{"pref":"秋田県","city":"大仙市","town":"南外北田山田ケ沢"}],"1834":[{"pref":"秋田県","city":"大仙市","town":"南外揚土山"},{"pref":"秋田県","city":"大仙市","town":"南外北田黒瀬"}],"1835":[{"pref":"秋田県","city":"大仙市","town":"南外揚土"}],"1841":[{"pref":"秋田県","city":"大仙市","town":"南外大杉山岸"}],"1842":[{"pref":"秋田県","city":"大仙市","town":"南外大杉"}],"1843":[{"pref":"秋田県","city":"大仙市","town":"南外大杉二タ又杉"}],"1846":[{"pref":"秋田県","city":"大仙市","town":"南外梨木田"}],"1847":[{"pref":"秋田県","city":"大仙市","town":"南外小出"}],"1848":[{"pref":"秋田県","city":"大仙市","town":"南外鞦田"}],"1851":[{"pref":"秋田県","city":"大仙市","town":"南外山王台"}],"1852":[{"pref":"秋田県","city":"大仙市","town":"南外太田"}],"1853":[{"pref":"秋田県","city":"大仙市","town":"南外坊田黒沢"}],"1855":[{"pref":"秋田県","city":"大仙市","town":"南外大畑"}],"1856":[{"pref":"秋田県","city":"大仙市","town":"南外大畑深山"}],"1857":[{"pref":"秋田県","city":"大仙市","town":"南外大畑潜沢"}],"1858":[{"pref":"秋田県","city":"大仙市","town":"南外赤平六郎沢"}],"1861":[{"pref":"秋田県","city":"大仙市","town":"南外寺沢"}],"1862":[{"pref":"秋田県","city":"大仙市","town":"南外和合"}],"1863":[{"pref":"秋田県","city":"大仙市","town":"南外赤平貝沼"}],"1864":[{"pref":"秋田県","city":"大仙市","town":"南外赤平大道東"}],"1865":[{"pref":"秋田県","city":"大仙市","town":"南外赤平後野"}],"1866":[{"pref":"秋田県","city":"大仙市","town":"南外赤平台野"}],"1868":[{"pref":"秋田県","city":"大仙市","town":"南外赤平平家"}],"1871":[{"pref":"秋田県","city":"大仙市","town":"南外谷地田"}],"1872":[{"pref":"秋田県","city":"大仙市","town":"南外上中宿"}],"1873":[{"pref":"秋田県","city":"大仙市","town":"南外田中"}],"1874":[{"pref":"秋田県","city":"大仙市","town":"南外中宿"}],"1875":[{"pref":"秋田県","city":"大仙市","town":"南外落合"}],"1876":[{"pref":"秋田県","city":"大仙市","town":"南外新屋布"}],"1877":[{"pref":"秋田県","city":"大仙市","town":"南外水沢"}],"1878":[{"pref":"秋田県","city":"大仙市","town":"南外及位"}],"1881":[{"pref":"秋田県","city":"大仙市","town":"南外葎沢"}],"1882":[{"pref":"秋田県","city":"大仙市","town":"南外大和野"}],"1883":[{"pref":"秋田県","city":"大仙市","town":"南外平沢"}],"1884":[{"pref":"秋田県","city":"大仙市","town":"南外林ノ沢"}],"1885":[{"pref":"秋田県","city":"大仙市","town":"南外無尻橋"}],"1886":[{"pref":"秋田県","city":"大仙市","town":"南外西ノ又"}],"1887":[{"pref":"秋田県","city":"大仙市","town":"南外中渡"}],"1888":[{"pref":"秋田県","city":"大仙市","town":"南外土場"}],"1901":[{"pref":"秋田県","city":"大仙市","town":"南外悪戸野"}],"1902":[{"pref":"秋田県","city":"大仙市","town":"南外下袋"}],"1903":[{"pref":"秋田県","city":"大仙市","town":"南外下鎌田"}],"1904":[{"pref":"秋田県","city":"大仙市","town":"南外中袋"}],"1905":[{"pref":"秋田県","city":"大仙市","town":"南外大向"}],"1906":[{"pref":"秋田県","city":"大仙市","town":"南外金屋"}],"1907":[{"pref":"秋田県","city":"大仙市","town":"南外上鎌田"}],"1908":[{"pref":"秋田県","city":"大仙市","town":"南外上野"}],"1909":[{"pref":"秋田県","city":"大仙市","town":"南外杉橋"}],"1911":[{"pref":"秋田県","city":"大仙市","town":"南外坊村"}],"1912":[{"pref":"秋田県","city":"大仙市","town":"南外丸木橋"}],"1913":[{"pref":"秋田県","city":"大仙市","town":"南外湯神台"}],"1914":[{"pref":"秋田県","city":"大仙市","town":"南外湯ノ又"}],"1915":[{"pref":"秋田県","city":"大仙市","town":"南外下湯ノ又"}],"1916":[{"pref":"秋田県","city":"大仙市","town":"南外石仏"}],"1917":[{"pref":"秋田県","city":"大仙市","town":"南外薬師堂"}],"1918":[{"pref":"秋田県","city":"大仙市","town":"南外広表"}],"1921":[{"pref":"秋田県","city":"大仙市","town":"南外中野"}],"1922":[{"pref":"秋田県","city":"大仙市","town":"南外上中野"}],"1923":[{"pref":"秋田県","city":"大仙市","town":"南外巣ノ沢"}],"1924":[{"pref":"秋田県","city":"大仙市","town":"南外巣ノ沢石切場"}],"1925":[{"pref":"秋田県","city":"大仙市","town":"南外上巣ノ沢"}],"1926":[{"pref":"秋田県","city":"大仙市","town":"南外上桑台"}],"1927":[{"pref":"秋田県","city":"大仙市","town":"南外中桑台"}],"1928":[{"pref":"秋田県","city":"大仙市","town":"南外滝中田表"}],"1929":[{"pref":"秋田県","city":"大仙市","town":"南外中野山"}],"1931":[{"pref":"秋田県","city":"大仙市","town":"南外下滝"}],"1932":[{"pref":"秋田県","city":"大仙市","town":"南外大黒森"}],"1933":[{"pref":"秋田県","city":"大仙市","town":"南外滝ノ沢"}],"1934":[{"pref":"秋田県","city":"大仙市","town":"南外田尻"}],"1935":[{"pref":"秋田県","city":"大仙市","town":"南外大平"}],"1936":[{"pref":"秋田県","city":"大仙市","town":"南外中荒沢"}],"1937":[{"pref":"秋田県","city":"大仙市","town":"南外小荒沢"}],"1938":[{"pref":"秋田県","city":"大仙市","town":"南外下荒沢"}],"1939":[{"pref":"秋田県","city":"大仙市","town":"南外水上沢"}],"1941":[{"pref":"秋田県","city":"大仙市","town":"南外松木田"}],"1942":[{"pref":"秋田県","city":"大仙市","town":"南外岩倉"}],"1943":[{"pref":"秋田県","city":"大仙市","town":"南外一ト刎"}],"1944":[{"pref":"秋田県","city":"大仙市","town":"南外湯元"}],"1945":[{"pref":"秋田県","city":"大仙市","town":"南外岩瀬"}],"1946":[{"pref":"秋田県","city":"大仙市","town":"南外十二ノ前"}],"1947":[{"pref":"秋田県","city":"大仙市","town":"南外下釜坂"}],"1948":[{"pref":"秋田県","city":"大仙市","town":"南外上釜坂"}],"1949":[{"pref":"秋田県","city":"大仙市","town":"南外赤畑"}],"1951":[{"pref":"秋田県","city":"大仙市","town":"南外黒滝"}],"1952":[{"pref":"秋田県","city":"大仙市","town":"南外下荒又"}],"1953":[{"pref":"秋田県","city":"大仙市","town":"南外外小友"}],"1954":[{"pref":"秋田県","city":"大仙市","town":"南外中荒又"}],"1955":[{"pref":"秋田県","city":"大仙市","town":"南外外山"}],"1956":[{"pref":"秋田県","city":"大仙市","town":"南外上荒又"}],"1957":[{"pref":"秋田県","city":"大仙市","town":"南外小浪滝"}],"1958":[{"pref":"秋田県","city":"大仙市","town":"南外向ノ沢"}],"1961":[{"pref":"秋田県","city":"大仙市","town":"南外大柳"}],"1962":[{"pref":"秋田県","city":"大仙市","town":"南外若林"}],"1963":[{"pref":"秋田県","city":"大仙市","town":"南外西ノ又滝ノ沢"}],"2103":[{"pref":"秋田県","city":"大仙市","town":"大沢郷寺"}],"2111":[{"pref":"秋田県","city":"大仙市","town":"土川"}],"2112":[{"pref":"秋田県","city":"大仙市","town":"刈和野"}],"2121":[{"pref":"秋田県","city":"大仙市","town":"北野目"}],"2122":[{"pref":"秋田県","city":"大仙市","town":"高城"}],"2123":[{"pref":"秋田県","city":"大仙市","town":"寺館"}],"2201":[{"pref":"秋田県","city":"大仙市","town":"円行寺"}],"2202":[{"pref":"秋田県","city":"大仙市","town":"大沢郷宿"}],"2204":[{"pref":"秋田県","city":"大仙市","town":"正手沢"}],"2205":[{"pref":"秋田県","city":"大仙市","town":"杉山田"}],"2331":[{"pref":"秋田県","city":"大仙市","town":"大巻"}],"2332":[{"pref":"秋田県","city":"大仙市","town":"九升田"}],"2333":[{"pref":"秋田県","city":"大仙市","town":"金山沢"}],"2334":[{"pref":"秋田県","city":"大仙市","town":"木原田"}],"2335":[{"pref":"秋田県","city":"大仙市","town":"強首"}],"2401":[{"pref":"秋田県","city":"大仙市","town":"協和船岡"}],"2402":[{"pref":"秋田県","city":"大仙市","town":"協和船沢"}],"2411":[{"pref":"秋田県","city":"大仙市","town":"協和境"}],"2412":[{"pref":"秋田県","city":"大仙市","town":"協和荒川"}],"2413":[{"pref":"秋田県","city":"大仙市","town":"協和上淀川"}],"2431":[{"pref":"秋田県","city":"大仙市","town":"協和峰吉川"}],"2441":[{"pref":"秋田県","city":"大仙市","town":"協和小種"}],"2442":[{"pref":"秋田県","city":"大仙市","town":"協和下淀川"}],"2443":[{"pref":"秋田県","city":"大仙市","town":"協和中淀川"}],"2521":[{"pref":"秋田県","city":"大仙市","town":"協和稲沢"}],"2601":[{"pref":"秋田県","city":"秋田市","town":"河辺和田"}],"2611":[{"pref":"秋田県","city":"秋田市","town":"河辺戸島"}],"2612":[{"pref":"秋田県","city":"秋田市","town":"河辺畑谷"}],"2613":[{"pref":"秋田県","city":"秋田市","town":"河辺松渕"}],"2614":[{"pref":"秋田県","city":"秋田市","town":"河辺豊成"}],"2621":[{"pref":"秋田県","city":"秋田市","town":"河辺諸井"}],"2622":[{"pref":"秋田県","city":"秋田市","town":"河辺高岡"}],"2623":[{"pref":"秋田県","city":"秋田市","town":"河辺赤平"}],"2624":[{"pref":"秋田県","city":"秋田市","town":"河辺大沢"}],"2625":[{"pref":"秋田県","city":"秋田市","town":"河辺北野田高屋"}],"2631":[{"pref":"秋田県","city":"秋田市","town":"河辺神内"}],"2632":[{"pref":"秋田県","city":"秋田市","town":"河辺大張野"}],"2741":[{"pref":"秋田県","city":"秋田市","town":"河辺岩見"}],"2742":[{"pref":"秋田県","city":"秋田市","town":"河辺三内"}],"0525":[{"pref":"秋田県","city":"横手市","town":"十文字町曙町"}],"0513":[{"pref":"秋田県","city":"横手市","town":"十文字町植田"}],"0501":[{"pref":"秋田県","city":"横手市","town":"十文字町腕越"}],"0512":[{"pref":"秋田県","city":"横手市","town":"十文字町越前"}],"0529":[{"pref":"秋田県","city":"横手市","town":"十文字町海道下"}],"0511":[{"pref":"秋田県","city":"横手市","town":"十文字町鼎"}],"0531":[{"pref":"秋田県","city":"横手市","town":"十文字町上佐吉開"}],"0507":[{"pref":"秋田県","city":"横手市","town":"十文字町上鍋倉"}],"0517":[{"pref":"秋田県","city":"横手市","town":"十文字町木下"}],"0516":[{"pref":"秋田県","city":"横手市","town":"十文字町源太左馬"}],"0506":[{"pref":"秋田県","city":"横手市","town":"十文字町佐賀会"}],"0528":[{"pref":"秋田県","city":"横手市","town":"十文字町栄町"}],"0533":[{"pref":"秋田県","city":"横手市","town":"十文字町下佐吉開"}],"0508":[{"pref":"秋田県","city":"横手市","town":"十文字町十五野新田"}],"0523":[{"pref":"秋田県","city":"横手市","town":"十文字町十文字"}],"0527":[{"pref":"秋田県","city":"横手市","town":"十文字町大道東"}],"0526":[{"pref":"秋田県","city":"横手市","town":"十文字町通町"}],"0509":[{"pref":"秋田県","city":"横手市","town":"十文字町梨木"}],"0505":[{"pref":"秋田県","city":"横手市","town":"十文字町仁井田"}],"0522":[{"pref":"秋田県","city":"横手市","town":"十文字町西上"}],"0521":[{"pref":"秋田県","city":"横手市","town":"十文字町西下"}],"0503":[{"pref":"秋田県","city":"横手市","town":"十文字町西原１番町"}],"0502":[{"pref":"秋田県","city":"横手市","town":"十文字町西原２番町"}],"0518":[{"pref":"秋田県","city":"横手市","town":"十文字町宝竜"}],"0532":[{"pref":"秋田県","city":"横手市","town":"十文字町麻当"}],"0514":[{"pref":"秋田県","city":"横手市","town":"十文字町睦合"}],"0524":[{"pref":"秋田県","city":"横手市","town":"十文字町本町"}],"0515":[{"pref":"秋田県","city":"横手市","town":"十文字町谷地新田"}],"0711":[{"pref":"秋田県","city":"横手市","town":"増田町荻袋"}],"0702":[{"pref":"秋田県","city":"横手市","town":"増田町亀田"}],"0712":[{"pref":"秋田県","city":"横手市","town":"増田町熊渕"}],"0705":[{"pref":"秋田県","city":"横手市","town":"増田町狙半内"}],"0714":[{"pref":"秋田県","city":"横手市","town":"増田町戸波"}],"0701":[{"pref":"秋田県","city":"横手市","town":"増田町増田"}],"0713":[{"pref":"秋田県","city":"横手市","town":"増田町三又"}],"0715":[{"pref":"秋田県","city":"横手市","town":"増田町八木"}],"0704":[{"pref":"秋田県","city":"横手市","town":"増田町湯野沢"}],"0703":[{"pref":"秋田県","city":"横手市","town":"増田町吉野"}],"0402":[{"pref":"秋田県","city":"湯沢市","town":"相川"}],"0321":[{"pref":"秋田県","city":"湯沢市","town":"秋ノ宮"}],"0201":[{"pref":"秋田県","city":"湯沢市","town":"泉沢"}],"0113":[{"pref":"秋田県","city":"湯沢市","town":"院内銀山町"}],"0403":[{"pref":"秋田県","city":"湯沢市","town":"宇留院内"}],"0205":[{"pref":"秋田県","city":"湯沢市","town":"小野"}],"0111":[{"pref":"秋田県","city":"湯沢市","town":"上院内"}],"0202":[{"pref":"秋田県","city":"湯沢市","town":"桑崎"}],"0401":[{"pref":"秋田県","city":"湯沢市","town":"酒蒔"}],"0112":[{"pref":"秋田県","city":"湯沢市","town":"下院内"}],"0404":[{"pref":"秋田県","city":"湯沢市","town":"高松"}],"0203":[{"pref":"秋田県","city":"湯沢市","town":"寺沢"}],"0481":[{"pref":"秋田県","city":"湯沢市","town":"皆瀬（水上沢）"}],"0204":[{"pref":"秋田県","city":"湯沢市","town":"横堀"}],"0800":[{"pref":"秋田県","city":"雄勝郡東成瀬村","town":"以下に掲載がない場合"}],"0802":[{"pref":"秋田県","city":"雄勝郡東成瀬村","town":"岩井川"}],"0801":[{"pref":"秋田県","city":"雄勝郡東成瀬村","town":"田子内"}],"0803":[{"pref":"秋田県","city":"雄勝郡東成瀬村","town":"椿川"}]}