{"1111":[{"pref":"鹿児島県","city":"奄美市","town":"住用町城"}],"1112":[{"pref":"鹿児島県","city":"奄美市","town":"住用町和瀬"}],"1113":[{"pref":"鹿児島県","city":"奄美市","town":"住用町見里"}],"1114":[{"pref":"鹿児島県","city":"奄美市","town":"住用町東仲間"}],"1115":[{"pref":"鹿児島県","city":"奄美市","town":"住用町川内"}],"1116":[{"pref":"鹿児島県","city":"奄美市","town":"住用町摺勝"}],"1201":[{"pref":"鹿児島県","city":"奄美市","town":"住用町石原"}],"1202":[{"pref":"鹿児島県","city":"奄美市","town":"住用町西仲間"}],"1203":[{"pref":"鹿児島県","city":"奄美市","town":"住用町神屋"}],"1204":[{"pref":"鹿児島県","city":"奄美市","town":"住用町山間（その他）"}],"1205":[{"pref":"鹿児島県","city":"奄美市","town":"住用町役勝"}],"1304":[{"pref":"鹿児島県","city":"奄美市","town":"住用町山間（４９３～５９２番地、戸玉）"}],"1321":[{"pref":"鹿児島県","city":"奄美市","town":"住用町市"}],"1500":[{"pref":"鹿児島県","city":"大島郡瀬戸内町","town":"以下に掲載がない場合"}],"1501":[{"pref":"鹿児島県","city":"大島郡瀬戸内町","town":"古仁屋（高丘）"}],"1502":[{"pref":"鹿児島県","city":"大島郡瀬戸内町","town":"古仁屋（宮前）"}],"1503":[{"pref":"鹿児島県","city":"大島郡瀬戸内町","town":"古仁屋（大湊）"}],"1504":[{"pref":"鹿児島県","city":"大島郡瀬戸内町","town":"古仁屋（春日）"}],"1505":[{"pref":"鹿児島県","city":"大島郡瀬戸内町","town":"古仁屋（松江）"}],"1506":[{"pref":"鹿児島県","city":"大島郡瀬戸内町","town":"古仁屋（船津）"}],"1507":[{"pref":"鹿児島県","city":"大島郡瀬戸内町","town":"古仁屋（瀬久井）"}],"1508":[{"pref":"鹿児島県","city":"大島郡瀬戸内町","town":"古仁屋"}],"1509":[{"pref":"鹿児島県","city":"大島郡瀬戸内町","town":"古仁屋瀬久井東"}],"1510":[{"pref":"鹿児島県","city":"大島郡瀬戸内町","town":"古仁屋瀬久井西"}],"1511":[{"pref":"鹿児島県","city":"大島郡瀬戸内町","town":"阿木名"}],"1512":[{"pref":"鹿児島県","city":"大島郡瀬戸内町","town":"勝浦"}],"1513":[{"pref":"鹿児島県","city":"大島郡瀬戸内町","town":"網野子"}],"1514":[{"pref":"鹿児島県","city":"大島郡瀬戸内町","town":"節子"}],"1515":[{"pref":"鹿児島県","city":"大島郡瀬戸内町","town":"嘉徳"}],"1521":[{"pref":"鹿児島県","city":"大島郡瀬戸内町","town":"清水"}],"1522":[{"pref":"鹿児島県","city":"大島郡瀬戸内町","town":"嘉鉄"}],"1523":[{"pref":"鹿児島県","city":"大島郡瀬戸内町","town":"蘇刈"}],"1524":[{"pref":"鹿児島県","city":"大島郡瀬戸内町","town":"伊須"}],"1531":[{"pref":"鹿児島県","city":"大島郡瀬戸内町","town":"手安"}],"1741":[{"pref":"鹿児島県","city":"大島郡瀬戸内町","town":"篠川"}],"1742":[{"pref":"鹿児島県","city":"大島郡瀬戸内町","town":"阿室釜"}],"1743":[{"pref":"鹿児島県","city":"大島郡瀬戸内町","town":"小名瀬"}],"1744":[{"pref":"鹿児島県","city":"大島郡瀬戸内町","town":"阿鉄"}],"1745":[{"pref":"鹿児島県","city":"大島郡瀬戸内町","town":"油井"}],"1746":[{"pref":"鹿児島県","city":"大島郡瀬戸内町","town":"久根津"}],"1851":[{"pref":"鹿児島県","city":"大島郡瀬戸内町","town":"久慈"}],"1852":[{"pref":"鹿児島県","city":"大島郡瀬戸内町","town":"古志"}],"1853":[{"pref":"鹿児島県","city":"大島郡瀬戸内町","town":"花天"}],"1854":[{"pref":"鹿児島県","city":"大島郡瀬戸内町","town":"管鈍"}],"1855":[{"pref":"鹿児島県","city":"大島郡瀬戸内町","town":"西古見"}],"2141":[{"pref":"鹿児島県","city":"大島郡瀬戸内町","town":"諸鈍"}],"2142":[{"pref":"鹿児島県","city":"大島郡瀬戸内町","town":"生間"}],"2143":[{"pref":"鹿児島県","city":"大島郡瀬戸内町","town":"渡連"}],"2144":[{"pref":"鹿児島県","city":"大島郡瀬戸内町","town":"諸数"}],"2231":[{"pref":"鹿児島県","city":"大島郡瀬戸内町","town":"押角"}],"2232":[{"pref":"鹿児島県","city":"大島郡瀬戸内町","town":"勝能"}],"2233":[{"pref":"鹿児島県","city":"大島郡瀬戸内町","town":"野見山"}],"2234":[{"pref":"鹿児島県","city":"大島郡瀬戸内町","town":"秋徳"}],"2235":[{"pref":"鹿児島県","city":"大島郡瀬戸内町","town":"於斉"}],"2236":[{"pref":"鹿児島県","city":"大島郡瀬戸内町","town":"伊子茂"}],"2237":[{"pref":"鹿児島県","city":"大島郡瀬戸内町","town":"花富"}],"2321":[{"pref":"鹿児島県","city":"大島郡瀬戸内町","town":"西阿室"}],"2322":[{"pref":"鹿児島県","city":"大島郡瀬戸内町","town":"瀬相"}],"2323":[{"pref":"鹿児島県","city":"大島郡瀬戸内町","town":"俵"}],"2401":[{"pref":"鹿児島県","city":"大島郡瀬戸内町","town":"瀬武"}],"2402":[{"pref":"鹿児島県","city":"大島郡瀬戸内町","town":"薩川"}],"2403":[{"pref":"鹿児島県","city":"大島郡瀬戸内町","town":"実久"}],"2404":[{"pref":"鹿児島県","city":"大島郡瀬戸内町","town":"芝"}],"2411":[{"pref":"鹿児島県","city":"大島郡瀬戸内町","town":"阿多地"}],"2412":[{"pref":"鹿児島県","city":"大島郡瀬戸内町","town":"須子茂"}],"2413":[{"pref":"鹿児島県","city":"大島郡瀬戸内町","town":"嘉入"}],"2414":[{"pref":"鹿児島県","city":"大島郡瀬戸内町","town":"三浦"}],"2415":[{"pref":"鹿児島県","city":"大島郡瀬戸内町","town":"知之浦"}],"2416":[{"pref":"鹿児島県","city":"大島郡瀬戸内町","town":"武名"}],"2417":[{"pref":"鹿児島県","city":"大島郡瀬戸内町","town":"木慈"}],"2501":[{"pref":"鹿児島県","city":"大島郡瀬戸内町","town":"池地"}],"2502":[{"pref":"鹿児島県","city":"大島郡瀬戸内町","town":"請阿室"}],"2601":[{"pref":"鹿児島県","city":"大島郡瀬戸内町","town":"与路"}],"3100":[{"pref":"鹿児島県","city":"大島郡大和村","town":"以下に掲載がない場合"}],"3101":[{"pref":"鹿児島県","city":"大島郡大和村","town":"国直"}],"3102":[{"pref":"鹿児島県","city":"大島郡大和村","town":"湯湾釜"}],"3103":[{"pref":"鹿児島県","city":"大島郡大和村","town":"津名久"}],"3104":[{"pref":"鹿児島県","city":"大島郡大和村","town":"思勝"}],"3105":[{"pref":"鹿児島県","city":"大島郡大和村","town":"大和浜"}],"3106":[{"pref":"鹿児島県","city":"大島郡大和村","town":"大棚"}],"3107":[{"pref":"鹿児島県","city":"大島郡大和村","town":"大金久"}],"3211":[{"pref":"鹿児島県","city":"大島郡大和村","town":"戸円"}],"3212":[{"pref":"鹿児島県","city":"大島郡大和村","town":"名音"}],"3213":[{"pref":"鹿児島県","city":"大島郡大和村","town":"志戸勘"}],"3214":[{"pref":"鹿児島県","city":"大島郡大和村","town":"今里"}],"3300":[{"pref":"鹿児島県","city":"大島郡宇検村","town":"以下に掲載がない場合"}],"3301":[{"pref":"鹿児島県","city":"大島郡宇検村","town":"湯湾"}],"3302":[{"pref":"鹿児島県","city":"大島郡宇検村","town":"芦検"}],"3303":[{"pref":"鹿児島県","city":"大島郡宇検村","town":"田検"}],"3304":[{"pref":"鹿児島県","city":"大島郡宇検村","town":"須古"}],"3305":[{"pref":"鹿児島県","city":"大島郡宇検村","town":"石良"}],"3411":[{"pref":"鹿児島県","city":"大島郡宇検村","town":"宇検"}],"3412":[{"pref":"鹿児島県","city":"大島郡宇検村","town":"久志"}],"3413":[{"pref":"鹿児島県","city":"大島郡宇検村","town":"生勝"}],"3521":[{"pref":"鹿児島県","city":"大島郡宇検村","town":"名柄"}],"3522":[{"pref":"鹿児島県","city":"大島郡宇検村","town":"佐念"}],"3523":[{"pref":"鹿児島県","city":"大島郡宇検村","town":"部連"}],"3631":[{"pref":"鹿児島県","city":"大島郡宇検村","town":"平田"}],"3632":[{"pref":"鹿児島県","city":"大島郡宇検村","town":"阿室"}],"3633":[{"pref":"鹿児島県","city":"大島郡宇検村","town":"屋鈍"}],"0000":[{"pref":"鹿児島県","city":"奄美市","town":"以下に掲載がない場合"}],"0501":[{"pref":"鹿児島県","city":"奄美市","town":"笠利町宇宿"}],"0622":[{"pref":"鹿児島県","city":"奄美市","town":"笠利町笠利"}],"0625":[{"pref":"鹿児島県","city":"奄美市","town":"笠利町川上"}],"0507":[{"pref":"鹿児島県","city":"奄美市","town":"笠利町喜瀬"}],"0511":[{"pref":"鹿児島県","city":"奄美市","town":"笠利町里"}],"0627":[{"pref":"鹿児島県","city":"奄美市","town":"笠利町佐仁"}],"0624":[{"pref":"鹿児島県","city":"奄美市","town":"笠利町須野"}],"0504":[{"pref":"鹿児島県","city":"奄美市","town":"笠利町節田"}],"0513":[{"pref":"鹿児島県","city":"奄美市","town":"笠利町外金久"}],"0505":[{"pref":"鹿児島県","city":"奄美市","town":"笠利町平"}],"0506":[{"pref":"鹿児島県","city":"奄美市","town":"笠利町手花部"}],"0512":[{"pref":"鹿児島県","city":"奄美市","town":"笠利町中金久"}],"0623":[{"pref":"鹿児島県","city":"奄美市","town":"笠利町辺留"}],"0502":[{"pref":"鹿児島県","city":"奄美市","town":"笠利町万屋"}],"0626":[{"pref":"鹿児島県","city":"奄美市","town":"笠利町屋仁"}],"0621":[{"pref":"鹿児島県","city":"奄美市","town":"笠利町用"}],"0508":[{"pref":"鹿児島県","city":"奄美市","town":"笠利町用安"}],"0503":[{"pref":"鹿児島県","city":"奄美市","town":"笠利町和野"}],"0773":[{"pref":"鹿児島県","city":"奄美市","town":"名瀬朝戸"}],"0043":[{"pref":"鹿児島県","city":"奄美市","town":"名瀬朝仁"}],"0041":[{"pref":"鹿児島県","city":"奄美市","town":"名瀬朝仁新町"}],"0042":[{"pref":"鹿児島県","city":"奄美市","town":"名瀬朝仁町"}],"0061":[{"pref":"鹿児島県","city":"奄美市","town":"名瀬朝日町"}],"0351":[{"pref":"鹿児島県","city":"奄美市","town":"名瀬芦花部"}],"0002":[{"pref":"鹿児島県","city":"奄美市","town":"名瀬有屋"}],"0062":[{"pref":"鹿児島県","city":"奄美市","town":"名瀬有屋町"}],"0352":[{"pref":"鹿児島県","city":"奄美市","town":"名瀬有良"}],"0011":[{"pref":"鹿児島県","city":"奄美市","town":"名瀬安勝町"}],"0017":[{"pref":"鹿児島県","city":"奄美市","town":"名瀬石橋町"}],"0774":[{"pref":"鹿児島県","city":"奄美市","town":"名瀬伊津部勝"}],"0021":[{"pref":"鹿児島県","city":"奄美市","town":"名瀬伊津部町"}],"0024":[{"pref":"鹿児島県","city":"奄美市","town":"名瀬井根町"}],"0034":[{"pref":"鹿児島県","city":"奄美市","town":"名瀬入舟町"}],"0108":[{"pref":"鹿児島県","city":"奄美市","town":"名瀬浦上（小又）"}],"0008":[{"pref":"鹿児島県","city":"奄美市","town":"名瀬浦上（その他）"}],"0068":[{"pref":"鹿児島県","city":"奄美市","town":"名瀬浦上町"}],"0013":[{"pref":"鹿児島県","city":"奄美市","town":"名瀬春日町"}],"0031":[{"pref":"鹿児島県","city":"奄美市","town":"名瀬金久町"}],"0022":[{"pref":"鹿児島県","city":"奄美市","town":"名瀬久里町"}],"0046":[{"pref":"鹿児島県","city":"奄美市","town":"名瀬小宿"}],"0006":[{"pref":"鹿児島県","city":"奄美市","town":"名瀬小浜町"}],"0012":[{"pref":"鹿児島県","city":"奄美市","town":"名瀬小俣町"}],"0771":[{"pref":"鹿児島県","city":"奄美市","town":"名瀬小湊"}],"0025":[{"pref":"鹿児島県","city":"奄美市","town":"名瀬幸町"}],"0776":[{"pref":"鹿児島県","city":"奄美市","town":"名瀬崎原"}],"0005":[{"pref":"鹿児島県","city":"奄美市","town":"名瀬佐大熊町"}],"0035":[{"pref":"鹿児島県","city":"奄美市","town":"名瀬塩浜町"}],"0027":[{"pref":"鹿児島県","city":"奄美市","town":"名瀬末広町"}],"0001":[{"pref":"鹿児島県","city":"奄美市","town":"名瀬大熊"}],"0009":[{"pref":"鹿児島県","city":"奄美市","town":"名瀬大熊町"}],"0047":[{"pref":"鹿児島県","city":"奄美市","town":"名瀬知名瀬"}],"0003":[{"pref":"鹿児島県","city":"奄美市","town":"名瀬仲勝"}],"0063":[{"pref":"鹿児島県","city":"奄美市","town":"名瀬仲勝町"}],"0023":[{"pref":"鹿児島県","city":"奄美市","town":"名瀬永田町"}],"0036":[{"pref":"鹿児島県","city":"奄美市","town":"名瀬長浜町"}],"0775":[{"pref":"鹿児島県","city":"奄美市","town":"名瀬名瀬勝"}],"0772":[{"pref":"鹿児島県","city":"奄美市","town":"名瀬西仲勝"}],"0048":[{"pref":"鹿児島県","city":"奄美市","town":"名瀬根瀬部"}],"0004":[{"pref":"鹿児島県","city":"奄美市","town":"名瀬鳩浜町"}],"0044":[{"pref":"鹿児島県","city":"奄美市","town":"名瀬浜里町"}],"0014":[{"pref":"鹿児島県","city":"奄美市","town":"名瀬平田町"}],"0045":[{"pref":"鹿児島県","city":"奄美市","town":"名瀬平松町"}],"0016":[{"pref":"鹿児島県","city":"奄美市","town":"名瀬古田町"}],"0015":[{"pref":"鹿児島県","city":"奄美市","town":"名瀬真名津町"}],"0026":[{"pref":"鹿児島県","city":"奄美市","town":"名瀬港町"}],"0032":[{"pref":"鹿児島県","city":"奄美市","town":"名瀬柳町"}],"0033":[{"pref":"鹿児島県","city":"奄美市","town":"名瀬矢之脇町"}],"0007":[{"pref":"鹿児島県","city":"奄美市","town":"名瀬和光町"}],"0100":[{"pref":"鹿児島県","city":"大島郡龍郷町","town":"以下に掲載がない場合"}],"0411":[{"pref":"鹿児島県","city":"大島郡龍郷町","town":"赤尾木"}],"0333":[{"pref":"鹿児島県","city":"大島郡龍郷町","town":"秋名"}],"0412":[{"pref":"鹿児島県","city":"大島郡龍郷町","town":"芦徳"}],"0323":[{"pref":"鹿児島県","city":"大島郡龍郷町","town":"安木屋場"}],"0332":[{"pref":"鹿児島県","city":"大島郡龍郷町","town":"幾里"}],"0104":[{"pref":"鹿児島県","city":"大島郡龍郷町","town":"浦"}],"0324":[{"pref":"鹿児島県","city":"大島郡龍郷町","town":"円"}],"0105":[{"pref":"鹿児島県","city":"大島郡龍郷町","town":"大勝"}],"0331":[{"pref":"鹿児島県","city":"大島郡龍郷町","town":"嘉渡"}],"0322":[{"pref":"鹿児島県","city":"大島郡龍郷町","town":"久場"}],"0102":[{"pref":"鹿児島県","city":"大島郡龍郷町","town":"瀬留"}],"0321":[{"pref":"鹿児島県","city":"大島郡龍郷町","town":"龍郷"}],"0103":[{"pref":"鹿児島県","city":"大島郡龍郷町","town":"玉里"}],"0107":[{"pref":"鹿児島県","city":"大島郡龍郷町","town":"戸口"}],"0106":[{"pref":"鹿児島県","city":"大島郡龍郷町","town":"中勝"}],"0101":[{"pref":"鹿児島県","city":"大島郡龍郷町","town":"屋入"}]}