{"0082":[{"pref":"東京都","city":"大田区","town":"池上"}],"0091":[{"pref":"東京都","city":"大田区","town":"鵜の木"}],"0085":[{"pref":"東京都","city":"大田区","town":"久が原"}],"0092":[{"pref":"東京都","city":"大田区","town":"下丸子"}],"0095":[{"pref":"東京都","city":"大田区","town":"多摩川"}],"0083":[{"pref":"東京都","city":"大田区","town":"千鳥"}],"0081":[{"pref":"東京都","city":"大田区","town":"仲池上"}],"0094":[{"pref":"東京都","city":"大田区","town":"東矢口"}],"0084":[{"pref":"東京都","city":"大田区","town":"南久が原"}],"0093":[{"pref":"東京都","city":"大田区","town":"矢口"}]}