{"0000":[{"pref":"神奈川県","city":"川崎市多摩区","town":"以下に掲載がない場合"}],"0038":[{"pref":"神奈川県","city":"川崎市多摩区","town":"生田"}],"0039":[{"pref":"神奈川県","city":"川崎市多摩区","town":"栗谷"}],"0021":[{"pref":"神奈川県","city":"川崎市多摩区","town":"宿河原"}],"0001":[{"pref":"神奈川県","city":"川崎市多摩区","town":"菅"}],"0003":[{"pref":"神奈川県","city":"川崎市多摩区","town":"菅稲田堤"}],"0008":[{"pref":"神奈川県","city":"川崎市多摩区","town":"菅北浦"}],"0007":[{"pref":"神奈川県","city":"川崎市多摩区","town":"菅城下"}],"0006":[{"pref":"神奈川県","city":"川崎市多摩区","town":"菅仙谷"}],"0002":[{"pref":"神奈川県","city":"川崎市多摩区","town":"菅野戸呂"}],"0004":[{"pref":"神奈川県","city":"川崎市多摩区","town":"菅馬場"}],"0022":[{"pref":"神奈川県","city":"川崎市多摩区","town":"堰"}],"0005":[{"pref":"神奈川県","city":"川崎市多摩区","town":"寺尾台"}],"0012":[{"pref":"神奈川県","city":"川崎市多摩区","town":"中野島"}],"0023":[{"pref":"神奈川県","city":"川崎市多摩区","town":"長尾"}],"0035":[{"pref":"神奈川県","city":"川崎市多摩区","town":"長沢"}],"0037":[{"pref":"神奈川県","city":"川崎市多摩区","town":"西生田"}],"0014":[{"pref":"神奈川県","city":"川崎市多摩区","town":"登戸"}],"0013":[{"pref":"神奈川県","city":"川崎市多摩区","town":"登戸新町"}],"0031":[{"pref":"神奈川県","city":"川崎市多摩区","town":"東生田"}],"0033":[{"pref":"神奈川県","city":"川崎市多摩区","town":"東三田"}],"0011":[{"pref":"神奈川県","city":"川崎市多摩区","town":"布田"}],"0032":[{"pref":"神奈川県","city":"川崎市多摩区","town":"枡形"}],"0034":[{"pref":"神奈川県","city":"川崎市多摩区","town":"三田"}],"0036":[{"pref":"神奈川県","city":"川崎市多摩区","town":"南生田"}]}