{"1121":[{"pref":"宮崎県","city":"西都市","town":"尾八重"}],"1122":[{"pref":"宮崎県","city":"西都市","town":"片内"}],"1123":[{"pref":"宮崎県","city":"西都市","town":"中尾"}],"1231":[{"pref":"宮崎県","city":"西都市","town":"上揚"}],"1232":[{"pref":"宮崎県","city":"西都市","town":"銀鏡"}],"1233":[{"pref":"宮崎県","city":"西都市","town":"八重"}],"1301":[{"pref":"宮崎県","city":"児湯郡西米良村","town":"越野尾"}],"1302":[{"pref":"宮崎県","city":"児湯郡西米良村","town":"小川"}],"1303":[{"pref":"宮崎県","city":"児湯郡西米良村","town":"横野"}],"1400":[{"pref":"宮崎県","city":"児湯郡西米良村","town":"以下に掲載がない場合"}],"1411":[{"pref":"宮崎県","city":"児湯郡西米良村","town":"村所"}],"1412":[{"pref":"宮崎県","city":"児湯郡西米良村","town":"板谷"}],"1413":[{"pref":"宮崎県","city":"児湯郡西米良村","town":"上米良"}],"1414":[{"pref":"宮崎県","city":"児湯郡西米良村","town":"竹原"}],"0000":[{"pref":"宮崎県","city":"西都市","town":"以下に掲載がない場合"}],"0031":[{"pref":"宮崎県","city":"西都市","town":"旭"}],"0111":[{"pref":"宮崎県","city":"西都市","town":"荒武"}],"0011":[{"pref":"宮崎県","city":"西都市","town":"有吉町"}],"0106":[{"pref":"宮崎県","city":"西都市","town":"岩爪"}],"0001":[{"pref":"宮崎県","city":"西都市","town":"岡富"}],"0012":[{"pref":"宮崎県","city":"西都市","town":"小野崎"}],"0013":[{"pref":"宮崎県","city":"西都市","town":"小野崎町"}],"0103":[{"pref":"宮崎県","city":"西都市","town":"加勢"}],"0104":[{"pref":"宮崎県","city":"西都市","town":"鹿野田"}],"0115":[{"pref":"宮崎県","city":"西都市","town":"上三財"}],"0021":[{"pref":"宮崎県","city":"西都市","town":"上町"}],"0004":[{"pref":"宮崎県","city":"西都市","town":"清水"}],"0002":[{"pref":"宮崎県","city":"西都市","town":"黒生野"}],"0022":[{"pref":"宮崎県","city":"西都市","town":"桜川町"}],"0116":[{"pref":"宮崎県","city":"西都市","town":"寒川"}],"0113":[{"pref":"宮崎県","city":"西都市","town":"下三財"}],"0014":[{"pref":"宮崎県","city":"西都市","town":"下妻"}],"0032":[{"pref":"宮崎県","city":"西都市","town":"白馬町"}],"0006":[{"pref":"宮崎県","city":"西都市","town":"新町"}],"0015":[{"pref":"宮崎県","city":"西都市","town":"聖陵町"}],"0037":[{"pref":"宮崎県","city":"西都市","town":"茶臼原"}],"0035":[{"pref":"宮崎県","city":"西都市","town":"中央町"}],"0023":[{"pref":"宮崎県","city":"西都市","town":"調殿"}],"0033":[{"pref":"宮崎県","city":"西都市","town":"妻"}],"0034":[{"pref":"宮崎県","city":"西都市","town":"妻町"}],"0036":[{"pref":"宮崎県","city":"西都市","town":"水流崎町"}],"0025":[{"pref":"宮崎県","city":"西都市","town":"童子丸"}],"0114":[{"pref":"宮崎県","city":"西都市","town":"藤田"}],"0105":[{"pref":"宮崎県","city":"西都市","town":"都於郡町"}],"0024":[{"pref":"宮崎県","city":"西都市","town":"中妻"}],"0102":[{"pref":"宮崎県","city":"西都市","town":"平郡"}],"0026":[{"pref":"宮崎県","city":"西都市","town":"穂北"}],"0003":[{"pref":"宮崎県","city":"西都市","town":"右松"}],"0027":[{"pref":"宮崎県","city":"西都市","town":"南方"}],"0101":[{"pref":"宮崎県","city":"西都市","town":"三納"}],"0016":[{"pref":"宮崎県","city":"西都市","town":"御舟町"}],"0005":[{"pref":"宮崎県","city":"西都市","town":"三宅"}],"0112":[{"pref":"宮崎県","city":"西都市","town":"山田"}]}