{"0000":[{"pref":"大阪府","city":"吹田市","town":"以下に掲載がない場合"}],"0083":[{"pref":"大阪府","city":"吹田市","town":"朝日が丘町"}],"0027":[{"pref":"大阪府","city":"吹田市","town":"朝日町"}],"0041":[{"pref":"大阪府","city":"吹田市","town":"泉町"}],"0032":[{"pref":"大阪府","city":"吹田市","town":"内本町"}],"0063":[{"pref":"大阪府","city":"吹田市","town":"江坂町"}],"0053":[{"pref":"大阪府","city":"吹田市","town":"江の木町"}],"0082":[{"pref":"大阪府","city":"吹田市","town":"片山町"}],"0045":[{"pref":"大阪府","city":"吹田市","town":"金田町"}],"0037":[{"pref":"大阪府","city":"吹田市","town":"川岸町"}],"0013":[{"pref":"大阪府","city":"吹田市","town":"川園町"}],"0002":[{"pref":"大阪府","city":"吹田市","town":"岸部中"}],"0011":[{"pref":"大阪府","city":"吹田市","town":"岸部南"}],"0001":[{"pref":"大阪府","city":"吹田市","town":"岸部北"}],"0018":[{"pref":"大阪府","city":"吹田市","town":"岸部新町"}],"0036":[{"pref":"大阪府","city":"吹田市","town":"寿町"}],"0015":[{"pref":"大阪府","city":"吹田市","town":"幸町"}],"0017":[{"pref":"大阪府","city":"吹田市","town":"芝田町"}],"0028":[{"pref":"大阪府","city":"吹田市","town":"昭和町"}],"0014":[{"pref":"大阪府","city":"吹田市","town":"吹東町"}],"0022":[{"pref":"大阪府","city":"吹田市","town":"末広町"}],"0039":[{"pref":"大阪府","city":"吹田市","town":"清和園町"}],"0024":[{"pref":"大阪府","city":"吹田市","town":"高城町"}],"0026":[{"pref":"大阪府","city":"吹田市","town":"高浜町"}],"0062":[{"pref":"大阪府","city":"吹田市","town":"垂水町"}],"0072":[{"pref":"大阪府","city":"吹田市","town":"出口町"}],"0003":[{"pref":"大阪府","city":"吹田市","town":"天道町"}],"0051":[{"pref":"大阪府","city":"吹田市","town":"豊津町"}],"0035":[{"pref":"大阪府","city":"吹田市","town":"中の島町"}],"0034":[{"pref":"大阪府","city":"吹田市","town":"西御旅町"}],"0071":[{"pref":"大阪府","city":"吹田市","town":"西の庄町"}],"0004":[{"pref":"大阪府","city":"吹田市","town":"原町"}],"0033":[{"pref":"大阪府","city":"吹田市","town":"東御旅町"}],"0023":[{"pref":"大阪府","city":"吹田市","town":"日の出町"}],"0016":[{"pref":"大阪府","city":"吹田市","town":"平松町"}],"0052":[{"pref":"大阪府","city":"吹田市","town":"広芝町"}],"0081":[{"pref":"大阪府","city":"吹田市","town":"藤が丘町"}],"0042":[{"pref":"大阪府","city":"吹田市","town":"穂波町"}],"0061":[{"pref":"大阪府","city":"吹田市","town":"円山町"}],"0044":[{"pref":"大阪府","city":"吹田市","town":"南金田"}],"0012":[{"pref":"大阪府","city":"吹田市","town":"南正雀"}],"0043":[{"pref":"大阪府","city":"吹田市","town":"南吹田"}],"0038":[{"pref":"大阪府","city":"吹田市","town":"南清和園町"}],"0025":[{"pref":"大阪府","city":"吹田市","town":"南高浜町"}],"0021":[{"pref":"大阪府","city":"吹田市","town":"目俵町"}],"0031":[{"pref":"大阪府","city":"吹田市","town":"元町"}],"0073":[{"pref":"大阪府","city":"吹田市","town":"山手町"}],"0054":[{"pref":"大阪府","city":"吹田市","town":"芳野町"}]}