{"0000":[{"pref":"京都府","city":"舞鶴市","town":"以下に掲載がない場合"}],"0151":[{"pref":"京都府","city":"舞鶴市","town":"赤野"}],"0005":[{"pref":"京都府","city":"舞鶴市","town":"朝来中"}],"0004":[{"pref":"京都府","city":"舞鶴市","town":"朝来西町"}],"0030":[{"pref":"京都府","city":"舞鶴市","town":"愛宕上町"}],"0031":[{"pref":"京都府","city":"舞鶴市","town":"愛宕中町"}],"0032":[{"pref":"京都府","city":"舞鶴市","town":"愛宕下町"}],"0033":[{"pref":"京都府","city":"舞鶴市","town":"愛宕浜町"}],"0083":[{"pref":"京都府","city":"舞鶴市","town":"余部上"}],"0087":[{"pref":"京都府","city":"舞鶴市","town":"余部下"}],"0025":[{"pref":"京都府","city":"舞鶴市","town":"市場"}],"0043":[{"pref":"京都府","city":"舞鶴市","town":"梅ケ谷"}],"0136":[{"pref":"京都府","city":"舞鶴市","town":"大丹生"}],"0006":[{"pref":"京都府","city":"舞鶴市","town":"大波上"}],"0007":[{"pref":"京都府","city":"舞鶴市","town":"大波下"}],"0158":[{"pref":"京都府","city":"舞鶴市","town":"大山"}],"0015":[{"pref":"京都府","city":"舞鶴市","town":"岡安"}],"0020":[{"pref":"京都府","city":"舞鶴市","town":"小倉"}],"0154":[{"pref":"京都府","city":"舞鶴市","town":"小橋"}],"0053":[{"pref":"京都府","city":"舞鶴市","town":"金屋町"}],"0014":[{"pref":"京都府","city":"舞鶴市","town":"鹿原"}],"0013":[{"pref":"京都府","city":"舞鶴市","town":"鹿原西町"}],"0077":[{"pref":"京都府","city":"舞鶴市","town":"亀岩町"}],"0141":[{"pref":"京都府","city":"舞鶴市","town":"河辺中"}],"0146":[{"pref":"京都府","city":"舞鶴市","town":"河辺原"}],"0144":[{"pref":"京都府","city":"舞鶴市","town":"河辺由里"}],"0145":[{"pref":"京都府","city":"舞鶴市","town":"観音寺"}],"0080":[{"pref":"京都府","city":"舞鶴市","town":"北吸"}],"0050":[{"pref":"京都府","city":"舞鶴市","town":"北浜町"}],"0011":[{"pref":"京都府","city":"舞鶴市","town":"吉坂"}],"0073":[{"pref":"京都府","city":"舞鶴市","town":"木ノ下"}],"0076":[{"pref":"京都府","city":"舞鶴市","town":"京月町"}],"0075":[{"pref":"京都府","city":"舞鶴市","town":"京月東町"}],"0056":[{"pref":"京都府","city":"舞鶴市","town":"倉梯町"}],"0055":[{"pref":"京都府","city":"舞鶴市","town":"倉梯中町"}],"0134":[{"pref":"京都府","city":"舞鶴市","town":"佐波賀"}],"0054":[{"pref":"京都府","city":"舞鶴市","town":"七条中町"}],"0084":[{"pref":"京都府","city":"舞鶴市","town":"白浜台"}],"0016":[{"pref":"京都府","city":"舞鶴市","town":"白屋"}],"0012":[{"pref":"京都府","city":"舞鶴市","town":"白屋町"}],"0001":[{"pref":"京都府","city":"舞鶴市","town":"杉山"}],"0137":[{"pref":"京都府","city":"舞鶴市","town":"瀬崎"}],"0026":[{"pref":"京都府","city":"舞鶴市","town":"泉源寺"}],"0157":[{"pref":"京都府","city":"舞鶴市","town":"田井"}],"0133":[{"pref":"京都府","city":"舞鶴市","town":"平"}],"0023":[{"pref":"京都府","city":"舞鶴市","town":"田中"}],"0024":[{"pref":"京都府","city":"舞鶴市","town":"田中町"}],"0152":[{"pref":"京都府","city":"舞鶴市","town":"多祢寺"}],"0045":[{"pref":"京都府","city":"舞鶴市","town":"多門院"}],"0135":[{"pref":"京都府","city":"舞鶴市","town":"千歳"}],"0082":[{"pref":"京都府","city":"舞鶴市","town":"つつじケ丘"}],"0072":[{"pref":"京都府","city":"舞鶴市","town":"常"}],"0071":[{"pref":"京都府","city":"舞鶴市","town":"常新町"}],"0027":[{"pref":"京都府","city":"舞鶴市","town":"田園町"}],"0044":[{"pref":"京都府","city":"舞鶴市","town":"堂奥"}],"0147":[{"pref":"京都府","city":"舞鶴市","town":"栃尾"}],"0132":[{"pref":"京都府","city":"舞鶴市","town":"中田"}],"0131":[{"pref":"京都府","city":"舞鶴市","town":"中田町"}],"0086":[{"pref":"京都府","city":"舞鶴市","town":"長浜"}],"0156":[{"pref":"京都府","city":"舞鶴市","town":"成生"}],"0142":[{"pref":"京都府","city":"舞鶴市","town":"西屋"}],"0155":[{"pref":"京都府","city":"舞鶴市","town":"野原"}],"0002":[{"pref":"京都府","city":"舞鶴市","town":"登尾"}],"0078":[{"pref":"京都府","city":"舞鶴市","town":"八反田南町"}],"0070":[{"pref":"京都府","city":"舞鶴市","town":"八反田北町"}],"0036":[{"pref":"京都府","city":"舞鶴市","town":"浜"}],"0037":[{"pref":"京都府","city":"舞鶴市","town":"浜町"}],"0010":[{"pref":"京都府","city":"舞鶴市","town":"松尾"}],"0065":[{"pref":"京都府","city":"舞鶴市","town":"丸山中町"}],"0064":[{"pref":"京都府","city":"舞鶴市","town":"丸山西町"}],"0066":[{"pref":"京都府","city":"舞鶴市","town":"丸山口町"}],"0063":[{"pref":"京都府","city":"舞鶴市","town":"丸山町"}],"0035":[{"pref":"京都府","city":"舞鶴市","town":"溝尻"}],"0042":[{"pref":"京都府","city":"舞鶴市","town":"溝尻町"}],"0041":[{"pref":"京都府","city":"舞鶴市","town":"溝尻中町"}],"0057":[{"pref":"京都府","city":"舞鶴市","town":"南浜町"}],"0153":[{"pref":"京都府","city":"舞鶴市","town":"三浜"}],"0081":[{"pref":"京都府","city":"舞鶴市","town":"三宅"}],"0143":[{"pref":"京都府","city":"舞鶴市","town":"室牛"}],"0060":[{"pref":"京都府","city":"舞鶴市","town":"桃山町"}],"0062":[{"pref":"京都府","city":"舞鶴市","town":"森"}],"0061":[{"pref":"京都府","city":"舞鶴市","town":"森町"}],"0067":[{"pref":"京都府","city":"舞鶴市","town":"森本町"}],"0021":[{"pref":"京都府","city":"舞鶴市","town":"安岡"}],"0022":[{"pref":"京都府","city":"舞鶴市","town":"安岡町"}],"0040":[{"pref":"京都府","city":"舞鶴市","town":"矢之助町"}],"0052":[{"pref":"京都府","city":"舞鶴市","town":"行永"}],"0058":[{"pref":"京都府","city":"舞鶴市","town":"行永桜通り"}],"0051":[{"pref":"京都府","city":"舞鶴市","town":"行永東町"}],"0003":[{"pref":"京都府","city":"舞鶴市","town":"吉野"}],"0074":[{"pref":"京都府","city":"舞鶴市","town":"与保呂"}],"0034":[{"pref":"京都府","city":"舞鶴市","town":"竜宮町"}],"0085":[{"pref":"京都府","city":"舞鶴市","town":"和田"}]}