{"0000":[{"pref":"富山県","city":"滑川市","town":"以下に掲載がない場合"}],"0843":[{"pref":"富山県","city":"滑川市","town":"赤浜"}],"0842":[{"pref":"富山県","city":"滑川市","town":"赤浜栄町"}],"0033":[{"pref":"富山県","city":"滑川市","town":"吾妻町"}],"0034":[{"pref":"富山県","city":"滑川市","town":"吾妻町（雇用促進住宅）"}],"0006":[{"pref":"富山県","city":"滑川市","town":"荒俣"}],"0007":[{"pref":"富山県","city":"滑川市","town":"荒俣新町"}],"0042":[{"pref":"富山県","city":"滑川市","town":"荒町"}],"0855":[{"pref":"富山県","city":"滑川市","town":"有金"}],"0055":[{"pref":"富山県","city":"滑川市","town":"泉ケ丘"}],"0877":[{"pref":"富山県","city":"滑川市","town":"稲泉"}],"0876":[{"pref":"富山県","city":"滑川市","town":"稲泉新"}],"0031":[{"pref":"富山県","city":"滑川市","town":"今町"}],"0077":[{"pref":"富山県","city":"滑川市","town":"魚躬"}],"0044":[{"pref":"富山県","city":"滑川市","town":"馬町"}],"0075":[{"pref":"富山県","city":"滑川市","town":"江尻"}],"0039":[{"pref":"富山県","city":"滑川市","town":"夷子町"}],"0808":[{"pref":"富山県","city":"滑川市","town":"追分"}],"0811":[{"pref":"富山県","city":"滑川市","town":"大浦"},{"pref":"富山県","city":"滑川市","town":"上大浦"},{"pref":"富山県","city":"滑川市","town":"下大浦"}],"0874":[{"pref":"富山県","city":"滑川市","town":"大榎"}],"0802":[{"pref":"富山県","city":"滑川市","town":"大掛"}],"0805":[{"pref":"富山県","city":"滑川市","town":"大窪"}],"0833":[{"pref":"富山県","city":"滑川市","town":"大崎野"}],"0801":[{"pref":"富山県","city":"滑川市","town":"大島"}],"0871":[{"pref":"富山県","city":"滑川市","town":"大島新"}],"0818":[{"pref":"富山県","city":"滑川市","town":"大林"}],"0047":[{"pref":"富山県","city":"滑川市","town":"大町"}],"0851":[{"pref":"富山県","city":"滑川市","town":"沖田新"}],"0836":[{"pref":"富山県","city":"滑川市","town":"改養寺"}],"0004":[{"pref":"富山県","city":"滑川市","town":"笠木"}],"0068":[{"pref":"富山県","city":"滑川市","town":"加島町"}],"0864":[{"pref":"富山県","city":"滑川市","town":"金屋"}],"0853":[{"pref":"富山県","city":"滑川市","town":"上梅沢"}],"0053":[{"pref":"富山県","city":"滑川市","town":"上小泉"}],"0054":[{"pref":"富山県","city":"滑川市","town":"上小泉（雇用促進住宅）"}],"0852":[{"pref":"富山県","city":"滑川市","town":"上島"}],"0046":[{"pref":"富山県","city":"滑川市","town":"河浦町"}],"0064":[{"pref":"富山県","city":"滑川市","town":"河端町"}],"0806":[{"pref":"富山県","city":"滑川市","town":"北野"}],"0038":[{"pref":"富山県","city":"滑川市","town":"北町"}],"0803":[{"pref":"富山県","city":"滑川市","town":"栗山"}],"0026":[{"pref":"富山県","city":"滑川市","town":"公園通り"}],"0854":[{"pref":"富山県","city":"滑川市","town":"小林"}],"0066":[{"pref":"富山県","city":"滑川市","town":"菰原"}],"0067":[{"pref":"富山県","city":"滑川市","town":"菰原台"}],"0822":[{"pref":"富山県","city":"滑川市","town":"小森"}],"0073":[{"pref":"富山県","city":"滑川市","town":"幸町"}],"0059":[{"pref":"富山県","city":"滑川市","town":"晒屋"}],"0001":[{"pref":"富山県","city":"滑川市","town":"三ケ"}],"0069":[{"pref":"富山県","city":"滑川市","town":"山王町"}],"0051":[{"pref":"富山県","city":"滑川市","town":"寺家町"}],"0035":[{"pref":"富山県","city":"滑川市","town":"四間町"}],"0045":[{"pref":"富山県","city":"滑川市","town":"七間町"}],"0841":[{"pref":"富山県","city":"滑川市","town":"柴"}],"0052":[{"pref":"富山県","city":"滑川市","town":"清水町"}],"0857":[{"pref":"富山県","city":"滑川市","town":"下梅沢"}],"0058":[{"pref":"富山県","city":"滑川市","town":"下小泉町"}],"0065":[{"pref":"富山県","city":"滑川市","town":"下島"}],"0817":[{"pref":"富山県","city":"滑川市","town":"下野"}],"0848":[{"pref":"富山県","city":"滑川市","town":"常光寺"}],"0060":[{"pref":"富山県","city":"滑川市","town":"神家町"}],"0074":[{"pref":"富山県","city":"滑川市","town":"新富町"}],"0032":[{"pref":"富山県","city":"滑川市","town":"神明町"}],"0804":[{"pref":"富山県","city":"滑川市","town":"杉本"}],"0063":[{"pref":"富山県","city":"滑川市","town":"瀬羽町"}],"0813":[{"pref":"富山県","city":"滑川市","town":"大日"}],"0856":[{"pref":"富山県","city":"滑川市","town":"大門"}],"0011":[{"pref":"富山県","city":"滑川市","town":"高塚"}],"0012":[{"pref":"富山県","city":"滑川市","town":"高塚曙町"}],"0015":[{"pref":"富山県","city":"滑川市","town":"高塚寿町"}],"0013":[{"pref":"富山県","city":"滑川市","town":"高塚新市営住宅"}],"0014":[{"pref":"富山県","city":"滑川市","town":"高塚新町"}],"0078":[{"pref":"富山県","city":"滑川市","town":"高月町"}],"0076":[{"pref":"富山県","city":"滑川市","town":"高月南台"}],"0849":[{"pref":"富山県","city":"滑川市","town":"高柳"}],"0024":[{"pref":"富山県","city":"滑川市","town":"辰野"}],"0022":[{"pref":"富山県","city":"滑川市","town":"辰野新町"}],"0056":[{"pref":"富山県","city":"滑川市","town":"田中新町"}],"0057":[{"pref":"富山県","city":"滑川市","town":"田中町"}],"0826":[{"pref":"富山県","city":"滑川市","town":"田林"}],"0814":[{"pref":"富山県","city":"滑川市","town":"千鳥"}],"0018":[{"pref":"富山県","city":"滑川市","town":"坪川"}],"0019":[{"pref":"富山県","city":"滑川市","town":"坪川新"}],"0844":[{"pref":"富山県","city":"滑川市","town":"寺町"}],"0847":[{"pref":"富山県","city":"滑川市","town":"天望町"}],"0838":[{"pref":"富山県","city":"滑川市","town":"道寺"}],"0827":[{"pref":"富山県","city":"滑川市","town":"東福寺"}],"0823":[{"pref":"富山県","city":"滑川市","town":"東福寺野"}],"0834":[{"pref":"富山県","city":"滑川市","town":"東福寺開"}],"0027":[{"pref":"富山県","city":"滑川市","town":"常盤町"}],"0863":[{"pref":"富山県","city":"滑川市","town":"栃山"}],"0021":[{"pref":"富山県","city":"滑川市","town":"中川原"}],"0861":[{"pref":"富山県","city":"滑川市","town":"中新"}],"0875":[{"pref":"富山県","city":"滑川市","town":"中塚"}],"0816":[{"pref":"富山県","city":"滑川市","town":"中野"}],"0882":[{"pref":"富山県","city":"滑川市","town":"中野島"}],"0036":[{"pref":"富山県","city":"滑川市","town":"中町"}],"0002":[{"pref":"富山県","city":"滑川市","town":"中村"}],"0865":[{"pref":"富山県","city":"滑川市","town":"七口"}],"0831":[{"pref":"富山県","city":"滑川市","town":"野尻"}],"0883":[{"pref":"富山県","city":"滑川市","town":"野町"}],"0062":[{"pref":"富山県","city":"滑川市","town":"橋場町"}],"0061":[{"pref":"富山県","city":"滑川市","town":"浜町"}],"0005":[{"pref":"富山県","city":"滑川市","town":"浜四ツ屋"}],"0837":[{"pref":"富山県","city":"滑川市","town":"東金屋"}],"0835":[{"pref":"富山県","city":"滑川市","town":"開"}],"0043":[{"pref":"富山県","city":"滑川市","town":"瓢町"}],"0881":[{"pref":"富山県","city":"滑川市","town":"藤栄"}],"0872":[{"pref":"富山県","city":"滑川市","town":"二塚"}],"0017":[{"pref":"富山県","city":"滑川市","town":"二ツ破"}],"0037":[{"pref":"富山県","city":"滑川市","town":"武平太町"}],"0885":[{"pref":"富山県","city":"滑川市","town":"法花寺"}],"0812":[{"pref":"富山県","city":"滑川市","town":"堀内"}],"0846":[{"pref":"富山県","city":"滑川市","town":"堀江"}],"0824":[{"pref":"富山県","city":"滑川市","town":"本江"}],"0016":[{"pref":"富山県","city":"滑川市","town":"曲渕"}],"0041":[{"pref":"富山県","city":"滑川市","town":"松原町"}],"0072":[{"pref":"富山県","city":"滑川市","town":"緑町"}],"0821":[{"pref":"富山県","city":"滑川市","town":"蓑輪"}],"0048":[{"pref":"富山県","city":"滑川市","town":"三穂町"}],"0868":[{"pref":"富山県","city":"滑川市","town":"宮窪"}],"0866":[{"pref":"富山県","city":"滑川市","town":"宮窪新"}],"0867":[{"pref":"富山県","city":"滑川市","town":"宮窪台"}],"0815":[{"pref":"富山県","city":"滑川市","town":"室山"}],"0845":[{"pref":"富山県","city":"滑川市","town":"森尻新"}],"0832":[{"pref":"富山県","city":"滑川市","town":"森野新"}],"0825":[{"pref":"富山県","city":"滑川市","town":"安田"}],"0023":[{"pref":"富山県","city":"滑川市","town":"柳原"}],"0025":[{"pref":"富山県","city":"滑川市","town":"柳原新町"}],"0070":[{"pref":"富山県","city":"滑川市","town":"横町"}],"0873":[{"pref":"富山県","city":"滑川市","town":"横道"}],"0003":[{"pref":"富山県","city":"滑川市","town":"吉浦"}],"0807":[{"pref":"富山県","city":"滑川市","town":"四ツ屋"}],"0862":[{"pref":"富山県","city":"滑川市","town":"四屋新"}],"0884":[{"pref":"富山県","city":"滑川市","town":"米島"}],"0071":[{"pref":"富山県","city":"滑川市","town":"領家町"}],"0891":[{"pref":"富山県","city":"中新川郡上市町","town":"護摩堂"}]}