{"0000":[{"pref":"福島県","city":"須賀川市","town":"以下に掲載がない場合"}],"0811":[{"pref":"福島県","city":"須賀川市","town":"あおば町"}],"0816":[{"pref":"福島県","city":"須賀川市","town":"朝日田"}],"0834":[{"pref":"福島県","city":"須賀川市","town":"旭町"}],"0868":[{"pref":"福島県","city":"須賀川市","town":"芦田塚"}],"0867":[{"pref":"福島県","city":"須賀川市","town":"愛宕山"}],"0721":[{"pref":"福島県","city":"須賀川市","town":"雨田"}],"0843":[{"pref":"福島県","city":"須賀川市","town":"池上町"}],"0044":[{"pref":"福島県","city":"須賀川市","town":"池下"}],"0058":[{"pref":"福島県","city":"須賀川市","town":"池ノ下町"}],"0046":[{"pref":"福島県","city":"須賀川市","town":"泉田"}],"0726":[{"pref":"福島県","city":"須賀川市","town":"市野関"}],"0034":[{"pref":"福島県","city":"須賀川市","town":"一里坦"}],"0042":[{"pref":"福島県","city":"須賀川市","town":"稲"}],"0024":[{"pref":"福島県","city":"須賀川市","town":"稲荷町"}],"0301":[{"pref":"福島県","city":"須賀川市","town":"今泉"}],"0026":[{"pref":"福島県","city":"須賀川市","town":"岩崎"}],"0033":[{"pref":"福島県","city":"須賀川市","town":"岩作"}],"0003":[{"pref":"福島県","city":"須賀川市","town":"岩瀬森"}],"0043":[{"pref":"福島県","city":"須賀川市","town":"岩渕"}],"0054":[{"pref":"福島県","city":"須賀川市","town":"牛袋町"}],"0833":[{"pref":"福島県","city":"須賀川市","town":"馬町"}],"0303":[{"pref":"福島県","city":"須賀川市","town":"梅田"}],"0204":[{"pref":"福島県","city":"須賀川市","town":"江花"}],"0801":[{"pref":"福島県","city":"須賀川市","town":"江持"}],"0056":[{"pref":"福島県","city":"須賀川市","town":"大桑原"}],"0312":[{"pref":"福島県","city":"須賀川市","town":"大久保"}],"0722":[{"pref":"福島県","city":"須賀川市","town":"大栗"}],"0032":[{"pref":"福島県","city":"須賀川市","town":"大袋町"}],"0839":[{"pref":"福島県","city":"須賀川市","town":"大町"}],"0013":[{"pref":"福島県","city":"須賀川市","town":"岡東町"}],"0712":[{"pref":"福島県","city":"須賀川市","town":"小倉"}],"0051":[{"pref":"福島県","city":"須賀川市","town":"越久"}],"0053":[{"pref":"福島県","city":"須賀川市","town":"卸町"}],"0031":[{"pref":"福島県","city":"須賀川市","town":"影沼町"}],"0846":[{"pref":"福島県","city":"須賀川市","town":"加治町"}],"0713":[{"pref":"福島県","city":"須賀川市","town":"上小山田"}],"0841":[{"pref":"福島県","city":"須賀川市","town":"上北町"}],"0864":[{"pref":"福島県","city":"須賀川市","town":"北上町"}],"0856":[{"pref":"福島県","city":"須賀川市","town":"北町"}],"0061":[{"pref":"福島県","city":"須賀川市","town":"北山寺町"}],"0313":[{"pref":"福島県","city":"須賀川市","town":"北横田"}],"0405":[{"pref":"福島県","city":"須賀川市","town":"季の郷"}],"0122":[{"pref":"福島県","city":"須賀川市","town":"木之崎"}],"0805":[{"pref":"福島県","city":"須賀川市","town":"崩免"}],"0866":[{"pref":"福島県","city":"須賀川市","town":"栗谷沢"}],"0848":[{"pref":"福島県","city":"須賀川市","town":"弘法坦"}],"0401":[{"pref":"福島県","city":"須賀川市","town":"向陽町"}],"0727":[{"pref":"福島県","city":"須賀川市","town":"小作田"}],"0202":[{"pref":"福島県","city":"須賀川市","town":"小中"}],"0807":[{"pref":"福島県","city":"須賀川市","town":"境免"}],"0858":[{"pref":"福島県","city":"須賀川市","town":"栄町"}],"0011":[{"pref":"福島県","city":"須賀川市","town":"坂の上町"}],"0821":[{"pref":"福島県","city":"須賀川市","town":"桜岡"}],"0035":[{"pref":"福島県","city":"須賀川市","town":"五月雨"}],"0711":[{"pref":"福島県","city":"須賀川市","town":"塩田"}],"0201":[{"pref":"福島県","city":"須賀川市","town":"志茂"}],"0714":[{"pref":"福島県","city":"須賀川市","town":"下小山田"}],"0806":[{"pref":"福島県","city":"須賀川市","town":"下宿前"}],"0007":[{"pref":"福島県","city":"須賀川市","town":"下宿町"}],"0002":[{"pref":"福島県","city":"須賀川市","town":"上人坦"}],"0824":[{"pref":"福島県","city":"須賀川市","town":"新田"}],"0012":[{"pref":"福島県","city":"須賀川市","town":"陣場町"}],"0055":[{"pref":"福島県","city":"須賀川市","town":"新町"}],"0847":[{"pref":"福島県","city":"須賀川市","town":"諏訪町"}],"0205":[{"pref":"福島県","city":"須賀川市","town":"勢至堂"}],"0036":[{"pref":"福島県","city":"須賀川市","town":"芹沢町"}],"0835":[{"pref":"福島県","city":"須賀川市","town":"千日堂"}],"0005":[{"pref":"福島県","city":"須賀川市","town":"台"}],"0023":[{"pref":"福島県","city":"須賀川市","town":"大黒町"}],"0837":[{"pref":"福島県","city":"須賀川市","town":"高久田境"}],"0211":[{"pref":"福島県","city":"須賀川市","town":"滝（赤土、雁田、北久保、白砂、白砂山、大新畑、大日前、滝西、チャクの下、"},{"pref":"福島県","city":"須賀川市","town":"日向前、本郷、前田）"}],"0304":[{"pref":"福島県","city":"須賀川市","town":"滝（その他）"}],"0404":[{"pref":"福島県","city":"須賀川市","town":"舘ケ岡"}],"0021":[{"pref":"福島県","city":"須賀川市","town":"館取町"}],"0724":[{"pref":"福島県","city":"須賀川市","town":"田中"}],"0028":[{"pref":"福島県","city":"須賀川市","town":"茶畑町"}],"0857":[{"pref":"福島県","city":"須賀川市","town":"長禄町"}],"0859":[{"pref":"福島県","city":"須賀川市","town":"塚田"}],"0802":[{"pref":"福島県","city":"須賀川市","town":"堤"}],"0827":[{"pref":"福島県","city":"須賀川市","town":"寺田"}],"0851":[{"pref":"福島県","city":"須賀川市","town":"中宿"}],"0804":[{"pref":"福島県","city":"須賀川市","town":"中曽根"}],"0203":[{"pref":"福島県","city":"須賀川市","town":"長沼"}],"0852":[{"pref":"福島県","city":"須賀川市","town":"仲の町"}],"0845":[{"pref":"福島県","city":"須賀川市","town":"中町"}],"0004":[{"pref":"福島県","city":"須賀川市","town":"中山"}],"0836":[{"pref":"福島県","city":"須賀川市","town":"並木町"}],"0403":[{"pref":"福島県","city":"須賀川市","town":"滑川"}],"0402":[{"pref":"福島県","city":"須賀川市","town":"仁井田"}],"0052":[{"pref":"福島県","city":"須賀川市","town":"西川"}],"0014":[{"pref":"福島県","city":"須賀川市","town":"西川町"}],"0016":[{"pref":"福島県","city":"須賀川市","town":"西田町"}],"0017":[{"pref":"福島県","city":"須賀川市","town":"西の内町"}],"0728":[{"pref":"福島県","city":"須賀川市","town":"虹の台"}],"0063":[{"pref":"福島県","city":"須賀川市","town":"西山寺町"}],"0302":[{"pref":"福島県","city":"須賀川市","town":"柱田"}],"0315":[{"pref":"福島県","city":"須賀川市","town":"畑田"}],"0831":[{"pref":"福島県","city":"須賀川市","town":"八幡町"}],"0025":[{"pref":"福島県","city":"須賀川市","town":"八幡山"}],"0823":[{"pref":"福島県","city":"須賀川市","town":"花岡"}],"0126":[{"pref":"福島県","city":"須賀川市","town":"花の里"}],"0812":[{"pref":"福島県","city":"須賀川市","town":"浜尾"}],"0822":[{"pref":"福島県","city":"須賀川市","town":"東作"}],"0844":[{"pref":"福島県","city":"須賀川市","town":"東町"}],"0725":[{"pref":"福島県","city":"須賀川市","town":"日照田"}],"0015":[{"pref":"福島県","city":"須賀川市","town":"日向町"}],"0826":[{"pref":"福島県","city":"須賀川市","town":"広表"}],"0314":[{"pref":"福島県","city":"須賀川市","town":"深渡戸"}],"0057":[{"pref":"福島県","city":"須賀川市","town":"袋田"}],"0803":[{"pref":"福島県","city":"須賀川市","town":"古河"}],"0861":[{"pref":"福島県","city":"須賀川市","town":"古舘"}],"0854":[{"pref":"福島県","city":"須賀川市","town":"古屋敷"}],"0124":[{"pref":"福島県","city":"須賀川市","town":"桙衝"}],"0045":[{"pref":"福島県","city":"須賀川市","town":"保土原"}],"0125":[{"pref":"福島県","city":"須賀川市","town":"堀込"}],"0027":[{"pref":"福島県","city":"須賀川市","town":"堀底町"}],"0815":[{"pref":"福島県","city":"須賀川市","town":"牡丹園"}],"0853":[{"pref":"福島県","city":"須賀川市","town":"前川"}],"0814":[{"pref":"福島県","city":"須賀川市","town":"前田川"}],"0047":[{"pref":"福島県","city":"須賀川市","town":"松塚"}],"0022":[{"pref":"福島県","city":"須賀川市","town":"丸田町"}],"0863":[{"pref":"福島県","city":"須賀川市","town":"緑町"}],"0817":[{"pref":"福島県","city":"須賀川市","town":"南上町"}],"0838":[{"pref":"福島県","city":"須賀川市","town":"南町"}],"0842":[{"pref":"福島県","city":"須賀川市","town":"宮先町"}],"0406":[{"pref":"福島県","city":"須賀川市","town":"宮の杜"}],"0865":[{"pref":"福島県","city":"須賀川市","town":"妙見"}],"0723":[{"pref":"福島県","city":"須賀川市","town":"狸森"}],"0832":[{"pref":"福島県","city":"須賀川市","town":"本町"}],"0001":[{"pref":"福島県","city":"須賀川市","town":"森宿"}],"0305":[{"pref":"福島県","city":"須賀川市","town":"守屋"}],"0855":[{"pref":"福島県","city":"須賀川市","town":"守谷舘"}],"0311":[{"pref":"福島県","city":"須賀川市","town":"矢沢"}],"0123":[{"pref":"福島県","city":"須賀川市","town":"矢田野"}],"0062":[{"pref":"福島県","city":"須賀川市","town":"山寺町"}],"0006":[{"pref":"福島県","city":"須賀川市","town":"山寺道"}],"0121":[{"pref":"福島県","city":"須賀川市","town":"横田"}],"0041":[{"pref":"福島県","city":"須賀川市","town":"横山町"}],"0059":[{"pref":"福島県","city":"須賀川市","town":"吉美根"}],"0862":[{"pref":"福島県","city":"須賀川市","town":"六郎兵衛"}],"0825":[{"pref":"福島県","city":"須賀川市","town":"六軒"}],"0813":[{"pref":"福島県","city":"須賀川市","town":"和田"}],"0818":[{"pref":"福島県","city":"須賀川市","town":"和田道"}],"0500":[{"pref":"福島県","city":"岩瀬郡天栄村","town":"以下に掲載がない場合"}],"0512":[{"pref":"福島県","city":"岩瀬郡天栄村","town":"飯豊"}],"0504":[{"pref":"福島県","city":"岩瀬郡天栄村","town":"大里"}],"0516":[{"pref":"福島県","city":"岩瀬郡天栄村","town":"小川"}],"0513":[{"pref":"福島県","city":"岩瀬郡天栄村","town":"沖内"}],"0514":[{"pref":"福島県","city":"岩瀬郡天栄村","town":"柿之内"}],"0502":[{"pref":"福島県","city":"岩瀬郡天栄村","town":"上松本"}],"0503":[{"pref":"福島県","city":"岩瀬郡天栄村","town":"下松本"}],"0511":[{"pref":"福島県","city":"岩瀬郡天栄村","town":"白子"}],"0515":[{"pref":"福島県","city":"岩瀬郡天栄村","town":"高林"}],"0622":[{"pref":"福島県","city":"岩瀬郡天栄村","town":"田良尾"}],"0623":[{"pref":"福島県","city":"岩瀬郡天栄村","town":"羽鳥"}],"0501":[{"pref":"福島県","city":"岩瀬郡天栄村","town":"牧之内"}],"0621":[{"pref":"福島県","city":"岩瀬郡天栄村","town":"湯本"}]}