{"1101":[{"pref":"大分県","city":"日田市","town":"鶴城町"}],"1102":[{"pref":"大分県","city":"日田市","town":"上宮町"}],"1103":[{"pref":"大分県","city":"日田市","town":"鶴河内町"}],"1104":[{"pref":"大分県","city":"日田市","town":"大鶴本町"}],"1105":[{"pref":"大分県","city":"日田市","town":"大肥町"}],"1106":[{"pref":"大分県","city":"日田市","town":"大肥本町"}],"1107":[{"pref":"大分県","city":"日田市","town":"大鶴町"}],"1111":[{"pref":"大分県","city":"日田市","town":"夜明上町"}],"1112":[{"pref":"大分県","city":"日田市","town":"夜明中町"}],"1113":[{"pref":"大分県","city":"日田市","town":"夜明関町"}],"1121":[{"pref":"大分県","city":"日田市","town":"源栄町（池ノ鶴、皿山）"}],"1221":[{"pref":"大分県","city":"日田市","town":"伏木町"}],"1222":[{"pref":"大分県","city":"日田市","town":"小河内町"}],"1223":[{"pref":"大分県","city":"日田市","town":"市ノ瀬町"}],"1224":[{"pref":"大分県","city":"日田市","town":"秋原町"}],"1225":[{"pref":"大分県","city":"日田市","town":"藤山町"}],"1231":[{"pref":"大分県","city":"日田市","town":"財津町"}],"1232":[{"pref":"大分県","city":"日田市","town":"清水町"}],"1233":[{"pref":"大分県","city":"日田市","town":"三和団地"}],"1234":[{"pref":"大分県","city":"日田市","town":"天神町"}],"1241":[{"pref":"大分県","city":"日田市","town":"源栄町（その他）"}],"1242":[{"pref":"大分県","city":"日田市","town":"殿町"}],"1243":[{"pref":"大分県","city":"日田市","town":"鈴連町"}],"1244":[{"pref":"大分県","city":"日田市","town":"三河町"}],"1351":[{"pref":"大分県","city":"日田市","town":"三ノ宮町"}],"1352":[{"pref":"大分県","city":"日田市","town":"石松町"}],"1353":[{"pref":"大分県","city":"日田市","town":"上手町"}],"1354":[{"pref":"大分県","city":"日田市","town":"坂井町"}],"1361":[{"pref":"大分県","city":"日田市","town":"有田町"}],"1362":[{"pref":"大分県","city":"日田市","town":"尾当町"}],"1363":[{"pref":"大分県","city":"日田市","town":"中尾町"}],"1364":[{"pref":"大分県","city":"日田市","town":"三池町"}],"1365":[{"pref":"大分県","city":"日田市","town":"水目町"}],"1366":[{"pref":"大分県","city":"日田市","town":"あやめ台"}],"1371":[{"pref":"大分県","city":"日田市","town":"諸留町"}],"1372":[{"pref":"大分県","city":"日田市","town":"上諸留町"}],"1373":[{"pref":"大分県","city":"日田市","town":"月出町"}],"1374":[{"pref":"大分県","city":"日田市","town":"松野町"}],"1375":[{"pref":"大分県","city":"日田市","town":"池辺町"}],"1381":[{"pref":"大分県","city":"日田市","town":"東羽田町"}],"1382":[{"pref":"大分県","city":"日田市","town":"日の本町"}],"1383":[{"pref":"大分県","city":"日田市","town":"岩美町"}],"1384":[{"pref":"大分県","city":"日田市","town":"羽田町"}],"0000":[{"pref":"大分県","city":"日田市","town":"以下に掲載がない場合"}],"0001":[{"pref":"大分県","city":"日田市","town":"秋山町"}],"0084":[{"pref":"大分県","city":"日田市","town":"朝日ケ丘"}],"0085":[{"pref":"大分県","city":"日田市","town":"朝日町"}],"0111":[{"pref":"大分県","city":"日田市","town":"天瀬町五馬市"}],"0114":[{"pref":"大分県","city":"日田市","town":"天瀬町出口"}],"0113":[{"pref":"大分県","city":"日田市","town":"天瀬町塚田"}],"0112":[{"pref":"大分県","city":"日田市","town":"天瀬町本城"}],"0061":[{"pref":"大分県","city":"日田市","town":"石井"}],"0062":[{"pref":"大分県","city":"日田市","town":"上野町"}],"0068":[{"pref":"大分県","city":"日田市","town":"内河町"}],"0033":[{"pref":"大分県","city":"日田市","town":"大部町"}],"0055":[{"pref":"大分県","city":"日田市","town":"大宮町"}],"0201":[{"pref":"大分県","city":"日田市","town":"大山町西大山"}],"0202":[{"pref":"大分県","city":"日田市","town":"大山町東大山"}],"0032":[{"pref":"大分県","city":"日田市","town":"小ケ瀬町"}],"0088":[{"pref":"大分県","city":"日田市","town":"小迫町"}],"0064":[{"pref":"大分県","city":"日田市","town":"小山町"}],"0022":[{"pref":"大分県","city":"日田市","town":"神来町"}],"0003":[{"pref":"大分県","city":"日田市","town":"上城内町"}],"0312":[{"pref":"大分県","city":"日田市","town":"上津江町上野田"}],"0311":[{"pref":"大分県","city":"日田市","town":"上津江町川原"}],"0076":[{"pref":"大分県","city":"日田市","town":"亀川町"}],"0066":[{"pref":"大分県","city":"日田市","town":"川下"}],"0043":[{"pref":"大分県","city":"日田市","town":"川原町"}],"0045":[{"pref":"大分県","city":"日田市","town":"亀山町"}],"0078":[{"pref":"大分県","city":"日田市","town":"北友田"}],"0087":[{"pref":"大分県","city":"日田市","town":"君迫町"}],"0051":[{"pref":"大分県","city":"日田市","town":"京町"}],"0063":[{"pref":"大分県","city":"日田市","town":"串川町"}],"0044":[{"pref":"大分県","city":"日田市","town":"隈"}],"0031":[{"pref":"大分県","city":"日田市","town":"古金町"}],"0054":[{"pref":"大分県","city":"日田市","town":"琴平町"}],"0016":[{"pref":"大分県","city":"日田市","town":"三本松"}],"0017":[{"pref":"大分県","city":"日田市","town":"三本松新町"}],"0038":[{"pref":"大分県","city":"日田市","town":"下井手町"}],"0002":[{"pref":"大分県","city":"日田市","town":"城内新町"}],"0004":[{"pref":"大分県","city":"日田市","town":"城町"}],"0081":[{"pref":"大分県","city":"日田市","town":"清岸寺町"}],"0056":[{"pref":"大分県","city":"日田市","town":"誠和町"}],"0052":[{"pref":"大分県","city":"日田市","town":"銭渕町"}],"0059":[{"pref":"大分県","city":"日田市","town":"大日町"}],"0067":[{"pref":"大分県","city":"日田市","town":"高井町"}],"0053":[{"pref":"大分県","city":"日田市","town":"高瀬本町"}],"0041":[{"pref":"大分県","city":"日田市","town":"竹田新町"}],"0023":[{"pref":"大分県","city":"日田市","town":"田島（大字）"}],"0025":[{"pref":"大分県","city":"日田市","town":"田島（丁目）"}],"0026":[{"pref":"大分県","city":"日田市","town":"田島本町"}],"0071":[{"pref":"大分県","city":"日田市","town":"玉川町"}],"0012":[{"pref":"大分県","city":"日田市","town":"淡窓"}],"0015":[{"pref":"大分県","city":"日田市","town":"中央"}],"0011":[{"pref":"大分県","city":"日田市","town":"中城町"}],"0302":[{"pref":"大分県","city":"日田市","town":"中津江村合瀬"}],"0301":[{"pref":"大分県","city":"日田市","town":"中津江村栃野"}],"0075":[{"pref":"大分県","city":"日田市","town":"中釣町"}],"0074":[{"pref":"大分県","city":"日田市","town":"中ノ島町"}],"0047":[{"pref":"大分県","city":"日田市","town":"中本町"}],"0058":[{"pref":"大分県","city":"日田市","town":"南部町"}],"0072":[{"pref":"大分県","city":"日田市","town":"新治町"}],"0086":[{"pref":"大分県","city":"日田市","town":"二串町"}],"0042":[{"pref":"大分県","city":"日田市","town":"東町"}],"0035":[{"pref":"大分県","city":"日田市","town":"日高町"}],"0073":[{"pref":"大分県","city":"日田市","town":"日ノ隈町"}],"0082":[{"pref":"大分県","city":"日田市","town":"日ノ出町"}],"0083":[{"pref":"大分県","city":"日田市","town":"吹上町"}],"0046":[{"pref":"大分県","city":"日田市","town":"本庄町"}],"0014":[{"pref":"大分県","city":"日田市","town":"本町"}],"0211":[{"pref":"大分県","city":"日田市","town":"前津江町赤石"}],"0212":[{"pref":"大分県","city":"日田市","town":"前津江町大野"}],"0221":[{"pref":"大分県","city":"日田市","town":"前津江町柚木（その他）"}],"0005":[{"pref":"大分県","city":"日田市","town":"豆田町"}],"0007":[{"pref":"大分県","city":"日田市","town":"丸の内町"}],"0008":[{"pref":"大分県","city":"日田市","town":"丸山"}],"0065":[{"pref":"大分県","city":"日田市","town":"緑町"}],"0006":[{"pref":"大分県","city":"日田市","town":"港町"}],"0077":[{"pref":"大分県","city":"日田市","town":"南友田町"}],"0024":[{"pref":"大分県","city":"日田市","town":"南元町"}],"0036":[{"pref":"大分県","city":"日田市","town":"三芳小渕町"}],"0013":[{"pref":"大分県","city":"日田市","town":"元町"}],"0021":[{"pref":"大分県","city":"日田市","town":"求町"}],"0034":[{"pref":"大分県","city":"日田市","town":"桃山町"}],"0057":[{"pref":"大分県","city":"日田市","town":"八幡町"}],"0089":[{"pref":"大分県","city":"日田市","town":"山田町"}],"0039":[{"pref":"大分県","city":"日田市","town":"刃連町"}],"0037":[{"pref":"大分県","city":"日田市","town":"若宮町"}]}