{"0000":[{"pref":"石川県","city":"加賀市","town":"以下に掲載がない場合"}],"0337":[{"pref":"石川県","city":"加賀市","town":"合河町"}],"0278":[{"pref":"石川県","city":"加賀市","town":"荒木町"}],"0406":[{"pref":"石川県","city":"加賀市","town":"伊切町"}],"0403":[{"pref":"石川県","city":"加賀市","town":"一白町"}],"0331":[{"pref":"石川県","city":"加賀市","town":"動橋町"}],"0411":[{"pref":"石川県","city":"加賀市","town":"潮津町"}],"0312":[{"pref":"石川県","city":"加賀市","town":"宇谷町"}],"0302":[{"pref":"石川県","city":"加賀市","town":"打越町"}],"0222":[{"pref":"石川県","city":"加賀市","town":"上野町（丸山）"}],"0322":[{"pref":"石川県","city":"加賀市","town":"上野町（その他）"}],"0425":[{"pref":"石川県","city":"加賀市","town":"大菅波町"}],"0856":[{"pref":"石川県","city":"加賀市","town":"奥谷町"}],"0445":[{"pref":"石川県","city":"加賀市","town":"小塩辻町"}],"0553":[{"pref":"石川県","city":"加賀市","town":"小塩町"}],"0428":[{"pref":"石川県","city":"加賀市","town":"尾中町"}],"0271":[{"pref":"石川県","city":"加賀市","town":"尾俣町"}],"0262":[{"pref":"石川県","city":"加賀市","town":"柏野町"}],"0305":[{"pref":"石川県","city":"加賀市","town":"梶井町"}],"0564":[{"pref":"石川県","city":"加賀市","town":"片野町"}],"0412":[{"pref":"石川県","city":"加賀市","town":"片山津温泉"}],"0414":[{"pref":"石川県","city":"加賀市","town":"片山津町"}],"0273":[{"pref":"石川県","city":"加賀市","town":"桂谷町"}],"0013":[{"pref":"石川県","city":"加賀市","town":"上河崎町"}],"0241":[{"pref":"石川県","city":"加賀市","town":"加茂町"}],"0277":[{"pref":"石川県","city":"加賀市","town":"河南町"}],"0276":[{"pref":"石川県","city":"加賀市","town":"河南町（淀町）"}],"0314":[{"pref":"石川県","city":"加賀市","town":"河原町"}],"0307":[{"pref":"石川県","city":"加賀市","town":"干拓町"}],"0434":[{"pref":"石川県","city":"加賀市","town":"北山田町"}],"0435":[{"pref":"石川県","city":"加賀市","town":"希望が丘"}],"0842":[{"pref":"石川県","city":"加賀市","town":"熊坂町"}],"0565":[{"pref":"石川県","city":"加賀市","town":"黒崎町"}],"0823":[{"pref":"石川県","city":"加賀市","town":"黒瀬町"}],"0326":[{"pref":"石川県","city":"加賀市","town":"桑原町"}],"0404":[{"pref":"石川県","city":"加賀市","town":"源平町"}],"0266":[{"pref":"石川県","city":"加賀市","town":"小坂町"}],"0413":[{"pref":"石川県","city":"加賀市","town":"湖城町"}],"0424":[{"pref":"石川県","city":"加賀市","town":"小菅波町"}],"0831":[{"pref":"石川県","city":"加賀市","town":"幸町"}],"0311":[{"pref":"石川県","city":"加賀市","town":"栄谷町"}],"0423":[{"pref":"石川県","city":"加賀市","town":"作見町"}],"0446":[{"pref":"石川県","city":"加賀市","town":"塩浜町"}],"0673":[{"pref":"石川県","city":"加賀市","town":"塩屋町"}],"0441":[{"pref":"石川県","city":"加賀市","town":"篠原新町"}],"0442":[{"pref":"石川県","city":"加賀市","town":"篠原町"}],"0402":[{"pref":"石川県","city":"加賀市","town":"柴山町"}],"0315":[{"pref":"石川県","city":"加賀市","town":"清水町"}],"0012":[{"pref":"石川県","city":"加賀市","town":"下河崎町"}],"0332":[{"pref":"石川県","city":"加賀市","town":"庄町"}],"0836":[{"pref":"石川県","city":"加賀市","town":"白鳥町"}],"0401":[{"pref":"石川県","city":"加賀市","town":"新保町"}],"0822":[{"pref":"石川県","city":"加賀市","town":"吸坂町"}],"0264":[{"pref":"石川県","city":"加賀市","town":"須谷町"}],"0833":[{"pref":"石川県","city":"加賀市","town":"曾宇町"}],"0825":[{"pref":"石川県","city":"加賀市","town":"直下町"}],"0061":[{"pref":"石川県","city":"加賀市","town":"大聖寺相生町"}],"0022":[{"pref":"石川県","city":"加賀市","town":"大聖寺曙町"}],"0028":[{"pref":"石川県","city":"加賀市","town":"大聖寺麻畠町"}],"0004":[{"pref":"石川県","city":"加賀市","town":"大聖寺朝日町"},{"pref":"石川県","city":"加賀市","town":"大聖寺上福田町"},{"pref":"石川県","city":"加賀市","town":"大聖寺新川町"},{"pref":"石川県","city":"加賀市","town":"大聖寺畑町"},{"pref":"石川県","city":"加賀市","town":"大聖寺畑山町"},{"pref":"石川県","city":"加賀市","town":"大聖寺松島町"},{"pref":"石川県","city":"加賀市","town":"豊町（ハ）"}],"0034":[{"pref":"石川県","city":"加賀市","town":"大聖寺荒町"}],"0036":[{"pref":"石川県","city":"加賀市","town":"大聖寺一本橋町"}],"0863":[{"pref":"石川県","city":"加賀市","town":"大聖寺今出町"}],"0042":[{"pref":"石川県","city":"加賀市","town":"大聖寺魚町"}],"0001":[{"pref":"石川県","city":"加賀市","town":"大聖寺上木町"}],"0802":[{"pref":"石川県","city":"加賀市","town":"大聖寺越前町"}],"0803":[{"pref":"石川県","city":"加賀市","town":"大聖寺越前三ツ屋町"},{"pref":"石川県","city":"加賀市","town":"大聖寺三ツ屋町"}],"0806":[{"pref":"石川県","city":"加賀市","town":"大聖寺大新道"}],"0005":[{"pref":"石川県","city":"加賀市","town":"大聖寺岡町"}],"0003":[{"pref":"石川県","city":"加賀市","town":"大聖寺荻生町"}],"0037":[{"pref":"石川県","city":"加賀市","town":"大聖寺鍛冶町"}],"0011":[{"pref":"石川県","city":"加賀市","town":"大聖寺春日町"},{"pref":"石川県","city":"加賀市","town":"大聖寺敷地"},{"pref":"石川県","city":"加賀市","town":"大聖寺東敷地町"},{"pref":"石川県","city":"加賀市","town":"大聖寺平床"}],"0056":[{"pref":"石川県","city":"加賀市","town":"大聖寺片原町"}],"0032":[{"pref":"石川県","city":"加賀市","town":"大聖寺金子町"}],"0046":[{"pref":"石川県","city":"加賀市","town":"大聖寺観音町"}],"0026":[{"pref":"石川県","city":"加賀市","town":"大聖寺亀町"}],"0064":[{"pref":"石川県","city":"加賀市","town":"大聖寺北片原町"}],"0055":[{"pref":"石川県","city":"加賀市","town":"大聖寺京町"}],"0851":[{"pref":"石川県","city":"加賀市","town":"大聖寺錦城ケ丘"}],"0031":[{"pref":"石川県","city":"加賀市","town":"大聖寺木呂場町"}],"0043":[{"pref":"石川県","city":"加賀市","town":"大聖寺五軒町"}],"0841":[{"pref":"石川県","city":"加賀市","town":"大聖寺下屋敷町"}],"0002":[{"pref":"石川県","city":"加賀市","town":"大聖寺下福田町"}],"0065":[{"pref":"石川県","city":"加賀市","town":"大聖寺新旗陽町"}],"0068":[{"pref":"石川県","city":"加賀市","town":"大聖寺新組町"}],"0021":[{"pref":"石川県","city":"加賀市","town":"大聖寺新栄町"}],"0063":[{"pref":"石川県","city":"加賀市","town":"大聖寺新町"}],"0807":[{"pref":"石川県","city":"加賀市","town":"大聖寺神明町"}],"0805":[{"pref":"石川県","city":"加賀市","town":"大聖寺新屋敷町"}],"0861":[{"pref":"石川県","city":"加賀市","town":"大聖寺地方町"}],"0045":[{"pref":"石川県","city":"加賀市","town":"大聖寺十一町"}],"0815":[{"pref":"石川県","city":"加賀市","town":"大聖寺菅生"}],"0814":[{"pref":"石川県","city":"加賀市","town":"大聖寺菅生町"}],"0801":[{"pref":"石川県","city":"加賀市","town":"大聖寺関町"}],"0671":[{"pref":"石川県","city":"加賀市","town":"大聖寺瀬越町"}],"0053":[{"pref":"石川県","city":"加賀市","town":"大聖寺鷹匠町"}],"0812":[{"pref":"石川県","city":"加賀市","town":"大聖寺田原町"}],"0023":[{"pref":"石川県","city":"加賀市","town":"大聖寺大名竹町"}],"0035":[{"pref":"石川県","city":"加賀市","town":"大聖寺鉄砲町"}],"0054":[{"pref":"石川県","city":"加賀市","town":"大聖寺寺町"}],"0007":[{"pref":"石川県","city":"加賀市","town":"大聖寺天神下町"}],"0066":[{"pref":"石川県","city":"加賀市","town":"大聖寺殿町"}],"0804":[{"pref":"石川県","city":"加賀市","town":"大聖寺中新道"}],"0051":[{"pref":"石川県","city":"加賀市","town":"大聖寺仲町"}],"0047":[{"pref":"石川県","city":"加賀市","town":"大聖寺中町"}],"0024":[{"pref":"石川県","city":"加賀市","town":"大聖寺永町"}],"0862":[{"pref":"石川県","city":"加賀市","town":"大聖寺錦町"}],"0864":[{"pref":"石川県","city":"加賀市","town":"大聖寺西栄町"}],"0865":[{"pref":"石川県","city":"加賀市","town":"大聖寺西町"}],"0057":[{"pref":"石川県","city":"加賀市","town":"大聖寺八間道"}],"0048":[{"pref":"石川県","city":"加賀市","town":"大聖寺馬場町"}],"0067":[{"pref":"石川県","city":"加賀市","town":"大聖寺番場町"}],"0816":[{"pref":"石川県","city":"加賀市","town":"大聖寺東町"}],"0044":[{"pref":"石川県","city":"加賀市","town":"大聖寺東横町"}],"0052":[{"pref":"石川県","city":"加賀市","town":"大聖寺福田町"}],"0006":[{"pref":"石川県","city":"加賀市","town":"大聖寺藤ノ木町"}],"0033":[{"pref":"石川県","city":"加賀市","town":"大聖寺法華坊町"}],"0041":[{"pref":"石川県","city":"加賀市","town":"大聖寺本町"}],"0062":[{"pref":"石川県","city":"加賀市","town":"大聖寺松ケ根町"}],"0853":[{"pref":"石川県","city":"加賀市","town":"大聖寺三ツ町"}],"0852":[{"pref":"石川県","city":"加賀市","town":"大聖寺緑ケ丘"}],"0811":[{"pref":"石川県","city":"加賀市","town":"大聖寺南町"}],"0025":[{"pref":"石川県","city":"加賀市","town":"大聖寺耳聞山仲町"}],"0027":[{"pref":"石川県","city":"加賀市","town":"大聖寺耳聞山町"}],"0038":[{"pref":"石川県","city":"加賀市","town":"大聖寺山田町"}],"0813":[{"pref":"石川県","city":"加賀市","town":"大聖寺弓町"}],"0843":[{"pref":"石川県","city":"加賀市","town":"大同町"}],"0562":[{"pref":"石川県","city":"加賀市","town":"高尾町"}],"0301":[{"pref":"石川県","city":"加賀市","town":"高塚町"}],"0552":[{"pref":"石川県","city":"加賀市","town":"田尻町"}],"0855":[{"pref":"石川県","city":"加賀市","town":"橘町"}],"0313":[{"pref":"石川県","city":"加賀市","town":"勅使町"}],"0333":[{"pref":"石川県","city":"加賀市","town":"津波倉町"}],"0405":[{"pref":"石川県","city":"加賀市","town":"手塚町"}],"0426":[{"pref":"石川県","city":"加賀市","town":"天日町"}],"0427":[{"pref":"石川県","city":"加賀市","town":"ときわ台"}],"0832":[{"pref":"石川県","city":"加賀市","town":"百々町"}],"0263":[{"pref":"石川県","city":"加賀市","town":"塔尾町"}],"0421":[{"pref":"石川県","city":"加賀市","town":"冨塚町"}],"0306":[{"pref":"石川県","city":"加賀市","town":"中島町"}],"0014":[{"pref":"石川県","city":"加賀市","town":"中代町"}],"0857":[{"pref":"石川県","city":"加賀市","town":"永井町"}],"0324":[{"pref":"石川県","city":"加賀市","town":"七日市新町"}],"0335":[{"pref":"石川県","city":"加賀市","town":"七日市町"}],"0821":[{"pref":"石川県","city":"加賀市","town":"南郷町"}],"0334":[{"pref":"石川県","city":"加賀市","town":"西島町"}],"0433":[{"pref":"石川県","city":"加賀市","town":"西山田町"}],"0443":[{"pref":"石川県","city":"加賀市","town":"野田町"}],"0437":[{"pref":"石川県","city":"加賀市","town":"白山台"}],"0844":[{"pref":"石川県","city":"加賀市","town":"白望台町"}],"0303":[{"pref":"石川県","city":"加賀市","town":"箱宮町"}],"0554":[{"pref":"石川県","city":"加賀市","town":"橋立町"}],"0432":[{"pref":"石川県","city":"加賀市","town":"東山田町"}],"0824":[{"pref":"石川県","city":"加賀市","town":"日谷町"}],"0566":[{"pref":"石川県","city":"加賀市","town":"深田町"}],"0325":[{"pref":"石川県","city":"加賀市","town":"二子塚町"}],"0267":[{"pref":"石川県","city":"加賀市","town":"二ツ屋町"}],"0304":[{"pref":"石川県","city":"加賀市","town":"分校町"}],"0274":[{"pref":"石川県","city":"加賀市","town":"別所町"}],"0275":[{"pref":"石川県","city":"加賀市","town":"別所町（富士見ケ丘）"}],"0015":[{"pref":"石川県","city":"加賀市","town":"保賀町"}],"0835":[{"pref":"石川県","city":"加賀市","town":"細坪町"}],"0436":[{"pref":"石川県","city":"加賀市","town":"松が丘"}],"0316":[{"pref":"石川県","city":"加賀市","town":"松山町"}],"0221":[{"pref":"石川県","city":"加賀市","town":"丸山町"}],"0854":[{"pref":"石川県","city":"加賀市","town":"三木町"}],"0551":[{"pref":"石川県","city":"加賀市","town":"美岬町"}],"0265":[{"pref":"石川県","city":"加賀市","town":"水田丸町"}],"0834":[{"pref":"石川県","city":"加賀市","town":"美谷が丘"}],"0444":[{"pref":"石川県","city":"加賀市","town":"宮地町"}],"0561":[{"pref":"石川県","city":"加賀市","town":"宮町"}],"0321":[{"pref":"石川県","city":"加賀市","town":"森町"}],"0242":[{"pref":"石川県","city":"加賀市","town":"山代温泉"}],"0247":[{"pref":"石川県","city":"加賀市","town":"山代温泉（上宮）"}],"0254":[{"pref":"石川県","city":"加賀市","town":"山代温泉（温泉通り）"}],"0257":[{"pref":"石川県","city":"加賀市","town":"山代温泉（桔梗丘）"}],"0252":[{"pref":"石川県","city":"加賀市","town":"山代温泉（九谷町）"}],"0255":[{"pref":"石川県","city":"加賀市","town":"山代温泉（幸町）"}],"0244":[{"pref":"石川県","city":"加賀市","town":"山代温泉（神明町）"}],"0246":[{"pref":"石川県","city":"加賀市","town":"山代温泉（八幡）"}],"0256":[{"pref":"石川県","city":"加賀市","town":"山代温泉（万松園通）"}],"0253":[{"pref":"石川県","city":"加賀市","town":"山代温泉（東山町）"}],"0243":[{"pref":"石川県","city":"加賀市","town":"山代温泉（北部）"}],"0258":[{"pref":"石川県","city":"加賀市","town":"山代温泉（南町）"}],"0245":[{"pref":"石川県","city":"加賀市","town":"山代温泉（山背台）"}],"0251":[{"pref":"石川県","city":"加賀市","town":"山代温泉（大和町）"}],"0250":[{"pref":"石川県","city":"加賀市","town":"山代温泉桜町"}],"0431":[{"pref":"石川県","city":"加賀市","town":"山田町"}],"0104":[{"pref":"石川県","city":"加賀市","town":"山中温泉旭町"}],"0134":[{"pref":"石川県","city":"加賀市","town":"山中温泉荒谷町"},{"pref":"石川県","city":"加賀市","town":"山中温泉菅生谷町"}],"0105":[{"pref":"石川県","city":"加賀市","town":"山中温泉泉町"}],"0135":[{"pref":"石川県","city":"加賀市","town":"山中温泉今立町"},{"pref":"石川県","city":"加賀市","town":"山中温泉大土町"}],"0117":[{"pref":"石川県","city":"加賀市","town":"山中温泉上野町（緑ケ丘）"},{"pref":"石川県","city":"加賀市","town":"山中温泉上野町（その他）"}],"0107":[{"pref":"石川県","city":"加賀市","town":"山中温泉上原町（漆器団地）"}],"0108":[{"pref":"石川県","city":"加賀市","town":"山中温泉上原町（しらさぎ団地）"}],"0106":[{"pref":"石川県","city":"加賀市","town":"山中温泉上原町（その他）"}],"0126":[{"pref":"石川県","city":"加賀市","town":"山中温泉河鹿町"}],"0137":[{"pref":"石川県","city":"加賀市","town":"山中温泉風谷町"},{"pref":"石川県","city":"加賀市","town":"山中温泉我谷町"}],"0118":[{"pref":"石川県","city":"加賀市","town":"山中温泉加美谷台"}],"0138":[{"pref":"石川県","city":"加賀市","town":"山中温泉栢野町"}],"0136":[{"pref":"石川県","city":"加賀市","town":"山中温泉枯淵町"},{"pref":"石川県","city":"加賀市","town":"山中温泉九谷町"},{"pref":"石川県","city":"加賀市","town":"山中温泉坂下町"},{"pref":"石川県","city":"加賀市","town":"山中温泉杉水町"},{"pref":"石川県","city":"加賀市","town":"山中温泉片谷町"},{"pref":"石川県","city":"加賀市","town":"山中温泉真砂町"}],"0128":[{"pref":"石川県","city":"加賀市","town":"山中温泉こおろぎ町"}],"0125":[{"pref":"石川県","city":"加賀市","town":"山中温泉栄町"}],"0131":[{"pref":"石川県","city":"加賀市","town":"山中温泉四十九院町"}],"0127":[{"pref":"石川県","city":"加賀市","town":"山中温泉下谷町"}],"0139":[{"pref":"石川県","city":"加賀市","town":"山中温泉菅谷町"}],"0133":[{"pref":"石川県","city":"加賀市","town":"山中温泉滝町"}],"0111":[{"pref":"石川県","city":"加賀市","town":"山中温泉塚谷町"}],"0101":[{"pref":"石川県","city":"加賀市","town":"山中温泉中田町"},{"pref":"石川県","city":"加賀市","town":"山中温泉二天町"}],"0132":[{"pref":"石川県","city":"加賀市","town":"山中温泉中津原町"}],"0112":[{"pref":"石川県","city":"加賀市","town":"山中温泉西桂木町"}],"0116":[{"pref":"石川県","city":"加賀市","town":"山中温泉白山町"}],"0102":[{"pref":"石川県","city":"加賀市","town":"山中温泉長谷田町（日の出団地）"}],"0103":[{"pref":"石川県","city":"加賀市","town":"山中温泉長谷田町（その他）"}],"0113":[{"pref":"石川県","city":"加賀市","town":"山中温泉東桂木町"}],"0114":[{"pref":"石川県","city":"加賀市","town":"山中温泉東町"}],"0121":[{"pref":"石川県","city":"加賀市","town":"山中温泉富士見町"}],"0115":[{"pref":"石川県","city":"加賀市","town":"山中温泉本町"}],"0129":[{"pref":"石川県","city":"加賀市","town":"山中温泉南町"}],"0109":[{"pref":"石川県","city":"加賀市","town":"山中温泉宮の杜"}],"0123":[{"pref":"石川県","city":"加賀市","town":"山中温泉薬師町"}],"0124":[{"pref":"石川県","city":"加賀市","town":"山中温泉湯の出町"}],"0122":[{"pref":"石川県","city":"加賀市","town":"山中温泉湯の本町"}],"0563":[{"pref":"石川県","city":"加賀市","town":"豊町"}],"0422":[{"pref":"石川県","city":"加賀市","town":"弓波町"}],"0336":[{"pref":"石川県","city":"加賀市","town":"八日市町"}],"0261":[{"pref":"石川県","city":"加賀市","town":"横北町"}],"0672":[{"pref":"石川県","city":"加賀市","town":"吉崎町"}],"0323":[{"pref":"石川県","city":"加賀市","town":"若葉台"}],"0679":[{"pref":"福井県","city":"あわら市","town":"吉崎"}]}