{"1100":[{"pref":"静岡県","city":"裾野市","town":"以下に掲載がない場合"}],"1101":[{"pref":"静岡県","city":"裾野市","town":"岩波"}],"1102":[{"pref":"静岡県","city":"裾野市","town":"深良"}],"1103":[{"pref":"静岡県","city":"裾野市","town":"葛山"}],"1104":[{"pref":"静岡県","city":"裾野市","town":"今里"}],"1105":[{"pref":"静岡県","city":"裾野市","town":"下和田"}],"1106":[{"pref":"静岡県","city":"裾野市","town":"金沢"}],"1107":[{"pref":"静岡県","city":"裾野市","town":"御宿"}],"1108":[{"pref":"静岡県","city":"裾野市","town":"上ケ田"}],"1109":[{"pref":"静岡県","city":"裾野市","town":"呼子"}],"1111":[{"pref":"静岡県","city":"裾野市","town":"久根"}],"1112":[{"pref":"静岡県","city":"裾野市","town":"公文名"}],"1113":[{"pref":"静岡県","city":"裾野市","town":"稲荷"}],"1114":[{"pref":"静岡県","city":"裾野市","town":"大畑"}],"1115":[{"pref":"静岡県","city":"裾野市","town":"千福が丘"}],"1116":[{"pref":"静岡県","city":"裾野市","town":"千福"}],"1117":[{"pref":"静岡県","city":"裾野市","town":"石脇"}],"1118":[{"pref":"静岡県","city":"裾野市","town":"佐野"}],"1121":[{"pref":"静岡県","city":"裾野市","town":"茶畑"}],"1122":[{"pref":"静岡県","city":"裾野市","town":"麦塚"}],"1123":[{"pref":"静岡県","city":"裾野市","town":"伊豆島田"}],"1124":[{"pref":"静岡県","city":"裾野市","town":"水窪"}],"1125":[{"pref":"静岡県","city":"裾野市","town":"富沢"}],"1126":[{"pref":"静岡県","city":"裾野市","town":"桃園"}],"1127":[{"pref":"静岡県","city":"裾野市","town":"平松"}],"1128":[{"pref":"静岡県","city":"裾野市","town":"二ツ屋"}],"1231":[{"pref":"静岡県","city":"裾野市","town":"須山"}],"1300":[{"pref":"静岡県","city":"駿東郡小山町","town":"以下に掲載がない場合"}],"1301":[{"pref":"静岡県","city":"駿東郡小山町","town":"柳島"}],"1302":[{"pref":"静岡県","city":"駿東郡小山町","town":"中島"}],"1303":[{"pref":"静岡県","city":"駿東郡小山町","town":"生土"}],"1304":[{"pref":"静岡県","city":"駿東郡小山町","town":"藤曲"}],"1305":[{"pref":"静岡県","city":"駿東郡小山町","town":"湯船"}],"1306":[{"pref":"静岡県","city":"駿東郡小山町","town":"上野"}],"1307":[{"pref":"静岡県","city":"駿東郡小山町","town":"中日向"}],"1308":[{"pref":"静岡県","city":"駿東郡小山町","town":"大御神"}],"1311":[{"pref":"静岡県","city":"駿東郡小山町","town":"小山"}],"1312":[{"pref":"静岡県","city":"駿東郡小山町","town":"菅沼"}],"1313":[{"pref":"静岡県","city":"駿東郡小山町","town":"竹之下"}],"1314":[{"pref":"静岡県","city":"駿東郡小山町","town":"新柴"}],"1315":[{"pref":"静岡県","city":"駿東郡小山町","town":"桑木"}],"1316":[{"pref":"静岡県","city":"駿東郡小山町","town":"下古城"}],"1317":[{"pref":"静岡県","city":"駿東郡小山町","town":"大胡田"}],"1321":[{"pref":"静岡県","city":"駿東郡小山町","town":"阿多野"}],"1322":[{"pref":"静岡県","city":"駿東郡小山町","town":"吉久保"}],"1323":[{"pref":"静岡県","city":"駿東郡小山町","town":"上古城"}],"1324":[{"pref":"静岡県","city":"駿東郡小山町","town":"下小林"}],"1325":[{"pref":"静岡県","city":"駿東郡小山町","town":"一色"}],"1326":[{"pref":"静岡県","city":"駿東郡小山町","town":"用沢"}],"1327":[{"pref":"静岡県","city":"駿東郡小山町","town":"棚頭"}],"1431":[{"pref":"静岡県","city":"駿東郡小山町","town":"須走"}],"1432":[{"pref":"静岡県","city":"駿東郡小山町","town":"自衛隊富士学校"}],"2101":[{"pref":"静岡県","city":"伊豆の国市","town":"小松ケ原"}],"2102":[{"pref":"静岡県","city":"伊豆の国市","town":"富士見ニュータウン"}],"2103":[{"pref":"静岡県","city":"伊豆の国市","town":"エメラルドタウン"}],"2111":[{"pref":"静岡県","city":"伊豆の国市","town":"立花台"}],"2112":[{"pref":"静岡県","city":"伊豆の国市","town":"内中"}],"2113":[{"pref":"静岡県","city":"伊豆の国市","town":"中"}],"2114":[{"pref":"静岡県","city":"伊豆の国市","town":"南條"}],"2121":[{"pref":"静岡県","city":"伊豆の国市","town":"中條"}],"2122":[{"pref":"静岡県","city":"伊豆の国市","town":"寺家"}],"2123":[{"pref":"静岡県","city":"伊豆の国市","town":"四日町"}],"2124":[{"pref":"静岡県","city":"伊豆の国市","town":"原木"}],"2131":[{"pref":"静岡県","city":"伊豆の国市","town":"長崎"}],"2132":[{"pref":"静岡県","city":"伊豆の国市","town":"奈古谷"}],"2133":[{"pref":"静岡県","city":"伊豆の国市","town":"韮山多田"}],"2141":[{"pref":"静岡県","city":"伊豆の国市","town":"韮山山木"}],"2142":[{"pref":"静岡県","city":"伊豆の国市","town":"韮山金谷"}],"2143":[{"pref":"静岡県","city":"伊豆の国市","town":"韮山韮山"}],"2144":[{"pref":"静岡県","city":"伊豆の国市","town":"韮山土手和田"}],"2200":[{"pref":"静岡県","city":"伊豆の国市","town":"以下に掲載がない場合"}],"2201":[{"pref":"静岡県","city":"伊豆の国市","town":"古奈"}],"2202":[{"pref":"静岡県","city":"伊豆の国市","town":"天野"}],"2203":[{"pref":"静岡県","city":"伊豆の国市","town":"小坂"}],"2204":[{"pref":"静岡県","city":"伊豆の国市","town":"墹之上"}],"2205":[{"pref":"静岡県","city":"伊豆の国市","town":"富士見"}],"2211":[{"pref":"静岡県","city":"伊豆の国市","town":"長岡"}],"2212":[{"pref":"静岡県","city":"伊豆の国市","town":"長瀬"}],"2213":[{"pref":"静岡県","city":"伊豆の国市","town":"戸沢"}],"2214":[{"pref":"静岡県","city":"伊豆の国市","town":"花坂"}],"2221":[{"pref":"静岡県","city":"伊豆の国市","town":"南江間"}],"2223":[{"pref":"静岡県","city":"伊豆の国市","town":"北江間"}],"2301":[{"pref":"静岡県","city":"伊豆の国市","town":"田中山"}],"2302":[{"pref":"静岡県","city":"伊豆の国市","town":"宗光寺"}],"2303":[{"pref":"静岡県","city":"伊豆の国市","town":"立花"}],"2304":[{"pref":"静岡県","city":"伊豆の国市","town":"宗光寺（星和）"}],"2311":[{"pref":"静岡県","city":"伊豆の国市","town":"浮橋"}],"2312":[{"pref":"静岡県","city":"伊豆の国市","town":"長者原"}],"2313":[{"pref":"静岡県","city":"伊豆の国市","town":"田原野"}],"2314":[{"pref":"静岡県","city":"伊豆の国市","town":"下畑"}],"2315":[{"pref":"静岡県","city":"伊豆の国市","town":"田京"}],"2316":[{"pref":"静岡県","city":"伊豆の国市","town":"御門"}],"2317":[{"pref":"静岡県","city":"伊豆の国市","town":"守木"}],"2318":[{"pref":"静岡県","city":"伊豆の国市","town":"白山堂"}],"2321":[{"pref":"静岡県","city":"伊豆の国市","town":"三福"}],"2322":[{"pref":"静岡県","city":"伊豆の国市","town":"吉田"}],"2323":[{"pref":"静岡県","city":"伊豆の国市","town":"大仁"}],"2324":[{"pref":"静岡県","city":"伊豆の国市","town":"中島"}],"2325":[{"pref":"静岡県","city":"伊豆の国市","town":"神島"}],"2400":[{"pref":"静岡県","city":"伊豆市","town":"以下に掲載がない場合"}],"2401":[{"pref":"静岡県","city":"伊豆市","town":"牧之郷"}],"2402":[{"pref":"静岡県","city":"伊豆市","town":"大野"}],"2403":[{"pref":"静岡県","city":"伊豆市","town":"年川"}],"2404":[{"pref":"静岡県","city":"伊豆市","town":"田代"}],"2405":[{"pref":"静岡県","city":"伊豆市","town":"加殿"}],"2406":[{"pref":"静岡県","city":"伊豆市","town":"日向"}],"2407":[{"pref":"静岡県","city":"伊豆市","town":"柏久保"}],"2411":[{"pref":"静岡県","city":"伊豆市","town":"熊坂"}],"2412":[{"pref":"静岡県","city":"伊豆市","town":"瓜生野"}],"2413":[{"pref":"静岡県","city":"伊豆市","town":"小立野"}],"2414":[{"pref":"静岡県","city":"伊豆市","town":"本立野"}],"2415":[{"pref":"静岡県","city":"伊豆市","town":"大平"}],"2416":[{"pref":"静岡県","city":"伊豆市","town":"修善寺"}],"2417":[{"pref":"静岡県","city":"伊豆市","town":"大沢"}],"2418":[{"pref":"静岡県","city":"伊豆市","town":"堀切"}],"2501":[{"pref":"静岡県","city":"伊豆市","town":"下白岩"}],"2502":[{"pref":"静岡県","city":"伊豆市","town":"上白岩"}],"2503":[{"pref":"静岡県","city":"伊豆市","town":"城"}],"2504":[{"pref":"静岡県","city":"伊豆市","town":"関野"}],"2505":[{"pref":"静岡県","city":"伊豆市","town":"八幡"}],"2506":[{"pref":"静岡県","city":"伊豆市","town":"徳永"}],"2507":[{"pref":"静岡県","city":"伊豆市","town":"冷川"}],"2508":[{"pref":"静岡県","city":"伊豆市","town":"柳瀬"}],"2509":[{"pref":"静岡県","city":"伊豆市","town":"梅木"}],"2511":[{"pref":"静岡県","city":"伊豆市","town":"宮上"}],"2512":[{"pref":"静岡県","city":"伊豆市","town":"中原戸"}],"2513":[{"pref":"静岡県","city":"伊豆市","town":"菅引"}],"2514":[{"pref":"静岡県","city":"伊豆市","town":"原保"}],"2515":[{"pref":"静岡県","city":"伊豆市","town":"地蔵堂"}],"2516":[{"pref":"静岡県","city":"伊豆市","town":"筏場"}],"2517":[{"pref":"静岡県","city":"伊豆市","town":"貴僧坊"}],"2518":[{"pref":"静岡県","city":"伊豆市","town":"姫之湯"}],"2519":[{"pref":"静岡県","city":"伊豆市","town":"戸倉野"}],"3201":[{"pref":"静岡県","city":"伊豆市","town":"佐野"}],"3202":[{"pref":"静岡県","city":"伊豆市","town":"雲金"}],"3203":[{"pref":"静岡県","city":"伊豆市","town":"矢熊"}],"3204":[{"pref":"静岡県","city":"伊豆市","town":"田沢"}],"3205":[{"pref":"静岡県","city":"伊豆市","town":"市山"}],"3206":[{"pref":"静岡県","city":"伊豆市","town":"湯ケ島"}],"3207":[{"pref":"静岡県","city":"伊豆市","town":"持越"}],"3208":[{"pref":"静岡県","city":"伊豆市","town":"吉奈"}],"3209":[{"pref":"静岡県","city":"伊豆市","town":"門野原"}],"3211":[{"pref":"静岡県","city":"伊豆市","town":"松ケ瀬"}],"3212":[{"pref":"静岡県","city":"伊豆市","town":"本柿木"}],"3213":[{"pref":"静岡県","city":"伊豆市","town":"青羽根"}],"3214":[{"pref":"静岡県","city":"伊豆市","town":"下船原"}],"3215":[{"pref":"静岡県","city":"伊豆市","town":"月ケ瀬"}],"3216":[{"pref":"静岡県","city":"伊豆市","town":"上船原"}],"3217":[{"pref":"静岡県","city":"伊豆市","town":"大平柿木"}],"3301":[{"pref":"静岡県","city":"伊豆市","town":"小土肥"}],"3302":[{"pref":"静岡県","city":"伊豆市","town":"土肥"}],"3303":[{"pref":"静岡県","city":"伊豆市","town":"八木沢"}],"3304":[{"pref":"静岡県","city":"伊豆市","town":"小下田"}],"3401":[{"pref":"静岡県","city":"沼津市","town":"井田"}],"3402":[{"pref":"静岡県","city":"沼津市","town":"戸田"}],"3500":[{"pref":"静岡県","city":"賀茂郡西伊豆町","town":"以下に掲載がない場合"}],"3501":[{"pref":"静岡県","city":"賀茂郡西伊豆町","town":"宇久須"}],"3502":[{"pref":"静岡県","city":"賀茂郡西伊豆町","town":"安良里"}],"3511":[{"pref":"静岡県","city":"賀茂郡西伊豆町","town":"大沢里"}],"3512":[{"pref":"静岡県","city":"賀茂郡西伊豆町","town":"一色"}],"3513":[{"pref":"静岡県","city":"賀茂郡西伊豆町","town":"中"}],"3514":[{"pref":"静岡県","city":"賀茂郡西伊豆町","town":"仁科"}],"3515":[{"pref":"静岡県","city":"賀茂郡西伊豆町","town":"田子"}],"3600":[{"pref":"静岡県","city":"賀茂郡松崎町","town":"以下に掲載がない場合"}],"3601":[{"pref":"静岡県","city":"賀茂郡松崎町","town":"池代"}],"3602":[{"pref":"静岡県","city":"賀茂郡松崎町","town":"小杉原"}],"3603":[{"pref":"静岡県","city":"賀茂郡松崎町","town":"明伏"}],"3604":[{"pref":"静岡県","city":"賀茂郡松崎町","town":"大沢"}],"3605":[{"pref":"静岡県","city":"賀茂郡松崎町","town":"峰輪"}],"3606":[{"pref":"静岡県","city":"賀茂郡松崎町","town":"船田"}],"3607":[{"pref":"静岡県","city":"賀茂郡松崎町","town":"門野"}],"3611":[{"pref":"静岡県","city":"賀茂郡松崎町","town":"松崎"}],"3612":[{"pref":"静岡県","city":"賀茂郡松崎町","town":"宮内"}],"3613":[{"pref":"静岡県","city":"賀茂郡松崎町","town":"岩科北側"}],"3614":[{"pref":"静岡県","city":"賀茂郡松崎町","town":"岩科南側"}],"3615":[{"pref":"静岡県","city":"賀茂郡松崎町","town":"雲見"}],"3616":[{"pref":"静岡県","city":"賀茂郡松崎町","town":"石部"}],"3617":[{"pref":"静岡県","city":"賀茂郡松崎町","town":"岩地"}],"3618":[{"pref":"静岡県","city":"賀茂郡松崎町","town":"道部"}],"3621":[{"pref":"静岡県","city":"賀茂郡松崎町","town":"吉田"}],"3622":[{"pref":"静岡県","city":"賀茂郡松崎町","town":"南郷"}],"3623":[{"pref":"静岡県","city":"賀茂郡松崎町","town":"伏倉"}],"3624":[{"pref":"静岡県","city":"賀茂郡松崎町","town":"江奈"}],"3625":[{"pref":"静岡県","city":"賀茂郡松崎町","town":"桜田"}],"3626":[{"pref":"静岡県","city":"賀茂郡松崎町","town":"那賀"}],"3627":[{"pref":"静岡県","city":"賀茂郡松崎町","town":"建久寺"}],"0000":[{"pref":"静岡県","city":"沼津市","town":"以下に掲載がない場合"}],"0802":[{"pref":"静岡県","city":"沼津市","town":"上土町"}],"0852":[{"pref":"静岡県","city":"沼津市","town":"旭町"}],"0001":[{"pref":"静岡県","city":"沼津市","town":"足高"}],"0317":[{"pref":"静岡県","city":"沼津市","town":"石川"}],"0045":[{"pref":"静岡県","city":"沼津市","town":"泉町"}],"0831":[{"pref":"静岡県","city":"沼津市","town":"市場町"}],"0866":[{"pref":"静岡県","city":"沼津市","town":"市道"}],"0314":[{"pref":"静岡県","city":"沼津市","town":"一本松"}],"0319":[{"pref":"静岡県","city":"沼津市","town":"井出"}],"0875":[{"pref":"静岡県","city":"沼津市","town":"今沢"}],"0316":[{"pref":"静岡県","city":"沼津市","town":"植田"}],"0892":[{"pref":"静岡県","city":"沼津市","town":"魚町"}],"0225":[{"pref":"静岡県","city":"沼津市","town":"内浦重須"}],"0222":[{"pref":"静岡県","city":"沼津市","town":"内浦小海"}],"0221":[{"pref":"静岡県","city":"沼津市","town":"内浦重寺"}],"0224":[{"pref":"静岡県","city":"沼津市","town":"内浦長浜"}],"0223":[{"pref":"静岡県","city":"沼津市","town":"内浦三津"}],"0103":[{"pref":"静岡県","city":"沼津市","town":"江浦"}],"0049":[{"pref":"静岡県","city":"沼津市","town":"江原町"}],"0022":[{"pref":"静岡県","city":"沼津市","town":"大岡"}],"0873":[{"pref":"静岡県","city":"沼津市","town":"大諏訪"}],"0306":[{"pref":"静岡県","city":"沼津市","town":"大塚"}],"0801":[{"pref":"静岡県","city":"沼津市","town":"大手町"}],"0307":[{"pref":"静岡県","city":"沼津市","town":"青野"}],"0821":[{"pref":"静岡県","city":"沼津市","town":"大平"}],"0012":[{"pref":"静岡県","city":"沼津市","town":"岡一色"}],"0011":[{"pref":"静岡県","city":"沼津市","town":"岡宮"}],"0844":[{"pref":"静岡県","city":"沼津市","town":"春日町"}],"0823":[{"pref":"静岡県","city":"沼津市","town":"我入道"}],"0824":[{"pref":"静岡県","city":"沼津市","town":"香貫が丘"}],"0813":[{"pref":"静岡県","city":"沼津市","town":"上香貫"}],"0042":[{"pref":"静岡県","city":"沼津市","town":"神田町"}],"0876":[{"pref":"静岡県","city":"沼津市","town":"北今沢"}],"0061":[{"pref":"静岡県","city":"沼津市","town":"北園町"}],"0054":[{"pref":"静岡県","city":"沼津市","town":"北高島町"}],"0064":[{"pref":"静岡県","city":"沼津市","town":"共栄町"}],"0102":[{"pref":"静岡県","city":"沼津市","town":"口野"}],"0893":[{"pref":"静岡県","city":"沼津市","town":"くまだか町"}],"0819":[{"pref":"静岡県","city":"沼津市","town":"黒瀬町"}],"0872":[{"pref":"静岡県","city":"沼津市","town":"小諏訪"}],"0053":[{"pref":"静岡県","city":"沼津市","town":"寿町"}],"0021":[{"pref":"静岡県","city":"沼津市","town":"小林台"}],"0804":[{"pref":"静岡県","city":"沼津市","town":"西条町"}],"0862":[{"pref":"静岡県","city":"沼津市","town":"幸町"}],"0044":[{"pref":"静岡県","city":"沼津市","town":"五月町"}],"0052":[{"pref":"静岡県","city":"沼津市","town":"沢田町"}],"0035":[{"pref":"静岡県","city":"沼津市","town":"山王台"}],"0031":[{"pref":"静岡県","city":"沼津市","town":"三枚橋"}],"0037":[{"pref":"静岡県","city":"沼津市","town":"三枚橋町"}],"0106":[{"pref":"静岡県","city":"沼津市","town":"志下"}],"0104":[{"pref":"静岡県","city":"沼津市","town":"獅子浜"}],"0868":[{"pref":"静岡県","city":"沼津市","town":"下小路町"}],"0863":[{"pref":"静岡県","city":"沼津市","town":"下一丁田"}],"0822":[{"pref":"静岡県","city":"沼津市","town":"下香貫"}],"0841":[{"pref":"静岡県","city":"沼津市","town":"下河原町"}],"0867":[{"pref":"静岡県","city":"沼津市","town":"下中溝"},{"pref":"静岡県","city":"沼津市","town":"千本"},{"pref":"静岡県","city":"沼津市","town":"出口町"},{"pref":"静岡県","city":"沼津市","town":"西松下"},{"pref":"静岡県","city":"沼津市","town":"本"},{"pref":"静岡県","city":"沼津市","town":"前田"},{"pref":"静岡県","city":"沼津市","town":"松下七反田"}],"0885":[{"pref":"静岡県","city":"沼津市","town":"下本町"}],"0842":[{"pref":"静岡県","city":"沼津市","town":"蛇松町"}],"0047":[{"pref":"静岡県","city":"沼津市","town":"庄栄町"}],"0805":[{"pref":"静岡県","city":"沼津市","town":"白銀町"}],"0003":[{"pref":"静岡県","city":"沼津市","town":"新沢田町"}],"0048":[{"pref":"静岡県","city":"沼津市","town":"新宿町"}],"0895":[{"pref":"静岡県","city":"沼津市","town":"新町"}],"0888":[{"pref":"静岡県","city":"沼津市","town":"末広町"}],"0033":[{"pref":"静岡県","city":"沼津市","town":"杉崎町"}],"0816":[{"pref":"静岡県","city":"沼津市","town":"住吉町"}],"0015":[{"pref":"静岡県","city":"沼津市","town":"駿河台"}],"0886":[{"pref":"静岡県","city":"沼津市","town":"浅間町"}],"0854":[{"pref":"静岡県","city":"沼津市","town":"千本常盤町"}],"0847":[{"pref":"静岡県","city":"沼津市","town":"千本中町"}],"0846":[{"pref":"静岡県","city":"沼津市","town":"千本東町"}],"0848":[{"pref":"静岡県","city":"沼津市","town":"千本西町"}],"0855":[{"pref":"静岡県","city":"沼津市","town":"千本緑町"}],"0845":[{"pref":"静岡県","city":"沼津市","town":"千本港町"}],"0849":[{"pref":"静岡県","city":"沼津市","town":"千本郷林"}],"0803":[{"pref":"静岡県","city":"沼津市","town":"添地町"}],"0883":[{"pref":"静岡県","city":"沼津市","town":"大門町"}],"0017":[{"pref":"静岡県","city":"沼津市","town":"高尾台"}],"0016":[{"pref":"静岡県","city":"沼津市","town":"高砂町"}],"0057":[{"pref":"静岡県","city":"沼津市","town":"高沢町"}],"0056":[{"pref":"静岡県","city":"沼津市","town":"高島町"}],"0055":[{"pref":"静岡県","city":"沼津市","town":"高島本町"}],"0843":[{"pref":"静岡県","city":"沼津市","town":"蓼原町"}],"0101":[{"pref":"静岡県","city":"沼津市","town":"多比"}],"0814":[{"pref":"静岡県","city":"沼津市","town":"玉江町"}],"0041":[{"pref":"静岡県","city":"沼津市","town":"筒井町"}],"0891":[{"pref":"静岡県","city":"沼津市","town":"通横町"}],"0853":[{"pref":"静岡県","city":"沼津市","town":"常盤町"}],"0305":[{"pref":"静岡県","city":"沼津市","town":"鳥谷"}],"0006":[{"pref":"静岡県","city":"沼津市","town":"中沢田"}],"0811":[{"pref":"静岡県","city":"沼津市","town":"中瀬町"}],"0894":[{"pref":"静岡県","city":"沼津市","town":"仲町"}],"0818":[{"pref":"静岡県","city":"沼津市","town":"中原町"}],"0242":[{"pref":"静岡県","city":"沼津市","town":"西浦足保"}],"0244":[{"pref":"静岡県","city":"沼津市","town":"西浦江梨"},{"pref":"静岡県","city":"沼津市","town":"西浦大瀬"}],"0231":[{"pref":"静岡県","city":"沼津市","town":"西浦木負"}],"0233":[{"pref":"静岡県","city":"沼津市","town":"西浦久連"}],"0243":[{"pref":"静岡県","city":"沼津市","town":"西浦久料"}],"0241":[{"pref":"静岡県","city":"沼津市","town":"西浦古宇"}],"0232":[{"pref":"静岡県","city":"沼津市","town":"西浦河内"}],"0235":[{"pref":"静岡県","city":"沼津市","town":"西浦立保"}],"0234":[{"pref":"静岡県","city":"沼津市","town":"西浦平沢"}],"0807":[{"pref":"静岡県","city":"沼津市","town":"錦町"}],"0051":[{"pref":"静岡県","city":"沼津市","town":"西熊堂"}],"0007":[{"pref":"静岡県","city":"沼津市","town":"西沢田"}],"0303":[{"pref":"静岡県","city":"沼津市","town":"西椎路"}],"0835":[{"pref":"静岡県","city":"沼津市","town":"西島町"}],"0313":[{"pref":"静岡県","city":"沼津市","town":"西添町"}],"0321":[{"pref":"静岡県","city":"沼津市","town":"西野"}],"0871":[{"pref":"静岡県","city":"沼津市","town":"西間門"}],"0058":[{"pref":"静岡県","city":"沼津市","town":"沼北町"}],"0309":[{"pref":"静岡県","city":"沼津市","town":"根古屋"}],"0881":[{"pref":"静岡県","city":"沼津市","town":"八幡町"}],"0065":[{"pref":"静岡県","city":"沼津市","town":"花園町"}],"0312":[{"pref":"静岡県","city":"沼津市","town":"原"}],"0311":[{"pref":"静岡県","city":"沼津市","town":"原町中"}],"0013":[{"pref":"静岡県","city":"沼津市","town":"東熊堂"}],"0002":[{"pref":"静岡県","city":"沼津市","town":"東沢田"}],"0302":[{"pref":"静岡県","city":"沼津市","town":"東椎路"}],"0304":[{"pref":"静岡県","city":"沼津市","town":"東原"}],"0865":[{"pref":"静岡県","city":"沼津市","town":"東間門"}],"0887":[{"pref":"静岡県","city":"沼津市","town":"東宮後町"}],"0032":[{"pref":"静岡県","city":"沼津市","town":"日の出町"}],"0318":[{"pref":"静岡県","city":"沼津市","town":"平沼"}],"0036":[{"pref":"静岡県","city":"沼津市","town":"平町"}],"0034":[{"pref":"静岡県","city":"沼津市","town":"富士見町"}],"0005":[{"pref":"静岡県","city":"沼津市","town":"双葉町"}],"0817":[{"pref":"静岡県","city":"沼津市","town":"本郷町"}],"0004":[{"pref":"静岡県","city":"沼津市","town":"本田町"}],"0884":[{"pref":"静岡県","city":"沼津市","town":"本町"}],"0834":[{"pref":"静岡県","city":"沼津市","town":"槇島町"}],"0105":[{"pref":"静岡県","city":"沼津市","town":"馬込"}],"0861":[{"pref":"静岡県","city":"沼津市","town":"真砂町"}],"0882":[{"pref":"静岡県","city":"沼津市","town":"町方町"}],"0014":[{"pref":"静岡県","city":"沼津市","town":"松沢町"}],"0864":[{"pref":"静岡県","city":"沼津市","town":"松下"}],"0874":[{"pref":"静岡県","city":"沼津市","town":"松長"}],"0806":[{"pref":"静岡県","city":"沼津市","town":"丸子町"}],"0833":[{"pref":"静岡県","city":"沼津市","town":"三園町"}],"0063":[{"pref":"静岡県","city":"沼津市","town":"緑ケ丘"}],"0815":[{"pref":"静岡県","city":"沼津市","town":"南本郷町"}],"0062":[{"pref":"静岡県","city":"沼津市","town":"宮前町"}],"0851":[{"pref":"静岡県","city":"沼津市","town":"宮町"}],"0301":[{"pref":"静岡県","city":"沼津市","town":"宮本"}],"0832":[{"pref":"静岡県","city":"沼津市","town":"御幸町"}],"0038":[{"pref":"静岡県","city":"沼津市","town":"三芳町"}],"0315":[{"pref":"静岡県","city":"沼津市","town":"桃里"}],"0308":[{"pref":"静岡県","city":"沼津市","town":"柳沢"}],"0043":[{"pref":"静岡県","city":"沼津市","town":"柳町"}],"0812":[{"pref":"静岡県","city":"沼津市","town":"山ケ下町"}],"0018":[{"pref":"静岡県","city":"沼津市","town":"豊町"}],"0836":[{"pref":"静岡県","city":"沼津市","town":"吉田町"}],"0046":[{"pref":"静岡県","city":"沼津市","town":"米山町"}],"0059":[{"pref":"静岡県","city":"沼津市","town":"若葉町"}]}