{"1101":[{"pref":"岐阜県","city":"岐阜市","town":"佐野"}],"1102":[{"pref":"岐阜県","city":"岐阜市","town":"岩利"}],"1103":[{"pref":"岐阜県","city":"岐阜市","town":"彦坂川北"}],"1104":[{"pref":"岐阜県","city":"岐阜市","town":"彦坂川上"}],"1105":[{"pref":"岐阜県","city":"岐阜市","town":"彦坂"}],"1106":[{"pref":"岐阜県","city":"岐阜市","town":"石谷"}],"1107":[{"pref":"岐阜県","city":"岐阜市","town":"村山"}],"1108":[{"pref":"岐阜県","city":"岐阜市","town":"安食志良古"}],"1109":[{"pref":"岐阜県","city":"岐阜市","town":"安食"}],"1111":[{"pref":"岐阜県","city":"岐阜市","town":"大学北"}],"1112":[{"pref":"岐阜県","city":"岐阜市","town":"柳戸"}],"1113":[{"pref":"岐阜県","city":"岐阜市","town":"大学西"}],"1114":[{"pref":"岐阜県","city":"岐阜市","town":"今川"}],"1115":[{"pref":"岐阜県","city":"岐阜市","town":"交人"}],"1116":[{"pref":"岐阜県","city":"岐阜市","town":"深坂"}],"1121":[{"pref":"岐阜県","city":"岐阜市","town":"古市場"}],"1122":[{"pref":"岐阜県","city":"岐阜市","town":"古市場老ノ上"}],"1123":[{"pref":"岐阜県","city":"岐阜市","town":"古市場高田"}],"1124":[{"pref":"岐阜県","city":"岐阜市","town":"古市場中原"}],"1125":[{"pref":"岐阜県","city":"岐阜市","town":"古市場東町田"}],"1126":[{"pref":"岐阜県","city":"岐阜市","town":"古市場高宮"}],"1127":[{"pref":"岐阜県","city":"岐阜市","town":"古市場神田"}],"1128":[{"pref":"岐阜県","city":"岐阜市","town":"洞"}],"1131":[{"pref":"岐阜県","city":"岐阜市","town":"黒野"}],"1132":[{"pref":"岐阜県","city":"岐阜市","town":"折立"}],"1133":[{"pref":"岐阜県","city":"岐阜市","town":"北柿ケ瀬"}],"1134":[{"pref":"岐阜県","city":"岐阜市","town":"南柿ケ瀬"}],"1135":[{"pref":"岐阜県","city":"岐阜市","town":"木田"}],"1136":[{"pref":"岐阜県","city":"岐阜市","town":"黒野南"}],"1141":[{"pref":"岐阜県","city":"岐阜市","town":"東板谷"}],"1142":[{"pref":"岐阜県","city":"岐阜市","town":"東改田"}],"1143":[{"pref":"岐阜県","city":"岐阜市","town":"東改田鶴田"}],"1144":[{"pref":"岐阜県","city":"岐阜市","town":"東改田再勝"}],"1145":[{"pref":"岐阜県","city":"岐阜市","town":"東改田腰前田"}],"1146":[{"pref":"岐阜県","city":"岐阜市","town":"下尻毛"}],"1147":[{"pref":"岐阜県","city":"岐阜市","town":"尻毛"}],"1148":[{"pref":"岐阜県","city":"岐阜市","town":"上尻毛日吉"}],"1149":[{"pref":"岐阜県","city":"岐阜市","town":"上尻毛八幡"}],"1150":[{"pref":"岐阜県","city":"岐阜市","town":"上尻毛"}],"1151":[{"pref":"岐阜県","city":"岐阜市","town":"川部"}],"1152":[{"pref":"岐阜県","city":"岐阜市","town":"又丸"}],"1153":[{"pref":"岐阜県","city":"岐阜市","town":"又丸町畑"}],"1154":[{"pref":"岐阜県","city":"岐阜市","town":"又丸柳町"}],"1155":[{"pref":"岐阜県","city":"岐阜市","town":"又丸宮東"}],"1156":[{"pref":"岐阜県","city":"岐阜市","town":"又丸津島"}],"1157":[{"pref":"岐阜県","city":"岐阜市","town":"又丸村中"}],"1158":[{"pref":"岐阜県","city":"岐阜市","town":"西改田先道"}],"1159":[{"pref":"岐阜県","city":"岐阜市","town":"西改田"},{"pref":"岐阜県","city":"岐阜市","town":"西改田松の木"}],"1161":[{"pref":"岐阜県","city":"岐阜市","town":"西改田川向"}],"1162":[{"pref":"岐阜県","city":"岐阜市","town":"西改田若宮"}],"1163":[{"pref":"岐阜県","city":"岐阜市","town":"西改田米野"}],"1164":[{"pref":"岐阜県","city":"岐阜市","town":"西改田東改田入会地"}],"1165":[{"pref":"岐阜県","city":"岐阜市","town":"西改田宮西"}],"1166":[{"pref":"岐阜県","city":"岐阜市","town":"西改田村前"}],"1167":[{"pref":"岐阜県","city":"岐阜市","town":"西改田夏梅"}],"1168":[{"pref":"岐阜県","city":"岐阜市","town":"西改田上の町"}],"1169":[{"pref":"岐阜県","city":"岐阜市","town":"西改田七石"}],"1171":[{"pref":"岐阜県","city":"岐阜市","town":"御望"}],"1172":[{"pref":"岐阜県","city":"岐阜市","town":"下鵜飼"}],"1173":[{"pref":"岐阜県","city":"岐阜市","town":"中"}],"1174":[{"pref":"岐阜県","city":"岐阜市","town":"小野"}],"1175":[{"pref":"岐阜県","city":"岐阜市","town":"下西郷"}],"1176":[{"pref":"岐阜県","city":"岐阜市","town":"小西郷"}],"1177":[{"pref":"岐阜県","city":"岐阜市","town":"中西郷"}],"1178":[{"pref":"岐阜県","city":"岐阜市","town":"上西郷"}],"1181":[{"pref":"岐阜県","city":"岐阜市","town":"雛倉"}],"1182":[{"pref":"岐阜県","city":"岐阜市","town":"秋沢"}],"1183":[{"pref":"岐阜県","city":"岐阜市","town":"則松"}],"1184":[{"pref":"岐阜県","city":"岐阜市","town":"西秋沢"}],"1185":[{"pref":"岐阜県","city":"岐阜市","town":"奥"}],"1186":[{"pref":"岐阜県","city":"岐阜市","town":"外山"}],"1201":[{"pref":"岐阜県","city":"本巣市","town":"山口"}],"1202":[{"pref":"岐阜県","city":"本巣市","town":"法林寺"}],"1203":[{"pref":"岐阜県","city":"本巣市","town":"宝珠ハイツ"},{"pref":"岐阜県","city":"本巣市","town":"文殊"}],"1205":[{"pref":"岐阜県","city":"本巣市","town":"曽井中島"}],"1231":[{"pref":"岐阜県","city":"本巣市","town":"日当"}],"1232":[{"pref":"岐阜県","city":"本巣市","town":"金原"}],"1233":[{"pref":"岐阜県","city":"本巣市","town":"外山"}],"1234":[{"pref":"岐阜県","city":"本巣市","town":"木知原"}],"1235":[{"pref":"岐阜県","city":"本巣市","town":"神海"}],"1236":[{"pref":"岐阜県","city":"本巣市","town":"佐原"},{"pref":"岐阜県","city":"本巣市","town":"鍋原"}],"1301":[{"pref":"岐阜県","city":"揖斐郡揖斐川町","town":"谷汲高科"}],"1302":[{"pref":"岐阜県","city":"揖斐郡揖斐川町","town":"谷汲岐礼"}],"1303":[{"pref":"岐阜県","city":"揖斐郡揖斐川町","town":"谷汲長瀬"}],"1311":[{"pref":"岐阜県","city":"揖斐郡揖斐川町","town":"谷汲徳積"}],"1312":[{"pref":"岐阜県","city":"揖斐郡揖斐川町","town":"谷汲大洞"}],"1313":[{"pref":"岐阜県","city":"揖斐郡揖斐川町","town":"谷汲深坂"}],"1314":[{"pref":"岐阜県","city":"揖斐郡揖斐川町","town":"谷汲名礼"}],"1315":[{"pref":"岐阜県","city":"揖斐郡揖斐川町","town":"谷汲有鳥"}],"1316":[{"pref":"岐阜県","city":"揖斐郡揖斐川町","town":"谷汲木曽屋"}],"1317":[{"pref":"岐阜県","city":"揖斐郡揖斐川町","town":"谷汲神原"}],"1501":[{"pref":"岐阜県","city":"本巣市","town":"根尾越波"}],"1502":[{"pref":"岐阜県","city":"本巣市","town":"根尾黒津"}],"1503":[{"pref":"岐阜県","city":"本巣市","town":"根尾長嶺"}],"1504":[{"pref":"岐阜県","city":"本巣市","town":"根尾天神堂"}],"1505":[{"pref":"岐阜県","city":"本巣市","town":"根尾長島"}],"1506":[{"pref":"岐阜県","city":"本巣市","town":"根尾能郷"}],"1507":[{"pref":"岐阜県","city":"本巣市","town":"根尾大河原"}],"1511":[{"pref":"岐阜県","city":"本巣市","town":"根尾上大須"}],"1512":[{"pref":"岐阜県","city":"本巣市","town":"根尾下大須"}],"1513":[{"pref":"岐阜県","city":"本巣市","town":"根尾松田"}],"1514":[{"pref":"岐阜県","city":"本巣市","town":"根尾奥谷"}],"1515":[{"pref":"岐阜県","city":"本巣市","town":"根尾口谷"}],"1516":[{"pref":"岐阜県","city":"本巣市","town":"根尾東板屋"}],"1517":[{"pref":"岐阜県","city":"本巣市","town":"根尾西板屋"}],"1518":[{"pref":"岐阜県","city":"本巣市","town":"根尾小鹿"}],"1521":[{"pref":"岐阜県","city":"本巣市","town":"根尾市場"}],"1522":[{"pref":"岐阜県","city":"本巣市","town":"根尾樽見"}],"1523":[{"pref":"岐阜県","city":"本巣市","town":"根尾川原"}],"1524":[{"pref":"岐阜県","city":"本巣市","town":"根尾板所"}],"1525":[{"pref":"岐阜県","city":"本巣市","town":"根尾今村"}],"1526":[{"pref":"岐阜県","city":"本巣市","town":"根尾平野"}],"1527":[{"pref":"岐阜県","city":"本巣市","town":"根尾宇津志"}],"1528":[{"pref":"岐阜県","city":"本巣市","town":"根尾高尾"}],"1529":[{"pref":"岐阜県","city":"本巣市","town":"根尾水鳥"}],"1531":[{"pref":"岐阜県","city":"本巣市","town":"根尾門脇"}],"1532":[{"pref":"岐阜県","city":"本巣市","town":"根尾越卒"}],"1533":[{"pref":"岐阜県","city":"本巣市","town":"根尾中"}],"1534":[{"pref":"岐阜県","city":"本巣市","town":"根尾神所"}],"1535":[{"pref":"岐阜県","city":"本巣市","town":"根尾大井"}],"1536":[{"pref":"岐阜県","city":"本巣市","town":"根尾八谷"}],"2100":[{"pref":"岐阜県","city":"山県市","town":"以下に掲載がない場合"}],"2101":[{"pref":"岐阜県","city":"山県市","town":"大桑"}],"2102":[{"pref":"岐阜県","city":"山県市","town":"伊佐美"}],"2103":[{"pref":"岐阜県","city":"山県市","town":"椎倉"}],"2104":[{"pref":"岐阜県","city":"山県市","town":"東深瀬"}],"2105":[{"pref":"岐阜県","city":"山県市","town":"高富"}],"2111":[{"pref":"岐阜県","city":"山県市","town":"赤尾"}],"2112":[{"pref":"岐阜県","city":"山県市","town":"西深瀬"}],"2113":[{"pref":"岐阜県","city":"山県市","town":"高木"}],"2114":[{"pref":"岐阜県","city":"山県市","town":"佐賀"}],"2115":[{"pref":"岐阜県","city":"山県市","town":"梅原"}],"2121":[{"pref":"岐阜県","city":"山県市","town":"大門"}],"2122":[{"pref":"岐阜県","city":"山県市","town":"藤倉"}],"2123":[{"pref":"岐阜県","city":"山県市","town":"大森"}],"2124":[{"pref":"岐阜県","city":"山県市","town":"小倉"}],"2125":[{"pref":"岐阜県","city":"山県市","town":"洞田"}],"2131":[{"pref":"岐阜県","city":"山県市","town":"平井"}],"2132":[{"pref":"岐阜県","city":"山県市","town":"掛"}],"2133":[{"pref":"岐阜県","city":"山県市","town":"上願"}],"2134":[{"pref":"岐阜県","city":"山県市","town":"松尾"}],"2135":[{"pref":"岐阜県","city":"山県市","town":"長滝"}],"2251":[{"pref":"岐阜県","city":"山県市","town":"柿野"}],"2252":[{"pref":"岐阜県","city":"山県市","town":"相戸"}],"2253":[{"pref":"岐阜県","city":"山県市","town":"日永"}],"2254":[{"pref":"岐阜県","city":"山県市","town":"出戸"}],"2255":[{"pref":"岐阜県","city":"山県市","town":"船越"}],"2256":[{"pref":"岐阜県","city":"山県市","town":"青波"}],"2257":[{"pref":"岐阜県","city":"山県市","town":"富永"}],"2258":[{"pref":"岐阜県","city":"山県市","town":"中洞"}],"2259":[{"pref":"岐阜県","city":"山県市","town":"岩佐"}],"2301":[{"pref":"岐阜県","city":"山県市","town":"神崎"}],"2302":[{"pref":"岐阜県","city":"山県市","town":"円原"}],"2303":[{"pref":"岐阜県","city":"山県市","town":"片原"}],"2311":[{"pref":"岐阜県","city":"山県市","town":"椿"}],"2312":[{"pref":"岐阜県","city":"山県市","town":"佐野"}],"2313":[{"pref":"岐阜県","city":"山県市","town":"徳永"}],"2314":[{"pref":"岐阜県","city":"山県市","town":"笹賀"}],"2315":[{"pref":"岐阜県","city":"山県市","town":"田栗"}],"2321":[{"pref":"岐阜県","city":"山県市","town":"谷合"}],"2331":[{"pref":"岐阜県","city":"山県市","town":"葛原"}],"2501":[{"pref":"岐阜県","city":"岐阜市","town":"出屋敷"}],"2502":[{"pref":"岐阜県","city":"岐阜市","town":"山県北野"}],"2503":[{"pref":"岐阜県","city":"岐阜市","town":"北野阿原"}],"2504":[{"pref":"岐阜県","city":"岐阜市","town":"山県岩"}],"2505":[{"pref":"岐阜県","city":"岐阜市","town":"山県岩東"}],"2506":[{"pref":"岐阜県","city":"岐阜市","town":"山県岩南"}],"2507":[{"pref":"岐阜県","city":"岐阜市","town":"山県岩中"}],"2508":[{"pref":"岐阜県","city":"岐阜市","town":"山県岩明光"}],"2509":[{"pref":"岐阜県","city":"岐阜市","town":"山県岩西"}],"2511":[{"pref":"岐阜県","city":"岐阜市","town":"北野北"}],"2512":[{"pref":"岐阜県","city":"岐阜市","town":"北野東"}],"2513":[{"pref":"岐阜県","city":"岐阜市","town":"三輪"}],"2514":[{"pref":"岐阜県","city":"岐阜市","town":"三輪宮前"}],"2515":[{"pref":"岐阜県","city":"岐阜市","town":"三輪宮西"}],"2516":[{"pref":"岐阜県","city":"岐阜市","town":"北野南"}],"2517":[{"pref":"岐阜県","city":"岐阜市","town":"三輪ぷりんとぴあ"}],"2518":[{"pref":"岐阜県","city":"岐阜市","town":"北野西"}],"2519":[{"pref":"岐阜県","city":"岐阜市","town":"北野西山"}],"2521":[{"pref":"岐阜県","city":"岐阜市","town":"門屋"}],"2522":[{"pref":"岐阜県","city":"岐阜市","town":"門屋溝上"}],"2523":[{"pref":"岐阜県","city":"岐阜市","town":"茂地"}],"2524":[{"pref":"岐阜県","city":"岐阜市","town":"春近古市場北"}],"2525":[{"pref":"岐阜県","city":"岐阜市","town":"春近古市場南"}],"2526":[{"pref":"岐阜県","city":"岐阜市","town":"門屋野崎"}],"2527":[{"pref":"岐阜県","city":"岐阜市","town":"門屋勢引"}],"2528":[{"pref":"岐阜県","city":"岐阜市","town":"門屋門"}],"2531":[{"pref":"岐阜県","city":"岐阜市","town":"中屋東"}],"2532":[{"pref":"岐阜県","city":"岐阜市","town":"中屋西"}],"2533":[{"pref":"岐阜県","city":"岐阜市","town":"森東"}],"2534":[{"pref":"岐阜県","city":"岐阜市","town":"森西"}],"2535":[{"pref":"岐阜県","city":"岐阜市","town":"石原（１～３丁目）"}],"2536":[{"pref":"岐阜県","city":"岐阜市","town":"太郎丸樫木"}],"2541":[{"pref":"岐阜県","city":"岐阜市","town":"世保"}],"2542":[{"pref":"岐阜県","city":"岐阜市","town":"世保東"}],"2543":[{"pref":"岐阜県","city":"岐阜市","town":"世保南"}],"2544":[{"pref":"岐阜県","city":"岐阜市","town":"世保西"}],"2545":[{"pref":"岐阜県","city":"岐阜市","town":"世保北"}],"2551":[{"pref":"岐阜県","city":"岐阜市","town":"溝口"}],"2552":[{"pref":"岐阜県","city":"岐阜市","town":"溝口東"}],"2553":[{"pref":"岐阜県","city":"岐阜市","town":"溝口中野"}],"2554":[{"pref":"岐阜県","city":"岐阜市","town":"溝口童子"}],"2555":[{"pref":"岐阜県","city":"岐阜市","town":"溝口下"}],"2556":[{"pref":"岐阜県","city":"岐阜市","town":"溝口中"}],"2557":[{"pref":"岐阜県","city":"岐阜市","town":"溝口上"}],"2561":[{"pref":"岐阜県","city":"岐阜市","town":"福富笠海道"}],"2562":[{"pref":"岐阜県","city":"岐阜市","town":"福富出口"}],"2563":[{"pref":"岐阜県","city":"岐阜市","town":"福富迎田"}],"2564":[{"pref":"岐阜県","city":"岐阜市","town":"福富永田"}],"2565":[{"pref":"岐阜県","city":"岐阜市","town":"福富"}],"2566":[{"pref":"岐阜県","city":"岐阜市","town":"福富天神前"}],"2567":[{"pref":"岐阜県","city":"岐阜市","town":"福富町田"}],"2571":[{"pref":"岐阜県","city":"岐阜市","town":"太郎丸向良"}],"2572":[{"pref":"岐阜県","city":"岐阜市","town":"太郎丸北郷"}],"2573":[{"pref":"岐阜県","city":"岐阜市","town":"太郎丸諏訪"}],"2574":[{"pref":"岐阜県","city":"岐阜市","town":"太郎丸北浦"}],"2575":[{"pref":"岐阜県","city":"岐阜市","town":"太郎丸中島"}],"2576":[{"pref":"岐阜県","city":"岐阜市","town":"太郎丸新屋敷"}],"2577":[{"pref":"岐阜県","city":"岐阜市","town":"太郎丸"}],"2578":[{"pref":"岐阜県","city":"岐阜市","town":"太郎丸野田"}],"2579":[{"pref":"岐阜県","city":"岐阜市","town":"太郎丸知之道"}],"2601":[{"pref":"岐阜県","city":"関市","town":"武芸川町谷口"}],"2602":[{"pref":"岐阜県","city":"関市","town":"武芸川町小知野"}],"2603":[{"pref":"岐阜県","city":"関市","town":"武芸川町八幡"}],"2604":[{"pref":"岐阜県","city":"関市","town":"武芸川町高野"}],"2605":[{"pref":"岐阜県","city":"関市","town":"武芸川町跡部"}],"2606":[{"pref":"岐阜県","city":"関市","town":"武芸川町平"}],"2607":[{"pref":"岐阜県","city":"関市","town":"武芸川町宇多院"}],"2801":[{"pref":"岐阜県","city":"関市","town":"洞戸栗原"}],"2802":[{"pref":"岐阜県","city":"関市","town":"洞戸通元寺"}],"2803":[{"pref":"岐阜県","city":"関市","town":"洞戸飛瀬"}],"2805":[{"pref":"岐阜県","city":"関市","town":"洞戸尾倉"}],"2806":[{"pref":"岐阜県","city":"関市","town":"洞戸高賀"}],"2807":[{"pref":"岐阜県","city":"関市","town":"洞戸阿部"}],"2808":[{"pref":"岐阜県","city":"関市","town":"洞戸高見"}],"2809":[{"pref":"岐阜県","city":"関市","town":"洞戸小瀬見"}],"2811":[{"pref":"岐阜県","city":"関市","town":"洞戸片"}],"2812":[{"pref":"岐阜県","city":"関市","town":"洞戸市場"}],"2814":[{"pref":"岐阜県","city":"関市","town":"洞戸菅谷"}],"2815":[{"pref":"岐阜県","city":"関市","town":"洞戸黒谷"}],"2816":[{"pref":"岐阜県","city":"関市","town":"洞戸大野"}],"2817":[{"pref":"岐阜県","city":"関市","town":"洞戸小坂"}],"2901":[{"pref":"岐阜県","city":"関市","town":"板取"}],"3101":[{"pref":"岐阜県","city":"岐阜市","town":"岩井"}],"3102":[{"pref":"岐阜県","city":"岐阜市","town":"岩井万場"}],"3104":[{"pref":"岐阜県","city":"岐阜市","town":"石原（その他）"}],"3107":[{"pref":"岐阜県","city":"岐阜市","town":"加野"}],"3108":[{"pref":"岐阜県","city":"岐阜市","town":"大蔵台"}],"3109":[{"pref":"岐阜県","city":"岐阜市","town":"向加野"}],"3111":[{"pref":"岐阜県","city":"岐阜市","town":"芥見大退"}],"3112":[{"pref":"岐阜県","city":"岐阜市","town":"芥見東山"}],"3113":[{"pref":"岐阜県","city":"岐阜市","town":"北山"}],"3114":[{"pref":"岐阜県","city":"岐阜市","town":"芥見大船"}],"3115":[{"pref":"岐阜県","city":"岐阜市","town":"上芥見"}],"3116":[{"pref":"岐阜県","city":"岐阜市","town":"芥見町屋"}],"3117":[{"pref":"岐阜県","city":"岐阜市","town":"コモンヒルズ北山"}],"3121":[{"pref":"岐阜県","city":"岐阜市","town":"大洞桐が丘"}],"3122":[{"pref":"岐阜県","city":"岐阜市","town":"大洞紅葉が丘"}],"3123":[{"pref":"岐阜県","city":"岐阜市","town":"大洞柏台"}],"3124":[{"pref":"岐阜県","city":"岐阜市","town":"大洞"}],"3125":[{"pref":"岐阜県","city":"岐阜市","town":"大洞緑山"}],"3126":[{"pref":"岐阜県","city":"岐阜市","town":"大洞西"}],"3127":[{"pref":"岐阜県","city":"岐阜市","town":"大洞桜台"}],"3131":[{"pref":"岐阜県","city":"岐阜市","town":"祇園"}],"3132":[{"pref":"岐阜県","city":"岐阜市","town":"芥見長山"}],"3133":[{"pref":"岐阜県","city":"岐阜市","town":"芥見南山"}],"3134":[{"pref":"岐阜県","city":"岐阜市","town":"芥見"}],"3135":[{"pref":"岐阜県","city":"岐阜市","town":"芥見清水"}],"3136":[{"pref":"岐阜県","city":"岐阜市","town":"芥見海戸山"}],"3141":[{"pref":"岐阜県","city":"岐阜市","town":"芥見中野畑"}],"3142":[{"pref":"岐阜県","city":"岐阜市","town":"諏訪山"}],"3143":[{"pref":"岐阜県","city":"岐阜市","town":"芥見影山"}],"3144":[{"pref":"岐阜県","city":"岐阜市","town":"芥見大般若"}],"3145":[{"pref":"岐阜県","city":"岐阜市","town":"芥見野畑"}],"3146":[{"pref":"岐阜県","city":"岐阜市","town":"芥見嵯峨"}],"3147":[{"pref":"岐阜県","city":"岐阜市","town":"芥見堀田"}],"3151":[{"pref":"岐阜県","city":"岐阜市","town":"岩滝東"}],"3152":[{"pref":"岐阜県","city":"岐阜市","town":"岩滝西"}],"3153":[{"pref":"岐阜県","city":"岐阜市","town":"静が丘町"}],"3154":[{"pref":"岐阜県","city":"岐阜市","town":"岩田東"}],"3155":[{"pref":"岐阜県","city":"岐阜市","town":"岩田坂"}],"3156":[{"pref":"岐阜県","city":"岐阜市","town":"岩田西"}],"3200":[{"pref":"岐阜県","city":"関市","town":"以下に掲載がない場合"}],"3201":[{"pref":"岐阜県","city":"関市","town":"小野"}],"3202":[{"pref":"岐阜県","city":"関市","town":"西神野"}],"3203":[{"pref":"岐阜県","city":"関市","town":"神野"}],"3204":[{"pref":"岐阜県","city":"関市","town":"上大野"}],"3205":[{"pref":"岐阜県","city":"関市","town":"志津野"}],"3206":[{"pref":"岐阜県","city":"関市","town":"塔ノ洞"}],"3207":[{"pref":"岐阜県","city":"関市","town":"黒屋"}],"3210":[{"pref":"岐阜県","city":"関市","town":"尾太町"}],"3211":[{"pref":"岐阜県","city":"関市","town":"関ノ上"}],"3212":[{"pref":"岐阜県","city":"関市","town":"寺田"}],"3213":[{"pref":"岐阜県","city":"関市","town":"東貸上"}],"3214":[{"pref":"岐阜県","city":"関市","town":"貸上町"}],"3215":[{"pref":"岐阜県","city":"関市","town":"西境松町"}],"3216":[{"pref":"岐阜県","city":"関市","town":"水ノ輪町"}],"3217":[{"pref":"岐阜県","city":"関市","town":"下有知"}],"3218":[{"pref":"岐阜県","city":"関市","town":"東志摩"}],"3219":[{"pref":"岐阜県","city":"関市","town":"のぞみケ丘"}],"3221":[{"pref":"岐阜県","city":"関市","town":"西貸上"}],"3222":[{"pref":"岐阜県","city":"関市","town":"南貸上"}],"3223":[{"pref":"岐阜県","city":"関市","town":"竪切南"}],"3224":[{"pref":"岐阜県","city":"関市","town":"東仙房"}],"3225":[{"pref":"岐阜県","city":"関市","town":"南仙房"}],"3226":[{"pref":"岐阜県","city":"関市","town":"向西仙房"}],"3227":[{"pref":"岐阜県","city":"関市","town":"北仙房"}],"3228":[{"pref":"岐阜県","city":"関市","town":"竪切北"}],"3231":[{"pref":"岐阜県","city":"関市","town":"東桜町"}],"3232":[{"pref":"岐阜県","city":"関市","town":"桜本町"}],"3233":[{"pref":"岐阜県","city":"関市","town":"西木戸町"}],"3234":[{"pref":"岐阜県","city":"関市","town":"若宮町"}],"3235":[{"pref":"岐阜県","city":"関市","town":"川間町"}],"3236":[{"pref":"岐阜県","city":"関市","town":"辻井戸町"}],"3237":[{"pref":"岐阜県","city":"関市","town":"緑町"}],"3241":[{"pref":"岐阜県","city":"関市","town":"西仙房"}],"3242":[{"pref":"岐阜県","city":"関市","town":"東福野町"}],"3243":[{"pref":"岐阜県","city":"関市","town":"中福野町"}],"3244":[{"pref":"岐阜県","city":"関市","town":"西福野町"}],"3245":[{"pref":"岐阜県","city":"関市","town":"北福野町"}],"3246":[{"pref":"岐阜県","city":"関市","town":"緑ケ丘"}],"3247":[{"pref":"岐阜県","city":"関市","town":"池田町"}],"3250":[{"pref":"岐阜県","city":"関市","town":"十三塚町"}],"3251":[{"pref":"岐阜県","city":"関市","town":"山王通西"}],"3252":[{"pref":"岐阜県","city":"関市","town":"山王通"}],"3253":[{"pref":"岐阜県","city":"関市","town":"栄町"}],"3254":[{"pref":"岐阜県","city":"関市","town":"雄飛ケ丘"}],"3255":[{"pref":"岐阜県","city":"関市","town":"段下"}],"3256":[{"pref":"岐阜県","city":"関市","town":"巾"}],"3257":[{"pref":"岐阜県","city":"関市","town":"新田"}],"3258":[{"pref":"岐阜県","city":"関市","town":"十三塚南"}],"3259":[{"pref":"岐阜県","city":"関市","town":"十三塚北"}],"3261":[{"pref":"岐阜県","city":"関市","town":"広見北町"}],"3262":[{"pref":"岐阜県","city":"関市","town":"広見東町"}],"3263":[{"pref":"岐阜県","city":"関市","town":"広見"}],"3264":[{"pref":"岐阜県","city":"関市","town":"池尻"}],"3265":[{"pref":"岐阜県","city":"関市","town":"小瀬"}],"3266":[{"pref":"岐阜県","city":"関市","town":"小瀬南"}],"3267":[{"pref":"岐阜県","city":"関市","town":"星ケ丘"}],"3268":[{"pref":"岐阜県","city":"関市","town":"小瀬長池町"}],"3300":[{"pref":"岐阜県","city":"加茂郡富加町","town":"以下に掲載がない場合"}],"3301":[{"pref":"岐阜県","city":"加茂郡富加町","town":"加治田"}],"3302":[{"pref":"岐阜県","city":"加茂郡富加町","town":"夕田"}],"3303":[{"pref":"岐阜県","city":"加茂郡富加町","town":"羽生"}],"3304":[{"pref":"岐阜県","city":"加茂郡富加町","town":"高畑"}],"3305":[{"pref":"岐阜県","city":"加茂郡富加町","town":"滝田"}],"3306":[{"pref":"岐阜県","city":"加茂郡富加町","town":"大山"}],"3307":[{"pref":"岐阜県","city":"加茂郡富加町","town":"大平賀"}],"3501":[{"pref":"岐阜県","city":"関市","town":"富之保"}],"3511":[{"pref":"岐阜県","city":"関市","town":"中之保"}],"3521":[{"pref":"岐阜県","city":"関市","town":"下之保"}],"3601":[{"pref":"岐阜県","city":"関市","town":"上之保"}],"3700":[{"pref":"岐阜県","city":"美濃市","town":"以下に掲載がない場合"}],"3701":[{"pref":"岐阜県","city":"美濃市","town":"美濃市の次に番地がくる場合"}],"3702":[{"pref":"岐阜県","city":"美濃市","town":"上河和"}],"3703":[{"pref":"岐阜県","city":"美濃市","town":"下河和"}],"3704":[{"pref":"岐阜県","city":"美濃市","town":"保木脇"}],"3705":[{"pref":"岐阜県","city":"美濃市","town":"立花"}],"3706":[{"pref":"岐阜県","city":"美濃市","town":"須原"}],"3711":[{"pref":"岐阜県","city":"美濃市","town":"樋ケ洞"}],"3712":[{"pref":"岐阜県","city":"美濃市","town":"口野々"}],"3713":[{"pref":"岐阜県","city":"美濃市","town":"富野"}],"3714":[{"pref":"岐阜県","city":"美濃市","town":"曽代"}],"3715":[{"pref":"岐阜県","city":"美濃市","town":"梅山町"}],"3716":[{"pref":"岐阜県","city":"美濃市","town":"前野"}],"3717":[{"pref":"岐阜県","city":"美濃市","town":"安毛"}],"3721":[{"pref":"岐阜県","city":"美濃市","town":"吉川町"}],"3722":[{"pref":"岐阜県","city":"美濃市","town":"常盤町"}],"3723":[{"pref":"岐阜県","city":"美濃市","town":"相生町"}],"3724":[{"pref":"岐阜県","city":"美濃市","town":"魚屋町"}],"3725":[{"pref":"岐阜県","city":"美濃市","town":"俵町"}],"3726":[{"pref":"岐阜県","city":"美濃市","town":"加治屋町"}],"3727":[{"pref":"岐阜県","city":"美濃市","town":"永重町"}],"3728":[{"pref":"岐阜県","city":"美濃市","town":"本住町"}],"3729":[{"pref":"岐阜県","city":"美濃市","town":"泉町"}],"3731":[{"pref":"岐阜県","city":"美濃市","town":"東市場町"}],"3732":[{"pref":"岐阜県","city":"美濃市","town":"広岡町"}],"3733":[{"pref":"岐阜県","city":"美濃市","town":"亀野町"}],"3734":[{"pref":"岐阜県","city":"美濃市","town":"千畝町"}],"3735":[{"pref":"岐阜県","city":"美濃市","town":"西市場町"}],"3736":[{"pref":"岐阜県","city":"美濃市","town":"米屋町"}],"3737":[{"pref":"岐阜県","city":"美濃市","town":"新町"}],"3741":[{"pref":"岐阜県","city":"美濃市","town":"港町"}],"3742":[{"pref":"岐阜県","city":"美濃市","town":"殿町"}],"3743":[{"pref":"岐阜県","city":"美濃市","town":"上条"}],"3744":[{"pref":"岐阜県","city":"美濃市","town":"段町"}],"3745":[{"pref":"岐阜県","city":"美濃市","town":"下渡"}],"3746":[{"pref":"岐阜県","city":"美濃市","town":"中央"}],"3751":[{"pref":"岐阜県","city":"美濃市","town":"松倉台"}],"3752":[{"pref":"岐阜県","city":"美濃市","town":"松栄町"}],"3753":[{"pref":"岐阜県","city":"美濃市","town":"松森"}],"3754":[{"pref":"岐阜県","city":"美濃市","town":"さくらケ丘"}],"3755":[{"pref":"岐阜県","city":"美濃市","town":"志摩"}],"3756":[{"pref":"岐阜県","city":"美濃市","town":"生櫛"}],"3761":[{"pref":"岐阜県","city":"美濃市","town":"横越"}],"3762":[{"pref":"岐阜県","city":"美濃市","town":"藍川"}],"3763":[{"pref":"岐阜県","city":"美濃市","town":"極楽寺"}],"3764":[{"pref":"岐阜県","city":"美濃市","town":"笠神"}],"3771":[{"pref":"岐阜県","city":"美濃市","town":"大矢田"}],"3772":[{"pref":"岐阜県","city":"美濃市","town":"楓台"}],"3773":[{"pref":"岐阜県","city":"美濃市","town":"もみじが丘"}],"3781":[{"pref":"岐阜県","city":"美濃市","town":"片知"}],"3782":[{"pref":"岐阜県","city":"美濃市","town":"長瀬"}],"3783":[{"pref":"岐阜県","city":"美濃市","town":"神洞"}],"3784":[{"pref":"岐阜県","city":"美濃市","town":"御手洗"}],"3785":[{"pref":"岐阜県","city":"美濃市","town":"小倉"}],"3786":[{"pref":"岐阜県","city":"美濃市","town":"乙狩"}],"3787":[{"pref":"岐阜県","city":"美濃市","town":"上野"}],"3788":[{"pref":"岐阜県","city":"美濃市","town":"蕨生"}],"3801":[{"pref":"岐阜県","city":"関市","town":"大坪"}],"3802":[{"pref":"岐阜県","city":"関市","town":"若草通"}],"3803":[{"pref":"岐阜県","city":"関市","town":"西本郷通"}],"3804":[{"pref":"岐阜県","city":"関市","town":"円保通"}],"3805":[{"pref":"岐阜県","city":"関市","town":"本郷町"}],"3806":[{"pref":"岐阜県","city":"関市","town":"観音山"}],"3807":[{"pref":"岐阜県","city":"関市","town":"安桜山"}],"3808":[{"pref":"岐阜県","city":"関市","town":"安桜台"}],"3811":[{"pref":"岐阜県","city":"関市","town":"東本郷通"}],"3812":[{"pref":"岐阜県","city":"関市","town":"東本郷"}],"3813":[{"pref":"岐阜県","city":"関市","town":"東野町"}],"3814":[{"pref":"岐阜県","city":"関市","town":"東山"}],"3815":[{"pref":"岐阜県","city":"関市","town":"東町"}],"3816":[{"pref":"岐阜県","city":"関市","town":"吉野町"}],"3817":[{"pref":"岐阜県","city":"関市","town":"仲町"}],"3818":[{"pref":"岐阜県","city":"関市","town":"吉本町"}],"3819":[{"pref":"岐阜県","city":"関市","town":"西町"}],"3821":[{"pref":"岐阜県","city":"関市","town":"平賀町"}],"3822":[{"pref":"岐阜県","city":"関市","town":"市平賀"}],"3823":[{"pref":"岐阜県","city":"関市","town":"東出町"}],"3824":[{"pref":"岐阜県","city":"関市","town":"東新町"}],"3825":[{"pref":"岐阜県","city":"関市","town":"南出"}],"3826":[{"pref":"岐阜県","city":"関市","town":"関口町"}],"3827":[{"pref":"岐阜県","city":"関市","town":"宮地町"}],"3828":[{"pref":"岐阜県","city":"関市","town":"西旭ケ丘"}],"3829":[{"pref":"岐阜県","city":"関市","town":"旭ケ丘"}],"3831":[{"pref":"岐阜県","city":"関市","town":"長谷寺町"}],"3832":[{"pref":"岐阜県","city":"関市","town":"花園町"}],"3833":[{"pref":"岐阜県","city":"関市","town":"大平町"}],"3834":[{"pref":"岐阜県","city":"関市","town":"大門町"}],"3835":[{"pref":"岐阜県","city":"関市","town":"観音前"}],"3836":[{"pref":"岐阜県","city":"関市","town":"美園町"}],"3837":[{"pref":"岐阜県","city":"関市","town":"西門前町"}],"3838":[{"pref":"岐阜県","city":"関市","town":"東門前町"}],"3839":[{"pref":"岐阜県","city":"関市","town":"長住町"}],"3841":[{"pref":"岐阜県","city":"関市","town":"伊勢町"}],"3842":[{"pref":"岐阜県","city":"関市","town":"出来町"}],"3843":[{"pref":"岐阜県","city":"関市","town":"吉田町"}],"3844":[{"pref":"岐阜県","city":"関市","town":"美和町"}],"3845":[{"pref":"岐阜県","city":"関市","town":"吾妻町"}],"3846":[{"pref":"岐阜県","city":"関市","town":"住吉町"}],"3847":[{"pref":"岐阜県","city":"関市","town":"新町"}],"3848":[{"pref":"岐阜県","city":"関市","town":"末広町"}],"3851":[{"pref":"岐阜県","city":"関市","town":"相生町"}],"3852":[{"pref":"岐阜県","city":"関市","town":"上利町"}],"3853":[{"pref":"岐阜県","city":"関市","town":"朝倉町"}],"3854":[{"pref":"岐阜県","city":"関市","town":"月見町"}],"3855":[{"pref":"岐阜県","city":"関市","town":"いろは町"}],"3856":[{"pref":"岐阜県","city":"関市","town":"桜木町"}],"3857":[{"pref":"岐阜県","city":"関市","town":"南春日町"}],"3861":[{"pref":"岐阜県","city":"関市","town":"小柳町"}],"3862":[{"pref":"岐阜県","city":"関市","town":"兼永町"}],"3863":[{"pref":"岐阜県","city":"関市","town":"富本町"}],"3864":[{"pref":"岐阜県","city":"関市","town":"前町"}],"3865":[{"pref":"岐阜県","city":"関市","town":"春日町"}],"3866":[{"pref":"岐阜県","city":"関市","town":"千年町"}],"3867":[{"pref":"岐阜県","city":"関市","town":"常盤町"}],"3868":[{"pref":"岐阜県","city":"関市","town":"白川町"}],"3871":[{"pref":"岐阜県","city":"関市","town":"鍛冶町"}],"3872":[{"pref":"岐阜県","city":"関市","town":"金屋町"}],"3873":[{"pref":"岐阜県","city":"関市","town":"日ノ出町"}],"3874":[{"pref":"岐阜県","city":"関市","town":"平和通"}],"3875":[{"pref":"岐阜県","city":"関市","town":"森西町"}],"3876":[{"pref":"岐阜県","city":"関市","town":"貴船町"}],"3877":[{"pref":"岐阜県","city":"関市","town":"河合町"}],"3878":[{"pref":"岐阜県","city":"関市","town":"十軒町"}],"3881":[{"pref":"岐阜県","city":"関市","town":"元重町"}],"3882":[{"pref":"岐阜県","city":"関市","town":"西日吉町"}],"3883":[{"pref":"岐阜県","city":"関市","town":"東日吉町"}],"3884":[{"pref":"岐阜県","city":"関市","town":"孫六町"}],"3885":[{"pref":"岐阜県","city":"関市","town":"山ノ手"}],"3886":[{"pref":"岐阜県","city":"関市","town":"本町"}],"3887":[{"pref":"岐阜県","city":"関市","town":"吐月町"}],"3888":[{"pref":"岐阜県","city":"関市","town":"坂下町"}],"3901":[{"pref":"岐阜県","city":"関市","town":"春里町"}],"3902":[{"pref":"岐阜県","city":"関市","town":"弥生町"}],"3903":[{"pref":"岐阜県","city":"関市","town":"桜ケ丘"}],"3904":[{"pref":"岐阜県","city":"関市","town":"明生町"}],"3905":[{"pref":"岐阜県","city":"関市","town":"神明町"}],"3906":[{"pref":"岐阜県","city":"関市","town":"西欠ノ下"}],"3907":[{"pref":"岐阜県","city":"関市","town":"南町"}],"3908":[{"pref":"岐阜県","city":"関市","town":"寿町"}],"3909":[{"pref":"岐阜県","city":"関市","town":"新堀町"}],"3910":[{"pref":"岐阜県","city":"関市","town":"笠屋"}],"3911":[{"pref":"岐阜県","city":"関市","town":"肥田瀬"}],"3912":[{"pref":"岐阜県","city":"関市","town":"宮河町"}],"3913":[{"pref":"岐阜県","city":"関市","town":"稲河町"}],"3914":[{"pref":"岐阜県","city":"関市","town":"鋳物師屋"}],"3915":[{"pref":"岐阜県","city":"関市","town":"天徳町"}],"3916":[{"pref":"岐阜県","city":"関市","town":"豊岡町"}],"3917":[{"pref":"岐阜県","city":"関市","town":"北天神"}],"3918":[{"pref":"岐阜県","city":"関市","town":"南天神"}],"3919":[{"pref":"岐阜県","city":"関市","town":"平成通"}],"3921":[{"pref":"岐阜県","city":"関市","town":"東田原"}],"3922":[{"pref":"岐阜県","city":"関市","town":"大杉"}],"3923":[{"pref":"岐阜県","city":"関市","town":"新迫間"}],"3924":[{"pref":"岐阜県","city":"関市","town":"迫間"}],"3925":[{"pref":"岐阜県","city":"関市","town":"迫間台"}],"3926":[{"pref":"岐阜県","city":"関市","town":"小迫間"}],"3927":[{"pref":"岐阜県","city":"関市","town":"向陽台"}],"3928":[{"pref":"岐阜県","city":"関市","town":"西田原"}],"3930":[{"pref":"岐阜県","city":"関市","town":"倉知南"}],"3931":[{"pref":"岐阜県","city":"関市","town":"桜台"}],"3932":[{"pref":"岐阜県","city":"関市","town":"稲口"}],"3933":[{"pref":"岐阜県","city":"関市","town":"向山町"}],"3934":[{"pref":"岐阜県","city":"関市","town":"桐谷台"}],"3935":[{"pref":"岐阜県","city":"関市","town":"四季ノ台"}],"3936":[{"pref":"岐阜県","city":"関市","town":"倉知"}],"3937":[{"pref":"岐阜県","city":"関市","town":"前山町"}],"3938":[{"pref":"岐阜県","city":"関市","town":"桐ヶ丘"}],"3939":[{"pref":"岐阜県","city":"関市","town":"桃紅大地"}],"3941":[{"pref":"岐阜県","city":"関市","town":"小屋名"}],"3942":[{"pref":"岐阜県","city":"関市","town":"希望ケ丘"}],"3943":[{"pref":"岐阜県","city":"関市","town":"虹ケ丘南"}],"3944":[{"pref":"岐阜県","city":"関市","town":"山田"}],"3945":[{"pref":"岐阜県","city":"関市","town":"虹ケ丘北"}],"3946":[{"pref":"岐阜県","city":"関市","town":"津保川台"}],"3947":[{"pref":"岐阜県","city":"関市","town":"上白金"}],"3951":[{"pref":"岐阜県","city":"関市","town":"植野"}],"3952":[{"pref":"岐阜県","city":"関市","town":"大平台"}],"3953":[{"pref":"岐阜県","city":"関市","town":"千疋北"}],"3954":[{"pref":"岐阜県","city":"関市","town":"千疋"}],"3955":[{"pref":"岐阜県","city":"関市","town":"下白金"}],"3956":[{"pref":"岐阜県","city":"関市","town":"保明"}],"3957":[{"pref":"岐阜県","city":"関市","town":"側島"}],"3958":[{"pref":"岐阜県","city":"関市","town":"戸田"}],"3961":[{"pref":"岐阜県","city":"関市","town":"清蔵寺"}],"3962":[{"pref":"岐阜県","city":"関市","town":"柳町"}],"3963":[{"pref":"岐阜県","city":"関市","town":"片倉町"}],"3964":[{"pref":"岐阜県","city":"関市","town":"宝山町"}],"3965":[{"pref":"岐阜県","city":"関市","town":"十六所"}],"3966":[{"pref":"岐阜県","city":"関市","town":"居敷町"}],"3967":[{"pref":"岐阜県","city":"関市","town":"西居敷"}],"3968":[{"pref":"岐阜県","city":"関市","town":"力山"}],"3969":[{"pref":"岐阜県","city":"関市","town":"馬場出"}],"3971":[{"pref":"岐阜県","city":"関市","town":"古屋敷町"}],"3972":[{"pref":"岐阜県","city":"関市","town":"寺内町"}],"3973":[{"pref":"岐阜県","city":"関市","town":"一ツ山町"}],"3974":[{"pref":"岐阜県","city":"関市","town":"梅ケ枝町"}],"3975":[{"pref":"岐阜県","city":"関市","town":"豊川町"}],"3976":[{"pref":"岐阜県","city":"関市","town":"梅竜寺山"}],"3977":[{"pref":"岐阜県","city":"関市","town":"清水町"}],"3978":[{"pref":"岐阜県","city":"関市","town":"赤渕"}],"3979":[{"pref":"岐阜県","city":"関市","town":"一本木町"}],"4101":[{"pref":"岐阜県","city":"郡上市","town":"美並町上田"}],"4102":[{"pref":"岐阜県","city":"郡上市","town":"美並町高砂"}],"4103":[{"pref":"岐阜県","city":"郡上市","town":"美並町山田"}],"4104":[{"pref":"岐阜県","city":"郡上市","town":"美並町梅原"}],"4105":[{"pref":"岐阜県","city":"郡上市","town":"美並町三戸"}],"4106":[{"pref":"岐阜県","city":"郡上市","town":"美並町白山"}],"4107":[{"pref":"岐阜県","city":"郡上市","town":"美並町大原"}],"4200":[{"pref":"岐阜県","city":"郡上市","town":"以下に掲載がない場合"}],"4201":[{"pref":"岐阜県","city":"郡上市","town":"八幡町有穂"}],"4202":[{"pref":"岐阜県","city":"郡上市","town":"八幡町市島"}],"4203":[{"pref":"岐阜県","city":"郡上市","town":"八幡町初納"}],"4204":[{"pref":"岐阜県","city":"郡上市","town":"八幡町旭"}],"4205":[{"pref":"岐阜県","city":"郡上市","town":"八幡町安久田"}],"4206":[{"pref":"岐阜県","city":"郡上市","town":"八幡町吉野"}],"4207":[{"pref":"岐阜県","city":"郡上市","town":"八幡町西乙原"}],"4211":[{"pref":"岐阜県","city":"郡上市","town":"八幡町中坪"}],"4212":[{"pref":"岐阜県","city":"郡上市","town":"八幡町職人町"}],"4213":[{"pref":"岐阜県","city":"郡上市","town":"八幡町殿町"}],"4214":[{"pref":"岐阜県","city":"郡上市","town":"八幡町柳町"}],"4215":[{"pref":"岐阜県","city":"郡上市","town":"八幡町肴町"}],"4216":[{"pref":"岐阜県","city":"郡上市","town":"八幡町本町"}],"4217":[{"pref":"岐阜県","city":"郡上市","town":"八幡町尾崎町"}],"4218":[{"pref":"岐阜県","city":"郡上市","town":"八幡町鍛冶屋町"}],"4219":[{"pref":"岐阜県","city":"郡上市","town":"八幡町大手町"}],"4221":[{"pref":"岐阜県","city":"郡上市","town":"八幡町小野"}],"4222":[{"pref":"岐阜県","city":"郡上市","town":"八幡町島谷"}],"4223":[{"pref":"岐阜県","city":"郡上市","town":"八幡町稲成"}],"4224":[{"pref":"岐阜県","city":"郡上市","town":"八幡町城南町"}],"4225":[{"pref":"岐阜県","city":"郡上市","town":"八幡町大正町"}],"4226":[{"pref":"岐阜県","city":"郡上市","town":"八幡町新町"}],"4227":[{"pref":"岐阜県","city":"郡上市","town":"八幡町橋本町"}],"4228":[{"pref":"岐阜県","city":"郡上市","town":"八幡町桜町"}],"4231":[{"pref":"岐阜県","city":"郡上市","town":"八幡町河鹿"}],"4232":[{"pref":"岐阜県","city":"郡上市","town":"八幡町初音"}],"4233":[{"pref":"岐阜県","city":"郡上市","town":"八幡町瀬取"}],"4234":[{"pref":"岐阜県","city":"郡上市","town":"八幡町五町"}],"4235":[{"pref":"岐阜県","city":"郡上市","town":"八幡町有坂"}],"4236":[{"pref":"岐阜県","city":"郡上市","town":"八幡町相生"}],"4237":[{"pref":"岐阜県","city":"郡上市","town":"八幡町那比"}],"4238":[{"pref":"岐阜県","city":"郡上市","town":"八幡町島"}],"4241":[{"pref":"岐阜県","city":"郡上市","town":"八幡町向山"}],"4301":[{"pref":"岐阜県","city":"郡上市","town":"明宝大谷"}],"4302":[{"pref":"岐阜県","city":"郡上市","town":"明宝寒水"}],"4303":[{"pref":"岐阜県","city":"郡上市","town":"明宝気良"}],"4304":[{"pref":"岐阜県","city":"郡上市","town":"明宝奥住"}],"4305":[{"pref":"岐阜県","city":"郡上市","town":"明宝小川"}],"4306":[{"pref":"岐阜県","city":"郡上市","town":"明宝畑佐"}],"4307":[{"pref":"岐阜県","city":"郡上市","town":"明宝二間手"}],"4451":[{"pref":"岐阜県","city":"郡上市","town":"八幡町入間"}],"4452":[{"pref":"岐阜県","city":"郡上市","town":"八幡町美山"}],"4453":[{"pref":"岐阜県","city":"郡上市","town":"八幡町洲河"}],"4454":[{"pref":"岐阜県","city":"郡上市","town":"八幡町野々倉"}],"4455":[{"pref":"岐阜県","city":"郡上市","town":"八幡町小那比"}],"4501":[{"pref":"岐阜県","city":"郡上市","town":"和良町鹿倉"}],"4502":[{"pref":"岐阜県","city":"郡上市","town":"和良町宮代"}],"4503":[{"pref":"岐阜県","city":"郡上市","town":"和良町野尻"}],"4504":[{"pref":"岐阜県","city":"郡上市","town":"和良町田平"}],"4505":[{"pref":"岐阜県","city":"郡上市","town":"和良町東野"}],"4506":[{"pref":"岐阜県","city":"郡上市","town":"和良町横野"}],"4507":[{"pref":"岐阜県","city":"郡上市","town":"和良町宮地"}],"4508":[{"pref":"岐阜県","city":"郡上市","town":"和良町上沢"}],"4509":[{"pref":"岐阜県","city":"郡上市","town":"和良町下沢"}],"4510":[{"pref":"岐阜県","city":"郡上市","town":"和良町法師丸"}],"4511":[{"pref":"岐阜県","city":"郡上市","town":"和良町下洞"}],"4512":[{"pref":"岐阜県","city":"郡上市","town":"和良町上土京"}],"4513":[{"pref":"岐阜県","city":"郡上市","town":"和良町下土京"}],"4514":[{"pref":"岐阜県","city":"郡上市","town":"和良町安郷野"}],"4515":[{"pref":"岐阜県","city":"郡上市","town":"和良町方須"}],"4516":[{"pref":"岐阜県","city":"郡上市","town":"和良町三庫"}],"4517":[{"pref":"岐阜県","city":"郡上市","town":"和良町沢"}],"4518":[{"pref":"岐阜県","city":"郡上市","town":"和良町土京"}],"4601":[{"pref":"岐阜県","city":"郡上市","town":"大和町大間見"}],"4602":[{"pref":"岐阜県","city":"郡上市","town":"大和町小間見"}],"4603":[{"pref":"岐阜県","city":"郡上市","town":"大和町栗巣"}],"4604":[{"pref":"岐阜県","city":"郡上市","town":"大和町古道"}],"4605":[{"pref":"岐阜県","city":"郡上市","town":"大和町神路"}],"4606":[{"pref":"岐阜県","city":"郡上市","town":"大和町河辺"}],"4607":[{"pref":"岐阜県","city":"郡上市","town":"大和町徳永"}],"4608":[{"pref":"岐阜県","city":"郡上市","town":"大和町牧"}],"4610":[{"pref":"岐阜県","city":"郡上市","town":"大和町島"}],"4611":[{"pref":"岐阜県","city":"郡上市","town":"大和町万場"}],"4612":[{"pref":"岐阜県","city":"郡上市","town":"大和町剣"}],"4613":[{"pref":"岐阜県","city":"郡上市","town":"大和町名皿部"}],"4614":[{"pref":"岐阜県","city":"郡上市","town":"大和町野口"}],"4615":[{"pref":"岐阜県","city":"郡上市","town":"大和町場皿"}],"4616":[{"pref":"岐阜県","city":"郡上市","town":"大和町福田"}],"4617":[{"pref":"岐阜県","city":"郡上市","town":"大和町洞口"}],"4618":[{"pref":"岐阜県","city":"郡上市","town":"大和町内ケ谷"}],"4619":[{"pref":"岐阜県","city":"郡上市","town":"大和町落部"}],"5101":[{"pref":"岐阜県","city":"郡上市","town":"白鳥町前谷"}],"5102":[{"pref":"岐阜県","city":"郡上市","town":"白鳥町歩岐島"}],"5103":[{"pref":"岐阜県","city":"郡上市","town":"白鳥町二日町"}],"5104":[{"pref":"岐阜県","city":"郡上市","town":"白鳥町長滝"}],"5105":[{"pref":"岐阜県","city":"郡上市","town":"白鳥町干田野"}],"5111":[{"pref":"岐阜県","city":"郡上市","town":"白鳥町阿多岐"}],"5112":[{"pref":"岐阜県","city":"郡上市","town":"白鳥町六ノ里"}],"5113":[{"pref":"岐阜県","city":"郡上市","town":"白鳥町野添"}],"5114":[{"pref":"岐阜県","city":"郡上市","town":"白鳥町那留"}],"5115":[{"pref":"岐阜県","city":"郡上市","town":"白鳥町恩地"}],"5116":[{"pref":"岐阜県","city":"郡上市","town":"白鳥町中西"}],"5121":[{"pref":"岐阜県","city":"郡上市","town":"白鳥町白鳥"}],"5122":[{"pref":"岐阜県","city":"郡上市","town":"白鳥町為真"}],"5123":[{"pref":"岐阜県","city":"郡上市","town":"白鳥町中津屋"}],"5124":[{"pref":"岐阜県","city":"郡上市","town":"白鳥町大島"}],"5125":[{"pref":"岐阜県","city":"郡上市","town":"白鳥町越佐"}],"5126":[{"pref":"岐阜県","city":"郡上市","town":"白鳥町向小駄良"}],"5231":[{"pref":"岐阜県","city":"郡上市","town":"白鳥町石徹白"}],"5301":[{"pref":"岐阜県","city":"郡上市","town":"高鷲町ひるがの"}],"5302":[{"pref":"岐阜県","city":"郡上市","town":"高鷲町鷲見"},{"pref":"岐阜県","city":"郡上市","town":"高鷲町鷲見（上野）"}],"5303":[{"pref":"岐阜県","city":"郡上市","town":"高鷲町大鷲"}],"5304":[{"pref":"岐阜県","city":"郡上市","town":"高鷲町鮎立"},{"pref":"岐阜県","city":"郡上市","town":"高鷲町切立"}],"5305":[{"pref":"岐阜県","city":"郡上市","town":"高鷲町西洞"}],"5401":[{"pref":"岐阜県","city":"高山市","town":"荘川町六厩"}],"5402":[{"pref":"岐阜県","city":"高山市","town":"荘川町三谷"}],"5403":[{"pref":"岐阜県","city":"高山市","town":"荘川町三尾河"}],"5404":[{"pref":"岐阜県","city":"高山市","town":"荘川町黒谷"}],"5405":[{"pref":"岐阜県","city":"高山市","town":"荘川町寺河戸"}],"5406":[{"pref":"岐阜県","city":"高山市","town":"荘川町惣則"}],"5411":[{"pref":"岐阜県","city":"高山市","town":"荘川町牧戸"}],"5412":[{"pref":"岐阜県","city":"高山市","town":"荘川町中畑"}],"5413":[{"pref":"岐阜県","city":"高山市","town":"荘川町新渕"}],"5414":[{"pref":"岐阜県","city":"高山市","town":"荘川町猿丸"}],"5415":[{"pref":"岐阜県","city":"高山市","town":"荘川町一色"}],"5416":[{"pref":"岐阜県","city":"高山市","town":"荘川町町屋"}],"5417":[{"pref":"岐阜県","city":"高山市","town":"荘川町野々俣"}],"5421":[{"pref":"岐阜県","city":"高山市","town":"荘川町赤谷"}],"5422":[{"pref":"岐阜県","city":"高山市","town":"荘川町牛丸"}],"5423":[{"pref":"岐阜県","city":"高山市","town":"荘川町岩瀬"}],"5424":[{"pref":"岐阜県","city":"高山市","town":"荘川町中野"}],"5425":[{"pref":"岐阜県","city":"高山市","town":"荘川町海上"}],"5426":[{"pref":"岐阜県","city":"高山市","town":"荘川町尾上郷"}],"5501":[{"pref":"岐阜県","city":"大野郡白川村","town":"保木脇"}],"5502":[{"pref":"岐阜県","city":"大野郡白川村","town":"木谷"}],"5503":[{"pref":"岐阜県","city":"大野郡白川村","town":"長瀬"}],"5504":[{"pref":"岐阜県","city":"大野郡白川村","town":"福島"}],"5505":[{"pref":"岐阜県","city":"大野郡白川村","town":"牧"}],"5506":[{"pref":"岐阜県","city":"大野郡白川村","town":"御母衣"}],"5507":[{"pref":"岐阜県","city":"大野郡白川村","town":"平瀬"}],"5600":[{"pref":"岐阜県","city":"大野郡白川村","town":"以下に掲載がない場合"}],"5620":[{"pref":"岐阜県","city":"大野郡白川村","town":"馬狩"}],"5621":[{"pref":"岐阜県","city":"大野郡白川村","town":"小白川"}],"5622":[{"pref":"岐阜県","city":"大野郡白川村","town":"芦倉"}],"5623":[{"pref":"岐阜県","city":"大野郡白川村","town":"椿原"}],"5624":[{"pref":"岐阜県","city":"大野郡白川村","town":"有家ケ原"}],"5625":[{"pref":"岐阜県","city":"大野郡白川村","town":"飯島"}],"5626":[{"pref":"岐阜県","city":"大野郡白川村","town":"島"}],"5627":[{"pref":"岐阜県","city":"大野郡白川村","town":"荻町"}],"5628":[{"pref":"岐阜県","city":"大野郡白川村","town":"大牧"}],"5629":[{"pref":"岐阜県","city":"大野郡白川村","town":"鳩谷"}],"6001":[{"pref":"岐阜県","city":"羽島郡岐南町","town":"上印食"}],"6002":[{"pref":"岐阜県","city":"羽島郡岐南町","town":"三宅"}],"6003":[{"pref":"岐阜県","city":"羽島郡岐南町","town":"平島"}],"6004":[{"pref":"岐阜県","city":"羽島郡岐南町","town":"野中"}],"6005":[{"pref":"岐阜県","city":"羽島郡岐南町","town":"若宮地"}],"6006":[{"pref":"岐阜県","city":"羽島郡岐南町","town":"伏屋"}],"6011":[{"pref":"岐阜県","city":"羽島郡岐南町","town":"八剣北"}],"6012":[{"pref":"岐阜県","city":"羽島郡岐南町","town":"八剣"}],"6013":[{"pref":"岐阜県","city":"羽島郡岐南町","town":"平成"}],"6014":[{"pref":"岐阜県","city":"羽島郡岐南町","town":"薬師寺"}],"6015":[{"pref":"岐阜県","city":"羽島郡岐南町","town":"石原瀬"}],"6016":[{"pref":"岐阜県","city":"羽島郡岐南町","town":"徳田"}],"6017":[{"pref":"岐阜県","city":"羽島郡岐南町","town":"徳田西"}],"6018":[{"pref":"岐阜県","city":"羽島郡岐南町","town":"下印食"}],"6019":[{"pref":"岐阜県","city":"羽島郡岐南町","town":"みやまち"}],"6021":[{"pref":"岐阜県","city":"各務原市","town":"川島笠田町"}],"6022":[{"pref":"岐阜県","city":"各務原市","town":"川島松倉町"}],"6023":[{"pref":"岐阜県","city":"各務原市","town":"川島小網町"}],"6024":[{"pref":"岐阜県","city":"各務原市","town":"川島竹早町"}],"6025":[{"pref":"岐阜県","city":"各務原市","town":"川島河田町"}],"6026":[{"pref":"岐阜県","city":"各務原市","town":"川島松原町"}],"6027":[{"pref":"岐阜県","city":"各務原市","town":"川島緑町"}],"6028":[{"pref":"岐阜県","city":"各務原市","town":"川島渡町"}],"6029":[{"pref":"岐阜県","city":"各務原市","town":"川島北山町"}],"6031":[{"pref":"岐阜県","city":"羽島郡笠松町","town":"米野"}],"6032":[{"pref":"岐阜県","city":"羽島郡笠松町","town":"江川"}],"6033":[{"pref":"岐阜県","city":"羽島郡笠松町","town":"無動寺"}],"6034":[{"pref":"岐阜県","city":"羽島郡笠松町","town":"中野"}],"6035":[{"pref":"岐阜県","city":"羽島郡笠松町","town":"円城寺"}],"6036":[{"pref":"岐阜県","city":"羽島郡笠松町","town":"若葉町"}],"6037":[{"pref":"岐阜県","city":"羽島郡笠松町","town":"西金池町"}],"6038":[{"pref":"岐阜県","city":"羽島郡笠松町","town":"東金池町"}],"6041":[{"pref":"岐阜県","city":"羽島郡笠松町","town":"奈良町"}],"6042":[{"pref":"岐阜県","city":"羽島郡笠松町","town":"八幡町"}],"6043":[{"pref":"岐阜県","city":"羽島郡笠松町","town":"県町"}],"6044":[{"pref":"岐阜県","city":"羽島郡笠松町","town":"相生町"}],"6045":[{"pref":"岐阜県","city":"羽島郡笠松町","town":"司町"}],"6046":[{"pref":"岐阜県","city":"羽島郡笠松町","town":"宮川町"}],"6047":[{"pref":"岐阜県","city":"羽島郡笠松町","town":"二見町"}],"6051":[{"pref":"岐阜県","city":"羽島郡笠松町","town":"上本町"}],"6052":[{"pref":"岐阜県","city":"羽島郡笠松町","town":"下本町"}],"6053":[{"pref":"岐阜県","city":"羽島郡笠松町","town":"港町"}],"6054":[{"pref":"岐阜県","city":"羽島郡笠松町","town":"柳原町"}],"6055":[{"pref":"岐阜県","city":"羽島郡笠松町","town":"西町"}],"6056":[{"pref":"岐阜県","city":"羽島郡笠松町","town":"朝日町"}],"6057":[{"pref":"岐阜県","city":"羽島郡笠松町","town":"下柳川町"}],"6058":[{"pref":"岐阜県","city":"羽島郡笠松町","town":"上柳川町"}],"6059":[{"pref":"岐阜県","city":"羽島郡笠松町","town":"東宮町"}],"6061":[{"pref":"岐阜県","city":"羽島郡笠松町","town":"泉町"}],"6062":[{"pref":"岐阜県","city":"羽島郡笠松町","town":"田代"}],"6063":[{"pref":"岐阜県","city":"羽島郡笠松町","town":"長池"}],"6064":[{"pref":"岐阜県","city":"羽島郡笠松町","town":"北及"}],"6065":[{"pref":"岐阜県","city":"羽島郡笠松町","town":"門間"}],"6071":[{"pref":"岐阜県","city":"羽島郡笠松町","town":"上新町"}],"6072":[{"pref":"岐阜県","city":"羽島郡笠松町","town":"中新町"}],"6073":[{"pref":"岐阜県","city":"羽島郡笠松町","town":"下新町"}],"6074":[{"pref":"岐阜県","city":"羽島郡笠松町","town":"新町"}],"6075":[{"pref":"岐阜県","city":"羽島郡笠松町","town":"西宮町"}],"6076":[{"pref":"岐阜県","city":"羽島郡笠松町","town":"門前町"}],"6077":[{"pref":"岐阜県","city":"羽島郡笠松町","town":"天王町"}],"6081":[{"pref":"岐阜県","city":"羽島郡笠松町","town":"東陽町"}],"6082":[{"pref":"岐阜県","city":"羽島郡笠松町","town":"春日町"}],"6083":[{"pref":"岐阜県","city":"羽島郡笠松町","town":"常盤町"}],"6084":[{"pref":"岐阜県","city":"羽島郡笠松町","town":"如月町"}],"6085":[{"pref":"岐阜県","city":"羽島郡笠松町","town":"弥生町"}],"6086":[{"pref":"岐阜県","city":"羽島郡笠松町","town":"清住町"}],"6087":[{"pref":"岐阜県","city":"羽島郡笠松町","town":"大池町"}],"6088":[{"pref":"岐阜県","city":"羽島郡笠松町","town":"美笠通"}],"6091":[{"pref":"岐阜県","city":"羽島郡笠松町","town":"松栄町"}],"6092":[{"pref":"岐阜県","city":"羽島郡笠松町","town":"月美町"}],"6093":[{"pref":"岐阜県","city":"羽島郡笠松町","town":"緑町"}],"6094":[{"pref":"岐阜県","city":"羽島郡笠松町","town":"羽衣町"}],"6095":[{"pref":"岐阜県","city":"羽島郡笠松町","town":"中川町"}],"6096":[{"pref":"岐阜県","city":"羽島郡笠松町","town":"友楽町"}],"6097":[{"pref":"岐阜県","city":"羽島郡笠松町","town":"瓢町"}],"6098":[{"pref":"岐阜県","city":"羽島郡笠松町","town":"桜町"}],"6100":[{"pref":"岐阜県","city":"羽島郡岐南町","town":"以下に掲載がない場合"},{"pref":"岐阜県","city":"羽島郡笠松町","town":"以下に掲載がない場合"}],"6101":[{"pref":"岐阜県","city":"岐阜市","town":"柳津町栄町"}],"6102":[{"pref":"岐阜県","city":"岐阜市","town":"柳津町東塚"}],"6103":[{"pref":"岐阜県","city":"岐阜市","town":"柳津町蓮池"}],"6104":[{"pref":"岐阜県","city":"岐阜市","town":"柳津町本郷"}],"6105":[{"pref":"岐阜県","city":"岐阜市","town":"柳津町梅松"}],"6111":[{"pref":"岐阜県","city":"岐阜市","town":"柳津町宮東"}],"6112":[{"pref":"岐阜県","city":"岐阜市","town":"柳津町北塚"}],"6113":[{"pref":"岐阜県","city":"岐阜市","town":"柳津町南塚"}],"6115":[{"pref":"岐阜県","city":"岐阜市","town":"柳津町丸野"}],"6121":[{"pref":"岐阜県","city":"岐阜市","town":"柳津町上佐波"},{"pref":"岐阜県","city":"岐阜市","town":"柳津町上佐波西"},{"pref":"岐阜県","city":"岐阜市","town":"柳津町上佐波東"},{"pref":"岐阜県","city":"岐阜市","town":"柳津町佐波"},{"pref":"岐阜県","city":"岐阜市","town":"柳津町下佐波"},{"pref":"岐阜県","city":"岐阜市","town":"柳津町下佐波西"}],"6122":[{"pref":"岐阜県","city":"岐阜市","town":"柳津町高桑"},{"pref":"岐阜県","city":"岐阜市","town":"柳津町高桑西"},{"pref":"岐阜県","city":"岐阜市","town":"柳津町高桑東"}],"6123":[{"pref":"岐阜県","city":"岐阜市","town":"柳津町流通センター"}],"6131":[{"pref":"岐阜県","city":"岐阜市","town":"高河原"}],"6132":[{"pref":"岐阜県","city":"岐阜市","town":"次木"}],"6133":[{"pref":"岐阜県","city":"岐阜市","town":"日置江"}],"6134":[{"pref":"岐阜県","city":"岐阜市","town":"大脇"}],"6135":[{"pref":"岐阜県","city":"岐阜市","town":"茶屋新田"}],"6200":[{"pref":"岐阜県","city":"羽島市","town":"以下に掲載がない場合"}],"6201":[{"pref":"岐阜県","city":"羽島市","town":"足近町北宿"}],"6202":[{"pref":"岐阜県","city":"羽島市","town":"足近町市場"}],"6203":[{"pref":"岐阜県","city":"羽島市","town":"足近町南宿"}],"6204":[{"pref":"岐阜県","city":"羽島市","town":"足近町小荒井"}],"6205":[{"pref":"岐阜県","city":"羽島市","town":"足近町南之川"}],"6206":[{"pref":"岐阜県","city":"羽島市","town":"新生町"}],"6207":[{"pref":"岐阜県","city":"羽島市","town":"足近町"}],"6208":[{"pref":"岐阜県","city":"羽島市","town":"足近町坂井"}],"6209":[{"pref":"岐阜県","city":"羽島市","town":"足近町直道"}],"6211":[{"pref":"岐阜県","city":"羽島市","town":"正木町南及"}],"6212":[{"pref":"岐阜県","city":"羽島市","town":"正木町上大浦"}],"6213":[{"pref":"岐阜県","city":"羽島市","town":"正木町光法寺"}],"6214":[{"pref":"岐阜県","city":"羽島市","town":"正木町須賀池端"}],"6215":[{"pref":"岐阜県","city":"羽島市","town":"正木町須賀赤松"}],"6216":[{"pref":"岐阜県","city":"羽島市","town":"正木町須賀"}],"6217":[{"pref":"岐阜県","city":"羽島市","town":"正木町須賀小松"}],"6218":[{"pref":"岐阜県","city":"羽島市","town":"正木町須賀本村"}],"6221":[{"pref":"岐阜県","city":"羽島市","town":"正木町森"}],"6222":[{"pref":"岐阜県","city":"羽島市","town":"正木町森新田"}],"6223":[{"pref":"岐阜県","city":"羽島市","town":"正木町大浦新田"}],"6224":[{"pref":"岐阜県","city":"羽島市","town":"正木町大浦"}],"6225":[{"pref":"岐阜県","city":"羽島市","town":"正木町新井"}],"6226":[{"pref":"岐阜県","city":"羽島市","town":"正木町三ツ柳"}],"6227":[{"pref":"岐阜県","city":"羽島市","town":"正木町曲利"}],"6228":[{"pref":"岐阜県","city":"羽島市","town":"正木町不破一色"}],"6229":[{"pref":"岐阜県","city":"羽島市","town":"正木町坂丸"}],"6231":[{"pref":"岐阜県","city":"羽島市","town":"竹鼻町神楽"}],"6232":[{"pref":"岐阜県","city":"羽島市","town":"竹鼻町狐穴"}],"6233":[{"pref":"岐阜県","city":"羽島市","town":"竹鼻町飯柄"}],"6234":[{"pref":"岐阜県","city":"羽島市","town":"竹鼻町駒塚"}],"6235":[{"pref":"岐阜県","city":"羽島市","town":"竹鼻町蜂尻"}],"6236":[{"pref":"岐阜県","city":"羽島市","town":"江吉良町"}],"6237":[{"pref":"岐阜県","city":"羽島市","town":"江吉良町江西"}],"6238":[{"pref":"岐阜県","city":"羽島市","town":"江吉良町江中"}],"6239":[{"pref":"岐阜県","city":"羽島市","town":"江吉良町江南"}],"6241":[{"pref":"岐阜県","city":"羽島市","town":"竹鼻町"}],"6242":[{"pref":"岐阜県","city":"羽島市","town":"竹鼻町錦町"}],"6243":[{"pref":"岐阜県","city":"羽島市","town":"竹鼻町西野町"}],"6244":[{"pref":"岐阜県","city":"羽島市","town":"竹鼻町丸の内"}],"6251":[{"pref":"岐阜県","city":"羽島市","town":"福寿町間島"}],"6252":[{"pref":"岐阜県","city":"羽島市","town":"小熊町島前"}],"6253":[{"pref":"岐阜県","city":"羽島市","town":"小熊町島新道"}],"6254":[{"pref":"岐阜県","city":"羽島市","town":"福寿町本郷"}],"6255":[{"pref":"岐阜県","city":"羽島市","town":"福寿町浅平"}],"6256":[{"pref":"岐阜県","city":"羽島市","town":"福寿町千代田"}],"6257":[{"pref":"岐阜県","city":"羽島市","town":"福寿町平方"}],"6261":[{"pref":"岐阜県","city":"羽島市","town":"小熊町外粟野"}],"6262":[{"pref":"岐阜県","city":"羽島市","town":"小熊町内粟野"}],"6263":[{"pref":"岐阜県","city":"羽島市","town":"小熊町江頭"}],"6264":[{"pref":"岐阜県","city":"羽島市","town":"小熊町島"}],"6265":[{"pref":"岐阜県","city":"羽島市","town":"小熊町川口前"}],"6266":[{"pref":"岐阜県","city":"羽島市","town":"小熊町川口"}],"6267":[{"pref":"岐阜県","city":"羽島市","town":"小熊町天王"}],"6271":[{"pref":"岐阜県","city":"羽島市","town":"小熊町東小熊"}],"6272":[{"pref":"岐阜県","city":"羽島市","town":"小熊町相田"}],"6273":[{"pref":"岐阜県","city":"羽島市","town":"小熊町"}],"6274":[{"pref":"岐阜県","city":"羽島市","town":"小熊町西小熊"}],"6301":[{"pref":"岐阜県","city":"羽島市","town":"舟橋町宮北"}],"6302":[{"pref":"岐阜県","city":"羽島市","town":"舟橋町"}],"6303":[{"pref":"岐阜県","city":"羽島市","town":"舟橋町本町"}],"6304":[{"pref":"岐阜県","city":"羽島市","town":"舟橋町出須賀"}],"6311":[{"pref":"岐阜県","city":"羽島市","town":"上中町長間"}],"6312":[{"pref":"岐阜県","city":"羽島市","town":"上中町一色"}],"6313":[{"pref":"岐阜県","city":"羽島市","town":"下中町加賀野井"}],"6314":[{"pref":"岐阜県","city":"羽島市","town":"下中町城屋敷"}],"6315":[{"pref":"岐阜県","city":"羽島市","town":"下中町石田"}],"6316":[{"pref":"岐阜県","city":"羽島市","town":"下中町市之枝"}],"6317":[{"pref":"岐阜県","city":"羽島市","town":"上中町午北"}],"6318":[{"pref":"岐阜県","city":"羽島市","town":"上中町沖"}],"6319":[{"pref":"岐阜県","city":"羽島市","town":"上中町中"}],"6321":[{"pref":"岐阜県","city":"羽島市","town":"桑原町八神"}],"6322":[{"pref":"岐阜県","city":"羽島市","town":"桑原町前野"}],"6323":[{"pref":"岐阜県","city":"羽島市","town":"桑原町午南"}],"6324":[{"pref":"岐阜県","city":"羽島市","town":"桑原町小薮"}],"6325":[{"pref":"岐阜県","city":"羽島市","town":"桑原町大須"}],"6326":[{"pref":"岐阜県","city":"羽島市","town":"桑原町東方"}],"6327":[{"pref":"岐阜県","city":"羽島市","town":"桑原町西小薮"}],"6328":[{"pref":"岐阜県","city":"羽島市","town":"桑原町平太"}],"6330":[{"pref":"岐阜県","city":"羽島市","town":"堀津町（その他）"}],"6331":[{"pref":"岐阜県","city":"羽島市","town":"堀津町横手"}],"6332":[{"pref":"岐阜県","city":"羽島市","town":"堀津町須賀北"}],"6333":[{"pref":"岐阜県","city":"羽島市","town":"堀津町東山"}],"6334":[{"pref":"岐阜県","city":"羽島市","town":"堀津町前谷"}],"6335":[{"pref":"岐阜県","city":"羽島市","town":"堀津町須賀南"}],"6336":[{"pref":"岐阜県","city":"羽島市","town":"堀津町須賀西"}],"6337":[{"pref":"岐阜県","city":"羽島市","town":"堀津町中屋敷"}],"6338":[{"pref":"岐阜県","city":"羽島市","town":"堀津町須賀中"}],"0117":[{"pref":"岐阜県","city":"岐阜市","town":"江崎"}],"0121":[{"pref":"岐阜県","city":"岐阜市","town":"江崎北"}],"0122":[{"pref":"岐阜県","city":"岐阜市","town":"江崎南"}],"0118":[{"pref":"岐阜県","city":"岐阜市","town":"大菅北"}],"0119":[{"pref":"岐阜県","city":"岐阜市","town":"大菅南"}],"0111":[{"pref":"岐阜県","city":"岐阜市","town":"鏡島"},{"pref":"岐阜県","city":"岐阜市","town":"鏡島町"},{"pref":"岐阜県","city":"岐阜市","town":"川原畑"}],"0113":[{"pref":"岐阜県","city":"岐阜市","town":"鏡島市場"}],"0112":[{"pref":"岐阜県","city":"岐阜市","town":"鏡島精華"}],"0124":[{"pref":"岐阜県","city":"岐阜市","town":"鏡島中"}],"0123":[{"pref":"岐阜県","city":"岐阜市","town":"鏡島西"}],"0115":[{"pref":"岐阜県","city":"岐阜市","town":"鏡島南"}],"0105":[{"pref":"岐阜県","city":"岐阜市","town":"河渡"}],"0101":[{"pref":"岐阜県","city":"岐阜市","town":"曽我屋"}],"0104":[{"pref":"岐阜県","city":"岐阜市","town":"寺田"}],"0106":[{"pref":"岐阜県","city":"岐阜市","town":"西河渡"}],"0103":[{"pref":"岐阜県","city":"岐阜市","town":"一日市場"}],"0102":[{"pref":"岐阜県","city":"岐阜市","town":"一日市場北町"}],"0200":[{"pref":"岐阜県","city":"瑞穂市","town":"以下に掲載がない場合"}],"0302":[{"pref":"岐阜県","city":"瑞穂市","town":"居倉"}],"0224":[{"pref":"岐阜県","city":"瑞穂市","town":"稲里"}],"0234":[{"pref":"岐阜県","city":"瑞穂市","town":"牛牧"}],"0306":[{"pref":"岐阜県","city":"瑞穂市","town":"大月"}],"0307":[{"pref":"岐阜県","city":"瑞穂市","town":"唐栗"}],"0237":[{"pref":"岐阜県","city":"瑞穂市","town":"犀川"}],"0311":[{"pref":"岐阜県","city":"瑞穂市","town":"重里"}],"0313":[{"pref":"岐阜県","city":"瑞穂市","town":"十七条"}],"0314":[{"pref":"岐阜県","city":"瑞穂市","town":"十八条"}],"0235":[{"pref":"岐阜県","city":"瑞穂市","town":"十九条"}],"0225":[{"pref":"岐阜県","city":"瑞穂市","town":"祖父江"}],"0221":[{"pref":"岐阜県","city":"瑞穂市","town":"只越"}],"0304":[{"pref":"岐阜県","city":"瑞穂市","town":"田之上"}],"0323":[{"pref":"岐阜県","city":"瑞穂市","town":"中宮"}],"0301":[{"pref":"岐阜県","city":"瑞穂市","town":"七崎"}],"0211":[{"pref":"岐阜県","city":"瑞穂市","town":"生津"}],"0214":[{"pref":"岐阜県","city":"瑞穂市","town":"生津外宮東町"}],"0217":[{"pref":"岐阜県","city":"瑞穂市","town":"生津外宮前町"}],"0212":[{"pref":"岐阜県","city":"瑞穂市","town":"生津滝坪町"}],"0215":[{"pref":"岐阜県","city":"瑞穂市","town":"生津天王東町"}],"0216":[{"pref":"岐阜県","city":"瑞穂市","town":"生津天王町"}],"0213":[{"pref":"岐阜県","city":"瑞穂市","town":"生津内宮町"}],"0232":[{"pref":"岐阜県","city":"瑞穂市","town":"野田新田"}],"0231":[{"pref":"岐阜県","city":"瑞穂市","town":"野白新田"}],"0201":[{"pref":"岐阜県","city":"瑞穂市","town":"馬場"}],"0206":[{"pref":"岐阜県","city":"瑞穂市","town":"馬場北町"}],"0205":[{"pref":"岐阜県","city":"瑞穂市","town":"馬場小城町"}],"0203":[{"pref":"岐阜県","city":"瑞穂市","town":"馬場上光町"}],"0204":[{"pref":"岐阜県","city":"瑞穂市","town":"馬場春雨町"}],"0202":[{"pref":"岐阜県","city":"瑞穂市","town":"馬場前畑町"}],"0322":[{"pref":"岐阜県","city":"瑞穂市","town":"古橋"}],"0222":[{"pref":"岐阜県","city":"瑞穂市","town":"別府"}],"0233":[{"pref":"岐阜県","city":"瑞穂市","town":"宝江"}],"0223":[{"pref":"岐阜県","city":"瑞穂市","town":"穂積"}],"0236":[{"pref":"岐阜県","city":"瑞穂市","town":"本田"}],"0312":[{"pref":"岐阜県","city":"瑞穂市","town":"美江寺"}],"0305":[{"pref":"岐阜県","city":"瑞穂市","town":"宮田"}],"0303":[{"pref":"岐阜県","city":"瑞穂市","town":"森"}],"0321":[{"pref":"岐阜県","city":"瑞穂市","town":"横屋"}],"0324":[{"pref":"岐阜県","city":"瑞穂市","town":"呂久"}],"0400":[{"pref":"岐阜県","city":"本巣市","town":"以下に掲載がない場合"},{"pref":"岐阜県","city":"本巣郡北方町","town":"以下に掲載がない場合"}],"0475":[{"pref":"岐阜県","city":"本巣市","town":"浅木"}],"0415":[{"pref":"岐阜県","city":"本巣市","town":"有里"}],"0410":[{"pref":"岐阜県","city":"本巣市","town":"石神"}],"0405":[{"pref":"岐阜県","city":"本巣市","town":"石原"}],"0476":[{"pref":"岐阜県","city":"本巣市","town":"海老"}],"0414":[{"pref":"岐阜県","city":"本巣市","town":"数屋"}],"0411":[{"pref":"岐阜県","city":"本巣市","town":"上高屋"}],"0401":[{"pref":"岐阜県","city":"本巣市","town":"上保"}],"0461":[{"pref":"岐阜県","city":"本巣市","town":"上真桑"}],"0465":[{"pref":"岐阜県","city":"本巣市","town":"軽海"}],"0403":[{"pref":"岐阜県","city":"本巣市","town":"北野"}],"0402":[{"pref":"岐阜県","city":"本巣市","town":"郡府"}],"0463":[{"pref":"岐阜県","city":"本巣市","town":"小柿"}],"0474":[{"pref":"岐阜県","city":"本巣市","town":"国領"}],"0418":[{"pref":"岐阜県","city":"本巣市","town":"七五三"}],"0472":[{"pref":"岐阜県","city":"本巣市","town":"下福島"}],"0466":[{"pref":"岐阜県","city":"本巣市","town":"下真桑"}],"0464":[{"pref":"岐阜県","city":"本巣市","town":"十四条"}],"0416":[{"pref":"岐阜県","city":"本巣市","town":"随原"}],"0462":[{"pref":"岐阜県","city":"本巣市","town":"宗慶"}],"0412":[{"pref":"岐阜県","city":"本巣市","town":"長屋"}],"0473":[{"pref":"岐阜県","city":"本巣市","town":"温井"}],"0419":[{"pref":"岐阜県","city":"本巣市","town":"早野"}],"0404":[{"pref":"岐阜県","city":"本巣市","town":"春近"}],"0407":[{"pref":"岐阜県","city":"本巣市","town":"仏生寺"}],"0471":[{"pref":"岐阜県","city":"本巣市","town":"政田"}],"0406":[{"pref":"岐阜県","city":"本巣市","town":"三橋"}],"0413":[{"pref":"岐阜県","city":"本巣市","town":"見延"}],"0417":[{"pref":"岐阜県","city":"本巣市","town":"屋井"}],"0600":[{"pref":"岐阜県","city":"揖斐郡揖斐川町","town":"以下に掲載がない場合"}],"0627":[{"pref":"岐阜県","city":"揖斐郡揖斐川町","town":"市場"}],"0634":[{"pref":"岐阜県","city":"揖斐郡揖斐川町","town":"上野"}],"0624":[{"pref":"岐阜県","city":"揖斐郡揖斐川町","town":"岡"}],"0701":[{"pref":"岐阜県","city":"揖斐郡揖斐川町","town":"小津"}],"0703":[{"pref":"岐阜県","city":"揖斐郡揖斐川町","town":"乙原"}],"0612":[{"pref":"岐阜県","city":"揖斐郡揖斐川町","town":"小野"}],"0815":[{"pref":"岐阜県","city":"揖斐郡揖斐川町","town":"開田"}],"0708":[{"pref":"岐阜県","city":"揖斐郡揖斐川町","town":"樫原"}],"0607":[{"pref":"岐阜県","city":"揖斐郡揖斐川町","town":"桂"}],"0817":[{"pref":"岐阜県","city":"揖斐郡揖斐川町","town":"門入"}],"0631":[{"pref":"岐阜県","city":"揖斐郡揖斐川町","town":"上岡島"}],"0618":[{"pref":"岐阜県","city":"揖斐郡揖斐川町","town":"上ミ野"}],"0632":[{"pref":"岐阜県","city":"揖斐郡揖斐川町","town":"上東野"}],"0603":[{"pref":"岐阜県","city":"揖斐郡揖斐川町","town":"上南方"}],"0601":[{"pref":"岐阜県","city":"揖斐郡揖斐川町","town":"北方"}],"0615":[{"pref":"岐阜県","city":"揖斐郡揖斐川町","town":"清水"}],"0625":[{"pref":"岐阜県","city":"揖斐郡揖斐川町","town":"黒田"}],"0605":[{"pref":"岐阜県","city":"揖斐郡揖斐川町","town":"極楽寺"}],"0633":[{"pref":"岐阜県","city":"揖斐郡揖斐川町","town":"小島"}],"0611":[{"pref":"岐阜県","city":"揖斐郡揖斐川町","town":"小谷"}],"0901":[{"pref":"岐阜県","city":"揖斐郡揖斐川町","town":"坂内川上"}],"0903":[{"pref":"岐阜県","city":"揖斐郡揖斐川町","town":"坂内坂本"}],"0902":[{"pref":"岐阜県","city":"揖斐郡揖斐川町","town":"坂内広瀬"}],"0613":[{"pref":"岐阜県","city":"揖斐郡揖斐川町","town":"志津山"}],"0617":[{"pref":"岐阜県","city":"揖斐郡揖斐川町","town":"島"}],"0621":[{"pref":"岐阜県","city":"揖斐郡揖斐川町","town":"下岡島"}],"0635":[{"pref":"岐阜県","city":"揖斐郡揖斐川町","town":"白樫"}],"0628":[{"pref":"岐阜県","city":"揖斐郡揖斐川町","town":"新宮"}],"0626":[{"pref":"岐阜県","city":"揖斐郡揖斐川町","town":"瑞岩寺"}],"0604":[{"pref":"岐阜県","city":"揖斐郡揖斐川町","town":"大光寺"}],"0811":[{"pref":"岐阜県","city":"揖斐郡揖斐川町","town":"塚"}],"0802":[{"pref":"岐阜県","city":"揖斐郡揖斐川町","town":"鶴見"}],"0814":[{"pref":"岐阜県","city":"揖斐郡揖斐川町","town":"徳山"}],"0705":[{"pref":"岐阜県","city":"揖斐郡揖斐川町","town":"外津汲"}],"0816":[{"pref":"岐阜県","city":"揖斐郡揖斐川町","town":"戸入"}],"0614":[{"pref":"岐阜県","city":"揖斐郡揖斐川町","town":"長良"}],"0706":[{"pref":"岐阜県","city":"揖斐郡揖斐川町","town":"西津汲"}],"0805":[{"pref":"岐阜県","city":"揖斐郡揖斐川町","town":"西横山"}],"0622":[{"pref":"岐阜県","city":"揖斐郡揖斐川町","town":"脛永"}],"0812":[{"pref":"岐阜県","city":"揖斐郡揖斐川町","town":"櫨原"}],"0803":[{"pref":"岐阜県","city":"揖斐郡揖斐川町","town":"東杉原"}],"0702":[{"pref":"岐阜県","city":"揖斐郡揖斐川町","town":"東津汲"}],"0804":[{"pref":"岐阜県","city":"揖斐郡揖斐川町","town":"東横山"}],"0707":[{"pref":"岐阜県","city":"揖斐郡揖斐川町","town":"日坂"}],"0616":[{"pref":"岐阜県","city":"揖斐郡揖斐川町","town":"福島"}],"0606":[{"pref":"岐阜県","city":"揖斐郡揖斐川町","town":"房島"}],"0704":[{"pref":"岐阜県","city":"揖斐郡揖斐川町","town":"三倉"}],"0619":[{"pref":"岐阜県","city":"揖斐郡揖斐川町","town":"三輪"}],"0813":[{"pref":"岐阜県","city":"揖斐郡揖斐川町","town":"山手"}],"0602":[{"pref":"岐阜県","city":"揖斐郡揖斐川町","town":"若松"}],"0623":[{"pref":"岐阜県","city":"揖斐郡揖斐川町","town":"和田"}],"0500":[{"pref":"岐阜県","city":"揖斐郡大野町","town":"以下に掲載がない場合"}],"0522":[{"pref":"岐阜県","city":"揖斐郡大野町","town":"相羽"}],"0564":[{"pref":"岐阜県","city":"揖斐郡大野町","town":"麻生"}],"0501":[{"pref":"岐阜県","city":"揖斐郡大野町","town":"稲富"}],"0511":[{"pref":"岐阜県","city":"揖斐郡大野町","town":"稲畑"}],"0561":[{"pref":"岐阜県","city":"揖斐郡大野町","town":"牛洞"}],"0552":[{"pref":"岐阜県","city":"揖斐郡大野町","town":"大衣斐"}],"0513":[{"pref":"岐阜県","city":"揖斐郡大野町","town":"大野"}],"0535":[{"pref":"岐阜県","city":"揖斐郡大野町","town":"加納"}],"0531":[{"pref":"岐阜県","city":"揖斐郡大野町","town":"上磯"}],"0512":[{"pref":"岐阜県","city":"揖斐郡大野町","town":"上秋"}],"0524":[{"pref":"岐阜県","city":"揖斐郡大野町","town":"郡家"}],"0555":[{"pref":"岐阜県","city":"揖斐郡大野町","town":"公郷"}],"0521":[{"pref":"岐阜県","city":"揖斐郡大野町","town":"黒野"}],"0551":[{"pref":"岐阜県","city":"揖斐郡大野町","town":"小衣斐"}],"0554":[{"pref":"岐阜県","city":"揖斐郡大野町","town":"五之里"}],"0515":[{"pref":"岐阜県","city":"揖斐郡大野町","town":"桜大門"}],"0503":[{"pref":"岐阜県","city":"揖斐郡大野町","town":"寺内"}],"0532":[{"pref":"岐阜県","city":"揖斐郡大野町","town":"下磯"}],"0523":[{"pref":"岐阜県","city":"揖斐郡大野町","town":"下方"}],"0534":[{"pref":"岐阜県","city":"揖斐郡大野町","town":"下座倉"}],"0563":[{"pref":"岐阜県","city":"揖斐郡大野町","town":"瀬古"}],"0565":[{"pref":"岐阜県","city":"揖斐郡大野町","town":"中之元"}],"0514":[{"pref":"岐阜県","city":"揖斐郡大野町","town":"西方"}],"0504":[{"pref":"岐阜県","city":"揖斐郡大野町","town":"野"}],"0502":[{"pref":"岐阜県","city":"揖斐郡大野町","town":"古川"}],"0533":[{"pref":"岐阜県","city":"揖斐郡大野町","town":"本庄"}],"0562":[{"pref":"岐阜県","city":"揖斐郡大野町","town":"松山"}],"0553":[{"pref":"岐阜県","city":"揖斐郡大野町","town":"南方"}],"0556":[{"pref":"岐阜県","city":"揖斐郡大野町","town":"領家"}],"0525":[{"pref":"岐阜県","city":"揖斐郡大野町","town":"六里"}],"0424":[{"pref":"岐阜県","city":"本巣郡北方町","town":"朝日町"}],"0432":[{"pref":"岐阜県","city":"本巣郡北方町","town":"一本松"}],"0425":[{"pref":"岐阜県","city":"本巣郡北方町","town":"加茂"}],"0431":[{"pref":"岐阜県","city":"本巣郡北方町","town":"北方"}],"0434":[{"pref":"岐阜県","city":"本巣郡北方町","town":"小柳"}],"0427":[{"pref":"岐阜県","city":"本巣郡北方町","town":"栄町"}],"0422":[{"pref":"岐阜県","city":"本巣郡北方町","town":"芝原中町"}],"0423":[{"pref":"岐阜県","city":"本巣郡北方町","town":"芝原東町"}],"0421":[{"pref":"岐阜県","city":"本巣郡北方町","town":"芝原西町"}],"0437":[{"pref":"岐阜県","city":"本巣郡北方町","town":"清水"}],"0441":[{"pref":"岐阜県","city":"本巣郡北方町","town":"曲路"}],"0442":[{"pref":"岐阜県","city":"本巣郡北方町","town":"曲路東"}],"0458":[{"pref":"岐阜県","city":"本巣郡北方町","town":"高屋"}],"0452":[{"pref":"岐阜県","city":"本巣郡北方町","town":"高屋石末"}],"0455":[{"pref":"岐阜県","city":"本巣郡北方町","town":"高屋伊勢田"}],"0454":[{"pref":"岐阜県","city":"本巣郡北方町","town":"高屋白木"}],"0456":[{"pref":"岐阜県","city":"本巣郡北方町","town":"高屋条里"}],"0457":[{"pref":"岐阜県","city":"本巣郡北方町","town":"高屋太子"}],"0451":[{"pref":"岐阜県","city":"本巣郡北方町","town":"高屋勅使"}],"0453":[{"pref":"岐阜県","city":"本巣郡北方町","town":"高屋分木"}],"0433":[{"pref":"岐阜県","city":"本巣郡北方町","town":"天狗堂"}],"0446":[{"pref":"岐阜県","city":"本巣郡北方町","town":"柱本"}],"0443":[{"pref":"岐阜県","city":"本巣郡北方町","town":"柱本池之頭"}],"0444":[{"pref":"岐阜県","city":"本巣郡北方町","town":"柱本白坪"}],"0445":[{"pref":"岐阜県","city":"本巣郡北方町","town":"柱本南"}],"0439":[{"pref":"岐阜県","city":"本巣郡北方町","town":"長谷川"}],"0436":[{"pref":"岐阜県","city":"本巣郡北方町","town":"長谷川西"}],"0435":[{"pref":"岐阜県","city":"本巣郡北方町","town":"春来町"}],"0426":[{"pref":"岐阜県","city":"本巣郡北方町","town":"東加茂"}],"0438":[{"pref":"岐阜県","city":"本巣郡北方町","town":"平成"}],"0428":[{"pref":"岐阜県","city":"本巣郡北方町","town":"若宮"}]}