{"0000":[{"pref":"佐賀県","city":"多久市","town":"以下に掲載がない場合"}],"0001":[{"pref":"佐賀県","city":"多久市","town":"北多久町"}],"0006":[{"pref":"佐賀県","city":"多久市","town":"北多久町莇原"}],"0002":[{"pref":"佐賀県","city":"多久市","town":"北多久町小侍"}],"0005":[{"pref":"佐賀県","city":"多久市","town":"北多久町砂原"}],"0003":[{"pref":"佐賀県","city":"多久市","town":"北多久町多久原"}],"0004":[{"pref":"佐賀県","city":"多久市","town":"北多久町中多久"}],"0007":[{"pref":"佐賀県","city":"多久市","town":"北多久町メイプルタウン"}],"0031":[{"pref":"佐賀県","city":"多久市","town":"多久町"}],"0041":[{"pref":"佐賀県","city":"多久市","town":"西多久町"}],"0011":[{"pref":"佐賀県","city":"多久市","town":"東多久町"}],"0013":[{"pref":"佐賀県","city":"多久市","town":"東多久町古賀"}],"0014":[{"pref":"佐賀県","city":"多久市","town":"東多久町納所"}],"0012":[{"pref":"佐賀県","city":"多久市","town":"東多久町別府"}],"0021":[{"pref":"佐賀県","city":"多久市","town":"南多久町"}],"0022":[{"pref":"佐賀県","city":"多久市","town":"南多久町泉町"}],"0024":[{"pref":"佐賀県","city":"多久市","town":"南多久町下多久"}],"0023":[{"pref":"佐賀県","city":"多久市","town":"南多久町長尾"}],"0025":[{"pref":"佐賀県","city":"多久市","town":"南多久町花祭"}]}