{"0000":[{"pref":"北海道","city":"札幌市北区","town":"以下に掲載がない場合"}],"0045":[{"pref":"北海道","city":"札幌市北区","town":"麻生町"}],"0010":[{"pref":"北海道","city":"札幌市北区","town":"北十条西（１～４丁目）"}],"0011":[{"pref":"北海道","city":"札幌市北区","town":"北十一条西（１～４丁目）"}],"0012":[{"pref":"北海道","city":"札幌市北区","town":"北十二条西（１～４丁目）"}],"0013":[{"pref":"北海道","city":"札幌市北区","town":"北十三条西（１～４丁目）"}],"0014":[{"pref":"北海道","city":"札幌市北区","town":"北十四条西（１～４丁目）"}],"0015":[{"pref":"北海道","city":"札幌市北区","town":"北十五条西（１～５丁目）"}],"0016":[{"pref":"北海道","city":"札幌市北区","town":"北十六条西（１～６丁目）"}],"0017":[{"pref":"北海道","city":"札幌市北区","town":"北十七条西（１～６丁目）"}],"0018":[{"pref":"北海道","city":"札幌市北区","town":"北十八条西（１～７丁目）"}],"0019":[{"pref":"北海道","city":"札幌市北区","town":"北十九条西（２～７丁目）"}],"0020":[{"pref":"北海道","city":"札幌市北区","town":"北二十条西（２～１０丁目）"}],"0021":[{"pref":"北海道","city":"札幌市北区","town":"北二十一条西"}],"0022":[{"pref":"北海道","city":"札幌市北区","town":"北二十二条西"}],"0023":[{"pref":"北海道","city":"札幌市北区","town":"北二十三条西"}],"0024":[{"pref":"北海道","city":"札幌市北区","town":"北二十四条西"}],"0025":[{"pref":"北海道","city":"札幌市北区","town":"北二十五条西"}],"0026":[{"pref":"北海道","city":"札幌市北区","town":"北二十六条西"}],"0027":[{"pref":"北海道","city":"札幌市北区","town":"北二十七条西"}],"0028":[{"pref":"北海道","city":"札幌市北区","town":"北二十八条西"}],"0029":[{"pref":"北海道","city":"札幌市北区","town":"北二十九条西"}],"0030":[{"pref":"北海道","city":"札幌市北区","town":"北三十条西"}],"0031":[{"pref":"北海道","city":"札幌市北区","town":"北三十一条西"}],"0032":[{"pref":"北海道","city":"札幌市北区","town":"北三十二条西"}],"0033":[{"pref":"北海道","city":"札幌市北区","town":"北三十三条西"}],"0034":[{"pref":"北海道","city":"札幌市北区","town":"北三十四条西"}],"0035":[{"pref":"北海道","city":"札幌市北区","town":"北三十五条西"}],"0036":[{"pref":"北海道","city":"札幌市北区","town":"北三十六条西"}],"0037":[{"pref":"北海道","city":"札幌市北区","town":"北三十七条西"}],"0038":[{"pref":"北海道","city":"札幌市北区","town":"北三十八条西"}],"0039":[{"pref":"北海道","city":"札幌市北区","town":"北三十九条西"}],"0040":[{"pref":"北海道","city":"札幌市北区","town":"北四十条西"}],"0930":[{"pref":"北海道","city":"札幌市北区","town":"新川"}],"0921":[{"pref":"北海道","city":"札幌市北区","town":"新川一条"}],"0922":[{"pref":"北海道","city":"札幌市北区","town":"新川二条"}],"0923":[{"pref":"北海道","city":"札幌市北区","town":"新川三条"}],"0924":[{"pref":"北海道","city":"札幌市北区","town":"新川四条"}],"0925":[{"pref":"北海道","city":"札幌市北区","town":"新川五条"}],"0926":[{"pref":"北海道","city":"札幌市北区","town":"新川六条"}],"0927":[{"pref":"北海道","city":"札幌市北区","town":"新川七条"}],"0928":[{"pref":"北海道","city":"札幌市北区","town":"新川八条"}],"0931":[{"pref":"北海道","city":"札幌市北区","town":"新川西一条"}],"0932":[{"pref":"北海道","city":"札幌市北区","town":"新川西二条"}],"0933":[{"pref":"北海道","city":"札幌市北区","town":"新川西三条"}],"0934":[{"pref":"北海道","city":"札幌市北区","town":"新川西四条"}],"0935":[{"pref":"北海道","city":"札幌市北区","town":"新川西五条"}],"0901":[{"pref":"北海道","city":"札幌市北区","town":"新琴似一条"}],"0902":[{"pref":"北海道","city":"札幌市北区","town":"新琴似二条"}],"0903":[{"pref":"北海道","city":"札幌市北区","town":"新琴似三条"}],"0904":[{"pref":"北海道","city":"札幌市北区","town":"新琴似四条"}],"0905":[{"pref":"北海道","city":"札幌市北区","town":"新琴似五条"}],"0906":[{"pref":"北海道","city":"札幌市北区","town":"新琴似六条"}],"0907":[{"pref":"北海道","city":"札幌市北区","town":"新琴似七条"}],"0908":[{"pref":"北海道","city":"札幌市北区","town":"新琴似八条"}],"0909":[{"pref":"北海道","city":"札幌市北区","town":"新琴似九条"}],"0910":[{"pref":"北海道","city":"札幌市北区","town":"新琴似十条"}],"0911":[{"pref":"北海道","city":"札幌市北区","town":"新琴似十一条"}],"0912":[{"pref":"北海道","city":"札幌市北区","town":"新琴似十二条"}],"0915":[{"pref":"北海道","city":"札幌市北区","town":"新琴似町"}]}