{"0000":[{"pref":"高知県","city":"須崎市","town":"以下に掲載がない場合"}],"0047":[{"pref":"高知県","city":"須崎市","town":"吾井郷甲"}],"0044":[{"pref":"高知県","city":"須崎市","town":"吾井郷乙"}],"0004":[{"pref":"高知県","city":"須崎市","town":"青木町"}],"0037":[{"pref":"高知県","city":"須崎市","town":"赤崎町"}],"0024":[{"pref":"高知県","city":"須崎市","town":"安和"}],"0021":[{"pref":"高知県","city":"須崎市","town":"池ノ内"}],"0017":[{"pref":"高知県","city":"須崎市","town":"泉町"}],"0165":[{"pref":"高知県","city":"須崎市","town":"浦ノ内出見"}],"0173":[{"pref":"高知県","city":"須崎市","town":"浦ノ内今川内"}],"0174":[{"pref":"高知県","city":"須崎市","town":"浦ノ内下中山"}],"0166":[{"pref":"高知県","city":"須崎市","town":"浦ノ内塩間"}],"0171":[{"pref":"高知県","city":"須崎市","town":"浦ノ内須ノ浦"}],"0164":[{"pref":"高知県","city":"須崎市","town":"浦ノ内立目摺木"}],"0161":[{"pref":"高知県","city":"須崎市","town":"浦ノ内西分"}],"0167":[{"pref":"高知県","city":"須崎市","town":"浦ノ内灰方"}],"0163":[{"pref":"高知県","city":"須崎市","town":"浦ノ内東分（鳴無・坂内）"}],"0162":[{"pref":"高知県","city":"須崎市","town":"浦ノ内東分（その他）"}],"0172":[{"pref":"高知県","city":"須崎市","town":"浦ノ内福良"}],"0055":[{"pref":"高知県","city":"須崎市","town":"大谷"}],"0030":[{"pref":"高知県","city":"須崎市","town":"多ノ郷甲"}],"0054":[{"pref":"高知県","city":"須崎市","town":"多ノ郷乙"}],"0035":[{"pref":"高知県","city":"須崎市","town":"大間東町"}],"0033":[{"pref":"高知県","city":"須崎市","town":"大間西町"}],"0034":[{"pref":"高知県","city":"須崎市","town":"大間本町"}],"0052":[{"pref":"高知県","city":"須崎市","town":"押岡"}],"0010":[{"pref":"高知県","city":"須崎市","town":"鍛冶町"}],"0026":[{"pref":"高知県","city":"須崎市","town":"上分甲"}],"0027":[{"pref":"高知県","city":"須崎市","town":"上分乙"}],"0028":[{"pref":"高知県","city":"須崎市","town":"上分丙"}],"0059":[{"pref":"高知県","city":"須崎市","town":"桐間西"}],"0057":[{"pref":"高知県","city":"須崎市","town":"桐間東"}],"0058":[{"pref":"高知県","city":"須崎市","town":"桐間南"}],"0053":[{"pref":"高知県","city":"須崎市","town":"久通"}],"0051":[{"pref":"高知県","city":"須崎市","town":"神田"}],"0015":[{"pref":"高知県","city":"須崎市","town":"幸町"}],"0016":[{"pref":"高知県","city":"須崎市","town":"栄町"}],"0032":[{"pref":"高知県","city":"須崎市","town":"潮田町"}],"0025":[{"pref":"高知県","city":"須崎市","town":"下郷"}],"0022":[{"pref":"高知県","city":"須崎市","town":"下分甲"}],"0023":[{"pref":"高知県","city":"須崎市","town":"下分乙"}],"0003":[{"pref":"高知県","city":"須崎市","town":"新町"}],"0018":[{"pref":"高知県","city":"須崎市","town":"須崎"}],"0046":[{"pref":"高知県","city":"須崎市","town":"桑田山甲"}],"0045":[{"pref":"高知県","city":"須崎市","town":"桑田山乙"}],"0043":[{"pref":"高知県","city":"須崎市","town":"土崎町"}],"0008":[{"pref":"高知県","city":"須崎市","town":"中町"}],"0041":[{"pref":"高知県","city":"須崎市","town":"西崎町"}],"0012":[{"pref":"高知県","city":"須崎市","town":"西糺町"}],"0013":[{"pref":"高知県","city":"須崎市","town":"西古市町"}],"0009":[{"pref":"高知県","city":"須崎市","town":"西町"}],"0056":[{"pref":"高知県","city":"須崎市","town":"野見"}],"0006":[{"pref":"高知県","city":"須崎市","town":"浜町"}],"0001":[{"pref":"高知県","city":"須崎市","town":"原町"}],"0011":[{"pref":"高知県","city":"須崎市","town":"東糺町"}],"0005":[{"pref":"高知県","city":"須崎市","town":"東古市町"}],"0036":[{"pref":"高知県","city":"須崎市","town":"緑町"}],"0002":[{"pref":"高知県","city":"須崎市","town":"港町"}],"0007":[{"pref":"高知県","city":"須崎市","town":"南古市町"}],"0042":[{"pref":"高知県","city":"須崎市","town":"妙見町"}],"0031":[{"pref":"高知県","city":"須崎市","town":"山手町"}],"0014":[{"pref":"高知県","city":"須崎市","town":"横町"}],"0600":[{"pref":"高知県","city":"高岡郡檮原町","town":"以下に掲載がない場合"}],"0611":[{"pref":"高知県","city":"高岡郡檮原町","town":"飯母"}],"0666":[{"pref":"高知県","city":"高岡郡檮原町","town":"井高"}],"0602":[{"pref":"高知県","city":"高岡郡檮原町","town":"井の谷"}],"0641":[{"pref":"高知県","city":"高岡郡檮原町","town":"上成"}],"0603":[{"pref":"高知県","city":"高岡郡檮原町","town":"太田戸"}],"0626":[{"pref":"高知県","city":"高岡郡檮原町","town":"大野地"}],"0771":[{"pref":"高知県","city":"高岡郡檮原町","town":"大向"}],"0613":[{"pref":"高知県","city":"高岡郡檮原町","town":"大蔵谷"}],"0652":[{"pref":"高知県","city":"高岡郡檮原町","town":"本も谷"}],"0627":[{"pref":"高知県","city":"高岡郡檮原町","town":"影野地"}],"0625":[{"pref":"高知県","city":"高岡郡檮原町","town":"上折渡"}],"0654":[{"pref":"高知県","city":"高岡郡檮原町","town":"上組"}],"0646":[{"pref":"高知県","city":"高岡郡檮原町","town":"上西の川"}],"0664":[{"pref":"高知県","city":"高岡郡檮原町","town":"神の山"}],"0606":[{"pref":"高知県","city":"高岡郡檮原町","town":"上本村"}],"0776":[{"pref":"高知県","city":"高岡郡檮原町","town":"家籠戸"}],"0635":[{"pref":"高知県","city":"高岡郡檮原町","town":"川井"}],"0636":[{"pref":"高知県","city":"高岡郡檮原町","town":"川口"}],"0612":[{"pref":"高知県","city":"高岡郡檮原町","town":"川西路"}],"0622":[{"pref":"高知県","city":"高岡郡檮原町","town":"神在居"}],"0774":[{"pref":"高知県","city":"高岡郡檮原町","town":"久保谷"}],"0657":[{"pref":"高知県","city":"高岡郡檮原町","town":"東向"}],"0608":[{"pref":"高知県","city":"高岡郡檮原町","town":"後別当"}],"0662":[{"pref":"高知県","city":"高岡郡檮原町","town":"坂本川"}],"0631":[{"pref":"高知県","city":"高岡郡檮原町","town":"佐渡"}],"0775":[{"pref":"高知県","city":"高岡郡檮原町","town":"島中"}],"0624":[{"pref":"高知県","city":"高岡郡檮原町","town":"下折渡"}],"0655":[{"pref":"高知県","city":"高岡郡檮原町","town":"下組"}],"0647":[{"pref":"高知県","city":"高岡郡檮原町","town":"下西の川"}],"0605":[{"pref":"高知県","city":"高岡郡檮原町","town":"下本村"}],"0645":[{"pref":"高知県","city":"高岡郡檮原町","town":"竹の薮"}],"0607":[{"pref":"高知県","city":"高岡郡檮原町","town":"田野々"}],"0621":[{"pref":"高知県","city":"高岡郡檮原町","town":"太郎川"}],"0651":[{"pref":"高知県","city":"高岡郡檮原町","town":"茶や谷"}],"0665":[{"pref":"高知県","city":"高岡郡檮原町","town":"坪野田"}],"0658":[{"pref":"高知県","city":"高岡郡檮原町","town":"富永"}],"0633":[{"pref":"高知県","city":"高岡郡檮原町","town":"豊原"}],"0648":[{"pref":"高知県","city":"高岡郡檮原町","town":"仲間"}],"0634":[{"pref":"高知県","city":"高岡郡檮原町","town":"仲久保"}],"0623":[{"pref":"高知県","city":"高岡郡檮原町","town":"仲洞"}],"0653":[{"pref":"高知県","city":"高岡郡檮原町","town":"中の川"}],"0772":[{"pref":"高知県","city":"高岡郡檮原町","town":"中平"}],"0601":[{"pref":"高知県","city":"高岡郡檮原町","town":"永野"}],"0632":[{"pref":"高知県","city":"高岡郡檮原町","town":"初瀬本村"}],"0656":[{"pref":"高知県","city":"高岡郡檮原町","town":"東川"}],"0644":[{"pref":"高知県","city":"高岡郡檮原町","town":"広野"}],"0663":[{"pref":"高知県","city":"高岡郡檮原町","town":"文丸"}],"0642":[{"pref":"高知県","city":"高岡郡檮原町","town":"松谷"}],"0773":[{"pref":"高知県","city":"高岡郡檮原町","town":"松原"}],"0643":[{"pref":"高知県","city":"高岡郡檮原町","town":"宮野々"}],"0610":[{"pref":"高知県","city":"高岡郡檮原町","town":"檮原"}],"0604":[{"pref":"高知県","city":"高岡郡檮原町","town":"横貝"}],"0661":[{"pref":"高知県","city":"高岡郡檮原町","town":"六丁"}],"0200":[{"pref":"高知県","city":"高岡郡津野町","town":"以下に掲載がない場合"}],"0219":[{"pref":"高知県","city":"高岡郡津野町","town":"赤木"}],"0218":[{"pref":"高知県","city":"高岡郡津野町","town":"大野"}],"0203":[{"pref":"高知県","city":"高岡郡津野町","town":"貝ノ川"}],"0210":[{"pref":"高知県","city":"高岡郡津野町","town":"貝ノ川床鍋"}],"0206":[{"pref":"高知県","city":"高岡郡津野町","town":"樺の川"}],"0413":[{"pref":"高知県","city":"高岡郡津野町","town":"烏出川"}],"0502":[{"pref":"高知県","city":"高岡郡津野町","town":"北川"}],"0204":[{"pref":"高知県","city":"高岡郡津野町","town":"久保川"}],"0217":[{"pref":"高知県","city":"高岡郡津野町","town":"黒川"}],"0412":[{"pref":"高知県","city":"高岡郡津野町","town":"桑ケ市"}],"0212":[{"pref":"高知県","city":"高岡郡津野町","town":"白石乙"}],"0211":[{"pref":"高知県","city":"高岡郡津野町","town":"白石甲"}],"0213":[{"pref":"高知県","city":"高岡郡津野町","town":"白石丙"}],"0207":[{"pref":"高知県","city":"高岡郡津野町","town":"新土居"}],"0215":[{"pref":"高知県","city":"高岡郡津野町","town":"杉ノ川乙"}],"0214":[{"pref":"高知県","city":"高岡郡津野町","town":"杉ノ川甲"}],"0216":[{"pref":"高知県","city":"高岡郡津野町","town":"杉ノ川丙"}],"0501":[{"pref":"高知県","city":"高岡郡津野町","town":"力石"}],"0201":[{"pref":"高知県","city":"高岡郡津野町","town":"永野"}],"0209":[{"pref":"高知県","city":"高岡郡津野町","town":"西谷乙"}],"0205":[{"pref":"高知県","city":"高岡郡津野町","town":"西谷甲"}],"0202":[{"pref":"高知県","city":"高岡郡津野町","town":"姫野々"}],"0411":[{"pref":"高知県","city":"高岡郡津野町","town":"船戸"}],"0208":[{"pref":"高知県","city":"高岡郡津野町","town":"三間川"}],"0504":[{"pref":"高知県","city":"高岡郡津野町","town":"芳生野乙"}],"0503":[{"pref":"高知県","city":"高岡郡津野町","town":"芳生野甲"}],"0505":[{"pref":"高知県","city":"高岡郡津野町","town":"芳生野丙"}]}