{"5251":[{"pref":"徳島県","city":"三好市","town":"池田町白地"}],"5252":[{"pref":"徳島県","city":"三好市","town":"池田町馬路"}],"5253":[{"pref":"徳島県","city":"三好市","town":"池田町佐野"}],"5254":[{"pref":"徳島県","city":"三好市","town":"山城町佐連（ミネ畑）"}],"0000":[{"pref":"徳島県","city":"三好市","town":"以下に掲載がない場合"}],"0012":[{"pref":"徳島県","city":"三好市","town":"池田町イケミナミ"}],"0014":[{"pref":"徳島県","city":"三好市","town":"池田町イタノ"}],"0001":[{"pref":"徳島県","city":"三好市","town":"池田町ウエノ"}],"0010":[{"pref":"徳島県","city":"三好市","town":"池田町ウエマツ"}],"0008":[{"pref":"徳島県","city":"三好市","town":"池田町クヤウジ"}],"0003":[{"pref":"徳島県","city":"三好市","town":"池田町サラダ"}],"0005":[{"pref":"徳島県","city":"三好市","town":"池田町シマ"}],"0020":[{"pref":"徳島県","city":"三好市","town":"池田町州津"}],"0004":[{"pref":"徳島県","city":"三好市","town":"池田町シンマチ"}],"0013":[{"pref":"徳島県","city":"三好市","town":"池田町シンヤマ"}],"0006":[{"pref":"徳島県","city":"三好市","town":"池田町トウゲ"}],"0031":[{"pref":"徳島県","city":"三好市","town":"池田町西山（上久保）"},{"pref":"徳島県","city":"三好市","town":"池田町西山（落）"},{"pref":"徳島県","city":"三好市","town":"池田町西山（上中尾）"},{"pref":"徳島県","city":"三好市","town":"池田町西山（谷浦）"},{"pref":"徳島県","city":"三好市","town":"池田町西山（津寺）"},{"pref":"徳島県","city":"三好市","town":"池田町西山（坪尻）"},{"pref":"徳島県","city":"三好市","town":"池田町西山（中尾）"},{"pref":"徳島県","city":"三好市","town":"池田町西山（西ノ岡）"},{"pref":"徳島県","city":"三好市","town":"池田町西山（船原）"},{"pref":"徳島県","city":"三好市","town":"池田町西山（横佐古）"}],"0032":[{"pref":"徳島県","city":"三好市","town":"池田町西山（蔭）"},{"pref":"徳島県","city":"三好市","town":"池田町西山（樫ノ下）"},{"pref":"徳島県","city":"三好市","town":"池田町西山（岸ノ上）"},{"pref":"徳島県","city":"三好市","town":"池田町西山（込野）"},{"pref":"徳島県","city":"三好市","town":"池田町西山（下ノ浦）"},{"pref":"徳島県","city":"三好市","town":"池田町西山（乳ノ木）"},{"pref":"徳島県","city":"三好市","town":"池田町西山（乳ノ木道北）"},{"pref":"徳島県","city":"三好市","town":"池田町西山（中塚）"},{"pref":"徳島県","city":"三好市","town":"池田町西山（西谷）"},{"pref":"徳島県","city":"三好市","town":"池田町西山（登リ尾）"},{"pref":"徳島県","city":"三好市","town":"池田町西山（宮ノ西）"},{"pref":"徳島県","city":"三好市","town":"池田町西山（宮ノ東）"}],"0040":[{"pref":"徳島県","city":"三好市","town":"池田町西山（その他）"}],"0011":[{"pref":"徳島県","city":"三好市","town":"池田町ハヤシ"}],"0002":[{"pref":"徳島県","city":"三好市","town":"池田町マチ"}],"0165":[{"pref":"徳島県","city":"三好市","town":"池田町松尾（祖谷温泉、松本３６７－２番地）"}],"0009":[{"pref":"徳島県","city":"三好市","town":"池田町ヤサン"}],"0007":[{"pref":"徳島県","city":"三好市","town":"池田町ヤマダ"}],"0104":[{"pref":"徳島県","city":"三好市","town":"西祖谷山村吾橋"},{"pref":"徳島県","city":"三好市","town":"西祖谷山村榎"},{"pref":"徳島県","city":"三好市","town":"西祖谷山村上吾橋"},{"pref":"徳島県","city":"三好市","town":"西祖谷山村下吾橋"},{"pref":"徳島県","city":"三好市","town":"西祖谷山村土日浦"},{"pref":"徳島県","city":"三好市","town":"西祖谷山村東山"},{"pref":"徳島県","city":"三好市","town":"西祖谷山村南山"}],"0103":[{"pref":"徳島県","city":"三好市","town":"西祖谷山村有瀬"}],"0101":[{"pref":"徳島県","city":"三好市","town":"西祖谷山村一宇"},{"pref":"徳島県","city":"三好市","town":"西祖谷山村尾井ノ内"},{"pref":"徳島県","city":"三好市","town":"西祖谷山村重末"},{"pref":"徳島県","city":"三好市","town":"西祖谷山村田ノ内"},{"pref":"徳島県","city":"三好市","town":"西祖谷山村戸ノ谷"},{"pref":"徳島県","city":"三好市","town":"西祖谷山村眠谷"},{"pref":"徳島県","city":"三好市","town":"西祖谷山村冥地"}],"0102":[{"pref":"徳島県","city":"三好市","town":"西祖谷山村今久保"},{"pref":"徳島県","city":"三好市","town":"西祖谷山村閑定"},{"pref":"徳島県","city":"三好市","town":"西祖谷山村善徳"},{"pref":"徳島県","city":"三好市","town":"西祖谷山村中尾"}],"0105":[{"pref":"徳島県","city":"三好市","town":"西祖谷山村後山"},{"pref":"徳島県","city":"三好市","town":"西祖谷山村後山西"},{"pref":"徳島県","city":"三好市","town":"西祖谷山村後山向"},{"pref":"徳島県","city":"三好市","town":"西祖谷山村徳善"},{"pref":"徳島県","city":"三好市","town":"西祖谷山村徳善北"},{"pref":"徳島県","city":"三好市","town":"西祖谷山村徳善西"},{"pref":"徳島県","city":"三好市","town":"西祖谷山村西岡"},{"pref":"徳島県","city":"三好市","town":"西祖谷山村東西岡"}],"0205":[{"pref":"徳島県","city":"三好市","town":"東祖谷阿佐"},{"pref":"徳島県","city":"三好市","town":"東祖谷小川"},{"pref":"徳島県","city":"三好市","town":"東祖谷樫尾"},{"pref":"徳島県","city":"三好市","town":"東祖谷古味"},{"pref":"徳島県","city":"三好市","town":"東祖谷新居屋"},{"pref":"徳島県","city":"三好市","town":"東祖谷麦生土"},{"pref":"徳島県","city":"三好市","town":"東祖谷元井"}],"0206":[{"pref":"徳島県","city":"三好市","town":"東祖谷今井"},{"pref":"徳島県","city":"三好市","town":"東祖谷小島"},{"pref":"徳島県","city":"三好市","town":"東祖谷佐野"},{"pref":"徳島県","city":"三好市","town":"東祖谷高野"},{"pref":"徳島県","city":"三好市","town":"東祖谷釣井"},{"pref":"徳島県","city":"三好市","town":"東祖谷和田"}],"0204":[{"pref":"徳島県","city":"三好市","town":"東祖谷大枝"},{"pref":"徳島県","city":"三好市","town":"東祖谷大西"},{"pref":"徳島県","city":"三好市","town":"東祖谷京上"},{"pref":"徳島県","city":"三好市","town":"東祖谷若林"}],"0203":[{"pref":"徳島県","city":"三好市","town":"東祖谷奥の井"},{"pref":"徳島県","city":"三好市","town":"東祖谷釜ケ谷"},{"pref":"徳島県","city":"三好市","town":"東祖谷九鬼"},{"pref":"徳島県","city":"三好市","town":"東祖谷栗枝渡"},{"pref":"徳島県","city":"三好市","town":"東祖谷下瀬"},{"pref":"徳島県","city":"三好市","town":"東祖谷中上"},{"pref":"徳島県","city":"三好市","town":"東祖谷西山"},{"pref":"徳島県","city":"三好市","town":"東祖谷林"}],"0202":[{"pref":"徳島県","city":"三好市","town":"東祖谷落合"},{"pref":"徳島県","city":"三好市","town":"東祖谷久保"}],"0201":[{"pref":"徳島県","city":"三好市","town":"東祖谷菅生"},{"pref":"徳島県","city":"三好市","town":"東祖谷見ノ越"}]}