{"0000":[{"pref":"神奈川県","city":"足柄上郡大井町","town":"以下に掲載がない場合"},{"pref":"神奈川県","city":"足柄上郡松田町","town":"以下に掲載がない場合"},{"pref":"神奈川県","city":"足柄上郡開成町","town":"以下に掲載がない場合"}],"0014":[{"pref":"神奈川県","city":"足柄上郡大井町","town":"赤田"}],"0010":[{"pref":"神奈川県","city":"足柄上郡大井町","town":"大井中央"}],"0018":[{"pref":"神奈川県","city":"足柄上郡大井町","town":"金手"}],"0019":[{"pref":"神奈川県","city":"足柄上郡大井町","town":"金子"}],"0016":[{"pref":"神奈川県","city":"足柄上郡大井町","town":"上大井"}],"0011":[{"pref":"神奈川県","city":"足柄上郡大井町","town":"篠窪"}],"0013":[{"pref":"神奈川県","city":"足柄上郡大井町","town":"高尾"}],"0017":[{"pref":"神奈川県","city":"足柄上郡大井町","town":"西大井"}],"0012":[{"pref":"神奈川県","city":"足柄上郡大井町","town":"柳"}],"0015":[{"pref":"神奈川県","city":"足柄上郡大井町","town":"山田"}],"0002":[{"pref":"神奈川県","city":"足柄上郡松田町","town":"神山"}],"0003":[{"pref":"神奈川県","city":"足柄上郡松田町","town":"松田惣領"}],"0004":[{"pref":"神奈川県","city":"足柄上郡松田町","town":"松田庶子"}],"0001":[{"pref":"神奈川県","city":"足柄上郡松田町","town":"寄"}],"0100":[{"pref":"神奈川県","city":"足柄上郡山北町","town":"以下に掲載がない場合"}],"0203":[{"pref":"神奈川県","city":"足柄上郡山北町","town":"神尾田"}],"0126":[{"pref":"神奈川県","city":"足柄上郡山北町","town":"神縄"}],"0124":[{"pref":"神奈川県","city":"足柄上郡山北町","town":"川西"}],"0112":[{"pref":"神奈川県","city":"足柄上郡山北町","town":"岸"}],"0202":[{"pref":"神奈川県","city":"足柄上郡山北町","town":"玄倉"}],"0122":[{"pref":"神奈川県","city":"足柄上郡山北町","town":"都夫良野"}],"0201":[{"pref":"神奈川県","city":"足柄上郡山北町","town":"中川"}],"0114":[{"pref":"神奈川県","city":"足柄上郡山北町","town":"平山"}],"0121":[{"pref":"神奈川県","city":"足柄上郡山北町","town":"皆瀬川"}],"0111":[{"pref":"神奈川県","city":"足柄上郡山北町","town":"向原"}],"0115":[{"pref":"神奈川県","city":"足柄上郡山北町","town":"谷ケ"}],"0125":[{"pref":"神奈川県","city":"足柄上郡山北町","town":"山市場"}],"0113":[{"pref":"神奈川県","city":"足柄上郡山北町","town":"山北"}],"0123":[{"pref":"神奈川県","city":"足柄上郡山北町","town":"湯触"}],"0204":[{"pref":"神奈川県","city":"足柄上郡山北町","town":"世附"}],"0022":[{"pref":"神奈川県","city":"足柄上郡開成町","town":"牛島"}],"0025":[{"pref":"神奈川県","city":"足柄上郡開成町","town":"円通寺"}],"0027":[{"pref":"神奈川県","city":"足柄上郡開成町","town":"岡野"}],"0028":[{"pref":"神奈川県","city":"足柄上郡開成町","town":"金井島"}],"0024":[{"pref":"神奈川県","city":"足柄上郡開成町","town":"中之名"}],"0026":[{"pref":"神奈川県","city":"足柄上郡開成町","town":"延沢"}],"0029":[{"pref":"神奈川県","city":"足柄上郡開成町","town":"みなみ"}],"0023":[{"pref":"神奈川県","city":"足柄上郡開成町","town":"宮台"}],"0021":[{"pref":"神奈川県","city":"足柄上郡開成町","town":"吉田島"}]}