{"0070":[{"pref":"徳島県","city":"徳島市","town":"大原町（小神子、小神子山）"}],"0000":[{"pref":"徳島県","city":"小松島市","town":"以下に掲載がない場合"}],"0024":[{"pref":"徳島県","city":"小松島市","town":"間新田町"}],"0021":[{"pref":"徳島県","city":"小松島市","town":"赤石町"}],"0014":[{"pref":"徳島県","city":"小松島市","town":"江田町"}],"0022":[{"pref":"徳島県","city":"小松島市","town":"大林町"}],"0007":[{"pref":"徳島県","city":"小松島市","town":"金磯町"}],"0002":[{"pref":"徳島県","city":"小松島市","town":"神田瀬町"}],"0018":[{"pref":"徳島県","city":"小松島市","town":"櫛淵町"}],"0001":[{"pref":"徳島県","city":"小松島市","town":"小松島町"}],"0023":[{"pref":"徳島県","city":"小松島市","town":"坂野町"}],"0009":[{"pref":"徳島県","city":"小松島市","town":"芝生町"}],"0012":[{"pref":"徳島県","city":"小松島市","town":"田浦町"}],"0017":[{"pref":"徳島県","city":"小松島市","town":"立江町"}],"0008":[{"pref":"徳島県","city":"小松島市","town":"田野町"}],"0015":[{"pref":"徳島県","city":"小松島市","town":"中田町"}],"0019":[{"pref":"徳島県","city":"小松島市","town":"豊浦町"}],"0016":[{"pref":"徳島県","city":"小松島市","town":"中郷町"}],"0011":[{"pref":"徳島県","city":"小松島市","town":"新居見町"}],"0010":[{"pref":"徳島県","city":"小松島市","town":"日開野町"}],"0004":[{"pref":"徳島県","city":"小松島市","town":"堀川町"}],"0013":[{"pref":"徳島県","city":"小松島市","town":"前原町"}],"0003":[{"pref":"徳島県","city":"小松島市","town":"松島町"}],"0005":[{"pref":"徳島県","city":"小松島市","town":"南小松島町"}],"0006":[{"pref":"徳島県","city":"小松島市","town":"横須町"}],"0031":[{"pref":"徳島県","city":"小松島市","town":"和田島町（松田新田）"}],"0025":[{"pref":"徳島県","city":"小松島市","town":"和田島町（その他）"}],"0020":[{"pref":"徳島県","city":"小松島市","town":"和田津開町"}]}