{"0000":[{"pref":"神奈川県","city":"横浜市南区","town":"以下に掲載がない場合"}],"0051":[{"pref":"神奈川県","city":"横浜市南区","town":"井土ケ谷上町"}],"0052":[{"pref":"神奈川県","city":"横浜市南区","town":"井土ケ谷中町"}],"0053":[{"pref":"神奈川県","city":"横浜市南区","town":"井土ケ谷下町"}],"0024":[{"pref":"神奈川県","city":"横浜市南区","town":"浦舟町"}],"0031":[{"pref":"神奈川県","city":"横浜市南区","town":"永楽町"}],"0044":[{"pref":"神奈川県","city":"横浜市南区","town":"榎町"}],"0061":[{"pref":"神奈川県","city":"横浜市南区","town":"大岡"}],"0054":[{"pref":"神奈川県","city":"横浜市南区","town":"大橋町"}],"0008":[{"pref":"神奈川県","city":"横浜市南区","town":"庚台"}],"0034":[{"pref":"神奈川県","city":"横浜市南区","town":"唐沢"}],"0015":[{"pref":"神奈川県","city":"横浜市南区","town":"共進町"}],"0067":[{"pref":"神奈川県","city":"横浜市南区","town":"弘明寺町"}],"0013":[{"pref":"神奈川県","city":"横浜市南区","town":"山王町"}],"0036":[{"pref":"神奈川県","city":"横浜市南区","town":"山谷"}],"0007":[{"pref":"神奈川県","city":"横浜市南区","town":"清水ケ丘"}],"0017":[{"pref":"神奈川県","city":"横浜市南区","town":"宿町"}],"0005":[{"pref":"神奈川県","city":"横浜市南区","town":"白金町"}],"0023":[{"pref":"神奈川県","city":"横浜市南区","town":"白妙町"}],"0027":[{"pref":"神奈川県","city":"横浜市南区","town":"新川町"}],"0025":[{"pref":"神奈川県","city":"横浜市南区","town":"高砂町"}],"0022":[{"pref":"神奈川県","city":"横浜市南区","town":"高根町"}],"0056":[{"pref":"神奈川県","city":"横浜市南区","town":"通町"}],"0063":[{"pref":"神奈川県","city":"横浜市南区","town":"中里"}],"0062":[{"pref":"神奈川県","city":"横浜市南区","town":"中里町"}],"0055":[{"pref":"神奈川県","city":"横浜市南区","town":"中島町"}],"0033":[{"pref":"神奈川県","city":"横浜市南区","town":"中村町"}],"0074":[{"pref":"神奈川県","city":"横浜市南区","town":"永田山王台"}],"0076":[{"pref":"神奈川県","city":"横浜市南区","town":"永田台"}],"0075":[{"pref":"神奈川県","city":"横浜市南区","town":"永田みなみ台"}],"0072":[{"pref":"神奈川県","city":"横浜市南区","town":"永田東"}],"0073":[{"pref":"神奈川県","city":"横浜市南区","town":"永田南"}],"0071":[{"pref":"神奈川県","city":"横浜市南区","town":"永田北"}],"0003":[{"pref":"神奈川県","city":"横浜市南区","town":"西中町"}],"0037":[{"pref":"神奈川県","city":"横浜市南区","town":"八幡町"}],"0018":[{"pref":"神奈川県","city":"横浜市南区","town":"花之木町"}],"0011":[{"pref":"神奈川県","city":"横浜市南区","town":"日枝町"}],"0045":[{"pref":"神奈川県","city":"横浜市南区","town":"東蒔田町"}],"0001":[{"pref":"神奈川県","city":"横浜市南区","town":"伏見町"}],"0026":[{"pref":"神奈川県","city":"横浜市南区","town":"二葉町"}],"0035":[{"pref":"神奈川県","city":"横浜市南区","town":"平楽"}],"0064":[{"pref":"神奈川県","city":"横浜市南区","town":"別所"}],"0065":[{"pref":"神奈川県","city":"横浜市南区","town":"別所中里台"}],"0042":[{"pref":"神奈川県","city":"横浜市南区","town":"堀ノ内町"}],"0043":[{"pref":"神奈川県","city":"横浜市南区","town":"蒔田町"}],"0004":[{"pref":"神奈川県","city":"横浜市南区","town":"前里町"}],"0021":[{"pref":"神奈川県","city":"横浜市南区","town":"真金町"}],"0032":[{"pref":"神奈川県","city":"横浜市南区","town":"万世町"}],"0006":[{"pref":"神奈川県","city":"横浜市南区","town":"南太田"}],"0012":[{"pref":"神奈川県","city":"横浜市南区","town":"南吉田町"}],"0002":[{"pref":"神奈川県","city":"横浜市南区","town":"三春台"}],"0016":[{"pref":"神奈川県","city":"横浜市南区","town":"宮元町"}],"0066":[{"pref":"神奈川県","city":"横浜市南区","town":"六ツ川"}],"0041":[{"pref":"神奈川県","city":"横浜市南区","town":"睦町"}],"0014":[{"pref":"神奈川県","city":"横浜市南区","town":"吉野町"}],"0057":[{"pref":"神奈川県","city":"横浜市南区","town":"若宮町"}]}