{"0000":[{"pref":"埼玉県","city":"富士見市","town":"以下に掲載がない場合"},{"pref":"埼玉県","city":"入間郡三芳町","town":"以下に掲載がない場合"}],"0016":[{"pref":"埼玉県","city":"富士見市","town":"榎町"}],"0012":[{"pref":"埼玉県","city":"富士見市","town":"貝塚"}],"0031":[{"pref":"埼玉県","city":"富士見市","town":"勝瀬"}],"0034":[{"pref":"埼玉県","city":"富士見市","town":"上沢"}],"0002":[{"pref":"埼玉県","city":"富士見市","town":"上南畑"}],"0004":[{"pref":"埼玉県","city":"富士見市","town":"下南畑"}],"0023":[{"pref":"埼玉県","city":"富士見市","town":"諏訪"}],"0025":[{"pref":"埼玉県","city":"富士見市","town":"関沢"}],"0024":[{"pref":"埼玉県","city":"富士見市","town":"鶴瀬東"}],"0026":[{"pref":"埼玉県","city":"富士見市","town":"鶴瀬西"}],"0021":[{"pref":"埼玉県","city":"富士見市","town":"鶴馬"}],"0003":[{"pref":"埼玉県","city":"富士見市","town":"南畑新田"}],"0018":[{"pref":"埼玉県","city":"富士見市","town":"西みずほ台"}],"0033":[{"pref":"埼玉県","city":"富士見市","town":"羽沢"}],"0017":[{"pref":"埼玉県","city":"富士見市","town":"針ケ谷"}],"0001":[{"pref":"埼玉県","city":"富士見市","town":"東大久保"}],"0015":[{"pref":"埼玉県","city":"富士見市","town":"東みずほ台"}],"0035":[{"pref":"埼玉県","city":"富士見市","town":"ふじみ野西"}],"0036":[{"pref":"埼玉県","city":"富士見市","town":"ふじみ野東"}],"0011":[{"pref":"埼玉県","city":"富士見市","town":"水子"}],"0014":[{"pref":"埼玉県","city":"富士見市","town":"水谷"}],"0013":[{"pref":"埼玉県","city":"富士見市","town":"水谷東"}],"0006":[{"pref":"埼玉県","city":"富士見市","town":"みどり野東"}],"0008":[{"pref":"埼玉県","city":"富士見市","town":"みどり野西"}],"0007":[{"pref":"埼玉県","city":"富士見市","town":"みどり野南"}],"0005":[{"pref":"埼玉県","city":"富士見市","town":"みどり野北"}],"0022":[{"pref":"埼玉県","city":"富士見市","town":"山室"}],"0032":[{"pref":"埼玉県","city":"富士見市","town":"渡戸"}],"0045":[{"pref":"埼玉県","city":"入間郡三芳町","town":"上富"}],"0044":[{"pref":"埼玉県","city":"入間郡三芳町","town":"北永井"}],"0043":[{"pref":"埼玉県","city":"入間郡三芳町","town":"竹間沢"}],"0046":[{"pref":"埼玉県","city":"入間郡三芳町","town":"竹間沢東"}],"0041":[{"pref":"埼玉県","city":"入間郡三芳町","town":"藤久保"}],"0042":[{"pref":"埼玉県","city":"入間郡三芳町","town":"みよし台"}]}