{"0000":[{"pref":"茨城県","city":"結城市","town":"以下に掲載がない場合"}],"0028":[{"pref":"茨城県","city":"結城市","town":"今宿"}],"0045":[{"pref":"茨城県","city":"結城市","town":"上成"}],"0041":[{"pref":"茨城県","city":"結城市","town":"江川大町"}],"0042":[{"pref":"茨城県","city":"結城市","town":"江川新宿"}],"0031":[{"pref":"茨城県","city":"結城市","town":"大木"}],"0055":[{"pref":"茨城県","city":"結城市","town":"大橋町"}],"0002":[{"pref":"茨城県","city":"結城市","town":"大谷瀬"}],"0007":[{"pref":"茨城県","city":"結城市","town":"小田林"}],"0027":[{"pref":"茨城県","city":"結城市","town":"粕礼"}],"0015":[{"pref":"茨城県","city":"結城市","town":"鹿窪"}],"0021":[{"pref":"茨城県","city":"結城市","town":"上山川"}],"0005":[{"pref":"茨城県","city":"結城市","town":"川木谷"}],"0012":[{"pref":"茨城県","city":"結城市","town":"久保田"}],"0051":[{"pref":"茨城県","city":"結城市","town":"国府町"}],"0006":[{"pref":"茨城県","city":"結城市","town":"五助"}],"0011":[{"pref":"茨城県","city":"結城市","town":"小森"}],"0008":[{"pref":"茨城県","city":"結城市","town":"下り松"}],"0023":[{"pref":"茨城県","city":"結城市","town":"山王"}],"0038":[{"pref":"茨城県","city":"結城市","town":"七五三場"}],"0054":[{"pref":"茨城県","city":"結城市","town":"城南町"}],"0034":[{"pref":"茨城県","city":"結城市","town":"新宿新田"}],"0016":[{"pref":"茨城県","city":"結城市","town":"新堤仲通り"}],"0053":[{"pref":"茨城県","city":"結城市","town":"新福寺"}],"0029":[{"pref":"茨城県","city":"結城市","town":"新矢畑"}],"0035":[{"pref":"茨城県","city":"結城市","town":"善右ヱ門新田"}],"0043":[{"pref":"茨城県","city":"結城市","town":"武井"}],"0044":[{"pref":"茨城県","city":"結城市","town":"田間"}],"0052":[{"pref":"茨城県","city":"結城市","town":"中央町"}],"0013":[{"pref":"茨城県","city":"結城市","town":"中"}],"0026":[{"pref":"茨城県","city":"結城市","town":"芳賀崎"}],"0025":[{"pref":"茨城県","city":"結城市","town":"浜野辺"}],"0014":[{"pref":"茨城県","city":"結城市","town":"林"}],"0037":[{"pref":"茨城県","city":"結城市","town":"東茂呂"}],"0003":[{"pref":"茨城県","city":"結城市","town":"富士見町"}],"0032":[{"pref":"茨城県","city":"結城市","town":"古宿新田"}],"0036":[{"pref":"茨城県","city":"結城市","town":"北南茂呂"}],"0024":[{"pref":"茨城県","city":"結城市","town":"水海道"}],"0004":[{"pref":"茨城県","city":"結城市","town":"みどり町"}],"0022":[{"pref":"茨城県","city":"結城市","town":"矢畑"}],"0033":[{"pref":"茨城県","city":"結城市","town":"山川新宿"}],"0001":[{"pref":"茨城県","city":"結城市","town":"結城"}],"0046":[{"pref":"茨城県","city":"結城市","town":"結城作"}],"0017":[{"pref":"茨城県","city":"結城市","town":"若宮"}],"0018":[{"pref":"茨城県","city":"結城市","town":"若宮西"}]}