{"0044":[{"pref":"東京都","city":"練馬区","town":"上石神井"}],"0043":[{"pref":"東京都","city":"練馬区","town":"上石神井南町"}],"0042":[{"pref":"東京都","city":"練馬区","town":"下石神井"}],"0045":[{"pref":"東京都","city":"練馬区","town":"石神井台"}],"0041":[{"pref":"東京都","city":"練馬区","town":"石神井町"}],"0052":[{"pref":"東京都","city":"練馬区","town":"関町東"}],"0053":[{"pref":"東京都","city":"練馬区","town":"関町南"}],"0051":[{"pref":"東京都","city":"練馬区","town":"関町北"}],"0033":[{"pref":"東京都","city":"練馬区","town":"高野台"}],"0054":[{"pref":"東京都","city":"練馬区","town":"立野町"}],"0034":[{"pref":"東京都","city":"練馬区","town":"富士見台"}],"0035":[{"pref":"東京都","city":"練馬区","town":"南田中"}],"0031":[{"pref":"東京都","city":"練馬区","town":"三原台"}],"0032":[{"pref":"東京都","city":"練馬区","town":"谷原"}]}