{"0000":[{"pref":"埼玉県","city":"さいたま市南区","town":"以下に掲載がない場合"}],"0034":[{"pref":"埼玉県","city":"さいたま市南区","town":"内谷"}],"0043":[{"pref":"埼玉県","city":"さいたま市南区","town":"円正寺"}],"0042":[{"pref":"埼玉県","city":"さいたま市南区","town":"大谷口"}],"0016":[{"pref":"埼玉県","city":"さいたま市南区","town":"大谷場"}],"0031":[{"pref":"埼玉県","city":"さいたま市南区","town":"鹿手袋"}],"0022":[{"pref":"埼玉県","city":"さいたま市南区","town":"白幡"}],"0023":[{"pref":"埼玉県","city":"さいたま市南区","town":"神明"}],"0038":[{"pref":"埼玉県","city":"さいたま市南区","town":"関"}],"0015":[{"pref":"埼玉県","city":"さいたま市南区","town":"太田窪"}],"0026":[{"pref":"埼玉県","city":"さいたま市南区","town":"辻"}],"0036":[{"pref":"埼玉県","city":"さいたま市南区","town":"堤外"}],"0027":[{"pref":"埼玉県","city":"さいたま市南区","town":"沼影"}],"0024":[{"pref":"埼玉県","city":"さいたま市南区","town":"根岸"}],"0041":[{"pref":"埼玉県","city":"さいたま市南区","town":"広ケ谷戸"}],"0025":[{"pref":"埼玉県","city":"さいたま市南区","town":"文蔵"}],"0021":[{"pref":"埼玉県","city":"さいたま市南区","town":"別所"}],"0033":[{"pref":"埼玉県","city":"さいたま市南区","town":"曲本"}],"0035":[{"pref":"埼玉県","city":"さいたま市南区","town":"松本"}],"0017":[{"pref":"埼玉県","city":"さいたま市南区","town":"南浦和"}],"0018":[{"pref":"埼玉県","city":"さいたま市南区","town":"南本町"}],"0032":[{"pref":"埼玉県","city":"さいたま市南区","town":"四谷"}],"0900":[{"pref":"埼玉県","city":"さいたま市緑区","town":"以下に掲載がない場合"}],"0921":[{"pref":"埼玉県","city":"さいたま市緑区","town":"井沼方"}],"0974":[{"pref":"埼玉県","city":"さいたま市緑区","town":"大崎"}],"0922":[{"pref":"埼玉県","city":"さいたま市緑区","town":"大牧"}],"0923":[{"pref":"埼玉県","city":"さいたま市緑区","town":"大間木"}],"0934":[{"pref":"埼玉県","city":"さいたま市緑区","town":"大谷口"}],"0977":[{"pref":"埼玉県","city":"さいたま市緑区","town":"上野田"}],"0966":[{"pref":"埼玉県","city":"さいたま市緑区","town":"北原"}],"0961":[{"pref":"埼玉県","city":"さいたま市緑区","town":"玄蕃新田"}],"0907":[{"pref":"埼玉県","city":"さいたま市緑区","town":"道祖土"}],"0917":[{"pref":"埼玉県","city":"さいたま市緑区","town":"芝原"}],"0962":[{"pref":"埼玉県","city":"さいたま市緑区","town":"下野田"}],"0925":[{"pref":"埼玉県","city":"さいたま市緑区","town":"下山口新田"}],"0913":[{"pref":"埼玉県","city":"さいたま市緑区","town":"新宿"}],"0936":[{"pref":"埼玉県","city":"さいたま市緑区","town":"太田窪"}],"0905":[{"pref":"埼玉県","city":"さいたま市緑区","town":"大道"}],"0963":[{"pref":"埼玉県","city":"さいたま市緑区","town":"大門"}],"0975":[{"pref":"埼玉県","city":"さいたま市緑区","town":"代山"}],"0971":[{"pref":"埼玉県","city":"さいたま市緑区","town":"高畑"}],"0976":[{"pref":"埼玉県","city":"さいたま市緑区","town":"寺山"}],"0932":[{"pref":"埼玉県","city":"さいたま市緑区","town":"中尾"}],"0972":[{"pref":"埼玉県","city":"さいたま市緑区","town":"中野田"}],"0973":[{"pref":"埼玉県","city":"さいたま市緑区","town":"南部領辻"}],"0924":[{"pref":"埼玉県","city":"さいたま市緑区","town":"蓮見新田"}],"0931":[{"pref":"埼玉県","city":"さいたま市緑区","town":"原山"}],"0912":[{"pref":"埼玉県","city":"さいたま市緑区","town":"馬場"}],"0926":[{"pref":"埼玉県","city":"さいたま市緑区","town":"東浦和"}],"0964":[{"pref":"埼玉県","city":"さいたま市緑区","town":"東大門"}],"0918":[{"pref":"埼玉県","city":"さいたま市緑区","town":"松木"}],"0965":[{"pref":"埼玉県","city":"さいたま市緑区","town":"間宮"}],"0906":[{"pref":"埼玉県","city":"さいたま市緑区","town":"三浦"}],"0967":[{"pref":"埼玉県","city":"さいたま市緑区","town":"美園"}],"0915":[{"pref":"埼玉県","city":"さいたま市緑区","town":"見沼"}],"0911":[{"pref":"埼玉県","city":"さいたま市緑区","town":"三室"}],"0914":[{"pref":"埼玉県","city":"さいたま市緑区","town":"宮後"}],"0916":[{"pref":"埼玉県","city":"さいたま市緑区","town":"宮本"}],"0903":[{"pref":"埼玉県","city":"さいたま市緑区","town":"山崎"}]}