{"0000":[{"pref":"北海道","city":"札幌市豊平区","town":"以下に掲載がない場合"}],"0911":[{"pref":"北海道","city":"札幌市豊平区","town":"旭町"}],"0912":[{"pref":"北海道","city":"札幌市豊平区","town":"水車町"}],"0020":[{"pref":"北海道","city":"札幌市豊平区","town":"月寒中央通"}],"0021":[{"pref":"北海道","city":"札幌市豊平区","town":"月寒西一条"}],"0022":[{"pref":"北海道","city":"札幌市豊平区","town":"月寒西二条"}],"0023":[{"pref":"北海道","city":"札幌市豊平区","town":"月寒西三条"}],"0024":[{"pref":"北海道","city":"札幌市豊平区","town":"月寒西四条"}],"0025":[{"pref":"北海道","city":"札幌市豊平区","town":"月寒西五条"}],"0051":[{"pref":"北海道","city":"札幌市豊平区","town":"月寒東一条"}],"0052":[{"pref":"北海道","city":"札幌市豊平区","town":"月寒東二条"}],"0053":[{"pref":"北海道","city":"札幌市豊平区","town":"月寒東三条"}],"0054":[{"pref":"北海道","city":"札幌市豊平区","town":"月寒東四条"}],"0055":[{"pref":"北海道","city":"札幌市豊平区","town":"月寒東五条"}],"0901":[{"pref":"北海道","city":"札幌市豊平区","town":"豊平一条"}],"0902":[{"pref":"北海道","city":"札幌市豊平区","town":"豊平二条"}],"0903":[{"pref":"北海道","city":"札幌市豊平区","town":"豊平三条"}],"0904":[{"pref":"北海道","city":"札幌市豊平区","town":"豊平四条"}],"0905":[{"pref":"北海道","city":"札幌市豊平区","town":"豊平五条"}],"0906":[{"pref":"北海道","city":"札幌市豊平区","town":"豊平六条"}],"0907":[{"pref":"北海道","city":"札幌市豊平区","town":"豊平七条"}],"0908":[{"pref":"北海道","city":"札幌市豊平区","town":"豊平八条"}],"0909":[{"pref":"北海道","city":"札幌市豊平区","town":"豊平九条"}],"0921":[{"pref":"北海道","city":"札幌市豊平区","town":"中の島一条"}],"0922":[{"pref":"北海道","city":"札幌市豊平区","town":"中の島二条"}],"0039":[{"pref":"北海道","city":"札幌市豊平区","town":"西岡"}],"0031":[{"pref":"北海道","city":"札幌市豊平区","town":"西岡一条"}],"0032":[{"pref":"北海道","city":"札幌市豊平区","town":"西岡二条"}],"0033":[{"pref":"北海道","city":"札幌市豊平区","town":"西岡三条"}],"0034":[{"pref":"北海道","city":"札幌市豊平区","town":"西岡四条"}],"0035":[{"pref":"北海道","city":"札幌市豊平区","town":"西岡五条"}],"0045":[{"pref":"北海道","city":"札幌市豊平区","town":"羊ケ丘"}],"0931":[{"pref":"北海道","city":"札幌市豊平区","town":"平岸一条"}],"0932":[{"pref":"北海道","city":"札幌市豊平区","town":"平岸二条"}],"0933":[{"pref":"北海道","city":"札幌市豊平区","town":"平岸三条"}],"0934":[{"pref":"北海道","city":"札幌市豊平区","town":"平岸四条"}],"0935":[{"pref":"北海道","city":"札幌市豊平区","town":"平岸五条"}],"0936":[{"pref":"北海道","city":"札幌市豊平区","town":"平岸六条"}],"0937":[{"pref":"北海道","city":"札幌市豊平区","town":"平岸七条"}],"0938":[{"pref":"北海道","city":"札幌市豊平区","town":"平岸八条"}],"0041":[{"pref":"北海道","city":"札幌市豊平区","town":"福住一条"}],"0042":[{"pref":"北海道","city":"札幌市豊平区","town":"福住二条"}],"0043":[{"pref":"北海道","city":"札幌市豊平区","town":"福住三条"}],"0001":[{"pref":"北海道","city":"札幌市豊平区","town":"美園一条"}],"0002":[{"pref":"北海道","city":"札幌市豊平区","town":"美園二条"}],"0003":[{"pref":"北海道","city":"札幌市豊平区","town":"美園三条"}],"0004":[{"pref":"北海道","city":"札幌市豊平区","town":"美園四条"}],"0005":[{"pref":"北海道","city":"札幌市豊平区","town":"美園五条"}],"0006":[{"pref":"北海道","city":"札幌市豊平区","town":"美園六条"}],"0007":[{"pref":"北海道","city":"札幌市豊平区","town":"美園七条"}],"0008":[{"pref":"北海道","city":"札幌市豊平区","town":"美園八条"}],"0009":[{"pref":"北海道","city":"札幌市豊平区","town":"美園九条"}],"0010":[{"pref":"北海道","city":"札幌市豊平区","town":"美園十条"}],"0011":[{"pref":"北海道","city":"札幌市豊平区","town":"美園十一条"}],"0012":[{"pref":"北海道","city":"札幌市豊平区","town":"美園十二条"}]}