{"0000":[{"pref":"福岡県","city":"筑後市","town":"以下に掲載がない場合"}],"0041":[{"pref":"福岡県","city":"筑後市","town":"和泉"}],"0001":[{"pref":"福岡県","city":"筑後市","town":"一条"}],"0046":[{"pref":"福岡県","city":"筑後市","town":"江口"}],"0014":[{"pref":"福岡県","city":"筑後市","town":"尾島"}],"0026":[{"pref":"福岡県","city":"筑後市","town":"折地"}],"0033":[{"pref":"福岡県","city":"筑後市","town":"上北島"}],"0013":[{"pref":"福岡県","city":"筑後市","town":"北長田"}],"0011":[{"pref":"福岡県","city":"筑後市","town":"久恵"}],"0055":[{"pref":"福岡県","city":"筑後市","town":"熊野"}],"0054":[{"pref":"福岡県","city":"筑後市","town":"蔵数"}],"0035":[{"pref":"福岡県","city":"筑後市","town":"古島"}],"0045":[{"pref":"福岡県","city":"筑後市","town":"四ケ所"}],"0037":[{"pref":"福岡県","city":"筑後市","town":"島田"}],"0017":[{"pref":"福岡県","city":"筑後市","town":"志"}],"0034":[{"pref":"福岡県","city":"筑後市","town":"下北島"}],"0021":[{"pref":"福岡県","city":"筑後市","town":"下妻"}],"0043":[{"pref":"福岡県","city":"筑後市","town":"庄島"}],"0006":[{"pref":"福岡県","city":"筑後市","town":"新溝"}],"0036":[{"pref":"福岡県","city":"筑後市","town":"井田"}],"0052":[{"pref":"福岡県","city":"筑後市","town":"高江"}],"0015":[{"pref":"福岡県","city":"筑後市","town":"津島"}],"0016":[{"pref":"福岡県","city":"筑後市","town":"常用"}],"0007":[{"pref":"福岡県","city":"筑後市","town":"鶴田"}],"0004":[{"pref":"福岡県","city":"筑後市","town":"徳久"}],"0051":[{"pref":"福岡県","city":"筑後市","town":"富重"}],"0044":[{"pref":"福岡県","city":"筑後市","town":"富久"}],"0022":[{"pref":"福岡県","city":"筑後市","town":"富安"}],"0025":[{"pref":"福岡県","city":"筑後市","town":"中折地"}],"0024":[{"pref":"福岡県","city":"筑後市","town":"中牟田"}],"0042":[{"pref":"福岡県","city":"筑後市","town":"長崎"}],"0005":[{"pref":"福岡県","city":"筑後市","town":"長浜"}],"0053":[{"pref":"福岡県","city":"筑後市","town":"西牟田"}],"0032":[{"pref":"福岡県","city":"筑後市","town":"野町"}],"0003":[{"pref":"福岡県","city":"筑後市","town":"羽犬塚"}],"0056":[{"pref":"福岡県","city":"筑後市","town":"久富"}],"0002":[{"pref":"福岡県","city":"筑後市","town":"前津"}],"0023":[{"pref":"福岡県","city":"筑後市","town":"馬間田"}],"0027":[{"pref":"福岡県","city":"筑後市","town":"水田"}],"0012":[{"pref":"福岡県","city":"筑後市","town":"溝口"}],"0031":[{"pref":"福岡県","city":"筑後市","town":"山ノ井"}],"0047":[{"pref":"福岡県","city":"筑後市","town":"若菜"}]}