{"0643":[{"pref":"奈良県","city":"五條市","town":"西吉野町赤松"}],"0652":[{"pref":"奈良県","city":"五條市","town":"西吉野町尼ケ生"}],"0663":[{"pref":"奈良県","city":"五條市","town":"西吉野町奥谷"}],"0655":[{"pref":"奈良県","city":"五條市","town":"西吉野町小古田"}],"0651":[{"pref":"奈良県","city":"五條市","town":"西吉野町唐戸"}],"0656":[{"pref":"奈良県","city":"五條市","town":"西吉野町鹿場"}],"0653":[{"pref":"奈良県","city":"五條市","town":"西吉野町十日市"}],"0661":[{"pref":"奈良県","city":"五條市","town":"西吉野町西新子"}],"0642":[{"pref":"奈良県","city":"五條市","town":"西吉野町平沼田"}],"0654":[{"pref":"奈良県","city":"五條市","town":"西吉野町南山"}],"0641":[{"pref":"奈良県","city":"五條市","town":"西吉野町百谷"}],"0657":[{"pref":"奈良県","city":"五條市","town":"西吉野町八ツ川"}],"0644":[{"pref":"奈良県","city":"五條市","town":"西吉野町湯川"}],"0662":[{"pref":"奈良県","city":"五條市","town":"西吉野町夜中"}],"0000":[{"pref":"奈良県","city":"吉野郡大淀町","town":"以下に掲載がない場合"},{"pref":"奈良県","city":"吉野郡下市町","town":"以下に掲載がない場合"}],"0801":[{"pref":"奈良県","city":"吉野郡大淀町","town":"芦原"}],"0841":[{"pref":"奈良県","city":"吉野郡大淀町","town":"今木"}],"0851":[{"pref":"奈良県","city":"吉野郡大淀町","town":"岩壺"}],"0842":[{"pref":"奈良県","city":"吉野郡大淀町","town":"大岩"}],"0832":[{"pref":"奈良県","city":"吉野郡大淀町","town":"薬水"}],"0803":[{"pref":"奈良県","city":"吉野郡大淀町","town":"越部"}],"0831":[{"pref":"奈良県","city":"吉野郡大淀町","town":"佐名伝"}],"0821":[{"pref":"奈良県","city":"吉野郡大淀町","town":"下渕"}],"0811":[{"pref":"奈良県","city":"吉野郡大淀町","town":"土田"}],"0802":[{"pref":"奈良県","city":"吉野郡大淀町","town":"畑屋"}],"0812":[{"pref":"奈良県","city":"吉野郡大淀町","town":"桧垣本"}],"0833":[{"pref":"奈良県","city":"吉野郡大淀町","town":"福神"}],"0843":[{"pref":"奈良県","city":"吉野郡大淀町","town":"鉾立"}],"0852":[{"pref":"奈良県","city":"吉野郡大淀町","town":"持尾"}],"0853":[{"pref":"奈良県","city":"吉野郡大淀町","town":"矢走"}],"0045":[{"pref":"奈良県","city":"吉野郡下市町","town":"新住"}],"0001":[{"pref":"奈良県","city":"吉野郡下市町","town":"阿知賀"}],"0012":[{"pref":"奈良県","city":"吉野郡下市町","town":"岩森"}],"0043":[{"pref":"奈良県","city":"吉野郡下市町","town":"大峯"}],"0024":[{"pref":"奈良県","city":"吉野郡下市町","town":"貝原"}],"0023":[{"pref":"奈良県","city":"吉野郡下市町","town":"黒木"}],"0014":[{"pref":"奈良県","city":"吉野郡下市町","town":"才谷"}],"0042":[{"pref":"奈良県","city":"吉野郡下市町","town":"栄町"}],"0041":[{"pref":"奈良県","city":"吉野郡下市町","town":"下市"}],"0002":[{"pref":"奈良県","city":"吉野郡下市町","town":"小路"}],"0003":[{"pref":"奈良県","city":"吉野郡下市町","town":"善城"}],"0013":[{"pref":"奈良県","city":"吉野郡下市町","town":"立石"}],"0044":[{"pref":"奈良県","city":"吉野郡下市町","town":"田中"}],"0025":[{"pref":"奈良県","city":"吉野郡下市町","town":"谷"}],"0035":[{"pref":"奈良県","city":"吉野郡下市町","town":"栃原"}],"0031":[{"pref":"奈良県","city":"吉野郡下市町","town":"栃本"}],"0021":[{"pref":"奈良県","city":"吉野郡下市町","town":"長谷"}],"0033":[{"pref":"奈良県","city":"吉野郡下市町","town":"梨子堂"}],"0022":[{"pref":"奈良県","city":"吉野郡下市町","town":"丹生"}],"0026":[{"pref":"奈良県","city":"吉野郡下市町","town":"西山"}],"0032":[{"pref":"奈良県","city":"吉野郡下市町","town":"原谷"}],"0015":[{"pref":"奈良県","city":"吉野郡下市町","town":"広橋"}],"0034":[{"pref":"奈良県","city":"吉野郡下市町","town":"平原"}],"0011":[{"pref":"奈良県","city":"吉野郡下市町","town":"よ邑"}],"0200":[{"pref":"奈良県","city":"吉野郡黒滝村","town":"以下に掲載がない場合"}],"0211":[{"pref":"奈良県","city":"吉野郡黒滝村","town":"赤滝"}],"0241":[{"pref":"奈良県","city":"吉野郡黒滝村","town":"粟飯谷"}],"0231":[{"pref":"奈良県","city":"吉野郡黒滝村","town":"笠木"}],"0232":[{"pref":"奈良県","city":"吉野郡黒滝村","town":"桂原"}],"0251":[{"pref":"奈良県","city":"吉野郡黒滝村","town":"寺戸"}],"0243":[{"pref":"奈良県","city":"吉野郡黒滝村","town":"堂原"}],"0203":[{"pref":"奈良県","city":"吉野郡黒滝村","town":"鳥住"}],"0221":[{"pref":"奈良県","city":"吉野郡黒滝村","town":"中戸"}],"0233":[{"pref":"奈良県","city":"吉野郡黒滝村","town":"長瀬"}],"0201":[{"pref":"奈良県","city":"吉野郡黒滝村","town":"槇尾"}],"0242":[{"pref":"奈良県","city":"吉野郡黒滝村","town":"御吉野"}],"0202":[{"pref":"奈良県","city":"吉野郡黒滝村","town":"脇川"}],"0300":[{"pref":"奈良県","city":"吉野郡天川村","town":"以下に掲載がない場合"}],"0552":[{"pref":"奈良県","city":"吉野郡天川村","town":"庵住"}],"0311":[{"pref":"奈良県","city":"吉野郡天川村","town":"沖金"}],"0301":[{"pref":"奈良県","city":"吉野郡天川村","town":"川合"}],"0313":[{"pref":"奈良県","city":"吉野郡天川村","town":"北小原"}],"0303":[{"pref":"奈良県","city":"吉野郡天川村","town":"北角"}],"0314":[{"pref":"奈良県","city":"吉野郡天川村","town":"五色"}],"0551":[{"pref":"奈良県","city":"吉野郡天川村","town":"籠山"}],"0305":[{"pref":"奈良県","city":"吉野郡天川村","town":"沢谷"}],"0315":[{"pref":"奈良県","city":"吉野郡天川村","town":"沢原"}],"0564":[{"pref":"奈良県","city":"吉野郡天川村","town":"塩谷"}],"0563":[{"pref":"奈良県","city":"吉野郡天川村","town":"塩野"}],"0562":[{"pref":"奈良県","city":"吉野郡天川村","town":"滝尾"}],"0541":[{"pref":"奈良県","city":"吉野郡天川村","town":"九尾"}],"0321":[{"pref":"奈良県","city":"吉野郡天川村","town":"坪内"}],"0542":[{"pref":"奈良県","city":"吉野郡天川村","town":"栃尾"}],"0431":[{"pref":"奈良県","city":"吉野郡天川村","town":"洞川"}],"0302":[{"pref":"奈良県","city":"吉野郡天川村","town":"中越"}],"0312":[{"pref":"奈良県","city":"吉野郡天川村","town":"中谷"}],"0561":[{"pref":"奈良県","city":"吉野郡天川村","town":"広瀬"}],"0322":[{"pref":"奈良県","city":"吉野郡天川村","town":"南日裏"}],"0304":[{"pref":"奈良県","city":"吉野郡天川村","town":"南角"}],"0553":[{"pref":"奈良県","city":"吉野郡天川村","town":"山西"}],"0543":[{"pref":"奈良県","city":"吉野郡天川村","town":"和田"}]}