{"8001":[{"pref":"京都府","city":"京都市左京区","town":"山端柳ケ坪町"}],"8002":[{"pref":"京都府","city":"京都市左京区","town":"山端大城田町"}],"8003":[{"pref":"京都府","city":"京都市左京区","town":"山端川原町"}],"8004":[{"pref":"京都府","city":"京都市左京区","town":"山端川端町"}],"8005":[{"pref":"京都府","city":"京都市左京区","town":"山端川岸町"}],"8006":[{"pref":"京都府","city":"京都市左京区","town":"山端橋ノ本町"}],"8007":[{"pref":"京都府","city":"京都市左京区","town":"山端壱町田町"}],"8011":[{"pref":"京都府","city":"京都市左京区","town":"山端森本町"}],"8012":[{"pref":"京都府","city":"京都市左京区","town":"山端滝ケ鼻町"}],"8013":[{"pref":"京都府","city":"京都市左京区","town":"山端大君町"}],"8014":[{"pref":"京都府","city":"京都市左京区","town":"山端大塚町"}],"8021":[{"pref":"京都府","city":"京都市左京区","town":"修学院沖殿町"}],"8022":[{"pref":"京都府","city":"京都市左京区","town":"修学院高部町"}],"8023":[{"pref":"京都府","city":"京都市左京区","town":"修学院水上田町"}],"8024":[{"pref":"京都府","city":"京都市左京区","town":"修学院千万田町"}],"8025":[{"pref":"京都府","city":"京都市左京区","town":"修学院山ノ鼻町"}],"8026":[{"pref":"京都府","city":"京都市左京区","town":"修学院川尻町"}],"8027":[{"pref":"京都府","city":"京都市左京区","town":"修学院水川原町"}],"8031":[{"pref":"京都府","city":"京都市左京区","town":"修学院西沮沢町"}],"8032":[{"pref":"京都府","city":"京都市左京区","town":"修学院北沮沢町"}],"8033":[{"pref":"京都府","city":"京都市左京区","town":"修学院山添町"}],"8034":[{"pref":"京都府","city":"京都市左京区","town":"修学院桧峠町"}],"8035":[{"pref":"京都府","city":"京都市左京区","town":"修学院守禅庵"}],"8036":[{"pref":"京都府","city":"京都市左京区","town":"修学院開根坊町"}],"8037":[{"pref":"京都府","city":"京都市左京区","town":"修学院大道町"}],"8041":[{"pref":"京都府","city":"京都市左京区","town":"修学院仏者町"}],"8042":[{"pref":"京都府","city":"京都市左京区","town":"修学院泉殿町"}],"8043":[{"pref":"京都府","city":"京都市左京区","town":"修学院貝原町"}],"8044":[{"pref":"京都府","city":"京都市左京区","town":"修学院馬場脇町"}],"8045":[{"pref":"京都府","city":"京都市左京区","town":"修学院安養坊"}],"8046":[{"pref":"京都府","city":"京都市左京区","town":"修学院室町"}],"8047":[{"pref":"京都府","city":"京都市左京区","town":"修学院烏丸町"}],"8051":[{"pref":"京都府","city":"京都市左京区","town":"修学院中新開"}],"8052":[{"pref":"京都府","city":"京都市左京区","town":"修学院薮添"}],"8053":[{"pref":"京都府","city":"京都市左京区","town":"修学院宮ノ前"}],"8054":[{"pref":"京都府","city":"京都市左京区","town":"修学院山神町"}],"8055":[{"pref":"京都府","city":"京都市左京区","town":"修学院高岸町"}],"8056":[{"pref":"京都府","city":"京都市左京区","town":"修学院松本町"}],"8057":[{"pref":"京都府","city":"京都市左京区","town":"修学院林ノ脇"}],"8061":[{"pref":"京都府","city":"京都市左京区","town":"修学院宮ノ脇町"}],"8062":[{"pref":"京都府","city":"京都市左京区","town":"修学院南代"}],"8063":[{"pref":"京都府","city":"京都市左京区","town":"修学院後安堂"}],"8064":[{"pref":"京都府","city":"京都市左京区","town":"修学院辻ノ田町"}],"8065":[{"pref":"京都府","city":"京都市左京区","town":"修学院月輪寺町"}],"8071":[{"pref":"京都府","city":"京都市左京区","town":"修学院狭間町"}],"8072":[{"pref":"京都府","city":"京都市左京区","town":"修学院登リ内町"}],"8073":[{"pref":"京都府","city":"京都市左京区","town":"修学院茶屋ノ前町"}],"8074":[{"pref":"京都府","city":"京都市左京区","town":"修学院石掛町"}],"8075":[{"pref":"京都府","city":"京都市左京区","town":"修学院坪江町"}],"8081":[{"pref":"京都府","city":"京都市左京区","town":"修学院大林町"}],"8082":[{"pref":"京都府","city":"京都市左京区","town":"修学院鹿ノ下町"}],"8083":[{"pref":"京都府","city":"京都市左京区","town":"修学院犬塚町"}],"8084":[{"pref":"京都府","city":"京都市左京区","town":"修学院薬師堂町"}],"8085":[{"pref":"京都府","city":"京都市左京区","town":"修学院中林町"}],"8086":[{"pref":"京都府","city":"京都市左京区","town":"修学院十権寺町"}],"8101":[{"pref":"京都府","city":"京都市左京区","town":"高野蓼原町"}],"8102":[{"pref":"京都府","city":"京都市左京区","town":"高野清水町"}],"8103":[{"pref":"京都府","city":"京都市左京区","town":"高野西開町"}],"8104":[{"pref":"京都府","city":"京都市左京区","town":"高野竹屋町"}],"8105":[{"pref":"京都府","city":"京都市左京区","town":"高野上竹屋町"}],"8106":[{"pref":"京都府","city":"京都市左京区","town":"高野玉岡町"}],"8107":[{"pref":"京都府","city":"京都市左京区","town":"高野東開町"}],"8111":[{"pref":"京都府","city":"京都市左京区","town":"高野泉町"}],"8112":[{"pref":"京都府","city":"京都市左京区","town":"一乗寺西杉ノ宮町"}],"8113":[{"pref":"京都府","city":"京都市左京区","town":"一乗寺東杉ノ宮町"}],"8114":[{"pref":"京都府","city":"京都市左京区","town":"一乗寺北大丸町"}],"8115":[{"pref":"京都府","city":"京都市左京区","town":"一乗寺里ノ西町"}],"8116":[{"pref":"京都府","city":"京都市左京区","town":"一乗寺宮ノ東町"}],"8117":[{"pref":"京都府","city":"京都市左京区","town":"一乗寺里ノ前町"}],"8121":[{"pref":"京都府","city":"京都市左京区","town":"一乗寺青城町"}],"8122":[{"pref":"京都府","city":"京都市左京区","town":"一乗寺東閉川原町"}],"8123":[{"pref":"京都府","city":"京都市左京区","town":"一乗寺西閉川原町"}],"8124":[{"pref":"京都府","city":"京都市左京区","town":"一乗寺松田町"}],"8125":[{"pref":"京都府","city":"京都市左京区","town":"一乗寺清水町"}],"8126":[{"pref":"京都府","city":"京都市左京区","town":"一乗寺向畑町"}],"8127":[{"pref":"京都府","city":"京都市左京区","town":"一乗寺西浦畑町"}],"8131":[{"pref":"京都府","city":"京都市左京区","town":"一乗寺稲荷町"}],"8132":[{"pref":"京都府","city":"京都市左京区","town":"一乗寺馬場町"}],"8133":[{"pref":"京都府","city":"京都市左京区","town":"一乗寺月輪寺町"}],"8134":[{"pref":"京都府","city":"京都市左京区","town":"一乗寺竹ノ内町"}],"8135":[{"pref":"京都府","city":"京都市左京区","town":"一乗寺水掛町"}],"8136":[{"pref":"京都府","city":"京都市左京区","town":"一乗寺東浦町"}],"8141":[{"pref":"京都府","city":"京都市左京区","town":"一乗寺釈迦堂町"}],"8142":[{"pref":"京都府","city":"京都市左京区","town":"一乗寺燈籠本町"}],"8143":[{"pref":"京都府","city":"京都市左京区","town":"一乗寺堀ノ内町"}],"8144":[{"pref":"京都府","city":"京都市左京区","town":"一乗寺堂ノ前町"}],"8145":[{"pref":"京都府","city":"京都市左京区","town":"一乗寺葉山町"}],"8146":[{"pref":"京都府","city":"京都市左京区","town":"一乗寺病ダレ"}],"8147":[{"pref":"京都府","city":"京都市左京区","town":"一乗寺小谷町"}],"8151":[{"pref":"京都府","city":"京都市左京区","town":"一乗寺花ノ木町"}],"8152":[{"pref":"京都府","city":"京都市左京区","town":"一乗寺下リ松町"}],"8153":[{"pref":"京都府","city":"京都市左京区","town":"一乗寺谷田町"}],"8154":[{"pref":"京都府","city":"京都市左京区","town":"一乗寺門口町"}],"8155":[{"pref":"京都府","city":"京都市左京区","town":"一乗寺薬師堂町"}],"8156":[{"pref":"京都府","city":"京都市左京区","town":"一乗寺松原町"}],"8157":[{"pref":"京都府","city":"京都市左京区","town":"一乗寺才形町"}],"8158":[{"pref":"京都府","city":"京都市左京区","town":"一乗寺大谷"}],"8161":[{"pref":"京都府","city":"京都市左京区","town":"一乗寺木ノ本町"}],"8162":[{"pref":"京都府","city":"京都市左京区","town":"一乗寺御祭田町"}],"8163":[{"pref":"京都府","city":"京都市左京区","town":"一乗寺中ノ田町"}],"8164":[{"pref":"京都府","city":"京都市左京区","town":"一乗寺出口町"}],"8165":[{"pref":"京都府","city":"京都市左京区","town":"一乗寺野田町"}],"8166":[{"pref":"京都府","city":"京都市左京区","town":"一乗寺庵野町"}],"8167":[{"pref":"京都府","city":"京都市左京区","town":"一乗寺樋ノ口町"}],"8171":[{"pref":"京都府","city":"京都市左京区","town":"一乗寺西水干町"}],"8172":[{"pref":"京都府","city":"京都市左京区","town":"一乗寺河原田町"}],"8173":[{"pref":"京都府","city":"京都市左京区","town":"一乗寺梅ノ木町"}],"8174":[{"pref":"京都府","city":"京都市左京区","town":"一乗寺染殿町"}],"8175":[{"pref":"京都府","city":"京都市左京区","town":"一乗寺築田町"}],"8176":[{"pref":"京都府","city":"京都市左京区","town":"一乗寺塚本町"}],"8177":[{"pref":"京都府","city":"京都市左京区","town":"一乗寺東水干町"}],"8181":[{"pref":"京都府","city":"京都市左京区","town":"一乗寺地蔵本町"}],"8182":[{"pref":"京都府","city":"京都市左京区","town":"一乗寺赤ノ宮町"}],"8183":[{"pref":"京都府","city":"京都市左京区","town":"一乗寺大新開町"}],"8184":[{"pref":"京都府","city":"京都市左京区","town":"一乗寺払殿町"}],"8185":[{"pref":"京都府","city":"京都市左京区","town":"一乗寺高槻町"}],"8186":[{"pref":"京都府","city":"京都市左京区","town":"一乗寺南大丸町"}],"8187":[{"pref":"京都府","city":"京都市左京区","town":"一乗寺大原田町"}],"8201":[{"pref":"京都府","city":"京都市左京区","town":"田中玄京町"}],"8202":[{"pref":"京都府","city":"京都市左京区","town":"田中大堰町"}],"8203":[{"pref":"京都府","city":"京都市左京区","town":"田中関田町"}],"8204":[{"pref":"京都府","city":"京都市左京区","town":"田中下柳町"}],"8205":[{"pref":"京都府","city":"京都市左京区","town":"田中上柳町"}],"8206":[{"pref":"京都府","city":"京都市左京区","town":"田中馬場町"}],"8211":[{"pref":"京都府","city":"京都市左京区","town":"田中西大久保町"}],"8212":[{"pref":"京都府","city":"京都市左京区","town":"田中里ノ内町"}],"8213":[{"pref":"京都府","city":"京都市左京区","town":"田中野神町"}],"8214":[{"pref":"京都府","city":"京都市左京区","town":"田中南大久保町"}],"8215":[{"pref":"京都府","city":"京都市左京区","town":"田中上玄京町"}],"8216":[{"pref":"京都府","city":"京都市左京区","town":"田中南西浦町"}],"8217":[{"pref":"京都府","city":"京都市左京区","town":"田中西浦町"}],"8221":[{"pref":"京都府","city":"京都市左京区","town":"田中西樋ノ口町"}],"8222":[{"pref":"京都府","city":"京都市左京区","town":"田中樋ノ口町"}],"8223":[{"pref":"京都府","city":"京都市左京区","town":"田中東樋ノ口町"}],"8224":[{"pref":"京都府","city":"京都市左京区","town":"北白川追分町"}],"8225":[{"pref":"京都府","city":"京都市左京区","town":"田中門前町"}],"8226":[{"pref":"京都府","city":"京都市左京区","town":"田中飛鳥井町"}],"8227":[{"pref":"京都府","city":"京都市左京区","town":"田中里ノ前町"}],"8231":[{"pref":"京都府","city":"京都市左京区","town":"田中上古川町"}],"8232":[{"pref":"京都府","city":"京都市左京区","town":"田中古川町"}],"8233":[{"pref":"京都府","city":"京都市左京区","town":"田中北春菜町"}],"8234":[{"pref":"京都府","city":"京都市左京区","town":"田中春菜町"}],"8235":[{"pref":"京都府","city":"京都市左京区","town":"田中西春菜町"}],"8236":[{"pref":"京都府","city":"京都市左京区","town":"田中大久保町"}],"8237":[{"pref":"京都府","city":"京都市左京区","town":"田中上大久保町"}],"8241":[{"pref":"京都府","city":"京都市左京区","town":"田中西高原町"}],"8242":[{"pref":"京都府","city":"京都市左京区","town":"田中高原町"}],"8243":[{"pref":"京都府","city":"京都市左京区","town":"田中東高原町"}],"8244":[{"pref":"京都府","city":"京都市左京区","town":"北白川東平井町"}],"8245":[{"pref":"京都府","city":"京都市左京区","town":"北白川平井町"}],"8246":[{"pref":"京都府","city":"京都市左京区","town":"北白川西平井町"}],"8247":[{"pref":"京都府","city":"京都市左京区","town":"田中東春菜町"}],"8251":[{"pref":"京都府","city":"京都市左京区","town":"北白川東伊織町"}],"8252":[{"pref":"京都府","city":"京都市左京区","town":"北白川上終町"}],"8253":[{"pref":"京都府","city":"京都市左京区","town":"北白川瀬ノ内町"}],"8254":[{"pref":"京都府","city":"京都市左京区","town":"北白川東瀬ノ内町"}],"8255":[{"pref":"京都府","city":"京都市左京区","town":"北白川西瀬ノ内町"}],"8256":[{"pref":"京都府","city":"京都市左京区","town":"北白川伊織町"}],"8257":[{"pref":"京都府","city":"京都市左京区","town":"北白川西伊織町"}],"8261":[{"pref":"京都府","city":"京都市左京区","town":"北白川西蔦町"}],"8262":[{"pref":"京都府","city":"京都市左京区","town":"北白川蔦町"}],"8263":[{"pref":"京都府","city":"京都市左京区","town":"北白川東蔦町"}],"8264":[{"pref":"京都府","city":"京都市左京区","town":"北白川小倉町"}],"8265":[{"pref":"京都府","city":"京都市左京区","town":"北白川東小倉町"}],"8266":[{"pref":"京都府","city":"京都市左京区","town":"北白川久保田町"}],"8267":[{"pref":"京都府","city":"京都市左京区","town":"北白川西町"}],"8271":[{"pref":"京都府","city":"京都市左京区","town":"北白川瓜生山町"}],"8272":[{"pref":"京都府","city":"京都市左京区","town":"北白川山田町"}],"8273":[{"pref":"京都府","city":"京都市左京区","town":"北白川山ノ元町"}],"8274":[{"pref":"京都府","city":"京都市左京区","town":"北白川大堂町"}],"8275":[{"pref":"京都府","city":"京都市左京区","town":"北白川上別当町"}],"8276":[{"pref":"京都府","city":"京都市左京区","town":"北白川別当町"}],"8277":[{"pref":"京都府","city":"京都市左京区","town":"北白川堂ノ前町"}],"8281":[{"pref":"京都府","city":"京都市左京区","town":"北白川丸山町"}],"8282":[{"pref":"京都府","city":"京都市左京区","town":"北白川外山町"}],"8283":[{"pref":"京都府","city":"京都市左京区","town":"北白川仕伏町"}],"8284":[{"pref":"京都府","city":"京都市左京区","town":"北白川下池田町"}],"8285":[{"pref":"京都府","city":"京都市左京区","town":"北白川東久保田町"}],"8286":[{"pref":"京都府","city":"京都市左京区","town":"北白川下別当町"}],"8287":[{"pref":"京都府","city":"京都市左京区","town":"北白川上池田町"}],"8291":[{"pref":"京都府","city":"京都市左京区","town":"北白川岩坂町"}],"8292":[{"pref":"京都府","city":"京都市左京区","town":"北白川重石町"}],"8293":[{"pref":"京都府","city":"京都市左京区","town":"北白川琵琶町"}],"8294":[{"pref":"京都府","city":"京都市左京区","town":"北白川地蔵谷町"}],"8295":[{"pref":"京都府","city":"京都市左京区","town":"北白川清沢口町"}],"8301":[{"pref":"京都府","city":"京都市左京区","town":"吉田泉殿町"}],"8302":[{"pref":"京都府","city":"京都市左京区","town":"吉田牛ノ宮町"}],"8303":[{"pref":"京都府","city":"京都市左京区","town":"吉田橘町"}],"8304":[{"pref":"京都府","city":"京都市左京区","town":"吉田下阿達町"}],"8305":[{"pref":"京都府","city":"京都市左京区","town":"吉田河原町"}],"8306":[{"pref":"京都府","city":"京都市左京区","town":"吉田中阿達町"}],"8307":[{"pref":"京都府","city":"京都市左京区","town":"吉田上阿達町"}],"8311":[{"pref":"京都府","city":"京都市左京区","town":"吉田神楽岡町"}],"8312":[{"pref":"京都府","city":"京都市左京区","town":"吉田上大路町"}],"8313":[{"pref":"京都府","city":"京都市左京区","town":"吉田中大路町"}],"8314":[{"pref":"京都府","city":"京都市左京区","town":"吉田下大路町"}],"8315":[{"pref":"京都府","city":"京都市左京区","town":"吉田近衛町"}],"8316":[{"pref":"京都府","city":"京都市左京区","town":"吉田二本松町"}],"8317":[{"pref":"京都府","city":"京都市左京区","town":"吉田本町"}],"8321":[{"pref":"京都府","city":"京都市左京区","town":"岡崎東福ノ川町"}],"8322":[{"pref":"京都府","city":"京都市左京区","town":"岡崎入江町"}],"8323":[{"pref":"京都府","city":"京都市左京区","town":"聖護院円頓美町"}],"8324":[{"pref":"京都府","city":"京都市左京区","town":"聖護院中町"}],"8325":[{"pref":"京都府","city":"京都市左京区","town":"聖護院東町"}],"8326":[{"pref":"京都府","city":"京都市左京区","town":"岡崎西福ノ川町"}],"8331":[{"pref":"京都府","city":"京都市左京区","town":"黒谷町"}],"8332":[{"pref":"京都府","city":"京都市左京区","town":"岡崎東天王町"}],"8333":[{"pref":"京都府","city":"京都市左京区","town":"岡崎法勝寺町"}],"8334":[{"pref":"京都府","city":"京都市左京区","town":"岡崎南御所町"}],"8335":[{"pref":"京都府","city":"京都市左京区","town":"岡崎天王町"}],"8336":[{"pref":"京都府","city":"京都市左京区","town":"岡崎北御所町"}],"8341":[{"pref":"京都府","city":"京都市左京区","town":"岡崎西天王町"}],"8342":[{"pref":"京都府","city":"京都市左京区","town":"岡崎最勝寺町"}],"8343":[{"pref":"京都府","city":"京都市左京区","town":"岡崎成勝寺町"}],"8344":[{"pref":"京都府","city":"京都市左京区","town":"岡崎円勝寺町"}],"8345":[{"pref":"京都府","city":"京都市左京区","town":"東門前町"}],"8346":[{"pref":"京都府","city":"京都市左京区","town":"南門前町"}],"8351":[{"pref":"京都府","city":"京都市左京区","town":"岡崎徳成町"}],"8352":[{"pref":"京都府","city":"京都市左京区","town":"北門前町"}],"8353":[{"pref":"京都府","city":"京都市左京区","town":"正往寺町"}],"8354":[{"pref":"京都府","city":"京都市左京区","town":"頭町"}],"8355":[{"pref":"京都府","city":"京都市左京区","town":"新東洞院町"}],"8356":[{"pref":"京都府","city":"京都市左京区","town":"石原町"}],"8357":[{"pref":"京都府","city":"京都市左京区","town":"聖護院蓮華蔵町"}],"8361":[{"pref":"京都府","city":"京都市左京区","town":"福本町"}],"8362":[{"pref":"京都府","city":"京都市左京区","town":"法皇寺町"}],"8363":[{"pref":"京都府","city":"京都市左京区","town":"和国町"}],"8364":[{"pref":"京都府","city":"京都市左京区","town":"菊鉾町"}],"8365":[{"pref":"京都府","city":"京都市左京区","town":"讃州寺町"}],"8366":[{"pref":"京都府","city":"京都市左京区","town":"超勝寺門前町"}],"8371":[{"pref":"京都府","city":"京都市左京区","town":"秋築町"}],"8372":[{"pref":"京都府","city":"京都市左京区","town":"吉永町"}],"8373":[{"pref":"京都府","city":"京都市左京区","town":"杉本町"}],"8374":[{"pref":"京都府","city":"京都市左京区","town":"難波町"}],"8375":[{"pref":"京都府","city":"京都市左京区","town":"新車屋町"}],"8376":[{"pref":"京都府","city":"京都市左京区","town":"大菊町"}],"8381":[{"pref":"京都府","city":"京都市左京区","town":"中川町"}],"8382":[{"pref":"京都府","city":"京都市左京区","town":"大文字町"}],"8383":[{"pref":"京都府","city":"京都市左京区","town":"新先斗町"}],"8384":[{"pref":"京都府","city":"京都市左京区","town":"新生洲町"}],"8385":[{"pref":"京都府","city":"京都市左京区","town":"孫橋町"}],"8386":[{"pref":"京都府","city":"京都市左京区","town":"新丸太町"}],"8387":[{"pref":"京都府","city":"京都市左京区","town":"法林寺門前町"}],"8391":[{"pref":"京都府","city":"京都市左京区","town":"聖護院西町"}],"8392":[{"pref":"京都府","city":"京都市左京区","town":"聖護院山王町"}],"8393":[{"pref":"京都府","city":"京都市左京区","town":"東竹屋町"}],"8394":[{"pref":"京都府","city":"京都市左京区","town":"聖護院東寺領町"}],"8395":[{"pref":"京都府","city":"京都市左京区","town":"東丸太町"}],"8396":[{"pref":"京都府","city":"京都市左京区","town":"下堤町"}],"8397":[{"pref":"京都府","city":"京都市左京区","town":"聖護院川原町"}],"8401":[{"pref":"京都府","city":"京都市左京区","town":"浄土寺小山町"}],"8402":[{"pref":"京都府","city":"京都市左京区","town":"銀閣寺町"}],"8403":[{"pref":"京都府","city":"京都市左京区","town":"浄土寺南田町"}],"8404":[{"pref":"京都府","city":"京都市左京区","town":"浄土寺下南田町"}],"8405":[{"pref":"京都府","city":"京都市左京区","town":"浄土寺上南田町"}],"8406":[{"pref":"京都府","city":"京都市左京区","town":"浄土寺石橋町"}],"8407":[{"pref":"京都府","city":"京都市左京区","town":"銀閣寺前町"}],"8411":[{"pref":"京都府","city":"京都市左京区","town":"浄土寺東田町"}],"8412":[{"pref":"京都府","city":"京都市左京区","town":"浄土寺馬場町"}],"8413":[{"pref":"京都府","city":"京都市左京区","town":"浄土寺下馬場町"}],"8414":[{"pref":"京都府","city":"京都市左京区","town":"浄土寺真如町"}],"8415":[{"pref":"京都府","city":"京都市左京区","town":"岡崎真如堂前町"}],"8416":[{"pref":"京都府","city":"京都市左京区","town":"浄土寺上馬場町"}],"8417":[{"pref":"京都府","city":"京都市左京区","town":"浄土寺西田町"}],"8421":[{"pref":"京都府","city":"京都市左京区","town":"鹿ケ谷法然院町"}],"8422":[{"pref":"京都府","city":"京都市左京区","town":"鹿ケ谷御所ノ段町"}],"8423":[{"pref":"京都府","city":"京都市左京区","town":"鹿ケ谷桜谷町"}],"8424":[{"pref":"京都府","city":"京都市左京区","town":"鹿ケ谷宮ノ前町"}],"8425":[{"pref":"京都府","city":"京都市左京区","town":"鹿ケ谷西寺ノ前町"}],"8426":[{"pref":"京都府","city":"京都市左京区","town":"鹿ケ谷寺ノ前町"}],"8427":[{"pref":"京都府","city":"京都市左京区","town":"鹿ケ谷法然院西町"}],"8428":[{"pref":"京都府","city":"京都市左京区","town":"鹿ケ谷栗木谷町"}],"8431":[{"pref":"京都府","city":"京都市左京区","town":"鹿ケ谷下宮ノ前町"}],"8432":[{"pref":"京都府","city":"京都市左京区","town":"鹿ケ谷高岸町"}],"8433":[{"pref":"京都府","city":"京都市左京区","town":"永観堂西町"}],"8434":[{"pref":"京都府","city":"京都市左京区","town":"南禅寺下河原町"}],"8435":[{"pref":"京都府","city":"京都市左京区","town":"南禅寺福地町"}],"8436":[{"pref":"京都府","city":"京都市左京区","town":"粟田口鳥居町"}],"8437":[{"pref":"京都府","city":"京都市左京区","town":"南禅寺草川町"}],"8441":[{"pref":"京都府","city":"京都市左京区","town":"鹿ケ谷徳善谷町"}],"8442":[{"pref":"京都府","city":"京都市左京区","town":"鹿ケ谷大黒谷町"}],"8443":[{"pref":"京都府","city":"京都市左京区","town":"粟田口山下町"}],"8444":[{"pref":"京都府","city":"京都市左京区","town":"若王子町"}],"8445":[{"pref":"京都府","city":"京都市左京区","town":"永観堂町"}],"8446":[{"pref":"京都府","city":"京都市左京区","town":"南禅寺北ノ坊町"}],"8447":[{"pref":"京都府","city":"京都市左京区","town":"鹿ケ谷上宮ノ前町"}],"8451":[{"pref":"京都府","city":"京都市左京区","town":"北白川中山町"}],"8452":[{"pref":"京都府","city":"京都市左京区","town":"粟田口如意ケ嶽町"}],"8453":[{"pref":"京都府","city":"京都市左京区","town":"北白川南ケ原町"}],"8454":[{"pref":"京都府","city":"京都市左京区","town":"北白川向ケ谷町"}],"8455":[{"pref":"京都府","city":"京都市左京区","town":"北白川小亀谷町"}],"0000":[{"pref":"京都府","city":"京都市左京区","town":"以下に掲載がない場合"}],"0017":[{"pref":"京都府","city":"京都市左京区","town":"岩倉上蔵町（その他）"}],"0001":[{"pref":"京都府","city":"京都市左京区","town":"岩倉大鷺町"}],"0004":[{"pref":"京都府","city":"京都市左京区","town":"岩倉北池田町"}],"0009":[{"pref":"京都府","city":"京都市左京区","town":"岩倉北桑原町"}],"0029":[{"pref":"京都府","city":"京都市左京区","town":"岩倉北平岡町"}],"0010":[{"pref":"京都府","city":"京都市左京区","town":"岩倉北四ノ坪町"}],"0016":[{"pref":"京都府","city":"京都市左京区","town":"岩倉木野町（その他）"}],"0013":[{"pref":"京都府","city":"京都市左京区","town":"岩倉下在地町"}],"0021":[{"pref":"京都府","city":"京都市左京区","town":"岩倉忠在地町"}],"0002":[{"pref":"京都府","city":"京都市左京区","town":"岩倉中大鷺町"}],"0018":[{"pref":"京都府","city":"京都市左京区","town":"岩倉中河原町"}],"0027":[{"pref":"京都府","city":"京都市左京区","town":"岩倉中在地町"}],"0026":[{"pref":"京都府","city":"京都市左京区","town":"岩倉長谷町"}],"0025":[{"pref":"京都府","city":"京都市左京区","town":"岩倉中町"}],"0014":[{"pref":"京都府","city":"京都市左京区","town":"岩倉西河原町"}],"0006":[{"pref":"京都府","city":"京都市左京区","town":"岩倉西五田町"}],"0011":[{"pref":"京都府","city":"京都市左京区","town":"岩倉西宮田町"}],"0015":[{"pref":"京都府","city":"京都市左京区","town":"岩倉幡枝町"}],"0024":[{"pref":"京都府","city":"京都市左京区","town":"岩倉花園町"}],"0007":[{"pref":"京都府","city":"京都市左京区","town":"岩倉東五田町"}],"0012":[{"pref":"京都府","city":"京都市左京区","town":"岩倉東宮田町"}],"0008":[{"pref":"京都府","city":"京都市左京区","town":"岩倉三笠町"}],"0005":[{"pref":"京都府","city":"京都市左京区","town":"岩倉南池田町"}],"0003":[{"pref":"京都府","city":"京都市左京区","town":"岩倉南大鷺町"}],"0019":[{"pref":"京都府","city":"京都市左京区","town":"岩倉南河原町"}],"0028":[{"pref":"京都府","city":"京都市左京区","town":"岩倉南木野町"}],"0031":[{"pref":"京都府","city":"京都市左京区","town":"岩倉南桑原町"}],"0032":[{"pref":"京都府","city":"京都市左京区","town":"岩倉南平岡町"}],"0023":[{"pref":"京都府","city":"京都市左京区","town":"岩倉南三宅町"}],"0033":[{"pref":"京都府","city":"京都市左京区","town":"岩倉南四ノ坪町"}],"0022":[{"pref":"京都府","city":"京都市左京区","town":"岩倉三宅町"}],"0034":[{"pref":"京都府","city":"京都市左京区","town":"岩倉村松町"}],"0057":[{"pref":"京都府","city":"京都市左京区","town":"上高野池ノ内町"}],"0041":[{"pref":"京都府","city":"京都市左京区","town":"上高野石田町"}],"0056":[{"pref":"京都府","city":"京都市左京区","town":"上高野市川町"}],"0087":[{"pref":"京都府","city":"京都市左京区","town":"上高野稲荷町"}],"0088":[{"pref":"京都府","city":"京都市左京区","town":"上高野植ノ町"}],"0089":[{"pref":"京都府","city":"京都市左京区","town":"上高野上畑町"}],"0091":[{"pref":"京都府","city":"京都市左京区","town":"上高野大塚町"}],"0062":[{"pref":"京都府","city":"京都市左京区","town":"上高野大橋町"}],"0048":[{"pref":"京都府","city":"京都市左京区","town":"上高野大湯手町"}],"0077":[{"pref":"京都府","city":"京都市左京区","town":"上高野奥小森町"}],"0075":[{"pref":"京都府","city":"京都市左京区","town":"上高野奥東野町"}],"0058":[{"pref":"京都府","city":"京都市左京区","town":"上高野小野町"}],"0055":[{"pref":"京都府","city":"京都市左京区","town":"上高野尾保地町"}],"0084":[{"pref":"京都府","city":"京都市左京区","town":"上高野鐘突町"}],"0073":[{"pref":"京都府","city":"京都市左京区","town":"上高野釜土町"}],"0093":[{"pref":"京都府","city":"京都市左京区","town":"上高野上荒蒔町"}],"0072":[{"pref":"京都府","city":"京都市左京区","town":"上高野掃部林町"}],"0061":[{"pref":"京都府","city":"京都市左京区","town":"上高野川原町"}],"0059":[{"pref":"京都府","city":"京都市左京区","town":"上高野北川原町"}],"0036":[{"pref":"京都府","city":"京都市左京区","town":"上高野北田町"}],"0086":[{"pref":"京都府","city":"京都市左京区","town":"上高野木ノ下町"}],"0076":[{"pref":"京都府","city":"京都市左京区","town":"上高野口小森町"}],"0053":[{"pref":"京都府","city":"京都市左京区","town":"上高野車地町"}],"0064":[{"pref":"京都府","city":"京都市左京区","town":"上高野西明寺山"}],"0042":[{"pref":"京都府","city":"京都市左京区","town":"上高野鷺町"}],"0047":[{"pref":"京都府","city":"京都市左京区","town":"上高野薩田町"}],"0098":[{"pref":"京都府","city":"京都市左京区","town":"上高野沢渕町"}],"0054":[{"pref":"京都府","city":"京都市左京区","town":"上高野三反田町"}],"0092":[{"pref":"京都府","city":"京都市左京区","town":"上高野下荒蒔町"}],"0074":[{"pref":"京都府","city":"京都市左京区","town":"上高野下東野町"}],"0066":[{"pref":"京都府","city":"京都市左京区","town":"上高野水車町"}],"0063":[{"pref":"京都府","city":"京都市左京区","town":"上高野大明神町"}],"0052":[{"pref":"京都府","city":"京都市左京区","town":"上高野鳥脇町"}],"0044":[{"pref":"京都府","city":"京都市左京区","town":"上高野仲町"}],"0037":[{"pref":"京都府","city":"京都市左京区","town":"上高野流田町"}],"0095":[{"pref":"京都府","city":"京都市左京区","town":"上高野西氷室町"}],"0051":[{"pref":"京都府","city":"京都市左京区","town":"上高野野上町"}],"0082":[{"pref":"京都府","city":"京都市左京区","town":"上高野畑ケ田町"}],"0081":[{"pref":"京都府","city":"京都市左京区","town":"上高野畑町"}],"0065":[{"pref":"京都府","city":"京都市左京区","town":"上高野八幡町"}],"0078":[{"pref":"京都府","city":"京都市左京区","town":"上高野東田町"}],"0094":[{"pref":"京都府","city":"京都市左京区","town":"上高野東氷室町"}],"0045":[{"pref":"京都府","city":"京都市左京区","town":"上高野深田町"}],"0043":[{"pref":"京都府","city":"京都市左京区","town":"上高野古川町"}],"0071":[{"pref":"京都府","city":"京都市左京区","town":"上高野防山"}],"0097":[{"pref":"京都府","city":"京都市左京区","town":"上高野前田町"}],"0083":[{"pref":"京都府","city":"京都市左京区","town":"上高野松田町"}],"0035":[{"pref":"京都府","city":"京都市左京区","town":"上高野三宅町"}],"0046":[{"pref":"京都府","city":"京都市左京区","town":"上高野諸木町"}],"0096":[{"pref":"京都府","city":"京都市左京区","town":"上高野山ノ橋町"}],"0085":[{"pref":"京都府","city":"京都市左京区","town":"上高野隣好町"}],"0067":[{"pref":"京都府","city":"京都市左京区","town":"上高野東山（その他）"}],"0821":[{"pref":"京都府","city":"京都市左京区","town":"賀茂今井町"}],"0822":[{"pref":"京都府","city":"京都市左京区","town":"賀茂半木町"}],"0807":[{"pref":"京都府","city":"京都市左京区","town":"下鴨泉川町"}],"0834":[{"pref":"京都府","city":"京都市左京区","town":"下鴨狗子田町"}],"0851":[{"pref":"京都府","city":"京都市左京区","town":"下鴨梅ノ木町"}],"0815":[{"pref":"京都府","city":"京都市左京区","town":"下鴨膳部町"}],"0812":[{"pref":"京都府","city":"京都市左京区","town":"下鴨上川原町"}],"0853":[{"pref":"京都府","city":"京都市左京区","town":"下鴨岸本町"}],"0842":[{"pref":"京都府","city":"京都市左京区","town":"下鴨北芝町"}],"0831":[{"pref":"京都府","city":"京都市左京区","town":"下鴨北園町"}],"0844":[{"pref":"京都府","city":"京都市左京区","town":"下鴨北茶ノ木町"}],"0846":[{"pref":"京都府","city":"京都市左京区","town":"下鴨北野々神町"}],"0813":[{"pref":"京都府","city":"京都市左京区","town":"下鴨貴船町"}],"0835":[{"pref":"京都府","city":"京都市左京区","town":"下鴨神殿町"}],"0814":[{"pref":"京都府","city":"京都市左京区","town":"下鴨芝本町"}],"0803":[{"pref":"京都府","city":"京都市左京区","town":"下鴨下川原町"}],"0864":[{"pref":"京都府","city":"京都市左京区","town":"下鴨高木町"}],"0806":[{"pref":"京都府","city":"京都市左京区","town":"下鴨蓼倉町"}],"0856":[{"pref":"京都府","city":"京都市左京区","town":"下鴨塚本町"}],"0811":[{"pref":"京都府","city":"京都市左京区","town":"下鴨中川原町"}],"0825":[{"pref":"京都府","city":"京都市左京区","town":"下鴨西梅ノ木町"}],"0861":[{"pref":"京都府","city":"京都市左京区","town":"下鴨西高木町"}],"0817":[{"pref":"京都府","city":"京都市左京区","town":"下鴨西林町"}],"0827":[{"pref":"京都府","city":"京都市左京区","town":"下鴨西半木町"}],"0826":[{"pref":"京都府","city":"京都市左京区","town":"下鴨西本町"}],"0832":[{"pref":"京都府","city":"京都市左京区","town":"下鴨萩ケ垣内町"}],"0823":[{"pref":"京都府","city":"京都市左京区","town":"下鴨半木町"}],"0852":[{"pref":"京都府","city":"京都市左京区","town":"下鴨東梅ノ木町"}],"0854":[{"pref":"京都府","city":"京都市左京区","town":"下鴨東岸本町"}],"0865":[{"pref":"京都府","city":"京都市左京区","town":"下鴨東高木町"}],"0855":[{"pref":"京都府","city":"京都市左京区","town":"下鴨東塚本町"}],"0824":[{"pref":"京都府","city":"京都市左京区","town":"下鴨東半木町"}],"0863":[{"pref":"京都府","city":"京都市左京区","town":"下鴨東本町"}],"0866":[{"pref":"京都府","city":"京都市左京区","town":"下鴨東森ケ前町"}],"0862":[{"pref":"京都府","city":"京都市左京区","town":"下鴨本町"}],"0833":[{"pref":"京都府","city":"京都市左京区","town":"下鴨前萩町"}],"0816":[{"pref":"京都府","city":"京都市左京区","town":"下鴨松ノ木町"}],"0804":[{"pref":"京都府","city":"京都市左京区","town":"下鴨松原町"}],"0843":[{"pref":"京都府","city":"京都市左京区","town":"下鴨水口町"}],"0841":[{"pref":"京都府","city":"京都市左京区","town":"下鴨南芝町"}],"0845":[{"pref":"京都府","city":"京都市左京区","town":"下鴨南茶ノ木町"}],"0847":[{"pref":"京都府","city":"京都市左京区","town":"下鴨南野々神町"}],"0801":[{"pref":"京都府","city":"京都市左京区","town":"下鴨宮河町"}],"0802":[{"pref":"京都府","city":"京都市左京区","town":"下鴨宮崎町"}],"0867":[{"pref":"京都府","city":"京都市左京区","town":"下鴨森ケ前町"}],"0805":[{"pref":"京都府","city":"京都市左京区","town":"下鴨森本町"}],"0837":[{"pref":"京都府","city":"京都市左京区","town":"下鴨夜光町"}],"0836":[{"pref":"京都府","city":"京都市左京区","town":"下鴨梁田町"}],"0911":[{"pref":"京都府","city":"京都市左京区","town":"松ケ崎泉川町"}],"0954":[{"pref":"京都府","city":"京都市左京区","town":"松ケ崎壱町田町"}],"0931":[{"pref":"京都府","city":"京都市左京区","town":"松ケ崎井出ケ海道町"}],"0947":[{"pref":"京都府","city":"京都市左京区","town":"松ケ崎井出ケ鼻町"}],"0914":[{"pref":"京都府","city":"京都市左京区","town":"松ケ崎今海道町"}],"0936":[{"pref":"京都府","city":"京都市左京区","town":"松ケ崎榎実ケ芝"}],"0953":[{"pref":"京都府","city":"京都市左京区","town":"松ケ崎海尻町"}],"0941":[{"pref":"京都府","city":"京都市左京区","town":"松ケ崎河原田町"}],"0937":[{"pref":"京都府","city":"京都市左京区","town":"松ケ崎北裏町"}],"0934":[{"pref":"京都府","city":"京都市左京区","town":"松ケ崎狐坂"}],"0938":[{"pref":"京都府","city":"京都市左京区","town":"松ケ崎木燈籠町"}],"0952":[{"pref":"京都府","city":"京都市左京区","town":"松ケ崎木ノ本町"}],"0961":[{"pref":"京都府","city":"京都市左京区","town":"松ケ崎久土町"}],"0955":[{"pref":"京都府","city":"京都市左京区","town":"松ケ崎雲路町"}],"0956":[{"pref":"京都府","city":"京都市左京区","town":"松ケ崎鞍馬田町"}],"0962":[{"pref":"京都府","city":"京都市左京区","town":"松ケ崎御所海道町"}],"0944":[{"pref":"京都府","city":"京都市左京区","town":"松ケ崎御所ノ内町"}],"0967":[{"pref":"京都府","city":"京都市左京区","town":"松ケ崎小竹薮町"}],"0957":[{"pref":"京都府","city":"京都市左京区","town":"松ケ崎小脇町"}],"0902":[{"pref":"京都府","city":"京都市左京区","town":"松ケ崎桜木町"}],"0916":[{"pref":"京都府","city":"京都市左京区","town":"松ケ崎三反長町"}],"0913":[{"pref":"京都府","city":"京都市左京区","town":"松ケ崎芝本町"}],"0964":[{"pref":"京都府","city":"京都市左京区","town":"松ケ崎修理式町"}],"0966":[{"pref":"京都府","city":"京都市左京区","town":"松ケ崎正田町"}],"0905":[{"pref":"京都府","city":"京都市左京区","town":"松ケ崎杉ケ海道町"}],"0923":[{"pref":"京都府","city":"京都市左京区","town":"松ケ崎総作町"}],"0935":[{"pref":"京都府","city":"京都市左京区","town":"松ケ崎高山"}],"0963":[{"pref":"京都府","city":"京都市左京区","town":"松ケ崎糺田町"}],"0917":[{"pref":"京都府","city":"京都市左京区","town":"松ケ崎堂ノ上町"}],"0906":[{"pref":"京都府","city":"京都市左京区","town":"松ケ崎中海道町"}],"0926":[{"pref":"京都府","city":"京都市左京区","town":"松ケ崎中町"}],"0932":[{"pref":"京都府","city":"京都市左京区","town":"松ケ崎西池ノ内町"}],"0903":[{"pref":"京都府","city":"京都市左京区","town":"松ケ崎西桜木町"}],"0927":[{"pref":"京都府","city":"京都市左京区","town":"松ケ崎西町"}],"0933":[{"pref":"京都府","city":"京都市左京区","town":"松ケ崎西山"}],"0951":[{"pref":"京都府","city":"京都市左京区","town":"松ケ崎橋上町"}],"0925":[{"pref":"京都府","city":"京都市左京区","town":"松ケ崎林山"}],"0924":[{"pref":"京都府","city":"京都市左京区","town":"松ケ崎東池ノ内町"}],"0901":[{"pref":"京都府","city":"京都市左京区","town":"松ケ崎東桜木町"}],"0943":[{"pref":"京都府","city":"京都市左京区","town":"松ケ崎東町"}],"0946":[{"pref":"京都府","city":"京都市左京区","town":"松ケ崎東山"}],"0942":[{"pref":"京都府","city":"京都市左京区","town":"松ケ崎樋ノ上町"}],"0921":[{"pref":"京都府","city":"京都市左京区","town":"松ケ崎平田町"}],"0945":[{"pref":"京都府","city":"京都市左京区","town":"松ケ崎堀町"}],"0922":[{"pref":"京都府","city":"京都市左京区","town":"松ケ崎南池ノ内町"}],"0907":[{"pref":"京都府","city":"京都市左京区","town":"松ケ崎村ケ内町"}],"0904":[{"pref":"京都府","city":"京都市左京区","town":"松ケ崎柳井田町"}],"0965":[{"pref":"京都府","city":"京都市左京区","town":"松ケ崎横縄手町"}],"0912":[{"pref":"京都府","city":"京都市左京区","town":"松ケ崎呼返町"}],"0915":[{"pref":"京都府","city":"京都市左京区","town":"松ケ崎六ノ坪町"}],"0068":[{"pref":"京都府","city":"京都市左京区","town":"八瀬野瀬町（２７７の２、２７９の１、３～５、２８１の２～９、１１"},{"pref":"京都府","city":"京都市左京区","town":"～１８、２０～２２、２４～２６、３２、２８７、３００番地）"}]}