{"1101":[{"pref":"京都府","city":"京都市西京区","town":"大枝北沓掛町"}],"1102":[{"pref":"京都府","city":"京都市西京区","town":"御陵大枝山町"}],"1103":[{"pref":"京都府","city":"京都市西京区","town":"御陵峰ケ堂町"}],"1104":[{"pref":"京都府","city":"京都市西京区","town":"大枝中山町"}],"1105":[{"pref":"京都府","city":"京都市西京区","town":"大枝塚原町"}],"1106":[{"pref":"京都府","city":"京都市西京区","town":"大枝沓掛町"}],"1107":[{"pref":"京都府","city":"京都市西京区","town":"御陵北大枝山町"}],"1111":[{"pref":"京都府","city":"京都市西京区","town":"大枝東長町"}],"1112":[{"pref":"京都府","city":"京都市西京区","town":"大枝北福西町"}],"1113":[{"pref":"京都府","city":"京都市西京区","town":"大枝南福西町"}],"1121":[{"pref":"京都府","city":"京都市西京区","town":"大原野上里北ノ町"}],"1122":[{"pref":"京都府","city":"京都市西京区","town":"大原野東野町"}],"1123":[{"pref":"京都府","city":"京都市西京区","town":"大原野上里南ノ町"}],"1124":[{"pref":"京都府","city":"京都市西京区","town":"大原野上里紅葉町"}],"1125":[{"pref":"京都府","city":"京都市西京区","town":"大原野上里勝山町"}],"1126":[{"pref":"京都府","city":"京都市西京区","town":"大原野上里男鹿町"}],"1127":[{"pref":"京都府","city":"京都市西京区","town":"大原野上里鳥見町"}],"1128":[{"pref":"京都府","city":"京都市西京区","town":"大原野石見町"}],"1131":[{"pref":"京都府","city":"京都市西京区","town":"大原野上羽町"}],"1132":[{"pref":"京都府","city":"京都市西京区","town":"大原野灰方町"}],"1133":[{"pref":"京都府","city":"京都市西京区","town":"大原野小塩町"}],"1134":[{"pref":"京都府","city":"京都市西京区","town":"大原野石作町"}],"1135":[{"pref":"京都府","city":"京都市西京区","town":"大原野出灰町"}],"1136":[{"pref":"京都府","city":"京都市西京区","town":"大原野外畑町"}],"1141":[{"pref":"京都府","city":"京都市西京区","town":"大枝西新林町"}],"1142":[{"pref":"京都府","city":"京都市西京区","town":"大枝東新林町"}],"1143":[{"pref":"京都府","city":"京都市西京区","town":"大原野東境谷町"}],"1144":[{"pref":"京都府","city":"京都市西京区","town":"大原野東竹の里町"}],"1145":[{"pref":"京都府","city":"京都市西京区","town":"大原野西竹の里町"}],"1146":[{"pref":"京都府","city":"京都市西京区","town":"大原野西境谷町"}],"1151":[{"pref":"京都府","city":"京都市西京区","town":"大枝西長町"}],"1152":[{"pref":"京都府","city":"京都市西京区","town":"大原野北春日町"}],"1153":[{"pref":"京都府","city":"京都市西京区","town":"大原野南春日町"}],"0000":[{"pref":"京都府","city":"京都市西京区","town":"以下に掲載がない場合"}],"0100":[{"pref":"京都府","city":"城陽市","town":"以下に掲載がない場合"}],"0114":[{"pref":"京都府","city":"城陽市","town":"市辺"}],"0115":[{"pref":"京都府","city":"城陽市","town":"観音堂"}],"0102":[{"pref":"京都府","city":"城陽市","town":"久世"}],"0103":[{"pref":"京都府","city":"城陽市","town":"上津屋"}],"0121":[{"pref":"京都府","city":"城陽市","town":"寺田"}],"0111":[{"pref":"京都府","city":"城陽市","town":"富野"}],"0113":[{"pref":"京都府","city":"城陽市","town":"中"}],"0112":[{"pref":"京都府","city":"城陽市","town":"長池"}],"0116":[{"pref":"京都府","city":"城陽市","town":"奈島"}],"0101":[{"pref":"京都府","city":"城陽市","town":"平川"}],"0117":[{"pref":"京都府","city":"城陽市","town":"枇杷庄"}],"0118":[{"pref":"京都府","city":"城陽市","town":"水主"}],"0300":[{"pref":"京都府","city":"京田辺市","town":"以下に掲載がない場合"},{"pref":"京都府","city":"綴喜郡井手町","town":"以下に掲載がない場合"}],"0312":[{"pref":"京都府","city":"京田辺市","town":"飯岡"}],"0324":[{"pref":"京都府","city":"京田辺市","town":"打田"}],"0343":[{"pref":"京都府","city":"京田辺市","town":"大住"}],"0351":[{"pref":"京都府","city":"京田辺市","town":"大住ケ丘"}],"0352":[{"pref":"京都府","city":"京田辺市","town":"花住坂"}],"0361":[{"pref":"京都府","city":"京田辺市","town":"河原"}],"0333":[{"pref":"京都府","city":"京田辺市","town":"甘南備台"}],"0311":[{"pref":"京都府","city":"京田辺市","town":"草内"}],"0332":[{"pref":"京都府","city":"京田辺市","town":"興戸"}],"0325":[{"pref":"京都府","city":"京田辺市","town":"高船"}],"0341":[{"pref":"京都府","city":"京田辺市","town":"薪"}],"0321":[{"pref":"京都府","city":"京田辺市","town":"多々羅"}],"0331":[{"pref":"京都府","city":"京田辺市","town":"田辺"}],"0334":[{"pref":"京都府","city":"京田辺市","town":"田辺中央"}],"0326":[{"pref":"京都府","city":"京田辺市","town":"天王"}],"0315":[{"pref":"京都府","city":"京田辺市","town":"同志社山手"}],"0362":[{"pref":"京都府","city":"京田辺市","town":"東"}],"0322":[{"pref":"京都府","city":"京田辺市","town":"普賢寺"}],"0342":[{"pref":"京都府","city":"京田辺市","town":"松井"}],"0353":[{"pref":"京都府","city":"京田辺市","town":"松井ケ丘"}],"0323":[{"pref":"京都府","city":"京田辺市","town":"水取"}],"0314":[{"pref":"京都府","city":"京田辺市","town":"宮津"}],"0313":[{"pref":"京都府","city":"京田辺市","town":"三山木"}],"0356":[{"pref":"京都府","city":"京田辺市","town":"山手中央"}],"0357":[{"pref":"京都府","city":"京田辺市","town":"山手東"}],"0355":[{"pref":"京都府","city":"京田辺市","town":"山手西"}],"0354":[{"pref":"京都府","city":"京田辺市","town":"山手南"}],"0302":[{"pref":"京都府","city":"綴喜郡井手町","town":"井手"}],"0301":[{"pref":"京都府","city":"綴喜郡井手町","town":"多賀"}],"0303":[{"pref":"京都府","city":"綴喜郡井手町","town":"田村新田"}],"0200":[{"pref":"京都府","city":"綴喜郡宇治田原町","town":"以下に掲載がない場合"}],"0252":[{"pref":"京都府","city":"綴喜郡宇治田原町","town":"荒木"}],"0261":[{"pref":"京都府","city":"綴喜郡宇治田原町","town":"岩山"}],"0211":[{"pref":"京都府","city":"綴喜郡宇治田原町","town":"奥山田"}],"0251":[{"pref":"京都府","city":"綴喜郡宇治田原町","town":"高尾"}],"0255":[{"pref":"京都府","city":"綴喜郡宇治田原町","town":"郷之口"}],"0201":[{"pref":"京都府","city":"綴喜郡宇治田原町","town":"禅定寺"}],"0231":[{"pref":"京都府","city":"綴喜郡宇治田原町","town":"立川"}],"0253":[{"pref":"京都府","city":"綴喜郡宇治田原町","town":"贄田"}],"0241":[{"pref":"京都府","city":"綴喜郡宇治田原町","town":"南"}],"0254":[{"pref":"京都府","city":"綴喜郡宇治田原町","town":"銘城台"}],"0221":[{"pref":"京都府","city":"綴喜郡宇治田原町","town":"湯屋谷"}],"0202":[{"pref":"京都府","city":"綴喜郡宇治田原町","town":"緑苑坂"}]}