{"0000":[{"pref":"栃木県","city":"那須塩原市","town":"以下に掲載がない場合"}],"0103":[{"pref":"栃木県","city":"那須塩原市","town":"青木"}],"0073":[{"pref":"栃木県","city":"那須塩原市","town":"阿波町"}],"0021":[{"pref":"栃木県","city":"那須塩原市","town":"安藤町"}],"0111":[{"pref":"栃木県","city":"那須塩原市","town":"板室"}],"0075":[{"pref":"栃木県","city":"那須塩原市","town":"春日町"}],"0104":[{"pref":"栃木県","city":"那須塩原市","town":"鹿野崎新田"}],"0026":[{"pref":"栃木県","city":"那須塩原市","town":"上厚崎"}],"0102":[{"pref":"栃木県","city":"那須塩原市","town":"亀山"}],"0039":[{"pref":"栃木県","city":"那須塩原市","town":"北栄町"}],"0027":[{"pref":"栃木県","city":"那須塩原市","town":"共墾社"}],"0067":[{"pref":"栃木県","city":"那須塩原市","town":"清住町"}],"0116":[{"pref":"栃木県","city":"那須塩原市","town":"木綿畑"}],"0017":[{"pref":"栃木県","city":"那須塩原市","town":"黒磯"}],"0057":[{"pref":"栃木県","city":"那須塩原市","town":"黒磯幸町"}],"0012":[{"pref":"栃木県","city":"那須塩原市","town":"越堀"}],"0035":[{"pref":"栃木県","city":"那須塩原市","town":"小結"}],"0048":[{"pref":"栃木県","city":"那須塩原市","town":"材木町"}],"0033":[{"pref":"栃木県","city":"那須塩原市","town":"埼玉"}],"0042":[{"pref":"栃木県","city":"那須塩原市","town":"桜町"}],"0118":[{"pref":"栃木県","city":"那須塩原市","town":"鴫内"}],"0025":[{"pref":"栃木県","city":"那須塩原市","town":"下厚崎"}],"0054":[{"pref":"栃木県","city":"那須塩原市","town":"新朝日"}],"0071":[{"pref":"栃木県","city":"那須塩原市","town":"新町"}],"0066":[{"pref":"栃木県","city":"那須塩原市","town":"新緑町"}],"0061":[{"pref":"栃木県","city":"那須塩原市","town":"末広町"}],"0062":[{"pref":"栃木県","city":"那須塩原市","town":"住吉町"}],"0046":[{"pref":"栃木県","city":"那須塩原市","town":"大黒町"}],"0045":[{"pref":"栃木県","city":"那須塩原市","town":"高砂町"}],"0107":[{"pref":"栃木県","city":"那須塩原市","town":"高林"}],"0052":[{"pref":"栃木県","city":"那須塩原市","town":"中央町"}],"0011":[{"pref":"栃木県","city":"那須塩原市","town":"寺子"}],"0016":[{"pref":"栃木県","city":"那須塩原市","town":"東栄"}],"0106":[{"pref":"栃木県","city":"那須塩原市","town":"洞島"}],"0114":[{"pref":"栃木県","city":"那須塩原市","town":"戸田"}],"0023":[{"pref":"栃木県","city":"那須塩原市","town":"豊浦"}],"0038":[{"pref":"栃木県","city":"那須塩原市","town":"豊浦北町"}],"0064":[{"pref":"栃木県","city":"那須塩原市","town":"豊浦町"}],"0063":[{"pref":"栃木県","city":"那須塩原市","town":"豊浦中町"}],"0065":[{"pref":"栃木県","city":"那須塩原市","town":"豊浦南町"}],"0072":[{"pref":"栃木県","city":"那須塩原市","town":"豊住町"}],"0036":[{"pref":"栃木県","city":"那須塩原市","town":"鳥野目"}],"0013":[{"pref":"栃木県","city":"那須塩原市","town":"鍋掛"}],"0031":[{"pref":"栃木県","city":"那須塩原市","town":"並木町"}],"0101":[{"pref":"栃木県","city":"那須塩原市","town":"西岩崎"}],"0058":[{"pref":"栃木県","city":"那須塩原市","town":"錦町"}],"0076":[{"pref":"栃木県","city":"那須塩原市","town":"西新町"}],"0014":[{"pref":"栃木県","city":"那須塩原市","town":"野間"}],"0043":[{"pref":"栃木県","city":"那須塩原市","town":"橋本町"}],"0015":[{"pref":"栃木県","city":"那須塩原市","town":"原町"}],"0022":[{"pref":"栃木県","city":"那須塩原市","town":"東豊浦"}],"0034":[{"pref":"栃木県","city":"那須塩原市","town":"東原"}],"0041":[{"pref":"栃木県","city":"那須塩原市","town":"東大和町"}],"0113":[{"pref":"栃木県","city":"那須塩原市","town":"細竹"}],"0053":[{"pref":"栃木県","city":"那須塩原市","town":"本郷町"}],"0056":[{"pref":"栃木県","city":"那須塩原市","town":"本町"}],"0074":[{"pref":"栃木県","city":"那須塩原市","town":"松浦町"}],"0105":[{"pref":"栃木県","city":"那須塩原市","town":"箕輪"}],"0037":[{"pref":"栃木県","city":"那須塩原市","town":"美原町"}],"0055":[{"pref":"栃木県","city":"那須塩原市","town":"宮町"}],"0115":[{"pref":"栃木県","city":"那須塩原市","town":"百村"}],"0108":[{"pref":"栃木県","city":"那須塩原市","town":"箭坪"}],"0044":[{"pref":"栃木県","city":"那須塩原市","town":"弥生町"}],"0112":[{"pref":"栃木県","city":"那須塩原市","town":"油井"}],"0117":[{"pref":"栃木県","city":"那須塩原市","town":"湯宮"}],"0051":[{"pref":"栃木県","city":"那須塩原市","town":"豊町"}],"0032":[{"pref":"栃木県","city":"那須塩原市","town":"若草町"}],"0047":[{"pref":"栃木県","city":"那須塩原市","town":"若葉町"}],"0024":[{"pref":"栃木県","city":"那須塩原市","town":"渡辺"}],"0304":[{"pref":"栃木県","city":"那須郡那須町","town":"高久甲（２８８８、４５９５、５２３５～６０１９、６０２１～６１１２、"},{"pref":"栃木県","city":"那須郡那須町","town":"６１１４～６１４１、６３２８、６４３７、６４３８）"}],"0001":[{"pref":"栃木県","city":"那須郡那須町","town":"高久甲（その他）"}],"0303":[{"pref":"栃木県","city":"那須郡那須町","town":"高久乙"}],"0002":[{"pref":"栃木県","city":"那須郡那須町","town":"高久丙（穂積、山梨子）"}],"0302":[{"pref":"栃木県","city":"那須郡那須町","town":"高久丙（その他）"}],"0003":[{"pref":"栃木県","city":"那須郡那須町","town":"寺子乙（７２０番地）"}],"0301":[{"pref":"栃木県","city":"那須郡那須町","town":"湯本"}]}