{"0000":[{"pref":"大阪府","city":"富田林市","town":"以下に掲載がない場合"}],"0076":[{"pref":"大阪府","city":"富田林市","town":"青葉丘"}],"0006":[{"pref":"大阪府","city":"富田林市","town":"旭ケ丘町"}],"0012":[{"pref":"大阪府","city":"富田林市","town":"粟ケ池町"}],"0001":[{"pref":"大阪府","city":"富田林市","town":"梅の里"}],"0056":[{"pref":"大阪府","city":"富田林市","town":"嬉"}],"0095":[{"pref":"大阪府","city":"富田林市","town":"毛人谷"}],"0058":[{"pref":"大阪府","city":"富田林市","town":"彼方"}],"0040":[{"pref":"大阪府","city":"富田林市","town":"かがり台"}],"0078":[{"pref":"大阪府","city":"富田林市","town":"加太"}],"0014":[{"pref":"大阪府","city":"富田林市","town":"川面町"}],"0049":[{"pref":"大阪府","city":"富田林市","town":"川向町"}],"0054":[{"pref":"大阪府","city":"富田林市","town":"甘南備"}],"0008":[{"pref":"大阪府","city":"富田林市","town":"喜志"}],"0003":[{"pref":"大阪府","city":"富田林市","town":"喜志新家町"}],"0005":[{"pref":"大阪府","city":"富田林市","town":"喜志町"}],"0042":[{"pref":"大阪府","city":"富田林市","town":"北大伴町"}],"0004":[{"pref":"大阪府","city":"富田林市","town":"木戸山町"}],"0041":[{"pref":"大阪府","city":"富田林市","town":"楠町"}],"0074":[{"pref":"大阪府","city":"富田林市","town":"久野喜台"}],"0036":[{"pref":"大阪府","city":"富田林市","town":"甲田"}],"0082":[{"pref":"大阪府","city":"富田林市","town":"向陽台"}],"0083":[{"pref":"大阪府","city":"富田林市","town":"小金台"}],"0079":[{"pref":"大阪府","city":"富田林市","town":"五軒家"}],"0031":[{"pref":"大阪府","city":"富田林市","town":"寿町"}],"0070":[{"pref":"大阪府","city":"富田林市","town":"金剛錦織台"}],"0065":[{"pref":"大阪府","city":"富田林市","town":"金剛伏山台"}],"0015":[{"pref":"大阪府","city":"富田林市","town":"西条町"}],"0013":[{"pref":"大阪府","city":"富田林市","town":"桜井町"}],"0084":[{"pref":"大阪府","city":"富田林市","town":"桜ケ丘町"}],"0052":[{"pref":"大阪府","city":"富田林市","town":"佐備"}],"0034":[{"pref":"大阪府","city":"富田林市","town":"清水町"}],"0092":[{"pref":"大阪府","city":"富田林市","town":"昭和町"}],"0077":[{"pref":"大阪府","city":"富田林市","town":"新青葉丘町"}],"0085":[{"pref":"大阪府","city":"富田林市","town":"新家"}],"0091":[{"pref":"大阪府","city":"富田林市","town":"新堂"}],"0062":[{"pref":"大阪府","city":"富田林市","town":"須賀"}],"0072":[{"pref":"大阪府","city":"富田林市","town":"高辺台"}],"0035":[{"pref":"大阪府","city":"富田林市","town":"谷川町"}],"0016":[{"pref":"大阪府","city":"富田林市","town":"通法寺町"}],"0081":[{"pref":"大阪府","city":"富田林市","town":"廿山"}],"0086":[{"pref":"大阪府","city":"富田林市","town":"津々山台"}],"0073":[{"pref":"大阪府","city":"富田林市","town":"寺池台"}],"0032":[{"pref":"大阪府","city":"富田林市","town":"常盤町"}],"0033":[{"pref":"大阪府","city":"富田林市","town":"富田林町"}],"0027":[{"pref":"大阪府","city":"富田林市","town":"中野"}],"0021":[{"pref":"大阪府","city":"富田林市","town":"中野町"}],"0022":[{"pref":"大阪府","city":"富田林市","town":"中野町東"}],"0028":[{"pref":"大阪府","city":"富田林市","town":"中野町西"}],"0051":[{"pref":"大阪府","city":"富田林市","town":"楠風台"}],"0048":[{"pref":"大阪府","city":"富田林市","town":"西板持町"}],"0063":[{"pref":"大阪府","city":"富田林市","town":"錦織"}],"0066":[{"pref":"大阪府","city":"富田林市","town":"錦織北"}],"0068":[{"pref":"大阪府","city":"富田林市","town":"錦織中"}],"0069":[{"pref":"大阪府","city":"富田林市","town":"錦織東"}],"0067":[{"pref":"大阪府","city":"富田林市","town":"錦織南"}],"0038":[{"pref":"大阪府","city":"富田林市","town":"錦ケ丘町"}],"0046":[{"pref":"大阪府","city":"富田林市","town":"東板持町"}],"0002":[{"pref":"大阪府","city":"富田林市","town":"平町"}],"0055":[{"pref":"大阪府","city":"富田林市","town":"伏見堂"}],"0061":[{"pref":"大阪府","city":"富田林市","town":"伏山"}],"0071":[{"pref":"大阪府","city":"富田林市","town":"藤沢台"}],"0064":[{"pref":"大阪府","city":"富田林市","town":"不動ケ丘町"}],"0094":[{"pref":"大阪府","city":"富田林市","town":"富美ケ丘町"}],"0044":[{"pref":"大阪府","city":"富田林市","town":"別井"}],"0093":[{"pref":"大阪府","city":"富田林市","town":"本町"}],"0026":[{"pref":"大阪府","city":"富田林市","town":"緑ケ丘町"}],"0007":[{"pref":"大阪府","city":"富田林市","town":"南旭ケ丘町"}],"0043":[{"pref":"大阪府","city":"富田林市","town":"南大伴町"}],"0037":[{"pref":"大阪府","city":"富田林市","town":"宮甲田町"}],"0011":[{"pref":"大阪府","city":"富田林市","town":"宮町"}],"0039":[{"pref":"大阪府","city":"富田林市","town":"美山台"}],"0045":[{"pref":"大阪府","city":"富田林市","town":"山中田町"}],"0047":[{"pref":"大阪府","city":"富田林市","town":"山手町"}],"0057":[{"pref":"大阪府","city":"富田林市","town":"横山"}],"0053":[{"pref":"大阪府","city":"富田林市","town":"龍泉"}],"0024":[{"pref":"大阪府","city":"富田林市","town":"若松町"}],"0023":[{"pref":"大阪府","city":"富田林市","town":"若松町東"}],"0025":[{"pref":"大阪府","city":"富田林市","town":"若松町西"}]}