{"0000":[{"pref":"島根県","city":"出雲市","town":"以下に掲載がない場合"}],"0213":[{"pref":"島根県","city":"出雲市","town":"朝山町"}],"0035":[{"pref":"島根県","city":"出雲市","town":"芦渡町"}],"0044":[{"pref":"島根県","city":"出雲市","town":"荒茅町"}],"0027":[{"pref":"島根県","city":"出雲市","town":"医大南町"}],"0071":[{"pref":"島根県","city":"出雲市","town":"稲岡町"}],"0001":[{"pref":"島根県","city":"出雲市","town":"今市町"}],"0002":[{"pref":"島根県","city":"出雲市","town":"今市町北本町"}],"0003":[{"pref":"島根県","city":"出雲市","town":"今市町南本町"}],"0105":[{"pref":"島根県","city":"出雲市","town":"宇那手町"}],"0007":[{"pref":"島根県","city":"出雲市","town":"駅北町"}],"0008":[{"pref":"島根県","city":"出雲市","town":"駅南町"}],"0017":[{"pref":"島根県","city":"出雲市","town":"枝大津町"}],"0056":[{"pref":"島根県","city":"出雲市","town":"江田町"}],"0023":[{"pref":"島根県","city":"出雲市","town":"塩冶有原町"}],"0024":[{"pref":"島根県","city":"出雲市","town":"塩冶神前"}],"0028":[{"pref":"島根県","city":"出雲市","town":"塩冶善行町"}],"0021":[{"pref":"島根県","city":"出雲市","town":"塩冶町"}],"0025":[{"pref":"島根県","city":"出雲市","town":"塩冶町南町"}],"0026":[{"pref":"島根県","city":"出雲市","town":"塩冶原町"}],"0015":[{"pref":"島根県","city":"出雲市","town":"大津朝倉"}],"0063":[{"pref":"島根県","city":"出雲市","town":"大塚町"}],"0012":[{"pref":"島根県","city":"出雲市","town":"大津新崎町"}],"0011":[{"pref":"島根県","city":"出雲市","town":"大津町"}],"0013":[{"pref":"島根県","city":"出雲市","town":"荻杼町"}],"0216":[{"pref":"島根県","city":"出雲市","town":"乙立町"}],"0051":[{"pref":"島根県","city":"出雲市","town":"小山町"}],"0022":[{"pref":"島根県","city":"出雲市","town":"上塩冶町"}],"0101":[{"pref":"島根県","city":"出雲市","town":"上島町"}],"0034":[{"pref":"島根県","city":"出雲市","town":"神門町"}],"0072":[{"pref":"島根県","city":"出雲市","town":"日下町"}],"0031":[{"pref":"島根県","city":"出雲市","town":"古志町"}],"0501":[{"pref":"島根県","city":"出雲市","town":"佐田町朝原"}],"0504":[{"pref":"島根県","city":"出雲市","town":"佐田町大呂"}],"0526":[{"pref":"島根県","city":"出雲市","town":"佐田町上橋波"}],"0521":[{"pref":"島根県","city":"出雲市","town":"佐田町毛津"}],"0523":[{"pref":"島根県","city":"出雲市","town":"佐田町佐津目"}],"0525":[{"pref":"島根県","city":"出雲市","town":"佐田町下橋波"}],"0503":[{"pref":"島根県","city":"出雲市","town":"佐田町須佐"}],"0524":[{"pref":"島根県","city":"出雲市","town":"佐田町高津屋"}],"0506":[{"pref":"島根県","city":"出雲市","town":"佐田町反辺"}],"0502":[{"pref":"島根県","city":"出雲市","town":"佐田町原田"}],"0512":[{"pref":"島根県","city":"出雲市","town":"佐田町東村"}],"0522":[{"pref":"島根県","city":"出雲市","town":"佐田町一窪田"}],"0511":[{"pref":"島根県","city":"出雲市","town":"佐田町八幡原"}],"0505":[{"pref":"島根県","city":"出雲市","town":"佐田町吉野"}],"0064":[{"pref":"島根県","city":"出雲市","town":"里方町"}],"0032":[{"pref":"島根県","city":"出雲市","town":"下古志町"}],"0046":[{"pref":"島根県","city":"出雲市","town":"下横町"}],"0006":[{"pref":"島根県","city":"出雲市","town":"白枝町"}],"0042":[{"pref":"島根県","city":"出雲市","town":"外園町"}],"0066":[{"pref":"島根県","city":"出雲市","town":"高岡町"}],"0053":[{"pref":"島根県","city":"出雲市","town":"高松町"}],"0014":[{"pref":"島根県","city":"出雲市","town":"武志町"}],"0033":[{"pref":"島根県","city":"出雲市","town":"知井宮町"}],"0029":[{"pref":"島根県","city":"出雲市","town":"築山新町"}],"0057":[{"pref":"島根県","city":"出雲市","town":"常松町"}],"0005":[{"pref":"島根県","city":"出雲市","town":"天神町"}],"0214":[{"pref":"島根県","city":"出雲市","town":"所原町"}],"0062":[{"pref":"島根県","city":"出雲市","town":"中野町"}],"0081":[{"pref":"島根県","city":"出雲市","town":"中野美保北"}],"0082":[{"pref":"島根県","city":"出雲市","town":"中野美保南"}],"0043":[{"pref":"島根県","city":"出雲市","town":"長浜町"}],"0037":[{"pref":"島根県","city":"出雲市","town":"西新町"}],"0041":[{"pref":"島根県","city":"出雲市","town":"西園町"}],"0102":[{"pref":"島根県","city":"出雲市","town":"西谷町"}],"0073":[{"pref":"島根県","city":"出雲市","town":"西林木町"}],"0103":[{"pref":"島根県","city":"出雲市","town":"野尻町"}],"0054":[{"pref":"島根県","city":"出雲市","town":"浜町"}],"0104":[{"pref":"島根県","city":"出雲市","town":"稗原町"}],"0045":[{"pref":"島根県","city":"出雲市","town":"東園町"}],"0074":[{"pref":"島根県","city":"出雲市","town":"東林木町"}],"0068":[{"pref":"島根県","city":"出雲市","town":"姫原（１～４丁目）"}],"0061":[{"pref":"島根県","city":"出雲市","town":"姫原町"}],"0065":[{"pref":"島根県","city":"出雲市","town":"平野町"}],"0106":[{"pref":"島根県","city":"出雲市","town":"船津町"}],"0036":[{"pref":"島根県","city":"出雲市","town":"平成町"}],"0211":[{"pref":"島根県","city":"出雲市","town":"馬木北町"}],"0212":[{"pref":"島根県","city":"出雲市","town":"馬木町"}],"0052":[{"pref":"島根県","city":"出雲市","town":"松寄下町"}],"0215":[{"pref":"島根県","city":"出雲市","town":"見々久町"}],"0055":[{"pref":"島根県","city":"出雲市","town":"八島町"}],"0058":[{"pref":"島根県","city":"出雲市","town":"矢野町"}],"0067":[{"pref":"島根県","city":"出雲市","town":"矢尾町"}],"0004":[{"pref":"島根県","city":"出雲市","town":"渡橋町"}]}