{"0000":[{"pref":"広島県","city":"広島市西区","town":"以下に掲載がない場合"}],"0845":[{"pref":"広島県","city":"広島市西区","town":"井口町"}],"0842":[{"pref":"広島県","city":"広島市西区","town":"井口"}],"0843":[{"pref":"広島県","city":"広島市西区","town":"井口鈴が台"}],"0841":[{"pref":"広島県","city":"広島市西区","town":"井口明神"}],"0844":[{"pref":"広島県","city":"広島市西区","town":"井口台"}],"0004":[{"pref":"広島県","city":"広島市西区","town":"打越町"}],"0831":[{"pref":"広島県","city":"広島市西区","town":"扇"}],"0001":[{"pref":"広島県","city":"広島市西区","town":"大芝"}],"0007":[{"pref":"広島県","city":"広島市西区","town":"大宮"}],"0025":[{"pref":"広島県","city":"広島市西区","town":"小河内町"}],"0021":[{"pref":"広島県","city":"広島市西区","town":"上天満町"}],"0036":[{"pref":"広島県","city":"広島市西区","town":"観音新町"}],"0033":[{"pref":"広島県","city":"広島市西区","town":"観音本町"}],"0031":[{"pref":"広島県","city":"広島市西区","town":"観音町"}],"0864":[{"pref":"広島県","city":"広島市西区","town":"草津梅が台"}],"0834":[{"pref":"広島県","city":"広島市西区","town":"草津新町"}],"0862":[{"pref":"広島県","city":"広島市西区","town":"草津浜町"}],"0865":[{"pref":"広島県","city":"広島市西区","town":"草津本町"}],"0861":[{"pref":"広島県","city":"広島市西区","town":"草津東"}],"0863":[{"pref":"広島県","city":"広島市西区","town":"草津南"}],"0832":[{"pref":"広島県","city":"広島市西区","town":"草津港"}],"0002":[{"pref":"広島県","city":"広島市西区","town":"楠木町"}],"0815":[{"pref":"広島県","city":"広島市西区","town":"己斐上"}],"0816":[{"pref":"広島県","city":"広島市西区","town":"己斐大迫"}],"0813":[{"pref":"広島県","city":"広島市西区","town":"己斐中"}],"0814":[{"pref":"広島県","city":"広島市西区","town":"己斐西町"}],"0812":[{"pref":"広島県","city":"広島市西区","town":"己斐本町"}],"0811":[{"pref":"広島県","city":"広島市西区","town":"己斐東"}],"0822":[{"pref":"広島県","city":"広島市西区","town":"庚午中"}],"0823":[{"pref":"広島県","city":"広島市西区","town":"庚午南"}],"0821":[{"pref":"広島県","city":"広島市西区","town":"庚午北"}],"0833":[{"pref":"広島県","city":"広島市西区","town":"商工センター"}],"0801":[{"pref":"広島県","city":"広島市西区","town":"新庄町"}],"0852":[{"pref":"広島県","city":"広島市西区","town":"鈴が峰町"}],"0871":[{"pref":"広島県","city":"広島市西区","town":"高須"}],"0876":[{"pref":"広島県","city":"広島市西区","town":"高須台"}],"0851":[{"pref":"広島県","city":"広島市西区","town":"田方"}],"0022":[{"pref":"広島県","city":"広島市西区","town":"天満町"}],"0012":[{"pref":"広島県","city":"広島市西区","town":"中広町"}],"0037":[{"pref":"広島県","city":"広島市西区","town":"西観音町"}],"0032":[{"pref":"広島県","city":"広島市西区","town":"東観音町"}],"0024":[{"pref":"広島県","city":"広島市西区","town":"福島町"}],"0875":[{"pref":"広島県","city":"広島市西区","town":"古江上"}],"0873":[{"pref":"広島県","city":"広島市西区","town":"古江新町"}],"0872":[{"pref":"広島県","city":"広島市西区","town":"古江東町"}],"0874":[{"pref":"広島県","city":"広島市西区","town":"古江西町"}],"0877":[{"pref":"広島県","city":"広島市西区","town":"古田台"}],"0006":[{"pref":"広島県","city":"広島市西区","town":"三篠北町"}],"0003":[{"pref":"広島県","city":"広島市西区","town":"三篠町"}],"0802":[{"pref":"広島県","city":"広島市西区","town":"三滝本町"}],"0005":[{"pref":"広島県","city":"広島市西区","town":"三滝町"}],"0805":[{"pref":"広島県","city":"広島市西区","town":"三滝山"}],"0035":[{"pref":"広島県","city":"広島市西区","town":"南観音"}],"0034":[{"pref":"広島県","city":"広島市西区","town":"南観音町"}],"0023":[{"pref":"広島県","city":"広島市西区","town":"都町"}],"0853":[{"pref":"広島県","city":"広島市西区","town":"山田新町"}],"0854":[{"pref":"広島県","city":"広島市西区","town":"山田町"}],"0804":[{"pref":"広島県","city":"広島市西区","town":"山手町"}],"0013":[{"pref":"広島県","city":"広島市西区","town":"横川新町"}],"0011":[{"pref":"広島県","city":"広島市西区","town":"横川町"}],"0803":[{"pref":"広島県","city":"広島市西区","town":"竜王町"}]}