{"0000":[{"pref":"大阪府","city":"羽曳野市","town":"以下に掲載がない場合"},{"pref":"大阪府","city":"藤井寺市","town":"以下に掲載がない場合"},{"pref":"大阪府","city":"南河内郡太子町","town":"以下に掲載がない場合"}],"0842":[{"pref":"大阪府","city":"羽曳野市","town":"飛鳥"}],"0876":[{"pref":"大阪府","city":"羽曳野市","town":"伊賀"}],"0851":[{"pref":"大阪府","city":"羽曳野市","town":"碓井"}],"0886":[{"pref":"大阪府","city":"羽曳野市","town":"恵我之荘"}],"0847":[{"pref":"大阪府","city":"羽曳野市","town":"大黒"}],"0868":[{"pref":"大阪府","city":"羽曳野市","town":"学園前"}],"0875":[{"pref":"大阪府","city":"羽曳野市","town":"樫山"}],"0854":[{"pref":"大阪府","city":"羽曳野市","town":"軽里"}],"0867":[{"pref":"大阪府","city":"羽曳野市","town":"河原城"}],"0848":[{"pref":"大阪府","city":"羽曳野市","town":"川向"}],"0863":[{"pref":"大阪府","city":"羽曳野市","town":"蔵之内"}],"0874":[{"pref":"大阪府","city":"羽曳野市","town":"郡戸"}],"0841":[{"pref":"大阪府","city":"羽曳野市","town":"駒ケ谷"}],"0857":[{"pref":"大阪府","city":"羽曳野市","town":"誉田"}],"0853":[{"pref":"大阪府","city":"羽曳野市","town":"栄町"}],"0881":[{"pref":"大阪府","city":"羽曳野市","town":"島泉"}],"0862":[{"pref":"大阪府","city":"羽曳野市","town":"尺度"}],"0855":[{"pref":"大阪府","city":"羽曳野市","town":"翠鳥園"}],"0882":[{"pref":"大阪府","city":"羽曳野市","town":"高鷲"}],"0843":[{"pref":"大阪府","city":"羽曳野市","town":"通法寺"}],"0844":[{"pref":"大阪府","city":"羽曳野市","town":"壺井"}],"0861":[{"pref":"大阪府","city":"羽曳野市","town":"西浦"}],"0884":[{"pref":"大阪府","city":"羽曳野市","town":"野"}],"0871":[{"pref":"大阪府","city":"羽曳野市","town":"野々上"}],"0856":[{"pref":"大阪府","city":"羽曳野市","town":"白鳥"}],"0866":[{"pref":"大阪府","city":"羽曳野市","town":"埴生野"}],"0864":[{"pref":"大阪府","city":"羽曳野市","town":"羽曳が丘"}],"0865":[{"pref":"大阪府","city":"羽曳野市","town":"羽曳が丘西"}],"0872":[{"pref":"大阪府","city":"羽曳野市","town":"はびきの"}],"0846":[{"pref":"大阪府","city":"羽曳野市","town":"東阪田"}],"0845":[{"pref":"大阪府","city":"羽曳野市","town":"広瀬"}],"0852":[{"pref":"大阪府","city":"羽曳野市","town":"古市"}],"0885":[{"pref":"大阪府","city":"羽曳野市","town":"南恵我之荘"}],"0858":[{"pref":"大阪府","city":"羽曳野市","town":"南古市"}],"0883":[{"pref":"大阪府","city":"羽曳野市","town":"向野"}],"0873":[{"pref":"大阪府","city":"羽曳野市","town":"桃山台"}],"0015":[{"pref":"大阪府","city":"藤井寺市","town":"青山"}],"0004":[{"pref":"大阪府","city":"藤井寺市","town":"梅が園町"}],"0036":[{"pref":"大阪府","city":"藤井寺市","town":"恵美坂"}],"0008":[{"pref":"大阪府","city":"藤井寺市","town":"大井"}],"0027":[{"pref":"大阪府","city":"藤井寺市","town":"岡"}],"0026":[{"pref":"大阪府","city":"藤井寺市","town":"春日丘"}],"0025":[{"pref":"大阪府","city":"藤井寺市","town":"春日丘新町"}],"0001":[{"pref":"大阪府","city":"藤井寺市","town":"川北"}],"0035":[{"pref":"大阪府","city":"藤井寺市","town":"北岡"}],"0006":[{"pref":"大阪府","city":"藤井寺市","town":"国府"}],"0013":[{"pref":"大阪府","city":"藤井寺市","town":"古室"}],"0033":[{"pref":"大阪府","city":"藤井寺市","town":"小山"}],"0031":[{"pref":"大阪府","city":"藤井寺市","town":"小山新町"}],"0034":[{"pref":"大阪府","city":"藤井寺市","town":"小山藤の里町"}],"0032":[{"pref":"大阪府","city":"藤井寺市","town":"小山藤美町"}],"0023":[{"pref":"大阪府","city":"藤井寺市","town":"さくら町"}],"0011":[{"pref":"大阪府","city":"藤井寺市","town":"沢田"}],"0005":[{"pref":"大阪府","city":"藤井寺市","town":"惣社"}],"0037":[{"pref":"大阪府","city":"藤井寺市","town":"津堂"}],"0012":[{"pref":"大阪府","city":"藤井寺市","town":"道明寺"}],"0009":[{"pref":"大阪府","city":"藤井寺市","town":"西大井"}],"0018":[{"pref":"大阪府","city":"藤井寺市","town":"西古室"}],"0014":[{"pref":"大阪府","city":"藤井寺市","town":"野中"}],"0007":[{"pref":"大阪府","city":"藤井寺市","town":"林"}],"0022":[{"pref":"大阪府","city":"藤井寺市","town":"東藤井寺町"}],"0024":[{"pref":"大阪府","city":"藤井寺市","town":"藤井寺"}],"0017":[{"pref":"大阪府","city":"藤井寺市","town":"藤ケ丘"}],"0003":[{"pref":"大阪府","city":"藤井寺市","town":"船橋町"}],"0002":[{"pref":"大阪府","city":"藤井寺市","town":"北條町"}],"0021":[{"pref":"大阪府","city":"藤井寺市","town":"御舟町"}],"0016":[{"pref":"大阪府","city":"藤井寺市","town":"陵南町"}],"0991":[{"pref":"大阪府","city":"南河内郡太子町","town":"春日"}],"0996":[{"pref":"大阪府","city":"南河内郡太子町","town":"聖和台"}],"0995":[{"pref":"大阪府","city":"南河内郡太子町","town":"太子"}],"0993":[{"pref":"大阪府","city":"南河内郡太子町","town":"畑"}],"0994":[{"pref":"大阪府","city":"南河内郡太子町","town":"葉室"}],"0992":[{"pref":"大阪府","city":"南河内郡太子町","town":"山田"}]}