{"1100":[{"pref":"沖縄県","city":"島尻郡南風原町","town":"以下に掲載がない場合"}],"1101":[{"pref":"沖縄県","city":"島尻郡南風原町","town":"大名"}],"1102":[{"pref":"沖縄県","city":"島尻郡南風原町","town":"宮城"}],"1103":[{"pref":"沖縄県","city":"島尻郡南風原町","town":"与那覇"}],"1104":[{"pref":"沖縄県","city":"島尻郡南風原町","town":"宮平"}],"1105":[{"pref":"沖縄県","city":"島尻郡南風原町","town":"新川"}],"1111":[{"pref":"沖縄県","city":"島尻郡南風原町","town":"兼城"}],"1112":[{"pref":"沖縄県","city":"島尻郡南風原町","town":"本部"}],"1113":[{"pref":"沖縄県","city":"島尻郡南風原町","town":"喜屋武"}],"1114":[{"pref":"沖縄県","city":"島尻郡南風原町","town":"神里"}],"1115":[{"pref":"沖縄県","city":"島尻郡南風原町","town":"山川"}],"1116":[{"pref":"沖縄県","city":"島尻郡南風原町","town":"照屋"}],"1117":[{"pref":"沖縄県","city":"島尻郡南風原町","town":"津嘉山"}],"1201":[{"pref":"沖縄県","city":"南城市","town":"大里嶺井"}],"1202":[{"pref":"沖縄県","city":"南城市","town":"大里大里"}],"1203":[{"pref":"沖縄県","city":"南城市","town":"大里大城"}],"1204":[{"pref":"沖縄県","city":"南城市","town":"大里稲嶺"}],"1205":[{"pref":"沖縄県","city":"南城市","town":"大里高平"}],"1206":[{"pref":"沖縄県","city":"南城市","town":"大里仲間"}],"1207":[{"pref":"沖縄県","city":"南城市","town":"大里古堅"}],"1208":[{"pref":"沖縄県","city":"南城市","town":"大里平良"}],"1300":[{"pref":"沖縄県","city":"島尻郡与那原町","town":"以下に掲載がない場合"}],"1301":[{"pref":"沖縄県","city":"島尻郡与那原町","town":"板良敷"}],"1302":[{"pref":"沖縄県","city":"島尻郡与那原町","town":"上与那原"}],"1303":[{"pref":"沖縄県","city":"島尻郡与那原町","town":"与那原"}],"1304":[{"pref":"沖縄県","city":"島尻郡与那原町","town":"東浜"}],"1400":[{"pref":"沖縄県","city":"南城市","town":"以下に掲載がない場合"}],"1401":[{"pref":"沖縄県","city":"南城市","town":"佐敷伊原"}],"1402":[{"pref":"沖縄県","city":"南城市","town":"佐敷手登根"}],"1403":[{"pref":"沖縄県","city":"南城市","town":"佐敷佐敷"}],"1404":[{"pref":"沖縄県","city":"南城市","town":"佐敷冨祖崎"}],"1405":[{"pref":"沖縄県","city":"南城市","town":"佐敷仲伊保"}],"1406":[{"pref":"沖縄県","city":"南城市","town":"佐敷屋比久"}],"1407":[{"pref":"沖縄県","city":"南城市","town":"つきしろ"}],"1411":[{"pref":"沖縄県","city":"南城市","town":"佐敷兼久"}],"1412":[{"pref":"沖縄県","city":"南城市","town":"佐敷新里"}],"1413":[{"pref":"沖縄県","city":"南城市","town":"佐敷小谷"}],"1414":[{"pref":"沖縄県","city":"南城市","town":"佐敷津波古"}],"1415":[{"pref":"沖縄県","city":"南城市","town":"佐敷新開"}],"1501":[{"pref":"沖縄県","city":"南城市","town":"知念久高"}],"1502":[{"pref":"沖縄県","city":"南城市","town":"知念安座真"}],"1503":[{"pref":"沖縄県","city":"南城市","town":"知念知名"}],"1504":[{"pref":"沖縄県","city":"南城市","town":"知念海野"}],"1505":[{"pref":"沖縄県","city":"南城市","town":"知念久原"}],"1511":[{"pref":"沖縄県","city":"南城市","town":"知念久手堅"}],"1512":[{"pref":"沖縄県","city":"南城市","town":"知念吉富"}],"1513":[{"pref":"沖縄県","city":"南城市","town":"知念知念"}],"1514":[{"pref":"沖縄県","city":"南城市","town":"知念具志堅"}],"1515":[{"pref":"沖縄県","city":"南城市","town":"知念山里"}],"1516":[{"pref":"沖縄県","city":"南城市","town":"知念志喜屋"}],"2100":[{"pref":"沖縄県","city":"浦添市","town":"以下に掲載がない場合"}],"2101":[{"pref":"沖縄県","city":"浦添市","town":"西原"}],"2102":[{"pref":"沖縄県","city":"浦添市","town":"前田"}],"2103":[{"pref":"沖縄県","city":"浦添市","town":"仲間"}],"2104":[{"pref":"沖縄県","city":"浦添市","town":"当山"}],"2111":[{"pref":"沖縄県","city":"浦添市","town":"経塚"}],"2112":[{"pref":"沖縄県","city":"浦添市","town":"沢岻"}],"2113":[{"pref":"沖縄県","city":"浦添市","town":"大平"}],"2114":[{"pref":"沖縄県","city":"浦添市","town":"安波茶"}],"2121":[{"pref":"沖縄県","city":"浦添市","town":"内間"}],"2122":[{"pref":"沖縄県","city":"浦添市","town":"勢理客"}],"2123":[{"pref":"沖縄県","city":"浦添市","town":"西洲"}],"2124":[{"pref":"沖縄県","city":"浦添市","town":"小湾"}],"2125":[{"pref":"沖縄県","city":"浦添市","town":"仲西"}],"2126":[{"pref":"沖縄県","city":"浦添市","town":"宮城"}],"2127":[{"pref":"沖縄県","city":"浦添市","town":"屋富祖"}],"2128":[{"pref":"沖縄県","city":"浦添市","town":"伊奈武瀬"}],"2131":[{"pref":"沖縄県","city":"浦添市","town":"牧港"}],"2132":[{"pref":"沖縄県","city":"浦添市","town":"伊祖"}],"2133":[{"pref":"沖縄県","city":"浦添市","town":"城間"}],"2134":[{"pref":"沖縄県","city":"浦添市","town":"港川"}],"2200":[{"pref":"沖縄県","city":"宜野湾市","town":"以下に掲載がない場合"}],"2201":[{"pref":"沖縄県","city":"宜野湾市","town":"新城"}],"2202":[{"pref":"沖縄県","city":"宜野湾市","town":"普天間"}],"2203":[{"pref":"沖縄県","city":"宜野湾市","town":"野嵩"}],"2204":[{"pref":"沖縄県","city":"宜野湾市","town":"上原"}],"2205":[{"pref":"沖縄県","city":"宜野湾市","town":"赤道"}],"2206":[{"pref":"沖縄県","city":"宜野湾市","town":"愛知"}],"2207":[{"pref":"沖縄県","city":"宜野湾市","town":"神山"}],"2211":[{"pref":"沖縄県","city":"宜野湾市","town":"宜野湾"}],"2212":[{"pref":"沖縄県","city":"宜野湾市","town":"長田"}],"2213":[{"pref":"沖縄県","city":"宜野湾市","town":"志真志"}],"2214":[{"pref":"沖縄県","city":"宜野湾市","town":"我如古"}],"2215":[{"pref":"沖縄県","city":"宜野湾市","town":"真栄原"}],"2216":[{"pref":"沖縄県","city":"宜野湾市","town":"佐真下"}],"2221":[{"pref":"沖縄県","city":"宜野湾市","town":"伊佐"}],"2222":[{"pref":"沖縄県","city":"宜野湾市","town":"喜友名"}],"2223":[{"pref":"沖縄県","city":"宜野湾市","town":"大山"}],"2224":[{"pref":"沖縄県","city":"宜野湾市","town":"真志喜"}],"2225":[{"pref":"沖縄県","city":"宜野湾市","town":"大謝名"}],"2226":[{"pref":"沖縄県","city":"宜野湾市","town":"嘉数"}],"2227":[{"pref":"沖縄県","city":"宜野湾市","town":"宇地泊"}],"2300":[{"pref":"沖縄県","city":"中頭郡北中城村","town":"以下に掲載がない場合"}],"2301":[{"pref":"沖縄県","city":"中頭郡北中城村","town":"島袋"}],"2302":[{"pref":"沖縄県","city":"中頭郡北中城村","town":"渡口"}],"2303":[{"pref":"沖縄県","city":"中頭郡北中城村","town":"仲順"}],"2304":[{"pref":"沖縄県","city":"中頭郡北中城村","town":"屋宜原"}],"2305":[{"pref":"沖縄県","city":"中頭郡北中城村","town":"比嘉"}],"2306":[{"pref":"沖縄県","city":"中頭郡北中城村","town":"ライカム"}],"2311":[{"pref":"沖縄県","city":"中頭郡北中城村","town":"喜舎場"}],"2312":[{"pref":"沖縄県","city":"中頭郡北中城村","town":"和仁屋"}],"2313":[{"pref":"沖縄県","city":"中頭郡北中城村","town":"熱田"}],"2314":[{"pref":"沖縄県","city":"中頭郡北中城村","town":"大城"}],"2315":[{"pref":"沖縄県","city":"中頭郡北中城村","town":"荻道"}],"2316":[{"pref":"沖縄県","city":"中頭郡北中城村","town":"安谷屋"}],"2317":[{"pref":"沖縄県","city":"中頭郡北中城村","town":"瑞慶覧"}],"2321":[{"pref":"沖縄県","city":"中頭郡北中城村","town":"美崎"}],"2400":[{"pref":"沖縄県","city":"中頭郡中城村","town":"以下に掲載がない場合"}],"2401":[{"pref":"沖縄県","city":"中頭郡中城村","town":"久場"}],"2402":[{"pref":"沖縄県","city":"中頭郡中城村","town":"泊"}],"2403":[{"pref":"沖縄県","city":"中頭郡中城村","town":"伊舎堂"}],"2404":[{"pref":"沖縄県","city":"中頭郡中城村","town":"添石"}],"2405":[{"pref":"沖縄県","city":"中頭郡中城村","town":"屋宜"}],"2406":[{"pref":"沖縄県","city":"中頭郡中城村","town":"当間"}],"2407":[{"pref":"沖縄県","city":"中頭郡中城村","town":"安里"}],"2411":[{"pref":"沖縄県","city":"中頭郡中城村","town":"浜"}],"2412":[{"pref":"沖縄県","city":"中頭郡中城村","town":"奥間"}],"2413":[{"pref":"沖縄県","city":"中頭郡中城村","town":"津覇"}],"2414":[{"pref":"沖縄県","city":"中頭郡中城村","town":"北浜"}],"2415":[{"pref":"沖縄県","city":"中頭郡中城村","town":"南浜"}],"2416":[{"pref":"沖縄県","city":"中頭郡中城村","town":"和宇慶"}],"2417":[{"pref":"沖縄県","city":"中頭郡中城村","town":"伊集"}],"2421":[{"pref":"沖縄県","city":"中頭郡中城村","town":"登又"}],"2422":[{"pref":"沖縄県","city":"中頭郡中城村","town":"新垣"}],"2423":[{"pref":"沖縄県","city":"中頭郡中城村","town":"北上原"}],"2424":[{"pref":"沖縄県","city":"中頭郡中城村","town":"南上原"}],"3100":[{"pref":"沖縄県","city":"島尻郡久米島町","town":"以下に掲載がない場合"}],"3101":[{"pref":"沖縄県","city":"島尻郡久米島町","town":"宇江城"}],"3102":[{"pref":"沖縄県","city":"島尻郡久米島町","town":"比屋定"}],"3103":[{"pref":"沖縄県","city":"島尻郡久米島町","town":"阿嘉"}],"3104":[{"pref":"沖縄県","city":"島尻郡久米島町","town":"真謝"}],"3105":[{"pref":"沖縄県","city":"島尻郡久米島町","town":"宇根"}],"3106":[{"pref":"沖縄県","city":"島尻郡久米島町","town":"奥武"}],"3107":[{"pref":"沖縄県","city":"島尻郡久米島町","town":"謝名堂"}],"3108":[{"pref":"沖縄県","city":"島尻郡久米島町","town":"比嘉"}],"3111":[{"pref":"沖縄県","city":"島尻郡久米島町","town":"山城"}],"3112":[{"pref":"沖縄県","city":"島尻郡久米島町","town":"真我里"}],"3113":[{"pref":"沖縄県","city":"島尻郡久米島町","town":"銭田"}],"3114":[{"pref":"沖縄県","city":"島尻郡久米島町","town":"島尻"}],"3115":[{"pref":"沖縄県","city":"島尻郡久米島町","town":"儀間"}],"3121":[{"pref":"沖縄県","city":"島尻郡久米島町","town":"嘉手苅"}],"3122":[{"pref":"沖縄県","city":"島尻郡久米島町","town":"兼城"}],"3123":[{"pref":"沖縄県","city":"島尻郡久米島町","town":"大田"}],"3124":[{"pref":"沖縄県","city":"島尻郡久米島町","town":"仲泊"}],"3125":[{"pref":"沖縄県","city":"島尻郡久米島町","town":"鳥島"}],"3131":[{"pref":"沖縄県","city":"島尻郡久米島町","town":"西銘"}],"3132":[{"pref":"沖縄県","city":"島尻郡久米島町","town":"大原"}],"3133":[{"pref":"沖縄県","city":"島尻郡久米島町","town":"北原"}],"3134":[{"pref":"沖縄県","city":"島尻郡久米島町","town":"具志川"}],"3135":[{"pref":"沖縄県","city":"島尻郡久米島町","town":"仲村渠"}],"3136":[{"pref":"沖縄県","city":"島尻郡久米島町","town":"仲地"}],"3137":[{"pref":"沖縄県","city":"島尻郡久米島町","town":"山里"}],"3138":[{"pref":"沖縄県","city":"島尻郡久米島町","town":"上江洲"}],"3311":[{"pref":"沖縄県","city":"島尻郡座間味村","town":"阿嘉"}],"3312":[{"pref":"沖縄県","city":"島尻郡座間味村","town":"慶留間"}],"3400":[{"pref":"沖縄県","city":"島尻郡座間味村","town":"以下に掲載がない場合"}],"3401":[{"pref":"沖縄県","city":"島尻郡座間味村","town":"阿佐"}],"3402":[{"pref":"沖縄県","city":"島尻郡座間味村","town":"座間味"}],"3403":[{"pref":"沖縄県","city":"島尻郡座間味村","town":"阿真"}],"3500":[{"pref":"沖縄県","city":"島尻郡渡嘉敷村","town":"以下に掲載がない場合"}],"3501":[{"pref":"沖縄県","city":"島尻郡渡嘉敷村","town":"渡嘉敷"}],"3502":[{"pref":"沖縄県","city":"島尻郡渡嘉敷村","town":"阿波連"}],"3601":[{"pref":"沖縄県","city":"島尻郡渡名喜村","town":"渡名喜村一円"}],"3700":[{"pref":"沖縄県","city":"島尻郡粟国村","town":"以下に掲載がない場合"}],"3701":[{"pref":"沖縄県","city":"島尻郡粟国村","town":"浜"}],"3702":[{"pref":"沖縄県","city":"島尻郡粟国村","town":"東"}],"3703":[{"pref":"沖縄県","city":"島尻郡粟国村","town":"西"}],"3800":[{"pref":"沖縄県","city":"島尻郡南大東村","town":"以下に掲載がない場合"}],"3801":[{"pref":"沖縄県","city":"島尻郡南大東村","town":"北"}],"3802":[{"pref":"沖縄県","city":"島尻郡南大東村","town":"新東"}],"3803":[{"pref":"沖縄県","city":"島尻郡南大東村","town":"旧東"}],"3804":[{"pref":"沖縄県","city":"島尻郡南大東村","town":"南"}],"3805":[{"pref":"沖縄県","city":"島尻郡南大東村","town":"在所"}],"3806":[{"pref":"沖縄県","city":"島尻郡南大東村","town":"池之沢"}],"3900":[{"pref":"沖縄県","city":"島尻郡北大東村","town":"以下に掲載がない場合"}],"3901":[{"pref":"沖縄県","city":"島尻郡北大東村","town":"南"}],"3902":[{"pref":"沖縄県","city":"島尻郡北大東村","town":"中野"}],"3903":[{"pref":"沖縄県","city":"島尻郡北大東村","town":"港"}],"0154":[{"pref":"沖縄県","city":"那覇市","town":"赤嶺"}],"0143":[{"pref":"沖縄県","city":"那覇市","town":"安次嶺"}],"0153":[{"pref":"沖縄県","city":"那覇市","town":"宇栄原"}],"0148":[{"pref":"沖縄県","city":"那覇市","town":"大嶺"}],"0152":[{"pref":"沖縄県","city":"那覇市","town":"小禄"}],"0142":[{"pref":"沖縄県","city":"那覇市","town":"鏡水"}],"0155":[{"pref":"沖縄県","city":"那覇市","town":"金城"}],"0151":[{"pref":"沖縄県","city":"那覇市","town":"鏡原町"}],"0146":[{"pref":"沖縄県","city":"那覇市","town":"具志"}],"0141":[{"pref":"沖縄県","city":"那覇市","town":"住吉町"}],"0145":[{"pref":"沖縄県","city":"那覇市","town":"高良"}],"0156":[{"pref":"沖縄県","city":"那覇市","town":"田原"}],"0144":[{"pref":"沖縄県","city":"那覇市","town":"当間"}],"0147":[{"pref":"沖縄県","city":"那覇市","town":"宮城"}],"0300":[{"pref":"沖縄県","city":"糸満市","town":"以下に掲載がない場合"}],"0301":[{"pref":"沖縄県","city":"糸満市","town":"阿波根"}],"0323":[{"pref":"沖縄県","city":"糸満市","town":"新垣"}],"0363":[{"pref":"沖縄県","city":"糸満市","town":"伊敷"}],"0342":[{"pref":"沖縄県","city":"糸満市","town":"糸洲"}],"0361":[{"pref":"沖縄県","city":"糸満市","town":"糸満"}],"0344":[{"pref":"沖縄県","city":"糸満市","town":"伊原"}],"0332":[{"pref":"沖縄県","city":"糸満市","town":"宇江城"}],"0325":[{"pref":"沖縄県","city":"糸満市","town":"大里"}],"0334":[{"pref":"沖縄県","city":"糸満市","town":"大度"}],"0313":[{"pref":"沖縄県","city":"糸満市","town":"賀数"}],"0303":[{"pref":"沖縄県","city":"糸満市","town":"兼城"}],"0312":[{"pref":"沖縄県","city":"糸満市","town":"北波平"}],"0354":[{"pref":"沖縄県","city":"糸満市","town":"喜屋武"}],"0324":[{"pref":"沖縄県","city":"糸満市","town":"国吉"}],"0341":[{"pref":"沖縄県","city":"糸満市","town":"小波蔵"}],"0335":[{"pref":"沖縄県","city":"糸満市","town":"米須"}],"0314":[{"pref":"沖縄県","city":"糸満市","town":"座波"}],"0364":[{"pref":"沖縄県","city":"糸満市","town":"潮崎町"}],"0302":[{"pref":"沖縄県","city":"糸満市","town":"潮平"}],"0311":[{"pref":"沖縄県","city":"糸満市","town":"武富"}],"0353":[{"pref":"沖縄県","city":"糸満市","town":"束里"}],"0315":[{"pref":"沖縄県","city":"糸満市","town":"照屋"}],"0321":[{"pref":"沖縄県","city":"糸満市","town":"豊原"}],"0351":[{"pref":"沖縄県","city":"糸満市","town":"名城"}],"0304":[{"pref":"沖縄県","city":"糸満市","town":"西川町"}],"0305":[{"pref":"沖縄県","city":"糸満市","town":"西崎"}],"0306":[{"pref":"沖縄県","city":"糸満市","town":"西崎町"}],"0345":[{"pref":"沖縄県","city":"糸満市","town":"福地"}],"0362":[{"pref":"沖縄県","city":"糸満市","town":"真栄里"}],"0331":[{"pref":"沖縄県","city":"糸満市","town":"真栄平"}],"0336":[{"pref":"沖縄県","city":"糸満市","town":"真壁"}],"0333":[{"pref":"沖縄県","city":"糸満市","town":"摩文仁"}],"0343":[{"pref":"沖縄県","city":"糸満市","town":"南波平"}],"0352":[{"pref":"沖縄県","city":"糸満市","town":"山城"}],"0322":[{"pref":"沖縄県","city":"糸満市","town":"与座"}],"0200":[{"pref":"沖縄県","city":"豊見城市","town":"以下に掲載がない場合"}],"0232":[{"pref":"沖縄県","city":"豊見城市","town":"伊良波"}],"0243":[{"pref":"沖縄県","city":"豊見城市","town":"上田"}],"0223":[{"pref":"沖縄県","city":"豊見城市","town":"翁長"}],"0202":[{"pref":"沖縄県","city":"豊見城市","town":"嘉数"}],"0231":[{"pref":"沖縄県","city":"豊見城市","town":"我那覇"}],"0204":[{"pref":"沖縄県","city":"豊見城市","town":"金良"}],"0244":[{"pref":"沖縄県","city":"豊見城市","town":"宜保"}],"0221":[{"pref":"沖縄県","city":"豊見城市","town":"座安"}],"0233":[{"pref":"沖縄県","city":"豊見城市","town":"瀬長"}],"0212":[{"pref":"沖縄県","city":"豊見城市","town":"平良"}],"0213":[{"pref":"沖縄県","city":"豊見城市","town":"高嶺"}],"0242":[{"pref":"沖縄県","city":"豊見城市","town":"高安"}],"0234":[{"pref":"沖縄県","city":"豊見城市","town":"田頭"}],"0215":[{"pref":"沖縄県","city":"豊見城市","town":"渡嘉敷"}],"0222":[{"pref":"沖縄県","city":"豊見城市","town":"渡橋名"}],"0241":[{"pref":"沖縄県","city":"豊見城市","town":"豊見城"}],"0225":[{"pref":"沖縄県","city":"豊見城市","town":"豊崎"}],"0235":[{"pref":"沖縄県","city":"豊見城市","town":"名嘉地"}],"0203":[{"pref":"沖縄県","city":"豊見城市","town":"長堂"}],"0205":[{"pref":"沖縄県","city":"豊見城市","town":"根差部"}],"0211":[{"pref":"沖縄県","city":"豊見城市","town":"饒波"}],"0214":[{"pref":"沖縄県","city":"豊見城市","town":"保栄茂"}],"0201":[{"pref":"沖縄県","city":"豊見城市","town":"真玉橋"}],"0224":[{"pref":"沖縄県","city":"豊見城市","town":"与根"}],"0617":[{"pref":"沖縄県","city":"南城市","town":"玉城愛地"}],"0606":[{"pref":"沖縄県","city":"南城市","town":"玉城糸数"}],"0614":[{"pref":"沖縄県","city":"南城市","town":"玉城奥武"}],"0608":[{"pref":"沖縄県","city":"南城市","town":"玉城親慶原"}],"0601":[{"pref":"沖縄県","city":"南城市","town":"玉城垣花"}],"0607":[{"pref":"沖縄県","city":"南城市","town":"玉城喜良原"}],"0613":[{"pref":"沖縄県","city":"南城市","town":"玉城志堅原"}],"0604":[{"pref":"沖縄県","city":"南城市","town":"玉城玉城"}],"0612":[{"pref":"沖縄県","city":"南城市","town":"玉城當山"}],"0605":[{"pref":"沖縄県","city":"南城市","town":"玉城中山"}],"0602":[{"pref":"沖縄県","city":"南城市","town":"玉城仲村渠"}],"0603":[{"pref":"沖縄県","city":"南城市","town":"玉城百名"}],"0611":[{"pref":"沖縄県","city":"南城市","town":"玉城富里"}],"0618":[{"pref":"沖縄県","city":"南城市","town":"玉城船越"}],"0615":[{"pref":"沖縄県","city":"南城市","town":"玉城堀川"}],"0616":[{"pref":"沖縄県","city":"南城市","town":"玉城前川"}],"0619":[{"pref":"沖縄県","city":"南城市","town":"玉城屋嘉部"}],"0400":[{"pref":"沖縄県","city":"島尻郡八重瀬町","town":"以下に掲載がない場合"}],"0514":[{"pref":"沖縄県","city":"島尻郡八重瀬町","town":"安里"}],"0503":[{"pref":"沖縄県","city":"島尻郡八重瀬町","town":"新城"}],"0405":[{"pref":"沖縄県","city":"島尻郡八重瀬町","town":"伊覇"}],"0412":[{"pref":"沖縄県","city":"島尻郡八重瀬町","town":"上田原"}],"0502":[{"pref":"沖縄県","city":"島尻郡八重瀬町","town":"大頓"}],"0416":[{"pref":"沖縄県","city":"島尻郡八重瀬町","town":"宜次"}],"0512":[{"pref":"沖縄県","city":"島尻郡八重瀬町","town":"具志頭"}],"0415":[{"pref":"沖縄県","city":"島尻郡八重瀬町","town":"小城"}],"0504":[{"pref":"沖縄県","city":"島尻郡八重瀬町","town":"後原"}],"0401":[{"pref":"沖縄県","city":"島尻郡八重瀬町","town":"東風平"}],"0413":[{"pref":"沖縄県","city":"島尻郡八重瀬町","town":"志多伯"}],"0404":[{"pref":"沖縄県","city":"島尻郡八重瀬町","town":"高良"}],"0414":[{"pref":"沖縄県","city":"島尻郡八重瀬町","town":"当銘"}],"0411":[{"pref":"沖縄県","city":"島尻郡八重瀬町","town":"友寄"}],"0402":[{"pref":"沖縄県","city":"島尻郡八重瀬町","town":"富盛"}],"0516":[{"pref":"沖縄県","city":"島尻郡八重瀬町","town":"仲座"}],"0501":[{"pref":"沖縄県","city":"島尻郡八重瀬町","town":"長毛"}],"0513":[{"pref":"沖縄県","city":"島尻郡八重瀬町","town":"玻名城"}],"0417":[{"pref":"沖縄県","city":"島尻郡八重瀬町","town":"外間"}],"0511":[{"pref":"沖縄県","city":"島尻郡八重瀬町","town":"港川"}],"0406":[{"pref":"沖縄県","city":"島尻郡八重瀬町","town":"屋宜原"}],"0515":[{"pref":"沖縄県","city":"島尻郡八重瀬町","town":"与座"}],"0403":[{"pref":"沖縄県","city":"島尻郡八重瀬町","town":"世名城"}]}