{"0000":[{"pref":"群馬県","city":"太田市","town":"以下に掲載がない場合"}],"0814":[{"pref":"群馬県","city":"太田市","town":"朝日町"}],"0852":[{"pref":"群馬県","city":"太田市","town":"新井町"}],"0851":[{"pref":"群馬県","city":"太田市","town":"飯田町"}],"0817":[{"pref":"群馬県","city":"太田市","town":"飯塚町"}],"0007":[{"pref":"群馬県","city":"太田市","town":"石橋町"}],"0808":[{"pref":"群馬県","city":"太田市","town":"石原町"}],"0845":[{"pref":"群馬県","city":"太田市","town":"泉町"}],"0013":[{"pref":"群馬県","city":"太田市","town":"市場町"}],"0841":[{"pref":"群馬県","city":"太田市","town":"岩瀬川町"}],"0014":[{"pref":"群馬県","city":"太田市","town":"植木野町"}],"0833":[{"pref":"群馬県","city":"太田市","town":"牛沢町"}],"0813":[{"pref":"群馬県","city":"太田市","town":"内ケ島町"}],"0055":[{"pref":"群馬県","city":"太田市","town":"大島町"}],"0075":[{"pref":"群馬県","city":"太田市","town":"大鷲町"}],"0045":[{"pref":"群馬県","city":"太田市","town":"沖野町"}],"0804":[{"pref":"群馬県","city":"太田市","town":"沖之郷町"}],"0027":[{"pref":"群馬県","city":"太田市","town":"金山町"}],"0074":[{"pref":"群馬県","city":"太田市","town":"上強戸町"}],"0024":[{"pref":"群馬県","city":"太田市","town":"上小林町"}],"0044":[{"pref":"群馬県","city":"太田市","town":"上田島町"}],"0003":[{"pref":"群馬県","city":"太田市","town":"北金井町"}],"0012":[{"pref":"群馬県","city":"太田市","town":"清原町"}],"0025":[{"pref":"群馬県","city":"太田市","town":"熊野町"}],"0004":[{"pref":"群馬県","city":"太田市","town":"強戸町"}],"0818":[{"pref":"群馬県","city":"太田市","town":"小舞木町"}],"0807":[{"pref":"群馬県","city":"太田市","town":"下小林町"}],"0844":[{"pref":"群馬県","city":"太田市","town":"下田島町"}],"0821":[{"pref":"群馬県","city":"太田市","town":"下浜田町"}],"0038":[{"pref":"群馬県","city":"太田市","town":"城西町"}],"0822":[{"pref":"群馬県","city":"太田市","town":"庄屋町"}],"0037":[{"pref":"群馬県","city":"太田市","town":"新道町"}],"0862":[{"pref":"群馬県","city":"太田市","town":"末広町"}],"0002":[{"pref":"群馬県","city":"太田市","town":"菅塩町"}],"0028":[{"pref":"群馬県","city":"太田市","town":"スバル町"}],"0801":[{"pref":"群馬県","city":"太田市","town":"台之郷町"}],"0072":[{"pref":"群馬県","city":"太田市","town":"高瀬町"}],"0825":[{"pref":"群馬県","city":"太田市","town":"高林東町"}],"0828":[{"pref":"群馬県","city":"太田市","town":"高林西町"}],"0827":[{"pref":"群馬県","city":"太田市","town":"高林南町"}],"0829":[{"pref":"群馬県","city":"太田市","town":"高林北町"}],"0824":[{"pref":"群馬県","city":"太田市","town":"高林寿町"}],"0042":[{"pref":"群馬県","city":"太田市","town":"宝町"}],"0011":[{"pref":"群馬県","city":"太田市","town":"只上町"}],"0008":[{"pref":"群馬県","city":"太田市","town":"鶴生田町"}],"0052":[{"pref":"群馬県","city":"太田市","town":"寺井町"}],"0051":[{"pref":"群馬県","city":"太田市","town":"天良町"}],"0832":[{"pref":"群馬県","city":"太田市","town":"富沢町"}],"0023":[{"pref":"群馬県","city":"太田市","town":"富若町"}],"0053":[{"pref":"群馬県","city":"太田市","town":"鳥山町"}],"0061":[{"pref":"群馬県","city":"太田市","town":"鳥山上町"}],"0062":[{"pref":"群馬県","city":"太田市","town":"鳥山中町"}],"0063":[{"pref":"群馬県","city":"太田市","town":"鳥山下町"}],"0846":[{"pref":"群馬県","city":"太田市","town":"中根町"}],"0054":[{"pref":"群馬県","city":"太田市","town":"長手町"}],"0006":[{"pref":"群馬県","city":"太田市","town":"成塚町"}],"0819":[{"pref":"群馬県","city":"太田市","town":"新島町"}],"0032":[{"pref":"群馬県","city":"太田市","town":"新野町"}],"0847":[{"pref":"群馬県","city":"太田市","town":"西新町"}],"0001":[{"pref":"群馬県","city":"太田市","town":"西長岡町"}],"0043":[{"pref":"群馬県","city":"太田市","town":"西野谷町"}],"0033":[{"pref":"群馬県","city":"太田市","town":"西本町"}],"0823":[{"pref":"群馬県","city":"太田市","town":"西矢島町"}],"0029":[{"pref":"群馬県","city":"太田市","town":"韮川町"}],"0056":[{"pref":"群馬県","city":"太田市","town":"八幡町"}],"0853":[{"pref":"群馬県","city":"太田市","town":"浜町"}],"0071":[{"pref":"群馬県","city":"太田市","town":"原宿町"}],"0021":[{"pref":"群馬県","city":"太田市","town":"東今泉町"}],"0022":[{"pref":"群馬県","city":"太田市","town":"東金井町"}],"0015":[{"pref":"群馬県","city":"太田市","town":"東新町"}],"0812":[{"pref":"群馬県","city":"太田市","town":"東長岡町"}],"0815":[{"pref":"群馬県","city":"太田市","town":"東別所町"}],"0026":[{"pref":"群馬県","city":"太田市","town":"東本町"}],"0816":[{"pref":"群馬県","city":"太田市","town":"東矢島町"}],"0831":[{"pref":"群馬県","city":"太田市","town":"福沢町"}],"0034":[{"pref":"群馬県","city":"太田市","town":"藤阿久町"}],"0035":[{"pref":"群馬県","city":"太田市","town":"藤久良町"}],"0826":[{"pref":"群馬県","city":"太田市","town":"古戸町"}],"0041":[{"pref":"群馬県","city":"太田市","town":"別所町"}],"0842":[{"pref":"群馬県","city":"太田市","town":"細谷町"}],"0057":[{"pref":"群馬県","city":"太田市","town":"本町"}],"0018":[{"pref":"群馬県","city":"太田市","town":"丸山町"}],"0073":[{"pref":"群馬県","city":"太田市","town":"緑町"}],"0861":[{"pref":"群馬県","city":"太田市","town":"南矢島町"}],"0809":[{"pref":"群馬県","city":"太田市","town":"茂木町"}],"0805":[{"pref":"群馬県","city":"太田市","town":"八重笠町"}],"0811":[{"pref":"群馬県","city":"太田市","town":"安良岡町"}],"0016":[{"pref":"群馬県","city":"太田市","town":"矢田堀町"}],"0803":[{"pref":"群馬県","city":"太田市","town":"矢場町"}],"0802":[{"pref":"群馬県","city":"太田市","town":"矢場新町"}],"0036":[{"pref":"群馬県","city":"太田市","town":"由良町"}],"0019":[{"pref":"群馬県","city":"太田市","town":"吉沢町"}],"0843":[{"pref":"群馬県","city":"太田市","town":"米沢町"}],"0806":[{"pref":"群馬県","city":"太田市","town":"龍舞町"}],"0031":[{"pref":"群馬県","city":"太田市","town":"脇屋町"}]}