{"0000":[{"pref":"大阪府","city":"大東市","town":"以下に掲載がない場合"}],"0046":[{"pref":"大阪府","city":"大東市","town":"赤井"}],"0076":[{"pref":"大阪府","city":"大東市","town":"曙町"}],"0003":[{"pref":"大阪府","city":"大東市","town":"明美の里町"}],"0024":[{"pref":"大阪府","city":"大東市","town":"泉町"}],"0032":[{"pref":"大阪府","city":"大東市","town":"栄和町"}],"0033":[{"pref":"大阪府","city":"大東市","town":"扇町"}],"0042":[{"pref":"大阪府","city":"大東市","town":"大野"}],"0001":[{"pref":"大阪府","city":"大東市","town":"学園町"}],"0031":[{"pref":"大阪府","city":"大東市","town":"川中新町"}],"0007":[{"pref":"大阪府","city":"大東市","town":"北楠の里町"}],"0008":[{"pref":"大阪府","city":"大東市","town":"北新町"}],"0025":[{"pref":"大阪府","city":"大東市","town":"御供田"}],"0064":[{"pref":"大阪府","city":"大東市","town":"御領"}],"0028":[{"pref":"大阪府","city":"大東市","town":"幸町"}],"0077":[{"pref":"大阪府","city":"大東市","town":"三箇"}],"0035":[{"pref":"大阪府","city":"大東市","town":"三洋町"}],"0053":[{"pref":"大阪府","city":"大東市","town":"新田旭町"}],"0051":[{"pref":"大阪府","city":"大東市","town":"新田境町"}],"0056":[{"pref":"大阪府","city":"大東市","town":"新田中町"}],"0057":[{"pref":"大阪府","city":"大東市","town":"新田西町"}],"0052":[{"pref":"大阪府","city":"大東市","town":"新田北町"}],"0054":[{"pref":"大阪府","city":"大東市","town":"新田東本町"}],"0055":[{"pref":"大阪府","city":"大東市","town":"新田本町"}],"0037":[{"pref":"大阪府","city":"大東市","town":"新町"}],"0036":[{"pref":"大阪府","city":"大東市","town":"末広町"}],"0026":[{"pref":"大阪府","city":"大東市","town":"住道"}],"0061":[{"pref":"大阪府","city":"大東市","town":"大東町"}],"0045":[{"pref":"大阪府","city":"大東市","town":"太子田"}],"0012":[{"pref":"大阪府","city":"大東市","town":"龍間"}],"0074":[{"pref":"大阪府","city":"大東市","town":"谷川"}],"0017":[{"pref":"大阪府","city":"大東市","town":"津の辺町"}],"0014":[{"pref":"大阪府","city":"大東市","town":"寺川"}],"0013":[{"pref":"大阪府","city":"大東市","town":"中垣内"}],"0006":[{"pref":"大阪府","city":"大東市","town":"中楠の里町"}],"0063":[{"pref":"大阪府","city":"大東市","town":"南郷町"}],"0002":[{"pref":"大阪府","city":"大東市","town":"錦町"}],"0005":[{"pref":"大阪府","city":"大東市","town":"西楠の里町"}],"0015":[{"pref":"大阪府","city":"大東市","town":"野崎"}],"0043":[{"pref":"大阪府","city":"大東市","town":"灰塚"}],"0041":[{"pref":"大阪府","city":"大東市","town":"浜町"}],"0062":[{"pref":"大阪府","city":"大東市","town":"氷野"}],"0022":[{"pref":"大阪府","city":"大東市","town":"平野屋"}],"0021":[{"pref":"大阪府","city":"大東市","town":"平野屋新町"}],"0072":[{"pref":"大阪府","city":"大東市","town":"深野"}],"0075":[{"pref":"大阪府","city":"大東市","town":"深野南町"}],"0071":[{"pref":"大阪府","city":"大東市","town":"深野北"}],"0011":[{"pref":"大阪府","city":"大東市","town":"北条"}],"0034":[{"pref":"大阪府","city":"大東市","town":"朋来"}],"0027":[{"pref":"大阪府","city":"大東市","town":"三住町"}],"0073":[{"pref":"大阪府","city":"大東市","town":"緑が丘"}],"0004":[{"pref":"大阪府","city":"大東市","town":"南楠の里町"}],"0023":[{"pref":"大阪府","city":"大東市","town":"南新田"}],"0016":[{"pref":"大阪府","city":"大東市","town":"南津の辺町"}],"0044":[{"pref":"大阪府","city":"大東市","town":"諸福"}]}