{"0000":[{"pref":"北海道","city":"中川郡池田町","town":"以下に掲載がない場合"}],"0044":[{"pref":"北海道","city":"中川郡池田町","town":"青山"}],"0001":[{"pref":"北海道","city":"中川郡池田町","town":"旭町"}],"0090":[{"pref":"北海道","city":"中川郡池田町","town":"大通"}],"0020":[{"pref":"北海道","city":"中川郡池田町","town":"大通南"}],"0041":[{"pref":"北海道","city":"中川郡池田町","town":"川合"}],"0002":[{"pref":"北海道","city":"中川郡池田町","town":"清見"}],"0003":[{"pref":"北海道","city":"中川郡池田町","town":"清見ケ丘"}],"0004":[{"pref":"北海道","city":"中川郡池田町","town":"様舞"}],"0047":[{"pref":"北海道","city":"中川郡池田町","town":"昭栄"}],"0042":[{"pref":"北海道","city":"中川郡池田町","town":"千代田"}],"0046":[{"pref":"北海道","city":"中川郡池田町","town":"東台"}],"0032":[{"pref":"北海道","city":"中川郡池田町","town":"利別東町"}],"0031":[{"pref":"北海道","city":"中川郡池田町","town":"利別西町"}],"0033":[{"pref":"北海道","city":"中川郡池田町","town":"利別南町"}],"0034":[{"pref":"北海道","city":"中川郡池田町","town":"利別本町"}],"0045":[{"pref":"北海道","city":"中川郡池田町","town":"富岡"}],"0043":[{"pref":"北海道","city":"中川郡池田町","town":"豊田"}],"0021":[{"pref":"北海道","city":"中川郡池田町","town":"西一条"}],"0022":[{"pref":"北海道","city":"中川郡池田町","town":"西二条"}],"0023":[{"pref":"北海道","city":"中川郡池田町","town":"西三条"}],"0091":[{"pref":"北海道","city":"中川郡池田町","town":"東一条"}],"0092":[{"pref":"北海道","city":"中川郡池田町","town":"東二条"}]}