{"0000":[{"pref":"千葉県","city":"千葉市若葉区","town":"以下に掲載がない場合"}],"0031":[{"pref":"千葉県","city":"千葉市若葉区","town":"愛生町"}],"0011":[{"pref":"千葉県","city":"千葉市若葉区","town":"大草町"}],"0013":[{"pref":"千葉県","city":"千葉市若葉区","town":"太田町"}],"0015":[{"pref":"千葉県","city":"千葉市若葉区","town":"大宮台"}],"0016":[{"pref":"千葉県","city":"千葉市若葉区","town":"大宮町"}],"0006":[{"pref":"千葉県","city":"千葉市若葉区","town":"小倉台"}],"0007":[{"pref":"千葉県","city":"千葉市若葉区","town":"小倉町"}],"0020":[{"pref":"千葉県","city":"千葉市若葉区","town":"貝塚"}],"0023":[{"pref":"千葉県","city":"千葉市若葉区","town":"貝塚町"}],"0017":[{"pref":"千葉県","city":"千葉市若葉区","town":"加曽利町"}],"0001":[{"pref":"千葉県","city":"千葉市若葉区","town":"金親町"}],"0014":[{"pref":"千葉県","city":"千葉市若葉区","town":"北大宮台"}],"0012":[{"pref":"千葉県","city":"千葉市若葉区","town":"坂月町"}],"0028":[{"pref":"千葉県","city":"千葉市若葉区","town":"桜木"}],"0029":[{"pref":"千葉県","city":"千葉市若葉区","town":"桜木北"}],"0024":[{"pref":"千葉県","city":"千葉市若葉区","town":"高品町"}],"0002":[{"pref":"千葉県","city":"千葉市若葉区","town":"千城台東"}],"0004":[{"pref":"千葉県","city":"千葉市若葉区","town":"千城台西"}],"0003":[{"pref":"千葉県","city":"千葉市若葉区","town":"千城台南"}],"0005":[{"pref":"千葉県","city":"千葉市若葉区","town":"千城台北"}],"0025":[{"pref":"千葉県","city":"千葉市若葉区","town":"都賀"}],"0033":[{"pref":"千葉県","city":"千葉市若葉区","town":"都賀の台"}],"0036":[{"pref":"千葉県","city":"千葉市若葉区","town":"殿台町"}],"0026":[{"pref":"千葉県","city":"千葉市若葉区","town":"西都賀"}],"0034":[{"pref":"千葉県","city":"千葉市若葉区","town":"原町"}],"0035":[{"pref":"千葉県","city":"千葉市若葉区","town":"東寺山町"}],"0032":[{"pref":"千葉県","city":"千葉市若葉区","town":"みつわ台"}],"0037":[{"pref":"千葉県","city":"千葉市若葉区","town":"源町"}],"0027":[{"pref":"千葉県","city":"千葉市若葉区","town":"若松台"}],"0021":[{"pref":"千葉県","city":"千葉市若葉区","town":"若松町"}]}