{"0000":[{"pref":"茨城県","city":"つくば市","town":"以下に掲載がない場合"}],"0062":[{"pref":"茨城県","city":"つくば市","town":"赤塚"}],"0804":[{"pref":"茨城県","city":"つくば市","town":"旭（１）"}],"0031":[{"pref":"茨城県","city":"つくば市","town":"吾妻"}],"0005":[{"pref":"茨城県","city":"つくば市","town":"天久保"}],"0835":[{"pref":"茨城県","city":"つくば市","town":"新井"}],"0076":[{"pref":"茨城県","city":"つくば市","town":"新牧田"}],"0874":[{"pref":"茨城県","city":"つくば市","town":"飯田"}],"0901":[{"pref":"茨城県","city":"つくば市","town":"池の台（２）"}],"0073":[{"pref":"茨城県","city":"つくば市","town":"市之台"}],"0071":[{"pref":"茨城県","city":"つくば市","town":"稲岡"}],"0061":[{"pref":"茨城県","city":"つくば市","town":"稲荷前"}],"0855":[{"pref":"茨城県","city":"つくば市","town":"今泉"}],"0002":[{"pref":"茨城県","city":"つくば市","town":"上野"}],"0023":[{"pref":"茨城県","city":"つくば市","town":"上ノ室"}],"0045":[{"pref":"茨城県","city":"つくば市","town":"梅園"}],"0853":[{"pref":"茨城県","city":"つくば市","town":"榎戸"}],"0016":[{"pref":"茨城県","city":"つくば市","town":"大"}],"0845":[{"pref":"茨城県","city":"つくば市","town":"大白硲"}],"0801":[{"pref":"茨城県","city":"つくば市","town":"大穂（１－１）"}],"0851":[{"pref":"茨城県","city":"つくば市","town":"大わし"}],"0026":[{"pref":"茨城県","city":"つくば市","town":"岡村新田"}],"0053":[{"pref":"茨城県","city":"つくば市","town":"小野川"}],"0034":[{"pref":"茨城県","city":"つくば市","town":"小野崎"}],"0816":[{"pref":"茨城県","city":"つくば市","town":"学園の森"}],"0818":[{"pref":"茨城県","city":"つくば市","town":"学園南"}],"0064":[{"pref":"茨城県","city":"つくば市","town":"梶内"}],"0821":[{"pref":"茨城県","city":"つくば市","town":"春日"}],"0877":[{"pref":"茨城県","city":"つくば市","town":"片田"}],"0824":[{"pref":"茨城県","city":"つくば市","town":"葛城根崎"}],"0871":[{"pref":"茨城県","city":"つくば市","town":"上萱丸"}],"0011":[{"pref":"茨城県","city":"つくば市","town":"上境"}],"0055":[{"pref":"茨城県","city":"つくば市","town":"上原"}],"0041":[{"pref":"茨城県","city":"つくば市","town":"上広岡"}],"0854":[{"pref":"茨城県","city":"つくば市","town":"上横場"}],"0822":[{"pref":"茨城県","city":"つくば市","town":"苅間"}],"0856":[{"pref":"茨城県","city":"つくば市","town":"観音台"}],"0022":[{"pref":"茨城県","city":"つくば市","town":"吉瀬"}],"0811":[{"pref":"茨城県","city":"つくば市","town":"北郷"}],"0072":[{"pref":"茨城県","city":"つくば市","town":"北中島"}],"0066":[{"pref":"茨城県","city":"つくば市","town":"北中妻"}],"0024":[{"pref":"茨城県","city":"つくば市","town":"倉掛"}],"0001":[{"pref":"茨城県","city":"つくば市","town":"栗原"}],"0817":[{"pref":"茨城県","city":"つくば市","town":"研究学園"}],"0074":[{"pref":"茨城県","city":"つくば市","town":"高野台"}],"0844":[{"pref":"茨城県","city":"つくば市","town":"小白硲"}],"0018":[{"pref":"茨城県","city":"つくば市","town":"金田"}],"0028":[{"pref":"茨城県","city":"つくば市","town":"妻木"}],"0036":[{"pref":"茨城県","city":"つくば市","town":"西郷"}],"0867":[{"pref":"茨城県","city":"つくば市","town":"境田"}],"0864":[{"pref":"茨城県","city":"つくば市","town":"境松"}],"0013":[{"pref":"茨城県","city":"つくば市","town":"栄"}],"0003":[{"pref":"茨城県","city":"つくば市","town":"桜"}],"0019":[{"pref":"茨城県","city":"つくば市","town":"さくらの森"}],"0043":[{"pref":"茨城県","city":"つくば市","town":"大角豆"}],"0004":[{"pref":"茨城県","city":"つくば市","town":"柴崎"}],"0833":[{"pref":"茨城県","city":"つくば市","town":"島"}],"0872":[{"pref":"茨城県","city":"つくば市","town":"下萱丸"}],"0063":[{"pref":"茨城県","city":"つくば市","town":"下原"}],"0813":[{"pref":"茨城県","city":"つくば市","town":"下平塚"}],"0042":[{"pref":"茨城県","city":"つくば市","town":"下広岡"}],"0075":[{"pref":"茨城県","city":"つくば市","town":"下横場"}],"0014":[{"pref":"茨城県","city":"つくば市","town":"松栄"}],"0847":[{"pref":"茨城県","city":"つくば市","town":"陣場"}],"0047":[{"pref":"茨城県","city":"つくば市","town":"千現"}],"0868":[{"pref":"茨城県","city":"つくば市","town":"台町"}],"0846":[{"pref":"茨城県","city":"つくば市","town":"平"}],"0077":[{"pref":"茨城県","city":"つくば市","town":"鷹野原"}],"0032":[{"pref":"茨城県","city":"つくば市","town":"竹園"}],"0802":[{"pref":"茨城県","city":"つくば市","town":"立原（１、２、３）"}],"0067":[{"pref":"茨城県","city":"つくば市","town":"館野"}],"0834":[{"pref":"茨城県","city":"つくば市","town":"手代木"}],"0006":[{"pref":"茨城県","city":"つくば市","town":"天王台"}],"0068":[{"pref":"茨城県","city":"つくば市","town":"中内"}],"0012":[{"pref":"茨城県","city":"つくば市","town":"中根"}],"0873":[{"pref":"茨城県","city":"つくば市","town":"中野"}],"0052":[{"pref":"茨城県","city":"つくば市","town":"長峰"}],"0044":[{"pref":"茨城県","city":"つくば市","town":"並木"}],"0054":[{"pref":"茨城県","city":"つくば市","town":"西大沼"}],"0831":[{"pref":"茨城県","city":"つくば市","town":"西大橋"}],"0832":[{"pref":"茨城県","city":"つくば市","town":"西岡"}],"0876":[{"pref":"茨城県","city":"つくば市","town":"西栗山"}],"0902":[{"pref":"茨城県","city":"つくば市","town":"西の沢（畜産試験場圃場）"}],"0815":[{"pref":"茨城県","city":"つくば市","town":"西原"}],"0814":[{"pref":"茨城県","city":"つくば市","town":"西平塚"}],"0051":[{"pref":"茨城県","city":"つくば市","town":"二の宮"}],"0865":[{"pref":"茨城県","city":"つくば市","town":"根崎"}],"0843":[{"pref":"茨城県","city":"つくば市","town":"八幡台"}],"0875":[{"pref":"茨城県","city":"つくば市","town":"花島新田"}],"0029":[{"pref":"茨城県","city":"つくば市","town":"花園"}],"0805":[{"pref":"茨城県","city":"つくば市","town":"花畑（１－７－１）"}],"0025":[{"pref":"茨城県","city":"つくば市","town":"花室"}],"0857":[{"pref":"茨城県","city":"つくば市","town":"羽成"}],"0823":[{"pref":"茨城県","city":"つくば市","town":"原"}],"0007":[{"pref":"茨城県","city":"つくば市","town":"春風台"}],"0046":[{"pref":"茨城県","city":"つくば市","town":"東"}],"0033":[{"pref":"茨城県","city":"つくば市","town":"東新井"}],"0027":[{"pref":"茨城県","city":"つくば市","town":"東岡"}],"0812":[{"pref":"茨城県","city":"つくば市","town":"東平塚"}],"0862":[{"pref":"茨城県","city":"つくば市","town":"東丸山"}],"0852":[{"pref":"茨城県","city":"つくば市","town":"藤本"}],"0021":[{"pref":"茨城県","city":"つくば市","town":"古来"}],"0866":[{"pref":"茨城県","city":"つくば市","town":"古館"}],"0035":[{"pref":"茨城県","city":"つくば市","town":"松代"}],"0015":[{"pref":"茨城県","city":"つくば市","town":"松塚"}],"0056":[{"pref":"茨城県","city":"つくば市","town":"松野木"}],"0903":[{"pref":"茨城県","city":"つくば市","town":"松の里（１）"}],"0863":[{"pref":"茨城県","city":"つくば市","town":"緑が丘"}],"0881":[{"pref":"茨城県","city":"つくば市","town":"みどりの"}],"0882":[{"pref":"茨城県","city":"つくば市","town":"みどりの中央"}],"0883":[{"pref":"茨城県","city":"つくば市","town":"みどりの東"}],"0884":[{"pref":"茨城県","city":"つくば市","town":"みどりの南"}],"0065":[{"pref":"茨城県","city":"つくば市","town":"南中妻"}],"0803":[{"pref":"茨城県","city":"つくば市","town":"南原（２）"}],"0841":[{"pref":"茨城県","city":"つくば市","town":"御幸が丘"}],"0842":[{"pref":"茨城県","city":"つくば市","town":"柳橋"}],"0861":[{"pref":"茨城県","city":"つくば市","town":"谷田部"}],"0836":[{"pref":"茨城県","city":"つくば市","town":"山中"}],"0017":[{"pref":"茨城県","city":"つくば市","town":"横町"}],"0008":[{"pref":"茨城県","city":"つくば市","town":"流星台"}]}