{"0000":[{"pref":"福岡県","city":"築上郡吉富町","town":"以下に掲載がない場合"},{"pref":"大分県","city":"中津市","town":"以下に掲載がない場合"}],"0822":[{"pref":"福岡県","city":"築上郡吉富町","town":"今吉"}],"0802":[{"pref":"福岡県","city":"築上郡吉富町","town":"小犬丸"}],"0801":[{"pref":"福岡県","city":"築上郡吉富町","town":"小祝"}],"0821":[{"pref":"福岡県","city":"築上郡吉富町","town":"幸子"}],"0832":[{"pref":"福岡県","city":"築上郡吉富町","town":"鈴熊"}],"0834":[{"pref":"福岡県","city":"築上郡吉富町","town":"土屋"}],"0831":[{"pref":"福岡県","city":"築上郡吉富町","town":"直江"}],"0833":[{"pref":"福岡県","city":"築上郡吉富町","town":"楡生"}],"0823":[{"pref":"福岡県","city":"築上郡吉富町","town":"別府"}],"0811":[{"pref":"福岡県","city":"築上郡吉富町","town":"広津"}],"0900":[{"pref":"福岡県","city":"築上郡上毛町","town":"以下に掲載がない場合"}],"0904":[{"pref":"福岡県","city":"築上郡上毛町","town":"安雲"}],"0914":[{"pref":"福岡県","city":"築上郡上毛町","town":"宇野"}],"0907":[{"pref":"福岡県","city":"築上郡上毛町","town":"緒方"}],"0924":[{"pref":"福岡県","city":"築上郡上毛町","town":"上唐原"}],"0905":[{"pref":"福岡県","city":"築上郡上毛町","town":"尻高"}],"0923":[{"pref":"福岡県","city":"築上郡上毛町","town":"下唐原"}],"0902":[{"pref":"福岡県","city":"築上郡上毛町","town":"大ノ瀬"}],"0913":[{"pref":"福岡県","city":"築上郡上毛町","town":"垂水"}],"0921":[{"pref":"福岡県","city":"築上郡上毛町","town":"土佐井"}],"0911":[{"pref":"福岡県","city":"築上郡上毛町","town":"中村"}],"0901":[{"pref":"福岡県","city":"築上郡上毛町","town":"成恒"}],"0928":[{"pref":"福岡県","city":"築上郡上毛町","town":"西友枝"}],"0226":[{"pref":"福岡県","city":"築上郡上毛町","town":"原井（有野）"}],"0926":[{"pref":"福岡県","city":"築上郡上毛町","town":"原井（その他）"}],"0927":[{"pref":"福岡県","city":"築上郡上毛町","town":"東上"}],"0922":[{"pref":"福岡県","city":"築上郡上毛町","town":"東下"}],"0925":[{"pref":"福岡県","city":"築上郡上毛町","town":"百留"}],"0906":[{"pref":"福岡県","city":"築上郡上毛町","town":"矢方"}],"0903":[{"pref":"福岡県","city":"築上郡上毛町","town":"八ツ並"}],"0912":[{"pref":"福岡県","city":"築上郡上毛町","town":"吉岡"}],"0099":[{"pref":"大分県","city":"中津市","town":"中津市の次に番地がくる場合"}],"0122":[{"pref":"大分県","city":"中津市","town":"相原（２８０３－１、２８０３－２４、２８０３－２５、２８０３－２７、"},{"pref":"大分県","city":"中津市","town":"２８０３－３７、２８０３－３８、２８０３－３９、２８０３－４３、"},{"pref":"大分県","city":"中津市","town":"２８０３－６９、２８０３－７７、２８０３－９１、２８１８、２８２８、"},{"pref":"大分県","city":"中津市","town":"２９２５－７）"}],"0022":[{"pref":"大分県","city":"中津市","town":"相原（その他）"}],"0098":[{"pref":"大分県","city":"中津市","town":"市場"}],"0015":[{"pref":"大分県","city":"中津市","town":"牛神"}],"0016":[{"pref":"大分県","city":"中津市","town":"牛神町"}],"0093":[{"pref":"大分県","city":"中津市","town":"浦町"}],"0064":[{"pref":"大分県","city":"中津市","town":"餌指町"}],"0038":[{"pref":"大分県","city":"中津市","town":"枝町"}],"0065":[{"pref":"大分県","city":"中津市","town":"蛭子町"}],"0044":[{"pref":"大分県","city":"中津市","town":"江三竹町"}],"0005":[{"pref":"大分県","city":"中津市","town":"合馬"}],"0153":[{"pref":"大分県","city":"中津市","town":"大貞"}],"0001":[{"pref":"大分県","city":"中津市","town":"大新田"}],"0008":[{"pref":"大分県","city":"中津市","town":"大塚"}],"0021":[{"pref":"大分県","city":"中津市","town":"沖代町"}],"0045":[{"pref":"大分県","city":"中津市","town":"萱津町"}],"0007":[{"pref":"大分県","city":"中津市","town":"蛎瀬"}],"0152":[{"pref":"大分県","city":"中津市","town":"加来"}],"0082":[{"pref":"大分県","city":"中津市","town":"水主町"}],"0056":[{"pref":"大分県","city":"中津市","town":"片端町"}],"0013":[{"pref":"大分県","city":"中津市","town":"金手"}],"0046":[{"pref":"大分県","city":"中津市","town":"金谷（上ノ丁、中ノ丁、西ノ丁、本町、南ノ丁、森ノ丁、山ノ神）"},{"pref":"大分県","city":"中津市","town":"西堀端"},{"pref":"大分県","city":"中津市","town":"東堀端"},{"pref":"大分県","city":"中津市","town":"古金谷"}],"0161":[{"pref":"大分県","city":"中津市","town":"上池永"}],"0004":[{"pref":"大分県","city":"中津市","town":"上如水"}],"0042":[{"pref":"大分県","city":"中津市","town":"上博多町"}],"0027":[{"pref":"大分県","city":"中津市","town":"上宮永"}],"0060":[{"pref":"大分県","city":"中津市","town":"北稲堀"}],"0094":[{"pref":"大分県","city":"中津市","town":"北浦町"}],"0090":[{"pref":"大分県","city":"中津市","town":"北新地"}],"0081":[{"pref":"大分県","city":"中津市","town":"北堀川町"}],"0079":[{"pref":"大分県","city":"中津市","town":"北門通"}],"0054":[{"pref":"大分県","city":"中津市","town":"京町"}],"0091":[{"pref":"大分県","city":"中津市","town":"闇無町"},{"pref":"大分県","city":"中津市","town":"角木"}],"0078":[{"pref":"大分県","city":"中津市","town":"小祝（上方町、中島町、本町、港町）"}],"0080":[{"pref":"大分県","city":"中津市","town":"小祝新町"}],"0154":[{"pref":"大分県","city":"中津市","town":"古城"}],"0084":[{"pref":"大分県","city":"中津市","town":"小堀"}],"0076":[{"pref":"大分県","city":"中津市","town":"米町"}],"0003":[{"pref":"大分県","city":"中津市","town":"是則"}],"0043":[{"pref":"大分県","city":"中津市","town":"栄町"}],"0156":[{"pref":"大分県","city":"中津市","town":"榊原町"}],"0074":[{"pref":"大分県","city":"中津市","town":"桜町"}],"0104":[{"pref":"大分県","city":"中津市","town":"三光諫山"}],"0112":[{"pref":"大分県","city":"中津市","town":"三光臼木"}],"0114":[{"pref":"大分県","city":"中津市","town":"三光小袋"}],"0111":[{"pref":"大分県","city":"中津市","town":"三光佐知"}],"0103":[{"pref":"大分県","city":"中津市","town":"三光田口"}],"0113":[{"pref":"大分県","city":"中津市","town":"三光土田"}],"0102":[{"pref":"大分県","city":"中津市","town":"三光成恒"}],"0105":[{"pref":"大分県","city":"中津市","town":"三光原口"}],"0101":[{"pref":"大分県","city":"中津市","town":"三光森山"}],"0057":[{"pref":"大分県","city":"中津市","town":"三ノ丁"}],"0073":[{"pref":"大分県","city":"中津市","town":"塩町"}],"0033":[{"pref":"大分県","city":"中津市","town":"島田"}],"0035":[{"pref":"大分県","city":"中津市","town":"島田仲町"}],"0036":[{"pref":"大分県","city":"中津市","town":"島田本町"}],"0011":[{"pref":"大分県","city":"中津市","town":"下池永"}],"0097":[{"pref":"大分県","city":"中津市","town":"下正路"}],"0164":[{"pref":"大分県","city":"中津市","town":"下永添"}],"0029":[{"pref":"大分県","city":"中津市","town":"下宮永"}],"0048":[{"pref":"大分県","city":"中津市","town":"新魚町"}],"0009":[{"pref":"大分県","city":"中津市","town":"新大塚町"}],"0039":[{"pref":"大分県","city":"中津市","town":"新天神町"},{"pref":"大分県","city":"中津市","town":"天神町"}],"0041":[{"pref":"大分県","city":"中津市","town":"新博多町"}],"0069":[{"pref":"大分県","city":"中津市","town":"新堀"}],"0086":[{"pref":"大分県","city":"中津市","town":"船頭町"}],"0002":[{"pref":"大分県","city":"中津市","town":"全徳"}],"0089":[{"pref":"大分県","city":"中津市","town":"船場町"}],"0059":[{"pref":"大分県","city":"中津市","town":"外馬場"}],"0151":[{"pref":"大分県","city":"中津市","town":"大悟法"}],"0066":[{"pref":"大分県","city":"中津市","town":"鷹匠町"}],"0026":[{"pref":"大分県","city":"中津市","town":"高瀬"}],"0071":[{"pref":"大分県","city":"中津市","town":"鷹部屋"}],"0024":[{"pref":"大分県","city":"中津市","town":"中央町"}],"0067":[{"pref":"大分県","city":"中津市","town":"仲間町"}],"0095":[{"pref":"大分県","city":"中津市","town":"角木新町"}],"0028":[{"pref":"大分県","city":"中津市","town":"角木町"}],"0075":[{"pref":"大分県","city":"中津市","town":"寺町"}],"0055":[{"pref":"大分県","city":"中津市","town":"殿町"}],"0058":[{"pref":"大分県","city":"中津市","town":"豊田町"}],"0031":[{"pref":"大分県","city":"中津市","town":"中殿"}],"0030":[{"pref":"大分県","city":"中津市","town":"中殿町"}],"0157":[{"pref":"大分県","city":"中津市","town":"中原"}],"0162":[{"pref":"大分県","city":"中津市","town":"永添"}],"0163":[{"pref":"大分県","city":"中津市","town":"西永添"}],"0050":[{"pref":"大分県","city":"中津市","town":"二ノ丁"}],"0155":[{"pref":"大分県","city":"中津市","town":"八幡町"}],"0006":[{"pref":"大分県","city":"中津市","town":"東浜"}],"0032":[{"pref":"大分県","city":"中津市","town":"東本町"}],"0014":[{"pref":"大分県","city":"中津市","town":"一ツ松"}],"0034":[{"pref":"大分県","city":"中津市","town":"日ノ出町"}],"0077":[{"pref":"大分県","city":"中津市","town":"姫路町"}],"0063":[{"pref":"大分県","city":"中津市","town":"袋町"}],"0072":[{"pref":"大分県","city":"中津市","town":"船町"}],"0053":[{"pref":"大分県","city":"中津市","town":"古魚町"}],"0051":[{"pref":"大分県","city":"中津市","town":"古博多町"}],"0068":[{"pref":"大分県","city":"中津市","town":"豊後町"}],"0311":[{"pref":"大分県","city":"中津市","town":"本耶馬渓町跡田"}],"0206":[{"pref":"大分県","city":"中津市","town":"本耶馬渓町今行"}],"0313":[{"pref":"大分県","city":"中津市","town":"本耶馬渓町落合"}],"0312":[{"pref":"大分県","city":"中津市","town":"本耶馬渓町折元"}],"0204":[{"pref":"大分県","city":"中津市","town":"本耶馬渓町冠石野"}],"0205":[{"pref":"大分県","city":"中津市","town":"本耶馬渓町下屋形"}],"0202":[{"pref":"大分県","city":"中津市","town":"本耶馬渓町曽木"}],"0203":[{"pref":"大分県","city":"中津市","town":"本耶馬渓町多志田"}],"0314":[{"pref":"大分県","city":"中津市","town":"本耶馬渓町西谷"}],"0208":[{"pref":"大分県","city":"中津市","town":"本耶馬渓町西屋形"}],"0315":[{"pref":"大分県","city":"中津市","town":"本耶馬渓町東谷"}],"0207":[{"pref":"大分県","city":"中津市","town":"本耶馬渓町東屋形"}],"0201":[{"pref":"大分県","city":"中津市","town":"本耶馬渓町樋田"}],"0047":[{"pref":"大分県","city":"中津市","town":"丸山町"}],"0025":[{"pref":"大分県","city":"中津市","town":"万田"}],"0061":[{"pref":"大分県","city":"中津市","town":"南稲堀"}],"0092":[{"pref":"大分県","city":"中津市","town":"南新地"}],"0087":[{"pref":"大分県","city":"中津市","town":"南堀川町"}],"0037":[{"pref":"大分県","city":"中津市","town":"宮島町"}],"0012":[{"pref":"大分県","city":"中津市","town":"宮夫"}],"0049":[{"pref":"大分県","city":"中津市","town":"諸町"}],"0083":[{"pref":"大分県","city":"中津市","town":"矢場"}],"0431":[{"pref":"大分県","city":"中津市","town":"耶馬溪町大島"}],"0413":[{"pref":"大分県","city":"中津市","town":"耶馬溪町大野"}],"0406":[{"pref":"大分県","city":"中津市","town":"耶馬溪町小友田"}],"0405":[{"pref":"大分県","city":"中津市","town":"耶馬溪町柿坂"}],"0432":[{"pref":"大分県","city":"中津市","town":"耶馬溪町金吉"}],"0402":[{"pref":"大分県","city":"中津市","town":"耶馬溪町冠石野"}],"0414":[{"pref":"大分県","city":"中津市","town":"耶馬溪町川原口"}],"0422":[{"pref":"大分県","city":"中津市","town":"耶馬溪町深耶馬"}],"0403":[{"pref":"大分県","city":"中津市","town":"耶馬溪町多志田"}],"0412":[{"pref":"大分県","city":"中津市","town":"耶馬溪町栃木"}],"0404":[{"pref":"大分県","city":"中津市","town":"耶馬溪町戸原"}],"0411":[{"pref":"大分県","city":"中津市","town":"耶馬溪町中畑"}],"0434":[{"pref":"大分県","city":"中津市","town":"耶馬溪町樋山路"}],"0401":[{"pref":"大分県","city":"中津市","town":"耶馬溪町平田"}],"0408":[{"pref":"大分県","city":"中津市","town":"耶馬溪町福土"}],"0407":[{"pref":"大分県","city":"中津市","town":"耶馬溪町三尾母"}],"0433":[{"pref":"大分県","city":"中津市","town":"耶馬溪町宮園"}],"0421":[{"pref":"大分県","city":"中津市","town":"耶馬溪町山移"}],"0715":[{"pref":"大分県","city":"中津市","town":"山国町宇曽"}],"0702":[{"pref":"大分県","city":"中津市","town":"山国町草本"}],"0703":[{"pref":"大分県","city":"中津市","town":"山国町小屋川"}],"0701":[{"pref":"大分県","city":"中津市","town":"山国町槻木"}],"0714":[{"pref":"大分県","city":"中津市","town":"山国町長尾野"}],"0716":[{"pref":"大分県","city":"中津市","town":"山国町中摩"}],"0711":[{"pref":"大分県","city":"中津市","town":"山国町平小野"}],"0713":[{"pref":"大分県","city":"中津市","town":"山国町藤野木"}],"0712":[{"pref":"大分県","city":"中津市","town":"山国町守実"}],"0704":[{"pref":"大分県","city":"中津市","town":"山国町吉野"}],"0062":[{"pref":"大分県","city":"中津市","town":"山下"}],"0085":[{"pref":"大分県","city":"中津市","town":"弓町"}],"0023":[{"pref":"大分県","city":"中津市","town":"湯屋"}],"0096":[{"pref":"大分県","city":"中津市","town":"竜王町"}],"0088":[{"pref":"大分県","city":"中津市","town":"留守居町"}]}