{"1111":[{"pref":"茨城県","city":"水戸市","town":"小泉町"}],"1112":[{"pref":"茨城県","city":"水戸市","town":"川又町"}],"1113":[{"pref":"茨城県","city":"水戸市","town":"平戸町"}],"1114":[{"pref":"茨城県","city":"水戸市","town":"塩崎町"}],"1115":[{"pref":"茨城県","city":"水戸市","town":"大串町"}],"1121":[{"pref":"茨城県","city":"水戸市","town":"島田町"}],"1122":[{"pref":"茨城県","city":"水戸市","town":"秋成町"}],"1123":[{"pref":"茨城県","city":"水戸市","town":"下入野町"}],"1124":[{"pref":"茨城県","city":"水戸市","town":"森戸町"}],"1125":[{"pref":"茨城県","city":"水戸市","town":"大場町"}],"1131":[{"pref":"茨城県","city":"水戸市","town":"下大野町"}],"1132":[{"pref":"茨城県","city":"水戸市","town":"東前町"}],"1133":[{"pref":"茨城県","city":"水戸市","town":"栗崎町"}],"1134":[{"pref":"茨城県","city":"水戸市","town":"百合が丘町"}],"1135":[{"pref":"茨城県","city":"水戸市","town":"六反田町"}],"1136":[{"pref":"茨城県","city":"水戸市","town":"東前"}],"1201":[{"pref":"茨城県","city":"ひたちなか市","town":"阿字ケ浦町"}],"1202":[{"pref":"茨城県","city":"ひたちなか市","town":"磯崎町"}],"1203":[{"pref":"茨城県","city":"ひたちなか市","town":"平磯町"}],"1204":[{"pref":"茨城県","city":"ひたちなか市","town":"平磯遠原町"}],"1205":[{"pref":"茨城県","city":"ひたちなか市","town":"十三奉行"}],"1206":[{"pref":"茨城県","city":"ひたちなか市","town":"西十三奉行"}],"1207":[{"pref":"茨城県","city":"ひたちなか市","town":"烏ケ台"}],"1211":[{"pref":"茨城県","city":"ひたちなか市","town":"沢メキ"}],"1212":[{"pref":"茨城県","city":"ひたちなか市","town":"殿山町"}],"1213":[{"pref":"茨城県","city":"ひたちなか市","town":"牛久保"}],"1214":[{"pref":"茨城県","city":"ひたちなか市","town":"和田町"}],"1215":[{"pref":"茨城県","city":"ひたちなか市","town":"東本町"}],"1216":[{"pref":"茨城県","city":"ひたちなか市","town":"湊泉町"}],"1217":[{"pref":"茨城県","city":"ひたちなか市","town":"富士ノ下"}],"1218":[{"pref":"茨城県","city":"ひたちなか市","town":"富士ノ上"}],"1221":[{"pref":"茨城県","city":"ひたちなか市","town":"湊本町"}],"1222":[{"pref":"茨城県","city":"ひたちなか市","town":"海門町"}],"1223":[{"pref":"茨城県","city":"ひたちなか市","town":"栄町"}],"1224":[{"pref":"茨城県","city":"ひたちなか市","town":"山ノ上町"}],"1225":[{"pref":"茨城県","city":"ひたちなか市","town":"釈迦町"}],"1226":[{"pref":"茨城県","city":"ひたちなか市","town":"幸町"}],"1227":[{"pref":"茨城県","city":"ひたちなか市","town":"洞下町"}],"1228":[{"pref":"茨城県","city":"ひたちなか市","town":"八幡町"}],"1229":[{"pref":"茨城県","city":"ひたちなか市","town":"湊中央"}],"1231":[{"pref":"茨城県","city":"ひたちなか市","town":"柳沢"}],"1232":[{"pref":"茨城県","city":"ひたちなか市","town":"柳が丘"}],"1233":[{"pref":"茨城県","city":"ひたちなか市","town":"堀川"}],"1234":[{"pref":"茨城県","city":"ひたちなか市","town":"峰後"}],"1235":[{"pref":"茨城県","city":"ひたちなか市","town":"田中後"}],"1236":[{"pref":"茨城県","city":"ひたちなか市","town":"国神前"}],"1237":[{"pref":"茨城県","city":"ひたちなか市","town":"関戸"}],"1238":[{"pref":"茨城県","city":"ひたちなか市","town":"美田多町"}],"1241":[{"pref":"茨城県","city":"ひたちなか市","town":"赤坂"}],"1242":[{"pref":"茨城県","city":"ひたちなか市","town":"西赤坂"}],"1243":[{"pref":"茨城県","city":"ひたちなか市","town":"北神敷台"}],"1244":[{"pref":"茨城県","city":"ひたちなか市","town":"南神敷台"}],"1245":[{"pref":"茨城県","city":"ひたちなか市","town":"館山"}],"1246":[{"pref":"茨城県","city":"ひたちなか市","town":"相金町"}],"1247":[{"pref":"茨城県","city":"ひたちなか市","town":"四十発句"}],"1248":[{"pref":"茨城県","city":"ひたちなか市","town":"田宮原"}],"1251":[{"pref":"茨城県","city":"ひたちなか市","town":"山崎"}],"1252":[{"pref":"茨城県","city":"ひたちなか市","town":"部田野"}],"1253":[{"pref":"茨城県","city":"ひたちなか市","town":"小谷金"}],"1254":[{"pref":"茨城県","city":"ひたちなか市","town":"新堤"}],"1255":[{"pref":"茨城県","city":"ひたちなか市","town":"雨沢谷津"}],"1261":[{"pref":"茨城県","city":"ひたちなか市","town":"鶴代"}],"1262":[{"pref":"茨城県","city":"ひたちなか市","town":"道メキ"}],"1263":[{"pref":"茨城県","city":"ひたちなか市","town":"和尚塚"}],"1264":[{"pref":"茨城県","city":"ひたちなか市","town":"浅井内"}],"1265":[{"pref":"茨城県","city":"ひたちなか市","town":"狢谷津"}],"1266":[{"pref":"茨城県","city":"ひたちなか市","town":"船窪"}],"1267":[{"pref":"茨城県","city":"ひたちなか市","town":"廻り目"}],"1268":[{"pref":"茨城県","city":"ひたちなか市","town":"湊中原"}],"1300":[{"pref":"茨城県","city":"東茨城郡大洗町","town":"以下に掲載がない場合"}],"1301":[{"pref":"茨城県","city":"東茨城郡大洗町","town":"磯浜町"}],"1302":[{"pref":"茨城県","city":"東茨城郡大洗町","town":"磯道"}],"1303":[{"pref":"茨城県","city":"東茨城郡大洗町","town":"東光台"}],"1304":[{"pref":"茨城県","city":"東茨城郡大洗町","town":"和銅"}],"1305":[{"pref":"茨城県","city":"東茨城郡大洗町","town":"港中央"}],"1306":[{"pref":"茨城県","city":"東茨城郡大洗町","town":"五反田"}],"1307":[{"pref":"茨城県","city":"東茨城郡大洗町","town":"桜道"}],"1311":[{"pref":"茨城県","city":"東茨城郡大洗町","town":"大貫町"}],"1312":[{"pref":"茨城県","city":"東茨城郡大洗町","town":"神山町"}],"1313":[{"pref":"茨城県","city":"東茨城郡大洗町","town":"成田町"}],"1401":[{"pref":"茨城県","city":"鉾田市","town":"箕輪"}],"1402":[{"pref":"茨城県","city":"鉾田市","town":"下太田"}],"1403":[{"pref":"茨城県","city":"鉾田市","town":"上釜"}],"1404":[{"pref":"茨城県","city":"鉾田市","town":"沢尻"}],"1405":[{"pref":"茨城県","city":"鉾田市","town":"上太田"}],"1406":[{"pref":"茨城県","city":"鉾田市","town":"田崎"}],"1411":[{"pref":"茨城県","city":"鉾田市","town":"荒地"}],"1412":[{"pref":"茨城県","city":"鉾田市","town":"玉田"}],"1413":[{"pref":"茨城県","city":"鉾田市","town":"冷水"}],"1414":[{"pref":"茨城県","city":"鉾田市","town":"子生"}],"1415":[{"pref":"茨城県","city":"鉾田市","town":"造谷"}],"1416":[{"pref":"茨城県","city":"鉾田市","town":"鹿田"}],"1421":[{"pref":"茨城県","city":"鉾田市","town":"勝下新田"}],"1422":[{"pref":"茨城県","city":"鉾田市","town":"勝下"}],"1423":[{"pref":"茨城県","city":"鉾田市","town":"滝浜"}],"1424":[{"pref":"茨城県","city":"鉾田市","town":"柏熊新田"}],"1425":[{"pref":"茨城県","city":"鉾田市","town":"湯坪"}],"1426":[{"pref":"茨城県","city":"鉾田市","town":"樅山"}],"1427":[{"pref":"茨城県","city":"鉾田市","town":"常磐"}],"1500":[{"pref":"茨城県","city":"鉾田市","town":"以下に掲載がない場合"}],"1501":[{"pref":"茨城県","city":"鉾田市","town":"舟木"}],"1502":[{"pref":"茨城県","city":"鉾田市","town":"大戸"}],"1503":[{"pref":"茨城県","city":"鉾田市","town":"徳宿"}],"1504":[{"pref":"茨城県","city":"鉾田市","town":"安房"}],"1505":[{"pref":"茨城県","city":"鉾田市","town":"駒木根"}],"1506":[{"pref":"茨城県","city":"鉾田市","town":"秋山"}],"1511":[{"pref":"茨城県","city":"鉾田市","town":"柏熊"}],"1512":[{"pref":"茨城県","city":"鉾田市","town":"白塚"}],"1513":[{"pref":"茨城県","city":"鉾田市","town":"大竹"}],"1514":[{"pref":"茨城県","city":"鉾田市","town":"安塚"}],"1515":[{"pref":"茨城県","city":"鉾田市","town":"烟田"}],"1516":[{"pref":"茨城県","city":"鉾田市","town":"新鉾田"}],"1517":[{"pref":"茨城県","city":"鉾田市","town":"鉾田"}],"1518":[{"pref":"茨城県","city":"鉾田市","town":"新鉾田西"}],"1521":[{"pref":"茨城県","city":"鉾田市","town":"飯名"}],"1522":[{"pref":"茨城県","city":"鉾田市","town":"塔ケ崎"}],"1523":[{"pref":"茨城県","city":"鉾田市","town":"串挽"}],"1524":[{"pref":"茨城県","city":"鉾田市","town":"高田"}],"1525":[{"pref":"茨城県","city":"鉾田市","town":"野友"}],"1526":[{"pref":"茨城県","city":"鉾田市","town":"半原"}],"1527":[{"pref":"茨城県","city":"鉾田市","town":"借宿"}],"1528":[{"pref":"茨城県","city":"鉾田市","town":"当間"}],"1531":[{"pref":"茨城県","city":"鉾田市","town":"菅野谷"}],"1532":[{"pref":"茨城県","city":"鉾田市","town":"上冨田"}],"1533":[{"pref":"茨城県","city":"鉾田市","town":"下冨田"}],"1534":[{"pref":"茨城県","city":"鉾田市","town":"鳥栖"}],"1535":[{"pref":"茨城県","city":"鉾田市","town":"青柳"}],"1536":[{"pref":"茨城県","city":"鉾田市","town":"大和田"}],"1537":[{"pref":"茨城県","city":"鉾田市","town":"紅葉"}],"1701":[{"pref":"茨城県","city":"行方市","town":"長野江"}],"1702":[{"pref":"茨城県","city":"行方市","town":"三和"}],"1703":[{"pref":"茨城県","city":"行方市","town":"成田"}],"1704":[{"pref":"茨城県","city":"行方市","town":"山田"}],"1705":[{"pref":"茨城県","city":"行方市","town":"内宿"}],"1711":[{"pref":"茨城県","city":"行方市","town":"吉川"}],"1712":[{"pref":"茨城県","city":"行方市","town":"繁昌"}],"1713":[{"pref":"茨城県","city":"行方市","town":"中根"}],"1714":[{"pref":"茨城県","city":"行方市","town":"南高岡"}],"1715":[{"pref":"茨城県","city":"行方市","town":"小幡"}],"1716":[{"pref":"茨城県","city":"行方市","town":"北高岡"}],"1721":[{"pref":"茨城県","city":"行方市","town":"両宿"}],"1722":[{"pref":"茨城県","city":"行方市","town":"次木"}],"1723":[{"pref":"茨城県","city":"行方市","town":"行戸"}],"1724":[{"pref":"茨城県","city":"行方市","town":"小貫"}],"2101":[{"pref":"茨城県","city":"鉾田市","town":"青山"}],"2102":[{"pref":"茨城県","city":"鉾田市","town":"台濁沢"}],"2103":[{"pref":"茨城県","city":"鉾田市","town":"汲上"}],"2104":[{"pref":"茨城県","city":"鉾田市","town":"梶山"}],"2105":[{"pref":"茨城県","city":"鉾田市","town":"二重作"}],"2111":[{"pref":"茨城県","city":"鉾田市","town":"上沢"}],"2112":[{"pref":"茨城県","city":"鉾田市","town":"飯島"}],"2113":[{"pref":"茨城県","city":"鉾田市","town":"上幡木"}],"2114":[{"pref":"茨城県","city":"鉾田市","town":"江川"}],"2115":[{"pref":"茨城県","city":"鉾田市","town":"中居"}],"2116":[{"pref":"茨城県","city":"鉾田市","town":"札"}],"2117":[{"pref":"茨城県","city":"鉾田市","town":"大蔵"}],"2118":[{"pref":"茨城県","city":"鉾田市","town":"阿玉"}],"2201":[{"pref":"茨城県","city":"鹿嶋市","town":"大小志崎"}],"2202":[{"pref":"茨城県","city":"鹿嶋市","town":"武井釜"}],"2203":[{"pref":"茨城県","city":"鹿嶋市","town":"浜津賀"}],"2204":[{"pref":"茨城県","city":"鹿嶋市","town":"荒井"}],"2205":[{"pref":"茨城県","city":"鹿嶋市","town":"津賀"}],"2206":[{"pref":"茨城県","city":"鹿嶋市","town":"武井"}],"2207":[{"pref":"茨城県","city":"鹿嶋市","town":"志崎"}],"2211":[{"pref":"茨城県","city":"鹿嶋市","town":"青塚"}],"2212":[{"pref":"茨城県","city":"鹿嶋市","town":"角折"}],"2213":[{"pref":"茨城県","city":"鹿嶋市","town":"中"}],"2214":[{"pref":"茨城県","city":"鹿嶋市","town":"棚木"}],"2215":[{"pref":"茨城県","city":"鹿嶋市","town":"和"}],"2221":[{"pref":"茨城県","city":"鹿嶋市","town":"荒野"}],"2222":[{"pref":"茨城県","city":"鹿嶋市","town":"小山"}],"2223":[{"pref":"茨城県","city":"鹿嶋市","town":"林"}],"2224":[{"pref":"茨城県","city":"鹿嶋市","town":"奈良毛"}],"2400":[{"pref":"茨城県","city":"潮来市","town":"以下に掲載がない場合"}],"2401":[{"pref":"茨城県","city":"潮来市","town":"大賀"}],"2402":[{"pref":"茨城県","city":"潮来市","town":"大生"}],"2403":[{"pref":"茨城県","city":"潮来市","town":"釜谷"}],"2404":[{"pref":"茨城県","city":"潮来市","town":"水原"}],"2405":[{"pref":"茨城県","city":"潮来市","town":"築地"}],"2406":[{"pref":"茨城県","city":"潮来市","town":"新宮"}],"2407":[{"pref":"茨城県","city":"潮来市","town":"下田"}],"2408":[{"pref":"茨城県","city":"潮来市","town":"洲崎"}],"2409":[{"pref":"茨城県","city":"潮来市","town":"延方東"}],"2410":[{"pref":"茨城県","city":"潮来市","town":"延方西"}],"2412":[{"pref":"茨城県","city":"潮来市","town":"宮前"}],"2415":[{"pref":"茨城県","city":"潮来市","town":"延方"}],"2416":[{"pref":"茨城県","city":"潮来市","town":"前川"}],"2417":[{"pref":"茨城県","city":"潮来市","town":"米島"}],"2418":[{"pref":"茨城県","city":"潮来市","town":"徳島"}],"2419":[{"pref":"茨城県","city":"潮来市","town":"福島"}],"2421":[{"pref":"茨城県","city":"潮来市","town":"辻"}],"2422":[{"pref":"茨城県","city":"潮来市","town":"大洲"}],"2423":[{"pref":"茨城県","city":"潮来市","town":"日の出"}],"2424":[{"pref":"茨城県","city":"潮来市","town":"潮来"}],"2425":[{"pref":"茨城県","city":"潮来市","town":"あやめ"}],"2426":[{"pref":"茨城県","city":"潮来市","town":"大塚野"}],"2431":[{"pref":"茨城県","city":"潮来市","town":"清水"}],"2432":[{"pref":"茨城県","city":"潮来市","town":"茂木"}],"2433":[{"pref":"茨城県","city":"潮来市","town":"堀之内"}],"2434":[{"pref":"茨城県","city":"潮来市","town":"島須"}],"2435":[{"pref":"茨城県","city":"潮来市","town":"上戸"}],"2436":[{"pref":"茨城県","city":"潮来市","town":"牛堀"}],"2437":[{"pref":"茨城県","city":"潮来市","town":"永山"}],"2440":[{"pref":"茨城県","city":"潮来市","town":"川尾"}],"2441":[{"pref":"茨城県","city":"潮来市","town":"大山"}],"2442":[{"pref":"茨城県","city":"潮来市","town":"小泉"}],"2443":[{"pref":"茨城県","city":"潮来市","town":"新宮南"}],"2444":[{"pref":"茨城県","city":"潮来市","town":"小泉南"}],"2445":[{"pref":"茨城県","city":"潮来市","town":"曲松南"}],"2446":[{"pref":"茨城県","city":"潮来市","town":"須賀南"}],"2447":[{"pref":"茨城県","city":"潮来市","town":"曲松"}],"2448":[{"pref":"茨城県","city":"潮来市","town":"須賀"}],"2449":[{"pref":"茨城県","city":"潮来市","town":"古高"}],"3100":[{"pref":"茨城県","city":"東茨城郡茨城町","town":"以下に掲載がない場合"}],"3101":[{"pref":"茨城県","city":"東茨城郡茨城町","town":"南川又"}],"3102":[{"pref":"茨城県","city":"東茨城郡茨城町","town":"南栗崎"}],"3103":[{"pref":"茨城県","city":"東茨城郡茨城町","town":"野曽"}],"3104":[{"pref":"茨城県","city":"東茨城郡茨城町","town":"駒渡"}],"3105":[{"pref":"茨城県","city":"東茨城郡茨城町","town":"蕎麦原"}],"3106":[{"pref":"茨城県","city":"東茨城郡茨城町","town":"越安"}],"3107":[{"pref":"茨城県","city":"東茨城郡茨城町","town":"小鶴"}],"3108":[{"pref":"茨城県","city":"東茨城郡茨城町","town":"中央工業団地"}],"3111":[{"pref":"茨城県","city":"東茨城郡茨城町","town":"馬渡"}],"3112":[{"pref":"茨城県","city":"東茨城郡茨城町","town":"常井"}],"3113":[{"pref":"茨城県","city":"東茨城郡茨城町","town":"近藤"}],"3114":[{"pref":"茨城県","city":"東茨城郡茨城町","town":"大戸"}],"3115":[{"pref":"茨城県","city":"東茨城郡茨城町","town":"前田"}],"3116":[{"pref":"茨城県","city":"東茨城郡茨城町","town":"長岡"}],"3117":[{"pref":"茨城県","city":"東茨城郡茨城町","town":"桜の郷"}],"3121":[{"pref":"茨城県","city":"東茨城郡茨城町","town":"谷田部"}],"3122":[{"pref":"茨城県","city":"東茨城郡茨城町","town":"上石崎"}],"3123":[{"pref":"茨城県","city":"東茨城郡茨城町","town":"若宮"}],"3124":[{"pref":"茨城県","city":"東茨城郡茨城町","town":"中石崎"}],"3125":[{"pref":"茨城県","city":"東茨城郡茨城町","town":"下石崎"}],"3131":[{"pref":"茨城県","city":"東茨城郡茨城町","town":"小堤"}],"3132":[{"pref":"茨城県","city":"東茨城郡茨城町","town":"駒場"}],"3133":[{"pref":"茨城県","city":"東茨城郡茨城町","town":"南島田"}],"3134":[{"pref":"茨城県","city":"東茨城郡茨城町","town":"神宿"}],"3135":[{"pref":"茨城県","city":"東茨城郡茨城町","town":"海老沢"}],"3136":[{"pref":"茨城県","city":"東茨城郡茨城町","town":"宮ケ崎"}],"3137":[{"pref":"茨城県","city":"東茨城郡茨城町","town":"網掛"}],"3138":[{"pref":"茨城県","city":"東茨城郡茨城町","town":"城之内"}],"3141":[{"pref":"茨城県","city":"東茨城郡茨城町","town":"神谷"}],"3142":[{"pref":"茨城県","city":"東茨城郡茨城町","town":"鳥羽田"}],"3143":[{"pref":"茨城県","city":"東茨城郡茨城町","town":"生井沢"}],"3144":[{"pref":"茨城県","city":"東茨城郡茨城町","town":"下雨ケ谷"}],"3145":[{"pref":"茨城県","city":"東茨城郡茨城町","town":"上雨ケ谷"}],"3146":[{"pref":"茨城県","city":"東茨城郡茨城町","town":"下座"}],"3147":[{"pref":"茨城県","city":"東茨城郡茨城町","town":"秋葉"}],"3151":[{"pref":"茨城県","city":"東茨城郡茨城町","town":"木部"}],"3152":[{"pref":"茨城県","city":"東茨城郡茨城町","town":"飯沼"}],"3153":[{"pref":"茨城県","city":"東茨城郡茨城町","town":"上飯沼"}],"3154":[{"pref":"茨城県","city":"東茨城郡茨城町","town":"下飯沼"}],"3155":[{"pref":"茨城県","city":"東茨城郡茨城町","town":"下土師"}],"3156":[{"pref":"茨城県","city":"東茨城郡茨城町","town":"奥谷"}],"3157":[{"pref":"茨城県","city":"東茨城郡茨城町","town":"小幡"}],"3401":[{"pref":"茨城県","city":"小美玉市","town":"世楽"}],"3402":[{"pref":"茨城県","city":"小美玉市","town":"佐才"}],"3403":[{"pref":"茨城県","city":"小美玉市","town":"上吉影"}],"3404":[{"pref":"茨城県","city":"小美玉市","town":"飯前"}],"3405":[{"pref":"茨城県","city":"小美玉市","town":"上合"}],"3406":[{"pref":"茨城県","city":"小美玉市","town":"下吉影"}],"3411":[{"pref":"茨城県","city":"小美玉市","town":"野田"}],"3412":[{"pref":"茨城県","city":"小美玉市","town":"川戸"}],"3413":[{"pref":"茨城県","city":"小美玉市","town":"山野"}],"3414":[{"pref":"茨城県","city":"小美玉市","town":"外之内"}],"3415":[{"pref":"茨城県","city":"小美玉市","town":"百里"}],"3416":[{"pref":"茨城県","city":"小美玉市","town":"与沢"}],"3417":[{"pref":"茨城県","city":"小美玉市","town":"倉数"}],"3421":[{"pref":"茨城県","city":"小美玉市","town":"宮田"}],"3422":[{"pref":"茨城県","city":"小美玉市","town":"中延"}],"3423":[{"pref":"茨城県","city":"小美玉市","town":"小川"}],"3424":[{"pref":"茨城県","city":"小美玉市","town":"幡谷"}],"3425":[{"pref":"茨城県","city":"小美玉市","town":"小塙"}],"3426":[{"pref":"茨城県","city":"小美玉市","town":"下馬場"}],"3431":[{"pref":"茨城県","city":"小美玉市","town":"川中子"}],"3432":[{"pref":"茨城県","city":"小美玉市","town":"下玉里"}],"3433":[{"pref":"茨城県","city":"小美玉市","town":"高崎"}],"3434":[{"pref":"茨城県","city":"小美玉市","town":"栗又四ケ"}],"3435":[{"pref":"茨城県","city":"小美玉市","town":"田木谷"}],"3436":[{"pref":"茨城県","city":"小美玉市","town":"上玉里"}],"3437":[{"pref":"茨城県","city":"小美玉市","town":"東田中"}],"3501":[{"pref":"茨城県","city":"行方市","town":"芹沢"}],"3502":[{"pref":"茨城県","city":"行方市","town":"若海"}],"3503":[{"pref":"茨城県","city":"行方市","town":"捻木"}],"3504":[{"pref":"茨城県","city":"行方市","town":"谷島"}],"3505":[{"pref":"茨城県","city":"行方市","town":"浜"}],"3506":[{"pref":"茨城県","city":"行方市","town":"八木蒔"}],"3507":[{"pref":"茨城県","city":"行方市","town":"羽生"}],"3508":[{"pref":"茨城県","city":"行方市","town":"沖洲"}],"3511":[{"pref":"茨城県","city":"行方市","town":"玉造乙"}],"3512":[{"pref":"茨城県","city":"行方市","town":"玉造甲"}],"3513":[{"pref":"茨城県","city":"行方市","town":"手賀"}],"3514":[{"pref":"茨城県","city":"行方市","town":"西蓮寺"}],"3515":[{"pref":"茨城県","city":"行方市","town":"井上"}],"3516":[{"pref":"茨城県","city":"行方市","town":"井上藤井"}],"3517":[{"pref":"茨城県","city":"行方市","town":"藤井"}],"3518":[{"pref":"茨城県","city":"行方市","town":"荒宿"}],"3800":[{"pref":"茨城県","city":"行方市","town":"以下に掲載がない場合"}],"3801":[{"pref":"茨城県","city":"行方市","town":"行方"}],"3802":[{"pref":"茨城県","city":"行方市","town":"於下"}],"3803":[{"pref":"茨城県","city":"行方市","town":"井貝"}],"3804":[{"pref":"茨城県","city":"行方市","town":"小高"}],"3805":[{"pref":"茨城県","city":"行方市","town":"橋門"}],"3806":[{"pref":"茨城県","city":"行方市","town":"船子"}],"3807":[{"pref":"茨城県","city":"行方市","town":"五町田"}],"3811":[{"pref":"茨城県","city":"行方市","town":"四鹿"}],"3812":[{"pref":"茨城県","city":"行方市","town":"杉平"}],"3813":[{"pref":"茨城県","city":"行方市","town":"籠田"}],"3814":[{"pref":"茨城県","city":"行方市","town":"天掛"}],"3815":[{"pref":"茨城県","city":"行方市","town":"新宮"}],"3816":[{"pref":"茨城県","city":"行方市","town":"小牧"}],"3817":[{"pref":"茨城県","city":"行方市","town":"板峰"}],"3821":[{"pref":"茨城県","city":"行方市","town":"蔵川"}],"3822":[{"pref":"茨城県","city":"行方市","town":"岡"}],"3823":[{"pref":"茨城県","city":"行方市","town":"白浜"}],"3824":[{"pref":"茨城県","city":"行方市","town":"宇崎"}],"3825":[{"pref":"茨城県","city":"行方市","town":"根小屋"}],"3826":[{"pref":"茨城県","city":"行方市","town":"矢幡"}],"3827":[{"pref":"茨城県","city":"行方市","town":"石神"}],"3831":[{"pref":"茨城県","city":"行方市","town":"青沼"}],"3832":[{"pref":"茨城県","city":"行方市","town":"麻生"}],"3833":[{"pref":"茨城県","city":"行方市","town":"富田"}],"3834":[{"pref":"茨城県","city":"行方市","town":"粗毛"}],"3835":[{"pref":"茨城県","city":"行方市","town":"島並"}],"3836":[{"pref":"茨城県","city":"行方市","town":"南"}],"4141":[{"pref":"茨城県","city":"水戸市","town":"赤塚"}],"4142":[{"pref":"茨城県","city":"水戸市","town":"東赤塚"}],"4143":[{"pref":"茨城県","city":"水戸市","town":"大塚町"}],"4144":[{"pref":"茨城県","city":"水戸市","town":"開江町"}],"4145":[{"pref":"茨城県","city":"水戸市","town":"双葉台"}],"4146":[{"pref":"茨城県","city":"水戸市","town":"中丸町"}],"4151":[{"pref":"茨城県","city":"水戸市","town":"姫子"}],"4152":[{"pref":"茨城県","city":"水戸市","town":"河和田"}],"4153":[{"pref":"茨城県","city":"水戸市","town":"河和田町"}],"4154":[{"pref":"茨城県","city":"水戸市","town":"萱場町"}],"4155":[{"pref":"茨城県","city":"水戸市","town":"飯島町"}],"4161":[{"pref":"茨城県","city":"水戸市","town":"全隈町"}],"4162":[{"pref":"茨城県","city":"水戸市","town":"金谷町"}],"4163":[{"pref":"茨城県","city":"水戸市","town":"加倉井町"}],"4164":[{"pref":"茨城県","city":"水戸市","town":"谷津町"}],"4165":[{"pref":"茨城県","city":"水戸市","town":"木葉下町"}],"4201":[{"pref":"茨城県","city":"水戸市","town":"藤井町"}],"4202":[{"pref":"茨城県","city":"水戸市","town":"岩根町"}],"4203":[{"pref":"茨城県","city":"水戸市","town":"上国井町"}],"4204":[{"pref":"茨城県","city":"水戸市","town":"田谷町"}],"4205":[{"pref":"茨城県","city":"水戸市","town":"下国井町"}],"4206":[{"pref":"茨城県","city":"水戸市","town":"飯富町"}],"4207":[{"pref":"茨城県","city":"水戸市","town":"成沢町"}],"4208":[{"pref":"茨城県","city":"水戸市","town":"藤が原"}],"4300":[{"pref":"茨城県","city":"東茨城郡城里町","town":"以下に掲載がない場合"}],"4301":[{"pref":"茨城県","city":"東茨城郡城里町","town":"上泉"}],"4302":[{"pref":"茨城県","city":"東茨城郡城里町","town":"那珂西"}],"4303":[{"pref":"茨城県","city":"東茨城郡城里町","town":"石塚"}],"4304":[{"pref":"茨城県","city":"東茨城郡城里町","town":"下青山"}],"4305":[{"pref":"茨城県","city":"東茨城郡城里町","town":"上青山"}],"4306":[{"pref":"茨城県","city":"東茨城郡城里町","town":"春園"}],"4311":[{"pref":"茨城県","city":"東茨城郡城里町","town":"増井"}],"4312":[{"pref":"茨城県","city":"東茨城郡城里町","town":"磯野"}],"4313":[{"pref":"茨城県","city":"東茨城郡城里町","town":"上入野"}],"4314":[{"pref":"茨城県","city":"東茨城郡城里町","town":"下古内"}],"4315":[{"pref":"茨城県","city":"東茨城郡城里町","town":"上古内"}],"4316":[{"pref":"茨城県","city":"東茨城郡城里町","town":"小坂"}],"4317":[{"pref":"茨城県","city":"東茨城郡城里町","town":"勝見沢"}],"4321":[{"pref":"茨城県","city":"東茨城郡城里町","town":"粟"}],"4322":[{"pref":"茨城県","city":"東茨城郡城里町","town":"下圷"}],"4323":[{"pref":"茨城県","city":"東茨城郡城里町","town":"上圷"}],"4324":[{"pref":"茨城県","city":"東茨城郡城里町","town":"高久"}],"4325":[{"pref":"茨城県","city":"東茨城郡城里町","town":"北方"}],"4331":[{"pref":"茨城県","city":"東茨城郡城里町","town":"岩船"}],"4332":[{"pref":"茨城県","city":"東茨城郡城里町","town":"高根台"}],"4333":[{"pref":"茨城県","city":"東茨城郡城里町","town":"高根"}],"4334":[{"pref":"茨城県","city":"東茨城郡城里町","town":"孫根"}],"4335":[{"pref":"茨城県","city":"東茨城郡城里町","town":"錫高野"}],"4341":[{"pref":"茨城県","city":"東茨城郡城里町","town":"御前山"}],"4342":[{"pref":"茨城県","city":"東茨城郡城里町","town":"上阿野沢"}],"4343":[{"pref":"茨城県","city":"東茨城郡城里町","town":"下阿野沢"}],"4344":[{"pref":"茨城県","city":"東茨城郡城里町","town":"阿波山"}],"4401":[{"pref":"茨城県","city":"東茨城郡城里町","town":"塩子"}],"4402":[{"pref":"茨城県","city":"東茨城郡城里町","town":"小勝"}],"4403":[{"pref":"茨城県","city":"東茨城郡城里町","town":"大網"}],"4404":[{"pref":"茨城県","city":"東茨城郡城里町","town":"真端"}],"4405":[{"pref":"茨城県","city":"東茨城郡城里町","town":"上赤沢"}],"4406":[{"pref":"茨城県","city":"東茨城郡城里町","town":"下赤沢"}],"4407":[{"pref":"茨城県","city":"東茨城郡城里町","town":"徳蔵"}],"4411":[{"pref":"栃木県","city":"芳賀郡茂木町","town":"桧山（道木橋）"}],"4501":[{"pref":"茨城県","city":"常陸大宮市","town":"門井"}],"4502":[{"pref":"茨城県","city":"常陸大宮市","town":"野口平"}],"4503":[{"pref":"茨城県","city":"常陸大宮市","town":"野口"}],"4611":[{"pref":"茨城県","city":"常陸大宮市","town":"秋田"}],"4612":[{"pref":"茨城県","city":"常陸大宮市","town":"中居"}],"4613":[{"pref":"茨城県","city":"常陸大宮市","town":"長倉"}],"4614":[{"pref":"茨城県","city":"常陸大宮市","town":"金井"}],"4615":[{"pref":"茨城県","city":"常陸大宮市","town":"下伊勢畑"}],"4616":[{"pref":"茨城県","city":"常陸大宮市","town":"桧山"}],"4617":[{"pref":"茨城県","city":"常陸大宮市","town":"上伊勢畑"}],"4618":[{"pref":"茨城県","city":"常陸大宮市","town":"野田"}],"0402":[{"pref":"茨城県","city":"日立市","town":"入四間町"}],"0404":[{"pref":"茨城県","city":"日立市","town":"下深荻町"}],"0401":[{"pref":"茨城県","city":"日立市","town":"中深荻町"}],"0403":[{"pref":"茨城県","city":"日立市","town":"東河内町"}],"0508":[{"pref":"茨城県","city":"常陸太田市","town":"大菅町"}],"0505":[{"pref":"茨城県","city":"常陸太田市","town":"大中町"}],"0506":[{"pref":"茨城県","city":"常陸太田市","town":"折橋町"}],"0509":[{"pref":"茨城県","city":"常陸太田市","town":"上深荻町"}],"0301":[{"pref":"茨城県","city":"常陸太田市","town":"河内西町"}],"0507":[{"pref":"茨城県","city":"常陸太田市","town":"小菅町"}],"0503":[{"pref":"茨城県","city":"常陸太田市","town":"小妻町"}],"0504":[{"pref":"茨城県","city":"常陸太田市","town":"小中町"}],"0501":[{"pref":"茨城県","city":"常陸太田市","town":"里川町"}],"0325":[{"pref":"茨城県","city":"常陸太田市","town":"里野宮町"}],"0322":[{"pref":"茨城県","city":"常陸太田市","town":"常福地町"}],"0324":[{"pref":"茨城県","city":"常陸太田市","town":"白羽町"}],"0323":[{"pref":"茨城県","city":"常陸太田市","town":"茅根町"}],"0502":[{"pref":"茨城県","city":"常陸太田市","town":"徳田町"}],"0314":[{"pref":"茨城県","city":"常陸太田市","town":"西河内上町"}],"0313":[{"pref":"茨城県","city":"常陸太田市","town":"西河内中町"}],"0312":[{"pref":"茨城県","city":"常陸太田市","town":"西河内下町"}],"0321":[{"pref":"茨城県","city":"常陸太田市","town":"春友町"}],"0311":[{"pref":"茨城県","city":"常陸太田市","town":"町屋町"}],"0100":[{"pref":"茨城県","city":"那珂市","town":"以下に掲載がない場合"}],"0134":[{"pref":"茨城県","city":"那珂市","town":"飯田"}],"0125":[{"pref":"茨城県","city":"那珂市","town":"大内"}],"0135":[{"pref":"茨城県","city":"那珂市","town":"鹿島"}],"0136":[{"pref":"茨城県","city":"那珂市","town":"門部"}],"0116":[{"pref":"茨城県","city":"那珂市","town":"上河内"}],"0123":[{"pref":"茨城県","city":"那珂市","town":"上国井"}],"0131":[{"pref":"茨城県","city":"那珂市","town":"北酒出"}],"0133":[{"pref":"茨城県","city":"那珂市","town":"鴻巣"}],"0111":[{"pref":"茨城県","city":"那珂市","town":"後台"}],"0126":[{"pref":"茨城県","city":"那珂市","town":"下江戸"}],"0105":[{"pref":"茨城県","city":"那珂市","town":"菅谷"}],"0106":[{"pref":"茨城県","city":"那珂市","town":"杉"}],"0110":[{"pref":"茨城県","city":"那珂市","town":"竹ノ内"}],"0124":[{"pref":"茨城県","city":"那珂市","town":"田崎"}],"0112":[{"pref":"茨城県","city":"那珂市","town":"津田"}],"0104":[{"pref":"茨城県","city":"那珂市","town":"堤"}],"0122":[{"pref":"茨城県","city":"那珂市","town":"戸"}],"0121":[{"pref":"茨城県","city":"那珂市","town":"戸崎"}],"0117":[{"pref":"茨城県","city":"那珂市","town":"豊喰"}],"0113":[{"pref":"茨城県","city":"那珂市","town":"中台"}],"0115":[{"pref":"茨城県","city":"那珂市","town":"西木倉"}],"0108":[{"pref":"茨城県","city":"那珂市","town":"額田北郷"}],"0109":[{"pref":"茨城県","city":"那珂市","town":"額田東郷"}],"0107":[{"pref":"茨城県","city":"那珂市","town":"額田南郷"}],"0114":[{"pref":"茨城県","city":"那珂市","town":"東木倉"}],"0118":[{"pref":"茨城県","city":"那珂市","town":"福田"}],"0132":[{"pref":"茨城県","city":"那珂市","town":"南酒出"}],"0102":[{"pref":"茨城県","city":"那珂市","town":"向山"}],"0101":[{"pref":"茨城県","city":"那珂市","town":"本米崎"}],"0103":[{"pref":"茨城県","city":"那珂市","town":"横堀"}]}