{"1100":[{"pref":"兵庫県","city":"神戸市北区","town":"以下に掲載がない場合"}],"1101":[{"pref":"兵庫県","city":"神戸市北区","town":"山田町小部"}],"1102":[{"pref":"兵庫県","city":"神戸市北区","town":"山田町下谷上（大上谷、修法ケ原、中一里山「９番地の４、１２番地を除く」、"},{"pref":"兵庫県","city":"神戸市北区","town":"長尾山、再度公園）"}],"1103":[{"pref":"兵庫県","city":"神戸市北区","town":"中里町"}],"1104":[{"pref":"兵庫県","city":"神戸市北区","town":"山田町藍那"}],"1105":[{"pref":"兵庫県","city":"神戸市北区","town":"山田町小河"}],"1106":[{"pref":"兵庫県","city":"神戸市北区","town":"しあわせの村"}],"1111":[{"pref":"兵庫県","city":"神戸市北区","town":"鈴蘭台北町"}],"1112":[{"pref":"兵庫県","city":"神戸市北区","town":"鈴蘭台東町"}],"1113":[{"pref":"兵庫県","city":"神戸市北区","town":"鈴蘭台南町"}],"1114":[{"pref":"兵庫県","city":"神戸市北区","town":"鈴蘭台西町"}],"1121":[{"pref":"兵庫県","city":"神戸市北区","town":"星和台"}],"1122":[{"pref":"兵庫県","city":"神戸市北区","town":"君影町"}],"1123":[{"pref":"兵庫県","city":"神戸市北区","town":"ひよどり台"}],"1124":[{"pref":"兵庫県","city":"神戸市北区","town":"ひよどり北町"}],"1125":[{"pref":"兵庫県","city":"神戸市北区","town":"ひよどり台南町"}],"1131":[{"pref":"兵庫県","city":"神戸市北区","town":"北五葉"}],"1132":[{"pref":"兵庫県","city":"神戸市北区","town":"南五葉"}],"1133":[{"pref":"兵庫県","city":"神戸市北区","town":"鳴子"}],"1141":[{"pref":"兵庫県","city":"神戸市北区","town":"泉台"}],"1142":[{"pref":"兵庫県","city":"神戸市北区","town":"甲栄台"}],"1143":[{"pref":"兵庫県","city":"神戸市北区","town":"若葉台"}],"1144":[{"pref":"兵庫県","city":"神戸市北区","town":"大脇台"}],"1145":[{"pref":"兵庫県","city":"神戸市北区","town":"惣山町"}],"1146":[{"pref":"兵庫県","city":"神戸市北区","town":"杉尾台"}],"1147":[{"pref":"兵庫県","city":"神戸市北区","town":"松宮台"}],"1201":[{"pref":"兵庫県","city":"神戸市北区","town":"西大池"}],"1202":[{"pref":"兵庫県","city":"神戸市北区","town":"花山中尾台"}],"1203":[{"pref":"兵庫県","city":"神戸市北区","town":"幸陽町"}],"1204":[{"pref":"兵庫県","city":"神戸市北区","town":"花山東町"}],"1205":[{"pref":"兵庫県","city":"神戸市北区","town":"花山台"}],"1206":[{"pref":"兵庫県","city":"神戸市北区","town":"大池見山台"}],"1211":[{"pref":"兵庫県","city":"神戸市北区","town":"小倉台"}],"1212":[{"pref":"兵庫県","city":"神戸市北区","town":"筑紫が丘"}],"1213":[{"pref":"兵庫県","city":"神戸市北区","town":"広陵町"}],"1214":[{"pref":"兵庫県","city":"神戸市北区","town":"桜森町"}],"1221":[{"pref":"兵庫県","city":"神戸市北区","town":"緑町"}],"1222":[{"pref":"兵庫県","city":"神戸市北区","town":"大原"}],"1223":[{"pref":"兵庫県","city":"神戸市北区","town":"桂木"}],"1231":[{"pref":"兵庫県","city":"神戸市北区","town":"青葉台"}],"1232":[{"pref":"兵庫県","city":"神戸市北区","town":"松が枝町"}],"1233":[{"pref":"兵庫県","city":"神戸市北区","town":"日の峰"}],"1241":[{"pref":"兵庫県","city":"神戸市北区","town":"山田町大池"}],"1242":[{"pref":"兵庫県","city":"神戸市北区","town":"山田町上谷上"}],"1243":[{"pref":"兵庫県","city":"神戸市北区","town":"山田町下谷上（その他）"}],"1244":[{"pref":"兵庫県","city":"神戸市北区","town":"谷上南町"}],"1245":[{"pref":"兵庫県","city":"神戸市北区","town":"谷上東町"}],"1246":[{"pref":"兵庫県","city":"神戸市北区","town":"谷上西町"}],"1251":[{"pref":"兵庫県","city":"神戸市北区","town":"山田町与左衛門新田"}],"1252":[{"pref":"兵庫県","city":"神戸市北区","town":"山田町原野"}],"1253":[{"pref":"兵庫県","city":"神戸市北区","town":"山田町中"}],"1254":[{"pref":"兵庫県","city":"神戸市北区","town":"山田町福地"}],"1255":[{"pref":"兵庫県","city":"神戸市北区","town":"柏尾台"}],"1261":[{"pref":"兵庫県","city":"神戸市北区","town":"山田町坂本"}],"1262":[{"pref":"兵庫県","city":"神戸市北区","town":"山田町東下"}],"1263":[{"pref":"兵庫県","city":"神戸市北区","town":"山田町西下"}],"1264":[{"pref":"兵庫県","city":"神戸市北区","town":"山田町衝原"}],"1301":[{"pref":"兵庫県","city":"神戸市北区","town":"藤原台北町"}],"1302":[{"pref":"兵庫県","city":"神戸市北区","town":"藤原台中町"}],"1303":[{"pref":"兵庫県","city":"神戸市北区","town":"藤原台南町"}],"1304":[{"pref":"兵庫県","city":"神戸市北区","town":"京地"}],"1305":[{"pref":"兵庫県","city":"神戸市北区","town":"西山"}],"1306":[{"pref":"兵庫県","city":"神戸市北区","town":"菖蒲が丘"}],"1311":[{"pref":"兵庫県","city":"神戸市北区","town":"有野町二郎"}],"1312":[{"pref":"兵庫県","city":"神戸市北区","town":"有野町有野"}],"1313":[{"pref":"兵庫県","city":"神戸市北区","town":"有野中町"}],"1321":[{"pref":"兵庫県","city":"神戸市北区","town":"有野台"}],"1322":[{"pref":"兵庫県","city":"神戸市北区","town":"東有野台"}],"1331":[{"pref":"兵庫県","city":"神戸市北区","town":"有野町唐櫃"}],"1332":[{"pref":"兵庫県","city":"神戸市北区","town":"唐櫃台"}],"1333":[{"pref":"兵庫県","city":"神戸市北区","town":"東大池"}],"1334":[{"pref":"兵庫県","city":"神戸市北区","town":"唐櫃六甲台"}],"1341":[{"pref":"兵庫県","city":"神戸市北区","town":"八多町深谷"}],"1342":[{"pref":"兵庫県","city":"神戸市北区","town":"八多町柳谷"}],"1343":[{"pref":"兵庫県","city":"神戸市北区","town":"八多町附物"}],"1344":[{"pref":"兵庫県","city":"神戸市北区","town":"八多町屏風"}],"1345":[{"pref":"兵庫県","city":"神戸市北区","town":"八多町西畑"}],"1351":[{"pref":"兵庫県","city":"神戸市北区","town":"八多町中"}],"1352":[{"pref":"兵庫県","city":"神戸市北区","town":"八多町下小名田"}],"1353":[{"pref":"兵庫県","city":"神戸市北区","town":"八多町吉尾"}],"1354":[{"pref":"兵庫県","city":"神戸市北区","town":"八多町上小名田"}],"1401":[{"pref":"兵庫県","city":"神戸市北区","town":"有馬町"}],"1411":[{"pref":"兵庫県","city":"西宮市","town":"山口町名来"}],"1412":[{"pref":"兵庫県","city":"西宮市","town":"山口町下山口"}],"1413":[{"pref":"兵庫県","city":"西宮市","town":"北六甲台"}],"1421":[{"pref":"兵庫県","city":"西宮市","town":"山口町上山口"}],"1422":[{"pref":"兵庫県","city":"西宮市","town":"山口町金仙寺"}],"1423":[{"pref":"兵庫県","city":"西宮市","town":"山口町船坂"}],"1424":[{"pref":"兵庫県","city":"西宮市","town":"山口町香花園"}],"1431":[{"pref":"兵庫県","city":"西宮市","town":"山口町阪神流通センター"}],"1432":[{"pref":"兵庫県","city":"西宮市","town":"すみれ台"}],"1433":[{"pref":"兵庫県","city":"西宮市","town":"山口町中野"}],"1501":[{"pref":"兵庫県","city":"神戸市北区","town":"道場町道場"}],"1502":[{"pref":"兵庫県","city":"神戸市北区","town":"道場町塩田"}],"1503":[{"pref":"兵庫県","city":"神戸市北区","town":"道場町生野（その他）"}],"1504":[{"pref":"兵庫県","city":"神戸市北区","town":"道場町平田"}],"1505":[{"pref":"兵庫県","city":"神戸市北区","town":"道場町日下部"}],"1511":[{"pref":"兵庫県","city":"神戸市北区","town":"長尾町宅原"}],"1512":[{"pref":"兵庫県","city":"神戸市北区","town":"長尾町上津"}],"1513":[{"pref":"兵庫県","city":"神戸市北区","town":"鹿の子台北町"}],"1514":[{"pref":"兵庫県","city":"神戸市北区","town":"鹿の子台南町"}],"1515":[{"pref":"兵庫県","city":"神戸市北区","town":"上津台"}],"1516":[{"pref":"兵庫県","city":"神戸市北区","town":"赤松台"}],"1521":[{"pref":"兵庫県","city":"神戸市北区","town":"大沢町市原"}],"1522":[{"pref":"兵庫県","city":"神戸市北区","town":"大沢町上大沢"}],"1523":[{"pref":"兵庫県","city":"神戸市北区","town":"大沢町神付"}],"1524":[{"pref":"兵庫県","city":"神戸市北区","town":"大沢町中大沢"}],"1525":[{"pref":"兵庫県","city":"神戸市北区","town":"大沢町日西原"}],"1526":[{"pref":"兵庫県","city":"神戸市北区","town":"大沢町簾"}],"1601":[{"pref":"兵庫県","city":"神戸市北区","town":"淡河町北僧尾"}],"1602":[{"pref":"兵庫県","city":"神戸市北区","town":"淡河町南僧尾"}],"1603":[{"pref":"兵庫県","city":"神戸市北区","town":"淡河町淡河"}],"1604":[{"pref":"兵庫県","city":"神戸市北区","town":"淡河町勝雄"}],"1611":[{"pref":"兵庫県","city":"神戸市北区","town":"淡河町中山"}],"1612":[{"pref":"兵庫県","city":"神戸市北区","town":"淡河町東畑"}],"1613":[{"pref":"兵庫県","city":"神戸市北区","town":"淡河町行原"}],"1614":[{"pref":"兵庫県","city":"神戸市北区","town":"淡河町木津"}],"1615":[{"pref":"兵庫県","city":"神戸市北区","town":"淡河町萩原"}],"1616":[{"pref":"兵庫県","city":"神戸市北区","town":"淡河町北畑"}],"1621":[{"pref":"兵庫県","city":"神戸市北区","town":"淡河町神影"}],"1622":[{"pref":"兵庫県","city":"神戸市北区","town":"淡河町神田"}],"1623":[{"pref":"兵庫県","city":"神戸市北区","town":"淡河町野瀬"}],"2101":[{"pref":"兵庫県","city":"神戸市西区","town":"伊川谷町布施畑"}],"2102":[{"pref":"兵庫県","city":"神戸市西区","town":"学園東町"}],"2103":[{"pref":"兵庫県","city":"神戸市西区","town":"学園西町"}],"2104":[{"pref":"兵庫県","city":"神戸市西区","town":"伊川谷町長坂"}],"2105":[{"pref":"兵庫県","city":"神戸市西区","town":"伊川谷町上脇"}],"2106":[{"pref":"兵庫県","city":"神戸市西区","town":"伊川谷町井吹"}],"2107":[{"pref":"兵庫県","city":"神戸市西区","town":"伊川谷町小寺"}],"2108":[{"pref":"兵庫県","city":"神戸市西区","town":"伊川谷町前開"}],"2109":[{"pref":"兵庫県","city":"神戸市西区","town":"前開南町"}],"2111":[{"pref":"兵庫県","city":"神戸市西区","town":"池上"}],"2112":[{"pref":"兵庫県","city":"神戸市西区","town":"大津和"}],"2113":[{"pref":"兵庫県","city":"神戸市西区","town":"伊川谷町有瀬"}],"2114":[{"pref":"兵庫県","city":"神戸市西区","town":"今寺"}],"2115":[{"pref":"兵庫県","city":"神戸市西区","town":"伊川谷町別府"}],"2116":[{"pref":"兵庫県","city":"神戸市西区","town":"南別府"}],"2117":[{"pref":"兵庫県","city":"神戸市西区","town":"北別府"}],"2120":[{"pref":"兵庫県","city":"神戸市西区","town":"和井取"}],"2121":[{"pref":"兵庫県","city":"神戸市西区","town":"玉津町水谷"},{"pref":"兵庫県","city":"神戸市西区","town":"水谷"}],"2122":[{"pref":"兵庫県","city":"神戸市西区","town":"玉津町高津橋"}],"2123":[{"pref":"兵庫県","city":"神戸市西区","town":"天王山"}],"2124":[{"pref":"兵庫県","city":"神戸市西区","town":"伊川谷町潤和"}],"2125":[{"pref":"兵庫県","city":"神戸市西区","town":"玉津町新方"}],"2126":[{"pref":"兵庫県","city":"神戸市西区","town":"玉津町上池"}],"2127":[{"pref":"兵庫県","city":"神戸市西区","town":"玉津町西河原"}],"2128":[{"pref":"兵庫県","city":"神戸市西区","town":"玉津町今津"}],"2129":[{"pref":"兵庫県","city":"神戸市西区","town":"白水"}],"2131":[{"pref":"兵庫県","city":"神戸市西区","town":"持子"}],"2132":[{"pref":"兵庫県","city":"神戸市西区","town":"森友"}],"2133":[{"pref":"兵庫県","city":"神戸市西区","town":"枝吉"}],"2134":[{"pref":"兵庫県","city":"神戸市西区","town":"曙町"}],"2135":[{"pref":"兵庫県","city":"神戸市西区","town":"王塚台"}],"2136":[{"pref":"兵庫県","city":"神戸市西区","town":"中野"}],"2137":[{"pref":"兵庫県","city":"神戸市西区","town":"玉津町出合"}],"2138":[{"pref":"兵庫県","city":"神戸市西区","town":"玉津町吉田"}],"2141":[{"pref":"兵庫県","city":"神戸市西区","town":"天が岡"}],"2142":[{"pref":"兵庫県","city":"神戸市西区","town":"玉津町二ツ屋"},{"pref":"兵庫県","city":"神戸市西区","town":"二ツ屋"}],"2143":[{"pref":"兵庫県","city":"神戸市西区","town":"玉津町丸塚"},{"pref":"兵庫県","city":"神戸市西区","town":"丸塚"}],"2144":[{"pref":"兵庫県","city":"神戸市西区","town":"小山"},{"pref":"兵庫県","city":"神戸市西区","town":"玉津町小山"}],"2145":[{"pref":"兵庫県","city":"神戸市西区","town":"玉津町居住"}],"2146":[{"pref":"兵庫県","city":"神戸市西区","town":"宮下"}],"2147":[{"pref":"兵庫県","city":"神戸市西区","town":"玉津町田中"}],"2148":[{"pref":"兵庫県","city":"神戸市西区","town":"長畑町"}],"2201":[{"pref":"兵庫県","city":"神戸市西区","town":"高雄台"}],"2202":[{"pref":"兵庫県","city":"神戸市西区","town":"押部谷町西盛"}],"2203":[{"pref":"兵庫県","city":"神戸市西区","town":"押部谷町近江"}],"2204":[{"pref":"兵庫県","city":"神戸市西区","town":"押部谷町高和"}],"2205":[{"pref":"兵庫県","city":"神戸市西区","town":"押部谷町養田"}],"2206":[{"pref":"兵庫県","city":"神戸市西区","town":"押部谷町和田"}],"2207":[{"pref":"兵庫県","city":"神戸市西区","town":"押部谷町細田"}],"2211":[{"pref":"兵庫県","city":"神戸市西区","town":"押部谷町栄"}],"2212":[{"pref":"兵庫県","city":"神戸市西区","town":"押部谷町押部"}],"2213":[{"pref":"兵庫県","city":"神戸市西区","town":"押部谷町福住"}],"2214":[{"pref":"兵庫県","city":"神戸市西区","town":"富士見が丘"}],"2215":[{"pref":"兵庫県","city":"神戸市西区","town":"北山台"}],"2216":[{"pref":"兵庫県","city":"神戸市西区","town":"美穂が丘"}],"2217":[{"pref":"兵庫県","city":"神戸市西区","town":"月が丘"}],"2221":[{"pref":"兵庫県","city":"神戸市西区","town":"押部谷町木幡"}],"2222":[{"pref":"兵庫県","city":"神戸市西区","town":"押部谷町木津"}],"2223":[{"pref":"兵庫県","city":"神戸市西区","town":"押部谷町木見"}],"2224":[{"pref":"兵庫県","city":"神戸市西区","town":"秋葉台"}],"2225":[{"pref":"兵庫県","city":"神戸市西区","town":"桜が丘東町"}],"2226":[{"pref":"兵庫県","city":"神戸市西区","town":"桜が丘中町"}],"2227":[{"pref":"兵庫県","city":"神戸市西区","town":"桜が丘西町"}],"2228":[{"pref":"兵庫県","city":"神戸市西区","town":"見津が丘"}],"2231":[{"pref":"兵庫県","city":"神戸市西区","town":"櫨谷町寺谷"}],"2232":[{"pref":"兵庫県","city":"神戸市西区","town":"櫨谷町友清"}],"2233":[{"pref":"兵庫県","city":"神戸市西区","town":"櫨谷町福谷"}],"2234":[{"pref":"兵庫県","city":"神戸市西区","town":"櫨谷町池谷"}],"2235":[{"pref":"兵庫県","city":"神戸市西区","town":"櫨谷町長谷"}],"2236":[{"pref":"兵庫県","city":"神戸市西区","town":"櫨谷町栃木"}],"2237":[{"pref":"兵庫県","city":"神戸市西区","town":"櫨谷町谷口"}],"2238":[{"pref":"兵庫県","city":"神戸市西区","town":"櫨谷町菅野"}],"2239":[{"pref":"兵庫県","city":"神戸市西区","town":"櫨谷町松本"}],"2241":[{"pref":"兵庫県","city":"神戸市西区","town":"室谷"}],"2242":[{"pref":"兵庫県","city":"神戸市西区","town":"井吹台東町"}],"2243":[{"pref":"兵庫県","city":"神戸市西区","town":"井吹台西町"}],"2244":[{"pref":"兵庫県","city":"神戸市西区","town":"井吹台北町"}],"2251":[{"pref":"兵庫県","city":"神戸市西区","town":"平野町下村"}],"2252":[{"pref":"兵庫県","city":"神戸市西区","town":"平野町福中"}],"2253":[{"pref":"兵庫県","city":"神戸市西区","town":"平野町向井"}],"2254":[{"pref":"兵庫県","city":"神戸市西区","town":"平野町芝崎"}],"2255":[{"pref":"兵庫県","city":"神戸市西区","town":"平野町慶明"}],"2256":[{"pref":"兵庫県","city":"神戸市西区","town":"平野町大野"}],"2257":[{"pref":"兵庫県","city":"神戸市西区","town":"平野町中津"}],"2261":[{"pref":"兵庫県","city":"神戸市西区","town":"平野町堅田"}],"2262":[{"pref":"兵庫県","city":"神戸市西区","town":"平野町繁田"}],"2263":[{"pref":"兵庫県","city":"神戸市西区","town":"平野町常本"}],"2264":[{"pref":"兵庫県","city":"神戸市西区","town":"平野町大畑"}],"2265":[{"pref":"兵庫県","city":"神戸市西区","town":"平野町宮前"}],"2266":[{"pref":"兵庫県","city":"神戸市西区","town":"平野町印路"}],"2267":[{"pref":"兵庫県","city":"神戸市西区","town":"平野町西戸田"}],"2268":[{"pref":"兵庫県","city":"神戸市西区","town":"平野町黒田"}],"2271":[{"pref":"兵庫県","city":"神戸市西区","town":"高塚台"}],"2272":[{"pref":"兵庫県","city":"神戸市西区","town":"狩場台"}],"2273":[{"pref":"兵庫県","city":"神戸市西区","town":"糀台"}],"2274":[{"pref":"兵庫県","city":"神戸市西区","town":"竹の台"}],"2275":[{"pref":"兵庫県","city":"神戸市西区","town":"樫野台"}],"2276":[{"pref":"兵庫県","city":"神戸市西区","town":"春日台"}],"2277":[{"pref":"兵庫県","city":"神戸市西区","town":"美賀多台"}],"2301":[{"pref":"兵庫県","city":"神戸市西区","town":"神出町勝成"}],"2302":[{"pref":"兵庫県","city":"神戸市西区","town":"神出町古神"}],"2303":[{"pref":"兵庫県","city":"神戸市西区","town":"神出町五百蔵"}],"2304":[{"pref":"兵庫県","city":"神戸市西区","town":"神出町小束野"}],"2311":[{"pref":"兵庫県","city":"神戸市西区","town":"神出町東"}],"2312":[{"pref":"兵庫県","city":"神戸市西区","town":"神出町南"}],"2313":[{"pref":"兵庫県","city":"神戸市西区","town":"神出町田井"}],"2321":[{"pref":"兵庫県","city":"神戸市西区","town":"神出町宝勢"}],"2331":[{"pref":"兵庫県","city":"神戸市西区","town":"神出町広谷"}],"2332":[{"pref":"兵庫県","city":"神戸市西区","town":"神出町北"}],"2333":[{"pref":"兵庫県","city":"神戸市西区","town":"神出町池田"}],"2334":[{"pref":"兵庫県","city":"神戸市西区","town":"神出町紫合"}],"2401":[{"pref":"兵庫県","city":"神戸市西区","town":"岩岡町岩岡"}],"2402":[{"pref":"兵庫県","city":"神戸市西区","town":"岩岡町印路"}],"2403":[{"pref":"兵庫県","city":"神戸市西区","town":"岩岡町西脇"}],"2404":[{"pref":"兵庫県","city":"神戸市西区","town":"岩岡町古郷"}],"2405":[{"pref":"兵庫県","city":"神戸市西区","town":"岩岡町野中"}],"2411":[{"pref":"兵庫県","city":"神戸市西区","town":"上新地"}],"2412":[{"pref":"兵庫県","city":"神戸市西区","town":"竜が岡"}],"2413":[{"pref":"兵庫県","city":"神戸市西区","town":"福吉台"}],"2414":[{"pref":"兵庫県","city":"神戸市西区","town":"大沢"}],"0095":[{"pref":"兵庫県","city":"神戸市中央区","town":"旭通"}],"0076":[{"pref":"兵庫県","city":"神戸市中央区","town":"吾妻通"}],"0092":[{"pref":"兵庫県","city":"神戸市中央区","town":"生田町"}],"0086":[{"pref":"兵庫県","city":"神戸市中央区","town":"磯上通"}],"0084":[{"pref":"兵庫県","city":"神戸市中央区","town":"磯辺通"}],"0088":[{"pref":"兵庫県","city":"神戸市中央区","town":"小野柄通"}],"0082":[{"pref":"兵庫県","city":"神戸市中央区","town":"小野浜町"}],"0053":[{"pref":"兵庫県","city":"神戸市中央区","town":"籠池通"}],"0061":[{"pref":"兵庫県","city":"神戸市中央区","town":"上筒井通"}],"0067":[{"pref":"兵庫県","city":"神戸市中央区","town":"神若通"}],"0075":[{"pref":"兵庫県","city":"神戸市中央区","town":"北本町通"}],"0066":[{"pref":"兵庫県","city":"神戸市中央区","town":"国香通"}],"0096":[{"pref":"兵庫県","city":"神戸市中央区","town":"雲井通"}],"0056":[{"pref":"兵庫県","city":"神戸市中央区","town":"熊内町"}],"0055":[{"pref":"兵庫県","city":"神戸市中央区","town":"熊内橋通"}],"0087":[{"pref":"兵庫県","city":"神戸市中央区","town":"御幸通"}],"0094":[{"pref":"兵庫県","city":"神戸市中央区","town":"琴ノ緒町"}],"0062":[{"pref":"兵庫県","city":"神戸市中央区","town":"坂口通"}],"0079":[{"pref":"兵庫県","city":"神戸市中央区","town":"東雲通"}],"0051":[{"pref":"兵庫県","city":"神戸市中央区","town":"神仙寺通"}],"0064":[{"pref":"兵庫県","city":"神戸市中央区","town":"大日通"}],"0071":[{"pref":"兵庫県","city":"神戸市中央区","town":"筒井町"}],"0057":[{"pref":"兵庫県","city":"神戸市中央区","town":"中尾町"}],"0052":[{"pref":"兵庫県","city":"神戸市中央区","town":"中島通"}],"0093":[{"pref":"兵庫県","city":"神戸市中央区","town":"二宮町"}],"0097":[{"pref":"兵庫県","city":"神戸市中央区","town":"布引町"}],"0054":[{"pref":"兵庫県","city":"神戸市中央区","town":"野崎通"}],"0068":[{"pref":"兵庫県","city":"神戸市中央区","town":"旗塚通"}],"0085":[{"pref":"兵庫県","city":"神戸市中央区","town":"八幡通"}],"0083":[{"pref":"兵庫県","city":"神戸市中央区","town":"浜辺通"}],"0077":[{"pref":"兵庫県","city":"神戸市中央区","town":"日暮通"}],"0058":[{"pref":"兵庫県","city":"神戸市中央区","town":"葺合町"}],"0081":[{"pref":"兵庫県","city":"神戸市中央区","town":"真砂通"}],"0074":[{"pref":"兵庫県","city":"神戸市中央区","town":"南本町通"}],"0063":[{"pref":"兵庫県","city":"神戸市中央区","town":"宮本通"}],"0078":[{"pref":"兵庫県","city":"神戸市中央区","town":"八雲通"}],"0091":[{"pref":"兵庫県","city":"神戸市中央区","town":"若菜通"}],"0073":[{"pref":"兵庫県","city":"神戸市中央区","town":"脇浜海岸通"}],"0072":[{"pref":"兵庫県","city":"神戸市中央区","town":"脇浜町"}],"0065":[{"pref":"兵庫県","city":"神戸市中央区","town":"割塚通"}]}