{"0072":[{"pref":"東京都","city":"新宿区","town":"大久保"}],"0074":[{"pref":"東京都","city":"新宿区","town":"北新宿"}],"0075":[{"pref":"東京都","city":"新宿区","town":"高田馬場"}],"0071":[{"pref":"東京都","city":"新宿区","town":"戸塚町"}],"0052":[{"pref":"東京都","city":"新宿区","town":"戸山（３丁目１８・２１番）"}],"0051":[{"pref":"東京都","city":"新宿区","town":"西早稲田（その他）"}],"0073":[{"pref":"東京都","city":"新宿区","town":"百人町"}]}