{"1101":[{"pref":"鹿児島県","city":"鹿屋市","town":"吾平町上名"}],"1102":[{"pref":"鹿児島県","city":"鹿屋市","town":"吾平町下名"}],"1103":[{"pref":"鹿児島県","city":"鹿屋市","town":"吾平町麓"}],"1200":[{"pref":"鹿児島県","city":"肝属郡肝付町","town":"以下に掲載がない場合"}],"1201":[{"pref":"鹿児島県","city":"肝属郡肝付町","town":"野崎"}],"1202":[{"pref":"鹿児島県","city":"肝属郡肝付町","town":"波見"}],"1203":[{"pref":"鹿児島県","city":"肝属郡肝付町","town":"後田"}],"1204":[{"pref":"鹿児島県","city":"肝属郡肝付町","town":"富山"}],"1205":[{"pref":"鹿児島県","city":"肝属郡肝付町","town":"宮下"}],"1206":[{"pref":"鹿児島県","city":"肝属郡肝付町","town":"前田"}],"1207":[{"pref":"鹿児島県","city":"肝属郡肝付町","town":"新富"}],"1401":[{"pref":"鹿児島県","city":"肝属郡肝付町","town":"北方"}],"1402":[{"pref":"鹿児島県","city":"肝属郡肝付町","town":"南方"}],"1511":[{"pref":"鹿児島県","city":"肝属郡肝付町","town":"岸良"}],"1600":[{"pref":"鹿児島県","city":"肝属郡東串良町","town":"以下に掲載がない場合"}],"1601":[{"pref":"鹿児島県","city":"鹿屋市","town":"串良町細山田"}],"1602":[{"pref":"鹿児島県","city":"鹿屋市","town":"串良町有里"}],"1603":[{"pref":"鹿児島県","city":"鹿屋市","town":"串良町岡崎"}],"1604":[{"pref":"鹿児島県","city":"鹿屋市","town":"串良町下小原"}],"1605":[{"pref":"鹿児島県","city":"鹿屋市","town":"串良町上小原"}],"1611":[{"pref":"鹿児島県","city":"肝属郡東串良町","town":"岩弘"}],"1612":[{"pref":"鹿児島県","city":"肝属郡東串良町","town":"池之原"}],"1613":[{"pref":"鹿児島県","city":"肝属郡東串良町","town":"川西"}],"1614":[{"pref":"鹿児島県","city":"肝属郡東串良町","town":"新川西"}],"1615":[{"pref":"鹿児島県","city":"肝属郡東串良町","town":"川東"}],"2300":[{"pref":"鹿児島県","city":"肝属郡錦江町","town":"以下に掲載がない場合"}],"2301":[{"pref":"鹿児島県","city":"肝属郡錦江町","town":"神川"}],"2302":[{"pref":"鹿児島県","city":"肝属郡錦江町","town":"城元"}],"2303":[{"pref":"鹿児島県","city":"肝属郡錦江町","town":"馬場"}],"2401":[{"pref":"鹿児島県","city":"肝属郡錦江町","town":"田代麓"}],"2402":[{"pref":"鹿児島県","city":"肝属郡錦江町","town":"田代川原"}],"2500":[{"pref":"鹿児島県","city":"肝属郡南大隅町","town":"以下に掲載がない場合"}],"2501":[{"pref":"鹿児島県","city":"肝属郡南大隅町","town":"根占川北"}],"2502":[{"pref":"鹿児島県","city":"肝属郡南大隅町","town":"根占川南"}],"2503":[{"pref":"鹿児島県","city":"肝属郡南大隅町","town":"根占横別府"}],"2504":[{"pref":"鹿児島県","city":"肝属郡南大隅町","town":"根占山本"}],"2505":[{"pref":"鹿児島県","city":"肝属郡南大隅町","town":"根占辺田"}],"2601":[{"pref":"鹿児島県","city":"肝属郡南大隅町","town":"佐多伊座敷"}],"2602":[{"pref":"鹿児島県","city":"肝属郡南大隅町","town":"佐多辺塚"}],"2603":[{"pref":"鹿児島県","city":"肝属郡南大隅町","town":"佐多郡"}],"2604":[{"pref":"鹿児島県","city":"肝属郡南大隅町","town":"佐多馬籠"}],"0000":[{"pref":"鹿児島県","city":"鹿屋市","town":"以下に掲載がない場合"}],"0022":[{"pref":"鹿児島県","city":"鹿屋市","town":"旭原町"}],"0004":[{"pref":"鹿児島県","city":"鹿屋市","town":"朝日町"}],"0035":[{"pref":"鹿児島県","city":"鹿屋市","town":"飯隈町"}],"0042":[{"pref":"鹿児島県","city":"鹿屋市","town":"池園町"}],"0057":[{"pref":"鹿児島県","city":"鹿屋市","town":"今坂町"}],"0056":[{"pref":"鹿児島県","city":"鹿屋市","town":"上野町"}],"0011":[{"pref":"鹿児島県","city":"鹿屋市","town":"打馬"}],"0012":[{"pref":"鹿児島県","city":"鹿屋市","town":"王子町"}],"0051":[{"pref":"鹿児島県","city":"鹿屋市","town":"大姶良町"}],"0067":[{"pref":"鹿児島県","city":"鹿屋市","town":"大浦町"}],"0009":[{"pref":"鹿児島県","city":"鹿屋市","town":"大手町"}],"0023":[{"pref":"鹿児島県","city":"鹿屋市","town":"笠之原町"}],"0131":[{"pref":"鹿児島県","city":"鹿屋市","town":"上高隈町"}],"0061":[{"pref":"鹿児島県","city":"鹿屋市","town":"上谷町"}],"0027":[{"pref":"鹿児島県","city":"鹿屋市","town":"上祓川町"}],"0032":[{"pref":"鹿児島県","city":"鹿屋市","town":"川西町"}],"0031":[{"pref":"鹿児島県","city":"鹿屋市","town":"川東町"}],"0007":[{"pref":"鹿児島県","city":"鹿屋市","town":"北田町"}],"0201":[{"pref":"鹿児島県","city":"鹿屋市","town":"輝北町上百引"}],"0202":[{"pref":"鹿児島県","city":"鹿屋市","town":"輝北町下百引"}],"0203":[{"pref":"鹿児島県","city":"鹿屋市","town":"輝北町平房"}],"0005":[{"pref":"鹿児島県","city":"鹿屋市","town":"共栄町"}],"0065":[{"pref":"鹿児島県","city":"鹿屋市","town":"郷之原町"}],"0001":[{"pref":"鹿児島県","city":"鹿屋市","town":"古前城町"}],"0014":[{"pref":"鹿児島県","city":"鹿屋市","town":"寿"}],"0044":[{"pref":"鹿児島県","city":"鹿屋市","town":"獅子目町"}],"0132":[{"pref":"鹿児島県","city":"鹿屋市","town":"下高隈町"}],"0024":[{"pref":"鹿児島県","city":"鹿屋市","town":"下祓川町"}],"0047":[{"pref":"鹿児島県","city":"鹿屋市","town":"下堀町"}],"0016":[{"pref":"鹿児島県","city":"鹿屋市","town":"白崎町"}],"0063":[{"pref":"鹿児島県","city":"鹿屋市","town":"新栄町"}],"0015":[{"pref":"鹿児島県","city":"鹿屋市","town":"新川町"}],"0062":[{"pref":"鹿児島県","city":"鹿屋市","town":"新生町"}],"0003":[{"pref":"鹿児島県","city":"鹿屋市","town":"曽田町"}],"0054":[{"pref":"鹿児島県","city":"鹿屋市","town":"高須町"}],"0066":[{"pref":"鹿児島県","city":"鹿屋市","town":"高牧町"}],"0037":[{"pref":"鹿児島県","city":"鹿屋市","town":"田崎町"}],"0045":[{"pref":"鹿児島県","city":"鹿屋市","town":"田淵町"}],"0052":[{"pref":"鹿児島県","city":"鹿屋市","town":"永小原町"}],"0033":[{"pref":"鹿児島県","city":"鹿屋市","town":"永野田町"}],"0034":[{"pref":"鹿児島県","city":"鹿屋市","town":"名貫町"}],"0008":[{"pref":"鹿児島県","city":"鹿屋市","town":"西大手町"}],"0064":[{"pref":"鹿児島県","city":"鹿屋市","town":"西原"}],"0025":[{"pref":"鹿児島県","city":"鹿屋市","town":"西祓川町"}],"0055":[{"pref":"鹿児島県","city":"鹿屋市","town":"野里町"}],"0036":[{"pref":"鹿児島県","city":"鹿屋市","town":"萩塚町"}],"0053":[{"pref":"鹿児島県","city":"鹿屋市","town":"浜田町"}],"0026":[{"pref":"鹿児島県","city":"鹿屋市","town":"祓川町"}],"0021":[{"pref":"鹿児島県","city":"鹿屋市","town":"東原町"}],"0013":[{"pref":"鹿児島県","city":"鹿屋市","town":"札元"}],"0041":[{"pref":"鹿児島県","city":"鹿屋市","town":"星塚町"}],"0002":[{"pref":"鹿児島県","city":"鹿屋市","town":"本町"}],"0043":[{"pref":"鹿児島県","city":"鹿屋市","town":"南町"}],"0006":[{"pref":"鹿児島県","city":"鹿屋市","town":"向江町"}],"0046":[{"pref":"鹿児島県","city":"鹿屋市","town":"横山町"}]}