{"0000":[{"pref":"埼玉県","city":"北本市","town":"以下に掲載がない場合"}],"0011":[{"pref":"埼玉県","city":"北本市","town":"朝日"}],"0007":[{"pref":"埼玉県","city":"北本市","town":"東間"}],"0026":[{"pref":"埼玉県","city":"北本市","town":"荒井"}],"0024":[{"pref":"埼玉県","city":"北本市","town":"石戸"}],"0025":[{"pref":"埼玉県","city":"北本市","town":"石戸宿"}],"0012":[{"pref":"埼玉県","city":"北本市","town":"北中丸"}],"0006":[{"pref":"埼玉県","city":"北本市","town":"北本"}],"0021":[{"pref":"埼玉県","city":"北本市","town":"北本宿"}],"0027":[{"pref":"埼玉県","city":"北本市","town":"栄"}],"0028":[{"pref":"埼玉県","city":"北本市","town":"下石戸"}],"0022":[{"pref":"埼玉県","city":"北本市","town":"下石戸上"}],"0023":[{"pref":"埼玉県","city":"北本市","town":"下石戸下"}],"0034":[{"pref":"埼玉県","city":"北本市","town":"高尾"}],"0031":[{"pref":"埼玉県","city":"北本市","town":"中央"}],"0013":[{"pref":"埼玉県","city":"北本市","town":"中丸"}],"0035":[{"pref":"埼玉県","city":"北本市","town":"西高尾"}],"0001":[{"pref":"埼玉県","city":"北本市","town":"深井"}],"0014":[{"pref":"埼玉県","city":"北本市","town":"二ツ家"}],"0003":[{"pref":"埼玉県","city":"北本市","town":"古市場"}],"0033":[{"pref":"埼玉県","city":"北本市","town":"本町"}],"0032":[{"pref":"埼玉県","city":"北本市","town":"緑"}],"0002":[{"pref":"埼玉県","city":"北本市","town":"宮内"}],"0005":[{"pref":"埼玉県","city":"北本市","town":"本宿"}],"0004":[{"pref":"埼玉県","city":"北本市","town":"山中"}]}