{"0000":[{"pref":"新潟県","city":"新潟市秋葉区","town":"以下に掲載がない場合"}],"0017":[{"pref":"新潟県","city":"新潟市秋葉区","town":"あおば通"}],"0832":[{"pref":"新潟県","city":"新潟市秋葉区","town":"秋葉"}],"0835":[{"pref":"新潟県","city":"新潟市秋葉区","town":"朝日"}],"0114":[{"pref":"新潟県","city":"新潟市秋葉区","town":"天ヶ沢"}],"0824":[{"pref":"新潟県","city":"新潟市秋葉区","town":"市新"}],"0002":[{"pref":"新潟県","city":"新潟市秋葉区","town":"市之瀬"}],"0853":[{"pref":"新潟県","city":"新潟市秋葉区","town":"飯柳"}],"0043":[{"pref":"新潟県","city":"新潟市秋葉区","town":"梅ノ木"}],"0044":[{"pref":"新潟県","city":"新潟市秋葉区","town":"浦興野"}],"0054":[{"pref":"新潟県","city":"新潟市秋葉区","town":"大秋"}],"0004":[{"pref":"新潟県","city":"新潟市秋葉区","town":"大鹿"}],"0827":[{"pref":"新潟県","city":"新潟市秋葉区","town":"大関"}],"0826":[{"pref":"新潟県","city":"新潟市秋葉区","town":"岡田"}],"0804":[{"pref":"新潟県","city":"新潟市秋葉区","town":"荻島"}],"0012":[{"pref":"新潟県","city":"新潟市秋葉区","town":"荻野町"}],"0003":[{"pref":"新潟県","city":"新潟市秋葉区","town":"長割"}],"0001":[{"pref":"新潟県","city":"新潟市秋葉区","town":"覚路津"}],"0851":[{"pref":"新潟県","city":"新潟市秋葉区","town":"金沢町"}],"0845":[{"pref":"新潟県","city":"新潟市秋葉区","town":"金津"}],"0823":[{"pref":"新潟県","city":"新潟市秋葉区","town":"金屋"}],"0115":[{"pref":"新潟県","city":"新潟市秋葉区","town":"鎌倉"}],"0852":[{"pref":"新潟県","city":"新潟市秋葉区","town":"柄目木"}],"0846":[{"pref":"新潟県","city":"新潟市秋葉区","town":"蒲ヶ沢"}],"0015":[{"pref":"新潟県","city":"新潟市秋葉区","town":"川口"}],"0055":[{"pref":"新潟県","city":"新潟市秋葉区","town":"川根"}],"0828":[{"pref":"新潟県","city":"新潟市秋葉区","town":"北"}],"0026":[{"pref":"新潟県","city":"新潟市秋葉区","town":"北潟"}],"0861":[{"pref":"新潟県","city":"新潟市秋葉区","town":"北上"}],"0021":[{"pref":"新潟県","city":"新潟市秋葉区","town":"北上新田"}],"0833":[{"pref":"新潟県","city":"新潟市秋葉区","town":"草水町"}],"0005":[{"pref":"新潟県","city":"新潟市秋葉区","town":"栗宮"}],"0011":[{"pref":"新潟県","city":"新潟市秋葉区","town":"車場"}],"0016":[{"pref":"新潟県","city":"新潟市秋葉区","town":"こがね町"}],"0834":[{"pref":"新潟県","city":"新潟市秋葉区","town":"小口"}],"0101":[{"pref":"新潟県","city":"新潟市秋葉区","town":"小須戸"}],"0025":[{"pref":"新潟県","city":"新潟市秋葉区","town":"古田"}],"0817":[{"pref":"新潟県","city":"新潟市秋葉区","town":"古田ノ内大野開"}],"0006":[{"pref":"新潟県","city":"新潟市秋葉区","town":"小戸上組"}],"0007":[{"pref":"新潟県","city":"新潟市秋葉区","town":"小戸下組"}],"0045":[{"pref":"新潟県","city":"新潟市秋葉区","town":"子成場"}],"0122":[{"pref":"新潟県","city":"新潟市秋葉区","town":"小向"}],"0041":[{"pref":"新潟県","city":"新潟市秋葉区","town":"小屋場"}],"0022":[{"pref":"新潟県","city":"新潟市秋葉区","town":"さつき野"}],"0051":[{"pref":"新潟県","city":"新潟市秋葉区","town":"三枚潟"}],"0844":[{"pref":"新潟県","city":"新潟市秋葉区","town":"塩谷"}],"0867":[{"pref":"新潟県","city":"新潟市秋葉区","town":"下興野"}],"0866":[{"pref":"新潟県","city":"新潟市秋葉区","town":"下興野町"}],"0825":[{"pref":"新潟県","city":"新潟市秋葉区","town":"下新"}],"0033":[{"pref":"新潟県","city":"新潟市秋葉区","town":"新栄町"}],"0815":[{"pref":"新潟県","city":"新潟市秋葉区","town":"新金沢町"}],"0822":[{"pref":"新潟県","city":"新潟市秋葉区","town":"新郷屋"}],"0112":[{"pref":"新潟県","city":"新潟市秋葉区","town":"新保"}],"0862":[{"pref":"新潟県","city":"新潟市秋葉区","town":"新町"}],"0123":[{"pref":"新潟県","city":"新潟市秋葉区","town":"水田"}],"0865":[{"pref":"新潟県","city":"新潟市秋葉区","town":"善道町"}],"0836":[{"pref":"新潟県","city":"新潟市秋葉区","town":"田家"}],"0813":[{"pref":"新潟県","city":"新潟市秋葉区","town":"大安寺"}],"0801":[{"pref":"新潟県","city":"新潟市秋葉区","town":"大蔵"}],"0854":[{"pref":"新潟県","city":"新潟市秋葉区","town":"滝谷町"}],"0855":[{"pref":"新潟県","city":"新潟市秋葉区","town":"滝谷本町"}],"0013":[{"pref":"新潟県","city":"新潟市秋葉区","town":"田島"}],"0046":[{"pref":"新潟県","city":"新潟市秋葉区","town":"出戸"}],"0831":[{"pref":"新潟県","city":"新潟市秋葉区","town":"中沢町"}],"0812":[{"pref":"新潟県","city":"新潟市秋葉区","town":"中新田"}],"0805":[{"pref":"新潟県","city":"新潟市秋葉区","town":"中野"}],"0036":[{"pref":"新潟県","city":"新潟市秋葉区","town":"中村"}],"0802":[{"pref":"新潟県","city":"新潟市秋葉区","town":"七日町"}],"0031":[{"pref":"新潟県","city":"新潟市秋葉区","town":"新津"}],"0816":[{"pref":"新潟県","city":"新潟市秋葉区","town":"新津東町"}],"0864":[{"pref":"新潟県","city":"新潟市秋葉区","town":"新津本町"}],"0034":[{"pref":"新潟県","city":"新潟市秋葉区","town":"新津緑町"}],"0057":[{"pref":"新潟県","city":"新潟市秋葉区","town":"新津四ツ興野"}],"0818":[{"pref":"新潟県","city":"新潟市秋葉区","town":"西金沢"}],"0842":[{"pref":"新潟県","city":"新潟市秋葉区","town":"西島"}],"0037":[{"pref":"新潟県","city":"新潟市秋葉区","town":"西古津"}],"0863":[{"pref":"新潟県","city":"新潟市秋葉区","town":"日宝町"}],"0053":[{"pref":"新潟県","city":"新潟市秋葉区","town":"野方"}],"0814":[{"pref":"新潟県","city":"新潟市秋葉区","town":"東金沢"}],"0841":[{"pref":"新潟県","city":"新潟市秋葉区","town":"東島"}],"0014":[{"pref":"新潟県","city":"新潟市秋葉区","town":"福島"}],"0116":[{"pref":"新潟県","city":"新潟市秋葉区","town":"舟戸"}],"0847":[{"pref":"新潟県","city":"新潟市秋葉区","town":"古津"}],"0035":[{"pref":"新潟県","city":"新潟市秋葉区","town":"程島"}],"0117":[{"pref":"新潟県","city":"新潟市秋葉区","town":"松ヶ丘"}],"0811":[{"pref":"新潟県","city":"新潟市秋葉区","town":"満願寺"}],"0806":[{"pref":"新潟県","city":"新潟市秋葉区","town":"みそら野"}],"0052":[{"pref":"新潟県","city":"新潟市秋葉区","town":"三津屋"}],"0032":[{"pref":"新潟県","city":"新潟市秋葉区","town":"南町"}],"0023":[{"pref":"新潟県","city":"新潟市秋葉区","town":"美幸町"}],"0027":[{"pref":"新潟県","city":"新潟市秋葉区","town":"美善"}],"0803":[{"pref":"新潟県","city":"新潟市秋葉区","town":"結"}],"0113":[{"pref":"新潟県","city":"新潟市秋葉区","town":"矢代田"}],"0024":[{"pref":"新潟県","city":"新潟市秋葉区","town":"山谷町"}],"0121":[{"pref":"新潟県","city":"新潟市秋葉区","town":"横川浜"}],"0837":[{"pref":"新潟県","city":"新潟市秋葉区","town":"吉岡町"}],"0111":[{"pref":"新潟県","city":"新潟市秋葉区","town":"竜玄"}],"0821":[{"pref":"新潟県","city":"新潟市秋葉区","town":"六郷"}],"0056":[{"pref":"新潟県","city":"新潟市秋葉区","town":"蕨曽根"}],"0843":[{"pref":"新潟県","city":"新潟市秋葉区","town":"割町"}]}