{"1300":[{"pref":"群馬県","city":"吾妻郡長野原町","town":"以下に掲載がない場合"}],"1301":[{"pref":"群馬県","city":"吾妻郡長野原町","town":"川原畑"}],"1302":[{"pref":"群馬県","city":"吾妻郡長野原町","town":"川原湯"}],"1303":[{"pref":"群馬県","city":"吾妻郡長野原町","town":"横壁"}],"1304":[{"pref":"群馬県","city":"吾妻郡長野原町","town":"長野原"}],"1305":[{"pref":"群馬県","city":"吾妻郡長野原町","town":"与喜屋"}],"1306":[{"pref":"群馬県","city":"吾妻郡長野原町","town":"古森"}],"1307":[{"pref":"群馬県","city":"吾妻郡長野原町","town":"羽根尾"}],"1308":[{"pref":"群馬県","city":"吾妻郡長野原町","town":"大津"}],"1309":[{"pref":"群馬県","city":"吾妻郡長野原町","town":"林"}],"1310":[{"pref":"群馬県","city":"吾妻郡長野原町","town":"応桑（堂光原）"}],"1311":[{"pref":"群馬県","city":"吾妻郡中之条町","town":"赤岩"}],"1312":[{"pref":"群馬県","city":"吾妻郡中之条町","town":"日影"}],"1401":[{"pref":"群馬県","city":"吾妻郡嬬恋村","town":"鎌原（奥軽井沢）"}],"1402":[{"pref":"群馬県","city":"吾妻郡嬬恋村","town":"鎌原（鬼の泉水）"}],"1403":[{"pref":"群馬県","city":"吾妻郡嬬恋村","town":"鎌原（あやめケ原）"}],"1404":[{"pref":"群馬県","city":"吾妻郡嬬恋村","town":"鎌原（大カイシコ）"}],"1405":[{"pref":"群馬県","city":"吾妻郡嬬恋村","town":"鎌原（モロシコ「浅間園」）"}],"1411":[{"pref":"群馬県","city":"吾妻郡長野原町","town":"応桑（その他）"}],"1412":[{"pref":"群馬県","city":"吾妻郡長野原町","town":"北軽井沢"}],"1500":[{"pref":"群馬県","city":"吾妻郡嬬恋村","town":"以下に掲載がない場合"}],"1512":[{"pref":"群馬県","city":"吾妻郡嬬恋村","town":"大前（細原２２５９～）"}],"1521":[{"pref":"群馬県","city":"吾妻郡嬬恋村","town":"今井"}],"1522":[{"pref":"群馬県","city":"吾妻郡嬬恋村","town":"袋倉"}],"1523":[{"pref":"群馬県","city":"吾妻郡嬬恋村","town":"芦生田"}],"1524":[{"pref":"群馬県","city":"吾妻郡嬬恋村","town":"鎌原（その他）"}],"1525":[{"pref":"群馬県","city":"吾妻郡嬬恋村","town":"西窪"}],"1526":[{"pref":"群馬県","city":"吾妻郡嬬恋村","town":"三原"}],"1527":[{"pref":"群馬県","city":"吾妻郡嬬恋村","town":"門貝"}],"1528":[{"pref":"群馬県","city":"吾妻郡嬬恋村","town":"干俣（吾妻鉱山、万座温泉）"}],"1611":[{"pref":"群馬県","city":"吾妻郡嬬恋村","town":"干俣（その他）"}],"1612":[{"pref":"群馬県","city":"吾妻郡嬬恋村","town":"大前（その他）"}],"1613":[{"pref":"群馬県","city":"吾妻郡嬬恋村","town":"大笹"}],"1614":[{"pref":"群馬県","city":"吾妻郡嬬恋村","town":"田代"}],"1615":[{"pref":"群馬県","city":"吾妻郡嬬恋村","town":"鎌原（藤原）"}],"1616":[{"pref":"群馬県","city":"吾妻郡嬬恋村","town":"鎌原（柏木塚）"}],"1617":[{"pref":"群馬県","city":"吾妻郡嬬恋村","town":"鎌原（群馬坂）"}],"1700":[{"pref":"群馬県","city":"吾妻郡草津町","town":"以下に掲載がない場合"}],"1701":[{"pref":"群馬県","city":"吾妻郡中之条町","town":"入山"}],"1702":[{"pref":"群馬県","city":"吾妻郡中之条町","town":"生須"}],"1703":[{"pref":"群馬県","city":"吾妻郡中之条町","town":"太子"}],"1704":[{"pref":"群馬県","city":"吾妻郡中之条町","town":"小雨"}],"1711":[{"pref":"群馬県","city":"吾妻郡草津町","town":"草津"}],"1712":[{"pref":"群馬県","city":"吾妻郡草津町","town":"前口"}],"0000":[{"pref":"群馬県","city":"渋川市","town":"以下に掲載がない場合"}],"0031":[{"pref":"群馬県","city":"渋川市","town":"阿久津"}],"0005":[{"pref":"群馬県","city":"渋川市","town":"有馬"}],"0102":[{"pref":"群馬県","city":"渋川市","town":"伊香保町伊香保"}],"0103":[{"pref":"群馬県","city":"渋川市","town":"伊香保町水沢"}],"0101":[{"pref":"群馬県","city":"渋川市","town":"伊香保町湯中子"}],"0007":[{"pref":"群馬県","city":"渋川市","town":"石原"}],"0024":[{"pref":"群馬県","city":"渋川市","town":"祖母島"}],"0312":[{"pref":"群馬県","city":"渋川市","town":"小野子"}],"0027":[{"pref":"群馬県","city":"渋川市","town":"金井"}],"0201":[{"pref":"群馬県","city":"渋川市","town":"上白井"}],"0025":[{"pref":"群馬県","city":"渋川市","town":"川島"}],"0205":[{"pref":"群馬県","city":"渋川市","town":"北牧"}],"0008":[{"pref":"群馬県","city":"渋川市","town":"渋川"}],"0204":[{"pref":"群馬県","city":"渋川市","town":"白井"}],"0202":[{"pref":"群馬県","city":"渋川市","town":"中郷"}],"0002":[{"pref":"群馬県","city":"渋川市","town":"中村"}],"0026":[{"pref":"群馬県","city":"渋川市","town":"南牧"}],"0004":[{"pref":"群馬県","city":"渋川市","town":"半田"}],"0203":[{"pref":"群馬県","city":"渋川市","town":"吹屋"}],"0051":[{"pref":"群馬県","city":"渋川市","town":"北橘町赤城山"}],"0055":[{"pref":"群馬県","city":"渋川市","town":"北橘町上南室"}],"0052":[{"pref":"群馬県","city":"渋川市","town":"北橘町上箱田"}],"0065":[{"pref":"群馬県","city":"渋川市","town":"北橘町小室"}],"0054":[{"pref":"群馬県","city":"渋川市","town":"北橘町下南室"}],"0061":[{"pref":"群馬県","city":"渋川市","town":"北橘町下箱田"}],"0053":[{"pref":"群馬県","city":"渋川市","town":"北橘町箱田"}],"0064":[{"pref":"群馬県","city":"渋川市","town":"北橘町八崎"}],"0063":[{"pref":"群馬県","city":"渋川市","town":"北橘町分郷八崎"}],"0062":[{"pref":"群馬県","city":"渋川市","town":"北橘町真壁"}],"0006":[{"pref":"群馬県","city":"渋川市","town":"行幸田"}],"0311":[{"pref":"群馬県","city":"渋川市","town":"村上"}],"0003":[{"pref":"群馬県","city":"渋川市","town":"八木原"}],"0206":[{"pref":"群馬県","city":"渋川市","town":"横堀"}],"0400":[{"pref":"群馬県","city":"吾妻郡中之条町","town":"以下に掲載がない場合"}],"0422":[{"pref":"群馬県","city":"吾妻郡中之条町","town":"青山"}],"0417":[{"pref":"群馬県","city":"吾妻郡中之条町","town":"赤坂"}],"0416":[{"pref":"群馬県","city":"吾妻郡中之条町","town":"蟻川"}],"0423":[{"pref":"群馬県","city":"吾妻郡中之条町","town":"伊勢町"}],"0421":[{"pref":"群馬県","city":"吾妻郡中之条町","town":"市城"}],"0431":[{"pref":"群馬県","city":"吾妻郡中之条町","town":"岩本"}],"0413":[{"pref":"群馬県","city":"吾妻郡中之条町","town":"大塚"}],"0544":[{"pref":"群馬県","city":"吾妻郡中之条町","town":"折田（戦道）"}],"0433":[{"pref":"群馬県","city":"吾妻郡中之条町","town":"折田（その他）"}],"0541":[{"pref":"群馬県","city":"吾妻郡中之条町","town":"上沢渡"}],"0432":[{"pref":"群馬県","city":"吾妻郡中之条町","town":"五反田"}],"0601":[{"pref":"群馬県","city":"吾妻郡中之条町","town":"四万"}],"0542":[{"pref":"群馬県","city":"吾妻郡中之条町","town":"下沢渡"}],"0411":[{"pref":"群馬県","city":"吾妻郡中之条町","town":"大道"}],"0414":[{"pref":"群馬県","city":"吾妻郡中之条町","town":"平"}],"0412":[{"pref":"群馬県","city":"吾妻郡中之条町","town":"栃窪"}],"0424":[{"pref":"群馬県","city":"吾妻郡中之条町","town":"中之条町"}],"0425":[{"pref":"群馬県","city":"吾妻郡中之条町","town":"西中之条"}],"0543":[{"pref":"群馬県","city":"吾妻郡中之条町","town":"山田（寺社原、細尾）"}],"0434":[{"pref":"群馬県","city":"吾妻郡中之条町","town":"山田（その他）"}],"0415":[{"pref":"群馬県","city":"吾妻郡中之条町","town":"横尾"}],"0700":[{"pref":"群馬県","city":"吾妻郡高山村","town":"以下に掲載がない場合"}],"0701":[{"pref":"群馬県","city":"吾妻郡高山村","town":"尻高"}],"0702":[{"pref":"群馬県","city":"吾妻郡高山村","town":"中山"}],"0800":[{"pref":"群馬県","city":"吾妻郡東吾妻町","town":"以下に掲載がない場合"}],"0812":[{"pref":"群馬県","city":"吾妻郡東吾妻町","town":"厚田"}],"0303":[{"pref":"群馬県","city":"吾妻郡東吾妻町","town":"新巻"}],"0807":[{"pref":"群馬県","city":"吾妻郡東吾妻町","town":"泉沢（その他）"}],"0804":[{"pref":"群馬県","city":"吾妻郡東吾妻町","town":"岩井"}],"0815":[{"pref":"群馬県","city":"吾妻郡東吾妻町","town":"岩下"}],"0805":[{"pref":"群馬県","city":"吾妻郡東吾妻町","town":"植栗"}],"0935":[{"pref":"群馬県","city":"吾妻郡東吾妻町","town":"大柏木"}],"0931":[{"pref":"群馬県","city":"吾妻郡東吾妻町","town":"大戸"}],"0302":[{"pref":"群馬県","city":"吾妻郡東吾妻町","town":"岡崎（その他）"}],"0304":[{"pref":"群馬県","city":"吾妻郡東吾妻町","town":"奥田"}],"0803":[{"pref":"群馬県","city":"吾妻郡東吾妻町","town":"金井"}],"0802":[{"pref":"群馬県","city":"吾妻郡東吾妻町","town":"川戸（その他）"}],"0806":[{"pref":"群馬県","city":"吾妻郡東吾妻町","town":"小泉"}],"0811":[{"pref":"群馬県","city":"吾妻郡東吾妻町","town":"郷原"}],"0305":[{"pref":"群馬県","city":"吾妻郡東吾妻町","town":"五町田"}],"0934":[{"pref":"群馬県","city":"吾妻郡東吾妻町","town":"須賀尾"}],"0932":[{"pref":"群馬県","city":"吾妻郡東吾妻町","town":"萩生"}],"0301":[{"pref":"群馬県","city":"吾妻郡東吾妻町","town":"箱島"}],"0801":[{"pref":"群馬県","city":"吾妻郡東吾妻町","town":"原町"}],"0814":[{"pref":"群馬県","city":"吾妻郡東吾妻町","town":"松谷"}],"0813":[{"pref":"群馬県","city":"吾妻郡東吾妻町","town":"三島"}],"0933":[{"pref":"群馬県","city":"吾妻郡東吾妻町","town":"本宿"}],"0816":[{"pref":"群馬県","city":"吾妻郡東吾妻町","town":"矢倉"}]}