{"0000":[{"pref":"滋賀県","city":"彦根市","town":"以下に掲載がない場合"}],"0073":[{"pref":"滋賀県","city":"彦根市","town":"旭町"}],"0065":[{"pref":"滋賀県","city":"彦根市","town":"池州町"}],"0236":[{"pref":"滋賀県","city":"彦根市","town":"犬方町"}],"0239":[{"pref":"滋賀県","city":"彦根市","town":"宇尾町（８９７番地及び中島５０５～５１８番地）"}],"0045":[{"pref":"滋賀県","city":"彦根市","town":"宇尾町（その他）"}],"0010":[{"pref":"滋賀県","city":"彦根市","town":"駅東町"}],"0034":[{"pref":"滋賀県","city":"彦根市","town":"大橋町"}],"0026":[{"pref":"滋賀県","city":"彦根市","town":"大堀町"}],"0053":[{"pref":"滋賀県","city":"彦根市","town":"大藪町"}],"0017":[{"pref":"滋賀県","city":"彦根市","town":"男鬼町"}],"0037":[{"pref":"滋賀県","city":"彦根市","town":"岡町"}],"0001":[{"pref":"滋賀県","city":"彦根市","town":"尾末町"}],"0005":[{"pref":"滋賀県","city":"彦根市","town":"小野町"}],"0056":[{"pref":"滋賀県","city":"彦根市","town":"開出今町"}],"0223":[{"pref":"滋賀県","city":"彦根市","town":"川瀬馬場町"}],"0083":[{"pref":"滋賀県","city":"彦根市","town":"河原"}],"0046":[{"pref":"滋賀県","city":"彦根市","town":"甘呂町"}],"0081":[{"pref":"滋賀県","city":"彦根市","town":"京町"}],"0088":[{"pref":"滋賀県","city":"彦根市","town":"銀座町"}],"0043":[{"pref":"滋賀県","city":"彦根市","town":"小泉町"}],"0012":[{"pref":"滋賀県","city":"彦根市","town":"甲田町"}],"0238":[{"pref":"滋賀県","city":"彦根市","town":"広野町"}],"0231":[{"pref":"滋賀県","city":"彦根市","town":"極楽寺町"}],"0086":[{"pref":"滋賀県","city":"彦根市","town":"後三条町"}],"0061":[{"pref":"滋賀県","city":"彦根市","town":"金亀町"}],"0235":[{"pref":"滋賀県","city":"彦根市","town":"金剛寺町"}],"0021":[{"pref":"滋賀県","city":"彦根市","town":"幸町"}],"0066":[{"pref":"滋賀県","city":"彦根市","town":"栄町"}],"0019":[{"pref":"滋賀県","city":"彦根市","town":"笹尾町"}],"0022":[{"pref":"滋賀県","city":"彦根市","town":"里根町"}],"0075":[{"pref":"滋賀県","city":"彦根市","town":"佐和町"}],"0006":[{"pref":"滋賀県","city":"彦根市","town":"佐和山町"}],"0029":[{"pref":"滋賀県","city":"彦根市","town":"地蔵町"}],"0011":[{"pref":"滋賀県","city":"彦根市","town":"下矢倉町"}],"0015":[{"pref":"滋賀県","city":"彦根市","town":"荘厳寺町"}],"0024":[{"pref":"滋賀県","city":"彦根市","town":"正法寺町"}],"0068":[{"pref":"滋賀県","city":"彦根市","town":"城町"}],"0085":[{"pref":"滋賀県","city":"彦根市","town":"新町"}],"0058":[{"pref":"滋賀県","city":"彦根市","town":"須越町"}],"0033":[{"pref":"滋賀県","city":"彦根市","town":"芹川町"}],"0031":[{"pref":"滋賀県","city":"彦根市","town":"芹中町"}],"0087":[{"pref":"滋賀県","city":"彦根市","town":"芹橋"}],"0032":[{"pref":"滋賀県","city":"彦根市","town":"芹町"}],"0014":[{"pref":"滋賀県","city":"彦根市","town":"善谷町"}],"0074":[{"pref":"滋賀県","city":"彦根市","town":"大東町"}],"0201":[{"pref":"滋賀県","city":"彦根市","town":"高宮町"}],"0044":[{"pref":"滋賀県","city":"彦根市","town":"竹ケ鼻町"}],"0062":[{"pref":"滋賀県","city":"彦根市","town":"立花町"}],"0063":[{"pref":"滋賀県","city":"彦根市","town":"中央町"}],"0233":[{"pref":"滋賀県","city":"彦根市","town":"辻堂町"}],"0212":[{"pref":"滋賀県","city":"彦根市","town":"葛籠町"}],"0214":[{"pref":"滋賀県","city":"彦根市","town":"出町"}],"0042":[{"pref":"滋賀県","city":"彦根市","town":"戸賀町"}],"0009":[{"pref":"滋賀県","city":"彦根市","town":"外町"}],"0004":[{"pref":"滋賀県","city":"彦根市","town":"鳥居本町"}],"0051":[{"pref":"滋賀県","city":"彦根市","town":"中藪"},{"pref":"滋賀県","city":"彦根市","town":"中藪町"}],"0013":[{"pref":"滋賀県","city":"彦根市","town":"中山町"}],"0067":[{"pref":"滋賀県","city":"彦根市","town":"長曽根町"}],"0052":[{"pref":"滋賀県","city":"彦根市","town":"長曽根南町"}],"0054":[{"pref":"滋賀県","city":"彦根市","town":"西今町"}],"0089":[{"pref":"滋賀県","city":"彦根市","town":"錦町"}],"0213":[{"pref":"滋賀県","city":"彦根市","town":"西葛籠町"}],"0038":[{"pref":"滋賀県","city":"彦根市","town":"西沼波町"},{"pref":"滋賀県","city":"彦根市","town":"山之脇町"}],"0221":[{"pref":"滋賀県","city":"彦根市","town":"野口町"}],"0055":[{"pref":"滋賀県","city":"彦根市","town":"野瀬町"}],"0025":[{"pref":"滋賀県","city":"彦根市","town":"野田山町"}],"0036":[{"pref":"滋賀県","city":"彦根市","town":"沼波町"}],"0084":[{"pref":"滋賀県","city":"彦根市","town":"橋向町"}],"0057":[{"pref":"滋賀県","city":"彦根市","town":"八坂町"}],"0023":[{"pref":"滋賀県","city":"彦根市","town":"原町"}],"0069":[{"pref":"滋賀県","city":"彦根市","town":"馬場"}],"0027":[{"pref":"滋賀県","city":"彦根市","town":"東沼波町"}],"0047":[{"pref":"滋賀県","city":"彦根市","town":"日夏町"}],"0041":[{"pref":"滋賀県","city":"彦根市","town":"平田町"}],"0018":[{"pref":"滋賀県","city":"彦根市","town":"仏生寺町"}],"0016":[{"pref":"滋賀県","city":"彦根市","town":"武奈町"}],"0072":[{"pref":"滋賀県","city":"彦根市","town":"船町"}],"0007":[{"pref":"滋賀県","city":"彦根市","town":"古沢町"}],"0211":[{"pref":"滋賀県","city":"彦根市","town":"法士町"}],"0237":[{"pref":"滋賀県","city":"彦根市","town":"堀町"}],"0064":[{"pref":"滋賀県","city":"彦根市","town":"本町"}],"0002":[{"pref":"滋賀県","city":"彦根市","town":"松原"},{"pref":"滋賀県","city":"彦根市","town":"松原町"}],"0059":[{"pref":"滋賀県","city":"彦根市","town":"三津屋町"}],"0222":[{"pref":"滋賀県","city":"彦根市","town":"南川瀬町"}],"0003":[{"pref":"滋賀県","city":"彦根市","town":"宮田町"}],"0035":[{"pref":"滋賀県","city":"彦根市","town":"元岡町"}],"0071":[{"pref":"滋賀県","city":"彦根市","town":"元町"}],"0234":[{"pref":"滋賀県","city":"彦根市","town":"森堂町"}],"0082":[{"pref":"滋賀県","city":"彦根市","town":"安清町"}],"0008":[{"pref":"滋賀県","city":"彦根市","town":"安清東町"}],"0232":[{"pref":"滋賀県","city":"彦根市","town":"蓮台寺町"}],"0039":[{"pref":"滋賀県","city":"彦根市","town":"和田町"}],"0200":[{"pref":"滋賀県","city":"犬上郡甲良町","town":"以下に掲載がない場合"}],"0242":[{"pref":"滋賀県","city":"犬上郡甲良町","town":"尼子"}],"0254":[{"pref":"滋賀県","city":"犬上郡甲良町","town":"池寺"}],"0261":[{"pref":"滋賀県","city":"犬上郡甲良町","town":"長寺"}],"0252":[{"pref":"滋賀県","city":"犬上郡甲良町","town":"金屋"}],"0251":[{"pref":"滋賀県","city":"犬上郡甲良町","town":"北落"}],"0241":[{"pref":"滋賀県","city":"犬上郡甲良町","town":"呉竹"}],"0243":[{"pref":"滋賀県","city":"犬上郡甲良町","town":"小川原"}],"0244":[{"pref":"滋賀県","city":"犬上郡甲良町","town":"在士"}],"0271":[{"pref":"滋賀県","city":"犬上郡甲良町","town":"下之郷"}],"0253":[{"pref":"滋賀県","city":"犬上郡甲良町","town":"正楽寺"}],"0263":[{"pref":"滋賀県","city":"犬上郡甲良町","town":"法養寺"}],"0262":[{"pref":"滋賀県","city":"犬上郡甲良町","town":"横関"}],"0300":[{"pref":"滋賀県","city":"犬上郡多賀町","town":"以下に掲載がない場合"}],"0317":[{"pref":"滋賀県","city":"犬上郡多賀町","town":"一円"}],"0323":[{"pref":"滋賀県","city":"犬上郡多賀町","town":"一ノ瀬"}],"0304":[{"pref":"滋賀県","city":"犬上郡多賀町","town":"後谷"}],"0315":[{"pref":"滋賀県","city":"犬上郡多賀町","town":"大岡"}],"0331":[{"pref":"滋賀県","city":"犬上郡多賀町","town":"大杉"}],"0321":[{"pref":"滋賀県","city":"犬上郡多賀町","town":"大君ケ畑"}],"0333":[{"pref":"滋賀県","city":"犬上郡多賀町","town":"萱原"}],"0301":[{"pref":"滋賀県","city":"犬上郡多賀町","town":"河内"}],"0324":[{"pref":"滋賀県","city":"犬上郡多賀町","town":"川相"}],"0356":[{"pref":"滋賀県","city":"犬上郡多賀町","town":"木曽"}],"0352":[{"pref":"滋賀県","city":"犬上郡多賀町","town":"久徳"}],"0316":[{"pref":"滋賀県","city":"犬上郡多賀町","town":"栗栖"}],"0305":[{"pref":"滋賀県","city":"犬上郡多賀町","town":"甲頭倉"}],"0311":[{"pref":"滋賀県","city":"犬上郡多賀町","town":"五僧"}],"0325":[{"pref":"滋賀県","city":"犬上郡多賀町","town":"小原"}],"0322":[{"pref":"滋賀県","city":"犬上郡多賀町","town":"佐目"}],"0343":[{"pref":"滋賀県","city":"犬上郡多賀町","town":"猿木"}],"0314":[{"pref":"滋賀県","city":"犬上郡多賀町","town":"四手"}],"0326":[{"pref":"滋賀県","city":"犬上郡多賀町","town":"霜ケ原"}],"0318":[{"pref":"滋賀県","city":"犬上郡多賀町","town":"水谷"}],"0313":[{"pref":"滋賀県","city":"犬上郡多賀町","town":"杉"}],"0341":[{"pref":"滋賀県","city":"犬上郡多賀町","town":"多賀"}],"0353":[{"pref":"滋賀県","city":"犬上郡多賀町","town":"月之木"}],"0354":[{"pref":"滋賀県","city":"犬上郡多賀町","town":"土田"}],"0338":[{"pref":"滋賀県","city":"犬上郡多賀町","town":"壺"}],"0337":[{"pref":"滋賀県","city":"犬上郡多賀町","town":"富之尾"}],"0355":[{"pref":"滋賀県","city":"犬上郡多賀町","town":"中川原"}],"0336":[{"pref":"滋賀県","city":"犬上郡多賀町","town":"楢崎"}],"0332":[{"pref":"滋賀県","city":"犬上郡多賀町","town":"樋田"}],"0303":[{"pref":"滋賀県","city":"犬上郡多賀町","town":"屏風"}],"0342":[{"pref":"滋賀県","city":"犬上郡多賀町","town":"敏満寺"}],"0335":[{"pref":"滋賀県","city":"犬上郡多賀町","town":"藤瀬"}],"0312":[{"pref":"滋賀県","city":"犬上郡多賀町","town":"保月"}],"0334":[{"pref":"滋賀県","city":"犬上郡多賀町","town":"仏ケ後"}],"0327":[{"pref":"滋賀県","city":"犬上郡多賀町","town":"南後谷"}],"0302":[{"pref":"滋賀県","city":"犬上郡多賀町","town":"向之倉"}],"0319":[{"pref":"滋賀県","city":"犬上郡多賀町","town":"桃原"}],"0351":[{"pref":"滋賀県","city":"犬上郡多賀町","town":"八重練"}],"0306":[{"pref":"滋賀県","city":"犬上郡多賀町","town":"霊仙"}]}