{"1101":[{"pref":"新潟県","city":"新潟市西区","town":"山田"}],"1102":[{"pref":"新潟県","city":"新潟市西区","town":"善久"}],"1103":[{"pref":"新潟県","city":"新潟市西区","town":"立仏"}],"1104":[{"pref":"新潟県","city":"新潟市西区","town":"寺地"}],"1105":[{"pref":"新潟県","city":"新潟市西区","town":"ときめき東"}],"1106":[{"pref":"新潟県","city":"新潟市西区","town":"ときめき西"}],"1111":[{"pref":"新潟県","city":"新潟市西区","town":"大野町"}],"1112":[{"pref":"新潟県","city":"新潟市西区","town":"金巻"}],"1113":[{"pref":"新潟県","city":"新潟市西区","town":"鳥原新田"}],"1114":[{"pref":"新潟県","city":"新潟市西区","town":"小平方"}],"1115":[{"pref":"新潟県","city":"新潟市西区","town":"鳥原"}],"1121":[{"pref":"新潟県","city":"新潟市西区","town":"板井"}],"1122":[{"pref":"新潟県","city":"新潟市西区","town":"木場"}],"1123":[{"pref":"新潟県","city":"新潟市西区","town":"黒鳥"}],"1124":[{"pref":"新潟県","city":"新潟市西区","town":"緒立流通"}],"1125":[{"pref":"新潟県","city":"新潟市西区","town":"流通"}],"1126":[{"pref":"新潟県","city":"新潟市西区","town":"北場"}],"1127":[{"pref":"新潟県","city":"新潟市西区","town":"大潟"}],"1131":[{"pref":"新潟県","city":"新潟市中央区","town":"鍋潟新田"},{"pref":"新潟県","city":"新潟市江南区","town":"鍋潟新田"}],"1132":[{"pref":"新潟県","city":"新潟市中央区","town":"丸潟新田"},{"pref":"新潟県","city":"新潟市江南区","town":"丸潟新田"}],"1133":[{"pref":"新潟県","city":"新潟市中央区","town":"嘉木"},{"pref":"新潟県","city":"新潟市江南区","town":"嘉木"}],"1134":[{"pref":"新潟県","city":"新潟市江南区","town":"天野"},{"pref":"新潟県","city":"新潟市南区","town":"天野"}],"1135":[{"pref":"新潟県","city":"新潟市江南区","town":"曽野木"}],"1136":[{"pref":"新潟県","city":"新潟市中央区","town":"曽川"},{"pref":"新潟県","city":"新潟市江南区","town":"曽川"}],"1141":[{"pref":"新潟県","city":"新潟市中央区","town":"鐘木"},{"pref":"新潟県","city":"新潟市江南区","town":"鐘木"}],"1142":[{"pref":"新潟県","city":"新潟市江南区","town":"楚川"}],"1143":[{"pref":"新潟県","city":"新潟市中央区","town":"俵柳"},{"pref":"新潟県","city":"新潟市江南区","town":"俵柳"}],"1144":[{"pref":"新潟県","city":"新潟市中央区","town":"祖父興野"},{"pref":"新潟県","city":"新潟市江南区","town":"祖父興野"}],"1145":[{"pref":"新潟県","city":"新潟市中央区","town":"久蔵興野"},{"pref":"新潟県","city":"新潟市江南区","town":"久蔵興野"}],"1146":[{"pref":"新潟県","city":"新潟市中央区","town":"太右エ門新田"},{"pref":"新潟県","city":"新潟市江南区","town":"太右エ門新田"}],"1147":[{"pref":"新潟県","city":"新潟市中央区","town":"高美町"}],"1148":[{"pref":"新潟県","city":"新潟市中央区","town":"上沼"}],"1151":[{"pref":"新潟県","city":"新潟市中央区","town":"湖南"}],"1200":[{"pref":"新潟県","city":"新潟市南区","town":"以下に掲載がない場合"}],"1201":[{"pref":"新潟県","city":"新潟市南区","town":"大通"}],"1202":[{"pref":"新潟県","city":"新潟市南区","town":"大通南"}],"1203":[{"pref":"新潟県","city":"新潟市南区","town":"大通黄金"}],"1204":[{"pref":"新潟県","city":"新潟市南区","town":"大通西"}],"1208":[{"pref":"新潟県","city":"新潟市南区","town":"杉菜"}],"1209":[{"pref":"新潟県","city":"新潟市南区","town":"親和町"}],"1211":[{"pref":"新潟県","city":"新潟市南区","town":"白根古川"}],"1212":[{"pref":"新潟県","city":"新潟市南区","town":"七軒"}],"1213":[{"pref":"新潟県","city":"新潟市南区","town":"能登"}],"1214":[{"pref":"新潟県","city":"新潟市南区","town":"上下諏訪木"}],"1215":[{"pref":"新潟県","city":"新潟市南区","town":"助次右エ門組"}],"1216":[{"pref":"新潟県","city":"新潟市南区","town":"白根ノ内七軒"}],"1217":[{"pref":"新潟県","city":"新潟市南区","town":"白根"}],"1218":[{"pref":"新潟県","city":"新潟市南区","town":"白根魚町"}],"1221":[{"pref":"新潟県","city":"新潟市南区","town":"神屋"}],"1222":[{"pref":"新潟県","city":"新潟市南区","town":"白根東町"}],"1223":[{"pref":"新潟県","city":"新潟市南区","town":"白根日の出町"}],"1224":[{"pref":"新潟県","city":"新潟市南区","town":"白根水道町"}],"1225":[{"pref":"新潟県","city":"新潟市南区","town":"七軒町"}],"1226":[{"pref":"新潟県","city":"新潟市南区","town":"白根四ツ興野"}],"1227":[{"pref":"新潟県","city":"新潟市南区","town":"鰺潟"}],"1231":[{"pref":"新潟県","city":"新潟市南区","town":"小坂"}],"1232":[{"pref":"新潟県","city":"新潟市南区","town":"十五間"}],"1233":[{"pref":"新潟県","city":"新潟市南区","town":"保坂"}],"1234":[{"pref":"新潟県","city":"新潟市南区","town":"根岸"}],"1235":[{"pref":"新潟県","city":"新潟市南区","town":"高井興野"}],"1236":[{"pref":"新潟県","city":"新潟市南区","town":"高井東"}],"1237":[{"pref":"新潟県","city":"新潟市南区","town":"北田中"}],"1241":[{"pref":"新潟県","city":"新潟市南区","town":"下塩俵"}],"1242":[{"pref":"新潟県","city":"新潟市南区","town":"中塩俵"}],"1243":[{"pref":"新潟県","city":"新潟市南区","town":"松橋"}],"1244":[{"pref":"新潟県","city":"新潟市南区","town":"上塩俵"}],"1245":[{"pref":"新潟県","city":"新潟市南区","town":"新山崎町"}],"1246":[{"pref":"新潟県","city":"新潟市南区","town":"下山崎"}],"1247":[{"pref":"新潟県","city":"新潟市南区","town":"山崎興野"}],"1251":[{"pref":"新潟県","city":"新潟市南区","town":"居宿"}],"1252":[{"pref":"新潟県","city":"新潟市南区","town":"大倉"}],"1253":[{"pref":"新潟県","city":"新潟市南区","town":"大倉新田"}],"1254":[{"pref":"新潟県","city":"新潟市南区","town":"七穂"}],"1255":[{"pref":"新潟県","city":"新潟市南区","town":"山王"}],"1256":[{"pref":"新潟県","city":"新潟市南区","town":"山王新田"}],"1257":[{"pref":"新潟県","city":"新潟市南区","town":"吉田新田"}],"1258":[{"pref":"新潟県","city":"新潟市南区","town":"吉江"}],"1261":[{"pref":"新潟県","city":"新潟市南区","town":"味方"},{"pref":"新潟県","city":"新潟市西蒲区","town":"味方"}],"1262":[{"pref":"新潟県","city":"新潟市南区","town":"西白根"}],"1301":[{"pref":"新潟県","city":"新潟市南区","town":"下曲通"}],"1302":[{"pref":"新潟県","city":"新潟市南区","town":"上曲通"}],"1303":[{"pref":"新潟県","city":"新潟市南区","town":"西萱場"}],"1304":[{"pref":"新潟県","city":"新潟市南区","town":"月潟"}],"1305":[{"pref":"新潟県","city":"新潟市南区","town":"大別當"}],"1311":[{"pref":"新潟県","city":"新潟市南区","town":"木滑"}],"1312":[{"pref":"新潟県","city":"新潟市南区","town":"釣寄新"},{"pref":"新潟県","city":"新潟市西蒲区","town":"釣寄新"}],"1313":[{"pref":"新潟県","city":"新潟市南区","town":"釣寄"},{"pref":"新潟県","city":"新潟市西蒲区","town":"釣寄"}],"1314":[{"pref":"新潟県","city":"新潟市南区","town":"東長嶋"}],"1321":[{"pref":"新潟県","city":"新潟市西蒲区","town":"針ケ曽根"}],"1322":[{"pref":"新潟県","city":"新潟市西蒲区","town":"六分"}],"1323":[{"pref":"新潟県","city":"新潟市西蒲区","town":"東小吉"}],"1324":[{"pref":"新潟県","city":"新潟市西蒲区","town":"高野宮"}],"1325":[{"pref":"新潟県","city":"新潟市西蒲区","town":"小吉"}],"1326":[{"pref":"新潟県","city":"新潟市西蒲区","town":"東船越"}],"1327":[{"pref":"新潟県","city":"新潟市西蒲区","town":"中之口"}],"1328":[{"pref":"新潟県","city":"新潟市西蒲区","town":"門田"}],"1331":[{"pref":"新潟県","city":"新潟市西蒲区","town":"東中"}],"1332":[{"pref":"新潟県","city":"新潟市西蒲区","town":"長場"}],"1333":[{"pref":"新潟県","city":"新潟市西蒲区","town":"潟浦新"}],"1334":[{"pref":"新潟県","city":"新潟市西蒲区","town":"上小吉"}],"1341":[{"pref":"新潟県","city":"新潟市西蒲区","town":"道上"}],"1342":[{"pref":"新潟県","city":"新潟市西蒲区","town":"河間"}],"1343":[{"pref":"新潟県","city":"新潟市西蒲区","town":"三ツ門"}],"1344":[{"pref":"新潟県","city":"新潟市南区","town":"福島"},{"pref":"新潟県","city":"新潟市西蒲区","town":"福島"}],"1345":[{"pref":"新潟県","city":"新潟市西蒲区","town":"羽黒"}],"1346":[{"pref":"新潟県","city":"新潟市西蒲区","town":"真木"}],"1347":[{"pref":"新潟県","city":"新潟市西蒲区","town":"姥島"}],"1348":[{"pref":"新潟県","city":"新潟市西蒲区","town":"打越"}],"1349":[{"pref":"新潟県","city":"新潟市西蒲区","town":"牧ケ島"}],"1401":[{"pref":"新潟県","city":"新潟市南区","town":"獺ヶ通"}],"1402":[{"pref":"新潟県","city":"新潟市南区","town":"西酒屋"}],"1403":[{"pref":"新潟県","city":"新潟市南区","town":"犬帰新田"}],"1404":[{"pref":"新潟県","city":"新潟市南区","town":"大郷"}],"1405":[{"pref":"新潟県","city":"新潟市南区","town":"東笠巻"}],"1406":[{"pref":"新潟県","city":"新潟市南区","town":"東笠巻新田"}],"1407":[{"pref":"新潟県","city":"新潟市南区","town":"鷲ノ木新田"}],"1411":[{"pref":"新潟県","city":"新潟市南区","town":"赤渋"}],"1412":[{"pref":"新潟県","city":"新潟市南区","town":"臼井"}],"1413":[{"pref":"新潟県","city":"新潟市南区","town":"朝捲"}],"1414":[{"pref":"新潟県","city":"新潟市南区","town":"小蔵子"}],"1415":[{"pref":"新潟県","city":"新潟市南区","town":"引越"}],"1416":[{"pref":"新潟県","city":"新潟市南区","town":"西笠巻"}],"1417":[{"pref":"新潟県","city":"新潟市南区","town":"西笠巻新田"}],"1421":[{"pref":"新潟県","city":"新潟市南区","town":"中山"}],"1422":[{"pref":"新潟県","city":"新潟市南区","town":"堀掛"}],"1423":[{"pref":"新潟県","city":"新潟市南区","town":"中小見"}],"1424":[{"pref":"新潟県","city":"新潟市南区","town":"下八枚"}],"1425":[{"pref":"新潟県","city":"新潟市南区","town":"戸石"}],"1426":[{"pref":"新潟県","city":"新潟市南区","town":"新生町"}],"1428":[{"pref":"新潟県","city":"新潟市南区","town":"上浦"}],"1431":[{"pref":"新潟県","city":"新潟市南区","town":"上八枚"}],"1432":[{"pref":"新潟県","city":"新潟市南区","town":"十二道島"}],"1433":[{"pref":"新潟県","city":"新潟市南区","town":"次郎右エ門興野"}],"1434":[{"pref":"新潟県","city":"新潟市南区","town":"櫛笥"}],"1435":[{"pref":"新潟県","city":"新潟市南区","town":"万年"}],"1436":[{"pref":"新潟県","city":"新潟市南区","town":"田尾"}],"1437":[{"pref":"新潟県","city":"新潟市南区","town":"鍋潟"}],"1441":[{"pref":"新潟県","city":"新潟市南区","town":"蜘手興野"}],"1442":[{"pref":"新潟県","city":"新潟市南区","town":"鋳物師興野"}],"1443":[{"pref":"新潟県","city":"新潟市南区","town":"菱潟"}],"1444":[{"pref":"新潟県","city":"新潟市南区","town":"牛崎"}],"1445":[{"pref":"新潟県","city":"新潟市南区","town":"菱潟新田"}],"1446":[{"pref":"新潟県","city":"新潟市南区","town":"庄瀬"}],"1447":[{"pref":"新潟県","city":"新潟市南区","town":"飯島"}],"1451":[{"pref":"新潟県","city":"新潟市南区","town":"真木"}],"1452":[{"pref":"新潟県","city":"新潟市南区","town":"古川新田"}],"1453":[{"pref":"新潟県","city":"新潟市南区","town":"兎新田"}],"1454":[{"pref":"新潟県","city":"新潟市南区","town":"上新田"}],"1455":[{"pref":"新潟県","city":"新潟市南区","town":"新飯田"}],"1456":[{"pref":"新潟県","city":"新潟市南区","town":"茨曽根"}],"1457":[{"pref":"新潟県","city":"新潟市南区","town":"清水"}],"1461":[{"pref":"新潟県","city":"新潟市南区","town":"平潟"}],"1462":[{"pref":"新潟県","city":"新潟市南区","town":"蔵主"}],"1463":[{"pref":"新潟県","city":"新潟市南区","town":"平潟新田"}],"1464":[{"pref":"新潟県","city":"新潟市南区","town":"下道潟"}],"1465":[{"pref":"新潟県","city":"新潟市南区","town":"上道潟"}],"1466":[{"pref":"新潟県","city":"新潟市南区","town":"沖新保"}],"1467":[{"pref":"新潟県","city":"新潟市南区","town":"東萱場"}],"1471":[{"pref":"新潟県","city":"新潟市南区","town":"和泉"}],"1472":[{"pref":"新潟県","city":"新潟市南区","town":"浦梨"}],"1473":[{"pref":"新潟県","city":"新潟市南区","town":"下木山"}],"1474":[{"pref":"新潟県","city":"新潟市南区","town":"上木山"}],"1475":[{"pref":"新潟県","city":"新潟市南区","town":"戸頭"}],"1476":[{"pref":"新潟県","city":"新潟市南区","town":"平成町"}],"1477":[{"pref":"新潟県","city":"新潟市南区","town":"田中"}],"2001":[{"pref":"新潟県","city":"新潟市西区","town":"浦山"}],"2002":[{"pref":"新潟県","city":"新潟市西区","town":"青山"}],"2003":[{"pref":"新潟県","city":"新潟市西区","town":"東青山"}],"2004":[{"pref":"新潟県","city":"新潟市西区","town":"平島"}],"2005":[{"pref":"新潟県","city":"新潟市西区","town":"青山水道"}],"2006":[{"pref":"新潟県","city":"新潟市西区","town":"青山新町"}],"2011":[{"pref":"新潟県","city":"新潟市西区","town":"小針上山"}],"2012":[{"pref":"新潟県","city":"新潟市西区","town":"小針台"}],"2013":[{"pref":"新潟県","city":"新潟市西区","town":"小針が丘"}],"2014":[{"pref":"新潟県","city":"新潟市西区","town":"小針西"}],"2015":[{"pref":"新潟県","city":"新潟市西区","town":"西小針台"}],"2021":[{"pref":"新潟県","city":"新潟市西区","town":"小針藤山"}],"2022":[{"pref":"新潟県","city":"新潟市西区","town":"小針"}],"2023":[{"pref":"新潟県","city":"新潟市西区","town":"小新"}],"2024":[{"pref":"新潟県","city":"新潟市西区","town":"小新西"}],"2025":[{"pref":"新潟県","city":"新潟市西区","town":"小針南"}],"2026":[{"pref":"新潟県","city":"新潟市西区","town":"小針南台"}],"2027":[{"pref":"新潟県","city":"新潟市西区","town":"小新大通"}],"2028":[{"pref":"新潟県","city":"新潟市西区","town":"小新南"}],"2031":[{"pref":"新潟県","city":"新潟市西区","town":"流通センター"}],"2032":[{"pref":"新潟県","city":"新潟市西区","town":"的場流通"}],"2033":[{"pref":"新潟県","city":"新潟市西区","town":"亀貝"}],"2034":[{"pref":"新潟県","city":"新潟市西区","town":"新田"}],"2035":[{"pref":"新潟県","city":"新潟市西区","town":"新通"}],"2036":[{"pref":"新潟県","city":"新潟市西区","town":"新通西"}],"2037":[{"pref":"新潟県","city":"新潟市西区","town":"大野"}],"2038":[{"pref":"新潟県","city":"新潟市西区","town":"新通南"}],"2041":[{"pref":"新潟県","city":"新潟市西区","town":"坂井東"}],"2042":[{"pref":"新潟県","city":"新潟市西区","town":"坂井"}],"2043":[{"pref":"新潟県","city":"新潟市西区","town":"須賀"}],"2044":[{"pref":"新潟県","city":"新潟市西区","town":"坂井砂山"}],"2045":[{"pref":"新潟県","city":"新潟市西区","town":"五十嵐東"}],"2051":[{"pref":"新潟県","city":"新潟市西区","town":"寺尾朝日通"}],"2052":[{"pref":"新潟県","city":"新潟市西区","town":"寺尾"}],"2053":[{"pref":"新潟県","city":"新潟市西区","town":"寺尾前通"}],"2054":[{"pref":"新潟県","city":"新潟市西区","town":"寺尾東"}],"2055":[{"pref":"新潟県","city":"新潟市西区","town":"寺尾上"}],"2061":[{"pref":"新潟県","city":"新潟市西区","town":"寺尾北"}],"2062":[{"pref":"新潟県","city":"新潟市西区","town":"寺尾中央公園"}],"2063":[{"pref":"新潟県","city":"新潟市西区","town":"寺尾台"}],"2064":[{"pref":"新潟県","city":"新潟市西区","town":"寺尾西"}],"2071":[{"pref":"新潟県","city":"新潟市西区","town":"西有明町"}],"2072":[{"pref":"新潟県","city":"新潟市西区","town":"松美台"}],"2073":[{"pref":"新潟県","city":"新潟市西区","town":"有明町"}],"2074":[{"pref":"新潟県","city":"新潟市西区","town":"真砂"}],"2075":[{"pref":"新潟県","city":"新潟市西区","town":"松海が丘"}],"2076":[{"pref":"新潟県","city":"新潟市西区","town":"上新栄町"}],"2101":[{"pref":"新潟県","city":"新潟市西区","town":"五十嵐一の町"}],"2102":[{"pref":"新潟県","city":"新潟市西区","town":"五十嵐二の町"}],"2111":[{"pref":"新潟県","city":"新潟市西区","town":"大学南"}],"2112":[{"pref":"新潟県","city":"新潟市西区","town":"内野町"}],"2113":[{"pref":"新潟県","city":"新潟市西区","town":"内野山手"}],"2121":[{"pref":"新潟県","city":"新潟市西区","town":"槇尾"}],"2122":[{"pref":"新潟県","city":"新潟市西区","town":"高山"}],"2123":[{"pref":"新潟県","city":"新潟市西区","town":"笠木"}],"2124":[{"pref":"新潟県","city":"新潟市西区","town":"田潟"}],"2125":[{"pref":"新潟県","city":"新潟市西区","town":"中野小屋"}],"2126":[{"pref":"新潟県","city":"新潟市西区","town":"大友"}],"2131":[{"pref":"新潟県","city":"新潟市西区","town":"早潟"}],"2132":[{"pref":"新潟県","city":"新潟市西区","town":"小瀬"}],"2133":[{"pref":"新潟県","city":"新潟市西区","town":"前野外新田"}],"2134":[{"pref":"新潟県","city":"新潟市西区","town":"保古野木"}],"2135":[{"pref":"新潟県","city":"新潟市西区","town":"明田"}],"2136":[{"pref":"新潟県","city":"新潟市西区","town":"勘助郷屋"}],"2137":[{"pref":"新潟県","city":"新潟市西区","town":"小見郷屋"}],"2138":[{"pref":"新潟県","city":"新潟市西区","town":"藤野木"}],"2141":[{"pref":"新潟県","city":"新潟市西区","town":"内野潟端"}],"2142":[{"pref":"新潟県","city":"新潟市西区","town":"内野戸中才"}],"2143":[{"pref":"新潟県","city":"新潟市西区","town":"内野早角"}],"2144":[{"pref":"新潟県","city":"新潟市西区","town":"曽和"}],"2145":[{"pref":"新潟県","city":"新潟市西区","town":"田島"}],"2146":[{"pref":"新潟県","city":"新潟市西区","town":"金巻新田"}],"2147":[{"pref":"新潟県","city":"新潟市西区","town":"道河原"}],"2151":[{"pref":"新潟県","city":"新潟市西区","town":"内野西"}],"2152":[{"pref":"新潟県","city":"新潟市西区","town":"五十嵐下崎山"}],"2153":[{"pref":"新潟県","city":"新潟市西区","town":"内野崎山"}],"2154":[{"pref":"新潟県","city":"新潟市西区","town":"内野潟向"}],"2155":[{"pref":"新潟県","city":"新潟市西区","town":"五十嵐上崎山"}],"2156":[{"pref":"新潟県","city":"新潟市西区","town":"内野関場"}],"2157":[{"pref":"新潟県","city":"新潟市西区","town":"内野西が丘"}],"2161":[{"pref":"新潟県","city":"新潟市西区","town":"五十嵐西"}],"2162":[{"pref":"新潟県","city":"新潟市西区","town":"五十嵐中島"}],"2163":[{"pref":"新潟県","city":"新潟市西区","town":"新中浜"}],"2164":[{"pref":"新潟県","city":"新潟市西区","town":"内野中浜"}],"2171":[{"pref":"新潟県","city":"新潟市西区","town":"五十嵐三の町"}],"2172":[{"pref":"新潟県","city":"新潟市西区","town":"内野上新町"}],"2173":[{"pref":"新潟県","city":"新潟市西区","town":"五十嵐三の町東"}],"2174":[{"pref":"新潟県","city":"新潟市西区","town":"五十嵐三の町西"}],"2175":[{"pref":"新潟県","city":"新潟市西区","town":"五十嵐三の町南"}],"2176":[{"pref":"新潟県","city":"新潟市西区","town":"五十嵐三の町北"}],"2177":[{"pref":"新潟県","city":"新潟市西区","town":"五十嵐三の町中"}],"2201":[{"pref":"新潟県","city":"新潟市西区","town":"四ツ郷屋"}],"2251":[{"pref":"新潟県","city":"新潟市西区","town":"中権寺"}],"2252":[{"pref":"新潟県","city":"新潟市西区","town":"谷内"}],"2253":[{"pref":"新潟県","city":"新潟市西区","town":"木山"}],"2254":[{"pref":"新潟県","city":"新潟市西区","town":"東山"}],"2255":[{"pref":"新潟県","city":"新潟市西区","town":"神山"}],"2256":[{"pref":"新潟県","city":"新潟市西区","town":"山崎"}],"2261":[{"pref":"新潟県","city":"新潟市西区","town":"赤塚"}],"2262":[{"pref":"新潟県","city":"新潟市西区","town":"藤蔵新田"}],"2263":[{"pref":"新潟県","city":"新潟市西区","town":"坂田"}],"2264":[{"pref":"新潟県","city":"新潟市西区","town":"みずき野"}],"3101":[{"pref":"新潟県","city":"新潟市北区","town":"太郎代"}],"3102":[{"pref":"新潟県","city":"新潟市北区","town":"島見町"}],"3103":[{"pref":"新潟県","city":"新潟市北区","town":"白勢町"}],"3104":[{"pref":"新潟県","city":"新潟市北区","town":"東栄町"}],"3105":[{"pref":"新潟県","city":"新潟市北区","town":"新富町"}],"3111":[{"pref":"新潟県","city":"新潟市北区","town":"太夫浜新町"}],"3112":[{"pref":"新潟県","city":"新潟市北区","town":"太夫浜"}],"3113":[{"pref":"新潟県","city":"新潟市北区","town":"松栄町"}],"3114":[{"pref":"新潟県","city":"新潟市北区","town":"名目所"}],"3115":[{"pref":"新潟県","city":"新潟市北区","town":"松浜新町"}],"3116":[{"pref":"新潟県","city":"新潟市北区","town":"神谷内"}],"3121":[{"pref":"新潟県","city":"新潟市北区","town":"松浜町"}],"3122":[{"pref":"新潟県","city":"新潟市北区","town":"西名目所"}],"3123":[{"pref":"新潟県","city":"新潟市北区","town":"新元島町"}],"3124":[{"pref":"新潟県","city":"新潟市北区","town":"三軒屋町"}],"3125":[{"pref":"新潟県","city":"新潟市北区","town":"松浜本町"}],"3126":[{"pref":"新潟県","city":"新潟市北区","town":"松浜"}],"3127":[{"pref":"新潟県","city":"新潟市北区","town":"松浜みなと"}],"3128":[{"pref":"新潟県","city":"新潟市北区","town":"松浜東町"}],"3131":[{"pref":"新潟県","city":"新潟市北区","town":"濁川"}],"3132":[{"pref":"新潟県","city":"新潟市北区","town":"松潟"}],"3133":[{"pref":"新潟県","city":"新潟市北区","town":"すみれ野"}],"3134":[{"pref":"新潟県","city":"新潟市北区","town":"新崎"}],"3135":[{"pref":"新潟県","city":"新潟市北区","town":"つくし野"}],"3301":[{"pref":"新潟県","city":"新潟市北区","town":"笹山"}],"3302":[{"pref":"新潟県","city":"新潟市北区","town":"浜浦"}],"3303":[{"pref":"新潟県","city":"新潟市北区","town":"横土居"}],"3304":[{"pref":"新潟県","city":"新潟市北区","town":"木崎"}],"3305":[{"pref":"新潟県","city":"新潟市北区","town":"浦ノ入"}],"3306":[{"pref":"新潟県","city":"新潟市北区","town":"内島見"}],"3307":[{"pref":"新潟県","city":"新潟市北区","town":"樋ノ入"}],"3308":[{"pref":"新潟県","city":"新潟市北区","town":"下大谷内"}],"3309":[{"pref":"新潟県","city":"新潟市北区","town":"北陽"}],"3311":[{"pref":"新潟県","city":"新潟市北区","town":"横井"}],"3312":[{"pref":"新潟県","city":"新潟市北区","town":"笠柳"}],"3313":[{"pref":"新潟県","city":"新潟市北区","town":"太田"}],"3314":[{"pref":"新潟県","city":"新潟市北区","town":"村新田"}],"3315":[{"pref":"新潟県","city":"新潟市北区","town":"朝日町"}],"3316":[{"pref":"新潟県","city":"新潟市北区","town":"鳥屋"}],"3317":[{"pref":"新潟県","city":"新潟市北区","town":"かぶとやま"}],"3321":[{"pref":"新潟県","city":"新潟市北区","town":"葛塚"}],"3322":[{"pref":"新潟県","city":"新潟市北区","town":"嘉山"}],"3323":[{"pref":"新潟県","city":"新潟市北区","town":"東栄町"}],"3324":[{"pref":"新潟県","city":"新潟市北区","town":"前新田"}],"3325":[{"pref":"新潟県","city":"新潟市北区","town":"白新町"}],"3326":[{"pref":"新潟県","city":"新潟市北区","town":"柳原"}],"3327":[{"pref":"新潟県","city":"新潟市北区","town":"石動"}],"3328":[{"pref":"新潟県","city":"新潟市北区","town":"前新田沖"}],"3331":[{"pref":"新潟県","city":"新潟市北区","town":"新鼻"}],"3332":[{"pref":"新潟県","city":"新潟市北区","town":"新鼻甲"}],"3333":[{"pref":"新潟県","city":"新潟市北区","town":"内沼"}],"3334":[{"pref":"新潟県","city":"新潟市北区","town":"大月"}],"3335":[{"pref":"新潟県","city":"新潟市北区","town":"上大月"}],"3336":[{"pref":"新潟県","city":"新潟市北区","town":"岡新田"}],"3337":[{"pref":"新潟県","city":"新潟市北区","town":"里飯野"}],"3338":[{"pref":"新潟県","city":"新潟市北区","town":"長場"}],"3339":[{"pref":"新潟県","city":"新潟市北区","town":"新鼻乙"}],"3341":[{"pref":"新潟県","city":"新潟市北区","town":"川西"}],"3342":[{"pref":"新潟県","city":"新潟市北区","town":"美里"}],"3343":[{"pref":"新潟県","city":"新潟市北区","town":"上土地亀"}],"3344":[{"pref":"新潟県","city":"新潟市北区","town":"浦木"}],"3345":[{"pref":"新潟県","city":"新潟市北区","town":"長戸"}],"3346":[{"pref":"新潟県","city":"新潟市北区","town":"下土地亀"}],"3350":[{"pref":"新潟県","city":"新潟市北区","town":"横越"}],"3351":[{"pref":"新潟県","city":"新潟市北区","town":"大瀬柳"}],"3352":[{"pref":"新潟県","city":"新潟市北区","town":"長戸呂新田"}],"3353":[{"pref":"新潟県","city":"新潟市北区","town":"長戸呂"}],"3354":[{"pref":"新潟県","city":"新潟市北区","town":"十二"}],"3355":[{"pref":"新潟県","city":"新潟市北区","town":"上堀田"}],"3356":[{"pref":"新潟県","city":"新潟市北区","town":"山飯野"}],"3357":[{"pref":"新潟県","city":"新潟市北区","town":"平林"}],"3358":[{"pref":"新潟県","city":"新潟市北区","town":"灰塚"}],"3359":[{"pref":"新潟県","city":"新潟市北区","town":"十二前"}],"3360":[{"pref":"新潟県","city":"新潟市北区","town":"小杉"}],"3361":[{"pref":"新潟県","city":"新潟市北区","town":"新井郷"}],"3362":[{"pref":"新潟県","city":"新潟市北区","town":"高森新田"}],"3363":[{"pref":"新潟県","city":"新潟市北区","town":"大久保"}],"3364":[{"pref":"新潟県","city":"新潟市北区","town":"大迎"}],"3365":[{"pref":"新潟県","city":"新潟市北区","town":"太子堂"}],"3366":[{"pref":"新潟県","city":"新潟市北区","town":"三ツ屋"}],"3367":[{"pref":"新潟県","city":"新潟市北区","town":"高森"}],"3368":[{"pref":"新潟県","city":"新潟市北区","town":"森下"}],"3369":[{"pref":"新潟県","city":"新潟市北区","town":"三ツ森川原"}],"3371":[{"pref":"新潟県","city":"新潟市北区","town":"下早通"}],"3372":[{"pref":"新潟県","city":"新潟市北区","town":"早通"}],"3373":[{"pref":"新潟県","city":"新潟市北区","town":"須戸"}],"3374":[{"pref":"新潟県","city":"新潟市北区","town":"仏伝"}],"3375":[{"pref":"新潟県","city":"新潟市北区","town":"早通南"}],"3376":[{"pref":"新潟県","city":"新潟市北区","town":"早通北"}],"3377":[{"pref":"新潟県","city":"新潟市北区","town":"彩野"}],"3381":[{"pref":"新潟県","city":"新潟市北区","town":"内沼沖"}],"0000":[{"pref":"新潟県","city":"新潟市北区","town":"以下に掲載がない場合"},{"pref":"新潟県","city":"新潟市東区","town":"以下に掲載がない場合"},{"pref":"新潟県","city":"新潟市中央区","town":"以下に掲載がない場合"},{"pref":"新潟県","city":"新潟市江南区","town":"以下に掲載がない場合"},{"pref":"新潟県","city":"新潟市西区","town":"以下に掲載がない場合"},{"pref":"新潟県","city":"新潟市西蒲区","town":"以下に掲載がない場合"}],"0102":[{"pref":"新潟県","city":"新潟市北区","town":"細山"},{"pref":"新潟県","city":"新潟市江南区","town":"細山"}],"0054":[{"pref":"新潟県","city":"新潟市東区","town":"秋葉"}],"0052":[{"pref":"新潟県","city":"新潟市東区","town":"秋葉通"}],"0843":[{"pref":"新潟県","city":"新潟市東区","town":"粟山"},{"pref":"新潟県","city":"新潟市江南区","town":"粟山"}],"0852":[{"pref":"新潟県","city":"新潟市東区","town":"石山"}],"0834":[{"pref":"新潟県","city":"新潟市東区","town":"石山団地"}],"0805":[{"pref":"新潟県","city":"新潟市東区","town":"石動"}],"0101":[{"pref":"新潟県","city":"新潟市東区","town":"江口"},{"pref":"新潟県","city":"新潟市江南区","town":"江口"}],"0884":[{"pref":"新潟県","city":"新潟市東区","town":"榎"}],"0881":[{"pref":"新潟県","city":"新潟市東区","town":"榎町"}],"0806":[{"pref":"新潟県","city":"新潟市東区","town":"海老ケ瀬"}],"0808":[{"pref":"新潟県","city":"新潟市東区","town":"海老ケ瀬新町"}],"0882":[{"pref":"新潟県","city":"新潟市東区","town":"王瀬新町"}],"0814":[{"pref":"新潟県","city":"新潟市東区","town":"逢谷内"}],"0813":[{"pref":"新潟県","city":"新潟市東区","town":"大形本町"}],"0067":[{"pref":"新潟県","city":"新潟市東区","town":"大山"}],"0821":[{"pref":"新潟県","city":"新潟市東区","town":"岡山"}],"0863":[{"pref":"新潟県","city":"新潟市東区","town":"卸新町"}],"0063":[{"pref":"新潟県","city":"新潟市東区","town":"上王瀬町"}],"0891":[{"pref":"新潟県","city":"新潟市東区","town":"上木戸"}],"0161":[{"pref":"新潟県","city":"新潟市東区","town":"亀田中島"},{"pref":"新潟県","city":"新潟市江南区","town":"亀田中島"}],"0883":[{"pref":"新潟県","city":"新潟市東区","town":"鴎島町"}],"0055":[{"pref":"新潟県","city":"新潟市東区","town":"北葉町"}],"0116":[{"pref":"新潟県","city":"新潟市東区","town":"北山"},{"pref":"新潟県","city":"新潟市江南区","town":"北山"}],"0036":[{"pref":"新潟県","city":"新潟市東区","town":"空港西"}],"0831":[{"pref":"新潟県","city":"新潟市東区","town":"下場"}],"0832":[{"pref":"新潟県","city":"新潟市東区","town":"下場新町"}],"0833":[{"pref":"新潟県","city":"新潟市東区","town":"下場本町"}],"0022":[{"pref":"新潟県","city":"新潟市東区","town":"幸栄"}],"0024":[{"pref":"新潟県","city":"新潟市東区","town":"河渡"}],"0015":[{"pref":"新潟県","city":"新潟市東区","town":"河渡庚"}],"0032":[{"pref":"新潟県","city":"新潟市東区","town":"河渡甲"}],"0033":[{"pref":"新潟県","city":"新潟市東区","town":"河渡新町"}],"0016":[{"pref":"新潟県","city":"新潟市東区","town":"河渡本町"}],"0855":[{"pref":"新潟県","city":"新潟市東区","town":"江南"}],"0011":[{"pref":"新潟県","city":"新潟市東区","town":"向陽"}],"0028":[{"pref":"新潟県","city":"新潟市東区","town":"小金台"}],"0026":[{"pref":"新潟県","city":"新潟市東区","town":"小金町"}],"0811":[{"pref":"新潟県","city":"新潟市東区","town":"材木町"}],"0835":[{"pref":"新潟県","city":"新潟市東区","town":"猿ケ馬場"}],"0003":[{"pref":"新潟県","city":"新潟市東区","town":"下山"}],"0864":[{"pref":"新潟県","city":"新潟市東区","town":"紫竹"},{"pref":"新潟県","city":"新潟市中央区","town":"紫竹"}],"0868":[{"pref":"新潟県","city":"新潟市東区","town":"紫竹卸新町"}],"0914":[{"pref":"新潟県","city":"新潟市東区","town":"紫竹山"},{"pref":"新潟県","city":"新潟市中央区","town":"紫竹山"}],"0885":[{"pref":"新潟県","city":"新潟市東区","town":"下木戸"}],"0013":[{"pref":"新潟県","city":"新潟市東区","town":"白銀"}],"0851":[{"pref":"新潟県","city":"新潟市東区","town":"新石山"}],"0822":[{"pref":"新潟県","city":"新潟市東区","town":"新岡山"}],"0004":[{"pref":"新潟県","city":"新潟市東区","town":"新川町"}],"0017":[{"pref":"新潟県","city":"新潟市東区","town":"新松崎"}],"0045":[{"pref":"新潟県","city":"新潟市東区","town":"神明町"}],"0071":[{"pref":"新潟県","city":"新潟市東区","town":"末広町"}],"0005":[{"pref":"新潟県","city":"新潟市東区","town":"太平"}],"0053":[{"pref":"新潟県","city":"新潟市東区","town":"宝町"}],"0862":[{"pref":"新潟県","city":"新潟市東区","town":"竹尾"}],"0867":[{"pref":"新潟県","city":"新潟市東区","town":"竹尾卸新町"}],"0825":[{"pref":"新潟県","city":"新潟市東区","town":"児池"}],"0066":[{"pref":"新潟県","city":"新潟市東区","town":"長者町"}],"0061":[{"pref":"新潟県","city":"新潟市東区","town":"月見町"}],"0801":[{"pref":"新潟県","city":"新潟市東区","town":"津島屋"}],"0892":[{"pref":"新潟県","city":"新潟市東区","town":"寺山"}],"0065":[{"pref":"新潟県","city":"新潟市東区","town":"東新町"}],"0853":[{"pref":"新潟県","city":"新潟市東区","town":"東明"}],"0886":[{"pref":"新潟県","city":"新潟市東区","town":"中木戸"}],"0803":[{"pref":"新潟県","city":"新潟市東区","town":"中興野"}],"0824":[{"pref":"新潟県","city":"新潟市東区","town":"中島"}],"0841":[{"pref":"新潟県","city":"新潟市東区","town":"中野山"},{"pref":"新潟県","city":"新潟市江南区","town":"中野山"}],"0861":[{"pref":"新潟県","city":"新潟市東区","town":"中山"}],"0062":[{"pref":"新潟県","city":"新潟市東区","town":"錦町"}],"0106":[{"pref":"新潟県","city":"新潟市東区","town":"西野"},{"pref":"新潟県","city":"新潟市江南区","town":"西野"}],"0002":[{"pref":"新潟県","city":"新潟市東区","town":"根室新町"}],"0893":[{"pref":"新潟県","city":"新潟市東区","town":"はなみずき"}],"0046":[{"pref":"新潟県","city":"新潟市東区","town":"浜町"}],"0034":[{"pref":"新潟県","city":"新潟市東区","town":"浜谷町"}],"0823":[{"pref":"新潟県","city":"新潟市東区","town":"東中島"}],"0836":[{"pref":"新潟県","city":"新潟市東区","town":"東中野山"}],"0042":[{"pref":"新潟県","city":"新潟市東区","town":"東臨港町"}],"0802":[{"pref":"新潟県","city":"新潟市東区","town":"一日市"}],"0025":[{"pref":"新潟県","city":"新潟市東区","town":"藤見町"}],"0031":[{"pref":"新潟県","city":"新潟市東区","town":"船江町"}],"0056":[{"pref":"新潟県","city":"新潟市東区","town":"古川町"}],"0044":[{"pref":"新潟県","city":"新潟市東区","town":"古湊町"}],"0035":[{"pref":"新潟県","city":"新潟市東区","town":"平和町"}],"0872":[{"pref":"新潟県","city":"新潟市東区","town":"牡丹山"}],"0804":[{"pref":"新潟県","city":"新潟市東区","town":"本所"}],"0014":[{"pref":"新潟県","city":"新潟市東区","town":"松崎"}],"0064":[{"pref":"新潟県","city":"新潟市東区","town":"松島"}],"0023":[{"pref":"新潟県","city":"新潟市東区","town":"松園"}],"0001":[{"pref":"新潟県","city":"新潟市東区","town":"松浜町"}],"0027":[{"pref":"新潟県","city":"新潟市東区","town":"松和町"}],"0854":[{"pref":"新潟県","city":"新潟市東区","town":"南紫竹"}],"0842":[{"pref":"新潟県","city":"新潟市東区","town":"もえぎ野"}],"0807":[{"pref":"新潟県","city":"新潟市東区","town":"木工新町"}],"0021":[{"pref":"新潟県","city":"新潟市東区","town":"物見山"}],"0051":[{"pref":"新潟県","city":"新潟市東区","town":"桃山町"}],"0809":[{"pref":"新潟県","city":"新潟市東区","town":"柳ケ丘"}],"0871":[{"pref":"新潟県","city":"新潟市東区","town":"山木戸"},{"pref":"新潟県","city":"新潟市中央区","town":"山木戸"}],"0057":[{"pref":"新潟県","city":"新潟市東区","town":"山の下町"}],"0012":[{"pref":"新潟県","city":"新潟市東区","town":"有楽"}],"0812":[{"pref":"新潟県","city":"新潟市東区","town":"豊"}],"0047":[{"pref":"新潟県","city":"新潟市東区","town":"臨海町"}],"0043":[{"pref":"新潟県","city":"新潟市東区","town":"臨港"}],"0041":[{"pref":"新潟県","city":"新潟市東区","town":"臨港町"}],"0837":[{"pref":"新潟県","city":"新潟市東区","town":"若葉町"}],"0084":[{"pref":"新潟県","city":"新潟市中央区","town":"明石"}],"0944":[{"pref":"新潟県","city":"新潟市中央区","town":"愛宕"}],"0913":[{"pref":"新潟県","city":"新潟市中央区","town":"鐙"}],"0915":[{"pref":"新潟県","city":"新潟市中央区","town":"鐙西"}],"0964":[{"pref":"新潟県","city":"新潟市中央区","town":"網川原"}],"0157":[{"pref":"新潟県","city":"新潟市中央区","town":"鵜ノ子"},{"pref":"新潟県","city":"新潟市江南区","town":"鵜ノ子"}],"0923":[{"pref":"新潟県","city":"新潟市中央区","town":"姥ケ山"},{"pref":"新潟県","city":"新潟市江南区","town":"姥ケ山"}],"0971":[{"pref":"新潟県","city":"新潟市中央区","town":"近江"}],"0953":[{"pref":"新潟県","city":"新潟市中央区","town":"大島"}],"0952":[{"pref":"新潟県","city":"新潟市中央区","town":"親松"}],"0074":[{"pref":"新潟県","city":"新潟市中央区","town":"鏡が岡"}],"0903":[{"pref":"新潟県","city":"新潟市中央区","town":"春日町"}],"0973":[{"pref":"新潟県","city":"新潟市中央区","town":"上近江"}],"0994":[{"pref":"新潟県","city":"新潟市中央区","town":"上所"}],"0992":[{"pref":"新潟県","city":"新潟市中央区","town":"上所上"}],"0993":[{"pref":"新潟県","city":"新潟市中央区","town":"上所中"}],"0145":[{"pref":"新潟県","city":"新潟市中央区","town":"亀田早通"},{"pref":"新潟県","city":"新潟市江南区","town":"亀田早通"}],"0983":[{"pref":"新潟県","city":"新潟市中央区","town":"神道寺"}],"0986":[{"pref":"新潟県","city":"新潟市中央区","town":"神道寺南"}],"0083":[{"pref":"新潟県","city":"新潟市中央区","town":"蒲原町"}],"0921":[{"pref":"新潟県","city":"新潟市中央区","town":"京王"}],"0926":[{"pref":"新潟県","city":"新潟市中央区","town":"高志"}],"0942":[{"pref":"新潟県","city":"新潟市中央区","town":"小張木"}],"0907":[{"pref":"新潟県","city":"新潟市中央区","town":"幸町"}],"0908":[{"pref":"新潟県","city":"新潟市中央区","town":"幸西"}],"0949":[{"pref":"新潟県","city":"新潟市中央区","town":"桜木町"}],"0911":[{"pref":"新潟県","city":"新潟市中央区","town":"笹口"}],"0081":[{"pref":"新潟県","city":"新潟市中央区","town":"三和町"}],"0991":[{"pref":"新潟県","city":"新潟市中央区","town":"下所島"}],"0965":[{"pref":"新潟県","city":"新潟市中央区","town":"新光町"}],"0972":[{"pref":"新潟県","city":"新潟市中央区","town":"新和"}],"0933":[{"pref":"新潟県","city":"新潟市中央区","town":"清五郎"},{"pref":"新潟県","city":"新潟市江南区","town":"清五郎"}],"0962":[{"pref":"新潟県","city":"新潟市中央区","town":"出来島"}],"0917":[{"pref":"新潟県","city":"新潟市中央区","town":"天神"}],"0905":[{"pref":"新潟県","city":"新潟市中央区","town":"天神尾"}],"0077":[{"pref":"新潟県","city":"新潟市中央区","town":"天明町"}],"0951":[{"pref":"新潟県","city":"新潟市中央区","town":"鳥屋野"}],"0950":[{"pref":"新潟県","city":"新潟市中央区","town":"鳥屋野南"}],"0932":[{"pref":"新潟県","city":"新潟市中央区","town":"長潟"},{"pref":"新潟県","city":"新潟市江南区","town":"長潟（番地）"}],"0085":[{"pref":"新潟県","city":"新潟市中央区","town":"長嶺町"}],"0866":[{"pref":"新潟県","city":"新潟市中央区","town":"西馬越"}],"0076":[{"pref":"新潟県","city":"新潟市中央区","town":"沼垂西"}],"0075":[{"pref":"新潟県","city":"新潟市中央区","town":"沼垂東"}],"0086":[{"pref":"新潟県","city":"新潟市中央区","town":"花園"}],"0088":[{"pref":"新潟県","city":"新潟市中央区","town":"万代"}],"0078":[{"pref":"新潟県","city":"新潟市中央区","town":"万代島"}],"0087":[{"pref":"新潟県","city":"新潟市中央区","town":"東大通"}],"0906":[{"pref":"新潟県","city":"新潟市中央区","town":"東幸町"}],"0961":[{"pref":"新潟県","city":"新潟市中央区","town":"東出来島"}],"0082":[{"pref":"新潟県","city":"新潟市中央区","town":"東万代町"}],"0073":[{"pref":"新潟県","city":"新潟市中央区","town":"日の出"}],"0901":[{"pref":"新潟県","city":"新潟市中央区","town":"弁天"}],"0925":[{"pref":"新潟県","city":"新潟市中央区","town":"弁天橋通"}],"0981":[{"pref":"新潟県","city":"新潟市中央区","town":"堀之内"}],"0982":[{"pref":"新潟県","city":"新潟市中央区","town":"堀之内南"}],"0954":[{"pref":"新潟県","city":"新潟市中央区","town":"美咲町"}],"0904":[{"pref":"新潟県","city":"新潟市中央区","town":"水島町"}],"0912":[{"pref":"新潟県","city":"新潟市中央区","town":"南笹口"}],"0963":[{"pref":"新潟県","city":"新潟市中央区","town":"南出来島"}],"0931":[{"pref":"新潟県","city":"新潟市中央区","town":"南長潟"}],"0902":[{"pref":"新潟県","city":"新潟市中央区","town":"南万代町"}],"0924":[{"pref":"新潟県","city":"新潟市中央区","town":"美の里"}],"0941":[{"pref":"新潟県","city":"新潟市中央区","town":"女池"}],"0945":[{"pref":"新潟県","city":"新潟市中央区","town":"女池上山"}],"0947":[{"pref":"新潟県","city":"新潟市中央区","town":"女池北"}],"0943":[{"pref":"新潟県","city":"新潟市中央区","town":"女池神明"}],"0946":[{"pref":"新潟県","city":"新潟市中央区","town":"女池西"}],"0984":[{"pref":"新潟県","city":"新潟市中央区","town":"女池東"}],"0948":[{"pref":"新潟県","city":"新潟市中央区","town":"女池南"}],"0865":[{"pref":"新潟県","city":"新潟市中央区","town":"本馬越"}],"0909":[{"pref":"新潟県","city":"新潟市中央区","town":"八千代"}],"0922":[{"pref":"新潟県","city":"新潟市中央区","town":"山二ツ"},{"pref":"新潟県","city":"新潟市江南区","town":"山二ツ"}],"0916":[{"pref":"新潟県","city":"新潟市中央区","town":"米山"}],"0072":[{"pref":"新潟県","city":"新潟市中央区","town":"竜が島"}],"0985":[{"pref":"新潟県","city":"新潟市中央区","town":"和合町"}],"0212":[{"pref":"新潟県","city":"新潟市江南区","town":"茜ケ丘"}],"0217":[{"pref":"新潟県","city":"新潟市江南区","town":"阿賀野"}],"0134":[{"pref":"新潟県","city":"新潟市江南区","town":"曙町"}],"0166":[{"pref":"新潟県","city":"新潟市江南区","town":"旭"}],"0155":[{"pref":"新潟県","city":"新潟市江南区","town":"泉町"}],"0122":[{"pref":"新潟県","city":"新潟市江南区","town":"稲葉"}],"0218":[{"pref":"新潟県","city":"新潟市江南区","town":"いぶき野"}],"0214":[{"pref":"新潟県","city":"新潟市江南区","town":"うぐいす"}],"0140":[{"pref":"新潟県","city":"新潟市江南区","town":"梅見台"}],"0105":[{"pref":"新潟県","city":"新潟市江南区","town":"大渕"}],"0154":[{"pref":"新潟県","city":"新潟市江南区","town":"荻曽根"}],"0323":[{"pref":"新潟県","city":"新潟市江南区","town":"嘉瀬"}],"0326":[{"pref":"新潟県","city":"新潟市江南区","town":"上和田"}],"0124":[{"pref":"新潟県","city":"新潟市江南区","town":"亀田東町"}],"0162":[{"pref":"新潟県","city":"新潟市江南区","town":"亀田大月"}],"0141":[{"pref":"新潟県","city":"新潟市江南区","town":"亀田工業団地"}],"0121":[{"pref":"新潟県","city":"新潟市江南区","town":"亀田向陽"}],"0125":[{"pref":"新潟県","city":"新潟市江南区","town":"亀田新明町"}],"0123":[{"pref":"新潟県","city":"新潟市江南区","town":"亀田水道町"}],"0169":[{"pref":"新潟県","city":"新潟市江南区","town":"亀田長潟"}],"0164":[{"pref":"新潟県","city":"新潟市江南区","town":"亀田本町"}],"0152":[{"pref":"新潟県","city":"新潟市江南区","town":"亀田緑町"}],"0151":[{"pref":"新潟県","city":"新潟市江南区","town":"亀田四ツ興野"}],"0206":[{"pref":"新潟県","city":"新潟市江南区","town":"木津"}],"0213":[{"pref":"新潟県","city":"新潟市江南区","town":"木津工業団地"}],"0103":[{"pref":"新潟県","city":"新潟市江南区","town":"蔵岡"}],"0203":[{"pref":"新潟県","city":"新潟市江南区","town":"小杉"}],"0201":[{"pref":"新潟県","city":"新潟市江南区","town":"駒込"}],"0324":[{"pref":"新潟県","city":"新潟市江南区","town":"酒屋町"}],"0104":[{"pref":"新潟県","city":"新潟市江南区","town":"笹山"}],"0167":[{"pref":"新潟県","city":"新潟市江南区","town":"五月町"}],"0156":[{"pref":"新潟県","city":"新潟市江南区","town":"早苗"}],"0129":[{"pref":"新潟県","city":"新潟市江南区","town":"三條岡"}],"0107":[{"pref":"新潟県","city":"新潟市江南区","town":"三百地"}],"0149":[{"pref":"新潟県","city":"新潟市江南区","town":"下早通"}],"0150":[{"pref":"新潟県","city":"新潟市江南区","town":"下早通柳田"}],"0136":[{"pref":"新潟県","city":"新潟市江南区","town":"城所"}],"0137":[{"pref":"新潟県","city":"新潟市江南区","town":"城山"}],"0132":[{"pref":"新潟県","city":"新潟市江南区","town":"砂岡"}],"0133":[{"pref":"新潟県","city":"新潟市江南区","town":"砂崩"}],"0130":[{"pref":"新潟県","city":"新潟市江南区","town":"砂山"}],"0127":[{"pref":"新潟県","city":"新潟市江南区","town":"諏訪"}],"0205":[{"pref":"新潟県","city":"新潟市江南区","town":"沢海"}],"0144":[{"pref":"新潟県","city":"新潟市江南区","town":"茅野山"}],"0139":[{"pref":"新潟県","city":"新潟市江南区","town":"手代山"}],"0135":[{"pref":"新潟県","city":"新潟市江南区","town":"所島"}],"0142":[{"pref":"新潟県","city":"新潟市江南区","town":"泥潟"}],"0111":[{"pref":"新潟県","city":"新潟市江南区","town":"直り山"}],"0147":[{"pref":"新潟県","city":"新潟市江南区","town":"長潟（丁目）"}],"0165":[{"pref":"新潟県","city":"新潟市江南区","town":"西町"}],"0113":[{"pref":"新潟県","city":"新潟市江南区","town":"西山"}],"0207":[{"pref":"新潟県","city":"新潟市江南区","town":"二本木"}],"0325":[{"pref":"新潟県","city":"新潟市江南区","town":"花ノ牧"}],"0168":[{"pref":"新潟県","city":"新潟市江南区","town":"早通"}],"0148":[{"pref":"新潟県","city":"新潟市江南区","town":"東早通"}],"0163":[{"pref":"新潟県","city":"新潟市江南区","town":"東船場"}],"0126":[{"pref":"新潟県","city":"新潟市江南区","town":"東本町"}],"0138":[{"pref":"新潟県","city":"新潟市江南区","town":"日水"}],"0329":[{"pref":"新潟県","city":"新潟市江南区","town":"平賀"}],"0215":[{"pref":"新潟県","city":"新潟市江南区","town":"平山"}],"0131":[{"pref":"新潟県","city":"新潟市江南区","town":"袋津"}],"0202":[{"pref":"新潟県","city":"新潟市江南区","town":"藤山"}],"0153":[{"pref":"新潟県","city":"新潟市江南区","town":"船戸山"}],"0328":[{"pref":"新潟県","city":"新潟市江南区","town":"舞潟"}],"0112":[{"pref":"新潟県","city":"新潟市江南区","town":"松山"}],"0146":[{"pref":"新潟県","city":"新潟市江南区","town":"丸潟"}],"0115":[{"pref":"新潟県","city":"新潟市江南区","town":"丸山"}],"0114":[{"pref":"新潟県","city":"新潟市江南区","town":"茗荷谷"}],"0143":[{"pref":"新潟県","city":"新潟市江南区","town":"元町"}],"0204":[{"pref":"新潟県","city":"新潟市江南区","town":"横越"}],"0210":[{"pref":"新潟県","city":"新潟市江南区","town":"横越上町"}],"0211":[{"pref":"新潟県","city":"新潟市江南区","town":"横越川根町"}],"0208":[{"pref":"新潟県","city":"新潟市江南区","town":"横越中央"}],"0209":[{"pref":"新潟県","city":"新潟市江南区","town":"横越東町"}],"0322":[{"pref":"新潟県","city":"新潟市江南区","town":"両川"}],"0327":[{"pref":"新潟県","city":"新潟市江南区","town":"和田"}],"0321":[{"pref":"新潟県","city":"新潟市江南区","town":"割野"}]}