{"1101":[{"pref":"新潟県","city":"上越市","town":"大島区嶺"}],"1102":[{"pref":"新潟県","city":"上越市","town":"大島区田麦"}],"1103":[{"pref":"新潟県","city":"上越市","town":"大島区大平"}],"1104":[{"pref":"新潟県","city":"上越市","town":"大島区下達"}],"1105":[{"pref":"新潟県","city":"上越市","town":"大島区上達"}],"1106":[{"pref":"新潟県","city":"上越市","town":"大島区岡"}],"1107":[{"pref":"新潟県","city":"上越市","town":"大島区板山"}],"1211":[{"pref":"新潟県","city":"上越市","town":"大島区大島"}],"1212":[{"pref":"新潟県","city":"上越市","town":"大島区中野"}],"1213":[{"pref":"新潟県","city":"上越市","town":"大島区棚岡"}],"1214":[{"pref":"新潟県","city":"上越市","town":"大島区仁上"}],"1215":[{"pref":"新潟県","city":"上越市","town":"大島区牛ケ鼻"}],"1216":[{"pref":"新潟県","city":"上越市","town":"大島区菖蒲"}],"1341":[{"pref":"新潟県","city":"十日町市","town":"松之山黒倉"}],"1342":[{"pref":"新潟県","city":"十日町市","town":"浦田"}],"1351":[{"pref":"新潟県","city":"十日町市","town":"峠"}],"1352":[{"pref":"新潟県","city":"十日町市","town":"木和田原"}],"1353":[{"pref":"新潟県","city":"十日町市","town":"室野"}],"1354":[{"pref":"新潟県","city":"十日町市","town":"福島"}],"1355":[{"pref":"新潟県","city":"十日町市","town":"奈良立"}],"1356":[{"pref":"新潟県","city":"十日町市","town":"竹所"}],"1401":[{"pref":"新潟県","city":"十日町市","town":"松之山水梨"}],"1402":[{"pref":"新潟県","city":"十日町市","town":"松之山小谷"}],"1403":[{"pref":"新潟県","city":"十日町市","town":"松之山大荒戸"}],"1404":[{"pref":"新潟県","city":"十日町市","town":"松之山新山"}],"1405":[{"pref":"新潟県","city":"十日町市","town":"松之山光間"}],"1406":[{"pref":"新潟県","city":"十日町市","town":"松之山"}],"1411":[{"pref":"新潟県","city":"十日町市","town":"松之山松口"}],"1412":[{"pref":"新潟県","city":"十日町市","town":"松之山三桶"}],"1413":[{"pref":"新潟県","city":"十日町市","town":"松之山沢口"}],"1414":[{"pref":"新潟県","city":"十日町市","town":"松之山古戸"}],"1415":[{"pref":"新潟県","city":"十日町市","town":"松之山観音寺"}],"1416":[{"pref":"新潟県","city":"十日町市","town":"松之山坂下"}],"1417":[{"pref":"新潟県","city":"十日町市","town":"松之山猪之名"}],"1418":[{"pref":"新潟県","city":"十日町市","town":"松之山藤内名"}],"1419":[{"pref":"新潟県","city":"十日町市","town":"松之山橋詰"}],"1421":[{"pref":"新潟県","city":"十日町市","town":"松之山五十子平"}],"1422":[{"pref":"新潟県","city":"十日町市","town":"松之山坪野"}],"1423":[{"pref":"新潟県","city":"十日町市","town":"松之山赤倉"}],"1424":[{"pref":"新潟県","city":"十日町市","town":"松之山東山"}],"1425":[{"pref":"新潟県","city":"十日町市","town":"松之山下鰕池"}],"1426":[{"pref":"新潟県","city":"十日町市","town":"松之山上鰕池"}],"1427":[{"pref":"新潟県","city":"十日町市","town":"松之山東川"}],"1428":[{"pref":"新潟県","city":"十日町市","town":"松之山中尾"}],"1429":[{"pref":"新潟県","city":"十日町市","town":"松之山藤倉"}],"1431":[{"pref":"新潟県","city":"十日町市","town":"松之山湯山"}],"1432":[{"pref":"新潟県","city":"十日町市","town":"松之山湯本"}],"1434":[{"pref":"新潟県","city":"十日町市","town":"松之山天水島"}],"1435":[{"pref":"新潟県","city":"十日町市","town":"松之山天水越"}],"1501":[{"pref":"新潟県","city":"十日町市","town":"滝沢"}],"1502":[{"pref":"新潟県","city":"十日町市","town":"片桐山"}],"1503":[{"pref":"新潟県","city":"十日町市","town":"孟地"}],"1504":[{"pref":"新潟県","city":"十日町市","town":"犬伏"}],"1505":[{"pref":"新潟県","city":"十日町市","town":"苧島"}],"1506":[{"pref":"新潟県","city":"十日町市","town":"中子"}],"1511":[{"pref":"新潟県","city":"十日町市","town":"海老"}],"1512":[{"pref":"新潟県","city":"十日町市","town":"松代東山"}],"1513":[{"pref":"新潟県","city":"十日町市","town":"松代下山"}],"1514":[{"pref":"新潟県","city":"十日町市","town":"小屋丸"}],"1515":[{"pref":"新潟県","city":"十日町市","town":"池之畑"}],"1521":[{"pref":"新潟県","city":"十日町市","town":"菅刈"}],"1522":[{"pref":"新潟県","city":"十日町市","town":"松代田沢"}],"1523":[{"pref":"新潟県","city":"十日町市","town":"小荒戸"}],"1524":[{"pref":"新潟県","city":"十日町市","town":"千年"}],"1525":[{"pref":"新潟県","city":"十日町市","town":"池尻"}],"1526":[{"pref":"新潟県","city":"十日町市","town":"松代"}],"1527":[{"pref":"新潟県","city":"十日町市","town":"太平"}],"1531":[{"pref":"新潟県","city":"十日町市","town":"莇平"}],"1532":[{"pref":"新潟県","city":"十日町市","town":"仙納"}],"1533":[{"pref":"新潟県","city":"十日町市","town":"田野倉"}],"1534":[{"pref":"新潟県","city":"十日町市","town":"蒲生"}],"1535":[{"pref":"新潟県","city":"十日町市","town":"名平"}],"1536":[{"pref":"新潟県","city":"十日町市","town":"儀明"}],"1537":[{"pref":"新潟県","city":"十日町市","town":"寺田"}],"1538":[{"pref":"新潟県","city":"十日町市","town":"小池"}],"1541":[{"pref":"新潟県","city":"十日町市","town":"桐山"}],"1542":[{"pref":"新潟県","city":"十日町市","town":"清水"}],"1543":[{"pref":"新潟県","city":"十日町市","town":"会沢"}],"1544":[{"pref":"新潟県","city":"十日町市","town":"蓬平"}],"0238":[{"pref":"新潟県","city":"上越市","town":"青野"}],"0003":[{"pref":"新潟県","city":"上越市","town":"東町"}],"0039":[{"pref":"新潟県","city":"上越市","town":"飯塚"}],"0242":[{"pref":"新潟県","city":"上越市","town":"石川"}],"0074":[{"pref":"新潟県","city":"上越市","town":"石橋"}],"0023":[{"pref":"新潟県","city":"上越市","town":"石橋新田"}],"0306":[{"pref":"新潟県","city":"上越市","town":"浦川原区有島"}],"0336":[{"pref":"新潟県","city":"上越市","town":"浦川原区飯室"}],"0335":[{"pref":"新潟県","city":"上越市","town":"浦川原区今熊"}],"0332":[{"pref":"新潟県","city":"上越市","town":"浦川原区岩室"}],"0338":[{"pref":"新潟県","city":"上越市","town":"浦川原区印内"}],"0312":[{"pref":"新潟県","city":"上越市","town":"浦川原区大栃山"}],"0307":[{"pref":"新潟県","city":"上越市","town":"浦川原区釜淵"}],"0301":[{"pref":"新潟県","city":"上越市","town":"浦川原区上猪子田"}],"0318":[{"pref":"新潟県","city":"上越市","town":"浦川原区上岡"}],"0311":[{"pref":"新潟県","city":"上越市","town":"浦川原区上柿野"}],"0321":[{"pref":"新潟県","city":"上越市","town":"浦川原区熊沢"}],"0314":[{"pref":"新潟県","city":"上越市","town":"浦川原区顕聖寺"}],"0308":[{"pref":"新潟県","city":"上越市","town":"浦川原区小蒲生田"}],"0302":[{"pref":"新潟県","city":"上越市","town":"浦川原区小谷島"}],"0333":[{"pref":"新潟県","city":"上越市","town":"浦川原区桜島"}],"0303":[{"pref":"新潟県","city":"上越市","town":"浦川原区下猪子田"}],"0313":[{"pref":"新潟県","city":"上越市","town":"浦川原区下柿野"}],"0323":[{"pref":"新潟県","city":"上越市","town":"浦川原区真光寺"}],"0317":[{"pref":"新潟県","city":"上越市","town":"浦川原区杉坪"}],"0324":[{"pref":"新潟県","city":"上越市","town":"浦川原区谷"}],"0325":[{"pref":"新潟県","city":"上越市","town":"浦川原区坪野"}],"0304":[{"pref":"新潟県","city":"上越市","town":"浦川原区中猪子田"}],"0331":[{"pref":"新潟県","city":"上越市","town":"浦川原区長走"}],"0319":[{"pref":"新潟県","city":"上越市","town":"浦川原区東俣"}],"0327":[{"pref":"新潟県","city":"上越市","town":"浦川原区菱田"}],"0339":[{"pref":"新潟県","city":"上越市","town":"浦川原区日向"}],"0326":[{"pref":"新潟県","city":"上越市","town":"浦川原区法定寺"}],"0316":[{"pref":"新潟県","city":"上越市","town":"浦川原区六日町"}],"0305":[{"pref":"新潟県","city":"上越市","town":"浦川原区虫川"}],"0337":[{"pref":"新潟県","city":"上越市","town":"浦川原区山印内"}],"0334":[{"pref":"新潟県","city":"上越市","town":"浦川原区山本"}],"0315":[{"pref":"新潟県","city":"上越市","town":"浦川原区横川"}],"0322":[{"pref":"新潟県","city":"上越市","town":"浦川原区横住"}],"0025":[{"pref":"新潟県","city":"上越市","town":"夷浜"}],"0181":[{"pref":"新潟県","city":"上越市","town":"大潟区潟守新田（５３の１～６０の９番地）"}],"0089":[{"pref":"新潟県","city":"上越市","town":"大場"}],"0233":[{"pref":"新潟県","city":"上越市","town":"岡崎新田"}],"0086":[{"pref":"新潟県","city":"上越市","town":"加賀町"}],"0061":[{"pref":"新潟県","city":"上越市","town":"春日新田"}],"0021":[{"pref":"新潟県","city":"上越市","town":"上荒浜"}],"0052":[{"pref":"新潟県","city":"上越市","town":"上源入"}],"0254":[{"pref":"新潟県","city":"上越市","town":"上五貫野"}],"0035":[{"pref":"新潟県","city":"上越市","town":"上千原"}],"0252":[{"pref":"新潟県","city":"上越市","town":"上名柄"}],"0241":[{"pref":"新潟県","city":"上越市","town":"上吉野"}],"0038":[{"pref":"新潟県","city":"上越市","town":"川端"}],"0065":[{"pref":"新潟県","city":"上越市","town":"川原町"}],"0165":[{"pref":"新潟県","city":"上越市","town":"頸城区青野"}],"0225":[{"pref":"新潟県","city":"上越市","town":"頸城区天ケ崎"}],"0125":[{"pref":"新潟県","city":"上越市","town":"頸城区飯田"}],"0135":[{"pref":"新潟県","city":"上越市","town":"頸城区五十嵐"}],"0221":[{"pref":"新潟県","city":"上越市","town":"頸城区石神"}],"0141":[{"pref":"新潟県","city":"上越市","town":"頸城区市村"}],"0152":[{"pref":"新潟県","city":"上越市","town":"頸城区浮島"}],"0139":[{"pref":"新潟県","city":"上越市","town":"頸城区美しが丘"}],"0121":[{"pref":"新潟県","city":"上越市","town":"頸城区鵜ノ木"}],"0154":[{"pref":"新潟県","city":"上越市","town":"頸城区榎井"}],"0201":[{"pref":"新潟県","city":"上越市","town":"頸城区大潟"}],"0214":[{"pref":"新潟県","city":"上越市","town":"頸城区大蒲生田"}],"0116":[{"pref":"新潟県","city":"上越市","town":"頸城区大坂井"}],"0163":[{"pref":"新潟県","city":"上越市","town":"頸城区大谷内"}],"0102":[{"pref":"新潟県","city":"上越市","town":"頸城区岡田"}],"0114":[{"pref":"新潟県","city":"上越市","town":"頸城区柿野"}],"0208":[{"pref":"新潟県","city":"上越市","town":"頸城区潟"}],"0164":[{"pref":"新潟県","city":"上越市","town":"頸城区潟口"}],"0111":[{"pref":"新潟県","city":"上越市","town":"頸城区片津"}],"0202":[{"pref":"新潟県","city":"上越市","town":"頸城区上池田"}],"0133":[{"pref":"新潟県","city":"上越市","town":"頸城区上神原"}],"0142":[{"pref":"新潟県","city":"上越市","town":"頸城区上三分一"}],"0203":[{"pref":"新潟県","city":"上越市","town":"頸城区上増田"}],"0106":[{"pref":"新潟県","city":"上越市","town":"頸城区上柳町"}],"0145":[{"pref":"新潟県","city":"上越市","town":"頸城区上吉"}],"0122":[{"pref":"新潟県","city":"上越市","town":"頸城区川袋"}],"0171":[{"pref":"新潟県","city":"上越市","town":"頸城区北方"}],"0132":[{"pref":"新潟県","city":"上越市","town":"頸城区北福崎"}],"0151":[{"pref":"新潟県","city":"上越市","town":"頸城区北四ツ屋"}],"0215":[{"pref":"新潟県","city":"上越市","town":"頸城区玄僧"}],"0136":[{"pref":"新潟県","city":"上越市","town":"頸城区島田"}],"0104":[{"pref":"新潟県","city":"上越市","town":"頸城区下池田"}],"0134":[{"pref":"新潟県","city":"上越市","town":"頸城区下神原"}],"0143":[{"pref":"新潟県","city":"上越市","town":"頸城区下三分一"}],"0137":[{"pref":"新潟県","city":"上越市","town":"頸城区下千原"}],"0155":[{"pref":"新潟県","city":"上越市","town":"頸城区下中島"}],"0123":[{"pref":"新潟県","city":"上越市","town":"頸城区下中村"}],"0206":[{"pref":"新潟県","city":"上越市","town":"頸城区下増田"}],"0108":[{"pref":"新潟県","city":"上越市","town":"頸城区下柳町"}],"0146":[{"pref":"新潟県","city":"上越市","town":"頸城区下吉"}],"0153":[{"pref":"新潟県","city":"上越市","town":"頸城区下米岡"}],"0157":[{"pref":"新潟県","city":"上越市","town":"頸城区城野腰"}],"0128":[{"pref":"新潟県","city":"上越市","town":"頸城区諏訪"}],"0129":[{"pref":"新潟県","city":"上越市","town":"頸城区立崎"}],"0115":[{"pref":"新潟県","city":"上越市","town":"頸城区田中"}],"0131":[{"pref":"新潟県","city":"上越市","town":"頸城区千原"}],"0207":[{"pref":"新潟県","city":"上越市","town":"頸城区手島"}],"0161":[{"pref":"新潟県","city":"上越市","town":"頸城区手宮"}],"0109":[{"pref":"新潟県","city":"上越市","town":"頸城区寺田"}],"0226":[{"pref":"新潟県","city":"上越市","town":"頸城区塔ケ崎"}],"0105":[{"pref":"新潟県","city":"上越市","town":"頸城区戸口野"}],"0103":[{"pref":"新潟県","city":"上越市","town":"頸城区富田"}],"0213":[{"pref":"新潟県","city":"上越市","town":"頸城区中島"}],"0113":[{"pref":"新潟県","city":"上越市","town":"頸城区中城"}],"0205":[{"pref":"新潟県","city":"上越市","town":"頸城区中増田"}],"0107":[{"pref":"新潟県","city":"上越市","town":"頸城区中柳町"}],"0091":[{"pref":"新潟県","city":"上越市","town":"頸城区西福島（１～２２５、２２７～２８８、１０６０番地）"}],"0147":[{"pref":"新潟県","city":"上越市","town":"頸城区西福島（その他）"}],"0117":[{"pref":"新潟県","city":"上越市","town":"頸城区西湊"}],"0224":[{"pref":"新潟県","city":"上越市","town":"頸城区仁野分"}],"0138":[{"pref":"新潟県","city":"上越市","town":"頸城区望ケ丘"}],"0211":[{"pref":"新潟県","city":"上越市","town":"頸城区畑ケ崎"}],"0222":[{"pref":"新潟県","city":"上越市","town":"頸城区花ケ崎"}],"0112":[{"pref":"新潟県","city":"上越市","town":"頸城区姥谷内"}],"0124":[{"pref":"新潟県","city":"上越市","town":"頸城区東俣"}],"0216":[{"pref":"新潟県","city":"上越市","town":"頸城区日根津"}],"0127":[{"pref":"新潟県","city":"上越市","town":"頸城区百間町"}],"0173":[{"pref":"新潟県","city":"上越市","town":"頸城区舟津"}],"0156":[{"pref":"新潟県","city":"上越市","town":"頸城区松橋"}],"0158":[{"pref":"新潟県","city":"上越市","town":"頸城区松橋新田"}],"0144":[{"pref":"新潟県","city":"上越市","town":"頸城区松本"}],"0126":[{"pref":"新潟県","city":"上越市","town":"頸城区宮原"}],"0172":[{"pref":"新潟県","city":"上越市","town":"頸城区宮本"}],"0162":[{"pref":"新潟県","city":"上越市","town":"頸城区森下"}],"0223":[{"pref":"新潟県","city":"上越市","town":"頸城区森本"}],"0212":[{"pref":"新潟県","city":"上越市","town":"頸城区矢住"}],"0101":[{"pref":"新潟県","city":"上越市","town":"頸城区柳町新田"}],"0204":[{"pref":"新潟県","city":"上越市","town":"頸城区両毛"}],"0013":[{"pref":"新潟県","city":"上越市","town":"黒井"}],"0251":[{"pref":"新潟県","city":"上越市","town":"小泉"}],"0082":[{"pref":"新潟県","city":"上越市","town":"国府"}],"0055":[{"pref":"新潟県","city":"上越市","town":"小猿屋"}],"0056":[{"pref":"新潟県","city":"上越市","town":"小猿屋新田"}],"0081":[{"pref":"新潟県","city":"上越市","town":"五智"}],"0085":[{"pref":"新潟県","city":"上越市","town":"五智国分"}],"0084":[{"pref":"新潟県","city":"上越市","town":"五智新町"}],"0243":[{"pref":"新潟県","city":"上越市","town":"五野井"}],"0246":[{"pref":"新潟県","city":"上越市","town":"駒林"}],"0072":[{"pref":"新潟県","city":"上越市","town":"栄町（１、２丁目）"}],"0031":[{"pref":"新潟県","city":"上越市","town":"佐内"},{"pref":"新潟県","city":"上越市","town":"佐内町"}],"0054":[{"pref":"新潟県","city":"上越市","town":"三田"}],"0053":[{"pref":"新潟県","city":"上越市","town":"三田新田"}],"0275":[{"pref":"新潟県","city":"上越市","town":"三和区岡木"}],"0267":[{"pref":"新潟県","city":"上越市","town":"三和区沖柳"}],"0273":[{"pref":"新潟県","city":"上越市","town":"三和区上広田"}],"0265":[{"pref":"新潟県","city":"上越市","town":"三和区神田"}],"0266":[{"pref":"新潟県","city":"上越市","town":"三和区越柳"}],"0276":[{"pref":"新潟県","city":"上越市","town":"三和区米子"}],"0274":[{"pref":"新潟県","city":"上越市","town":"三和区下広田"}],"0262":[{"pref":"新潟県","city":"上越市","town":"三和区末野"}],"0261":[{"pref":"新潟県","city":"上越市","town":"三和区末野新田"}],"0264":[{"pref":"新潟県","city":"上越市","town":"三和区塔ノ輪"}],"0271":[{"pref":"新潟県","city":"上越市","town":"三和区錦"}],"0277":[{"pref":"新潟県","city":"上越市","town":"三和区広井"}],"0268":[{"pref":"新潟県","city":"上越市","town":"三和区本郷"}],"0272":[{"pref":"新潟県","city":"上越市","town":"三和区柳林"}],"0263":[{"pref":"新潟県","city":"上越市","town":"三和区山腰新田"}],"0064":[{"pref":"新潟県","city":"上越市","town":"塩屋新田"}],"0022":[{"pref":"新潟県","city":"上越市","town":"下荒浜"}],"0051":[{"pref":"新潟県","city":"上越市","town":"下源入"}],"0255":[{"pref":"新潟県","city":"上越市","town":"下五貫野"}],"0247":[{"pref":"新潟県","city":"上越市","town":"下百々"}],"0253":[{"pref":"新潟県","city":"上越市","town":"下名柄"}],"0034":[{"pref":"新潟県","city":"上越市","town":"下真砂"}],"0063":[{"pref":"新潟県","city":"上越市","town":"下門前"}],"0231":[{"pref":"新潟県","city":"上越市","town":"下吉野"}],"0002":[{"pref":"新潟県","city":"上越市","town":"住吉町"}],"0083":[{"pref":"新潟県","city":"上越市","town":"大豆（１の２、３の２～６、４の２・４・６、１１の１番地）"}],"0012":[{"pref":"新潟県","city":"上越市","town":"高崎新田"}],"0234":[{"pref":"新潟県","city":"上越市","town":"田沢新田"}],"0001":[{"pref":"新潟県","city":"上越市","town":"中央"}],"0046":[{"pref":"新潟県","city":"上越市","town":"田園"}],"0071":[{"pref":"新潟県","city":"上越市","town":"東雲町"}],"0245":[{"pref":"新潟県","city":"上越市","town":"長岡"}],"0244":[{"pref":"新潟県","city":"上越市","town":"長岡新田"}],"0037":[{"pref":"新潟県","city":"上越市","town":"中真砂"}],"0026":[{"pref":"新潟県","city":"上越市","town":"西ケ窪浜"}],"0004":[{"pref":"新潟県","city":"上越市","town":"西本町"}],"0036":[{"pref":"新潟県","city":"上越市","town":"東中島"}],"0088":[{"pref":"新潟県","city":"上越市","town":"毘沙門国分寺"}],"0014":[{"pref":"新潟県","city":"上越市","town":"日之出町"}],"0232":[{"pref":"新潟県","city":"上越市","town":"福岡新田"}],"0032":[{"pref":"新潟県","city":"上越市","town":"福田"}],"0033":[{"pref":"新潟県","city":"上越市","town":"福橋"}],"0062":[{"pref":"新潟県","city":"上越市","town":"松村新田"}],"0043":[{"pref":"新潟県","city":"上越市","town":"三ツ橋"}],"0044":[{"pref":"新潟県","city":"上越市","town":"三ツ橋新田"}],"0042":[{"pref":"新潟県","city":"上越市","town":"三ツ屋町"}],"0011":[{"pref":"新潟県","city":"上越市","town":"港町"}],"0087":[{"pref":"新潟県","city":"上越市","town":"虫生岩戸"}],"0041":[{"pref":"新潟県","city":"上越市","town":"安江"}],"0404":[{"pref":"新潟県","city":"上越市","town":"安塚区石橋"}],"0413":[{"pref":"新潟県","city":"上越市","town":"安塚区板尾"}],"0539":[{"pref":"新潟県","city":"上越市","town":"安塚区円平坊"}],"0522":[{"pref":"新潟県","city":"上越市","town":"安塚区大原"}],"0405":[{"pref":"新潟県","city":"上越市","town":"安塚区上方"}],"0533":[{"pref":"新潟県","city":"上越市","town":"安塚区上船倉"}],"0542":[{"pref":"新潟県","city":"上越市","town":"安塚区切越"}],"0541":[{"pref":"新潟県","city":"上越市","town":"安塚区小黒"}],"0536":[{"pref":"新潟県","city":"上越市","town":"安塚区信濃坂"}],"0532":[{"pref":"新潟県","city":"上越市","town":"安塚区下船倉"}],"0543":[{"pref":"新潟県","city":"上越市","town":"安塚区菅沼"}],"0534":[{"pref":"新潟県","city":"上越市","town":"安塚区須川"}],"0524":[{"pref":"新潟県","city":"上越市","town":"安塚区芹田"}],"0414":[{"pref":"新潟県","city":"上越市","town":"安塚区袖山"}],"0538":[{"pref":"新潟県","city":"上越市","town":"安塚区高沢"}],"0531":[{"pref":"新潟県","city":"上越市","town":"安塚区樽田"}],"0523":[{"pref":"新潟県","city":"上越市","town":"安塚区戸沢"}],"0537":[{"pref":"新潟県","city":"上越市","town":"安塚区二本木"}],"0402":[{"pref":"新潟県","city":"上越市","town":"安塚区坊金"}],"0544":[{"pref":"新潟県","city":"上越市","town":"安塚区朴ノ木"}],"0401":[{"pref":"新潟県","city":"上越市","town":"安塚区細野"}],"0403":[{"pref":"新潟県","city":"上越市","town":"安塚区本郷"}],"0412":[{"pref":"新潟県","city":"上越市","town":"安塚区牧野"}],"0415":[{"pref":"新潟県","city":"上越市","town":"安塚区松崎"}],"0535":[{"pref":"新潟県","city":"上越市","town":"安塚区真荻平"}],"0411":[{"pref":"新潟県","city":"上越市","town":"安塚区安塚"}],"0521":[{"pref":"新潟県","city":"上越市","town":"安塚区行野"}],"0525":[{"pref":"新潟県","city":"上越市","town":"安塚区和田"}],"0027":[{"pref":"新潟県","city":"上越市","town":"八千浦"}],"0024":[{"pref":"新潟県","city":"上越市","town":"遊光寺浜"}],"0045":[{"pref":"新潟県","city":"上越市","town":"横曾根"}]}