{"0000":[{"pref":"東京都","city":"品川区","town":"以下に掲載がない場合"}],"0014":[{"pref":"東京都","city":"品川区","town":"大井"}],"0012":[{"pref":"東京都","city":"品川区","town":"勝島"}],"0001":[{"pref":"東京都","city":"品川区","town":"北品川（１～４丁目）"}],"0015":[{"pref":"東京都","city":"品川区","town":"西大井"}],"0011":[{"pref":"東京都","city":"品川区","town":"東大井"}],"0002":[{"pref":"東京都","city":"品川区","town":"東品川"}],"0005":[{"pref":"東京都","city":"品川区","town":"広町"}],"0013":[{"pref":"東京都","city":"品川区","town":"南大井"}],"0004":[{"pref":"東京都","city":"品川区","town":"南品川"}],"0003":[{"pref":"東京都","city":"品川区","town":"八潮"}]}