{"0000":[{"pref":"秋田県","city":"横手市","town":"以下に掲載がない場合"}],"0073":[{"pref":"秋田県","city":"横手市","town":"赤川"}],"0064":[{"pref":"秋田県","city":"横手市","town":"赤坂"}],"0028":[{"pref":"秋田県","city":"横手市","town":"朝倉町"}],"0033":[{"pref":"秋田県","city":"横手市","town":"旭川"}],"0055":[{"pref":"秋田県","city":"横手市","town":"朝日が丘"}],"0065":[{"pref":"秋田県","city":"横手市","town":"猪岡"}],"0068":[{"pref":"秋田県","city":"横手市","town":"梅の木町"}],"0049":[{"pref":"秋田県","city":"横手市","town":"駅西"}],"0036":[{"pref":"秋田県","city":"横手市","town":"駅前町"}],"0062":[{"pref":"秋田県","city":"横手市","town":"駅南"}],"0002":[{"pref":"秋田県","city":"横手市","town":"追廻"}],"0041":[{"pref":"秋田県","city":"横手市","town":"大沢"}],"0007":[{"pref":"秋田県","city":"横手市","town":"大鳥町"}],"0021":[{"pref":"秋田県","city":"横手市","town":"大町"}],"0026":[{"pref":"秋田県","city":"横手市","town":"大水戸町"}],"0501":[{"pref":"秋田県","city":"横手市","town":"大森町板井田"}],"0546":[{"pref":"秋田県","city":"横手市","town":"大森町牛ケ沢"}],"0511":[{"pref":"秋田県","city":"横手市","town":"大森町牛中島"}],"0552":[{"pref":"秋田県","city":"横手市","town":"大森町上溝"}],"0514":[{"pref":"秋田県","city":"横手市","town":"大森町大中島"}],"0521":[{"pref":"秋田県","city":"横手市","town":"大森町大森"}],"0532":[{"pref":"秋田県","city":"横手市","town":"大森町久保"}],"0562":[{"pref":"秋田県","city":"横手市","town":"大森町坂部"}],"0531":[{"pref":"秋田県","city":"横手市","town":"大森町佐渡"}],"0551":[{"pref":"秋田県","city":"横手市","town":"大森町猿田"}],"0524":[{"pref":"秋田県","city":"横手市","town":"大森町清水上"}],"0536":[{"pref":"秋田県","city":"横手市","town":"大森町真山"}],"0525":[{"pref":"秋田県","city":"横手市","town":"大森町菅生田"}],"0517":[{"pref":"秋田県","city":"横手市","town":"大森町高口下水戸堤"}],"0542":[{"pref":"秋田県","city":"横手市","town":"大森町高野中島"}],"0544":[{"pref":"秋田県","city":"横手市","town":"大森町長助巻"}],"0534":[{"pref":"秋田県","city":"横手市","town":"大森町峠町頭"}],"0523":[{"pref":"秋田県","city":"横手市","town":"大森町堂林"}],"0503":[{"pref":"秋田県","city":"横手市","town":"大森町十日町"}],"0545":[{"pref":"秋田県","city":"横手市","town":"大森町鯲沼"}],"0541":[{"pref":"秋田県","city":"横手市","town":"大森町中嶋"}],"0533":[{"pref":"秋田県","city":"横手市","town":"大森町中田"}],"0515":[{"pref":"秋田県","city":"横手市","town":"大森町西中島"}],"0526":[{"pref":"秋田県","city":"横手市","town":"大森町西野"}],"0502":[{"pref":"秋田県","city":"横手市","town":"大森町袴形"}],"0516":[{"pref":"秋田県","city":"横手市","town":"大森町東中島"}],"0543":[{"pref":"秋田県","city":"横手市","town":"大森町本郷"}],"0535":[{"pref":"秋田県","city":"横手市","town":"大森町町田"}],"0522":[{"pref":"秋田県","city":"横手市","town":"大森町町回"}],"0519":[{"pref":"秋田県","city":"横手市","town":"大森町持向"}],"0518":[{"pref":"秋田県","city":"横手市","town":"大森町文天鏡田"}],"0561":[{"pref":"秋田県","city":"横手市","town":"大森町八沢木"}],"0512":[{"pref":"秋田県","city":"横手市","town":"大森町湯ノ沢"}],"0513":[{"pref":"秋田県","city":"横手市","town":"大森町湯ノ島"}],"0051":[{"pref":"秋田県","city":"横手市","town":"大屋新町"}],"0052":[{"pref":"秋田県","city":"横手市","town":"大屋寺内"}],"0201":[{"pref":"秋田県","city":"横手市","town":"雄物川町会塚"}],"0205":[{"pref":"秋田県","city":"横手市","town":"雄物川町今宿"}],"0481":[{"pref":"秋田県","city":"横手市","town":"雄物川町薄井"}],"0218":[{"pref":"秋田県","city":"横手市","town":"雄物川町大沢"}],"0214":[{"pref":"秋田県","city":"横手市","town":"雄物川町柏木"}],"0215":[{"pref":"秋田県","city":"横手市","town":"雄物川町常野"}],"0202":[{"pref":"秋田県","city":"横手市","town":"雄物川町砂子田"}],"0212":[{"pref":"秋田県","city":"横手市","town":"雄物川町造山"}],"0203":[{"pref":"秋田県","city":"横手市","town":"雄物川町東里"}],"0217":[{"pref":"秋田県","city":"横手市","town":"雄物川町道地"}],"0213":[{"pref":"秋田県","city":"横手市","town":"雄物川町南形"}],"0206":[{"pref":"秋田県","city":"横手市","town":"雄物川町二井山"}],"0216":[{"pref":"秋田県","city":"横手市","town":"雄物川町西野"}],"0208":[{"pref":"秋田県","city":"横手市","town":"雄物川町沼館"}],"0211":[{"pref":"秋田県","city":"横手市","town":"雄物川町深井"}],"0207":[{"pref":"秋田県","city":"横手市","town":"雄物川町矢神"}],"0204":[{"pref":"秋田県","city":"横手市","town":"雄物川町谷地新田"}],"0072":[{"pref":"秋田県","city":"横手市","town":"卸町"}],"0031":[{"pref":"秋田県","city":"横手市","town":"鍛冶町"}],"0813":[{"pref":"秋田県","city":"横手市","town":"金沢"}],"0814":[{"pref":"秋田県","city":"横手市","town":"金沢中野"}],"0812":[{"pref":"秋田県","city":"横手市","town":"金沢本町"}],"0014":[{"pref":"秋田県","city":"横手市","town":"上内町"}],"0821":[{"pref":"秋田県","city":"横手市","town":"上境"}],"0822":[{"pref":"秋田県","city":"横手市","town":"上八丁"}],"0032":[{"pref":"秋田県","city":"横手市","town":"清川町"}],"0826":[{"pref":"秋田県","city":"横手市","town":"黒川"}],"0025":[{"pref":"秋田県","city":"横手市","town":"寿町"}],"0005":[{"pref":"秋田県","city":"横手市","town":"幸町"}],"0074":[{"pref":"秋田県","city":"横手市","town":"三本柳"}],"0069":[{"pref":"秋田県","city":"横手市","town":"三枚橋"}],"0075":[{"pref":"秋田県","city":"横手市","town":"静町"}],"0056":[{"pref":"秋田県","city":"横手市","town":"清水町新田"}],"0824":[{"pref":"秋田県","city":"横手市","town":"下境"}],"0823":[{"pref":"秋田県","city":"横手市","town":"下八丁"}],"0017":[{"pref":"秋田県","city":"横手市","town":"蛇の崎町"}],"0060":[{"pref":"秋田県","city":"横手市","town":"条里"}],"0011":[{"pref":"秋田県","city":"横手市","town":"城西町"}],"0013":[{"pref":"秋田県","city":"横手市","town":"城南町"}],"0012":[{"pref":"秋田県","city":"横手市","town":"城山町"}],"0006":[{"pref":"秋田県","city":"横手市","town":"新坂町"}],"0046":[{"pref":"秋田県","city":"横手市","town":"神明町"}],"0001":[{"pref":"秋田県","city":"横手市","town":"杉沢"}],"0076":[{"pref":"秋田県","city":"横手市","town":"杉目"}],"0053":[{"pref":"秋田県","city":"横手市","town":"外目"}],"0003":[{"pref":"秋田県","city":"横手市","town":"台所町"}],"0459":[{"pref":"秋田県","city":"横手市","town":"大雄赤沼"}],"0447":[{"pref":"秋田県","city":"横手市","town":"大雄阿久戸"}],"0427":[{"pref":"秋田県","city":"横手市","town":"大雄阿気"}],"0484":[{"pref":"秋田県","city":"横手市","town":"大雄新処"}],"0464":[{"pref":"秋田県","city":"横手市","town":"大雄石持"}],"0465":[{"pref":"秋田県","city":"横手市","town":"大雄石持下"}],"0463":[{"pref":"秋田県","city":"横手市","town":"大雄石持前"}],"0471":[{"pref":"秋田県","city":"横手市","town":"大雄板橋堰添"}],"0353":[{"pref":"秋田県","city":"横手市","town":"大雄一ノ関"}],"0352":[{"pref":"秋田県","city":"横手市","town":"大雄一ノ関東"}],"0356":[{"pref":"秋田県","city":"横手市","town":"大雄一ノ関南"}],"0431":[{"pref":"秋田県","city":"横手市","town":"大雄牛中島"}],"0316":[{"pref":"秋田県","city":"横手市","town":"大雄潤井谷地"}],"0382":[{"pref":"秋田県","city":"横手市","town":"大雄上堰東"}],"0421":[{"pref":"秋田県","city":"横手市","town":"大雄江原"}],"0452":[{"pref":"秋田県","city":"横手市","town":"大雄大関"}],"0317":[{"pref":"秋田県","city":"横手市","town":"大雄大戸川端"}],"0313":[{"pref":"秋田県","city":"横手市","town":"大雄大森道北"}],"0454":[{"pref":"秋田県","city":"横手市","town":"大雄大谷地"}],"0455":[{"pref":"秋田県","city":"横手市","town":"大雄大谷地西"}],"0335":[{"pref":"秋田県","city":"横手市","town":"大雄折橋"}],"0451":[{"pref":"秋田県","city":"横手市","town":"大雄折橋西"}],"0337":[{"pref":"秋田県","city":"横手市","town":"大雄折橋南"}],"0365":[{"pref":"秋田県","city":"横手市","town":"大雄鍛治村"}],"0359":[{"pref":"秋田県","city":"横手市","town":"大雄柏木"}],"0362":[{"pref":"秋田県","city":"横手市","town":"大雄柏木下"}],"0361":[{"pref":"秋田県","city":"横手市","town":"大雄柏木西"}],"0305":[{"pref":"秋田県","city":"横手市","town":"大雄柏木南"}],"0404":[{"pref":"秋田県","city":"横手市","town":"大雄上柏木"}],"0355":[{"pref":"秋田県","city":"横手市","town":"大雄上桜森"}],"0351":[{"pref":"秋田県","city":"横手市","town":"大雄上田村"}],"0349":[{"pref":"秋田県","city":"横手市","town":"大雄上田村西"}],"0326":[{"pref":"秋田県","city":"横手市","town":"大雄上田村東"}],"0372":[{"pref":"秋田県","city":"横手市","town":"大雄上田村南"}],"0408":[{"pref":"秋田県","city":"横手市","town":"大雄北四津屋"}],"0354":[{"pref":"秋田県","city":"横手市","town":"大雄狐塚"}],"0426":[{"pref":"秋田県","city":"横手市","town":"大雄木戸口"}],"0438":[{"pref":"秋田県","city":"横手市","town":"大雄木戸口下"}],"0435":[{"pref":"秋田県","city":"横手市","town":"大雄木戸口西"}],"0314":[{"pref":"秋田県","city":"横手市","town":"大雄傾城塚"}],"0336":[{"pref":"秋田県","city":"横手市","town":"大雄傾城塚南"}],"0437":[{"pref":"秋田県","city":"横手市","town":"大雄小林"}],"0436":[{"pref":"秋田県","city":"横手市","town":"大雄小林西"}],"0324":[{"pref":"秋田県","city":"横手市","town":"大雄根田谷地"}],"0321":[{"pref":"秋田県","city":"横手市","town":"大雄根田谷地西"}],"0323":[{"pref":"秋田県","city":"横手市","town":"大雄根田谷地東"}],"0318":[{"pref":"秋田県","city":"横手市","town":"大雄根田谷地南"}],"0308":[{"pref":"秋田県","city":"横手市","town":"大雄佐加里"}],"0309":[{"pref":"秋田県","city":"横手市","town":"大雄佐加里南"}],"0474":[{"pref":"秋田県","city":"横手市","town":"大雄桜森"}],"0363":[{"pref":"秋田県","city":"横手市","town":"大雄桜森西"}],"0477":[{"pref":"秋田県","city":"横手市","town":"大雄桜森東"}],"0475":[{"pref":"秋田県","city":"横手市","town":"大雄桜森前"}],"0434":[{"pref":"秋田県","city":"横手市","town":"大雄山王"}],"0439":[{"pref":"秋田県","city":"横手市","town":"大雄山王西"}],"0315":[{"pref":"秋田県","city":"横手市","town":"大雄下根田谷地"}],"0483":[{"pref":"秋田県","city":"横手市","town":"大雄島田"}],"0485":[{"pref":"秋田県","city":"横手市","town":"大雄下新処"}],"0487":[{"pref":"秋田県","city":"横手市","town":"大雄下田町"}],"0334":[{"pref":"秋田県","city":"横手市","town":"大雄新町"}],"0302":[{"pref":"秋田県","city":"横手市","town":"大雄新町北"}],"0333":[{"pref":"秋田県","city":"横手市","town":"大雄新町西"}],"0332":[{"pref":"秋田県","city":"横手市","town":"大雄新町西野添"}],"0307":[{"pref":"秋田県","city":"横手市","town":"大雄新町東"}],"0304":[{"pref":"秋田県","city":"横手市","town":"大雄新町南"}],"0344":[{"pref":"秋田県","city":"横手市","town":"大雄精兵西"}],"0342":[{"pref":"秋田県","city":"横手市","town":"大雄精兵村"}],"0412":[{"pref":"秋田県","city":"横手市","town":"大雄剰水"}],"0411":[{"pref":"秋田県","city":"横手市","town":"大雄剰水東"}],"0457":[{"pref":"秋田県","city":"横手市","town":"大雄大慈寺東"}],"0456":[{"pref":"秋田県","city":"横手市","town":"大雄大慈寺前"}],"0458":[{"pref":"秋田県","city":"横手市","town":"大雄大慈寺谷地"}],"0443":[{"pref":"秋田県","city":"横手市","town":"大雄高津野"}],"0442":[{"pref":"秋田県","city":"横手市","town":"大雄高津野下"}],"0348":[{"pref":"秋田県","city":"横手市","town":"大雄田根森"}],"0343":[{"pref":"秋田県","city":"横手市","town":"大雄田根森西"}],"0325":[{"pref":"秋田県","city":"横手市","town":"大雄田根森東"}],"0486":[{"pref":"秋田県","city":"横手市","town":"大雄田町"}],"0306":[{"pref":"秋田県","city":"横手市","town":"大雄田村"}],"0428":[{"pref":"秋田県","city":"横手市","town":"大雄鶴巻田"}],"0322":[{"pref":"秋田県","city":"横手市","town":"大雄伝蔵村"}],"0423":[{"pref":"秋田県","city":"横手市","town":"大雄土井尻"}],"0462":[{"pref":"秋田県","city":"横手市","town":"大雄樋脇"}],"0424":[{"pref":"秋田県","city":"横手市","town":"大雄中館合"}],"0312":[{"pref":"秋田県","city":"横手市","town":"大雄中野"}],"0311":[{"pref":"秋田県","city":"横手市","town":"大雄中野東"}],"0468":[{"pref":"秋田県","city":"横手市","town":"大雄中谷地"}],"0476":[{"pref":"秋田県","city":"横手市","town":"大雄西桜森"}],"0425":[{"pref":"秋田県","city":"横手市","town":"大雄西館合"}],"0433":[{"pref":"秋田県","city":"横手市","town":"大雄西中島"}],"0406":[{"pref":"秋田県","city":"横手市","town":"大雄西四津屋"}],"0441":[{"pref":"秋田県","city":"横手市","town":"大雄野中"}],"0446":[{"pref":"秋田県","city":"横手市","town":"大雄乗阿気"}],"0448":[{"pref":"秋田県","city":"横手市","town":"大雄乗阿気下"}],"0472":[{"pref":"秋田県","city":"横手市","town":"大雄東阿気"}],"0473":[{"pref":"秋田県","city":"横手市","town":"大雄東桜森"}],"0331":[{"pref":"秋田県","city":"横手市","town":"大雄東高津野"}],"0488":[{"pref":"秋田県","city":"横手市","town":"大雄東館合"}],"0432":[{"pref":"秋田県","city":"横手市","town":"大雄東中島"}],"0409":[{"pref":"秋田県","city":"横手市","town":"大雄東四津屋"}],"0482":[{"pref":"秋田県","city":"横手市","town":"大雄平柳"}],"0301":[{"pref":"秋田県","city":"横手市","town":"大雄福島"}],"0303":[{"pref":"秋田県","city":"横手市","town":"大雄福島南"}],"0364":[{"pref":"秋田県","city":"横手市","town":"大雄袋谷地"}],"0414":[{"pref":"秋田県","city":"横手市","town":"大雄藤巻"}],"0416":[{"pref":"秋田県","city":"横手市","town":"大雄藤巻中島"}],"0415":[{"pref":"秋田県","city":"横手市","town":"大雄藤巻西"}],"0371":[{"pref":"秋田県","city":"横手市","town":"大雄文蔵開"}],"0345":[{"pref":"秋田県","city":"横手市","town":"大雄本庄道北堰間"}],"0347":[{"pref":"秋田県","city":"横手市","town":"大雄本庄道南"}],"0385":[{"pref":"秋田県","city":"横手市","town":"大雄万貝"}],"0422":[{"pref":"秋田県","city":"横手市","town":"大雄南阿気"}],"0405":[{"pref":"秋田県","city":"横手市","town":"大雄南四津屋"}],"0339":[{"pref":"秋田県","city":"横手市","town":"大雄耳取"}],"0338":[{"pref":"秋田県","city":"横手市","town":"大雄耳取西"}],"0466":[{"pref":"秋田県","city":"横手市","town":"大雄三村"}],"0453":[{"pref":"秋田県","city":"横手市","town":"大雄三村北"}],"0467":[{"pref":"秋田県","city":"横手市","town":"大雄三村西"}],"0461":[{"pref":"秋田県","city":"横手市","town":"大雄三村東"}],"0429":[{"pref":"秋田県","city":"横手市","town":"大雄宮小路"}],"0413":[{"pref":"秋田県","city":"横手市","town":"大雄宮田"}],"0358":[{"pref":"秋田県","city":"横手市","town":"大雄向"}],"0445":[{"pref":"秋田県","city":"横手市","town":"大雄向田"}],"0444":[{"pref":"秋田県","city":"横手市","town":"大雄向田東"}],"0357":[{"pref":"秋田県","city":"横手市","town":"大雄向東"}],"0402":[{"pref":"秋田県","city":"横手市","town":"大雄八柏"}],"0379":[{"pref":"秋田県","city":"横手市","town":"大雄八柏家間"}],"0376":[{"pref":"秋田県","city":"横手市","town":"大雄八柏馬道添"}],"0378":[{"pref":"秋田県","city":"横手市","town":"大雄八柏街道添"}],"0375":[{"pref":"秋田県","city":"横手市","town":"大雄八柏釜蓋"}],"0381":[{"pref":"秋田県","city":"横手市","town":"大雄八柏下村"}],"0377":[{"pref":"秋田県","city":"横手市","town":"大雄八柏中村"}],"0374":[{"pref":"秋田県","city":"横手市","town":"大雄八柏中村東"}],"0384":[{"pref":"秋田県","city":"横手市","town":"大雄八柏村表"}],"0383":[{"pref":"秋田県","city":"横手市","town":"大雄八柏村西"}],"0373":[{"pref":"秋田県","city":"横手市","town":"大雄八柏谷地"}],"0327":[{"pref":"秋田県","city":"横手市","town":"大雄焼野"}],"0341":[{"pref":"秋田県","city":"横手市","town":"大雄四ッ屋"}],"0407":[{"pref":"秋田県","city":"横手市","town":"大雄四津屋下"}],"0346":[{"pref":"秋田県","city":"横手市","town":"大雄四ツ屋西"}],"0319":[{"pref":"秋田県","city":"横手市","town":"大雄四ツ屋東"}],"0419":[{"pref":"秋田県","city":"横手市","town":"大雄六町"}],"0417":[{"pref":"秋田県","city":"横手市","town":"大雄六町下"}],"0418":[{"pref":"秋田県","city":"横手市","town":"大雄六町東"}],"0024":[{"pref":"秋田県","city":"横手市","town":"田中町"}],"0023":[{"pref":"秋田県","city":"横手市","town":"中央町"}],"0066":[{"pref":"秋田県","city":"横手市","town":"塚堀"}],"0016":[{"pref":"秋田県","city":"横手市","town":"根岸町"}],"0015":[{"pref":"秋田県","city":"横手市","town":"羽黒町"}],"0825":[{"pref":"秋田県","city":"横手市","town":"百万刈"}],"0105":[{"pref":"秋田県","city":"横手市","town":"平鹿町浅舞"}],"0101":[{"pref":"秋田県","city":"横手市","town":"平鹿町上吉田"}],"0103":[{"pref":"秋田県","city":"横手市","town":"平鹿町下鍋倉"}],"0107":[{"pref":"秋田県","city":"横手市","town":"平鹿町下吉田"}],"0102":[{"pref":"秋田県","city":"横手市","town":"平鹿町醍醐"}],"0104":[{"pref":"秋田県","city":"横手市","town":"平鹿町樽見内"}],"0106":[{"pref":"秋田県","city":"横手市","town":"平鹿町中吉田"}],"0027":[{"pref":"秋田県","city":"横手市","town":"平城町"}],"0063":[{"pref":"秋田県","city":"横手市","town":"婦気大堤"}],"0019":[{"pref":"秋田県","city":"横手市","town":"二葉町"}],"0035":[{"pref":"秋田県","city":"横手市","town":"平和町"}],"0034":[{"pref":"秋田県","city":"横手市","town":"本郷町"}],"0042":[{"pref":"秋田県","city":"横手市","town":"前郷"}],"0038":[{"pref":"秋田県","city":"横手市","town":"前郷一番町"}],"0037":[{"pref":"秋田県","city":"横手市","town":"前郷二番町"}],"0047":[{"pref":"秋田県","city":"横手市","town":"松原町"}],"0045":[{"pref":"秋田県","city":"横手市","town":"南町"}],"0004":[{"pref":"秋田県","city":"横手市","town":"明永町"}],"0008":[{"pref":"秋田県","city":"横手市","town":"睦成"}],"0018":[{"pref":"秋田県","city":"横手市","town":"本町"}],"0043":[{"pref":"秋田県","city":"横手市","town":"安田"}],"0048":[{"pref":"秋田県","city":"横手市","town":"安田原町"}],"0811":[{"pref":"秋田県","city":"横手市","town":"安本"}],"0054":[{"pref":"秋田県","city":"横手市","town":"柳田"}],"0071":[{"pref":"秋田県","city":"横手市","town":"八幡"}],"0061":[{"pref":"秋田県","city":"横手市","town":"横手町"}],"0044":[{"pref":"秋田県","city":"横手市","town":"横山町"}],"0022":[{"pref":"秋田県","city":"横手市","town":"四日町"}]}