{"0000":[{"pref":"香川県","city":"善通寺市","town":"以下に掲載がない場合"}],"0053":[{"pref":"香川県","city":"善通寺市","town":"生野町"}],"0014":[{"pref":"香川県","city":"善通寺市","town":"生野本町"}],"0022":[{"pref":"香川県","city":"善通寺市","town":"稲木町"}],"0052":[{"pref":"香川県","city":"善通寺市","town":"大麻町"}],"0011":[{"pref":"香川県","city":"善通寺市","town":"上吉田町（丁目）"}],"0012":[{"pref":"香川県","city":"善通寺市","town":"上吉田町（その他）"}],"0033":[{"pref":"香川県","city":"善通寺市","town":"木徳町"}],"0051":[{"pref":"香川県","city":"善通寺市","town":"櫛梨町"}],"0031":[{"pref":"香川県","city":"善通寺市","town":"金蔵寺町"}],"0021":[{"pref":"香川県","city":"善通寺市","town":"下吉田町"}],"0003":[{"pref":"香川県","city":"善通寺市","town":"善通寺町（丁目）"}],"0004":[{"pref":"香川県","city":"善通寺市","town":"善通寺町（その他）"}],"0001":[{"pref":"香川県","city":"善通寺市","town":"仙遊町"}],"0072":[{"pref":"香川県","city":"善通寺市","town":"中村町（丁目）"}],"0073":[{"pref":"香川県","city":"善通寺市","town":"中村町（その他）"}],"0032":[{"pref":"香川県","city":"善通寺市","town":"原田町"}],"0062":[{"pref":"香川県","city":"善通寺市","town":"碑殿町"}],"0071":[{"pref":"香川県","city":"善通寺市","town":"弘田町"}],"0013":[{"pref":"香川県","city":"善通寺市","town":"文京町"}],"0002":[{"pref":"香川県","city":"善通寺市","town":"南町"}],"0040":[{"pref":"香川県","city":"善通寺市","town":"与北町"}],"0061":[{"pref":"香川県","city":"善通寺市","town":"吉原町"}]}