{"0000":[{"pref":"神奈川県","city":"横浜市瀬谷区","town":"以下に掲載がない場合"}],"0013":[{"pref":"神奈川県","city":"横浜市瀬谷区","town":"相沢"}],"0023":[{"pref":"神奈川県","city":"横浜市瀬谷区","town":"阿久和東"}],"0025":[{"pref":"神奈川県","city":"横浜市瀬谷区","town":"阿久和西"}],"0026":[{"pref":"神奈川県","city":"横浜市瀬谷区","town":"阿久和南"}],"0012":[{"pref":"神奈川県","city":"横浜市瀬谷区","town":"東野"}],"0011":[{"pref":"神奈川県","city":"横浜市瀬谷区","town":"東野台"}],"0001":[{"pref":"神奈川県","city":"横浜市瀬谷区","town":"卸本町"}],"0006":[{"pref":"神奈川県","city":"横浜市瀬谷区","town":"上瀬谷町"}],"0036":[{"pref":"神奈川県","city":"横浜市瀬谷区","town":"北新"}],"0002":[{"pref":"神奈川県","city":"横浜市瀬谷区","town":"北町"}],"0008":[{"pref":"神奈川県","city":"横浜市瀬谷区","town":"五貫目町"}],"0035":[{"pref":"神奈川県","city":"横浜市瀬谷区","town":"下瀬谷"}],"0031":[{"pref":"神奈川県","city":"横浜市瀬谷区","town":"瀬谷"}],"0003":[{"pref":"神奈川県","city":"横浜市瀬谷区","town":"瀬谷町"}],"0005":[{"pref":"神奈川県","city":"横浜市瀬谷区","town":"竹村町"}],"0014":[{"pref":"神奈川県","city":"横浜市瀬谷区","town":"中央"}],"0004":[{"pref":"神奈川県","city":"横浜市瀬谷区","town":"中屋敷"}],"0037":[{"pref":"神奈川県","city":"横浜市瀬谷区","town":"橋戸"}],"0021":[{"pref":"神奈川県","city":"横浜市瀬谷区","town":"二ツ橋町"}],"0015":[{"pref":"神奈川県","city":"横浜市瀬谷区","town":"本郷"}],"0022":[{"pref":"神奈川県","city":"横浜市瀬谷区","town":"三ツ境"}],"0034":[{"pref":"神奈川県","city":"横浜市瀬谷区","town":"南瀬谷"}],"0032":[{"pref":"神奈川県","city":"横浜市瀬谷区","town":"南台"}],"0038":[{"pref":"神奈川県","city":"横浜市瀬谷区","town":"宮沢"}],"0007":[{"pref":"神奈川県","city":"横浜市瀬谷区","town":"目黒町"}]}