{"8001":[{"pref":"京都府","city":"京都市右京区","town":"龍安寺御陵ノ下町"}],"8002":[{"pref":"京都府","city":"京都市右京区","town":"龍安寺衣笠下町"}],"8003":[{"pref":"京都府","city":"京都市右京区","town":"龍安寺池ノ下町"}],"8004":[{"pref":"京都府","city":"京都市右京区","town":"龍安寺玉津芝町"}],"8005":[{"pref":"京都府","city":"京都市右京区","town":"龍安寺塔ノ下町"}],"8006":[{"pref":"京都府","city":"京都市右京区","town":"龍安寺住吉町"}],"8007":[{"pref":"京都府","city":"京都市右京区","town":"龍安寺山田町"}],"8011":[{"pref":"京都府","city":"京都市右京区","town":"龍安寺斎宮町"}],"8012":[{"pref":"京都府","city":"京都市右京区","town":"谷口垣ノ内町"}],"8013":[{"pref":"京都府","city":"京都市右京区","town":"谷口唐田ノ内町"}],"8014":[{"pref":"京都府","city":"京都市右京区","town":"谷口梅津間町"}],"8015":[{"pref":"京都府","city":"京都市右京区","town":"谷口園町"}],"8016":[{"pref":"京都府","city":"京都市右京区","town":"龍安寺西ノ川町"}],"8017":[{"pref":"京都府","city":"京都市右京区","town":"龍安寺五反田町"}],"8021":[{"pref":"京都府","city":"京都市右京区","town":"花園天授ケ岡町"}],"8022":[{"pref":"京都府","city":"京都市右京区","town":"谷口円成寺町"}],"8023":[{"pref":"京都府","city":"京都市右京区","town":"花園大薮町"}],"8024":[{"pref":"京都府","city":"京都市右京区","town":"花園一条田町"}],"8025":[{"pref":"京都府","city":"京都市右京区","town":"花園土堂町"}],"8026":[{"pref":"京都府","city":"京都市右京区","town":"花園岡ノ本町"}],"8027":[{"pref":"京都府","city":"京都市右京区","town":"花園円成寺町"}],"8031":[{"pref":"京都府","city":"京都市右京区","town":"花園鷹司町"}],"8032":[{"pref":"京都府","city":"京都市右京区","town":"花園馬代町"}],"8033":[{"pref":"京都府","city":"京都市右京区","town":"花園艮北町"}],"8034":[{"pref":"京都府","city":"京都市右京区","town":"花園木辻北町"}],"8035":[{"pref":"京都府","city":"京都市右京区","town":"花園妙心寺町"}],"8036":[{"pref":"京都府","city":"京都市右京区","town":"花園寺ノ中町"}],"8037":[{"pref":"京都府","city":"京都市右京区","town":"花園猪ノ毛町"}],"8041":[{"pref":"京都府","city":"京都市右京区","town":"花園寺ノ前町"}],"8042":[{"pref":"京都府","city":"京都市右京区","town":"花園伊町"}],"8043":[{"pref":"京都府","city":"京都市右京区","town":"花園寺ノ内町"}],"8044":[{"pref":"京都府","city":"京都市右京区","town":"花園扇野町"}],"8045":[{"pref":"京都府","city":"京都市右京区","town":"花園内畑町"}],"8046":[{"pref":"京都府","city":"京都市右京区","town":"花園段ノ岡町"}],"8047":[{"pref":"京都府","city":"京都市右京区","town":"花園宮ノ上町"}],"8051":[{"pref":"京都府","city":"京都市右京区","town":"花園巽南町"}],"8052":[{"pref":"京都府","city":"京都市右京区","town":"花園薮ノ下町"}],"8053":[{"pref":"京都府","city":"京都市右京区","town":"花園八ツ口町"}],"8054":[{"pref":"京都府","city":"京都市右京区","town":"花園中御門町"}],"8055":[{"pref":"京都府","city":"京都市右京区","town":"花園車道町"}],"8056":[{"pref":"京都府","city":"京都市右京区","town":"花園坤南町"}],"8057":[{"pref":"京都府","city":"京都市右京区","town":"花園木辻南町"}],"8061":[{"pref":"京都府","city":"京都市右京区","town":"花園春日町"}],"8062":[{"pref":"京都府","city":"京都市右京区","town":"太秦安井春日町"}],"8063":[{"pref":"京都府","city":"京都市右京区","town":"太秦安井東裏町"}],"8064":[{"pref":"京都府","city":"京都市右京区","town":"太秦安井北御所町"}],"8065":[{"pref":"京都府","city":"京都市右京区","town":"太秦安井西裏町"}],"8066":[{"pref":"京都府","city":"京都市右京区","town":"太秦安井車道町"}],"8067":[{"pref":"京都府","city":"京都市右京区","town":"太秦安井小山町"}],"8071":[{"pref":"京都府","city":"京都市右京区","town":"太秦安井藤ノ木町"}],"8072":[{"pref":"京都府","city":"京都市右京区","town":"太秦安井辰巳町"}],"8073":[{"pref":"京都府","city":"京都市右京区","town":"太秦安井水戸田町"}],"8074":[{"pref":"京都府","city":"京都市右京区","town":"太秦安井二条裏町"}],"8075":[{"pref":"京都府","city":"京都市右京区","town":"太秦安井柳通町"}],"8076":[{"pref":"京都府","city":"京都市右京区","town":"太秦安井辻ノ内町"}],"8077":[{"pref":"京都府","city":"京都市右京区","town":"太秦安井馬塚町"}],"8081":[{"pref":"京都府","city":"京都市右京区","town":"太秦安井池田町"}],"8082":[{"pref":"京都府","city":"京都市右京区","town":"太秦安井奥畑町"}],"8083":[{"pref":"京都府","city":"京都市右京区","town":"太秦安井西沢町"}],"8084":[{"pref":"京都府","city":"京都市右京区","town":"太秦安井一町田町"}],"8085":[{"pref":"京都府","city":"京都市右京区","town":"太秦安井松本町"}],"8091":[{"pref":"京都府","city":"京都市右京区","town":"御室住吉山町"}],"8092":[{"pref":"京都府","city":"京都市右京区","town":"御室大内"}],"8093":[{"pref":"京都府","city":"京都市右京区","town":"御室竪町"}],"8094":[{"pref":"京都府","city":"京都市右京区","town":"御室小松野町"}],"8095":[{"pref":"京都府","city":"京都市右京区","town":"御室芝橋町"}],"8096":[{"pref":"京都府","city":"京都市右京区","town":"御室岡ノ裾町"}],"8097":[{"pref":"京都府","city":"京都市右京区","town":"御室双岡町"}],"8101":[{"pref":"京都府","city":"京都市右京区","town":"太秦和泉式部町"}],"8102":[{"pref":"京都府","city":"京都市右京区","town":"太秦森ケ東町"}],"8103":[{"pref":"京都府","city":"京都市右京区","town":"太秦上刑部町"}],"8104":[{"pref":"京都府","city":"京都市右京区","town":"太秦下刑部町"}],"8105":[{"pref":"京都府","city":"京都市右京区","town":"太秦森ケ前町"}],"8106":[{"pref":"京都府","city":"京都市右京区","town":"太秦森ケ西町"}],"8107":[{"pref":"京都府","city":"京都市右京区","town":"太秦一ノ井町"}],"8111":[{"pref":"京都府","city":"京都市右京区","town":"太秦下角田町"}],"8112":[{"pref":"京都府","city":"京都市右京区","town":"太秦木ノ下町"}],"8113":[{"pref":"京都府","city":"京都市右京区","town":"太秦野元町"}],"8114":[{"pref":"京都府","city":"京都市右京区","town":"太秦巽町"}],"8115":[{"pref":"京都府","city":"京都市右京区","town":"太秦東唐渡町"}],"8116":[{"pref":"京都府","city":"京都市右京区","town":"太秦松本町"}],"8117":[{"pref":"京都府","city":"京都市右京区","town":"太秦門田町"}],"8121":[{"pref":"京都府","city":"京都市右京区","town":"太秦垣内町"}],"8122":[{"pref":"京都府","city":"京都市右京区","town":"太秦井戸ケ尻町"}],"8123":[{"pref":"京都府","city":"京都市右京区","town":"太秦海正寺町"}],"8124":[{"pref":"京都府","city":"京都市右京区","town":"太秦辻ケ本町"}],"8125":[{"pref":"京都府","city":"京都市右京区","town":"太秦組石町"}],"8126":[{"pref":"京都府","city":"京都市右京区","town":"太秦椙ケ本町"}],"8127":[{"pref":"京都府","city":"京都市右京区","town":"太秦奥殿町"}],"8131":[{"pref":"京都府","city":"京都市右京区","town":"太秦藤ケ森町"}],"8132":[{"pref":"京都府","city":"京都市右京区","town":"太秦滝ケ花町"}],"8133":[{"pref":"京都府","city":"京都市右京区","town":"太秦中堤町"}],"8134":[{"pref":"京都府","city":"京都市右京区","town":"太秦唐渡町"}],"8135":[{"pref":"京都府","city":"京都市右京区","town":"太秦小手角町"}],"8136":[{"pref":"京都府","city":"京都市右京区","town":"太秦荒木町"}],"8137":[{"pref":"京都府","city":"京都市右京区","town":"太秦朱雀町"}],"8141":[{"pref":"京都府","city":"京都市右京区","town":"太秦棚森町"}],"8142":[{"pref":"京都府","city":"京都市右京区","town":"太秦樋ノ内町"}],"8143":[{"pref":"京都府","city":"京都市右京区","town":"太秦川所町"}],"8144":[{"pref":"京都府","city":"京都市右京区","town":"太秦百合ケ本町"}],"8145":[{"pref":"京都府","city":"京都市右京区","town":"太秦八反田町"}],"8146":[{"pref":"京都府","city":"京都市右京区","town":"太秦前ノ田町"}],"8147":[{"pref":"京都府","city":"京都市右京区","town":"太秦土本町"}],"8151":[{"pref":"京都府","city":"京都市右京区","town":"太秦帷子ケ辻町"}],"8152":[{"pref":"京都府","city":"京都市右京区","town":"太秦堀ケ内町"}],"8153":[{"pref":"京都府","city":"京都市右京区","town":"太秦面影町"}],"8154":[{"pref":"京都府","city":"京都市右京区","town":"太秦皆正寺町"}],"8155":[{"pref":"京都府","city":"京都市右京区","town":"太秦袴田町"}],"8156":[{"pref":"京都府","city":"京都市右京区","town":"太秦西野町"}],"8157":[{"pref":"京都府","city":"京都市右京区","town":"太秦御所ノ内町"}],"8161":[{"pref":"京都府","city":"京都市右京区","town":"太秦東蜂岡町"}],"8162":[{"pref":"京都府","city":"京都市右京区","town":"太秦蜂岡町"}],"8163":[{"pref":"京都府","city":"京都市右京区","town":"太秦西蜂岡町"}],"8164":[{"pref":"京都府","city":"京都市右京区","town":"太秦桂木町"}],"8165":[{"pref":"京都府","city":"京都市右京区","town":"太秦桂ケ原町"}],"8166":[{"pref":"京都府","city":"京都市右京区","town":"太秦石垣町"}],"8167":[{"pref":"京都府","city":"京都市右京区","town":"太秦多薮町"}],"8171":[{"pref":"京都府","city":"京都市右京区","town":"太秦青木ケ原町"}],"8172":[{"pref":"京都府","city":"京都市右京区","town":"太秦青木元町"}],"8173":[{"pref":"京都府","city":"京都市右京区","town":"太秦上ノ段町"}],"8174":[{"pref":"京都府","city":"京都市右京区","town":"太秦垂箕山町"}],"8175":[{"pref":"京都府","city":"京都市右京区","town":"太秦一町芝町"}],"8176":[{"pref":"京都府","city":"京都市右京区","town":"太秦乾町"}],"8177":[{"pref":"京都府","city":"京都市右京区","town":"太秦馬塚町"}],"8181":[{"pref":"京都府","city":"京都市右京区","town":"太秦京ノ道町"}],"8182":[{"pref":"京都府","city":"京都市右京区","town":"太秦北路町"}],"8183":[{"pref":"京都府","city":"京都市右京区","town":"太秦宮ノ前町"}],"8184":[{"pref":"京都府","city":"京都市右京区","town":"太秦中筋町"}],"8185":[{"pref":"京都府","city":"京都市右京区","town":"太秦開日町"}],"8186":[{"pref":"京都府","city":"京都市右京区","town":"太秦堀池町"}],"8187":[{"pref":"京都府","city":"京都市右京区","town":"太秦御領田町"}],"8191":[{"pref":"京都府","city":"京都市右京区","town":"太秦中山町"}],"8192":[{"pref":"京都府","city":"京都市右京区","town":"太秦三尾町"}],"8193":[{"pref":"京都府","city":"京都市右京区","town":"山越巽町"}],"8194":[{"pref":"京都府","city":"京都市右京区","town":"山越東町"}],"8195":[{"pref":"京都府","city":"京都市右京区","town":"山越中町"}],"8196":[{"pref":"京都府","city":"京都市右京区","town":"山越西町"}],"8197":[{"pref":"京都府","city":"京都市右京区","town":"山越乾町"}],"8201":[{"pref":"京都府","city":"京都市右京区","town":"宇多野北ノ院町"}],"8202":[{"pref":"京都府","city":"京都市右京区","town":"宇多野馬場町"}],"8203":[{"pref":"京都府","city":"京都市右京区","town":"宇多野柴橋町"}],"8204":[{"pref":"京都府","city":"京都市右京区","town":"宇多野御池町"}],"8205":[{"pref":"京都府","city":"京都市右京区","town":"宇多野御屋敷町"}],"8206":[{"pref":"京都府","city":"京都市右京区","town":"宇多野法安寺町"}],"8207":[{"pref":"京都府","city":"京都市右京区","town":"宇多野長尾町"}],"8208":[{"pref":"京都府","city":"京都市右京区","town":"宇多野福王子町"}],"8209":[{"pref":"京都府","city":"京都市右京区","town":"宇多野芝町"}],"8211":[{"pref":"京都府","city":"京都市右京区","town":"常盤御池町"}],"8212":[{"pref":"京都府","city":"京都市右京区","town":"常盤山下町"}],"8213":[{"pref":"京都府","city":"京都市右京区","town":"常盤音戸町"}],"8214":[{"pref":"京都府","city":"京都市右京区","town":"常盤古御所町"}],"8215":[{"pref":"京都府","city":"京都市右京区","town":"常盤森町"}],"8216":[{"pref":"京都府","city":"京都市右京区","town":"常盤一ノ井町"}],"8217":[{"pref":"京都府","city":"京都市右京区","town":"常盤東ノ町"}],"8218":[{"pref":"京都府","city":"京都市右京区","town":"常盤出口町"}],"8219":[{"pref":"京都府","city":"京都市右京区","town":"常盤神田町"}],"8221":[{"pref":"京都府","city":"京都市右京区","town":"常盤村ノ内町"}],"8222":[{"pref":"京都府","city":"京都市右京区","town":"常盤仲之町"}],"8223":[{"pref":"京都府","city":"京都市右京区","town":"常盤西町"}],"8224":[{"pref":"京都府","city":"京都市右京区","town":"常盤窪町"}],"8225":[{"pref":"京都府","city":"京都市右京区","town":"常盤馬塚町"}],"8226":[{"pref":"京都府","city":"京都市右京区","town":"常盤段ノ上町"}],"8227":[{"pref":"京都府","city":"京都市右京区","town":"常盤草木町"}],"8228":[{"pref":"京都府","city":"京都市右京区","town":"常盤下田町"}],"8229":[{"pref":"京都府","city":"京都市右京区","town":"常盤北裏町"}],"8231":[{"pref":"京都府","city":"京都市右京区","town":"常盤柏ノ木町"}],"8232":[{"pref":"京都府","city":"京都市右京区","town":"鳴滝蓮花寺町"}],"8233":[{"pref":"京都府","city":"京都市右京区","town":"鳴滝中道町"}],"8234":[{"pref":"京都府","city":"京都市右京区","town":"鳴滝嵯峨園町"}],"8235":[{"pref":"京都府","city":"京都市右京区","town":"鳴滝西嵯峨園町"}],"8236":[{"pref":"京都府","city":"京都市右京区","town":"鳴滝春木町"}],"8237":[{"pref":"京都府","city":"京都市右京区","town":"鳴滝瑞穂町"}],"8238":[{"pref":"京都府","city":"京都市右京区","town":"鳴滝桐ケ淵町"}],"8241":[{"pref":"京都府","city":"京都市右京区","town":"鳴滝泉殿町"}],"8242":[{"pref":"京都府","city":"京都市右京区","town":"鳴滝本町"}],"8243":[{"pref":"京都府","city":"京都市右京区","town":"鳴滝安井殿町"}],"8244":[{"pref":"京都府","city":"京都市右京区","town":"鳴滝藤ノ木町"}],"8245":[{"pref":"京都府","city":"京都市右京区","town":"音戸山山ノ茶屋町"}],"8246":[{"pref":"京都府","city":"京都市右京区","town":"鳴滝川西町"}],"8247":[{"pref":"京都府","city":"京都市右京区","town":"鳴滝蓮池町"}],"8251":[{"pref":"京都府","city":"京都市右京区","town":"鳴滝宇多野谷"}],"8252":[{"pref":"京都府","city":"京都市右京区","town":"宇多野上ノ谷町"}],"8253":[{"pref":"京都府","city":"京都市右京区","town":"鳴滝泉谷町"}],"8254":[{"pref":"京都府","city":"京都市右京区","town":"鳴滝宅間町"}],"8255":[{"pref":"京都府","city":"京都市右京区","town":"鳴滝音戸山町"}],"8256":[{"pref":"京都府","city":"京都市右京区","town":"鳴滝松本町"}],"8257":[{"pref":"京都府","city":"京都市右京区","town":"鳴滝白砂"}],"8258":[{"pref":"京都府","city":"京都市右京区","town":"鳴滝般若寺町"}],"8261":[{"pref":"京都府","city":"京都市右京区","town":"梅ケ畑高鼻町"}],"8262":[{"pref":"京都府","city":"京都市右京区","town":"梅ケ畑向ノ地町"}],"8263":[{"pref":"京都府","city":"京都市右京区","town":"梅ケ畑畑ノ下町"}],"8264":[{"pref":"京都府","city":"京都市右京区","town":"梅ケ畑薮ノ下町"}],"8265":[{"pref":"京都府","city":"京都市右京区","town":"梅ケ畑畑町"}],"8266":[{"pref":"京都府","city":"京都市右京区","town":"梅ケ畑中田町"}],"8267":[{"pref":"京都府","city":"京都市右京区","town":"梅ケ畑山崎町"}],"8268":[{"pref":"京都府","city":"京都市右京区","town":"梅ケ畑古田町"}],"8271":[{"pref":"京都府","city":"京都市右京区","town":"梅ケ畑宮ノ口町"}],"8272":[{"pref":"京都府","city":"京都市右京区","town":"梅ケ畑猪ノ尻町"}],"8273":[{"pref":"京都府","city":"京都市右京区","town":"梅ケ畑中縄手町"}],"8274":[{"pref":"京都府","city":"京都市右京区","town":"梅ケ畑上ノ町"}],"8275":[{"pref":"京都府","city":"京都市右京区","town":"梅ケ畑篝町"}],"8276":[{"pref":"京都府","city":"京都市右京区","town":"梅ケ畑清水町"}],"8277":[{"pref":"京都府","city":"京都市右京区","town":"梅ケ畑広芝町"}],"8278":[{"pref":"京都府","city":"京都市右京区","town":"梅ケ畑菖蒲谷"}],"8281":[{"pref":"京都府","city":"京都市右京区","town":"梅ケ畑久保谷町"}],"8282":[{"pref":"京都府","city":"京都市右京区","town":"梅ケ畑上砥町"}],"8283":[{"pref":"京都府","city":"京都市右京区","town":"梅ケ畑奥殿町"}],"8284":[{"pref":"京都府","city":"京都市右京区","town":"梅ケ畑御経坂町"}],"8285":[{"pref":"京都府","city":"京都市右京区","town":"梅ケ畑檜社町"}],"8286":[{"pref":"京都府","city":"京都市右京区","town":"梅ケ畑御所ノ口町"}],"8287":[{"pref":"京都府","city":"京都市右京区","town":"梅ケ畑中嶋町"}],"8288":[{"pref":"京都府","city":"京都市右京区","town":"梅ケ畑笹江辺町"}],"8289":[{"pref":"京都府","city":"京都市右京区","town":"梅ケ畑西ノ畑町"}],"8291":[{"pref":"京都府","city":"京都市右京区","town":"梅ケ畑槇尾町"}],"8292":[{"pref":"京都府","city":"京都市右京区","town":"梅ケ畑高雄町"}],"8293":[{"pref":"京都府","city":"京都市右京区","town":"梅ケ畑殿畑町"}],"8294":[{"pref":"京都府","city":"京都市右京区","town":"梅ケ畑引地町"}],"8295":[{"pref":"京都府","city":"京都市右京区","town":"梅ケ畑栂尾町"}],"8296":[{"pref":"京都府","city":"京都市右京区","town":"梅ケ畑川西町"}],"8297":[{"pref":"京都府","city":"京都市右京区","town":"梅ケ畑亀石町"}],"8301":[{"pref":"京都府","city":"京都市右京区","town":"嵯峨広沢町"}],"8302":[{"pref":"京都府","city":"京都市右京区","town":"嵯峨広沢北下馬野町"}],"8303":[{"pref":"京都府","city":"京都市右京区","town":"嵯峨広沢南下馬野町"}],"8304":[{"pref":"京都府","city":"京都市右京区","town":"嵯峨広沢南野町"}],"8305":[{"pref":"京都府","city":"京都市右京区","town":"嵯峨広沢御所ノ内町"}],"8306":[{"pref":"京都府","city":"京都市右京区","town":"嵯峨広沢西裏町"}],"8307":[{"pref":"京都府","city":"京都市右京区","town":"嵯峨広沢池下町"}],"8311":[{"pref":"京都府","city":"京都市右京区","town":"嵯峨野嵯峨ノ段町"}],"8312":[{"pref":"京都府","city":"京都市右京区","town":"嵯峨野清水町"}],"8313":[{"pref":"京都府","city":"京都市右京区","town":"嵯峨野開町"}],"8314":[{"pref":"京都府","city":"京都市右京区","town":"嵯峨野秋街道町"}],"8315":[{"pref":"京都府","city":"京都市右京区","town":"嵯峨野宮ノ元町"}],"8316":[{"pref":"京都府","city":"京都市右京区","town":"嵯峨野有栖川町"}],"8317":[{"pref":"京都府","city":"京都市右京区","town":"嵯峨野神ノ木町"}],"8321":[{"pref":"京都府","city":"京都市右京区","town":"嵯峨野千代ノ道町"}],"8322":[{"pref":"京都府","city":"京都市右京区","town":"嵯峨野芝野町"}],"8323":[{"pref":"京都府","city":"京都市右京区","town":"嵯峨野投渕町"}],"8324":[{"pref":"京都府","city":"京都市右京区","town":"嵯峨野南浦町"}],"8325":[{"pref":"京都府","city":"京都市右京区","town":"嵯峨野高田町"}],"8326":[{"pref":"京都府","city":"京都市右京区","town":"嵯峨野東田町"}],"8327":[{"pref":"京都府","city":"京都市右京区","town":"嵯峨野六反田町"}],"8331":[{"pref":"京都府","city":"京都市右京区","town":"嵯峨野内田町"}],"8332":[{"pref":"京都府","city":"京都市右京区","town":"嵯峨野北野町"}],"8333":[{"pref":"京都府","city":"京都市右京区","town":"嵯峨野西ノ藤町"}],"8334":[{"pref":"京都府","city":"京都市右京区","town":"嵯峨罧原町"}],"8335":[{"pref":"京都府","city":"京都市右京区","town":"嵯峨石ケ坪町"}],"8336":[{"pref":"京都府","city":"京都市右京区","town":"嵯峨蜻蛉尻町"}],"8337":[{"pref":"京都府","city":"京都市右京区","town":"嵯峨明星町"}],"8341":[{"pref":"京都府","city":"京都市右京区","town":"嵯峨甲塚町"}],"8342":[{"pref":"京都府","city":"京都市右京区","town":"嵯峨苅分町"}],"8343":[{"pref":"京都府","city":"京都市右京区","town":"嵯峨朝日町"}],"8344":[{"pref":"京都府","city":"京都市右京区","town":"嵯峨梅ノ木町"}],"8345":[{"pref":"京都府","city":"京都市右京区","town":"嵯峨折戸町"}],"8346":[{"pref":"京都府","city":"京都市右京区","town":"嵯峨天龍寺油掛町"}],"8347":[{"pref":"京都府","city":"京都市右京区","town":"嵯峨中又町"}],"8351":[{"pref":"京都府","city":"京都市右京区","town":"嵯峨釣殿町"}],"8352":[{"pref":"京都府","city":"京都市右京区","town":"嵯峨大沢落久保町"}],"8353":[{"pref":"京都府","city":"京都市右京区","town":"嵯峨大沢柳井手町"}],"8354":[{"pref":"京都府","city":"京都市右京区","town":"嵯峨一本木町"}],"8355":[{"pref":"京都府","city":"京都市右京区","town":"嵯峨新宮町"}],"8356":[{"pref":"京都府","city":"京都市右京区","town":"嵯峨天龍寺中島町"}],"8357":[{"pref":"京都府","city":"京都市右京区","town":"嵯峨天龍寺椎野町"}],"8361":[{"pref":"京都府","city":"京都市右京区","town":"嵯峨中通町"}],"8362":[{"pref":"京都府","city":"京都市右京区","town":"嵯峨五島町"}],"8363":[{"pref":"京都府","city":"京都市右京区","town":"嵯峨柳田町"}],"8364":[{"pref":"京都府","city":"京都市右京区","town":"嵯峨中山町"}],"8365":[{"pref":"京都府","city":"京都市右京区","town":"嵯峨伊勢ノ上町"}],"8366":[{"pref":"京都府","city":"京都市右京区","town":"嵯峨天龍寺今堀町"}],"8367":[{"pref":"京都府","city":"京都市右京区","town":"嵯峨北堀町"}],"8371":[{"pref":"京都府","city":"京都市右京区","town":"嵯峨天龍寺若宮町"}],"8372":[{"pref":"京都府","city":"京都市右京区","town":"嵯峨天龍寺広道町"}],"8373":[{"pref":"京都府","city":"京都市右京区","town":"嵯峨天龍寺車道町"}],"8374":[{"pref":"京都府","city":"京都市右京区","town":"嵯峨天龍寺北造路町"}],"8375":[{"pref":"京都府","city":"京都市右京区","town":"嵯峨天龍寺立石町"}],"8376":[{"pref":"京都府","city":"京都市右京区","town":"嵯峨天龍寺瀬戸川町"}],"8381":[{"pref":"京都府","city":"京都市右京区","town":"嵯峨天龍寺龍門町"}],"8382":[{"pref":"京都府","city":"京都市右京区","town":"嵯峨天龍寺角倉町"}],"8383":[{"pref":"京都府","city":"京都市右京区","town":"嵯峨中之島町"}],"8384":[{"pref":"京都府","city":"京都市右京区","town":"嵯峨天龍寺造路町"}],"8385":[{"pref":"京都府","city":"京都市右京区","town":"嵯峨天龍寺芒ノ馬場町"}],"8386":[{"pref":"京都府","city":"京都市右京区","town":"嵯峨亀ノ尾町"}],"8387":[{"pref":"京都府","city":"京都市右京区","town":"嵯峨亀山町"}],"8391":[{"pref":"京都府","city":"京都市右京区","town":"嵯峨小倉山緋明神町"}],"8392":[{"pref":"京都府","city":"京都市右京区","town":"嵯峨小倉山堂ノ前町"}],"8393":[{"pref":"京都府","city":"京都市右京区","town":"嵯峨野々宮町"}],"8394":[{"pref":"京都府","city":"京都市右京区","town":"嵯峨小倉山田渕山町"}],"8395":[{"pref":"京都府","city":"京都市右京区","town":"嵯峨小倉山町"}],"8396":[{"pref":"京都府","city":"京都市右京区","town":"嵯峨小倉山山本町"}],"8397":[{"pref":"京都府","city":"京都市右京区","town":"嵯峨小倉山小倉町"}],"8401":[{"pref":"京都府","city":"京都市右京区","town":"北嵯峨長刀坂町"}],"8402":[{"pref":"京都府","city":"京都市右京区","town":"北嵯峨六代芝町"}],"8403":[{"pref":"京都府","city":"京都市右京区","town":"北嵯峨洞ノ内町"}],"8404":[{"pref":"京都府","city":"京都市右京区","town":"北嵯峨八丈町"}],"8405":[{"pref":"京都府","city":"京都市右京区","town":"北嵯峨名古曽町"}],"8406":[{"pref":"京都府","city":"京都市右京区","town":"北嵯峨山王町"}],"8407":[{"pref":"京都府","city":"京都市右京区","town":"北嵯峨赤坂町"}],"8411":[{"pref":"京都府","city":"京都市右京区","town":"嵯峨大沢町"}],"8412":[{"pref":"京都府","city":"京都市右京区","town":"嵯峨大覚寺門前登り町"}],"8413":[{"pref":"京都府","city":"京都市右京区","town":"嵯峨大覚寺門前堂ノ前町"}],"8414":[{"pref":"京都府","city":"京都市右京区","town":"嵯峨大覚寺門前八軒町"}],"8415":[{"pref":"京都府","city":"京都市右京区","town":"嵯峨大覚寺門前宮ノ下町"}],"8416":[{"pref":"京都府","city":"京都市右京区","town":"嵯峨大覚寺門前井頭町"}],"8417":[{"pref":"京都府","city":"京都市右京区","town":"嵯峨大覚寺門前六道町"}],"8421":[{"pref":"京都府","city":"京都市右京区","town":"嵯峨釈迦堂門前瀬戸川町"}],"8422":[{"pref":"京都府","city":"京都市右京区","town":"嵯峨釈迦堂大門町"}],"8423":[{"pref":"京都府","city":"京都市右京区","town":"嵯峨釈迦堂門前裏柳町"}],"8424":[{"pref":"京都府","city":"京都市右京区","town":"嵯峨釈迦堂門前南中院町"}],"8425":[{"pref":"京都府","city":"京都市右京区","town":"嵯峨二尊院門前長神町"}],"8426":[{"pref":"京都府","city":"京都市右京区","town":"嵯峨二尊院門前往生院町"}],"8427":[{"pref":"京都府","city":"京都市右京区","town":"嵯峨二尊院門前善光寺山町"}],"8428":[{"pref":"京都府","city":"京都市右京区","town":"嵯峨二尊院門前北中院町"}],"8431":[{"pref":"京都府","city":"京都市右京区","town":"嵯峨鳥居本一華表町"}],"8432":[{"pref":"京都府","city":"京都市右京区","town":"嵯峨鳥居本北代町"}],"8433":[{"pref":"京都府","city":"京都市右京区","town":"嵯峨鳥居本中筋町"}],"8434":[{"pref":"京都府","city":"京都市右京区","town":"嵯峨鳥居本仏餉田町"}],"8435":[{"pref":"京都府","city":"京都市右京区","town":"嵯峨鳥居本小坂町"}],"8436":[{"pref":"京都府","city":"京都市右京区","town":"嵯峨鳥居本化野町"}],"8437":[{"pref":"京都府","city":"京都市右京区","town":"嵯峨鳥居本仙翁町"}],"8438":[{"pref":"京都府","city":"京都市右京区","town":"嵯峨鳥居本六反町"}],"8439":[{"pref":"京都府","city":"京都市右京区","town":"嵯峨鳥居本深谷町"}],"8441":[{"pref":"京都府","city":"京都市右京区","town":"北嵯峨北ノ段町"}],"8442":[{"pref":"京都府","city":"京都市右京区","town":"北嵯峨気比社町"}],"8443":[{"pref":"京都府","city":"京都市右京区","town":"嵯峨観空寺明水町"}],"8444":[{"pref":"京都府","city":"京都市右京区","town":"嵯峨観空寺久保殿町"}],"8445":[{"pref":"京都府","city":"京都市右京区","town":"嵯峨観空寺岡崎町"}],"8446":[{"pref":"京都府","city":"京都市右京区","town":"嵯峨観空寺谷町"}],"8447":[{"pref":"京都府","city":"京都市右京区","town":"嵯峨釈迦堂藤ノ木町"}],"8451":[{"pref":"京都府","city":"京都市右京区","town":"嵯峨清滝一華表町"}],"8452":[{"pref":"京都府","city":"京都市右京区","town":"嵯峨清滝町"}],"8453":[{"pref":"京都府","city":"京都市右京区","town":"嵯峨清滝大谷町"}],"8454":[{"pref":"京都府","city":"京都市右京区","town":"嵯峨清滝深谷町"}],"8455":[{"pref":"京都府","city":"京都市右京区","town":"嵯峨清滝田鶴原町"}],"8456":[{"pref":"京都府","city":"京都市右京区","town":"嵯峨清滝月ノ輪町"}],"8457":[{"pref":"京都府","city":"京都市右京区","town":"嵯峨清滝空也滝町"}],"8458":[{"pref":"京都府","city":"京都市右京区","town":"嵯峨愛宕町"}],"8461":[{"pref":"京都府","city":"京都市右京区","town":"嵯峨水尾鳩ケ巣"}],"8462":[{"pref":"京都府","city":"京都市右京区","town":"嵯峨水尾岡ノ窪町"}],"8463":[{"pref":"京都府","city":"京都市右京区","town":"嵯峨水尾竹ノ尻町"}],"8464":[{"pref":"京都府","city":"京都市右京区","town":"嵯峨水尾武蔵嶋町"}],"8465":[{"pref":"京都府","city":"京都市右京区","town":"嵯峨水尾宮ノ脇町"}],"8466":[{"pref":"京都府","city":"京都市右京区","town":"嵯峨水尾清和"}],"8467":[{"pref":"京都府","city":"京都市右京区","town":"嵯峨水尾大岩"}],"8468":[{"pref":"京都府","city":"京都市右京区","town":"嵯峨水尾北垣内町"}],"8471":[{"pref":"京都府","city":"京都市右京区","town":"嵯峨樒原稲荷元町"}],"8472":[{"pref":"京都府","city":"京都市右京区","town":"嵯峨樒原高見町"}],"8473":[{"pref":"京都府","city":"京都市右京区","town":"嵯峨樒原若宮下町"}],"8474":[{"pref":"京都府","city":"京都市右京区","town":"嵯峨樒原清水町"}],"8475":[{"pref":"京都府","city":"京都市右京区","town":"嵯峨樒原宮ノ上町"}],"8481":[{"pref":"京都府","city":"京都市右京区","town":"嵯峨越畑桃原"}],"8482":[{"pref":"京都府","city":"京都市右京区","town":"嵯峨越畑正権条"}],"8483":[{"pref":"京都府","city":"京都市右京区","town":"嵯峨越畑鍋浦"}],"8484":[{"pref":"京都府","city":"京都市右京区","town":"嵯峨越畑筋違"}],"8485":[{"pref":"京都府","city":"京都市右京区","town":"嵯峨越畑兵庫前町"}],"8486":[{"pref":"京都府","city":"京都市右京区","town":"嵯峨越畑南ノ町"}],"8487":[{"pref":"京都府","city":"京都市右京区","town":"嵯峨越畑中ノ町"}],"8491":[{"pref":"京都府","city":"京都市右京区","town":"嵯峨越畑北ノ町"}],"8492":[{"pref":"京都府","city":"京都市右京区","town":"嵯峨越畑天慶"}],"8493":[{"pref":"京都府","city":"京都市右京区","town":"嵯峨越畑桃原垣内"}],"8494":[{"pref":"京都府","city":"京都市右京区","town":"嵯峨越畑尻谷"}],"0000":[{"pref":"京都府","city":"京都市右京区","town":"以下に掲載がない場合"}],"0022":[{"pref":"京都府","city":"京都市西京区","town":"嵐山朝月町"}],"0027":[{"pref":"京都府","city":"京都市西京区","town":"嵐山内田町"}],"0016":[{"pref":"京都府","city":"京都市西京区","town":"嵐山上海道町"}],"0001":[{"pref":"京都府","city":"京都市西京区","town":"嵐山上河原町"}],"0007":[{"pref":"京都府","city":"京都市西京区","town":"嵐山元録山町"}],"0006":[{"pref":"京都府","city":"京都市西京区","town":"嵐山虚空蔵山町"}],"0014":[{"pref":"京都府","city":"京都市西京区","town":"嵐山谷ケ辻子町"}],"0017":[{"pref":"京都府","city":"京都市西京区","town":"嵐山茶尻町"}],"0004":[{"pref":"京都府","city":"京都市西京区","town":"嵐山中尾下町"}],"0003":[{"pref":"京都府","city":"京都市西京区","town":"嵐山西一川町"}],"0002":[{"pref":"京都府","city":"京都市西京区","town":"嵐山東一川町"}],"0012":[{"pref":"京都府","city":"京都市西京区","town":"嵐山東海道町"}],"0011":[{"pref":"京都府","city":"京都市西京区","town":"嵐山樋ノ上町"}],"0013":[{"pref":"京都府","city":"京都市西京区","town":"嵐山風呂ノ橋町"}],"0025":[{"pref":"京都府","city":"京都市西京区","town":"嵐山宮ノ北町"}],"0023":[{"pref":"京都府","city":"京都市西京区","town":"嵐山宮ノ前町"}],"0024":[{"pref":"京都府","city":"京都市西京区","town":"嵐山宮町"}],"0021":[{"pref":"京都府","city":"京都市西京区","town":"嵐山森ノ前町"}],"0026":[{"pref":"京都府","city":"京都市西京区","town":"嵐山薬師下町"}],"0005":[{"pref":"京都府","city":"京都市西京区","town":"嵐山山田町"}],"0015":[{"pref":"京都府","city":"京都市西京区","town":"嵐山山ノ下町"}]}