{"8001":[{"pref":"大阪府","city":"堺市北区","town":"常磐町"}],"8002":[{"pref":"大阪府","city":"堺市北区","town":"北花田町"}],"8003":[{"pref":"大阪府","city":"堺市北区","town":"船堂町"}],"8004":[{"pref":"大阪府","city":"堺市北区","town":"蔵前町"}],"8005":[{"pref":"大阪府","city":"堺市北区","town":"新堀町"}],"8006":[{"pref":"大阪府","city":"堺市北区","town":"宮本町"}],"8007":[{"pref":"大阪府","city":"堺市北区","town":"奥本町"}],"8008":[{"pref":"大阪府","city":"堺市北区","town":"東浅香山町"}],"8011":[{"pref":"大阪府","city":"堺市北区","town":"南花田町"}],"8012":[{"pref":"大阪府","city":"堺市北区","town":"中村町"}],"8013":[{"pref":"大阪府","city":"堺市北区","town":"野遠町"}],"8014":[{"pref":"大阪府","city":"堺市北区","town":"八下北"}],"8021":[{"pref":"大阪府","city":"堺市北区","town":"新金岡町"}],"8022":[{"pref":"大阪府","city":"堺市北区","town":"金岡町"}],"8023":[{"pref":"大阪府","city":"堺市北区","town":"中百舌鳥町"}],"8024":[{"pref":"大阪府","city":"堺市北区","town":"黒土町"}],"8025":[{"pref":"大阪府","city":"堺市北区","town":"長曽根町"}],"8031":[{"pref":"大阪府","city":"堺市北区","town":"百舌鳥梅北町"}],"8032":[{"pref":"大阪府","city":"堺市北区","town":"百舌鳥梅町"}],"8033":[{"pref":"大阪府","city":"堺市北区","town":"百舌鳥西之町"}],"8034":[{"pref":"大阪府","city":"堺市北区","town":"百舌鳥陵南町"}],"8035":[{"pref":"大阪府","city":"堺市北区","town":"東上野芝町（２丁）"}],"8036":[{"pref":"大阪府","city":"堺市北区","town":"百舌鳥本町"}],"8037":[{"pref":"大阪府","city":"堺市北区","town":"百舌鳥赤畑町"}],"8041":[{"pref":"大阪府","city":"堺市北区","town":"東雲東町"}],"8042":[{"pref":"大阪府","city":"堺市北区","town":"大豆塚町"}],"8043":[{"pref":"大阪府","city":"堺市北区","town":"北長尾町"}],"8044":[{"pref":"大阪府","city":"堺市北区","town":"中長尾町"}],"8045":[{"pref":"大阪府","city":"堺市北区","town":"南長尾町"}],"8046":[{"pref":"大阪府","city":"堺市北区","town":"東三国ケ丘町"}],"0000":[{"pref":"大阪府","city":"堺市北区","town":"以下に掲載がない場合"}]}