{"0000":[{"pref":"愛知県","city":"北名古屋市","town":"以下に掲載がない場合"}],"0046":[{"pref":"愛知県","city":"北名古屋市","town":"石橋"}],"0014":[{"pref":"愛知県","city":"北名古屋市","town":"井瀬木"}],"0035":[{"pref":"愛知県","city":"北名古屋市","town":"宇福寺"}],"0043":[{"pref":"愛知県","city":"北名古屋市","town":"沖村"}],"0037":[{"pref":"愛知県","city":"北名古屋市","town":"鍜治ケ一色"}],"0044":[{"pref":"愛知県","city":"北名古屋市","town":"加島新田"}],"0002":[{"pref":"愛知県","city":"北名古屋市","town":"片場"}],"0034":[{"pref":"愛知県","city":"北名古屋市","town":"北野"}],"0012":[{"pref":"愛知県","city":"北名古屋市","town":"久地野"}],"0041":[{"pref":"愛知県","city":"北名古屋市","town":"九之坪"}],"0006":[{"pref":"愛知県","city":"北名古屋市","town":"熊之庄"}],"0004":[{"pref":"愛知県","city":"北名古屋市","town":"鹿田"}],"0011":[{"pref":"愛知県","city":"北名古屋市","town":"高田寺"}],"0038":[{"pref":"愛知県","city":"北名古屋市","town":"徳重"}],"0045":[{"pref":"愛知県","city":"北名古屋市","town":"中之郷"}],"0033":[{"pref":"愛知県","city":"北名古屋市","town":"西之保"}],"0040":[{"pref":"愛知県","city":"北名古屋市","town":"西春駅前"}],"0003":[{"pref":"愛知県","city":"北名古屋市","town":"能田"}],"0042":[{"pref":"愛知県","city":"北名古屋市","town":"野崎"}],"0013":[{"pref":"愛知県","city":"北名古屋市","town":"二子"}],"0039":[{"pref":"愛知県","city":"北名古屋市","town":"法成寺"}],"0032":[{"pref":"愛知県","city":"北名古屋市","town":"弥勒寺西"}],"0031":[{"pref":"愛知県","city":"北名古屋市","town":"弥勒寺東"}],"0001":[{"pref":"愛知県","city":"北名古屋市","town":"六ツ師"}],"0005":[{"pref":"愛知県","city":"北名古屋市","town":"薬師寺"}],"0036":[{"pref":"愛知県","city":"北名古屋市","town":"山之腰"}]}