{"1101":[{"pref":"鹿児島県","city":"鹿児島市","town":"花尾町"}],"1102":[{"pref":"鹿児島県","city":"鹿児島市","town":"東俣町"}],"1103":[{"pref":"鹿児島県","city":"鹿児島市","town":"川田町"}],"1104":[{"pref":"鹿児島県","city":"鹿児島市","town":"油須木町"}],"1105":[{"pref":"鹿児島県","city":"鹿児島市","town":"郡山町"}],"1106":[{"pref":"鹿児島県","city":"鹿児島市","town":"西俣町"}],"1107":[{"pref":"鹿児島県","city":"鹿児島市","town":"有屋田町"}],"1108":[{"pref":"鹿児島県","city":"鹿児島市","town":"郡山岳町"}],"1201":[{"pref":"鹿児島県","city":"鹿児島市","town":"岡之原町（その他）"}],"1202":[{"pref":"鹿児島県","city":"鹿児島市","town":"西伊敷（５～７丁目）"}],"1203":[{"pref":"鹿児島県","city":"鹿児島市","town":"伊敷町（４７１０～４７４１、４７４７～４７６１－３番地）"}],"1204":[{"pref":"鹿児島県","city":"鹿児島市","town":"花野光ケ丘"}],"1205":[{"pref":"鹿児島県","city":"鹿児島市","town":"犬迫町"}],"1206":[{"pref":"鹿児島県","city":"鹿児島市","town":"皆与志町"}],"1222":[{"pref":"鹿児島県","city":"鹿児島市","town":"小野町（４７８４～５１１８番地）"}],"1231":[{"pref":"鹿児島県","city":"鹿児島市","town":"小山田町（その他）"}],"1274":[{"pref":"鹿児島県","city":"鹿児島市","town":"緑ヶ丘町（３５番以降）"}],"1275":[{"pref":"鹿児島県","city":"鹿児島市","town":"川上町（３６４９、３６６１、３６６７、３６６９－４、３６７１、３６７２、３"},{"pref":"鹿児島県","city":"鹿児島市","town":"６７４、３７０１、３７０４、３７２３－３、４１２８、４１３２、４１３３、４"},{"pref":"鹿児島県","city":"鹿児島市","town":"１３８、４２０３、４２０９、４２１５、４２３６－１、４２３８、４２４１、４"},{"pref":"鹿児島県","city":"鹿児島市","town":"２４２、４２４４番地）"}],"1301":[{"pref":"鹿児島県","city":"鹿児島市","town":"西佐多町"}],"1302":[{"pref":"鹿児島県","city":"鹿児島市","town":"東佐多町"}],"1303":[{"pref":"鹿児島県","city":"鹿児島市","town":"本城町"}],"1304":[{"pref":"鹿児島県","city":"鹿児島市","town":"本名町"}],"1305":[{"pref":"鹿児島県","city":"鹿児島市","town":"宮之浦町"}],"1306":[{"pref":"鹿児島県","city":"鹿児島市","town":"牟礼岡"}],"1401":[{"pref":"鹿児島県","city":"鹿児島市","town":"黒神町（その他）"}],"1402":[{"pref":"鹿児島県","city":"鹿児島市","town":"高免町"}],"1403":[{"pref":"鹿児島県","city":"鹿児島市","town":"新島町"}],"1411":[{"pref":"鹿児島県","city":"鹿児島市","town":"桜島白浜町"}],"1412":[{"pref":"鹿児島県","city":"鹿児島市","town":"桜島二俣町"}],"1413":[{"pref":"鹿児島県","city":"鹿児島市","town":"桜島松浦町"}],"1414":[{"pref":"鹿児島県","city":"鹿児島市","town":"桜島西道町"}],"1415":[{"pref":"鹿児島県","city":"鹿児島市","town":"桜島藤野町"}],"1416":[{"pref":"鹿児島県","city":"鹿児島市","town":"桜島武町"}],"1417":[{"pref":"鹿児島県","city":"鹿児島市","town":"桜島赤生原町"}],"1418":[{"pref":"鹿児島県","city":"鹿児島市","town":"桜島小池町"}],"1419":[{"pref":"鹿児島県","city":"鹿児島市","town":"桜島横山町"}],"1420":[{"pref":"鹿児島県","city":"鹿児島市","town":"桜島赤水町"}],"1501":[{"pref":"鹿児島県","city":"鹿児島市","town":"黒神町（枦ノ木ケ谷）"}],"1541":[{"pref":"鹿児島県","city":"鹿児島市","town":"野尻町"}],"1542":[{"pref":"鹿児島県","city":"鹿児島市","town":"持木町"}],"1543":[{"pref":"鹿児島県","city":"鹿児島市","town":"東桜島町"}],"1544":[{"pref":"鹿児島県","city":"鹿児島市","town":"古里町"}],"1545":[{"pref":"鹿児島県","city":"鹿児島市","town":"有村町"}],"2100":[{"pref":"鹿児島県","city":"垂水市","town":"以下に掲載がない場合"}],"2101":[{"pref":"鹿児島県","city":"垂水市","town":"海潟"}],"2102":[{"pref":"鹿児島県","city":"垂水市","town":"中俣"}],"2103":[{"pref":"鹿児島県","city":"垂水市","town":"市木"}],"2104":[{"pref":"鹿児島県","city":"垂水市","town":"田神"}],"2105":[{"pref":"鹿児島県","city":"垂水市","town":"松原町"}],"2106":[{"pref":"鹿児島県","city":"垂水市","town":"中央町"}],"2111":[{"pref":"鹿児島県","city":"垂水市","town":"新御堂"}],"2112":[{"pref":"鹿児島県","city":"垂水市","town":"本城"}],"2113":[{"pref":"鹿児島県","city":"垂水市","town":"高城"}],"2114":[{"pref":"鹿児島県","city":"垂水市","town":"新城"}],"2115":[{"pref":"鹿児島県","city":"垂水市","town":"浜平"}],"2116":[{"pref":"鹿児島県","city":"垂水市","town":"柊原"}],"2117":[{"pref":"鹿児島県","city":"垂水市","town":"潮彩町"}],"2121":[{"pref":"鹿児島県","city":"垂水市","town":"栄町"}],"2122":[{"pref":"鹿児島県","city":"垂水市","town":"上町"}],"2123":[{"pref":"鹿児島県","city":"垂水市","town":"本町"}],"2124":[{"pref":"鹿児島県","city":"垂水市","town":"錦江町"}],"2125":[{"pref":"鹿児島県","city":"垂水市","town":"旭町"}],"2126":[{"pref":"鹿児島県","city":"垂水市","town":"南松原町"}],"2127":[{"pref":"鹿児島県","city":"垂水市","town":"下宮町"}],"2301":[{"pref":"鹿児島県","city":"鹿屋市","town":"有武町"}],"2302":[{"pref":"鹿児島県","city":"鹿屋市","town":"小薄町"}],"2303":[{"pref":"鹿児島県","city":"鹿屋市","town":"海道町"}],"2304":[{"pref":"鹿児島県","city":"鹿屋市","town":"花岡町"}],"2305":[{"pref":"鹿児島県","city":"鹿屋市","town":"根木原町"}],"2306":[{"pref":"鹿児島県","city":"鹿屋市","town":"花里町"}],"2311":[{"pref":"鹿児島県","city":"鹿屋市","town":"白水町"}],"2312":[{"pref":"鹿児島県","city":"鹿屋市","town":"小野原町"}],"2313":[{"pref":"鹿児島県","city":"鹿屋市","town":"天神町"}],"2314":[{"pref":"鹿児島県","city":"鹿屋市","town":"船間町"}],"2321":[{"pref":"鹿児島県","city":"鹿屋市","town":"古江町"}],"2322":[{"pref":"鹿児島県","city":"鹿屋市","town":"古里町"}],"3100":[{"pref":"鹿児島県","city":"西之表市","town":"以下に掲載がない場合"}],"3101":[{"pref":"鹿児島県","city":"西之表市","town":"西之表"}],"3102":[{"pref":"鹿児島県","city":"西之表市","town":"安納（１～３０４８、４９０１～４９３０番地）"}],"3103":[{"pref":"鹿児島県","city":"西之表市","town":"現和"}],"3104":[{"pref":"鹿児島県","city":"西之表市","town":"住吉"}],"3111":[{"pref":"鹿児島県","city":"西之表市","town":"西町"}],"3112":[{"pref":"鹿児島県","city":"西之表市","town":"栄町"}],"3113":[{"pref":"鹿児島県","city":"西之表市","town":"東町"}],"3114":[{"pref":"鹿児島県","city":"西之表市","town":"池田"}],"3115":[{"pref":"鹿児島県","city":"西之表市","town":"天神町"}],"3116":[{"pref":"鹿児島県","city":"西之表市","town":"鴨女町"}],"3117":[{"pref":"鹿児島県","city":"西之表市","town":"桜が丘"}],"3118":[{"pref":"鹿児島県","city":"西之表市","town":"馬毛島"}],"3202":[{"pref":"鹿児島県","city":"西之表市","town":"安納（その他）"}],"3221":[{"pref":"鹿児島県","city":"西之表市","town":"伊関"}],"3222":[{"pref":"鹿児島県","city":"西之表市","town":"国上"}],"3431":[{"pref":"鹿児島県","city":"西之表市","town":"古田"}],"3432":[{"pref":"鹿児島県","city":"西之表市","town":"安城"}],"3600":[{"pref":"鹿児島県","city":"熊毛郡中種子町","town":"以下に掲載がない場合"}],"3601":[{"pref":"鹿児島県","city":"熊毛郡中種子町","town":"納官"}],"3602":[{"pref":"鹿児島県","city":"熊毛郡中種子町","town":"牧川"}],"3603":[{"pref":"鹿児島県","city":"熊毛郡中種子町","town":"増田"}],"3604":[{"pref":"鹿児島県","city":"熊毛郡中種子町","town":"野間"}],"3605":[{"pref":"鹿児島県","city":"熊毛郡中種子町","town":"油久"}],"3606":[{"pref":"鹿児島県","city":"熊毛郡中種子町","town":"坂井"}],"3607":[{"pref":"鹿児島県","city":"熊毛郡中種子町","town":"田島"}],"3700":[{"pref":"鹿児島県","city":"熊毛郡南種子町","town":"以下に掲載がない場合"}],"3701":[{"pref":"鹿児島県","city":"熊毛郡南種子町","town":"中之上"}],"3702":[{"pref":"鹿児島県","city":"熊毛郡南種子町","town":"平山"}],"3703":[{"pref":"鹿児島県","city":"熊毛郡南種子町","town":"茎永"}],"3704":[{"pref":"鹿児島県","city":"熊毛郡南種子町","town":"中之下"}],"3705":[{"pref":"鹿児島県","city":"熊毛郡南種子町","town":"西之"}],"3706":[{"pref":"鹿児島県","city":"熊毛郡南種子町","town":"島間"}],"4200":[{"pref":"鹿児島県","city":"熊毛郡屋久島町","town":"以下に掲載がない場合"}],"4201":[{"pref":"鹿児島県","city":"熊毛郡屋久島町","town":"永田"}],"4202":[{"pref":"鹿児島県","city":"熊毛郡屋久島町","town":"吉田"}],"4203":[{"pref":"鹿児島県","city":"熊毛郡屋久島町","town":"一湊"}],"4204":[{"pref":"鹿児島県","city":"熊毛郡屋久島町","town":"志戸子"}],"4205":[{"pref":"鹿児島県","city":"熊毛郡屋久島町","town":"宮之浦"}],"4206":[{"pref":"鹿児島県","city":"熊毛郡屋久島町","town":"楠川"}],"4207":[{"pref":"鹿児島県","city":"熊毛郡屋久島町","town":"小瀬田"}],"4208":[{"pref":"鹿児島県","city":"熊毛郡屋久島町","town":"口永良部島"}],"4311":[{"pref":"鹿児島県","city":"熊毛郡屋久島町","town":"安房"}],"4312":[{"pref":"鹿児島県","city":"熊毛郡屋久島町","town":"船行"}],"4401":[{"pref":"鹿児島県","city":"熊毛郡屋久島町","town":"麦生（高平）"}],"4402":[{"pref":"鹿児島県","city":"熊毛郡屋久島町","town":"麦生（その他）"}],"4403":[{"pref":"鹿児島県","city":"熊毛郡屋久島町","town":"原"}],"4404":[{"pref":"鹿児島県","city":"熊毛郡屋久島町","town":"尾之間"}],"4405":[{"pref":"鹿児島県","city":"熊毛郡屋久島町","town":"小島"}],"4406":[{"pref":"鹿児島県","city":"熊毛郡屋久島町","town":"平内"}],"4407":[{"pref":"鹿児島県","city":"熊毛郡屋久島町","town":"湯泊"}],"4408":[{"pref":"鹿児島県","city":"熊毛郡屋久島町","town":"中間"}],"4409":[{"pref":"鹿児島県","city":"熊毛郡屋久島町","town":"栗生"}],"5101":[{"pref":"鹿児島県","city":"鹿児島郡十島村","town":"口之島"}],"5200":[{"pref":"鹿児島県","city":"鹿児島郡十島村","town":"以下に掲載がない場合"}],"5201":[{"pref":"鹿児島県","city":"鹿児島郡十島村","town":"中之島"}],"5202":[{"pref":"鹿児島県","city":"鹿児島郡十島村","town":"平島"}],"5203":[{"pref":"鹿児島県","city":"鹿児島郡十島村","town":"諏訪之瀬島"}],"5204":[{"pref":"鹿児島県","city":"鹿児島郡十島村","town":"悪石島"}],"5205":[{"pref":"鹿児島県","city":"鹿児島郡十島村","town":"小宝島"}],"5301":[{"pref":"鹿児島県","city":"鹿児島郡十島村","town":"宝島"}],"6141":[{"pref":"鹿児島県","city":"大島郡喜界町","town":"伊実久"}],"6142":[{"pref":"鹿児島県","city":"大島郡喜界町","town":"小野津"}],"6143":[{"pref":"鹿児島県","city":"大島郡喜界町","town":"志戸桶"}],"6144":[{"pref":"鹿児島県","city":"大島郡喜界町","town":"佐手久"}],"6151":[{"pref":"鹿児島県","city":"大島郡喜界町","town":"塩道"}],"6152":[{"pref":"鹿児島県","city":"大島郡喜界町","town":"早町"}],"6153":[{"pref":"鹿児島県","city":"大島郡喜界町","town":"長嶺"}],"6154":[{"pref":"鹿児島県","city":"大島郡喜界町","town":"白水"}],"6161":[{"pref":"鹿児島県","city":"大島郡喜界町","town":"嘉鈍"}],"6162":[{"pref":"鹿児島県","city":"大島郡喜界町","town":"阿伝"}],"6163":[{"pref":"鹿児島県","city":"大島郡喜界町","town":"花良治（蒲生）"}],"6164":[{"pref":"鹿児島県","city":"大島郡喜界町","town":"花良治"}],"6200":[{"pref":"鹿児島県","city":"大島郡喜界町","town":"以下に掲載がない場合"}],"6201":[{"pref":"鹿児島県","city":"大島郡喜界町","town":"赤連"}],"6202":[{"pref":"鹿児島県","city":"大島郡喜界町","town":"湾"}],"6203":[{"pref":"鹿児島県","city":"大島郡喜界町","town":"中里"}],"6211":[{"pref":"鹿児島県","city":"大島郡喜界町","town":"中間"}],"6212":[{"pref":"鹿児島県","city":"大島郡喜界町","town":"中熊（先内）"}],"6213":[{"pref":"鹿児島県","city":"大島郡喜界町","town":"大朝戸"}],"6214":[{"pref":"鹿児島県","city":"大島郡喜界町","town":"西目"}],"6215":[{"pref":"鹿児島県","city":"大島郡喜界町","town":"中熊"}],"6216":[{"pref":"鹿児島県","city":"大島郡喜界町","town":"坂嶺"}],"6217":[{"pref":"鹿児島県","city":"大島郡喜界町","town":"伊砂"}],"6221":[{"pref":"鹿児島県","city":"大島郡喜界町","town":"池治"}],"6222":[{"pref":"鹿児島県","city":"大島郡喜界町","town":"島中"}],"6223":[{"pref":"鹿児島県","city":"大島郡喜界町","town":"滝川"}],"6224":[{"pref":"鹿児島県","city":"大島郡喜界町","town":"城久"}],"6225":[{"pref":"鹿児島県","city":"大島郡喜界町","town":"山田"}],"6226":[{"pref":"鹿児島県","city":"大島郡喜界町","town":"羽里"}],"6227":[{"pref":"鹿児島県","city":"大島郡喜界町","town":"川嶺"}],"6228":[{"pref":"鹿児島県","city":"大島郡喜界町","town":"浦原"}],"6229":[{"pref":"鹿児島県","city":"大島郡喜界町","town":"先山"}],"6231":[{"pref":"鹿児島県","city":"大島郡喜界町","town":"荒木"}],"6232":[{"pref":"鹿児島県","city":"大島郡喜界町","town":"手久津久"}],"6233":[{"pref":"鹿児島県","city":"大島郡喜界町","town":"上嘉鉄"}],"7100":[{"pref":"鹿児島県","city":"大島郡徳之島町","town":"以下に掲載がない場合"}],"7101":[{"pref":"鹿児島県","city":"大島郡徳之島町","town":"亀津"}],"7102":[{"pref":"鹿児島県","city":"大島郡徳之島町","town":"亀徳"}],"7103":[{"pref":"鹿児島県","city":"大島郡徳之島町","town":"南原"}],"7104":[{"pref":"鹿児島県","city":"大島郡徳之島町","town":"尾母"}],"7105":[{"pref":"鹿児島県","city":"大島郡徳之島町","town":"白井"}],"7111":[{"pref":"鹿児島県","city":"大島郡徳之島町","town":"徳和瀬"}],"7112":[{"pref":"鹿児島県","city":"大島郡徳之島町","town":"諸田"}],"7113":[{"pref":"鹿児島県","city":"大島郡徳之島町","town":"神之嶺"}],"7114":[{"pref":"鹿児島県","city":"大島郡徳之島町","town":"井之川"}],"7115":[{"pref":"鹿児島県","city":"大島郡徳之島町","town":"下久志"}],"7116":[{"pref":"鹿児島県","city":"大島郡徳之島町","town":"旭ケ丘"}],"7421":[{"pref":"鹿児島県","city":"大島郡徳之島町","town":"手々"}],"7422":[{"pref":"鹿児島県","city":"大島郡徳之島町","town":"金見"}],"7423":[{"pref":"鹿児島県","city":"大島郡徳之島町","town":"山"}],"7424":[{"pref":"鹿児島県","city":"大島郡徳之島町","town":"轟木"}],"7425":[{"pref":"鹿児島県","city":"大島郡徳之島町","town":"花徳"}],"7426":[{"pref":"鹿児島県","city":"大島郡徳之島町","town":"母間"}],"7600":[{"pref":"鹿児島県","city":"大島郡天城町","town":"以下に掲載がない場合"}],"7601":[{"pref":"鹿児島県","city":"大島郡天城町","town":"与名間"}],"7602":[{"pref":"鹿児島県","city":"大島郡天城町","town":"松原"}],"7603":[{"pref":"鹿児島県","city":"大島郡天城町","town":"岡前"}],"7604":[{"pref":"鹿児島県","city":"大島郡天城町","town":"前野"}],"7605":[{"pref":"鹿児島県","city":"大島郡天城町","town":"浅間"}],"7611":[{"pref":"鹿児島県","city":"大島郡天城町","town":"天城"}],"7612":[{"pref":"鹿児島県","city":"大島郡天城町","town":"平土野"}],"7621":[{"pref":"鹿児島県","city":"大島郡天城町","town":"兼久"}],"7622":[{"pref":"鹿児島県","city":"大島郡天城町","town":"大津川"}],"7623":[{"pref":"鹿児島県","city":"大島郡天城町","town":"瀬滝"}],"7624":[{"pref":"鹿児島県","city":"大島郡天城町","town":"当部"}],"7731":[{"pref":"鹿児島県","city":"大島郡天城町","town":"西阿木名"}],"8111":[{"pref":"鹿児島県","city":"大島郡伊仙町","town":"喜念"}],"8112":[{"pref":"鹿児島県","city":"大島郡伊仙町","town":"佐弁"}],"8113":[{"pref":"鹿児島県","city":"大島郡伊仙町","town":"目手久"}],"8114":[{"pref":"鹿児島県","city":"大島郡伊仙町","town":"面縄"}],"8115":[{"pref":"鹿児島県","city":"大島郡伊仙町","town":"古里"}],"8116":[{"pref":"鹿児島県","city":"大島郡伊仙町","town":"検福（その他）"}],"8117":[{"pref":"鹿児島県","city":"大島郡伊仙町","town":"中山"}],"8201":[{"pref":"鹿児島県","city":"大島郡伊仙町","town":"伊仙"}],"8216":[{"pref":"鹿児島県","city":"大島郡伊仙町","town":"検福（４１６～５１６番地）"}],"8221":[{"pref":"鹿児島県","city":"大島郡伊仙町","town":"阿三（７９９の１～８６７番地）"}],"8300":[{"pref":"鹿児島県","city":"大島郡伊仙町","town":"以下に掲載がない場合"}],"8321":[{"pref":"鹿児島県","city":"大島郡伊仙町","town":"阿三（その他）"}],"8322":[{"pref":"鹿児島県","city":"大島郡伊仙町","town":"阿権"}],"8323":[{"pref":"鹿児島県","city":"大島郡伊仙町","town":"木之香"}],"8324":[{"pref":"鹿児島県","city":"大島郡伊仙町","town":"糸木名"}],"8325":[{"pref":"鹿児島県","city":"大島郡伊仙町","town":"八重竿"}],"8326":[{"pref":"鹿児島県","city":"大島郡伊仙町","town":"馬根"}],"8327":[{"pref":"鹿児島県","city":"大島郡伊仙町","town":"犬田布"}],"8328":[{"pref":"鹿児島県","city":"大島郡伊仙町","town":"崎原"}],"8329":[{"pref":"鹿児島県","city":"大島郡伊仙町","town":"小島"}],"9100":[{"pref":"鹿児島県","city":"大島郡和泊町","town":"以下に掲載がない場合"}],"9101":[{"pref":"鹿児島県","city":"大島郡和泊町","town":"国頭"}],"9102":[{"pref":"鹿児島県","city":"大島郡和泊町","town":"喜美留"}],"9103":[{"pref":"鹿児島県","city":"大島郡和泊町","town":"出花"}],"9104":[{"pref":"鹿児島県","city":"大島郡和泊町","town":"西原"}],"9111":[{"pref":"鹿児島県","city":"大島郡和泊町","town":"手々知名"}],"9112":[{"pref":"鹿児島県","city":"大島郡和泊町","town":"和泊"}],"9113":[{"pref":"鹿児島県","city":"大島郡和泊町","town":"和"}],"9114":[{"pref":"鹿児島県","city":"大島郡和泊町","town":"畦布"}],"9115":[{"pref":"鹿児島県","city":"大島郡和泊町","town":"伊延"}],"9116":[{"pref":"鹿児島県","city":"大島郡和泊町","town":"上手々知名"}],"9121":[{"pref":"鹿児島県","city":"大島郡和泊町","town":"根折"}],"9122":[{"pref":"鹿児島県","city":"大島郡和泊町","town":"玉城"}],"9123":[{"pref":"鹿児島県","city":"大島郡和泊町","town":"皆川"}],"9124":[{"pref":"鹿児島県","city":"大島郡和泊町","town":"古里"}],"9125":[{"pref":"鹿児島県","city":"大島郡和泊町","town":"大城"}],"9131":[{"pref":"鹿児島県","city":"大島郡和泊町","town":"内城"}],"9132":[{"pref":"鹿児島県","city":"大島郡和泊町","town":"後蘭"}],"9133":[{"pref":"鹿児島県","city":"大島郡和泊町","town":"谷山"}],"9134":[{"pref":"鹿児島県","city":"大島郡和泊町","town":"仁志"}],"9135":[{"pref":"鹿児島県","city":"大島郡和泊町","town":"永嶺"}],"9136":[{"pref":"鹿児島県","city":"大島郡和泊町","town":"瀬名"}],"9200":[{"pref":"鹿児島県","city":"大島郡知名町","town":"以下に掲載がない場合"}],"9201":[{"pref":"鹿児島県","city":"大島郡知名町","town":"余多"}],"9202":[{"pref":"鹿児島県","city":"大島郡知名町","town":"屋者"}],"9203":[{"pref":"鹿児島県","city":"大島郡知名町","town":"下平川"}],"9204":[{"pref":"鹿児島県","city":"大島郡知名町","town":"上平川"}],"9205":[{"pref":"鹿児島県","city":"大島郡知名町","town":"久志検"}],"9206":[{"pref":"鹿児島県","city":"大島郡知名町","town":"赤嶺"}],"9207":[{"pref":"鹿児島県","city":"大島郡知名町","town":"竿津"}],"9211":[{"pref":"鹿児島県","city":"大島郡知名町","town":"芦清良"}],"9212":[{"pref":"鹿児島県","city":"大島郡知名町","town":"黒貫"}],"9213":[{"pref":"鹿児島県","city":"大島郡知名町","town":"瀬利覚"}],"9214":[{"pref":"鹿児島県","city":"大島郡知名町","town":"知名"}],"9215":[{"pref":"鹿児島県","city":"大島郡知名町","town":"屋子母"}],"9221":[{"pref":"鹿児島県","city":"大島郡知名町","town":"大津勘"}],"9222":[{"pref":"鹿児島県","city":"大島郡知名町","town":"徳時"}],"9223":[{"pref":"鹿児島県","city":"大島郡知名町","town":"住吉"}],"9224":[{"pref":"鹿児島県","city":"大島郡知名町","town":"正名"}],"9231":[{"pref":"鹿児島県","city":"大島郡知名町","town":"田皆"}],"9232":[{"pref":"鹿児島県","city":"大島郡知名町","town":"新城"}],"9233":[{"pref":"鹿児島県","city":"大島郡知名町","town":"下城"}],"9234":[{"pref":"鹿児島県","city":"大島郡知名町","town":"上城"}],"9300":[{"pref":"鹿児島県","city":"大島郡与論町","town":"以下に掲載がない場合"}],"9301":[{"pref":"鹿児島県","city":"大島郡与論町","town":"茶花"}],"9302":[{"pref":"鹿児島県","city":"大島郡与論町","town":"立長"}],"9303":[{"pref":"鹿児島県","city":"大島郡与論町","town":"城"}],"9304":[{"pref":"鹿児島県","city":"大島郡与論町","town":"朝戸"}],"9305":[{"pref":"鹿児島県","city":"大島郡与論町","town":"西区"}],"9306":[{"pref":"鹿児島県","city":"大島郡与論町","town":"東区"}],"9307":[{"pref":"鹿児島県","city":"大島郡与論町","town":"古里"}],"9308":[{"pref":"鹿児島県","city":"大島郡与論町","town":"那間"}],"9309":[{"pref":"鹿児島県","city":"大島郡与論町","town":"叶"}],"0112":[{"pref":"鹿児島県","city":"鹿児島市","town":"魚見町"}],"0111":[{"pref":"鹿児島県","city":"鹿児島市","town":"小原町"}],"0123":[{"pref":"鹿児島県","city":"鹿児島市","town":"卸本町"}],"0116":[{"pref":"鹿児島県","city":"鹿児島市","town":"上福元町"}],"0201":[{"pref":"鹿児島県","city":"鹿児島市","town":"喜入瀬々串町"}],"0202":[{"pref":"鹿児島県","city":"鹿児島市","town":"喜入中名町"}],"0206":[{"pref":"鹿児島県","city":"鹿児島市","town":"喜入生見町"}],"0204":[{"pref":"鹿児島県","city":"鹿児島市","town":"喜入一倉町"}],"0205":[{"pref":"鹿児島県","city":"鹿児島市","town":"喜入前之浜町"}],"0203":[{"pref":"鹿児島県","city":"鹿児島市","town":"喜入町"}],"0107":[{"pref":"鹿児島県","city":"鹿児島市","town":"希望ケ丘町"}],"0145":[{"pref":"鹿児島県","city":"鹿児島市","town":"錦江台"}],"0103":[{"pref":"鹿児島県","city":"鹿児島市","town":"皇徳寺台"}],"0101":[{"pref":"鹿児島県","city":"鹿児島市","town":"五ケ別府町"}],"0114":[{"pref":"鹿児島県","city":"鹿児島市","town":"小松原"}],"0150":[{"pref":"鹿児島県","city":"鹿児島市","town":"坂之上"}],"0175":[{"pref":"鹿児島県","city":"鹿児島市","town":"桜ケ丘（１～６丁目）"}],"0146":[{"pref":"鹿児島県","city":"鹿児島市","town":"慈眼寺町"}],"0144":[{"pref":"鹿児島県","city":"鹿児島市","town":"下福元町"}],"0106":[{"pref":"鹿児島県","city":"鹿児島市","town":"自由ケ丘"}],"0109":[{"pref":"鹿児島県","city":"鹿児島市","town":"清和"}],"0131":[{"pref":"鹿児島県","city":"鹿児島市","town":"谷山港"}],"0141":[{"pref":"鹿児島県","city":"鹿児島市","town":"谷山中央"}],"0108":[{"pref":"鹿児島県","city":"鹿児島市","town":"中山"}],"0105":[{"pref":"鹿児島県","city":"鹿児島市","town":"中山町"}],"0115":[{"pref":"鹿児島県","city":"鹿児島市","town":"東開町"}],"0132":[{"pref":"鹿児島県","city":"鹿児島市","town":"七ツ島"}],"0122":[{"pref":"鹿児島県","city":"鹿児島市","town":"南栄"}],"0117":[{"pref":"鹿児島県","city":"鹿児島市","town":"西谷山"}],"0113":[{"pref":"鹿児島県","city":"鹿児島市","town":"東谷山"}],"0151":[{"pref":"鹿児島県","city":"鹿児島市","town":"光山"}],"0133":[{"pref":"鹿児島県","city":"鹿児島市","town":"平川町"}],"0102":[{"pref":"鹿児島県","city":"鹿児島市","town":"星ケ峯"}],"0104":[{"pref":"鹿児島県","city":"鹿児島市","town":"山田町"}],"0143":[{"pref":"鹿児島県","city":"鹿児島市","town":"和田"}],"0400":[{"pref":"鹿児島県","city":"指宿市","town":"以下に掲載がない場合"}],"0312":[{"pref":"鹿児島県","city":"指宿市","town":"池田"}],"0315":[{"pref":"鹿児島県","city":"指宿市","town":"岩本"}],"0401":[{"pref":"鹿児島県","city":"指宿市","town":"大牟礼"}],"0601":[{"pref":"鹿児島県","city":"指宿市","town":"開聞上野"}],"0602":[{"pref":"鹿児島県","city":"指宿市","town":"開聞川尻"}],"0603":[{"pref":"鹿児島県","city":"指宿市","town":"開聞十町"}],"0604":[{"pref":"鹿児島県","city":"指宿市","town":"開聞仙田"}],"0314":[{"pref":"鹿児島県","city":"指宿市","town":"小牧"}],"0403":[{"pref":"鹿児島県","city":"指宿市","town":"十二町"}],"0402":[{"pref":"鹿児島県","city":"指宿市","town":"十町"}],"0313":[{"pref":"鹿児島県","city":"指宿市","town":"新西方"}],"0311":[{"pref":"鹿児島県","city":"指宿市","town":"西方"}],"0304":[{"pref":"鹿児島県","city":"指宿市","town":"東方（６００～５９７４、５９７６～７８１６、７８３３、７８３４、"},{"pref":"鹿児島県","city":"指宿市","town":"１０６０３～１１０１５）"}],"0404":[{"pref":"鹿児島県","city":"指宿市","town":"東方（その他）"}],"0405":[{"pref":"鹿児島県","city":"指宿市","town":"湊"}],"0502":[{"pref":"鹿児島県","city":"指宿市","town":"山川朝日町"}],"0507":[{"pref":"鹿児島県","city":"指宿市","town":"山川入船町"}],"0614":[{"pref":"鹿児島県","city":"指宿市","town":"山川大山（１４００～１７１７番）"}],"0514":[{"pref":"鹿児島県","city":"指宿市","town":"山川大山（その他）"}],"0513":[{"pref":"鹿児島県","city":"指宿市","town":"山川岡児ケ水"}],"0515":[{"pref":"鹿児島県","city":"指宿市","town":"山川小川"}],"0506":[{"pref":"鹿児島県","city":"指宿市","town":"山川金生町"}],"0503":[{"pref":"鹿児島県","city":"指宿市","town":"山川潮見町"}],"0501":[{"pref":"鹿児島県","city":"指宿市","town":"山川新栄町"}],"0504":[{"pref":"鹿児島県","city":"指宿市","town":"山川新生町"}],"0621":[{"pref":"鹿児島県","city":"指宿市","town":"山川利永"}],"0516":[{"pref":"鹿児島県","city":"指宿市","town":"山川成川"}],"0512":[{"pref":"鹿児島県","city":"指宿市","town":"山川浜児ケ水"}],"0511":[{"pref":"鹿児島県","city":"指宿市","town":"山川福元"}],"0505":[{"pref":"鹿児島県","city":"指宿市","town":"山川山下町"}],"0406":[{"pref":"鹿児島県","city":"指宿市","town":"湯の浜"}],"0705":[{"pref":"鹿児島県","city":"南九州市","town":"頴娃町上別府"}],"0701":[{"pref":"鹿児島県","city":"南九州市","town":"頴娃町郡"}],"0703":[{"pref":"鹿児島県","city":"南九州市","town":"頴娃町御領"}],"0704":[{"pref":"鹿児島県","city":"南九州市","town":"頴娃町別府"}],"0702":[{"pref":"鹿児島県","city":"南九州市","town":"頴娃町牧之内"}],"0911":[{"pref":"鹿児島県","city":"南九州市","town":"知覧町塩屋"}],"0912":[{"pref":"鹿児島県","city":"南九州市","town":"知覧町南別府"}]}