{"0822":[{"pref":"福岡県","city":"北九州市小倉北区","town":"青葉"}],"0833":[{"pref":"福岡県","city":"北九州市小倉北区","town":"朝日ケ丘"}],"0828":[{"pref":"福岡県","city":"北九州市小倉北区","town":"愛宕"}],"0842":[{"pref":"福岡県","city":"北九州市小倉北区","town":"泉台"}],"0824":[{"pref":"福岡県","city":"北九州市小倉北区","town":"板櫃町"}],"0835":[{"pref":"福岡県","city":"北九州市小倉北区","town":"井堀"}],"0862":[{"pref":"福岡県","city":"北九州市小倉北区","town":"今町"}],"0821":[{"pref":"福岡県","city":"北九州市小倉北区","town":"鋳物師町"}],"0814":[{"pref":"福岡県","city":"北九州市小倉北区","town":"大手町"}],"0816":[{"pref":"福岡県","city":"北九州市小倉北区","town":"金田"}],"0845":[{"pref":"福岡県","city":"北九州市小倉北区","town":"上到津"}],"0851":[{"pref":"福岡県","city":"北九州市小倉北区","town":"木町"}],"0841":[{"pref":"福岡県","city":"北九州市小倉北区","town":"清水"}],"0843":[{"pref":"福岡県","city":"北九州市小倉北区","town":"金鶏町"}],"0864":[{"pref":"福岡県","city":"北九州市小倉北区","town":"熊谷"}],"0803":[{"pref":"福岡県","city":"北九州市小倉北区","town":"許斐町"}],"0823":[{"pref":"福岡県","city":"北九州市小倉北区","town":"菜園場"}],"0854":[{"pref":"福岡県","city":"北九州市小倉北区","town":"皿山町"}],"0861":[{"pref":"福岡県","city":"北九州市小倉北区","town":"篠崎"}],"0846":[{"pref":"福岡県","city":"北九州市小倉北区","town":"下到津"}],"0813":[{"pref":"福岡県","city":"北九州市小倉北区","town":"城内"}],"0825":[{"pref":"福岡県","city":"北九州市小倉北区","town":"白萩町"}],"0852":[{"pref":"福岡県","city":"北九州市小倉北区","town":"新高田"}],"0805":[{"pref":"福岡県","city":"北九州市小倉北区","town":"親和町"}],"0811":[{"pref":"福岡県","city":"北九州市小倉北区","town":"大門"}],"0853":[{"pref":"福岡県","city":"北九州市小倉北区","town":"高尾"}],"0838":[{"pref":"福岡県","city":"北九州市小倉北区","town":"高見台"}],"0826":[{"pref":"福岡県","city":"北九州市小倉北区","town":"高峰町"}],"0855":[{"pref":"福岡県","city":"北九州市小倉北区","town":"竪林町"}],"0818":[{"pref":"福岡県","city":"北九州市小倉北区","town":"竪町"}],"0817":[{"pref":"福岡県","city":"北九州市小倉北区","town":"田町"}],"0836":[{"pref":"福岡県","city":"北九州市小倉北区","town":"中井"}],"0837":[{"pref":"福岡県","city":"北九州市小倉北区","town":"中井口"}],"0804":[{"pref":"福岡県","city":"北九州市小倉北区","town":"中井浜"}],"0801":[{"pref":"福岡県","city":"北九州市小倉北区","town":"西港町"}],"0815":[{"pref":"福岡県","city":"北九州市小倉北区","town":"原町"}],"0831":[{"pref":"福岡県","city":"北九州市小倉北区","town":"日明"}],"0802":[{"pref":"福岡県","city":"北九州市小倉北区","town":"東港"}],"0832":[{"pref":"福岡県","city":"北九州市小倉北区","town":"平松町"}],"0856":[{"pref":"福岡県","city":"北九州市小倉北区","town":"弁天町"}],"0844":[{"pref":"福岡県","city":"北九州市小倉北区","town":"真鶴"}],"0827":[{"pref":"福岡県","city":"北九州市小倉北区","town":"緑ケ丘"}],"0863":[{"pref":"福岡県","city":"北九州市小倉北区","town":"南丘"}],"0834":[{"pref":"福岡県","city":"北九州市小倉北区","town":"都"}],"0812":[{"pref":"福岡県","city":"北九州市小倉北区","town":"室町"}],"0865":[{"pref":"福岡県","city":"北九州市小倉北区","town":"山田町"}],"0185":[{"pref":"福岡県","city":"北九州市小倉南区","town":"石原町"}],"0183":[{"pref":"福岡県","city":"北九州市小倉南区","town":"市丸"}],"0189":[{"pref":"福岡県","city":"北九州市小倉南区","town":"井手浦"}],"0261":[{"pref":"福岡県","city":"北九州市小倉南区","town":"合馬"}],"0271":[{"pref":"福岡県","city":"北九州市小倉南区","town":"長行"}],"0273":[{"pref":"福岡県","city":"北九州市小倉南区","town":"長行東"}],"0272":[{"pref":"福岡県","city":"北九州市小倉南区","town":"長行西"}],"0267":[{"pref":"福岡県","city":"北九州市小倉南区","town":"頂吉"}],"0184":[{"pref":"福岡県","city":"北九州市小倉南区","town":"木下"}],"0182":[{"pref":"福岡県","city":"北九州市小倉南区","town":"小森"}],"0186":[{"pref":"福岡県","city":"北九州市小倉南区","town":"新道寺"}],"0268":[{"pref":"福岡県","city":"北九州市小倉南区","town":"高津尾"}],"0275":[{"pref":"福岡県","city":"北九州市小倉南区","town":"高野"}],"0262":[{"pref":"福岡県","city":"北九州市小倉南区","town":"田代"}],"0263":[{"pref":"福岡県","city":"北九州市小倉南区","town":"辻三"}],"0266":[{"pref":"福岡県","city":"北九州市小倉南区","town":"道原"}],"0276":[{"pref":"福岡県","city":"北九州市小倉南区","town":"徳吉"}],"0277":[{"pref":"福岡県","city":"北九州市小倉南区","town":"徳吉東"}],"0278":[{"pref":"福岡県","city":"北九州市小倉南区","town":"徳吉西"}],"0279":[{"pref":"福岡県","city":"北九州市小倉南区","town":"徳吉南"}],"0274":[{"pref":"福岡県","city":"北九州市小倉南区","town":"長尾"}],"0265":[{"pref":"福岡県","city":"北九州市小倉南区","town":"春吉"}],"0180":[{"pref":"福岡県","city":"北九州市小倉南区","town":"平尾台"}],"0187":[{"pref":"福岡県","city":"北九州市小倉南区","town":"母原"}],"0188":[{"pref":"福岡県","city":"北九州市小倉南区","town":"母原（紫水団地）"}],"0264":[{"pref":"福岡県","city":"北九州市小倉南区","town":"山本"}],"0181":[{"pref":"福岡県","city":"北九州市小倉南区","town":"呼野"}]}