{"0801":[{"pref":"熊本県","city":"熊本市中央区","town":"安政町"}],"0841":[{"pref":"熊本県","city":"熊本市中央区","town":"井川淵町"}],"0043":[{"pref":"熊本県","city":"熊本市中央区","town":"板屋町"}],"0031":[{"pref":"熊本県","city":"熊本市中央区","town":"魚屋町"}],"0077":[{"pref":"熊本県","city":"熊本市中央区","town":"内坪井町"}],"0026":[{"pref":"熊本県","city":"熊本市中央区","town":"鍛冶屋町"}],"0021":[{"pref":"熊本県","city":"熊本市中央区","town":"上鍛冶屋町"}],"0845":[{"pref":"熊本県","city":"熊本市中央区","town":"上通町"}],"0847":[{"pref":"熊本県","city":"熊本市中央区","town":"上林町"}],"0804":[{"pref":"熊本県","city":"熊本市中央区","town":"辛島町"}],"0039":[{"pref":"熊本県","city":"熊本市中央区","town":"川端町"}],"0023":[{"pref":"熊本県","city":"熊本市中央区","town":"河原町"}],"0855":[{"pref":"熊本県","city":"熊本市中央区","town":"北千反畑町"}],"0078":[{"pref":"熊本県","city":"熊本市中央区","town":"京町"}],"0081":[{"pref":"熊本県","city":"熊本市中央区","town":"京町本丁"},{"pref":"熊本県","city":"熊本市西区","town":"京町本丁"}],"0843":[{"pref":"熊本県","city":"熊本市中央区","town":"草葉町"}],"0862":[{"pref":"熊本県","city":"熊本市中央区","town":"黒髪"},{"pref":"熊本県","city":"熊本市北区","town":"黒髪"}],"0014":[{"pref":"熊本県","city":"熊本市中央区","town":"慶徳堀町"}],"0033":[{"pref":"熊本県","city":"熊本市中央区","town":"紺屋阿弥陀寺町"}],"0012":[{"pref":"熊本県","city":"熊本市中央区","town":"紺屋今町"}],"0025":[{"pref":"熊本県","city":"熊本市中央区","town":"紺屋町"}],"0851":[{"pref":"熊本県","city":"熊本市中央区","town":"子飼本町"}],"0042":[{"pref":"熊本県","city":"熊本市中央区","town":"小沢町"}],"0003":[{"pref":"熊本県","city":"熊本市中央区","town":"古城町"}],"0076":[{"pref":"熊本県","city":"熊本市中央区","town":"壺川"}],"0813":[{"pref":"熊本県","city":"熊本市中央区","town":"琴平"}],"0814":[{"pref":"熊本県","city":"熊本市中央区","town":"琴平本町"}],"0035":[{"pref":"熊本県","city":"熊本市中央区","town":"呉服町"}],"0029":[{"pref":"熊本県","city":"熊本市中央区","town":"米屋町"}],"0041":[{"pref":"熊本県","city":"熊本市中央区","town":"細工町"}],"0805":[{"pref":"熊本県","city":"熊本市中央区","town":"桜町"}],"0073":[{"pref":"熊本県","city":"熊本市中央区","town":"島崎"},{"pref":"熊本県","city":"熊本市西区","town":"島崎"}],"0807":[{"pref":"熊本県","city":"熊本市中央区","town":"下通"}],"0824":[{"pref":"熊本県","city":"熊本市中央区","town":"十禅寺"},{"pref":"熊本県","city":"熊本市南区","town":"十禅寺"}],"0825":[{"pref":"熊本県","city":"熊本市中央区","town":"十禅寺町"}],"0846":[{"pref":"熊本県","city":"熊本市中央区","town":"城東町"}],"0011":[{"pref":"熊本県","city":"熊本市中央区","town":"新鍛冶屋町"}],"0803":[{"pref":"熊本県","city":"熊本市中央区","town":"新市街"}],"0004":[{"pref":"熊本県","city":"熊本市中央区","town":"新町"}],"0844":[{"pref":"熊本県","city":"熊本市中央区","town":"水道町"}],"0019":[{"pref":"熊本県","city":"熊本市中央区","town":"船場町"}],"0018":[{"pref":"熊本県","city":"熊本市中央区","town":"船場町下"}],"0006":[{"pref":"熊本県","city":"熊本市中央区","town":"段山本町"}],"0001":[{"pref":"熊本県","city":"熊本市中央区","town":"千葉城町"}],"0802":[{"pref":"熊本県","city":"熊本市中央区","town":"中央街"}],"0863":[{"pref":"熊本県","city":"熊本市中央区","town":"坪井"}],"0808":[{"pref":"熊本県","city":"熊本市中央区","town":"手取本町"}],"0013":[{"pref":"熊本県","city":"熊本市中央区","town":"通町"}],"0028":[{"pref":"熊本県","city":"熊本市中央区","town":"中唐人町"}],"0037":[{"pref":"熊本県","city":"熊本市中央区","town":"西阿弥陀寺町"}],"0853":[{"pref":"熊本県","city":"熊本市中央区","town":"西子飼町"}],"0027":[{"pref":"熊本県","city":"熊本市中央区","town":"西唐人町"}],"0008":[{"pref":"熊本県","city":"熊本市中央区","town":"二の丸"}],"0832":[{"pref":"熊本県","city":"熊本市中央区","town":"萩原町"}],"0831":[{"pref":"熊本県","city":"熊本市中央区","town":"八王寺町"},{"pref":"熊本県","city":"熊本市南区","town":"八王寺町"}],"0806":[{"pref":"熊本県","city":"熊本市中央区","town":"花畑町"}],"0815":[{"pref":"熊本県","city":"熊本市中央区","town":"春竹町"}],"0034":[{"pref":"熊本県","city":"熊本市中央区","town":"東阿弥陀寺町"}],"0854":[{"pref":"熊本県","city":"熊本市中央区","town":"東子飼町"}],"0038":[{"pref":"熊本県","city":"熊本市中央区","town":"古桶屋町"}],"0015":[{"pref":"熊本県","city":"熊本市中央区","town":"古川町"}],"0007":[{"pref":"熊本県","city":"熊本市中央区","town":"古京町"}],"0036":[{"pref":"熊本県","city":"熊本市中央区","town":"古大工町"}],"0833":[{"pref":"熊本県","city":"熊本市中央区","town":"平成"},{"pref":"熊本県","city":"熊本市南区","town":"平成"}],"0811":[{"pref":"熊本県","city":"熊本市中央区","town":"本荘"}],"0816":[{"pref":"熊本県","city":"熊本市中央区","town":"本荘町"}],"0002":[{"pref":"熊本県","city":"熊本市中央区","town":"本丸"}],"0024":[{"pref":"熊本県","city":"熊本市中央区","town":"松原町"}],"0812":[{"pref":"熊本県","city":"熊本市中央区","town":"南熊本"}],"0842":[{"pref":"熊本県","city":"熊本市中央区","town":"南千反畑町"}],"0848":[{"pref":"熊本県","city":"熊本市中央区","town":"南坪井町"}],"0005":[{"pref":"熊本県","city":"熊本市中央区","town":"宮内"}],"0856":[{"pref":"熊本県","city":"熊本市中央区","town":"妙体寺町"}],"0817":[{"pref":"熊本県","city":"熊本市中央区","town":"迎町"}],"0821":[{"pref":"熊本県","city":"熊本市中央区","town":"本山"}],"0822":[{"pref":"熊本県","city":"熊本市中央区","town":"本山町"}],"0852":[{"pref":"熊本県","city":"熊本市中央区","town":"薬園町"}],"0016":[{"pref":"熊本県","city":"熊本市中央区","town":"山崎町"}],"0818":[{"pref":"熊本県","city":"熊本市中央区","town":"弥生町"}],"0022":[{"pref":"熊本県","city":"熊本市中央区","town":"横紺屋町"}],"0046":[{"pref":"熊本県","city":"熊本市中央区","town":"横手"},{"pref":"熊本県","city":"熊本市西区","town":"横手"}],"0827":[{"pref":"熊本県","city":"熊本市中央区","town":"世安"}],"0823":[{"pref":"熊本県","city":"熊本市中央区","town":"世安町"}],"0032":[{"pref":"熊本県","city":"熊本市中央区","town":"万町"}],"0017":[{"pref":"熊本県","city":"熊本市中央区","town":"練兵町"}],"0071":[{"pref":"熊本県","city":"熊本市西区","town":"池亀町"}],"0082":[{"pref":"熊本県","city":"熊本市西区","town":"池田"},{"pref":"熊本県","city":"熊本市北区","town":"池田"}],"0048":[{"pref":"熊本県","city":"熊本市西区","town":"池上町"}],"0047":[{"pref":"熊本県","city":"熊本市西区","town":"春日"}],"0079":[{"pref":"熊本県","city":"熊本市西区","town":"上熊本"}],"0068":[{"pref":"熊本県","city":"熊本市西区","town":"上代"}],"0061":[{"pref":"熊本県","city":"熊本市西区","town":"上高橋"}],"0067":[{"pref":"熊本県","city":"熊本市西区","town":"城山大塘"}],"0063":[{"pref":"熊本県","city":"熊本市西区","town":"城山上代町"}],"0066":[{"pref":"熊本県","city":"熊本市西区","town":"城山下代"}],"0064":[{"pref":"熊本県","city":"熊本市西区","town":"城山半田"}],"0065":[{"pref":"熊本県","city":"熊本市西区","town":"城山薬師"}],"0056":[{"pref":"熊本県","city":"熊本市西区","town":"新土河原"}],"0062":[{"pref":"熊本県","city":"熊本市西区","town":"高橋町"}],"0053":[{"pref":"熊本県","city":"熊本市西区","town":"田崎"}],"0052":[{"pref":"熊本県","city":"熊本市西区","town":"田崎本町"}],"0058":[{"pref":"熊本県","city":"熊本市西区","town":"田崎町"}],"0044":[{"pref":"熊本県","city":"熊本市西区","town":"谷尾崎町"}],"0088":[{"pref":"熊本県","city":"熊本市西区","town":"津浦町"},{"pref":"熊本県","city":"熊本市北区","town":"津浦町"}],"0074":[{"pref":"熊本県","city":"熊本市西区","town":"出町"}],"0045":[{"pref":"熊本県","city":"熊本市西区","town":"戸坂町"}],"0051":[{"pref":"熊本県","city":"熊本市西区","town":"二本木"}],"0059":[{"pref":"熊本県","city":"熊本市西区","town":"野中"}],"0072":[{"pref":"熊本県","city":"熊本市西区","town":"花園"}],"0075":[{"pref":"熊本県","city":"熊本市西区","town":"稗田町"}],"0054":[{"pref":"熊本県","city":"熊本市西区","town":"八島"}],"0057":[{"pref":"熊本県","city":"熊本市西区","town":"八島町"}],"0055":[{"pref":"熊本県","city":"熊本市西区","town":"蓮台寺"}],"0834":[{"pref":"熊本県","city":"熊本市南区","town":"江越"}],"0826":[{"pref":"熊本県","city":"熊本市南区","town":"平田"}],"0086":[{"pref":"熊本県","city":"熊本市北区","town":"打越町"}],"0083":[{"pref":"熊本県","city":"熊本市北区","town":"大窪"}],"0861":[{"pref":"熊本県","city":"熊本市北区","town":"黒髪町坪井"}],"0087":[{"pref":"熊本県","city":"熊本市北区","town":"清水町打越"}],"0085":[{"pref":"熊本県","city":"熊本市北区","town":"高平"}],"0084":[{"pref":"熊本県","city":"熊本市北区","town":"山室"}]}