{"0303":[{"pref":"和歌山県","city":"田辺市","town":"龍神村小家"}],"0302":[{"pref":"和歌山県","city":"田辺市","town":"龍神村甲斐ノ川"}],"0521":[{"pref":"和歌山県","city":"田辺市","town":"龍神村小又川"}],"0413":[{"pref":"和歌山県","city":"田辺市","town":"龍神村殿原"}],"0415":[{"pref":"和歌山県","city":"田辺市","town":"龍神村西"}],"0412":[{"pref":"和歌山県","city":"田辺市","town":"龍神村丹生ノ川"}],"0414":[{"pref":"和歌山県","city":"田辺市","town":"龍神村東"}],"0523":[{"pref":"和歌山県","city":"田辺市","town":"龍神村広井原"}],"0301":[{"pref":"和歌山県","city":"田辺市","town":"龍神村福井"}],"0522":[{"pref":"和歌山県","city":"田辺市","town":"龍神村三ツ又"}],"0411":[{"pref":"和歌山県","city":"田辺市","town":"龍神村宮代"}],"0416":[{"pref":"和歌山県","city":"田辺市","town":"龍神村安井"}],"0417":[{"pref":"和歌山県","city":"田辺市","town":"龍神村柳瀬"}],"0524":[{"pref":"和歌山県","city":"田辺市","town":"龍神村湯ノ又"}],"0525":[{"pref":"和歌山県","city":"田辺市","town":"龍神村龍神"}],"0000":[{"pref":"和歌山県","city":"日高郡みなべ町","town":"以下に掲載がない場合"}],"0208":[{"pref":"和歌山県","city":"日高郡みなべ町","town":"市井川"}],"0022":[{"pref":"和歌山県","city":"日高郡みなべ町","town":"晩稲"}],"0011":[{"pref":"和歌山県","city":"日高郡みなべ町","town":"気佐藤"}],"0006":[{"pref":"和歌山県","city":"日高郡みなべ町","town":"北道"}],"0201":[{"pref":"和歌山県","city":"日高郡みなべ町","town":"清川"}],"0023":[{"pref":"和歌山県","city":"日高郡みなべ町","town":"熊岡"}],"0028":[{"pref":"和歌山県","city":"日高郡みなべ町","town":"熊瀬川"}],"0003":[{"pref":"和歌山県","city":"日高郡みなべ町","town":"堺"}],"0002":[{"pref":"和歌山県","city":"日高郡みなべ町","town":"芝"}],"0203":[{"pref":"和歌山県","city":"日高郡みなべ町","town":"島之瀬"}],"0025":[{"pref":"和歌山県","city":"日高郡みなべ町","town":"筋"}],"0207":[{"pref":"和歌山県","city":"日高郡みなべ町","town":"高野"}],"0205":[{"pref":"和歌山県","city":"日高郡みなべ町","town":"滝"}],"0026":[{"pref":"和歌山県","city":"日高郡みなべ町","town":"谷口"}],"0206":[{"pref":"和歌山県","city":"日高郡みなべ町","town":"土井"}],"0024":[{"pref":"和歌山県","city":"日高郡みなべ町","town":"徳蔵"}],"0014":[{"pref":"和歌山県","city":"日高郡みなべ町","town":"西岩代"}],"0027":[{"pref":"和歌山県","city":"日高郡みなべ町","town":"西本庄"}],"0004":[{"pref":"和歌山県","city":"日高郡みなべ町","town":"埴田"}],"0013":[{"pref":"和歌山県","city":"日高郡みなべ町","town":"東岩代"}],"0202":[{"pref":"和歌山県","city":"日高郡みなべ町","town":"東神野川"}],"0021":[{"pref":"和歌山県","city":"日高郡みなべ町","town":"東本庄"}],"0001":[{"pref":"和歌山県","city":"日高郡みなべ町","town":"東吉田"}],"0204":[{"pref":"和歌山県","city":"日高郡みなべ町","town":"広野"}],"0005":[{"pref":"和歌山県","city":"日高郡みなべ町","town":"南道"}],"0012":[{"pref":"和歌山県","city":"日高郡みなべ町","town":"山内"}],"0551":[{"pref":"和歌山県","city":"日高郡日高川町","town":"寒川（小川）"}]}