{"0000":[{"pref":"千葉県","city":"千葉市緑区","town":"以下に掲載がない場合"}],"0014":[{"pref":"千葉県","city":"千葉市緑区","town":"大金沢町"}],"0025":[{"pref":"千葉県","city":"千葉市緑区","town":"落井町"}],"0031":[{"pref":"千葉県","city":"千葉市緑区","town":"おゆみ野"}],"0034":[{"pref":"千葉県","city":"千葉市緑区","town":"おゆみ野有吉"}],"0032":[{"pref":"千葉県","city":"千葉市緑区","town":"おゆみ野中央"}],"0033":[{"pref":"千葉県","city":"千葉市緑区","town":"おゆみ野南"}],"0011":[{"pref":"千葉県","city":"千葉市緑区","town":"鎌取町"}],"0021":[{"pref":"千葉県","city":"千葉市緑区","town":"刈田子町"}],"0015":[{"pref":"千葉県","city":"千葉市緑区","town":"小金沢町"}],"0016":[{"pref":"千葉県","city":"千葉市緑区","town":"椎名崎町"}],"0006":[{"pref":"千葉県","city":"千葉市緑区","town":"大膳野町"}],"0003":[{"pref":"千葉県","city":"千葉市緑区","town":"高田町"}],"0022":[{"pref":"千葉県","city":"千葉市緑区","town":"富岡町"}],"0024":[{"pref":"千葉県","city":"千葉市緑区","town":"中西町"}],"0001":[{"pref":"千葉県","city":"千葉市緑区","town":"東山科町"}],"0004":[{"pref":"千葉県","city":"千葉市緑区","town":"平川町"}],"0002":[{"pref":"千葉県","city":"千葉市緑区","town":"平山町"}],"0026":[{"pref":"千葉県","city":"千葉市緑区","town":"古市場町"}],"0007":[{"pref":"千葉県","city":"千葉市緑区","town":"辺田町"}],"0005":[{"pref":"千葉県","city":"千葉市緑区","town":"誉田町"}],"0023":[{"pref":"千葉県","city":"千葉市緑区","town":"茂呂町"}]}