{"6001":[{"pref":"大阪府","city":"大阪市阿倍野区","town":"阿倍野筋あべのハルカス（１階）"}],"6002":[{"pref":"大阪府","city":"大阪市阿倍野区","town":"阿倍野筋あべのハルカス（２階）"}],"6003":[{"pref":"大阪府","city":"大阪市阿倍野区","town":"阿倍野筋あべのハルカス（３階）"}],"6004":[{"pref":"大阪府","city":"大阪市阿倍野区","town":"阿倍野筋あべのハルカス（４階）"}],"6005":[{"pref":"大阪府","city":"大阪市阿倍野区","town":"阿倍野筋あべのハルカス（５階）"}],"6006":[{"pref":"大阪府","city":"大阪市阿倍野区","town":"阿倍野筋あべのハルカス（６階）"}],"6007":[{"pref":"大阪府","city":"大阪市阿倍野区","town":"阿倍野筋あべのハルカス（７階）"}],"6008":[{"pref":"大阪府","city":"大阪市阿倍野区","town":"阿倍野筋あべのハルカス（８階）"}],"6009":[{"pref":"大阪府","city":"大阪市阿倍野区","town":"阿倍野筋あべのハルカス（９階）"}],"6010":[{"pref":"大阪府","city":"大阪市阿倍野区","town":"阿倍野筋あべのハルカス（１０階）"}],"6011":[{"pref":"大阪府","city":"大阪市阿倍野区","town":"阿倍野筋あべのハルカス（１１階）"}],"6012":[{"pref":"大阪府","city":"大阪市阿倍野区","town":"阿倍野筋あべのハルカス（１２階）"}],"6013":[{"pref":"大阪府","city":"大阪市阿倍野区","town":"阿倍野筋あべのハルカス（１３階）"}],"6014":[{"pref":"大阪府","city":"大阪市阿倍野区","town":"阿倍野筋あべのハルカス（１４階）"}],"6015":[{"pref":"大阪府","city":"大阪市阿倍野区","town":"阿倍野筋あべのハルカス（１５階）"}],"6016":[{"pref":"大阪府","city":"大阪市阿倍野区","town":"阿倍野筋あべのハルカス（１６階）"}],"6017":[{"pref":"大阪府","city":"大阪市阿倍野区","town":"阿倍野筋あべのハルカス（１７階）"}],"6018":[{"pref":"大阪府","city":"大阪市阿倍野区","town":"阿倍野筋あべのハルカス（１８階）"}],"6019":[{"pref":"大阪府","city":"大阪市阿倍野区","town":"阿倍野筋あべのハルカス（１９階）"}],"6020":[{"pref":"大阪府","city":"大阪市阿倍野区","town":"阿倍野筋あべのハルカス（２０階）"}],"6021":[{"pref":"大阪府","city":"大阪市阿倍野区","town":"阿倍野筋あべのハルカス（２１階）"}],"6022":[{"pref":"大阪府","city":"大阪市阿倍野区","town":"阿倍野筋あべのハルカス（２２階）"}],"6023":[{"pref":"大阪府","city":"大阪市阿倍野区","town":"阿倍野筋あべのハルカス（２３階）"}],"6024":[{"pref":"大阪府","city":"大阪市阿倍野区","town":"阿倍野筋あべのハルカス（２４階）"}],"6025":[{"pref":"大阪府","city":"大阪市阿倍野区","town":"阿倍野筋あべのハルカス（２５階）"}],"6026":[{"pref":"大阪府","city":"大阪市阿倍野区","town":"阿倍野筋あべのハルカス（２６階）"}],"6027":[{"pref":"大阪府","city":"大阪市阿倍野区","town":"阿倍野筋あべのハルカス（２７階）"}],"6028":[{"pref":"大阪府","city":"大阪市阿倍野区","town":"阿倍野筋あべのハルカス（２８階）"}],"6029":[{"pref":"大阪府","city":"大阪市阿倍野区","town":"阿倍野筋あべのハルカス（２９階）"}],"6030":[{"pref":"大阪府","city":"大阪市阿倍野区","town":"阿倍野筋あべのハルカス（３０階）"}],"6031":[{"pref":"大阪府","city":"大阪市阿倍野区","town":"阿倍野筋あべのハルカス（３１階）"}],"6032":[{"pref":"大阪府","city":"大阪市阿倍野区","town":"阿倍野筋あべのハルカス（３２階）"}],"6033":[{"pref":"大阪府","city":"大阪市阿倍野区","town":"阿倍野筋あべのハルカス（３３階）"}],"6034":[{"pref":"大阪府","city":"大阪市阿倍野区","town":"阿倍野筋あべのハルカス（３４階）"}],"6035":[{"pref":"大阪府","city":"大阪市阿倍野区","town":"阿倍野筋あべのハルカス（３５階）"}],"6036":[{"pref":"大阪府","city":"大阪市阿倍野区","town":"阿倍野筋あべのハルカス（３６階）"}],"6037":[{"pref":"大阪府","city":"大阪市阿倍野区","town":"阿倍野筋あべのハルカス（３７階）"}],"6038":[{"pref":"大阪府","city":"大阪市阿倍野区","town":"阿倍野筋あべのハルカス（３８階）"}],"6039":[{"pref":"大阪府","city":"大阪市阿倍野区","town":"阿倍野筋あべのハルカス（３９階）"}],"6040":[{"pref":"大阪府","city":"大阪市阿倍野区","town":"阿倍野筋あべのハルカス（４０階）"}],"6041":[{"pref":"大阪府","city":"大阪市阿倍野区","town":"阿倍野筋あべのハルカス（４１階）"}],"6042":[{"pref":"大阪府","city":"大阪市阿倍野区","town":"阿倍野筋あべのハルカス（４２階）"}],"6043":[{"pref":"大阪府","city":"大阪市阿倍野区","town":"阿倍野筋あべのハルカス（４３階）"}],"6044":[{"pref":"大阪府","city":"大阪市阿倍野区","town":"阿倍野筋あべのハルカス（４４階）"}],"6045":[{"pref":"大阪府","city":"大阪市阿倍野区","town":"阿倍野筋あべのハルカス（４５階）"}],"6046":[{"pref":"大阪府","city":"大阪市阿倍野区","town":"阿倍野筋あべのハルカス（４６階）"}],"6047":[{"pref":"大阪府","city":"大阪市阿倍野区","town":"阿倍野筋あべのハルカス（４７階）"}],"6048":[{"pref":"大阪府","city":"大阪市阿倍野区","town":"阿倍野筋あべのハルカス（４８階）"}],"6049":[{"pref":"大阪府","city":"大阪市阿倍野区","town":"阿倍野筋あべのハルカス（４９階）"}],"6050":[{"pref":"大阪府","city":"大阪市阿倍野区","town":"阿倍野筋あべのハルカス（５０階）"}],"6051":[{"pref":"大阪府","city":"大阪市阿倍野区","town":"阿倍野筋あべのハルカス（５１階）"}],"6052":[{"pref":"大阪府","city":"大阪市阿倍野区","town":"阿倍野筋あべのハルカス（５２階）"}],"6053":[{"pref":"大阪府","city":"大阪市阿倍野区","town":"阿倍野筋あべのハルカス（５３階）"}],"6054":[{"pref":"大阪府","city":"大阪市阿倍野区","town":"阿倍野筋あべのハルカス（５４階）"}],"6055":[{"pref":"大阪府","city":"大阪市阿倍野区","town":"阿倍野筋あべのハルカス（５５階）"}],"6056":[{"pref":"大阪府","city":"大阪市阿倍野区","town":"阿倍野筋あべのハルカス（５６階）"}],"6057":[{"pref":"大阪府","city":"大阪市阿倍野区","town":"阿倍野筋あべのハルカス（５７階）"}],"6058":[{"pref":"大阪府","city":"大阪市阿倍野区","town":"阿倍野筋あべのハルカス（５８階）"}],"6059":[{"pref":"大阪府","city":"大阪市阿倍野区","town":"阿倍野筋あべのハルカス（５９階）"}],"6060":[{"pref":"大阪府","city":"大阪市阿倍野区","town":"阿倍野筋あべのハルカス（６０階）"}],"6090":[{"pref":"大阪府","city":"大阪市阿倍野区","town":"阿倍野筋あべのハルカス（地階・階層不明）"}],"0000":[{"pref":"大阪府","city":"大阪市阿倍野区","town":"以下に掲載がない場合"}],"0033":[{"pref":"大阪府","city":"大阪市阿倍野区","town":"相生通"}],"0051":[{"pref":"大阪府","city":"大阪市阿倍野区","town":"旭町"}],"0052":[{"pref":"大阪府","city":"大阪市阿倍野区","town":"阿倍野筋（次のビルを除く）"}],"0034":[{"pref":"大阪府","city":"大阪市阿倍野区","town":"阿倍野元町"}],"0023":[{"pref":"大阪府","city":"大阪市阿倍野区","town":"王子町"}],"0035":[{"pref":"大阪府","city":"大阪市阿倍野区","town":"北畠"}],"0041":[{"pref":"大阪府","city":"大阪市阿倍野区","town":"共立通"}],"0005":[{"pref":"大阪府","city":"大阪市阿倍野区","town":"三明町"}],"0011":[{"pref":"大阪府","city":"大阪市阿倍野区","town":"昭和町"}],"0032":[{"pref":"大阪府","city":"大阪市阿倍野区","town":"晴明通"}],"0037":[{"pref":"大阪府","city":"大阪市阿倍野区","town":"帝塚山"}],"0002":[{"pref":"大阪府","city":"大阪市阿倍野区","town":"天王寺町南"}],"0001":[{"pref":"大阪府","city":"大阪市阿倍野区","town":"天王寺町北"}],"0013":[{"pref":"大阪府","city":"大阪市阿倍野区","town":"長池町"}],"0014":[{"pref":"大阪府","city":"大阪市阿倍野区","town":"西田辺町"}],"0031":[{"pref":"大阪府","city":"大阪市阿倍野区","town":"橋本町"}],"0022":[{"pref":"大阪府","city":"大阪市阿倍野区","town":"播磨町"}],"0021":[{"pref":"大阪府","city":"大阪市阿倍野区","town":"阪南町"}],"0036":[{"pref":"大阪府","city":"大阪市阿倍野区","town":"万代"}],"0003":[{"pref":"大阪府","city":"大阪市阿倍野区","town":"美章園"}],"0004":[{"pref":"大阪府","city":"大阪市阿倍野区","town":"文の里"}],"0053":[{"pref":"大阪府","city":"大阪市阿倍野区","town":"松崎町"}],"0043":[{"pref":"大阪府","city":"大阪市阿倍野区","town":"松虫通"}],"0042":[{"pref":"大阪府","city":"大阪市阿倍野区","town":"丸山通"}],"0012":[{"pref":"大阪府","city":"大阪市阿倍野区","town":"桃ケ池町"}]}