{"0824":[{"pref":"埼玉県","city":"川口市","town":"赤芝新田"}],"0825":[{"pref":"埼玉県","city":"川口市","town":"赤山"}],"0826":[{"pref":"埼玉県","city":"川口市","town":"新井宿"}],"0812":[{"pref":"埼玉県","city":"川口市","town":"安行西立野"}],"0836":[{"pref":"埼玉県","city":"川口市","town":"安行領在家"}],"0834":[{"pref":"埼玉県","city":"川口市","town":"安行領根岸"}],"0865":[{"pref":"埼玉県","city":"川口市","town":"伊刈"}],"0823":[{"pref":"埼玉県","city":"川口市","town":"石神"}],"0844":[{"pref":"埼玉県","city":"川口市","town":"上青木"}],"0845":[{"pref":"埼玉県","city":"川口市","town":"上青木西"}],"0831":[{"pref":"埼玉県","city":"川口市","town":"木曽呂"}],"0862":[{"pref":"埼玉県","city":"川口市","town":"北園町"}],"0815":[{"pref":"埼玉県","city":"川口市","town":"北原台"}],"0804":[{"pref":"埼玉県","city":"川口市","town":"久左衛門新田"}],"0814":[{"pref":"埼玉県","city":"川口市","town":"行衛"}],"0822":[{"pref":"埼玉県","city":"川口市","town":"源左衛門新田"}],"0832":[{"pref":"埼玉県","city":"川口市","town":"神戸"}],"0857":[{"pref":"埼玉県","city":"川口市","town":"小谷場"}],"0863":[{"pref":"埼玉県","city":"川口市","town":"在家町"}],"0816":[{"pref":"埼玉県","city":"川口市","town":"差間"}],"0866":[{"pref":"埼玉県","city":"川口市","town":"芝"}],"0848":[{"pref":"埼玉県","city":"川口市","town":"芝下"}],"0851":[{"pref":"埼玉県","city":"川口市","town":"芝新町"}],"0853":[{"pref":"埼玉県","city":"川口市","town":"芝園町"}],"0868":[{"pref":"埼玉県","city":"川口市","town":"芝高木"}],"0856":[{"pref":"埼玉県","city":"川口市","town":"芝塚原"}],"0847":[{"pref":"埼玉県","city":"川口市","town":"芝中田"}],"0855":[{"pref":"埼玉県","city":"川口市","town":"芝西"}],"0867":[{"pref":"埼玉県","city":"川口市","town":"芝東町"}],"0852":[{"pref":"埼玉県","city":"川口市","town":"芝樋ノ爪"}],"0854":[{"pref":"埼玉県","city":"川口市","town":"芝富士"}],"0869":[{"pref":"埼玉県","city":"川口市","town":"芝宮根町"}],"0807":[{"pref":"埼玉県","city":"川口市","town":"長蔵"}],"0808":[{"pref":"埼玉県","city":"川口市","town":"長蔵新田"}],"0803":[{"pref":"埼玉県","city":"川口市","town":"藤兵衛新田"}],"0811":[{"pref":"埼玉県","city":"川口市","town":"戸塚"}],"0806":[{"pref":"埼玉県","city":"川口市","town":"戸塚境町"}],"0805":[{"pref":"埼玉県","city":"川口市","town":"戸塚鋏町"}],"0802":[{"pref":"埼玉県","city":"川口市","town":"戸塚東"}],"0817":[{"pref":"埼玉県","city":"川口市","town":"戸塚南"}],"0833":[{"pref":"埼玉県","city":"川口市","town":"西新井宿"}],"0813":[{"pref":"埼玉県","city":"川口市","town":"西立野"}],"0821":[{"pref":"埼玉県","city":"川口市","town":"東内野"}],"0801":[{"pref":"埼玉県","city":"川口市","town":"東川口"}],"0849":[{"pref":"埼玉県","city":"川口市","town":"本前川"}],"0843":[{"pref":"埼玉県","city":"川口市","town":"前上町"}],"0842":[{"pref":"埼玉県","city":"川口市","town":"前川"}],"0841":[{"pref":"埼玉県","city":"川口市","town":"前川町"}],"0835":[{"pref":"埼玉県","city":"川口市","town":"道合"}],"0846":[{"pref":"埼玉県","city":"川口市","town":"南前川"}],"0861":[{"pref":"埼玉県","city":"川口市","town":"柳崎"}],"0864":[{"pref":"埼玉県","city":"川口市","town":"柳根町"}]}