{"0000":[{"pref":"鹿児島県","city":"枕崎市","town":"以下に掲載がない場合"}],"0080":[{"pref":"鹿児島県","city":"枕崎市","town":"あけぼの町"}],"0008":[{"pref":"鹿児島県","city":"枕崎市","town":"旭町"}],"0006":[{"pref":"鹿児島県","city":"枕崎市","town":"泉町"}],"0084":[{"pref":"鹿児島県","city":"枕崎市","town":"板敷西町"}],"0082":[{"pref":"鹿児島県","city":"枕崎市","town":"板敷本町"}],"0083":[{"pref":"鹿児島県","city":"枕崎市","town":"板敷南町"}],"0052":[{"pref":"鹿児島県","city":"枕崎市","town":"岩崎町"}],"0058":[{"pref":"鹿児島県","city":"枕崎市","town":"岩戸町"}],"0009":[{"pref":"鹿児島県","city":"枕崎市","town":"恵比須町"}],"0026":[{"pref":"鹿児島県","city":"枕崎市","town":"大塚北町"}],"0028":[{"pref":"鹿児島県","city":"枕崎市","town":"大塚中町"}],"0027":[{"pref":"鹿児島県","city":"枕崎市","town":"大塚西町"}],"0029":[{"pref":"鹿児島県","city":"枕崎市","town":"大塚南町"}],"0003":[{"pref":"鹿児島県","city":"枕崎市","town":"折口町"}],"0054":[{"pref":"鹿児島県","city":"枕崎市","town":"鹿篭麓町"}],"0044":[{"pref":"鹿児島県","city":"枕崎市","town":"春日町"}],"0098":[{"pref":"鹿児島県","city":"枕崎市","town":"茅野町"}],"0057":[{"pref":"鹿児島県","city":"枕崎市","town":"木原町"}],"0066":[{"pref":"鹿児島県","city":"枕崎市","town":"清水町"}],"0076":[{"pref":"鹿児島県","city":"枕崎市","town":"金山町"}],"0074":[{"pref":"鹿児島県","city":"枕崎市","town":"金山西町"}],"0088":[{"pref":"鹿児島県","city":"枕崎市","town":"国見町"}],"0099":[{"pref":"鹿児島県","city":"枕崎市","town":"小塚町"}],"0062":[{"pref":"鹿児島県","city":"枕崎市","town":"寿町"}],"0053":[{"pref":"鹿児島県","city":"枕崎市","town":"木場町"}],"0094":[{"pref":"鹿児島県","city":"枕崎市","town":"駒水町"}],"0038":[{"pref":"鹿児島県","city":"枕崎市","town":"栄中町"}],"0037":[{"pref":"鹿児島県","city":"枕崎市","town":"栄本町"}],"0018":[{"pref":"鹿児島県","city":"枕崎市","town":"桜木町"}],"0073":[{"pref":"鹿児島県","city":"枕崎市","town":"桜山上町"}],"0061":[{"pref":"鹿児島県","city":"枕崎市","town":"桜山町"}],"0055":[{"pref":"鹿児島県","city":"枕崎市","town":"桜山西町"}],"0065":[{"pref":"鹿児島県","city":"枕崎市","town":"桜山東町"}],"0064":[{"pref":"鹿児島県","city":"枕崎市","town":"桜山本町"}],"0097":[{"pref":"鹿児島県","city":"枕崎市","town":"里町"}],"0002":[{"pref":"鹿児島県","city":"枕崎市","town":"汐見町"}],"0041":[{"pref":"鹿児島県","city":"枕崎市","town":"塩屋北町"}],"0042":[{"pref":"鹿児島県","city":"枕崎市","town":"塩屋南町"}],"0095":[{"pref":"鹿児島県","city":"枕崎市","town":"下松町"}],"0089":[{"pref":"鹿児島県","city":"枕崎市","town":"白沢北町"}],"0092":[{"pref":"鹿児島県","city":"枕崎市","town":"白沢西町"}],"0091":[{"pref":"鹿児島県","city":"枕崎市","town":"白沢東町"}],"0007":[{"pref":"鹿児島県","city":"枕崎市","town":"新町"}],"0017":[{"pref":"鹿児島県","city":"枕崎市","town":"住吉町"}],"0087":[{"pref":"鹿児島県","city":"枕崎市","town":"瀬戸町"}],"0047":[{"pref":"鹿児島県","city":"枕崎市","town":"園見西町"}],"0046":[{"pref":"鹿児島県","city":"枕崎市","town":"園見本町"}],"0016":[{"pref":"鹿児島県","city":"枕崎市","town":"高見町"}],"0045":[{"pref":"鹿児島県","city":"枕崎市","town":"立神北町"}],"0025":[{"pref":"鹿児島県","city":"枕崎市","town":"立神本町"}],"0075":[{"pref":"鹿児島県","city":"枕崎市","town":"田布川町"}],"0051":[{"pref":"鹿児島県","city":"枕崎市","town":"中央町"}],"0012":[{"pref":"鹿児島県","city":"枕崎市","town":"千代田町"}],"0081":[{"pref":"鹿児島県","city":"枕崎市","town":"豊留町"}],"0005":[{"pref":"鹿児島県","city":"枕崎市","town":"中町"}],"0024":[{"pref":"鹿児島県","city":"枕崎市","town":"西鹿篭"}],"0015":[{"pref":"鹿児島県","city":"枕崎市","town":"西本町"}],"0093":[{"pref":"鹿児島県","city":"枕崎市","town":"仁田浦町"}],"0021":[{"pref":"鹿児島県","city":"枕崎市","town":"東鹿篭"}],"0014":[{"pref":"鹿児島県","city":"枕崎市","town":"東本町"}],"0043":[{"pref":"鹿児島県","city":"枕崎市","town":"火之神北町"}],"0048":[{"pref":"鹿児島県","city":"枕崎市","town":"火之神町"}],"0049":[{"pref":"鹿児島県","city":"枕崎市","town":"火之神岬町"}],"0034":[{"pref":"鹿児島県","city":"枕崎市","town":"日之出町"}],"0035":[{"pref":"鹿児島県","city":"枕崎市","town":"平田町"}],"0032":[{"pref":"鹿児島県","city":"枕崎市","town":"別府"}],"0086":[{"pref":"鹿児島県","city":"枕崎市","town":"別府西町"}],"0085":[{"pref":"鹿児島県","city":"枕崎市","town":"別府東町"}],"0096":[{"pref":"鹿児島県","city":"枕崎市","town":"まかや町"}],"0031":[{"pref":"鹿児島県","city":"枕崎市","town":"枕崎"}],"0001":[{"pref":"鹿児島県","city":"枕崎市","town":"松之尾町"}],"0072":[{"pref":"鹿児島県","city":"枕崎市","town":"道野町"}],"0011":[{"pref":"鹿児島県","city":"枕崎市","town":"緑町"}],"0004":[{"pref":"鹿児島県","city":"枕崎市","town":"港町"}],"0056":[{"pref":"鹿児島県","city":"枕崎市","town":"美原町"}],"0022":[{"pref":"鹿児島県","city":"枕崎市","town":"宮田町"}],"0033":[{"pref":"鹿児島県","city":"枕崎市","town":"宮前町"}],"0071":[{"pref":"鹿児島県","city":"枕崎市","town":"美山町"}],"0063":[{"pref":"鹿児島県","city":"枕崎市","town":"妙見町"}],"0036":[{"pref":"鹿児島県","city":"枕崎市","town":"明和町"}],"0013":[{"pref":"鹿児島県","city":"枕崎市","town":"山手町"}],"0023":[{"pref":"鹿児島県","city":"枕崎市","town":"若葉町"}],"0221":[{"pref":"鹿児島県","city":"南さつま市","town":"大浦町（４７１３～５２７７番地）"}],"0212":[{"pref":"鹿児島県","city":"南さつま市","town":"坊津町秋目"}],"0211":[{"pref":"鹿児島県","city":"南さつま市","town":"坊津町久志"}],"0102":[{"pref":"鹿児島県","city":"南さつま市","town":"坊津町泊"}],"0101":[{"pref":"鹿児島県","city":"南さつま市","town":"坊津町坊"}]}