{"0000":[{"pref":"埼玉県","city":"桶川市","town":"以下に掲載がない場合"}],"0002":[{"pref":"埼玉県","city":"桶川市","town":"赤堀"}],"0023":[{"pref":"埼玉県","city":"桶川市","town":"朝日"}],"0021":[{"pref":"埼玉県","city":"桶川市","town":"泉"}],"0001":[{"pref":"埼玉県","city":"桶川市","town":"加納"}],"0026":[{"pref":"埼玉県","city":"桶川市","town":"上日出谷"}],"0024":[{"pref":"埼玉県","city":"桶川市","town":"鴨川"}],"0027":[{"pref":"埼玉県","city":"桶川市","town":"川田谷"}],"0011":[{"pref":"埼玉県","city":"桶川市","town":"北"}],"0006":[{"pref":"埼玉県","city":"桶川市","town":"倉田"}],"0004":[{"pref":"埼玉県","city":"桶川市","town":"五町台"}],"0016":[{"pref":"埼玉県","city":"桶川市","town":"寿"}],"0007":[{"pref":"埼玉県","city":"桶川市","town":"小針領家"}],"0008":[{"pref":"埼玉県","city":"桶川市","town":"坂田"}],"0018":[{"pref":"埼玉県","city":"桶川市","town":"坂田西"}],"0009":[{"pref":"埼玉県","city":"桶川市","town":"坂田東"}],"0003":[{"pref":"埼玉県","city":"桶川市","town":"篠津"}],"0025":[{"pref":"埼玉県","city":"桶川市","town":"下日出谷"}],"0028":[{"pref":"埼玉県","city":"桶川市","town":"下日出谷西"}],"0029":[{"pref":"埼玉県","city":"桶川市","town":"下日出谷東"}],"0014":[{"pref":"埼玉県","city":"桶川市","town":"神明"}],"0012":[{"pref":"埼玉県","city":"桶川市","town":"末広"}],"0005":[{"pref":"埼玉県","city":"桶川市","town":"舎人新田"}],"0017":[{"pref":"埼玉県","city":"桶川市","town":"西"}],"0013":[{"pref":"埼玉県","city":"桶川市","town":"東"}],"0015":[{"pref":"埼玉県","city":"桶川市","town":"南"}],"0022":[{"pref":"埼玉県","city":"桶川市","town":"若宮"}]}