{"0000":[{"pref":"栃木県","city":"大田原市","town":"以下に掲載がない場合"}],"0015":[{"pref":"栃木県","city":"大田原市","town":"赤瀬"}],"0043":[{"pref":"栃木県","city":"大田原市","town":"浅香"}],"0061":[{"pref":"栃木県","city":"大田原市","town":"荒井"}],"0413":[{"pref":"栃木県","city":"大田原市","town":"新宿"}],"0006":[{"pref":"栃木県","city":"大田原市","town":"市野沢"}],"0064":[{"pref":"栃木県","city":"大田原市","town":"今泉"}],"0035":[{"pref":"栃木県","city":"大田原市","town":"薄葉"}],"0022":[{"pref":"栃木県","city":"大田原市","town":"宇田川"}],"0213":[{"pref":"栃木県","city":"大田原市","town":"雲岩寺"}],"0025":[{"pref":"栃木県","city":"大田原市","town":"大神"}],"0204":[{"pref":"栃木県","city":"大田原市","town":"大久保"}],"0242":[{"pref":"栃木県","city":"大田原市","town":"大豆田"}],"0236":[{"pref":"栃木県","city":"大田原市","town":"大輪"}],"0065":[{"pref":"栃木県","city":"大田原市","town":"岡"}],"0027":[{"pref":"栃木県","city":"大田原市","town":"荻野目"}],"0017":[{"pref":"栃木県","city":"大田原市","town":"奥沢"}],"0001":[{"pref":"栃木県","city":"大田原市","town":"乙連沢"}],"0046":[{"pref":"栃木県","city":"大田原市","town":"加治屋"}],"0223":[{"pref":"栃木県","city":"大田原市","town":"片田"}],"0414":[{"pref":"栃木県","city":"大田原市","town":"片府田"}],"0013":[{"pref":"栃木県","city":"大田原市","town":"鹿畑"}],"0037":[{"pref":"栃木県","city":"大田原市","town":"上石上"}],"0018":[{"pref":"栃木県","city":"大田原市","town":"上奥沢"}],"0221":[{"pref":"栃木県","city":"大田原市","town":"亀久"}],"0214":[{"pref":"栃木県","city":"大田原市","town":"川上"}],"0208":[{"pref":"栃木県","city":"大田原市","town":"川田"}],"0207":[{"pref":"栃木県","city":"大田原市","town":"河原"}],"0202":[{"pref":"栃木県","city":"大田原市","town":"木佐美"}],"0016":[{"pref":"栃木県","city":"大田原市","town":"北大和久"}],"0011":[{"pref":"栃木県","city":"大田原市","town":"北金丸"}],"0224":[{"pref":"栃木県","city":"大田原市","town":"北滝"}],"0231":[{"pref":"栃木県","city":"大田原市","town":"北野上"}],"0205":[{"pref":"栃木県","city":"大田原市","town":"久野又"}],"0014":[{"pref":"栃木県","city":"大田原市","town":"倉骨"}],"0233":[{"pref":"栃木県","city":"大田原市","town":"黒羽田町"}],"0241":[{"pref":"栃木県","city":"大田原市","town":"黒羽向町"}],"0003":[{"pref":"栃木県","city":"大田原市","town":"小滝"}],"0402":[{"pref":"栃木県","city":"大田原市","town":"小船渡"}],"0032":[{"pref":"栃木県","city":"大田原市","town":"佐久山"}],"0246":[{"pref":"栃木県","city":"大田原市","town":"寒井"}],"0404":[{"pref":"栃木県","city":"大田原市","town":"佐良土"}],"0415":[{"pref":"栃木県","city":"大田原市","town":"品川"}],"0036":[{"pref":"栃木県","city":"大田原市","town":"下石上"}],"0052":[{"pref":"栃木県","city":"大田原市","town":"城山"}],"0055":[{"pref":"栃木県","city":"大田原市","town":"新富町"}],"0042":[{"pref":"栃木県","city":"大田原市","town":"末広"}],"0211":[{"pref":"栃木県","city":"大田原市","town":"須賀川"}],"0212":[{"pref":"栃木県","city":"大田原市","town":"須佐木"}],"0057":[{"pref":"栃木県","city":"大田原市","town":"住吉町"}],"0401":[{"pref":"栃木県","city":"大田原市","town":"狭原"}],"0026":[{"pref":"栃木県","city":"大田原市","town":"滝岡"}],"0033":[{"pref":"栃木県","city":"大田原市","town":"滝沢"}],"0044":[{"pref":"栃木県","city":"大田原市","town":"親園"}],"0056":[{"pref":"栃木県","city":"大田原市","town":"中央"}],"0203":[{"pref":"栃木県","city":"大田原市","town":"寺宿"}],"0066":[{"pref":"栃木県","city":"大田原市","town":"戸野内"}],"0004":[{"pref":"栃木県","city":"大田原市","town":"富池"}],"0062":[{"pref":"栃木県","city":"大田原市","town":"中田原"}],"0206":[{"pref":"栃木県","city":"大田原市","town":"中野内"}],"0405":[{"pref":"栃木県","city":"大田原市","town":"中の原"}],"0215":[{"pref":"栃木県","city":"大田原市","town":"南方"}],"0005":[{"pref":"栃木県","city":"大田原市","town":"練貫"}],"0038":[{"pref":"栃木県","city":"大田原市","town":"野崎"}],"0244":[{"pref":"栃木県","city":"大田原市","town":"蜂巣"}],"0023":[{"pref":"栃木県","city":"大田原市","town":"花園"}],"0002":[{"pref":"栃木県","city":"大田原市","town":"羽田"}],"0245":[{"pref":"栃木県","city":"大田原市","town":"桧木沢"}],"0034":[{"pref":"栃木県","city":"大田原市","town":"平沢"}],"0412":[{"pref":"栃木県","city":"大田原市","town":"蛭田"}],"0411":[{"pref":"栃木県","city":"大田原市","town":"蛭畑"}],"0024":[{"pref":"栃木県","city":"大田原市","town":"福原"}],"0031":[{"pref":"栃木県","city":"大田原市","town":"藤沢"}],"0028":[{"pref":"栃木県","city":"大田原市","town":"富士見"}],"0235":[{"pref":"栃木県","city":"大田原市","town":"堀之内"}],"0041":[{"pref":"栃木県","city":"大田原市","town":"本町"}],"0234":[{"pref":"栃木県","city":"大田原市","town":"前田"}],"0063":[{"pref":"栃木県","city":"大田原市","town":"町島"}],"0045":[{"pref":"栃木県","city":"大田原市","town":"実取"}],"0012":[{"pref":"栃木県","city":"大田原市","town":"南金丸"}],"0047":[{"pref":"栃木県","city":"大田原市","town":"美原"}],"0058":[{"pref":"栃木県","city":"大田原市","town":"紫塚"}],"0053":[{"pref":"栃木県","city":"大田原市","town":"元町"}],"0222":[{"pref":"栃木県","city":"大田原市","town":"矢倉"}],"0232":[{"pref":"栃木県","city":"大田原市","town":"八塩"}],"0051":[{"pref":"栃木県","city":"大田原市","town":"山の手"}],"0403":[{"pref":"栃木県","city":"大田原市","town":"湯津上"}],"0243":[{"pref":"栃木県","city":"大田原市","town":"余瀬"}],"0201":[{"pref":"栃木県","city":"大田原市","town":"両郷"}],"0021":[{"pref":"栃木県","city":"大田原市","town":"若草"}],"0054":[{"pref":"栃木県","city":"大田原市","town":"若松町"}],"0600":[{"pref":"栃木県","city":"那須郡那珂川町","town":"以下に掲載がない場合"}],"0605":[{"pref":"栃木県","city":"那須郡那珂川町","town":"大内"}],"0606":[{"pref":"栃木県","city":"那須郡那珂川町","town":"大那地"}],"0601":[{"pref":"栃木県","city":"那須郡那珂川町","town":"大山田上郷"}],"0602":[{"pref":"栃木県","city":"那須郡那珂川町","town":"大山田下郷"}],"0501":[{"pref":"栃木県","city":"那須郡那珂川町","town":"小川"}],"0503":[{"pref":"栃木県","city":"那須郡那珂川町","town":"恩田"}],"0515":[{"pref":"栃木県","city":"那須郡那珂川町","town":"片平"}],"0617":[{"pref":"栃木県","city":"那須郡那珂川町","town":"北向田"}],"0504":[{"pref":"栃木県","city":"那須郡那珂川町","town":"薬利"}],"0614":[{"pref":"栃木県","city":"那須郡那珂川町","town":"久那瀬"}],"0611":[{"pref":"栃木県","city":"那須郡那珂川町","town":"小砂"}],"0618":[{"pref":"栃木県","city":"那須郡那珂川町","town":"小口"}],"0506":[{"pref":"栃木県","city":"那須郡那珂川町","town":"浄法寺"}],"0513":[{"pref":"栃木県","city":"那須郡那珂川町","town":"白久"}],"0514":[{"pref":"栃木県","city":"那須郡那珂川町","town":"高岡"}],"0608":[{"pref":"栃木県","city":"那須郡那珂川町","town":"健武"}],"0616":[{"pref":"栃木県","city":"那須郡那珂川町","town":"富山"}],"0613":[{"pref":"栃木県","city":"那須郡那珂川町","town":"馬頭"}],"0516":[{"pref":"栃木県","city":"那須郡那珂川町","town":"東戸田"}],"0615":[{"pref":"栃木県","city":"那須郡那珂川町","town":"松野"}],"0502":[{"pref":"栃木県","city":"那須郡那珂川町","town":"三輪"}],"0604":[{"pref":"栃木県","city":"那須郡那珂川町","town":"盛泉"}],"0603":[{"pref":"栃木県","city":"那須郡那珂川町","town":"谷川"}],"0512":[{"pref":"栃木県","city":"那須郡那珂川町","town":"谷田"}],"0607":[{"pref":"栃木県","city":"那須郡那珂川町","town":"矢又"}],"0505":[{"pref":"栃木県","city":"那須郡那珂川町","town":"芳井"}],"0511":[{"pref":"栃木県","city":"那須郡那珂川町","town":"吉田"}],"0612":[{"pref":"栃木県","city":"那須郡那珂川町","town":"和見"}]}