{"0981":[{"pref":"兵庫県","city":"尼崎市","town":"猪名寺"}],"0023":[{"pref":"兵庫県","city":"尼崎市","town":"大西町"}],"0022":[{"pref":"兵庫県","city":"尼崎市","town":"尾浜町"}],"0979":[{"pref":"兵庫県","city":"尼崎市","town":"上坂部"}],"0014":[{"pref":"兵庫県","city":"尼崎市","town":"上ノ島町"}],"0971":[{"pref":"兵庫県","city":"尼崎市","town":"瓦宮"}],"0964":[{"pref":"兵庫県","city":"尼崎市","town":"神崎町"}],"0977":[{"pref":"兵庫県","city":"尼崎市","town":"久々知"}],"0978":[{"pref":"兵庫県","city":"尼崎市","town":"久々知西町"}],"0983":[{"pref":"兵庫県","city":"尼崎市","town":"口田中"}],"0013":[{"pref":"兵庫県","city":"尼崎市","town":"栗山町"}],"0982":[{"pref":"兵庫県","city":"尼崎市","town":"食満"}],"0972":[{"pref":"兵庫県","city":"尼崎市","town":"小中島"}],"0024":[{"pref":"兵庫県","city":"尼崎市","town":"三反田町"}],"0976":[{"pref":"兵庫県","city":"尼崎市","town":"潮江（その他）"}],"0952":[{"pref":"兵庫県","city":"尼崎市","town":"椎堂"}],"0975":[{"pref":"兵庫県","city":"尼崎市","town":"下坂部"}],"0973":[{"pref":"兵庫県","city":"尼崎市","town":"善法寺町"}],"0963":[{"pref":"兵庫県","city":"尼崎市","town":"高田町"}],"0025":[{"pref":"兵庫県","city":"尼崎市","town":"立花町"}],"0951":[{"pref":"兵庫県","city":"尼崎市","town":"田能"}],"0002":[{"pref":"兵庫県","city":"尼崎市","town":"塚口町"}],"0001":[{"pref":"兵庫県","city":"尼崎市","town":"塚口本町"}],"0965":[{"pref":"兵庫県","city":"尼崎市","town":"次屋"}],"0046":[{"pref":"兵庫県","city":"尼崎市","town":"常松"}],"0042":[{"pref":"兵庫県","city":"尼崎市","town":"常吉"}],"0961":[{"pref":"兵庫県","city":"尼崎市","town":"戸ノ内町"}],"0003":[{"pref":"兵庫県","city":"尼崎市","town":"富松町"}],"0974":[{"pref":"兵庫県","city":"尼崎市","town":"若王寺"}],"0966":[{"pref":"兵庫県","city":"尼崎市","town":"西川"}],"0047":[{"pref":"兵庫県","city":"尼崎市","town":"西昆陽"}],"0962":[{"pref":"兵庫県","city":"尼崎市","town":"額田町"}],"0967":[{"pref":"兵庫県","city":"尼崎市","town":"浜"}],"0953":[{"pref":"兵庫県","city":"尼崎市","town":"東園田町"}],"0011":[{"pref":"兵庫県","city":"尼崎市","town":"東塚口町"}],"0026":[{"pref":"兵庫県","city":"尼崎市","town":"水堂町"}],"0984":[{"pref":"兵庫県","city":"尼崎市","town":"御園"}],"0985":[{"pref":"兵庫県","city":"尼崎市","town":"南清水"}],"0012":[{"pref":"兵庫県","city":"尼崎市","town":"南塚口町"}],"0033":[{"pref":"兵庫県","city":"尼崎市","town":"南武庫之荘"}],"0044":[{"pref":"兵庫県","city":"尼崎市","town":"武庫町"}],"0041":[{"pref":"兵庫県","city":"尼崎市","town":"武庫の里"}],"0035":[{"pref":"兵庫県","city":"尼崎市","town":"武庫之荘"}],"0031":[{"pref":"兵庫県","city":"尼崎市","town":"武庫之荘本町"}],"0032":[{"pref":"兵庫県","city":"尼崎市","town":"武庫之荘東"}],"0034":[{"pref":"兵庫県","city":"尼崎市","town":"武庫之荘西"}],"0043":[{"pref":"兵庫県","city":"尼崎市","town":"武庫元町"}],"0045":[{"pref":"兵庫県","city":"尼崎市","town":"武庫豊町"}],"0021":[{"pref":"兵庫県","city":"尼崎市","town":"名神町"}],"0970":[{"pref":"兵庫県","city":"尼崎市","town":"弥生ケ丘町"}]}