{"8401":[{"pref":"福島県","city":"いわき市","town":"内郷小島町"}],"8402":[{"pref":"福島県","city":"いわき市","town":"内郷御厩町"}],"8403":[{"pref":"福島県","city":"いわき市","town":"内郷綴町"}],"8404":[{"pref":"福島県","city":"いわき市","town":"内郷内町"}],"8405":[{"pref":"福島県","city":"いわき市","town":"内郷白水町"}],"8406":[{"pref":"福島県","city":"いわき市","town":"内郷高野町"}],"8407":[{"pref":"福島県","city":"いわき市","town":"内郷宮町"}],"8408":[{"pref":"福島県","city":"いわき市","town":"内郷高坂町"}],"8409":[{"pref":"福島県","city":"いわき市","town":"内郷御台境町"}],"8411":[{"pref":"福島県","city":"いわき市","town":"小島町"}],"8412":[{"pref":"福島県","city":"いわき市","town":"平成"}]}