{"0066":[{"pref":"千葉県","city":"千葉市緑区","town":"あすみが丘"}],"0067":[{"pref":"千葉県","city":"千葉市緑区","town":"あすみが丘東"}],"0064":[{"pref":"千葉県","city":"千葉市緑区","town":"板倉町"}],"0057":[{"pref":"千葉県","city":"千葉市緑区","town":"大木戸町"}],"0065":[{"pref":"千葉県","city":"千葉市緑区","town":"大椎町"}],"0054":[{"pref":"千葉県","city":"千葉市緑区","town":"大高町"}],"0056":[{"pref":"千葉県","city":"千葉市緑区","town":"大野台"}],"0055":[{"pref":"千葉県","city":"千葉市緑区","town":"越智町"}],"0063":[{"pref":"千葉県","city":"千葉市緑区","town":"小山町"}],"0051":[{"pref":"千葉県","city":"千葉市緑区","town":"上大和田町"}],"0052":[{"pref":"千葉県","city":"千葉市緑区","town":"下大和田町"}],"0053":[{"pref":"千葉県","city":"千葉市緑区","town":"高津戸町"}],"0061":[{"pref":"千葉県","city":"千葉市緑区","town":"土気町"}],"0062":[{"pref":"千葉県","city":"千葉市緑区","town":"小食土町"}]}