{"0055":[{"pref":"静岡県","city":"浜松市中区","town":"十軒町"}],"0054":[{"pref":"静岡県","city":"浜松市中区","town":"早出町"}],"0045":[{"pref":"静岡県","city":"浜松市中区","town":"細島町"}],"0005":[{"pref":"静岡県","city":"浜松市東区","town":"安新町"}],"0012":[{"pref":"静岡県","city":"浜松市東区","town":"安間町"}],"0051":[{"pref":"静岡県","city":"浜松市東区","town":"市野町"}],"0014":[{"pref":"静岡県","city":"浜松市東区","town":"大蒲町"}],"0053":[{"pref":"静岡県","city":"浜松市東区","town":"上新屋町"}],"0001":[{"pref":"静岡県","city":"浜松市東区","town":"上石田町"}],"0048":[{"pref":"静岡県","city":"浜松市東区","town":"上西町"}],"0041":[{"pref":"静岡県","city":"浜松市東区","town":"北島町"}],"0011":[{"pref":"静岡県","city":"浜松市東区","town":"国吉町"}],"0056":[{"pref":"静岡県","city":"浜松市東区","town":"小池町"}],"0015":[{"pref":"静岡県","city":"浜松市東区","town":"子安町"}],"0021":[{"pref":"静岡県","city":"浜松市東区","town":"材木町"}],"0042":[{"pref":"静岡県","city":"浜松市東区","town":"篠ケ瀬町"}],"0006":[{"pref":"静岡県","city":"浜松市東区","town":"下石田町"}],"0002":[{"pref":"静岡県","city":"浜松市東区","town":"白鳥町"}],"0052":[{"pref":"静岡県","city":"浜松市東区","town":"天王町"}],"0013":[{"pref":"静岡県","city":"浜松市東区","town":"天龍川町"}],"0003":[{"pref":"静岡県","city":"浜松市東区","town":"中里町"}],"0057":[{"pref":"静岡県","city":"浜松市東区","town":"中田町"}],"0031":[{"pref":"静岡県","city":"浜松市東区","town":"長鶴町"}],"0004":[{"pref":"静岡県","city":"浜松市東区","town":"中野町"}],"0044":[{"pref":"静岡県","city":"浜松市東区","town":"西塚町"}],"0047":[{"pref":"静岡県","city":"浜松市東区","town":"原島町"}],"0008":[{"pref":"静岡県","city":"浜松市東区","town":"松小池町"}],"0046":[{"pref":"静岡県","city":"浜松市東区","town":"丸塚町"}],"0043":[{"pref":"静岡県","city":"浜松市東区","town":"宮竹町"}],"0017":[{"pref":"静岡県","city":"浜松市東区","town":"薬師町"}],"0018":[{"pref":"静岡県","city":"浜松市東区","town":"薬新町"}],"0029":[{"pref":"静岡県","city":"浜松市東区","town":"龍光町"}],"0007":[{"pref":"静岡県","city":"浜松市東区","town":"流通元町"}],"0016":[{"pref":"静岡県","city":"浜松市東区","town":"和田町"}],"0037":[{"pref":"静岡県","city":"浜松市南区","town":"青屋町"}],"0028":[{"pref":"静岡県","city":"浜松市南区","town":"飯田町"}],"0033":[{"pref":"静岡県","city":"浜松市南区","town":"石原町"}],"0025":[{"pref":"静岡県","city":"浜松市南区","town":"老間町"}],"0024":[{"pref":"静岡県","city":"浜松市南区","town":"大塚町"}],"0026":[{"pref":"静岡県","city":"浜松市南区","town":"金折町"}],"0038":[{"pref":"静岡県","city":"浜松市南区","town":"三和町"}],"0027":[{"pref":"静岡県","city":"浜松市南区","town":"下飯田町"}],"0023":[{"pref":"静岡県","city":"浜松市南区","town":"新貝町"}],"0035":[{"pref":"静岡県","city":"浜松市南区","town":"西伝寺町"}],"0022":[{"pref":"静岡県","city":"浜松市南区","town":"鶴見町"}],"0032":[{"pref":"静岡県","city":"浜松市南区","town":"古川町"}],"0034":[{"pref":"静岡県","city":"浜松市南区","town":"安松町"}],"0036":[{"pref":"静岡県","city":"浜松市南区","town":"渡瀬町"}]}