{"1200":[{"pref":"奈良県","city":"宇陀郡曽爾村","town":"以下に掲載がない場合"}],"1201":[{"pref":"奈良県","city":"宇陀郡曽爾村","town":"伊賀見"}],"1202":[{"pref":"奈良県","city":"宇陀郡曽爾村","town":"太良路"}],"1203":[{"pref":"奈良県","city":"宇陀郡曽爾村","town":"葛"}],"1211":[{"pref":"奈良県","city":"宇陀郡曽爾村","town":"塩井"}],"1212":[{"pref":"奈良県","city":"宇陀郡曽爾村","town":"今井"}],"1213":[{"pref":"奈良県","city":"宇陀郡曽爾村","town":"小長尾"}],"1214":[{"pref":"奈良県","city":"宇陀郡曽爾村","town":"長野"}],"1215":[{"pref":"奈良県","city":"宇陀郡曽爾村","town":"掛"}],"1216":[{"pref":"奈良県","city":"宇陀郡曽爾村","town":"山粕"}],"1300":[{"pref":"奈良県","city":"宇陀郡御杖村","town":"以下に掲載がない場合"}],"1301":[{"pref":"奈良県","city":"宇陀郡御杖村","town":"神末"}],"1302":[{"pref":"奈良県","city":"宇陀郡御杖村","town":"菅野"}],"1303":[{"pref":"奈良県","city":"宇陀郡御杖村","town":"土屋原"}],"1304":[{"pref":"奈良県","city":"宇陀郡御杖村","town":"桃俣"}],"2101":[{"pref":"奈良県","city":"宇陀市","town":"大宇陀五津"}],"2102":[{"pref":"奈良県","city":"宇陀市","town":"大宇陀平尾"}],"2103":[{"pref":"奈良県","city":"宇陀市","town":"大宇陀野依"}],"2104":[{"pref":"奈良県","city":"宇陀市","town":"大宇陀口今井"}],"2105":[{"pref":"奈良県","city":"宇陀市","town":"大宇陀麻生田"}],"2106":[{"pref":"奈良県","city":"宇陀市","town":"大宇陀馬取柿"}],"2107":[{"pref":"奈良県","city":"宇陀市","town":"大宇陀嬉河原"}],"2108":[{"pref":"奈良県","city":"宇陀市","town":"大宇陀半阪"}],"2111":[{"pref":"奈良県","city":"宇陀市","town":"大宇陀内原"}],"2112":[{"pref":"奈良県","city":"宇陀市","town":"大宇陀小附"}],"2113":[{"pref":"奈良県","city":"宇陀市","town":"大宇陀下竹"}],"2114":[{"pref":"奈良県","city":"宇陀市","town":"大宇陀春日"}],"2115":[{"pref":"奈良県","city":"宇陀市","town":"大宇陀西山"}],"2116":[{"pref":"奈良県","city":"宇陀市","town":"大宇陀岩室"}],"2117":[{"pref":"奈良県","city":"宇陀市","town":"大宇陀芝生"}],"2121":[{"pref":"奈良県","city":"宇陀市","town":"大宇陀塚脇"}],"2122":[{"pref":"奈良県","city":"宇陀市","town":"大宇陀調子"}],"2123":[{"pref":"奈良県","city":"宇陀市","town":"大宇陀藤井"}],"2124":[{"pref":"奈良県","city":"宇陀市","town":"大宇陀才ケ辻"}],"2125":[{"pref":"奈良県","city":"宇陀市","town":"大宇陀守道"}],"2126":[{"pref":"奈良県","city":"宇陀市","town":"大宇陀岩清水"}],"2131":[{"pref":"奈良県","city":"宇陀市","town":"大宇陀和田"}],"2132":[{"pref":"奈良県","city":"宇陀市","town":"大宇陀下品"}],"2133":[{"pref":"奈良県","city":"宇陀市","town":"大宇陀上品"}],"2134":[{"pref":"奈良県","city":"宇陀市","town":"大宇陀小和田"}],"2135":[{"pref":"奈良県","city":"宇陀市","town":"大宇陀東平尾"}],"2136":[{"pref":"奈良県","city":"宇陀市","town":"大宇陀大熊"}],"2137":[{"pref":"奈良県","city":"宇陀市","town":"大宇陀下片岡"}],"2138":[{"pref":"奈良県","city":"宇陀市","town":"大宇陀白鳥居"}],"2139":[{"pref":"奈良県","city":"宇陀市","town":"大宇陀山口"}],"2141":[{"pref":"奈良県","city":"宇陀市","town":"大宇陀上片岡"}],"2142":[{"pref":"奈良県","city":"宇陀市","town":"大宇陀田原"}],"2143":[{"pref":"奈良県","city":"宇陀市","town":"大宇陀牧"}],"2144":[{"pref":"奈良県","city":"宇陀市","town":"大宇陀栗野"}],"2151":[{"pref":"奈良県","city":"宇陀市","town":"大宇陀大東"}],"2152":[{"pref":"奈良県","city":"宇陀市","town":"大宇陀関戸"}],"2153":[{"pref":"奈良県","city":"宇陀市","town":"大宇陀下宮奥"}],"2154":[{"pref":"奈良県","city":"宇陀市","town":"大宇陀宮奥"}],"2155":[{"pref":"奈良県","city":"宇陀市","town":"大宇陀黒木"}],"2156":[{"pref":"奈良県","city":"宇陀市","town":"大宇陀本郷"}],"2161":[{"pref":"奈良県","city":"宇陀市","town":"大宇陀上新"}],"2162":[{"pref":"奈良県","city":"宇陀市","town":"大宇陀出新"}],"2163":[{"pref":"奈良県","city":"宇陀市","town":"大宇陀万六"}],"2164":[{"pref":"奈良県","city":"宇陀市","town":"大宇陀拾生"}],"2165":[{"pref":"奈良県","city":"宇陀市","town":"大宇陀中庄"}],"2166":[{"pref":"奈良県","city":"宇陀市","town":"大宇陀迫間"}],"2170":[{"pref":"奈良県","city":"宇陀市","town":"大宇陀下茶"}],"2171":[{"pref":"奈良県","city":"宇陀市","town":"大宇陀上茶"}],"2172":[{"pref":"奈良県","city":"宇陀市","town":"大宇陀上本"}],"2173":[{"pref":"奈良県","city":"宇陀市","town":"大宇陀上中"}],"2174":[{"pref":"奈良県","city":"宇陀市","town":"大宇陀上"}],"2175":[{"pref":"奈良県","city":"宇陀市","town":"大宇陀中新"}],"2176":[{"pref":"奈良県","city":"宇陀市","town":"大宇陀小出口"}],"2177":[{"pref":"奈良県","city":"宇陀市","town":"大宇陀下出口"}],"2178":[{"pref":"奈良県","city":"宇陀市","town":"大宇陀下中"}],"2179":[{"pref":"奈良県","city":"宇陀市","town":"大宇陀下本"}],"2201":[{"pref":"奈良県","city":"宇陀市","town":"菟田野平井"}],"2202":[{"pref":"奈良県","city":"宇陀市","town":"菟田野大神"}],"2203":[{"pref":"奈良県","city":"宇陀市","town":"菟田野見田"}],"2204":[{"pref":"奈良県","city":"宇陀市","town":"菟田野大澤"}],"2205":[{"pref":"奈良県","city":"宇陀市","town":"菟田野別所"}],"2211":[{"pref":"奈良県","city":"宇陀市","town":"菟田野入谷"}],"2212":[{"pref":"奈良県","city":"宇陀市","town":"菟田野下芳野"}],"2213":[{"pref":"奈良県","city":"宇陀市","town":"菟田野上芳野"}],"2214":[{"pref":"奈良県","city":"宇陀市","town":"菟田野岩端"}],"2215":[{"pref":"奈良県","city":"宇陀市","town":"菟田野東郷"}],"2221":[{"pref":"奈良県","city":"宇陀市","town":"菟田野松井"}],"2222":[{"pref":"奈良県","city":"宇陀市","town":"菟田野駒帰"}],"2223":[{"pref":"奈良県","city":"宇陀市","town":"菟田野宇賀志"}],"2224":[{"pref":"奈良県","city":"宇陀市","town":"菟田野佐倉"}],"2225":[{"pref":"奈良県","city":"宇陀市","town":"菟田野稲戸"}],"2226":[{"pref":"奈良県","city":"宇陀市","town":"菟田野古市場"}],"2227":[{"pref":"奈良県","city":"宇陀市","town":"菟田野岩崎"}],"2301":[{"pref":"奈良県","city":"吉野郡東吉野村","town":"滝野"}],"2302":[{"pref":"奈良県","city":"吉野郡東吉野村","town":"谷尻"}],"2303":[{"pref":"奈良県","city":"吉野郡東吉野村","town":"平野"}],"2304":[{"pref":"奈良県","city":"吉野郡東吉野村","town":"杉谷"}],"2311":[{"pref":"奈良県","city":"吉野郡東吉野村","town":"木津"}],"2312":[{"pref":"奈良県","city":"吉野郡東吉野村","town":"伊豆尾"}],"2313":[{"pref":"奈良県","city":"吉野郡東吉野村","town":"日裏"}],"2314":[{"pref":"奈良県","city":"吉野郡東吉野村","town":"萩原"}],"2400":[{"pref":"奈良県","city":"吉野郡東吉野村","town":"以下に掲載がない場合"}],"2421":[{"pref":"奈良県","city":"吉野郡東吉野村","town":"小川"}],"2422":[{"pref":"奈良県","city":"吉野郡東吉野村","town":"鷲家"}],"2423":[{"pref":"奈良県","city":"吉野郡東吉野村","town":"小栗栖"}],"2424":[{"pref":"奈良県","city":"吉野郡東吉野村","town":"中黒"}],"2431":[{"pref":"奈良県","city":"吉野郡東吉野村","town":"小"}],"2432":[{"pref":"奈良県","city":"吉野郡東吉野村","town":"木津川"}],"2433":[{"pref":"奈良県","city":"吉野郡東吉野村","town":"三尾"}],"2441":[{"pref":"奈良県","city":"吉野郡東吉野村","town":"狭戸"}],"2442":[{"pref":"奈良県","city":"吉野郡東吉野村","town":"大豆生"}],"2443":[{"pref":"奈良県","city":"吉野郡東吉野村","town":"麦谷"}],"2444":[{"pref":"奈良県","city":"吉野郡東吉野村","town":"大又"}],"0000":[{"pref":"奈良県","city":"桜井市","town":"以下に掲載がない場合"}],"0006":[{"pref":"奈良県","city":"桜井市","town":"赤尾"}],"0003":[{"pref":"奈良県","city":"桜井市","town":"朝倉台東"}],"0004":[{"pref":"奈良県","city":"桜井市","town":"朝倉台西"}],"0052":[{"pref":"奈良県","city":"桜井市","town":"浅古"}],"0071":[{"pref":"奈良県","city":"桜井市","town":"穴師"}],"0054":[{"pref":"奈良県","city":"桜井市","town":"阿部"}],"0055":[{"pref":"奈良県","city":"桜井市","town":"安倍木材団地"}],"0026":[{"pref":"奈良県","city":"桜井市","town":"飯盛塚"}],"0046":[{"pref":"奈良県","city":"桜井市","town":"池之内"}],"0122":[{"pref":"奈良県","city":"桜井市","town":"出雲"}],"0035":[{"pref":"奈良県","city":"桜井市","town":"今井谷"}],"0013":[{"pref":"奈良県","city":"桜井市","town":"岩坂"}],"0041":[{"pref":"奈良県","city":"桜井市","town":"上之宮"}],"0086":[{"pref":"奈良県","city":"桜井市","town":"江包"}],"0076":[{"pref":"奈良県","city":"桜井市","town":"大泉"}],"0048":[{"pref":"奈良県","city":"桜井市","town":"生田"}],"0084":[{"pref":"奈良県","city":"桜井市","town":"太田"}],"0062":[{"pref":"奈良県","city":"桜井市","town":"粟殿"}],"0014":[{"pref":"奈良県","city":"桜井市","town":"粟原"}],"0101":[{"pref":"奈良県","city":"桜井市","town":"小夫"}],"0103":[{"pref":"奈良県","city":"桜井市","town":"小夫嵩方"}],"0077":[{"pref":"奈良県","city":"桜井市","town":"大西"}],"0005":[{"pref":"奈良県","city":"桜井市","town":"忍阪"}],"0031":[{"pref":"奈良県","city":"桜井市","town":"下居"}],"0064":[{"pref":"奈良県","city":"桜井市","town":"戒重"}],"0133":[{"pref":"奈良県","city":"桜井市","town":"笠"}],"0002":[{"pref":"奈良県","city":"桜井市","town":"金屋"}],"0061":[{"pref":"奈良県","city":"桜井市","town":"上之庄"}],"0106":[{"pref":"奈良県","city":"桜井市","town":"萱森"}],"0063":[{"pref":"奈良県","city":"桜井市","town":"川合"}],"0051":[{"pref":"奈良県","city":"桜井市","town":"河西"}],"0022":[{"pref":"奈良県","city":"桜井市","town":"北音羽"}],"0034":[{"pref":"奈良県","city":"桜井市","town":"北山"}],"0065":[{"pref":"奈良県","city":"桜井市","town":"吉備"}],"0081":[{"pref":"奈良県","city":"桜井市","town":"草川"}],"0021":[{"pref":"奈良県","city":"桜井市","town":"倉橋"}],"0011":[{"pref":"奈良県","city":"桜井市","town":"黒崎"}],"0012":[{"pref":"奈良県","city":"桜井市","town":"狛"}],"0015":[{"pref":"奈良県","city":"桜井市","town":"下り尾"}],"0091":[{"pref":"奈良県","city":"桜井市","town":"桜井"}],"0017":[{"pref":"奈良県","city":"桜井市","town":"慈恩寺"}],"0074":[{"pref":"奈良県","city":"桜井市","town":"芝"}],"0042":[{"pref":"奈良県","city":"桜井市","town":"下"}],"0131":[{"pref":"奈良県","city":"桜井市","town":"修理枝"}],"0121":[{"pref":"奈良県","city":"桜井市","town":"白河"}],"0105":[{"pref":"奈良県","city":"桜井市","town":"白木"}],"0075":[{"pref":"奈良県","city":"桜井市","town":"新屋敷"}],"0104":[{"pref":"奈良県","city":"桜井市","town":"芹井"}],"0044":[{"pref":"奈良県","city":"桜井市","town":"高家"}],"0067":[{"pref":"奈良県","city":"桜井市","town":"大福"}],"0043":[{"pref":"奈良県","city":"桜井市","town":"高田"}],"0108":[{"pref":"奈良県","city":"桜井市","town":"滝倉"}],"0053":[{"pref":"奈良県","city":"桜井市","town":"谷"}],"0073":[{"pref":"奈良県","city":"桜井市","town":"茅原"}],"0083":[{"pref":"奈良県","city":"桜井市","town":"辻"}],"0032":[{"pref":"奈良県","city":"桜井市","town":"多武峰"}],"0007":[{"pref":"奈良県","city":"桜井市","town":"外山"}],"0079":[{"pref":"奈良県","city":"桜井市","town":"豊田"}],"0107":[{"pref":"奈良県","city":"桜井市","town":"中谷"}],"0033":[{"pref":"奈良県","city":"桜井市","town":"西口"}],"0066":[{"pref":"奈良県","city":"桜井市","town":"西之宮"}],"0072":[{"pref":"奈良県","city":"桜井市","town":"箸中"}],"0047":[{"pref":"奈良県","city":"桜井市","town":"橋本"}],"0112":[{"pref":"奈良県","city":"桜井市","town":"初瀬"}],"0024":[{"pref":"奈良県","city":"桜井市","town":"針道"}],"0068":[{"pref":"奈良県","city":"桜井市","town":"東新堂"}],"0085":[{"pref":"奈良県","city":"桜井市","town":"東田"}],"0078":[{"pref":"奈良県","city":"桜井市","town":"豊前"}],"0082":[{"pref":"奈良県","city":"桜井市","town":"巻野内"}],"0087":[{"pref":"奈良県","city":"桜井市","town":"大豆越"}],"0102":[{"pref":"奈良県","city":"桜井市","town":"三谷"}],"0023":[{"pref":"奈良県","city":"桜井市","town":"南音羽"}],"0001":[{"pref":"奈良県","city":"桜井市","town":"三輪"}],"0028":[{"pref":"奈良県","city":"桜井市","town":"百市"}],"0025":[{"pref":"奈良県","city":"桜井市","town":"八井内"}],"0045":[{"pref":"奈良県","city":"桜井市","town":"山田"}],"0036":[{"pref":"奈良県","city":"桜井市","town":"横柿"}],"0111":[{"pref":"奈良県","city":"桜井市","town":"吉隠"}],"0016":[{"pref":"奈良県","city":"桜井市","town":"竜谷"}],"0027":[{"pref":"奈良県","city":"桜井市","town":"鹿路"}],"0018":[{"pref":"奈良県","city":"桜井市","town":"脇本"}],"0132":[{"pref":"奈良県","city":"桜井市","town":"和田"}],"0200":[{"pref":"奈良県","city":"宇陀市","town":"以下に掲載がない場合"}],"0207":[{"pref":"奈良県","city":"宇陀市","town":"榛原赤瀬"}],"0256":[{"pref":"奈良県","city":"宇陀市","town":"榛原あかね台"}],"0213":[{"pref":"奈良県","city":"宇陀市","town":"榛原赤埴"}],"0231":[{"pref":"奈良県","city":"宇陀市","town":"榛原足立"}],"0243":[{"pref":"奈良県","city":"宇陀市","town":"榛原雨師"}],"0232":[{"pref":"奈良県","city":"宇陀市","town":"榛原池上"}],"0223":[{"pref":"奈良県","city":"宇陀市","town":"榛原石田"}],"0215":[{"pref":"奈良県","city":"宇陀市","town":"榛原内牧"}],"0225":[{"pref":"奈良県","city":"宇陀市","town":"榛原大貝"}],"0201":[{"pref":"奈良県","city":"宇陀市","town":"榛原戒場"}],"0245":[{"pref":"奈良県","city":"宇陀市","town":"榛原笠間"}],"0222":[{"pref":"奈良県","city":"宇陀市","town":"榛原上井足"}],"0228":[{"pref":"奈良県","city":"宇陀市","town":"榛原栗谷"}],"0252":[{"pref":"奈良県","city":"宇陀市","town":"榛原桜が丘"}],"0242":[{"pref":"奈良県","city":"宇陀市","town":"榛原篠楽"}],"0226":[{"pref":"奈良県","city":"宇陀市","town":"榛原澤"}],"0227":[{"pref":"奈良県","city":"宇陀市","town":"榛原三宮寺"}],"0217":[{"pref":"奈良県","city":"宇陀市","town":"榛原自明"}],"0241":[{"pref":"奈良県","city":"宇陀市","town":"榛原下井足"}],"0212":[{"pref":"奈良県","city":"宇陀市","town":"榛原高井"}],"0234":[{"pref":"奈良県","city":"宇陀市","town":"榛原高塚"}],"0254":[{"pref":"奈良県","city":"宇陀市","town":"榛原高萩台"}],"0255":[{"pref":"奈良県","city":"宇陀市","town":"榛原角柄"}],"0206":[{"pref":"奈良県","city":"宇陀市","town":"榛原天満台西"}],"0205":[{"pref":"奈良県","city":"宇陀市","town":"榛原天満台東"}],"0203":[{"pref":"奈良県","city":"宇陀市","town":"榛原長峯"}],"0211":[{"pref":"奈良県","city":"宇陀市","town":"榛原荷阪"}],"0208":[{"pref":"奈良県","city":"宇陀市","town":"榛原額井"}],"0221":[{"pref":"奈良県","city":"宇陀市","town":"榛原萩乃里"}],"0253":[{"pref":"奈良県","city":"宇陀市","town":"榛原萩原"}],"0257":[{"pref":"奈良県","city":"宇陀市","town":"榛原榛見が丘"}],"0251":[{"pref":"奈良県","city":"宇陀市","town":"榛原ひのき坂"}],"0218":[{"pref":"奈良県","city":"宇陀市","town":"榛原檜牧"}],"0235":[{"pref":"奈良県","city":"宇陀市","town":"榛原比布"}],"0204":[{"pref":"奈良県","city":"宇陀市","town":"榛原福地"}],"0233":[{"pref":"奈良県","city":"宇陀市","town":"榛原福西"}],"0236":[{"pref":"奈良県","city":"宇陀市","town":"榛原母里"}],"0214":[{"pref":"奈良県","city":"宇陀市","town":"榛原諸木野"}],"0244":[{"pref":"奈良県","city":"宇陀市","town":"榛原安田"}],"0216":[{"pref":"奈良県","city":"宇陀市","town":"榛原八滝"}],"0246":[{"pref":"奈良県","city":"宇陀市","town":"榛原柳"}],"0224":[{"pref":"奈良県","city":"宇陀市","town":"榛原山路"}],"0202":[{"pref":"奈良県","city":"宇陀市","town":"榛原山辺三"}],"0421":[{"pref":"奈良県","city":"宇陀市","town":"室生"}],"0315":[{"pref":"奈良県","city":"宇陀市","town":"室生大野"}],"0425":[{"pref":"奈良県","city":"宇陀市","town":"室生黒岩"}],"0317":[{"pref":"奈良県","city":"宇陀市","town":"室生三本松"}],"0422":[{"pref":"奈良県","city":"宇陀市","town":"室生下田口"}],"0313":[{"pref":"奈良県","city":"宇陀市","town":"室生瀧谷"}],"0424":[{"pref":"奈良県","city":"宇陀市","town":"室生田口元上田口"}],"0423":[{"pref":"奈良県","city":"宇陀市","town":"室生田口元角川"}],"0314":[{"pref":"奈良県","city":"宇陀市","town":"室生砥取"}],"0312":[{"pref":"奈良県","city":"宇陀市","town":"室生西谷"}],"0316":[{"pref":"奈良県","city":"宇陀市","town":"室生向渕"}],"0311":[{"pref":"奈良県","city":"宇陀市","town":"室生龍口"}]}