{"0000":[{"pref":"千葉県","city":"野田市","town":"以下に掲載がない場合"}],"0025":[{"pref":"千葉県","city":"野田市","town":"今上"}],"0055":[{"pref":"千葉県","city":"野田市","town":"岩名"}],"0017":[{"pref":"千葉県","city":"野田市","town":"大殿井"}],"0052":[{"pref":"千葉県","city":"野田市","town":"春日町"}],"0007":[{"pref":"千葉県","city":"野田市","town":"金杉"}],"0013":[{"pref":"千葉県","city":"野田市","town":"上三ケ尾"}],"0033":[{"pref":"千葉県","city":"野田市","town":"上花輪"}],"0034":[{"pref":"千葉県","city":"野田市","town":"上花輪新町"}],"0002":[{"pref":"千葉県","city":"野田市","town":"木野崎"}],"0057":[{"pref":"千葉県","city":"野田市","town":"光葉町"}],"0054":[{"pref":"千葉県","city":"野田市","town":"五木"}],"0056":[{"pref":"千葉県","city":"野田市","town":"五木新田"}],"0053":[{"pref":"千葉県","city":"野田市","town":"五木新町"}],"0045":[{"pref":"千葉県","city":"野田市","town":"座生"}],"0028":[{"pref":"千葉県","city":"野田市","town":"桜木"}],"0032":[{"pref":"千葉県","city":"野田市","town":"桜台"}],"0048":[{"pref":"千葉県","city":"野田市","town":"桜の里"}],"0043":[{"pref":"千葉県","city":"野田市","town":"清水"}],"0047":[{"pref":"千葉県","city":"野田市","town":"清水公園東"}],"0014":[{"pref":"千葉県","city":"野田市","town":"下三ケ尾"}],"0012":[{"pref":"千葉県","city":"野田市","town":"瀬戸"}],"0044":[{"pref":"千葉県","city":"野田市","town":"堤台"}],"0021":[{"pref":"千葉県","city":"野田市","town":"堤根"}],"0038":[{"pref":"千葉県","city":"野田市","town":"つつみ野"}],"0003":[{"pref":"千葉県","city":"野田市","town":"鶴奉"}],"0031":[{"pref":"千葉県","city":"野田市","town":"中根"}],"0035":[{"pref":"千葉県","city":"野田市","town":"中野台"}],"0036":[{"pref":"千葉県","city":"野田市","town":"中野台鹿島町"}],"0051":[{"pref":"千葉県","city":"野田市","town":"七光台"}],"0015":[{"pref":"千葉県","city":"野田市","town":"西三ケ尾"}],"0037":[{"pref":"千葉県","city":"野田市","town":"野田"}],"0026":[{"pref":"千葉県","city":"野田市","town":"花井"}],"0041":[{"pref":"千葉県","city":"野田市","town":"蕃昌"}],"0016":[{"pref":"千葉県","city":"野田市","town":"二ツ塚"}],"0027":[{"pref":"千葉県","city":"野田市","town":"みずき"}],"0011":[{"pref":"千葉県","city":"野田市","town":"三ツ堀"}],"0005":[{"pref":"千葉県","city":"野田市","town":"宮崎"}],"0001":[{"pref":"千葉県","city":"野田市","town":"目吹"}],"0046":[{"pref":"千葉県","city":"野田市","town":"谷津"}],"0006":[{"pref":"千葉県","city":"野田市","town":"柳沢"}],"0022":[{"pref":"千葉県","city":"野田市","town":"山崎"}],"0024":[{"pref":"千葉県","city":"野田市","town":"山崎梅の台"}],"0023":[{"pref":"千葉県","city":"野田市","town":"山崎貝塚町"}],"0029":[{"pref":"千葉県","city":"野田市","town":"山崎新町"}],"0004":[{"pref":"千葉県","city":"野田市","town":"横内"}],"0042":[{"pref":"千葉県","city":"野田市","town":"吉春"}]}