{"1100":[{"pref":"千葉県","city":"八街市","town":"以下に掲載がない場合"}],"1101":[{"pref":"千葉県","city":"八街市","town":"朝日"}],"1102":[{"pref":"千葉県","city":"八街市","town":"沖渡"}],"1103":[{"pref":"千葉県","city":"八街市","town":"八街に"}],"1104":[{"pref":"千葉県","city":"八街市","town":"文違"}],"1105":[{"pref":"千葉県","city":"八街市","town":"泉台"}],"1106":[{"pref":"千葉県","city":"八街市","town":"榎戸"}],"1107":[{"pref":"千葉県","city":"八街市","town":"八街は"}],"1108":[{"pref":"千葉県","city":"八街市","town":"雁丸"}],"1111":[{"pref":"千葉県","city":"八街市","town":"大木"}],"1112":[{"pref":"千葉県","city":"八街市","town":"木原"}],"1113":[{"pref":"千葉県","city":"八街市","town":"八街へ"}],"1114":[{"pref":"千葉県","city":"八街市","town":"東吉田"}],"1115":[{"pref":"千葉県","city":"八街市","town":"八街ほ"}],"1116":[{"pref":"千葉県","city":"八街市","town":"中央"}],"1121":[{"pref":"千葉県","city":"八街市","town":"砂"}],"1122":[{"pref":"千葉県","city":"八街市","town":"四木"}],"1123":[{"pref":"千葉県","city":"八街市","town":"滝台"}],"1124":[{"pref":"千葉県","city":"八街市","town":"山田台"}],"1125":[{"pref":"千葉県","city":"八街市","town":"上砂"}],"1126":[{"pref":"千葉県","city":"八街市","town":"沖"}],"1131":[{"pref":"千葉県","city":"八街市","town":"希望ケ丘"}],"1132":[{"pref":"千葉県","city":"八街市","town":"勢田"}],"1133":[{"pref":"千葉県","city":"八街市","town":"吉倉"}],"1134":[{"pref":"千葉県","city":"八街市","town":"大谷流"}],"1135":[{"pref":"千葉県","city":"八街市","town":"小谷流"}],"1136":[{"pref":"千葉県","city":"八街市","town":"根古谷"}],"1137":[{"pref":"千葉県","city":"八街市","town":"岡田"}],"1138":[{"pref":"千葉県","city":"八街市","town":"用草"}],"1141":[{"pref":"千葉県","city":"八街市","town":"富山"}],"1142":[{"pref":"千葉県","city":"八街市","town":"大関"}],"1143":[{"pref":"千葉県","city":"八街市","town":"八街い"}],"1144":[{"pref":"千葉県","city":"八街市","town":"八街ろ"}],"1145":[{"pref":"千葉県","city":"八街市","town":"みどり台"}],"1201":[{"pref":"千葉県","city":"山武市","town":"板川"}],"1202":[{"pref":"千葉県","city":"山武市","town":"中津田"}],"1203":[{"pref":"千葉県","city":"山武市","town":"麻生新田"}],"1204":[{"pref":"千葉県","city":"山武市","town":"戸田"}],"1205":[{"pref":"千葉県","city":"山武市","town":"椎崎"}],"1206":[{"pref":"千葉県","city":"山武市","town":"日向台"}],"1211":[{"pref":"千葉県","city":"山武市","town":"大木"}],"1212":[{"pref":"千葉県","city":"山武市","town":"木原"}],"1213":[{"pref":"千葉県","city":"山武市","town":"雨坪"}],"1214":[{"pref":"千葉県","city":"山武市","town":"森"}],"1215":[{"pref":"千葉県","city":"山武市","town":"矢部"}],"1216":[{"pref":"千葉県","city":"山武市","town":"植草"}],"1217":[{"pref":"千葉県","city":"山武市","town":"下布田"}],"1218":[{"pref":"千葉県","city":"山武市","town":"武勝"}],"1221":[{"pref":"千葉県","city":"山武市","town":"実門"}],"1222":[{"pref":"千葉県","city":"山武市","town":"板中新田"}],"1223":[{"pref":"千葉県","city":"山武市","town":"埴谷"}],"1224":[{"pref":"千葉県","city":"山武市","town":"美杉野"}],"1225":[{"pref":"千葉県","city":"山武市","town":"沖渡"}],"1226":[{"pref":"千葉県","city":"山武市","town":"横田"}],"1300":[{"pref":"千葉県","city":"山武市","town":"以下に掲載がない場合"}],"1301":[{"pref":"千葉県","city":"山武市","town":"木戸"}],"1302":[{"pref":"千葉県","city":"山武市","town":"小松"}],"1303":[{"pref":"千葉県","city":"山武市","town":"松ヶ谷"}],"1304":[{"pref":"千葉県","city":"山武市","town":"井之内"}],"1305":[{"pref":"千葉県","city":"山武市","town":"本須賀"}],"1306":[{"pref":"千葉県","city":"山武市","town":"白幡"}],"1311":[{"pref":"千葉県","city":"山武市","town":"早船"}],"1312":[{"pref":"千葉県","city":"山武市","town":"柴原"}],"1313":[{"pref":"千葉県","city":"山武市","town":"上横地"}],"1314":[{"pref":"千葉県","city":"山武市","town":"下横地"}],"1315":[{"pref":"千葉県","city":"山武市","town":"草深"}],"1316":[{"pref":"千葉県","city":"山武市","town":"五木田"}],"1317":[{"pref":"千葉県","city":"山武市","town":"小泉"}],"1318":[{"pref":"千葉県","city":"山武市","town":"寺崎"}],"1321":[{"pref":"千葉県","city":"山武市","town":"富田"}],"1322":[{"pref":"千葉県","city":"山武市","town":"富田幸谷"}],"1323":[{"pref":"千葉県","city":"山武市","town":"富口"}],"1324":[{"pref":"千葉県","city":"山武市","town":"殿台"}],"1325":[{"pref":"千葉県","city":"山武市","town":"島"}],"1326":[{"pref":"千葉県","city":"山武市","town":"成東"}],"1327":[{"pref":"千葉県","city":"山武市","town":"姫島"}],"1328":[{"pref":"千葉県","city":"山武市","town":"湯坂"}],"1331":[{"pref":"千葉県","city":"山武市","town":"川崎"}],"1332":[{"pref":"千葉県","city":"山武市","town":"親田"}],"1333":[{"pref":"千葉県","city":"山武市","town":"市場"}],"1334":[{"pref":"千葉県","city":"山武市","town":"和田"}],"1335":[{"pref":"千葉県","city":"山武市","town":"板附"}],"1341":[{"pref":"千葉県","city":"山武市","town":"野堀"}],"1342":[{"pref":"千葉県","city":"山武市","town":"嶋戸"}],"1343":[{"pref":"千葉県","city":"山武市","town":"真行寺"}],"1344":[{"pref":"千葉県","city":"山武市","town":"新泉"}],"1345":[{"pref":"千葉県","city":"山武市","town":"津辺"}],"1501":[{"pref":"千葉県","city":"山武市","town":"松尾町山室"}],"1502":[{"pref":"千葉県","city":"山武市","town":"松尾町引越"}],"1503":[{"pref":"千葉県","city":"山武市","town":"松尾町谷津"}],"1504":[{"pref":"千葉県","city":"山武市","town":"松尾町古和"}],"1505":[{"pref":"千葉県","city":"山武市","town":"松尾町金尾"}],"1506":[{"pref":"千葉県","city":"山武市","town":"松尾町上大蔵"}],"1507":[{"pref":"千葉県","city":"山武市","town":"松尾町小川"}],"1511":[{"pref":"千葉県","city":"山武市","town":"松尾町蕪木"}],"1512":[{"pref":"千葉県","city":"山武市","town":"松尾町八田"}],"1513":[{"pref":"千葉県","city":"山武市","town":"松尾町猿尾"}],"1514":[{"pref":"千葉県","city":"山武市","town":"松尾町松尾"}],"1515":[{"pref":"千葉県","city":"山武市","town":"松尾町富士見台"}],"1516":[{"pref":"千葉県","city":"山武市","town":"松尾町田越"}],"1517":[{"pref":"千葉県","city":"山武市","town":"松尾町下大蔵"}],"1521":[{"pref":"千葉県","city":"山武市","town":"松尾町本柏"}],"1522":[{"pref":"千葉県","city":"山武市","town":"松尾町高富"}],"1523":[{"pref":"千葉県","city":"山武市","town":"松尾町五反田"}],"1524":[{"pref":"千葉県","city":"山武市","town":"松尾町祝田"}],"1525":[{"pref":"千葉県","city":"山武市","town":"松尾町本水深"}],"1526":[{"pref":"千葉県","city":"山武市","town":"松尾町水深"}],"1527":[{"pref":"千葉県","city":"山武市","town":"松尾町大堤"}],"1531":[{"pref":"千葉県","city":"山武市","town":"松尾町木刀"}],"1532":[{"pref":"千葉県","city":"山武市","town":"松尾町武野里"}],"1533":[{"pref":"千葉県","city":"山武市","town":"松尾町広根"}],"1534":[{"pref":"千葉県","city":"山武市","town":"松尾町下野"}],"1535":[{"pref":"千葉県","city":"山武市","town":"松尾町折戸"}],"1536":[{"pref":"千葉県","city":"山武市","town":"松尾町下之郷"}],"1537":[{"pref":"千葉県","city":"山武市","town":"松尾町借毛本郷"}],"1600":[{"pref":"千葉県","city":"山武郡芝山町","town":"以下に掲載がない場合"}],"1601":[{"pref":"千葉県","city":"山武郡芝山町","town":"香山新田（その他）"}],"1602":[{"pref":"千葉県","city":"山武郡芝山町","town":"菱田（その他）"}],"1603":[{"pref":"千葉県","city":"山武郡芝山町","town":"大里（その他）"}],"1604":[{"pref":"千葉県","city":"山武郡芝山町","town":"飯櫃"}],"1605":[{"pref":"千葉県","city":"山武郡芝山町","town":"大台"}],"1606":[{"pref":"千葉県","city":"山武郡芝山町","town":"山田"}],"1607":[{"pref":"千葉県","city":"山武郡芝山町","town":"朝倉"}],"1608":[{"pref":"千葉県","city":"山武郡芝山町","town":"岩山（その他）"}],"1611":[{"pref":"千葉県","city":"山武郡芝山町","town":"小原子"}],"1612":[{"pref":"千葉県","city":"山武郡芝山町","town":"上吹入"}],"1613":[{"pref":"千葉県","city":"山武郡芝山町","town":"下吹入"}],"1614":[{"pref":"千葉県","city":"山武郡芝山町","town":"宮崎"}],"1615":[{"pref":"千葉県","city":"山武郡芝山町","town":"境"}],"1616":[{"pref":"千葉県","city":"山武郡芝山町","town":"高谷"}],"1617":[{"pref":"千葉県","city":"山武郡芝山町","town":"殿部田"}],"1618":[{"pref":"千葉県","city":"山武郡芝山町","town":"山中"}],"1619":[{"pref":"千葉県","city":"山武郡芝山町","town":"芝山"}],"1621":[{"pref":"千葉県","city":"山武郡芝山町","town":"牧野"}],"1622":[{"pref":"千葉県","city":"山武郡芝山町","town":"宝馬"}],"1623":[{"pref":"千葉県","city":"山武郡芝山町","town":"高田"}],"1624":[{"pref":"千葉県","city":"山武郡芝山町","town":"小池"}],"1625":[{"pref":"千葉県","city":"山武郡芝山町","town":"新井田"}],"1626":[{"pref":"千葉県","city":"山武郡芝山町","town":"新井田新田"}],"1700":[{"pref":"千葉県","city":"山武郡横芝光町","town":"以下に掲載がない場合"}],"1701":[{"pref":"千葉県","city":"山武郡横芝光町","town":"篠本"}],"1702":[{"pref":"千葉県","city":"山武郡横芝光町","town":"二又"}],"1703":[{"pref":"千葉県","city":"山武郡横芝光町","town":"傍示戸"}],"1704":[{"pref":"千葉県","city":"山武郡横芝光町","town":"富下"}],"1705":[{"pref":"千葉県","city":"山武郡横芝光町","town":"宝米"}],"1706":[{"pref":"千葉県","city":"山武郡横芝光町","town":"市野原"}],"1707":[{"pref":"千葉県","city":"山武郡横芝光町","town":"新井"}],"1708":[{"pref":"千葉県","city":"山武郡横芝光町","town":"篠本根切"}],"1711":[{"pref":"千葉県","city":"山武郡横芝光町","town":"小川台"}],"1712":[{"pref":"千葉県","city":"山武郡横芝光町","town":"台"}],"1713":[{"pref":"千葉県","city":"山武郡横芝光町","town":"小田部"}],"1714":[{"pref":"千葉県","city":"山武郡横芝光町","town":"母子"}],"1715":[{"pref":"千葉県","city":"山武郡横芝光町","town":"芝崎"}],"1716":[{"pref":"千葉県","city":"山武郡横芝光町","town":"芝崎南"}],"1717":[{"pref":"千葉県","city":"山武郡横芝光町","town":"虫生"}],"1721":[{"pref":"千葉県","city":"山武郡横芝光町","town":"谷中"}],"1722":[{"pref":"千葉県","city":"山武郡横芝光町","town":"目篠"}],"1723":[{"pref":"千葉県","city":"山武郡横芝光町","town":"上原"}],"1724":[{"pref":"千葉県","city":"山武郡横芝光町","town":"原方"}],"1725":[{"pref":"千葉県","city":"山武郡横芝光町","town":"尾垂"}],"1726":[{"pref":"千葉県","city":"山武郡横芝光町","town":"木戸"}],"1727":[{"pref":"千葉県","city":"山武郡横芝光町","town":"宮川"}],"1731":[{"pref":"千葉県","city":"山武郡横芝光町","town":"古川"}],"1732":[{"pref":"千葉県","city":"山武郡横芝光町","town":"横芝"}],"1733":[{"pref":"千葉県","city":"山武郡横芝光町","town":"栗山"}],"1734":[{"pref":"千葉県","city":"山武郡横芝光町","town":"北清水"}],"1735":[{"pref":"千葉県","city":"山武郡横芝光町","town":"屋形"}],"1736":[{"pref":"千葉県","city":"山武郡横芝光町","town":"新島"}],"1737":[{"pref":"千葉県","city":"山武郡横芝光町","town":"鳥喰下"}],"1738":[{"pref":"千葉県","city":"山武郡横芝光町","town":"鳥喰上"}],"1739":[{"pref":"千葉県","city":"山武郡横芝光町","town":"鳥喰新田"}],"1741":[{"pref":"千葉県","city":"山武郡横芝光町","town":"中台"}],"1742":[{"pref":"千葉県","city":"山武郡横芝光町","town":"牛熊"}],"1743":[{"pref":"千葉県","city":"山武郡横芝光町","town":"谷台"}],"1744":[{"pref":"千葉県","city":"山武郡横芝光町","town":"木戸台"}],"1745":[{"pref":"千葉県","city":"山武郡横芝光町","town":"小堤"}],"1746":[{"pref":"千葉県","city":"山武郡横芝光町","town":"寺方"}],"1747":[{"pref":"千葉県","city":"山武郡横芝光町","town":"曽根合"}],"1748":[{"pref":"千葉県","city":"山武郡横芝光町","town":"於幾"}],"1749":[{"pref":"千葉県","city":"山武郡横芝光町","town":"両国新田"}],"1751":[{"pref":"千葉県","city":"山武郡横芝光町","town":"長山台"}],"1752":[{"pref":"千葉県","city":"山武郡横芝光町","town":"姥山"}],"1753":[{"pref":"千葉県","city":"山武郡横芝光町","town":"取立"}],"1754":[{"pref":"千葉県","city":"山武郡横芝光町","town":"坂田"}],"1755":[{"pref":"千葉県","city":"山武郡横芝光町","town":"坂田池"}],"1756":[{"pref":"千葉県","city":"山武郡横芝光町","town":"長倉"}],"1757":[{"pref":"千葉県","city":"山武郡横芝光町","town":"遠山"}],"1801":[{"pref":"千葉県","city":"山武市","town":"蓮沼イ"}],"1802":[{"pref":"千葉県","city":"山武市","town":"蓮沼ロ"}],"1803":[{"pref":"千葉県","city":"山武市","town":"蓮沼ホ"}],"1804":[{"pref":"千葉県","city":"山武市","town":"蓮沼平"}],"1805":[{"pref":"千葉県","city":"山武市","town":"蓮沼ニ"}],"1806":[{"pref":"千葉県","city":"山武市","town":"蓮沼ハ"}],"2100":[{"pref":"千葉県","city":"匝瑳市","town":"以下に掲載がない場合"}],"2101":[{"pref":"千葉県","city":"匝瑳市","town":"春海"}],"2102":[{"pref":"千葉県","city":"匝瑳市","town":"椿"}],"2103":[{"pref":"千葉県","city":"匝瑳市","town":"宮本"}],"2104":[{"pref":"千葉県","city":"匝瑳市","town":"生尾"}],"2105":[{"pref":"千葉県","city":"匝瑳市","town":"山桑"}],"2106":[{"pref":"千葉県","city":"匝瑳市","town":"飯塚"}],"2107":[{"pref":"千葉県","city":"匝瑳市","town":"米持"}],"2108":[{"pref":"千葉県","city":"匝瑳市","town":"大寺"}],"2111":[{"pref":"千葉県","city":"匝瑳市","town":"川向"}],"2112":[{"pref":"千葉県","city":"匝瑳市","town":"荻野"}],"2113":[{"pref":"千葉県","city":"匝瑳市","town":"平木"}],"2114":[{"pref":"千葉県","city":"匝瑳市","town":"上谷中"}],"2115":[{"pref":"千葉県","city":"匝瑳市","town":"東谷"}],"2121":[{"pref":"千葉県","city":"匝瑳市","town":"東小笹"}],"2122":[{"pref":"千葉県","city":"匝瑳市","town":"吉崎"}],"2123":[{"pref":"千葉県","city":"匝瑳市","town":"長谷"}],"2124":[{"pref":"千葉県","city":"匝瑳市","town":"登戸"}],"2125":[{"pref":"千葉県","city":"匝瑳市","town":"西小笹"}],"2131":[{"pref":"千葉県","city":"匝瑳市","town":"みどり平"}],"2132":[{"pref":"千葉県","city":"匝瑳市","town":"高"}],"2133":[{"pref":"千葉県","city":"匝瑳市","town":"蕪里"}],"2134":[{"pref":"千葉県","city":"匝瑳市","town":"横須賀"}],"2135":[{"pref":"千葉県","city":"匝瑳市","town":"高野"}],"2136":[{"pref":"千葉県","city":"匝瑳市","town":"時曽根"}],"2141":[{"pref":"千葉県","city":"匝瑳市","town":"八日市場ハ"}],"2142":[{"pref":"千葉県","city":"匝瑳市","town":"八日市場ニ"}],"2143":[{"pref":"千葉県","city":"匝瑳市","town":"八日市場ロ"}],"2144":[{"pref":"千葉県","city":"匝瑳市","town":"八日市場イ"}],"2145":[{"pref":"千葉県","city":"匝瑳市","town":"若潮町"}],"2146":[{"pref":"千葉県","city":"匝瑳市","town":"八日市場ホ"}],"2147":[{"pref":"千葉県","city":"匝瑳市","town":"飯倉"}],"2148":[{"pref":"千葉県","city":"匝瑳市","town":"飯倉台"}],"2149":[{"pref":"千葉県","city":"匝瑳市","town":"貝塚"}],"2151":[{"pref":"千葉県","city":"匝瑳市","town":"大浦"}],"2152":[{"pref":"千葉県","city":"匝瑳市","town":"松山"}],"2153":[{"pref":"千葉県","city":"匝瑳市","town":"中台"}],"2154":[{"pref":"千葉県","city":"匝瑳市","town":"富岡"}],"2155":[{"pref":"千葉県","city":"匝瑳市","town":"八辺"}],"2156":[{"pref":"千葉県","city":"匝瑳市","town":"長岡"}],"2157":[{"pref":"千葉県","city":"匝瑳市","town":"堀之内"}],"2161":[{"pref":"千葉県","city":"匝瑳市","town":"入山崎"}],"2162":[{"pref":"千葉県","city":"匝瑳市","town":"南山崎"}],"2163":[{"pref":"千葉県","city":"匝瑳市","town":"南神崎"}],"2164":[{"pref":"千葉県","city":"匝瑳市","town":"木積"}],"2165":[{"pref":"千葉県","city":"匝瑳市","town":"田久保"}],"2166":[{"pref":"千葉県","city":"匝瑳市","town":"新"}],"2167":[{"pref":"千葉県","city":"匝瑳市","town":"亀崎"}],"2168":[{"pref":"千葉県","city":"匝瑳市","town":"久方"}],"2169":[{"pref":"千葉県","city":"匝瑳市","town":"吉田"}],"2171":[{"pref":"千葉県","city":"匝瑳市","town":"内山"}],"2172":[{"pref":"千葉県","city":"匝瑳市","town":"城下"}],"2173":[{"pref":"千葉県","city":"匝瑳市","town":"飯高"}],"2174":[{"pref":"千葉県","city":"匝瑳市","town":"公崎"}],"2175":[{"pref":"千葉県","city":"匝瑳市","town":"片子"}],"2176":[{"pref":"千葉県","city":"匝瑳市","town":"大堀"}],"2177":[{"pref":"千葉県","city":"匝瑳市","town":"金原"}],"2178":[{"pref":"千葉県","city":"匝瑳市","town":"安久山"}],"2179":[{"pref":"千葉県","city":"匝瑳市","town":"小高"}],"2200":[{"pref":"千葉県","city":"香取郡多古町","town":"以下に掲載がない場合"}],"2231":[{"pref":"千葉県","city":"香取郡多古町","town":"飯笹"}],"2232":[{"pref":"千葉県","city":"香取郡多古町","town":"喜多"}],"2233":[{"pref":"千葉県","city":"香取郡多古町","town":"林"}],"2234":[{"pref":"千葉県","city":"香取郡多古町","town":"五反田"}],"2235":[{"pref":"千葉県","city":"香取郡多古町","town":"間倉"}],"2236":[{"pref":"千葉県","city":"香取郡多古町","town":"一鍬田（その他）"}],"2241":[{"pref":"千葉県","city":"香取郡多古町","town":"多古"}],"2242":[{"pref":"千葉県","city":"香取郡多古町","town":"染井"}],"2243":[{"pref":"千葉県","city":"香取郡多古町","town":"島"}],"2244":[{"pref":"千葉県","city":"香取郡多古町","town":"船越"}],"2245":[{"pref":"千葉県","city":"香取郡多古町","town":"牛尾"}],"2246":[{"pref":"千葉県","city":"香取郡多古町","town":"千田"}],"2247":[{"pref":"千葉県","city":"香取郡多古町","town":"水戸"}],"2251":[{"pref":"千葉県","city":"香取郡多古町","town":"北中"}],"2252":[{"pref":"千葉県","city":"香取郡多古町","town":"南和田"}],"2253":[{"pref":"千葉県","city":"香取郡多古町","town":"南借当"}],"2254":[{"pref":"千葉県","city":"香取郡多古町","town":"東輝"}],"2255":[{"pref":"千葉県","city":"香取郡多古町","town":"南並木"}],"2256":[{"pref":"千葉県","city":"香取郡多古町","town":"中村新田"}],"2257":[{"pref":"千葉県","city":"香取郡多古町","town":"南中"}],"2301":[{"pref":"千葉県","city":"香取郡多古町","town":"出沼"}],"2302":[{"pref":"千葉県","city":"香取郡多古町","town":"桧木"}],"2303":[{"pref":"千葉県","city":"香取郡多古町","town":"大門"}],"2304":[{"pref":"千葉県","city":"香取郡多古町","town":"高津原"}],"2305":[{"pref":"千葉県","city":"香取郡多古町","town":"大高"}],"2306":[{"pref":"千葉県","city":"香取郡多古町","town":"十余三"}],"2311":[{"pref":"千葉県","city":"香取郡多古町","town":"本三倉"}],"2312":[{"pref":"千葉県","city":"香取郡多古町","town":"谷三倉"}],"2313":[{"pref":"千葉県","city":"香取郡多古町","town":"次浦"}],"2314":[{"pref":"千葉県","city":"香取郡多古町","town":"西古内"}],"2315":[{"pref":"千葉県","city":"香取郡多古町","town":"御所台"}],"2316":[{"pref":"千葉県","city":"香取郡多古町","town":"寺作"}],"2317":[{"pref":"千葉県","city":"香取郡多古町","town":"井戸山"}],"2321":[{"pref":"千葉県","city":"香取郡多古町","town":"東松崎"}],"2322":[{"pref":"千葉県","city":"香取郡多古町","town":"坂"}],"2323":[{"pref":"千葉県","city":"香取郡多古町","town":"方田"}],"2324":[{"pref":"千葉県","city":"香取郡多古町","town":"川島"}],"2325":[{"pref":"千葉県","city":"香取郡多古町","town":"南玉造"}],"2500":[{"pref":"千葉県","city":"旭市","town":"以下に掲載がない場合"}],"2501":[{"pref":"千葉県","city":"旭市","town":"新町"}],"2502":[{"pref":"千葉県","city":"旭市","town":"琴田（その他）"}],"2503":[{"pref":"千葉県","city":"旭市","town":"江ケ崎（その他）"}],"2504":[{"pref":"千葉県","city":"旭市","town":"ニ"}],"2505":[{"pref":"千葉県","city":"旭市","town":"鎌数"}],"2511":[{"pref":"千葉県","city":"旭市","town":"イ"}],"2512":[{"pref":"千葉県","city":"旭市","town":"東足洗"}],"2513":[{"pref":"千葉県","city":"旭市","town":"野中"}],"2514":[{"pref":"千葉県","city":"旭市","town":"椎名内"}],"2515":[{"pref":"千葉県","city":"旭市","town":"西足洗"}],"2516":[{"pref":"千葉県","city":"旭市","town":"ロ"}],"2521":[{"pref":"千葉県","city":"旭市","town":"ハ"}],"2522":[{"pref":"千葉県","city":"旭市","town":"足川"}],"2523":[{"pref":"千葉県","city":"旭市","town":"中谷里"}],"2524":[{"pref":"千葉県","city":"旭市","town":"神宮寺"}],"2525":[{"pref":"千葉県","city":"旭市","town":"仁玉"}],"2531":[{"pref":"千葉県","city":"旭市","town":"井戸野"}],"2532":[{"pref":"千葉県","city":"旭市","town":"駒込"}],"2533":[{"pref":"千葉県","city":"旭市","town":"大塚原"}],"2534":[{"pref":"千葉県","city":"旭市","town":"泉川"}],"2535":[{"pref":"千葉県","city":"旭市","town":"川口"}],"2601":[{"pref":"千葉県","city":"旭市","town":"松ケ谷"}],"2602":[{"pref":"千葉県","city":"旭市","town":"岩井"}],"2603":[{"pref":"千葉県","city":"旭市","town":"大間手"}],"2604":[{"pref":"千葉県","city":"旭市","town":"高生"}],"2605":[{"pref":"千葉県","city":"旭市","town":"琴田（８５～１６０、１３８６～１８１５、２５９３～２８２０、"},{"pref":"千葉県","city":"旭市","town":"３５９８～３６１４番地）"}],"2606":[{"pref":"千葉県","city":"旭市","town":"清滝"}],"2607":[{"pref":"千葉県","city":"旭市","town":"幾世"}],"2611":[{"pref":"千葉県","city":"旭市","town":"倉橋"}],"2612":[{"pref":"千葉県","city":"旭市","town":"蛇園"}],"2613":[{"pref":"千葉県","city":"旭市","town":"後草"}],"2614":[{"pref":"千葉県","city":"旭市","town":"江ケ崎（１２～２２、１２７～１４０、１７０９、１７２３－３、"},{"pref":"千葉県","city":"旭市","town":"１７２８－４番地）"}],"2615":[{"pref":"千葉県","city":"旭市","town":"長尾"}],"2616":[{"pref":"千葉県","city":"旭市","town":"見広"}],"2701":[{"pref":"千葉県","city":"旭市","town":"狢野"}],"2702":[{"pref":"千葉県","city":"旭市","town":"塙"}],"2703":[{"pref":"千葉県","city":"旭市","town":"八木"}],"2704":[{"pref":"千葉県","city":"旭市","town":"上永井"}],"2705":[{"pref":"千葉県","city":"旭市","town":"飯岡"}],"2706":[{"pref":"千葉県","city":"旭市","town":"下永井"}],"2707":[{"pref":"千葉県","city":"旭市","town":"行内"}],"2708":[{"pref":"千葉県","city":"旭市","town":"平松"}],"2711":[{"pref":"千葉県","city":"旭市","town":"岩崎"}],"2712":[{"pref":"千葉県","city":"旭市","town":"横根"}],"2713":[{"pref":"千葉県","city":"旭市","town":"萩園"}],"2714":[{"pref":"千葉県","city":"旭市","town":"三川"}],"2715":[{"pref":"千葉県","city":"旭市","town":"権田沼新田"}],"3181":[{"pref":"千葉県","city":"匝瑳市","town":"野手"}],"3182":[{"pref":"千葉県","city":"匝瑳市","town":"今泉"}],"3183":[{"pref":"千葉県","city":"匝瑳市","town":"新堀"}],"3184":[{"pref":"千葉県","city":"匝瑳市","town":"栢田"}],"3185":[{"pref":"千葉県","city":"匝瑳市","town":"堀川"}],"3186":[{"pref":"千葉県","city":"匝瑳市","town":"川辺"}],"0112":[{"pref":"千葉県","city":"成田市","town":"青山"}],"0121":[{"pref":"千葉県","city":"成田市","town":"大菅"}],"0109":[{"pref":"千葉県","city":"成田市","town":"大和田"}],"0106":[{"pref":"千葉県","city":"成田市","town":"小野"}],"0113":[{"pref":"千葉県","city":"成田市","town":"倉水"}],"0101":[{"pref":"千葉県","city":"成田市","town":"小浮"}],"0107":[{"pref":"千葉県","city":"成田市","town":"猿山"}],"0115":[{"pref":"千葉県","city":"成田市","town":"地蔵原新田"}],"0126":[{"pref":"千葉県","city":"成田市","town":"新川"}],"0103":[{"pref":"千葉県","city":"成田市","town":"高"}],"0108":[{"pref":"千葉県","city":"成田市","town":"高岡"}],"0122":[{"pref":"千葉県","city":"成田市","town":"高倉"}],"0104":[{"pref":"千葉県","city":"成田市","town":"冬父"}],"0105":[{"pref":"千葉県","city":"成田市","town":"中里"}],"0111":[{"pref":"千葉県","city":"成田市","town":"名木"}],"0116":[{"pref":"千葉県","city":"成田市","town":"名古屋"}],"0117":[{"pref":"千葉県","city":"成田市","town":"七沢"}],"0125":[{"pref":"千葉県","city":"成田市","town":"滑川"}],"0114":[{"pref":"千葉県","city":"成田市","town":"成井"}],"0124":[{"pref":"千葉県","city":"成田市","town":"西大須賀"}],"0102":[{"pref":"千葉県","city":"成田市","town":"野馬込"}],"0123":[{"pref":"千葉県","city":"成田市","town":"四谷"}],"0518":[{"pref":"千葉県","city":"旭市","town":"秋田"}],"0515":[{"pref":"千葉県","city":"旭市","town":"入野"}],"0511":[{"pref":"千葉県","city":"旭市","town":"鏑木"}],"0504":[{"pref":"千葉県","city":"旭市","town":"櫻井"}],"0506":[{"pref":"千葉県","city":"旭市","town":"さくら台"}],"0501":[{"pref":"千葉県","city":"旭市","town":"清和乙"}],"0507":[{"pref":"千葉県","city":"旭市","town":"清和甲"}],"0514":[{"pref":"千葉県","city":"旭市","town":"関戸"}],"0502":[{"pref":"千葉県","city":"旭市","town":"長部"}],"0513":[{"pref":"千葉県","city":"旭市","town":"舟戸"}],"0505":[{"pref":"千葉県","city":"旭市","town":"萬歳"}],"0517":[{"pref":"千葉県","city":"旭市","town":"萬力"}],"0503":[{"pref":"千葉県","city":"旭市","town":"溝原"}],"0512":[{"pref":"千葉県","city":"旭市","town":"南堀之内"}],"0516":[{"pref":"千葉県","city":"旭市","town":"米込"}],"0321":[{"pref":"千葉県","city":"香取市","town":"阿玉川"}],"0326":[{"pref":"千葉県","city":"香取市","town":"阿玉台"}],"0346":[{"pref":"千葉県","city":"香取市","town":"油田"}],"0324":[{"pref":"千葉県","city":"香取市","town":"和泉"}],"0301":[{"pref":"千葉県","city":"香取市","town":"一ノ分目"}],"0333":[{"pref":"千葉県","city":"香取市","town":"入会地"}],"0349":[{"pref":"千葉県","city":"香取市","town":"内野"}],"0425":[{"pref":"千葉県","city":"香取市","town":"大角"}],"0323":[{"pref":"千葉県","city":"香取市","town":"岡飯田"}],"0423":[{"pref":"千葉県","city":"香取市","town":"小川"}],"0402":[{"pref":"千葉県","city":"香取市","town":"小見"}],"0313":[{"pref":"千葉県","city":"香取市","town":"小見川"}],"0348":[{"pref":"千葉県","city":"香取市","town":"織幡"}],"0325":[{"pref":"千葉県","city":"香取市","town":"貝塚"}],"0306":[{"pref":"千葉県","city":"香取市","town":"上小堀"}],"0334":[{"pref":"千葉県","city":"香取市","town":"川頭"}],"0403":[{"pref":"千葉県","city":"香取市","town":"川上"}],"0408":[{"pref":"千葉県","city":"香取市","town":"神生"}],"0335":[{"pref":"千葉県","city":"香取市","town":"北原地新田"}],"0337":[{"pref":"千葉県","city":"香取市","town":"木内"}],"0308":[{"pref":"千葉県","city":"香取市","town":"木内虫幡上小堀入会地大平"}],"0422":[{"pref":"千葉県","city":"香取市","town":"桐谷"}],"0327":[{"pref":"千葉県","city":"香取市","town":"久保"}],"0404":[{"pref":"千葉県","city":"香取市","town":"高野"}],"0328":[{"pref":"千葉県","city":"香取市","town":"五郷内"}],"0401":[{"pref":"千葉県","city":"香取市","town":"米野井"}],"0302":[{"pref":"千葉県","city":"香取市","town":"三ノ分目"}],"0413":[{"pref":"千葉県","city":"香取市","town":"志高"}],"0322":[{"pref":"千葉県","city":"香取市","town":"下飯田"}],"0338":[{"pref":"千葉県","city":"香取市","town":"下小川"}],"0304":[{"pref":"千葉県","city":"香取市","town":"下小堀"}],"0344":[{"pref":"千葉県","city":"香取市","town":"白井"}],"0336":[{"pref":"千葉県","city":"香取市","town":"新々田"}],"0405":[{"pref":"千葉県","city":"香取市","town":"竹之内"}],"0406":[{"pref":"千葉県","city":"香取市","town":"田部"}],"0303":[{"pref":"千葉県","city":"香取市","town":"富田"}],"0414":[{"pref":"千葉県","city":"香取市","town":"長岡"}],"0424":[{"pref":"千葉県","city":"香取市","town":"新里"}],"0407":[{"pref":"千葉県","city":"香取市","town":"仁良"}],"0314":[{"pref":"千葉県","city":"香取市","town":"野田"}],"0347":[{"pref":"千葉県","city":"香取市","town":"旗鉾"}],"0345":[{"pref":"千葉県","city":"香取市","town":"八本"}],"0421":[{"pref":"千葉県","city":"香取市","town":"鳩山"}],"0331":[{"pref":"千葉県","city":"香取市","town":"羽根川"}],"0329":[{"pref":"千葉県","city":"香取市","town":"布野"}],"0411":[{"pref":"千葉県","city":"香取市","town":"府馬"}],"0412":[{"pref":"千葉県","city":"香取市","town":"古内"}],"0312":[{"pref":"千葉県","city":"香取市","town":"本郷"}],"0307":[{"pref":"千葉県","city":"香取市","town":"増田"}],"0332":[{"pref":"千葉県","city":"香取市","town":"南原地新田"}],"0341":[{"pref":"千葉県","city":"香取市","town":"虫幡"}],"0343":[{"pref":"千葉県","city":"香取市","town":"山川"}],"0426":[{"pref":"千葉県","city":"香取市","town":"山倉"}],"0311":[{"pref":"千葉県","city":"香取市","town":"八日市場"}],"0342":[{"pref":"千葉県","city":"香取市","town":"竜谷"}],"0305":[{"pref":"千葉県","city":"香取市","town":"分郷"}],"0100":[{"pref":"千葉県","city":"香取郡神崎町","town":"以下に掲載がない場合"}],"0205":[{"pref":"千葉県","city":"香取郡神崎町","town":"今"}],"0216":[{"pref":"千葉県","city":"香取郡神崎町","town":"植房"}],"0203":[{"pref":"千葉県","city":"香取郡神崎町","town":"大貫"}],"0214":[{"pref":"千葉県","city":"香取郡神崎町","town":"毛成"}],"0226":[{"pref":"千葉県","city":"香取郡神崎町","town":"神崎神宿"}],"0221":[{"pref":"千葉県","city":"香取郡神崎町","town":"神崎本宿"}],"0201":[{"pref":"千葉県","city":"香取郡神崎町","town":"高谷"}],"0202":[{"pref":"千葉県","city":"香取郡神崎町","town":"郡"}],"0215":[{"pref":"千葉県","city":"香取郡神崎町","town":"古原"}],"0223":[{"pref":"千葉県","city":"香取郡神崎町","town":"小松"}],"0204":[{"pref":"千葉県","city":"香取郡神崎町","town":"四季の丘"}],"0225":[{"pref":"千葉県","city":"香取郡神崎町","town":"十三間戸"}],"0213":[{"pref":"千葉県","city":"香取郡神崎町","town":"新"}],"0212":[{"pref":"千葉県","city":"香取郡神崎町","town":"武田"}],"0211":[{"pref":"千葉県","city":"香取郡神崎町","town":"立野"}],"0222":[{"pref":"千葉県","city":"香取郡神崎町","town":"並木"}],"0217":[{"pref":"千葉県","city":"香取郡神崎町","town":"藤の台"}],"0224":[{"pref":"千葉県","city":"香取郡神崎町","town":"松崎"}],"0600":[{"pref":"千葉県","city":"香取郡東庄町","town":"以下に掲載がない場合"}],"0627":[{"pref":"千葉県","city":"香取郡東庄町","town":"粟野"}],"0612":[{"pref":"千葉県","city":"香取郡東庄町","town":"石出"}],"0619":[{"pref":"千葉県","city":"香取郡東庄町","town":"今郡"}],"0633":[{"pref":"千葉県","city":"香取郡東庄町","town":"大久保"}],"0621":[{"pref":"千葉県","city":"香取郡東庄町","town":"大友"}],"0615":[{"pref":"千葉県","city":"香取郡東庄町","town":"青馬"}],"0622":[{"pref":"千葉県","city":"香取郡東庄町","town":"小座"}],"0635":[{"pref":"千葉県","city":"香取郡東庄町","town":"神田"}],"0632":[{"pref":"千葉県","city":"香取郡東庄町","town":"窪野谷"}],"0637":[{"pref":"千葉県","city":"香取郡東庄町","town":"小貝野"}],"0624":[{"pref":"千葉県","city":"香取郡東庄町","town":"小南"}],"0601":[{"pref":"千葉県","city":"香取郡東庄町","town":"笹川い"}],"0602":[{"pref":"千葉県","city":"香取郡東庄町","town":"笹川ろ"}],"0616":[{"pref":"千葉県","city":"香取郡東庄町","town":"高部"}],"0636":[{"pref":"千葉県","city":"香取郡東庄町","town":"東和田"}],"0625":[{"pref":"千葉県","city":"香取郡東庄町","town":"夏目"}],"0611":[{"pref":"千葉県","city":"香取郡東庄町","town":"新宿"}],"0617":[{"pref":"千葉県","city":"香取郡東庄町","town":"羽計"}],"0613":[{"pref":"千葉県","city":"香取郡東庄町","town":"東今泉"}],"0631":[{"pref":"千葉県","city":"香取郡東庄町","town":"平山"}],"0634":[{"pref":"千葉県","city":"香取郡東庄町","town":"舟戸"}],"0623":[{"pref":"千葉県","city":"香取郡東庄町","town":"宮野台"}],"0614":[{"pref":"千葉県","city":"香取郡東庄町","town":"宮本"}],"0626":[{"pref":"千葉県","city":"香取郡東庄町","town":"八重穂"}],"0618":[{"pref":"千葉県","city":"香取郡東庄町","town":"谷津"}]}