{"1131":[{"pref":"岡山県","city":"岡山市北区","town":"日応寺"}],"1132":[{"pref":"岡山県","city":"岡山市北区","town":"田原"}],"1133":[{"pref":"岡山県","city":"岡山市北区","town":"富吉"}],"1134":[{"pref":"岡山県","city":"岡山市北区","town":"三和"}],"1141":[{"pref":"岡山県","city":"岡山市北区","town":"菅野"}],"1142":[{"pref":"岡山県","city":"岡山市北区","town":"高野"}],"1143":[{"pref":"岡山県","city":"岡山市北区","town":"吉宗"}],"1144":[{"pref":"岡山県","city":"岡山市北区","town":"栢谷"}],"1145":[{"pref":"岡山県","city":"岡山市北区","town":"横井上"}],"1151":[{"pref":"岡山県","city":"岡山市北区","town":"津高台"}],"1152":[{"pref":"岡山県","city":"岡山市北区","town":"津高"}],"1153":[{"pref":"岡山県","city":"岡山市北区","town":"富原"}],"1154":[{"pref":"岡山県","city":"岡山市北区","town":"田益"}],"1201":[{"pref":"岡山県","city":"岡山市北区","town":"首部"}],"1202":[{"pref":"岡山県","city":"岡山市北区","town":"楢津"}],"1203":[{"pref":"岡山県","city":"岡山市北区","town":"一宮山崎"}],"1204":[{"pref":"岡山県","city":"岡山市北区","town":"今岡"}],"1205":[{"pref":"岡山県","city":"岡山市北区","town":"佐山"}],"1211":[{"pref":"岡山県","city":"岡山市北区","town":"一宮"}],"1212":[{"pref":"岡山県","city":"岡山市北区","town":"尾上"}],"1213":[{"pref":"岡山県","city":"岡山市北区","town":"西辛川"}],"1214":[{"pref":"岡山県","city":"岡山市北区","town":"辛川市場"}],"1221":[{"pref":"岡山県","city":"岡山市北区","town":"芳賀"}],"1222":[{"pref":"岡山県","city":"岡山市北区","town":"松尾"}],"1223":[{"pref":"岡山県","city":"岡山市北区","town":"大窪"}],"1224":[{"pref":"岡山県","city":"岡山市北区","town":"長野"}],"1225":[{"pref":"岡山県","city":"岡山市北区","town":"福谷"}],"1226":[{"pref":"岡山県","city":"岡山市北区","town":"横尾"}],"1331":[{"pref":"岡山県","city":"岡山市北区","town":"高松稲荷"}],"1332":[{"pref":"岡山県","city":"岡山市北区","town":"平山"}],"1333":[{"pref":"岡山県","city":"岡山市北区","town":"立田"}],"1334":[{"pref":"岡山県","city":"岡山市北区","town":"高松原古才"}],"1335":[{"pref":"岡山県","city":"岡山市北区","town":"高松"}],"1336":[{"pref":"岡山県","city":"岡山市北区","town":"大崎"}],"1337":[{"pref":"岡山県","city":"岡山市北区","town":"和井元"}],"1341":[{"pref":"岡山県","city":"岡山市北区","town":"吉備津"}],"1342":[{"pref":"岡山県","city":"岡山市北区","town":"加茂"}],"1343":[{"pref":"岡山県","city":"岡山市北区","town":"惣爪"}],"1344":[{"pref":"岡山県","city":"岡山市北区","town":"新庄下"}],"1345":[{"pref":"岡山県","city":"岡山市北区","town":"新庄上"}],"1346":[{"pref":"岡山県","city":"岡山市北区","town":"津寺"}],"1351":[{"pref":"岡山県","city":"岡山市北区","town":"門前"}],"1352":[{"pref":"岡山県","city":"岡山市北区","town":"小山"}],"1353":[{"pref":"岡山県","city":"岡山市北区","town":"三手"}],"1354":[{"pref":"岡山県","city":"岡山市北区","town":"高塚"}],"1355":[{"pref":"岡山県","city":"岡山市北区","town":"高松田中"}],"1356":[{"pref":"岡山県","city":"岡山市北区","town":"下土田"}],"1357":[{"pref":"岡山県","city":"岡山市北区","town":"福崎"}],"1461":[{"pref":"岡山県","city":"岡山市北区","town":"粟井"}],"1462":[{"pref":"岡山県","city":"岡山市北区","town":"大井"}],"1463":[{"pref":"岡山県","city":"岡山市北区","town":"足守"}],"1464":[{"pref":"岡山県","city":"岡山市北区","town":"下足守"}],"1465":[{"pref":"岡山県","city":"岡山市北区","town":"上土田"}],"1521":[{"pref":"岡山県","city":"岡山市北区","town":"日近"}],"1522":[{"pref":"岡山県","city":"岡山市北区","town":"杉谷"}],"1523":[{"pref":"岡山県","city":"岡山市北区","town":"吉"}],"1524":[{"pref":"岡山県","city":"岡山市北区","town":"下高田"}],"1525":[{"pref":"岡山県","city":"岡山市北区","town":"上高田"}],"1526":[{"pref":"岡山県","city":"岡山市北区","town":"山上"}],"1527":[{"pref":"岡山県","city":"岡山市北区","town":"石妻"}],"1601":[{"pref":"岡山県","city":"岡山市北区","town":"掛畑"}],"1602":[{"pref":"岡山県","city":"岡山市北区","town":"真星"}],"1603":[{"pref":"岡山県","city":"岡山市北区","town":"庄田"}],"1604":[{"pref":"岡山県","city":"岡山市北区","town":"苔山"}],"1605":[{"pref":"岡山県","city":"岡山市北区","town":"河原"}],"1611":[{"pref":"岡山県","city":"岡山市北区","town":"東山内"}],"1612":[{"pref":"岡山県","city":"岡山市北区","town":"西山内"}],"1613":[{"pref":"岡山県","city":"岡山市北区","town":"間倉"}],"2141":[{"pref":"岡山県","city":"岡山市北区","town":"牟佐"}],"2142":[{"pref":"岡山県","city":"岡山市北区","town":"玉柏"}],"2143":[{"pref":"岡山県","city":"岡山市北区","town":"下牧"}],"2144":[{"pref":"岡山県","city":"岡山市北区","town":"中牧"}],"2151":[{"pref":"岡山県","city":"岡山市北区","town":"金山寺"}],"2152":[{"pref":"岡山県","city":"岡山市北区","town":"高野尻"}],"2153":[{"pref":"岡山県","city":"岡山市北区","town":"畑鮎"}],"2154":[{"pref":"岡山県","city":"岡山市北区","town":"原"}],"2155":[{"pref":"岡山県","city":"岡山市北区","town":"中原"}],"2201":[{"pref":"岡山県","city":"赤磐市","town":"小原"}],"2202":[{"pref":"岡山県","city":"赤磐市","town":"坂辺"}],"2203":[{"pref":"岡山県","city":"赤磐市","town":"惣分"}],"2204":[{"pref":"岡山県","city":"赤磐市","town":"山手"}],"2205":[{"pref":"岡山県","city":"赤磐市","town":"大屋"}],"2211":[{"pref":"岡山県","city":"赤磐市","town":"北佐古田"}],"2212":[{"pref":"岡山県","city":"赤磐市","town":"南佐古田"}],"2213":[{"pref":"岡山県","city":"赤磐市","town":"今井"}],"2214":[{"pref":"岡山県","city":"赤磐市","town":"東軽部"}],"2215":[{"pref":"岡山県","city":"赤磐市","town":"西軽部"}],"2216":[{"pref":"岡山県","city":"赤磐市","town":"多賀"}],"2221":[{"pref":"岡山県","city":"赤磐市","town":"大苅田"}],"2222":[{"pref":"岡山県","city":"赤磐市","town":"町苅田"}],"2223":[{"pref":"岡山県","city":"赤磐市","town":"東窪田"}],"2224":[{"pref":"岡山県","city":"赤磐市","town":"西窪田"}],"2225":[{"pref":"岡山県","city":"赤磐市","town":"山口"}],"2226":[{"pref":"岡山県","city":"赤磐市","town":"由津里"}],"2431":[{"pref":"岡山県","city":"赤磐市","town":"戸津野"}],"2432":[{"pref":"岡山県","city":"赤磐市","town":"塩木"}],"2433":[{"pref":"岡山県","city":"赤磐市","town":"平山"}],"2434":[{"pref":"岡山県","city":"赤磐市","town":"仁堀東"}],"2435":[{"pref":"岡山県","city":"赤磐市","town":"仁堀中"}],"2436":[{"pref":"岡山県","city":"赤磐市","town":"仁堀西"}],"2437":[{"pref":"岡山県","city":"赤磐市","town":"中勢実"}],"2441":[{"pref":"岡山県","city":"赤磐市","town":"西勢実"}],"2442":[{"pref":"岡山県","city":"赤磐市","town":"広戸"}],"2443":[{"pref":"岡山県","city":"赤磐市","town":"合田"}],"2444":[{"pref":"岡山県","city":"赤磐市","town":"中畑"}],"2445":[{"pref":"岡山県","city":"赤磐市","town":"石上"}],"2446":[{"pref":"岡山県","city":"赤磐市","town":"小鎌"}],"2501":[{"pref":"岡山県","city":"赤磐市","town":"河原屋"}],"2502":[{"pref":"岡山県","city":"赤磐市","town":"草生"}],"2503":[{"pref":"岡山県","city":"赤磐市","town":"周匝"}],"2504":[{"pref":"岡山県","city":"赤磐市","town":"福田"}],"2511":[{"pref":"岡山県","city":"赤磐市","town":"稲蒔"}],"2512":[{"pref":"岡山県","city":"赤磐市","town":"暮田"}],"2513":[{"pref":"岡山県","city":"赤磐市","town":"八島田"}],"2514":[{"pref":"岡山県","city":"赤磐市","town":"石"}],"2515":[{"pref":"岡山県","city":"赤磐市","town":"光木"}],"2521":[{"pref":"岡山県","city":"赤磐市","town":"黒本"}],"2522":[{"pref":"岡山県","city":"赤磐市","town":"黒沢"}],"2523":[{"pref":"岡山県","city":"赤磐市","town":"中山"}],"2524":[{"pref":"岡山県","city":"赤磐市","town":"滝山"}],"2525":[{"pref":"岡山県","city":"赤磐市","town":"是里"}],"2601":[{"pref":"岡山県","city":"美作市","town":"尾谷"}],"2602":[{"pref":"岡山県","city":"美作市","town":"真神"}],"2603":[{"pref":"岡山県","city":"美作市","town":"三保原"}],"2604":[{"pref":"岡山県","city":"美作市","town":"福本"}],"2605":[{"pref":"岡山県","city":"美作市","town":"奥"}],"2606":[{"pref":"岡山県","city":"美作市","town":"井口"}],"2611":[{"pref":"岡山県","city":"美作市","town":"北"}],"2612":[{"pref":"岡山県","city":"美作市","town":"滝宮"}],"2613":[{"pref":"岡山県","city":"美作市","town":"横尾"}],"2614":[{"pref":"岡山県","city":"美作市","town":"上山"}],"2615":[{"pref":"岡山県","city":"美作市","town":"中川"}],"2616":[{"pref":"岡山県","city":"美作市","town":"南"}],"2621":[{"pref":"岡山県","city":"美作市","town":"下山"}],"2622":[{"pref":"岡山県","city":"美作市","town":"鳥渕"}],"2623":[{"pref":"岡山県","city":"美作市","town":"英田青野"}],"2624":[{"pref":"岡山県","city":"美作市","town":"中河内"}],"2625":[{"pref":"岡山県","city":"美作市","town":"城田"}],"3201":[{"pref":"岡山県","city":"備前市","town":"日生町寺山"}],"3202":[{"pref":"岡山県","city":"備前市","town":"日生町寒河"}],"3203":[{"pref":"岡山県","city":"備前市","town":"日生町大多府"}],"3204":[{"pref":"岡山県","city":"備前市","town":"日生町日生"}],"4200":[{"pref":"岡山県","city":"瀬戸内市","town":"以下に掲載がない場合"}],"4211":[{"pref":"岡山県","city":"瀬戸内市","town":"邑久町庄田"}],"4212":[{"pref":"岡山県","city":"瀬戸内市","town":"邑久町尻海"}],"4213":[{"pref":"岡山県","city":"瀬戸内市","town":"邑久町山手"}],"4214":[{"pref":"岡山県","city":"瀬戸内市","town":"邑久町本庄"}],"4215":[{"pref":"岡山県","city":"瀬戸内市","town":"邑久町上山田"}],"4216":[{"pref":"岡山県","city":"瀬戸内市","town":"邑久町下山田"}],"4221":[{"pref":"岡山県","city":"瀬戸内市","town":"邑久町尾張"}],"4222":[{"pref":"岡山県","city":"瀬戸内市","town":"邑久町豊安"}],"4223":[{"pref":"岡山県","city":"瀬戸内市","town":"邑久町豊原"}],"4224":[{"pref":"岡山県","city":"瀬戸内市","town":"邑久町東谷"}],"4231":[{"pref":"岡山県","city":"瀬戸内市","town":"邑久町大窪"}],"4232":[{"pref":"岡山県","city":"瀬戸内市","town":"邑久町北島"}],"4233":[{"pref":"岡山県","city":"瀬戸内市","town":"邑久町向山"}],"4234":[{"pref":"岡山県","city":"瀬戸内市","town":"邑久町大富"}],"4241":[{"pref":"岡山県","city":"瀬戸内市","town":"邑久町福元"}],"4243":[{"pref":"岡山県","city":"瀬戸内市","town":"邑久町宗三"}],"4244":[{"pref":"岡山県","city":"瀬戸内市","town":"邑久町福中"}],"4245":[{"pref":"岡山県","city":"瀬戸内市","town":"邑久町福山"}],"4246":[{"pref":"岡山県","city":"瀬戸内市","town":"邑久町山田庄"}],"4247":[{"pref":"岡山県","city":"瀬戸内市","town":"邑久町下笠加"}],"4248":[{"pref":"岡山県","city":"瀬戸内市","town":"邑久町百田"}],"4251":[{"pref":"岡山県","city":"瀬戸内市","town":"邑久町北池"}],"4252":[{"pref":"岡山県","city":"瀬戸内市","town":"邑久町上笠加"}],"4253":[{"pref":"岡山県","city":"瀬戸内市","town":"邑久町箕輪"}],"4254":[{"pref":"岡山県","city":"瀬戸内市","town":"邑久町豆田"}],"4261":[{"pref":"岡山県","city":"瀬戸内市","town":"長船町飯井"}],"4262":[{"pref":"岡山県","city":"瀬戸内市","town":"長船町東須恵"}],"4263":[{"pref":"岡山県","city":"瀬戸内市","town":"長船町西須恵"}],"4264":[{"pref":"岡山県","city":"瀬戸内市","town":"長船町土師"}],"4265":[{"pref":"岡山県","city":"瀬戸内市","town":"長船町福岡"}],"4271":[{"pref":"岡山県","city":"瀬戸内市","town":"長船町長船"}],"4272":[{"pref":"岡山県","city":"瀬戸内市","town":"長船町八日市"}],"4273":[{"pref":"岡山県","city":"瀬戸内市","town":"長船町磯上"}],"4274":[{"pref":"岡山県","city":"瀬戸内市","town":"長船町牛文"}],"4275":[{"pref":"岡山県","city":"瀬戸内市","town":"長船町福里"}],"4276":[{"pref":"岡山県","city":"瀬戸内市","town":"長船町服部"}],"4301":[{"pref":"岡山県","city":"瀬戸内市","town":"牛窓町長浜"}],"4302":[{"pref":"岡山県","city":"瀬戸内市","town":"牛窓町牛窓"}],"4303":[{"pref":"岡山県","city":"瀬戸内市","town":"牛窓町鹿忍"}],"4304":[{"pref":"岡山県","city":"瀬戸内市","town":"牛窓町千手"}],"4501":[{"pref":"岡山県","city":"瀬戸内市","town":"邑久町虫明"}],"4502":[{"pref":"岡山県","city":"瀬戸内市","town":"邑久町福谷"}],"0145":[{"pref":"岡山県","city":"岡山市北区","town":"今保"}],"0165":[{"pref":"岡山県","city":"岡山市北区","town":"大内田"}],"0161":[{"pref":"岡山県","city":"岡山市北区","town":"川入"}],"0144":[{"pref":"岡山県","city":"岡山市北区","town":"久米"}],"0143":[{"pref":"岡山県","city":"岡山市北区","town":"白石"}],"0142":[{"pref":"岡山県","city":"岡山市北区","town":"白石西新町"}],"0141":[{"pref":"岡山県","city":"岡山市北区","town":"白石東新町"}],"0163":[{"pref":"岡山県","city":"岡山市北区","town":"中撫川"}],"0164":[{"pref":"岡山県","city":"岡山市北区","town":"撫川"}],"0136":[{"pref":"岡山県","city":"岡山市北区","town":"西花尻"}],"0153":[{"pref":"岡山県","city":"岡山市北区","town":"庭瀬"}],"0162":[{"pref":"岡山県","city":"岡山市北区","town":"納所"}],"0152":[{"pref":"岡山県","city":"岡山市北区","town":"延友"}],"0134":[{"pref":"岡山県","city":"岡山市北区","town":"花尻"}],"0133":[{"pref":"岡山県","city":"岡山市北区","town":"花尻あかね町"}],"0132":[{"pref":"岡山県","city":"岡山市北区","town":"花尻ききょう町"}],"0131":[{"pref":"岡山県","city":"岡山市北区","town":"花尻みどり町"}],"0135":[{"pref":"岡山県","city":"岡山市北区","town":"東花尻"}],"0151":[{"pref":"岡山県","city":"岡山市北区","town":"平野"}],"0212":[{"pref":"岡山県","city":"岡山市南区","town":"内尾"}],"0204":[{"pref":"岡山県","city":"岡山市南区","town":"大福"}],"0203":[{"pref":"岡山県","city":"岡山市南区","town":"古新田"}],"0205":[{"pref":"岡山県","city":"岡山市南区","town":"妹尾"}],"0201":[{"pref":"岡山県","city":"岡山市南区","town":"妹尾崎"}],"0214":[{"pref":"岡山県","city":"岡山市南区","town":"曽根"}],"0213":[{"pref":"岡山県","city":"岡山市南区","town":"中畦"}],"0215":[{"pref":"岡山県","city":"岡山市南区","town":"西畦"}],"0211":[{"pref":"岡山県","city":"岡山市南区","town":"東畦"}],"0221":[{"pref":"岡山県","city":"岡山市南区","town":"藤田"}],"0206":[{"pref":"岡山県","city":"岡山市南区","town":"箕島"}],"0202":[{"pref":"岡山県","city":"岡山市南区","town":"山田"}],"0113":[{"pref":"岡山県","city":"倉敷市","town":"栗坂"}],"0112":[{"pref":"岡山県","city":"倉敷市","town":"下庄"}],"0102":[{"pref":"岡山県","city":"倉敷市","town":"庄新町"}],"0111":[{"pref":"岡山県","city":"倉敷市","town":"上東"}],"0103":[{"pref":"岡山県","city":"倉敷市","town":"西尾"}],"0101":[{"pref":"岡山県","city":"倉敷市","town":"日畑"}],"0115":[{"pref":"岡山県","city":"倉敷市","town":"二子"}],"0114":[{"pref":"岡山県","city":"倉敷市","town":"松島"}],"0105":[{"pref":"岡山県","city":"倉敷市","town":"矢部"}],"0104":[{"pref":"岡山県","city":"倉敷市","town":"山地"}],"0300":[{"pref":"岡山県","city":"都窪郡早島町","town":"以下に掲載がない場合"}],"0304":[{"pref":"岡山県","city":"都窪郡早島町","town":"早島"}],"0303":[{"pref":"岡山県","city":"都窪郡早島町","town":"前潟"}],"0301":[{"pref":"岡山県","city":"都窪郡早島町","town":"矢尾"}],"0302":[{"pref":"岡山県","city":"都窪郡早島町","town":"若宮"}]}