{"1100":[{"pref":"福井県","city":"三方郡美浜町","town":"以下に掲載がない場合"}],"1121":[{"pref":"福井県","city":"三方郡美浜町","town":"和田"}],"1122":[{"pref":"福井県","city":"三方郡美浜町","town":"松原"}],"1123":[{"pref":"福井県","city":"三方郡美浜町","town":"久々子"}],"1124":[{"pref":"福井県","city":"三方郡美浜町","town":"早瀬"}],"1125":[{"pref":"福井県","city":"三方郡美浜町","town":"笹田"}],"1126":[{"pref":"福井県","city":"三方郡美浜町","town":"日向"}],"1131":[{"pref":"福井県","city":"三方郡美浜町","town":"木野"}],"1132":[{"pref":"福井県","city":"三方郡美浜町","town":"佐柿"}],"1133":[{"pref":"福井県","city":"三方郡美浜町","town":"麻生"}],"1134":[{"pref":"福井県","city":"三方郡美浜町","town":"宮代"}],"1135":[{"pref":"福井県","city":"三方郡美浜町","town":"五十谷"},{"pref":"福井県","city":"三方郡美浜町","town":"安江"},{"pref":"福井県","city":"三方郡美浜町","town":"寄戸"}],"1136":[{"pref":"福井県","city":"三方郡美浜町","town":"中寺"}],"1137":[{"pref":"福井県","city":"三方郡美浜町","town":"南市"}],"1138":[{"pref":"福井県","city":"三方郡美浜町","town":"河原市"}],"1141":[{"pref":"福井県","city":"三方郡美浜町","town":"郷市"}],"1142":[{"pref":"福井県","city":"三方郡美浜町","town":"興道寺"}],"1143":[{"pref":"福井県","city":"三方郡美浜町","town":"佐野"}],"1144":[{"pref":"福井県","city":"三方郡美浜町","town":"新庄"}],"1145":[{"pref":"福井県","city":"三方郡美浜町","town":"金山"}],"1146":[{"pref":"福井県","city":"三方郡美浜町","town":"大薮"}],"1147":[{"pref":"福井県","city":"三方郡美浜町","town":"気山"}],"1201":[{"pref":"福井県","city":"三方郡美浜町","town":"丹生"}],"1202":[{"pref":"福井県","city":"三方郡美浜町","town":"竹波"}],"1203":[{"pref":"福井県","city":"三方郡美浜町","town":"菅浜"}],"1204":[{"pref":"福井県","city":"三方郡美浜町","town":"北田"}],"1205":[{"pref":"福井県","city":"三方郡美浜町","town":"佐田"}],"1206":[{"pref":"福井県","city":"三方郡美浜町","town":"太田"}],"1207":[{"pref":"福井県","city":"三方郡美浜町","town":"山上"}],"1208":[{"pref":"福井県","city":"三方郡美浜町","town":"坂尻"}],"1279":[{"pref":"福井県","city":"敦賀市","town":"白木"}],"1300":[{"pref":"福井県","city":"三方上中郡若狭町","town":"以下に掲載がない場合"}],"1301":[{"pref":"福井県","city":"三方上中郡若狭町","town":"気山"}],"1302":[{"pref":"福井県","city":"三方上中郡若狭町","town":"上瀬"}],"1303":[{"pref":"福井県","city":"三方上中郡若狭町","town":"三方"}],"1304":[{"pref":"福井県","city":"三方上中郡若狭町","town":"生倉"}],"1305":[{"pref":"福井県","city":"三方上中郡若狭町","town":"北前川"}],"1306":[{"pref":"福井県","city":"三方上中郡若狭町","town":"南前川"}],"1311":[{"pref":"福井県","city":"三方上中郡若狭町","town":"藤井"}],"1312":[{"pref":"福井県","city":"三方上中郡若狭町","town":"相田"}],"1313":[{"pref":"福井県","city":"三方上中郡若狭町","town":"横渡"}],"1314":[{"pref":"福井県","city":"三方上中郡若狭町","town":"能登野"}],"1315":[{"pref":"福井県","city":"三方上中郡若狭町","town":"高岸"}],"1316":[{"pref":"福井県","city":"三方上中郡若狭町","town":"井崎"}],"1321":[{"pref":"福井県","city":"三方上中郡若狭町","town":"上野"}],"1322":[{"pref":"福井県","city":"三方上中郡若狭町","town":"成願寺"}],"1323":[{"pref":"福井県","city":"三方上中郡若狭町","town":"倉見"}],"1324":[{"pref":"福井県","city":"三方上中郡若狭町","town":"白屋"}],"1325":[{"pref":"福井県","city":"三方上中郡若狭町","town":"岩屋"}],"1326":[{"pref":"福井県","city":"三方上中郡若狭町","town":"田上"}],"1327":[{"pref":"福井県","city":"三方上中郡若狭町","town":"東黒田"}],"1328":[{"pref":"福井県","city":"三方上中郡若狭町","town":"三十三団地"}],"1331":[{"pref":"福井県","city":"三方上中郡若狭町","town":"鳥浜"}],"1332":[{"pref":"福井県","city":"三方上中郡若狭町","town":"館川"}],"1333":[{"pref":"福井県","city":"三方上中郡若狭町","town":"中央"}],"1334":[{"pref":"福井県","city":"三方上中郡若狭町","town":"田名"}],"1335":[{"pref":"福井県","city":"三方上中郡若狭町","town":"佐古"}],"1336":[{"pref":"福井県","city":"三方上中郡若狭町","town":"向笠"}],"1451":[{"pref":"福井県","city":"三方上中郡若狭町","town":"常神"}],"1452":[{"pref":"福井県","city":"三方上中郡若狭町","town":"神子"}],"1453":[{"pref":"福井県","city":"三方上中郡若狭町","town":"小川"}],"1454":[{"pref":"福井県","city":"三方上中郡若狭町","town":"遊子"}],"1455":[{"pref":"福井県","city":"三方上中郡若狭町","town":"塩坂越"}],"1461":[{"pref":"福井県","city":"三方上中郡若狭町","town":"海山"}],"1462":[{"pref":"福井県","city":"三方上中郡若狭町","town":"島の内"},{"pref":"福井県","city":"三方上中郡若狭町","town":"田井"}],"1463":[{"pref":"福井県","city":"三方上中郡若狭町","town":"成出"}],"1464":[{"pref":"福井県","city":"三方上中郡若狭町","town":"世久見"}],"1501":[{"pref":"福井県","city":"三方上中郡若狭町","town":"海士坂"}],"1502":[{"pref":"福井県","city":"三方上中郡若狭町","town":"麻生野"}],"1503":[{"pref":"福井県","city":"三方上中郡若狭町","town":"上黒田"}],"1504":[{"pref":"福井県","city":"三方上中郡若狭町","town":"大鳥羽"}],"1505":[{"pref":"福井県","city":"三方上中郡若狭町","town":"長江"}],"1506":[{"pref":"福井県","city":"三方上中郡若狭町","town":"持田"}],"1507":[{"pref":"福井県","city":"三方上中郡若狭町","town":"有田"}],"1511":[{"pref":"福井県","city":"三方上中郡若狭町","town":"三生野"}],"1512":[{"pref":"福井県","city":"三方上中郡若狭町","town":"無悪"}],"1513":[{"pref":"福井県","city":"三方上中郡若狭町","town":"三田"}],"1514":[{"pref":"福井県","city":"三方上中郡若狭町","town":"小原"}],"1515":[{"pref":"福井県","city":"三方上中郡若狭町","town":"南"}],"1516":[{"pref":"福井県","city":"三方上中郡若狭町","town":"山内"}],"1521":[{"pref":"福井県","city":"三方上中郡若狭町","town":"下タ中"}],"1522":[{"pref":"福井県","city":"三方上中郡若狭町","town":"末野"}],"1523":[{"pref":"福井県","city":"三方上中郡若狭町","town":"安賀里"}],"1524":[{"pref":"福井県","city":"三方上中郡若狭町","town":"脇袋"}],"1525":[{"pref":"福井県","city":"三方上中郡若狭町","town":"瓜生"}],"1526":[{"pref":"福井県","city":"三方上中郡若狭町","town":"関"}],"1527":[{"pref":"福井県","city":"三方上中郡若狭町","town":"上吉田"}],"1528":[{"pref":"福井県","city":"三方上中郡若狭町","town":"下吉田"}],"1531":[{"pref":"福井県","city":"三方上中郡若狭町","town":"新道"}],"1532":[{"pref":"福井県","city":"三方上中郡若狭町","town":"熊川"}],"1533":[{"pref":"福井県","city":"三方上中郡若狭町","town":"河内"}],"1534":[{"pref":"福井県","city":"三方上中郡若狭町","town":"仮屋"}],"1535":[{"pref":"福井県","city":"三方上中郡若狭町","town":"若王子"}],"1536":[{"pref":"福井県","city":"三方上中郡若狭町","town":"三宅"}],"1541":[{"pref":"福井県","city":"三方上中郡若狭町","town":"市場"}],"1542":[{"pref":"福井県","city":"三方上中郡若狭町","town":"井ノ口"}],"1543":[{"pref":"福井県","city":"三方上中郡若狭町","town":"天徳寺"}],"1544":[{"pref":"福井県","city":"三方上中郡若狭町","town":"神谷"}],"1545":[{"pref":"福井県","city":"三方上中郡若狭町","town":"日笠"}],"1551":[{"pref":"福井県","city":"三方上中郡若狭町","town":"杉山"}],"1552":[{"pref":"福井県","city":"三方上中郡若狭町","town":"若狭テクノバレー"}],"1553":[{"pref":"福井県","city":"三方上中郡若狭町","town":"堤"}],"1554":[{"pref":"福井県","city":"三方上中郡若狭町","town":"兼田"}],"1555":[{"pref":"福井県","city":"三方上中郡若狭町","town":"武生"}],"1556":[{"pref":"福井県","city":"三方上中郡若狭町","town":"玉置"}],"1557":[{"pref":"福井県","city":"三方上中郡若狭町","town":"上野木"}],"1558":[{"pref":"福井県","city":"三方上中郡若狭町","town":"中野木"}],"1559":[{"pref":"福井県","city":"三方上中郡若狭町","town":"下野木"}],"2100":[{"pref":"福井県","city":"大飯郡おおい町","town":"以下に掲載がない場合"}],"2101":[{"pref":"福井県","city":"大飯郡おおい町","town":"大島"}],"2102":[{"pref":"福井県","city":"大飯郡おおい町","town":"長井"}],"2103":[{"pref":"福井県","city":"大飯郡おおい町","town":"尾内"}],"2104":[{"pref":"福井県","city":"大飯郡おおい町","town":"成和"}],"2105":[{"pref":"福井県","city":"大飯郡おおい町","town":"小堀"}],"2106":[{"pref":"福井県","city":"大飯郡おおい町","town":"犬見"}],"2107":[{"pref":"福井県","city":"大飯郡おおい町","town":"成海"}],"2111":[{"pref":"福井県","city":"大飯郡おおい町","town":"本郷"}],"2112":[{"pref":"福井県","city":"大飯郡おおい町","town":"山田"}],"2113":[{"pref":"福井県","city":"大飯郡おおい町","town":"芝崎"}],"2114":[{"pref":"福井県","city":"大飯郡おおい町","town":"野尻"}],"2115":[{"pref":"福井県","city":"大飯郡おおい町","town":"父子"}],"2116":[{"pref":"福井県","city":"大飯郡おおい町","town":"岡田"}],"2121":[{"pref":"福井県","city":"大飯郡おおい町","town":"万願寺"}],"2122":[{"pref":"福井県","city":"大飯郡おおい町","town":"神崎"}],"2123":[{"pref":"福井県","city":"大飯郡おおい町","town":"鹿野"}],"2124":[{"pref":"福井県","city":"大飯郡おおい町","town":"小車田"}],"2125":[{"pref":"福井県","city":"大飯郡おおい町","town":"石山"}],"2126":[{"pref":"福井県","city":"大飯郡おおい町","town":"佐畑"}],"2127":[{"pref":"福井県","city":"大飯郡おおい町","town":"笹谷"}],"2128":[{"pref":"福井県","city":"大飯郡おおい町","town":"岡安"}],"2129":[{"pref":"福井県","city":"大飯郡おおい町","town":"広岡"}],"2131":[{"pref":"福井県","city":"大飯郡おおい町","town":"福谷"}],"2132":[{"pref":"福井県","city":"大飯郡おおい町","town":"安川"}],"2133":[{"pref":"福井県","city":"大飯郡おおい町","town":"久保"}],"2134":[{"pref":"福井県","city":"大飯郡おおい町","town":"川上"}],"2135":[{"pref":"福井県","city":"大飯郡おおい町","town":"三森"}],"2200":[{"pref":"福井県","city":"大飯郡高浜町","town":"以下に掲載がない場合"}],"2201":[{"pref":"福井県","city":"大飯郡高浜町","town":"和田"}],"2202":[{"pref":"福井県","city":"大飯郡高浜町","town":"安土"}],"2203":[{"pref":"福井県","city":"大飯郡高浜町","town":"水明"}],"2204":[{"pref":"福井県","city":"大飯郡高浜町","town":"青戸"}],"2205":[{"pref":"福井県","city":"大飯郡高浜町","town":"下車持"}],"2206":[{"pref":"福井県","city":"大飯郡高浜町","town":"上車持"}],"2207":[{"pref":"福井県","city":"大飯郡高浜町","town":"馬居寺"}],"2211":[{"pref":"福井県","city":"大飯郡高浜町","town":"中津海"}],"2212":[{"pref":"福井県","city":"大飯郡高浜町","town":"鐘寄"}],"2213":[{"pref":"福井県","city":"大飯郡高浜町","town":"畑"}],"2214":[{"pref":"福井県","city":"大飯郡高浜町","town":"湯谷"}],"2215":[{"pref":"福井県","city":"大飯郡高浜町","town":"南団地"}],"2216":[{"pref":"福井県","city":"大飯郡高浜町","town":"笠原"},{"pref":"福井県","city":"大飯郡高浜町","town":"子生"},{"pref":"福井県","city":"大飯郡高浜町","town":"坂田"}],"2221":[{"pref":"福井県","city":"大飯郡高浜町","town":"事代"}],"2222":[{"pref":"福井県","city":"大飯郡高浜町","town":"岩神"}],"2223":[{"pref":"福井県","city":"大飯郡高浜町","town":"紫水ケ丘"}],"2224":[{"pref":"福井県","city":"大飯郡高浜町","town":"薗部"}],"2225":[{"pref":"福井県","city":"大飯郡高浜町","town":"宮崎"}],"2226":[{"pref":"福井県","city":"大飯郡高浜町","town":"立石"}],"2227":[{"pref":"福井県","city":"大飯郡高浜町","town":"若宮"}],"2228":[{"pref":"福井県","city":"大飯郡高浜町","town":"塩土"}],"2229":[{"pref":"福井県","city":"大飯郡高浜町","town":"三明"}],"2351":[{"pref":"福井県","city":"大飯郡高浜町","town":"山中"}],"2352":[{"pref":"福井県","city":"大飯郡高浜町","town":"鎌倉"}],"2353":[{"pref":"福井県","city":"大飯郡高浜町","town":"下"}],"2354":[{"pref":"福井県","city":"大飯郡高浜町","town":"宮尾"}],"2355":[{"pref":"福井県","city":"大飯郡高浜町","town":"日引"}],"2356":[{"pref":"福井県","city":"大飯郡高浜町","town":"上瀬"}],"2361":[{"pref":"福井県","city":"大飯郡高浜町","town":"音海"}],"2362":[{"pref":"福井県","city":"大飯郡高浜町","town":"田ノ浦"}],"2363":[{"pref":"福井県","city":"大飯郡高浜町","town":"小黒飯"}],"2364":[{"pref":"福井県","city":"大飯郡高浜町","town":"難波江"}],"2365":[{"pref":"福井県","city":"大飯郡高浜町","town":"神野"}],"2366":[{"pref":"福井県","city":"大飯郡高浜町","town":"神野浦"}],"2371":[{"pref":"福井県","city":"大飯郡高浜町","town":"中山"}],"2372":[{"pref":"福井県","city":"大飯郡高浜町","town":"高屋"},{"pref":"福井県","city":"大飯郡高浜町","town":"緑ケ丘"}],"2373":[{"pref":"福井県","city":"大飯郡高浜町","town":"小和田"}],"2374":[{"pref":"福井県","city":"大飯郡高浜町","town":"高野"}],"2375":[{"pref":"福井県","city":"大飯郡高浜町","town":"旭ケ丘"},{"pref":"福井県","city":"大飯郡高浜町","town":"蒜畠"}],"2376":[{"pref":"福井県","city":"大飯郡高浜町","town":"今寺"}],"2381":[{"pref":"福井県","city":"大飯郡高浜町","town":"西三松"}],"2382":[{"pref":"福井県","city":"大飯郡高浜町","town":"東三松"}],"2383":[{"pref":"福井県","city":"大飯郡高浜町","town":"日置"}],"2384":[{"pref":"福井県","city":"大飯郡高浜町","town":"青"}],"2385":[{"pref":"福井県","city":"大飯郡高浜町","town":"横津海"}],"2386":[{"pref":"福井県","city":"大飯郡高浜町","town":"関屋"}],"2387":[{"pref":"福井県","city":"大飯郡高浜町","town":"六路谷"}],"0314":[{"pref":"福井県","city":"福井市","town":"生部町"}],"0303":[{"pref":"福井県","city":"福井市","town":"岩倉町"}],"0323":[{"pref":"福井県","city":"福井市","town":"太田町"}],"0327":[{"pref":"福井県","city":"福井市","town":"大土呂町"}],"0316":[{"pref":"福井県","city":"福井市","town":"大村町"}],"0322":[{"pref":"福井県","city":"福井市","town":"上河北町"}],"0302":[{"pref":"福井県","city":"福井市","town":"上細江町"}],"0318":[{"pref":"福井県","city":"福井市","town":"北山新保町"}],"0317":[{"pref":"福井県","city":"福井市","town":"北山町"}],"0321":[{"pref":"福井県","city":"福井市","town":"下河北町"}],"0373":[{"pref":"福井県","city":"福井市","town":"下東郷町（新村）"}],"0301":[{"pref":"福井県","city":"福井市","town":"下細江町"}],"0328":[{"pref":"福井県","city":"福井市","town":"新開町"}],"0311":[{"pref":"福井県","city":"福井市","town":"田治島町"}],"0304":[{"pref":"福井県","city":"福井市","town":"田中町"}],"0305":[{"pref":"福井県","city":"福井市","town":"徳光町"}],"0313":[{"pref":"福井県","city":"福井市","town":"西大味町"}],"0315":[{"pref":"福井県","city":"福井市","town":"西袋町"}],"0326":[{"pref":"福井県","city":"福井市","town":"半田町"}],"0312":[{"pref":"福井県","city":"福井市","town":"東大味町"}],"0325":[{"pref":"福井県","city":"福井市","town":"二上町"}],"0324":[{"pref":"福井県","city":"福井市","town":"帆谷町"}],"0600":[{"pref":"福井県","city":"あわら市","town":"以下に掲載がない場合"}],"0814":[{"pref":"福井県","city":"あわら市","town":"青ノ木"}],"0614":[{"pref":"福井県","city":"あわら市","town":"伊井"}],"0615":[{"pref":"福井県","city":"あわら市","town":"池口"}],"0621":[{"pref":"福井県","city":"あわら市","town":"市姫"}],"0623":[{"pref":"福井県","city":"あわら市","town":"稲越"}],"0721":[{"pref":"福井県","city":"あわら市","town":"牛ノ谷"}],"0735":[{"pref":"福井県","city":"あわら市","town":"後山"}],"0722":[{"pref":"福井県","city":"あわら市","town":"畝市野々"}],"0742":[{"pref":"福井県","city":"あわら市","town":"瓜生"}],"0724":[{"pref":"福井県","city":"あわら市","town":"上野"}],"0628":[{"pref":"福井県","city":"あわら市","town":"大溝"}],"0812":[{"pref":"福井県","city":"あわら市","town":"柿原"}],"0732":[{"pref":"福井県","city":"あわら市","town":"鎌谷"}],"0616":[{"pref":"福井県","city":"あわら市","town":"河原井手"}],"0749":[{"pref":"福井県","city":"あわら市","town":"北"}],"0634":[{"pref":"福井県","city":"あわら市","town":"北金津"}],"0748":[{"pref":"福井県","city":"あわら市","town":"北野"}],"0744":[{"pref":"福井県","city":"あわら市","town":"北疋田"}],"0733":[{"pref":"福井県","city":"あわら市","town":"清滝"}],"0736":[{"pref":"福井県","city":"あわら市","town":"椚"}],"0723":[{"pref":"福井県","city":"あわら市","town":"熊坂"}],"0612":[{"pref":"福井県","city":"あわら市","town":"桑原"}],"0737":[{"pref":"福井県","city":"あわら市","town":"権世"}],"0731":[{"pref":"福井県","city":"あわら市","town":"権世市野々"}],"0817":[{"pref":"福井県","city":"あわら市","town":"坂口"}],"0726":[{"pref":"福井県","city":"あわら市","town":"笹岡"}],"0804":[{"pref":"福井県","city":"あわら市","town":"沢"}],"0727":[{"pref":"福井県","city":"あわら市","town":"下金屋"}],"0604":[{"pref":"福井県","city":"あわら市","town":"自由ケ丘"}],"0745":[{"pref":"福井県","city":"あわら市","town":"次郎丸"}],"0602":[{"pref":"福井県","city":"あわら市","town":"菅野"}],"0815":[{"pref":"福井県","city":"あわら市","town":"清王"}],"0611":[{"pref":"福井県","city":"あわら市","town":"清間"}],"0631":[{"pref":"福井県","city":"あわら市","town":"高塚"}],"0805":[{"pref":"福井県","city":"あわら市","town":"滝"}],"0741":[{"pref":"福井県","city":"あわら市","town":"中川"}],"0802":[{"pref":"福井県","city":"あわら市","town":"橋屋"}],"0811":[{"pref":"福井県","city":"あわら市","town":"蓮ケ浦"}],"0633":[{"pref":"福井県","city":"あわら市","town":"花乃杜"}],"0632":[{"pref":"福井県","city":"あわら市","town":"春宮"}],"0746":[{"pref":"福井県","city":"あわら市","town":"東田中"}],"0734":[{"pref":"福井県","city":"あわら市","town":"東山"}],"0803":[{"pref":"福井県","city":"あわら市","town":"樋山"}],"0613":[{"pref":"福井県","city":"あわら市","town":"古屋石塚"}],"0801":[{"pref":"福井県","city":"あわら市","town":"細呂木"}],"0725":[{"pref":"福井県","city":"あわら市","town":"前谷"}],"0747":[{"pref":"福井県","city":"あわら市","town":"御簾尾"}],"0743":[{"pref":"福井県","city":"あわら市","town":"南疋田"}],"0806":[{"pref":"福井県","city":"あわら市","town":"宮谷"}],"0603":[{"pref":"福井県","city":"あわら市","town":"矢地"}],"0813":[{"pref":"福井県","city":"あわら市","town":"山西方寺"}],"0816":[{"pref":"福井県","city":"あわら市","town":"山十楽"}],"0601":[{"pref":"福井県","city":"あわら市","town":"山室"}],"0807":[{"pref":"福井県","city":"あわら市","town":"指中"}],"0517":[{"pref":"福井県","city":"坂井市","town":"坂井町朝日"}],"0531":[{"pref":"福井県","city":"坂井市","town":"坂井町今井"}],"0547":[{"pref":"福井県","city":"坂井市","town":"坂井町大味"}],"0537":[{"pref":"福井県","city":"坂井市","town":"坂井町折戸"}],"0522":[{"pref":"福井県","city":"坂井市","town":"坂井町上新庄"}],"0502":[{"pref":"福井県","city":"坂井市","town":"坂井町上関"}],"0526":[{"pref":"福井県","city":"坂井市","town":"坂井町上兵庫"}],"0505":[{"pref":"福井県","city":"坂井市","town":"坂井町河和田"}],"0536":[{"pref":"福井県","city":"坂井市","town":"坂井町木部新保"}],"0533":[{"pref":"福井県","city":"坂井市","town":"坂井町木部東"}],"0534":[{"pref":"福井県","city":"坂井市","town":"坂井町清永"}],"0542":[{"pref":"福井県","city":"坂井市","town":"坂井町蔵垣内"}],"0507":[{"pref":"福井県","city":"坂井市","town":"坂井町五本"}],"0504":[{"pref":"福井県","city":"坂井市","town":"坂井町御油田"}],"0506":[{"pref":"福井県","city":"坂井市","town":"坂井町定旨"}],"0535":[{"pref":"福井県","city":"坂井市","town":"坂井町島"}],"0521":[{"pref":"福井県","city":"坂井市","town":"坂井町下新庄"}],"0501":[{"pref":"福井県","city":"坂井市","town":"坂井町下関"}],"0527":[{"pref":"福井県","city":"坂井市","town":"坂井町下兵庫"}],"0523":[{"pref":"福井県","city":"坂井市","town":"坂井町新庄"}],"0532":[{"pref":"福井県","city":"坂井市","town":"坂井町高柳"}],"0546":[{"pref":"福井県","city":"坂井市","town":"坂井町蛸"}],"0513":[{"pref":"福井県","city":"坂井市","town":"坂井町田島"}],"0514":[{"pref":"福井県","city":"坂井市","town":"坂井町田島窪"}],"0525":[{"pref":"福井県","city":"坂井市","town":"坂井町徳分田"}],"0511":[{"pref":"福井県","city":"坂井市","town":"坂井町長畑"}],"0503":[{"pref":"福井県","city":"坂井市","town":"坂井町長屋"}],"0543":[{"pref":"福井県","city":"坂井市","town":"坂井町西"}],"0541":[{"pref":"福井県","city":"坂井市","town":"坂井町東"}],"0545":[{"pref":"福井県","city":"坂井市","town":"坂井町東荒井"}],"0524":[{"pref":"福井県","city":"坂井市","town":"坂井町東長田"}],"0544":[{"pref":"福井県","city":"坂井市","town":"坂井町東中野"}],"0516":[{"pref":"福井県","city":"坂井市","town":"坂井町福島"}],"0512":[{"pref":"福井県","city":"坂井市","town":"坂井町宮領"}],"0515":[{"pref":"福井県","city":"坂井市","town":"坂井町若宮"}],"0483":[{"pref":"福井県","city":"坂井市","town":"春江町石塚"}],"0423":[{"pref":"福井県","city":"坂井市","town":"春江町石仏"}],"0424":[{"pref":"福井県","city":"坂井市","town":"春江町いちい野"}],"0425":[{"pref":"福井県","city":"坂井市","town":"春江町いちい野北"}],"0426":[{"pref":"福井県","city":"坂井市","town":"春江町いちい野中央"}],"0403":[{"pref":"福井県","city":"坂井市","town":"春江町井向"}],"0455":[{"pref":"福井県","city":"坂井市","town":"春江町江留上"}],"0451":[{"pref":"福井県","city":"坂井市","town":"春江町江留上旭"}],"0463":[{"pref":"福井県","city":"坂井市","town":"春江町江留上昭和"}],"0465":[{"pref":"福井県","city":"坂井市","town":"春江町江留上新町"}],"0453":[{"pref":"福井県","city":"坂井市","town":"春江町江留上中央"}],"0464":[{"pref":"福井県","city":"坂井市","town":"春江町江留上錦"}],"0454":[{"pref":"福井県","city":"坂井市","town":"春江町江留上日の出"}],"0452":[{"pref":"福井県","city":"坂井市","town":"春江町江留上本町"}],"0461":[{"pref":"福井県","city":"坂井市","town":"春江町江留上緑"}],"0462":[{"pref":"福井県","city":"坂井市","town":"春江町江留上大和"}],"0415":[{"pref":"福井県","city":"坂井市","town":"春江町江留下"}],"0417":[{"pref":"福井県","city":"坂井市","town":"春江町江留下相田"}],"0416":[{"pref":"福井県","city":"坂井市","town":"春江町江留下宇和江"}],"0418":[{"pref":"福井県","city":"坂井市","town":"春江町江留下高道"}],"0414":[{"pref":"福井県","city":"坂井市","town":"春江町江留下屋敷"}],"0412":[{"pref":"福井県","city":"坂井市","town":"春江町江留中"}],"0421":[{"pref":"福井県","city":"坂井市","town":"春江町大針"}],"0402":[{"pref":"福井県","city":"坂井市","town":"春江町大牧"}],"0422":[{"pref":"福井県","city":"坂井市","town":"春江町沖布目"}],"0405":[{"pref":"福井県","city":"坂井市","town":"春江町上小森"}],"0408":[{"pref":"福井県","city":"坂井市","town":"春江町木部西方寺"}],"0471":[{"pref":"福井県","city":"坂井市","town":"春江町金剛寺"}],"0434":[{"pref":"福井県","city":"坂井市","town":"春江町境"},{"pref":"福井県","city":"坂井市","town":"春江町境上町"},{"pref":"福井県","city":"坂井市","town":"春江町境元町"}],"0441":[{"pref":"福井県","city":"坂井市","town":"春江町定重"}],"0409":[{"pref":"福井県","city":"坂井市","town":"春江町定広"}],"0406":[{"pref":"福井県","city":"坂井市","town":"春江町下小森"}],"0487":[{"pref":"福井県","city":"坂井市","town":"春江町正善"}],"0443":[{"pref":"福井県","city":"坂井市","town":"春江町正蓮花"}],"0413":[{"pref":"福井県","city":"坂井市","town":"春江町随応寺"}],"0419":[{"pref":"福井県","city":"坂井市","town":"春江町随応寺東"}],"0481":[{"pref":"福井県","city":"坂井市","town":"春江町千歩寺"}],"0479":[{"pref":"福井県","city":"坂井市","town":"春江町高江"}],"0477":[{"pref":"福井県","city":"坂井市","town":"春江町田端"}],"0431":[{"pref":"福井県","city":"坂井市","town":"春江町為国"}],"0432":[{"pref":"福井県","city":"坂井市","town":"春江町為国亀ケ久保"}],"0435":[{"pref":"福井県","city":"坂井市","town":"春江町為国幸"}],"0436":[{"pref":"福井県","city":"坂井市","town":"春江町為国中区"}],"0437":[{"pref":"福井県","city":"坂井市","town":"春江町為国西の宮"}],"0433":[{"pref":"福井県","city":"坂井市","town":"春江町為国平成"}],"0407":[{"pref":"福井県","city":"坂井市","town":"春江町辻"}],"0485":[{"pref":"福井県","city":"坂井市","town":"春江町取次"}],"0449":[{"pref":"福井県","city":"坂井市","town":"春江町中筋"}],"0447":[{"pref":"福井県","city":"坂井市","town":"春江町中筋大手"}],"0446":[{"pref":"福井県","city":"坂井市","town":"春江町中筋春日"}],"0448":[{"pref":"福井県","city":"坂井市","town":"春江町中筋北浦"}],"0445":[{"pref":"福井県","city":"坂井市","town":"春江町中筋高田"}],"0444":[{"pref":"福井県","city":"坂井市","town":"春江町中筋三ツ屋"}],"0482":[{"pref":"福井県","city":"坂井市","town":"春江町中庄"}],"0474":[{"pref":"福井県","city":"坂井市","town":"春江町西太郎丸"}],"0404":[{"pref":"福井県","city":"坂井市","town":"春江町西長田"}],"0476":[{"pref":"福井県","city":"坂井市","town":"春江町針原"}],"0475":[{"pref":"福井県","city":"坂井市","town":"春江町東太郎丸"}],"0488":[{"pref":"福井県","city":"坂井市","town":"春江町姫王"}],"0411":[{"pref":"福井県","city":"坂井市","town":"春江町藤鷲塚"}],"0486":[{"pref":"福井県","city":"坂井市","town":"春江町布施田新"}],"0401":[{"pref":"福井県","city":"坂井市","town":"春江町堀越"}],"0473":[{"pref":"福井県","city":"坂井市","town":"春江町本堂"}],"0472":[{"pref":"福井県","city":"坂井市","town":"春江町松木"}],"0484":[{"pref":"福井県","city":"坂井市","town":"春江町安沢"}],"0442":[{"pref":"福井県","city":"坂井市","town":"春江町寄安"}],"0200":[{"pref":"福井県","city":"南条郡南越前町","town":"以下に掲載がない場合"}],"0121":[{"pref":"福井県","city":"南条郡南越前町","town":"合波"}],"0213":[{"pref":"福井県","city":"南条郡南越前町","town":"阿久和"}],"0123":[{"pref":"福井県","city":"南条郡南越前町","town":"荒井"}],"0128":[{"pref":"福井県","city":"南条郡南越前町","town":"板取"}],"0131":[{"pref":"福井県","city":"南条郡南越前町","town":"今庄"}],"0202":[{"pref":"福井県","city":"南条郡南越前町","town":"鋳物師"}],"0204":[{"pref":"福井県","city":"南条郡南越前町","town":"上野"}],"0125":[{"pref":"福井県","city":"南条郡南越前町","town":"宇津尾"}],"0136":[{"pref":"福井県","city":"南条郡南越前町","town":"大桐"}],"0215":[{"pref":"福井県","city":"南条郡南越前町","town":"奥野々"}],"0114":[{"pref":"福井県","city":"南条郡南越前町","town":"小倉谷"}],"0206":[{"pref":"福井県","city":"南条郡南越前町","town":"金粕"}],"0115":[{"pref":"福井県","city":"南条郡南越前町","town":"上温谷"}],"0201":[{"pref":"福井県","city":"南条郡南越前町","town":"上平吹"}],"0216":[{"pref":"福井県","city":"南条郡南越前町","town":"上別所"}],"0119":[{"pref":"福井県","city":"南条郡南越前町","town":"久喜"}],"0212":[{"pref":"福井県","city":"南条郡南越前町","town":"鯖波"}],"0221":[{"pref":"福井県","city":"南条郡南越前町","town":"島"}],"0226":[{"pref":"福井県","city":"南条郡南越前町","town":"清水"}],"0133":[{"pref":"福井県","city":"南条郡南越前町","town":"新道"}],"0111":[{"pref":"福井県","city":"南条郡南越前町","town":"杉谷"}],"0211":[{"pref":"福井県","city":"南条郡南越前町","town":"関ケ鼻"}],"0113":[{"pref":"福井県","city":"南条郡南越前町","town":"瀬戸"}],"0112":[{"pref":"福井県","city":"南条郡南越前町","town":"杣木俣"}],"0217":[{"pref":"福井県","city":"南条郡南越前町","town":"杣山"}],"0122":[{"pref":"福井県","city":"南条郡南越前町","town":"大門"}],"0205":[{"pref":"福井県","city":"南条郡南越前町","town":"堂宮"}],"0214":[{"pref":"福井県","city":"南条郡南越前町","town":"中小屋"}],"0118":[{"pref":"福井県","city":"南条郡南越前町","town":"長沢"}],"0224":[{"pref":"福井県","city":"南条郡南越前町","town":"西大道"}],"0126":[{"pref":"福井県","city":"南条郡南越前町","town":"橋立"}],"0117":[{"pref":"福井県","city":"南条郡南越前町","town":"馬上免"}],"0104":[{"pref":"福井県","city":"南条郡南越前町","town":"燧"}],"0223":[{"pref":"福井県","city":"南条郡南越前町","town":"東大道"}],"0225":[{"pref":"福井県","city":"南条郡南越前町","town":"東谷"}],"0222":[{"pref":"福井県","city":"南条郡南越前町","town":"日野"}],"0127":[{"pref":"福井県","city":"南条郡南越前町","town":"広野"}],"0135":[{"pref":"福井県","city":"南条郡南越前町","town":"二ツ屋"}],"0116":[{"pref":"福井県","city":"南条郡南越前町","town":"古木"}],"0203":[{"pref":"福井県","city":"南条郡南越前町","town":"牧谷"}],"0129":[{"pref":"福井県","city":"南条郡南越前町","town":"孫谷"}],"0132":[{"pref":"福井県","city":"南条郡南越前町","town":"南今庄"}],"0124":[{"pref":"福井県","city":"南条郡南越前町","town":"八飯"}],"0102":[{"pref":"福井県","city":"南条郡南越前町","town":"八乙女"}],"0103":[{"pref":"福井県","city":"南条郡南越前町","town":"社谷"}],"0101":[{"pref":"福井県","city":"南条郡南越前町","town":"湯尾"}],"0227":[{"pref":"福井県","city":"南条郡南越前町","town":"脇本"}]}