{"1231":[{"pref":"山口県","city":"山口市","town":"阿東生雲東分"}],"1232":[{"pref":"山口県","city":"山口市","town":"阿東篠目"}],"1341":[{"pref":"山口県","city":"山口市","town":"阿東生雲西分"}],"1342":[{"pref":"山口県","city":"山口市","town":"阿東生雲中"}],"1343":[{"pref":"山口県","city":"山口市","town":"阿東蔵目喜"}],"1421":[{"pref":"山口県","city":"山口市","town":"阿東地福上"}],"1422":[{"pref":"山口県","city":"山口市","town":"阿東地福下"}],"1511":[{"pref":"山口県","city":"山口市","town":"阿東徳佐上"}],"1512":[{"pref":"山口県","city":"山口市","town":"阿東徳佐中"}],"1513":[{"pref":"山口県","city":"山口市","town":"阿東徳佐下"}],"1601":[{"pref":"山口県","city":"山口市","town":"阿東嘉年上"}],"1602":[{"pref":"山口県","city":"山口市","town":"阿東嘉年下"}],"2131":[{"pref":"山口県","city":"美祢市","town":"伊佐町堀越"}],"2141":[{"pref":"山口県","city":"美祢市","town":"東厚保町山中"}],"2142":[{"pref":"山口県","city":"美祢市","town":"東厚保町川東"}],"2151":[{"pref":"山口県","city":"美祢市","town":"西厚保町本郷"}],"2152":[{"pref":"山口県","city":"美祢市","town":"西厚保町原"}],"2200":[{"pref":"山口県","city":"美祢市","town":"以下に掲載がない場合"}],"2211":[{"pref":"山口県","city":"美祢市","town":"大嶺町北分"}],"2212":[{"pref":"山口県","city":"美祢市","town":"大嶺町東分"}],"2213":[{"pref":"山口県","city":"美祢市","town":"大嶺町西分"}],"2214":[{"pref":"山口県","city":"美祢市","town":"大嶺町奥分"}],"2221":[{"pref":"山口県","city":"美祢市","town":"伊佐町河原"}],"2222":[{"pref":"山口県","city":"美祢市","town":"伊佐町伊佐"}],"2223":[{"pref":"山口県","city":"美祢市","town":"伊佐町奥万倉"}],"2301":[{"pref":"山口県","city":"美祢市","town":"於福町上（駅前、岡田、上田代、栗ケ原、下田代、神柳、大明、立石、西寺、"},{"pref":"山口県","city":"美祢市","town":"平野、古屋、宗済、横道、竜現地）"}],"2302":[{"pref":"山口県","city":"美祢市","town":"於福町下（入水、榎田、金山、小杉、砂地、台、西畑、萩原、東中村、"},{"pref":"山口県","city":"美祢市","town":"平国木、緑ケ丘、宮の前）"}],"3111":[{"pref":"山口県","city":"萩市","town":"上田万"}],"3112":[{"pref":"山口県","city":"萩市","town":"下田万"}],"3113":[{"pref":"山口県","city":"萩市","town":"江崎"}],"3201":[{"pref":"山口県","city":"萩市","town":"上小川西分"}],"3202":[{"pref":"山口県","city":"萩市","town":"上小川東分"}],"3203":[{"pref":"山口県","city":"萩市","town":"中小川"}],"3204":[{"pref":"山口県","city":"萩市","town":"下小川"}],"3301":[{"pref":"山口県","city":"萩市","town":"弥富上"}],"3302":[{"pref":"山口県","city":"萩市","town":"弥富下"}],"3303":[{"pref":"山口県","city":"萩市","town":"鈴野川"}],"3411":[{"pref":"山口県","city":"萩市","town":"須佐"}],"3501":[{"pref":"山口県","city":"阿武郡阿武町","town":"宇田"}],"3502":[{"pref":"山口県","city":"阿武郡阿武町","town":"惣郷"}],"3600":[{"pref":"山口県","city":"阿武郡阿武町","town":"以下に掲載がない場合"}],"3611":[{"pref":"山口県","city":"萩市","town":"大井"}],"3621":[{"pref":"山口県","city":"阿武郡阿武町","town":"木与"}],"3622":[{"pref":"山口県","city":"阿武郡阿武町","town":"奈古"}],"3721":[{"pref":"山口県","city":"萩市","town":"三見"}],"3801":[{"pref":"山口県","city":"長門市","town":"三隅上"}],"3802":[{"pref":"山口県","city":"長門市","town":"三隅中"}],"3803":[{"pref":"山口県","city":"長門市","town":"三隅下"}],"4100":[{"pref":"山口県","city":"長門市","town":"以下に掲載がない場合"}],"4101":[{"pref":"山口県","city":"長門市","town":"東深川"}],"4102":[{"pref":"山口県","city":"長門市","town":"西深川"}],"4103":[{"pref":"山口県","city":"長門市","town":"深川湯本"}],"4104":[{"pref":"山口県","city":"長門市","town":"渋木"}],"4105":[{"pref":"山口県","city":"長門市","town":"真木"}],"4106":[{"pref":"山口県","city":"長門市","town":"仙崎"}],"4107":[{"pref":"山口県","city":"長門市","town":"通"}],"4211":[{"pref":"山口県","city":"長門市","town":"俵山"}],"4401":[{"pref":"山口県","city":"長門市","town":"日置上"}],"4402":[{"pref":"山口県","city":"長門市","town":"日置中"}],"4403":[{"pref":"山口県","city":"長門市","town":"日置下"}],"4404":[{"pref":"山口県","city":"長門市","town":"日置野田"}],"4405":[{"pref":"山口県","city":"長門市","town":"日置蔵小田"}],"4501":[{"pref":"山口県","city":"長門市","town":"油谷蔵小田"}],"4502":[{"pref":"山口県","city":"長門市","town":"油谷久富"}],"4503":[{"pref":"山口県","city":"長門市","town":"油谷新別名"}],"4504":[{"pref":"山口県","city":"長門市","town":"油谷河原"}],"4505":[{"pref":"山口県","city":"長門市","town":"油谷伊上"}],"4621":[{"pref":"山口県","city":"長門市","town":"油谷川尻"}],"4622":[{"pref":"山口県","city":"長門市","town":"油谷向津具上"}],"4623":[{"pref":"山口県","city":"長門市","town":"油谷向津具下"},{"pref":"山口県","city":"長門市","town":"油谷向津具下（大浦）"},{"pref":"山口県","city":"長門市","town":"油谷向津具下（久津）"}],"4711":[{"pref":"山口県","city":"長門市","town":"油谷後畑"}],"4712":[{"pref":"山口県","city":"長門市","town":"油谷津黄"}],"4713":[{"pref":"山口県","city":"長門市","town":"油谷角山"}],"5101":[{"pref":"山口県","city":"下関市","town":"豊北町粟野"}],"5241":[{"pref":"山口県","city":"下関市","town":"豊北町阿川"}],"5331":[{"pref":"山口県","city":"下関市","town":"豊北町神田"}],"5332":[{"pref":"山口県","city":"下関市","town":"豊北町角島"}],"5511":[{"pref":"山口県","city":"下関市","town":"豊北町滝部"}],"5512":[{"pref":"山口県","city":"下関市","town":"豊北町田耕"}],"5513":[{"pref":"山口県","city":"下関市","town":"豊北町神田上（７２８６～７３３９番地）"},{"pref":"山口県","city":"下関市","town":"豊北町北宇賀"}],"6121":[{"pref":"山口県","city":"下関市","town":"豊北町神田上（その他）"}],"6122":[{"pref":"山口県","city":"下関市","town":"豊北町矢玉"}],"6301":[{"pref":"山口県","city":"下関市","town":"豊浦町川棚"}],"6302":[{"pref":"山口県","city":"下関市","town":"豊浦町小串"}],"6303":[{"pref":"山口県","city":"下関市","town":"豊浦町宇賀"}],"6311":[{"pref":"山口県","city":"下関市","town":"豊浦町吉永"}],"6312":[{"pref":"山口県","city":"下関市","town":"豊浦町黒井"}],"6313":[{"pref":"山口県","city":"下関市","town":"豊浦町豊洋台"},{"pref":"山口県","city":"下関市","town":"豊浦町豊洋台新町"}],"6314":[{"pref":"山口県","city":"下関市","town":"豊浦町厚母郷"}],"6315":[{"pref":"山口県","city":"下関市","town":"豊浦町室津上"}],"6316":[{"pref":"山口県","city":"下関市","town":"豊浦町室津下"}],"6317":[{"pref":"山口県","city":"下関市","town":"豊浦町涌田後地"}],"6521":[{"pref":"山口県","city":"下関市","town":"吉見古宿町"}],"6522":[{"pref":"山口県","city":"下関市","town":"吉見竜王町"}],"6523":[{"pref":"山口県","city":"下関市","town":"吉見下"}],"6524":[{"pref":"山口県","city":"下関市","town":"吉見上"}],"6525":[{"pref":"山口県","city":"下関市","town":"吉見里町"}],"6531":[{"pref":"山口県","city":"下関市","town":"吉見本町"}],"6532":[{"pref":"山口県","city":"下関市","town":"吉見新町"}],"6533":[{"pref":"山口県","city":"下関市","town":"永田本町"}],"6534":[{"pref":"山口県","city":"下関市","town":"永田郷"}],"6541":[{"pref":"山口県","city":"下関市","town":"吉母"}],"6542":[{"pref":"山口県","city":"下関市","town":"蓋井島"}],"6601":[{"pref":"山口県","city":"下関市","town":"福江"}],"6602":[{"pref":"山口県","city":"下関市","town":"蒲生野"}],"6603":[{"pref":"山口県","city":"下関市","town":"安岡町"}],"6604":[{"pref":"山口県","city":"下関市","town":"横野町"}],"6605":[{"pref":"山口県","city":"下関市","town":"安岡"}],"6611":[{"pref":"山口県","city":"下関市","town":"安岡本町"}],"6612":[{"pref":"山口県","city":"下関市","town":"安岡駅前"}],"6613":[{"pref":"山口県","city":"下関市","town":"富任町"}],"6614":[{"pref":"山口県","city":"下関市","town":"梶栗町"}],"6615":[{"pref":"山口県","city":"下関市","town":"冨任"}],"0131":[{"pref":"山口県","city":"宇部市","town":"荒瀬"}],"0135":[{"pref":"山口県","city":"宇部市","town":"瓜生野"}],"0202":[{"pref":"山口県","city":"宇部市","town":"沖ノ旦"}],"0136":[{"pref":"山口県","city":"宇部市","town":"木田"}],"0207":[{"pref":"山口県","city":"宇部市","town":"際波"}],"0133":[{"pref":"山口県","city":"宇部市","town":"車地"}],"0213":[{"pref":"山口県","city":"宇部市","town":"黒石北"}],"0209":[{"pref":"山口県","city":"宇部市","town":"厚南北"}],"0212":[{"pref":"山口県","city":"宇部市","town":"厚南中央"}],"0123":[{"pref":"山口県","city":"宇部市","town":"末信"}],"0121":[{"pref":"山口県","city":"宇部市","town":"棚井"}],"0204":[{"pref":"山口県","city":"宇部市","town":"妻崎開作"}],"0203":[{"pref":"山口県","city":"宇部市","town":"中野開作"}],"0211":[{"pref":"山口県","city":"宇部市","town":"西宇部北"}],"0208":[{"pref":"山口県","city":"宇部市","town":"西宇部南"}],"0205":[{"pref":"山口県","city":"宇部市","town":"西沖の山"}],"0206":[{"pref":"山口県","city":"宇部市","town":"東須恵"}],"0124":[{"pref":"山口県","city":"宇部市","town":"広瀬"}],"0132":[{"pref":"山口県","city":"宇部市","town":"山中"}],"0201":[{"pref":"山口県","city":"宇部市","town":"山の手町"}],"0122":[{"pref":"山口県","city":"宇部市","town":"吉見"}],"0134":[{"pref":"山口県","city":"宇部市","town":"善和"}]}