{"8001":[{"pref":"兵庫県","city":"西宮市","town":"田近野町"}],"8002":[{"pref":"兵庫県","city":"西宮市","town":"一里山町"}],"8003":[{"pref":"兵庫県","city":"西宮市","town":"上大市"}],"8004":[{"pref":"兵庫県","city":"西宮市","town":"下大市東町"}],"8005":[{"pref":"兵庫県","city":"西宮市","town":"下大市西町"}],"8006":[{"pref":"兵庫県","city":"西宮市","town":"段上町"}],"8011":[{"pref":"兵庫県","city":"西宮市","town":"樋ノ口町"}],"8012":[{"pref":"兵庫県","city":"西宮市","town":"堤町"}],"8013":[{"pref":"兵庫県","city":"西宮市","town":"門前町"}],"8014":[{"pref":"兵庫県","city":"西宮市","town":"林田町"}],"8015":[{"pref":"兵庫県","city":"西宮市","town":"野間町"}],"8016":[{"pref":"兵庫県","city":"西宮市","town":"若山町"}],"8017":[{"pref":"兵庫県","city":"西宮市","town":"大島町"}],"8021":[{"pref":"兵庫県","city":"西宮市","town":"上之町"}],"8022":[{"pref":"兵庫県","city":"西宮市","town":"日野町"}],"8023":[{"pref":"兵庫県","city":"西宮市","town":"大森町"}],"8024":[{"pref":"兵庫県","city":"西宮市","town":"薬師町"}],"8025":[{"pref":"兵庫県","city":"西宮市","town":"荒木町"}],"8031":[{"pref":"兵庫県","city":"西宮市","town":"伏原町"}],"8032":[{"pref":"兵庫県","city":"西宮市","town":"高木西町"}],"8033":[{"pref":"兵庫県","city":"西宮市","town":"高木東町"}],"8034":[{"pref":"兵庫県","city":"西宮市","town":"長田町"}],"8035":[{"pref":"兵庫県","city":"西宮市","town":"北口町"}],"8101":[{"pref":"兵庫県","city":"西宮市","town":"松山町"}],"8102":[{"pref":"兵庫県","city":"西宮市","town":"松並町"}],"8103":[{"pref":"兵庫県","city":"西宮市","town":"熊野町"}],"8104":[{"pref":"兵庫県","city":"西宮市","town":"天道町"}],"8105":[{"pref":"兵庫県","city":"西宮市","town":"中島町"}],"8106":[{"pref":"兵庫県","city":"西宮市","town":"大屋町"}],"8107":[{"pref":"兵庫県","city":"西宮市","town":"瓦林町"}],"8111":[{"pref":"兵庫県","city":"西宮市","town":"二見町"}],"8112":[{"pref":"兵庫県","city":"西宮市","town":"甲子園口北町"}],"8113":[{"pref":"兵庫県","city":"西宮市","town":"甲子園口"}],"8114":[{"pref":"兵庫県","city":"西宮市","town":"上甲子園"}],"8121":[{"pref":"兵庫県","city":"西宮市","town":"戸崎町"}],"8122":[{"pref":"兵庫県","city":"西宮市","town":"小曽根町"}],"8123":[{"pref":"兵庫県","city":"西宮市","town":"小松東町"}],"8124":[{"pref":"兵庫県","city":"西宮市","town":"小松南町"}],"8125":[{"pref":"兵庫県","city":"西宮市","town":"小松西町"}],"8126":[{"pref":"兵庫県","city":"西宮市","town":"小松北町"}],"8127":[{"pref":"兵庫県","city":"西宮市","town":"小松町"}],"8131":[{"pref":"兵庫県","city":"西宮市","town":"武庫川町"}],"8132":[{"pref":"兵庫県","city":"西宮市","town":"東鳴尾町"}],"8133":[{"pref":"兵庫県","city":"西宮市","town":"上田東町"}],"8134":[{"pref":"兵庫県","city":"西宮市","town":"上田中町"}],"8135":[{"pref":"兵庫県","city":"西宮市","town":"上田西町"}],"8136":[{"pref":"兵庫県","city":"西宮市","town":"笠屋町"}],"8137":[{"pref":"兵庫県","city":"西宮市","town":"池開町"}],"8141":[{"pref":"兵庫県","city":"西宮市","town":"高須町"}],"8142":[{"pref":"兵庫県","city":"西宮市","town":"鳴尾浜"}],"8143":[{"pref":"兵庫県","city":"西宮市","town":"枝川町"}],"8151":[{"pref":"兵庫県","city":"西宮市","town":"甲子園洲鳥町"}],"8152":[{"pref":"兵庫県","city":"西宮市","town":"甲子園町"}],"8153":[{"pref":"兵庫県","city":"西宮市","town":"南甲子園"}],"8154":[{"pref":"兵庫県","city":"西宮市","town":"浜甲子園"}],"8155":[{"pref":"兵庫県","city":"西宮市","town":"甲子園浜"}],"8156":[{"pref":"兵庫県","city":"西宮市","town":"甲子園網引町"}],"8161":[{"pref":"兵庫県","city":"西宮市","town":"甲子園春風町"}],"8162":[{"pref":"兵庫県","city":"西宮市","town":"甲子園砂田町"}],"8163":[{"pref":"兵庫県","city":"西宮市","town":"甲子園三保町"}],"8164":[{"pref":"兵庫県","city":"西宮市","town":"甲子園六石町"}],"8165":[{"pref":"兵庫県","city":"西宮市","town":"甲子園浦風町"}],"8166":[{"pref":"兵庫県","city":"西宮市","town":"甲子園高潮町"}],"8167":[{"pref":"兵庫県","city":"西宮市","town":"甲子園浜田町"}],"8171":[{"pref":"兵庫県","city":"西宮市","town":"甲子園一番町"}],"8172":[{"pref":"兵庫県","city":"西宮市","town":"甲子園二番町"}],"8173":[{"pref":"兵庫県","city":"西宮市","town":"甲子園三番町"}],"8174":[{"pref":"兵庫県","city":"西宮市","town":"甲子園四番町"}],"8175":[{"pref":"兵庫県","city":"西宮市","town":"甲子園五番町"}],"8176":[{"pref":"兵庫県","city":"西宮市","town":"甲子園六番町"}],"8177":[{"pref":"兵庫県","city":"西宮市","town":"甲子園七番町"}],"8178":[{"pref":"兵庫県","city":"西宮市","town":"甲子園八番町"}],"8179":[{"pref":"兵庫県","city":"西宮市","town":"甲子園九番町"}],"8181":[{"pref":"兵庫県","city":"西宮市","town":"若草町"}],"8182":[{"pref":"兵庫県","city":"西宮市","town":"学文殿町"}],"8183":[{"pref":"兵庫県","city":"西宮市","town":"里中町"}],"8184":[{"pref":"兵庫県","city":"西宮市","town":"鳴尾町"}],"8185":[{"pref":"兵庫県","city":"西宮市","town":"古川町"}],"8186":[{"pref":"兵庫県","city":"西宮市","town":"上鳴尾町"}],"8187":[{"pref":"兵庫県","city":"西宮市","town":"花園町"}],"8201":[{"pref":"兵庫県","city":"西宮市","town":"田代町"}],"8202":[{"pref":"兵庫県","city":"西宮市","town":"高畑町"}],"8203":[{"pref":"兵庫県","city":"西宮市","town":"深津町"}],"8204":[{"pref":"兵庫県","city":"西宮市","town":"高松町"}],"8211":[{"pref":"兵庫県","city":"西宮市","town":"今津山中町"}],"8212":[{"pref":"兵庫県","city":"西宮市","town":"今津野田町"}],"8213":[{"pref":"兵庫県","city":"西宮市","town":"今津上野町"}],"8214":[{"pref":"兵庫県","city":"西宮市","town":"今津曙町"}],"8215":[{"pref":"兵庫県","city":"西宮市","town":"今津水波町"}],"8221":[{"pref":"兵庫県","city":"西宮市","town":"今津大東町"}],"8222":[{"pref":"兵庫県","city":"西宮市","town":"今津久寿川町"}],"8223":[{"pref":"兵庫県","city":"西宮市","town":"今津巽町"}],"8224":[{"pref":"兵庫県","city":"西宮市","town":"今津真砂町"}],"8225":[{"pref":"兵庫県","city":"西宮市","town":"今津西浜町"}],"8226":[{"pref":"兵庫県","city":"西宮市","town":"今津港町"}],"8227":[{"pref":"兵庫県","city":"西宮市","town":"今津出在家町"}],"8228":[{"pref":"兵庫県","city":"西宮市","town":"今津二葉町"}],"8229":[{"pref":"兵庫県","city":"西宮市","town":"今津社前町"}],"8231":[{"pref":"兵庫県","city":"西宮市","town":"津門西口町"}],"8232":[{"pref":"兵庫県","city":"西宮市","town":"津門宝津町"}],"8233":[{"pref":"兵庫県","city":"西宮市","town":"津門川町"}],"8234":[{"pref":"兵庫県","city":"西宮市","town":"津門住江町"}],"8241":[{"pref":"兵庫県","city":"西宮市","town":"津門大塚町"}],"8242":[{"pref":"兵庫県","city":"西宮市","town":"津門飯田町"}],"8243":[{"pref":"兵庫県","city":"西宮市","town":"津門大箇町"}],"8244":[{"pref":"兵庫県","city":"西宮市","town":"津門綾羽町"}],"8245":[{"pref":"兵庫県","city":"西宮市","town":"津門呉羽町"}],"8246":[{"pref":"兵庫県","city":"西宮市","town":"津門仁辺町"}],"8247":[{"pref":"兵庫県","city":"西宮市","town":"津門稲荷町"}]}