{"0041":[{"pref":"北海道","city":"浦河郡浦河町","town":"東幌別（その他）"}],"0000":[{"pref":"北海道","city":"様似郡様似町","town":"以下に掲載がない場合"}],"0001":[{"pref":"北海道","city":"様似郡様似町","town":"旭"}],"0012":[{"pref":"北海道","city":"様似郡様似町","town":"朝日丘"}],"0033":[{"pref":"北海道","city":"様似郡様似町","town":"鵜苫"}],"0014":[{"pref":"北海道","city":"様似郡様似町","town":"大通"}],"0022":[{"pref":"北海道","city":"様似郡様似町","town":"岡田"}],"0024":[{"pref":"北海道","city":"様似郡様似町","town":"会所町"}],"0023":[{"pref":"北海道","city":"様似郡様似町","town":"栄町"}],"0027":[{"pref":"北海道","city":"様似郡様似町","town":"潮見台"}],"0021":[{"pref":"北海道","city":"様似郡様似町","town":"新富"}],"0011":[{"pref":"北海道","city":"様似郡様似町","town":"田代"}],"0015":[{"pref":"北海道","city":"様似郡様似町","town":"錦町"}],"0031":[{"pref":"北海道","city":"様似郡様似町","town":"西様似"}],"0032":[{"pref":"北海道","city":"様似郡様似町","town":"西町"}],"0004":[{"pref":"北海道","city":"様似郡様似町","town":"平宇"}],"0003":[{"pref":"北海道","city":"様似郡様似町","town":"冬島"}],"0002":[{"pref":"北海道","city":"様似郡様似町","town":"幌満"}],"0026":[{"pref":"北海道","city":"様似郡様似町","town":"本町"}],"0013":[{"pref":"北海道","city":"様似郡様似町","town":"緑町"}],"0025":[{"pref":"北海道","city":"様似郡様似町","town":"港町"}],"0200":[{"pref":"北海道","city":"幌泉郡えりも町","town":"以下に掲載がない場合"}],"0202":[{"pref":"北海道","city":"幌泉郡えりも町","town":"歌別"}],"0342":[{"pref":"北海道","city":"幌泉郡えりも町","town":"えりも岬"}],"0421":[{"pref":"北海道","city":"幌泉郡えりも町","town":"庶野"}],"0203":[{"pref":"北海道","city":"幌泉郡えりも町","town":"新浜"}],"0207":[{"pref":"北海道","city":"幌泉郡えりも町","town":"近浦"}],"0343":[{"pref":"北海道","city":"幌泉郡えりも町","town":"東洋（油駒、南東洋、１３２～１５６、１５８～３５４、３６６、３６７番地）"}],"0201":[{"pref":"北海道","city":"幌泉郡えりも町","town":"東洋（歌露、坂岸、エンドモ、エンドマカゲ）"}],"0341":[{"pref":"北海道","city":"幌泉郡えりも町","town":"苫別"}],"0206":[{"pref":"北海道","city":"幌泉郡えりも町","town":"笛舞"}],"0204":[{"pref":"北海道","city":"幌泉郡えりも町","town":"本町"}],"0422":[{"pref":"北海道","city":"幌泉郡えりも町","town":"目黒"}],"0205":[{"pref":"北海道","city":"幌泉郡えりも町","town":"大和"}]}