{"那覇市":{"以下に掲載がない場合":[{"zip":"9000000","zip1":"900","zip2":"0000"}],"赤嶺":[{"zip":"9010154","zip1":"901","zip2":"0154"}],"曙":[{"zip":"9000002","zip1":"900","zip2":"0002"}],"安里":[{"zip":"9020067","zip1":"902","zip2":"0067"}],"旭町":[{"zip":"9000029","zip1":"900","zip2":"0029"}],"安次嶺":[{"zip":"9010143","zip1":"901","zip2":"0143"}],"安謝":[{"zip":"9000003","zip1":"900","zip2":"0003"}],"天久":[{"zip":"9000005","zip1":"900","zip2":"0005"}],"泉崎":[{"zip":"9000021","zip1":"900","zip2":"0021"}],"上之屋":[{"zip":"9000011","zip1":"900","zip2":"0011"}],"宇栄原":[{"zip":"9010153","zip1":"901","zip2":"0153"}],"上間":[{"zip":"9020073","zip1":"902","zip2":"0073"}],"奥武山町":[{"zip":"9000026","zip1":"900","zip2":"0026"}],"大嶺":[{"zip":"9010148","zip1":"901","zip2":"0148"}],"おもろまち":[{"zip":"9000006","zip1":"900","zip2":"0006"}],"小禄":[{"zip":"9010152","zip1":"901","zip2":"0152"}],"鏡水":[{"zip":"9010142","zip1":"901","zip2":"0142"}],"垣花町":[{"zip":"9000028","zip1":"900","zip2":"0028"}],"金城":[{"zip":"9010155","zip1":"901","zip2":"0155"}],"鏡原町":[{"zip":"9010151","zip1":"901","zip2":"0151"}],"具志":[{"zip":"9010146","zip1":"901","zip2":"0146"}],"久米":[{"zip":"9000033","zip1":"900","zip2":"0033"}],"久茂地":[{"zip":"9000015","zip1":"900","zip2":"0015"}],"国場":[{"zip":"9020075","zip1":"902","zip2":"0075"}],"古波蔵":[{"zip":"9000024","zip1":"900","zip2":"0024"}],"識名":[{"zip":"9020078","zip1":"902","zip2":"0078"}],"首里赤田町":[{"zip":"9030813","zip1":"903","zip2":"0813"}],"首里赤平町":[{"zip":"9030811","zip1":"903","zip2":"0811"}],"首里池端町":[{"zip":"9030824","zip1":"903","zip2":"0824"}],"首里石嶺町":[{"zip":"9030804","zip1":"903","zip2":"0804"}],"首里大中町":[{"zip":"9030823","zip1":"903","zip2":"0823"}],"首里大名町":[{"zip":"9030802","zip1":"903","zip2":"0802"}],"首里金城町":[{"zip":"9030815","zip1":"903","zip2":"0815"}],"首里儀保町":[{"zip":"9030821","zip1":"903","zip2":"0821"}],"首里久場川町":[{"zip":"9030807","zip1":"903","zip2":"0807"}],"首里崎山町":[{"zip":"9030814","zip1":"903","zip2":"0814"}],"首里寒川町":[{"zip":"9030826","zip1":"903","zip2":"0826"}],"首里末吉町":[{"zip":"9030801","zip1":"903","zip2":"0801"}],"首里平良町":[{"zip":"9030803","zip1":"903","zip2":"0803"}],"首里汀良町":[{"zip":"9030806","zip1":"903","zip2":"0806"}],"首里当蔵町":[{"zip":"9030812","zip1":"903","zip2":"0812"}],"首里桃原町":[{"zip":"9030822","zip1":"903","zip2":"0822"}],"首里鳥堀町":[{"zip":"9030805","zip1":"903","zip2":"0805"}],"首里真和志町":[{"zip":"9030816","zip1":"903","zip2":"0816"}],"首里山川町":[{"zip":"9030825","zip1":"903","zip2":"0825"}],"住吉町":[{"zip":"9010141","zip1":"901","zip2":"0141"}],"楚辺":[{"zip":"9000023","zip1":"900","zip2":"0023"}],"大道":[{"zip":"9020066","zip1":"902","zip2":"0066"}],"高良":[{"zip":"9010145","zip1":"901","zip2":"0145"}],"田原":[{"zip":"9010156","zip1":"901","zip2":"0156"}],"辻":[{"zip":"9000037","zip1":"900","zip2":"0037"}],"壺川":[{"zip":"9000025","zip1":"900","zip2":"0025"}],"壺屋":[{"zip":"9020065","zip1":"902","zip2":"0065"}],"当間":[{"zip":"9010144","zip1":"901","zip2":"0144"}],"泊":[{"zip":"9000012","zip1":"900","zip2":"0012"}],"通堂町":[{"zip":"9000035","zip1":"900","zip2":"0035"}],"仲井真":[{"zip":"9020074","zip1":"902","zip2":"0074"}],"長田":[{"zip":"9020077","zip1":"902","zip2":"0077"}],"西":[{"zip":"9000036","zip1":"900","zip2":"0036"}],"繁多川":[{"zip":"9020071","zip1":"902","zip2":"0071"}],"東町":[{"zip":"9000034","zip1":"900","zip2":"0034"}],"樋川":[{"zip":"9000022","zip1":"900","zip2":"0022"}],"古島":[{"zip":"9020061","zip1":"902","zip2":"0061"}],"真地":[{"zip":"9020072","zip1":"902","zip2":"0072"}],"前島":[{"zip":"9000016","zip1":"900","zip2":"0016"}],"真嘉比":[{"zip":"9020068","zip1":"902","zip2":"0068"}],"牧志":[{"zip":"9000013","zip1":"900","zip2":"0013"}],"松尾":[{"zip":"9000014","zip1":"900","zip2":"0014"}],"松川":[{"zip":"9020062","zip1":"902","zip2":"0062"}],"松島":[{"zip":"9020069","zip1":"902","zip2":"0069"}],"松山":[{"zip":"9000032","zip1":"900","zip2":"0032"}],"港町":[{"zip":"9000001","zip1":"900","zip2":"0001"}],"三原":[{"zip":"9020063","zip1":"902","zip2":"0063"}],"宮城":[{"zip":"9010147","zip1":"901","zip2":"0147"}],"銘苅":[{"zip":"9000004","zip1":"900","zip2":"0004"}],"山下町":[{"zip":"9000027","zip1":"900","zip2":"0027"}],"与儀":[{"zip":"9020076","zip1":"902","zip2":"0076"}],"寄宮":[{"zip":"9020064","zip1":"902","zip2":"0064"}],"若狭":[{"zip":"9000031","zip1":"900","zip2":"0031"}]},"宜野湾市":{"以下に掲載がない場合":[{"zip":"9012200","zip1":"901","zip2":"2200"}],"愛知":[{"zip":"9012206","zip1":"901","zip2":"2206"}],"赤道":[{"zip":"9012205","zip1":"901","zip2":"2205"}],"新城":[{"zip":"9012201","zip1":"901","zip2":"2201"}],"伊佐":[{"zip":"9012221","zip1":"901","zip2":"2221"}],"上原":[{"zip":"9012204","zip1":"901","zip2":"2204"}],"宇地泊":[{"zip":"9012227","zip1":"901","zip2":"2227"}],"大謝名":[{"zip":"9012225","zip1":"901","zip2":"2225"}],"大山":[{"zip":"9012223","zip1":"901","zip2":"2223"}],"嘉数":[{"zip":"9012226","zip1":"901","zip2":"2226"}],"我如古":[{"zip":"9012214","zip1":"901","zip2":"2214"}],"神山":[{"zip":"9012207","zip1":"901","zip2":"2207"}],"宜野湾":[{"zip":"9012211","zip1":"901","zip2":"2211"}],"喜友名":[{"zip":"9012222","zip1":"901","zip2":"2222"}],"佐真下":[{"zip":"9012216","zip1":"901","zip2":"2216"}],"志真志":[{"zip":"9012213","zip1":"901","zip2":"2213"}],"長田":[{"zip":"9012212","zip1":"901","zip2":"2212"}],"野嵩":[{"zip":"9012203","zip1":"901","zip2":"2203"}],"普天間":[{"zip":"9012202","zip1":"901","zip2":"2202"}],"真栄原":[{"zip":"9012215","zip1":"901","zip2":"2215"}],"真志喜":[{"zip":"9012224","zip1":"901","zip2":"2224"}]},"石垣市":{"以下に掲載がない場合":[{"zip":"9070000","zip1":"907","zip2":"0000"}],"新川":[{"zip":"9070024","zip1":"907","zip2":"0024"}],"石垣":[{"zip":"9070023","zip1":"907","zip2":"0023"}],"伊原間":[{"zip":"9070332","zip1":"907","zip2":"0332"}],"大川":[{"zip":"9070022","zip1":"907","zip2":"0022"}],"大浜":[{"zip":"9070001","zip1":"907","zip2":"0001"}],"川平":[{"zip":"9070453","zip1":"907","zip2":"0453"}],"崎枝":[{"zip":"9070452","zip1":"907","zip2":"0452"}],"白保":[{"zip":"9070242","zip1":"907","zip2":"0242"}],"新栄町":[{"zip":"9070014","zip1":"907","zip2":"0014"}],"桃里":[{"zip":"9070241","zip1":"907","zip2":"0241"}],"登野城":[{"zip":"9070004","zip1":"907","zip2":"0004"}],"登野城尖閣":[{"zip":"9070031","zip1":"907","zip2":"0031"}],"名蔵":[{"zip":"9070021","zip1":"907","zip2":"0021"}],"野底":[{"zip":"9070333","zip1":"907","zip2":"0333"}],"南ぬ浜町":[{"zip":"9070015","zip1":"907","zip2":"0015"}],"浜崎町":[{"zip":"9070013","zip1":"907","zip2":"0013"}],"平得":[{"zip":"9070003","zip1":"907","zip2":"0003"}],"平久保":[{"zip":"9070331","zip1":"907","zip2":"0331"}],"桴海":[{"zip":"9070451","zip1":"907","zip2":"0451"}],"真栄里":[{"zip":"9070002","zip1":"907","zip2":"0002"}],"美崎町":[{"zip":"9070012","zip1":"907","zip2":"0012"}],"宮良":[{"zip":"9070243","zip1":"907","zip2":"0243"}],"盛山":[{"zip":"9070244","zip1":"907","zip2":"0244"}],"八島町":[{"zip":"9070011","zip1":"907","zip2":"0011"}]},"浦添市":{"以下に掲載がない場合":[{"zip":"9012100","zip1":"901","zip2":"2100"}],"安波茶":[{"zip":"9012114","zip1":"901","zip2":"2114"}],"伊祖":[{"zip":"9012132","zip1":"901","zip2":"2132"}],"伊奈武瀬":[{"zip":"9012128","zip1":"901","zip2":"2128"}],"西洲":[{"zip":"9012123","zip1":"901","zip2":"2123"}],"内間":[{"zip":"9012121","zip1":"901","zip2":"2121"}],"大平":[{"zip":"9012113","zip1":"901","zip2":"2113"}],"経塚":[{"zip":"9012111","zip1":"901","zip2":"2111"}],"城間":[{"zip":"9012133","zip1":"901","zip2":"2133"}],"小湾":[{"zip":"9012124","zip1":"901","zip2":"2124"}],"勢理客":[{"zip":"9012122","zip1":"901","zip2":"2122"}],"沢岻":[{"zip":"9012112","zip1":"901","zip2":"2112"}],"当山":[{"zip":"9012104","zip1":"901","zip2":"2104"}],"仲間":[{"zip":"9012103","zip1":"901","zip2":"2103"}],"仲西":[{"zip":"9012125","zip1":"901","zip2":"2125"}],"西原":[{"zip":"9012101","zip1":"901","zip2":"2101"}],"前田":[{"zip":"9012102","zip1":"901","zip2":"2102"}],"牧港":[{"zip":"9012131","zip1":"901","zip2":"2131"}],"港川":[{"zip":"9012134","zip1":"901","zip2":"2134"}],"宮城":[{"zip":"9012126","zip1":"901","zip2":"2126"}],"屋富祖":[{"zip":"9012127","zip1":"901","zip2":"2127"}]},"名護市":{"以下に掲載がない場合":[{"zip":"9050000","zip1":"905","zip2":"0000"}],"東江":[{"zip":"9050021","zip1":"905","zip2":"0021"}],"旭川":[{"zip":"9050003","zip1":"905","zip2":"0003"}],"安部":[{"zip":"9052263","zip1":"905","zip2":"2263"}],"安和":[{"zip":"9050001","zip1":"905","zip2":"0001"}],"伊差川":[{"zip":"9051152","zip1":"905","zip2":"1152"}],"稲嶺":[{"zip":"9051142","zip1":"905","zip2":"1142"}],"宇茂佐":[{"zip":"9050006","zip1":"905","zip2":"0006"}],"宇茂佐の森":[{"zip":"9050009","zip1":"905","zip2":"0009"}],"運天原":[{"zip":"9051634","zip1":"905","zip2":"1634"}],"大浦":[{"zip":"9052267","zip1":"905","zip2":"2267"}],"大川":[{"zip":"9052268","zip1":"905","zip2":"2268"}],"大北":[{"zip":"9050019","zip1":"905","zip2":"0019"}],"大中":[{"zip":"9050017","zip1":"905","zip2":"0017"}],"大西":[{"zip":"9050018","zip1":"905","zip2":"0018"}],"大東":[{"zip":"9050016","zip1":"905","zip2":"0016"}],"大南":[{"zip":"9050015","zip1":"905","zip2":"0015"}],"親川":[{"zip":"9051146","zip1":"905","zip2":"1146"}],"勝山":[{"zip":"9050002","zip1":"905","zip2":"0002"}],"我部":[{"zip":"9051633","zip1":"905","zip2":"1633"}],"我部祖河":[{"zip":"9051155","zip1":"905","zip2":"1155"}],"嘉陽":[{"zip":"9052262","zip1":"905","zip2":"2262"}],"川上":[{"zip":"9051145","zip1":"905","zip2":"1145"}],"喜瀬":[{"zip":"9050026","zip1":"905","zip2":"0026"}],"許田":[{"zip":"9050024","zip1":"905","zip2":"0024"}],"久志":[{"zip":"9052173","zip1":"905","zip2":"2173"}],"城":[{"zip":"9050013","zip1":"905","zip2":"0013"}],"源河":[{"zip":"9051141","zip1":"905","zip2":"1141"}],"幸喜":[{"zip":"9050025","zip1":"905","zip2":"0025"}],"呉我":[{"zip":"9051154","zip1":"905","zip2":"1154"}],"古我知":[{"zip":"9051156","zip1":"905","zip2":"1156"}],"数久田":[{"zip":"9050023","zip1":"905","zip2":"0023"}],"済井出":[{"zip":"9051635","zip1":"905","zip2":"1635"}],"瀬嵩":[{"zip":"9052266","zip1":"905","zip2":"2266"}],"田井等":[{"zip":"9051147","zip1":"905","zip2":"1147"}],"汀間":[{"zip":"9052265","zip1":"905","zip2":"2265"}],"天仁屋":[{"zip":"9052261","zip1":"905","zip2":"2261"}],"豊原":[{"zip":"9052172","zip1":"905","zip2":"2172"}],"仲尾":[{"zip":"9051153","zip1":"905","zip2":"1153"}],"仲尾次":[{"zip":"9051144","zip1":"905","zip2":"1144"}],"中山":[{"zip":"9050004","zip1":"905","zip2":"0004"}],"名護":[{"zip":"9050012","zip1":"905","zip2":"0012"}],"為又":[{"zip":"9050005","zip1":"905","zip2":"0005"}],"二見":[{"zip":"9052269","zip1":"905","zip2":"2269"}],"振慶名":[{"zip":"9051151","zip1":"905","zip2":"1151"}],"辺野古":[{"zip":"9052171","zip1":"905","zip2":"2171"}],"真喜屋":[{"zip":"9051143","zip1":"905","zip2":"1143"}],"港":[{"zip":"9050014","zip1":"905","zip2":"0014"}],"三原":[{"zip":"9052264","zip1":"905","zip2":"2264"}],"宮里":[{"zip":"9050011","zip1":"905","zip2":"0011"}],"屋我":[{"zip":"9051631","zip1":"905","zip2":"1631"}],"屋部":[{"zip":"9050007","zip1":"905","zip2":"0007"}],"山入端":[{"zip":"9050008","zip1":"905","zip2":"0008"}],"世冨慶":[{"zip":"9050022","zip1":"905","zip2":"0022"}],"饒平名":[{"zip":"9051632","zip1":"905","zip2":"1632"}]},"糸満市":{"以下に掲載がない場合":[{"zip":"9010300","zip1":"901","zip2":"0300"}],"阿波根":[{"zip":"9010301","zip1":"901","zip2":"0301"}],"新垣":[{"zip":"9010323","zip1":"901","zip2":"0323"}],"伊敷":[{"zip":"9010363","zip1":"901","zip2":"0363"}],"糸洲":[{"zip":"9010342","zip1":"901","zip2":"0342"}],"糸満":[{"zip":"9010361","zip1":"901","zip2":"0361"}],"伊原":[{"zip":"9010344","zip1":"901","zip2":"0344"}],"宇江城":[{"zip":"9010332","zip1":"901","zip2":"0332"}],"大里":[{"zip":"9010325","zip1":"901","zip2":"0325"}],"大度":[{"zip":"9010334","zip1":"901","zip2":"0334"}],"賀数":[{"zip":"9010313","zip1":"901","zip2":"0313"}],"兼城":[{"zip":"9010303","zip1":"901","zip2":"0303"}],"北波平":[{"zip":"9010312","zip1":"901","zip2":"0312"}],"喜屋武":[{"zip":"9010354","zip1":"901","zip2":"0354"}],"国吉":[{"zip":"9010324","zip1":"901","zip2":"0324"}],"小波蔵":[{"zip":"9010341","zip1":"901","zip2":"0341"}],"米須":[{"zip":"9010335","zip1":"901","zip2":"0335"}],"座波":[{"zip":"9010314","zip1":"901","zip2":"0314"}],"潮崎町":[{"zip":"9010364","zip1":"901","zip2":"0364"}],"潮平":[{"zip":"9010302","zip1":"901","zip2":"0302"}],"武富":[{"zip":"9010311","zip1":"901","zip2":"0311"}],"束里":[{"zip":"9010353","zip1":"901","zip2":"0353"}],"照屋":[{"zip":"9010315","zip1":"901","zip2":"0315"}],"豊原":[{"zip":"9010321","zip1":"901","zip2":"0321"}],"名城":[{"zip":"9010351","zip1":"901","zip2":"0351"}],"西川町":[{"zip":"9010304","zip1":"901","zip2":"0304"}],"西崎":[{"zip":"9010305","zip1":"901","zip2":"0305"}],"西崎町":[{"zip":"9010306","zip1":"901","zip2":"0306"}],"福地":[{"zip":"9010345","zip1":"901","zip2":"0345"}],"真栄里":[{"zip":"9010362","zip1":"901","zip2":"0362"}],"真栄平":[{"zip":"9010331","zip1":"901","zip2":"0331"}],"真壁":[{"zip":"9010336","zip1":"901","zip2":"0336"}],"摩文仁":[{"zip":"9010333","zip1":"901","zip2":"0333"}],"南波平":[{"zip":"9010343","zip1":"901","zip2":"0343"}],"山城":[{"zip":"9010352","zip1":"901","zip2":"0352"}],"与座":[{"zip":"9010322","zip1":"901","zip2":"0322"}]},"沖縄市":{"以下に掲載がない場合":[{"zip":"9040000","zip1":"904","zip2":"0000"}],"明道":[{"zip":"9042152","zip1":"904","zip2":"2152"}],"安慶田":[{"zip":"9040012","zip1":"904","zip2":"0012"}],"泡瀬":[{"zip":"9042172","zip1":"904","zip2":"2172"}],"池原":[{"zip":"9042141","zip1":"904","zip2":"2141"}],"上地":[{"zip":"9040031","zip1":"904","zip2":"0031"}],"大里":[{"zip":"9042163","zip1":"904","zip2":"2163"}],"海邦":[{"zip":"9042162","zip1":"904","zip2":"2162"}],"海邦町":[{"zip":"9042162","zip1":"904","zip2":"2162"}],"嘉間良":[{"zip":"9040005","zip1":"904","zip2":"0005"}],"久保田":[{"zip":"9040023","zip1":"904","zip2":"0023"}],"倉敷":[{"zip":"9042145","zip1":"904","zip2":"2145"}],"古謝":[{"zip":"9042161","zip1":"904","zip2":"2161"}],"古謝津嘉山町":[{"zip":"9042166","zip1":"904","zip2":"2166"}],"越来":[{"zip":"9040001","zip1":"904","zip2":"0001"}],"胡屋":[{"zip":"9040021","zip1":"904","zip2":"0021"}],"潮乃森":[{"zip":"9042175","zip1":"904","zip2":"2175"}],"白川":[{"zip":"9042144","zip1":"904","zip2":"2144"}],"城前町":[{"zip":"9040002","zip1":"904","zip2":"0002"}],"住吉":[{"zip":"9040003","zip1":"904","zip2":"0003"}],"園田":[{"zip":"9040022","zip1":"904","zip2":"0022"}],"高原":[{"zip":"9042171","zip1":"904","zip2":"2171"}],"知花":[{"zip":"9042143","zip1":"904","zip2":"2143"}],"中央":[{"zip":"9040004","zip1":"904","zip2":"0004"}],"照屋":[{"zip":"9040011","zip1":"904","zip2":"0011"}],"桃原":[{"zip":"9042164","zip1":"904","zip2":"2164"}],"仲宗根町":[{"zip":"9040014","zip1":"904","zip2":"0014"}],"登川":[{"zip":"9042142","zip1":"904","zip2":"2142"}],"東":[{"zip":"9042154","zip1":"904","zip2":"2154"}],"比屋根":[{"zip":"9042173","zip1":"904","zip2":"2173"}],"松本":[{"zip":"9042151","zip1":"904","zip2":"2151"}],"美里":[{"zip":"9042153","zip1":"904","zip2":"2153"}],"美里仲原町":[{"zip":"9042156","zip1":"904","zip2":"2156"}],"南桃原":[{"zip":"9040035","zip1":"904","zip2":"0035"}],"美原":[{"zip":"9042155","zip1":"904","zip2":"2155"}],"宮里":[{"zip":"9042165","zip1":"904","zip2":"2165"}],"室川":[{"zip":"9040013","zip1":"904","zip2":"0013"}],"諸見里":[{"zip":"9040032","zip1":"904","zip2":"0032"}],"八重島":[{"zip":"9040006","zip1":"904","zip2":"0006"}],"山内":[{"zip":"9040034","zip1":"904","zip2":"0034"}],"山里":[{"zip":"9040033","zip1":"904","zip2":"0033"}],"与儀":[{"zip":"9042174","zip1":"904","zip2":"2174"}]},"豊見城市":{"以下に掲載がない場合":[{"zip":"9010200","zip1":"901","zip2":"0200"}],"伊良波":[{"zip":"9010232","zip1":"901","zip2":"0232"}],"上田":[{"zip":"9010243","zip1":"901","zip2":"0243"}],"翁長":[{"zip":"9010223","zip1":"901","zip2":"0223"}],"嘉数":[{"zip":"9010202","zip1":"901","zip2":"0202"}],"我那覇":[{"zip":"9010231","zip1":"901","zip2":"0231"}],"金良":[{"zip":"9010204","zip1":"901","zip2":"0204"}],"宜保":[{"zip":"9010244","zip1":"901","zip2":"0244"}],"座安":[{"zip":"9010221","zip1":"901","zip2":"0221"}],"瀬長":[{"zip":"9010233","zip1":"901","zip2":"0233"}],"平良":[{"zip":"9010212","zip1":"901","zip2":"0212"}],"高嶺":[{"zip":"9010213","zip1":"901","zip2":"0213"}],"高安":[{"zip":"9010242","zip1":"901","zip2":"0242"}],"田頭":[{"zip":"9010234","zip1":"901","zip2":"0234"}],"渡嘉敷":[{"zip":"9010215","zip1":"901","zip2":"0215"}],"渡橋名":[{"zip":"9010222","zip1":"901","zip2":"0222"}],"豊見城":[{"zip":"9010241","zip1":"901","zip2":"0241"}],"豊崎":[{"zip":"9010225","zip1":"901","zip2":"0225"}],"名嘉地":[{"zip":"9010235","zip1":"901","zip2":"0235"}],"長堂":[{"zip":"9010203","zip1":"901","zip2":"0203"}],"根差部":[{"zip":"9010205","zip1":"901","zip2":"0205"}],"饒波":[{"zip":"9010211","zip1":"901","zip2":"0211"}],"保栄茂":[{"zip":"9010214","zip1":"901","zip2":"0214"}],"真玉橋":[{"zip":"9010201","zip1":"901","zip2":"0201"}],"与根":[{"zip":"9010224","zip1":"901","zip2":"0224"}]},"うるま市":{"以下に掲載がない場合":[{"zip":"9042200","zip1":"904","zip2":"2200"}],"赤野":[{"zip":"9042212","zip1":"904","zip2":"2212"}],"赤道":[{"zip":"9042245","zip1":"904","zip2":"2245"}],"安慶名":[{"zip":"9042214","zip1":"904","zip2":"2214"}],"石川":[{"zip":"9041106","zip1":"904","zip2":"1106"}],"石川赤崎":[{"zip":"9041103","zip1":"904","zip2":"1103"}],"石川東山":[{"zip":"9041102","zip1":"904","zip2":"1102"}],"石川東山本町":[{"zip":"9041101","zip1":"904","zip2":"1101"}],"石川曙":[{"zip":"9041107","zip1":"904","zip2":"1107"}],"石川石崎":[{"zip":"9041104","zip1":"904","zip2":"1104"}],"石川伊波":[{"zip":"9041115","zip1":"904","zip2":"1115"}],"石川嘉手苅":[{"zip":"9041114","zip1":"904","zip2":"1114"}],"石川白浜":[{"zip":"9041105","zip1":"904","zip2":"1105"}],"石川楚南":[{"zip":"9041112","zip1":"904","zip2":"1112"}],"石川東恩納":[{"zip":"9041111","zip1":"904","zip2":"1111"}],"石川東恩納崎":[{"zip":"9041108","zip1":"904","zip2":"1108"}],"石川山城":[{"zip":"9041113","zip1":"904","zip2":"1113"}],"西原":[{"zip":"9042204","zip1":"904","zip2":"2204"}],"上江洲":[{"zip":"9042222","zip1":"904","zip2":"2222"}],"宇堅":[{"zip":"9042211","zip1":"904","zip2":"2211"}],"江洲":[{"zip":"9042244","zip1":"904","zip2":"2244"}],"栄野比":[{"zip":"9042205","zip1":"904","zip2":"2205"}],"大田":[{"zip":"9042224","zip1":"904","zip2":"2224"}],"勝連内間":[{"zip":"9042313","zip1":"904","zip2":"2313"}],"勝連津堅":[{"zip":"9042317","zip1":"904","zip2":"2317"}],"勝連南風原":[{"zip":"9042311","zip1":"904","zip2":"2311"}],"勝連浜":[{"zip":"9042315","zip1":"904","zip2":"2315"}],"勝連比嘉":[{"zip":"9042316","zip1":"904","zip2":"2316"}],"勝連平敷屋":[{"zip":"9042314","zip1":"904","zip2":"2314"}],"勝連平安名":[{"zip":"9042312","zip1":"904","zip2":"2312"}],"兼箇段":[{"zip":"9042241","zip1":"904","zip2":"2241"}],"川崎":[{"zip":"9042203","zip1":"904","zip2":"2203"}],"川田":[{"zip":"9042232","zip1":"904","zip2":"2232"}],"喜仲":[{"zip":"9042236","zip1":"904","zip2":"2236"}],"喜屋武":[{"zip":"9042225","zip1":"904","zip2":"2225"}],"具志川":[{"zip":"9042223","zip1":"904","zip2":"2223"}],"昆布":[{"zip":"9042201","zip1":"904","zip2":"2201"}],"塩屋":[{"zip":"9042231","zip1":"904","zip2":"2231"}],"州崎":[{"zip":"9042234","zip1":"904","zip2":"2234"}],"平良川":[{"zip":"9042221","zip1":"904","zip2":"2221"}],"高江洲":[{"zip":"9042242","zip1":"904","zip2":"2242"}],"田場":[{"zip":"9042213","zip1":"904","zip2":"2213"}],"天願":[{"zip":"9042202","zip1":"904","zip2":"2202"}],"豊原":[{"zip":"9042233","zip1":"904","zip2":"2233"}],"仲嶺":[{"zip":"9042226","zip1":"904","zip2":"2226"}],"前原":[{"zip":"9042235","zip1":"904","zip2":"2235"}],"みどり町":[{"zip":"9042215","zip1":"904","zip2":"2215"}],"宮里":[{"zip":"9042243","zip1":"904","zip2":"2243"}],"与那城":[{"zip":"9042303","zip1":"904","zip2":"2303"}],"与那城安勢理":[{"zip":"9042306","zip1":"904","zip2":"2306"}],"与那城伊計":[{"zip":"9042421","zip1":"904","zip2":"2421"}],"与那城池味":[{"zip":"9042422","zip1":"904","zip2":"2422"}],"与那城上原":[{"zip":"9042424","zip1":"904","zip2":"2424"}],"与那城中央":[{"zip":"9042305","zip1":"904","zip2":"2305"}],"与那城照間":[{"zip":"9042301","zip1":"904","zip2":"2301"}],"与那城桃原":[{"zip":"9042425","zip1":"904","zip2":"2425"}],"与那城西原":[{"zip":"9042302","zip1":"904","zip2":"2302"}],"与那城饒辺":[{"zip":"9042307","zip1":"904","zip2":"2307"}],"与那城平宮":[{"zip":"9042428","zip1":"904","zip2":"2428"}],"与那城平安座":[{"zip":"9042426","zip1":"904","zip2":"2426"}],"与那城宮城":[{"zip":"9042423","zip1":"904","zip2":"2423"}],"与那城屋慶名":[{"zip":"9042304","zip1":"904","zip2":"2304"}],"与那城屋平":[{"zip":"9042427","zip1":"904","zip2":"2427"}]},"宮古島市":{"以下に掲載がない場合":[{"zip":"9060000","zip1":"906","zip2":"0000"}],"伊良部池間添":[{"zip":"9060502","zip1":"906","zip2":"0502"}],"伊良部伊良部":[{"zip":"9060503","zip1":"906","zip2":"0503"}],"伊良部国仲":[{"zip":"9060505","zip1":"906","zip2":"0505"}],"伊良部佐和田":[{"zip":"9060507","zip1":"906","zip2":"0507"}],"伊良部仲地":[{"zip":"9060504","zip1":"906","zip2":"0504"}],"伊良部長浜":[{"zip":"9060506","zip1":"906","zip2":"0506"}],"伊良部前里添":[{"zip":"9060501","zip1":"906","zip2":"0501"}],"上野上野":[{"zip":"9060204","zip1":"906","zip2":"0204"}],"上野新里":[{"zip":"9060202","zip1":"906","zip2":"0202"}],"上野野原":[{"zip":"9060201","zip1":"906","zip2":"0201"}],"上野宮国":[{"zip":"9060203","zip1":"906","zip2":"0203"}],"城辺新城":[{"zip":"9060102","zip1":"906","zip2":"0102"}],"城辺砂川":[{"zip":"9060108","zip1":"906","zip2":"0108"}],"城辺下里添":[{"zip":"9060109","zip1":"906","zip2":"0109"}],"城辺友利":[{"zip":"9060107","zip1":"906","zip2":"0107"}],"城辺長間":[{"zip":"9060105","zip1":"906","zip2":"0105"}],"城辺西里添":[{"zip":"9060106","zip1":"906","zip2":"0106"}],"城辺比嘉":[{"zip":"9060104","zip1":"906","zip2":"0104"}],"城辺福里":[{"zip":"9060103","zip1":"906","zip2":"0103"}],"城辺保良":[{"zip":"9060101","zip1":"906","zip2":"0101"}],"下地上地":[{"zip":"9060304","zip1":"906","zip2":"0304"}],"下地嘉手苅":[{"zip":"9060302","zip1":"906","zip2":"0302"}],"下地川満":[{"zip":"9060301","zip1":"906","zip2":"0301"}],"下地来間":[{"zip":"9060306","zip1":"906","zip2":"0306"}],"下地洲鎌":[{"zip":"9060303","zip1":"906","zip2":"0303"}],"下地与那覇":[{"zip":"9060305","zip1":"906","zip2":"0305"}],"平良池間":[{"zip":"9060421","zip1":"906","zip2":"0421"}],"平良大浦":[{"zip":"9060004","zip1":"906","zip2":"0004"}],"平良大神":[{"zip":"9060001","zip1":"906","zip2":"0001"}],"平良狩俣":[{"zip":"9060002","zip1":"906","zip2":"0002"}],"平良久貝":[{"zip":"9060015","zip1":"906","zip2":"0015"}],"平良島尻":[{"zip":"9060003","zip1":"906","zip2":"0003"}],"平良下里":[{"zip":"9060013","zip1":"906","zip2":"0013"}],"平良荷川取":[{"zip":"9060008","zip1":"906","zip2":"0008"}],"平良西里":[{"zip":"9060012","zip1":"906","zip2":"0012"}],"平良西仲宗根":[{"zip":"9060006","zip1":"906","zip2":"0006"}],"平良西原":[{"zip":"9060005","zip1":"906","zip2":"0005"}],"平良東仲宗根":[{"zip":"9060007","zip1":"906","zip2":"0007"}],"平良東仲宗根添":[{"zip":"9060011","zip1":"906","zip2":"0011"}],"平良前里":[{"zip":"9060422","zip1":"906","zip2":"0422"}],"平良松原":[{"zip":"9060014","zip1":"906","zip2":"0014"}]},"南城市":{"以下に掲載がない場合":[{"zip":"9011400","zip1":"901","zip2":"1400"}],"大里稲嶺":[{"zip":"9011204","zip1":"901","zip2":"1204"}],"大里大里":[{"zip":"9011202","zip1":"901","zip2":"1202"}],"大里大城":[{"zip":"9011203","zip1":"901","zip2":"1203"}],"大里平良":[{"zip":"9011208","zip1":"901","zip2":"1208"}],"大里高平":[{"zip":"9011205","zip1":"901","zip2":"1205"}],"大里仲間":[{"zip":"9011206","zip1":"901","zip2":"1206"}],"大里古堅":[{"zip":"9011207","zip1":"901","zip2":"1207"}],"大里嶺井":[{"zip":"9011201","zip1":"901","zip2":"1201"}],"佐敷伊原":[{"zip":"9011401","zip1":"901","zip2":"1401"}],"佐敷小谷":[{"zip":"9011413","zip1":"901","zip2":"1413"}],"佐敷兼久":[{"zip":"9011411","zip1":"901","zip2":"1411"}],"佐敷佐敷":[{"zip":"9011403","zip1":"901","zip2":"1403"}],"佐敷新開":[{"zip":"9011415","zip1":"901","zip2":"1415"}],"佐敷新里":[{"zip":"9011412","zip1":"901","zip2":"1412"}],"佐敷津波古":[{"zip":"9011414","zip1":"901","zip2":"1414"}],"佐敷手登根":[{"zip":"9011402","zip1":"901","zip2":"1402"}],"佐敷仲伊保":[{"zip":"9011405","zip1":"901","zip2":"1405"}],"佐敷冨祖崎":[{"zip":"9011404","zip1":"901","zip2":"1404"}],"佐敷屋比久":[{"zip":"9011406","zip1":"901","zip2":"1406"}],"玉城愛地":[{"zip":"9010617","zip1":"901","zip2":"0617"}],"玉城糸数":[{"zip":"9010606","zip1":"901","zip2":"0606"}],"玉城奥武":[{"zip":"9010614","zip1":"901","zip2":"0614"}],"玉城親慶原":[{"zip":"9010608","zip1":"901","zip2":"0608"}],"玉城垣花":[{"zip":"9010601","zip1":"901","zip2":"0601"}],"玉城喜良原":[{"zip":"9010607","zip1":"901","zip2":"0607"}],"玉城志堅原":[{"zip":"9010613","zip1":"901","zip2":"0613"}],"玉城玉城":[{"zip":"9010604","zip1":"901","zip2":"0604"}],"玉城當山":[{"zip":"9010612","zip1":"901","zip2":"0612"}],"玉城中山":[{"zip":"9010605","zip1":"901","zip2":"0605"}],"玉城仲村渠":[{"zip":"9010602","zip1":"901","zip2":"0602"}],"玉城百名":[{"zip":"9010603","zip1":"901","zip2":"0603"}],"玉城富里":[{"zip":"9010611","zip1":"901","zip2":"0611"}],"玉城船越":[{"zip":"9010618","zip1":"901","zip2":"0618"}],"玉城堀川":[{"zip":"9010615","zip1":"901","zip2":"0615"}],"玉城前川":[{"zip":"9010616","zip1":"901","zip2":"0616"}],"玉城屋嘉部":[{"zip":"9010619","zip1":"901","zip2":"0619"}],"知念安座真":[{"zip":"9011502","zip1":"901","zip2":"1502"}],"知念海野":[{"zip":"9011504","zip1":"901","zip2":"1504"}],"知念具志堅":[{"zip":"9011514","zip1":"901","zip2":"1514"}],"知念久高":[{"zip":"9011501","zip1":"901","zip2":"1501"}],"知念久手堅":[{"zip":"9011511","zip1":"901","zip2":"1511"}],"知念久原":[{"zip":"9011505","zip1":"901","zip2":"1505"}],"知念志喜屋":[{"zip":"9011516","zip1":"901","zip2":"1516"}],"知念知名":[{"zip":"9011503","zip1":"901","zip2":"1503"}],"知念知念":[{"zip":"9011513","zip1":"901","zip2":"1513"}],"知念山里":[{"zip":"9011515","zip1":"901","zip2":"1515"}],"知念吉富":[{"zip":"9011512","zip1":"901","zip2":"1512"}],"つきしろ":[{"zip":"9011407","zip1":"901","zip2":"1407"}]},"国頭郡国頭村":{"以下に掲載がない場合":[{"zip":"9051400","zip1":"905","zip2":"1400"}],"安田":[{"zip":"9051503","zip1":"905","zip2":"1503"}],"安波":[{"zip":"9051504","zip1":"905","zip2":"1504"}],"伊地":[{"zip":"9051428","zip1":"905","zip2":"1428"}],"宇嘉":[{"zip":"9051423","zip1":"905","zip2":"1423"}],"宇良":[{"zip":"9051429","zip1":"905","zip2":"1429"}],"奥":[{"zip":"9051501","zip1":"905","zip2":"1501"}],"奥間":[{"zip":"9051412","zip1":"905","zip2":"1412"}],"鏡地":[{"zip":"9051416","zip1":"905","zip2":"1416"}],"宜名真":[{"zip":"9051422","zip1":"905","zip2":"1422"}],"佐手":[{"zip":"9051425","zip1":"905","zip2":"1425"}],"謝敷":[{"zip":"9051426","zip1":"905","zip2":"1426"}],"楚洲":[{"zip":"9051502","zip1":"905","zip2":"1502"}],"桃原":[{"zip":"9051417","zip1":"905","zip2":"1417"}],"浜":[{"zip":"9051415","zip1":"905","zip2":"1415"}],"半地":[{"zip":"9051414","zip1":"905","zip2":"1414"}],"比地":[{"zip":"9051413","zip1":"905","zip2":"1413"}],"辺戸":[{"zip":"9051421","zip1":"905","zip2":"1421"}],"辺野喜":[{"zip":"9051424","zip1":"905","zip2":"1424"}],"辺土名":[{"zip":"9051411","zip1":"905","zip2":"1411"}],"与那":[{"zip":"9051427","zip1":"905","zip2":"1427"}]},"国頭郡大宜味村":{"以下に掲載がない場合":[{"zip":"9051300","zip1":"905","zip2":"1300"}],"上原":[{"zip":"9051308","zip1":"905","zip2":"1308"}],"江洲":[{"zip":"9051317","zip1":"905","zip2":"1317"}],"大兼久":[{"zip":"9051305","zip1":"905","zip2":"1305"}],"大宜味":[{"zip":"9051306","zip1":"905","zip2":"1306"}],"押川":[{"zip":"9051313","zip1":"905","zip2":"1313"}],"喜如嘉":[{"zip":"9051303","zip1":"905","zip2":"1303"}],"塩屋":[{"zip":"9051311","zip1":"905","zip2":"1311"}],"謝名城":[{"zip":"9051302","zip1":"905","zip2":"1302"}],"白浜":[{"zip":"9051316","zip1":"905","zip2":"1316"}],"大保":[{"zip":"9051315","zip1":"905","zip2":"1315"}],"田嘉里":[{"zip":"9051301","zip1":"905","zip2":"1301"}],"田港":[{"zip":"9051314","zip1":"905","zip2":"1314"}],"津波":[{"zip":"9051318","zip1":"905","zip2":"1318"}],"饒波":[{"zip":"9051304","zip1":"905","zip2":"1304"}],"根路銘":[{"zip":"9051307","zip1":"905","zip2":"1307"}],"宮城":[{"zip":"9051319","zip1":"905","zip2":"1319"}],"屋古":[{"zip":"9051312","zip1":"905","zip2":"1312"}]},"国頭郡東村":{"以下に掲載がない場合":[{"zip":"9051200","zip1":"905","zip2":"1200"}],"有銘":[{"zip":"9051206","zip1":"905","zip2":"1206"}],"川田":[{"zip":"9051203","zip1":"905","zip2":"1203"}],"慶佐次":[{"zip":"9051205","zip1":"905","zip2":"1205"}],"平良":[{"zip":"9051204","zip1":"905","zip2":"1204"}],"高江":[{"zip":"9051201","zip1":"905","zip2":"1201"}],"宮城":[{"zip":"9051202","zip1":"905","zip2":"1202"}]},"国頭郡今帰仁村":{"以下に掲載がない場合":[{"zip":"9050400","zip1":"905","zip2":"0400"}],"天底":[{"zip":"9050411","zip1":"905","zip2":"0411"}],"今泊":[{"zip":"9050428","zip1":"905","zip2":"0428"}],"運天":[{"zip":"9050403","zip1":"905","zip2":"0403"}],"兼次":[{"zip":"9050427","zip1":"905","zip2":"0427"}],"上運天":[{"zip":"9050404","zip1":"905","zip2":"0404"}],"古宇利":[{"zip":"9050406","zip1":"905","zip2":"0406"}],"越地":[{"zip":"9050421","zip1":"905","zip2":"0421"}],"呉我山":[{"zip":"9050413","zip1":"905","zip2":"0413"}],"崎山":[{"zip":"9050422","zip1":"905","zip2":"0422"}],"謝名":[{"zip":"9050414","zip1":"905","zip2":"0414"}],"諸志":[{"zip":"9050426","zip1":"905","zip2":"0426"}],"勢理客":[{"zip":"9050405","zip1":"905","zip2":"0405"}],"玉城":[{"zip":"9050415","zip1":"905","zip2":"0415"}],"渡喜仁":[{"zip":"9050402","zip1":"905","zip2":"0402"}],"仲尾次":[{"zip":"9050424","zip1":"905","zip2":"0424"}],"仲宗根":[{"zip":"9050401","zip1":"905","zip2":"0401"}],"平敷":[{"zip":"9050423","zip1":"905","zip2":"0423"}],"与那嶺":[{"zip":"9050425","zip1":"905","zip2":"0425"}],"湧川":[{"zip":"9050412","zip1":"905","zip2":"0412"}]},"国頭郡本部町":{"以下に掲載がない場合":[{"zip":"9050200","zip1":"905","zip2":"0200"}],"石川":[{"zip":"9050206","zip1":"905","zip2":"0206"}],"伊豆味":[{"zip":"9050221","zip1":"905","zip2":"0221"}],"伊野波":[{"zip":"9050228","zip1":"905","zip2":"0228"}],"大堂":[{"zip":"9050229","zip1":"905","zip2":"0229"}],"浦崎":[{"zip":"9050217","zip1":"905","zip2":"0217"}],"大嘉陽":[{"zip":"9050223","zip1":"905","zip2":"0223"}],"大浜":[{"zip":"9050212","zip1":"905","zip2":"0212"}],"嘉津宇":[{"zip":"9050202","zip1":"905","zip2":"0202"}],"北里":[{"zip":"9050209","zip1":"905","zip2":"0209"}],"具志堅":[{"zip":"9050201","zip1":"905","zip2":"0201"}],"健堅":[{"zip":"9050226","zip1":"905","zip2":"0226"}],"崎本部":[{"zip":"9050225","zip1":"905","zip2":"0225"}],"謝花":[{"zip":"9050203","zip1":"905","zip2":"0203"}],"新里":[{"zip":"9050208","zip1":"905","zip2":"0208"}],"瀬底":[{"zip":"9050227","zip1":"905","zip2":"0227"}],"谷茶":[{"zip":"9050213","zip1":"905","zip2":"0213"}],"渡久地":[{"zip":"9050214","zip1":"905","zip2":"0214"}],"豊原":[{"zip":"9050204","zip1":"905","zip2":"0204"}],"並里":[{"zip":"9050222","zip1":"905","zip2":"0222"}],"野原":[{"zip":"9050215","zip1":"905","zip2":"0215"}],"浜元":[{"zip":"9050216","zip1":"905","zip2":"0216"}],"東":[{"zip":"9050211","zip1":"905","zip2":"0211"}],"備瀬":[{"zip":"9050207","zip1":"905","zip2":"0207"}],"古島":[{"zip":"9050218","zip1":"905","zip2":"0218"}],"辺名地":[{"zip":"9050224","zip1":"905","zip2":"0224"}],"山川":[{"zip":"9050205","zip1":"905","zip2":"0205"}],"山里":[{"zip":"9050219","zip1":"905","zip2":"0219"}]},"国頭郡恩納村":{"以下に掲載がない場合":[{"zip":"9040400","zip1":"904","zip2":"0400"}],"安富祖":[{"zip":"9040402","zip1":"904","zip2":"0402"}],"恩納":[{"zip":"9040411","zip1":"904","zip2":"0411"}],"喜瀬武原":[{"zip":"9040403","zip1":"904","zip2":"0403"}],"瀬良垣":[{"zip":"9040404","zip1":"904","zip2":"0404"}],"谷茶":[{"zip":"9040412","zip1":"904","zip2":"0412"}],"仲泊":[{"zip":"9040415","zip1":"904","zip2":"0415"}],"名嘉真":[{"zip":"9040401","zip1":"904","zip2":"0401"}],"冨着":[{"zip":"9040413","zip1":"904","zip2":"0413"}],"前兼久":[{"zip":"9040414","zip1":"904","zip2":"0414"}],"真栄田":[{"zip":"9040417","zip1":"904","zip2":"0417"}],"山田":[{"zip":"9040416","zip1":"904","zip2":"0416"}]},"国頭郡宜野座村":{"以下に掲載がない場合":[{"zip":"9041300","zip1":"904","zip2":"1300"}],"漢那":[{"zip":"9041304","zip1":"904","zip2":"1304"}],"宜野座":[{"zip":"9041302","zip1":"904","zip2":"1302"}],"惣慶":[{"zip":"9041303","zip1":"904","zip2":"1303"}],"松田":[{"zip":"9041301","zip1":"904","zip2":"1301"}]},"国頭郡金武町":{"以下に掲載がない場合":[{"zip":"9041200","zip1":"904","zip2":"1200"}],"伊芸":[{"zip":"9041202","zip1":"904","zip2":"1202"}],"金武":[{"zip":"9041201","zip1":"904","zip2":"1201"}],"屋嘉":[{"zip":"9041203","zip1":"904","zip2":"1203"}]},"国頭郡伊江村":{"以下に掲載がない場合":[{"zip":"9050500","zip1":"905","zip2":"0500"}],"川平":[{"zip":"9050503","zip1":"905","zip2":"0503"}],"西江上":[{"zip":"9050505","zip1":"905","zip2":"0505"}],"西江前":[{"zip":"9050504","zip1":"905","zip2":"0504"}],"東江上":[{"zip":"9050501","zip1":"905","zip2":"0501"}],"東江前":[{"zip":"9050502","zip1":"905","zip2":"0502"}]},"中頭郡読谷村":{"以下に掲載がない場合":[{"zip":"9040300","zip1":"904","zip2":"0300"}],"伊良皆":[{"zip":"9040303","zip1":"904","zip2":"0303"}],"上地":[{"zip":"9040321","zip1":"904","zip2":"0321"}],"宇座":[{"zip":"9040328","zip1":"904","zip2":"0328"}],"大木":[{"zip":"9040316","zip1":"904","zip2":"0316"}],"大湾":[{"zip":"9040313","zip1":"904","zip2":"0313"}],"喜名":[{"zip":"9040302","zip1":"904","zip2":"0302"}],"儀間":[{"zip":"9040327","zip1":"904","zip2":"0327"}],"座喜味":[{"zip":"9040301","zip1":"904","zip2":"0301"}],"瀬名波":[{"zip":"9040325","zip1":"904","zip2":"0325"}],"楚辺":[{"zip":"9040304","zip1":"904","zip2":"0304"}],"高志保":[{"zip":"9040323","zip1":"904","zip2":"0323"}],"渡具知":[{"zip":"9040315","zip1":"904","zip2":"0315"}],"渡慶次":[{"zip":"9040326","zip1":"904","zip2":"0326"}],"都屋":[{"zip":"9040305","zip1":"904","zip2":"0305"}],"長浜":[{"zip":"9040324","zip1":"904","zip2":"0324"}],"波平":[{"zip":"9040322","zip1":"904","zip2":"0322"}],"比謝":[{"zip":"9040311","zip1":"904","zip2":"0311"}],"比謝矼":[{"zip":"9040312","zip1":"904","zip2":"0312"}],"古堅":[{"zip":"9040314","zip1":"904","zip2":"0314"}]},"中頭郡嘉手納町":{"以下に掲載がない場合":[{"zip":"9040200","zip1":"904","zip2":"0200"}],"嘉手納":[{"zip":"9040203","zip1":"904","zip2":"0203"}],"兼久":[{"zip":"9040205","zip1":"904","zip2":"0205"}],"久得":[{"zip":"9040201","zip1":"904","zip2":"0201"}],"水釜":[{"zip":"9040204","zip1":"904","zip2":"0204"}],"屋良":[{"zip":"9040202","zip1":"904","zip2":"0202"}]},"中頭郡北谷町":{"以下に掲載がない場合":[{"zip":"9040100","zip1":"904","zip2":"0100"}],"伊平":[{"zip":"9040102","zip1":"904","zip2":"0102"}],"大村":[{"zip":"9040107","zip1":"904","zip2":"0107"}],"上勢頭":[{"zip":"9040101","zip1":"904","zip2":"0101"}],"北前":[{"zip":"9040117","zip1":"904","zip2":"0117"}],"桑江":[{"zip":"9040103","zip1":"904","zip2":"0103"}],"砂辺":[{"zip":"9040111","zip1":"904","zip2":"0111"}],"玉上":[{"zip":"9040106","zip1":"904","zip2":"0106"}],"北谷":[{"zip":"9040116","zip1":"904","zip2":"0116"}],"桃原":[{"zip":"9040104","zip1":"904","zip2":"0104"}],"浜川":[{"zip":"9040112","zip1":"904","zip2":"0112"}],"港":[{"zip":"9040114","zip1":"904","zip2":"0114"}],"美浜":[{"zip":"9040115","zip1":"904","zip2":"0115"}],"宮城":[{"zip":"9040113","zip1":"904","zip2":"0113"}],"吉原":[{"zip":"9040105","zip1":"904","zip2":"0105"}]},"中頭郡北中城村":{"以下に掲載がない場合":[{"zip":"9012300","zip1":"901","zip2":"2300"}],"安谷屋":[{"zip":"9012316","zip1":"901","zip2":"2316"}],"熱田":[{"zip":"9012313","zip1":"901","zip2":"2313"}],"大城":[{"zip":"9012314","zip1":"901","zip2":"2314"}],"荻道":[{"zip":"9012315","zip1":"901","zip2":"2315"}],"喜舎場":[{"zip":"9012311","zip1":"901","zip2":"2311"}],"島袋":[{"zip":"9012301","zip1":"901","zip2":"2301"}],"瑞慶覧":[{"zip":"9012317","zip1":"901","zip2":"2317"}],"仲順":[{"zip":"9012303","zip1":"901","zip2":"2303"}],"渡口":[{"zip":"9012302","zip1":"901","zip2":"2302"}],"比嘉":[{"zip":"9012305","zip1":"901","zip2":"2305"}],"美崎":[{"zip":"9012321","zip1":"901","zip2":"2321"}],"屋宜原":[{"zip":"9012304","zip1":"901","zip2":"2304"}],"ライカム":[{"zip":"9012306","zip1":"901","zip2":"2306"}],"和仁屋":[{"zip":"9012312","zip1":"901","zip2":"2312"}]},"中頭郡中城村":{"以下に掲載がない場合":[{"zip":"9012400","zip1":"901","zip2":"2400"}],"安里":[{"zip":"9012407","zip1":"901","zip2":"2407"}],"新垣":[{"zip":"9012422","zip1":"901","zip2":"2422"}],"伊舎堂":[{"zip":"9012403","zip1":"901","zip2":"2403"}],"伊集":[{"zip":"9012417","zip1":"901","zip2":"2417"}],"奥間":[{"zip":"9012412","zip1":"901","zip2":"2412"}],"北上原":[{"zip":"9012423","zip1":"901","zip2":"2423"}],"北浜":[{"zip":"9012414","zip1":"901","zip2":"2414"}],"久場":[{"zip":"9012401","zip1":"901","zip2":"2401"}],"添石":[{"zip":"9012404","zip1":"901","zip2":"2404"}],"津覇":[{"zip":"9012413","zip1":"901","zip2":"2413"}],"当間":[{"zip":"9012406","zip1":"901","zip2":"2406"}],"泊":[{"zip":"9012402","zip1":"901","zip2":"2402"}],"登又":[{"zip":"9012421","zip1":"901","zip2":"2421"}],"浜":[{"zip":"9012411","zip1":"901","zip2":"2411"}],"南上原":[{"zip":"9012424","zip1":"901","zip2":"2424"}],"南浜":[{"zip":"9012415","zip1":"901","zip2":"2415"}],"屋宜":[{"zip":"9012405","zip1":"901","zip2":"2405"}],"和宇慶":[{"zip":"9012416","zip1":"901","zip2":"2416"}]},"中頭郡西原町":{"以下に掲載がない場合":[{"zip":"9030100","zip1":"903","zip2":"0100"}],"東崎":[{"zip":"9030105","zip1":"903","zip2":"0105"}],"安室":[{"zip":"9030113","zip1":"903","zip2":"0113"}],"池田":[{"zip":"9030115","zip1":"903","zip2":"0115"}],"上原":[{"zip":"9030125","zip1":"903","zip2":"0125"}],"内間":[{"zip":"9030121","zip1":"903","zip2":"0121"}],"翁長":[{"zip":"9030117","zip1":"903","zip2":"0117"}],"小那覇":[{"zip":"9030103","zip1":"903","zip2":"0103"}],"掛保久":[{"zip":"9030101","zip1":"903","zip2":"0101"}],"我謝":[{"zip":"9030112","zip1":"903","zip2":"0112"}],"嘉手苅":[{"zip":"9030102","zip1":"903","zip2":"0102"}],"兼久":[{"zip":"9030104","zip1":"903","zip2":"0104"}],"幸地":[{"zip":"9030116","zip1":"903","zip2":"0116"}],"小橋川":[{"zip":"9030122","zip1":"903","zip2":"0122"}],"小波津":[{"zip":"9030118","zip1":"903","zip2":"0118"}],"呉屋":[{"zip":"9030124","zip1":"903","zip2":"0124"}],"千原":[{"zip":"9030129","zip1":"903","zip2":"0129"}],"棚原":[{"zip":"9030126","zip1":"903","zip2":"0126"}],"津花波":[{"zip":"9030123","zip1":"903","zip2":"0123"}],"桃原":[{"zip":"9030114","zip1":"903","zip2":"0114"}],"徳佐田":[{"zip":"9030127","zip1":"903","zip2":"0127"}],"森川":[{"zip":"9030128","zip1":"903","zip2":"0128"}],"与那城":[{"zip":"9030111","zip1":"903","zip2":"0111"}]},"島尻郡与那原町":{"以下に掲載がない場合":[{"zip":"9011300","zip1":"901","zip2":"1300"}],"東浜":[{"zip":"9011304","zip1":"901","zip2":"1304"}],"板良敷":[{"zip":"9011301","zip1":"901","zip2":"1301"}],"上与那原":[{"zip":"9011302","zip1":"901","zip2":"1302"}],"与那原":[{"zip":"9011303","zip1":"901","zip2":"1303"}]},"島尻郡南風原町":{"以下に掲載がない場合":[{"zip":"9011100","zip1":"901","zip2":"1100"}],"新川":[{"zip":"9011105","zip1":"901","zip2":"1105"}],"大名":[{"zip":"9011101","zip1":"901","zip2":"1101"}],"兼城":[{"zip":"9011111","zip1":"901","zip2":"1111"}],"神里":[{"zip":"9011114","zip1":"901","zip2":"1114"}],"喜屋武":[{"zip":"9011113","zip1":"901","zip2":"1113"}],"津嘉山":[{"zip":"9011117","zip1":"901","zip2":"1117"}],"照屋":[{"zip":"9011116","zip1":"901","zip2":"1116"}],"宮城":[{"zip":"9011102","zip1":"901","zip2":"1102"}],"宮平":[{"zip":"9011104","zip1":"901","zip2":"1104"}],"本部":[{"zip":"9011112","zip1":"901","zip2":"1112"}],"山川":[{"zip":"9011115","zip1":"901","zip2":"1115"}],"与那覇":[{"zip":"9011103","zip1":"901","zip2":"1103"}]},"島尻郡渡嘉敷村":{"以下に掲載がない場合":[{"zip":"9013500","zip1":"901","zip2":"3500"}],"阿波連":[{"zip":"9013502","zip1":"901","zip2":"3502"}],"渡嘉敷":[{"zip":"9013501","zip1":"901","zip2":"3501"}]},"島尻郡座間味村":{"以下に掲載がない場合":[{"zip":"9013400","zip1":"901","zip2":"3400"}],"阿嘉":[{"zip":"9013311","zip1":"901","zip2":"3311"}],"阿佐":[{"zip":"9013401","zip1":"901","zip2":"3401"}],"阿真":[{"zip":"9013403","zip1":"901","zip2":"3403"}],"慶留間":[{"zip":"9013312","zip1":"901","zip2":"3312"}],"座間味":[{"zip":"9013402","zip1":"901","zip2":"3402"}]},"島尻郡粟国村":{"以下に掲載がない場合":[{"zip":"9013700","zip1":"901","zip2":"3700"}],"西":[{"zip":"9013703","zip1":"901","zip2":"3703"}],"浜":[{"zip":"9013701","zip1":"901","zip2":"3701"}],"東":[{"zip":"9013702","zip1":"901","zip2":"3702"}]},"島尻郡渡名喜村":{"渡名喜村一円":[{"zip":"9013601","zip1":"901","zip2":"3601"}]},"島尻郡南大東村":{"以下に掲載がない場合":[{"zip":"9013800","zip1":"901","zip2":"3800"}],"池之沢":[{"zip":"9013806","zip1":"901","zip2":"3806"}],"北":[{"zip":"9013801","zip1":"901","zip2":"3801"}],"旧東":[{"zip":"9013803","zip1":"901","zip2":"3803"}],"在所":[{"zip":"9013805","zip1":"901","zip2":"3805"}],"新東":[{"zip":"9013802","zip1":"901","zip2":"3802"}],"南":[{"zip":"9013804","zip1":"901","zip2":"3804"}]},"島尻郡北大東村":{"以下に掲載がない場合":[{"zip":"9013900","zip1":"901","zip2":"3900"}],"中野":[{"zip":"9013902","zip1":"901","zip2":"3902"}],"港":[{"zip":"9013903","zip1":"901","zip2":"3903"}],"南":[{"zip":"9013901","zip1":"901","zip2":"3901"}]},"島尻郡伊平屋村":{"以下に掲載がない場合":[{"zip":"9050700","zip1":"905","zip2":"0700"}],"我喜屋":[{"zip":"9050703","zip1":"905","zip2":"0703"}],"島尻":[{"zip":"9050704","zip1":"905","zip2":"0704"}],"田名":[{"zip":"9050701","zip1":"905","zip2":"0701"}],"野甫":[{"zip":"9050705","zip1":"905","zip2":"0705"}],"前泊":[{"zip":"9050702","zip1":"905","zip2":"0702"}]},"島尻郡伊是名村":{"以下に掲載がない場合":[{"zip":"9050600","zip1":"905","zip2":"0600"}],"伊是名":[{"zip":"9050604","zip1":"905","zip2":"0604"}],"内花":[{"zip":"9050601","zip1":"905","zip2":"0601"}],"諸見":[{"zip":"9050602","zip1":"905","zip2":"0602"}],"勢理客":[{"zip":"9050605","zip1":"905","zip2":"0605"}],"仲田":[{"zip":"9050603","zip1":"905","zip2":"0603"}]},"島尻郡久米島町":{"以下に掲載がない場合":[{"zip":"9013100","zip1":"901","zip2":"3100"}],"阿嘉":[{"zip":"9013103","zip1":"901","zip2":"3103"}],"宇江城":[{"zip":"9013101","zip1":"901","zip2":"3101"}],"上江洲":[{"zip":"9013138","zip1":"901","zip2":"3138"}],"宇根":[{"zip":"9013105","zip1":"901","zip2":"3105"}],"奥武":[{"zip":"9013106","zip1":"901","zip2":"3106"}],"大田":[{"zip":"9013123","zip1":"901","zip2":"3123"}],"大原":[{"zip":"9013132","zip1":"901","zip2":"3132"}],"嘉手苅":[{"zip":"9013121","zip1":"901","zip2":"3121"}],"兼城":[{"zip":"9013122","zip1":"901","zip2":"3122"}],"北原":[{"zip":"9013133","zip1":"901","zip2":"3133"}],"儀間":[{"zip":"9013115","zip1":"901","zip2":"3115"}],"具志川":[{"zip":"9013134","zip1":"901","zip2":"3134"}],"島尻":[{"zip":"9013114","zip1":"901","zip2":"3114"}],"謝名堂":[{"zip":"9013107","zip1":"901","zip2":"3107"}],"銭田":[{"zip":"9013113","zip1":"901","zip2":"3113"}],"鳥島":[{"zip":"9013125","zip1":"901","zip2":"3125"}],"仲地":[{"zip":"9013136","zip1":"901","zip2":"3136"}],"仲泊":[{"zip":"9013124","zip1":"901","zip2":"3124"}],"仲村渠":[{"zip":"9013135","zip1":"901","zip2":"3135"}],"西銘":[{"zip":"9013131","zip1":"901","zip2":"3131"}],"比嘉":[{"zip":"9013108","zip1":"901","zip2":"3108"}],"比屋定":[{"zip":"9013102","zip1":"901","zip2":"3102"}],"真我里":[{"zip":"9013112","zip1":"901","zip2":"3112"}],"真謝":[{"zip":"9013104","zip1":"901","zip2":"3104"}],"山城":[{"zip":"9013111","zip1":"901","zip2":"3111"}],"山里":[{"zip":"9013137","zip1":"901","zip2":"3137"}]},"島尻郡八重瀬町":{"以下に掲載がない場合":[{"zip":"9010400","zip1":"901","zip2":"0400"}],"安里":[{"zip":"9010514","zip1":"901","zip2":"0514"}],"新城":[{"zip":"9010503","zip1":"901","zip2":"0503"}],"伊覇":[{"zip":"9010405","zip1":"901","zip2":"0405"}],"上田原":[{"zip":"9010412","zip1":"901","zip2":"0412"}],"大頓":[{"zip":"9010502","zip1":"901","zip2":"0502"}],"宜次":[{"zip":"9010416","zip1":"901","zip2":"0416"}],"具志頭":[{"zip":"9010512","zip1":"901","zip2":"0512"}],"小城":[{"zip":"9010415","zip1":"901","zip2":"0415"}],"後原":[{"zip":"9010504","zip1":"901","zip2":"0504"}],"東風平":[{"zip":"9010401","zip1":"901","zip2":"0401"}],"志多伯":[{"zip":"9010413","zip1":"901","zip2":"0413"}],"高良":[{"zip":"9010404","zip1":"901","zip2":"0404"}],"当銘":[{"zip":"9010414","zip1":"901","zip2":"0414"}],"友寄":[{"zip":"9010411","zip1":"901","zip2":"0411"}],"富盛":[{"zip":"9010402","zip1":"901","zip2":"0402"}],"仲座":[{"zip":"9010516","zip1":"901","zip2":"0516"}],"長毛":[{"zip":"9010501","zip1":"901","zip2":"0501"}],"玻名城":[{"zip":"9010513","zip1":"901","zip2":"0513"}],"外間":[{"zip":"9010417","zip1":"901","zip2":"0417"}],"港川":[{"zip":"9010511","zip1":"901","zip2":"0511"}],"屋宜原":[{"zip":"9010406","zip1":"901","zip2":"0406"}],"与座":[{"zip":"9010515","zip1":"901","zip2":"0515"}],"世名城":[{"zip":"9010403","zip1":"901","zip2":"0403"}]},"宮古郡多良間村":{"以下に掲載がない場合":[{"zip":"9060600","zip1":"906","zip2":"0600"}],"塩川":[{"zip":"9060601","zip1":"906","zip2":"0601"}],"仲筋":[{"zip":"9060602","zip1":"906","zip2":"0602"}],"水納":[{"zip":"9060603","zip1":"906","zip2":"0603"}]},"八重山郡竹富町":{"以下に掲載がない場合":[{"zip":"9070000","zip1":"907","zip2":"0000"}],"新城":[{"zip":"9071435","zip1":"907","zip2":"1435"}],"西表":[{"zip":"9071542","zip1":"907","zip2":"1542"}],"上原":[{"zip":"9071541","zip1":"907","zip2":"1541"}],"黒島":[{"zip":"9071311","zip1":"907","zip2":"1311"}],"小浜":[{"zip":"9071221","zip1":"907","zip2":"1221"}],"古見":[{"zip":"9071432","zip1":"907","zip2":"1432"}],"崎山":[{"zip":"9071543","zip1":"907","zip2":"1543"}],"高那":[{"zip":"9071431","zip1":"907","zip2":"1431"}],"竹富":[{"zip":"9071101","zip1":"907","zip2":"1101"}],"南風見":[{"zip":"9071434","zip1":"907","zip2":"1434"}],"南風見仲":[{"zip":"9071433","zip1":"907","zip2":"1433"}],"波照間":[{"zip":"9071751","zip1":"907","zip2":"1751"}],"鳩間":[{"zip":"9071544","zip1":"907","zip2":"1544"}]},"八重山郡与那国町":{"以下に掲載がない場合":[{"zip":"9071800","zip1":"907","zip2":"1800"}],"与那国":[{"zip":"9071801","zip1":"907","zip2":"1801"}]}}