{"0000":[{"pref":"福岡県","city":"北九州市門司区","town":"以下に掲載がない場合"}],"0045":[{"pref":"福岡県","city":"北九州市門司区","town":"青葉台"}],"0101":[{"pref":"福岡県","city":"北九州市門司区","town":"伊川"}],"0041":[{"pref":"福岡県","city":"北九州市門司区","town":"泉ケ丘"}],"0048":[{"pref":"福岡県","city":"北九州市門司区","town":"稲積"}],"0111":[{"pref":"福岡県","city":"北九州市門司区","town":"今津"}],"0026":[{"pref":"福岡県","city":"北九州市門司区","town":"梅ノ木町"}],"0011":[{"pref":"福岡県","city":"北九州市門司区","town":"奥田"}],"0001":[{"pref":"福岡県","city":"北九州市門司区","town":"風師（４丁目）"}],"0061":[{"pref":"福岡県","city":"北九州市門司区","town":"片上海岸"}],"0003":[{"pref":"福岡県","city":"北九州市門司区","town":"片上町"}],"0016":[{"pref":"福岡県","city":"北九州市門司区","town":"上二十町"}],"0044":[{"pref":"福岡県","city":"北九州市門司区","town":"上藤松"}],"0042":[{"pref":"福岡県","city":"北九州市門司区","town":"上馬寄"}],"0114":[{"pref":"福岡県","city":"北九州市門司区","town":"吉志"}],"0118":[{"pref":"福岡県","city":"北九州市門司区","town":"吉志新町"}],"0004":[{"pref":"福岡県","city":"北九州市門司区","town":"北川町"}],"0008":[{"pref":"福岡県","city":"北九州市門司区","town":"葛葉（２、３丁目）"}],"0027":[{"pref":"福岡県","city":"北九州市門司区","town":"黄金町"}],"0034":[{"pref":"福岡県","city":"北九州市門司区","town":"小松町"}],"0007":[{"pref":"福岡県","city":"北九州市門司区","town":"小森江"}],"0102":[{"pref":"福岡県","city":"北九州市門司区","town":"猿喰"}],"0015":[{"pref":"福岡県","city":"北九州市門司区","town":"寺内"}],"0028":[{"pref":"福岡県","city":"北九州市門司区","town":"下二十町"}],"0051":[{"pref":"福岡県","city":"北九州市門司区","town":"下馬寄"}],"0054":[{"pref":"福岡県","city":"北九州市門司区","town":"社ノ木"}],"0013":[{"pref":"福岡県","city":"北九州市門司区","town":"城山町"}],"0053":[{"pref":"福岡県","city":"北九州市門司区","town":"新原町"}],"0115":[{"pref":"福岡県","city":"北九州市門司区","town":"新門司"}],"0113":[{"pref":"福岡県","city":"北九州市門司区","town":"新門司北"}],"0014":[{"pref":"福岡県","city":"北九州市門司区","town":"大里"}],"0018":[{"pref":"福岡県","city":"北九州市門司区","town":"大里桜ケ丘"}],"0057":[{"pref":"福岡県","city":"北九州市門司区","town":"大里新町"}],"0024":[{"pref":"福岡県","city":"北九州市門司区","town":"大里戸ノ上"}],"0038":[{"pref":"福岡県","city":"北九州市門司区","town":"大里原町"}],"0022":[{"pref":"福岡県","city":"北九州市門司区","town":"大里東"}],"0029":[{"pref":"福岡県","city":"北九州市門司区","town":"大里東口"}],"0063":[{"pref":"福岡県","city":"北九州市門司区","town":"大里本町"}],"0062":[{"pref":"福岡県","city":"北九州市門司区","town":"大里元町"}],"0033":[{"pref":"福岡県","city":"北九州市門司区","town":"大里桃山町"}],"0031":[{"pref":"福岡県","city":"北九州市門司区","town":"高田"}],"0117":[{"pref":"福岡県","city":"北九州市門司区","town":"恒見"}],"0116":[{"pref":"福岡県","city":"北九州市門司区","town":"恒見町"}],"0023":[{"pref":"福岡県","city":"北九州市門司区","town":"中二十町"}],"0039":[{"pref":"福岡県","city":"北九州市門司区","town":"中町"}],"0017":[{"pref":"福岡県","city":"北九州市門司区","town":"永黒"}],"0056":[{"pref":"福岡県","city":"北九州市門司区","town":"西新町"}],"0112":[{"pref":"福岡県","city":"北九州市門司区","town":"畑"}],"0005":[{"pref":"福岡県","city":"北九州市門司区","town":"羽山"}],"0037":[{"pref":"福岡県","city":"北九州市門司区","town":"原町別院"}],"0046":[{"pref":"福岡県","city":"北九州市門司区","town":"光町"}],"0055":[{"pref":"福岡県","city":"北九州市門司区","town":"東新町"}],"0052":[{"pref":"福岡県","city":"北九州市門司区","town":"東馬寄"}],"0047":[{"pref":"福岡県","city":"北九州市門司区","town":"藤松"}],"0002":[{"pref":"福岡県","city":"北九州市門司区","town":"二タ松町"}],"0032":[{"pref":"福岡県","city":"北九州市門司区","town":"不老町"}],"0035":[{"pref":"福岡県","city":"北九州市門司区","town":"別院"}],"0012":[{"pref":"福岡県","city":"北九州市門司区","town":"松崎町"}],"0064":[{"pref":"福岡県","city":"北九州市門司区","town":"松原"}],"0043":[{"pref":"福岡県","city":"北九州市門司区","town":"緑ケ丘"}],"0021":[{"pref":"福岡県","city":"北九州市門司区","town":"南本町"}],"0030":[{"pref":"福岡県","city":"北九州市門司区","town":"桃山台"}],"0036":[{"pref":"福岡県","city":"北九州市門司区","town":"柳原町"}],"0025":[{"pref":"福岡県","city":"北九州市門司区","town":"柳町"}],"0006":[{"pref":"福岡県","city":"北九州市門司区","town":"矢筈町"}],"0258":[{"pref":"福岡県","city":"北九州市小倉南区","town":"安部山"}],"0255":[{"pref":"福岡県","city":"北九州市小倉南区","town":"上葛原"}],"0223":[{"pref":"福岡県","city":"北九州市小倉南区","town":"上曽根"}],"0215":[{"pref":"福岡県","city":"北九州市小倉南区","town":"上曽根新町"}],"0244":[{"pref":"福岡県","city":"北九州市小倉南区","town":"上貫"}],"0201":[{"pref":"福岡県","city":"北九州市小倉南区","town":"上吉田"}],"0306":[{"pref":"福岡県","city":"北九州市小倉南区","town":"空港北町"}],"0231":[{"pref":"福岡県","city":"北九州市小倉南区","town":"朽網"}],"0232":[{"pref":"福岡県","city":"北九州市小倉南区","town":"朽網東"}],"0233":[{"pref":"福岡県","city":"北九州市小倉南区","town":"朽網西"}],"0251":[{"pref":"福岡県","city":"北九州市小倉南区","town":"葛原"}],"0252":[{"pref":"福岡県","city":"北九州市小倉南区","town":"葛原高松"}],"0253":[{"pref":"福岡県","city":"北九州市小倉南区","town":"葛原本町"}],"0254":[{"pref":"福岡県","city":"北九州市小倉南区","town":"葛原元町"}],"0206":[{"pref":"福岡県","city":"北九州市小倉南区","town":"葛原東"}],"0217":[{"pref":"福岡県","city":"北九州市小倉南区","town":"下曽根"}],"0221":[{"pref":"福岡県","city":"北九州市小倉南区","town":"下曽根新町"}],"0236":[{"pref":"福岡県","city":"北九州市小倉南区","town":"下貫"}],"0203":[{"pref":"福岡県","city":"北九州市小倉南区","town":"下吉田"}],"0211":[{"pref":"福岡県","city":"北九州市小倉南区","town":"新曽根"}],"0212":[{"pref":"福岡県","city":"北九州市小倉南区","town":"曽根"}],"0229":[{"pref":"福岡県","city":"北九州市小倉南区","town":"曽根北町"}],"0214":[{"pref":"福岡県","city":"北九州市小倉南区","town":"曽根新田"}],"0220":[{"pref":"福岡県","city":"北九州市小倉南区","town":"曽根新田南"}],"0219":[{"pref":"福岡県","city":"北九州市小倉南区","town":"曽根新田北"}],"0225":[{"pref":"福岡県","city":"北九州市小倉南区","town":"田原"}],"0226":[{"pref":"福岡県","city":"北九州市小倉南区","town":"田原新町"}],"0242":[{"pref":"福岡県","city":"北九州市小倉南区","town":"津田"}],"0227":[{"pref":"福岡県","city":"北九州市小倉南区","town":"津田新町"}],"0248":[{"pref":"福岡県","city":"北九州市小倉南区","town":"津田南町"}],"0222":[{"pref":"福岡県","city":"北九州市小倉南区","town":"中曽根"}],"0216":[{"pref":"福岡県","city":"北九州市小倉南区","town":"中曽根新町"}],"0213":[{"pref":"福岡県","city":"北九州市小倉南区","town":"中曽根東"}],"0237":[{"pref":"福岡県","city":"北九州市小倉南区","town":"中貫"}],"0235":[{"pref":"福岡県","city":"北九州市小倉南区","town":"中貫本町"}],"0204":[{"pref":"福岡県","city":"北九州市小倉南区","town":"中吉田"}],"0228":[{"pref":"福岡県","city":"北九州市小倉南区","town":"長野（丁目）"}],"0246":[{"pref":"福岡県","city":"北九州市小倉南区","town":"長野（番地）"}],"0247":[{"pref":"福岡県","city":"北九州市小倉南区","town":"長野東町"}],"0241":[{"pref":"福岡県","city":"北九州市小倉南区","town":"長野本町"}],"0243":[{"pref":"福岡県","city":"北九州市小倉南区","town":"西貫"}],"0245":[{"pref":"福岡県","city":"北九州市小倉南区","town":"貫"}],"0234":[{"pref":"福岡県","city":"北九州市小倉南区","town":"貫弥生が丘"}],"0209":[{"pref":"福岡県","city":"北九州市小倉南区","town":"沼"}],"0218":[{"pref":"福岡県","city":"北九州市小倉南区","town":"沼新町"}],"0208":[{"pref":"福岡県","city":"北九州市小倉南区","town":"沼本町"}],"0207":[{"pref":"福岡県","city":"北九州市小倉南区","town":"沼緑町"}],"0205":[{"pref":"福岡県","city":"北九州市小倉南区","town":"沼南町"}],"0224":[{"pref":"福岡県","city":"北九州市小倉南区","town":"東貫"}],"0257":[{"pref":"福岡県","city":"北九州市小倉南区","town":"湯川"}],"0256":[{"pref":"福岡県","city":"北九州市小倉南区","town":"湯川新町"}],"0202":[{"pref":"福岡県","city":"北九州市小倉南区","town":"吉田"}],"0210":[{"pref":"福岡県","city":"北九州市小倉南区","town":"吉田にれの木坂"}],"0300":[{"pref":"福岡県","city":"京都郡苅田町","town":"以下に掲載がない場合"}],"0354":[{"pref":"福岡県","city":"京都郡苅田町","town":"集"}],"0366":[{"pref":"福岡県","city":"京都郡苅田町","town":"雨窪"}],"0344":[{"pref":"福岡県","city":"京都郡苅田町","town":"新津"}],"0313":[{"pref":"福岡県","city":"京都郡苅田町","town":"磯浜町"}],"0337":[{"pref":"福岡県","city":"京都郡苅田町","town":"稲光"}],"0331":[{"pref":"福岡県","city":"京都郡苅田町","town":"岡崎"}],"0353":[{"pref":"福岡県","city":"京都郡苅田町","town":"尾倉"}],"0345":[{"pref":"福岡県","city":"京都郡苅田町","town":"小波瀬"}],"0343":[{"pref":"福岡県","city":"京都郡苅田町","town":"上片島"}],"0365":[{"pref":"福岡県","city":"京都郡苅田町","town":"苅田"}],"0351":[{"pref":"福岡県","city":"京都郡苅田町","town":"京町"}],"0305":[{"pref":"福岡県","city":"京都郡苅田町","town":"空港南町"}],"0338":[{"pref":"福岡県","city":"京都郡苅田町","town":"葛川"}],"0333":[{"pref":"福岡県","city":"京都郡苅田町","town":"黒添"}],"0356":[{"pref":"福岡県","city":"京都郡苅田町","town":"近衛ケ丘"}],"0314":[{"pref":"福岡県","city":"京都郡苅田町","town":"幸町"}],"0357":[{"pref":"福岡県","city":"京都郡苅田町","town":"桜ケ丘"}],"0341":[{"pref":"福岡県","city":"京都郡苅田町","town":"下新津"}],"0342":[{"pref":"福岡県","city":"京都郡苅田町","town":"下片島"}],"0361":[{"pref":"福岡県","city":"京都郡苅田町","town":"神田町"}],"0321":[{"pref":"福岡県","city":"京都郡苅田町","town":"新浜町"}],"0307":[{"pref":"福岡県","city":"京都郡苅田町","town":"新松山"}],"0332":[{"pref":"福岡県","city":"京都郡苅田町","town":"鋤崎"}],"0335":[{"pref":"福岡県","city":"京都郡苅田町","town":"谷"}],"0312":[{"pref":"福岡県","city":"京都郡苅田町","town":"殿川町"}],"0352":[{"pref":"福岡県","city":"京都郡苅田町","town":"富久町"}],"0304":[{"pref":"福岡県","city":"京都郡苅田町","town":"鳥越町"}],"0311":[{"pref":"福岡県","city":"京都郡苅田町","town":"長浜町"}],"0362":[{"pref":"福岡県","city":"京都郡苅田町","town":"馬場"}],"0324":[{"pref":"福岡県","city":"京都郡苅田町","town":"浜町"}],"0364":[{"pref":"福岡県","city":"京都郡苅田町","town":"提"}],"0322":[{"pref":"福岡県","city":"京都郡苅田町","town":"二崎"}],"0334":[{"pref":"福岡県","city":"京都郡苅田町","town":"法正寺"}],"0301":[{"pref":"福岡県","city":"京都郡苅田町","town":"松原町"}],"0303":[{"pref":"福岡県","city":"京都郡苅田町","town":"松山"}],"0363":[{"pref":"福岡県","city":"京都郡苅田町","town":"光国"}],"0315":[{"pref":"福岡県","city":"京都郡苅田町","town":"港町"}],"0355":[{"pref":"福岡県","city":"京都郡苅田町","town":"南原"}],"0336":[{"pref":"福岡県","city":"京都郡苅田町","town":"山口"}],"0323":[{"pref":"福岡県","city":"京都郡苅田町","town":"与原"}],"0302":[{"pref":"福岡県","city":"京都郡苅田町","town":"若久町"}]}