{"0000":[{"pref":"岐阜県","city":"多治見市","town":"以下に掲載がない場合"}],"0837":[{"pref":"岐阜県","city":"多治見市","town":"青木町"}],"0057":[{"pref":"岐阜県","city":"多治見市","town":"赤坂町"}],"0071":[{"pref":"岐阜県","city":"多治見市","town":"旭ケ丘"}],"0807":[{"pref":"岐阜県","city":"多治見市","town":"生田町"}],"0048":[{"pref":"岐阜県","city":"多治見市","town":"池田町"}],"0814":[{"pref":"岐阜県","city":"多治見市","town":"市之倉町"}],"0027":[{"pref":"岐阜県","city":"多治見市","town":"上野町"}],"0075":[{"pref":"岐阜県","city":"多治見市","town":"大沢町"}],"0074":[{"pref":"岐阜県","city":"多治見市","town":"大原町"}],"0062":[{"pref":"岐阜県","city":"多治見市","town":"大針町"}],"0818":[{"pref":"岐阜県","city":"多治見市","town":"大畑町"}],"0815":[{"pref":"岐阜県","city":"多治見市","town":"大畑町赤松"}],"0817":[{"pref":"岐阜県","city":"多治見市","town":"大畑町大洞"}],"0816":[{"pref":"岐阜県","city":"多治見市","town":"大畑町西仲根"}],"0068":[{"pref":"岐阜県","city":"多治見市","town":"大薮町"}],"0822":[{"pref":"岐阜県","city":"多治見市","town":"奥川町"}],"0023":[{"pref":"岐阜県","city":"多治見市","town":"小田町"}],"0037":[{"pref":"岐阜県","city":"多治見市","town":"音羽町"}],"0004":[{"pref":"岐阜県","city":"多治見市","town":"小名田町"}],"0005":[{"pref":"岐阜県","city":"多治見市","town":"小名田町岩ケ根"}],"0001":[{"pref":"岐阜県","city":"多治見市","town":"小名田町小滝"}],"0007":[{"pref":"岐阜県","city":"多治見市","town":"小名田町西ケ洞"}],"0006":[{"pref":"岐阜県","city":"多治見市","town":"小名田町西山"}],"0002":[{"pref":"岐阜県","city":"多治見市","town":"小名田町別山"}],"0003":[{"pref":"岐阜県","city":"多治見市","town":"小名田町東谷"}],"0846":[{"pref":"岐阜県","city":"多治見市","town":"神楽町"}],"0901":[{"pref":"岐阜県","city":"多治見市","town":"笠原町"}],"0016":[{"pref":"岐阜県","city":"多治見市","town":"金岡町"}],"0832":[{"pref":"岐阜県","city":"多治見市","town":"金山町"}],"0821":[{"pref":"岐阜県","city":"多治見市","town":"窯町"}],"0806":[{"pref":"岐阜県","city":"多治見市","town":"上町"}],"0022":[{"pref":"岐阜県","city":"多治見市","town":"上山町"}],"0064":[{"pref":"岐阜県","city":"多治見市","town":"北丘町"}],"0067":[{"pref":"岐阜県","city":"多治見市","town":"北小木町"}],"0055":[{"pref":"岐阜県","city":"多治見市","town":"喜多町"}],"0008":[{"pref":"岐阜県","city":"多治見市","town":"希望ケ丘"}],"0825":[{"pref":"岐阜県","city":"多治見市","town":"京町"}],"0073":[{"pref":"岐阜県","city":"多治見市","town":"小泉町"}],"0014":[{"pref":"岐阜県","city":"多治見市","town":"虎渓山町"}],"0026":[{"pref":"岐阜県","city":"多治見市","town":"虎渓町"}],"0077":[{"pref":"岐阜県","city":"多治見市","town":"幸町"}],"0804":[{"pref":"岐阜県","city":"多治見市","town":"坂上町"}],"0035":[{"pref":"岐阜県","city":"多治見市","town":"栄町"}],"0045":[{"pref":"岐阜県","city":"多治見市","town":"三の倉町"}],"0812":[{"pref":"岐阜県","city":"多治見市","town":"下沢町"}],"0039":[{"pref":"岐阜県","city":"多治見市","town":"十九田町"}],"0076":[{"pref":"岐阜県","city":"多治見市","town":"昭栄町"}],"0847":[{"pref":"岐阜県","city":"多治見市","town":"小路町"}],"0836":[{"pref":"岐阜県","city":"多治見市","town":"昭和町"}],"0805":[{"pref":"岐阜県","city":"多治見市","town":"新富町"}],"0831":[{"pref":"岐阜県","city":"多治見市","town":"新町"}],"0838":[{"pref":"岐阜県","city":"多治見市","town":"末広町"}],"0015":[{"pref":"岐阜県","city":"多治見市","town":"住吉町"}],"0044":[{"pref":"岐阜県","city":"多治見市","town":"諏訪町"}],"0031":[{"pref":"岐阜県","city":"多治見市","town":"精華町"}],"0024":[{"pref":"岐阜県","city":"多治見市","town":"大正町"}],"0032":[{"pref":"岐阜県","city":"多治見市","town":"大日町"}],"0041":[{"pref":"岐阜県","city":"多治見市","town":"太平町"}],"0018":[{"pref":"岐阜県","city":"多治見市","town":"高田町"}],"0011":[{"pref":"岐阜県","city":"多治見市","town":"高田町岩曽根"}],"0012":[{"pref":"岐阜県","city":"多治見市","town":"高田町白粉"}],"0078":[{"pref":"岐阜県","city":"多治見市","town":"高根町"}],"0054":[{"pref":"岐阜県","city":"多治見市","town":"宝町"}],"0813":[{"pref":"岐阜県","city":"多治見市","town":"滝呂町"}],"0036":[{"pref":"岐阜県","city":"多治見市","town":"田代町"}],"0043":[{"pref":"岐阜県","city":"多治見市","town":"月見町"}],"0046":[{"pref":"岐阜県","city":"多治見市","town":"廿原町"}],"0013":[{"pref":"岐阜県","city":"多治見市","town":"東栄町"}],"0844":[{"pref":"岐阜県","city":"多治見市","town":"陶元町"}],"0843":[{"pref":"岐阜県","city":"多治見市","town":"常盤町"}],"0034":[{"pref":"岐阜県","city":"多治見市","town":"豊岡町"}],"0842":[{"pref":"岐阜県","city":"多治見市","town":"中町"}],"0017":[{"pref":"岐阜県","city":"多治見市","town":"長瀬町"}],"0835":[{"pref":"岐阜県","city":"多治見市","town":"錦町"}],"0051":[{"pref":"岐阜県","city":"多治見市","town":"西坂町"}],"0066":[{"pref":"岐阜県","city":"多治見市","town":"西山町"}],"0065":[{"pref":"岐阜県","city":"多治見市","town":"根本町"}],"0038":[{"pref":"岐阜県","city":"多治見市","town":"白山町"}],"0052":[{"pref":"岐阜県","city":"多治見市","town":"光ケ丘"}],"0801":[{"pref":"岐阜県","city":"多治見市","town":"東町"}],"0019":[{"pref":"岐阜県","city":"多治見市","town":"東山"}],"0848":[{"pref":"岐阜県","city":"多治見市","town":"日ノ出町"}],"0061":[{"pref":"岐阜県","city":"多治見市","town":"姫町"}],"0058":[{"pref":"岐阜県","city":"多治見市","town":"平井町"}],"0823":[{"pref":"岐阜県","city":"多治見市","town":"平野町"}],"0833":[{"pref":"岐阜県","city":"多治見市","town":"広小路"}],"0047":[{"pref":"岐阜県","city":"多治見市","town":"富士見町"}],"0827":[{"pref":"岐阜県","city":"多治見市","town":"平和町"}],"0028":[{"pref":"岐阜県","city":"多治見市","town":"弁天町"}],"0811":[{"pref":"岐阜県","city":"多治見市","town":"星ケ台"}],"0033":[{"pref":"岐阜県","city":"多治見市","town":"本町"}],"0042":[{"pref":"岐阜県","city":"多治見市","town":"前畑町"}],"0063":[{"pref":"岐阜県","city":"多治見市","town":"松坂町"}],"0828":[{"pref":"岐阜県","city":"多治見市","town":"三笠町"}],"0803":[{"pref":"岐阜県","city":"多治見市","town":"美坂町"}],"0021":[{"pref":"岐阜県","city":"多治見市","town":"緑ケ丘"}],"0025":[{"pref":"岐阜県","city":"多治見市","town":"宮前町"}],"0056":[{"pref":"岐阜県","city":"多治見市","town":"美山町"}],"0834":[{"pref":"岐阜県","city":"多治見市","town":"御幸町"}],"0841":[{"pref":"岐阜県","city":"多治見市","town":"明治町"}],"0072":[{"pref":"岐阜県","city":"多治見市","town":"明和町"}],"0824":[{"pref":"岐阜県","city":"多治見市","town":"元町"}],"0845":[{"pref":"岐阜県","city":"多治見市","town":"山下町"}],"0802":[{"pref":"岐阜県","city":"多治見市","town":"山吹町"}],"0053":[{"pref":"岐阜県","city":"多治見市","town":"若松町"}],"0826":[{"pref":"岐阜県","city":"多治見市","town":"脇之島町"}]}