{"0000":[{"pref":"神奈川県","city":"厚木市","town":"以下に掲載がない場合"}],"0035":[{"pref":"神奈川県","city":"厚木市","town":"愛甲"}],"0028":[{"pref":"神奈川県","city":"厚木市","town":"愛甲西"}],"0027":[{"pref":"神奈川県","city":"厚木市","town":"愛甲東"}],"0038":[{"pref":"神奈川県","city":"厚木市","town":"愛名"}],"0014":[{"pref":"神奈川県","city":"厚木市","town":"旭町"}],"0007":[{"pref":"神奈川県","city":"厚木市","town":"厚木"}],"0011":[{"pref":"神奈川県","city":"厚木市","town":"厚木町"}],"0006":[{"pref":"神奈川県","city":"厚木市","town":"吾妻町"}],"0213":[{"pref":"神奈川県","city":"厚木市","town":"飯山"}],"0013":[{"pref":"神奈川県","city":"厚木市","town":"泉町"}],"0212":[{"pref":"神奈川県","city":"厚木市","town":"及川"}],"0817":[{"pref":"神奈川県","city":"厚木市","town":"王子"}],"0021":[{"pref":"神奈川県","city":"厚木市","town":"岡田"}],"0126":[{"pref":"神奈川県","city":"厚木市","town":"岡津古久"}],"0125":[{"pref":"神奈川県","city":"厚木市","town":"小野"}],"0032":[{"pref":"神奈川県","city":"厚木市","town":"恩名"}],"0807":[{"pref":"神奈川県","city":"厚木市","town":"金田"}],"0801":[{"pref":"神奈川県","city":"厚木市","town":"上依知"}],"0201":[{"pref":"神奈川県","city":"厚木市","town":"上荻野"}],"0025":[{"pref":"神奈川県","city":"厚木市","town":"上落合"}],"0215":[{"pref":"神奈川県","city":"厚木市","town":"上古沢"}],"0003":[{"pref":"神奈川県","city":"厚木市","town":"寿町"}],"0012":[{"pref":"神奈川県","city":"厚木市","town":"幸町"}],"0022":[{"pref":"神奈川県","city":"厚木市","town":"酒井"}],"0017":[{"pref":"神奈川県","city":"厚木市","town":"栄町"}],"0802":[{"pref":"神奈川県","city":"厚木市","town":"猿ケ島"}],"0211":[{"pref":"神奈川県","city":"厚木市","town":"三田"}],"0217":[{"pref":"神奈川県","city":"厚木市","town":"三田南"}],"0806":[{"pref":"神奈川県","city":"厚木市","town":"下依知"}],"0203":[{"pref":"神奈川県","city":"厚木市","town":"下荻野"}],"0206":[{"pref":"神奈川県","city":"厚木市","town":"下川入"}],"0026":[{"pref":"神奈川県","city":"厚木市","town":"下津古久"}],"0214":[{"pref":"神奈川県","city":"厚木市","town":"下古沢"}],"0804":[{"pref":"神奈川県","city":"厚木市","town":"関口"}],"0205":[{"pref":"神奈川県","city":"厚木市","town":"棚沢"}],"0016":[{"pref":"神奈川県","city":"厚木市","town":"田村町"}],"0811":[{"pref":"神奈川県","city":"厚木市","town":"妻田"}],"0813":[{"pref":"神奈川県","city":"厚木市","town":"妻田東"}],"0815":[{"pref":"神奈川県","city":"厚木市","town":"妻田西"}],"0814":[{"pref":"神奈川県","city":"厚木市","town":"妻田南"}],"0812":[{"pref":"神奈川県","city":"厚木市","town":"妻田北"}],"0023":[{"pref":"神奈川県","city":"厚木市","town":"戸田"}],"0204":[{"pref":"神奈川県","city":"厚木市","town":"鳶尾"}],"0031":[{"pref":"神奈川県","city":"厚木市","town":"戸室"}],"0805":[{"pref":"神奈川県","city":"厚木市","town":"中依知"}],"0202":[{"pref":"神奈川県","city":"厚木市","town":"中荻野"}],"0018":[{"pref":"神奈川県","city":"厚木市","town":"中町"}],"0024":[{"pref":"神奈川県","city":"厚木市","town":"長沼"}],"0121":[{"pref":"神奈川県","city":"厚木市","town":"七沢"}],"0033":[{"pref":"神奈川県","city":"厚木市","town":"温水"}],"0039":[{"pref":"神奈川県","city":"厚木市","town":"温水西"}],"0036":[{"pref":"神奈川県","city":"厚木市","town":"長谷"}],"0816":[{"pref":"神奈川県","city":"厚木市","town":"林"}],"0001":[{"pref":"神奈川県","city":"厚木市","town":"東町"}],"0034":[{"pref":"神奈川県","city":"厚木市","town":"船子"}],"0005":[{"pref":"神奈川県","city":"厚木市","town":"松枝"}],"0207":[{"pref":"神奈川県","city":"厚木市","town":"まつかげ台"}],"0004":[{"pref":"神奈川県","city":"厚木市","town":"水引"}],"0041":[{"pref":"神奈川県","city":"厚木市","town":"緑ケ丘"}],"0015":[{"pref":"神奈川県","city":"厚木市","town":"南町"}],"0208":[{"pref":"神奈川県","city":"厚木市","town":"みはる野"}],"0216":[{"pref":"神奈川県","city":"厚木市","town":"宮の里"}],"0037":[{"pref":"神奈川県","city":"厚木市","town":"毛利台"}],"0002":[{"pref":"神奈川県","city":"厚木市","town":"元町"}],"0122":[{"pref":"神奈川県","city":"厚木市","town":"森の里"}],"0123":[{"pref":"神奈川県","city":"厚木市","town":"森の里青山"}],"0124":[{"pref":"神奈川県","city":"厚木市","town":"森の里若宮"}],"0803":[{"pref":"神奈川県","city":"厚木市","town":"山際"}],"0400":[{"pref":"神奈川県","city":"海老名市","town":"以下に掲載がない場合"}],"0437":[{"pref":"神奈川県","city":"海老名市","town":"泉"}],"0423":[{"pref":"神奈川県","city":"海老名市","town":"今里"}],"0436":[{"pref":"神奈川県","city":"海老名市","town":"扇町"}],"0411":[{"pref":"神奈川県","city":"海老名市","town":"大谷"}],"0419":[{"pref":"神奈川県","city":"海老名市","town":"大谷北"}],"0418":[{"pref":"神奈川県","city":"海老名市","town":"大谷南"}],"0402":[{"pref":"神奈川県","city":"海老名市","town":"柏ケ谷"}],"0404":[{"pref":"神奈川県","city":"海老名市","town":"勝瀬"}],"0426":[{"pref":"神奈川県","city":"海老名市","town":"門沢橋"}],"0431":[{"pref":"神奈川県","city":"海老名市","town":"上今泉"}],"0434":[{"pref":"神奈川県","city":"海老名市","town":"上郷"}],"0415":[{"pref":"神奈川県","city":"海老名市","town":"上河内"}],"0433":[{"pref":"神奈川県","city":"海老名市","town":"河原口"}],"0413":[{"pref":"神奈川県","city":"海老名市","town":"国分寺台"}],"0405":[{"pref":"神奈川県","city":"海老名市","town":"国分南"}],"0406":[{"pref":"神奈川県","city":"海老名市","town":"国分北"}],"0421":[{"pref":"神奈川県","city":"海老名市","town":"さつき町"}],"0435":[{"pref":"神奈川県","city":"海老名市","town":"下今泉"}],"0424":[{"pref":"神奈川県","city":"海老名市","town":"社家"}],"0414":[{"pref":"神奈川県","city":"海老名市","town":"杉久保"}],"0410":[{"pref":"神奈川県","city":"海老名市","town":"杉久保北"}],"0427":[{"pref":"神奈川県","city":"海老名市","town":"杉久保南"}],"0432":[{"pref":"神奈川県","city":"海老名市","town":"中央"}],"0416":[{"pref":"神奈川県","city":"海老名市","town":"中河内"}],"0422":[{"pref":"神奈川県","city":"海老名市","town":"中新田"}],"0425":[{"pref":"神奈川県","city":"海老名市","town":"中野"}],"0412":[{"pref":"神奈川県","city":"海老名市","town":"浜田町"}],"0401":[{"pref":"神奈川県","city":"海老名市","town":"東柏ケ谷"}],"0417":[{"pref":"神奈川県","city":"海老名市","town":"本郷"}],"0438":[{"pref":"神奈川県","city":"海老名市","town":"めぐみ町"}],"0403":[{"pref":"神奈川県","city":"海老名市","town":"望地"}],"0300":[{"pref":"神奈川県","city":"愛甲郡愛川町","town":"以下に掲載がない場合"}],"0302":[{"pref":"神奈川県","city":"愛甲郡愛川町","town":"春日台"}],"0301":[{"pref":"神奈川県","city":"愛甲郡愛川町","town":"角田"}],"0306":[{"pref":"神奈川県","city":"愛甲郡愛川町","town":"田代"}],"0304":[{"pref":"神奈川県","city":"愛甲郡愛川町","town":"棚沢"}],"0303":[{"pref":"神奈川県","city":"愛甲郡愛川町","town":"中津"}],"0305":[{"pref":"神奈川県","city":"愛甲郡愛川町","town":"八菅山"}],"0307":[{"pref":"神奈川県","city":"愛甲郡愛川町","town":"半原"}],"0308":[{"pref":"神奈川県","city":"愛甲郡愛川町","town":"三増"}],"0100":[{"pref":"神奈川県","city":"愛甲郡清川村","town":"以下に掲載がない場合"}],"0112":[{"pref":"神奈川県","city":"愛甲郡清川村","town":"煤ケ谷（その他）"}],"0111":[{"pref":"神奈川県","city":"愛甲郡清川村","town":"宮ケ瀬"}]}