{"1101":[{"pref":"三重県","city":"桑名市","town":"長島町新所"}],"1102":[{"pref":"三重県","city":"桑名市","town":"長島町西川"}],"1103":[{"pref":"三重県","city":"桑名市","town":"長島町中川"}],"1104":[{"pref":"三重県","city":"桑名市","town":"長島町高座"}],"1105":[{"pref":"三重県","city":"桑名市","town":"長島町千倉"}],"1106":[{"pref":"三重県","city":"桑名市","town":"長島町下坂手"}],"1107":[{"pref":"三重県","city":"桑名市","town":"長島町上坂手"}],"1108":[{"pref":"三重県","city":"桑名市","town":"長島町杉江"}],"1109":[{"pref":"三重県","city":"桑名市","town":"長島町松之木"}],"1111":[{"pref":"三重県","city":"桑名市","town":"長島町小島"}],"1112":[{"pref":"三重県","city":"桑名市","town":"長島町大倉"}],"1113":[{"pref":"三重県","city":"桑名市","town":"長島町押付"}],"1114":[{"pref":"三重県","city":"桑名市","town":"長島町長島下町"}],"1115":[{"pref":"三重県","city":"桑名市","town":"長島町長島中町"}],"1116":[{"pref":"三重県","city":"桑名市","town":"長島町長島萱町"}],"1121":[{"pref":"三重県","city":"桑名市","town":"長島町東殿名"}],"1122":[{"pref":"三重県","city":"桑名市","town":"長島町松ケ島"}],"1123":[{"pref":"三重県","city":"桑名市","town":"長島町鎌ケ地"}],"1124":[{"pref":"三重県","city":"桑名市","town":"長島町葭ケ須"}],"1125":[{"pref":"三重県","city":"桑名市","town":"長島町源部外面"}],"1126":[{"pref":"三重県","city":"桑名市","town":"長島町又木"}],"1127":[{"pref":"三重県","city":"桑名市","town":"長島町殿名"}],"1128":[{"pref":"三重県","city":"桑名市","town":"長島町又木市街"}],"1131":[{"pref":"三重県","city":"桑名市","town":"長島町赤地"}],"1132":[{"pref":"三重県","city":"桑名市","town":"長島町福豊"}],"1133":[{"pref":"三重県","city":"桑名市","town":"長島町横満蔵"}],"1134":[{"pref":"三重県","city":"桑名市","town":"長島町松蔭"}],"1135":[{"pref":"三重県","city":"桑名市","town":"長島町浦安"}],"1136":[{"pref":"三重県","city":"桑名市","town":"長島町白鶏"}],"1137":[{"pref":"三重県","city":"桑名市","town":"長島町福吉"}],"1141":[{"pref":"三重県","city":"桑名市","town":"長島町間々"}],"1142":[{"pref":"三重県","city":"桑名市","town":"長島町出口"}],"1143":[{"pref":"三重県","city":"桑名市","town":"長島町西外面"}],"1144":[{"pref":"三重県","city":"桑名市","town":"長島町駒江"}],"1145":[{"pref":"三重県","city":"桑名市","town":"長島町大島"}],"1146":[{"pref":"三重県","city":"桑名市","town":"長島町十日外面"}],"1147":[{"pref":"三重県","city":"桑名市","town":"長島町平方"}],"1148":[{"pref":"三重県","city":"桑名市","town":"長島町北殿名"}],"1149":[{"pref":"三重県","city":"桑名市","town":"長島町西外面市街"}],"0000":[{"pref":"三重県","city":"桑名市","town":"以下に掲載がない場合"}],"0016":[{"pref":"三重県","city":"桑名市","town":"相生町"}],"0052":[{"pref":"三重県","city":"桑名市","town":"相川町"}],"0817":[{"pref":"三重県","city":"桑名市","town":"青葉町"}],"0033":[{"pref":"三重県","city":"桑名市","town":"赤須賀"}],"0934":[{"pref":"三重県","city":"桑名市","town":"赤尾"}],"0935":[{"pref":"三重県","city":"桑名市","town":"赤尾台"}],"0084":[{"pref":"三重県","city":"桑名市","town":"油町"}],"0036":[{"pref":"三重県","city":"桑名市","town":"伊賀町"}],"0838":[{"pref":"三重県","city":"桑名市","town":"和泉"}],"0046":[{"pref":"三重県","city":"桑名市","town":"一色町"}],"0017":[{"pref":"三重県","city":"桑名市","town":"今片町"}],"0006":[{"pref":"三重県","city":"桑名市","town":"今北町"}],"0801":[{"pref":"三重県","city":"桑名市","town":"今島"}],"0018":[{"pref":"三重県","city":"桑名市","town":"今中町"}],"0086":[{"pref":"三重県","city":"桑名市","town":"入江葭町"}],"0825":[{"pref":"三重県","city":"桑名市","town":"上野"}],"0038":[{"pref":"三重県","city":"桑名市","town":"内堀"}],"0822":[{"pref":"三重県","city":"桑名市","town":"馬道"}],"0815":[{"pref":"三重県","city":"桑名市","town":"梅園通"}],"0071":[{"pref":"三重県","city":"桑名市","town":"駅元町"}],"0022":[{"pref":"三重県","city":"桑名市","town":"江戸町"}],"0836":[{"pref":"三重県","city":"桑名市","town":"江場"}],"0848":[{"pref":"三重県","city":"桑名市","town":"大貝須"}],"0947":[{"pref":"三重県","city":"桑名市","town":"大仲新田"}],"0903":[{"pref":"三重県","city":"桑名市","town":"大山田"}],"0812":[{"pref":"三重県","city":"桑名市","town":"尾野山"}],"0861":[{"pref":"三重県","city":"桑名市","town":"蠣塚新田"}],"0829":[{"pref":"三重県","city":"桑名市","town":"神楽町"}],"0067":[{"pref":"三重県","city":"桑名市","town":"掛樋"}],"0047":[{"pref":"三重県","city":"桑名市","town":"鍛冶町"}],"0012":[{"pref":"三重県","city":"桑名市","town":"春日町"}],"0827":[{"pref":"三重県","city":"桑名市","town":"霞町"}],"0081":[{"pref":"三重県","city":"桑名市","town":"片町"}],"0001":[{"pref":"三重県","city":"桑名市","town":"上之輪新田"}],"0809":[{"pref":"三重県","city":"桑名市","town":"上深谷部"}],"0044":[{"pref":"三重県","city":"桑名市","town":"萱町"}],"0941":[{"pref":"三重県","city":"桑名市","town":"嘉例川"}],"0021":[{"pref":"三重県","city":"桑名市","town":"川口町"}],"0802":[{"pref":"三重県","city":"桑名市","town":"川崎町"}],"0024":[{"pref":"三重県","city":"桑名市","town":"北魚町"}],"0804":[{"pref":"三重県","city":"桑名市","town":"北川原台"}],"0073":[{"pref":"三重県","city":"桑名市","town":"北寺町"}],"0066":[{"pref":"三重県","city":"桑名市","town":"北鍋屋町"}],"0819":[{"pref":"三重県","city":"桑名市","town":"北別所"}],"0851":[{"pref":"三重県","city":"桑名市","town":"希望ケ丘"},{"pref":"三重県","city":"桑名市","town":"西別所"}],"0063":[{"pref":"三重県","city":"桑名市","town":"京橋町"}],"0039":[{"pref":"三重県","city":"桑名市","town":"京町"}],"0810":[{"pref":"三重県","city":"桑名市","town":"清竹の丘"}],"0009":[{"pref":"三重県","city":"桑名市","town":"桑名"}],"0923":[{"pref":"三重県","city":"桑名市","town":"桑部"}],"0837":[{"pref":"三重県","city":"桑名市","town":"小泉"}],"0841":[{"pref":"三重県","city":"桑名市","town":"小貝須"}],"0946":[{"pref":"三重県","city":"桑名市","town":"五反田"}],"0061":[{"pref":"三重県","city":"桑名市","town":"寿町"}],"0085":[{"pref":"三重県","city":"桑名市","town":"紺屋町"}],"0939":[{"pref":"三重県","city":"桑名市","town":"坂井"}],"0813":[{"pref":"三重県","city":"桑名市","town":"桜通"}],"0913":[{"pref":"三重県","city":"桑名市","town":"里町"}],"0075":[{"pref":"三重県","city":"桑名市","town":"三栄町"}],"0007":[{"pref":"三重県","city":"桑名市","town":"参宮通"}],"0031":[{"pref":"三重県","city":"桑名市","town":"三之丸"}],"0816":[{"pref":"三重県","city":"桑名市","town":"汐見町"}],"0824":[{"pref":"三重県","city":"桑名市","town":"繁松新田"}],"0034":[{"pref":"三重県","city":"桑名市","town":"地蔵"}],"0937":[{"pref":"三重県","city":"桑名市","town":"志知"}],"0936":[{"pref":"三重県","city":"桑名市","town":"島田"}],"0019":[{"pref":"三重県","city":"桑名市","town":"清水町"}],"0808":[{"pref":"三重県","city":"桑名市","town":"下深谷部"}],"0846":[{"pref":"三重県","city":"桑名市","town":"城南萱町"}],"0083":[{"pref":"三重県","city":"桑名市","town":"職人町"}],"0924":[{"pref":"三重県","city":"桑名市","town":"城山台"}],"0855":[{"pref":"三重県","city":"桑名市","town":"新倉持"}],"0866":[{"pref":"三重県","city":"桑名市","town":"神成町"}],"0832":[{"pref":"三重県","city":"桑名市","town":"新地"}],"0064":[{"pref":"三重県","city":"桑名市","town":"新築町"}],"0863":[{"pref":"三重県","city":"桑名市","town":"新西方"}],"0048":[{"pref":"三重県","city":"桑名市","town":"新町"}],"0043":[{"pref":"三重県","city":"桑名市","town":"新屋敷"}],"0069":[{"pref":"三重県","city":"桑名市","town":"新矢田"}],"0077":[{"pref":"三重県","city":"桑名市","town":"末広町"}],"0004":[{"pref":"三重県","city":"桑名市","town":"住吉町"}],"0011":[{"pref":"三重県","city":"桑名市","town":"船馬町"}],"0078":[{"pref":"三重県","city":"桑名市","town":"桑栄町"}],"0041":[{"pref":"三重県","city":"桑名市","town":"外堀"}],"0065":[{"pref":"三重県","city":"桑名市","town":"大央町"}],"0005":[{"pref":"三重県","city":"桑名市","town":"太一丸"}],"0834":[{"pref":"三重県","city":"桑名市","town":"大福"}],"0843":[{"pref":"三重県","city":"桑名市","town":"太平町"}],"0818":[{"pref":"三重県","city":"桑名市","town":"高塚町"}],"0828":[{"pref":"三重県","city":"桑名市","town":"立花町"}],"0842":[{"pref":"三重県","city":"桑名市","town":"立田町"}],"0124":[{"pref":"三重県","city":"桑名市","town":"多度町猪飼"}],"0116":[{"pref":"三重県","city":"桑名市","town":"多度町大鳥居"}],"0105":[{"pref":"三重県","city":"桑名市","town":"多度町小山"}],"0102":[{"pref":"三重県","city":"桑名市","town":"多度町香取"}],"0113":[{"pref":"三重県","city":"桑名市","town":"多度町上之郷"}],"0123":[{"pref":"三重県","city":"桑名市","town":"多度町北猪飼"}],"0122":[{"pref":"三重県","city":"桑名市","town":"多度町古野"}],"0117":[{"pref":"三重県","city":"桑名市","town":"多度町下野代"}],"0106":[{"pref":"三重県","city":"桑名市","town":"多度町多度"}],"0125":[{"pref":"三重県","city":"桑名市","town":"多度町力尾"}],"0103":[{"pref":"三重県","city":"桑名市","town":"多度町戸津"}],"0114":[{"pref":"三重県","city":"桑名市","town":"多度町中須"}],"0104":[{"pref":"三重県","city":"桑名市","town":"多度町肱江"}],"0111":[{"pref":"三重県","city":"桑名市","town":"多度町平古"}],"0121":[{"pref":"三重県","city":"桑名市","town":"多度町美鹿"}],"0112":[{"pref":"三重県","city":"桑名市","town":"多度町福永"}],"0118":[{"pref":"三重県","city":"桑名市","town":"多度町御衣野"}],"0115":[{"pref":"三重県","city":"桑名市","town":"多度町南之郷"}],"0101":[{"pref":"三重県","city":"桑名市","town":"多度町柚井"}],"0089":[{"pref":"三重県","city":"桑名市","town":"田町"}],"0826":[{"pref":"三重県","city":"桑名市","town":"太夫"}],"0068":[{"pref":"三重県","city":"桑名市","town":"中央町"}],"0058":[{"pref":"三重県","city":"桑名市","town":"千代田町"}],"0945":[{"pref":"三重県","city":"桑名市","town":"筑紫"}],"0901":[{"pref":"三重県","city":"桑名市","town":"筒尾"}],"0072":[{"pref":"三重県","city":"桑名市","town":"堤原"}],"0045":[{"pref":"三重県","city":"桑名市","town":"伝馬町"}],"0062":[{"pref":"三重県","city":"桑名市","town":"常盤町"}],"0015":[{"pref":"三重県","city":"桑名市","town":"殿町"}],"0938":[{"pref":"三重県","city":"桑名市","town":"友村"}],"0914":[{"pref":"三重県","city":"桑名市","town":"中山町"}],"0864":[{"pref":"三重県","city":"桑名市","town":"西方"}],"0922":[{"pref":"三重県","city":"桑名市","town":"西金井"}],"0933":[{"pref":"三重県","city":"桑名市","town":"西正和台"}],"0054":[{"pref":"三重県","city":"桑名市","town":"西鍋屋町"}],"0056":[{"pref":"三重県","city":"桑名市","town":"西矢田町"}],"0807":[{"pref":"三重県","city":"桑名市","town":"西汰上"}],"0911":[{"pref":"三重県","city":"桑名市","town":"額田"}],"0904":[{"pref":"三重県","city":"桑名市","town":"野田"}],"0931":[{"pref":"三重県","city":"桑名市","town":"能部"}],"0944":[{"pref":"三重県","city":"桑名市","town":"芳ケ崎"}],"0008":[{"pref":"三重県","city":"桑名市","town":"蓮見町"}],"0076":[{"pref":"三重県","city":"桑名市","town":"八間通"}],"0049":[{"pref":"三重県","city":"桑名市","town":"八幡町"}],"0862":[{"pref":"三重県","city":"桑名市","town":"播磨"}],"0852":[{"pref":"三重県","city":"桑名市","town":"稗田"}],"0811":[{"pref":"三重県","city":"桑名市","town":"東方"}],"0921":[{"pref":"三重県","city":"桑名市","town":"東金井"}],"0932":[{"pref":"三重県","city":"桑名市","town":"東正和台"}],"0003":[{"pref":"三重県","city":"桑名市","town":"東太一丸"}],"0053":[{"pref":"三重県","city":"桑名市","town":"東鍋屋町"}],"0035":[{"pref":"三重県","city":"桑名市","town":"東野"}],"0055":[{"pref":"三重県","city":"桑名市","town":"東矢田町"}],"0806":[{"pref":"三重県","city":"桑名市","town":"東汰上"}],"0867":[{"pref":"三重県","city":"桑名市","town":"陽だまりの丘"}],"0942":[{"pref":"三重県","city":"桑名市","town":"広見ケ丘"}],"0803":[{"pref":"三重県","city":"桑名市","town":"枇杷島台"}],"0805":[{"pref":"三重県","city":"桑名市","town":"深谷町"}],"0847":[{"pref":"三重県","city":"桑名市","town":"福江"}],"0833":[{"pref":"三重県","city":"桑名市","town":"福江町"}],"0844":[{"pref":"三重県","city":"桑名市","town":"福岡町"}],"0002":[{"pref":"三重県","city":"桑名市","town":"福島"}],"0027":[{"pref":"三重県","city":"桑名市","town":"福島新町"}],"0845":[{"pref":"三重県","city":"桑名市","town":"福地"}],"0865":[{"pref":"三重県","city":"桑名市","town":"藤が丘"}],"0025":[{"pref":"三重県","city":"桑名市","town":"風呂町"}],"0013":[{"pref":"三重県","city":"桑名市","town":"宝殿町"}],"0912":[{"pref":"三重県","city":"桑名市","town":"星川"},{"pref":"三重県","city":"桑名市","town":"星見ケ丘"}],"0835":[{"pref":"三重県","city":"桑名市","town":"本願寺"}],"0023":[{"pref":"三重県","city":"桑名市","town":"本町"}],"0831":[{"pref":"三重県","city":"桑名市","town":"益生町"}],"0853":[{"pref":"三重県","city":"桑名市","town":"増田"}],"0814":[{"pref":"三重県","city":"桑名市","town":"松並町"}],"0902":[{"pref":"三重県","city":"桑名市","town":"松ノ木"}],"0014":[{"pref":"三重県","city":"桑名市","town":"三崎通"}],"0057":[{"pref":"三重県","city":"桑名市","town":"三ツ矢橋"}],"0088":[{"pref":"三重県","city":"桑名市","town":"南魚町"}],"0074":[{"pref":"三重県","city":"桑名市","town":"南寺町"}],"0082":[{"pref":"三重県","city":"桑名市","town":"宮通"}],"0026":[{"pref":"三重県","city":"桑名市","town":"宮町"}],"0823":[{"pref":"三重県","city":"桑名市","town":"明正町"}],"0037":[{"pref":"三重県","city":"桑名市","town":"元赤須賀"}],"0943":[{"pref":"三重県","city":"桑名市","town":"森忠"}],"0839":[{"pref":"三重県","city":"桑名市","town":"安永"}],"0821":[{"pref":"三重県","city":"桑名市","town":"矢田"}],"0051":[{"pref":"三重県","city":"桑名市","town":"矢田磧"}],"0042":[{"pref":"三重県","city":"桑名市","town":"柳原"}],"0079":[{"pref":"三重県","city":"桑名市","town":"有楽町"}],"0032":[{"pref":"三重県","city":"桑名市","town":"吉之丸"}],"0087":[{"pref":"三重県","city":"桑名市","town":"吉津屋町"}],"0854":[{"pref":"三重県","city":"桑名市","town":"蓮花寺"}],"0200":[{"pref":"三重県","city":"いなべ市","town":"以下に掲載がない場合"},{"pref":"三重県","city":"員弁郡東員町","town":"以下に掲載がない場合"}],"0204":[{"pref":"三重県","city":"いなべ市","town":"員弁町石仏"}],"0201":[{"pref":"三重県","city":"いなべ市","town":"員弁町市之原"}],"0206":[{"pref":"三重県","city":"いなべ市","town":"員弁町宇野"}],"0224":[{"pref":"三重県","city":"いなべ市","town":"員弁町大泉"}],"0217":[{"pref":"三重県","city":"いなべ市","town":"員弁町大泉新田"}],"0214":[{"pref":"三重県","city":"いなべ市","town":"員弁町岡丁田"}],"0205":[{"pref":"三重県","city":"いなべ市","town":"員弁町笠田新田"}],"0207":[{"pref":"三重県","city":"いなべ市","town":"員弁町上笠田"}],"0223":[{"pref":"三重県","city":"いなべ市","town":"員弁町北金井"}],"0213":[{"pref":"三重県","city":"いなべ市","town":"員弁町暮明"}],"0221":[{"pref":"三重県","city":"いなべ市","town":"員弁町下笠田"}],"0202":[{"pref":"三重県","city":"いなべ市","town":"員弁町楚原"}],"0225":[{"pref":"三重県","city":"いなべ市","town":"員弁町西方"}],"0203":[{"pref":"三重県","city":"いなべ市","town":"員弁町畑新田"}],"0208":[{"pref":"三重県","city":"いなべ市","town":"員弁町坂東新田"}],"0215":[{"pref":"三重県","city":"いなべ市","town":"員弁町東一色"}],"0212":[{"pref":"三重県","city":"いなべ市","town":"員弁町平古"}],"0211":[{"pref":"三重県","city":"いなべ市","town":"員弁町松名新田"}],"0216":[{"pref":"三重県","city":"いなべ市","town":"員弁町松之木"}],"0222":[{"pref":"三重県","city":"いなべ市","town":"員弁町御薗"}],"0267":[{"pref":"三重県","city":"いなべ市","town":"大安町石榑北山"}],"0276":[{"pref":"三重県","city":"いなべ市","town":"大安町石榑下"}],"0264":[{"pref":"三重県","city":"いなべ市","town":"大安町石榑東"}],"0266":[{"pref":"三重県","city":"いなべ市","town":"大安町石榑南"}],"0265":[{"pref":"三重県","city":"いなべ市","town":"大安町石榑北"}],"0286":[{"pref":"三重県","city":"いなべ市","town":"大安町宇賀"}],"0285":[{"pref":"三重県","city":"いなべ市","town":"大安町宇賀新田"}],"0284":[{"pref":"三重県","city":"いなべ市","town":"大安町梅戸"}],"0282":[{"pref":"三重県","city":"いなべ市","town":"大安町大泉"}],"0274":[{"pref":"三重県","city":"いなべ市","town":"大安町大井田"}],"0271":[{"pref":"三重県","city":"いなべ市","town":"大安町片樋"}],"0272":[{"pref":"三重県","city":"いなべ市","town":"大安町高柳"}],"0287":[{"pref":"三重県","city":"いなべ市","town":"大安町中央ケ丘"}],"0275":[{"pref":"三重県","city":"いなべ市","town":"大安町鍋坂"}],"0261":[{"pref":"三重県","city":"いなべ市","town":"大安町丹生川上"}],"0262":[{"pref":"三重県","city":"いなべ市","town":"大安町丹生川中"}],"0263":[{"pref":"三重県","city":"いなべ市","town":"大安町丹生川久下"}],"0273":[{"pref":"三重県","city":"いなべ市","town":"大安町平塚"}],"0283":[{"pref":"三重県","city":"いなべ市","town":"大安町南金井"}],"0281":[{"pref":"三重県","city":"いなべ市","town":"大安町門前"}],"0514":[{"pref":"三重県","city":"いなべ市","town":"藤原町石川"}],"0511":[{"pref":"三重県","city":"いなべ市","town":"藤原町市場"}],"0507":[{"pref":"三重県","city":"いなべ市","town":"藤原町上之山田"}],"0517":[{"pref":"三重県","city":"いなべ市","town":"藤原町大貝戸"}],"0501":[{"pref":"三重県","city":"いなべ市","town":"藤原町鼎"}],"0502":[{"pref":"三重県","city":"いなべ市","town":"藤原町上相場"}],"0504":[{"pref":"三重県","city":"いなべ市","town":"藤原町川合"}],"0518":[{"pref":"三重県","city":"いなべ市","town":"藤原町坂本"}],"0522":[{"pref":"三重県","city":"いなべ市","town":"藤原町篠立"}],"0503":[{"pref":"三重県","city":"いなべ市","town":"藤原町下相場"}],"0513":[{"pref":"三重県","city":"いなべ市","town":"藤原町下野尻"}],"0512":[{"pref":"三重県","city":"いなべ市","town":"藤原町志礼石新田"}],"0515":[{"pref":"三重県","city":"いなべ市","town":"藤原町東禅寺"}],"0506":[{"pref":"三重県","city":"いなべ市","town":"藤原町長尾"}],"0516":[{"pref":"三重県","city":"いなべ市","town":"藤原町西野尻"}],"0505":[{"pref":"三重県","city":"いなべ市","town":"藤原町日内"}],"0508":[{"pref":"三重県","city":"いなべ市","town":"藤原町藤ケ丘"}],"0521":[{"pref":"三重県","city":"いなべ市","town":"藤原町古田"}],"0519":[{"pref":"三重県","city":"いなべ市","town":"藤原町別名"}],"0523":[{"pref":"三重県","city":"いなべ市","town":"藤原町本郷"}],"0524":[{"pref":"三重県","city":"いなべ市","town":"藤原町山口"}],"0428":[{"pref":"三重県","city":"いなべ市","town":"北勢町阿下喜"}],"0416":[{"pref":"三重県","city":"いなべ市","town":"北勢町飯倉"}],"0427":[{"pref":"三重県","city":"いなべ市","town":"北勢町麻生田"}],"0425":[{"pref":"三重県","city":"いなべ市","town":"北勢町大辻新田"}],"0435":[{"pref":"三重県","city":"いなべ市","town":"北勢町奥村"}],"0437":[{"pref":"三重県","city":"いなべ市","town":"北勢町垣内"}],"0401":[{"pref":"三重県","city":"いなべ市","town":"北勢町川原"}],"0422":[{"pref":"三重県","city":"いなべ市","town":"北勢町北中津原"}],"0411":[{"pref":"三重県","city":"いなべ市","town":"北勢町京ケ野新田"}],"0404":[{"pref":"三重県","city":"いなべ市","town":"北勢町小原一色"}],"0406":[{"pref":"三重県","city":"いなべ市","town":"北勢町塩崎"}],"0418":[{"pref":"三重県","city":"いなべ市","town":"北勢町下平"}],"0436":[{"pref":"三重県","city":"いなべ市","town":"北勢町新町"}],"0417":[{"pref":"三重県","city":"いなべ市","town":"北勢町瀬木"}],"0402":[{"pref":"三重県","city":"いなべ市","town":"北勢町千司久連新田"}],"0426":[{"pref":"三重県","city":"いなべ市","town":"北勢町其原"}],"0405":[{"pref":"三重県","city":"いなべ市","town":"北勢町田辺"}],"0421":[{"pref":"三重県","city":"いなべ市","town":"北勢町皷"}],"0433":[{"pref":"三重県","city":"いなべ市","town":"北勢町中山"}],"0414":[{"pref":"三重県","city":"いなべ市","town":"北勢町西貝野"}],"0403":[{"pref":"三重県","city":"いなべ市","town":"北勢町二之瀬"}],"0413":[{"pref":"三重県","city":"いなべ市","town":"北勢町畑毛"}],"0438":[{"pref":"三重県","city":"いなべ市","town":"北勢町治田外面"}],"0415":[{"pref":"三重県","city":"いなべ市","town":"北勢町東貝野"}],"0432":[{"pref":"三重県","city":"いなべ市","town":"北勢町東村"}],"0423":[{"pref":"三重県","city":"いなべ市","town":"北勢町平野新田"}],"0434":[{"pref":"三重県","city":"いなべ市","town":"北勢町麓村"}],"0431":[{"pref":"三重県","city":"いなべ市","town":"北勢町別名"}],"0424":[{"pref":"三重県","city":"いなべ市","town":"北勢町南中津原"}],"0412":[{"pref":"三重県","city":"いなべ市","town":"北勢町向平"}],"0243":[{"pref":"三重県","city":"員弁郡東員町","town":"穴太"}],"0244":[{"pref":"三重県","city":"員弁郡東員町","town":"大木"}],"0257":[{"pref":"三重県","city":"員弁郡東員町","town":"北大社"}],"0251":[{"pref":"三重県","city":"員弁郡東員町","town":"北山田"},{"pref":"三重県","city":"員弁郡東員町","town":"山田"}],"0232":[{"pref":"三重県","city":"員弁郡東員町","town":"笹尾東"}],"0231":[{"pref":"三重県","city":"員弁郡東員町","town":"笹尾西"}],"0233":[{"pref":"三重県","city":"員弁郡東員町","town":"城山"}],"0252":[{"pref":"三重県","city":"員弁郡東員町","town":"瀬古泉"}],"0253":[{"pref":"三重県","city":"員弁郡東員町","town":"筑紫"}],"0241":[{"pref":"三重県","city":"員弁郡東員町","town":"鳥取"}],"0254":[{"pref":"三重県","city":"員弁郡東員町","town":"中上"}],"0255":[{"pref":"三重県","city":"員弁郡東員町","town":"長深"}],"0245":[{"pref":"三重県","city":"員弁郡東員町","town":"八幡新田"}],"0256":[{"pref":"三重県","city":"員弁郡東員町","town":"南大社"}],"0242":[{"pref":"三重県","city":"員弁郡東員町","town":"六把野新田"}]}