{"0000":[{"pref":"愛知県","city":"大府市","town":"以下に掲載がない場合"}],"0024":[{"pref":"愛知県","city":"大府市","town":"朝日町"}],"0045":[{"pref":"愛知県","city":"大府市","town":"馬池町"}],"0035":[{"pref":"愛知県","city":"大府市","town":"江端町"}],"0027":[{"pref":"愛知県","city":"大府市","town":"追分町"}],"0051":[{"pref":"愛知県","city":"大府市","town":"大府町"}],"0071":[{"pref":"愛知県","city":"大府市","town":"梶田町"}],"0003":[{"pref":"愛知県","city":"大府市","town":"神田町"}],"0002":[{"pref":"愛知県","city":"大府市","town":"北崎町（丁目）"}],"0001":[{"pref":"愛知県","city":"大府市","town":"北崎町"}],"0072":[{"pref":"愛知県","city":"大府市","town":"北山町"}],"0074":[{"pref":"愛知県","city":"大府市","town":"共栄町"}],"0062":[{"pref":"愛知県","city":"大府市","town":"共西町"}],"0061":[{"pref":"愛知県","city":"大府市","town":"共和町（丁目）"}],"0057":[{"pref":"愛知県","city":"大府市","town":"共和町（キョウワマチ）"}],"0043":[{"pref":"愛知県","city":"大府市","town":"米田町"}],"0044":[{"pref":"愛知県","city":"大府市","town":"桜木町"}],"0023":[{"pref":"愛知県","city":"大府市","town":"大東町"}],"0042":[{"pref":"愛知県","city":"大府市","town":"高丘町"}],"0025":[{"pref":"愛知県","city":"大府市","town":"中央町"}],"0036":[{"pref":"愛知県","city":"大府市","town":"月見町"}],"0073":[{"pref":"愛知県","city":"大府市","town":"東新町"}],"0052":[{"pref":"愛知県","city":"大府市","town":"長草町"}],"0021":[{"pref":"愛知県","city":"大府市","town":"長根町"}],"0037":[{"pref":"愛知県","city":"大府市","town":"半月町"}],"0053":[{"pref":"愛知県","city":"大府市","town":"柊山町"}],"0055":[{"pref":"愛知県","city":"大府市","town":"一屋町"}],"0047":[{"pref":"愛知県","city":"大府市","town":"宮内町"}],"0056":[{"pref":"愛知県","city":"大府市","town":"明成町"}],"0026":[{"pref":"愛知県","city":"大府市","town":"桃山町"}],"0038":[{"pref":"愛知県","city":"大府市","town":"森岡町（丁目）"}],"0031":[{"pref":"愛知県","city":"大府市","town":"森岡町（その他）"}],"0011":[{"pref":"愛知県","city":"大府市","town":"横根町"}],"0046":[{"pref":"愛知県","city":"大府市","town":"吉川町"}],"0048":[{"pref":"愛知県","city":"大府市","town":"吉田町（１～６丁目）"}],"0041":[{"pref":"愛知県","city":"大府市","town":"吉田町（その他）"}],"0022":[{"pref":"愛知県","city":"大府市","town":"若草町"}]}