{"1100":[{"pref":"宮崎県","city":"西臼杵郡高千穂町","town":"以下に掲載がない場合"}],"1101":[{"pref":"宮崎県","city":"西臼杵郡高千穂町","town":"三田井"}],"1102":[{"pref":"宮崎県","city":"西臼杵郡高千穂町","town":"押方"}],"1103":[{"pref":"宮崎県","city":"西臼杵郡高千穂町","town":"向山"}],"1200":[{"pref":"宮崎県","city":"西臼杵郡五ヶ瀬町","town":"以下に掲載がない場合"}],"1201":[{"pref":"宮崎県","city":"西臼杵郡五ヶ瀬町","town":"鞍岡"}],"1202":[{"pref":"宮崎県","city":"西臼杵郡五ヶ瀬町","town":"桑野内"}],"1203":[{"pref":"宮崎県","city":"西臼杵郡五ヶ瀬町","town":"三ヶ所"}],"1411":[{"pref":"宮崎県","city":"西臼杵郡高千穂町","town":"上野"}],"1412":[{"pref":"宮崎県","city":"西臼杵郡高千穂町","town":"下野"}],"1413":[{"pref":"宮崎県","city":"西臼杵郡高千穂町","town":"田原"}],"1414":[{"pref":"宮崎県","city":"西臼杵郡高千穂町","town":"河内"}],"1415":[{"pref":"宮崎県","city":"西臼杵郡高千穂町","town":"五ケ所"}],"1621":[{"pref":"宮崎県","city":"西臼杵郡高千穂町","town":"岩戸"}],"1622":[{"pref":"宮崎県","city":"西臼杵郡高千穂町","town":"上岩戸"}],"0000":[{"pref":"宮崎県","city":"延岡市","town":"以下に掲載がない場合"}],"0845":[{"pref":"宮崎県","city":"延岡市","town":"安賀多町"}],"0847":[{"pref":"宮崎県","city":"延岡市","town":"旭町"}],"0872":[{"pref":"宮崎県","city":"延岡市","town":"愛宕町"}],"0871":[{"pref":"宮崎県","city":"延岡市","town":"愛宕山"}],"0071":[{"pref":"宮崎県","city":"延岡市","town":"天下町"}],"0025":[{"pref":"宮崎県","city":"延岡市","town":"粟野名町"}],"0831":[{"pref":"宮崎県","city":"延岡市","town":"出口町"}],"0856":[{"pref":"宮崎県","city":"延岡市","town":"出北"}],"0003":[{"pref":"宮崎県","city":"延岡市","town":"稲葉崎町"}],"0095":[{"pref":"宮崎県","city":"延岡市","town":"浦城町"}],"0084":[{"pref":"宮崎県","city":"延岡市","town":"宇和田町"}],"0046":[{"pref":"宮崎県","city":"延岡市","town":"恵比須町"}],"0013":[{"pref":"宮崎県","city":"延岡市","town":"追内町"}],"0001":[{"pref":"宮崎県","city":"延岡市","town":"大峡町"}],"0027":[{"pref":"宮崎県","city":"延岡市","town":"大門町"}],"0841":[{"pref":"宮崎県","city":"延岡市","town":"大瀬町"}],"0024":[{"pref":"宮崎県","city":"延岡市","town":"大武町"}],"0803":[{"pref":"宮崎県","city":"延岡市","town":"大貫町"}],"0086":[{"pref":"宮崎県","city":"延岡市","town":"大野町"}],"0056":[{"pref":"宮崎県","city":"延岡市","town":"岡富町"}],"0057":[{"pref":"宮崎県","city":"延岡市","town":"岡富山"}],"0075":[{"pref":"宮崎県","city":"延岡市","town":"岡元町"}],"0876":[{"pref":"宮崎県","city":"延岡市","town":"沖田町"}],"0006":[{"pref":"宮崎県","city":"延岡市","town":"尾崎町"}],"0855":[{"pref":"宮崎県","city":"延岡市","town":"卸本町"}],"0073":[{"pref":"宮崎県","city":"延岡市","town":"貝の畑町"}],"0085":[{"pref":"宮崎県","city":"延岡市","town":"鹿狩瀬町"}],"0004":[{"pref":"宮崎県","city":"延岡市","town":"樫山町"}],"0012":[{"pref":"宮崎県","city":"延岡市","town":"鹿小路"}],"0844":[{"pref":"宮崎県","city":"延岡市","town":"春日町"}],"0877":[{"pref":"宮崎県","city":"延岡市","town":"片田町"}],"0867":[{"pref":"宮崎県","city":"延岡市","town":"構口町"}],"0833":[{"pref":"宮崎県","city":"延岡市","town":"上大瀬町"}],"0885":[{"pref":"宮崎県","city":"延岡市","town":"上三輪町"}],"0017":[{"pref":"宮崎県","city":"延岡市","town":"川島町"}],"0033":[{"pref":"宮崎県","city":"延岡市","town":"川原崎町"}],"0043":[{"pref":"宮崎県","city":"延岡市","town":"祗園町"}],"0121":[{"pref":"宮崎県","city":"延岡市","town":"北方町板上"}],"0122":[{"pref":"宮崎県","city":"延岡市","town":"北方町板下"}],"0123":[{"pref":"宮崎県","city":"延岡市","town":"北方町うそ越"}],"0106":[{"pref":"宮崎県","city":"延岡市","town":"北方町笠下"}],"0126":[{"pref":"宮崎県","city":"延岡市","town":"北方町上崎"}],"0231":[{"pref":"宮崎県","city":"延岡市","town":"北方町上鹿川"}],"0125":[{"pref":"宮崎県","city":"延岡市","town":"北方町川水流"}],"0129":[{"pref":"宮崎県","city":"延岡市","town":"北方町北久保山"}],"0127":[{"pref":"宮崎県","city":"延岡市","town":"北方町蔵田"}],"0241":[{"pref":"宮崎県","city":"延岡市","town":"北方町三ケ村"}],"0237":[{"pref":"宮崎県","city":"延岡市","town":"北方町椎畑"}],"0232":[{"pref":"宮崎県","city":"延岡市","town":"北方町下鹿川"}],"0233":[{"pref":"宮崎県","city":"延岡市","town":"北方町菅原"}],"0124":[{"pref":"宮崎県","city":"延岡市","town":"北方町曽木"}],"0238":[{"pref":"宮崎県","city":"延岡市","town":"北方町滝下"}],"0104":[{"pref":"宮崎県","city":"延岡市","town":"北方町角田"}],"0245":[{"pref":"宮崎県","city":"延岡市","town":"北方町早上"}],"0244":[{"pref":"宮崎県","city":"延岡市","town":"北方町早中"}],"0243":[{"pref":"宮崎県","city":"延岡市","town":"北方町早日渡"}],"0236":[{"pref":"宮崎県","city":"延岡市","town":"北方町日平"}],"0107":[{"pref":"宮崎県","city":"延岡市","town":"北方町藤の木"}],"0101":[{"pref":"宮崎県","city":"延岡市","town":"北方町二股"}],"0235":[{"pref":"宮崎県","city":"延岡市","town":"北方町槇峰"}],"0128":[{"pref":"宮崎県","city":"延岡市","town":"北方町南久保山"}],"0234":[{"pref":"宮崎県","city":"延岡市","town":"北方町美々地"}],"0242":[{"pref":"宮崎県","city":"延岡市","town":"北方町八峡"}],"0097":[{"pref":"宮崎県","city":"延岡市","town":"北川町川内名（祝子川）"}],"0041":[{"pref":"宮崎県","city":"延岡市","town":"北小路"}],"0834":[{"pref":"宮崎県","city":"延岡市","town":"北新小路"}],"0814":[{"pref":"宮崎県","city":"延岡市","town":"北町"}],"0873":[{"pref":"宮崎県","city":"延岡市","town":"共栄町"}],"0091":[{"pref":"宮崎県","city":"延岡市","town":"桑平町"}],"0093":[{"pref":"宮崎県","city":"延岡市","town":"神戸町"}],"0076":[{"pref":"宮崎県","city":"延岡市","town":"小川町"}],"0882":[{"pref":"宮崎県","city":"延岡市","town":"小野町"}],"0061":[{"pref":"宮崎県","city":"延岡市","town":"小峰町"}],"0047":[{"pref":"宮崎県","city":"延岡市","town":"紺屋町"}],"0832":[{"pref":"宮崎県","city":"延岡市","town":"西小路"}],"0053":[{"pref":"宮崎県","city":"延岡市","town":"幸町"}],"0054":[{"pref":"宮崎県","city":"延岡市","town":"栄町"}],"0007":[{"pref":"宮崎県","city":"延岡市","town":"桜ケ丘"}],"0816":[{"pref":"宮崎県","city":"延岡市","town":"桜小路"}],"0036":[{"pref":"宮崎県","city":"延岡市","town":"桜園町"}],"0002":[{"pref":"宮崎県","city":"延岡市","town":"差木野町"}],"0081":[{"pref":"宮崎県","city":"延岡市","town":"佐野町"}],"0864":[{"pref":"宮崎県","city":"延岡市","town":"塩浜町"}],"0096":[{"pref":"宮崎県","city":"延岡市","town":"島浦町"}],"0883":[{"pref":"宮崎県","city":"延岡市","town":"下三輪町"}],"0034":[{"pref":"宮崎県","city":"延岡市","town":"昭和町"}],"0014":[{"pref":"宮崎県","city":"延岡市","town":"白石町"}],"0835":[{"pref":"宮崎県","city":"延岡市","town":"新小路"}],"0827":[{"pref":"宮崎県","city":"延岡市","town":"新町"}],"0011":[{"pref":"宮崎県","city":"延岡市","town":"須佐町"}],"0825":[{"pref":"宮崎県","city":"延岡市","town":"須崎町"}],"0045":[{"pref":"宮崎県","city":"延岡市","town":"瀬之口町"}],"0857":[{"pref":"宮崎県","city":"延岡市","town":"惣領町"}],"0042":[{"pref":"宮崎県","city":"延岡市","town":"高千穂通"}],"0064":[{"pref":"宮崎県","city":"延岡市","town":"高野町"}],"0874":[{"pref":"宮崎県","city":"延岡市","town":"伊達町"}],"0824":[{"pref":"宮崎県","city":"延岡市","town":"中央通"}],"0836":[{"pref":"宮崎県","city":"延岡市","town":"恒富町"}],"0865":[{"pref":"宮崎県","city":"延岡市","town":"鶴ケ丘"}],"0811":[{"pref":"宮崎県","city":"延岡市","town":"天神小路"}],"0016":[{"pref":"宮崎県","city":"延岡市","town":"東海町"}],"0051":[{"pref":"宮崎県","city":"延岡市","town":"富美山町"}],"0031":[{"pref":"宮崎県","city":"延岡市","town":"中川原町"}],"0846":[{"pref":"宮崎県","city":"延岡市","town":"中島町"}],"0032":[{"pref":"宮崎県","city":"延岡市","town":"中の瀬町"}],"0823":[{"pref":"宮崎県","city":"延岡市","town":"中町"}],"0884":[{"pref":"宮崎県","city":"延岡市","town":"中三輪町"}],"0843":[{"pref":"宮崎県","city":"延岡市","town":"永池町"}],"0854":[{"pref":"宮崎県","city":"延岡市","town":"長浜町"}],"0005":[{"pref":"宮崎県","city":"延岡市","town":"夏田町"}],"0804":[{"pref":"宮崎県","city":"延岡市","town":"西階町"}],"0802":[{"pref":"宮崎県","city":"延岡市","town":"野地町"}],"0805":[{"pref":"宮崎県","city":"延岡市","town":"野田"}],"0801":[{"pref":"宮崎県","city":"延岡市","town":"野田町"}],"0052":[{"pref":"宮崎県","city":"延岡市","town":"萩町"}],"0044":[{"pref":"宮崎県","city":"延岡市","town":"博労町"}],"0851":[{"pref":"宮崎県","city":"延岡市","town":"浜砂"}],"0862":[{"pref":"宮崎県","city":"延岡市","town":"浜町"}],"0852":[{"pref":"宮崎県","city":"延岡市","town":"東浜砂町"}],"0813":[{"pref":"宮崎県","city":"延岡市","town":"東本小路"}],"0035":[{"pref":"宮崎県","city":"延岡市","town":"日の出町"}],"0861":[{"pref":"宮崎県","city":"延岡市","town":"別府町"}],"0065":[{"pref":"宮崎県","city":"延岡市","town":"平田町"}],"0866":[{"pref":"宮崎県","city":"延岡市","town":"平原町"}],"0022":[{"pref":"宮崎県","city":"延岡市","town":"二ツ島町"}],"0826":[{"pref":"宮崎県","city":"延岡市","town":"船倉町"}],"0063":[{"pref":"宮崎県","city":"延岡市","town":"古川町"}],"0837":[{"pref":"宮崎県","city":"延岡市","town":"古城町"}],"0853":[{"pref":"宮崎県","city":"延岡市","town":"方財町"}],"0082":[{"pref":"宮崎県","city":"延岡市","town":"祝子町"}],"0074":[{"pref":"宮崎県","city":"延岡市","town":"細見町"}],"0812":[{"pref":"宮崎県","city":"延岡市","town":"本小路"}],"0821":[{"pref":"宮崎県","city":"延岡市","town":"本町"}],"0066":[{"pref":"宮崎県","city":"延岡市","town":"舞野町"}],"0023":[{"pref":"宮崎県","city":"延岡市","town":"牧町"}],"0062":[{"pref":"宮崎県","city":"延岡市","town":"松山町"}],"0881":[{"pref":"宮崎県","city":"延岡市","town":"三須町"}],"0015":[{"pref":"宮崎県","city":"延岡市","town":"水尻町"}],"0842":[{"pref":"宮崎県","city":"延岡市","town":"三ツ瀬町"}],"0863":[{"pref":"宮崎県","city":"延岡市","town":"緑ケ丘"}],"0822":[{"pref":"宮崎県","city":"延岡市","town":"南町"}],"0092":[{"pref":"宮崎県","city":"延岡市","town":"宮長町"}],"0087":[{"pref":"宮崎県","city":"延岡市","town":"妙町"}],"0077":[{"pref":"宮崎県","city":"延岡市","town":"行縢町"}],"0021":[{"pref":"宮崎県","city":"延岡市","town":"無鹿町"}],"0094":[{"pref":"宮崎県","city":"延岡市","town":"安井町"}],"0815":[{"pref":"宮崎県","city":"延岡市","town":"柳沢町"}],"0055":[{"pref":"宮崎県","city":"延岡市","town":"山下町"}],"0037":[{"pref":"宮崎県","city":"延岡市","town":"山月町"}],"0083":[{"pref":"宮崎県","city":"延岡市","town":"柚木町"}],"0026":[{"pref":"宮崎県","city":"延岡市","town":"柚の木田町"}],"0072":[{"pref":"宮崎県","city":"延岡市","town":"吉野町"}],"0875":[{"pref":"宮崎県","city":"延岡市","town":"若葉町"}],"0400":[{"pref":"宮崎県","city":"西臼杵郡日之影町","town":"以下に掲載がない場合"}],"0302":[{"pref":"宮崎県","city":"西臼杵郡日之影町","town":"岩井川（境野）"}],"0402":[{"pref":"宮崎県","city":"西臼杵郡日之影町","town":"岩井川（その他）"}],"0301":[{"pref":"宮崎県","city":"西臼杵郡日之影町","town":"七折（阿下、笠戸、椛木、鹿川、新町、滝ノ内、中川、"},{"pref":"宮崎県","city":"西臼杵郡日之影町","town":"西ノ内、舟ノ尾、八戸、簗崎）"}],"0401":[{"pref":"宮崎県","city":"西臼杵郡日之影町","town":"七折（その他）"}],"0403":[{"pref":"宮崎県","city":"西臼杵郡日之影町","town":"見立"}],"0304":[{"pref":"宮崎県","city":"西臼杵郡日之影町","town":"分城"}]}