{"0000":[{"pref":"大阪府","city":"池田市","town":"以下に掲載がない場合"}],"0022":[{"pref":"大阪府","city":"池田市","town":"旭丘"}],"0051":[{"pref":"大阪府","city":"池田市","town":"綾羽"}],"0023":[{"pref":"大阪府","city":"池田市","town":"井口堂"}],"0032":[{"pref":"大阪府","city":"池田市","town":"石橋"}],"0027":[{"pref":"大阪府","city":"池田市","town":"上池田"}],"0042":[{"pref":"大阪府","city":"池田市","town":"宇保町"}],"0014":[{"pref":"大阪府","city":"池田市","town":"木部町"}],"0034":[{"pref":"大阪府","city":"池田市","town":"空港"}],"0048":[{"pref":"大阪府","city":"池田市","town":"呉服町"}],"0043":[{"pref":"大阪府","city":"池田市","town":"神田"}],"0058":[{"pref":"大阪府","city":"池田市","town":"栄本町"}],"0056":[{"pref":"大阪府","city":"池田市","town":"栄町"}],"0029":[{"pref":"大阪府","city":"池田市","town":"五月丘"}],"0028":[{"pref":"大阪府","city":"池田市","town":"渋谷"}],"0025":[{"pref":"大阪府","city":"池田市","town":"城南"}],"0052":[{"pref":"大阪府","city":"池田市","town":"城山町"}],"0050":[{"pref":"大阪府","city":"池田市","town":"新町"}],"0055":[{"pref":"大阪府","city":"池田市","town":"菅原町"}],"0033":[{"pref":"大阪府","city":"池田市","town":"住吉"}],"0038":[{"pref":"大阪府","city":"池田市","town":"荘園"}],"0044":[{"pref":"大阪府","city":"池田市","town":"ダイハツ町"}],"0054":[{"pref":"大阪府","city":"池田市","town":"大和町"}],"0053":[{"pref":"大阪府","city":"池田市","town":"建石町"}],"0057":[{"pref":"大阪府","city":"池田市","town":"槻木町"}],"0031":[{"pref":"大阪府","city":"池田市","town":"天神"}],"0035":[{"pref":"大阪府","city":"池田市","town":"豊島南"}],"0036":[{"pref":"大阪府","city":"池田市","town":"豊島北"}],"0013":[{"pref":"大阪府","city":"池田市","town":"中川原町"}],"0059":[{"pref":"大阪府","city":"池田市","town":"西本町"}],"0021":[{"pref":"大阪府","city":"池田市","town":"畑"}],"0037":[{"pref":"大阪府","city":"池田市","town":"八王寺"}],"0024":[{"pref":"大阪府","city":"池田市","town":"鉢塚"}],"0012":[{"pref":"大阪府","city":"池田市","town":"東山町"}],"0046":[{"pref":"大阪府","city":"池田市","town":"姫室町"}],"0017":[{"pref":"大阪府","city":"池田市","town":"伏尾台"}],"0011":[{"pref":"大阪府","city":"池田市","town":"伏尾町"}],"0015":[{"pref":"大阪府","city":"池田市","town":"古江町"}],"0041":[{"pref":"大阪府","city":"池田市","town":"満寿美町"}],"0026":[{"pref":"大阪府","city":"池田市","town":"緑丘"}],"0047":[{"pref":"大阪府","city":"池田市","town":"室町"}],"0045":[{"pref":"大阪府","city":"池田市","town":"桃園"}],"0016":[{"pref":"大阪府","city":"池田市","town":"吉田町"}],"0251":[{"pref":"大阪府","city":"箕面市","town":"上止々呂美"}],"0252":[{"pref":"大阪府","city":"箕面市","town":"下止々呂美"}],"0256":[{"pref":"大阪府","city":"箕面市","town":"森町北"}],"0257":[{"pref":"大阪府","city":"箕面市","town":"森町中"}],"0255":[{"pref":"大阪府","city":"箕面市","town":"森町西"}],"0258":[{"pref":"大阪府","city":"箕面市","town":"森町南"}],"0100":[{"pref":"大阪府","city":"豊能郡豊能町","town":"以下に掲載がない場合"}],"0217":[{"pref":"大阪府","city":"豊能郡豊能町","town":"川尻"}],"0215":[{"pref":"大阪府","city":"豊能郡豊能町","town":"木代"}],"0214":[{"pref":"大阪府","city":"豊能郡豊能町","town":"希望ケ丘"}],"0213":[{"pref":"大阪府","city":"豊能郡豊能町","town":"切畑"}],"0104":[{"pref":"大阪府","city":"豊能郡豊能町","town":"光風台"}],"0105":[{"pref":"大阪府","city":"豊能郡豊能町","town":"新光風台"}],"0216":[{"pref":"大阪府","city":"豊能郡豊能町","town":"高山"}],"0212":[{"pref":"大阪府","city":"豊能郡豊能町","town":"寺田"}],"0102":[{"pref":"大阪府","city":"豊能郡豊能町","town":"ときわ台"}],"0218":[{"pref":"大阪府","city":"豊能郡豊能町","town":"野間口"}],"0103":[{"pref":"大阪府","city":"豊能郡豊能町","town":"東ときわ台"}],"0211":[{"pref":"大阪府","city":"豊能郡豊能町","town":"牧"}],"0101":[{"pref":"大阪府","city":"豊能郡豊能町","town":"吉川"}],"0219":[{"pref":"大阪府","city":"豊能郡豊能町","town":"余野"}],"0300":[{"pref":"大阪府","city":"豊能郡能勢町","town":"以下に掲載がない場合"}],"0363":[{"pref":"大阪府","city":"豊能郡能勢町","town":"稲地"}],"0361":[{"pref":"大阪府","city":"豊能郡能勢町","town":"今西"}],"0365":[{"pref":"大阪府","city":"豊能郡能勢町","town":"上杉"}],"0352":[{"pref":"大阪府","city":"豊能郡能勢町","town":"大里"}],"0353":[{"pref":"大阪府","city":"豊能郡能勢町","town":"柏原"}],"0354":[{"pref":"大阪府","city":"豊能郡能勢町","town":"片山"}],"0122":[{"pref":"大阪府","city":"豊能郡能勢町","town":"上田尻"}],"0113":[{"pref":"大阪府","city":"豊能郡能勢町","town":"倉垣"}],"0351":[{"pref":"大阪府","city":"豊能郡能勢町","town":"栗栖"}],"0367":[{"pref":"大阪府","city":"豊能郡能勢町","town":"神山"}],"0121":[{"pref":"大阪府","city":"豊能郡能勢町","town":"地黄"}],"0123":[{"pref":"大阪府","city":"豊能郡能勢町","town":"下田尻"}],"0355":[{"pref":"大阪府","city":"豊能郡能勢町","town":"下田"}],"0341":[{"pref":"大阪府","city":"豊能郡能勢町","town":"宿野"}],"0112":[{"pref":"大阪府","city":"豊能郡能勢町","town":"杉原"}],"0366":[{"pref":"大阪府","city":"豊能郡能勢町","town":"垂水"}],"0371":[{"pref":"大阪府","city":"豊能郡能勢町","town":"天王"}],"0368":[{"pref":"大阪府","city":"豊能郡能勢町","town":"長谷"}],"0133":[{"pref":"大阪府","city":"豊能郡能勢町","town":"野間稲地"}],"0131":[{"pref":"大阪府","city":"豊能郡能勢町","town":"野間大原"}],"0134":[{"pref":"大阪府","city":"豊能郡能勢町","town":"野間出野"}],"0132":[{"pref":"大阪府","city":"豊能郡能勢町","town":"野間中"}],"0135":[{"pref":"大阪府","city":"豊能郡能勢町","town":"野間西山"}],"0356":[{"pref":"大阪府","city":"豊能郡能勢町","town":"平通"}],"0364":[{"pref":"大阪府","city":"豊能郡能勢町","town":"平野"}],"0362":[{"pref":"大阪府","city":"豊能郡能勢町","town":"森上"}],"0114":[{"pref":"大阪府","city":"豊能郡能勢町","town":"山内"}],"0373":[{"pref":"大阪府","city":"豊能郡能勢町","town":"山田"}],"0372":[{"pref":"大阪府","city":"豊能郡能勢町","town":"山辺"}],"0111":[{"pref":"大阪府","city":"豊能郡能勢町","town":"吉野"}],"0801":[{"pref":"兵庫県","city":"伊丹市","town":"小阪田（食田）"}]}