{"0814":[{"pref":"東京都","city":"八王子市","town":"泉町"}],"0802":[{"pref":"東京都","city":"八王子市","town":"犬目町"}],"0841":[{"pref":"東京都","city":"八王子市","town":"裏高尾町"}],"0935":[{"pref":"東京都","city":"八王子市","town":"大船町"}],"0815":[{"pref":"東京都","city":"八王子市","town":"叶谷町"}],"0811":[{"pref":"東京都","city":"八王子市","town":"上壱分方町"}],"0801":[{"pref":"東京都","city":"八王子市","town":"川口町"}],"0821":[{"pref":"東京都","city":"八王子市","town":"川町"}],"0804":[{"pref":"東京都","city":"八王子市","town":"清川町"}],"0942":[{"pref":"東京都","city":"八王子市","town":"椚田町"}],"0934":[{"pref":"東京都","city":"八王子市","town":"小比企町"}],"0832":[{"pref":"東京都","city":"八王子市","town":"散田町"}],"0825":[{"pref":"東京都","city":"八王子市","town":"城山手"}],"0812":[{"pref":"東京都","city":"八王子市","town":"諏訪町"}],"0835":[{"pref":"東京都","city":"八王子市","town":"千人町"}],"0931":[{"pref":"東京都","city":"八王子市","town":"台町"}],"0816":[{"pref":"東京都","city":"八王子市","town":"大楽寺町"}],"0844":[{"pref":"東京都","city":"八王子市","town":"高尾町"}],"0944":[{"pref":"東京都","city":"八王子市","town":"館町"}],"0943":[{"pref":"東京都","city":"八王子市","town":"寺田町"}],"0843":[{"pref":"東京都","city":"八王子市","town":"廿里町"}],"0824":[{"pref":"東京都","city":"八王子市","town":"長房町"}],"0831":[{"pref":"東京都","city":"八王子市","town":"並木町"}],"0803":[{"pref":"東京都","city":"八王子市","town":"楢原町"}],"0842":[{"pref":"東京都","city":"八王子市","town":"西浅川町"}],"0822":[{"pref":"東京都","city":"八王子市","town":"弐分方町"}],"0941":[{"pref":"東京都","city":"八王子市","town":"狭間町"}],"0845":[{"pref":"東京都","city":"八王子市","town":"初沢町"}],"0834":[{"pref":"東京都","city":"八王子市","town":"東浅川町"}],"0836":[{"pref":"東京都","city":"八王子市","town":"日吉町"}],"0932":[{"pref":"東京都","city":"八王子市","town":"緑町"}],"0846":[{"pref":"東京都","city":"八王子市","town":"南浅川町"}],"0833":[{"pref":"東京都","city":"八王子市","town":"めじろ台"}],"0826":[{"pref":"東京都","city":"八王子市","town":"元八王子町"}],"0933":[{"pref":"東京都","city":"八王子市","town":"山田町"}],"0823":[{"pref":"東京都","city":"八王子市","town":"横川町"}],"0813":[{"pref":"東京都","city":"八王子市","town":"四谷町"}]}