{"0000":[{"pref":"奈良県","city":"大和高田市","town":"以下に掲載がない場合"},{"pref":"奈良県","city":"北葛城郡広陵町","town":"以下に掲載がない場合"}],"0053":[{"pref":"奈良県","city":"大和高田市","town":"秋吉"}],"0012":[{"pref":"奈良県","city":"大和高田市","town":"曙町"}],"0035":[{"pref":"奈良県","city":"大和高田市","town":"旭南町"}],"0036":[{"pref":"奈良県","city":"大和高田市","town":"旭北町"}],"0072":[{"pref":"奈良県","city":"大和高田市","town":"有井"}],"0021":[{"pref":"奈良県","city":"大和高田市","town":"池尻"}],"0077":[{"pref":"奈良県","city":"大和高田市","town":"池田"}],"0093":[{"pref":"奈良県","city":"大和高田市","town":"礒野"},{"pref":"奈良県","city":"大和高田市","town":"礒野町"}],"0063":[{"pref":"奈良県","city":"大和高田市","town":"礒野新町"}],"0061":[{"pref":"奈良県","city":"大和高田市","town":"礒野東町"}],"0062":[{"pref":"奈良県","city":"大和高田市","town":"礒野南町"}],"0094":[{"pref":"奈良県","city":"大和高田市","town":"礒野北町"}],"0074":[{"pref":"奈良県","city":"大和高田市","town":"市場"}],"0043":[{"pref":"奈良県","city":"大和高田市","town":"出"}],"0031":[{"pref":"奈良県","city":"大和高田市","town":"今里"},{"pref":"奈良県","city":"大和高田市","town":"今里町"}],"0032":[{"pref":"奈良県","city":"大和高田市","town":"今里川合方"}],"0087":[{"pref":"奈良県","city":"大和高田市","town":"内本町"}],"0083":[{"pref":"奈良県","city":"大和高田市","town":"永和町"}],"0076":[{"pref":"奈良県","city":"大和高田市","town":"大谷"}],"0095":[{"pref":"奈良県","city":"大和高田市","town":"大中"}],"0091":[{"pref":"奈良県","city":"大和高田市","town":"大中東町"}],"0092":[{"pref":"奈良県","city":"大和高田市","town":"大中南町"}],"0016":[{"pref":"奈良県","city":"大和高田市","town":"大東町"}],"0073":[{"pref":"奈良県","city":"大和高田市","town":"岡崎"}],"0052":[{"pref":"奈良県","city":"大和高田市","town":"奥田"}],"0042":[{"pref":"奈良県","city":"大和高田市","town":"勝目"}],"0067":[{"pref":"奈良県","city":"大和高田市","town":"春日町"}],"0085":[{"pref":"奈良県","city":"大和高田市","town":"片塩町"}],"0056":[{"pref":"奈良県","city":"大和高田市","town":"甘田町"}],"0084":[{"pref":"奈良県","city":"大和高田市","town":"北片塩町"}],"0097":[{"pref":"奈良県","city":"大和高田市","town":"北本町"}],"0044":[{"pref":"奈良県","city":"大和高田市","town":"蔵之宮町"}],"0011":[{"pref":"奈良県","city":"大和高田市","town":"材木町"}],"0015":[{"pref":"奈良県","city":"大和高田市","town":"幸町"}],"0064":[{"pref":"奈良県","city":"大和高田市","town":"栄町"}],"0014":[{"pref":"奈良県","city":"大和高田市","town":"三和町"}],"0017":[{"pref":"奈良県","city":"大和高田市","town":"東雲町"}],"0013":[{"pref":"奈良県","city":"大和高田市","town":"昭和町"}],"0025":[{"pref":"奈良県","city":"大和高田市","town":"神楽（丁目）"}],"0026":[{"pref":"奈良県","city":"大和高田市","town":"神楽（番地）"}],"0055":[{"pref":"奈良県","city":"大和高田市","town":"曽大根（丁目）"}],"0054":[{"pref":"奈良県","city":"大和高田市","town":"曽大根（番地）"}],"0041":[{"pref":"奈良県","city":"大和高田市","town":"田井"}],"0047":[{"pref":"奈良県","city":"大和高田市","town":"田井新町"}],"0081":[{"pref":"奈良県","city":"大和高田市","town":"高砂町"}],"0022":[{"pref":"奈良県","city":"大和高田市","town":"高田"},{"pref":"奈良県","city":"大和高田市","town":"日之出町"}],"0071":[{"pref":"奈良県","city":"大和高田市","town":"築山"}],"0002":[{"pref":"奈良県","city":"大和高田市","town":"土庫（丁目）"}],"0003":[{"pref":"奈良県","city":"大和高田市","town":"土庫（番地）"}],"0037":[{"pref":"奈良県","city":"大和高田市","town":"中今里町"}],"0045":[{"pref":"奈良県","city":"大和高田市","town":"中三倉堂"}],"0057":[{"pref":"奈良県","city":"大和高田市","town":"南陽町"}],"0058":[{"pref":"奈良県","city":"大和高田市","town":"西坊城"}],"0096":[{"pref":"奈良県","city":"大和高田市","town":"西町"}],"0046":[{"pref":"奈良県","city":"大和高田市","town":"西三倉堂"}],"0051":[{"pref":"奈良県","city":"大和高田市","town":"根成柿"}],"0075":[{"pref":"奈良県","city":"大和高田市","town":"野口"}],"0065":[{"pref":"奈良県","city":"大和高田市","town":"東中（丁目）"}],"0066":[{"pref":"奈良県","city":"大和高田市","town":"東中（番地）"}],"0034":[{"pref":"奈良県","city":"大和高田市","town":"東三倉堂町"}],"0023":[{"pref":"奈良県","city":"大和高田市","town":"日之出東本町"}],"0024":[{"pref":"奈良県","city":"大和高田市","town":"日之出西本町"}],"0004":[{"pref":"奈良県","city":"大和高田市","town":"藤森"}],"0082":[{"pref":"奈良県","city":"大和高田市","town":"本郷町"}],"0001":[{"pref":"奈良県","city":"大和高田市","town":"松塚"}],"0033":[{"pref":"奈良県","city":"大和高田市","town":"南今里町"}],"0086":[{"pref":"奈良県","city":"大和高田市","town":"南本町"}],"0059":[{"pref":"奈良県","city":"大和高田市","town":"吉井"}],"0100":[{"pref":"奈良県","city":"高市郡高取町","town":"以下に掲載がない場合"}],"0123":[{"pref":"奈良県","city":"高市郡高取町","town":"市尾"}],"0144":[{"pref":"奈良県","city":"高市郡高取町","town":"越智"}],"0104":[{"pref":"奈良県","city":"高市郡高取町","town":"上子島"}],"0152":[{"pref":"奈良県","city":"高市郡高取町","town":"上土佐"}],"0154":[{"pref":"奈良県","city":"高市郡高取町","town":"観覚寺"}],"0133":[{"pref":"奈良県","city":"高市郡高取町","town":"吉備"}],"0143":[{"pref":"奈良県","city":"高市郡高取町","town":"車木"}],"0131":[{"pref":"奈良県","city":"高市郡高取町","town":"佐田"}],"0134":[{"pref":"奈良県","city":"高市郡高取町","town":"薩摩"}],"0103":[{"pref":"奈良県","city":"高市郡高取町","town":"清水谷"}],"0151":[{"pref":"奈良県","city":"高市郡高取町","town":"下子島"}],"0153":[{"pref":"奈良県","city":"高市郡高取町","town":"下土佐"}],"0135":[{"pref":"奈良県","city":"高市郡高取町","town":"田井庄"}],"0101":[{"pref":"奈良県","city":"高市郡高取町","town":"高取"}],"0102":[{"pref":"奈良県","city":"高市郡高取町","town":"壺阪"}],"0142":[{"pref":"奈良県","city":"高市郡高取町","town":"寺崎"}],"0121":[{"pref":"奈良県","city":"高市郡高取町","town":"丹生谷"}],"0136":[{"pref":"奈良県","city":"高市郡高取町","town":"兵庫"}],"0112":[{"pref":"奈良県","city":"高市郡高取町","town":"藤井"}],"0113":[{"pref":"奈良県","city":"高市郡高取町","town":"羽内"}],"0111":[{"pref":"奈良県","city":"高市郡高取町","town":"松山"}],"0132":[{"pref":"奈良県","city":"高市郡高取町","town":"森"}],"0122":[{"pref":"奈良県","city":"高市郡高取町","town":"谷田"}],"0141":[{"pref":"奈良県","city":"高市郡高取町","town":"与楽"}],"0825":[{"pref":"奈良県","city":"北葛城郡広陵町","town":"安部"}],"0831":[{"pref":"奈良県","city":"北葛城郡広陵町","town":"馬見北"}],"0832":[{"pref":"奈良県","city":"北葛城郡広陵町","town":"馬見中"}],"0833":[{"pref":"奈良県","city":"北葛城郡広陵町","town":"馬見南"}],"0834":[{"pref":"奈良県","city":"北葛城郡広陵町","town":"大塚"}],"0803":[{"pref":"奈良県","city":"北葛城郡広陵町","town":"大野"}],"0801":[{"pref":"奈良県","city":"北葛城郡広陵町","town":"大場"}],"0821":[{"pref":"奈良県","city":"北葛城郡広陵町","town":"笠"}],"0805":[{"pref":"奈良県","city":"北葛城郡広陵町","town":"萱野"}],"0813":[{"pref":"奈良県","city":"北葛城郡広陵町","town":"百済"}],"0815":[{"pref":"奈良県","city":"北葛城郡広陵町","town":"古寺"}],"0804":[{"pref":"奈良県","city":"北葛城郡広陵町","town":"沢"}],"0817":[{"pref":"奈良県","city":"北葛城郡広陵町","town":"寺戸"}],"0816":[{"pref":"奈良県","city":"北葛城郡広陵町","town":"中"}],"0814":[{"pref":"奈良県","city":"北葛城郡広陵町","town":"南郷"}],"0824":[{"pref":"奈良県","city":"北葛城郡広陵町","town":"疋相"}],"0822":[{"pref":"奈良県","city":"北葛城郡広陵町","town":"平尾"}],"0812":[{"pref":"奈良県","city":"北葛城郡広陵町","town":"広瀬"}],"0811":[{"pref":"奈良県","city":"北葛城郡広陵町","town":"弁財天"}],"0802":[{"pref":"奈良県","city":"北葛城郡広陵町","town":"的場"}],"0835":[{"pref":"奈良県","city":"北葛城郡広陵町","town":"みささぎ台"}],"0823":[{"pref":"奈良県","city":"北葛城郡広陵町","town":"三吉"}],"0818":[{"pref":"奈良県","city":"北葛城郡広陵町","town":"南"}]}