{"0000":[{"pref":"愛知県","city":"蒲郡市","town":"以下に掲載がない場合"}],"0045":[{"pref":"愛知県","city":"蒲郡市","town":"旭町"}],"0051":[{"pref":"愛知県","city":"蒲郡市","town":"新井形町"}],"0052":[{"pref":"愛知県","city":"蒲郡市","town":"新井町"}],"0101":[{"pref":"愛知県","city":"蒲郡市","town":"一色町"}],"0058":[{"pref":"愛知県","city":"蒲郡市","town":"上本町"}],"0013":[{"pref":"愛知県","city":"蒲郡市","town":"大塚町"}],"0014":[{"pref":"愛知県","city":"蒲郡市","town":"海陽町"}],"0037":[{"pref":"愛知県","city":"蒲郡市","town":"鹿島町"}],"0008":[{"pref":"愛知県","city":"蒲郡市","town":"柏原町"}],"0104":[{"pref":"愛知県","city":"蒲郡市","town":"形原町"}],"0106":[{"pref":"愛知県","city":"蒲郡市","town":"形原町春日浦"}],"0103":[{"pref":"愛知県","city":"蒲郡市","town":"形原町北浜"}],"0102":[{"pref":"愛知県","city":"蒲郡市","town":"金平町"}],"0006":[{"pref":"愛知県","city":"蒲郡市","town":"蒲郡町"}],"0007":[{"pref":"愛知県","city":"蒲郡市","town":"神ノ郷町"}],"0003":[{"pref":"愛知県","city":"蒲郡市","town":"五井町"}],"0035":[{"pref":"愛知県","city":"蒲郡市","town":"栄町"}],"0001":[{"pref":"愛知県","city":"蒲郡市","town":"坂本町"}],"0012":[{"pref":"愛知県","city":"蒲郡市","town":"相楽町"}],"0056":[{"pref":"愛知県","city":"蒲郡市","town":"神明町"}],"0002":[{"pref":"愛知県","city":"蒲郡市","town":"清田町"}],"0044":[{"pref":"愛知県","city":"蒲郡市","town":"宝町"}],"0031":[{"pref":"愛知県","city":"蒲郡市","town":"竹島町"}],"0046":[{"pref":"愛知県","city":"蒲郡市","town":"竹谷町"}],"0057":[{"pref":"愛知県","city":"蒲郡市","town":"中央本町"}],"0011":[{"pref":"愛知県","city":"蒲郡市","town":"豊岡町"}],"0105":[{"pref":"愛知県","city":"蒲郡市","town":"西浦町"}],"0047":[{"pref":"愛知県","city":"蒲郡市","town":"西迫町"}],"0036":[{"pref":"愛知県","city":"蒲郡市","town":"浜町"}],"0004":[{"pref":"愛知県","city":"蒲郡市","town":"平田町"}],"0038":[{"pref":"愛知県","city":"蒲郡市","town":"拾石町"}],"0054":[{"pref":"愛知県","city":"蒲郡市","town":"府相町"}],"0053":[{"pref":"愛知県","city":"蒲郡市","town":"堀込町"}],"0059":[{"pref":"愛知県","city":"蒲郡市","town":"本町"}],"0033":[{"pref":"愛知県","city":"蒲郡市","town":"松原町"}],"0032":[{"pref":"愛知県","city":"蒲郡市","town":"丸山町"}],"0005":[{"pref":"愛知県","city":"蒲郡市","town":"水竹町"}],"0048":[{"pref":"愛知県","city":"蒲郡市","town":"緑町"}],"0034":[{"pref":"愛知県","city":"蒲郡市","town":"港町"}],"0022":[{"pref":"愛知県","city":"蒲郡市","town":"三谷北通"}],"0021":[{"pref":"愛知県","city":"蒲郡市","town":"三谷町"}],"0041":[{"pref":"愛知県","city":"蒲郡市","town":"宮成町"}],"0042":[{"pref":"愛知県","city":"蒲郡市","town":"御幸町"}],"0043":[{"pref":"愛知県","city":"蒲郡市","town":"元町"}],"0055":[{"pref":"愛知県","city":"蒲郡市","town":"八百富町"}]}