{"0000":[{"pref":"富山県","city":"高岡市","town":"以下に掲載がない場合"}],"0061":[{"pref":"富山県","city":"高岡市","town":"青葉町"}],"0805":[{"pref":"富山県","city":"高岡市","town":"赤江町"}],"0806":[{"pref":"富山県","city":"高岡市","town":"赤祖父"}],"0015":[{"pref":"富山県","city":"高岡市","town":"明園町"}],"0905":[{"pref":"富山県","city":"高岡市","town":"明野町"}],"0072":[{"pref":"富山県","city":"高岡市","town":"旭ケ丘"}],"0353":[{"pref":"富山県","city":"高岡市","town":"麻生谷"}],"0877":[{"pref":"富山県","city":"高岡市","town":"荒川町"}],"0833":[{"pref":"富山県","city":"高岡市","town":"荒見崎"}],"0319":[{"pref":"富山県","city":"高岡市","town":"荒屋敷"}],"0911":[{"pref":"富山県","city":"高岡市","town":"あわら町"}],"0306":[{"pref":"富山県","city":"高岡市","town":"五十辺"}],"0973":[{"pref":"富山県","city":"高岡市","town":"五十里"}],"0972":[{"pref":"富山県","city":"高岡市","town":"五十里東町"}],"0971":[{"pref":"富山県","city":"高岡市","town":"五十里西町"}],"0807":[{"pref":"富山県","city":"高岡市","town":"井口本江"}],"0318":[{"pref":"富山県","city":"高岡市","town":"池田"}],"0011":[{"pref":"富山県","city":"高岡市","town":"石瀬"}],"0836":[{"pref":"富山県","city":"高岡市","town":"石塚"}],"0355":[{"pref":"富山県","city":"高岡市","town":"石堤"}],"0827":[{"pref":"富山県","city":"高岡市","town":"泉が丘"}],"0858":[{"pref":"富山県","city":"高岡市","town":"泉町"}],"0855":[{"pref":"富山県","city":"高岡市","town":"市場通り"}],"0923":[{"pref":"富山県","city":"高岡市","town":"一番町"}],"0335":[{"pref":"富山県","city":"高岡市","town":"今市"}],"0974":[{"pref":"富山県","city":"高岡市","town":"岩坪"}],"0328":[{"pref":"富山県","city":"高岡市","town":"内島"}],"0843":[{"pref":"富山県","city":"高岡市","town":"永楽町"}],"0871":[{"pref":"富山県","city":"高岡市","town":"駅南"}],"0062":[{"pref":"富山県","city":"高岡市","town":"江尻"}],"0065":[{"pref":"富山県","city":"高岡市","town":"江尻白山町"}],"0305":[{"pref":"富山県","city":"高岡市","town":"江道"}],"0846":[{"pref":"富山県","city":"高岡市","town":"扇町"}],"0133":[{"pref":"富山県","city":"高岡市","town":"太田"}],"0135":[{"pref":"富山県","city":"高岡市","town":"太田（雨晴）"}],"0134":[{"pref":"富山県","city":"高岡市","town":"太田（辰ノ口）"},{"pref":"富山県","city":"高岡市","town":"太田（旦保）"}],"0132":[{"pref":"富山県","city":"高岡市","town":"太田（中村）"}],"0131":[{"pref":"富山県","city":"高岡市","town":"太田伊勢領"}],"0137":[{"pref":"富山県","city":"高岡市","town":"太田谷内"},{"pref":"富山県","city":"高岡市","town":"西田"}],"0138":[{"pref":"富山県","city":"高岡市","town":"太田山岸"}],"0918":[{"pref":"富山県","city":"高岡市","town":"大坪町"}],"0039":[{"pref":"富山県","city":"高岡市","town":"大手町"}],"0016":[{"pref":"富山県","city":"高岡市","town":"大野"}],"0916":[{"pref":"富山県","city":"高岡市","town":"大町"}],"0867":[{"pref":"富山県","city":"高岡市","town":"大鋸屋町"}],"0073":[{"pref":"富山県","city":"高岡市","town":"荻布"}],"0074":[{"pref":"富山県","city":"高岡市","town":"荻布新町"}],"0078":[{"pref":"富山県","city":"高岡市","town":"荻布四つ葉町"}],"0332":[{"pref":"富山県","city":"高岡市","town":"小竹"}],"0029":[{"pref":"富山県","city":"高岡市","town":"御旅屋町"}],"0926":[{"pref":"富山県","city":"高岡市","town":"御馬出町"}],"0909":[{"pref":"富山県","city":"高岡市","town":"開発本町"}],"0066":[{"pref":"富山県","city":"高岡市","town":"春日丘"}],"0027":[{"pref":"富山県","city":"高岡市","town":"片原中島町"}],"0025":[{"pref":"富山県","city":"高岡市","town":"片原横町"}],"0026":[{"pref":"富山県","city":"高岡市","town":"片原町"}],"0945":[{"pref":"富山県","city":"高岡市","town":"金屋本町"}],"0841":[{"pref":"富山県","city":"高岡市","town":"金屋町"}],"0856":[{"pref":"富山県","city":"高岡市","town":"鐘紡町"}],"0336":[{"pref":"富山県","city":"高岡市","town":"上開発"}],"0837":[{"pref":"富山県","city":"高岡市","town":"上北島"}],"0853":[{"pref":"富山県","city":"高岡市","town":"上黒田"},{"pref":"富山県","city":"高岡市","town":"上黒田新"}],"0851":[{"pref":"富山県","city":"高岡市","town":"上関"},{"pref":"富山県","city":"高岡市","town":"上関町"}],"0963":[{"pref":"富山県","city":"高岡市","town":"上八ケ新"}],"0814":[{"pref":"富山県","city":"高岡市","town":"上伏間江"}],"0948":[{"pref":"富山県","city":"高岡市","town":"上四屋"}],"0341":[{"pref":"富山県","city":"高岡市","town":"上渡"}],"0932":[{"pref":"富山県","city":"高岡市","town":"鴨島町"}],"0943":[{"pref":"富山県","city":"高岡市","town":"川原本町"}],"0942":[{"pref":"富山県","city":"高岡市","town":"川原町"}],"0875":[{"pref":"富山県","city":"高岡市","town":"神田新町"}],"0876":[{"pref":"富山県","city":"高岡市","town":"神主町"}],"0823":[{"pref":"富山県","city":"高岡市","town":"北蔵新"}],"0838":[{"pref":"富山県","city":"高岡市","town":"北島"}],"0052":[{"pref":"富山県","city":"高岡市","town":"北定塚"}],"0857":[{"pref":"富山県","city":"高岡市","town":"木津"}],"0929":[{"pref":"富山県","city":"高岡市","town":"木舟町"}],"0908":[{"pref":"富山県","city":"高岡市","town":"木町"}],"0874":[{"pref":"富山県","city":"高岡市","town":"京田"}],"0917":[{"pref":"富山県","city":"高岡市","town":"京町"}],"0036":[{"pref":"富山県","city":"高岡市","town":"桐木町"}],"0968":[{"pref":"富山県","city":"高岡市","town":"国吉"}],"0903":[{"pref":"富山県","city":"高岡市","town":"熊野町"}],"0834":[{"pref":"富山県","city":"高岡市","town":"蔵野町"}],"0854":[{"pref":"富山県","city":"高岡市","town":"黒田新町"}],"0921":[{"pref":"富山県","city":"高岡市","town":"源平町"}],"0067":[{"pref":"富山県","city":"高岡市","town":"高伏町"}],"0018":[{"pref":"富山県","city":"高岡市","town":"高陵町"}],"0044":[{"pref":"富山県","city":"高岡市","town":"古城"}],"0906":[{"pref":"富山県","city":"高岡市","town":"五福町"}],"0338":[{"pref":"富山県","city":"高岡市","town":"駒方"}],"0914":[{"pref":"富山県","city":"高岡市","town":"小馬出町"}],"0008":[{"pref":"富山県","city":"高岡市","town":"材木町"}],"0304":[{"pref":"富山県","city":"高岡市","town":"境"}],"0038":[{"pref":"富山県","city":"高岡市","town":"坂下町"}],"0961":[{"pref":"富山県","city":"高岡市","town":"佐加野"}],"0962":[{"pref":"富山県","city":"高岡市","town":"佐加野東"}],"0344":[{"pref":"富山県","city":"高岡市","town":"笹川"}],"0307":[{"pref":"富山県","city":"高岡市","town":"笹八口"}],"0826":[{"pref":"富山県","city":"高岡市","town":"佐野"}],"0825":[{"pref":"富山県","city":"高岡市","town":"佐野緑町"}],"0334":[{"pref":"富山県","city":"高岡市","town":"三ケ"}],"0922":[{"pref":"富山県","city":"高岡市","town":"三番町"}],"0013":[{"pref":"富山県","city":"高岡市","town":"三女子"}],"0068":[{"pref":"富山県","city":"高岡市","town":"志貴野しらとり台"}],"0907":[{"pref":"富山県","city":"高岡市","town":"地子木町"}],"0952":[{"pref":"富山県","city":"高岡市","town":"下窪"}],"0357":[{"pref":"富山県","city":"高岡市","town":"柴野"}],"0327":[{"pref":"富山県","city":"高岡市","town":"柴野内島"}],"0329":[{"pref":"富山県","city":"高岡市","town":"柴野内島（柴園町）"}],"0136":[{"pref":"富山県","city":"高岡市","town":"渋谷"}],"0976":[{"pref":"富山県","city":"高岡市","town":"島崎"}],"0866":[{"pref":"富山県","city":"高岡市","town":"清水町"}],"0852":[{"pref":"富山県","city":"高岡市","town":"下黒田"}],"0821":[{"pref":"富山県","city":"高岡市","town":"下島町"}],"0860":[{"pref":"富山県","city":"高岡市","town":"下関"}],"0021":[{"pref":"富山県","city":"高岡市","town":"下関町"}],"0813":[{"pref":"富山県","city":"高岡市","town":"下伏間江"}],"0822":[{"pref":"富山県","city":"高岡市","town":"十二町島"}],"0983":[{"pref":"富山県","city":"高岡市","town":"守護町"},{"pref":"富山県","city":"高岡市","town":"守護町新"}],"0126":[{"pref":"富山県","city":"高岡市","town":"城光寺"}],"0037":[{"pref":"富山県","city":"高岡市","town":"定塚"}],"0032":[{"pref":"富山県","city":"高岡市","town":"定塚町"}],"0041":[{"pref":"富山県","city":"高岡市","town":"城東"}],"0053":[{"pref":"富山県","city":"高岡市","town":"城北町"}],"0946":[{"pref":"富山県","city":"高岡市","town":"昭和町"}],"0925":[{"pref":"富山県","city":"高岡市","town":"白銀町"}],"0022":[{"pref":"富山県","city":"高岡市","town":"白金町"}],"0316":[{"pref":"富山県","city":"高岡市","town":"新栄町"}],"0904":[{"pref":"富山県","city":"高岡市","town":"新成町"}],"0862":[{"pref":"富山県","city":"高岡市","town":"新寺町"}],"0075":[{"pref":"富山県","city":"高岡市","town":"新能町"}],"0035":[{"pref":"富山県","city":"高岡市","town":"新横町"}],"0023":[{"pref":"富山県","city":"高岡市","town":"末広町"}],"0978":[{"pref":"富山県","city":"高岡市","town":"頭川"}],"0985":[{"pref":"富山県","city":"高岡市","town":"須田"}],"0869":[{"pref":"富山県","city":"高岡市","town":"関大町"}],"0863":[{"pref":"富山県","city":"高岡市","town":"関本町"}],"0864":[{"pref":"富山県","city":"高岡市","town":"関町"}],"0915":[{"pref":"富山県","city":"高岡市","town":"千木屋町"}],"0847":[{"pref":"富山県","city":"高岡市","town":"千石町"}],"0868":[{"pref":"富山県","city":"高岡市","town":"大工中町"}],"0311":[{"pref":"富山県","city":"高岡市","town":"大源寺"}],"0312":[{"pref":"富山県","city":"高岡市","town":"大源寺（大源寺新町）"}],"0028":[{"pref":"富山県","city":"高岡市","town":"大福院"}],"0034":[{"pref":"富山県","city":"高岡市","town":"大仏町"}],"0808":[{"pref":"富山県","city":"高岡市","town":"高園町"}],"0965":[{"pref":"富山県","city":"高岡市","town":"高辻"}],"0124":[{"pref":"富山県","city":"高岡市","town":"高美町"}],"0343":[{"pref":"富山県","city":"高岡市","town":"宝来町"}],"0064":[{"pref":"富山県","city":"高岡市","town":"宝町"}],"0325":[{"pref":"富山県","city":"高岡市","town":"立野"}],"0324":[{"pref":"富山県","city":"高岡市","town":"立野（高池町）"}],"0326":[{"pref":"富山県","city":"高岡市","town":"立野美鳥町"}],"0967":[{"pref":"富山県","city":"高岡市","town":"手洗野"}],"0337":[{"pref":"富山県","city":"高岡市","town":"千鳥丘町"}],"0030":[{"pref":"富山県","city":"高岡市","town":"中央町"}],"0951":[{"pref":"富山県","city":"高岡市","town":"長慶寺"}],"0966":[{"pref":"富山県","city":"高岡市","town":"月野谷"}],"0835":[{"pref":"富山県","city":"高岡市","town":"辻"}],"0007":[{"pref":"富山県","city":"高岡市","town":"角"}],"0006":[{"pref":"富山県","city":"高岡市","town":"角三島"}],"0063":[{"pref":"富山県","city":"高岡市","town":"鶴寄町"}],"0803":[{"pref":"富山県","city":"高岡市","town":"出来田"}],"0809":[{"pref":"富山県","city":"高岡市","town":"出来田新町"}],"0861":[{"pref":"富山県","city":"高岡市","town":"寺町"}],"0352":[{"pref":"富山県","city":"高岡市","town":"十日市"}],"0964":[{"pref":"富山県","city":"高岡市","town":"答野島"}],"0975":[{"pref":"富山県","city":"高岡市","town":"答野出"}],"0937":[{"pref":"富山県","city":"高岡市","town":"通町"}],"0927":[{"pref":"富山県","city":"高岡市","town":"利屋町"}],"0001":[{"pref":"富山県","city":"高岡市","town":"富岡町"}],"0804":[{"pref":"富山県","city":"高岡市","town":"問屋町"}],"0941":[{"pref":"富山県","city":"高岡市","town":"内免"}],"0959":[{"pref":"富山県","city":"高岡市","town":"長江"}],"0056":[{"pref":"富山県","city":"高岡市","town":"中川"}],"0043":[{"pref":"富山県","city":"高岡市","town":"中川上町"}],"0042":[{"pref":"富山県","city":"高岡市","town":"中川栄町"}],"0055":[{"pref":"富山県","city":"高岡市","town":"中川園町"}],"0046":[{"pref":"富山県","city":"高岡市","town":"中川本町"}],"0031":[{"pref":"富山県","city":"高岡市","town":"中川町"}],"0944":[{"pref":"富山県","city":"高岡市","town":"中島町"}],"0331":[{"pref":"富山県","city":"高岡市","town":"中保"},{"pref":"富山県","city":"高岡市","town":"若保町"}],"0986":[{"pref":"富山県","city":"高岡市","town":"西海老坂"}],"0315":[{"pref":"富山県","city":"高岡市","town":"西園町"}],"0323":[{"pref":"富山県","city":"高岡市","town":"西高町"}],"0824":[{"pref":"富山県","city":"高岡市","town":"西藤平蔵"}],"0815":[{"pref":"富山県","city":"高岡市","town":"西広上"}],"0302":[{"pref":"富山県","city":"高岡市","town":"西広谷"}],"0848":[{"pref":"富山県","city":"高岡市","town":"西町"}],"0931":[{"pref":"富山県","city":"高岡市","town":"二番町"}],"0003":[{"pref":"富山県","city":"高岡市","town":"能町"}],"0077":[{"pref":"富山県","city":"高岡市","town":"能町駅南"}],"0004":[{"pref":"富山県","city":"高岡市","town":"能町東"}],"0005":[{"pref":"富山県","city":"高岡市","town":"能町南"}],"0301":[{"pref":"富山県","city":"高岡市","town":"勝木原"}],"0014":[{"pref":"富山県","city":"高岡市","town":"野村"}],"0958":[{"pref":"富山県","city":"高岡市","town":"波岡"}],"0935":[{"pref":"富山県","city":"高岡市","town":"博労本町"}],"0934":[{"pref":"富山県","city":"高岡市","town":"博労町"}],"0865":[{"pref":"富山県","city":"高岡市","town":"蓮美町"}],"0936":[{"pref":"富山県","city":"高岡市","town":"旅篭町"}],"0317":[{"pref":"富山県","city":"高岡市","town":"蜂ケ島"}],"0982":[{"pref":"富山県","city":"高岡市","town":"八ケ"}],"0879":[{"pref":"富山県","city":"高岡市","town":"八丁道"}],"0844":[{"pref":"富山県","city":"高岡市","town":"羽広"}],"0957":[{"pref":"富山県","city":"高岡市","town":"早川"}],"0818":[{"pref":"富山県","city":"高岡市","town":"林新"}],"0342":[{"pref":"富山県","city":"高岡市","town":"東石堤"}],"0987":[{"pref":"富山県","city":"高岡市","town":"東海老坂"}],"0878":[{"pref":"富山県","city":"高岡市","town":"東上関"}],"0033":[{"pref":"富山県","city":"高岡市","town":"東下関"}],"0817":[{"pref":"富山県","city":"高岡市","town":"東藤平蔵"}],"0047":[{"pref":"富山県","city":"高岡市","town":"東中川町"}],"0051":[{"pref":"富山県","city":"高岡市","town":"東野"}],"0322":[{"pref":"富山県","city":"高岡市","town":"樋詰"}],"0919":[{"pref":"富山県","city":"高岡市","town":"平米町"}],"0057":[{"pref":"富山県","city":"高岡市","town":"広小路"}],"0811":[{"pref":"富山県","city":"高岡市","town":"深沢"}],"0314":[{"pref":"富山県","city":"高岡市","town":"福栄町"}],"0829":[{"pref":"富山県","city":"高岡市","town":"福田"}],"0313":[{"pref":"富山県","city":"高岡市","town":"福田六家"}],"0910":[{"pref":"富山県","city":"高岡市","town":"袋町"}],"0113":[{"pref":"富山県","city":"高岡市","town":"伏木"}],"0102":[{"pref":"富山県","city":"高岡市","town":"伏木磯町"}],"0116":[{"pref":"富山県","city":"高岡市","town":"伏木一宮"}],"0101":[{"pref":"富山県","city":"高岡市","town":"伏木国分"}],"0114":[{"pref":"富山県","city":"高岡市","town":"伏木古府"}],"0115":[{"pref":"富山県","city":"高岡市","town":"伏木古府元町"}],"0103":[{"pref":"富山県","city":"高岡市","town":"伏木中央町"}],"0105":[{"pref":"富山県","city":"高岡市","town":"伏木錦町"}],"0111":[{"pref":"富山県","city":"高岡市","town":"伏木東一宮"}],"0112":[{"pref":"富山県","city":"高岡市","town":"伏木古国府"}],"0106":[{"pref":"富山県","city":"高岡市","town":"伏木本町"}],"0104":[{"pref":"富山県","city":"高岡市","town":"伏木湊町"}],"0123":[{"pref":"富山県","city":"高岡市","town":"伏木矢田"}],"0122":[{"pref":"富山県","city":"高岡市","town":"伏木矢田上町"}],"0121":[{"pref":"富山県","city":"高岡市","town":"伏木矢田新町"}],"0125":[{"pref":"富山県","city":"高岡市","town":"伏木矢田（万葉台）"}],"0981":[{"pref":"富山県","city":"高岡市","town":"二上"},{"pref":"富山県","city":"高岡市","town":"二上新"},{"pref":"富山県","city":"高岡市","town":"二上町"}],"0816":[{"pref":"富山県","city":"高岡市","town":"二塚"}],"0054":[{"pref":"富山県","city":"高岡市","town":"古定塚"}],"0938":[{"pref":"富山県","city":"高岡市","town":"風呂屋町"}],"0345":[{"pref":"富山県","city":"高岡市","town":"平成町"}],"0977":[{"pref":"富山県","city":"高岡市","town":"細池"}],"0924":[{"pref":"富山県","city":"高岡市","town":"堀上町"}],"0947":[{"pref":"富山県","city":"高岡市","town":"本郷"}],"0333":[{"pref":"富山県","city":"高岡市","town":"本保"}],"0913":[{"pref":"富山県","city":"高岡市","town":"本町"}],"0045":[{"pref":"富山県","city":"高岡市","town":"本丸町"}],"0017":[{"pref":"富山県","city":"高岡市","town":"前田町"}],"0845":[{"pref":"富山県","city":"高岡市","town":"松原町"}],"0912":[{"pref":"富山県","city":"高岡市","town":"丸の内"}],"0955":[{"pref":"富山県","city":"高岡市","town":"瑞穂町"}],"0933":[{"pref":"富山県","city":"高岡市","town":"南幸町"}],"0873":[{"pref":"富山県","city":"高岡市","town":"南田町"}],"0012":[{"pref":"富山県","city":"高岡市","town":"美原町"}],"0956":[{"pref":"富山県","city":"高岡市","town":"宮田町"}],"0024":[{"pref":"富山県","city":"高岡市","town":"宮脇町"}],"0954":[{"pref":"富山県","city":"高岡市","town":"美幸町"}],"0354":[{"pref":"富山県","city":"高岡市","town":"六日市"}],"0901":[{"pref":"富山県","city":"高岡市","town":"向野本町"}],"0902":[{"pref":"富山県","city":"高岡市","town":"向野町"}],"0812":[{"pref":"富山県","city":"高岡市","town":"明和町"}],"0984":[{"pref":"富山県","city":"高岡市","town":"守山"}],"0928":[{"pref":"富山県","city":"高岡市","town":"守山町"}],"0356":[{"pref":"富山県","city":"高岡市","town":"谷内"}],"0308":[{"pref":"富山県","city":"高岡市","town":"八口"}],"0303":[{"pref":"富山県","city":"高岡市","town":"山川"}],"0953":[{"pref":"富山県","city":"高岡市","town":"横田"}],"0849":[{"pref":"富山県","city":"高岡市","town":"横田本町"}],"0842":[{"pref":"富山県","city":"高岡市","town":"横田町"}],"0872":[{"pref":"富山県","city":"高岡市","town":"芳野"}],"0002":[{"pref":"富山県","city":"高岡市","town":"吉久"}],"0351":[{"pref":"富山県","city":"高岡市","town":"四日市"}],"0949":[{"pref":"富山県","city":"高岡市","town":"四屋"}],"0076":[{"pref":"富山県","city":"高岡市","town":"米島"}],"0802":[{"pref":"富山県","city":"高岡市","town":"蓮花寺"}],"0801":[{"pref":"富山県","city":"高岡市","town":"蓮花寺新町"}],"0321":[{"pref":"富山県","city":"高岡市","town":"六家"}],"0831":[{"pref":"富山県","city":"高岡市","town":"若富町"}],"0071":[{"pref":"富山県","city":"高岡市","town":"鷲北新"}],"0832":[{"pref":"富山県","city":"高岡市","town":"和田"}],"0828":[{"pref":"富山県","city":"高岡市","town":"和田上町"}],"0839":[{"pref":"富山県","city":"高岡市","town":"和田西町"}],"0241":[{"pref":"富山県","city":"射水市","town":"足洗新町"}],"0251":[{"pref":"富山県","city":"射水市","town":"有磯"}],"0227":[{"pref":"富山県","city":"射水市","town":"射水町"}],"0233":[{"pref":"富山県","city":"射水市","town":"海老江"}],"0234":[{"pref":"富山県","city":"射水市","town":"海老江七軒"}],"0235":[{"pref":"富山県","city":"射水市","town":"海老江練合"}],"0231":[{"pref":"富山県","city":"射水市","town":"海老江浜開"}],"0222":[{"pref":"富山県","city":"射水市","town":"海竜町"}],"0205":[{"pref":"富山県","city":"射水市","town":"加茂西部"}],"0204":[{"pref":"富山県","city":"射水市","town":"加茂中部"}],"0203":[{"pref":"富山県","city":"射水市","town":"加茂東部"}],"0240":[{"pref":"富山県","city":"射水市","town":"かもめ台"}],"0058":[{"pref":"富山県","city":"射水市","town":"川口宮袋"}],"0225":[{"pref":"富山県","city":"射水市","town":"草岡町"}],"0206":[{"pref":"富山県","city":"射水市","town":"倉垣小杉"}],"0252":[{"pref":"富山県","city":"射水市","town":"七美"}],"0253":[{"pref":"富山県","city":"射水市","town":"七美中野"}],"0202":[{"pref":"富山県","city":"射水市","town":"下村三箇"}],"0207":[{"pref":"富山県","city":"射水市","town":"白石"}],"0209":[{"pref":"富山県","city":"射水市","town":"摺出寺"}],"0236":[{"pref":"富山県","city":"射水市","town":"東明七軒"}],"0238":[{"pref":"富山県","city":"射水市","town":"東明中町"}],"0239":[{"pref":"富山県","city":"射水市","town":"東明西町"}],"0237":[{"pref":"富山県","city":"射水市","town":"東明東町"}],"0208":[{"pref":"富山県","city":"射水市","town":"八講"}],"0232":[{"pref":"富山県","city":"射水市","town":"浜開新町"}],"0226":[{"pref":"富山県","city":"射水市","town":"堀江千石"}],"0223":[{"pref":"富山県","city":"射水市","town":"堀岡"}],"0224":[{"pref":"富山県","city":"射水市","town":"堀岡古明神"}],"0228":[{"pref":"富山県","city":"射水市","town":"堀岡明神新"}],"0221":[{"pref":"富山県","city":"射水市","town":"堀岡新明神（その他）"}],"0244":[{"pref":"富山県","city":"射水市","town":"本江"},{"pref":"富山県","city":"射水市","town":"本江北"},{"pref":"富山県","city":"射水市","town":"本江三箇"},{"pref":"富山県","city":"射水市","town":"本江中"},{"pref":"富山県","city":"射水市","town":"本江西"},{"pref":"富山県","city":"射水市","town":"本江後新"},{"pref":"富山県","city":"射水市","town":"本江東"},{"pref":"富山県","city":"射水市","town":"本江南"}],"0243":[{"pref":"富山県","city":"射水市","town":"本江（足洗）"}],"0246":[{"pref":"富山県","city":"射水市","town":"本江（道番）"}],"0245":[{"pref":"富山県","city":"射水市","town":"本江利波"}],"0247":[{"pref":"富山県","city":"射水市","town":"本江中新"}],"0248":[{"pref":"富山県","city":"射水市","town":"本江針山"}],"0249":[{"pref":"富山県","city":"射水市","town":"本江針山新"}],"0242":[{"pref":"富山県","city":"射水市","town":"本江針山開"}],"0201":[{"pref":"富山県","city":"射水市","town":"山屋"}]}