{"0000":[{"pref":"佐賀県","city":"小城市","town":"以下に掲載がない場合"}],"0001":[{"pref":"佐賀県","city":"小城市","town":"小城町"}],"0012":[{"pref":"佐賀県","city":"小城市","town":"小城町池上"}],"0003":[{"pref":"佐賀県","city":"小城市","town":"小城町岩蔵"}],"0013":[{"pref":"佐賀県","city":"小城市","town":"小城町栗原"}],"0002":[{"pref":"佐賀県","city":"小城市","town":"小城町畑田"}],"0014":[{"pref":"佐賀県","city":"小城市","town":"小城町晴気"}],"0005":[{"pref":"佐賀県","city":"小城市","town":"小城町東新町"}],"0011":[{"pref":"佐賀県","city":"小城市","town":"小城町船田"}],"0004":[{"pref":"佐賀県","city":"小城市","town":"小城町松尾"}],"0035":[{"pref":"佐賀県","city":"小城市","town":"三日月町石木"}],"0023":[{"pref":"佐賀県","city":"小城市","town":"三日月町織島"}],"0032":[{"pref":"佐賀県","city":"小城市","town":"三日月町金田"}],"0022":[{"pref":"佐賀県","city":"小城市","town":"三日月町久米"}],"0034":[{"pref":"佐賀県","city":"小城市","town":"三日月町甲柳原"}],"0021":[{"pref":"佐賀県","city":"小城市","town":"三日月町長神田"}],"0033":[{"pref":"佐賀県","city":"小城市","town":"三日月町樋口"}],"0031":[{"pref":"佐賀県","city":"小城市","town":"三日月町堀江"}],"0025":[{"pref":"佐賀県","city":"小城市","town":"三日月町三ケ島"}],"0024":[{"pref":"佐賀県","city":"小城市","town":"三日月町道辺"}]}