{"0000":[{"pref":"茨城県","city":"下妻市","town":"以下に掲載がない場合"}],"0074":[{"pref":"茨城県","city":"下妻市","town":"赤須"}],"0803":[{"pref":"茨城県","city":"下妻市","town":"伊古立"}],"0057":[{"pref":"茨城県","city":"下妻市","town":"石の宮"}],"0053":[{"pref":"茨城県","city":"下妻市","town":"今泉"}],"0002":[{"pref":"茨城県","city":"下妻市","town":"江"}],"0004":[{"pref":"茨城県","city":"下妻市","town":"大木"}],"0025":[{"pref":"茨城県","city":"下妻市","town":"大木新田"}],"0023":[{"pref":"茨城県","city":"下妻市","town":"大串"}],"0801":[{"pref":"茨城県","city":"下妻市","town":"大園木"}],"0804":[{"pref":"茨城県","city":"下妻市","town":"長萱"}],"0051":[{"pref":"茨城県","city":"下妻市","town":"小島"}],"0063":[{"pref":"茨城県","city":"下妻市","town":"小野子町"}],"0016":[{"pref":"茨城県","city":"下妻市","town":"数須"}],"0819":[{"pref":"茨城県","city":"下妻市","town":"鎌庭"}],"0050":[{"pref":"茨城県","city":"下妻市","town":"亀崎"}],"0048":[{"pref":"茨城県","city":"下妻市","town":"加養"}],"0805":[{"pref":"茨城県","city":"下妻市","town":"唐崎"}],"0021":[{"pref":"茨城県","city":"下妻市","town":"北大宝"}],"0818":[{"pref":"茨城県","city":"下妻市","town":"鬼怒"}],"0073":[{"pref":"茨城県","city":"下妻市","town":"桐ケ瀬"}],"0802":[{"pref":"茨城県","city":"下妻市","town":"鯨"}],"0007":[{"pref":"茨城県","city":"下妻市","town":"黒駒"}],"0823":[{"pref":"茨城県","city":"下妻市","town":"五箇"}],"0034":[{"pref":"茨城県","city":"下妻市","town":"坂井"}],"0024":[{"pref":"茨城県","city":"下妻市","town":"坂本新田"}],"0055":[{"pref":"茨城県","city":"下妻市","town":"砂沼新田"}],"0013":[{"pref":"茨城県","city":"下妻市","town":"下宮"}],"0071":[{"pref":"茨城県","city":"下妻市","town":"尻手"}],"0006":[{"pref":"茨城県","city":"下妻市","town":"柴"}],"0072":[{"pref":"茨城県","city":"下妻市","town":"渋井"}],"0815":[{"pref":"茨城県","city":"下妻市","town":"渋田"}],"0028":[{"pref":"茨城県","city":"下妻市","town":"下木戸"}],"0811":[{"pref":"茨城県","city":"下妻市","town":"下栗"}],"0015":[{"pref":"茨城県","city":"下妻市","town":"下田"}],"0066":[{"pref":"茨城県","city":"下妻市","town":"下妻甲"}],"0067":[{"pref":"茨城県","city":"下妻市","town":"下妻乙"}],"0061":[{"pref":"茨城県","city":"下妻市","town":"下妻丙"}],"0068":[{"pref":"茨城県","city":"下妻市","town":"下妻丁"}],"0062":[{"pref":"茨城県","city":"下妻市","town":"下妻戊"}],"0011":[{"pref":"茨城県","city":"下妻市","town":"神明"}],"0003":[{"pref":"茨城県","city":"下妻市","town":"関本下"}],"0814":[{"pref":"茨城県","city":"下妻市","town":"宗道"}],"0022":[{"pref":"茨城県","city":"下妻市","town":"大宝"}],"0031":[{"pref":"茨城県","city":"下妻市","town":"高道祖"}],"0812":[{"pref":"茨城県","city":"下妻市","town":"田下"}],"0069":[{"pref":"茨城県","city":"下妻市","town":"田町"}],"0017":[{"pref":"茨城県","city":"下妻市","town":"筑波島"}],"0054":[{"pref":"茨城県","city":"下妻市","town":"中居指"}],"0014":[{"pref":"茨城県","city":"下妻市","town":"中郷"}],"0056":[{"pref":"茨城県","city":"下妻市","town":"長塚"}],"0049":[{"pref":"茨城県","city":"下妻市","town":"新堀"}],"0052":[{"pref":"茨城県","city":"下妻市","town":"二本紀"}],"0817":[{"pref":"茨城県","city":"下妻市","town":"羽子"}],"0816":[{"pref":"茨城県","city":"下妻市","town":"原"}],"0005":[{"pref":"茨城県","city":"下妻市","town":"半谷"}],"0032":[{"pref":"茨城県","city":"下妻市","town":"比毛"}],"0047":[{"pref":"茨城県","city":"下妻市","town":"肘谷"}],"0046":[{"pref":"茨城県","city":"下妻市","town":"樋橋"}],"0001":[{"pref":"茨城県","city":"下妻市","town":"平方"}],"0018":[{"pref":"茨城県","city":"下妻市","town":"平川戸"}],"0026":[{"pref":"茨城県","city":"下妻市","town":"平沼"}],"0027":[{"pref":"茨城県","city":"下妻市","town":"福田"}],"0042":[{"pref":"茨城県","city":"下妻市","town":"袋畑"}],"0041":[{"pref":"茨城県","city":"下妻市","town":"古沢"}],"0821":[{"pref":"茨城県","city":"下妻市","town":"別府"}],"0033":[{"pref":"茨城県","city":"下妻市","town":"堀篭"}],"0065":[{"pref":"茨城県","city":"下妻市","town":"本宿町"}],"0813":[{"pref":"茨城県","city":"下妻市","town":"本宗道"}],"0076":[{"pref":"茨城県","city":"下妻市","town":"前河原"}],"0806":[{"pref":"茨城県","city":"下妻市","town":"見田"}],"0822":[{"pref":"茨城県","city":"下妻市","town":"皆葉"}],"0075":[{"pref":"茨城県","city":"下妻市","town":"南原"}],"0824":[{"pref":"茨城県","city":"下妻市","town":"村岡"}],"0064":[{"pref":"茨城県","city":"下妻市","town":"本城町"}],"0044":[{"pref":"茨城県","city":"下妻市","town":"柳原"}],"0043":[{"pref":"茨城県","city":"下妻市","town":"谷田部"}],"0045":[{"pref":"茨城県","city":"下妻市","town":"山尻"}],"0035":[{"pref":"茨城県","city":"下妻市","town":"横根"}],"0012":[{"pref":"茨城県","city":"下妻市","town":"若柳"}]}