{"0000":[{"pref":"大阪府","city":"寝屋川市","town":"以下に掲載がない場合"}],"0039":[{"pref":"大阪府","city":"寝屋川市","town":"池田"}],"0035":[{"pref":"大阪府","city":"寝屋川市","town":"池田旭町"}],"0033":[{"pref":"大阪府","city":"寝屋川市","town":"池田東町"}],"0036":[{"pref":"大阪府","city":"寝屋川市","town":"池田西町"}],"0034":[{"pref":"大阪府","city":"寝屋川市","town":"池田南町"}],"0073":[{"pref":"大阪府","city":"寝屋川市","town":"池田北町"}],"0038":[{"pref":"大阪府","city":"寝屋川市","town":"池田新町"}],"0074":[{"pref":"大阪府","city":"寝屋川市","town":"池田中町"}],"0030":[{"pref":"大阪府","city":"寝屋川市","town":"池田本町"}],"0012":[{"pref":"大阪府","city":"寝屋川市","town":"池の瀬町"}],"0026":[{"pref":"大阪府","city":"寝屋川市","town":"石津中町"}],"0027":[{"pref":"大阪府","city":"寝屋川市","town":"石津東町"}],"0024":[{"pref":"大阪府","city":"寝屋川市","town":"石津南町"}],"0025":[{"pref":"大阪府","city":"寝屋川市","town":"石津元町"}],"0821":[{"pref":"大阪府","city":"寝屋川市","town":"出雲町"}],"0840":[{"pref":"大阪府","city":"寝屋川市","town":"太秦桜が丘"}],"0842":[{"pref":"大阪府","city":"寝屋川市","town":"太秦高塚町"}],"0843":[{"pref":"大阪府","city":"寝屋川市","town":"太秦中町"}],"0841":[{"pref":"大阪府","city":"寝屋川市","town":"太秦東が丘"}],"0844":[{"pref":"大阪府","city":"寝屋川市","town":"太秦緑が丘"}],"0849":[{"pref":"大阪府","city":"寝屋川市","town":"太秦元町"}],"0856":[{"pref":"大阪府","city":"寝屋川市","town":"宇谷町"}],"0859":[{"pref":"大阪府","city":"寝屋川市","town":"打上新町"}],"0850":[{"pref":"大阪府","city":"寝屋川市","town":"打上高塚町"}],"0857":[{"pref":"大阪府","city":"寝屋川市","town":"打上中町"}],"0861":[{"pref":"大阪府","city":"寝屋川市","town":"打上南町"}],"0862":[{"pref":"大阪府","city":"寝屋川市","town":"打上宮前町"}],"0858":[{"pref":"大阪府","city":"寝屋川市","town":"打上元町"}],"0803":[{"pref":"大阪府","city":"寝屋川市","town":"梅が丘"}],"0853":[{"pref":"大阪府","city":"寝屋川市","town":"大谷町"}],"0048":[{"pref":"大阪府","city":"寝屋川市","town":"大利町"}],"0047":[{"pref":"大阪府","city":"寝屋川市","town":"大利元町"}],"0023":[{"pref":"大阪府","city":"寝屋川市","town":"音羽町"}],"0063":[{"pref":"大阪府","city":"寝屋川市","town":"春日町"}],"0052":[{"pref":"大阪府","city":"寝屋川市","town":"上神田"}],"0828":[{"pref":"大阪府","city":"寝屋川市","town":"萱島桜園町"}],"0829":[{"pref":"大阪府","city":"寝屋川市","town":"萱島信和町"}],"0827":[{"pref":"大阪府","city":"寝屋川市","town":"萱島本町"}],"0825":[{"pref":"大阪府","city":"寝屋川市","town":"萱島南町"}],"0824":[{"pref":"大阪府","city":"寝屋川市","town":"萱島東"}],"0015":[{"pref":"大阪府","city":"寝屋川市","town":"川勝町"}],"0816":[{"pref":"大阪府","city":"寝屋川市","town":"河北中町"}],"0815":[{"pref":"大阪府","city":"寝屋川市","town":"河北東町"}],"0817":[{"pref":"大阪府","city":"寝屋川市","town":"河北西町"}],"0008":[{"pref":"大阪府","city":"寝屋川市","town":"菅相塚町"}],"0032":[{"pref":"大阪府","city":"寝屋川市","town":"北大利町"}],"0836":[{"pref":"大阪府","city":"寝屋川市","town":"木田町"}],"0822":[{"pref":"大阪府","city":"寝屋川市","town":"木田元宮"}],"0811":[{"pref":"大阪府","city":"寝屋川市","town":"楠根南町"}],"0845":[{"pref":"大阪府","city":"寝屋川市","town":"楠根北町"}],"0075":[{"pref":"大阪府","city":"寝屋川市","town":"葛原"}],"0037":[{"pref":"大阪府","city":"寝屋川市","town":"葛原新町"}],"0016":[{"pref":"大阪府","city":"寝屋川市","town":"国松町"}],"0057":[{"pref":"大阪府","city":"寝屋川市","town":"黒原旭町"}],"0059":[{"pref":"大阪府","city":"寝屋川市","town":"黒原新町"}],"0050":[{"pref":"大阪府","city":"寝屋川市","town":"黒原城内町"}],"0058":[{"pref":"大阪府","city":"寝屋川市","town":"黒原橘町"}],"0085":[{"pref":"大阪府","city":"寝屋川市","town":"香里新町"}],"0082":[{"pref":"大阪府","city":"寝屋川市","town":"香里本通町"}],"0089":[{"pref":"大阪府","city":"寝屋川市","town":"香里西之町"}],"0084":[{"pref":"大阪府","city":"寝屋川市","town":"香里南之町"}],"0080":[{"pref":"大阪府","city":"寝屋川市","town":"香里北之町"}],"0083":[{"pref":"大阪府","city":"寝屋川市","town":"郡元町"}],"0029":[{"pref":"大阪府","city":"寝屋川市","town":"寿町"}],"0087":[{"pref":"大阪府","city":"寝屋川市","town":"木屋町"}],"0088":[{"pref":"大阪府","city":"寝屋川市","town":"木屋元町"}],"0017":[{"pref":"大阪府","city":"寝屋川市","town":"幸町"}],"0018":[{"pref":"大阪府","city":"寝屋川市","town":"境橋町"}],"0041":[{"pref":"大阪府","city":"寝屋川市","town":"桜木町"}],"0813":[{"pref":"大阪府","city":"寝屋川市","town":"讃良東町"}],"0818":[{"pref":"大阪府","city":"寝屋川市","town":"讃良西町"}],"0044":[{"pref":"大阪府","city":"寝屋川市","town":"清水町"}],"0077":[{"pref":"大阪府","city":"寝屋川市","town":"点野"}],"0054":[{"pref":"大阪府","city":"寝屋川市","town":"下神田町"}],"0823":[{"pref":"大阪府","city":"寝屋川市","town":"下木田町"}],"0834":[{"pref":"大阪府","city":"寝屋川市","town":"昭栄町"}],"0865":[{"pref":"大阪府","city":"寝屋川市","town":"小路北町"}],"0866":[{"pref":"大阪府","city":"寝屋川市","town":"小路南町"}],"0812":[{"pref":"大阪府","city":"寝屋川市","town":"新家"}],"0009":[{"pref":"大阪府","city":"寝屋川市","town":"末広町"}],"0046":[{"pref":"大阪府","city":"寝屋川市","town":"成美町"}],"0819":[{"pref":"大阪府","city":"寝屋川市","town":"大成町"}],"0021":[{"pref":"大阪府","city":"寝屋川市","town":"田井町"}],"0020":[{"pref":"大阪府","city":"寝屋川市","town":"田井西町"}],"0078":[{"pref":"大阪府","city":"寝屋川市","town":"太間町"}],"0072":[{"pref":"大阪府","city":"寝屋川市","town":"太間東町"}],"0864":[{"pref":"大阪府","city":"寝屋川市","town":"高倉"}],"0806":[{"pref":"大阪府","city":"寝屋川市","town":"高宮"}],"0867":[{"pref":"大阪府","city":"寝屋川市","town":"高宮あさひ丘"}],"0846":[{"pref":"大阪府","city":"寝屋川市","town":"高宮栄町"}],"0847":[{"pref":"大阪府","city":"寝屋川市","town":"高宮新町"}],"0051":[{"pref":"大阪府","city":"寝屋川市","town":"高柳"}],"0062":[{"pref":"大阪府","city":"寝屋川市","town":"高柳栄町"}],"0067":[{"pref":"大阪府","city":"寝屋川市","town":"宝町"}],"0061":[{"pref":"大阪府","city":"寝屋川市","town":"長栄寺町"}],"0064":[{"pref":"大阪府","city":"寝屋川市","town":"対馬江東町"}],"0065":[{"pref":"大阪府","city":"寝屋川市","town":"対馬江西町"}],"0071":[{"pref":"大阪府","city":"寝屋川市","town":"豊里町"}],"0831":[{"pref":"大阪府","city":"寝屋川市","town":"豊野町"}],"0053":[{"pref":"大阪府","city":"寝屋川市","town":"中神田町"}],"0820":[{"pref":"大阪府","city":"寝屋川市","town":"中木田町"}],"0002":[{"pref":"大阪府","city":"寝屋川市","town":"成田東が丘"}],"0001":[{"pref":"大阪府","city":"寝屋川市","town":"成田東町"}],"0005":[{"pref":"大阪府","city":"寝屋川市","town":"成田西町"}],"0003":[{"pref":"大阪府","city":"寝屋川市","town":"成田南町"}],"0004":[{"pref":"大阪府","city":"寝屋川市","town":"成田町"}],"0826":[{"pref":"大阪府","city":"寝屋川市","town":"南水苑町"}],"0043":[{"pref":"大阪府","city":"寝屋川市","town":"錦町"}],"0028":[{"pref":"大阪府","city":"寝屋川市","town":"日新町"}],"0066":[{"pref":"大阪府","city":"寝屋川市","town":"仁和寺町"}],"0076":[{"pref":"大阪府","city":"寝屋川市","town":"仁和寺本町"}],"0801":[{"pref":"大阪府","city":"寝屋川市","town":"寝屋"}],"0854":[{"pref":"大阪府","city":"寝屋川市","town":"寝屋川公園"}],"0851":[{"pref":"大阪府","city":"寝屋川市","town":"寝屋北町"}],"0852":[{"pref":"大阪府","city":"寝屋川市","town":"寝屋新町"}],"0855":[{"pref":"大阪府","city":"寝屋川市","town":"寝屋南"}],"0848":[{"pref":"大阪府","city":"寝屋川市","town":"秦町"}],"0014":[{"pref":"大阪府","city":"寝屋川市","town":"八幡台"}],"0833":[{"pref":"大阪府","city":"寝屋川市","town":"初町"}],"0837":[{"pref":"大阪府","city":"寝屋川市","town":"早子町"}],"0042":[{"pref":"大阪府","city":"寝屋川市","town":"東大利町"}],"0045":[{"pref":"大阪府","city":"寝屋川市","town":"東神田町"}],"0081":[{"pref":"大阪府","city":"寝屋川市","town":"東香里園町"}],"0835":[{"pref":"大阪府","city":"寝屋川市","town":"日之出町"}],"0839":[{"pref":"大阪府","city":"寝屋川市","town":"平池町"}],"0814":[{"pref":"大阪府","city":"寝屋川市","town":"堀溝"}],"0810":[{"pref":"大阪府","city":"寝屋川市","town":"堀溝北町"}],"0832":[{"pref":"大阪府","city":"寝屋川市","town":"本町"}],"0086":[{"pref":"大阪府","city":"寝屋川市","town":"松屋町"}],"0013":[{"pref":"大阪府","city":"寝屋川市","town":"三井が丘"}],"0007":[{"pref":"大阪府","city":"寝屋川市","town":"美井町"}],"0019":[{"pref":"大阪府","city":"寝屋川市","town":"三井南町"}],"0006":[{"pref":"大阪府","city":"寝屋川市","town":"美井元町"}],"0022":[{"pref":"大阪府","city":"寝屋川市","town":"緑町"}],"0055":[{"pref":"大阪府","city":"寝屋川市","town":"御幸東町"}],"0056":[{"pref":"大阪府","city":"寝屋川市","town":"御幸西町"}],"0011":[{"pref":"大阪府","city":"寝屋川市","town":"明徳"}],"0863":[{"pref":"大阪府","city":"寝屋川市","town":"明和"}],"0838":[{"pref":"大阪府","city":"寝屋川市","town":"八坂町"}],"0031":[{"pref":"大阪府","city":"寝屋川市","town":"若葉町"}]}