{"1111":[{"pref":"山梨県","city":"甲斐市","town":"千田"}],"1112":[{"pref":"山梨県","city":"甲斐市","town":"吉沢"}],"1113":[{"pref":"山梨県","city":"甲斐市","town":"亀沢（その他）"}],"1114":[{"pref":"山梨県","city":"甲斐市","town":"打返"}],"1115":[{"pref":"山梨県","city":"甲斐市","town":"漆戸"}],"1116":[{"pref":"山梨県","city":"甲斐市","town":"獅子平"}],"1117":[{"pref":"山梨県","city":"甲斐市","town":"上菅口"}],"1121":[{"pref":"山梨県","city":"甲斐市","town":"上芦沢"}],"1122":[{"pref":"山梨県","city":"甲斐市","town":"下芦沢"}],"1123":[{"pref":"山梨県","city":"甲斐市","town":"上福沢"}],"1124":[{"pref":"山梨県","city":"甲斐市","town":"下福沢"}],"1125":[{"pref":"山梨県","city":"甲斐市","town":"下菅口"}],"1126":[{"pref":"山梨県","city":"甲斐市","town":"安寺"}],"1127":[{"pref":"山梨県","city":"甲斐市","town":"神戸"}],"1131":[{"pref":"山梨県","city":"甲斐市","town":"亀沢（大明神、６９４９番地）"}],"1211":[{"pref":"山梨県","city":"甲府市","town":"黒平町"}],"1212":[{"pref":"山梨県","city":"甲府市","town":"高町"}],"1213":[{"pref":"山梨県","city":"甲府市","town":"川窪町"}],"1214":[{"pref":"山梨県","city":"甲府市","town":"高成町"}],"1215":[{"pref":"山梨県","city":"甲府市","town":"竹日向町"}],"1216":[{"pref":"山梨県","city":"甲府市","town":"塔岩町"}],"1217":[{"pref":"山梨県","city":"甲府市","town":"猪狩町"}],"1218":[{"pref":"山梨県","city":"甲府市","town":"御岳町"}],"1219":[{"pref":"山梨県","city":"甲府市","town":"草鹿沢町"}],"1501":[{"pref":"山梨県","city":"甲府市","town":"上曽根町"}],"1502":[{"pref":"山梨県","city":"甲府市","town":"白井町"}],"1503":[{"pref":"山梨県","city":"甲府市","town":"心経寺町"}],"1504":[{"pref":"山梨県","city":"甲府市","town":"右左口町"}],"1505":[{"pref":"山梨県","city":"甲府市","town":"中畑町"}],"1506":[{"pref":"山梨県","city":"甲府市","town":"上向山町"}],"1507":[{"pref":"山梨県","city":"甲府市","town":"下向山町"}],"1508":[{"pref":"山梨県","city":"甲府市","town":"下曽根町"}],"1511":[{"pref":"山梨県","city":"中央市","town":"木原"}],"1512":[{"pref":"山梨県","city":"中央市","town":"関原"}],"1513":[{"pref":"山梨県","city":"中央市","town":"大鳥居"}],"1514":[{"pref":"山梨県","city":"中央市","town":"浅利"}],"1515":[{"pref":"山梨県","city":"中央市","town":"高部"}],"0000":[{"pref":"山梨県","city":"甲府市","town":"以下に掲載がない場合"}],"0858":[{"pref":"山梨県","city":"甲府市","town":"相生"}],"0867":[{"pref":"山梨県","city":"甲府市","town":"青沼"}],"0828":[{"pref":"山梨県","city":"甲府市","town":"青葉町"}],"0862":[{"pref":"山梨県","city":"甲府市","town":"朝気"}],"0025":[{"pref":"山梨県","city":"甲府市","town":"朝日"}],"0023":[{"pref":"山梨県","city":"甲府市","town":"愛宕町"}],"0061":[{"pref":"山梨県","city":"甲府市","town":"荒川"}],"0035":[{"pref":"山梨県","city":"甲府市","town":"飯田"}],"0062":[{"pref":"山梨県","city":"甲府市","town":"池田"}],"0856":[{"pref":"山梨県","city":"甲府市","town":"伊勢"}],"0013":[{"pref":"山梨県","city":"甲府市","town":"岩窪町"}],"0045":[{"pref":"山梨県","city":"甲府市","town":"後屋町"}],"0053":[{"pref":"山梨県","city":"甲府市","town":"大里町"}],"0865":[{"pref":"山梨県","city":"甲府市","town":"太田町"}],"0055":[{"pref":"山梨県","city":"甲府市","town":"大津町"}],"0015":[{"pref":"山梨県","city":"甲府市","town":"大手"}],"0834":[{"pref":"山梨県","city":"甲府市","town":"落合町"}],"0028":[{"pref":"山梨県","city":"甲府市","town":"音羽町"}],"0841":[{"pref":"山梨県","city":"甲府市","town":"小曲町"}],"0063":[{"pref":"山梨県","city":"甲府市","town":"金竹町"}],"0814":[{"pref":"山梨県","city":"甲府市","town":"上阿原町"}],"0041":[{"pref":"山梨県","city":"甲府市","town":"上石田"}],"0845":[{"pref":"山梨県","city":"甲府市","town":"上今井町"}],"0081":[{"pref":"山梨県","city":"甲府市","town":"上帯那町"}],"0044":[{"pref":"山梨県","city":"甲府市","town":"上小河原町"}],"0052":[{"pref":"山梨県","city":"甲府市","town":"上条新居町"}],"0011":[{"pref":"山梨県","city":"甲府市","town":"上積翠寺町"}],"0831":[{"pref":"山梨県","city":"甲府市","town":"上町"}],"0811":[{"pref":"山梨県","city":"甲府市","town":"川田町"}],"0024":[{"pref":"山梨県","city":"甲府市","town":"北口"}],"0005":[{"pref":"山梨県","city":"甲府市","town":"北新"}],"0065":[{"pref":"山梨県","city":"甲府市","town":"貢川"}],"0048":[{"pref":"山梨県","city":"甲府市","town":"貢川本町"}],"0815":[{"pref":"山梨県","city":"甲府市","town":"国玉町"}],"0043":[{"pref":"山梨県","city":"甲府市","town":"国母"}],"0836":[{"pref":"山梨県","city":"甲府市","town":"小瀬町"}],"0033":[{"pref":"山梨県","city":"甲府市","town":"寿町"}],"0014":[{"pref":"山梨県","city":"甲府市","town":"古府中町"}],"0002":[{"pref":"山梨県","city":"甲府市","town":"小松町"}],"0857":[{"pref":"山梨県","city":"甲府市","town":"幸町"}],"0805":[{"pref":"山梨県","city":"甲府市","town":"酒折"}],"0804":[{"pref":"山梨県","city":"甲府市","town":"酒折町"}],"0803":[{"pref":"山梨県","city":"甲府市","town":"桜井町"}],"0822":[{"pref":"山梨県","city":"甲府市","town":"里吉"}],"0823":[{"pref":"山梨県","city":"甲府市","town":"里吉町"}],"0026":[{"pref":"山梨県","city":"甲府市","town":"塩部"}],"0064":[{"pref":"山梨県","city":"甲府市","town":"下飯田"}],"0046":[{"pref":"山梨県","city":"甲府市","town":"下石田"}],"0842":[{"pref":"山梨県","city":"甲府市","town":"下今井町"}],"0082":[{"pref":"山梨県","city":"甲府市","town":"下帯那町"}],"0835":[{"pref":"山梨県","city":"甲府市","town":"下鍛冶屋町"}],"0068":[{"pref":"山梨県","city":"甲府市","town":"下河原町"}],"0853":[{"pref":"山梨県","city":"甲府市","town":"下小河原町"}],"0012":[{"pref":"山梨県","city":"甲府市","town":"下積翠寺町"}],"0861":[{"pref":"山梨県","city":"甲府市","town":"城東"}],"0066":[{"pref":"山梨県","city":"甲府市","town":"新田町"}],"0821":[{"pref":"山梨県","city":"甲府市","town":"砂田町"}],"0851":[{"pref":"山梨県","city":"甲府市","town":"住吉"}],"0852":[{"pref":"山梨県","city":"甲府市","town":"住吉本町"}],"0806":[{"pref":"山梨県","city":"甲府市","town":"善光寺"}],"0801":[{"pref":"山梨県","city":"甲府市","town":"善光寺町"}],"0072":[{"pref":"山梨県","city":"甲府市","town":"大和町"}],"0042":[{"pref":"山梨県","city":"甲府市","town":"高畑"}],"0057":[{"pref":"山梨県","city":"甲府市","town":"高室町"}],"0034":[{"pref":"山梨県","city":"甲府市","town":"宝"}],"0016":[{"pref":"山梨県","city":"甲府市","town":"武田"}],"0074":[{"pref":"山梨県","city":"甲府市","town":"千塚"}],"0032":[{"pref":"山梨県","city":"甲府市","town":"中央"}],"0067":[{"pref":"山梨県","city":"甲府市","town":"長松寺町"}],"0003":[{"pref":"山梨県","city":"甲府市","town":"塚原町"}],"0006":[{"pref":"山梨県","city":"甲府市","town":"天神町"}],"0807":[{"pref":"山梨県","city":"甲府市","town":"東光寺"}],"0808":[{"pref":"山梨県","city":"甲府市","town":"東光寺町"}],"0047":[{"pref":"山梨県","city":"甲府市","town":"徳行"}],"0049":[{"pref":"山梨県","city":"甲府市","town":"富竹"}],"0855":[{"pref":"山梨県","city":"甲府市","town":"中小河原"}],"0854":[{"pref":"山梨県","city":"甲府市","town":"中小河原町"}],"0844":[{"pref":"山梨県","city":"甲府市","town":"中町"}],"0069":[{"pref":"山梨県","city":"甲府市","town":"中村町"}],"0825":[{"pref":"山梨県","city":"甲府市","town":"七沢町"}],"0833":[{"pref":"山梨県","city":"甲府市","town":"西油川町"}],"0054":[{"pref":"山梨県","city":"甲府市","town":"西下条町"}],"0826":[{"pref":"山梨県","city":"甲府市","town":"西高橋町"}],"0004":[{"pref":"山梨県","city":"甲府市","town":"西田町"}],"0071":[{"pref":"山梨県","city":"甲府市","town":"羽黒町"}],"0843":[{"pref":"山梨県","city":"甲府市","town":"東下条町"}],"0083":[{"pref":"山梨県","city":"甲府市","town":"平瀬町"}],"0027":[{"pref":"山梨県","city":"甲府市","town":"富士見"}],"0051":[{"pref":"山梨県","city":"甲府市","town":"古上条町"}],"0056":[{"pref":"山梨県","city":"甲府市","town":"堀之内町"}],"0832":[{"pref":"山梨県","city":"甲府市","town":"増坪町"}],"0031":[{"pref":"山梨県","city":"甲府市","town":"丸の内"}],"0007":[{"pref":"山梨県","city":"甲府市","town":"美咲"}],"0008":[{"pref":"山梨県","city":"甲府市","town":"緑が丘"}],"0863":[{"pref":"山梨県","city":"甲府市","town":"南口町"}],"0058":[{"pref":"山梨県","city":"甲府市","town":"宮原町"}],"0021":[{"pref":"山梨県","city":"甲府市","town":"宮前町"}],"0813":[{"pref":"山梨県","city":"甲府市","town":"向町"}],"0022":[{"pref":"山梨県","city":"甲府市","town":"元紺屋町"}],"0017":[{"pref":"山梨県","city":"甲府市","town":"屋形"}],"0075":[{"pref":"山梨県","city":"甲府市","town":"山宮町"}],"0864":[{"pref":"山梨県","city":"甲府市","town":"湯田"}],"0073":[{"pref":"山梨県","city":"甲府市","town":"湯村"}],"0802":[{"pref":"山梨県","city":"甲府市","town":"横根町"}],"0827":[{"pref":"山梨県","city":"甲府市","town":"蓬沢"}],"0824":[{"pref":"山梨県","city":"甲府市","town":"蓬沢町"}],"0866":[{"pref":"山梨県","city":"甲府市","town":"若松町"}],"0001":[{"pref":"山梨県","city":"甲府市","town":"和田町"}],"0812":[{"pref":"山梨県","city":"甲府市","town":"和戸町"}],"0400":[{"pref":"山梨県","city":"南アルプス市","town":"以下に掲載がない場合"}],"0424":[{"pref":"山梨県","city":"南アルプス市","town":"秋山"}],"0333":[{"pref":"山梨県","city":"南アルプス市","town":"浅原"}],"0241":[{"pref":"山梨県","city":"南アルプス市","town":"芦安芦倉"}],"0242":[{"pref":"山梨県","city":"南アルプス市","town":"芦安安通"}],"0319":[{"pref":"山梨県","city":"南アルプス市","town":"あやめが丘"}],"0403":[{"pref":"山梨県","city":"南アルプス市","town":"鮎沢"}],"0226":[{"pref":"山梨県","city":"南アルプス市","town":"有野"}],"0222":[{"pref":"山梨県","city":"南アルプス市","town":"飯野"}],"0224":[{"pref":"山梨県","city":"南アルプス市","town":"飯野新田"}],"0413":[{"pref":"山梨県","city":"南アルプス市","town":"和泉"}],"0315":[{"pref":"山梨県","city":"南アルプス市","town":"上野"}],"0215":[{"pref":"山梨県","city":"南アルプス市","town":"上八田"}],"0204":[{"pref":"山梨県","city":"南アルプス市","town":"榎原"}],"0401":[{"pref":"山梨県","city":"南アルプス市","town":"江原"}],"0234":[{"pref":"山梨県","city":"南アルプス市","town":"大嵐"}],"0306":[{"pref":"山梨県","city":"南アルプス市","town":"小笠原"}],"0423":[{"pref":"山梨県","city":"南アルプス市","town":"落合"}],"0335":[{"pref":"山梨県","city":"南アルプス市","town":"加賀美"}],"0332":[{"pref":"山梨県","city":"南アルプス市","town":"鏡中條"}],"0317":[{"pref":"山梨県","city":"南アルプス市","town":"上市之瀬"}],"0303":[{"pref":"山梨県","city":"南アルプス市","town":"上今井"}],"0211":[{"pref":"山梨県","city":"南アルプス市","town":"上今諏訪"}],"0201":[{"pref":"山梨県","city":"南アルプス市","town":"上高砂"}],"0312":[{"pref":"山梨県","city":"南アルプス市","town":"上宮地"}],"0421":[{"pref":"山梨県","city":"南アルプス市","town":"川上"}],"0311":[{"pref":"山梨県","city":"南アルプス市","town":"曲輪田"}],"0223":[{"pref":"山梨県","city":"南アルプス市","town":"曲輪田新田"}],"0232":[{"pref":"山梨県","city":"南アルプス市","town":"駒場"}],"0221":[{"pref":"山梨県","city":"南アルプス市","town":"在家塚"}],"0302":[{"pref":"山梨県","city":"南アルプス市","town":"沢登"}],"0231":[{"pref":"山梨県","city":"南アルプス市","town":"塩前"}],"0417":[{"pref":"山梨県","city":"南アルプス市","town":"清水"}],"0314":[{"pref":"山梨県","city":"南アルプス市","town":"下市之瀬"}],"0331":[{"pref":"山梨県","city":"南アルプス市","town":"下今井"}],"0212":[{"pref":"山梨県","city":"南アルプス市","town":"下今諏訪"}],"0202":[{"pref":"山梨県","city":"南アルプス市","town":"下高砂"}],"0405":[{"pref":"山梨県","city":"南アルプス市","town":"下宮地"}],"0305":[{"pref":"山梨県","city":"南アルプス市","town":"十五所"}],"0233":[{"pref":"山梨県","city":"南アルプス市","town":"須沢"}],"0416":[{"pref":"山梨県","city":"南アルプス市","town":"大師"}],"0318":[{"pref":"山梨県","city":"南アルプス市","town":"高尾"}],"0402":[{"pref":"山梨県","city":"南アルプス市","town":"田島"}],"0426":[{"pref":"山梨県","city":"南アルプス市","town":"塚原"}],"0225":[{"pref":"山梨県","city":"南アルプス市","town":"築山"}],"0337":[{"pref":"山梨県","city":"南アルプス市","town":"寺部"}],"0334":[{"pref":"山梨県","city":"南アルプス市","town":"藤田"}],"0214":[{"pref":"山梨県","city":"南アルプス市","town":"百々"}],"0336":[{"pref":"山梨県","city":"南アルプス市","town":"十日市場"}],"0203":[{"pref":"山梨県","city":"南アルプス市","town":"徳永"}],"0414":[{"pref":"山梨県","city":"南アルプス市","town":"戸田"}],"0316":[{"pref":"山梨県","city":"南アルプス市","town":"中野"}],"0411":[{"pref":"山梨県","city":"南アルプス市","town":"西南湖"}],"0213":[{"pref":"山梨県","city":"南アルプス市","town":"西野"}],"0422":[{"pref":"山梨県","city":"南アルプス市","town":"荊沢"}],"0412":[{"pref":"山梨県","city":"南アルプス市","town":"東南湖"}],"0313":[{"pref":"山梨県","city":"南アルプス市","town":"平岡"}],"0404":[{"pref":"山梨県","city":"南アルプス市","town":"古市場"}],"0415":[{"pref":"山梨県","city":"南アルプス市","town":"宮沢"}],"0206":[{"pref":"山梨県","city":"南アルプス市","town":"六科"}],"0301":[{"pref":"山梨県","city":"南アルプス市","town":"桃園"}],"0205":[{"pref":"山梨県","city":"南アルプス市","town":"野牛島"}],"0308":[{"pref":"山梨県","city":"南アルプス市","town":"山寺"}],"0425":[{"pref":"山梨県","city":"南アルプス市","town":"湯沢"}],"0304":[{"pref":"山梨県","city":"南アルプス市","town":"吉田"}],"0100":[{"pref":"山梨県","city":"甲斐市","town":"以下に掲載がない場合"}],"0106":[{"pref":"山梨県","city":"甲斐市","town":"岩森"}],"0121":[{"pref":"山梨県","city":"甲斐市","town":"牛句"}],"0108":[{"pref":"山梨県","city":"甲斐市","town":"宇津谷"}],"0128":[{"pref":"山梨県","city":"甲斐市","town":"大久保"}],"0126":[{"pref":"山梨県","city":"甲斐市","town":"大下条"}],"0103":[{"pref":"山梨県","city":"甲斐市","town":"大垈"}],"0122":[{"pref":"山梨県","city":"甲斐市","town":"境"}],"0107":[{"pref":"山梨県","city":"甲斐市","town":"志田"}],"0115":[{"pref":"山梨県","city":"甲斐市","town":"篠原"}],"0123":[{"pref":"山梨県","city":"甲斐市","town":"島上条"}],"0105":[{"pref":"山梨県","city":"甲斐市","town":"下今井"}],"0101":[{"pref":"山梨県","city":"甲斐市","town":"菖蒲沢"}],"0116":[{"pref":"山梨県","city":"甲斐市","town":"玉川"}],"0102":[{"pref":"山梨県","city":"甲斐市","town":"団子新居"}],"0127":[{"pref":"山梨県","city":"甲斐市","town":"天狗沢"}],"0113":[{"pref":"山梨県","city":"甲斐市","town":"富竹新田"}],"0124":[{"pref":"山梨県","city":"甲斐市","town":"中下条"}],"0125":[{"pref":"山梨県","city":"甲斐市","town":"長塚"}],"0112":[{"pref":"山梨県","city":"甲斐市","town":"名取"}],"0117":[{"pref":"山梨県","city":"甲斐市","town":"西八幡"}],"0114":[{"pref":"山梨県","city":"甲斐市","town":"万才"}],"0118":[{"pref":"山梨県","city":"甲斐市","town":"竜王"}],"0111":[{"pref":"山梨県","city":"甲斐市","town":"竜王新町"}],"0104":[{"pref":"山梨県","city":"甲斐市","town":"龍地"}],"0500":[{"pref":"山梨県","city":"南巨摩郡富士川町","town":"以下に掲載がない場合"}],"0501":[{"pref":"山梨県","city":"南巨摩郡富士川町","town":"青柳町"}],"0602":[{"pref":"山梨県","city":"南巨摩郡富士川町","town":"駅前通"}],"0506":[{"pref":"山梨県","city":"南巨摩郡富士川町","town":"大椚"}],"0511":[{"pref":"山梨県","city":"南巨摩郡富士川町","town":"大久保"}],"0601":[{"pref":"山梨県","city":"南巨摩郡富士川町","town":"鰍沢"}],"0603":[{"pref":"山梨県","city":"南巨摩郡富士川町","town":"鹿島"}],"0504":[{"pref":"山梨県","city":"南巨摩郡富士川町","town":"小林"}],"0512":[{"pref":"山梨県","city":"南巨摩郡富士川町","town":"小室"}],"0502":[{"pref":"山梨県","city":"南巨摩郡富士川町","town":"最勝寺"}],"0606":[{"pref":"山梨県","city":"南巨摩郡富士川町","town":"十谷"}],"0513":[{"pref":"山梨県","city":"南巨摩郡富士川町","town":"高下"}],"0608":[{"pref":"山梨県","city":"南巨摩郡富士川町","town":"長知沢"}],"0515":[{"pref":"山梨県","city":"南巨摩郡富士川町","town":"舂米"}],"0503":[{"pref":"山梨県","city":"南巨摩郡富士川町","town":"天神中條"}],"0607":[{"pref":"山梨県","city":"南巨摩郡富士川町","town":"鳥屋"}],"0505":[{"pref":"山梨県","city":"南巨摩郡富士川町","town":"長澤"}],"0604":[{"pref":"山梨県","city":"南巨摩郡富士川町","town":"箱原"}],"0514":[{"pref":"山梨県","city":"南巨摩郡富士川町","town":"平林"}],"0605":[{"pref":"山梨県","city":"南巨摩郡富士川町","town":"柳川"}]}