{"0000":[{"pref":"大阪府","city":"大阪市西区","town":"以下に掲載がない場合"}],"0026":[{"pref":"大阪府","city":"大阪市西区","town":"安治川"}],"0011":[{"pref":"大阪府","city":"大阪市西区","town":"阿波座"}],"0012":[{"pref":"大阪府","city":"大阪市西区","town":"立売堀"}],"0004":[{"pref":"大阪府","city":"大阪市西区","town":"靱本町"}],"0002":[{"pref":"大阪府","city":"大阪市西区","town":"江戸堀"}],"0006":[{"pref":"大阪府","city":"大阪市西区","town":"江之子島"}],"0021":[{"pref":"大阪府","city":"大阪市西区","town":"川口"}],"0014":[{"pref":"大阪府","city":"大阪市西区","town":"北堀江"}],"0003":[{"pref":"大阪府","city":"大阪市西区","town":"京町堀"}],"0027":[{"pref":"大阪府","city":"大阪市西区","town":"九条"}],"0025":[{"pref":"大阪府","city":"大阪市西区","town":"九条南"}],"0024":[{"pref":"大阪府","city":"大阪市西区","town":"境川"}],"0013":[{"pref":"大阪府","city":"大阪市西区","town":"新町"}],"0023":[{"pref":"大阪府","city":"大阪市西区","town":"千代崎"}],"0001":[{"pref":"大阪府","city":"大阪市西区","town":"土佐堀"}],"0005":[{"pref":"大阪府","city":"大阪市西区","town":"西本町"}],"0022":[{"pref":"大阪府","city":"大阪市西区","town":"本田"}],"0015":[{"pref":"大阪府","city":"大阪市西区","town":"南堀江"}]}