{"0095":[{"pref":"富山県","city":"高岡市","town":"石丸"}],"0096":[{"pref":"富山県","city":"高岡市","town":"金屋"}],"0098":[{"pref":"富山県","city":"高岡市","town":"上牧野"}],"0091":[{"pref":"富山県","city":"高岡市","town":"下牧野"}],"0092":[{"pref":"富山県","city":"高岡市","town":"中曽根"}],"0093":[{"pref":"富山県","city":"高岡市","town":"姫野"},{"pref":"富山県","city":"高岡市","town":"放生津"}],"0094":[{"pref":"富山県","city":"高岡市","town":"堀岡又新"}],"0097":[{"pref":"富山県","city":"高岡市","town":"牧野金屋"}],"0099":[{"pref":"富山県","city":"高岡市","town":"若葉町"}],"0046":[{"pref":"富山県","city":"射水市","town":"今井"}],"0045":[{"pref":"富山県","city":"射水市","town":"沖"}],"0055":[{"pref":"富山県","city":"射水市","town":"沖塚原"}],"0023":[{"pref":"富山県","city":"射水市","town":"海王町"}],"0049":[{"pref":"富山県","city":"射水市","town":"鏡宮"}],"0040":[{"pref":"富山県","city":"射水市","town":"鏡宮弥生"}],"0054":[{"pref":"富山県","city":"射水市","town":"神楽町"}],"0032":[{"pref":"富山県","city":"射水市","town":"片口"}],"0037":[{"pref":"富山県","city":"射水市","town":"片口久々江"}],"0036":[{"pref":"富山県","city":"射水市","town":"片口高場"}],"0058":[{"pref":"富山県","city":"射水市","town":"川口"}],"0039":[{"pref":"富山県","city":"射水市","town":"久々湊"}],"0024":[{"pref":"富山県","city":"射水市","town":"越の潟町"}],"0015":[{"pref":"富山県","city":"射水市","town":"桜町"}],"0003":[{"pref":"富山県","city":"射水市","town":"庄川本町"}],"0001":[{"pref":"富山県","city":"射水市","town":"庄西町"}],"0033":[{"pref":"富山県","city":"射水市","town":"新片町"}],"0035":[{"pref":"富山県","city":"射水市","town":"新堀"}],"0005":[{"pref":"富山県","city":"射水市","town":"善光寺"}],"0047":[{"pref":"富山県","city":"射水市","town":"高木"}],"0034":[{"pref":"富山県","city":"射水市","town":"高場新町"}],"0013":[{"pref":"富山県","city":"射水市","town":"立町"}],"0012":[{"pref":"富山県","city":"射水市","town":"中央町"}],"0041":[{"pref":"富山県","city":"射水市","town":"作道（新生町）"}],"0042":[{"pref":"富山県","city":"射水市","town":"作道（その他）"}],"0038":[{"pref":"富山県","city":"射水市","town":"津幡江"}],"0056":[{"pref":"富山県","city":"射水市","town":"寺塚原"}],"0044":[{"pref":"富山県","city":"射水市","town":"殿村"}],"0027":[{"pref":"富山県","city":"射水市","town":"中新湊"}],"0031":[{"pref":"富山県","city":"射水市","town":"奈呉の江"}],"0004":[{"pref":"富山県","city":"射水市","town":"西新湊"}],"0026":[{"pref":"富山県","city":"射水市","town":"二の丸町"}],"0048":[{"pref":"富山県","city":"射水市","town":"布目"}],"0043":[{"pref":"富山県","city":"射水市","town":"野村"}],"0025":[{"pref":"富山県","city":"射水市","town":"八幡町"}],"0057":[{"pref":"富山県","city":"射水市","town":"坂東"}],"0022":[{"pref":"富山県","city":"射水市","town":"放生津町"}],"0053":[{"pref":"富山県","city":"射水市","town":"朴木"}],"0021":[{"pref":"富山県","city":"射水市","town":"堀岡新明神（西浜）"}],"0011":[{"pref":"富山県","city":"射水市","town":"本町"}],"0052":[{"pref":"富山県","city":"射水市","town":"松木"}],"0016":[{"pref":"富山県","city":"射水市","town":"三日曽根"}],"0014":[{"pref":"富山県","city":"射水市","town":"緑町"}],"0002":[{"pref":"富山県","city":"射水市","town":"港町"}],"0051":[{"pref":"富山県","city":"射水市","town":"宮袋"}]}