{"0012":[{"pref":"東京都","city":"足立区","town":"青井（４～６丁目）"}],"0823":[{"pref":"東京都","city":"足立区","town":"伊興"}],"0807":[{"pref":"東京都","city":"足立区","town":"伊興本町"}],"0836":[{"pref":"東京都","city":"足立区","town":"入谷"}],"0834":[{"pref":"東京都","city":"足立区","town":"入谷町"}],"0816":[{"pref":"東京都","city":"足立区","town":"梅島"}],"0055":[{"pref":"東京都","city":"足立区","town":"加平"}],"0056":[{"pref":"東京都","city":"足立区","town":"北加平町"}],"0833":[{"pref":"東京都","city":"足立区","town":"古千谷"}],"0832":[{"pref":"東京都","city":"足立区","town":"古千谷本町"}],"0053":[{"pref":"東京都","city":"足立区","town":"佐野"}],"0815":[{"pref":"東京都","city":"足立区","town":"島根"}],"0051":[{"pref":"東京都","city":"足立区","town":"神明"}],"0057":[{"pref":"東京都","city":"足立区","town":"神明南"}],"0813":[{"pref":"東京都","city":"足立区","town":"竹の塚"}],"0054":[{"pref":"東京都","city":"足立区","town":"辰沼"}],"0011":[{"pref":"東京都","city":"足立区","town":"中央本町（３～５丁目）"}],"0831":[{"pref":"東京都","city":"足立区","town":"舎人"}],"0837":[{"pref":"東京都","city":"足立区","town":"舎人公園"}],"0835":[{"pref":"東京都","city":"足立区","town":"舎人町"}],"0824":[{"pref":"東京都","city":"足立区","town":"西伊興"}],"0825":[{"pref":"東京都","city":"足立区","town":"西伊興町"}],"0074":[{"pref":"東京都","city":"足立区","town":"西加平"}],"0822":[{"pref":"東京都","city":"足立区","town":"西竹の塚"}],"0812":[{"pref":"東京都","city":"足立区","town":"西保木間"}],"0061":[{"pref":"東京都","city":"足立区","town":"花畑"}],"0801":[{"pref":"東京都","city":"足立区","town":"東伊興"}],"0063":[{"pref":"東京都","city":"足立区","town":"東保木間"}],"0071":[{"pref":"東京都","city":"足立区","town":"東六月町"}],"0075":[{"pref":"東京都","city":"足立区","town":"一ツ家"}],"0076":[{"pref":"東京都","city":"足立区","town":"平野"}],"0064":[{"pref":"東京都","city":"足立区","town":"保木間"}],"0072":[{"pref":"東京都","city":"足立区","town":"保塚町"}],"0062":[{"pref":"東京都","city":"足立区","town":"南花畑"}],"0052":[{"pref":"東京都","city":"足立区","town":"六木"}],"0814":[{"pref":"東京都","city":"足立区","town":"六月"}],"0073":[{"pref":"東京都","city":"足立区","town":"六町"}]}