{"1101":[{"pref":"栃木県","city":"宇都宮市","town":"下ケ橋町"}],"1102":[{"pref":"栃木県","city":"宇都宮市","town":"白沢町"}],"1103":[{"pref":"栃木県","city":"宇都宮市","town":"東岡本町"}],"1104":[{"pref":"栃木県","city":"宇都宮市","town":"下岡本町"}],"1105":[{"pref":"栃木県","city":"宇都宮市","town":"中岡本町"}],"1106":[{"pref":"栃木県","city":"宇都宮市","town":"上大塚町"}],"1107":[{"pref":"栃木県","city":"宇都宮市","town":"長峰町"}],"1108":[{"pref":"栃木県","city":"宇都宮市","town":"古田町"}],"1111":[{"pref":"栃木県","city":"宇都宮市","town":"逆面町"}],"1112":[{"pref":"栃木県","city":"宇都宮市","town":"上田原町"}],"1113":[{"pref":"栃木県","city":"宇都宮市","town":"相野沢町"}],"1114":[{"pref":"栃木県","city":"宇都宮市","town":"宝井町"}],"1115":[{"pref":"栃木県","city":"宇都宮市","town":"下田原町"}],"1116":[{"pref":"栃木県","city":"宇都宮市","town":"立伏町"}],"1117":[{"pref":"栃木県","city":"宇都宮市","town":"叶谷町"}],"1200":[{"pref":"栃木県","city":"塩谷郡高根沢町","town":"以下に掲載がない場合"}],"1201":[{"pref":"栃木県","city":"塩谷郡高根沢町","town":"柿木沢"}],"1202":[{"pref":"栃木県","city":"塩谷郡高根沢町","town":"狭間田"}],"1203":[{"pref":"栃木県","city":"塩谷郡高根沢町","town":"伏久"}],"1204":[{"pref":"栃木県","city":"塩谷郡高根沢町","town":"文挾"}],"1205":[{"pref":"栃木県","city":"塩谷郡高根沢町","town":"飯室"}],"1206":[{"pref":"栃木県","city":"塩谷郡高根沢町","town":"平田"}],"1207":[{"pref":"栃木県","city":"塩谷郡高根沢町","town":"花岡"}],"1211":[{"pref":"栃木県","city":"塩谷郡高根沢町","town":"亀梨"}],"1212":[{"pref":"栃木県","city":"塩谷郡高根沢町","town":"上柏崎"}],"1213":[{"pref":"栃木県","city":"塩谷郡高根沢町","town":"下柏崎"}],"1214":[{"pref":"栃木県","city":"塩谷郡高根沢町","town":"中柏崎"}],"1215":[{"pref":"栃木県","city":"塩谷郡高根沢町","town":"給部"}],"1216":[{"pref":"栃木県","city":"塩谷郡高根沢町","town":"桑窪"}],"1217":[{"pref":"栃木県","city":"塩谷郡高根沢町","town":"太田"}],"1221":[{"pref":"栃木県","city":"塩谷郡高根沢町","town":"西高谷"}],"1222":[{"pref":"栃木県","city":"塩谷郡高根沢町","town":"寺渡戸"}],"1223":[{"pref":"栃木県","city":"塩谷郡高根沢町","town":"栗ケ島"}],"1224":[{"pref":"栃木県","city":"塩谷郡高根沢町","town":"上高根沢"}],"1225":[{"pref":"栃木県","city":"塩谷郡高根沢町","town":"石末"}],"1226":[{"pref":"栃木県","city":"塩谷郡高根沢町","town":"大谷"}],"1231":[{"pref":"栃木県","city":"塩谷郡高根沢町","town":"宝石台"}],"1232":[{"pref":"栃木県","city":"塩谷郡高根沢町","town":"光陽台"}],"1233":[{"pref":"栃木県","city":"塩谷郡高根沢町","town":"宝積寺"}],"1234":[{"pref":"栃木県","city":"塩谷郡高根沢町","town":"中阿久津"}],"1235":[{"pref":"栃木県","city":"塩谷郡高根沢町","town":"上阿久津"}],"1300":[{"pref":"栃木県","city":"さくら市","town":"以下に掲載がない場合"}],"1301":[{"pref":"栃木県","city":"さくら市","town":"箱森新田"}],"1302":[{"pref":"栃木県","city":"さくら市","town":"松山新田"}],"1303":[{"pref":"栃木県","city":"さくら市","town":"松山"}],"1304":[{"pref":"栃木県","city":"さくら市","town":"鍛冶ケ沢"}],"1305":[{"pref":"栃木県","city":"さくら市","town":"狹間田"}],"1306":[{"pref":"栃木県","city":"さくら市","town":"上野"}],"1311":[{"pref":"栃木県","city":"さくら市","town":"氏家"}],"1312":[{"pref":"栃木県","city":"さくら市","town":"櫻野"}],"1313":[{"pref":"栃木県","city":"さくら市","town":"柿木沢新田"}],"1314":[{"pref":"栃木県","city":"さくら市","town":"柿木沢"}],"1315":[{"pref":"栃木県","city":"さくら市","town":"氏家新田"}],"1316":[{"pref":"栃木県","city":"さくら市","town":"上阿久津"}],"1321":[{"pref":"栃木県","city":"さくら市","town":"馬場"}],"1322":[{"pref":"栃木県","city":"さくら市","town":"北草川"}],"1323":[{"pref":"栃木県","city":"さくら市","town":"卯の里"}],"1324":[{"pref":"栃木県","city":"さくら市","town":"草川"}],"1325":[{"pref":"栃木県","city":"さくら市","town":"大中"}],"1326":[{"pref":"栃木県","city":"さくら市","town":"向河原"}],"1327":[{"pref":"栃木県","city":"さくら市","town":"富野岡"}],"1331":[{"pref":"栃木県","city":"さくら市","town":"松島"}],"1332":[{"pref":"栃木県","city":"さくら市","town":"蒲須坂"}],"1333":[{"pref":"栃木県","city":"さくら市","town":"長久保"}],"1334":[{"pref":"栃木県","city":"さくら市","town":"押上"}],"1401":[{"pref":"栃木県","city":"さくら市","town":"上河戸"}],"1402":[{"pref":"栃木県","city":"さくら市","town":"下河戸"}],"1403":[{"pref":"栃木県","city":"さくら市","town":"穂積"}],"1404":[{"pref":"栃木県","city":"さくら市","town":"鹿子畑"}],"1405":[{"pref":"栃木県","city":"さくら市","town":"金枝"}],"1406":[{"pref":"栃木県","city":"さくら市","town":"南和田"}],"1411":[{"pref":"栃木県","city":"さくら市","town":"鷲宿"}],"1412":[{"pref":"栃木県","city":"さくら市","town":"喜連川"}],"1413":[{"pref":"栃木県","city":"さくら市","town":"葛城"}],"1414":[{"pref":"栃木県","city":"さくら市","town":"早乙女"}],"1415":[{"pref":"栃木県","city":"さくら市","town":"小入"}],"1416":[{"pref":"栃木県","city":"さくら市","town":"桜ケ丘"}],"1417":[{"pref":"栃木県","city":"さくら市","town":"フィオーレ喜連川"}],"1571":[{"pref":"栃木県","city":"矢板市","town":"片岡"}],"1572":[{"pref":"栃木県","city":"矢板市","town":"安沢"}],"1573":[{"pref":"栃木県","city":"矢板市","town":"越畑"}],"1574":[{"pref":"栃木県","city":"矢板市","town":"乙畑"}],"1575":[{"pref":"栃木県","city":"矢板市","town":"大槻"}],"1576":[{"pref":"栃木県","city":"矢板市","town":"石関"}],"1577":[{"pref":"栃木県","city":"矢板市","town":"玉田"}],"1578":[{"pref":"栃木県","city":"矢板市","town":"山苗代"}],"1579":[{"pref":"栃木県","city":"矢板市","town":"こぶし台"}],"2100":[{"pref":"栃木県","city":"矢板市","town":"以下に掲載がない場合"}],"2121":[{"pref":"栃木県","city":"矢板市","town":"荒井"}],"2122":[{"pref":"栃木県","city":"矢板市","town":"針生"}],"2123":[{"pref":"栃木県","city":"矢板市","town":"上町"}],"2124":[{"pref":"栃木県","city":"矢板市","town":"下太田"}],"2131":[{"pref":"栃木県","city":"矢板市","town":"土屋"}],"2132":[{"pref":"栃木県","city":"矢板市","town":"沢"}],"2133":[{"pref":"栃木県","city":"矢板市","town":"豊田"}],"2134":[{"pref":"栃木県","city":"矢板市","town":"成田"}],"2135":[{"pref":"栃木県","city":"矢板市","town":"中"}],"2136":[{"pref":"栃木県","city":"矢板市","town":"東町"}],"2141":[{"pref":"栃木県","city":"矢板市","town":"早川町"}],"2142":[{"pref":"栃木県","city":"矢板市","town":"木幡"}],"2143":[{"pref":"栃木県","city":"矢板市","town":"境林"}],"2144":[{"pref":"栃木県","city":"矢板市","town":"川崎反町"}],"2145":[{"pref":"栃木県","city":"矢板市","town":"富田"}],"2151":[{"pref":"栃木県","city":"矢板市","town":"幸岡"}],"2152":[{"pref":"栃木県","city":"矢板市","town":"館ノ川"}],"2153":[{"pref":"栃木県","city":"矢板市","town":"高塩"}],"2154":[{"pref":"栃木県","city":"矢板市","town":"倉掛"}],"2155":[{"pref":"栃木県","city":"矢板市","town":"片俣"}],"2156":[{"pref":"栃木県","city":"矢板市","town":"塩田"}],"2161":[{"pref":"栃木県","city":"矢板市","town":"扇町"}],"2162":[{"pref":"栃木県","city":"矢板市","town":"末広町"}],"2163":[{"pref":"栃木県","city":"矢板市","town":"鹿島町"}],"2164":[{"pref":"栃木県","city":"矢板市","town":"本町"}],"2165":[{"pref":"栃木県","city":"矢板市","town":"矢板"}],"2200":[{"pref":"栃木県","city":"塩谷郡塩谷町","town":"以下に掲載がない場合"}],"2211":[{"pref":"栃木県","city":"塩谷郡塩谷町","town":"鳥羽新田"}],"2212":[{"pref":"栃木県","city":"塩谷郡塩谷町","town":"喜佐見"}],"2213":[{"pref":"栃木県","city":"塩谷郡塩谷町","town":"熊ノ木"}],"2214":[{"pref":"栃木県","city":"塩谷郡塩谷町","town":"東房"}],"2215":[{"pref":"栃木県","city":"塩谷郡塩谷町","town":"下寺島"}],"2216":[{"pref":"栃木県","city":"塩谷郡塩谷町","town":"上寺島（その他）"}],"2221":[{"pref":"栃木県","city":"塩谷郡塩谷町","town":"玉生"}],"2222":[{"pref":"栃木県","city":"塩谷郡塩谷町","town":"道下"}],"2223":[{"pref":"栃木県","city":"塩谷郡塩谷町","town":"原荻野目"}],"2224":[{"pref":"栃木県","city":"塩谷郡塩谷町","town":"金枝"}],"2225":[{"pref":"栃木県","city":"塩谷郡塩谷町","town":"飯岡"}],"2226":[{"pref":"栃木県","city":"塩谷郡塩谷町","town":"芦場新田"}],"2331":[{"pref":"栃木県","city":"塩谷郡塩谷町","town":"田所"}],"2332":[{"pref":"栃木県","city":"塩谷郡塩谷町","town":"大宮"}],"2333":[{"pref":"栃木県","city":"塩谷郡塩谷町","town":"肘内"}],"2334":[{"pref":"栃木県","city":"塩谷郡塩谷町","town":"大久保"}],"2335":[{"pref":"栃木県","city":"塩谷郡塩谷町","town":"上平"}],"2336":[{"pref":"栃木県","city":"塩谷郡塩谷町","town":"風見"}],"2337":[{"pref":"栃木県","city":"塩谷郡塩谷町","town":"泉"}],"2338":[{"pref":"栃木県","city":"塩谷郡塩谷町","town":"風見山田"}],"2339":[{"pref":"栃木県","city":"塩谷郡塩谷町","town":"上沢"}],"2441":[{"pref":"栃木県","city":"塩谷郡塩谷町","town":"船生"}],"2442":[{"pref":"栃木県","city":"塩谷郡塩谷町","town":"佐貫"}],"2501":[{"pref":"栃木県","city":"矢板市","town":"上伊佐野"}],"2502":[{"pref":"栃木県","city":"矢板市","town":"下伊佐野"}],"2503":[{"pref":"栃木県","city":"矢板市","town":"田野原"}],"2504":[{"pref":"栃木県","city":"矢板市","town":"泉"}],"2505":[{"pref":"栃木県","city":"矢板市","town":"立足"}],"2506":[{"pref":"栃木県","city":"矢板市","town":"平野"}],"2511":[{"pref":"栃木県","city":"矢板市","town":"山田"}],"2512":[{"pref":"栃木県","city":"矢板市","town":"東泉"}],"2513":[{"pref":"栃木県","city":"矢板市","town":"上太田"}],"2514":[{"pref":"栃木県","city":"矢板市","town":"長井"}],"2701":[{"pref":"栃木県","city":"那須塩原市","town":"関根"}],"2702":[{"pref":"栃木県","city":"那須塩原市","town":"東関根"}],"2703":[{"pref":"栃木県","city":"那須塩原市","town":"槻沢"}],"2704":[{"pref":"栃木県","city":"那須塩原市","town":"新南"}],"2705":[{"pref":"栃木県","city":"那須塩原市","town":"南郷屋"}],"2706":[{"pref":"栃木県","city":"那須塩原市","town":"睦"}],"2707":[{"pref":"栃木県","city":"那須塩原市","town":"高柳"}],"2711":[{"pref":"栃木県","city":"那須塩原市","town":"石林"}],"2712":[{"pref":"栃木県","city":"那須塩原市","town":"下永田"}],"2713":[{"pref":"栃木県","city":"那須塩原市","town":"緑"}],"2721":[{"pref":"栃木県","city":"那須塩原市","town":"東町"}],"2722":[{"pref":"栃木県","city":"那須塩原市","town":"西朝日町"}],"2723":[{"pref":"栃木県","city":"那須塩原市","town":"南町"}],"2724":[{"pref":"栃木県","city":"那須塩原市","town":"西幸町"}],"2725":[{"pref":"栃木県","city":"那須塩原市","town":"あたご町"}],"2726":[{"pref":"栃木県","city":"那須塩原市","town":"扇町"}],"2727":[{"pref":"栃木県","city":"那須塩原市","town":"永田町"}],"2728":[{"pref":"栃木県","city":"那須塩原市","town":"西栄町"}],"2731":[{"pref":"栃木県","city":"那須塩原市","town":"二つ室"}],"2732":[{"pref":"栃木県","city":"那須塩原市","town":"一区町"}],"2733":[{"pref":"栃木県","city":"那須塩原市","town":"二区町"}],"2734":[{"pref":"栃木県","city":"那須塩原市","town":"北二つ室"}],"2735":[{"pref":"栃木県","city":"那須塩原市","town":"太夫塚"}],"2741":[{"pref":"栃木県","city":"那須塩原市","town":"北赤田"}],"2742":[{"pref":"栃木県","city":"那須塩原市","town":"東赤田"}],"2743":[{"pref":"栃木県","city":"那須塩原市","town":"南赤田"}],"2744":[{"pref":"栃木県","city":"那須塩原市","town":"西赤田"}],"2745":[{"pref":"栃木県","city":"那須塩原市","town":"三区町"}],"2746":[{"pref":"栃木県","city":"那須塩原市","town":"四区町"}],"2747":[{"pref":"栃木県","city":"那須塩原市","town":"千本松"}],"2748":[{"pref":"栃木県","city":"那須塩原市","town":"上赤田"}],"2751":[{"pref":"栃木県","city":"那須塩原市","town":"東三島"}],"2752":[{"pref":"栃木県","city":"那須塩原市","town":"三島"}],"2753":[{"pref":"栃木県","city":"那須塩原市","town":"五軒町"}],"2754":[{"pref":"栃木県","city":"那須塩原市","town":"西大和"}],"2755":[{"pref":"栃木県","city":"那須塩原市","town":"西原町"}],"2756":[{"pref":"栃木県","city":"那須塩原市","town":"西三島"}],"2761":[{"pref":"栃木県","city":"那須塩原市","town":"東遅沢"}],"2762":[{"pref":"栃木県","city":"那須塩原市","town":"西富山"}],"2763":[{"pref":"栃木県","city":"那須塩原市","town":"井口"}],"2764":[{"pref":"栃木県","city":"那須塩原市","town":"西遅沢"}],"2801":[{"pref":"栃木県","city":"那須塩原市","town":"関谷"}],"2802":[{"pref":"栃木県","city":"那須塩原市","town":"蟇沼"}],"2803":[{"pref":"栃木県","city":"那須塩原市","town":"遅野沢"}],"2804":[{"pref":"栃木県","city":"那須塩原市","town":"折戸"}],"2805":[{"pref":"栃木県","city":"那須塩原市","town":"上横林"}],"2806":[{"pref":"栃木県","city":"那須塩原市","town":"横林"}],"2807":[{"pref":"栃木県","city":"那須塩原市","town":"接骨木"}],"2811":[{"pref":"栃木県","city":"那須塩原市","town":"下田野"}],"2812":[{"pref":"栃木県","city":"那須塩原市","town":"金沢"}],"2813":[{"pref":"栃木県","city":"那須塩原市","town":"高阿津"}],"2814":[{"pref":"栃木県","city":"那須塩原市","town":"上大貫"}],"2815":[{"pref":"栃木県","city":"那須塩原市","town":"下大貫"}],"2816":[{"pref":"栃木県","city":"那須塩原市","town":"宇都野"}],"2921":[{"pref":"栃木県","city":"那須塩原市","town":"塩原"}],"2922":[{"pref":"栃木県","city":"那須塩原市","town":"湯本塩原"}],"2923":[{"pref":"栃木県","city":"那須塩原市","town":"上塩原"}],"2924":[{"pref":"栃木県","city":"那須塩原市","town":"中塩原"}],"3121":[{"pref":"栃木県","city":"那須塩原市","town":"鹿野崎"}],"3122":[{"pref":"栃木県","city":"那須塩原市","town":"塩野崎"}],"3123":[{"pref":"栃木県","city":"那須塩原市","town":"塩野崎新田"}],"3124":[{"pref":"栃木県","city":"那須塩原市","town":"波立"}],"3125":[{"pref":"栃木県","city":"那須塩原市","town":"無栗屋"}],"3126":[{"pref":"栃木県","city":"那須塩原市","town":"中内"}],"3127":[{"pref":"栃木県","city":"那須塩原市","town":"上郷屋"}],"3131":[{"pref":"栃木県","city":"那須塩原市","town":"唐杉"}],"3132":[{"pref":"栃木県","city":"那須塩原市","town":"北弥六"}],"3133":[{"pref":"栃木県","city":"那須塩原市","town":"沓掛"}],"3134":[{"pref":"栃木県","city":"那須塩原市","town":"上大塚新田"}],"3135":[{"pref":"栃木県","city":"那須塩原市","town":"前弥六"}],"3136":[{"pref":"栃木県","city":"那須塩原市","town":"前弥六南町"}],"3141":[{"pref":"栃木県","city":"那須塩原市","town":"山中新田"}],"3142":[{"pref":"栃木県","city":"那須塩原市","town":"佐野"}],"3143":[{"pref":"栃木県","city":"那須塩原市","town":"三本木"}],"3144":[{"pref":"栃木県","city":"那須塩原市","town":"沼野田和"}],"3145":[{"pref":"栃木県","city":"那須塩原市","town":"木曾畑中"}],"3146":[{"pref":"栃木県","city":"那須塩原市","town":"下中野"}],"3147":[{"pref":"栃木県","city":"那須塩原市","town":"東小屋"}],"3151":[{"pref":"栃木県","city":"那須塩原市","town":"北和田"}],"3152":[{"pref":"栃木県","city":"那須塩原市","town":"島方"}],"3153":[{"pref":"栃木県","city":"那須塩原市","town":"大原間"}],"3154":[{"pref":"栃木県","city":"那須塩原市","town":"上中野"}],"3155":[{"pref":"栃木県","city":"那須塩原市","town":"笹沼"}],"3156":[{"pref":"栃木県","city":"那須塩原市","town":"方京"}],"3157":[{"pref":"栃木県","city":"那須塩原市","town":"大原間西"}],"3200":[{"pref":"栃木県","city":"那須郡那須町","town":"以下に掲載がない場合"}],"3211":[{"pref":"栃木県","city":"那須郡那須町","town":"豊原甲"}],"3212":[{"pref":"栃木県","city":"那須郡那須町","town":"富岡"}],"3213":[{"pref":"栃木県","city":"那須郡那須町","town":"豊原"}],"3214":[{"pref":"栃木県","city":"那須郡那須町","town":"横岡（１５６３、１６６０、１６７０、１７２８、１７３６、１７４"},{"pref":"栃木県","city":"那須郡那須町","town":"８、１７６７－４番地）"}],"3215":[{"pref":"栃木県","city":"那須郡那須町","town":"寺子乙（その他）"}],"3221":[{"pref":"栃木県","city":"那須郡那須町","town":"漆塚"}],"3222":[{"pref":"栃木県","city":"那須郡那須町","town":"寺子丙"}],"3223":[{"pref":"栃木県","city":"那須郡那須町","town":"大島"}],"3224":[{"pref":"栃木県","city":"那須郡那須町","town":"豊原乙"}],"3225":[{"pref":"栃木県","city":"那須郡那須町","town":"豊原丙"}],"3431":[{"pref":"栃木県","city":"那須郡那須町","town":"大畑"}],"3432":[{"pref":"栃木県","city":"那須郡那須町","town":"梓"}],"3433":[{"pref":"栃木県","city":"那須郡那須町","town":"大和須"}],"3434":[{"pref":"栃木県","city":"那須郡那須町","town":"梁瀬"}],"3435":[{"pref":"栃木県","city":"那須郡那須町","town":"睦家"}],"3436":[{"pref":"栃木県","city":"那須郡那須町","town":"伊王野"}],"3437":[{"pref":"栃木県","city":"那須郡那須町","town":"蓑沢"}],"3441":[{"pref":"栃木県","city":"那須郡那須町","town":"寄居"}],"3442":[{"pref":"栃木県","city":"那須郡那須町","town":"横岡（その他）"}],"3443":[{"pref":"栃木県","city":"那須郡那須町","town":"芦野"}],"3444":[{"pref":"栃木県","city":"那須郡那須町","town":"寺子（７０～１８０番地）"}],"3445":[{"pref":"栃木県","city":"那須郡那須町","town":"東岩崎"}],"3446":[{"pref":"栃木県","city":"那須郡那須町","town":"沼野井"}],"3447":[{"pref":"栃木県","city":"那須郡那須町","town":"稲沢"}],"4211":[{"pref":"栃木県","city":"足利市","town":"西場町"}],"4212":[{"pref":"栃木県","city":"足利市","town":"稲岡町"}],"4213":[{"pref":"栃木県","city":"足利市","town":"寺岡町"}],"4214":[{"pref":"栃木県","city":"足利市","town":"多田木町"}],"4215":[{"pref":"栃木県","city":"足利市","town":"奥戸町"}],"4216":[{"pref":"栃木県","city":"足利市","town":"迫間町"}],"4217":[{"pref":"栃木県","city":"足利市","town":"駒場町"}],"4301":[{"pref":"栃木県","city":"栃木市","town":"岩舟町鷲巣"}],"4302":[{"pref":"栃木県","city":"栃木市","town":"岩舟町五十畑"}],"4303":[{"pref":"栃木県","city":"栃木市","town":"岩舟町和泉"}],"4304":[{"pref":"栃木県","city":"栃木市","town":"岩舟町静和"}],"4305":[{"pref":"栃木県","city":"栃木市","town":"岩舟町静戸"}],"4306":[{"pref":"栃木県","city":"栃木市","town":"岩舟町曲ケ島"}],"4307":[{"pref":"栃木県","city":"栃木市","town":"岩舟町静"}],"4308":[{"pref":"栃木県","city":"栃木市","town":"岩舟町下津原"}],"4309":[{"pref":"栃木県","city":"栃木市","town":"岩舟町畳岡"}],"4311":[{"pref":"栃木県","city":"栃木市","town":"岩舟町古江"}],"4312":[{"pref":"栃木県","city":"栃木市","town":"岩舟町下岡"}],"4313":[{"pref":"栃木県","city":"栃木市","town":"岩舟町上岡"}],"4314":[{"pref":"栃木県","city":"栃木市","town":"岩舟町小野寺"}],"4315":[{"pref":"栃木県","city":"栃木市","town":"岩舟町三谷"}],"4316":[{"pref":"栃木県","city":"栃木市","town":"岩舟町新里"}],"4401":[{"pref":"栃木県","city":"栃木市","town":"大平町牛久"}],"4402":[{"pref":"栃木県","city":"栃木市","town":"大平町土与"}],"4403":[{"pref":"栃木県","city":"栃木市","town":"大平町蔵井"}],"4404":[{"pref":"栃木県","city":"栃木市","town":"大平町富田"}],"4405":[{"pref":"栃木県","city":"栃木市","town":"大平町西山田"}],"4406":[{"pref":"栃木県","city":"栃木市","town":"大平町下皆川"}],"4407":[{"pref":"栃木県","city":"栃木市","town":"大平町川連"}],"4411":[{"pref":"栃木県","city":"栃木市","town":"大平町横堀"}],"4412":[{"pref":"栃木県","city":"栃木市","town":"大平町北武井"}],"4413":[{"pref":"栃木県","city":"栃木市","town":"大平町上高島"}],"4414":[{"pref":"栃木県","city":"栃木市","town":"大平町下高島"}],"4415":[{"pref":"栃木県","city":"栃木市","town":"大平町真弓"}],"4421":[{"pref":"栃木県","city":"栃木市","town":"大平町西野田"}],"4422":[{"pref":"栃木県","city":"栃木市","town":"大平町榎本"}],"4423":[{"pref":"栃木県","city":"栃木市","town":"大平町西水代"}],"4424":[{"pref":"栃木県","city":"栃木市","town":"大平町伯仲"}],"4425":[{"pref":"栃木県","city":"栃木市","town":"大平町新"}],"0316":[{"pref":"栃木県","city":"栃木市","town":"藤岡町石川"}],"0317":[{"pref":"栃木県","city":"栃木市","town":"藤岡町帯刀"}],"0311":[{"pref":"栃木県","city":"栃木市","town":"藤岡町富吉"}],"0319":[{"pref":"栃木県","city":"栃木市","town":"藤岡町中根"}],"0318":[{"pref":"栃木県","city":"栃木市","town":"藤岡町西前原"}],"0314":[{"pref":"栃木県","city":"栃木市","town":"藤岡町新波"}],"0312":[{"pref":"栃木県","city":"栃木市","town":"藤岡町蛭沼"}],"0315":[{"pref":"栃木県","city":"栃木市","town":"藤岡町部屋"}],"0313":[{"pref":"栃木県","city":"栃木市","town":"藤岡町緑川"}],"0211":[{"pref":"栃木県","city":"小山市","town":"暁"}],"0215":[{"pref":"栃木県","city":"小山市","town":"網戸"}],"0201":[{"pref":"栃木県","city":"小山市","town":"粟宮"}],"0207":[{"pref":"栃木県","city":"小山市","town":"美しが丘"}],"0228":[{"pref":"栃木県","city":"小山市","town":"押切"}],"0214":[{"pref":"栃木県","city":"小山市","town":"乙女"}],"0229":[{"pref":"栃木県","city":"小山市","town":"鏡"}],"0222":[{"pref":"栃木県","city":"小山市","town":"上生井"}],"0221":[{"pref":"栃木県","city":"小山市","town":"生良"}],"0226":[{"pref":"栃木県","city":"小山市","town":"寒川"}],"0223":[{"pref":"栃木県","city":"小山市","town":"下生井"}],"0224":[{"pref":"栃木県","city":"小山市","town":"白鳥"}],"0202":[{"pref":"栃木県","city":"小山市","town":"千駄塚"}],"0227":[{"pref":"栃木県","city":"小山市","town":"中里"}],"0216":[{"pref":"栃木県","city":"小山市","town":"楢木"}],"0203":[{"pref":"栃木県","city":"小山市","town":"西黒田"}],"0225":[{"pref":"栃木県","city":"小山市","town":"迫間田"}],"0204":[{"pref":"栃木県","city":"小山市","town":"東黒田"}],"0206":[{"pref":"栃木県","city":"小山市","town":"東間々田"}],"0212":[{"pref":"栃木県","city":"小山市","town":"平和"}],"0205":[{"pref":"栃木県","city":"小山市","town":"間々田"}],"0213":[{"pref":"栃木県","city":"小山市","town":"南飯田"}],"0217":[{"pref":"栃木県","city":"小山市","town":"南乙女"}],"0400":[{"pref":"栃木県","city":"下野市","town":"以下に掲載がない場合"}],"0511":[{"pref":"栃木県","city":"下野市","town":"石橋"}],"0403":[{"pref":"栃木県","city":"下野市","town":"医大前"}],"0413":[{"pref":"栃木県","city":"下野市","town":"駅東"}],"0519":[{"pref":"栃木県","city":"下野市","town":"大松山"}],"0501":[{"pref":"栃木県","city":"下野市","town":"上古山"}],"0504":[{"pref":"栃木県","city":"下野市","town":"上台"}],"0517":[{"pref":"栃木県","city":"下野市","town":"上大領"}],"0411":[{"pref":"栃木県","city":"下野市","town":"烏ケ森"}],"0415":[{"pref":"栃木県","city":"下野市","town":"川中子"}],"0434":[{"pref":"栃木県","city":"下野市","town":"祇園"}],"0414":[{"pref":"栃木県","city":"下野市","town":"小金井"}],"0417":[{"pref":"栃木県","city":"下野市","town":"国分寺"}],"0402":[{"pref":"栃木県","city":"下野市","town":"笹原"}],"0412":[{"pref":"栃木県","city":"下野市","town":"柴"}],"0512":[{"pref":"栃木県","city":"下野市","town":"下石橋"}],"0502":[{"pref":"栃木県","city":"下野市","town":"下古山"}],"0513":[{"pref":"栃木県","city":"下野市","town":"下大領"}],"0503":[{"pref":"栃木県","city":"下野市","town":"下長田"}],"0424":[{"pref":"栃木県","city":"下野市","town":"下文狹"}],"0516":[{"pref":"栃木県","city":"下野市","town":"大光寺"}],"0425":[{"pref":"栃木県","city":"下野市","town":"田中"}],"0515":[{"pref":"栃木県","city":"下野市","town":"中大領"}],"0421":[{"pref":"栃木県","city":"下野市","town":"成田"}],"0432":[{"pref":"栃木県","city":"下野市","town":"仁良川"}],"0506":[{"pref":"栃木県","city":"下野市","town":"橋本"}],"0518":[{"pref":"栃木県","city":"下野市","town":"花の木"}],"0514":[{"pref":"栃木県","city":"下野市","town":"東前原"}],"0507":[{"pref":"栃木県","city":"下野市","town":"文教"}],"0505":[{"pref":"栃木県","city":"下野市","town":"細谷"}],"0422":[{"pref":"栃木県","city":"下野市","town":"町田"}],"0433":[{"pref":"栃木県","city":"下野市","town":"緑"}],"0401":[{"pref":"栃木県","city":"下野市","town":"箕輪"}],"0418":[{"pref":"栃木県","city":"下野市","town":"紫"}],"0431":[{"pref":"栃木県","city":"下野市","town":"薬師寺"}],"0423":[{"pref":"栃木県","city":"下野市","town":"谷地賀"}],"0600":[{"pref":"栃木県","city":"河内郡上三川町","town":"以下に掲載がない場合"}],"0521":[{"pref":"栃木県","city":"河内郡上三川町","town":"石田"}],"0606":[{"pref":"栃木県","city":"河内郡上三川町","town":"磯岡"}],"0525":[{"pref":"栃木県","city":"河内郡上三川町","town":"大山"}],"0617":[{"pref":"栃木県","city":"河内郡上三川町","town":"上蒲生"}],"0527":[{"pref":"栃木県","city":"河内郡上三川町","town":"上神主"}],"0604":[{"pref":"栃木県","city":"河内郡上三川町","town":"上郷"}],"0611":[{"pref":"栃木県","city":"河内郡上三川町","town":"上三川"}],"0601":[{"pref":"栃木県","city":"河内郡上三川町","town":"上文挾"}],"0522":[{"pref":"栃木県","city":"河内郡上三川町","town":"川中子"}],"0614":[{"pref":"栃木県","city":"河内郡上三川町","town":"五分一"}],"0613":[{"pref":"栃木県","city":"河内郡上三川町","town":"坂上"}],"0526":[{"pref":"栃木県","city":"河内郡上三川町","town":"鞘堂"}],"0612":[{"pref":"栃木県","city":"河内郡上三川町","town":"三本木"}],"0616":[{"pref":"栃木県","city":"河内郡上三川町","town":"下蒲生"}],"0529":[{"pref":"栃木県","city":"河内郡上三川町","town":"下神主"}],"0618":[{"pref":"栃木県","city":"河内郡上三川町","town":"しらさぎ"}],"0524":[{"pref":"栃木県","city":"河内郡上三川町","town":"多功"}],"0530":[{"pref":"栃木県","city":"河内郡上三川町","town":"天神町"}],"0608":[{"pref":"栃木県","city":"河内郡上三川町","town":"西木代"}],"0605":[{"pref":"栃木県","city":"河内郡上三川町","town":"西蓼沼"}],"0607":[{"pref":"栃木県","city":"河内郡上三川町","town":"西汗"}],"0603":[{"pref":"栃木県","city":"河内郡上三川町","town":"東蓼沼"}],"0602":[{"pref":"栃木県","city":"河内郡上三川町","town":"東汗"}],"0615":[{"pref":"栃木県","city":"河内郡上三川町","town":"三村"}],"0523":[{"pref":"栃木県","city":"河内郡上三川町","town":"梁"}],"0528":[{"pref":"栃木県","city":"河内郡上三川町","town":"ゆうきが丘"}],"0100":[{"pref":"栃木県","city":"下都賀郡野木町","town":"以下に掲載がない場合"}],"0102":[{"pref":"栃木県","city":"下都賀郡野木町","town":"潤島"}],"0105":[{"pref":"栃木県","city":"下都賀郡野木町","town":"川田"}],"0104":[{"pref":"栃木県","city":"下都賀郡野木町","town":"佐川野"}],"0101":[{"pref":"栃木県","city":"下都賀郡野木町","town":"友沼"}],"0113":[{"pref":"栃木県","city":"下都賀郡野木町","town":"中谷"}],"0114":[{"pref":"栃木県","city":"下都賀郡野木町","town":"野木"}],"0115":[{"pref":"栃木県","city":"下都賀郡野木町","town":"野渡"}],"0111":[{"pref":"栃木県","city":"下都賀郡野木町","town":"丸林"}],"0112":[{"pref":"栃木県","city":"下都賀郡野木町","town":"南赤塚"}],"0103":[{"pref":"栃木県","city":"下都賀郡野木町","town":"若林"}]}