{"8001":[{"pref":"北海道","city":"札幌市北区","town":"太平一条"}],"8002":[{"pref":"北海道","city":"札幌市北区","town":"太平二条"}],"8003":[{"pref":"北海道","city":"札幌市北区","town":"太平三条"}],"8004":[{"pref":"北海道","city":"札幌市北区","town":"太平四条"}],"8005":[{"pref":"北海道","city":"札幌市北区","town":"太平五条"}],"8006":[{"pref":"北海道","city":"札幌市北区","town":"太平六条"}],"8007":[{"pref":"北海道","city":"札幌市北区","town":"太平七条"}],"8008":[{"pref":"北海道","city":"札幌市北区","town":"太平八条"}],"8009":[{"pref":"北海道","city":"札幌市北区","town":"太平九条"}],"8010":[{"pref":"北海道","city":"札幌市北区","town":"太平十条"}],"8011":[{"pref":"北海道","city":"札幌市北区","town":"太平十一条"}],"8012":[{"pref":"北海道","city":"札幌市北区","town":"太平十二条"}],"8021":[{"pref":"北海道","city":"札幌市北区","town":"篠路一条"}],"8022":[{"pref":"北海道","city":"札幌市北区","town":"篠路二条"}],"8023":[{"pref":"北海道","city":"札幌市北区","town":"篠路三条"}],"8024":[{"pref":"北海道","city":"札幌市北区","town":"篠路四条"}],"8025":[{"pref":"北海道","city":"札幌市北区","town":"篠路五条"}],"8026":[{"pref":"北海道","city":"札幌市北区","town":"篠路六条"}],"8027":[{"pref":"北海道","city":"札幌市北区","town":"篠路七条"}],"8028":[{"pref":"北海道","city":"札幌市北区","town":"篠路八条"}],"8029":[{"pref":"北海道","city":"札幌市北区","town":"篠路九条"}],"8030":[{"pref":"北海道","city":"札幌市北区","town":"篠路十条"}],"8031":[{"pref":"北海道","city":"札幌市北区","town":"西茨戸一条"}],"8032":[{"pref":"北海道","city":"札幌市北区","town":"西茨戸二条"}],"8033":[{"pref":"北海道","city":"札幌市北区","town":"西茨戸三条"}],"8034":[{"pref":"北海道","city":"札幌市北区","town":"西茨戸四条"}],"8035":[{"pref":"北海道","city":"札幌市北区","town":"西茨戸五条"}],"8036":[{"pref":"北海道","city":"札幌市北区","town":"西茨戸六条"}],"8037":[{"pref":"北海道","city":"札幌市北区","town":"西茨戸七条"}],"8038":[{"pref":"北海道","city":"札幌市北区","town":"西茨戸"}],"8041":[{"pref":"北海道","city":"札幌市北区","town":"東茨戸一条"}],"8042":[{"pref":"北海道","city":"札幌市北区","town":"東茨戸二条"}],"8043":[{"pref":"北海道","city":"札幌市北区","town":"東茨戸"}],"8044":[{"pref":"北海道","city":"札幌市北区","town":"東茨戸三条"}],"8045":[{"pref":"北海道","city":"札幌市北区","town":"東茨戸四条"}],"8051":[{"pref":"北海道","city":"札幌市北区","town":"篠路町太平"}],"8052":[{"pref":"北海道","city":"札幌市北区","town":"篠路町上篠路"}],"8053":[{"pref":"北海道","city":"札幌市北区","town":"篠路町篠路"}],"8054":[{"pref":"北海道","city":"札幌市北区","town":"篠路町拓北"}],"8055":[{"pref":"北海道","city":"札幌市北区","town":"篠路町福移"}],"8061":[{"pref":"北海道","city":"札幌市北区","town":"拓北一条"}],"8062":[{"pref":"北海道","city":"札幌市北区","town":"拓北二条"}],"8063":[{"pref":"北海道","city":"札幌市北区","town":"拓北三条"}],"8064":[{"pref":"北海道","city":"札幌市北区","town":"拓北四条"}],"8065":[{"pref":"北海道","city":"札幌市北区","town":"拓北五条"}],"8066":[{"pref":"北海道","city":"札幌市北区","town":"拓北六条"}],"8067":[{"pref":"北海道","city":"札幌市北区","town":"拓北七条"}],"8068":[{"pref":"北海道","city":"札幌市北区","town":"拓北八条"}],"8071":[{"pref":"北海道","city":"札幌市北区","town":"あいの里一条"}],"8072":[{"pref":"北海道","city":"札幌市北区","town":"あいの里二条"}],"8073":[{"pref":"北海道","city":"札幌市北区","town":"あいの里三条"}],"8074":[{"pref":"北海道","city":"札幌市北区","town":"あいの里四条"}],"8075":[{"pref":"北海道","city":"札幌市北区","town":"あいの里五条"}],"8081":[{"pref":"北海道","city":"札幌市北区","town":"百合が原"}],"8082":[{"pref":"北海道","city":"札幌市北区","town":"百合が原公園"}],"8089":[{"pref":"北海道","city":"石狩郡当別町","town":"ビトエ（中島）"}],"8091":[{"pref":"北海道","city":"札幌市北区","town":"南あいの里"}],"0851":[{"pref":"北海道","city":"札幌市北区","town":"屯田一条"}],"0852":[{"pref":"北海道","city":"札幌市北区","town":"屯田二条"}],"0853":[{"pref":"北海道","city":"札幌市北区","town":"屯田三条"}],"0854":[{"pref":"北海道","city":"札幌市北区","town":"屯田四条"}],"0855":[{"pref":"北海道","city":"札幌市北区","town":"屯田五条"}],"0856":[{"pref":"北海道","city":"札幌市北区","town":"屯田六条"}],"0857":[{"pref":"北海道","city":"札幌市北区","town":"屯田七条"}],"0858":[{"pref":"北海道","city":"札幌市北区","town":"屯田八条"}],"0859":[{"pref":"北海道","city":"札幌市北区","town":"屯田九条"}],"0860":[{"pref":"北海道","city":"札幌市北区","town":"屯田十条"}],"0861":[{"pref":"北海道","city":"札幌市北区","town":"屯田十一条"}],"0865":[{"pref":"北海道","city":"札幌市北区","town":"屯田町"}]}