{"0000":[{"pref":"愛知県","city":"犬山市","town":"以下に掲載がない場合"}],"0945":[{"pref":"愛知県","city":"犬山市","town":"青塚"}],"0921":[{"pref":"愛知県","city":"犬山市","town":"味加田"}],"0837":[{"pref":"愛知県","city":"犬山市","town":"荒井"}],"0887":[{"pref":"愛知県","city":"犬山市","town":"池田"}],"0032":[{"pref":"愛知県","city":"犬山市","town":"池野安楽寺"}],"0862":[{"pref":"愛知県","city":"犬山市","town":"石塚"}],"0053":[{"pref":"愛知県","city":"犬山市","town":"石畑"}],"0056":[{"pref":"愛知県","city":"犬山市","town":"稲干場"}],"0081":[{"pref":"愛知県","city":"犬山市","town":"犬山"}],"0033":[{"pref":"愛知県","city":"犬山市","town":"井ノ元"}],"0005":[{"pref":"愛知県","city":"犬山市","town":"今井"}],"0021":[{"pref":"愛知県","city":"犬山市","town":"杁下"}],"0008":[{"pref":"愛知県","city":"犬山市","town":"岩穴"}],"0872":[{"pref":"愛知県","city":"犬山市","town":"岩田"}],"0055":[{"pref":"愛知県","city":"犬山市","town":"牛岩"}],"0047":[{"pref":"愛知県","city":"犬山市","town":"内久保"}],"0071":[{"pref":"愛知県","city":"犬山市","town":"内田東町"}],"0026":[{"pref":"愛知県","city":"犬山市","town":"内屋敷"}],"0074":[{"pref":"愛知県","city":"犬山市","town":"梅坪"}],"0854":[{"pref":"愛知県","city":"犬山市","town":"裏之門"}],"0035":[{"pref":"愛知県","city":"犬山市","town":"裏山"}],"0902":[{"pref":"愛知県","city":"犬山市","town":"追分"}],"0903":[{"pref":"愛知県","city":"犬山市","town":"追分東"}],"0034":[{"pref":"愛知県","city":"犬山市","town":"大洞"}],"0962":[{"pref":"愛知県","city":"犬山市","town":"落添"}],"0001":[{"pref":"愛知県","city":"犬山市","town":"垣ノ内"}],"0901":[{"pref":"愛知県","city":"犬山市","town":"柿畑"}],"0955":[{"pref":"愛知県","city":"犬山市","town":"角池"}],"0936":[{"pref":"愛知県","city":"犬山市","town":"楽田青塚"}],"0944":[{"pref":"愛知県","city":"犬山市","town":"楽田安師"}],"0926":[{"pref":"愛知県","city":"犬山市","town":"楽田一色浦"}],"0874":[{"pref":"愛知県","city":"犬山市","town":"楽田今村"}],"0048":[{"pref":"愛知県","city":"犬山市","town":"楽田内久保"}],"0843":[{"pref":"愛知県","city":"犬山市","town":"楽田打越"}],"0924":[{"pref":"愛知県","city":"犬山市","town":"楽田大橋"}],"0904":[{"pref":"愛知県","city":"犬山市","town":"楽田勝部前"}],"0915":[{"pref":"愛知県","city":"犬山市","town":"楽田上沼"}],"0841":[{"pref":"愛知県","city":"犬山市","town":"楽田小針"}],"0907":[{"pref":"愛知県","city":"犬山市","town":"楽田地蔵池"}],"0947":[{"pref":"愛知県","city":"犬山市","town":"楽田大円"}],"0963":[{"pref":"愛知県","city":"犬山市","town":"楽田鶴池"}],"0856":[{"pref":"愛知県","city":"犬山市","town":"楽田天神"}],"0811":[{"pref":"愛知県","city":"犬山市","town":"楽田長塚東"}],"0819":[{"pref":"愛知県","city":"犬山市","town":"楽田長塚西"}],"0916":[{"pref":"愛知県","city":"犬山市","town":"楽田西浦"}],"0925":[{"pref":"愛知県","city":"犬山市","town":"楽田西野"}],"0942":[{"pref":"愛知県","city":"犬山市","town":"楽田巾"}],"0816":[{"pref":"愛知県","city":"犬山市","town":"楽田原東"}],"0885":[{"pref":"愛知県","city":"犬山市","town":"楽田原西"}],"0877":[{"pref":"愛知県","city":"犬山市","town":"楽田東追分"}],"0879":[{"pref":"愛知県","city":"犬山市","town":"楽田三ツ塚"}],"0846":[{"pref":"愛知県","city":"犬山市","town":"楽田山ノ田"}],"0964":[{"pref":"愛知県","city":"犬山市","town":"上榎島"}],"0059":[{"pref":"愛知県","city":"犬山市","town":"上坂町"}],"0077":[{"pref":"愛知県","city":"犬山市","town":"上野"}],"0078":[{"pref":"愛知県","city":"犬山市","town":"上野新町"}],"0043":[{"pref":"愛知県","city":"犬山市","town":"上ノ田"}],"0952":[{"pref":"愛知県","city":"犬山市","town":"上舞台"}],"0851":[{"pref":"愛知県","city":"犬山市","town":"烏杜"}],"0914":[{"pref":"愛知県","city":"犬山市","town":"観音浦"}],"0818":[{"pref":"愛知県","city":"犬山市","town":"北浦"}],"0922":[{"pref":"愛知県","city":"犬山市","town":"北大橋"}],"0082":[{"pref":"愛知県","city":"犬山市","town":"北古券"}],"0011":[{"pref":"愛知県","city":"犬山市","town":"北高根"}],"0823":[{"pref":"愛知県","city":"犬山市","town":"北大門"}],"0911":[{"pref":"愛知県","city":"犬山市","town":"北之門"}],"0959":[{"pref":"愛知県","city":"犬山市","town":"北平塚"}],"0824":[{"pref":"愛知県","city":"犬山市","town":"北洞"}],"0024":[{"pref":"愛知県","city":"犬山市","town":"喜六屋敷"}],"0867":[{"pref":"愛知県","city":"犬山市","town":"九左エ門廻り"}],"0027":[{"pref":"愛知県","city":"犬山市","town":"倉曽洞"}],"0002":[{"pref":"愛知県","city":"犬山市","town":"栗栖"}],"0878":[{"pref":"愛知県","city":"犬山市","town":"栗林"}],"0014":[{"pref":"愛知県","city":"犬山市","town":"郷中"}],"0815":[{"pref":"愛知県","city":"犬山市","town":"郷東"}],"0817":[{"pref":"愛知県","city":"犬山市","town":"郷西"}],"0838":[{"pref":"愛知県","city":"犬山市","town":"小路"}],"0957":[{"pref":"愛知県","city":"犬山市","town":"五反田"}],"0079":[{"pref":"愛知県","city":"犬山市","town":"木津"}],"0015":[{"pref":"愛知県","city":"犬山市","town":"御殿屋敷"}],"0855":[{"pref":"愛知県","city":"犬山市","town":"小洞"}],"0066":[{"pref":"愛知県","city":"犬山市","town":"五郎丸"}],"0966":[{"pref":"愛知県","city":"犬山市","town":"五郎丸二タ俣"}],"0065":[{"pref":"愛知県","city":"犬山市","town":"五郎丸東"}],"0018":[{"pref":"愛知県","city":"犬山市","town":"佐ケ瀬"}],"0844":[{"pref":"愛知県","city":"犬山市","town":"鷺山"}],"0019":[{"pref":"愛知県","city":"犬山市","town":"四季の丘"}],"0017":[{"pref":"愛知県","city":"犬山市","town":"篠平"}],"0965":[{"pref":"愛知県","city":"犬山市","town":"下榎島"}],"0842":[{"pref":"愛知県","city":"犬山市","town":"下小針"}],"0923":[{"pref":"愛知県","city":"犬山市","town":"下沼"}],"0953":[{"pref":"愛知県","city":"犬山市","town":"下舞台"}],"0044":[{"pref":"愛知県","city":"犬山市","town":"下屋敷"}],"0007":[{"pref":"愛知県","city":"犬山市","town":"十三塚"}],"0825":[{"pref":"愛知県","city":"犬山市","town":"常福寺洞"}],"0858":[{"pref":"愛知県","city":"犬山市","town":"城山"}],"0956":[{"pref":"愛知県","city":"犬山市","town":"新川"}],"0003":[{"pref":"愛知県","city":"犬山市","town":"善師野"}],"0004":[{"pref":"愛知県","city":"犬山市","town":"善師野台"}],"0869":[{"pref":"愛知県","city":"犬山市","town":"惣作"}],"0908":[{"pref":"愛知県","city":"犬山市","town":"大上戸"}],"0058":[{"pref":"愛知県","city":"犬山市","town":"大門"}],"0845":[{"pref":"愛知県","city":"犬山市","town":"高坪"}],"0814":[{"pref":"愛知県","city":"犬山市","town":"高根"}],"0961":[{"pref":"愛知県","city":"犬山市","town":"太吉屋敷"}],"0009":[{"pref":"愛知県","city":"犬山市","town":"田口"}],"0041":[{"pref":"愛知県","city":"犬山市","town":"長者町"}],"0091":[{"pref":"愛知県","city":"犬山市","town":"継鹿尾"}],"0917":[{"pref":"愛知県","city":"犬山市","town":"土取"}],"0023":[{"pref":"愛知県","city":"犬山市","town":"堤下"}],"0013":[{"pref":"愛知県","city":"犬山市","town":"寺洞"}],"0866":[{"pref":"愛知県","city":"犬山市","town":"寺西"}],"0873":[{"pref":"愛知県","city":"犬山市","town":"天王前"}],"0073":[{"pref":"愛知県","city":"犬山市","town":"天神町"}],"0094":[{"pref":"愛知県","city":"犬山市","town":"塔野地"}],"0095":[{"pref":"愛知県","city":"犬山市","town":"塔野地杉"}],"0096":[{"pref":"愛知県","city":"犬山市","town":"塔野地西"}],"0097":[{"pref":"愛知県","city":"犬山市","town":"塔野地北"}],"0831":[{"pref":"愛知県","city":"犬山市","town":"堂屋敷"}],"0092":[{"pref":"愛知県","city":"犬山市","town":"富岡"}],"0099":[{"pref":"愛知県","city":"犬山市","town":"富岡新町"}],"0093":[{"pref":"愛知県","city":"犬山市","town":"富岡東"}],"0098":[{"pref":"愛知県","city":"犬山市","town":"富岡南"}],"0857":[{"pref":"愛知県","city":"犬山市","town":"外屋敷"}],"0913":[{"pref":"愛知県","city":"犬山市","town":"鳥屋越"}],"0934":[{"pref":"愛知県","city":"犬山市","town":"中唐曽"}],"0822":[{"pref":"愛知県","city":"犬山市","town":"中切"}],"0852":[{"pref":"愛知県","city":"犬山市","town":"中小針"}],"0045":[{"pref":"愛知県","city":"犬山市","town":"仲畑"}],"0919":[{"pref":"愛知県","city":"犬山市","town":"中道"}],"0054":[{"pref":"愛知県","city":"犬山市","town":"仲屋敷"}],"0087":[{"pref":"愛知県","city":"犬山市","town":"中山町"}],"0928":[{"pref":"愛知県","city":"犬山市","town":"七ツ屋"}],"0037":[{"pref":"愛知県","city":"犬山市","town":"西片草"}],"0935":[{"pref":"愛知県","city":"犬山市","town":"西唐曽"}],"0905":[{"pref":"愛知県","city":"犬山市","town":"西北野"}],"0036":[{"pref":"愛知県","city":"犬山市","town":"西桑原"}],"0085":[{"pref":"愛知県","city":"犬山市","town":"西古券"}],"0948":[{"pref":"愛知県","city":"犬山市","town":"西大円"}],"0932":[{"pref":"愛知県","city":"犬山市","town":"西野"}],"0029":[{"pref":"愛知県","city":"犬山市","town":"西洞"}],"0918":[{"pref":"愛知県","city":"犬山市","town":"ニタ田"}],"0042":[{"pref":"愛知県","city":"犬山市","town":"二本木"}],"0863":[{"pref":"愛知県","city":"犬山市","town":"野田"}],"0025":[{"pref":"愛知県","city":"犬山市","town":"野中"}],"0022":[{"pref":"愛知県","city":"犬山市","town":"白山洞"}],"0894":[{"pref":"愛知県","city":"犬山市","town":"羽黒"}],"0806":[{"pref":"愛知県","city":"犬山市","town":"羽黒朝日"}],"0899":[{"pref":"愛知県","city":"犬山市","town":"羽黒稲葉東"}],"0898":[{"pref":"愛知県","city":"犬山市","town":"羽黒稲葉西"}],"0884":[{"pref":"愛知県","city":"犬山市","town":"羽黒起"}],"0891":[{"pref":"愛知県","city":"犬山市","town":"羽黒恩田島"}],"0882":[{"pref":"愛知県","city":"犬山市","town":"羽黒菊川"}],"0893":[{"pref":"愛知県","city":"犬山市","town":"羽黒栄"}],"0804":[{"pref":"愛知県","city":"犬山市","town":"羽黒桜海道"}],"0803":[{"pref":"愛知県","city":"犬山市","town":"羽黒新赤坂"}],"0888":[{"pref":"愛知県","city":"犬山市","town":"羽黒新田"}],"0805":[{"pref":"愛知県","city":"犬山市","town":"羽黒新外山"}],"0895":[{"pref":"愛知県","city":"犬山市","town":"羽黒摺墨"}],"0892":[{"pref":"愛知県","city":"犬山市","town":"羽黒惣境"}],"0889":[{"pref":"愛知県","city":"犬山市","town":"羽黒高橋"}],"0897":[{"pref":"愛知県","city":"犬山市","town":"羽黒堂前"}],"0881":[{"pref":"愛知県","city":"犬山市","town":"羽黒成海西"}],"0883":[{"pref":"愛知県","city":"犬山市","town":"羽黒成海南"}],"0807":[{"pref":"愛知県","city":"犬山市","town":"羽黒鉾添"}],"0802":[{"pref":"愛知県","city":"犬山市","town":"羽黒安戸西"}],"0801":[{"pref":"愛知県","city":"犬山市","town":"羽黒安戸南"}],"0896":[{"pref":"愛知県","city":"犬山市","town":"羽黒余町"}],"0076":[{"pref":"愛知県","city":"犬山市","town":"橋爪"}],"0075":[{"pref":"愛知県","city":"犬山市","town":"橋爪東"}],"0835":[{"pref":"愛知県","city":"犬山市","town":"蓮池"}],"0006":[{"pref":"愛知県","city":"犬山市","town":"八曽"}],"0951":[{"pref":"愛知県","city":"犬山市","town":"八反田"}],"0943":[{"pref":"愛知県","city":"犬山市","town":"巾前"}],"0941":[{"pref":"愛知県","city":"犬山市","town":"巾廻り"}],"0864":[{"pref":"愛知県","city":"犬山市","town":"番前"}],"0038":[{"pref":"愛知県","city":"犬山市","town":"東片草"}],"0933":[{"pref":"愛知県","city":"犬山市","town":"東唐曽"}],"0868":[{"pref":"愛知県","city":"犬山市","town":"東北野"}],"0031":[{"pref":"愛知県","city":"犬山市","town":"東桑原"}],"0083":[{"pref":"愛知県","city":"犬山市","town":"東古券"}],"0946":[{"pref":"愛知県","city":"犬山市","town":"東大円"}],"0958":[{"pref":"愛知県","city":"犬山市","town":"平塚"}],"0836":[{"pref":"愛知県","city":"犬山市","town":"笛田"}],"0057":[{"pref":"愛知県","city":"犬山市","town":"富士山"}],"0912":[{"pref":"愛知県","city":"犬山市","town":"舟田"}],"0049":[{"pref":"愛知県","city":"犬山市","town":"前田面"}],"0871":[{"pref":"愛知県","city":"犬山市","town":"前並"}],"0061":[{"pref":"愛知県","city":"犬山市","town":"前原"}],"0062":[{"pref":"愛知県","city":"犬山市","town":"前原味鹿"}],"0064":[{"pref":"愛知県","city":"犬山市","town":"前原西"}],"0063":[{"pref":"愛知県","city":"犬山市","town":"前原南"}],"0086":[{"pref":"愛知県","city":"犬山市","town":"松本町"}],"0927":[{"pref":"愛知県","city":"犬山市","town":"的場"}],"0072":[{"pref":"愛知県","city":"犬山市","town":"丸山天白町"}],"0931":[{"pref":"愛知県","city":"犬山市","town":"南大橋"}],"0084":[{"pref":"愛知県","city":"犬山市","town":"南古券"}],"0012":[{"pref":"愛知県","city":"犬山市","town":"南高根"}],"0051":[{"pref":"愛知県","city":"犬山市","town":"宮裏"}],"0886":[{"pref":"愛知県","city":"犬山市","town":"宮浦"}],"0834":[{"pref":"愛知県","city":"犬山市","town":"宮山"}],"0937":[{"pref":"愛知県","city":"犬山市","town":"宮東"}],"0833":[{"pref":"愛知県","city":"犬山市","town":"宮西"}],"0028":[{"pref":"愛知県","city":"犬山市","town":"向田"}],"0832":[{"pref":"愛知県","city":"犬山市","town":"向山"}],"0020":[{"pref":"愛知県","city":"犬山市","town":"もえぎケ丘"}],"0954":[{"pref":"愛知県","city":"犬山市","town":"元散前"}],"0839":[{"pref":"愛知県","city":"犬山市","town":"桃山台"}],"0828":[{"pref":"愛知県","city":"犬山市","town":"薬師浦"}],"0827":[{"pref":"愛知県","city":"犬山市","town":"薬師前"}],"0906":[{"pref":"愛知県","city":"犬山市","town":"焼野"}],"0046":[{"pref":"愛知県","city":"犬山市","town":"屋敷裏"}],"0016":[{"pref":"愛知県","city":"犬山市","town":"藪ケ洞"}],"0865":[{"pref":"愛知県","city":"犬山市","town":"藪畔"}],"0876":[{"pref":"愛知県","city":"犬山市","town":"山神"}],"0821":[{"pref":"愛知県","city":"犬山市","town":"山崎西"}],"0812":[{"pref":"愛知県","city":"犬山市","town":"山ノ田"}],"0813":[{"pref":"愛知県","city":"犬山市","town":"山ノ田腰"}],"0826":[{"pref":"愛知県","city":"犬山市","town":"山ノ鼻"}],"0853":[{"pref":"愛知県","city":"犬山市","town":"横町"}],"0875":[{"pref":"愛知県","city":"犬山市","town":"林吾塚"}],"0861":[{"pref":"愛知県","city":"犬山市","town":"若宮"}],"0052":[{"pref":"愛知県","city":"犬山市","town":"早稲田"}]}