{"0942":[{"pref":"京都府","city":"舞鶴市","town":"青井"}],"0842":[{"pref":"京都府","city":"舞鶴市","town":"朝代"}],"0811":[{"pref":"京都府","city":"舞鶴市","town":"池ノ内下"}],"0816":[{"pref":"京都府","city":"舞鶴市","town":"伊佐津"}],"0813":[{"pref":"京都府","city":"舞鶴市","town":"今田"}],"0802":[{"pref":"京都府","city":"舞鶴市","town":"上根"}],"0912":[{"pref":"京都府","city":"舞鶴市","town":"上安"}],"0911":[{"pref":"京都府","city":"舞鶴市","town":"上安東町"}],"0923":[{"pref":"京都府","city":"舞鶴市","town":"魚屋"}],"0854":[{"pref":"京都府","city":"舞鶴市","town":"円満寺"}],"0852":[{"pref":"京都府","city":"舞鶴市","town":"大内"}],"0101":[{"pref":"京都府","city":"舞鶴市","town":"大川"}],"0944":[{"pref":"京都府","city":"舞鶴市","town":"大君"}],"0851":[{"pref":"京都府","city":"舞鶴市","town":"大内野町"}],"0123":[{"pref":"京都府","city":"舞鶴市","town":"大俣"}],"0117":[{"pref":"京都府","city":"舞鶴市","town":"岡田由里"}],"0964":[{"pref":"京都府","city":"舞鶴市","town":"蒲江"}],"0913":[{"pref":"京都府","city":"舞鶴市","town":"上安久"}],"0112":[{"pref":"京都府","city":"舞鶴市","town":"上漆原"}],"0968":[{"pref":"京都府","city":"舞鶴市","town":"上東"}],"0951":[{"pref":"京都府","city":"舞鶴市","town":"上福井"}],"0804":[{"pref":"京都府","city":"舞鶴市","town":"岸谷"}],"0945":[{"pref":"京都府","city":"舞鶴市","town":"喜多"}],"0855":[{"pref":"京都府","city":"舞鶴市","town":"北田辺"}],"0935":[{"pref":"京都府","city":"舞鶴市","town":"京口"}],"0823":[{"pref":"京都府","city":"舞鶴市","town":"京田"}],"0826":[{"pref":"京都府","city":"舞鶴市","town":"京田新町"}],"0901":[{"pref":"京都府","city":"舞鶴市","town":"清美が丘"}],"0902":[{"pref":"京都府","city":"舞鶴市","town":"清道"}],"0908":[{"pref":"京都府","city":"舞鶴市","town":"清道新町"}],"0103":[{"pref":"京都府","city":"舞鶴市","town":"久田美"}],"0821":[{"pref":"京都府","city":"舞鶴市","town":"公文名"}],"0906":[{"pref":"京都府","city":"舞鶴市","town":"倉谷"}],"0125":[{"pref":"京都府","city":"舞鶴市","town":"桑飼上"}],"0124":[{"pref":"京都府","city":"舞鶴市","town":"桑飼下"}],"0115":[{"pref":"京都府","city":"舞鶴市","town":"河原"}],"0936":[{"pref":"京都府","city":"舞鶴市","town":"紺屋"}],"0118":[{"pref":"京都府","city":"舞鶴市","town":"西方寺"}],"0815":[{"pref":"京都府","city":"舞鶴市","town":"境谷"}],"0102":[{"pref":"京都府","city":"舞鶴市","town":"志高"}],"0122":[{"pref":"京都府","city":"舞鶴市","town":"地頭"}],"0929":[{"pref":"京都府","city":"舞鶴市","town":"寺内"}],"0914":[{"pref":"京都府","city":"舞鶴市","town":"下安久"}],"0113":[{"pref":"京都府","city":"舞鶴市","town":"下漆原"}],"0967":[{"pref":"京都府","city":"舞鶴市","town":"下東"}],"0946":[{"pref":"京都府","city":"舞鶴市","town":"下福井"}],"0114":[{"pref":"京都府","city":"舞鶴市","town":"下見谷"}],"0834":[{"pref":"京都府","city":"舞鶴市","town":"城屋"}],"0904":[{"pref":"京都府","city":"舞鶴市","town":"昭和台"}],"0924":[{"pref":"京都府","city":"舞鶴市","town":"職人"}],"0941":[{"pref":"京都府","city":"舞鶴市","town":"白杉"}],"0803":[{"pref":"京都府","city":"舞鶴市","town":"白滝"}],"0933":[{"pref":"京都府","city":"舞鶴市","town":"新"}],"0832":[{"pref":"京都府","city":"舞鶴市","town":"高野台"}],"0835":[{"pref":"京都府","city":"舞鶴市","town":"高野由里"}],"0121":[{"pref":"京都府","city":"舞鶴市","town":"滝ケ宇呂"}],"0928":[{"pref":"京都府","city":"舞鶴市","town":"竹屋"}],"0925":[{"pref":"京都府","city":"舞鶴市","town":"丹波"}],"0801":[{"pref":"京都府","city":"舞鶴市","town":"寺田"}],"0903":[{"pref":"京都府","city":"舞鶴市","town":"天台"}],"0909":[{"pref":"京都府","city":"舞鶴市","town":"天台新町"}],"0825":[{"pref":"京都府","city":"舞鶴市","town":"十倉"}],"0111":[{"pref":"京都府","city":"舞鶴市","town":"長谷"}],"0966":[{"pref":"京都府","city":"舞鶴市","town":"中山"}],"0822":[{"pref":"京都府","city":"舞鶴市","town":"七日市"}],"0937":[{"pref":"京都府","city":"舞鶴市","town":"西"}],"0961":[{"pref":"京都府","city":"舞鶴市","town":"西神崎"}],"0922":[{"pref":"京都府","city":"舞鶴市","town":"西吉原"}],"0831":[{"pref":"京都府","city":"舞鶴市","town":"女布"}],"0836":[{"pref":"京都府","city":"舞鶴市","town":"女布北町"}],"0806":[{"pref":"京都府","city":"舞鶴市","town":"布敷"}],"0833":[{"pref":"京都府","city":"舞鶴市","town":"野村寺"}],"0954":[{"pref":"京都府","city":"舞鶴市","town":"八田"}],"0953":[{"pref":"京都府","city":"舞鶴市","town":"八戸地"}],"0962":[{"pref":"京都府","city":"舞鶴市","town":"東神崎"}],"0921":[{"pref":"京都府","city":"舞鶴市","town":"東吉原"}],"0841":[{"pref":"京都府","city":"舞鶴市","town":"引土"}],"0843":[{"pref":"京都府","city":"舞鶴市","town":"引土新"}],"0927":[{"pref":"京都府","city":"舞鶴市","town":"平野屋"}],"0905":[{"pref":"京都府","city":"舞鶴市","town":"福来"}],"0907":[{"pref":"京都府","city":"舞鶴市","town":"福来問屋町"}],"0116":[{"pref":"京都府","city":"舞鶴市","town":"富室"}],"0805":[{"pref":"京都府","city":"舞鶴市","town":"別所"}],"0812":[{"pref":"京都府","city":"舞鶴市","town":"堀"}],"0934":[{"pref":"京都府","city":"舞鶴市","town":"堀上"}],"0926":[{"pref":"京都府","city":"舞鶴市","town":"本"}],"0824":[{"pref":"京都府","city":"舞鶴市","town":"真倉"}],"0931":[{"pref":"京都府","city":"舞鶴市","town":"松陰"}],"0955":[{"pref":"京都府","city":"舞鶴市","town":"丸田"}],"0814":[{"pref":"京都府","city":"舞鶴市","town":"万願寺"}],"0965":[{"pref":"京都府","city":"舞鶴市","town":"水間"}],"0952":[{"pref":"京都府","city":"舞鶴市","town":"三日市"}],"0853":[{"pref":"京都府","city":"舞鶴市","town":"南田辺"}],"0932":[{"pref":"京都府","city":"舞鶴市","town":"宮津口"}],"0963":[{"pref":"京都府","city":"舞鶴市","town":"油江"}],"0943":[{"pref":"京都府","city":"舞鶴市","town":"吉田"}],"0956":[{"pref":"京都府","city":"舞鶴市","town":"和江"}]}