{"0062":[{"pref":"東京都","city":"町田市","town":"大蔵町"}],"0064":[{"pref":"東京都","city":"町田市","town":"小野路町"}],"0072":[{"pref":"東京都","city":"町田市","town":"金井"}],"0076":[{"pref":"東京都","city":"町田市","town":"金井ヶ丘"}],"0071":[{"pref":"東京都","city":"町田市","town":"金井町"}],"0057":[{"pref":"東京都","city":"町田市","town":"真光寺"}],"0051":[{"pref":"東京都","city":"町田市","town":"真光寺町"}],"0061":[{"pref":"東京都","city":"町田市","town":"鶴川"}],"0053":[{"pref":"東京都","city":"町田市","town":"能ヶ谷"}],"0063":[{"pref":"東京都","city":"町田市","town":"野津田町"}],"0056":[{"pref":"東京都","city":"町田市","town":"広袴"}],"0052":[{"pref":"東京都","city":"町田市","town":"広袴町"}],"0039":[{"pref":"東京都","city":"町田市","town":"藤の台（３丁目）"}],"0054":[{"pref":"東京都","city":"町田市","town":"三輪町"}],"0055":[{"pref":"東京都","city":"町田市","town":"三輪緑山"}],"0073":[{"pref":"東京都","city":"町田市","town":"薬師台"}],"0075":[{"pref":"東京都","city":"町田市","town":"山崎"}],"0074":[{"pref":"東京都","city":"町田市","town":"山崎町"}]}