{"0000":[{"pref":"愛知県","city":"知立市","town":"以下に掲載がない場合"}],"0021":[{"pref":"愛知県","city":"知立市","town":"逢妻町"}],"0025":[{"pref":"愛知県","city":"知立市","town":"池端"}],"0003":[{"pref":"愛知県","city":"知立市","town":"牛田"}],"0007":[{"pref":"愛知県","city":"知立市","town":"牛田町"}],"0042":[{"pref":"愛知県","city":"知立市","town":"内幸町"}],"0058":[{"pref":"愛知県","city":"知立市","town":"上重原"}],"0026":[{"pref":"愛知県","city":"知立市","town":"上重原町"}],"0034":[{"pref":"愛知県","city":"知立市","town":"弘栄"}],"0052":[{"pref":"愛知県","city":"知立市","town":"弘法"}],"0046":[{"pref":"愛知県","city":"知立市","town":"弘法町"}],"0037":[{"pref":"愛知県","city":"知立市","town":"栄"}],"0031":[{"pref":"愛知県","city":"知立市","town":"桜木町"}],"0011":[{"pref":"愛知県","city":"知立市","town":"昭和"}],"0005":[{"pref":"愛知県","city":"知立市","town":"新池"}],"0041":[{"pref":"愛知県","city":"知立市","town":"新地町"}],"0047":[{"pref":"愛知県","city":"知立市","town":"新富"}],"0017":[{"pref":"愛知県","city":"知立市","town":"新林町"}],"0056":[{"pref":"愛知県","city":"知立市","town":"宝"}],"0024":[{"pref":"愛知県","city":"知立市","town":"宝町"}],"0043":[{"pref":"愛知県","city":"知立市","town":"東栄"}],"0055":[{"pref":"愛知県","city":"知立市","town":"鳥居"}],"0033":[{"pref":"愛知県","city":"知立市","town":"中町"}],"0032":[{"pref":"愛知県","city":"知立市","town":"中山町"}],"0045":[{"pref":"愛知県","city":"知立市","town":"長篠町"}],"0035":[{"pref":"愛知県","city":"知立市","town":"長田"}],"0004":[{"pref":"愛知県","city":"知立市","town":"南陽"}],"0057":[{"pref":"愛知県","city":"知立市","town":"西"}],"0027":[{"pref":"愛知県","city":"知立市","town":"西丘町"}],"0016":[{"pref":"愛知県","city":"知立市","town":"西中町"}],"0023":[{"pref":"愛知県","city":"知立市","town":"西町"}],"0054":[{"pref":"愛知県","city":"知立市","town":"東上重原"}],"0051":[{"pref":"愛知県","city":"知立市","town":"東長篠"}],"0044":[{"pref":"愛知県","city":"知立市","town":"広見"}],"0036":[{"pref":"愛知県","city":"知立市","town":"堀切"}],"0038":[{"pref":"愛知県","city":"知立市","town":"本町"}],"0053":[{"pref":"愛知県","city":"知立市","town":"南新地"}],"0013":[{"pref":"愛知県","city":"知立市","town":"谷田町"}],"0015":[{"pref":"愛知県","city":"知立市","town":"谷田町本林"}],"0014":[{"pref":"愛知県","city":"知立市","town":"谷田町西"}],"0012":[{"pref":"愛知県","city":"知立市","town":"八ツ田町"}],"0001":[{"pref":"愛知県","city":"知立市","town":"八橋町"}],"0006":[{"pref":"愛知県","city":"知立市","town":"山町"}],"0022":[{"pref":"愛知県","city":"知立市","town":"山屋敷町"}],"0002":[{"pref":"愛知県","city":"知立市","town":"来迎寺町"}]}