{"1100":[{"pref":"北海道","city":"赤平市","town":"以下に掲載がない場合"}],"1101":[{"pref":"北海道","city":"赤平市","town":"共和町"}],"1102":[{"pref":"北海道","city":"赤平市","town":"幌岡町"}],"1111":[{"pref":"北海道","city":"赤平市","town":"若木町北"}],"1112":[{"pref":"北海道","city":"赤平市","town":"若木町西"}],"1113":[{"pref":"北海道","city":"赤平市","town":"若木町東"}],"1114":[{"pref":"北海道","city":"赤平市","town":"若木町南"}],"1121":[{"pref":"北海道","city":"赤平市","town":"北文京町"}],"1122":[{"pref":"北海道","city":"赤平市","town":"西文京町"}],"1123":[{"pref":"北海道","city":"赤平市","town":"東文京町"}],"1124":[{"pref":"北海道","city":"赤平市","town":"豊丘町"}],"1131":[{"pref":"北海道","city":"赤平市","town":"西豊里町"}],"1132":[{"pref":"北海道","city":"赤平市","town":"東豊里町"}],"1133":[{"pref":"北海道","city":"赤平市","town":"豊里"}],"1134":[{"pref":"北海道","city":"赤平市","town":"泉町"}],"1135":[{"pref":"北海道","city":"赤平市","town":"錦町"}],"1136":[{"pref":"北海道","city":"赤平市","town":"本町"}],"1141":[{"pref":"北海道","city":"赤平市","town":"大町"}],"1142":[{"pref":"北海道","city":"赤平市","town":"東大町"}],"1143":[{"pref":"北海道","city":"赤平市","town":"赤平"}],"1144":[{"pref":"北海道","city":"赤平市","town":"美園町"}],"1151":[{"pref":"北海道","city":"赤平市","town":"宮下町"}],"1152":[{"pref":"北海道","city":"赤平市","town":"桜木町"}],"1153":[{"pref":"北海道","city":"赤平市","town":"豊栄町"}],"1154":[{"pref":"北海道","city":"赤平市","town":"幸町"}],"1155":[{"pref":"北海道","city":"赤平市","town":"昭和町"}],"1156":[{"pref":"北海道","city":"赤平市","town":"住吉町"}],"1181":[{"pref":"北海道","city":"砂川市","town":"富平（３３１、４５９－４、５４３番地）"}],"1261":[{"pref":"北海道","city":"赤平市","town":"茂尻中央町南"},{"pref":"北海道","city":"赤平市","town":"茂尻中央町北"}],"1262":[{"pref":"北海道","city":"赤平市","town":"茂尻春日町"},{"pref":"北海道","city":"赤平市","town":"茂尻新春日町"}],"1263":[{"pref":"北海道","city":"赤平市","town":"茂尻本町"}],"1264":[{"pref":"北海道","city":"赤平市","town":"茂尻旭町"},{"pref":"北海道","city":"赤平市","town":"茂尻宮下町"}],"1265":[{"pref":"北海道","city":"赤平市","town":"茂尻新町"}],"1266":[{"pref":"北海道","city":"赤平市","town":"茂尻"},{"pref":"北海道","city":"赤平市","town":"茂尻栄町"}],"1267":[{"pref":"北海道","city":"赤平市","town":"茂尻元町南"}],"1268":[{"pref":"北海道","city":"赤平市","town":"茂尻元町北"}],"1271":[{"pref":"北海道","city":"赤平市","town":"百戸町北"}],"1272":[{"pref":"北海道","city":"赤平市","town":"百戸町東"}],"1273":[{"pref":"北海道","city":"赤平市","town":"百戸町西"}],"1274":[{"pref":"北海道","city":"赤平市","town":"エルム町"}],"1281":[{"pref":"北海道","city":"赤平市","town":"平岸新光町"}],"1282":[{"pref":"北海道","city":"赤平市","town":"平岸仲町"}],"1283":[{"pref":"北海道","city":"赤平市","town":"平岸東町"}],"1284":[{"pref":"北海道","city":"赤平市","town":"平岸南町"}],"1285":[{"pref":"北海道","city":"赤平市","town":"平岸曙町"}],"1286":[{"pref":"北海道","city":"赤平市","town":"平岸西町"}],"1287":[{"pref":"北海道","city":"赤平市","town":"平岸桂町"}],"1371":[{"pref":"北海道","city":"芦別市","town":"上芦別町"}],"1372":[{"pref":"北海道","city":"芦別市","town":"野花南町"}],"1562":[{"pref":"北海道","city":"富良野市","town":"山部北町"}],"1563":[{"pref":"北海道","city":"富良野市","town":"山部東町"}],"1564":[{"pref":"北海道","city":"富良野市","town":"山部中町"}],"1565":[{"pref":"北海道","city":"富良野市","town":"山部南町"}],"1566":[{"pref":"北海道","city":"富良野市","town":"山部西町"}],"1571":[{"pref":"北海道","city":"富良野市","town":"山部西１２線"},{"pref":"北海道","city":"富良野市","town":"山部西１３線"},{"pref":"北海道","city":"富良野市","town":"山部西１４線"},{"pref":"北海道","city":"富良野市","town":"山部西１５線"},{"pref":"北海道","city":"富良野市","town":"山部西１６線"},{"pref":"北海道","city":"富良野市","town":"山部西１７線"},{"pref":"北海道","city":"富良野市","town":"山部西１８線"},{"pref":"北海道","city":"富良野市","town":"山部西１９線"}],"1572":[{"pref":"北海道","city":"富良野市","town":"山部西２０線"},{"pref":"北海道","city":"富良野市","town":"山部西２１線"},{"pref":"北海道","city":"富良野市","town":"山部西２２線"},{"pref":"北海道","city":"富良野市","town":"山部西２３線"},{"pref":"北海道","city":"富良野市","town":"山部西２４線"}],"1573":[{"pref":"北海道","city":"富良野市","town":"山部西２５線"},{"pref":"北海道","city":"富良野市","town":"山部西２６線"},{"pref":"北海道","city":"富良野市","town":"山部西２７線"},{"pref":"北海道","city":"富良野市","town":"山部西２８線"}],"1581":[{"pref":"北海道","city":"富良野市","town":"山部東１２線"},{"pref":"北海道","city":"富良野市","town":"山部東１３線"},{"pref":"北海道","city":"富良野市","town":"山部東１４線"},{"pref":"北海道","city":"富良野市","town":"山部東１５線"},{"pref":"北海道","city":"富良野市","town":"山部東１６線"},{"pref":"北海道","city":"富良野市","town":"山部東１７線"},{"pref":"北海道","city":"富良野市","town":"山部東１８線"},{"pref":"北海道","city":"富良野市","town":"山部東１９線"}],"1582":[{"pref":"北海道","city":"富良野市","town":"山部東２０線"},{"pref":"北海道","city":"富良野市","town":"山部東２１線"},{"pref":"北海道","city":"富良野市","town":"山部東２２線"},{"pref":"北海道","city":"富良野市","town":"山部東２３線"},{"pref":"北海道","city":"富良野市","town":"山部東２４線"},{"pref":"北海道","city":"富良野市","town":"山部東２５線"},{"pref":"北海道","city":"富良野市","town":"山部東２６線"},{"pref":"北海道","city":"富良野市","town":"山部東２７線"}],"2131":[{"pref":"北海道","city":"空知郡南富良野町","town":"金山"}],"2132":[{"pref":"北海道","city":"空知郡南富良野町","town":"下金山"}],"2133":[{"pref":"北海道","city":"富良野市","town":"東山（１７１０番地）"}],"2200":[{"pref":"北海道","city":"勇払郡占冠村","town":"以下に掲載がない場合"}],"2201":[{"pref":"北海道","city":"勇払郡占冠村","town":"中央"}],"2202":[{"pref":"北海道","city":"勇払郡占冠村","town":"占冠"}],"2203":[{"pref":"北海道","city":"勇払郡占冠村","town":"下トマム"}],"2204":[{"pref":"北海道","city":"勇払郡占冠村","town":"中トマム"}],"2205":[{"pref":"北海道","city":"勇払郡占冠村","town":"上トマム"}],"2206":[{"pref":"北海道","city":"勇払郡占冠村","town":"双珠別"}],"2207":[{"pref":"北海道","city":"勇払郡占冠村","town":"ニニウ"}],"2400":[{"pref":"北海道","city":"空知郡南富良野町","town":"以下に掲載がない場合"}],"2401":[{"pref":"北海道","city":"空知郡南富良野町","town":"幾寅（栄町）"},{"pref":"北海道","city":"空知郡南富良野町","town":"幾寅（住吉町）"},{"pref":"北海道","city":"空知郡南富良野町","town":"幾寅（内藤）"},{"pref":"北海道","city":"空知郡南富良野町","town":"幾寅（仲町）"}],"2402":[{"pref":"北海道","city":"空知郡南富良野町","town":"幾寅（西町）"}],"2403":[{"pref":"北海道","city":"空知郡南富良野町","town":"幾寅（浅野）"},{"pref":"北海道","city":"空知郡南富良野町","town":"幾寅（岐阜）"},{"pref":"北海道","city":"空知郡南富良野町","town":"幾寅（久住）"},{"pref":"北海道","city":"空知郡南富良野町","town":"幾寅（松井）"},{"pref":"北海道","city":"空知郡南富良野町","town":"幾寅（山畔）"}],"2404":[{"pref":"北海道","city":"空知郡南富良野町","town":"幾寅（朝日町）"},{"pref":"北海道","city":"空知郡南富良野町","town":"幾寅（千木町）"},{"pref":"北海道","city":"空知郡南富良野町","town":"幾寅（東町）"}],"2411":[{"pref":"北海道","city":"空知郡南富良野町","town":"東鹿越"}],"2412":[{"pref":"北海道","city":"空知郡南富良野町","town":"東幾寅"}],"2551":[{"pref":"北海道","city":"空知郡南富良野町","town":"落合"}],"2552":[{"pref":"北海道","city":"空知郡南富良野町","town":"北落合"}],"8401":[{"pref":"北海道","city":"旭川市","town":"秋月１条"}],"8402":[{"pref":"北海道","city":"旭川市","town":"秋月２条"}],"8403":[{"pref":"北海道","city":"旭川市","town":"秋月３条"}],"8411":[{"pref":"北海道","city":"旭川市","town":"永山１条"}],"8412":[{"pref":"北海道","city":"旭川市","town":"永山２条"}],"8413":[{"pref":"北海道","city":"旭川市","town":"永山３条"}],"8414":[{"pref":"北海道","city":"旭川市","town":"永山４条"}],"8415":[{"pref":"北海道","city":"旭川市","town":"永山５条"}],"8416":[{"pref":"北海道","city":"旭川市","town":"永山６条"}],"8417":[{"pref":"北海道","city":"旭川市","town":"永山７条"}],"8418":[{"pref":"北海道","city":"旭川市","town":"永山８条"}],"8419":[{"pref":"北海道","city":"旭川市","town":"永山９条"}],"8420":[{"pref":"北海道","city":"旭川市","town":"永山１０条"}],"8421":[{"pref":"北海道","city":"旭川市","town":"永山１１条"}],"8422":[{"pref":"北海道","city":"旭川市","town":"永山１２条"}],"8423":[{"pref":"北海道","city":"旭川市","town":"永山１３条"}],"8424":[{"pref":"北海道","city":"旭川市","town":"永山１４条"}],"8431":[{"pref":"北海道","city":"旭川市","town":"永山町"}],"8441":[{"pref":"北海道","city":"旭川市","town":"流通団地１条"}],"8442":[{"pref":"北海道","city":"旭川市","town":"流通団地２条"}],"8443":[{"pref":"北海道","city":"旭川市","town":"流通団地３条"}],"8444":[{"pref":"北海道","city":"旭川市","town":"流通団地４条"}],"8451":[{"pref":"北海道","city":"旭川市","town":"永山北１条"}],"8452":[{"pref":"北海道","city":"旭川市","town":"永山北２条"}],"8453":[{"pref":"北海道","city":"旭川市","town":"永山北３条"}],"8454":[{"pref":"北海道","city":"旭川市","town":"永山北４条"}],"0183":[{"pref":"北海道","city":"岩見沢市","town":"大願町"}],"0181":[{"pref":"北海道","city":"岩見沢市","town":"岡山町"}],"0182":[{"pref":"北海道","city":"岩見沢市","town":"峰延町"}],"0177":[{"pref":"北海道","city":"美唄市","town":"上美唄町（協和、南）"}],"0274":[{"pref":"北海道","city":"美唄市","town":"北美唄町"}],"0165":[{"pref":"北海道","city":"美唄市","town":"光珠内上中の沢"}],"0164":[{"pref":"北海道","city":"美唄市","town":"光珠内下中の沢"}],"0162":[{"pref":"北海道","city":"美唄市","town":"光珠内北"}],"0161":[{"pref":"北海道","city":"美唄市","town":"光珠内拓北"}],"0171":[{"pref":"北海道","city":"美唄市","town":"光珠内中央"}],"0166":[{"pref":"北海道","city":"美唄市","town":"光珠内東山"}],"0167":[{"pref":"北海道","city":"美唄市","town":"光珠内町南（その他）"}],"0261":[{"pref":"北海道","city":"美唄市","town":"茶志内町"}],"0267":[{"pref":"北海道","city":"美唄市","town":"茶志内町協和"}],"0266":[{"pref":"北海道","city":"美唄市","town":"茶志内町本町"}],"0176":[{"pref":"北海道","city":"美唄市","town":"豊葦町"}],"0272":[{"pref":"北海道","city":"美唄市","town":"中村町中央"}],"0271":[{"pref":"北海道","city":"美唄市","town":"中村町南"}],"0273":[{"pref":"北海道","city":"美唄市","town":"中村町北"}],"0262":[{"pref":"北海道","city":"美唄市","town":"日東町栄町"}],"0263":[{"pref":"北海道","city":"美唄市","town":"日東町住吉"}],"0265":[{"pref":"北海道","city":"美唄市","town":"日東町富の郷"}],"0264":[{"pref":"北海道","city":"美唄市","town":"日東町本町"}],"0173":[{"pref":"北海道","city":"美唄市","town":"峰延町公園"}],"0172":[{"pref":"北海道","city":"美唄市","town":"峰延町東"}],"0174":[{"pref":"北海道","city":"美唄市","town":"峰延町本町"}],"0175":[{"pref":"北海道","city":"美唄市","town":"峰延町峰樺"}],"0461":[{"pref":"北海道","city":"滝川市","town":"江部乙町"}],"0463":[{"pref":"北海道","city":"滝川市","town":"江部乙町東"}],"0462":[{"pref":"北海道","city":"滝川市","town":"江部乙町西"}],"0300":[{"pref":"北海道","city":"空知郡奈井江町","town":"以下に掲載がない場合"}],"0301":[{"pref":"北海道","city":"空知郡奈井江町","town":"厳島"}],"0312":[{"pref":"北海道","city":"空知郡奈井江町","town":"北町"}],"0316":[{"pref":"北海道","city":"空知郡奈井江町","town":"キナウスナイ"}],"0315":[{"pref":"北海道","city":"空知郡奈井江町","town":"高島"}],"0305":[{"pref":"北海道","city":"空知郡奈井江町","town":"茶志内"}],"0302":[{"pref":"北海道","city":"空知郡奈井江町","town":"白山"}],"0306":[{"pref":"北海道","city":"空知郡奈井江町","town":"東町"}],"0313":[{"pref":"北海道","city":"空知郡奈井江町","town":"本町"}],"0317":[{"pref":"北海道","city":"空知郡奈井江町","town":"瑞穂"}],"0314":[{"pref":"北海道","city":"空知郡奈井江町","town":"南町"}],"0304":[{"pref":"北海道","city":"空知郡奈井江町","town":"宮村"}],"0303":[{"pref":"北海道","city":"空知郡奈井江町","town":"向ケ丘"}],"0311":[{"pref":"北海道","city":"空知郡奈井江町","town":"大和"}],"0500":[{"pref":"北海道","city":"雨竜郡妹背牛町","town":"以下に掲載がない場合"}],"0501":[{"pref":"北海道","city":"雨竜郡妹背牛町","town":"１区"}],"0502":[{"pref":"北海道","city":"雨竜郡妹背牛町","town":"２区"}],"0503":[{"pref":"北海道","city":"雨竜郡妹背牛町","town":"３区"}],"0504":[{"pref":"北海道","city":"雨竜郡妹背牛町","town":"４区"}],"0505":[{"pref":"北海道","city":"雨竜郡妹背牛町","town":"５区"}],"0506":[{"pref":"北海道","city":"雨竜郡妹背牛町","town":"６区"}],"0507":[{"pref":"北海道","city":"雨竜郡妹背牛町","town":"７区"}],"0508":[{"pref":"北海道","city":"雨竜郡妹背牛町","town":"８区"}],"0509":[{"pref":"北海道","city":"雨竜郡妹背牛町","town":"９区"}],"0510":[{"pref":"北海道","city":"雨竜郡妹背牛町","town":"１０区"}],"0511":[{"pref":"北海道","city":"雨竜郡妹背牛町","town":"１１区"}]}