{"徳島市":{"以下に掲載がない場合":[{"zip":"7700000","zip1":"770","zip2":"0000"}],"藍場町":[{"zip":"7700835","zip1":"770","zip2":"0835"}],"秋田町":[{"zip":"7700934","zip1":"770","zip2":"0934"}],"鮎喰町":[{"zip":"7700046","zip1":"770","zip2":"0046"}],"安宅":[{"zip":"7700863","zip1":"770","zip2":"0863"}],"飯谷町":[{"zip":"7714265","zip1":"771","zip2":"4265"}],"伊賀町":[{"zip":"7700926","zip1":"770","zip2":"0926"}],"一宮町":[{"zip":"7793132","zip1":"779","zip2":"3132"}],"一番町":[{"zip":"7700833","zip1":"770","zip2":"0833"}],"伊月町":[{"zip":"7700935","zip1":"770","zip2":"0935"}],"応神町応神産業団地":[{"zip":"7711156","zip1":"771","zip2":"1156"}],"応神町中原":[{"zip":"7711152","zip1":"771","zip2":"1152"}],"応神町東貞方":[{"zip":"7711154","zip1":"771","zip2":"1154"}],"応神町西貞方":[{"zip":"7711155","zip1":"771","zip2":"1155"}],"応神町古川":[{"zip":"7711151","zip1":"771","zip2":"1151"}],"応神町吉成":[{"zip":"7711153","zip1":"771","zip2":"1153"}],"大谷町":[{"zip":"7708031","zip1":"770","zip2":"8031"}],"大原町（小神子、小神子山）":[{"zip":"7730070","zip1":"773","zip2":"0070"}],"大原町（その他）":[{"zip":"7708012","zip1":"770","zip2":"8012"}],"大松町":[{"zip":"7708022","zip1":"770","zip2":"8022"}],"大道":[{"zip":"7700923","zip1":"770","zip2":"0923"}],"沖浜":[{"zip":"7708052","zip1":"770","zip2":"8052"}],"沖浜町":[{"zip":"7708051","zip1":"770","zip2":"8051"}],"沖浜東":[{"zip":"7708053","zip1":"770","zip2":"8053"}],"籠屋町":[{"zip":"7700914","zip1":"770","zip2":"0914"}],"春日":[{"zip":"7700002","zip1":"770","zip2":"0002"}],"春日町":[{"zip":"7700001","zip1":"770","zip2":"0001"}],"方上町":[{"zip":"7708033","zip1":"770","zip2":"8033"}],"かちどき橋":[{"zip":"7700939","zip1":"770","zip2":"0939"}],"勝占町":[{"zip":"7708023","zip1":"770","zip2":"8023"}],"金沢":[{"zip":"7700871","zip1":"770","zip2":"0871"}],"上助任町":[{"zip":"7700801","zip1":"770","zip2":"0801"}],"上八万町西山（しらさぎ台）":[{"zip":"7708041","zip1":"770","zip2":"8041"}],"上八万町（その他）":[{"zip":"7708040","zip1":"770","zip2":"8040"}],"上吉野町":[{"zip":"7700803","zip1":"770","zip2":"0803"}],"加茂名町":[{"zip":"7700048","zip1":"770","zip2":"0048"}],"川内町（旭野）":[{"zip":"7710101","zip1":"771","zip2":"0101"}],"川内町（榎瀬）":[{"zip":"7710144","zip1":"771","zip2":"0144"}],"川内町（大松）":[{"zip":"7710131","zip1":"771","zip2":"0131"}],"川内町（沖島）":[{"zip":"7710142","zip1":"771","zip2":"0142"}],"川内町（加賀須野）":[{"zip":"7710130","zip1":"771","zip2":"0130"}],"川内町（金岡）":[{"zip":"7710125","zip1":"771","zip2":"0125"}],"川内町（上別宮東）":[{"zip":"7710126","zip1":"771","zip2":"0126"}],"川内町（上別宮南）":[{"zip":"7710127","zip1":"771","zip2":"0127"}],"川内町（上別宮北）":[{"zip":"7710128","zip1":"771","zip2":"0128"}],"川内町（北原）":[{"zip":"7710129","zip1":"771","zip2":"0129"}],"川内町（小松東）":[{"zip":"7710103","zip1":"771","zip2":"0103"}],"川内町（小松西）":[{"zip":"7710104","zip1":"771","zip2":"0104"}],"川内町（小松北）":[{"zip":"7710102","zip1":"771","zip2":"0102"}],"川内町（下別宮東）":[{"zip":"7710106","zip1":"771","zip2":"0106"}],"川内町（下別宮西）":[{"zip":"7710105","zip1":"771","zip2":"0105"}],"川内町（鈴江東）":[{"zip":"7710121","zip1":"771","zip2":"0121"}],"川内町（鈴江西）":[{"zip":"7710122","zip1":"771","zip2":"0122"}],"川内町（鈴江南）":[{"zip":"7710124","zip1":"771","zip2":"0124"}],"川内町（鈴江北）":[{"zip":"7710123","zip1":"771","zip2":"0123"}],"川内町（竹須賀）":[{"zip":"7710141","zip1":"771","zip2":"0141"}],"川内町（鶴島）":[{"zip":"7710117","zip1":"771","zip2":"0117"}],"川内町（富久）":[{"zip":"7710111","zip1":"771","zip2":"0111"}],"川内町（富吉）":[{"zip":"7710112","zip1":"771","zip2":"0112"}],"川内町（中島）":[{"zip":"7710143","zip1":"771","zip2":"0143"}],"川内町（平石夷野）":[{"zip":"7710132","zip1":"771","zip2":"0132"}],"川内町（平石夷野番外）":[{"zip":"7710133","zip1":"771","zip2":"0133"}],"川内町（平石古田）":[{"zip":"7710136","zip1":"771","zip2":"0136"}],"川内町（平石住吉）":[{"zip":"7710134","zip1":"771","zip2":"0134"}],"川内町（平石流通団地）":[{"zip":"7710138","zip1":"771","zip2":"0138"}],"川内町（平石若松）":[{"zip":"7710135","zip1":"771","zip2":"0135"}],"川内町（平石若宮）":[{"zip":"7710137","zip1":"771","zip2":"0137"}],"川内町（松岡）":[{"zip":"7710113","zip1":"771","zip2":"0113"}],"川内町（宮島錦野）":[{"zip":"7710116","zip1":"771","zip2":"0116"}],"川内町（宮島浜）":[{"zip":"7710115","zip1":"771","zip2":"0115"}],"川内町（宮島本浦）":[{"zip":"7710114","zip1":"771","zip2":"0114"}],"川内町（米津）":[{"zip":"7710139","zip1":"771","zip2":"0139"}],"北沖洲":[{"zip":"7700872","zip1":"770","zip2":"0872"}],"北佐古一番町":[{"zip":"7700011","zip1":"770","zip2":"0011"}],"北佐古二番町":[{"zip":"7700012","zip1":"770","zip2":"0012"}],"北島田町":[{"zip":"7700051","zip1":"770","zip2":"0051"}],"北常三島町":[{"zip":"7700812","zip1":"770","zip2":"0812"}],"北田宮":[{"zip":"7700003","zip1":"770","zip2":"0003"}],"北出来島町":[{"zip":"7700821","zip1":"770","zip2":"0821"}],"北前川町":[{"zip":"7700806","zip1":"770","zip2":"0806"}],"北矢三町":[{"zip":"7700006","zip1":"770","zip2":"0006"}],"北山町":[{"zip":"7708032","zip1":"770","zip2":"8032"}],"銀座":[{"zip":"7700916","zip1":"770","zip2":"0916"}],"蔵本町":[{"zip":"7700042","zip1":"770","zip2":"0042"}],"蔵本元町":[{"zip":"7700041","zip1":"770","zip2":"0041"}],"国府町池尻":[{"zip":"7793116","zip1":"779","zip2":"3116"}],"国府町井戸":[{"zip":"7793118","zip1":"779","zip2":"3118"}],"国府町延命":[{"zip":"7793128","zip1":"779","zip2":"3128"}],"国府町川原田":[{"zip":"7793113","zip1":"779","zip2":"3113"}],"国府町観音寺":[{"zip":"7793123","zip1":"779","zip2":"3123"}],"国府町府中":[{"zip":"7793122","zip1":"779","zip2":"3122"}],"国府町桜間":[{"zip":"7793114","zip1":"779","zip2":"3114"}],"国府町佐野塚":[{"zip":"7793101","zip1":"779","zip2":"3101"}],"国府町敷地":[{"zip":"7793115","zip1":"779","zip2":"3115"}],"国府町芝原":[{"zip":"7793112","zip1":"779","zip2":"3112"}],"国府町中":[{"zip":"7793124","zip1":"779","zip2":"3124"}],"国府町西矢野":[{"zip":"7793127","zip1":"779","zip2":"3127"}],"国府町花園":[{"zip":"7793106","zip1":"779","zip2":"3106"}],"国府町早淵":[{"zip":"7793125","zip1":"779","zip2":"3125"}],"国府町日開":[{"zip":"7793117","zip1":"779","zip2":"3117"}],"国府町東黒田":[{"zip":"7793103","zip1":"779","zip2":"3103"}],"国府町西黒田":[{"zip":"7793102","zip1":"779","zip2":"3102"}],"国府町南岩延":[{"zip":"7793120","zip1":"779","zip2":"3120"}],"国府町北岩延":[{"zip":"7793119","zip1":"779","zip2":"3119"}],"国府町東高輪":[{"zip":"7793105","zip1":"779","zip2":"3105"}],"国府町西高輪":[{"zip":"7793104","zip1":"779","zip2":"3104"}],"国府町矢野":[{"zip":"7793126","zip1":"779","zip2":"3126"}],"国府町竜王":[{"zip":"7793111","zip1":"779","zip2":"3111"}],"国府町和田":[{"zip":"7793121","zip1":"779","zip2":"3121"}],"紺屋町":[{"zip":"7700918","zip1":"770","zip2":"0918"}],"雑賀町":[{"zip":"7708021","zip1":"770","zip2":"8021"}],"幸町":[{"zip":"7700847","zip1":"770","zip2":"0847"}],"栄町":[{"zip":"7700921","zip1":"770","zip2":"0921"}],"佐古一番町":[{"zip":"7700021","zip1":"770","zip2":"0021"}],"佐古二番町":[{"zip":"7700022","zip1":"770","zip2":"0022"}],"佐古三番町":[{"zip":"7700023","zip1":"770","zip2":"0023"}],"佐古四番町":[{"zip":"7700024","zip1":"770","zip2":"0024"}],"佐古五番町":[{"zip":"7700025","zip1":"770","zip2":"0025"}],"佐古六番町":[{"zip":"7700026","zip1":"770","zip2":"0026"}],"佐古七番町":[{"zip":"7700027","zip1":"770","zip2":"0027"}],"佐古八番町":[{"zip":"7700028","zip1":"770","zip2":"0028"}],"佐古山町":[{"zip":"7700039","zip1":"770","zip2":"0039"}],"三軒屋町":[{"zip":"7708025","zip1":"770","zip2":"8025"}],"渋野町":[{"zip":"7714267","zip1":"771","zip2":"4267"}],"下助任町":[{"zip":"7700805","zip1":"770","zip2":"0805"}],"下町":[{"zip":"7793131","zip1":"779","zip2":"3131"}],"城東町":[{"zip":"7700862","zip1":"770","zip2":"0862"}],"城南町":[{"zip":"7708064","zip1":"770","zip2":"8064"}],"庄町":[{"zip":"7700044","zip1":"770","zip2":"0044"}],"丈六町（丈領）":[{"zip":"7714263","zip1":"771","zip2":"4263"}],"丈六町（長尾）":[{"zip":"7714262","zip1":"771","zip2":"4262"}],"丈六町（その他）":[{"zip":"7714261","zip1":"771","zip2":"4261"}],"昭和町":[{"zip":"7700942","zip1":"770","zip2":"0942"}],"新内町":[{"zip":"7700845","zip1":"770","zip2":"0845"}],"新蔵町":[{"zip":"7700855","zip1":"770","zip2":"0855"}],"新浜町":[{"zip":"7708006","zip1":"770","zip2":"8006"}],"新浜本町":[{"zip":"7708007","zip1":"770","zip2":"8007"}],"新町橋":[{"zip":"7700904","zip1":"770","zip2":"0904"}],"新南福島":[{"zip":"7700867","zip1":"770","zip2":"0867"}],"末広":[{"zip":"7700866","zip1":"770","zip2":"0866"}],"助任橋":[{"zip":"7700815","zip1":"770","zip2":"0815"}],"助任本町":[{"zip":"7700816","zip1":"770","zip2":"0816"}],"住吉":[{"zip":"7700861","zip1":"770","zip2":"0861"}],"勢見町":[{"zip":"7700927","zip1":"770","zip2":"0927"}],"鷹匠町":[{"zip":"7700922","zip1":"770","zip2":"0922"}],"多家良町":[{"zip":"7714264","zip1":"771","zip2":"4264"}],"中央通":[{"zip":"7700936","zip1":"770","zip2":"0936"}],"津田海岸町":[{"zip":"7708001","zip1":"770","zip2":"8001"}],"津田西町":[{"zip":"7708004","zip1":"770","zip2":"8004"}],"津田浜之町":[{"zip":"7708005","zip1":"770","zip2":"8005"}],"津田本町":[{"zip":"7708003","zip1":"770","zip2":"8003"}],"津田町":[{"zip":"7708002","zip1":"770","zip2":"8002"}],"出来島本町":[{"zip":"7700823","zip1":"770","zip2":"0823"}],"寺島本町東":[{"zip":"7700832","zip1":"770","zip2":"0832"}],"寺島本町西":[{"zip":"7700831","zip1":"770","zip2":"0831"}],"寺町":[{"zip":"7700909","zip1":"770","zip2":"0909"}],"問屋町":[{"zip":"7708056","zip1":"770","zip2":"8056"}],"通町":[{"zip":"7700842","zip1":"770","zip2":"0842"}],"徳島町":[{"zip":"7700852","zip1":"770","zip2":"0852"}],"徳島町城内":[{"zip":"7700851","zip1":"770","zip2":"0851"}],"徳島本町":[{"zip":"7700854","zip1":"770","zip2":"0854"}],"富田浜":[{"zip":"7700931","zip1":"770","zip2":"0931"}],"富田橋":[{"zip":"7700937","zip1":"770","zip2":"0937"}],"富田町":[{"zip":"7700915","zip1":"770","zip2":"0915"}],"中島田町":[{"zip":"7700052","zip1":"770","zip2":"0052"}],"中昭和町":[{"zip":"7700943","zip1":"770","zip2":"0943"}],"中常三島町":[{"zip":"7700813","zip1":"770","zip2":"0813"}],"中洲町":[{"zip":"7700856","zip1":"770","zip2":"0856"}],"中通町":[{"zip":"7700844","zip1":"770","zip2":"0844"}],"中徳島町":[{"zip":"7700853","zip1":"770","zip2":"0853"}],"仲之町":[{"zip":"7700932","zip1":"770","zip2":"0932"}],"中前川町":[{"zip":"7700807","zip1":"770","zip2":"0807"}],"中吉野町":[{"zip":"7700804","zip1":"770","zip2":"0804"}],"二軒屋町":[{"zip":"7700928","zip1":"770","zip2":"0928"}],"西新浜町":[{"zip":"7708008","zip1":"770","zip2":"8008"}],"西新町":[{"zip":"7700902","zip1":"770","zip2":"0902"}],"西須賀町":[{"zip":"7708024","zip1":"770","zip2":"8024"}],"西船場町":[{"zip":"7700901","zip1":"770","zip2":"0901"}],"西大工町":[{"zip":"7700903","zip1":"770","zip2":"0903"}],"西富田町":[{"zip":"7700929","zip1":"770","zip2":"0929"}],"西二軒屋町":[{"zip":"7708061","zip1":"770","zip2":"8061"}],"西山手町":[{"zip":"7700907","zip1":"770","zip2":"0907"}],"入田町":[{"zip":"7793133","zip1":"779","zip2":"3133"}],"幟町":[{"zip":"7700924","zip1":"770","zip2":"0924"}],"八多町":[{"zip":"7714266","zip1":"771","zip2":"4266"}],"八万町（内浜）":[{"zip":"7708076","zip1":"770","zip2":"8076"}],"八万町（夷山）":[{"zip":"7708077","zip1":"770","zip2":"8077"}],"八万町（大坪）":[{"zip":"7708079","zip1":"770","zip2":"8079"}],"八万町（上福万）":[{"zip":"7708073","zip1":"770","zip2":"8073"}],"八万町（下福万）":[{"zip":"7708074","zip1":"770","zip2":"8074"}],"八万町（川南）":[{"zip":"7708082","zip1":"770","zip2":"8082"}],"八万町（千鳥）":[{"zip":"7708075","zip1":"770","zip2":"8075"}],"八万町（中津浦）":[{"zip":"7708072","zip1":"770","zip2":"8072"}],"八万町（中津山）":[{"zip":"7708071","zip1":"770","zip2":"8071"}],"八万町（弐丈）":[{"zip":"7708081","zip1":"770","zip2":"8081"}],"八万町（橋本）":[{"zip":"7708078","zip1":"770","zip2":"8078"}],"八万町（法花）":[{"zip":"7708083","zip1":"770","zip2":"8083"}],"八万町（法花谷）":[{"zip":"7708084","zip1":"770","zip2":"8084"}],"八万町（その他）":[{"zip":"7708070","zip1":"770","zip2":"8070"}],"万代町":[{"zip":"7700941","zip1":"770","zip2":"0941"}],"東沖洲":[{"zip":"7700873","zip1":"770","zip2":"0873"}],"東新町":[{"zip":"7700912","zip1":"770","zip2":"0912"}],"東船場町":[{"zip":"7700911","zip1":"770","zip2":"0911"}],"東大工町":[{"zip":"7700905","zip1":"770","zip2":"0905"}],"東出来島町":[{"zip":"7700822","zip1":"770","zip2":"0822"}],"東山手町":[{"zip":"7700906","zip1":"770","zip2":"0906"}],"東吉野町":[{"zip":"7700811","zip1":"770","zip2":"0811"}],"眉山町":[{"zip":"7700908","zip1":"770","zip2":"0908"}],"福島":[{"zip":"7700868","zip1":"770","zip2":"0868"}],"不動東町":[{"zip":"7700062","zip1":"770","zip2":"0062"}],"不動西町":[{"zip":"7700064","zip1":"770","zip2":"0064"}],"不動北町":[{"zip":"7700061","zip1":"770","zip2":"0061"}],"不動本町":[{"zip":"7700063","zip1":"770","zip2":"0063"}],"南内町":[{"zip":"7700846","zip1":"770","zip2":"0846"}],"南沖洲":[{"zip":"7700874","zip1":"770","zip2":"0874"}],"南蔵本町":[{"zip":"7700043","zip1":"770","zip2":"0043"}],"南佐古一番町":[{"zip":"7700031","zip1":"770","zip2":"0031"}],"南佐古二番町":[{"zip":"7700032","zip1":"770","zip2":"0032"}],"南佐古三番町":[{"zip":"7700033","zip1":"770","zip2":"0033"}],"南佐古四番町":[{"zip":"7700034","zip1":"770","zip2":"0034"}],"南佐古五番町":[{"zip":"7700035","zip1":"770","zip2":"0035"}],"南佐古六番町":[{"zip":"7700036","zip1":"770","zip2":"0036"}],"南佐古七番町":[{"zip":"7700037","zip1":"770","zip2":"0037"}],"南佐古八番町":[{"zip":"7700038","zip1":"770","zip2":"0038"}],"南島田町":[{"zip":"7700053","zip1":"770","zip2":"0053"}],"南庄町":[{"zip":"7700045","zip1":"770","zip2":"0045"}],"南昭和町":[{"zip":"7700944","zip1":"770","zip2":"0944"}],"南新町":[{"zip":"7700913","zip1":"770","zip2":"0913"}],"南常三島町":[{"zip":"7700814","zip1":"770","zip2":"0814"}],"南末広町":[{"zip":"7700865","zip1":"770","zip2":"0865"}],"南田宮":[{"zip":"7700004","zip1":"770","zip2":"0004"}],"南出来島町":[{"zip":"7700824","zip1":"770","zip2":"0824"}],"南仲之町":[{"zip":"7700933","zip1":"770","zip2":"0933"}],"南二軒屋町":[{"zip":"7708063","zip1":"770","zip2":"8063"}],"南前川町":[{"zip":"7700808","zip1":"770","zip2":"0808"}],"南矢三町":[{"zip":"7700005","zip1":"770","zip2":"0005"}],"明神町":[{"zip":"7700938","zip1":"770","zip2":"0938"}],"名東町":[{"zip":"7700047","zip1":"770","zip2":"0047"}],"元町":[{"zip":"7700834","zip1":"770","zip2":"0834"}],"八百屋町":[{"zip":"7700841","zip1":"770","zip2":"0841"}],"山城町":[{"zip":"7708055","zip1":"770","zip2":"8055"}],"山城西":[{"zip":"7708054","zip1":"770","zip2":"8054"}],"大和町":[{"zip":"7700864","zip1":"770","zip2":"0864"}],"弓町":[{"zip":"7700925","zip1":"770","zip2":"0925"}],"吉野本町":[{"zip":"7700802","zip1":"770","zip2":"0802"}],"両国橋":[{"zip":"7700917","zip1":"770","zip2":"0917"}],"両国本町":[{"zip":"7700843","zip1":"770","zip2":"0843"}],"論田町":[{"zip":"7708011","zip1":"770","zip2":"8011"}]},"鳴門市":{"以下に掲載がない場合":[{"zip":"7720000","zip1":"772","zip2":"0000"}],"大麻町池谷":[{"zip":"7790303","zip1":"779","zip2":"0303"}],"大麻町市場":[{"zip":"7790315","zip1":"779","zip2":"0315"}],"大麻町牛屋島":[{"zip":"7790311","zip1":"779","zip2":"0311"}],"大麻町大谷":[{"zip":"7790302","zip1":"779","zip2":"0302"}],"大麻町川崎":[{"zip":"7790223","zip1":"779","zip2":"0223"}],"大麻町高畑":[{"zip":"7790305","zip1":"779","zip2":"0305"}],"大麻町津慈":[{"zip":"7790224","zip1":"779","zip2":"0224"}],"大麻町中馬詰":[{"zip":"7790313","zip1":"779","zip2":"0313"}],"大麻町西馬詰":[{"zip":"7790314","zip1":"779","zip2":"0314"}],"大麻町萩原":[{"zip":"7790221","zip1":"779","zip2":"0221"}],"大麻町板東（采女）":[{"zip":"7790234","zip1":"779","zip2":"0234"}],"大麻町板東（大林）":[{"zip":"7790231","zip1":"779","zip2":"0231"}],"大麻町板東（辻見堂）":[{"zip":"7790232","zip1":"779","zip2":"0232"}],"大麻町板東（永井）":[{"zip":"7790235","zip1":"779","zip2":"0235"}],"大麻町板東（東山田）":[{"zip":"7790238","zip1":"779","zip2":"0238"}],"大麻町板東（西山田）":[{"zip":"7790236","zip1":"779","zip2":"0236"}],"大麻町板東（北条）":[{"zip":"7790237","zip1":"779","zip2":"0237"}],"大麻町板東（宝蔵）":[{"zip":"7790233","zip1":"779","zip2":"0233"}],"大麻町板東（その他）":[{"zip":"7790230","zip1":"779","zip2":"0230"}],"大麻町東馬詰":[{"zip":"7790312","zip1":"779","zip2":"0312"}],"大麻町檜":[{"zip":"7790225","zip1":"779","zip2":"0225"}],"大麻町姫田":[{"zip":"7790301","zip1":"779","zip2":"0301"}],"大麻町松村":[{"zip":"7790304","zip1":"779","zip2":"0304"}],"大麻町三俣":[{"zip":"7790222","zip1":"779","zip2":"0222"}],"大津町大代":[{"zip":"7720041","zip1":"772","zip2":"0041"}],"大津町木津野":[{"zip":"7720031","zip1":"772","zip2":"0031"}],"大津町大幸":[{"zip":"7720044","zip1":"772","zip2":"0044"}],"大津町段関":[{"zip":"7720043","zip1":"772","zip2":"0043"}],"大津町徳長":[{"zip":"7720034","zip1":"772","zip2":"0034"}],"大津町長江":[{"zip":"7720033","zip1":"772","zip2":"0033"}],"大津町備前島":[{"zip":"7720042","zip1":"772","zip2":"0042"}],"大津町矢倉":[{"zip":"7720035","zip1":"772","zip2":"0035"}],"大津町吉永":[{"zip":"7720032","zip1":"772","zip2":"0032"}],"北灘町粟田":[{"zip":"7710372","zip1":"771","zip2":"0372"}],"北灘町大浦":[{"zip":"7710373","zip1":"771","zip2":"0373"}],"北灘町大須":[{"zip":"7710377","zip1":"771","zip2":"0377"}],"北灘町折野":[{"zip":"7710376","zip1":"771","zip2":"0376"}],"北灘町櫛木":[{"zip":"7710371","zip1":"771","zip2":"0371"}],"北灘町碁浦":[{"zip":"7710378","zip1":"771","zip2":"0378"}],"北灘町宿毛谷":[{"zip":"7710374","zip1":"771","zip2":"0374"}],"北灘町鳥ケ丸":[{"zip":"7710375","zip1":"771","zip2":"0375"}],"里浦町粟津":[{"zip":"7720022","zip1":"772","zip2":"0022"}],"里浦町里浦":[{"zip":"7720021","zip1":"772","zip2":"0021"}],"瀬戸町明神（楠谷、弐軒家、水汲谷）":[{"zip":"7720060","zip1":"772","zip2":"0060"}],"瀬戸町明神（その他）":[{"zip":"7710360","zip1":"771","zip2":"0360"}],"瀬戸町北泊（小海）":[{"zip":"7710362","zip1":"771","zip2":"0362"}],"瀬戸町北泊（その他）":[{"zip":"7710364","zip1":"771","zip2":"0364"}],"瀬戸町大島田":[{"zip":"7710367","zip1":"771","zip2":"0367"}],"瀬戸町中島田":[{"zip":"7710366","zip1":"771","zip2":"0366"}],"瀬戸町小島田":[{"zip":"7710365","zip1":"771","zip2":"0365"}],"瀬戸町堂浦":[{"zip":"7710361","zip1":"771","zip2":"0361"}],"瀬戸町湊谷":[{"zip":"7710363","zip1":"771","zip2":"0363"}],"瀬戸町撫佐":[{"zip":"7710369","zip1":"771","zip2":"0369"}],"瀬戸町室":[{"zip":"7710368","zip1":"771","zip2":"0368"}],"鳴門町高島":[{"zip":"7720051","zip1":"772","zip2":"0051"}],"鳴門町土佐泊浦":[{"zip":"7720053","zip1":"772","zip2":"0053"}],"鳴門町三ツ石":[{"zip":"7720052","zip1":"772","zip2":"0052"}],"撫養町大桑島":[{"zip":"7720011","zip1":"772","zip2":"0011"}],"撫養町小桑島":[{"zip":"7720012","zip1":"772","zip2":"0012"}],"撫養町岡崎":[{"zip":"7720013","zip1":"772","zip2":"0013"}],"撫養町木津":[{"zip":"7720004","zip1":"772","zip2":"0004"}],"撫養町黒崎":[{"zip":"7720001","zip1":"772","zip2":"0001"}],"撫養町斎田":[{"zip":"7720002","zip1":"772","zip2":"0002"}],"撫養町立岩":[{"zip":"7720017","zip1":"772","zip2":"0017"}],"撫養町林崎":[{"zip":"7720016","zip1":"772","zip2":"0016"}],"撫養町弁財天":[{"zip":"7720014","zip1":"772","zip2":"0014"}],"撫養町南浜":[{"zip":"7720003","zip1":"772","zip2":"0003"}],"撫養町北浜":[{"zip":"7720015","zip1":"772","zip2":"0015"}]},"小松島市":{"以下に掲載がない場合":[{"zip":"7730000","zip1":"773","zip2":"0000"}],"間新田町":[{"zip":"7730024","zip1":"773","zip2":"0024"}],"赤石町":[{"zip":"7730021","zip1":"773","zip2":"0021"}],"江田町":[{"zip":"7730014","zip1":"773","zip2":"0014"}],"大林町":[{"zip":"7730022","zip1":"773","zip2":"0022"}],"金磯町":[{"zip":"7730007","zip1":"773","zip2":"0007"}],"神田瀬町":[{"zip":"7730002","zip1":"773","zip2":"0002"}],"櫛淵町":[{"zip":"7730018","zip1":"773","zip2":"0018"}],"小松島町":[{"zip":"7730001","zip1":"773","zip2":"0001"}],"坂野町":[{"zip":"7730023","zip1":"773","zip2":"0023"}],"芝生町":[{"zip":"7730009","zip1":"773","zip2":"0009"}],"田浦町":[{"zip":"7730012","zip1":"773","zip2":"0012"}],"立江町":[{"zip":"7730017","zip1":"773","zip2":"0017"}],"田野町":[{"zip":"7730008","zip1":"773","zip2":"0008"}],"中田町":[{"zip":"7730015","zip1":"773","zip2":"0015"}],"豊浦町":[{"zip":"7730019","zip1":"773","zip2":"0019"}],"中郷町":[{"zip":"7730016","zip1":"773","zip2":"0016"}],"新居見町":[{"zip":"7730011","zip1":"773","zip2":"0011"}],"日開野町":[{"zip":"7730010","zip1":"773","zip2":"0010"}],"堀川町":[{"zip":"7730004","zip1":"773","zip2":"0004"}],"前原町":[{"zip":"7730013","zip1":"773","zip2":"0013"}],"松島町":[{"zip":"7730003","zip1":"773","zip2":"0003"}],"南小松島町":[{"zip":"7730005","zip1":"773","zip2":"0005"}],"横須町":[{"zip":"7730006","zip1":"773","zip2":"0006"}],"和田島町（松田新田）":[{"zip":"7730031","zip1":"773","zip2":"0031"}],"和田島町（その他）":[{"zip":"7730025","zip1":"773","zip2":"0025"}],"和田津開町":[{"zip":"7730020","zip1":"773","zip2":"0020"}]},"阿南市":{"以下に掲載がない場合":[{"zip":"7740000","zip1":"774","zip2":"0000"}],"阿瀬比町":[{"zip":"7791404","zip1":"779","zip2":"1404"}],"新野町":[{"zip":"7791510","zip1":"779","zip2":"1510"}],"伊島町":[{"zip":"7741760","zip1":"774","zip2":"1760"}],"内原町":[{"zip":"7791401","zip1":"779","zip2":"1401"}],"大井町":[{"zip":"7715177","zip1":"771","zip2":"5177"}],"大潟町":[{"zip":"7740022","zip1":"774","zip2":"0022"}],"大田井町":[{"zip":"7715176","zip1":"771","zip2":"5176"}],"学原町":[{"zip":"7740014","zip1":"774","zip2":"0014"}],"上大野町":[{"zip":"7740049","zip1":"774","zip2":"0049"}],"上中町":[{"zip":"7740044","zip1":"774","zip2":"0044"}],"加茂町":[{"zip":"7715173","zip1":"771","zip2":"5173"}],"楠根町":[{"zip":"7715170","zip1":"771","zip2":"5170"}],"熊谷町":[{"zip":"7715171","zip1":"771","zip2":"5171"}],"黒津地町":[{"zip":"7740006","zip1":"774","zip2":"0006"}],"桑野町":[{"zip":"7791402","zip1":"779","zip2":"1402"}],"才見町":[{"zip":"7740015","zip1":"774","zip2":"0015"}],"西路見町":[{"zip":"7740009","zip1":"774","zip2":"0009"}],"十八女町":[{"zip":"7715178","zip1":"771","zip2":"5178"}],"下大野町":[{"zip":"7740047","zip1":"774","zip2":"0047"}],"水井町":[{"zip":"7715174","zip1":"771","zip2":"5174"}],"住吉町":[{"zip":"7740041","zip1":"774","zip2":"0041"}],"宝田町":[{"zip":"7740045","zip1":"774","zip2":"0045"}],"橘町（小勝）":[{"zip":"7791631","zip1":"779","zip2":"1631"}],"橘町（タテアジロ、袴、袴傍示、棒面）":[{"zip":"7791630","zip1":"779","zip2":"1630"}],"橘町（その他）":[{"zip":"7740023","zip1":"774","zip2":"0023"}],"辰巳町":[{"zip":"7740001","zip1":"774","zip2":"0001"}],"津乃峰町":[{"zip":"7740021","zip1":"774","zip2":"0021"}],"椿町":[{"zip":"7791750","zip1":"779","zip2":"1750"}],"椿泊町":[{"zip":"7791740","zip1":"779","zip2":"1740"}],"出来町":[{"zip":"7740007","zip1":"774","zip2":"0007"}],"富岡町":[{"zip":"7740030","zip1":"774","zip2":"0030"}],"豊益町":[{"zip":"7740002","zip1":"774","zip2":"0002"}],"長生町":[{"zip":"7740046","zip1":"774","zip2":"0046"}],"中大野町":[{"zip":"7740048","zip1":"774","zip2":"0048"}],"那賀川町赤池":[{"zip":"7791242","zip1":"779","zip2":"1242"}],"那賀川町今津浦":[{"zip":"7791114","zip1":"779","zip2":"1114"}],"那賀川町色ケ島":[{"zip":"7791112","zip1":"779","zip2":"1112"}],"那賀川町江野島":[{"zip":"7791111","zip1":"779","zip2":"1111"}],"那賀川町上福井":[{"zip":"7791243","zip1":"779","zip2":"1243"}],"那賀川町苅屋":[{"zip":"7791235","zip1":"779","zip2":"1235"}],"那賀川町北中島":[{"zip":"7791246","zip1":"779","zip2":"1246"}],"那賀川町黒地":[{"zip":"7791121","zip1":"779","zip2":"1121"}],"那賀川町小延":[{"zip":"7791116","zip1":"779","zip2":"1116"}],"那賀川町敷地":[{"zip":"7791115","zip1":"779","zip2":"1115"}],"那賀川町島尻":[{"zip":"7791117","zip1":"779","zip2":"1117"}],"那賀川町大京原":[{"zip":"7791233","zip1":"779","zip2":"1233"}],"那賀川町工地":[{"zip":"7791236","zip1":"779","zip2":"1236"}],"那賀川町手島":[{"zip":"7791123","zip1":"779","zip2":"1123"}],"那賀川町中島":[{"zip":"7791245","zip1":"779","zip2":"1245"}],"那賀川町西原":[{"zip":"7791232","zip1":"779","zip2":"1232"}],"那賀川町原":[{"zip":"7791231","zip1":"779","zip2":"1231"}],"那賀川町日向":[{"zip":"7791119","zip1":"779","zip2":"1119"}],"那賀川町古津":[{"zip":"7791234","zip1":"779","zip2":"1234"}],"那賀川町芳崎":[{"zip":"7791113","zip1":"779","zip2":"1113"}],"那賀川町三栗":[{"zip":"7791241","zip1":"779","zip2":"1241"}],"那賀川町みどり台":[{"zip":"7791244","zip1":"779","zip2":"1244"}],"那賀川町八幡":[{"zip":"7791122","zip1":"779","zip2":"1122"}],"那賀川町豊香野":[{"zip":"7791118","zip1":"779","zip2":"1118"}],"中林町":[{"zip":"7740016","zip1":"774","zip2":"0016"}],"七見町":[{"zip":"7740012","zip1":"774","zip2":"0012"}],"羽ノ浦町岩脇（奥ノ谷）":[{"zip":"7791107","zip1":"779","zip2":"1107"}],"羽ノ浦町岩脇（その他）":[{"zip":"7791106","zip1":"779","zip2":"1106"}],"羽ノ浦町春日野":[{"zip":"7791103","zip1":"779","zip2":"1103"}],"羽ノ浦町古毛":[{"zip":"7791109","zip1":"779","zip2":"1109"}],"羽ノ浦町中庄":[{"zip":"7791101","zip1":"779","zip2":"1101"}],"羽ノ浦町西春日野":[{"zip":"7791104","zip1":"779","zip2":"1104"}],"羽ノ浦町古庄":[{"zip":"7791105","zip1":"779","zip2":"1105"}],"羽ノ浦町宮倉":[{"zip":"7791102","zip1":"779","zip2":"1102"}],"羽ノ浦町明見":[{"zip":"7791108","zip1":"779","zip2":"1108"}],"原ケ崎町":[{"zip":"7740008","zip1":"774","zip2":"0008"}],"畭町":[{"zip":"7740003","zip1":"774","zip2":"0003"}],"日開野町":[{"zip":"7740013","zip1":"774","zip2":"0013"}],"深瀬町":[{"zip":"7715179","zip1":"771","zip2":"5179"}],"福井町":[{"zip":"7791620","zip1":"779","zip2":"1620"}],"福村町":[{"zip":"7740004","zip1":"774","zip2":"0004"}],"細野町":[{"zip":"7715175","zip1":"771","zip2":"5175"}],"見能林町":[{"zip":"7740017","zip1":"774","zip2":"0017"}],"向原町":[{"zip":"7740005","zip1":"774","zip2":"0005"}],"柳島町":[{"zip":"7740043","zip1":"774","zip2":"0043"}],"山口町":[{"zip":"7791403","zip1":"779","zip2":"1403"}],"横見町":[{"zip":"7740042","zip1":"774","zip2":"0042"}],"吉井町":[{"zip":"7715172","zip1":"771","zip2":"5172"}],"領家町":[{"zip":"7740011","zip1":"774","zip2":"0011"}]},"吉野川市":{"以下に掲載がない場合":[{"zip":"7760000","zip1":"776","zip2":"0000"}],"鴨島町粟島":[{"zip":"7760015","zip1":"776","zip2":"0015"}],"鴨島町飯尾":[{"zip":"7760033","zip1":"776","zip2":"0033"}],"鴨島町牛島":[{"zip":"7760001","zip1":"776","zip2":"0001"}],"鴨島町内原":[{"zip":"7760003","zip1":"776","zip2":"0003"}],"鴨島町麻植塚":[{"zip":"7760002","zip1":"776","zip2":"0002"}],"鴨島町上浦":[{"zip":"7760037","zip1":"776","zip2":"0037"}],"鴨島町鴨島":[{"zip":"7760010","zip1":"776","zip2":"0010"}],"鴨島町鴨島甲":[{"zip":"7760011","zip1":"776","zip2":"0011"}],"鴨島町鴨島乙":[{"zip":"7760012","zip1":"776","zip2":"0012"}],"鴨島町喜来":[{"zip":"7760005","zip1":"776","zip2":"0005"}],"鴨島町喜来甲":[{"zip":"7760006","zip1":"776","zip2":"0006"}],"鴨島町喜来乙":[{"zip":"7760007","zip1":"776","zip2":"0007"}],"鴨島町呉郷団地":[{"zip":"7760034","zip1":"776","zip2":"0034"}],"鴨島町山路":[{"zip":"7760036","zip1":"776","zip2":"0036"}],"鴨島町敷地":[{"zip":"7760031","zip1":"776","zip2":"0031"}],"鴨島町上下島":[{"zip":"7760013","zip1":"776","zip2":"0013"}],"鴨島町知恵島":[{"zip":"7760014","zip1":"776","zip2":"0014"}],"鴨島町中島":[{"zip":"7760004","zip1":"776","zip2":"0004"}],"鴨島町西麻植":[{"zip":"7760020","zip1":"776","zip2":"0020"}],"鴨島町樋山地":[{"zip":"7760032","zip1":"776","zip2":"0032"}],"鴨島町森藤":[{"zip":"7760035","zip1":"776","zip2":"0035"}],"川島町学":[{"zip":"7793306","zip1":"779","zip2":"3306"}],"川島町川島":[{"zip":"7793301","zip1":"779","zip2":"3301"}],"川島町桑村":[{"zip":"7793303","zip1":"779","zip2":"3303"}],"川島町児島":[{"zip":"7793305","zip1":"779","zip2":"3305"}],"川島町三ツ島":[{"zip":"7793307","zip1":"779","zip2":"3307"}],"川島町宮島":[{"zip":"7793304","zip1":"779","zip2":"3304"}],"川島町山田":[{"zip":"7793302","zip1":"779","zip2":"3302"}],"美郷愛後":[{"zip":"7793501","zip1":"779","zip2":"3501"}],"美郷穴地":[{"zip":"7793501","zip1":"779","zip2":"3501"}],"美郷一野山":[{"zip":"7793501","zip1":"779","zip2":"3501"}],"美郷恵美子":[{"zip":"7793505","zip1":"779","zip2":"3505"}],"美郷大神":[{"zip":"7793501","zip1":"779","zip2":"3501"}],"美郷大岸":[{"zip":"7793502","zip1":"779","zip2":"3502"}],"美郷大佐古":[{"zip":"7793502","zip1":"779","zip2":"3502"}],"美郷大鹿":[{"zip":"7793505","zip1":"779","zip2":"3505"}],"美郷大野":[{"zip":"7793505","zip1":"779","zip2":"3505"}],"美郷大平":[{"zip":"7793501","zip1":"779","zip2":"3501"}],"美郷奥分":[{"zip":"7793502","zip1":"779","zip2":"3502"}],"美郷奥丸":[{"zip":"7793505","zip1":"779","zip2":"3505"}],"美郷柿谷":[{"zip":"7793501","zip1":"779","zip2":"3501"}],"美郷樫平":[{"zip":"7793502","zip1":"779","zip2":"3502"}],"美郷上谷":[{"zip":"7793505","zip1":"779","zip2":"3505"}],"美郷川俣":[{"zip":"7793503","zip1":"779","zip2":"3503"}],"美郷川向":[{"zip":"7793502","zip1":"779","zip2":"3502"}],"美郷岸宗":[{"zip":"7793502","zip1":"779","zip2":"3502"}],"美郷倉羅":[{"zip":"7793501","zip1":"779","zip2":"3501"}],"美郷栗木":[{"zip":"7793505","zip1":"779","zip2":"3505"}],"美郷来見坂":[{"zip":"7793505","zip1":"779","zip2":"3505"}],"美郷暮石":[{"zip":"7793505","zip1":"779","zip2":"3505"}],"美郷毛無":[{"zip":"7793504","zip1":"779","zip2":"3504"}],"美郷古井":[{"zip":"7793501","zip1":"779","zip2":"3501"}],"美郷小竹":[{"zip":"7793502","zip1":"779","zip2":"3502"}],"美郷古土地":[{"zip":"7793505","zip1":"779","zip2":"3505"}],"美郷木屋浦":[{"zip":"7793505","zip1":"779","zip2":"3505"}],"美郷山王":[{"zip":"7793505","zip1":"779","zip2":"3505"}],"美郷重野尾":[{"zip":"7793501","zip1":"779","zip2":"3501"}],"美郷品野":[{"zip":"7793503","zip1":"779","zip2":"3503"}],"美郷下浦":[{"zip":"7793501","zip1":"779","zip2":"3501"}],"美郷下城戸":[{"zip":"7793501","zip1":"779","zip2":"3501"}],"美郷下畠":[{"zip":"7793502","zip1":"779","zip2":"3502"}],"美郷下林":[{"zip":"7793502","zip1":"779","zip2":"3502"}],"美郷上戸峯":[{"zip":"7793501","zip1":"779","zip2":"3501"}],"美郷菅草":[{"zip":"7793505","zip1":"779","zip2":"3505"}],"美郷平":[{"zip":"7793501","zip1":"779","zip2":"3501"}],"美郷高野尾":[{"zip":"7793503","zip1":"779","zip2":"3503"}],"美郷滝ケ山":[{"zip":"7793501","zip1":"779","zip2":"3501"}],"美郷竹屋敷":[{"zip":"7793502","zip1":"779","zip2":"3502"}],"美郷田平":[{"zip":"7793501","zip1":"779","zip2":"3501"}],"美郷立石":[{"zip":"7793502","zip1":"779","zip2":"3502"}],"美郷谷向":[{"zip":"7793502","zip1":"779","zip2":"3502"}],"美郷月野":[{"zip":"7793505","zip1":"779","zip2":"3505"}],"美郷照尾":[{"zip":"7793501","zip1":"779","zip2":"3501"}],"美郷土井ノ奥":[{"zip":"7793504","zip1":"779","zip2":"3504"}],"美郷峠":[{"zip":"7793504","zip1":"779","zip2":"3504"}],"美郷栩谷":[{"zip":"7793505","zip1":"779","zip2":"3505"}],"美郷殿河":[{"zip":"7793505","zip1":"779","zip2":"3505"}],"美郷土用地":[{"zip":"7793505","zip1":"779","zip2":"3505"}],"美郷中筋":[{"zip":"7793503","zip1":"779","zip2":"3503"}],"美郷中谷":[{"zip":"7793505","zip1":"779","zip2":"3505"}],"美郷中畠":[{"zip":"7793502","zip1":"779","zip2":"3502"}],"美郷中分":[{"zip":"7793502","zip1":"779","zip2":"3502"}],"美郷中村中筋":[{"zip":"7793502","zip1":"779","zip2":"3502"}],"美郷西條":[{"zip":"7793502","zip1":"779","zip2":"3502"}],"美郷西谷":[{"zip":"7793502","zip1":"779","zip2":"3502"}],"美郷西畠":[{"zip":"7793502","zip1":"779","zip2":"3502"}],"美郷西槇山":[{"zip":"7793502","zip1":"779","zip2":"3502"}],"美郷刷石":[{"zip":"7793504","zip1":"779","zip2":"3504"}],"美郷花地":[{"zip":"7793505","zip1":"779","zip2":"3505"}],"美郷張":[{"zip":"7793501","zip1":"779","zip2":"3501"}],"美郷張峯":[{"zip":"7793501","zip1":"779","zip2":"3501"}],"美郷日浦":[{"zip":"7793502","zip1":"779","zip2":"3502"}],"美郷東":[{"zip":"7793502","zip1":"779","zip2":"3502"}],"美郷東條":[{"zip":"7793502","zip1":"779","zip2":"3502"}],"美郷東槇山":[{"zip":"7793502","zip1":"779","zip2":"3502"}],"美郷東山峠":[{"zip":"7793505","zip1":"779","zip2":"3505"}],"美郷槇山":[{"zip":"7793502","zip1":"779","zip2":"3502"}],"美郷松尾":[{"zip":"7793502","zip1":"779","zip2":"3502"}],"美郷丸山":[{"zip":"7793505","zip1":"779","zip2":"3505"}],"美郷宮倉":[{"zip":"7793501","zip1":"779","zip2":"3501"}],"美郷宗田":[{"zip":"7793501","zip1":"779","zip2":"3501"}],"美郷矢ノ丸":[{"zip":"7793502","zip1":"779","zip2":"3502"}],"美郷湯下":[{"zip":"7793505","zip1":"779","zip2":"3505"}],"美郷湯殿":[{"zip":"7793503","zip1":"779","zip2":"3503"}],"山川町青木":[{"zip":"7793407","zip1":"779","zip2":"3407"}],"山川町赤岩":[{"zip":"7793407","zip1":"779","zip2":"3407"}],"山川町赤刎":[{"zip":"7793405","zip1":"779","zip2":"3405"}],"山川町朝日":[{"zip":"7793407","zip1":"779","zip2":"3407"}],"山川町安楽寺":[{"zip":"7793407","zip1":"779","zip2":"3407"}],"山川町石堂":[{"zip":"7793401","zip1":"779","zip2":"3401"}],"山川町伊端穂":[{"zip":"7793405","zip1":"779","zip2":"3405"}],"山川町市久保":[{"zip":"7793404","zip1":"779","zip2":"3404"}],"山川町一里塚":[{"zip":"7793404","zip1":"779","zip2":"3404"}],"山川町井上":[{"zip":"7793405","zip1":"779","zip2":"3405"}],"山川町井傍":[{"zip":"7793405","zip1":"779","zip2":"3405"}],"山川町忌部":[{"zip":"7793402","zip1":"779","zip2":"3402"}],"山川町忌部山":[{"zip":"7793402","zip1":"779","zip2":"3402"}],"山川町岩戸":[{"zip":"7793402","zip1":"779","zip2":"3402"}],"山川町牛ノ子尾":[{"zip":"7793405","zip1":"779","zip2":"3405"}],"山川町浦山":[{"zip":"7793407","zip1":"779","zip2":"3407"}],"山川町恵下":[{"zip":"7793401","zip1":"779","zip2":"3401"}],"山川町榎谷":[{"zip":"7793406","zip1":"779","zip2":"3406"}],"山川町大内":[{"zip":"7793406","zip1":"779","zip2":"3406"}],"山川町大須賀":[{"zip":"7793404","zip1":"779","zip2":"3404"}],"山川町大塚":[{"zip":"7793404","zip1":"779","zip2":"3404"}],"山川町大藤谷":[{"zip":"7793405","zip1":"779","zip2":"3405"}],"山川町大峰":[{"zip":"7793405","zip1":"779","zip2":"3405"}],"山川町大室":[{"zip":"7793405","zip1":"779","zip2":"3405"}],"山川町麻掛":[{"zip":"7793404","zip1":"779","zip2":"3404"}],"山川町翁喜台":[{"zip":"7793401","zip1":"779","zip2":"3401"}],"山川町奥川田":[{"zip":"7793406","zip1":"779","zip2":"3406"}],"山川町奥野井":[{"zip":"7793406","zip1":"779","zip2":"3406"}],"山川町奥原":[{"zip":"7793405","zip1":"779","zip2":"3405"}],"山川町皆瀬":[{"zip":"7793406","zip1":"779","zip2":"3406"}],"山川町槻原":[{"zip":"7793404","zip1":"779","zip2":"3404"}],"山川町柿木谷":[{"zip":"7793405","zip1":"779","zip2":"3405"}],"山川町楮本":[{"zip":"7793405","zip1":"779","zip2":"3405"}],"山川町春日":[{"zip":"7793403","zip1":"779","zip2":"3403"}],"山川町片岸":[{"zip":"7793405","zip1":"779","zip2":"3405"}],"山川町川田":[{"zip":"7793404","zip1":"779","zip2":"3404"}],"山川町川田市":[{"zip":"7793404","zip1":"779","zip2":"3404"}],"山川町川田天神":[{"zip":"7793404","zip1":"779","zip2":"3404"}],"山川町川田八幡":[{"zip":"7793405","zip1":"779","zip2":"3405"}],"山川町川東":[{"zip":"7793401","zip1":"779","zip2":"3401"}],"山川町祗園":[{"zip":"7793407","zip1":"779","zip2":"3407"}],"山川町北島":[{"zip":"7793404","zip1":"779","zip2":"3404"}],"山川町北須賀":[{"zip":"7793403","zip1":"779","zip2":"3403"}],"山川町木戸口":[{"zip":"7793405","zip1":"779","zip2":"3405"}],"山川町楠根地":[{"zip":"7793406","zip1":"779","zip2":"3406"}],"山川町雲宮":[{"zip":"7793402","zip1":"779","zip2":"3402"}],"山川町黒岩":[{"zip":"7793405","zip1":"779","zip2":"3405"}],"山川町桑内":[{"zip":"7793406","zip1":"779","zip2":"3406"}],"山川町桑ノ峰":[{"zip":"7793405","zip1":"779","zip2":"3405"}],"山川町高頭":[{"zip":"7793405","zip1":"779","zip2":"3405"}],"山川町御饌免":[{"zip":"7793405","zip1":"779","zip2":"3405"}],"山川町御旅館":[{"zip":"7793405","zip1":"779","zip2":"3405"}],"山川町権現谷":[{"zip":"7793405","zip1":"779","zip2":"3405"}],"山川町境谷":[{"zip":"7793407","zip1":"779","zip2":"3407"}],"山川町坂口":[{"zip":"7793405","zip1":"779","zip2":"3405"}],"山川町坂田":[{"zip":"7793407","zip1":"779","zip2":"3407"}],"山川町貞田":[{"zip":"7793405","zip1":"779","zip2":"3405"}],"山川町小路":[{"zip":"7793405","zip1":"779","zip2":"3405"}],"山川町新田谷":[{"zip":"7793407","zip1":"779","zip2":"3407"}],"山川町季邦":[{"zip":"7793407","zip1":"779","zip2":"3407"}],"山川町住吉":[{"zip":"7793401","zip1":"779","zip2":"3401"}],"山川町諏訪":[{"zip":"7793403","zip1":"779","zip2":"3403"}],"山川町瀬津":[{"zip":"7793405","zip1":"779","zip2":"3405"}],"山川町建石":[{"zip":"7793401","zip1":"779","zip2":"3401"}],"山川町田ノ浦":[{"zip":"7793405","zip1":"779","zip2":"3405"}],"山川町塚穴":[{"zip":"7793405","zip1":"779","zip2":"3405"}],"山川町土仏西向":[{"zip":"7793405","zip1":"779","zip2":"3405"}],"山川町鼓山":[{"zip":"7793404","zip1":"779","zip2":"3404"}],"山川町津由谷":[{"zip":"7793407","zip1":"779","zip2":"3407"}],"山川町堤外":[{"zip":"7793403","zip1":"779","zip2":"3403"}],"山川町堤内":[{"zip":"7793402","zip1":"779","zip2":"3402"}],"山川町天神":[{"zip":"7793402","zip1":"779","zip2":"3402"}],"山川町天神佐古":[{"zip":"7793405","zip1":"779","zip2":"3405"}],"山川町天王原":[{"zip":"7793405","zip1":"779","zip2":"3405"}],"山川町土橋":[{"zip":"7793405","zip1":"779","zip2":"3405"}],"山川町土橋ノ上":[{"zip":"7793405","zip1":"779","zip2":"3405"}],"山川町中須賀":[{"zip":"7793402","zip1":"779","zip2":"3402"}],"山川町中ノ郷":[{"zip":"7793405","zip1":"779","zip2":"3405"}],"山川町流":[{"zip":"7793402","zip1":"779","zip2":"3402"}],"山川町鍋倉":[{"zip":"7793405","zip1":"779","zip2":"3405"}],"山川町西久保":[{"zip":"7793402","zip1":"779","zip2":"3402"}],"山川町西ノ原":[{"zip":"7793407","zip1":"779","zip2":"3407"}],"山川町西野峰":[{"zip":"7793406","zip1":"779","zip2":"3406"}],"山川町西麓":[{"zip":"7793402","zip1":"779","zip2":"3402"}],"山川町野宮谷":[{"zip":"7793405","zip1":"779","zip2":"3405"}],"山川町旗見":[{"zip":"7793407","zip1":"779","zip2":"3407"}],"山川町八ケ久保":[{"zip":"7793405","zip1":"779","zip2":"3405"}],"山川町八幡":[{"zip":"7793403","zip1":"779","zip2":"3403"}],"山川町榛木原":[{"zip":"7793405","zip1":"779","zip2":"3405"}],"山川町東麓":[{"zip":"7793402","zip1":"779","zip2":"3402"}],"山川町東麦原":[{"zip":"7793407","zip1":"779","zip2":"3407"}],"山川町引地":[{"zip":"7793404","zip1":"779","zip2":"3404"}],"山川町久宗":[{"zip":"7793406","zip1":"779","zip2":"3406"}],"山川町日知利子":[{"zip":"7793404","zip1":"779","zip2":"3404"}],"山川町一ツ石":[{"zip":"7793405","zip1":"779","zip2":"3405"}],"山川町平山":[{"zip":"7793405","zip1":"779","zip2":"3405"}],"山川町日鷲谷":[{"zip":"7793405","zip1":"779","zip2":"3405"}],"山川町藤生":[{"zip":"7793404","zip1":"779","zip2":"3404"}],"山川町舟戸":[{"zip":"7793404","zip1":"779","zip2":"3404"}],"山川町古城":[{"zip":"7793407","zip1":"779","zip2":"3407"}],"山川町前川":[{"zip":"7793403","zip1":"779","zip2":"3403"}],"山川町町":[{"zip":"7793401","zip1":"779","zip2":"3401"}],"山川町馬見尾":[{"zip":"7793406","zip1":"779","zip2":"3406"}],"山川町丸山":[{"zip":"7793407","zip1":"779","zip2":"3407"}],"山川町三島":[{"zip":"7793403","zip1":"779","zip2":"3403"}],"山川町宮北":[{"zip":"7793402","zip1":"779","zip2":"3402"}],"山川町宮地":[{"zip":"7793407","zip1":"779","zip2":"3407"}],"山川町宮島":[{"zip":"7793402","zip1":"779","zip2":"3402"}],"山川町宮谷":[{"zip":"7793405","zip1":"779","zip2":"3405"}],"山川町迎坂":[{"zip":"7793407","zip1":"779","zip2":"3407"}],"山川町麦原":[{"zip":"7793407","zip1":"779","zip2":"3407"}],"山川町向坂":[{"zip":"7793407","zip1":"779","zip2":"3407"}],"山川町村雲":[{"zip":"7793405","zip1":"779","zip2":"3405"}],"山川町茂草":[{"zip":"7793405","zip1":"779","zip2":"3405"}],"山川町矢落":[{"zip":"7793405","zip1":"779","zip2":"3405"}],"山川町山路":[{"zip":"7793402","zip1":"779","zip2":"3402"}],"山川町山ノ神":[{"zip":"7793407","zip1":"779","zip2":"3407"}],"山川町木綿麻山":[{"zip":"7793405","zip1":"779","zip2":"3405"}],"山川町湯立":[{"zip":"7793404","zip1":"779","zip2":"3404"}],"山川町横走":[{"zip":"7793407","zip1":"779","zip2":"3407"}],"山川町若宮":[{"zip":"7793403","zip1":"779","zip2":"3403"}]},"阿波市":{"以下に掲載がない場合":[{"zip":"7711700","zip1":"771","zip2":"1700"}],"阿波町赤坂":[{"zip":"7711705","zip1":"771","zip2":"1705"}],"阿波町医王寺":[{"zip":"7711705","zip1":"771","zip2":"1705"}],"阿波町伊沢市":[{"zip":"7711701","zip1":"771","zip2":"1701"}],"阿波町伊沢田":[{"zip":"7711703","zip1":"771","zip2":"1703"}],"阿波町伊沢谷東縁":[{"zip":"7711704","zip1":"771","zip2":"1704"}],"阿波町伊勢":[{"zip":"7711702","zip1":"771","zip2":"1702"}],"阿波町井出口":[{"zip":"7711702","zip1":"771","zip2":"1702"}],"阿波町糸下":[{"zip":"7711704","zip1":"771","zip2":"1704"}],"阿波町稲荷":[{"zip":"7711702","zip1":"771","zip2":"1702"}],"阿波町芋場":[{"zip":"7711704","zip1":"771","zip2":"1704"}],"阿波町居屋敷":[{"zip":"7711705","zip1":"771","zip2":"1705"}],"阿波町岩津":[{"zip":"7711706","zip1":"771","zip2":"1706"}],"阿波町植桜":[{"zip":"7711706","zip1":"771","zip2":"1706"}],"阿波町梅川内":[{"zip":"7711705","zip1":"771","zip2":"1705"}],"阿波町梅ノ木原":[{"zip":"7711704","zip1":"771","zip2":"1704"}],"阿波町梅ノ東":[{"zip":"7711704","zip1":"771","zip2":"1704"}],"阿波町王地":[{"zip":"7711701","zip1":"771","zip2":"1701"}],"阿波町王子川":[{"zip":"7711705","zip1":"771","zip2":"1705"}],"阿波町王地南":[{"zip":"7711701","zip1":"771","zip2":"1701"}],"阿波町大久保":[{"zip":"7711702","zip1":"771","zip2":"1702"}],"阿波町大坪":[{"zip":"7711701","zip1":"771","zip2":"1701"}],"阿波町大原":[{"zip":"7711701","zip1":"771","zip2":"1701"}],"阿波町大道北":[{"zip":"7711703","zip1":"771","zip2":"1703"}],"阿波町大道南":[{"zip":"7711701","zip1":"771","zip2":"1701"}],"阿波町岡地":[{"zip":"7711703","zip1":"771","zip2":"1703"}],"阿波町小倉":[{"zip":"7711704","zip1":"771","zip2":"1704"}],"阿波町乙岩津":[{"zip":"7711706","zip1":"771","zip2":"1706"}],"阿波町柏谷左右":[{"zip":"7711702","zip1":"771","zip2":"1702"}],"阿波町勝命":[{"zip":"7711701","zip1":"771","zip2":"1701"}],"阿波町勝命北":[{"zip":"7711701","zip1":"771","zip2":"1701"}],"阿波町亀底":[{"zip":"7711704","zip1":"771","zip2":"1704"}],"阿波町川久保":[{"zip":"7711705","zip1":"771","zip2":"1705"}],"阿波町川添":[{"zip":"7711702","zip1":"771","zip2":"1702"}],"阿波町北岡":[{"zip":"7711706","zip1":"771","zip2":"1706"}],"阿波町北久保":[{"zip":"7711704","zip1":"771","zip2":"1704"}],"阿波町北五味知":[{"zip":"7711704","zip1":"771","zip2":"1704"}],"阿波町北柴生":[{"zip":"7711703","zip1":"771","zip2":"1703"}],"阿波町北整理":[{"zip":"7711705","zip1":"771","zip2":"1705"}],"阿波町北西谷":[{"zip":"7711706","zip1":"771","zip2":"1706"}],"阿波町北ノ名":[{"zip":"7711702","zip1":"771","zip2":"1702"}],"阿波町北原":[{"zip":"7711703","zip1":"771","zip2":"1703"}],"阿波町北正広":[{"zip":"7711704","zip1":"771","zip2":"1704"}],"阿波町北山":[{"zip":"7711705","zip1":"771","zip2":"1705"}],"阿波町庚申原":[{"zip":"7711701","zip1":"771","zip2":"1701"}],"阿波町五明":[{"zip":"7711705","zip1":"771","zip2":"1705"}],"阿波町桜ノ岡":[{"zip":"7711705","zip1":"771","zip2":"1705"}],"阿波町寒風":[{"zip":"7711705","zip1":"771","zip2":"1705"}],"阿波町山王":[{"zip":"7711702","zip1":"771","zip2":"1702"}],"阿波町三本柳":[{"zip":"7711706","zip1":"771","zip2":"1706"}],"阿波町四歩一":[{"zip":"7711702","zip1":"771","zip2":"1702"}],"阿波町下喜来":[{"zip":"7711701","zip1":"771","zip2":"1701"}],"阿波町下喜来南":[{"zip":"7711701","zip1":"771","zip2":"1701"}],"阿波町下原":[{"zip":"7711702","zip1":"771","zip2":"1702"}],"阿波町十善地":[{"zip":"7711705","zip1":"771","zip2":"1705"}],"阿波町新開":[{"zip":"7711701","zip1":"771","zip2":"1701"}],"阿波町真福寺":[{"zip":"7711703","zip1":"771","zip2":"1703"}],"阿波町清原":[{"zip":"7711701","zip1":"771","zip2":"1701"}],"阿波町善地":[{"zip":"7711705","zip1":"771","zip2":"1705"}],"阿波町大次郎":[{"zip":"7711702","zip1":"771","zip2":"1702"}],"阿波町高垣":[{"zip":"7711705","zip1":"771","zip2":"1705"}],"阿波町立割":[{"zip":"7711704","zip1":"771","zip2":"1704"}],"阿波町谷口":[{"zip":"7711702","zip1":"771","zip2":"1702"}],"阿波町谷島":[{"zip":"7711701","zip1":"771","zip2":"1701"}],"阿波町谷島北":[{"zip":"7711701","zip1":"771","zip2":"1701"}],"阿波町綱懸":[{"zip":"7711703","zip1":"771","zip2":"1703"}],"阿波町寺サコ":[{"zip":"7711702","zip1":"771","zip2":"1702"}],"阿波町天西山":[{"zip":"7711702","zip1":"771","zip2":"1702"}],"阿波町東条":[{"zip":"7711703","zip1":"771","zip2":"1703"}],"阿波町栩ケ窪":[{"zip":"7711705","zip1":"771","zip2":"1705"}],"阿波町中川原":[{"zip":"7711706","zip1":"771","zip2":"1706"}],"阿波町中坪":[{"zip":"7711706","zip1":"771","zip2":"1706"}],"阿波町中長峰":[{"zip":"7711706","zip1":"771","zip2":"1706"}],"阿波町中原":[{"zip":"7711703","zip1":"771","zip2":"1703"}],"阿波町西柴生":[{"zip":"7711703","zip1":"771","zip2":"1703"}],"阿波町西島":[{"zip":"7711706","zip1":"771","zip2":"1706"}],"阿波町西清原":[{"zip":"7711701","zip1":"771","zip2":"1701"}],"阿波町西整理":[{"zip":"7711706","zip1":"771","zip2":"1706"}],"阿波町西長峰":[{"zip":"7711706","zip1":"771","zip2":"1706"}],"阿波町西ノ岡":[{"zip":"7711702","zip1":"771","zip2":"1702"}],"阿波町西林":[{"zip":"7711706","zip1":"771","zip2":"1706"}],"阿波町西原":[{"zip":"7711703","zip1":"771","zip2":"1703"}],"阿波町西正広":[{"zip":"7711704","zip1":"771","zip2":"1704"}],"阿波町野神":[{"zip":"7711702","zip1":"771","zip2":"1702"}],"阿波町八丁原":[{"zip":"7711704","zip1":"771","zip2":"1704"}],"阿波町馬場":[{"zip":"7711705","zip1":"771","zip2":"1705"}],"阿波町東川原":[{"zip":"7711706","zip1":"771","zip2":"1706"}],"阿波町東柴生":[{"zip":"7711703","zip1":"771","zip2":"1703"}],"阿波町東島":[{"zip":"7711706","zip1":"771","zip2":"1706"}],"阿波町東整理":[{"zip":"7711706","zip1":"771","zip2":"1706"}],"阿波町東長峰":[{"zip":"7711706","zip1":"771","zip2":"1706"}],"阿波町東原":[{"zip":"7711703","zip1":"771","zip2":"1703"}],"阿波町東正広":[{"zip":"7711704","zip1":"771","zip2":"1704"}],"阿波町東村":[{"zip":"7711706","zip1":"771","zip2":"1706"}],"阿波町引地":[{"zip":"7711704","zip1":"771","zip2":"1704"}],"阿波町久原":[{"zip":"7711702","zip1":"771","zip2":"1702"}],"阿波町日吉谷":[{"zip":"7711705","zip1":"771","zip2":"1705"}],"阿波町広野":[{"zip":"7711704","zip1":"771","zip2":"1704"}],"阿波町平川原北":[{"zip":"7711701","zip1":"771","zip2":"1701"}],"阿波町平川原南":[{"zip":"7711701","zip1":"771","zip2":"1701"}],"阿波町本町":[{"zip":"7711702","zip1":"771","zip2":"1702"}],"阿波町本安":[{"zip":"7711702","zip1":"771","zip2":"1702"}],"阿波町前島":[{"zip":"7711703","zip1":"771","zip2":"1703"}],"阿波町真重":[{"zip":"7711704","zip1":"771","zip2":"1704"}],"阿波町松川内":[{"zip":"7711705","zip1":"771","zip2":"1705"}],"阿波町丸山":[{"zip":"7711703","zip1":"771","zip2":"1703"}],"阿波町南川原":[{"zip":"7711706","zip1":"771","zip2":"1706"}],"阿波町南五味知":[{"zip":"7711704","zip1":"771","zip2":"1704"}],"阿波町南柴生":[{"zip":"7711703","zip1":"771","zip2":"1703"}],"阿波町南整理":[{"zip":"7711706","zip1":"771","zip2":"1706"}],"阿波町南谷島":[{"zip":"7711701","zip1":"771","zip2":"1701"}],"阿波町南西谷":[{"zip":"7711706","zip1":"771","zip2":"1706"}],"阿波町元町":[{"zip":"7711704","zip1":"771","zip2":"1704"}],"阿波町森沢":[{"zip":"7711702","zip1":"771","zip2":"1702"}],"阿波町安政":[{"zip":"7711702","zip1":"771","zip2":"1702"}],"阿波町山尻":[{"zip":"7711702","zip1":"771","zip2":"1702"}],"阿波町山ノ神":[{"zip":"7711704","zip1":"771","zip2":"1704"}],"阿波町早田":[{"zip":"7711702","zip1":"771","zip2":"1702"}],"市場町市場（上野段）":[{"zip":"7711602","zip1":"771","zip2":"1602"}],"市場町市場（岸ノ下）":[{"zip":"7711603","zip1":"771","zip2":"1603"}],"市場町市場（興崎）":[{"zip":"7711601","zip1":"771","zip2":"1601"}],"市場町市場（町筋）":[{"zip":"7711604","zip1":"771","zip2":"1604"}],"市場町伊月":[{"zip":"7711626","zip1":"771","zip2":"1626"}],"市場町犬墓（小竹）":[{"zip":"7711714","zip1":"771","zip2":"1714"}],"市場町犬墓（その他）":[{"zip":"7711614","zip1":"771","zip2":"1614"}],"市場町大影":[{"zip":"7711615","zip1":"771","zip2":"1615"}],"市場町大野島":[{"zip":"7711627","zip1":"771","zip2":"1627"}],"市場町大俣":[{"zip":"7711613","zip1":"771","zip2":"1613"}],"市場町尾開":[{"zip":"7711621","zip1":"771","zip2":"1621"}],"市場町香美（北香美）":[{"zip":"7711611","zip1":"771","zip2":"1611"}],"市場町香美（その他）":[{"zip":"7711610","zip1":"771","zip2":"1610"}],"市場町上喜来":[{"zip":"7711612","zip1":"771","zip2":"1612"}],"市場町切幡":[{"zip":"7711623","zip1":"771","zip2":"1623"}],"市場町興崎":[{"zip":"7711622","zip1":"771","zip2":"1622"}],"市場町日開谷":[{"zip":"7711616","zip1":"771","zip2":"1616"}],"市場町山野上":[{"zip":"7711624","zip1":"771","zip2":"1624"}],"市場町八幡":[{"zip":"7711625","zip1":"771","zip2":"1625"}],"土成町秋月":[{"zip":"7711501","zip1":"771","zip2":"1501"}],"土成町浦池":[{"zip":"7711503","zip1":"771","zip2":"1503"}],"土成町郡":[{"zip":"7711505","zip1":"771","zip2":"1505"}],"土成町高尾":[{"zip":"7711509","zip1":"771","zip2":"1509"}],"土成町土成":[{"zip":"7711506","zip1":"771","zip2":"1506"}],"土成町成当":[{"zip":"7711504","zip1":"771","zip2":"1504"}],"土成町水田":[{"zip":"7711502","zip1":"771","zip2":"1502"}],"土成町宮川内":[{"zip":"7711508","zip1":"771","zip2":"1508"}],"土成町吉田":[{"zip":"7711507","zip1":"771","zip2":"1507"}],"吉野町柿原":[{"zip":"7711401","zip1":"771","zip2":"1401"}],"吉野町五条":[{"zip":"7711403","zip1":"771","zip2":"1403"}],"吉野町西条":[{"zip":"7711402","zip1":"771","zip2":"1402"}]},"美馬市":{"以下に掲載がない場合":[{"zip":"7793600","zip1":"779","zip2":"3600"}],"穴吹町穴吹":[{"zip":"7770005","zip1":"777","zip2":"0005"}],"穴吹町口山":[{"zip":"7770006","zip1":"777","zip2":"0006"}],"穴吹町古宮":[{"zip":"7770007","zip1":"777","zip2":"0007"}],"穴吹町三島（大重）":[{"zip":"7770004","zip1":"777","zip2":"0004"}],"穴吹町三島（小島）":[{"zip":"7770001","zip1":"777","zip2":"0001"}],"穴吹町三島（舞中島）":[{"zip":"7770002","zip1":"777","zip2":"0002"}],"穴吹町三島（三谷）":[{"zip":"7770003","zip1":"777","zip2":"0003"}],"木屋平（麻衣、大北、川井、下名、竹尾、櫟木）":[{"zip":"7770302","zip1":"777","zip2":"0302"}],"木屋平（市初、今丸、尾山、カゴミ、樫原、木中、桑柄、ケヤキヒラ、小日浦、":[{"zip":"7770301","zip1":"777","zip2":"0301"}],"地神滝、菅蔵、杖谷、葛尾、ハジコノ、ビヤガイチ、二戸、三ツ木、貢、":[{"zip":"7770301","zip1":"777","zip2":"0301"}],"南張、向樫原）":[{"zip":"7770301","zip1":"777","zip2":"0301"}],"木屋平（川上、川上カケ、太合、太合カケ、谷口、谷口カケ、森遠、八幡、弓道）":[{"zip":"7770303","zip1":"777","zip2":"0303"}],"美馬町（雨下、上野、小原、境目、里西屋敷、下ノ段、城、滝下、竹ノ内、田辺、":[{"zip":"7712107","zip1":"771","zip2":"2107"}],"谷口、栂尾、突落、中尾、中耕地、中筋、中通、中西、中山、長畑、夏蕨、":[{"zip":"7712107","zip1":"771","zip2":"2107"}],"西宮ノ上、東宮ノ上、細野、前田、松ノ花、松ノ本、宮前、宮北、八幡、":[{"zip":"7712107","zip1":"771","zip2":"2107"}],"山夏蕨、吉水）":[{"zip":"7712107","zip1":"771","zip2":"2107"}],"美馬町（荒川、井出縁、井ノ神、大泉、大宮西、上突出、岸ノ下、北東原、":[{"zip":"7712106","zip1":"771","zip2":"2106"}],"喜来市、里平野、下突出、谷ヨリ西、乳ノ木、寺ノ下、天神、天神北、中東原、":[{"zip":"7712106","zip1":"771","zip2":"2106"}],"西荒川、沼田島、東荒川、南荒川、南東原、妙見、山嫁坂）":[{"zip":"7712106","zip1":"771","zip2":"2106"}],"美馬町（家ノ前、大池、大上、大北、大佐古、大前、岡ノ内、押上、茅原、":[{"zip":"7712102","zip1":"771","zip2":"2102"}],"川ノ上、観音、栗林、黒砂、狙ケ内、猿坂、下白地、白地、炭釜、芹佐古、惣後、":[{"zip":"7712102","zip1":"771","zip2":"2102"}],"惣田、外墓、滝ノ上、立見山、田ノ岡、狙坂、中岡、中野田ノ井、中横尾、長地、":[{"zip":"7712102","zip1":"771","zip2":"2102"}],"西浦、西ノ谷、野田ノ井、橋谷、場シ所、東筋、平尾、平野、藤宇、前坂、":[{"zip":"7712102","zip1":"771","zip2":"2102"}],"水ノ岡、味噌ケ久保、道ノ上、宮ノ岡、南畠、薬師ケ久保、山西屋敷、":[{"zip":"7712102","zip1":"771","zip2":"2102"}],"山橋谷、横尾）":[{"zip":"7712102","zip1":"771","zip2":"2102"}],"美馬町（池ノ浦、銀杏木、梅ケ久保、駅、蛭子、柿木、鍵掛、願勝寺、":[{"zip":"7712105","zip1":"771","zip2":"2105"}],"北土ケ久保、喜入道、滝宮、土ケ久保、西段、宮東、宮西、宮南、養泉）":[{"zip":"7712105","zip1":"771","zip2":"2105"}],"美馬町（一ノ宮、後谷、倉尾、三頭山、下後谷、高惣、谷尻、":[{"zip":"7712103","zip1":"771","zip2":"2103"}],"露口、中沼田、中野、夏弥喜、ナロヲ、西大久保、西沼田、沼田、八ノ坪、":[{"zip":"7712103","zip1":"771","zip2":"2103"}],"坊ケ谷、水久保、宗ノ分、屋内）":[{"zip":"7712103","zip1":"771","zip2":"2103"}],"美馬町（入倉、大久保、切久保、正部、丈寄、清田）":[{"zip":"7712101","zip1":"771","zip2":"2101"}],"美馬町（鵜飼口、岡、小長谷、小長谷端、笠仏、川縁、荒神、助松、高畑、辰角、":[{"zip":"7712104","zip1":"771","zip2":"2104"}],"谷頭、玉振前、チゲジ、天神東、轟、中黒、中須、中道北、中道南、ノツゴ、":[{"zip":"7712104","zip1":"771","zip2":"2104"}],"ノリコヘ、橋本、東岸ノ下、東段、東宗重、坊僧、丸山、南原、明神原、":[{"zip":"7712104","zip1":"771","zip2":"2104"}],"宗重、薬師）":[{"zip":"7712104","zip1":"771","zip2":"2104"}],"脇町猪尻（古作）":[{"zip":"7793604","zip1":"779","zip2":"3604"}],"脇町猪尻（庄、土井、西上野）":[{"zip":"7793603","zip1":"779","zip2":"3603"}],"脇町猪尻（その他）":[{"zip":"7793602","zip1":"779","zip2":"3602"}],"脇町岩倉":[{"zip":"7793620","zip1":"779","zip2":"3620"}],"脇町上ノ原":[{"zip":"7793620","zip1":"779","zip2":"3620"}],"脇町馬木":[{"zip":"7793620","zip1":"779","zip2":"3620"}],"脇町脇町":[{"zip":"7793610","zip1":"779","zip2":"3610"}],"脇町川原町":[{"zip":"7793620","zip1":"779","zip2":"3620"}],"脇町木ノ内":[{"zip":"7793620","zip1":"779","zip2":"3620"}],"脇町新町":[{"zip":"7793620","zip1":"779","zip2":"3620"}],"脇町助松":[{"zip":"7793620","zip1":"779","zip2":"3620"}],"脇町田上":[{"zip":"7793620","zip1":"779","zip2":"3620"}],"脇町野村":[{"zip":"7793620","zip1":"779","zip2":"3620"}],"脇町別所":[{"zip":"7793620","zip1":"779","zip2":"3620"}],"脇町（井口）":[{"zip":"7793633","zip1":"779","zip2":"3633"}],"脇町（井口東、上ノ原）":[{"zip":"7793632","zip1":"779","zip2":"3632"}],"脇町（芋穴、中八）":[{"zip":"7793636","zip1":"779","zip2":"3636"}],"脇町（芋尻、小丸、白木、段、段名、中段、羽出床）":[{"zip":"7793639","zip1":"779","zip2":"3639"}],"脇町（神楽田、西大谷、東大谷）":[{"zip":"7793638","zip1":"779","zip2":"3638"}],"脇町（上中野、下中野、平帽子、舟木）":[{"zip":"7793637","zip1":"779","zip2":"3637"}],"脇町（川原柴、暮畑、梨子木、横倉）":[{"zip":"7793635","zip1":"779","zip2":"3635"}],"脇町（北庄）":[{"zip":"7793604","zip1":"779","zip2":"3604"}],"脇町（北星）":[{"zip":"7793625","zip1":"779","zip2":"3625"}],"脇町（小星）":[{"zip":"7793634","zip1":"779","zip2":"3634"}],"脇町（新山）":[{"zip":"7793631","zip1":"779","zip2":"3631"}],"脇町（曽江名）":[{"zip":"7793741","zip1":"779","zip2":"3741"}],"脇町（西赤谷）":[{"zip":"7793742","zip1":"779","zip2":"3742"}],"脇町（西俣名）":[{"zip":"7793744","zip1":"779","zip2":"3744"}],"脇町（拝原）":[{"zip":"7793601","zip1":"779","zip2":"3601"}],"脇町（東赤谷名）":[{"zip":"7793743","zip1":"779","zip2":"3743"}],"脇町（東俣名）":[{"zip":"7793745","zip1":"779","zip2":"3745"}]},"三好市":{"以下に掲載がない場合":[{"zip":"7780000","zip1":"778","zip2":"0000"}],"井川町旭町":[{"zip":"7794801","zip1":"779","zip2":"4801"}],"井川町井内西":[{"zip":"7794805","zip1":"779","zip2":"4805"}],"井川町井内東":[{"zip":"7794804","zip1":"779","zip2":"4804"}],"井川町井関":[{"zip":"7794802","zip1":"779","zip2":"4802"}],"井川町大佐古":[{"zip":"7794801","zip1":"779","zip2":"4801"}],"井川町岡野前":[{"zip":"7794802","zip1":"779","zip2":"4802"}],"井川町片山":[{"zip":"7794801","zip1":"779","zip2":"4801"}],"井川町御領田":[{"zip":"7794802","zip1":"779","zip2":"4802"}],"井川町才長谷":[{"zip":"7794801","zip1":"779","zip2":"4801"}],"井川町里川":[{"zip":"7794807","zip1":"779","zip2":"4807"}],"井川町島":[{"zip":"7794803","zip1":"779","zip2":"4803"}],"井川町新町":[{"zip":"7794801","zip1":"779","zip2":"4801"}],"井川町タクミ田":[{"zip":"7794803","zip1":"779","zip2":"4803"}],"井川町田中":[{"zip":"7794803","zip1":"779","zip2":"4803"}],"井川町辻":[{"zip":"7794801","zip1":"779","zip2":"4801"}],"井川町中岡":[{"zip":"7794803","zip1":"779","zip2":"4803"}],"井川町仲ノ町":[{"zip":"7794801","zip1":"779","zip2":"4801"}],"井川町中村西":[{"zip":"7794803","zip1":"779","zip2":"4803"}],"井川町中村東":[{"zip":"7794803","zip1":"779","zip2":"4803"}],"井川町中村南":[{"zip":"7794803","zip1":"779","zip2":"4803"}],"井川町流堂":[{"zip":"7794802","zip1":"779","zip2":"4802"}],"井川町西井川":[{"zip":"7794806","zip1":"779","zip2":"4806"}],"井川町野津後":[{"zip":"7794802","zip1":"779","zip2":"4802"}],"井川町野津後流":[{"zip":"7794803","zip1":"779","zip2":"4803"}],"井川町八幡":[{"zip":"7794803","zip1":"779","zip2":"4803"}],"井川町浜西":[{"zip":"7794801","zip1":"779","zip2":"4801"}],"井川町浜東":[{"zip":"7794801","zip1":"779","zip2":"4801"}],"井川町本町":[{"zip":"7794801","zip1":"779","zip2":"4801"}],"井川町向坂":[{"zip":"7794802","zip1":"779","zip2":"4802"}],"井川町吉岡":[{"zip":"7794803","zip1":"779","zip2":"4803"}],"池田町イケミナミ":[{"zip":"7780012","zip1":"778","zip2":"0012"}],"池田町イタノ":[{"zip":"7780014","zip1":"778","zip2":"0014"}],"池田町ウエノ":[{"zip":"7780001","zip1":"778","zip2":"0001"}],"池田町ウエマツ":[{"zip":"7780010","zip1":"778","zip2":"0010"}],"池田町馬路":[{"zip":"7785252","zip1":"778","zip2":"5252"}],"池田町大利":[{"zip":"7795164","zip1":"779","zip2":"5164"}],"池田町川崎":[{"zip":"7795166","zip1":"779","zip2":"5166"}],"池田町クヤウジ":[{"zip":"7780008","zip1":"778","zip2":"0008"}],"池田町佐野":[{"zip":"7785253","zip1":"778","zip2":"5253"}],"池田町サラダ":[{"zip":"7780003","zip1":"778","zip2":"0003"}],"池田町漆川":[{"zip":"7795162","zip1":"779","zip2":"5162"}],"池田町シマ":[{"zip":"7780005","zip1":"778","zip2":"0005"}],"池田町州津":[{"zip":"7780020","zip1":"778","zip2":"0020"}],"池田町シンマチ":[{"zip":"7780004","zip1":"778","zip2":"0004"}],"池田町シンヤマ":[{"zip":"7780013","zip1":"778","zip2":"0013"}],"池田町トウゲ":[{"zip":"7780006","zip1":"778","zip2":"0006"}],"池田町中津川":[{"zip":"7795163","zip1":"779","zip2":"5163"}],"池田町中西":[{"zip":"7795161","zip1":"779","zip2":"5161"}],"池田町西山（上久保）":[{"zip":"7780031","zip1":"778","zip2":"0031"}],"池田町西山（落）":[{"zip":"7780031","zip1":"778","zip2":"0031"}],"池田町西山（蔭）":[{"zip":"7780032","zip1":"778","zip2":"0032"}],"池田町西山（樫ノ下）":[{"zip":"7780032","zip1":"778","zip2":"0032"}],"池田町西山（上中尾）":[{"zip":"7780031","zip1":"778","zip2":"0031"}],"池田町西山（岸ノ上）":[{"zip":"7780032","zip1":"778","zip2":"0032"}],"池田町西山（込野）":[{"zip":"7780032","zip1":"778","zip2":"0032"}],"池田町西山（下ノ浦）":[{"zip":"7780032","zip1":"778","zip2":"0032"}],"池田町西山（谷浦）":[{"zip":"7780031","zip1":"778","zip2":"0031"}],"池田町西山（乳ノ木）":[{"zip":"7780032","zip1":"778","zip2":"0032"}],"池田町西山（乳ノ木道北）":[{"zip":"7780032","zip1":"778","zip2":"0032"}],"池田町西山（津寺）":[{"zip":"7780031","zip1":"778","zip2":"0031"}],"池田町西山（坪尻）":[{"zip":"7780031","zip1":"778","zip2":"0031"}],"池田町西山（中尾）":[{"zip":"7780031","zip1":"778","zip2":"0031"}],"池田町西山（中塚）":[{"zip":"7780032","zip1":"778","zip2":"0032"}],"池田町西山（西谷）":[{"zip":"7780032","zip1":"778","zip2":"0032"}],"池田町西山（西ノ岡）":[{"zip":"7780031","zip1":"778","zip2":"0031"}],"池田町西山（登リ尾）":[{"zip":"7780032","zip1":"778","zip2":"0032"}],"池田町西山（船原）":[{"zip":"7780031","zip1":"778","zip2":"0031"}],"池田町西山（宮ノ西）":[{"zip":"7780032","zip1":"778","zip2":"0032"}],"池田町西山（宮ノ東）":[{"zip":"7780032","zip1":"778","zip2":"0032"}],"池田町西山（横佐古）":[{"zip":"7780031","zip1":"778","zip2":"0031"}],"池田町西山（その他）":[{"zip":"7780040","zip1":"778","zip2":"0040"}],"池田町白地":[{"zip":"7785251","zip1":"778","zip2":"5251"}],"池田町ハヤシ":[{"zip":"7780011","zip1":"778","zip2":"0011"}],"池田町マチ":[{"zip":"7780002","zip1":"778","zip2":"0002"}],"池田町松尾（祖谷温泉、松本３６７－２番地）":[{"zip":"7780165","zip1":"778","zip2":"0165"}],"池田町松尾（その他）":[{"zip":"7795165","zip1":"779","zip2":"5165"}],"池田町ヤサン":[{"zip":"7780009","zip1":"778","zip2":"0009"}],"池田町ヤマダ":[{"zip":"7780007","zip1":"778","zip2":"0007"}],"西祖谷山村吾橋":[{"zip":"7780104","zip1":"778","zip2":"0104"}],"西祖谷山村有瀬":[{"zip":"7780103","zip1":"778","zip2":"0103"}],"西祖谷山村一宇":[{"zip":"7780101","zip1":"778","zip2":"0101"}],"西祖谷山村今久保":[{"zip":"7780102","zip1":"778","zip2":"0102"}],"西祖谷山村後山":[{"zip":"7780105","zip1":"778","zip2":"0105"}],"西祖谷山村後山西":[{"zip":"7780105","zip1":"778","zip2":"0105"}],"西祖谷山村後山向":[{"zip":"7780105","zip1":"778","zip2":"0105"}],"西祖谷山村榎":[{"zip":"7780104","zip1":"778","zip2":"0104"}],"西祖谷山村尾井ノ内":[{"zip":"7780101","zip1":"778","zip2":"0101"}],"西祖谷山村小祖谷":[{"zip":"7795172","zip1":"779","zip2":"5172"}],"西祖谷山村上吾橋":[{"zip":"7780104","zip1":"778","zip2":"0104"}],"西祖谷山村閑定":[{"zip":"7780102","zip1":"778","zip2":"0102"}],"西祖谷山村坂瀬":[{"zip":"7795173","zip1":"779","zip2":"5173"}],"西祖谷山村重末":[{"zip":"7780101","zip1":"778","zip2":"0101"}],"西祖谷山村下吾橋":[{"zip":"7780104","zip1":"778","zip2":"0104"}],"西祖谷山村下名":[{"zip":"7795171","zip1":"779","zip2":"5171"}],"西祖谷山村善徳":[{"zip":"7780102","zip1":"778","zip2":"0102"}],"西祖谷山村田ノ内":[{"zip":"7780101","zip1":"778","zip2":"0101"}],"西祖谷山村土日浦":[{"zip":"7780104","zip1":"778","zip2":"0104"}],"西祖谷山村徳善":[{"zip":"7780105","zip1":"778","zip2":"0105"}],"西祖谷山村徳善北":[{"zip":"7780105","zip1":"778","zip2":"0105"}],"西祖谷山村徳善西":[{"zip":"7780105","zip1":"778","zip2":"0105"}],"西祖谷山村戸ノ谷":[{"zip":"7780101","zip1":"778","zip2":"0101"}],"西祖谷山村中尾":[{"zip":"7780102","zip1":"778","zip2":"0102"}],"西祖谷山村西岡":[{"zip":"7780105","zip1":"778","zip2":"0105"}],"西祖谷山村眠谷":[{"zip":"7780101","zip1":"778","zip2":"0101"}],"西祖谷山村東西岡":[{"zip":"7780105","zip1":"778","zip2":"0105"}],"西祖谷山村東山":[{"zip":"7780104","zip1":"778","zip2":"0104"}],"西祖谷山村南山":[{"zip":"7780104","zip1":"778","zip2":"0104"}],"西祖谷山村冥地":[{"zip":"7780101","zip1":"778","zip2":"0101"}],"東祖谷阿佐":[{"zip":"7780205","zip1":"778","zip2":"0205"}],"東祖谷今井":[{"zip":"7780206","zip1":"778","zip2":"0206"}],"東祖谷大枝":[{"zip":"7780204","zip1":"778","zip2":"0204"}],"東祖谷大西":[{"zip":"7780204","zip1":"778","zip2":"0204"}],"東祖谷小川":[{"zip":"7780205","zip1":"778","zip2":"0205"}],"東祖谷奥の井":[{"zip":"7780203","zip1":"778","zip2":"0203"}],"東祖谷小島":[{"zip":"7780206","zip1":"778","zip2":"0206"}],"東祖谷落合":[{"zip":"7780202","zip1":"778","zip2":"0202"}],"東祖谷樫尾":[{"zip":"7780205","zip1":"778","zip2":"0205"}],"東祖谷釜ケ谷":[{"zip":"7780203","zip1":"778","zip2":"0203"}],"東祖谷京上":[{"zip":"7780204","zip1":"778","zip2":"0204"}],"東祖谷九鬼":[{"zip":"7780203","zip1":"778","zip2":"0203"}],"東祖谷久保":[{"zip":"7780202","zip1":"778","zip2":"0202"}],"東祖谷栗枝渡":[{"zip":"7780203","zip1":"778","zip2":"0203"}],"東祖谷古味":[{"zip":"7780205","zip1":"778","zip2":"0205"}],"東祖谷佐野":[{"zip":"7780206","zip1":"778","zip2":"0206"}],"東祖谷下瀬":[{"zip":"7780203","zip1":"778","zip2":"0203"}],"東祖谷菅生":[{"zip":"7780201","zip1":"778","zip2":"0201"}],"東祖谷高野":[{"zip":"7780206","zip1":"778","zip2":"0206"}],"東祖谷釣井":[{"zip":"7780206","zip1":"778","zip2":"0206"}],"東祖谷中上":[{"zip":"7780203","zip1":"778","zip2":"0203"}],"東祖谷新居屋":[{"zip":"7780205","zip1":"778","zip2":"0205"}],"東祖谷西山":[{"zip":"7780203","zip1":"778","zip2":"0203"}],"東祖谷林":[{"zip":"7780203","zip1":"778","zip2":"0203"}],"東祖谷見ノ越":[{"zip":"7780201","zip1":"778","zip2":"0201"}],"東祖谷麦生土":[{"zip":"7780205","zip1":"778","zip2":"0205"}],"東祖谷元井":[{"zip":"7780205","zip1":"778","zip2":"0205"}],"東祖谷若林":[{"zip":"7780204","zip1":"778","zip2":"0204"}],"東祖谷和田":[{"zip":"7780206","zip1":"778","zip2":"0206"}],"三野町加茂野宮":[{"zip":"7712302","zip1":"771","zip2":"2302"}],"三野町芝生":[{"zip":"7712304","zip1":"771","zip2":"2304"}],"三野町清水":[{"zip":"7712301","zip1":"771","zip2":"2301"}],"三野町勢力":[{"zip":"7712303","zip1":"771","zip2":"2303"}],"三野町太刀野":[{"zip":"7712305","zip1":"771","zip2":"2305"}],"三野町太刀野山":[{"zip":"7712306","zip1":"771","zip2":"2306"}],"山城町相川":[{"zip":"7795307","zip1":"779","zip2":"5307"}],"山城町赤谷":[{"zip":"7795336","zip1":"779","zip2":"5336"}],"山城町粟山":[{"zip":"7795328","zip1":"779","zip2":"5328"}],"山城町岩戸":[{"zip":"7795314","zip1":"779","zip2":"5314"}],"山城町大川持":[{"zip":"7795304","zip1":"779","zip2":"5304"}],"山城町大谷":[{"zip":"7795342","zip1":"779","zip2":"5342"}],"山城町大月":[{"zip":"7795347","zip1":"779","zip2":"5347"}],"山城町大野":[{"zip":"7795333","zip1":"779","zip2":"5333"}],"山城町小川谷":[{"zip":"7795332","zip1":"779","zip2":"5332"}],"山城町尾又":[{"zip":"7795327","zip1":"779","zip2":"5327"}],"山城町上名":[{"zip":"7795452","zip1":"779","zip2":"5452"}],"山城町川口":[{"zip":"7795305","zip1":"779","zip2":"5305"}],"山城町国政":[{"zip":"7795321","zip1":"779","zip2":"5321"}],"山城町黒川":[{"zip":"7795313","zip1":"779","zip2":"5313"}],"山城町佐連（ミネ畑）":[{"zip":"7785254","zip1":"778","zip2":"5254"}],"山城町佐連（その他）":[{"zip":"7795341","zip1":"779","zip2":"5341"}],"山城町重実（殿野）":[{"zip":"7795422","zip1":"779","zip2":"5422"}],"山城町重実（その他）":[{"zip":"7795322","zip1":"779","zip2":"5322"}],"山城町柴川":[{"zip":"7795343","zip1":"779","zip2":"5343"}],"山城町下川":[{"zip":"7795303","zip1":"779","zip2":"5303"}],"山城町下名":[{"zip":"7795453","zip1":"779","zip2":"5453"}],"山城町白川":[{"zip":"7795324","zip1":"779","zip2":"5324"}],"山城町末貞":[{"zip":"7795316","zip1":"779","zip2":"5316"}],"山城町瀬貝":[{"zip":"7795345","zip1":"779","zip2":"5345"}],"山城町平野":[{"zip":"7795337","zip1":"779","zip2":"5337"}],"山城町寺野":[{"zip":"7795306","zip1":"779","zip2":"5306"}],"山城町中野":[{"zip":"7795323","zip1":"779","zip2":"5323"}],"山城町中ノ瀬":[{"zip":"7795311","zip1":"779","zip2":"5311"}],"山城町西宇":[{"zip":"7795451","zip1":"779","zip2":"5451"}],"山城町信正":[{"zip":"7795334","zip1":"779","zip2":"5334"}],"山城町八千坊":[{"zip":"7795312","zip1":"779","zip2":"5312"}],"山城町引地":[{"zip":"7795315","zip1":"779","zip2":"5315"}],"山城町仏子":[{"zip":"7795326","zip1":"779","zip2":"5326"}],"山城町政友":[{"zip":"7795344","zip1":"779","zip2":"5344"}],"山城町光兼":[{"zip":"7795325","zip1":"779","zip2":"5325"}],"山城町茂地":[{"zip":"7795331","zip1":"779","zip2":"5331"}],"山城町大和川":[{"zip":"7795301","zip1":"779","zip2":"5301"}],"山城町頼広":[{"zip":"7795335","zip1":"779","zip2":"5335"}],"山城町若山":[{"zip":"7795302","zip1":"779","zip2":"5302"}],"山城町脇":[{"zip":"7795346","zip1":"779","zip2":"5346"}]},"勝浦郡勝浦町":{"以下に掲載がない場合":[{"zip":"7714300","zip1":"771","zip2":"4300"}],"生名":[{"zip":"7714303","zip1":"771","zip2":"4303"}],"坂本":[{"zip":"7714308","zip1":"771","zip2":"4308"}],"棚野":[{"zip":"7714306","zip1":"771","zip2":"4306"}],"中角":[{"zip":"7714302","zip1":"771","zip2":"4302"}],"沼江":[{"zip":"7714301","zip1":"771","zip2":"4301"}],"久国":[{"zip":"7714305","zip1":"771","zip2":"4305"}],"星谷":[{"zip":"7714304","zip1":"771","zip2":"4304"}],"三渓":[{"zip":"7714307","zip1":"771","zip2":"4307"}]},"勝浦郡上勝町":{"以下に掲載がない場合":[{"zip":"7714500","zip1":"771","zip2":"4500"}],"旭":[{"zip":"7714502","zip1":"771","zip2":"4502"}],"生実":[{"zip":"7714503","zip1":"771","zip2":"4503"}],"福原":[{"zip":"7714501","zip1":"771","zip2":"4501"}],"傍示":[{"zip":"7714504","zip1":"771","zip2":"4504"}],"正木":[{"zip":"7714505","zip1":"771","zip2":"4505"}]},"名東郡佐那河内村":{"以下に掲載がない場合":[{"zip":"7714100","zip1":"771","zip2":"4100"}],"上":[{"zip":"7714102","zip1":"771","zip2":"4102"}],"下":[{"zip":"7714101","zip1":"771","zip2":"4101"}]},"名西郡石井町":{"以下に掲載がない場合":[{"zip":"7793200","zip1":"779","zip2":"3200"}],"藍畑（高畑）":[{"zip":"7793213","zip1":"779","zip2":"3213"}],"藍畑（第十）":[{"zip":"7793214","zip1":"779","zip2":"3214"}],"藍畑（東覚円）":[{"zip":"7793212","zip1":"779","zip2":"3212"}],"藍畑（西覚円）":[{"zip":"7793211","zip1":"779","zip2":"3211"}],"藍畑（竜王）":[{"zip":"7793215","zip1":"779","zip2":"3215"}],"石井（石井）":[{"zip":"7793233","zip1":"779","zip2":"3233"}],"石井（内谷）":[{"zip":"7793236","zip1":"779","zip2":"3236"}],"石井（重松）":[{"zip":"7793231","zip1":"779","zip2":"3231"}],"石井（白鳥）":[{"zip":"7793234","zip1":"779","zip2":"3234"}],"石井（城の内）":[{"zip":"7793232","zip1":"779","zip2":"3232"}],"石井（尼寺）":[{"zip":"7793235","zip1":"779","zip2":"3235"}],"浦庄（上浦）":[{"zip":"7793245","zip1":"779","zip2":"3245"}],"浦庄（国実）":[{"zip":"7793242","zip1":"779","zip2":"3242"}],"浦庄（下浦）":[{"zip":"7793244","zip1":"779","zip2":"3244"}],"浦庄（諏訪）":[{"zip":"7793241","zip1":"779","zip2":"3241"}],"浦庄（大万）":[{"zip":"7793243","zip1":"779","zip2":"3243"}],"高川原（市楽）":[{"zip":"7793226","zip1":"779","zip2":"3226"}],"高川原（加茂野）":[{"zip":"7793224","zip1":"779","zip2":"3224"}],"高川原（桜間）":[{"zip":"7793225","zip1":"779","zip2":"3225"}],"高川原（高川原）":[{"zip":"7793223","zip1":"779","zip2":"3223"}],"高川原（天神）":[{"zip":"7793222","zip1":"779","zip2":"3222"}],"高川原（南島）":[{"zip":"7793221","zip1":"779","zip2":"3221"}],"高原（池北）":[{"zip":"7793206","zip1":"779","zip2":"3206"}],"高原（桑島）":[{"zip":"7793207","zip1":"779","zip2":"3207"}],"高原（関）":[{"zip":"7793202","zip1":"779","zip2":"3202"}],"高原（中島）":[{"zip":"7793208","zip1":"779","zip2":"3208"}],"高原（中須）":[{"zip":"7793201","zip1":"779","zip2":"3201"}],"高原（東高原）":[{"zip":"7793205","zip1":"779","zip2":"3205"}],"高原（西高原）":[{"zip":"7793204","zip1":"779","zip2":"3204"}],"高原（平島）":[{"zip":"7793203","zip1":"779","zip2":"3203"}]},"名西郡神山町":{"以下に掲載がない場合":[{"zip":"7713200","zip1":"771","zip2":"3200"}],"阿野（石堂）":[{"zip":"7713202","zip1":"771","zip2":"3202"}],"阿野（井ノ谷）":[{"zip":"7713202","zip1":"771","zip2":"3202"}],"阿野（宇度木）":[{"zip":"7713202","zip1":"771","zip2":"3202"}],"阿野（上河内）":[{"zip":"7713202","zip1":"771","zip2":"3202"}],"阿野（川平）":[{"zip":"7713202","zip1":"771","zip2":"3202"}],"阿野（黒木）":[{"zip":"7713202","zip1":"771","zip2":"3202"}],"阿野（駒坂）":[{"zip":"7713202","zip1":"771","zip2":"3202"}],"阿野（地ノ平）":[{"zip":"7713202","zip1":"771","zip2":"3202"}],"阿野（神木）":[{"zip":"7713202","zip1":"771","zip2":"3202"}],"阿野（須賀）":[{"zip":"7713202","zip1":"771","zip2":"3202"}],"阿野（長瀬）":[{"zip":"7713202","zip1":"771","zip2":"3202"}],"阿野（長代）":[{"zip":"7713202","zip1":"771","zip2":"3202"}],"阿野（二ノ宮）":[{"zip":"7713202","zip1":"771","zip2":"3202"}],"阿野（日浦）":[{"zip":"7713202","zip1":"771","zip2":"3202"}],"阿野（東代次）":[{"zip":"7713202","zip1":"771","zip2":"3202"}],"阿野（広石）":[{"zip":"7713202","zip1":"771","zip2":"3202"}],"阿野（福原）":[{"zip":"7713202","zip1":"771","zip2":"3202"}],"阿野（府中）":[{"zip":"7713202","zip1":"771","zip2":"3202"}],"阿野（船底）":[{"zip":"7713202","zip1":"771","zip2":"3202"}],"阿野（本名）":[{"zip":"7713202","zip1":"771","zip2":"3202"}],"阿野（松尾）":[{"zip":"7713202","zip1":"771","zip2":"3202"}],"阿野（宮分）":[{"zip":"7713202","zip1":"771","zip2":"3202"}],"阿野（屋那瀬）":[{"zip":"7713202","zip1":"771","zip2":"3202"}],"阿野（代次）":[{"zip":"7713202","zip1":"771","zip2":"3202"}],"阿野（その他）":[{"zip":"7713201","zip1":"771","zip2":"3201"}],"鬼籠野":[{"zip":"7713203","zip1":"771","zip2":"3203"}],"上分":[{"zip":"7713422","zip1":"771","zip2":"3422"}],"下分":[{"zip":"7713421","zip1":"771","zip2":"3421"}],"神領（石堂）":[{"zip":"7713311","zip1":"771","zip2":"3311"}],"神領（川北）":[{"zip":"7713311","zip1":"771","zip2":"3311"}],"神領（北）":[{"zip":"7713311","zip1":"771","zip2":"3311"}],"神領（谷）":[{"zip":"7713311","zip1":"771","zip2":"3311"}],"神領（東野間）":[{"zip":"7713311","zip1":"771","zip2":"3311"}],"神領（西野間）":[{"zip":"7713311","zip1":"771","zip2":"3311"}],"神領（本野間）":[{"zip":"7713311","zip1":"771","zip2":"3311"}],"神領（その他）":[{"zip":"7713310","zip1":"771","zip2":"3310"}]},"那賀郡那賀町":{"以下に掲載がない場合":[{"zip":"7715200","zip1":"771","zip2":"5200"}],"阿井":[{"zip":"7715207","zip1":"771","zip2":"5207"}],"鮎川":[{"zip":"7715403","zip1":"771","zip2":"5403"}],"相名":[{"zip":"7715323","zip1":"771","zip2":"5323"}],"朝生":[{"zip":"7715401","zip1":"771","zip2":"5401"}],"阿津江":[{"zip":"7716101","zip1":"771","zip2":"6101"}],"出羽":[{"zip":"7716103","zip1":"771","zip2":"6103"}],"井ノ谷":[{"zip":"7715324","zip1":"771","zip2":"5324"}],"入野":[{"zip":"7715405","zip1":"771","zip2":"5405"}],"岩倉":[{"zip":"7716118","zip1":"771","zip2":"6118"}],"請ノ谷":[{"zip":"7715328","zip1":"771","zip2":"5328"}],"牛輪":[{"zip":"7715404","zip1":"771","zip2":"5404"}],"臼ケ谷":[{"zip":"7715504","zip1":"771","zip2":"5504"}],"内山":[{"zip":"7715326","zip1":"771","zip2":"5326"}],"馬路":[{"zip":"7715321","zip1":"771","zip2":"5321"}],"榎谷":[{"zip":"7715320","zip1":"771","zip2":"5320"}],"大久保":[{"zip":"7715410","zip1":"771","zip2":"5410"}],"大戸":[{"zip":"7715516","zip1":"771","zip2":"5516"}],"大殿":[{"zip":"7716322","zip1":"771","zip2":"6322"}],"小畠":[{"zip":"7716115","zip1":"771","zip2":"6115"}],"音谷":[{"zip":"7715501","zip1":"771","zip2":"5501"}],"雄":[{"zip":"7715407","zip1":"771","zip2":"5407"}],"海川":[{"zip":"7716328","zip1":"771","zip2":"6328"}],"蔭谷":[{"zip":"7715413","zip1":"771","zip2":"5413"}],"掛盤":[{"zip":"7716107","zip1":"771","zip2":"6107"}],"川成":[{"zip":"7716117","zip1":"771","zip2":"6117"}],"川俣":[{"zip":"7715515","zip1":"771","zip2":"5515"}],"木頭":[{"zip":"7716105","zip1":"771","zip2":"6105"}],"木頭出原":[{"zip":"7716402","zip1":"771","zip2":"6402"}],"木頭折宇":[{"zip":"7716511","zip1":"771","zip2":"6511"}],"木頭北川":[{"zip":"7716512","zip1":"771","zip2":"6512"}],"木頭助":[{"zip":"7716401","zip1":"771","zip2":"6401"}],"木頭西宇":[{"zip":"7716405","zip1":"771","zip2":"6405"}],"木頭南宇":[{"zip":"7716404","zip1":"771","zip2":"6404"}],"木頭和無田":[{"zip":"7716403","zip1":"771","zip2":"6403"}],"木頭名":[{"zip":"7716102","zip1":"771","zip2":"6102"}],"小泉":[{"zip":"7716111","zip1":"771","zip2":"6111"}],"御所谷":[{"zip":"7716324","zip1":"771","zip2":"6324"}],"小仁宇":[{"zip":"7715209","zip1":"771","zip2":"5209"}],"小計":[{"zip":"7715512","zip1":"771","zip2":"5512"}],"小浜":[{"zip":"7715503","zip1":"771","zip2":"5503"}],"坂州":[{"zip":"7716106","zip1":"771","zip2":"6106"}],"桜谷":[{"zip":"7715502","zip1":"771","zip2":"5502"}],"沢谷":[{"zip":"7716114","zip1":"771","zip2":"6114"}],"丈ケ谷":[{"zip":"7716325","zip1":"771","zip2":"6325"}],"菖蒲":[{"zip":"7715507","zip1":"771","zip2":"5507"}],"白石":[{"zip":"7716323","zip1":"771","zip2":"6323"}],"高野":[{"zip":"7716112","zip1":"771","zip2":"6112"}],"竹ケ谷":[{"zip":"7715329","zip1":"771","zip2":"5329"}],"谷内":[{"zip":"7715322","zip1":"771","zip2":"5322"}],"寺内":[{"zip":"7716113","zip1":"771","zip2":"6113"}],"当山":[{"zip":"7716104","zip1":"771","zip2":"6104"}],"土佐":[{"zip":"7715202","zip1":"771","zip2":"5202"}],"長安":[{"zip":"7715505","zip1":"771","zip2":"5505"}],"中山":[{"zip":"7715204","zip1":"771","zip2":"5204"}],"成瀬":[{"zip":"7716327","zip1":"771","zip2":"6327"}],"仁宇":[{"zip":"7715208","zip1":"771","zip2":"5208"}],"西納":[{"zip":"7715327","zip1":"771","zip2":"5327"}],"延野":[{"zip":"7715406","zip1":"771","zip2":"5406"}],"拝宮":[{"zip":"7715518","zip1":"771","zip2":"5518"}],"鉢":[{"zip":"7715409","zip1":"771","zip2":"5409"}],"花瀬":[{"zip":"7715532","zip1":"771","zip2":"5532"}],"日浦":[{"zip":"7715531","zip1":"771","zip2":"5531"}],"東尾":[{"zip":"7715508","zip1":"771","zip2":"5508"}],"桧曽根":[{"zip":"7715506","zip1":"771","zip2":"5506"}],"日真":[{"zip":"7715517","zip1":"771","zip2":"5517"}],"平谷":[{"zip":"7716321","zip1":"771","zip2":"6321"}],"平野":[{"zip":"7715325","zip1":"771","zip2":"5325"}],"深森":[{"zip":"7715514","zip1":"771","zip2":"5514"}],"府殿":[{"zip":"7716326","zip1":"771","zip2":"6326"}],"古屋":[{"zip":"7715513","zip1":"771","zip2":"5513"}],"朴野":[{"zip":"7715412","zip1":"771","zip2":"5412"}],"水崎":[{"zip":"7715511","zip1":"771","zip2":"5511"}],"百合":[{"zip":"7715206","zip1":"771","zip2":"5206"}],"百合谷":[{"zip":"7715205","zip1":"771","zip2":"5205"}],"簗ノ上":[{"zip":"7715402","zip1":"771","zip2":"5402"}],"横石":[{"zip":"7715411","zip1":"771","zip2":"5411"}],"横谷":[{"zip":"7716116","zip1":"771","zip2":"6116"}],"吉野":[{"zip":"7715408","zip1":"771","zip2":"5408"}],"和食":[{"zip":"7715201","zip1":"771","zip2":"5201"}],"和食郷":[{"zip":"7715203","zip1":"771","zip2":"5203"}]},"海部郡牟岐町":{"以下に掲載がない場合":[{"zip":"7750000","zip1":"775","zip2":"0000"}],"内妻":[{"zip":"7750007","zip1":"775","zip2":"0007"}],"川長":[{"zip":"7750004","zip1":"775","zip2":"0004"}],"河内":[{"zip":"7750001","zip1":"775","zip2":"0001"}],"橘":[{"zip":"7750002","zip1":"775","zip2":"0002"}],"中村":[{"zip":"7750006","zip1":"775","zip2":"0006"}],"灘":[{"zip":"7750005","zip1":"775","zip2":"0005"}],"辺川":[{"zip":"7750003","zip1":"775","zip2":"0003"}],"牟岐浦（出羽島）":[{"zip":"7750013","zip1":"775","zip2":"0013"}],"牟岐浦（浜崎）":[{"zip":"7750011","zip1":"775","zip2":"0011"}],"牟岐浦（宮ノ本）":[{"zip":"7750012","zip1":"775","zip2":"0012"}],"牟岐浦（その他）":[{"zip":"7750010","zip1":"775","zip2":"0010"}]},"海部郡美波町":{"以下に掲載がない場合":[{"zip":"7792300","zip1":"779","zip2":"2300"}],"赤松":[{"zip":"7792301","zip1":"779","zip2":"2301"}],"阿部":[{"zip":"7792106","zip1":"779","zip2":"2106"}],"伊座利":[{"zip":"7792107","zip1":"779","zip2":"2107"}],"恵比須浜":[{"zip":"7792303","zip1":"779","zip2":"2303"}],"奥河内":[{"zip":"7792305","zip1":"779","zip2":"2305"}],"木岐":[{"zip":"7792108","zip1":"779","zip2":"2108"}],"北河内":[{"zip":"7792302","zip1":"779","zip2":"2302"}],"志和岐":[{"zip":"7792105","zip1":"779","zip2":"2105"}],"田井":[{"zip":"7792109","zip1":"779","zip2":"2109"}],"西河内":[{"zip":"7792306","zip1":"779","zip2":"2306"}],"西の地":[{"zip":"7792103","zip1":"779","zip2":"2103"}],"西由岐":[{"zip":"7792101","zip1":"779","zip2":"2101"}],"東由岐":[{"zip":"7792104","zip1":"779","zip2":"2104"}],"日和佐浦":[{"zip":"7792304","zip1":"779","zip2":"2304"}],"港町":[{"zip":"7792102","zip1":"779","zip2":"2102"}],"山河内":[{"zip":"7792307","zip1":"779","zip2":"2307"}]},"海部郡海陽町":{"以下に掲載がない場合":[{"zip":"7750200","zip1":"775","zip2":"0200"}],"相川":[{"zip":"7750415","zip1":"775","zip2":"0415"}],"浅川":[{"zip":"7750101","zip1":"775","zip2":"0101"}],"大井":[{"zip":"7750310","zip1":"775","zip2":"0310"}],"大里":[{"zip":"7750203","zip1":"775","zip2":"0203"}],"小川":[{"zip":"7750412","zip1":"775","zip2":"0412"}],"奥浦":[{"zip":"7750302","zip1":"775","zip2":"0302"}],"尾崎":[{"zip":"7750504","zip1":"775","zip2":"0504"}],"角坂":[{"zip":"7750506","zip1":"775","zip2":"0506"}],"久尾":[{"zip":"7750511","zip1":"775","zip2":"0511"}],"芥附":[{"zip":"7750505","zip1":"775","zip2":"0505"}],"櫛川":[{"zip":"7750306","zip1":"775","zip2":"0306"}],"久保":[{"zip":"7750502","zip1":"775","zip2":"0502"}],"神野":[{"zip":"7750413","zip1":"775","zip2":"0413"}],"小谷":[{"zip":"7750508","zip1":"775","zip2":"0508"}],"塩深":[{"zip":"7750509","zip1":"775","zip2":"0509"}],"宍喰浦（竹ケ島）":[{"zip":"7750513","zip1":"775","zip2":"0513"}],"宍喰浦（那佐）":[{"zip":"7750512","zip1":"775","zip2":"0512"}],"宍喰浦（その他）":[{"zip":"7750501","zip1":"775","zip2":"0501"}],"芝":[{"zip":"7750307","zip1":"775","zip2":"0307"}],"四方原":[{"zip":"7750202","zip1":"775","zip2":"0202"}],"熟田":[{"zip":"7750206","zip1":"775","zip2":"0206"}],"高園":[{"zip":"7750303","zip1":"775","zip2":"0303"}],"多良":[{"zip":"7750204","zip1":"775","zip2":"0204"}],"富田":[{"zip":"7750309","zip1":"775","zip2":"0309"}],"鞆浦":[{"zip":"7750301","zip1":"775","zip2":"0301"}],"中山":[{"zip":"7750305","zip1":"775","zip2":"0305"}],"野江":[{"zip":"7750304","zip1":"775","zip2":"0304"}],"日比原":[{"zip":"7750503","zip1":"775","zip2":"0503"}],"平井":[{"zip":"7750411","zip1":"775","zip2":"0411"}],"広岡":[{"zip":"7750507","zip1":"775","zip2":"0507"}],"船津":[{"zip":"7750510","zip1":"775","zip2":"0510"}],"吉田":[{"zip":"7750308","zip1":"775","zip2":"0308"}],"吉野":[{"zip":"7750205","zip1":"775","zip2":"0205"}],"若松":[{"zip":"7750414","zip1":"775","zip2":"0414"}]},"板野郡松茂町":{"以下に掲載がない場合":[{"zip":"7710200","zip1":"771","zip2":"0200"}],"笹木野":[{"zip":"7710219","zip1":"771","zip2":"0219"}],"住吉":[{"zip":"7710218","zip1":"771","zip2":"0218"}],"豊岡":[{"zip":"7710215","zip1":"771","zip2":"0215"}],"豊中":[{"zip":"7710217","zip1":"771","zip2":"0217"}],"豊久":[{"zip":"7710213","zip1":"771","zip2":"0213"}],"中喜来":[{"zip":"7710212","zip1":"771","zip2":"0212"}],"長岸":[{"zip":"7710211","zip1":"771","zip2":"0211"}],"長原":[{"zip":"7710216","zip1":"771","zip2":"0216"}],"広島":[{"zip":"7710220","zip1":"771","zip2":"0220"}],"満穂":[{"zip":"7710214","zip1":"771","zip2":"0214"}]},"板野郡北島町":{"以下に掲載がない場合":[{"zip":"7710200","zip1":"771","zip2":"0200"}],"江尻":[{"zip":"7710205","zip1":"771","zip2":"0205"}],"北村":[{"zip":"7710201","zip1":"771","zip2":"0201"}],"新喜来":[{"zip":"7710207","zip1":"771","zip2":"0207"}],"鯛浜":[{"zip":"7710204","zip1":"771","zip2":"0204"}],"高房":[{"zip":"7710206","zip1":"771","zip2":"0206"}],"太郎八須":[{"zip":"7710202","zip1":"771","zip2":"0202"}],"中村":[{"zip":"7710203","zip1":"771","zip2":"0203"}]},"板野郡藍住町":{"以下に掲載がない場合":[{"zip":"7711200","zip1":"771","zip2":"1200"}],"奥野（猪熊）":[{"zip":"7711202","zip1":"771","zip2":"1202"}],"奥野（東中須）":[{"zip":"7711202","zip1":"771","zip2":"1202"}],"奥野（前川）":[{"zip":"7711202","zip1":"771","zip2":"1202"}],"奥野（矢上前）":[{"zip":"7711203","zip1":"771","zip2":"1203"}],"奥野（和田）":[{"zip":"7711202","zip1":"771","zip2":"1202"}],"奥野（その他）":[{"zip":"7711201","zip1":"771","zip2":"1201"}],"乙瀬":[{"zip":"7711240","zip1":"771","zip2":"1240"}],"笠木（中野）":[{"zip":"7711262","zip1":"771","zip2":"1262"}],"笠木（東野）":[{"zip":"7711261","zip1":"771","zip2":"1261"}],"笠木（西野）":[{"zip":"7711262","zip1":"771","zip2":"1262"}],"笠木（その他）":[{"zip":"7711260","zip1":"771","zip2":"1260"}],"勝瑞（幸島）":[{"zip":"7711271","zip1":"771","zip2":"1271"}],"勝瑞（正喜地）":[{"zip":"7711273","zip1":"771","zip2":"1273"}],"勝瑞（成長）":[{"zip":"7711272","zip1":"771","zip2":"1272"}],"勝瑞（東勝地）":[{"zip":"7711273","zip1":"771","zip2":"1273"}],"勝瑞（その他）":[{"zip":"7711270","zip1":"771","zip2":"1270"}],"住吉（乾）":[{"zip":"7711267","zip1":"771","zip2":"1267"}],"住吉（江端）":[{"zip":"7711267","zip1":"771","zip2":"1267"}],"住吉（逆藤）":[{"zip":"7711265","zip1":"771","zip2":"1265"}],"住吉（神蔵）":[{"zip":"7711265","zip1":"771","zip2":"1265"}],"住吉（千鳥ケ浜）":[{"zip":"7711265","zip1":"771","zip2":"1265"}],"住吉（藤ノ木）":[{"zip":"7711266","zip1":"771","zip2":"1266"}],"住吉（若宮）":[{"zip":"7711266","zip1":"771","zip2":"1266"}],"住吉（その他）":[{"zip":"7711264","zip1":"771","zip2":"1264"}],"徳命（前須東）":[{"zip":"7711212","zip1":"771","zip2":"1212"}],"徳命（前須西）":[{"zip":"7711212","zip1":"771","zip2":"1212"}],"徳命（元村）":[{"zip":"7711211","zip1":"771","zip2":"1211"}],"徳命（元村東）":[{"zip":"7711211","zip1":"771","zip2":"1211"}],"徳命（その他）":[{"zip":"7711210","zip1":"771","zip2":"1210"}],"富吉（地神）":[{"zip":"7711232","zip1":"771","zip2":"1232"}],"富吉（須崎）":[{"zip":"7711231","zip1":"771","zip2":"1231"}],"富吉（富吉）":[{"zip":"7711231","zip1":"771","zip2":"1231"}],"富吉（豊吉）":[{"zip":"7711231","zip1":"771","zip2":"1231"}],"富吉（穂実）":[{"zip":"7711232","zip1":"771","zip2":"1232"}],"富吉（その他）":[{"zip":"7711230","zip1":"771","zip2":"1230"}],"東中富（大塚傍示）":[{"zip":"7711224","zip1":"771","zip2":"1224"}],"東中富（北傍示）":[{"zip":"7711222","zip1":"771","zip2":"1222"}],"東中富（慶長）":[{"zip":"7711224","zip1":"771","zip2":"1224"}],"東中富（敷地傍示）":[{"zip":"7711223","zip1":"771","zip2":"1223"}],"東中富（貞享）":[{"zip":"7711224","zip1":"771","zip2":"1224"}],"東中富（天王傍示）":[{"zip":"7711223","zip1":"771","zip2":"1223"}],"東中富（長江傍示）":[{"zip":"7711221","zip1":"771","zip2":"1221"}],"東中富（東安永）":[{"zip":"7711224","zip1":"771","zip2":"1224"}],"東中富（西安永）":[{"zip":"7711224","zip1":"771","zip2":"1224"}],"東中富（鑓場傍示）":[{"zip":"7711224","zip1":"771","zip2":"1224"}],"東中富（その他）":[{"zip":"7711220","zip1":"771","zip2":"1220"}],"矢上（江ノ口）":[{"zip":"7711253","zip1":"771","zip2":"1253"}],"矢上（春日）":[{"zip":"7711252","zip1":"771","zip2":"1252"}],"矢上（北分）":[{"zip":"7711252","zip1":"771","zip2":"1252"}],"矢上（西）":[{"zip":"7711251","zip1":"771","zip2":"1251"}],"矢上（原）":[{"zip":"7711251","zip1":"771","zip2":"1251"}],"矢上（安任）":[{"zip":"7711253","zip1":"771","zip2":"1253"}],"矢上（その他）":[{"zip":"7711250","zip1":"771","zip2":"1250"}]},"板野郡板野町":{"以下に掲載がない場合":[{"zip":"7790100","zip1":"779","zip2":"0100"}],"犬伏":[{"zip":"7790108","zip1":"779","zip2":"0108"}],"大坂":[{"zip":"7790101","zip1":"779","zip2":"0101"}],"大寺（岡ノ宮）":[{"zip":"7790106","zip1":"779","zip2":"0106"}],"大寺（その他）":[{"zip":"7790105","zip1":"779","zip2":"0105"}],"川端（新田）":[{"zip":"7790103","zip1":"779","zip2":"0103"}],"川端（その他）":[{"zip":"7790102","zip1":"779","zip2":"0102"}],"黒谷":[{"zip":"7790113","zip1":"779","zip2":"0113"}],"下庄":[{"zip":"7790118","zip1":"779","zip2":"0118"}],"唐園":[{"zip":"7790116","zip1":"779","zip2":"0116"}],"中久保":[{"zip":"7790117","zip1":"779","zip2":"0117"}],"那東":[{"zip":"7790111","zip1":"779","zip2":"0111"}],"西中富":[{"zip":"7790119","zip1":"779","zip2":"0119"}],"吹田":[{"zip":"7790104","zip1":"779","zip2":"0104"}],"古城":[{"zip":"7790107","zip1":"779","zip2":"0107"}],"松谷":[{"zip":"7790112","zip1":"779","zip2":"0112"}],"矢武":[{"zip":"7790115","zip1":"779","zip2":"0115"}],"羅漢":[{"zip":"7790114","zip1":"779","zip2":"0114"}]},"板野郡上板町":{"以下に掲載がない場合":[{"zip":"7711300","zip1":"771","zip2":"1300"}],"泉谷":[{"zip":"7711310","zip1":"771","zip2":"1310"}],"鍛冶屋原":[{"zip":"7711301","zip1":"771","zip2":"1301"}],"上六條":[{"zip":"7711345","zip1":"771","zip2":"1345"}],"神宅":[{"zip":"7711320","zip1":"771","zip2":"1320"}],"佐藤塚":[{"zip":"7711342","zip1":"771","zip2":"1342"}],"椎本":[{"zip":"7711343","zip1":"771","zip2":"1343"}],"七條":[{"zip":"7711302","zip1":"771","zip2":"1302"}],"下六條":[{"zip":"7711344","zip1":"771","zip2":"1344"}],"瀬部":[{"zip":"7711350","zip1":"771","zip2":"1350"}],"第十新田":[{"zip":"7711341","zip1":"771","zip2":"1341"}],"高磯":[{"zip":"7711346","zip1":"771","zip2":"1346"}],"高瀬":[{"zip":"7711347","zip1":"771","zip2":"1347"}],"西分":[{"zip":"7711330","zip1":"771","zip2":"1330"}],"引野":[{"zip":"7711311","zip1":"771","zip2":"1311"}]},"美馬郡つるぎ町":{"以下に掲載がない場合":[{"zip":"7794100","zip1":"779","zip2":"4100"}],"一宇（赤松、寺地）":[{"zip":"7794302","zip1":"779","zip2":"4302"}],"一宇（出羽、臼木、漆日浦、大屋内、白井、平、明谷）":[{"zip":"7794305","zip1":"779","zip2":"4305"}],"一宇（一宇、蔭、樫地、剪宇、太刀之本）":[{"zip":"7794301","zip1":"779","zip2":"4301"}],"一宇（伊良原、大野、九藤中、子安、久藪）":[{"zip":"7794304","zip1":"779","zip2":"4304"}],"一宇（漆野瀬、河内、桑平、葛籠、平井、廣澤、法正）":[{"zip":"7794306","zip1":"779","zip2":"4306"}],"一宇（大佐古、奥大野、川又、實平、中野）":[{"zip":"7794307","zip1":"779","zip2":"4307"}],"一宇（大横、木地屋、切越、十家、中横）":[{"zip":"7794303","zip1":"779","zip2":"4303"}],"貞光（馬出、大須賀、中須賀、西浦、東浦、町、宮下）":[{"zip":"7794101","zip1":"779","zip2":"4101"}],"貞光（浦山、乙部、皆瀬、竹屋敷、長谷、西丸井、引地、宅熊）":[{"zip":"7794105","zip1":"779","zip2":"4105"}],"貞光（江ノ脇、岡、せせらぎ、宮内）":[{"zip":"7794103","zip1":"779","zip2":"4103"}],"貞光（大久保、皆瀬川向、捨子谷南、捨子谷北、谷向、中山、西谷、白村）":[{"zip":"7794106","zip1":"779","zip2":"4106"}],"貞光（太田西、太田東、太田東山、小長谷、小山北、柴内、柴山、僧地、僧山）":[{"zip":"7794104","zip1":"779","zip2":"4104"}],"貞光（川見、川見津、川見西、長瀬、日浦川向、東丸井、三木枋、森ノ本）":[{"zip":"7794108","zip1":"779","zip2":"4108"}],"貞光（吉良、木屋、猿飼、成谷、日浦、宮平、横野）":[{"zip":"7794109","zip1":"779","zip2":"4109"}],"貞光（家賀道上、家賀道下、平野、長木、長木影、広谷、広谷影、広谷東）":[{"zip":"7794107","zip1":"779","zip2":"4107"}],"貞光（大坊、辻、西山、野口、平石、別所、前田）":[{"zip":"7794102","zip1":"779","zip2":"4102"}],"半田（青野、折坂、小井野、高清、坂根、下尾尻、下竹、上蓮、日谷尾）":[{"zip":"7794404","zip1":"779","zip2":"4404"}],"半田（上蔭、蔭名、田井、日浦）":[{"zip":"7794402","zip1":"779","zip2":"4402"}],"半田（逢坂、小野、天皇、中藪、松生）":[{"zip":"7794401","zip1":"779","zip2":"4401"}],"半田（樫尾、紙屋、小谷、佐古戸、下喜来）":[{"zip":"7794406","zip1":"779","zip2":"4406"}],"半田（葛城、上喜来、中熊、長野、日開野）":[{"zip":"7794405","zip1":"779","zip2":"4405"}],"半田（木ノ内、京都、猿飼、白石、西久保、東久保、平良石）":[{"zip":"7794403","zip1":"779","zip2":"4403"}],"半田（東毛田）":[{"zip":"7794407","zip1":"779","zip2":"4407"}]},"三好郡東みよし町":{"以下に掲載がない場合":[{"zip":"7794700","zip1":"779","zip2":"4700"}],"足代":[{"zip":"7712502","zip1":"771","zip2":"2502"}],"加茂":[{"zip":"7794701","zip1":"779","zip2":"4701"}],"毛田（大藤）":[{"zip":"7794707","zip1":"779","zip2":"4707"}],"毛田（黒長谷）":[{"zip":"7794706","zip1":"779","zip2":"4706"}],"毛田（その他）":[{"zip":"7794705","zip1":"779","zip2":"4705"}],"中庄（奥村）":[{"zip":"7794704","zip1":"779","zip2":"4704"}],"中庄（その他）":[{"zip":"7794703","zip1":"779","zip2":"4703"}],"西庄":[{"zip":"7794702","zip1":"779","zip2":"4702"}],"東山":[{"zip":"7712503","zip1":"771","zip2":"2503"}],"昼間":[{"zip":"7712501","zip1":"771","zip2":"2501"}]}}