{"0003":[{"pref":"愛知県","city":"あま市","town":"七宝町秋竹"}],"0005":[{"pref":"愛知県","city":"あま市","town":"七宝町伊福"}],"0001":[{"pref":"愛知県","city":"あま市","town":"七宝町沖之島"}],"0004":[{"pref":"愛知県","city":"あま市","town":"七宝町桂"}],"0013":[{"pref":"愛知県","city":"あま市","town":"七宝町川部"}],"0012":[{"pref":"愛知県","city":"あま市","town":"七宝町下田"}],"0006":[{"pref":"愛知県","city":"あま市","town":"七宝町下之森"}],"0014":[{"pref":"愛知県","city":"あま市","town":"七宝町鷹居"}],"0002":[{"pref":"愛知県","city":"あま市","town":"七宝町遠島"}],"0016":[{"pref":"愛知県","city":"あま市","town":"七宝町徳実"}],"0015":[{"pref":"愛知県","city":"あま市","town":"七宝町鯰橋"}],"0011":[{"pref":"愛知県","city":"あま市","town":"七宝町安松"}],"0000":[{"pref":"愛知県","city":"海部郡蟹江町","town":"以下に掲載がない場合"}],"0046":[{"pref":"愛知県","city":"海部郡蟹江町","town":"旭"}],"0047":[{"pref":"愛知県","city":"海部郡蟹江町","town":"泉"}],"0032":[{"pref":"愛知県","city":"海部郡蟹江町","town":"今"}],"0037":[{"pref":"愛知県","city":"海部郡蟹江町","town":"今西"}],"0050":[{"pref":"愛知県","city":"海部郡蟹江町","town":"学戸"}],"0044":[{"pref":"愛知県","city":"海部郡蟹江町","town":"蟹江新田"}],"0035":[{"pref":"愛知県","city":"海部郡蟹江町","town":"蟹江新町"}],"0033":[{"pref":"愛知県","city":"海部郡蟹江町","town":"蟹江本町"}],"0057":[{"pref":"愛知県","city":"海部郡蟹江町","town":"上川田"}],"0051":[{"pref":"愛知県","city":"海部郡蟹江町","town":"北新田"}],"0055":[{"pref":"愛知県","city":"海部郡蟹江町","town":"源氏"}],"0038":[{"pref":"愛知県","city":"海部郡蟹江町","town":"桜"}],"0040":[{"pref":"愛知県","city":"海部郡蟹江町","town":"城"}],"0043":[{"pref":"愛知県","city":"海部郡蟹江町","town":"新千秋"}],"0031":[{"pref":"愛知県","city":"海部郡蟹江町","town":"須成"}],"0036":[{"pref":"愛知県","city":"海部郡蟹江町","town":"須成西"}],"0030":[{"pref":"愛知県","city":"海部郡蟹江町","town":"宝"}],"0058":[{"pref":"愛知県","city":"海部郡蟹江町","town":"富吉"}],"0042":[{"pref":"愛知県","city":"海部郡蟹江町","town":"鍋蓋新田"}],"0054":[{"pref":"愛知県","city":"海部郡蟹江町","town":"錦"}],"0052":[{"pref":"愛知県","city":"海部郡蟹江町","town":"西之森"}],"0056":[{"pref":"愛知県","city":"海部郡蟹江町","town":"八幡"}],"0048":[{"pref":"愛知県","city":"海部郡蟹江町","town":"舟入"}],"0053":[{"pref":"愛知県","city":"海部郡蟹江町","town":"平安"}],"0034":[{"pref":"愛知県","city":"海部郡蟹江町","town":"本町"}],"0045":[{"pref":"愛知県","city":"海部郡蟹江町","town":"緑"}],"0041":[{"pref":"愛知県","city":"海部郡蟹江町","town":"南"}]}