{"0000":[{"pref":"愛知県","city":"西尾市","town":"以下に掲載がない場合"}],"0863":[{"pref":"愛知県","city":"西尾市","town":"葵町"}],"0861":[{"pref":"愛知県","city":"西尾市","town":"吾妻町"}],"0824":[{"pref":"愛知県","city":"西尾市","town":"和泉町"}],"0055":[{"pref":"愛知県","city":"西尾市","town":"市子町"}],"0807":[{"pref":"愛知県","city":"西尾市","town":"伊藤"}],"0806":[{"pref":"愛知県","city":"西尾市","town":"伊藤町"}],"0822":[{"pref":"愛知県","city":"西尾市","town":"伊文町"}],"0063":[{"pref":"愛知県","city":"西尾市","town":"今川町"}],"0043":[{"pref":"愛知県","city":"西尾市","town":"鵜ケ池町"}],"0854":[{"pref":"愛知県","city":"西尾市","town":"永楽町"}],"0031":[{"pref":"愛知県","city":"西尾市","town":"家武町"}],"0026":[{"pref":"愛知県","city":"西尾市","town":"江原町"}],"0024":[{"pref":"愛知県","city":"西尾市","town":"大和田町"}],"0022":[{"pref":"愛知県","city":"西尾市","town":"岡島町"}],"0831":[{"pref":"愛知県","city":"西尾市","town":"大給町"}],"0006":[{"pref":"愛知県","city":"西尾市","town":"小島町"}],"0027":[{"pref":"愛知県","city":"西尾市","town":"尾花町"}],"0893":[{"pref":"愛知県","city":"西尾市","town":"小間町"}],"0825":[{"pref":"愛知県","city":"西尾市","town":"会生町"}],"0013":[{"pref":"愛知県","city":"西尾市","town":"貝吹町"}],"0044":[{"pref":"愛知県","city":"西尾市","town":"鎌谷町"}],"0823":[{"pref":"愛知県","city":"西尾市","town":"神下町"}],"0882":[{"pref":"愛知県","city":"西尾市","town":"上道目記町"}],"0017":[{"pref":"愛知県","city":"西尾市","town":"上永良町"}],"0011":[{"pref":"愛知県","city":"西尾市","town":"上羽角町"}],"0894":[{"pref":"愛知県","city":"西尾市","town":"上町"}],"0847":[{"pref":"愛知県","city":"西尾市","town":"亀沢町"}],"0873":[{"pref":"愛知県","city":"西尾市","town":"川口町"}],"0832":[{"pref":"愛知県","city":"西尾市","town":"瓦町"}],"0857":[{"pref":"愛知県","city":"西尾市","town":"北旭町"}],"0885":[{"pref":"愛知県","city":"西尾市","town":"行用町"}],"0864":[{"pref":"愛知県","city":"西尾市","town":"錦城町"}],"0071":[{"pref":"愛知県","city":"西尾市","town":"熊味町"}],"0035":[{"pref":"愛知県","city":"西尾市","town":"花蔵寺町"}],"0021":[{"pref":"愛知県","city":"西尾市","town":"駒場町"}],"0005":[{"pref":"愛知県","city":"西尾市","town":"米野町"}],"0041":[{"pref":"愛知県","city":"西尾市","town":"小焼野町"}],"0056":[{"pref":"愛知県","city":"西尾市","town":"斉藤町"}],"0827":[{"pref":"愛知県","city":"西尾市","town":"幸町"}],"0835":[{"pref":"愛知県","city":"西尾市","town":"肴町"}],"0853":[{"pref":"愛知県","city":"西尾市","town":"桜木町"}],"0803":[{"pref":"愛知県","city":"西尾市","town":"桜町"}],"0053":[{"pref":"愛知県","city":"西尾市","town":"笹曽根町"}],"0866":[{"pref":"愛知県","city":"西尾市","town":"塩町"}],"0084":[{"pref":"愛知県","city":"西尾市","town":"志貴野町"}],"0081":[{"pref":"愛知県","city":"西尾市","town":"志籠谷町"}],"0883":[{"pref":"愛知県","city":"西尾市","town":"下道目記町"}],"0016":[{"pref":"愛知県","city":"西尾市","town":"下永良町"}],"0012":[{"pref":"愛知県","city":"西尾市","town":"下羽角町"}],"0891":[{"pref":"愛知県","city":"西尾市","town":"下町"}],"0045":[{"pref":"愛知県","city":"西尾市","town":"十郎島町"}],"0834":[{"pref":"愛知県","city":"西尾市","town":"順海町"}],"0065":[{"pref":"愛知県","city":"西尾市","town":"城崎町"}],"0878":[{"pref":"愛知県","city":"西尾市","town":"新在家"}],"0076":[{"pref":"愛知県","city":"西尾市","town":"新渡場"}],"0077":[{"pref":"愛知県","city":"西尾市","town":"新渡場町"}],"0002":[{"pref":"愛知県","city":"西尾市","town":"新村町"}],"0814":[{"pref":"愛知県","city":"西尾市","town":"新屋敷町"}],"0844":[{"pref":"愛知県","city":"西尾市","town":"末広町"}],"0815":[{"pref":"愛知県","city":"西尾市","town":"菅原町"}],"0862":[{"pref":"愛知県","city":"西尾市","town":"須田町"}],"0879":[{"pref":"愛知県","city":"西尾市","town":"住崎"}],"0876":[{"pref":"愛知県","city":"西尾市","town":"住崎町"}],"0851":[{"pref":"愛知県","city":"西尾市","town":"住吉町"}],"0046":[{"pref":"愛知県","city":"西尾市","town":"須脇町"}],"0034":[{"pref":"愛知県","city":"西尾市","town":"善明町"}],"0001":[{"pref":"愛知県","city":"西尾市","town":"高落町"}],"0023":[{"pref":"愛知県","city":"西尾市","town":"高河原町"}],"0856":[{"pref":"愛知県","city":"西尾市","town":"高砂町"}],"0064":[{"pref":"愛知県","city":"西尾市","town":"高畠町"}],"0042":[{"pref":"愛知県","city":"西尾市","town":"宅野島町"}],"0015":[{"pref":"愛知県","city":"西尾市","town":"竹山町"}],"0846":[{"pref":"愛知県","city":"西尾市","town":"千歳町"}],"0062":[{"pref":"愛知県","city":"西尾市","town":"丁田町"}],"0014":[{"pref":"愛知県","city":"西尾市","town":"つくしが丘"}],"0837":[{"pref":"愛知県","city":"西尾市","town":"鶴ケ崎町"}],"0805":[{"pref":"愛知県","city":"西尾市","town":"鶴城町"}],"0845":[{"pref":"愛知県","city":"西尾市","town":"鶴舞町"}],"0051":[{"pref":"愛知県","city":"西尾市","town":"天竹町"}],"0843":[{"pref":"愛知県","city":"西尾市","town":"天神町"}],"0833":[{"pref":"愛知県","city":"西尾市","town":"天王町"}],"0812":[{"pref":"愛知県","city":"西尾市","town":"道光寺"}],"0811":[{"pref":"愛知県","city":"西尾市","town":"道光寺町"}],"0075":[{"pref":"愛知県","city":"西尾市","town":"戸ケ崎"}],"0074":[{"pref":"愛知県","city":"西尾市","town":"戸ケ崎町"}],"0072":[{"pref":"愛知県","city":"西尾市","town":"徳次町"}],"0887":[{"pref":"愛知県","city":"西尾市","town":"長縄町"}],"0083":[{"pref":"愛知県","city":"西尾市","town":"中原町"}],"0836":[{"pref":"愛知県","city":"西尾市","town":"中町"}],"0870":[{"pref":"愛知県","city":"西尾市","town":"永吉"}],"0871":[{"pref":"愛知県","city":"西尾市","town":"永吉町"}],"0881":[{"pref":"愛知県","city":"西尾市","town":"熱池町"}],"0004":[{"pref":"愛知県","city":"西尾市","town":"西浅井町"}],"0057":[{"pref":"愛知県","city":"西尾市","town":"野々宮町"}],"0884":[{"pref":"愛知県","city":"西尾市","town":"八ケ尻町"}],"0852":[{"pref":"愛知県","city":"西尾市","town":"花ノ木町"}],"0841":[{"pref":"愛知県","city":"西尾市","town":"馬場町"}],"0886":[{"pref":"愛知県","city":"西尾市","town":"針曽根町"}],"0003":[{"pref":"愛知県","city":"西尾市","town":"東浅井町"}],"0874":[{"pref":"愛知県","city":"西尾市","town":"菱池町"}],"0054":[{"pref":"愛知県","city":"西尾市","town":"平口町"}],"0032":[{"pref":"愛知県","city":"西尾市","town":"平原町"}],"0875":[{"pref":"愛知県","city":"西尾市","town":"深池町"}],"0892":[{"pref":"愛知県","city":"西尾市","town":"法光寺町"}],"0047":[{"pref":"愛知県","city":"西尾市","town":"細池町"}],"0865":[{"pref":"愛知県","city":"西尾市","town":"本町"}],"0826":[{"pref":"愛知県","city":"西尾市","town":"満全町"}],"0804":[{"pref":"愛知県","city":"西尾市","town":"緑町"}],"0855":[{"pref":"愛知県","city":"西尾市","town":"南旭町"}],"0801":[{"pref":"愛知県","city":"西尾市","town":"南中根町"}],"0816":[{"pref":"愛知県","city":"西尾市","town":"宮町"}],"0033":[{"pref":"愛知県","city":"西尾市","town":"室町"}],"0872":[{"pref":"愛知県","city":"西尾市","town":"矢曽根町"}],"0082":[{"pref":"愛知県","city":"西尾市","town":"八ツ面町"}],"0821":[{"pref":"愛知県","city":"西尾市","town":"矢場町"}],"0877":[{"pref":"愛知県","city":"西尾市","town":"山下町"}],"0842":[{"pref":"愛知県","city":"西尾市","town":"弥生町"}],"0052":[{"pref":"愛知県","city":"西尾市","town":"横手町"}],"0802":[{"pref":"愛知県","city":"西尾市","town":"米津町"}],"0073":[{"pref":"愛知県","city":"西尾市","town":"寄住町"}],"0061":[{"pref":"愛知県","city":"西尾市","town":"寄近町"}],"0813":[{"pref":"愛知県","city":"西尾市","town":"若松町"}],"0025":[{"pref":"愛知県","city":"西尾市","town":"和気町"}]}