{"0000":[{"pref":"東京都","city":"北区","town":"以下に掲載がない場合"}],"0002":[{"pref":"東京都","city":"北区","town":"王子"}],"0022":[{"pref":"東京都","city":"北区","town":"王子本町"}],"0034":[{"pref":"東京都","city":"北区","town":"上十条"}],"0016":[{"pref":"東京都","city":"北区","town":"上中里"}],"0021":[{"pref":"東京都","city":"北区","town":"岸町"}],"0005":[{"pref":"東京都","city":"北区","town":"栄町"}],"0033":[{"pref":"東京都","city":"北区","town":"十条台"}],"0031":[{"pref":"東京都","city":"北区","town":"十条仲原"}],"0011":[{"pref":"東京都","city":"北区","town":"昭和町"}],"0023":[{"pref":"東京都","city":"北区","town":"滝野川"}],"0014":[{"pref":"東京都","city":"北区","town":"田端"}],"0012":[{"pref":"東京都","city":"北区","town":"田端新町"}],"0003":[{"pref":"東京都","city":"北区","town":"豊島"}],"0015":[{"pref":"東京都","city":"北区","town":"中里"}],"0032":[{"pref":"東京都","city":"北区","town":"中十条"}],"0024":[{"pref":"東京都","city":"北区","town":"西ケ原"}],"0001":[{"pref":"東京都","city":"北区","town":"東十条"}],"0013":[{"pref":"東京都","city":"北区","town":"東田端"}],"0004":[{"pref":"東京都","city":"北区","town":"堀船"}]}