{"佐賀市":{"以下に掲載がない場合":[{"zip":"8490000","zip1":"849","zip2":"0000"}],"愛敬町":[{"zip":"8400812","zip1":"840","zip2":"0812"}],"赤松町":[{"zip":"8400042","zip1":"840","zip2":"0042"}],"朝日町":[{"zip":"8400053","zip1":"840","zip2":"0053"}],"伊勢町":[{"zip":"8400844","zip1":"840","zip2":"0844"}],"今宿町":[{"zip":"8400052","zip1":"840","zip2":"0052"}],"駅前中央":[{"zip":"8400801","zip1":"840","zip2":"0801"}],"駅南本町":[{"zip":"8400816","zip1":"840","zip2":"0816"}],"大財":[{"zip":"8400811","zip1":"840","zip2":"0811"}],"大財北町":[{"zip":"8400802","zip1":"840","zip2":"0802"}],"鬼丸町":[{"zip":"8400021","zip1":"840","zip2":"0021"}],"卸本町":[{"zip":"8490933","zip1":"849","zip2":"0933"}],"開成":[{"zip":"8490934","zip1":"849","zip2":"0934"}],"嘉瀬町扇町":[{"zip":"8400862","zip1":"840","zip2":"0862"}],"嘉瀬町荻野":[{"zip":"8400864","zip1":"840","zip2":"0864"}],"嘉瀬町十五":[{"zip":"8400863","zip1":"840","zip2":"0863"}],"嘉瀬町中原":[{"zip":"8400861","zip1":"840","zip2":"0861"}],"神園":[{"zip":"8400806","zip1":"840","zip2":"0806"}],"川副町犬井道":[{"zip":"8402212","zip1":"840","zip2":"2212"}],"川副町大詫間":[{"zip":"8402211","zip1":"840","zip2":"2211"}],"川副町鹿江":[{"zip":"8402213","zip1":"840","zip2":"2213"}],"川副町小々森":[{"zip":"8402214","zip1":"840","zip2":"2214"}],"川副町南里":[{"zip":"8402205","zip1":"840","zip2":"2205"}],"川副町西古賀":[{"zip":"8402204","zip1":"840","zip2":"2204"}],"川副町早津江":[{"zip":"8402203","zip1":"840","zip2":"2203"}],"川副町早津江津":[{"zip":"8402202","zip1":"840","zip2":"2202"}],"川副町福富":[{"zip":"8402201","zip1":"840","zip2":"2201"}],"川原町":[{"zip":"8400843","zip1":"840","zip2":"0843"}],"北川副町江上":[{"zip":"8400011","zip1":"840","zip2":"0011"}],"北川副町新郷":[{"zip":"8400013","zip1":"840","zip2":"0013"}],"北川副町光法":[{"zip":"8400012","zip1":"840","zip2":"0012"}],"木原":[{"zip":"8400015","zip1":"840","zip2":"0015"}],"金立町金立":[{"zip":"8490906","zip1":"849","zip2":"0906"}],"金立町千布":[{"zip":"8490905","zip1":"849","zip2":"0905"}],"金立町薬師丸":[{"zip":"8490904","zip1":"849","zip2":"0904"}],"久保泉町上和泉":[{"zip":"8490902","zip1":"849","zip2":"0902"}],"久保泉町川久保":[{"zip":"8490901","zip1":"849","zip2":"0901"}],"久保泉町下和泉":[{"zip":"8490903","zip1":"849","zip2":"0903"}],"久保田町江戸":[{"zip":"8490205","zip1":"849","zip2":"0205"}],"久保田町久保田":[{"zip":"8490204","zip1":"849","zip2":"0204"}],"久保田町新田":[{"zip":"8490203","zip1":"849","zip2":"0203"}],"久保田町徳万":[{"zip":"8490201","zip1":"849","zip2":"0201"}],"久保田町久富":[{"zip":"8490202","zip1":"849","zip2":"0202"}],"神野東":[{"zip":"8400804","zip1":"840","zip2":"0804"}],"神野西":[{"zip":"8400805","zip1":"840","zip2":"0805"}],"巨勢町牛島":[{"zip":"8400008","zip1":"840","zip2":"0008"}],"巨勢町高尾":[{"zip":"8400007","zip1":"840","zip2":"0007"}],"巨勢町修理田":[{"zip":"8400001","zip1":"840","zip2":"0001"}],"巨勢町東西":[{"zip":"8400006","zip1":"840","zip2":"0006"}],"呉服元町":[{"zip":"8400824","zip1":"840","zip2":"0824"}],"紺屋町":[{"zip":"8400056","zip1":"840","zip2":"0056"}],"材木":[{"zip":"8400055","zip1":"840","zip2":"0055"}],"栄町":[{"zip":"8400803","zip1":"840","zip2":"0803"}],"道祖元町":[{"zip":"8400044","zip1":"840","zip2":"0044"}],"下田町":[{"zip":"8400031","zip1":"840","zip2":"0031"}],"昭栄町":[{"zip":"8400855","zip1":"840","zip2":"0855"}],"城内":[{"zip":"8400041","zip1":"840","zip2":"0041"}],"精町":[{"zip":"8400043","zip1":"840","zip2":"0043"}],"白山":[{"zip":"8400826","zip1":"840","zip2":"0826"}],"新栄西":[{"zip":"8400859","zip1":"840","zip2":"0859"}],"新栄東":[{"zip":"8400850","zip1":"840","zip2":"0850"}],"新郷本町":[{"zip":"8400017","zip1":"840","zip2":"0017"}],"新生町":[{"zip":"8400856","zip1":"840","zip2":"0856"}],"新中町":[{"zip":"8490924","zip1":"849","zip2":"0924"}],"末広":[{"zip":"8400032","zip1":"840","zip2":"0032"}],"成章町":[{"zip":"8400814","zip1":"840","zip2":"0814"}],"高木瀬団地":[{"zip":"8490927","zip1":"849","zip2":"0927"}],"高木瀬東":[{"zip":"8490922","zip1":"849","zip2":"0922"}],"高木瀬西":[{"zip":"8490921","zip1":"849","zip2":"0921"}],"高木瀬町長瀬":[{"zip":"8490917","zip1":"849","zip2":"0917"}],"高木瀬町東高木":[{"zip":"8490916","zip1":"849","zip2":"0916"}],"高木町":[{"zip":"8400822","zip1":"840","zip2":"0822"}],"田代":[{"zip":"8400051","zip1":"840","zip2":"0051"}],"多布施":[{"zip":"8400842","zip1":"840","zip2":"0842"}],"中央本町":[{"zip":"8400825","zip1":"840","zip2":"0825"}],"天神":[{"zip":"8400815","zip1":"840","zip2":"0815"}],"天祐":[{"zip":"8400851","zip1":"840","zip2":"0851"}],"天祐団地":[{"zip":"8400858","zip1":"840","zip2":"0858"}],"唐人":[{"zip":"8400813","zip1":"840","zip2":"0813"}],"中折町":[{"zip":"8400852","zip1":"840","zip2":"0852"}],"中の小路":[{"zip":"8400833","zip1":"840","zip2":"0833"}],"中の館町":[{"zip":"8400022","zip1":"840","zip2":"0022"}],"長瀬町":[{"zip":"8400853","zip1":"840","zip2":"0853"}],"鍋島":[{"zip":"8490937","zip1":"849","zip2":"0937"}],"鍋島町蛎久":[{"zip":"8490931","zip1":"849","zip2":"0931"}],"鍋島町鍋島":[{"zip":"8490938","zip1":"849","zip2":"0938"}],"鍋島町森田":[{"zip":"8490936","zip1":"849","zip2":"0936"}],"鍋島町八戸":[{"zip":"8400857","zip1":"840","zip2":"0857"}],"鍋島町八戸溝":[{"zip":"8490932","zip1":"849","zip2":"0932"}],"西魚町":[{"zip":"8400046","zip1":"840","zip2":"0046"}],"西田代":[{"zip":"8400045","zip1":"840","zip2":"0045"}],"西与賀町今津":[{"zip":"8400035","zip1":"840","zip2":"0035"}],"西与賀町相応津":[{"zip":"8400037","zip1":"840","zip2":"0037"}],"西与賀町厘外":[{"zip":"8400034","zip1":"840","zip2":"0034"}],"西与賀町高太郎":[{"zip":"8400036","zip1":"840","zip2":"0036"}],"蓮池町蓮池":[{"zip":"8400005","zip1":"840","zip2":"0005"}],"蓮池町古賀":[{"zip":"8400003","zip1":"840","zip2":"0003"}],"蓮池町小松":[{"zip":"8400004","zip1":"840","zip2":"0004"}],"蓮池町見島":[{"zip":"8400002","zip1":"840","zip2":"0002"}],"八幡小路":[{"zip":"8400834","zip1":"840","zip2":"0834"}],"八丁畷町":[{"zip":"8490925","zip1":"849","zip2":"0925"}],"光":[{"zip":"8400033","zip1":"840","zip2":"0033"}],"東佐賀町":[{"zip":"8400821","zip1":"840","zip2":"0821"}],"東与賀町飯盛":[{"zip":"8402223","zip1":"840","zip2":"2223"}],"東与賀町下古賀":[{"zip":"8402221","zip1":"840","zip2":"2221"}],"東与賀町田中":[{"zip":"8402222","zip1":"840","zip2":"2222"}],"日の出":[{"zip":"8490923","zip1":"849","zip2":"0923"}],"兵庫町瓦町":[{"zip":"8490912","zip1":"849","zip2":"0912"}],"兵庫町藤木":[{"zip":"8490915","zip1":"849","zip2":"0915"}],"兵庫町西渕":[{"zip":"8490914","zip1":"849","zip2":"0914"}],"兵庫町渕":[{"zip":"8490913","zip1":"849","zip2":"0913"}],"兵庫町若宮":[{"zip":"8490911","zip1":"849","zip2":"0911"}],"兵庫北":[{"zip":"8490919","zip1":"849","zip2":"0919"}],"兵庫南":[{"zip":"8490918","zip1":"849","zip2":"0918"}],"富士町市川":[{"zip":"8400503","zip1":"840","zip2":"0503"}],"富士町内野":[{"zip":"8400514","zip1":"840","zip2":"0514"}],"富士町梅野":[{"zip":"8400516","zip1":"840","zip2":"0516"}],"富士町大串":[{"zip":"8400533","zip1":"840","zip2":"0533"}],"富士町大野":[{"zip":"8400532","zip1":"840","zip2":"0532"}],"富士町小副川":[{"zip":"8400521","zip1":"840","zip2":"0521"}],"富士町鎌原":[{"zip":"8400511","zip1":"840","zip2":"0511"}],"富士町上合瀬":[{"zip":"8400545","zip1":"840","zip2":"0545"}],"富士町上熊川":[{"zip":"8400512","zip1":"840","zip2":"0512"}],"富士町上無津呂":[{"zip":"8400536","zip1":"840","zip2":"0536"}],"富士町栗並":[{"zip":"8400531","zip1":"840","zip2":"0531"}],"富士町古場":[{"zip":"8400543","zip1":"840","zip2":"0543"}],"富士町下合瀬":[{"zip":"8400544","zip1":"840","zip2":"0544"}],"富士町下熊川":[{"zip":"8400513","zip1":"840","zip2":"0513"}],"富士町下無津呂":[{"zip":"8400535","zip1":"840","zip2":"0535"}],"富士町杉山":[{"zip":"8400502","zip1":"840","zip2":"0502"}],"富士町関屋":[{"zip":"8400541","zip1":"840","zip2":"0541"}],"富士町苣木":[{"zip":"8400504","zip1":"840","zip2":"0504"}],"富士町中原":[{"zip":"8400534","zip1":"840","zip2":"0534"}],"富士町畑瀬":[{"zip":"8400522","zip1":"840","zip2":"0522"}],"富士町藤瀬":[{"zip":"8400542","zip1":"840","zip2":"0542"}],"富士町古湯":[{"zip":"8400501","zip1":"840","zip2":"0501"}],"富士町松瀬":[{"zip":"8400515","zip1":"840","zip2":"0515"}],"富士町麻那古":[{"zip":"8400537","zip1":"840","zip2":"0537"}],"堀川町":[{"zip":"8400832","zip1":"840","zip2":"0832"}],"本庄町鹿子":[{"zip":"8400025","zip1":"840","zip2":"0025"}],"本庄町本庄":[{"zip":"8400027","zip1":"840","zip2":"0027"}],"本庄町正里":[{"zip":"8400026","zip1":"840","zip2":"0026"}],"本庄町末次":[{"zip":"8400024","zip1":"840","zip2":"0024"}],"本庄町袋":[{"zip":"8400023","zip1":"840","zip2":"0023"}],"松原":[{"zip":"8400831","zip1":"840","zip2":"0831"}],"水ケ江":[{"zip":"8400054","zip1":"840","zip2":"0054"}],"三瀬村藤原":[{"zip":"8420302","zip1":"842","zip2":"0302"}],"三瀬村三瀬":[{"zip":"8420301","zip1":"842","zip2":"0301"}],"三瀬村杠":[{"zip":"8420303","zip1":"842","zip2":"0303"}],"緑小路":[{"zip":"8400841","zip1":"840","zip2":"0841"}],"南佐賀":[{"zip":"8400016","zip1":"840","zip2":"0016"}],"諸富町大堂":[{"zip":"8402101","zip1":"840","zip2":"2101"}],"諸富町為重":[{"zip":"8402102","zip1":"840","zip2":"2102"}],"諸富町寺井津":[{"zip":"8402103","zip1":"840","zip2":"2103"}],"諸富町徳富":[{"zip":"8402104","zip1":"840","zip2":"2104"}],"諸富町諸富津":[{"zip":"8402105","zip1":"840","zip2":"2105"}],"諸富町山領":[{"zip":"8402106","zip1":"840","zip2":"2106"}],"八戸":[{"zip":"8400854","zip1":"840","zip2":"0854"}],"八戸溝":[{"zip":"8490935","zip1":"849","zip2":"0935"}],"柳町":[{"zip":"8400823","zip1":"840","zip2":"0823"}],"大和町池上":[{"zip":"8400212","zip1":"840","zip2":"0212"}],"大和町梅野":[{"zip":"8400203","zip1":"840","zip2":"0203"}],"大和町川上":[{"zip":"8400214","zip1":"840","zip2":"0214"}],"大和町久池井":[{"zip":"8400202","zip1":"840","zip2":"0202"}],"大和町久留間":[{"zip":"8400213","zip1":"840","zip2":"0213"}],"大和町名尾":[{"zip":"8400205","zip1":"840","zip2":"0205"}],"大和町尼寺":[{"zip":"8400201","zip1":"840","zip2":"0201"}],"大和町八反原":[{"zip":"8400215","zip1":"840","zip2":"0215"}],"大和町東山田":[{"zip":"8400211","zip1":"840","zip2":"0211"}],"大和町松瀬":[{"zip":"8400204","zip1":"840","zip2":"0204"}],"与賀町":[{"zip":"8400047","zip1":"840","zip2":"0047"}],"六座町":[{"zip":"8400845","zip1":"840","zip2":"0845"}],"若楠":[{"zip":"8490928","zip1":"849","zip2":"0928"}],"若宮":[{"zip":"8490926","zip1":"849","zip2":"0926"}]},"唐津市":{"以下に掲載がない場合":[{"zip":"8470000","zip1":"847","zip2":"0000"}],"旭が丘":[{"zip":"8470823","zip1":"847","zip2":"0823"}],"朝日町":[{"zip":"8470841","zip1":"847","zip2":"0841"}],"石志":[{"zip":"8470832","zip1":"847","zip2":"0832"}],"魚屋町":[{"zip":"8470042","zip1":"847","zip2":"0042"}],"宇木":[{"zip":"8470025","zip1":"847","zip2":"0025"}],"後川内":[{"zip":"8470804","zip1":"847","zip2":"0804"}],"浦":[{"zip":"8470124","zip1":"847","zip2":"0124"}],"江川町":[{"zip":"8470853","zip1":"847","zip2":"0853"}],"枝去木":[{"zip":"8470123","zip1":"847","zip2":"0123"}],"相賀":[{"zip":"8470132","zip1":"847","zip2":"0132"}],"相知町伊岐佐":[{"zip":"8493223","zip1":"849","zip2":"3223"}],"相知町相知":[{"zip":"8493201","zip1":"849","zip2":"3201"}],"相知町大野":[{"zip":"8493221","zip1":"849","zip2":"3221"}],"相知町楠":[{"zip":"8493215","zip1":"849","zip2":"3215"}],"相知町久保":[{"zip":"8493232","zip1":"849","zip2":"3232"}],"相知町黒岩":[{"zip":"8493222","zip1":"849","zip2":"3222"}],"相知町佐里":[{"zip":"8493233","zip1":"849","zip2":"3233"}],"相知町千束":[{"zip":"8493211","zip1":"849","zip2":"3211"}],"相知町田頭":[{"zip":"8493214","zip1":"849","zip2":"3214"}],"相知町鷹取":[{"zip":"8493219","zip1":"849","zip2":"3219"}],"相知町町切":[{"zip":"8493216","zip1":"849","zip2":"3216"}],"相知町長部田":[{"zip":"8493217","zip1":"849","zip2":"3217"}],"相知町中山":[{"zip":"8493218","zip1":"849","zip2":"3218"}],"相知町平山上":[{"zip":"8493203","zip1":"849","zip2":"3203"}],"相知町平山下":[{"zip":"8493202","zip1":"849","zip2":"3202"}],"相知町牟田部":[{"zip":"8493231","zip1":"849","zip2":"3231"}],"相知町山崎":[{"zip":"8493224","zip1":"849","zip2":"3224"}],"相知町湯屋":[{"zip":"8493213","zip1":"849","zip2":"3213"}],"相知町横枕":[{"zip":"8493212","zip1":"849","zip2":"3212"}],"大石町":[{"zip":"8470066","zip1":"847","zip2":"0066"}],"海岸通":[{"zip":"8470873","zip1":"847","zip2":"0873"}],"鏡":[{"zip":"8470022","zip1":"847","zip2":"0022"}],"鏡新開":[{"zip":"8470028","zip1":"847","zip2":"0028"}],"水主町":[{"zip":"8470065","zip1":"847","zip2":"0065"}],"柏崎":[{"zip":"8470026","zip1":"847","zip2":"0026"}],"神集島":[{"zip":"8470131","zip1":"847","zip2":"0131"}],"刀町":[{"zip":"8470055","zip1":"847","zip2":"0055"}],"北城内":[{"zip":"8470015","zip1":"847","zip2":"0015"}],"北波多大杉":[{"zip":"8471212","zip1":"847","zip2":"1212"}],"北波多上平野":[{"zip":"8471221","zip1":"847","zip2":"1221"}],"北波多岸山":[{"zip":"8471211","zip1":"847","zip2":"1211"}],"北波多志気":[{"zip":"8471225","zip1":"847","zip2":"1225"}],"北波多下平野":[{"zip":"8471223","zip1":"847","zip2":"1223"}],"北波多竹有":[{"zip":"8471213","zip1":"847","zip2":"1213"}],"北波多田中":[{"zip":"8471202","zip1":"847","zip2":"1202"}],"北波多徳須恵":[{"zip":"8471201","zip1":"847","zip2":"1201"}],"北波多成渕":[{"zip":"8471222","zip1":"847","zip2":"1222"}],"北波多稗田":[{"zip":"8471214","zip1":"847","zip2":"1214"}],"北波多山彦":[{"zip":"8471203","zip1":"847","zip2":"1203"}],"北波多行合野":[{"zip":"8471224","zip1":"847","zip2":"1224"}],"厳木町天川":[{"zip":"8493101","zip1":"849","zip2":"3101"}],"厳木町岩屋":[{"zip":"8493123","zip1":"849","zip2":"3123"}],"厳木町うつぼ木":[{"zip":"8493132","zip1":"849","zip2":"3132"}],"厳木町浦川内":[{"zip":"8493114","zip1":"849","zip2":"3114"}],"厳木町厳木":[{"zip":"8493131","zip1":"849","zip2":"3131"}],"厳木町瀬戸木場":[{"zip":"8493121","zip1":"849","zip2":"3121"}],"厳木町鳥越":[{"zip":"8493102","zip1":"849","zip2":"3102"}],"厳木町中島":[{"zip":"8493112","zip1":"849","zip2":"3112"}],"厳木町浪瀬":[{"zip":"8493122","zip1":"849","zip2":"3122"}],"厳木町平之":[{"zip":"8493115","zip1":"849","zip2":"3115"}],"厳木町広川":[{"zip":"8493103","zip1":"849","zip2":"3103"}],"厳木町広瀬":[{"zip":"8493111","zip1":"849","zip2":"3111"}],"厳木町星領":[{"zip":"8493104","zip1":"849","zip2":"3104"}],"厳木町牧瀬":[{"zip":"8493113","zip1":"849","zip2":"3113"}],"厳木町本山":[{"zip":"8493133","zip1":"849","zip2":"3133"}],"京町":[{"zip":"8470045","zip1":"847","zip2":"0045"}],"木綿町":[{"zip":"8470044","zip1":"847","zip2":"0044"}],"熊原町":[{"zip":"8470817","zip1":"847","zip2":"0817"}],"熊ノ峰":[{"zip":"8470884","zip1":"847","zip2":"0884"}],"久里":[{"zip":"8470033","zip1":"847","zip2":"0033"}],"神田":[{"zip":"8470824","zip1":"847","zip2":"0824"}],"呉服町":[{"zip":"8470052","zip1":"847","zip2":"0052"}],"米屋町":[{"zip":"8470054","zip1":"847","zip2":"0054"}],"紺屋町":[{"zip":"8470053","zip1":"847","zip2":"0053"}],"材木町":[{"zip":"8470061","zip1":"847","zip2":"0061"}],"栄町":[{"zip":"8470011","zip1":"847","zip2":"0011"}],"桜馬場":[{"zip":"8470843","zip1":"847","zip2":"0843"}],"桜町":[{"zip":"8470104","zip1":"847","zip2":"0104"}],"佐志":[{"zip":"8470111","zip1":"847","zip2":"0111"}],"佐志中里":[{"zip":"8470113","zip1":"847","zip2":"0113"}],"佐志中通":[{"zip":"8470114","zip1":"847","zip2":"0114"}],"佐志浜町":[{"zip":"8470115","zip1":"847","zip2":"0115"}],"佐志南":[{"zip":"8470112","zip1":"847","zip2":"0112"}],"重河内":[{"zip":"8470883","zip1":"847","zip2":"0883"}],"十人町":[{"zip":"8470067","zip1":"847","zip2":"0067"}],"松南町":[{"zip":"8470021","zip1":"847","zip2":"0021"}],"新興町（東新興町）":[{"zip":"8470043","zip1":"847","zip2":"0043"}],"新興町（西新興町）":[{"zip":"8470816","zip1":"847","zip2":"0816"}],"新町":[{"zip":"8470813","zip1":"847","zip2":"0813"}],"菅牟田":[{"zip":"8470882","zip1":"847","zip2":"0882"}],"双水":[{"zip":"8470001","zip1":"847","zip2":"0001"}],"大名小路":[{"zip":"8470012","zip1":"847","zip2":"0012"}],"大良":[{"zip":"8470803","zip1":"847","zip2":"0803"}],"高砂町":[{"zip":"8470046","zip1":"847","zip2":"0046"}],"高島":[{"zip":"8470027","zip1":"847","zip2":"0027"}],"竹木場":[{"zip":"8470881","zip1":"847","zip2":"0881"}],"千々賀":[{"zip":"8470831","zip1":"847","zip2":"0831"}],"町田":[{"zip":"8470821","zip1":"847","zip2":"0821"}],"千代田町":[{"zip":"8470041","zip1":"847","zip2":"0041"}],"鎮西町赤木":[{"zip":"8470312","zip1":"847","zip2":"0312"}],"鎮西町石室":[{"zip":"8470327","zip1":"847","zip2":"0327"}],"鎮西町岩野":[{"zip":"8470323","zip1":"847","zip2":"0323"}],"鎮西町打上":[{"zip":"8470322","zip1":"847","zip2":"0322"}],"鎮西町加唐島":[{"zip":"8470317","zip1":"847","zip2":"0317"}],"鎮西町加倉":[{"zip":"8470325","zip1":"847","zip2":"0325"}],"鎮西町串":[{"zip":"8470403","zip1":"847","zip2":"0403"}],"鎮西町高野":[{"zip":"8470324","zip1":"847","zip2":"0324"}],"鎮西町塩鶴":[{"zip":"8470313","zip1":"847","zip2":"0313"}],"鎮西町菖蒲":[{"zip":"8470314","zip1":"847","zip2":"0314"}],"鎮西町中野":[{"zip":"8470316","zip1":"847","zip2":"0316"}],"鎮西町名護屋":[{"zip":"8470401","zip1":"847","zip2":"0401"}],"鎮西町野元":[{"zip":"8470402","zip1":"847","zip2":"0402"}],"鎮西町波戸":[{"zip":"8470404","zip1":"847","zip2":"0404"}],"鎮西町早田":[{"zip":"8470326","zip1":"847","zip2":"0326"}],"鎮西町馬渡島":[{"zip":"8470405","zip1":"847","zip2":"0405"}],"鎮西町松島":[{"zip":"8470406","zip1":"847","zip2":"0406"}],"鎮西町丸田":[{"zip":"8470311","zip1":"847","zip2":"0311"}],"鎮西町八床":[{"zip":"8470315","zip1":"847","zip2":"0315"}],"鎮西町横竹":[{"zip":"8470321","zip1":"847","zip2":"0321"}],"唐川":[{"zip":"8470885","zip1":"847","zip2":"0885"}],"唐房":[{"zip":"8470122","zip1":"847","zip2":"0122"}],"中里":[{"zip":"8470134","zip1":"847","zip2":"0134"}],"中瀬通":[{"zip":"8470101","zip1":"847","zip2":"0101"}],"中原":[{"zip":"8470034","zip1":"847","zip2":"0034"}],"中町":[{"zip":"8470051","zip1":"847","zip2":"0051"}],"中山町":[{"zip":"8470862","zip1":"847","zip2":"0862"}],"長谷":[{"zip":"8470822","zip1":"847","zip2":"0822"}],"梨川内":[{"zip":"8470802","zip1":"847","zip2":"0802"}],"七山荒川":[{"zip":"8471101","zip1":"847","zip2":"1101"}],"七山池原":[{"zip":"8471103","zip1":"847","zip2":"1103"}],"七山木浦":[{"zip":"8471104","zip1":"847","zip2":"1104"}],"七山白木":[{"zip":"8471108","zip1":"847","zip2":"1108"}],"七山滝川":[{"zip":"8471106","zip1":"847","zip2":"1106"}],"七山仁部":[{"zip":"8471105","zip1":"847","zip2":"1105"}],"七山藤川":[{"zip":"8471107","zip1":"847","zip2":"1107"}],"七山馬川":[{"zip":"8471102","zip1":"847","zip2":"1102"}],"菜畑":[{"zip":"8470844","zip1":"847","zip2":"0844"}],"西大島町":[{"zip":"8470872","zip1":"847","zip2":"0872"}],"西唐津":[{"zip":"8470875","zip1":"847","zip2":"0875"}],"西城内":[{"zip":"8470014","zip1":"847","zip2":"0014"}],"西寺町":[{"zip":"8470815","zip1":"847","zip2":"0815"}],"西浜町":[{"zip":"8470855","zip1":"847","zip2":"0855"}],"西旗町":[{"zip":"8470854","zip1":"847","zip2":"0854"}],"橋本":[{"zip":"8470003","zip1":"847","zip2":"0003"}],"橋本町":[{"zip":"8470103","zip1":"847","zip2":"0103"}],"畑島":[{"zip":"8470833","zip1":"847","zip2":"0833"}],"半田":[{"zip":"8470023","zip1":"847","zip2":"0023"}],"鳩川":[{"zip":"8470121","zip1":"847","zip2":"0121"}],"浜玉町大江":[{"zip":"8495103","zip1":"849","zip2":"5103"}],"浜玉町岡口":[{"zip":"8495101","zip1":"849","zip2":"5101"}],"浜玉町五反田":[{"zip":"8495102","zip1":"849","zip2":"5102"}],"浜玉町谷口":[{"zip":"8495105","zip1":"849","zip2":"5105"}],"浜玉町鳥巣":[{"zip":"8495113","zip1":"849","zip2":"5113"}],"浜玉町浜崎":[{"zip":"8495131","zip1":"849","zip2":"5131"}],"浜玉町東山田":[{"zip":"8495123","zip1":"849","zip2":"5123"}],"浜玉町平原":[{"zip":"8495112","zip1":"849","zip2":"5112"}],"浜玉町渕上":[{"zip":"8495104","zip1":"849","zip2":"5104"}],"浜玉町南山":[{"zip":"8495111","zip1":"849","zip2":"5111"}],"浜玉町山瀬":[{"zip":"8495124","zip1":"849","zip2":"5124"}],"浜玉町横田上":[{"zip":"8495121","zip1":"849","zip2":"5121"}],"浜玉町横田下":[{"zip":"8495122","zip1":"849","zip2":"5122"}],"原":[{"zip":"8470031","zip1":"847","zip2":"0031"}],"東宇木":[{"zip":"8470024","zip1":"847","zip2":"0024"}],"東大島町":[{"zip":"8470871","zip1":"847","zip2":"0871"}],"東唐津":[{"zip":"8470017","zip1":"847","zip2":"0017"}],"東城内":[{"zip":"8470016","zip1":"847","zip2":"0016"}],"東町":[{"zip":"8470063","zip1":"847","zip2":"0063"}],"東山":[{"zip":"8470801","zip1":"847","zip2":"0801"}],"肥前町赤坂":[{"zip":"8471502","zip1":"847","zip2":"1502"}],"肥前町上ケ倉":[{"zip":"8471517","zip1":"847","zip2":"1517"}],"肥前町犬頭":[{"zip":"8471522","zip1":"847","zip2":"1522"}],"肥前町入野":[{"zip":"8471526","zip1":"847","zip2":"1526"}],"肥前町梅崎":[{"zip":"8471512","zip1":"847","zip2":"1512"}],"肥前町瓜ケ坂":[{"zip":"8471516","zip1":"847","zip2":"1516"}],"肥前町大浦":[{"zip":"8471506","zip1":"847","zip2":"1506"}],"肥前町切木":[{"zip":"8471501","zip1":"847","zip2":"1501"}],"肥前町杉野浦":[{"zip":"8471505","zip1":"847","zip2":"1505"}],"肥前町田野":[{"zip":"8471521","zip1":"847","zip2":"1521"}],"肥前町鶴牧":[{"zip":"8471527","zip1":"847","zip2":"1527"}],"肥前町寺浦":[{"zip":"8471513","zip1":"847","zip2":"1513"}],"肥前町中浦":[{"zip":"8471504","zip1":"847","zip2":"1504"}],"肥前町新木場":[{"zip":"8471511","zip1":"847","zip2":"1511"}],"肥前町仁田野尾":[{"zip":"8471514","zip1":"847","zip2":"1514"}],"肥前町納所":[{"zip":"8471525","zip1":"847","zip2":"1525"}],"肥前町星賀":[{"zip":"8471523","zip1":"847","zip2":"1523"}],"肥前町万賀里川":[{"zip":"8471515","zip1":"847","zip2":"1515"}],"肥前町満越":[{"zip":"8471507","zip1":"847","zip2":"1507"}],"肥前町向島":[{"zip":"8471524","zip1":"847","zip2":"1524"}],"肥前町湯野浦":[{"zip":"8471503","zip1":"847","zip2":"1503"}],"平野町":[{"zip":"8470812","zip1":"847","zip2":"0812"}],"藤崎通":[{"zip":"8470874","zip1":"847","zip2":"0874"}],"富士見町":[{"zip":"8470851","zip1":"847","zip2":"0851"}],"二タ子":[{"zip":"8470861","zip1":"847","zip2":"0861"}],"船宮町":[{"zip":"8470062","zip1":"847","zip2":"0062"}],"坊主町":[{"zip":"8470056","zip1":"847","zip2":"0056"}],"本町":[{"zip":"8470047","zip1":"847","zip2":"0047"}],"湊町":[{"zip":"8470133","zip1":"847","zip2":"0133"}],"南城内":[{"zip":"8470013","zip1":"847","zip2":"0013"}],"南富士見町":[{"zip":"8470876","zip1":"847","zip2":"0876"}],"妙見町":[{"zip":"8470863","zip1":"847","zip2":"0863"}],"見借":[{"zip":"8470825","zip1":"847","zip2":"0825"}],"元石町":[{"zip":"8470064","zip1":"847","zip2":"0064"}],"元旗町":[{"zip":"8470852","zip1":"847","zip2":"0852"}],"八百屋町":[{"zip":"8470811","zip1":"847","zip2":"0811"}],"屋形石":[{"zip":"8470135","zip1":"847","zip2":"0135"}],"八幡町":[{"zip":"8470102","zip1":"847","zip2":"0102"}],"養母田":[{"zip":"8470004","zip1":"847","zip2":"0004"}],"養母田鬼塚":[{"zip":"8470005","zip1":"847","zip2":"0005"}],"山下町":[{"zip":"8470842","zip1":"847","zip2":"0842"}],"山田":[{"zip":"8470834","zip1":"847","zip2":"0834"}],"山本":[{"zip":"8470002","zip1":"847","zip2":"0002"}],"夕日":[{"zip":"8470032","zip1":"847","zip2":"0032"}],"弓鷹町":[{"zip":"8470814","zip1":"847","zip2":"0814"}],"横野":[{"zip":"8470136","zip1":"847","zip2":"0136"}],"呼子町大友":[{"zip":"8470301","zip1":"847","zip2":"0301"}],"呼子町小川島":[{"zip":"8470306","zip1":"847","zip2":"0306"}],"呼子町加部島":[{"zip":"8470305","zip1":"847","zip2":"0305"}],"呼子町小友":[{"zip":"8470302","zip1":"847","zip2":"0302"}],"呼子町殿ノ浦":[{"zip":"8470304","zip1":"847","zip2":"0304"}],"呼子町呼子":[{"zip":"8470303","zip1":"847","zip2":"0303"}],"和多田海士町":[{"zip":"8470071","zip1":"847","zip2":"0071"}],"和多田大土井":[{"zip":"8470083","zip1":"847","zip2":"0083"}],"和多田先石":[{"zip":"8470074","zip1":"847","zip2":"0074"}],"和多田天満町":[{"zip":"8470082","zip1":"847","zip2":"0082"}],"和多田西山":[{"zip":"8470084","zip1":"847","zip2":"0084"}],"和多田東百人町":[{"zip":"8470073","zip1":"847","zip2":"0073"}],"和多田百人町":[{"zip":"8470072","zip1":"847","zip2":"0072"}],"和多田本村":[{"zip":"8470085","zip1":"847","zip2":"0085"}],"和多田南先石":[{"zip":"8470081","zip1":"847","zip2":"0081"}],"和多田用尺":[{"zip":"8470075","zip1":"847","zip2":"0075"}]},"鳥栖市":{"以下に掲載がない場合":[{"zip":"8410000","zip1":"841","zip2":"0000"}],"秋葉町":[{"zip":"8410036","zip1":"841","zip2":"0036"}],"浅井町":[{"zip":"8410082","zip1":"841","zip2":"0082"}],"あさひ新町":[{"zip":"8410068","zip1":"841","zip2":"0068"}],"安楽寺町":[{"zip":"8410045","zip1":"841","zip2":"0045"}],"飯田町":[{"zip":"8410022","zip1":"841","zip2":"0022"}],"今泉町":[{"zip":"8410047","zip1":"841","zip2":"0047"}],"今町":[{"zip":"8410001","zip1":"841","zip2":"0001"}],"牛原町":[{"zip":"8410086","zip1":"841","zip2":"0086"}],"江島町":[{"zip":"8410073","zip1":"841","zip2":"0073"}],"加藤田町":[{"zip":"8410003","zip1":"841","zip2":"0003"}],"萱方町":[{"zip":"8410081","zip1":"841","zip2":"0081"}],"河内町":[{"zip":"8410087","zip1":"841","zip2":"0087"}],"儀徳町":[{"zip":"8410066","zip1":"841","zip2":"0066"}],"京町":[{"zip":"8410034","zip1":"841","zip2":"0034"}],"蔵上":[{"zip":"8410056","zip1":"841","zip2":"0056"}],"蔵上町":[{"zip":"8410054","zip1":"841","zip2":"0054"}],"神辺町":[{"zip":"8410004","zip1":"841","zip2":"0004"}],"古賀町":[{"zip":"8410083","zip1":"841","zip2":"0083"}],"幸津町":[{"zip":"8410062","zip1":"841","zip2":"0062"}],"酒井東町":[{"zip":"8410041","zip1":"841","zip2":"0041"}],"酒井西町":[{"zip":"8410042","zip1":"841","zip2":"0042"}],"桜ケ丘町":[{"zip":"8410088","zip1":"841","zip2":"0088"}],"桜町":[{"zip":"8410014","zip1":"841","zip2":"0014"}],"下野町":[{"zip":"8410063","zip1":"841","zip2":"0063"}],"宿町":[{"zip":"8410052","zip1":"841","zip2":"0052"}],"曽根崎町":[{"zip":"8410025","zip1":"841","zip2":"0025"}],"大正町":[{"zip":"8410032","zip1":"841","zip2":"0032"}],"高田町":[{"zip":"8410044","zip1":"841","zip2":"0044"}],"田代上町":[{"zip":"8410015","zip1":"841","zip2":"0015"}],"田代昌町":[{"zip":"8410012","zip1":"841","zip2":"0012"}],"田代新町":[{"zip":"8410013","zip1":"841","zip2":"0013"}],"田代大官町":[{"zip":"8410017","zip1":"841","zip2":"0017"}],"田代外町":[{"zip":"8410016","zip1":"841","zip2":"0016"}],"田代本町":[{"zip":"8410018","zip1":"841","zip2":"0018"}],"立石町":[{"zip":"8410075","zip1":"841","zip2":"0075"}],"土井町":[{"zip":"8410039","zip1":"841","zip2":"0039"}],"轟木町":[{"zip":"8410061","zip1":"841","zip2":"0061"}],"永吉町":[{"zip":"8410011","zip1":"841","zip2":"0011"}],"西新町":[{"zip":"8410074","zip1":"841","zip2":"0074"}],"西田町":[{"zip":"8410067","zip1":"841","zip2":"0067"}],"虹ケ丘町":[{"zip":"8410089","zip1":"841","zip2":"0089"}],"幡崎町":[{"zip":"8410021","zip1":"841","zip2":"0021"}],"原古賀町":[{"zip":"8410071","zip1":"841","zip2":"0071"}],"原町":[{"zip":"8410024","zip1":"841","zip2":"0024"}],"東町":[{"zip":"8410035","zip1":"841","zip2":"0035"}],"姫方町":[{"zip":"8410023","zip1":"841","zip2":"0023"}],"平田町":[{"zip":"8410076","zip1":"841","zip2":"0076"}],"藤木町":[{"zip":"8410048","zip1":"841","zip2":"0048"}],"布津原町":[{"zip":"8410053","zip1":"841","zip2":"0053"}],"古野町":[{"zip":"8410038","zip1":"841","zip2":"0038"}],"本通町":[{"zip":"8410033","zip1":"841","zip2":"0033"}],"本鳥栖町":[{"zip":"8410026","zip1":"841","zip2":"0026"}],"本町":[{"zip":"8410037","zip1":"841","zip2":"0037"}],"前田町":[{"zip":"8410065","zip1":"841","zip2":"0065"}],"真木町":[{"zip":"8410046","zip1":"841","zip2":"0046"}],"松原町":[{"zip":"8410027","zip1":"841","zip2":"0027"}],"三島町":[{"zip":"8410064","zip1":"841","zip2":"0064"}],"水屋町":[{"zip":"8410043","zip1":"841","zip2":"0043"}],"村田町":[{"zip":"8410072","zip1":"841","zip2":"0072"}],"元町":[{"zip":"8410051","zip1":"841","zip2":"0051"}],"養父町":[{"zip":"8410055","zip1":"841","zip2":"0055"}],"山浦町":[{"zip":"8410084","zip1":"841","zip2":"0084"}],"山都町":[{"zip":"8410085","zip1":"841","zip2":"0085"}],"弥生が丘":[{"zip":"8410005","zip1":"841","zip2":"0005"}],"鎗田町":[{"zip":"8410031","zip1":"841","zip2":"0031"}],"柚比町":[{"zip":"8410002","zip1":"841","zip2":"0002"}]},"多久市":{"以下に掲載がない場合":[{"zip":"8460000","zip1":"846","zip2":"0000"}],"北多久町":[{"zip":"8460001","zip1":"846","zip2":"0001"}],"北多久町莇原":[{"zip":"8460006","zip1":"846","zip2":"0006"}],"北多久町小侍":[{"zip":"8460002","zip1":"846","zip2":"0002"}],"北多久町砂原":[{"zip":"8460005","zip1":"846","zip2":"0005"}],"北多久町多久原":[{"zip":"8460003","zip1":"846","zip2":"0003"}],"北多久町中多久":[{"zip":"8460004","zip1":"846","zip2":"0004"}],"北多久町メイプルタウン":[{"zip":"8460007","zip1":"846","zip2":"0007"}],"多久町":[{"zip":"8460031","zip1":"846","zip2":"0031"}],"西多久町":[{"zip":"8460041","zip1":"846","zip2":"0041"}],"東多久町":[{"zip":"8460011","zip1":"846","zip2":"0011"}],"東多久町古賀":[{"zip":"8460013","zip1":"846","zip2":"0013"}],"東多久町納所":[{"zip":"8460014","zip1":"846","zip2":"0014"}],"東多久町別府":[{"zip":"8460012","zip1":"846","zip2":"0012"}],"南多久町":[{"zip":"8460021","zip1":"846","zip2":"0021"}],"南多久町泉町":[{"zip":"8460022","zip1":"846","zip2":"0022"}],"南多久町下多久":[{"zip":"8460024","zip1":"846","zip2":"0024"}],"南多久町長尾":[{"zip":"8460023","zip1":"846","zip2":"0023"}],"南多久町花祭":[{"zip":"8460025","zip1":"846","zip2":"0025"}]},"伊万里市":{"以下に掲載がない場合":[{"zip":"8480000","zip1":"848","zip2":"0000"}],"伊万里町甲":[{"zip":"8480047","zip1":"848","zip2":"0047"}],"伊万里町乙":[{"zip":"8480046","zip1":"848","zip2":"0046"}],"大川内町甲":[{"zip":"8480024","zip1":"848","zip2":"0024"}],"大川内町乙":[{"zip":"8480025","zip1":"848","zip2":"0025"}],"大川内町丙":[{"zip":"8480026","zip1":"848","zip2":"0026"}],"大川町大川野":[{"zip":"8495251","zip1":"849","zip2":"5251"}],"大川町川原":[{"zip":"8495257","zip1":"849","zip2":"5257"}],"大川町川西":[{"zip":"8495252","zip1":"849","zip2":"5252"}],"大川町駒鳴":[{"zip":"8495253","zip1":"849","zip2":"5253"}],"大川町立川":[{"zip":"8495254","zip1":"849","zip2":"5254"}],"大川町東田代":[{"zip":"8495256","zip1":"849","zip2":"5256"}],"大川町山口":[{"zip":"8495255","zip1":"849","zip2":"5255"}],"大坪町甲":[{"zip":"8480021","zip1":"848","zip2":"0021"}],"大坪町乙":[{"zip":"8480022","zip1":"848","zip2":"0022"}],"大坪町丙":[{"zip":"8480023","zip1":"848","zip2":"0023"}],"木須町":[{"zip":"8480044","zip1":"848","zip2":"0044"}],"黒川町（名村団地）":[{"zip":"8480124","zip1":"848","zip2":"0124"}],"黒川町大黒川":[{"zip":"8480123","zip1":"848","zip2":"0123"}],"黒川町黒塩":[{"zip":"8480146","zip1":"848","zip2":"0146"}],"黒川町小黒川":[{"zip":"8480125","zip1":"848","zip2":"0125"}],"黒川町塩屋":[{"zip":"8480121","zip1":"848","zip2":"0121"}],"黒川町清水":[{"zip":"8480141","zip1":"848","zip2":"0141"}],"黒川町立目":[{"zip":"8480142","zip1":"848","zip2":"0142"}],"黒川町椿原":[{"zip":"8480145","zip1":"848","zip2":"0145"}],"黒川町長尾":[{"zip":"8480132","zip1":"848","zip2":"0132"}],"黒川町畑川内":[{"zip":"8480131","zip1":"848","zip2":"0131"}],"黒川町花房":[{"zip":"8480134","zip1":"848","zip2":"0134"}],"黒川町福田":[{"zip":"8480122","zip1":"848","zip2":"0122"}],"黒川町真手野":[{"zip":"8480133","zip1":"848","zip2":"0133"}],"黒川町牟田":[{"zip":"8480143","zip1":"848","zip2":"0143"}],"黒川町横野":[{"zip":"8480144","zip1":"848","zip2":"0144"}],"新天町":[{"zip":"8480041","zip1":"848","zip2":"0041"}],"瀬戸町":[{"zip":"8480043","zip1":"848","zip2":"0043"}],"立花町":[{"zip":"8480027","zip1":"848","zip2":"0027"}],"二里町大里甲":[{"zip":"8480032","zip1":"848","zip2":"0032"}],"二里町大里乙":[{"zip":"8480035","zip1":"848","zip2":"0035"}],"二里町中里甲":[{"zip":"8480034","zip1":"848","zip2":"0034"}],"二里町中里乙":[{"zip":"8480033","zip1":"848","zip2":"0033"}],"二里町八谷搦":[{"zip":"8480031","zip1":"848","zip2":"0031"}],"蓮池町":[{"zip":"8480042","zip1":"848","zip2":"0042"}],"波多津町板木":[{"zip":"8480113","zip1":"848","zip2":"0113"}],"波多津町井野尾":[{"zip":"8480116","zip1":"848","zip2":"0116"}],"波多津町内野":[{"zip":"8480103","zip1":"848","zip2":"0103"}],"波多津町木場":[{"zip":"8480111","zip1":"848","zip2":"0111"}],"波多津町煤屋":[{"zip":"8480104","zip1":"848","zip2":"0104"}],"波多津町田代":[{"zip":"8480112","zip1":"848","zip2":"0112"}],"波多津町辻":[{"zip":"8480101","zip1":"848","zip2":"0101"}],"波多津町筒井":[{"zip":"8480117","zip1":"848","zip2":"0117"}],"波多津町津留主屋":[{"zip":"8480114","zip1":"848","zip2":"0114"}],"波多津町中山":[{"zip":"8480115","zip1":"848","zip2":"0115"}],"波多津町畑津":[{"zip":"8480102","zip1":"848","zip2":"0102"}],"波多津町馬蛤潟":[{"zip":"8480105","zip1":"848","zip2":"0105"}],"東山代町浦川内":[{"zip":"8494284","zip1":"849","zip2":"4284"}],"東山代町大久保":[{"zip":"8494281","zip1":"849","zip2":"4281"}],"東山代町川内野":[{"zip":"8494286","zip1":"849","zip2":"4286"}],"東山代町里":[{"zip":"8494282","zip1":"849","zip2":"4282"}],"東山代町滝川内":[{"zip":"8494285","zip1":"849","zip2":"4285"}],"東山代町天神":[{"zip":"8494273","zip1":"849","zip2":"4273"}],"東山代町長浜":[{"zip":"8494271","zip1":"849","zip2":"4271"}],"東山代町日尾":[{"zip":"8494272","zip1":"849","zip2":"4272"}],"東山代町東大久保":[{"zip":"8494283","zip1":"849","zip2":"4283"}],"東山代町脇野":[{"zip":"8494274","zip1":"849","zip2":"4274"}],"松浦町提川":[{"zip":"8495264","zip1":"849","zip2":"5264"}],"松浦町中野原":[{"zip":"8495262","zip1":"849","zip2":"5262"}],"松浦町桃川":[{"zip":"8495261","zip1":"849","zip2":"5261"}],"松浦町山形":[{"zip":"8495263","zip1":"849","zip2":"5263"}],"松島町":[{"zip":"8480045","zip1":"848","zip2":"0045"}],"南波多町井手野":[{"zip":"8480007","zip1":"848","zip2":"0007"}],"南波多町大川原":[{"zip":"8480011","zip1":"848","zip2":"0011"}],"南波多町大曲":[{"zip":"8480005","zip1":"848","zip2":"0005"}],"南波多町笠椎":[{"zip":"8480013","zip1":"848","zip2":"0013"}],"南波多町小麦原":[{"zip":"8480014","zip1":"848","zip2":"0014"}],"南波多町重橋":[{"zip":"8480001","zip1":"848","zip2":"0001"}],"南波多町高瀬":[{"zip":"8480006","zip1":"848","zip2":"0006"}],"南波多町谷口":[{"zip":"8480002","zip1":"848","zip2":"0002"}],"南波多町水留":[{"zip":"8480004","zip1":"848","zip2":"0004"}],"南波多町原屋敷":[{"zip":"8480016","zip1":"848","zip2":"0016"}],"南波多町府招":[{"zip":"8480015","zip1":"848","zip2":"0015"}],"南波多町古川":[{"zip":"8480012","zip1":"848","zip2":"0012"}],"南波多町古里":[{"zip":"8480003","zip1":"848","zip2":"0003"}],"山代町楠久":[{"zip":"8494251","zip1":"849","zip2":"4251"}],"山代町楠久津":[{"zip":"8494252","zip1":"849","zip2":"4252"}],"山代町久原":[{"zip":"8494256","zip1":"849","zip2":"4256"}],"山代町城":[{"zip":"8494254","zip1":"849","zip2":"4254"}],"山代町立岩":[{"zip":"8494261","zip1":"849","zip2":"4261"}],"山代町西大久保":[{"zip":"8494263","zip1":"849","zip2":"4263"}],"山代町東分":[{"zip":"8494264","zip1":"849","zip2":"4264"}],"山代町西分":[{"zip":"8494262","zip1":"849","zip2":"4262"}],"山代町福川内":[{"zip":"8494255","zip1":"849","zip2":"4255"}],"山代町峰":[{"zip":"8494253","zip1":"849","zip2":"4253"}],"脇田町":[{"zip":"8480028","zip1":"848","zip2":"0028"}]},"武雄市":{"以下に掲載がない場合":[{"zip":"8430000","zip1":"843","zip2":"0000"}],"朝日町芦原":[{"zip":"8430003","zip1":"843","zip2":"0003"}],"朝日町甘久":[{"zip":"8430001","zip1":"843","zip2":"0001"}],"朝日町中野":[{"zip":"8430002","zip1":"843","zip2":"0002"}],"北方町芦原":[{"zip":"8492203","zip1":"849","zip2":"2203"}],"北方町大崎":[{"zip":"8492204","zip1":"849","zip2":"2204"}],"北方町大渡":[{"zip":"8492202","zip1":"849","zip2":"2202"}],"北方町志久":[{"zip":"8492201","zip1":"849","zip2":"2201"}],"武内町梅野":[{"zip":"8492341","zip1":"849","zip2":"2341"}],"武内町真手野":[{"zip":"8492342","zip1":"849","zip2":"2342"}],"武雄町昭和":[{"zip":"8430023","zip1":"843","zip2":"0023"}],"武雄町武雄":[{"zip":"8430022","zip1":"843","zip2":"0022"}],"武雄町富岡":[{"zip":"8430024","zip1":"843","zip2":"0024"}],"武雄町永島":[{"zip":"8430021","zip1":"843","zip2":"0021"}],"橘町芦原":[{"zip":"8430011","zip1":"843","zip2":"0011"}],"橘町片白":[{"zip":"8430012","zip1":"843","zip2":"0012"}],"橘町大日":[{"zip":"8430013","zip1":"843","zip2":"0013"}],"橘町永島":[{"zip":"8430014","zip1":"843","zip2":"0014"}],"西川登町小田志":[{"zip":"8430231","zip1":"843","zip2":"0231"}],"西川登町神六":[{"zip":"8430232","zip1":"843","zip2":"0232"}],"東川登町永野":[{"zip":"8430233","zip1":"843","zip2":"0233"}],"東川登町袴野":[{"zip":"8430234","zip1":"843","zip2":"0234"}],"山内町犬走":[{"zip":"8492301","zip1":"849","zip2":"2301"}],"山内町大野":[{"zip":"8492304","zip1":"849","zip2":"2304"}],"山内町鳥海":[{"zip":"8492302","zip1":"849","zip2":"2302"}],"山内町三間坂":[{"zip":"8492303","zip1":"849","zip2":"2303"}],"山内町宮野":[{"zip":"8492305","zip1":"849","zip2":"2305"}],"若木町川古":[{"zip":"8430151","zip1":"843","zip2":"0151"}],"若木町本部":[{"zip":"8430152","zip1":"843","zip2":"0152"}],"若木町桃川":[{"zip":"8430153","zip1":"843","zip2":"0153"}]},"鹿島市":{"以下に掲載がない場合":[{"zip":"8491300","zip1":"849","zip2":"1300"}],"飯田":[{"zip":"8491324","zip1":"849","zip2":"1324"}],"井手":[{"zip":"8491302","zip1":"849","zip2":"1302"}],"音成":[{"zip":"8491323","zip1":"849","zip2":"1323"}],"重ノ木":[{"zip":"8491313","zip1":"849","zip2":"1313"}],"高津原":[{"zip":"8491311","zip1":"849","zip2":"1311"}],"常広":[{"zip":"8491301","zip1":"849","zip2":"1301"}],"中村":[{"zip":"8491304","zip1":"849","zip2":"1304"}],"納富分":[{"zip":"8491312","zip1":"849","zip2":"1312"}],"浜町":[{"zip":"8491322","zip1":"849","zip2":"1322"}],"古枝":[{"zip":"8491321","zip1":"849","zip2":"1321"}],"三河内":[{"zip":"8491315","zip1":"849","zip2":"1315"}],"森":[{"zip":"8491303","zip1":"849","zip2":"1303"}],"山浦":[{"zip":"8491314","zip1":"849","zip2":"1314"}]},"小城市":{"以下に掲載がない場合":[{"zip":"8450000","zip1":"845","zip2":"0000"}],"芦刈町芦溝":[{"zip":"8490311","zip1":"849","zip2":"0311"}],"芦刈町下古賀":[{"zip":"8490312","zip1":"849","zip2":"0312"}],"芦刈町道免":[{"zip":"8490316","zip1":"849","zip2":"0316"}],"芦刈町永田":[{"zip":"8490313","zip1":"849","zip2":"0313"}],"芦刈町浜枝川":[{"zip":"8490315","zip1":"849","zip2":"0315"}],"芦刈町三王崎":[{"zip":"8490314","zip1":"849","zip2":"0314"}],"牛津町牛津":[{"zip":"8490303","zip1":"849","zip2":"0303"}],"牛津町乙柳":[{"zip":"8490301","zip1":"849","zip2":"0301"}],"牛津町柿樋瀬":[{"zip":"8490302","zip1":"849","zip2":"0302"}],"牛津町勝":[{"zip":"8490306","zip1":"849","zip2":"0306"}],"牛津町上砥川":[{"zip":"8490305","zip1":"849","zip2":"0305"}],"牛津町下砥川":[{"zip":"8490304","zip1":"849","zip2":"0304"}],"小城町":[{"zip":"8450001","zip1":"845","zip2":"0001"}],"小城町池上":[{"zip":"8450012","zip1":"845","zip2":"0012"}],"小城町岩蔵":[{"zip":"8450003","zip1":"845","zip2":"0003"}],"小城町栗原":[{"zip":"8450013","zip1":"845","zip2":"0013"}],"小城町畑田":[{"zip":"8450002","zip1":"845","zip2":"0002"}],"小城町晴気":[{"zip":"8450014","zip1":"845","zip2":"0014"}],"小城町東新町":[{"zip":"8450005","zip1":"845","zip2":"0005"}],"小城町船田":[{"zip":"8450011","zip1":"845","zip2":"0011"}],"小城町松尾":[{"zip":"8450004","zip1":"845","zip2":"0004"}],"三日月町石木":[{"zip":"8450035","zip1":"845","zip2":"0035"}],"三日月町織島":[{"zip":"8450023","zip1":"845","zip2":"0023"}],"三日月町金田":[{"zip":"8450032","zip1":"845","zip2":"0032"}],"三日月町久米":[{"zip":"8450022","zip1":"845","zip2":"0022"}],"三日月町甲柳原":[{"zip":"8450034","zip1":"845","zip2":"0034"}],"三日月町長神田":[{"zip":"8450021","zip1":"845","zip2":"0021"}],"三日月町樋口":[{"zip":"8450033","zip1":"845","zip2":"0033"}],"三日月町堀江":[{"zip":"8450031","zip1":"845","zip2":"0031"}],"三日月町三ケ島":[{"zip":"8450025","zip1":"845","zip2":"0025"}],"三日月町道辺":[{"zip":"8450024","zip1":"845","zip2":"0024"}]},"嬉野市":{"以下に掲載がない場合":[{"zip":"8430300","zip1":"843","zip2":"0300"}],"嬉野町岩屋川内":[{"zip":"8430304","zip1":"843","zip2":"0304"}],"嬉野町下宿":[{"zip":"8430301","zip1":"843","zip2":"0301"}],"嬉野町下野":[{"zip":"8430302","zip1":"843","zip2":"0302"}],"嬉野町不動山":[{"zip":"8430305","zip1":"843","zip2":"0305"}],"嬉野町吉田":[{"zip":"8430303","zip1":"843","zip2":"0303"}],"塩田町大草野乙":[{"zip":"8491416","zip1":"849","zip2":"1416"}],"塩田町大草野甲":[{"zip":"8491414","zip1":"849","zip2":"1414"}],"塩田町大草野丙":[{"zip":"8491415","zip1":"849","zip2":"1415"}],"塩田町久間乙":[{"zip":"8491402","zip1":"849","zip2":"1402"}],"塩田町久間甲":[{"zip":"8491401","zip1":"849","zip2":"1401"}],"塩田町久間丁":[{"zip":"8491404","zip1":"849","zip2":"1404"}],"塩田町久間丙":[{"zip":"8491403","zip1":"849","zip2":"1403"}],"塩田町五町田乙":[{"zip":"8491426","zip1":"849","zip2":"1426"}],"塩田町五町田甲":[{"zip":"8491425","zip1":"849","zip2":"1425"}],"塩田町谷所乙":[{"zip":"8491423","zip1":"849","zip2":"1423"}],"塩田町谷所甲":[{"zip":"8491422","zip1":"849","zip2":"1422"}],"塩田町谷所丙":[{"zip":"8491424","zip1":"849","zip2":"1424"}],"塩田町馬場下乙":[{"zip":"8491412","zip1":"849","zip2":"1412"}],"塩田町馬場下甲":[{"zip":"8491411","zip1":"849","zip2":"1411"}],"塩田町馬場下丙":[{"zip":"8491413","zip1":"849","zip2":"1413"}],"塩田町真崎":[{"zip":"8491421","zip1":"849","zip2":"1421"}]},"神埼市":{"以下に掲載がない場合":[{"zip":"8420000","zip1":"842","zip2":"0000"}],"神埼町姉川":[{"zip":"8420014","zip1":"842","zip2":"0014"}],"神埼町的":[{"zip":"8420123","zip1":"842","zip2":"0123"}],"神埼町枝ケ里":[{"zip":"8420006","zip1":"842","zip2":"0006"}],"神埼町尾崎":[{"zip":"8420015","zip1":"842","zip2":"0015"}],"神埼町神埼":[{"zip":"8420001","zip1":"842","zip2":"0001"}],"神埼町城原":[{"zip":"8420122","zip1":"842","zip2":"0122"}],"神埼町志波屋":[{"zip":"8420121","zip1":"842","zip2":"0121"}],"神埼町竹":[{"zip":"8420011","zip1":"842","zip2":"0011"}],"神埼町田道ケ里":[{"zip":"8420002","zip1":"842","zip2":"0002"}],"神埼町鶴（１～２９９９番地）":[{"zip":"8420107","zip1":"842","zip2":"0107"}],"神埼町鶴（３０００番地以降）":[{"zip":"8420007","zip1":"842","zip2":"0007"}],"神埼町永歌":[{"zip":"8420004","zip1":"842","zip2":"0004"}],"神埼町西小津ケ里":[{"zip":"8420005","zip1":"842","zip2":"0005"}],"神埼町本告牟田":[{"zip":"8420013","zip1":"842","zip2":"0013"}],"神埼町本堀":[{"zip":"8420003","zip1":"842","zip2":"0003"}],"神埼町横武":[{"zip":"8420012","zip1":"842","zip2":"0012"}],"脊振町服巻":[{"zip":"8420203","zip1":"842","zip2":"0203"}],"脊振町広滝":[{"zip":"8420201","zip1":"842","zip2":"0201"}],"脊振町鹿路":[{"zip":"8420202","zip1":"842","zip2":"0202"}],"千代田町姉":[{"zip":"8420052","zip1":"842","zip2":"0052"}],"千代田町餘江":[{"zip":"8420054","zip1":"842","zip2":"0054"}],"千代田町嘉納":[{"zip":"8420067","zip1":"842","zip2":"0067"}],"千代田町黒井":[{"zip":"8420051","zip1":"842","zip2":"0051"}],"千代田町境原":[{"zip":"8420056","zip1":"842","zip2":"0056"}],"千代田町崎村":[{"zip":"8420065","zip1":"842","zip2":"0065"}],"千代田町下板":[{"zip":"8420068","zip1":"842","zip2":"0068"}],"千代田町下西":[{"zip":"8420055","zip1":"842","zip2":"0055"}],"千代田町詫田":[{"zip":"8420061","zip1":"842","zip2":"0061"}],"千代田町直鳥":[{"zip":"8420053","zip1":"842","zip2":"0053"}],"千代田町迎島":[{"zip":"8420063","zip1":"842","zip2":"0063"}],"千代田町柳島":[{"zip":"8420062","zip1":"842","zip2":"0062"}],"千代田町用作":[{"zip":"8420066","zip1":"842","zip2":"0066"}],"千代田町渡瀬":[{"zip":"8420064","zip1":"842","zip2":"0064"}]},"神埼郡吉野ヶ里町":{"以下に掲載がない場合":[{"zip":"8420000","zip1":"842","zip2":"0000"}],"石動":[{"zip":"8420102","zip1":"842","zip2":"0102"}],"大曲":[{"zip":"8420103","zip1":"842","zip2":"0103"}],"田手":[{"zip":"8420035","zip1":"842","zip2":"0035"}],"立野":[{"zip":"8420032","zip1":"842","zip2":"0032"}],"箱川":[{"zip":"8420034","zip1":"842","zip2":"0034"}],"松隈":[{"zip":"8420101","zip1":"842","zip2":"0101"}],"豆田":[{"zip":"8420033","zip1":"842","zip2":"0033"}],"三津":[{"zip":"8420104","zip1":"842","zip2":"0104"}],"吉田":[{"zip":"8420031","zip1":"842","zip2":"0031"}]},"三養基郡基山町":{"以下に掲載がない場合":[{"zip":"8410200","zip1":"841","zip2":"0200"}],"けやき台":[{"zip":"8410205","zip1":"841","zip2":"0205"}],"小倉":[{"zip":"8410201","zip1":"841","zip2":"0201"}],"園部":[{"zip":"8410203","zip1":"841","zip2":"0203"}],"長野":[{"zip":"8410202","zip1":"841","zip2":"0202"}],"宮浦":[{"zip":"8410204","zip1":"841","zip2":"0204"}]},"三養基郡上峰町":{"以下に掲載がない場合":[{"zip":"8490100","zip1":"849","zip2":"0100"}],"江迎":[{"zip":"8490121","zip1":"849","zip2":"0121"}],"堤":[{"zip":"8490124","zip1":"849","zip2":"0124"}],"坊所":[{"zip":"8490123","zip1":"849","zip2":"0123"}],"前牟田":[{"zip":"8490122","zip1":"849","zip2":"0122"}]},"三養基郡みやき町":{"以下に掲載がない場合":[{"zip":"8490100","zip1":"849","zip2":"0100"}],"市武":[{"zip":"8401106","zip1":"840","zip2":"1106"}],"江口":[{"zip":"8490112","zip1":"849","zip2":"0112"}],"坂口":[{"zip":"8401103","zip1":"840","zip2":"1103"}],"白壁":[{"zip":"8490111","zip1":"849","zip2":"0111"}],"天建寺":[{"zip":"8401102","zip1":"840","zip2":"1102"}],"中津隈":[{"zip":"8490114","zip1":"849","zip2":"0114"}],"西島":[{"zip":"8401101","zip1":"840","zip2":"1101"}],"原古賀":[{"zip":"8490101","zip1":"849","zip2":"0101"}],"東尾":[{"zip":"8490113","zip1":"849","zip2":"0113"}],"東津":[{"zip":"8401104","zip1":"840","zip2":"1104"}],"簑原":[{"zip":"8490102","zip1":"849","zip2":"0102"}],"寄人":[{"zip":"8401105","zip1":"840","zip2":"1105"}]},"東松浦郡玄海町":{"以下に掲載がない場合":[{"zip":"8471400","zip1":"847","zip2":"1400"}],"有浦上":[{"zip":"8471403","zip1":"847","zip2":"1403"}],"有浦下":[{"zip":"8471402","zip1":"847","zip2":"1402"}],"石田":[{"zip":"8471423","zip1":"847","zip2":"1423"}],"今村":[{"zip":"8471441","zip1":"847","zip2":"1441"}],"大薗":[{"zip":"8471434","zip1":"847","zip2":"1434"}],"大鳥":[{"zip":"8471413","zip1":"847","zip2":"1413"}],"仮立":[{"zip":"8471443","zip1":"847","zip2":"1443"}],"仮屋":[{"zip":"8471435","zip1":"847","zip2":"1435"}],"小加倉":[{"zip":"8471401","zip1":"847","zip2":"1401"}],"栄":[{"zip":"8471424","zip1":"847","zip2":"1424"}],"下宮":[{"zip":"8471445","zip1":"847","zip2":"1445"}],"新田":[{"zip":"8471422","zip1":"847","zip2":"1422"}],"座川内":[{"zip":"8471415","zip1":"847","zip2":"1415"}],"田代":[{"zip":"8471412","zip1":"847","zip2":"1412"}],"値賀川内":[{"zip":"8471442","zip1":"847","zip2":"1442"}],"轟木":[{"zip":"8471411","zip1":"847","zip2":"1411"}],"中通":[{"zip":"8471444","zip1":"847","zip2":"1444"}],"長倉":[{"zip":"8471404","zip1":"847","zip2":"1404"}],"花の木":[{"zip":"8471425","zip1":"847","zip2":"1425"}],"浜野浦":[{"zip":"8471433","zip1":"847","zip2":"1433"}],"平尾":[{"zip":"8471432","zip1":"847","zip2":"1432"}],"普恩寺":[{"zip":"8471431","zip1":"847","zip2":"1431"}],"藤平":[{"zip":"8471405","zip1":"847","zip2":"1405"}],"外津":[{"zip":"8471446","zip1":"847","zip2":"1446"}],"牟形":[{"zip":"8471416","zip1":"847","zip2":"1416"}],"諸浦":[{"zip":"8471421","zip1":"847","zip2":"1421"}],"湯野尾":[{"zip":"8471414","zip1":"847","zip2":"1414"}]},"西松浦郡有田町":{"以下に掲載がない場合":[{"zip":"8440000","zip1":"844","zip2":"0000"}],"赤絵町":[{"zip":"8440006","zip1":"844","zip2":"0006"}],"赤坂":[{"zip":"8440024","zip1":"844","zip2":"0024"}],"泉山":[{"zip":"8440001","zip1":"844","zip2":"0001"}],"岩谷川内":[{"zip":"8440011","zip1":"844","zip2":"0011"}],"応法":[{"zip":"8440021","zip1":"844","zip2":"0021"}],"大木宿":[{"zip":"8494154","zip1":"849","zip2":"4154"}],"大樽":[{"zip":"8440004","zip1":"844","zip2":"0004"}],"大野":[{"zip":"8440013","zip1":"844","zip2":"0013"}],"上内野":[{"zip":"8494162","zip1":"849","zip2":"4162"}],"上幸平":[{"zip":"8440003","zip1":"844","zip2":"0003"}],"上本":[{"zip":"8494174","zip1":"849","zip2":"4174"}],"上山谷":[{"zip":"8494144","zip1":"849","zip2":"4144"}],"北ノ川内":[{"zip":"8494166","zip1":"849","zip2":"4166"}],"楠木原":[{"zip":"8494175","zip1":"849","zip2":"4175"}],"黒川":[{"zip":"8494165","zip1":"849","zip2":"4165"}],"黒牟田":[{"zip":"8440022","zip1":"844","zip2":"0022"}],"桑古場":[{"zip":"8440012","zip1":"844","zip2":"0012"}],"桑木原":[{"zip":"8494156","zip1":"849","zip2":"4156"}],"幸平":[{"zip":"8440005","zip1":"844","zip2":"0005"}],"境野":[{"zip":"8440016","zip1":"844","zip2":"0016"}],"下内野":[{"zip":"8494163","zip1":"849","zip2":"4163"}],"下本":[{"zip":"8494172","zip1":"849","zip2":"4172"}],"下山谷":[{"zip":"8494143","zip1":"849","zip2":"4143"}],"白川":[{"zip":"8440007","zip1":"844","zip2":"0007"}],"蔵宿":[{"zip":"8494161","zip1":"849","zip2":"4161"}],"岳":[{"zip":"8494146","zip1":"849","zip2":"4146"}],"立部":[{"zip":"8494153","zip1":"849","zip2":"4153"}],"戸杓":[{"zip":"8440017","zip1":"844","zip2":"0017"}],"戸矢":[{"zip":"8440014","zip1":"844","zip2":"0014"}],"中樽":[{"zip":"8440002","zip1":"844","zip2":"0002"}],"中の原":[{"zip":"8440009","zip1":"844","zip2":"0009"}],"南山":[{"zip":"8440028","zip1":"844","zip2":"0028"}],"南原":[{"zip":"8440027","zip1":"844","zip2":"0027"}],"二ノ瀬":[{"zip":"8494141","zip1":"849","zip2":"4141"}],"原明":[{"zip":"8494176","zip1":"849","zip2":"4176"}],"稗古場":[{"zip":"8440008","zip1":"844","zip2":"0008"}],"広瀬":[{"zip":"8494152","zip1":"849","zip2":"4152"}],"広瀬山":[{"zip":"8494151","zip1":"849","zip2":"4151"}],"古木場":[{"zip":"8440015","zip1":"844","zip2":"0015"}],"外尾町":[{"zip":"8440026","zip1":"844","zip2":"0026"}],"外尾山":[{"zip":"8440025","zip1":"844","zip2":"0025"}],"仏ノ原":[{"zip":"8494164","zip1":"849","zip2":"4164"}],"本町":[{"zip":"8440018","zip1":"844","zip2":"0018"}],"舞原":[{"zip":"8494173","zip1":"849","zip2":"4173"}],"丸尾":[{"zip":"8440023","zip1":"844","zip2":"0023"}],"山谷切口":[{"zip":"8494145","zip1":"849","zip2":"4145"}],"山谷牧":[{"zip":"8494142","zip1":"849","zip2":"4142"}],"山本":[{"zip":"8494155","zip1":"849","zip2":"4155"}],"代々木":[{"zip":"8494171","zip1":"849","zip2":"4171"}]},"杵島郡大町町":{"以下に掲載がない場合":[{"zip":"8492100","zip1":"849","zip2":"2100"}],"大町":[{"zip":"8492101","zip1":"849","zip2":"2101"}],"福母":[{"zip":"8492102","zip1":"849","zip2":"2102"}]},"杵島郡江北町":{"以下に掲載がない場合":[{"zip":"8490500","zip1":"849","zip2":"0500"}],"上小田":[{"zip":"8490506","zip1":"849","zip2":"0506"}],"佐留志":[{"zip":"8490502","zip1":"849","zip2":"0502"}],"下小田":[{"zip":"8490505","zip1":"849","zip2":"0505"}],"惣領分":[{"zip":"8490503","zip1":"849","zip2":"0503"}],"八町":[{"zip":"8490504","zip1":"849","zip2":"0504"}],"山口":[{"zip":"8490501","zip1":"849","zip2":"0501"}]},"杵島郡白石町":{"以下に掲載がない場合":[{"zip":"8491100","zip1":"849","zip2":"1100"}],"今泉":[{"zip":"8491101","zip1":"849","zip2":"1101"}],"牛屋":[{"zip":"8491201","zip1":"849","zip2":"1201"}],"大渡":[{"zip":"8491102","zip1":"849","zip2":"1102"}],"坂田":[{"zip":"8491204","zip1":"849","zip2":"1204"}],"新開":[{"zip":"8491208","zip1":"849","zip2":"1208"}],"新拓":[{"zip":"8491221","zip1":"849","zip2":"1221"}],"新明":[{"zip":"8491202","zip1":"849","zip2":"1202"}],"田野上":[{"zip":"8491205","zip1":"849","zip2":"1205"}],"築切":[{"zip":"8491103","zip1":"849","zip2":"1103"}],"堤":[{"zip":"8491104","zip1":"849","zip2":"1104"}],"遠江":[{"zip":"8491105","zip1":"849","zip2":"1105"}],"戸ケ里":[{"zip":"8491203","zip1":"849","zip2":"1203"}],"廿治":[{"zip":"8491106","zip1":"849","zip2":"1106"}],"八平":[{"zip":"8490403","zip1":"849","zip2":"0403"}],"東郷":[{"zip":"8491111","zip1":"849","zip2":"1111"}],"深浦":[{"zip":"8491207","zip1":"849","zip2":"1207"}],"福田":[{"zip":"8491112","zip1":"849","zip2":"1112"}],"福富":[{"zip":"8490401","zip1":"849","zip2":"0401"}],"福富下分":[{"zip":"8490402","zip1":"849","zip2":"0402"}],"福吉":[{"zip":"8491113","zip1":"849","zip2":"1113"}],"辺田":[{"zip":"8491206","zip1":"849","zip2":"1206"}],"馬洗":[{"zip":"8491114","zip1":"849","zip2":"1114"}],"湯崎":[{"zip":"8491115","zip1":"849","zip2":"1115"}],"横手":[{"zip":"8491116","zip1":"849","zip2":"1116"}]},"藤津郡太良町":{"以下に掲載がない場合":[{"zip":"8491600","zip1":"849","zip2":"1600"}],"糸岐":[{"zip":"8491603","zip1":"849","zip2":"1603"}],"伊福甲":[{"zip":"8491601","zip1":"849","zip2":"1601"}],"大浦甲":[{"zip":"8491614","zip1":"849","zip2":"1614"}],"大浦乙":[{"zip":"8491615","zip1":"849","zip2":"1615"}],"大浦丙":[{"zip":"8491613","zip1":"849","zip2":"1613"}],"大浦丁":[{"zip":"8491612","zip1":"849","zip2":"1612"}],"大浦戊":[{"zip":"8491611","zip1":"849","zip2":"1611"}],"大浦己":[{"zip":"8491616","zip1":"849","zip2":"1616"}],"多良":[{"zip":"8491602","zip1":"849","zip2":"1602"}]}}