{"0000":[{"pref":"京都府","city":"宮津市","town":"以下に掲載がない場合"}],"0042":[{"pref":"京都府","city":"宮津市","town":"安智"}],"0007":[{"pref":"京都府","city":"宮津市","town":"池ノ谷"}],"0072":[{"pref":"京都府","city":"宮津市","town":"石浦"}],"0036":[{"pref":"京都府","city":"宮津市","town":"今福"}],"0203":[{"pref":"京都府","city":"宮津市","town":"岩ケ鼻"}],"0015":[{"pref":"京都府","city":"宮津市","town":"魚屋"}],"0006":[{"pref":"京都府","city":"宮津市","town":"蛭子"}],"0028":[{"pref":"京都府","city":"宮津市","town":"大久保"}],"0202":[{"pref":"京都府","city":"宮津市","town":"大島"}],"0021":[{"pref":"京都府","city":"宮津市","town":"小川"}],"0213":[{"pref":"京都府","city":"宮津市","town":"奥波見"}],"0037":[{"pref":"京都府","city":"宮津市","town":"小田"}],"0052":[{"pref":"京都府","city":"宮津市","town":"小田宿野"}],"0063":[{"pref":"京都府","city":"宮津市","town":"皆原"}],"0055":[{"pref":"京都府","city":"宮津市","town":"鏡ケ浦"}],"0029":[{"pref":"京都府","city":"宮津市","town":"金屋谷"}],"0227":[{"pref":"京都府","city":"宮津市","town":"上世屋"}],"0004":[{"pref":"京都府","city":"宮津市","town":"川向"}],"0014":[{"pref":"京都府","city":"宮津市","town":"河原"}],"0221":[{"pref":"京都府","city":"宮津市","town":"木子"}],"0035":[{"pref":"京都府","city":"宮津市","town":"喜多"}],"0025":[{"pref":"京都府","city":"宮津市","town":"木ノ部"}],"0027":[{"pref":"京都府","city":"宮津市","town":"京街道"}],"0031":[{"pref":"京都府","city":"宮津市","town":"京口"}],"0026":[{"pref":"京都府","city":"宮津市","town":"京口町"}],"0054":[{"pref":"京都府","city":"宮津市","town":"銀丘"}],"0075":[{"pref":"京都府","city":"宮津市","town":"小寺"}],"0211":[{"pref":"京都府","city":"宮津市","town":"里波見"}],"0065":[{"pref":"京都府","city":"宮津市","town":"獅子崎"}],"0051":[{"pref":"京都府","city":"宮津市","town":"島陰"}],"0017":[{"pref":"京都府","city":"宮津市","town":"島崎"}],"0224":[{"pref":"京都府","city":"宮津市","town":"下世屋"}],"0074":[{"pref":"京都府","city":"宮津市","town":"上司"}],"0011":[{"pref":"京都府","city":"宮津市","town":"白柏"}],"0073":[{"pref":"京都府","city":"宮津市","town":"新宮"}],"0016":[{"pref":"京都府","city":"宮津市","town":"新浜"}],"0002":[{"pref":"京都府","city":"宮津市","town":"杉末"}],"0013":[{"pref":"京都府","city":"宮津市","town":"住吉"}],"0043":[{"pref":"京都府","city":"宮津市","town":"惣"}],"0047":[{"pref":"京都府","city":"宮津市","town":"外側"}],"0068":[{"pref":"京都府","city":"宮津市","town":"田井"}],"0034":[{"pref":"京都府","city":"宮津市","town":"滝馬"}],"0201":[{"pref":"京都府","city":"宮津市","town":"田原"}],"0066":[{"pref":"京都府","city":"宮津市","town":"獅子"}],"0041":[{"pref":"京都府","city":"宮津市","town":"鶴賀"}],"0205":[{"pref":"京都府","city":"宮津市","town":"外垣"}],"0204":[{"pref":"京都府","city":"宮津市","town":"長江"}],"0053":[{"pref":"京都府","city":"宮津市","town":"中津"}],"0046":[{"pref":"京都府","city":"宮津市","town":"中ノ丁"}],"0212":[{"pref":"京都府","city":"宮津市","town":"中波見"}],"0076":[{"pref":"京都府","city":"宮津市","town":"中村"}],"0061":[{"pref":"京都府","city":"宮津市","town":"波路"}],"0064":[{"pref":"京都府","city":"宮津市","town":"波路町"}],"0226":[{"pref":"京都府","city":"宮津市","town":"畑"}],"0045":[{"pref":"京都府","city":"宮津市","town":"馬場先"}],"0012":[{"pref":"京都府","city":"宮津市","town":"浜町"}],"0225":[{"pref":"京都府","city":"宮津市","town":"日置"}],"0222":[{"pref":"京都府","city":"宮津市","town":"東野"}],"0206":[{"pref":"京都府","city":"宮津市","town":"日ケ谷"}],"0018":[{"pref":"京都府","city":"宮津市","town":"本町"}],"0223":[{"pref":"京都府","city":"宮津市","town":"松尾"}],"0032":[{"pref":"京都府","city":"宮津市","town":"松原"}],"0008":[{"pref":"京都府","city":"宮津市","town":"万年"}],"0019":[{"pref":"京都府","city":"宮津市","town":"万年新地"}],"0005":[{"pref":"京都府","city":"宮津市","town":"宮町"}],"0033":[{"pref":"京都府","city":"宮津市","town":"宮村"}],"0023":[{"pref":"京都府","city":"宮津市","town":"宮本"}],"0001":[{"pref":"京都府","city":"宮津市","town":"文珠"}],"0024":[{"pref":"京都府","city":"宮津市","town":"柳縄手"}],"0062":[{"pref":"京都府","city":"宮津市","town":"山中"}],"0067":[{"pref":"京都府","city":"宮津市","town":"矢原"}],"0071":[{"pref":"京都府","city":"宮津市","town":"由良"}],"0044":[{"pref":"京都府","city":"宮津市","town":"吉原"}],"0022":[{"pref":"京都府","city":"宮津市","town":"万町"}],"0003":[{"pref":"京都府","city":"宮津市","town":"漁師"}],"0020":[{"pref":"京都府","city":"宮津市","town":"猟師"}],"0077":[{"pref":"京都府","city":"宮津市","town":"脇"}],"0400":[{"pref":"京都府","city":"与謝郡伊根町","town":"以下に掲載がない場合"}],"0415":[{"pref":"京都府","city":"与謝郡伊根町","town":"井室"}],"0422":[{"pref":"京都府","city":"与謝郡伊根町","town":"大原"}],"0401":[{"pref":"京都府","city":"与謝郡伊根町","town":"蒲入"}],"0424":[{"pref":"京都府","city":"与謝郡伊根町","town":"亀島"}],"0431":[{"pref":"京都府","city":"与謝郡伊根町","town":"菅野"}],"0402":[{"pref":"京都府","city":"与謝郡伊根町","town":"長延"}],"0412":[{"pref":"京都府","city":"与謝郡伊根町","town":"津母"}],"0417":[{"pref":"京都府","city":"与謝郡伊根町","town":"峠"}],"0413":[{"pref":"京都府","city":"与謝郡伊根町","town":"泊"}],"0421":[{"pref":"京都府","city":"与謝郡伊根町","town":"新井"}],"0433":[{"pref":"京都府","city":"与謝郡伊根町","town":"野村"}],"0411":[{"pref":"京都府","city":"与謝郡伊根町","town":"野室"}],"0416":[{"pref":"京都府","city":"与謝郡伊根町","town":"畑谷"}],"0425":[{"pref":"京都府","city":"与謝郡伊根町","town":"日出"}],"0423":[{"pref":"京都府","city":"与謝郡伊根町","town":"平田"}],"0432":[{"pref":"京都府","city":"与謝郡伊根町","town":"本坂"}],"0405":[{"pref":"京都府","city":"与謝郡伊根町","town":"本庄上"}],"0404":[{"pref":"京都府","city":"与謝郡伊根町","town":"本庄宇治"}],"0403":[{"pref":"京都府","city":"与謝郡伊根町","town":"本庄浜"}],"0414":[{"pref":"京都府","city":"与謝郡伊根町","town":"六万部"}]}