{"0000":[{"pref":"宮城県","city":"仙台市宮城野区","town":"以下に掲載がない場合"}],"0832":[{"pref":"宮城県","city":"仙台市宮城野区","town":"安養寺"}],"0047":[{"pref":"宮城県","city":"仙台市宮城野区","town":"銀杏町"}],"0012":[{"pref":"宮城県","city":"仙台市宮城野区","town":"出花"}],"0821":[{"pref":"宮城県","city":"仙台市宮城野区","town":"岩切"}],"0828":[{"pref":"宮城県","city":"仙台市宮城野区","town":"岩切分台"}],"0034":[{"pref":"宮城県","city":"仙台市宮城野区","town":"扇町"}],"0835":[{"pref":"宮城県","city":"仙台市宮城野区","town":"大梶"}],"0003":[{"pref":"宮城県","city":"仙台市宮城野区","town":"岡田"}],"0004":[{"pref":"宮城県","city":"仙台市宮城野区","town":"岡田西町"}],"0803":[{"pref":"宮城県","city":"仙台市宮城野区","town":"小田原（１～３丁目）"}],"0813":[{"pref":"宮城県","city":"仙台市宮城野区","town":"小田原牛小屋丁"}],"0816":[{"pref":"宮城県","city":"仙台市宮城野区","town":"小田原金剛院丁"}],"0811":[{"pref":"宮城県","city":"仙台市宮城野区","town":"小田原清水沼通"}],"0814":[{"pref":"宮城県","city":"仙台市宮城野区","town":"小田原大行院丁"}],"0815":[{"pref":"宮城県","city":"仙台市宮城野区","town":"小田原広丁"}],"0817":[{"pref":"宮城県","city":"仙台市宮城野区","town":"小田原山本丁"}],"0812":[{"pref":"宮城県","city":"仙台市宮城野区","town":"小田原弓ノ町"}],"0866":[{"pref":"宮城県","city":"仙台市宮城野区","town":"花京院通"}],"0839":[{"pref":"宮城県","city":"仙台市宮城野区","town":"蟹沢"}],"0002":[{"pref":"宮城県","city":"仙台市宮城野区","town":"蒲生"}],"0863":[{"pref":"宮城県","city":"仙台市宮城野区","town":"車町"}],"0031":[{"pref":"宮城県","city":"仙台市宮城野区","town":"小鶴"}],"0842":[{"pref":"宮城県","city":"仙台市宮城野区","town":"五輪"}],"0836":[{"pref":"宮城県","city":"仙台市宮城野区","town":"幸町"}],"0011":[{"pref":"宮城県","city":"仙台市宮城野区","town":"栄"}],"0845":[{"pref":"宮城県","city":"仙台市宮城野区","town":"清水沼"}],"0831":[{"pref":"宮城県","city":"仙台市宮城野区","town":"自由ケ丘"}],"0006":[{"pref":"宮城県","city":"仙台市宮城野区","town":"白鳥"}],"0038":[{"pref":"宮城県","city":"仙台市宮城野区","town":"新田"}],"0039":[{"pref":"宮城県","city":"仙台市宮城野区","town":"新田東"}],"0032":[{"pref":"宮城県","city":"仙台市宮城野区","town":"仙石"}],"0007":[{"pref":"宮城県","city":"仙台市宮城野区","town":"仙台港北"}],"0014":[{"pref":"宮城県","city":"仙台市宮城野区","town":"高砂"}],"0021":[{"pref":"宮城県","city":"仙台市宮城野区","town":"田子"}],"0026":[{"pref":"宮城県","city":"仙台市宮城野区","town":"田子西"}],"0851":[{"pref":"宮城県","city":"仙台市宮城野区","town":"榴ケ岡"}],"0852":[{"pref":"宮城県","city":"仙台市宮城野区","town":"榴岡"}],"0823":[{"pref":"宮城県","city":"仙台市宮城野区","town":"燕沢"}],"0822":[{"pref":"宮城県","city":"仙台市宮城野区","town":"燕沢東"}],"0824":[{"pref":"宮城県","city":"仙台市宮城野区","town":"鶴ケ谷"}],"0826":[{"pref":"宮城県","city":"仙台市宮城野区","town":"鶴ケ谷東"}],"0825":[{"pref":"宮城県","city":"仙台市宮城野区","town":"鶴ケ谷北"}],"0024":[{"pref":"宮城県","city":"仙台市宮城野区","town":"鶴巻"}],"0861":[{"pref":"宮城県","city":"仙台市宮城野区","town":"鉄砲町"}],"0868":[{"pref":"宮城県","city":"仙台市宮城野区","town":"鉄砲町中"}],"0869":[{"pref":"宮城県","city":"仙台市宮城野区","town":"鉄砲町西"}],"0867":[{"pref":"宮城県","city":"仙台市宮城野区","town":"鉄砲町東"}],"0864":[{"pref":"宮城県","city":"仙台市宮城野区","town":"名掛丁"}],"0013":[{"pref":"宮城県","city":"仙台市宮城野区","town":"中野"}],"0036":[{"pref":"宮城県","city":"仙台市宮城野区","town":"苦竹"},{"pref":"宮城県","city":"仙台市宮城野区","town":"原町苦竹"}],"0046":[{"pref":"宮城県","city":"仙台市宮城野区","town":"西宮城野"}],"0862":[{"pref":"宮城県","city":"仙台市宮城野区","town":"二十人町"}],"0843":[{"pref":"宮城県","city":"仙台市宮城野区","town":"二十人町通"}],"0838":[{"pref":"宮城県","city":"仙台市宮城野区","town":"二の森"}],"0043":[{"pref":"宮城県","city":"仙台市宮城野区","town":"萩野町"}],"0841":[{"pref":"宮城県","city":"仙台市宮城野区","town":"原町"}],"0844":[{"pref":"宮城県","city":"仙台市宮城野区","town":"原町南目"}],"0833":[{"pref":"宮城県","city":"仙台市宮城野区","town":"東仙台"}],"0042":[{"pref":"宮城県","city":"仙台市宮城野区","town":"東宮城野"}],"0853":[{"pref":"宮城県","city":"仙台市宮城野区","town":"東六番丁"}],"0035":[{"pref":"宮城県","city":"仙台市宮城野区","town":"日の出町"}],"0033":[{"pref":"宮城県","city":"仙台市宮城野区","town":"福住町"}],"0023":[{"pref":"宮城県","city":"仙台市宮城野区","town":"福田町"}],"0025":[{"pref":"宮城県","city":"仙台市宮城野区","town":"福田町南"}],"0005":[{"pref":"宮城県","city":"仙台市宮城野区","town":"福室"}],"0037":[{"pref":"宮城県","city":"仙台市宮城野区","town":"平成"}],"0837":[{"pref":"宮城県","city":"仙台市宮城野区","town":"枡江"}],"0834":[{"pref":"宮城県","city":"仙台市宮城野区","town":"松岡町"}],"0001":[{"pref":"宮城県","city":"仙台市宮城野区","town":"港（１～４丁目）"}],"0041":[{"pref":"宮城県","city":"仙台市宮城野区","town":"南目館"}],"0045":[{"pref":"宮城県","city":"仙台市宮城野区","town":"宮城野"}],"0044":[{"pref":"宮城県","city":"仙台市宮城野区","town":"宮千代"}],"0865":[{"pref":"宮城県","city":"仙台市宮城野区","town":"元寺小路"}]}