{"1101":[{"pref":"愛媛県","city":"西条市","town":"小松町新屋敷"}],"1102":[{"pref":"愛媛県","city":"西条市","town":"小松町南川"}],"1103":[{"pref":"愛媛県","city":"西条市","town":"小松町北川"}],"1104":[{"pref":"愛媛県","city":"西条市","town":"小松町妙口"}],"1105":[{"pref":"愛媛県","city":"西条市","town":"小松町大郷"}],"1106":[{"pref":"愛媛県","city":"西条市","town":"小松町大頭"}],"1107":[{"pref":"愛媛県","city":"西条市","town":"小松町明穂"}],"1108":[{"pref":"愛媛県","city":"西条市","town":"小松町安井"}],"1111":[{"pref":"愛媛県","city":"西条市","town":"小松町石鎚（湯浪）"}],"1112":[{"pref":"愛媛県","city":"西条市","town":"小松町石鎚（その他）"}],"1301":[{"pref":"愛媛県","city":"西条市","town":"三芳"}],"1302":[{"pref":"愛媛県","city":"西条市","town":"楠"}],"1303":[{"pref":"愛媛県","city":"西条市","town":"河原津"}],"1304":[{"pref":"愛媛県","city":"西条市","town":"河原津新田"}],"1311":[{"pref":"愛媛県","city":"西条市","town":"宮之内"}],"1312":[{"pref":"愛媛県","city":"西条市","town":"大野"}],"1313":[{"pref":"愛媛県","city":"西条市","town":"旦之上"}],"1314":[{"pref":"愛媛県","city":"西条市","town":"河之内"}],"1315":[{"pref":"愛媛県","city":"西条市","town":"黒谷"}],"1316":[{"pref":"愛媛県","city":"西条市","town":"福成寺"}],"1317":[{"pref":"愛媛県","city":"西条市","town":"実報寺"}],"1321":[{"pref":"愛媛県","city":"西条市","town":"高田（その他）"}],"1322":[{"pref":"愛媛県","city":"西条市","town":"国安"}],"1323":[{"pref":"愛媛県","city":"西条市","town":"桑村"}],"1324":[{"pref":"愛媛県","city":"西条市","town":"高田（正法寺）"}],"1325":[{"pref":"愛媛県","city":"西条市","town":"新市"}],"1331":[{"pref":"愛媛県","city":"西条市","town":"新町"}],"1332":[{"pref":"愛媛県","city":"西条市","town":"安用出作"}],"1333":[{"pref":"愛媛県","city":"西条市","town":"安用"}],"1334":[{"pref":"愛媛県","city":"西条市","town":"広岡"}],"1335":[{"pref":"愛媛県","city":"西条市","town":"石延"}],"1336":[{"pref":"愛媛県","city":"西条市","town":"上市"}],"1341":[{"pref":"愛媛県","city":"西条市","town":"壬生川"}],"1342":[{"pref":"愛媛県","city":"西条市","town":"大新田"}],"1343":[{"pref":"愛媛県","city":"西条市","town":"喜多台"}],"1344":[{"pref":"愛媛県","city":"西条市","town":"円海寺"}],"1345":[{"pref":"愛媛県","city":"西条市","town":"明理川"}],"1351":[{"pref":"愛媛県","city":"西条市","town":"三津屋"}],"1352":[{"pref":"愛媛県","city":"西条市","town":"三津屋東"}],"1353":[{"pref":"愛媛県","city":"西条市","town":"三津屋南"}],"1354":[{"pref":"愛媛県","city":"西条市","town":"北条"}],"1361":[{"pref":"愛媛県","city":"西条市","town":"広江"}],"1362":[{"pref":"愛媛県","city":"西条市","town":"今在家"}],"1363":[{"pref":"愛媛県","city":"西条市","town":"玉之江"}],"1364":[{"pref":"愛媛県","city":"西条市","town":"石田"}],"1371":[{"pref":"愛媛県","city":"西条市","town":"周布"}],"1372":[{"pref":"愛媛県","city":"西条市","town":"吉田"}],"1501":[{"pref":"愛媛県","city":"今治市","town":"喜田村（番地）"}],"1502":[{"pref":"愛媛県","city":"今治市","town":"喜田村（丁目）"}],"1503":[{"pref":"愛媛県","city":"今治市","town":"富田新港"}],"1504":[{"pref":"愛媛県","city":"今治市","town":"拝志"}],"1505":[{"pref":"愛媛県","city":"今治市","town":"東村（番地）"}],"1506":[{"pref":"愛媛県","city":"今治市","town":"東村（丁目）"}],"1507":[{"pref":"愛媛県","city":"今治市","town":"東村南"}],"1511":[{"pref":"愛媛県","city":"今治市","town":"上徳"}],"1512":[{"pref":"愛媛県","city":"今治市","town":"高市"}],"1513":[{"pref":"愛媛県","city":"今治市","town":"松木"}],"1514":[{"pref":"愛媛県","city":"今治市","town":"町谷"}],"1521":[{"pref":"愛媛県","city":"今治市","town":"古国分"}],"1522":[{"pref":"愛媛県","city":"今治市","town":"桜井（丁目）"}],"1523":[{"pref":"愛媛県","city":"今治市","town":"郷桜井"}],"1524":[{"pref":"愛媛県","city":"今治市","town":"桜井（番地）"}],"1525":[{"pref":"愛媛県","city":"今治市","town":"湯ノ浦"}],"1526":[{"pref":"愛媛県","city":"今治市","town":"孫兵衛作"}],"1527":[{"pref":"愛媛県","city":"今治市","town":"長沢"}],"1531":[{"pref":"愛媛県","city":"今治市","town":"唐子台東"}],"1532":[{"pref":"愛媛県","city":"今治市","town":"唐子台西"}],"1533":[{"pref":"愛媛県","city":"今治市","town":"国分"}],"1534":[{"pref":"愛媛県","city":"今治市","town":"桜井団地"}],"1535":[{"pref":"愛媛県","city":"今治市","town":"登畑"}],"1536":[{"pref":"愛媛県","city":"今治市","town":"旦"}],"1537":[{"pref":"愛媛県","city":"今治市","town":"宮ケ崎"}],"1601":[{"pref":"愛媛県","city":"今治市","town":"古谷"}],"1602":[{"pref":"愛媛県","city":"今治市","town":"山口"}],"1603":[{"pref":"愛媛県","city":"今治市","town":"朝倉下"}],"1604":[{"pref":"愛媛県","city":"今治市","town":"朝倉北"}],"1605":[{"pref":"愛媛県","city":"今治市","town":"朝倉南甲"}],"1606":[{"pref":"愛媛県","city":"今治市","town":"朝倉南乙"}],"1607":[{"pref":"愛媛県","city":"今治市","town":"朝倉上"}],"1608":[{"pref":"愛媛県","city":"今治市","town":"朝倉南丙"}],"2101":[{"pref":"愛媛県","city":"今治市","town":"波方町波方"}],"2102":[{"pref":"愛媛県","city":"今治市","town":"波方町樋口"}],"2103":[{"pref":"愛媛県","city":"今治市","town":"波方町小部"}],"2104":[{"pref":"愛媛県","city":"今治市","town":"波方町宮崎"}],"2105":[{"pref":"愛媛県","city":"今治市","town":"波方町馬刀潟"}],"2106":[{"pref":"愛媛県","city":"今治市","town":"波方町森上"}],"2107":[{"pref":"愛媛県","city":"今治市","town":"波方町西浦"}],"2108":[{"pref":"愛媛県","city":"今治市","town":"波方町岡"}],"2109":[{"pref":"愛媛県","city":"今治市","town":"波方町養老"}],"2110":[{"pref":"愛媛県","city":"今治市","town":"波方町大浦"},{"pref":"愛媛県","city":"今治市","town":"波方町郷"}],"2111":[{"pref":"愛媛県","city":"今治市","town":"小浦町"}],"2112":[{"pref":"愛媛県","city":"今治市","town":"波止浜（丁目）"}],"2113":[{"pref":"愛媛県","city":"今治市","town":"高部"}],"2114":[{"pref":"愛媛県","city":"今治市","town":"杣田"}],"2115":[{"pref":"愛媛県","city":"今治市","town":"中堀"}],"2116":[{"pref":"愛媛県","city":"今治市","town":"内堀"}],"2117":[{"pref":"愛媛県","city":"今治市","town":"地堀"}],"2118":[{"pref":"愛媛県","city":"今治市","town":"波止浜（番地）"}],"2121":[{"pref":"愛媛県","city":"今治市","town":"来島（その他）"}],"2122":[{"pref":"愛媛県","city":"今治市","town":"来島（小島）"}],"2123":[{"pref":"愛媛県","city":"今治市","town":"馬島"}],"2201":[{"pref":"愛媛県","city":"今治市","town":"大西町九王"}],"2202":[{"pref":"愛媛県","city":"今治市","town":"大西町紺原"}],"2203":[{"pref":"愛媛県","city":"今治市","town":"大西町新町"}],"2204":[{"pref":"愛媛県","city":"今治市","town":"大西町大井浜"}],"2205":[{"pref":"愛媛県","city":"今治市","town":"大西町宮脇"}],"2206":[{"pref":"愛媛県","city":"今治市","town":"大西町脇"}],"2207":[{"pref":"愛媛県","city":"今治市","town":"大西町山之内"}],"2208":[{"pref":"愛媛県","city":"今治市","town":"大西町星浦"}],"2209":[{"pref":"愛媛県","city":"今治市","town":"大西町別府"}],"2301":[{"pref":"愛媛県","city":"今治市","town":"菊間町佐方"}],"2302":[{"pref":"愛媛県","city":"今治市","town":"菊間町種"}],"2303":[{"pref":"愛媛県","city":"今治市","town":"菊間町浜"}],"2304":[{"pref":"愛媛県","city":"今治市","town":"菊間町池原"}],"2305":[{"pref":"愛媛県","city":"今治市","town":"菊間町松尾"}],"2306":[{"pref":"愛媛県","city":"今治市","town":"菊間町河之内"}],"2307":[{"pref":"愛媛県","city":"今治市","town":"菊間町川上"}],"2308":[{"pref":"愛媛県","city":"今治市","town":"菊間町中川"}],"2309":[{"pref":"愛媛県","city":"今治市","town":"菊間町高田"}],"2310":[{"pref":"愛媛県","city":"今治市","town":"菊間町長坂"}],"2311":[{"pref":"愛媛県","city":"今治市","town":"菊間町西山"}],"2312":[{"pref":"愛媛県","city":"今治市","town":"菊間町田之尻"}],"2401":[{"pref":"愛媛県","city":"松山市","town":"浅海原"}],"2402":[{"pref":"愛媛県","city":"松山市","town":"浅海本谷"}],"2403":[{"pref":"愛媛県","city":"松山市","town":"萩原"}],"2404":[{"pref":"愛媛県","city":"松山市","town":"庄"}],"2405":[{"pref":"愛媛県","city":"松山市","town":"上難波"}],"2406":[{"pref":"愛媛県","city":"松山市","town":"中通"}],"2407":[{"pref":"愛媛県","city":"松山市","town":"下難波"}],"2408":[{"pref":"愛媛県","city":"松山市","town":"大浦"}],"2410":[{"pref":"愛媛県","city":"松山市","town":"小山田"}],"2411":[{"pref":"愛媛県","city":"松山市","town":"儀式"}],"2412":[{"pref":"愛媛県","city":"松山市","town":"庄府"}],"2413":[{"pref":"愛媛県","city":"松山市","town":"立岩米之野"}],"2414":[{"pref":"愛媛県","city":"松山市","town":"立岩中村"}],"2415":[{"pref":"愛媛県","city":"松山市","town":"猿川"}],"2416":[{"pref":"愛媛県","city":"松山市","town":"猪木"},{"pref":"愛媛県","city":"松山市","town":"滝本"}],"2417":[{"pref":"愛媛県","city":"松山市","town":"才之原"}],"2418":[{"pref":"愛媛県","city":"松山市","town":"尾儀原"}],"2419":[{"pref":"愛媛県","city":"松山市","town":"猿川原"}],"2421":[{"pref":"愛媛県","city":"松山市","town":"正岡神田"}],"2422":[{"pref":"愛媛県","city":"松山市","town":"高田"}],"2423":[{"pref":"愛媛県","city":"松山市","town":"院内"}],"2424":[{"pref":"愛媛県","city":"松山市","town":"八反地"}],"2425":[{"pref":"愛媛県","city":"松山市","town":"中西外"}],"2426":[{"pref":"愛媛県","city":"松山市","town":"中西内"}],"2430":[{"pref":"愛媛県","city":"松山市","town":"北条辻"}],"2431":[{"pref":"愛媛県","city":"松山市","town":"北条"}],"2432":[{"pref":"愛媛県","city":"松山市","town":"土手内"}],"2433":[{"pref":"愛媛県","city":"松山市","town":"安居島"}],"2434":[{"pref":"愛媛県","city":"松山市","town":"柳原"}],"2435":[{"pref":"愛媛県","city":"松山市","town":"府中"}],"2436":[{"pref":"愛媛県","city":"松山市","town":"河野別府"}],"2437":[{"pref":"愛媛県","city":"松山市","town":"夏目"}],"2438":[{"pref":"愛媛県","city":"松山市","town":"河野中須賀"}],"2439":[{"pref":"愛媛県","city":"松山市","town":"片山"}],"2441":[{"pref":"愛媛県","city":"松山市","town":"宮内"}],"2442":[{"pref":"愛媛県","city":"松山市","town":"常保免"}],"2443":[{"pref":"愛媛県","city":"松山市","town":"善応寺"}],"2444":[{"pref":"愛媛県","city":"松山市","town":"横谷"}],"2445":[{"pref":"愛媛県","city":"松山市","town":"河野高山"}],"2446":[{"pref":"愛媛県","city":"松山市","town":"牛谷"}],"2447":[{"pref":"愛媛県","city":"松山市","town":"佐古"}],"2451":[{"pref":"愛媛県","city":"松山市","town":"小川谷"}],"2452":[{"pref":"愛媛県","city":"松山市","town":"平林"}],"2453":[{"pref":"愛媛県","city":"松山市","town":"麓"}],"2454":[{"pref":"愛媛県","city":"松山市","town":"客"}],"2455":[{"pref":"愛媛県","city":"松山市","town":"常竹"}],"2456":[{"pref":"愛媛県","city":"松山市","town":"本谷"}],"2457":[{"pref":"愛媛県","city":"松山市","town":"西谷"}],"2458":[{"pref":"愛媛県","city":"松山市","town":"大西谷"}],"2460":[{"pref":"愛媛県","city":"松山市","town":"苞木"}],"2461":[{"pref":"愛媛県","city":"松山市","town":"鹿峰"}],"2462":[{"pref":"愛媛県","city":"松山市","town":"久保"}],"2463":[{"pref":"愛媛県","city":"松山市","town":"粟井河原"}],"2464":[{"pref":"愛媛県","city":"松山市","town":"安岡"}],"2465":[{"pref":"愛媛県","city":"松山市","town":"和田"}],"2466":[{"pref":"愛媛県","city":"松山市","town":"鴨之池"}],"2467":[{"pref":"愛媛県","city":"松山市","town":"磯河内"}],"2468":[{"pref":"愛媛県","city":"松山市","town":"小川"}],"2469":[{"pref":"愛媛県","city":"松山市","town":"光洋台"}],"2649":[{"pref":"愛媛県","city":"松山市","town":"東大栗町"}],"2651":[{"pref":"愛媛県","city":"松山市","town":"堀江町"}],"2652":[{"pref":"愛媛県","city":"松山市","town":"福角町"}],"2653":[{"pref":"愛媛県","city":"松山市","town":"権現町"}],"2654":[{"pref":"愛媛県","city":"松山市","town":"内宮町"}],"2655":[{"pref":"愛媛県","city":"松山市","town":"馬木町"}],"2656":[{"pref":"愛媛県","city":"松山市","town":"和気町"}],"2661":[{"pref":"愛媛県","city":"松山市","town":"勝岡町"}],"2662":[{"pref":"愛媛県","city":"松山市","town":"太山寺町"}],"3100":[{"pref":"愛媛県","city":"伊予市","town":"以下に掲載がない場合"}],"3101":[{"pref":"愛媛県","city":"伊予市","town":"八倉"}],"3102":[{"pref":"愛媛県","city":"伊予市","town":"宮下"}],"3103":[{"pref":"愛媛県","city":"伊予市","town":"上野"}],"3104":[{"pref":"愛媛県","city":"伊予市","town":"上三谷"}],"3105":[{"pref":"愛媛県","city":"伊予市","town":"下三谷"}],"3111":[{"pref":"愛媛県","city":"伊予市","town":"下吾川"}],"3112":[{"pref":"愛媛県","city":"伊予市","town":"上吾川"}],"3113":[{"pref":"愛媛県","city":"伊予市","town":"米湊"}],"3114":[{"pref":"愛媛県","city":"伊予市","town":"灘町"}],"3115":[{"pref":"愛媛県","city":"伊予市","town":"湊町"}],"3121":[{"pref":"愛媛県","city":"伊予市","town":"稲荷"}],"3122":[{"pref":"愛媛県","city":"伊予市","town":"市場"}],"3123":[{"pref":"愛媛県","city":"伊予市","town":"中村"}],"3124":[{"pref":"愛媛県","city":"伊予市","town":"三秋"}],"3125":[{"pref":"愛媛県","city":"伊予市","town":"森"}],"3126":[{"pref":"愛媛県","city":"伊予市","town":"本郡"}],"3127":[{"pref":"愛媛県","city":"伊予市","town":"尾崎"}],"3128":[{"pref":"愛媛県","city":"伊予市","town":"三島町"}],"3131":[{"pref":"愛媛県","city":"伊予市","town":"大平"}],"3132":[{"pref":"愛媛県","city":"伊予市","town":"平岡"}],"3133":[{"pref":"愛媛県","city":"伊予市","town":"下唐川"}],"3134":[{"pref":"愛媛県","city":"伊予市","town":"上唐川"}],"3135":[{"pref":"愛媛県","city":"伊予市","town":"両沢"}],"3136":[{"pref":"愛媛県","city":"伊予市","town":"鵜崎"}],"3201":[{"pref":"愛媛県","city":"伊予市","town":"双海町高野川"}],"3202":[{"pref":"愛媛県","city":"伊予市","town":"双海町上灘"}],"3207":[{"pref":"愛媛県","city":"伊予市","town":"双海町高岸"}],"3311":[{"pref":"愛媛県","city":"伊予市","town":"双海町大久保"}],"3312":[{"pref":"愛媛県","city":"伊予市","town":"双海町串（その他）"}],"3313":[{"pref":"愛媛県","city":"伊予市","town":"双海町串（上浜）"}],"3314":[{"pref":"愛媛県","city":"伊予市","town":"双海町串（下浜）"}],"3401":[{"pref":"愛媛県","city":"大洲市","town":"長浜甲"}],"3402":[{"pref":"愛媛県","city":"大洲市","town":"長浜乙"}],"3403":[{"pref":"愛媛県","city":"大洲市","town":"長浜町仁久甲"}],"3404":[{"pref":"愛媛県","city":"大洲市","town":"長浜町沖浦甲"}],"3405":[{"pref":"愛媛県","city":"大洲市","town":"長浜町沖浦乙"}],"3406":[{"pref":"愛媛県","city":"大洲市","town":"長浜町沖浦丙"}],"3407":[{"pref":"愛媛県","city":"大洲市","town":"長浜町黒田甲"}],"3411":[{"pref":"愛媛県","city":"大洲市","town":"長浜町今坊甲"}],"3412":[{"pref":"愛媛県","city":"大洲市","town":"長浜町晴海"}],"3413":[{"pref":"愛媛県","city":"大洲市","town":"長浜町拓海"}],"3421":[{"pref":"愛媛県","city":"大洲市","town":"戒川甲"}],"3422":[{"pref":"愛媛県","city":"大洲市","town":"長浜町大越甲"}],"3431":[{"pref":"愛媛県","city":"大洲市","town":"白滝甲"}],"3432":[{"pref":"愛媛県","city":"大洲市","town":"柴甲"}],"3433":[{"pref":"愛媛県","city":"大洲市","town":"柴乙"}],"3441":[{"pref":"愛媛県","city":"大洲市","town":"長浜町下須戒甲"}],"3442":[{"pref":"愛媛県","city":"大洲市","town":"長浜町穂積甲"}],"3443":[{"pref":"愛媛県","city":"大洲市","town":"長浜町穂積乙"}],"3444":[{"pref":"愛媛県","city":"大洲市","town":"長浜町上老松甲"}],"3451":[{"pref":"愛媛県","city":"大洲市","town":"長浜町須沢丙"}],"3452":[{"pref":"愛媛県","city":"大洲市","town":"長浜町櫛生甲"}],"3453":[{"pref":"愛媛県","city":"大洲市","town":"長浜町櫛生乙"}],"3454":[{"pref":"愛媛県","city":"大洲市","town":"長浜町櫛生丙"}],"3455":[{"pref":"愛媛県","city":"大洲市","town":"長浜町出海甲"}],"3456":[{"pref":"愛媛県","city":"大洲市","town":"長浜町出海乙"}],"3461":[{"pref":"愛媛県","city":"大洲市","town":"豊茂甲"}],"3462":[{"pref":"愛媛県","city":"大洲市","town":"豊茂乙"}],"3463":[{"pref":"愛媛県","city":"大洲市","town":"豊茂丙"}],"3464":[{"pref":"愛媛県","city":"大洲市","town":"豊茂丁"}],"3470":[{"pref":"愛媛県","city":"大洲市","town":"長浜町青島"}],"3701":[{"pref":"愛媛県","city":"宇和島市","town":"吉田町北小路"}],"3702":[{"pref":"愛媛県","city":"宇和島市","town":"吉田町西小路"}],"3703":[{"pref":"愛媛県","city":"宇和島市","town":"吉田町東小路"}],"3704":[{"pref":"愛媛県","city":"宇和島市","town":"吉田町魚棚"}],"3705":[{"pref":"愛媛県","city":"宇和島市","town":"吉田町本町"}],"3706":[{"pref":"愛媛県","city":"宇和島市","town":"吉田町裡町"}],"3707":[{"pref":"愛媛県","city":"宇和島市","town":"吉田町鶴間（御殿内）"}],"3710":[{"pref":"愛媛県","city":"宇和島市","town":"吉田町立間尻"}],"3720":[{"pref":"愛媛県","city":"宇和島市","town":"吉田町知永"}],"3730":[{"pref":"愛媛県","city":"宇和島市","town":"吉田町立間"}],"3741":[{"pref":"愛媛県","city":"宇和島市","town":"吉田町白浦"}],"3742":[{"pref":"愛媛県","city":"宇和島市","town":"吉田町法花津"}],"3743":[{"pref":"愛媛県","city":"宇和島市","town":"吉田町深浦"}],"3751":[{"pref":"愛媛県","city":"宇和島市","town":"吉田町沖村"}],"3752":[{"pref":"愛媛県","city":"宇和島市","town":"吉田町河内"}],"3761":[{"pref":"愛媛県","city":"宇和島市","town":"吉田町鶴間（その他）"}],"3762":[{"pref":"愛媛県","city":"宇和島市","town":"吉田町鶴間（鶴間団地）"}],"3763":[{"pref":"愛媛県","city":"宇和島市","town":"吉田町浅川"}],"3771":[{"pref":"愛媛県","city":"宇和島市","town":"吉田町南君"}],"3772":[{"pref":"愛媛県","city":"宇和島市","town":"吉田町奥浦"}],"0650":[{"pref":"愛媛県","city":"新居浜市","town":"別子山"}],"0400":[{"pref":"愛媛県","city":"四国中央市","town":"以下に掲載がない場合"}],"0123":[{"pref":"愛媛県","city":"四国中央市","town":"金田町金川"}],"0124":[{"pref":"愛媛県","city":"四国中央市","town":"金田町三角寺"}],"0122":[{"pref":"愛媛県","city":"四国中央市","town":"金田町半田"}],"0412":[{"pref":"愛媛県","city":"四国中央市","town":"上柏町"}],"0121":[{"pref":"愛媛県","city":"四国中央市","town":"上分町"}],"0127":[{"pref":"愛媛県","city":"四国中央市","town":"川滝町下山"}],"0128":[{"pref":"愛媛県","city":"四国中央市","town":"川滝町領家"}],"0101":[{"pref":"愛媛県","city":"四国中央市","town":"川之江町"}],"0102":[{"pref":"愛媛県","city":"四国中央市","town":"川之江町長須"}],"0103":[{"pref":"愛媛県","city":"四国中央市","town":"川之江町余木"}],"0641":[{"pref":"愛媛県","city":"四国中央市","town":"金砂町小川山"}],"0642":[{"pref":"愛媛県","city":"四国中央市","town":"金砂町平野山"}],"0111":[{"pref":"愛媛県","city":"四国中央市","town":"金生町下分"}],"0112":[{"pref":"愛媛県","city":"四国中央市","town":"金生町山田井"}],"0423":[{"pref":"愛媛県","city":"四国中央市","town":"具定町"}],"0431":[{"pref":"愛媛県","city":"四国中央市","town":"寒川町"}],"0125":[{"pref":"愛媛県","city":"四国中央市","town":"柴生町"}],"0411":[{"pref":"愛媛県","city":"四国中央市","town":"下柏町"}],"0126":[{"pref":"愛媛県","city":"四国中央市","town":"下川町"}],"0301":[{"pref":"愛媛県","city":"四国中央市","town":"新宮町馬立"}],"0302":[{"pref":"愛媛県","city":"四国中央市","town":"新宮町上山"}],"0303":[{"pref":"愛媛県","city":"四国中央市","town":"新宮町新宮"}],"0304":[{"pref":"愛媛県","city":"四国中央市","town":"新宮町新瀬川"}],"0712":[{"pref":"愛媛県","city":"四国中央市","town":"土居町入野"}],"0721":[{"pref":"愛媛県","city":"四国中央市","town":"土居町上野"}],"0713":[{"pref":"愛媛県","city":"四国中央市","town":"土居町浦山"}],"0724":[{"pref":"愛媛県","city":"四国中央市","town":"土居町蕪崎"}],"0722":[{"pref":"愛媛県","city":"四国中央市","town":"土居町北野"}],"0702":[{"pref":"愛媛県","city":"四国中央市","town":"土居町小林"}],"0704":[{"pref":"愛媛県","city":"四国中央市","town":"土居町津根"}],"0723":[{"pref":"愛媛県","city":"四国中央市","town":"土居町天満"}],"0711":[{"pref":"愛媛県","city":"四国中央市","town":"土居町土居"}],"0701":[{"pref":"愛媛県","city":"四国中央市","town":"土居町中村"}],"0705":[{"pref":"愛媛県","city":"四国中央市","town":"土居町野田"}],"0714":[{"pref":"愛媛県","city":"四国中央市","town":"土居町畑野"}],"0703":[{"pref":"愛媛県","city":"四国中央市","town":"土居町藤原"}],"0643":[{"pref":"愛媛県","city":"四国中央市","town":"富郷町寒川山"}],"0645":[{"pref":"愛媛県","city":"四国中央市","town":"富郷町津根山"}],"0644":[{"pref":"愛媛県","city":"四国中央市","town":"富郷町豊坂"}],"0434":[{"pref":"愛媛県","city":"四国中央市","town":"豊岡町五良野"}],"0432":[{"pref":"愛媛県","city":"四国中央市","town":"豊岡町大町"}],"0436":[{"pref":"愛媛県","city":"四国中央市","town":"豊岡町岡銅"}],"0435":[{"pref":"愛媛県","city":"四国中央市","town":"豊岡町長田"}],"0433":[{"pref":"愛媛県","city":"四国中央市","town":"豊岡町豊田"}],"0413":[{"pref":"愛媛県","city":"四国中央市","town":"中曽根町"}],"0422":[{"pref":"愛媛県","city":"四国中央市","town":"中之庄町"}],"0403":[{"pref":"愛媛県","city":"四国中央市","town":"三島朝日"}],"0421":[{"pref":"愛媛県","city":"四国中央市","town":"三島金子"}],"0402":[{"pref":"愛媛県","city":"四国中央市","town":"三島紙屋町"}],"0405":[{"pref":"愛媛県","city":"四国中央市","town":"三島中央"}],"0404":[{"pref":"愛媛県","city":"四国中央市","town":"三島宮川"}],"0401":[{"pref":"愛媛県","city":"四国中央市","town":"村松町"}],"0113":[{"pref":"愛媛県","city":"四国中央市","town":"妻鳥町"}]}