{"0000":[{"pref":"福岡県","city":"福岡市南区","town":"以下に掲載がない場合"}],"0084":[{"pref":"福岡県","city":"福岡市南区","town":"市崎"}],"0073":[{"pref":"福岡県","city":"福岡市南区","town":"大池"}],"0082":[{"pref":"福岡県","city":"福岡市南区","town":"大楠"}],"0033":[{"pref":"福岡県","city":"福岡市南区","town":"大橋"}],"0038":[{"pref":"福岡県","city":"福岡市南区","town":"大橋団地"}],"0001":[{"pref":"福岡県","city":"福岡市南区","town":"五十川"}],"0032":[{"pref":"福岡県","city":"福岡市南区","town":"塩原"}],"0031":[{"pref":"福岡県","city":"福岡市南区","town":"清水"}],"0004":[{"pref":"福岡県","city":"福岡市南区","town":"高木"}],"0083":[{"pref":"福岡県","city":"福岡市南区","town":"高宮"}],"0072":[{"pref":"福岡県","city":"福岡市南区","town":"多賀"}],"0037":[{"pref":"福岡県","city":"福岡市南区","town":"玉川町"}],"0036":[{"pref":"福岡県","city":"福岡市南区","town":"筑紫丘"}],"0074":[{"pref":"福岡県","city":"福岡市南区","town":"寺塚"}],"0075":[{"pref":"福岡県","city":"福岡市南区","town":"長丘"}],"0081":[{"pref":"福岡県","city":"福岡市南区","town":"那の川"}],"0041":[{"pref":"福岡県","city":"福岡市南区","town":"野間"}],"0071":[{"pref":"福岡県","city":"福岡市南区","town":"平和"}],"0034":[{"pref":"福岡県","city":"福岡市南区","town":"南大橋"}],"0035":[{"pref":"福岡県","city":"福岡市南区","town":"向野"}],"0063":[{"pref":"福岡県","city":"福岡市南区","town":"柳河内"}],"0042":[{"pref":"福岡県","city":"福岡市南区","town":"若久"}],"0048":[{"pref":"福岡県","city":"福岡市南区","town":"若久団地"}]}