{"8001":[{"pref":"長野県","city":"長野市","town":"東犀南"}],"8002":[{"pref":"長野県","city":"長野市","town":"篠ノ井東福寺"}],"8003":[{"pref":"長野県","city":"長野市","town":"篠ノ井小森"}],"8004":[{"pref":"長野県","city":"長野市","town":"篠ノ井会"}],"8005":[{"pref":"長野県","city":"長野市","town":"篠ノ井横田"}],"8006":[{"pref":"長野県","city":"長野市","town":"篠ノ井御幣川"}],"8007":[{"pref":"長野県","city":"長野市","town":"篠ノ井布施高田"}],"8008":[{"pref":"長野県","city":"長野市","town":"合戦場"}],"8011":[{"pref":"長野県","city":"長野市","town":"篠ノ井布施五明"}],"8012":[{"pref":"長野県","city":"長野市","town":"篠ノ井二ツ柳"}],"8013":[{"pref":"長野県","city":"長野市","town":"みこと川"}],"8014":[{"pref":"長野県","city":"長野市","town":"篠ノ井塩崎"}],"8015":[{"pref":"長野県","city":"長野市","town":"篠ノ井石川"}],"8016":[{"pref":"長野県","city":"長野市","town":"篠ノ井有旅"}],"8017":[{"pref":"長野県","city":"長野市","town":"篠ノ井山布施"}],"8018":[{"pref":"長野県","city":"長野市","town":"篠ノ井西寺尾"}],"8019":[{"pref":"長野県","city":"長野市","town":"篠ノ井杵淵"}],"8020":[{"pref":"長野県","city":"長野市","town":"神明"}]}