{"0000":[{"pref":"北海道","city":"勇払郡むかわ町","town":"以下に掲載がない場合"}],"0031":[{"pref":"北海道","city":"勇払郡むかわ町","town":"青葉"}],"0001":[{"pref":"北海道","city":"勇払郡むかわ町","town":"旭岡"}],"0011":[{"pref":"北海道","city":"勇払郡むかわ町","town":"有明"}],"0012":[{"pref":"北海道","city":"勇払郡むかわ町","town":"生田"}],"0021":[{"pref":"北海道","city":"勇払郡むかわ町","town":"大原"}],"0002":[{"pref":"北海道","city":"勇払郡むかわ町","town":"春日"}],"0063":[{"pref":"北海道","city":"勇払郡むかわ町","town":"駒場"}],"0015":[{"pref":"北海道","city":"勇払郡むかわ町","town":"汐見"}],"0023":[{"pref":"北海道","city":"勇払郡むかわ町","town":"末広"}],"0052":[{"pref":"北海道","city":"勇払郡むかわ町","town":"大成"}],"0004":[{"pref":"北海道","city":"勇払郡むかわ町","town":"田浦"}],"0003":[{"pref":"北海道","city":"勇払郡むかわ町","town":"豊城"}],"0005":[{"pref":"北海道","city":"勇払郡むかわ町","town":"二宮"}],"0013":[{"pref":"北海道","city":"勇払郡むかわ町","town":"花岡"}],"0022":[{"pref":"北海道","city":"勇払郡むかわ町","town":"花園"}],"0064":[{"pref":"北海道","city":"勇払郡むかわ町","town":"晴海"}],"0032":[{"pref":"北海道","city":"勇払郡むかわ町","town":"福住"}],"0051":[{"pref":"北海道","city":"勇払郡むかわ町","town":"文京"}],"0211":[{"pref":"北海道","city":"勇払郡むかわ町","town":"穂別"}],"0362":[{"pref":"北海道","city":"勇払郡むかわ町","town":"穂別安住"}],"0143":[{"pref":"北海道","city":"勇払郡むかわ町","town":"穂別和泉"}],"0201":[{"pref":"北海道","city":"勇払郡むかわ町","town":"穂別稲里"}],"0202":[{"pref":"北海道","city":"勇払郡むかわ町","town":"穂別長和"}],"0141":[{"pref":"北海道","city":"勇払郡むかわ町","town":"穂別栄"}],"0364":[{"pref":"北海道","city":"勇払郡むかわ町","town":"穂別富内"}],"0203":[{"pref":"北海道","city":"勇払郡むかわ町","town":"穂別豊田（新興）"}],"0144":[{"pref":"北海道","city":"勇払郡むかわ町","town":"穂別豊田（その他）"}],"0142":[{"pref":"北海道","city":"勇払郡むかわ町","town":"穂別仁和"}],"0204":[{"pref":"北海道","city":"勇払郡むかわ町","town":"穂別平丘（川向）"}],"0363":[{"pref":"北海道","city":"勇払郡むかわ町","town":"穂別平丘（その他）"}],"0361":[{"pref":"北海道","city":"勇払郡むかわ町","town":"穂別福山"}],"0041":[{"pref":"北海道","city":"勇払郡むかわ町","town":"松風"}],"0016":[{"pref":"北海道","city":"勇払郡むかわ町","town":"宮戸"}],"0042":[{"pref":"北海道","city":"勇払郡むかわ町","town":"美幸"}],"0061":[{"pref":"北海道","city":"勇払郡むかわ町","town":"洋光"}],"0014":[{"pref":"北海道","city":"勇払郡むかわ町","town":"米原"}],"0062":[{"pref":"北海道","city":"勇払郡むかわ町","town":"若草"}]}