{"0000":[{"pref":"大阪府","city":"大阪市港区","town":"以下に掲載がない場合"}],"0015":[{"pref":"大阪府","city":"大阪市港区","town":"池島"}],"0006":[{"pref":"大阪府","city":"大阪市港区","town":"石田"}],"0003":[{"pref":"大阪府","city":"大阪市港区","town":"磯路"}],"0012":[{"pref":"大阪府","city":"大阪市港区","town":"市岡"}],"0002":[{"pref":"大阪府","city":"大阪市港区","town":"市岡元町"}],"0022":[{"pref":"大阪府","city":"大阪市港区","town":"海岸通"}],"0023":[{"pref":"大阪府","city":"大阪市港区","town":"港晴"}],"0005":[{"pref":"大阪府","city":"大阪市港区","town":"田中"}],"0021":[{"pref":"大阪府","city":"大阪市港区","town":"築港"}],"0001":[{"pref":"大阪府","city":"大阪市港区","town":"波除"}],"0013":[{"pref":"大阪府","city":"大阪市港区","town":"福崎"}],"0007":[{"pref":"大阪府","city":"大阪市港区","town":"弁天"}],"0016":[{"pref":"大阪府","city":"大阪市港区","town":"三先"}],"0011":[{"pref":"大阪府","city":"大阪市港区","town":"南市岡"}],"0014":[{"pref":"大阪府","city":"大阪市港区","town":"八幡屋"}],"0004":[{"pref":"大阪府","city":"大阪市港区","town":"夕凪"}]}