{"0000":[{"pref":"福島県","city":"喜多方市","town":"以下に掲載がない場合"}],"0819":[{"pref":"福島県","city":"喜多方市","town":"１丁目"}],"0818":[{"pref":"福島県","city":"喜多方市","town":"２丁目"}],"0817":[{"pref":"福島県","city":"喜多方市","town":"３丁目"}],"0091":[{"pref":"福島県","city":"喜多方市","town":"青葉台"}],"0108":[{"pref":"福島県","city":"喜多方市","town":"熱塩加納町相田"}],"0101":[{"pref":"福島県","city":"喜多方市","town":"熱塩加納町熱塩"}],"0107":[{"pref":"福島県","city":"喜多方市","town":"熱塩加納町居廻"}],"0103":[{"pref":"福島県","city":"喜多方市","town":"熱塩加納町加納"}],"0106":[{"pref":"福島県","city":"喜多方市","town":"熱塩加納町林際"}],"0105":[{"pref":"福島県","city":"喜多方市","town":"熱塩加納町宮川"}],"0102":[{"pref":"福島県","city":"喜多方市","town":"熱塩加納町山田"}],"0104":[{"pref":"福島県","city":"喜多方市","town":"熱塩加納町米岡"}],"0887":[{"pref":"福島県","city":"喜多方市","town":"飯田道上"}],"0053":[{"pref":"福島県","city":"喜多方市","town":"石田"}],"0868":[{"pref":"福島県","city":"喜多方市","town":"市道"}],"0849":[{"pref":"福島県","city":"喜多方市","town":"一本木上"}],"0848":[{"pref":"福島県","city":"喜多方市","town":"一本木下"}],"0057":[{"pref":"福島県","city":"喜多方市","town":"井戸尻"}],"0069":[{"pref":"福島県","city":"喜多方市","town":"稲清水"}],"0087":[{"pref":"福島県","city":"喜多方市","town":"稲荷宮"}],"0001":[{"pref":"福島県","city":"喜多方市","town":"岩月町入田付"}],"0005":[{"pref":"福島県","city":"喜多方市","town":"岩月町大都"}],"0003":[{"pref":"福島県","city":"喜多方市","town":"岩月町橿野"}],"0004":[{"pref":"福島県","city":"喜多方市","town":"岩月町喜多方"}],"0002":[{"pref":"福島県","city":"喜多方市","town":"岩月町宮津"}],"0821":[{"pref":"福島県","city":"喜多方市","town":"梅竹"}],"0838":[{"pref":"福島県","city":"喜多方市","town":"永久"}],"0085":[{"pref":"福島県","city":"喜多方市","town":"江中子"}],"0867":[{"pref":"福島県","city":"喜多方市","town":"扇田"}],"0904":[{"pref":"福島県","city":"喜多方市","town":"大荒井"}],"0836":[{"pref":"福島県","city":"喜多方市","town":"大坪"}],"0037":[{"pref":"福島県","city":"喜多方市","town":"大豆田"}],"0839":[{"pref":"福島県","city":"喜多方市","town":"大道田"}],"0915":[{"pref":"福島県","city":"喜多方市","town":"大谷地"}],"0054":[{"pref":"福島県","city":"喜多方市","town":"大谷地田"}],"0094":[{"pref":"福島県","city":"喜多方市","town":"押切"}],"0095":[{"pref":"福島県","city":"喜多方市","town":"押切東"}],"0096":[{"pref":"福島県","city":"喜多方市","town":"押切南"}],"0814":[{"pref":"福島県","city":"喜多方市","town":"御清水"},{"pref":"福島県","city":"喜多方市","town":"御清水東"}],"0825":[{"pref":"福島県","city":"喜多方市","town":"御清水南"}],"0831":[{"pref":"福島県","city":"喜多方市","town":"小田"}],"0805":[{"pref":"福島県","city":"喜多方市","town":"小田付道上"}],"0813":[{"pref":"福島県","city":"喜多方市","town":"小田付道下"}],"0803":[{"pref":"福島県","city":"喜多方市","town":"落合"}],"0894":[{"pref":"福島県","city":"喜多方市","town":"御茶屋"}],"0039":[{"pref":"福島県","city":"喜多方市","town":"加登"}],"0891":[{"pref":"福島県","city":"喜多方市","town":"蝦蟆渕"}],"0043":[{"pref":"福島県","city":"喜多方市","town":"上江"}],"0811":[{"pref":"福島県","city":"喜多方市","town":"上川向"}],"0931":[{"pref":"福島県","city":"喜多方市","town":"上三宮町上三宮"}],"0933":[{"pref":"福島県","city":"喜多方市","town":"上三宮町三谷"}],"0932":[{"pref":"福島県","city":"喜多方市","town":"上三宮町吉川"}],"0842":[{"pref":"福島県","city":"喜多方市","town":"川下"}],"0851":[{"pref":"福島県","city":"喜多方市","town":"北原"}],"0072":[{"pref":"福島県","city":"喜多方市","town":"北町"}],"0006":[{"pref":"福島県","city":"喜多方市","town":"北町上"}],"0835":[{"pref":"福島県","city":"喜多方市","town":"行作"}],"0892":[{"pref":"福島県","city":"喜多方市","town":"経壇"}],"0874":[{"pref":"福島県","city":"喜多方市","town":"窪屋敷"}],"0022":[{"pref":"福島県","city":"喜多方市","town":"熊倉町雄国"}],"0024":[{"pref":"福島県","city":"喜多方市","town":"熊倉町熊倉"}],"0023":[{"pref":"福島県","city":"喜多方市","town":"熊倉町新合"}],"0021":[{"pref":"福島県","city":"喜多方市","town":"熊倉町都"}],"0923":[{"pref":"福島県","city":"喜多方市","town":"慶徳町新宮"}],"0922":[{"pref":"福島県","city":"喜多方市","town":"慶徳町豊岡"}],"0921":[{"pref":"福島県","city":"喜多方市","town":"慶徳町松舞家"}],"0924":[{"pref":"福島県","city":"喜多方市","town":"慶徳町山科"}],"0872":[{"pref":"福島県","city":"喜多方市","town":"慶徳道上"}],"0869":[{"pref":"福島県","city":"喜多方市","town":"慶徳道下"}],"0048":[{"pref":"福島県","city":"喜多方市","town":"越巻"}],"0063":[{"pref":"福島県","city":"喜多方市","town":"五ノ神"}],"0877":[{"pref":"福島県","city":"喜多方市","town":"坂井道上"}],"0802":[{"pref":"福島県","city":"喜多方市","town":"桜ガ丘"}],"0038":[{"pref":"福島県","city":"喜多方市","town":"桜町"}],"0841":[{"pref":"福島県","city":"喜多方市","town":"さつきが丘"}],"0044":[{"pref":"福島県","city":"喜多方市","town":"沢ノ目"}],"0827":[{"pref":"福島県","city":"喜多方市","town":"沢ノ免"}],"0093":[{"pref":"福島県","city":"喜多方市","town":"清水が丘"}],"0092":[{"pref":"福島県","city":"喜多方市","town":"清水台"}],"0042":[{"pref":"福島県","city":"喜多方市","town":"下江"}],"0850":[{"pref":"福島県","city":"喜多方市","town":"下川原"}],"0896":[{"pref":"福島県","city":"喜多方市","town":"諏訪"}],"0015":[{"pref":"福島県","city":"喜多方市","town":"関柴町上高額"}],"0014":[{"pref":"福島県","city":"喜多方市","town":"関柴町西勝"}],"0012":[{"pref":"福島県","city":"喜多方市","town":"関柴町下柴"}],"0011":[{"pref":"福島県","city":"喜多方市","town":"関柴町関柴"}],"0013":[{"pref":"福島県","city":"喜多方市","town":"関柴町豊芦"}],"0016":[{"pref":"福島県","city":"喜多方市","town":"関柴町平林"}],"0017":[{"pref":"福島県","city":"喜多方市","town":"関柴町三津井"}],"0033":[{"pref":"福島県","city":"喜多方市","town":"瀬戸"}],"0047":[{"pref":"福島県","city":"喜多方市","town":"銭田"}],"0853":[{"pref":"福島県","city":"喜多方市","town":"千苅"}],"0854":[{"pref":"福島県","city":"喜多方市","town":"千苅道上"}],"0064":[{"pref":"福島県","city":"喜多方市","town":"惣座宮"}],"0055":[{"pref":"福島県","city":"喜多方市","town":"台"}],"0855":[{"pref":"福島県","city":"喜多方市","town":"太子堂"}],"0873":[{"pref":"福島県","city":"喜多方市","town":"舘野"}],"0884":[{"pref":"福島県","city":"喜多方市","town":"壇ノ前"}],"0856":[{"pref":"福島県","city":"喜多方市","town":"長源段"}],"0097":[{"pref":"福島県","city":"喜多方市","town":"通船場"}],"0875":[{"pref":"福島県","city":"喜多方市","town":"鶴巻"}],"0865":[{"pref":"福島県","city":"喜多方市","town":"寺田"}],"0068":[{"pref":"福島県","city":"喜多方市","town":"寺西"}],"0861":[{"pref":"福島県","city":"喜多方市","town":"寺町"}],"0871":[{"pref":"福島県","city":"喜多方市","town":"寺町南"}],"0062":[{"pref":"福島県","city":"喜多方市","town":"寺南"}],"0852":[{"pref":"福島県","city":"喜多方市","town":"天満前"}],"0899":[{"pref":"福島県","city":"喜多方市","town":"樋越"}],"0801":[{"pref":"福島県","city":"喜多方市","town":"常盤台"}],"0862":[{"pref":"福島県","city":"喜多方市","town":"常盤町"},{"pref":"福島県","city":"喜多方市","town":"前田"}],"0912":[{"pref":"福島県","city":"喜多方市","town":"豊川町一井"}],"0913":[{"pref":"福島県","city":"喜多方市","town":"豊川町沢部"}],"0911":[{"pref":"福島県","city":"喜多方市","town":"豊川町高堂太"}],"0914":[{"pref":"福島県","city":"喜多方市","town":"豊川町米室"}],"0845":[{"pref":"福島県","city":"喜多方市","town":"長内"}],"0049":[{"pref":"福島県","city":"喜多方市","town":"長面"}],"0065":[{"pref":"福島県","city":"喜多方市","town":"中川原"}],"0833":[{"pref":"福島県","city":"喜多方市","town":"中島"}],"0881":[{"pref":"福島県","city":"喜多方市","town":"中清水"}],"0035":[{"pref":"福島県","city":"喜多方市","town":"中台"},{"pref":"福島県","city":"喜多方市","town":"畑台"}],"0882":[{"pref":"福島県","city":"喜多方市","town":"中寺"}],"0073":[{"pref":"福島県","city":"喜多方市","town":"中町"}],"0032":[{"pref":"福島県","city":"喜多方市","town":"梨子ノ木"}],"0864":[{"pref":"福島県","city":"喜多方市","town":"七百苅"}],"0082":[{"pref":"福島県","city":"喜多方市","town":"南條"}],"0084":[{"pref":"福島県","city":"喜多方市","town":"西井戸尻"}],"0844":[{"pref":"福島県","city":"喜多方市","town":"西籠田"}],"0081":[{"pref":"福島県","city":"喜多方市","town":"西町"}],"0086":[{"pref":"福島県","city":"喜多方市","town":"西四ツ谷"}],"0034":[{"pref":"福島県","city":"喜多方市","town":"二本木"}],"0804":[{"pref":"福島県","city":"喜多方市","town":"沼田"}],"0893":[{"pref":"福島県","city":"喜多方市","town":"花園"}],"0061":[{"pref":"福島県","city":"喜多方市","town":"馬場"}],"0046":[{"pref":"福島県","city":"喜多方市","town":"原田"}],"0859":[{"pref":"福島県","city":"喜多方市","town":"番帳免"}],"0895":[{"pref":"福島県","city":"喜多方市","town":"東小原"}],"0843":[{"pref":"福島県","city":"喜多方市","town":"東籠田"}],"0823":[{"pref":"福島県","city":"喜多方市","town":"東川原田"}],"0007":[{"pref":"福島県","city":"喜多方市","town":"東桜ガ丘"}],"0051":[{"pref":"福島県","city":"喜多方市","town":"東町"}],"0832":[{"pref":"福島県","city":"喜多方市","town":"百苅田"}],"0058":[{"pref":"福島県","city":"喜多方市","town":"広面"}],"0031":[{"pref":"福島県","city":"喜多方市","town":"舞台田"}],"0866":[{"pref":"福島県","city":"喜多方市","town":"古寺"}],"0816":[{"pref":"福島県","city":"喜多方市","town":"細田"}],"0837":[{"pref":"福島県","city":"喜多方市","town":"前田上"}],"0041":[{"pref":"福島県","city":"喜多方市","town":"蒔田"}],"0858":[{"pref":"福島県","city":"喜多方市","town":"町北"}],"0863":[{"pref":"福島県","city":"喜多方市","town":"町尻西"}],"0826":[{"pref":"福島県","city":"喜多方市","town":"町尻東"}],"0847":[{"pref":"福島県","city":"喜多方市","town":"町田"}],"0846":[{"pref":"福島県","city":"喜多方市","town":"町田下"}],"0857":[{"pref":"福島県","city":"喜多方市","town":"町西"}],"0903":[{"pref":"福島県","city":"喜多方市","town":"松山町大飯坂"}],"0901":[{"pref":"福島県","city":"喜多方市","town":"松山町鳥見山"}],"0902":[{"pref":"福島県","city":"喜多方市","town":"松山町村松"}],"0898":[{"pref":"福島県","city":"喜多方市","town":"見頃道上"}],"0806":[{"pref":"福島県","city":"喜多方市","town":"水上"}],"0812":[{"pref":"福島県","city":"喜多方市","town":"緑町"}],"0045":[{"pref":"福島県","city":"喜多方市","town":"南原"}],"0074":[{"pref":"福島県","city":"喜多方市","town":"南町"}],"0066":[{"pref":"福島県","city":"喜多方市","town":"宮西"}],"0067":[{"pref":"福島県","city":"喜多方市","town":"村西"}],"0056":[{"pref":"福島県","city":"喜多方市","town":"屋敷免"}],"0815":[{"pref":"福島県","city":"喜多方市","town":"谷地田"}],"0834":[{"pref":"福島県","city":"喜多方市","town":"谷地田上"}],"0036":[{"pref":"福島県","city":"喜多方市","town":"柳清水"}],"0822":[{"pref":"福島県","city":"喜多方市","town":"柳原"}],"0071":[{"pref":"福島県","city":"喜多方市","town":"山ノ神"}],"0052":[{"pref":"福島県","city":"喜多方市","town":"四百苅"}],"0083":[{"pref":"福島県","city":"喜多方市","town":"六枚長"}],"0824":[{"pref":"福島県","city":"喜多方市","town":"六百刈"}],"0400":[{"pref":"福島県","city":"耶麻郡北塩原村","town":"以下に掲載がない場合"}],"0402":[{"pref":"福島県","city":"耶麻郡北塩原村","town":"大塩"}],"0404":[{"pref":"福島県","city":"耶麻郡北塩原村","town":"北山"}],"0405":[{"pref":"福島県","city":"耶麻郡北塩原村","town":"下吉"}],"0403":[{"pref":"福島県","city":"耶麻郡北塩原村","town":"関屋"}],"0501":[{"pref":"福島県","city":"耶麻郡北塩原村","town":"檜原（苧畑沢、金山、五十両原、巣ノ山、滝ノ原、道前原、墓下、桧原、無縁"},{"pref":"福島県","city":"耶麻郡北塩原村","town":"原、早稲沢、小屋沢、水梨原、中原、楢木平原、焼桂山、館山）"}],"0401":[{"pref":"福島県","city":"耶麻郡北塩原村","town":"檜原（雄子沢、雄子沢原、細野、南黄連沢、南黄連沢山、黄連沢山、黄連原山）"}]}