{"1101":[{"pref":"石川県","city":"金沢市","town":"荒山町"},{"pref":"石川県","city":"金沢市","town":"奥新保町"},{"pref":"石川県","city":"金沢市","town":"砂子坂町"}],"1102":[{"pref":"石川県","city":"金沢市","town":"二俣町"}],"1103":[{"pref":"石川県","city":"金沢市","town":"田島町"}],"1104":[{"pref":"石川県","city":"金沢市","town":"清水町"}],"1105":[{"pref":"石川県","city":"金沢市","town":"戸室新保"}],"1106":[{"pref":"石川県","city":"金沢市","town":"戸室別所"},{"pref":"石川県","city":"金沢市","town":"湯谷原町"}],"1107":[{"pref":"石川県","city":"金沢市","town":"小豆沢町"}],"1108":[{"pref":"石川県","city":"金沢市","town":"俵町"}],"1109":[{"pref":"石川県","city":"金沢市","town":"中山町"}],"1111":[{"pref":"石川県","city":"金沢市","town":"魚帰町"},{"pref":"石川県","city":"金沢市","town":"大菱池町"},{"pref":"石川県","city":"金沢市","town":"小菱池町"},{"pref":"石川県","city":"金沢市","town":"菱池小原町"}],"1112":[{"pref":"石川県","city":"金沢市","town":"折谷町"}],"1113":[{"pref":"石川県","city":"金沢市","town":"上山町"}],"1114":[{"pref":"石川県","city":"金沢市","town":"古郷町"}],"1115":[{"pref":"石川県","city":"金沢市","town":"石黒町"}],"1116":[{"pref":"石川県","city":"金沢市","town":"板ケ谷町"}],"1117":[{"pref":"石川県","city":"金沢市","town":"横谷町"}],"1118":[{"pref":"石川県","city":"金沢市","town":"湯涌河内町"}],"1119":[{"pref":"石川県","city":"金沢市","town":"湯涌曲町"}],"1121":[{"pref":"石川県","city":"金沢市","town":"東町"}],"1122":[{"pref":"石川県","city":"金沢市","town":"湯涌荒屋町"}],"1123":[{"pref":"石川県","city":"金沢市","town":"湯涌町"}],"1124":[{"pref":"石川県","city":"金沢市","town":"湯涌田子島町"}],"1125":[{"pref":"石川県","city":"金沢市","town":"上原町"}],"1126":[{"pref":"石川県","city":"金沢市","town":"白見町"}],"1127":[{"pref":"石川県","city":"金沢市","town":"下谷町"}],"1128":[{"pref":"石川県","city":"金沢市","town":"羽場町"}],"1129":[{"pref":"石川県","city":"金沢市","town":"芝原町"}],"1131":[{"pref":"石川県","city":"金沢市","town":"東荒屋町"}],"1132":[{"pref":"石川県","city":"金沢市","town":"朝加屋町"}],"1133":[{"pref":"石川県","city":"金沢市","town":"藤六町"}],"1134":[{"pref":"石川県","city":"金沢市","town":"東市瀬町"}],"1135":[{"pref":"石川県","city":"金沢市","town":"北袋町"}],"1136":[{"pref":"石川県","city":"金沢市","town":"西市瀬町"}],"1137":[{"pref":"石川県","city":"金沢市","town":"七曲町"}],"1138":[{"pref":"石川県","city":"金沢市","town":"茅原町"}],"1141":[{"pref":"石川県","city":"金沢市","town":"平等本町"}],"1142":[{"pref":"石川県","city":"金沢市","town":"蓮如町"}],"1143":[{"pref":"石川県","city":"金沢市","town":"高池町"}],"1144":[{"pref":"石川県","city":"金沢市","town":"袋板屋町"}],"1145":[{"pref":"石川県","city":"金沢市","town":"浅川町"}],"1146":[{"pref":"石川県","city":"金沢市","town":"上中町"}],"1147":[{"pref":"石川県","city":"金沢市","town":"銚子町"}],"1148":[{"pref":"石川県","city":"金沢市","town":"金川町"}],"1149":[{"pref":"石川県","city":"金沢市","town":"打尾町"}],"1151":[{"pref":"石川県","city":"金沢市","town":"田上町"}],"1152":[{"pref":"石川県","city":"金沢市","town":"田上"}],"1153":[{"pref":"石川県","city":"金沢市","town":"田上新町"}],"1154":[{"pref":"石川県","city":"金沢市","town":"太陽が丘"}],"1155":[{"pref":"石川県","city":"金沢市","town":"田上本町"}],"1156":[{"pref":"石川県","city":"金沢市","town":"田上の里"}],"1157":[{"pref":"石川県","city":"金沢市","town":"田上さくら"}],"1158":[{"pref":"石川県","city":"金沢市","town":"朝霧台"}],"1161":[{"pref":"石川県","city":"金沢市","town":"鈴見台"}],"1162":[{"pref":"石川県","city":"金沢市","town":"鈴見町"}],"1163":[{"pref":"石川県","city":"金沢市","town":"角間新町"}],"1164":[{"pref":"石川県","city":"金沢市","town":"角間町"}],"1165":[{"pref":"石川県","city":"金沢市","town":"若松町"}],"1166":[{"pref":"石川県","city":"金沢市","town":"上若松町"}],"1167":[{"pref":"石川県","city":"金沢市","town":"もりの里"}],"1301":[{"pref":"石川県","city":"金沢市","town":"永安町"}],"1302":[{"pref":"石川県","city":"金沢市","town":"末町"}],"1303":[{"pref":"石川県","city":"金沢市","town":"辰巳町"}],"1304":[{"pref":"石川県","city":"金沢市","town":"上辰巳町"}],"1311":[{"pref":"石川県","city":"金沢市","town":"菅池町"}],"1312":[{"pref":"石川県","city":"金沢市","town":"瀬領町"}],"1313":[{"pref":"石川県","city":"金沢市","town":"駒帰町"}],"1314":[{"pref":"石川県","city":"金沢市","town":"娚杉町"}],"1315":[{"pref":"石川県","city":"金沢市","town":"寺津町"}],"1316":[{"pref":"石川県","city":"金沢市","town":"二又新町"}],"1321":[{"pref":"石川県","city":"金沢市","town":"水淵町"}],"1322":[{"pref":"石川県","city":"金沢市","town":"相合谷町"}],"1323":[{"pref":"石川県","city":"金沢市","town":"下鴛原町"}],"1324":[{"pref":"石川県","city":"金沢市","town":"鴛原町"}],"1325":[{"pref":"石川県","city":"金沢市","town":"城力町"}],"1326":[{"pref":"石川県","city":"金沢市","town":"熊走町"}],"1331":[{"pref":"石川県","city":"金沢市","town":"天池町"}],"1332":[{"pref":"石川県","city":"金沢市","town":"樫見町"}],"1333":[{"pref":"石川県","city":"金沢市","town":"国見町"}],"1334":[{"pref":"石川県","city":"金沢市","town":"平町"}],"1335":[{"pref":"石川県","city":"金沢市","town":"大平沢町"}],"1336":[{"pref":"石川県","city":"金沢市","town":"中戸町"}],"1337":[{"pref":"石川県","city":"金沢市","town":"山川町"}],"1341":[{"pref":"石川県","city":"金沢市","town":"別所町"}],"1342":[{"pref":"石川県","city":"金沢市","town":"蓮花町"}],"1343":[{"pref":"石川県","city":"金沢市","town":"小原町"}],"1344":[{"pref":"石川県","city":"金沢市","town":"住吉町"}],"1345":[{"pref":"石川県","city":"金沢市","town":"新保町"}],"1346":[{"pref":"石川県","city":"金沢市","town":"三小牛町"}],"2101":[{"pref":"石川県","city":"白山市","town":"曽谷町"}],"2102":[{"pref":"石川県","city":"白山市","town":"坂尻町"}],"2103":[{"pref":"石川県","city":"白山市","town":"小柳町"}],"2104":[{"pref":"石川県","city":"白山市","town":"月橋町"}],"2111":[{"pref":"石川県","city":"白山市","town":"鶴来朝日町"}],"2112":[{"pref":"石川県","city":"白山市","town":"鶴来日吉町"}],"2113":[{"pref":"石川県","city":"白山市","town":"八幡町"}],"2114":[{"pref":"石川県","city":"白山市","town":"三宮町"}],"2115":[{"pref":"石川県","city":"白山市","town":"白山町"}],"2116":[{"pref":"石川県","city":"白山市","town":"中島町"}],"2121":[{"pref":"石川県","city":"白山市","town":"鶴来本町（１～４丁目）"}],"2122":[{"pref":"石川県","city":"白山市","town":"鶴来知守町"}],"2123":[{"pref":"石川県","city":"白山市","town":"鶴来日詰町"}],"2124":[{"pref":"石川県","city":"白山市","town":"鶴来清沢町"}],"2125":[{"pref":"石川県","city":"白山市","town":"鶴来今町"}],"2126":[{"pref":"石川県","city":"白山市","town":"鶴来新町"}],"2127":[{"pref":"石川県","city":"白山市","town":"鶴来上東町"}],"2128":[{"pref":"石川県","city":"白山市","town":"鶴来下東町"}],"2129":[{"pref":"石川県","city":"白山市","town":"鶴来古町"}],"2131":[{"pref":"石川県","city":"白山市","town":"森島町"}],"2132":[{"pref":"石川県","city":"白山市","town":"明島町"}],"2133":[{"pref":"石川県","city":"白山市","town":"鶴来大国町"}],"2134":[{"pref":"石川県","city":"白山市","town":"鶴来水戸町（２～４丁目）"}],"2141":[{"pref":"石川県","city":"白山市","town":"安養寺町"}],"2142":[{"pref":"石川県","city":"白山市","town":"深瀬新町"}],"2143":[{"pref":"石川県","city":"白山市","town":"七原町"}],"2144":[{"pref":"石川県","city":"白山市","town":"大竹町"}],"2145":[{"pref":"石川県","city":"白山市","town":"明法島町"}],"2146":[{"pref":"石川県","city":"白山市","town":"日向町"}],"2147":[{"pref":"石川県","city":"白山市","town":"中ノ郷町"}],"2148":[{"pref":"石川県","city":"白山市","town":"行町"}],"2151":[{"pref":"石川県","city":"白山市","town":"荒屋町"}],"2152":[{"pref":"石川県","city":"白山市","town":"明光（１～４丁目）"}],"2153":[{"pref":"石川県","city":"白山市","town":"日御子町"}],"2154":[{"pref":"石川県","city":"白山市","town":"井口町"}],"2155":[{"pref":"石川県","city":"白山市","town":"知気寺町"}],"2161":[{"pref":"石川県","city":"白山市","town":"熱野町"}],"2162":[{"pref":"石川県","city":"白山市","town":"道法寺町"}],"2163":[{"pref":"石川県","city":"白山市","town":"柴木町"}],"2164":[{"pref":"石川県","city":"白山市","town":"柴木（２丁目）"}],"2165":[{"pref":"石川県","city":"白山市","town":"富光寺町"}],"2166":[{"pref":"石川県","city":"白山市","town":"鶴来桑島町"}],"2167":[{"pref":"石川県","city":"白山市","town":"部入道町"}],"2168":[{"pref":"石川県","city":"白山市","town":"陽羽里"}],"2301":[{"pref":"石川県","city":"白山市","town":"河内町口直海"}],"2302":[{"pref":"石川県","city":"白山市","town":"河内町ふじが丘"}],"2303":[{"pref":"石川県","city":"白山市","town":"河内町福岡"}],"2304":[{"pref":"石川県","city":"白山市","town":"河内町きりの里"}],"2305":[{"pref":"石川県","city":"白山市","town":"河内町江津"}],"2306":[{"pref":"石川県","city":"白山市","town":"河内町吉岡"}],"2311":[{"pref":"石川県","city":"白山市","town":"河内町中直海"}],"2312":[{"pref":"石川県","city":"白山市","town":"河内町奥池"}],"2313":[{"pref":"石川県","city":"白山市","town":"河内町久保"}],"2314":[{"pref":"石川県","city":"白山市","town":"河内町吹上"}],"2315":[{"pref":"石川県","city":"白山市","town":"河内町板尾"}],"2316":[{"pref":"石川県","city":"白山市","town":"河内町金間"}],"2317":[{"pref":"石川県","city":"白山市","town":"河内町下折"}],"2318":[{"pref":"石川県","city":"白山市","town":"河内町内尾"}],"2321":[{"pref":"石川県","city":"白山市","town":"吉野"}],"2322":[{"pref":"石川県","city":"白山市","town":"佐良"}],"2323":[{"pref":"石川県","city":"白山市","town":"瀬波"}],"2324":[{"pref":"石川県","city":"白山市","town":"中宮"}],"2325":[{"pref":"石川県","city":"白山市","town":"木滑新"}],"2326":[{"pref":"石川県","city":"白山市","town":"木滑"}],"2327":[{"pref":"石川県","city":"白山市","town":"市原"}],"2331":[{"pref":"石川県","city":"白山市","town":"瀬戸"}],"2332":[{"pref":"石川県","city":"白山市","town":"荒谷"}],"2333":[{"pref":"石川県","city":"白山市","town":"尾添"}],"2334":[{"pref":"石川県","city":"白山市","town":"深瀬"}],"2335":[{"pref":"石川県","city":"白山市","town":"女原"}],"2336":[{"pref":"石川県","city":"白山市","town":"東二口"}],"2337":[{"pref":"石川県","city":"白山市","town":"五味島"}],"2338":[{"pref":"石川県","city":"白山市","town":"釜谷"}],"2339":[{"pref":"石川県","city":"白山市","town":"鴇ケ谷"}],"2341":[{"pref":"石川県","city":"白山市","town":"釜清水町"}],"2342":[{"pref":"石川県","city":"白山市","town":"下吉谷町"}],"2343":[{"pref":"石川県","city":"白山市","town":"西佐良町"}],"2344":[{"pref":"石川県","city":"白山市","town":"上吉谷町"}],"2345":[{"pref":"石川県","city":"白山市","town":"三ツ屋野町"}],"2346":[{"pref":"石川県","city":"白山市","town":"河原山町"}],"2347":[{"pref":"石川県","city":"白山市","town":"仏師ケ野町"}],"2351":[{"pref":"石川県","city":"白山市","town":"柳原町"}],"2352":[{"pref":"石川県","city":"白山市","town":"野地町"}],"2353":[{"pref":"石川県","city":"白山市","town":"左礫町"}],"2354":[{"pref":"石川県","city":"白山市","town":"三ツ瀬町"}],"2355":[{"pref":"石川県","city":"白山市","town":"数瀬町"}],"2356":[{"pref":"石川県","city":"白山市","town":"阿手町"}],"2357":[{"pref":"石川県","city":"白山市","town":"五十谷町"}],"2361":[{"pref":"石川県","city":"白山市","town":"三坂町"}],"2362":[{"pref":"石川県","city":"白山市","town":"別宮町"}],"2363":[{"pref":"石川県","city":"白山市","town":"別宮出町"}],"2364":[{"pref":"石川県","city":"白山市","town":"杉森町"}],"2365":[{"pref":"石川県","city":"白山市","town":"神子清水町"}],"2366":[{"pref":"石川県","city":"白山市","town":"渡津町"}],"2367":[{"pref":"石川県","city":"白山市","town":"相滝町"}],"2368":[{"pref":"石川県","city":"白山市","town":"出合町"}],"2371":[{"pref":"石川県","city":"白山市","town":"広瀬町"}],"2372":[{"pref":"石川県","city":"白山市","town":"瀬木野町"}],"2373":[{"pref":"石川県","city":"白山市","town":"河合町"}],"2374":[{"pref":"石川県","city":"白山市","town":"下野町"}],"2375":[{"pref":"石川県","city":"白山市","town":"上野町"}],"2376":[{"pref":"石川県","city":"白山市","town":"若原町"}],"2501":[{"pref":"石川県","city":"白山市","town":"白峰"}],"2502":[{"pref":"石川県","city":"白山市","town":"桑島"}],"2503":[{"pref":"石川県","city":"白山市","town":"下田原"}],"3101":[{"pref":"石川県","city":"金沢市","town":"才田町"}],"3102":[{"pref":"石川県","city":"金沢市","town":"忠縄町"}],"3103":[{"pref":"石川県","city":"金沢市","town":"湖陽"}],"3104":[{"pref":"石川県","city":"金沢市","town":"八田町東"}],"3105":[{"pref":"石川県","city":"金沢市","town":"八田町西"}],"3106":[{"pref":"石川県","city":"金沢市","town":"八田町"}],"3107":[{"pref":"石川県","city":"金沢市","town":"湖南町"}],"3111":[{"pref":"石川県","city":"金沢市","town":"梅田町"}],"3112":[{"pref":"石川県","city":"金沢市","town":"観法寺町"}],"3113":[{"pref":"石川県","city":"金沢市","town":"塚崎町"}],"3114":[{"pref":"石川県","city":"金沢市","town":"吉原町"}],"3115":[{"pref":"石川県","city":"金沢市","town":"弥勒町"}],"3116":[{"pref":"石川県","city":"金沢市","town":"南森本町"}],"3117":[{"pref":"石川県","city":"金沢市","town":"北森本町"}],"3121":[{"pref":"石川県","city":"金沢市","town":"大場町"}],"3122":[{"pref":"石川県","city":"金沢市","town":"福久町"}],"3123":[{"pref":"石川県","city":"金沢市","town":"福久東"}],"3124":[{"pref":"石川県","city":"金沢市","town":"荒屋"}],"3125":[{"pref":"石川県","city":"金沢市","town":"荒屋町"}],"3126":[{"pref":"石川県","city":"金沢市","town":"福久"}],"3131":[{"pref":"石川県","city":"金沢市","town":"百坂町"}],"3132":[{"pref":"石川県","city":"金沢市","town":"法光寺町"}],"3133":[{"pref":"石川県","city":"金沢市","town":"柳橋町"}],"3134":[{"pref":"石川県","city":"金沢市","town":"金市町"}],"3135":[{"pref":"石川県","city":"金沢市","town":"横枕町"}],"8201":[{"pref":"石川県","city":"金沢市","town":"鞍月東"}],"8202":[{"pref":"石川県","city":"金沢市","town":"西都"}],"8203":[{"pref":"石川県","city":"金沢市","town":"鞍月"}],"8204":[{"pref":"石川県","city":"金沢市","town":"戸水"}],"8205":[{"pref":"石川県","city":"金沢市","town":"大友"}],"8213":[{"pref":"石川県","city":"金沢市","town":"直江東"}],"8214":[{"pref":"石川県","city":"金沢市","town":"直江南"}],"8215":[{"pref":"石川県","city":"金沢市","town":"直江西"}],"8216":[{"pref":"石川県","city":"金沢市","town":"直江町"}],"8217":[{"pref":"石川県","city":"金沢市","town":"近岡町"}],"8218":[{"pref":"石川県","city":"金沢市","town":"直江北"}],"8221":[{"pref":"石川県","city":"金沢市","town":"御供田町"}],"8222":[{"pref":"石川県","city":"金沢市","town":"大友町"}],"0000":[{"pref":"石川県","city":"金沢市","town":"以下に掲載がない場合"}],"0907":[{"pref":"石川県","city":"金沢市","town":"青草町"}],"0926":[{"pref":"石川県","city":"金沢市","town":"暁町"}],"0353":[{"pref":"石川県","city":"金沢市","town":"赤土町"}],"0111":[{"pref":"石川県","city":"金沢市","town":"浅丘町"}],"0841":[{"pref":"石川県","city":"金沢市","town":"浅野本町"}],"0126":[{"pref":"石川県","city":"金沢市","town":"朝日牧町"}],"0941":[{"pref":"石川県","city":"金沢市","town":"旭町"}],"0996":[{"pref":"石川県","city":"金沢市","town":"油車"}],"0226":[{"pref":"石川県","city":"金沢市","town":"粟崎町"}],"0227":[{"pref":"石川県","city":"金沢市","town":"粟崎浜町"}],"0983":[{"pref":"石川県","city":"金沢市","town":"池田町一番丁"}],"0984":[{"pref":"石川県","city":"金沢市","town":"池田町二番丁"}],"0985":[{"pref":"石川県","city":"金沢市","town":"池田町三番丁"}],"0986":[{"pref":"石川県","city":"金沢市","town":"池田町四番丁"}],"0987":[{"pref":"石川県","city":"金沢市","town":"池田町立丁"}],"0935":[{"pref":"石川県","city":"金沢市","town":"石引"}],"0056":[{"pref":"石川県","city":"金沢市","town":"出雲町"}],"0012":[{"pref":"石川県","city":"金沢市","town":"磯部町"}],"0145":[{"pref":"石川県","city":"金沢市","town":"市瀬町"}],"0378":[{"pref":"石川県","city":"金沢市","town":"いなほ"}],"0994":[{"pref":"石川県","city":"金沢市","town":"茨木町"}],"0125":[{"pref":"石川県","city":"金沢市","town":"今泉町"}],"0008":[{"pref":"石川県","city":"金沢市","town":"今昭町"}],"0106":[{"pref":"石川県","city":"金沢市","town":"今町"}],"0171":[{"pref":"石川県","city":"金沢市","town":"岩出町"}],"0943":[{"pref":"石川県","city":"金沢市","town":"上野本町"}],"0837":[{"pref":"石川県","city":"金沢市","town":"鶯町"}],"0832":[{"pref":"石川県","city":"金沢市","town":"卯辰町"}],"0377":[{"pref":"石川県","city":"金沢市","town":"打木町"}],"0343":[{"pref":"石川県","city":"金沢市","town":"畝田中"}],"0342":[{"pref":"石川県","city":"金沢市","town":"畝田町"},{"pref":"石川県","city":"金沢市","town":"畝田西"}],"0344":[{"pref":"石川県","city":"金沢市","town":"畝田東"}],"0971":[{"pref":"石川県","city":"金沢市","town":"鱗町"}],"0122":[{"pref":"石川県","city":"金沢市","town":"上平町"}],"0027":[{"pref":"石川県","city":"金沢市","town":"駅西新町"}],"0025":[{"pref":"石川県","city":"金沢市","town":"駅西本町"}],"0973":[{"pref":"石川県","city":"金沢市","town":"枝町"}],"0112":[{"pref":"石川県","city":"金沢市","town":"榎尾町"}],"0162":[{"pref":"石川県","city":"金沢市","town":"小池町"}],"0927":[{"pref":"石川県","city":"金沢市","town":"扇町"}],"0205":[{"pref":"石川県","city":"金沢市","town":"大浦町"}],"0945":[{"pref":"石川県","city":"金沢市","town":"大桑新町"}],"0946":[{"pref":"石川県","city":"金沢市","town":"大桑町（カ、コ、サ乙、サ甲、ソ、タ、ツ甲、ナ、メ、ユ、ヨ、"},{"pref":"石川県","city":"金沢市","town":"ラ、ワ、穴欠、穴淵欠、子、庚、葭島、下葭島欠）"}],"0912":[{"pref":"石川県","city":"金沢市","town":"大手町"}],"0231":[{"pref":"石川県","city":"金沢市","town":"大野町（ソ、タ、ヌ、ヨ、レ）"}],"0331":[{"pref":"石川県","city":"金沢市","town":"大野町（その他）"}],"0225":[{"pref":"石川県","city":"金沢市","town":"大野町新町"}],"0818":[{"pref":"石川県","city":"金沢市","town":"大樋町"}],"0013":[{"pref":"石川県","city":"金沢市","town":"沖町"}],"0210":[{"pref":"石川県","city":"金沢市","town":"大河端西"}],"0213":[{"pref":"石川県","city":"金沢市","town":"大河端町"}],"0807":[{"pref":"石川県","city":"金沢市","town":"乙丸町"}],"0918":[{"pref":"石川県","city":"金沢市","town":"尾山町"}],"0902":[{"pref":"石川県","city":"金沢市","town":"尾張町"}],"0114":[{"pref":"石川県","city":"金沢市","town":"加賀朝日町"}],"0208":[{"pref":"石川県","city":"金沢市","town":"蚊爪町"}],"0999":[{"pref":"石川県","city":"金沢市","town":"柿木畠"}],"0851":[{"pref":"石川県","city":"金沢市","town":"笠市町"}],"0965":[{"pref":"石川県","city":"金沢市","town":"笠舞"}],"0947":[{"pref":"石川県","city":"金沢市","town":"笠舞本町"}],"0908":[{"pref":"石川県","city":"金沢市","town":"主計町"}],"0817":[{"pref":"石川県","city":"金沢市","town":"春日町"}],"0164":[{"pref":"石川県","city":"金沢市","town":"堅田町"}],"0219":[{"pref":"石川県","city":"金沢市","town":"かたつ"}],"0981":[{"pref":"石川県","city":"金沢市","town":"片町"}],"0334":[{"pref":"石川県","city":"金沢市","town":"桂町"}],"0310":[{"pref":"石川県","city":"金沢市","town":"金石相生町"}],"0322":[{"pref":"石川県","city":"金沢市","town":"金石今町"}],"0314":[{"pref":"石川県","city":"金沢市","town":"金石御船町"}],"0321":[{"pref":"石川県","city":"金沢市","town":"金石海禅寺町"}],"0319":[{"pref":"石川県","city":"金沢市","town":"金石上越前町"}],"0311":[{"pref":"石川県","city":"金沢市","town":"金石上浜町"}],"0338":[{"pref":"石川県","city":"金沢市","town":"金石北"}],"0315":[{"pref":"石川県","city":"金沢市","town":"金石下寺町"}],"0317":[{"pref":"石川県","city":"金沢市","town":"金石下本町"}],"0330":[{"pref":"石川県","city":"金沢市","town":"金石新町"}],"0316":[{"pref":"石川県","city":"金沢市","town":"金石通町"}],"0337":[{"pref":"石川県","city":"金沢市","town":"金石西"}],"0313":[{"pref":"石川県","city":"金沢市","town":"金石浜町"}],"0335":[{"pref":"石川県","city":"金沢市","town":"金石東"}],"0336":[{"pref":"石川県","city":"金沢市","town":"金石本町"}],"0312":[{"pref":"石川県","city":"金沢市","town":"金石松前町"}],"0318":[{"pref":"石川県","city":"金沢市","town":"金石味噌屋町"}],"0905":[{"pref":"石川県","city":"金沢市","town":"上近江町"}],"0992":[{"pref":"石川県","city":"金沢市","town":"上柿木畠"}],"0869":[{"pref":"石川県","city":"金沢市","town":"上堤町"}],"0368":[{"pref":"石川県","city":"金沢市","town":"神野"}],"0365":[{"pref":"石川県","city":"金沢市","town":"神野町"}],"0370":[{"pref":"石川県","city":"金沢市","town":"上安原"}],"0374":[{"pref":"石川県","city":"金沢市","town":"上安原町"},{"pref":"石川県","city":"金沢市","town":"上安原南"}],"0801":[{"pref":"石川県","city":"金沢市","town":"神谷内町"}],"0175":[{"pref":"石川県","city":"金沢市","town":"上涌波町"}],"0974":[{"pref":"石川県","city":"金沢市","town":"川岸町"}],"0172":[{"pref":"石川県","city":"金沢市","town":"河原市町"}],"0352":[{"pref":"石川県","city":"金沢市","town":"観音堂町"}],"0838":[{"pref":"石川県","city":"金沢市","town":"観音町"}],"0967":[{"pref":"石川県","city":"金沢市","town":"菊川"}],"0988":[{"pref":"石川県","city":"金沢市","town":"木倉町"}],"0202":[{"pref":"石川県","city":"金沢市","town":"木越"}],"0201":[{"pref":"石川県","city":"金沢市","town":"木越町（瑞樹団地）"},{"pref":"石川県","city":"金沢市","town":"みずき"}],"0203":[{"pref":"石川県","city":"金沢市","town":"木越町（その他）"}],"0102":[{"pref":"石川県","city":"金沢市","town":"岸川町"}],"0143":[{"pref":"石川県","city":"金沢市","town":"北方町"}],"0128":[{"pref":"石川県","city":"金沢市","town":"北千石町"}],"0367":[{"pref":"石川県","city":"金沢市","town":"北塚町"}],"0206":[{"pref":"石川県","city":"金沢市","town":"北寺町"}],"0055":[{"pref":"石川県","city":"金沢市","town":"北町"}],"0212":[{"pref":"石川県","city":"金沢市","town":"北間町"}],"0022":[{"pref":"石川県","city":"金沢市","town":"北安江"}],"0023":[{"pref":"石川県","city":"金沢市","town":"北安江町"}],"0858":[{"pref":"石川県","city":"金沢市","town":"木ノ新保町"}],"0339":[{"pref":"石川県","city":"金沢市","town":"木曳野"}],"0848":[{"pref":"石川県","city":"金沢市","town":"京町"}],"0163":[{"pref":"石川県","city":"金沢市","town":"桐山町"}],"0157":[{"pref":"石川県","city":"金沢市","town":"車町"}],"0936":[{"pref":"石川県","city":"金沢市","town":"兼六町"}],"0931":[{"pref":"石川県","city":"金沢市","town":"兼六元町"}],"0961":[{"pref":"石川県","city":"金沢市","town":"香林坊"}],"0805":[{"pref":"石川県","city":"金沢市","town":"小金町"}],"0811":[{"pref":"石川県","city":"金沢市","town":"小坂町"}],"0932":[{"pref":"石川県","city":"金沢市","town":"小将町"}],"0813":[{"pref":"石川県","city":"金沢市","town":"御所町"}],"0942":[{"pref":"石川県","city":"金沢市","town":"小立野"}],"0129":[{"pref":"石川県","city":"金沢市","town":"琴坂町"}],"0121":[{"pref":"石川県","city":"金沢市","town":"琴町"}],"0852":[{"pref":"石川県","city":"金沢市","town":"此花町"}],"0168":[{"pref":"石川県","city":"金沢市","town":"小野町"}],"0844":[{"pref":"石川県","city":"金沢市","town":"小橋町"}],"0826":[{"pref":"石川県","city":"金沢市","town":"小二又町"}],"0362":[{"pref":"石川県","city":"金沢市","town":"古府"},{"pref":"石川県","city":"金沢市","town":"古府町"},{"pref":"石川県","city":"金沢市","town":"古府町（西）"}],"0363":[{"pref":"石川県","city":"金沢市","town":"古府町（南）"}],"0144":[{"pref":"石川県","city":"金沢市","town":"小嶺町"}],"0836":[{"pref":"石川県","city":"金沢市","town":"子来町"}],"0224":[{"pref":"石川県","city":"金沢市","town":"五郎島町"}],"0024":[{"pref":"石川県","city":"金沢市","town":"西念"}],"0026":[{"pref":"石川県","city":"金沢市","town":"西念町"}],"0921":[{"pref":"石川県","city":"金沢市","town":"材木町"}],"0968":[{"pref":"石川県","city":"金沢市","town":"幸町"}],"0357":[{"pref":"石川県","city":"金沢市","town":"佐奇森町"}],"0057":[{"pref":"石川県","city":"金沢市","town":"桜田町"}],"0923":[{"pref":"石川県","city":"金沢市","town":"桜町"}],"0998":[{"pref":"石川県","city":"金沢市","town":"里見町"}],"0034":[{"pref":"石川県","city":"金沢市","town":"醒ケ井町"}],"0861":[{"pref":"石川県","city":"金沢市","town":"三社町"}],"0821":[{"pref":"石川県","city":"金沢市","town":"山王町"}],"0166":[{"pref":"石川県","city":"金沢市","town":"四王寺町"}],"0116":[{"pref":"石川県","city":"金沢市","town":"地代町"}],"0341":[{"pref":"石川県","city":"金沢市","town":"寺中町"}],"0906":[{"pref":"石川県","city":"金沢市","town":"十間町"}],"0104":[{"pref":"石川県","city":"金沢市","town":"四坊高坂町"},{"pref":"石川県","city":"金沢市","town":"四坊町"}],"0132":[{"pref":"石川県","city":"金沢市","town":"清水谷町"}],"0058":[{"pref":"石川県","city":"金沢市","town":"示野中町"}],"0059":[{"pref":"石川県","city":"金沢市","town":"示野町"}],"0939":[{"pref":"石川県","city":"金沢市","town":"下石引町"}],"0904":[{"pref":"石川県","city":"金沢市","town":"下近江町"}],"0991":[{"pref":"石川県","city":"金沢市","town":"下柿木畠"}],"0910":[{"pref":"石川県","city":"金沢市","town":"下新町"}],"0917":[{"pref":"石川県","city":"金沢市","town":"下堤町"}],"0993":[{"pref":"石川県","city":"金沢市","town":"下本多町"}],"0916":[{"pref":"石川県","city":"金沢市","town":"下松原町"}],"0371":[{"pref":"石川県","city":"金沢市","town":"下安原町"}],"0176":[{"pref":"石川県","city":"金沢市","town":"下涌波町"}],"0976":[{"pref":"石川県","city":"金沢市","town":"十三間町"}],"0977":[{"pref":"石川県","city":"金沢市","town":"十三間町中丁"}],"0846":[{"pref":"石川県","city":"金沢市","town":"昌永町"}],"0966":[{"pref":"石川県","city":"金沢市","town":"城南"}],"0154":[{"pref":"石川県","city":"金沢市","town":"正部町"}],"0856":[{"pref":"石川県","city":"金沢市","town":"昭和町"}],"0806":[{"pref":"石川県","city":"金沢市","town":"神宮寺"}],"0803":[{"pref":"石川県","city":"金沢市","town":"神宮寺町"}],"0995":[{"pref":"石川県","city":"金沢市","town":"新竪町"}],"0833":[{"pref":"石川県","city":"金沢市","town":"末広町"}],"0972":[{"pref":"石川県","city":"金沢市","town":"杉浦町"}],"0207":[{"pref":"石川県","city":"金沢市","town":"須崎町"}],"0857":[{"pref":"石川県","city":"金沢市","town":"折違町"}],"0002":[{"pref":"石川県","city":"金沢市","town":"千木"}],"0001":[{"pref":"石川県","city":"金沢市","town":"千木町"}],"0356":[{"pref":"石川県","city":"金沢市","town":"専光寺町"}],"0204":[{"pref":"石川県","city":"金沢市","town":"千田町"}],"0115":[{"pref":"石川県","city":"金沢市","town":"千杉町"}],"0982":[{"pref":"石川県","city":"金沢市","town":"大工町"}],"0924":[{"pref":"石川県","city":"金沢市","town":"田井町"}],"0046":[{"pref":"石川県","city":"金沢市","town":"大和町"}],"0864":[{"pref":"石川県","city":"金沢市","town":"高岡町"}],"0155":[{"pref":"石川県","city":"金沢市","town":"高坂町"}],"0005":[{"pref":"石川県","city":"金沢市","town":"高柳町"}],"0934":[{"pref":"石川県","city":"金沢市","town":"宝町"}],"0123":[{"pref":"石川県","city":"金沢市","town":"滝下町"}],"0137":[{"pref":"石川県","city":"金沢市","town":"竹又町"}],"0957":[{"pref":"石川県","city":"金沢市","town":"舘町"}],"0956":[{"pref":"石川県","city":"金沢市","town":"舘山町"}],"0997":[{"pref":"石川県","city":"金沢市","town":"竪町"}],"0007":[{"pref":"石川県","city":"金沢市","town":"田中町"}],"0863":[{"pref":"石川県","city":"金沢市","town":"玉川町"}],"0113":[{"pref":"石川県","city":"金沢市","town":"俵原町"}],"0866":[{"pref":"石川県","city":"金沢市","town":"中央通町"}],"0178":[{"pref":"石川県","city":"金沢市","town":"月浦町"}],"0105":[{"pref":"石川県","city":"金沢市","town":"月影町"}],"0135":[{"pref":"石川県","city":"金沢市","town":"土子原町"}],"0955":[{"pref":"石川県","city":"金沢市","town":"土清水"}],"0161":[{"pref":"石川県","city":"金沢市","town":"鞁筒町"}],"0825":[{"pref":"石川県","city":"金沢市","town":"釣部町"}],"0925":[{"pref":"石川県","city":"金沢市","town":"天神町"}],"0963":[{"pref":"石川県","city":"金沢市","town":"出羽町"}],"0824":[{"pref":"石川県","city":"金沢市","town":"伝燈寺町"}],"0068":[{"pref":"石川県","city":"金沢市","town":"戸板"}],"0069":[{"pref":"石川県","city":"金沢市","town":"戸板西"}],"0061":[{"pref":"石川県","city":"金沢市","town":"問屋町"}],"0834":[{"pref":"石川県","city":"金沢市","town":"常盤町"}],"0101":[{"pref":"石川県","city":"金沢市","town":"利屋町"}],"0938":[{"pref":"石川県","city":"金沢市","town":"飛梅町"}],"0223":[{"pref":"石川県","city":"金沢市","town":"戸水町"}],"0372":[{"pref":"石川県","city":"金沢市","town":"豊穂町"}],"0141":[{"pref":"石川県","city":"金沢市","town":"直江野町"}],"0124":[{"pref":"石川県","city":"金沢市","town":"中尾町"}],"0975":[{"pref":"石川県","city":"金沢市","town":"中川除町"}],"0035":[{"pref":"石川県","city":"金沢市","town":"中橋町"}],"0381":[{"pref":"石川県","city":"金沢市","town":"中屋"}],"0375":[{"pref":"石川県","city":"金沢市","town":"中屋町"}],"0379":[{"pref":"石川県","city":"金沢市","town":"中屋南"}],"0043":[{"pref":"石川県","city":"金沢市","town":"長田"}],"0041":[{"pref":"石川県","city":"金沢市","town":"長田本町"}],"0042":[{"pref":"石川県","city":"金沢市","town":"長田町"}],"0867":[{"pref":"石川県","city":"金沢市","town":"長土塀"}],"0865":[{"pref":"石川県","city":"金沢市","town":"長町"}],"0151":[{"pref":"石川県","city":"金沢市","town":"梨木町"}],"0021":[{"pref":"石川県","city":"金沢市","town":"七ツ屋町"}],"0928":[{"pref":"石川県","city":"金沢市","town":"並木町"}],"0152":[{"pref":"石川県","city":"金沢市","town":"鳴瀬元町"}],"0804":[{"pref":"石川県","city":"金沢市","town":"鳴和"}],"0815":[{"pref":"石川県","city":"金沢市","town":"鳴和台"}],"0814":[{"pref":"石川県","city":"金沢市","town":"鳴和町"}],"0952":[{"pref":"石川県","city":"金沢市","town":"錦町"}],"0913":[{"pref":"石川県","city":"金沢市","town":"西町三番丁"}],"0914":[{"pref":"石川県","city":"金沢市","town":"西町四番丁"}],"0915":[{"pref":"石川県","city":"金沢市","town":"西町藪ノ内通"}],"0067":[{"pref":"石川県","city":"金沢市","town":"二宮町"}],"0142":[{"pref":"石川県","city":"金沢市","town":"納年町"}],"0903":[{"pref":"石川県","city":"金沢市","town":"博労町"}],"0911":[{"pref":"石川県","city":"金沢市","town":"橋場町"}],"0951":[{"pref":"石川県","city":"金沢市","town":"花里町"}],"0103":[{"pref":"石川県","city":"金沢市","town":"花園八幡町"}],"0209":[{"pref":"石川県","city":"金沢市","town":"東蚊爪町"}],"0933":[{"pref":"石川県","city":"金沢市","town":"東兼六町"}],"0822":[{"pref":"石川県","city":"金沢市","town":"東長江町"}],"0131":[{"pref":"石川県","city":"金沢市","town":"東原町"}],"0835":[{"pref":"石川県","city":"金沢市","town":"東御影町"}],"0831":[{"pref":"石川県","city":"金沢市","town":"東山"}],"0003":[{"pref":"石川県","city":"金沢市","town":"疋田"}],"0004":[{"pref":"石川県","city":"金沢市","town":"疋田町"}],"0901":[{"pref":"石川県","city":"金沢市","town":"彦三町"}],"0845":[{"pref":"石川県","city":"金沢市","town":"瓢箪町"}],"0033":[{"pref":"石川県","city":"金沢市","town":"日吉町"}],"0031":[{"pref":"石川県","city":"金沢市","town":"広岡"}],"0032":[{"pref":"石川県","city":"金沢市","town":"広岡町"}],"0962":[{"pref":"石川県","city":"金沢市","town":"広坂"}],"0165":[{"pref":"石川県","city":"金沢市","town":"深谷町"}],"0167":[{"pref":"石川県","city":"金沢市","town":"福畠町"}],"0376":[{"pref":"石川県","city":"金沢市","town":"福増町"}],"0361":[{"pref":"石川県","city":"金沢市","town":"袋畠町"}],"0909":[{"pref":"石川県","city":"金沢市","town":"袋町"}],"0351":[{"pref":"石川県","city":"金沢市","town":"普正寺町"}],"0346":[{"pref":"石川県","city":"金沢市","town":"藤江南"}],"0345":[{"pref":"石川県","city":"金沢市","town":"藤江北"}],"0051":[{"pref":"石川県","city":"金沢市","town":"二口町"}],"0354":[{"pref":"石川県","city":"金沢市","town":"二ツ寺町"}],"0065":[{"pref":"石川県","city":"金沢市","town":"二ツ屋町"}],"0107":[{"pref":"石川県","city":"金沢市","town":"二日市町"}],"0173":[{"pref":"石川県","city":"金沢市","town":"不動寺町"}],"0147":[{"pref":"石川県","city":"金沢市","town":"不室町"}],"0156":[{"pref":"石川県","city":"金沢市","town":"古屋谷町"}],"0862":[{"pref":"石川県","city":"金沢市","town":"芳斉"}],"0177":[{"pref":"石川県","city":"金沢市","town":"北陽台"}],"0849":[{"pref":"石川県","city":"金沢市","town":"堀川新町"}],"0847":[{"pref":"石川県","city":"金沢市","town":"堀川町"}],"0133":[{"pref":"石川県","city":"金沢市","town":"堀切町"}],"0964":[{"pref":"石川県","city":"金沢市","town":"本多町"}],"0853":[{"pref":"石川県","city":"金沢市","town":"本町"}],"0827":[{"pref":"石川県","city":"金沢市","town":"牧町"}],"0148":[{"pref":"石川県","city":"金沢市","town":"牧山町"}],"0134":[{"pref":"石川県","city":"金沢市","town":"曲子原町"}],"0364":[{"pref":"石川県","city":"金沢市","town":"松島"},{"pref":"石川県","city":"金沢市","town":"松島町"}],"0011":[{"pref":"石川県","city":"金沢市","town":"松寺町"}],"0136":[{"pref":"石川県","city":"金沢市","town":"松根町"}],"0348":[{"pref":"石川県","city":"金沢市","town":"松村"}],"0347":[{"pref":"石川県","city":"金沢市","town":"松村町"}],"0047":[{"pref":"石川県","city":"金沢市","town":"大豆田本町（その他）"}],"0937":[{"pref":"石川県","city":"金沢市","town":"丸の内"}],"0809":[{"pref":"石川県","city":"金沢市","town":"三池栄町"}],"0808":[{"pref":"石川県","city":"金沢市","town":"三池新町"}],"0802":[{"pref":"石川県","city":"金沢市","town":"三池町"}],"0063":[{"pref":"石川県","city":"金沢市","town":"三浦町"}],"0978":[{"pref":"石川県","city":"金沢市","town":"水溜町"}],"0944":[{"pref":"石川県","city":"金沢市","town":"三口新町"}],"0018":[{"pref":"石川県","city":"金沢市","town":"三口町"}],"0214":[{"pref":"石川県","city":"金沢市","town":"三ツ屋町"}],"0373":[{"pref":"石川県","city":"金沢市","town":"みどり"}],"0211":[{"pref":"石川県","city":"金沢市","town":"湊"}],"0812":[{"pref":"石川県","city":"金沢市","town":"南御所町"}],"0064":[{"pref":"石川県","city":"金沢市","town":"南新保町"}],"0127":[{"pref":"石川県","city":"金沢市","town":"南千谷町"}],"0919":[{"pref":"石川県","city":"金沢市","town":"南町"}],"0366":[{"pref":"石川県","city":"金沢市","town":"南塚町"}],"0044":[{"pref":"石川県","city":"金沢市","town":"南広岡町"}],"0153":[{"pref":"石川県","city":"金沢市","town":"宮野町"}],"0006":[{"pref":"石川県","city":"金沢市","town":"宮保町"}],"0045":[{"pref":"石川県","city":"金沢市","town":"向中町"}],"0855":[{"pref":"石川県","city":"金沢市","town":"武蔵町"}],"0333":[{"pref":"石川県","city":"金沢市","town":"無量寺"}],"0332":[{"pref":"石川県","city":"金沢市","town":"無量寺町"}],"0036":[{"pref":"石川県","city":"金沢市","town":"元菊町"}],"0842":[{"pref":"石川県","city":"金沢市","town":"元町"}],"0843":[{"pref":"石川県","city":"金沢市","town":"森山"}],"0014":[{"pref":"石川県","city":"金沢市","town":"諸江町"}],"0015":[{"pref":"石川県","city":"金沢市","town":"諸江町（上丁）"}],"0016":[{"pref":"石川県","city":"金沢市","town":"諸江町（中丁）"}],"0017":[{"pref":"石川県","city":"金沢市","town":"諸江町（下丁）"}],"0052":[{"pref":"石川県","city":"金沢市","town":"薬師堂町"}],"0174":[{"pref":"石川県","city":"金沢市","town":"薬師町"}],"0854":[{"pref":"石川県","city":"金沢市","town":"安江町"}],"0816":[{"pref":"石川県","city":"金沢市","town":"山の上町"}],"0823":[{"pref":"石川県","city":"金沢市","town":"夕日寺町"}],"0146":[{"pref":"石川県","city":"金沢市","town":"柚木町"}],"0215":[{"pref":"石川県","city":"金沢市","town":"弓取町"}],"0922":[{"pref":"石川県","city":"金沢市","town":"横山町"}],"0868":[{"pref":"石川県","city":"金沢市","town":"六枚町"}],"0355":[{"pref":"石川県","city":"金沢市","town":"稚日野町"}],"0054":[{"pref":"石川県","city":"金沢市","town":"若宮"}],"0053":[{"pref":"石川県","city":"金沢市","town":"若宮町"}],"0953":[{"pref":"石川県","city":"金沢市","town":"涌波"}],"0954":[{"pref":"石川県","city":"金沢市","town":"涌波町"}],"0062":[{"pref":"石川県","city":"金沢市","town":"割出町"}],"0200":[{"pref":"石川県","city":"河北郡内灘町","town":"以下に掲載がない場合"}],"0273":[{"pref":"石川県","city":"河北郡内灘町","town":"アカシア"}],"0275":[{"pref":"石川県","city":"河北郡内灘町","town":"旭ケ丘"}],"0266":[{"pref":"石川県","city":"河北郡内灘町","town":"大根布"}],"0272":[{"pref":"石川県","city":"河北郡内灘町","town":"向陽台"}],"0263":[{"pref":"石川県","city":"河北郡内灘町","town":"湖西"}],"0269":[{"pref":"石川県","city":"河北郡内灘町","town":"白帆台"}],"0265":[{"pref":"石川県","city":"河北郡内灘町","town":"大学"}],"0267":[{"pref":"石川県","city":"河北郡内灘町","town":"大清台"}],"0277":[{"pref":"石川県","city":"河北郡内灘町","town":"千鳥台"}],"0271":[{"pref":"石川県","city":"河北郡内灘町","town":"鶴ケ丘"}],"0262":[{"pref":"石川県","city":"河北郡内灘町","town":"西荒屋"}],"0268":[{"pref":"石川県","city":"河北郡内灘町","town":"ハマナス"}],"0276":[{"pref":"石川県","city":"河北郡内灘町","town":"緑台"}],"0264":[{"pref":"石川県","city":"河北郡内灘町","town":"宮坂"}],"0274":[{"pref":"石川県","city":"河北郡内灘町","town":"向粟崎"}],"0261":[{"pref":"石川県","city":"河北郡内灘町","town":"室"}]}