{"0000":[{"pref":"埼玉県","city":"上尾市","town":"以下に掲載がない場合"}],"0025":[{"pref":"埼玉県","city":"上尾市","town":"上尾下"}],"0012":[{"pref":"埼玉県","city":"上尾市","town":"上尾宿"}],"0013":[{"pref":"埼玉県","city":"上尾市","town":"上尾村"}],"0073":[{"pref":"埼玉県","city":"上尾市","town":"浅間台"}],"0031":[{"pref":"埼玉県","city":"上尾市","town":"東町"}],"0065":[{"pref":"埼玉県","city":"上尾市","town":"畔吉"}],"0034":[{"pref":"埼玉県","city":"上尾市","town":"愛宕"}],"0062":[{"pref":"埼玉県","city":"上尾市","town":"泉台"}],"0046":[{"pref":"埼玉県","city":"上尾市","town":"壱丁目"}],"0081":[{"pref":"埼玉県","city":"上尾市","town":"壱丁目北"}],"0084":[{"pref":"埼玉県","city":"上尾市","town":"壱丁目西"}],"0082":[{"pref":"埼玉県","city":"上尾市","town":"壱丁目東"}],"0083":[{"pref":"埼玉県","city":"上尾市","town":"壱丁目南"}],"0071":[{"pref":"埼玉県","city":"上尾市","town":"井戸木"}],"0047":[{"pref":"埼玉県","city":"上尾市","town":"今泉"}],"0058":[{"pref":"埼玉県","city":"上尾市","town":"上野"}],"0056":[{"pref":"埼玉県","city":"上尾市","town":"上野本郷"}],"0044":[{"pref":"埼玉県","city":"上尾市","town":"大谷本郷"}],"0075":[{"pref":"埼玉県","city":"上尾市","town":"柏座"}],"0074":[{"pref":"埼玉県","city":"上尾市","town":"春日"}],"0001":[{"pref":"埼玉県","city":"上尾市","town":"上"}],"0037":[{"pref":"埼玉県","city":"上尾市","town":"上町"}],"0008":[{"pref":"埼玉県","city":"上尾市","town":"上平中央"}],"0048":[{"pref":"埼玉県","city":"上尾市","town":"川"}],"0022":[{"pref":"埼玉県","city":"上尾市","town":"瓦葺"}],"0007":[{"pref":"埼玉県","city":"上尾市","town":"久保"}],"0063":[{"pref":"埼玉県","city":"上尾市","town":"小泉"}],"0064":[{"pref":"埼玉県","city":"上尾市","town":"小敷谷"}],"0024":[{"pref":"埼玉県","city":"上尾市","town":"五番町"}],"0033":[{"pref":"埼玉県","city":"上尾市","town":"栄町"}],"0051":[{"pref":"埼玉県","city":"上尾市","town":"地頭方"}],"0004":[{"pref":"埼玉県","city":"上尾市","town":"須ケ谷"}],"0003":[{"pref":"埼玉県","city":"上尾市","town":"菅谷"}],"0054":[{"pref":"埼玉県","city":"上尾市","town":"堤崎"}],"0053":[{"pref":"埼玉県","city":"上尾市","town":"戸崎"}],"0052":[{"pref":"埼玉県","city":"上尾市","town":"中新井"}],"0035":[{"pref":"埼玉県","city":"上尾市","town":"仲町"}],"0072":[{"pref":"埼玉県","city":"上尾市","town":"中妻"}],"0067":[{"pref":"埼玉県","city":"上尾市","town":"中分"}],"0057":[{"pref":"埼玉県","city":"上尾市","town":"西貝塚"}],"0006":[{"pref":"埼玉県","city":"上尾市","town":"錦町"}],"0043":[{"pref":"埼玉県","city":"上尾市","town":"西宮下"}],"0005":[{"pref":"埼玉県","city":"上尾市","town":"西門前"}],"0021":[{"pref":"埼玉県","city":"上尾市","town":"原市"}],"0026":[{"pref":"埼玉県","city":"上尾市","town":"原市北"}],"0023":[{"pref":"埼玉県","city":"上尾市","town":"原市中"}],"0016":[{"pref":"埼玉県","city":"上尾市","town":"原新町"}],"0032":[{"pref":"埼玉県","city":"上尾市","town":"日の出"}],"0059":[{"pref":"埼玉県","city":"上尾市","town":"平方"}],"0055":[{"pref":"埼玉県","city":"上尾市","town":"平方領々家"}],"0011":[{"pref":"埼玉県","city":"上尾市","town":"平塚"}],"0061":[{"pref":"埼玉県","city":"上尾市","town":"藤波"}],"0041":[{"pref":"埼玉県","city":"上尾市","town":"富士見"}],"0017":[{"pref":"埼玉県","city":"上尾市","town":"二ツ宮"}],"0076":[{"pref":"埼玉県","city":"上尾市","town":"弁財"}],"0014":[{"pref":"埼玉県","city":"上尾市","town":"本町"}],"0015":[{"pref":"埼玉県","city":"上尾市","town":"緑丘"}],"0002":[{"pref":"埼玉県","city":"上尾市","town":"南"}],"0036":[{"pref":"埼玉県","city":"上尾市","town":"宮本町"}],"0045":[{"pref":"埼玉県","city":"上尾市","town":"向山"}],"0042":[{"pref":"埼玉県","city":"上尾市","town":"谷津"}],"0066":[{"pref":"埼玉県","city":"上尾市","town":"領家"}],"0800":[{"pref":"埼玉県","city":"北足立郡伊奈町","town":"以下に掲載がない場合"}],"0812":[{"pref":"埼玉県","city":"北足立郡伊奈町","town":"内宿台"}],"0803":[{"pref":"埼玉県","city":"北足立郡伊奈町","town":"大針"}],"0813":[{"pref":"埼玉県","city":"北足立郡伊奈町","town":"学園"}],"0807":[{"pref":"埼玉県","city":"北足立郡伊奈町","town":"寿"}],"0801":[{"pref":"埼玉県","city":"北足立郡伊奈町","town":"小針内宿"}],"0808":[{"pref":"埼玉県","city":"北足立郡伊奈町","town":"小針新宿"}],"0806":[{"pref":"埼玉県","city":"北足立郡伊奈町","town":"小室"}],"0805":[{"pref":"埼玉県","city":"北足立郡伊奈町","town":"栄"}],"0809":[{"pref":"埼玉県","city":"北足立郡伊奈町","town":"中央"}],"0811":[{"pref":"埼玉県","city":"北足立郡伊奈町","town":"西小針"}],"0802":[{"pref":"埼玉県","city":"北足立郡伊奈町","town":"羽貫"}],"0804":[{"pref":"埼玉県","city":"北足立郡伊奈町","town":"本町"}]}