{"0000":[{"pref":"神奈川県","city":"秦野市","town":"以下に掲載がない場合"}],"0014":[{"pref":"神奈川県","city":"秦野市","town":"今泉"}],"0018":[{"pref":"神奈川県","city":"秦野市","town":"今泉台"}],"0051":[{"pref":"神奈川県","city":"秦野市","town":"今川町"}],"0041":[{"pref":"神奈川県","city":"秦野市","town":"入船町"}],"0011":[{"pref":"神奈川県","city":"秦野市","town":"尾尻"}],"0025":[{"pref":"神奈川県","city":"秦野市","town":"落合"}],"0052":[{"pref":"神奈川県","city":"秦野市","town":"上今川町"}],"0005":[{"pref":"神奈川県","city":"秦野市","town":"上大槻"}],"0032":[{"pref":"神奈川県","city":"秦野市","town":"河原町"}],"0006":[{"pref":"神奈川県","city":"秦野市","town":"北矢名"}],"0042":[{"pref":"神奈川県","city":"秦野市","town":"寿町"}],"0022":[{"pref":"神奈川県","city":"秦野市","town":"小蓑毛"}],"0048":[{"pref":"神奈川県","city":"秦野市","town":"幸町"}],"0043":[{"pref":"神奈川県","city":"秦野市","town":"栄町"}],"0045":[{"pref":"神奈川県","city":"秦野市","town":"桜町"}],"0053":[{"pref":"神奈川県","city":"秦野市","town":"清水町"}],"0004":[{"pref":"神奈川県","city":"秦野市","town":"下大槻"}],"0026":[{"pref":"神奈川県","city":"秦野市","town":"下落合"}],"0056":[{"pref":"神奈川県","city":"秦野市","town":"新町"}],"0047":[{"pref":"神奈川県","city":"秦野市","town":"水神町"}],"0037":[{"pref":"神奈川県","city":"秦野市","town":"末広町"}],"0055":[{"pref":"神奈川県","city":"秦野市","town":"鈴張町"}],"0031":[{"pref":"神奈川県","city":"秦野市","town":"曽屋"}],"0034":[{"pref":"神奈川県","city":"秦野市","town":"大秦町"}],"0017":[{"pref":"神奈川県","city":"秦野市","town":"立野台"}],"0007":[{"pref":"神奈川県","city":"秦野市","town":"鶴巻"}],"0002":[{"pref":"神奈川県","city":"秦野市","town":"鶴巻南"}],"0001":[{"pref":"神奈川県","city":"秦野市","town":"鶴巻北"}],"0023":[{"pref":"神奈川県","city":"秦野市","town":"寺山"}],"0016":[{"pref":"神奈川県","city":"秦野市","town":"栃窪（６００～６０３番地）"}],"0024":[{"pref":"神奈川県","city":"秦野市","town":"名古木"}],"0012":[{"pref":"神奈川県","city":"秦野市","town":"西大竹"}],"0027":[{"pref":"神奈川県","city":"秦野市","town":"西田原"}],"0028":[{"pref":"神奈川県","city":"秦野市","town":"東田原"}],"0046":[{"pref":"神奈川県","city":"秦野市","town":"ひばりケ丘"}],"0015":[{"pref":"神奈川県","city":"秦野市","town":"平沢"}],"0057":[{"pref":"神奈川県","city":"秦野市","town":"富士見町"}],"0044":[{"pref":"神奈川県","city":"秦野市","town":"文京町"}],"0035":[{"pref":"神奈川県","city":"秦野市","town":"本町"}],"0054":[{"pref":"神奈川県","city":"秦野市","town":"緑町"}],"0013":[{"pref":"神奈川県","city":"秦野市","town":"南が丘"}],"0003":[{"pref":"神奈川県","city":"秦野市","town":"南矢名"}],"0021":[{"pref":"神奈川県","city":"秦野市","town":"蓑毛"}],"0033":[{"pref":"神奈川県","city":"秦野市","town":"室町"}],"0036":[{"pref":"神奈川県","city":"秦野市","town":"元町"}],"0061":[{"pref":"神奈川県","city":"愛甲郡清川村","town":"煤ケ谷（丹沢山札掛）"}]}