{"0000":[{"pref":"石川県","city":"七尾市","town":"以下に掲載がない場合"}],"0044":[{"pref":"石川県","city":"七尾市","town":"相生町"}],"0823":[{"pref":"石川県","city":"七尾市","town":"青葉台町"}],"0831":[{"pref":"石川県","city":"七尾市","town":"青山町"},{"pref":"石川県","city":"七尾市","town":"池崎町"}],"0843":[{"pref":"石川県","city":"七尾市","town":"赤浦町"}],"0833":[{"pref":"石川県","city":"七尾市","town":"旭町"}],"0372":[{"pref":"石川県","city":"七尾市","town":"麻生町"}],"0807":[{"pref":"石川県","city":"七尾市","town":"阿良町"}],"0366":[{"pref":"石川県","city":"七尾市","town":"庵町"}],"0364":[{"pref":"石川県","city":"七尾市","town":"庵町（白鳥町）"},{"pref":"石川県","city":"七尾市","town":"江泊町（白鳥町）"}],"0365":[{"pref":"石川県","city":"七尾市","town":"庵町（百海町）"}],"0367":[{"pref":"石川県","city":"七尾市","town":"庵町（虫崎町）"}],"0826":[{"pref":"石川県","city":"七尾市","town":"飯川町"}],"0804":[{"pref":"石川県","city":"七尾市","town":"生駒町"}],"0171":[{"pref":"石川県","city":"七尾市","town":"石崎町"}],"0178":[{"pref":"石川県","city":"七尾市","town":"石崎町（香島）"}],"0173":[{"pref":"石川県","city":"七尾市","town":"石崎町（西）"}],"0172":[{"pref":"石川県","city":"七尾市","town":"石崎町（東）"}],"0806":[{"pref":"石川県","city":"七尾市","town":"一本杉町"}],"0055":[{"pref":"石川県","city":"七尾市","town":"今町"}],"0816":[{"pref":"石川県","city":"七尾市","town":"岩屋町"},{"pref":"石川県","city":"七尾市","town":"藤橋町"}],"0864":[{"pref":"石川県","city":"七尾市","town":"魚町"}],"0027":[{"pref":"石川県","city":"七尾市","town":"後畠町"}],"0001":[{"pref":"石川県","city":"七尾市","town":"鵜浦町"}],"0818":[{"pref":"石川県","city":"七尾市","town":"馬出町"}],"0825":[{"pref":"石川県","city":"七尾市","town":"江曽町"}],"0363":[{"pref":"石川県","city":"七尾市","town":"江泊町"}],"0361":[{"pref":"石川県","city":"七尾市","town":"江泊町（日室町）"}],"0006":[{"pref":"石川県","city":"七尾市","town":"大田新町"},{"pref":"石川県","city":"七尾市","town":"大田町"}],"0047":[{"pref":"石川県","city":"七尾市","town":"大手町"}],"0384":[{"pref":"石川県","city":"七尾市","town":"大泊町"}],"0362":[{"pref":"石川県","city":"七尾市","town":"大野木町"}],"0005":[{"pref":"石川県","city":"七尾市","town":"岡町"}],"0174":[{"pref":"石川県","city":"七尾市","town":"奥原町"}],"0373":[{"pref":"石川県","city":"七尾市","town":"小栗町"}],"0057":[{"pref":"石川県","city":"七尾市","town":"鍛冶町"}],"0053":[{"pref":"石川県","city":"七尾市","town":"上府中町"}],"0805":[{"pref":"石川県","city":"七尾市","town":"亀山町"}],"0054":[{"pref":"石川県","city":"七尾市","town":"川原町"}],"0812":[{"pref":"石川県","city":"七尾市","town":"北藤橋町"}],"0808":[{"pref":"石川県","city":"七尾市","town":"木町"}],"0387":[{"pref":"石川県","city":"七尾市","town":"熊淵町"}],"0389":[{"pref":"石川県","city":"七尾市","town":"熊淵町（滝の尻町）"}],"0388":[{"pref":"石川県","city":"七尾市","town":"熊淵町（水上町）"}],"0381":[{"pref":"石川県","city":"七尾市","town":"黒崎町"}],"0026":[{"pref":"石川県","city":"七尾市","town":"小池川原町"}],"0375":[{"pref":"石川県","city":"七尾市","town":"柑子町"}],"0177":[{"pref":"石川県","city":"七尾市","town":"光陽台"}],"0051":[{"pref":"石川県","city":"七尾市","town":"郡町"}],"0037":[{"pref":"石川県","city":"七尾市","town":"国下町"}],"0821":[{"pref":"石川県","city":"七尾市","town":"国分町"}],"0852":[{"pref":"石川県","city":"七尾市","town":"小島町"}],"0861":[{"pref":"石川県","city":"七尾市","town":"寿町"}],"0855":[{"pref":"石川県","city":"七尾市","town":"小丸山台"}],"0803":[{"pref":"石川県","city":"七尾市","town":"米町"}],"0815":[{"pref":"石川県","city":"七尾市","town":"栄町"}],"0042":[{"pref":"石川県","city":"七尾市","town":"作事町"}],"0867":[{"pref":"石川県","city":"七尾市","town":"桜町"}],"0371":[{"pref":"石川県","city":"七尾市","town":"佐々波町"}],"0013":[{"pref":"石川県","city":"七尾市","town":"佐野町"}],"0011":[{"pref":"石川県","city":"七尾市","town":"佐味町"}],"0003":[{"pref":"石川県","city":"七尾市","town":"沢野町"}],"0052":[{"pref":"石川県","city":"七尾市","town":"山王町"}],"0374":[{"pref":"石川県","city":"七尾市","town":"清水平町"}],"0824":[{"pref":"石川県","city":"七尾市","town":"下町"},{"pref":"石川県","city":"七尾市","town":"徳田町"}],"0801":[{"pref":"石川県","city":"七尾市","town":"昭和町"}],"0828":[{"pref":"石川県","city":"七尾市","town":"白馬町"}],"0863":[{"pref":"石川県","city":"七尾市","town":"白銀町"}],"0845":[{"pref":"石川県","city":"七尾市","town":"新保町"}],"0046":[{"pref":"石川県","city":"七尾市","town":"神明町"}],"0179":[{"pref":"石川県","city":"七尾市","town":"泉南台"}],"0045":[{"pref":"石川県","city":"七尾市","town":"袖ケ江町"}],"0376":[{"pref":"石川県","city":"七尾市","town":"外林町"}],"0846":[{"pref":"石川県","city":"七尾市","town":"祖浜町"}],"0023":[{"pref":"石川県","city":"七尾市","town":"竹町"}],"0844":[{"pref":"石川県","city":"七尾市","town":"直津町"}],"0043":[{"pref":"石川県","city":"七尾市","town":"橘町"}],"0034":[{"pref":"石川県","city":"七尾市","town":"多根町"}],"0033":[{"pref":"石川県","city":"七尾市","town":"千野町"}],"0851":[{"pref":"石川県","city":"七尾市","town":"つつじが浜"}],"0853":[{"pref":"石川県","city":"七尾市","town":"津向町"}],"0022":[{"pref":"石川県","city":"七尾市","town":"天神川原町"}],"0383":[{"pref":"石川県","city":"七尾市","town":"東浜町"}],"0862":[{"pref":"石川県","city":"七尾市","town":"常盤町"}],"0829":[{"pref":"石川県","city":"七尾市","town":"徳田新町"}],"0814":[{"pref":"石川県","city":"七尾市","town":"所口町"}],"0004":[{"pref":"石川県","city":"七尾市","town":"殿町"}],"0866":[{"pref":"石川県","city":"七尾市","town":"富岡町"}],"0021":[{"pref":"石川県","city":"七尾市","town":"巴町"},{"pref":"石川県","city":"七尾市","town":"本府中町"}],"0036":[{"pref":"石川県","city":"七尾市","town":"中挾町"}],"0854":[{"pref":"石川県","city":"七尾市","town":"なぎの浦"}],"0817":[{"pref":"石川県","city":"七尾市","town":"西藤橋町"}],"0835":[{"pref":"石川県","city":"七尾市","town":"西三階町"}],"0837":[{"pref":"石川県","city":"七尾市","town":"温井町"}],"0056":[{"pref":"石川県","city":"七尾市","town":"塗師町"}],"0203":[{"pref":"石川県","city":"七尾市","town":"能登島えの目町"}],"0208":[{"pref":"石川県","city":"七尾市","town":"能登島小浦町"}],"0227":[{"pref":"石川県","city":"七尾市","town":"能登島久木町"}],"0211":[{"pref":"石川県","city":"七尾市","town":"能登島向田町"}],"0212":[{"pref":"石川県","city":"七尾市","town":"能登島佐波町"}],"0213":[{"pref":"石川県","city":"七尾市","town":"能登島須曽町"}],"0226":[{"pref":"石川県","city":"七尾市","town":"能登島田尻町"}],"0225":[{"pref":"石川県","city":"七尾市","town":"能登島通町"}],"0204":[{"pref":"石川県","city":"七尾市","town":"能登島長崎町"}],"0222":[{"pref":"石川県","city":"七尾市","town":"能登島閨町"}],"0205":[{"pref":"石川県","city":"七尾市","town":"能登島野崎町"}],"0201":[{"pref":"石川県","city":"七尾市","town":"能登島祖母ケ浦町"}],"0202":[{"pref":"石川県","city":"七尾市","town":"能登島八ケ崎町"}],"0223":[{"pref":"石川県","city":"七尾市","town":"能登島半浦町"}],"0206":[{"pref":"石川県","city":"七尾市","town":"能登島日出ケ島町"}],"0224":[{"pref":"石川県","city":"七尾市","town":"能登島百万石町"}],"0207":[{"pref":"石川県","city":"七尾市","town":"能登島二穴町"}],"0214":[{"pref":"石川県","city":"七尾市","town":"能登島別所町"}],"0216":[{"pref":"石川県","city":"七尾市","town":"能登島曲町"}],"0215":[{"pref":"石川県","city":"七尾市","town":"能登島南町"}],"0221":[{"pref":"石川県","city":"七尾市","town":"能登島無関町"}],"0035":[{"pref":"石川県","city":"七尾市","town":"八田町"}],"0382":[{"pref":"石川県","city":"七尾市","town":"花園町"}],"0832":[{"pref":"石川県","city":"七尾市","town":"盤若野町"}],"0834":[{"pref":"石川県","city":"七尾市","town":"東三階町"}],"0048":[{"pref":"石川県","city":"七尾市","town":"桧物町"}],"0028":[{"pref":"石川県","city":"七尾市","town":"藤野町"}],"0041":[{"pref":"石川県","city":"七尾市","town":"府中町"}],"0031":[{"pref":"石川県","city":"七尾市","town":"古府町"}],"0025":[{"pref":"石川県","city":"七尾市","town":"古城町"}],"0024":[{"pref":"石川県","city":"七尾市","town":"古屋敷町"}],"0012":[{"pref":"石川県","city":"七尾市","town":"報国町"},{"pref":"石川県","city":"七尾市","town":"万行町"}],"0822":[{"pref":"石川県","city":"七尾市","town":"細口町"}],"0836":[{"pref":"石川県","city":"七尾市","town":"町屋町"}],"0842":[{"pref":"石川県","city":"七尾市","town":"松百新町"}],"0841":[{"pref":"石川県","city":"七尾市","town":"松百町"}],"0865":[{"pref":"石川県","city":"七尾市","town":"松本町"}],"0838":[{"pref":"石川県","city":"七尾市","town":"満仁町"}],"0017":[{"pref":"石川県","city":"七尾市","town":"万行"}],"0802":[{"pref":"石川県","city":"七尾市","town":"三島町"}],"0811":[{"pref":"石川県","city":"七尾市","town":"御祓町"}],"0014":[{"pref":"石川県","city":"七尾市","town":"緑ケ丘町"},{"pref":"石川県","city":"七尾市","town":"矢田町"}],"0058":[{"pref":"石川県","city":"七尾市","town":"湊町"}],"0032":[{"pref":"石川県","city":"七尾市","town":"南ケ丘町"}],"0813":[{"pref":"石川県","city":"七尾市","town":"南藤橋町"}],"0007":[{"pref":"石川県","city":"七尾市","town":"三室町"}],"0015":[{"pref":"石川県","city":"七尾市","town":"矢田新町"}],"0385":[{"pref":"石川県","city":"七尾市","town":"山崎町"}],"0386":[{"pref":"石川県","city":"七尾市","town":"山崎町（小川内町）"}],"0016":[{"pref":"石川県","city":"七尾市","town":"大和町"}],"0038":[{"pref":"石川県","city":"七尾市","town":"八幡町"}],"0002":[{"pref":"石川県","city":"七尾市","town":"湯川町"}],"0827":[{"pref":"石川県","city":"七尾市","town":"若林町"}],"0175":[{"pref":"石川県","city":"七尾市","town":"和倉町"}],"0176":[{"pref":"石川県","city":"七尾市","town":"和倉町ひばり"}]}