{"0000":[{"pref":"神奈川県","city":"横浜市神奈川区","town":"以下に掲載がない場合"}],"0057":[{"pref":"神奈川県","city":"横浜市神奈川区","town":"青木町"}],"0814":[{"pref":"神奈川県","city":"横浜市神奈川区","town":"旭ケ丘"}],"0032":[{"pref":"神奈川県","city":"横浜市神奈川区","town":"出田町"}],"0842":[{"pref":"神奈川県","city":"横浜市神奈川区","town":"泉町"}],"0014":[{"pref":"神奈川県","city":"横浜市神奈川区","town":"入江"}],"0062":[{"pref":"神奈川県","city":"横浜市神奈川区","town":"浦島丘"}],"0042":[{"pref":"神奈川県","city":"横浜市神奈川区","town":"浦島町"}],"0024":[{"pref":"神奈川県","city":"横浜市神奈川区","town":"恵比須町"}],"0002":[{"pref":"神奈川県","city":"横浜市神奈川区","town":"大口通"}],"0003":[{"pref":"神奈川県","city":"横浜市神奈川区","town":"大口仲町"}],"0055":[{"pref":"神奈川県","city":"横浜市神奈川区","town":"大野町"}],"0865":[{"pref":"神奈川県","city":"横浜市神奈川区","town":"片倉"}],"0045":[{"pref":"神奈川県","city":"横浜市神奈川区","town":"神奈川"}],"0046":[{"pref":"神奈川県","city":"横浜市神奈川区","town":"神奈川本町"}],"0831":[{"pref":"神奈川県","city":"横浜市神奈川区","town":"上反町"}],"0011":[{"pref":"神奈川県","city":"横浜市神奈川区","town":"神之木台"}],"0015":[{"pref":"神奈川県","city":"横浜市神奈川区","town":"神之木町"}],"0041":[{"pref":"神奈川県","city":"横浜市神奈川区","town":"亀住町"}],"0801":[{"pref":"神奈川県","city":"横浜市神奈川区","town":"神大寺"}],"0832":[{"pref":"神奈川県","city":"横浜市神奈川区","town":"桐畑"}],"0056":[{"pref":"神奈川県","city":"横浜市神奈川区","town":"金港町"}],"0804":[{"pref":"神奈川県","city":"横浜市神奈川区","town":"栗田谷"}],"0051":[{"pref":"神奈川県","city":"横浜市神奈川区","town":"幸ケ谷"}],"0012":[{"pref":"神奈川県","city":"横浜市神奈川区","town":"子安台"}],"0021":[{"pref":"神奈川県","city":"横浜市神奈川区","town":"子安通"}],"0811":[{"pref":"神奈川県","city":"横浜市神奈川区","town":"斎藤分町"}],"0052":[{"pref":"神奈川県","city":"横浜市神奈川区","town":"栄町"}],"0844":[{"pref":"神奈川県","city":"横浜市神奈川区","town":"沢渡"}],"0862":[{"pref":"神奈川県","city":"横浜市神奈川区","town":"三枚町"}],"0075":[{"pref":"神奈川県","city":"横浜市神奈川区","town":"白幡上町"}],"0071":[{"pref":"神奈川県","city":"横浜市神奈川区","town":"白幡仲町"}],"0072":[{"pref":"神奈川県","city":"横浜市神奈川区","town":"白幡東町"}],"0074":[{"pref":"神奈川県","city":"横浜市神奈川区","town":"白幡西町"}],"0073":[{"pref":"神奈川県","city":"横浜市神奈川区","town":"白幡南町"}],"0077":[{"pref":"神奈川県","city":"横浜市神奈川区","town":"白幡向町"}],"0076":[{"pref":"神奈川県","city":"横浜市神奈川区","town":"白幡町"}],"0031":[{"pref":"神奈川県","city":"横浜市神奈川区","town":"新浦島町"}],"0013":[{"pref":"神奈川県","city":"横浜市神奈川区","town":"新子安"}],"0043":[{"pref":"神奈川県","city":"横浜市神奈川区","town":"新町"}],"0864":[{"pref":"神奈川県","city":"横浜市神奈川区","town":"菅田町"}],"0033":[{"pref":"神奈川県","city":"横浜市神奈川区","town":"鈴繁町"}],"0834":[{"pref":"神奈川県","city":"横浜市神奈川区","town":"台町"}],"0833":[{"pref":"神奈川県","city":"横浜市神奈川区","town":"高島台"}],"0023":[{"pref":"神奈川県","city":"横浜市神奈川区","town":"宝町"}],"0063":[{"pref":"神奈川県","city":"横浜市神奈川区","town":"立町"}],"0825":[{"pref":"神奈川県","city":"横浜市神奈川区","town":"反町"}],"0036":[{"pref":"神奈川県","city":"横浜市神奈川区","town":"千若町"}],"0835":[{"pref":"神奈川県","city":"横浜市神奈川区","town":"鶴屋町"}],"0821":[{"pref":"神奈川県","city":"横浜市神奈川区","town":"富家町"}],"0064":[{"pref":"神奈川県","city":"横浜市神奈川区","town":"鳥越"}],"0803":[{"pref":"神奈川県","city":"横浜市神奈川区","town":"中丸"}],"0061":[{"pref":"神奈川県","city":"横浜市神奈川区","town":"七島町"}],"0004":[{"pref":"神奈川県","city":"横浜市神奈川区","town":"西大口"}],"0822":[{"pref":"神奈川県","city":"横浜市神奈川区","town":"西神奈川"}],"0001":[{"pref":"神奈川県","city":"横浜市神奈川区","town":"西寺尾"}],"0813":[{"pref":"神奈川県","city":"横浜市神奈川区","town":"二本榎"}],"0065":[{"pref":"神奈川県","city":"横浜市神奈川区","town":"白楽"}],"0863":[{"pref":"神奈川県","city":"横浜市神奈川区","town":"羽沢町"}],"0866":[{"pref":"神奈川県","city":"横浜市神奈川区","town":"羽沢南"}],"0053":[{"pref":"神奈川県","city":"横浜市神奈川区","town":"橋本町"}],"0044":[{"pref":"神奈川県","city":"横浜市神奈川区","town":"東神奈川"}],"0812":[{"pref":"神奈川県","city":"横浜市神奈川区","town":"平川町"}],"0824":[{"pref":"神奈川県","city":"横浜市神奈川区","town":"広台太田町"}],"0823":[{"pref":"神奈川県","city":"横浜市神奈川区","town":"二ツ谷町"}],"0035":[{"pref":"神奈川県","city":"横浜市神奈川区","town":"星野町"}],"0843":[{"pref":"神奈川県","city":"横浜市神奈川区","town":"松ケ丘"}],"0005":[{"pref":"神奈川県","city":"横浜市神奈川区","town":"松見町"}],"0841":[{"pref":"神奈川県","city":"横浜市神奈川区","town":"松本町"}],"0034":[{"pref":"神奈川県","city":"横浜市神奈川区","town":"瑞穂町"}],"0856":[{"pref":"神奈川県","city":"横浜市神奈川区","town":"三ツ沢上町"}],"0851":[{"pref":"神奈川県","city":"横浜市神奈川区","town":"三ツ沢中町"}],"0852":[{"pref":"神奈川県","city":"横浜市神奈川区","town":"三ツ沢下町"}],"0853":[{"pref":"神奈川県","city":"横浜市神奈川区","town":"三ツ沢東町"}],"0855":[{"pref":"神奈川県","city":"横浜市神奈川区","town":"三ツ沢西町"}],"0854":[{"pref":"神奈川県","city":"横浜市神奈川区","town":"三ツ沢南町"}],"0022":[{"pref":"神奈川県","city":"横浜市神奈川区","town":"守屋町"}],"0054":[{"pref":"神奈川県","city":"横浜市神奈川区","town":"山内町"}],"0802":[{"pref":"神奈川県","city":"横浜市神奈川区","town":"六角橋"}]}