{"0000":[{"pref":"山口県","city":"光市","town":"以下に掲載がない場合"}],"0021":[{"pref":"山口県","city":"光市","town":"浅江"}],"0051":[{"pref":"山口県","city":"光市","town":"岩狩"}],"0103":[{"pref":"山口県","city":"光市","town":"岩田"}],"0104":[{"pref":"山口県","city":"光市","town":"岩田立野"}],"0003":[{"pref":"山口県","city":"光市","town":"牛島"}],"0065":[{"pref":"山口県","city":"光市","town":"上島田"}],"0046":[{"pref":"山口県","city":"光市","town":"木園"}],"0043":[{"pref":"山口県","city":"光市","town":"協和町"}],"0061":[{"pref":"山口県","city":"光市","town":"小周防"}],"0101":[{"pref":"山口県","city":"光市","town":"塩田"}],"0063":[{"pref":"山口県","city":"光市","town":"島田"}],"0012":[{"pref":"山口県","city":"光市","town":"千坊台"}],"0042":[{"pref":"山口県","city":"光市","town":"宝町"}],"0062":[{"pref":"山口県","city":"光市","town":"立野"}],"0013":[{"pref":"山口県","city":"光市","town":"中央"}],"0105":[{"pref":"山口県","city":"光市","town":"束荷"}],"0064":[{"pref":"山口県","city":"光市","town":"中島田"}],"0048":[{"pref":"山口県","city":"光市","town":"中村町"}],"0031":[{"pref":"山口県","city":"光市","town":"虹ケ丘"}],"0022":[{"pref":"山口県","city":"光市","town":"虹ケ浜"}],"0047":[{"pref":"山口県","city":"光市","town":"花園"}],"0023":[{"pref":"山口県","city":"光市","town":"光ケ丘"}],"0041":[{"pref":"山口県","city":"光市","town":"丸山町"}],"0052":[{"pref":"山口県","city":"光市","town":"三井"}],"0011":[{"pref":"山口県","city":"光市","town":"光井"}],"0045":[{"pref":"山口県","city":"光市","town":"宮ノ下町"}],"0102":[{"pref":"山口県","city":"光市","town":"三輪"}],"0007":[{"pref":"山口県","city":"光市","town":"室積"}],"0004":[{"pref":"山口県","city":"光市","town":"室積市延"}],"0002":[{"pref":"山口県","city":"光市","town":"室積浦"}],"0072":[{"pref":"山口県","city":"光市","town":"室積大町"}],"0075":[{"pref":"山口県","city":"光市","town":"室積沖田"}],"0071":[{"pref":"山口県","city":"光市","town":"室積新開"}],"0006":[{"pref":"山口県","city":"光市","town":"室積神田"}],"0008":[{"pref":"山口県","city":"光市","town":"室積中央町"}],"0074":[{"pref":"山口県","city":"光市","town":"室積西ノ庄"}],"0005":[{"pref":"山口県","city":"光市","town":"室積東ノ庄"}],"0073":[{"pref":"山口県","city":"光市","town":"室積正木"}],"0009":[{"pref":"山口県","city":"光市","town":"室積松原"}],"0001":[{"pref":"山口県","city":"光市","town":"室積村"}],"0044":[{"pref":"山口県","city":"光市","town":"和田町"}]}