{"0000":[{"pref":"静岡県","city":"富士宮市","town":"以下に掲載がない場合"}],"0047":[{"pref":"静岡県","city":"富士宮市","town":"青木"}],"0048":[{"pref":"静岡県","city":"富士宮市","town":"青木平"}],"0016":[{"pref":"静岡県","city":"富士宮市","town":"阿幸地"}],"0078":[{"pref":"静岡県","city":"富士宮市","town":"阿幸地町"}],"0037":[{"pref":"静岡県","city":"富士宮市","town":"安居山"}],"0057":[{"pref":"静岡県","city":"富士宮市","town":"朝日町"}],"0032":[{"pref":"静岡県","city":"富士宮市","town":"浅間町"}],"0011":[{"pref":"静岡県","city":"富士宮市","town":"粟倉"}],"0018":[{"pref":"静岡県","city":"富士宮市","town":"粟倉南町"}],"0043":[{"pref":"静岡県","city":"富士宮市","town":"泉町"}],"0108":[{"pref":"静岡県","city":"富士宮市","town":"猪之頭"}],"0104":[{"pref":"静岡県","city":"富士宮市","town":"内野"}],"0113":[{"pref":"静岡県","city":"富士宮市","town":"馬見塚"}],"0013":[{"pref":"静岡県","city":"富士宮市","town":"大岩"}],"0044":[{"pref":"静岡県","city":"富士宮市","town":"大中里"}],"0066":[{"pref":"静岡県","city":"富士宮市","town":"大宮町"}],"0103":[{"pref":"静岡県","city":"富士宮市","town":"上井出"}],"0116":[{"pref":"静岡県","city":"富士宮市","town":"上条"}],"0117":[{"pref":"静岡県","city":"富士宮市","town":"狩宿"}],"0031":[{"pref":"静岡県","city":"富士宮市","town":"神田川町"}],"0061":[{"pref":"静岡県","city":"富士宮市","town":"北町"}],"0112":[{"pref":"静岡県","city":"富士宮市","town":"北山"}],"0042":[{"pref":"静岡県","city":"富士宮市","town":"貴船町"}],"0034":[{"pref":"静岡県","city":"富士宮市","town":"黒田"}],"0074":[{"pref":"静岡県","city":"富士宮市","town":"源道寺町"}],"0022":[{"pref":"静岡県","city":"富士宮市","town":"小泉"}],"0107":[{"pref":"静岡県","city":"富士宮市","town":"佐折"}],"0114":[{"pref":"静岡県","city":"富士宮市","town":"下条"}],"0115":[{"pref":"静岡県","city":"富士宮市","town":"精進川"}],"0062":[{"pref":"静岡県","city":"富士宮市","town":"城北町"}],"0021":[{"pref":"静岡県","city":"富士宮市","town":"杉田"}],"0055":[{"pref":"静岡県","city":"富士宮市","town":"宝町"}],"0075":[{"pref":"静岡県","city":"富士宮市","town":"田中町"}],"0065":[{"pref":"静岡県","city":"富士宮市","town":"中央町"}],"0006":[{"pref":"静岡県","city":"富士宮市","town":"外神"}],"0007":[{"pref":"静岡県","city":"富士宮市","town":"外神東町"}],"0046":[{"pref":"静岡県","city":"富士宮市","town":"中里東町"}],"0045":[{"pref":"静岡県","city":"富士宮市","town":"中島町"}],"0002":[{"pref":"静岡県","city":"富士宮市","town":"中原町"}],"0019":[{"pref":"静岡県","city":"富士宮市","town":"南陵"}],"0076":[{"pref":"静岡県","city":"富士宮市","town":"錦町"}],"0026":[{"pref":"静岡県","city":"富士宮市","town":"西小泉町"}],"0056":[{"pref":"静岡県","city":"富士宮市","town":"西町"}],"0024":[{"pref":"静岡県","city":"富士宮市","town":"貫戸"}],"0036":[{"pref":"静岡県","city":"富士宮市","town":"沼久保"}],"0101":[{"pref":"静岡県","city":"富士宮市","town":"根原"}],"0039":[{"pref":"静岡県","city":"富士宮市","town":"野中"}],"0038":[{"pref":"静岡県","city":"富士宮市","town":"野中町"}],"0033":[{"pref":"静岡県","city":"富士宮市","town":"野中東町"}],"0105":[{"pref":"静岡県","city":"富士宮市","town":"原"}],"0106":[{"pref":"静岡県","city":"富士宮市","town":"半野"}],"0054":[{"pref":"静岡県","city":"富士宮市","town":"光町"}],"0071":[{"pref":"静岡県","city":"富士宮市","town":"東阿幸地"}],"0077":[{"pref":"静岡県","city":"富士宮市","town":"東町"}],"0102":[{"pref":"静岡県","city":"富士宮市","town":"人穴"}],"0003":[{"pref":"静岡県","city":"富士宮市","town":"ひばりが丘"}],"0014":[{"pref":"静岡県","city":"富士宮市","town":"富士見ケ丘"}],"0017":[{"pref":"静岡県","city":"富士宮市","town":"舟久保町"}],"0109":[{"pref":"静岡県","city":"富士宮市","town":"麓"}],"0035":[{"pref":"静岡県","city":"富士宮市","town":"星山"}],"0058":[{"pref":"静岡県","city":"富士宮市","town":"穂波町"}],"0015":[{"pref":"静岡県","city":"富士宮市","town":"舞々木町"}],"0025":[{"pref":"静岡県","city":"富士宮市","town":"前田町"}],"0001":[{"pref":"静岡県","city":"富士宮市","town":"万野原新田"}],"0004":[{"pref":"静岡県","city":"富士宮市","town":"三園平"}],"0053":[{"pref":"静岡県","city":"富士宮市","town":"宮北町"}],"0067":[{"pref":"静岡県","city":"富士宮市","town":"宮町"}],"0005":[{"pref":"静岡県","city":"富士宮市","town":"宮原"}],"0012":[{"pref":"静岡県","city":"富士宮市","town":"村山"}],"0064":[{"pref":"静岡県","city":"富士宮市","town":"元城町"}],"0072":[{"pref":"静岡県","city":"富士宮市","town":"矢立町"}],"0111":[{"pref":"静岡県","city":"富士宮市","town":"山宮"}],"0023":[{"pref":"静岡県","city":"富士宮市","town":"山本"}],"0068":[{"pref":"静岡県","city":"富士宮市","town":"豊町"}],"0073":[{"pref":"静岡県","city":"富士宮市","town":"弓沢町"}],"0041":[{"pref":"静岡県","city":"富士宮市","town":"淀川町"}],"0051":[{"pref":"静岡県","city":"富士宮市","town":"淀師"}],"0052":[{"pref":"静岡県","city":"富士宮市","town":"淀平町"}],"0063":[{"pref":"静岡県","city":"富士宮市","town":"若の宮町"}]}