{"1200":[{"pref":"北海道","city":"上川郡下川町","town":"以下に掲載がない場合"}],"1201":[{"pref":"北海道","city":"上川郡下川町","town":"旭町"}],"1202":[{"pref":"北海道","city":"上川郡下川町","town":"緑町"}],"1203":[{"pref":"北海道","city":"上川郡下川町","town":"共栄町"}],"1204":[{"pref":"北海道","city":"上川郡下川町","town":"南町"}],"1205":[{"pref":"北海道","city":"上川郡下川町","town":"西町"}],"1206":[{"pref":"北海道","city":"上川郡下川町","town":"幸町"}],"1207":[{"pref":"北海道","city":"上川郡下川町","town":"錦町"}],"1211":[{"pref":"北海道","city":"上川郡下川町","town":"珊瑠"}],"1212":[{"pref":"北海道","city":"上川郡下川町","town":"北町"}],"1213":[{"pref":"北海道","city":"上川郡下川町","town":"三の橋"}],"1214":[{"pref":"北海道","city":"上川郡下川町","town":"渓和"}],"1215":[{"pref":"北海道","city":"上川郡下川町","town":"班渓"}],"1216":[{"pref":"北海道","city":"上川郡下川町","town":"上名寄"}],"1331":[{"pref":"北海道","city":"上川郡下川町","town":"一の橋"}],"1332":[{"pref":"北海道","city":"上川郡下川町","town":"二の橋"}],"1421":[{"pref":"北海道","city":"紋別郡西興部村","town":"上興部"}],"1422":[{"pref":"北海道","city":"紋別郡西興部村","town":"東興"}],"1423":[{"pref":"北海道","city":"紋別郡西興部村","town":"札滑"}],"1424":[{"pref":"北海道","city":"紋別郡西興部村","town":"奥興部"}],"1500":[{"pref":"北海道","city":"紋別郡西興部村","town":"以下に掲載がない場合"}],"1501":[{"pref":"北海道","city":"紋別郡西興部村","town":"西興部"}],"1502":[{"pref":"北海道","city":"紋別郡西興部村","town":"六興"}],"1503":[{"pref":"北海道","city":"紋別郡西興部村","town":"中興部"}],"1504":[{"pref":"北海道","city":"紋別郡西興部村","town":"忍路子"}],"1505":[{"pref":"北海道","city":"紋別郡西興部村","town":"上藻"}],"1506":[{"pref":"北海道","city":"紋別郡西興部村","town":"中藻"}],"1600":[{"pref":"北海道","city":"紋別郡興部町","town":"以下に掲載がない場合"}],"1601":[{"pref":"北海道","city":"紋別郡興部町","town":"興部（元町）"}],"1602":[{"pref":"北海道","city":"紋別郡興部町","town":"興部（浜町）"}],"1603":[{"pref":"北海道","city":"紋別郡興部町","town":"興部（東町）"}],"1604":[{"pref":"北海道","city":"紋別郡興部町","town":"興部（春日町）"}],"1605":[{"pref":"北海道","city":"紋別郡興部町","town":"興部（緑ケ丘）"}],"1606":[{"pref":"北海道","city":"紋別郡興部町","town":"興部（栄町）"}],"1607":[{"pref":"北海道","city":"紋別郡興部町","town":"興部（旭町）"}],"1611":[{"pref":"北海道","city":"紋別郡興部町","town":"興部（泉町）"}],"1612":[{"pref":"北海道","city":"紋別郡興部町","town":"興部（新泉町）"}],"1613":[{"pref":"北海道","city":"紋別郡興部町","town":"興部（新町）"}],"1614":[{"pref":"北海道","city":"紋別郡興部町","town":"興部（幸町）"}],"1615":[{"pref":"北海道","city":"紋別郡興部町","town":"興部（仲町）"}],"1616":[{"pref":"北海道","city":"紋別郡興部町","town":"興部（本町）"}],"1621":[{"pref":"北海道","city":"紋別郡興部町","town":"秋里"}],"1622":[{"pref":"北海道","city":"紋別郡興部町","town":"北興"}],"1623":[{"pref":"北海道","city":"紋別郡興部町","town":"興部（宮下町）"}],"1624":[{"pref":"北海道","city":"紋別郡興部町","town":"宇津"}],"1700":[{"pref":"北海道","city":"紋別郡雄武町","town":"以下に掲載がない場合"}],"1701":[{"pref":"北海道","city":"紋別郡雄武町","town":"北雄武"}],"1702":[{"pref":"北海道","city":"紋別郡雄武町","town":"雄武"}],"1703":[{"pref":"北海道","city":"紋別郡雄武町","town":"沢木"}],"1704":[{"pref":"北海道","city":"紋別郡雄武町","town":"上沢木"}],"1705":[{"pref":"北海道","city":"紋別郡雄武町","town":"南雄武"}],"1706":[{"pref":"北海道","city":"紋別郡雄武町","town":"中雄武"}],"1707":[{"pref":"北海道","city":"紋別郡雄武町","town":"上雄武"}],"1708":[{"pref":"北海道","city":"紋別郡雄武町","town":"上幌内"}],"1821":[{"pref":"北海道","city":"紋別郡雄武町","town":"北幌内"},{"pref":"北海道","city":"紋別郡雄武町","town":"中幌内"},{"pref":"北海道","city":"紋別郡雄武町","town":"幌内"}],"1941":[{"pref":"北海道","city":"紋別郡興部町","town":"沙留"}],"1942":[{"pref":"北海道","city":"紋別郡興部町","town":"富丘"}],"1943":[{"pref":"北海道","city":"紋別郡興部町","town":"住吉"}],"1944":[{"pref":"北海道","city":"紋別郡興部町","town":"豊野"}],"2181":[{"pref":"北海道","city":"名寄市","town":"智恵文"}],"2200":[{"pref":"北海道","city":"中川郡美深町","town":"以下に掲載がない場合"}],"2201":[{"pref":"北海道","city":"中川郡美深町","town":"泉"}],"2202":[{"pref":"北海道","city":"中川郡美深町","town":"玉川"}],"2203":[{"pref":"北海道","city":"中川郡美深町","town":"六郷"}],"2204":[{"pref":"北海道","city":"中川郡美深町","town":"川西"}],"2205":[{"pref":"北海道","city":"中川郡美深町","town":"美深"}],"2206":[{"pref":"北海道","city":"中川郡美深町","town":"菊丘"}],"2207":[{"pref":"北海道","city":"中川郡美深町","town":"辺渓"}],"2208":[{"pref":"北海道","city":"中川郡美深町","town":"仁宇布"}],"2211":[{"pref":"北海道","city":"中川郡美深町","town":"富岡"}],"2212":[{"pref":"北海道","city":"中川郡美深町","town":"班渓"}],"2213":[{"pref":"北海道","city":"中川郡美深町","town":"吉野"}],"2214":[{"pref":"北海道","city":"中川郡美深町","town":"敷島"}],"2220":[{"pref":"北海道","city":"中川郡美深町","town":"大通北"}],"2221":[{"pref":"北海道","city":"中川郡美深町","town":"東一条北"}],"2222":[{"pref":"北海道","city":"中川郡美深町","town":"東二条北"}],"2223":[{"pref":"北海道","city":"中川郡美深町","town":"東三条北"}],"2224":[{"pref":"北海道","city":"中川郡美深町","town":"東四条北"}],"2225":[{"pref":"北海道","city":"中川郡美深町","town":"東五条北"}],"2226":[{"pref":"北海道","city":"中川郡美深町","town":"東六条北"}],"2227":[{"pref":"北海道","city":"中川郡美深町","town":"北町"}],"2230":[{"pref":"北海道","city":"中川郡美深町","town":"大通南"}],"2231":[{"pref":"北海道","city":"中川郡美深町","town":"東一条南"}],"2232":[{"pref":"北海道","city":"中川郡美深町","town":"東二条南"}],"2233":[{"pref":"北海道","city":"中川郡美深町","town":"東三条南"}],"2234":[{"pref":"北海道","city":"中川郡美深町","town":"東四条南"}],"2235":[{"pref":"北海道","city":"中川郡美深町","town":"南町"}],"2236":[{"pref":"北海道","city":"中川郡美深町","town":"東六条南"}],"2237":[{"pref":"北海道","city":"中川郡美深町","town":"若松町"}],"2238":[{"pref":"北海道","city":"中川郡美深町","town":"開運町"}],"2241":[{"pref":"北海道","city":"中川郡美深町","town":"西一条南"}],"2242":[{"pref":"北海道","city":"中川郡美深町","town":"西二条南"}],"2243":[{"pref":"北海道","city":"中川郡美深町","town":"西三条南"}],"2251":[{"pref":"北海道","city":"中川郡美深町","town":"西一条北"}],"2252":[{"pref":"北海道","city":"中川郡美深町","town":"西町"}],"2253":[{"pref":"北海道","city":"中川郡美深町","town":"西三条北"}],"2361":[{"pref":"北海道","city":"中川郡美深町","town":"恩根内"}],"2362":[{"pref":"北海道","city":"中川郡美深町","town":"大手"}],"2363":[{"pref":"北海道","city":"中川郡美深町","town":"小車"}],"2364":[{"pref":"北海道","city":"中川郡美深町","town":"報徳"}],"2365":[{"pref":"北海道","city":"中川郡美深町","town":"西里"}],"2366":[{"pref":"北海道","city":"中川郡美深町","town":"紋穂内"}],"2367":[{"pref":"北海道","city":"中川郡美深町","town":"楠"}],"2368":[{"pref":"北海道","city":"中川郡美深町","town":"清水"}],"2500":[{"pref":"北海道","city":"中川郡音威子府村","town":"以下に掲載がない場合"}],"2501":[{"pref":"北海道","city":"中川郡音威子府村","town":"音威子府"}],"2502":[{"pref":"北海道","city":"中川郡音威子府村","town":"咲来"}],"2621":[{"pref":"北海道","city":"中川郡中川町","town":"共和"}],"2622":[{"pref":"北海道","city":"中川郡中川町","town":"佐久"}],"2623":[{"pref":"北海道","city":"中川郡中川町","town":"富和"}],"2624":[{"pref":"北海道","city":"中川郡中川町","town":"豊里"}],"2625":[{"pref":"北海道","city":"中川郡中川町","town":"安川"}],"2626":[{"pref":"北海道","city":"中川郡中川町","town":"安川（３）"}],"2800":[{"pref":"北海道","city":"中川郡中川町","town":"以下に掲載がない場合"}],"2801":[{"pref":"北海道","city":"中川郡中川町","town":"歌内"}],"2802":[{"pref":"北海道","city":"中川郡中川町","town":"中川"}],"2803":[{"pref":"北海道","city":"中川郡中川町","town":"琴平"}],"2804":[{"pref":"北海道","city":"中川郡中川町","town":"大富"}],"2805":[{"pref":"北海道","city":"中川郡中川町","town":"誉"}],"2806":[{"pref":"北海道","city":"中川郡中川町","town":"国府"}],"2941":[{"pref":"北海道","city":"天塩郡幌延町","town":"上問寒"}],"2942":[{"pref":"北海道","city":"天塩郡幌延町","town":"中問寒"}],"2943":[{"pref":"北海道","city":"天塩郡幌延町","town":"問寒別"}],"3131":[{"pref":"北海道","city":"天塩郡天塩町","town":"タツネウシ"}],"3132":[{"pref":"北海道","city":"天塩郡天塩町","town":"東雄信内"}],"3133":[{"pref":"北海道","city":"天塩郡天塩町","town":"オヌプナイ"},{"pref":"北海道","city":"天塩郡天塩町","town":"雄信内"}],"3134":[{"pref":"北海道","city":"天塩郡天塩町","town":"円山"}],"3135":[{"pref":"北海道","city":"天塩郡天塩町","town":"東産士"}],"3136":[{"pref":"北海道","city":"天塩郡天塩町","town":"下コクネップ"}],"3141":[{"pref":"北海道","city":"天塩郡天塩町","town":"西雄信内"}],"3142":[{"pref":"北海道","city":"天塩郡天塩町","town":"新成"}],"3143":[{"pref":"北海道","city":"天塩郡天塩町","town":"泉源"}],"3144":[{"pref":"北海道","city":"天塩郡天塩町","town":"男能富"}],"3200":[{"pref":"北海道","city":"天塩郡幌延町","town":"以下に掲載がない場合"}],"3201":[{"pref":"北海道","city":"天塩郡幌延町","town":"一条北"}],"3202":[{"pref":"北海道","city":"天塩郡幌延町","town":"二条北"}],"3203":[{"pref":"北海道","city":"天塩郡幌延町","town":"三条北"}],"3204":[{"pref":"北海道","city":"天塩郡幌延町","town":"四条北"}],"3205":[{"pref":"北海道","city":"天塩郡幌延町","town":"五条北"}],"3206":[{"pref":"北海道","city":"天塩郡幌延町","town":"六条北"}],"3207":[{"pref":"北海道","city":"天塩郡幌延町","town":"宮園町"}],"3211":[{"pref":"北海道","city":"天塩郡幌延町","town":"一条南"}],"3212":[{"pref":"北海道","city":"天塩郡幌延町","town":"二条南"}],"3213":[{"pref":"北海道","city":"天塩郡幌延町","town":"三条南"}],"3214":[{"pref":"北海道","city":"天塩郡幌延町","town":"四条南"}],"3215":[{"pref":"北海道","city":"天塩郡幌延町","town":"五条南"}],"3216":[{"pref":"北海道","city":"天塩郡幌延町","town":"六条南"}],"3217":[{"pref":"北海道","city":"天塩郡幌延町","town":"元町"}],"3221":[{"pref":"北海道","city":"天塩郡幌延町","town":"栄町"}],"3222":[{"pref":"北海道","city":"天塩郡幌延町","town":"東町"}],"3223":[{"pref":"北海道","city":"天塩郡幌延町","town":"幌延"}],"3224":[{"pref":"北海道","city":"天塩郡幌延町","town":"北進"}],"3225":[{"pref":"北海道","city":"天塩郡幌延町","town":"上幌延"}],"3226":[{"pref":"北海道","city":"天塩郡幌延町","town":"開進"}],"3227":[{"pref":"北海道","city":"天塩郡幌延町","town":"浜里"}],"3228":[{"pref":"北海道","city":"天塩郡幌延町","town":"下沼"}],"3251":[{"pref":"北海道","city":"天塩郡幌延町","town":"雄興"}],"3300":[{"pref":"北海道","city":"天塩郡天塩町","town":"以下に掲載がない場合"}],"3301":[{"pref":"北海道","city":"天塩郡天塩町","town":"山手通"}],"3302":[{"pref":"北海道","city":"天塩郡天塩町","town":"山手裏通"}],"3303":[{"pref":"北海道","city":"天塩郡天塩町","town":"新栄通"}],"3304":[{"pref":"北海道","city":"天塩郡天塩町","town":"新地通"}],"3305":[{"pref":"北海道","city":"天塩郡天塩町","town":"新開通"}],"3306":[{"pref":"北海道","city":"天塩郡天塩町","town":"海岸通"}],"3311":[{"pref":"北海道","city":"天塩郡天塩町","town":"産士"}],"3312":[{"pref":"北海道","city":"天塩郡天塩町","town":"川口"}],"3313":[{"pref":"北海道","city":"天塩郡天塩町","town":"作返"}],"3314":[{"pref":"北海道","city":"天塩郡天塩町","town":"更岸"}],"3315":[{"pref":"北海道","city":"天塩郡天塩町","town":"天塩"}],"3316":[{"pref":"北海道","city":"天塩郡天塩町","town":"振老"}],"3361":[{"pref":"北海道","city":"天塩郡遠別町","town":"北里（１５号の沢）"}],"3500":[{"pref":"北海道","city":"天塩郡遠別町","town":"以下に掲載がない場合"}],"3501":[{"pref":"北海道","city":"天塩郡遠別町","town":"北里（その他）"}],"3502":[{"pref":"北海道","city":"天塩郡遠別町","town":"清川"}],"3503":[{"pref":"北海道","city":"天塩郡遠別町","town":"啓明"}],"3504":[{"pref":"北海道","city":"天塩郡遠別町","town":"丸松"}],"3511":[{"pref":"北海道","city":"天塩郡遠別町","town":"久光"}],"3512":[{"pref":"北海道","city":"天塩郡遠別町","town":"中央"}],"3521":[{"pref":"北海道","city":"天塩郡遠別町","town":"共栄"}],"3522":[{"pref":"北海道","city":"天塩郡遠別町","town":"大成"}],"3523":[{"pref":"北海道","city":"天塩郡遠別町","town":"東野"}],"3531":[{"pref":"北海道","city":"天塩郡遠別町","town":"旭"}],"3532":[{"pref":"北海道","city":"天塩郡遠別町","town":"歌越"}],"3533":[{"pref":"北海道","city":"天塩郡遠別町","town":"金浦"}],"3534":[{"pref":"北海道","city":"天塩郡遠別町","town":"富士見"}],"3541":[{"pref":"北海道","city":"天塩郡遠別町","town":"北浜"}],"3542":[{"pref":"北海道","city":"天塩郡遠別町","town":"幸和"}],"3543":[{"pref":"北海道","city":"天塩郡遠別町","town":"本町"}],"4100":[{"pref":"北海道","city":"天塩郡豊富町","town":"以下に掲載がない場合"}],"4101":[{"pref":"北海道","city":"天塩郡豊富町","town":"福永"}],"4102":[{"pref":"北海道","city":"天塩郡豊富町","town":"目梨別"}],"4103":[{"pref":"北海道","city":"天塩郡豊富町","town":"有明"}],"4104":[{"pref":"北海道","city":"天塩郡豊富町","town":"修徳"}],"4105":[{"pref":"北海道","city":"天塩郡豊富町","town":"幌加"}],"4106":[{"pref":"北海道","city":"天塩郡豊富町","town":"豊徳"}],"4107":[{"pref":"北海道","city":"天塩郡豊富町","town":"稚咲内"}],"4110":[{"pref":"北海道","city":"天塩郡豊富町","town":"大通り"}],"4111":[{"pref":"北海道","city":"天塩郡豊富町","town":"西一条"}],"4112":[{"pref":"北海道","city":"天塩郡豊富町","town":"西二条"}],"4113":[{"pref":"北海道","city":"天塩郡豊富町","town":"西三条"}],"4114":[{"pref":"北海道","city":"天塩郡豊富町","town":"西四条"}],"4115":[{"pref":"北海道","city":"天塩郡豊富町","town":"西五条"}],"4116":[{"pref":"北海道","city":"天塩郡豊富町","town":"西豊富"}],"4117":[{"pref":"北海道","city":"天塩郡豊富町","town":"落合（その他）"}],"4121":[{"pref":"北海道","city":"天塩郡豊富町","town":"東一条"}],"4122":[{"pref":"北海道","city":"天塩郡豊富町","town":"東二条"}],"4123":[{"pref":"北海道","city":"天塩郡豊富町","town":"東三条"}],"4124":[{"pref":"北海道","city":"天塩郡豊富町","town":"東四条"}],"4125":[{"pref":"北海道","city":"天塩郡豊富町","town":"東五条"}],"4126":[{"pref":"北海道","city":"天塩郡豊富町","town":"東六条"}],"4131":[{"pref":"北海道","city":"天塩郡豊富町","town":"東豊富"}],"4132":[{"pref":"北海道","city":"天塩郡豊富町","town":"温泉"}],"4133":[{"pref":"北海道","city":"天塩郡豊富町","town":"本流"}],"4134":[{"pref":"北海道","city":"天塩郡豊富町","town":"豊幌"}],"4135":[{"pref":"北海道","city":"天塩郡豊富町","town":"豊川"}],"4136":[{"pref":"北海道","city":"天塩郡豊富町","town":"新生"}],"4137":[{"pref":"北海道","city":"天塩郡豊富町","town":"徳満"}],"4138":[{"pref":"北海道","city":"天塩郡豊富町","town":"駅前通"}],"4139":[{"pref":"北海道","city":"天塩郡豊富町","town":"仲通り"}],"4140":[{"pref":"北海道","city":"天塩郡豊富町","town":"停車場通"}],"4141":[{"pref":"北海道","city":"天塩郡豊富町","town":"三条通り"}],"4451":[{"pref":"北海道","city":"天塩郡豊富町","town":"兜沼"}],"4455":[{"pref":"北海道","city":"天塩郡豊富町","town":"芦川"}],"4456":[{"pref":"北海道","city":"天塩郡豊富町","town":"開源"}],"4457":[{"pref":"北海道","city":"天塩郡豊富町","town":"沼向"}],"4461":[{"pref":"北海道","city":"天塩郡豊富町","town":"瑞穂東"}],"4462":[{"pref":"北海道","city":"天塩郡豊富町","town":"阿沙流"}],"4463":[{"pref":"北海道","city":"天塩郡豊富町","town":"瑞穂南"}],"4464":[{"pref":"北海道","city":"天塩郡豊富町","town":"豊栄"}],"4465":[{"pref":"北海道","city":"天塩郡豊富町","town":"豊田"}],"4466":[{"pref":"北海道","city":"天塩郡豊富町","town":"清明"}],"4467":[{"pref":"北海道","city":"天塩郡豊富町","town":"豊里"}],"4468":[{"pref":"北海道","city":"天塩郡豊富町","town":"落合（４４６８番地）"}],"4581":[{"pref":"北海道","city":"稚内市","town":"抜海村（上勇知、下勇知、夕来、オネトマナイ）"}],"4582":[{"pref":"北海道","city":"稚内市","town":"声問村（更喜苫内）"}],"5101":[{"pref":"北海道","city":"枝幸郡中頓別町","town":"岩手"}],"5102":[{"pref":"北海道","city":"枝幸郡中頓別町","town":"小頓別"}],"5103":[{"pref":"北海道","city":"枝幸郡中頓別町","town":"秋田"}],"5111":[{"pref":"北海道","city":"枝幸郡中頓別町","town":"上頓別"}],"5112":[{"pref":"北海道","city":"枝幸郡中頓別町","town":"豊平"}],"5113":[{"pref":"北海道","city":"枝幸郡中頓別町","town":"敏音知"}],"5201":[{"pref":"北海道","city":"枝幸郡枝幸町","town":"歌登パンケナイ"}],"5202":[{"pref":"北海道","city":"枝幸郡枝幸町","town":"歌登東歌登"}],"5203":[{"pref":"北海道","city":"枝幸郡枝幸町","town":"歌登辺毛内"}],"5204":[{"pref":"北海道","city":"枝幸郡枝幸町","town":"歌登南町"}],"5205":[{"pref":"北海道","city":"枝幸郡枝幸町","town":"歌登桧垣町"}],"5206":[{"pref":"北海道","city":"枝幸郡枝幸町","town":"歌登西町"}],"5207":[{"pref":"北海道","city":"枝幸郡枝幸町","town":"歌登東町"}],"5211":[{"pref":"北海道","city":"枝幸郡枝幸町","town":"歌登西歌登"}],"5212":[{"pref":"北海道","city":"枝幸郡枝幸町","town":"歌登中央"}],"5213":[{"pref":"北海道","city":"枝幸郡枝幸町","town":"歌登本幌別"}],"5221":[{"pref":"北海道","city":"枝幸郡枝幸町","town":"歌登毛登別"}],"5441":[{"pref":"北海道","city":"枝幸郡枝幸町","town":"歌登志美宇丹"}],"5442":[{"pref":"北海道","city":"枝幸郡枝幸町","town":"歌登豊沃"}],"5443":[{"pref":"北海道","city":"枝幸郡枝幸町","town":"歌登上徳志別"}],"5444":[{"pref":"北海道","city":"枝幸郡枝幸町","town":"歌登大奮"}],"5445":[{"pref":"北海道","city":"枝幸郡枝幸町","town":"歌登大曲"}],"5500":[{"pref":"北海道","city":"枝幸郡中頓別町","town":"以下に掲載がない場合"}],"5551":[{"pref":"北海道","city":"枝幸郡中頓別町","town":"中頓別"}],"5552":[{"pref":"北海道","city":"枝幸郡中頓別町","town":"寿"}],"5553":[{"pref":"北海道","city":"枝幸郡中頓別町","town":"弥生"}],"5554":[{"pref":"北海道","city":"枝幸郡中頓別町","town":"旭台"}],"5555":[{"pref":"北海道","city":"枝幸郡中頓別町","town":"豊泉"}],"5561":[{"pref":"北海道","city":"枝幸郡中頓別町","town":"兵安"}],"5562":[{"pref":"北海道","city":"枝幸郡中頓別町","town":"神崎"}],"5563":[{"pref":"北海道","city":"枝幸郡中頓別町","town":"藤井"}],"5564":[{"pref":"北海道","city":"枝幸郡中頓別町","town":"上駒"}],"5565":[{"pref":"北海道","city":"枝幸郡中頓別町","town":"松音知"}],"5700":[{"pref":"北海道","city":"枝幸郡浜頓別町","town":"以下に掲載がない場合"}],"5701":[{"pref":"北海道","city":"枝幸郡浜頓別町","town":"栄和"},{"pref":"北海道","city":"枝幸郡浜頓別町","town":"頓別"}],"5702":[{"pref":"北海道","city":"枝幸郡浜頓別町","town":"豊牛"},{"pref":"北海道","city":"枝幸郡浜頓別町","town":"豊寒別"}],"5703":[{"pref":"北海道","city":"枝幸郡浜頓別町","town":"斜内"},{"pref":"北海道","city":"枝幸郡浜頓別町","town":"豊浜"}],"5704":[{"pref":"北海道","city":"枝幸郡浜頓別町","town":"中央北"}],"5705":[{"pref":"北海道","city":"枝幸郡浜頓別町","town":"中央南"}],"5711":[{"pref":"北海道","city":"枝幸郡浜頓別町","town":"北１条"}],"5712":[{"pref":"北海道","city":"枝幸郡浜頓別町","town":"北２条"}],"5713":[{"pref":"北海道","city":"枝幸郡浜頓別町","town":"北３条"}],"5714":[{"pref":"北海道","city":"枝幸郡浜頓別町","town":"北４条"}],"5717":[{"pref":"北海道","city":"枝幸郡浜頓別町","town":"浜頓別"}],"5721":[{"pref":"北海道","city":"枝幸郡浜頓別町","town":"南１条"}],"5722":[{"pref":"北海道","city":"枝幸郡浜頓別町","town":"南２条"}],"5723":[{"pref":"北海道","city":"枝幸郡浜頓別町","town":"南３条"}],"5725":[{"pref":"北海道","city":"枝幸郡浜頓別町","town":"大通"}],"5734":[{"pref":"北海道","city":"枝幸郡浜頓別町","town":"日の出"}],"5738":[{"pref":"北海道","city":"枝幸郡浜頓別町","town":"緑ケ丘"}],"5739":[{"pref":"北海道","city":"枝幸郡浜頓別町","town":"クッチャロ湖畔"}],"5741":[{"pref":"北海道","city":"枝幸郡浜頓別町","town":"旭ケ丘"}],"5742":[{"pref":"北海道","city":"枝幸郡浜頓別町","town":"戸出"}],"5743":[{"pref":"北海道","city":"枝幸郡浜頓別町","town":"楓"}],"5744":[{"pref":"北海道","city":"枝幸郡浜頓別町","town":"宇曽丹"}],"5745":[{"pref":"北海道","city":"枝幸郡浜頓別町","town":"常盤"}],"5751":[{"pref":"北海道","city":"枝幸郡浜頓別町","town":"金ヶ丘"}],"5752":[{"pref":"北海道","city":"枝幸郡浜頓別町","town":"下頓別"}],"5753":[{"pref":"北海道","city":"枝幸郡浜頓別町","town":"高砂"}],"5754":[{"pref":"北海道","city":"枝幸郡浜頓別町","town":"宇津内"}],"5755":[{"pref":"北海道","city":"枝幸郡浜頓別町","town":"茂宇津内"}],"5761":[{"pref":"北海道","city":"枝幸郡浜頓別町","town":"智福"},{"pref":"北海道","city":"枝幸郡浜頓別町","town":"山軽"}],"5762":[{"pref":"北海道","city":"枝幸郡浜頓別町","town":"ポン仁達内"}],"5763":[{"pref":"北海道","city":"枝幸郡浜頓別町","town":"仁達内"}],"5764":[{"pref":"北海道","city":"枝幸郡浜頓別町","town":"安別"}],"5765":[{"pref":"北海道","city":"枝幸郡浜頓別町","town":"共和"}],"5800":[{"pref":"北海道","city":"枝幸郡枝幸町","town":"以下に掲載がない場合"}],"5801":[{"pref":"北海道","city":"枝幸郡枝幸町","town":"徳志別"}],"5802":[{"pref":"北海道","city":"枝幸郡枝幸町","town":"岡島"}],"5803":[{"pref":"北海道","city":"枝幸郡枝幸町","town":"下幌別"}],"5804":[{"pref":"北海道","city":"枝幸郡枝幸町","town":"南浜町"}],"5805":[{"pref":"北海道","city":"枝幸郡枝幸町","town":"幸町"}],"5806":[{"pref":"北海道","city":"枝幸郡枝幸町","town":"梅ケ枝町"}],"5807":[{"pref":"北海道","city":"枝幸郡枝幸町","town":"本町"}],"5808":[{"pref":"北海道","city":"枝幸郡枝幸町","town":"新港町"}],"5814":[{"pref":"北海道","city":"枝幸郡枝幸町","town":"岬町"}],"5815":[{"pref":"北海道","city":"枝幸郡枝幸町","town":"問牧"}],"5816":[{"pref":"北海道","city":"枝幸郡枝幸町","town":"目梨泊"}],"5821":[{"pref":"北海道","city":"枝幸郡枝幸町","town":"栄町"}],"5822":[{"pref":"北海道","city":"枝幸郡枝幸町","town":"北幸町"}],"5823":[{"pref":"北海道","city":"枝幸郡枝幸町","town":"三笠町"}],"5824":[{"pref":"北海道","city":"枝幸郡枝幸町","town":"北栄町"}],"5825":[{"pref":"北海道","city":"枝幸郡枝幸町","town":"新栄町"}],"5826":[{"pref":"北海道","city":"枝幸郡枝幸町","town":"北浜町"}],"5827":[{"pref":"北海道","city":"枝幸郡枝幸町","town":"宇遠内"}],"5951":[{"pref":"北海道","city":"枝幸郡枝幸町","town":"山臼"}],"5952":[{"pref":"北海道","city":"枝幸郡枝幸町","town":"乙忠部"}],"5953":[{"pref":"北海道","city":"枝幸郡枝幸町","town":"風烈布"}],"5954":[{"pref":"北海道","city":"枝幸郡枝幸町","town":"上音標"}],"5955":[{"pref":"北海道","city":"枝幸郡枝幸町","town":"音標"}],"6101":[{"pref":"北海道","city":"宗谷郡猿払村","town":"浅茅野"}],"6102":[{"pref":"北海道","city":"宗谷郡猿払村","town":"浅茅野台地"}],"6103":[{"pref":"北海道","city":"宗谷郡猿払村","town":"狩別"}],"6104":[{"pref":"北海道","city":"宗谷郡猿払村","town":"猿払"}],"6105":[{"pref":"北海道","city":"宗谷郡猿払村","town":"浜猿払"}],"6106":[{"pref":"北海道","city":"宗谷郡猿払村","town":"上猿払"}],"6200":[{"pref":"北海道","city":"宗谷郡猿払村","town":"以下に掲載がない場合"}],"6222":[{"pref":"北海道","city":"宗谷郡猿払村","town":"浜鬼志別"}],"6225":[{"pref":"北海道","city":"宗谷郡猿払村","town":"芦野"}],"6226":[{"pref":"北海道","city":"宗谷郡猿払村","town":"豊里"}],"6228":[{"pref":"北海道","city":"宗谷郡猿払村","town":"小石"}],"6231":[{"pref":"北海道","city":"宗谷郡猿払村","town":"鬼志別東町"}],"6232":[{"pref":"北海道","city":"宗谷郡猿払村","town":"鬼志別西町"}],"6233":[{"pref":"北海道","city":"宗谷郡猿払村","town":"鬼志別南町"}],"6234":[{"pref":"北海道","city":"宗谷郡猿払村","town":"鬼志別北町"}],"6341":[{"pref":"北海道","city":"宗谷郡猿払村","town":"知来別"}],"6384":[{"pref":"北海道","city":"稚内市","town":"宗谷村（峰岡）"}],"6385":[{"pref":"北海道","city":"稚内市","town":"宗谷村（東浦）"}],"6561":[{"pref":"北海道","city":"稚内市","town":"声問村（樺岡）"}],"6562":[{"pref":"北海道","city":"稚内市","town":"声問村（上声問）"}],"6563":[{"pref":"北海道","city":"稚内市","town":"声問村（沼川）"}],"6564":[{"pref":"北海道","city":"稚内市","town":"声問村（川西）"}],"6565":[{"pref":"北海道","city":"稚内市","town":"声問村（曙）"}],"6571":[{"pref":"北海道","city":"稚内市","town":"声問村（曲渕）"}],"6572":[{"pref":"北海道","city":"稚内市","town":"声問村（開進）"}],"6573":[{"pref":"北海道","city":"稚内市","town":"声問村（下豊別）"}],"6574":[{"pref":"北海道","city":"稚内市","town":"声問村（上豊別）"}],"6575":[{"pref":"北海道","city":"稚内市","town":"声問村（天興）"}],"6576":[{"pref":"北海道","city":"稚内市","town":"声問村（川南）"}],"6642":[{"pref":"北海道","city":"稚内市","town":"声問（１～５丁目）"},{"pref":"北海道","city":"稚内市","town":"声問村（声問）"}],"6643":[{"pref":"北海道","city":"稚内市","town":"声問村（メクマ）"}],"6644":[{"pref":"北海道","city":"稚内市","town":"宗谷村（増幌）"}],"6645":[{"pref":"北海道","city":"稚内市","town":"声問村（恵北）"}],"6751":[{"pref":"北海道","city":"稚内市","town":"宗谷村（豊岩）"}],"6754":[{"pref":"北海道","city":"稚内市","town":"宗谷村（清浜）"}],"6755":[{"pref":"北海道","city":"稚内市","town":"宗谷村（宗谷）"}],"6756":[{"pref":"北海道","city":"稚内市","town":"宗谷村（富磯）"}],"6757":[{"pref":"北海道","city":"稚内市","town":"宗谷村（増幌浜）"}],"6758":[{"pref":"北海道","city":"稚内市","town":"宗谷岬"}],"0475":[{"pref":"北海道","city":"士別市","town":"多寄町"}],"0514":[{"pref":"北海道","city":"名寄市","town":"風連町旭"}],"0513":[{"pref":"北海道","city":"名寄市","town":"風連町池の上"}],"0503":[{"pref":"北海道","city":"名寄市","town":"風連町大町"}],"0511":[{"pref":"北海道","city":"名寄市","town":"風連町新生町"}],"0508":[{"pref":"北海道","city":"名寄市","town":"風連町瑞生"}],"0515":[{"pref":"北海道","city":"名寄市","town":"風連町中央"}],"0632":[{"pref":"北海道","city":"名寄市","town":"風連町東生"}],"0501":[{"pref":"北海道","city":"名寄市","town":"風連町豊里"}],"0506":[{"pref":"北海道","city":"名寄市","town":"風連町仲町"}],"0509":[{"pref":"北海道","city":"名寄市","town":"風連町西風連"}],"0507":[{"pref":"北海道","city":"名寄市","town":"風連町西町"}],"0631":[{"pref":"北海道","city":"名寄市","town":"風連町日進"}],"0512":[{"pref":"北海道","city":"名寄市","town":"風連町東風連"}],"0502":[{"pref":"北海道","city":"名寄市","town":"風連町北栄町"}],"0516":[{"pref":"北海道","city":"名寄市","town":"風連町緑町"}],"0505":[{"pref":"北海道","city":"名寄市","town":"風連町南町"}],"0504":[{"pref":"北海道","city":"名寄市","town":"風連町本町"}],"0100":[{"pref":"北海道","city":"上川郡和寒町","town":"以下に掲載がない場合"}],"0126":[{"pref":"北海道","city":"上川郡和寒町","town":"朝日"}],"0121":[{"pref":"北海道","city":"上川郡和寒町","town":"川西"}],"0113":[{"pref":"北海道","city":"上川郡和寒町","town":"菊野"}],"0103":[{"pref":"北海道","city":"上川郡和寒町","town":"北原"}],"0133":[{"pref":"北海道","city":"上川郡和寒町","town":"北町"}],"0112":[{"pref":"北海道","city":"上川郡和寒町","town":"三和"}],"0125":[{"pref":"北海道","city":"上川郡和寒町","town":"塩狩"}],"0114":[{"pref":"北海道","city":"上川郡和寒町","town":"西和"}],"0102":[{"pref":"北海道","city":"上川郡和寒町","town":"大成"}],"0122":[{"pref":"北海道","city":"上川郡和寒町","town":"中和"}],"0135":[{"pref":"北海道","city":"上川郡和寒町","town":"東和"}],"0132":[{"pref":"北海道","city":"上川郡和寒町","town":"西町"}],"0123":[{"pref":"北海道","city":"上川郡和寒町","town":"東丘"}],"0134":[{"pref":"北海道","city":"上川郡和寒町","town":"東町"}],"0101":[{"pref":"北海道","city":"上川郡和寒町","town":"日ノ出"}],"0115":[{"pref":"北海道","city":"上川郡和寒町","town":"福原"}],"0104":[{"pref":"北海道","city":"上川郡和寒町","town":"松岡"}],"0111":[{"pref":"北海道","city":"上川郡和寒町","town":"三笠"}],"0124":[{"pref":"北海道","city":"上川郡和寒町","town":"南丘"}],"0131":[{"pref":"北海道","city":"上川郡和寒町","town":"南町"}],"0300":[{"pref":"北海道","city":"上川郡剣淵町","town":"以下に掲載がない場合"}],"0336":[{"pref":"北海道","city":"上川郡剣淵町","town":"旭町"}],"0334":[{"pref":"北海道","city":"上川郡剣淵町","town":"屯田町"}],"0338":[{"pref":"北海道","city":"上川郡剣淵町","town":"仲町"}],"0335":[{"pref":"北海道","city":"上川郡剣淵町","town":"南桜町"}],"0337":[{"pref":"北海道","city":"上川郡剣淵町","town":"西岡町"}],"0339":[{"pref":"北海道","city":"上川郡剣淵町","town":"西原町"}],"0331":[{"pref":"北海道","city":"上川郡剣淵町","town":"西町"}],"0341":[{"pref":"北海道","city":"上川郡剣淵町","town":"東町"}],"0342":[{"pref":"北海道","city":"上川郡剣淵町","town":"藤本町"}],"0332":[{"pref":"北海道","city":"上川郡剣淵町","town":"緑町"}],"0333":[{"pref":"北海道","city":"上川郡剣淵町","town":"元町"}]}