{"1101":[{"pref":"鹿児島県","city":"薩摩川内市","town":"東郷町宍野"}],"1102":[{"pref":"鹿児島県","city":"薩摩川内市","town":"東郷町藤川"}],"1103":[{"pref":"鹿児島県","city":"薩摩川内市","town":"東郷町鳥丸"}],"1104":[{"pref":"鹿児島県","city":"薩摩川内市","town":"東郷町山田"}],"1105":[{"pref":"鹿児島県","city":"薩摩川内市","town":"東郷町南瀬"}],"1106":[{"pref":"鹿児島県","city":"薩摩川内市","town":"東郷町斧渕"}],"1201":[{"pref":"鹿児島県","city":"薩摩川内市","town":"樋脇町倉野"}],"1202":[{"pref":"鹿児島県","city":"薩摩川内市","town":"樋脇町塔之原"}],"1203":[{"pref":"鹿児島県","city":"薩摩川内市","town":"樋脇町市比野"}],"1401":[{"pref":"鹿児島県","city":"薩摩川内市","town":"入来町副田"}],"1402":[{"pref":"鹿児島県","city":"薩摩川内市","town":"入来町浦之名"}],"1501":[{"pref":"鹿児島県","city":"薩摩川内市","town":"祁答院町下手"}],"1502":[{"pref":"鹿児島県","city":"薩摩川内市","town":"祁答院町藺牟田"}],"1503":[{"pref":"鹿児島県","city":"薩摩川内市","town":"祁答院町上手"}],"1504":[{"pref":"鹿児島県","city":"薩摩川内市","town":"祁答院町黒木"}],"1721":[{"pref":"鹿児島県","city":"薩摩郡さつま町","town":"山崎"}],"1722":[{"pref":"鹿児島県","city":"薩摩郡さつま町","town":"久富木"}],"1723":[{"pref":"鹿児島県","city":"薩摩郡さつま町","town":"二渡"}],"1800":[{"pref":"鹿児島県","city":"薩摩郡さつま町","town":"以下に掲載がない場合"}],"1801":[{"pref":"鹿児島県","city":"薩摩郡さつま町","town":"広瀬"}],"1802":[{"pref":"鹿児島県","city":"薩摩郡さつま町","town":"田原"}],"1803":[{"pref":"鹿児島県","city":"薩摩郡さつま町","town":"宮之城屋地"}],"1804":[{"pref":"鹿児島県","city":"薩摩郡さつま町","town":"船木"}],"1805":[{"pref":"鹿児島県","city":"薩摩郡さつま町","town":"白男川"}],"1806":[{"pref":"鹿児島県","city":"薩摩郡さつま町","town":"泊野"}],"1807":[{"pref":"鹿児島県","city":"薩摩郡さつま町","town":"平川"}],"1811":[{"pref":"鹿児島県","city":"薩摩郡さつま町","town":"虎居"}],"1812":[{"pref":"鹿児島県","city":"薩摩郡さつま町","town":"虎居町"}],"1813":[{"pref":"鹿児島県","city":"薩摩郡さつま町","town":"轟町"}],"1814":[{"pref":"鹿児島県","city":"薩摩郡さつま町","town":"旭町"}],"1815":[{"pref":"鹿児島県","city":"薩摩郡さつま町","town":"西新町"}],"1816":[{"pref":"鹿児島県","city":"薩摩郡さつま町","town":"時吉"}],"1817":[{"pref":"鹿児島県","city":"薩摩郡さつま町","town":"湯田"}],"2101":[{"pref":"鹿児島県","city":"薩摩郡さつま町","town":"鶴田"}],"2102":[{"pref":"鹿児島県","city":"薩摩郡さつま町","town":"神子"}],"2103":[{"pref":"鹿児島県","city":"薩摩郡さつま町","town":"紫尾"}],"2104":[{"pref":"鹿児島県","city":"薩摩郡さつま町","town":"柏原"}],"2131":[{"pref":"鹿児島県","city":"薩摩郡さつま町","town":"柊野"}],"2201":[{"pref":"鹿児島県","city":"薩摩郡さつま町","town":"求名"}],"2202":[{"pref":"鹿児島県","city":"薩摩郡さつま町","town":"中津川"}],"2203":[{"pref":"鹿児島県","city":"薩摩郡さつま町","town":"永野"}],"2441":[{"pref":"鹿児島県","city":"伊佐市","town":"大口曽木"}],"2442":[{"pref":"鹿児島県","city":"伊佐市","town":"大口針持"}],"2500":[{"pref":"鹿児島県","city":"伊佐市","town":"以下に掲載がない場合"}],"2501":[{"pref":"鹿児島県","city":"伊佐市","town":"大口牛尾"}],"2502":[{"pref":"鹿児島県","city":"伊佐市","town":"大口木ノ氏"}],"2503":[{"pref":"鹿児島県","city":"伊佐市","town":"大口篠原"}],"2504":[{"pref":"鹿児島県","city":"伊佐市","town":"大口青木"}],"2505":[{"pref":"鹿児島県","city":"伊佐市","town":"大口目丸"}],"2506":[{"pref":"鹿児島県","city":"伊佐市","town":"大口原田"}],"2507":[{"pref":"鹿児島県","city":"伊佐市","town":"大口大田"}],"2511":[{"pref":"鹿児島県","city":"伊佐市","town":"大口里"}],"2512":[{"pref":"鹿児島県","city":"伊佐市","town":"大口元町"}],"2513":[{"pref":"鹿児島県","city":"伊佐市","town":"大口上町"}],"2521":[{"pref":"鹿児島県","city":"伊佐市","town":"大口鳥巣"}],"2522":[{"pref":"鹿児島県","city":"伊佐市","town":"大口大島"}],"2523":[{"pref":"鹿児島県","city":"伊佐市","town":"大口金波田"}],"2524":[{"pref":"鹿児島県","city":"伊佐市","town":"大口堂崎"}],"2525":[{"pref":"鹿児島県","city":"伊佐市","town":"大口下殿"}],"2526":[{"pref":"鹿児島県","city":"伊佐市","town":"大口宮人"}],"2527":[{"pref":"鹿児島県","city":"伊佐市","town":"大口田代"}],"2528":[{"pref":"鹿児島県","city":"伊佐市","town":"大口川岩瀬"}],"2529":[{"pref":"鹿児島県","city":"伊佐市","town":"大口白木"}],"2631":[{"pref":"鹿児島県","city":"伊佐市","town":"大口小木原"}],"2632":[{"pref":"鹿児島県","city":"伊佐市","town":"大口渕辺"}],"2633":[{"pref":"鹿児島県","city":"伊佐市","town":"大口平出水"}],"2634":[{"pref":"鹿児島県","city":"伊佐市","town":"大口小川内"}],"2635":[{"pref":"鹿児島県","city":"伊佐市","town":"大口山野"}],"2701":[{"pref":"鹿児島県","city":"伊佐市","town":"菱刈前目"}],"2702":[{"pref":"鹿児島県","city":"伊佐市","town":"菱刈下手"}],"2703":[{"pref":"鹿児島県","city":"伊佐市","town":"菱刈花北"}],"2704":[{"pref":"鹿児島県","city":"伊佐市","town":"菱刈市山"}],"2705":[{"pref":"鹿児島県","city":"伊佐市","town":"菱刈重留"}],"2706":[{"pref":"鹿児島県","city":"伊佐市","town":"菱刈田中"}],"2707":[{"pref":"鹿児島県","city":"伊佐市","town":"菱刈徳辺"}],"2708":[{"pref":"鹿児島県","city":"伊佐市","town":"菱刈川北"}],"2811":[{"pref":"鹿児島県","city":"伊佐市","town":"菱刈荒田"}],"2812":[{"pref":"鹿児島県","city":"伊佐市","town":"菱刈川南"}],"2813":[{"pref":"鹿児島県","city":"伊佐市","town":"菱刈南浦"}],"0000":[{"pref":"鹿児島県","city":"薩摩川内市","town":"以下に掲載がない場合"}],"0044":[{"pref":"鹿児島県","city":"薩摩川内市","town":"青山町"}],"0011":[{"pref":"鹿児島県","city":"薩摩川内市","town":"天辰町"}],"0214":[{"pref":"鹿児島県","city":"薩摩川内市","town":"運動公園町（３０３０番地）"}],"0077":[{"pref":"鹿児島県","city":"薩摩川内市","town":"運動公園町（その他）"}],"0076":[{"pref":"鹿児島県","city":"薩摩川内市","town":"大小路町"}],"0035":[{"pref":"鹿児島県","city":"薩摩川内市","town":"尾白江町"}],"0031":[{"pref":"鹿児島県","city":"薩摩川内市","town":"勝目町"}],"0067":[{"pref":"鹿児島県","city":"薩摩川内市","town":"上川内町"}],"0033":[{"pref":"鹿児島県","city":"薩摩川内市","town":"川永野町"}],"0052":[{"pref":"鹿児島県","city":"薩摩川内市","town":"神田町"}],"0004":[{"pref":"鹿児島県","city":"薩摩川内市","town":"久住町"}],"0002":[{"pref":"鹿児島県","city":"薩摩川内市","town":"楠元町"}],"0041":[{"pref":"鹿児島県","city":"薩摩川内市","town":"隈之城町"}],"0132":[{"pref":"鹿児島県","city":"薩摩川内市","town":"久見崎町"}],"0073":[{"pref":"鹿児島県","city":"薩摩川内市","town":"国分寺町"}],"0066":[{"pref":"鹿児島県","city":"薩摩川内市","town":"五代町"}],"0034":[{"pref":"鹿児島県","city":"薩摩川内市","town":"木場茶屋町"}],"0061":[{"pref":"鹿児島県","city":"薩摩川内市","town":"御陵下町"}],"0213":[{"pref":"鹿児島県","city":"薩摩川内市","town":"城上町"}],"0001":[{"pref":"鹿児島県","city":"薩摩川内市","town":"白浜町"}],"0022":[{"pref":"鹿児島県","city":"薩摩川内市","town":"白和町"}],"0062":[{"pref":"鹿児島県","city":"薩摩川内市","town":"大王町"}],"0071":[{"pref":"鹿児島県","city":"薩摩川内市","town":"田海町"}],"0131":[{"pref":"鹿児島県","city":"薩摩川内市","town":"高江町"}],"0211":[{"pref":"鹿児島県","city":"薩摩川内市","town":"高城町"}],"0006":[{"pref":"鹿児島県","city":"薩摩川内市","town":"田崎町"}],"0072":[{"pref":"鹿児島県","city":"薩摩川内市","town":"中郷"},{"pref":"鹿児島県","city":"薩摩川内市","town":"中郷町"}],"0024":[{"pref":"鹿児島県","city":"薩摩川内市","town":"鳥追町"}],"0005":[{"pref":"鹿児島県","city":"薩摩川内市","town":"永利町"}],"0042":[{"pref":"鹿児島県","city":"薩摩川内市","town":"中福良町"}],"0003":[{"pref":"鹿児島県","city":"薩摩川内市","town":"中村町"}],"0055":[{"pref":"鹿児島県","city":"薩摩川内市","town":"西開聞町"}],"0027":[{"pref":"鹿児島県","city":"薩摩川内市","town":"西向田町"}],"0064":[{"pref":"鹿児島県","city":"薩摩川内市","town":"花木町"}],"0074":[{"pref":"鹿児島県","city":"薩摩川内市","town":"原田町"}],"0075":[{"pref":"鹿児島県","city":"薩摩川内市","town":"東大小路町"}],"0051":[{"pref":"鹿児島県","city":"薩摩川内市","town":"東開聞町"}],"0026":[{"pref":"鹿児島県","city":"薩摩川内市","town":"東向田町"}],"0053":[{"pref":"鹿児島県","city":"薩摩川内市","town":"冷水町"}],"0012":[{"pref":"鹿児島県","city":"薩摩川内市","town":"平佐"},{"pref":"鹿児島県","city":"薩摩川内市","town":"平佐町"}],"0065":[{"pref":"鹿児島県","city":"薩摩川内市","town":"宮内町"}],"0043":[{"pref":"鹿児島県","city":"薩摩川内市","town":"都町"}],"0013":[{"pref":"鹿児島県","city":"薩摩川内市","town":"宮崎町"}],"0056":[{"pref":"鹿児島県","city":"薩摩川内市","town":"宮里町"}],"0025":[{"pref":"鹿児島県","city":"薩摩川内市","town":"向田町"}],"0021":[{"pref":"鹿児島県","city":"薩摩川内市","town":"向田本町"}],"0007":[{"pref":"鹿児島県","city":"薩摩川内市","town":"百次町"}],"0036":[{"pref":"鹿児島県","city":"薩摩川内市","town":"矢倉町"}],"0032":[{"pref":"鹿児島県","city":"薩摩川内市","town":"山之口町"}],"0212":[{"pref":"鹿児島県","city":"薩摩川内市","town":"陽成町"}],"0023":[{"pref":"鹿児島県","city":"薩摩川内市","town":"横馬場町"}],"0133":[{"pref":"鹿児島県","city":"薩摩川内市","town":"寄田町"}],"0063":[{"pref":"鹿児島県","city":"薩摩川内市","town":"若葉町"}],"0054":[{"pref":"鹿児島県","city":"薩摩川内市","town":"若松町"}]}