{"0044":[{"pref":"東京都","city":"世田谷区","town":"赤堤"}],"0041":[{"pref":"東京都","city":"世田谷区","town":"大原"}],"0057":[{"pref":"東京都","city":"世田谷区","town":"上北沢"}],"0052":[{"pref":"東京都","city":"世田谷区","town":"経堂"}],"0053":[{"pref":"東京都","city":"世田谷区","town":"桜"}],"0054":[{"pref":"東京都","city":"世田谷区","town":"桜丘"}],"0045":[{"pref":"東京都","city":"世田谷区","town":"桜上水"}],"0056":[{"pref":"東京都","city":"世田谷区","town":"八幡山"}],"0042":[{"pref":"東京都","city":"世田谷区","town":"羽根木"}],"0055":[{"pref":"東京都","city":"世田谷区","town":"船橋"}],"0043":[{"pref":"東京都","city":"世田谷区","town":"松原"}],"0051":[{"pref":"東京都","city":"世田谷区","town":"宮坂"}]}