{"0865":[{"pref":"大阪府","city":"豊中市","town":"旭丘"}],"0854":[{"pref":"大阪府","city":"豊中市","town":"稲津町"}],"0842":[{"pref":"大阪府","city":"豊中市","town":"今在家町"}],"0824":[{"pref":"大阪府","city":"豊中市","town":"大島町"}],"0885":[{"pref":"大阪府","city":"豊中市","town":"岡町"}],"0883":[{"pref":"大阪府","city":"豊中市","town":"岡町南"}],"0884":[{"pref":"大阪府","city":"豊中市","town":"岡町北"}],"0813":[{"pref":"大阪府","city":"豊中市","town":"小曽根"}],"0894":[{"pref":"大阪府","city":"豊中市","town":"勝部"}],"0823":[{"pref":"大阪府","city":"豊中市","town":"神州町"}],"0812":[{"pref":"大阪府","city":"豊中市","town":"北条町"}],"0843":[{"pref":"大阪府","city":"豊中市","town":"上津島"}],"0828":[{"pref":"大阪府","city":"豊中市","town":"三和町"}],"0826":[{"pref":"大阪府","city":"豊中市","town":"島江町"}],"0833":[{"pref":"大阪府","city":"豊中市","town":"庄内幸町"}],"0834":[{"pref":"大阪府","city":"豊中市","town":"庄内栄町"}],"0836":[{"pref":"大阪府","city":"豊中市","town":"庄内宝町"}],"0831":[{"pref":"大阪府","city":"豊中市","town":"庄内東町"}],"0832":[{"pref":"大阪府","city":"豊中市","town":"庄内西町"}],"0835":[{"pref":"大阪府","city":"豊中市","town":"庄本町"}],"0803":[{"pref":"大阪府","city":"豊中市","town":"城山町"}],"0829":[{"pref":"大阪府","city":"豊中市","town":"千成町"}],"0802":[{"pref":"大阪府","city":"豊中市","town":"曽根東町"}],"0801":[{"pref":"大阪府","city":"豊中市","town":"曽根西町"}],"0804":[{"pref":"大阪府","city":"豊中市","town":"曽根南町"}],"0827":[{"pref":"大阪府","city":"豊中市","town":"大黒町"}],"0874":[{"pref":"大阪府","city":"豊中市","town":"長興寺南"}],"0875":[{"pref":"大阪府","city":"豊中市","town":"長興寺北"}],"0872":[{"pref":"大阪府","city":"豊中市","town":"寺内"}],"0845":[{"pref":"大阪府","city":"豊中市","town":"利倉"}],"0846":[{"pref":"大阪府","city":"豊中市","town":"利倉東"}],"0844":[{"pref":"大阪府","city":"豊中市","town":"利倉西"}],"0881":[{"pref":"大阪府","city":"豊中市","town":"中桜塚"}],"0862":[{"pref":"大阪府","city":"豊中市","town":"西泉丘"}],"0855":[{"pref":"大阪府","city":"豊中市","town":"野田町"}],"0891":[{"pref":"大阪府","city":"豊中市","town":"走井"}],"0857":[{"pref":"大阪府","city":"豊中市","town":"服部寿町"}],"0852":[{"pref":"大阪府","city":"豊中市","town":"服部本町"}],"0858":[{"pref":"大阪府","city":"豊中市","town":"服部西町"}],"0853":[{"pref":"大阪府","city":"豊中市","town":"服部南町"}],"0851":[{"pref":"大阪府","city":"豊中市","town":"服部元町"}],"0859":[{"pref":"大阪府","city":"豊中市","town":"服部豊町"}],"0873":[{"pref":"大阪府","city":"豊中市","town":"服部緑地"}],"0817":[{"pref":"大阪府","city":"豊中市","town":"浜"}],"0806":[{"pref":"大阪府","city":"豊中市","town":"原田西町"}],"0808":[{"pref":"大阪府","city":"豊中市","town":"原田元町"}],"0805":[{"pref":"大阪府","city":"豊中市","town":"原田南"}],"0807":[{"pref":"大阪府","city":"豊中市","town":"原田中"}],"0861":[{"pref":"大阪府","city":"豊中市","town":"東泉丘"}],"0871":[{"pref":"大阪府","city":"豊中市","town":"東寺内町"}],"0821":[{"pref":"大阪府","city":"豊中市","town":"日出町"}],"0863":[{"pref":"大阪府","city":"豊中市","town":"広田町"}],"0825":[{"pref":"大阪府","city":"豊中市","town":"二葉町"}],"0893":[{"pref":"大阪府","city":"豊中市","town":"宝山町"}],"0814":[{"pref":"大阪府","city":"豊中市","town":"豊南町東"}],"0816":[{"pref":"大阪府","city":"豊中市","town":"豊南町西"}],"0815":[{"pref":"大阪府","city":"豊中市","town":"豊南町南"}],"0856":[{"pref":"大阪府","city":"豊中市","town":"穂積"}],"0822":[{"pref":"大阪府","city":"豊中市","town":"三国"}],"0882":[{"pref":"大阪府","city":"豊中市","town":"南桜塚"}],"0841":[{"pref":"大阪府","city":"豊中市","town":"名神口"}],"0892":[{"pref":"大阪府","city":"豊中市","town":"山ノ上町"}],"0864":[{"pref":"大阪府","city":"豊中市","town":"夕日丘"}],"0811":[{"pref":"大阪府","city":"豊中市","town":"若竹町"}]}