{"0000":[{"pref":"兵庫県","city":"神戸市中央区","town":"以下に掲載がない場合"},{"pref":"兵庫県","city":"神戸市西区","town":"以下に掲載がない場合"}],"0025":[{"pref":"兵庫県","city":"神戸市中央区","town":"相生町"}],"0037":[{"pref":"兵庫県","city":"神戸市中央区","town":"明石町"}],"0032":[{"pref":"兵庫県","city":"神戸市中央区","town":"伊藤町"}],"0033":[{"pref":"兵庫県","city":"神戸市中央区","town":"江戸町"}],"0024":[{"pref":"兵庫県","city":"神戸市中央区","town":"海岸通"}],"0001":[{"pref":"兵庫県","city":"神戸市中央区","town":"加納町"}],"0012":[{"pref":"兵庫県","city":"神戸市中央区","town":"北長狭通"}],"0002":[{"pref":"兵庫県","city":"神戸市中央区","town":"北野町"}],"0034":[{"pref":"兵庫県","city":"神戸市中央区","town":"京町"}],"0017":[{"pref":"兵庫県","city":"神戸市中央区","town":"楠町"}],"0048":[{"pref":"兵庫県","city":"神戸市中央区","town":"神戸空港"}],"0007":[{"pref":"兵庫県","city":"神戸市中央区","town":"神戸港地方"}],"0026":[{"pref":"兵庫県","city":"神戸市中央区","town":"古湊通"}],"0023":[{"pref":"兵庫県","city":"神戸市中央区","town":"栄町通"}],"0021":[{"pref":"兵庫県","city":"神戸市中央区","town":"三宮町"}],"0011":[{"pref":"兵庫県","city":"神戸市中央区","town":"下山手通"}],"0041":[{"pref":"兵庫県","city":"神戸市中央区","town":"新港町"}],"0006":[{"pref":"兵庫県","city":"神戸市中央区","town":"諏訪山町"}],"0016":[{"pref":"兵庫県","city":"神戸市中央区","town":"橘通"}],"0015":[{"pref":"兵庫県","city":"神戸市中央区","town":"多聞通"}],"0027":[{"pref":"兵庫県","city":"神戸市中央区","town":"中町通"}],"0004":[{"pref":"兵庫県","city":"神戸市中央区","town":"中山手通"}],"0035":[{"pref":"兵庫県","city":"神戸市中央区","town":"浪花町"}],"0038":[{"pref":"兵庫県","city":"神戸市中央区","town":"西町"}],"0042":[{"pref":"兵庫県","city":"神戸市中央区","town":"波止場町"}],"0013":[{"pref":"兵庫県","city":"神戸市中央区","town":"花隈町"}],"0036":[{"pref":"兵庫県","city":"神戸市中央区","town":"播磨町"}],"0044":[{"pref":"兵庫県","city":"神戸市中央区","town":"東川崎町"}],"0031":[{"pref":"兵庫県","city":"神戸市中央区","town":"東町"}],"0005":[{"pref":"兵庫県","city":"神戸市中央区","town":"再度筋町"}],"0043":[{"pref":"兵庫県","city":"神戸市中央区","town":"弁天町"}],"0039":[{"pref":"兵庫県","city":"神戸市中央区","town":"前町"}],"0045":[{"pref":"兵庫県","city":"神戸市中央区","town":"港島"}],"0046":[{"pref":"兵庫県","city":"神戸市中央区","town":"港島中町"}],"0047":[{"pref":"兵庫県","city":"神戸市中央区","town":"港島南町"}],"0014":[{"pref":"兵庫県","city":"神戸市中央区","town":"元町高架通"}],"0022":[{"pref":"兵庫県","city":"神戸市中央区","town":"元町通"}],"0003":[{"pref":"兵庫県","city":"神戸市中央区","town":"山本通"}]}