{"0000":[{"pref":"青森県","city":"むつ市","town":"以下に掲載がない場合"},{"pref":"青森県","city":"下北郡東通村","town":"以下に掲載がない場合"}],"0044":[{"pref":"青森県","city":"むつ市","town":"赤川町"}],"0076":[{"pref":"青森県","city":"むつ市","town":"旭町"}],"0079":[{"pref":"青森県","city":"むつ市","town":"荒川町"}],"0092":[{"pref":"青森県","city":"むつ市","town":"宇田町"}],"0054":[{"pref":"青森県","city":"むつ市","town":"海老川町"}],"0074":[{"pref":"青森県","city":"むつ市","town":"大平"}],"0083":[{"pref":"青森県","city":"むつ市","town":"大平町"}],"0042":[{"pref":"青森県","city":"むつ市","town":"大曲"}],"0096":[{"pref":"青森県","city":"むつ市","town":"大湊"}],"0086":[{"pref":"青森県","city":"むつ市","town":"大湊上町"}],"0084":[{"pref":"青森県","city":"むつ市","town":"大湊新町"}],"0085":[{"pref":"青森県","city":"むつ市","town":"大湊浜町"}],"0093":[{"pref":"青森県","city":"むつ市","town":"大湊町"}],"0011":[{"pref":"青森県","city":"むつ市","town":"奥内"}],"0041":[{"pref":"青森県","city":"むつ市","town":"金曲"}],"0072":[{"pref":"青森県","city":"むつ市","town":"金谷"}],"0032":[{"pref":"青森県","city":"むつ市","town":"上川町"}],"0091":[{"pref":"青森県","city":"むつ市","town":"川守町"}],"0036":[{"pref":"青森県","city":"むつ市","town":"栗山町"}],"0071":[{"pref":"青森県","city":"むつ市","town":"小川町"}],"0094":[{"pref":"青森県","city":"むつ市","town":"桜木町"}],"0061":[{"pref":"青森県","city":"むつ市","town":"下北町"}],"0067":[{"pref":"青森県","city":"むつ市","town":"十二林"}],"0095":[{"pref":"青森県","city":"むつ市","town":"城ケ沢"}],"0052":[{"pref":"青森県","city":"むつ市","town":"昭和町"}],"0051":[{"pref":"青森県","city":"むつ市","town":"新町"}],"0022":[{"pref":"青森県","city":"むつ市","town":"関根"}],"0021":[{"pref":"青森県","city":"むつ市","town":"田名部"}],"0034":[{"pref":"青森県","city":"むつ市","town":"田名部町"}],"0073":[{"pref":"青森県","city":"むつ市","town":"中央"}],"0055":[{"pref":"青森県","city":"むつ市","town":"苫生町"}],"0012":[{"pref":"青森県","city":"むつ市","town":"中野沢"}],"0062":[{"pref":"青森県","city":"むつ市","town":"仲町"}],"0081":[{"pref":"青森県","city":"むつ市","town":"並川町"}],"0082":[{"pref":"青森県","city":"むつ市","town":"文京町"}],"0035":[{"pref":"青森県","city":"むつ市","town":"本町"}],"0075":[{"pref":"青森県","city":"むつ市","town":"真砂町"}],"0045":[{"pref":"青森県","city":"むつ市","town":"松原町"}],"0078":[{"pref":"青森県","city":"むつ市","town":"松森町"}],"0065":[{"pref":"青森県","city":"むつ市","town":"松山町"}],"0068":[{"pref":"青森県","city":"むつ市","town":"美里町"}],"0066":[{"pref":"青森県","city":"むつ市","town":"緑ヶ丘"}],"0053":[{"pref":"青森県","city":"むつ市","town":"緑町"}],"0064":[{"pref":"青森県","city":"むつ市","town":"港町"}],"0043":[{"pref":"青森県","city":"むつ市","town":"南赤川町"}],"0046":[{"pref":"青森県","city":"むつ市","town":"南町"}],"0031":[{"pref":"青森県","city":"むつ市","town":"柳町"}],"0077":[{"pref":"青森県","city":"むつ市","town":"山田町"}],"0033":[{"pref":"青森県","city":"むつ市","town":"横迎町"}],"0063":[{"pref":"青森県","city":"むつ市","town":"若松町"}],"0113":[{"pref":"青森県","city":"下北郡東通村","town":"岩屋"}],"0001":[{"pref":"青森県","city":"下北郡東通村","town":"大利"}],"0104":[{"pref":"青森県","city":"下北郡東通村","town":"蒲野沢（稲崎、浜の平）"}],"0004":[{"pref":"青森県","city":"下北郡東通村","town":"蒲野沢（その他）"}],"0112":[{"pref":"青森県","city":"下北郡東通村","town":"尻労"}],"0111":[{"pref":"青森県","city":"下北郡東通村","town":"尻屋"}],"0005":[{"pref":"青森県","city":"下北郡東通村","town":"田屋"}],"0003":[{"pref":"青森県","city":"下北郡東通村","town":"野牛（稲崎平３０２番地・３１５番地、トクサ沢）"}],"0103":[{"pref":"青森県","city":"下北郡東通村","town":"野牛（その他）"}],"0002":[{"pref":"青森県","city":"下北郡東通村","town":"目名"}]}