{"0902":[{"pref":"山口県","city":"下関市","town":"赤池町"}],"0923":[{"pref":"山口県","city":"下関市","town":"宇部"}],"0916":[{"pref":"山口県","city":"下関市","town":"王司上町"}],"0912":[{"pref":"山口県","city":"下関市","town":"王司川端"}],"0911":[{"pref":"山口県","city":"下関市","town":"王司神田"}],"0915":[{"pref":"山口県","city":"下関市","town":"王司本町"}],"0924":[{"pref":"山口県","city":"下関市","town":"王司南町"}],"0904":[{"pref":"山口県","city":"下関市","town":"員光"}],"0903":[{"pref":"山口県","city":"下関市","town":"員光町"}],"0925":[{"pref":"山口県","city":"下関市","town":"亀浜町"}],"0907":[{"pref":"山口県","city":"下関市","town":"神田"}],"0921":[{"pref":"山口県","city":"下関市","town":"才川"}],"0991":[{"pref":"山口県","city":"下関市","town":"高畑"}],"0922":[{"pref":"山口県","city":"下関市","town":"千鳥ケ丘町"}],"0914":[{"pref":"山口県","city":"下関市","town":"千鳥浜町"}],"0962":[{"pref":"山口県","city":"下関市","town":"長府安養寺"}],"0957":[{"pref":"山口県","city":"下関市","town":"長府印内町"}],"0952":[{"pref":"山口県","city":"下関市","town":"長府江下町"}],"0971":[{"pref":"山口県","city":"下関市","town":"長府逢坂町"}],"0927":[{"pref":"山口県","city":"下関市","town":"長府扇町"}],"0959":[{"pref":"山口県","city":"下関市","town":"長府金屋町"}],"0958":[{"pref":"山口県","city":"下関市","town":"長府金屋浜町"}],"0966":[{"pref":"山口県","city":"下関市","town":"長府亀の甲"}],"0979":[{"pref":"山口県","city":"下関市","town":"長府川端"}],"0980":[{"pref":"山口県","city":"下関市","town":"長府黒門町"}],"0986":[{"pref":"山口県","city":"下関市","town":"長府黒門東町"}],"0989":[{"pref":"山口県","city":"下関市","town":"長府黒門南町"}],"0954":[{"pref":"山口県","city":"下関市","town":"長府古城町"}],"0968":[{"pref":"山口県","city":"下関市","town":"長府紺屋町"}],"0928":[{"pref":"山口県","city":"下関市","town":"長府才川"}],"0978":[{"pref":"山口県","city":"下関市","town":"長府侍町"}],"0942":[{"pref":"山口県","city":"下関市","town":"長府四王司町"}],"0941":[{"pref":"山口県","city":"下関市","town":"長府新四王司町"}],"0982":[{"pref":"山口県","city":"下関市","town":"長府新松原町"}],"0970":[{"pref":"山口県","city":"下関市","town":"長府惣社町"}],"0985":[{"pref":"山口県","city":"下関市","town":"長府外浦町"}],"0994":[{"pref":"山口県","city":"下関市","town":"長府高場町"}],"0961":[{"pref":"山口県","city":"下関市","town":"長府珠の浦町"}],"0945":[{"pref":"山口県","city":"下関市","town":"長府豊浦町"}],"0974":[{"pref":"山口県","city":"下関市","town":"長府土居の内町"}],"0946":[{"pref":"山口県","city":"下関市","town":"長府中尾町"}],"0963":[{"pref":"山口県","city":"下関市","town":"長府中土居北町"}],"0964":[{"pref":"山口県","city":"下関市","town":"長府中土居本町"}],"0973":[{"pref":"山口県","city":"下関市","town":"長府中之町"}],"0975":[{"pref":"山口県","city":"下関市","town":"長府中浜町"}],"0944":[{"pref":"山口県","city":"下関市","town":"長府中六波町"}],"0992":[{"pref":"山口県","city":"下関市","town":"長府野久留米町"}],"0987":[{"pref":"山口県","city":"下関市","town":"長府羽衣町"}],"0988":[{"pref":"山口県","city":"下関市","town":"長府羽衣南町"}],"0993":[{"pref":"山口県","city":"下関市","town":"長府浜浦町"}],"0998":[{"pref":"山口県","city":"下関市","town":"長府浜浦西町"}],"0995":[{"pref":"山口県","city":"下関市","town":"長府浜浦南町"}],"0977":[{"pref":"山口県","city":"下関市","town":"長府東侍町"}],"0951":[{"pref":"山口県","city":"下関市","town":"長府日の出町"}],"0972":[{"pref":"山口県","city":"下関市","town":"長府古江小路町"}],"0943":[{"pref":"山口県","city":"下関市","town":"長府豊城町"}],"0956":[{"pref":"山口県","city":"下関市","town":"長府前八幡町"}],"0935":[{"pref":"山口県","city":"下関市","town":"長府松小田中町"}],"0934":[{"pref":"山口県","city":"下関市","town":"長府松小田東町"}],"0937":[{"pref":"山口県","city":"下関市","town":"長府松小田西町"}],"0936":[{"pref":"山口県","city":"下関市","town":"長府松小田南町"}],"0932":[{"pref":"山口県","city":"下関市","town":"長府松小田北町"}],"0933":[{"pref":"山口県","city":"下関市","town":"長府松小田本町"}],"0983":[{"pref":"山口県","city":"下関市","town":"長府松原町"}],"0948":[{"pref":"山口県","city":"下関市","town":"長府満珠新町"}],"0947":[{"pref":"山口県","city":"下関市","town":"長府満珠町"}],"0965":[{"pref":"山口県","city":"下関市","town":"長府三島町"}],"0953":[{"pref":"山口県","city":"下関市","town":"長府港町"}],"0976":[{"pref":"山口県","city":"下関市","town":"長府南之町"}],"0984":[{"pref":"山口県","city":"下関市","town":"長府宮崎町"}],"0967":[{"pref":"山口県","city":"下関市","town":"長府宮の内町"}],"0996":[{"pref":"山口県","city":"下関市","town":"長府向田町"}],"0955":[{"pref":"山口県","city":"下関市","town":"長府八幡町"}],"0981":[{"pref":"山口県","city":"下関市","town":"豊浦村"}],"0905":[{"pref":"山口県","city":"下関市","town":"西観音町"}],"0913":[{"pref":"山口県","city":"下関市","town":"乃木浜"}],"0906":[{"pref":"山口県","city":"下関市","town":"東観音町"}],"0997":[{"pref":"山口県","city":"下関市","town":"前田"}],"0931":[{"pref":"山口県","city":"下関市","town":"松小田"}],"0901":[{"pref":"山口県","city":"下関市","town":"山田"}],"0926":[{"pref":"山口県","city":"下関市","town":"ゆめタウン"}]}