{"0006":[{"pref":"愛知県","city":"一宮市","town":"起"}],"0001":[{"pref":"愛知県","city":"一宮市","town":"開明"}],"0002":[{"pref":"愛知県","city":"一宮市","town":"篭屋"}],"0014":[{"pref":"愛知県","city":"一宮市","town":"上祖父江"}],"0004":[{"pref":"愛知県","city":"一宮市","town":"北今"}],"0007":[{"pref":"愛知県","city":"一宮市","town":"小信中島"}],"0003":[{"pref":"愛知県","city":"一宮市","town":"三条"}],"0013":[{"pref":"愛知県","city":"一宮市","town":"玉野"}],"0018":[{"pref":"愛知県","city":"一宮市","town":"冨田"}],"0005":[{"pref":"愛知県","city":"一宮市","town":"西五城"}],"0015":[{"pref":"愛知県","city":"一宮市","town":"西中野"}],"0011":[{"pref":"愛知県","city":"一宮市","town":"西萩原"}],"0019":[{"pref":"愛知県","city":"一宮市","town":"蓮池"}],"0008":[{"pref":"愛知県","city":"一宮市","town":"東五城"}],"0016":[{"pref":"愛知県","city":"一宮市","town":"東加賀野井"}],"0012":[{"pref":"愛知県","city":"一宮市","town":"明地"}],"0017":[{"pref":"愛知県","city":"一宮市","town":"祐久"}]}