{"0000":[{"pref":"北海道","city":"江別市","town":"以下に掲載がない場合"}],"0011":[{"pref":"北海道","city":"江別市","town":"１条"}],"0012":[{"pref":"北海道","city":"江別市","town":"２条"}],"0013":[{"pref":"北海道","city":"江別市","town":"３条"}],"0014":[{"pref":"北海道","city":"江別市","town":"４条"}],"0015":[{"pref":"北海道","city":"江別市","town":"５条"}],"0016":[{"pref":"北海道","city":"江別市","town":"６条"}],"0017":[{"pref":"北海道","city":"江別市","town":"７条"}],"0018":[{"pref":"北海道","city":"江別市","town":"８条"}],"0025":[{"pref":"北海道","city":"江別市","town":"あけぼの町"}],"0024":[{"pref":"北海道","city":"江別市","town":"朝日町"}],"0034":[{"pref":"北海道","city":"江別市","town":"いずみ野"}],"0072":[{"pref":"北海道","city":"江別市","town":"一番町"}],"0022":[{"pref":"北海道","city":"江別市","town":"江別太"}],"0001":[{"pref":"北海道","city":"江別市","town":"王子"}],"0052":[{"pref":"北海道","city":"江別市","town":"角山"}],"0064":[{"pref":"北海道","city":"江別市","town":"上江別"}],"0063":[{"pref":"北海道","city":"江別市","town":"上江別西町"}],"0061":[{"pref":"北海道","city":"江別市","town":"上江別東町"}],"0062":[{"pref":"北海道","city":"江別市","town":"上江別南町"}],"0051":[{"pref":"北海道","city":"江別市","town":"工栄町"}],"0055":[{"pref":"北海道","city":"江別市","town":"篠津"}],"0074":[{"pref":"北海道","city":"江別市","town":"高砂町"}],"0033":[{"pref":"北海道","city":"江別市","town":"対雁"}],"0023":[{"pref":"北海道","city":"江別市","town":"東光町"}],"0021":[{"pref":"北海道","city":"江別市","town":"豊幌"}],"0026":[{"pref":"北海道","city":"江別市","town":"豊幌花園町"}],"0028":[{"pref":"北海道","city":"江別市","town":"豊幌はみんぐ町"}],"0027":[{"pref":"北海道","city":"江別市","town":"豊幌美咲町"}],"0053":[{"pref":"北海道","city":"江別市","town":"中島"}],"0071":[{"pref":"北海道","city":"江別市","town":"萩ケ岡"}],"0005":[{"pref":"北海道","city":"江別市","town":"牧場町"}],"0002":[{"pref":"北海道","city":"江別市","town":"緑町西"}],"0003":[{"pref":"北海道","city":"江別市","town":"緑町東"}],"0056":[{"pref":"北海道","city":"江別市","town":"美原"}],"0042":[{"pref":"北海道","city":"江別市","town":"見晴台"}],"0075":[{"pref":"北海道","city":"江別市","town":"向ケ丘"}],"0058":[{"pref":"北海道","city":"江別市","town":"萌えぎ野中央"}],"0059":[{"pref":"北海道","city":"江別市","town":"萌えぎ野西"}],"0057":[{"pref":"北海道","city":"江別市","town":"萌えぎ野東"}],"0032":[{"pref":"北海道","city":"江別市","town":"元江別"}],"0041":[{"pref":"北海道","city":"江別市","town":"元江別本町"}],"0031":[{"pref":"北海道","city":"江別市","town":"元町"}],"0054":[{"pref":"北海道","city":"江別市","town":"八幡"}],"0073":[{"pref":"北海道","city":"江別市","town":"弥生町"}],"0065":[{"pref":"北海道","city":"江別市","town":"ゆめみ野東町"}],"0066":[{"pref":"北海道","city":"江別市","town":"ゆめみ野南町"}],"0004":[{"pref":"北海道","city":"江別市","town":"若草町"}]}