{"1151":[{"pref":"愛知県","city":"安城市","town":"村高町"}],"1152":[{"pref":"愛知県","city":"安城市","town":"川島町"}],"1153":[{"pref":"愛知県","city":"安城市","town":"東町"}],"1154":[{"pref":"愛知県","city":"安城市","town":"桜井町"}],"1155":[{"pref":"愛知県","city":"安城市","town":"堀内町"}],"1161":[{"pref":"愛知県","city":"安城市","town":"姫小川町"}],"1162":[{"pref":"愛知県","city":"安城市","town":"小川町"}],"1163":[{"pref":"愛知県","city":"安城市","town":"木戸町"}],"1164":[{"pref":"愛知県","city":"安城市","town":"藤井町"}],"1165":[{"pref":"愛知県","city":"安城市","town":"野寺町"}],"1166":[{"pref":"愛知県","city":"安城市","town":"寺領町"}],"1201":[{"pref":"愛知県","city":"安城市","town":"石井町"}],"1202":[{"pref":"愛知県","city":"安城市","town":"城ケ入町（団戸）"}],"1203":[{"pref":"愛知県","city":"安城市","town":"城ケ入町（立出）"}],"1204":[{"pref":"愛知県","city":"安城市","town":"城ケ入町（北立出）"}],"1205":[{"pref":"愛知県","city":"安城市","town":"城ケ入町（広見）"}],"1206":[{"pref":"愛知県","city":"安城市","town":"城ケ入町"}],"1211":[{"pref":"愛知県","city":"安城市","town":"根崎町"}],"1212":[{"pref":"愛知県","city":"安城市","town":"根崎町（北根）"}],"1213":[{"pref":"愛知県","city":"安城市","town":"東端町"}],"1214":[{"pref":"愛知県","city":"安城市","town":"榎前町"}],"1215":[{"pref":"愛知県","city":"安城市","town":"榎前町（井杭山）"}],"1221":[{"pref":"愛知県","city":"安城市","town":"和泉町"}],"1222":[{"pref":"愛知県","city":"安城市","town":"和泉町（大海古）"}],"1223":[{"pref":"愛知県","city":"安城市","town":"和泉町（北大木）"}],"1224":[{"pref":"愛知県","city":"安城市","town":"和泉町（八兵エ）"}],"1225":[{"pref":"愛知県","city":"安城市","town":"和泉町（井上）"}],"1300":[{"pref":"愛知県","city":"高浜市","town":"以下に掲載がない場合"}],"1301":[{"pref":"愛知県","city":"高浜市","town":"新田町"}],"1302":[{"pref":"愛知県","city":"高浜市","town":"八幡町"}],"1303":[{"pref":"愛知県","city":"高浜市","town":"小池町"}],"1304":[{"pref":"愛知県","city":"高浜市","town":"豊田町"}],"1305":[{"pref":"愛知県","city":"高浜市","town":"神明町"}],"1311":[{"pref":"愛知県","city":"高浜市","town":"本郷町"}],"1312":[{"pref":"愛知県","city":"高浜市","town":"清水町"}],"1313":[{"pref":"愛知県","city":"高浜市","town":"向山町"}],"1314":[{"pref":"愛知県","city":"高浜市","town":"論地町"}],"1321":[{"pref":"愛知県","city":"高浜市","town":"稗田町"}],"1322":[{"pref":"愛知県","city":"高浜市","town":"二池町"}],"1323":[{"pref":"愛知県","city":"高浜市","town":"田戸町"}],"1324":[{"pref":"愛知県","city":"高浜市","town":"碧海町"}],"1325":[{"pref":"愛知県","city":"高浜市","town":"青木町"}],"1331":[{"pref":"愛知県","city":"高浜市","town":"屋敷町"}],"1332":[{"pref":"愛知県","city":"高浜市","town":"湯山町"}],"1333":[{"pref":"愛知県","city":"高浜市","town":"沢渡町"}],"1334":[{"pref":"愛知県","city":"高浜市","town":"春日町"}],"1335":[{"pref":"愛知県","city":"高浜市","town":"芳川町"}],"1336":[{"pref":"愛知県","city":"高浜市","town":"呉竹町"}],"2101":[{"pref":"愛知県","city":"岡崎市","town":"川向町"}],"2102":[{"pref":"愛知県","city":"岡崎市","town":"日影町"}],"2103":[{"pref":"愛知県","city":"岡崎市","town":"渡通津町"}],"2104":[{"pref":"愛知県","city":"岡崎市","town":"駒立町"}],"2105":[{"pref":"愛知県","city":"岡崎市","town":"丹坂町"}],"2106":[{"pref":"愛知県","city":"岡崎市","town":"真福寺町"}],"2107":[{"pref":"愛知県","city":"岡崎市","town":"恵田町"}],"2108":[{"pref":"愛知県","city":"岡崎市","town":"奥殿町"}],"2109":[{"pref":"愛知県","city":"岡崎市","town":"宮石町"}],"2111":[{"pref":"愛知県","city":"岡崎市","town":"西阿知和町"}],"2112":[{"pref":"愛知県","city":"岡崎市","town":"東阿知和町"}],"2113":[{"pref":"愛知県","city":"岡崎市","town":"松橋町"}],"2114":[{"pref":"愛知県","city":"岡崎市","town":"堂前町"}],"2115":[{"pref":"愛知県","city":"岡崎市","town":"百々町"}],"2116":[{"pref":"愛知県","city":"岡崎市","town":"寿町"}],"2117":[{"pref":"愛知県","city":"岡崎市","town":"百々西町"}],"2118":[{"pref":"愛知県","city":"岡崎市","town":"河原町"}],"2121":[{"pref":"愛知県","city":"岡崎市","town":"鴨田町"}],"2122":[{"pref":"愛知県","city":"岡崎市","town":"鴨田本町"}],"2123":[{"pref":"愛知県","city":"岡崎市","town":"鴨田南町"}],"2131":[{"pref":"愛知県","city":"岡崎市","town":"青木町"}],"2132":[{"pref":"愛知県","city":"岡崎市","town":"井ノ口新町"}],"2133":[{"pref":"愛知県","city":"岡崎市","town":"井ノ口町"}],"2134":[{"pref":"愛知県","city":"岡崎市","town":"大樹寺"}],"2135":[{"pref":"愛知県","city":"岡崎市","town":"大門"}],"2136":[{"pref":"愛知県","city":"岡崎市","town":"上里"}],"2137":[{"pref":"愛知県","city":"岡崎市","town":"薮田"}],"2141":[{"pref":"愛知県","city":"岡崎市","town":"桑原町"}],"2142":[{"pref":"愛知県","city":"岡崎市","town":"奥山田町"}],"2143":[{"pref":"愛知県","city":"岡崎市","town":"八ツ木町"}],"2144":[{"pref":"愛知県","city":"岡崎市","town":"岩津町"}],"2145":[{"pref":"愛知県","city":"岡崎市","town":"東蔵前"}],"2146":[{"pref":"愛知県","city":"岡崎市","town":"東蔵前町"}],"2147":[{"pref":"愛知県","city":"岡崎市","town":"西蔵前町"}],"2148":[{"pref":"愛知県","city":"岡崎市","town":"仁木町"}],"2149":[{"pref":"愛知県","city":"岡崎市","town":"細川町"}],"2201":[{"pref":"愛知県","city":"豊田市","town":"坂上町"}],"2202":[{"pref":"愛知県","city":"豊田市","town":"松平町"}],"2203":[{"pref":"愛知県","city":"豊田市","town":"豊松町"}],"2204":[{"pref":"愛知県","city":"豊田市","town":"鵜ケ瀬町"}],"2205":[{"pref":"愛知県","city":"豊田市","town":"鍋田町"}],"2206":[{"pref":"愛知県","city":"豊田市","town":"王滝町"}],"2207":[{"pref":"愛知県","city":"豊田市","town":"石楠町"}],"2211":[{"pref":"愛知県","city":"豊田市","town":"長沢町"}],"2212":[{"pref":"愛知県","city":"豊田市","town":"滝脇町"}],"2213":[{"pref":"愛知県","city":"豊田市","town":"加茂川町"}],"2214":[{"pref":"愛知県","city":"豊田市","town":"桂野町"}],"2215":[{"pref":"愛知県","city":"豊田市","town":"中垣内町"}],"2216":[{"pref":"愛知県","city":"豊田市","town":"九久平町"}],"2217":[{"pref":"愛知県","city":"豊田市","town":"大内町"}],"2218":[{"pref":"愛知県","city":"豊田市","town":"林添町"}],"2221":[{"pref":"愛知県","city":"豊田市","town":"幸海町"}],"2222":[{"pref":"愛知県","city":"豊田市","town":"穂積町"}],"2223":[{"pref":"愛知県","city":"豊田市","town":"松平志賀町"}],"2224":[{"pref":"愛知県","city":"豊田市","town":"巴町"}],"2225":[{"pref":"愛知県","city":"豊田市","town":"岩倉町"}],"2226":[{"pref":"愛知県","city":"豊田市","town":"幸穂台"}],"2301":[{"pref":"愛知県","city":"豊田市","town":"東川端町"}],"2302":[{"pref":"愛知県","city":"豊田市","town":"戸中町"}],"2303":[{"pref":"愛知県","city":"豊田市","town":"野林町"}],"2311":[{"pref":"愛知県","city":"豊田市","town":"沢ノ堂町"}],"2312":[{"pref":"愛知県","city":"豊田市","town":"四ツ松町"}],"2313":[{"pref":"愛知県","city":"豊田市","town":"冷田町"}],"2314":[{"pref":"愛知県","city":"豊田市","town":"上小田町"}],"2321":[{"pref":"愛知県","city":"豊田市","town":"下国谷町"}],"2324":[{"pref":"愛知県","city":"豊田市","town":"栃本町"}],"2325":[{"pref":"愛知県","city":"豊田市","town":"桑原田町"}],"2326":[{"pref":"愛知県","city":"豊田市","town":"国谷町"}],"2327":[{"pref":"愛知県","city":"豊田市","town":"白倉町"}],"2331":[{"pref":"愛知県","city":"豊田市","town":"岩谷町"}],"2332":[{"pref":"愛知県","city":"豊田市","town":"下平町"}],"2333":[{"pref":"愛知県","city":"豊田市","town":"平折町"}],"2334":[{"pref":"愛知県","city":"豊田市","town":"国閑町"}],"2335":[{"pref":"愛知県","city":"豊田市","town":"上脇町"}],"2336":[{"pref":"愛知県","city":"豊田市","town":"下佐切町"}],"2337":[{"pref":"愛知県","city":"豊田市","town":"上佐切町"}],"2342":[{"pref":"愛知県","city":"豊田市","town":"則定町"}],"2343":[{"pref":"愛知県","city":"豊田市","town":"霧山町"}],"2344":[{"pref":"愛知県","city":"豊田市","town":"東大島町"}],"2351":[{"pref":"愛知県","city":"豊田市","town":"岩神町（その他）"}],"2352":[{"pref":"愛知県","city":"豊田市","town":"篭林町"}],"2353":[{"pref":"愛知県","city":"豊田市","town":"田振町"}],"2354":[{"pref":"愛知県","city":"豊田市","town":"井ノ口町"}],"2355":[{"pref":"愛知県","city":"豊田市","town":"近岡町"}],"2401":[{"pref":"愛知県","city":"豊田市","town":"二タ宮町"}],"2402":[{"pref":"愛知県","city":"豊田市","town":"竜岡町"}],"2403":[{"pref":"愛知県","city":"豊田市","town":"川面町"}],"2404":[{"pref":"愛知県","city":"豊田市","town":"怒田沢町"}],"2405":[{"pref":"愛知県","city":"豊田市","town":"大蔵連町"}],"2406":[{"pref":"愛知県","city":"豊田市","town":"漆畑町"}],"2407":[{"pref":"愛知県","city":"豊田市","town":"桑田和町"}],"2409":[{"pref":"愛知県","city":"豊田市","town":"菅生町"}],"2411":[{"pref":"愛知県","city":"豊田市","town":"御内町"}],"2412":[{"pref":"愛知県","city":"豊田市","town":"山ノ中立町"}],"2413":[{"pref":"愛知県","city":"豊田市","town":"東大見町"}],"2414":[{"pref":"愛知県","city":"豊田市","town":"葛沢町"}],"2415":[{"pref":"愛知県","city":"豊田市","town":"山谷町"}],"2416":[{"pref":"愛知県","city":"豊田市","town":"有洞町"}],"2417":[{"pref":"愛知県","city":"豊田市","town":"室口町"}],"2418":[{"pref":"愛知県","city":"豊田市","town":"綾渡町"}],"2419":[{"pref":"愛知県","city":"豊田市","town":"椿立町"}],"2423":[{"pref":"愛知県","city":"豊田市","town":"安実京町"}],"2424":[{"pref":"愛知県","city":"豊田市","town":"足助町"}],"2451":[{"pref":"愛知県","city":"豊田市","town":"岩神町（足助高等学校）"}],"2501":[{"pref":"愛知県","city":"豊田市","town":"大井町"}],"2502":[{"pref":"愛知県","city":"豊田市","town":"北小田町"}],"2503":[{"pref":"愛知県","city":"豊田市","town":"細田町"}],"2504":[{"pref":"愛知県","city":"豊田市","town":"永野町"}],"2505":[{"pref":"愛知県","city":"豊田市","town":"新盛町"}],"2506":[{"pref":"愛知県","city":"豊田市","town":"久木町"}],"2510":[{"pref":"愛知県","city":"豊田市","town":"富岡町"}],"2511":[{"pref":"愛知県","city":"豊田市","town":"大蔵町"}],"2512":[{"pref":"愛知県","city":"豊田市","town":"東中山町"}],"2513":[{"pref":"愛知県","city":"豊田市","town":"足助白山町"}],"2514":[{"pref":"愛知県","city":"豊田市","town":"栃ノ沢町"}],"2515":[{"pref":"愛知県","city":"豊田市","town":"大塚町"}],"2516":[{"pref":"愛知県","city":"豊田市","town":"塩ノ沢町"}],"2517":[{"pref":"愛知県","city":"豊田市","town":"中立町"}],"2521":[{"pref":"愛知県","city":"豊田市","town":"小町"}],"2522":[{"pref":"愛知県","city":"豊田市","town":"御蔵町"}],"2523":[{"pref":"愛知県","city":"豊田市","town":"実栗町"}],"2524":[{"pref":"愛知県","city":"豊田市","town":"摺町"}],"2525":[{"pref":"愛知県","city":"豊田市","town":"大河原町"}],"2526":[{"pref":"愛知県","city":"豊田市","town":"葛町"}],"2527":[{"pref":"愛知県","city":"豊田市","town":"月原町"}],"2528":[{"pref":"愛知県","city":"豊田市","town":"東渡合町"}],"2531":[{"pref":"愛知県","city":"豊田市","town":"上切山町"}],"2532":[{"pref":"愛知県","city":"豊田市","town":"西樫尾町"}],"2533":[{"pref":"愛知県","city":"豊田市","town":"小手沢町"}],"2601":[{"pref":"愛知県","city":"豊田市","town":"明川町"}],"2602":[{"pref":"愛知県","city":"豊田市","town":"連谷町"}],"2603":[{"pref":"愛知県","city":"豊田市","town":"大多賀町"}],"2604":[{"pref":"愛知県","city":"豊田市","town":"上八木町"}],"2605":[{"pref":"愛知県","city":"豊田市","town":"玉野町"}],"2606":[{"pref":"愛知県","city":"豊田市","town":"千田町"}],"2607":[{"pref":"愛知県","city":"豊田市","town":"平沢町"}],"2608":[{"pref":"愛知県","city":"豊田市","town":"五反田町"}],"2801":[{"pref":"愛知県","city":"豊田市","town":"牛地町"}],"2802":[{"pref":"愛知県","city":"豊田市","town":"田津原町"}],"2803":[{"pref":"愛知県","city":"豊田市","town":"坪崎町"}],"2804":[{"pref":"愛知県","city":"豊田市","town":"日下部町"}],"2805":[{"pref":"愛知県","city":"豊田市","town":"小畑町"}],"2806":[{"pref":"愛知県","city":"豊田市","town":"惣田町"}],"2807":[{"pref":"愛知県","city":"豊田市","town":"伊熊町"}],"2808":[{"pref":"愛知県","city":"豊田市","town":"槇本町"}],"2809":[{"pref":"愛知県","city":"豊田市","town":"小滝野町"}],"2811":[{"pref":"愛知県","city":"豊田市","town":"太田町"}],"2812":[{"pref":"愛知県","city":"豊田市","town":"押井町"}],"2813":[{"pref":"愛知県","city":"豊田市","town":"加塩町"}],"2814":[{"pref":"愛知県","city":"豊田市","town":"榊野町"}],"2815":[{"pref":"愛知県","city":"豊田市","town":"万根町"}],"2816":[{"pref":"愛知県","city":"豊田市","town":"杉本町"}],"2817":[{"pref":"愛知県","city":"豊田市","town":"明賀町"}],"2821":[{"pref":"愛知県","city":"豊田市","town":"小田町"}],"2822":[{"pref":"愛知県","city":"豊田市","town":"大坪町"}],"2823":[{"pref":"愛知県","city":"豊田市","town":"東萩平町"}],"2824":[{"pref":"愛知県","city":"豊田市","town":"池島町"}],"2825":[{"pref":"愛知県","city":"豊田市","town":"市平町"}],"2826":[{"pref":"愛知県","city":"豊田市","town":"笹戸町"}],"2827":[{"pref":"愛知県","city":"豊田市","town":"有間町"}],"2831":[{"pref":"愛知県","city":"豊田市","town":"須渕町"}],"2832":[{"pref":"愛知県","city":"豊田市","town":"浅谷町"}],"2833":[{"pref":"愛知県","city":"豊田市","town":"下切町"}],"2834":[{"pref":"愛知県","city":"豊田市","town":"島崎町"}],"2835":[{"pref":"愛知県","city":"豊田市","town":"上中町"}],"2836":[{"pref":"愛知県","city":"豊田市","town":"上切町"}],"2837":[{"pref":"愛知県","city":"豊田市","town":"一色町"}],"2838":[{"pref":"愛知県","city":"豊田市","town":"下中町"}],"2839":[{"pref":"愛知県","city":"豊田市","town":"三分山町"}],"2841":[{"pref":"愛知県","city":"豊田市","town":"閑羅瀬町"}],"2842":[{"pref":"愛知県","city":"豊田市","town":"余平町"}],"2843":[{"pref":"愛知県","city":"豊田市","town":"旭八幡町"}],"2844":[{"pref":"愛知県","city":"豊田市","town":"伯母沢町"}],"2845":[{"pref":"愛知県","city":"豊田市","town":"万町町"}],"2846":[{"pref":"愛知県","city":"豊田市","town":"小渡町"}],"2847":[{"pref":"愛知県","city":"豊田市","town":"時瀬町"}],"3151":[{"pref":"愛知県","city":"岡崎市","town":"箱柳町（中立）"}],"3161":[{"pref":"愛知県","city":"岡崎市","town":"大柳町"}],"3162":[{"pref":"愛知県","city":"岡崎市","town":"新居町"}],"3163":[{"pref":"愛知県","city":"岡崎市","town":"小丸町"}],"3164":[{"pref":"愛知県","city":"岡崎市","town":"蔵次町"}],"3165":[{"pref":"愛知県","city":"岡崎市","town":"岩中町"}],"3166":[{"pref":"愛知県","city":"岡崎市","town":"大井野町"}],"3167":[{"pref":"愛知県","city":"岡崎市","town":"米河内町"}],"3168":[{"pref":"愛知県","city":"岡崎市","town":"安戸町"}],"3171":[{"pref":"愛知県","city":"岡崎市","town":"板田町"}],"3172":[{"pref":"愛知県","city":"岡崎市","town":"田口町"}],"3173":[{"pref":"愛知県","city":"岡崎市","town":"滝町"}],"3174":[{"pref":"愛知県","city":"岡崎市","town":"真伝町"}],"3175":[{"pref":"愛知県","city":"岡崎市","town":"真伝"}],"3176":[{"pref":"愛知県","city":"岡崎市","town":"真伝吉祥"}],"3201":[{"pref":"愛知県","city":"豊田市","town":"梨野町"}],"3202":[{"pref":"愛知県","city":"豊田市","town":"阿蔵町"}],"3203":[{"pref":"愛知県","city":"豊田市","town":"宇連野町"}],"3205":[{"pref":"愛知県","city":"豊田市","town":"野原町"}],"3206":[{"pref":"愛知県","city":"豊田市","town":"羽布町"}],"3207":[{"pref":"愛知県","city":"豊田市","town":"大桑町"}],"3208":[{"pref":"愛知県","city":"豊田市","town":"高野町"}],"3211":[{"pref":"愛知県","city":"豊田市","town":"和合町"}],"3212":[{"pref":"愛知県","city":"豊田市","town":"黒坂町"}],"3213":[{"pref":"愛知県","city":"豊田市","town":"小松野町"}],"3216":[{"pref":"愛知県","city":"豊田市","town":"蘭町"}],"3221":[{"pref":"愛知県","city":"豊田市","town":"田折町"}],"3222":[{"pref":"愛知県","city":"豊田市","town":"下山田代町"}],"3223":[{"pref":"愛知県","city":"豊田市","town":"蕪木町"}],"3231":[{"pref":"愛知県","city":"豊田市","town":"花沢町"}],"3242":[{"pref":"愛知県","city":"豊田市","town":"大沼町"}],"3251":[{"pref":"愛知県","city":"豊田市","town":"平瀬町"}],"3252":[{"pref":"愛知県","city":"豊田市","town":"神殿町"}],"3261":[{"pref":"愛知県","city":"豊田市","town":"東大林町"}],"3262":[{"pref":"愛知県","city":"豊田市","town":"立岩町"}],"3264":[{"pref":"愛知県","city":"豊田市","town":"栃立町"}],"3265":[{"pref":"愛知県","city":"豊田市","town":"田平沢町"}],"3331":[{"pref":"愛知県","city":"岡崎市","town":"古部町"}],"3332":[{"pref":"愛知県","city":"岡崎市","town":"切越町"}],"3333":[{"pref":"愛知県","city":"岡崎市","town":"蓬生町"}],"3334":[{"pref":"愛知県","city":"岡崎市","town":"生平町"}],"3335":[{"pref":"愛知県","city":"岡崎市","town":"茅原沢町"}],"3341":[{"pref":"愛知県","city":"岡崎市","town":"須淵町"}],"3342":[{"pref":"愛知県","city":"岡崎市","town":"才栗町"}],"3343":[{"pref":"愛知県","city":"岡崎市","town":"秦梨町"}],"3344":[{"pref":"愛知県","city":"岡崎市","town":"岩戸町"}],"3431":[{"pref":"愛知県","city":"岡崎市","town":"切山町"}],"3432":[{"pref":"愛知県","city":"岡崎市","town":"千万町町"}],"3433":[{"pref":"愛知県","city":"岡崎市","town":"木下町"}],"3434":[{"pref":"愛知県","city":"岡崎市","town":"井沢町"}],"3435":[{"pref":"愛知県","city":"岡崎市","town":"桜形町"}],"3436":[{"pref":"愛知県","city":"岡崎市","town":"小久田町"}],"3437":[{"pref":"愛知県","city":"岡崎市","town":"毛呂町"}],"3441":[{"pref":"愛知県","city":"岡崎市","town":"冨尾町"}],"3442":[{"pref":"愛知県","city":"岡崎市","town":"保久町"}],"3443":[{"pref":"愛知県","city":"岡崎市","town":"鍛埜町"}],"3444":[{"pref":"愛知県","city":"岡崎市","town":"南大須町"}],"3445":[{"pref":"愛知県","city":"岡崎市","town":"大高味町"}],"3446":[{"pref":"愛知県","city":"岡崎市","town":"中伊町"}],"3447":[{"pref":"愛知県","city":"岡崎市","town":"一色町"}],"3448":[{"pref":"愛知県","city":"岡崎市","town":"外山町"}],"3449":[{"pref":"愛知県","city":"岡崎市","town":"中伊西町"}],"3501":[{"pref":"愛知県","city":"岡崎市","town":"池金町"}],"3502":[{"pref":"愛知県","city":"岡崎市","town":"大幡町"}],"3503":[{"pref":"愛知県","city":"岡崎市","town":"鶇巣町"}],"3504":[{"pref":"愛知県","city":"岡崎市","town":"上衣文町"}],"3505":[{"pref":"愛知県","city":"岡崎市","town":"本宿町"}],"3506":[{"pref":"愛知県","city":"岡崎市","town":"本宿西"}],"3507":[{"pref":"愛知県","city":"岡崎市","town":"本宿台"}],"3508":[{"pref":"愛知県","city":"岡崎市","town":"本宿茜"}],"3511":[{"pref":"愛知県","city":"岡崎市","town":"舞木町"}],"3512":[{"pref":"愛知県","city":"岡崎市","town":"鉢地町"}],"3513":[{"pref":"愛知県","city":"岡崎市","town":"山綱町（その他）"}],"3514":[{"pref":"愛知県","city":"岡崎市","town":"羽栗町"}],"3515":[{"pref":"愛知県","city":"岡崎市","town":"桑谷町"}],"3516":[{"pref":"愛知県","city":"岡崎市","town":"山綱町（丁目）"}],"3521":[{"pref":"愛知県","city":"岡崎市","town":"市場町"}],"3522":[{"pref":"愛知県","city":"岡崎市","town":"藤川台"}],"3523":[{"pref":"愛知県","city":"岡崎市","town":"藤川町"}],"3524":[{"pref":"愛知県","city":"岡崎市","town":"竜泉寺町"}],"3525":[{"pref":"愛知県","city":"岡崎市","town":"蓑川町"}],"3526":[{"pref":"愛知県","city":"岡崎市","town":"蓑川新町"}],"3527":[{"pref":"愛知県","city":"岡崎市","town":"藤川荒古"}],"3528":[{"pref":"愛知県","city":"岡崎市","town":"みはらし台"}],"3601":[{"pref":"愛知県","city":"岡崎市","town":"石原町"}],"3602":[{"pref":"愛知県","city":"岡崎市","town":"東河原町"}],"3603":[{"pref":"愛知県","city":"岡崎市","town":"雨山町"}],"3604":[{"pref":"愛知県","city":"岡崎市","town":"大代町"}],"3605":[{"pref":"愛知県","city":"岡崎市","town":"中金町"}],"3611":[{"pref":"愛知県","city":"岡崎市","town":"宮崎町"}],"3612":[{"pref":"愛知県","city":"岡崎市","town":"明見町"}],"3613":[{"pref":"愛知県","city":"岡崎市","town":"滝尻町"}],"3614":[{"pref":"愛知県","city":"岡崎市","town":"鳥川町"}],"3615":[{"pref":"愛知県","city":"岡崎市","town":"細光町"}],"3616":[{"pref":"愛知県","city":"岡崎市","town":"片寄町"}],"3617":[{"pref":"愛知県","city":"岡崎市","town":"淡渕町"}],"3621":[{"pref":"愛知県","city":"岡崎市","town":"夏山町"}],"3622":[{"pref":"愛知県","city":"岡崎市","town":"樫山町"}],"3623":[{"pref":"愛知県","city":"岡崎市","town":"鹿勝川町"}],"3624":[{"pref":"愛知県","city":"岡崎市","town":"牧平町"}],"3625":[{"pref":"愛知県","city":"岡崎市","town":"下衣文町"}],"3626":[{"pref":"愛知県","city":"岡崎市","town":"桜井寺町"}],"0000":[{"pref":"愛知県","city":"岡崎市","town":"以下に掲載がない場合"}],"0913":[{"pref":"愛知県","city":"岡崎市","town":"葵町"}],"0241":[{"pref":"愛知県","city":"岡崎市","town":"赤渋町"}],"0025":[{"pref":"愛知県","city":"岡崎市","town":"曙町"}],"0022":[{"pref":"愛知県","city":"岡崎市","town":"朝日町"}],"0234":[{"pref":"愛知県","city":"岡崎市","town":"安藤町"}],"0078":[{"pref":"愛知県","city":"岡崎市","town":"伊賀新町"}],"0075":[{"pref":"愛知県","city":"岡崎市","town":"伊賀町"}],"0079":[{"pref":"愛知県","city":"岡崎市","town":"石神町"}],"0053":[{"pref":"愛知県","city":"岡崎市","town":"板屋町"}],"0069":[{"pref":"愛知県","city":"岡崎市","town":"井田新町"}],"0912":[{"pref":"愛知県","city":"岡崎市","town":"井田西町"}],"0068":[{"pref":"愛知県","city":"岡崎市","town":"井田南町"}],"0076":[{"pref":"愛知県","city":"岡崎市","town":"井田町"}],"0077":[{"pref":"愛知県","city":"岡崎市","town":"井田町茨坪"}],"0203":[{"pref":"愛知県","city":"岡崎市","town":"井内町"}],"0071":[{"pref":"愛知県","city":"岡崎市","town":"稲熊町"}],"0823":[{"pref":"愛知県","city":"岡崎市","town":"上地"}],"0824":[{"pref":"愛知県","city":"岡崎市","town":"上地町"}],"0058":[{"pref":"愛知県","city":"岡崎市","town":"魚町"}],"0906":[{"pref":"愛知県","city":"岡崎市","town":"宇頭北町"}],"0905":[{"pref":"愛知県","city":"岡崎市","town":"宇頭町"}],"0950":[{"pref":"愛知県","city":"岡崎市","town":"宇頭東町"}],"0949":[{"pref":"愛知県","city":"岡崎市","town":"宇頭南町"}],"0031":[{"pref":"愛知県","city":"岡崎市","town":"梅園町"}],"0843":[{"pref":"愛知県","city":"岡崎市","town":"江口"}],"0003":[{"pref":"愛知県","city":"岡崎市","town":"小美町"}],"0811":[{"pref":"愛知県","city":"岡崎市","town":"大西町"}],"0812":[{"pref":"愛知県","city":"岡崎市","town":"大西町南ケ原"}],"0007":[{"pref":"愛知県","city":"岡崎市","town":"大平町"}],"0871":[{"pref":"愛知県","city":"岡崎市","town":"大西"}],"0005":[{"pref":"愛知県","city":"岡崎市","town":"岡町"}],"0009":[{"pref":"愛知県","city":"岡崎市","town":"小呂町"}],"0065":[{"pref":"愛知県","city":"岡崎市","town":"柿田町"}],"0011":[{"pref":"愛知県","city":"岡崎市","town":"欠町"}],"0041":[{"pref":"愛知県","city":"岡崎市","town":"籠田町"}],"0243":[{"pref":"愛知県","city":"岡崎市","town":"上青野町"}],"0936":[{"pref":"愛知県","city":"岡崎市","town":"上佐々木町"}],"0246":[{"pref":"愛知県","city":"岡崎市","town":"上三ツ木町"}],"0861":[{"pref":"愛知県","city":"岡崎市","town":"上明大寺町"}],"0858":[{"pref":"愛知県","city":"岡崎市","town":"上六名"}],"0859":[{"pref":"愛知県","city":"岡崎市","town":"上六名町"}],"0201":[{"pref":"愛知県","city":"岡崎市","town":"上和田町"}],"0049":[{"pref":"愛知県","city":"岡崎市","town":"亀井町"}],"0043":[{"pref":"愛知県","city":"岡崎市","town":"唐沢町"}],"0951":[{"pref":"愛知県","city":"岡崎市","town":"北野町"}],"0944":[{"pref":"愛知県","city":"岡崎市","town":"北本郷町"}],"0033":[{"pref":"愛知県","city":"岡崎市","town":"久右ヱ門町"}],"0851":[{"pref":"愛知県","city":"岡崎市","town":"久後崎町"}],"0214":[{"pref":"愛知県","city":"岡崎市","town":"国正町"}],"0941":[{"pref":"愛知県","city":"岡崎市","town":"暮戸町"}],"0052":[{"pref":"愛知県","city":"岡崎市","town":"康生町"}],"0045":[{"pref":"愛知県","city":"岡崎市","town":"康生通東"}],"0059":[{"pref":"愛知県","city":"岡崎市","town":"康生通西"}],"0044":[{"pref":"愛知県","city":"岡崎市","town":"康生通南"}],"0002":[{"pref":"愛知県","city":"岡崎市","town":"高隆寺町"}],"0907":[{"pref":"愛知県","city":"岡崎市","town":"小針町"}],"0245":[{"pref":"愛知県","city":"岡崎市","town":"在家町"}],"0057":[{"pref":"愛知県","city":"岡崎市","town":"材木町"}],"0012":[{"pref":"愛知県","city":"岡崎市","town":"栄町"}],"0213":[{"pref":"愛知県","city":"岡崎市","town":"坂左右町"}],"0216":[{"pref":"愛知県","city":"岡崎市","town":"定国町"}],"0937":[{"pref":"愛知県","city":"岡崎市","town":"島坂町"}],"0036":[{"pref":"愛知県","city":"岡崎市","town":"島町"}],"0244":[{"pref":"愛知県","city":"岡崎市","town":"下青野町"}],"0935":[{"pref":"愛知県","city":"岡崎市","town":"下佐々木町"}],"0247":[{"pref":"愛知県","city":"岡崎市","town":"下三ツ木町"}],"0212":[{"pref":"愛知県","city":"岡崎市","town":"下和田町"}],"0034":[{"pref":"愛知県","city":"岡崎市","town":"十王町"}],"0821":[{"pref":"愛知県","city":"岡崎市","town":"庄司田"}],"0221":[{"pref":"愛知県","city":"岡崎市","town":"正名町"}],"0835":[{"pref":"愛知県","city":"岡崎市","town":"城南町"}],"0064":[{"pref":"愛知県","city":"岡崎市","town":"城北町"}],"0938":[{"pref":"愛知県","city":"岡崎市","town":"昭和町"}],"0855":[{"pref":"愛知県","city":"岡崎市","town":"真宮町"}],"0914":[{"pref":"愛知県","city":"岡崎市","town":"末広町"}],"0035":[{"pref":"愛知県","city":"岡崎市","town":"菅生町"}],"0231":[{"pref":"愛知県","city":"岡崎市","town":"高橋町"}],"0877":[{"pref":"愛知県","city":"岡崎市","town":"竜美旭町"}],"0870":[{"pref":"愛知県","city":"岡崎市","town":"竜美大入町"}],"0872":[{"pref":"愛知県","city":"岡崎市","town":"竜美新町"}],"0873":[{"pref":"愛知県","city":"岡崎市","town":"竜美台"}],"0879":[{"pref":"愛知県","city":"岡崎市","town":"竜美中"}],"0878":[{"pref":"愛知県","city":"岡崎市","town":"竜美東"}],"0875":[{"pref":"愛知県","city":"岡崎市","town":"竜美西"}],"0874":[{"pref":"愛知県","city":"岡崎市","town":"竜美南"}],"0876":[{"pref":"愛知県","city":"岡崎市","town":"竜美北"}],"0054":[{"pref":"愛知県","city":"岡崎市","town":"田町"}],"0931":[{"pref":"愛知県","city":"岡崎市","town":"大和町"}],"0932":[{"pref":"愛知県","city":"岡崎市","town":"筒針町"}],"0844":[{"pref":"愛知県","city":"岡崎市","town":"天白町"}],"0038":[{"pref":"愛知県","city":"岡崎市","town":"伝馬通"}],"0204":[{"pref":"愛知県","city":"岡崎市","town":"土井町"}],"0849":[{"pref":"愛知県","city":"岡崎市","town":"戸崎新町"}],"0842":[{"pref":"愛知県","city":"岡崎市","town":"戸崎元町"}],"0840":[{"pref":"愛知県","city":"岡崎市","town":"戸崎町"}],"0841":[{"pref":"愛知県","city":"岡崎市","town":"戸崎町藤狭"}],"0946":[{"pref":"愛知県","city":"岡崎市","town":"富永町"}],"0921":[{"pref":"愛知県","city":"岡崎市","town":"中岡崎町"}],"0226":[{"pref":"愛知県","city":"岡崎市","town":"中島町"}],"0224":[{"pref":"愛知県","city":"岡崎市","town":"中島中町"}],"0225":[{"pref":"愛知県","city":"岡崎市","town":"中島西町"}],"0223":[{"pref":"愛知県","city":"岡崎市","town":"中島東町"}],"0942":[{"pref":"愛知県","city":"岡崎市","town":"中園町"}],"0836":[{"pref":"愛知県","city":"岡崎市","town":"中田町"}],"0242":[{"pref":"愛知県","city":"岡崎市","town":"中之郷町"}],"0015":[{"pref":"愛知県","city":"岡崎市","town":"中町"}],"0215":[{"pref":"愛知県","city":"岡崎市","town":"中村町"}],"0939":[{"pref":"愛知県","city":"岡崎市","town":"新堀町"}],"0222":[{"pref":"愛知県","city":"岡崎市","town":"二軒屋町"}],"0055":[{"pref":"愛知県","city":"岡崎市","town":"西魚町"}],"0904":[{"pref":"愛知県","city":"岡崎市","town":"西大友町"}],"0067":[{"pref":"愛知県","city":"岡崎市","town":"錦町"}],"0024":[{"pref":"愛知県","city":"岡崎市","town":"西中町"}],"0947":[{"pref":"愛知県","city":"岡崎市","town":"西本郷町"}],"0948":[{"pref":"愛知県","city":"岡崎市","town":"西本郷町和志山"}],"0013":[{"pref":"愛知県","city":"岡崎市","town":"根石町"}],"0232":[{"pref":"愛知県","city":"岡崎市","town":"合歓木町"}],"0211":[{"pref":"愛知県","city":"岡崎市","town":"野畑町"}],"0061":[{"pref":"愛知県","city":"岡崎市","town":"能見町"}],"0073":[{"pref":"愛知県","city":"岡崎市","town":"能見通"}],"0001":[{"pref":"愛知県","city":"岡崎市","town":"箱柳町（その他）"}],"0908":[{"pref":"愛知県","city":"岡崎市","town":"橋目町"}],"0909":[{"pref":"愛知県","city":"岡崎市","town":"橋目町御小屋西"}],"0837":[{"pref":"愛知県","city":"岡崎市","town":"柱"}],"0833":[{"pref":"愛知県","city":"岡崎市","town":"柱曙"}],"0834":[{"pref":"愛知県","city":"岡崎市","town":"柱町"}],"0047":[{"pref":"愛知県","city":"岡崎市","town":"八幡町"}],"0922":[{"pref":"愛知県","city":"岡崎市","town":"八帖南町"}],"0924":[{"pref":"愛知県","city":"岡崎市","town":"八帖北町"}],"0923":[{"pref":"愛知県","city":"岡崎市","town":"八帖町"}],"0832":[{"pref":"愛知県","city":"岡崎市","town":"羽根東町"}],"0838":[{"pref":"愛知県","city":"岡崎市","town":"羽根西"}],"0839":[{"pref":"愛知県","city":"岡崎市","town":"羽根西新町"}],"0831":[{"pref":"愛知県","city":"岡崎市","town":"羽根北町"}],"0813":[{"pref":"愛知県","city":"岡崎市","town":"羽根町"}],"0814":[{"pref":"愛知県","city":"岡崎市","town":"羽根町小豆坂"}],"0816":[{"pref":"愛知県","city":"岡崎市","town":"羽根町大池"}],"0815":[{"pref":"愛知県","city":"岡崎市","town":"羽根町陣場"}],"0828":[{"pref":"愛知県","city":"岡崎市","town":"針崎"}],"0827":[{"pref":"愛知県","city":"岡崎市","town":"針崎町"}],"0903":[{"pref":"愛知県","city":"岡崎市","town":"東大友町"}],"0074":[{"pref":"愛知県","city":"岡崎市","town":"東能見町"}],"0945":[{"pref":"愛知県","city":"岡崎市","town":"東本郷町"}],"0934":[{"pref":"愛知県","city":"岡崎市","town":"東牧内町"}],"0863":[{"pref":"愛知県","city":"岡崎市","town":"東明大寺町"}],"0917":[{"pref":"愛知県","city":"岡崎市","town":"日名西町"}],"0915":[{"pref":"愛知県","city":"岡崎市","town":"日名南町"}],"0911":[{"pref":"愛知県","city":"岡崎市","town":"日名北町"}],"0918":[{"pref":"愛知県","city":"岡崎市","town":"日名中町"}],"0916":[{"pref":"愛知県","city":"岡崎市","town":"日名本町"}],"0066":[{"pref":"愛知県","city":"岡崎市","town":"広幡町"}],"0862":[{"pref":"愛知県","city":"岡崎市","town":"吹矢町"}],"0825":[{"pref":"愛知県","city":"岡崎市","town":"福岡町"}],"0233":[{"pref":"愛知県","city":"岡崎市","town":"福桶町"}],"0056":[{"pref":"愛知県","city":"岡崎市","town":"福寿町"}],"0817":[{"pref":"愛知県","city":"岡崎市","town":"不吹町"}],"0902":[{"pref":"愛知県","city":"岡崎市","town":"舳越町"}],"0021":[{"pref":"愛知県","city":"岡崎市","town":"蓬莱町"}],"0206":[{"pref":"愛知県","city":"岡崎市","town":"法性寺町"}],"0004":[{"pref":"愛知県","city":"岡崎市","town":"保母町"}],"0008":[{"pref":"愛知県","city":"岡崎市","town":"洞町"}],"0051":[{"pref":"愛知県","city":"岡崎市","town":"本町通"}],"0205":[{"pref":"愛知県","city":"岡崎市","town":"牧御堂町"}],"0062":[{"pref":"愛知県","city":"岡崎市","town":"松本町"}],"0006":[{"pref":"愛知県","city":"岡崎市","town":"丸山町"}],"0801":[{"pref":"愛知県","city":"岡崎市","town":"美合新町"}],"0807":[{"pref":"愛知県","city":"岡崎市","town":"美合西町"}],"0802":[{"pref":"愛知県","city":"岡崎市","town":"美合町"}],"0803":[{"pref":"愛知県","city":"岡崎市","town":"美合町入込"}],"0804":[{"pref":"愛知県","city":"岡崎市","town":"美合町生田"}],"0805":[{"pref":"愛知県","city":"岡崎市","town":"美合町地蔵野"}],"0039":[{"pref":"愛知県","city":"岡崎市","town":"花崗町"}],"0853":[{"pref":"愛知県","city":"岡崎市","town":"三崎町"}],"0806":[{"pref":"愛知県","city":"岡崎市","town":"緑丘"}],"0852":[{"pref":"愛知県","city":"岡崎市","town":"南明大寺町"}],"0202":[{"pref":"愛知県","city":"岡崎市","town":"宮地町"}],"0869":[{"pref":"愛知県","city":"岡崎市","town":"明大寺町（出口）"}],"0866":[{"pref":"愛知県","city":"岡崎市","town":"明大寺町（仲ケ入）"}],"0867":[{"pref":"愛知県","city":"岡崎市","town":"明大寺町（西郷中）"}],"0868":[{"pref":"愛知県","city":"岡崎市","town":"明大寺町（馬場東）"}],"0864":[{"pref":"愛知県","city":"岡崎市","town":"明大寺町（その他）"}],"0865":[{"pref":"愛知県","city":"岡崎市","town":"明大寺町大圦"}],"0860":[{"pref":"愛知県","city":"岡崎市","town":"明大寺本町"}],"0848":[{"pref":"愛知県","city":"岡崎市","town":"向山町"}],"0856":[{"pref":"愛知県","city":"岡崎市","town":"六名"}],"0846":[{"pref":"愛知県","city":"岡崎市","town":"六名新町"}],"0847":[{"pref":"愛知県","city":"岡崎市","town":"六名東町"}],"0854":[{"pref":"愛知県","city":"岡崎市","town":"六名本町"}],"0845":[{"pref":"愛知県","city":"岡崎市","town":"六名南"}],"0857":[{"pref":"愛知県","city":"岡崎市","town":"六名町"}],"0016":[{"pref":"愛知県","city":"岡崎市","town":"元欠町"}],"0063":[{"pref":"愛知県","city":"岡崎市","town":"元能見町"}],"0901":[{"pref":"愛知県","city":"岡崎市","town":"森越町"}],"0032":[{"pref":"愛知県","city":"岡崎市","town":"門前町"}],"0943":[{"pref":"愛知県","city":"岡崎市","town":"矢作町"}],"0037":[{"pref":"愛知県","city":"岡崎市","town":"祐金町"}],"0023":[{"pref":"愛知県","city":"岡崎市","town":"両町"}],"0046":[{"pref":"愛知県","city":"岡崎市","town":"連尺通"}],"0042":[{"pref":"愛知県","city":"岡崎市","town":"六地蔵町"}],"0072":[{"pref":"愛知県","city":"岡崎市","town":"六供町"}],"0048":[{"pref":"愛知県","city":"岡崎市","town":"六供本町"}],"0826":[{"pref":"愛知県","city":"岡崎市","town":"若松町"}],"0822":[{"pref":"愛知県","city":"岡崎市","town":"若松東"}],"0014":[{"pref":"愛知県","city":"岡崎市","town":"若宮町"}],"0933":[{"pref":"愛知県","city":"岡崎市","town":"渡町"}],"0427":[{"pref":"愛知県","city":"西尾市","town":"一色町赤羽"}],"0422":[{"pref":"愛知県","city":"西尾市","town":"一色町味浜"}],"0412":[{"pref":"愛知県","city":"西尾市","town":"一色町生田"}],"0401":[{"pref":"愛知県","city":"西尾市","town":"一色町池田"}],"0423":[{"pref":"愛知県","city":"西尾市","town":"一色町一色"}],"0402":[{"pref":"愛知県","city":"西尾市","town":"一色町大塚"}],"0421":[{"pref":"愛知県","city":"西尾市","town":"一色町開正"}],"0424":[{"pref":"愛知県","city":"西尾市","town":"一色町小薮"}],"0413":[{"pref":"愛知県","city":"西尾市","town":"一色町坂田新田"}],"0415":[{"pref":"愛知県","city":"西尾市","town":"一色町酒手島"}],"0416":[{"pref":"愛知県","city":"西尾市","town":"一色町佐久島"}],"0426":[{"pref":"愛知県","city":"西尾市","town":"一色町治明"}],"0411":[{"pref":"愛知県","city":"西尾市","town":"一色町千間"}],"0405":[{"pref":"愛知県","city":"西尾市","town":"一色町惣五郎"}],"0406":[{"pref":"愛知県","city":"西尾市","town":"一色町対米"}],"0428":[{"pref":"愛知県","city":"西尾市","town":"一色町中外沢"}],"0404":[{"pref":"愛知県","city":"西尾市","town":"一色町野田"}],"0414":[{"pref":"愛知県","city":"西尾市","town":"一色町藤江"}],"0425":[{"pref":"愛知県","city":"西尾市","town":"一色町細川"}],"0407":[{"pref":"愛知県","city":"西尾市","town":"一色町前野"}],"0403":[{"pref":"愛知県","city":"西尾市","town":"一色町松木島"}],"0429":[{"pref":"愛知県","city":"西尾市","town":"一色町養ケ島"}],"0333":[{"pref":"愛知県","city":"西尾市","town":"奥田町"}],"0332":[{"pref":"愛知県","city":"西尾市","town":"小栗町"}],"0313":[{"pref":"愛知県","city":"西尾市","town":"上矢田町"}],"0321":[{"pref":"愛知県","city":"西尾市","town":"刈宿町"}],"0523":[{"pref":"愛知県","city":"西尾市","town":"吉良町饗庭"}],"0517":[{"pref":"愛知県","city":"西尾市","town":"吉良町大島"}],"0531":[{"pref":"愛知県","city":"西尾市","town":"吉良町岡山"}],"0524":[{"pref":"愛知県","city":"西尾市","town":"吉良町荻原"}],"0512":[{"pref":"愛知県","city":"西尾市","town":"吉良町乙川"}],"0511":[{"pref":"愛知県","city":"西尾市","town":"吉良町小山田"}],"0521":[{"pref":"愛知県","city":"西尾市","town":"吉良町上横須賀"}],"0534":[{"pref":"愛知県","city":"西尾市","town":"吉良町木田"}],"0535":[{"pref":"愛知県","city":"西尾市","town":"吉良町小牧"}],"0537":[{"pref":"愛知県","city":"西尾市","town":"吉良町酒井"}],"0522":[{"pref":"愛知県","city":"西尾市","town":"吉良町下横須賀"}],"0514":[{"pref":"愛知県","city":"西尾市","town":"吉良町白浜新田"}],"0532":[{"pref":"愛知県","city":"西尾市","town":"吉良町瀬戸"}],"0503":[{"pref":"愛知県","city":"西尾市","town":"吉良町津平"}],"0533":[{"pref":"愛知県","city":"西尾市","town":"吉良町寺嶋"}],"0525":[{"pref":"愛知県","city":"西尾市","town":"吉良町富田"}],"0515":[{"pref":"愛知県","city":"西尾市","town":"吉良町富好新田"}],"0504":[{"pref":"愛知県","city":"西尾市","town":"吉良町友国"}],"0536":[{"pref":"愛知県","city":"西尾市","town":"吉良町中野"}],"0526":[{"pref":"愛知県","city":"西尾市","town":"吉良町八幡川田"}],"0501":[{"pref":"愛知県","city":"西尾市","town":"吉良町駮馬"}],"0513":[{"pref":"愛知県","city":"西尾市","town":"吉良町宮崎"}],"0502":[{"pref":"愛知県","city":"西尾市","town":"吉良町宮迫"}],"0516":[{"pref":"愛知県","city":"西尾市","town":"吉良町吉田"}],"0325":[{"pref":"愛知県","city":"西尾市","town":"楠村町"}],"0312":[{"pref":"愛知県","city":"西尾市","town":"国森町"}],"0322":[{"pref":"愛知県","city":"西尾市","town":"巨海町"}],"0314":[{"pref":"愛知県","city":"西尾市","town":"下矢田町"}],"0311":[{"pref":"愛知県","city":"西尾市","town":"新在家町"}],"0302":[{"pref":"愛知県","city":"西尾市","town":"田貫"}],"0301":[{"pref":"愛知県","city":"西尾市","town":"田貫町"}],"0327":[{"pref":"愛知県","city":"西尾市","town":"寺津"}],"0324":[{"pref":"愛知県","city":"西尾市","town":"寺津町"}],"0702":[{"pref":"愛知県","city":"西尾市","town":"寺部町"}],"0315":[{"pref":"愛知県","city":"西尾市","town":"徳永町"}],"0704":[{"pref":"愛知県","city":"西尾市","town":"鳥羽町"}],"0329":[{"pref":"愛知県","city":"西尾市","town":"富山"}],"0326":[{"pref":"愛知県","city":"西尾市","town":"富山町"}],"0323":[{"pref":"愛知県","city":"西尾市","town":"中根町"}],"0304":[{"pref":"愛知県","city":"西尾市","town":"中畑"}],"0303":[{"pref":"愛知県","city":"西尾市","town":"中畑町"}],"0336":[{"pref":"愛知県","city":"西尾市","town":"西奥田町"}],"0331":[{"pref":"愛知県","city":"西尾市","town":"西小梛町"}],"0703":[{"pref":"愛知県","city":"西尾市","town":"西幡豆町"}],"0316":[{"pref":"愛知県","city":"西尾市","town":"羽塚町"}],"0317":[{"pref":"愛知県","city":"西尾市","town":"羽塚西ノ山"}],"0701":[{"pref":"愛知県","city":"西尾市","town":"東幡豆町"}],"0305":[{"pref":"愛知県","city":"西尾市","town":"平坂町"}],"0328":[{"pref":"愛知県","city":"西尾市","town":"平坂吉山"}],"0335":[{"pref":"愛知県","city":"西尾市","town":"港町"}],"0334":[{"pref":"愛知県","city":"西尾市","town":"南奥田町"}],"0318":[{"pref":"愛知県","city":"西尾市","town":"矢田"}],"0100":[{"pref":"愛知県","city":"額田郡幸田町","town":"以下に掲載がない場合"}],"0117":[{"pref":"愛知県","city":"額田郡幸田町","town":"相見"}],"0116":[{"pref":"愛知県","city":"額田郡幸田町","town":"芦谷"}],"0103":[{"pref":"愛知県","city":"額田郡幸田町","town":"大草"}],"0115":[{"pref":"愛知県","city":"額田郡幸田町","town":"荻"}],"0123":[{"pref":"愛知県","city":"額田郡幸田町","town":"上六栗"}],"0126":[{"pref":"愛知県","city":"額田郡幸田町","town":"桐山"}],"0102":[{"pref":"愛知県","city":"額田郡幸田町","town":"久保田"}],"0111":[{"pref":"愛知県","city":"額田郡幸田町","town":"高力"}],"0125":[{"pref":"愛知県","city":"額田郡幸田町","town":"逆川"}],"0104":[{"pref":"愛知県","city":"額田郡幸田町","town":"坂崎"}],"0127":[{"pref":"愛知県","city":"額田郡幸田町","town":"須美"}],"0121":[{"pref":"愛知県","city":"額田郡幸田町","town":"永野"}],"0101":[{"pref":"愛知県","city":"額田郡幸田町","town":"長嶺"}],"0128":[{"pref":"愛知県","city":"額田郡幸田町","town":"野場"}],"0113":[{"pref":"愛知県","city":"額田郡幸田町","town":"菱池"}],"0124":[{"pref":"愛知県","city":"額田郡幸田町","town":"深溝"}],"0122":[{"pref":"愛知県","city":"額田郡幸田町","town":"六栗"}],"0114":[{"pref":"愛知県","city":"額田郡幸田町","town":"横落"}]}