{"8001":[{"pref":"京都府","city":"京都市北区","town":"上賀茂十三石山"}],"8002":[{"pref":"京都府","city":"京都市北区","town":"上賀茂神山"}],"8003":[{"pref":"京都府","city":"京都市北区","town":"上賀茂柊谷町"}],"8004":[{"pref":"京都府","city":"京都市北区","town":"上賀茂六段田町"}],"8005":[{"pref":"京都府","city":"京都市北区","town":"上賀茂前田町"}],"8006":[{"pref":"京都府","city":"京都市北区","town":"上賀茂北ノ原町"}],"8007":[{"pref":"京都府","city":"京都市北区","town":"上賀茂毛穴井町"}],"8008":[{"pref":"京都府","city":"京都市北区","town":"上賀茂中嶋河原町"}],"8011":[{"pref":"京都府","city":"京都市北区","town":"上賀茂二軒家町"}],"8012":[{"pref":"京都府","city":"京都市北区","town":"上賀茂葵田町"}],"8013":[{"pref":"京都府","city":"京都市北区","town":"上賀茂上神原町"}],"8014":[{"pref":"京都府","city":"京都市北区","town":"上賀茂下神原町"}],"8015":[{"pref":"京都府","city":"京都市北区","town":"上賀茂備後田町"}],"8016":[{"pref":"京都府","city":"京都市北区","town":"上賀茂坂口町"}],"8017":[{"pref":"京都府","city":"京都市北区","town":"上賀茂壱町口町"}],"8018":[{"pref":"京都府","city":"京都市北区","town":"上賀茂赤尾町"}],"8021":[{"pref":"京都府","city":"京都市北区","town":"上賀茂西後藤町"}],"8022":[{"pref":"京都府","city":"京都市北区","town":"上賀茂東後藤町"}],"8023":[{"pref":"京都府","city":"京都市北区","town":"上賀茂東上之段町"}],"8024":[{"pref":"京都府","city":"京都市北区","town":"上賀茂中ノ坂町"}],"8025":[{"pref":"京都府","city":"京都市北区","town":"上賀茂舟着町"}],"8026":[{"pref":"京都府","city":"京都市北区","town":"上賀茂中山町"}],"8027":[{"pref":"京都府","city":"京都市北区","town":"上賀茂津ノ国町"}],"8028":[{"pref":"京都府","city":"京都市北区","town":"上賀茂西上之段町"}],"8031":[{"pref":"京都府","city":"京都市北区","town":"上賀茂女夫岩町"}],"8032":[{"pref":"京都府","city":"京都市北区","town":"上賀茂中ノ河原町"}],"8033":[{"pref":"京都府","city":"京都市北区","town":"上賀茂馬ノ目町"}],"8034":[{"pref":"京都府","city":"京都市北区","town":"上賀茂葵之森町"}],"8035":[{"pref":"京都府","city":"京都市北区","town":"上賀茂朝露ケ原町"}],"8036":[{"pref":"京都府","city":"京都市北区","town":"上賀茂西河原町"}],"8037":[{"pref":"京都府","city":"京都市北区","town":"上賀茂大柳町"}],"8038":[{"pref":"京都府","city":"京都市北区","town":"上賀茂音保瀬町"}],"8041":[{"pref":"京都府","city":"京都市北区","town":"上賀茂ケシ山"}],"8042":[{"pref":"京都府","city":"京都市北区","town":"上賀茂狭間町"}],"8043":[{"pref":"京都府","city":"京都市北区","town":"上賀茂池端町"}],"8044":[{"pref":"京都府","city":"京都市北区","town":"上賀茂畔勝町"}],"8045":[{"pref":"京都府","city":"京都市北区","town":"上賀茂豊田町"}],"8046":[{"pref":"京都府","city":"京都市北区","town":"上賀茂深泥池町"}],"8047":[{"pref":"京都府","city":"京都市北区","town":"上賀茂本山"}],"8051":[{"pref":"京都府","city":"京都市北区","town":"上賀茂榊田町"}],"8052":[{"pref":"京都府","city":"京都市北区","town":"上賀茂松本町"}],"8053":[{"pref":"京都府","city":"京都市北区","town":"上賀茂岩ケ垣内町"}],"8054":[{"pref":"京都府","city":"京都市北区","town":"上賀茂桜井町"}],"8055":[{"pref":"京都府","city":"京都市北区","town":"上賀茂高縄手町"}],"8056":[{"pref":"京都府","city":"京都市北区","town":"上賀茂石計町"}],"8061":[{"pref":"京都府","city":"京都市北区","town":"上賀茂荒草町"}],"8062":[{"pref":"京都府","city":"京都市北区","town":"上賀茂薮田町"}],"8063":[{"pref":"京都府","city":"京都市北区","town":"上賀茂今井河原町"}],"8064":[{"pref":"京都府","city":"京都市北区","town":"上賀茂菖蒲園町"}],"8065":[{"pref":"京都府","city":"京都市北区","town":"上賀茂御薗口町"}],"8066":[{"pref":"京都府","city":"京都市北区","town":"上賀茂池殿町"}],"8071":[{"pref":"京都府","city":"京都市北区","town":"上賀茂北大路町"}],"8072":[{"pref":"京都府","city":"京都市北区","town":"上賀茂竹ケ鼻町"}],"8073":[{"pref":"京都府","city":"京都市北区","town":"上賀茂烏帽子ケ垣内町"}],"8074":[{"pref":"京都府","city":"京都市北区","town":"上賀茂南大路町"}],"8075":[{"pref":"京都府","city":"京都市北区","town":"上賀茂中大路町"}],"8076":[{"pref":"京都府","city":"京都市北区","town":"上賀茂山本町"}],"8077":[{"pref":"京都府","city":"京都市北区","town":"上賀茂藤ノ木町"}],"8081":[{"pref":"京都府","city":"京都市北区","town":"上賀茂岡本町"}],"8082":[{"pref":"京都府","city":"京都市北区","town":"上賀茂岡本口町"}],"8083":[{"pref":"京都府","city":"京都市北区","town":"上賀茂向縄手町"}],"8084":[{"pref":"京都府","city":"京都市北区","town":"上賀茂土門町"}],"8085":[{"pref":"京都府","city":"京都市北区","town":"上賀茂蝉ケ垣内町"}],"8086":[{"pref":"京都府","city":"京都市北区","town":"上賀茂向梅町"}],"8087":[{"pref":"京都府","city":"京都市北区","town":"上賀茂梅ケ辻町"}],"8101":[{"pref":"京都府","city":"京都市北区","town":"紫竹上堀川町"}],"8102":[{"pref":"京都府","city":"京都市北区","town":"紫竹上長目町"}],"8103":[{"pref":"京都府","city":"京都市北区","town":"小山北玄以町"}],"8104":[{"pref":"京都府","city":"京都市北区","town":"小山東玄以町"}],"8105":[{"pref":"京都府","city":"京都市北区","town":"小山西玄以町"}],"8106":[{"pref":"京都府","city":"京都市北区","town":"紫竹下長目町"}],"8107":[{"pref":"京都府","city":"京都市北区","town":"紫竹下ノ岸町"}],"8108":[{"pref":"京都府","city":"京都市北区","town":"紫竹上ノ岸町"}],"8111":[{"pref":"京都府","city":"京都市北区","town":"小山東元町"}],"8112":[{"pref":"京都府","city":"京都市北区","town":"小山元町"}],"8113":[{"pref":"京都府","city":"京都市北区","town":"小山西元町"}],"8114":[{"pref":"京都府","city":"京都市北区","town":"紫竹下高才町"}],"8115":[{"pref":"京都府","city":"京都市北区","town":"紫竹下本町"}],"8116":[{"pref":"京都府","city":"京都市北区","town":"紫竹上本町"}],"8117":[{"pref":"京都府","city":"京都市北区","town":"紫竹上高才町"}],"8121":[{"pref":"京都府","city":"京都市北区","town":"小山上花ノ木町"}],"8122":[{"pref":"京都府","city":"京都市北区","town":"小山花ノ木町"}],"8123":[{"pref":"京都府","city":"京都市北区","town":"小山下花ノ木町"}],"8124":[{"pref":"京都府","city":"京都市北区","town":"小山下板倉町"}],"8125":[{"pref":"京都府","city":"京都市北区","town":"小山板倉町"}],"8126":[{"pref":"京都府","city":"京都市北区","town":"小山上板倉町"}],"8131":[{"pref":"京都府","city":"京都市北区","town":"小山上内河原町"}],"8132":[{"pref":"京都府","city":"京都市北区","town":"小山下内河原町"}],"8133":[{"pref":"京都府","city":"京都市北区","town":"出雲路松ノ下町"}],"8134":[{"pref":"京都府","city":"京都市北区","town":"出雲路立テ本町"}],"8135":[{"pref":"京都府","city":"京都市北区","town":"出雲路俵町"}],"8136":[{"pref":"京都府","city":"京都市北区","town":"出雲路神楽町"}],"8137":[{"pref":"京都府","city":"京都市北区","town":"鞍馬口町"}],"8138":[{"pref":"京都府","city":"京都市北区","town":"天寧寺門前町"}],"8139":[{"pref":"京都府","city":"京都市北区","town":"上善寺門前町"}],"8141":[{"pref":"京都府","city":"京都市北区","town":"小山西上総町"}],"8142":[{"pref":"京都府","city":"京都市北区","town":"小山北上総町"}],"8143":[{"pref":"京都府","city":"京都市北区","town":"小山上総町"}],"8144":[{"pref":"京都府","city":"京都市北区","town":"小山東花池町"}],"8145":[{"pref":"京都府","city":"京都市北区","town":"小山堀池町"}],"8146":[{"pref":"京都府","city":"京都市北区","town":"新御霊口町"}],"8147":[{"pref":"京都府","city":"京都市北区","town":"上御霊上江町"}],"8148":[{"pref":"京都府","city":"京都市北区","town":"小山西花池町"}],"8149":[{"pref":"京都府","city":"京都市北区","town":"小山南上総町"}],"8151":[{"pref":"京都府","city":"京都市北区","town":"小山下総町"}],"8152":[{"pref":"京都府","city":"京都市北区","town":"小山町"}],"8153":[{"pref":"京都府","city":"京都市北区","town":"長乗東町"}],"8154":[{"pref":"京都府","city":"京都市北区","town":"長乗西町"}],"8155":[{"pref":"京都府","city":"京都市北区","town":"上清蔵口町"}],"8156":[{"pref":"京都府","city":"京都市北区","town":"小山中溝町"}],"8157":[{"pref":"京都府","city":"京都市北区","town":"紫野宮東町"}],"8158":[{"pref":"京都府","city":"京都市北区","town":"紫野宮西町"}],"8161":[{"pref":"京都府","city":"京都市北区","town":"小山北大野町"}],"8162":[{"pref":"京都府","city":"京都市北区","town":"小山東大野町"}],"8163":[{"pref":"京都府","city":"京都市北区","town":"小山南大野町"}],"8164":[{"pref":"京都府","city":"京都市北区","town":"紫野東御所田町"}],"8165":[{"pref":"京都府","city":"京都市北区","town":"紫野西御所田町"}],"8166":[{"pref":"京都府","city":"京都市北区","town":"紫野上御所田町"}],"8167":[{"pref":"京都府","city":"京都市北区","town":"小山西大野町"}],"8171":[{"pref":"京都府","city":"京都市北区","town":"小山上初音町"}],"8172":[{"pref":"京都府","city":"京都市北区","town":"小山初音町"}],"8173":[{"pref":"京都府","city":"京都市北区","town":"小山下初音町"}],"8174":[{"pref":"京都府","city":"京都市北区","town":"紫野下柳町"}],"8175":[{"pref":"京都府","city":"京都市北区","town":"紫野下鳥田町"}],"8176":[{"pref":"京都府","city":"京都市北区","town":"紫野上鳥田町"}],"8177":[{"pref":"京都府","city":"京都市北区","town":"紫野上柳町"}],"8178":[{"pref":"京都府","city":"京都市北区","town":"紫竹下梅ノ木町"}],"8179":[{"pref":"京都府","city":"京都市北区","town":"紫竹上梅ノ木町"}],"8201":[{"pref":"京都府","city":"京都市北区","town":"紫竹桃ノ本町"}],"8202":[{"pref":"京都府","city":"京都市北区","town":"紫竹東桃ノ本町"}],"8203":[{"pref":"京都府","city":"京都市北区","town":"紫竹東高縄町"}],"8204":[{"pref":"京都府","city":"京都市北区","town":"紫竹高縄町"}],"8205":[{"pref":"京都府","city":"京都市北区","town":"紫竹西高縄町"}],"8206":[{"pref":"京都府","city":"京都市北区","town":"紫竹西南町"}],"8207":[{"pref":"京都府","city":"京都市北区","town":"紫竹牛若町"}],"8208":[{"pref":"京都府","city":"京都市北区","town":"紫竹西桃ノ本町"}],"8211":[{"pref":"京都府","city":"京都市北区","town":"紫野上石龍町"}],"8212":[{"pref":"京都府","city":"京都市北区","town":"紫野石龍町"}],"8213":[{"pref":"京都府","city":"京都市北区","town":"紫野下石龍町"}],"8214":[{"pref":"京都府","city":"京都市北区","town":"紫野雲林院町"}],"8215":[{"pref":"京都府","city":"京都市北区","town":"紫野下門前町"}],"8216":[{"pref":"京都府","city":"京都市北区","town":"紫野門前町"}],"8217":[{"pref":"京都府","city":"京都市北区","town":"紫野上門前町"}],"8221":[{"pref":"京都府","city":"京都市北区","town":"紫野上築山町"}],"8222":[{"pref":"京都府","city":"京都市北区","town":"紫野下築山町"}],"8223":[{"pref":"京都府","city":"京都市北区","town":"紫野東藤ノ森町"}],"8224":[{"pref":"京都府","city":"京都市北区","town":"紫野西藤ノ森町"}],"8225":[{"pref":"京都府","city":"京都市北区","town":"紫野南舟岡町"}],"8226":[{"pref":"京都府","city":"京都市北区","town":"紫野西舟岡町"}],"8227":[{"pref":"京都府","city":"京都市北区","town":"紫野北舟岡町"}],"8228":[{"pref":"京都府","city":"京都市北区","town":"紫野東舟岡町"}],"8231":[{"pref":"京都府","city":"京都市北区","town":"紫野大徳寺町"}],"8232":[{"pref":"京都府","city":"京都市北区","town":"紫野東野町"}],"8233":[{"pref":"京都府","city":"京都市北区","town":"紫野西野町"}],"8234":[{"pref":"京都府","city":"京都市北区","town":"紫野下若草町"}],"8235":[{"pref":"京都府","city":"京都市北区","town":"紫野下御輿町"}],"8236":[{"pref":"京都府","city":"京都市北区","town":"紫野上御輿町"}],"8237":[{"pref":"京都府","city":"京都市北区","town":"紫野上若草町"}],"8241":[{"pref":"京都府","city":"京都市北区","town":"紫野東泉堂町"}],"8242":[{"pref":"京都府","city":"京都市北区","town":"紫野上野町"}],"8243":[{"pref":"京都府","city":"京都市北区","town":"紫野今宮町"}],"8244":[{"pref":"京都府","city":"京都市北区","town":"紫野東蓮台野町"}],"8245":[{"pref":"京都府","city":"京都市北区","town":"紫野西蓮台野町"}],"8246":[{"pref":"京都府","city":"京都市北区","town":"紫野西泉堂町"}],"8247":[{"pref":"京都府","city":"京都市北区","town":"紫野泉堂町"}],"8301":[{"pref":"京都府","city":"京都市北区","town":"紫野北花ノ坊町"}],"8302":[{"pref":"京都府","city":"京都市北区","town":"紫野花ノ坊町"}],"8303":[{"pref":"京都府","city":"京都市北区","town":"紫野十二坊町"}],"8304":[{"pref":"京都府","city":"京都市北区","town":"紫野郷ノ上町"}],"8305":[{"pref":"京都府","city":"京都市北区","town":"紫野南花ノ坊町"}],"8311":[{"pref":"京都府","city":"京都市北区","town":"紫野上柏野町"}],"8312":[{"pref":"京都府","city":"京都市北区","town":"紫野中柏野町"}],"8313":[{"pref":"京都府","city":"京都市北区","town":"紫野下柏野町"}],"8314":[{"pref":"京都府","city":"京都市北区","town":"紫野西土居町"}],"8315":[{"pref":"京都府","city":"京都市北区","town":"衣笠荒見町"}],"8316":[{"pref":"京都府","city":"京都市北区","town":"衣笠北荒見町"}],"8321":[{"pref":"京都府","city":"京都市北区","town":"平野鳥居前町"}],"8322":[{"pref":"京都府","city":"京都市北区","town":"平野宮本町"}],"8323":[{"pref":"京都府","city":"京都市北区","town":"北野東紅梅町"}],"8324":[{"pref":"京都府","city":"京都市北区","town":"北野紅梅町"}],"8325":[{"pref":"京都府","city":"京都市北区","town":"北野上白梅町"}],"8326":[{"pref":"京都府","city":"京都市北区","town":"北野下白梅町"}],"8327":[{"pref":"京都府","city":"京都市北区","town":"北野西白梅町"}],"8331":[{"pref":"京都府","city":"京都市北区","town":"大将軍西町"}],"8332":[{"pref":"京都府","city":"京都市北区","town":"大将軍川端町"}],"8333":[{"pref":"京都府","city":"京都市北区","town":"大将軍東鷹司町"}],"8334":[{"pref":"京都府","city":"京都市北区","town":"大将軍西鷹司町"}],"8335":[{"pref":"京都府","city":"京都市北区","town":"大将軍坂田町"}],"8336":[{"pref":"京都府","city":"京都市北区","town":"大将軍一条町"}],"8337":[{"pref":"京都府","city":"京都市北区","town":"大将軍南一条町"}],"8341":[{"pref":"京都府","city":"京都市北区","town":"小松原北町"}],"8342":[{"pref":"京都府","city":"京都市北区","town":"小松原南町"}],"8343":[{"pref":"京都府","city":"京都市北区","town":"等持院東町"}],"8344":[{"pref":"京都府","city":"京都市北区","town":"等持院南町"}],"8345":[{"pref":"京都府","city":"京都市北区","town":"平野八丁柳町"}],"8346":[{"pref":"京都府","city":"京都市北区","town":"等持院北町"}],"8347":[{"pref":"京都府","city":"京都市北区","town":"等持院中町"}],"8351":[{"pref":"京都府","city":"京都市北区","town":"衣笠大祓町"}],"8352":[{"pref":"京都府","city":"京都市北区","town":"平野宮北町"}],"8353":[{"pref":"京都府","city":"京都市北区","town":"平野上八丁柳町"}],"8354":[{"pref":"京都府","city":"京都市北区","town":"等持院西町"}],"8355":[{"pref":"京都府","city":"京都市北区","town":"平野上柳町"}],"8356":[{"pref":"京都府","city":"京都市北区","town":"平野東柳町"}],"8357":[{"pref":"京都府","city":"京都市北区","town":"平野宮西町"}],"8361":[{"pref":"京都府","city":"京都市北区","town":"金閣寺町"}],"8362":[{"pref":"京都府","city":"京都市北区","town":"衣笠馬場町"}],"8363":[{"pref":"京都府","city":"京都市北区","town":"衣笠総門町"}],"8364":[{"pref":"京都府","city":"京都市北区","town":"平野桜木町"}],"8365":[{"pref":"京都府","city":"京都市北区","town":"平野宮敷町"}],"8366":[{"pref":"京都府","city":"京都市北区","town":"衣笠西馬場町"}],"8371":[{"pref":"京都府","city":"京都市北区","town":"衣笠東御所ノ内町"}],"8372":[{"pref":"京都府","city":"京都市北区","town":"衣笠街道町"}],"8373":[{"pref":"京都府","city":"京都市北区","town":"衣笠北高橋町"}],"8374":[{"pref":"京都府","city":"京都市北区","town":"衣笠高橋町"}],"8375":[{"pref":"京都府","city":"京都市北区","town":"衣笠天神森町"}],"8376":[{"pref":"京都府","city":"京都市北区","town":"衣笠北天神森町"}],"8377":[{"pref":"京都府","city":"京都市北区","town":"衣笠西御所ノ内町"}],"8378":[{"pref":"京都府","city":"京都市北区","town":"衣笠御所ノ内町"}],"8401":[{"pref":"京都府","city":"京都市北区","town":"大宮上ノ岸町"}],"8402":[{"pref":"京都府","city":"京都市北区","town":"大宮南椿原町"}],"8403":[{"pref":"京都府","city":"京都市北区","town":"大宮南林町"}],"8404":[{"pref":"京都府","city":"京都市北区","town":"大宮中林町"}],"8405":[{"pref":"京都府","city":"京都市北区","town":"大宮西小野堀町"}],"8406":[{"pref":"京都府","city":"京都市北区","town":"大宮東小野堀町"}],"8407":[{"pref":"京都府","city":"京都市北区","town":"大宮北林町"}],"8408":[{"pref":"京都府","city":"京都市北区","town":"大宮北椿原町"}],"8411":[{"pref":"京都府","city":"京都市北区","town":"紫竹上竹殿町"}],"8412":[{"pref":"京都府","city":"京都市北区","town":"紫竹下竹殿町"}],"8413":[{"pref":"京都府","city":"京都市北区","town":"紫竹東大門町"}],"8414":[{"pref":"京都府","city":"京都市北区","town":"紫竹大門町"}],"8415":[{"pref":"京都府","city":"京都市北区","town":"紫竹西大門町"}],"8416":[{"pref":"京都府","city":"京都市北区","town":"紫竹北大門町"}],"8417":[{"pref":"京都府","city":"京都市北区","town":"紫竹竹殿町"}],"8421":[{"pref":"京都府","city":"京都市北区","town":"紫竹上園生町"}],"8422":[{"pref":"京都府","city":"京都市北区","town":"紫竹下園生町"}],"8423":[{"pref":"京都府","city":"京都市北区","town":"紫竹上芝本町"}],"8424":[{"pref":"京都府","city":"京都市北区","town":"紫竹下芝本町"}],"8425":[{"pref":"京都府","city":"京都市北区","town":"紫竹下緑町"}],"8426":[{"pref":"京都府","city":"京都市北区","town":"紫竹西北町"}],"8427":[{"pref":"京都府","city":"京都市北区","town":"紫竹上緑町"}],"8431":[{"pref":"京都府","city":"京都市北区","town":"大宮東脇台町"}],"8432":[{"pref":"京都府","city":"京都市北区","town":"大宮西脇台町"}],"8433":[{"pref":"京都府","city":"京都市北区","town":"紫竹北栗栖町"}],"8434":[{"pref":"京都府","city":"京都市北区","town":"紫竹東栗栖町"}],"8435":[{"pref":"京都府","city":"京都市北区","town":"紫竹栗栖町"}],"8436":[{"pref":"京都府","city":"京都市北区","town":"紫竹西栗栖町"}],"8437":[{"pref":"京都府","city":"京都市北区","town":"大宮開町"}],"8441":[{"pref":"京都府","city":"京都市北区","town":"大宮土居町"}],"8442":[{"pref":"京都府","city":"京都市北区","town":"紫竹西野山東町"}],"8443":[{"pref":"京都府","city":"京都市北区","town":"紫竹西野山町"}],"8444":[{"pref":"京都府","city":"京都市北区","town":"大宮西野山町"}],"8445":[{"pref":"京都府","city":"京都市北区","town":"鷹峯藤林町"}],"8446":[{"pref":"京都府","city":"京都市北区","town":"鷹峯上ノ町"}],"8447":[{"pref":"京都府","city":"京都市北区","town":"鷹峯木ノ畑町"}],"8448":[{"pref":"京都府","city":"京都市北区","town":"鷹峯旧土居町"}],"8451":[{"pref":"京都府","city":"京都市北区","town":"衣笠鏡石町"}],"8452":[{"pref":"京都府","city":"京都市北区","town":"衣笠開キ町"}],"8453":[{"pref":"京都府","city":"京都市北区","town":"衣笠東開キ町"}],"8454":[{"pref":"京都府","city":"京都市北区","town":"衣笠西開キ町"}],"8455":[{"pref":"京都府","city":"京都市北区","town":"衣笠東尊上院町"}],"8456":[{"pref":"京都府","city":"京都市北区","town":"衣笠西尊上院町"}],"8457":[{"pref":"京都府","city":"京都市北区","town":"大北山不動山町"}],"8458":[{"pref":"京都府","city":"京都市北区","town":"大北山鷲峯町"}],"8461":[{"pref":"京都府","city":"京都市北区","town":"大宮玄琢北東町"}],"8462":[{"pref":"京都府","city":"京都市北区","town":"大宮玄琢北町"}],"8463":[{"pref":"京都府","city":"京都市北区","town":"大宮玄琢南町"}],"8464":[{"pref":"京都府","city":"京都市北区","town":"鷹峯黒門町"}],"8465":[{"pref":"京都府","city":"京都市北区","town":"鷹峯土天井町"}],"8466":[{"pref":"京都府","city":"京都市北区","town":"鷹峯光悦町"}],"8467":[{"pref":"京都府","city":"京都市北区","town":"鷹峯南鷹峯町"}],"8468":[{"pref":"京都府","city":"京都市北区","town":"鷹峯北鷹峯町"}],"8469":[{"pref":"京都府","city":"京都市北区","town":"鷹峯千束町"}],"8471":[{"pref":"京都府","city":"京都市北区","town":"大宮西山ノ前町"}],"8472":[{"pref":"京都府","city":"京都市北区","town":"大宮北山ノ前町"}],"8473":[{"pref":"京都府","city":"京都市北区","town":"大宮南山ノ前町"}],"8474":[{"pref":"京都府","city":"京都市北区","town":"大宮薬師山東町"}],"8475":[{"pref":"京都府","city":"京都市北区","town":"大宮北箱ノ井町"}],"8476":[{"pref":"京都府","city":"京都市北区","town":"大宮南箱ノ井町"}],"8477":[{"pref":"京都府","city":"京都市北区","town":"大宮一ノ井町"}],"8478":[{"pref":"京都府","city":"京都市北区","town":"大宮釈迦谷"}],"8479":[{"pref":"京都府","city":"京都市北区","town":"大宮薬師山西町"}],"8481":[{"pref":"京都府","city":"京都市北区","town":"大北山鏡石町"}],"8482":[{"pref":"京都府","city":"京都市北区","town":"大北山天神岡町"}],"8483":[{"pref":"京都府","city":"京都市北区","town":"大北山蓮ケ谷町"}],"8484":[{"pref":"京都府","city":"京都市北区","town":"衣笠氷室町"}],"8485":[{"pref":"京都府","city":"京都市北区","town":"衣笠衣笠山町"}],"8486":[{"pref":"京都府","city":"京都市北区","town":"衣笠赤阪町"}],"8487":[{"pref":"京都府","city":"京都市北区","town":"大北山原谷乾町"}],"8488":[{"pref":"京都府","city":"京都市北区","town":"大北山長谷町"}],"8491":[{"pref":"京都府","city":"京都市北区","town":"鷹峯仏谷"}],"8492":[{"pref":"京都府","city":"京都市北区","town":"鷹峯堂ノ庭町"}],"8493":[{"pref":"京都府","city":"京都市北区","town":"鷹峯大谷町"}],"8494":[{"pref":"京都府","city":"京都市北区","town":"鷹峯堀越町"}],"8801":[{"pref":"京都府","city":"京都市北区","town":"西賀茂下庄田町"}],"8802":[{"pref":"京都府","city":"京都市北区","town":"西賀茂上庄田町"}],"8803":[{"pref":"京都府","city":"京都市北区","town":"西賀茂樋ノ口町"}],"8804":[{"pref":"京都府","city":"京都市北区","town":"西賀茂井ノ口町"}],"8805":[{"pref":"京都府","city":"京都市北区","town":"西賀茂蟹ケ坂町"}],"8806":[{"pref":"京都府","city":"京都市北区","town":"西賀茂円峰"}],"8807":[{"pref":"京都府","city":"京都市北区","town":"西賀茂蛙ケ谷"}],"8811":[{"pref":"京都府","city":"京都市北区","town":"西賀茂北山ノ森町"}],"8812":[{"pref":"京都府","city":"京都市北区","town":"西賀茂山ノ森町"}],"8813":[{"pref":"京都府","city":"京都市北区","town":"西賀茂大道口町"}],"8814":[{"pref":"京都府","city":"京都市北区","town":"西賀茂南川上町"}],"8815":[{"pref":"京都府","city":"京都市北区","town":"西賀茂中川上町"}],"8816":[{"pref":"京都府","city":"京都市北区","town":"西賀茂北川上町"}],"8817":[{"pref":"京都府","city":"京都市北区","town":"西賀茂川上町"}],"8821":[{"pref":"京都府","city":"京都市北区","town":"西賀茂柿ノ木町"}],"8822":[{"pref":"京都府","city":"京都市北区","town":"西賀茂鹿ノ下町"}],"8823":[{"pref":"京都府","city":"京都市北区","town":"西賀茂榿ノ木町"}],"8824":[{"pref":"京都府","city":"京都市北区","town":"西賀茂南大栗町"}],"8825":[{"pref":"京都府","city":"京都市北区","town":"西賀茂丸川町"}],"8826":[{"pref":"京都府","city":"京都市北区","town":"西賀茂坊ノ後町"}],"8827":[{"pref":"京都府","city":"京都市北区","town":"西賀茂水垣町"}],"8828":[{"pref":"京都府","city":"京都市北区","town":"西賀茂大栗町"}],"8831":[{"pref":"京都府","city":"京都市北区","town":"大宮北ノ岸町"}],"8832":[{"pref":"京都府","city":"京都市北区","town":"大宮南田尻町"}],"8833":[{"pref":"京都府","city":"京都市北区","town":"大宮東総門口町"}],"8834":[{"pref":"京都府","city":"京都市北区","town":"大宮中総門口町"}],"8835":[{"pref":"京都府","city":"京都市北区","town":"大宮西総門口町"}],"8836":[{"pref":"京都府","city":"京都市北区","town":"西賀茂神光院町"}],"8837":[{"pref":"京都府","city":"京都市北区","town":"大宮中ノ社町"}],"8838":[{"pref":"京都府","city":"京都市北区","town":"大宮田尻町"}],"8841":[{"pref":"京都府","city":"京都市北区","town":"西賀茂北今原町"}],"8842":[{"pref":"京都府","city":"京都市北区","town":"西賀茂今原町"}],"8843":[{"pref":"京都府","city":"京都市北区","town":"西賀茂南今原町"}],"8844":[{"pref":"京都府","city":"京都市北区","town":"西賀茂大深町"}],"8845":[{"pref":"京都府","city":"京都市北区","town":"西賀茂角社町"}],"8846":[{"pref":"京都府","city":"京都市北区","town":"西賀茂鎮守菴町"}],"8847":[{"pref":"京都府","city":"京都市北区","town":"西賀茂北鎮守菴町"}],"8848":[{"pref":"京都府","city":"京都市北区","town":"西賀茂船山"}],"8851":[{"pref":"京都府","city":"京都市北区","town":"西賀茂鑓磨岩"}],"8852":[{"pref":"京都府","city":"京都市北区","town":"西賀茂笠松"}],"8853":[{"pref":"京都府","city":"京都市北区","town":"西賀茂城山"}],"8854":[{"pref":"京都府","city":"京都市北区","town":"西賀茂西氷室町"}],"8855":[{"pref":"京都府","city":"京都市北区","town":"西賀茂氷室町"}],"8856":[{"pref":"京都府","city":"京都市北区","town":"西賀茂蓬来谷"}],"8861":[{"pref":"京都府","city":"京都市北区","town":"雲ケ畑出谷町"}],"8862":[{"pref":"京都府","city":"京都市北区","town":"雲ケ畑中津川町"}],"8863":[{"pref":"京都府","city":"京都市北区","town":"雲ケ畑中畑町"}],"0000":[{"pref":"京都府","city":"京都市北区","town":"以下に掲載がない場合"}]}