{"0000":[{"pref":"広島県","city":"福山市","town":"以下に掲載がない場合"}],"0911":[{"pref":"広島県","city":"福山市","town":"青葉台"}],"0952":[{"pref":"広島県","city":"福山市","town":"曙町"}],"0915":[{"pref":"広島県","city":"福山市","town":"伊勢丘"}],"0953":[{"pref":"広島県","city":"福山市","town":"一文字町"}],"0965":[{"pref":"広島県","city":"福山市","town":"王子町"}],"0914":[{"pref":"広島県","city":"福山市","town":"大谷台"}],"0954":[{"pref":"広島県","city":"福山市","town":"卸町"}],"0917":[{"pref":"広島県","city":"福山市","town":"春日池"}],"0916":[{"pref":"広島県","city":"福山市","town":"春日台"}],"0907":[{"pref":"広島県","city":"福山市","town":"春日町"}],"0901":[{"pref":"広島県","city":"福山市","town":"春日町宇山"}],"0902":[{"pref":"広島県","city":"福山市","town":"春日町浦上"}],"0908":[{"pref":"広島県","city":"福山市","town":"春日町吉田"}],"0931":[{"pref":"広島県","city":"福山市","town":"鋼管町"}],"0971":[{"pref":"広島県","city":"福山市","town":"蔵王町"}],"0929":[{"pref":"広島県","city":"福山市","town":"城興ケ丘"}],"0955":[{"pref":"広島県","city":"福山市","town":"新涯町"}],"0951":[{"pref":"広島県","city":"福山市","town":"新浜町"}],"0926":[{"pref":"広島県","city":"福山市","town":"大門町"}],"0924":[{"pref":"広島県","city":"福山市","town":"大門町旭"}],"0922":[{"pref":"広島県","city":"福山市","town":"大門町日之出丘"}],"0925":[{"pref":"広島県","city":"福山市","town":"大門町坂里"}],"0921":[{"pref":"広島県","city":"福山市","town":"大門町大門"}],"0927":[{"pref":"広島県","city":"福山市","town":"大門町津之下"}],"0923":[{"pref":"広島県","city":"福山市","town":"大門町野々浜"}],"0903":[{"pref":"広島県","city":"福山市","town":"坪生町"}],"0904":[{"pref":"広島県","city":"福山市","town":"坪生町南"}],"0966":[{"pref":"広島県","city":"福山市","town":"手城町"}],"0912":[{"pref":"広島県","city":"福山市","town":"東陽台"}],"0958":[{"pref":"広島県","city":"福山市","town":"西新涯町"}],"0975":[{"pref":"広島県","city":"福山市","town":"西深津町"}],"0906":[{"pref":"広島県","city":"福山市","town":"能島"}],"0962":[{"pref":"広島県","city":"福山市","town":"東手城町"}],"0974":[{"pref":"広島県","city":"福山市","town":"東深津町"}],"0942":[{"pref":"広島県","city":"福山市","town":"引野町"}],"0941":[{"pref":"広島県","city":"福山市","town":"引野町北"}],"0944":[{"pref":"広島県","city":"福山市","town":"引野町東"}],"0945":[{"pref":"広島県","city":"福山市","town":"引野町南"}],"0972":[{"pref":"広島県","city":"福山市","town":"日吉台"}],"0943":[{"pref":"広島県","city":"福山市","town":"平成台"}],"0913":[{"pref":"広島県","city":"福山市","town":"幕山台"}],"0964":[{"pref":"広島県","city":"福山市","town":"港町"}],"0973":[{"pref":"広島県","city":"福山市","town":"南蔵王町"}],"0963":[{"pref":"広島県","city":"福山市","town":"南手城町"}],"0956":[{"pref":"広島県","city":"福山市","town":"箕沖町"}],"0957":[{"pref":"広島県","city":"福山市","town":"箕島町"}],"0961":[{"pref":"広島県","city":"福山市","town":"明神町"}]}