{"0000":[{"pref":"愛知県","city":"小牧市","town":"以下に掲載がない場合"}],"0047":[{"pref":"愛知県","city":"小牧市","town":"曙町"}],"0804":[{"pref":"愛知県","city":"小牧市","town":"池之内"}],"0034":[{"pref":"愛知県","city":"小牧市","town":"市之久田"}],"0084":[{"pref":"愛知県","city":"小牧市","town":"入鹿出新田"}],"0011":[{"pref":"愛知県","city":"小牧市","town":"岩崎"}],"0017":[{"pref":"愛知県","city":"小牧市","town":"岩崎原"}],"0832":[{"pref":"愛知県","city":"小牧市","town":"応時"}],"0802":[{"pref":"愛知県","city":"小牧市","town":"大草"}],"0026":[{"pref":"愛知県","city":"小牧市","town":"大山（小牧大山）"}],"0801":[{"pref":"愛知県","city":"小牧市","town":"大山（篠岡大山）"}],"0037":[{"pref":"愛知県","city":"小牧市","town":"小針"}],"0032":[{"pref":"愛知県","city":"小牧市","town":"掛割町"}],"0025":[{"pref":"愛知県","city":"小牧市","town":"春日寺"}],"0822":[{"pref":"愛知県","city":"小牧市","town":"上末"}],"0085":[{"pref":"愛知県","city":"小牧市","town":"河内屋新田"}],"0045":[{"pref":"愛知県","city":"小牧市","town":"川西"}],"0023":[{"pref":"愛知県","city":"小牧市","town":"北外山"}],"0022":[{"pref":"愛知県","city":"小牧市","town":"北外山入鹿新田"}],"0009":[{"pref":"愛知県","city":"小牧市","town":"久保"}],"0003":[{"pref":"愛知県","city":"小牧市","town":"久保一色"}],"0001":[{"pref":"愛知県","city":"小牧市","town":"久保一色東"}],"0007":[{"pref":"愛知県","city":"小牧市","town":"久保一色南"}],"0006":[{"pref":"愛知県","city":"小牧市","town":"久保新町"}],"0005":[{"pref":"愛知県","city":"小牧市","town":"久保本町"}],"0033":[{"pref":"愛知県","city":"小牧市","town":"郷中"}],"0823":[{"pref":"愛知県","city":"小牧市","town":"郷西町"}],"0814":[{"pref":"愛知県","city":"小牧市","town":"古雅"}],"0058":[{"pref":"愛知県","city":"小牧市","town":"小木"}],"0059":[{"pref":"愛知県","city":"小牧市","town":"小木東"}],"0057":[{"pref":"愛知県","city":"小牧市","town":"小木西"}],"0056":[{"pref":"愛知県","city":"小牧市","town":"小木南"}],"0041":[{"pref":"愛知県","city":"小牧市","town":"小牧"}],"0829":[{"pref":"愛知県","city":"小牧市","town":"小牧原"}],"0012":[{"pref":"愛知県","city":"小牧市","town":"小牧原新田"}],"0828":[{"pref":"愛知県","city":"小牧市","town":"小松寺"}],"0042":[{"pref":"愛知県","city":"小牧市","town":"桜井"}],"0043":[{"pref":"愛知県","city":"小牧市","town":"桜井本町"}],"0815":[{"pref":"愛知県","city":"小牧市","town":"篠岡"}],"0036":[{"pref":"愛知県","city":"小牧市","town":"下小針天神"}],"0051":[{"pref":"愛知県","city":"小牧市","town":"下小針中島"}],"0825":[{"pref":"愛知県","city":"小牧市","town":"下末"}],"0044":[{"pref":"愛知県","city":"小牧市","town":"常普請"}],"0812":[{"pref":"愛知県","city":"小牧市","town":"城山"}],"0074":[{"pref":"愛知県","city":"小牧市","town":"新小木"}],"0013":[{"pref":"愛知県","city":"小牧市","town":"新町"}],"0039":[{"pref":"愛知県","city":"小牧市","town":"外堀"}],"0803":[{"pref":"愛知県","city":"小牧市","town":"高根"}],"0004":[{"pref":"愛知県","city":"小牧市","town":"田県町"}],"0052":[{"pref":"愛知県","city":"小牧市","town":"多気中町"}],"0035":[{"pref":"愛知県","city":"小牧市","town":"多気東町"}],"0054":[{"pref":"愛知県","city":"小牧市","town":"多気西町"}],"0053":[{"pref":"愛知県","city":"小牧市","town":"多気南町"}],"0055":[{"pref":"愛知県","city":"小牧市","town":"多気北町"}],"0029":[{"pref":"愛知県","city":"小牧市","town":"中央"}],"0008":[{"pref":"愛知県","city":"小牧市","town":"寺西"}],"0824":[{"pref":"愛知県","city":"小牧市","town":"長治町"}],"0078":[{"pref":"愛知県","city":"小牧市","town":"西島町"}],"0077":[{"pref":"愛知県","city":"小牧市","town":"西之島"}],"0806":[{"pref":"愛知県","city":"小牧市","town":"野口"}],"0805":[{"pref":"愛知県","city":"小牧市","town":"林"}],"0811":[{"pref":"愛知県","city":"小牧市","town":"光ケ丘"}],"0831":[{"pref":"愛知県","city":"小牧市","town":"東"}],"0028":[{"pref":"愛知県","city":"小牧市","town":"東新町"}],"0826":[{"pref":"愛知県","city":"小牧市","town":"東田中"}],"0068":[{"pref":"愛知県","city":"小牧市","town":"藤島"}],"0067":[{"pref":"愛知県","city":"小牧市","town":"藤島町居屋敷"}],"0063":[{"pref":"愛知県","city":"小牧市","town":"藤島町鏡池"}],"0065":[{"pref":"愛知県","city":"小牧市","town":"藤島町五才田"}],"0066":[{"pref":"愛知県","city":"小牧市","town":"藤島町出口"}],"0064":[{"pref":"愛知県","city":"小牧市","town":"藤島町徳願寺"}],"0062":[{"pref":"愛知県","city":"小牧市","town":"藤島町中島"}],"0069":[{"pref":"愛知県","city":"小牧市","town":"藤島町梵天"}],"0061":[{"pref":"愛知県","city":"小牧市","town":"藤島町向江"}],"0021":[{"pref":"愛知県","city":"小牧市","town":"二重堀"}],"0073":[{"pref":"愛知県","city":"小牧市","town":"舟津"}],"0827":[{"pref":"愛知県","city":"小牧市","town":"文津"}],"0046":[{"pref":"愛知県","city":"小牧市","town":"堀の内"}],"0821":[{"pref":"愛知県","city":"小牧市","town":"本庄"}],"0015":[{"pref":"愛知県","city":"小牧市","town":"間々"}],"0016":[{"pref":"愛知県","city":"小牧市","town":"間々原新田"}],"0048":[{"pref":"愛知県","city":"小牧市","town":"間々本町"}],"0075":[{"pref":"愛知県","city":"小牧市","town":"三ツ渕"}],"0076":[{"pref":"愛知県","city":"小牧市","town":"三ツ渕原新田"}],"0027":[{"pref":"愛知県","city":"小牧市","town":"緑町"}],"0024":[{"pref":"愛知県","city":"小牧市","town":"南外山"}],"0082":[{"pref":"愛知県","city":"小牧市","town":"村中"}],"0083":[{"pref":"愛知県","city":"小牧市","town":"村中新町"}],"0072":[{"pref":"愛知県","city":"小牧市","town":"元町"}],"0813":[{"pref":"愛知県","city":"小牧市","town":"桃ケ丘"}],"0014":[{"pref":"愛知県","city":"小牧市","town":"安田町"}],"0049":[{"pref":"愛知県","city":"小牧市","town":"山北町"}],"0071":[{"pref":"愛知県","city":"小牧市","town":"弥生町"}],"0081":[{"pref":"愛知県","city":"小牧市","town":"横内"}],"0002":[{"pref":"愛知県","city":"小牧市","town":"葭原"}],"0031":[{"pref":"愛知県","city":"小牧市","town":"若草町"}]}