{"0000":[{"pref":"大阪府","city":"門真市","town":"以下に掲載がない場合"}],"0061":[{"pref":"大阪府","city":"門真市","town":"朝日町"}],"0067":[{"pref":"大阪府","city":"門真市","town":"石原町"}],"0053":[{"pref":"大阪府","city":"門真市","town":"泉町"}],"0033":[{"pref":"大阪府","city":"門真市","town":"一番町"}],"0028":[{"pref":"大阪府","city":"門真市","town":"打越"}],"0029":[{"pref":"大阪府","city":"門真市","town":"打越町"}],"0012":[{"pref":"大阪府","city":"門真市","town":"江端町"}],"0076":[{"pref":"大阪府","city":"門真市","town":"大池町"}],"0068":[{"pref":"大阪府","city":"門真市","town":"大倉町"}],"0077":[{"pref":"大阪府","city":"門真市","town":"大橋町"}],"0022":[{"pref":"大阪府","city":"門真市","town":"沖町"}],"0065":[{"pref":"大阪府","city":"門真市","town":"垣内町"}],"0050":[{"pref":"大阪府","city":"門真市","town":"門真"}],"0071":[{"pref":"大阪府","city":"門真市","town":"上島町"}],"0070":[{"pref":"大阪府","city":"門真市","town":"上野口町"}],"0002":[{"pref":"大阪府","city":"門真市","town":"岸和田"}],"0007":[{"pref":"大阪府","city":"門真市","town":"北岸和田"}],"0025":[{"pref":"大阪府","city":"門真市","town":"北島"}],"0018":[{"pref":"大阪府","city":"門真市","town":"北島東町"}],"0026":[{"pref":"大阪府","city":"門真市","town":"北島町"}],"0073":[{"pref":"大阪府","city":"門真市","town":"北巣本町"}],"0043":[{"pref":"大阪府","city":"門真市","town":"桑才新町"}],"0035":[{"pref":"大阪府","city":"門真市","town":"桑才町"}],"0066":[{"pref":"大阪府","city":"門真市","town":"幸福町"}],"0032":[{"pref":"大阪府","city":"門真市","town":"寿町"}],"0047":[{"pref":"大阪府","city":"門真市","town":"栄町"}],"0027":[{"pref":"大阪府","city":"門真市","town":"五月田町"}],"0017":[{"pref":"大阪府","city":"門真市","town":"四宮"}],"0016":[{"pref":"大阪府","city":"門真市","town":"島頭"}],"0075":[{"pref":"大阪府","city":"門真市","town":"下島町"}],"0009":[{"pref":"大阪府","city":"門真市","town":"下馬伏町"}],"0058":[{"pref":"大阪府","city":"門真市","town":"小路町"}],"0063":[{"pref":"大阪府","city":"門真市","town":"常称寺町"}],"0072":[{"pref":"大阪府","city":"門真市","town":"城垣町"}],"0048":[{"pref":"大阪府","city":"門真市","town":"新橋町"}],"0030":[{"pref":"大阪府","city":"門真市","town":"末広町"}],"0001":[{"pref":"大阪府","city":"門真市","town":"巣本町"}],"0013":[{"pref":"大阪府","city":"門真市","town":"千石東町"}],"0014":[{"pref":"大阪府","city":"門真市","town":"千石西町"}],"0052":[{"pref":"大阪府","city":"門真市","town":"月出町"}],"0059":[{"pref":"大阪府","city":"門真市","town":"堂山町"}],"0078":[{"pref":"大阪府","city":"門真市","town":"常盤町"}],"0045":[{"pref":"大阪府","city":"門真市","town":"殿島町"}],"0055":[{"pref":"大阪府","city":"門真市","town":"中町"}],"0024":[{"pref":"大阪府","city":"門真市","town":"野口"}],"0079":[{"pref":"大阪府","city":"門真市","town":"野里町"}],"0054":[{"pref":"大阪府","city":"門真市","town":"浜町"}],"0039":[{"pref":"大阪府","city":"門真市","town":"速見町"}],"0037":[{"pref":"大阪府","city":"門真市","town":"ひえ島町"}],"0008":[{"pref":"大阪府","city":"門真市","town":"東江端町"}],"0034":[{"pref":"大阪府","city":"門真市","town":"東田町"}],"0042":[{"pref":"大阪府","city":"門真市","town":"深田町"}],"0021":[{"pref":"大阪府","city":"門真市","town":"舟田町"}],"0031":[{"pref":"大阪府","city":"門真市","town":"古川町"}],"0046":[{"pref":"大阪府","city":"門真市","town":"本町"}],"0044":[{"pref":"大阪府","city":"門真市","town":"松生町"}],"0056":[{"pref":"大阪府","city":"門真市","town":"松葉町"}],"0015":[{"pref":"大阪府","city":"門真市","town":"三ツ島"}],"0064":[{"pref":"大阪府","city":"門真市","town":"御堂町"}],"0005":[{"pref":"大阪府","city":"門真市","town":"南野口町"}],"0062":[{"pref":"大阪府","city":"門真市","town":"宮野町"}],"0074":[{"pref":"大阪府","city":"門真市","town":"宮前町"}],"0051":[{"pref":"大阪府","city":"門真市","town":"向島町"}],"0057":[{"pref":"大阪府","city":"門真市","town":"元町"}],"0038":[{"pref":"大阪府","city":"門真市","town":"柳田町"}],"0041":[{"pref":"大阪府","city":"門真市","town":"柳町"}],"0023":[{"pref":"大阪府","city":"門真市","town":"横地"}],"0011":[{"pref":"大阪府","city":"門真市","town":"脇田町"}]}