{"1200":[{"pref":"岡山県","city":"小田郡矢掛町","town":"以下に掲載がない場合"}],"1201":[{"pref":"岡山県","city":"小田郡矢掛町","town":"矢掛"}],"1202":[{"pref":"岡山県","city":"小田郡矢掛町","town":"小林"}],"1203":[{"pref":"岡山県","city":"小田郡矢掛町","town":"上高末"}],"1204":[{"pref":"岡山県","city":"小田郡矢掛町","town":"下高末"}],"1205":[{"pref":"岡山県","city":"小田郡矢掛町","town":"宇角"}],"1206":[{"pref":"岡山県","city":"小田郡矢掛町","town":"内田"}],"1211":[{"pref":"岡山県","city":"小田郡矢掛町","town":"東三成"}],"1212":[{"pref":"岡山県","city":"小田郡矢掛町","town":"横谷"}],"1213":[{"pref":"岡山県","city":"小田郡矢掛町","town":"里山田"}],"1214":[{"pref":"岡山県","city":"小田郡矢掛町","town":"南山田"}],"1215":[{"pref":"岡山県","city":"小田郡矢掛町","town":"中"}],"1221":[{"pref":"岡山県","city":"小田郡矢掛町","town":"宇内"}],"1222":[{"pref":"岡山県","city":"小田郡矢掛町","town":"西川面"}],"1223":[{"pref":"岡山県","city":"小田郡矢掛町","town":"東川面"}],"1224":[{"pref":"岡山県","city":"小田郡矢掛町","town":"本堀"}],"1225":[{"pref":"岡山県","city":"小田郡矢掛町","town":"浅海"}],"1226":[{"pref":"岡山県","city":"小田郡矢掛町","town":"江良"}],"1227":[{"pref":"岡山県","city":"小田郡矢掛町","town":"小田"}],"1401":[{"pref":"岡山県","city":"井原市","town":"美星町明治"}],"1402":[{"pref":"岡山県","city":"井原市","town":"美星町宇戸谷"}],"1403":[{"pref":"岡山県","city":"井原市","town":"美星町上高末"}],"1404":[{"pref":"岡山県","city":"井原市","town":"美星町烏頭"}],"1405":[{"pref":"岡山県","city":"井原市","town":"美星町宇戸"}],"1406":[{"pref":"岡山県","city":"井原市","town":"美星町三山"}],"1407":[{"pref":"岡山県","city":"井原市","town":"美星町黒忠"}],"1411":[{"pref":"岡山県","city":"井原市","town":"美星町大倉"}],"1412":[{"pref":"岡山県","city":"井原市","town":"美星町東水砂"}],"1413":[{"pref":"岡山県","city":"井原市","town":"美星町西水砂"}],"1414":[{"pref":"岡山県","city":"井原市","town":"美星町黒木"}],"1415":[{"pref":"岡山県","city":"井原市","town":"美星町星田"}],"2101":[{"pref":"岡山県","city":"井原市","town":"芳井町梶江"}],"2102":[{"pref":"岡山県","city":"井原市","town":"芳井町与井"}],"2103":[{"pref":"岡山県","city":"井原市","town":"芳井町宇戸川"}],"2104":[{"pref":"岡山県","city":"井原市","town":"芳井町花滝"}],"2111":[{"pref":"岡山県","city":"井原市","town":"芳井町吉井"}],"2112":[{"pref":"岡山県","city":"井原市","town":"芳井町簗瀬"}],"2113":[{"pref":"岡山県","city":"井原市","town":"芳井町天神山"}],"2114":[{"pref":"岡山県","city":"井原市","town":"芳井町川相"}],"2121":[{"pref":"岡山県","city":"井原市","town":"芳井町佐屋"}],"2122":[{"pref":"岡山県","city":"井原市","town":"芳井町種"}],"2123":[{"pref":"岡山県","city":"井原市","town":"芳井町片塚"}],"2124":[{"pref":"岡山県","city":"井原市","town":"芳井町井山"}],"2125":[{"pref":"岡山県","city":"井原市","town":"芳井町池谷"}],"2231":[{"pref":"岡山県","city":"井原市","town":"芳井町下鴫"}],"2232":[{"pref":"岡山県","city":"井原市","town":"芳井町上鴫"}],"2233":[{"pref":"岡山県","city":"井原市","town":"芳井町山村"}],"2234":[{"pref":"岡山県","city":"井原市","town":"芳井町西三原"}],"2341":[{"pref":"岡山県","city":"井原市","town":"芳井町東三原"}],"0000":[{"pref":"岡山県","city":"笠岡市","town":"以下に掲載がない場合"}],"0014":[{"pref":"岡山県","city":"笠岡市","town":"相生"}],"0056":[{"pref":"岡山県","city":"笠岡市","town":"旭が丘"}],"0075":[{"pref":"岡山県","city":"笠岡市","town":"有田"}],"0082":[{"pref":"岡山県","city":"笠岡市","town":"一番町"}],"0022":[{"pref":"岡山県","city":"笠岡市","town":"今立"}],"0041":[{"pref":"岡山県","city":"笠岡市","town":"入江"}],"0091":[{"pref":"岡山県","city":"笠岡市","town":"絵師"}],"0055":[{"pref":"岡山県","city":"笠岡市","town":"生江浜"}],"0013":[{"pref":"岡山県","city":"笠岡市","town":"大井南"}],"0061":[{"pref":"岡山県","city":"笠岡市","town":"大げ"}],"0073":[{"pref":"岡山県","city":"笠岡市","town":"大河"}],"0033":[{"pref":"岡山県","city":"笠岡市","town":"大島中"}],"0003":[{"pref":"岡山県","city":"笠岡市","town":"尾坂"}],"0076":[{"pref":"岡山県","city":"笠岡市","town":"押撫"}],"0012":[{"pref":"岡山県","city":"笠岡市","town":"小平井"}],"0081":[{"pref":"岡山県","city":"笠岡市","town":"笠岡"}],"0025":[{"pref":"岡山県","city":"笠岡市","town":"春日台"}],"0057":[{"pref":"岡山県","city":"笠岡市","town":"金浦"}],"0052":[{"pref":"岡山県","city":"笠岡市","town":"カブト中央町"}],"0051":[{"pref":"岡山県","city":"笠岡市","town":"カブト東町"}],"0053":[{"pref":"岡山県","city":"笠岡市","town":"カブト西町"}],"0046":[{"pref":"岡山県","city":"笠岡市","town":"カブト南町"}],"0301":[{"pref":"岡山県","city":"笠岡市","town":"北木島町"}],"0096":[{"pref":"岡山県","city":"笠岡市","town":"九番町"}],"0063":[{"pref":"岡山県","city":"笠岡市","town":"鋼管町"}],"0002":[{"pref":"岡山県","city":"笠岡市","town":"甲弩"}],"0044":[{"pref":"岡山県","city":"笠岡市","town":"神島"}],"0034":[{"pref":"岡山県","city":"笠岡市","town":"神島外浦"}],"0086":[{"pref":"岡山県","city":"笠岡市","town":"五番町"}],"0084":[{"pref":"岡山県","city":"笠岡市","town":"三番町"}],"0077":[{"pref":"岡山県","city":"笠岡市","town":"篠坂"}],"0036":[{"pref":"岡山県","city":"笠岡市","town":"白石島"}],"0065":[{"pref":"岡山県","city":"笠岡市","town":"城見台"}],"0005":[{"pref":"岡山県","city":"笠岡市","town":"新賀"}],"0093":[{"pref":"岡山県","city":"笠岡市","town":"新横島"}],"0097":[{"pref":"岡山県","city":"笠岡市","town":"十番町"}],"0098":[{"pref":"岡山県","city":"笠岡市","town":"十一番町"}],"0004":[{"pref":"岡山県","city":"笠岡市","town":"関戸"}],"0021":[{"pref":"岡山県","city":"笠岡市","town":"園井"}],"0035":[{"pref":"岡山県","city":"笠岡市","town":"高島"}],"0047":[{"pref":"岡山県","city":"笠岡市","town":"拓海町"}],"0088":[{"pref":"岡山県","city":"笠岡市","town":"中央町"}],"0092":[{"pref":"岡山県","city":"笠岡市","town":"富岡"}],"0094":[{"pref":"岡山県","city":"笠岡市","town":"七番町"}],"0032":[{"pref":"岡山県","city":"笠岡市","town":"西大島"}],"0031":[{"pref":"岡山県","city":"笠岡市","town":"西大島新田"}],"0072":[{"pref":"岡山県","city":"笠岡市","town":"西大戸"}],"0064":[{"pref":"岡山県","city":"笠岡市","town":"西茂平"}],"0083":[{"pref":"岡山県","city":"笠岡市","town":"二番町"}],"0078":[{"pref":"岡山県","city":"笠岡市","town":"入田"}],"0001":[{"pref":"岡山県","city":"笠岡市","town":"走出"}],"0095":[{"pref":"岡山県","city":"笠岡市","town":"八番町"}],"0071":[{"pref":"岡山県","city":"笠岡市","town":"東大戸"}],"0302":[{"pref":"岡山県","city":"笠岡市","town":"飛島"}],"0023":[{"pref":"岡山県","city":"笠岡市","town":"広浜"}],"0054":[{"pref":"岡山県","city":"笠岡市","town":"平成町"}],"0024":[{"pref":"岡山県","city":"笠岡市","town":"馬飼"}],"0037":[{"pref":"岡山県","city":"笠岡市","town":"真鍋島"}],"0048":[{"pref":"岡山県","city":"笠岡市","town":"緑町"}],"0045":[{"pref":"岡山県","city":"笠岡市","town":"港町"}],"0006":[{"pref":"岡山県","city":"笠岡市","town":"みの越"}],"0042":[{"pref":"岡山県","city":"笠岡市","town":"美の浜"}],"0038":[{"pref":"岡山県","city":"笠岡市","town":"六島"}],"0066":[{"pref":"岡山県","city":"笠岡市","town":"用之江"}],"0062":[{"pref":"岡山県","city":"笠岡市","town":"茂平"}],"0007":[{"pref":"岡山県","city":"笠岡市","town":"山口"}],"0043":[{"pref":"岡山県","city":"笠岡市","town":"横島"}],"0011":[{"pref":"岡山県","city":"笠岡市","town":"吉田"}],"0074":[{"pref":"岡山県","city":"笠岡市","town":"吉浜"}],"0085":[{"pref":"岡山県","city":"笠岡市","town":"四番町"}],"0087":[{"pref":"岡山県","city":"笠岡市","town":"六番町"}],"0101":[{"pref":"岡山県","city":"浅口市","town":"寄島町"}]}