{"0000":[{"pref":"埼玉県","city":"秩父市","town":"以下に掲載がない場合"},{"pref":"埼玉県","city":"秩父郡横瀬町","town":"以下に掲載がない場合"}],"0026":[{"pref":"埼玉県","city":"秩父市","town":"相生町"}],"0016":[{"pref":"埼玉県","city":"秩父市","town":"阿保町"}],"0063":[{"pref":"埼玉県","city":"秩父市","town":"伊古田"}],"0031":[{"pref":"埼玉県","city":"秩父市","town":"上野町"}],"0065":[{"pref":"埼玉県","city":"秩父市","town":"太田"}],"0005":[{"pref":"埼玉県","city":"秩父市","town":"大野原"}],"0011":[{"pref":"埼玉県","city":"秩父市","town":"大畑町"}],"0023":[{"pref":"埼玉県","city":"秩父市","town":"大宮"}],"0061":[{"pref":"埼玉県","city":"秩父市","town":"小柱"}],"0014":[{"pref":"埼玉県","city":"秩父市","town":"金室町"}],"0035":[{"pref":"埼玉県","city":"秩父市","town":"上町"}],"0024":[{"pref":"埼玉県","city":"秩父市","town":"上宮地町"}],"0053":[{"pref":"埼玉県","city":"秩父市","town":"久那"}],"0032":[{"pref":"埼玉県","city":"秩父市","town":"熊木町"}],"0001":[{"pref":"埼玉県","city":"秩父市","town":"黒谷"}],"0025":[{"pref":"埼玉県","city":"秩父市","town":"桜木町"}],"0003":[{"pref":"埼玉県","city":"秩父市","town":"定峰"}],"0064":[{"pref":"埼玉県","city":"秩父市","town":"品沢"}],"0021":[{"pref":"埼玉県","city":"秩父市","town":"下宮地町"}],"0012":[{"pref":"埼玉県","city":"秩父市","town":"滝の上町"}],"0055":[{"pref":"埼玉県","city":"秩父市","town":"田村"}],"0052":[{"pref":"埼玉県","city":"秩父市","town":"近戸町"}],"0056":[{"pref":"埼玉県","city":"秩父市","town":"寺尾"}],"0045":[{"pref":"埼玉県","city":"秩父市","town":"道生町"}],"0002":[{"pref":"埼玉県","city":"秩父市","town":"栃谷"}],"0043":[{"pref":"埼玉県","city":"秩父市","town":"中町"}],"0022":[{"pref":"埼玉県","city":"秩父市","town":"中宮地町"}],"0051":[{"pref":"埼玉県","city":"秩父市","town":"中村町"}],"0013":[{"pref":"埼玉県","city":"秩父市","town":"永田町"}],"0033":[{"pref":"埼玉県","city":"秩父市","town":"野坂町"}],"0041":[{"pref":"埼玉県","city":"秩父市","town":"番場町"}],"0042":[{"pref":"埼玉県","city":"秩父市","town":"東町"}],"0034":[{"pref":"埼玉県","city":"秩父市","town":"日野田町"}],"0054":[{"pref":"埼玉県","city":"秩父市","town":"別所"}],"0066":[{"pref":"埼玉県","city":"秩父市","town":"堀切"}],"0062":[{"pref":"埼玉県","city":"秩父市","town":"蒔田"}],"0067":[{"pref":"埼玉県","city":"秩父市","town":"みどりが丘"}],"0046":[{"pref":"埼玉県","city":"秩父市","town":"宮側町"}],"0044":[{"pref":"埼玉県","city":"秩父市","town":"本町"}],"0015":[{"pref":"埼玉県","city":"秩父市","town":"柳田町"}],"0004":[{"pref":"埼玉県","city":"秩父市","town":"山田"}],"0071":[{"pref":"埼玉県","city":"秩父郡横瀬町","town":"芦ケ久保"}],"0072":[{"pref":"埼玉県","city":"秩父郡横瀬町","town":"横瀬"}],"0100":[{"pref":"埼玉県","city":"秩父郡小鹿野町","town":"以下に掲載がない場合"}],"0111":[{"pref":"埼玉県","city":"秩父郡小鹿野町","town":"飯田"}],"0104":[{"pref":"埼玉県","city":"秩父郡小鹿野町","town":"伊豆沢"}],"0105":[{"pref":"埼玉県","city":"秩父郡小鹿野町","town":"小鹿野"}],"0113":[{"pref":"埼玉県","city":"秩父郡小鹿野町","town":"河原沢"}],"0112":[{"pref":"埼玉県","city":"秩父郡小鹿野町","town":"三山"}],"0101":[{"pref":"埼玉県","city":"秩父郡小鹿野町","town":"下小鹿野"}],"0102":[{"pref":"埼玉県","city":"秩父郡小鹿野町","town":"長留"}],"0103":[{"pref":"埼玉県","city":"秩父郡小鹿野町","town":"般若"}],"0115":[{"pref":"埼玉県","city":"秩父郡小鹿野町","town":"日尾"}],"0114":[{"pref":"埼玉県","city":"秩父郡小鹿野町","town":"藤倉"}],"0202":[{"pref":"埼玉県","city":"秩父郡小鹿野町","town":"両神小森"}],"0201":[{"pref":"埼玉県","city":"秩父郡小鹿野町","town":"両神薄"}]}