{"0000":[{"pref":"高知県","city":"安芸市","town":"以下に掲載がない場合"}],"0033":[{"pref":"高知県","city":"安芸市","town":"赤野甲"}],"0034":[{"pref":"高知県","city":"安芸市","town":"赤野乙"}],"0057":[{"pref":"高知県","city":"安芸市","town":"安芸ノ川甲"}],"0058":[{"pref":"高知県","city":"安芸市","town":"安芸ノ川乙"}],"0031":[{"pref":"高知県","city":"安芸市","town":"穴内甲"}],"0032":[{"pref":"高知県","city":"安芸市","town":"穴内乙"}],"0045":[{"pref":"高知県","city":"安芸市","town":"伊尾木"}],"0051":[{"pref":"高知県","city":"安芸市","town":"井ノ口甲"}],"0052":[{"pref":"高知県","city":"安芸市","town":"井ノ口乙"}],"0029":[{"pref":"高知県","city":"安芸市","town":"植野"}],"0274":[{"pref":"高知県","city":"安芸市","town":"大井甲"}],"0275":[{"pref":"高知県","city":"安芸市","town":"大井乙"}],"0055":[{"pref":"高知県","city":"安芸市","town":"尾川甲"}],"0056":[{"pref":"高知県","city":"安芸市","town":"尾川乙"}],"0053":[{"pref":"高知県","city":"安芸市","town":"小谷"}],"0043":[{"pref":"高知県","city":"安芸市","town":"川北甲"}],"0044":[{"pref":"高知県","city":"安芸市","town":"川北乙"}],"0003":[{"pref":"高知県","city":"安芸市","town":"久世町"}],"0273":[{"pref":"高知県","city":"安芸市","town":"黒瀬"}],"0028":[{"pref":"高知県","city":"安芸市","town":"黒鳥"}],"0276":[{"pref":"高知県","city":"安芸市","town":"古井"}],"0007":[{"pref":"高知県","city":"安芸市","town":"寿町"}],"0021":[{"pref":"高知県","city":"安芸市","town":"幸町"}],"0026":[{"pref":"高知県","city":"安芸市","town":"桜ケ丘町"}],"0277":[{"pref":"高知県","city":"安芸市","town":"島"}],"0046":[{"pref":"高知県","city":"安芸市","town":"下山"}],"0022":[{"pref":"高知県","city":"安芸市","town":"庄之芝町"}],"0008":[{"pref":"高知県","city":"安芸市","town":"清和町"}],"0041":[{"pref":"高知県","city":"安芸市","town":"僧津"}],"0023":[{"pref":"高知県","city":"安芸市","town":"染井町"}],"0024":[{"pref":"高知県","city":"安芸市","town":"千歳町"}],"0025":[{"pref":"高知県","city":"安芸市","town":"津久茂町"}],"0042":[{"pref":"高知県","city":"安芸市","town":"土居"}],"0054":[{"pref":"高知県","city":"安芸市","town":"栃ノ木"}],"0271":[{"pref":"高知県","city":"安芸市","town":"奈比賀"}],"0020":[{"pref":"高知県","city":"安芸市","town":"西浜"}],"0272":[{"pref":"高知県","city":"安芸市","town":"入河内"}],"0061":[{"pref":"高知県","city":"安芸市","town":"畑山甲"}],"0062":[{"pref":"高知県","city":"安芸市","town":"畑山乙"}],"0063":[{"pref":"高知県","city":"安芸市","town":"畑山丙"}],"0002":[{"pref":"高知県","city":"安芸市","town":"花園町"}],"0010":[{"pref":"高知県","city":"安芸市","town":"東浜"}],"0006":[{"pref":"高知県","city":"安芸市","town":"日ノ出町"}],"0278":[{"pref":"高知県","city":"安芸市","town":"別役"}],"0027":[{"pref":"高知県","city":"安芸市","town":"宝永町"}],"0004":[{"pref":"高知県","city":"安芸市","town":"本町"}],"0064":[{"pref":"高知県","city":"安芸市","town":"舞川"}],"0005":[{"pref":"高知県","city":"安芸市","town":"港町"}],"0001":[{"pref":"高知県","city":"安芸市","town":"矢ノ丸"}],"0065":[{"pref":"高知県","city":"香美市","town":"物部町中津尾"}]}