{"0000":[{"pref":"神奈川県","city":"横浜市磯子区","town":"以下に掲載がない場合"}],"0016":[{"pref":"神奈川県","city":"横浜市磯子区","town":"磯子"}],"0019":[{"pref":"神奈川県","city":"横浜市磯子区","town":"磯子台"}],"0006":[{"pref":"神奈川県","city":"横浜市磯子区","town":"鳳町"}],"0021":[{"pref":"神奈川県","city":"横浜市磯子区","town":"岡村"}],"0001":[{"pref":"神奈川県","city":"横浜市磯子区","town":"上町"}],"0042":[{"pref":"神奈川県","city":"横浜市磯子区","town":"上中里町"}],"0041":[{"pref":"神奈川県","city":"横浜市磯子区","town":"栗木"}],"0003":[{"pref":"神奈川県","city":"横浜市磯子区","town":"坂下町"}],"0022":[{"pref":"神奈川県","city":"横浜市磯子区","town":"汐見台"}],"0004":[{"pref":"神奈川県","city":"横浜市磯子区","town":"下町"}],"0017":[{"pref":"神奈川県","city":"横浜市磯子区","town":"新磯子町"}],"0032":[{"pref":"神奈川県","city":"横浜市磯子区","town":"新杉田町"}],"0031":[{"pref":"神奈川県","city":"横浜市磯子区","town":"新中原町"}],"0018":[{"pref":"神奈川県","city":"横浜市磯子区","town":"新森町"}],"0033":[{"pref":"神奈川県","city":"横浜市磯子区","town":"杉田"}],"0034":[{"pref":"神奈川県","city":"横浜市磯子区","town":"杉田坪呑"}],"0012":[{"pref":"神奈川県","city":"横浜市磯子区","town":"滝頭"}],"0035":[{"pref":"神奈川県","city":"横浜市磯子区","town":"田中"}],"0014":[{"pref":"神奈川県","city":"横浜市磯子区","town":"中浜町"}],"0036":[{"pref":"神奈川県","city":"横浜市磯子区","town":"中原"}],"0007":[{"pref":"神奈川県","city":"横浜市磯子区","town":"西町"}],"0002":[{"pref":"神奈川県","city":"横浜市磯子区","town":"馬場町"}],"0008":[{"pref":"神奈川県","city":"横浜市磯子区","town":"原町"}],"0005":[{"pref":"神奈川県","city":"横浜市磯子区","town":"東町"}],"0015":[{"pref":"神奈川県","city":"横浜市磯子区","town":"久木町"}],"0043":[{"pref":"神奈川県","city":"横浜市磯子区","town":"氷取沢町"}],"0013":[{"pref":"神奈川県","city":"横浜市磯子区","town":"広地町"}],"0011":[{"pref":"神奈川県","city":"横浜市磯子区","town":"丸山"}],"0044":[{"pref":"神奈川県","city":"横浜市磯子区","town":"峰町"}],"0023":[{"pref":"神奈川県","city":"横浜市磯子区","town":"森"}],"0024":[{"pref":"神奈川県","city":"横浜市磯子区","town":"森が丘"}],"0045":[{"pref":"神奈川県","city":"横浜市磯子区","town":"洋光台"}]}