{"0000":[{"pref":"福島県","city":"南相馬市","town":"以下に掲載がない場合"}],"0039":[{"pref":"福島県","city":"南相馬市","town":"原町区青葉町"}],"0004":[{"pref":"福島県","city":"南相馬市","town":"原町区旭町"}],"0002":[{"pref":"福島県","city":"南相馬市","town":"原町区東町"}],"0075":[{"pref":"福島県","city":"南相馬市","town":"原町区石神"}],"0023":[{"pref":"福島県","city":"南相馬市","town":"原町区泉"}],"0017":[{"pref":"福島県","city":"南相馬市","town":"原町区牛越"}],"0047":[{"pref":"福島県","city":"南相馬市","town":"原町区江井"}],"0078":[{"pref":"福島県","city":"南相馬市","town":"原町区大谷"}],"0061":[{"pref":"福島県","city":"南相馬市","town":"原町区大木戸"}],"0079":[{"pref":"福島県","city":"南相馬市","town":"原町区大原"}],"0001":[{"pref":"福島県","city":"南相馬市","town":"原町区大町"}],"0049":[{"pref":"福島県","city":"南相馬市","town":"原町区大甕"}],"0011":[{"pref":"福島県","city":"南相馬市","town":"原町区小川町"}],"0055":[{"pref":"福島県","city":"南相馬市","town":"原町区小木さく"}],"0064":[{"pref":"福島県","city":"南相馬市","town":"原町区押釜"}],"0036":[{"pref":"福島県","city":"南相馬市","town":"原町区萱浜"}],"0058":[{"pref":"福島県","city":"南相馬市","town":"原町区片倉"}],"0021":[{"pref":"福島県","city":"南相馬市","town":"原町区金沢"}],"0059":[{"pref":"福島県","city":"南相馬市","town":"原町区上太田"}],"0027":[{"pref":"福島県","city":"南相馬市","town":"原町区上北高平"}],"0034":[{"pref":"福島県","city":"南相馬市","town":"原町区上渋佐"}],"0026":[{"pref":"福島県","city":"南相馬市","town":"原町区上高平"}],"0013":[{"pref":"福島県","city":"南相馬市","town":"原町区上町"}],"0022":[{"pref":"福島県","city":"南相馬市","town":"原町区北泉"}],"0072":[{"pref":"福島県","city":"南相馬市","town":"原町区北長野"}],"0073":[{"pref":"福島県","city":"南相馬市","town":"原町区北新田"}],"0037":[{"pref":"福島県","city":"南相馬市","town":"原町区北原"}],"0018":[{"pref":"福島県","city":"南相馬市","town":"原町区北町"}],"0015":[{"pref":"福島県","city":"南相馬市","town":"原町区国見町"}],"0045":[{"pref":"福島県","city":"南相馬市","town":"原町区小沢"}],"0043":[{"pref":"福島県","city":"南相馬市","town":"原町区小浜"}],"0051":[{"pref":"福島県","city":"南相馬市","town":"原町区牛来"}],"0003":[{"pref":"福島県","city":"南相馬市","town":"原町区栄町"}],"0032":[{"pref":"福島県","city":"南相馬市","town":"原町区桜井町"}],"0076":[{"pref":"福島県","city":"南相馬市","town":"原町区信田沢"}],"0042":[{"pref":"福島県","city":"南相馬市","town":"原町区雫"}],"0044":[{"pref":"福島県","city":"南相馬市","town":"原町区下江井"}],"0041":[{"pref":"福島県","city":"南相馬市","town":"原町区下太田"}],"0024":[{"pref":"福島県","city":"南相馬市","town":"原町区下北高平"}],"0035":[{"pref":"福島県","city":"南相馬市","town":"原町区下渋佐"}],"0025":[{"pref":"福島県","city":"南相馬市","town":"原町区下高平"}],"0065":[{"pref":"福島県","city":"南相馬市","town":"原町区陣ケ崎"}],"0054":[{"pref":"福島県","city":"南相馬市","town":"原町区高"}],"0077":[{"pref":"福島県","city":"南相馬市","town":"原町区高倉"}],"0033":[{"pref":"福島県","city":"南相馬市","town":"原町区高見町"}],"0046":[{"pref":"福島県","city":"南相馬市","town":"原町区堤谷"}],"0056":[{"pref":"福島県","city":"南相馬市","town":"原町区鶴谷"}],"0052":[{"pref":"福島県","city":"南相馬市","town":"原町区中太田"}],"0074":[{"pref":"福島県","city":"南相馬市","town":"原町区長野"}],"0016":[{"pref":"福島県","city":"南相馬市","town":"原町区仲町"}],"0031":[{"pref":"福島県","city":"南相馬市","town":"原町区錦町"}],"0014":[{"pref":"福島県","city":"南相馬市","town":"原町区西町"}],"0006":[{"pref":"福島県","city":"南相馬市","town":"原町区橋本町"}],"0063":[{"pref":"福島県","city":"南相馬市","town":"原町区馬場"}],"0038":[{"pref":"福島県","city":"南相馬市","town":"原町区日の出町"}],"0071":[{"pref":"福島県","city":"南相馬市","town":"原町区深野"}],"0005":[{"pref":"福島県","city":"南相馬市","town":"原町区二見町"}],"0062":[{"pref":"福島県","city":"南相馬市","town":"原町区本陣前"}],"0053":[{"pref":"福島県","city":"南相馬市","town":"原町区益田"}],"0012":[{"pref":"福島県","city":"南相馬市","town":"原町区三島町"}],"0007":[{"pref":"福島県","city":"南相馬市","town":"原町区南町"}],"0048":[{"pref":"福島県","city":"南相馬市","town":"原町区米々沢"}],"0008":[{"pref":"福島県","city":"南相馬市","town":"原町区本町"}],"0057":[{"pref":"福島県","city":"南相馬市","town":"原町区矢川原"}]}