{"0000":[{"pref":"高知県","city":"香美市","town":"以下に掲載がない場合"}],"0033":[{"pref":"高知県","city":"香美市","town":"土佐山田町旭町"}],"0072":[{"pref":"高知県","city":"香美市","town":"土佐山田町有谷"}],"0009":[{"pref":"高知県","city":"香美市","town":"土佐山田町神母ノ木"}],"0059":[{"pref":"高知県","city":"香美市","town":"土佐山田町入野"}],"0017":[{"pref":"高知県","city":"香美市","town":"土佐山田町岩積"}],"0021":[{"pref":"高知県","city":"香美市","town":"土佐山田町岩次"}],"0054":[{"pref":"高知県","city":"香美市","town":"土佐山田町植"}],"0074":[{"pref":"高知県","city":"香美市","town":"土佐山田町大後入"}],"0078":[{"pref":"高知県","city":"香美市","town":"土佐山田町大平"}],"0014":[{"pref":"高知県","city":"香美市","town":"土佐山田町小田島"}],"0006":[{"pref":"高知県","city":"香美市","town":"土佐山田町影山"}],"0056":[{"pref":"高知県","city":"香美市","town":"土佐山田町上改田"}],"0012":[{"pref":"高知県","city":"香美市","town":"土佐山田町加茂"}],"0022":[{"pref":"高知県","city":"香美市","town":"土佐山田町京田（立石）"}],"0023":[{"pref":"高知県","city":"香美市","town":"土佐山田町京田（その他）"}],"0051":[{"pref":"高知県","city":"香美市","town":"土佐山田町楠目（油石、前行、談議所、中村、平田、伏原、予岳）"}],"0039":[{"pref":"高知県","city":"香美市","town":"土佐山田町栄町"}],"0005":[{"pref":"高知県","city":"香美市","town":"土佐山田町逆川"}],"0008":[{"pref":"高知県","city":"香美市","town":"土佐山田町佐古薮"}],"0071":[{"pref":"高知県","city":"香美市","town":"土佐山田町佐竹"}],"0077":[{"pref":"高知県","city":"香美市","town":"土佐山田町佐野（仁井田）"}],"0079":[{"pref":"高知県","city":"香美市","town":"土佐山田町佐野（その他）"}],"0015":[{"pref":"高知県","city":"香美市","town":"土佐山田町下ノ村"}],"0058":[{"pref":"高知県","city":"香美市","town":"土佐山田町新改"}],"0038":[{"pref":"高知県","city":"香美市","town":"土佐山田町秦山町"}],"0024":[{"pref":"高知県","city":"香美市","town":"土佐山田町神通寺"}],"0001":[{"pref":"高知県","city":"香美市","town":"土佐山田町杉田"}],"0055":[{"pref":"高知県","city":"香美市","town":"土佐山田町須江"}],"0061":[{"pref":"高知県","city":"香美市","town":"土佐山田町曽我部川"}],"0064":[{"pref":"高知県","city":"香美市","town":"土佐山田町大法寺"}],"0034":[{"pref":"高知県","city":"香美市","town":"土佐山田町宝町"}],"0010":[{"pref":"高知県","city":"香美市","town":"土佐山田町テクノパーク"}],"0018":[{"pref":"高知県","city":"香美市","town":"土佐山田町戸板島"}],"0073":[{"pref":"高知県","city":"香美市","town":"土佐山田町中後入"}],"0019":[{"pref":"高知県","city":"香美市","town":"土佐山田町中野"}],"0075":[{"pref":"高知県","city":"香美市","town":"土佐山田町西後入"}],"0032":[{"pref":"高知県","city":"香美市","town":"土佐山田町西本町"}],"0004":[{"pref":"高知県","city":"香美市","town":"土佐山田町間"}],"0007":[{"pref":"高知県","city":"香美市","town":"土佐山田町林田"}],"0063":[{"pref":"高知県","city":"香美市","town":"土佐山田町東川"}],"0031":[{"pref":"高知県","city":"香美市","town":"土佐山田町東本町"}],"0057":[{"pref":"高知県","city":"香美市","town":"土佐山田町久次"}],"0035":[{"pref":"高知県","city":"香美市","town":"土佐山田町百石町"}],"0062":[{"pref":"高知県","city":"香美市","town":"土佐山田町平山（その他）"}],"0002":[{"pref":"高知県","city":"香美市","town":"土佐山田町船谷"}],"0076":[{"pref":"高知県","city":"香美市","town":"土佐山田町本村"}],"0013":[{"pref":"高知県","city":"香美市","town":"土佐山田町町田"}],"0025":[{"pref":"高知県","city":"香美市","town":"土佐山田町松本"}],"0003":[{"pref":"高知県","city":"香美市","town":"土佐山田町宮ノ口"}],"0037":[{"pref":"高知県","city":"香美市","town":"土佐山田町宮前町"}],"0016":[{"pref":"高知県","city":"香美市","town":"土佐山田町山田（小島、八王子、原）"}],"0011":[{"pref":"高知県","city":"香美市","town":"土佐山田町山田島"}],"0043":[{"pref":"高知県","city":"香美市","town":"土佐山田町（北組西）"}],"0041":[{"pref":"高知県","city":"香美市","town":"土佐山田町（北本町）"}],"0045":[{"pref":"高知県","city":"香美市","town":"土佐山田町（黒土）"}],"0044":[{"pref":"高知県","city":"香美市","town":"土佐山田町（中組）"}],"0036":[{"pref":"高知県","city":"香美市","town":"土佐山田町（古町）"}],"0042":[{"pref":"高知県","city":"香美市","town":"土佐山田町（前山）"}],"0046":[{"pref":"高知県","city":"香美市","town":"土佐山田町（南組）"}],"0047":[{"pref":"高知県","city":"香美市","town":"土佐山田町（その他）"}]}