{"宮崎市":{"以下に掲載がない場合":[{"zip":"8800000","zip1":"880","zip2":"0000"}],"青島":[{"zip":"8892162","zip1":"889","zip2":"2162"}],"青島西":[{"zip":"8892163","zip1":"889","zip2":"2163"}],"青葉町":[{"zip":"8800842","zip1":"880","zip2":"0842"}],"赤江":[{"zip":"8800912","zip1":"880","zip2":"0912"}],"旭":[{"zip":"8800803","zip1":"880","zip2":"0803"}],"吾妻町":[{"zip":"8800864","zip1":"880","zip2":"0864"}],"跡江":[{"zip":"8802101","zip1":"880","zip2":"2101"}],"有田":[{"zip":"8802102","zip1":"880","zip2":"2102"}],"阿波岐原町":[{"zip":"8800835","zip1":"880","zip2":"0835"}],"生目":[{"zip":"8802103","zip1":"880","zip2":"2103"}],"生目台東":[{"zip":"8800942","zip1":"880","zip2":"0942"}],"生目台西":[{"zip":"8800943","zip1":"880","zip2":"0943"}],"池内町":[{"zip":"8800041","zip1":"880","zip2":"0041"}],"一の宮町":[{"zip":"8800854","zip1":"880","zip2":"0854"}],"糸原":[{"zip":"8802231","zip1":"880","zip2":"2231"}],"浮田":[{"zip":"8802104","zip1":"880","zip2":"2104"}],"浮城町":[{"zip":"8800821","zip1":"880","zip2":"0821"}],"内海":[{"zip":"8892301","zip1":"889","zip2":"2301"}],"瓜生野（下畑）":[{"zip":"8800344","zip1":"880","zip2":"0344"}],"瓜生野（その他）":[{"zip":"8800044","zip1":"880","zip2":"0044"}],"永楽町":[{"zip":"8800872","zip1":"880","zip2":"0872"}],"江平中町":[{"zip":"8800814","zip1":"880","zip2":"0814"}],"江平東町":[{"zip":"8800817","zip1":"880","zip2":"0817"}],"江平東":[{"zip":"8800816","zip1":"880","zip2":"0816"}],"江平西":[{"zip":"8800051","zip1":"880","zip2":"0051"}],"江平町":[{"zip":"8800815","zip1":"880","zip2":"0815"}],"老松":[{"zip":"8800801","zip1":"880","zip2":"0801"}],"大島町":[{"zip":"8800824","zip1":"880","zip2":"0824"}],"大瀬町（上畑）":[{"zip":"8800345","zip1":"880","zip2":"0345"}],"大瀬町（その他）":[{"zip":"8800045","zip1":"880","zip2":"0045"}],"太田":[{"zip":"8800903","zip1":"880","zip2":"0903"}],"大塚台東":[{"zip":"8800952","zip1":"880","zip2":"0952"}],"大塚台西":[{"zip":"8802105","zip1":"880","zip2":"2105"}],"大塚町":[{"zip":"8800951","zip1":"880","zip2":"0951"}],"大坪町":[{"zip":"8800933","zip1":"880","zip2":"0933"}],"大坪東":[{"zip":"8800934","zip1":"880","zip2":"0934"}],"大坪西":[{"zip":"8800932","zip1":"880","zip2":"0932"}],"大橋":[{"zip":"8800022","zip1":"880","zip2":"0022"}],"大淀":[{"zip":"8800902","zip1":"880","zip2":"0902"}],"小戸町":[{"zip":"8800857","zip1":"880","zip2":"0857"}],"折生迫":[{"zip":"8892164","zip1":"889","zip2":"2164"}],"加江田":[{"zip":"8892161","zip1":"889","zip2":"2161"}],"薫る坂":[{"zip":"8800947","zip1":"880","zip2":"0947"}],"鏡洲":[{"zip":"8892156","zip1":"889","zip2":"2156"}],"学園木花台桜":[{"zip":"8892154","zip1":"889","zip2":"2154"}],"学園木花台西":[{"zip":"8892155","zip1":"889","zip2":"2155"}],"学園木花台南":[{"zip":"8892153","zip1":"889","zip2":"2153"}],"学園木花台北":[{"zip":"8892152","zip1":"889","zip2":"2152"}],"柏原":[{"zip":"8802111","zip1":"880","zip2":"2111"}],"金崎":[{"zip":"8802234","zip1":"880","zip2":"2234"}],"上北方":[{"zip":"8800043","zip1":"880","zip2":"0043"}],"上野町":[{"zip":"8800011","zip1":"880","zip2":"0011"}],"川原町":[{"zip":"8800866","zip1":"880","zip2":"0866"}],"祇園":[{"zip":"8800024","zip1":"880","zip2":"0024"}],"北川内町":[{"zip":"8800941","zip1":"880","zip2":"0941"}],"北権現町":[{"zip":"8800823","zip1":"880","zip2":"0823"}],"北高松町":[{"zip":"8800017","zip1":"880","zip2":"0017"}],"希望ケ丘":[{"zip":"8800923","zip1":"880","zip2":"0923"}],"京塚":[{"zip":"8800937","zip1":"880","zip2":"0937"}],"京塚町":[{"zip":"8800938","zip1":"880","zip2":"0938"}],"清武町あさひ":[{"zip":"8891609","zip1":"889","zip2":"1609"}],"清武町池田台":[{"zip":"8891606","zip1":"889","zip2":"1606"}],"清武町池田台北":[{"zip":"8891608","zip1":"889","zip2":"1608"}],"清武町今泉":[{"zip":"8891602","zip1":"889","zip2":"1602"}],"清武町岡":[{"zip":"8891612","zip1":"889","zip2":"1612"}],"清武町加納（丁目）":[{"zip":"8891607","zip1":"889","zip2":"1607"}],"清武町加納（番地）":[{"zip":"8891605","zip1":"889","zip2":"1605"}],"清武町木原":[{"zip":"8891601","zip1":"889","zip2":"1601"}],"清武町正手":[{"zip":"8891603","zip1":"889","zip2":"1603"}],"清武町新町":[{"zip":"8891611","zip1":"889","zip2":"1611"}],"清武町西新町":[{"zip":"8891613","zip1":"889","zip2":"1613"}],"清武町船引":[{"zip":"8891604","zip1":"889","zip2":"1604"}],"霧島":[{"zip":"8800032","zip1":"880","zip2":"0032"}],"郡司分":[{"zip":"8800924","zip1":"880","zip2":"0924"}],"熊野":[{"zip":"8892151","zip1":"889","zip2":"2151"}],"源藤町":[{"zip":"8800927","zip1":"880","zip2":"0927"}],"江南":[{"zip":"8800944","zip1":"880","zip2":"0944"}],"小松":[{"zip":"8802112","zip1":"880","zip2":"2112"}],"小松台北町":[{"zip":"8802113","zip1":"880","zip2":"2113"}],"小松台西":[{"zip":"8800954","zip1":"880","zip2":"0954"}],"小松台東":[{"zip":"8800953","zip1":"880","zip2":"0953"}],"小松台南町":[{"zip":"8800956","zip1":"880","zip2":"0956"}],"権現町":[{"zip":"8800822","zip1":"880","zip2":"0822"}],"桜ケ丘町":[{"zip":"8800955","zip1":"880","zip2":"0955"}],"桜町":[{"zip":"8800057","zip1":"880","zip2":"0057"}],"佐土原町石崎":[{"zip":"8800213","zip1":"880","zip2":"0213"}],"佐土原町上田島":[{"zip":"8800301","zip1":"880","zip2":"0301"}],"佐土原町下田島":[{"zip":"8800211","zip1":"880","zip2":"0211"}],"佐土原町下富田":[{"zip":"8800204","zip1":"880","zip2":"0204"}],"佐土原町下那珂":[{"zip":"8800212","zip1":"880","zip2":"0212"}],"佐土原町西上那珂":[{"zip":"8800302","zip1":"880","zip2":"0302"}],"佐土原町東上那珂":[{"zip":"8800303","zip1":"880","zip2":"0303"}],"佐土原町松小路":[{"zip":"8800214","zip1":"880","zip2":"0214"}],"塩路":[{"zip":"8800122","zip1":"880","zip2":"0122"}],"潮見町":[{"zip":"8800862","zip1":"880","zip2":"0862"}],"島之内":[{"zip":"8800121","zip1":"880","zip2":"0121"}],"清水":[{"zip":"8800021","zip1":"880","zip2":"0021"}],"下北方町":[{"zip":"8800035","zip1":"880","zip2":"0035"}],"下原町":[{"zip":"8800843","zip1":"880","zip2":"0843"}],"昭栄町":[{"zip":"8800833","zip1":"880","zip2":"0833"}],"城ケ崎":[{"zip":"8800917","zip1":"880","zip2":"0917"}],"浄土江町":[{"zip":"8800876","zip1":"880","zip2":"0876"}],"昭和町":[{"zip":"8800874","zip1":"880","zip2":"0874"}],"新栄町":[{"zip":"8800831","zip1":"880","zip2":"0831"}],"神宮":[{"zip":"8800053","zip1":"880","zip2":"0053"}],"神宮西":[{"zip":"8800033","zip1":"880","zip2":"0033"}],"神宮東":[{"zip":"8800056","zip1":"880","zip2":"0056"}],"神宮町":[{"zip":"8800054","zip1":"880","zip2":"0054"}],"新城町":[{"zip":"8800845","zip1":"880","zip2":"0845"}],"新別府町":[{"zip":"8800834","zip1":"880","zip2":"0834"}],"末広":[{"zip":"8800012","zip1":"880","zip2":"0012"}],"瀬頭":[{"zip":"8800867","zip1":"880","zip2":"0867"}],"瀬頭町":[{"zip":"8800868","zip1":"880","zip2":"0868"}],"曽師町":[{"zip":"8800875","zip1":"880","zip2":"0875"}],"大王町":[{"zip":"8800871","zip1":"880","zip2":"0871"}],"大工":[{"zip":"8800015","zip1":"880","zip2":"0015"}],"高岡町飯田":[{"zip":"8802224","zip1":"880","zip2":"2224"}],"高岡町内山（１～３２１４番地）":[{"zip":"8802221","zip1":"880","zip2":"2221"}],"高岡町内山（その他）":[{"zip":"8802321","zip1":"880","zip2":"2321"}],"高岡町浦之名（２７９３～４３８９番地）":[{"zip":"8802223","zip1":"880","zip2":"2223"}],"高岡町浦之名（その他）":[{"zip":"8802323","zip1":"880","zip2":"2323"}],"高岡町小山田":[{"zip":"8802214","zip1":"880","zip2":"2214"}],"高岡町上倉永（１２０６～１２６８番地、内の八重）":[{"zip":"8891713","zip1":"889","zip2":"1713"}],"高岡町上倉永（その他）":[{"zip":"8802213","zip1":"880","zip2":"2213"}],"高岡町紙屋":[{"zip":"8802325","zip1":"880","zip2":"2325"}],"高岡町五町（１～３１３７番地）":[{"zip":"8802222","zip1":"880","zip2":"2222"}],"高岡町五町（その他）":[{"zip":"8802322","zip1":"880","zip2":"2322"}],"高岡町下倉永":[{"zip":"8802212","zip1":"880","zip2":"2212"}],"高岡町高浜":[{"zip":"8802215","zip1":"880","zip2":"2215"}],"高岡町花見":[{"zip":"8802211","zip1":"880","zip2":"2211"}],"高洲町":[{"zip":"8800852","zip1":"880","zip2":"0852"}],"高千穂通":[{"zip":"8800812","zip1":"880","zip2":"0812"}],"高松町":[{"zip":"8800003","zip1":"880","zip2":"0003"}],"田代町":[{"zip":"8800855","zip1":"880","zip2":"0855"}],"橘通西":[{"zip":"8800001","zip1":"880","zip2":"0001"}],"橘通東":[{"zip":"8800805","zip1":"880","zip2":"0805"}],"谷川":[{"zip":"8800908","zip1":"880","zip2":"0908"}],"谷川町":[{"zip":"8800909","zip1":"880","zip2":"0909"}],"田野町あけぼの":[{"zip":"8891703","zip1":"889","zip2":"1703"}],"田野町乙":[{"zip":"8891702","zip1":"889","zip2":"1702"}],"田野町甲":[{"zip":"8891701","zip1":"889","zip2":"1701"}],"田野町南原":[{"zip":"8891704","zip1":"889","zip2":"1704"}],"田吉":[{"zip":"8800911","zip1":"880","zip2":"0911"}],"千草町":[{"zip":"8800006","zip1":"880","zip2":"0006"}],"中央通":[{"zip":"8800002","zip1":"880","zip2":"0002"}],"月見ケ丘":[{"zip":"8800926","zip1":"880","zip2":"0926"}],"堤内":[{"zip":"8802232","zip1":"880","zip2":"2232"}],"恒久（丁目）":[{"zip":"8800913","zip1":"880","zip2":"0913"}],"恒久（番地）":[{"zip":"8800916","zip1":"880","zip2":"0916"}],"恒久南":[{"zip":"8800915","zip1":"880","zip2":"0915"}],"鶴島":[{"zip":"8800014","zip1":"880","zip2":"0014"}],"出来島町":[{"zip":"8800861","zip1":"880","zip2":"0861"}],"天満":[{"zip":"8800936","zip1":"880","zip2":"0936"}],"天満町":[{"zip":"8800935","zip1":"880","zip2":"0935"}],"東宮":[{"zip":"8800928","zip1":"880","zip2":"0928"}],"富吉":[{"zip":"8802114","zip1":"880","zip2":"2114"}],"中津瀬町":[{"zip":"8800025","zip1":"880","zip2":"0025"}],"中西町":[{"zip":"8800853","zip1":"880","zip2":"0853"}],"中村東":[{"zip":"8800904","zip1":"880","zip2":"0904"}],"中村西":[{"zip":"8800905","zip1":"880","zip2":"0905"}],"長嶺":[{"zip":"8802115","zip1":"880","zip2":"2115"}],"波島":[{"zip":"8800826","zip1":"880","zip2":"0826"}],"新名爪":[{"zip":"8800124","zip1":"880","zip2":"0124"}],"西池町":[{"zip":"8800027","zip1":"880","zip2":"0027"}],"錦本町":[{"zip":"8800818","zip1":"880","zip2":"0818"}],"錦町":[{"zip":"8800811","zip1":"880","zip2":"0811"}],"西高松町":[{"zip":"8800016","zip1":"880","zip2":"0016"}],"花ケ島町":[{"zip":"8800036","zip1":"880","zip2":"0036"}],"花殿町":[{"zip":"8800026","zip1":"880","zip2":"0026"}],"花山手西":[{"zip":"8800939","zip1":"880","zip2":"0939"}],"花山手東":[{"zip":"8800930","zip1":"880","zip2":"0930"}],"原町":[{"zip":"8800007","zip1":"880","zip2":"0007"}],"稗原町":[{"zip":"8800832","zip1":"880","zip2":"0832"}],"東大宮":[{"zip":"8800825","zip1":"880","zip2":"0825"}],"東大淀":[{"zip":"8800901","zip1":"880","zip2":"0901"}],"日ノ出町":[{"zip":"8800856","zip1":"880","zip2":"0856"}],"広島":[{"zip":"8800806","zip1":"880","zip2":"0806"}],"広原":[{"zip":"8800125","zip1":"880","zip2":"0125"}],"福島町（丁目）":[{"zip":"8800946","zip1":"880","zip2":"0946"}],"福島町（番地）":[{"zip":"8800945","zip1":"880","zip2":"0945"}],"船塚":[{"zip":"8800031","zip1":"880","zip2":"0031"}],"古城町":[{"zip":"8800931","zip1":"880","zip2":"0931"}],"平和が丘北町":[{"zip":"8800046","zip1":"880","zip2":"0046"}],"平和が丘西町":[{"zip":"8800047","zip1":"880","zip2":"0047"}],"平和が丘東町":[{"zip":"8800042","zip1":"880","zip2":"0042"}],"別府町":[{"zip":"8800802","zip1":"880","zip2":"0802"}],"芳士":[{"zip":"8800123","zip1":"880","zip2":"0123"}],"細江（平和）":[{"zip":"8891716","zip1":"889","zip2":"1716"}],"細江（その他）":[{"zip":"8802116","zip1":"880","zip2":"2116"}],"堀川町":[{"zip":"8800873","zip1":"880","zip2":"0873"}],"本郷":[{"zip":"8800922","zip1":"880","zip2":"0922"}],"本郷北方":[{"zip":"8800925","zip1":"880","zip2":"0925"}],"本郷南方":[{"zip":"8800921","zip1":"880","zip2":"0921"}],"前原町":[{"zip":"8800863","zip1":"880","zip2":"0863"}],"松橋":[{"zip":"8800013","zip1":"880","zip2":"0013"}],"松山":[{"zip":"8800865","zip1":"880","zip2":"0865"}],"まなび野":[{"zip":"8800929","zip1":"880","zip2":"0929"}],"丸島町":[{"zip":"8800813","zip1":"880","zip2":"0813"}],"丸山":[{"zip":"8800052","zip1":"880","zip2":"0052"}],"港":[{"zip":"8800858","zip1":"880","zip2":"0858"}],"港東":[{"zip":"8800851","zip1":"880","zip2":"0851"}],"南方町":[{"zip":"8800037","zip1":"880","zip2":"0037"}],"南高松町":[{"zip":"8800005","zip1":"880","zip2":"0005"}],"南花ケ島町":[{"zip":"8800055","zip1":"880","zip2":"0055"}],"南町":[{"zip":"8800906","zip1":"880","zip2":"0906"}],"宮崎駅東":[{"zip":"8800879","zip1":"880","zip2":"0879"}],"宮田町":[{"zip":"8800804","zip1":"880","zip2":"0804"}],"宮の元町":[{"zip":"8800914","zip1":"880","zip2":"0914"}],"宮脇町":[{"zip":"8800877","zip1":"880","zip2":"0877"}],"村角町":[{"zip":"8800837","zip1":"880","zip2":"0837"}],"元宮町":[{"zip":"8800004","zip1":"880","zip2":"0004"}],"柳丸町":[{"zip":"8800844","zip1":"880","zip2":"0844"}],"矢の先町":[{"zip":"8800034","zip1":"880","zip2":"0034"}],"山崎町":[{"zip":"8800836","zip1":"880","zip2":"0836"}],"大和町":[{"zip":"8800878","zip1":"880","zip2":"0878"}],"吉野":[{"zip":"8802233","zip1":"880","zip2":"2233"}],"吉村町":[{"zip":"8800841","zip1":"880","zip2":"0841"}],"淀川":[{"zip":"8800907","zip1":"880","zip2":"0907"}],"和知川原":[{"zip":"8800023","zip1":"880","zip2":"0023"}]},"都城市":{"以下に掲載がない場合":[{"zip":"8850000","zip1":"885","zip2":"0000"}],"菖蒲原町":[{"zip":"8850034","zip1":"885","zip2":"0034"}],"一万城町":[{"zip":"8850041","zip1":"885","zip2":"0041"}],"今町":[{"zip":"8850064","zip1":"885","zip2":"0064"}],"岩満町":[{"zip":"8851101","zip1":"885","zip2":"1101"}],"祝吉":[{"zip":"8850019","zip1":"885","zip2":"0019"}],"祝吉町":[{"zip":"8850014","zip1":"885","zip2":"0014"}],"梅北町":[{"zip":"8850063","zip1":"885","zip2":"0063"}],"大岩田町":[{"zip":"8850062","zip1":"885","zip2":"0062"}],"乙房町":[{"zip":"8850112","zip1":"885","zip2":"0112"}],"甲斐元町":[{"zip":"8850074","zip1":"885","zip2":"0074"}],"菓子野町":[{"zip":"8850111","zip1":"885","zip2":"0111"}],"金田町":[{"zip":"8850001","zip1":"885","zip2":"0001"}],"上川東":[{"zip":"8850012","zip1":"885","zip2":"0012"}],"上水流町":[{"zip":"8851103","zip1":"885","zip2":"1103"}],"上長飯町":[{"zip":"8850042","zip1":"885","zip2":"0042"}],"上東町":[{"zip":"8850053","zip1":"885","zip2":"0053"}],"上町":[{"zip":"8850072","zip1":"885","zip2":"0072"}],"北原町":[{"zip":"8850024","zip1":"885","zip2":"0024"}],"久保原町":[{"zip":"8850086","zip1":"885","zip2":"0086"}],"蔵原町":[{"zip":"8850051","zip1":"885","zip2":"0051"}],"郡元":[{"zip":"8850018","zip1":"885","zip2":"0018"}],"郡元町":[{"zip":"8850013","zip1":"885","zip2":"0013"}],"五十町":[{"zip":"8850084","zip1":"885","zip2":"0084"}],"小松原町":[{"zip":"8850022","zip1":"885","zip2":"0022"}],"栄町":[{"zip":"8850023","zip1":"885","zip2":"0023"}],"志比田町":[{"zip":"8850093","zip1":"885","zip2":"0093"}],"下川東":[{"zip":"8850011","zip1":"885","zip2":"0011"}],"下水流町":[{"zip":"8851102","zip1":"885","zip2":"1102"}],"下長飯町":[{"zip":"8850061","zip1":"885","zip2":"0061"}],"庄内町":[{"zip":"8850114","zip1":"885","zip2":"0114"}],"神之山町":[{"zip":"8850005","zip1":"885","zip2":"0005"}],"関之尾町":[{"zip":"8850113","zip1":"885","zip2":"0113"}],"千町":[{"zip":"8850015","zip1":"885","zip2":"0015"}],"大王町":[{"zip":"8850026","zip1":"885","zip2":"0026"}],"鷹尾":[{"zip":"8850081","zip1":"885","zip2":"0081"}],"高木町":[{"zip":"8850003","zip1":"885","zip2":"0003"}],"高崎町江平":[{"zip":"8894502","zip1":"889","zip2":"4502"}],"高崎町大牟田":[{"zip":"8894505","zip1":"889","zip2":"4505"}],"高崎町東霧島":[{"zip":"8894504","zip1":"889","zip2":"4504"}],"高崎町縄瀬":[{"zip":"8894503","zip1":"889","zip2":"4503"}],"高崎町笛水":[{"zip":"8894501","zip1":"889","zip2":"4501"}],"高崎町前田":[{"zip":"8894506","zip1":"889","zip2":"4506"}],"高城町有水":[{"zip":"8851311","zip1":"885","zip2":"1311"}],"高城町石山":[{"zip":"8851205","zip1":"885","zip2":"1205"}],"高城町大井手":[{"zip":"8851203","zip1":"885","zip2":"1203"}],"高城町桜木":[{"zip":"8851204","zip1":"885","zip2":"1204"}],"高城町四家":[{"zip":"8851312","zip1":"885","zip2":"1312"}],"高城町高城":[{"zip":"8851201","zip1":"885","zip2":"1201"}],"高城町穂満坊":[{"zip":"8851202","zip1":"885","zip2":"1202"}],"高野町":[{"zip":"8850221","zip1":"885","zip2":"0221"}],"立野町":[{"zip":"8850035","zip1":"885","zip2":"0035"}],"太郎坊町":[{"zip":"8850002","zip1":"885","zip2":"0002"}],"妻ケ丘町":[{"zip":"8850033","zip1":"885","zip2":"0033"}],"天神町":[{"zip":"8850031","zip1":"885","zip2":"0031"}],"年見町":[{"zip":"8850017","zip1":"885","zip2":"0017"}],"都北町":[{"zip":"8850004","zip1":"885","zip2":"0004"}],"豊満町":[{"zip":"8850043","zip1":"885","zip2":"0043"}],"中原町":[{"zip":"8850032","zip1":"885","zip2":"0032"}],"中町":[{"zip":"8850071","zip1":"885","zip2":"0071"}],"夏尾町":[{"zip":"8850225","zip1":"885","zip2":"0225"}],"西町":[{"zip":"8850076","zip1":"885","zip2":"0076"}],"野々美谷町":[{"zip":"8851104","zip1":"885","zip2":"1104"}],"八幡町":[{"zip":"8850075","zip1":"885","zip2":"0075"}],"花繰町":[{"zip":"8850037","zip1":"885","zip2":"0037"}],"早鈴町":[{"zip":"8850055","zip1":"885","zip2":"0055"}],"早水町":[{"zip":"8850016","zip1":"885","zip2":"0016"}],"東町":[{"zip":"8850052","zip1":"885","zip2":"0052"}],"姫城町":[{"zip":"8850073","zip1":"885","zip2":"0073"}],"平江町":[{"zip":"8850021","zip1":"885","zip2":"0021"}],"平塚町":[{"zip":"8850085","zip1":"885","zip2":"0085"}],"広原町":[{"zip":"8850036","zip1":"885","zip2":"0036"}],"前田町":[{"zip":"8850025","zip1":"885","zip2":"0025"}],"松元町":[{"zip":"8850077","zip1":"885","zip2":"0077"}],"丸谷町":[{"zip":"8851105","zip1":"885","zip2":"1105"}],"御池町":[{"zip":"8850224","zip1":"885","zip2":"0224"}],"美川町":[{"zip":"8850222","zip1":"885","zip2":"0222"}],"南鷹尾町":[{"zip":"8850082","zip1":"885","zip2":"0082"}],"南横市町":[{"zip":"8850092","zip1":"885","zip2":"0092"}],"蓑原町":[{"zip":"8850095","zip1":"885","zip2":"0095"}],"都島町":[{"zip":"8850083","zip1":"885","zip2":"0083"}],"都原町":[{"zip":"8850094","zip1":"885","zip2":"0094"}],"宮丸町":[{"zip":"8850078","zip1":"885","zip2":"0078"}],"牟田町":[{"zip":"8850079","zip1":"885","zip2":"0079"}],"安久町":[{"zip":"8850044","zip1":"885","zip2":"0044"}],"山田町中霧島":[{"zip":"8894602","zip1":"889","zip2":"4602"}],"山田町山田":[{"zip":"8894601","zip1":"889","zip2":"4601"}],"山之口町富吉":[{"zip":"8891801","zip1":"889","zip2":"1801"}],"山之口町花木":[{"zip":"8891802","zip1":"889","zip2":"1802"}],"山之口町山之口（上平野、仲田）":[{"zip":"8802303","zip1":"880","zip2":"2303"}],"山之口町山之口（その他）":[{"zip":"8891803","zip1":"889","zip2":"1803"}],"横市町":[{"zip":"8850091","zip1":"885","zip2":"0091"}],"吉尾町":[{"zip":"8850006","zip1":"885","zip2":"0006"}],"吉之元町":[{"zip":"8850223","zip1":"885","zip2":"0223"}],"若葉町":[{"zip":"8850054","zip1":"885","zip2":"0054"}]},"延岡市":{"以下に掲載がない場合":[{"zip":"8820000","zip1":"882","zip2":"0000"}],"赤水町":[{"zip":"8890517","zip1":"889","zip2":"0517"}],"安賀多町":[{"zip":"8820845","zip1":"882","zip2":"0845"}],"旭ケ丘":[{"zip":"8890507","zip1":"889","zip2":"0507"}],"旭町":[{"zip":"8820847","zip1":"882","zip2":"0847"}],"愛宕町":[{"zip":"8820872","zip1":"882","zip2":"0872"}],"愛宕山":[{"zip":"8820871","zip1":"882","zip2":"0871"}],"天下町":[{"zip":"8820071","zip1":"882","zip2":"0071"}],"粟野名町":[{"zip":"8820025","zip1":"882","zip2":"0025"}],"伊形町":[{"zip":"8890503","zip1":"889","zip2":"0503"}],"石田町":[{"zip":"8890501","zip1":"889","zip2":"0501"}],"出口町":[{"zip":"8820831","zip1":"882","zip2":"0831"}],"出北":[{"zip":"8820856","zip1":"882","zip2":"0856"}],"稲葉崎町":[{"zip":"8820003","zip1":"882","zip2":"0003"}],"浦城町":[{"zip":"8820095","zip1":"882","zip2":"0095"}],"宇和田町":[{"zip":"8820084","zip1":"882","zip2":"0084"}],"恵比須町":[{"zip":"8820046","zip1":"882","zip2":"0046"}],"追内町":[{"zip":"8820013","zip1":"882","zip2":"0013"}],"大峡町":[{"zip":"8820001","zip1":"882","zip2":"0001"}],"大門町":[{"zip":"8820027","zip1":"882","zip2":"0027"}],"大瀬町":[{"zip":"8820841","zip1":"882","zip2":"0841"}],"大武町":[{"zip":"8820024","zip1":"882","zip2":"0024"}],"大貫町":[{"zip":"8820803","zip1":"882","zip2":"0803"}],"大野町":[{"zip":"8820086","zip1":"882","zip2":"0086"}],"岡富町":[{"zip":"8820056","zip1":"882","zip2":"0056"}],"岡富山":[{"zip":"8820057","zip1":"882","zip2":"0057"}],"岡元町":[{"zip":"8820075","zip1":"882","zip2":"0075"}],"沖田町":[{"zip":"8820876","zip1":"882","zip2":"0876"}],"尾崎町":[{"zip":"8820006","zip1":"882","zip2":"0006"}],"卸本町":[{"zip":"8820855","zip1":"882","zip2":"0855"}],"貝の畑町":[{"zip":"8820073","zip1":"882","zip2":"0073"}],"鹿狩瀬町":[{"zip":"8820085","zip1":"882","zip2":"0085"}],"樫山町":[{"zip":"8820004","zip1":"882","zip2":"0004"}],"鹿小路":[{"zip":"8820012","zip1":"882","zip2":"0012"}],"春日町":[{"zip":"8820844","zip1":"882","zip2":"0844"}],"片田町":[{"zip":"8820877","zip1":"882","zip2":"0877"}],"構口町":[{"zip":"8820867","zip1":"882","zip2":"0867"}],"上伊形町":[{"zip":"8890502","zip1":"889","zip2":"0502"}],"上大瀬町":[{"zip":"8820833","zip1":"882","zip2":"0833"}],"上三輪町":[{"zip":"8820885","zip1":"882","zip2":"0885"}],"川島町":[{"zip":"8820017","zip1":"882","zip2":"0017"}],"川原崎町":[{"zip":"8820033","zip1":"882","zip2":"0033"}],"祗園町":[{"zip":"8820043","zip1":"882","zip2":"0043"}],"北浦町市振":[{"zip":"8890302","zip1":"889","zip2":"0302"}],"北浦町古江":[{"zip":"8890301","zip1":"889","zip2":"0301"}],"北浦町三川内":[{"zip":"8890304","zip1":"889","zip2":"0304"}],"北浦町宮野浦":[{"zip":"8890303","zip1":"889","zip2":"0303"}],"北方町板上":[{"zip":"8820121","zip1":"882","zip2":"0121"}],"北方町板下":[{"zip":"8820122","zip1":"882","zip2":"0122"}],"北方町うそ越":[{"zip":"8820123","zip1":"882","zip2":"0123"}],"北方町笠下":[{"zip":"8820106","zip1":"882","zip2":"0106"}],"北方町上崎":[{"zip":"8820126","zip1":"882","zip2":"0126"}],"北方町上鹿川":[{"zip":"8820231","zip1":"882","zip2":"0231"}],"北方町川水流":[{"zip":"8820125","zip1":"882","zip2":"0125"}],"北方町北久保山":[{"zip":"8820129","zip1":"882","zip2":"0129"}],"北方町蔵田":[{"zip":"8820127","zip1":"882","zip2":"0127"}],"北方町三ケ村":[{"zip":"8820241","zip1":"882","zip2":"0241"}],"北方町椎畑":[{"zip":"8820237","zip1":"882","zip2":"0237"}],"北方町下鹿川":[{"zip":"8820232","zip1":"882","zip2":"0232"}],"北方町菅原":[{"zip":"8820233","zip1":"882","zip2":"0233"}],"北方町曽木":[{"zip":"8820124","zip1":"882","zip2":"0124"}],"北方町滝下":[{"zip":"8820238","zip1":"882","zip2":"0238"}],"北方町角田":[{"zip":"8820104","zip1":"882","zip2":"0104"}],"北方町早上":[{"zip":"8820245","zip1":"882","zip2":"0245"}],"北方町早中":[{"zip":"8820244","zip1":"882","zip2":"0244"}],"北方町早日渡":[{"zip":"8820243","zip1":"882","zip2":"0243"}],"北方町日平":[{"zip":"8820236","zip1":"882","zip2":"0236"}],"北方町藤の木":[{"zip":"8820107","zip1":"882","zip2":"0107"}],"北方町二股":[{"zip":"8820101","zip1":"882","zip2":"0101"}],"北方町槇峰":[{"zip":"8820235","zip1":"882","zip2":"0235"}],"北方町南久保山":[{"zip":"8820128","zip1":"882","zip2":"0128"}],"北方町美々地":[{"zip":"8820234","zip1":"882","zip2":"0234"}],"北方町八峡":[{"zip":"8820242","zip1":"882","zip2":"0242"}],"北川町川内名（祝子川）":[{"zip":"8820097","zip1":"882","zip2":"0097"}],"北川町川内名（その他）":[{"zip":"8890101","zip1":"889","zip2":"0101"}],"北川町長井":[{"zip":"8890102","zip1":"889","zip2":"0102"}],"北小路":[{"zip":"8820041","zip1":"882","zip2":"0041"}],"北新小路":[{"zip":"8820834","zip1":"882","zip2":"0834"}],"北一ケ岡":[{"zip":"8890505","zip1":"889","zip2":"0505"}],"北町":[{"zip":"8820814","zip1":"882","zip2":"0814"}],"共栄町":[{"zip":"8820873","zip1":"882","zip2":"0873"}],"櫛津町":[{"zip":"8890514","zip1":"889","zip2":"0514"}],"熊野江町":[{"zip":"8890322","zip1":"889","zip2":"0322"}],"桑平町":[{"zip":"8820091","zip1":"882","zip2":"0091"}],"神戸町":[{"zip":"8820093","zip1":"882","zip2":"0093"}],"小川町":[{"zip":"8820076","zip1":"882","zip2":"0076"}],"小野町":[{"zip":"8820882","zip1":"882","zip2":"0882"}],"小峰町":[{"zip":"8820061","zip1":"882","zip2":"0061"}],"紺屋町":[{"zip":"8820047","zip1":"882","zip2":"0047"}],"西小路":[{"zip":"8820832","zip1":"882","zip2":"0832"}],"幸町":[{"zip":"8820053","zip1":"882","zip2":"0053"}],"栄町":[{"zip":"8820054","zip1":"882","zip2":"0054"}],"桜ケ丘":[{"zip":"8820007","zip1":"882","zip2":"0007"}],"桜小路":[{"zip":"8820816","zip1":"882","zip2":"0816"}],"桜園町":[{"zip":"8820036","zip1":"882","zip2":"0036"}],"差木野町":[{"zip":"8820002","zip1":"882","zip2":"0002"}],"佐野町":[{"zip":"8820081","zip1":"882","zip2":"0081"}],"塩浜町":[{"zip":"8820864","zip1":"882","zip2":"0864"}],"島浦町":[{"zip":"8820096","zip1":"882","zip2":"0096"}],"下伊形町":[{"zip":"8890504","zip1":"889","zip2":"0504"}],"下三輪町":[{"zip":"8820883","zip1":"882","zip2":"0883"}],"昭和町":[{"zip":"8820034","zip1":"882","zip2":"0034"}],"白石町":[{"zip":"8820014","zip1":"882","zip2":"0014"}],"新小路":[{"zip":"8820835","zip1":"882","zip2":"0835"}],"新浜町":[{"zip":"8890512","zip1":"889","zip2":"0512"}],"新町":[{"zip":"8820827","zip1":"882","zip2":"0827"}],"須佐町":[{"zip":"8820011","zip1":"882","zip2":"0011"}],"須崎町":[{"zip":"8820825","zip1":"882","zip2":"0825"}],"須美江町":[{"zip":"8890321","zip1":"889","zip2":"0321"}],"瀬之口町":[{"zip":"8820045","zip1":"882","zip2":"0045"}],"惣領町":[{"zip":"8820857","zip1":"882","zip2":"0857"}],"鯛名町":[{"zip":"8890516","zip1":"889","zip2":"0516"}],"高千穂通":[{"zip":"8820042","zip1":"882","zip2":"0042"}],"高野町":[{"zip":"8820064","zip1":"882","zip2":"0064"}],"伊達町":[{"zip":"8820874","zip1":"882","zip2":"0874"}],"中央通":[{"zip":"8820824","zip1":"882","zip2":"0824"}],"恒富町":[{"zip":"8820836","zip1":"882","zip2":"0836"}],"鶴ケ丘":[{"zip":"8820865","zip1":"882","zip2":"0865"}],"天神小路":[{"zip":"8820811","zip1":"882","zip2":"0811"}],"東海町":[{"zip":"8820016","zip1":"882","zip2":"0016"}],"土々呂町":[{"zip":"8890513","zip1":"889","zip2":"0513"}],"富美山町":[{"zip":"8820051","zip1":"882","zip2":"0051"}],"中川原町":[{"zip":"8820031","zip1":"882","zip2":"0031"}],"中島町":[{"zip":"8820846","zip1":"882","zip2":"0846"}],"中の瀬町":[{"zip":"8820032","zip1":"882","zip2":"0032"}],"中町":[{"zip":"8820823","zip1":"882","zip2":"0823"}],"中三輪町":[{"zip":"8820884","zip1":"882","zip2":"0884"}],"永池町":[{"zip":"8820843","zip1":"882","zip2":"0843"}],"長浜町":[{"zip":"8820854","zip1":"882","zip2":"0854"}],"夏田町":[{"zip":"8820005","zip1":"882","zip2":"0005"}],"西階町":[{"zip":"8820804","zip1":"882","zip2":"0804"}],"野地町":[{"zip":"8820802","zip1":"882","zip2":"0802"}],"野田":[{"zip":"8820805","zip1":"882","zip2":"0805"}],"野田町":[{"zip":"8820801","zip1":"882","zip2":"0801"}],"萩町":[{"zip":"8820052","zip1":"882","zip2":"0052"}],"博労町":[{"zip":"8820044","zip1":"882","zip2":"0044"}],"浜砂":[{"zip":"8820851","zip1":"882","zip2":"0851"}],"浜町":[{"zip":"8820862","zip1":"882","zip2":"0862"}],"東浜砂町":[{"zip":"8820852","zip1":"882","zip2":"0852"}],"東本小路":[{"zip":"8820813","zip1":"882","zip2":"0813"}],"日の出町":[{"zip":"8820035","zip1":"882","zip2":"0035"}],"別府町":[{"zip":"8820861","zip1":"882","zip2":"0861"}],"平田町":[{"zip":"8820065","zip1":"882","zip2":"0065"}],"平原町":[{"zip":"8820866","zip1":"882","zip2":"0866"}],"二ツ島町":[{"zip":"8820022","zip1":"882","zip2":"0022"}],"船倉町":[{"zip":"8820826","zip1":"882","zip2":"0826"}],"古川町":[{"zip":"8820063","zip1":"882","zip2":"0063"}],"古城町":[{"zip":"8820837","zip1":"882","zip2":"0837"}],"方財町":[{"zip":"8820853","zip1":"882","zip2":"0853"}],"祝子町":[{"zip":"8820082","zip1":"882","zip2":"0082"}],"細見町":[{"zip":"8820074","zip1":"882","zip2":"0074"}],"本小路":[{"zip":"8820812","zip1":"882","zip2":"0812"}],"本町":[{"zip":"8820821","zip1":"882","zip2":"0821"}],"舞野町":[{"zip":"8820066","zip1":"882","zip2":"0066"}],"牧町":[{"zip":"8820023","zip1":"882","zip2":"0023"}],"松原町":[{"zip":"8890511","zip1":"889","zip2":"0511"}],"松山町":[{"zip":"8820062","zip1":"882","zip2":"0062"}],"三須町":[{"zip":"8820881","zip1":"882","zip2":"0881"}],"水尻町":[{"zip":"8820015","zip1":"882","zip2":"0015"}],"三ツ瀬町":[{"zip":"8820842","zip1":"882","zip2":"0842"}],"緑ケ丘":[{"zip":"8820863","zip1":"882","zip2":"0863"}],"南一ケ岡":[{"zip":"8890506","zip1":"889","zip2":"0506"}],"南町":[{"zip":"8820822","zip1":"882","zip2":"0822"}],"宮長町":[{"zip":"8820092","zip1":"882","zip2":"0092"}],"妙見町":[{"zip":"8890515","zip1":"889","zip2":"0515"}],"妙町":[{"zip":"8820087","zip1":"882","zip2":"0087"}],"行縢町":[{"zip":"8820077","zip1":"882","zip2":"0077"}],"無鹿町":[{"zip":"8820021","zip1":"882","zip2":"0021"}],"安井町":[{"zip":"8820094","zip1":"882","zip2":"0094"}],"柳沢町":[{"zip":"8820815","zip1":"882","zip2":"0815"}],"山下町":[{"zip":"8820055","zip1":"882","zip2":"0055"}],"山月町":[{"zip":"8820037","zip1":"882","zip2":"0037"}],"柚木町":[{"zip":"8820083","zip1":"882","zip2":"0083"}],"柚の木田町":[{"zip":"8820026","zip1":"882","zip2":"0026"}],"吉野町":[{"zip":"8820072","zip1":"882","zip2":"0072"}],"若葉町":[{"zip":"8820875","zip1":"882","zip2":"0875"}]},"日南市":{"以下に掲載がない場合":[{"zip":"8870000","zip1":"887","zip2":"0000"}],"吾田東（１～４丁目）":[{"zip":"8870041","zip1":"887","zip2":"0041"}],"吾田東（５～１１丁目）":[{"zip":"8892541","zip1":"889","zip2":"2541"}],"吾田西":[{"zip":"8892536","zip1":"889","zip2":"2536"}],"油津":[{"zip":"8870001","zip1":"887","zip2":"0001"}],"板敷":[{"zip":"8892532","zip1":"889","zip2":"2532"}],"伊比井":[{"zip":"8870111","zip1":"887","zip2":"0111"}],"今町":[{"zip":"8892525","zip1":"889","zip2":"2525"}],"岩崎":[{"zip":"8870014","zip1":"887","zip2":"0014"}],"梅ケ浜":[{"zip":"8870017","zip1":"887","zip2":"0017"}],"大窪":[{"zip":"8893156","zip1":"889","zip2":"3156"}],"大堂津":[{"zip":"8893141","zip1":"889","zip2":"3141"}],"乙姫町":[{"zip":"8870007","zip1":"887","zip2":"0007"}],"飫肥":[{"zip":"8892535","zip1":"889","zip2":"2535"}],"春日町":[{"zip":"8870006","zip1":"887","zip2":"0006"}],"風田":[{"zip":"8870034","zip1":"887","zip2":"0034"}],"上方":[{"zip":"8893151","zip1":"889","zip2":"3151"}],"上平野町":[{"zip":"8870022","zip1":"887","zip2":"0022"}],"北郷町大藤":[{"zip":"8892401","zip1":"889","zip2":"2401"}],"北郷町北河内":[{"zip":"8892403","zip1":"889","zip2":"2403"}],"北郷町郷之原":[{"zip":"8892402","zip1":"889","zip2":"2402"}],"木山":[{"zip":"8870013","zip1":"887","zip2":"0013"}],"楠原":[{"zip":"8892514","zip1":"889","zip2":"2514"}],"隈谷":[{"zip":"8870023","zip1":"887","zip2":"0023"}],"毛吉田":[{"zip":"8893152","zip1":"889","zip2":"3152"}],"材木町":[{"zip":"8870005","zip1":"887","zip2":"0005"}],"酒谷甲":[{"zip":"8892512","zip1":"889","zip2":"2512"}],"酒谷乙":[{"zip":"8892511","zip1":"889","zip2":"2511"}],"塩鶴":[{"zip":"8893142","zip1":"889","zip2":"3142"}],"下方":[{"zip":"8893143","zip1":"889","zip2":"3143"}],"瀬貝":[{"zip":"8870011","zip1":"887","zip2":"0011"}],"瀬西":[{"zip":"8870003","zip1":"887","zip2":"0003"}],"園田":[{"zip":"8870012","zip1":"887","zip2":"0012"}],"中央通":[{"zip":"8870021","zip1":"887","zip2":"0021"}],"塚田甲":[{"zip":"8893154","zip1":"889","zip2":"3154"}],"塚田乙":[{"zip":"8893155","zip1":"889","zip2":"3155"}],"天福":[{"zip":"8870004","zip1":"887","zip2":"0004"}],"時任町":[{"zip":"8892534","zip1":"889","zip2":"2534"}],"戸高":[{"zip":"8870031","zip1":"887","zip2":"0031"}],"殿所":[{"zip":"8892524","zip1":"889","zip2":"2524"}],"中平野":[{"zip":"8870016","zip1":"887","zip2":"0016"}],"南郷町潟上":[{"zip":"8893213","zip1":"889","zip2":"3213"}],"南郷町谷之口":[{"zip":"8893203","zip1":"889","zip2":"3203"}],"南郷町津屋野":[{"zip":"8893201","zip1":"889","zip2":"3201"}],"南郷町中村甲":[{"zip":"8893202","zip1":"889","zip2":"3202"}],"南郷町中村乙":[{"zip":"8893204","zip1":"889","zip2":"3204"}],"南郷町贄波":[{"zip":"8893211","zip1":"889","zip2":"3211"}],"南郷町西町":[{"zip":"8893205","zip1":"889","zip2":"3205"}],"南郷町東町":[{"zip":"8893207","zip1":"889","zip2":"3207"}],"南郷町南町":[{"zip":"8893206","zip1":"889","zip2":"3206"}],"南郷町榎原":[{"zip":"8893214","zip1":"889","zip2":"3214"}],"南郷町榎原甲":[{"zip":"8893215","zip1":"889","zip2":"3215"}],"南郷町榎原乙":[{"zip":"8893216","zip1":"889","zip2":"3216"}],"南郷町榎原丙":[{"zip":"8893217","zip1":"889","zip2":"3217"}],"南郷町脇本":[{"zip":"8893212","zip1":"889","zip2":"3212"}],"西弁分":[{"zip":"8870024","zip1":"887","zip2":"0024"}],"西町":[{"zip":"8870002","zip1":"887","zip2":"0002"}],"萩之嶺":[{"zip":"8893153","zip1":"889","zip2":"3153"}],"東弁分乙":[{"zip":"8892521","zip1":"889","zip2":"2521"}],"東弁分甲":[{"zip":"8892522","zip1":"889","zip2":"2522"}],"平野":[{"zip":"8870015","zip1":"887","zip2":"0015"}],"平山":[{"zip":"8870033","zip1":"887","zip2":"0033"}],"富土":[{"zip":"8870102","zip1":"887","zip2":"0102"}],"星倉":[{"zip":"8892533","zip1":"889","zip2":"2533"}],"本町":[{"zip":"8892531","zip1":"889","zip2":"2531"}],"益安":[{"zip":"8870032","zip1":"887","zip2":"0032"}],"松永":[{"zip":"8892523","zip1":"889","zip2":"2523"}],"宮浦":[{"zip":"8870101","zip1":"887","zip2":"0101"}],"吉野方":[{"zip":"8892513","zip1":"889","zip2":"2513"}]},"小林市":{"以下に掲載がない場合":[{"zip":"8860000","zip1":"886","zip2":"0000"}],"駅南":[{"zip":"8860009","zip1":"886","zip2":"0009"}],"北西方":[{"zip":"8860006","zip1":"886","zip2":"0006"}],"須木内山":[{"zip":"8860115","zip1":"886","zip2":"0115"}],"須木下田":[{"zip":"8860112","zip1":"886","zip2":"0112"}],"須木鳥田町":[{"zip":"8860113","zip1":"886","zip2":"0113"}],"須木中原":[{"zip":"8860111","zip1":"886","zip2":"0111"}],"須木奈佐木":[{"zip":"8860114","zip1":"886","zip2":"0114"}],"堤":[{"zip":"8860003","zip1":"886","zip2":"0003"}],"水流迫":[{"zip":"8860002","zip1":"886","zip2":"0002"}],"野尻町紙屋":[{"zip":"8860211","zip1":"886","zip2":"0211"}],"野尻町東麓":[{"zip":"8860212","zip1":"886","zip2":"0212"}],"野尻町三ケ野山":[{"zip":"8860213","zip1":"886","zip2":"0213"}],"東方（５７４１、５８７１番地）":[{"zip":"8860101","zip1":"886","zip2":"0101"}],"東方（その他）":[{"zip":"8860001","zip1":"886","zip2":"0001"}],"細野":[{"zip":"8860004","zip1":"886","zip2":"0004"}],"本町":[{"zip":"8860008","zip1":"886","zip2":"0008"}],"真方":[{"zip":"8860007","zip1":"886","zip2":"0007"}],"南西方":[{"zip":"8860005","zip1":"886","zip2":"0005"}]},"日向市":{"以下に掲載がない場合":[{"zip":"8830000","zip1":"883","zip2":"0000"}],"伊勢ケ浜":[{"zip":"8830003","zip1":"883","zip2":"0003"}],"上町":[{"zip":"8830044","zip1":"883","zip2":"0044"}],"江良町":[{"zip":"8830012","zip1":"883","zip2":"0012"}],"梶木町":[{"zip":"8830053","zip1":"883","zip2":"0053"}],"亀崎":[{"zip":"8830066","zip1":"883","zip2":"0066"}],"亀崎西":[{"zip":"8830068","zip1":"883","zip2":"0068"}],"亀崎東":[{"zip":"8830067","zip1":"883","zip2":"0067"}],"北町":[{"zip":"8830041","zip1":"883","zip2":"0041"}],"迎洋園":[{"zip":"8830038","zip1":"883","zip2":"0038"}],"財光寺":[{"zip":"8830021","zip1":"883","zip2":"0021"}],"財光寺往還町":[{"zip":"8830024","zip1":"883","zip2":"0024"}],"財光寺沖町":[{"zip":"8830023","zip1":"883","zip2":"0023"}],"幸脇":[{"zip":"8891112","zip1":"889","zip2":"1112"}],"塩見":[{"zip":"8830033","zip1":"883","zip2":"0033"}],"新生町":[{"zip":"8830013","zip1":"883","zip2":"0013"}],"曽根町":[{"zip":"8830011","zip1":"883","zip2":"0011"}],"大王町":[{"zip":"8830061","zip1":"883","zip2":"0061"}],"高砂町":[{"zip":"8830042","zip1":"883","zip2":"0042"}],"竹島町":[{"zip":"8830063","zip1":"883","zip2":"0063"}],"鶴町":[{"zip":"8830052","zip1":"883","zip2":"0052"}],"東郷町迫野内":[{"zip":"8830111","zip1":"883","zip2":"0111"}],"東郷町下三ケ":[{"zip":"8830213","zip1":"883","zip2":"0213"}],"東郷町坪谷":[{"zip":"8830211","zip1":"883","zip2":"0211"}],"東郷町八重原":[{"zip":"8830108","zip1":"883","zip2":"0108"}],"東郷町山陰":[{"zip":"8830109","zip1":"883","zip2":"0109"}],"東郷町山陰乙（鳥川）":[{"zip":"8891101","zip1":"889","zip2":"1101"}],"東郷町山陰乙（その他）":[{"zip":"8830101","zip1":"883","zip2":"0101"}],"東郷町山陰己":[{"zip":"8830105","zip1":"883","zip2":"0105"}],"東郷町山陰甲":[{"zip":"8891121","zip1":"889","zip2":"1121"}],"東郷町山陰庚":[{"zip":"8830107","zip1":"883","zip2":"0107"}],"東郷町山陰辛":[{"zip":"8830106","zip1":"883","zip2":"0106"}],"東郷町山陰丁":[{"zip":"8830103","zip1":"883","zip2":"0103"}],"東郷町山陰丙":[{"zip":"8830102","zip1":"883","zip2":"0102"}],"東郷町山陰戊（５１３の１以内）":[{"zip":"8830104","zip1":"883","zip2":"0104"}],"東郷町山陰戊（その他）":[{"zip":"8830212","zip1":"883","zip2":"0212"}],"富高":[{"zip":"8830034","zip1":"883","zip2":"0034"}],"中堀町":[{"zip":"8830005","zip1":"883","zip2":"0005"}],"中町":[{"zip":"8830046","zip1":"883","zip2":"0046"}],"永江町":[{"zip":"8830015","zip1":"883","zip2":"0015"}],"浜町":[{"zip":"8830004","zip1":"883","zip2":"0004"}],"原町":[{"zip":"8830014","zip1":"883","zip2":"0014"}],"春原町":[{"zip":"8830035","zip1":"883","zip2":"0035"}],"日知屋":[{"zip":"8830062","zip1":"883","zip2":"0062"}],"日知屋古田町":[{"zip":"8830064","zip1":"883","zip2":"0064"}],"平岩":[{"zip":"8830022","zip1":"883","zip2":"0022"}],"比良町":[{"zip":"8830031","zip1":"883","zip2":"0031"}],"平野町":[{"zip":"8830002","zip1":"883","zip2":"0002"}],"不動寺":[{"zip":"8830037","zip1":"883","zip2":"0037"}],"船場町":[{"zip":"8830065","zip1":"883","zip2":"0065"}],"細島":[{"zip":"8830001","zip1":"883","zip2":"0001"}],"本町":[{"zip":"8830045","zip1":"883","zip2":"0045"}],"南町":[{"zip":"8830036","zip1":"883","zip2":"0036"}],"美々津町":[{"zip":"8891111","zip1":"889","zip2":"1111"}],"都町":[{"zip":"8830043","zip1":"883","zip2":"0043"}],"向江町":[{"zip":"8830051","zip1":"883","zip2":"0051"}],"山下町":[{"zip":"8830032","zip1":"883","zip2":"0032"}],"山手町":[{"zip":"8830006","zip1":"883","zip2":"0006"}]},"串間市":{"以下に掲載がない場合":[{"zip":"8880000","zip1":"888","zip2":"0000"}],"秋山":[{"zip":"8880006","zip1":"888","zip2":"0006"}],"一氏":[{"zip":"8893533","zip1":"889","zip2":"3533"}],"市木":[{"zip":"8893311","zip1":"889","zip2":"3311"}],"大納":[{"zip":"8880221","zip1":"888","zip2":"0221"}],"大平":[{"zip":"8893532","zip1":"889","zip2":"3532"}],"大矢取":[{"zip":"8893534","zip1":"889","zip2":"3534"}],"北方":[{"zip":"8880005","zip1":"888","zip2":"0005"}],"串間":[{"zip":"8880004","zip1":"888","zip2":"0004"}],"崎田":[{"zip":"8880009","zip1":"888","zip2":"0009"}],"高松":[{"zip":"8880002","zip1":"888","zip2":"0002"}],"寺里":[{"zip":"8880011","zip1":"888","zip2":"0011"}],"都井":[{"zip":"8880222","zip1":"888","zip2":"0222"}],"奈留":[{"zip":"8893531","zip1":"889","zip2":"3531"}],"西方":[{"zip":"8880001","zip1":"888","zip2":"0001"}],"西浜":[{"zip":"8880012","zip1":"888","zip2":"0012"}],"奴久見":[{"zip":"8880003","zip1":"888","zip2":"0003"}],"東町":[{"zip":"8880013","zip1":"888","zip2":"0013"}],"本城":[{"zip":"8880008","zip1":"888","zip2":"0008"}],"南方":[{"zip":"8880007","zip1":"888","zip2":"0007"}]},"西都市":{"以下に掲載がない場合":[{"zip":"8810000","zip1":"881","zip2":"0000"}],"旭":[{"zip":"8810031","zip1":"881","zip2":"0031"}],"荒武":[{"zip":"8810111","zip1":"881","zip2":"0111"}],"有吉町":[{"zip":"8810011","zip1":"881","zip2":"0011"}],"岩爪":[{"zip":"8810106","zip1":"881","zip2":"0106"}],"岡富":[{"zip":"8810001","zip1":"881","zip2":"0001"}],"小野崎":[{"zip":"8810012","zip1":"881","zip2":"0012"}],"小野崎町":[{"zip":"8810013","zip1":"881","zip2":"0013"}],"尾八重":[{"zip":"8811121","zip1":"881","zip2":"1121"}],"加勢":[{"zip":"8810103","zip1":"881","zip2":"0103"}],"片内":[{"zip":"8811122","zip1":"881","zip2":"1122"}],"鹿野田":[{"zip":"8810104","zip1":"881","zip2":"0104"}],"上揚":[{"zip":"8811231","zip1":"881","zip2":"1231"}],"上三財":[{"zip":"8810115","zip1":"881","zip2":"0115"}],"上町":[{"zip":"8810021","zip1":"881","zip2":"0021"}],"清水":[{"zip":"8810004","zip1":"881","zip2":"0004"}],"黒生野":[{"zip":"8810002","zip1":"881","zip2":"0002"}],"現王島":[{"zip":"8800341","zip1":"880","zip2":"0341"}],"桜川町":[{"zip":"8810022","zip1":"881","zip2":"0022"}],"寒川":[{"zip":"8810116","zip1":"881","zip2":"0116"}],"下三財":[{"zip":"8810113","zip1":"881","zip2":"0113"}],"下妻":[{"zip":"8810014","zip1":"881","zip2":"0014"}],"白馬町":[{"zip":"8810032","zip1":"881","zip2":"0032"}],"銀鏡":[{"zip":"8811232","zip1":"881","zip2":"1232"}],"新町":[{"zip":"8810006","zip1":"881","zip2":"0006"}],"聖陵町":[{"zip":"8810015","zip1":"881","zip2":"0015"}],"茶臼原":[{"zip":"8810037","zip1":"881","zip2":"0037"}],"中央町":[{"zip":"8810035","zip1":"881","zip2":"0035"}],"調殿":[{"zip":"8810023","zip1":"881","zip2":"0023"}],"妻":[{"zip":"8810033","zip1":"881","zip2":"0033"}],"妻町":[{"zip":"8810034","zip1":"881","zip2":"0034"}],"水流崎町":[{"zip":"8810036","zip1":"881","zip2":"0036"}],"童子丸":[{"zip":"8810025","zip1":"881","zip2":"0025"}],"藤田":[{"zip":"8810114","zip1":"881","zip2":"0114"}],"都於郡町":[{"zip":"8810105","zip1":"881","zip2":"0105"}],"中尾":[{"zip":"8811123","zip1":"881","zip2":"1123"}],"中妻":[{"zip":"8810024","zip1":"881","zip2":"0024"}],"八重":[{"zip":"8811233","zip1":"881","zip2":"1233"}],"平郡":[{"zip":"8810102","zip1":"881","zip2":"0102"}],"穂北":[{"zip":"8810026","zip1":"881","zip2":"0026"}],"右松":[{"zip":"8810003","zip1":"881","zip2":"0003"}],"南方":[{"zip":"8810027","zip1":"881","zip2":"0027"}],"三納":[{"zip":"8810101","zip1":"881","zip2":"0101"}],"御舟町":[{"zip":"8810016","zip1":"881","zip2":"0016"}],"三宅":[{"zip":"8810005","zip1":"881","zip2":"0005"}],"山田":[{"zip":"8810112","zip1":"881","zip2":"0112"}]},"えびの市":{"以下に掲載がない場合":[{"zip":"8894300","zip1":"889","zip2":"4300"}],"池島":[{"zip":"8894303","zip1":"889","zip2":"4303"}],"今西":[{"zip":"8894306","zip1":"889","zip2":"4306"}],"内竪":[{"zip":"8894162","zip1":"889","zip2":"4162"}],"浦":[{"zip":"8894153","zip1":"889","zip2":"4153"}],"上江":[{"zip":"8894304","zip1":"889","zip2":"4304"}],"榎田":[{"zip":"8894243","zip1":"889","zip2":"4243"}],"大河平":[{"zip":"8894314","zip1":"889","zip2":"4314"}],"岡松":[{"zip":"8894161","zip1":"889","zip2":"4161"}],"小田":[{"zip":"8894222","zip1":"889","zip2":"4222"}],"亀沢":[{"zip":"8894155","zip1":"889","zip2":"4155"}],"栗下":[{"zip":"8894221","zip1":"889","zip2":"4221"}],"西郷":[{"zip":"8894241","zip1":"889","zip2":"4241"}],"坂元":[{"zip":"8894312","zip1":"889","zip2":"4312"}],"島内":[{"zip":"8894152","zip1":"889","zip2":"4152"}],"昌明寺":[{"zip":"8894164","zip1":"889","zip2":"4164"}],"末永":[{"zip":"8894302","zip1":"889","zip2":"4302"}],"杉水流":[{"zip":"8894313","zip1":"889","zip2":"4313"}],"大明司":[{"zip":"8894311","zip1":"889","zip2":"4311"}],"水流":[{"zip":"8894163","zip1":"889","zip2":"4163"}],"永山":[{"zip":"8894234","zip1":"889","zip2":"4234"}],"西川北":[{"zip":"8894165","zip1":"889","zip2":"4165"}],"西長江浦":[{"zip":"8894232","zip1":"889","zip2":"4232"}],"灰塚":[{"zip":"8894233","zip1":"889","zip2":"4233"}],"原田":[{"zip":"8894301","zip1":"889","zip2":"4301"}],"東川北":[{"zip":"8894244","zip1":"889","zip2":"4244"}],"東長江浦":[{"zip":"8894231","zip1":"889","zip2":"4231"}],"前田":[{"zip":"8894305","zip1":"889","zip2":"4305"}],"向江":[{"zip":"8894151","zip1":"889","zip2":"4151"}],"柳水流":[{"zip":"8894154","zip1":"889","zip2":"4154"}],"湯田":[{"zip":"8894242","zip1":"889","zip2":"4242"}]},"北諸県郡三股町":{"以下に掲載がない場合":[{"zip":"8891900","zip1":"889","zip2":"1900"}],"今市":[{"zip":"8891905","zip1":"889","zip2":"1905"}],"樺山":[{"zip":"8891901","zip1":"889","zip2":"1901"}],"五本松":[{"zip":"8891902","zip1":"889","zip2":"1902"}],"新馬場":[{"zip":"8891904","zip1":"889","zip2":"1904"}],"蓼池":[{"zip":"8891914","zip1":"889","zip2":"1914"}],"中原":[{"zip":"8891906","zip1":"889","zip2":"1906"}],"長田":[{"zip":"8891911","zip1":"889","zip2":"1911"}],"花見原":[{"zip":"8891907","zip1":"889","zip2":"1907"}],"稗田":[{"zip":"8891903","zip1":"889","zip2":"1903"}],"宮村":[{"zip":"8891912","zip1":"889","zip2":"1912"}],"餅原":[{"zip":"8891913","zip1":"889","zip2":"1913"}]},"西諸県郡高原町":{"以下に掲載がない場合":[{"zip":"8894400","zip1":"889","zip2":"4400"}],"後川内":[{"zip":"8894413","zip1":"889","zip2":"4413"}],"蒲牟田":[{"zip":"8894414","zip1":"889","zip2":"4414"}],"西麓":[{"zip":"8894412","zip1":"889","zip2":"4412"}],"広原":[{"zip":"8894411","zip1":"889","zip2":"4411"}]},"東諸県郡国富町":{"以下に掲載がない場合":[{"zip":"8801100","zip1":"880","zip2":"1100"}],"嵐田":[{"zip":"8801103","zip1":"880","zip2":"1103"}],"伊左生（吹上）":[{"zip":"8801121","zip1":"880","zip2":"1121"}],"伊左生（その他）":[{"zip":"8801221","zip1":"880","zip2":"1221"}],"岩知野":[{"zip":"8801111","zip1":"880","zip2":"1111"}],"木脇":[{"zip":"8801113","zip1":"880","zip2":"1113"}],"三名":[{"zip":"8801114","zip1":"880","zip2":"1114"}],"須志田":[{"zip":"8801108","zip1":"880","zip2":"1108"}],"竹田":[{"zip":"8801107","zip1":"880","zip2":"1107"}],"田尻":[{"zip":"8801104","zip1":"880","zip2":"1104"}],"塚原":[{"zip":"8801112","zip1":"880","zip2":"1112"}],"深年":[{"zip":"8801224","zip1":"880","zip2":"1224"}],"本庄":[{"zip":"8801101","zip1":"880","zip2":"1101"}],"宮王丸":[{"zip":"8801102","zip1":"880","zip2":"1102"}],"向高":[{"zip":"8801105","zip1":"880","zip2":"1105"}],"森永":[{"zip":"8801106","zip1":"880","zip2":"1106"}],"八代北俣":[{"zip":"8801222","zip1":"880","zip2":"1222"}],"八代南俣":[{"zip":"8801223","zip1":"880","zip2":"1223"}]},"東諸県郡綾町":{"以下に掲載がない場合":[{"zip":"8801300","zip1":"880","zip2":"1300"}],"入野":[{"zip":"8801301","zip1":"880","zip2":"1301"}],"北俣":[{"zip":"8801302","zip1":"880","zip2":"1302"}],"南俣":[{"zip":"8801303","zip1":"880","zip2":"1303"}]},"児湯郡高鍋町":{"以下に掲載がない場合":[{"zip":"8840000","zip1":"884","zip2":"0000"}],"上江":[{"zip":"8840006","zip1":"884","zip2":"0006"}],"蚊口浦":[{"zip":"8840004","zip1":"884","zip2":"0004"}],"北高鍋":[{"zip":"8840002","zip1":"884","zip2":"0002"}],"高鍋町":[{"zip":"8840001","zip1":"884","zip2":"0001"}],"南高鍋":[{"zip":"8840003","zip1":"884","zip2":"0003"}],"持田":[{"zip":"8840005","zip1":"884","zip2":"0005"}]},"児湯郡新富町":{"以下に掲載がない場合":[{"zip":"8891400","zip1":"889","zip2":"1400"}],"伊倉":[{"zip":"8891405","zip1":"889","zip2":"1405"}],"上富田":[{"zip":"8891403","zip1":"889","zip2":"1403"}],"下富田":[{"zip":"8891404","zip1":"889","zip2":"1404"}],"富田":[{"zip":"8891411","zip1":"889","zip2":"1411"}],"富田北":[{"zip":"8891415","zip1":"889","zip2":"1415"}],"富田東":[{"zip":"8891412","zip1":"889","zip2":"1412"}],"富田西":[{"zip":"8891413","zip1":"889","zip2":"1413"}],"富田南":[{"zip":"8891414","zip1":"889","zip2":"1414"}],"新田":[{"zip":"8891406","zip1":"889","zip2":"1406"}],"日置":[{"zip":"8891401","zip1":"889","zip2":"1401"}],"三納代":[{"zip":"8891402","zip1":"889","zip2":"1402"}]},"児湯郡西米良村":{"以下に掲載がない場合":[{"zip":"8811400","zip1":"881","zip2":"1400"}],"板谷":[{"zip":"8811412","zip1":"881","zip2":"1412"}],"小川":[{"zip":"8811302","zip1":"881","zip2":"1302"}],"上米良":[{"zip":"8811413","zip1":"881","zip2":"1413"}],"越野尾":[{"zip":"8811301","zip1":"881","zip2":"1301"}],"竹原":[{"zip":"8811414","zip1":"881","zip2":"1414"}],"村所":[{"zip":"8811411","zip1":"881","zip2":"1411"}],"横野":[{"zip":"8811303","zip1":"881","zip2":"1303"}]},"児湯郡木城町":{"以下に掲載がない場合":[{"zip":"8840100","zip1":"884","zip2":"0100"}],"石河内":[{"zip":"8840104","zip1":"884","zip2":"0104"}],"川原":[{"zip":"8840103","zip1":"884","zip2":"0103"}],"椎木":[{"zip":"8840102","zip1":"884","zip2":"0102"}],"高城":[{"zip":"8840101","zip1":"884","zip2":"0101"}],"中之又":[{"zip":"8840105","zip1":"884","zip2":"0105"}]},"児湯郡川南町":{"以下に掲載がない場合":[{"zip":"8891300","zip1":"889","zip2":"1300"}],"川南":[{"zip":"8891301","zip1":"889","zip2":"1301"}],"平田":[{"zip":"8891302","zip1":"889","zip2":"1302"}]},"児湯郡都農町":{"以下に掲載がない場合":[{"zip":"8891200","zip1":"889","zip2":"1200"}],"川北":[{"zip":"8891201","zip1":"889","zip2":"1201"}]},"東臼杵郡門川町":{"以下に掲載がない場合":[{"zip":"8890600","zip1":"889","zip2":"0600"}],"庵川":[{"zip":"8890602","zip1":"889","zip2":"0602"}],"庵川西":[{"zip":"8890605","zip1":"889","zip2":"0605"}],"加草":[{"zip":"8890603","zip1":"889","zip2":"0603"}],"門川尾末":[{"zip":"8890611","zip1":"889","zip2":"0611"}],"上町":[{"zip":"8890614","zip1":"889","zip2":"0614"}],"川内":[{"zip":"8890604","zip1":"889","zip2":"0604"}],"栄ケ丘":[{"zip":"8890615","zip1":"889","zip2":"0615"}],"城ケ丘":[{"zip":"8890624","zip1":"889","zip2":"0624"}],"須賀崎":[{"zip":"8890601","zip1":"889","zip2":"0601"}],"中須":[{"zip":"8890612","zip1":"889","zip2":"0612"}],"西栄町":[{"zip":"8890622","zip1":"889","zip2":"0622"}],"東栄町":[{"zip":"8890621","zip1":"889","zip2":"0621"}],"平城西":[{"zip":"8890626","zip1":"889","zip2":"0626"}],"平城東":[{"zip":"8890625","zip1":"889","zip2":"0625"}],"本町":[{"zip":"8890613","zip1":"889","zip2":"0613"}],"南ケ丘":[{"zip":"8890617","zip1":"889","zip2":"0617"}],"南町":[{"zip":"8890616","zip1":"889","zip2":"0616"}],"宮ケ原":[{"zip":"8890623","zip1":"889","zip2":"0623"}]},"東臼杵郡諸塚村":{"以下に掲載がない場合":[{"zip":"8831300","zip1":"883","zip2":"1300"}],"家代":[{"zip":"8831301","zip1":"883","zip2":"1301"}],"七ツ山（飯干、小原井、川内、立岩、八重の平、本村）":[{"zip":"8831402","zip1":"883","zip2":"1402"}],"七ツ山（その他）":[{"zip":"8831302","zip1":"883","zip2":"1302"}]},"東臼杵郡椎葉村":{"以下に掲載がない場合":[{"zip":"8831600","zip1":"883","zip2":"1600"}],"大河内（１～１３０２番地）":[{"zip":"8830402","zip1":"883","zip2":"0402"}],"大河内（その他）":[{"zip":"8831602","zip1":"883","zip2":"1602"}],"下福良":[{"zip":"8831601","zip1":"883","zip2":"1601"}],"不土野":[{"zip":"8831603","zip1":"883","zip2":"1603"}],"松尾":[{"zip":"8831604","zip1":"883","zip2":"1604"}]},"東臼杵郡美郷町":{"以下に掲載がない場合":[{"zip":"8831100","zip1":"883","zip2":"1100"}],"北郷宇納間":[{"zip":"8890901","zip1":"889","zip2":"0901"}],"北郷黒木":[{"zip":"8890903","zip1":"889","zip2":"0903"}],"北郷入下":[{"zip":"8890902","zip1":"889","zip2":"0902"}],"西郷小原":[{"zip":"8831212","zip1":"883","zip2":"1212"}],"西郷田代":[{"zip":"8831101","zip1":"883","zip2":"1101"}],"西郷立石":[{"zip":"8831102","zip1":"883","zip2":"1102"}],"西郷山三ヶ":[{"zip":"8831211","zip1":"883","zip2":"1211"}],"南郷上渡川":[{"zip":"8830303","zip1":"883","zip2":"0303"}],"南郷鬼神野":[{"zip":"8830304","zip1":"883","zip2":"0304"}],"南郷中渡川":[{"zip":"8830302","zip1":"883","zip2":"0302"}],"南郷神門":[{"zip":"8830306","zip1":"883","zip2":"0306"}],"南郷水清谷":[{"zip":"8830301","zip1":"883","zip2":"0301"}],"南郷山三ヶ":[{"zip":"8830305","zip1":"883","zip2":"0305"}]},"西臼杵郡高千穂町":{"以下に掲載がない場合":[{"zip":"8821100","zip1":"882","zip2":"1100"}],"岩戸":[{"zip":"8821621","zip1":"882","zip2":"1621"}],"押方":[{"zip":"8821102","zip1":"882","zip2":"1102"}],"上岩戸":[{"zip":"8821622","zip1":"882","zip2":"1622"}],"上野":[{"zip":"8821411","zip1":"882","zip2":"1411"}],"河内":[{"zip":"8821414","zip1":"882","zip2":"1414"}],"五ケ所":[{"zip":"8821415","zip1":"882","zip2":"1415"}],"下野":[{"zip":"8821412","zip1":"882","zip2":"1412"}],"田原":[{"zip":"8821413","zip1":"882","zip2":"1413"}],"三田井":[{"zip":"8821101","zip1":"882","zip2":"1101"}],"向山":[{"zip":"8821103","zip1":"882","zip2":"1103"}]},"西臼杵郡日之影町":{"以下に掲載がない場合":[{"zip":"8820400","zip1":"882","zip2":"0400"}],"岩井川（境野）":[{"zip":"8820302","zip1":"882","zip2":"0302"}],"岩井川（その他）":[{"zip":"8820402","zip1":"882","zip2":"0402"}],"七折（阿下、笠戸、椛木、鹿川、新町、滝ノ内、中川、":[{"zip":"8820301","zip1":"882","zip2":"0301"}],"西ノ内、舟ノ尾、八戸、簗崎）":[{"zip":"8820301","zip1":"882","zip2":"0301"}],"七折（その他）":[{"zip":"8820401","zip1":"882","zip2":"0401"}],"見立":[{"zip":"8820403","zip1":"882","zip2":"0403"}],"分城":[{"zip":"8820304","zip1":"882","zip2":"0304"}]},"西臼杵郡五ヶ瀬町":{"以下に掲載がない場合":[{"zip":"8821200","zip1":"882","zip2":"1200"}],"鞍岡":[{"zip":"8821201","zip1":"882","zip2":"1201"}],"桑野内":[{"zip":"8821202","zip1":"882","zip2":"1202"}],"三ヶ所":[{"zip":"8821203","zip1":"882","zip2":"1203"}]}}