{"0000":[{"pref":"宮城県","city":"仙台市若林区","town":"以下に掲載がない場合"}],"0032":[{"pref":"宮城県","city":"仙台市若林区","town":"荒井"}],"0030":[{"pref":"宮城県","city":"仙台市若林区","town":"荒井東"}],"0039":[{"pref":"宮城県","city":"仙台市若林区","town":"荒井南"}],"0033":[{"pref":"宮城県","city":"仙台市若林区","town":"荒浜"}],"0034":[{"pref":"宮城県","city":"仙台市若林区","town":"荒浜新"}],"0073":[{"pref":"宮城県","city":"仙台市若林区","town":"荒町"}],"0833":[{"pref":"宮城県","city":"仙台市若林区","town":"飯田"}],"0038":[{"pref":"宮城県","city":"仙台市若林区","town":"伊在"}],"0064":[{"pref":"宮城県","city":"仙台市若林区","town":"石垣町"}],"0063":[{"pref":"宮城県","city":"仙台市若林区","town":"石名坂"}],"0022":[{"pref":"宮城県","city":"仙台市若林区","town":"五橋（３丁目）"}],"0828":[{"pref":"宮城県","city":"仙台市若林区","town":"一本杉町"}],"0842":[{"pref":"宮城県","city":"仙台市若林区","town":"井土"}],"0835":[{"pref":"宮城県","city":"仙台市若林区","town":"今泉"}],"0054":[{"pref":"宮城県","city":"仙台市若林区","town":"裏柴田町"}],"0831":[{"pref":"宮城県","city":"仙台市若林区","town":"沖野"}],"0055":[{"pref":"宮城県","city":"仙台市若林区","town":"表柴田町"}],"0015":[{"pref":"宮城県","city":"仙台市若林区","town":"卸町"}],"0002":[{"pref":"宮城県","city":"仙台市若林区","town":"卸町東"}],"0822":[{"pref":"宮城県","city":"仙台市若林区","town":"かすみ町"}],"0035":[{"pref":"宮城県","city":"仙台市若林区","town":"霞目"}],"0037":[{"pref":"宮城県","city":"仙台市若林区","town":"蒲町"}],"0016":[{"pref":"宮城県","city":"仙台市若林区","town":"蒲町東"}],"0838":[{"pref":"宮城県","city":"仙台市若林区","town":"上飯田"}],"0816":[{"pref":"宮城県","city":"仙台市若林区","town":"河原町"}],"0047":[{"pref":"宮城県","city":"仙台市若林区","town":"木ノ下"}],"0044":[{"pref":"宮城県","city":"仙台市若林区","town":"椌木通"}],"0807":[{"pref":"宮城県","city":"仙台市若林区","town":"穀町"}],"0812":[{"pref":"宮城県","city":"仙台市若林区","town":"五十人町"}],"0057":[{"pref":"宮城県","city":"仙台市若林区","town":"三百人町"}],"0841":[{"pref":"宮城県","city":"仙台市若林区","town":"三本塚"}],"0075":[{"pref":"宮城県","city":"仙台市若林区","town":"清水小路"}],"0832":[{"pref":"宮城県","city":"仙台市若林区","town":"下飯田"}],"0048":[{"pref":"宮城県","city":"仙台市若林区","town":"白萩町"}],"0836":[{"pref":"宮城県","city":"仙台市若林区","town":"四郎丸"}],"0041":[{"pref":"宮城県","city":"仙台市若林区","town":"志波町"}],"0051":[{"pref":"宮城県","city":"仙台市若林区","town":"新寺"}],"0803":[{"pref":"宮城県","city":"仙台市若林区","town":"新弓ノ町"}],"0801":[{"pref":"宮城県","city":"仙台市若林区","town":"畳屋丁"}],"0844":[{"pref":"宮城県","city":"仙台市若林区","town":"種次"}],"0036":[{"pref":"宮城県","city":"仙台市若林区","town":"長喜城"}],"0065":[{"pref":"宮城県","city":"仙台市若林区","town":"土樋"}],"0001":[{"pref":"宮城県","city":"仙台市若林区","town":"鶴代町"}],"0817":[{"pref":"宮城県","city":"仙台市若林区","town":"堰場"}],"0823":[{"pref":"宮城県","city":"仙台市若林区","town":"遠見塚"}],"0824":[{"pref":"宮城県","city":"仙台市若林区","town":"遠見塚東"}],"0821":[{"pref":"宮城県","city":"仙台市若林区","town":"中倉"}],"0017":[{"pref":"宮城県","city":"仙台市若林区","town":"なないろの里"}],"0056":[{"pref":"宮城県","city":"仙台市若林区","town":"成田町"}],"0046":[{"pref":"宮城県","city":"仙台市若林区","town":"二軒茶屋"}],"0045":[{"pref":"宮城県","city":"仙台市若林区","town":"西新丁"}],"0837":[{"pref":"宮城県","city":"仙台市若林区","town":"日辺"}],"0802":[{"pref":"宮城県","city":"仙台市若林区","town":"八軒小路"}],"0043":[{"pref":"宮城県","city":"仙台市若林区","town":"東新丁"}],"0074":[{"pref":"宮城県","city":"仙台市若林区","town":"東七番丁"}],"0072":[{"pref":"宮城県","city":"仙台市若林区","town":"東八番丁"}],"0071":[{"pref":"宮城県","city":"仙台市若林区","town":"東九番丁"}],"0843":[{"pref":"宮城県","city":"仙台市若林区","town":"藤塚"}],"0845":[{"pref":"宮城県","city":"仙台市若林区","town":"二木"}],"0806":[{"pref":"宮城県","city":"仙台市若林区","town":"舟丁"}],"0825":[{"pref":"宮城県","city":"仙台市若林区","town":"古城"}],"0815":[{"pref":"宮城県","city":"仙台市若林区","town":"文化町"}],"0811":[{"pref":"宮城県","city":"仙台市若林区","town":"保春院前丁"}],"0804":[{"pref":"宮城県","city":"仙台市若林区","town":"南石切町"}],"0061":[{"pref":"宮城県","city":"仙台市若林区","town":"南鍛冶町"}],"0827":[{"pref":"宮城県","city":"仙台市若林区","town":"南小泉"}],"0805":[{"pref":"宮城県","city":"仙台市若林区","town":"南材木町"}],"0814":[{"pref":"宮城県","city":"仙台市若林区","town":"南染師町"}],"0058":[{"pref":"宮城県","city":"仙台市若林区","town":"元茶畑"}],"0042":[{"pref":"宮城県","city":"仙台市若林区","town":"大和町"}],"0062":[{"pref":"宮城県","city":"仙台市若林区","town":"弓ノ町"}],"0052":[{"pref":"宮城県","city":"仙台市若林区","town":"連坊"}],"0053":[{"pref":"宮城県","city":"仙台市若林区","town":"連坊小路"}],"0834":[{"pref":"宮城県","city":"仙台市若林区","town":"六郷"}],"0813":[{"pref":"宮城県","city":"仙台市若林区","town":"六十人町"}],"0031":[{"pref":"宮城県","city":"仙台市若林区","town":"六丁目"}],"0004":[{"pref":"宮城県","city":"仙台市若林区","town":"六丁の目東町"}],"0011":[{"pref":"宮城県","city":"仙台市若林区","town":"六丁の目西町"}],"0013":[{"pref":"宮城県","city":"仙台市若林区","town":"六丁の目南町"}],"0003":[{"pref":"宮城県","city":"仙台市若林区","town":"六丁の目北町"}],"0012":[{"pref":"宮城県","city":"仙台市若林区","town":"六丁の目中町"}],"0014":[{"pref":"宮城県","city":"仙台市若林区","town":"六丁の目元町"}],"0826":[{"pref":"宮城県","city":"仙台市若林区","town":"若林"}]}