{"6001":[{"pref":"東京都","city":"港区","town":"港南品川インターシティＡ棟（１階）"}],"6002":[{"pref":"東京都","city":"港区","town":"港南品川インターシティＡ棟（２階）"}],"6003":[{"pref":"東京都","city":"港区","town":"港南品川インターシティＡ棟（３階）"}],"6004":[{"pref":"東京都","city":"港区","town":"港南品川インターシティＡ棟（４階）"}],"6005":[{"pref":"東京都","city":"港区","town":"港南品川インターシティＡ棟（５階）"}],"6006":[{"pref":"東京都","city":"港区","town":"港南品川インターシティＡ棟（６階）"}],"6007":[{"pref":"東京都","city":"港区","town":"港南品川インターシティＡ棟（７階）"}],"6008":[{"pref":"東京都","city":"港区","town":"港南品川インターシティＡ棟（８階）"}],"6009":[{"pref":"東京都","city":"港区","town":"港南品川インターシティＡ棟（９階）"}],"6010":[{"pref":"東京都","city":"港区","town":"港南品川インターシティＡ棟（１０階）"}],"6011":[{"pref":"東京都","city":"港区","town":"港南品川インターシティＡ棟（１１階）"}],"6012":[{"pref":"東京都","city":"港区","town":"港南品川インターシティＡ棟（１２階）"}],"6013":[{"pref":"東京都","city":"港区","town":"港南品川インターシティＡ棟（１３階）"}],"6014":[{"pref":"東京都","city":"港区","town":"港南品川インターシティＡ棟（１４階）"}],"6015":[{"pref":"東京都","city":"港区","town":"港南品川インターシティＡ棟（１５階）"}],"6016":[{"pref":"東京都","city":"港区","town":"港南品川インターシティＡ棟（１６階）"}],"6017":[{"pref":"東京都","city":"港区","town":"港南品川インターシティＡ棟（１７階）"}],"6018":[{"pref":"東京都","city":"港区","town":"港南品川インターシティＡ棟（１８階）"}],"6019":[{"pref":"東京都","city":"港区","town":"港南品川インターシティＡ棟（１９階）"}],"6020":[{"pref":"東京都","city":"港区","town":"港南品川インターシティＡ棟（２０階）"}],"6021":[{"pref":"東京都","city":"港区","town":"港南品川インターシティＡ棟（２１階）"}],"6022":[{"pref":"東京都","city":"港区","town":"港南品川インターシティＡ棟（２２階）"}],"6023":[{"pref":"東京都","city":"港区","town":"港南品川インターシティＡ棟（２３階）"}],"6024":[{"pref":"東京都","city":"港区","town":"港南品川インターシティＡ棟（２４階）"}],"6025":[{"pref":"東京都","city":"港区","town":"港南品川インターシティＡ棟（２５階）"}],"6026":[{"pref":"東京都","city":"港区","town":"港南品川インターシティＡ棟（２６階）"}],"6027":[{"pref":"東京都","city":"港区","town":"港南品川インターシティＡ棟（２７階）"}],"6028":[{"pref":"東京都","city":"港区","town":"港南品川インターシティＡ棟（２８階）"}],"6029":[{"pref":"東京都","city":"港区","town":"港南品川インターシティＡ棟（２９階）"}],"6030":[{"pref":"東京都","city":"港区","town":"港南品川インターシティＡ棟（３０階）"}],"6031":[{"pref":"東京都","city":"港区","town":"港南品川インターシティＡ棟（３１階）"}],"6032":[{"pref":"東京都","city":"港区","town":"港南品川インターシティＡ棟（３２階）"}],"6090":[{"pref":"東京都","city":"港区","town":"港南品川インターシティＡ棟（地階・階層不明）"}],"6101":[{"pref":"東京都","city":"港区","town":"港南品川インターシティＢ棟（１階）"}],"6102":[{"pref":"東京都","city":"港区","town":"港南品川インターシティＢ棟（２階）"}],"6103":[{"pref":"東京都","city":"港区","town":"港南品川インターシティＢ棟（３階）"}],"6104":[{"pref":"東京都","city":"港区","town":"港南品川インターシティＢ棟（４階）"}],"6105":[{"pref":"東京都","city":"港区","town":"港南品川インターシティＢ棟（５階）"}],"6106":[{"pref":"東京都","city":"港区","town":"港南品川インターシティＢ棟（６階）"}],"6107":[{"pref":"東京都","city":"港区","town":"港南品川インターシティＢ棟（７階）"}],"6108":[{"pref":"東京都","city":"港区","town":"港南品川インターシティＢ棟（８階）"}],"6109":[{"pref":"東京都","city":"港区","town":"港南品川インターシティＢ棟（９階）"}],"6110":[{"pref":"東京都","city":"港区","town":"港南品川インターシティＢ棟（１０階）"}],"6111":[{"pref":"東京都","city":"港区","town":"港南品川インターシティＢ棟（１１階）"}],"6112":[{"pref":"東京都","city":"港区","town":"港南品川インターシティＢ棟（１２階）"}],"6113":[{"pref":"東京都","city":"港区","town":"港南品川インターシティＢ棟（１３階）"}],"6114":[{"pref":"東京都","city":"港区","town":"港南品川インターシティＢ棟（１４階）"}],"6115":[{"pref":"東京都","city":"港区","town":"港南品川インターシティＢ棟（１５階）"}],"6116":[{"pref":"東京都","city":"港区","town":"港南品川インターシティＢ棟（１６階）"}],"6117":[{"pref":"東京都","city":"港区","town":"港南品川インターシティＢ棟（１７階）"}],"6118":[{"pref":"東京都","city":"港区","town":"港南品川インターシティＢ棟（１８階）"}],"6119":[{"pref":"東京都","city":"港区","town":"港南品川インターシティＢ棟（１９階）"}],"6120":[{"pref":"東京都","city":"港区","town":"港南品川インターシティＢ棟（２０階）"}],"6121":[{"pref":"東京都","city":"港区","town":"港南品川インターシティＢ棟（２１階）"}],"6122":[{"pref":"東京都","city":"港区","town":"港南品川インターシティＢ棟（２２階）"}],"6123":[{"pref":"東京都","city":"港区","town":"港南品川インターシティＢ棟（２３階）"}],"6124":[{"pref":"東京都","city":"港区","town":"港南品川インターシティＢ棟（２４階）"}],"6125":[{"pref":"東京都","city":"港区","town":"港南品川インターシティＢ棟（２５階）"}],"6126":[{"pref":"東京都","city":"港区","town":"港南品川インターシティＢ棟（２６階）"}],"6127":[{"pref":"東京都","city":"港区","town":"港南品川インターシティＢ棟（２７階）"}],"6128":[{"pref":"東京都","city":"港区","town":"港南品川インターシティＢ棟（２８階）"}],"6129":[{"pref":"東京都","city":"港区","town":"港南品川インターシティＢ棟（２９階）"}],"6130":[{"pref":"東京都","city":"港区","town":"港南品川インターシティＢ棟（３０階）"}],"6131":[{"pref":"東京都","city":"港区","town":"港南品川インターシティＢ棟（３１階）"}],"6190":[{"pref":"東京都","city":"港区","town":"港南品川インターシティＢ棟（地階・階層不明）"}],"6201":[{"pref":"東京都","city":"港区","town":"港南品川インターシティＣ棟（１階）"}],"6202":[{"pref":"東京都","city":"港区","town":"港南品川インターシティＣ棟（２階）"}],"6203":[{"pref":"東京都","city":"港区","town":"港南品川インターシティＣ棟（３階）"}],"6204":[{"pref":"東京都","city":"港区","town":"港南品川インターシティＣ棟（４階）"}],"6205":[{"pref":"東京都","city":"港区","town":"港南品川インターシティＣ棟（５階）"}],"6206":[{"pref":"東京都","city":"港区","town":"港南品川インターシティＣ棟（６階）"}],"6207":[{"pref":"東京都","city":"港区","town":"港南品川インターシティＣ棟（７階）"}],"6208":[{"pref":"東京都","city":"港区","town":"港南品川インターシティＣ棟（８階）"}],"6209":[{"pref":"東京都","city":"港区","town":"港南品川インターシティＣ棟（９階）"}],"6210":[{"pref":"東京都","city":"港区","town":"港南品川インターシティＣ棟（１０階）"}],"6211":[{"pref":"東京都","city":"港区","town":"港南品川インターシティＣ棟（１１階）"}],"6212":[{"pref":"東京都","city":"港区","town":"港南品川インターシティＣ棟（１２階）"}],"6213":[{"pref":"東京都","city":"港区","town":"港南品川インターシティＣ棟（１３階）"}],"6214":[{"pref":"東京都","city":"港区","town":"港南品川インターシティＣ棟（１４階）"}],"6215":[{"pref":"東京都","city":"港区","town":"港南品川インターシティＣ棟（１５階）"}],"6216":[{"pref":"東京都","city":"港区","town":"港南品川インターシティＣ棟（１６階）"}],"6217":[{"pref":"東京都","city":"港区","town":"港南品川インターシティＣ棟（１７階）"}],"6218":[{"pref":"東京都","city":"港区","town":"港南品川インターシティＣ棟（１８階）"}],"6219":[{"pref":"東京都","city":"港区","town":"港南品川インターシティＣ棟（１９階）"}],"6220":[{"pref":"東京都","city":"港区","town":"港南品川インターシティＣ棟（２０階）"}],"6221":[{"pref":"東京都","city":"港区","town":"港南品川インターシティＣ棟（２１階）"}],"6222":[{"pref":"東京都","city":"港区","town":"港南品川インターシティＣ棟（２２階）"}],"6223":[{"pref":"東京都","city":"港区","town":"港南品川インターシティＣ棟（２３階）"}],"6224":[{"pref":"東京都","city":"港区","town":"港南品川インターシティＣ棟（２４階）"}],"6225":[{"pref":"東京都","city":"港区","town":"港南品川インターシティＣ棟（２５階）"}],"6226":[{"pref":"東京都","city":"港区","town":"港南品川インターシティＣ棟（２６階）"}],"6227":[{"pref":"東京都","city":"港区","town":"港南品川インターシティＣ棟（２７階）"}],"6228":[{"pref":"東京都","city":"港区","town":"港南品川インターシティＣ棟（２８階）"}],"6229":[{"pref":"東京都","city":"港区","town":"港南品川インターシティＣ棟（２９階）"}],"6230":[{"pref":"東京都","city":"港区","town":"港南品川インターシティＣ棟（３０階）"}],"6231":[{"pref":"東京都","city":"港区","town":"港南品川インターシティＣ棟（３１階）"}],"6290":[{"pref":"東京都","city":"港区","town":"港南品川インターシティＣ棟（地階・階層不明）"}],"6301":[{"pref":"東京都","city":"港区","town":"三田住友不動産三田ツインビル西館（１階）"}],"6302":[{"pref":"東京都","city":"港区","town":"三田住友不動産三田ツインビル西館（２階）"}],"6303":[{"pref":"東京都","city":"港区","town":"三田住友不動産三田ツインビル西館（３階）"}],"6304":[{"pref":"東京都","city":"港区","town":"三田住友不動産三田ツインビル西館（４階）"}],"6305":[{"pref":"東京都","city":"港区","town":"三田住友不動産三田ツインビル西館（５階）"}],"6306":[{"pref":"東京都","city":"港区","town":"三田住友不動産三田ツインビル西館（６階）"}],"6307":[{"pref":"東京都","city":"港区","town":"三田住友不動産三田ツインビル西館（７階）"}],"6308":[{"pref":"東京都","city":"港区","town":"三田住友不動産三田ツインビル西館（８階）"}],"6309":[{"pref":"東京都","city":"港区","town":"三田住友不動産三田ツインビル西館（９階）"}],"6310":[{"pref":"東京都","city":"港区","town":"三田住友不動産三田ツインビル西館（１０階）"}],"6311":[{"pref":"東京都","city":"港区","town":"三田住友不動産三田ツインビル西館（１１階）"}],"6312":[{"pref":"東京都","city":"港区","town":"三田住友不動産三田ツインビル西館（１２階）"}],"6313":[{"pref":"東京都","city":"港区","town":"三田住友不動産三田ツインビル西館（１３階）"}],"6314":[{"pref":"東京都","city":"港区","town":"三田住友不動産三田ツインビル西館（１４階）"}],"6315":[{"pref":"東京都","city":"港区","town":"三田住友不動産三田ツインビル西館（１５階）"}],"6316":[{"pref":"東京都","city":"港区","town":"三田住友不動産三田ツインビル西館（１６階）"}],"6317":[{"pref":"東京都","city":"港区","town":"三田住友不動産三田ツインビル西館（１７階）"}],"6318":[{"pref":"東京都","city":"港区","town":"三田住友不動産三田ツインビル西館（１８階）"}],"6319":[{"pref":"東京都","city":"港区","town":"三田住友不動産三田ツインビル西館（１９階）"}],"6320":[{"pref":"東京都","city":"港区","town":"三田住友不動産三田ツインビル西館（２０階）"}],"6321":[{"pref":"東京都","city":"港区","town":"三田住友不動産三田ツインビル西館（２１階）"}],"6322":[{"pref":"東京都","city":"港区","town":"三田住友不動産三田ツインビル西館（２２階）"}],"6323":[{"pref":"東京都","city":"港区","town":"三田住友不動産三田ツインビル西館（２３階）"}],"6324":[{"pref":"東京都","city":"港区","town":"三田住友不動産三田ツインビル西館（２４階）"}],"6325":[{"pref":"東京都","city":"港区","town":"三田住友不動産三田ツインビル西館（２５階）"}],"6326":[{"pref":"東京都","city":"港区","town":"三田住友不動産三田ツインビル西館（２６階）"}],"6327":[{"pref":"東京都","city":"港区","town":"三田住友不動産三田ツインビル西館（２７階）"}],"6328":[{"pref":"東京都","city":"港区","town":"三田住友不動産三田ツインビル西館（２８階）"}],"6329":[{"pref":"東京都","city":"港区","town":"三田住友不動産三田ツインビル西館（２９階）"}],"6330":[{"pref":"東京都","city":"港区","town":"三田住友不動産三田ツインビル西館（３０階）"}],"6390":[{"pref":"東京都","city":"港区","town":"三田住友不動産三田ツインビル西館（地階・階層不明）"}],"0022":[{"pref":"東京都","city":"港区","town":"海岸（３丁目）"}],"0075":[{"pref":"東京都","city":"港区","town":"港南（次のビルを除く）"}],"0014":[{"pref":"東京都","city":"港区","town":"芝（４、５丁目）"}],"0023":[{"pref":"東京都","city":"港区","town":"芝浦（２～４丁目）"}],"0072":[{"pref":"東京都","city":"港区","town":"白金"}],"0071":[{"pref":"東京都","city":"港区","town":"白金台"}],"0074":[{"pref":"東京都","city":"港区","town":"高輪"}],"0073":[{"pref":"東京都","city":"港区","town":"三田（次のビルを除く）"}]}