{"0000":[{"pref":"東京都","city":"葛飾区","town":"以下に掲載がない場合"}],"0022":[{"pref":"東京都","city":"葛飾区","town":"奥戸"}],"0003":[{"pref":"東京都","city":"葛飾区","town":"お花茶屋"}],"0001":[{"pref":"東京都","city":"葛飾区","town":"小菅"}],"0024":[{"pref":"東京都","city":"葛飾区","town":"新小岩"}],"0005":[{"pref":"東京都","city":"葛飾区","town":"宝町"}],"0012":[{"pref":"東京都","city":"葛飾区","town":"立石"}],"0002":[{"pref":"東京都","city":"葛飾区","town":"西亀有（１、２丁目）"}],"0025":[{"pref":"東京都","city":"葛飾区","town":"西新小岩"}],"0023":[{"pref":"東京都","city":"葛飾区","town":"東新小岩"}],"0013":[{"pref":"東京都","city":"葛飾区","town":"東立石"}],"0004":[{"pref":"東京都","city":"葛飾区","town":"東堀切"}],"0014":[{"pref":"東京都","city":"葛飾区","town":"東四つ木"}],"0021":[{"pref":"東京都","city":"葛飾区","town":"細田"}],"0006":[{"pref":"東京都","city":"葛飾区","town":"堀切"}],"0011":[{"pref":"東京都","city":"葛飾区","town":"四つ木"}]}