{"1100":[{"pref":"高知県","city":"土佐市","town":"以下に掲載がない場合"}],"1101":[{"pref":"高知県","city":"土佐市","town":"高岡町甲"}],"1102":[{"pref":"高知県","city":"土佐市","town":"高岡町乙"}],"1103":[{"pref":"高知県","city":"土佐市","town":"高岡町丙"}],"1104":[{"pref":"高知県","city":"土佐市","town":"高岡町丁"}],"1105":[{"pref":"高知県","city":"土佐市","town":"蓮池"}],"1111":[{"pref":"高知県","city":"土佐市","town":"北地"}],"1112":[{"pref":"高知県","city":"土佐市","town":"福田"}],"1113":[{"pref":"高知県","city":"土佐市","town":"甲原"}],"1114":[{"pref":"高知県","city":"土佐市","town":"谷地"}],"1121":[{"pref":"高知県","city":"土佐市","town":"東鴨地"}],"1122":[{"pref":"高知県","city":"土佐市","town":"本村"}],"1123":[{"pref":"高知県","city":"土佐市","town":"西鴨地"}],"1124":[{"pref":"高知県","city":"土佐市","town":"宮ノ内"}],"1125":[{"pref":"高知県","city":"土佐市","town":"積善寺"}],"1131":[{"pref":"高知県","city":"土佐市","town":"永野"}],"1132":[{"pref":"高知県","city":"土佐市","town":"市野々"}],"1133":[{"pref":"高知県","city":"土佐市","town":"鷹ノ巣"}],"1134":[{"pref":"高知県","city":"土佐市","town":"家俊"}],"1135":[{"pref":"高知県","city":"土佐市","town":"太郎丸"}],"1136":[{"pref":"高知県","city":"土佐市","town":"浅井"}],"1141":[{"pref":"高知県","city":"土佐市","town":"岩戸"}],"1142":[{"pref":"高知県","city":"土佐市","town":"出間"}],"1143":[{"pref":"高知県","city":"土佐市","town":"波介"}],"1151":[{"pref":"高知県","city":"土佐市","town":"中島"}],"1152":[{"pref":"高知県","city":"土佐市","town":"用石"}],"1153":[{"pref":"高知県","city":"土佐市","town":"塚地"}],"1154":[{"pref":"高知県","city":"土佐市","town":"新居"}],"1161":[{"pref":"高知県","city":"土佐市","town":"宇佐町宇佐"}],"1162":[{"pref":"高知県","city":"土佐市","town":"宇佐町渭浜"}],"1163":[{"pref":"高知県","city":"土佐市","town":"宇佐町福島"}],"1164":[{"pref":"高知県","city":"土佐市","town":"宇佐町井尻"}],"1165":[{"pref":"高知県","city":"土佐市","town":"宇佐町竜"}],"1300":[{"pref":"高知県","city":"高岡郡越知町","town":"以下に掲載がない場合"}],"1301":[{"pref":"高知県","city":"高岡郡越知町","town":"越知甲"}],"1302":[{"pref":"高知県","city":"高岡郡越知町","town":"越知乙"}],"1303":[{"pref":"高知県","city":"高岡郡越知町","town":"越知丙"}],"1304":[{"pref":"高知県","city":"高岡郡越知町","town":"越知丁"}],"1305":[{"pref":"高知県","city":"高岡郡越知町","town":"野老山"}],"1306":[{"pref":"高知県","city":"高岡郡越知町","town":"山室"}],"1307":[{"pref":"高知県","city":"高岡郡越知町","town":"柴尾"}],"1308":[{"pref":"高知県","city":"高岡郡越知町","town":"宮地"}],"1311":[{"pref":"高知県","city":"高岡郡越知町","town":"今成"}],"1312":[{"pref":"高知県","city":"高岡郡越知町","town":"横畠南"}],"1313":[{"pref":"高知県","city":"高岡郡越知町","town":"横畠東"}],"1314":[{"pref":"高知県","city":"高岡郡越知町","town":"横畠中"}],"1315":[{"pref":"高知県","city":"高岡郡越知町","town":"横畠北"}],"1321":[{"pref":"高知県","city":"高岡郡越知町","town":"鎌井田本村"}],"1322":[{"pref":"高知県","city":"高岡郡越知町","town":"鎌井田桑薮"}],"1323":[{"pref":"高知県","city":"高岡郡越知町","town":"鎌井田日ノ浦"}],"1324":[{"pref":"高知県","city":"高岡郡越知町","town":"鎌井田清助"}],"1325":[{"pref":"高知県","city":"高岡郡越知町","town":"浅尾"}],"1326":[{"pref":"高知県","city":"高岡郡越知町","town":"片岡"}],"1327":[{"pref":"高知県","city":"高岡郡越知町","town":"黒瀬"}],"1328":[{"pref":"高知県","city":"高岡郡越知町","town":"南片岡"}],"1331":[{"pref":"高知県","city":"高岡郡越知町","town":"五味"}],"1332":[{"pref":"高知県","city":"高岡郡越知町","town":"中大平"}],"1333":[{"pref":"高知県","city":"高岡郡越知町","town":"大平"}],"1334":[{"pref":"高知県","city":"高岡郡越知町","town":"桐見川"}],"1335":[{"pref":"高知県","city":"高岡郡越知町","town":"長者"}],"1336":[{"pref":"高知県","city":"高岡郡越知町","town":"南ノ川"}],"1337":[{"pref":"高知県","city":"高岡郡越知町","town":"佐之国"}],"1338":[{"pref":"高知県","city":"高岡郡越知町","town":"峰"}],"1500":[{"pref":"高知県","city":"吾川郡仁淀川町","town":"以下に掲載がない場合"}],"1501":[{"pref":"高知県","city":"吾川郡仁淀川町","town":"大崎"}],"1502":[{"pref":"高知県","city":"吾川郡仁淀川町","town":"川口"}],"1503":[{"pref":"高知県","city":"吾川郡仁淀川町","town":"橘谷"}],"1504":[{"pref":"高知県","city":"吾川郡仁淀川町","town":"藤ノ野"}],"1505":[{"pref":"高知県","city":"吾川郡仁淀川町","town":"桜"}],"1506":[{"pref":"高知県","city":"吾川郡仁淀川町","town":"鹿森"}],"1511":[{"pref":"高知県","city":"吾川郡仁淀川町","town":"寺村"}],"1512":[{"pref":"高知県","city":"吾川郡仁淀川町","town":"岩戸"}],"1513":[{"pref":"高知県","city":"吾川郡仁淀川町","town":"峯岩戸"}],"1514":[{"pref":"高知県","city":"吾川郡仁淀川町","town":"大板"}],"1515":[{"pref":"高知県","city":"吾川郡仁淀川町","town":"蕨谷"}],"1516":[{"pref":"高知県","city":"吾川郡仁淀川町","town":"中村"}],"1517":[{"pref":"高知県","city":"吾川郡仁淀川町","town":"葛原"}],"1518":[{"pref":"高知県","city":"吾川郡仁淀川町","town":"加枝"}],"1520":[{"pref":"高知県","city":"吾川郡仁淀川町","town":"大蕨"}],"1521":[{"pref":"高知県","city":"吾川郡仁淀川町","town":"本村"}],"1522":[{"pref":"高知県","city":"吾川郡仁淀川町","town":"田村"}],"1523":[{"pref":"高知県","city":"吾川郡仁淀川町","town":"宗津"}],"1524":[{"pref":"高知県","city":"吾川郡仁淀川町","town":"長屋"}],"1531":[{"pref":"高知県","city":"吾川郡仁淀川町","town":"久喜"}],"1532":[{"pref":"高知県","city":"吾川郡仁淀川町","town":"相能"}],"1533":[{"pref":"高知県","city":"吾川郡仁淀川町","town":"引地"}],"1534":[{"pref":"高知県","city":"吾川郡仁淀川町","town":"遅越"}],"1535":[{"pref":"高知県","city":"吾川郡仁淀川町","town":"二子野"}],"1601":[{"pref":"高知県","city":"吾川郡仁淀川町","town":"大平"}],"1602":[{"pref":"高知県","city":"吾川郡仁淀川町","town":"楮原"}],"1603":[{"pref":"高知県","city":"吾川郡仁淀川町","town":"日浦"}],"1604":[{"pref":"高知県","city":"吾川郡仁淀川町","town":"見ノ越"}],"1605":[{"pref":"高知県","city":"吾川郡仁淀川町","town":"川内谷"}],"1606":[{"pref":"高知県","city":"吾川郡仁淀川町","town":"土居（甲・乙）"}],"1607":[{"pref":"高知県","city":"吾川郡仁淀川町","town":"北浦"}],"1608":[{"pref":"高知県","city":"吾川郡仁淀川町","town":"坂本"}],"1609":[{"pref":"高知県","city":"吾川郡仁淀川町","town":"寄合"}],"1610":[{"pref":"高知県","city":"吾川郡仁淀川町","town":"竹ノ谷"}],"1611":[{"pref":"高知県","city":"吾川郡仁淀川町","town":"岩丸"}],"1612":[{"pref":"高知県","city":"吾川郡仁淀川町","town":"池川大渡"}],"1613":[{"pref":"高知県","city":"吾川郡仁淀川町","town":"明戸岩"}],"1614":[{"pref":"高知県","city":"吾川郡仁淀川町","town":"大西"}],"1615":[{"pref":"高知県","city":"吾川郡仁淀川町","town":"岩柄"}],"1616":[{"pref":"高知県","city":"吾川郡仁淀川町","town":"百川内"}],"1617":[{"pref":"高知県","city":"吾川郡仁淀川町","town":"大野"}],"1618":[{"pref":"高知県","city":"吾川郡仁淀川町","town":"椿山"}],"1619":[{"pref":"高知県","city":"吾川郡仁淀川町","town":"用居甲（出丸、舟形、用居）"}],"1620":[{"pref":"高知県","city":"吾川郡仁淀川町","town":"用居乙（瓜生野、折尾、桧谷）"}],"1621":[{"pref":"高知県","city":"吾川郡仁淀川町","town":"入江谷"}],"1622":[{"pref":"高知県","city":"吾川郡仁淀川町","town":"成川"}],"1623":[{"pref":"高知県","city":"吾川郡仁淀川町","town":"余能"}],"1624":[{"pref":"高知県","city":"吾川郡仁淀川町","town":"土居（その他）"}],"1625":[{"pref":"高知県","city":"吾川郡仁淀川町","town":"吉ケ成"}],"1626":[{"pref":"高知県","city":"吾川郡仁淀川町","town":"坪井川"}],"1627":[{"pref":"高知県","city":"吾川郡仁淀川町","town":"宮ケ平"}],"1628":[{"pref":"高知県","city":"吾川郡仁淀川町","town":"大屋"}],"1741":[{"pref":"高知県","city":"吾川郡仁淀川町","town":"名野川"}],"1742":[{"pref":"高知県","city":"吾川郡仁淀川町","town":"竹屋敷"}],"1743":[{"pref":"高知県","city":"吾川郡仁淀川町","town":"崎ノ山"}],"1744":[{"pref":"高知県","city":"吾川郡仁淀川町","town":"名野川大平"}],"1745":[{"pref":"高知県","city":"吾川郡仁淀川町","town":"下北川"}],"1746":[{"pref":"高知県","city":"吾川郡仁淀川町","town":"北川"}],"1751":[{"pref":"高知県","city":"吾川郡仁淀川町","town":"大渡"}],"1752":[{"pref":"高知県","city":"吾川郡仁淀川町","town":"峠ノ越"}],"1753":[{"pref":"高知県","city":"吾川郡仁淀川町","town":"潰溜"}],"1754":[{"pref":"高知県","city":"吾川郡仁淀川町","town":"北"}],"1755":[{"pref":"高知県","city":"吾川郡仁淀川町","town":"森山"}],"1756":[{"pref":"高知県","city":"吾川郡仁淀川町","town":"大尾"}],"1757":[{"pref":"高知県","city":"吾川郡仁淀川町","town":"鷲ノ巣"}],"1758":[{"pref":"高知県","city":"吾川郡仁淀川町","town":"橘"}],"1761":[{"pref":"高知県","city":"吾川郡仁淀川町","town":"二ノ滝"}],"1762":[{"pref":"高知県","city":"吾川郡仁淀川町","town":"下名野川"}],"1763":[{"pref":"高知県","city":"吾川郡仁淀川町","town":"中"}],"1764":[{"pref":"高知県","city":"吾川郡仁淀川町","town":"長坂"}],"1765":[{"pref":"高知県","city":"吾川郡仁淀川町","town":"津江"}],"1766":[{"pref":"高知県","city":"吾川郡仁淀川町","town":"上名野川"}],"1801":[{"pref":"高知県","city":"吾川郡仁淀川町","town":"森"}],"1802":[{"pref":"高知県","city":"吾川郡仁淀川町","town":"高瀬"}],"1803":[{"pref":"高知県","city":"吾川郡仁淀川町","town":"別枝"}],"1804":[{"pref":"高知県","city":"吾川郡仁淀川町","town":"川渡"}],"1911":[{"pref":"高知県","city":"吾川郡仁淀川町","town":"長者乙"}],"1912":[{"pref":"高知県","city":"吾川郡仁淀川町","town":"長者丁"}],"1913":[{"pref":"高知県","city":"吾川郡仁淀川町","town":"長者丙"}],"1914":[{"pref":"高知県","city":"吾川郡仁淀川町","town":"泉"}],"1915":[{"pref":"高知県","city":"吾川郡仁淀川町","town":"大植"}],"2100":[{"pref":"高知県","city":"吾川郡いの町","town":"以下に掲載がない場合"},{"pref":"高知県","city":"高岡郡日高村","town":"以下に掲載がない場合"}],"2101":[{"pref":"高知県","city":"吾川郡いの町","town":"大国町"}],"2102":[{"pref":"高知県","city":"吾川郡いの町","town":"公園町"}],"2103":[{"pref":"高知県","city":"吾川郡いの町","town":"幸町"}],"2104":[{"pref":"高知県","city":"吾川郡いの町","town":"藤町"}],"2105":[{"pref":"高知県","city":"吾川郡いの町","town":"新町"}],"2106":[{"pref":"高知県","city":"吾川郡いの町","town":"駅南町"}],"2107":[{"pref":"高知県","city":"吾川郡いの町","town":"駅前町"}],"2108":[{"pref":"高知県","city":"吾川郡いの町","town":"駅東町"}],"2110":[{"pref":"高知県","city":"吾川郡いの町","town":"いの町の次に番地がくる場合"}],"2111":[{"pref":"高知県","city":"吾川郡いの町","town":"羽根町"}],"2112":[{"pref":"高知県","city":"吾川郡いの町","town":"西町"}],"2113":[{"pref":"高知県","city":"吾川郡いの町","town":"元町"}],"2114":[{"pref":"高知県","city":"吾川郡いの町","town":"加茂町"}],"2115":[{"pref":"高知県","city":"吾川郡いの町","town":"旭町"}],"2116":[{"pref":"高知県","city":"吾川郡いの町","town":"柳町"}],"2117":[{"pref":"高知県","city":"吾川郡いの町","town":"内野東町"}],"2118":[{"pref":"高知県","city":"吾川郡いの町","town":"内野南町"}],"2119":[{"pref":"高知県","city":"吾川郡いの町","town":"内野北町"}],"2120":[{"pref":"高知県","city":"吾川郡いの町","town":"枝川"}],"2121":[{"pref":"高知県","city":"吾川郡いの町","town":"池の内"}],"2122":[{"pref":"高知県","city":"吾川郡いの町","town":"天王北"}],"2123":[{"pref":"高知県","city":"吾川郡いの町","town":"天王南"}],"2124":[{"pref":"高知県","city":"吾川郡いの町","town":"八田"}],"2126":[{"pref":"高知県","city":"吾川郡いの町","town":"大内"}],"2127":[{"pref":"高知県","city":"吾川郡いの町","town":"鎌田"}],"2128":[{"pref":"高知県","city":"吾川郡いの町","town":"波川"}],"2131":[{"pref":"高知県","city":"吾川郡いの町","town":"槇"}],"2132":[{"pref":"高知県","city":"吾川郡いの町","town":"成山"}],"2133":[{"pref":"高知県","city":"吾川郡いの町","town":"加田"}],"2134":[{"pref":"高知県","city":"吾川郡いの町","town":"神谷"}],"2135":[{"pref":"高知県","city":"吾川郡いの町","town":"小野"}],"2136":[{"pref":"高知県","city":"吾川郡いの町","town":"鹿敷"}],"2141":[{"pref":"高知県","city":"吾川郡いの町","town":"勝賀瀬"}],"2142":[{"pref":"高知県","city":"吾川郡いの町","town":"中追"}],"2143":[{"pref":"高知県","city":"吾川郡いの町","town":"楠瀬"}],"2144":[{"pref":"高知県","city":"吾川郡いの町","town":"柳瀬本村"}],"2145":[{"pref":"高知県","city":"吾川郡いの町","town":"柳瀬石見"}],"2146":[{"pref":"高知県","city":"吾川郡いの町","town":"柳瀬上分"}],"2151":[{"pref":"高知県","city":"高岡郡日高村","town":"下分"}],"2152":[{"pref":"高知県","city":"高岡郡日高村","town":"沖名"}],"2153":[{"pref":"高知県","city":"高岡郡日高村","town":"本郷"}],"2154":[{"pref":"高知県","city":"高岡郡日高村","town":"岩目地"}],"2155":[{"pref":"高知県","city":"高岡郡日高村","town":"九頭"}],"2161":[{"pref":"高知県","city":"高岡郡日高村","town":"柱谷"}],"2162":[{"pref":"高知県","city":"高岡郡日高村","town":"名越屋"}],"2163":[{"pref":"高知県","city":"高岡郡日高村","town":"大花"}],"2164":[{"pref":"高知県","city":"高岡郡日高村","town":"本村"}],"2165":[{"pref":"高知県","city":"高岡郡日高村","town":"宮ノ谷"}],"2166":[{"pref":"高知県","city":"高岡郡日高村","town":"長畑"}],"2167":[{"pref":"高知県","city":"高岡郡日高村","town":"鴨地"}],"2321":[{"pref":"高知県","city":"吾川郡いの町","town":"小川東津賀才"}],"2322":[{"pref":"高知県","city":"吾川郡いの町","town":"小川西津賀才"}],"2323":[{"pref":"高知県","city":"吾川郡いの町","town":"小川樅ノ木山"}],"2324":[{"pref":"高知県","city":"吾川郡いの町","town":"小川新別"}],"2325":[{"pref":"高知県","city":"吾川郡いの町","town":"小川柳野"}],"2331":[{"pref":"高知県","city":"吾川郡いの町","town":"下八川甲"}],"2332":[{"pref":"高知県","city":"吾川郡いの町","town":"下八川乙"}],"2333":[{"pref":"高知県","city":"吾川郡いの町","town":"下八川丙"}],"2334":[{"pref":"高知県","city":"吾川郡いの町","town":"下八川丁"}],"2335":[{"pref":"高知県","city":"吾川郡いの町","town":"下八川十田"}],"2401":[{"pref":"高知県","city":"吾川郡いの町","town":"上八川甲（枝川、大久保、木ノ瀬、土居、西川、本郷、柚ノ木野）"}],"2402":[{"pref":"高知県","city":"吾川郡いの町","town":"上八川丙（柿薮、小申田、津賀谷、寺野、古江、連行）"}],"2511":[{"pref":"高知県","city":"吾川郡いの町","town":"清水上分（伊守川、川窪、敷槇、土居、程野）"}],"2512":[{"pref":"高知県","city":"吾川郡いの町","town":"清水下分（馬路、大野、川口、日比原、槇川、松ノ木）"}],"2601":[{"pref":"高知県","city":"吾川郡いの町","town":"長沢"}],"2602":[{"pref":"高知県","city":"吾川郡いの町","town":"戸中"}],"2603":[{"pref":"高知県","city":"吾川郡いの町","town":"大森"}],"2604":[{"pref":"高知県","city":"吾川郡いの町","town":"越裏門"}],"2605":[{"pref":"高知県","city":"吾川郡いの町","town":"寺川"}],"2611":[{"pref":"高知県","city":"吾川郡いの町","town":"脇ノ山"}],"2612":[{"pref":"高知県","city":"吾川郡いの町","town":"高薮"}],"2613":[{"pref":"高知県","city":"吾川郡いの町","town":"足谷"}],"2614":[{"pref":"高知県","city":"吾川郡いの町","town":"葛原"}],"2615":[{"pref":"高知県","city":"吾川郡いの町","town":"桑瀬"}],"2616":[{"pref":"高知県","city":"吾川郡いの町","town":"中ノ川"}],"3101":[{"pref":"高知県","city":"高知市","town":"鏡大河内"}],"3102":[{"pref":"高知県","city":"高知市","town":"鏡小浜"}],"3103":[{"pref":"高知県","city":"高知市","town":"鏡大利"}],"3104":[{"pref":"高知県","city":"高知市","town":"鏡今井"}],"3105":[{"pref":"高知県","city":"高知市","town":"鏡草峰"}],"3106":[{"pref":"高知県","city":"高知市","town":"鏡白岩"}],"3107":[{"pref":"高知県","city":"高知市","town":"鏡狩山"}],"3108":[{"pref":"高知県","city":"高知市","town":"鏡吉原"}],"3111":[{"pref":"高知県","city":"高知市","town":"鏡的渕"}],"3112":[{"pref":"高知県","city":"高知市","town":"鏡去坂"}],"3113":[{"pref":"高知県","city":"高知市","town":"鏡竹奈路"}],"3114":[{"pref":"高知県","city":"高知市","town":"鏡敷ノ山"}],"3115":[{"pref":"高知県","city":"高知市","town":"鏡柿ノ又"}],"3121":[{"pref":"高知県","city":"高知市","town":"鏡横矢"}],"3122":[{"pref":"高知県","city":"高知市","town":"鏡増原"}],"3123":[{"pref":"高知県","city":"高知市","town":"鏡葛山"}],"3124":[{"pref":"高知県","city":"高知市","town":"鏡梅ノ木"}],"3125":[{"pref":"高知県","city":"高知市","town":"鏡小山"}],"3201":[{"pref":"高知県","city":"高知市","town":"土佐山"}],"3202":[{"pref":"高知県","city":"高知市","town":"土佐山都網"}],"3203":[{"pref":"高知県","city":"高知市","town":"土佐山弘瀬"}],"3211":[{"pref":"高知県","city":"高知市","town":"土佐山高川"}],"3212":[{"pref":"高知県","city":"高知市","town":"土佐山梶谷"}],"3213":[{"pref":"高知県","city":"高知市","town":"土佐山西川"}],"3214":[{"pref":"高知県","city":"高知市","town":"土佐山菖蒲"}],"3221":[{"pref":"高知県","city":"高知市","town":"土佐山桑尾"}],"3222":[{"pref":"高知県","city":"高知市","town":"土佐山東川"}],"3223":[{"pref":"高知県","city":"高知市","town":"土佐山中切"}],"3331":[{"pref":"高知県","city":"土佐郡土佐町","town":"地蔵寺"}],"3332":[{"pref":"高知県","city":"土佐郡土佐町","town":"栗木"}],"3333":[{"pref":"高知県","city":"土佐郡土佐町","town":"東石原"}],"3334":[{"pref":"高知県","city":"土佐郡土佐町","town":"西石原"}],"3335":[{"pref":"高知県","city":"土佐郡土佐町","town":"有間"}],"3336":[{"pref":"高知県","city":"土佐郡土佐町","town":"芥川"}],"3337":[{"pref":"高知県","city":"土佐郡土佐町","town":"瀬戸"}],"3400":[{"pref":"高知県","city":"土佐郡土佐町","town":"以下に掲載がない場合"}],"3401":[{"pref":"高知県","city":"土佐郡土佐町","town":"土居"}],"3402":[{"pref":"高知県","city":"土佐郡土佐町","town":"境"}],"3403":[{"pref":"高知県","city":"土佐郡土佐町","town":"宮古野"}],"3404":[{"pref":"高知県","city":"土佐郡土佐町","town":"溜井"}],"3405":[{"pref":"高知県","city":"土佐郡土佐町","town":"南泉"}],"3406":[{"pref":"高知県","city":"土佐郡土佐町","town":"高須"}],"3407":[{"pref":"高知県","city":"土佐郡土佐町","town":"樫山"}],"3408":[{"pref":"高知県","city":"土佐郡土佐町","town":"相川"}],"3409":[{"pref":"高知県","city":"土佐郡土佐町","town":"和田"}],"3521":[{"pref":"高知県","city":"土佐郡土佐町","town":"田井"}],"3522":[{"pref":"高知県","city":"土佐郡土佐町","town":"大渕"}],"3523":[{"pref":"高知県","city":"土佐郡土佐町","town":"古味"}],"3524":[{"pref":"高知県","city":"土佐郡土佐町","town":"井尻"}],"3525":[{"pref":"高知県","city":"土佐郡土佐町","town":"下川"}],"3526":[{"pref":"高知県","city":"土佐郡土佐町","town":"上津川"}],"3600":[{"pref":"高知県","city":"長岡郡本山町","town":"以下に掲載がない場合"}],"3601":[{"pref":"高知県","city":"長岡郡本山町","town":"本山"}],"3602":[{"pref":"高知県","city":"長岡郡本山町","town":"大石"}],"3603":[{"pref":"高知県","city":"長岡郡本山町","town":"吉延"}],"3604":[{"pref":"高知県","city":"長岡郡本山町","town":"井窪"}],"3605":[{"pref":"高知県","city":"長岡郡本山町","town":"下津野"}],"3606":[{"pref":"高知県","city":"長岡郡本山町","town":"高角"}],"3607":[{"pref":"高知県","city":"長岡郡本山町","town":"古田"}],"3608":[{"pref":"高知県","city":"長岡郡本山町","town":"木能津"}],"3609":[{"pref":"高知県","city":"長岡郡本山町","town":"助藤"}],"3610":[{"pref":"高知県","city":"長岡郡本山町","town":"下関"}],"3611":[{"pref":"高知県","city":"長岡郡本山町","town":"上関甲"}],"3612":[{"pref":"高知県","city":"長岡郡本山町","town":"上関乙"}],"3613":[{"pref":"高知県","city":"長岡郡本山町","town":"北山甲"}],"3614":[{"pref":"高知県","city":"長岡郡本山町","town":"北山乙"}],"3615":[{"pref":"高知県","city":"長岡郡本山町","town":"北山丙"}],"3617":[{"pref":"高知県","city":"長岡郡本山町","town":"寺家"}],"3618":[{"pref":"高知県","city":"長岡郡本山町","town":"吉野"}],"3619":[{"pref":"高知県","city":"長岡郡本山町","town":"立野"}],"3620":[{"pref":"高知県","city":"長岡郡本山町","town":"坂本"}],"3621":[{"pref":"高知県","city":"長岡郡本山町","town":"屋所"}],"3622":[{"pref":"高知県","city":"長岡郡本山町","town":"沢ケ内"}],"3623":[{"pref":"高知県","city":"長岡郡本山町","town":"瓜生野"}],"3624":[{"pref":"高知県","city":"長岡郡本山町","town":"七戸"}],"3700":[{"pref":"高知県","city":"土佐郡大川村","town":"以下に掲載がない場合"}],"3701":[{"pref":"高知県","city":"土佐郡大川村","town":"船戸（その他）"}],"3702":[{"pref":"高知県","city":"土佐郡大川村","town":"船戸（桃ケ谷）"}],"3703":[{"pref":"高知県","city":"土佐郡大川村","town":"小松"}],"3704":[{"pref":"高知県","city":"土佐郡大川村","town":"朝谷"}],"3705":[{"pref":"高知県","city":"土佐郡大川村","town":"大北川"}],"3711":[{"pref":"高知県","city":"土佐郡大川村","town":"高野"}],"3712":[{"pref":"高知県","city":"土佐郡大川村","town":"川崎"}],"3713":[{"pref":"高知県","city":"土佐郡大川村","town":"井野川"}],"3714":[{"pref":"高知県","city":"土佐郡大川村","town":"大平"}],"3715":[{"pref":"高知県","city":"土佐郡大川村","town":"小麦畝"}],"3716":[{"pref":"高知県","city":"土佐郡大川村","town":"小北川"}],"3717":[{"pref":"高知県","city":"土佐郡大川村","town":"大薮"}],"3721":[{"pref":"高知県","city":"土佐郡大川村","town":"中切"}],"3722":[{"pref":"高知県","city":"土佐郡大川村","town":"下小南川"}],"3723":[{"pref":"高知県","city":"土佐郡大川村","town":"上小南川"}],"3724":[{"pref":"高知県","city":"土佐郡大川村","town":"南野山"}],"3725":[{"pref":"高知県","city":"土佐郡大川村","town":"下切"}],"3741":[{"pref":"高知県","city":"土佐郡土佐町","town":"柚ノ木"}],"3742":[{"pref":"高知県","city":"土佐郡土佐町","town":"南川"}],"4201":[{"pref":"高知県","city":"香美市","town":"香北町永瀬"}],"4202":[{"pref":"高知県","city":"香美市","town":"香北町蕨野"}],"4203":[{"pref":"高知県","city":"香美市","town":"香北町白石"}],"4204":[{"pref":"高知県","city":"香美市","town":"香北町根須"}],"4205":[{"pref":"高知県","city":"香美市","town":"香北町吉野"}],"4206":[{"pref":"高知県","city":"香美市","town":"香北町小川"}],"4207":[{"pref":"高知県","city":"香美市","town":"香北町西川乙"}],"4208":[{"pref":"高知県","city":"香美市","town":"香北町西川甲"}],"4211":[{"pref":"高知県","city":"香美市","town":"香北町韮生野"}],"4212":[{"pref":"高知県","city":"香美市","town":"香北町美良布"}],"4213":[{"pref":"高知県","city":"香美市","town":"香北町下野尻"}],"4214":[{"pref":"高知県","city":"香美市","town":"香北町太郎丸"}],"4215":[{"pref":"高知県","city":"香美市","town":"香北町岩改"}],"4216":[{"pref":"高知県","city":"香美市","town":"香北町萩野"}],"4217":[{"pref":"高知県","city":"香美市","town":"香北町橋川野"}],"4221":[{"pref":"高知県","city":"香美市","town":"香北町白川"}],"4222":[{"pref":"高知県","city":"香美市","town":"香北町五百蔵"}],"4223":[{"pref":"高知県","city":"香美市","town":"香北町有川"}],"4224":[{"pref":"高知県","city":"香美市","town":"香北町有瀬"}],"4225":[{"pref":"高知県","city":"香美市","town":"香北町西峯"}],"4226":[{"pref":"高知県","city":"香美市","town":"香北町河野"}],"4227":[{"pref":"高知県","city":"香美市","town":"香北町川ノ内"}],"4231":[{"pref":"高知県","city":"香美市","town":"香北町日ノ御子"}],"4232":[{"pref":"高知県","city":"香美市","town":"香北町谷相"}],"4233":[{"pref":"高知県","city":"香美市","town":"香北町中谷"}],"4234":[{"pref":"高知県","city":"香美市","town":"香北町横谷"}],"4235":[{"pref":"高知県","city":"香美市","town":"香北町朴ノ木"}],"4236":[{"pref":"高知県","city":"香美市","town":"香北町永野"}],"4241":[{"pref":"高知県","city":"香美市","town":"香北町大井平"}],"4242":[{"pref":"高知県","city":"香美市","town":"香北町大束"}],"4243":[{"pref":"高知県","city":"香美市","town":"香北町梅久保"}],"4244":[{"pref":"高知県","city":"香美市","town":"香北町日浦込"}],"4245":[{"pref":"高知県","city":"香美市","town":"香北町清爪"}],"4246":[{"pref":"高知県","city":"香美市","town":"香北町日比原"}],"4247":[{"pref":"高知県","city":"香美市","town":"香北町猪野々"}],"4401":[{"pref":"高知県","city":"香美市","town":"物部町大栃"}],"4402":[{"pref":"高知県","city":"香美市","town":"物部町山崎（その他）"}],"4403":[{"pref":"高知県","city":"香美市","town":"物部町押谷"}],"4404":[{"pref":"高知県","city":"香美市","town":"物部町小浜"}],"4405":[{"pref":"高知県","city":"香美市","town":"物部町根木屋"}],"4406":[{"pref":"高知県","city":"香美市","town":"物部町仙頭"}],"4411":[{"pref":"高知県","city":"香美市","town":"物部町中谷川"}],"4412":[{"pref":"高知県","city":"香美市","town":"物部町拓"}],"4413":[{"pref":"高知県","city":"香美市","town":"物部町庄谷相"}],"4414":[{"pref":"高知県","city":"香美市","town":"物部町頓定"}],"4415":[{"pref":"高知県","city":"香美市","town":"物部町舞川"}],"4521":[{"pref":"高知県","city":"香美市","town":"物部町安丸"}],"4522":[{"pref":"高知県","city":"香美市","town":"物部町黒代"}],"4523":[{"pref":"高知県","city":"香美市","town":"物部町神池"}],"4524":[{"pref":"高知県","city":"香美市","town":"物部町楮佐古"}],"4525":[{"pref":"高知県","city":"香美市","town":"物部町柳瀬"}],"4526":[{"pref":"高知県","city":"香美市","town":"物部町五王堂"}],"4527":[{"pref":"高知県","city":"香美市","town":"物部町南池"}],"4528":[{"pref":"高知県","city":"香美市","town":"物部町大西"}],"4529":[{"pref":"高知県","city":"香美市","town":"物部町中上"}],"4530":[{"pref":"高知県","city":"香美市","town":"物部町笹"}],"4531":[{"pref":"高知県","city":"香美市","town":"物部町久保"}],"4641":[{"pref":"高知県","city":"香美市","town":"物部町岡ノ内"}],"4642":[{"pref":"高知県","city":"香美市","town":"物部町別役"}],"4643":[{"pref":"高知県","city":"香美市","town":"物部町市宇"}],"4644":[{"pref":"高知県","city":"香美市","town":"物部町別府"}],"4645":[{"pref":"高知県","city":"香美市","town":"物部町山崎（桑ノ川）"}],"5101":[{"pref":"高知県","city":"高知市","town":"布師田"}],"5102":[{"pref":"高知県","city":"高知市","town":"大津甲"}],"5103":[{"pref":"高知県","city":"高知市","town":"大津乙"}],"5104":[{"pref":"高知県","city":"高知市","town":"介良（その他）"}],"5105":[{"pref":"高知県","city":"高知市","town":"介良甲"}],"5106":[{"pref":"高知県","city":"高知市","town":"介良乙"}],"5107":[{"pref":"高知県","city":"高知市","town":"介良丙"}],"5108":[{"pref":"高知県","city":"高知市","town":"潮見台"}],"5200":[{"pref":"高知県","city":"香南市","town":"以下に掲載がない場合"}],"5201":[{"pref":"高知県","city":"香南市","town":"野市町本村"}],"5202":[{"pref":"高知県","city":"香南市","town":"野市町兎田"}],"5203":[{"pref":"高知県","city":"香南市","town":"野市町中山田"}],"5204":[{"pref":"高知県","city":"香南市","town":"野市町新宮"}],"5205":[{"pref":"高知県","city":"香南市","town":"野市町みどり野東"}],"5206":[{"pref":"高知県","city":"香南市","town":"野市町みどり野"}],"5211":[{"pref":"高知県","city":"香南市","town":"野市町中ノ村"}],"5212":[{"pref":"高知県","city":"香南市","town":"野市町土居"}],"5213":[{"pref":"高知県","city":"香南市","town":"野市町東野"}],"5221":[{"pref":"高知県","city":"香南市","town":"野市町父養寺"}],"5222":[{"pref":"高知県","city":"香南市","town":"野市町母代寺"}],"5223":[{"pref":"高知県","city":"香南市","town":"野市町西佐古"}],"5224":[{"pref":"高知県","city":"香南市","town":"野市町東佐古"}],"5231":[{"pref":"高知県","city":"香南市","town":"野市町深渕"}],"5232":[{"pref":"高知県","city":"香南市","town":"野市町西野"}],"5233":[{"pref":"高知県","city":"香南市","town":"野市町大谷"}],"5234":[{"pref":"高知県","city":"香南市","town":"野市町上岡"}],"5235":[{"pref":"高知県","city":"香南市","town":"野市町下井"}],"5241":[{"pref":"高知県","city":"香南市","town":"吉川町吉原"}],"5242":[{"pref":"高知県","city":"香南市","town":"吉川町古川"}],"5310":[{"pref":"高知県","city":"香南市","town":"赤岡町"}],"5331":[{"pref":"高知県","city":"香南市","town":"香我美町岸本"}],"5332":[{"pref":"高知県","city":"香南市","town":"香我美町徳王子"}],"5451":[{"pref":"高知県","city":"香南市","town":"香我美町上分"}],"5452":[{"pref":"高知県","city":"香南市","town":"香我美町下分"}],"5453":[{"pref":"高知県","city":"香南市","town":"香我美町山北"}],"5454":[{"pref":"高知県","city":"香南市","town":"香我美町口西川"}],"5455":[{"pref":"高知県","city":"香南市","town":"香我美町中西川"}],"5461":[{"pref":"高知県","city":"香南市","town":"香我美町福万"}],"5462":[{"pref":"高知県","city":"香南市","town":"香我美町山川"}],"5463":[{"pref":"高知県","city":"香南市","town":"香我美町末延"}],"5464":[{"pref":"高知県","city":"香南市","town":"香我美町末清"}],"5465":[{"pref":"高知県","city":"香南市","town":"香我美町正延"}],"5466":[{"pref":"高知県","city":"香南市","town":"香我美町別役"}],"5467":[{"pref":"高知県","city":"香南市","town":"香我美町奥西川"}],"5468":[{"pref":"高知県","city":"香南市","town":"香我美町撫川"}],"5469":[{"pref":"高知県","city":"香南市","town":"香我美町舞川"}],"5601":[{"pref":"高知県","city":"香南市","town":"夜須町坪井"}],"5602":[{"pref":"高知県","city":"香南市","town":"夜須町千切"}],"5603":[{"pref":"高知県","city":"香南市","town":"夜須町西山"}],"5604":[{"pref":"高知県","city":"香南市","town":"夜須町出口"}],"5605":[{"pref":"高知県","city":"香南市","town":"夜須町十ノ木"}],"5606":[{"pref":"高知県","city":"香南市","town":"夜須町上夜須"}],"5611":[{"pref":"高知県","city":"香南市","town":"夜須町夜須川"}],"5612":[{"pref":"高知県","city":"香南市","town":"夜須町細川"}],"5613":[{"pref":"高知県","city":"香南市","town":"夜須町国光"}],"5614":[{"pref":"高知県","city":"香南市","town":"夜須町羽尾"}],"5615":[{"pref":"高知県","city":"香南市","town":"夜須町沢谷"}],"5616":[{"pref":"高知県","city":"香南市","town":"夜須町仲木屋"}],"5621":[{"pref":"高知県","city":"香南市","town":"夜須町手結"}],"5622":[{"pref":"高知県","city":"香南市","town":"夜須町手結山"}],"5700":[{"pref":"高知県","city":"安芸郡芸西村","town":"以下に掲載がない場合"}],"5701":[{"pref":"高知県","city":"安芸郡芸西村","town":"和食甲"}],"5702":[{"pref":"高知県","city":"安芸郡芸西村","town":"和食乙"}],"5703":[{"pref":"高知県","city":"安芸郡芸西村","town":"西分甲"}],"5704":[{"pref":"高知県","city":"安芸郡芸西村","town":"西分乙"}],"5705":[{"pref":"高知県","city":"安芸郡芸西村","town":"馬ノ上"}],"5706":[{"pref":"高知県","city":"安芸郡芸西村","town":"道家"}],"5707":[{"pref":"高知県","city":"安芸郡芸西村","town":"国光"}],"5708":[{"pref":"高知県","city":"安芸郡芸西村","town":"久重"}],"6200":[{"pref":"高知県","city":"安芸郡馬路村","town":"以下に掲載がない場合"}],"6201":[{"pref":"高知県","city":"安芸郡馬路村","town":"馬路"}],"6202":[{"pref":"高知県","city":"安芸郡馬路村","town":"魚梁瀬"}],"6400":[{"pref":"高知県","city":"安芸郡奈半利町","town":"以下に掲載がない場合"},{"pref":"高知県","city":"安芸郡安田町","town":"以下に掲載がない場合"},{"pref":"高知県","city":"安芸郡北川村","town":"以下に掲載がない場合"}],"6401":[{"pref":"高知県","city":"安芸郡奈半利町","town":"甲"}],"6402":[{"pref":"高知県","city":"安芸郡奈半利町","town":"乙"}],"6403":[{"pref":"高知県","city":"安芸郡奈半利町","town":"丙"}],"6410":[{"pref":"高知県","city":"安芸郡田野町","town":"田野町一円"}],"6421":[{"pref":"高知県","city":"安芸郡安田町","town":"安田"}],"6422":[{"pref":"高知県","city":"安芸郡安田町","town":"唐浜"}],"6423":[{"pref":"高知県","city":"安芸郡安田町","town":"西島"}],"6424":[{"pref":"高知県","city":"安芸郡安田町","town":"隆見"}],"6425":[{"pref":"高知県","city":"安芸郡安田町","town":"東島"}],"6426":[{"pref":"高知県","city":"安芸郡安田町","town":"間下"}],"6427":[{"pref":"高知県","city":"安芸郡安田町","town":"内京坊"}],"6430":[{"pref":"高知県","city":"安芸郡安田町","town":"正弘"}],"6431":[{"pref":"高知県","city":"安芸郡安田町","town":"別所"}],"6432":[{"pref":"高知県","city":"安芸郡安田町","town":"西ノ川"}],"6433":[{"pref":"高知県","city":"安芸郡安田町","town":"中ノ川"}],"6434":[{"pref":"高知県","city":"安芸郡安田町","town":"与床"}],"6435":[{"pref":"高知県","city":"安芸郡安田町","town":"船倉"}],"6436":[{"pref":"高知県","city":"安芸郡安田町","town":"瀬切"}],"6437":[{"pref":"高知県","city":"安芸郡安田町","town":"中里"}],"6438":[{"pref":"高知県","city":"安芸郡安田町","town":"小川"}],"6439":[{"pref":"高知県","city":"安芸郡安田町","town":"日々入"}],"6441":[{"pref":"高知県","city":"安芸郡北川村","town":"野友甲"}],"6442":[{"pref":"高知県","city":"安芸郡北川村","town":"野友乙"}],"6443":[{"pref":"高知県","city":"安芸郡北川村","town":"加茂"}],"6444":[{"pref":"高知県","city":"安芸郡北川村","town":"野川"}],"6445":[{"pref":"高知県","city":"安芸郡北川村","town":"長山"}],"6446":[{"pref":"高知県","city":"安芸郡北川村","town":"西谷"}],"6447":[{"pref":"高知県","city":"安芸郡北川村","town":"木積"}],"6448":[{"pref":"高知県","city":"安芸郡北川村","town":"宗ノ上"}],"6449":[{"pref":"高知県","city":"安芸郡北川村","town":"柏木"}],"6450":[{"pref":"高知県","city":"安芸郡北川村","town":"和田"}],"6451":[{"pref":"高知県","city":"安芸郡北川村","town":"小島"}],"6452":[{"pref":"高知県","city":"安芸郡北川村","town":"平鍋"}],"6453":[{"pref":"高知県","city":"安芸郡北川村","town":"二タ又"}],"6454":[{"pref":"高知県","city":"安芸郡北川村","town":"島"}],"6455":[{"pref":"高知県","city":"安芸郡北川村","town":"久江ノ上"}],"6456":[{"pref":"高知県","city":"安芸郡北川村","town":"久木"}],"6457":[{"pref":"高知県","city":"安芸郡北川村","town":"弘瀬"}],"6458":[{"pref":"高知県","city":"安芸郡北川村","town":"安倉"}],"6459":[{"pref":"高知県","city":"安芸郡北川村","town":"菅ノ上"}],"6460":[{"pref":"高知県","city":"安芸郡北川村","town":"竹屋敷"}],"6741":[{"pref":"高知県","city":"室戸市","town":"羽根町甲"}],"6742":[{"pref":"高知県","city":"室戸市","town":"羽根町乙"}],"6831":[{"pref":"高知県","city":"室戸市","town":"吉良川町乙"}],"6832":[{"pref":"高知県","city":"室戸市","town":"吉良川町甲"}],"6833":[{"pref":"高知県","city":"室戸市","town":"吉良川町丙"}],"7100":[{"pref":"高知県","city":"室戸市","town":"以下に掲載がない場合"}],"7101":[{"pref":"高知県","city":"室戸市","town":"室戸岬町"}],"7102":[{"pref":"高知県","city":"室戸市","town":"室津"}],"7103":[{"pref":"高知県","city":"室戸市","town":"浮津"}],"7104":[{"pref":"高知県","city":"室戸市","town":"浮津一番町"}],"7105":[{"pref":"高知県","city":"室戸市","town":"浮津二番町"}],"7106":[{"pref":"高知県","city":"室戸市","town":"浮津三番町"}],"7107":[{"pref":"高知県","city":"室戸市","town":"元甲"}],"7108":[{"pref":"高知県","city":"室戸市","town":"元乙"}],"7109":[{"pref":"高知県","city":"室戸市","town":"領家"}],"7220":[{"pref":"高知県","city":"室戸市","town":"佐喜浜町"}],"7300":[{"pref":"高知県","city":"安芸郡東洋町","town":"以下に掲載がない場合"}],"7301":[{"pref":"高知県","city":"安芸郡東洋町","town":"野根丙"}],"7302":[{"pref":"高知県","city":"安芸郡東洋町","town":"野根甲"}],"7303":[{"pref":"高知県","city":"安芸郡東洋町","town":"野根丁"}],"7304":[{"pref":"高知県","city":"安芸郡東洋町","town":"野根乙"}],"7411":[{"pref":"高知県","city":"安芸郡東洋町","town":"甲浦"}],"7412":[{"pref":"高知県","city":"安芸郡東洋町","town":"河内"}],"7413":[{"pref":"高知県","city":"安芸郡東洋町","town":"白浜"}],"7414":[{"pref":"高知県","city":"安芸郡東洋町","town":"生見"}],"8001":[{"pref":"高知県","city":"高知市","town":"土居町"}],"8002":[{"pref":"高知県","city":"高知市","town":"役知町"}],"8003":[{"pref":"高知県","city":"高知市","town":"北新田町"}],"8004":[{"pref":"高知県","city":"高知市","town":"新田町"}],"8005":[{"pref":"高知県","city":"高知市","town":"南新田町"}],"8006":[{"pref":"高知県","city":"高知市","town":"萩町"}],"8007":[{"pref":"高知県","city":"高知市","town":"仲田町"}],"8008":[{"pref":"高知県","city":"高知市","town":"潮新町"}],"8010":[{"pref":"高知県","city":"高知市","town":"桟橋通"}],"8016":[{"pref":"高知県","city":"高知市","town":"南ノ丸町"}],"8101":[{"pref":"高知県","city":"高知市","town":"高須砂地"}],"8102":[{"pref":"高知県","city":"高知市","town":"高須本町"}],"8103":[{"pref":"高知県","city":"高知市","town":"高須新木"}],"8104":[{"pref":"高知県","city":"高知市","town":"高須（丁目）"}],"8105":[{"pref":"高知県","city":"高知市","town":"高須東町"}],"8111":[{"pref":"高知県","city":"高知市","town":"高須大島"}],"8112":[{"pref":"高知県","city":"高知市","town":"高須大谷"}],"8113":[{"pref":"高知県","city":"高知市","town":"高須絶海"}],"8114":[{"pref":"高知県","city":"高知市","town":"高須西町"}],"8121":[{"pref":"高知県","city":"高知市","town":"葛島"}],"8122":[{"pref":"高知県","city":"高知市","town":"高須新町"}],"8123":[{"pref":"高知県","city":"高知市","town":"高須"}],"8124":[{"pref":"高知県","city":"高知市","town":"屋頭"}],"8125":[{"pref":"高知県","city":"高知市","town":"五台山"}],"8126":[{"pref":"高知県","city":"高知市","town":"吸江"}],"8130":[{"pref":"高知県","city":"高知市","town":"一宮"}],"8131":[{"pref":"高知県","city":"高知市","town":"一宮しなね"}],"8132":[{"pref":"高知県","city":"高知市","town":"一宮東町"}],"8133":[{"pref":"高知県","city":"高知市","town":"一宮徳谷"}],"8134":[{"pref":"高知県","city":"高知市","town":"一宮中町"}],"8135":[{"pref":"高知県","city":"高知市","town":"一宮南町"}],"8136":[{"pref":"高知県","city":"高知市","town":"一宮西町"}],"0813":[{"pref":"高知県","city":"高知市","town":"青柳町"}],"0010":[{"pref":"高知県","city":"高知市","town":"薊野"}],"0013":[{"pref":"高知県","city":"高知市","town":"薊野中町"}],"0012":[{"pref":"高知県","city":"高知市","town":"薊野東町"}],"0015":[{"pref":"高知県","city":"高知市","town":"薊野西町"}],"0014":[{"pref":"高知県","city":"高知市","town":"薊野南町"}],"0011":[{"pref":"高知県","city":"高知市","town":"薊野北町"}],"0111":[{"pref":"高知県","city":"高知市","town":"池"}],"0814":[{"pref":"高知県","city":"高知市","town":"稲荷町"}],"0262":[{"pref":"高知県","city":"高知市","town":"浦戸"}],"0086":[{"pref":"高知県","city":"高知市","town":"海老ノ丸"}],"0801":[{"pref":"高知県","city":"高知市","town":"小倉町"}],"0073":[{"pref":"高知県","city":"高知市","town":"北金田"}],"0081":[{"pref":"高知県","city":"高知市","town":"北川添"}],"0088":[{"pref":"高知県","city":"高知市","town":"北久保"}],"0083":[{"pref":"高知県","city":"高知市","town":"北御座"}],"0832":[{"pref":"高知県","city":"高知市","town":"九反田"}],"0811":[{"pref":"高知県","city":"高知市","town":"弘化台"}],"0805":[{"pref":"高知県","city":"高知市","town":"東雲町"}],"0250":[{"pref":"高知県","city":"高知市","town":"瀬戸"}],"0252":[{"pref":"高知県","city":"高知市","town":"瀬戸東町"}],"0251":[{"pref":"高知県","city":"高知市","town":"瀬戸西町"}],"0253":[{"pref":"高知県","city":"高知市","town":"瀬戸南町"}],"0113":[{"pref":"高知県","city":"高知市","town":"種崎"}],"0806":[{"pref":"高知県","city":"高知市","town":"知寄町"}],"0114":[{"pref":"高知県","city":"高知市","town":"十津"}],"0831":[{"pref":"高知県","city":"高知市","town":"中の島"}],"0270":[{"pref":"高知県","city":"高知市","town":"長浜"}],"0245":[{"pref":"高知県","city":"高知市","town":"長浜蒔絵台"}],"0271":[{"pref":"高知県","city":"高知市","town":"長浜宮田"}],"0112":[{"pref":"高知県","city":"高知市","town":"仁井田"}],"0321":[{"pref":"高知県","city":"高知市","town":"春野町秋山"}],"0313":[{"pref":"高知県","city":"高知市","town":"春野町内ノ谷"}],"0322":[{"pref":"高知県","city":"高知市","town":"春野町甲殿"}],"0324":[{"pref":"高知県","city":"高知市","town":"春野町西畑"}],"0304":[{"pref":"高知県","city":"高知市","town":"春野町西分"}],"0316":[{"pref":"高知県","city":"高知市","town":"春野町西諸木"}],"0323":[{"pref":"高知県","city":"高知市","town":"春野町仁ノ"}],"0315":[{"pref":"高知県","city":"高知市","town":"春野町東諸木"}],"0301":[{"pref":"高知県","city":"高知市","town":"春野町弘岡上"}],"0303":[{"pref":"高知県","city":"高知市","town":"春野町弘岡下"}],"0302":[{"pref":"高知県","city":"高知市","town":"春野町弘岡中"}],"0312":[{"pref":"高知県","city":"高知市","town":"春野町平和"}],"0314":[{"pref":"高知県","city":"高知市","town":"春野町南ケ丘"}],"0325":[{"pref":"高知県","city":"高知市","town":"春野町森山"}],"0311":[{"pref":"高知県","city":"高知市","town":"春野町芳原"}],"0804":[{"pref":"高知県","city":"高知市","town":"日の出町"}],"0085":[{"pref":"高知県","city":"高知市","town":"札場"}],"0815":[{"pref":"高知県","city":"高知市","town":"二葉町"}],"0802":[{"pref":"高知県","city":"高知市","town":"丸池町"}],"0074":[{"pref":"高知県","city":"高知市","town":"南金田"}],"0082":[{"pref":"高知県","city":"高知市","town":"南川添"}],"0087":[{"pref":"高知県","city":"高知市","town":"南久保"}],"0084":[{"pref":"高知県","city":"高知市","town":"南御座"}],"0261":[{"pref":"高知県","city":"高知市","town":"御畳瀬"}],"0803":[{"pref":"高知県","city":"高知市","town":"弥生町"}],"0240":[{"pref":"高知県","city":"高知市","town":"横浜"}],"0241":[{"pref":"高知県","city":"高知市","town":"横浜新町"}],"0242":[{"pref":"高知県","city":"高知市","town":"横浜西町"}],"0243":[{"pref":"高知県","city":"高知市","town":"横浜東町"}],"0244":[{"pref":"高知県","city":"高知市","town":"横浜南町"}],"0812":[{"pref":"高知県","city":"高知市","town":"若松町"}]}