{"0000":[{"pref":"沖縄県","city":"那覇市","town":"以下に掲載がない場合"}],"0002":[{"pref":"沖縄県","city":"那覇市","town":"曙"}],"0029":[{"pref":"沖縄県","city":"那覇市","town":"旭町"}],"0003":[{"pref":"沖縄県","city":"那覇市","town":"安謝"}],"0005":[{"pref":"沖縄県","city":"那覇市","town":"天久"}],"0021":[{"pref":"沖縄県","city":"那覇市","town":"泉崎"}],"0011":[{"pref":"沖縄県","city":"那覇市","town":"上之屋"}],"0026":[{"pref":"沖縄県","city":"那覇市","town":"奥武山町"}],"0006":[{"pref":"沖縄県","city":"那覇市","town":"おもろまち"}],"0028":[{"pref":"沖縄県","city":"那覇市","town":"垣花町"}],"0033":[{"pref":"沖縄県","city":"那覇市","town":"久米"}],"0015":[{"pref":"沖縄県","city":"那覇市","town":"久茂地"}],"0024":[{"pref":"沖縄県","city":"那覇市","town":"古波蔵"}],"0023":[{"pref":"沖縄県","city":"那覇市","town":"楚辺"}],"0037":[{"pref":"沖縄県","city":"那覇市","town":"辻"}],"0025":[{"pref":"沖縄県","city":"那覇市","town":"壺川"}],"0012":[{"pref":"沖縄県","city":"那覇市","town":"泊"}],"0035":[{"pref":"沖縄県","city":"那覇市","town":"通堂町"}],"0036":[{"pref":"沖縄県","city":"那覇市","town":"西"}],"0034":[{"pref":"沖縄県","city":"那覇市","town":"東町"}],"0022":[{"pref":"沖縄県","city":"那覇市","town":"樋川"}],"0016":[{"pref":"沖縄県","city":"那覇市","town":"前島"}],"0013":[{"pref":"沖縄県","city":"那覇市","town":"牧志"}],"0014":[{"pref":"沖縄県","city":"那覇市","town":"松尾"}],"0032":[{"pref":"沖縄県","city":"那覇市","town":"松山"}],"0001":[{"pref":"沖縄県","city":"那覇市","town":"港町"}],"0004":[{"pref":"沖縄県","city":"那覇市","town":"銘苅"}],"0027":[{"pref":"沖縄県","city":"那覇市","town":"山下町"}],"0031":[{"pref":"沖縄県","city":"那覇市","town":"若狭"}]}