{"0000":[{"pref":"愛知県","city":"岩倉市","town":"以下に掲載がない場合"}],"0024":[{"pref":"愛知県","city":"岩倉市","town":"旭町"}],"0034":[{"pref":"愛知県","city":"岩倉市","town":"石仏町"}],"0045":[{"pref":"愛知県","city":"岩倉市","town":"泉町"}],"0012":[{"pref":"愛知県","city":"岩倉市","town":"稲荷町"}],"0006":[{"pref":"愛知県","city":"岩倉市","town":"稲荷町羽根"}],"0032":[{"pref":"愛知県","city":"岩倉市","town":"井上町"}],"0033":[{"pref":"愛知県","city":"岩倉市","town":"神野町"}],"0015":[{"pref":"愛知県","city":"岩倉市","town":"川井町"}],"0017":[{"pref":"愛知県","city":"岩倉市","town":"北島町"}],"0004":[{"pref":"愛知県","city":"岩倉市","town":"五条町"}],"0036":[{"pref":"愛知県","city":"岩倉市","town":"西市町"}],"0022":[{"pref":"愛知県","city":"岩倉市","town":"栄町"}],"0005":[{"pref":"愛知県","city":"岩倉市","town":"下本町"}],"0011":[{"pref":"愛知県","city":"岩倉市","town":"昭和町"}],"0021":[{"pref":"愛知県","city":"岩倉市","town":"新柳町"}],"0035":[{"pref":"愛知県","city":"岩倉市","town":"鈴井町"}],"0003":[{"pref":"愛知県","city":"岩倉市","town":"曽野町"}],"0002":[{"pref":"愛知県","city":"岩倉市","town":"大市場町"}],"0014":[{"pref":"愛知県","city":"岩倉市","town":"大山寺町"}],"0018":[{"pref":"愛知県","city":"岩倉市","town":"大山寺本町"}],"0007":[{"pref":"愛知県","city":"岩倉市","town":"大山寺元町"}],"0025":[{"pref":"愛知県","city":"岩倉市","town":"大地新町"}],"0026":[{"pref":"愛知県","city":"岩倉市","town":"大地町"}],"0023":[{"pref":"愛知県","city":"岩倉市","town":"中央町"}],"0046":[{"pref":"愛知県","city":"岩倉市","town":"中野町"}],"0042":[{"pref":"愛知県","city":"岩倉市","town":"中本町"}],"0016":[{"pref":"愛知県","city":"岩倉市","town":"野寄町"}],"0001":[{"pref":"愛知県","city":"岩倉市","town":"東新町"}],"0041":[{"pref":"愛知県","city":"岩倉市","town":"東町"}],"0043":[{"pref":"愛知県","city":"岩倉市","town":"本町"}],"0013":[{"pref":"愛知県","city":"岩倉市","town":"南新町"}],"0044":[{"pref":"愛知県","city":"岩倉市","town":"宮前町"}],"0031":[{"pref":"愛知県","city":"岩倉市","town":"八剱町"}]}