{"0052":[{"pref":"神奈川県","city":"横浜市戸塚区","town":"秋葉町"}],"0064":[{"pref":"神奈川県","city":"横浜市戸塚区","town":"影取町"}],"0053":[{"pref":"神奈川県","city":"横浜市戸塚区","town":"上矢部町"}],"0061":[{"pref":"神奈川県","city":"横浜市戸塚区","town":"汲沢"}],"0062":[{"pref":"神奈川県","city":"横浜市戸塚区","town":"汲沢町"}],"0051":[{"pref":"神奈川県","city":"横浜市戸塚区","town":"名瀬町"}],"0063":[{"pref":"神奈川県","city":"横浜市戸塚区","town":"原宿"}],"0065":[{"pref":"神奈川県","city":"横浜市戸塚区","town":"東俣野町"}],"0067":[{"pref":"神奈川県","city":"横浜市戸塚区","town":"深谷町"}],"0066":[{"pref":"神奈川県","city":"横浜市戸塚区","town":"俣野町"}],"0000":[{"pref":"神奈川県","city":"横浜市泉区","town":"以下に掲載がない場合"}],"0001":[{"pref":"神奈川県","city":"横浜市泉区","town":"池の谷"}],"0022":[{"pref":"神奈川県","city":"横浜市泉区","town":"和泉が丘"}],"0024":[{"pref":"神奈川県","city":"横浜市泉区","town":"和泉中央北"}],"0023":[{"pref":"神奈川県","city":"横浜市泉区","town":"和泉中央南"}],"0016":[{"pref":"神奈川県","city":"横浜市泉区","town":"和泉町"}],"0003":[{"pref":"神奈川県","city":"横浜市泉区","town":"岡津町"}],"0007":[{"pref":"神奈川県","city":"横浜市泉区","town":"桂坂"}],"0018":[{"pref":"神奈川県","city":"横浜市泉区","town":"上飯田町"}],"0017":[{"pref":"神奈川県","city":"横浜市泉区","town":"下飯田町"}],"0021":[{"pref":"神奈川県","city":"横浜市泉区","town":"下和泉"}],"0005":[{"pref":"神奈川県","city":"横浜市泉区","town":"白百合"}],"0009":[{"pref":"神奈川県","city":"横浜市泉区","town":"新橋町"}],"0011":[{"pref":"神奈川県","city":"横浜市泉区","town":"中田町"}],"0013":[{"pref":"神奈川県","city":"横浜市泉区","town":"中田東"}],"0015":[{"pref":"神奈川県","city":"横浜市泉区","town":"中田西"}],"0014":[{"pref":"神奈川県","city":"横浜市泉区","town":"中田南"}],"0012":[{"pref":"神奈川県","city":"横浜市泉区","town":"中田北"}],"0006":[{"pref":"神奈川県","city":"横浜市泉区","town":"西が岡"}],"0008":[{"pref":"神奈川県","city":"横浜市泉区","town":"弥生台"}],"0004":[{"pref":"神奈川県","city":"横浜市泉区","town":"領家"}],"0002":[{"pref":"神奈川県","city":"横浜市泉区","town":"緑園"}]}