{"6001":[{"pref":"東京都","city":"中央区","town":"日本橋東京日本橋タワー（１階）"}],"6002":[{"pref":"東京都","city":"中央区","town":"日本橋東京日本橋タワー（２階）"}],"6003":[{"pref":"東京都","city":"中央区","town":"日本橋東京日本橋タワー（３階）"}],"6004":[{"pref":"東京都","city":"中央区","town":"日本橋東京日本橋タワー（４階）"}],"6005":[{"pref":"東京都","city":"中央区","town":"日本橋東京日本橋タワー（５階）"}],"6006":[{"pref":"東京都","city":"中央区","town":"日本橋東京日本橋タワー（６階）"}],"6007":[{"pref":"東京都","city":"中央区","town":"日本橋東京日本橋タワー（７階）"}],"6008":[{"pref":"東京都","city":"中央区","town":"日本橋東京日本橋タワー（８階）"}],"6009":[{"pref":"東京都","city":"中央区","town":"日本橋東京日本橋タワー（９階）"}],"6010":[{"pref":"東京都","city":"中央区","town":"日本橋東京日本橋タワー（１０階）"}],"6011":[{"pref":"東京都","city":"中央区","town":"日本橋東京日本橋タワー（１１階）"}],"6012":[{"pref":"東京都","city":"中央区","town":"日本橋東京日本橋タワー（１２階）"}],"6013":[{"pref":"東京都","city":"中央区","town":"日本橋東京日本橋タワー（１３階）"}],"6014":[{"pref":"東京都","city":"中央区","town":"日本橋東京日本橋タワー（１４階）"}],"6015":[{"pref":"東京都","city":"中央区","town":"日本橋東京日本橋タワー（１５階）"}],"6016":[{"pref":"東京都","city":"中央区","town":"日本橋東京日本橋タワー（１６階）"}],"6017":[{"pref":"東京都","city":"中央区","town":"日本橋東京日本橋タワー（１７階）"}],"6018":[{"pref":"東京都","city":"中央区","town":"日本橋東京日本橋タワー（１８階）"}],"6019":[{"pref":"東京都","city":"中央区","town":"日本橋東京日本橋タワー（１９階）"}],"6020":[{"pref":"東京都","city":"中央区","town":"日本橋東京日本橋タワー（２０階）"}],"6021":[{"pref":"東京都","city":"中央区","town":"日本橋東京日本橋タワー（２１階）"}],"6022":[{"pref":"東京都","city":"中央区","town":"日本橋東京日本橋タワー（２２階）"}],"6023":[{"pref":"東京都","city":"中央区","town":"日本橋東京日本橋タワー（２３階）"}],"6024":[{"pref":"東京都","city":"中央区","town":"日本橋東京日本橋タワー（２４階）"}],"6025":[{"pref":"東京都","city":"中央区","town":"日本橋東京日本橋タワー（２５階）"}],"6026":[{"pref":"東京都","city":"中央区","town":"日本橋東京日本橋タワー（２６階）"}],"6027":[{"pref":"東京都","city":"中央区","town":"日本橋東京日本橋タワー（２７階）"}],"6028":[{"pref":"東京都","city":"中央区","town":"日本橋東京日本橋タワー（２８階）"}],"6029":[{"pref":"東京都","city":"中央区","town":"日本橋東京日本橋タワー（２９階）"}],"6030":[{"pref":"東京都","city":"中央区","town":"日本橋東京日本橋タワー（３０階）"}],"6031":[{"pref":"東京都","city":"中央区","town":"日本橋東京日本橋タワー（３１階）"}],"6032":[{"pref":"東京都","city":"中央区","town":"日本橋東京日本橋タワー（３２階）"}],"6033":[{"pref":"東京都","city":"中央区","town":"日本橋東京日本橋タワー（３３階）"}],"6034":[{"pref":"東京都","city":"中央区","town":"日本橋東京日本橋タワー（３４階）"}],"6035":[{"pref":"東京都","city":"中央区","town":"日本橋東京日本橋タワー（３５階）"}],"6090":[{"pref":"東京都","city":"中央区","town":"日本橋東京日本橋タワー（地階・階層不明）"}],"6101":[{"pref":"東京都","city":"中央区","town":"日本橋日本橋高島屋三井ビルディング（１階）"}],"6102":[{"pref":"東京都","city":"中央区","town":"日本橋日本橋高島屋三井ビルディング（２階）"}],"6103":[{"pref":"東京都","city":"中央区","town":"日本橋日本橋高島屋三井ビルディング（３階）"}],"6104":[{"pref":"東京都","city":"中央区","town":"日本橋日本橋高島屋三井ビルディング（４階）"}],"6105":[{"pref":"東京都","city":"中央区","town":"日本橋日本橋高島屋三井ビルディング（５階）"}],"6106":[{"pref":"東京都","city":"中央区","town":"日本橋日本橋高島屋三井ビルディング（６階）"}],"6107":[{"pref":"東京都","city":"中央区","town":"日本橋日本橋高島屋三井ビルディング（７階）"}],"6108":[{"pref":"東京都","city":"中央区","town":"日本橋日本橋高島屋三井ビルディング（８階）"}],"6109":[{"pref":"東京都","city":"中央区","town":"日本橋日本橋高島屋三井ビルディング（９階）"}],"6110":[{"pref":"東京都","city":"中央区","town":"日本橋日本橋高島屋三井ビルディング（１０階）"}],"6111":[{"pref":"東京都","city":"中央区","town":"日本橋日本橋高島屋三井ビルディング（１１階）"}],"6112":[{"pref":"東京都","city":"中央区","town":"日本橋日本橋高島屋三井ビルディング（１２階）"}],"6113":[{"pref":"東京都","city":"中央区","town":"日本橋日本橋高島屋三井ビルディング（１３階）"}],"6114":[{"pref":"東京都","city":"中央区","town":"日本橋日本橋高島屋三井ビルディング（１４階）"}],"6115":[{"pref":"東京都","city":"中央区","town":"日本橋日本橋高島屋三井ビルディング（１５階）"}],"6116":[{"pref":"東京都","city":"中央区","town":"日本橋日本橋高島屋三井ビルディング（１６階）"}],"6117":[{"pref":"東京都","city":"中央区","town":"日本橋日本橋高島屋三井ビルディング（１７階）"}],"6118":[{"pref":"東京都","city":"中央区","town":"日本橋日本橋高島屋三井ビルディング（１８階）"}],"6119":[{"pref":"東京都","city":"中央区","town":"日本橋日本橋高島屋三井ビルディング（１９階）"}],"6120":[{"pref":"東京都","city":"中央区","town":"日本橋日本橋高島屋三井ビルディング（２０階）"}],"6121":[{"pref":"東京都","city":"中央区","town":"日本橋日本橋高島屋三井ビルディング（２１階）"}],"6122":[{"pref":"東京都","city":"中央区","town":"日本橋日本橋高島屋三井ビルディング（２２階）"}],"6123":[{"pref":"東京都","city":"中央区","town":"日本橋日本橋高島屋三井ビルディング（２３階）"}],"6124":[{"pref":"東京都","city":"中央区","town":"日本橋日本橋高島屋三井ビルディング（２４階）"}],"6125":[{"pref":"東京都","city":"中央区","town":"日本橋日本橋高島屋三井ビルディング（２５階）"}],"6126":[{"pref":"東京都","city":"中央区","town":"日本橋日本橋高島屋三井ビルディング（２６階）"}],"6127":[{"pref":"東京都","city":"中央区","town":"日本橋日本橋高島屋三井ビルディング（２７階）"}],"6128":[{"pref":"東京都","city":"中央区","town":"日本橋日本橋高島屋三井ビルディング（２８階）"}],"6129":[{"pref":"東京都","city":"中央区","town":"日本橋日本橋高島屋三井ビルディング（２９階）"}],"6130":[{"pref":"東京都","city":"中央区","town":"日本橋日本橋高島屋三井ビルディング（３０階）"}],"6131":[{"pref":"東京都","city":"中央区","town":"日本橋日本橋高島屋三井ビルディング（３１階）"}],"6132":[{"pref":"東京都","city":"中央区","town":"日本橋日本橋高島屋三井ビルディング（３２階）"}],"6190":[{"pref":"東京都","city":"中央区","town":"日本橋日本橋高島屋三井ビルディング（地階・階層不明）"}],"0000":[{"pref":"東京都","city":"中央区","town":"以下に掲載がない場合"}],"0027":[{"pref":"東京都","city":"中央区","town":"日本橋（次のビルを除く）"}],"0011":[{"pref":"東京都","city":"中央区","town":"日本橋大伝馬町"}],"0014":[{"pref":"東京都","city":"中央区","town":"日本橋蛎殻町"}],"0026":[{"pref":"東京都","city":"中央区","town":"日本橋兜町"}],"0025":[{"pref":"東京都","city":"中央区","town":"日本橋茅場町"}],"0016":[{"pref":"東京都","city":"中央区","town":"日本橋小網町"}],"0001":[{"pref":"東京都","city":"中央区","town":"日本橋小伝馬町"}],"0024":[{"pref":"東京都","city":"中央区","town":"日本橋小舟町"}],"0006":[{"pref":"東京都","city":"中央区","town":"日本橋富沢町"}],"0008":[{"pref":"東京都","city":"中央区","town":"日本橋中洲"}],"0013":[{"pref":"東京都","city":"中央区","town":"日本橋人形町"}],"0015":[{"pref":"東京都","city":"中央区","town":"日本橋箱崎町"}],"0007":[{"pref":"東京都","city":"中央区","town":"日本橋浜町"}],"0002":[{"pref":"東京都","city":"中央区","town":"日本橋馬喰町"}],"0005":[{"pref":"東京都","city":"中央区","town":"日本橋久松町"}],"0012":[{"pref":"東京都","city":"中央区","town":"日本橋堀留町"}],"0021":[{"pref":"東京都","city":"中央区","town":"日本橋本石町"}],"0023":[{"pref":"東京都","city":"中央区","town":"日本橋本町"}],"0022":[{"pref":"東京都","city":"中央区","town":"日本橋室町"}],"0003":[{"pref":"東京都","city":"中央区","town":"日本橋横山町"}],"0004":[{"pref":"東京都","city":"中央区","town":"東日本橋"}],"0028":[{"pref":"東京都","city":"中央区","town":"八重洲（１丁目）"}]}