{"0026":[{"pref":"岡山県","city":"真庭市","town":"荒田"}],"0421":[{"pref":"岡山県","city":"真庭市","town":"粟谷"}],"0413":[{"pref":"岡山県","city":"真庭市","town":"禾津"}],"0745":[{"pref":"岡山県","city":"真庭市","town":"岩井畝"}],"0744":[{"pref":"岡山県","city":"真庭市","town":"岩井谷"}],"0742":[{"pref":"岡山県","city":"真庭市","town":"後谷"}],"0025":[{"pref":"岡山県","city":"真庭市","town":"後谷畝"}],"0023":[{"pref":"岡山県","city":"真庭市","town":"江川"}],"0015":[{"pref":"岡山県","city":"真庭市","town":"岡"}],"0013":[{"pref":"岡山県","city":"真庭市","town":"勝山"}],"0101":[{"pref":"岡山県","city":"真庭市","town":"鉄山"}],"0746":[{"pref":"岡山県","city":"真庭市","town":"上"}],"0004":[{"pref":"岡山県","city":"真庭市","town":"神庭"}],"0414":[{"pref":"岡山県","city":"真庭市","town":"釘貫小川"}],"0006":[{"pref":"岡山県","city":"真庭市","town":"組"}],"0423":[{"pref":"岡山県","city":"真庭市","town":"黒杭"}],"0102":[{"pref":"岡山県","city":"真庭市","town":"黒田"}],"0027":[{"pref":"岡山県","city":"真庭市","town":"神代"}],"0736":[{"pref":"岡山県","city":"真庭市","town":"古呂々尾中"}],"0022":[{"pref":"岡山県","city":"真庭市","town":"三田"}],"0014":[{"pref":"岡山県","city":"真庭市","town":"柴原"}],"0735":[{"pref":"岡山県","city":"真庭市","town":"下岩"}],"0403":[{"pref":"岡山県","city":"真庭市","town":"下湯原"}],"0002":[{"pref":"岡山県","city":"真庭市","town":"菅谷"}],"0737":[{"pref":"岡山県","city":"真庭市","town":"清谷"}],"0732":[{"pref":"岡山県","city":"真庭市","town":"高田山上"}],"0103":[{"pref":"岡山県","city":"真庭市","town":"田口"}],"0003":[{"pref":"岡山県","city":"真庭市","town":"竹原"}],"0424":[{"pref":"岡山県","city":"真庭市","town":"種"}],"0401":[{"pref":"岡山県","city":"真庭市","town":"田羽根"}],"0024":[{"pref":"岡山県","city":"真庭市","town":"月田"}],"0743":[{"pref":"岡山県","city":"真庭市","town":"月田本"}],"0415":[{"pref":"岡山県","city":"真庭市","town":"都喜足"}],"0406":[{"pref":"岡山県","city":"真庭市","town":"豊栄"}],"0416":[{"pref":"岡山県","city":"真庭市","town":"仲間"}],"0734":[{"pref":"岡山県","city":"真庭市","town":"野"}],"0104":[{"pref":"岡山県","city":"真庭市","town":"延風"}],"0405":[{"pref":"岡山県","city":"真庭市","town":"久見"}],"0425":[{"pref":"岡山県","city":"真庭市","town":"小童谷"}],"0612":[{"pref":"岡山県","city":"真庭市","town":"蒜山上徳山"}],"0505":[{"pref":"岡山県","city":"真庭市","town":"蒜山上長田"}],"0602":[{"pref":"岡山県","city":"真庭市","town":"蒜山上福田"}],"0513":[{"pref":"岡山県","city":"真庭市","town":"蒜山下和"}],"0613":[{"pref":"岡山県","city":"真庭市","town":"蒜山下徳山"}],"0506":[{"pref":"岡山県","city":"真庭市","town":"蒜山下長田"}],"0504":[{"pref":"岡山県","city":"真庭市","town":"蒜山下福田"}],"0507":[{"pref":"岡山県","city":"真庭市","town":"蒜山下見"}],"0502":[{"pref":"岡山県","city":"真庭市","town":"蒜山富掛田"}],"0503":[{"pref":"岡山県","city":"真庭市","town":"蒜山富山根"}],"0501":[{"pref":"岡山県","city":"真庭市","town":"蒜山中福田"}],"0604":[{"pref":"岡山県","city":"真庭市","town":"蒜山西茅部"}],"0511":[{"pref":"岡山県","city":"真庭市","town":"蒜山初和"}],"0603":[{"pref":"岡山県","city":"真庭市","town":"蒜山東茅部"}],"0515":[{"pref":"岡山県","city":"真庭市","town":"蒜山別所"}],"0611":[{"pref":"岡山県","city":"真庭市","town":"蒜山本茅部"}],"0512":[{"pref":"岡山県","city":"真庭市","town":"蒜山真加子"}],"0601":[{"pref":"岡山県","city":"真庭市","town":"蒜山湯船"}],"0514":[{"pref":"岡山県","city":"真庭市","town":"蒜山吉田"}],"0021":[{"pref":"岡山県","city":"真庭市","town":"福谷"}],"0422":[{"pref":"岡山県","city":"真庭市","town":"藤森"}],"0001":[{"pref":"岡山県","city":"真庭市","town":"星山"}],"0007":[{"pref":"岡山県","city":"真庭市","town":"本郷"}],"0412":[{"pref":"岡山県","city":"真庭市","town":"本庄"}],"0017":[{"pref":"岡山県","city":"真庭市","town":"真賀"}],"0731":[{"pref":"岡山県","city":"真庭市","town":"曲り"}],"0016":[{"pref":"岡山県","city":"真庭市","town":"正吉"}],"0411":[{"pref":"岡山県","city":"真庭市","town":"見明戸"}],"0011":[{"pref":"岡山県","city":"真庭市","town":"見尾"}],"0105":[{"pref":"岡山県","city":"真庭市","town":"美甘"}],"0426":[{"pref":"岡山県","city":"真庭市","town":"三世七原"}],"0404":[{"pref":"岡山県","city":"真庭市","town":"社"}],"0012":[{"pref":"岡山県","city":"真庭市","town":"山久世"}],"0402":[{"pref":"岡山県","city":"真庭市","town":"湯原温泉"}],"0005":[{"pref":"岡山県","city":"真庭市","town":"横部"}],"0741":[{"pref":"岡山県","city":"真庭市","town":"若代"}],"0733":[{"pref":"岡山県","city":"真庭市","town":"若代畝"}],"0201":[{"pref":"岡山県","city":"真庭郡新庄村","town":"新庄村一円"}]}