{"0011":[{"pref":"神奈川県","city":"横浜市青葉区","town":"あざみ野"}],"0012":[{"pref":"神奈川県","city":"横浜市青葉区","town":"あざみ野南"}],"0024":[{"pref":"神奈川県","city":"横浜市青葉区","town":"市ケ尾町"}],"0002":[{"pref":"神奈川県","city":"横浜市青葉区","town":"美しが丘"}],"0001":[{"pref":"神奈川県","city":"横浜市青葉区","town":"美しが丘西"}],"0005":[{"pref":"神奈川県","city":"横浜市青葉区","town":"荏子田"}],"0013":[{"pref":"神奈川県","city":"横浜市青葉区","town":"荏田町"}],"0014":[{"pref":"神奈川県","city":"横浜市青葉区","town":"荏田西"}],"0015":[{"pref":"神奈川県","city":"横浜市青葉区","town":"荏田北"}],"0023":[{"pref":"神奈川県","city":"横浜市青葉区","town":"大場町"}],"0025":[{"pref":"神奈川県","city":"横浜市青葉区","town":"鉄町"}],"0022":[{"pref":"神奈川県","city":"横浜市青葉区","town":"黒須田"}],"0003":[{"pref":"神奈川県","city":"横浜市青葉区","town":"新石川"}],"0021":[{"pref":"神奈川県","city":"横浜市青葉区","town":"すすき野"}],"0016":[{"pref":"神奈川県","city":"横浜市青葉区","town":"みすずが丘"}],"0004":[{"pref":"神奈川県","city":"横浜市青葉区","town":"元石川町"}],"0026":[{"pref":"神奈川県","city":"横浜市青葉区","town":"もみの木台"}]}