{"0000":[{"pref":"神奈川県","city":"横浜市緑区","town":"以下に掲載がない場合"}],"0022":[{"pref":"神奈川県","city":"横浜市緑区","town":"青砥町"}],"0028":[{"pref":"神奈川県","city":"横浜市緑区","town":"いぶき野"}],"0012":[{"pref":"神奈川県","city":"横浜市緑区","town":"上山"}],"0003":[{"pref":"神奈川県","city":"横浜市緑区","town":"鴨居"}],"0004":[{"pref":"神奈川県","city":"横浜市緑区","town":"鴨居町"}],"0021":[{"pref":"神奈川県","city":"横浜市緑区","town":"北八朔町"}],"0016":[{"pref":"神奈川県","city":"横浜市緑区","town":"霧が丘"}],"0023":[{"pref":"神奈川県","city":"横浜市緑区","town":"小山町"}],"0014":[{"pref":"神奈川県","city":"横浜市緑区","town":"台村町"}],"0005":[{"pref":"神奈川県","city":"横浜市緑区","town":"竹山"}],"0013":[{"pref":"神奈川県","city":"横浜市緑区","town":"寺山町"}],"0025":[{"pref":"神奈川県","city":"横浜市緑区","town":"十日市場町"}],"0019":[{"pref":"神奈川県","city":"横浜市緑区","town":"中山"}],"0027":[{"pref":"神奈川県","city":"横浜市緑区","town":"長津田"}],"0026":[{"pref":"神奈川県","city":"横浜市緑区","town":"長津田町"}],"0018":[{"pref":"神奈川県","city":"横浜市緑区","town":"長津田みなみ台"}],"0017":[{"pref":"神奈川県","city":"横浜市緑区","town":"新治町"}],"0024":[{"pref":"神奈川県","city":"横浜市緑区","town":"西八朔町"}],"0006":[{"pref":"神奈川県","city":"横浜市緑区","town":"白山"}],"0002":[{"pref":"神奈川県","city":"横浜市緑区","town":"東本郷"}],"0001":[{"pref":"神奈川県","city":"横浜市緑区","town":"東本郷町"}],"0015":[{"pref":"神奈川県","city":"横浜市緑区","town":"三保町"}],"0029":[{"pref":"神奈川県","city":"横浜市緑区","town":"森の台"}]}