{"0000":[{"pref":"静岡県","city":"焼津市","town":"以下に掲載がない場合"}],"0023":[{"pref":"静岡県","city":"焼津市","town":"新屋"}],"0041":[{"pref":"静岡県","city":"焼津市","town":"石津"}],"0043":[{"pref":"静岡県","city":"焼津市","town":"石津中町"}],"0042":[{"pref":"静岡県","city":"焼津市","town":"石津港町"}],"0044":[{"pref":"静岡県","city":"焼津市","town":"石津向町"}],"0015":[{"pref":"静岡県","city":"焼津市","town":"石脇上"}],"0016":[{"pref":"静岡県","city":"焼津市","town":"石脇下"}],"0054":[{"pref":"静岡県","city":"焼津市","town":"一色"}],"0032":[{"pref":"静岡県","city":"焼津市","town":"鰯ケ島"}],"0028":[{"pref":"静岡県","city":"焼津市","town":"駅北"}],"0092":[{"pref":"静岡県","city":"焼津市","town":"越後島"}],"0083":[{"pref":"静岡県","city":"焼津市","town":"大"}],"0066":[{"pref":"静岡県","city":"焼津市","town":"大島"}],"0069":[{"pref":"静岡県","city":"焼津市","town":"大島新田"}],"0072":[{"pref":"静岡県","city":"焼津市","town":"大住"}],"0082":[{"pref":"静岡県","city":"焼津市","town":"大村"}],"0084":[{"pref":"静岡県","city":"焼津市","town":"大村新田"}],"0013":[{"pref":"静岡県","city":"焼津市","town":"岡当目"}],"0011":[{"pref":"静岡県","city":"焼津市","town":"小浜"}],"0073":[{"pref":"静岡県","city":"焼津市","town":"小柳津"}],"0005":[{"pref":"静岡県","city":"焼津市","town":"方ノ上"}],"0058":[{"pref":"静岡県","city":"焼津市","town":"北新田"}],"0024":[{"pref":"静岡県","city":"焼津市","town":"北浜通"}],"0077":[{"pref":"静岡県","city":"焼津市","town":"五ケ堀之内"}],"0033":[{"pref":"静岡県","city":"焼津市","town":"小川"}],"0031":[{"pref":"静岡県","city":"焼津市","town":"小川新町"}],"0086":[{"pref":"静岡県","city":"焼津市","town":"小土"}],"0076":[{"pref":"静岡県","city":"焼津市","town":"小屋敷"}],"0027":[{"pref":"静岡県","city":"焼津市","town":"栄町"}],"0004":[{"pref":"静岡県","city":"焼津市","town":"坂本"}],"0046":[{"pref":"静岡県","city":"焼津市","town":"三右衛門新田"}],"0071":[{"pref":"静岡県","city":"焼津市","town":"三ケ名"}],"0085":[{"pref":"静岡県","city":"焼津市","town":"塩津"}],"0057":[{"pref":"静岡県","city":"焼津市","town":"下小田"}],"0056":[{"pref":"静岡県","city":"焼津市","town":"下小田中町"}],"0067":[{"pref":"静岡県","city":"焼津市","town":"治長請所"}],"0025":[{"pref":"静岡県","city":"焼津市","town":"城之腰"}],"0053":[{"pref":"静岡県","city":"焼津市","town":"すみれ台"}],"0006":[{"pref":"静岡県","city":"焼津市","town":"関方"}],"0065":[{"pref":"静岡県","city":"焼津市","town":"惣右衛門"}],"0081":[{"pref":"静岡県","city":"焼津市","town":"大栄町"}],"0088":[{"pref":"静岡県","city":"焼津市","town":"大覚寺"}],"0003":[{"pref":"静岡県","city":"焼津市","town":"高崎"}],"0052":[{"pref":"静岡県","city":"焼津市","town":"田尻"}],"0051":[{"pref":"静岡県","city":"焼津市","town":"田尻北"}],"0055":[{"pref":"静岡県","city":"焼津市","town":"道原"}],"0014":[{"pref":"静岡県","city":"焼津市","town":"中里"}],"0068":[{"pref":"静岡県","city":"焼津市","town":"中新田"}],"0061":[{"pref":"静岡県","city":"焼津市","town":"中根"}],"0062":[{"pref":"静岡県","city":"焼津市","town":"中根新田"}],"0021":[{"pref":"静岡県","city":"焼津市","town":"中港"}],"0036":[{"pref":"静岡県","city":"焼津市","town":"西小川"}],"0075":[{"pref":"静岡県","city":"焼津市","town":"西焼津"}],"0045":[{"pref":"静岡県","city":"焼津市","town":"祢宜島"}],"0017":[{"pref":"静岡県","city":"焼津市","town":"野秋"}],"0001":[{"pref":"静岡県","city":"焼津市","town":"花沢"}],"0012":[{"pref":"静岡県","city":"焼津市","town":"浜当目"}],"0035":[{"pref":"静岡県","city":"焼津市","town":"東小川"}],"0087":[{"pref":"静岡県","city":"焼津市","town":"保福島"}],"0063":[{"pref":"静岡県","city":"焼津市","town":"本中根"}],"0022":[{"pref":"静岡県","city":"焼津市","town":"本町"}],"0064":[{"pref":"静岡県","city":"焼津市","town":"三和"}],"0007":[{"pref":"静岡県","city":"焼津市","town":"策牛"}],"0026":[{"pref":"静岡県","city":"焼津市","town":"焼津"}],"0091":[{"pref":"静岡県","city":"焼津市","town":"八楠"}],"0074":[{"pref":"静岡県","city":"焼津市","town":"柳新屋"}],"0002":[{"pref":"静岡県","city":"焼津市","town":"吉津"}],"0034":[{"pref":"静岡県","city":"焼津市","town":"与惣次"}]}