{"0000":[{"pref":"大阪府","city":"大阪市都島区","town":"以下に掲載がない場合"}],"0026":[{"pref":"大阪府","city":"大阪市都島区","town":"網島町"}],"0013":[{"pref":"大阪府","city":"大阪市都島区","town":"内代町"}],"0025":[{"pref":"大阪府","city":"大阪市都島区","town":"片町"}],"0001":[{"pref":"大阪府","city":"大阪市都島区","town":"毛馬町"}],"0015":[{"pref":"大阪府","city":"大阪市都島区","town":"善源寺町"}],"0002":[{"pref":"大阪府","city":"大阪市都島区","town":"大東町"}],"0011":[{"pref":"大阪府","city":"大阪市都島区","town":"高倉町"}],"0016":[{"pref":"大阪府","city":"大阪市都島区","town":"友渕町"}],"0027":[{"pref":"大阪府","city":"大阪市都島区","town":"中野町"}],"0024":[{"pref":"大阪府","city":"大阪市都島区","town":"東野田町"}],"0022":[{"pref":"大阪府","city":"大阪市都島区","town":"都島中通"}],"0021":[{"pref":"大阪府","city":"大阪市都島区","town":"都島本通"}],"0023":[{"pref":"大阪府","city":"大阪市都島区","town":"都島南通"}],"0014":[{"pref":"大阪府","city":"大阪市都島区","town":"都島北通"}],"0012":[{"pref":"大阪府","city":"大阪市都島区","town":"御幸町"}]}