{"0000":[{"pref":"滋賀県","city":"長浜市","town":"以下に掲載がない場合"}],"0222":[{"pref":"滋賀県","city":"長浜市","town":"浅井高原"}],"0056":[{"pref":"滋賀県","city":"長浜市","town":"朝日町"}],"0126":[{"pref":"滋賀県","city":"長浜市","town":"安養寺町"}],"0274":[{"pref":"滋賀県","city":"長浜市","town":"池奥町"}],"0814":[{"pref":"滋賀県","city":"長浜市","town":"石田町"}],"0003":[{"pref":"滋賀県","city":"長浜市","town":"泉町"}],"0051":[{"pref":"滋賀県","city":"長浜市","town":"一の宮町"}],"0133":[{"pref":"滋賀県","city":"長浜市","town":"稲葉町"}],"0816":[{"pref":"滋賀県","city":"長浜市","town":"今川町"}],"0233":[{"pref":"滋賀県","city":"長浜市","town":"今荘町"}],"0806":[{"pref":"滋賀県","city":"長浜市","town":"今町"}],"0211":[{"pref":"滋賀県","city":"長浜市","town":"飯山町"}],"0244":[{"pref":"滋賀県","city":"長浜市","town":"内保町"}],"0275":[{"pref":"滋賀県","city":"長浜市","town":"瓜生町"}],"0264":[{"pref":"滋賀県","city":"長浜市","town":"上野町"}],"0833":[{"pref":"滋賀県","city":"長浜市","town":"永久寺町"}],"0805":[{"pref":"滋賀県","city":"長浜市","town":"榎木町"}],"0043":[{"pref":"滋賀県","city":"長浜市","town":"大戌亥町"}],"0066":[{"pref":"滋賀県","city":"長浜市","town":"大島町"}],"0207":[{"pref":"滋賀県","city":"長浜市","town":"太田町"}],"0834":[{"pref":"滋賀県","city":"長浜市","town":"大辰巳町"}],"0115":[{"pref":"滋賀県","city":"長浜市","town":"大浜町"}],"0832":[{"pref":"滋賀県","city":"長浜市","town":"大東町"}],"0054":[{"pref":"滋賀県","city":"長浜市","town":"大宮町"}],"0251":[{"pref":"滋賀県","city":"長浜市","town":"大依町"}],"0205":[{"pref":"滋賀県","city":"長浜市","town":"岡谷町"}],"0102":[{"pref":"滋賀県","city":"長浜市","town":"落合町"}],"0243":[{"pref":"滋賀県","city":"長浜市","town":"大路町"}],"0221":[{"pref":"滋賀県","city":"長浜市","town":"小野寺町"}],"0811":[{"pref":"滋賀県","city":"長浜市","town":"垣籠町"}],"0204":[{"pref":"滋賀県","city":"長浜市","town":"鍛冶屋町"}],"0827":[{"pref":"滋賀県","city":"長浜市","town":"加田今町"}],"0828":[{"pref":"滋賀県","city":"長浜市","town":"加田町"}],"0042":[{"pref":"滋賀県","city":"長浜市","town":"勝町"}],"0068":[{"pref":"滋賀県","city":"長浜市","town":"鐘紡町"}],"0804":[{"pref":"滋賀県","city":"長浜市","town":"加納町"}],"0015":[{"pref":"滋賀県","city":"長浜市","town":"神照町"}],"0122":[{"pref":"滋賀県","city":"長浜市","town":"上八木町"}],"0846":[{"pref":"滋賀県","city":"長浜市","town":"川崎町"}],"0111":[{"pref":"滋賀県","city":"長浜市","town":"川道町"}],"0265":[{"pref":"滋賀県","city":"長浜市","town":"木尾町"}],"0061":[{"pref":"滋賀県","city":"長浜市","town":"祇園町"}],"0231":[{"pref":"滋賀県","city":"長浜市","town":"北池町"}],"0214":[{"pref":"滋賀県","city":"長浜市","town":"北ノ郷町"}],"0272":[{"pref":"滋賀県","city":"長浜市","town":"北野町"}],"0057":[{"pref":"滋賀県","city":"長浜市","town":"北船町"}],"0202":[{"pref":"滋賀県","city":"長浜市","town":"草野町"}],"0001":[{"pref":"滋賀県","city":"長浜市","town":"国友町"}],"0014":[{"pref":"滋賀県","city":"長浜市","town":"口分田町"}],"0262":[{"pref":"滋賀県","city":"長浜市","town":"黒部町"}],"0826":[{"pref":"滋賀県","city":"長浜市","town":"小一条町"}],"0065":[{"pref":"滋賀県","city":"長浜市","town":"公園町"}],"0132":[{"pref":"滋賀県","city":"長浜市","town":"香花寺町"}],"0206":[{"pref":"滋賀県","city":"長浜市","town":"郷野町"}],"0134":[{"pref":"滋賀県","city":"長浜市","town":"小観音寺町"}],"0004":[{"pref":"滋賀県","city":"長浜市","town":"小沢町"}],"0845":[{"pref":"滋賀県","city":"長浜市","town":"小堀町"}],"0263":[{"pref":"滋賀県","city":"長浜市","town":"小室町"}],"0235":[{"pref":"滋賀県","city":"長浜市","town":"佐野町"}],"0055":[{"pref":"滋賀県","city":"長浜市","town":"三和町"}],"0817":[{"pref":"滋賀県","city":"長浜市","town":"七条町"}],"0036":[{"pref":"滋賀県","city":"長浜市","town":"地福寺町"}],"0044":[{"pref":"滋賀県","city":"長浜市","town":"下坂中町"}],"0047":[{"pref":"滋賀県","city":"長浜市","town":"下坂浜町"}],"0005":[{"pref":"滋賀県","city":"長浜市","town":"下之郷町"}],"0123":[{"pref":"滋賀県","city":"長浜市","town":"下八木町"}],"0016":[{"pref":"滋賀県","city":"長浜市","town":"十里町"}],"0121":[{"pref":"滋賀県","city":"長浜市","town":"十九町"}],"0823":[{"pref":"滋賀県","city":"長浜市","town":"常喜町"}],"0013":[{"pref":"滋賀県","city":"長浜市","town":"新庄寺町"}],"0012":[{"pref":"滋賀県","city":"長浜市","town":"新庄中町"}],"0011":[{"pref":"滋賀県","city":"長浜市","town":"新庄馬場町"}],"0052":[{"pref":"滋賀県","city":"長浜市","town":"神前町"}],"0241":[{"pref":"滋賀県","city":"長浜市","town":"新三田"}],"0063":[{"pref":"滋賀県","city":"長浜市","town":"末広町"}],"0277":[{"pref":"滋賀県","city":"長浜市","town":"須賀谷町"}],"0017":[{"pref":"滋賀県","city":"長浜市","town":"相撲町"}],"0234":[{"pref":"滋賀県","city":"長浜市","town":"相撲庭町"}],"0103":[{"pref":"滋賀県","city":"長浜市","town":"曽根町"}],"0256":[{"pref":"滋賀県","city":"長浜市","town":"尊勝寺町"}],"0254":[{"pref":"滋賀県","city":"長浜市","town":"尊野町"}],"0213":[{"pref":"滋賀県","city":"長浜市","town":"醍醐町"}],"0216":[{"pref":"滋賀県","city":"長浜市","town":"大門町"}],"0037":[{"pref":"滋賀県","city":"長浜市","town":"高田町"}],"0046":[{"pref":"滋賀県","city":"長浜市","town":"高橋町"}],"0273":[{"pref":"滋賀県","city":"長浜市","town":"高畑町"}],"0201":[{"pref":"滋賀県","city":"長浜市","town":"高山町"}],"0276":[{"pref":"滋賀県","city":"長浜市","town":"田川町"}],"0271":[{"pref":"滋賀県","city":"長浜市","town":"谷口町"}],"0829":[{"pref":"滋賀県","city":"長浜市","town":"田村町"}],"0801":[{"pref":"滋賀県","city":"長浜市","town":"千草町"}],"0112":[{"pref":"滋賀県","city":"長浜市","town":"鶴が島"}],"0209":[{"pref":"滋賀県","city":"長浜市","town":"寺師町"}],"0045":[{"pref":"滋賀県","city":"長浜市","town":"寺田町"}],"0215":[{"pref":"滋賀県","city":"長浜市","town":"当目町"}],"0212":[{"pref":"滋賀県","city":"長浜市","town":"徳山町"}],"0064":[{"pref":"滋賀県","city":"長浜市","town":"殿町"}],"0822":[{"pref":"滋賀県","city":"長浜市","town":"鳥羽上町"}],"0131":[{"pref":"滋賀県","city":"長浜市","town":"富田町"}],"0114":[{"pref":"滋賀県","city":"長浜市","town":"中浜"}],"0022":[{"pref":"滋賀県","city":"長浜市","town":"中山町"}],"0824":[{"pref":"滋賀県","city":"長浜市","town":"名越町"}],"0225":[{"pref":"滋賀県","city":"長浜市","town":"南郷町"}],"0108":[{"pref":"滋賀県","city":"長浜市","town":"難波町"}],"0841":[{"pref":"滋賀県","city":"長浜市","town":"新栄町"}],"0227":[{"pref":"滋賀県","city":"長浜市","town":"西主計町"}],"0803":[{"pref":"滋賀県","city":"長浜市","town":"西上坂町"}],"0101":[{"pref":"滋賀県","city":"長浜市","town":"錦織町"}],"0246":[{"pref":"滋賀県","city":"長浜市","town":"西新三田"}],"0255":[{"pref":"滋賀県","city":"長浜市","town":"西野町"}],"0208":[{"pref":"滋賀県","city":"長浜市","town":"西村町"}],"0107":[{"pref":"滋賀県","city":"長浜市","town":"新居町"}],"0217":[{"pref":"滋賀県","city":"長浜市","town":"乗倉町"}],"0203":[{"pref":"滋賀県","city":"長浜市","town":"野瀬町"}],"0266":[{"pref":"滋賀県","city":"長浜市","town":"野田町"}],"0106":[{"pref":"滋賀県","city":"長浜市","town":"野寺町"}],"0236":[{"pref":"滋賀県","city":"長浜市","town":"野村町"}],"0815":[{"pref":"滋賀県","city":"長浜市","town":"八条町"}],"0124":[{"pref":"滋賀県","city":"長浜市","town":"早崎町"}],"0842":[{"pref":"滋賀県","city":"長浜市","town":"春近町"}],"0226":[{"pref":"滋賀県","city":"長浜市","town":"東主計町"}],"0802":[{"pref":"滋賀県","city":"長浜市","town":"東上坂町"}],"0224":[{"pref":"滋賀県","city":"長浜市","town":"東野町"}],"0035":[{"pref":"滋賀県","city":"長浜市","town":"平方南町"}],"0033":[{"pref":"滋賀県","city":"長浜市","town":"平方町"}],"0253":[{"pref":"滋賀県","city":"長浜市","town":"平塚町"}],"0825":[{"pref":"滋賀県","city":"長浜市","town":"布勢町"}],"0025":[{"pref":"滋賀県","city":"長浜市","town":"分木町"}],"0002":[{"pref":"滋賀県","city":"長浜市","town":"保田町"}],"0223":[{"pref":"滋賀県","city":"長浜市","town":"法楽寺町"}],"0105":[{"pref":"滋賀県","city":"長浜市","town":"細江町"}],"0812":[{"pref":"滋賀県","city":"長浜市","town":"保多町"}],"0813":[{"pref":"滋賀県","city":"長浜市","town":"堀部町"}],"0821":[{"pref":"滋賀県","city":"長浜市","town":"本庄町"}],"0125":[{"pref":"滋賀県","city":"長浜市","town":"益田町"}],"0104":[{"pref":"滋賀県","city":"長浜市","town":"御館"}],"0242":[{"pref":"滋賀県","city":"長浜市","town":"三田町"}],"0023":[{"pref":"滋賀県","city":"長浜市","town":"三ツ矢町"}],"0024":[{"pref":"滋賀県","city":"長浜市","town":"三ツ矢元町"}],"0067":[{"pref":"滋賀県","city":"長浜市","town":"港町"}],"0232":[{"pref":"滋賀県","city":"長浜市","town":"南池町"}],"0843":[{"pref":"滋賀県","city":"長浜市","town":"南小足町"}],"0058":[{"pref":"滋賀県","city":"長浜市","town":"南呉服町"}],"0032":[{"pref":"滋賀県","city":"長浜市","town":"南高田町"}],"0844":[{"pref":"滋賀県","city":"長浜市","town":"南田附町"}],"0113":[{"pref":"滋賀県","city":"長浜市","town":"南浜町"}],"0831":[{"pref":"滋賀県","city":"長浜市","town":"宮司町"}],"0053":[{"pref":"滋賀県","city":"長浜市","town":"宮前町"}],"0835":[{"pref":"滋賀県","city":"長浜市","town":"室町"}],"0059":[{"pref":"滋賀県","city":"長浜市","town":"元浜町"}],"0018":[{"pref":"滋賀県","city":"長浜市","town":"森町"}],"0116":[{"pref":"滋賀県","city":"長浜市","town":"八木浜町"}],"0252":[{"pref":"滋賀県","city":"長浜市","town":"八島町"}],"0034":[{"pref":"滋賀県","city":"長浜市","town":"弥高町"}],"0847":[{"pref":"滋賀県","city":"長浜市","town":"山階町"}],"0257":[{"pref":"滋賀県","city":"長浜市","town":"山ノ前町"}],"0021":[{"pref":"滋賀県","city":"長浜市","town":"八幡中山町"}],"0031":[{"pref":"滋賀県","city":"長浜市","town":"八幡東町"}],"0135":[{"pref":"滋賀県","city":"長浜市","town":"弓削町"}],"0245":[{"pref":"滋賀県","city":"長浜市","town":"湯次町"}],"0041":[{"pref":"滋賀県","city":"長浜市","town":"四ツ塚町"}],"0267":[{"pref":"滋賀県","city":"長浜市","town":"力丸町"}],"0261":[{"pref":"滋賀県","city":"長浜市","town":"竜安寺町"}],"0062":[{"pref":"滋賀県","city":"長浜市","town":"列見町"}]}