{"0000":[{"pref":"東京都","city":"世田谷区","town":"以下に掲載がない場合"}],"0001":[{"pref":"東京都","city":"世田谷区","town":"池尻"}],"0022":[{"pref":"東京都","city":"世田谷区","town":"梅丘"}],"0011":[{"pref":"東京都","city":"世田谷区","town":"上馬"}],"0021":[{"pref":"東京都","city":"世田谷区","town":"豪徳寺"}],"0012":[{"pref":"東京都","city":"世田谷区","town":"駒沢"}],"0013":[{"pref":"東京都","city":"世田谷区","town":"駒沢公園"}],"0015":[{"pref":"東京都","city":"世田谷区","town":"桜新町"}],"0024":[{"pref":"東京都","city":"世田谷区","town":"三軒茶屋"}],"0002":[{"pref":"東京都","city":"世田谷区","town":"下馬"}],"0014":[{"pref":"東京都","city":"世田谷区","town":"新町"}],"0017":[{"pref":"東京都","city":"世田谷区","town":"世田谷"}],"0004":[{"pref":"東京都","city":"世田谷区","town":"太子堂"}],"0016":[{"pref":"東京都","city":"世田谷区","town":"弦巻"}],"0003":[{"pref":"東京都","city":"世田谷区","town":"野沢"}],"0005":[{"pref":"東京都","city":"世田谷区","town":"三宿"}],"0023":[{"pref":"東京都","city":"世田谷区","town":"若林"}]}