{"1101":[{"pref":"和歌山県","city":"日高郡日高川町","town":"藤野川"}],"1111":[{"pref":"和歌山県","city":"日高郡日高川町","town":"船津"}],"1121":[{"pref":"和歌山県","city":"日高郡日高川町","town":"西原"}],"1122":[{"pref":"和歌山県","city":"日高郡日高川町","town":"高津尾"}],"1123":[{"pref":"和歌山県","city":"日高郡日高川町","town":"高津尾川"}],"1131":[{"pref":"和歌山県","city":"日高郡日高川町","town":"三十井川"}],"1132":[{"pref":"和歌山県","city":"日高郡日高川町","town":"姉子"}],"1133":[{"pref":"和歌山県","city":"日高郡日高川町","town":"原日浦"}],"1134":[{"pref":"和歌山県","city":"日高郡日高川町","town":"三十木"}],"1141":[{"pref":"和歌山県","city":"日高郡日高川町","town":"上田原"}],"1142":[{"pref":"和歌山県","city":"日高郡日高川町","town":"下田原"}],"1143":[{"pref":"和歌山県","city":"日高郡日高川町","town":"小釜本"}],"1151":[{"pref":"和歌山県","city":"日高郡日高川町","town":"田尻"}],"1152":[{"pref":"和歌山県","city":"日高郡日高川町","town":"三佐"}],"1161":[{"pref":"和歌山県","city":"日高郡日高川町","town":"坂野川"}],"1162":[{"pref":"和歌山県","city":"日高郡日高川町","town":"老星"}],"1163":[{"pref":"和歌山県","city":"日高郡日高川町","town":"大又"}],"1164":[{"pref":"和歌山県","city":"日高郡日高川町","town":"佐井"}],"1201":[{"pref":"和歌山県","city":"日高郡日高川町","town":"川原河"}],"1211":[{"pref":"和歌山県","city":"日高郡日高川町","town":"弥谷"}],"1212":[{"pref":"和歌山県","city":"日高郡日高川町","town":"皆瀬"}],"1213":[{"pref":"和歌山県","city":"日高郡日高川町","town":"愛川"}],"1214":[{"pref":"和歌山県","city":"日高郡日高川町","town":"上初湯川"}],"1221":[{"pref":"和歌山県","city":"日高郡日高川町","town":"寒川"}],"1222":[{"pref":"和歌山県","city":"日高郡日高川町","town":"串本"}],"1231":[{"pref":"和歌山県","city":"日高郡日高川町","town":"初湯川"}],"1241":[{"pref":"和歌山県","city":"日高郡日高川町","town":"滝頭"}],"1242":[{"pref":"和歌山県","city":"日高郡日高川町","town":"熊野川"}],"1243":[{"pref":"和歌山県","city":"日高郡日高川町","town":"浅間"}],"1244":[{"pref":"和歌山県","city":"日高郡日高川町","town":"上越方"}],"0000":[{"pref":"和歌山県","city":"御坊市","town":"以下に掲載がない場合"},{"pref":"和歌山県","city":"日高郡美浜町","town":"以下に掲載がない場合"}],"0015":[{"pref":"和歌山県","city":"御坊市","town":"荊木"}],"0033":[{"pref":"和歌山県","city":"御坊市","town":"熊野"}],"0032":[{"pref":"和歌山県","city":"御坊市","town":"岩内"}],"0001":[{"pref":"和歌山県","city":"御坊市","town":"御坊"}],"0024":[{"pref":"和歌山県","city":"御坊市","town":"塩屋町南塩屋"}],"0025":[{"pref":"和歌山県","city":"御坊市","town":"塩屋町北塩屋"}],"0003":[{"pref":"和歌山県","city":"御坊市","town":"島"}],"0002":[{"pref":"和歌山県","city":"御坊市","town":"薗"}],"0022":[{"pref":"和歌山県","city":"御坊市","town":"名田町上野"}],"0021":[{"pref":"和歌山県","city":"御坊市","town":"名田町楠井"}],"0023":[{"pref":"和歌山県","city":"御坊市","town":"名田町野島"}],"0004":[{"pref":"和歌山県","city":"御坊市","town":"名屋"}],"0005":[{"pref":"和歌山県","city":"御坊市","town":"名屋町"}],"0031":[{"pref":"和歌山県","city":"御坊市","town":"野口"}],"0034":[{"pref":"和歌山県","city":"御坊市","town":"明神川"}],"0012":[{"pref":"和歌山県","city":"御坊市","town":"湯川町小松原"}],"0011":[{"pref":"和歌山県","city":"御坊市","town":"湯川町財部"}],"0014":[{"pref":"和歌山県","city":"御坊市","town":"湯川町富安"}],"0013":[{"pref":"和歌山県","city":"御坊市","town":"湯川町丸山"}],"0041":[{"pref":"和歌山県","city":"日高郡美浜町","town":"田井"}],"0042":[{"pref":"和歌山県","city":"日高郡美浜町","town":"浜ノ瀬"}],"0045":[{"pref":"和歌山県","city":"日高郡美浜町","town":"三尾"}],"0043":[{"pref":"和歌山県","city":"日高郡美浜町","town":"吉原"}],"0044":[{"pref":"和歌山県","city":"日高郡美浜町","town":"和田"}],"0215":[{"pref":"和歌山県","city":"日高郡印南町","town":"皆瀬川"}],"0202":[{"pref":"和歌山県","city":"日高郡印南町","town":"上洞"}],"0201":[{"pref":"和歌山県","city":"日高郡印南町","town":"川又"}],"0214":[{"pref":"和歌山県","city":"日高郡印南町","town":"小原"}],"0216":[{"pref":"和歌山県","city":"日高郡印南町","town":"崎ノ原"}],"0211":[{"pref":"和歌山県","city":"日高郡印南町","town":"高串"}],"0212":[{"pref":"和歌山県","city":"日高郡印南町","town":"田ノ垣内"}],"0213":[{"pref":"和歌山県","city":"日高郡印南町","town":"西神ノ川"}],"0217":[{"pref":"和歌山県","city":"日高郡印南町","town":"丹生"}],"0218":[{"pref":"和歌山県","city":"日高郡印南町","town":"松原"}]}