{"1101":[{"pref":"長野県","city":"長野市","town":"豊野町川谷"}],"1102":[{"pref":"長野県","city":"長野市","town":"豊野町大倉"}],"1103":[{"pref":"長野県","city":"長野市","town":"豊野町蟹沢"}],"1104":[{"pref":"長野県","city":"長野市","town":"豊野町浅野"}],"1105":[{"pref":"長野県","city":"長野市","town":"豊野町豊野"}],"1106":[{"pref":"長野県","city":"長野市","town":"豊野町石"}],"1107":[{"pref":"長野県","city":"長野市","town":"豊野町南郷"}],"1200":[{"pref":"長野県","city":"上水内郡飯綱町","town":"以下に掲載がない場合"}],"1201":[{"pref":"長野県","city":"上水内郡飯綱町","town":"芋川"}],"1202":[{"pref":"長野県","city":"上水内郡飯綱町","town":"東柏原"}],"1203":[{"pref":"長野県","city":"上水内郡飯綱町","town":"赤塩"}],"1204":[{"pref":"長野県","city":"上水内郡飯綱町","town":"倉井"}],"1205":[{"pref":"長野県","city":"上水内郡飯綱町","town":"川谷"}],"1206":[{"pref":"長野県","city":"上水内郡飯綱町","town":"普光寺"}],"1211":[{"pref":"長野県","city":"上水内郡飯綱町","town":"牟礼"}],"1212":[{"pref":"長野県","city":"上水内郡飯綱町","town":"豊野"}],"1213":[{"pref":"長野県","city":"上水内郡飯綱町","town":"平出"}],"1214":[{"pref":"長野県","city":"上水内郡飯綱町","town":"黒川"}],"1215":[{"pref":"長野県","city":"上水内郡飯綱町","town":"小玉"}],"1221":[{"pref":"長野県","city":"上水内郡飯綱町","town":"古町"}],"1222":[{"pref":"長野県","city":"上水内郡飯綱町","town":"柳里"}],"1223":[{"pref":"長野県","city":"上水内郡飯綱町","town":"袖之山"}],"1224":[{"pref":"長野県","city":"上水内郡飯綱町","town":"地蔵久保"}],"1225":[{"pref":"長野県","city":"上水内郡飯綱町","town":"坂口"}],"1226":[{"pref":"長野県","city":"上水内郡飯綱町","town":"川上"}],"1227":[{"pref":"長野県","city":"上水内郡飯綱町","town":"高坂"}],"1300":[{"pref":"長野県","city":"上水内郡信濃町","town":"以下に掲載がない場合"}],"1301":[{"pref":"長野県","city":"上水内郡信濃町","town":"熊坂"}],"1302":[{"pref":"長野県","city":"上水内郡信濃町","town":"古海"}],"1303":[{"pref":"長野県","city":"上水内郡信濃町","town":"野尻"}],"1304":[{"pref":"長野県","city":"上水内郡信濃町","town":"神山国際村"}],"1305":[{"pref":"長野県","city":"上水内郡信濃町","town":"柏原"}],"1306":[{"pref":"長野県","city":"上水内郡信濃町","town":"野尻（大学村）"}],"1311":[{"pref":"長野県","city":"上水内郡信濃町","town":"荒瀬原"}],"1312":[{"pref":"長野県","city":"上水内郡信濃町","town":"富濃"}],"1313":[{"pref":"長野県","city":"上水内郡信濃町","town":"古間"}],"1314":[{"pref":"長野県","city":"上水内郡信濃町","town":"穂波"}],"1315":[{"pref":"長野県","city":"上水内郡信濃町","town":"平岡"}],"1316":[{"pref":"長野県","city":"上水内郡信濃町","town":"大井"}],"2101":[{"pref":"長野県","city":"中野市","town":"豊津"}],"2102":[{"pref":"長野県","city":"中野市","town":"上今井"}],"2103":[{"pref":"長野県","city":"中野市","town":"穴田"}],"2104":[{"pref":"長野県","city":"中野市","town":"永江"}],"2200":[{"pref":"長野県","city":"飯山市","town":"以下に掲載がない場合"}],"2231":[{"pref":"長野県","city":"飯山市","town":"天神堂"}],"2232":[{"pref":"長野県","city":"飯山市","town":"下木島"}],"2233":[{"pref":"長野県","city":"飯山市","town":"野坂田"}],"2234":[{"pref":"長野県","city":"飯山市","town":"木島"}],"2235":[{"pref":"長野県","city":"飯山市","town":"坂井"}],"2241":[{"pref":"長野県","city":"飯山市","town":"山岸"}],"2242":[{"pref":"長野県","city":"飯山市","town":"其綿"}],"2243":[{"pref":"長野県","city":"飯山市","town":"吉"}],"2244":[{"pref":"長野県","city":"飯山市","town":"安田"}],"2251":[{"pref":"長野県","city":"飯山市","town":"旭"}],"2252":[{"pref":"長野県","city":"飯山市","town":"小佐原"}],"2253":[{"pref":"長野県","city":"飯山市","town":"飯山"}],"2254":[{"pref":"長野県","city":"飯山市","town":"南町"}],"2255":[{"pref":"長野県","city":"飯山市","town":"静間"}],"2256":[{"pref":"長野県","city":"飯山市","town":"蓮"}],"2257":[{"pref":"長野県","city":"飯山市","town":"斑尾高原"}],"2258":[{"pref":"長野県","city":"飯山市","town":"富倉"}],"2261":[{"pref":"新潟県","city":"妙高市","town":"樽本（１１０１番地）"}],"2300":[{"pref":"長野県","city":"下高井郡木島平村","town":"以下に掲載がない場合"}],"2301":[{"pref":"長野県","city":"下高井郡木島平村","town":"穂高"}],"2302":[{"pref":"長野県","city":"下高井郡木島平村","town":"往郷"}],"2303":[{"pref":"長野県","city":"下高井郡木島平村","town":"上木島"}],"2321":[{"pref":"長野県","city":"飯山市","town":"瑞穂豊"}],"2322":[{"pref":"長野県","city":"飯山市","town":"瑞穂"}],"2371":[{"pref":"長野県","city":"中野市","town":"田上（１３００～２５１１番地）"}],"2411":[{"pref":"長野県","city":"飯山市","town":"豊田"}],"2412":[{"pref":"長野県","city":"飯山市","town":"常郷"}],"2413":[{"pref":"長野県","city":"飯山市","town":"照里"}],"2414":[{"pref":"長野県","city":"飯山市","town":"常盤"}],"2415":[{"pref":"長野県","city":"飯山市","town":"大池"}],"2416":[{"pref":"長野県","city":"飯山市","town":"緑"}],"2417":[{"pref":"長野県","city":"飯山市","town":"中曽根"}],"2418":[{"pref":"長野県","city":"飯山市","town":"寿"}],"2500":[{"pref":"長野県","city":"下高井郡野沢温泉村","town":"以下に掲載がない場合"}],"2501":[{"pref":"長野県","city":"下高井郡野沢温泉村","town":"坪山"}],"2502":[{"pref":"長野県","city":"下高井郡野沢温泉村","town":"豊郷"}],"2503":[{"pref":"長野県","city":"下高井郡野沢温泉村","town":"前坂"}],"2601":[{"pref":"長野県","city":"飯山市","town":"照岡"}],"2602":[{"pref":"長野県","city":"飯山市","town":"一山"}],"2611":[{"pref":"長野県","city":"下高井郡野沢温泉村","town":"東大滝"}],"2612":[{"pref":"長野県","city":"下高井郡野沢温泉村","town":"七ケ巻"}],"2613":[{"pref":"長野県","city":"下高井郡野沢温泉村","town":"虫生"}],"2614":[{"pref":"長野県","city":"下高井郡野沢温泉村","town":"平林"}],"2700":[{"pref":"長野県","city":"下水内郡栄村","town":"以下に掲載がない場合"}],"2701":[{"pref":"長野県","city":"下水内郡栄村","town":"豊栄"}],"2702":[{"pref":"長野県","city":"下水内郡栄村","town":"北信"}],"2703":[{"pref":"長野県","city":"下水内郡栄村","town":"堺（その他）"}],"0121":[{"pref":"群馬県","city":"安中市","town":"松井田町峠"}],"0823":[{"pref":"長野県","city":"千曲市","town":"新山"}],"0806":[{"pref":"長野県","city":"千曲市","town":"磯部"}],"0802":[{"pref":"長野県","city":"千曲市","town":"内川"}],"0805":[{"pref":"長野県","city":"千曲市","town":"上徳間"}],"0822":[{"pref":"長野県","city":"千曲市","town":"上山田"}],"0821":[{"pref":"長野県","city":"千曲市","town":"上山田温泉"}],"0801":[{"pref":"長野県","city":"千曲市","town":"小船山"}],"0811":[{"pref":"長野県","city":"千曲市","town":"須坂"}],"0803":[{"pref":"長野県","city":"千曲市","town":"千本柳"}],"0824":[{"pref":"長野県","city":"千曲市","town":"力石"}],"0804":[{"pref":"長野県","city":"千曲市","town":"戸倉"}],"0807":[{"pref":"長野県","city":"千曲市","town":"戸倉温泉"}],"0812":[{"pref":"長野県","city":"千曲市","town":"羽尾"}],"0813":[{"pref":"長野県","city":"千曲市","town":"若宮"}],"0500":[{"pref":"長野県","city":"東御市","town":"以下に掲載がない場合"}],"0517":[{"pref":"長野県","city":"東御市","town":"県"}],"0503":[{"pref":"長野県","city":"東御市","town":"新屋"}],"0404":[{"pref":"長野県","city":"東御市","town":"大日向"}],"0504":[{"pref":"長野県","city":"東御市","town":"海善寺"}],"0514":[{"pref":"長野県","city":"東御市","town":"加沢"}],"0505":[{"pref":"長野県","city":"東御市","town":"和"}],"0502":[{"pref":"長野県","city":"東御市","town":"鞍掛"}],"0519":[{"pref":"長野県","city":"東御市","town":"塩川"}],"0513":[{"pref":"長野県","city":"東御市","town":"滋野"}],"0512":[{"pref":"長野県","city":"東御市","town":"滋野（乙）"}],"0511":[{"pref":"長野県","city":"東御市","town":"滋野（甲）"}],"0401":[{"pref":"長野県","city":"東御市","town":"島川原"}],"0405":[{"pref":"長野県","city":"東御市","town":"下之城"}],"0516":[{"pref":"長野県","city":"東御市","town":"田中"}],"0515":[{"pref":"長野県","city":"東御市","town":"常田"}],"0402":[{"pref":"長野県","city":"東御市","town":"布下"}],"0506":[{"pref":"長野県","city":"東御市","town":"祢津"}],"0407":[{"pref":"長野県","city":"東御市","town":"羽毛山"}],"0501":[{"pref":"長野県","city":"東御市","town":"新張"}],"0403":[{"pref":"長野県","city":"東御市","town":"御牧原"}],"0518":[{"pref":"長野県","city":"東御市","town":"本海野"}],"0406":[{"pref":"長野県","city":"東御市","town":"八重原"}],"0100":[{"pref":"長野県","city":"北佐久郡軽井沢町","town":"以下に掲載がない場合"}],"0115":[{"pref":"長野県","city":"北佐久郡軽井沢町","town":"追分"}],"0102":[{"pref":"長野県","city":"北佐久郡軽井沢町","town":"軽井沢（大字）"}],"0103":[{"pref":"長野県","city":"北佐久郡軽井沢町","town":"軽井沢（その他）"}],"0104":[{"pref":"長野県","city":"北佐久郡軽井沢町","town":"軽井沢東"}],"0101":[{"pref":"長野県","city":"北佐久郡軽井沢町","town":"峠町"}],"0112":[{"pref":"長野県","city":"北佐久郡軽井沢町","town":"中軽井沢"}],"0111":[{"pref":"長野県","city":"北佐久郡軽井沢町","town":"長倉"}],"0113":[{"pref":"長野県","city":"北佐久郡軽井沢町","town":"発地"}],"0114":[{"pref":"長野県","city":"北佐久郡軽井沢町","town":"茂沢"}],"0200":[{"pref":"長野県","city":"北佐久郡御代田町","town":"以下に掲載がない場合"}],"0205":[{"pref":"長野県","city":"北佐久郡御代田町","town":"面替"}],"0202":[{"pref":"長野県","city":"北佐久郡御代田町","town":"草越"}],"0201":[{"pref":"長野県","city":"北佐久郡御代田町","town":"塩野"}],"0203":[{"pref":"長野県","city":"北佐久郡御代田町","town":"広戸"}],"0204":[{"pref":"長野県","city":"北佐久郡御代田町","town":"豊昇"}],"0207":[{"pref":"長野県","city":"北佐久郡御代田町","town":"馬瀬口"}],"0206":[{"pref":"長野県","city":"北佐久郡御代田町","town":"御代田"}],"0208":[{"pref":"長野県","city":"北佐久郡御代田町","town":"茂沢"}],"0600":[{"pref":"長野県","city":"埴科郡坂城町","town":"以下に掲載がない場合"}],"0604":[{"pref":"長野県","city":"埴科郡坂城町","town":"網掛"}],"0605":[{"pref":"長野県","city":"埴科郡坂城町","town":"上平"}],"0606":[{"pref":"長野県","city":"埴科郡坂城町","town":"上五明"}],"0601":[{"pref":"長野県","city":"埴科郡坂城町","town":"坂城"}],"0602":[{"pref":"長野県","city":"埴科郡坂城町","town":"中之条"}],"0603":[{"pref":"長野県","city":"埴科郡坂城町","town":"南条"}]}