{"6001":[{"pref":"埼玉県","city":"さいたま市中央区","town":"新都心明治安田生命さいたま新都心ビル（１階）"}],"6002":[{"pref":"埼玉県","city":"さいたま市中央区","town":"新都心明治安田生命さいたま新都心ビル（２階）"}],"6003":[{"pref":"埼玉県","city":"さいたま市中央区","town":"新都心明治安田生命さいたま新都心ビル（３階）"}],"6004":[{"pref":"埼玉県","city":"さいたま市中央区","town":"新都心明治安田生命さいたま新都心ビル（４階）"}],"6005":[{"pref":"埼玉県","city":"さいたま市中央区","town":"新都心明治安田生命さいたま新都心ビル（５階）"}],"6006":[{"pref":"埼玉県","city":"さいたま市中央区","town":"新都心明治安田生命さいたま新都心ビル（６階）"}],"6007":[{"pref":"埼玉県","city":"さいたま市中央区","town":"新都心明治安田生命さいたま新都心ビル（７階）"}],"6008":[{"pref":"埼玉県","city":"さいたま市中央区","town":"新都心明治安田生命さいたま新都心ビル（８階）"}],"6009":[{"pref":"埼玉県","city":"さいたま市中央区","town":"新都心明治安田生命さいたま新都心ビル（９階）"}],"6010":[{"pref":"埼玉県","city":"さいたま市中央区","town":"新都心明治安田生命さいたま新都心ビル（１０階）"}],"6011":[{"pref":"埼玉県","city":"さいたま市中央区","town":"新都心明治安田生命さいたま新都心ビル（１１階）"}],"6012":[{"pref":"埼玉県","city":"さいたま市中央区","town":"新都心明治安田生命さいたま新都心ビル（１２階）"}],"6013":[{"pref":"埼玉県","city":"さいたま市中央区","town":"新都心明治安田生命さいたま新都心ビル（１３階）"}],"6014":[{"pref":"埼玉県","city":"さいたま市中央区","town":"新都心明治安田生命さいたま新都心ビル（１４階）"}],"6015":[{"pref":"埼玉県","city":"さいたま市中央区","town":"新都心明治安田生命さいたま新都心ビル（１５階）"}],"6016":[{"pref":"埼玉県","city":"さいたま市中央区","town":"新都心明治安田生命さいたま新都心ビル（１６階）"}],"6017":[{"pref":"埼玉県","city":"さいたま市中央区","town":"新都心明治安田生命さいたま新都心ビル（１７階）"}],"6018":[{"pref":"埼玉県","city":"さいたま市中央区","town":"新都心明治安田生命さいたま新都心ビル（１８階）"}],"6019":[{"pref":"埼玉県","city":"さいたま市中央区","town":"新都心明治安田生命さいたま新都心ビル（１９階）"}],"6020":[{"pref":"埼玉県","city":"さいたま市中央区","town":"新都心明治安田生命さいたま新都心ビル（２０階）"}],"6021":[{"pref":"埼玉県","city":"さいたま市中央区","town":"新都心明治安田生命さいたま新都心ビル（２１階）"}],"6022":[{"pref":"埼玉県","city":"さいたま市中央区","town":"新都心明治安田生命さいたま新都心ビル（２２階）"}],"6023":[{"pref":"埼玉県","city":"さいたま市中央区","town":"新都心明治安田生命さいたま新都心ビル（２３階）"}],"6024":[{"pref":"埼玉県","city":"さいたま市中央区","town":"新都心明治安田生命さいたま新都心ビル（２４階）"}],"6025":[{"pref":"埼玉県","city":"さいたま市中央区","town":"新都心明治安田生命さいたま新都心ビル（２５階）"}],"6026":[{"pref":"埼玉県","city":"さいたま市中央区","town":"新都心明治安田生命さいたま新都心ビル（２６階）"}],"6027":[{"pref":"埼玉県","city":"さいたま市中央区","town":"新都心明治安田生命さいたま新都心ビル（２７階）"}],"6028":[{"pref":"埼玉県","city":"さいたま市中央区","town":"新都心明治安田生命さいたま新都心ビル（２８階）"}],"6029":[{"pref":"埼玉県","city":"さいたま市中央区","town":"新都心明治安田生命さいたま新都心ビル（２９階）"}],"6030":[{"pref":"埼玉県","city":"さいたま市中央区","town":"新都心明治安田生命さいたま新都心ビル（３０階）"}],"6031":[{"pref":"埼玉県","city":"さいたま市中央区","town":"新都心明治安田生命さいたま新都心ビル（３１階）"}],"6032":[{"pref":"埼玉県","city":"さいたま市中央区","town":"新都心明治安田生命さいたま新都心ビル（３２階）"}],"6033":[{"pref":"埼玉県","city":"さいたま市中央区","town":"新都心明治安田生命さいたま新都心ビル（３３階）"}],"6034":[{"pref":"埼玉県","city":"さいたま市中央区","town":"新都心明治安田生命さいたま新都心ビル（３４階）"}],"6035":[{"pref":"埼玉県","city":"さいたま市中央区","town":"新都心明治安田生命さいたま新都心ビル（３５階）"}],"6090":[{"pref":"埼玉県","city":"さいたま市中央区","town":"新都心明治安田生命さいたま新都心ビル（地階・階層不明）"}],"0800":[{"pref":"埼玉県","city":"さいたま市大宮区","town":"以下に掲載がない場合"}],"0841":[{"pref":"埼玉県","city":"さいたま市大宮区","town":"東町"}],"0834":[{"pref":"埼玉県","city":"さいたま市大宮区","town":"天沼町"}],"0852":[{"pref":"埼玉県","city":"さいたま市大宮区","town":"大成町"}],"0836":[{"pref":"埼玉県","city":"さいたま市大宮区","town":"大原"}],"0855":[{"pref":"埼玉県","city":"さいたま市大宮区","town":"上小町"}],"0843":[{"pref":"埼玉県","city":"さいたま市大宮区","town":"吉敷町"}],"0835":[{"pref":"埼玉県","city":"さいたま市大宮区","town":"北袋町"}],"0851":[{"pref":"埼玉県","city":"さいたま市大宮区","town":"櫛引町"}],"0854":[{"pref":"埼玉県","city":"さいたま市大宮区","town":"桜木町"}],"0844":[{"pref":"埼玉県","city":"さいたま市大宮区","town":"下町"}],"0805":[{"pref":"埼玉県","city":"さいたま市大宮区","town":"寿能町"}],"0842":[{"pref":"埼玉県","city":"さいたま市大宮区","town":"浅間町"}],"0846":[{"pref":"埼玉県","city":"さいたま市大宮区","town":"大門町"}],"0803":[{"pref":"埼玉県","city":"さいたま市大宮区","town":"高鼻町"}],"0801":[{"pref":"埼玉県","city":"さいたま市大宮区","town":"土手町"}],"0845":[{"pref":"埼玉県","city":"さいたま市大宮区","town":"仲町"}],"0853":[{"pref":"埼玉県","city":"さいたま市大宮区","town":"錦町"}],"0804":[{"pref":"埼玉県","city":"さいたま市大宮区","town":"堀の内町"}],"0856":[{"pref":"埼玉県","city":"さいたま市大宮区","town":"三橋"}],"0802":[{"pref":"埼玉県","city":"さいたま市大宮区","town":"宮町"}],"0000":[{"pref":"埼玉県","city":"さいたま市中央区","town":"以下に掲載がない場合"},{"pref":"埼玉県","city":"さいたま市浦和区","town":"以下に掲載がない場合"}],"0081":[{"pref":"埼玉県","city":"さいたま市中央区","town":"新都心（次のビルを除く）"}],"0046":[{"pref":"埼玉県","city":"さいたま市浦和区","town":"大原"}],"0071":[{"pref":"埼玉県","city":"さいたま市浦和区","town":"上木崎"}],"0042":[{"pref":"埼玉県","city":"さいたま市浦和区","town":"木崎"}],"0064":[{"pref":"埼玉県","city":"さいたま市浦和区","town":"岸町"}],"0074":[{"pref":"埼玉県","city":"さいたま市浦和区","town":"北浦和"}],"0045":[{"pref":"埼玉県","city":"さいたま市浦和区","town":"皇山町"}],"0051":[{"pref":"埼玉県","city":"さいたま市浦和区","town":"駒場"}],"0065":[{"pref":"埼玉県","city":"さいたま市浦和区","town":"神明"}],"0044":[{"pref":"埼玉県","city":"さいたま市浦和区","town":"瀬ケ崎"}],"0043":[{"pref":"埼玉県","city":"さいたま市浦和区","town":"大東"}],"0063":[{"pref":"埼玉県","city":"さいたま市浦和区","town":"高砂"}],"0061":[{"pref":"埼玉県","city":"さいたま市浦和区","town":"常盤"}],"0062":[{"pref":"埼玉県","city":"さいたま市浦和区","town":"仲町"}],"0075":[{"pref":"埼玉県","city":"さいたま市浦和区","town":"針ヶ谷"}],"0054":[{"pref":"埼玉県","city":"さいたま市浦和区","town":"東岸町"}],"0055":[{"pref":"埼玉県","city":"さいたま市浦和区","town":"東高砂町"}],"0056":[{"pref":"埼玉県","city":"さいたま市浦和区","town":"東仲町"}],"0053":[{"pref":"埼玉県","city":"さいたま市浦和区","town":"前地"}],"0041":[{"pref":"埼玉県","city":"さいたま市浦和区","town":"三崎"}],"0073":[{"pref":"埼玉県","city":"さいたま市浦和区","town":"元町"}],"0052":[{"pref":"埼玉県","city":"さいたま市浦和区","town":"本太"}],"0072":[{"pref":"埼玉県","city":"さいたま市浦和区","town":"領家"}]}