{"0000":[{"pref":"東京都","city":"福生市","town":"以下に掲載がない場合"}],"0024":[{"pref":"東京都","city":"福生市","town":"牛浜"}],"0012":[{"pref":"東京都","city":"福生市","town":"加美平"}],"0005":[{"pref":"東京都","city":"福生市","town":"北田園"}],"0003":[{"pref":"東京都","city":"福生市","town":"熊川"}],"0002":[{"pref":"東京都","city":"福生市","town":"熊川二宮"}],"0023":[{"pref":"東京都","city":"福生市","town":"志茂"}],"0021":[{"pref":"東京都","city":"福生市","town":"東町"}],"0011":[{"pref":"東京都","city":"福生市","town":"福生"}],"0014":[{"pref":"東京都","city":"福生市","town":"福生二宮"}],"0022":[{"pref":"東京都","city":"福生市","town":"本町"}],"0004":[{"pref":"東京都","city":"福生市","town":"南田園"}],"0013":[{"pref":"東京都","city":"福生市","town":"武蔵野台"}],"0001":[{"pref":"東京都","city":"福生市","town":"横田基地内"}],"0804":[{"pref":"東京都","city":"あきる野市","town":"秋川"}],"0828":[{"pref":"東京都","city":"あきる野市","town":"秋留"}],"0827":[{"pref":"東京都","city":"あきる野市","town":"油平"}],"0825":[{"pref":"東京都","city":"あきる野市","town":"雨間"}],"0826":[{"pref":"東京都","city":"あきる野市","town":"牛沼"}],"0821":[{"pref":"東京都","city":"あきる野市","town":"小川"}],"0822":[{"pref":"東京都","city":"あきる野市","town":"小川東"}],"0832":[{"pref":"東京都","city":"あきる野市","town":"上代継"}],"0824":[{"pref":"東京都","city":"あきる野市","town":"切欠"}],"0802":[{"pref":"東京都","city":"あきる野市","town":"草花"}],"0831":[{"pref":"東京都","city":"あきる野市","town":"下代継"}],"0801":[{"pref":"東京都","city":"あきる野市","town":"菅生"}],"0803":[{"pref":"東京都","city":"あきる野市","town":"瀬戸岡"}],"0814":[{"pref":"東京都","city":"あきる野市","town":"二宮"}],"0815":[{"pref":"東京都","city":"あきる野市","town":"二宮東"}],"0823":[{"pref":"東京都","city":"あきる野市","town":"野辺"}],"0811":[{"pref":"東京都","city":"あきる野市","town":"原小宮"}],"0834":[{"pref":"東京都","city":"あきる野市","town":"引田"}],"0812":[{"pref":"東京都","city":"あきる野市","town":"平沢"}],"0816":[{"pref":"東京都","city":"あきる野市","town":"平沢西"}],"0813":[{"pref":"東京都","city":"あきる野市","town":"平沢東"}],"0833":[{"pref":"東京都","city":"あきる野市","town":"渕上"}]}