{"0000":[{"pref":"福岡県","city":"豊前市","town":"以下に掲載がない場合"}],"0065":[{"pref":"福岡県","city":"豊前市","town":"青畑"}],"0027":[{"pref":"福岡県","city":"豊前市","town":"赤熊"}],"0061":[{"pref":"福岡県","city":"豊前市","town":"荒堀"}],"0035":[{"pref":"福岡県","city":"豊前市","town":"市丸"}],"0062":[{"pref":"福岡県","city":"豊前市","town":"今市"}],"0083":[{"pref":"福岡県","city":"豊前市","town":"岩屋"}],"0022":[{"pref":"福岡県","city":"豊前市","town":"宇島"}],"0082":[{"pref":"福岡県","city":"豊前市","town":"大河内"}],"0066":[{"pref":"福岡県","city":"豊前市","town":"大村"}],"0064":[{"pref":"福岡県","city":"豊前市","town":"大西"}],"0049":[{"pref":"福岡県","city":"豊前市","town":"鬼木"}],"0045":[{"pref":"福岡県","city":"豊前市","town":"皆毛"}],"0041":[{"pref":"福岡県","city":"豊前市","town":"梶屋"}],"0077":[{"pref":"福岡県","city":"豊前市","town":"上川底"}],"0013":[{"pref":"福岡県","city":"豊前市","town":"川内"}],"0055":[{"pref":"福岡県","city":"豊前市","town":"河原田"}],"0043":[{"pref":"福岡県","city":"豊前市","town":"岸井"}],"0048":[{"pref":"福岡県","city":"豊前市","town":"久路土"}],"0023":[{"pref":"福岡県","city":"豊前市","town":"沓川"}],"0086":[{"pref":"福岡県","city":"豊前市","town":"求菩提"}],"0044":[{"pref":"福岡県","city":"豊前市","town":"小石原"}],"0036":[{"pref":"福岡県","city":"豊前市","town":"小犬丸"}],"0072":[{"pref":"福岡県","city":"豊前市","town":"才尾"}],"0032":[{"pref":"福岡県","city":"豊前市","town":"三楽"}],"0084":[{"pref":"福岡県","city":"豊前市","town":"篠瀬"}],"0075":[{"pref":"福岡県","city":"豊前市","town":"下川底"}],"0074":[{"pref":"福岡県","city":"豊前市","town":"下河内"}],"0002":[{"pref":"福岡県","city":"豊前市","town":"松江"}],"0026":[{"pref":"福岡県","city":"豊前市","town":"清水町"}],"0011":[{"pref":"福岡県","city":"豊前市","town":"四郎丸"}],"0028":[{"pref":"福岡県","city":"豊前市","town":"青豊"}],"0046":[{"pref":"福岡県","city":"豊前市","town":"高田"}],"0053":[{"pref":"福岡県","city":"豊前市","town":"千束"}],"0025":[{"pref":"福岡県","city":"豊前市","town":"恒富"}],"0081":[{"pref":"福岡県","city":"豊前市","town":"天和"}],"0052":[{"pref":"福岡県","city":"豊前市","town":"塔田"}],"0085":[{"pref":"福岡県","city":"豊前市","town":"鳥井畑"}],"0012":[{"pref":"福岡県","city":"豊前市","town":"鳥越"}],"0076":[{"pref":"福岡県","city":"豊前市","town":"中川底"}],"0003":[{"pref":"福岡県","city":"豊前市","town":"中村"}],"0054":[{"pref":"福岡県","city":"豊前市","town":"永久"}],"0063":[{"pref":"福岡県","city":"豊前市","town":"野田"}],"0073":[{"pref":"福岡県","city":"豊前市","town":"挾間"}],"0005":[{"pref":"福岡県","city":"豊前市","town":"畑"}],"0001":[{"pref":"福岡県","city":"豊前市","town":"畠中"}],"0021":[{"pref":"福岡県","city":"豊前市","town":"八屋"}],"0004":[{"pref":"福岡県","city":"豊前市","town":"馬場"}],"0024":[{"pref":"福岡県","city":"豊前市","town":"久松"}],"0047":[{"pref":"福岡県","city":"豊前市","town":"広瀬"}],"0042":[{"pref":"福岡県","city":"豊前市","town":"堀立"}],"0031":[{"pref":"福岡県","city":"豊前市","town":"三毛門"}],"0034":[{"pref":"福岡県","city":"豊前市","town":"森久"}],"0056":[{"pref":"福岡県","city":"豊前市","town":"薬師寺"}],"0071":[{"pref":"福岡県","city":"豊前市","town":"山内"}],"0051":[{"pref":"福岡県","city":"豊前市","town":"吉木"}],"0033":[{"pref":"福岡県","city":"豊前市","town":"六郎"}]}