{"1100":[{"pref":"宮崎県","city":"東諸県郡国富町","town":"以下に掲載がない場合"}],"1101":[{"pref":"宮崎県","city":"東諸県郡国富町","town":"本庄"}],"1102":[{"pref":"宮崎県","city":"東諸県郡国富町","town":"宮王丸"}],"1103":[{"pref":"宮崎県","city":"東諸県郡国富町","town":"嵐田"}],"1104":[{"pref":"宮崎県","city":"東諸県郡国富町","town":"田尻"}],"1105":[{"pref":"宮崎県","city":"東諸県郡国富町","town":"向高"}],"1106":[{"pref":"宮崎県","city":"東諸県郡国富町","town":"森永"}],"1107":[{"pref":"宮崎県","city":"東諸県郡国富町","town":"竹田"}],"1108":[{"pref":"宮崎県","city":"東諸県郡国富町","town":"須志田"}],"1111":[{"pref":"宮崎県","city":"東諸県郡国富町","town":"岩知野"}],"1112":[{"pref":"宮崎県","city":"東諸県郡国富町","town":"塚原"}],"1113":[{"pref":"宮崎県","city":"東諸県郡国富町","town":"木脇"}],"1114":[{"pref":"宮崎県","city":"東諸県郡国富町","town":"三名"}],"1121":[{"pref":"宮崎県","city":"東諸県郡国富町","town":"伊左生（吹上）"}],"1221":[{"pref":"宮崎県","city":"東諸県郡国富町","town":"伊左生（その他）"}],"1222":[{"pref":"宮崎県","city":"東諸県郡国富町","town":"八代北俣"}],"1223":[{"pref":"宮崎県","city":"東諸県郡国富町","town":"八代南俣"}],"1224":[{"pref":"宮崎県","city":"東諸県郡国富町","town":"深年"}],"1300":[{"pref":"宮崎県","city":"東諸県郡綾町","town":"以下に掲載がない場合"}],"1301":[{"pref":"宮崎県","city":"東諸県郡綾町","town":"入野"}],"1302":[{"pref":"宮崎県","city":"東諸県郡綾町","town":"北俣"}],"1303":[{"pref":"宮崎県","city":"東諸県郡綾町","town":"南俣"}],"2101":[{"pref":"宮崎県","city":"宮崎市","town":"跡江"}],"2102":[{"pref":"宮崎県","city":"宮崎市","town":"有田"}],"2103":[{"pref":"宮崎県","city":"宮崎市","town":"生目"}],"2104":[{"pref":"宮崎県","city":"宮崎市","town":"浮田"}],"2105":[{"pref":"宮崎県","city":"宮崎市","town":"大塚台西"}],"2111":[{"pref":"宮崎県","city":"宮崎市","town":"柏原"}],"2112":[{"pref":"宮崎県","city":"宮崎市","town":"小松"}],"2113":[{"pref":"宮崎県","city":"宮崎市","town":"小松台北町"}],"2114":[{"pref":"宮崎県","city":"宮崎市","town":"富吉"}],"2115":[{"pref":"宮崎県","city":"宮崎市","town":"長嶺"}],"2116":[{"pref":"宮崎県","city":"宮崎市","town":"細江（その他）"}],"2211":[{"pref":"宮崎県","city":"宮崎市","town":"高岡町花見"}],"2212":[{"pref":"宮崎県","city":"宮崎市","town":"高岡町下倉永"}],"2213":[{"pref":"宮崎県","city":"宮崎市","town":"高岡町上倉永（その他）"}],"2214":[{"pref":"宮崎県","city":"宮崎市","town":"高岡町小山田"}],"2215":[{"pref":"宮崎県","city":"宮崎市","town":"高岡町高浜"}],"2221":[{"pref":"宮崎県","city":"宮崎市","town":"高岡町内山（１～３２１４番地）"}],"2222":[{"pref":"宮崎県","city":"宮崎市","town":"高岡町五町（１～３１３７番地）"}],"2223":[{"pref":"宮崎県","city":"宮崎市","town":"高岡町浦之名（２７９３～４３８９番地）"}],"2224":[{"pref":"宮崎県","city":"宮崎市","town":"高岡町飯田"}],"2231":[{"pref":"宮崎県","city":"宮崎市","town":"糸原"}],"2232":[{"pref":"宮崎県","city":"宮崎市","town":"堤内"}],"2233":[{"pref":"宮崎県","city":"宮崎市","town":"吉野"}],"2234":[{"pref":"宮崎県","city":"宮崎市","town":"金崎"}],"2303":[{"pref":"宮崎県","city":"都城市","town":"山之口町山之口（上平野、仲田）"}],"2321":[{"pref":"宮崎県","city":"宮崎市","town":"高岡町内山（その他）"}],"2322":[{"pref":"宮崎県","city":"宮崎市","town":"高岡町五町（その他）"}],"2323":[{"pref":"宮崎県","city":"宮崎市","town":"高岡町浦之名（その他）"}],"2325":[{"pref":"宮崎県","city":"宮崎市","town":"高岡町紙屋"}],"0000":[{"pref":"宮崎県","city":"宮崎市","town":"以下に掲載がない場合"}],"0842":[{"pref":"宮崎県","city":"宮崎市","town":"青葉町"}],"0912":[{"pref":"宮崎県","city":"宮崎市","town":"赤江"}],"0803":[{"pref":"宮崎県","city":"宮崎市","town":"旭"}],"0864":[{"pref":"宮崎県","city":"宮崎市","town":"吾妻町"}],"0835":[{"pref":"宮崎県","city":"宮崎市","town":"阿波岐原町"}],"0942":[{"pref":"宮崎県","city":"宮崎市","town":"生目台東"}],"0943":[{"pref":"宮崎県","city":"宮崎市","town":"生目台西"}],"0041":[{"pref":"宮崎県","city":"宮崎市","town":"池内町"}],"0854":[{"pref":"宮崎県","city":"宮崎市","town":"一の宮町"}],"0821":[{"pref":"宮崎県","city":"宮崎市","town":"浮城町"}],"0344":[{"pref":"宮崎県","city":"宮崎市","town":"瓜生野（下畑）"}],"0044":[{"pref":"宮崎県","city":"宮崎市","town":"瓜生野（その他）"}],"0872":[{"pref":"宮崎県","city":"宮崎市","town":"永楽町"}],"0814":[{"pref":"宮崎県","city":"宮崎市","town":"江平中町"}],"0817":[{"pref":"宮崎県","city":"宮崎市","town":"江平東町"}],"0816":[{"pref":"宮崎県","city":"宮崎市","town":"江平東"}],"0051":[{"pref":"宮崎県","city":"宮崎市","town":"江平西"}],"0815":[{"pref":"宮崎県","city":"宮崎市","town":"江平町"}],"0801":[{"pref":"宮崎県","city":"宮崎市","town":"老松"}],"0824":[{"pref":"宮崎県","city":"宮崎市","town":"大島町"}],"0345":[{"pref":"宮崎県","city":"宮崎市","town":"大瀬町（上畑）"}],"0045":[{"pref":"宮崎県","city":"宮崎市","town":"大瀬町（その他）"}],"0903":[{"pref":"宮崎県","city":"宮崎市","town":"太田"}],"0952":[{"pref":"宮崎県","city":"宮崎市","town":"大塚台東"}],"0951":[{"pref":"宮崎県","city":"宮崎市","town":"大塚町"}],"0933":[{"pref":"宮崎県","city":"宮崎市","town":"大坪町"}],"0934":[{"pref":"宮崎県","city":"宮崎市","town":"大坪東"}],"0932":[{"pref":"宮崎県","city":"宮崎市","town":"大坪西"}],"0022":[{"pref":"宮崎県","city":"宮崎市","town":"大橋"}],"0902":[{"pref":"宮崎県","city":"宮崎市","town":"大淀"}],"0857":[{"pref":"宮崎県","city":"宮崎市","town":"小戸町"}],"0947":[{"pref":"宮崎県","city":"宮崎市","town":"薫る坂"}],"0043":[{"pref":"宮崎県","city":"宮崎市","town":"上北方"}],"0011":[{"pref":"宮崎県","city":"宮崎市","town":"上野町"}],"0866":[{"pref":"宮崎県","city":"宮崎市","town":"川原町"}],"0024":[{"pref":"宮崎県","city":"宮崎市","town":"祇園"}],"0941":[{"pref":"宮崎県","city":"宮崎市","town":"北川内町"}],"0823":[{"pref":"宮崎県","city":"宮崎市","town":"北権現町"}],"0017":[{"pref":"宮崎県","city":"宮崎市","town":"北高松町"}],"0923":[{"pref":"宮崎県","city":"宮崎市","town":"希望ケ丘"}],"0937":[{"pref":"宮崎県","city":"宮崎市","town":"京塚"}],"0938":[{"pref":"宮崎県","city":"宮崎市","town":"京塚町"}],"0032":[{"pref":"宮崎県","city":"宮崎市","town":"霧島"}],"0924":[{"pref":"宮崎県","city":"宮崎市","town":"郡司分"}],"0927":[{"pref":"宮崎県","city":"宮崎市","town":"源藤町"}],"0944":[{"pref":"宮崎県","city":"宮崎市","town":"江南"}],"0954":[{"pref":"宮崎県","city":"宮崎市","town":"小松台西"}],"0953":[{"pref":"宮崎県","city":"宮崎市","town":"小松台東"}],"0956":[{"pref":"宮崎県","city":"宮崎市","town":"小松台南町"}],"0822":[{"pref":"宮崎県","city":"宮崎市","town":"権現町"}],"0955":[{"pref":"宮崎県","city":"宮崎市","town":"桜ケ丘町"}],"0057":[{"pref":"宮崎県","city":"宮崎市","town":"桜町"}],"0213":[{"pref":"宮崎県","city":"宮崎市","town":"佐土原町石崎"}],"0301":[{"pref":"宮崎県","city":"宮崎市","town":"佐土原町上田島"}],"0211":[{"pref":"宮崎県","city":"宮崎市","town":"佐土原町下田島"}],"0204":[{"pref":"宮崎県","city":"宮崎市","town":"佐土原町下富田"}],"0212":[{"pref":"宮崎県","city":"宮崎市","town":"佐土原町下那珂"}],"0302":[{"pref":"宮崎県","city":"宮崎市","town":"佐土原町西上那珂"}],"0303":[{"pref":"宮崎県","city":"宮崎市","town":"佐土原町東上那珂"}],"0214":[{"pref":"宮崎県","city":"宮崎市","town":"佐土原町松小路"}],"0122":[{"pref":"宮崎県","city":"宮崎市","town":"塩路"}],"0862":[{"pref":"宮崎県","city":"宮崎市","town":"潮見町"}],"0121":[{"pref":"宮崎県","city":"宮崎市","town":"島之内"}],"0021":[{"pref":"宮崎県","city":"宮崎市","town":"清水"}],"0035":[{"pref":"宮崎県","city":"宮崎市","town":"下北方町"}],"0843":[{"pref":"宮崎県","city":"宮崎市","town":"下原町"}],"0833":[{"pref":"宮崎県","city":"宮崎市","town":"昭栄町"}],"0917":[{"pref":"宮崎県","city":"宮崎市","town":"城ケ崎"}],"0876":[{"pref":"宮崎県","city":"宮崎市","town":"浄土江町"}],"0874":[{"pref":"宮崎県","city":"宮崎市","town":"昭和町"}],"0831":[{"pref":"宮崎県","city":"宮崎市","town":"新栄町"}],"0053":[{"pref":"宮崎県","city":"宮崎市","town":"神宮"}],"0033":[{"pref":"宮崎県","city":"宮崎市","town":"神宮西"}],"0056":[{"pref":"宮崎県","city":"宮崎市","town":"神宮東"}],"0054":[{"pref":"宮崎県","city":"宮崎市","town":"神宮町"}],"0845":[{"pref":"宮崎県","city":"宮崎市","town":"新城町"}],"0834":[{"pref":"宮崎県","city":"宮崎市","town":"新別府町"}],"0012":[{"pref":"宮崎県","city":"宮崎市","town":"末広"}],"0867":[{"pref":"宮崎県","city":"宮崎市","town":"瀬頭"}],"0868":[{"pref":"宮崎県","city":"宮崎市","town":"瀬頭町"}],"0875":[{"pref":"宮崎県","city":"宮崎市","town":"曽師町"}],"0871":[{"pref":"宮崎県","city":"宮崎市","town":"大王町"}],"0015":[{"pref":"宮崎県","city":"宮崎市","town":"大工"}],"0852":[{"pref":"宮崎県","city":"宮崎市","town":"高洲町"}],"0812":[{"pref":"宮崎県","city":"宮崎市","town":"高千穂通"}],"0003":[{"pref":"宮崎県","city":"宮崎市","town":"高松町"}],"0855":[{"pref":"宮崎県","city":"宮崎市","town":"田代町"}],"0001":[{"pref":"宮崎県","city":"宮崎市","town":"橘通西"}],"0805":[{"pref":"宮崎県","city":"宮崎市","town":"橘通東"}],"0908":[{"pref":"宮崎県","city":"宮崎市","town":"谷川"}],"0909":[{"pref":"宮崎県","city":"宮崎市","town":"谷川町"}],"0911":[{"pref":"宮崎県","city":"宮崎市","town":"田吉"}],"0006":[{"pref":"宮崎県","city":"宮崎市","town":"千草町"}],"0002":[{"pref":"宮崎県","city":"宮崎市","town":"中央通"}],"0926":[{"pref":"宮崎県","city":"宮崎市","town":"月見ケ丘"}],"0913":[{"pref":"宮崎県","city":"宮崎市","town":"恒久（丁目）"}],"0916":[{"pref":"宮崎県","city":"宮崎市","town":"恒久（番地）"}],"0915":[{"pref":"宮崎県","city":"宮崎市","town":"恒久南"}],"0014":[{"pref":"宮崎県","city":"宮崎市","town":"鶴島"}],"0861":[{"pref":"宮崎県","city":"宮崎市","town":"出来島町"}],"0936":[{"pref":"宮崎県","city":"宮崎市","town":"天満"}],"0935":[{"pref":"宮崎県","city":"宮崎市","town":"天満町"}],"0928":[{"pref":"宮崎県","city":"宮崎市","town":"東宮"}],"0025":[{"pref":"宮崎県","city":"宮崎市","town":"中津瀬町"}],"0853":[{"pref":"宮崎県","city":"宮崎市","town":"中西町"}],"0904":[{"pref":"宮崎県","city":"宮崎市","town":"中村東"}],"0905":[{"pref":"宮崎県","city":"宮崎市","town":"中村西"}],"0826":[{"pref":"宮崎県","city":"宮崎市","town":"波島"}],"0124":[{"pref":"宮崎県","city":"宮崎市","town":"新名爪"}],"0027":[{"pref":"宮崎県","city":"宮崎市","town":"西池町"}],"0818":[{"pref":"宮崎県","city":"宮崎市","town":"錦本町"}],"0811":[{"pref":"宮崎県","city":"宮崎市","town":"錦町"}],"0016":[{"pref":"宮崎県","city":"宮崎市","town":"西高松町"}],"0036":[{"pref":"宮崎県","city":"宮崎市","town":"花ケ島町"}],"0026":[{"pref":"宮崎県","city":"宮崎市","town":"花殿町"}],"0939":[{"pref":"宮崎県","city":"宮崎市","town":"花山手西"}],"0930":[{"pref":"宮崎県","city":"宮崎市","town":"花山手東"}],"0007":[{"pref":"宮崎県","city":"宮崎市","town":"原町"}],"0832":[{"pref":"宮崎県","city":"宮崎市","town":"稗原町"}],"0825":[{"pref":"宮崎県","city":"宮崎市","town":"東大宮"}],"0901":[{"pref":"宮崎県","city":"宮崎市","town":"東大淀"}],"0856":[{"pref":"宮崎県","city":"宮崎市","town":"日ノ出町"}],"0806":[{"pref":"宮崎県","city":"宮崎市","town":"広島"}],"0125":[{"pref":"宮崎県","city":"宮崎市","town":"広原"}],"0946":[{"pref":"宮崎県","city":"宮崎市","town":"福島町（丁目）"}],"0945":[{"pref":"宮崎県","city":"宮崎市","town":"福島町（番地）"}],"0031":[{"pref":"宮崎県","city":"宮崎市","town":"船塚"}],"0931":[{"pref":"宮崎県","city":"宮崎市","town":"古城町"}],"0046":[{"pref":"宮崎県","city":"宮崎市","town":"平和が丘北町"}],"0047":[{"pref":"宮崎県","city":"宮崎市","town":"平和が丘西町"}],"0042":[{"pref":"宮崎県","city":"宮崎市","town":"平和が丘東町"}],"0802":[{"pref":"宮崎県","city":"宮崎市","town":"別府町"}],"0123":[{"pref":"宮崎県","city":"宮崎市","town":"芳士"}],"0873":[{"pref":"宮崎県","city":"宮崎市","town":"堀川町"}],"0922":[{"pref":"宮崎県","city":"宮崎市","town":"本郷"}],"0925":[{"pref":"宮崎県","city":"宮崎市","town":"本郷北方"}],"0921":[{"pref":"宮崎県","city":"宮崎市","town":"本郷南方"}],"0863":[{"pref":"宮崎県","city":"宮崎市","town":"前原町"}],"0013":[{"pref":"宮崎県","city":"宮崎市","town":"松橋"}],"0865":[{"pref":"宮崎県","city":"宮崎市","town":"松山"}],"0929":[{"pref":"宮崎県","city":"宮崎市","town":"まなび野"}],"0813":[{"pref":"宮崎県","city":"宮崎市","town":"丸島町"}],"0052":[{"pref":"宮崎県","city":"宮崎市","town":"丸山"}],"0858":[{"pref":"宮崎県","city":"宮崎市","town":"港"}],"0851":[{"pref":"宮崎県","city":"宮崎市","town":"港東"}],"0037":[{"pref":"宮崎県","city":"宮崎市","town":"南方町"}],"0005":[{"pref":"宮崎県","city":"宮崎市","town":"南高松町"}],"0055":[{"pref":"宮崎県","city":"宮崎市","town":"南花ケ島町"}],"0906":[{"pref":"宮崎県","city":"宮崎市","town":"南町"}],"0879":[{"pref":"宮崎県","city":"宮崎市","town":"宮崎駅東"}],"0804":[{"pref":"宮崎県","city":"宮崎市","town":"宮田町"}],"0914":[{"pref":"宮崎県","city":"宮崎市","town":"宮の元町"}],"0877":[{"pref":"宮崎県","city":"宮崎市","town":"宮脇町"}],"0837":[{"pref":"宮崎県","city":"宮崎市","town":"村角町"}],"0004":[{"pref":"宮崎県","city":"宮崎市","town":"元宮町"}],"0844":[{"pref":"宮崎県","city":"宮崎市","town":"柳丸町"}],"0034":[{"pref":"宮崎県","city":"宮崎市","town":"矢の先町"}],"0836":[{"pref":"宮崎県","city":"宮崎市","town":"山崎町"}],"0878":[{"pref":"宮崎県","city":"宮崎市","town":"大和町"}],"0841":[{"pref":"宮崎県","city":"宮崎市","town":"吉村町"}],"0907":[{"pref":"宮崎県","city":"宮崎市","town":"淀川"}],"0023":[{"pref":"宮崎県","city":"宮崎市","town":"和知川原"}],"0341":[{"pref":"宮崎県","city":"西都市","town":"現王島"}]}