{"1100":[{"pref":"福島県","city":"本宮市","town":"以下に掲載がない場合"}],"1101":[{"pref":"福島県","city":"本宮市","town":"高木"}],"1103":[{"pref":"福島県","city":"本宮市","town":"仁井田"}],"1104":[{"pref":"福島県","city":"本宮市","town":"荒井"}],"1105":[{"pref":"福島県","city":"本宮市","town":"関下"}],"1106":[{"pref":"福島県","city":"本宮市","town":"岩根"}],"1107":[{"pref":"福島県","city":"本宮市","town":"青田"}],"1108":[{"pref":"福島県","city":"本宮市","town":"本宮堀切"}],"1109":[{"pref":"福島県","city":"本宮市","town":"本宮富ヶ峰"}],"1111":[{"pref":"福島県","city":"本宮市","town":"本宮作田"},{"pref":"福島県","city":"本宮市","town":"本宮作田台"}],"1112":[{"pref":"福島県","city":"本宮市","town":"本宮大榎"}],"1113":[{"pref":"福島県","city":"本宮市","town":"本宮坊屋敷"}],"1114":[{"pref":"福島県","city":"本宮市","town":"本宮関根"}],"1115":[{"pref":"福島県","city":"本宮市","town":"本宮立石"}],"1116":[{"pref":"福島県","city":"本宮市","town":"本宮弁天"}],"1117":[{"pref":"福島県","city":"本宮市","town":"本宮鹿ノ子田"}],"1118":[{"pref":"福島県","city":"本宮市","town":"本宮下台"}],"1119":[{"pref":"福島県","city":"本宮市","town":"本宮柳ノ内"}],"1121":[{"pref":"福島県","city":"本宮市","town":"本宮舘ノ越"}],"1122":[{"pref":"福島県","city":"本宮市","town":"本宮大町"}],"1123":[{"pref":"福島県","city":"本宮市","town":"本宮東町"},{"pref":"福島県","city":"本宮市","town":"本宮東町裏"}],"1124":[{"pref":"福島県","city":"本宮市","town":"本宮仲町"}],"1125":[{"pref":"福島県","city":"本宮市","town":"本宮荒町"}],"1126":[{"pref":"福島県","city":"本宮市","town":"本宮馬場"}],"1127":[{"pref":"福島県","city":"本宮市","town":"本宮鉄砲町"}],"1128":[{"pref":"福島県","city":"本宮市","town":"本宮舘町"}],"1129":[{"pref":"福島県","city":"本宮市","town":"本宮鍛冶免"},{"pref":"福島県","city":"本宮市","town":"本宮矢来"}],"1131":[{"pref":"福島県","city":"本宮市","town":"本宮南町裡"}],"1132":[{"pref":"福島県","city":"本宮市","town":"本宮下町"}],"1133":[{"pref":"福島県","city":"本宮市","town":"本宮中條"}],"1134":[{"pref":"福島県","city":"本宮市","town":"本宮上町"}],"1135":[{"pref":"福島県","city":"本宮市","town":"本宮土樋"},{"pref":"福島県","city":"本宮市","town":"本宮蛭田"}],"1136":[{"pref":"福島県","city":"本宮市","town":"本宮九縄"}],"1137":[{"pref":"福島県","city":"本宮市","town":"本宮太郎丸"}],"1138":[{"pref":"福島県","city":"本宮市","town":"本宮鳴瀬"}],"1139":[{"pref":"福島県","city":"本宮市","town":"本宮石塚"}],"1141":[{"pref":"福島県","city":"本宮市","town":"本宮兼谷"}],"1142":[{"pref":"福島県","city":"本宮市","town":"本宮兼谷平"}],"1143":[{"pref":"福島県","city":"本宮市","town":"本宮山田"}],"1144":[{"pref":"福島県","city":"本宮市","town":"本宮大森"}],"1145":[{"pref":"福島県","city":"本宮市","town":"本宮葭ヶ入"}],"1146":[{"pref":"福島県","city":"本宮市","town":"本宮南山神"}],"1147":[{"pref":"福島県","city":"本宮市","town":"本宮花町"}],"1148":[{"pref":"福島県","city":"本宮市","town":"本宮栄田"}],"1149":[{"pref":"福島県","city":"本宮市","town":"本宮万世"}],"1151":[{"pref":"福島県","city":"本宮市","town":"本宮千代田"}],"1152":[{"pref":"福島県","city":"本宮市","town":"本宮上千束"},{"pref":"福島県","city":"本宮市","town":"本宮千束"}],"1153":[{"pref":"福島県","city":"本宮市","town":"本宮塩田入"}],"1154":[{"pref":"福島県","city":"本宮市","town":"本宮塩田"}],"1155":[{"pref":"福島県","city":"本宮市","town":"本宮懸鉄"},{"pref":"福島県","city":"本宮市","town":"本宮反町"},{"pref":"福島県","city":"本宮市","town":"本宮雲雀田"},{"pref":"福島県","city":"本宮市","town":"本宮舞台"}],"1156":[{"pref":"福島県","city":"本宮市","town":"本宮諏訪"},{"pref":"福島県","city":"本宮市","town":"本宮鍋田"}],"1157":[{"pref":"福島県","city":"本宮市","town":"本宮瀬樋内"},{"pref":"福島県","city":"本宮市","town":"本宮田中"}],"1158":[{"pref":"福島県","city":"本宮市","town":"本宮天ヶ"},{"pref":"福島県","city":"本宮市","town":"本宮蛇ノ鼻"},{"pref":"福島県","city":"本宮市","town":"本宮平井"}],"1159":[{"pref":"福島県","city":"本宮市","town":"本宮小幡"},{"pref":"福島県","city":"本宮市","town":"本宮小籏北"},{"pref":"福島県","city":"本宮市","town":"本宮広町"}],"1161":[{"pref":"福島県","city":"本宮市","town":"本宮欠下"}],"1162":[{"pref":"福島県","city":"本宮市","town":"本宮北川原田"},{"pref":"福島県","city":"本宮市","town":"本宮南河原田"}],"1163":[{"pref":"福島県","city":"本宮市","town":"本宮白川"}],"1164":[{"pref":"福島県","city":"本宮市","town":"本宮戸崎"}],"1165":[{"pref":"福島県","city":"本宮市","town":"本宮中台"}],"1166":[{"pref":"福島県","city":"本宮市","town":"本宮近江内"}],"1167":[{"pref":"福島県","city":"本宮市","town":"本宮北山神"},{"pref":"福島県","city":"本宮市","town":"本宮道屋敷"}],"1168":[{"pref":"福島県","city":"本宮市","town":"本宮一ッ屋"}],"1169":[{"pref":"福島県","city":"本宮市","town":"本宮小原田"}],"1171":[{"pref":"福島県","city":"本宮市","town":"本宮樋ノ口"}],"1172":[{"pref":"福島県","city":"本宮市","town":"本宮北ノ内"}],"1173":[{"pref":"福島県","city":"本宮市","town":"本宮中野"},{"pref":"福島県","city":"本宮市","town":"本宮中野後"}],"1174":[{"pref":"福島県","city":"本宮市","town":"本宮南ノ内"}],"1175":[{"pref":"福島県","city":"本宮市","town":"本宮竹花"},{"pref":"福島県","city":"本宮市","town":"本宮名郷"},{"pref":"福島県","city":"本宮市","town":"本宮名郷脇"}],"1176":[{"pref":"福島県","city":"本宮市","town":"本宮赤坂"},{"pref":"福島県","city":"本宮市","town":"本宮地蔵堂"}],"1201":[{"pref":"福島県","city":"本宮市","town":"稲沢"}],"1202":[{"pref":"福島県","city":"本宮市","town":"松沢"}],"1203":[{"pref":"福島県","city":"本宮市","town":"白岩"}],"1204":[{"pref":"福島県","city":"本宮市","town":"糠沢"}],"1205":[{"pref":"福島県","city":"本宮市","town":"和田"}],"1206":[{"pref":"福島県","city":"本宮市","town":"長屋"}],"1300":[{"pref":"福島県","city":"安達郡大玉村","town":"以下に掲載がない場合"}],"1301":[{"pref":"福島県","city":"安達郡大玉村","town":"大山"}],"1302":[{"pref":"福島県","city":"安達郡大玉村","town":"玉井（その他）"}],"1401":[{"pref":"福島県","city":"二本松市","town":"吉倉"}],"1402":[{"pref":"福島県","city":"二本松市","town":"米沢"}],"1403":[{"pref":"福島県","city":"二本松市","town":"渋川"}],"1404":[{"pref":"福島県","city":"二本松市","town":"油井"}],"1405":[{"pref":"福島県","city":"二本松市","town":"智恵子の森"}],"1511":[{"pref":"福島県","city":"二本松市","town":"下川崎"}],"1512":[{"pref":"福島県","city":"二本松市","town":"上川崎"}],"1513":[{"pref":"福島県","city":"二本松市","town":"小沢"}],"1600":[{"pref":"福島県","city":"伊達郡桑折町","town":"以下に掲載がない場合"}],"1601":[{"pref":"福島県","city":"伊達郡桑折町","town":"北町"}],"1602":[{"pref":"福島県","city":"伊達郡桑折町","town":"町裏"}],"1603":[{"pref":"福島県","city":"伊達郡桑折町","town":"上町"}],"1604":[{"pref":"福島県","city":"伊達郡桑折町","town":"堰下"}],"1605":[{"pref":"福島県","city":"伊達郡桑折町","town":"堰合"}],"1606":[{"pref":"福島県","city":"伊達郡桑折町","town":"東段"}],"1607":[{"pref":"福島県","city":"伊達郡桑折町","town":"西段"}],"1608":[{"pref":"福島県","city":"伊達郡桑折町","town":"芝堤"}],"1611":[{"pref":"福島県","city":"伊達郡桑折町","town":"東大隅"}],"1612":[{"pref":"福島県","city":"伊達郡桑折町","town":"西大隅"}],"1613":[{"pref":"福島県","city":"伊達郡桑折町","town":"桑島"}],"1614":[{"pref":"福島県","city":"伊達郡桑折町","town":"本町"}],"1615":[{"pref":"福島県","city":"伊達郡桑折町","town":"沢"}],"1616":[{"pref":"福島県","city":"伊達郡桑折町","town":"舘"}],"1617":[{"pref":"福島県","city":"伊達郡桑折町","town":"陣屋"}],"1618":[{"pref":"福島県","city":"伊達郡桑折町","town":"庫場"}],"1619":[{"pref":"福島県","city":"伊達郡桑折町","town":"仮屋"}],"1621":[{"pref":"福島県","city":"伊達郡桑折町","town":"道場前"}],"1622":[{"pref":"福島県","city":"伊達郡桑折町","town":"南町"}],"1623":[{"pref":"福島県","city":"伊達郡桑折町","town":"和尚堂"}],"1624":[{"pref":"福島県","city":"伊達郡桑折町","town":"新和町"}],"1625":[{"pref":"福島県","city":"伊達郡桑折町","town":"新吉町"}],"1626":[{"pref":"福島県","city":"伊達郡桑折町","town":"寺坂"}],"1627":[{"pref":"福島県","city":"伊達郡桑折町","town":"諏訪"}],"1628":[{"pref":"福島県","city":"伊達郡桑折町","town":"新町"}],"1629":[{"pref":"福島県","city":"伊達郡桑折町","town":"西町"}],"1631":[{"pref":"福島県","city":"伊達郡桑折町","town":"白銀"},{"pref":"福島県","city":"伊達郡桑折町","town":"薮内"}],"1632":[{"pref":"福島県","city":"伊達郡桑折町","town":"田植"}],"1633":[{"pref":"福島県","city":"伊達郡桑折町","town":"赤坂"},{"pref":"福島県","city":"伊達郡桑折町","town":"一里壇"},{"pref":"福島県","city":"伊達郡桑折町","town":"界"}],"1634":[{"pref":"福島県","city":"伊達郡桑折町","town":"落合"},{"pref":"福島県","city":"伊達郡桑折町","town":"杉ノ前"},{"pref":"福島県","city":"伊達郡桑折町","town":"砂子沢"}],"1635":[{"pref":"福島県","city":"伊達郡桑折町","town":"狐崎"},{"pref":"福島県","city":"伊達郡桑折町","town":"東八串"}],"1641":[{"pref":"福島県","city":"伊達郡桑折町","town":"南半田"}],"1642":[{"pref":"福島県","city":"伊達郡桑折町","town":"北半田"}],"1643":[{"pref":"福島県","city":"伊達郡桑折町","town":"谷地"}],"1651":[{"pref":"福島県","city":"伊達郡桑折町","town":"万正寺"}],"1652":[{"pref":"福島県","city":"伊達郡桑折町","town":"成田"}],"1653":[{"pref":"福島県","city":"伊達郡桑折町","town":"松原"}],"1654":[{"pref":"福島県","city":"伊達郡桑折町","town":"平沢"}],"1661":[{"pref":"福島県","city":"伊達郡桑折町","town":"上郡"}],"1662":[{"pref":"福島県","city":"伊達郡桑折町","town":"下郡"}],"1663":[{"pref":"福島県","city":"伊達郡桑折町","town":"伊達崎"}],"1700":[{"pref":"福島県","city":"伊達郡国見町","town":"以下に掲載がない場合"}],"1701":[{"pref":"福島県","city":"伊達郡国見町","town":"石母田"}],"1711":[{"pref":"福島県","city":"伊達郡国見町","town":"貝田"}],"1712":[{"pref":"福島県","city":"伊達郡国見町","town":"光明寺"}],"1713":[{"pref":"福島県","city":"伊達郡国見町","town":"大木戸"}],"1714":[{"pref":"福島県","city":"伊達郡国見町","town":"高城"}],"1721":[{"pref":"福島県","city":"伊達郡国見町","town":"川内"}],"1722":[{"pref":"福島県","city":"伊達郡国見町","town":"西大枝"}],"1731":[{"pref":"福島県","city":"伊達郡国見町","town":"森山"}],"1741":[{"pref":"福島県","city":"伊達郡国見町","town":"徳江"}],"1751":[{"pref":"福島県","city":"伊達郡国見町","town":"塚野目"}],"1761":[{"pref":"福島県","city":"伊達郡国見町","town":"藤田"}],"1771":[{"pref":"福島県","city":"伊達郡国見町","town":"山崎"}],"1780":[{"pref":"福島県","city":"伊達郡国見町","town":"新内谷"}],"1781":[{"pref":"福島県","city":"伊達郡国見町","town":"内谷"}],"1782":[{"pref":"福島県","city":"伊達郡国見町","town":"泉田"}],"1783":[{"pref":"福島県","city":"伊達郡国見町","town":"鳥取"}],"1784":[{"pref":"福島県","city":"伊達郡国見町","town":"小坂"}],"1785":[{"pref":"福島県","city":"伊達郡国見町","town":"板橋南"}],"1786":[{"pref":"福島県","city":"伊達郡国見町","town":"新泉田"}],"1787":[{"pref":"福島県","city":"伊達郡国見町","town":"新小坂"}],"1788":[{"pref":"福島県","city":"伊達郡国見町","town":"小坂南"}],"1789":[{"pref":"福島県","city":"伊達郡国見町","town":"新鳥取"}],"2271":[{"pref":"福島県","city":"耶麻郡猪苗代町","town":"中小松"}],"2272":[{"pref":"福島県","city":"耶麻郡猪苗代町","town":"金田"}],"2273":[{"pref":"福島県","city":"耶麻郡猪苗代町","town":"関都"}],"2274":[{"pref":"福島県","city":"耶麻郡猪苗代町","town":"壺楊"}],"2275":[{"pref":"福島県","city":"耶麻郡猪苗代町","town":"山潟"}],"2661":[{"pref":"福島県","city":"耶麻郡猪苗代町","town":"三郷"}],"2662":[{"pref":"福島県","city":"耶麻郡猪苗代町","town":"八幡"}],"2663":[{"pref":"福島県","city":"耶麻郡猪苗代町","town":"川桁"}],"2701":[{"pref":"福島県","city":"耶麻郡北塩原村","town":"檜原（秋元、荒砂沢山、裏磐梯、大府平、小野川、小野川原、剣ケ峯、狐鷹森、"},{"pref":"福島県","city":"耶麻郡北塩原村","town":"五色沼、甚九郎山、曽原山、寺沢山、蛇平原山、湯平山、簗部沢山）"}],"2751":[{"pref":"福島県","city":"耶麻郡猪苗代町","town":"若宮"}],"2752":[{"pref":"福島県","city":"耶麻郡猪苗代町","town":"蚕養"}],"3100":[{"pref":"福島県","city":"耶麻郡猪苗代町","town":"以下に掲載がない場合"}],"3101":[{"pref":"福島県","city":"耶麻郡猪苗代町","town":"家ノ前"},{"pref":"福島県","city":"耶麻郡猪苗代町","town":"上ノ山"},{"pref":"福島県","city":"耶麻郡猪苗代町","town":"大谷地"},{"pref":"福島県","city":"耶麻郡猪苗代町","town":"欠上り"},{"pref":"福島県","city":"耶麻郡猪苗代町","town":"北ノ林"},{"pref":"福島県","city":"耶麻郡猪苗代町","town":"行人壇"},{"pref":"福島県","city":"耶麻郡猪苗代町","town":"グミ沢原"},{"pref":"福島県","city":"耶麻郡猪苗代町","town":"渋谷"},{"pref":"福島県","city":"耶麻郡猪苗代町","town":"清水"},{"pref":"福島県","city":"耶麻郡猪苗代町","town":"清水端"},{"pref":"福島県","city":"耶麻郡猪苗代町","town":"下辺沢"},{"pref":"福島県","city":"耶麻郡猪苗代町","town":"菖蒲田"},{"pref":"福島県","city":"耶麻郡猪苗代町","town":"新堀田東"},{"pref":"福島県","city":"耶麻郡猪苗代町","town":"新堀西"},{"pref":"福島県","city":"耶麻郡猪苗代町","town":"堰間上"},{"pref":"福島県","city":"耶麻郡猪苗代町","town":"芹沢"},{"pref":"福島県","city":"耶麻郡猪苗代町","town":"土湯沢山"},{"pref":"福島県","city":"耶麻郡猪苗代町","town":"土手間"},{"pref":"福島県","city":"耶麻郡猪苗代町","town":"中道西"},{"pref":"福島県","city":"耶麻郡猪苗代町","town":"長坂"},{"pref":"福島県","city":"耶麻郡猪苗代町","town":"沼ノ倉"},{"pref":"福島県","city":"耶麻郡猪苗代町","town":"琵琶沢原"},{"pref":"福島県","city":"耶麻郡猪苗代町","town":"辺沢"},{"pref":"福島県","city":"耶麻郡猪苗代町","town":"程塚"},{"pref":"福島県","city":"耶麻郡猪苗代町","town":"三ツ屋"},{"pref":"福島県","city":"耶麻郡猪苗代町","town":"村中"},{"pref":"福島県","city":"耶麻郡猪苗代町","town":"村北"},{"pref":"福島県","city":"耶麻郡猪苗代町","town":"山神原"}],"3102":[{"pref":"福島県","city":"耶麻郡猪苗代町","town":"右近山"},{"pref":"福島県","city":"耶麻郡猪苗代町","town":"西峰"},{"pref":"福島県","city":"耶麻郡猪苗代町","town":"猫石山"},{"pref":"福島県","city":"耶麻郡猪苗代町","town":"葉山"},{"pref":"福島県","city":"耶麻郡猪苗代町","town":"雛草"},{"pref":"福島県","city":"耶麻郡猪苗代町","town":"見禰"},{"pref":"福島県","city":"耶麻郡猪苗代町","town":"見禰山"}],"3103":[{"pref":"福島県","city":"耶麻郡猪苗代町","town":"鹿野境"},{"pref":"福島県","city":"耶麻郡猪苗代町","town":"上村前"},{"pref":"福島県","city":"耶麻郡猪苗代町","town":"上村東"},{"pref":"福島県","city":"耶麻郡猪苗代町","town":"桐木沢"},{"pref":"福島県","city":"耶麻郡猪苗代町","town":"五輪原"},{"pref":"福島県","city":"耶麻郡猪苗代町","town":"諏訪前"},{"pref":"福島県","city":"耶麻郡猪苗代町","town":"諏訪東"},{"pref":"福島県","city":"耶麻郡猪苗代町","town":"諏訪西"},{"pref":"福島県","city":"耶麻郡猪苗代町","town":"禰次"},{"pref":"福島県","city":"耶麻郡猪苗代町","town":"ハノ木沢"},{"pref":"福島県","city":"耶麻郡猪苗代町","town":"林崎"},{"pref":"福島県","city":"耶麻郡猪苗代町","town":"町島田"}],"3111":[{"pref":"福島県","city":"耶麻郡猪苗代町","town":"雷"},{"pref":"福島県","city":"耶麻郡猪苗代町","town":"出雲壇"},{"pref":"福島県","city":"耶麻郡猪苗代町","town":"板橋北"},{"pref":"福島県","city":"耶麻郡猪苗代町","town":"太田"},{"pref":"福島県","city":"耶麻郡猪苗代町","town":"太田西"},{"pref":"福島県","city":"耶麻郡猪苗代町","town":"小黒川"},{"pref":"福島県","city":"耶麻郡猪苗代町","town":"窪田"},{"pref":"福島県","city":"耶麻郡猪苗代町","town":"窪ノ内"},{"pref":"福島県","city":"耶麻郡猪苗代町","town":"窪南"},{"pref":"福島県","city":"耶麻郡猪苗代町","town":"御三壇"},{"pref":"福島県","city":"耶麻郡猪苗代町","town":"五百苅"},{"pref":"福島県","city":"耶麻郡猪苗代町","town":"猿壇"},{"pref":"福島県","city":"耶麻郡猪苗代町","town":"二丁田"},{"pref":"福島県","city":"耶麻郡猪苗代町","town":"沼田"},{"pref":"福島県","city":"耶麻郡猪苗代町","town":"東町裏"},{"pref":"福島県","city":"耶麻郡猪苗代町","town":"明円"},{"pref":"福島県","city":"耶麻郡猪苗代町","town":"村東下"},{"pref":"福島県","city":"耶麻郡猪苗代町","town":"村東"}],"3112":[{"pref":"福島県","city":"耶麻郡猪苗代町","town":"堤"},{"pref":"福島県","city":"耶麻郡猪苗代町","town":"寺後"},{"pref":"福島県","city":"耶麻郡猪苗代町","town":"中町"},{"pref":"福島県","city":"耶麻郡猪苗代町","town":"馬場"},{"pref":"福島県","city":"耶麻郡猪苗代町","town":"弁才天西"}],"3113":[{"pref":"福島県","city":"耶麻郡猪苗代町","town":"大道西"},{"pref":"福島県","city":"耶麻郡猪苗代町","town":"北半坂"},{"pref":"福島県","city":"耶麻郡猪苗代町","town":"新地"},{"pref":"福島県","city":"耶麻郡猪苗代町","town":"茶園"},{"pref":"福島県","city":"耶麻郡猪苗代町","town":"堤下"},{"pref":"福島県","city":"耶麻郡猪苗代町","town":"堤北"},{"pref":"福島県","city":"耶麻郡猪苗代町","town":"鶴峰西"},{"pref":"福島県","city":"耶麻郡猪苗代町","town":"樋場"},{"pref":"福島県","city":"耶麻郡猪苗代町","town":"樋場道下"},{"pref":"福島県","city":"耶麻郡猪苗代町","town":"並杉西"},{"pref":"福島県","city":"耶麻郡猪苗代町","town":"土町"},{"pref":"福島県","city":"耶麻郡猪苗代町","town":"土町西裡"},{"pref":"福島県","city":"耶麻郡猪苗代町","town":"土町南"},{"pref":"福島県","city":"耶麻郡猪苗代町","town":"半坂"},{"pref":"福島県","city":"耶麻郡猪苗代町","town":"町西"},{"pref":"福島県","city":"耶麻郡猪苗代町","town":"南半坂"}],"3121":[{"pref":"福島県","city":"耶麻郡猪苗代町","town":"芦原"},{"pref":"福島県","city":"耶麻郡猪苗代町","town":"裏町"},{"pref":"福島県","city":"耶麻郡猪苗代町","town":"オヒテ川"},{"pref":"福島県","city":"耶麻郡猪苗代町","town":"上ザル田"},{"pref":"福島県","city":"耶麻郡猪苗代町","town":"津金沢"},{"pref":"福島県","city":"耶麻郡猪苗代町","town":"寺東"},{"pref":"福島県","city":"耶麻郡猪苗代町","town":"梨木西"},{"pref":"福島県","city":"耶麻郡猪苗代町","town":"町東"},{"pref":"福島県","city":"耶麻郡猪苗代町","town":"横まくり"},{"pref":"福島県","city":"耶麻郡猪苗代町","town":"横マクリ"}],"3122":[{"pref":"福島県","city":"耶麻郡猪苗代町","town":"新町"},{"pref":"福島県","city":"耶麻郡猪苗代町","town":"カキ田"},{"pref":"福島県","city":"耶麻郡猪苗代町","town":"ガギ田"},{"pref":"福島県","city":"耶麻郡猪苗代町","town":"坂下"},{"pref":"福島県","city":"耶麻郡猪苗代町","town":"塚田"},{"pref":"福島県","city":"耶麻郡猪苗代町","town":"町尻"},{"pref":"福島県","city":"耶麻郡猪苗代町","town":"本町"}],"3123":[{"pref":"福島県","city":"耶麻郡猪苗代町","town":"古城跡"},{"pref":"福島県","city":"耶麻郡猪苗代町","town":"古城町"},{"pref":"福島県","city":"耶麻郡猪苗代町","town":"城南"},{"pref":"福島県","city":"耶麻郡猪苗代町","town":"鶴田"}],"3131":[{"pref":"福島県","city":"耶麻郡猪苗代町","town":"今泉"},{"pref":"福島県","city":"耶麻郡猪苗代町","town":"上屋敷"},{"pref":"福島県","city":"耶麻郡猪苗代町","town":"下園"},{"pref":"福島県","city":"耶麻郡猪苗代町","town":"新堀向"},{"pref":"福島県","city":"耶麻郡猪苗代町","town":"西舘"},{"pref":"福島県","city":"耶麻郡猪苗代町","town":"東谷地"},{"pref":"福島県","city":"耶麻郡猪苗代町","town":"村南"}],"3132":[{"pref":"福島県","city":"耶麻郡猪苗代町","town":"堅田"}],"3133":[{"pref":"福島県","city":"耶麻郡猪苗代町","town":"千代田"}],"3141":[{"pref":"福島県","city":"耶麻郡猪苗代町","town":"磐里"},{"pref":"福島県","city":"耶麻郡猪苗代町","town":"六角"}],"3281":[{"pref":"福島県","city":"耶麻郡猪苗代町","town":"西葉山"}],"3282":[{"pref":"福島県","city":"耶麻郡猪苗代町","town":"酸奨沢"}],"3283":[{"pref":"福島県","city":"耶麻郡猪苗代町","town":"長田"}],"3284":[{"pref":"福島県","city":"耶麻郡猪苗代町","town":"三ツ和"}],"3285":[{"pref":"福島県","city":"耶麻郡猪苗代町","town":"翁沢"}],"3286":[{"pref":"福島県","city":"耶麻郡猪苗代町","town":"磐根"}],"3287":[{"pref":"福島県","city":"耶麻郡猪苗代町","town":"不動"}],"3288":[{"pref":"福島県","city":"耶麻郡猪苗代町","town":"綿場"}],"3300":[{"pref":"福島県","city":"耶麻郡磐梯町","town":"以下に掲載がない場合"}],"3301":[{"pref":"福島県","city":"耶麻郡磐梯町","town":"磐梯"}],"3302":[{"pref":"福島県","city":"耶麻郡磐梯町","town":"更科"}],"3303":[{"pref":"福島県","city":"耶麻郡磐梯町","town":"赤枝"}],"3304":[{"pref":"福島県","city":"耶麻郡磐梯町","town":"大谷"}],"3401":[{"pref":"福島県","city":"会津若松市","town":"河東町岡田"}],"3402":[{"pref":"福島県","city":"会津若松市","town":"河東町福島"}],"3411":[{"pref":"福島県","city":"会津若松市","town":"河東町大田原"}],"3412":[{"pref":"福島県","city":"会津若松市","town":"河東町代田"}],"3421":[{"pref":"福島県","city":"会津若松市","town":"河東町熊野堂"}],"3422":[{"pref":"福島県","city":"会津若松市","town":"河東町広野"}],"3431":[{"pref":"福島県","city":"会津若松市","town":"河東町東長原"}],"3441":[{"pref":"福島県","city":"会津若松市","town":"河東町南高野"}],"3451":[{"pref":"福島県","city":"会津若松市","town":"河東町八田"}],"3461":[{"pref":"福島県","city":"会津若松市","town":"河東町浅山"}],"3462":[{"pref":"福島県","city":"会津若松市","town":"河東町金田"}],"3463":[{"pref":"福島県","city":"会津若松市","town":"河東町倉橋"}],"3464":[{"pref":"福島県","city":"会津若松市","town":"河東町工業団地"}],"3471":[{"pref":"福島県","city":"会津若松市","town":"河東町広田"}],"3481":[{"pref":"福島県","city":"会津若松市","town":"河東町郡山"}],"3482":[{"pref":"福島県","city":"会津若松市","town":"河東町谷沢"}],"3500":[{"pref":"福島県","city":"河沼郡湯川村","town":"以下に掲載がない場合"}],"3501":[{"pref":"福島県","city":"喜多方市","town":"塩川町三吉"}],"3502":[{"pref":"福島県","city":"喜多方市","town":"塩川町常世"}],"3503":[{"pref":"福島県","city":"喜多方市","town":"塩川町五合"}],"3504":[{"pref":"福島県","city":"喜多方市","town":"塩川町中屋沢"}],"3505":[{"pref":"福島県","city":"喜多方市","town":"塩川町金橋"}],"3506":[{"pref":"福島県","city":"喜多方市","town":"塩川町窪"}],"3511":[{"pref":"福島県","city":"喜多方市","town":"塩川町町北"}],"3512":[{"pref":"福島県","city":"喜多方市","town":"塩川町東栄町"}],"3513":[{"pref":"福島県","city":"喜多方市","town":"塩川町中町"}],"3514":[{"pref":"福島県","city":"喜多方市","town":"塩川町新町"}],"3515":[{"pref":"福島県","city":"喜多方市","town":"塩川町米沢町"}],"3521":[{"pref":"福島県","city":"喜多方市","town":"塩川町岡ノ前"},{"pref":"福島県","city":"喜多方市","town":"塩川町東岡"},{"pref":"福島県","city":"喜多方市","town":"塩川町身神"}],"3522":[{"pref":"福島県","city":"喜多方市","town":"塩川町新丁"}],"3523":[{"pref":"福島県","city":"喜多方市","town":"塩川町石橋"},{"pref":"福島県","city":"喜多方市","town":"塩川町反町"}],"3524":[{"pref":"福島県","city":"喜多方市","town":"塩川町清水岸"},{"pref":"福島県","city":"喜多方市","town":"塩川町竹ノ花"},{"pref":"福島県","city":"喜多方市","town":"塩川町舘ノ内"}],"3525":[{"pref":"福島県","city":"喜多方市","town":"塩川町黄金田"},{"pref":"福島県","city":"喜多方市","town":"塩川町諏訪前"}],"3526":[{"pref":"福島県","city":"喜多方市","town":"塩川町諏訪町"}],"3527":[{"pref":"福島県","city":"喜多方市","town":"塩川町御殿場"}],"3528":[{"pref":"福島県","city":"喜多方市","town":"塩川町諏訪北"}],"3531":[{"pref":"福島県","city":"喜多方市","town":"塩川町新井田谷地"}],"3532":[{"pref":"福島県","city":"喜多方市","town":"塩川町大在家"},{"pref":"福島県","city":"喜多方市","town":"塩川町経塚"},{"pref":"福島県","city":"喜多方市","town":"塩川町小府根"},{"pref":"福島県","city":"喜多方市","town":"塩川町高道"},{"pref":"福島県","city":"喜多方市","town":"塩川町藤ノ木"}],"3533":[{"pref":"福島県","city":"喜多方市","town":"塩川町新江木"}],"3534":[{"pref":"福島県","city":"喜多方市","town":"塩川町遠田"},{"pref":"福島県","city":"喜多方市","town":"塩川町西ノ新田"}],"3535":[{"pref":"福島県","city":"喜多方市","town":"塩川町会知"}],"3536":[{"pref":"福島県","city":"喜多方市","town":"塩川町大田木"}],"3537":[{"pref":"福島県","city":"喜多方市","town":"塩川町四奈川"}],"3538":[{"pref":"福島県","city":"喜多方市","town":"塩川町天沼"}],"3539":[{"pref":"福島県","city":"喜多方市","town":"塩川町源太屋敷"},{"pref":"福島県","city":"喜多方市","town":"塩川町吉沖"}],"3541":[{"pref":"福島県","city":"河沼郡湯川村","town":"浜崎"}],"3542":[{"pref":"福島県","city":"河沼郡湯川村","town":"湊"}],"3543":[{"pref":"福島県","city":"河沼郡湯川村","town":"笈川"}],"3544":[{"pref":"福島県","city":"河沼郡湯川村","town":"清水田"}],"3545":[{"pref":"福島県","city":"河沼郡湯川村","town":"桜町"}],"3546":[{"pref":"福島県","city":"河沼郡湯川村","town":"美田園"}],"3551":[{"pref":"福島県","city":"河沼郡湯川村","town":"堂畑"}],"3552":[{"pref":"福島県","city":"河沼郡湯川村","town":"三川"}],"3553":[{"pref":"福島県","city":"河沼郡湯川村","town":"田川"}],"3554":[{"pref":"福島県","city":"河沼郡湯川村","town":"熊ノ目"}],"3555":[{"pref":"福島県","city":"河沼郡湯川村","town":"佐野目"}],"3556":[{"pref":"福島県","city":"河沼郡湯川村","town":"勝常"}],"4101":[{"pref":"福島県","city":"喜多方市","town":"山都町小舟寺"}],"4102":[{"pref":"福島県","city":"喜多方市","town":"山都町一川"}],"4103":[{"pref":"福島県","city":"喜多方市","town":"山都町木幡"}],"4104":[{"pref":"福島県","city":"喜多方市","town":"山都町蓬莱"}],"4105":[{"pref":"福島県","city":"喜多方市","town":"山都町三津合"}],"4106":[{"pref":"福島県","city":"喜多方市","town":"山都町朝倉"}],"4107":[{"pref":"福島県","city":"喜多方市","town":"山都町相川"}],"4108":[{"pref":"福島県","city":"喜多方市","town":"山都町一ノ木"}],"4109":[{"pref":"福島県","city":"喜多方市","town":"山都町早稲谷"}],"4111":[{"pref":"福島県","city":"喜多方市","town":"山都町蔵ノ後"}],"4112":[{"pref":"福島県","city":"喜多方市","town":"山都町上ノ原道東"}],"4113":[{"pref":"福島県","city":"喜多方市","town":"山都町上ノ原道西"}],"4114":[{"pref":"福島県","city":"喜多方市","town":"山都町小山"}],"4115":[{"pref":"福島県","city":"喜多方市","town":"山都町五十苅"}],"4116":[{"pref":"福島県","city":"喜多方市","town":"山都町清水上"}],"4117":[{"pref":"福島県","city":"喜多方市","town":"山都町清水尻"}],"4118":[{"pref":"福島県","city":"喜多方市","town":"山都町古屋敷"}],"4119":[{"pref":"福島県","city":"喜多方市","town":"山都町江戸塚"}],"4121":[{"pref":"福島県","city":"喜多方市","town":"山都町太田"}],"4122":[{"pref":"福島県","city":"喜多方市","town":"山都町木曽"}],"4123":[{"pref":"福島県","city":"喜多方市","town":"山都町中新田"}],"4124":[{"pref":"福島県","city":"喜多方市","town":"山都町墓ノ後"}],"4125":[{"pref":"福島県","city":"喜多方市","town":"山都町弥左エ門田"}],"4126":[{"pref":"福島県","city":"喜多方市","town":"山都町馬放場"}],"4127":[{"pref":"福島県","city":"喜多方市","town":"山都町久祢花"}],"4130":[{"pref":"福島県","city":"喜多方市","town":"山都町松ノ前"}],"4131":[{"pref":"福島県","city":"喜多方市","town":"山都町広野"}],"4132":[{"pref":"福島県","city":"喜多方市","town":"山都町三ノ宮"}],"4133":[{"pref":"福島県","city":"喜多方市","town":"山都町広葎田"}],"4134":[{"pref":"福島県","city":"喜多方市","town":"山都町葎田"}],"4135":[{"pref":"福島県","city":"喜多方市","town":"山都町広中新田"}],"4136":[{"pref":"福島県","city":"喜多方市","town":"山都町町尻"}],"4137":[{"pref":"福島県","city":"喜多方市","town":"山都町中野"}],"4138":[{"pref":"福島県","city":"喜多方市","town":"山都町蛇崩"}],"4139":[{"pref":"福島県","city":"喜多方市","town":"山都町北松ノ前"}],"4140":[{"pref":"福島県","city":"喜多方市","town":"山都町石打場下"}],"4141":[{"pref":"福島県","city":"喜多方市","town":"山都町田向"}],"4142":[{"pref":"福島県","city":"喜多方市","town":"山都町七十苅"}],"4143":[{"pref":"福島県","city":"喜多方市","town":"山都町沢田"}],"4144":[{"pref":"福島県","city":"喜多方市","town":"山都町殿戸"}],"4145":[{"pref":"福島県","city":"喜多方市","town":"山都町西原"}],"4146":[{"pref":"福島県","city":"喜多方市","town":"山都町広古屋敷"}],"4147":[{"pref":"福島県","city":"喜多方市","town":"山都町石堀古"}],"4148":[{"pref":"福島県","city":"喜多方市","town":"山都町岩渕"}],"4149":[{"pref":"福島県","city":"喜多方市","town":"山都町谷地"}],"4151":[{"pref":"福島県","city":"喜多方市","town":"山都町大山中"}],"4152":[{"pref":"福島県","city":"喜多方市","town":"山都町上ノ山平"}],"4153":[{"pref":"福島県","city":"喜多方市","town":"山都町下殿戸"}],"4154":[{"pref":"福島県","city":"喜多方市","town":"山都町舘原"}],"4155":[{"pref":"福島県","city":"喜多方市","town":"山都町入海"}],"4156":[{"pref":"福島県","city":"喜多方市","town":"山都町西川"}],"4157":[{"pref":"福島県","city":"喜多方市","town":"山都町小松"}],"4161":[{"pref":"福島県","city":"喜多方市","town":"山都町中石打場"}],"4162":[{"pref":"福島県","city":"喜多方市","town":"山都町上新田"}],"4163":[{"pref":"福島県","city":"喜多方市","town":"山都町下石打場"}],"4164":[{"pref":"福島県","city":"喜多方市","town":"山都町上石打場"}],"4165":[{"pref":"福島県","city":"喜多方市","town":"山都町三ツ山"}],"4166":[{"pref":"福島県","city":"喜多方市","town":"山都町沢尻"}],"4167":[{"pref":"福島県","city":"喜多方市","town":"山都町大林"}],"4168":[{"pref":"福島県","city":"喜多方市","town":"山都町金子沢"}],"4169":[{"pref":"福島県","city":"喜多方市","town":"山都町山中"}],"4301":[{"pref":"福島県","city":"喜多方市","town":"高郷町上郷"}],"4302":[{"pref":"福島県","city":"喜多方市","town":"高郷町峯"}],"4303":[{"pref":"福島県","city":"喜多方市","town":"高郷町揚津"}],"4304":[{"pref":"福島県","city":"喜多方市","town":"高郷町磐見"}],"4311":[{"pref":"福島県","city":"喜多方市","town":"高郷町西羽賀"}],"4312":[{"pref":"福島県","city":"喜多方市","town":"高郷町池ノ原"}],"4313":[{"pref":"福島県","city":"喜多方市","town":"高郷町塩坪"}],"4314":[{"pref":"福島県","city":"喜多方市","town":"高郷町川井"}],"4315":[{"pref":"福島県","city":"喜多方市","town":"高郷町夏井"}],"4316":[{"pref":"福島県","city":"喜多方市","town":"高郷町大田賀"}],"4400":[{"pref":"福島県","city":"耶麻郡西会津町","town":"以下に掲載がない場合"}],"4401":[{"pref":"福島県","city":"耶麻郡西会津町","town":"登世島"}],"4402":[{"pref":"福島県","city":"耶麻郡西会津町","town":"尾野本"}],"4403":[{"pref":"福島県","city":"耶麻郡西会津町","town":"束松"}],"4404":[{"pref":"福島県","city":"耶麻郡西会津町","town":"睦合"}],"4405":[{"pref":"福島県","city":"耶麻郡西会津町","town":"下谷"}],"4406":[{"pref":"福島県","city":"耶麻郡西会津町","town":"野沢"}],"4511":[{"pref":"福島県","city":"耶麻郡西会津町","town":"群岡"}],"4512":[{"pref":"福島県","city":"耶麻郡西会津町","town":"上野尻"}],"4513":[{"pref":"福島県","city":"耶麻郡西会津町","town":"宝坂屋敷"}],"4514":[{"pref":"福島県","city":"耶麻郡西会津町","town":"宝坂宝坂"}],"4515":[{"pref":"福島県","city":"耶麻郡西会津町","town":"下野尻"}],"4621":[{"pref":"福島県","city":"耶麻郡西会津町","town":"新郷冨士"}],"4622":[{"pref":"福島県","city":"耶麻郡西会津町","town":"新郷笹川"}],"4623":[{"pref":"福島県","city":"耶麻郡西会津町","town":"新郷豊洲"}],"4624":[{"pref":"福島県","city":"耶麻郡西会津町","town":"新郷三河"}],"4731":[{"pref":"福島県","city":"耶麻郡西会津町","town":"奥川飯根"}],"4732":[{"pref":"福島県","city":"耶麻郡西会津町","town":"奥川飯沢"}],"4733":[{"pref":"福島県","city":"耶麻郡西会津町","town":"奥川大綱木"}],"4734":[{"pref":"福島県","city":"耶麻郡西会津町","town":"奥川飯里"}],"4735":[{"pref":"福島県","city":"耶麻郡西会津町","town":"奥川豊島"}],"4736":[{"pref":"福島県","city":"耶麻郡西会津町","town":"奥川元島"}],"4737":[{"pref":"福島県","city":"耶麻郡西会津町","town":"奥川高陽根"}],"5111":[{"pref":"福島県","city":"会津若松市","town":"大戸町石村"}],"5112":[{"pref":"福島県","city":"会津若松市","town":"大戸町下雨屋"}],"5113":[{"pref":"福島県","city":"会津若松市","town":"大戸町宮内"}],"5114":[{"pref":"福島県","city":"会津若松市","town":"大戸町上雨屋"}],"5121":[{"pref":"福島県","city":"会津若松市","town":"大戸町上三寄南原"}],"5122":[{"pref":"福島県","city":"会津若松市","town":"大戸町上三寄乙"},{"pref":"福島県","city":"会津若松市","town":"大戸町上三寄香塩"}],"5123":[{"pref":"福島県","city":"会津若松市","town":"大戸町上三寄大豆田"},{"pref":"福島県","city":"会津若松市","town":"大戸町上三寄丙"}],"5131":[{"pref":"福島県","city":"会津若松市","town":"大戸町高川"}],"5132":[{"pref":"福島県","city":"会津若松市","town":"大戸町上小塩"}],"5133":[{"pref":"福島県","city":"会津若松市","town":"大戸町大川"}],"5141":[{"pref":"福島県","city":"会津若松市","town":"大戸町小谷川端"}],"5142":[{"pref":"福島県","city":"会津若松市","town":"大戸町小谷坂下"}],"5143":[{"pref":"福島県","city":"会津若松市","town":"大戸町小谷原"}],"5144":[{"pref":"福島県","city":"会津若松市","town":"大戸町小谷西村"}],"5145":[{"pref":"福島県","city":"会津若松市","town":"大戸町小谷平沢"}],"5146":[{"pref":"福島県","city":"会津若松市","town":"大戸町小谷湯ノ平"}],"5147":[{"pref":"福島県","city":"会津若松市","town":"大戸町芦牧"}],"5201":[{"pref":"福島県","city":"南会津郡下郷町","town":"高陦"}],"5202":[{"pref":"福島県","city":"南会津郡下郷町","town":"枝松"}],"5203":[{"pref":"福島県","city":"南会津郡下郷町","town":"白岩"}],"5204":[{"pref":"福島県","city":"南会津郡下郷町","town":"弥五島"}],"5205":[{"pref":"福島県","city":"南会津郡下郷町","town":"大沢"}],"5206":[{"pref":"福島県","city":"南会津郡下郷町","town":"湯野上"}],"5207":[{"pref":"福島県","city":"南会津郡下郷町","town":"大内"}],"5208":[{"pref":"福島県","city":"南会津郡下郷町","town":"小沼崎"}],"5300":[{"pref":"福島県","city":"南会津郡下郷町","town":"以下に掲載がない場合"}],"5311":[{"pref":"福島県","city":"南会津郡下郷町","town":"豊成"}],"5312":[{"pref":"福島県","city":"南会津郡下郷町","town":"戸赤"}],"5313":[{"pref":"福島県","city":"南会津郡下郷町","town":"原"}],"5314":[{"pref":"福島県","city":"南会津郡下郷町","town":"日影"}],"5315":[{"pref":"福島県","city":"南会津郡下郷町","town":"荒石"}],"5316":[{"pref":"福島県","city":"南会津郡下郷町","town":"石井"}],"5317":[{"pref":"福島県","city":"南会津郡下郷町","town":"志源行"}],"5318":[{"pref":"福島県","city":"南会津郡下郷町","town":"磯上"}],"5321":[{"pref":"福島県","city":"南会津郡下郷町","town":"沢口"}],"5322":[{"pref":"福島県","city":"南会津郡下郷町","town":"領毛"}],"5323":[{"pref":"福島県","city":"南会津郡下郷町","town":"桑取火"}],"5324":[{"pref":"福島県","city":"南会津郡下郷町","town":"安張"}],"5325":[{"pref":"福島県","city":"南会津郡下郷町","town":"中山"}],"5326":[{"pref":"福島県","city":"南会津郡下郷町","town":"栄富"}],"5331":[{"pref":"福島県","city":"南会津郡下郷町","town":"澳田"}],"5332":[{"pref":"福島県","city":"南会津郡下郷町","town":"中妻"}],"5333":[{"pref":"福島県","city":"南会津郡下郷町","town":"合川"}],"5334":[{"pref":"福島県","city":"南会津郡下郷町","town":"大松川"}],"5335":[{"pref":"福島県","city":"南会津郡下郷町","town":"南倉沢"}],"5341":[{"pref":"福島県","city":"南会津郡下郷町","town":"野際新田"}],"5342":[{"pref":"福島県","city":"南会津郡下郷町","town":"音金"}],"5343":[{"pref":"福島県","city":"南会津郡下郷町","town":"落合"}],"5344":[{"pref":"福島県","city":"南会津郡下郷町","town":"沢田"}],"5345":[{"pref":"福島県","city":"南会津郡下郷町","town":"塩生"}],"6001":[{"pref":"福島県","city":"会津若松市","town":"北会津町天満"}],"6002":[{"pref":"福島県","city":"会津若松市","town":"北会津町麻生新田"}],"6003":[{"pref":"福島県","city":"会津若松市","town":"北会津町西麻生"}],"6004":[{"pref":"福島県","city":"会津若松市","town":"北会津町古麻生"}],"6005":[{"pref":"福島県","city":"会津若松市","town":"北会津町松野"}],"6006":[{"pref":"福島県","city":"会津若松市","town":"北会津町新在家"}],"6007":[{"pref":"福島県","city":"会津若松市","town":"北会津町北後庵"}],"6008":[{"pref":"福島県","city":"会津若松市","town":"北会津町大島"}],"6011":[{"pref":"福島県","city":"会津若松市","town":"北会津町西後庵"}],"6012":[{"pref":"福島県","city":"会津若松市","town":"北会津町金屋"}],"6013":[{"pref":"福島県","city":"会津若松市","town":"北会津町下野"}],"6015":[{"pref":"福島県","city":"会津若松市","town":"北会津町水季の里"}],"6021":[{"pref":"福島県","city":"大沼郡会津美里町","town":"舘ノ廻甲"}],"6022":[{"pref":"福島県","city":"大沼郡会津美里町","town":"大道上甲"}],"6023":[{"pref":"福島県","city":"大沼郡会津美里町","town":"近右エ門田"}],"6024":[{"pref":"福島県","city":"大沼郡会津美里町","town":"川原町北甲"}],"6025":[{"pref":"福島県","city":"大沼郡会津美里町","town":"権現堂甲"}],"6026":[{"pref":"福島県","city":"大沼郡会津美里町","town":"本郷前川原甲"}],"6027":[{"pref":"福島県","city":"大沼郡会津美里町","town":"荒井甲"}],"6028":[{"pref":"福島県","city":"大沼郡会津美里町","town":"旱泥甲"}],"6029":[{"pref":"福島県","city":"大沼郡会津美里町","town":"三本松甲"}],"6031":[{"pref":"福島県","city":"大沼郡会津美里町","town":"広面"}],"6032":[{"pref":"福島県","city":"大沼郡会津美里町","town":"竹原"}],"6033":[{"pref":"福島県","city":"大沼郡会津美里町","town":"堰向"}],"6034":[{"pref":"福島県","city":"大沼郡会津美里町","town":"堰向甲"}],"6035":[{"pref":"福島県","city":"大沼郡会津美里町","town":"中樋"}],"6036":[{"pref":"福島県","city":"大沼郡会津美里町","town":"上野川原"}],"6037":[{"pref":"福島県","city":"大沼郡会津美里町","town":"家西甲"}],"6038":[{"pref":"福島県","city":"大沼郡会津美里町","town":"御用地甲"}],"6041":[{"pref":"福島県","city":"大沼郡会津美里町","town":"川原町"}],"6042":[{"pref":"福島県","city":"大沼郡会津美里町","town":"瀬戸町甲"}],"6043":[{"pref":"福島県","city":"大沼郡会津美里町","town":"松原際甲"}],"6044":[{"pref":"福島県","city":"大沼郡会津美里町","town":"瀬戸屋前"}],"6045":[{"pref":"福島県","city":"大沼郡会津美里町","town":"北浦甲"}],"6046":[{"pref":"福島県","city":"大沼郡会津美里町","town":"石切畑甲"}],"6047":[{"pref":"福島県","city":"大沼郡会津美里町","town":"北川原甲"}],"6051":[{"pref":"福島県","city":"大沼郡会津美里町","town":"思堀"}],"6052":[{"pref":"福島県","city":"大沼郡会津美里町","town":"黒川"}],"6053":[{"pref":"福島県","city":"大沼郡会津美里町","town":"仲塚甲"}],"6054":[{"pref":"福島県","city":"大沼郡会津美里町","town":"惣印南"}],"6055":[{"pref":"福島県","city":"大沼郡会津美里町","town":"惣印甲"}],"6056":[{"pref":"福島県","city":"大沼郡会津美里町","town":"惣印東"}],"6057":[{"pref":"福島県","city":"大沼郡会津美里町","town":"大川端甲"}],"6058":[{"pref":"福島県","city":"大沼郡会津美里町","town":"的場甲"}],"6059":[{"pref":"福島県","city":"大沼郡会津美里町","town":"六日町甲"}],"6061":[{"pref":"福島県","city":"大沼郡会津美里町","town":"上町甲"}],"6062":[{"pref":"福島県","city":"大沼郡会津美里町","town":"御用地"}],"6063":[{"pref":"福島県","city":"大沼郡会津美里町","town":"御用地跡甲"}],"6064":[{"pref":"福島県","city":"大沼郡会津美里町","town":"向川原"}],"6065":[{"pref":"福島県","city":"大沼郡会津美里町","town":"本郷入口道上甲"}],"6066":[{"pref":"福島県","city":"大沼郡会津美里町","town":"本郷入口中道上甲"}],"6067":[{"pref":"福島県","city":"大沼郡会津美里町","town":"梁場上甲"}],"6068":[{"pref":"福島県","city":"大沼郡会津美里町","town":"車川原甲"}],"6069":[{"pref":"福島県","city":"大沼郡会津美里町","town":"船場甲"}],"6071":[{"pref":"福島県","city":"大沼郡会津美里町","town":"本郷上"}],"6072":[{"pref":"福島県","city":"大沼郡会津美里町","town":"真々川甲"}],"6073":[{"pref":"福島県","city":"大沼郡会津美里町","town":"寺ノ前甲"}],"6074":[{"pref":"福島県","city":"大沼郡会津美里町","town":"中道下甲"}],"6075":[{"pref":"福島県","city":"大沼郡会津美里町","town":"本郷道東"}],"6076":[{"pref":"福島県","city":"大沼郡会津美里町","town":"本郷道東甲"}],"6077":[{"pref":"福島県","city":"大沼郡会津美里町","town":"東谷地甲"}],"6078":[{"pref":"福島県","city":"大沼郡会津美里町","town":"蛭ケ窪"}],"6079":[{"pref":"福島県","city":"大沼郡会津美里町","town":"三日町甲"}],"6081":[{"pref":"福島県","city":"大沼郡会津美里町","town":"三日町上"}],"6082":[{"pref":"福島県","city":"大沼郡会津美里町","town":"三日町上甲"}],"6083":[{"pref":"福島県","city":"大沼郡会津美里町","town":"三日町道上甲"}],"6084":[{"pref":"福島県","city":"大沼郡会津美里町","town":"本郷高田町甲"}],"6085":[{"pref":"福島県","city":"大沼郡会津美里町","town":"西谷地"}],"6086":[{"pref":"福島県","city":"大沼郡会津美里町","town":"西谷地甲"}],"6087":[{"pref":"福島県","city":"大沼郡会津美里町","town":"本郷道西"}],"6101":[{"pref":"福島県","city":"大沼郡会津美里町","town":"駅前"}],"6102":[{"pref":"福島県","city":"大沼郡会津美里町","town":"思堀向"}],"6103":[{"pref":"福島県","city":"大沼郡会津美里町","town":"上村北"}],"6104":[{"pref":"福島県","city":"大沼郡会津美里町","town":"上村西道上"},{"pref":"福島県","city":"大沼郡会津美里町","town":"上村西道下"}],"6105":[{"pref":"福島県","city":"大沼郡会津美里町","town":"上村東"},{"pref":"福島県","city":"大沼郡会津美里町","town":"上村南"}],"6106":[{"pref":"福島県","city":"大沼郡会津美里町","town":"黒川内"}],"6107":[{"pref":"福島県","city":"大沼郡会津美里町","town":"新用地"}],"6108":[{"pref":"福島県","city":"大沼郡会津美里町","town":"堰下"}],"6109":[{"pref":"福島県","city":"大沼郡会津美里町","town":"宗頤町"}],"6111":[{"pref":"福島県","city":"大沼郡会津美里町","town":"家西"}],"6112":[{"pref":"福島県","city":"大沼郡会津美里町","town":"家東甲"}],"6113":[{"pref":"福島県","city":"大沼郡会津美里町","town":"車川原"}],"6114":[{"pref":"福島県","city":"大沼郡会津美里町","town":"御用地跡"}],"6115":[{"pref":"福島県","city":"大沼郡会津美里町","town":"新町"}],"6116":[{"pref":"福島県","city":"大沼郡会津美里町","town":"瀬戸町"}],"6117":[{"pref":"福島県","city":"大沼郡会津美里町","town":"本郷入口道上"}],"6118":[{"pref":"福島県","city":"大沼郡会津美里町","town":"仲塚"},{"pref":"福島県","city":"大沼郡会津美里町","town":"向川原甲"}],"6119":[{"pref":"福島県","city":"大沼郡会津美里町","town":"梁場上"}],"6121":[{"pref":"福島県","city":"大沼郡会津美里町","town":"延命寺前"}],"6122":[{"pref":"福島県","city":"大沼郡会津美里町","town":"寺ノ前"}],"6123":[{"pref":"福島県","city":"大沼郡会津美里町","town":"中道下"}],"6124":[{"pref":"福島県","city":"大沼郡会津美里町","town":"東谷地"}],"6125":[{"pref":"福島県","city":"大沼郡会津美里町","town":"本郷"}],"6126":[{"pref":"福島県","city":"大沼郡会津美里町","town":"本郷甲"}],"6127":[{"pref":"福島県","city":"大沼郡会津美里町","town":"本郷上甲"}],"6128":[{"pref":"福島県","city":"大沼郡会津美里町","town":"真々川"}],"6129":[{"pref":"福島県","city":"大沼郡会津美里町","town":"本郷道西甲"}],"6131":[{"pref":"福島県","city":"大沼郡会津美里町","town":"大石"}],"6132":[{"pref":"福島県","city":"大沼郡会津美里町","town":"本郷高田町"}],"6133":[{"pref":"福島県","city":"大沼郡会津美里町","town":"船場"}],"6134":[{"pref":"福島県","city":"大沼郡会津美里町","town":"三日町"}],"6135":[{"pref":"福島県","city":"大沼郡会津美里町","town":"穂馬"}],"6141":[{"pref":"福島県","city":"大沼郡会津美里町","town":"大八郷"}],"6142":[{"pref":"福島県","city":"大沼郡会津美里町","town":"村上"}],"6143":[{"pref":"福島県","city":"大沼郡会津美里町","town":"氷玉"}],"6144":[{"pref":"福島県","city":"大沼郡会津美里町","town":"福重岡"}],"6145":[{"pref":"福島県","city":"大沼郡会津美里町","town":"山南"}],"6146":[{"pref":"福島県","city":"大沼郡会津美里町","town":"横堀下"}],"6151":[{"pref":"福島県","city":"大沼郡会津美里町","town":"石切畑"}],"6152":[{"pref":"福島県","city":"大沼郡会津美里町","town":"川原町甲"}],"6154":[{"pref":"福島県","city":"大沼郡会津美里町","town":"北浦"}],"6155":[{"pref":"福島県","city":"大沼郡会津美里町","town":"北川原"}],"6156":[{"pref":"福島県","city":"大沼郡会津美里町","town":"瀬戸屋前甲"}],"6157":[{"pref":"福島県","city":"大沼郡会津美里町","town":"本屋敷"}],"6158":[{"pref":"福島県","city":"大沼郡会津美里町","town":"松原際"}],"6159":[{"pref":"福島県","city":"大沼郡会津美里町","town":"川原町北"}],"6161":[{"pref":"福島県","city":"大沼郡会津美里町","town":"荒井前"}],"6162":[{"pref":"福島県","city":"大沼郡会津美里町","town":"杉"}],"6163":[{"pref":"福島県","city":"大沼郡会津美里町","town":"黒沢"}],"6164":[{"pref":"福島県","city":"大沼郡会津美里町","town":"本郷道上"}],"6165":[{"pref":"福島県","city":"大沼郡会津美里町","town":"山道下"}],"6166":[{"pref":"福島県","city":"大沼郡会津美里町","town":"下川原"}],"6171":[{"pref":"福島県","city":"大沼郡会津美里町","town":"荒井"}],"6172":[{"pref":"福島県","city":"大沼郡会津美里町","town":"本郷村西"}],"6173":[{"pref":"福島県","city":"大沼郡会津美里町","town":"大道上"}],"6174":[{"pref":"福島県","city":"大沼郡会津美里町","town":"権現堂"}],"6175":[{"pref":"福島県","city":"大沼郡会津美里町","town":"舘ノ廻"}],"6176":[{"pref":"福島県","city":"大沼郡会津美里町","town":"旱泥"}],"6177":[{"pref":"福島県","city":"大沼郡会津美里町","town":"本郷前川原"}],"6180":[{"pref":"福島県","city":"会津若松市","town":"北会津町両堂"}],"6182":[{"pref":"福島県","city":"会津若松市","town":"北会津町柏原"}],"6183":[{"pref":"福島県","city":"会津若松市","town":"北会津町上米塚"}],"6184":[{"pref":"福島県","city":"会津若松市","town":"北会津町三本松"}],"6185":[{"pref":"福島県","city":"会津若松市","town":"北会津町下米塚"}],"6186":[{"pref":"福島県","city":"会津若松市","town":"北会津町古館"}],"6188":[{"pref":"福島県","city":"会津若松市","town":"北会津町東小松"}],"6189":[{"pref":"福島県","city":"会津若松市","town":"北会津町小松"}],"6200":[{"pref":"福島県","city":"大沼郡会津美里町","town":"以下に掲載がない場合"}],"6201":[{"pref":"福島県","city":"大沼郡会津美里町","town":"安田"},{"pref":"福島県","city":"大沼郡会津美里町","town":"安田乙"}],"6202":[{"pref":"福島県","city":"大沼郡会津美里町","town":"高田村東"},{"pref":"福島県","city":"大沼郡会津美里町","town":"村前"}],"6203":[{"pref":"福島県","city":"大沼郡会津美里町","town":"高田前川原"},{"pref":"福島県","city":"大沼郡会津美里町","town":"水戸"}],"6204":[{"pref":"福島県","city":"大沼郡会津美里町","town":"台ノ下"},{"pref":"福島県","city":"大沼郡会津美里町","town":"宮ノ腰"}],"6205":[{"pref":"福島県","city":"大沼郡会津美里町","town":"御田"}],"6206":[{"pref":"福島県","city":"大沼郡会津美里町","town":"家ノ下"},{"pref":"福島県","city":"大沼郡会津美里町","town":"坂ノ下道上"},{"pref":"福島県","city":"大沼郡会津美里町","town":"坂ノ下道下"},{"pref":"福島県","city":"大沼郡会津美里町","town":"坂ノ下道下甲"},{"pref":"福島県","city":"大沼郡会津美里町","town":"佐布川"},{"pref":"福島県","city":"大沼郡会津美里町","town":"高田中川原道下"},{"pref":"福島県","city":"大沼郡会津美里町","town":"松木田"},{"pref":"福島県","city":"大沼郡会津美里町","town":"葭添"}],"6207":[{"pref":"福島県","city":"大沼郡会津美里町","town":"宮里"}],"6211":[{"pref":"福島県","city":"大沼郡会津美里町","town":"橋丸"}],"6212":[{"pref":"福島県","city":"大沼郡会津美里町","town":"藤家館"}],"6213":[{"pref":"福島県","city":"大沼郡会津美里町","town":"勝原"}],"6214":[{"pref":"福島県","city":"大沼郡会津美里町","town":"冨川"}],"6215":[{"pref":"福島県","city":"大沼郡会津美里町","town":"下堀"}],"6221":[{"pref":"福島県","city":"大沼郡会津美里町","town":"旭館端"}],"6222":[{"pref":"福島県","city":"大沼郡会津美里町","town":"旭市川"}],"6223":[{"pref":"福島県","city":"大沼郡会津美里町","town":"旭寺入"}],"6224":[{"pref":"福島県","city":"大沼郡会津美里町","town":"旭無量"}],"6225":[{"pref":"福島県","city":"大沼郡会津美里町","town":"旭三寄"}],"6226":[{"pref":"福島県","city":"大沼郡会津美里町","town":"旭杉原"}],"6231":[{"pref":"福島県","city":"大沼郡会津美里町","town":"尾岐窪"}],"6232":[{"pref":"福島県","city":"大沼郡会津美里町","town":"東尾岐"}],"6241":[{"pref":"福島県","city":"大沼郡会津美里町","town":"吉田"}],"6242":[{"pref":"福島県","city":"大沼郡会津美里町","town":"大室"}],"6243":[{"pref":"福島県","city":"大沼郡会津美里町","town":"宮川"}],"6244":[{"pref":"福島県","city":"大沼郡会津美里町","town":"西尾"}],"6245":[{"pref":"福島県","city":"大沼郡会津美里町","town":"西本"}],"6251":[{"pref":"福島県","city":"大沼郡会津美里町","town":"永井野"}],"6252":[{"pref":"福島県","city":"大沼郡会津美里町","town":"松岸"}],"6253":[{"pref":"福島県","city":"大沼郡会津美里町","town":"杉屋"}],"6254":[{"pref":"福島県","city":"大沼郡会津美里町","town":"荻窪"}],"6255":[{"pref":"福島県","city":"大沼郡会津美里町","town":"松沢"}],"6256":[{"pref":"福島県","city":"大沼郡会津美里町","town":"上戸原"}],"6261":[{"pref":"福島県","city":"大沼郡会津美里町","town":"内川原"},{"pref":"福島県","city":"大沼郡会津美里町","town":"梅ノ木"},{"pref":"福島県","city":"大沼郡会津美里町","town":"権現宮"},{"pref":"福島県","city":"大沼郡会津美里町","town":"権現宮甲"},{"pref":"福島県","city":"大沼郡会津美里町","town":"権現宮南"},{"pref":"福島県","city":"大沼郡会津美里町","town":"権現宮南甲"},{"pref":"福島県","city":"大沼郡会津美里町","town":"高田道上"},{"pref":"福島県","city":"大沼郡会津美里町","town":"地尻"},{"pref":"福島県","city":"大沼郡会津美里町","town":"東川原"}],"6262":[{"pref":"福島県","city":"大沼郡会津美里町","town":"鹿島"},{"pref":"福島県","city":"大沼郡会津美里町","town":"観音北"},{"pref":"福島県","city":"大沼郡会津美里町","town":"外川原"},{"pref":"福島県","city":"大沼郡会津美里町","town":"外川原甲"},{"pref":"福島県","city":"大沼郡会津美里町","town":"法憧寺北"},{"pref":"福島県","city":"大沼郡会津美里町","town":"法憧寺北甲"},{"pref":"福島県","city":"大沼郡会津美里町","town":"法憧寺東"},{"pref":"福島県","city":"大沼郡会津美里町","town":"法憧寺南"},{"pref":"福島県","city":"大沼郡会津美里町","town":"法憧寺南甲"}],"6263":[{"pref":"福島県","city":"大沼郡会津美里町","town":"清竜寺北"},{"pref":"福島県","city":"大沼郡会津美里町","town":"宮北"},{"pref":"福島県","city":"大沼郡会津美里町","town":"宮林"},{"pref":"福島県","city":"大沼郡会津美里町","town":"宮林甲"},{"pref":"福島県","city":"大沼郡会津美里町","town":"文珠西"},{"pref":"福島県","city":"大沼郡会津美里町","town":"文珠東"}],"6264":[{"pref":"福島県","city":"大沼郡会津美里町","town":"高田"},{"pref":"福島県","city":"大沼郡会津美里町","town":"高田乙"},{"pref":"福島県","city":"大沼郡会津美里町","town":"高田甲"}],"6265":[{"pref":"福島県","city":"大沼郡会津美里町","town":"漆原北"},{"pref":"福島県","city":"大沼郡会津美里町","town":"御蔵南"},{"pref":"福島県","city":"大沼郡会津美里町","town":"川添"},{"pref":"福島県","city":"大沼郡会津美里町","town":"館南"},{"pref":"福島県","city":"大沼郡会津美里町","town":"長光寺南"},{"pref":"福島県","city":"大沼郡会津美里町","town":"六地蔵"}],"6266":[{"pref":"福島県","city":"大沼郡会津美里町","town":"油田"},{"pref":"福島県","city":"大沼郡会津美里町","town":"新丁屋敷"},{"pref":"福島県","city":"大沼郡会津美里町","town":"館ノ越"},{"pref":"福島県","city":"大沼郡会津美里町","town":"西裏屋敷添"},{"pref":"福島県","city":"大沼郡会津美里町","town":"布才地"},{"pref":"福島県","city":"大沼郡会津美里町","town":"竜興寺北"}],"6267":[{"pref":"福島県","city":"大沼郡会津美里町","town":"新丁西"},{"pref":"福島県","city":"大沼郡会津美里町","town":"西裏"}],"6268":[{"pref":"福島県","city":"大沼郡会津美里町","town":"谷地"},{"pref":"福島県","city":"大沼郡会津美里町","town":"谷地前"},{"pref":"福島県","city":"大沼郡会津美里町","town":"柳台"},{"pref":"福島県","city":"大沼郡会津美里町","town":"柳台甲"}],"6271":[{"pref":"福島県","city":"大沼郡会津美里町","town":"寺崎"},{"pref":"福島県","city":"大沼郡会津美里町","town":"沼ノ上"}],"6272":[{"pref":"福島県","city":"大沼郡会津美里町","town":"赤留"}],"6273":[{"pref":"福島県","city":"大沼郡会津美里町","town":"八木沢"}],"6274":[{"pref":"福島県","city":"大沼郡会津美里町","town":"雀林"}],"6301":[{"pref":"福島県","city":"大沼郡会津美里町","town":"杉甲"}],"6302":[{"pref":"福島県","city":"大沼郡会津美里町","town":"山道下甲"}],"6303":[{"pref":"福島県","city":"大沼郡会津美里町","town":"山道上"}],"6304":[{"pref":"福島県","city":"大沼郡会津美里町","town":"黒沢甲"}],"6305":[{"pref":"福島県","city":"大沼郡会津美里町","town":"延命寺前甲"}],"6306":[{"pref":"福島県","city":"大沼郡会津美里町","town":"延命寺前乙"}],"6307":[{"pref":"福島県","city":"大沼郡会津美里町","town":"石田甲"}],"6311":[{"pref":"福島県","city":"大沼郡会津美里町","town":"清水台"}],"6312":[{"pref":"福島県","city":"大沼郡会津美里町","town":"清水台甲"}],"6313":[{"pref":"福島県","city":"大沼郡会津美里町","town":"下川原甲"}],"6314":[{"pref":"福島県","city":"大沼郡会津美里町","town":"清水川甲"}],"6315":[{"pref":"福島県","city":"大沼郡会津美里町","town":"蛇ノ宮甲"}],"6316":[{"pref":"福島県","city":"大沼郡会津美里町","town":"北原"}],"6317":[{"pref":"福島県","city":"大沼郡会津美里町","town":"北原甲"}],"6318":[{"pref":"福島県","city":"大沼郡会津美里町","town":"北原乙"}],"6321":[{"pref":"福島県","city":"大沼郡会津美里町","town":"丸山北"}],"6322":[{"pref":"福島県","city":"大沼郡会津美里町","town":"丸山北甲"}],"6323":[{"pref":"福島県","city":"大沼郡会津美里町","town":"丸山"}],"6324":[{"pref":"福島県","city":"大沼郡会津美里町","town":"丸山乙"}],"6325":[{"pref":"福島県","city":"大沼郡会津美里町","town":"宮後"}],"6326":[{"pref":"福島県","city":"大沼郡会津美里町","town":"宮後甲"}],"6327":[{"pref":"福島県","city":"大沼郡会津美里町","town":"宮後乙"}],"6328":[{"pref":"福島県","city":"大沼郡会津美里町","town":"山南乙"}],"6331":[{"pref":"福島県","city":"大沼郡会津美里町","town":"本郷村西甲"}],"6332":[{"pref":"福島県","city":"大沼郡会津美里町","town":"本郷村西乙"}],"6333":[{"pref":"福島県","city":"大沼郡会津美里町","town":"大八郷乙"}],"6334":[{"pref":"福島県","city":"大沼郡会津美里町","town":"本郷村東乙"}],"6335":[{"pref":"福島県","city":"大沼郡会津美里町","town":"村上乙"}],"6336":[{"pref":"福島県","city":"大沼郡会津美里町","town":"本郷千苅"}],"6337":[{"pref":"福島県","city":"大沼郡会津美里町","town":"本郷千苅乙"}],"6338":[{"pref":"福島県","city":"大沼郡会津美里町","town":"橋本乙"}],"6341":[{"pref":"福島県","city":"大沼郡会津美里町","town":"横堀下乙"}],"6342":[{"pref":"福島県","city":"大沼郡会津美里町","town":"倉田"}],"6343":[{"pref":"福島県","city":"大沼郡会津美里町","town":"沖田"}],"6351":[{"pref":"福島県","city":"大沼郡会津美里町","town":"穴田"}],"6352":[{"pref":"福島県","city":"大沼郡会津美里町","town":"穴田乙"}],"6353":[{"pref":"福島県","city":"大沼郡会津美里町","town":"堂ノ前"}],"6354":[{"pref":"福島県","city":"大沼郡会津美里町","town":"堂ノ前甲"}],"6355":[{"pref":"福島県","city":"大沼郡会津美里町","town":"西沖"}],"6356":[{"pref":"福島県","city":"大沼郡会津美里町","town":"稗田乙"}],"6401":[{"pref":"福島県","city":"大沼郡会津美里町","town":"和田目"}],"6402":[{"pref":"福島県","city":"大沼郡会津美里町","town":"新屋敷"}],"6403":[{"pref":"福島県","city":"大沼郡会津美里町","town":"鶴野辺"}],"6404":[{"pref":"福島県","city":"大沼郡会津美里町","town":"境野"}],"6405":[{"pref":"福島県","city":"大沼郡会津美里町","town":"米田"}],"6406":[{"pref":"福島県","city":"大沼郡会津美里町","town":"佐賀瀬川"}],"6407":[{"pref":"福島県","city":"大沼郡会津美里町","town":"上平"}],"6408":[{"pref":"福島県","city":"大沼郡会津美里町","town":"沼田"}],"6409":[{"pref":"福島県","city":"大沼郡会津美里町","town":"小沢"}],"6411":[{"pref":"福島県","city":"大沼郡会津美里町","town":"立石田"}],"6500":[{"pref":"福島県","city":"河沼郡会津坂下町","town":"以下に掲載がない場合"}],"6501":[{"pref":"福島県","city":"河沼郡会津坂下町","town":"長井"}],"6502":[{"pref":"福島県","city":"河沼郡会津坂下町","town":"津尻"}],"6503":[{"pref":"福島県","city":"河沼郡会津坂下町","town":"宇内"}],"6504":[{"pref":"福島県","city":"河沼郡会津坂下町","town":"八日沢"}],"6505":[{"pref":"福島県","city":"河沼郡会津坂下町","town":"新舘"}],"6506":[{"pref":"福島県","city":"河沼郡会津坂下町","town":"見明"}],"6507":[{"pref":"福島県","city":"河沼郡会津坂下町","town":"大上"}],"6511":[{"pref":"福島県","city":"河沼郡会津坂下町","town":"青木"}],"6512":[{"pref":"福島県","city":"河沼郡会津坂下町","town":"沼越"}],"6513":[{"pref":"福島県","city":"河沼郡会津坂下町","town":"立川"}],"6514":[{"pref":"福島県","city":"河沼郡会津坂下町","town":"五香"}],"6515":[{"pref":"福島県","city":"河沼郡会津坂下町","town":"福原前"}],"6516":[{"pref":"福島県","city":"河沼郡会津坂下町","town":"中泉"}],"6517":[{"pref":"福島県","city":"河沼郡会津坂下町","town":"合川"}],"6518":[{"pref":"福島県","city":"河沼郡会津坂下町","town":"青津"}],"6519":[{"pref":"福島県","city":"河沼郡会津坂下町","town":"御池田"},{"pref":"福島県","city":"河沼郡会津坂下町","town":"三谷"}],"6521":[{"pref":"福島県","city":"河沼郡会津坂下町","town":"金上"}],"6522":[{"pref":"福島県","city":"河沼郡会津坂下町","town":"宮古"}],"6523":[{"pref":"福島県","city":"河沼郡会津坂下町","town":"海老細"}],"6524":[{"pref":"福島県","city":"河沼郡会津坂下町","town":"束原"}],"6525":[{"pref":"福島県","city":"河沼郡会津坂下町","town":"開津"}],"6526":[{"pref":"福島県","city":"河沼郡会津坂下町","town":"五ノ併"}],"6527":[{"pref":"福島県","city":"河沼郡会津坂下町","town":"福原"}],"6528":[{"pref":"福島県","city":"河沼郡会津坂下町","town":"新開津"}],"6531":[{"pref":"福島県","city":"河沼郡会津坂下町","town":"上口"},{"pref":"福島県","city":"河沼郡会津坂下町","town":"東上口甲"}],"6532":[{"pref":"福島県","city":"河沼郡会津坂下町","town":"東川前丙"},{"pref":"福島県","city":"河沼郡会津坂下町","town":"道下丙"}],"6533":[{"pref":"福島県","city":"河沼郡会津坂下町","town":"上ノ台乙"},{"pref":"福島県","city":"河沼郡会津坂下町","town":"台ノ下"}],"6534":[{"pref":"福島県","city":"河沼郡会津坂下町","town":"小川原"},{"pref":"福島県","city":"河沼郡会津坂下町","town":"北小川原乙"},{"pref":"福島県","city":"河沼郡会津坂下町","town":"原道東甲"}],"6535":[{"pref":"福島県","city":"河沼郡会津坂下町","town":"家ノ前乙"},{"pref":"福島県","city":"河沼郡会津坂下町","town":"東屋敷添乙"}],"6536":[{"pref":"福島県","city":"河沼郡会津坂下町","town":"市中一番甲"}],"6537":[{"pref":"福島県","city":"河沼郡会津坂下町","town":"戌亥乙"},{"pref":"福島県","city":"河沼郡会津坂下町","town":"西ノ宮乙"}],"6538":[{"pref":"福島県","city":"河沼郡会津坂下町","town":"姥ケ下乙"},{"pref":"福島県","city":"河沼郡会津坂下町","town":"上窪道北乙"},{"pref":"福島県","city":"河沼郡会津坂下町","town":"上沼ノ上丙"}],"6539":[{"pref":"福島県","city":"河沼郡会津坂下町","town":"古市乙"}],"6541":[{"pref":"福島県","city":"河沼郡会津坂下町","town":"上四十石甲"},{"pref":"福島県","city":"河沼郡会津坂下町","town":"四十石"}],"6542":[{"pref":"福島県","city":"河沼郡会津坂下町","town":"光明寺東甲"},{"pref":"福島県","city":"河沼郡会津坂下町","town":"古屋敷甲"}],"6543":[{"pref":"福島県","city":"河沼郡会津坂下町","town":"市中二番甲"}],"6544":[{"pref":"福島県","city":"河沼郡会津坂下町","town":"大堀川西甲"},{"pref":"福島県","city":"河沼郡会津坂下町","town":"東南町裏甲"}],"6545":[{"pref":"福島県","city":"河沼郡会津坂下町","town":"五反田"}],"6546":[{"pref":"福島県","city":"河沼郡会津坂下町","town":"曲田"}],"6547":[{"pref":"福島県","city":"河沼郡会津坂下町","town":"市中三番甲"}],"6548":[{"pref":"福島県","city":"河沼郡会津坂下町","town":"茶屋町甲"}],"6549":[{"pref":"福島県","city":"河沼郡会津坂下町","town":"古町川尻"}],"6551":[{"pref":"福島県","city":"河沼郡会津坂下町","town":"舘ノ下"}],"6552":[{"pref":"福島県","city":"河沼郡会津坂下町","town":"舘ノ内甲"}],"6553":[{"pref":"福島県","city":"河沼郡会津坂下町","town":"石田"},{"pref":"福島県","city":"河沼郡会津坂下町","town":"西南町裏甲"}],"6554":[{"pref":"福島県","city":"河沼郡会津坂下町","town":"松ノ目"}],"6555":[{"pref":"福島県","city":"河沼郡会津坂下町","town":"沢ノ目"}],"6556":[{"pref":"福島県","city":"河沼郡会津坂下町","town":"北逆水甲"},{"pref":"福島県","city":"河沼郡会津坂下町","town":"逆水"}],"6557":[{"pref":"福島県","city":"河沼郡会津坂下町","town":"市中四番甲"}],"6561":[{"pref":"福島県","city":"河沼郡会津坂下町","town":"大道"}],"6562":[{"pref":"福島県","city":"河沼郡会津坂下町","town":"一丁田甲"},{"pref":"福島県","city":"河沼郡会津坂下町","town":"中岡甲"}],"6563":[{"pref":"福島県","city":"河沼郡会津坂下町","town":"市中新町甲"}],"6564":[{"pref":"福島県","city":"河沼郡会津坂下町","town":"中岩田"}],"6565":[{"pref":"福島県","city":"河沼郡会津坂下町","town":"惣六"}],"6566":[{"pref":"福島県","city":"河沼郡会津坂下町","town":"稲荷塚"}],"6567":[{"pref":"福島県","city":"河沼郡会津坂下町","town":"沼田甲"}],"6571":[{"pref":"福島県","city":"河沼郡会津坂下町","town":"白狐"}],"6572":[{"pref":"福島県","city":"河沼郡会津坂下町","town":"羽林"}],"6573":[{"pref":"福島県","city":"河沼郡会津坂下町","town":"大沖"}],"6574":[{"pref":"福島県","city":"河沼郡会津坂下町","town":"樋島"}],"6575":[{"pref":"福島県","city":"河沼郡会津坂下町","town":"勝大"}],"6576":[{"pref":"福島県","city":"河沼郡会津坂下町","town":"牛川"}],"6581":[{"pref":"福島県","city":"河沼郡会津坂下町","town":"片門"}],"6582":[{"pref":"福島県","city":"河沼郡会津坂下町","town":"高寺"}],"6583":[{"pref":"福島県","city":"河沼郡会津坂下町","town":"気多宮"}],"6584":[{"pref":"福島県","city":"河沼郡会津坂下町","town":"塔寺"}],"6585":[{"pref":"福島県","city":"河沼郡会津坂下町","town":"船杉"}],"6586":[{"pref":"福島県","city":"河沼郡会津坂下町","town":"坂本"}],"6587":[{"pref":"福島県","city":"河沼郡会津坂下町","town":"束松"}],"7200":[{"pref":"福島県","city":"河沼郡柳津町","town":"以下に掲載がない場合"}],"7201":[{"pref":"福島県","city":"河沼郡柳津町","town":"柳津"}],"7202":[{"pref":"福島県","city":"河沼郡柳津町","town":"大柳"}],"7203":[{"pref":"福島県","city":"河沼郡柳津町","town":"軽井沢"}],"7204":[{"pref":"福島県","city":"河沼郡柳津町","town":"猪倉野"}],"7205":[{"pref":"福島県","city":"河沼郡柳津町","town":"郷戸"}],"7206":[{"pref":"福島県","city":"河沼郡柳津町","town":"飯谷"}],"7207":[{"pref":"福島県","city":"河沼郡柳津町","town":"小椿"}],"7208":[{"pref":"福島県","city":"河沼郡柳津町","town":"藤"}],"7209":[{"pref":"福島県","city":"河沼郡柳津町","town":"細八"}],"7311":[{"pref":"福島県","city":"河沼郡柳津町","town":"湯八木沢"}],"7312":[{"pref":"福島県","city":"河沼郡柳津町","town":"久保田"}],"7313":[{"pref":"福島県","city":"河沼郡柳津町","town":"五畳敷"}],"7314":[{"pref":"福島県","city":"河沼郡柳津町","town":"牧沢"}],"7315":[{"pref":"福島県","city":"河沼郡柳津町","town":"四つ谷"}],"7321":[{"pref":"福島県","city":"河沼郡柳津町","town":"砂子原"}],"7322":[{"pref":"福島県","city":"河沼郡柳津町","town":"黒沢"}],"7323":[{"pref":"福島県","city":"河沼郡柳津町","town":"芋小屋"}],"7324":[{"pref":"福島県","city":"河沼郡柳津町","town":"胄中"}],"7325":[{"pref":"福島県","city":"河沼郡柳津町","town":"大成沢"}],"7326":[{"pref":"福島県","city":"河沼郡柳津町","town":"琵琶首"}],"7401":[{"pref":"福島県","city":"大沼郡三島町","town":"西方"}],"7402":[{"pref":"福島県","city":"大沼郡三島町","town":"名入"}],"7403":[{"pref":"福島県","city":"大沼郡三島町","town":"小山"}],"7404":[{"pref":"福島県","city":"大沼郡三島町","town":"高清水"}],"7405":[{"pref":"福島県","city":"大沼郡三島町","town":"滝原"}],"7406":[{"pref":"福島県","city":"大沼郡三島町","town":"早戸"}],"7407":[{"pref":"福島県","city":"大沼郡三島町","town":"大石田"}],"7413":[{"pref":"福島県","city":"大沼郡三島町","town":"桧原（小和瀬）"}],"7500":[{"pref":"福島県","city":"大沼郡三島町","town":"以下に掲載がない場合"}],"7511":[{"pref":"福島県","city":"大沼郡三島町","town":"宮下"}],"7512":[{"pref":"福島県","city":"大沼郡三島町","town":"桑原"}],"7513":[{"pref":"福島県","city":"大沼郡三島町","town":"桧原（その他）"}],"7514":[{"pref":"福島県","city":"大沼郡三島町","town":"滝谷"}],"7515":[{"pref":"福島県","city":"大沼郡三島町","town":"川井"}],"7516":[{"pref":"福島県","city":"大沼郡三島町","town":"大登"}],"7517":[{"pref":"福島県","city":"大沼郡三島町","town":"大谷"}],"7518":[{"pref":"福島県","city":"大沼郡三島町","town":"浅岐"}],"7519":[{"pref":"福島県","city":"大沼郡三島町","town":"間方"}],"0301":[{"pref":"福島県","city":"白河市","town":"大信上新城"}],"0302":[{"pref":"福島県","city":"白河市","town":"大信隈戸（その他）"}],"0303":[{"pref":"福島県","city":"白河市","town":"大信下小屋"}],"0304":[{"pref":"福島県","city":"白河市","town":"大信下新城"}],"0305":[{"pref":"福島県","city":"白河市","town":"大信田園町府"}],"0306":[{"pref":"福島県","city":"白河市","town":"大信豊地"}],"0307":[{"pref":"福島県","city":"白河市","town":"大信中新城"}],"0308":[{"pref":"福島県","city":"白河市","town":"大信増見"}],"0309":[{"pref":"福島県","city":"白河市","town":"大信町屋"}],"0400":[{"pref":"福島県","city":"岩瀬郡鏡石町","town":"以下に掲載がない場合"}],"0404":[{"pref":"福島県","city":"岩瀬郡鏡石町","town":"旭町"},{"pref":"福島県","city":"岩瀬郡鏡石町","town":"大山"},{"pref":"福島県","city":"岩瀬郡鏡石町","town":"岡の台"},{"pref":"福島県","city":"岩瀬郡鏡石町","town":"笠石"},{"pref":"福島県","city":"岩瀬郡鏡石町","town":"笠石原町"},{"pref":"福島県","city":"岩瀬郡鏡石町","town":"中央"},{"pref":"福島県","city":"岩瀬郡鏡石町","town":"豊郷"},{"pref":"福島県","city":"岩瀬郡鏡石町","town":"豊郷中"},{"pref":"福島県","city":"岩瀬郡鏡石町","town":"中町"},{"pref":"福島県","city":"岩瀬郡鏡石町","town":"羽鳥"},{"pref":"福島県","city":"岩瀬郡鏡石町","town":"東町"},{"pref":"福島県","city":"岩瀬郡鏡石町","town":"堀米"},{"pref":"福島県","city":"岩瀬郡鏡石町","town":"緑町"},{"pref":"福島県","city":"岩瀬郡鏡石町","town":"南町"}],"0402":[{"pref":"福島県","city":"岩瀬郡鏡石町","town":"池の台"},{"pref":"福島県","city":"岩瀬郡鏡石町","town":"大宮"},{"pref":"福島県","city":"岩瀬郡鏡石町","town":"河原"},{"pref":"福島県","city":"岩瀬郡鏡石町","town":"北町"},{"pref":"福島県","city":"岩瀬郡鏡石町","town":"新町"},{"pref":"福島県","city":"岩瀬郡鏡石町","town":"諏訪町"},{"pref":"福島県","city":"岩瀬郡鏡石町","town":"成田"},{"pref":"福島県","city":"岩瀬郡鏡石町","town":"成田原町"},{"pref":"福島県","city":"岩瀬郡鏡石町","town":"成田東"},{"pref":"福島県","city":"岩瀬郡鏡石町","town":"東河原"}],"0401":[{"pref":"福島県","city":"岩瀬郡鏡石町","town":"池ノ原"},{"pref":"福島県","city":"岩瀬郡鏡石町","town":"大池"},{"pref":"福島県","city":"岩瀬郡鏡石町","town":"岡ノ内"},{"pref":"福島県","city":"岩瀬郡鏡石町","town":"鏡田かげ沼町"},{"pref":"福島県","city":"岩瀬郡鏡石町","town":"鏡沼"},{"pref":"福島県","city":"岩瀬郡鏡石町","town":"鹿島"},{"pref":"福島県","city":"岩瀬郡鏡石町","town":"蒲之沢町"},{"pref":"福島県","city":"岩瀬郡鏡石町","town":"川崎町"},{"pref":"福島県","city":"岩瀬郡鏡石町","town":"五斗蒔町"},{"pref":"福島県","city":"岩瀬郡鏡石町","town":"境"},{"pref":"福島県","city":"岩瀬郡鏡石町","town":"桜町"},{"pref":"福島県","city":"岩瀬郡鏡石町","town":"高久田"},{"pref":"福島県","city":"岩瀬郡鏡石町","town":"豊田"},{"pref":"福島県","city":"岩瀬郡鏡石町","town":"仁井田"},{"pref":"福島県","city":"岩瀬郡鏡石町","town":"東鹿島"},{"pref":"福島県","city":"岩瀬郡鏡石町","town":"深内町"},{"pref":"福島県","city":"岩瀬郡鏡石町","town":"不時沼"},{"pref":"福島県","city":"岩瀬郡鏡石町","town":"前山"},{"pref":"福島県","city":"岩瀬郡鏡石町","town":"南高久田"},{"pref":"福島県","city":"岩瀬郡鏡石町","town":"本町"}],"0403":[{"pref":"福島県","city":"岩瀬郡鏡石町","town":"借宿"},{"pref":"福島県","city":"岩瀬郡鏡石町","town":"久来石"},{"pref":"福島県","city":"岩瀬郡鏡石町","town":"久来石南"},{"pref":"福島県","city":"岩瀬郡鏡石町","town":"小栗山"},{"pref":"福島県","city":"岩瀬郡鏡石町","town":"桜岡"},{"pref":"福島県","city":"岩瀬郡鏡石町","town":"城ノ内"},{"pref":"福島県","city":"岩瀬郡鏡石町","town":"堂前"}],"0100":[{"pref":"福島県","city":"西白河郡泉崎村","town":"以下に掲載がない場合"}],"0101":[{"pref":"福島県","city":"西白河郡泉崎村","town":"泉崎"}],"0104":[{"pref":"福島県","city":"西白河郡泉崎村","town":"太田川"}],"0103":[{"pref":"福島県","city":"西白河郡泉崎村","town":"北平山"}],"0106":[{"pref":"福島県","city":"西白河郡泉崎村","town":"関和久（八雲神社）"}],"0102":[{"pref":"福島県","city":"西白河郡泉崎村","town":"関和久（その他）"}],"0105":[{"pref":"福島県","city":"西白河郡泉崎村","town":"踏瀬"}],"0200":[{"pref":"福島県","city":"西白河郡矢吹町","town":"以下に掲載がない場合"}],"0206":[{"pref":"福島県","city":"西白河郡矢吹町","town":"赤沢"}],"0272":[{"pref":"福島県","city":"西白河郡矢吹町","town":"曙町"}],"0236":[{"pref":"福島県","city":"西白河郡矢吹町","town":"一本木"},{"pref":"福島県","city":"西白河郡矢吹町","town":"中畑新田"},{"pref":"福島県","city":"西白河郡矢吹町","town":"矢吹"}],"0287":[{"pref":"福島県","city":"西白河郡矢吹町","town":"井戸尻"},{"pref":"福島県","city":"西白河郡矢吹町","town":"川原"},{"pref":"福島県","city":"西白河郡矢吹町","town":"堰の上"}],"0238":[{"pref":"福島県","city":"西白河郡矢吹町","town":"大池"}],"0224":[{"pref":"福島県","city":"西白河郡矢吹町","town":"大久保"}],"0201":[{"pref":"福島県","city":"西白河郡矢吹町","town":"大町"}],"0252":[{"pref":"福島県","city":"西白河郡矢吹町","town":"神の内"},{"pref":"福島県","city":"西白河郡矢吹町","town":"堤"},{"pref":"福島県","city":"西白河郡矢吹町","town":"中野目東"},{"pref":"福島県","city":"西白河郡矢吹町","town":"中野目西"},{"pref":"福島県","city":"西白河郡矢吹町","town":"東堤"}],"0257":[{"pref":"福島県","city":"西白河郡矢吹町","town":"上の前"},{"pref":"福島県","city":"西白河郡矢吹町","town":"住吉"},{"pref":"福島県","city":"西白河郡矢吹町","town":"前久保"}],"0246":[{"pref":"福島県","city":"西白河郡矢吹町","town":"上宮崎"},{"pref":"福島県","city":"西白河郡矢吹町","town":"下宮崎"}],"0251":[{"pref":"福島県","city":"西白河郡矢吹町","town":"神田東"},{"pref":"福島県","city":"西白河郡矢吹町","town":"神田西"},{"pref":"福島県","city":"西白河郡矢吹町","town":"神田南"}],"0203":[{"pref":"福島県","city":"西白河郡矢吹町","town":"北浦"}],"0211":[{"pref":"福島県","city":"西白河郡矢吹町","town":"北町"}],"0288":[{"pref":"福島県","city":"西白河郡矢吹町","town":"子ハ清水"},{"pref":"福島県","city":"西白河郡矢吹町","town":"田内"},{"pref":"福島県","city":"西白河郡矢吹町","town":"東の内"}],"0205":[{"pref":"福島県","city":"西白河郡矢吹町","town":"五本松"}],"0271":[{"pref":"福島県","city":"西白河郡矢吹町","town":"小松"}],"0281":[{"pref":"福島県","city":"西白河郡矢吹町","town":"境町"},{"pref":"福島県","city":"西白河郡矢吹町","town":"馬場"}],"0258":[{"pref":"福島県","city":"西白河郡矢吹町","town":"沢尻"}],"0242":[{"pref":"福島県","city":"西白河郡矢吹町","town":"三城目"}],"0266":[{"pref":"福島県","city":"西白河郡矢吹町","town":"上敷面"}],"0241":[{"pref":"福島県","city":"西白河郡矢吹町","town":"陣ケ岡"},{"pref":"福島県","city":"西白河郡矢吹町","town":"天開"}],"0202":[{"pref":"福島県","city":"西白河郡矢吹町","town":"新町"}],"0267":[{"pref":"福島県","city":"西白河郡矢吹町","town":"諏訪清水"}],"0247":[{"pref":"福島県","city":"西白河郡矢吹町","town":"諏訪の前"},{"pref":"福島県","city":"西白河郡矢吹町","town":"寺の前"}],"0204":[{"pref":"福島県","city":"西白河郡矢吹町","town":"関山"}],"0212":[{"pref":"福島県","city":"西白河郡矢吹町","town":"善郷内"}],"0284":[{"pref":"福島県","city":"西白河郡矢吹町","town":"滝八幡"},{"pref":"福島県","city":"西白河郡矢吹町","town":"舘沢"}],"0227":[{"pref":"福島県","city":"西白河郡矢吹町","town":"田町"}],"0255":[{"pref":"福島県","city":"西白河郡矢吹町","town":"寺内"},{"pref":"福島県","city":"西白河郡矢吹町","town":"寺内東"},{"pref":"福島県","city":"西白河郡矢吹町","town":"寺内西"},{"pref":"福島県","city":"西白河郡矢吹町","town":"寺内南"}],"0248":[{"pref":"福島県","city":"西白河郡矢吹町","town":"東郷"}],"0243":[{"pref":"福島県","city":"西白河郡矢吹町","town":"中沖"},{"pref":"福島県","city":"西白河郡矢吹町","town":"東川原"}],"0264":[{"pref":"福島県","city":"西白河郡矢吹町","town":"中畑"}],"0265":[{"pref":"福島県","city":"西白河郡矢吹町","town":"中畑南"}],"0221":[{"pref":"福島県","city":"西白河郡矢吹町","town":"中町"}],"0231":[{"pref":"福島県","city":"西白河郡矢吹町","town":"中丸"}],"0256":[{"pref":"福島県","city":"西白河郡矢吹町","town":"鍋内"}],"0226":[{"pref":"福島県","city":"西白河郡矢吹町","town":"西長峰"}],"0263":[{"pref":"福島県","city":"西白河郡矢吹町","town":"根宿"}],"0245":[{"pref":"福島県","city":"西白河郡矢吹町","town":"白山"}],"0222":[{"pref":"福島県","city":"西白河郡矢吹町","town":"八幡町"}],"0285":[{"pref":"福島県","city":"西白河郡矢吹町","town":"花咲"}],"0233":[{"pref":"福島県","city":"西白河郡矢吹町","town":"花の里"}],"0225":[{"pref":"福島県","city":"西白河郡矢吹町","town":"東長峰"}],"0244":[{"pref":"福島県","city":"西白河郡矢吹町","town":"奉行塚"},{"pref":"福島県","city":"西白河郡矢吹町","town":"谷中"}],"0223":[{"pref":"福島県","city":"西白河郡矢吹町","town":"文京町"}],"0254":[{"pref":"福島県","city":"西白河郡矢吹町","town":"平鉢"}],"0237":[{"pref":"福島県","city":"西白河郡矢吹町","town":"牡丹平"}],"0282":[{"pref":"福島県","city":"西白河郡矢吹町","town":"本郷町"}],"0232":[{"pref":"福島県","city":"西白河郡矢吹町","town":"本城舘"}],"0234":[{"pref":"福島県","city":"西白河郡矢吹町","town":"前田"}],"0268":[{"pref":"福島県","city":"西白河郡矢吹町","town":"松倉"}],"0262":[{"pref":"福島県","city":"西白河郡矢吹町","town":"松房"}],"0235":[{"pref":"福島県","city":"西白河郡矢吹町","town":"丸の内"}],"0283":[{"pref":"福島県","city":"西白河郡矢吹町","town":"南町"}],"0253":[{"pref":"福島県","city":"西白河郡矢吹町","town":"明新上"},{"pref":"福島県","city":"西白河郡矢吹町","town":"明新中"},{"pref":"福島県","city":"西白河郡矢吹町","town":"明新下"},{"pref":"福島県","city":"西白河郡矢吹町","town":"明新原"},{"pref":"福島県","city":"西白河郡矢吹町","town":"明新東"},{"pref":"福島県","city":"西白河郡矢吹町","town":"明新西"}],"0213":[{"pref":"福島県","city":"西白河郡矢吹町","town":"本町"}],"0261":[{"pref":"福島県","city":"西白河郡矢吹町","town":"弥栄"}],"0286":[{"pref":"福島県","city":"西白河郡矢吹町","town":"大和内"}]}