{"1101":[{"pref":"宮城県","city":"白石市","town":"白川小奥"}],"1102":[{"pref":"宮城県","city":"白石市","town":"白川津田"}],"1103":[{"pref":"宮城県","city":"白石市","town":"白川犬卒都婆"}],"1104":[{"pref":"宮城県","city":"白石市","town":"白川内親"}],"1200":[{"pref":"宮城県","city":"柴田郡大河原町","town":"以下に掲載がない場合"}],"1201":[{"pref":"宮城県","city":"柴田郡大河原町","town":"大谷"}],"1202":[{"pref":"宮城県","city":"柴田郡大河原町","town":"高砂町"}],"1203":[{"pref":"宮城県","city":"柴田郡大河原町","town":"旭町"}],"1204":[{"pref":"宮城県","city":"柴田郡大河原町","town":"大竜"}],"1205":[{"pref":"宮城県","city":"柴田郡大河原町","town":"大芝"}],"1206":[{"pref":"宮城県","city":"柴田郡大河原町","town":"中の倉"}],"1207":[{"pref":"宮城県","city":"柴田郡大河原町","town":"川瀬町"}],"1211":[{"pref":"宮城県","city":"柴田郡大河原町","town":"広瀬町"}],"1212":[{"pref":"宮城県","city":"柴田郡大河原町","town":"山崎町"}],"1213":[{"pref":"宮城県","city":"柴田郡大河原町","town":"住吉町"}],"1214":[{"pref":"宮城県","city":"柴田郡大河原町","town":"甲子町"}],"1215":[{"pref":"宮城県","city":"柴田郡大河原町","town":"中島町"}],"1216":[{"pref":"宮城県","city":"柴田郡大河原町","town":"幸町"}],"1217":[{"pref":"宮城県","city":"柴田郡大河原町","town":"錦町"}],"1221":[{"pref":"宮城県","city":"柴田郡大河原町","town":"緑町"}],"1222":[{"pref":"宮城県","city":"柴田郡大河原町","town":"南平"}],"1223":[{"pref":"宮城県","city":"柴田郡大河原町","town":"東新町"}],"1224":[{"pref":"宮城県","city":"柴田郡大河原町","town":"金ケ瀬"}],"1225":[{"pref":"宮城県","city":"柴田郡大河原町","town":"広表"}],"1231":[{"pref":"宮城県","city":"柴田郡大河原町","town":"中川原"}],"1232":[{"pref":"宮城県","city":"柴田郡大河原町","town":"南海道下"}],"1233":[{"pref":"宮城県","city":"柴田郡大河原町","town":"上川原"}],"1234":[{"pref":"宮城県","city":"柴田郡大河原町","town":"新古川"}],"1235":[{"pref":"宮城県","city":"柴田郡大河原町","town":"南原町"}],"1236":[{"pref":"宮城県","city":"柴田郡大河原町","town":"東原町"}],"1237":[{"pref":"宮城県","city":"柴田郡大河原町","town":"荒町"}],"1241":[{"pref":"宮城県","city":"柴田郡大河原町","town":"町"}],"1242":[{"pref":"宮城県","city":"柴田郡大河原町","town":"西浦"}],"1243":[{"pref":"宮城県","city":"柴田郡大河原町","town":"南"}],"1244":[{"pref":"宮城県","city":"柴田郡大河原町","town":"西町"}],"1245":[{"pref":"宮城県","city":"柴田郡大河原町","town":"新南"}],"1246":[{"pref":"宮城県","city":"柴田郡大河原町","town":"新東"}],"1247":[{"pref":"宮城県","city":"柴田郡大河原町","town":"東"}],"1248":[{"pref":"宮城県","city":"柴田郡大河原町","town":"土手崎"}],"1249":[{"pref":"宮城県","city":"柴田郡大河原町","town":"海道東"}],"1251":[{"pref":"宮城県","city":"柴田郡大河原町","town":"橋本"}],"1252":[{"pref":"宮城県","city":"柴田郡大河原町","town":"八乙女"}],"1253":[{"pref":"宮城県","city":"柴田郡大河原町","town":"西"}],"1254":[{"pref":"宮城県","city":"柴田郡大河原町","town":"沼"}],"1255":[{"pref":"宮城県","city":"柴田郡大河原町","town":"袖谷地"}],"1256":[{"pref":"宮城県","city":"柴田郡大河原町","town":"堤"}],"1257":[{"pref":"宮城県","city":"柴田郡大河原町","town":"新寺"}],"1258":[{"pref":"宮城県","city":"柴田郡大河原町","town":"小山田"}],"1259":[{"pref":"宮城県","city":"柴田郡大河原町","town":"福田"}],"1261":[{"pref":"宮城県","city":"柴田郡大河原町","town":"大巻"}],"1263":[{"pref":"宮城県","city":"柴田郡大河原町","town":"大谷地"}],"1264":[{"pref":"宮城県","city":"柴田郡大河原町","town":"新青川"}],"1266":[{"pref":"宮城県","city":"柴田郡大河原町","town":"千塚前"}],"1267":[{"pref":"宮城県","city":"柴田郡大河原町","town":"小島"}],"1271":[{"pref":"宮城県","city":"柴田郡大河原町","town":"東桜町"}],"1272":[{"pref":"宮城県","city":"柴田郡大河原町","town":"南桜町"}],"1273":[{"pref":"宮城県","city":"柴田郡大河原町","town":"西桜町"}],"1274":[{"pref":"宮城県","city":"柴田郡大河原町","town":"新桜町"}],"1300":[{"pref":"宮城県","city":"柴田郡村田町","town":"以下に掲載がない場合"}],"1301":[{"pref":"宮城県","city":"柴田郡村田町","town":"菅生"}],"1302":[{"pref":"宮城県","city":"柴田郡村田町","town":"小泉"}],"1303":[{"pref":"宮城県","city":"柴田郡村田町","town":"薄木"}],"1304":[{"pref":"宮城県","city":"柴田郡村田町","town":"西ケ丘"}],"1305":[{"pref":"宮城県","city":"柴田郡村田町","town":"村田"}],"1311":[{"pref":"宮城県","city":"柴田郡村田町","town":"足立（その他）"}],"1321":[{"pref":"宮城県","city":"柴田郡村田町","town":"沼辺"}],"1322":[{"pref":"宮城県","city":"柴田郡村田町","town":"関場"}],"1323":[{"pref":"宮城県","city":"柴田郡村田町","town":"沼田"}],"1500":[{"pref":"宮城県","city":"柴田郡川崎町","town":"以下に掲載がない場合"}],"1501":[{"pref":"宮城県","city":"柴田郡川崎町","town":"前川（その他）"}],"1502":[{"pref":"宮城県","city":"柴田郡川崎町","town":"今宿"}],"1503":[{"pref":"宮城県","city":"柴田郡川崎町","town":"川内"}],"1504":[{"pref":"宮城県","city":"柴田郡川崎町","town":"本砂金"}],"1505":[{"pref":"宮城県","city":"柴田郡川崎町","town":"小野"}],"1506":[{"pref":"宮城県","city":"柴田郡川崎町","town":"支倉台"}],"1507":[{"pref":"宮城県","city":"柴田郡川崎町","town":"支倉"}],"1511":[{"pref":"宮城県","city":"柴田郡村田町","town":"足立（北向）"}],"1600":[{"pref":"宮城県","city":"柴田郡柴田町","town":"以下に掲載がない場合"}],"1601":[{"pref":"宮城県","city":"柴田郡柴田町","town":"船岡中央"}],"1602":[{"pref":"宮城県","city":"柴田郡柴田町","town":"船岡土手内"}],"1603":[{"pref":"宮城県","city":"柴田郡柴田町","town":"船岡西"}],"1604":[{"pref":"宮城県","city":"柴田郡柴田町","town":"船岡東"}],"1605":[{"pref":"宮城県","city":"柴田郡柴田町","town":"船岡南"}],"1606":[{"pref":"宮城県","city":"柴田郡柴田町","town":"船岡"}],"1607":[{"pref":"宮城県","city":"柴田郡柴田町","town":"船岡新栄"}],"1608":[{"pref":"宮城県","city":"柴田郡柴田町","town":"剣崎"}],"1611":[{"pref":"宮城県","city":"柴田郡柴田町","town":"上名生"}],"1612":[{"pref":"宮城県","city":"柴田郡柴田町","town":"中名生"}],"1613":[{"pref":"宮城県","city":"柴田郡柴田町","town":"下名生"}],"1621":[{"pref":"宮城県","city":"柴田郡柴田町","town":"本船迫"}],"1622":[{"pref":"宮城県","city":"柴田郡柴田町","town":"西船迫"}],"1623":[{"pref":"宮城県","city":"柴田郡柴田町","town":"北船岡"}],"1631":[{"pref":"宮城県","city":"柴田郡柴田町","town":"東船迫（２丁目）"}],"1731":[{"pref":"宮城県","city":"柴田郡柴田町","town":"東船迫（１丁目）"}],"1741":[{"pref":"宮城県","city":"柴田郡柴田町","town":"富沢"}],"1742":[{"pref":"宮城県","city":"柴田郡柴田町","town":"上川名"}],"1743":[{"pref":"宮城県","city":"柴田郡柴田町","town":"四日市場"}],"1744":[{"pref":"宮城県","city":"柴田郡柴田町","town":"松ケ越"}],"1745":[{"pref":"宮城県","city":"柴田郡柴田町","town":"入間田"}],"1746":[{"pref":"宮城県","city":"柴田郡柴田町","town":"ゆずが丘"}],"1751":[{"pref":"宮城県","city":"柴田郡柴田町","town":"槻木新町"}],"1752":[{"pref":"宮城県","city":"柴田郡柴田町","town":"槻木下町"}],"1753":[{"pref":"宮城県","city":"柴田郡柴田町","town":"槻木上町"}],"1754":[{"pref":"宮城県","city":"柴田郡柴田町","town":"槻木白幡"}],"1755":[{"pref":"宮城県","city":"柴田郡柴田町","town":"槻木西"}],"1756":[{"pref":"宮城県","city":"柴田郡柴田町","town":"槻木"}],"1757":[{"pref":"宮城県","city":"柴田郡柴田町","town":"槻木東"}],"1758":[{"pref":"宮城県","city":"柴田郡柴田町","town":"槻木駅西"}],"1761":[{"pref":"宮城県","city":"柴田郡柴田町","town":"葉坂"}],"1762":[{"pref":"宮城県","city":"柴田郡柴田町","town":"海老穴"}],"1763":[{"pref":"宮城県","city":"柴田郡柴田町","town":"船迫"}],"1764":[{"pref":"宮城県","city":"柴田郡柴田町","town":"小成田"}],"1765":[{"pref":"宮城県","city":"柴田郡柴田町","town":"成田"}],"2111":[{"pref":"宮城県","city":"亘理郡山元町","town":"坂元"}],"2112":[{"pref":"宮城県","city":"亘理郡山元町","town":"真庭"}],"2200":[{"pref":"宮城県","city":"亘理郡山元町","town":"以下に掲載がない場合"}],"2201":[{"pref":"宮城県","city":"亘理郡山元町","town":"山寺"}],"2202":[{"pref":"宮城県","city":"亘理郡山元町","town":"高瀬"}],"2203":[{"pref":"宮城県","city":"亘理郡山元町","town":"浅生原"}],"2204":[{"pref":"宮城県","city":"亘理郡山元町","town":"鷲足"}],"2205":[{"pref":"宮城県","city":"亘理郡山元町","town":"小平"}],"2206":[{"pref":"宮城県","city":"亘理郡山元町","town":"大平"}],"2207":[{"pref":"宮城県","city":"亘理郡山元町","town":"八手庭"}],"2208":[{"pref":"宮城県","city":"亘理郡山元町","town":"つばめの杜"}],"2300":[{"pref":"宮城県","city":"亘理郡亘理町","town":"以下に掲載がない場合"}],"2301":[{"pref":"宮城県","city":"亘理郡亘理町","town":"逢隈中泉"}],"2302":[{"pref":"宮城県","city":"亘理郡亘理町","town":"逢隈牛袋"}],"2303":[{"pref":"宮城県","city":"亘理郡亘理町","town":"逢隈十文字"}],"2311":[{"pref":"宮城県","city":"亘理郡亘理町","town":"荒浜"}],"2321":[{"pref":"宮城県","city":"亘理郡亘理町","town":"逢隈榎袋"}],"2322":[{"pref":"宮城県","city":"亘理郡亘理町","town":"逢隈蕨"}],"2323":[{"pref":"宮城県","city":"亘理郡亘理町","town":"逢隈鷺屋"}],"2324":[{"pref":"宮城県","city":"亘理郡亘理町","town":"逢隈高屋"}],"2325":[{"pref":"宮城県","city":"亘理郡亘理町","town":"花苺"}],"2331":[{"pref":"宮城県","city":"亘理郡亘理町","town":"吉田"}],"2332":[{"pref":"宮城県","city":"亘理郡亘理町","town":"苺浜"}],"2333":[{"pref":"宮城県","city":"亘理郡亘理町","town":"苺里"}],"2341":[{"pref":"宮城県","city":"亘理郡亘理町","town":"長瀞"}],"2351":[{"pref":"宮城県","city":"亘理郡亘理町","town":"旭"},{"pref":"宮城県","city":"亘理郡亘理町","town":"旭山"},{"pref":"宮城県","city":"亘理郡亘理町","town":"油田"},{"pref":"宮城県","city":"亘理郡亘理町","town":"五日町"},{"pref":"宮城県","city":"亘理郡亘理町","town":"祝田"},{"pref":"宮城県","city":"亘理郡亘理町","town":"裏城戸"},{"pref":"宮城県","city":"亘理郡亘理町","town":"江下"},{"pref":"宮城県","city":"亘理郡亘理町","town":"上中野地"},{"pref":"宮城県","city":"亘理郡亘理町","town":"上浜街道"},{"pref":"宮城県","city":"亘理郡亘理町","town":"上茨田"},{"pref":"宮城県","city":"亘理郡亘理町","town":"亀井戸"},{"pref":"宮城県","city":"亘理郡亘理町","town":"上町"},{"pref":"宮城県","city":"亘理郡亘理町","town":"北新田"},{"pref":"宮城県","city":"亘理郡亘理町","town":"北新町"},{"pref":"宮城県","city":"亘理郡亘理町","town":"狐塚"},{"pref":"宮城県","city":"亘理郡亘理町","town":"旧舘"},{"pref":"宮城県","city":"亘理郡亘理町","town":"境堤"},{"pref":"宮城県","city":"亘理郡亘理町","town":"桜小路"},{"pref":"宮城県","city":"亘理郡亘理町","town":"芝西"},{"pref":"宮城県","city":"亘理郡亘理町","town":"下小路"},{"pref":"宮城県","city":"亘理郡亘理町","town":"下浜街道"},{"pref":"宮城県","city":"亘理郡亘理町","town":"下茨田"},{"pref":"宮城県","city":"亘理郡亘理町","town":"新町"},{"pref":"宮城県","city":"亘理郡亘理町","town":"台田"},{"pref":"宮城県","city":"亘理郡亘理町","town":"道田中"},{"pref":"宮城県","city":"亘理郡亘理町","town":"道田東"},{"pref":"宮城県","city":"亘理郡亘理町","town":"道田西"},{"pref":"宮城県","city":"亘理郡亘理町","town":"中町"},{"pref":"宮城県","city":"亘理郡亘理町","town":"中町東"},{"pref":"宮城県","city":"亘理郡亘理町","town":"新井町"},{"pref":"宮城県","city":"亘理郡亘理町","town":"西郷"},{"pref":"宮城県","city":"亘理郡亘理町","town":"茨田後"},{"pref":"宮城県","city":"亘理郡亘理町","town":"東郷"},{"pref":"宮城県","city":"亘理郡亘理町","town":"見田内"},{"pref":"宮城県","city":"亘理郡亘理町","town":"南町"},{"pref":"宮城県","city":"亘理郡亘理町","town":"南町東"}],"2352":[{"pref":"宮城県","city":"亘理郡亘理町","town":"悠里"}],"2361":[{"pref":"宮城県","city":"亘理郡亘理町","town":"愛宕前"},{"pref":"宮城県","city":"亘理郡亘理町","town":"泉ケ入"},{"pref":"宮城県","city":"亘理郡亘理町","town":"北猿田"},{"pref":"宮城県","city":"亘理郡亘理町","town":"倉庭"},{"pref":"宮城県","city":"亘理郡亘理町","town":"先達前"},{"pref":"宮城県","city":"亘理郡亘理町","town":"舘南"},{"pref":"宮城県","city":"亘理郡亘理町","town":"鳥居前"},{"pref":"宮城県","city":"亘理郡亘理町","town":"沼頭"},{"pref":"宮城県","city":"亘理郡亘理町","town":"卑下入"},{"pref":"宮城県","city":"亘理郡亘理町","town":"堀の内"},{"pref":"宮城県","city":"亘理郡亘理町","town":"雪穴"},{"pref":"宮城県","city":"亘理郡亘理町","town":"龍円寺前"}],"2371":[{"pref":"宮城県","city":"亘理郡亘理町","town":"逢隈鹿島"}],"2372":[{"pref":"宮城県","city":"亘理郡亘理町","town":"逢隈神宮寺"}],"2381":[{"pref":"宮城県","city":"亘理郡亘理町","town":"逢隈上郡"}],"2382":[{"pref":"宮城県","city":"亘理郡亘理町","town":"逢隈下郡"}],"2383":[{"pref":"宮城県","city":"亘理郡亘理町","town":"逢隈田沢"}],"2384":[{"pref":"宮城県","city":"亘理郡亘理町","town":"逢隈小山"}],"2385":[{"pref":"宮城県","city":"亘理郡亘理町","town":"逢隈（郡）"}],"2400":[{"pref":"宮城県","city":"岩沼市","town":"以下に掲載がない場合"}],"2401":[{"pref":"宮城県","city":"名取市","town":"下増田（南原無番地、仙台空港関係施設）"}],"2411":[{"pref":"宮城県","city":"名取市","town":"本郷"}],"2412":[{"pref":"宮城県","city":"名取市","town":"堀内"}],"2420":[{"pref":"宮城県","city":"岩沼市","town":"空港西"}],"2421":[{"pref":"宮城県","city":"岩沼市","town":"下野郷"}],"2422":[{"pref":"宮城県","city":"岩沼市","town":"空港南"}],"2423":[{"pref":"宮城県","city":"岩沼市","town":"押分"}],"2424":[{"pref":"宮城県","city":"岩沼市","town":"早股"}],"2425":[{"pref":"宮城県","city":"岩沼市","town":"寺島"}],"2426":[{"pref":"宮城県","city":"岩沼市","town":"末広"}],"2427":[{"pref":"宮城県","city":"岩沼市","town":"里の杜"}],"2428":[{"pref":"宮城県","city":"岩沼市","town":"玉浦西"}],"2429":[{"pref":"宮城県","city":"岩沼市","town":"恵み野"}],"2431":[{"pref":"宮城県","city":"岩沼市","town":"相の原"}],"2432":[{"pref":"宮城県","city":"岩沼市","town":"中央"}],"2433":[{"pref":"宮城県","city":"岩沼市","town":"桜"}],"2434":[{"pref":"宮城県","city":"岩沼市","town":"藤浪"}],"2435":[{"pref":"宮城県","city":"岩沼市","town":"阿武隈"}],"2436":[{"pref":"宮城県","city":"岩沼市","town":"吹上"}],"2437":[{"pref":"宮城県","city":"岩沼市","town":"吹上西"}],"2441":[{"pref":"宮城県","city":"岩沼市","town":"館下"}],"2442":[{"pref":"宮城県","city":"岩沼市","town":"大手町"}],"2443":[{"pref":"宮城県","city":"岩沼市","town":"稲荷町"}],"2444":[{"pref":"宮城県","city":"岩沼市","town":"本町"}],"2445":[{"pref":"宮城県","city":"岩沼市","town":"桑原"}],"2446":[{"pref":"宮城県","city":"岩沼市","town":"西六角"}],"2447":[{"pref":"宮城県","city":"岩沼市","town":"桑原西"}],"2448":[{"pref":"宮城県","city":"岩沼市","town":"二木"}],"2451":[{"pref":"宮城県","city":"岩沼市","town":"土ケ崎"}],"2452":[{"pref":"宮城県","city":"岩沼市","town":"武隈"}],"2453":[{"pref":"宮城県","city":"岩沼市","town":"大昭和"}],"2454":[{"pref":"宮城県","city":"岩沼市","town":"南長谷"}],"2455":[{"pref":"宮城県","city":"岩沼市","town":"北長谷"}],"2456":[{"pref":"宮城県","city":"岩沼市","town":"松ケ丘"}],"2457":[{"pref":"宮城県","city":"岩沼市","town":"平等"}],"2458":[{"pref":"宮城県","city":"岩沼市","town":"竹の里"}],"2459":[{"pref":"宮城県","city":"岩沼市","town":"たけくま"}],"2461":[{"pref":"宮城県","city":"岩沼市","town":"長岡"}],"2462":[{"pref":"宮城県","city":"岩沼市","town":"山桜"}],"2463":[{"pref":"宮城県","city":"岩沼市","town":"荒井"}],"2464":[{"pref":"宮城県","city":"岩沼市","town":"三色吉"}],"2465":[{"pref":"宮城県","city":"岩沼市","town":"志賀"}],"2471":[{"pref":"宮城県","city":"岩沼市","town":"小川"}],"2472":[{"pref":"宮城県","city":"岩沼市","town":"梶橋"}],"2473":[{"pref":"宮城県","city":"岩沼市","town":"栄町"}],"2474":[{"pref":"宮城県","city":"岩沼市","town":"朝日"}],"2475":[{"pref":"宮城県","city":"岩沼市","town":"大和"}],"2476":[{"pref":"宮城県","city":"岩沼市","town":"敷島"}],"2477":[{"pref":"宮城県","city":"岩沼市","town":"東谷地"}],"2478":[{"pref":"宮城県","city":"岩沼市","town":"あさひ野"}],"3121":[{"pref":"宮城県","city":"仙台市青葉区","town":"郷六"}],"3122":[{"pref":"宮城県","city":"仙台市青葉区","town":"栗生"}],"3123":[{"pref":"宮城県","city":"仙台市青葉区","town":"錦ケ丘"}],"3124":[{"pref":"宮城県","city":"仙台市青葉区","town":"上愛子"}],"3125":[{"pref":"宮城県","city":"仙台市青葉区","town":"下愛子"}],"3126":[{"pref":"宮城県","city":"仙台市青葉区","town":"落合"}],"3127":[{"pref":"宮城県","city":"仙台市青葉区","town":"愛子東"}],"3128":[{"pref":"宮城県","city":"仙台市青葉区","town":"愛子中央"}],"3201":[{"pref":"宮城県","city":"仙台市青葉区","town":"国見ケ丘"}],"3202":[{"pref":"宮城県","city":"仙台市青葉区","town":"中山台"}],"3203":[{"pref":"宮城県","city":"仙台市青葉区","town":"中山吉成"}],"3204":[{"pref":"宮城県","city":"仙台市青葉区","town":"南吉成"}],"3205":[{"pref":"宮城県","city":"仙台市青葉区","town":"吉成"}],"3206":[{"pref":"宮城県","city":"仙台市青葉区","town":"吉成台"}],"3207":[{"pref":"宮城県","city":"仙台市青葉区","town":"中山台西"}],"3211":[{"pref":"宮城県","city":"仙台市青葉区","town":"赤坂"}],"3212":[{"pref":"宮城県","city":"仙台市青葉区","town":"芋沢"}],"3213":[{"pref":"宮城県","city":"仙台市青葉区","town":"大倉"}],"3214":[{"pref":"宮城県","city":"仙台市青葉区","town":"みやぎ台"}],"3215":[{"pref":"宮城県","city":"仙台市青葉区","town":"向田"}],"3216":[{"pref":"宮城県","city":"仙台市青葉区","town":"高野原"}],"3431":[{"pref":"宮城県","city":"仙台市青葉区","town":"作並"}],"3432":[{"pref":"宮城県","city":"仙台市青葉区","town":"熊ケ根"}],"3433":[{"pref":"宮城県","city":"仙台市青葉区","town":"ニツカ"}],"3434":[{"pref":"宮城県","city":"仙台市青葉区","town":"新川"}],"4101":[{"pref":"宮城県","city":"大崎市","town":"鹿島台船越"}],"4102":[{"pref":"宮城県","city":"大崎市","town":"鹿島台木間塚"}],"4103":[{"pref":"宮城県","city":"大崎市","town":"鹿島台平渡"}],"4104":[{"pref":"宮城県","city":"大崎市","town":"鹿島台広長"}],"4105":[{"pref":"宮城県","city":"大崎市","town":"鹿島台深谷"}],"4106":[{"pref":"宮城県","city":"大崎市","town":"鹿島台大迫"}],"4201":[{"pref":"宮城県","city":"遠田郡美里町","town":"和多田沼"}],"4202":[{"pref":"宮城県","city":"遠田郡美里町","town":"福ケ袋"}],"4203":[{"pref":"宮城県","city":"遠田郡美里町","town":"練牛"}],"4204":[{"pref":"宮城県","city":"遠田郡美里町","town":"大柳"}],"4205":[{"pref":"宮城県","city":"遠田郡美里町","town":"木間塚"}],"4206":[{"pref":"宮城県","city":"遠田郡美里町","town":"二郷"}],"4207":[{"pref":"宮城県","city":"遠田郡美里町","town":"鳥谷坂一"}],"4208":[{"pref":"宮城県","city":"遠田郡美里町","town":"鳥谷坂二"}],"4209":[{"pref":"宮城県","city":"遠田郡美里町","town":"新鳥谷坂"}],"4301":[{"pref":"宮城県","city":"大崎市","town":"田尻蕪栗"}],"4302":[{"pref":"宮城県","city":"大崎市","town":"田尻大貫"}],"4303":[{"pref":"宮城県","city":"大崎市","town":"田尻大沢"}],"4304":[{"pref":"宮城県","city":"大崎市","town":"田尻北小牛田"}],"4305":[{"pref":"宮城県","city":"大崎市","town":"田尻小塩"}],"4306":[{"pref":"宮城県","city":"大崎市","town":"田尻桜田高野"}],"4307":[{"pref":"宮城県","city":"大崎市","town":"田尻北高城"}],"4308":[{"pref":"宮城県","city":"大崎市","town":"田尻沼部"}],"4411":[{"pref":"宮城県","city":"大崎市","town":"田尻八幡"}],"4412":[{"pref":"宮城県","city":"大崎市","town":"田尻大嶺"}],"4413":[{"pref":"宮城県","city":"大崎市","town":"田尻通木"}],"4414":[{"pref":"宮城県","city":"大崎市","town":"田尻北牧目"}],"4415":[{"pref":"宮城県","city":"大崎市","town":"田尻"}],"4416":[{"pref":"宮城県","city":"大崎市","town":"田尻中目"}],"4417":[{"pref":"宮城県","city":"大崎市","town":"田尻沼木"}],"4418":[{"pref":"宮城県","city":"大崎市","town":"田尻諏訪峠"}],"4419":[{"pref":"宮城県","city":"大崎市","town":"田尻小松"}],"4503":[{"pref":"宮城県","city":"栗原市","town":"瀬峰力石"}],"4504":[{"pref":"宮城県","city":"栗原市","town":"瀬峰小深沢"}],"4505":[{"pref":"宮城県","city":"栗原市","town":"瀬峰刈安沢"}],"4506":[{"pref":"宮城県","city":"栗原市","town":"瀬峰清水沢"}],"4507":[{"pref":"宮城県","city":"栗原市","town":"瀬峰西原"}],"4508":[{"pref":"宮城県","city":"栗原市","town":"瀬峰柴ノ脇"}],"4509":[{"pref":"宮城県","city":"栗原市","town":"瀬峰大鰐谷"}],"4510":[{"pref":"宮城県","city":"栗原市","town":"瀬峰新下藤沢"}],"4511":[{"pref":"宮城県","city":"栗原市","town":"瀬峰新田沢"}],"4512":[{"pref":"宮城県","city":"栗原市","town":"瀬峰下藤沢"}],"4513":[{"pref":"宮城県","city":"栗原市","town":"瀬峰根岸"}],"4514":[{"pref":"宮城県","city":"栗原市","town":"瀬峰桃生田前"}],"4515":[{"pref":"宮城県","city":"栗原市","town":"瀬峰桃生田"}],"4516":[{"pref":"宮城県","city":"栗原市","town":"瀬峰長者原"}],"4517":[{"pref":"宮城県","city":"栗原市","town":"瀬峰藤沢瀬嶺"}],"4518":[{"pref":"宮城県","city":"栗原市","town":"瀬峰荒神堂"}],"4519":[{"pref":"宮城県","city":"栗原市","town":"瀬峰横森前"}],"4521":[{"pref":"宮城県","city":"栗原市","town":"瀬峰下田"}],"4522":[{"pref":"宮城県","city":"栗原市","town":"瀬峰下の前"}],"4523":[{"pref":"宮城県","city":"栗原市","town":"瀬峰北谷地"}],"4524":[{"pref":"宮城県","city":"栗原市","town":"瀬峰藤田"}],"4525":[{"pref":"宮城県","city":"栗原市","town":"瀬峰下谷地"}],"4526":[{"pref":"宮城県","city":"栗原市","town":"瀬峰宮小路原西"}],"4527":[{"pref":"宮城県","city":"栗原市","town":"瀬峰宮小路原東"}],"4528":[{"pref":"宮城県","city":"栗原市","town":"瀬峰山崎前"}],"4529":[{"pref":"宮城県","city":"栗原市","town":"瀬峰新下田"}],"4531":[{"pref":"宮城県","city":"栗原市","town":"瀬峰筒ケ崎"}],"4532":[{"pref":"宮城県","city":"栗原市","town":"瀬峰樋口山"}],"4533":[{"pref":"宮城県","city":"栗原市","town":"瀬峰愛宕"}],"4534":[{"pref":"宮城県","city":"栗原市","town":"瀬峰泉谷"}],"4535":[{"pref":"宮城県","city":"栗原市","town":"瀬峰泉谷南"}],"4536":[{"pref":"宮城県","city":"栗原市","town":"瀬峰壇ノ越"}],"4537":[{"pref":"宮城県","city":"栗原市","town":"瀬峰船橋"}],"4538":[{"pref":"宮城県","city":"栗原市","town":"瀬峰諏訪原"}],"4539":[{"pref":"宮城県","city":"栗原市","town":"瀬峰二ツ谷"}],"4540":[{"pref":"宮城県","city":"栗原市","town":"瀬峰牛渕前"}],"4541":[{"pref":"宮城県","city":"栗原市","town":"瀬峰牛渕"}],"4542":[{"pref":"宮城県","city":"栗原市","town":"瀬峰新井堀"}],"4543":[{"pref":"宮城県","city":"栗原市","town":"瀬峰新井屋敷"}],"4544":[{"pref":"宮城県","city":"栗原市","town":"瀬峰除"}],"4545":[{"pref":"宮城県","city":"栗原市","town":"瀬峰伊勢堂"}],"4546":[{"pref":"宮城県","city":"栗原市","town":"瀬峰四ツ壇"}],"4547":[{"pref":"宮城県","city":"栗原市","town":"瀬峰神田"}],"4548":[{"pref":"宮城県","city":"栗原市","town":"瀬峰長根"}],"4549":[{"pref":"宮城県","city":"栗原市","town":"瀬峰荒町"}],"4551":[{"pref":"宮城県","city":"栗原市","town":"瀬峰三代"}],"4552":[{"pref":"宮城県","city":"栗原市","town":"瀬峰宮田"}],"4553":[{"pref":"宮城県","city":"栗原市","town":"瀬峰二又"}],"4554":[{"pref":"宮城県","city":"栗原市","town":"瀬峰原田"}],"4555":[{"pref":"宮城県","city":"栗原市","town":"瀬峰野沢"}],"4556":[{"pref":"宮城県","city":"栗原市","town":"瀬峰袋沢"}],"4557":[{"pref":"宮城県","city":"栗原市","town":"瀬峰上沢田"}],"4560":[{"pref":"宮城県","city":"栗原市","town":"瀬峰新道東"}],"4561":[{"pref":"宮城県","city":"栗原市","town":"瀬峰樋渡"}],"4562":[{"pref":"宮城県","city":"栗原市","town":"瀬峰川ノ畑"}],"4563":[{"pref":"宮城県","city":"栗原市","town":"瀬峰上富前"}],"4564":[{"pref":"宮城県","city":"栗原市","town":"瀬峰谷地田"}],"4565":[{"pref":"宮城県","city":"栗原市","town":"瀬峰天神下"}],"4566":[{"pref":"宮城県","city":"栗原市","town":"瀬峰上屋敷"}],"4567":[{"pref":"宮城県","city":"栗原市","town":"瀬峰西原前"}],"4568":[{"pref":"宮城県","city":"栗原市","town":"瀬峰大屋敷"}],"4569":[{"pref":"宮城県","city":"栗原市","town":"瀬峰筒場"}],"4570":[{"pref":"宮城県","city":"栗原市","town":"瀬峰町田前"}],"4571":[{"pref":"宮城県","city":"栗原市","town":"瀬峰寺沢"}],"4572":[{"pref":"宮城県","city":"栗原市","town":"瀬峰寺浦"}],"4573":[{"pref":"宮城県","city":"栗原市","town":"瀬峰十王堂前"}],"4574":[{"pref":"宮城県","city":"栗原市","town":"瀬峰北ノ沢"}],"4575":[{"pref":"宮城県","city":"栗原市","town":"瀬峰町田"}],"4576":[{"pref":"宮城県","city":"栗原市","town":"瀬峰高土山"}],"4577":[{"pref":"宮城県","city":"栗原市","town":"瀬峰薬沢西"}],"4578":[{"pref":"宮城県","city":"栗原市","town":"瀬峰薬沢東"}],"4579":[{"pref":"宮城県","city":"栗原市","town":"瀬峰橋本浦"}],"4580":[{"pref":"宮城県","city":"栗原市","town":"瀬峰大境前"}],"4581":[{"pref":"宮城県","city":"栗原市","town":"瀬峰藤沢要害"}],"4582":[{"pref":"宮城県","city":"栗原市","town":"瀬峰坂ノ下浦"}],"4583":[{"pref":"宮城県","city":"栗原市","town":"瀬峰大境山"}],"4584":[{"pref":"宮城県","city":"栗原市","town":"瀬峰清水山"}],"4585":[{"pref":"宮城県","city":"栗原市","town":"瀬峰坂ノ下前北"}],"4586":[{"pref":"宮城県","city":"栗原市","town":"瀬峰蔵王"}],"4587":[{"pref":"宮城県","city":"栗原市","town":"瀬峰薬師堂前"}],"4588":[{"pref":"宮城県","city":"栗原市","town":"瀬峰蒲盛"}],"4589":[{"pref":"宮城県","city":"栗原市","town":"瀬峰富要害"}],"4601":[{"pref":"宮城県","city":"登米市","town":"迫町新田"}],"4701":[{"pref":"宮城県","city":"登米市","town":"石越町北郷"}],"4702":[{"pref":"宮城県","city":"登米市","town":"石越町東郷"}],"4703":[{"pref":"宮城県","city":"登米市","town":"石越町南郷"}],"4802":[{"pref":"宮城県","city":"栗原市","town":"金成末野"}],"4803":[{"pref":"宮城県","city":"栗原市","town":"金成藤渡戸"}],"4805":[{"pref":"宮城県","city":"栗原市","town":"金成片馬合"}],"4806":[{"pref":"宮城県","city":"栗原市","town":"金成有壁"}],"4807":[{"pref":"宮城県","city":"栗原市","town":"金成赤児"}],"4808":[{"pref":"宮城県","city":"栗原市","town":"金成普賢堂"}],"5111":[{"pref":"宮城県","city":"栗原市","town":"金成日向"}],"5112":[{"pref":"宮城県","city":"栗原市","town":"金成宇南崎"}],"5113":[{"pref":"宮城県","city":"栗原市","town":"金成宮前"}],"5114":[{"pref":"宮城県","city":"栗原市","town":"金成下富田"}],"5115":[{"pref":"宮城県","city":"栗原市","town":"金成上富田"}],"5116":[{"pref":"宮城県","city":"栗原市","town":"金成大梨"}],"5117":[{"pref":"宮城県","city":"栗原市","town":"金成柧木沢"}],"5118":[{"pref":"宮城県","city":"栗原市","town":"金成入ノ沢"}],"5119":[{"pref":"宮城県","city":"栗原市","town":"金成狼ノ沢"}],"5121":[{"pref":"宮城県","city":"栗原市","town":"金成大平"}],"5122":[{"pref":"宮城県","city":"栗原市","town":"金成三沢"}],"5123":[{"pref":"宮城県","city":"栗原市","town":"金成平治屋敷"}],"5124":[{"pref":"宮城県","city":"栗原市","town":"金成山中堤下"}],"5125":[{"pref":"宮城県","city":"栗原市","town":"金成大林寺沢"}],"5126":[{"pref":"宮城県","city":"栗原市","town":"金成鍔ノ瓦"}],"5127":[{"pref":"宮城県","city":"栗原市","town":"金成稲荷前"}],"5128":[{"pref":"宮城県","city":"栗原市","town":"金成金山沢"}],"5130":[{"pref":"宮城県","city":"栗原市","town":"金成清水田"}],"5131":[{"pref":"宮城県","city":"栗原市","town":"金成日向田"}],"5132":[{"pref":"宮城県","city":"栗原市","town":"金成干谷沢"}],"5133":[{"pref":"宮城県","city":"栗原市","town":"金成新町"}],"5134":[{"pref":"宮城県","city":"栗原市","town":"金成新町裏"}],"5135":[{"pref":"宮城県","city":"栗原市","town":"金成台畑"}],"5136":[{"pref":"宮城県","city":"栗原市","town":"金成熊ノ下"}],"5137":[{"pref":"宮城県","city":"栗原市","town":"金成髪長"}],"5138":[{"pref":"宮城県","city":"栗原市","town":"金成翁沢"}],"5139":[{"pref":"宮城県","city":"栗原市","town":"金成黄金田"}],"5141":[{"pref":"宮城県","city":"栗原市","town":"金成翁留"}],"5142":[{"pref":"宮城県","city":"栗原市","town":"金成入生田"}],"5143":[{"pref":"宮城県","city":"栗原市","town":"金成奉公田"}],"5144":[{"pref":"宮城県","city":"栗原市","town":"金成中町"}],"5145":[{"pref":"宮城県","city":"栗原市","town":"金成中町西裏"}],"5146":[{"pref":"宮城県","city":"栗原市","town":"金成祝"}],"5151":[{"pref":"宮城県","city":"栗原市","town":"金成桜町"}],"5152":[{"pref":"宮城県","city":"栗原市","town":"金成四ツ屋敷"}],"5153":[{"pref":"宮城県","city":"栗原市","town":"金成上町東裏"}],"5154":[{"pref":"宮城県","city":"栗原市","town":"金成上町"}],"5155":[{"pref":"宮城県","city":"栗原市","town":"金成上町西裏"}],"5161":[{"pref":"宮城県","city":"栗原市","town":"金成館下"}],"5162":[{"pref":"宮城県","city":"栗原市","town":"金成長根沢"}],"5163":[{"pref":"宮城県","city":"栗原市","town":"金成大久保沢"}],"5164":[{"pref":"宮城県","city":"栗原市","town":"金成金生"}],"5165":[{"pref":"宮城県","city":"栗原市","town":"金成長館"}],"5166":[{"pref":"宮城県","city":"栗原市","town":"金成長根前"}],"5171":[{"pref":"宮城県","city":"栗原市","town":"金成沢辺"}],"5172":[{"pref":"宮城県","city":"栗原市","town":"金成姉歯"}],"5173":[{"pref":"宮城県","city":"栗原市","town":"金成梨崎"}],"5181":[{"pref":"宮城県","city":"栗原市","town":"金成津久毛"}],"5183":[{"pref":"宮城県","city":"栗原市","town":"金成小堤"}],"5184":[{"pref":"宮城県","city":"栗原市","town":"金成小迫"}],"5185":[{"pref":"宮城県","city":"栗原市","town":"金成大原木"}],"5301":[{"pref":"宮城県","city":"栗原市","town":"栗駒岩ケ崎"}],"5311":[{"pref":"宮城県","city":"栗原市","town":"栗駒里谷"}],"5312":[{"pref":"宮城県","city":"栗原市","town":"栗駒猿飛来"}],"5321":[{"pref":"宮城県","city":"栗原市","town":"栗駒栗原"}],"5322":[{"pref":"宮城県","city":"栗原市","town":"栗駒桜田"}],"5323":[{"pref":"宮城県","city":"栗原市","town":"栗駒菱沼"}],"5324":[{"pref":"宮城県","city":"栗原市","town":"栗駒八幡"}],"5331":[{"pref":"宮城県","city":"栗原市","town":"栗駒泉沢"}],"5332":[{"pref":"宮城県","city":"栗原市","town":"栗駒芋埣"}],"5333":[{"pref":"宮城県","city":"栗原市","town":"栗駒片子沢"}],"5334":[{"pref":"宮城県","city":"栗原市","town":"栗駒嶺崎"}],"5335":[{"pref":"宮城県","city":"栗原市","town":"栗駒渡丸"}],"5341":[{"pref":"宮城県","city":"栗原市","town":"栗駒稲屋敷"}],"5351":[{"pref":"宮城県","city":"栗原市","town":"栗駒中野"}],"5361":[{"pref":"宮城県","city":"栗原市","town":"栗駒文字"}],"5371":[{"pref":"宮城県","city":"栗原市","town":"栗駒沼倉"}],"5372":[{"pref":"宮城県","city":"栗原市","town":"栗駒松倉"}],"5381":[{"pref":"宮城県","city":"栗原市","town":"栗駒鳥沢"}],"5382":[{"pref":"宮城県","city":"栗原市","town":"栗駒深谷"}],"5401":[{"pref":"宮城県","city":"栗原市","town":"鶯沢袋"}],"5402":[{"pref":"宮城県","city":"栗原市","town":"鶯沢南郷"}],"5403":[{"pref":"宮城県","city":"栗原市","town":"鶯沢北郷"}],"5501":[{"pref":"宮城県","city":"栗原市","town":"若柳川北"}],"5502":[{"pref":"宮城県","city":"栗原市","town":"若柳川南"}],"5503":[{"pref":"宮城県","city":"栗原市","town":"若柳下畑岡"}],"5504":[{"pref":"宮城県","city":"栗原市","town":"若柳上畑岡"}],"5505":[{"pref":"宮城県","city":"栗原市","town":"若柳福岡"}],"5506":[{"pref":"宮城県","city":"栗原市","town":"若柳大林"}],"5507":[{"pref":"宮城県","city":"栗原市","town":"若柳有賀"}],"5508":[{"pref":"宮城県","city":"栗原市","town":"若柳武鎗"}],"5509":[{"pref":"宮城県","city":"栗原市","town":"若柳大林新寺浦"}],"5601":[{"pref":"宮城県","city":"栗原市","town":"志波姫刈敷"}],"5602":[{"pref":"宮城県","city":"栗原市","town":"志波姫城内南"}],"5603":[{"pref":"宮城県","city":"栗原市","town":"志波姫伊豆野"}],"5604":[{"pref":"宮城県","city":"栗原市","town":"志波姫大門南"}],"5605":[{"pref":"宮城県","city":"栗原市","town":"志波姫北郷"}],"5606":[{"pref":"宮城県","city":"栗原市","town":"志波姫荒町南"}],"5607":[{"pref":"宮城県","city":"栗原市","town":"志波姫蔵場南"}],"5608":[{"pref":"宮城県","city":"栗原市","town":"志波姫荒町北"}],"5609":[{"pref":"宮城県","city":"栗原市","town":"志波姫花崎西"}],"5610":[{"pref":"宮城県","city":"栗原市","town":"志波姫要害東"}],"5611":[{"pref":"宮城県","city":"栗原市","town":"志波姫南郷"}],"5612":[{"pref":"宮城県","city":"栗原市","town":"志波姫新熊谷"}],"5613":[{"pref":"宮城県","city":"栗原市","town":"志波姫新沼崎"}],"5614":[{"pref":"宮城県","city":"栗原市","town":"志波姫新原"}],"5615":[{"pref":"宮城県","city":"栗原市","town":"志波姫沼崎"}],"5616":[{"pref":"宮城県","city":"栗原市","town":"志波姫新上戸"}],"5617":[{"pref":"宮城県","city":"栗原市","town":"志波姫新橋本"}],"5618":[{"pref":"宮城県","city":"栗原市","town":"志波姫新八樟"}],"5619":[{"pref":"宮城県","city":"栗原市","town":"志波姫横峰浦"}],"5621":[{"pref":"宮城県","city":"栗原市","town":"志波姫下里"}],"5622":[{"pref":"宮城県","city":"栗原市","town":"志波姫八樟"}],"5623":[{"pref":"宮城県","city":"栗原市","town":"志波姫南八樟"}],"5624":[{"pref":"宮城県","city":"栗原市","town":"志波姫南堀口"}],"5625":[{"pref":"宮城県","city":"栗原市","town":"志波姫堀口"}],"5626":[{"pref":"宮城県","city":"栗原市","town":"志波姫中沖"}],"5627":[{"pref":"宮城県","city":"栗原市","town":"志波姫北堀口"}],"6100":[{"pref":"宮城県","city":"大崎市","town":"以下に掲載がない場合"}],"6101":[{"pref":"宮城県","city":"大崎市","town":"古川福浦"}],"6102":[{"pref":"宮城県","city":"大崎市","town":"古川江合本町"}],"6103":[{"pref":"宮城県","city":"大崎市","town":"古川江合寿町"}],"6104":[{"pref":"宮城県","city":"大崎市","town":"古川江合錦町"}],"6105":[{"pref":"宮城県","city":"大崎市","town":"古川福沼"}],"6106":[{"pref":"宮城県","city":"大崎市","town":"古川幸町"}],"6111":[{"pref":"宮城県","city":"大崎市","town":"古川鶴ケ埣"}],"6112":[{"pref":"宮城県","city":"大崎市","town":"古川馬寄"}],"6113":[{"pref":"宮城県","city":"大崎市","town":"古川蓑口沼"}],"6114":[{"pref":"宮城県","city":"大崎市","town":"古川大幡"}],"6115":[{"pref":"宮城県","city":"大崎市","town":"古川駅東"}],"6116":[{"pref":"宮城県","city":"大崎市","town":"古川李埣"}],"6117":[{"pref":"宮城県","city":"大崎市","town":"古川旭"}],"6121":[{"pref":"宮城県","city":"大崎市","town":"古川深沼"}],"6122":[{"pref":"宮城県","city":"大崎市","town":"古川桑針"}],"6123":[{"pref":"宮城県","city":"大崎市","town":"古川下中目"}],"6124":[{"pref":"宮城県","city":"大崎市","town":"古川石森"}],"6125":[{"pref":"宮城県","city":"大崎市","town":"古川師山"}],"6126":[{"pref":"宮城県","city":"大崎市","town":"古川楡木"}],"6127":[{"pref":"宮城県","city":"大崎市","town":"古川宮内"}],"6128":[{"pref":"宮城県","city":"大崎市","town":"古川境野宮"}],"6131":[{"pref":"宮城県","city":"大崎市","town":"古川金五輪"}],"6132":[{"pref":"宮城県","city":"大崎市","town":"古川米袋"}],"6133":[{"pref":"宮城県","city":"大崎市","town":"古川西荒井"}],"6134":[{"pref":"宮城県","city":"大崎市","town":"古川米倉"}],"6135":[{"pref":"宮城県","city":"大崎市","town":"古川稲葉"}],"6136":[{"pref":"宮城県","city":"大崎市","town":"古川穂波"}],"6141":[{"pref":"宮城県","city":"大崎市","town":"古川南新町"}],"6142":[{"pref":"宮城県","city":"大崎市","town":"古川中島町"}],"6143":[{"pref":"宮城県","city":"大崎市","town":"古川中里"}],"6144":[{"pref":"宮城県","city":"大崎市","town":"古川小稲葉町"}],"6145":[{"pref":"宮城県","city":"大崎市","town":"古川北稲葉"}],"6151":[{"pref":"宮城県","city":"大崎市","town":"古川城西"}],"6152":[{"pref":"宮城県","city":"大崎市","town":"古川二ノ構"}],"6153":[{"pref":"宮城県","city":"大崎市","town":"古川七日町"}],"6154":[{"pref":"宮城県","city":"大崎市","town":"古川三日町"}],"6155":[{"pref":"宮城県","city":"大崎市","town":"古川南町"}],"6156":[{"pref":"宮城県","city":"大崎市","town":"古川西館"}],"6157":[{"pref":"宮城県","city":"大崎市","town":"古川栄町"}],"6161":[{"pref":"宮城県","city":"大崎市","town":"古川駅南"}],"6162":[{"pref":"宮城県","city":"大崎市","town":"古川駅前大通"}],"6163":[{"pref":"宮城県","city":"大崎市","town":"古川台町"}],"6164":[{"pref":"宮城県","city":"大崎市","town":"古川荒川小金町"}],"6165":[{"pref":"宮城県","city":"大崎市","town":"古川十日町"}],"6166":[{"pref":"宮城県","city":"大崎市","town":"古川東町"}],"6167":[{"pref":"宮城県","city":"大崎市","town":"古川川端"}],"6171":[{"pref":"宮城県","city":"大崎市","town":"古川北町"}],"6172":[{"pref":"宮城県","city":"大崎市","town":"古川前田町"}],"6173":[{"pref":"宮城県","city":"大崎市","town":"古川浦町"}],"6174":[{"pref":"宮城県","city":"大崎市","town":"古川千手寺町"}],"6175":[{"pref":"宮城県","city":"大崎市","town":"古川諏訪"}],"6201":[{"pref":"宮城県","city":"大崎市","town":"古川渋井"}],"6202":[{"pref":"宮城県","city":"大崎市","town":"古川上中目"}],"6203":[{"pref":"宮城県","city":"大崎市","town":"古川飯川"}],"6204":[{"pref":"宮城県","city":"大崎市","town":"古川矢目"}],"6205":[{"pref":"宮城県","city":"大崎市","town":"古川新沼"}],"6206":[{"pref":"宮城県","city":"大崎市","town":"古川中沢"}],"6207":[{"pref":"宮城県","city":"大崎市","town":"古川堤根"}],"6208":[{"pref":"宮城県","city":"大崎市","town":"古川引田"}],"6211":[{"pref":"宮城県","city":"大崎市","town":"古川斎下"}],"6212":[{"pref":"宮城県","city":"大崎市","town":"古川荒田目"}],"6213":[{"pref":"宮城県","city":"大崎市","town":"古川保柳"}],"6214":[{"pref":"宮城県","city":"大崎市","town":"古川新堀"}],"6215":[{"pref":"宮城県","city":"大崎市","town":"古川耳取"}],"6216":[{"pref":"宮城県","city":"大崎市","town":"古川柏崎"}],"6217":[{"pref":"宮城県","city":"大崎市","town":"古川南沢"}],"6221":[{"pref":"宮城県","city":"大崎市","town":"古川大宮"}],"6222":[{"pref":"宮城県","city":"大崎市","town":"古川若葉町"}],"6223":[{"pref":"宮城県","city":"大崎市","town":"古川"}],"6224":[{"pref":"宮城県","city":"大崎市","town":"古川小泉"}],"6225":[{"pref":"宮城県","city":"大崎市","town":"古川塚目"}],"6226":[{"pref":"宮城県","city":"大崎市","town":"古川新田"}],"6227":[{"pref":"宮城県","city":"大崎市","town":"古川大崎"}],"6228":[{"pref":"宮城県","city":"大崎市","town":"古川清水"}],"6231":[{"pref":"宮城県","city":"大崎市","town":"古川長岡"}],"6232":[{"pref":"宮城県","city":"大崎市","town":"古川沢田"}],"6233":[{"pref":"宮城県","city":"大崎市","town":"古川桜ノ目"}],"6234":[{"pref":"宮城県","city":"大崎市","town":"古川小林"}],"6235":[{"pref":"宮城県","city":"大崎市","town":"古川宮沢"}],"6236":[{"pref":"宮城県","city":"大崎市","town":"古川川熊"}],"6241":[{"pref":"宮城県","city":"大崎市","town":"古川清水沢"}],"6242":[{"pref":"宮城県","city":"大崎市","town":"古川北宮沢"}],"6243":[{"pref":"宮城県","city":"大崎市","town":"古川雨生沢"}],"6244":[{"pref":"宮城県","city":"大崎市","town":"古川清滝"}],"6251":[{"pref":"宮城県","city":"大崎市","town":"古川小野"}],"6252":[{"pref":"宮城県","city":"大崎市","town":"古川荒谷"}],"6253":[{"pref":"宮城県","city":"大崎市","town":"古川馬放"}],"6254":[{"pref":"宮城県","city":"大崎市","town":"古川狐塚"}],"6255":[{"pref":"宮城県","city":"大崎市","town":"古川休塚"}],"6261":[{"pref":"宮城県","city":"大崎市","town":"古川長岡針"}],"6262":[{"pref":"宮城県","city":"大崎市","town":"古川馬櫛"}],"6263":[{"pref":"宮城県","city":"大崎市","town":"古川下谷地"}],"6264":[{"pref":"宮城県","city":"大崎市","town":"古川上埣"}],"6265":[{"pref":"宮城県","city":"大崎市","town":"古川渕尻"}],"6266":[{"pref":"宮城県","city":"大崎市","town":"古川富長"}],"6301":[{"pref":"宮城県","city":"大崎市","town":"三本木桑折"}],"6302":[{"pref":"宮城県","city":"大崎市","town":"三本木上伊場野"}],"6303":[{"pref":"宮城県","city":"大崎市","town":"三本木伊場野"}],"6304":[{"pref":"宮城県","city":"大崎市","town":"三本木秋田"}],"6305":[{"pref":"宮城県","city":"大崎市","town":"三本木伊賀"}],"6306":[{"pref":"宮城県","city":"大崎市","town":"三本木新町"}],"6311":[{"pref":"宮城県","city":"大崎市","town":"三本木坂本"}],"6312":[{"pref":"宮城県","city":"大崎市","town":"三本木蟻ケ袋"}],"6313":[{"pref":"宮城県","city":"大崎市","town":"三本木音無"}],"6314":[{"pref":"宮城県","city":"大崎市","town":"三本木斉田"}],"6315":[{"pref":"宮城県","city":"大崎市","town":"三本木新沼"}],"6316":[{"pref":"宮城県","city":"大崎市","town":"三本木高柳"}],"6317":[{"pref":"宮城県","city":"大崎市","town":"三本木蒜袋"}],"6321":[{"pref":"宮城県","city":"大崎市","town":"三本木"}],"6322":[{"pref":"宮城県","city":"大崎市","town":"三本木南谷地"}],"6401":[{"pref":"宮城県","city":"大崎市","town":"岩出山（上真山、葛岡）"}],"6402":[{"pref":"宮城県","city":"大崎市","town":"岩出山（磯田、下真山）"}],"6403":[{"pref":"宮城県","city":"大崎市","town":"岩出山上野目"}],"6404":[{"pref":"宮城県","city":"大崎市","town":"岩出山下一栗"}],"6405":[{"pref":"宮城県","city":"大崎市","town":"岩出山池月"}],"6411":[{"pref":"宮城県","city":"大崎市","town":"岩出山船場"}],"6412":[{"pref":"宮城県","city":"大崎市","town":"岩出山下野目"}],"6413":[{"pref":"宮城県","city":"大崎市","town":"岩出山東川原町"}],"6414":[{"pref":"宮城県","city":"大崎市","town":"岩出山下川原"}],"6415":[{"pref":"宮城県","city":"大崎市","town":"岩出山東川原"}],"6421":[{"pref":"宮城県","city":"大崎市","town":"岩出山上中江"}],"6422":[{"pref":"宮城県","city":"大崎市","town":"岩出山重蔵"}],"6423":[{"pref":"宮城県","city":"大崎市","town":"岩出山前毘沙門"}],"6424":[{"pref":"宮城県","city":"大崎市","town":"岩出山丸山"}],"6425":[{"pref":"宮城県","city":"大崎市","town":"岩出山西御名掛"}],"6426":[{"pref":"宮城県","city":"大崎市","town":"岩出山東御名掛"}],"6431":[{"pref":"宮城県","city":"大崎市","town":"岩出山上川原南"}],"6432":[{"pref":"宮城県","city":"大崎市","town":"岩出山上川原北"}],"6433":[{"pref":"宮城県","city":"大崎市","town":"岩出山上川原町"}],"6434":[{"pref":"宮城県","city":"大崎市","town":"岩出山下川原町"}],"6435":[{"pref":"宮城県","city":"大崎市","town":"岩出山浦小路"}],"6436":[{"pref":"宮城県","city":"大崎市","town":"岩出山二ノ構"}],"6437":[{"pref":"宮城県","city":"大崎市","town":"岩出山城山"}],"6441":[{"pref":"宮城県","city":"大崎市","town":"岩出山通丁"}],"6442":[{"pref":"宮城県","city":"大崎市","town":"岩出山下金沢"}],"6443":[{"pref":"宮城県","city":"大崎市","town":"岩出山轟"}],"6444":[{"pref":"宮城県","city":"大崎市","town":"岩出山細峯"}],"6445":[{"pref":"宮城県","city":"大崎市","town":"岩出山南沢"}],"6446":[{"pref":"宮城県","city":"大崎市","town":"岩出山大学町"}],"6447":[{"pref":"宮城県","city":"大崎市","town":"岩出山上金沢"}],"6461":[{"pref":"宮城県","city":"大崎市","town":"岩出山松沢"}],"6462":[{"pref":"宮城県","city":"大崎市","town":"岩出山蛭沢"}],"6463":[{"pref":"宮城県","city":"大崎市","town":"岩出山木通沢"}],"6464":[{"pref":"宮城県","city":"大崎市","town":"岩出山下東昌寺沢"}],"6465":[{"pref":"宮城県","city":"大崎市","town":"岩出山上東昌寺沢"}],"6466":[{"pref":"宮城県","city":"大崎市","town":"岩出山保土沢"}],"6471":[{"pref":"宮城県","city":"大崎市","town":"岩出山（その他）"}],"6701":[{"pref":"宮城県","city":"栗原市","town":"花山草木沢上原"}],"6711":[{"pref":"宮城県","city":"大崎市","town":"鳴子温泉赤這"},{"pref":"宮城県","city":"大崎市","town":"鳴子温泉石ノ梅"},{"pref":"宮城県","city":"大崎市","town":"鳴子温泉入沢"},{"pref":"宮城県","city":"大崎市","town":"鳴子温泉上ノ原"},{"pref":"宮城県","city":"大崎市","town":"鳴子温泉上川原"},{"pref":"宮城県","city":"大崎市","town":"鳴子温泉通原"},{"pref":"宮城県","city":"大崎市","town":"鳴子温泉川渡"},{"pref":"宮城県","city":"大崎市","town":"鳴子温泉築沢"},{"pref":"宮城県","city":"大崎市","town":"鳴子温泉久田"},{"pref":"宮城県","city":"大崎市","town":"鳴子温泉沢"},{"pref":"宮城県","city":"大崎市","town":"鳴子温泉新田"},{"pref":"宮城県","city":"大崎市","town":"鳴子温泉新町下"},{"pref":"宮城県","city":"大崎市","town":"鳴子温泉玉ノ木"},{"pref":"宮城県","city":"大崎市","town":"鳴子温泉中野"},{"pref":"宮城県","city":"大崎市","town":"鳴子温泉沼井"},{"pref":"宮城県","city":"大崎市","town":"鳴子温泉馬場"},{"pref":"宮城県","city":"大崎市","town":"鳴子温泉原"},{"pref":"宮城県","city":"大崎市","town":"鳴子温泉町"},{"pref":"宮城県","city":"大崎市","town":"鳴子温泉町下"},{"pref":"宮城県","city":"大崎市","town":"鳴子温泉町西"},{"pref":"宮城県","city":"大崎市","town":"鳴子温泉要害"},{"pref":"宮城県","city":"大崎市","town":"鳴子温泉横山"},{"pref":"宮城県","city":"大崎市","town":"鳴子温泉蓬田"}],"6712":[{"pref":"宮城県","city":"大崎市","town":"鳴子温泉小身川原"},{"pref":"宮城県","city":"大崎市","town":"鳴子温泉川袋"},{"pref":"宮城県","city":"大崎市","town":"鳴子温泉木戸脇"},{"pref":"宮城県","city":"大崎市","town":"鳴子温泉黒崎"},{"pref":"宮城県","city":"大崎市","town":"鳴子温泉小室"},{"pref":"宮城県","city":"大崎市","town":"鳴子温泉小室山"},{"pref":"宮城県","city":"大崎市","town":"鳴子温泉境松"},{"pref":"宮城県","city":"大崎市","town":"鳴子温泉坂ノ上"},{"pref":"宮城県","city":"大崎市","town":"鳴子温泉沢目木"},{"pref":"宮城県","city":"大崎市","town":"鳴子温泉新小身川原"},{"pref":"宮城県","city":"大崎市","town":"鳴子温泉関口"},{"pref":"宮城県","city":"大崎市","town":"鳴子温泉大尺"},{"pref":"宮城県","city":"大崎市","town":"鳴子温泉滝岸"},{"pref":"宮城県","city":"大崎市","town":"鳴子温泉竹原"},{"pref":"宮城県","city":"大崎市","town":"鳴子温泉田中"},{"pref":"宮城県","city":"大崎市","town":"鳴子温泉月山"},{"pref":"宮城県","city":"大崎市","town":"鳴子温泉堤下"},{"pref":"宮城県","city":"大崎市","town":"鳴子温泉鶴田"},{"pref":"宮城県","city":"大崎市","town":"鳴子温泉天神"},{"pref":"宮城県","city":"大崎市","town":"鳴子温泉中道"},{"pref":"宮城県","city":"大崎市","town":"鳴子温泉野際"},{"pref":"宮城県","city":"大崎市","town":"鳴子温泉畑山"},{"pref":"宮城県","city":"大崎市","town":"鳴子温泉原崎"},{"pref":"宮城県","city":"大崎市","town":"鳴子温泉日向山"},{"pref":"宮城県","city":"大崎市","town":"鳴子温泉不動山"},{"pref":"宮城県","city":"大崎市","town":"鳴子温泉前森"},{"pref":"宮城県","city":"大崎市","town":"鳴子温泉前山"},{"pref":"宮城県","city":"大崎市","town":"鳴子温泉水沼"},{"pref":"宮城県","city":"大崎市","town":"鳴子温泉南山"},{"pref":"宮城県","city":"大崎市","town":"鳴子温泉山際"},{"pref":"宮城県","city":"大崎市","town":"鳴子温泉和田"}],"6801":[{"pref":"宮城県","city":"大崎市","town":"鳴子温泉末沢"}],"6802":[{"pref":"宮城県","city":"大崎市","town":"鳴子温泉末沢西"}],"6803":[{"pref":"宮城県","city":"大崎市","town":"鳴子温泉大畑"}],"6804":[{"pref":"宮城県","city":"大崎市","town":"鳴子温泉中屋敷"}],"6805":[{"pref":"宮城県","city":"大崎市","town":"鳴子温泉岩渕前"}],"6806":[{"pref":"宮城県","city":"大崎市","town":"鳴子温泉岩渕"}],"6807":[{"pref":"宮城県","city":"大崎市","town":"鳴子温泉見手野原"}],"6811":[{"pref":"宮城県","city":"大崎市","town":"鳴子温泉赤湯"},{"pref":"宮城県","city":"大崎市","town":"鳴子温泉鷲ノ巣"}],"6821":[{"pref":"宮城県","city":"大崎市","town":"鳴子温泉車湯"}],"6822":[{"pref":"宮城県","city":"大崎市","town":"鳴子温泉新屋敷"}],"6823":[{"pref":"宮城県","city":"大崎市","town":"鳴子温泉湯元"}],"6824":[{"pref":"宮城県","city":"大崎市","town":"鳴子温泉河原湯"}],"6825":[{"pref":"宮城県","city":"大崎市","town":"鳴子温泉上鳴子"}],"6826":[{"pref":"宮城県","city":"大崎市","town":"鳴子温泉古戸前"}],"6827":[{"pref":"宮城県","city":"大崎市","town":"鳴子温泉尿前"}],"6831":[{"pref":"宮城県","city":"大崎市","town":"鳴子温泉柳木"}],"6832":[{"pref":"宮城県","city":"大崎市","town":"鳴子温泉星沼"}],"6833":[{"pref":"宮城県","city":"大崎市","town":"鳴子温泉川端"}],"6834":[{"pref":"宮城県","city":"大崎市","town":"鳴子温泉西原"}],"6835":[{"pref":"宮城県","city":"大崎市","town":"鳴子温泉南原"}],"6836":[{"pref":"宮城県","city":"大崎市","town":"鳴子温泉焼石亦"}],"6837":[{"pref":"宮城県","city":"大崎市","town":"鳴子温泉南星沼"}],"6838":[{"pref":"宮城県","city":"大崎市","town":"鳴子温泉奥羽岳"}],"6941":[{"pref":"宮城県","city":"大崎市","town":"鳴子温泉鬼首"}],"0200":[{"pref":"宮城県","city":"白石市","town":"以下に掲載がない場合"}],"0223":[{"pref":"宮城県","city":"白石市","town":"旭町"}],"0228":[{"pref":"宮城県","city":"白石市","town":"兎作"}],"0267":[{"pref":"宮城県","city":"白石市","town":"延命寺北"}],"0254":[{"pref":"宮城県","city":"白石市","town":"大川町"}],"0212":[{"pref":"宮城県","city":"白石市","town":"大鷹沢大町"}],"0211":[{"pref":"宮城県","city":"白石市","town":"大鷹沢鷹巣"}],"0213":[{"pref":"宮城県","city":"白石市","town":"大鷹沢三沢"}],"0214":[{"pref":"宮城県","city":"白石市","town":"大平坂谷"}],"0216":[{"pref":"宮城県","city":"白石市","town":"大平中目"}],"0217":[{"pref":"宮城県","city":"白石市","town":"大平森合"}],"0276":[{"pref":"宮城県","city":"白石市","town":"大手町"}],"0208":[{"pref":"宮城県","city":"白石市","town":"大畑"}],"0233":[{"pref":"宮城県","city":"白石市","town":"小原"}],"0244":[{"pref":"宮城県","city":"白石市","town":"上久保"}],"0202":[{"pref":"宮城県","city":"白石市","town":"上堰"}],"0262":[{"pref":"宮城県","city":"白石市","town":"北川原"}],"0224":[{"pref":"宮城県","city":"白石市","town":"北無双作"}],"0203":[{"pref":"宮城県","city":"白石市","town":"郡山"}],"0201":[{"pref":"宮城県","city":"白石市","town":"小下倉"}],"0113":[{"pref":"宮城県","city":"白石市","town":"越河"}],"0111":[{"pref":"宮城県","city":"白石市","town":"越河五賀"}],"0112":[{"pref":"宮城県","city":"白石市","town":"越河平"}],"0241":[{"pref":"宮城県","city":"白石市","town":"寿山"}],"0215":[{"pref":"宮城県","city":"白石市","town":"斎川"}],"0264":[{"pref":"宮城県","city":"白石市","town":"幸"}],"0278":[{"pref":"宮城県","city":"白石市","town":"沢端"}],"0277":[{"pref":"宮城県","city":"白石市","town":"沢端町"}],"0243":[{"pref":"宮城県","city":"白石市","town":"沢目"}],"0272":[{"pref":"宮城県","city":"白石市","town":"清水小路"}],"0266":[{"pref":"宮城県","city":"白石市","town":"十王堂前"}],"0265":[{"pref":"宮城県","city":"白石市","town":"十王堂北"}],"0245":[{"pref":"宮城県","city":"白石市","town":"城南"}],"0255":[{"pref":"宮城県","city":"白石市","town":"城北町"}],"0734":[{"pref":"宮城県","city":"白石市","town":"白鳥"}],"0226":[{"pref":"宮城県","city":"白石市","town":"白石沖"}],"0246":[{"pref":"宮城県","city":"白石市","town":"新館町"}],"0271":[{"pref":"宮城県","city":"白石市","town":"不澄ケ池"}],"0261":[{"pref":"宮城県","city":"白石市","town":"外川原"}],"0222":[{"pref":"宮城県","city":"白石市","town":"鷹巣"}],"0218":[{"pref":"宮城県","city":"白石市","town":"鷹巣東"}],"0220":[{"pref":"宮城県","city":"白石市","town":"鷹巣西"}],"0227":[{"pref":"宮城県","city":"白石市","town":"田町"}],"0229":[{"pref":"宮城県","city":"白石市","town":"銚子ケ森"}],"0206":[{"pref":"宮城県","city":"白石市","town":"寺屋敷前"}],"0207":[{"pref":"宮城県","city":"白石市","town":"堂場前"}],"0273":[{"pref":"宮城県","city":"白石市","town":"中町"}],"0274":[{"pref":"宮城県","city":"白石市","town":"長町"}],"0252":[{"pref":"宮城県","city":"白石市","town":"西益岡町"}],"0268":[{"pref":"宮城県","city":"白石市","town":"祢宜内"}],"0247":[{"pref":"宮城県","city":"白石市","town":"八幡町"}],"0259":[{"pref":"宮城県","city":"白石市","town":"半沢屋敷前"}],"0258":[{"pref":"宮城県","city":"白石市","town":"半沢屋敷西"}],"0205":[{"pref":"宮城県","city":"白石市","town":"東大畑"}],"0253":[{"pref":"宮城県","city":"白石市","town":"東小路"}],"0225":[{"pref":"宮城県","city":"白石市","town":"東町"}],"0231":[{"pref":"宮城県","city":"白石市","town":"福岡蔵本"}],"0731":[{"pref":"宮城県","city":"白石市","town":"福岡深谷"}],"0733":[{"pref":"宮城県","city":"白石市","town":"福岡八宮"}],"0732":[{"pref":"宮城県","city":"白石市","town":"福岡長袋（川寺山、芹沢）"}],"0232":[{"pref":"宮城県","city":"白石市","town":"福岡長袋（その他）"}],"0251":[{"pref":"宮城県","city":"白石市","town":"益岡町"}],"0204":[{"pref":"宮城県","city":"白石市","town":"松ケ丘"}],"0221":[{"pref":"宮城県","city":"白石市","town":"緑が丘"}],"0248":[{"pref":"宮城県","city":"白石市","town":"南町"}],"0256":[{"pref":"宮城県","city":"白石市","town":"本鍛冶小路"}],"0275":[{"pref":"宮城県","city":"白石市","town":"本町"}],"0263":[{"pref":"宮城県","city":"白石市","town":"柳川原"}],"0242":[{"pref":"宮城県","city":"白石市","town":"柳町"}],"0257":[{"pref":"宮城県","city":"白石市","town":"亘理町"}],"0800":[{"pref":"宮城県","city":"刈田郡蔵王町","town":"以下に掲載がない場合"}],"0921":[{"pref":"宮城県","city":"刈田郡蔵王町","town":"円田（釜沢、善舞森、土浮谷地、土浮山２～５番地）"}],"0821":[{"pref":"宮城県","city":"刈田郡蔵王町","town":"円田（その他）"}],"0841":[{"pref":"宮城県","city":"刈田郡蔵王町","town":"小村崎"}],"0842":[{"pref":"宮城県","city":"刈田郡蔵王町","town":"塩沢"}],"0916":[{"pref":"宮城県","city":"刈田郡蔵王町","town":"遠刈田温泉"}],"0914":[{"pref":"宮城県","city":"刈田郡蔵王町","town":"遠刈田温泉旭町"}],"0915":[{"pref":"宮城県","city":"刈田郡蔵王町","town":"遠刈田温泉寿町"}],"0911":[{"pref":"宮城県","city":"刈田郡蔵王町","town":"遠刈田温泉栄町"}],"0912":[{"pref":"宮城県","city":"刈田郡蔵王町","town":"遠刈田温泉仲町"}],"0913":[{"pref":"宮城県","city":"刈田郡蔵王町","town":"遠刈田温泉本町"}],"0831":[{"pref":"宮城県","city":"刈田郡蔵王町","town":"平沢"}],"0851":[{"pref":"宮城県","city":"刈田郡蔵王町","town":"曲竹"}],"0701":[{"pref":"宮城県","city":"刈田郡蔵王町","town":"宮"}],"0843":[{"pref":"宮城県","city":"刈田郡蔵王町","town":"矢附"}],"0500":[{"pref":"宮城県","city":"刈田郡七ヶ宿町","town":"以下に掲載がない場合"}],"0662":[{"pref":"宮城県","city":"刈田郡七ヶ宿町","town":"赤地"}],"0556":[{"pref":"宮城県","city":"刈田郡七ヶ宿町","town":"愛宕下"}],"0506":[{"pref":"宮城県","city":"刈田郡七ヶ宿町","town":"油畑"}],"0635":[{"pref":"宮城県","city":"刈田郡七ヶ宿町","town":"板木"}],"0522":[{"pref":"宮城県","city":"刈田郡七ヶ宿町","town":"一枚田"}],"0643":[{"pref":"宮城県","city":"刈田郡七ヶ宿町","town":"稲子"}],"0644":[{"pref":"宮城県","city":"刈田郡七ヶ宿町","town":"稲子山"}],"0537":[{"pref":"宮城県","city":"刈田郡七ヶ宿町","town":"上野"},{"pref":"宮城県","city":"刈田郡七ヶ宿町","town":"萩崎"}],"0631":[{"pref":"宮城県","city":"刈田郡七ヶ宿町","town":"大石川原"}],"0507":[{"pref":"宮城県","city":"刈田郡七ヶ宿町","town":"大萱"},{"pref":"宮城県","city":"刈田郡七ヶ宿町","town":"町下"}],"0529":[{"pref":"宮城県","city":"刈田郡七ヶ宿町","town":"大杉"},{"pref":"宮城県","city":"刈田郡七ヶ宿町","town":"瀬見原"}],"0516":[{"pref":"宮城県","city":"刈田郡七ヶ宿町","town":"大貫平"},{"pref":"宮城県","city":"刈田郡七ヶ宿町","town":"上島田原"},{"pref":"宮城県","city":"刈田郡七ヶ宿町","town":"下島田原"},{"pref":"宮城県","city":"刈田郡七ヶ宿町","town":"西島田原"},{"pref":"宮城県","city":"刈田郡七ヶ宿町","town":"東島田原"}],"0553":[{"pref":"宮城県","city":"刈田郡七ヶ宿町","town":"大迎"}],"0501":[{"pref":"宮城県","city":"刈田郡七ヶ宿町","town":"柏木山"}],"0543":[{"pref":"宮城県","city":"刈田郡七ヶ宿町","town":"蒲木"}],"0524":[{"pref":"宮城県","city":"刈田郡七ヶ宿町","town":"上烏川"},{"pref":"宮城県","city":"刈田郡七ヶ宿町","town":"廻館"}],"0613":[{"pref":"宮城県","city":"刈田郡七ヶ宿町","town":"上川原"}],"0504":[{"pref":"宮城県","city":"刈田郡七ヶ宿町","town":"上ノ平"}],"0505":[{"pref":"宮城県","city":"刈田郡七ヶ宿町","town":"上ノ平山"}],"0623":[{"pref":"宮城県","city":"刈田郡七ヶ宿町","town":"上ノ台"}],"0517":[{"pref":"宮城県","city":"刈田郡七ヶ宿町","town":"上八合"}],"0519":[{"pref":"宮城県","city":"刈田郡七ヶ宿町","town":"神林山"},{"pref":"宮城県","city":"刈田郡七ヶ宿町","town":"諏訪原"}],"0513":[{"pref":"宮城県","city":"刈田郡七ヶ宿町","town":"上町尻"}],"0527":[{"pref":"宮城県","city":"刈田郡七ヶ宿町","town":"烏川岳"}],"0664":[{"pref":"宮城県","city":"刈田郡七ヶ宿町","town":"行人原道上"}],"0536":[{"pref":"宮城県","city":"刈田郡七ヶ宿町","town":"切通"}],"0561":[{"pref":"宮城県","city":"刈田郡七ヶ宿町","town":"栗原"}],"0634":[{"pref":"宮城県","city":"刈田郡七ヶ宿町","town":"小駕籠沢"}],"0628":[{"pref":"宮城県","city":"刈田郡七ヶ宿町","town":"境ノ沢"}],"0661":[{"pref":"宮城県","city":"刈田郡七ヶ宿町","town":"坂ノ上"}],"0627":[{"pref":"宮城県","city":"刈田郡七ヶ宿町","town":"坂ノ下"}],"0528":[{"pref":"宮城県","city":"刈田郡七ヶ宿町","town":"沢上山"}],"0541":[{"pref":"宮城県","city":"刈田郡七ヶ宿町","town":"仕切目"}],"0542":[{"pref":"宮城県","city":"刈田郡七ヶ宿町","town":"島木野"}],"0518":[{"pref":"宮城県","city":"刈田郡七ヶ宿町","town":"下八合"}],"0514":[{"pref":"宮城県","city":"刈田郡七ヶ宿町","town":"下町尻"}],"0554":[{"pref":"宮城県","city":"刈田郡七ヶ宿町","town":"陳ノ窪"}],"0521":[{"pref":"宮城県","city":"刈田郡七ヶ宿町","town":"新雷神"}],"0616":[{"pref":"宮城県","city":"刈田郡七ヶ宿町","town":"薄沢口"}],"0512":[{"pref":"宮城県","city":"刈田郡七ヶ宿町","town":"関"}],"0617":[{"pref":"宮城県","city":"刈田郡七ヶ宿町","town":"滝下"}],"0555":[{"pref":"宮城県","city":"刈田郡七ヶ宿町","town":"滝ノ上"},{"pref":"宮城県","city":"刈田郡七ヶ宿町","town":"水上口"}],"0523":[{"pref":"宮城県","city":"刈田郡七ヶ宿町","town":"館下"}],"0633":[{"pref":"宮城県","city":"刈田郡七ヶ宿町","town":"田中道上"}],"0632":[{"pref":"宮城県","city":"刈田郡七ヶ宿町","town":"田中道下"}],"0655":[{"pref":"宮城県","city":"刈田郡七ヶ宿町","town":"壇前"}],"0508":[{"pref":"宮城県","city":"刈田郡七ヶ宿町","town":"長老"}],"0602":[{"pref":"宮城県","city":"刈田郡七ヶ宿町","town":"寺跡"}],"0654":[{"pref":"宮城県","city":"刈田郡七ヶ宿町","town":"寺前"}],"0621":[{"pref":"宮城県","city":"刈田郡七ヶ宿町","town":"峠田"}],"0625":[{"pref":"宮城県","city":"刈田郡七ヶ宿町","town":"峠田愛宕下"}],"0622":[{"pref":"宮城県","city":"刈田郡七ヶ宿町","town":"峠田町頭"}],"0614":[{"pref":"宮城県","city":"刈田郡七ヶ宿町","town":"中川原"}],"0547":[{"pref":"宮城県","city":"刈田郡七ヶ宿町","town":"中之沢"}],"0544":[{"pref":"宮城県","city":"刈田郡七ヶ宿町","town":"中ノ沢原道下"},{"pref":"宮城県","city":"刈田郡七ヶ宿町","town":"原谷地際"}],"0535":[{"pref":"宮城県","city":"刈田郡七ヶ宿町","town":"夏梨平"},{"pref":"宮城県","city":"刈田郡七ヶ宿町","town":"野沢倉山"}],"0549":[{"pref":"宮城県","city":"刈田郡七ヶ宿町","town":"滑津"}],"0552":[{"pref":"宮城県","city":"刈田郡七ヶ宿町","town":"苗代端"}],"0502":[{"pref":"宮城県","city":"刈田郡七ヶ宿町","town":"西町裏"},{"pref":"宮城県","city":"刈田郡七ヶ宿町","town":"横川原"}],"0557":[{"pref":"宮城県","city":"刈田郡七ヶ宿町","town":"西森下"}],"0615":[{"pref":"宮城県","city":"刈田郡七ヶ宿町","town":"沼田"}],"0532":[{"pref":"宮城県","city":"刈田郡七ヶ宿町","town":"根添"}],"0545":[{"pref":"宮城県","city":"刈田郡七ヶ宿町","town":"原道上"}],"0546":[{"pref":"宮城県","city":"刈田郡七ヶ宿町","town":"原道下"}],"0666":[{"pref":"宮城県","city":"刈田郡七ヶ宿町","town":"干蒲"}],"0651":[{"pref":"宮城県","city":"刈田郡七ヶ宿町","town":"東口道上"}],"0652":[{"pref":"宮城県","city":"刈田郡七ヶ宿町","town":"東口道下"}],"0663":[{"pref":"宮城県","city":"刈田郡七ヶ宿町","town":"東沢"}],"0641":[{"pref":"宮城県","city":"刈田郡七ヶ宿町","town":"程ヶ沢"}],"0657":[{"pref":"宮城県","city":"刈田郡七ヶ宿町","town":"町裏"}],"0515":[{"pref":"宮城県","city":"刈田郡七ヶ宿町","town":"町尻"},{"pref":"宮城県","city":"刈田郡七ヶ宿町","town":"宮前"}],"0511":[{"pref":"宮城県","city":"刈田郡七ヶ宿町","town":"松原"}],"0612":[{"pref":"宮城県","city":"刈田郡七ヶ宿町","town":"侭ノ上"}],"0665":[{"pref":"宮城県","city":"刈田郡七ヶ宿町","town":"侭ノ上地蔵前"}],"0667":[{"pref":"宮城県","city":"刈田郡七ヶ宿町","town":"水下道上"}],"0658":[{"pref":"宮城県","city":"刈田郡七ヶ宿町","town":"南浦畑"}],"0624":[{"pref":"宮城県","city":"刈田郡七ヶ宿町","town":"明神下"}],"0526":[{"pref":"宮城県","city":"刈田郡七ヶ宿町","town":"明神前"}],"0601":[{"pref":"宮城県","city":"刈田郡七ヶ宿町","town":"茂ヶ沢"}],"0626":[{"pref":"宮城県","city":"刈田郡七ヶ宿町","town":"茂庭道"}],"0531":[{"pref":"宮城県","city":"刈田郡七ヶ宿町","town":"矢立"}],"0533":[{"pref":"宮城県","city":"刈田郡七ヶ宿町","town":"矢立平"}],"0551":[{"pref":"宮城県","city":"刈田郡七ヶ宿町","town":"八ツ森"}],"0548":[{"pref":"宮城県","city":"刈田郡七ヶ宿町","town":"八ツ分"}],"0656":[{"pref":"宮城県","city":"刈田郡七ヶ宿町","town":"柳沢山国有林"}],"0611":[{"pref":"宮城県","city":"刈田郡七ヶ宿町","town":"山伏坂"}],"0653":[{"pref":"宮城県","city":"刈田郡七ヶ宿町","town":"湯原"}],"0503":[{"pref":"宮城県","city":"刈田郡七ヶ宿町","town":"横川"}],"0525":[{"pref":"宮城県","city":"刈田郡七ヶ宿町","town":"利津保"}],"0636":[{"pref":"宮城県","city":"刈田郡七ヶ宿町","town":"六本杉"}],"0534":[{"pref":"宮城県","city":"刈田郡七ヶ宿町","town":"若林山"}],"0642":[{"pref":"宮城県","city":"刈田郡七ヶ宿町","town":"割付"}],"0908":[{"pref":"宮城県","city":"柴田郡川崎町","town":"青根温泉"}],"0901":[{"pref":"宮城県","city":"柴田郡川崎町","town":"前川（青根、手代塚山、沼ノ平山、名号下山、権現塚、火の塚山、峩々）"}]}