{"0000":[{"pref":"大阪府","city":"南河内郡河南町","town":"以下に掲載がない場合"},{"pref":"大阪府","city":"南河内郡千早赤阪村","town":"以下に掲載がない場合"}],"0002":[{"pref":"大阪府","city":"南河内郡河南町","town":"一須賀"}],"0012":[{"pref":"大阪府","city":"南河内郡河南町","town":"加納"}],"0024":[{"pref":"大阪府","city":"南河内郡河南町","town":"上河内"}],"0035":[{"pref":"大阪府","city":"南河内郡河南町","town":"寛弘寺"}],"0034":[{"pref":"大阪府","city":"南河内郡河南町","town":"神山"}],"0025":[{"pref":"大阪府","city":"南河内郡河南町","town":"さくら坂"}],"0027":[{"pref":"大阪府","city":"南河内郡河南町","town":"さくら坂南"}],"0023":[{"pref":"大阪府","city":"南河内郡河南町","town":"下河内"}],"0014":[{"pref":"大阪府","city":"南河内郡河南町","town":"白木"}],"0026":[{"pref":"大阪府","city":"南河内郡河南町","town":"鈴美台"}],"0033":[{"pref":"大阪府","city":"南河内郡河南町","town":"芹生谷"}],"0003":[{"pref":"大阪府","city":"南河内郡河南町","town":"大ケ塚"}],"0005":[{"pref":"大阪府","city":"南河内郡河南町","town":"大宝"}],"0011":[{"pref":"大阪府","city":"南河内郡河南町","town":"寺田"}],"0031":[{"pref":"大阪府","city":"南河内郡河南町","town":"中"}],"0006":[{"pref":"大阪府","city":"南河内郡河南町","town":"葉室"}],"0001":[{"pref":"大阪府","city":"南河内郡河南町","town":"東山"}],"0013":[{"pref":"大阪府","city":"南河内郡河南町","town":"平石"}],"0022":[{"pref":"大阪府","city":"南河内郡河南町","town":"弘川"}],"0032":[{"pref":"大阪府","city":"南河内郡河南町","town":"馬谷"}],"0021":[{"pref":"大阪府","city":"南河内郡河南町","town":"持尾"}],"0004":[{"pref":"大阪府","city":"南河内郡河南町","town":"山城"}],"0055":[{"pref":"大阪府","city":"南河内郡千早赤阪村","town":"東阪"}],"0045":[{"pref":"大阪府","city":"南河内郡千早赤阪村","town":"川野辺"}],"0043":[{"pref":"大阪府","city":"南河内郡千早赤阪村","town":"桐山"}],"0053":[{"pref":"大阪府","city":"南河内郡千早赤阪村","town":"小吹"}],"0041":[{"pref":"大阪府","city":"南河内郡千早赤阪村","town":"水分"}],"0051":[{"pref":"大阪府","city":"南河内郡千早赤阪村","town":"千早"}],"0052":[{"pref":"大阪府","city":"南河内郡千早赤阪村","town":"中津原"}],"0042":[{"pref":"大阪府","city":"南河内郡千早赤阪村","town":"二河原辺"}],"0044":[{"pref":"大阪府","city":"南河内郡千早赤阪村","town":"森屋"}],"0054":[{"pref":"大阪府","city":"南河内郡千早赤阪村","town":"吉年"}]}