{"8001":[{"pref":"福井県","city":"福井市","town":"つくも"}],"8002":[{"pref":"福井県","city":"福井市","town":"左内町"}],"8003":[{"pref":"福井県","city":"福井市","town":"毛矢"}],"8004":[{"pref":"福井県","city":"福井市","town":"西木田"}],"8005":[{"pref":"福井県","city":"福井市","town":"みのり"}],"8006":[{"pref":"福井県","city":"福井市","town":"足羽上町"}],"8007":[{"pref":"福井県","city":"福井市","town":"足羽"}],"8008":[{"pref":"福井県","city":"福井市","town":"有楽町"}],"8009":[{"pref":"福井県","city":"福井市","town":"山奥町"}],"8011":[{"pref":"福井県","city":"福井市","town":"月見"}],"8012":[{"pref":"福井県","city":"福井市","town":"花堂北"}],"8013":[{"pref":"福井県","city":"福井市","town":"花堂東"}],"8014":[{"pref":"福井県","city":"福井市","town":"花堂中"}],"8015":[{"pref":"福井県","city":"福井市","town":"花堂南"}],"8016":[{"pref":"福井県","city":"福井市","town":"江端町"}],"8017":[{"pref":"福井県","city":"福井市","town":"下荒井町"}],"8018":[{"pref":"福井県","city":"福井市","town":"大島町"}],"8021":[{"pref":"福井県","city":"福井市","town":"門前"},{"pref":"福井県","city":"福井市","town":"門前町"}],"8022":[{"pref":"福井県","city":"福井市","town":"西谷町"}],"8023":[{"pref":"福井県","city":"福井市","town":"西谷"}],"8024":[{"pref":"福井県","city":"福井市","town":"舞屋町"}],"8025":[{"pref":"福井県","city":"福井市","town":"江守中"},{"pref":"福井県","city":"福井市","town":"江守中町"}],"8026":[{"pref":"福井県","city":"福井市","town":"渕"},{"pref":"福井県","city":"福井市","town":"渕町"}],"8027":[{"pref":"福井県","city":"福井市","town":"福"},{"pref":"福井県","city":"福井市","town":"福町"}],"8031":[{"pref":"福井県","city":"福井市","town":"種池"},{"pref":"福井県","city":"福井市","town":"種池町"}],"8032":[{"pref":"福井県","city":"福井市","town":"南江守町"}],"8033":[{"pref":"福井県","city":"福井市","town":"合谷町"}],"8034":[{"pref":"福井県","city":"福井市","town":"南居町"}],"8035":[{"pref":"福井県","city":"福井市","town":"江守の里"}],"8036":[{"pref":"福井県","city":"福井市","town":"新下江守町"}],"8037":[{"pref":"福井県","city":"福井市","town":"下江守町"}],"8041":[{"pref":"福井県","city":"福井市","town":"西下野町"}],"8042":[{"pref":"福井県","city":"福井市","town":"東下野町"}],"8043":[{"pref":"福井県","city":"福井市","town":"狐橋"}],"8044":[{"pref":"福井県","city":"福井市","town":"高塚町"}],"8045":[{"pref":"福井県","city":"福井市","town":"福新町"}],"8046":[{"pref":"福井県","city":"福井市","town":"運動公園"}],"8047":[{"pref":"福井県","city":"福井市","town":"久喜津町"}],"8051":[{"pref":"福井県","city":"福井市","town":"桃園"}],"8052":[{"pref":"福井県","city":"福井市","town":"明里町"}],"8053":[{"pref":"福井県","city":"福井市","town":"小山谷町"}],"8054":[{"pref":"福井県","city":"福井市","town":"加茂河原町"}],"8055":[{"pref":"福井県","city":"福井市","town":"若杉"},{"pref":"福井県","city":"福井市","town":"若杉町"}],"8056":[{"pref":"福井県","city":"福井市","town":"若杉浜"}],"8057":[{"pref":"福井県","city":"福井市","town":"加茂河原"}],"8058":[{"pref":"福井県","city":"福井市","town":"加茂緑苑町"}],"8061":[{"pref":"福井県","city":"福井市","town":"金屋町"}],"8062":[{"pref":"福井県","city":"福井市","town":"下市町"}],"8063":[{"pref":"福井県","city":"福井市","town":"大瀬町"}],"8064":[{"pref":"福井県","city":"福井市","town":"西学園"}],"8065":[{"pref":"福井県","city":"福井市","town":"水越"}],"8066":[{"pref":"福井県","city":"福井市","town":"渡町"}],"8067":[{"pref":"福井県","city":"福井市","town":"飯塚町"}],"8068":[{"pref":"福井県","city":"福井市","town":"角折町"}],"8071":[{"pref":"福井県","city":"福井市","town":"恐神町"}],"8072":[{"pref":"福井県","city":"福井市","town":"北堀町"}],"8073":[{"pref":"福井県","city":"福井市","town":"安田町"}],"8074":[{"pref":"福井県","city":"福井市","town":"細坂町"}],"8075":[{"pref":"福井県","city":"福井市","town":"羽坂町"}],"8076":[{"pref":"福井県","city":"福井市","town":"本堂町"}],"8077":[{"pref":"福井県","city":"福井市","town":"末町"}],"8078":[{"pref":"福井県","city":"福井市","town":"更毛町"}],"8081":[{"pref":"福井県","city":"福井市","town":"上一光町"}],"8082":[{"pref":"福井県","city":"福井市","town":"下一光町"}],"8083":[{"pref":"福井県","city":"福井市","town":"五太子町"}],"8101":[{"pref":"福井県","city":"福井市","town":"一本木町"}],"8102":[{"pref":"福井県","city":"福井市","town":"西板垣町"}],"8103":[{"pref":"福井県","city":"福井市","town":"板垣町"}],"8104":[{"pref":"福井県","city":"福井市","town":"板垣"}],"8105":[{"pref":"福井県","city":"福井市","town":"木田"}],"8106":[{"pref":"福井県","city":"福井市","town":"木田町"}],"8107":[{"pref":"福井県","city":"福井市","town":"春日町"}],"8108":[{"pref":"福井県","city":"福井市","town":"春日"}],"8111":[{"pref":"福井県","city":"福井市","town":"馬垣町"}],"8112":[{"pref":"福井県","city":"福井市","town":"下馬"}],"8113":[{"pref":"福井県","city":"福井市","town":"下馬町"}],"8114":[{"pref":"福井県","city":"福井市","town":"羽水"}],"8115":[{"pref":"福井県","city":"福井市","town":"別所町"}],"8116":[{"pref":"福井県","city":"福井市","town":"大町"}],"8131":[{"pref":"福井県","city":"福井市","town":"小稲津町"}],"8132":[{"pref":"福井県","city":"福井市","town":"上六条町"}],"8133":[{"pref":"福井県","city":"福井市","town":"上莇生田町"}],"8134":[{"pref":"福井県","city":"福井市","town":"下莇生田町"}],"8135":[{"pref":"福井県","city":"福井市","town":"下六条町"}],"8136":[{"pref":"福井県","city":"福井市","town":"天王町"}],"8151":[{"pref":"福井県","city":"福井市","town":"中荒井町"}],"8152":[{"pref":"福井県","city":"福井市","town":"今市町"}],"8153":[{"pref":"福井県","city":"福井市","town":"安保町"}],"8154":[{"pref":"福井県","city":"福井市","town":"冬野町"}],"8155":[{"pref":"福井県","city":"福井市","town":"杉谷町"}],"8156":[{"pref":"福井県","city":"福井市","town":"引目町"}],"8161":[{"pref":"福井県","city":"福井市","town":"鉾ケ崎町"}],"8162":[{"pref":"福井県","city":"福井市","town":"角原町"}],"8163":[{"pref":"福井県","city":"福井市","town":"生野町"}],"8164":[{"pref":"福井県","city":"福井市","town":"三本木町"}],"8165":[{"pref":"福井県","city":"福井市","town":"徳尾町"}],"8166":[{"pref":"福井県","city":"福井市","town":"主計中町"}],"8171":[{"pref":"福井県","city":"福井市","town":"森行町"}],"8172":[{"pref":"福井県","city":"福井市","town":"末広町"}],"8173":[{"pref":"福井県","city":"福井市","town":"下江尻町"}],"8174":[{"pref":"福井県","city":"福井市","town":"上江尻町"}],"8175":[{"pref":"福井県","city":"福井市","town":"江尻ケ丘町"}],"8176":[{"pref":"福井県","city":"福井市","town":"三十八社町"}],"8181":[{"pref":"福井県","city":"福井市","town":"浅水町"}],"8182":[{"pref":"福井県","city":"福井市","town":"浅水二日町"}],"8183":[{"pref":"福井県","city":"福井市","town":"浅水三ケ町"}],"8184":[{"pref":"福井県","city":"福井市","town":"真木町"}],"8185":[{"pref":"福井県","city":"福井市","town":"中野町"}],"8186":[{"pref":"福井県","city":"福井市","town":"中野"}],"8187":[{"pref":"福井県","city":"福井市","town":"花守町"}],"8188":[{"pref":"福井県","city":"福井市","town":"三尾野町"}],"8201":[{"pref":"福井県","city":"福井市","town":"南四ツ居町"}],"8202":[{"pref":"福井県","city":"福井市","town":"大東"}],"8203":[{"pref":"福井県","city":"福井市","town":"上北野"}],"8204":[{"pref":"福井県","city":"福井市","town":"南四ツ居"}],"8205":[{"pref":"福井県","city":"福井市","town":"北四ツ居"}],"8206":[{"pref":"福井県","city":"福井市","town":"北四ツ居町"}],"8207":[{"pref":"福井県","city":"福井市","town":"円山"}],"8211":[{"pref":"福井県","city":"福井市","town":"下中町"}],"8212":[{"pref":"福井県","city":"福井市","town":"北今泉町"}],"8213":[{"pref":"福井県","city":"福井市","town":"今泉町"}],"8214":[{"pref":"福井県","city":"福井市","town":"東今泉町"}],"8215":[{"pref":"福井県","city":"福井市","town":"寮町"}],"8216":[{"pref":"福井県","city":"福井市","town":"殿下町"}],"8217":[{"pref":"福井県","city":"福井市","town":"印田町"}],"8218":[{"pref":"福井県","city":"福井市","town":"河増町"}],"8221":[{"pref":"福井県","city":"福井市","town":"堅達町"}],"8222":[{"pref":"福井県","city":"福井市","town":"坂下町"}],"8223":[{"pref":"福井県","city":"福井市","town":"河水町"}],"8224":[{"pref":"福井県","city":"福井市","town":"花野谷町"}],"8225":[{"pref":"福井県","city":"福井市","town":"宮地町"}],"8226":[{"pref":"福井県","city":"福井市","town":"大畑町"}],"8227":[{"pref":"福井県","city":"福井市","town":"次郎丸町"}],"8228":[{"pref":"福井県","city":"福井市","town":"岡西谷町"}],"8231":[{"pref":"福井県","city":"福井市","town":"問屋町"}],"8232":[{"pref":"福井県","city":"福井市","town":"荒木別所町"}],"8233":[{"pref":"福井県","city":"福井市","town":"合島町"}],"8234":[{"pref":"福井県","city":"福井市","town":"曽万布町"}],"8235":[{"pref":"福井県","city":"福井市","town":"和田中町"}],"8236":[{"pref":"福井県","city":"福井市","town":"和田中"}],"8237":[{"pref":"福井県","city":"福井市","town":"和田東"}],"8238":[{"pref":"福井県","city":"福井市","town":"和田"}],"8239":[{"pref":"福井県","city":"福井市","town":"成和"}],"0000":[{"pref":"福井県","city":"福井市","town":"以下に掲載がない場合"}]}