{"1101":[{"pref":"静岡県","city":"浜松市西区","town":"和光町"}],"1102":[{"pref":"静岡県","city":"浜松市西区","town":"大山町"}],"1103":[{"pref":"静岡県","city":"浜松市西区","town":"湖東町"}],"1104":[{"pref":"静岡県","city":"浜松市西区","town":"桜台"}],"1111":[{"pref":"静岡県","city":"浜松市西区","town":"伊左地町"}],"1112":[{"pref":"静岡県","city":"浜松市西区","town":"大人見町"}],"1113":[{"pref":"静岡県","city":"浜松市西区","town":"古人見町"}],"1114":[{"pref":"静岡県","city":"浜松市西区","town":"佐浜町"}],"1115":[{"pref":"静岡県","city":"浜松市西区","town":"和地町"}],"1201":[{"pref":"静岡県","city":"浜松市西区","town":"深萩町"}],"1202":[{"pref":"静岡県","city":"浜松市西区","town":"呉松町"}],"1203":[{"pref":"静岡県","city":"浜松市西区","town":"平松町"}],"1204":[{"pref":"静岡県","city":"浜松市西区","town":"白洲町"}],"1205":[{"pref":"静岡県","city":"浜松市西区","town":"協和町"}],"1206":[{"pref":"静岡県","city":"浜松市西区","town":"庄和町"}],"1207":[{"pref":"静岡県","city":"浜松市西区","town":"村櫛町"}],"1208":[{"pref":"静岡県","city":"浜松市西区","town":"庄内町"}],"1209":[{"pref":"静岡県","city":"浜松市西区","town":"舘山寺町"}],"1301":[{"pref":"静岡県","city":"浜松市北区","town":"細江町小野"}],"1302":[{"pref":"静岡県","city":"浜松市北区","town":"細江町広岡"}],"1303":[{"pref":"静岡県","city":"浜松市北区","town":"細江町三和"}],"1304":[{"pref":"静岡県","city":"浜松市北区","town":"細江町中川"}],"1305":[{"pref":"静岡県","city":"浜松市北区","town":"細江町気賀"}],"1401":[{"pref":"静岡県","city":"浜松市北区","town":"三ヶ日町佐久米"}],"1402":[{"pref":"静岡県","city":"浜松市北区","town":"三ヶ日町都筑"}],"1403":[{"pref":"静岡県","city":"浜松市北区","town":"三ヶ日町大崎"}],"1404":[{"pref":"静岡県","city":"浜松市北区","town":"三ヶ日町宇志"}],"1405":[{"pref":"静岡県","city":"浜松市北区","town":"三ヶ日町津々崎"}],"1406":[{"pref":"静岡県","city":"浜松市北区","town":"三ヶ日町駒場"}],"1407":[{"pref":"静岡県","city":"浜松市北区","town":"三ヶ日町大谷"}],"1411":[{"pref":"静岡県","city":"浜松市北区","town":"三ヶ日町福長"}],"1412":[{"pref":"静岡県","city":"浜松市北区","town":"三ヶ日町只木"}],"1413":[{"pref":"静岡県","city":"浜松市北区","town":"三ヶ日町摩訶耶"}],"1414":[{"pref":"静岡県","city":"浜松市北区","town":"三ヶ日町三ヶ日"}],"1415":[{"pref":"静岡県","city":"浜松市北区","town":"三ヶ日町岡本"}],"1416":[{"pref":"静岡県","city":"浜松市北区","town":"三ヶ日町釣"}],"1417":[{"pref":"静岡県","city":"浜松市北区","town":"三ヶ日町平山"}],"1421":[{"pref":"静岡県","city":"浜松市北区","town":"三ヶ日町本坂"}],"1422":[{"pref":"静岡県","city":"浜松市北区","town":"三ヶ日町日比沢"}],"1423":[{"pref":"静岡県","city":"浜松市北区","town":"三ヶ日町鵺代"}],"1424":[{"pref":"静岡県","city":"浜松市北区","town":"三ヶ日町下尾奈"}],"1425":[{"pref":"静岡県","city":"浜松市北区","town":"三ヶ日町上尾奈"}],"2101":[{"pref":"静岡県","city":"浜松市北区","town":"滝沢町"}],"2102":[{"pref":"静岡県","city":"浜松市北区","town":"都田町"}],"2103":[{"pref":"静岡県","city":"浜松市北区","town":"新都田"}],"2104":[{"pref":"静岡県","city":"浜松市北区","town":"鷲沢町"}],"2201":[{"pref":"静岡県","city":"浜松市北区","town":"引佐町東久留女木（その他）"}],"2202":[{"pref":"静岡県","city":"浜松市北区","town":"引佐町川名"}],"2203":[{"pref":"静岡県","city":"浜松市北区","town":"引佐町三岳"}],"2204":[{"pref":"静岡県","city":"浜松市北区","town":"引佐町兎荷"}],"2205":[{"pref":"静岡県","city":"浜松市北区","town":"引佐町伊平"}],"2206":[{"pref":"静岡県","city":"浜松市北区","town":"引佐町西黒田"}],"2207":[{"pref":"静岡県","city":"浜松市北区","town":"引佐町東黒田"}],"2211":[{"pref":"静岡県","city":"浜松市北区","town":"引佐町花平"}],"2212":[{"pref":"静岡県","city":"浜松市北区","town":"引佐町井伊谷"}],"2213":[{"pref":"静岡県","city":"浜松市北区","town":"引佐町金指"}],"2214":[{"pref":"静岡県","city":"浜松市北区","town":"引佐町横尾"}],"2215":[{"pref":"静岡県","city":"浜松市北区","town":"引佐町白岩"}],"2216":[{"pref":"静岡県","city":"浜松市北区","town":"神宮寺町"}],"2221":[{"pref":"静岡県","city":"浜松市北区","town":"引佐町田畑"}],"2222":[{"pref":"静岡県","city":"浜松市北区","town":"引佐町黒渕"}],"2223":[{"pref":"静岡県","city":"浜松市北区","town":"引佐町栃窪"}],"2224":[{"pref":"静岡県","city":"浜松市北区","town":"引佐町奥山"}],"2225":[{"pref":"静岡県","city":"浜松市北区","town":"引佐町狩宿"}],"2226":[{"pref":"静岡県","city":"浜松市北区","town":"引佐町谷沢"}],"2531":[{"pref":"静岡県","city":"浜松市北区","town":"引佐町東久留女木（３７２～７９９番地）"}],"2532":[{"pref":"静岡県","city":"浜松市北区","town":"引佐町西久留女木"}],"2533":[{"pref":"静岡県","city":"浜松市北区","town":"引佐町四方浄"}],"2534":[{"pref":"静岡県","city":"浜松市北区","town":"引佐町別所"}],"2535":[{"pref":"静岡県","city":"浜松市北区","town":"引佐町的場"}],"2536":[{"pref":"静岡県","city":"浜松市北区","town":"引佐町田沢"}],"2537":[{"pref":"静岡県","city":"浜松市北区","town":"引佐町渋川"}],"3101":[{"pref":"静岡県","city":"浜松市東区","town":"豊町"}],"3102":[{"pref":"静岡県","city":"浜松市東区","town":"豊西町"}],"3103":[{"pref":"静岡県","city":"浜松市東区","town":"常光町"}],"3104":[{"pref":"静岡県","city":"浜松市東区","town":"貴平町"}],"3105":[{"pref":"静岡県","city":"浜松市東区","town":"笠井新田町"}],"3106":[{"pref":"静岡県","city":"浜松市東区","town":"笠井上町"}],"3107":[{"pref":"静岡県","city":"浜松市東区","town":"笠井町"}],"3108":[{"pref":"静岡県","city":"浜松市東区","town":"恒武町"}],"3111":[{"pref":"静岡県","city":"浜松市東区","town":"中郡町"}],"3112":[{"pref":"静岡県","city":"浜松市東区","town":"大島町"}],"3113":[{"pref":"静岡県","city":"浜松市東区","town":"大瀬町"}],"3114":[{"pref":"静岡県","city":"浜松市東区","town":"積志町"}],"3115":[{"pref":"静岡県","city":"浜松市東区","town":"西ケ崎町"}],"3121":[{"pref":"静岡県","city":"浜松市東区","town":"有玉北町"}],"3122":[{"pref":"静岡県","city":"浜松市東区","town":"有玉南町"}],"3123":[{"pref":"静岡県","city":"浜松市東区","town":"有玉西町"}],"3124":[{"pref":"静岡県","city":"浜松市東区","town":"半田町"}],"3125":[{"pref":"静岡県","city":"浜松市東区","town":"半田山"}],"3126":[{"pref":"静岡県","city":"浜松市東区","town":"有玉台"}],"3301":[{"pref":"静岡県","city":"浜松市天竜区","town":"横川"}],"3302":[{"pref":"静岡県","city":"浜松市天竜区","town":"只来"}],"3303":[{"pref":"静岡県","city":"浜松市天竜区","town":"山東"}],"3304":[{"pref":"静岡県","city":"浜松市天竜区","town":"次郎八新田"}],"3305":[{"pref":"静岡県","city":"浜松市天竜区","town":"大谷"}],"3306":[{"pref":"静岡県","city":"浜松市天竜区","town":"船明"}],"3311":[{"pref":"静岡県","city":"浜松市天竜区","town":"二俣町阿蔵"}],"3312":[{"pref":"静岡県","city":"浜松市天竜区","town":"二俣町南鹿島"}],"3313":[{"pref":"静岡県","city":"浜松市天竜区","town":"二俣町鹿島"}],"3314":[{"pref":"静岡県","city":"浜松市天竜区","town":"二俣町二俣"}],"3315":[{"pref":"静岡県","city":"浜松市天竜区","town":"二俣町大園"}],"3421":[{"pref":"静岡県","city":"浜松市天竜区","town":"日明"}],"3422":[{"pref":"静岡県","city":"浜松市天竜区","town":"米沢"}],"3423":[{"pref":"静岡県","city":"浜松市天竜区","town":"渡ケ島"}],"3424":[{"pref":"静岡県","city":"浜松市天竜区","town":"緑恵台"}],"3425":[{"pref":"静岡県","city":"浜松市天竜区","town":"青谷"}],"3426":[{"pref":"静岡県","city":"浜松市天竜区","town":"両島"}],"3427":[{"pref":"静岡県","city":"浜松市天竜区","town":"上野"}],"3428":[{"pref":"静岡県","city":"浜松市天竜区","town":"石神"}],"3531":[{"pref":"静岡県","city":"浜松市天竜区","town":"東藤平"}],"3532":[{"pref":"静岡県","city":"浜松市天竜区","town":"西藤平"}],"3533":[{"pref":"静岡県","city":"浜松市天竜区","town":"長沢"}],"3534":[{"pref":"静岡県","city":"浜松市天竜区","town":"懐山"}],"3535":[{"pref":"静岡県","city":"浜松市天竜区","town":"芦窪"}],"3536":[{"pref":"静岡県","city":"浜松市天竜区","town":"阿寺"}],"3641":[{"pref":"静岡県","city":"浜松市天竜区","town":"熊"}],"3642":[{"pref":"静岡県","city":"浜松市天竜区","town":"大栗安"}],"3643":[{"pref":"静岡県","city":"浜松市天竜区","town":"神沢"}],"3751":[{"pref":"静岡県","city":"浜松市天竜区","town":"東雲名"}],"3752":[{"pref":"静岡県","city":"浜松市天竜区","town":"小川"}],"3753":[{"pref":"静岡県","city":"浜松市天竜区","town":"佐久"}],"3754":[{"pref":"静岡県","city":"浜松市天竜区","town":"相津"}],"3755":[{"pref":"静岡県","city":"浜松市天竜区","town":"大川"}],"3756":[{"pref":"静岡県","city":"浜松市天竜区","town":"谷山"}],"3761":[{"pref":"静岡県","city":"浜松市天竜区","town":"西雲名"}],"3762":[{"pref":"静岡県","city":"浜松市天竜区","town":"伊砂"}],"3763":[{"pref":"静岡県","city":"浜松市天竜区","town":"月"}],"3764":[{"pref":"静岡県","city":"浜松市天竜区","town":"横山町"}],"3801":[{"pref":"静岡県","city":"浜松市天竜区","town":"龍山町瀬尻"}],"3802":[{"pref":"静岡県","city":"浜松市天竜区","town":"龍山町下平山"}],"3803":[{"pref":"静岡県","city":"浜松市天竜区","town":"龍山町戸倉"}],"3804":[{"pref":"静岡県","city":"浜松市天竜区","town":"龍山町大嶺"}],"3901":[{"pref":"静岡県","city":"浜松市天竜区","town":"佐久間町佐久間"}],"3902":[{"pref":"静岡県","city":"浜松市天竜区","town":"佐久間町大井"}],"3903":[{"pref":"静岡県","city":"浜松市天竜区","town":"佐久間町上平山"}],"3904":[{"pref":"静岡県","city":"浜松市天竜区","town":"佐久間町戸口"}],"3905":[{"pref":"静岡県","city":"浜松市天竜区","town":"佐久間町半場"}],"3906":[{"pref":"静岡県","city":"浜松市天竜区","town":"佐久間町浦川"}],"3907":[{"pref":"静岡県","city":"浜松市天竜区","town":"佐久間町川合"}],"3908":[{"pref":"静岡県","city":"浜松市天竜区","town":"佐久間町中部"}],"4101":[{"pref":"静岡県","city":"浜松市天竜区","town":"水窪町奥領家"}],"4102":[{"pref":"静岡県","city":"浜松市天竜区","town":"水窪町地頭方"}],"4103":[{"pref":"静岡県","city":"浜松市天竜区","town":"水窪町山住"}],"4111":[{"pref":"静岡県","city":"浜松市天竜区","town":"佐久間町相月"}],"4112":[{"pref":"静岡県","city":"浜松市天竜区","town":"佐久間町奥領家"}],"4121":[{"pref":"愛知県","city":"北設楽郡豊根村","town":"富山"}],"0201":[{"pref":"静岡県","city":"浜松市西区","town":"篠原町"}],"0202":[{"pref":"静岡県","city":"浜松市西区","town":"坪井町"}],"0212":[{"pref":"静岡県","city":"浜松市西区","town":"舞阪町長十新田"}],"0213":[{"pref":"静岡県","city":"浜松市西区","town":"舞阪町浜田"}],"0214":[{"pref":"静岡県","city":"浜松市西区","town":"舞阪町弁天島"}],"0211":[{"pref":"静岡県","city":"浜松市西区","town":"舞阪町舞阪"}],"0203":[{"pref":"静岡県","city":"浜松市西区","town":"馬郡町"}],"0103":[{"pref":"静岡県","city":"浜松市西区","town":"雄踏"}],"0102":[{"pref":"静岡県","city":"浜松市西区","town":"雄踏町宇布見"}],"0101":[{"pref":"静岡県","city":"浜松市西区","town":"雄踏町山崎"}],"0400":[{"pref":"静岡県","city":"湖西市","town":"以下に掲載がない場合"}],"0302":[{"pref":"静岡県","city":"湖西市","town":"新居町新居"}],"0304":[{"pref":"静岡県","city":"湖西市","town":"新居町内山"}],"0301":[{"pref":"静岡県","city":"湖西市","town":"新居町中之郷"}],"0303":[{"pref":"静岡県","city":"湖西市","town":"新居町浜名"}],"0411":[{"pref":"静岡県","city":"湖西市","town":"入出"}],"0412":[{"pref":"静岡県","city":"湖西市","town":"内浦"}],"0425":[{"pref":"静岡県","city":"湖西市","town":"梅田"}],"0427":[{"pref":"静岡県","city":"湖西市","town":"駅南"}],"0404":[{"pref":"静岡県","city":"湖西市","town":"太田"}],"0403":[{"pref":"静岡県","city":"湖西市","town":"大知波"}],"0422":[{"pref":"静岡県","city":"湖西市","town":"岡崎"}],"0432":[{"pref":"静岡県","city":"湖西市","town":"風の杜"}],"0405":[{"pref":"静岡県","city":"湖西市","town":"神座"}],"0441":[{"pref":"静岡県","city":"湖西市","town":"吉美"}],"0442":[{"pref":"静岡県","city":"湖西市","town":"古見"}],"0452":[{"pref":"静岡県","city":"湖西市","town":"境宿"}],"0451":[{"pref":"静岡県","city":"湖西市","town":"白須賀"}],"0421":[{"pref":"静岡県","city":"湖西市","town":"新所"}],"0423":[{"pref":"静岡県","city":"湖西市","town":"新所・岡崎・梅田入会地"}],"0424":[{"pref":"静岡県","city":"湖西市","town":"新所原"}],"0426":[{"pref":"静岡県","city":"湖西市","town":"新所原東"}],"0428":[{"pref":"静岡県","city":"湖西市","town":"ときわ"}],"0444":[{"pref":"静岡県","city":"湖西市","town":"坊瀬"}],"0429":[{"pref":"静岡県","city":"湖西市","town":"南台"}],"0443":[{"pref":"静岡県","city":"湖西市","town":"山口"}],"0401":[{"pref":"静岡県","city":"湖西市","town":"横山"}],"0402":[{"pref":"静岡県","city":"湖西市","town":"利木"}],"0431":[{"pref":"静岡県","city":"湖西市","town":"鷲津"}]}