{"0000":[{"pref":"新潟県","city":"妙高市","town":"以下に掲載がない場合"}],"0091":[{"pref":"新潟県","city":"妙高市","town":"青田"}],"0043":[{"pref":"新潟県","city":"妙高市","town":"朝日町"}],"0041":[{"pref":"新潟県","city":"妙高市","town":"新井"}],"0054":[{"pref":"新潟県","city":"妙高市","town":"新井新田"}],"0011":[{"pref":"新潟県","city":"妙高市","town":"石塚町"}],"0084":[{"pref":"新潟県","city":"妙高市","town":"五日市"}],"0006":[{"pref":"新潟県","city":"妙高市","town":"稲塚"},{"pref":"新潟県","city":"妙高市","town":"大崎町"}],"0075":[{"pref":"新潟県","city":"妙高市","town":"猪野山"}],"0032":[{"pref":"新潟県","city":"妙高市","town":"小出雲"}],"0215":[{"pref":"新潟県","city":"妙高市","town":"大貝"}],"0333":[{"pref":"新潟県","city":"妙高市","town":"大沢新田"}],"0216":[{"pref":"新潟県","city":"妙高市","town":"大下"}],"0224":[{"pref":"新潟県","city":"妙高市","town":"大濁"}],"0332":[{"pref":"新潟県","city":"妙高市","town":"大原新田"}],"0094":[{"pref":"新潟県","city":"妙高市","town":"岡崎新田"}],"0082":[{"pref":"新潟県","city":"妙高市","town":"乙吉"}],"0081":[{"pref":"新潟県","city":"妙高市","town":"籠町"}],"0037":[{"pref":"新潟県","city":"妙高市","town":"学校町"}],"0223":[{"pref":"新潟県","city":"妙高市","town":"上小沢"}],"0025":[{"pref":"新潟県","city":"妙高市","town":"上新保"}],"0001":[{"pref":"新潟県","city":"妙高市","town":"上百々"}],"0052":[{"pref":"新潟県","city":"妙高市","town":"上中"}],"0212":[{"pref":"新潟県","city":"妙高市","town":"上濁川"}],"0088":[{"pref":"新潟県","city":"妙高市","town":"上八幡新田"}],"0225":[{"pref":"新潟県","city":"妙高市","town":"上馬場"}],"0344":[{"pref":"新潟県","city":"妙高市","town":"上平丸"}],"0205":[{"pref":"新潟県","city":"妙高市","town":"上堀之内"}],"0046":[{"pref":"新潟県","city":"妙高市","town":"上町"}],"0083":[{"pref":"新潟県","city":"妙高市","town":"上四ツ屋"}],"0026":[{"pref":"新潟県","city":"妙高市","town":"川上"}],"0021":[{"pref":"新潟県","city":"妙高市","town":"北条"}],"0034":[{"pref":"新潟県","city":"妙高市","town":"経塚町"}],"0061":[{"pref":"新潟県","city":"妙高市","town":"窪松原"}],"0007":[{"pref":"新潟県","city":"妙高市","town":"栗原"}],"0020":[{"pref":"新潟県","city":"妙高市","town":"工団町"}],"0004":[{"pref":"新潟県","city":"妙高市","town":"国賀"}],"0213":[{"pref":"新潟県","city":"妙高市","town":"小局"}],"0226":[{"pref":"新潟県","city":"妙高市","town":"木成"}],"0221":[{"pref":"新潟県","city":"妙高市","town":"小濁"}],"0331":[{"pref":"新潟県","city":"妙高市","town":"小原新田"}],"0072":[{"pref":"新潟県","city":"妙高市","town":"小丸山新田"}],"0086":[{"pref":"新潟県","city":"妙高市","town":"坂井新田"}],"0044":[{"pref":"新潟県","city":"妙高市","town":"栄町"}],"0341":[{"pref":"新潟県","city":"妙高市","town":"猿橋"}],"0053":[{"pref":"新潟県","city":"妙高市","town":"三本木新田"}],"0056":[{"pref":"新潟県","city":"妙高市","town":"志"}],"0042":[{"pref":"新潟県","city":"妙高市","town":"東雲町"}],"0035":[{"pref":"新潟県","city":"妙高市","town":"渋江町"}],"0203":[{"pref":"新潟県","city":"妙高市","town":"下濁川"}],"0343":[{"pref":"新潟県","city":"妙高市","town":"下平丸"}],"0048":[{"pref":"新潟県","city":"妙高市","town":"下町"}],"0096":[{"pref":"新潟県","city":"妙高市","town":"神宮寺"}],"0005":[{"pref":"新潟県","city":"妙高市","town":"新栄町"},{"pref":"新潟県","city":"妙高市","town":"中川"}],"0019":[{"pref":"新潟県","city":"妙高市","town":"新工町"}],"0087":[{"pref":"新潟県","city":"妙高市","town":"新保新田"}],"0036":[{"pref":"新潟県","city":"妙高市","town":"末広町"}],"0057":[{"pref":"新潟県","city":"妙高市","town":"菅沼"}],"0018":[{"pref":"新潟県","city":"妙高市","town":"諏訪町"}],"0014":[{"pref":"新潟県","city":"妙高市","town":"関川町"}],"0013":[{"pref":"新潟県","city":"妙高市","town":"高柳"}],"0031":[{"pref":"新潟県","city":"妙高市","town":"田町"}],"0017":[{"pref":"新潟県","city":"妙高市","town":"中央町"}],"0003":[{"pref":"新潟県","city":"妙高市","town":"月岡"}],"0222":[{"pref":"新潟県","city":"妙高市","town":"坪山"}],"0009":[{"pref":"新潟県","city":"妙高市","town":"東陽町"}],"0095":[{"pref":"新潟県","city":"妙高市","town":"十日市"}],"0076":[{"pref":"新潟県","city":"妙高市","town":"土田"}],"0345":[{"pref":"新潟県","city":"妙高市","town":"長沢"}],"0342":[{"pref":"新潟県","city":"妙高市","town":"長沢原"}],"0027":[{"pref":"新潟県","city":"妙高市","town":"中宿"}],"0045":[{"pref":"新潟県","city":"妙高市","town":"中町"}],"0073":[{"pref":"新潟県","city":"妙高市","town":"長森"}],"0217":[{"pref":"新潟県","city":"妙高市","town":"中横山"}],"0077":[{"pref":"新潟県","city":"妙高市","town":"梨木"}],"0051":[{"pref":"新潟県","city":"妙高市","town":"錦町"}],"0023":[{"pref":"新潟県","city":"妙高市","town":"西条"}],"0058":[{"pref":"新潟県","city":"妙高市","town":"西菅沼新田"}],"0064":[{"pref":"新潟県","city":"妙高市","town":"西野谷"}],"0063":[{"pref":"新潟県","city":"妙高市","town":"西野谷新田"}],"0334":[{"pref":"新潟県","city":"妙高市","town":"楡島"}],"0204":[{"pref":"新潟県","city":"妙高市","town":"除戸"}],"0047":[{"pref":"新潟県","city":"妙高市","town":"白山町"}],"0055":[{"pref":"新潟県","city":"妙高市","town":"東志"}],"0214":[{"pref":"新潟県","city":"妙高市","town":"東菅沼"}],"0335":[{"pref":"新潟県","city":"妙高市","town":"東関"}],"0092":[{"pref":"新潟県","city":"妙高市","town":"飛田"}],"0093":[{"pref":"新潟県","city":"妙高市","town":"飛田新田"}],"0016":[{"pref":"新潟県","city":"妙高市","town":"美守"}],"0201":[{"pref":"新潟県","city":"妙高市","town":"姫川原（３８３８～３９８５番地）"}],"0028":[{"pref":"新潟県","city":"妙高市","town":"姫川原（その他）"}],"0002":[{"pref":"新潟県","city":"妙高市","town":"広島"}],"0033":[{"pref":"新潟県","city":"妙高市","town":"広田町"}],"0071":[{"pref":"新潟県","city":"妙高市","town":"藤塚新田"}],"0202":[{"pref":"新潟県","city":"妙高市","town":"巻淵"}],"0074":[{"pref":"新潟県","city":"妙高市","town":"三ツ俣"}],"0097":[{"pref":"新潟県","city":"妙高市","town":"宮内"}],"0085":[{"pref":"新潟県","city":"妙高市","town":"谷内林新田"}],"0008":[{"pref":"新潟県","city":"妙高市","town":"柳井田町"}],"0098":[{"pref":"新潟県","city":"妙高市","town":"雪森"}],"0022":[{"pref":"新潟県","city":"妙高市","town":"吉木"}],"0024":[{"pref":"新潟県","city":"妙高市","town":"吉木新田"}],"0062":[{"pref":"新潟県","city":"妙高市","town":"両善寺"}],"0211":[{"pref":"新潟県","city":"妙高市","town":"和屋"}],"0150":[{"pref":"新潟県","city":"上越市","town":"板倉区青葉"}],"0101":[{"pref":"新潟県","city":"上越市","town":"板倉区稲増"}],"0119":[{"pref":"新潟県","city":"上越市","town":"板倉区大野新田"}],"0123":[{"pref":"新潟県","city":"上越市","town":"板倉区釜塚"}],"0147":[{"pref":"新潟県","city":"上越市","town":"板倉区上中島新田"}],"0102":[{"pref":"新潟県","city":"上越市","town":"板倉区上福田新田"}],"0124":[{"pref":"新潟県","city":"上越市","town":"板倉区久々野"}],"0139":[{"pref":"新潟県","city":"上越市","town":"板倉区熊川"}],"0138":[{"pref":"新潟県","city":"上越市","town":"板倉区熊川新田"}],"0118":[{"pref":"新潟県","city":"上越市","town":"板倉区栗沢"}],"0115":[{"pref":"新潟県","city":"上越市","town":"板倉区玄藤寺新田"}],"0146":[{"pref":"新潟県","city":"上越市","town":"板倉区小石原"}],"0133":[{"pref":"新潟県","city":"上越市","town":"板倉区国川"}],"0129":[{"pref":"新潟県","city":"上越市","town":"板倉区菰立"}],"0107":[{"pref":"新潟県","city":"上越市","town":"板倉区坂井"}],"0125":[{"pref":"新潟県","city":"上越市","town":"板倉区猿供養寺"}],"0106":[{"pref":"新潟県","city":"上越市","town":"板倉区沢田"}],"0149":[{"pref":"新潟県","city":"上越市","town":"板倉区下田屋"}],"0144":[{"pref":"新潟県","city":"上越市","town":"板倉区下米沢"}],"0116":[{"pref":"新潟県","city":"上越市","town":"板倉区関田"}],"0143":[{"pref":"新潟県","city":"上越市","town":"板倉区関根"}],"0132":[{"pref":"新潟県","city":"上越市","town":"板倉区曽根田"}],"0141":[{"pref":"新潟県","city":"上越市","town":"板倉区田井"}],"0142":[{"pref":"新潟県","city":"上越市","town":"板倉区高野"}],"0114":[{"pref":"新潟県","city":"上越市","town":"板倉区達野"}],"0105":[{"pref":"新潟県","city":"上越市","town":"板倉区田屋"}],"0117":[{"pref":"新潟県","city":"上越市","town":"板倉区筒方"}],"0109":[{"pref":"新潟県","city":"上越市","town":"板倉区戸狩"}],"0104":[{"pref":"新潟県","city":"上越市","town":"板倉区長塚"}],"0122":[{"pref":"新潟県","city":"上越市","town":"板倉区中之宮"}],"0108":[{"pref":"新潟県","city":"上越市","town":"板倉区長嶺"}],"0112":[{"pref":"新潟県","city":"上越市","town":"板倉区中四ツ屋"}],"0128":[{"pref":"新潟県","city":"上越市","town":"板倉区機織"}],"0131":[{"pref":"新潟県","city":"上越市","town":"板倉区針"}],"0126":[{"pref":"新潟県","city":"上越市","town":"板倉区東山寺"}],"0134":[{"pref":"新潟県","city":"上越市","town":"板倉区福王寺"}],"0127":[{"pref":"新潟県","city":"上越市","town":"板倉区不動新田"}],"0113":[{"pref":"新潟県","city":"上越市","town":"板倉区別所"}],"0151":[{"pref":"新潟県","city":"上越市","town":"板倉区緑ケ丘"}],"0145":[{"pref":"新潟県","city":"上越市","town":"板倉区南中島"}],"0103":[{"pref":"新潟県","city":"上越市","town":"板倉区南四ツ屋新田"}],"0111":[{"pref":"新潟県","city":"上越市","town":"板倉区宮島"}],"0136":[{"pref":"新潟県","city":"上越市","town":"板倉区山越"}],"0121":[{"pref":"新潟県","city":"上越市","town":"板倉区山部"}],"0148":[{"pref":"新潟県","city":"上越市","town":"板倉区横町"}],"0137":[{"pref":"新潟県","city":"上越市","town":"板倉区吉増"}],"0135":[{"pref":"新潟県","city":"上越市","town":"板倉区米増"}]}