{"0000":[{"pref":"千葉県","city":"成田市","town":"以下に掲載がない場合"}],"0832":[{"pref":"千葉県","city":"成田市","town":"赤荻"}],"0017":[{"pref":"千葉県","city":"成田市","town":"赤坂"}],"0831":[{"pref":"千葉県","city":"成田市","town":"芦田"}],"0025":[{"pref":"千葉県","city":"成田市","town":"東町"}],"0018":[{"pref":"千葉県","city":"成田市","town":"吾妻"}],"0818":[{"pref":"千葉県","city":"成田市","town":"荒海"}],"0803":[{"pref":"千葉県","city":"成田市","town":"安西"}],"0041":[{"pref":"千葉県","city":"成田市","town":"飯田町"}],"0046":[{"pref":"千葉県","city":"成田市","town":"飯仲"}],"0035":[{"pref":"千葉県","city":"成田市","town":"囲護台"}],"0811":[{"pref":"千葉県","city":"成田市","town":"磯部"}],"0813":[{"pref":"千葉県","city":"成田市","town":"飯岡"}],"0029":[{"pref":"千葉県","city":"成田市","town":"ウイング土屋"}],"0047":[{"pref":"千葉県","city":"成田市","town":"江弁須"}],"0817":[{"pref":"千葉県","city":"成田市","town":"大生"}],"0122":[{"pref":"千葉県","city":"成田市","town":"大清水"}],"0841":[{"pref":"千葉県","city":"成田市","town":"大竹"}],"0043":[{"pref":"千葉県","city":"成田市","town":"大袋"}],"0821":[{"pref":"千葉県","city":"成田市","town":"大室"}],"0131":[{"pref":"千葉県","city":"成田市","town":"大山"}],"0845":[{"pref":"千葉県","city":"成田市","town":"押畑"}],"0032":[{"pref":"千葉県","city":"成田市","town":"上町"}],"0842":[{"pref":"千葉県","city":"成田市","town":"上福田"}],"0036":[{"pref":"千葉県","city":"成田市","town":"加良部"}],"0125":[{"pref":"千葉県","city":"成田市","town":"川栗"}],"0006":[{"pref":"千葉県","city":"成田市","town":"北須賀"}],"0807":[{"pref":"千葉県","city":"成田市","town":"北羽鳥"}],"0105":[{"pref":"千葉県","city":"成田市","town":"木の根（その他）"}],"0819":[{"pref":"千葉県","city":"成田市","town":"久住中央"}],"0136":[{"pref":"千葉県","city":"成田市","town":"久米"}],"0126":[{"pref":"千葉県","city":"成田市","town":"久米野"}],"0823":[{"pref":"千葉県","city":"成田市","town":"小泉"}],"0048":[{"pref":"千葉県","city":"成田市","town":"公津の杜"}],"0014":[{"pref":"千葉県","city":"成田市","town":"郷部"}],"0137":[{"pref":"千葉県","city":"成田市","town":"御所の内"}],"0127":[{"pref":"千葉県","city":"成田市","town":"小菅（その他）"}],"0121":[{"pref":"千葉県","city":"成田市","town":"駒井野（その他）"}],"0028":[{"pref":"千葉県","city":"成田市","town":"幸町"}],"0808":[{"pref":"千葉県","city":"成田市","town":"佐野"}],"0116":[{"pref":"千葉県","city":"成田市","town":"三里塚御料"}],"0117":[{"pref":"千葉県","city":"成田市","town":"三里塚光ケ丘"}],"0111":[{"pref":"千葉県","city":"成田市","town":"三里塚（その他）"}],"0005":[{"pref":"千葉県","city":"成田市","town":"下方"}],"0822":[{"pref":"千葉県","city":"成田市","town":"芝"}],"0836":[{"pref":"千葉県","city":"成田市","town":"下金山"}],"0843":[{"pref":"千葉県","city":"成田市","town":"下福田"}],"0825":[{"pref":"千葉県","city":"成田市","town":"新泉"}],"0123":[{"pref":"千葉県","city":"成田市","town":"新駒井野"}],"0031":[{"pref":"千葉県","city":"成田市","town":"新町"}],"0835":[{"pref":"千葉県","city":"成田市","town":"関戸"}],"0004":[{"pref":"千葉県","city":"成田市","town":"宗吾"}],"0003":[{"pref":"千葉県","city":"成田市","town":"台方"}],"0844":[{"pref":"千葉県","city":"成田市","town":"宝田"}],"0801":[{"pref":"千葉県","city":"成田市","town":"竜台"}],"0024":[{"pref":"千葉県","city":"成田市","town":"田町"}],"0011":[{"pref":"千葉県","city":"成田市","town":"玉造"}],"0815":[{"pref":"千葉県","city":"成田市","town":"土室"}],"0021":[{"pref":"千葉県","city":"成田市","town":"土屋"}],"0022":[{"pref":"千葉県","city":"成田市","town":"寺台"}],"0102":[{"pref":"千葉県","city":"成田市","town":"天神峰（その他）"}],"0103":[{"pref":"千葉県","city":"成田市","town":"東峰（その他）"}],"0134":[{"pref":"千葉県","city":"成田市","town":"東和田"}],"0106":[{"pref":"千葉県","city":"成田市","town":"取香（その他）"}],"0101":[{"pref":"千葉県","city":"成田市","town":"十余三（その他）"}],"0015":[{"pref":"千葉県","city":"成田市","town":"中台"}],"0027":[{"pref":"千葉県","city":"成田市","town":"仲町"}],"0108":[{"pref":"千葉県","city":"成田市","town":"長田"}],"0804":[{"pref":"千葉県","city":"成田市","town":"長沼"}],"0045":[{"pref":"千葉県","city":"成田市","town":"並木町"}],"0023":[{"pref":"千葉県","city":"成田市","town":"成田"}],"0816":[{"pref":"千葉県","city":"成田市","town":"成毛"}],"0806":[{"pref":"千葉県","city":"成田市","town":"南部"}],"0042":[{"pref":"千葉県","city":"成田市","town":"南平台"}],"0827":[{"pref":"千葉県","city":"成田市","town":"西和泉"}],"0115":[{"pref":"千葉県","city":"成田市","town":"西三里塚"}],"0837":[{"pref":"千葉県","city":"成田市","town":"新妻"}],"0824":[{"pref":"千葉県","city":"成田市","town":"野毛平"}],"0037":[{"pref":"千葉県","city":"成田市","town":"橋賀台"}],"0124":[{"pref":"千葉県","city":"成田市","town":"畑ケ田"}],"0814":[{"pref":"千葉県","city":"成田市","town":"幡谷"}],"0033":[{"pref":"千葉県","city":"成田市","town":"花崎町"}],"0007":[{"pref":"千葉県","city":"成田市","town":"はなのき台"}],"0132":[{"pref":"千葉県","city":"成田市","town":"馬場"}],"0826":[{"pref":"千葉県","city":"成田市","town":"東和泉"}],"0833":[{"pref":"千葉県","city":"成田市","town":"東金山"}],"0112":[{"pref":"千葉県","city":"成田市","town":"東三里塚（その他）"}],"0044":[{"pref":"千葉県","city":"成田市","town":"不動ケ岡"}],"0001":[{"pref":"千葉県","city":"成田市","town":"船形"}],"0104":[{"pref":"千葉県","city":"成田市","town":"古込（その他）"}],"0802":[{"pref":"千葉県","city":"成田市","town":"北部"}],"0107":[{"pref":"千葉県","city":"成田市","town":"堀之内（その他）"}],"0118":[{"pref":"千葉県","city":"成田市","town":"本三里塚"}],"0114":[{"pref":"千葉県","city":"成田市","town":"本城"}],"0026":[{"pref":"千葉県","city":"成田市","town":"本町"}],"0034":[{"pref":"千葉県","city":"成田市","town":"馬橋"}],"0846":[{"pref":"千葉県","city":"成田市","town":"松崎"}],"0013":[{"pref":"千葉県","city":"成田市","town":"美郷台"}],"0812":[{"pref":"千葉県","city":"成田市","town":"水掛"}],"0113":[{"pref":"千葉県","city":"成田市","town":"南三里塚"}],"0805":[{"pref":"千葉県","city":"成田市","town":"南羽鳥"}],"0002":[{"pref":"千葉県","city":"成田市","town":"八代"}],"0012":[{"pref":"千葉県","city":"成田市","town":"山口"}],"0135":[{"pref":"千葉県","city":"成田市","town":"山之作"}],"0133":[{"pref":"千葉県","city":"成田市","town":"吉倉"}],"0016":[{"pref":"千葉県","city":"成田市","town":"米野"}],"0834":[{"pref":"千葉県","city":"成田市","town":"和田"}],"0200":[{"pref":"千葉県","city":"富里市","town":"以下に掲載がない場合"}],"0204":[{"pref":"千葉県","city":"富里市","town":"大和"}],"0203":[{"pref":"千葉県","city":"富里市","town":"久能"}],"0216":[{"pref":"千葉県","city":"富里市","town":"高野"}],"0211":[{"pref":"千葉県","city":"富里市","town":"御料"}],"0223":[{"pref":"千葉県","city":"富里市","town":"新中沢"}],"0213":[{"pref":"千葉県","city":"富里市","town":"高松"}],"0214":[{"pref":"千葉県","city":"富里市","town":"立沢"}],"0215":[{"pref":"千葉県","city":"富里市","town":"立沢新田"}],"0212":[{"pref":"千葉県","city":"富里市","town":"十倉"}],"0222":[{"pref":"千葉県","city":"富里市","town":"中沢"}],"0221":[{"pref":"千葉県","city":"富里市","town":"七栄"}],"0224":[{"pref":"千葉県","city":"富里市","town":"新橋"}],"0205":[{"pref":"千葉県","city":"富里市","town":"根木名"}],"0202":[{"pref":"千葉県","city":"富里市","town":"日吉倉"}],"0201":[{"pref":"千葉県","city":"富里市","town":"日吉台"}],"0225":[{"pref":"千葉県","city":"富里市","town":"美沢"}]}