{"0000":[{"pref":"東京都","city":"町田市","town":"以下に掲載がない場合"}],"0211":[{"pref":"東京都","city":"町田市","town":"相原町"}],"0023":[{"pref":"東京都","city":"町田市","town":"旭町"}],"0003":[{"pref":"東京都","city":"町田市","town":"小川"}],"0215":[{"pref":"東京都","city":"町田市","town":"小山ヶ丘"}],"0204":[{"pref":"東京都","city":"町田市","town":"小山田桜台"}],"0212":[{"pref":"東京都","city":"町田市","town":"小山町"}],"0012":[{"pref":"東京都","city":"町田市","town":"金森"}],"0015":[{"pref":"東京都","city":"町田市","town":"金森東"}],"0201":[{"pref":"東京都","city":"町田市","town":"上小山田町"}],"0037":[{"pref":"東京都","city":"町田市","town":"木曽西"}],"0036":[{"pref":"東京都","city":"町田市","town":"木曽東"}],"0033":[{"pref":"東京都","city":"町田市","town":"木曽町"}],"0014":[{"pref":"東京都","city":"町田市","town":"高ヶ坂"}],"0202":[{"pref":"東京都","city":"町田市","town":"下小山田町"}],"0203":[{"pref":"東京都","city":"町田市","town":"図師町"}],"0035":[{"pref":"東京都","city":"町田市","town":"忠生"}],"0041":[{"pref":"東京都","city":"町田市","town":"玉川学園"}],"0001":[{"pref":"東京都","city":"町田市","town":"つくし野"}],"0004":[{"pref":"東京都","city":"町田市","town":"鶴間"}],"0213":[{"pref":"東京都","city":"町田市","town":"常盤町"}],"0021":[{"pref":"東京都","city":"町田市","town":"中町"}],"0044":[{"pref":"東京都","city":"町田市","town":"成瀬"}],"0011":[{"pref":"東京都","city":"町田市","town":"成瀬が丘"}],"0043":[{"pref":"東京都","city":"町田市","town":"成瀬台"}],"0046":[{"pref":"東京都","city":"町田市","town":"西成瀬"}],"0038":[{"pref":"東京都","city":"町田市","town":"根岸"}],"0034":[{"pref":"東京都","city":"町田市","town":"根岸町"}],"0013":[{"pref":"東京都","city":"町田市","town":"原町田"}],"0042":[{"pref":"東京都","city":"町田市","town":"東玉川学園"}],"0039":[{"pref":"東京都","city":"町田市","town":"藤の台（１、２丁目）"}],"0032":[{"pref":"東京都","city":"町田市","town":"本町田"}],"0031":[{"pref":"東京都","city":"町田市","town":"南大谷"}],"0002":[{"pref":"東京都","city":"町田市","town":"南つくし野"}],"0045":[{"pref":"東京都","city":"町田市","town":"南成瀬"}],"0005":[{"pref":"東京都","city":"町田市","town":"南町田"}],"0022":[{"pref":"東京都","city":"町田市","town":"森野"}],"0214":[{"pref":"東京都","city":"町田市","town":"矢部町"}]}