{"0918":[{"pref":"長崎県","city":"佐世保市","town":"相浦町"}],"0917":[{"pref":"長崎県","city":"佐世保市","town":"愛宕町"}],"0926":[{"pref":"長崎県","city":"佐世保市","town":"大潟町"}],"0902":[{"pref":"長崎県","city":"佐世保市","town":"踊石町"}],"0965":[{"pref":"長崎県","city":"佐世保市","town":"小野町（その他）"}],"0922":[{"pref":"長崎県","city":"佐世保市","town":"鹿子前町"}],"0915":[{"pref":"長崎県","city":"佐世保市","town":"上相浦町"}],"0903":[{"pref":"長崎県","city":"佐世保市","town":"上本山町"}],"0914":[{"pref":"長崎県","city":"佐世保市","town":"川下町"}],"0916":[{"pref":"長崎県","city":"佐世保市","town":"木宮町"}],"0925":[{"pref":"長崎県","city":"佐世保市","town":"椎木町"}],"0905":[{"pref":"長崎県","city":"佐世保市","town":"下本山町"}],"0913":[{"pref":"長崎県","city":"佐世保市","town":"新田町"}],"0924":[{"pref":"長崎県","city":"佐世保市","town":"星和台町"}],"0931":[{"pref":"長崎県","city":"佐世保市","town":"高島町"}],"0901":[{"pref":"長崎県","city":"佐世保市","town":"岳野町"}],"0911":[{"pref":"長崎県","city":"佐世保市","town":"竹辺町"}],"0907":[{"pref":"長崎県","city":"佐世保市","town":"棚方町"}],"0921":[{"pref":"長崎県","city":"佐世保市","town":"長坂町"}],"0904":[{"pref":"長崎県","city":"佐世保市","town":"中里町"}],"0906":[{"pref":"長崎県","city":"佐世保市","town":"八の久保町"}],"0908":[{"pref":"長崎県","city":"佐世保市","town":"光町"}],"0923":[{"pref":"長崎県","city":"佐世保市","town":"日野町"}],"0912":[{"pref":"長崎県","city":"佐世保市","town":"母ケ浦町"}]}