{"0000":[{"pref":"茨城県","city":"日立市","town":"以下に掲載がない場合"}],"0075":[{"pref":"茨城県","city":"日立市","town":"相賀町"}],"0074":[{"pref":"茨城県","city":"日立市","town":"旭町"}],"0076":[{"pref":"茨城県","city":"日立市","town":"会瀬町"}],"0071":[{"pref":"茨城県","city":"日立市","town":"鹿島町"}],"0064":[{"pref":"茨城県","city":"日立市","town":"神峰町"}],"0073":[{"pref":"茨城県","city":"日立市","town":"幸町"}],"0077":[{"pref":"茨城県","city":"日立市","town":"城南町"}],"0056":[{"pref":"茨城県","city":"日立市","town":"白銀町"}],"0065":[{"pref":"茨城県","city":"日立市","town":"助川町"}],"0066":[{"pref":"茨城県","city":"日立市","town":"高鈴町"}],"0053":[{"pref":"茨城県","city":"日立市","town":"滑川町"}],"0051":[{"pref":"茨城県","city":"日立市","town":"滑川本町"}],"0061":[{"pref":"茨城県","city":"日立市","town":"東町"}],"0052":[{"pref":"茨城県","city":"日立市","town":"東滑川町"}],"0062":[{"pref":"茨城県","city":"日立市","town":"平和町"}],"0072":[{"pref":"茨城県","city":"日立市","town":"弁天町"}],"0055":[{"pref":"茨城県","city":"日立市","town":"宮田町"}],"0054":[{"pref":"茨城県","city":"日立市","town":"本宮町"}],"0063":[{"pref":"茨城県","city":"日立市","town":"若葉町"}]}