{"1101":[{"pref":"鳥取県","city":"鳥取市","town":"杉崎"}],"1102":[{"pref":"鳥取県","city":"鳥取市","town":"津ノ井"}],"1103":[{"pref":"鳥取県","city":"鳥取市","town":"生山"}],"1104":[{"pref":"鳥取県","city":"鳥取市","town":"桂木"}],"1105":[{"pref":"鳥取県","city":"鳥取市","town":"東大路"}],"1106":[{"pref":"鳥取県","city":"鳥取市","town":"中大路"}],"1107":[{"pref":"鳥取県","city":"鳥取市","town":"西大路"}],"1111":[{"pref":"鳥取県","city":"鳥取市","town":"若葉台北"}],"1112":[{"pref":"鳥取県","city":"鳥取市","town":"若葉台南"}],"1113":[{"pref":"鳥取県","city":"鳥取市","town":"祢宜谷"}],"1114":[{"pref":"鳥取県","city":"鳥取市","town":"香取"}],"1115":[{"pref":"鳥取県","city":"鳥取市","town":"紙子谷"}],"1116":[{"pref":"鳥取県","city":"鳥取市","town":"広岡"}],"1117":[{"pref":"鳥取県","city":"鳥取市","town":"海蔵寺"}],"1121":[{"pref":"鳥取県","city":"鳥取市","town":"南栄町"}],"1122":[{"pref":"鳥取県","city":"鳥取市","town":"船木"}],"1123":[{"pref":"鳥取県","city":"鳥取市","town":"久末"}],"1124":[{"pref":"鳥取県","city":"鳥取市","town":"越路"}],"1125":[{"pref":"鳥取県","city":"鳥取市","town":"古郡家"}],"1126":[{"pref":"鳥取県","city":"鳥取市","town":"美和"}],"1201":[{"pref":"鳥取県","city":"鳥取市","town":"用瀬町用瀬"}],"1211":[{"pref":"鳥取県","city":"鳥取市","town":"用瀬町別府"}],"1212":[{"pref":"鳥取県","city":"鳥取市","town":"用瀬町美成"}],"1213":[{"pref":"鳥取県","city":"鳥取市","town":"用瀬町鷹狩"}],"1214":[{"pref":"鳥取県","city":"鳥取市","town":"用瀬町旭ケ丘"}],"1215":[{"pref":"鳥取県","city":"鳥取市","town":"用瀬町赤波"}],"1221":[{"pref":"鳥取県","city":"鳥取市","town":"用瀬町古用瀬"}],"1222":[{"pref":"鳥取県","city":"鳥取市","town":"用瀬町家奥"}],"1223":[{"pref":"鳥取県","city":"鳥取市","town":"用瀬町金屋"}],"1224":[{"pref":"鳥取県","city":"鳥取市","town":"用瀬町樟原"}],"1225":[{"pref":"鳥取県","city":"鳥取市","town":"用瀬町宮原"}],"1226":[{"pref":"鳥取県","city":"鳥取市","town":"用瀬町川中"}],"1227":[{"pref":"鳥取県","city":"鳥取市","town":"用瀬町安蔵"}],"1228":[{"pref":"鳥取県","city":"鳥取市","town":"用瀬町屋住"}],"1229":[{"pref":"鳥取県","city":"鳥取市","town":"用瀬町江波"}],"1301":[{"pref":"鳥取県","city":"鳥取市","town":"佐治町葛谷"}],"1302":[{"pref":"鳥取県","city":"鳥取市","town":"佐治町小原"}],"1303":[{"pref":"鳥取県","city":"鳥取市","town":"佐治町刈地"}],"1304":[{"pref":"鳥取県","city":"鳥取市","town":"佐治町大井"}],"1305":[{"pref":"鳥取県","city":"鳥取市","town":"佐治町森坪"}],"1306":[{"pref":"鳥取県","city":"鳥取市","town":"佐治町古市"}],"1307":[{"pref":"鳥取県","city":"鳥取市","town":"佐治町津無"}],"1311":[{"pref":"鳥取県","city":"鳥取市","town":"佐治町津野"}],"1312":[{"pref":"鳥取県","city":"鳥取市","town":"佐治町高山"}],"1313":[{"pref":"鳥取県","city":"鳥取市","town":"佐治町加瀬木"}],"1314":[{"pref":"鳥取県","city":"鳥取市","town":"佐治町加茂"}],"1315":[{"pref":"鳥取県","city":"鳥取市","town":"佐治町畑"}],"1316":[{"pref":"鳥取県","city":"鳥取市","town":"佐治町福園"}],"1321":[{"pref":"鳥取県","city":"鳥取市","town":"佐治町河本"}],"1322":[{"pref":"鳥取県","city":"鳥取市","town":"佐治町つく谷"}],"1323":[{"pref":"鳥取県","city":"鳥取市","town":"佐治町余戸"}],"1324":[{"pref":"鳥取県","city":"鳥取市","town":"佐治町尾際"}],"1325":[{"pref":"鳥取県","city":"鳥取市","town":"佐治町中"}],"1326":[{"pref":"鳥取県","city":"鳥取市","town":"佐治町栃原"}],"1400":[{"pref":"鳥取県","city":"八頭郡智頭町","town":"以下に掲載がない場合"}],"1401":[{"pref":"鳥取県","city":"八頭郡智頭町","town":"市瀬"}],"1402":[{"pref":"鳥取県","city":"八頭郡智頭町","town":"智頭"}],"1403":[{"pref":"鳥取県","city":"八頭郡智頭町","town":"南方"}],"1404":[{"pref":"鳥取県","city":"八頭郡智頭町","town":"岩神"}],"1411":[{"pref":"鳥取県","city":"八頭郡智頭町","town":"八河谷"}],"1412":[{"pref":"鳥取県","city":"八頭郡智頭町","town":"芦津"}],"1413":[{"pref":"鳥取県","city":"八頭郡智頭町","town":"大呂"}],"1414":[{"pref":"鳥取県","city":"八頭郡智頭町","town":"西野"}],"1415":[{"pref":"鳥取県","city":"八頭郡智頭町","town":"郷原"}],"1416":[{"pref":"鳥取県","city":"八頭郡智頭町","town":"毛谷"}],"1417":[{"pref":"鳥取県","city":"八頭郡智頭町","town":"篠坂"}],"1421":[{"pref":"鳥取県","city":"八頭郡智頭町","town":"大内"}],"1422":[{"pref":"鳥取県","city":"八頭郡智頭町","town":"尾見"}],"1423":[{"pref":"鳥取県","city":"八頭郡智頭町","town":"中原"}],"1424":[{"pref":"鳥取県","city":"八頭郡智頭町","town":"駒帰"}],"1425":[{"pref":"鳥取県","city":"八頭郡智頭町","town":"福原"}],"1426":[{"pref":"鳥取県","city":"八頭郡智頭町","town":"西谷"}],"1431":[{"pref":"鳥取県","city":"八頭郡智頭町","town":"山根"}],"1432":[{"pref":"鳥取県","city":"八頭郡智頭町","town":"穂見"}],"1433":[{"pref":"鳥取県","city":"八頭郡智頭町","town":"埴師"}],"1434":[{"pref":"鳥取県","city":"八頭郡智頭町","town":"三吉"}],"1435":[{"pref":"鳥取県","city":"八頭郡智頭町","town":"横田"}],"1436":[{"pref":"鳥取県","city":"八頭郡智頭町","town":"木原"}],"1437":[{"pref":"鳥取県","city":"八頭郡智頭町","town":"三田"}],"1441":[{"pref":"鳥取県","city":"八頭郡智頭町","town":"慶所"}],"1442":[{"pref":"鳥取県","city":"八頭郡智頭町","town":"大屋"}],"1443":[{"pref":"鳥取県","city":"八頭郡智頭町","town":"真鹿野"}],"1444":[{"pref":"鳥取県","city":"八頭郡智頭町","town":"野原"}],"1445":[{"pref":"鳥取県","city":"八頭郡智頭町","town":"早瀬"}],"1451":[{"pref":"鳥取県","city":"八頭郡智頭町","town":"大背"}],"1452":[{"pref":"鳥取県","city":"八頭郡智頭町","town":"奥本"}],"1453":[{"pref":"鳥取県","city":"八頭郡智頭町","town":"東宇塚"}],"1454":[{"pref":"鳥取県","city":"八頭郡智頭町","town":"河津原"}],"1455":[{"pref":"鳥取県","city":"八頭郡智頭町","town":"西宇塚"}],"1461":[{"pref":"鳥取県","city":"八頭郡智頭町","town":"坂原"}],"1462":[{"pref":"鳥取県","city":"八頭郡智頭町","town":"中田"}],"1463":[{"pref":"鳥取県","city":"八頭郡智頭町","town":"新見"}],"1464":[{"pref":"鳥取県","city":"八頭郡智頭町","town":"口宇波"}],"1465":[{"pref":"鳥取県","city":"八頭郡智頭町","town":"宇波"}],"1466":[{"pref":"鳥取県","city":"八頭郡智頭町","town":"波多"}],"1467":[{"pref":"鳥取県","city":"八頭郡智頭町","town":"口波多"}],"1468":[{"pref":"鳥取県","city":"八頭郡智頭町","town":"惣地"}],"2101":[{"pref":"鳥取県","city":"東伯郡北栄町","town":"江北"}],"2102":[{"pref":"鳥取県","city":"東伯郡北栄町","town":"国坂"}],"2103":[{"pref":"鳥取県","city":"東伯郡北栄町","town":"田井"}],"2104":[{"pref":"鳥取県","city":"東伯郡北栄町","town":"弓原"}],"2105":[{"pref":"鳥取県","city":"東伯郡北栄町","town":"下神"}],"2106":[{"pref":"鳥取県","city":"東伯郡北栄町","town":"松神"}],"2111":[{"pref":"鳥取県","city":"東伯郡北栄町","town":"土下"}],"2112":[{"pref":"鳥取県","city":"東伯郡北栄町","town":"北条島"}],"2113":[{"pref":"鳥取県","city":"東伯郡北栄町","town":"米里"}],"2114":[{"pref":"鳥取県","city":"東伯郡北栄町","town":"北尾"}],"2115":[{"pref":"鳥取県","city":"東伯郡北栄町","town":"曲"}],"2200":[{"pref":"鳥取県","city":"東伯郡北栄町","town":"以下に掲載がない場合"}],"2201":[{"pref":"鳥取県","city":"東伯郡北栄町","town":"西園"}],"2202":[{"pref":"鳥取県","city":"東伯郡北栄町","town":"東園"}],"2203":[{"pref":"鳥取県","city":"東伯郡北栄町","town":"原"}],"2204":[{"pref":"鳥取県","city":"東伯郡北栄町","town":"穂波"}],"2205":[{"pref":"鳥取県","city":"東伯郡北栄町","town":"瀬戸"}],"2206":[{"pref":"鳥取県","city":"東伯郡北栄町","town":"大島"}],"2207":[{"pref":"鳥取県","city":"東伯郡北栄町","town":"西穂波"}],"2208":[{"pref":"鳥取県","city":"東伯郡北栄町","town":"六尾"}],"2211":[{"pref":"鳥取県","city":"東伯郡北栄町","town":"亀谷"}],"2212":[{"pref":"鳥取県","city":"東伯郡北栄町","town":"下種"}],"2213":[{"pref":"鳥取県","city":"東伯郡北栄町","town":"上種"}],"2214":[{"pref":"鳥取県","city":"東伯郡北栄町","town":"東高尾"}],"2215":[{"pref":"鳥取県","city":"東伯郡北栄町","town":"西高尾"}],"2216":[{"pref":"鳥取県","city":"東伯郡北栄町","town":"岩坪"}],"2221":[{"pref":"鳥取県","city":"東伯郡北栄町","town":"由良宿"}],"2223":[{"pref":"鳥取県","city":"東伯郡北栄町","town":"大谷"}],"2224":[{"pref":"鳥取県","city":"東伯郡北栄町","town":"妻波"}],"2300":[{"pref":"鳥取県","city":"東伯郡琴浦町","town":"以下に掲載がない場合"}],"2301":[{"pref":"鳥取県","city":"東伯郡琴浦町","town":"八橋"}],"2302":[{"pref":"鳥取県","city":"東伯郡琴浦町","town":"丸尾"}],"2303":[{"pref":"鳥取県","city":"東伯郡琴浦町","town":"徳万"}],"2304":[{"pref":"鳥取県","city":"東伯郡琴浦町","town":"逢束"}],"2305":[{"pref":"鳥取県","city":"東伯郡琴浦町","town":"槻下"}],"2306":[{"pref":"鳥取県","city":"東伯郡琴浦町","town":"笠見"}],"2311":[{"pref":"鳥取県","city":"東伯郡琴浦町","town":"中尾"}],"2312":[{"pref":"鳥取県","city":"東伯郡琴浦町","town":"金屋"}],"2313":[{"pref":"鳥取県","city":"東伯郡琴浦町","town":"杉下"}],"2314":[{"pref":"鳥取県","city":"東伯郡琴浦町","town":"下大江"}],"2315":[{"pref":"鳥取県","city":"東伯郡琴浦町","town":"上伊勢"}],"2316":[{"pref":"鳥取県","city":"東伯郡琴浦町","town":"下伊勢"}],"2321":[{"pref":"鳥取県","city":"東伯郡琴浦町","town":"森藤"}],"2322":[{"pref":"鳥取県","city":"東伯郡琴浦町","town":"八反田"}],"2323":[{"pref":"鳥取県","city":"東伯郡琴浦町","town":"宮場"}],"2324":[{"pref":"鳥取県","city":"東伯郡琴浦町","town":"矢下"}],"2325":[{"pref":"鳥取県","city":"東伯郡琴浦町","town":"法万"}],"2326":[{"pref":"鳥取県","city":"東伯郡琴浦町","town":"光好"}],"2331":[{"pref":"鳥取県","city":"東伯郡琴浦町","town":"杉地"}],"2332":[{"pref":"鳥取県","city":"東伯郡琴浦町","town":"古長"}],"2333":[{"pref":"鳥取県","city":"東伯郡琴浦町","town":"別宮"}],"2334":[{"pref":"鳥取県","city":"東伯郡琴浦町","town":"三本杉"}],"2335":[{"pref":"鳥取県","city":"東伯郡琴浦町","town":"中津原"}],"2336":[{"pref":"鳥取県","city":"東伯郡琴浦町","town":"野井倉"}],"2341":[{"pref":"鳥取県","city":"東伯郡琴浦町","town":"倉坂"}],"2342":[{"pref":"鳥取県","city":"東伯郡琴浦町","town":"公文"}],"2343":[{"pref":"鳥取県","city":"東伯郡琴浦町","town":"山田"}],"2344":[{"pref":"鳥取県","city":"東伯郡琴浦町","town":"大杉"}],"2345":[{"pref":"鳥取県","city":"東伯郡琴浦町","town":"福永"}],"2346":[{"pref":"鳥取県","city":"東伯郡琴浦町","town":"野田"}],"2351":[{"pref":"鳥取県","city":"東伯郡琴浦町","town":"保"}],"2352":[{"pref":"鳥取県","city":"東伯郡琴浦町","town":"浦安"}],"2353":[{"pref":"鳥取県","city":"東伯郡琴浦町","town":"三保"}],"2354":[{"pref":"鳥取県","city":"東伯郡琴浦町","town":"美好"}],"2355":[{"pref":"鳥取県","city":"東伯郡琴浦町","town":"釛"}],"2356":[{"pref":"鳥取県","city":"東伯郡琴浦町","town":"田越"}],"2501":[{"pref":"鳥取県","city":"東伯郡琴浦町","town":"赤碕"}],"2502":[{"pref":"鳥取県","city":"東伯郡琴浦町","town":"別所"}],"2503":[{"pref":"鳥取県","city":"東伯郡琴浦町","town":"松谷"}],"2511":[{"pref":"鳥取県","city":"東伯郡琴浦町","town":"出上"}],"2512":[{"pref":"鳥取県","city":"東伯郡琴浦町","town":"勝田"}],"2513":[{"pref":"鳥取県","city":"東伯郡琴浦町","town":"西宮"}],"2521":[{"pref":"鳥取県","city":"東伯郡琴浦町","town":"竹内"}],"2522":[{"pref":"鳥取県","city":"東伯郡琴浦町","town":"宮木"}],"2523":[{"pref":"鳥取県","city":"東伯郡琴浦町","town":"高岡"}],"2524":[{"pref":"鳥取県","city":"東伯郡琴浦町","town":"大父"}],"2525":[{"pref":"鳥取県","city":"東伯郡琴浦町","town":"山川"}],"2531":[{"pref":"鳥取県","city":"東伯郡琴浦町","town":"佐崎"}],"2532":[{"pref":"鳥取県","city":"東伯郡琴浦町","town":"太一垣"}],"2533":[{"pref":"鳥取県","city":"東伯郡琴浦町","town":"中村"}],"2534":[{"pref":"鳥取県","city":"東伯郡琴浦町","town":"光"}],"2535":[{"pref":"鳥取県","city":"東伯郡琴浦町","town":"尾張"}],"2541":[{"pref":"鳥取県","city":"東伯郡琴浦町","town":"八幡"}],"2542":[{"pref":"鳥取県","city":"東伯郡琴浦町","town":"湯坂"}],"2543":[{"pref":"鳥取県","city":"東伯郡琴浦町","town":"梅田"}],"2544":[{"pref":"鳥取県","city":"東伯郡琴浦町","town":"箆津"}],"3101":[{"pref":"鳥取県","city":"西伯郡大山町","town":"潮音寺"}],"3102":[{"pref":"鳥取県","city":"西伯郡大山町","town":"石井垣"}],"3103":[{"pref":"鳥取県","city":"西伯郡大山町","town":"樋口"}],"3104":[{"pref":"鳥取県","city":"西伯郡大山町","town":"八重"}],"3105":[{"pref":"鳥取県","city":"西伯郡大山町","town":"束積"}],"3106":[{"pref":"鳥取県","city":"西伯郡大山町","town":"羽田井"}],"3111":[{"pref":"鳥取県","city":"西伯郡大山町","town":"赤坂"}],"3112":[{"pref":"鳥取県","city":"西伯郡大山町","town":"下甲"}],"3113":[{"pref":"鳥取県","city":"西伯郡大山町","town":"御崎"}],"3114":[{"pref":"鳥取県","city":"西伯郡大山町","town":"田中"}],"3115":[{"pref":"鳥取県","city":"西伯郡大山町","town":"栄田"}],"3121":[{"pref":"鳥取県","city":"西伯郡大山町","town":"岡"}],"3122":[{"pref":"鳥取県","city":"西伯郡大山町","town":"塩津"}],"3123":[{"pref":"鳥取県","city":"西伯郡大山町","town":"住吉"}],"3124":[{"pref":"鳥取県","city":"西伯郡大山町","town":"上市"}],"3125":[{"pref":"鳥取県","city":"西伯郡大山町","town":"下市"}],"3132":[{"pref":"鳥取県","city":"西伯郡大山町","town":"松河原"}],"3133":[{"pref":"鳥取県","city":"西伯郡大山町","town":"退休寺"}],"3134":[{"pref":"鳥取県","city":"西伯郡大山町","town":"高橋"}],"3135":[{"pref":"鳥取県","city":"西伯郡大山町","town":"殿河内"}],"3136":[{"pref":"鳥取県","city":"西伯郡大山町","town":"長野"}],"3200":[{"pref":"鳥取県","city":"西伯郡大山町","town":"以下に掲載がない場合"}],"3201":[{"pref":"鳥取県","city":"西伯郡大山町","town":"豊成"}],"3202":[{"pref":"鳥取県","city":"西伯郡大山町","town":"倉谷"}],"3203":[{"pref":"鳥取県","city":"西伯郡大山町","town":"小竹"}],"3204":[{"pref":"鳥取県","city":"西伯郡大山町","town":"東坪"}],"3205":[{"pref":"鳥取県","city":"西伯郡大山町","town":"西坪"}],"3211":[{"pref":"鳥取県","city":"西伯郡大山町","town":"御来屋"}],"3212":[{"pref":"鳥取県","city":"西伯郡大山町","town":"名和"}],"3213":[{"pref":"鳥取県","city":"西伯郡大山町","town":"門前"}],"3214":[{"pref":"鳥取県","city":"西伯郡大山町","town":"加茂"}],"3221":[{"pref":"鳥取県","city":"西伯郡大山町","town":"富長"}],"3222":[{"pref":"鳥取県","city":"西伯郡大山町","town":"古御堂"}],"3223":[{"pref":"鳥取県","city":"西伯郡大山町","town":"茶畑"}],"3224":[{"pref":"鳥取県","city":"西伯郡大山町","town":"高田"}],"3225":[{"pref":"鳥取県","city":"西伯郡大山町","town":"押平"}],"3226":[{"pref":"鳥取県","city":"西伯郡大山町","town":"大塚"}],"3301":[{"pref":"鳥取県","city":"西伯郡大山町","town":"福尾"}],"3302":[{"pref":"鳥取県","city":"西伯郡大山町","town":"上野"}],"3303":[{"pref":"鳥取県","city":"西伯郡大山町","town":"所子"}],"3304":[{"pref":"鳥取県","city":"西伯郡大山町","town":"平木"}],"3305":[{"pref":"鳥取県","city":"西伯郡大山町","town":"神原"}],"3306":[{"pref":"鳥取県","city":"西伯郡大山町","town":"中高"}],"3307":[{"pref":"鳥取県","city":"西伯郡大山町","town":"野田"}],"3308":[{"pref":"鳥取県","city":"西伯郡大山町","town":"清原"}],"3309":[{"pref":"鳥取県","city":"西伯郡大山町","town":"国信"}],"3311":[{"pref":"鳥取県","city":"西伯郡大山町","town":"宮内"}],"3312":[{"pref":"鳥取県","city":"西伯郡大山町","town":"坊領"}],"3313":[{"pref":"鳥取県","city":"西伯郡大山町","town":"佐摩"}],"3314":[{"pref":"鳥取県","city":"西伯郡大山町","town":"今在家"}],"3315":[{"pref":"鳥取県","city":"西伯郡大山町","town":"前"}],"3316":[{"pref":"鳥取県","city":"西伯郡大山町","town":"豊房"}],"3317":[{"pref":"鳥取県","city":"西伯郡大山町","town":"鈑戸"}],"3318":[{"pref":"鳥取県","city":"西伯郡大山町","town":"大山"}],"3319":[{"pref":"鳥取県","city":"西伯郡大山町","town":"赤松"}],"3321":[{"pref":"鳥取県","city":"西伯郡大山町","town":"平"}],"3322":[{"pref":"鳥取県","city":"西伯郡大山町","town":"長田"}],"3323":[{"pref":"鳥取県","city":"西伯郡大山町","town":"荘田"}],"3324":[{"pref":"鳥取県","city":"西伯郡大山町","town":"妻木"}],"3325":[{"pref":"鳥取県","city":"西伯郡大山町","town":"富岡"}],"3326":[{"pref":"鳥取県","city":"西伯郡大山町","town":"安原"}],"3327":[{"pref":"鳥取県","city":"西伯郡大山町","town":"保田"}],"3331":[{"pref":"鳥取県","city":"西伯郡大山町","town":"末吉"}],"3332":[{"pref":"鳥取県","city":"西伯郡大山町","town":"末長"}],"3333":[{"pref":"鳥取県","city":"西伯郡大山町","town":"唐王"}],"3334":[{"pref":"鳥取県","city":"西伯郡大山町","town":"稲光"}],"3335":[{"pref":"鳥取県","city":"西伯郡大山町","town":"上万"}],"3336":[{"pref":"鳥取県","city":"西伯郡大山町","town":"平田"}],"3401":[{"pref":"鳥取県","city":"米子市","town":"淀江町今津"}],"3402":[{"pref":"鳥取県","city":"米子市","town":"淀江町淀江"}],"3403":[{"pref":"鳥取県","city":"米子市","town":"淀江町西原"}],"3411":[{"pref":"鳥取県","city":"米子市","town":"淀江町福岡"}],"3412":[{"pref":"鳥取県","city":"米子市","town":"淀江町稲吉"}],"3413":[{"pref":"鳥取県","city":"米子市","town":"淀江町本宮"}],"3414":[{"pref":"鳥取県","city":"米子市","town":"淀江町西尾原"}],"3415":[{"pref":"鳥取県","city":"米子市","town":"淀江町富繁"}],"3416":[{"pref":"鳥取県","city":"米子市","town":"淀江町福井"}],"3417":[{"pref":"鳥取県","city":"米子市","town":"淀江町中西尾"}],"3418":[{"pref":"鳥取県","city":"米子市","town":"淀江町高井谷"}],"3421":[{"pref":"鳥取県","city":"米子市","town":"淀江町福頼"}],"3422":[{"pref":"鳥取県","city":"米子市","town":"淀江町平岡"}],"3423":[{"pref":"鳥取県","city":"米子市","town":"淀江町小波"}],"3424":[{"pref":"鳥取県","city":"米子市","town":"淀江町中間"}],"3425":[{"pref":"鳥取県","city":"米子市","town":"淀江町佐陀"}],"3500":[{"pref":"鳥取県","city":"西伯郡日吉津村","town":"以下に掲載がない場合"}],"3511":[{"pref":"鳥取県","city":"米子市","town":"下郷"}],"3512":[{"pref":"鳥取県","city":"米子市","town":"泉"}],"3513":[{"pref":"鳥取県","city":"米子市","town":"岡成"}],"3514":[{"pref":"鳥取県","city":"米子市","town":"尾高"}],"3515":[{"pref":"鳥取県","city":"米子市","town":"赤井手"}],"3521":[{"pref":"鳥取県","city":"米子市","town":"河岡"}],"3522":[{"pref":"鳥取県","city":"米子市","town":"日下"}],"3523":[{"pref":"鳥取県","city":"米子市","town":"福万"}],"3524":[{"pref":"鳥取県","city":"米子市","town":"石州府"}],"3531":[{"pref":"鳥取県","city":"米子市","town":"下新印"}],"3532":[{"pref":"鳥取県","city":"米子市","town":"上新印"}],"3533":[{"pref":"鳥取県","city":"米子市","town":"一部"}],"3534":[{"pref":"鳥取県","city":"米子市","town":"水浜"}],"3535":[{"pref":"鳥取県","city":"米子市","town":"東八幡"}],"3536":[{"pref":"鳥取県","city":"米子市","town":"高島"}],"3537":[{"pref":"鳥取県","city":"米子市","town":"古豊千"}],"3541":[{"pref":"鳥取県","city":"米子市","town":"二本木"}],"3542":[{"pref":"鳥取県","city":"米子市","town":"今在家"}],"3543":[{"pref":"鳥取県","city":"米子市","town":"蚊屋"}],"3544":[{"pref":"鳥取県","city":"米子市","town":"浦津"}],"3545":[{"pref":"鳥取県","city":"米子市","town":"吉岡"}],"3546":[{"pref":"鳥取県","city":"米子市","town":"熊党"}],"3547":[{"pref":"鳥取県","city":"米子市","town":"流通町"}],"3551":[{"pref":"鳥取県","city":"西伯郡日吉津村","town":"今吉"}],"3552":[{"pref":"鳥取県","city":"西伯郡日吉津村","town":"富吉"}],"3553":[{"pref":"鳥取県","city":"西伯郡日吉津村","town":"日吉津"}],"4100":[{"pref":"鳥取県","city":"西伯郡伯耆町","town":"以下に掲載がない場合"}],"4101":[{"pref":"鳥取県","city":"西伯郡伯耆町","town":"小林"}],"4102":[{"pref":"鳥取県","city":"西伯郡伯耆町","town":"大原"}],"4103":[{"pref":"鳥取県","city":"西伯郡伯耆町","town":"真野"}],"4104":[{"pref":"鳥取県","city":"西伯郡伯耆町","town":"番原"}],"4105":[{"pref":"鳥取県","city":"西伯郡伯耆町","town":"久古"}],"4106":[{"pref":"鳥取県","city":"西伯郡伯耆町","town":"口別所"}],"4107":[{"pref":"鳥取県","city":"西伯郡伯耆町","town":"須村"}],"4108":[{"pref":"鳥取県","city":"西伯郡伯耆町","town":"丸山"}],"4111":[{"pref":"鳥取県","city":"西伯郡伯耆町","town":"清原"}],"4112":[{"pref":"鳥取県","city":"西伯郡伯耆町","town":"上細見"}],"4113":[{"pref":"鳥取県","city":"西伯郡伯耆町","town":"小野"}],"4114":[{"pref":"鳥取県","city":"西伯郡伯耆町","town":"立岩"}],"4115":[{"pref":"鳥取県","city":"西伯郡伯耆町","town":"小町"}],"4121":[{"pref":"鳥取県","city":"西伯郡伯耆町","town":"大殿"}],"4122":[{"pref":"鳥取県","city":"西伯郡伯耆町","town":"坂長"}],"4123":[{"pref":"鳥取県","city":"西伯郡伯耆町","town":"岩屋谷"}],"4131":[{"pref":"鳥取県","city":"西伯郡伯耆町","town":"吉定"}],"4132":[{"pref":"鳥取県","city":"西伯郡伯耆町","town":"岸本"}],"4133":[{"pref":"鳥取県","city":"西伯郡伯耆町","town":"吉長"}],"4134":[{"pref":"鳥取県","city":"西伯郡伯耆町","town":"遠藤"}],"4135":[{"pref":"鳥取県","city":"西伯郡伯耆町","town":"押口"}],"4136":[{"pref":"鳥取県","city":"西伯郡伯耆町","town":"福岡原"}],"4201":[{"pref":"鳥取県","city":"西伯郡伯耆町","town":"溝口"}],"4202":[{"pref":"鳥取県","city":"西伯郡伯耆町","town":"長山"}],"4203":[{"pref":"鳥取県","city":"西伯郡伯耆町","town":"貴住"}],"4204":[{"pref":"鳥取県","city":"西伯郡伯耆町","town":"谷川"}],"4205":[{"pref":"鳥取県","city":"西伯郡伯耆町","town":"大倉"}],"4206":[{"pref":"鳥取県","city":"西伯郡伯耆町","town":"宮原"}],"4207":[{"pref":"鳥取県","city":"西伯郡伯耆町","town":"宇代"}],"4211":[{"pref":"鳥取県","city":"西伯郡伯耆町","town":"大江"}],"4212":[{"pref":"鳥取県","city":"西伯郡伯耆町","town":"上野"}],"4213":[{"pref":"鳥取県","city":"西伯郡伯耆町","town":"金屋谷"}],"4214":[{"pref":"鳥取県","city":"西伯郡伯耆町","town":"岩立"}],"4215":[{"pref":"鳥取県","city":"西伯郡伯耆町","town":"大内"}],"4216":[{"pref":"鳥取県","city":"西伯郡伯耆町","town":"福兼"}],"4217":[{"pref":"鳥取県","city":"西伯郡伯耆町","town":"添谷"}],"4221":[{"pref":"鳥取県","city":"西伯郡伯耆町","town":"富江"}],"4222":[{"pref":"鳥取県","city":"西伯郡伯耆町","town":"大滝"}],"4223":[{"pref":"鳥取県","city":"西伯郡伯耆町","town":"栃原"}],"4224":[{"pref":"鳥取県","city":"西伯郡伯耆町","town":"根雨原"}],"4225":[{"pref":"鳥取県","city":"西伯郡伯耆町","town":"白水"}],"4226":[{"pref":"鳥取県","city":"西伯郡伯耆町","town":"大坂"}],"4231":[{"pref":"鳥取県","city":"西伯郡伯耆町","town":"船越"}],"4232":[{"pref":"鳥取県","city":"西伯郡伯耆町","town":"福島"}],"4233":[{"pref":"鳥取県","city":"西伯郡伯耆町","town":"二部"}],"4234":[{"pref":"鳥取県","city":"西伯郡伯耆町","town":"畑池"}],"4235":[{"pref":"鳥取県","city":"西伯郡伯耆町","town":"福岡"}],"4236":[{"pref":"鳥取県","city":"西伯郡伯耆町","town":"焼杉"}],"4237":[{"pref":"鳥取県","city":"西伯郡伯耆町","town":"福居"}],"4241":[{"pref":"鳥取県","city":"西伯郡伯耆町","town":"中祖"}],"4242":[{"pref":"鳥取県","city":"西伯郡伯耆町","town":"古市"}],"4243":[{"pref":"鳥取県","city":"西伯郡伯耆町","town":"荘"}],"4244":[{"pref":"鳥取県","city":"西伯郡伯耆町","town":"父原"}],"4245":[{"pref":"鳥取県","city":"西伯郡伯耆町","town":"福吉"}],"4246":[{"pref":"鳥取県","city":"西伯郡伯耆町","town":"三部"}],"4400":[{"pref":"鳥取県","city":"日野郡江府町","town":"以下に掲載がない場合"}],"4401":[{"pref":"鳥取県","city":"日野郡江府町","town":"江尾"}],"4402":[{"pref":"鳥取県","city":"日野郡江府町","town":"小江尾"}],"4403":[{"pref":"鳥取県","city":"日野郡江府町","town":"久連"}],"4411":[{"pref":"鳥取県","city":"日野郡江府町","town":"武庫"}],"4412":[{"pref":"鳥取県","city":"日野郡江府町","town":"下安井"}],"4413":[{"pref":"鳥取県","city":"日野郡江府町","town":"洲河崎"}],"4414":[{"pref":"鳥取県","city":"日野郡江府町","town":"俣野"}],"4421":[{"pref":"鳥取県","city":"日野郡江府町","town":"宮市"}],"4422":[{"pref":"鳥取県","city":"日野郡江府町","town":"杉谷"}],"4423":[{"pref":"鳥取県","city":"日野郡江府町","town":"美用"}],"4424":[{"pref":"鳥取県","city":"日野郡江府町","town":"御机"}],"4425":[{"pref":"鳥取県","city":"日野郡江府町","town":"下蚊屋"}],"4426":[{"pref":"鳥取県","city":"日野郡江府町","town":"助沢"}],"4431":[{"pref":"鳥取県","city":"日野郡江府町","town":"佐川"}],"4432":[{"pref":"鳥取県","city":"日野郡江府町","town":"柿原"}],"4433":[{"pref":"鳥取県","city":"日野郡江府町","town":"吉原"}],"4434":[{"pref":"鳥取県","city":"日野郡江府町","town":"大河原"}],"4435":[{"pref":"鳥取県","city":"日野郡江府町","town":"貝田"}],"4500":[{"pref":"鳥取県","city":"日野郡日野町","town":"以下に掲載がない場合"}],"4501":[{"pref":"鳥取県","city":"日野郡日野町","town":"貝原"}],"4502":[{"pref":"鳥取県","city":"日野郡日野町","town":"三谷"}],"4503":[{"pref":"鳥取県","city":"日野郡日野町","town":"根雨"}],"4504":[{"pref":"鳥取県","city":"日野郡日野町","town":"野田"}],"4505":[{"pref":"鳥取県","city":"日野郡日野町","town":"舟場"}],"4511":[{"pref":"鳥取県","city":"日野郡日野町","town":"高尾"}],"4512":[{"pref":"鳥取県","city":"日野郡日野町","town":"金持"}],"4513":[{"pref":"鳥取県","city":"日野郡日野町","town":"板井原"}],"4514":[{"pref":"鳥取県","city":"日野郡日野町","town":"三土"}],"4515":[{"pref":"鳥取県","city":"日野郡日野町","town":"秋縄"}],"4516":[{"pref":"鳥取県","city":"日野郡日野町","town":"門谷"}],"4517":[{"pref":"鳥取県","city":"日野郡日野町","town":"濁谷"}],"4521":[{"pref":"鳥取県","city":"日野郡日野町","town":"津地"}],"4522":[{"pref":"鳥取県","city":"日野郡日野町","town":"本郷"}],"4523":[{"pref":"鳥取県","city":"日野郡日野町","town":"榎市"}],"4524":[{"pref":"鳥取県","city":"日野郡日野町","town":"別所"}],"4525":[{"pref":"鳥取県","city":"日野郡日野町","town":"小原"}],"4526":[{"pref":"鳥取県","city":"日野郡日野町","town":"下榎"}],"4527":[{"pref":"鳥取県","city":"日野郡日野町","town":"安原"}],"5131":[{"pref":"鳥取県","city":"日野郡日野町","town":"黒坂"}],"5132":[{"pref":"鳥取県","city":"日野郡日野町","town":"久住"}],"5133":[{"pref":"鳥取県","city":"日野郡日野町","town":"下黒坂"}],"5134":[{"pref":"鳥取県","city":"日野郡日野町","town":"下菅"}],"5135":[{"pref":"鳥取県","city":"日野郡日野町","town":"中菅"}],"5136":[{"pref":"鳥取県","city":"日野郡日野町","town":"小河内"}],"5137":[{"pref":"鳥取県","city":"日野郡日野町","town":"上菅"},{"pref":"鳥取県","city":"日野郡日野町","town":"福長"}],"5200":[{"pref":"鳥取県","city":"日野郡日南町","town":"以下に掲載がない場合"}],"5211":[{"pref":"鳥取県","city":"日野郡日南町","town":"生山"}],"5212":[{"pref":"鳥取県","city":"日野郡日南町","town":"霞"}],"5213":[{"pref":"鳥取県","city":"日野郡日南町","town":"丸山"}],"5214":[{"pref":"鳥取県","city":"日野郡日南町","town":"三栄"}],"5215":[{"pref":"鳥取県","city":"日野郡日南町","town":"矢戸"}],"5216":[{"pref":"鳥取県","city":"日野郡日南町","town":"宮内"}],"5221":[{"pref":"鳥取県","city":"日野郡日南町","town":"河上"}],"5222":[{"pref":"鳥取県","city":"日野郡日南町","town":"萩原"}],"5223":[{"pref":"鳥取県","city":"日野郡日南町","town":"上萩山"}],"5224":[{"pref":"鳥取県","city":"日野郡日南町","town":"多里"}],"5225":[{"pref":"鳥取県","city":"日野郡日南町","town":"新屋"}],"5226":[{"pref":"鳥取県","city":"日野郡日南町","town":"湯河"}],"5531":[{"pref":"鳥取県","city":"日野郡日南町","town":"印賀"}],"5532":[{"pref":"鳥取県","city":"日野郡日南町","town":"菅沢"}],"5533":[{"pref":"鳥取県","city":"日野郡日南町","town":"宝谷"}],"5534":[{"pref":"鳥取県","city":"日野郡日南町","town":"折渡"}],"5541":[{"pref":"鳥取県","city":"日野郡日南町","town":"佐木谷"}],"5542":[{"pref":"鳥取県","city":"日野郡日南町","town":"福万来"}],"5543":[{"pref":"鳥取県","city":"日野郡日南町","town":"笠木"}],"5544":[{"pref":"鳥取県","city":"日野郡日南町","town":"茶屋"}],"5545":[{"pref":"鳥取県","city":"日野郡日南町","town":"福寿実"}],"5551":[{"pref":"鳥取県","city":"日野郡日南町","town":"阿毘縁"}],"5552":[{"pref":"鳥取県","city":"日野郡日南町","town":"下阿毘縁"}],"5661":[{"pref":"鳥取県","city":"日野郡日南町","town":"花口"}],"5662":[{"pref":"鳥取県","city":"日野郡日南町","town":"神戸上"}],"5663":[{"pref":"鳥取県","city":"日野郡日南町","town":"上石見"}],"5664":[{"pref":"鳥取県","city":"日野郡日南町","town":"中石見"}],"5665":[{"pref":"鳥取県","city":"日野郡日南町","town":"下石見"}],"5666":[{"pref":"鳥取県","city":"日野郡日南町","town":"三吉"}],"5671":[{"pref":"鳥取県","city":"日野郡日南町","town":"福塚"}],"5672":[{"pref":"鳥取県","city":"日野郡日南町","town":"神福"}],"5673":[{"pref":"鳥取県","city":"日野郡日南町","town":"豊栄"}],"0501":[{"pref":"鳥取県","city":"鳥取市","town":"青谷町青谷"}],"0535":[{"pref":"鳥取県","city":"鳥取市","town":"青谷町井手"}],"0518":[{"pref":"鳥取県","city":"鳥取市","town":"青谷町大坪"}],"0519":[{"pref":"鳥取県","city":"鳥取市","town":"青谷町奥崎"}],"0516":[{"pref":"鳥取県","city":"鳥取市","town":"青谷町小畑"}],"0526":[{"pref":"鳥取県","city":"鳥取市","town":"青谷町紙屋"}],"0522":[{"pref":"鳥取県","city":"鳥取市","town":"青谷町亀尻"}],"0515":[{"pref":"鳥取県","city":"鳥取市","town":"青谷町河原"}],"0532":[{"pref":"鳥取県","city":"鳥取市","town":"青谷町北河原"}],"0533":[{"pref":"鳥取県","city":"鳥取市","town":"青谷町絹見"}],"0527":[{"pref":"鳥取県","city":"鳥取市","town":"青谷町楠根"}],"0513":[{"pref":"鳥取県","city":"鳥取市","town":"青谷町蔵内"}],"0529":[{"pref":"鳥取県","city":"鳥取市","town":"青谷町桑原"}],"0537":[{"pref":"鳥取県","city":"鳥取市","town":"青谷町栄町"}],"0528":[{"pref":"鳥取県","city":"鳥取市","town":"青谷町澄水"}],"0525":[{"pref":"鳥取県","city":"鳥取市","town":"青谷町田原谷"}],"0521":[{"pref":"鳥取県","city":"鳥取市","town":"青谷町露谷"}],"0536":[{"pref":"鳥取県","city":"鳥取市","town":"青谷町長和瀬"}],"0531":[{"pref":"鳥取県","city":"鳥取市","town":"青谷町鳴滝"}],"0524":[{"pref":"鳥取県","city":"鳥取市","town":"青谷町八葉寺"}],"0517":[{"pref":"鳥取県","city":"鳥取市","town":"青谷町早牛"}],"0523":[{"pref":"鳥取県","city":"鳥取市","town":"青谷町山田"}],"0514":[{"pref":"鳥取県","city":"鳥取市","town":"青谷町山根"}],"0512":[{"pref":"鳥取県","city":"鳥取市","town":"青谷町養郷"}],"0534":[{"pref":"鳥取県","city":"鳥取市","town":"青谷町吉川"}],"0511":[{"pref":"鳥取県","city":"鳥取市","town":"青谷町善田"}],"0205":[{"pref":"鳥取県","city":"鳥取市","town":"内海中"}],"0343":[{"pref":"鳥取県","city":"鳥取市","town":"気高町飯里"}],"0355":[{"pref":"鳥取県","city":"鳥取市","town":"気高町会下"}],"0211":[{"pref":"鳥取県","city":"鳥取市","town":"気高町奥沢見"}],"0341":[{"pref":"鳥取県","city":"鳥取市","town":"気高町下石"}],"0332":[{"pref":"鳥取県","city":"鳥取市","town":"気高町勝見"}],"0214":[{"pref":"鳥取県","city":"鳥取市","town":"気高町上光"}],"0344":[{"pref":"鳥取県","city":"鳥取市","town":"気高町上原"}],"0334":[{"pref":"鳥取県","city":"鳥取市","town":"気高町北浜"}],"0353":[{"pref":"鳥取県","city":"鳥取市","town":"気高町郡家"}],"0217":[{"pref":"鳥取県","city":"鳥取市","town":"気高町酒津"}],"0224":[{"pref":"鳥取県","city":"鳥取市","town":"気高町重高"}],"0221":[{"pref":"鳥取県","city":"鳥取市","town":"気高町下坂本"}],"0356":[{"pref":"鳥取県","city":"鳥取市","town":"気高町下原"}],"0213":[{"pref":"鳥取県","city":"鳥取市","town":"気高町下光元"}],"0226":[{"pref":"鳥取県","city":"鳥取市","town":"気高町宿"}],"0333":[{"pref":"鳥取県","city":"鳥取市","town":"気高町新町"}],"0352":[{"pref":"鳥取県","city":"鳥取市","town":"気高町高江"}],"0212":[{"pref":"鳥取県","city":"鳥取市","town":"気高町常松"}],"0225":[{"pref":"鳥取県","city":"鳥取市","town":"気高町土居"}],"0342":[{"pref":"鳥取県","city":"鳥取市","town":"気高町殿"}],"0215":[{"pref":"鳥取県","city":"鳥取市","town":"気高町冨吉"}],"0222":[{"pref":"鳥取県","city":"鳥取市","town":"気高町日光"}],"0223":[{"pref":"鳥取県","city":"鳥取市","town":"気高町二本木"}],"0331":[{"pref":"鳥取県","city":"鳥取市","town":"気高町浜村"}],"0216":[{"pref":"鳥取県","city":"鳥取市","town":"気高町宝木"}],"0354":[{"pref":"鳥取県","city":"鳥取市","town":"気高町睦逢"}],"0357":[{"pref":"鳥取県","city":"鳥取市","town":"気高町八束水"}],"0345":[{"pref":"鳥取県","city":"鳥取市","town":"気高町山宮"}],"0351":[{"pref":"鳥取県","city":"鳥取市","town":"気高町八幡"}],"0207":[{"pref":"鳥取県","city":"鳥取市","town":"小沢見"}],"0425":[{"pref":"鳥取県","city":"鳥取市","town":"鹿野町今市"}],"0422":[{"pref":"鳥取県","city":"鳥取市","town":"鹿野町岡木"}],"0421":[{"pref":"鳥取県","city":"鳥取市","town":"鹿野町乙亥正"}],"0412":[{"pref":"鳥取県","city":"鳥取市","town":"鹿野町河内"}],"0413":[{"pref":"鳥取県","city":"鳥取市","town":"鹿野町小別所"}],"0405":[{"pref":"鳥取県","city":"鳥取市","town":"鹿野町鹿野"}],"0411":[{"pref":"鳥取県","city":"鳥取市","town":"鹿野町鷲峯"}],"0403":[{"pref":"鳥取県","city":"鳥取市","town":"鹿野町末用"}],"0426":[{"pref":"鳥取県","city":"鳥取市","town":"鹿野町寺内"}],"0402":[{"pref":"鳥取県","city":"鳥取市","town":"鹿野町閉野"}],"0423":[{"pref":"鳥取県","city":"鳥取市","town":"鹿野町中園"}],"0401":[{"pref":"鳥取県","city":"鳥取市","town":"鹿野町広木"}],"0404":[{"pref":"鳥取県","city":"鳥取市","town":"鹿野町水谷"}],"0424":[{"pref":"鳥取県","city":"鳥取市","town":"鹿野町宮方"}],"0206":[{"pref":"鳥取県","city":"鳥取市","town":"白兎"}],"0106":[{"pref":"鳥取県","city":"鳥取市","town":"福部町海士"}],"0101":[{"pref":"鳥取県","city":"鳥取市","town":"福部町岩戸"}],"0113":[{"pref":"鳥取県","city":"鳥取市","town":"福部町久志羅（その他）"}],"0112":[{"pref":"鳥取県","city":"鳥取市","town":"福部町蔵見"}],"0111":[{"pref":"鳥取県","city":"鳥取市","town":"福部町栗谷"}],"0114":[{"pref":"鳥取県","city":"鳥取市","town":"福部町左近（その他）"}],"0103":[{"pref":"鳥取県","city":"鳥取市","town":"福部町高江"}],"0116":[{"pref":"鳥取県","city":"鳥取市","town":"福部町中"}],"0117":[{"pref":"鳥取県","city":"鳥取市","town":"福部町南田"}],"0102":[{"pref":"鳥取県","city":"鳥取市","town":"福部町細川"}],"0115":[{"pref":"鳥取県","city":"鳥取市","town":"福部町八重原"}],"0104":[{"pref":"鳥取県","city":"鳥取市","town":"福部町箭溪"}],"0105":[{"pref":"鳥取県","city":"鳥取市","town":"福部町湯山"}],"0201":[{"pref":"鳥取県","city":"鳥取市","town":"伏野"}],"0204":[{"pref":"鳥取県","city":"鳥取市","town":"御熊"}],"0203":[{"pref":"鳥取県","city":"鳥取市","town":"三津"}],"0202":[{"pref":"鳥取県","city":"鳥取市","town":"美萩野"}],"0721":[{"pref":"鳥取県","city":"東伯郡湯梨浜町","town":"麻畑"}],"0713":[{"pref":"鳥取県","city":"東伯郡湯梨浜町","town":"旭"}],"0602":[{"pref":"鳥取県","city":"東伯郡湯梨浜町","town":"石脇"}],"0733":[{"pref":"鳥取県","city":"東伯郡湯梨浜町","town":"羽衣石"}],"0607":[{"pref":"鳥取県","city":"東伯郡湯梨浜町","town":"宇谷"}],"0702":[{"pref":"鳥取県","city":"東伯郡湯梨浜町","town":"漆原"}],"0729":[{"pref":"鳥取県","city":"東伯郡湯梨浜町","town":"小鹿谷"}],"0724":[{"pref":"鳥取県","city":"東伯郡湯梨浜町","town":"方面"}],"0736":[{"pref":"鳥取県","city":"東伯郡湯梨浜町","town":"門田"}],"0722":[{"pref":"鳥取県","city":"東伯郡湯梨浜町","town":"川上"}],"0701":[{"pref":"鳥取県","city":"東伯郡湯梨浜町","town":"北福"}],"0726":[{"pref":"鳥取県","city":"東伯郡湯梨浜町","town":"国信"}],"0603":[{"pref":"鳥取県","city":"東伯郡湯梨浜町","town":"小浜"}],"0735":[{"pref":"鳥取県","city":"東伯郡湯梨浜町","town":"佐美"}],"0704":[{"pref":"鳥取県","city":"東伯郡湯梨浜町","town":"白石"}],"0605":[{"pref":"鳥取県","city":"東伯郡湯梨浜町","town":"園"}],"0723":[{"pref":"鳥取県","city":"東伯郡湯梨浜町","town":"高辻"}],"0727":[{"pref":"鳥取県","city":"東伯郡湯梨浜町","town":"田畑"}],"0712":[{"pref":"鳥取県","city":"東伯郡湯梨浜町","town":"中興寺"}],"0604":[{"pref":"鳥取県","city":"東伯郡湯梨浜町","town":"筒地"}],"0601":[{"pref":"鳥取県","city":"東伯郡湯梨浜町","town":"泊"}],"0737":[{"pref":"鳥取県","city":"東伯郡湯梨浜町","town":"長江"}],"0732":[{"pref":"鳥取県","city":"東伯郡湯梨浜町","town":"長和田"}],"0705":[{"pref":"鳥取県","city":"東伯郡湯梨浜町","town":"野方"}],"0731":[{"pref":"鳥取県","city":"東伯郡湯梨浜町","town":"野花"}],"0734":[{"pref":"鳥取県","city":"東伯郡湯梨浜町","town":"埴見"}],"0606":[{"pref":"鳥取県","city":"東伯郡湯梨浜町","town":"原"}],"0715":[{"pref":"鳥取県","city":"東伯郡湯梨浜町","town":"引地"}],"0728":[{"pref":"鳥取県","city":"東伯郡湯梨浜町","town":"久見"}],"0706":[{"pref":"鳥取県","city":"東伯郡湯梨浜町","town":"藤津"}],"0725":[{"pref":"鳥取県","city":"東伯郡湯梨浜町","town":"別所"}],"0703":[{"pref":"鳥取県","city":"東伯郡湯梨浜町","town":"方地"}],"0711":[{"pref":"鳥取県","city":"東伯郡湯梨浜町","town":"松崎"}],"0707":[{"pref":"鳥取県","city":"東伯郡湯梨浜町","town":"宮内"}],"0714":[{"pref":"鳥取県","city":"東伯郡湯梨浜町","town":"龍島"}]}