{"1100":[{"pref":"神奈川県","city":"綾瀬市","town":"以下に掲載がない場合"}],"1101":[{"pref":"神奈川県","city":"綾瀬市","town":"厚木航空基地"}],"1102":[{"pref":"神奈川県","city":"綾瀬市","town":"本蓼川"}],"1103":[{"pref":"神奈川県","city":"綾瀬市","town":"深谷"}],"1104":[{"pref":"神奈川県","city":"綾瀬市","town":"大上"}],"1105":[{"pref":"神奈川県","city":"綾瀬市","town":"蓼川"}],"1106":[{"pref":"神奈川県","city":"綾瀬市","town":"深谷南"}],"1107":[{"pref":"神奈川県","city":"綾瀬市","town":"深谷中"}],"1108":[{"pref":"神奈川県","city":"綾瀬市","town":"深谷上"}],"1111":[{"pref":"神奈川県","city":"綾瀬市","town":"上土棚北"}],"1112":[{"pref":"神奈川県","city":"綾瀬市","town":"上土棚"}],"1113":[{"pref":"神奈川県","city":"綾瀬市","town":"上土棚中"}],"1114":[{"pref":"神奈川県","city":"綾瀬市","town":"上土棚南"}],"1115":[{"pref":"神奈川県","city":"綾瀬市","town":"落合南"}],"1116":[{"pref":"神奈川県","city":"綾瀬市","town":"落合北"}],"1121":[{"pref":"神奈川県","city":"綾瀬市","town":"小園"}],"1122":[{"pref":"神奈川県","city":"綾瀬市","town":"小園南"}],"1123":[{"pref":"神奈川県","city":"綾瀬市","town":"早川"}],"1124":[{"pref":"神奈川県","city":"綾瀬市","town":"吉岡"}],"1125":[{"pref":"神奈川県","city":"綾瀬市","town":"吉岡東"}],"1126":[{"pref":"神奈川県","city":"綾瀬市","town":"綾西"}],"1127":[{"pref":"神奈川県","city":"綾瀬市","town":"早川城山"}],"1131":[{"pref":"神奈川県","city":"綾瀬市","town":"寺尾北"}],"1132":[{"pref":"神奈川県","city":"綾瀬市","town":"寺尾中"}],"1133":[{"pref":"神奈川県","city":"綾瀬市","town":"寺尾本町"}],"1134":[{"pref":"神奈川県","city":"綾瀬市","town":"寺尾南"}],"1135":[{"pref":"神奈川県","city":"綾瀬市","town":"寺尾釜田"}],"1136":[{"pref":"神奈川県","city":"綾瀬市","town":"寺尾西"}],"1137":[{"pref":"神奈川県","city":"綾瀬市","town":"寺尾台"}],"0100":[{"pref":"神奈川県","city":"相模原市緑区","town":"以下に掲載がない場合"}],"0141":[{"pref":"神奈川県","city":"相模原市緑区","town":"相原"}],"0162":[{"pref":"神奈川県","city":"相模原市緑区","town":"青根"}],"0161":[{"pref":"神奈川県","city":"相模原市緑区","town":"青野原"}],"0156":[{"pref":"神奈川県","city":"相模原市緑区","town":"青山"}],"0152":[{"pref":"神奈川県","city":"相模原市緑区","town":"太井"}],"0135":[{"pref":"神奈川県","city":"相模原市緑区","town":"大島"}],"0146":[{"pref":"神奈川県","city":"相模原市緑区","town":"大山町"}],"0115":[{"pref":"神奈川県","city":"相模原市緑区","town":"小倉"}],"0173":[{"pref":"神奈川県","city":"相模原市緑区","town":"小原"}],"0184":[{"pref":"神奈川県","city":"相模原市緑区","town":"小渕"}],"0136":[{"pref":"神奈川県","city":"相模原市緑区","town":"上九沢"}],"0111":[{"pref":"神奈川県","city":"相模原市緑区","town":"川尻"}],"0105":[{"pref":"神奈川県","city":"相模原市緑区","town":"久保沢"}],"0181":[{"pref":"神奈川県","city":"相模原市緑区","town":"佐野川"}],"0182":[{"pref":"神奈川県","city":"相模原市緑区","town":"澤井"}],"0134":[{"pref":"神奈川県","city":"相模原市緑区","town":"下九沢"}],"0116":[{"pref":"神奈川県","city":"相模原市緑区","town":"城山"}],"0188":[{"pref":"神奈川県","city":"相模原市緑区","town":"寸沢嵐（新戸）"}],"0176":[{"pref":"神奈川県","city":"相模原市緑区","town":"寸沢嵐（その他）"}],"0124":[{"pref":"神奈川県","city":"相模原市緑区","town":"田名"}],"0113":[{"pref":"神奈川県","city":"相模原市緑区","town":"谷ヶ原"}],"0174":[{"pref":"神奈川県","city":"相模原市緑区","town":"千木良"}],"0155":[{"pref":"神奈川県","city":"相模原市緑区","town":"鳥屋"}],"0117":[{"pref":"神奈川県","city":"相模原市緑区","town":"中沢"}],"0154":[{"pref":"神奈川県","city":"相模原市緑区","town":"長竹"}],"0157":[{"pref":"神奈川県","city":"相模原市緑区","town":"中野"}],"0187":[{"pref":"神奈川県","city":"相模原市緑区","town":"名倉"}],"0131":[{"pref":"神奈川県","city":"相模原市緑区","town":"西橋本"}],"0137":[{"pref":"神奈川県","city":"相模原市緑区","town":"二本松"}],"0153":[{"pref":"神奈川県","city":"相模原市緑区","town":"根小屋"}],"0143":[{"pref":"神奈川県","city":"相模原市緑区","town":"橋本"}],"0132":[{"pref":"神奈川県","city":"相模原市緑区","town":"橋本台"}],"0114":[{"pref":"神奈川県","city":"相模原市緑区","town":"葉山島"}],"0102":[{"pref":"神奈川県","city":"相模原市緑区","town":"原宿"}],"0103":[{"pref":"神奈川県","city":"相模原市緑区","town":"原宿南"}],"0144":[{"pref":"神奈川県","city":"相模原市緑区","town":"東橋本"}],"0185":[{"pref":"神奈川県","city":"相模原市緑区","town":"日連"}],"0106":[{"pref":"神奈川県","city":"相模原市緑区","town":"広田"}],"0186":[{"pref":"神奈川県","city":"相模原市緑区","town":"牧野"}],"0158":[{"pref":"神奈川県","city":"相模原市緑区","town":"又野"}],"0101":[{"pref":"神奈川県","city":"相模原市緑区","town":"町屋"}],"0151":[{"pref":"神奈川県","city":"相模原市緑区","town":"三井"}],"0159":[{"pref":"神奈川県","city":"相模原市緑区","town":"三ケ木"}],"0104":[{"pref":"神奈川県","city":"相模原市緑区","town":"向原"}],"0142":[{"pref":"神奈川県","city":"相模原市緑区","town":"元橋本町"}],"0183":[{"pref":"神奈川県","city":"相模原市緑区","town":"吉野"}],"0171":[{"pref":"神奈川県","city":"相模原市緑区","town":"与瀬"}],"0172":[{"pref":"神奈川県","city":"相模原市緑区","town":"与瀬本町"}],"0112":[{"pref":"神奈川県","city":"相模原市緑区","town":"若葉台"}],"0175":[{"pref":"神奈川県","city":"相模原市緑区","town":"若柳"}],"0200":[{"pref":"神奈川県","city":"相模原市中央区","town":"以下に掲載がない場合"}],"0235":[{"pref":"神奈川県","city":"相模原市中央区","town":"相生"}],"0224":[{"pref":"神奈川県","city":"相模原市中央区","town":"青葉"}],"0251":[{"pref":"神奈川県","city":"相模原市中央区","town":"大野台"}],"0205":[{"pref":"神奈川県","city":"相模原市中央区","town":"小山"}],"0233":[{"pref":"神奈川県","city":"相模原市中央区","town":"鹿沼台"}],"0243":[{"pref":"神奈川県","city":"相模原市中央区","town":"上溝"}],"0201":[{"pref":"神奈川県","city":"相模原市中央区","town":"上矢部"}],"0234":[{"pref":"神奈川県","city":"相模原市中央区","town":"共和"}],"0214":[{"pref":"神奈川県","city":"相模原市中央区","town":"向陽町"}],"0217":[{"pref":"神奈川県","city":"相模原市中央区","town":"小町通"}],"0231":[{"pref":"神奈川県","city":"相模原市中央区","town":"相模原"}],"0254":[{"pref":"神奈川県","city":"相模原市中央区","town":"下九沢"}],"0246":[{"pref":"神奈川県","city":"相模原市中央区","town":"水郷田名"}],"0213":[{"pref":"神奈川県","city":"相模原市中央区","town":"すすきの町"}],"0216":[{"pref":"神奈川県","city":"相模原市中央区","town":"清新"}],"0221":[{"pref":"神奈川県","city":"相模原市中央区","town":"高根"}],"0244":[{"pref":"神奈川県","city":"相模原市中央区","town":"田名"}],"0245":[{"pref":"神奈川県","city":"相模原市中央区","town":"田名塩田"}],"0239":[{"pref":"神奈川県","city":"相模原市中央区","town":"中央"}],"0237":[{"pref":"神奈川県","city":"相模原市中央区","town":"千代田"}],"0228":[{"pref":"神奈川県","city":"相模原市中央区","town":"並木"}],"0203":[{"pref":"神奈川県","city":"相模原市中央区","town":"東淵野辺"}],"0227":[{"pref":"神奈川県","city":"相模原市中央区","town":"光が丘"}],"0215":[{"pref":"神奈川県","city":"相模原市中央区","town":"氷川町"}],"0236":[{"pref":"神奈川県","city":"相模原市中央区","town":"富士見"}],"0206":[{"pref":"神奈川県","city":"相模原市中央区","town":"淵野辺"}],"0202":[{"pref":"神奈川県","city":"相模原市中央区","town":"淵野辺本町"}],"0238":[{"pref":"神奈川県","city":"相模原市中央区","town":"星が丘"}],"0223":[{"pref":"神奈川県","city":"相模原市中央区","town":"松が丘"}],"0225":[{"pref":"神奈川県","city":"相模原市中央区","town":"緑が丘"}],"0253":[{"pref":"神奈川県","city":"相模原市中央区","town":"南橋本"}],"0212":[{"pref":"神奈川県","city":"相模原市中央区","town":"宮下"}],"0211":[{"pref":"神奈川県","city":"相模原市中央区","town":"宮下本町"}],"0229":[{"pref":"神奈川県","city":"相模原市中央区","town":"弥栄"}],"0232":[{"pref":"神奈川県","city":"相模原市中央区","town":"矢部"}],"0207":[{"pref":"神奈川県","city":"相模原市中央区","town":"矢部新町"}],"0208":[{"pref":"神奈川県","city":"相模原市中央区","town":"矢部新田"}],"0226":[{"pref":"神奈川県","city":"相模原市中央区","town":"陽光台"}],"0242":[{"pref":"神奈川県","city":"相模原市中央区","town":"横山"}],"0241":[{"pref":"神奈川県","city":"相模原市中央区","town":"横山台"}],"0222":[{"pref":"神奈川県","city":"相模原市中央区","town":"由野台"}],"0300":[{"pref":"神奈川県","city":"相模原市南区","town":"以下に掲載がない場合"}],"0304":[{"pref":"神奈川県","city":"相模原市南区","town":"旭町"}],"0328":[{"pref":"神奈川県","city":"相模原市南区","town":"麻溝台"}],"0325":[{"pref":"神奈川県","city":"相模原市南区","town":"新磯野"}],"0327":[{"pref":"神奈川県","city":"相模原市南区","town":"磯部"}],"0301":[{"pref":"神奈川県","city":"相模原市南区","town":"鵜野森"}],"0331":[{"pref":"神奈川県","city":"相模原市南区","town":"大野台"}],"0302":[{"pref":"神奈川県","city":"相模原市南区","town":"上鶴間"}],"0318":[{"pref":"神奈川県","city":"相模原市南区","town":"上鶴間本町"}],"0329":[{"pref":"神奈川県","city":"相模原市南区","town":"北里"}],"0344":[{"pref":"神奈川県","city":"相模原市南区","town":"古淵"}],"0306":[{"pref":"神奈川県","city":"相模原市南区","town":"栄町"}],"0303":[{"pref":"神奈川県","city":"相模原市南区","town":"相模大野"}],"0321":[{"pref":"神奈川県","city":"相模原市南区","town":"相模台"}],"0322":[{"pref":"神奈川県","city":"相模原市南区","town":"相模台団地"}],"0315":[{"pref":"神奈川県","city":"相模原市南区","town":"桜台"}],"0335":[{"pref":"神奈川県","city":"相模原市南区","town":"下溝"}],"0326":[{"pref":"神奈川県","city":"相模原市南区","town":"新戸"}],"0312":[{"pref":"神奈川県","city":"相模原市南区","town":"相南"}],"0324":[{"pref":"神奈川県","city":"相模原市南区","town":"相武台"}],"0323":[{"pref":"神奈川県","city":"相模原市南区","town":"相武台団地"}],"0336":[{"pref":"神奈川県","city":"相模原市南区","town":"当麻"}],"0332":[{"pref":"神奈川県","city":"相模原市南区","town":"西大沼"}],"0333":[{"pref":"神奈川県","city":"相模原市南区","town":"東大沼"}],"0311":[{"pref":"神奈川県","city":"相模原市南区","town":"東林間"}],"0316":[{"pref":"神奈川県","city":"相模原市南区","town":"双葉"}],"0307":[{"pref":"神奈川県","city":"相模原市南区","town":"文京"}],"0313":[{"pref":"神奈川県","city":"相模原市南区","town":"松が枝町"}],"0317":[{"pref":"神奈川県","city":"相模原市南区","town":"御園"}],"0314":[{"pref":"神奈川県","city":"相模原市南区","town":"南台"}],"0305":[{"pref":"神奈川県","city":"相模原市南区","town":"豊町"}],"0334":[{"pref":"神奈川県","city":"相模原市南区","town":"若松"}],"0815":[{"pref":"神奈川県","city":"藤沢市","town":"石川"}],"0803":[{"pref":"神奈川県","city":"藤沢市","town":"今田"}],"0824":[{"pref":"神奈川県","city":"藤沢市","town":"打戻"}],"0805":[{"pref":"神奈川県","city":"藤沢市","town":"円行"}],"0816":[{"pref":"神奈川県","city":"藤沢市","town":"遠藤"}],"0825":[{"pref":"神奈川県","city":"藤沢市","town":"獺郷"}],"0813":[{"pref":"神奈川県","city":"藤沢市","town":"亀井野"}],"0811":[{"pref":"神奈川県","city":"藤沢市","town":"桐原町"}],"0822":[{"pref":"神奈川県","city":"藤沢市","town":"葛原"}],"0807":[{"pref":"神奈川県","city":"藤沢市","town":"下土棚"}],"0804":[{"pref":"神奈川県","city":"藤沢市","town":"湘南台"}],"0823":[{"pref":"神奈川県","city":"藤沢市","town":"菖蒲沢"}],"0802":[{"pref":"神奈川県","city":"藤沢市","town":"高倉"}],"0801":[{"pref":"神奈川県","city":"藤沢市","town":"長後"}],"0806":[{"pref":"神奈川県","city":"藤沢市","town":"土棚"}],"0814":[{"pref":"神奈川県","city":"藤沢市","town":"天神町"}],"0812":[{"pref":"神奈川県","city":"藤沢市","town":"西俣野"}],"0826":[{"pref":"神奈川県","city":"藤沢市","town":"宮原"}],"0821":[{"pref":"神奈川県","city":"藤沢市","town":"用田"}],"0000":[{"pref":"神奈川県","city":"座間市","town":"以下に掲載がない場合"}],"0029":[{"pref":"神奈川県","city":"座間市","town":"入谷西"}],"0028":[{"pref":"神奈川県","city":"座間市","town":"入谷東"}],"0013":[{"pref":"神奈川県","city":"座間市","town":"栗原"}],"0014":[{"pref":"神奈川県","city":"座間市","town":"栗原中央"}],"0002":[{"pref":"神奈川県","city":"座間市","town":"小松原"}],"0001":[{"pref":"神奈川県","city":"座間市","town":"相模が丘"}],"0005":[{"pref":"神奈川県","city":"座間市","town":"さがみ野"}],"0027":[{"pref":"神奈川県","city":"座間市","town":"座間"}],"0026":[{"pref":"神奈川県","city":"座間市","town":"新田宿"}],"0011":[{"pref":"神奈川県","city":"座間市","town":"相武台"}],"0023":[{"pref":"神奈川県","city":"座間市","town":"立野台"}],"0016":[{"pref":"神奈川県","city":"座間市","town":"西栗原"}],"0004":[{"pref":"神奈川県","city":"座間市","town":"東原"}],"0003":[{"pref":"神奈川県","city":"座間市","town":"ひばりが丘"}],"0012":[{"pref":"神奈川県","city":"座間市","town":"広野台"}],"0021":[{"pref":"神奈川県","city":"座間市","town":"緑ケ丘"}],"0015":[{"pref":"神奈川県","city":"座間市","town":"南栗原"}],"0022":[{"pref":"神奈川県","city":"座間市","town":"明王"}],"0025":[{"pref":"神奈川県","city":"座間市","town":"四ツ谷"}]}