{"0000":[{"pref":"埼玉県","city":"三郷市","town":"以下に掲載がない場合"}],"0036":[{"pref":"埼玉県","city":"三郷市","town":"東町"}],"0054":[{"pref":"埼玉県","city":"三郷市","town":"泉"}],"0033":[{"pref":"埼玉県","city":"三郷市","town":"市助"}],"0031":[{"pref":"埼玉県","city":"三郷市","town":"岩野木"}],"0059":[{"pref":"埼玉県","city":"三郷市","town":"インター南"}],"0014":[{"pref":"埼玉県","city":"三郷市","town":"後谷"}],"0011":[{"pref":"埼玉県","city":"三郷市","town":"采女"}],"0022":[{"pref":"埼玉県","city":"三郷市","town":"大広戸"}],"0046":[{"pref":"埼玉県","city":"三郷市","town":"鎌倉"}],"0055":[{"pref":"埼玉県","city":"三郷市","town":"上口"}],"0006":[{"pref":"埼玉県","city":"三郷市","town":"上彦川戸"}],"0004":[{"pref":"埼玉県","city":"三郷市","town":"上彦名"}],"0026":[{"pref":"埼玉県","city":"三郷市","town":"幸房"}],"0008":[{"pref":"埼玉県","city":"三郷市","town":"駒形"}],"0013":[{"pref":"埼玉県","city":"三郷市","town":"小谷堀"}],"0043":[{"pref":"埼玉県","city":"三郷市","town":"栄"}],"0027":[{"pref":"埼玉県","city":"三郷市","town":"笹塚"}],"0021":[{"pref":"埼玉県","city":"三郷市","town":"さつき平"}],"0007":[{"pref":"埼玉県","city":"三郷市","town":"下彦川戸"}],"0009":[{"pref":"埼玉県","city":"三郷市","town":"新三郷ららシティ"}],"0034":[{"pref":"埼玉県","city":"三郷市","town":"新和"}],"0015":[{"pref":"埼玉県","city":"三郷市","town":"前間"}],"0037":[{"pref":"埼玉県","city":"三郷市","town":"高州"}],"0035":[{"pref":"埼玉県","city":"三郷市","town":"鷹野"}],"0016":[{"pref":"埼玉県","city":"三郷市","town":"田中新田"}],"0017":[{"pref":"埼玉県","city":"三郷市","town":"丹後"}],"0038":[{"pref":"埼玉県","city":"三郷市","town":"中央"}],"0051":[{"pref":"埼玉県","city":"三郷市","town":"天神"}],"0044":[{"pref":"埼玉県","city":"三郷市","town":"戸ケ崎"}],"0023":[{"pref":"埼玉県","city":"三郷市","town":"仁蔵"}],"0041":[{"pref":"埼玉県","city":"三郷市","town":"花和田"}],"0056":[{"pref":"埼玉県","city":"三郷市","town":"番匠免"}],"0012":[{"pref":"埼玉県","city":"三郷市","town":"半田"}],"0050":[{"pref":"埼玉県","city":"三郷市","town":"ピアラシティ"}],"0001":[{"pref":"埼玉県","city":"三郷市","town":"彦糸"}],"0058":[{"pref":"埼玉県","city":"三郷市","town":"彦江"}],"0002":[{"pref":"埼玉県","city":"三郷市","town":"彦音"}],"0005":[{"pref":"埼玉県","city":"三郷市","town":"彦川戸"}],"0053":[{"pref":"埼玉県","city":"三郷市","town":"彦倉"}],"0057":[{"pref":"埼玉県","city":"三郷市","town":"彦沢"}],"0003":[{"pref":"埼玉県","city":"三郷市","town":"彦成"}],"0052":[{"pref":"埼玉県","city":"三郷市","town":"彦野"}],"0024":[{"pref":"埼玉県","city":"三郷市","town":"三郷"}],"0028":[{"pref":"埼玉県","city":"三郷市","town":"南蓮沼"}],"0025":[{"pref":"埼玉県","city":"三郷市","town":"茂田井"}],"0042":[{"pref":"埼玉県","city":"三郷市","town":"谷口"}],"0032":[{"pref":"埼玉県","city":"三郷市","town":"谷中"}],"0045":[{"pref":"埼玉県","city":"三郷市","town":"寄巻"}],"0018":[{"pref":"埼玉県","city":"三郷市","town":"早稲田"}]}