{"6001":[{"pref":"東京都","city":"港区","town":"赤坂赤坂アークヒルズ・アーク森ビル（１階）"}],"6002":[{"pref":"東京都","city":"港区","town":"赤坂赤坂アークヒルズ・アーク森ビル（２階）"}],"6003":[{"pref":"東京都","city":"港区","town":"赤坂赤坂アークヒルズ・アーク森ビル（３階）"}],"6004":[{"pref":"東京都","city":"港区","town":"赤坂赤坂アークヒルズ・アーク森ビル（４階）"}],"6005":[{"pref":"東京都","city":"港区","town":"赤坂赤坂アークヒルズ・アーク森ビル（５階）"}],"6006":[{"pref":"東京都","city":"港区","town":"赤坂赤坂アークヒルズ・アーク森ビル（６階）"}],"6007":[{"pref":"東京都","city":"港区","town":"赤坂赤坂アークヒルズ・アーク森ビル（７階）"}],"6008":[{"pref":"東京都","city":"港区","town":"赤坂赤坂アークヒルズ・アーク森ビル（８階）"}],"6009":[{"pref":"東京都","city":"港区","town":"赤坂赤坂アークヒルズ・アーク森ビル（９階）"}],"6010":[{"pref":"東京都","city":"港区","town":"赤坂赤坂アークヒルズ・アーク森ビル（１０階）"}],"6011":[{"pref":"東京都","city":"港区","town":"赤坂赤坂アークヒルズ・アーク森ビル（１１階）"}],"6012":[{"pref":"東京都","city":"港区","town":"赤坂赤坂アークヒルズ・アーク森ビル（１２階）"}],"6013":[{"pref":"東京都","city":"港区","town":"赤坂赤坂アークヒルズ・アーク森ビル（１３階）"}],"6014":[{"pref":"東京都","city":"港区","town":"赤坂赤坂アークヒルズ・アーク森ビル（１４階）"}],"6015":[{"pref":"東京都","city":"港区","town":"赤坂赤坂アークヒルズ・アーク森ビル（１５階）"}],"6016":[{"pref":"東京都","city":"港区","town":"赤坂赤坂アークヒルズ・アーク森ビル（１６階）"}],"6017":[{"pref":"東京都","city":"港区","town":"赤坂赤坂アークヒルズ・アーク森ビル（１７階）"}],"6018":[{"pref":"東京都","city":"港区","town":"赤坂赤坂アークヒルズ・アーク森ビル（１８階）"}],"6019":[{"pref":"東京都","city":"港区","town":"赤坂赤坂アークヒルズ・アーク森ビル（１９階）"}],"6020":[{"pref":"東京都","city":"港区","town":"赤坂赤坂アークヒルズ・アーク森ビル（２０階）"}],"6021":[{"pref":"東京都","city":"港区","town":"赤坂赤坂アークヒルズ・アーク森ビル（２１階）"}],"6022":[{"pref":"東京都","city":"港区","town":"赤坂赤坂アークヒルズ・アーク森ビル（２２階）"}],"6023":[{"pref":"東京都","city":"港区","town":"赤坂赤坂アークヒルズ・アーク森ビル（２３階）"}],"6024":[{"pref":"東京都","city":"港区","town":"赤坂赤坂アークヒルズ・アーク森ビル（２４階）"}],"6025":[{"pref":"東京都","city":"港区","town":"赤坂赤坂アークヒルズ・アーク森ビル（２５階）"}],"6026":[{"pref":"東京都","city":"港区","town":"赤坂赤坂アークヒルズ・アーク森ビル（２６階）"}],"6027":[{"pref":"東京都","city":"港区","town":"赤坂赤坂アークヒルズ・アーク森ビル（２７階）"}],"6028":[{"pref":"東京都","city":"港区","town":"赤坂赤坂アークヒルズ・アーク森ビル（２８階）"}],"6029":[{"pref":"東京都","city":"港区","town":"赤坂赤坂アークヒルズ・アーク森ビル（２９階）"}],"6030":[{"pref":"東京都","city":"港区","town":"赤坂赤坂アークヒルズ・アーク森ビル（３０階）"}],"6031":[{"pref":"東京都","city":"港区","town":"赤坂赤坂アークヒルズ・アーク森ビル（３１階）"}],"6032":[{"pref":"東京都","city":"港区","town":"赤坂赤坂アークヒルズ・アーク森ビル（３２階）"}],"6033":[{"pref":"東京都","city":"港区","town":"赤坂赤坂アークヒルズ・アーク森ビル（３３階）"}],"6034":[{"pref":"東京都","city":"港区","town":"赤坂赤坂アークヒルズ・アーク森ビル（３４階）"}],"6035":[{"pref":"東京都","city":"港区","town":"赤坂赤坂アークヒルズ・アーク森ビル（３５階）"}],"6036":[{"pref":"東京都","city":"港区","town":"赤坂赤坂アークヒルズ・アーク森ビル（３６階）"}],"6037":[{"pref":"東京都","city":"港区","town":"赤坂赤坂アークヒルズ・アーク森ビル（３７階）"}],"6090":[{"pref":"東京都","city":"港区","town":"赤坂赤坂アークヒルズ・アーク森ビル（地階・階層不明）"}],"6101":[{"pref":"東京都","city":"港区","town":"赤坂赤坂パークビル（１階）"}],"6102":[{"pref":"東京都","city":"港区","town":"赤坂赤坂パークビル（２階）"}],"6103":[{"pref":"東京都","city":"港区","town":"赤坂赤坂パークビル（３階）"}],"6104":[{"pref":"東京都","city":"港区","town":"赤坂赤坂パークビル（４階）"}],"6105":[{"pref":"東京都","city":"港区","town":"赤坂赤坂パークビル（５階）"}],"6106":[{"pref":"東京都","city":"港区","town":"赤坂赤坂パークビル（６階）"}],"6107":[{"pref":"東京都","city":"港区","town":"赤坂赤坂パークビル（７階）"}],"6108":[{"pref":"東京都","city":"港区","town":"赤坂赤坂パークビル（８階）"}],"6109":[{"pref":"東京都","city":"港区","town":"赤坂赤坂パークビル（９階）"}],"6110":[{"pref":"東京都","city":"港区","town":"赤坂赤坂パークビル（１０階）"}],"6111":[{"pref":"東京都","city":"港区","town":"赤坂赤坂パークビル（１１階）"}],"6112":[{"pref":"東京都","city":"港区","town":"赤坂赤坂パークビル（１２階）"}],"6113":[{"pref":"東京都","city":"港区","town":"赤坂赤坂パークビル（１３階）"}],"6114":[{"pref":"東京都","city":"港区","town":"赤坂赤坂パークビル（１４階）"}],"6115":[{"pref":"東京都","city":"港区","town":"赤坂赤坂パークビル（１５階）"}],"6116":[{"pref":"東京都","city":"港区","town":"赤坂赤坂パークビル（１６階）"}],"6117":[{"pref":"東京都","city":"港区","town":"赤坂赤坂パークビル（１７階）"}],"6118":[{"pref":"東京都","city":"港区","town":"赤坂赤坂パークビル（１８階）"}],"6119":[{"pref":"東京都","city":"港区","town":"赤坂赤坂パークビル（１９階）"}],"6120":[{"pref":"東京都","city":"港区","town":"赤坂赤坂パークビル（２０階）"}],"6121":[{"pref":"東京都","city":"港区","town":"赤坂赤坂パークビル（２１階）"}],"6122":[{"pref":"東京都","city":"港区","town":"赤坂赤坂パークビル（２２階）"}],"6123":[{"pref":"東京都","city":"港区","town":"赤坂赤坂パークビル（２３階）"}],"6124":[{"pref":"東京都","city":"港区","town":"赤坂赤坂パークビル（２４階）"}],"6125":[{"pref":"東京都","city":"港区","town":"赤坂赤坂パークビル（２５階）"}],"6126":[{"pref":"東京都","city":"港区","town":"赤坂赤坂パークビル（２６階）"}],"6127":[{"pref":"東京都","city":"港区","town":"赤坂赤坂パークビル（２７階）"}],"6128":[{"pref":"東京都","city":"港区","town":"赤坂赤坂パークビル（２８階）"}],"6129":[{"pref":"東京都","city":"港区","town":"赤坂赤坂パークビル（２９階）"}],"6130":[{"pref":"東京都","city":"港区","town":"赤坂赤坂パークビル（３０階）"}],"6190":[{"pref":"東京都","city":"港区","town":"赤坂赤坂パークビル（地階・階層不明）"}],"6201":[{"pref":"東京都","city":"港区","town":"赤坂ミッドタウン・タワー（１階）"}],"6202":[{"pref":"東京都","city":"港区","town":"赤坂ミッドタウン・タワー（２階）"}],"6203":[{"pref":"東京都","city":"港区","town":"赤坂ミッドタウン・タワー（３階）"}],"6204":[{"pref":"東京都","city":"港区","town":"赤坂ミッドタウン・タワー（４階）"}],"6205":[{"pref":"東京都","city":"港区","town":"赤坂ミッドタウン・タワー（５階）"}],"6206":[{"pref":"東京都","city":"港区","town":"赤坂ミッドタウン・タワー（６階）"}],"6207":[{"pref":"東京都","city":"港区","town":"赤坂ミッドタウン・タワー（７階）"}],"6208":[{"pref":"東京都","city":"港区","town":"赤坂ミッドタウン・タワー（８階）"}],"6209":[{"pref":"東京都","city":"港区","town":"赤坂ミッドタウン・タワー（９階）"}],"6210":[{"pref":"東京都","city":"港区","town":"赤坂ミッドタウン・タワー（１０階）"}],"6211":[{"pref":"東京都","city":"港区","town":"赤坂ミッドタウン・タワー（１１階）"}],"6212":[{"pref":"東京都","city":"港区","town":"赤坂ミッドタウン・タワー（１２階）"}],"6213":[{"pref":"東京都","city":"港区","town":"赤坂ミッドタウン・タワー（１３階）"}],"6214":[{"pref":"東京都","city":"港区","town":"赤坂ミッドタウン・タワー（１４階）"}],"6215":[{"pref":"東京都","city":"港区","town":"赤坂ミッドタウン・タワー（１５階）"}],"6216":[{"pref":"東京都","city":"港区","town":"赤坂ミッドタウン・タワー（１６階）"}],"6217":[{"pref":"東京都","city":"港区","town":"赤坂ミッドタウン・タワー（１７階）"}],"6218":[{"pref":"東京都","city":"港区","town":"赤坂ミッドタウン・タワー（１８階）"}],"6219":[{"pref":"東京都","city":"港区","town":"赤坂ミッドタウン・タワー（１９階）"}],"6220":[{"pref":"東京都","city":"港区","town":"赤坂ミッドタウン・タワー（２０階）"}],"6221":[{"pref":"東京都","city":"港区","town":"赤坂ミッドタウン・タワー（２１階）"}],"6222":[{"pref":"東京都","city":"港区","town":"赤坂ミッドタウン・タワー（２２階）"}],"6223":[{"pref":"東京都","city":"港区","town":"赤坂ミッドタウン・タワー（２３階）"}],"6224":[{"pref":"東京都","city":"港区","town":"赤坂ミッドタウン・タワー（２４階）"}],"6225":[{"pref":"東京都","city":"港区","town":"赤坂ミッドタウン・タワー（２５階）"}],"6226":[{"pref":"東京都","city":"港区","town":"赤坂ミッドタウン・タワー（２６階）"}],"6227":[{"pref":"東京都","city":"港区","town":"赤坂ミッドタウン・タワー（２７階）"}],"6228":[{"pref":"東京都","city":"港区","town":"赤坂ミッドタウン・タワー（２８階）"}],"6229":[{"pref":"東京都","city":"港区","town":"赤坂ミッドタウン・タワー（２９階）"}],"6230":[{"pref":"東京都","city":"港区","town":"赤坂ミッドタウン・タワー（３０階）"}],"6231":[{"pref":"東京都","city":"港区","town":"赤坂ミッドタウン・タワー（３１階）"}],"6232":[{"pref":"東京都","city":"港区","town":"赤坂ミッドタウン・タワー（３２階）"}],"6233":[{"pref":"東京都","city":"港区","town":"赤坂ミッドタウン・タワー（３３階）"}],"6234":[{"pref":"東京都","city":"港区","town":"赤坂ミッドタウン・タワー（３４階）"}],"6235":[{"pref":"東京都","city":"港区","town":"赤坂ミッドタウン・タワー（３５階）"}],"6236":[{"pref":"東京都","city":"港区","town":"赤坂ミッドタウン・タワー（３６階）"}],"6237":[{"pref":"東京都","city":"港区","town":"赤坂ミッドタウン・タワー（３７階）"}],"6238":[{"pref":"東京都","city":"港区","town":"赤坂ミッドタウン・タワー（３８階）"}],"6239":[{"pref":"東京都","city":"港区","town":"赤坂ミッドタウン・タワー（３９階）"}],"6240":[{"pref":"東京都","city":"港区","town":"赤坂ミッドタウン・タワー（４０階）"}],"6241":[{"pref":"東京都","city":"港区","town":"赤坂ミッドタウン・タワー（４１階）"}],"6242":[{"pref":"東京都","city":"港区","town":"赤坂ミッドタウン・タワー（４２階）"}],"6243":[{"pref":"東京都","city":"港区","town":"赤坂ミッドタウン・タワー（４３階）"}],"6244":[{"pref":"東京都","city":"港区","town":"赤坂ミッドタウン・タワー（４４階）"}],"6245":[{"pref":"東京都","city":"港区","town":"赤坂ミッドタウン・タワー（４５階）"}],"6290":[{"pref":"東京都","city":"港区","town":"赤坂ミッドタウン・タワー（地階・階層不明）"}],"6301":[{"pref":"東京都","city":"港区","town":"赤坂赤坂Ｂｉｚタワー（１階）"}],"6302":[{"pref":"東京都","city":"港区","town":"赤坂赤坂Ｂｉｚタワー（２階）"}],"6303":[{"pref":"東京都","city":"港区","town":"赤坂赤坂Ｂｉｚタワー（３階）"}],"6304":[{"pref":"東京都","city":"港区","town":"赤坂赤坂Ｂｉｚタワー（４階）"}],"6305":[{"pref":"東京都","city":"港区","town":"赤坂赤坂Ｂｉｚタワー（５階）"}],"6306":[{"pref":"東京都","city":"港区","town":"赤坂赤坂Ｂｉｚタワー（６階）"}],"6307":[{"pref":"東京都","city":"港区","town":"赤坂赤坂Ｂｉｚタワー（７階）"}],"6308":[{"pref":"東京都","city":"港区","town":"赤坂赤坂Ｂｉｚタワー（８階）"}],"6309":[{"pref":"東京都","city":"港区","town":"赤坂赤坂Ｂｉｚタワー（９階）"}],"6310":[{"pref":"東京都","city":"港区","town":"赤坂赤坂Ｂｉｚタワー（１０階）"}],"6311":[{"pref":"東京都","city":"港区","town":"赤坂赤坂Ｂｉｚタワー（１１階）"}],"6312":[{"pref":"東京都","city":"港区","town":"赤坂赤坂Ｂｉｚタワー（１２階）"}],"6313":[{"pref":"東京都","city":"港区","town":"赤坂赤坂Ｂｉｚタワー（１３階）"}],"6314":[{"pref":"東京都","city":"港区","town":"赤坂赤坂Ｂｉｚタワー（１４階）"}],"6315":[{"pref":"東京都","city":"港区","town":"赤坂赤坂Ｂｉｚタワー（１５階）"}],"6316":[{"pref":"東京都","city":"港区","town":"赤坂赤坂Ｂｉｚタワー（１６階）"}],"6317":[{"pref":"東京都","city":"港区","town":"赤坂赤坂Ｂｉｚタワー（１７階）"}],"6318":[{"pref":"東京都","city":"港区","town":"赤坂赤坂Ｂｉｚタワー（１８階）"}],"6319":[{"pref":"東京都","city":"港区","town":"赤坂赤坂Ｂｉｚタワー（１９階）"}],"6320":[{"pref":"東京都","city":"港区","town":"赤坂赤坂Ｂｉｚタワー（２０階）"}],"6321":[{"pref":"東京都","city":"港区","town":"赤坂赤坂Ｂｉｚタワー（２１階）"}],"6322":[{"pref":"東京都","city":"港区","town":"赤坂赤坂Ｂｉｚタワー（２２階）"}],"6323":[{"pref":"東京都","city":"港区","town":"赤坂赤坂Ｂｉｚタワー（２３階）"}],"6324":[{"pref":"東京都","city":"港区","town":"赤坂赤坂Ｂｉｚタワー（２４階）"}],"6325":[{"pref":"東京都","city":"港区","town":"赤坂赤坂Ｂｉｚタワー（２５階）"}],"6326":[{"pref":"東京都","city":"港区","town":"赤坂赤坂Ｂｉｚタワー（２６階）"}],"6327":[{"pref":"東京都","city":"港区","town":"赤坂赤坂Ｂｉｚタワー（２７階）"}],"6328":[{"pref":"東京都","city":"港区","town":"赤坂赤坂Ｂｉｚタワー（２８階）"}],"6329":[{"pref":"東京都","city":"港区","town":"赤坂赤坂Ｂｉｚタワー（２９階）"}],"6330":[{"pref":"東京都","city":"港区","town":"赤坂赤坂Ｂｉｚタワー（３０階）"}],"6331":[{"pref":"東京都","city":"港区","town":"赤坂赤坂Ｂｉｚタワー（３１階）"}],"6332":[{"pref":"東京都","city":"港区","town":"赤坂赤坂Ｂｉｚタワー（３２階）"}],"6333":[{"pref":"東京都","city":"港区","town":"赤坂赤坂Ｂｉｚタワー（３３階）"}],"6334":[{"pref":"東京都","city":"港区","town":"赤坂赤坂Ｂｉｚタワー（３４階）"}],"6335":[{"pref":"東京都","city":"港区","town":"赤坂赤坂Ｂｉｚタワー（３５階）"}],"6336":[{"pref":"東京都","city":"港区","town":"赤坂赤坂Ｂｉｚタワー（３６階）"}],"6337":[{"pref":"東京都","city":"港区","town":"赤坂赤坂Ｂｉｚタワー（３７階）"}],"6338":[{"pref":"東京都","city":"港区","town":"赤坂赤坂Ｂｉｚタワー（３８階）"}],"6339":[{"pref":"東京都","city":"港区","town":"赤坂赤坂Ｂｉｚタワー（３９階）"}],"6390":[{"pref":"東京都","city":"港区","town":"赤坂赤坂Ｂｉｚタワー（地階・階層不明）"}],"0052":[{"pref":"東京都","city":"港区","town":"赤坂（次のビルを除く）"}],"0061":[{"pref":"東京都","city":"港区","town":"北青山"}],"0062":[{"pref":"東京都","city":"港区","town":"南青山"}],"0051":[{"pref":"東京都","city":"港区","town":"元赤坂"}]}