{"1101":[{"pref":"長崎県","city":"対馬市","town":"美津島町小船越"}],"1102":[{"pref":"長崎県","city":"対馬市","town":"美津島町芦浦"}],"1103":[{"pref":"長崎県","city":"対馬市","town":"美津島町賀谷"}],"1104":[{"pref":"長崎県","city":"対馬市","town":"美津島町濃部"}],"1105":[{"pref":"長崎県","city":"対馬市","town":"美津島町大山"}],"1106":[{"pref":"長崎県","city":"対馬市","town":"美津島町犬吠"}],"1107":[{"pref":"長崎県","city":"対馬市","town":"美津島町鴨居瀬"}],"1201":[{"pref":"長崎県","city":"対馬市","town":"豊玉町仁位"}],"1202":[{"pref":"長崎県","city":"対馬市","town":"豊玉町和板"}],"1212":[{"pref":"長崎県","city":"対馬市","town":"豊玉町曽"}],"1213":[{"pref":"長崎県","city":"対馬市","town":"豊玉町千尋藻"}],"1214":[{"pref":"長崎県","city":"対馬市","town":"豊玉町鑓川"}],"1223":[{"pref":"長崎県","city":"対馬市","town":"豊玉町横浦"}],"1231":[{"pref":"長崎県","city":"対馬市","town":"豊玉町糸瀬"}],"1232":[{"pref":"長崎県","city":"対馬市","town":"豊玉町嵯峨"}],"1233":[{"pref":"長崎県","city":"対馬市","town":"豊玉町貝鮒"}],"1234":[{"pref":"長崎県","city":"対馬市","town":"豊玉町佐志賀"}],"1241":[{"pref":"長崎県","city":"対馬市","town":"豊玉町貝口"}],"1245":[{"pref":"長崎県","city":"対馬市","town":"豊玉町唐洲"}],"1246":[{"pref":"長崎県","city":"対馬市","town":"豊玉町廻"}],"1251":[{"pref":"長崎県","city":"対馬市","town":"豊玉町田"}],"1252":[{"pref":"長崎県","city":"対馬市","town":"豊玉町大綱"}],"1253":[{"pref":"長崎県","city":"対馬市","town":"豊玉町卯麦"}],"1254":[{"pref":"長崎県","city":"対馬市","town":"豊玉町佐保"}],"1255":[{"pref":"長崎県","city":"対馬市","town":"豊玉町志多浦"}],"1256":[{"pref":"長崎県","city":"対馬市","town":"豊玉町小綱"}],"1257":[{"pref":"長崎県","city":"対馬市","town":"豊玉町銘"}],"1301":[{"pref":"長崎県","city":"対馬市","town":"峰町三根"}],"1302":[{"pref":"長崎県","city":"対馬市","town":"峰町狩尾"}],"1303":[{"pref":"長崎県","city":"対馬市","town":"峰町木坂"}],"1304":[{"pref":"長崎県","city":"対馬市","town":"峰町青海"}],"1305":[{"pref":"長崎県","city":"対馬市","town":"峰町津柳"}],"1306":[{"pref":"長崎県","city":"対馬市","town":"峰町吉田"}],"1307":[{"pref":"長崎県","city":"対馬市","town":"峰町賀佐"}],"1411":[{"pref":"長崎県","city":"対馬市","town":"峰町櫛"}],"1412":[{"pref":"長崎県","city":"対馬市","town":"峰町佐賀"}],"1413":[{"pref":"長崎県","city":"対馬市","town":"峰町志多賀"}],"1511":[{"pref":"長崎県","city":"対馬市","town":"上県町鹿見"}],"1512":[{"pref":"長崎県","city":"対馬市","town":"上県町久原"}],"1513":[{"pref":"長崎県","city":"対馬市","town":"上県町女連"}],"1521":[{"pref":"長崎県","city":"対馬市","town":"上県町飼所"}],"1522":[{"pref":"長崎県","city":"対馬市","town":"上県町樫滝"}],"1523":[{"pref":"長崎県","city":"対馬市","town":"上県町瀬田"}],"1524":[{"pref":"長崎県","city":"対馬市","town":"上県町犬ケ浦"}],"1525":[{"pref":"長崎県","city":"対馬市","town":"上県町御園"}],"1531":[{"pref":"長崎県","city":"対馬市","town":"上県町越高"}],"1532":[{"pref":"長崎県","city":"対馬市","town":"上県町伊奈"}],"1533":[{"pref":"長崎県","city":"対馬市","town":"上県町志多留"}],"1601":[{"pref":"長崎県","city":"対馬市","town":"上県町西津屋"}],"1602":[{"pref":"長崎県","city":"対馬市","town":"上県町佐須奈"}],"1603":[{"pref":"長崎県","city":"対馬市","town":"上県町佐護"}],"1701":[{"pref":"長崎県","city":"対馬市","town":"上対馬町比田勝"}],"1702":[{"pref":"長崎県","city":"対馬市","town":"上対馬町古里"}],"1703":[{"pref":"長崎県","city":"対馬市","town":"上対馬町西泊"}],"1704":[{"pref":"長崎県","city":"対馬市","town":"上対馬町網代"}],"1711":[{"pref":"長崎県","city":"対馬市","town":"上対馬町冨浦"}],"1712":[{"pref":"長崎県","city":"対馬市","town":"上対馬町唐舟志"}],"1713":[{"pref":"長崎県","city":"対馬市","town":"上対馬町浜久須"}],"1714":[{"pref":"長崎県","city":"対馬市","town":"上対馬町玖須"}],"1715":[{"pref":"長崎県","city":"対馬市","town":"上対馬町大増"}],"1721":[{"pref":"長崎県","city":"対馬市","town":"上対馬町河内"}],"1722":[{"pref":"長崎県","city":"対馬市","town":"上対馬町大浦"}],"1723":[{"pref":"長崎県","city":"対馬市","town":"上対馬町鰐浦"}],"1724":[{"pref":"長崎県","city":"対馬市","town":"上対馬町豊"}],"1725":[{"pref":"長崎県","city":"対馬市","town":"上対馬町泉"}],"2241":[{"pref":"長崎県","city":"対馬市","town":"上対馬町小鹿"}],"2242":[{"pref":"長崎県","city":"対馬市","town":"上対馬町一重"}],"2243":[{"pref":"長崎県","city":"対馬市","town":"上対馬町芦見"}],"2331":[{"pref":"長崎県","city":"対馬市","town":"上対馬町琴"}],"2332":[{"pref":"長崎県","city":"対馬市","town":"上対馬町五根緒"}],"2333":[{"pref":"長崎県","city":"対馬市","town":"上対馬町舟志"}],"0000":[{"pref":"長崎県","city":"対馬市","town":"以下に掲載がない場合"}],"0034":[{"pref":"長崎県","city":"対馬市","town":"厳原町安神"}],"0153":[{"pref":"長崎県","city":"対馬市","town":"厳原町浅藻"}],"0241":[{"pref":"長崎県","city":"対馬市","town":"厳原町阿連"}],"0021":[{"pref":"長崎県","city":"対馬市","town":"厳原町今屋敷"}],"0157":[{"pref":"長崎県","city":"対馬市","town":"厳原町内山"}],"0033":[{"pref":"長崎県","city":"対馬市","town":"厳原町尾浦"}],"0024":[{"pref":"長崎県","city":"対馬市","town":"厳原町大手橋"}],"0243":[{"pref":"長崎県","city":"対馬市","town":"厳原町樫根"}],"0006":[{"pref":"長崎県","city":"対馬市","town":"厳原町北里"}],"0032":[{"pref":"長崎県","city":"対馬市","town":"厳原町久田"}],"0031":[{"pref":"長崎県","city":"対馬市","town":"厳原町久田道"}],"0245":[{"pref":"長崎県","city":"対馬市","town":"厳原町久根田舎"}],"0244":[{"pref":"長崎県","city":"対馬市","town":"厳原町久根浜"}],"0035":[{"pref":"長崎県","city":"対馬市","town":"厳原町久和"}],"0246":[{"pref":"長崎県","city":"対馬市","town":"厳原町上槻"}],"0001":[{"pref":"長崎県","city":"対馬市","town":"厳原町小浦"}],"0022":[{"pref":"長崎県","city":"対馬市","town":"厳原町国分"}],"0248":[{"pref":"長崎県","city":"対馬市","town":"厳原町小茂田"}],"0005":[{"pref":"長崎県","city":"対馬市","town":"厳原町桟原"}],"0156":[{"pref":"長崎県","city":"対馬市","town":"厳原町佐須瀬"}],"0247":[{"pref":"長崎県","city":"対馬市","town":"厳原町椎根"}],"0242":[{"pref":"長崎県","city":"対馬市","town":"厳原町下原"}],"0023":[{"pref":"長崎県","city":"対馬市","town":"厳原町田渕"}],"0154":[{"pref":"長崎県","city":"対馬市","town":"厳原町豆酘"}],"0155":[{"pref":"長崎県","city":"対馬市","town":"厳原町豆酘瀬"}],"0152":[{"pref":"長崎県","city":"対馬市","town":"厳原町豆酘内院"}],"0014":[{"pref":"長崎県","city":"対馬市","town":"厳原町天道茂"}],"0013":[{"pref":"長崎県","city":"対馬市","town":"厳原町中村"}],"0003":[{"pref":"長崎県","city":"対馬市","town":"厳原町南室"}],"0015":[{"pref":"長崎県","city":"対馬市","town":"厳原町西里"}],"0016":[{"pref":"長崎県","city":"対馬市","town":"厳原町東里"}],"0012":[{"pref":"長崎県","city":"対馬市","town":"厳原町日吉"}],"0002":[{"pref":"長崎県","city":"対馬市","town":"厳原町曲"}],"0011":[{"pref":"長崎県","city":"対馬市","town":"厳原町宮谷"}],"0151":[{"pref":"長崎県","city":"対馬市","town":"厳原町与良内院"}],"0432":[{"pref":"長崎県","city":"対馬市","town":"美津島町今里"}],"0323":[{"pref":"長崎県","city":"対馬市","town":"美津島町大船越"}],"0325":[{"pref":"長崎県","city":"対馬市","town":"美津島町緒方"}],"0431":[{"pref":"長崎県","city":"対馬市","town":"美津島町尾崎"}],"0433":[{"pref":"長崎県","city":"対馬市","town":"美津島町加志"}],"0324":[{"pref":"長崎県","city":"対馬市","town":"美津島町久須保"}],"0512":[{"pref":"長崎県","city":"対馬市","town":"美津島町黒瀬"}],"0322":[{"pref":"長崎県","city":"対馬市","town":"美津島町鶏知"}],"0514":[{"pref":"長崎県","city":"対馬市","town":"美津島町島山"}],"0321":[{"pref":"長崎県","city":"対馬市","town":"美津島町洲藻"}],"0511":[{"pref":"長崎県","city":"対馬市","town":"美津島町竹敷"}],"0326":[{"pref":"長崎県","city":"対馬市","town":"美津島町根緒"}],"0513":[{"pref":"長崎県","city":"対馬市","town":"美津島町昼ケ浦"}],"0434":[{"pref":"長崎県","city":"対馬市","town":"美津島町吹崎"}],"0435":[{"pref":"長崎県","city":"対馬市","town":"美津島町箕形"}]}