{"8001":[{"pref":"岐阜県","city":"岐阜市","town":"鏡岩"}],"8002":[{"pref":"岐阜県","city":"岐阜市","town":"御手洗"}],"8003":[{"pref":"岐阜県","city":"岐阜市","town":"大宮町"}],"8004":[{"pref":"岐阜県","city":"岐阜市","town":"千畳敷"}],"8005":[{"pref":"岐阜県","city":"岐阜市","town":"上材木町"}],"8006":[{"pref":"岐阜県","city":"岐阜市","town":"堤外"}],"8007":[{"pref":"岐阜県","city":"岐阜市","town":"元浜町"}],"8008":[{"pref":"岐阜県","city":"岐阜市","town":"玉井町"}],"8009":[{"pref":"岐阜県","city":"岐阜市","town":"湊町"}],"8011":[{"pref":"岐阜県","city":"岐阜市","town":"木挽町"}],"8012":[{"pref":"岐阜県","city":"岐阜市","town":"山口町"}],"8013":[{"pref":"岐阜県","city":"岐阜市","town":"松下町"}],"8014":[{"pref":"岐阜県","city":"岐阜市","town":"夕陽ケ丘"}],"8015":[{"pref":"岐阜県","city":"岐阜市","town":"松山町"}],"8016":[{"pref":"岐阜県","city":"岐阜市","town":"松ケ枝町"}],"8017":[{"pref":"岐阜県","city":"岐阜市","town":"梶川町"}],"8018":[{"pref":"岐阜県","city":"岐阜市","town":"大仏町"}],"8019":[{"pref":"岐阜県","city":"岐阜市","town":"益屋町"}],"8021":[{"pref":"岐阜県","city":"岐阜市","town":"上茶屋町"}],"8022":[{"pref":"岐阜県","city":"岐阜市","town":"下茶屋町"}],"8023":[{"pref":"岐阜県","city":"岐阜市","town":"今町"}],"8024":[{"pref":"岐阜県","city":"岐阜市","town":"上新町"}],"8025":[{"pref":"岐阜県","city":"岐阜市","town":"久屋町"}],"8026":[{"pref":"岐阜県","city":"岐阜市","town":"上大久和町"}],"8027":[{"pref":"岐阜県","city":"岐阜市","town":"中大桑町"}],"8028":[{"pref":"岐阜県","city":"岐阜市","town":"西材木町"}],"8029":[{"pref":"岐阜県","city":"岐阜市","town":"東材木町"}],"8031":[{"pref":"岐阜県","city":"岐阜市","town":"蜂屋町"}],"8032":[{"pref":"岐阜県","city":"岐阜市","town":"中新町"}],"8033":[{"pref":"岐阜県","city":"岐阜市","town":"魚屋町"}],"8034":[{"pref":"岐阜県","city":"岐阜市","town":"本町"}],"8035":[{"pref":"岐阜県","city":"岐阜市","town":"布屋町"}],"8036":[{"pref":"岐阜県","city":"岐阜市","town":"甚衛町"}],"8037":[{"pref":"岐阜県","city":"岐阜市","town":"下新町"}],"8038":[{"pref":"岐阜県","city":"岐阜市","town":"大工町"}],"8039":[{"pref":"岐阜県","city":"岐阜市","town":"下大桑町"}],"8041":[{"pref":"岐阜県","city":"岐阜市","town":"靱屋町"}],"8042":[{"pref":"岐阜県","city":"岐阜市","town":"末広町"}],"8043":[{"pref":"岐阜県","city":"岐阜市","town":"伊奈波通"}],"8044":[{"pref":"岐阜県","city":"岐阜市","town":"万力町"}],"8045":[{"pref":"岐阜県","city":"岐阜市","town":"新桜町"}],"8046":[{"pref":"岐阜県","city":"岐阜市","town":"米屋町"}],"8047":[{"pref":"岐阜県","city":"岐阜市","town":"中竹屋町"}],"8048":[{"pref":"岐阜県","city":"岐阜市","town":"大和町"}],"8049":[{"pref":"岐阜県","city":"岐阜市","town":"上竹屋町"}],"8051":[{"pref":"岐阜県","city":"岐阜市","town":"駿河山"}],"8052":[{"pref":"岐阜県","city":"岐阜市","town":"鶯谷"}],"8053":[{"pref":"岐阜県","city":"岐阜市","town":"鶯谷町"}],"8054":[{"pref":"岐阜県","city":"岐阜市","town":"大門町"}],"8055":[{"pref":"岐阜県","city":"岐阜市","town":"笹土居町"}],"8056":[{"pref":"岐阜県","city":"岐阜市","town":"下竹町"}],"8057":[{"pref":"岐阜県","city":"岐阜市","town":"上竹町"}],"8058":[{"pref":"岐阜県","city":"岐阜市","town":"常盤町"}],"8059":[{"pref":"岐阜県","city":"岐阜市","town":"栄扇町"}],"8061":[{"pref":"岐阜県","city":"岐阜市","town":"小熊町"}],"8062":[{"pref":"岐阜県","city":"岐阜市","town":"初音町"}],"8063":[{"pref":"岐阜県","city":"岐阜市","town":"金屋横町"}],"8064":[{"pref":"岐阜県","city":"岐阜市","town":"柳沢町"}],"8065":[{"pref":"岐阜県","city":"岐阜市","town":"金屋町"}],"8066":[{"pref":"岐阜県","city":"岐阜市","town":"下太田町"}],"8067":[{"pref":"岐阜県","city":"岐阜市","town":"秋津町"}],"8068":[{"pref":"岐阜県","city":"岐阜市","town":"上太田町"}],"8069":[{"pref":"岐阜県","city":"岐阜市","town":"今小町"}],"8071":[{"pref":"岐阜県","city":"岐阜市","town":"柳町"}],"8072":[{"pref":"岐阜県","city":"岐阜市","town":"緑町"}],"8073":[{"pref":"岐阜県","city":"岐阜市","town":"泉町"}],"8074":[{"pref":"岐阜県","city":"岐阜市","town":"七軒町"}],"8075":[{"pref":"岐阜県","city":"岐阜市","town":"室町"}],"8076":[{"pref":"岐阜県","city":"岐阜市","town":"司町"}],"8077":[{"pref":"岐阜県","city":"岐阜市","town":"伊吹町"}],"8078":[{"pref":"岐阜県","city":"岐阜市","town":"柳生町"}],"8079":[{"pref":"岐阜県","city":"岐阜市","town":"御杉町"}],"8081":[{"pref":"岐阜県","city":"岐阜市","town":"啓運町"}],"8082":[{"pref":"岐阜県","city":"岐阜市","town":"矢島町"}],"8083":[{"pref":"岐阜県","city":"岐阜市","town":"間之町"}],"8084":[{"pref":"岐阜県","city":"岐阜市","town":"松屋町"}],"8085":[{"pref":"岐阜県","city":"岐阜市","town":"白木町"}],"8086":[{"pref":"岐阜県","city":"岐阜市","town":"木造町"}],"8087":[{"pref":"岐阜県","city":"岐阜市","town":"堀江町"}],"8088":[{"pref":"岐阜県","city":"岐阜市","town":"四屋町"}],"8089":[{"pref":"岐阜県","city":"岐阜市","town":"若松町"}],"8101":[{"pref":"岐阜県","city":"岐阜市","town":"多賀町"}],"8102":[{"pref":"岐阜県","city":"岐阜市","town":"粕森町"}],"8103":[{"pref":"岐阜県","city":"岐阜市","town":"藍川町"}],"8104":[{"pref":"岐阜県","city":"岐阜市","town":"美園町"}],"8105":[{"pref":"岐阜県","city":"岐阜市","town":"西園町"}],"8106":[{"pref":"岐阜県","city":"岐阜市","town":"東高岩町"}],"8107":[{"pref":"岐阜県","city":"岐阜市","town":"高岩町"}],"8108":[{"pref":"岐阜県","city":"岐阜市","town":"川端町"}],"8109":[{"pref":"岐阜県","city":"岐阜市","town":"朝日町"}],"8111":[{"pref":"岐阜県","city":"岐阜市","town":"梅林"}],"8112":[{"pref":"岐阜県","city":"岐阜市","town":"梅林南町"}],"8113":[{"pref":"岐阜県","city":"岐阜市","town":"金園町"}],"8114":[{"pref":"岐阜県","city":"岐阜市","town":"金竜町"}],"8115":[{"pref":"岐阜県","city":"岐阜市","town":"田端町"}],"8116":[{"pref":"岐阜県","city":"岐阜市","town":"殿町"}],"8117":[{"pref":"岐阜県","city":"岐阜市","town":"南殿町"}],"8118":[{"pref":"岐阜県","city":"岐阜市","town":"寺町"}],"8119":[{"pref":"岐阜県","city":"岐阜市","town":"梅林西町"}],"8121":[{"pref":"岐阜県","city":"岐阜市","town":"上加納山"}],"8122":[{"pref":"岐阜県","city":"岐阜市","town":"旭見ケ池町"}],"8123":[{"pref":"岐阜県","city":"岐阜市","town":"雲竜町"}],"8124":[{"pref":"岐阜県","city":"岐阜市","town":"宝来町"}],"8125":[{"pref":"岐阜県","city":"岐阜市","town":"城望町"}],"8126":[{"pref":"岐阜県","city":"岐阜市","town":"隆城町"}],"8127":[{"pref":"岐阜県","city":"岐阜市","town":"塩町"}],"8128":[{"pref":"岐阜県","city":"岐阜市","town":"花月町"}],"8129":[{"pref":"岐阜県","city":"岐阜市","town":"鶴見町"}],"8131":[{"pref":"岐阜県","city":"岐阜市","town":"月ノ会町"}],"8132":[{"pref":"岐阜県","city":"岐阜市","town":"尼ケ崎町"}],"8133":[{"pref":"岐阜県","city":"岐阜市","town":"永楽町"}],"8134":[{"pref":"岐阜県","city":"岐阜市","town":"岩栄町"}],"8135":[{"pref":"岐阜県","city":"岐阜市","town":"織田塚町"}],"8136":[{"pref":"岐阜県","city":"岐阜市","town":"雪見町"}],"8137":[{"pref":"岐阜県","city":"岐阜市","town":"東興町"}],"8138":[{"pref":"岐阜県","city":"岐阜市","town":"中道北"}],"8139":[{"pref":"岐阜県","city":"岐阜市","town":"庵町"}],"8141":[{"pref":"岐阜県","city":"岐阜市","town":"月丘町"}],"8142":[{"pref":"岐阜県","city":"岐阜市","town":"花沢町"}],"8143":[{"pref":"岐阜県","city":"岐阜市","town":"瑞雲町"}],"8144":[{"pref":"岐阜県","city":"岐阜市","town":"東栄町"}],"8145":[{"pref":"岐阜県","city":"岐阜市","town":"雲井町"}],"8146":[{"pref":"岐阜県","city":"岐阜市","town":"九重町"}],"8147":[{"pref":"岐阜県","city":"岐阜市","town":"三笠町"}],"8148":[{"pref":"岐阜県","city":"岐阜市","town":"曙町"}],"8149":[{"pref":"岐阜県","city":"岐阜市","town":"戎町"}],"8151":[{"pref":"岐阜県","city":"岐阜市","town":"大黒町"}],"8152":[{"pref":"岐阜県","city":"岐阜市","town":"入舟町"}],"8153":[{"pref":"岐阜県","city":"岐阜市","town":"石長町"}],"8154":[{"pref":"岐阜県","city":"岐阜市","town":"木ノ下町"}],"8155":[{"pref":"岐阜県","city":"岐阜市","town":"市ノ坪町"}],"8156":[{"pref":"岐阜県","city":"岐阜市","town":"祈年町"}],"8157":[{"pref":"岐阜県","city":"岐阜市","town":"五坪"},{"pref":"岐阜県","city":"岐阜市","town":"五坪町"}],"8158":[{"pref":"岐阜県","city":"岐阜市","town":"田神"}],"8159":[{"pref":"岐阜県","city":"岐阜市","town":"田神町"}],"8161":[{"pref":"岐阜県","city":"岐阜市","town":"茨木町"}],"8162":[{"pref":"岐阜県","city":"岐阜市","town":"高尾町"}],"8163":[{"pref":"岐阜県","city":"岐阜市","town":"鶴舞町"}],"8164":[{"pref":"岐阜県","city":"岐阜市","town":"鶴田町"}],"8165":[{"pref":"岐阜県","city":"岐阜市","town":"老松町"}],"8166":[{"pref":"岐阜県","city":"岐阜市","town":"天王町"}],"8167":[{"pref":"岐阜県","city":"岐阜市","town":"東金宝町"}],"8168":[{"pref":"岐阜県","city":"岐阜市","town":"東駒爪町"}],"8169":[{"pref":"岐阜県","city":"岐阜市","town":"溝旗町"}],"8171":[{"pref":"岐阜県","city":"岐阜市","town":"高森町"}],"8172":[{"pref":"岐阜県","city":"岐阜市","town":"白山町"}],"8173":[{"pref":"岐阜県","city":"岐阜市","town":"田生越町"}],"8174":[{"pref":"岐阜県","city":"岐阜市","town":"栗矢田町"}],"8175":[{"pref":"岐阜県","city":"岐阜市","town":"長住町"}],"8176":[{"pref":"岐阜県","city":"岐阜市","town":"県町"}],"8177":[{"pref":"岐阜県","city":"岐阜市","town":"長旗町"}],"8178":[{"pref":"岐阜県","city":"岐阜市","town":"清住町"}],"8179":[{"pref":"岐阜県","city":"岐阜市","town":"元住町"}],"8181":[{"pref":"岐阜県","city":"岐阜市","town":"御浪町"}],"8182":[{"pref":"岐阜県","city":"岐阜市","town":"美殿町"}],"8183":[{"pref":"岐阜県","city":"岐阜市","town":"一番町"}],"8184":[{"pref":"岐阜県","city":"岐阜市","town":"西駒爪町"}],"8185":[{"pref":"岐阜県","city":"岐阜市","town":"元町"}],"8186":[{"pref":"岐阜県","city":"岐阜市","town":"霞町"}],"8187":[{"pref":"岐阜県","city":"岐阜市","town":"吉津町"}],"8188":[{"pref":"岐阜県","city":"岐阜市","town":"二番町"}],"8189":[{"pref":"岐阜県","city":"岐阜市","town":"三番町"}],"8207":[{"pref":"岐阜県","city":"岐阜市","town":"日野北"}],"8211":[{"pref":"岐阜県","city":"岐阜市","town":"日野東"}],"8212":[{"pref":"岐阜県","city":"岐阜市","town":"日野南"}],"8213":[{"pref":"岐阜県","city":"岐阜市","town":"日野西"}],"8221":[{"pref":"岐阜県","city":"岐阜市","town":"天池"}],"8222":[{"pref":"岐阜県","city":"岐阜市","town":"琴塚"}],"8223":[{"pref":"岐阜県","city":"岐阜市","town":"水海道"}],"8224":[{"pref":"岐阜県","city":"岐阜市","town":"高田"}],"8225":[{"pref":"岐阜県","city":"岐阜市","town":"岩地"}],"8226":[{"pref":"岐阜県","city":"岐阜市","town":"野一色"}],"8227":[{"pref":"岐阜県","city":"岐阜市","town":"北一色"}],"8228":[{"pref":"岐阜県","city":"岐阜市","town":"長森本町"}],"8229":[{"pref":"岐阜県","city":"岐阜市","town":"長森岩戸"}],"8231":[{"pref":"岐阜県","city":"岐阜市","town":"前一色西町"}],"8232":[{"pref":"岐阜県","city":"岐阜市","town":"前一色"}],"8233":[{"pref":"岐阜県","city":"岐阜市","town":"蔵前"}],"8234":[{"pref":"岐阜県","city":"岐阜市","town":"芋島"}],"8235":[{"pref":"岐阜県","city":"岐阜市","town":"東中島"}],"8236":[{"pref":"岐阜県","city":"岐阜市","town":"手力町"}],"8237":[{"pref":"岐阜県","city":"岐阜市","town":"切通"}],"8238":[{"pref":"岐阜県","city":"岐阜市","town":"細畑"}],"8241":[{"pref":"岐阜県","city":"岐阜市","town":"領下"}],"8242":[{"pref":"岐阜県","city":"岐阜市","town":"細畑野寄"}],"8243":[{"pref":"岐阜県","city":"岐阜市","town":"細畑華南"}],"8244":[{"pref":"岐阜県","city":"岐阜市","town":"細畑塚浦"}],"8245":[{"pref":"岐阜県","city":"岐阜市","town":"上川手"}],"8246":[{"pref":"岐阜県","city":"岐阜市","town":"下川手"}],"8247":[{"pref":"岐阜県","city":"岐阜市","town":"長森細畑"}],"8251":[{"pref":"岐阜県","city":"岐阜市","town":"加納御車町"}],"8252":[{"pref":"岐阜県","city":"岐阜市","town":"加納舟田町"}],"8253":[{"pref":"岐阜県","city":"岐阜市","town":"薬師町"}],"8254":[{"pref":"岐阜県","city":"岐阜市","town":"光樹町"}],"8255":[{"pref":"岐阜県","city":"岐阜市","town":"朝霧町"}],"8256":[{"pref":"岐阜県","city":"岐阜市","town":"八坂町"}],"8257":[{"pref":"岐阜県","city":"岐阜市","town":"東川手"}],"8258":[{"pref":"岐阜県","city":"岐阜市","town":"西川手"}],"8259":[{"pref":"岐阜県","city":"岐阜市","town":"水主町"}],"8261":[{"pref":"岐阜県","city":"岐阜市","town":"茜部大野"}],"8262":[{"pref":"岐阜県","city":"岐阜市","town":"茜部本郷"}],"8263":[{"pref":"岐阜県","city":"岐阜市","town":"茜部新所"}],"8264":[{"pref":"岐阜県","city":"岐阜市","town":"茜部辰新"}],"8265":[{"pref":"岐阜県","city":"岐阜市","town":"茜部神清寺"}],"8266":[{"pref":"岐阜県","city":"岐阜市","town":"境川"}],"8267":[{"pref":"岐阜県","city":"岐阜市","town":"茜部寺屋敷"}],"8268":[{"pref":"岐阜県","city":"岐阜市","town":"茜部菱野"}],"8269":[{"pref":"岐阜県","city":"岐阜市","town":"茜部中島"}],"8271":[{"pref":"岐阜県","city":"岐阜市","town":"加納堀田町"}],"8272":[{"pref":"岐阜県","city":"岐阜市","town":"加納奥平町"}],"8273":[{"pref":"岐阜県","city":"岐阜市","town":"加納矢場町"}],"8274":[{"pref":"岐阜県","city":"岐阜市","town":"加納鷹匠町"}],"8275":[{"pref":"岐阜県","city":"岐阜市","town":"加納花ノ木町"}],"8276":[{"pref":"岐阜県","city":"岐阜市","town":"加納南陽町"}],"8277":[{"pref":"岐阜県","city":"岐阜市","town":"加納立花町"}],"8278":[{"pref":"岐阜県","city":"岐阜市","town":"加納西山町"}],"8279":[{"pref":"岐阜県","city":"岐阜市","town":"加納梅田町"}],"8281":[{"pref":"岐阜県","city":"岐阜市","town":"東鶉"}],"8282":[{"pref":"岐阜県","city":"岐阜市","town":"茜部大川"}],"8283":[{"pref":"岐阜県","city":"岐阜市","town":"茜部野瀬"}],"8284":[{"pref":"岐阜県","city":"岐阜市","town":"茜町"}],"8285":[{"pref":"岐阜県","city":"岐阜市","town":"南鶉"}],"8286":[{"pref":"岐阜県","city":"岐阜市","town":"西鶉"}],"8287":[{"pref":"岐阜県","city":"岐阜市","town":"北鶉"}],"8288":[{"pref":"岐阜県","city":"岐阜市","town":"中鶉"}],"8289":[{"pref":"岐阜県","city":"岐阜市","town":"須賀"}],"8301":[{"pref":"岐阜県","city":"岐阜市","town":"浪花町"}],"8302":[{"pref":"岐阜県","city":"岐阜市","town":"本郷町"}],"8303":[{"pref":"岐阜県","city":"岐阜市","town":"春日町"}],"8304":[{"pref":"岐阜県","city":"岐阜市","town":"柳川町"}],"8305":[{"pref":"岐阜県","city":"岐阜市","town":"沖ノ橋町"}],"8306":[{"pref":"岐阜県","city":"岐阜市","town":"鍵屋東町"}],"8307":[{"pref":"岐阜県","city":"岐阜市","town":"弁天町"}],"8308":[{"pref":"岐阜県","city":"岐阜市","town":"三橋町"}],"8309":[{"pref":"岐阜県","city":"岐阜市","town":"都通"}],"8311":[{"pref":"岐阜県","city":"岐阜市","town":"長者町"}],"8312":[{"pref":"岐阜県","city":"岐阜市","town":"村雨町"}],"8313":[{"pref":"岐阜県","city":"岐阜市","town":"鍵屋中町"}],"8314":[{"pref":"岐阜県","city":"岐阜市","town":"鍵屋西町"}],"8315":[{"pref":"岐阜県","city":"岐阜市","town":"島田東町"}],"8316":[{"pref":"岐阜県","city":"岐阜市","town":"島田中町"}],"8317":[{"pref":"岐阜県","city":"岐阜市","town":"島田西町"}],"8318":[{"pref":"岐阜県","city":"岐阜市","town":"桜通"}],"8319":[{"pref":"岐阜県","city":"岐阜市","town":"桜木町"},{"pref":"岐阜県","city":"岐阜市","town":"早田（１９７３～２００９番地）"}],"8321":[{"pref":"岐阜県","city":"岐阜市","town":"菊井町"}],"8322":[{"pref":"岐阜県","city":"岐阜市","town":"香取町"}],"8323":[{"pref":"岐阜県","city":"岐阜市","town":"鹿島町"}],"8324":[{"pref":"岐阜県","city":"岐阜市","town":"早苗町"}],"8325":[{"pref":"岐阜県","city":"岐阜市","town":"寿町"}],"8326":[{"pref":"岐阜県","city":"岐阜市","town":"吹上町"}],"8327":[{"pref":"岐阜県","city":"岐阜市","town":"如月町"}],"8328":[{"pref":"岐阜県","city":"岐阜市","town":"五反田町"}],"8329":[{"pref":"岐阜県","city":"岐阜市","town":"本荘町"}],"8331":[{"pref":"岐阜県","city":"岐阜市","town":"錦町"}],"8332":[{"pref":"岐阜県","city":"岐阜市","town":"羽衣町"}],"8333":[{"pref":"岐阜県","city":"岐阜市","town":"此花町"}],"8334":[{"pref":"岐阜県","city":"岐阜市","town":"葭町"}],"8335":[{"pref":"岐阜県","city":"岐阜市","town":"三歳町"}],"8336":[{"pref":"岐阜県","city":"岐阜市","town":"稲荷町"}],"8337":[{"pref":"岐阜県","city":"岐阜市","town":"雨踊町"}],"8339":[{"pref":"岐阜県","city":"岐阜市","town":"千鳥町"}],"8341":[{"pref":"岐阜県","city":"岐阜市","town":"南本荘四条通"}],"8342":[{"pref":"岐阜県","city":"岐阜市","town":"南本荘三条通"}],"8343":[{"pref":"岐阜県","city":"岐阜市","town":"南本荘二条通"}],"8344":[{"pref":"岐阜県","city":"岐阜市","town":"南本荘一条通"}],"8345":[{"pref":"岐阜県","city":"岐阜市","town":"菊地町"}],"8346":[{"pref":"岐阜県","city":"岐阜市","town":"清"}],"8347":[{"pref":"岐阜県","city":"岐阜市","town":"松原町"}],"8348":[{"pref":"岐阜県","city":"岐阜市","town":"三ツ又町"}],"8349":[{"pref":"岐阜県","city":"岐阜市","town":"久保見町"}],"8351":[{"pref":"岐阜県","city":"岐阜市","town":"清本町"}],"8352":[{"pref":"岐阜県","city":"岐阜市","town":"六条"}],"8353":[{"pref":"岐阜県","city":"岐阜市","town":"六条東"}],"8354":[{"pref":"岐阜県","city":"岐阜市","town":"六条福寿町"}],"8355":[{"pref":"岐阜県","city":"岐阜市","town":"六条片田"}],"8356":[{"pref":"岐阜県","city":"岐阜市","town":"六条江東"}],"8357":[{"pref":"岐阜県","city":"岐阜市","town":"六条大溝"}],"8358":[{"pref":"岐阜県","city":"岐阜市","town":"六条南"}],"8359":[{"pref":"岐阜県","city":"岐阜市","town":"六条北"}],"8361":[{"pref":"岐阜県","city":"岐阜市","town":"本荘西"}],"8362":[{"pref":"岐阜県","city":"岐阜市","town":"西荘"}],"8363":[{"pref":"岐阜県","city":"岐阜市","town":"爪"}],"8364":[{"pref":"岐阜県","city":"岐阜市","town":"本荘中ノ町"}],"8365":[{"pref":"岐阜県","city":"岐阜市","town":"柳森町"}],"8366":[{"pref":"岐阜県","city":"岐阜市","town":"宇佐東町"}],"8367":[{"pref":"岐阜県","city":"岐阜市","town":"宇佐南"}],"8368":[{"pref":"岐阜県","city":"岐阜市","town":"宇佐"}],"8369":[{"pref":"岐阜県","city":"岐阜市","town":"敷島町"}],"8371":[{"pref":"岐阜県","city":"岐阜市","town":"梅園町"}],"8372":[{"pref":"岐阜県","city":"岐阜市","town":"熊野町"}],"8373":[{"pref":"岐阜県","city":"岐阜市","town":"大池町"}],"8374":[{"pref":"岐阜県","city":"岐阜市","town":"豊岡町"}],"8375":[{"pref":"岐阜県","city":"岐阜市","town":"新興町"}],"8376":[{"pref":"岐阜県","city":"岐阜市","town":"富沢町"}],"8377":[{"pref":"岐阜県","city":"岐阜市","town":"瑞穂町"}],"8378":[{"pref":"岐阜県","city":"岐阜市","town":"雲雀ケ丘"}],"8379":[{"pref":"岐阜県","city":"岐阜市","town":"権現町"}],"8381":[{"pref":"岐阜県","city":"岐阜市","town":"市橋"}],"8382":[{"pref":"岐阜県","city":"岐阜市","town":"薮田東"}],"8383":[{"pref":"岐阜県","city":"岐阜市","town":"江添"}],"8384":[{"pref":"岐阜県","city":"岐阜市","town":"薮田南"}],"8385":[{"pref":"岐阜県","city":"岐阜市","town":"下奈良"}],"8386":[{"pref":"岐阜県","city":"岐阜市","town":"薮田西"}],"8387":[{"pref":"岐阜県","city":"岐阜市","town":"薮田中"}],"8388":[{"pref":"岐阜県","city":"岐阜市","town":"今嶺"}],"8389":[{"pref":"岐阜県","city":"岐阜市","town":"本荘"}],"8401":[{"pref":"岐阜県","city":"岐阜市","town":"安良田町"}],"8402":[{"pref":"岐阜県","city":"岐阜市","town":"竜田町"}],"8403":[{"pref":"岐阜県","city":"岐阜市","town":"一松道"}],"8404":[{"pref":"岐阜県","city":"岐阜市","town":"華陽"}],"8405":[{"pref":"岐阜県","city":"岐阜市","town":"生田町"}],"8406":[{"pref":"岐阜県","city":"岐阜市","town":"平安町"}],"8407":[{"pref":"岐阜県","city":"岐阜市","town":"高砂町"}],"8408":[{"pref":"岐阜県","city":"岐阜市","town":"住ノ江町"}],"8409":[{"pref":"岐阜県","city":"岐阜市","town":"幸ノ町"}],"8411":[{"pref":"岐阜県","city":"岐阜市","town":"安宅町"}],"8412":[{"pref":"岐阜県","city":"岐阜市","town":"松鴻町"}],"8413":[{"pref":"岐阜県","city":"岐阜市","town":"加納東陽町"}],"8414":[{"pref":"岐阜県","city":"岐阜市","town":"加納東広江町"}],"8415":[{"pref":"岐阜県","city":"岐阜市","town":"加納中広江町"}],"8416":[{"pref":"岐阜県","city":"岐阜市","town":"加納徳川町"}],"8417":[{"pref":"岐阜県","city":"岐阜市","town":"加納清田町"}],"8418":[{"pref":"岐阜県","city":"岐阜市","town":"加納西広江町"}],"8419":[{"pref":"岐阜県","city":"岐阜市","town":"加納北広江町"}],"8421":[{"pref":"岐阜県","city":"岐阜市","town":"加納新柳町"}],"8422":[{"pref":"岐阜県","city":"岐阜市","town":"加納安良町"}],"8423":[{"pref":"岐阜県","city":"岐阜市","town":"渋谷町"}],"8424":[{"pref":"岐阜県","city":"岐阜市","town":"加納柳町"}],"8425":[{"pref":"岐阜県","city":"岐阜市","town":"加納新町"}],"8426":[{"pref":"岐阜県","city":"岐阜市","town":"加納南広江町"}],"8427":[{"pref":"岐阜県","city":"岐阜市","town":"加納大石町"}],"8428":[{"pref":"岐阜県","city":"岐阜市","town":"加納桜道"}],"8429":[{"pref":"岐阜県","city":"岐阜市","town":"加納清水町"}],"8431":[{"pref":"岐阜県","city":"岐阜市","town":"加納八幡町"}],"8432":[{"pref":"岐阜県","city":"岐阜市","town":"畷町"}],"8433":[{"pref":"岐阜県","city":"岐阜市","town":"若杉町"}],"8434":[{"pref":"岐阜県","city":"岐阜市","town":"向陽町"}],"8435":[{"pref":"岐阜県","city":"岐阜市","town":"宮北町"}],"8436":[{"pref":"岐阜県","city":"岐阜市","town":"東明見町"}],"8437":[{"pref":"岐阜県","city":"岐阜市","town":"石切町"}],"8438":[{"pref":"岐阜県","city":"岐阜市","town":"島原町"}],"8439":[{"pref":"岐阜県","city":"岐阜市","town":"村里町"}],"8441":[{"pref":"岐阜県","city":"岐阜市","town":"城東通"}],"8442":[{"pref":"岐阜県","city":"岐阜市","town":"正法寺町"}],"8443":[{"pref":"岐阜県","city":"岐阜市","town":"神楽町"}],"8444":[{"pref":"岐阜県","city":"岐阜市","town":"西明見町"}],"8445":[{"pref":"岐阜県","city":"岐阜市","town":"八島町"}],"8446":[{"pref":"岐阜県","city":"岐阜市","town":"矢倉町"}],"8447":[{"pref":"岐阜県","city":"岐阜市","town":"大倉町"}],"8448":[{"pref":"岐阜県","city":"岐阜市","town":"中洲町"}],"8449":[{"pref":"岐阜県","city":"岐阜市","town":"荒川町"}],"8451":[{"pref":"岐阜県","city":"岐阜市","town":"加納上本町"}],"8452":[{"pref":"岐阜県","city":"岐阜市","town":"加納朝日町"}],"8453":[{"pref":"岐阜県","city":"岐阜市","town":"加納鉄砲町"}],"8454":[{"pref":"岐阜県","city":"岐阜市","town":"加納永井町"}],"8455":[{"pref":"岐阜県","city":"岐阜市","town":"加納栄町通"}],"8456":[{"pref":"岐阜県","city":"岐阜市","town":"加納大黒町"}],"8457":[{"pref":"岐阜県","city":"岐阜市","town":"加納青藤町"}],"8458":[{"pref":"岐阜県","city":"岐阜市","town":"加納村松町"}],"8459":[{"pref":"岐阜県","city":"岐阜市","town":"加納高柳町"}],"8461":[{"pref":"岐阜県","city":"岐阜市","town":"加納黒木町"}],"8462":[{"pref":"岐阜県","city":"岐阜市","town":"加納神明町"}],"8463":[{"pref":"岐阜県","city":"岐阜市","town":"加納新本町"}],"8464":[{"pref":"岐阜県","city":"岐阜市","town":"加納前田町"}],"8465":[{"pref":"岐阜県","city":"岐阜市","town":"加納寿町"}],"8466":[{"pref":"岐阜県","city":"岐阜市","town":"加納本石町"}],"8467":[{"pref":"岐阜県","city":"岐阜市","town":"加納三笠町"}],"8468":[{"pref":"岐阜県","city":"岐阜市","town":"加納桜田町"}],"8469":[{"pref":"岐阜県","city":"岐阜市","town":"加納竜興町"}],"8471":[{"pref":"岐阜県","city":"岐阜市","town":"加納富士町"}],"8472":[{"pref":"岐阜県","city":"岐阜市","town":"加納清野町"}],"8473":[{"pref":"岐阜県","city":"岐阜市","town":"加納天神町"}],"8474":[{"pref":"岐阜県","city":"岐阜市","town":"加納本町"}],"8475":[{"pref":"岐阜県","city":"岐阜市","town":"加納坂井町"}],"8476":[{"pref":"岐阜県","city":"岐阜市","town":"加納愛宕町"}],"8477":[{"pref":"岐阜県","city":"岐阜市","town":"加納水野町"}],"8478":[{"pref":"岐阜県","city":"岐阜市","town":"加納伏見町"}],"8479":[{"pref":"岐阜県","city":"岐阜市","town":"加納菱野町"}],"8481":[{"pref":"岐阜県","city":"岐阜市","town":"加納沓井町"}],"8482":[{"pref":"岐阜県","city":"岐阜市","town":"加納大手町"}],"8483":[{"pref":"岐阜県","city":"岐阜市","town":"加納東丸町"}],"8484":[{"pref":"岐阜県","city":"岐阜市","town":"加納二之丸"}],"8485":[{"pref":"岐阜県","city":"岐阜市","town":"加納丸之内"}],"8486":[{"pref":"岐阜県","city":"岐阜市","town":"加納城南通"}],"8487":[{"pref":"岐阜県","city":"岐阜市","town":"加納長刀堀"}],"8488":[{"pref":"岐阜県","city":"岐阜市","town":"加納西丸町"}],"8489":[{"pref":"岐阜県","city":"岐阜市","town":"稲荷山"}],"8801":[{"pref":"岐阜県","city":"岐阜市","town":"忠節町"}],"8802":[{"pref":"岐阜県","city":"岐阜市","town":"不動町"}],"8803":[{"pref":"岐阜県","city":"岐阜市","town":"佐久間町"}],"8804":[{"pref":"岐阜県","city":"岐阜市","town":"京町"}],"8805":[{"pref":"岐阜県","city":"岐阜市","town":"忠節三丁目南町"}],"8806":[{"pref":"岐阜県","city":"岐阜市","town":"天神町"}],"8807":[{"pref":"岐阜県","city":"岐阜市","town":"北野町"}],"8808":[{"pref":"岐阜県","city":"岐阜市","town":"永田町"}],"8809":[{"pref":"岐阜県","city":"岐阜市","town":"平河町"}],"8811":[{"pref":"岐阜県","city":"岐阜市","town":"端詰町"}],"8812":[{"pref":"岐阜県","city":"岐阜市","town":"美江寺町"}],"8813":[{"pref":"岐阜県","city":"岐阜市","town":"明徳町"}],"8814":[{"pref":"岐阜県","city":"岐阜市","town":"今川町"}],"8815":[{"pref":"岐阜県","city":"岐阜市","town":"梅河町"}],"8816":[{"pref":"岐阜県","city":"岐阜市","town":"菅原町"}],"8817":[{"pref":"岐阜県","city":"岐阜市","town":"八ツ梅町"}],"8818":[{"pref":"岐阜県","city":"岐阜市","town":"梅ケ枝町"}],"8819":[{"pref":"岐阜県","city":"岐阜市","town":"千石町"}],"8821":[{"pref":"岐阜県","city":"岐阜市","town":"鷹見町"}],"8822":[{"pref":"岐阜県","city":"岐阜市","town":"今沢町"}],"8823":[{"pref":"岐阜県","city":"岐阜市","town":"江川町"}],"8824":[{"pref":"岐阜県","city":"岐阜市","town":"北八ツ寺町"}],"8825":[{"pref":"岐阜県","city":"岐阜市","town":"八ツ寺町"}],"8826":[{"pref":"岐阜県","city":"岐阜市","town":"住吉町"}],"8827":[{"pref":"岐阜県","city":"岐阜市","town":"弥八町"}],"8828":[{"pref":"岐阜県","city":"岐阜市","town":"若宮町"}],"8829":[{"pref":"岐阜県","city":"岐阜市","town":"杉山町"}],"8831":[{"pref":"岐阜県","city":"岐阜市","town":"弥生町"}],"8832":[{"pref":"岐阜県","city":"岐阜市","town":"小柳町"}],"8833":[{"pref":"岐阜県","city":"岐阜市","town":"神田町"}],"8834":[{"pref":"岐阜県","city":"岐阜市","town":"羽根町"}],"8835":[{"pref":"岐阜県","city":"岐阜市","town":"玉宮町"}],"8836":[{"pref":"岐阜県","city":"岐阜市","town":"西玉宮町"}],"8837":[{"pref":"岐阜県","city":"岐阜市","town":"玉森町"}],"8838":[{"pref":"岐阜県","city":"岐阜市","town":"八幡町"}],"8839":[{"pref":"岐阜県","city":"岐阜市","town":"蕪城町"}],"8841":[{"pref":"岐阜県","city":"岐阜市","town":"高野町"}],"8842":[{"pref":"岐阜県","city":"岐阜市","town":"金町"}],"8843":[{"pref":"岐阜県","city":"岐阜市","town":"住田町"}],"8844":[{"pref":"岐阜県","city":"岐阜市","town":"吉野町"}],"8845":[{"pref":"岐阜県","city":"岐阜市","town":"問屋町"}],"8846":[{"pref":"岐阜県","city":"岐阜市","town":"玉姓町"}],"8847":[{"pref":"岐阜県","city":"岐阜市","town":"金宝町"}],"8848":[{"pref":"岐阜県","city":"岐阜市","town":"神明町"}],"8849":[{"pref":"岐阜県","city":"岐阜市","town":"金岡町"}],"8851":[{"pref":"岐阜県","city":"岐阜市","town":"大宝町"}],"8852":[{"pref":"岐阜県","city":"岐阜市","town":"日ノ本町"}],"8853":[{"pref":"岐阜県","city":"岐阜市","town":"西問屋町"}],"8854":[{"pref":"岐阜県","city":"岐阜市","town":"花園町"}],"8855":[{"pref":"岐阜県","city":"岐阜市","town":"新栄町"}],"8856":[{"pref":"岐阜県","city":"岐阜市","town":"橋本町"}],"8857":[{"pref":"岐阜県","city":"岐阜市","town":"坂井町"}],"8858":[{"pref":"岐阜県","city":"岐阜市","town":"福住町"}],"8859":[{"pref":"岐阜県","city":"岐阜市","town":"室津町"}],"8861":[{"pref":"岐阜県","city":"岐阜市","town":"千手堂北町"}],"8862":[{"pref":"岐阜県","city":"岐阜市","town":"千手堂中町"}],"8863":[{"pref":"岐阜県","city":"岐阜市","town":"千手堂南町"}],"8864":[{"pref":"岐阜県","city":"岐阜市","town":"真砂町"}],"8865":[{"pref":"岐阜県","city":"岐阜市","town":"昭和町"}],"8866":[{"pref":"岐阜県","city":"岐阜市","town":"寺島町"}],"8867":[{"pref":"岐阜県","city":"岐阜市","town":"木ノ本町"}],"8868":[{"pref":"岐阜県","city":"岐阜市","town":"光明町"}],"8869":[{"pref":"岐阜県","city":"岐阜市","town":"元宮町"}],"8871":[{"pref":"岐阜県","city":"岐阜市","town":"大正町"}],"8872":[{"pref":"岐阜県","city":"岐阜市","town":"栄枝町"}],"8873":[{"pref":"岐阜県","city":"岐阜市","town":"大富町"}],"8874":[{"pref":"岐阜県","city":"岐阜市","town":"銀町"}],"8875":[{"pref":"岐阜県","city":"岐阜市","town":"柳ケ瀬通"}],"8876":[{"pref":"岐阜県","city":"岐阜市","town":"日ノ出町"}],"8877":[{"pref":"岐阜県","city":"岐阜市","town":"雲雀町"}],"8878":[{"pref":"岐阜県","city":"岐阜市","town":"神室町"}],"8879":[{"pref":"岐阜県","city":"岐阜市","town":"徹明通"}],"8881":[{"pref":"岐阜県","city":"岐阜市","town":"青柳町"}],"8882":[{"pref":"岐阜県","city":"岐阜市","town":"西野町"}],"8883":[{"pref":"岐阜県","city":"岐阜市","town":"吾妻町"}],"8884":[{"pref":"岐阜県","city":"岐阜市","town":"池田町"}],"8885":[{"pref":"岐阜県","city":"岐阜市","town":"大柳町"}],"8886":[{"pref":"岐阜県","city":"岐阜市","town":"西野町七丁目北町"}],"8887":[{"pref":"岐阜県","city":"岐阜市","town":"西野町六丁目北町"}],"8888":[{"pref":"岐阜県","city":"岐阜市","town":"万年町"}],"8889":[{"pref":"岐阜県","city":"岐阜市","town":"大縄場"}],"8891":[{"pref":"岐阜県","city":"岐阜市","town":"香蘭"}],"0000":[{"pref":"岐阜県","city":"岐阜市","town":"以下に掲載がない場合"}]}