{"8001":[{"pref":"静岡県","city":"浜松市西区","town":"西山町"}],"8002":[{"pref":"静岡県","city":"浜松市中区","town":"富塚町"}],"8003":[{"pref":"静岡県","city":"浜松市中区","town":"和地山"}],"8004":[{"pref":"静岡県","city":"浜松市中区","town":"文丘町"}],"8005":[{"pref":"静岡県","city":"浜松市西区","town":"神ケ谷町"}],"8006":[{"pref":"静岡県","city":"浜松市西区","town":"大久保町"}],"8007":[{"pref":"静岡県","city":"浜松市西区","town":"神原町"}],"8011":[{"pref":"静岡県","city":"浜松市中区","town":"城北"}],"8012":[{"pref":"静岡県","city":"浜松市中区","town":"布橋"}],"8013":[{"pref":"静岡県","city":"浜松市中区","town":"広沢"}],"8014":[{"pref":"静岡県","city":"浜松市中区","town":"鹿谷町"}],"8015":[{"pref":"静岡県","city":"浜松市中区","town":"高町"}],"8016":[{"pref":"静岡県","city":"浜松市中区","town":"中山町"}],"8017":[{"pref":"静岡県","city":"浜松市中区","town":"三組町"}],"8018":[{"pref":"静岡県","city":"浜松市中区","town":"蜆塚"}],"8021":[{"pref":"静岡県","city":"浜松市中区","town":"佐鳴台"}],"8022":[{"pref":"静岡県","city":"浜松市中区","town":"山手町"}],"8023":[{"pref":"静岡県","city":"浜松市中区","town":"鴨江"}],"8024":[{"pref":"静岡県","city":"浜松市中区","town":"鴨江町"}],"8025":[{"pref":"静岡県","city":"浜松市中区","town":"栄町"}],"8026":[{"pref":"静岡県","city":"浜松市中区","town":"元魚町"}],"8027":[{"pref":"静岡県","city":"浜松市中区","town":"旅籠町"}],"8031":[{"pref":"静岡県","city":"浜松市中区","town":"平田町"}],"8032":[{"pref":"静岡県","city":"浜松市中区","town":"海老塚町"}],"8033":[{"pref":"静岡県","city":"浜松市中区","town":"海老塚"}],"8034":[{"pref":"静岡県","city":"浜松市中区","town":"塩町"}],"8035":[{"pref":"静岡県","city":"浜松市中区","town":"成子町"}],"8036":[{"pref":"静岡県","city":"浜松市中区","town":"東伊場"}],"8037":[{"pref":"静岡県","city":"浜松市中区","town":"南伊場町"}],"8038":[{"pref":"静岡県","city":"浜松市中区","town":"西伊場町"}],"8041":[{"pref":"静岡県","city":"浜松市中区","town":"菅原町"}],"8042":[{"pref":"静岡県","city":"浜松市中区","town":"上浅田"}],"8043":[{"pref":"静岡県","city":"浜松市中区","town":"浅田町"}],"8044":[{"pref":"静岡県","city":"浜松市中区","town":"南浅田"}],"8045":[{"pref":"静岡県","city":"浜松市中区","town":"西浅田"}],"8046":[{"pref":"静岡県","city":"浜松市中区","town":"春日町"}],"8047":[{"pref":"静岡県","city":"浜松市中区","town":"神田町"}],"8048":[{"pref":"静岡県","city":"浜松市中区","town":"森田町"}],"8051":[{"pref":"静岡県","city":"浜松市南区","town":"若林町"}],"8052":[{"pref":"静岡県","city":"浜松市南区","town":"東若林町"}],"8053":[{"pref":"静岡県","city":"浜松市中区","town":"法枝町"},{"pref":"静岡県","city":"浜松市南区","town":"法枝町"}],"8054":[{"pref":"静岡県","city":"浜松市南区","town":"田尻町"}],"8055":[{"pref":"静岡県","city":"浜松市南区","town":"卸本町"}],"8056":[{"pref":"静岡県","city":"浜松市南区","town":"米津町"}],"8057":[{"pref":"静岡県","city":"浜松市南区","town":"堤町"}],"8058":[{"pref":"静岡県","city":"浜松市南区","town":"新橋町"}],"8061":[{"pref":"静岡県","city":"浜松市西区","town":"入野町"}],"8062":[{"pref":"静岡県","city":"浜松市南区","town":"増楽町"}],"8063":[{"pref":"静岡県","city":"浜松市南区","town":"小沢渡町"}],"8064":[{"pref":"静岡県","city":"浜松市南区","town":"倉松町"}],"8065":[{"pref":"静岡県","city":"浜松市南区","town":"高塚町"}],"8066":[{"pref":"静岡県","city":"浜松市西区","town":"志都呂町"}],"8067":[{"pref":"静岡県","city":"浜松市西区","town":"西鴨江町"}],"8068":[{"pref":"静岡県","city":"浜松市西区","town":"大平台"}],"8069":[{"pref":"静岡県","city":"浜松市西区","town":"志都呂"}],"8071":[{"pref":"静岡県","city":"浜松市西区","town":"西都台町"}],"0000":[{"pref":"静岡県","city":"浜松市中区","town":"以下に掲載がない場合"},{"pref":"静岡県","city":"浜松市東区","town":"以下に掲載がない場合"},{"pref":"静岡県","city":"浜松市西区","town":"以下に掲載がない場合"},{"pref":"静岡県","city":"浜松市南区","town":"以下に掲載がない場合"},{"pref":"静岡県","city":"浜松市北区","town":"以下に掲載がない場合"},{"pref":"静岡県","city":"浜松市天竜区","town":"以下に掲載がない場合"}]}