{"1200":[{"pref":"青森県","city":"東津軽郡蓬田村","town":"以下に掲載がない場合"}],"1201":[{"pref":"青森県","city":"東津軽郡蓬田村","town":"広瀬"}],"1202":[{"pref":"青森県","city":"東津軽郡蓬田村","town":"瀬辺地"}],"1203":[{"pref":"青森県","city":"東津軽郡蓬田村","town":"郷沢"}],"1211":[{"pref":"青森県","city":"東津軽郡蓬田村","town":"蓬田"}],"1212":[{"pref":"青森県","city":"東津軽郡蓬田村","town":"阿弥陀川"}],"1213":[{"pref":"青森県","city":"東津軽郡蓬田村","town":"長科"}],"1214":[{"pref":"青森県","city":"東津軽郡蓬田村","town":"中沢"}],"1261":[{"pref":"青森県","city":"青森市","town":"四戸橋"}],"1262":[{"pref":"青森県","city":"青森市","town":"後潟"}],"1271":[{"pref":"青森県","city":"青森市","town":"六枚橋"}],"1272":[{"pref":"青森県","city":"青森市","town":"小橋"}],"1273":[{"pref":"青森県","city":"青森市","town":"左堰"}],"1301":[{"pref":"青森県","city":"東津軽郡外ヶ浜町","town":"蟹田石浜"}],"1302":[{"pref":"青森県","city":"東津軽郡外ヶ浜町","town":"蟹田中師"}],"1303":[{"pref":"青森県","city":"東津軽郡外ヶ浜町","town":"蟹田"}],"1304":[{"pref":"青森県","city":"東津軽郡外ヶ浜町","town":"蟹田南沢"}],"1305":[{"pref":"青森県","city":"東津軽郡外ヶ浜町","town":"蟹田小国"}],"1306":[{"pref":"青森県","city":"東津軽郡外ヶ浜町","town":"蟹田山本"}],"1307":[{"pref":"青森県","city":"東津軽郡外ヶ浜町","town":"蟹田大平"}],"1308":[{"pref":"青森県","city":"東津軽郡外ヶ浜町","town":"下蟹田"}],"1309":[{"pref":"青森県","city":"東津軽郡外ヶ浜町","town":"上蟹田"}],"1311":[{"pref":"青森県","city":"東津軽郡外ヶ浜町","town":"蟹田塩越"}],"1400":[{"pref":"青森県","city":"東津軽郡外ヶ浜町","town":"以下に掲載がない場合"}],"1402":[{"pref":"青森県","city":"東津軽郡外ヶ浜町","town":"平舘"}],"1403":[{"pref":"青森県","city":"東津軽郡外ヶ浜町","town":"平舘元宇田"}],"1404":[{"pref":"青森県","city":"東津軽郡外ヶ浜町","town":"平舘弥蔵釜"}],"1405":[{"pref":"青森県","city":"東津軽郡外ヶ浜町","town":"平舘石崎沢"}],"1411":[{"pref":"青森県","city":"東津軽郡外ヶ浜町","town":"平舘根岸"}],"1412":[{"pref":"青森県","city":"東津軽郡外ヶ浜町","town":"平舘野田"}],"1413":[{"pref":"青森県","city":"東津軽郡外ヶ浜町","town":"平舘今津"}],"1415":[{"pref":"青森県","city":"東津軽郡外ヶ浜町","town":"平舘舟岡"}],"1416":[{"pref":"青森県","city":"東津軽郡外ヶ浜町","town":"平舘磯山"}],"1500":[{"pref":"青森県","city":"東津軽郡今別町","town":"以下に掲載がない場合"}],"1501":[{"pref":"青森県","city":"東津軽郡今別町","town":"浜名"}],"1502":[{"pref":"青森県","city":"東津軽郡今別町","town":"今別"}],"1503":[{"pref":"青森県","city":"東津軽郡今別町","town":"村元"}],"1504":[{"pref":"青森県","city":"東津軽郡今別町","town":"鍋田"}],"1505":[{"pref":"青森県","city":"東津軽郡今別町","town":"大川平"}],"1511":[{"pref":"青森県","city":"東津軽郡今別町","town":"山崎"}],"1512":[{"pref":"青森県","city":"東津軽郡今別町","town":"大泊"}],"1513":[{"pref":"青森県","city":"東津軽郡今別町","town":"袰月"}],"1514":[{"pref":"青森県","city":"東津軽郡今別町","town":"砂ケ森"}],"1515":[{"pref":"青森県","city":"東津軽郡今別町","town":"奥平部"}],"1701":[{"pref":"青森県","city":"北津軽郡中泊町","town":"小泊袰内"}],"1711":[{"pref":"青森県","city":"東津軽郡外ヶ浜町","town":"三厩源兵衛間"},{"pref":"青森県","city":"東津軽郡外ヶ浜町","town":"三厩龍浜"}],"1712":[{"pref":"青森県","city":"東津軽郡外ヶ浜町","town":"三厩木落"}],"1713":[{"pref":"青森県","city":"東津軽郡外ヶ浜町","town":"三厩鎧嶋"}],"1714":[{"pref":"青森県","city":"東津軽郡外ヶ浜町","town":"三厩梹榔"}],"1715":[{"pref":"青森県","city":"東津軽郡外ヶ浜町","town":"三厩鳴神"}],"1716":[{"pref":"青森県","city":"東津軽郡外ヶ浜町","town":"三厩尻神"}],"1717":[{"pref":"青森県","city":"東津軽郡外ヶ浜町","town":"三厩川柱"}],"1718":[{"pref":"青森県","city":"東津軽郡外ヶ浜町","town":"三厩梨ノ木間"}],"1719":[{"pref":"青森県","city":"東津軽郡外ヶ浜町","town":"三厩宇鉄山"}],"1720":[{"pref":"青森県","city":"東津軽郡外ヶ浜町","town":"三厩四枚橋"}],"1721":[{"pref":"青森県","city":"東津軽郡外ヶ浜町","town":"三厩鐇泊"}],"1722":[{"pref":"青森県","city":"東津軽郡外ヶ浜町","town":"三厩上宇鉄"}],"1723":[{"pref":"青森県","city":"東津軽郡外ヶ浜町","town":"三厩元宇鉄"}],"1724":[{"pref":"青森県","city":"東津軽郡外ヶ浜町","town":"三厩釜野澤"}],"1725":[{"pref":"青森県","city":"東津軽郡外ヶ浜町","town":"三厩藤嶋"}],"1726":[{"pref":"青森県","city":"東津軽郡外ヶ浜町","town":"三厩六條間"}],"1727":[{"pref":"青森県","city":"東津軽郡外ヶ浜町","town":"三厩算用師"}],"1728":[{"pref":"青森県","city":"東津軽郡外ヶ浜町","town":"三厩中浜"}],"1729":[{"pref":"青森県","city":"東津軽郡外ヶ浜町","town":"三厩下平"}],"1731":[{"pref":"青森県","city":"東津軽郡外ヶ浜町","town":"三厩本町"}],"1732":[{"pref":"青森県","city":"東津軽郡外ヶ浜町","town":"三厩家ノ上"}],"1733":[{"pref":"青森県","city":"東津軽郡外ヶ浜町","town":"三厩新町"}],"1734":[{"pref":"青森県","city":"東津軽郡外ヶ浜町","town":"三厩増川"}],"1735":[{"pref":"青森県","city":"東津軽郡外ヶ浜町","town":"三厩緑ケ丘"}],"1736":[{"pref":"青森県","city":"東津軽郡外ヶ浜町","town":"三厩桃ケ丘"}],"1737":[{"pref":"青森県","city":"東津軽郡外ヶ浜町","town":"三厩東町"}],"0846":[{"pref":"青森県","city":"青森市","town":"青葉"}],"0811":[{"pref":"青森県","city":"青森市","town":"青柳"}],"0956":[{"pref":"青森県","city":"青森市","town":"赤坂"}],"0851":[{"pref":"青森県","city":"青森市","town":"旭町"}],"0111":[{"pref":"青森県","city":"青森市","town":"荒川"}],"0922":[{"pref":"青森県","city":"青森市","town":"泉野"}],"0136":[{"pref":"青森県","city":"青森市","town":"牛館"}],"0932":[{"pref":"青森県","city":"青森市","town":"後萢"}],"0842":[{"pref":"青森県","city":"青森市","town":"浦町"}],"0141":[{"pref":"青森県","city":"青森市","town":"上野"}],"0155":[{"pref":"青森県","city":"青森市","town":"大谷"}],"0852":[{"pref":"青森県","city":"青森市","town":"大野"}],"0144":[{"pref":"青森県","city":"青森市","town":"大別内"}],"0123":[{"pref":"青森県","city":"青森市","town":"大矢沢"}],"0914":[{"pref":"青森県","city":"青森市","town":"岡造道"}],"0841":[{"pref":"青森県","city":"青森市","town":"奥野"}],"0143":[{"pref":"青森県","city":"青森市","town":"小畑沢"}],"0137":[{"pref":"青森県","city":"青森市","town":"卸町"}],"0821":[{"pref":"青森県","city":"青森市","town":"勝田"}],"0902":[{"pref":"青森県","city":"青森市","town":"合浦"}],"0844":[{"pref":"青森県","city":"青森市","town":"桂木"}],"0853":[{"pref":"青森県","city":"青森市","town":"金沢"}],"0145":[{"pref":"青森県","city":"青森市","town":"金浜"}],"0855":[{"pref":"青森県","city":"青森市","town":"北金沢"}],"0935":[{"pref":"青森県","city":"青森市","town":"桑原"}],"0918":[{"pref":"青森県","city":"青森市","town":"けやき"}],"0134":[{"pref":"青森県","city":"青森市","town":"合子沢"}],"0943":[{"pref":"青森県","city":"青森市","town":"幸畑"}],"0153":[{"pref":"青森県","city":"青森市","town":"小館"}],"0954":[{"pref":"青森県","city":"青森市","town":"駒込（月見野）"}],"0953":[{"pref":"青森県","city":"青森市","town":"駒込（蛍沢）"}],"0955":[{"pref":"青森県","city":"青森市","town":"駒込（その他）"}],"0915":[{"pref":"青森県","city":"青森市","town":"小柳"}],"0903":[{"pref":"青森県","city":"青森市","town":"栄町"}],"0945":[{"pref":"青森県","city":"青森市","town":"桜川"}],"0942":[{"pref":"青森県","city":"青森市","town":"沢山"}],"0941":[{"pref":"青森県","city":"青森市","town":"自由ケ丘"}],"0801":[{"pref":"青森県","city":"青森市","town":"新町"}],"0135":[{"pref":"青森県","city":"青森市","town":"新町野"}],"0933":[{"pref":"青森県","city":"青森市","town":"諏訪沢"}],"0854":[{"pref":"青森県","city":"青森市","town":"千富町"}],"0113":[{"pref":"青森県","city":"青森市","town":"第二問屋町"}],"0931":[{"pref":"青森県","city":"青森市","town":"平新田"}],"0151":[{"pref":"青森県","city":"青森市","town":"高田"}],"0924":[{"pref":"青森県","city":"青森市","town":"滝沢（下川原１９０－１）"}],"0124":[{"pref":"青森県","city":"青森市","town":"田茂木野"}],"0916":[{"pref":"青森県","city":"青森市","town":"田屋敷"}],"0904":[{"pref":"青森県","city":"青森市","town":"茶屋町"}],"0822":[{"pref":"青森県","city":"青森市","town":"中央"}],"0925":[{"pref":"青森県","city":"青森市","town":"築木館"}],"0958":[{"pref":"青森県","city":"青森市","town":"月見野"}],"0962":[{"pref":"青森県","city":"青森市","town":"佃"}],"0911":[{"pref":"青森県","city":"青森市","town":"造道"}],"0944":[{"pref":"青森県","city":"青森市","town":"筒井"}],"0812":[{"pref":"青森県","city":"青森市","town":"堤町"}],"0934":[{"pref":"青森県","city":"青森市","town":"戸崎"}],"0952":[{"pref":"青森県","city":"青森市","town":"戸山（赤坂）"}],"0951":[{"pref":"青森県","city":"青森市","town":"戸山（その他）"}],"0131":[{"pref":"青森県","city":"青森市","town":"問屋町"}],"0861":[{"pref":"青森県","city":"青森市","town":"長島"}],"0963":[{"pref":"青森県","city":"青森市","town":"中佃"}],"0961":[{"pref":"青森県","city":"青森市","town":"浪打"}],"0856":[{"pref":"青森県","city":"青森市","town":"西大野"}],"0948":[{"pref":"青森県","city":"青森市","town":"虹ケ丘"}],"0154":[{"pref":"青森県","city":"青森市","town":"入内"}],"0142":[{"pref":"青森県","city":"青森市","town":"野木"}],"0152":[{"pref":"青森県","city":"青森市","town":"野沢"}],"0122":[{"pref":"青森県","city":"青森市","town":"野尻"}],"0823":[{"pref":"青森県","city":"青森市","town":"橋本"}],"0966":[{"pref":"青森県","city":"青森市","town":"花園"}],"0843":[{"pref":"青森県","city":"青森市","town":"浜田"}],"0947":[{"pref":"青森県","city":"青森市","town":"浜館"}],"0919":[{"pref":"青森県","city":"青森市","town":"はまなす"}],"0921":[{"pref":"青森県","city":"青森市","town":"原別"}],"0847":[{"pref":"青森県","city":"青森市","town":"東大野"}],"0913":[{"pref":"青森県","city":"青森市","town":"東造道"}],"0862":[{"pref":"青森県","city":"青森市","town":"古川"}],"0946":[{"pref":"青森県","city":"青森市","town":"古館"}],"0957":[{"pref":"青森県","city":"青森市","town":"蛍沢"}],"0802":[{"pref":"青森県","city":"青森市","town":"本町"}],"0813":[{"pref":"青森県","city":"青森市","town":"松原"}],"0965":[{"pref":"青森県","city":"青森市","town":"松森"}],"0845":[{"pref":"青森県","city":"青森市","town":"緑"}],"0901":[{"pref":"青森県","city":"青森市","town":"港町"}],"0964":[{"pref":"青森県","city":"青森市","town":"南佃"}],"0121":[{"pref":"青森県","city":"青森市","town":"妙見"}],"0937":[{"pref":"青森県","city":"青森市","town":"本泉"}],"0133":[{"pref":"青森県","city":"青森市","town":"雲谷"}],"0912":[{"pref":"青森県","city":"青森市","town":"八重田"}],"0917":[{"pref":"青森県","city":"青森市","town":"矢作"}],"0803":[{"pref":"青森県","city":"青森市","town":"安方"}],"0936":[{"pref":"青森県","city":"青森市","town":"矢田前"}],"0112":[{"pref":"青森県","city":"青森市","town":"八ツ役"}],"0923":[{"pref":"青森県","city":"青森市","town":"八幡林"}],"0132":[{"pref":"青森県","city":"青森市","town":"横内"}],"0125":[{"pref":"青森県","city":"青森市","town":"四ツ石"}]}