{"8101":[{"pref":"福島県","city":"いわき市","town":"小名浜"}],"8102":[{"pref":"福島県","city":"いわき市","town":"小名浜港ケ丘"}],"8111":[{"pref":"福島県","city":"いわき市","town":"小名浜大原"}],"8112":[{"pref":"福島県","city":"いわき市","town":"小名浜南富岡"}],"8121":[{"pref":"福島県","city":"いわき市","town":"小名浜岩出"}],"8122":[{"pref":"福島県","city":"いわき市","town":"小名浜林城"}],"8123":[{"pref":"福島県","city":"いわき市","town":"小名浜相子島"}],"8124":[{"pref":"福島県","city":"いわき市","town":"小名浜住吉"}],"8125":[{"pref":"福島県","city":"いわき市","town":"小名浜島"}],"8126":[{"pref":"福島県","city":"いわき市","town":"小名浜野田"}],"8127":[{"pref":"福島県","city":"いわき市","town":"小名浜玉川町"}],"8131":[{"pref":"福島県","city":"いわき市","town":"常磐上矢田町"}],"8132":[{"pref":"福島県","city":"いわき市","town":"鹿島町下矢田"}],"8133":[{"pref":"福島県","city":"いわき市","town":"鹿島町米田"}],"8134":[{"pref":"福島県","city":"いわき市","town":"鹿島町飯田"}],"8135":[{"pref":"福島県","city":"いわき市","town":"小名浜金成"}],"8136":[{"pref":"福島県","city":"いわき市","town":"常磐三沢町"}],"8137":[{"pref":"福島県","city":"いわき市","town":"常磐松久須根町"}],"8138":[{"pref":"福島県","city":"いわき市","town":"若葉台"}],"8139":[{"pref":"福島県","city":"いわき市","town":"鹿島町鹿島"}],"8141":[{"pref":"福島県","city":"いわき市","town":"鹿島町走熊"}],"8142":[{"pref":"福島県","city":"いわき市","town":"鹿島町上蔵持"}],"8143":[{"pref":"福島県","city":"いわき市","town":"鹿島町下蔵持"}],"8144":[{"pref":"福島県","city":"いわき市","town":"鹿島町久保"}],"8145":[{"pref":"福島県","city":"いわき市","town":"鹿島町船戸"}],"8146":[{"pref":"福島県","city":"いわき市","town":"鹿島町御代"}],"8151":[{"pref":"福島県","city":"いわき市","town":"小名浜岡小名"}],"8152":[{"pref":"福島県","city":"いわき市","town":"湘南台"}],"8161":[{"pref":"福島県","city":"いわき市","town":"小名浜諏訪町"}],"8162":[{"pref":"福島県","city":"いわき市","town":"小名浜花畑町"}],"8163":[{"pref":"福島県","city":"いわき市","town":"小名浜中町境"}],"8164":[{"pref":"福島県","city":"いわき市","town":"小名浜寺廻町"},{"pref":"福島県","city":"いわき市","town":"小名浜西町"}],"8165":[{"pref":"福島県","city":"いわき市","town":"小名浜愛宕町"}],"8166":[{"pref":"福島県","city":"いわき市","town":"小名浜愛宕上"}],"8167":[{"pref":"福島県","city":"いわき市","town":"小名浜西君ケ塚町"}],"8168":[{"pref":"福島県","city":"いわき市","town":"小名浜君ケ塚町"}],"8169":[{"pref":"福島県","city":"いわき市","town":"小名浜南君ケ塚町"}],"8171":[{"pref":"福島県","city":"いわき市","town":"泉ケ丘"}],"8172":[{"pref":"福島県","city":"いわき市","town":"泉玉露"}],"8181":[{"pref":"福島県","city":"いわき市","town":"泉町本谷"}],"8182":[{"pref":"福島県","city":"いわき市","town":"泉町滝尻"}],"8183":[{"pref":"福島県","city":"いわき市","town":"泉町下川"}],"8184":[{"pref":"福島県","city":"いわき市","town":"泉町黒須野"}],"8185":[{"pref":"福島県","city":"いわき市","town":"泉町"}],"8186":[{"pref":"福島県","city":"いわき市","town":"泉町玉露"}],"8187":[{"pref":"福島県","city":"いわき市","town":"葉山"}],"8188":[{"pref":"福島県","city":"いわき市","town":"泉もえぎ台"}]}