{"1101":[{"pref":"徳島県","city":"阿南市","town":"羽ノ浦町中庄"}],"1102":[{"pref":"徳島県","city":"阿南市","town":"羽ノ浦町宮倉"}],"1103":[{"pref":"徳島県","city":"阿南市","town":"羽ノ浦町春日野"}],"1104":[{"pref":"徳島県","city":"阿南市","town":"羽ノ浦町西春日野"}],"1105":[{"pref":"徳島県","city":"阿南市","town":"羽ノ浦町古庄"}],"1106":[{"pref":"徳島県","city":"阿南市","town":"羽ノ浦町岩脇（その他）"}],"1107":[{"pref":"徳島県","city":"阿南市","town":"羽ノ浦町岩脇（奥ノ谷）"}],"1108":[{"pref":"徳島県","city":"阿南市","town":"羽ノ浦町明見"}],"1109":[{"pref":"徳島県","city":"阿南市","town":"羽ノ浦町古毛"}],"1111":[{"pref":"徳島県","city":"阿南市","town":"那賀川町江野島"}],"1112":[{"pref":"徳島県","city":"阿南市","town":"那賀川町色ケ島"}],"1113":[{"pref":"徳島県","city":"阿南市","town":"那賀川町芳崎"}],"1114":[{"pref":"徳島県","city":"阿南市","town":"那賀川町今津浦"}],"1115":[{"pref":"徳島県","city":"阿南市","town":"那賀川町敷地"}],"1116":[{"pref":"徳島県","city":"阿南市","town":"那賀川町小延"}],"1117":[{"pref":"徳島県","city":"阿南市","town":"那賀川町島尻"}],"1118":[{"pref":"徳島県","city":"阿南市","town":"那賀川町豊香野"}],"1119":[{"pref":"徳島県","city":"阿南市","town":"那賀川町日向"}],"1121":[{"pref":"徳島県","city":"阿南市","town":"那賀川町黒地"}],"1122":[{"pref":"徳島県","city":"阿南市","town":"那賀川町八幡"}],"1123":[{"pref":"徳島県","city":"阿南市","town":"那賀川町手島"}],"1231":[{"pref":"徳島県","city":"阿南市","town":"那賀川町原"}],"1232":[{"pref":"徳島県","city":"阿南市","town":"那賀川町西原"}],"1233":[{"pref":"徳島県","city":"阿南市","town":"那賀川町大京原"}],"1234":[{"pref":"徳島県","city":"阿南市","town":"那賀川町古津"}],"1235":[{"pref":"徳島県","city":"阿南市","town":"那賀川町苅屋"}],"1236":[{"pref":"徳島県","city":"阿南市","town":"那賀川町工地"}],"1241":[{"pref":"徳島県","city":"阿南市","town":"那賀川町三栗"}],"1242":[{"pref":"徳島県","city":"阿南市","town":"那賀川町赤池"}],"1243":[{"pref":"徳島県","city":"阿南市","town":"那賀川町上福井"}],"1244":[{"pref":"徳島県","city":"阿南市","town":"那賀川町みどり台"}],"1245":[{"pref":"徳島県","city":"阿南市","town":"那賀川町中島"}],"1246":[{"pref":"徳島県","city":"阿南市","town":"那賀川町北中島"}],"1401":[{"pref":"徳島県","city":"阿南市","town":"内原町"}],"1402":[{"pref":"徳島県","city":"阿南市","town":"桑野町"}],"1403":[{"pref":"徳島県","city":"阿南市","town":"山口町"}],"1404":[{"pref":"徳島県","city":"阿南市","town":"阿瀬比町"}],"1510":[{"pref":"徳島県","city":"阿南市","town":"新野町"}],"1620":[{"pref":"徳島県","city":"阿南市","town":"福井町"}],"1630":[{"pref":"徳島県","city":"阿南市","town":"橘町（タテアジロ、袴、袴傍示、棒面）"}],"1631":[{"pref":"徳島県","city":"阿南市","town":"橘町（小勝）"}],"1740":[{"pref":"徳島県","city":"阿南市","town":"椿泊町"}],"1750":[{"pref":"徳島県","city":"阿南市","town":"椿町"}],"2101":[{"pref":"徳島県","city":"海部郡美波町","town":"西由岐"}],"2102":[{"pref":"徳島県","city":"海部郡美波町","town":"港町"}],"2103":[{"pref":"徳島県","city":"海部郡美波町","town":"西の地"}],"2104":[{"pref":"徳島県","city":"海部郡美波町","town":"東由岐"}],"2105":[{"pref":"徳島県","city":"海部郡美波町","town":"志和岐"}],"2106":[{"pref":"徳島県","city":"海部郡美波町","town":"阿部"}],"2107":[{"pref":"徳島県","city":"海部郡美波町","town":"伊座利"}],"2108":[{"pref":"徳島県","city":"海部郡美波町","town":"木岐"}],"2109":[{"pref":"徳島県","city":"海部郡美波町","town":"田井"}],"2300":[{"pref":"徳島県","city":"海部郡美波町","town":"以下に掲載がない場合"}],"2301":[{"pref":"徳島県","city":"海部郡美波町","town":"赤松"}],"2302":[{"pref":"徳島県","city":"海部郡美波町","town":"北河内"}],"2303":[{"pref":"徳島県","city":"海部郡美波町","town":"恵比須浜"}],"2304":[{"pref":"徳島県","city":"海部郡美波町","town":"日和佐浦"}],"2305":[{"pref":"徳島県","city":"海部郡美波町","town":"奥河内"}],"2306":[{"pref":"徳島県","city":"海部郡美波町","town":"西河内"}],"2307":[{"pref":"徳島県","city":"海部郡美波町","town":"山河内"}],"3101":[{"pref":"徳島県","city":"徳島市","town":"国府町佐野塚"}],"3102":[{"pref":"徳島県","city":"徳島市","town":"国府町西黒田"}],"3103":[{"pref":"徳島県","city":"徳島市","town":"国府町東黒田"}],"3104":[{"pref":"徳島県","city":"徳島市","town":"国府町西高輪"}],"3105":[{"pref":"徳島県","city":"徳島市","town":"国府町東高輪"}],"3106":[{"pref":"徳島県","city":"徳島市","town":"国府町花園"}],"3111":[{"pref":"徳島県","city":"徳島市","town":"国府町竜王"}],"3112":[{"pref":"徳島県","city":"徳島市","town":"国府町芝原"}],"3113":[{"pref":"徳島県","city":"徳島市","town":"国府町川原田"}],"3114":[{"pref":"徳島県","city":"徳島市","town":"国府町桜間"}],"3115":[{"pref":"徳島県","city":"徳島市","town":"国府町敷地"}],"3116":[{"pref":"徳島県","city":"徳島市","town":"国府町池尻"}],"3117":[{"pref":"徳島県","city":"徳島市","town":"国府町日開"}],"3118":[{"pref":"徳島県","city":"徳島市","town":"国府町井戸"}],"3119":[{"pref":"徳島県","city":"徳島市","town":"国府町北岩延"}],"3120":[{"pref":"徳島県","city":"徳島市","town":"国府町南岩延"}],"3121":[{"pref":"徳島県","city":"徳島市","town":"国府町和田"}],"3122":[{"pref":"徳島県","city":"徳島市","town":"国府町府中"}],"3123":[{"pref":"徳島県","city":"徳島市","town":"国府町観音寺"}],"3124":[{"pref":"徳島県","city":"徳島市","town":"国府町中"}],"3125":[{"pref":"徳島県","city":"徳島市","town":"国府町早淵"}],"3126":[{"pref":"徳島県","city":"徳島市","town":"国府町矢野"}],"3127":[{"pref":"徳島県","city":"徳島市","town":"国府町西矢野"}],"3128":[{"pref":"徳島県","city":"徳島市","town":"国府町延命"}],"3131":[{"pref":"徳島県","city":"徳島市","town":"下町"}],"3132":[{"pref":"徳島県","city":"徳島市","town":"一宮町"}],"3133":[{"pref":"徳島県","city":"徳島市","town":"入田町"}],"3200":[{"pref":"徳島県","city":"名西郡石井町","town":"以下に掲載がない場合"}],"3201":[{"pref":"徳島県","city":"名西郡石井町","town":"高原（中須）"}],"3202":[{"pref":"徳島県","city":"名西郡石井町","town":"高原（関）"}],"3203":[{"pref":"徳島県","city":"名西郡石井町","town":"高原（平島）"}],"3204":[{"pref":"徳島県","city":"名西郡石井町","town":"高原（西高原）"}],"3205":[{"pref":"徳島県","city":"名西郡石井町","town":"高原（東高原）"}],"3206":[{"pref":"徳島県","city":"名西郡石井町","town":"高原（池北）"}],"3207":[{"pref":"徳島県","city":"名西郡石井町","town":"高原（桑島）"}],"3208":[{"pref":"徳島県","city":"名西郡石井町","town":"高原（中島）"}],"3211":[{"pref":"徳島県","city":"名西郡石井町","town":"藍畑（西覚円）"}],"3212":[{"pref":"徳島県","city":"名西郡石井町","town":"藍畑（東覚円）"}],"3213":[{"pref":"徳島県","city":"名西郡石井町","town":"藍畑（高畑）"}],"3214":[{"pref":"徳島県","city":"名西郡石井町","town":"藍畑（第十）"}],"3215":[{"pref":"徳島県","city":"名西郡石井町","town":"藍畑（竜王）"}],"3221":[{"pref":"徳島県","city":"名西郡石井町","town":"高川原（南島）"}],"3222":[{"pref":"徳島県","city":"名西郡石井町","town":"高川原（天神）"}],"3223":[{"pref":"徳島県","city":"名西郡石井町","town":"高川原（高川原）"}],"3224":[{"pref":"徳島県","city":"名西郡石井町","town":"高川原（加茂野）"}],"3225":[{"pref":"徳島県","city":"名西郡石井町","town":"高川原（桜間）"}],"3226":[{"pref":"徳島県","city":"名西郡石井町","town":"高川原（市楽）"}],"3231":[{"pref":"徳島県","city":"名西郡石井町","town":"石井（重松）"}],"3232":[{"pref":"徳島県","city":"名西郡石井町","town":"石井（城の内）"}],"3233":[{"pref":"徳島県","city":"名西郡石井町","town":"石井（石井）"}],"3234":[{"pref":"徳島県","city":"名西郡石井町","town":"石井（白鳥）"}],"3235":[{"pref":"徳島県","city":"名西郡石井町","town":"石井（尼寺）"}],"3236":[{"pref":"徳島県","city":"名西郡石井町","town":"石井（内谷）"}],"3241":[{"pref":"徳島県","city":"名西郡石井町","town":"浦庄（諏訪）"}],"3242":[{"pref":"徳島県","city":"名西郡石井町","town":"浦庄（国実）"}],"3243":[{"pref":"徳島県","city":"名西郡石井町","town":"浦庄（大万）"}],"3244":[{"pref":"徳島県","city":"名西郡石井町","town":"浦庄（下浦）"}],"3245":[{"pref":"徳島県","city":"名西郡石井町","town":"浦庄（上浦）"}],"3301":[{"pref":"徳島県","city":"吉野川市","town":"川島町川島"}],"3302":[{"pref":"徳島県","city":"吉野川市","town":"川島町山田"}],"3303":[{"pref":"徳島県","city":"吉野川市","town":"川島町桑村"}],"3304":[{"pref":"徳島県","city":"吉野川市","town":"川島町宮島"}],"3305":[{"pref":"徳島県","city":"吉野川市","town":"川島町児島"}],"3306":[{"pref":"徳島県","city":"吉野川市","town":"川島町学"}],"3307":[{"pref":"徳島県","city":"吉野川市","town":"川島町三ツ島"}],"3401":[{"pref":"徳島県","city":"吉野川市","town":"山川町石堂"},{"pref":"徳島県","city":"吉野川市","town":"山川町恵下"},{"pref":"徳島県","city":"吉野川市","town":"山川町翁喜台"},{"pref":"徳島県","city":"吉野川市","town":"山川町川東"},{"pref":"徳島県","city":"吉野川市","town":"山川町住吉"},{"pref":"徳島県","city":"吉野川市","town":"山川町建石"},{"pref":"徳島県","city":"吉野川市","town":"山川町町"}],"3402":[{"pref":"徳島県","city":"吉野川市","town":"山川町忌部"},{"pref":"徳島県","city":"吉野川市","town":"山川町忌部山"},{"pref":"徳島県","city":"吉野川市","town":"山川町岩戸"},{"pref":"徳島県","city":"吉野川市","town":"山川町雲宮"},{"pref":"徳島県","city":"吉野川市","town":"山川町堤内"},{"pref":"徳島県","city":"吉野川市","town":"山川町天神"},{"pref":"徳島県","city":"吉野川市","town":"山川町中須賀"},{"pref":"徳島県","city":"吉野川市","town":"山川町流"},{"pref":"徳島県","city":"吉野川市","town":"山川町西久保"},{"pref":"徳島県","city":"吉野川市","town":"山川町西麓"},{"pref":"徳島県","city":"吉野川市","town":"山川町東麓"},{"pref":"徳島県","city":"吉野川市","town":"山川町宮北"},{"pref":"徳島県","city":"吉野川市","town":"山川町宮島"},{"pref":"徳島県","city":"吉野川市","town":"山川町山路"}],"3403":[{"pref":"徳島県","city":"吉野川市","town":"山川町春日"},{"pref":"徳島県","city":"吉野川市","town":"山川町北須賀"},{"pref":"徳島県","city":"吉野川市","town":"山川町諏訪"},{"pref":"徳島県","city":"吉野川市","town":"山川町堤外"},{"pref":"徳島県","city":"吉野川市","town":"山川町八幡"},{"pref":"徳島県","city":"吉野川市","town":"山川町前川"},{"pref":"徳島県","city":"吉野川市","town":"山川町三島"},{"pref":"徳島県","city":"吉野川市","town":"山川町若宮"}],"3404":[{"pref":"徳島県","city":"吉野川市","town":"山川町市久保"},{"pref":"徳島県","city":"吉野川市","town":"山川町一里塚"},{"pref":"徳島県","city":"吉野川市","town":"山川町大須賀"},{"pref":"徳島県","city":"吉野川市","town":"山川町大塚"},{"pref":"徳島県","city":"吉野川市","town":"山川町麻掛"},{"pref":"徳島県","city":"吉野川市","town":"山川町槻原"},{"pref":"徳島県","city":"吉野川市","town":"山川町川田"},{"pref":"徳島県","city":"吉野川市","town":"山川町川田市"},{"pref":"徳島県","city":"吉野川市","town":"山川町川田天神"},{"pref":"徳島県","city":"吉野川市","town":"山川町北島"},{"pref":"徳島県","city":"吉野川市","town":"山川町鼓山"},{"pref":"徳島県","city":"吉野川市","town":"山川町引地"},{"pref":"徳島県","city":"吉野川市","town":"山川町日知利子"},{"pref":"徳島県","city":"吉野川市","town":"山川町藤生"},{"pref":"徳島県","city":"吉野川市","town":"山川町舟戸"},{"pref":"徳島県","city":"吉野川市","town":"山川町湯立"}],"3405":[{"pref":"徳島県","city":"吉野川市","town":"山川町赤刎"},{"pref":"徳島県","city":"吉野川市","town":"山川町伊端穂"},{"pref":"徳島県","city":"吉野川市","town":"山川町井上"},{"pref":"徳島県","city":"吉野川市","town":"山川町井傍"},{"pref":"徳島県","city":"吉野川市","town":"山川町牛ノ子尾"},{"pref":"徳島県","city":"吉野川市","town":"山川町大藤谷"},{"pref":"徳島県","city":"吉野川市","town":"山川町大峰"},{"pref":"徳島県","city":"吉野川市","town":"山川町大室"},{"pref":"徳島県","city":"吉野川市","town":"山川町奥原"},{"pref":"徳島県","city":"吉野川市","town":"山川町柿木谷"},{"pref":"徳島県","city":"吉野川市","town":"山川町楮本"},{"pref":"徳島県","city":"吉野川市","town":"山川町片岸"},{"pref":"徳島県","city":"吉野川市","town":"山川町川田八幡"},{"pref":"徳島県","city":"吉野川市","town":"山川町木戸口"},{"pref":"徳島県","city":"吉野川市","town":"山川町黒岩"},{"pref":"徳島県","city":"吉野川市","town":"山川町桑ノ峰"},{"pref":"徳島県","city":"吉野川市","town":"山川町高頭"},{"pref":"徳島県","city":"吉野川市","town":"山川町御饌免"},{"pref":"徳島県","city":"吉野川市","town":"山川町御旅館"},{"pref":"徳島県","city":"吉野川市","town":"山川町権現谷"},{"pref":"徳島県","city":"吉野川市","town":"山川町坂口"},{"pref":"徳島県","city":"吉野川市","town":"山川町貞田"},{"pref":"徳島県","city":"吉野川市","town":"山川町小路"},{"pref":"徳島県","city":"吉野川市","town":"山川町瀬津"},{"pref":"徳島県","city":"吉野川市","town":"山川町田ノ浦"},{"pref":"徳島県","city":"吉野川市","town":"山川町塚穴"},{"pref":"徳島県","city":"吉野川市","town":"山川町土仏西向"},{"pref":"徳島県","city":"吉野川市","town":"山川町天神佐古"},{"pref":"徳島県","city":"吉野川市","town":"山川町天王原"},{"pref":"徳島県","city":"吉野川市","town":"山川町土橋"},{"pref":"徳島県","city":"吉野川市","town":"山川町土橋ノ上"},{"pref":"徳島県","city":"吉野川市","town":"山川町中ノ郷"},{"pref":"徳島県","city":"吉野川市","town":"山川町鍋倉"},{"pref":"徳島県","city":"吉野川市","town":"山川町野宮谷"},{"pref":"徳島県","city":"吉野川市","town":"山川町八ケ久保"},{"pref":"徳島県","city":"吉野川市","town":"山川町榛木原"},{"pref":"徳島県","city":"吉野川市","town":"山川町一ツ石"},{"pref":"徳島県","city":"吉野川市","town":"山川町平山"},{"pref":"徳島県","city":"吉野川市","town":"山川町日鷲谷"},{"pref":"徳島県","city":"吉野川市","town":"山川町宮谷"},{"pref":"徳島県","city":"吉野川市","town":"山川町村雲"},{"pref":"徳島県","city":"吉野川市","town":"山川町茂草"},{"pref":"徳島県","city":"吉野川市","town":"山川町矢落"},{"pref":"徳島県","city":"吉野川市","town":"山川町木綿麻山"}],"3406":[{"pref":"徳島県","city":"吉野川市","town":"山川町榎谷"},{"pref":"徳島県","city":"吉野川市","town":"山川町大内"},{"pref":"徳島県","city":"吉野川市","town":"山川町奥川田"},{"pref":"徳島県","city":"吉野川市","town":"山川町奥野井"},{"pref":"徳島県","city":"吉野川市","town":"山川町皆瀬"},{"pref":"徳島県","city":"吉野川市","town":"山川町楠根地"},{"pref":"徳島県","city":"吉野川市","town":"山川町桑内"},{"pref":"徳島県","city":"吉野川市","town":"山川町西野峰"},{"pref":"徳島県","city":"吉野川市","town":"山川町久宗"},{"pref":"徳島県","city":"吉野川市","town":"山川町馬見尾"}],"3407":[{"pref":"徳島県","city":"吉野川市","town":"山川町青木"},{"pref":"徳島県","city":"吉野川市","town":"山川町赤岩"},{"pref":"徳島県","city":"吉野川市","town":"山川町朝日"},{"pref":"徳島県","city":"吉野川市","town":"山川町安楽寺"},{"pref":"徳島県","city":"吉野川市","town":"山川町浦山"},{"pref":"徳島県","city":"吉野川市","town":"山川町祗園"},{"pref":"徳島県","city":"吉野川市","town":"山川町境谷"},{"pref":"徳島県","city":"吉野川市","town":"山川町坂田"},{"pref":"徳島県","city":"吉野川市","town":"山川町新田谷"},{"pref":"徳島県","city":"吉野川市","town":"山川町季邦"},{"pref":"徳島県","city":"吉野川市","town":"山川町津由谷"},{"pref":"徳島県","city":"吉野川市","town":"山川町西ノ原"},{"pref":"徳島県","city":"吉野川市","town":"山川町旗見"},{"pref":"徳島県","city":"吉野川市","town":"山川町東麦原"},{"pref":"徳島県","city":"吉野川市","town":"山川町古城"},{"pref":"徳島県","city":"吉野川市","town":"山川町丸山"},{"pref":"徳島県","city":"吉野川市","town":"山川町宮地"},{"pref":"徳島県","city":"吉野川市","town":"山川町迎坂"},{"pref":"徳島県","city":"吉野川市","town":"山川町麦原"},{"pref":"徳島県","city":"吉野川市","town":"山川町向坂"},{"pref":"徳島県","city":"吉野川市","town":"山川町山ノ神"},{"pref":"徳島県","city":"吉野川市","town":"山川町横走"}],"3501":[{"pref":"徳島県","city":"吉野川市","town":"美郷愛後"},{"pref":"徳島県","city":"吉野川市","town":"美郷穴地"},{"pref":"徳島県","city":"吉野川市","town":"美郷一野山"},{"pref":"徳島県","city":"吉野川市","town":"美郷大神"},{"pref":"徳島県","city":"吉野川市","town":"美郷大平"},{"pref":"徳島県","city":"吉野川市","town":"美郷柿谷"},{"pref":"徳島県","city":"吉野川市","town":"美郷倉羅"},{"pref":"徳島県","city":"吉野川市","town":"美郷古井"},{"pref":"徳島県","city":"吉野川市","town":"美郷重野尾"},{"pref":"徳島県","city":"吉野川市","town":"美郷下浦"},{"pref":"徳島県","city":"吉野川市","town":"美郷下城戸"},{"pref":"徳島県","city":"吉野川市","town":"美郷上戸峯"},{"pref":"徳島県","city":"吉野川市","town":"美郷平"},{"pref":"徳島県","city":"吉野川市","town":"美郷滝ケ山"},{"pref":"徳島県","city":"吉野川市","town":"美郷田平"},{"pref":"徳島県","city":"吉野川市","town":"美郷照尾"},{"pref":"徳島県","city":"吉野川市","town":"美郷張"},{"pref":"徳島県","city":"吉野川市","town":"美郷張峯"},{"pref":"徳島県","city":"吉野川市","town":"美郷宮倉"},{"pref":"徳島県","city":"吉野川市","town":"美郷宗田"}],"3502":[{"pref":"徳島県","city":"吉野川市","town":"美郷大岸"},{"pref":"徳島県","city":"吉野川市","town":"美郷大佐古"},{"pref":"徳島県","city":"吉野川市","town":"美郷奥分"},{"pref":"徳島県","city":"吉野川市","town":"美郷樫平"},{"pref":"徳島県","city":"吉野川市","town":"美郷川向"},{"pref":"徳島県","city":"吉野川市","town":"美郷岸宗"},{"pref":"徳島県","city":"吉野川市","town":"美郷小竹"},{"pref":"徳島県","city":"吉野川市","town":"美郷下畠"},{"pref":"徳島県","city":"吉野川市","town":"美郷下林"},{"pref":"徳島県","city":"吉野川市","town":"美郷竹屋敷"},{"pref":"徳島県","city":"吉野川市","town":"美郷立石"},{"pref":"徳島県","city":"吉野川市","town":"美郷谷向"},{"pref":"徳島県","city":"吉野川市","town":"美郷中畠"},{"pref":"徳島県","city":"吉野川市","town":"美郷中分"},{"pref":"徳島県","city":"吉野川市","town":"美郷中村中筋"},{"pref":"徳島県","city":"吉野川市","town":"美郷西條"},{"pref":"徳島県","city":"吉野川市","town":"美郷西谷"},{"pref":"徳島県","city":"吉野川市","town":"美郷西畠"},{"pref":"徳島県","city":"吉野川市","town":"美郷西槇山"},{"pref":"徳島県","city":"吉野川市","town":"美郷日浦"},{"pref":"徳島県","city":"吉野川市","town":"美郷東"},{"pref":"徳島県","city":"吉野川市","town":"美郷東條"},{"pref":"徳島県","city":"吉野川市","town":"美郷東槇山"},{"pref":"徳島県","city":"吉野川市","town":"美郷槇山"},{"pref":"徳島県","city":"吉野川市","town":"美郷松尾"},{"pref":"徳島県","city":"吉野川市","town":"美郷矢ノ丸"}],"3503":[{"pref":"徳島県","city":"吉野川市","town":"美郷川俣"},{"pref":"徳島県","city":"吉野川市","town":"美郷品野"},{"pref":"徳島県","city":"吉野川市","town":"美郷高野尾"},{"pref":"徳島県","city":"吉野川市","town":"美郷中筋"},{"pref":"徳島県","city":"吉野川市","town":"美郷湯殿"}],"3504":[{"pref":"徳島県","city":"吉野川市","town":"美郷毛無"},{"pref":"徳島県","city":"吉野川市","town":"美郷土井ノ奥"},{"pref":"徳島県","city":"吉野川市","town":"美郷峠"},{"pref":"徳島県","city":"吉野川市","town":"美郷刷石"}],"3505":[{"pref":"徳島県","city":"吉野川市","town":"美郷恵美子"},{"pref":"徳島県","city":"吉野川市","town":"美郷大鹿"},{"pref":"徳島県","city":"吉野川市","town":"美郷大野"},{"pref":"徳島県","city":"吉野川市","town":"美郷奥丸"},{"pref":"徳島県","city":"吉野川市","town":"美郷上谷"},{"pref":"徳島県","city":"吉野川市","town":"美郷栗木"},{"pref":"徳島県","city":"吉野川市","town":"美郷来見坂"},{"pref":"徳島県","city":"吉野川市","town":"美郷暮石"},{"pref":"徳島県","city":"吉野川市","town":"美郷古土地"},{"pref":"徳島県","city":"吉野川市","town":"美郷木屋浦"},{"pref":"徳島県","city":"吉野川市","town":"美郷山王"},{"pref":"徳島県","city":"吉野川市","town":"美郷菅草"},{"pref":"徳島県","city":"吉野川市","town":"美郷月野"},{"pref":"徳島県","city":"吉野川市","town":"美郷栩谷"},{"pref":"徳島県","city":"吉野川市","town":"美郷殿河"},{"pref":"徳島県","city":"吉野川市","town":"美郷土用地"},{"pref":"徳島県","city":"吉野川市","town":"美郷中谷"},{"pref":"徳島県","city":"吉野川市","town":"美郷花地"},{"pref":"徳島県","city":"吉野川市","town":"美郷東山峠"},{"pref":"徳島県","city":"吉野川市","town":"美郷丸山"},{"pref":"徳島県","city":"吉野川市","town":"美郷湯下"}],"3600":[{"pref":"徳島県","city":"美馬市","town":"以下に掲載がない場合"}],"3601":[{"pref":"徳島県","city":"美馬市","town":"脇町（拝原）"}],"3602":[{"pref":"徳島県","city":"美馬市","town":"脇町猪尻（その他）"}],"3603":[{"pref":"徳島県","city":"美馬市","town":"脇町猪尻（庄、土井、西上野）"}],"3604":[{"pref":"徳島県","city":"美馬市","town":"脇町猪尻（古作）"},{"pref":"徳島県","city":"美馬市","town":"脇町（北庄）"}],"3610":[{"pref":"徳島県","city":"美馬市","town":"脇町脇町"}],"3620":[{"pref":"徳島県","city":"美馬市","town":"脇町岩倉"},{"pref":"徳島県","city":"美馬市","town":"脇町上ノ原"},{"pref":"徳島県","city":"美馬市","town":"脇町馬木"},{"pref":"徳島県","city":"美馬市","town":"脇町川原町"},{"pref":"徳島県","city":"美馬市","town":"脇町木ノ内"},{"pref":"徳島県","city":"美馬市","town":"脇町新町"},{"pref":"徳島県","city":"美馬市","town":"脇町助松"},{"pref":"徳島県","city":"美馬市","town":"脇町田上"},{"pref":"徳島県","city":"美馬市","town":"脇町野村"},{"pref":"徳島県","city":"美馬市","town":"脇町別所"}],"3625":[{"pref":"徳島県","city":"美馬市","town":"脇町（北星）"}],"3631":[{"pref":"徳島県","city":"美馬市","town":"脇町（新山）"}],"3632":[{"pref":"徳島県","city":"美馬市","town":"脇町（井口東、上ノ原）"}],"3633":[{"pref":"徳島県","city":"美馬市","town":"脇町（井口）"}],"3634":[{"pref":"徳島県","city":"美馬市","town":"脇町（小星）"}],"3635":[{"pref":"徳島県","city":"美馬市","town":"脇町（川原柴、暮畑、梨子木、横倉）"}],"3636":[{"pref":"徳島県","city":"美馬市","town":"脇町（芋穴、中八）"}],"3637":[{"pref":"徳島県","city":"美馬市","town":"脇町（上中野、下中野、平帽子、舟木）"}],"3638":[{"pref":"徳島県","city":"美馬市","town":"脇町（神楽田、西大谷、東大谷）"}],"3639":[{"pref":"徳島県","city":"美馬市","town":"脇町（芋尻、小丸、白木、段、段名、中段、羽出床）"}],"3741":[{"pref":"徳島県","city":"美馬市","town":"脇町（曽江名）"}],"3742":[{"pref":"徳島県","city":"美馬市","town":"脇町（西赤谷）"}],"3743":[{"pref":"徳島県","city":"美馬市","town":"脇町（東赤谷名）"}],"3744":[{"pref":"徳島県","city":"美馬市","town":"脇町（西俣名）"}],"3745":[{"pref":"徳島県","city":"美馬市","town":"脇町（東俣名）"}],"4100":[{"pref":"徳島県","city":"美馬郡つるぎ町","town":"以下に掲載がない場合"}],"4101":[{"pref":"徳島県","city":"美馬郡つるぎ町","town":"貞光（馬出、大須賀、中須賀、西浦、東浦、町、宮下）"}],"4102":[{"pref":"徳島県","city":"美馬郡つるぎ町","town":"貞光（大坊、辻、西山、野口、平石、別所、前田）"}],"4103":[{"pref":"徳島県","city":"美馬郡つるぎ町","town":"貞光（江ノ脇、岡、せせらぎ、宮内）"}],"4104":[{"pref":"徳島県","city":"美馬郡つるぎ町","town":"貞光（太田西、太田東、太田東山、小長谷、小山北、柴内、柴山、僧地、僧山）"}],"4105":[{"pref":"徳島県","city":"美馬郡つるぎ町","town":"貞光（浦山、乙部、皆瀬、竹屋敷、長谷、西丸井、引地、宅熊）"}],"4106":[{"pref":"徳島県","city":"美馬郡つるぎ町","town":"貞光（大久保、皆瀬川向、捨子谷南、捨子谷北、谷向、中山、西谷、白村）"}],"4107":[{"pref":"徳島県","city":"美馬郡つるぎ町","town":"貞光（家賀道上、家賀道下、平野、長木、長木影、広谷、広谷影、広谷東）"}],"4108":[{"pref":"徳島県","city":"美馬郡つるぎ町","town":"貞光（川見、川見津、川見西、長瀬、日浦川向、東丸井、三木枋、森ノ本）"}],"4109":[{"pref":"徳島県","city":"美馬郡つるぎ町","town":"貞光（吉良、木屋、猿飼、成谷、日浦、宮平、横野）"}],"4301":[{"pref":"徳島県","city":"美馬郡つるぎ町","town":"一宇（一宇、蔭、樫地、剪宇、太刀之本）"}],"4302":[{"pref":"徳島県","city":"美馬郡つるぎ町","town":"一宇（赤松、寺地）"}],"4303":[{"pref":"徳島県","city":"美馬郡つるぎ町","town":"一宇（大横、木地屋、切越、十家、中横）"}],"4304":[{"pref":"徳島県","city":"美馬郡つるぎ町","town":"一宇（伊良原、大野、九藤中、子安、久藪）"}],"4305":[{"pref":"徳島県","city":"美馬郡つるぎ町","town":"一宇（出羽、臼木、漆日浦、大屋内、白井、平、明谷）"}],"4306":[{"pref":"徳島県","city":"美馬郡つるぎ町","town":"一宇（漆野瀬、河内、桑平、葛籠、平井、廣澤、法正）"}],"4307":[{"pref":"徳島県","city":"美馬郡つるぎ町","town":"一宇（大佐古、奥大野、川又、實平、中野）"}],"4401":[{"pref":"徳島県","city":"美馬郡つるぎ町","town":"半田（逢坂、小野、天皇、中藪、松生）"}],"4402":[{"pref":"徳島県","city":"美馬郡つるぎ町","town":"半田（上蔭、蔭名、田井、日浦）"}],"4403":[{"pref":"徳島県","city":"美馬郡つるぎ町","town":"半田（木ノ内、京都、猿飼、白石、西久保、東久保、平良石）"}],"4404":[{"pref":"徳島県","city":"美馬郡つるぎ町","town":"半田（青野、折坂、小井野、高清、坂根、下尾尻、下竹、上蓮、日谷尾）"}],"4405":[{"pref":"徳島県","city":"美馬郡つるぎ町","town":"半田（葛城、上喜来、中熊、長野、日開野）"}],"4406":[{"pref":"徳島県","city":"美馬郡つるぎ町","town":"半田（樫尾、紙屋、小谷、佐古戸、下喜来）"}],"4407":[{"pref":"徳島県","city":"美馬郡つるぎ町","town":"半田（東毛田）"}],"4700":[{"pref":"徳島県","city":"三好郡東みよし町","town":"以下に掲載がない場合"}],"4701":[{"pref":"徳島県","city":"三好郡東みよし町","town":"加茂"}],"4702":[{"pref":"徳島県","city":"三好郡東みよし町","town":"西庄"}],"4703":[{"pref":"徳島県","city":"三好郡東みよし町","town":"中庄（その他）"}],"4704":[{"pref":"徳島県","city":"三好郡東みよし町","town":"中庄（奥村）"}],"4705":[{"pref":"徳島県","city":"三好郡東みよし町","town":"毛田（その他）"}],"4706":[{"pref":"徳島県","city":"三好郡東みよし町","town":"毛田（黒長谷）"}],"4707":[{"pref":"徳島県","city":"三好郡東みよし町","town":"毛田（大藤）"}],"4801":[{"pref":"徳島県","city":"三好市","town":"井川町旭町"},{"pref":"徳島県","city":"三好市","town":"井川町大佐古"},{"pref":"徳島県","city":"三好市","town":"井川町片山"},{"pref":"徳島県","city":"三好市","town":"井川町才長谷"},{"pref":"徳島県","city":"三好市","town":"井川町新町"},{"pref":"徳島県","city":"三好市","town":"井川町辻"},{"pref":"徳島県","city":"三好市","town":"井川町仲ノ町"},{"pref":"徳島県","city":"三好市","town":"井川町浜西"},{"pref":"徳島県","city":"三好市","town":"井川町浜東"},{"pref":"徳島県","city":"三好市","town":"井川町本町"}],"4802":[{"pref":"徳島県","city":"三好市","town":"井川町井関"},{"pref":"徳島県","city":"三好市","town":"井川町岡野前"},{"pref":"徳島県","city":"三好市","town":"井川町御領田"},{"pref":"徳島県","city":"三好市","town":"井川町流堂"},{"pref":"徳島県","city":"三好市","town":"井川町野津後"},{"pref":"徳島県","city":"三好市","town":"井川町向坂"}],"4803":[{"pref":"徳島県","city":"三好市","town":"井川町島"},{"pref":"徳島県","city":"三好市","town":"井川町タクミ田"},{"pref":"徳島県","city":"三好市","town":"井川町田中"},{"pref":"徳島県","city":"三好市","town":"井川町中岡"},{"pref":"徳島県","city":"三好市","town":"井川町中村西"},{"pref":"徳島県","city":"三好市","town":"井川町中村東"},{"pref":"徳島県","city":"三好市","town":"井川町中村南"},{"pref":"徳島県","city":"三好市","town":"井川町野津後流"},{"pref":"徳島県","city":"三好市","town":"井川町八幡"},{"pref":"徳島県","city":"三好市","town":"井川町吉岡"}],"4804":[{"pref":"徳島県","city":"三好市","town":"井川町井内東"}],"4805":[{"pref":"徳島県","city":"三好市","town":"井川町井内西"}],"4806":[{"pref":"徳島県","city":"三好市","town":"井川町西井川"}],"4807":[{"pref":"徳島県","city":"三好市","town":"井川町里川"}],"5161":[{"pref":"徳島県","city":"三好市","town":"池田町中西"}],"5162":[{"pref":"徳島県","city":"三好市","town":"池田町漆川"}],"5163":[{"pref":"徳島県","city":"三好市","town":"池田町中津川"}],"5164":[{"pref":"徳島県","city":"三好市","town":"池田町大利"}],"5165":[{"pref":"徳島県","city":"三好市","town":"池田町松尾（その他）"}],"5166":[{"pref":"徳島県","city":"三好市","town":"池田町川崎"}],"5171":[{"pref":"徳島県","city":"三好市","town":"西祖谷山村下名"}],"5172":[{"pref":"徳島県","city":"三好市","town":"西祖谷山村小祖谷"}],"5173":[{"pref":"徳島県","city":"三好市","town":"西祖谷山村坂瀬"}],"5301":[{"pref":"徳島県","city":"三好市","town":"山城町大和川"}],"5302":[{"pref":"徳島県","city":"三好市","town":"山城町若山"}],"5303":[{"pref":"徳島県","city":"三好市","town":"山城町下川"}],"5304":[{"pref":"徳島県","city":"三好市","town":"山城町大川持"}],"5305":[{"pref":"徳島県","city":"三好市","town":"山城町川口"}],"5306":[{"pref":"徳島県","city":"三好市","town":"山城町寺野"}],"5307":[{"pref":"徳島県","city":"三好市","town":"山城町相川"}],"5311":[{"pref":"徳島県","city":"三好市","town":"山城町中ノ瀬"}],"5312":[{"pref":"徳島県","city":"三好市","town":"山城町八千坊"}],"5313":[{"pref":"徳島県","city":"三好市","town":"山城町黒川"}],"5314":[{"pref":"徳島県","city":"三好市","town":"山城町岩戸"}],"5315":[{"pref":"徳島県","city":"三好市","town":"山城町引地"}],"5316":[{"pref":"徳島県","city":"三好市","town":"山城町末貞"}],"5321":[{"pref":"徳島県","city":"三好市","town":"山城町国政"}],"5322":[{"pref":"徳島県","city":"三好市","town":"山城町重実（その他）"}],"5323":[{"pref":"徳島県","city":"三好市","town":"山城町中野"}],"5324":[{"pref":"徳島県","city":"三好市","town":"山城町白川"}],"5325":[{"pref":"徳島県","city":"三好市","town":"山城町光兼"}],"5326":[{"pref":"徳島県","city":"三好市","town":"山城町仏子"}],"5327":[{"pref":"徳島県","city":"三好市","town":"山城町尾又"}],"5328":[{"pref":"徳島県","city":"三好市","town":"山城町粟山"}],"5331":[{"pref":"徳島県","city":"三好市","town":"山城町茂地"}],"5332":[{"pref":"徳島県","city":"三好市","town":"山城町小川谷"}],"5333":[{"pref":"徳島県","city":"三好市","town":"山城町大野"}],"5334":[{"pref":"徳島県","city":"三好市","town":"山城町信正"}],"5335":[{"pref":"徳島県","city":"三好市","town":"山城町頼広"}],"5336":[{"pref":"徳島県","city":"三好市","town":"山城町赤谷"}],"5337":[{"pref":"徳島県","city":"三好市","town":"山城町平野"}],"5341":[{"pref":"徳島県","city":"三好市","town":"山城町佐連（その他）"}],"5342":[{"pref":"徳島県","city":"三好市","town":"山城町大谷"}],"5343":[{"pref":"徳島県","city":"三好市","town":"山城町柴川"}],"5344":[{"pref":"徳島県","city":"三好市","town":"山城町政友"}],"5345":[{"pref":"徳島県","city":"三好市","town":"山城町瀬貝"}],"5346":[{"pref":"徳島県","city":"三好市","town":"山城町脇"}],"5347":[{"pref":"徳島県","city":"三好市","town":"山城町大月"}],"5422":[{"pref":"徳島県","city":"三好市","town":"山城町重実（殿野）"}],"5451":[{"pref":"徳島県","city":"三好市","town":"山城町西宇"}],"5452":[{"pref":"徳島県","city":"三好市","town":"山城町上名"}],"5453":[{"pref":"徳島県","city":"三好市","town":"山城町下名"}],"0303":[{"pref":"徳島県","city":"鳴門市","town":"大麻町池谷"}],"0315":[{"pref":"徳島県","city":"鳴門市","town":"大麻町市場"}],"0311":[{"pref":"徳島県","city":"鳴門市","town":"大麻町牛屋島"}],"0302":[{"pref":"徳島県","city":"鳴門市","town":"大麻町大谷"}],"0223":[{"pref":"徳島県","city":"鳴門市","town":"大麻町川崎"}],"0305":[{"pref":"徳島県","city":"鳴門市","town":"大麻町高畑"}],"0224":[{"pref":"徳島県","city":"鳴門市","town":"大麻町津慈"}],"0313":[{"pref":"徳島県","city":"鳴門市","town":"大麻町中馬詰"}],"0314":[{"pref":"徳島県","city":"鳴門市","town":"大麻町西馬詰"}],"0221":[{"pref":"徳島県","city":"鳴門市","town":"大麻町萩原"}],"0234":[{"pref":"徳島県","city":"鳴門市","town":"大麻町板東（采女）"}],"0231":[{"pref":"徳島県","city":"鳴門市","town":"大麻町板東（大林）"}],"0232":[{"pref":"徳島県","city":"鳴門市","town":"大麻町板東（辻見堂）"}],"0235":[{"pref":"徳島県","city":"鳴門市","town":"大麻町板東（永井）"}],"0238":[{"pref":"徳島県","city":"鳴門市","town":"大麻町板東（東山田）"}],"0236":[{"pref":"徳島県","city":"鳴門市","town":"大麻町板東（西山田）"}],"0237":[{"pref":"徳島県","city":"鳴門市","town":"大麻町板東（北条）"}],"0233":[{"pref":"徳島県","city":"鳴門市","town":"大麻町板東（宝蔵）"}],"0230":[{"pref":"徳島県","city":"鳴門市","town":"大麻町板東（その他）"}],"0312":[{"pref":"徳島県","city":"鳴門市","town":"大麻町東馬詰"}],"0225":[{"pref":"徳島県","city":"鳴門市","town":"大麻町檜"}],"0301":[{"pref":"徳島県","city":"鳴門市","town":"大麻町姫田"}],"0304":[{"pref":"徳島県","city":"鳴門市","town":"大麻町松村"}],"0222":[{"pref":"徳島県","city":"鳴門市","town":"大麻町三俣"}],"0100":[{"pref":"徳島県","city":"板野郡板野町","town":"以下に掲載がない場合"}],"0108":[{"pref":"徳島県","city":"板野郡板野町","town":"犬伏"}],"0101":[{"pref":"徳島県","city":"板野郡板野町","town":"大坂"}],"0106":[{"pref":"徳島県","city":"板野郡板野町","town":"大寺（岡ノ宮）"}],"0105":[{"pref":"徳島県","city":"板野郡板野町","town":"大寺（その他）"}],"0103":[{"pref":"徳島県","city":"板野郡板野町","town":"川端（新田）"}],"0102":[{"pref":"徳島県","city":"板野郡板野町","town":"川端（その他）"}],"0113":[{"pref":"徳島県","city":"板野郡板野町","town":"黒谷"}],"0118":[{"pref":"徳島県","city":"板野郡板野町","town":"下庄"}],"0116":[{"pref":"徳島県","city":"板野郡板野町","town":"唐園"}],"0117":[{"pref":"徳島県","city":"板野郡板野町","town":"中久保"}],"0111":[{"pref":"徳島県","city":"板野郡板野町","town":"那東"}],"0119":[{"pref":"徳島県","city":"板野郡板野町","town":"西中富"}],"0104":[{"pref":"徳島県","city":"板野郡板野町","town":"吹田"}],"0107":[{"pref":"徳島県","city":"板野郡板野町","town":"古城"}],"0112":[{"pref":"徳島県","city":"板野郡板野町","town":"松谷"}],"0115":[{"pref":"徳島県","city":"板野郡板野町","town":"矢武"}],"0114":[{"pref":"徳島県","city":"板野郡板野町","town":"羅漢"}]}