{"1301":[{"pref":"京都府","city":"福知山市","town":"三和町大原"}],"1302":[{"pref":"京都府","city":"福知山市","town":"三和町台頭"}],"1311":[{"pref":"京都府","city":"福知山市","town":"三和町上川合"}],"1312":[{"pref":"京都府","city":"福知山市","town":"三和町岼"}],"1313":[{"pref":"京都府","city":"福知山市","town":"三和町下川合"}],"1314":[{"pref":"京都府","city":"福知山市","town":"三和町加用"}],"1421":[{"pref":"京都府","city":"福知山市","town":"三和町大身"}],"1422":[{"pref":"京都府","city":"福知山市","town":"三和町菟原中"}],"1423":[{"pref":"京都府","city":"福知山市","town":"三和町高杉"}],"1424":[{"pref":"京都府","city":"福知山市","town":"三和町友渕"}],"1425":[{"pref":"京都府","city":"福知山市","town":"三和町菟原下"}],"1431":[{"pref":"京都府","city":"福知山市","town":"三和町辻"}],"1432":[{"pref":"京都府","city":"福知山市","town":"三和町中出"}],"1433":[{"pref":"京都府","city":"福知山市","town":"三和町田ノ谷"}],"1434":[{"pref":"京都府","city":"福知山市","town":"三和町西松"}],"1435":[{"pref":"京都府","city":"福知山市","town":"三和町草山"}],"1441":[{"pref":"京都府","city":"福知山市","town":"三和町梅原"}],"1442":[{"pref":"京都府","city":"福知山市","town":"三和町千束"}],"1443":[{"pref":"京都府","city":"福知山市","town":"三和町寺尾"}],"1444":[{"pref":"京都府","city":"福知山市","town":"三和町芦渕"}],"1445":[{"pref":"京都府","city":"福知山市","town":"三和町みわ"}],"0000":[{"pref":"京都府","city":"福知山市","town":"以下に掲載がない場合"}],"0861":[{"pref":"京都府","city":"福知山市","town":"秋津が丘"}],"0947":[{"pref":"京都府","city":"福知山市","town":"旭が丘"}],"0058":[{"pref":"京都府","city":"福知山市","town":"厚"}],"0056":[{"pref":"京都府","city":"福知山市","town":"厚中町"}],"0059":[{"pref":"京都府","city":"福知山市","town":"厚東町"}],"0964":[{"pref":"京都府","city":"福知山市","town":"甘栗"}],"0201":[{"pref":"京都府","city":"福知山市","town":"天座"}],"0063":[{"pref":"京都府","city":"福知山市","town":"荒河新町"}],"0061":[{"pref":"京都府","city":"福知山市","town":"荒河東町"}],"0067":[{"pref":"京都府","city":"福知山市","town":"荒河ヒルズ"}],"0879":[{"pref":"京都府","city":"福知山市","town":"荒木"}],"0823":[{"pref":"京都府","city":"福知山市","town":"生野"}],"0832":[{"pref":"京都府","city":"福知山市","town":"池田"}],"0013":[{"pref":"京都府","city":"福知山市","town":"池部"}],"0804":[{"pref":"京都府","city":"福知山市","town":"石原"}],"0017":[{"pref":"京都府","city":"福知山市","town":"猪崎"}],"0961":[{"pref":"京都府","city":"福知山市","town":"石場"}],"0074":[{"pref":"京都府","city":"福知山市","town":"石本"}],"0071":[{"pref":"京都府","city":"福知山市","town":"一尾"}],"0939":[{"pref":"京都府","city":"福知山市","town":"市寺"}],"0848":[{"pref":"京都府","city":"福知山市","town":"市の谷"}],"0907":[{"pref":"京都府","city":"福知山市","town":"一ノ宮"}],"0212":[{"pref":"京都府","city":"福知山市","town":"行積"}],"0984":[{"pref":"京都府","city":"福知山市","town":"猪野々"}],"0953":[{"pref":"京都府","city":"福知山市","town":"今安"}],"0031":[{"pref":"京都府","city":"福知山市","town":"鋳物師"}],"0922":[{"pref":"京都府","city":"福知山市","town":"岩井"}],"0920":[{"pref":"京都府","city":"福知山市","town":"岩井新町"}],"0064":[{"pref":"京都府","city":"福知山市","town":"岩井東町"}],"0831":[{"pref":"京都府","city":"福知山市","town":"岩崎"}],"0847":[{"pref":"京都府","city":"福知山市","town":"岩間"}],"0005":[{"pref":"京都府","city":"福知山市","town":"印内"}],"0825":[{"pref":"京都府","city":"福知山市","town":"上野"}],"0845":[{"pref":"京都府","city":"福知山市","town":"上松"}],"0881":[{"pref":"京都府","city":"福知山市","town":"内田町"}],"0985":[{"pref":"京都府","city":"福知山市","town":"梅谷"}],"0076":[{"pref":"京都府","city":"福知山市","town":"漆端"}],"0940":[{"pref":"京都府","city":"福知山市","town":"駅南町"}],"0045":[{"pref":"京都府","city":"福知山市","town":"駅前町"}],"0918":[{"pref":"京都府","city":"福知山市","town":"夷"}],"0816":[{"pref":"京都府","city":"福知山市","town":"大池坂町"}],"0325":[{"pref":"京都府","city":"福知山市","town":"大江町天田内"}],"0354":[{"pref":"京都府","city":"福知山市","town":"大江町在田"}],"0334":[{"pref":"京都府","city":"福知山市","town":"大江町市原谷"}],"0304":[{"pref":"京都府","city":"福知山市","town":"大江町上野"}],"0314":[{"pref":"京都府","city":"福知山市","town":"大江町小原田"}],"0303":[{"pref":"京都府","city":"福知山市","town":"大江町金屋"}],"0341":[{"pref":"京都府","city":"福知山市","town":"大江町北有路"}],"0327":[{"pref":"京都府","city":"福知山市","town":"大江町北原"}],"0312":[{"pref":"京都府","city":"福知山市","town":"大江町公庄"}],"0322":[{"pref":"京都府","city":"福知山市","town":"大江町毛原"}],"0301":[{"pref":"京都府","city":"福知山市","town":"大江町河守"}],"0302":[{"pref":"京都府","city":"福知山市","town":"大江町関"}],"0351":[{"pref":"京都府","city":"福知山市","town":"大江町千原"}],"0331":[{"pref":"京都府","city":"福知山市","town":"大江町三河"}],"0332":[{"pref":"京都府","city":"福知山市","town":"大江町高津江"}],"0311":[{"pref":"京都府","city":"福知山市","town":"大江町蓼原"}],"0355":[{"pref":"京都府","city":"福知山市","town":"大江町常津"}],"0323":[{"pref":"京都府","city":"福知山市","town":"大江町内宮"}],"0353":[{"pref":"京都府","city":"福知山市","town":"大江町夏間"}],"0333":[{"pref":"京都府","city":"福知山市","town":"大江町二箇"}],"0326":[{"pref":"京都府","city":"福知山市","town":"大江町橋谷"}],"0305":[{"pref":"京都府","city":"福知山市","town":"大江町波美"}],"0313":[{"pref":"京都府","city":"福知山市","town":"大江町日藤"}],"0356":[{"pref":"京都府","city":"福知山市","town":"大江町尾藤"}],"0324":[{"pref":"京都府","city":"福知山市","town":"大江町二俣"}],"0321":[{"pref":"京都府","city":"福知山市","town":"大江町仏性寺"}],"0342":[{"pref":"京都府","city":"福知山市","town":"大江町南有路"}],"0352":[{"pref":"京都府","city":"福知山市","town":"大江町南山"}],"0836":[{"pref":"京都府","city":"福知山市","town":"大内"}],"0858":[{"pref":"京都府","city":"福知山市","town":"大野"}],"0852":[{"pref":"京都府","city":"福知山市","town":"大野上"}],"0851":[{"pref":"京都府","city":"福知山市","town":"大野下"}],"0988":[{"pref":"京都府","city":"福知山市","town":"大見長祖"}],"0077":[{"pref":"京都府","city":"福知山市","town":"大呂"}],"0872":[{"pref":"京都府","city":"福知山市","town":"岡ノ一町"}],"0871":[{"pref":"京都府","city":"福知山市","town":"岡ノ二町"}],"0873":[{"pref":"京都府","city":"福知山市","town":"岡ノ三町"}],"0891":[{"pref":"京都府","city":"福知山市","town":"岡ノ上町"}],"0802":[{"pref":"京都府","city":"福知山市","town":"興"}],"0963":[{"pref":"京都府","city":"福知山市","town":"奥榎原"}],"0928":[{"pref":"京都府","city":"福知山市","town":"奥野部"}],"0846":[{"pref":"京都府","city":"福知山市","town":"長田段"}],"0853":[{"pref":"京都府","city":"福知山市","town":"長田野町"}],"0843":[{"pref":"京都府","city":"福知山市","town":"長田南"}],"0842":[{"pref":"京都府","city":"福知山市","town":"長田北"}],"0981":[{"pref":"京都府","city":"福知山市","town":"小田"}],"0938":[{"pref":"京都府","city":"福知山市","town":"小野脇"}],"0034":[{"pref":"京都府","city":"福知山市","town":"鍛冶"}],"0921":[{"pref":"京都府","city":"福知山市","town":"かしの木台"}],"0065":[{"pref":"京都府","city":"福知山市","town":"上荒河"}],"0911":[{"pref":"京都府","city":"福知山市","town":"上大内"}],"0033":[{"pref":"京都府","city":"福知山市","town":"上紺屋"}],"0901":[{"pref":"京都府","city":"福知山市","town":"上佐々木"}],"0925":[{"pref":"京都府","city":"福知山市","town":"上篠尾"},{"pref":"京都府","city":"福知山市","town":"篠尾（上篠尾）"}],"0028":[{"pref":"京都府","city":"福知山市","town":"上新"}],"0214":[{"pref":"京都府","city":"福知山市","town":"上野条"}],"0987":[{"pref":"京都府","city":"福知山市","town":"鴨野町"}],"0969":[{"pref":"京都府","city":"福知山市","town":"茅ノ台"}],"0004":[{"pref":"京都府","city":"福知山市","town":"川北"}],"0803":[{"pref":"京都府","city":"福知山市","town":"観音寺"}],"0859":[{"pref":"京都府","city":"福知山市","town":"桔梗が丘"}],"0003":[{"pref":"京都府","city":"福知山市","town":"私市"}],"0902":[{"pref":"京都府","city":"福知山市","town":"喜多"}],"0943":[{"pref":"京都府","city":"福知山市","town":"北岡町"}],"0893":[{"pref":"京都府","city":"福知山市","town":"北小谷ケ丘"}],"0043":[{"pref":"京都府","city":"福知山市","town":"北栄町"}],"0931":[{"pref":"京都府","city":"福知山市","town":"北羽合"},{"pref":"京都府","city":"福知山市","town":"篠尾（北羽合）"}],"0811":[{"pref":"京都府","city":"福知山市","town":"北平野町"}],"0041":[{"pref":"京都府","city":"福知山市","town":"北本町一区"}],"0042":[{"pref":"京都府","city":"福知山市","town":"北本町二区"}],"0968":[{"pref":"京都府","city":"福知山市","town":"北山"}],"0027":[{"pref":"京都府","city":"福知山市","town":"京"}],"0962":[{"pref":"京都府","city":"福知山市","town":"口榎原"}],"0221":[{"pref":"京都府","city":"福知山市","town":"雲原"}],"0835":[{"pref":"京都府","city":"福知山市","town":"後正寺"}],"0026":[{"pref":"京都府","city":"福知山市","town":"呉服"}],"0078":[{"pref":"京都府","city":"福知山市","town":"瘤木"}],"0972":[{"pref":"京都府","city":"福知山市","town":"小牧"}],"0863":[{"pref":"京都府","city":"福知山市","town":"小松ケ丘"}],"0841":[{"pref":"京都府","city":"福知山市","town":"駒場新町"}],"0827":[{"pref":"京都府","city":"福知山市","town":"坂室"}],"0971":[{"pref":"京都府","city":"福知山市","town":"下戸"}],"0838":[{"pref":"京都府","city":"福知山市","town":"笹場"}],"0055":[{"pref":"京都府","city":"福知山市","town":"篠尾（篠尾新町）"},{"pref":"京都府","city":"福知山市","town":"篠尾新町"}],"0924":[{"pref":"京都府","city":"福知山市","town":"篠尾（下篠尾）"},{"pref":"京都府","city":"福知山市","town":"下篠尾"}],"0932":[{"pref":"京都府","city":"福知山市","town":"篠尾（西羽合）"},{"pref":"京都府","city":"福知山市","town":"西羽合"}],"0933":[{"pref":"京都府","city":"福知山市","town":"篠尾（東羽合）"},{"pref":"京都府","city":"福知山市","town":"東羽合"}],"0934":[{"pref":"京都府","city":"福知山市","town":"篠尾（南羽合）"},{"pref":"京都府","city":"福知山市","town":"南羽合"}],"0948":[{"pref":"京都府","city":"福知山市","town":"篠尾（夕陽が丘）"},{"pref":"京都府","city":"福知山市","town":"夕陽が丘"}],"0958":[{"pref":"京都府","city":"福知山市","town":"さつきケ丘"}],"0072":[{"pref":"京都府","city":"福知山市","town":"下天津"}],"0066":[{"pref":"京都府","city":"福知山市","town":"下荒河"}],"0015":[{"pref":"京都府","city":"福知山市","town":"下猪崎"}],"0912":[{"pref":"京都府","city":"福知山市","town":"下大内"}],"0982":[{"pref":"京都府","city":"福知山市","town":"下小田"}],"0032":[{"pref":"京都府","city":"福知山市","town":"下紺屋"}],"0908":[{"pref":"京都府","city":"福知山市","town":"下佐々木"}],"0839":[{"pref":"京都府","city":"福知山市","town":"下地"}],"0029":[{"pref":"京都府","city":"福知山市","town":"下新"}],"0211":[{"pref":"京都府","city":"福知山市","town":"下野条"}],"0022":[{"pref":"京都府","city":"福知山市","town":"下柳"}],"0875":[{"pref":"京都府","city":"福知山市","town":"蛇ケ端"}],"0915":[{"pref":"京都府","city":"福知山市","town":"十二"}],"0904":[{"pref":"京都府","city":"福知山市","town":"常願寺"}],"0826":[{"pref":"京都府","city":"福知山市","town":"正後寺"}],"0828":[{"pref":"京都府","city":"福知山市","town":"正坂"}],"0936":[{"pref":"京都府","city":"福知山市","town":"正明寺"}],"0051":[{"pref":"京都府","city":"福知山市","town":"昭和新町"}],"0052":[{"pref":"京都府","city":"福知山市","town":"昭和町"}],"0016":[{"pref":"京都府","city":"福知山市","town":"城山"}],"0906":[{"pref":"京都府","city":"福知山市","town":"新宮"}],"0926":[{"pref":"京都府","city":"福知山市","town":"新庄"}],"0054":[{"pref":"京都府","city":"福知山市","town":"末広町"}],"0956":[{"pref":"京都府","city":"福知山市","town":"額塚"}],"0849":[{"pref":"京都府","city":"福知山市","town":"砂子町"}],"0989":[{"pref":"京都府","city":"福知山市","town":"住所大山"}],"0806":[{"pref":"京都府","city":"福知山市","town":"聖佳町"}],"0952":[{"pref":"京都府","city":"福知山市","town":"大門"}],"0854":[{"pref":"京都府","city":"福知山市","town":"高畑"}],"0914":[{"pref":"京都府","city":"福知山市","town":"立原"}],"0837":[{"pref":"京都府","city":"福知山市","town":"田野"}],"0965":[{"pref":"京都府","city":"福知山市","town":"樽水"}],"0905":[{"pref":"京都府","city":"福知山市","town":"田和"}],"0973":[{"pref":"京都府","city":"福知山市","town":"談"}],"0073":[{"pref":"京都府","city":"福知山市","town":"勅使"}],"0966":[{"pref":"京都府","city":"福知山市","town":"辻"}],"0808":[{"pref":"京都府","city":"福知山市","town":"土"}],"0949":[{"pref":"京都府","city":"福知山市","town":"つつじケ丘"}],"0021":[{"pref":"京都府","city":"福知山市","town":"寺"}],"0844":[{"pref":"京都府","city":"福知山市","town":"多保市"}],"0801":[{"pref":"京都府","city":"福知山市","town":"戸田"}],"0951":[{"pref":"京都府","city":"福知山市","town":"十三丘"}],"0057":[{"pref":"京都府","city":"福知山市","town":"問屋町"}],"0035":[{"pref":"京都府","city":"福知山市","town":"内記"}],"0014":[{"pref":"京都府","city":"福知山市","town":"中"}],"0213":[{"pref":"京都府","city":"福知山市","town":"長尾"}],"0817":[{"pref":"京都府","city":"福知山市","town":"中坂町"}],"0909":[{"pref":"京都府","city":"福知山市","town":"中佐々木"}],"0834":[{"pref":"京都府","city":"福知山市","town":"中地"}],"0036":[{"pref":"京都府","city":"福知山市","town":"中ノ町"}],"0815":[{"pref":"京都府","city":"福知山市","town":"長山町"}],"0865":[{"pref":"京都府","city":"福知山市","town":"西佳屋野町"}],"0886":[{"pref":"京都府","city":"福知山市","town":"西小谷ケ丘"}],"0038":[{"pref":"京都府","city":"福知山市","town":"西中ノ町"}],"0025":[{"pref":"京都府","city":"福知山市","town":"西長町"}],"0814":[{"pref":"京都府","city":"福知山市","town":"西平野町"}],"0053":[{"pref":"京都府","city":"福知山市","town":"西本町"}],"0039":[{"pref":"京都府","city":"福知山市","town":"西町"}],"0888":[{"pref":"京都府","city":"福知山市","town":"野家"}],"0983":[{"pref":"京都府","city":"福知山市","town":"野笹"}],"0917":[{"pref":"京都府","city":"福知山市","town":"野花"}],"0955":[{"pref":"京都府","city":"福知山市","town":"拝師"}],"0075":[{"pref":"京都府","city":"福知山市","town":"波江"}],"0822":[{"pref":"京都府","city":"福知山市","town":"萩原"}],"0011":[{"pref":"京都府","city":"福知山市","town":"筈巻"}],"0857":[{"pref":"京都府","city":"福知山市","town":"土師"}],"0855":[{"pref":"京都府","city":"福知山市","town":"土師（新町）"}],"0856":[{"pref":"京都府","city":"福知山市","town":"土師（宮町）"}],"0967":[{"pref":"京都府","city":"福知山市","town":"畑中"}],"0954":[{"pref":"京都府","city":"福知山市","town":"半田"}],"0892":[{"pref":"京都府","city":"福知山市","town":"東岡町"}],"0862":[{"pref":"京都府","city":"福知山市","town":"東佳屋野町"}],"0887":[{"pref":"京都府","city":"福知山市","town":"東小谷ケ丘"}],"0037":[{"pref":"京都府","city":"福知山市","town":"東中ノ町"}],"0024":[{"pref":"京都府","city":"福知山市","town":"東長町"}],"0807":[{"pref":"京都府","city":"福知山市","town":"東野町"}],"0812":[{"pref":"京都府","city":"福知山市","town":"東平野町"}],"0882":[{"pref":"京都府","city":"福知山市","town":"東堀"}],"0047":[{"pref":"京都府","city":"福知山市","town":"東本町"}],"0023":[{"pref":"京都府","city":"福知山市","town":"菱屋"}],"0903":[{"pref":"京都府","city":"福知山市","town":"日尾"}],"0878":[{"pref":"京都府","city":"福知山市","town":"日吉ケ丘"}],"0945":[{"pref":"京都府","city":"福知山市","town":"広峯町"}],"0974":[{"pref":"京都府","city":"福知山市","town":"法用"}],"0002":[{"pref":"京都府","city":"福知山市","town":"報恩寺"}],"0874":[{"pref":"京都府","city":"福知山市","town":"堀口"}],"0824":[{"pref":"京都府","city":"福知山市","town":"堀越"}],"0923":[{"pref":"京都府","city":"福知山市","town":"本庄"}],"0883":[{"pref":"京都府","city":"福知山市","town":"本堀"}],"0867":[{"pref":"京都府","city":"福知山市","town":"前田"}],"0866":[{"pref":"京都府","city":"福知山市","town":"前田新町"}],"0913":[{"pref":"京都府","city":"福知山市","town":"牧"}],"0894":[{"pref":"京都府","city":"福知山市","town":"丸田ケ丘"}],"0876":[{"pref":"京都府","city":"福知山市","town":"水内"}],"0895":[{"pref":"京都府","city":"福知山市","town":"緑ケ丘町"}],"0946":[{"pref":"京都府","city":"福知山市","town":"南天田町"}],"0944":[{"pref":"京都府","city":"福知山市","town":"南岡町"}],"0864":[{"pref":"京都府","city":"福知山市","town":"南佳屋野町"}],"0885":[{"pref":"京都府","city":"福知山市","town":"南小谷ケ丘"}],"0044":[{"pref":"京都府","city":"福知山市","town":"南栄町"}],"0805":[{"pref":"京都府","city":"福知山市","town":"南土野町"}],"0813":[{"pref":"京都府","city":"福知山市","town":"南平野町"}],"0046":[{"pref":"京都府","city":"福知山市","town":"南本町"}],"0884":[{"pref":"京都府","city":"福知山市","town":"南本堀"}],"0821":[{"pref":"京都府","city":"福知山市","town":"三俣"}],"0833":[{"pref":"京都府","city":"福知山市","town":"宮"}],"0986":[{"pref":"京都府","city":"福知山市","town":"宮垣"}],"0935":[{"pref":"京都府","city":"福知山市","town":"向野"}],"0916":[{"pref":"京都府","city":"福知山市","town":"六十内"}],"0937":[{"pref":"京都府","city":"福知山市","town":"室"}],"0877":[{"pref":"京都府","city":"福知山市","town":"森垣"}],"0012":[{"pref":"京都府","city":"福知山市","town":"安井"}],"0957":[{"pref":"京都府","city":"福知山市","town":"山崎"}],"0001":[{"pref":"京都府","city":"福知山市","town":"山野口"}],"0062":[{"pref":"京都府","city":"福知山市","town":"和久市町"}],"0927":[{"pref":"京都府","city":"福知山市","town":"和久寺"}]}