{"0000":[{"pref":"兵庫県","city":"神戸市長田区","town":"以下に掲載がない場合"}],"0824":[{"pref":"兵庫県","city":"神戸市長田区","town":"池田上町"}],"0823":[{"pref":"兵庫県","city":"神戸市長田区","town":"池田経町"}],"0826":[{"pref":"兵庫県","city":"神戸市長田区","town":"池田塩町"}],"0825":[{"pref":"兵庫県","city":"神戸市長田区","town":"池田新町"}],"0864":[{"pref":"兵庫県","city":"神戸市長田区","town":"池田惣町"}],"0822":[{"pref":"兵庫県","city":"神戸市長田区","town":"池田寺町"}],"0814":[{"pref":"兵庫県","city":"神戸市長田区","town":"池田広町"}],"0865":[{"pref":"兵庫県","city":"神戸市長田区","town":"池田宮町"}],"0821":[{"pref":"兵庫県","city":"神戸市長田区","town":"池田谷町"}],"0013":[{"pref":"兵庫県","city":"神戸市長田区","town":"一番町"}],"0878":[{"pref":"兵庫県","city":"神戸市長田区","town":"一里山町"}],"0871":[{"pref":"兵庫県","city":"神戸市長田区","town":"鶯町"}],"0036":[{"pref":"兵庫県","city":"神戸市長田区","town":"腕塚町"}],"0021":[{"pref":"兵庫県","city":"神戸市長田区","town":"梅ケ香町"}],"0838":[{"pref":"兵庫県","city":"神戸市長田区","town":"大谷町"}],"0811":[{"pref":"兵庫県","city":"神戸市長田区","town":"大塚町"}],"0037":[{"pref":"兵庫県","city":"神戸市長田区","town":"大橋町"}],"0833":[{"pref":"兵庫県","city":"神戸市長田区","town":"大道通"}],"0802":[{"pref":"兵庫県","city":"神戸市長田区","town":"重池町"}],"0843":[{"pref":"兵庫県","city":"神戸市長田区","town":"御屋敷通"}],"0052":[{"pref":"兵庫県","city":"神戸市長田区","town":"海運町"}],"0836":[{"pref":"兵庫県","city":"神戸市長田区","town":"神楽町"}],"0805":[{"pref":"兵庫県","city":"神戸市長田区","town":"片山町"}],"0827":[{"pref":"兵庫県","city":"神戸市長田区","town":"上池田"}],"0033":[{"pref":"兵庫県","city":"神戸市長田区","town":"苅藻島町"}],"0032":[{"pref":"兵庫県","city":"神戸市長田区","town":"苅藻通"}],"0834":[{"pref":"兵庫県","city":"神戸市長田区","town":"川西通"}],"0016":[{"pref":"兵庫県","city":"神戸市長田区","town":"北町"}],"0041":[{"pref":"兵庫県","city":"神戸市長田区","town":"久保町"}],"0888":[{"pref":"兵庫県","city":"神戸市長田区","town":"源平町"}],"0851":[{"pref":"兵庫県","city":"神戸市長田区","town":"五位ノ池町"}],"0867":[{"pref":"兵庫県","city":"神戸市長田区","town":"高東町"}],"0003":[{"pref":"兵庫県","city":"神戸市長田区","town":"五番町"}],"0034":[{"pref":"兵庫県","city":"神戸市長田区","town":"駒栄町"}],"0043":[{"pref":"兵庫県","city":"神戸市長田区","town":"駒ケ林町"}],"0045":[{"pref":"兵庫県","city":"神戸市長田区","town":"駒ケ林南町"}],"0011":[{"pref":"兵庫県","city":"神戸市長田区","town":"三番町"}],"0877":[{"pref":"兵庫県","city":"神戸市長田区","town":"鹿松町"}],"0035":[{"pref":"兵庫県","city":"神戸市長田区","town":"庄田町"}],"0853":[{"pref":"兵庫県","city":"神戸市長田区","town":"庄山町"}],"0015":[{"pref":"兵庫県","city":"神戸市長田区","town":"菅原通"}],"0806":[{"pref":"兵庫県","city":"神戸市長田区","town":"大丸町"}],"0856":[{"pref":"兵庫県","city":"神戸市長田区","town":"高取山町"}],"0881":[{"pref":"兵庫県","city":"神戸市長田区","town":"滝谷町"}],"0872":[{"pref":"兵庫県","city":"神戸市長田区","town":"大日丘町"}],"0866":[{"pref":"兵庫県","city":"神戸市長田区","town":"長者町"}],"0804":[{"pref":"兵庫県","city":"神戸市長田区","town":"寺池町"}],"0845":[{"pref":"兵庫県","city":"神戸市長田区","town":"戸崎通"}],"0855":[{"pref":"兵庫県","city":"神戸市長田区","town":"長尾町"}],"0812":[{"pref":"兵庫県","city":"神戸市長田区","town":"長田町"}],"0882":[{"pref":"兵庫県","city":"神戸市長田区","town":"長田天神町"}],"0054":[{"pref":"兵庫県","city":"神戸市長田区","town":"長楽町"}],"0883":[{"pref":"兵庫県","city":"神戸市長田区","town":"名倉町"}],"0001":[{"pref":"兵庫県","city":"神戸市長田区","town":"七番町"}],"0055":[{"pref":"兵庫県","city":"神戸市長田区","town":"浪松町"}],"0031":[{"pref":"兵庫県","city":"神戸市長田区","town":"西尻池町"}],"0844":[{"pref":"兵庫県","city":"神戸市長田区","town":"西代通"}],"0874":[{"pref":"兵庫県","city":"神戸市長田区","town":"西丸山町"}],"0862":[{"pref":"兵庫県","city":"神戸市長田区","town":"西山町"}],"0012":[{"pref":"兵庫県","city":"神戸市長田区","town":"二番町"}],"0051":[{"pref":"兵庫県","city":"神戸市長田区","town":"野田町"}],"0873":[{"pref":"兵庫県","city":"神戸市長田区","town":"萩乃町"}],"0837":[{"pref":"兵庫県","city":"神戸市長田区","town":"蓮池町"}],"0831":[{"pref":"兵庫県","city":"神戸市長田区","town":"蓮宮通"}],"0876":[{"pref":"兵庫県","city":"神戸市長田区","town":"花山町"}],"0024":[{"pref":"兵庫県","city":"神戸市長田区","town":"浜添通"}],"0861":[{"pref":"兵庫県","city":"神戸市長田区","town":"林山町"}],"0887":[{"pref":"兵庫県","city":"神戸市長田区","town":"檜川町"}],"0023":[{"pref":"兵庫県","city":"神戸市長田区","town":"東尻池新町"}],"0022":[{"pref":"兵庫県","city":"神戸市長田区","town":"東尻池町"}],"0886":[{"pref":"兵庫県","city":"神戸市長田区","town":"東丸山町"}],"0879":[{"pref":"兵庫県","city":"神戸市長田区","town":"雲雀ケ丘"}],"0039":[{"pref":"兵庫県","city":"神戸市長田区","town":"日吉町"}],"0042":[{"pref":"兵庫県","city":"神戸市長田区","town":"二葉町"}],"0854":[{"pref":"兵庫県","city":"神戸市長田区","town":"平和台町"}],"0801":[{"pref":"兵庫県","city":"神戸市長田区","town":"房王寺町"}],"0835":[{"pref":"兵庫県","city":"神戸市長田区","town":"細田町"}],"0885":[{"pref":"兵庫県","city":"神戸市長田区","town":"堀切町"}],"0053":[{"pref":"兵庫県","city":"神戸市長田区","town":"本庄町"}],"0803":[{"pref":"兵庫県","city":"神戸市長田区","town":"前原町"}],"0841":[{"pref":"兵庫県","city":"神戸市長田区","town":"松野通"}],"0025":[{"pref":"兵庫県","city":"神戸市長田区","town":"真野町"}],"0875":[{"pref":"兵庫県","city":"神戸市長田区","town":"丸山町"}],"0014":[{"pref":"兵庫県","city":"神戸市長田区","town":"御蔵通"}],"0842":[{"pref":"兵庫県","city":"神戸市長田区","town":"水笠通"}],"0044":[{"pref":"兵庫県","city":"神戸市長田区","town":"南駒栄町"}],"0832":[{"pref":"兵庫県","city":"神戸市長田区","town":"御船通"}],"0863":[{"pref":"兵庫県","city":"神戸市長田区","town":"宮丘町"}],"0813":[{"pref":"兵庫県","city":"神戸市長田区","town":"宮川町"}],"0884":[{"pref":"兵庫県","city":"神戸市長田区","town":"明泉寺町"}],"0852":[{"pref":"兵庫県","city":"神戸市長田区","town":"山下町"}],"0004":[{"pref":"兵庫県","city":"神戸市長田区","town":"四番町"}],"0002":[{"pref":"兵庫県","city":"神戸市長田区","town":"六番町"}],"0038":[{"pref":"兵庫県","city":"神戸市長田区","town":"若松町"}]}