{"1121":[{"pref":"山形県","city":"米沢市","town":"万世町刈安"}],"1122":[{"pref":"山形県","city":"米沢市","town":"万世町梓山"}],"1123":[{"pref":"山形県","city":"米沢市","town":"万世町桑山"}],"1124":[{"pref":"山形県","city":"米沢市","town":"万世町金谷"}],"1125":[{"pref":"山形県","city":"米沢市","town":"万世町片子"}],"1126":[{"pref":"山形県","city":"米沢市","town":"万世町堂森"}],"1127":[{"pref":"山形県","city":"米沢市","town":"万世町牛森"}],"1128":[{"pref":"山形県","city":"米沢市","town":"八幡原"}],"1201":[{"pref":"山形県","city":"米沢市","town":"万世町立沢"}],"1202":[{"pref":"山形県","city":"米沢市","town":"三沢"}],"1203":[{"pref":"山形県","city":"米沢市","town":"大沢（大沢、笠松）"}],"1204":[{"pref":"山形県","city":"米沢市","town":"大小屋"}],"1205":[{"pref":"山形県","city":"米沢市","town":"関根"}],"1206":[{"pref":"山形県","city":"米沢市","town":"赤崩（その他）"}],"1303":[{"pref":"山形県","city":"米沢市","town":"大沢（その他）"}],"1331":[{"pref":"山形県","city":"米沢市","town":"板谷"}],"1406":[{"pref":"山形県","city":"米沢市","town":"赤崩（山王浦）"}],"1441":[{"pref":"山形県","city":"米沢市","town":"笹野町"}],"1442":[{"pref":"山形県","city":"米沢市","town":"芳泉町"}],"1443":[{"pref":"山形県","city":"米沢市","town":"笹野"}],"1444":[{"pref":"山形県","city":"米沢市","town":"諸仏町"}],"1445":[{"pref":"山形県","city":"米沢市","town":"笹野本町"}],"1446":[{"pref":"山形県","city":"米沢市","town":"直江石堤"}],"1451":[{"pref":"山形県","city":"米沢市","town":"南原笹野町"}],"1452":[{"pref":"山形県","city":"米沢市","town":"南原横堀町"}],"1453":[{"pref":"山形県","city":"米沢市","town":"南原石垣町"}],"1454":[{"pref":"山形県","city":"米沢市","town":"南原新町"}],"1455":[{"pref":"山形県","city":"米沢市","town":"南原猪苗代町"}],"1461":[{"pref":"山形県","city":"米沢市","town":"李山"}],"1462":[{"pref":"山形県","city":"米沢市","town":"大平"}],"1471":[{"pref":"山形県","city":"米沢市","town":"立石"}],"1472":[{"pref":"山形県","city":"米沢市","town":"関"}],"1473":[{"pref":"山形県","city":"米沢市","town":"関町"}],"1474":[{"pref":"山形県","city":"米沢市","town":"綱木"}],"1581":[{"pref":"山形県","city":"米沢市","town":"口田沢"}],"1582":[{"pref":"山形県","city":"米沢市","town":"神原"}],"1583":[{"pref":"山形県","city":"米沢市","town":"入田沢"}],"0000":[{"pref":"山形県","city":"米沢市","town":"以下に掲載がない場合"}],"0032":[{"pref":"山形県","city":"米沢市","town":"相生町"}],"0075":[{"pref":"山形県","city":"米沢市","town":"赤芝町"}],"0112":[{"pref":"山形県","city":"米沢市","town":"浅川"}],"0115":[{"pref":"山形県","city":"米沢市","town":"梓川"}],"0034":[{"pref":"山形県","city":"米沢市","town":"吾妻町"}],"0119":[{"pref":"山形県","city":"米沢市","town":"アルカディア"}],"0063":[{"pref":"山形県","city":"米沢市","town":"泉町"}],"0027":[{"pref":"山形県","city":"米沢市","town":"駅前"}],"0035":[{"pref":"山形県","city":"米沢市","town":"太田町"}],"0031":[{"pref":"山形県","city":"米沢市","town":"大町"}],"0076":[{"pref":"山形県","city":"米沢市","town":"小野川町"}],"0014":[{"pref":"山形県","city":"米沢市","town":"鍛冶町"}],"0044":[{"pref":"山形県","city":"米沢市","town":"春日"}],"0012":[{"pref":"山形県","city":"米沢市","town":"金池"}],"0118":[{"pref":"山形県","city":"米沢市","town":"上新田"}],"0117":[{"pref":"山形県","city":"米沢市","town":"川井"}],"0016":[{"pref":"山形県","city":"米沢市","town":"川井小路"}],"0058":[{"pref":"山形県","city":"米沢市","town":"木場町"}],"0114":[{"pref":"山形県","city":"米沢市","town":"木和田"}],"0003":[{"pref":"山形県","city":"米沢市","town":"窪田町窪田"}],"0004":[{"pref":"山形県","city":"米沢市","town":"窪田町小瀬"}],"0001":[{"pref":"山形県","city":"米沢市","town":"窪田町東江股"}],"0005":[{"pref":"山形県","city":"米沢市","town":"窪田町藤泉"}],"0002":[{"pref":"山形県","city":"米沢市","town":"窪田町矢野目"}],"0055":[{"pref":"山形県","city":"米沢市","town":"御廟"}],"0013":[{"pref":"山形県","city":"米沢市","town":"栄町"}],"0017":[{"pref":"山形県","city":"米沢市","town":"桜木町"}],"0042":[{"pref":"山形県","city":"米沢市","town":"塩井町塩野"}],"0041":[{"pref":"山形県","city":"米沢市","town":"塩井町宮井"}],"0043":[{"pref":"山形県","city":"米沢市","town":"塩野"}],"0046":[{"pref":"山形県","city":"米沢市","town":"信夫町"}],"0081":[{"pref":"山形県","city":"米沢市","town":"下小菅"}],"0111":[{"pref":"山形県","city":"米沢市","town":"下新田"}],"0023":[{"pref":"山形県","city":"米沢市","town":"下花沢"}],"0054":[{"pref":"山形県","city":"米沢市","town":"城西"}],"0038":[{"pref":"山形県","city":"米沢市","town":"城南"}],"0051":[{"pref":"山形県","city":"米沢市","town":"城北"}],"0064":[{"pref":"山形県","city":"米沢市","town":"杉の目町"}],"0116":[{"pref":"山形県","city":"米沢市","town":"竹井"}],"0015":[{"pref":"山形県","city":"米沢市","town":"立町"}],"0072":[{"pref":"山形県","city":"米沢市","town":"舘山"}],"0071":[{"pref":"山形県","city":"米沢市","town":"舘山矢子町"}],"0045":[{"pref":"山形県","city":"米沢市","town":"中央"}],"0066":[{"pref":"山形県","city":"米沢市","town":"遠山町"}],"0025":[{"pref":"山形県","city":"米沢市","town":"通町"}],"0047":[{"pref":"山形県","city":"米沢市","town":"徳町"}],"0056":[{"pref":"山形県","city":"米沢市","town":"直江町"}],"0011":[{"pref":"山形県","city":"米沢市","town":"中田町"}],"0113":[{"pref":"山形県","city":"米沢市","town":"長手"}],"0057":[{"pref":"山形県","city":"米沢市","town":"成島町"}],"0059":[{"pref":"山形県","city":"米沢市","town":"西大通"}],"0021":[{"pref":"山形県","city":"米沢市","town":"花沢"}],"0022":[{"pref":"山形県","city":"米沢市","town":"花沢町"}],"0026":[{"pref":"山形県","city":"米沢市","town":"東"}],"0024":[{"pref":"山形県","city":"米沢市","town":"東大通"}],"0087":[{"pref":"山形県","city":"米沢市","town":"広幡町大沢"}],"0085":[{"pref":"山形県","city":"米沢市","town":"広幡町沖仲"}],"0082":[{"pref":"山形県","city":"米沢市","town":"広幡町小山田"}],"0084":[{"pref":"山形県","city":"米沢市","town":"広幡町上小菅"}],"0086":[{"pref":"山形県","city":"米沢市","town":"広幡町京塚"}],"0083":[{"pref":"山形県","city":"米沢市","town":"広幡町成島"}],"0073":[{"pref":"山形県","city":"米沢市","town":"吹屋敷町"}],"0036":[{"pref":"山形県","city":"米沢市","town":"福田"}],"0033":[{"pref":"山形県","city":"米沢市","town":"福田町"}],"0065":[{"pref":"山形県","city":"米沢市","town":"古志田町"}],"0061":[{"pref":"山形県","city":"米沢市","town":"堀川町"}],"0037":[{"pref":"山形県","city":"米沢市","town":"本町"}],"0053":[{"pref":"山形県","city":"米沢市","town":"松が岬"}],"0052":[{"pref":"山形県","city":"米沢市","town":"丸の内"}],"0039":[{"pref":"山形県","city":"米沢市","town":"門東町"}],"0077":[{"pref":"山形県","city":"米沢市","town":"簗沢"}],"0074":[{"pref":"山形県","city":"米沢市","town":"矢来"}],"0062":[{"pref":"山形県","city":"米沢市","town":"林泉寺"}],"0091":[{"pref":"山形県","city":"米沢市","town":"六郷町桐原"}],"0094":[{"pref":"山形県","city":"米沢市","town":"六郷町轟"}],"0096":[{"pref":"山形県","city":"米沢市","town":"六郷町長橋"}],"0092":[{"pref":"山形県","city":"米沢市","town":"六郷町西江股"}],"0093":[{"pref":"山形県","city":"米沢市","town":"六郷町西藤泉"}],"0095":[{"pref":"山形県","city":"米沢市","town":"六郷町一漆"}],"0473":[{"pref":"山形県","city":"南陽市","town":"池黒"}],"0474":[{"pref":"山形県","city":"南陽市","town":"漆山"}],"0582":[{"pref":"山形県","city":"南陽市","town":"荻"}],"0471":[{"pref":"山形県","city":"南陽市","town":"金山"}],"0581":[{"pref":"山形県","city":"南陽市","town":"小滝"}],"0583":[{"pref":"山形県","city":"南陽市","town":"下荻"}],"0476":[{"pref":"山形県","city":"南陽市","town":"砂塚"}],"0478":[{"pref":"山形県","city":"南陽市","town":"竹原"}],"0584":[{"pref":"山形県","city":"南陽市","town":"太郎"}],"0475":[{"pref":"山形県","city":"南陽市","town":"羽付"}],"0472":[{"pref":"山形県","city":"南陽市","town":"宮内"}],"0477":[{"pref":"山形県","city":"南陽市","town":"梨郷"}],"0479":[{"pref":"山形県","city":"南陽市","town":"和田"}],"0300":[{"pref":"山形県","city":"東置賜郡高畠町","town":"以下に掲載がない場合"}],"0332":[{"pref":"山形県","city":"東置賜郡高畠町","town":"相森"}],"0302":[{"pref":"山形県","city":"東置賜郡高畠町","town":"安久津"}],"0315":[{"pref":"山形県","city":"東置賜郡高畠町","town":"泉岡"}],"0334":[{"pref":"山形県","city":"東置賜郡高畠町","town":"一本柳"}],"0324":[{"pref":"山形県","city":"東置賜郡高畠町","town":"入生田"}],"0333":[{"pref":"山形県","city":"東置賜郡高畠町","town":"柏木目"}],"0311":[{"pref":"山形県","city":"東置賜郡高畠町","town":"金原"}],"0261":[{"pref":"山形県","city":"東置賜郡高畠町","town":"上和田"}],"0321":[{"pref":"山形県","city":"東置賜郡高畠町","town":"亀岡"}],"0335":[{"pref":"山形県","city":"東置賜郡高畠町","town":"川沼"}],"0313":[{"pref":"山形県","city":"東置賜郡高畠町","town":"高安"}],"0312":[{"pref":"山形県","city":"東置賜郡高畠町","town":"小郡山"}],"0265":[{"pref":"山形県","city":"東置賜郡高畠町","town":"佐沢"}],"0331":[{"pref":"山形県","city":"東置賜郡高畠町","town":"三条目"}],"0314":[{"pref":"山形県","city":"東置賜郡高畠町","town":"塩森"}],"0263":[{"pref":"山形県","city":"東置賜郡高畠町","town":"下和田"}],"0351":[{"pref":"山形県","city":"東置賜郡高畠町","town":"高畠"}],"0342":[{"pref":"山形県","city":"東置賜郡高畠町","town":"竹森"}],"0323":[{"pref":"山形県","city":"東置賜郡高畠町","town":"露藤"}],"0341":[{"pref":"山形県","city":"東置賜郡高畠町","town":"時沢"}],"0352":[{"pref":"山形県","city":"東置賜郡高畠町","town":"中里"}],"0322":[{"pref":"山形県","city":"東置賜郡高畠町","town":"中島"}],"0301":[{"pref":"山形県","city":"東置賜郡高畠町","town":"二井宿"}],"0343":[{"pref":"山形県","city":"東置賜郡高畠町","town":"根岸"}],"0264":[{"pref":"山形県","city":"東置賜郡高畠町","town":"馬頭"}],"0344":[{"pref":"山形県","city":"東置賜郡高畠町","town":"深沼"}],"0325":[{"pref":"山形県","city":"東置賜郡高畠町","town":"船橋"}],"0262":[{"pref":"山形県","city":"東置賜郡高畠町","town":"元和田"}],"0602":[{"pref":"山形県","city":"東置賜郡川西町","town":"大塚"}],"0601":[{"pref":"山形県","city":"東置賜郡川西町","town":"西大塚"}],"0603":[{"pref":"山形県","city":"東置賜郡川西町","town":"東大塚"}],"0800":[{"pref":"山形県","city":"西置賜郡白鷹町","town":"以下に掲載がない場合"}],"0852":[{"pref":"山形県","city":"西置賜郡白鷹町","town":"浅立"}],"0771":[{"pref":"山形県","city":"西置賜郡白鷹町","town":"鮎貝"}],"0831":[{"pref":"山形県","city":"西置賜郡白鷹町","town":"荒砥甲"}],"0832":[{"pref":"山形県","city":"西置賜郡白鷹町","town":"荒砥乙"}],"0861":[{"pref":"山形県","city":"西置賜郡白鷹町","town":"大瀬"}],"0775":[{"pref":"山形県","city":"西置賜郡白鷹町","town":"黒鴨"}],"0841":[{"pref":"山形県","city":"西置賜郡白鷹町","town":"畔藤"}],"0864":[{"pref":"山形県","city":"西置賜郡白鷹町","town":"佐野原"}],"0862":[{"pref":"山形県","city":"西置賜郡白鷹町","town":"下山"}],"0821":[{"pref":"山形県","city":"西置賜郡白鷹町","town":"十王"}],"0863":[{"pref":"山形県","city":"西置賜郡白鷹町","town":"菖蒲"}],"0778":[{"pref":"山形県","city":"西置賜郡白鷹町","town":"高岡"}],"0773":[{"pref":"山形県","city":"西置賜郡白鷹町","town":"高玉"}],"0812":[{"pref":"山形県","city":"西置賜郡白鷹町","town":"滝野"}],"0777":[{"pref":"山形県","city":"西置賜郡白鷹町","town":"栃窪"}],"0802":[{"pref":"山形県","city":"西置賜郡白鷹町","town":"中山"}],"0811":[{"pref":"山形県","city":"西置賜郡白鷹町","town":"萩野"}],"0801":[{"pref":"山形県","city":"西置賜郡白鷹町","town":"針生"}],"0851":[{"pref":"山形県","city":"西置賜郡白鷹町","town":"広野"}],"0779":[{"pref":"山形県","city":"西置賜郡白鷹町","town":"箕和田"}],"0776":[{"pref":"山形県","city":"西置賜郡白鷹町","town":"深山"}],"0774":[{"pref":"山形県","city":"西置賜郡白鷹町","town":"山口"}],"0772":[{"pref":"山形県","city":"西置賜郡白鷹町","town":"横田尻"}]}