{"0851":[{"pref":"東京都","city":"足立区","town":"梅田"}],"0873":[{"pref":"東京都","city":"足立区","town":"扇"}],"0844":[{"pref":"東京都","city":"足立区","town":"興野"}],"0861":[{"pref":"東京都","city":"足立区","town":"加賀"}],"0842":[{"pref":"東京都","city":"足立区","town":"栗原"}],"0872":[{"pref":"東京都","city":"足立区","town":"江北"}],"0862":[{"pref":"東京都","city":"足立区","town":"皿沼"}],"0864":[{"pref":"東京都","city":"足立区","town":"鹿浜"}],"0865":[{"pref":"東京都","city":"足立区","town":"新田"}],"0852":[{"pref":"東京都","city":"足立区","town":"関原"}],"0871":[{"pref":"東京都","city":"足立区","town":"椿"}],"0841":[{"pref":"東京都","city":"足立区","town":"西新井"}],"0843":[{"pref":"東京都","city":"足立区","town":"西新井栄町"}],"0845":[{"pref":"東京都","city":"足立区","town":"西新井本町"}],"0874":[{"pref":"東京都","city":"足立区","town":"堀之内"}],"0853":[{"pref":"東京都","city":"足立区","town":"本木"}],"0854":[{"pref":"東京都","city":"足立区","town":"本木東町"}],"0856":[{"pref":"東京都","city":"足立区","town":"本木西町"}],"0855":[{"pref":"東京都","city":"足立区","town":"本木南町"}],"0857":[{"pref":"東京都","city":"足立区","town":"本木北町"}],"0863":[{"pref":"東京都","city":"足立区","town":"谷在家"}]}