{"0000":[{"pref":"奈良県","city":"生駒郡平群町","town":"以下に掲載がない場合"},{"pref":"奈良県","city":"生駒郡三郷町","town":"以下に掲載がない場合"},{"pref":"奈良県","city":"北葛城郡王寺町","town":"以下に掲載がない場合"},{"pref":"奈良県","city":"北葛城郡河合町","town":"以下に掲載がない場合"}],"0944":[{"pref":"奈良県","city":"生駒郡平群町","town":"櫟原"}],"0915":[{"pref":"奈良県","city":"生駒郡平群町","town":"春日丘"}],"0905":[{"pref":"奈良県","city":"生駒郡平群町","town":"上庄"}],"0906":[{"pref":"奈良県","city":"生駒郡平群町","town":"菊美台"}],"0913":[{"pref":"奈良県","city":"生駒郡平群町","town":"北信貴ケ丘"}],"0924":[{"pref":"奈良県","city":"生駒郡平群町","town":"久安寺"}],"0925":[{"pref":"奈良県","city":"生駒郡平群町","town":"越木塚"}],"0923":[{"pref":"奈良県","city":"生駒郡平群町","town":"信貴山"}],"0922":[{"pref":"奈良県","city":"生駒郡平群町","town":"信貴畑"}],"0901":[{"pref":"奈良県","city":"生駒郡平群町","town":"椣原"}],"0933":[{"pref":"奈良県","city":"生駒郡平群町","town":"下垣内"}],"0902":[{"pref":"奈良県","city":"生駒郡平群町","town":"白石畑"}],"0912":[{"pref":"奈良県","city":"生駒郡平群町","town":"竜田川"}],"0911":[{"pref":"奈良県","city":"生駒郡平群町","town":"椿井"}],"0943":[{"pref":"奈良県","city":"生駒郡平群町","town":"椿台"}],"0931":[{"pref":"奈良県","city":"生駒郡平群町","town":"梨本"}],"0945":[{"pref":"奈良県","city":"生駒郡平群町","town":"鳴川"}],"0914":[{"pref":"奈良県","city":"生駒郡平群町","town":"西宮"}],"0942":[{"pref":"奈良県","city":"生駒郡平群町","town":"西向"}],"0934":[{"pref":"奈良県","city":"生駒郡平群町","town":"初香台"}],"0935":[{"pref":"奈良県","city":"生駒郡平群町","town":"光ケ丘"}],"0903":[{"pref":"奈良県","city":"生駒郡平群町","town":"平等寺"}],"0936":[{"pref":"奈良県","city":"生駒郡平群町","town":"福貴"}],"0937":[{"pref":"奈良県","city":"生駒郡平群町","town":"福貴畑"}],"0921":[{"pref":"奈良県","city":"生駒郡平群町","town":"椹原"}],"0904":[{"pref":"奈良県","city":"生駒郡平群町","town":"三里"}],"0941":[{"pref":"奈良県","city":"生駒郡平群町","town":"緑ケ丘"}],"0932":[{"pref":"奈良県","city":"生駒郡平群町","town":"吉新"}],"0916":[{"pref":"奈良県","city":"生駒郡平群町","town":"若井"}],"0938":[{"pref":"奈良県","city":"生駒郡平群町","town":"若葉台"}],"0813":[{"pref":"奈良県","city":"生駒郡三郷町","town":"信貴ケ丘"}],"0831":[{"pref":"奈良県","city":"生駒郡三郷町","town":"信貴山東"}],"0832":[{"pref":"奈良県","city":"生駒郡三郷町","town":"信貴山西"}],"0833":[{"pref":"奈良県","city":"生駒郡三郷町","town":"信貴南畑"}],"0824":[{"pref":"奈良県","city":"生駒郡三郷町","town":"城山台"}],"0814":[{"pref":"奈良県","city":"生駒郡三郷町","town":"勢野"}],"0815":[{"pref":"奈良県","city":"生駒郡三郷町","town":"勢野北"}],"0811":[{"pref":"奈良県","city":"生駒郡三郷町","town":"勢野東"}],"0812":[{"pref":"奈良県","city":"生駒郡三郷町","town":"勢野西"}],"0823":[{"pref":"奈良県","city":"生駒郡三郷町","town":"立野"}],"0822":[{"pref":"奈良県","city":"生駒郡三郷町","town":"立野南"}],"0821":[{"pref":"奈良県","city":"生駒郡三郷町","town":"立野北"}],"0803":[{"pref":"奈良県","city":"生駒郡三郷町","town":"東信貴ケ丘"}],"0834":[{"pref":"奈良県","city":"生駒郡三郷町","town":"南畑"}],"0805":[{"pref":"奈良県","city":"生駒郡三郷町","town":"美松ケ丘東"}],"0804":[{"pref":"奈良県","city":"生駒郡三郷町","town":"美松ケ丘西"}],"0802":[{"pref":"奈良県","city":"生駒郡三郷町","town":"三室"}],"0801":[{"pref":"奈良県","city":"生駒郡三郷町","town":"夕陽ケ丘"}],"0100":[{"pref":"奈良県","city":"生駒郡斑鳩町","town":"以下に掲載がない場合"}],"0122":[{"pref":"奈良県","city":"生駒郡斑鳩町","town":"阿波"}],"0124":[{"pref":"奈良県","city":"生駒郡斑鳩町","town":"五百井"}],"0144":[{"pref":"奈良県","city":"生駒郡斑鳩町","town":"稲葉西"}],"0141":[{"pref":"奈良県","city":"生駒郡斑鳩町","town":"稲葉車瀬"}],"0102":[{"pref":"奈良県","city":"生駒郡斑鳩町","town":"岡本"}],"0123":[{"pref":"奈良県","city":"生駒郡斑鳩町","town":"興留"}],"0121":[{"pref":"奈良県","city":"生駒郡斑鳩町","town":"興留東"}],"0103":[{"pref":"奈良県","city":"生駒郡斑鳩町","town":"幸前"}],"0142":[{"pref":"奈良県","city":"生駒郡斑鳩町","town":"小吉田"}],"0143":[{"pref":"奈良県","city":"生駒郡斑鳩町","town":"神南"}],"0104":[{"pref":"奈良県","city":"生駒郡斑鳩町","town":"高安"}],"0106":[{"pref":"奈良県","city":"生駒郡斑鳩町","town":"高安西"}],"0152":[{"pref":"奈良県","city":"生駒郡斑鳩町","town":"龍田"}],"0154":[{"pref":"奈良県","city":"生駒郡斑鳩町","town":"龍田西"}],"0153":[{"pref":"奈良県","city":"生駒郡斑鳩町","town":"龍田南"}],"0151":[{"pref":"奈良県","city":"生駒郡斑鳩町","town":"龍田北"}],"0105":[{"pref":"奈良県","city":"生駒郡斑鳩町","town":"東福寺"}],"0131":[{"pref":"奈良県","city":"生駒郡斑鳩町","town":"服部"}],"0116":[{"pref":"奈良県","city":"生駒郡斑鳩町","town":"法隆寺"}],"0115":[{"pref":"奈良県","city":"生駒郡斑鳩町","town":"法隆寺山内"}],"0112":[{"pref":"奈良県","city":"生駒郡斑鳩町","town":"法隆寺東"}],"0114":[{"pref":"奈良県","city":"生駒郡斑鳩町","town":"法隆寺西"}],"0113":[{"pref":"奈良県","city":"生駒郡斑鳩町","town":"法隆寺南"}],"0111":[{"pref":"奈良県","city":"生駒郡斑鳩町","town":"法隆寺北"}],"0101":[{"pref":"奈良県","city":"生駒郡斑鳩町","town":"三井"}],"0132":[{"pref":"奈良県","city":"生駒郡斑鳩町","town":"目安"}],"0133":[{"pref":"奈良県","city":"生駒郡斑鳩町","town":"目安北"}],"0300":[{"pref":"奈良県","city":"磯城郡川西町","town":"以下に掲載がない場合"},{"pref":"奈良県","city":"磯城郡三宅町","town":"以下に掲載がない場合"},{"pref":"奈良県","city":"磯城郡田原本町","town":"以下に掲載がない場合"}],"0203":[{"pref":"奈良県","city":"磯城郡川西町","town":"梅戸"}],"0201":[{"pref":"奈良県","city":"磯城郡川西町","town":"下永"}],"0204":[{"pref":"奈良県","city":"磯城郡川西町","town":"唐院"}],"0206":[{"pref":"奈良県","city":"磯城郡川西町","town":"吐田"}],"0205":[{"pref":"奈良県","city":"磯城郡川西町","town":"保田"}],"0202":[{"pref":"奈良県","city":"磯城郡川西町","town":"結崎"}],"0212":[{"pref":"奈良県","city":"磯城郡三宅町","town":"石見"}],"0216":[{"pref":"奈良県","city":"磯城郡三宅町","town":"小柳"}],"0215":[{"pref":"奈良県","city":"磯城郡三宅町","town":"上但馬"}],"0214":[{"pref":"奈良県","city":"磯城郡三宅町","town":"但馬"}],"0213":[{"pref":"奈良県","city":"磯城郡三宅町","town":"伴堂"}],"0217":[{"pref":"奈良県","city":"磯城郡三宅町","town":"屏風"}],"0211":[{"pref":"奈良県","city":"磯城郡三宅町","town":"三河"}],"0313":[{"pref":"奈良県","city":"磯城郡田原本町","town":"旭町"}],"0245":[{"pref":"奈良県","city":"磯城郡田原本町","town":"味間"}],"0329":[{"pref":"奈良県","city":"磯城郡田原本町","town":"味間町"}],"0332":[{"pref":"奈良県","city":"磯城郡田原本町","town":"市町"}],"0224":[{"pref":"奈良県","city":"磯城郡田原本町","town":"今里"}],"0243":[{"pref":"奈良県","city":"磯城郡田原本町","town":"伊与戸"}],"0331":[{"pref":"奈良県","city":"磯城郡田原本町","town":"魚町"}],"0314":[{"pref":"奈良県","city":"磯城郡田原本町","town":"戎通"}],"0345":[{"pref":"奈良県","city":"磯城郡田原本町","town":"多"}],"0353":[{"pref":"奈良県","city":"磯城郡田原本町","town":"大網"}],"0242":[{"pref":"奈良県","city":"磯城郡田原本町","town":"大木"}],"0223":[{"pref":"奈良県","city":"磯城郡田原本町","town":"鍵"}],"0322":[{"pref":"奈良県","city":"磯城郡田原本町","town":"郭内"}],"0244":[{"pref":"奈良県","city":"磯城郡田原本町","town":"笠形"}],"0232":[{"pref":"奈良県","city":"磯城郡田原本町","town":"金沢"}],"0226":[{"pref":"奈良県","city":"磯城郡田原本町","town":"唐古"}],"0333":[{"pref":"奈良県","city":"磯城郡田原本町","town":"祗園町"}],"0234":[{"pref":"奈良県","city":"磯城郡田原本町","town":"蔵堂"}],"0301":[{"pref":"奈良県","city":"磯城郡田原本町","town":"黒田"}],"0237":[{"pref":"奈良県","city":"磯城郡田原本町","town":"小阪"}],"0339":[{"pref":"奈良県","city":"磯城郡田原本町","town":"小室"}],"0352":[{"pref":"奈良県","city":"磯城郡田原本町","town":"金剛寺"}],"0328":[{"pref":"奈良県","city":"磯城郡田原本町","town":"材木町"}],"0315":[{"pref":"奈良県","city":"磯城郡田原本町","town":"幸町"}],"0327":[{"pref":"奈良県","city":"磯城郡田原本町","town":"堺町"}],"0247":[{"pref":"奈良県","city":"磯城郡田原本町","town":"阪手"}],"0355":[{"pref":"奈良県","city":"磯城郡田原本町","town":"佐味"}],"0304":[{"pref":"奈良県","city":"磯城郡田原本町","town":"十六面"}],"0326":[{"pref":"奈良県","city":"磯城郡田原本町","town":"新地"}],"0312":[{"pref":"奈良県","city":"磯城郡田原本町","town":"新町"}],"0233":[{"pref":"奈良県","city":"磯城郡田原本町","town":"為川南方"}],"0231":[{"pref":"奈良県","city":"磯城郡田原本町","town":"為川北方"}],"0248":[{"pref":"奈良県","city":"磯城郡田原本町","town":"大安寺"}],"0336":[{"pref":"奈良県","city":"磯城郡田原本町","town":"大門中"}],"0335":[{"pref":"奈良県","city":"磯城郡田原本町","town":"大門東"}],"0337":[{"pref":"奈良県","city":"磯城郡田原本町","town":"大門西"}],"0246":[{"pref":"奈良県","city":"磯城郡田原本町","town":"千代"}],"0338":[{"pref":"奈良県","city":"磯城郡田原本町","town":"茶町"}],"0317":[{"pref":"奈良県","city":"磯城郡田原本町","town":"殿町"}],"0307":[{"pref":"奈良県","city":"磯城郡田原本町","town":"富本"}],"0347":[{"pref":"奈良県","city":"磯城郡田原本町","town":"新木"}],"0236":[{"pref":"奈良県","city":"磯城郡田原本町","town":"西井上"}],"0306":[{"pref":"奈良県","city":"磯城郡田原本町","town":"西竹田"}],"0225":[{"pref":"奈良県","city":"磯城郡田原本町","town":"西代"}],"0323":[{"pref":"奈良県","city":"磯城郡田原本町","town":"根太口"}],"0343":[{"pref":"奈良県","city":"磯城郡田原本町","town":"秦庄"}],"0221":[{"pref":"奈良県","city":"磯城郡田原本町","town":"八田"}],"0235":[{"pref":"奈良県","city":"磯城郡田原本町","town":"東井上"}],"0241":[{"pref":"奈良県","city":"磯城郡田原本町","town":"平田"}],"0305":[{"pref":"奈良県","city":"磯城郡田原本町","town":"平野"}],"0222":[{"pref":"奈良県","city":"磯城郡田原本町","town":"法貴寺"}],"0303":[{"pref":"奈良県","city":"磯城郡田原本町","town":"保津"}],"0334":[{"pref":"奈良県","city":"磯城郡田原本町","town":"本町"}],"0351":[{"pref":"奈良県","city":"磯城郡田原本町","town":"松本"}],"0354":[{"pref":"奈良県","city":"磯城郡田原本町","town":"満田"}],"0342":[{"pref":"奈良県","city":"磯城郡田原本町","town":"三笠"}],"0325":[{"pref":"奈良県","city":"磯城郡田原本町","town":"南町"}],"0302":[{"pref":"奈良県","city":"磯城郡田原本町","town":"宮古"}],"0344":[{"pref":"奈良県","city":"磯城郡田原本町","town":"宮森"}],"0324":[{"pref":"奈良県","city":"磯城郡田原本町","town":"三輪町"}],"0316":[{"pref":"奈良県","city":"磯城郡田原本町","town":"室町"}],"0311":[{"pref":"奈良県","city":"磯城郡田原本町","town":"八尾"}],"0341":[{"pref":"奈良県","city":"磯城郡田原本町","town":"薬王寺"}],"0321":[{"pref":"奈良県","city":"磯城郡田原本町","town":"八幡町"}],"0346":[{"pref":"奈良県","city":"磯城郡田原本町","town":"矢部"}],"0002":[{"pref":"奈良県","city":"北葛城郡王寺町","town":"王寺"}],"0011":[{"pref":"奈良県","city":"北葛城郡王寺町","town":"葛下"}],"0003":[{"pref":"奈良県","city":"北葛城郡王寺町","town":"久度"}],"0023":[{"pref":"奈良県","city":"北葛城郡王寺町","town":"太子"}],"0021":[{"pref":"奈良県","city":"北葛城郡王寺町","town":"畠田"}],"0014":[{"pref":"奈良県","city":"北葛城郡王寺町","town":"藤井"}],"0001":[{"pref":"奈良県","city":"北葛城郡王寺町","town":"舟戸"}],"0012":[{"pref":"奈良県","city":"北葛城郡王寺町","town":"本町"}],"0015":[{"pref":"奈良県","city":"北葛城郡王寺町","town":"南元町"}],"0022":[{"pref":"奈良県","city":"北葛城郡王寺町","town":"明神"}],"0013":[{"pref":"奈良県","city":"北葛城郡王寺町","town":"元町"}],"0053":[{"pref":"奈良県","city":"北葛城郡河合町","town":"池部"}],"0091":[{"pref":"奈良県","city":"北葛城郡河合町","town":"泉台"}],"0057":[{"pref":"奈良県","city":"北葛城郡河合町","town":"彩りの杜"}],"0093":[{"pref":"奈良県","city":"北葛城郡河合町","town":"大輪田"}],"0051":[{"pref":"奈良県","city":"北葛城郡河合町","town":"川合"}],"0082":[{"pref":"奈良県","city":"北葛城郡河合町","town":"薬井"}],"0063":[{"pref":"奈良県","city":"北葛城郡河合町","town":"久美ケ丘"}],"0062":[{"pref":"奈良県","city":"北葛城郡河合町","town":"佐味田"}],"0092":[{"pref":"奈良県","city":"北葛城郡河合町","town":"城内"}],"0081":[{"pref":"奈良県","city":"北葛城郡河合町","town":"星和台"}],"0071":[{"pref":"奈良県","city":"北葛城郡河合町","town":"高塚台"}],"0052":[{"pref":"奈良県","city":"北葛城郡河合町","town":"長楽"}],"0072":[{"pref":"奈良県","city":"北葛城郡河合町","town":"中山台"}],"0054":[{"pref":"奈良県","city":"北葛城郡河合町","town":"穴闇"}],"0055":[{"pref":"奈良県","city":"北葛城郡河合町","town":"西穴闇"}],"0056":[{"pref":"奈良県","city":"北葛城郡河合町","town":"西山台"}],"0073":[{"pref":"奈良県","city":"北葛城郡河合町","town":"広瀬台"}],"0061":[{"pref":"奈良県","city":"北葛城郡河合町","town":"山坊"}]}