{"1211":[{"pref":"秋田県","city":"由利本荘市","town":"岩城滝俣"}],"1212":[{"pref":"秋田県","city":"由利本荘市","town":"岩城福俣"}],"1213":[{"pref":"秋田県","city":"由利本荘市","town":"岩城泉田"}],"1214":[{"pref":"秋田県","city":"由利本荘市","town":"岩城富田"}],"1215":[{"pref":"秋田県","city":"由利本荘市","town":"岩城赤平"}],"1216":[{"pref":"秋田県","city":"由利本荘市","town":"岩城亀田愛宕町"}],"1217":[{"pref":"秋田県","city":"由利本荘市","town":"岩城亀田亀田町"}],"1218":[{"pref":"秋田県","city":"由利本荘市","town":"岩城亀田大町"}],"1221":[{"pref":"秋田県","city":"由利本荘市","town":"岩城亀田最上町"}],"1222":[{"pref":"秋田県","city":"由利本荘市","town":"岩城上蛇田"}],"1223":[{"pref":"秋田県","city":"由利本荘市","town":"岩城下蛇田"}],"1224":[{"pref":"秋田県","city":"由利本荘市","town":"岩城六呂田"}],"1225":[{"pref":"秋田県","city":"由利本荘市","town":"岩城上黒川"}],"1226":[{"pref":"秋田県","city":"由利本荘市","town":"岩城下黒川"}],"1301":[{"pref":"秋田県","city":"由利本荘市","town":"岩城内道川"}],"1302":[{"pref":"秋田県","city":"由利本荘市","town":"岩城勝手"}],"1303":[{"pref":"秋田県","city":"由利本荘市","town":"岩城君ケ野"}],"1304":[{"pref":"秋田県","city":"由利本荘市","town":"岩城道川"}],"1305":[{"pref":"秋田県","city":"由利本荘市","town":"岩城二古"}],"1400":[{"pref":"秋田県","city":"潟上市","town":"以下に掲載がない場合"}],"1401":[{"pref":"秋田県","city":"潟上市","town":"昭和大久保"}],"1402":[{"pref":"秋田県","city":"潟上市","town":"昭和乱橋"}],"1403":[{"pref":"秋田県","city":"潟上市","town":"昭和八丁目"}],"1411":[{"pref":"秋田県","city":"潟上市","town":"昭和豊川上虻川"}],"1412":[{"pref":"秋田県","city":"潟上市","town":"昭和豊川岡井戸"}],"1413":[{"pref":"秋田県","city":"潟上市","town":"昭和豊川船橋"}],"1414":[{"pref":"秋田県","city":"潟上市","town":"昭和豊川槻木"}],"1415":[{"pref":"秋田県","city":"潟上市","town":"昭和豊川竜毛"}],"1416":[{"pref":"秋田県","city":"潟上市","town":"昭和豊川山田"}],"1500":[{"pref":"秋田県","city":"南秋田郡井川町","town":"以下に掲載がない場合"}],"1501":[{"pref":"秋田県","city":"潟上市","town":"飯田川金山"}],"1502":[{"pref":"秋田県","city":"潟上市","town":"飯田川下虻川"}],"1503":[{"pref":"秋田県","city":"潟上市","town":"飯田川和田妹川"}],"1504":[{"pref":"秋田県","city":"潟上市","town":"飯田川飯塚"}],"1511":[{"pref":"秋田県","city":"南秋田郡井川町","town":"今戸"}],"1512":[{"pref":"秋田県","city":"南秋田郡井川町","town":"北川尻"}],"1513":[{"pref":"秋田県","city":"南秋田郡井川町","town":"黒坪"}],"1514":[{"pref":"秋田県","city":"南秋田郡井川町","town":"宇治木"}],"1515":[{"pref":"秋田県","city":"南秋田郡井川町","town":"小竹花"}],"1516":[{"pref":"秋田県","city":"南秋田郡井川町","town":"浜井川"}],"1521":[{"pref":"秋田県","city":"南秋田郡井川町","town":"八田大倉"}],"1522":[{"pref":"秋田県","city":"南秋田郡井川町","town":"保野子"}],"1523":[{"pref":"秋田県","city":"南秋田郡井川町","town":"坂本"}],"1524":[{"pref":"秋田県","city":"南秋田郡井川町","town":"大麦"}],"1525":[{"pref":"秋田県","city":"南秋田郡井川町","town":"赤沢"}],"1526":[{"pref":"秋田県","city":"南秋田郡井川町","town":"寺沢"}],"1527":[{"pref":"秋田県","city":"南秋田郡井川町","town":"井内"}],"1528":[{"pref":"秋田県","city":"南秋田郡井川町","town":"葹田"}],"1600":[{"pref":"秋田県","city":"南秋田郡八郎潟町","town":"以下に掲載がない場合"}],"1601":[{"pref":"秋田県","city":"南秋田郡八郎潟町","town":"真坂"}],"1602":[{"pref":"秋田県","city":"南秋田郡八郎潟町","town":"浦大町"}],"1603":[{"pref":"秋田県","city":"南秋田郡八郎潟町","town":"小池"}],"1604":[{"pref":"秋田県","city":"南秋田郡八郎潟町","town":"野田"}],"1605":[{"pref":"秋田県","city":"南秋田郡八郎潟町","town":"川崎"}],"1606":[{"pref":"秋田県","city":"南秋田郡八郎潟町","town":"夜叉袋"}],"1611":[{"pref":"秋田県","city":"南秋田郡八郎潟町","town":"上沖谷地"}],"1612":[{"pref":"秋田県","city":"南秋田郡八郎潟町","town":"昼根下"}],"1613":[{"pref":"秋田県","city":"南秋田郡八郎潟町","town":"上昼根"}],"1614":[{"pref":"秋田県","city":"南秋田郡八郎潟町","town":"中田"}],"1615":[{"pref":"秋田県","city":"南秋田郡八郎潟町","town":"蒲沼"}],"1616":[{"pref":"秋田県","city":"南秋田郡八郎潟町","town":"大道"}],"1617":[{"pref":"秋田県","city":"南秋田郡八郎潟町","town":"イカリ"}],"1618":[{"pref":"秋田県","city":"南秋田郡八郎潟町","town":"川口"}],"1621":[{"pref":"秋田県","city":"南秋田郡八郎潟町","town":"家の後"}],"1622":[{"pref":"秋田県","city":"南秋田郡八郎潟町","town":"一日市"}],"1623":[{"pref":"秋田県","city":"南秋田郡八郎潟町","town":"下川原"}],"1624":[{"pref":"秋田県","city":"南秋田郡八郎潟町","town":"中久保"}],"1625":[{"pref":"秋田県","city":"南秋田郡八郎潟町","town":"久保見"}],"1626":[{"pref":"秋田県","city":"南秋田郡八郎潟町","town":"細川"}],"1627":[{"pref":"秋田県","city":"南秋田郡八郎潟町","town":"押切"}],"1628":[{"pref":"秋田県","city":"南秋田郡八郎潟町","town":"島ノ内"}],"1629":[{"pref":"秋田県","city":"南秋田郡八郎潟町","town":"中嶋"}],"1631":[{"pref":"秋田県","city":"南秋田郡八郎潟町","town":"八幡沼"}],"1632":[{"pref":"秋田県","city":"南秋田郡八郎潟町","town":"長沼"}],"1633":[{"pref":"秋田県","city":"南秋田郡八郎潟町","town":"中谷地"}],"1634":[{"pref":"秋田県","city":"南秋田郡八郎潟町","town":"軒嶋"}],"1635":[{"pref":"秋田県","city":"南秋田郡八郎潟町","town":"洲先"}],"1700":[{"pref":"秋田県","city":"南秋田郡五城目町","town":"以下に掲載がない場合"}],"1701":[{"pref":"秋田県","city":"南秋田郡五城目町","town":"兎品沢"}],"1702":[{"pref":"秋田県","city":"南秋田郡五城目町","town":"杉ケ崎"}],"1703":[{"pref":"秋田県","city":"南秋田郡五城目町","town":"羽黒前"}],"1704":[{"pref":"秋田県","city":"南秋田郡五城目町","town":"石田六ケ村堰添"}],"1705":[{"pref":"秋田県","city":"南秋田郡五城目町","town":"上町"}],"1706":[{"pref":"秋田県","city":"南秋田郡五城目町","town":"下タ町"}],"1711":[{"pref":"秋田県","city":"南秋田郡五城目町","town":"高崎"}],"1712":[{"pref":"秋田県","city":"南秋田郡五城目町","town":"久保"}],"1713":[{"pref":"秋田県","city":"南秋田郡五城目町","town":"馬場目"}],"1714":[{"pref":"秋田県","city":"南秋田郡五城目町","town":"舘越"}],"1721":[{"pref":"秋田県","city":"南秋田郡五城目町","town":"七倉"}],"1722":[{"pref":"秋田県","city":"南秋田郡五城目町","town":"鵜ノ木"}],"1723":[{"pref":"秋田県","city":"南秋田郡五城目町","town":"上樋口"}],"1724":[{"pref":"秋田県","city":"南秋田郡五城目町","town":"東磯ノ目"}],"1725":[{"pref":"秋田県","city":"南秋田郡五城目町","town":"西磯ノ目"}],"1731":[{"pref":"秋田県","city":"南秋田郡五城目町","town":"大川石崎"}],"1732":[{"pref":"秋田県","city":"南秋田郡五城目町","town":"大川西野"}],"1733":[{"pref":"秋田県","city":"南秋田郡五城目町","town":"大川谷地中"}],"1734":[{"pref":"秋田県","city":"南秋田郡五城目町","town":"大川大川"}],"1735":[{"pref":"秋田県","city":"南秋田郡五城目町","town":"大川下樋口"}],"1741":[{"pref":"秋田県","city":"南秋田郡五城目町","town":"浦大町"}],"1742":[{"pref":"秋田県","city":"南秋田郡五城目町","town":"浦横町"}],"1743":[{"pref":"秋田県","city":"南秋田郡五城目町","town":"稲荷前"}],"1744":[{"pref":"秋田県","city":"南秋田郡五城目町","town":"神明前"}],"1745":[{"pref":"秋田県","city":"南秋田郡五城目町","town":"川崎"}],"1746":[{"pref":"秋田県","city":"南秋田郡五城目町","town":"小池"}],"1747":[{"pref":"秋田県","city":"南秋田郡五城目町","town":"野田"}],"1851":[{"pref":"秋田県","city":"南秋田郡五城目町","town":"内川浅見内"}],"1852":[{"pref":"秋田県","city":"南秋田郡五城目町","town":"内川湯ノ又"}],"1853":[{"pref":"秋田県","city":"南秋田郡五城目町","town":"富津内中津又"}],"1854":[{"pref":"秋田県","city":"南秋田郡五城目町","town":"内川黒土"}],"1855":[{"pref":"秋田県","city":"南秋田郡五城目町","town":"富津内富田"}],"1856":[{"pref":"秋田県","city":"南秋田郡五城目町","town":"富津内下山内"}],"1857":[{"pref":"秋田県","city":"南秋田郡五城目町","town":"内川小倉"}],"2101":[{"pref":"秋田県","city":"山本郡三種町","town":"上岩川"}],"2102":[{"pref":"秋田県","city":"山本郡三種町","town":"天瀬川"}],"2103":[{"pref":"秋田県","city":"山本郡三種町","town":"鯉川"}],"2104":[{"pref":"秋田県","city":"山本郡三種町","town":"鹿渡"}],"2301":[{"pref":"秋田県","city":"山本郡三種町","town":"志戸橋"}],"2302":[{"pref":"秋田県","city":"山本郡三種町","town":"下岩川"}],"2303":[{"pref":"秋田県","city":"山本郡三種町","town":"森岳"}],"2304":[{"pref":"秋田県","city":"山本郡三種町","town":"豊岡金田"}],"2305":[{"pref":"秋田県","city":"山本郡三種町","town":"外岡"}],"2400":[{"pref":"秋田県","city":"山本郡三種町","town":"以下に掲載がない場合"}],"2401":[{"pref":"秋田県","city":"山本郡三種町","town":"鵜川"}],"2402":[{"pref":"秋田県","city":"山本郡三種町","town":"川尻"}],"2403":[{"pref":"秋田県","city":"山本郡三種町","town":"久米岡新田"}],"2404":[{"pref":"秋田県","city":"山本郡三種町","town":"富岡新田"}],"2405":[{"pref":"秋田県","city":"山本郡三種町","town":"芦崎"}],"2406":[{"pref":"秋田県","city":"山本郡三種町","town":"大口"}],"2407":[{"pref":"秋田県","city":"山本郡三種町","town":"浜田"}],"2500":[{"pref":"秋田県","city":"山本郡八峰町","town":"以下に掲載がない場合"}],"2501":[{"pref":"秋田県","city":"山本郡八峰町","town":"峰浜水沢"}],"2502":[{"pref":"秋田県","city":"山本郡八峰町","town":"峰浜目名潟"}],"2503":[{"pref":"秋田県","city":"山本郡八峰町","town":"峰浜塙"}],"2504":[{"pref":"秋田県","city":"山本郡八峰町","town":"峰浜石川"}],"2505":[{"pref":"秋田県","city":"山本郡八峰町","town":"峰浜内荒巻"}],"2506":[{"pref":"秋田県","city":"山本郡八峰町","town":"峰浜小手萩"}],"2507":[{"pref":"秋田県","city":"山本郡八峰町","town":"峰浜田中"}],"2508":[{"pref":"秋田県","city":"山本郡八峰町","town":"峰浜坂形"}],"2509":[{"pref":"秋田県","city":"山本郡八峰町","town":"峰浜沼田"}],"2511":[{"pref":"秋田県","city":"山本郡八峰町","town":"峰浜高野々"}],"2512":[{"pref":"秋田県","city":"山本郡八峰町","town":"峰浜畑谷"}],"2601":[{"pref":"秋田県","city":"山本郡八峰町","town":"八森乙の水"}],"2602":[{"pref":"秋田県","city":"山本郡八峰町","town":"八森チゴキ"}],"2603":[{"pref":"秋田県","city":"山本郡八峰町","town":"八森物見"}],"2604":[{"pref":"秋田県","city":"山本郡八峰町","town":"八森和田表"}],"2605":[{"pref":"秋田県","city":"山本郡八峰町","town":"八森岩館塚の台"}],"2606":[{"pref":"秋田県","city":"山本郡八峰町","town":"八森釜の上"}],"2607":[{"pref":"秋田県","city":"山本郡八峰町","town":"八森林の沢"}],"2608":[{"pref":"秋田県","city":"山本郡八峰町","town":"八森岩館向台"}],"2609":[{"pref":"秋田県","city":"山本郡八峰町","town":"八森門の沢"}],"2611":[{"pref":"秋田県","city":"山本郡八峰町","town":"八森岩館"}],"2612":[{"pref":"秋田県","city":"山本郡八峰町","town":"八森ノケソリ"}],"2613":[{"pref":"秋田県","city":"山本郡八峰町","town":"八森鉱山"}],"2614":[{"pref":"秋田県","city":"山本郡八峰町","town":"八森小入川家の上"}],"2615":[{"pref":"秋田県","city":"山本郡八峰町","town":"八森伊勢鉢台"}],"2616":[{"pref":"秋田県","city":"山本郡八峰町","town":"八森三沢"}],"2617":[{"pref":"秋田県","city":"山本郡八峰町","town":"八森御所の台"}],"2618":[{"pref":"秋田県","city":"山本郡八峰町","town":"八森木戸の沢"}],"2619":[{"pref":"秋田県","city":"山本郡八峰町","town":"八森長坂"}],"2621":[{"pref":"秋田県","city":"山本郡八峰町","town":"八森茶の沢"}],"2622":[{"pref":"秋田県","city":"山本郡八峰町","town":"八森家の向"}],"2623":[{"pref":"秋田県","city":"山本郡八峰町","town":"八森滝ノ間"}],"2624":[{"pref":"秋田県","city":"山本郡八峰町","town":"八森横間台"}],"2625":[{"pref":"秋田県","city":"山本郡八峰町","town":"八森山内台"}],"2626":[{"pref":"秋田県","city":"山本郡八峰町","town":"八森横間"}],"2627":[{"pref":"秋田県","city":"山本郡八峰町","town":"八森山内"}],"2628":[{"pref":"秋田県","city":"山本郡八峰町","town":"八森立石"}],"2631":[{"pref":"秋田県","city":"山本郡八峰町","town":"八森五輪台下段"}],"2632":[{"pref":"秋田県","city":"山本郡八峰町","town":"八森三十釜"}],"2633":[{"pref":"秋田県","city":"山本郡八峰町","town":"八森五輪台上段"}],"2634":[{"pref":"秋田県","city":"山本郡八峰町","town":"八森滝の上"}],"2635":[{"pref":"秋田県","city":"山本郡八峰町","town":"八森下嘉治助台"}],"2636":[{"pref":"秋田県","city":"山本郡八峰町","town":"八森上嘉治助台"}],"2637":[{"pref":"秋田県","city":"山本郡八峰町","town":"八森家の後"}],"2638":[{"pref":"秋田県","city":"山本郡八峰町","town":"八森茂浦"}],"2641":[{"pref":"秋田県","city":"山本郡八峰町","town":"八森中浜"}],"2642":[{"pref":"秋田県","city":"山本郡八峰町","town":"八森椿"}],"2643":[{"pref":"秋田県","city":"山本郡八峰町","town":"八森家の上"}],"2644":[{"pref":"秋田県","city":"山本郡八峰町","town":"八森椿台"}],"2645":[{"pref":"秋田県","city":"山本郡八峰町","town":"八森中嶋"}],"2646":[{"pref":"秋田県","city":"山本郡八峰町","town":"八森塚の台"}],"2647":[{"pref":"秋田県","city":"山本郡八峰町","town":"八森鹿の浦"}],"2648":[{"pref":"秋田県","city":"山本郡八峰町","town":"八森泊台"}],"2651":[{"pref":"秋田県","city":"山本郡八峰町","town":"八森下館下"}],"2652":[{"pref":"秋田県","city":"山本郡八峰町","town":"八森本館中台"}],"2653":[{"pref":"秋田県","city":"山本郡八峰町","town":"八森倉の沢"}],"2654":[{"pref":"秋田県","city":"山本郡八峰町","town":"八森諸沢口"}],"2655":[{"pref":"秋田県","city":"山本郡八峰町","town":"八森本館"}],"2656":[{"pref":"秋田県","city":"山本郡八峰町","town":"八森諸沢下脇"}],"2661":[{"pref":"秋田県","city":"山本郡八峰町","town":"八森浜田"}],"2662":[{"pref":"秋田県","city":"山本郡八峰町","town":"八森新浜田"}],"2663":[{"pref":"秋田県","city":"山本郡八峰町","town":"八森樋長"}],"2664":[{"pref":"秋田県","city":"山本郡八峰町","town":"八森古屋敷"}],"2665":[{"pref":"秋田県","city":"山本郡八峰町","town":"八森寺の後川向"}],"2666":[{"pref":"秋田県","city":"山本郡八峰町","town":"八森寺の後"}],"2667":[{"pref":"秋田県","city":"山本郡八峰町","town":"八森八森家後"}],"2671":[{"pref":"秋田県","city":"山本郡八峰町","town":"八森湯の尻"}],"2672":[{"pref":"秋田県","city":"山本郡八峰町","town":"八森下家後"}],"2673":[{"pref":"秋田県","city":"山本郡八峰町","town":"八森中家後"}],"2674":[{"pref":"秋田県","city":"山本郡八峰町","town":"八森上家後"}],"2675":[{"pref":"秋田県","city":"山本郡八峰町","town":"八森篭田"}],"2676":[{"pref":"秋田県","city":"山本郡八峰町","town":"八森磯村"}],"2677":[{"pref":"秋田県","city":"山本郡八峰町","town":"八森八森後"}],"2678":[{"pref":"秋田県","city":"山本郡八峰町","town":"八森八森"}],"2801":[{"pref":"秋田県","city":"能代市","town":"常盤"}],"2802":[{"pref":"秋田県","city":"能代市","town":"天内"}],"2803":[{"pref":"秋田県","city":"能代市","town":"外割田"}],"2804":[{"pref":"秋田県","city":"能代市","town":"槐"}],"2805":[{"pref":"秋田県","city":"能代市","town":"轟"}],"2806":[{"pref":"秋田県","city":"能代市","town":"久喜沢"}],"2811":[{"pref":"秋田県","city":"能代市","town":"産物"}],"2812":[{"pref":"秋田県","city":"能代市","town":"大曲"}],"2813":[{"pref":"秋田県","city":"能代市","town":"上悪土"}],"2814":[{"pref":"秋田県","city":"能代市","town":"狐森"}],"2815":[{"pref":"秋田県","city":"能代市","town":"東面"}],"3101":[{"pref":"秋田県","city":"能代市","town":"二ツ井町麻生"}],"3102":[{"pref":"秋田県","city":"能代市","town":"二ツ井町小繋"}],"3103":[{"pref":"秋田県","city":"能代市","town":"二ツ井町荷上場"}],"3104":[{"pref":"秋田県","city":"能代市","town":"二ツ井町沢口"}],"3105":[{"pref":"秋田県","city":"能代市","town":"二ツ井町上山崎"}],"3106":[{"pref":"秋田県","city":"能代市","town":"二ツ井町濁川"}],"3107":[{"pref":"秋田県","city":"能代市","town":"二ツ井町苅又石"}],"3111":[{"pref":"秋田県","city":"能代市","town":"二ツ井町田代"}],"3112":[{"pref":"秋田県","city":"能代市","town":"二ツ井町小掛"}],"3113":[{"pref":"秋田県","city":"能代市","town":"二ツ井町仁鮒"}],"3114":[{"pref":"秋田県","city":"能代市","town":"二ツ井町桜台"}],"3115":[{"pref":"秋田県","city":"能代市","town":"二ツ井町海道上"}],"3116":[{"pref":"秋田県","city":"能代市","town":"二ツ井町家後"}],"3117":[{"pref":"秋田県","city":"能代市","town":"二ツ井町塚台"}],"3118":[{"pref":"秋田県","city":"能代市","town":"二ツ井町上台"}],"3119":[{"pref":"秋田県","city":"能代市","town":"二ツ井町薄井"}],"3121":[{"pref":"秋田県","city":"能代市","town":"二ツ井町飛根（富根）"}],"3122":[{"pref":"秋田県","city":"能代市","town":"二ツ井町飛根（その他）"}],"3123":[{"pref":"秋田県","city":"能代市","town":"二ツ井町駒形"}],"3124":[{"pref":"秋田県","city":"能代市","town":"二ツ井町切石"}],"3125":[{"pref":"秋田県","city":"能代市","town":"二ツ井町茶屋下"}],"3126":[{"pref":"秋田県","city":"能代市","town":"二ツ井町狐台"}],"3127":[{"pref":"秋田県","city":"能代市","town":"二ツ井町稗川原"}],"3128":[{"pref":"秋田県","city":"能代市","town":"二ツ井町下稗柄"}],"3129":[{"pref":"秋田県","city":"能代市","town":"二ツ井町稗柄"}],"3131":[{"pref":"秋田県","city":"能代市","town":"二ツ井町梅内"}],"3132":[{"pref":"秋田県","city":"能代市","town":"二ツ井町種（その他）"}],"3133":[{"pref":"秋田県","city":"能代市","town":"二ツ井町種（竹原）"}],"3134":[{"pref":"秋田県","city":"能代市","town":"二ツ井町高関"}],"3135":[{"pref":"秋田県","city":"能代市","town":"二ツ井町山根"}],"3141":[{"pref":"秋田県","city":"能代市","town":"二ツ井町五千苅"}],"3142":[{"pref":"秋田県","city":"能代市","town":"二ツ井町上野"}],"3143":[{"pref":"秋田県","city":"能代市","town":"二ツ井町太田面"}],"3144":[{"pref":"秋田県","city":"能代市","town":"二ツ井町中坪"}],"3145":[{"pref":"秋田県","city":"能代市","town":"二ツ井町道上中坪"}],"3146":[{"pref":"秋田県","city":"能代市","town":"二ツ井町中坪道下"}],"3147":[{"pref":"秋田県","city":"能代市","town":"二ツ井町小槻木"}],"3148":[{"pref":"秋田県","city":"能代市","town":"二ツ井町槻ノ木"}],"3151":[{"pref":"秋田県","city":"能代市","town":"二ツ井町三千苅"}],"3152":[{"pref":"秋田県","city":"能代市","town":"二ツ井町下野家後"}],"3153":[{"pref":"秋田県","city":"能代市","town":"二ツ井町滑良子川端"}],"3154":[{"pref":"秋田県","city":"能代市","town":"二ツ井町町尻"}],"3155":[{"pref":"秋田県","city":"能代市","town":"二ツ井町比井野"}],"3156":[{"pref":"秋田県","city":"能代市","town":"二ツ井町下野川端"}],"3157":[{"pref":"秋田県","city":"能代市","town":"二ツ井町下野"}],"3200":[{"pref":"秋田県","city":"山本郡藤里町","town":"以下に掲載がない場合"}],"3201":[{"pref":"秋田県","city":"山本郡藤里町","town":"藤琴"}],"3202":[{"pref":"秋田県","city":"山本郡藤里町","town":"太良"}],"3203":[{"pref":"秋田県","city":"山本郡藤里町","town":"大沢"}],"3204":[{"pref":"秋田県","city":"山本郡藤里町","town":"矢坂"}],"3205":[{"pref":"秋田県","city":"山本郡藤里町","town":"粕毛"}],"3300":[{"pref":"秋田県","city":"北秋田市","town":"以下に掲載がない場合"}],"3301":[{"pref":"秋田県","city":"北秋田市","town":"綴子"}],"3302":[{"pref":"秋田県","city":"北秋田市","town":"栄"}],"3311":[{"pref":"秋田県","city":"北秋田市","town":"材木町"}],"3312":[{"pref":"秋田県","city":"北秋田市","town":"花園町"}],"3313":[{"pref":"秋田県","city":"北秋田市","town":"旭町"}],"3314":[{"pref":"秋田県","city":"北秋田市","town":"伊勢町"}],"3315":[{"pref":"秋田県","city":"北秋田市","town":"宮前町"}],"3316":[{"pref":"秋田県","city":"北秋田市","town":"東横町"}],"3321":[{"pref":"秋田県","city":"北秋田市","town":"松葉町"}],"3322":[{"pref":"秋田県","city":"北秋田市","town":"住吉町"}],"3323":[{"pref":"秋田県","city":"北秋田市","town":"米代町"}],"3324":[{"pref":"秋田県","city":"北秋田市","town":"大町"}],"3325":[{"pref":"秋田県","city":"北秋田市","town":"元町"}],"3331":[{"pref":"秋田県","city":"北秋田市","town":"鷹巣（その他）"}],"3332":[{"pref":"秋田県","city":"北秋田市","town":"鷹巣（平崎上岱）"}],"3333":[{"pref":"秋田県","city":"北秋田市","town":"坊沢"}],"3341":[{"pref":"秋田県","city":"北秋田市","town":"黒沢"}],"3342":[{"pref":"秋田県","city":"北秋田市","town":"前山"}],"3343":[{"pref":"秋田県","city":"北秋田市","town":"今泉"}],"3451":[{"pref":"秋田県","city":"北秋田市","town":"小森"}],"3452":[{"pref":"秋田県","city":"北秋田市","town":"七日市"}],"3453":[{"pref":"秋田県","city":"北秋田市","town":"中屋敷"}],"3454":[{"pref":"秋田県","city":"北秋田市","town":"脇神"}],"3501":[{"pref":"秋田県","city":"大館市","town":"岩瀬"}],"3502":[{"pref":"秋田県","city":"大館市","town":"山田"}],"3503":[{"pref":"秋田県","city":"大館市","town":"外川原"}],"3504":[{"pref":"秋田県","city":"大館市","town":"長坂"}],"3505":[{"pref":"秋田県","city":"大館市","town":"早口"}],"3506":[{"pref":"秋田県","city":"大館市","town":"山瀬"}],"4201":[{"pref":"秋田県","city":"北秋田市","town":"増沢"}],"4202":[{"pref":"秋田県","city":"北秋田市","town":"八幡岱新田"}],"4203":[{"pref":"秋田県","city":"北秋田市","town":"木戸石"}],"4211":[{"pref":"秋田県","city":"北秋田市","town":"川井"}],"4221":[{"pref":"秋田県","city":"北秋田市","town":"下杉"}],"4231":[{"pref":"秋田県","city":"北秋田市","town":"上杉"}],"4241":[{"pref":"秋田県","city":"北秋田市","town":"道城"}],"4251":[{"pref":"秋田県","city":"北秋田市","town":"鎌沢"}],"4261":[{"pref":"秋田県","city":"北秋田市","town":"芹沢"}],"4262":[{"pref":"秋田県","city":"北秋田市","town":"三里"}],"4263":[{"pref":"秋田県","city":"北秋田市","town":"三木田"}],"4271":[{"pref":"秋田県","city":"北秋田市","town":"福田"}],"4272":[{"pref":"秋田県","city":"北秋田市","town":"新田目"}],"4273":[{"pref":"秋田県","city":"北秋田市","town":"根田"}],"4281":[{"pref":"秋田県","city":"北秋田市","town":"羽根山"}],"4282":[{"pref":"秋田県","city":"北秋田市","town":"李岱"}],"4301":[{"pref":"秋田県","city":"北秋田市","town":"米内沢"}],"4302":[{"pref":"秋田県","city":"北秋田市","town":"浦田"}],"4303":[{"pref":"秋田県","city":"北秋田市","town":"本城"}],"4400":[{"pref":"秋田県","city":"北秋田郡上小阿仁村","town":"以下に掲載がない場合"}],"4401":[{"pref":"秋田県","city":"北秋田郡上小阿仁村","town":"沖田面"}],"4411":[{"pref":"秋田県","city":"北秋田郡上小阿仁村","town":"福舘"}],"4412":[{"pref":"秋田県","city":"北秋田郡上小阿仁村","town":"五反沢"}],"4413":[{"pref":"秋田県","city":"北秋田郡上小阿仁村","town":"杉花"}],"4421":[{"pref":"秋田県","city":"北秋田郡上小阿仁村","town":"小沢田"}],"4422":[{"pref":"秋田県","city":"北秋田郡上小阿仁村","town":"堂川"}],"4423":[{"pref":"秋田県","city":"北秋田郡上小阿仁村","town":"仏社"}],"4431":[{"pref":"秋田県","city":"北秋田郡上小阿仁村","town":"大林"}],"4432":[{"pref":"秋田県","city":"北秋田郡上小阿仁村","town":"南沢"}],"4511":[{"pref":"秋田県","city":"北秋田市","town":"森吉"}],"4512":[{"pref":"秋田県","city":"北秋田市","town":"根森田"}],"4513":[{"pref":"秋田県","city":"北秋田市","town":"小又"}],"4514":[{"pref":"秋田県","city":"北秋田市","town":"五味堀"}],"4515":[{"pref":"秋田県","city":"北秋田市","town":"阿仁前田"}],"4516":[{"pref":"秋田県","city":"北秋田市","town":"桂瀬"}],"4601":[{"pref":"秋田県","city":"北秋田市","town":"阿仁吉田"}],"4602":[{"pref":"秋田県","city":"北秋田市","town":"阿仁小渕"}],"4603":[{"pref":"秋田県","city":"北秋田市","town":"阿仁小様"}],"4604":[{"pref":"秋田県","city":"北秋田市","town":"阿仁三枚鉱山"}],"4611":[{"pref":"秋田県","city":"北秋田市","town":"阿仁水無"}],"4612":[{"pref":"秋田県","city":"北秋田市","town":"阿仁真木沢鉱山"}],"4613":[{"pref":"秋田県","city":"北秋田市","town":"阿仁銀山"}],"4621":[{"pref":"秋田県","city":"北秋田市","town":"阿仁荒瀬"}],"4622":[{"pref":"秋田県","city":"北秋田市","town":"阿仁小沢鉱山"}],"4623":[{"pref":"秋田県","city":"北秋田市","town":"阿仁荒瀬川櫃畑"}],"4624":[{"pref":"秋田県","city":"北秋田市","town":"阿仁鍵ノ滝"}],"4731":[{"pref":"秋田県","city":"北秋田市","town":"阿仁打当"}],"4732":[{"pref":"秋田県","city":"北秋田市","town":"阿仁中村"}],"4733":[{"pref":"秋田県","city":"北秋田市","town":"阿仁戸鳥内"}],"4734":[{"pref":"秋田県","city":"北秋田市","town":"阿仁長畑"}],"4735":[{"pref":"秋田県","city":"北秋田市","town":"阿仁比立内"}],"4741":[{"pref":"秋田県","city":"北秋田市","town":"阿仁幸屋"}],"4742":[{"pref":"秋田県","city":"北秋田市","town":"阿仁幸屋渡"}],"4743":[{"pref":"秋田県","city":"北秋田市","town":"阿仁笑内"}],"4744":[{"pref":"秋田県","city":"北秋田市","town":"阿仁根子"}],"4745":[{"pref":"秋田県","city":"北秋田市","town":"阿仁萱草"}],"4746":[{"pref":"秋田県","city":"北秋田市","town":"阿仁伏影"}],"5141":[{"pref":"秋田県","city":"鹿角市","town":"八幡平"}],"5200":[{"pref":"秋田県","city":"鹿角市","town":"以下に掲載がない場合"}],"5201":[{"pref":"秋田県","city":"鹿角市","town":"花輪"}],"5202":[{"pref":"秋田県","city":"鹿角市","town":"尾去沢"}],"5331":[{"pref":"秋田県","city":"鹿角市","town":"十和田山根"}],"5332":[{"pref":"秋田県","city":"鹿角市","town":"十和田上向"}],"5333":[{"pref":"秋田県","city":"鹿角市","town":"十和田岡田"}],"5334":[{"pref":"秋田県","city":"鹿角市","town":"十和田毛馬内"}],"5335":[{"pref":"秋田県","city":"鹿角市","town":"十和田瀬田石"}],"5336":[{"pref":"秋田県","city":"鹿角市","town":"十和田錦木"}],"5337":[{"pref":"秋田県","city":"鹿角市","town":"十和田末広"}],"5421":[{"pref":"秋田県","city":"鹿角市","town":"十和田大湯"}],"5422":[{"pref":"秋田県","city":"鹿角市","town":"十和田草木"}],"5501":[{"pref":"青森県","city":"十和田市","town":"奥瀬（青撫、小畳石、十和田、十和田湖畔宇樽部、十和田湖畔子ノ口、"},{"pref":"青森県","city":"十和田市","town":"十和田湖畔休屋）"}],"5511":[{"pref":"秋田県","city":"鹿角郡小坂町","town":"十和田湖"}],"5601":[{"pref":"秋田県","city":"大館市","town":"十二所"}],"5602":[{"pref":"秋田県","city":"大館市","town":"道目木"}],"5603":[{"pref":"秋田県","city":"大館市","town":"曲田"}],"5604":[{"pref":"秋田県","city":"大館市","town":"軽井沢"}],"5605":[{"pref":"秋田県","city":"大館市","town":"猿間"}],"5606":[{"pref":"秋田県","city":"大館市","town":"葛原"}],"5701":[{"pref":"秋田県","city":"大館市","town":"比内町扇田"}],"5711":[{"pref":"秋田県","city":"大館市","town":"比内町味噌内"}],"5712":[{"pref":"秋田県","city":"大館市","town":"比内町新館"}],"5721":[{"pref":"秋田県","city":"大館市","town":"比内町独鈷"}],"5722":[{"pref":"秋田県","city":"大館市","town":"比内町中野"}],"5731":[{"pref":"秋田県","city":"大館市","town":"比内町笹館"}],"5732":[{"pref":"秋田県","city":"大館市","town":"比内町谷地中"}],"5741":[{"pref":"秋田県","city":"大館市","town":"比内町達子"}],"5742":[{"pref":"秋田県","city":"大館市","town":"比内町白沢水沢"}],"5743":[{"pref":"秋田県","city":"大館市","town":"比内町小坪沢"}],"5744":[{"pref":"秋田県","city":"大館市","town":"比内町八木橋"}],"5745":[{"pref":"秋田県","city":"大館市","town":"比内町片貝"}],"5751":[{"pref":"秋田県","city":"大館市","town":"二井田"}],"5752":[{"pref":"秋田県","city":"大館市","town":"本宮"}],"5753":[{"pref":"秋田県","city":"大館市","town":"比内前田"}],"5754":[{"pref":"秋田県","city":"大館市","town":"大子内"}],"5755":[{"pref":"秋田県","city":"大館市","town":"杉沢"}],"5756":[{"pref":"秋田県","city":"大館市","town":"下川原"}],"5851":[{"pref":"秋田県","city":"大館市","town":"比内町大葛"}],"0904":[{"pref":"秋田県","city":"由利本荘市","town":"岩野目沢"}],"0726":[{"pref":"秋田県","city":"由利本荘市","town":"岩谷麓"}],"0711":[{"pref":"秋田県","city":"由利本荘市","town":"岩谷町"}],"0723":[{"pref":"秋田県","city":"由利本荘市","town":"牛寺"}],"0731":[{"pref":"秋田県","city":"由利本荘市","town":"大内三川"}],"0733":[{"pref":"秋田県","city":"由利本荘市","town":"大倉沢"}],"0721":[{"pref":"秋田県","city":"由利本荘市","town":"大谷"}],"0841":[{"pref":"秋田県","city":"由利本荘市","town":"加賀沢"}],"0734":[{"pref":"秋田県","city":"由利本荘市","town":"北福田"}],"0852":[{"pref":"秋田県","city":"由利本荘市","town":"葛岡"}],"0903":[{"pref":"秋田県","city":"由利本荘市","town":"小栗山"}],"0907":[{"pref":"秋田県","city":"由利本荘市","town":"坂部"}],"0842":[{"pref":"秋田県","city":"由利本荘市","town":"新沢"}],"0902":[{"pref":"秋田県","city":"由利本荘市","town":"新田"}],"0844":[{"pref":"秋田県","city":"由利本荘市","town":"高尾"}],"0905":[{"pref":"秋田県","city":"由利本荘市","town":"滝"}],"0732":[{"pref":"秋田県","city":"由利本荘市","town":"徳沢"}],"0853":[{"pref":"秋田県","city":"由利本荘市","town":"長坂"}],"0901":[{"pref":"秋田県","city":"由利本荘市","town":"中田代"}],"0722":[{"pref":"秋田県","city":"由利本荘市","town":"中館"}],"0843":[{"pref":"秋田県","city":"由利本荘市","town":"中帳"}],"0845":[{"pref":"秋田県","city":"由利本荘市","town":"中俣"}],"0601":[{"pref":"秋田県","city":"由利本荘市","town":"西目町海士剥"}],"0602":[{"pref":"秋田県","city":"由利本荘市","town":"西目町出戸"}],"0603":[{"pref":"秋田県","city":"由利本荘市","town":"西目町西目"}],"0604":[{"pref":"秋田県","city":"由利本荘市","town":"西目町沼田"}],"0854":[{"pref":"秋田県","city":"由利本荘市","town":"及位"}],"0906":[{"pref":"秋田県","city":"由利本荘市","town":"羽広"}],"0851":[{"pref":"秋田県","city":"由利本荘市","town":"平岫"}],"0724":[{"pref":"秋田県","city":"由利本荘市","town":"深沢"}],"0855":[{"pref":"秋田県","city":"由利本荘市","town":"松本"}],"0725":[{"pref":"秋田県","city":"由利本荘市","town":"米坂"}],"0400":[{"pref":"秋田県","city":"にかほ市","town":"以下に掲載がない場合"}],"0431":[{"pref":"秋田県","city":"にかほ市","town":"伊勢居地"}],"0411":[{"pref":"秋田県","city":"にかほ市","town":"院内"}],"0322":[{"pref":"秋田県","city":"にかほ市","town":"大竹"}],"0412":[{"pref":"秋田県","city":"にかほ市","town":"小国"}],"0421":[{"pref":"秋田県","city":"にかほ市","town":"釜ケ台"}],"0126":[{"pref":"秋田県","city":"にかほ市","town":"象潟町１丁目塩越"}],"0118":[{"pref":"秋田県","city":"にかほ市","town":"象潟町２丁目塩越"}],"0119":[{"pref":"秋田県","city":"にかほ市","town":"象潟町３丁目塩越"}],"0116":[{"pref":"秋田県","city":"にかほ市","town":"象潟町４丁目塩越"}],"0106":[{"pref":"秋田県","city":"にかほ市","town":"象潟町５丁目塩越"}],"0135":[{"pref":"秋田県","city":"にかほ市","town":"象潟町洗釜"}],"0107":[{"pref":"秋田県","city":"にかほ市","town":"象潟町荒屋下"}],"0105":[{"pref":"秋田県","city":"にかほ市","town":"象潟町荒屋妻"}],"0112":[{"pref":"秋田県","city":"にかほ市","town":"象潟町家の後"}],"0108":[{"pref":"秋田県","city":"にかほ市","town":"象潟町入湖の澗"}],"0115":[{"pref":"秋田県","city":"にかほ市","town":"象潟町後田"}],"0136":[{"pref":"秋田県","city":"にかほ市","town":"象潟町大砂川"}],"0121":[{"pref":"秋田県","city":"にかほ市","town":"象潟町大塩越"}],"0142":[{"pref":"秋田県","city":"にかほ市","town":"象潟町大須郷"}],"0162":[{"pref":"秋田県","city":"にかほ市","town":"象潟町大森"}],"0131":[{"pref":"秋田県","city":"にかほ市","town":"象潟町大谷地"}],"0114":[{"pref":"秋田県","city":"にかほ市","town":"象潟町沖の田"}],"0146":[{"pref":"秋田県","city":"にかほ市","town":"象潟町蒲谷地"}],"0103":[{"pref":"秋田県","city":"にかほ市","town":"象潟町上狐森"}],"0184":[{"pref":"秋田県","city":"にかほ市","town":"象潟町上小坂"}],"0188":[{"pref":"秋田県","city":"にかほ市","town":"象潟町烏島"}],"0141":[{"pref":"秋田県","city":"にかほ市","town":"象潟町川袋"}],"0109":[{"pref":"秋田県","city":"にかほ市","town":"象潟町冠石下"}],"0122":[{"pref":"秋田県","city":"にかほ市","town":"象潟町象潟島"}],"0104":[{"pref":"秋田県","city":"にかほ市","town":"象潟町狐森"}],"0102":[{"pref":"秋田県","city":"にかほ市","town":"象潟町木戸口"}],"0145":[{"pref":"秋田県","city":"にかほ市","town":"象潟町源蔵潟"}],"0187":[{"pref":"秋田県","city":"にかほ市","town":"象潟町小烏島"}],"0172":[{"pref":"秋田県","city":"にかほ市","town":"象潟町小才の神"}],"0183":[{"pref":"秋田県","city":"にかほ市","town":"象潟町小坂"}],"0143":[{"pref":"秋田県","city":"にかほ市","town":"象潟町小砂川"}],"0153":[{"pref":"秋田県","city":"にかほ市","town":"象潟町小滝"}],"0158":[{"pref":"秋田県","city":"にかほ市","town":"象潟町琴和喜"}],"0129":[{"pref":"秋田県","city":"にかほ市","town":"象潟町才の神"}],"0175":[{"pref":"秋田県","city":"にかほ市","town":"象潟町坂の下"}],"0148":[{"pref":"秋田県","city":"にかほ市","town":"象潟町下浜山"}],"0181":[{"pref":"秋田県","city":"にかほ市","town":"象潟町白山堂"}],"0133":[{"pref":"秋田県","city":"にかほ市","town":"象潟町関"}],"0161":[{"pref":"秋田県","city":"にかほ市","town":"象潟町大飯郷"}],"0156":[{"pref":"秋田県","city":"にかほ市","town":"象潟町大門先"}],"0166":[{"pref":"秋田県","city":"にかほ市","town":"象潟町高田"}],"0157":[{"pref":"秋田県","city":"にかほ市","town":"象潟町鷹放"}],"0147":[{"pref":"秋田県","city":"にかほ市","town":"象潟町立石"}],"0165":[{"pref":"秋田県","city":"にかほ市","town":"象潟町狸森"}],"0167":[{"pref":"秋田県","city":"にかほ市","town":"象潟町田の神"}],"0128":[{"pref":"秋田県","city":"にかほ市","town":"象潟町太郎島"}],"0171":[{"pref":"秋田県","city":"にかほ市","town":"象潟町続島"}],"0132":[{"pref":"秋田県","city":"にかほ市","town":"象潟町鳥の海"}],"0163":[{"pref":"秋田県","city":"にかほ市","town":"象潟町長岡"}],"0127":[{"pref":"秋田県","city":"にかほ市","town":"象潟町中橋町"}],"0144":[{"pref":"秋田県","city":"にかほ市","town":"象潟町中谷地"}],"0154":[{"pref":"秋田県","city":"にかほ市","town":"象潟町二階谷地"}],"0134":[{"pref":"秋田県","city":"にかほ市","town":"象潟町西中野沢"}],"0125":[{"pref":"秋田県","city":"にかほ市","town":"象潟町二の丸"}],"0124":[{"pref":"秋田県","city":"にかほ市","town":"象潟町入道島"}],"0186":[{"pref":"秋田県","city":"にかほ市","town":"象潟町能因島"}],"0113":[{"pref":"秋田県","city":"にかほ市","town":"象潟町浜の田"}],"0117":[{"pref":"秋田県","city":"にかほ市","town":"象潟町浜畑"}],"0101":[{"pref":"秋田県","city":"にかほ市","town":"象潟町浜山"}],"0174":[{"pref":"秋田県","city":"にかほ市","town":"象潟町林の下"}],"0182":[{"pref":"秋田県","city":"にかほ市","town":"象潟町不動沢"}],"0111":[{"pref":"秋田県","city":"にかほ市","town":"象潟町武道島"}],"0155":[{"pref":"秋田県","city":"にかほ市","town":"象潟町弁天島"}],"0152":[{"pref":"秋田県","city":"にかほ市","town":"象潟町本郷"}],"0164":[{"pref":"秋田県","city":"にかほ市","town":"象潟町丸山"}],"0123":[{"pref":"秋田県","city":"にかほ市","town":"象潟町妙見下"}],"0185":[{"pref":"秋田県","city":"にかほ市","town":"象潟町屋敷田"}],"0151":[{"pref":"秋田県","city":"にかほ市","town":"象潟町横岡"}],"0176":[{"pref":"秋田県","city":"にかほ市","town":"象潟町横山"}],"0173":[{"pref":"秋田県","city":"にかほ市","town":"象潟町四隅池"}],"0302":[{"pref":"秋田県","city":"にかほ市","town":"黒川"}],"0311":[{"pref":"秋田県","city":"にかほ市","town":"金浦"}],"0404":[{"pref":"秋田県","city":"にかほ市","town":"芹田"}],"0414":[{"pref":"秋田県","city":"にかほ市","town":"田抓"}],"0434":[{"pref":"秋田県","city":"にかほ市","town":"寺田"}],"0422":[{"pref":"秋田県","city":"にかほ市","town":"冬師"}],"0301":[{"pref":"秋田県","city":"にかほ市","town":"飛"}],"0435":[{"pref":"秋田県","city":"にかほ市","town":"中三地"}],"0433":[{"pref":"秋田県","city":"にかほ市","town":"畑"}],"0413":[{"pref":"秋田県","city":"にかほ市","town":"馬場"}],"0436":[{"pref":"秋田県","city":"にかほ市","town":"樋目野"}],"0402":[{"pref":"秋田県","city":"にかほ市","town":"平沢"}],"0321":[{"pref":"秋田県","city":"にかほ市","town":"前川"}],"0432":[{"pref":"秋田県","city":"にかほ市","town":"水沢"}],"0403":[{"pref":"秋田県","city":"にかほ市","town":"三森"}],"0401":[{"pref":"秋田県","city":"にかほ市","town":"両前寺"}]}