{"0000":[{"pref":"北海道","city":"芦別市","town":"以下に掲載がない場合"}],"0165":[{"pref":"北海道","city":"芦別市","town":"青木沢"}],"0036":[{"pref":"北海道","city":"芦別市","town":"旭町"}],"0035":[{"pref":"北海道","city":"芦別市","town":"旭町油谷"}],"0166":[{"pref":"北海道","city":"芦別市","town":"川岸"}],"0011":[{"pref":"北海道","city":"芦別市","town":"北一条東"}],"0001":[{"pref":"北海道","city":"芦別市","town":"北一条西"}],"0012":[{"pref":"北海道","city":"芦別市","town":"北二条東"}],"0002":[{"pref":"北海道","city":"芦別市","town":"北二条西"}],"0013":[{"pref":"北海道","city":"芦別市","town":"北三条東"}],"0003":[{"pref":"北海道","city":"芦別市","town":"北三条西"}],"0014":[{"pref":"北海道","city":"芦別市","town":"北四条東"}],"0004":[{"pref":"北海道","city":"芦別市","town":"北四条西"}],"0015":[{"pref":"北海道","city":"芦別市","town":"北五条東"}],"0005":[{"pref":"北海道","city":"芦別市","town":"北五条西"}],"0016":[{"pref":"北海道","city":"芦別市","town":"北六条東"}],"0006":[{"pref":"北海道","city":"芦別市","town":"北六条西"}],"0007":[{"pref":"北海道","city":"芦別市","town":"北七条西"}],"0252":[{"pref":"北海道","city":"芦別市","town":"黄金町"}],"0251":[{"pref":"北海道","city":"芦別市","town":"新城町"}],"0019":[{"pref":"北海道","city":"芦別市","town":"高根町"}],"0018":[{"pref":"北海道","city":"芦別市","town":"常磐町"}],"0254":[{"pref":"北海道","city":"芦別市","town":"豊岡"}],"0253":[{"pref":"北海道","city":"芦別市","town":"豊岡町"}],"0167":[{"pref":"北海道","city":"芦別市","town":"中の丘町"}],"0161":[{"pref":"北海道","city":"芦別市","town":"西芦別町"}],"0162":[{"pref":"北海道","city":"芦別市","town":"東頼城町"}],"0017":[{"pref":"北海道","city":"芦別市","town":"福住町"}],"0034":[{"pref":"北海道","city":"芦別市","town":"幌内"}],"0041":[{"pref":"北海道","city":"芦別市","town":"本町"}],"0031":[{"pref":"北海道","city":"芦別市","town":"南一条東"}],"0021":[{"pref":"北海道","city":"芦別市","town":"南一条西"}],"0032":[{"pref":"北海道","city":"芦別市","town":"南二条東"}],"0033":[{"pref":"北海道","city":"芦別市","town":"南三条東"}],"0164":[{"pref":"北海道","city":"芦別市","town":"頼城町"}],"0163":[{"pref":"北海道","city":"芦別市","town":"緑泉町"}]}