{"0052":[{"pref":"大阪府","city":"大阪市中央区","town":"安土町"}],"0047":[{"pref":"大阪府","city":"大阪市中央区","town":"淡路町"}],"0042":[{"pref":"大阪府","city":"大阪市中央区","town":"今橋"}],"0048":[{"pref":"大阪府","city":"大阪市中央区","town":"瓦町"}],"0057":[{"pref":"大阪府","city":"大阪市中央区","town":"北久宝寺町"}],"0041":[{"pref":"大阪府","city":"大阪市中央区","town":"北浜"}],"0056":[{"pref":"大阪府","city":"大阪市中央区","town":"久太郎町"}],"0043":[{"pref":"大阪府","city":"大阪市中央区","town":"高麗橋"}],"0055":[{"pref":"大阪府","city":"大阪市中央区","town":"船場中央"}],"0045":[{"pref":"大阪府","city":"大阪市中央区","town":"道修町"}],"0059":[{"pref":"大阪府","city":"大阪市中央区","town":"博労町"}],"0046":[{"pref":"大阪府","city":"大阪市中央区","town":"平野町"}],"0051":[{"pref":"大阪府","city":"大阪市中央区","town":"備後町"}],"0044":[{"pref":"大阪府","city":"大阪市中央区","town":"伏見町"}],"0053":[{"pref":"大阪府","city":"大阪市中央区","town":"本町"}],"0058":[{"pref":"大阪府","city":"大阪市中央区","town":"南久宝寺町"}],"0054":[{"pref":"大阪府","city":"大阪市中央区","town":"南本町"}]}