{"0000":[{"pref":"岩手県","city":"一関市","town":"以下に掲載がない場合"}],"0853":[{"pref":"岩手県","city":"一関市","town":"相去"}],"0031":[{"pref":"岩手県","city":"一関市","town":"青葉"}],"0041":[{"pref":"岩手県","city":"一関市","town":"赤荻"}],"0864":[{"pref":"岩手県","city":"一関市","town":"旭町"}],"0008":[{"pref":"岩手県","city":"一関市","town":"石畑"}],"0894":[{"pref":"岩手県","city":"一関市","town":"磐井町"}],"0834":[{"pref":"岩手県","city":"一関市","town":"宇南"}],"0867":[{"pref":"岩手県","city":"一関市","town":"駅前"}],"0884":[{"pref":"岩手県","city":"一関市","town":"大手町"}],"0881":[{"pref":"岩手県","city":"一関市","town":"大町"}],"0882":[{"pref":"岩手県","city":"一関市","town":"上大槻街"}],"0007":[{"pref":"岩手県","city":"一関市","town":"上日照"}],"0833":[{"pref":"岩手県","city":"一関市","town":"柄貝"}],"0802":[{"pref":"岩手県","city":"一関市","town":"北十軒街"}],"0814":[{"pref":"岩手県","city":"一関市","town":"北ほうりょう"}],"0811":[{"pref":"岩手県","city":"一関市","town":"久保"}],"0101":[{"pref":"岩手県","city":"一関市","town":"厳美町"}],"0804":[{"pref":"岩手県","city":"一関市","town":"五十人町"}],"0022":[{"pref":"岩手県","city":"一関市","town":"五代町"}],"0052":[{"pref":"岩手県","city":"一関市","town":"寿町"}],"0024":[{"pref":"岩手県","city":"一関市","town":"幸町"}],"0891":[{"pref":"岩手県","city":"一関市","town":"桜木町"}],"0801":[{"pref":"岩手県","city":"一関市","town":"桜街"}],"0852":[{"pref":"岩手県","city":"一関市","town":"沢"}],"0832":[{"pref":"岩手県","city":"一関市","town":"散田"}],"0821":[{"pref":"岩手県","city":"一関市","town":"三関"}],"0893":[{"pref":"岩手県","city":"一関市","town":"地主町"}],"0806":[{"pref":"岩手県","city":"一関市","town":"下大槻街"}],"0877":[{"pref":"岩手県","city":"一関市","town":"城内"}],"0006":[{"pref":"岩手県","city":"一関市","town":"上坊"}],"0883":[{"pref":"岩手県","city":"一関市","town":"新大町"}],"0001":[{"pref":"岩手県","city":"一関市","town":"新町"}],"0841":[{"pref":"岩手県","city":"一関市","town":"吸川街"}],"0032":[{"pref":"岩手県","city":"一関市","town":"末広"}],"0851":[{"pref":"岩手県","city":"一関市","town":"関が丘"}],"0873":[{"pref":"岩手県","city":"一関市","town":"台町"}],"0875":[{"pref":"岩手県","city":"一関市","town":"高崎町"}],"0027":[{"pref":"岩手県","city":"一関市","town":"竹山町"}],"0885":[{"pref":"岩手県","city":"一関市","town":"田村町"}],"0844":[{"pref":"岩手県","city":"一関市","town":"反町"}],"0021":[{"pref":"岩手県","city":"一関市","town":"中央町"}],"0862":[{"pref":"岩手県","city":"一関市","town":"千代田町"}],"0874":[{"pref":"岩手県","city":"一関市","town":"釣山"}],"0023":[{"pref":"岩手県","city":"一関市","town":"銅谷町"}],"0005":[{"pref":"岩手県","city":"一関市","town":"中里（沢田）"}],"0002":[{"pref":"岩手県","city":"一関市","town":"中里（その他）"}],"0836":[{"pref":"岩手県","city":"一関市","town":"鳴神"}],"0865":[{"pref":"岩手県","city":"一関市","town":"新山"}],"0854":[{"pref":"岩手県","city":"一関市","town":"西沢"}],"0835":[{"pref":"岩手県","city":"一関市","town":"二本木"}],"0831":[{"pref":"岩手県","city":"一関市","town":"沼田"}],"0102":[{"pref":"岩手県","city":"一関市","town":"萩荘（赤猪子、芦ノ口、甘蕨、老流、大沢、上宇津野、上本郷、上要害、化粧"},{"pref":"岩手県","city":"一関市","town":"坂、三月田、下宇津野、下本郷、外山、堂の沢、栃倉、栃倉南、長倉、中沢、"},{"pref":"岩手県","city":"一関市","town":"八森、馬場、広面、平場、古釜場、曲淵、松原、南沢、谷起、焼切、八瀬、"},{"pref":"岩手県","city":"一関市","town":"八幡、山ノ沢）"}],"0902":[{"pref":"岩手県","city":"一関市","town":"萩荘（その他）"}],"0861":[{"pref":"岩手県","city":"一関市","town":"機織山"}],"0871":[{"pref":"岩手県","city":"一関市","town":"八幡町"}],"0807":[{"pref":"岩手県","city":"一関市","town":"東花王町"}],"0003":[{"pref":"岩手県","city":"一関市","town":"東五代"}],"0892":[{"pref":"岩手県","city":"一関市","town":"東地主町"}],"0822":[{"pref":"岩手県","city":"一関市","town":"東台"}],"0876":[{"pref":"岩手県","city":"一関市","town":"広街"}],"0812":[{"pref":"岩手県","city":"一関市","town":"樋渡"}],"0843":[{"pref":"岩手県","city":"一関市","town":"深町"}],"0221":[{"pref":"岩手県","city":"一関市","town":"舞川"}],"0901":[{"pref":"岩手県","city":"一関市","town":"真柴"}],"0004":[{"pref":"岩手県","city":"一関市","town":"町浦"}],"0803":[{"pref":"岩手県","city":"一関市","town":"南十軒街"}],"0866":[{"pref":"岩手県","city":"一関市","town":"南新町"}],"0813":[{"pref":"岩手県","city":"一関市","town":"南ほうりょう"}],"0863":[{"pref":"岩手県","city":"一関市","town":"南町"}],"0872":[{"pref":"岩手県","city":"一関市","town":"宮坂町"}],"0013":[{"pref":"岩手県","city":"一関市","town":"宮下町"}],"0012":[{"pref":"岩手県","city":"一関市","town":"宮前町"}],"0842":[{"pref":"岩手県","city":"一関市","town":"柳町"}],"0063":[{"pref":"岩手県","city":"一関市","town":"山目（大槻）"}],"0035":[{"pref":"岩手県","city":"一関市","town":"山目（才天）"}],"0054":[{"pref":"岩手県","city":"一関市","town":"山目（境）"}],"0033":[{"pref":"岩手県","city":"一関市","town":"山目（里前）"}],"0064":[{"pref":"岩手県","city":"一関市","town":"山目（沢内）"}],"0051":[{"pref":"岩手県","city":"一関市","town":"山目（三反田）"}],"0036":[{"pref":"岩手県","city":"一関市","town":"山目（十二神）"}],"0034":[{"pref":"岩手県","city":"一関市","town":"山目（立沢）"}],"0061":[{"pref":"岩手県","city":"一関市","town":"山目（館）"}],"0062":[{"pref":"岩手県","city":"一関市","town":"山目（寺前）"}],"0055":[{"pref":"岩手県","city":"一関市","town":"山目（泥田）"}],"0056":[{"pref":"岩手県","city":"一関市","town":"山目（泥田山下）"}],"0053":[{"pref":"岩手県","city":"一関市","town":"山目（中野）"}],"0026":[{"pref":"岩手県","city":"一関市","town":"山目（前田）"}],"0025":[{"pref":"岩手県","city":"一関市","town":"山目（向野）"}],"0011":[{"pref":"岩手県","city":"一関市","town":"山目町"}],"0805":[{"pref":"岩手県","city":"一関市","town":"豊町"}],"0815":[{"pref":"岩手県","city":"一関市","town":"要害"}],"0014":[{"pref":"岩手県","city":"一関市","town":"蘭梅町"}]}