{"0073":[{"pref":"埼玉県","city":"川口市","town":"赤井"}],"0059":[{"pref":"埼玉県","city":"川口市","town":"安行"}],"0054":[{"pref":"埼玉県","city":"川口市","town":"安行北谷"}],"0053":[{"pref":"埼玉県","city":"川口市","town":"安行吉蔵"}],"0055":[{"pref":"埼玉県","city":"川口市","town":"安行小山"}],"0071":[{"pref":"埼玉県","city":"川口市","town":"安行慈林"}],"0051":[{"pref":"埼玉県","city":"川口市","town":"安行藤八"}],"0057":[{"pref":"埼玉県","city":"川口市","town":"安行原"}],"0072":[{"pref":"埼玉県","city":"川口市","town":"安行吉岡"}],"0058":[{"pref":"埼玉県","city":"川口市","town":"安行領家"}],"0052":[{"pref":"埼玉県","city":"川口市","town":"安行出羽"}],"0074":[{"pref":"埼玉県","city":"川口市","town":"江戸"}],"0075":[{"pref":"埼玉県","city":"川口市","town":"江戸袋"}],"0067":[{"pref":"埼玉県","city":"川口市","town":"大竹"}],"0003":[{"pref":"埼玉県","city":"川口市","town":"坂下町"}],"0001":[{"pref":"埼玉県","city":"川口市","town":"桜町"}],"0005":[{"pref":"埼玉県","city":"川口市","town":"里"}],"0004":[{"pref":"埼玉県","city":"川口市","town":"辻"}],"0061":[{"pref":"埼玉県","city":"川口市","town":"新堀"}],"0068":[{"pref":"埼玉県","city":"川口市","town":"新堀町"}],"0062":[{"pref":"埼玉県","city":"川口市","town":"榛松"}],"0064":[{"pref":"埼玉県","city":"川口市","town":"蓮沼"}],"0012":[{"pref":"埼玉県","city":"川口市","town":"八幡木"}],"0002":[{"pref":"埼玉県","city":"川口市","town":"鳩ヶ谷本町"}],"0015":[{"pref":"埼玉県","city":"川口市","town":"鳩ヶ谷緑町"}],"0066":[{"pref":"埼玉県","city":"川口市","town":"東貝塚"}],"0063":[{"pref":"埼玉県","city":"川口市","town":"東本郷"}],"0076":[{"pref":"埼玉県","city":"川口市","town":"本蓮"}],"0014":[{"pref":"埼玉県","city":"川口市","town":"前田"}],"0065":[{"pref":"埼玉県","city":"川口市","town":"前野宿"}],"0011":[{"pref":"埼玉県","city":"川口市","town":"三ツ和"}],"0013":[{"pref":"埼玉県","city":"川口市","town":"南鳩ヶ谷"}],"0056":[{"pref":"埼玉県","city":"川口市","town":"峯"}]}