{"0000":[{"pref":"新潟県","city":"糸魚川市","town":"以下に掲載がない場合"}],"0005":[{"pref":"新潟県","city":"糸魚川市","town":"厚田"}],"0022":[{"pref":"新潟県","city":"糸魚川市","town":"新町"}],"0031":[{"pref":"新潟県","city":"糸魚川市","town":"粟倉"}],"0034":[{"pref":"新潟県","city":"糸魚川市","town":"市野々"}],"0056":[{"pref":"新潟県","city":"糸魚川市","town":"一の宮"}],"0078":[{"pref":"新潟県","city":"糸魚川市","town":"岩木"}],"0064":[{"pref":"新潟県","city":"糸魚川市","town":"上刈"}],"0071":[{"pref":"新潟県","city":"糸魚川市","town":"大野"}],"0061":[{"pref":"新潟県","city":"糸魚川市","town":"大町"}],"0074":[{"pref":"新潟県","city":"糸魚川市","town":"大谷内"}],"0051":[{"pref":"新潟県","city":"糸魚川市","town":"押上"}],"0004":[{"pref":"新潟県","city":"糸魚川市","town":"梶屋敷"}],"0036":[{"pref":"新潟県","city":"糸魚川市","town":"釜沢"}],"0012":[{"pref":"新潟県","city":"糸魚川市","town":"上出"}],"0042":[{"pref":"新潟県","city":"糸魚川市","town":"川島"}],"0054":[{"pref":"新潟県","city":"糸魚川市","town":"京ケ峰"}],"0063":[{"pref":"新潟県","city":"糸魚川市","town":"清崎"}],"0032":[{"pref":"新潟県","city":"糸魚川市","town":"来海沢"}],"0033":[{"pref":"新潟県","city":"糸魚川市","town":"御前山"}],"0015":[{"pref":"新潟県","city":"糸魚川市","town":"清水山"}],"0013":[{"pref":"新潟県","city":"糸魚川市","town":"下出"}],"0023":[{"pref":"新潟県","city":"糸魚川市","town":"上覚"}],"0041":[{"pref":"新潟県","city":"糸魚川市","town":"真光寺"}],"0065":[{"pref":"新潟県","city":"糸魚川市","town":"新鉄"}],"0011":[{"pref":"新潟県","city":"糸魚川市","town":"滝川原"}],"0006":[{"pref":"新潟県","city":"糸魚川市","town":"竹ケ花"}],"0043":[{"pref":"新潟県","city":"糸魚川市","town":"田中"}],"0008":[{"pref":"新潟県","city":"糸魚川市","town":"田伏"}],"0026":[{"pref":"新潟県","city":"糸魚川市","town":"田屋"}],"0062":[{"pref":"新潟県","city":"糸魚川市","town":"中央"}],"0077":[{"pref":"新潟県","city":"糸魚川市","town":"頭山"}],"0066":[{"pref":"新潟県","city":"糸魚川市","town":"寺島"}],"0058":[{"pref":"新潟県","city":"糸魚川市","town":"寺町"}],"0037":[{"pref":"新潟県","city":"糸魚川市","town":"道平"}],"0019":[{"pref":"新潟県","city":"糸魚川市","town":"道明"}],"0003":[{"pref":"新潟県","city":"糸魚川市","town":"中宿"}],"0002":[{"pref":"新潟県","city":"糸魚川市","town":"中浜"}],"0075":[{"pref":"新潟県","city":"糸魚川市","town":"中谷内"}],"0045":[{"pref":"新潟県","city":"糸魚川市","town":"成沢"}],"0073":[{"pref":"新潟県","city":"糸魚川市","town":"西川原"}],"0076":[{"pref":"新潟県","city":"糸魚川市","town":"西中"}],"0024":[{"pref":"新潟県","city":"糸魚川市","town":"西谷内"}],"0014":[{"pref":"新潟県","city":"糸魚川市","town":"日光寺"}],"0046":[{"pref":"新潟県","city":"糸魚川市","town":"羽生"}],"0021":[{"pref":"新潟県","city":"糸魚川市","town":"東海"}],"0027":[{"pref":"新潟県","city":"糸魚川市","town":"東川原"}],"0053":[{"pref":"新潟県","city":"糸魚川市","town":"東寺町"}],"0047":[{"pref":"新潟県","city":"糸魚川市","town":"平牛"}],"0025":[{"pref":"新潟県","city":"糸魚川市","town":"堀切"}],"0068":[{"pref":"新潟県","city":"糸魚川市","town":"本町"}],"0035":[{"pref":"新潟県","city":"糸魚川市","town":"真木"}],"0001":[{"pref":"新潟県","city":"糸魚川市","town":"間脇"}],"0044":[{"pref":"新潟県","city":"糸魚川市","town":"水保"}],"0052":[{"pref":"新潟県","city":"糸魚川市","town":"南押上"}],"0069":[{"pref":"新潟県","city":"糸魚川市","town":"南寺島"}],"0057":[{"pref":"新潟県","city":"糸魚川市","town":"南寺町"}],"0007":[{"pref":"新潟県","city":"糸魚川市","town":"大和川"}],"0072":[{"pref":"新潟県","city":"糸魚川市","town":"山本"}],"0067":[{"pref":"新潟県","city":"糸魚川市","town":"横町"}],"0016":[{"pref":"新潟県","city":"糸魚川市","town":"四ツ屋"}],"0055":[{"pref":"新潟県","city":"糸魚川市","town":"蓮台寺"}]}