{"1101":[{"pref":"埼玉県","city":"久喜市","town":"栗橋北"}],"1102":[{"pref":"埼玉県","city":"久喜市","town":"栗橋中央"}],"1103":[{"pref":"埼玉県","city":"久喜市","town":"栗橋東"}],"1104":[{"pref":"埼玉県","city":"久喜市","town":"栗橋"}],"1105":[{"pref":"埼玉県","city":"久喜市","town":"小右衛門"}],"1106":[{"pref":"埼玉県","city":"久喜市","town":"緑"}],"1111":[{"pref":"埼玉県","city":"久喜市","town":"北広島"}],"1112":[{"pref":"埼玉県","city":"久喜市","town":"中里"}],"1113":[{"pref":"埼玉県","city":"久喜市","town":"狐塚"}],"1114":[{"pref":"埼玉県","city":"久喜市","town":"河原代"}],"1115":[{"pref":"埼玉県","city":"久喜市","town":"新井"}],"1116":[{"pref":"埼玉県","city":"久喜市","town":"島川"}],"1117":[{"pref":"埼玉県","city":"久喜市","town":"南栗橋"}],"1121":[{"pref":"埼玉県","city":"久喜市","town":"伊坂"}],"1122":[{"pref":"埼玉県","city":"久喜市","town":"松永"}],"1123":[{"pref":"埼玉県","city":"久喜市","town":"間鎌"}],"1124":[{"pref":"埼玉県","city":"久喜市","town":"佐間"}],"1125":[{"pref":"埼玉県","city":"久喜市","town":"高柳"}],"1131":[{"pref":"埼玉県","city":"加須市","town":"中渡"}],"1132":[{"pref":"埼玉県","city":"加須市","town":"旗井"}],"1133":[{"pref":"埼玉県","city":"加須市","town":"琴寄"}],"1134":[{"pref":"埼玉県","city":"加須市","town":"北下新井"}],"1135":[{"pref":"埼玉県","city":"加須市","town":"北平野"}],"1141":[{"pref":"埼玉県","city":"加須市","town":"松永新田"}],"1142":[{"pref":"埼玉県","city":"加須市","town":"杓子木"}],"1143":[{"pref":"埼玉県","city":"加須市","town":"生出"}],"1144":[{"pref":"埼玉県","city":"加須市","town":"阿佐間"}],"1145":[{"pref":"埼玉県","city":"加須市","town":"間口"}],"1146":[{"pref":"埼玉県","city":"加須市","town":"新井新田"}],"1147":[{"pref":"埼玉県","city":"加須市","town":"北大桑"}],"1148":[{"pref":"埼玉県","city":"加須市","town":"豊野台"}],"1151":[{"pref":"埼玉県","city":"加須市","town":"佐波"}],"1152":[{"pref":"埼玉県","city":"加須市","town":"弥兵衛"}],"1153":[{"pref":"埼玉県","city":"加須市","town":"新川通"}],"1154":[{"pref":"埼玉県","city":"加須市","town":"外記新田"}],"1155":[{"pref":"埼玉県","city":"加須市","town":"砂原"}],"1156":[{"pref":"埼玉県","city":"加須市","town":"細間"}],"1157":[{"pref":"埼玉県","city":"加須市","town":"道目"}],"1158":[{"pref":"埼玉県","city":"加須市","town":"新利根"}],"1201":[{"pref":"埼玉県","city":"加須市","town":"柳生"}],"1202":[{"pref":"埼玉県","city":"加須市","town":"小野袋"}],"1203":[{"pref":"埼玉県","city":"加須市","town":"柏戸"}],"1204":[{"pref":"埼玉県","city":"加須市","town":"陽光台"}],"1205":[{"pref":"埼玉県","city":"加須市","town":"向古河"}],"1211":[{"pref":"埼玉県","city":"加須市","town":"飯積"}],"1212":[{"pref":"埼玉県","city":"加須市","town":"麦倉"}],"1213":[{"pref":"埼玉県","city":"加須市","town":"栄"}],"1214":[{"pref":"埼玉県","city":"加須市","town":"駒場"}],"1215":[{"pref":"埼玉県","city":"加須市","town":"伊賀袋"}],"1216":[{"pref":"埼玉県","city":"加須市","town":"本郷"}],"1221":[{"pref":"栃木県","city":"栃木市","town":"藤岡町下宮"}],"0100":[{"pref":"埼玉県","city":"蓮田市","town":"以下に掲載がない場合"}],"0126":[{"pref":"埼玉県","city":"蓮田市","town":"綾瀬"}],"0135":[{"pref":"埼玉県","city":"蓮田市","town":"井沼"}],"0133":[{"pref":"埼玉県","city":"蓮田市","town":"閏戸"}],"0102":[{"pref":"埼玉県","city":"蓮田市","town":"江ケ崎"}],"0125":[{"pref":"埼玉県","city":"蓮田市","town":"御前橋"}],"0132":[{"pref":"埼玉県","city":"蓮田市","town":"貝塚"}],"0122":[{"pref":"埼玉県","city":"蓮田市","town":"上"}],"0136":[{"pref":"埼玉県","city":"蓮田市","town":"上平野"}],"0112":[{"pref":"埼玉県","city":"蓮田市","town":"川島"}],"0101":[{"pref":"埼玉県","city":"蓮田市","town":"黒浜"}],"0134":[{"pref":"埼玉県","city":"蓮田市","town":"駒崎"}],"0113":[{"pref":"埼玉県","city":"蓮田市","town":"桜台"}],"0103":[{"pref":"埼玉県","city":"蓮田市","town":"笹山"}],"0143":[{"pref":"埼玉県","city":"蓮田市","town":"城"}],"0124":[{"pref":"埼玉県","city":"蓮田市","town":"末広"}],"0121":[{"pref":"埼玉県","city":"蓮田市","town":"関山"}],"0137":[{"pref":"埼玉県","city":"蓮田市","town":"高虫"}],"0144":[{"pref":"埼玉県","city":"蓮田市","town":"椿山"}],"0141":[{"pref":"埼玉県","city":"蓮田市","town":"西新宿"}],"0145":[{"pref":"埼玉県","city":"蓮田市","town":"西城"}],"0131":[{"pref":"埼玉県","city":"蓮田市","town":"根金"}],"0115":[{"pref":"埼玉県","city":"蓮田市","town":"蓮田"}],"0111":[{"pref":"埼玉県","city":"蓮田市","town":"東"}],"0105":[{"pref":"埼玉県","city":"蓮田市","town":"藤ノ木"}],"0123":[{"pref":"埼玉県","city":"蓮田市","town":"本町"}],"0114":[{"pref":"埼玉県","city":"蓮田市","town":"馬込"}],"0104":[{"pref":"埼玉県","city":"蓮田市","town":"緑町"}],"0142":[{"pref":"埼玉県","city":"蓮田市","town":"南新宿"}],"0127":[{"pref":"埼玉県","city":"蓮田市","town":"見沼町"}],"0128":[{"pref":"埼玉県","city":"蓮田市","town":"山ノ内"}],"0200":[{"pref":"埼玉県","city":"白岡市","town":"以下に掲載がない場合"}],"0202":[{"pref":"埼玉県","city":"白岡市","town":"荒井新田"}],"0225":[{"pref":"埼玉県","city":"白岡市","town":"太田新井"}],"0226":[{"pref":"埼玉県","city":"白岡市","town":"岡泉"}],"0221":[{"pref":"埼玉県","city":"白岡市","town":"上野田"}],"0217":[{"pref":"埼玉県","city":"白岡市","town":"小久喜"}],"0216":[{"pref":"埼玉県","city":"白岡市","town":"実ケ谷"}],"0204":[{"pref":"埼玉県","city":"白岡市","town":"篠津"}],"0201":[{"pref":"埼玉県","city":"白岡市","town":"柴山"}],"0203":[{"pref":"埼玉県","city":"白岡市","town":"下大崎"}],"0223":[{"pref":"埼玉県","city":"白岡市","town":"下野田"}],"0218":[{"pref":"埼玉県","city":"白岡市","town":"白岡"}],"0219":[{"pref":"埼玉県","city":"白岡市","town":"白岡東"}],"0212":[{"pref":"埼玉県","city":"白岡市","town":"新白岡"}],"0215":[{"pref":"埼玉県","city":"白岡市","town":"千駄野"}],"0213":[{"pref":"埼玉県","city":"白岡市","town":"高岩"}],"0222":[{"pref":"埼玉県","city":"白岡市","town":"爪田ケ谷"}],"0214":[{"pref":"埼玉県","city":"白岡市","town":"寺塚"}],"0205":[{"pref":"埼玉県","city":"白岡市","town":"西"}],"0224":[{"pref":"埼玉県","city":"白岡市","town":"彦兵衛"}],"0211":[{"pref":"埼玉県","city":"白岡市","town":"野牛"}]}