{"1101":[{"pref":"福岡県","city":"北九州市八幡西区","town":"上香月"}],"1102":[{"pref":"福岡県","city":"北九州市八幡西区","town":"香月中央"}],"1103":[{"pref":"福岡県","city":"北九州市八幡西区","town":"香月西"}],"1111":[{"pref":"福岡県","city":"北九州市八幡西区","town":"船越"}],"1112":[{"pref":"福岡県","city":"北九州市八幡西区","town":"千代"}],"1113":[{"pref":"福岡県","city":"北九州市八幡西区","town":"白岩町"}],"1114":[{"pref":"福岡県","city":"北九州市八幡西区","town":"吉祥寺町"}],"1115":[{"pref":"福岡県","city":"北九州市八幡西区","town":"椋枝"}],"1121":[{"pref":"福岡県","city":"北九州市八幡西区","town":"石坂"}],"1122":[{"pref":"福岡県","city":"北九州市八幡西区","town":"東石坂町"}],"1123":[{"pref":"福岡県","city":"北九州市八幡西区","town":"下畑町"}],"1124":[{"pref":"福岡県","city":"北九州市八幡西区","town":"畑"}],"1125":[{"pref":"福岡県","city":"北九州市八幡西区","town":"池田"}],"1131":[{"pref":"福岡県","city":"北九州市八幡西区","town":"馬場山東"}],"1132":[{"pref":"福岡県","city":"北九州市八幡西区","town":"馬場山西"}],"1133":[{"pref":"福岡県","city":"北九州市八幡西区","town":"馬場山緑"}],"1134":[{"pref":"福岡県","city":"北九州市八幡西区","town":"茶屋の原"}],"1135":[{"pref":"福岡県","city":"北九州市八幡西区","town":"馬場山原"}],"1136":[{"pref":"福岡県","city":"北九州市八幡西区","town":"馬場山"}],"1141":[{"pref":"福岡県","city":"北九州市八幡西区","town":"楠橋上方"}],"1142":[{"pref":"福岡県","city":"北九州市八幡西区","town":"楠橋東"}],"1143":[{"pref":"福岡県","city":"北九州市八幡西区","town":"楠橋南"}],"1144":[{"pref":"福岡県","city":"北九州市八幡西区","town":"真名子"}],"1145":[{"pref":"福岡県","city":"北九州市八幡西区","town":"楠橋西"}],"1146":[{"pref":"福岡県","city":"北九州市八幡西区","town":"楠橋下方"}],"1151":[{"pref":"福岡県","city":"北九州市八幡西区","town":"楠橋"}],"1152":[{"pref":"福岡県","city":"北九州市八幡西区","town":"高江"}],"1153":[{"pref":"福岡県","city":"北九州市八幡西区","town":"岩崎"}],"1154":[{"pref":"福岡県","city":"北九州市八幡西区","town":"楠北"}],"1261":[{"pref":"福岡県","city":"北九州市八幡西区","town":"木屋瀬"}],"1262":[{"pref":"福岡県","city":"北九州市八幡西区","town":"野面"}],"1263":[{"pref":"福岡県","city":"北九州市八幡西区","town":"金剛"}],"1264":[{"pref":"福岡県","city":"北九州市八幡西区","town":"星ケ丘"}],"1265":[{"pref":"福岡県","city":"北九州市八幡西区","town":"笹田"}],"1266":[{"pref":"福岡県","city":"北九州市八幡西区","town":"木屋瀬東"}],"1300":[{"pref":"福岡県","city":"鞍手郡鞍手町","town":"以下に掲載がない場合"}],"1301":[{"pref":"福岡県","city":"鞍手郡鞍手町","town":"猪倉"}],"1302":[{"pref":"福岡県","city":"鞍手郡鞍手町","town":"上木月"}],"1303":[{"pref":"福岡県","city":"鞍手郡鞍手町","town":"木月"}],"1304":[{"pref":"福岡県","city":"鞍手郡鞍手町","town":"永谷"}],"1305":[{"pref":"福岡県","city":"鞍手郡鞍手町","town":"新延"}],"1306":[{"pref":"福岡県","city":"鞍手郡鞍手町","town":"古門"}],"1307":[{"pref":"福岡県","city":"鞍手郡鞍手町","town":"室木"}],"1308":[{"pref":"福岡県","city":"鞍手郡鞍手町","town":"八尋"}],"1311":[{"pref":"福岡県","city":"鞍手郡鞍手町","town":"小牧"}],"1312":[{"pref":"福岡県","city":"鞍手郡鞍手町","town":"中山"}],"1313":[{"pref":"福岡県","city":"鞍手郡鞍手町","town":"新北"}],"1314":[{"pref":"福岡県","city":"鞍手郡鞍手町","town":"長谷"}],"1315":[{"pref":"福岡県","city":"鞍手郡鞍手町","town":"弥生"}],"0872":[{"pref":"福岡県","city":"北九州市八幡西区","town":"浅川（丁目）"}],"0877":[{"pref":"福岡県","city":"北九州市八幡西区","town":"浅川（番地）"}],"0871":[{"pref":"福岡県","city":"北九州市八幡西区","town":"浅川学園台"}],"0875":[{"pref":"福岡県","city":"北九州市八幡西区","town":"浅川台"}],"0876":[{"pref":"福岡県","city":"北九州市八幡西区","town":"浅川日の峯"}],"0879":[{"pref":"福岡県","city":"北九州市八幡西区","town":"浅川町"}],"0854":[{"pref":"福岡県","city":"北九州市八幡西区","town":"泉ケ浦"}],"0804":[{"pref":"福岡県","city":"北九州市八幡西区","town":"医生ケ丘"}],"0071":[{"pref":"福岡県","city":"北九州市八幡西区","town":"上の原"}],"0851":[{"pref":"福岡県","city":"北九州市八幡西区","town":"永犬丸"}],"0842":[{"pref":"福岡県","city":"北九州市八幡西区","town":"永犬丸東町"}],"0852":[{"pref":"福岡県","city":"北九州市八幡西区","town":"永犬丸西町"}],"0845":[{"pref":"福岡県","city":"北九州市八幡西区","town":"永犬丸南町"}],"0874":[{"pref":"福岡県","city":"北九州市八幡西区","town":"大浦"}],"0083":[{"pref":"福岡県","city":"北九州市八幡西区","town":"大平"}],"0084":[{"pref":"福岡県","city":"北九州市八幡西区","town":"大平台"}],"0077":[{"pref":"福岡県","city":"北九州市八幡西区","town":"沖田"}],"0806":[{"pref":"福岡県","city":"北九州市八幡西区","town":"御開"}],"0825":[{"pref":"福岡県","city":"北九州市八幡西区","town":"折尾（丁目）"}],"0864":[{"pref":"福岡県","city":"北九州市八幡西区","town":"折尾（番地）"}],"0844":[{"pref":"福岡県","city":"北九州市八幡西区","town":"春日台"}],"0072":[{"pref":"福岡県","city":"北九州市八幡西区","town":"上上津役"}],"0834":[{"pref":"福岡県","city":"北九州市八幡西区","town":"北鷹見町"}],"0814":[{"pref":"福岡県","city":"北九州市八幡西区","town":"貴船台"}],"0812":[{"pref":"福岡県","city":"北九州市八幡西区","town":"洞南町"}],"0827":[{"pref":"福岡県","city":"北九州市八幡西区","town":"楠木"}],"0824":[{"pref":"福岡県","city":"北九州市八幡西区","town":"光明"}],"0081":[{"pref":"福岡県","city":"北九州市八幡西区","town":"小嶺"}],"0082":[{"pref":"福岡県","city":"北九州市八幡西区","town":"小嶺台"}],"0868":[{"pref":"福岡県","city":"北九州市八幡西区","town":"さつき台"}],"0846":[{"pref":"福岡県","city":"北九州市八幡西区","town":"里中"}],"0843":[{"pref":"福岡県","city":"北九州市八幡西区","town":"三ケ森"}],"0075":[{"pref":"福岡県","city":"北九州市八幡西区","town":"下上津役"}],"0076":[{"pref":"福岡県","city":"北九州市八幡西区","town":"下上津役元町"}],"0867":[{"pref":"福岡県","city":"北九州市八幡西区","town":"自由ケ丘"}],"0855":[{"pref":"福岡県","city":"北九州市八幡西区","town":"松寿山"}],"0821":[{"pref":"福岡県","city":"北九州市八幡西区","town":"陣原"}],"0822":[{"pref":"福岡県","city":"北九州市八幡西区","town":"瀬板"}],"0829":[{"pref":"福岡県","city":"北九州市八幡西区","town":"星和町"}],"0863":[{"pref":"福岡県","city":"北九州市八幡西区","town":"大膳"}],"0853":[{"pref":"福岡県","city":"北九州市八幡西区","town":"鷹見台"}],"0803":[{"pref":"福岡県","city":"北九州市八幡西区","town":"千代ケ崎"}],"0832":[{"pref":"福岡県","city":"北九州市八幡西区","town":"東筑"}],"0085":[{"pref":"福岡県","city":"北九州市八幡西区","town":"塔野"}],"0811":[{"pref":"福岡県","city":"北九州市八幡西区","town":"洞北町"}],"0828":[{"pref":"福岡県","city":"北九州市八幡西区","town":"友田"}],"0823":[{"pref":"福岡県","city":"北九州市八幡西区","town":"中須"}],"0078":[{"pref":"福岡県","city":"北九州市八幡西区","town":"中の原"}],"0836":[{"pref":"福岡県","city":"北九州市八幡西区","town":"長崎町"}],"0862":[{"pref":"福岡県","city":"北九州市八幡西区","town":"西折尾町"}],"0831":[{"pref":"福岡県","city":"北九州市八幡西区","town":"則松"}],"0837":[{"pref":"福岡県","city":"北九州市八幡西区","town":"則松東"}],"0835":[{"pref":"福岡県","city":"北九州市八幡西区","town":"東折尾町"}],"0866":[{"pref":"福岡県","city":"北九州市八幡西区","town":"日吉台"}],"0873":[{"pref":"福岡県","city":"北九州市八幡西区","town":"藤原"}],"0857":[{"pref":"福岡県","city":"北九州市八幡西区","town":"北筑"}],"0861":[{"pref":"福岡県","city":"北九州市八幡西区","town":"堀川町"}],"0801":[{"pref":"福岡県","city":"北九州市八幡西区","town":"本城"}],"0807":[{"pref":"福岡県","city":"北九州市八幡西区","town":"本城学研台"}],"0815":[{"pref":"福岡県","city":"北九州市八幡西区","town":"本城東"}],"0073":[{"pref":"福岡県","city":"北九州市八幡西区","town":"町上津役東"}],"0074":[{"pref":"福岡県","city":"北九州市八幡西区","town":"町上津役西"}],"0841":[{"pref":"福岡県","city":"北九州市八幡西区","town":"的場町"}],"0826":[{"pref":"福岡県","city":"北九州市八幡西区","town":"丸尾町"}],"0878":[{"pref":"福岡県","city":"北九州市八幡西区","town":"三ツ頭"}],"0805":[{"pref":"福岡県","city":"北九州市八幡西区","town":"光貞台"}],"0833":[{"pref":"福岡県","city":"北九州市八幡西区","town":"南鷹見町"}],"0847":[{"pref":"福岡県","city":"北九州市八幡西区","town":"美原町"}],"0865":[{"pref":"福岡県","city":"北九州市八幡西区","town":"美吉野町"}],"0856":[{"pref":"福岡県","city":"北九州市八幡西区","town":"八枝"}],"0813":[{"pref":"福岡県","city":"北九州市八幡西区","town":"夕原町"}],"0802":[{"pref":"福岡県","city":"北九州市八幡西区","town":"力丸町"}],"0100":[{"pref":"福岡県","city":"遠賀郡芦屋町","town":"以下に掲載がない場合"}],"0133":[{"pref":"福岡県","city":"遠賀郡芦屋町","town":"芦屋"}],"0142":[{"pref":"福岡県","city":"遠賀郡芦屋町","town":"江川台"}],"0123":[{"pref":"福岡県","city":"遠賀郡芦屋町","town":"祇園町"}],"0101":[{"pref":"福岡県","city":"遠賀郡芦屋町","town":"幸町"}],"0111":[{"pref":"福岡県","city":"遠賀郡芦屋町","town":"白浜町"}],"0112":[{"pref":"福岡県","city":"遠賀郡芦屋町","town":"正門町"}],"0121":[{"pref":"福岡県","city":"遠賀郡芦屋町","town":"船頭町"}],"0122":[{"pref":"福岡県","city":"遠賀郡芦屋町","town":"高浜町"}],"0113":[{"pref":"福岡県","city":"遠賀郡芦屋町","town":"中ノ浜"}],"0102":[{"pref":"福岡県","city":"遠賀郡芦屋町","town":"西浜町"}],"0143":[{"pref":"福岡県","city":"遠賀郡芦屋町","town":"花美坂"}],"0132":[{"pref":"福岡県","city":"遠賀郡芦屋町","town":"浜口町"}],"0131":[{"pref":"福岡県","city":"遠賀郡芦屋町","town":"緑ケ丘"}],"0141":[{"pref":"福岡県","city":"遠賀郡芦屋町","town":"山鹿"}],"0000":[{"pref":"福岡県","city":"遠賀郡水巻町","town":"以下に掲載がない場合"}],"0056":[{"pref":"福岡県","city":"遠賀郡水巻町","town":"伊左座"}],"0001":[{"pref":"福岡県","city":"遠賀郡水巻町","town":"猪熊"}],"0006":[{"pref":"福岡県","city":"遠賀郡水巻町","town":"梅ノ木団地"}],"0031":[{"pref":"福岡県","city":"遠賀郡水巻町","town":"えぶり"}],"0003":[{"pref":"福岡県","city":"遠賀郡水巻町","town":"おかの台"}],"0047":[{"pref":"福岡県","city":"遠賀郡水巻町","town":"鯉口"}],"0012":[{"pref":"福岡県","city":"遠賀郡水巻町","town":"古賀"}],"0021":[{"pref":"福岡県","city":"遠賀郡水巻町","town":"頃末"}],"0022":[{"pref":"福岡県","city":"遠賀郡水巻町","town":"頃末北"}],"0025":[{"pref":"福岡県","city":"遠賀郡水巻町","town":"頃末南"}],"0043":[{"pref":"福岡県","city":"遠賀郡水巻町","town":"下二"}],"0053":[{"pref":"福岡県","city":"遠賀郡水巻町","town":"下二東"}],"0052":[{"pref":"福岡県","city":"遠賀郡水巻町","town":"下二西"}],"0024":[{"pref":"福岡県","city":"遠賀郡水巻町","town":"高尾"}],"0005":[{"pref":"福岡県","city":"遠賀郡水巻町","town":"高松"}],"0051":[{"pref":"福岡県","city":"遠賀郡水巻町","town":"立屋敷"}],"0023":[{"pref":"福岡県","city":"遠賀郡水巻町","town":"中央"}],"0002":[{"pref":"福岡県","city":"遠賀郡水巻町","town":"樋口"}],"0004":[{"pref":"福岡県","city":"遠賀郡水巻町","town":"樋口東"}],"0054":[{"pref":"福岡県","city":"遠賀郡水巻町","town":"二東"}],"0055":[{"pref":"福岡県","city":"遠賀郡水巻町","town":"二西"}],"0011":[{"pref":"福岡県","city":"遠賀郡水巻町","town":"緑ケ丘"}],"0041":[{"pref":"福岡県","city":"遠賀郡水巻町","town":"宮尾台"}],"0044":[{"pref":"福岡県","city":"遠賀郡水巻町","town":"美吉野"}],"0007":[{"pref":"福岡県","city":"遠賀郡水巻町","town":"牟田"}],"0042":[{"pref":"福岡県","city":"遠賀郡水巻町","town":"吉田"},{"pref":"福岡県","city":"遠賀郡水巻町","town":"吉田団地"}],"0046":[{"pref":"福岡県","city":"遠賀郡水巻町","town":"吉田西"}],"0045":[{"pref":"福岡県","city":"遠賀郡水巻町","town":"吉田東"}],"0048":[{"pref":"福岡県","city":"遠賀郡水巻町","town":"吉田南"}]}