{"0000":[{"pref":"大阪府","city":"堺市美原区","town":"以下に掲載がない場合"}],"0003":[{"pref":"大阪府","city":"堺市美原区","town":"阿弥"}],"0066":[{"pref":"大阪府","city":"堺市美原区","town":"石原"}],"0061":[{"pref":"大阪府","city":"堺市美原区","town":"今井"}],"0063":[{"pref":"大阪府","city":"堺市美原区","town":"大饗"}],"0051":[{"pref":"大阪府","city":"堺市美原区","town":"北余部"}],"0053":[{"pref":"大阪府","city":"堺市美原区","town":"北余部西"}],"0002":[{"pref":"大阪府","city":"堺市美原区","town":"黒山"}],"0065":[{"pref":"大阪府","city":"堺市美原区","town":"小寺"}],"0021":[{"pref":"大阪府","city":"堺市美原区","town":"小平尾"}],"0031":[{"pref":"大阪府","city":"堺市美原区","town":"さつき野西"}],"0032":[{"pref":"大阪府","city":"堺市美原区","town":"さつき野東"}],"0013":[{"pref":"大阪府","city":"堺市美原区","town":"真福寺"}],"0041":[{"pref":"大阪府","city":"堺市美原区","town":"菅生"}],"0043":[{"pref":"大阪府","city":"堺市美原区","town":"青南台"}],"0062":[{"pref":"大阪府","city":"堺市美原区","town":"太井"}],"0001":[{"pref":"大阪府","city":"堺市美原区","town":"大保"}],"0012":[{"pref":"大阪府","city":"堺市美原区","town":"多治井"}],"0011":[{"pref":"大阪府","city":"堺市美原区","town":"丹上"}],"0014":[{"pref":"大阪府","city":"堺市美原区","town":"丹南"}],"0022":[{"pref":"大阪府","city":"堺市美原区","town":"平尾"}],"0064":[{"pref":"大阪府","city":"堺市美原区","town":"菩提"}],"0052":[{"pref":"大阪府","city":"堺市美原区","town":"南余部"}],"0054":[{"pref":"大阪府","city":"堺市美原区","town":"南余部西"}],"0042":[{"pref":"大阪府","city":"堺市美原区","town":"木材通"}]}