{"1100":[{"pref":"北海道","city":"常呂郡置戸町","town":"以下に掲載がない場合"}],"1101":[{"pref":"北海道","city":"常呂郡置戸町","town":"北光"}],"1102":[{"pref":"北海道","city":"常呂郡置戸町","town":"緑"}],"1103":[{"pref":"北海道","city":"常呂郡置戸町","town":"栄二"}],"1104":[{"pref":"北海道","city":"常呂郡置戸町","town":"栄一"}],"1105":[{"pref":"北海道","city":"常呂郡置戸町","town":"洗心"}],"1106":[{"pref":"北海道","city":"常呂郡置戸町","town":"新和"}],"1112":[{"pref":"北海道","city":"常呂郡置戸町","town":"若松"}],"1113":[{"pref":"北海道","city":"常呂郡置戸町","town":"新光"}],"1114":[{"pref":"北海道","city":"常呂郡置戸町","town":"協生"}],"1115":[{"pref":"北海道","city":"常呂郡置戸町","town":"宮下"}],"1116":[{"pref":"北海道","city":"常呂郡置戸町","town":"朝日"}],"1117":[{"pref":"北海道","city":"常呂郡置戸町","town":"宮坂"}],"1118":[{"pref":"北海道","city":"常呂郡置戸町","town":"若木"}],"1121":[{"pref":"北海道","city":"常呂郡置戸町","town":"北農"}],"1122":[{"pref":"北海道","city":"常呂郡置戸町","town":"林友"}],"1123":[{"pref":"北海道","city":"常呂郡置戸町","town":"拓殖"}],"1124":[{"pref":"北海道","city":"常呂郡置戸町","town":"拓実"}],"1131":[{"pref":"北海道","city":"常呂郡置戸町","town":"中央"}],"1132":[{"pref":"北海道","city":"常呂郡置戸町","town":"協和"}],"1133":[{"pref":"北海道","city":"常呂郡置戸町","town":"更盛"}],"1134":[{"pref":"北海道","city":"常呂郡置戸町","town":"十全"}],"1135":[{"pref":"北海道","city":"常呂郡置戸町","town":"国栄"}],"1136":[{"pref":"北海道","city":"常呂郡置戸町","town":"日進"}],"1137":[{"pref":"北海道","city":"常呂郡置戸町","town":"大美"}],"1138":[{"pref":"北海道","city":"常呂郡置戸町","town":"中里"}],"1251":[{"pref":"北海道","city":"常呂郡置戸町","town":"安住"}],"1252":[{"pref":"北海道","city":"常呂郡置戸町","town":"勝山"}],"1253":[{"pref":"北海道","city":"常呂郡置戸町","town":"春日"}],"1254":[{"pref":"北海道","city":"常呂郡置戸町","town":"常元"}],"1361":[{"pref":"北海道","city":"常呂郡置戸町","town":"境野"}],"1362":[{"pref":"北海道","city":"常呂郡置戸町","town":"雄勝"}],"1363":[{"pref":"北海道","city":"常呂郡置戸町","town":"幸岡"}],"1364":[{"pref":"北海道","city":"常呂郡置戸町","town":"秋田"}],"1365":[{"pref":"北海道","city":"常呂郡置戸町","town":"豊住"}],"1366":[{"pref":"北海道","city":"常呂郡置戸町","town":"川南"}],"1367":[{"pref":"北海道","city":"常呂郡置戸町","town":"常盤"}],"1400":[{"pref":"北海道","city":"常呂郡訓子府町","town":"以下に掲載がない場合"}],"1401":[{"pref":"北海道","city":"常呂郡訓子府町","town":"日出"}],"1402":[{"pref":"北海道","city":"常呂郡訓子府町","town":"穂波"}],"1403":[{"pref":"北海道","city":"常呂郡訓子府町","town":"東幸町"}],"1404":[{"pref":"北海道","city":"常呂郡訓子府町","town":"柏丘"}],"1405":[{"pref":"北海道","city":"常呂郡訓子府町","town":"高園"}],"1406":[{"pref":"北海道","city":"常呂郡訓子府町","town":"弥生"}],"1407":[{"pref":"北海道","city":"常呂郡訓子府町","town":"福野"}],"1411":[{"pref":"北海道","city":"常呂郡訓子府町","town":"大谷"}],"1412":[{"pref":"北海道","city":"常呂郡訓子府町","town":"緑丘"}],"1413":[{"pref":"北海道","city":"常呂郡訓子府町","town":"協成"}],"1414":[{"pref":"北海道","city":"常呂郡訓子府町","town":"開盛"}],"1415":[{"pref":"北海道","city":"常呂郡訓子府町","town":"美園"}],"1416":[{"pref":"北海道","city":"常呂郡訓子府町","town":"常盤"}],"1417":[{"pref":"北海道","city":"常呂郡訓子府町","town":"末広町"}],"1418":[{"pref":"北海道","city":"常呂郡訓子府町","town":"実郷"}],"1421":[{"pref":"北海道","city":"常呂郡訓子府町","town":"駒里"}],"1422":[{"pref":"北海道","city":"常呂郡訓子府町","town":"北栄"}],"1423":[{"pref":"北海道","city":"常呂郡訓子府町","town":"西幸町"}],"1424":[{"pref":"北海道","city":"常呂郡訓子府町","town":"西富"}],"1425":[{"pref":"北海道","city":"常呂郡訓子府町","town":"若葉町"}],"1426":[{"pref":"北海道","city":"常呂郡訓子府町","town":"清住"}],"1427":[{"pref":"北海道","city":"常呂郡訓子府町","town":"豊坂"}],"1431":[{"pref":"北海道","city":"常呂郡訓子府町","town":"東町"}],"1432":[{"pref":"北海道","city":"常呂郡訓子府町","town":"旭町"}],"1433":[{"pref":"北海道","city":"常呂郡訓子府町","town":"仲町"}],"1434":[{"pref":"北海道","city":"常呂郡訓子府町","town":"栄町"}],"1435":[{"pref":"北海道","city":"常呂郡訓子府町","town":"若富町"}],"1436":[{"pref":"北海道","city":"常呂郡訓子府町","town":"大町"}],"1437":[{"pref":"北海道","city":"常呂郡訓子府町","town":"元町"}],"1581":[{"pref":"北海道","city":"北見市","town":"南丘"}],"1582":[{"pref":"北海道","city":"北見市","town":"開成"}],"1583":[{"pref":"北海道","city":"北見市","town":"北上"}],"1584":[{"pref":"北海道","city":"北見市","town":"常川"}],"1585":[{"pref":"北海道","city":"北見市","town":"上ところ"}],"1586":[{"pref":"北海道","city":"北見市","town":"広郷"}],"1587":[{"pref":"北海道","city":"北見市","town":"豊地"}],"2101":[{"pref":"北海道","city":"北見市","town":"端野町一区"}],"2102":[{"pref":"北海道","city":"北見市","town":"端野町二区"}],"2103":[{"pref":"北海道","city":"北見市","town":"端野町三区"}],"2104":[{"pref":"北海道","city":"北見市","town":"端野町端野"}],"2105":[{"pref":"北海道","city":"北見市","town":"端野町忠志"}],"2106":[{"pref":"北海道","city":"北見市","town":"端野町協和"}],"2107":[{"pref":"北海道","city":"北見市","town":"端野町川向"}],"2111":[{"pref":"北海道","city":"北見市","town":"端野町北登"}],"2112":[{"pref":"北海道","city":"北見市","town":"端野町豊実"}],"2231":[{"pref":"北海道","city":"北見市","town":"端野町緋牛内"}],"2300":[{"pref":"北海道","city":"網走郡大空町","town":"以下に掲載がない場合"}],"2301":[{"pref":"北海道","city":"網走郡大空町","town":"女満別本郷"}],"2302":[{"pref":"北海道","city":"網走郡大空町","town":"女満別住吉"}],"2303":[{"pref":"北海道","city":"網走郡大空町","town":"女満別豊里"}],"2304":[{"pref":"北海道","city":"網走郡大空町","town":"女満別公園"}],"2305":[{"pref":"北海道","city":"網走郡大空町","town":"女満別東陽"}],"2306":[{"pref":"北海道","city":"網走郡大空町","town":"女満別湖畔"}],"2310":[{"pref":"北海道","city":"網走郡大空町","town":"女満別本通"}],"2311":[{"pref":"北海道","city":"網走郡大空町","town":"女満別東一条"}],"2312":[{"pref":"北海道","city":"網走郡大空町","town":"女満別東二条"}],"2321":[{"pref":"北海道","city":"網走郡大空町","town":"女満別西一条"}],"2322":[{"pref":"北海道","city":"網走郡大空町","town":"女満別西二条"}],"2323":[{"pref":"北海道","city":"網走郡大空町","town":"女満別西三条"}],"2324":[{"pref":"北海道","city":"網走郡大空町","town":"女満別西四条"}],"2325":[{"pref":"北海道","city":"網走郡大空町","town":"女満別西五条"}],"2326":[{"pref":"北海道","city":"網走郡大空町","town":"女満別西六条"}],"2327":[{"pref":"北海道","city":"網走郡大空町","town":"女満別西七条"}],"2351":[{"pref":"北海道","city":"網走郡大空町","town":"女満別公園通"}],"2354":[{"pref":"北海道","city":"網走郡大空町","town":"女満別眺湖台"}],"2355":[{"pref":"北海道","city":"網走郡大空町","town":"女満別夕陽台"}],"2356":[{"pref":"北海道","city":"網走郡大空町","town":"女満別昭和"}],"2361":[{"pref":"北海道","city":"網走郡大空町","town":"女満別湖南"}],"2362":[{"pref":"北海道","city":"網走郡大空町","town":"女満別朝日"}],"2371":[{"pref":"北海道","city":"網走郡大空町","town":"女満別中央"}],"2372":[{"pref":"北海道","city":"網走郡大空町","town":"女満別大東"}],"2373":[{"pref":"北海道","city":"網走郡大空町","town":"女満別巴沢"}],"2381":[{"pref":"北海道","city":"網走郡大空町","town":"女満別大成"}],"2382":[{"pref":"北海道","city":"網走郡大空町","town":"女満別開陽"}],"2383":[{"pref":"北海道","city":"網走郡大空町","town":"女満別日進"}],"2421":[{"pref":"北海道","city":"網走市","town":"呼人"}],"2422":[{"pref":"北海道","city":"網走市","town":"八坂"}],"2423":[{"pref":"北海道","city":"網走市","town":"東網走"}],"2424":[{"pref":"北海道","city":"網走市","town":"中園"}],"3111":[{"pref":"北海道","city":"網走市","town":"藻琴"}],"3112":[{"pref":"北海道","city":"網走市","town":"北浜"}],"3113":[{"pref":"北海道","city":"網走市","town":"実豊"}],"3114":[{"pref":"北海道","city":"網走市","town":"丸万"}],"3115":[{"pref":"北海道","city":"網走市","town":"稲富"}],"3116":[{"pref":"北海道","city":"網走市","town":"山里"}],"3117":[{"pref":"北海道","city":"網走市","town":"昭和"}],"3118":[{"pref":"北海道","city":"網走市","town":"豊郷"}],"3119":[{"pref":"北海道","city":"網走市","town":"鱒浦"}],"3201":[{"pref":"北海道","city":"網走郡大空町","town":"東藻琴（西区）"}],"3202":[{"pref":"北海道","city":"網走郡大空町","town":"東藻琴西倉"}],"3211":[{"pref":"北海道","city":"網走郡大空町","town":"東藻琴（北１区）"}],"3212":[{"pref":"北海道","city":"網走郡大空町","town":"東藻琴（北２区）"}],"3213":[{"pref":"北海道","city":"網走郡大空町","town":"東藻琴（中央区）"}],"3214":[{"pref":"北海道","city":"網走郡大空町","town":"東藻琴（南区）"}],"3221":[{"pref":"北海道","city":"網走郡大空町","town":"東藻琴大進"}],"3222":[{"pref":"北海道","city":"網走郡大空町","town":"東藻琴新富"}],"3223":[{"pref":"北海道","city":"網走郡大空町","town":"東藻琴（東区）"}],"3224":[{"pref":"北海道","city":"網走郡大空町","town":"東藻琴明生"}],"3225":[{"pref":"北海道","city":"網走郡大空町","town":"東藻琴（旭台）"}],"3231":[{"pref":"北海道","city":"網走郡大空町","town":"東藻琴千草"}],"3232":[{"pref":"北海道","city":"網走郡大空町","town":"東藻琴末広"}],"3233":[{"pref":"北海道","city":"網走郡大空町","town":"東藻琴（上東）"}],"3234":[{"pref":"北海道","city":"網走郡大空町","town":"東藻琴福富"}],"3243":[{"pref":"北海道","city":"網走郡大空町","town":"東藻琴山園"}],"3244":[{"pref":"北海道","city":"網走郡大空町","town":"東藻琴（その他）"}],"3451":[{"pref":"北海道","city":"斜里郡小清水町","town":"倉栄"}],"3452":[{"pref":"北海道","city":"斜里郡小清水町","town":"浜小清水"}],"3453":[{"pref":"北海道","city":"斜里郡小清水町","town":"北斗"}],"3454":[{"pref":"北海道","city":"斜里郡小清水町","town":"止別"}],"3501":[{"pref":"北海道","city":"網走市","town":"音根内"}],"3502":[{"pref":"北海道","city":"網走市","town":"浦士別"}],"3503":[{"pref":"北海道","city":"網走市","town":"栄"}],"3504":[{"pref":"北海道","city":"網走市","town":"清浦"}],"3600":[{"pref":"北海道","city":"斜里郡小清水町","town":"以下に掲載がない場合"}],"3601":[{"pref":"北海道","city":"斜里郡小清水町","town":"萱野"}],"3602":[{"pref":"北海道","city":"斜里郡小清水町","town":"東野"}],"3603":[{"pref":"北海道","city":"斜里郡小清水町","town":"泉"}],"3604":[{"pref":"北海道","city":"斜里郡小清水町","town":"水上"}],"3605":[{"pref":"北海道","city":"斜里郡小清水町","town":"もこと山"}],"3611":[{"pref":"北海道","city":"斜里郡小清水町","town":"上徳"}],"3612":[{"pref":"北海道","city":"斜里郡小清水町","town":"共和"}],"3613":[{"pref":"北海道","city":"斜里郡小清水町","town":"神浦"}],"3614":[{"pref":"北海道","city":"斜里郡小清水町","town":"美和"}],"3615":[{"pref":"北海道","city":"斜里郡小清水町","town":"中里"}],"3616":[{"pref":"北海道","city":"斜里郡小清水町","town":"旭"}],"3641":[{"pref":"北海道","city":"斜里郡小清水町","town":"元町"}],"3642":[{"pref":"北海道","city":"斜里郡小清水町","town":"南町"}],"4100":[{"pref":"北海道","city":"斜里郡斜里町","town":"以下に掲載がない場合"}],"4111":[{"pref":"北海道","city":"斜里郡斜里町","town":"前浜町"}],"4112":[{"pref":"北海道","city":"斜里郡斜里町","town":"港町"}],"4113":[{"pref":"北海道","city":"斜里郡斜里町","town":"本町"}],"4114":[{"pref":"北海道","city":"斜里郡斜里町","town":"朝日町"}],"4115":[{"pref":"北海道","city":"斜里郡斜里町","town":"光陽町"}],"4116":[{"pref":"北海道","city":"斜里郡斜里町","town":"文光町"}],"4117":[{"pref":"北海道","city":"斜里郡斜里町","town":"青葉町"}],"4118":[{"pref":"北海道","city":"斜里郡斜里町","town":"新光町"}],"4121":[{"pref":"北海道","city":"斜里郡斜里町","town":"日の出"}],"4122":[{"pref":"北海道","city":"斜里郡斜里町","town":"峰浜"}],"4123":[{"pref":"北海道","city":"斜里郡斜里町","town":"朱円東"}],"4124":[{"pref":"北海道","city":"斜里郡斜里町","town":"朱円"}],"4125":[{"pref":"北海道","city":"斜里郡斜里町","town":"朱円西"}],"4126":[{"pref":"北海道","city":"斜里郡斜里町","town":"以久科北"}],"4127":[{"pref":"北海道","city":"斜里郡斜里町","town":"以久科南"}],"4131":[{"pref":"北海道","city":"斜里郡斜里町","town":"越川"}],"4132":[{"pref":"北海道","city":"斜里郡斜里町","town":"富士"}],"4133":[{"pref":"北海道","city":"斜里郡斜里町","town":"三井"}],"4134":[{"pref":"北海道","city":"斜里郡斜里町","town":"豊里"}],"4135":[{"pref":"北海道","city":"斜里郡斜里町","town":"来運"}],"4141":[{"pref":"北海道","city":"斜里郡斜里町","town":"豊倉"}],"4142":[{"pref":"北海道","city":"斜里郡斜里町","town":"中斜里"}],"4143":[{"pref":"北海道","city":"斜里郡斜里町","town":"川上"}],"4144":[{"pref":"北海道","city":"斜里郡斜里町","town":"大栄"}],"4145":[{"pref":"北海道","city":"斜里郡斜里町","town":"美咲"}],"4146":[{"pref":"北海道","city":"斜里郡斜里町","town":"港西町"}],"4147":[{"pref":"北海道","city":"斜里郡斜里町","town":"西町"}],"4351":[{"pref":"北海道","city":"斜里郡斜里町","town":"ウトロ香川"}],"4352":[{"pref":"北海道","city":"斜里郡斜里町","town":"ウトロ高原"}],"4353":[{"pref":"北海道","city":"斜里郡斜里町","town":"ウトロ中島"}],"4354":[{"pref":"北海道","city":"斜里郡斜里町","town":"ウトロ西"}],"4355":[{"pref":"北海道","city":"斜里郡斜里町","town":"ウトロ東"}],"4356":[{"pref":"北海道","city":"斜里郡斜里町","town":"岩尾別"}],"4357":[{"pref":"北海道","city":"斜里郡斜里町","town":"真鯉"}],"4400":[{"pref":"北海道","city":"斜里郡清里町","town":"以下に掲載がない場合"}],"4401":[{"pref":"北海道","city":"斜里郡清里町","town":"上斜里"}],"4402":[{"pref":"北海道","city":"斜里郡清里町","town":"下江鳶"}],"4403":[{"pref":"北海道","city":"斜里郡清里町","town":"向陽"}],"4404":[{"pref":"北海道","city":"斜里郡清里町","town":"江南"}],"4405":[{"pref":"北海道","city":"斜里郡清里町","town":"羽衣町"}],"4406":[{"pref":"北海道","city":"斜里郡清里町","town":"水元町"}],"4407":[{"pref":"北海道","city":"斜里郡清里町","town":"新町"}],"4521":[{"pref":"北海道","city":"斜里郡清里町","town":"札弦町"}],"4522":[{"pref":"北海道","city":"斜里郡清里町","town":"神威"}],"4523":[{"pref":"北海道","city":"斜里郡清里町","town":"川向"}],"4524":[{"pref":"北海道","city":"斜里郡清里町","town":"青葉"}],"4525":[{"pref":"北海道","city":"斜里郡清里町","town":"緑町"}],"4526":[{"pref":"北海道","city":"斜里郡清里町","town":"清泉"}],"5171":[{"pref":"北海道","city":"紋別市","town":"渚滑町"}],"5172":[{"pref":"北海道","city":"紋別市","town":"渚滑町元新"}],"5173":[{"pref":"北海道","city":"紋別市","town":"渚滑町元西"}],"5174":[{"pref":"北海道","city":"紋別市","town":"渚滑町宇津々"}],"5175":[{"pref":"北海道","city":"紋別市","town":"渚滑町川向"}],"5351":[{"pref":"北海道","city":"紋別市","town":"上渚滑町下渚滑"}],"5352":[{"pref":"北海道","city":"紋別市","town":"上渚滑町中渚滑"}],"5353":[{"pref":"北海道","city":"紋別市","town":"上渚滑町上東"}],"5354":[{"pref":"北海道","city":"紋別市","town":"上渚滑町"}],"5355":[{"pref":"北海道","city":"紋別市","town":"上渚滑町更生"}],"5361":[{"pref":"北海道","city":"紋別市","town":"上渚滑町和訓辺"}],"5362":[{"pref":"北海道","city":"紋別市","town":"上渚滑町奥東"}],"5363":[{"pref":"北海道","city":"紋別市","town":"上渚滑町下立牛"}],"5364":[{"pref":"北海道","city":"紋別市","town":"上渚滑町上古丹"}],"5365":[{"pref":"北海道","city":"紋別市","town":"上渚滑町中立牛"}],"5541":[{"pref":"北海道","city":"紋別郡滝上町","town":"濁川中央"}],"5542":[{"pref":"北海道","city":"紋別郡滝上町","town":"濁川みどり町"}],"5543":[{"pref":"北海道","city":"紋別郡滝上町","town":"新町"}],"5544":[{"pref":"北海道","city":"紋別郡滝上町","town":"雄鎮内"}],"5551":[{"pref":"北海道","city":"紋別郡滝上町","town":"大正"}],"5552":[{"pref":"北海道","city":"紋別郡滝上町","town":"滝下"}],"5553":[{"pref":"北海道","city":"紋別郡滝上町","town":"雄柏"}],"5600":[{"pref":"北海道","city":"紋別郡滝上町","town":"以下に掲載がない場合"}],"5601":[{"pref":"北海道","city":"紋別郡滝上町","town":"あけぼの町"}],"5602":[{"pref":"北海道","city":"紋別郡滝上町","town":"旭町"}],"5603":[{"pref":"北海道","city":"紋別郡滝上町","town":"滝美町"}],"5604":[{"pref":"北海道","city":"紋別郡滝上町","town":"元町"}],"5605":[{"pref":"北海道","city":"紋別郡滝上町","town":"栄町"}],"5606":[{"pref":"北海道","city":"紋別郡滝上町","town":"幸町"}],"5611":[{"pref":"北海道","city":"紋別郡滝上町","town":"第１区"}],"5612":[{"pref":"北海道","city":"紋別郡滝上町","town":"白鳥"},{"pref":"北海道","city":"紋別郡滝上町","town":"第２区"}],"5613":[{"pref":"北海道","city":"紋別郡滝上町","town":"第３区"},{"pref":"北海道","city":"紋別郡滝上町","town":"第４区"},{"pref":"北海道","city":"紋別郡滝上町","town":"第５区"},{"pref":"北海道","city":"紋別郡滝上町","town":"滝西"}],"5614":[{"pref":"北海道","city":"紋別郡滝上町","town":"札久留"}],"6131":[{"pref":"北海道","city":"紋別市","town":"一本松"},{"pref":"北海道","city":"紋別市","town":"八十士"}],"6132":[{"pref":"北海道","city":"紋別市","town":"小向"}],"6133":[{"pref":"北海道","city":"紋別市","town":"弘道"}],"6241":[{"pref":"北海道","city":"紋別市","town":"沼の上"}],"6242":[{"pref":"北海道","city":"紋別市","town":"志文"}],"6271":[{"pref":"北海道","city":"紋別郡湧別町","town":"信部内"}],"6272":[{"pref":"北海道","city":"紋別郡湧別町","town":"緑蔭"}],"6321":[{"pref":"北海道","city":"紋別郡湧別町","town":"旭"}],"6322":[{"pref":"北海道","city":"紋別郡湧別町","town":"北兵村三区"}],"6323":[{"pref":"北海道","city":"紋別郡湧別町","town":"北兵村二区"}],"6325":[{"pref":"北海道","city":"紋別郡湧別町","town":"北兵村一区"}],"6326":[{"pref":"北海道","city":"紋別郡湧別町","town":"中湧別北町"}],"6327":[{"pref":"北海道","city":"紋別郡湧別町","town":"中湧別東町"}],"6328":[{"pref":"北海道","city":"紋別郡湧別町","town":"中湧別南町"}],"6329":[{"pref":"北海道","city":"紋別郡湧別町","town":"中湧別中町"}],"6400":[{"pref":"北海道","city":"紋別郡湧別町","town":"以下に掲載がない場合"}],"6401":[{"pref":"北海道","city":"紋別郡湧別町","town":"港町"}],"6402":[{"pref":"北海道","city":"紋別郡湧別町","town":"曙町"}],"6403":[{"pref":"北海道","city":"紋別郡湧別町","town":"緑町"}],"6404":[{"pref":"北海道","city":"紋別郡湧別町","town":"栄町"}],"6411":[{"pref":"北海道","city":"紋別郡湧別町","town":"東"}],"6412":[{"pref":"北海道","city":"紋別郡湧別町","town":"登栄床"}],"6413":[{"pref":"北海道","city":"紋別郡湧別町","town":"福島（その他）"}],"6414":[{"pref":"北海道","city":"紋別郡湧別町","town":"錦町"}],"6415":[{"pref":"北海道","city":"紋別郡湧別町","town":"川西"}],"6501":[{"pref":"北海道","city":"紋別郡湧別町","town":"上湧別屯田市街地"}],"6503":[{"pref":"北海道","city":"紋別郡湧別町","town":"開盛"}],"6504":[{"pref":"北海道","city":"紋別郡湧別町","town":"上富美"}],"6505":[{"pref":"北海道","city":"紋別郡湧別町","town":"富美"}],"6506":[{"pref":"北海道","city":"紋別郡湧別町","town":"札富美"}],"6507":[{"pref":"北海道","city":"紋別郡湧別町","town":"南兵村三区"}],"6508":[{"pref":"北海道","city":"紋別郡湧別町","town":"南兵村二区"}],"6509":[{"pref":"北海道","city":"紋別郡湧別町","town":"南兵村一区"}],"0871":[{"pref":"北海道","city":"北見市","town":"相内町"}],"0877":[{"pref":"北海道","city":"北見市","town":"柏木"}],"0874":[{"pref":"北海道","city":"北見市","town":"住吉"}],"0876":[{"pref":"北海道","city":"北見市","town":"富里"}],"0872":[{"pref":"北海道","city":"北見市","town":"豊田"}],"0873":[{"pref":"北海道","city":"北見市","town":"西相内"}],"0878":[{"pref":"北海道","city":"北見市","town":"東相内町"}],"0875":[{"pref":"北海道","city":"北見市","town":"本沢"}],"0879":[{"pref":"北海道","city":"北見市","town":"美園"}],"0400":[{"pref":"北海道","city":"紋別郡遠軽町","town":"以下に掲載がない場合"}],"0701":[{"pref":"北海道","city":"紋別郡遠軽町","town":"生田原"}],"0623":[{"pref":"北海道","city":"紋別郡遠軽町","town":"生田原旭野"}],"0702":[{"pref":"北海道","city":"紋別郡遠軽町","town":"生田原伊吹"}],"0704":[{"pref":"北海道","city":"紋別郡遠軽町","town":"生田原岩戸"}],"0705":[{"pref":"北海道","city":"紋別郡遠軽町","town":"生田原清里"}],"0624":[{"pref":"北海道","city":"紋別郡遠軽町","town":"生田原豊原"}],"0621":[{"pref":"北海道","city":"紋別郡遠軽町","town":"生田原水穂"}],"0703":[{"pref":"北海道","city":"紋別郡遠軽町","town":"生田原八重"}],"0622":[{"pref":"北海道","city":"紋別郡遠軽町","town":"生田原安国"}],"0415":[{"pref":"北海道","city":"紋別郡遠軽町","town":"岩見通南"}],"0405":[{"pref":"北海道","city":"紋別郡遠軽町","town":"岩見通北"}],"0416":[{"pref":"北海道","city":"紋別郡遠軽町","town":"大通南"}],"0404":[{"pref":"北海道","city":"紋別郡遠軽町","town":"大通北"}],"0126":[{"pref":"北海道","city":"紋別郡遠軽町","town":"奥白滝"}],"0401":[{"pref":"北海道","city":"紋別郡遠軽町","town":"学田"}],"0347":[{"pref":"北海道","city":"紋別郡遠軽町","town":"柏"}],"0127":[{"pref":"北海道","city":"紋別郡遠軽町","town":"上白滝"}],"0102":[{"pref":"北海道","city":"紋別郡遠軽町","town":"旧白滝"}],"0422":[{"pref":"北海道","city":"紋別郡遠軽町","town":"清川"}],"0413":[{"pref":"北海道","city":"紋別郡遠軽町","town":"寿町"}],"0343":[{"pref":"北海道","city":"紋別郡遠軽町","town":"栄野"}],"0101":[{"pref":"北海道","city":"紋別郡遠軽町","town":"下白滝"}],"0426":[{"pref":"北海道","city":"紋別郡遠軽町","town":"社名淵"}],"0111":[{"pref":"北海道","city":"紋別郡遠軽町","town":"白滝"}],"0123":[{"pref":"北海道","city":"紋別郡遠軽町","town":"白滝上支湧別"}],"0121":[{"pref":"北海道","city":"紋別郡遠軽町","town":"白滝北支湧別"}],"0122":[{"pref":"北海道","city":"紋別郡遠軽町","town":"白滝支湧別"}],"0125":[{"pref":"北海道","city":"紋別郡遠軽町","town":"白滝天狗平"}],"0341":[{"pref":"北海道","city":"紋別郡遠軽町","town":"瀬戸瀬東町"}],"0342":[{"pref":"北海道","city":"紋別郡遠軽町","town":"瀬戸瀬西町"}],"0425":[{"pref":"北海道","city":"紋別郡遠軽町","town":"千代田"}],"0408":[{"pref":"北海道","city":"紋別郡遠軽町","town":"留岡"}],"0412":[{"pref":"北海道","city":"紋別郡遠軽町","town":"豊里"}],"0428":[{"pref":"北海道","city":"紋別郡遠軽町","town":"西町"}],"0344":[{"pref":"北海道","city":"紋別郡遠軽町","town":"野上"}],"0124":[{"pref":"北海道","city":"紋別郡遠軽町","town":"東白滝"}],"0410":[{"pref":"北海道","city":"紋別郡遠軽町","town":"東町"}],"0421":[{"pref":"北海道","city":"紋別郡遠軽町","town":"福路"}],"0211":[{"pref":"北海道","city":"紋別郡遠軽町","town":"丸瀬布金山"}],"0212":[{"pref":"北海道","city":"紋別郡遠軽町","town":"丸瀬布上丸"}],"0213":[{"pref":"北海道","city":"紋別郡遠軽町","town":"丸瀬布上武利"}],"0201":[{"pref":"北海道","city":"紋別郡遠軽町","town":"丸瀬布新町"}],"0214":[{"pref":"北海道","city":"紋別郡遠軽町","town":"丸瀬布大平"}],"0202":[{"pref":"北海道","city":"紋別郡遠軽町","town":"丸瀬布天神町"}],"0203":[{"pref":"北海道","city":"紋別郡遠軽町","town":"丸瀬布中町"}],"0204":[{"pref":"北海道","city":"紋別郡遠軽町","town":"丸瀬布西町"}],"0205":[{"pref":"北海道","city":"紋別郡遠軽町","town":"丸瀬布東町"}],"0206":[{"pref":"北海道","city":"紋別郡遠軽町","town":"丸瀬布水谷町"}],"0215":[{"pref":"北海道","city":"紋別郡遠軽町","town":"丸瀬布南丸"}],"0216":[{"pref":"北海道","city":"紋別郡遠軽町","town":"丸瀬布武利"}],"0207":[{"pref":"北海道","city":"紋別郡遠軽町","town":"丸瀬布元町"}],"0407":[{"pref":"北海道","city":"紋別郡遠軽町","town":"丸大"}],"0414":[{"pref":"北海道","city":"紋別郡遠軽町","town":"南町"}],"0427":[{"pref":"北海道","city":"紋別郡遠軽町","town":"見晴"}],"0424":[{"pref":"北海道","city":"紋別郡遠軽町","town":"美山"}],"0406":[{"pref":"北海道","city":"紋別郡遠軽町","town":"宮前町"}],"0411":[{"pref":"北海道","city":"紋別郡遠軽町","town":"向遠軽"}],"0345":[{"pref":"北海道","city":"紋別郡遠軽町","town":"湯の里"}],"0346":[{"pref":"北海道","city":"紋別郡遠軽町","town":"若咲内"}],"0423":[{"pref":"北海道","city":"紋別郡遠軽町","town":"若松"}],"0417":[{"pref":"北海道","city":"紋別郡遠軽町","town":"一条通南"}],"0403":[{"pref":"北海道","city":"紋別郡遠軽町","town":"一条通北"}],"0418":[{"pref":"北海道","city":"紋別郡遠軽町","town":"二条通南"}],"0402":[{"pref":"北海道","city":"紋別郡遠軽町","town":"二条通北"}]}