{"1101":[{"pref":"愛媛県","city":"西予市","town":"野村町白髭"}],"1102":[{"pref":"愛媛県","city":"西予市","town":"野村町松渓"}],"1103":[{"pref":"愛媛県","city":"西予市","town":"野村町四郎谷"}],"1104":[{"pref":"愛媛県","city":"西予市","town":"野村町河西"}],"1105":[{"pref":"愛媛県","city":"西予市","town":"野村町長谷"}],"1106":[{"pref":"愛媛県","city":"西予市","town":"野村町旭"}],"1107":[{"pref":"愛媛県","city":"西予市","town":"野村町鳥鹿野"}],"1211":[{"pref":"愛媛県","city":"西予市","town":"野村町阿下"}],"1212":[{"pref":"愛媛県","city":"西予市","town":"野村町野村"}],"1213":[{"pref":"愛媛県","city":"西予市","town":"野村町片川"}],"1214":[{"pref":"愛媛県","city":"西予市","town":"野村町富野川"}],"1215":[{"pref":"愛媛県","city":"西予市","town":"野村町高瀬"}],"1216":[{"pref":"愛媛県","city":"西予市","town":"野村町蔵良"}],"1217":[{"pref":"愛媛県","city":"西予市","town":"野村町平野"}],"1321":[{"pref":"愛媛県","city":"西予市","town":"野村町予子林"}],"1322":[{"pref":"愛媛県","city":"西予市","town":"野村町坂石"}],"1323":[{"pref":"愛媛県","city":"西予市","town":"野村町釜川"}],"1324":[{"pref":"愛媛県","city":"西予市","town":"野村町大西"}],"1325":[{"pref":"愛媛県","city":"西予市","town":"野村町中通川"}],"1326":[{"pref":"愛媛県","city":"西予市","town":"野村町鎌田"}],"1327":[{"pref":"愛媛県","city":"西予市","town":"野村町栗木"}],"1328":[{"pref":"愛媛県","city":"西予市","town":"野村町西"}],"1431":[{"pref":"愛媛県","city":"西予市","town":"野村町舟戸"}],"1432":[{"pref":"愛媛県","city":"西予市","town":"野村町惣川"}],"1433":[{"pref":"愛媛県","city":"西予市","town":"野村町小松"}],"1434":[{"pref":"愛媛県","city":"西予市","town":"野村町大野ケ原"}],"1501":[{"pref":"愛媛県","city":"大洲市","town":"肱川町中居谷"}],"1502":[{"pref":"愛媛県","city":"大洲市","town":"肱川町名荷谷"}],"1503":[{"pref":"愛媛県","city":"大洲市","town":"肱川町宇和川"}],"1504":[{"pref":"愛媛県","city":"大洲市","town":"肱川町山鳥坂"}],"1505":[{"pref":"愛媛県","city":"大洲市","town":"肱川町予子林"}],"1506":[{"pref":"愛媛県","city":"大洲市","town":"肱川町中津"}],"1507":[{"pref":"愛媛県","city":"大洲市","town":"肱川町大谷"}],"1508":[{"pref":"愛媛県","city":"大洲市","town":"肱川町西"}],"1601":[{"pref":"愛媛県","city":"大洲市","town":"河辺町植松"}],"1602":[{"pref":"愛媛県","city":"大洲市","town":"河辺町山鳥坂"}],"1603":[{"pref":"愛媛県","city":"大洲市","town":"河辺町横山"}],"1604":[{"pref":"愛媛県","city":"大洲市","town":"河辺町川崎"}],"1605":[{"pref":"愛媛県","city":"大洲市","town":"河辺町河都"}],"1606":[{"pref":"愛媛県","city":"大洲市","town":"河辺町三嶋"}],"1607":[{"pref":"愛媛県","city":"大洲市","town":"河辺町川上"}],"1608":[{"pref":"愛媛県","city":"大洲市","town":"河辺町北平"}],"1701":[{"pref":"愛媛県","city":"西予市","town":"城川町土居"}],"1702":[{"pref":"愛媛県","city":"西予市","town":"城川町古市"}],"1703":[{"pref":"愛媛県","city":"西予市","town":"城川町窪野"}],"1704":[{"pref":"愛媛県","city":"西予市","town":"城川町川津南"}],"1705":[{"pref":"愛媛県","city":"西予市","town":"城川町高野子"}],"1711":[{"pref":"愛媛県","city":"西予市","town":"城川町野井川"}],"1712":[{"pref":"愛媛県","city":"西予市","town":"城川町遊子谷"}],"1713":[{"pref":"愛媛県","city":"西予市","town":"城川町嘉喜尾"}],"1714":[{"pref":"愛媛県","city":"西予市","town":"城川町男河内"}],"1715":[{"pref":"愛媛県","city":"西予市","town":"城川町田穂"}],"1716":[{"pref":"愛媛県","city":"西予市","town":"城川町魚成"}],"1717":[{"pref":"愛媛県","city":"西予市","town":"城川町下相"}],"0000":[{"pref":"愛媛県","city":"西予市","town":"以下に掲載がない場合"}],"0113":[{"pref":"愛媛県","city":"西予市","town":"明浜町狩浜"}],"0201":[{"pref":"愛媛県","city":"西予市","town":"明浜町高山"}],"0203":[{"pref":"愛媛県","city":"西予市","town":"明浜町田之浜"}],"0111":[{"pref":"愛媛県","city":"西予市","town":"明浜町俵津"}],"0112":[{"pref":"愛媛県","city":"西予市","town":"明浜町渡江"}],"0202":[{"pref":"愛媛県","city":"西予市","town":"明浜町宮野浦"}],"0010":[{"pref":"愛媛県","city":"西予市","town":"宇和町明間"}],"0007":[{"pref":"愛媛県","city":"西予市","town":"宇和町明石"}],"0014":[{"pref":"愛媛県","city":"西予市","town":"宇和町伊賀上"}],"0004":[{"pref":"愛媛県","city":"西予市","town":"宇和町伊崎"}],"0013":[{"pref":"愛媛県","city":"西予市","town":"宇和町稲生"}],"0034":[{"pref":"愛媛県","city":"西予市","town":"宇和町伊延"}],"0026":[{"pref":"愛媛県","city":"西予市","town":"宇和町岩木"}],"0015":[{"pref":"愛媛県","city":"西予市","town":"宇和町卯之町"}],"0043":[{"pref":"愛媛県","city":"西予市","town":"宇和町大江"}],"0033":[{"pref":"愛媛県","city":"西予市","town":"宇和町岡山"}],"0022":[{"pref":"愛媛県","city":"西予市","town":"宇和町小野田"}],"0027":[{"pref":"愛媛県","city":"西予市","town":"宇和町小原"}],"0012":[{"pref":"愛媛県","city":"西予市","town":"宇和町皆田"}],"0046":[{"pref":"愛媛県","city":"西予市","town":"宇和町上松葉"}],"0044":[{"pref":"愛媛県","city":"西予市","town":"宇和町加茂"}],"0035":[{"pref":"愛媛県","city":"西予市","town":"宇和町河内"}],"0030":[{"pref":"愛媛県","city":"西予市","town":"宇和町清沢"}],"0036":[{"pref":"愛媛県","city":"西予市","town":"宇和町久保"}],"0003":[{"pref":"愛媛県","city":"西予市","town":"宇和町窪"}],"0025":[{"pref":"愛媛県","city":"西予市","town":"宇和町郷内"}],"0045":[{"pref":"愛媛県","city":"西予市","town":"宇和町坂戸"}],"0008":[{"pref":"愛媛県","city":"西予市","town":"宇和町さくら"}],"0018":[{"pref":"愛媛県","city":"西予市","town":"宇和町下松葉"}],"0005":[{"pref":"愛媛県","city":"西予市","town":"宇和町常定寺"}],"0006":[{"pref":"愛媛県","city":"西予市","town":"宇和町新城"}],"0016":[{"pref":"愛媛県","city":"西予市","town":"宇和町神領"}],"0042":[{"pref":"愛媛県","city":"西予市","town":"宇和町瀬戸"}],"0032":[{"pref":"愛媛県","city":"西予市","town":"宇和町田苗真土"}],"0001":[{"pref":"愛媛県","city":"西予市","town":"宇和町田野中"}],"0029":[{"pref":"愛媛県","city":"西予市","town":"宇和町永長"}],"0024":[{"pref":"愛媛県","city":"西予市","town":"宇和町西山田"}],"0021":[{"pref":"愛媛県","city":"西予市","town":"宇和町野田"}],"0037":[{"pref":"愛媛県","city":"西予市","town":"宇和町信里"}],"0041":[{"pref":"愛媛県","city":"西予市","town":"宇和町東多田"}],"0020":[{"pref":"愛媛県","city":"西予市","town":"宇和町久枝"}],"0011":[{"pref":"愛媛県","city":"西予市","town":"宇和町下川"}],"0017":[{"pref":"愛媛県","city":"西予市","town":"宇和町ひまわり"}],"0002":[{"pref":"愛媛県","city":"西予市","town":"宇和町平野"}],"0031":[{"pref":"愛媛県","city":"西予市","town":"宇和町杢所"}],"0023":[{"pref":"愛媛県","city":"西予市","town":"宇和町山田"}],"0028":[{"pref":"愛媛県","city":"西予市","town":"宇和町れんげ"}]}