{"0000":[{"pref":"岩手県","city":"釜石市","town":"以下に掲載がない場合"}],"0012":[{"pref":"岩手県","city":"釜石市","town":"魚河岸"}],"0301":[{"pref":"岩手県","city":"釜石市","town":"鵜住居町"}],"0003":[{"pref":"岩手県","city":"釜石市","town":"嬉石町"}],"0022":[{"pref":"岩手県","city":"釜石市","town":"大只越町"}],"0002":[{"pref":"岩手県","city":"釜石市","town":"大平町"}],"0024":[{"pref":"岩手県","city":"釜石市","town":"大町"}],"0025":[{"pref":"岩手県","city":"釜石市","town":"大渡町"}],"0302":[{"pref":"岩手県","city":"釜石市","town":"片岸町"}],"0055":[{"pref":"岩手県","city":"釜石市","town":"甲子町"}],"0026":[{"pref":"岩手県","city":"釜石市","town":"釜石"}],"0041":[{"pref":"岩手県","city":"釜石市","town":"上中島町"}],"0412":[{"pref":"岩手県","city":"釜石市","town":"栗林町"}],"0042":[{"pref":"岩手県","city":"釜石市","town":"源太沢町"}],"0045":[{"pref":"岩手県","city":"釜石市","town":"小川町"}],"0052":[{"pref":"岩手県","city":"釜石市","town":"小佐野町"}],"0033":[{"pref":"岩手県","city":"釜石市","town":"駒木町"}],"0046":[{"pref":"岩手県","city":"釜石市","town":"桜木町"}],"0053":[{"pref":"岩手県","city":"釜石市","town":"定内町"}],"0015":[{"pref":"岩手県","city":"釜石市","town":"新浜町"}],"0043":[{"pref":"岩手県","city":"釜石市","town":"新町"}],"0031":[{"pref":"岩手県","city":"釜石市","town":"鈴子町"}],"0044":[{"pref":"岩手県","city":"釜石市","town":"住吉町"}],"0021":[{"pref":"岩手県","city":"釜石市","town":"只越町"}],"0032":[{"pref":"岩手県","city":"釜石市","town":"千鳥町"}],"0023":[{"pref":"岩手県","city":"釜石市","town":"天神町"}],"0061":[{"pref":"岩手県","city":"釜石市","town":"唐丹町（鍋倉）"}],"0121":[{"pref":"岩手県","city":"釜石市","town":"唐丹町（その他）"}],"0034":[{"pref":"岩手県","city":"釜石市","town":"中妻町"}],"0054":[{"pref":"岩手県","city":"釜石市","town":"野田町"}],"0303":[{"pref":"岩手県","city":"釜石市","town":"箱崎町"}],"0411":[{"pref":"岩手県","city":"釜石市","town":"橋野町"}],"0013":[{"pref":"岩手県","city":"釜石市","town":"浜町"}],"0014":[{"pref":"岩手県","city":"釜石市","town":"東前町"}],"0001":[{"pref":"岩手県","city":"釜石市","town":"平田"}],"0005":[{"pref":"岩手県","city":"釜石市","town":"平田町"}],"0004":[{"pref":"岩手県","city":"釜石市","town":"松原町"}],"0011":[{"pref":"岩手県","city":"釜石市","town":"港町"}],"0035":[{"pref":"岩手県","city":"釜石市","town":"八雲町"}],"0304":[{"pref":"岩手県","city":"釜石市","town":"両石町"}],"0051":[{"pref":"岩手県","city":"釜石市","town":"礼ケ口町"}]}