{"1301":[{"pref":"福岡県","city":"朝倉市","town":"烏集院"}],"1302":[{"pref":"福岡県","city":"朝倉市","town":"宮野"}],"1303":[{"pref":"福岡県","city":"朝倉市","town":"比良松"}],"1304":[{"pref":"福岡県","city":"朝倉市","town":"須川"}],"1305":[{"pref":"福岡県","city":"朝倉市","town":"菱野"}],"1306":[{"pref":"福岡県","city":"朝倉市","town":"山田"}],"1307":[{"pref":"福岡県","city":"朝倉市","town":"古毛"}],"1311":[{"pref":"福岡県","city":"朝倉市","town":"多々連"}],"1312":[{"pref":"福岡県","city":"朝倉市","town":"田中"}],"1313":[{"pref":"福岡県","city":"朝倉市","town":"上寺"}],"1314":[{"pref":"福岡県","city":"朝倉市","town":"長渕"}],"1315":[{"pref":"福岡県","city":"朝倉市","town":"入地"}],"1316":[{"pref":"福岡県","city":"朝倉市","town":"大庭"}],"1317":[{"pref":"福岡県","city":"朝倉市","town":"石成"}],"1501":[{"pref":"福岡県","city":"朝倉市","town":"杷木赤谷"}],"1502":[{"pref":"福岡県","city":"朝倉市","town":"杷木松末"}],"1503":[{"pref":"福岡県","city":"朝倉市","town":"杷木大山"}],"1504":[{"pref":"福岡県","city":"朝倉市","town":"杷木星丸"}],"1505":[{"pref":"福岡県","city":"朝倉市","town":"杷木穂坂"}],"1506":[{"pref":"福岡県","city":"朝倉市","town":"杷木林田"}],"1507":[{"pref":"福岡県","city":"朝倉市","town":"杷木白木"}],"1511":[{"pref":"福岡県","city":"朝倉市","town":"杷木池田"}],"1512":[{"pref":"福岡県","city":"朝倉市","town":"杷木寒水"}],"1513":[{"pref":"福岡県","city":"朝倉市","town":"杷木古賀"}],"1514":[{"pref":"福岡県","city":"朝倉市","town":"杷木久喜宮"}],"1515":[{"pref":"福岡県","city":"朝倉市","town":"杷木若市"}],"1521":[{"pref":"福岡県","city":"朝倉市","town":"杷木志波"}],"1601":[{"pref":"福岡県","city":"朝倉郡東峰村","town":"小石原"}],"1602":[{"pref":"福岡県","city":"朝倉郡東峰村","town":"小石原鼓"}],"1700":[{"pref":"福岡県","city":"朝倉郡東峰村","town":"以下に掲載がない場合"}],"1701":[{"pref":"福岡県","city":"朝倉郡東峰村","town":"宝珠山"}],"1702":[{"pref":"福岡県","city":"朝倉郡東峰村","town":"福井"}],"0100":[{"pref":"福岡県","city":"小郡市","town":"以下に掲載がない場合"}],"0135":[{"pref":"福岡県","city":"小郡市","town":"赤川"}],"0109":[{"pref":"福岡県","city":"小郡市","town":"あすみ"}],"0128":[{"pref":"福岡県","city":"小郡市","town":"稲吉"}],"0114":[{"pref":"福岡県","city":"小郡市","town":"井上"}],"0142":[{"pref":"福岡県","city":"小郡市","town":"大板井"}],"0127":[{"pref":"福岡県","city":"小郡市","town":"大崎"}],"0115":[{"pref":"福岡県","city":"小郡市","town":"大保"}],"0141":[{"pref":"福岡県","city":"小郡市","town":"小郡"}],"0104":[{"pref":"福岡県","city":"小郡市","town":"乙隈"}],"0121":[{"pref":"福岡県","city":"小郡市","town":"上岩田"}],"0136":[{"pref":"福岡県","city":"小郡市","town":"上西鰺坂"}],"0144":[{"pref":"福岡県","city":"小郡市","town":"祇園"}],"0143":[{"pref":"福岡県","city":"小郡市","town":"小板井"}],"0123":[{"pref":"福岡県","city":"小郡市","town":"下岩田"}],"0134":[{"pref":"福岡県","city":"小郡市","town":"下西鰺坂"}],"0102":[{"pref":"福岡県","city":"小郡市","town":"津古"}],"0138":[{"pref":"福岡県","city":"小郡市","town":"寺福童"}],"0107":[{"pref":"福岡県","city":"小郡市","town":"希みが丘"}],"0112":[{"pref":"福岡県","city":"小郡市","town":"干潟"}],"0131":[{"pref":"福岡県","city":"小郡市","town":"平方"}],"0111":[{"pref":"福岡県","city":"小郡市","town":"吹上"}],"0137":[{"pref":"福岡県","city":"小郡市","town":"福童"}],"0125":[{"pref":"福岡県","city":"小郡市","town":"二タ"}],"0126":[{"pref":"福岡県","city":"小郡市","town":"二森"}],"0124":[{"pref":"福岡県","city":"小郡市","town":"古飯"}],"0122":[{"pref":"福岡県","city":"小郡市","town":"松崎"}],"0103":[{"pref":"福岡県","city":"小郡市","town":"三国が丘"}],"0101":[{"pref":"福岡県","city":"小郡市","town":"美鈴が丘"}],"0108":[{"pref":"福岡県","city":"小郡市","town":"美鈴の杜"}],"0106":[{"pref":"福岡県","city":"小郡市","town":"三沢"}],"0132":[{"pref":"福岡県","city":"小郡市","town":"光行"}],"0133":[{"pref":"福岡県","city":"小郡市","town":"八坂"}],"0113":[{"pref":"福岡県","city":"小郡市","town":"山隈"}],"0105":[{"pref":"福岡県","city":"小郡市","town":"横隈"}],"0116":[{"pref":"福岡県","city":"小郡市","town":"力武"}],"0000":[{"pref":"福岡県","city":"朝倉市","town":"以下に掲載がない場合"},{"pref":"福岡県","city":"朝倉郡筑前町","town":"以下に掲載がない場合"}],"0025":[{"pref":"福岡県","city":"朝倉市","town":"相窪"}],"0001":[{"pref":"福岡県","city":"朝倉市","town":"秋月"}],"0011":[{"pref":"福岡県","city":"朝倉市","town":"秋月野鳥"}],"0068":[{"pref":"福岡県","city":"朝倉市","town":"甘木"}],"0005":[{"pref":"福岡県","city":"朝倉市","town":"甘水"}],"0027":[{"pref":"福岡県","city":"朝倉市","town":"板屋"}],"0029":[{"pref":"福岡県","city":"朝倉市","town":"荷原"}],"0042":[{"pref":"福岡県","city":"朝倉市","town":"上畑"}],"0067":[{"pref":"福岡県","city":"朝倉市","town":"牛木"}],"0024":[{"pref":"福岡県","city":"朝倉市","town":"牛鶴"}],"0038":[{"pref":"福岡県","city":"朝倉市","town":"鵜木"}],"0012":[{"pref":"福岡県","city":"朝倉市","town":"江川"}],"0052":[{"pref":"福岡県","city":"朝倉市","town":"小隈"}],"0051":[{"pref":"福岡県","city":"朝倉市","town":"小田"}],"0026":[{"pref":"福岡県","city":"朝倉市","town":"柿原"}],"0036":[{"pref":"福岡県","city":"朝倉市","town":"片延"}],"0048":[{"pref":"福岡県","city":"朝倉市","town":"金丸"}],"0041":[{"pref":"福岡県","city":"朝倉市","town":"鎌崎"}],"0019":[{"pref":"福岡県","city":"朝倉市","town":"上秋月"}],"0057":[{"pref":"福岡県","city":"朝倉市","town":"上浦"}],"0004":[{"pref":"福岡県","city":"朝倉市","town":"隈江"}],"0046":[{"pref":"福岡県","city":"朝倉市","town":"倉吉"}],"0072":[{"pref":"福岡県","city":"朝倉市","town":"黒川"}],"0039":[{"pref":"福岡県","city":"朝倉市","town":"桑原"}],"0063":[{"pref":"福岡県","city":"朝倉市","town":"古賀"}],"0071":[{"pref":"福岡県","city":"朝倉市","town":"佐田"}],"0016":[{"pref":"福岡県","city":"朝倉市","town":"下渕"}],"0055":[{"pref":"福岡県","city":"朝倉市","town":"下浦"}],"0045":[{"pref":"福岡県","city":"朝倉市","town":"白鳥"}],"0022":[{"pref":"福岡県","city":"朝倉市","town":"城"}],"0017":[{"pref":"福岡県","city":"朝倉市","town":"千手"}],"0054":[{"pref":"福岡県","city":"朝倉市","town":"草水"}],"0033":[{"pref":"福岡県","city":"朝倉市","town":"田島"}],"0013":[{"pref":"福岡県","city":"朝倉市","town":"田代"}],"0066":[{"pref":"福岡県","city":"朝倉市","town":"千代丸"}],"0062":[{"pref":"福岡県","city":"朝倉市","town":"堤"}],"0047":[{"pref":"福岡県","city":"朝倉市","town":"徳渕"}],"0064":[{"pref":"福岡県","city":"朝倉市","town":"頓田"}],"0035":[{"pref":"福岡県","city":"朝倉市","town":"中"}],"0032":[{"pref":"福岡県","city":"朝倉市","town":"中島田"}],"0053":[{"pref":"福岡県","city":"朝倉市","town":"中寒水"}],"0043":[{"pref":"福岡県","city":"朝倉市","town":"長田"}],"0056":[{"pref":"福岡県","city":"朝倉市","town":"中原"}],"0003":[{"pref":"福岡県","city":"朝倉市","town":"楢原"}],"0002":[{"pref":"福岡県","city":"朝倉市","town":"長谷山"}],"0037":[{"pref":"福岡県","city":"朝倉市","town":"林田"}],"0065":[{"pref":"福岡県","city":"朝倉市","town":"一木"}],"0018":[{"pref":"福岡県","city":"朝倉市","town":"日向石"}],"0059":[{"pref":"福岡県","city":"朝倉市","town":"平塚"}],"0034":[{"pref":"福岡県","city":"朝倉市","town":"福光"}],"0061":[{"pref":"福岡県","city":"朝倉市","town":"菩提寺"}],"0058":[{"pref":"福岡県","city":"朝倉市","town":"馬田"}],"0023":[{"pref":"福岡県","city":"朝倉市","town":"三奈木"}],"0020":[{"pref":"福岡県","city":"朝倉市","town":"美奈宜の杜"}],"0015":[{"pref":"福岡県","city":"朝倉市","town":"持丸"}],"0044":[{"pref":"福岡県","city":"朝倉市","town":"八重津"}],"0028":[{"pref":"福岡県","city":"朝倉市","town":"屋形原"}],"0031":[{"pref":"福岡県","city":"朝倉市","town":"屋永"}],"0021":[{"pref":"福岡県","city":"朝倉市","town":"矢野竹"}],"0014":[{"pref":"福岡県","city":"朝倉市","town":"山見"}],"0069":[{"pref":"福岡県","city":"朝倉市","town":"来春"}],"0222":[{"pref":"福岡県","city":"朝倉郡筑前町","town":"赤坂"}],"0227":[{"pref":"福岡県","city":"朝倉郡筑前町","town":"朝日"}],"0817":[{"pref":"福岡県","city":"朝倉郡筑前町","town":"朝園"}],"0825":[{"pref":"福岡県","city":"朝倉郡筑前町","town":"大久保"}],"0225":[{"pref":"福岡県","city":"朝倉郡筑前町","town":"石櫃"}],"0811":[{"pref":"福岡県","city":"朝倉郡筑前町","town":"弥永"}],"0812":[{"pref":"福岡県","city":"朝倉郡筑前町","town":"大塚"}],"0821":[{"pref":"福岡県","city":"朝倉郡筑前町","town":"上高場"}],"0201":[{"pref":"福岡県","city":"朝倉郡筑前町","town":"櫛木"}],"0801":[{"pref":"福岡県","city":"朝倉郡筑前町","town":"栗田"}],"0202":[{"pref":"福岡県","city":"朝倉郡筑前町","town":"三箇山"}],"0212":[{"pref":"福岡県","city":"朝倉郡筑前町","town":"四三嶋"}],"0215":[{"pref":"福岡県","city":"朝倉郡筑前町","town":"篠隈"}],"0211":[{"pref":"福岡県","city":"朝倉郡筑前町","town":"下高場"}],"0816":[{"pref":"福岡県","city":"朝倉郡筑前町","town":"新町"}],"0206":[{"pref":"福岡県","city":"朝倉郡筑前町","town":"曽根田"}],"0814":[{"pref":"福岡県","city":"朝倉郡筑前町","town":"高田"}],"0822":[{"pref":"福岡県","city":"朝倉郡筑前町","town":"高上"}],"0204":[{"pref":"福岡県","city":"朝倉郡筑前町","town":"長者町"}],"0803":[{"pref":"福岡県","city":"朝倉郡筑前町","town":"当所"}],"0223":[{"pref":"福岡県","city":"朝倉郡筑前町","town":"砥上"}],"0226":[{"pref":"福岡県","city":"朝倉郡筑前町","town":"中牟田"}],"0815":[{"pref":"福岡県","city":"朝倉郡筑前町","town":"野町"}],"0203":[{"pref":"福岡県","city":"朝倉郡筑前町","town":"畑嶋"}],"0824":[{"pref":"福岡県","city":"朝倉郡筑前町","town":"原地蔵"}],"0214":[{"pref":"福岡県","city":"朝倉郡筑前町","town":"東小田"}],"0802":[{"pref":"福岡県","city":"朝倉郡筑前町","town":"久光"}],"0221":[{"pref":"福岡県","city":"朝倉郡筑前町","town":"吹田"}],"0228":[{"pref":"福岡県","city":"朝倉郡筑前町","town":"二"}],"0224":[{"pref":"福岡県","city":"朝倉郡筑前町","town":"松延"}],"0205":[{"pref":"福岡県","city":"朝倉郡筑前町","town":"三並"}],"0207":[{"pref":"福岡県","city":"朝倉郡筑前町","town":"三牟田"}],"0804":[{"pref":"福岡県","city":"朝倉郡筑前町","town":"森山"}],"0213":[{"pref":"福岡県","city":"朝倉郡筑前町","town":"安野"}],"0823":[{"pref":"福岡県","city":"朝倉郡筑前町","town":"山隈"}],"0813":[{"pref":"福岡県","city":"朝倉郡筑前町","town":"依井"}]}