{"1101":[{"pref":"富山県","city":"高岡市","town":"戸出市野瀬"}],"1102":[{"pref":"富山県","city":"高岡市","town":"戸出曙町"},{"pref":"富山県","city":"高岡市","town":"戸出狼"}],"1103":[{"pref":"富山県","city":"高岡市","town":"戸出池田町"}],"1104":[{"pref":"富山県","city":"高岡市","town":"戸出町"}],"1105":[{"pref":"富山県","city":"高岡市","town":"戸出伊勢領"}],"1110":[{"pref":"富山県","city":"高岡市","town":"ＩＣパーク"}],"1111":[{"pref":"富山県","city":"高岡市","town":"戸出徳市"}],"1112":[{"pref":"富山県","city":"高岡市","town":"戸出春日"}],"1113":[{"pref":"富山県","city":"高岡市","town":"戸出石代"}],"1114":[{"pref":"富山県","city":"高岡市","town":"戸出西部金屋"}],"1115":[{"pref":"富山県","city":"高岡市","town":"戸出吉住新"}],"1116":[{"pref":"富山県","city":"高岡市","town":"戸出吉住"}],"1117":[{"pref":"富山県","city":"高岡市","town":"戸出大清水"}],"1118":[{"pref":"富山県","city":"高岡市","town":"戸出栄町"}],"1119":[{"pref":"富山県","city":"高岡市","town":"オフィスパーク"}],"1120":[{"pref":"富山県","city":"高岡市","town":"グリーンパーク"}],"1121":[{"pref":"富山県","city":"高岡市","town":"戸出葵町"},{"pref":"富山県","city":"高岡市","town":"戸出青園町"},{"pref":"富山県","city":"高岡市","town":"戸出光明寺"}],"1122":[{"pref":"富山県","city":"高岡市","town":"戸出古戸出"}],"1123":[{"pref":"富山県","city":"高岡市","town":"戸出行兼"}],"1124":[{"pref":"富山県","city":"高岡市","town":"戸出六十歩"}],"1125":[{"pref":"富山県","city":"高岡市","town":"戸出岡御所"}],"1131":[{"pref":"富山県","city":"高岡市","town":"醍醐"}],"1132":[{"pref":"富山県","city":"高岡市","town":"戸出竹"}],"1133":[{"pref":"富山県","city":"高岡市","town":"戸出放寺"}],"1134":[{"pref":"富山県","city":"高岡市","town":"戸出放寺新"}],"1135":[{"pref":"富山県","city":"高岡市","town":"戸出竹北"}],"1136":[{"pref":"富山県","city":"高岡市","town":"戸出延島"}],"1251":[{"pref":"富山県","city":"高岡市","town":"常国"}],"1252":[{"pref":"富山県","city":"高岡市","town":"常国みどり台"}],"1253":[{"pref":"富山県","city":"高岡市","town":"若杉"}],"1254":[{"pref":"富山県","city":"高岡市","town":"滝新"}],"1255":[{"pref":"富山県","city":"高岡市","town":"滝"}],"1261":[{"pref":"富山県","city":"高岡市","town":"小泉新"}],"1262":[{"pref":"富山県","city":"高岡市","town":"山下"}],"1263":[{"pref":"富山県","city":"高岡市","town":"御坊山"},{"pref":"富山県","city":"高岡市","town":"島新"}],"1264":[{"pref":"富山県","city":"高岡市","town":"下山田"}],"1265":[{"pref":"富山県","city":"高岡市","town":"東保新"}],"1266":[{"pref":"富山県","city":"高岡市","town":"今泉新"}],"1267":[{"pref":"富山県","city":"高岡市","town":"今泉"}],"1271":[{"pref":"富山県","city":"高岡市","town":"下麻生伸町"}],"1272":[{"pref":"富山県","city":"高岡市","town":"下麻生"}],"1273":[{"pref":"富山県","city":"高岡市","town":"葦附"}],"1274":[{"pref":"富山県","city":"高岡市","town":"上麻生"}],"1275":[{"pref":"富山県","city":"高岡市","town":"中田"}],"1300":[{"pref":"富山県","city":"砺波市","town":"以下に掲載がない場合"}],"1301":[{"pref":"富山県","city":"砺波市","town":"石丸"}],"1302":[{"pref":"富山県","city":"砺波市","town":"東石丸"}],"1303":[{"pref":"富山県","city":"砺波市","town":"大窪"}],"1304":[{"pref":"富山県","city":"砺波市","town":"秋元"}],"1305":[{"pref":"富山県","city":"砺波市","town":"千保"}],"1306":[{"pref":"富山県","city":"砺波市","town":"宮村"}],"1307":[{"pref":"富山県","city":"砺波市","town":"堀内"}],"1308":[{"pref":"富山県","city":"砺波市","town":"三郎丸"}],"1311":[{"pref":"富山県","city":"砺波市","town":"下中条"}],"1312":[{"pref":"富山県","city":"砺波市","town":"東開発"}],"1313":[{"pref":"富山県","city":"砺波市","town":"柳瀬"}],"1314":[{"pref":"富山県","city":"砺波市","town":"久泉"}],"1315":[{"pref":"富山県","city":"砺波市","town":"太田"}],"1316":[{"pref":"富山県","city":"砺波市","town":"大門"}],"1317":[{"pref":"富山県","city":"砺波市","town":"矢木"}],"1318":[{"pref":"富山県","city":"砺波市","town":"祖泉"}],"1321":[{"pref":"富山県","city":"砺波市","town":"新明"}],"1322":[{"pref":"富山県","city":"砺波市","town":"中野"}],"1323":[{"pref":"富山県","city":"砺波市","town":"上中野"}],"1324":[{"pref":"富山県","city":"砺波市","town":"荒高屋"}],"1325":[{"pref":"富山県","city":"砺波市","town":"花島"}],"1326":[{"pref":"富山県","city":"砺波市","town":"鹿島"}],"1327":[{"pref":"富山県","city":"砺波市","town":"五郎丸"}],"1328":[{"pref":"富山県","city":"砺波市","town":"大辻"}],"1331":[{"pref":"富山県","city":"砺波市","town":"深江"}],"1332":[{"pref":"富山県","city":"砺波市","town":"永福町"}],"1333":[{"pref":"富山県","city":"砺波市","town":"苗加"}],"1334":[{"pref":"富山県","city":"砺波市","town":"野村島"}],"1335":[{"pref":"富山県","city":"砺波市","town":"鷹栖"}],"1336":[{"pref":"富山県","city":"砺波市","town":"西中"}],"1337":[{"pref":"富山県","city":"砺波市","town":"神島"}],"1338":[{"pref":"富山県","city":"砺波市","town":"鷹栖出"}],"1341":[{"pref":"富山県","city":"砺波市","town":"高波"}],"1342":[{"pref":"富山県","city":"砺波市","town":"小島"}],"1343":[{"pref":"富山県","city":"砺波市","town":"新富町"}],"1344":[{"pref":"富山県","city":"砺波市","town":"中神"}],"1345":[{"pref":"富山県","city":"砺波市","town":"林"}],"1346":[{"pref":"富山県","city":"砺波市","town":"狐島"}],"1347":[{"pref":"富山県","city":"砺波市","town":"下中"}],"1348":[{"pref":"富山県","city":"砺波市","town":"東中"}],"1351":[{"pref":"富山県","city":"砺波市","town":"千代"}],"1352":[{"pref":"富山県","city":"砺波市","town":"宮丸"}],"1353":[{"pref":"富山県","city":"砺波市","town":"十年明"}],"1354":[{"pref":"富山県","city":"砺波市","town":"新栄町"}],"1355":[{"pref":"富山県","city":"砺波市","town":"杉木"}],"1356":[{"pref":"富山県","city":"砺波市","town":"若草町"}],"1357":[{"pref":"富山県","city":"砺波市","town":"小杉"}],"1358":[{"pref":"富山県","city":"砺波市","town":"木下"}],"1361":[{"pref":"富山県","city":"砺波市","town":"平成町"}],"1362":[{"pref":"富山県","city":"砺波市","town":"鍋島"}],"1363":[{"pref":"富山県","city":"砺波市","town":"太郎丸"}],"1364":[{"pref":"富山県","city":"砺波市","town":"豊町"}],"1365":[{"pref":"富山県","city":"砺波市","town":"三島町"}],"1366":[{"pref":"富山県","city":"砺波市","town":"表町"}],"1367":[{"pref":"富山県","city":"砺波市","town":"広上町"}],"1368":[{"pref":"富山県","city":"砺波市","town":"本町"}],"1371":[{"pref":"富山県","city":"砺波市","town":"栄町"}],"1372":[{"pref":"富山県","city":"砺波市","town":"新又"}],"1373":[{"pref":"富山県","city":"砺波市","town":"一番町"}],"1374":[{"pref":"富山県","city":"砺波市","town":"山王町"}],"1375":[{"pref":"富山県","city":"砺波市","town":"中央町"}],"1376":[{"pref":"富山県","city":"砺波市","town":"平和町"}],"1377":[{"pref":"富山県","city":"砺波市","town":"寿町"}],"1378":[{"pref":"富山県","city":"砺波市","town":"春日町"}],"1379":[{"pref":"富山県","city":"砺波市","town":"出町中央"}],"1381":[{"pref":"富山県","city":"砺波市","town":"中村"}],"1382":[{"pref":"富山県","city":"砺波市","town":"花園町"}],"1383":[{"pref":"富山県","city":"砺波市","town":"高道"}],"1384":[{"pref":"富山県","city":"砺波市","town":"坪内"}],"1385":[{"pref":"富山県","city":"砺波市","town":"東幸町"}],"1386":[{"pref":"富山県","city":"砺波市","town":"幸町"}],"1387":[{"pref":"富山県","city":"砺波市","town":"となみ町"}],"1388":[{"pref":"富山県","city":"砺波市","town":"宮沢町"}],"1401":[{"pref":"富山県","city":"砺波市","town":"東保"},{"pref":"富山県","city":"砺波市","town":"本小林"}],"1402":[{"pref":"富山県","city":"砺波市","town":"増山"}],"1403":[{"pref":"富山県","city":"砺波市","town":"宮新"}],"1404":[{"pref":"富山県","city":"砺波市","town":"宮森新"}],"1405":[{"pref":"富山県","city":"砺波市","town":"福岡"}],"1406":[{"pref":"富山県","city":"砺波市","town":"宮森"}],"1407":[{"pref":"富山県","city":"砺波市","town":"権正寺"}],"1408":[{"pref":"富山県","city":"砺波市","town":"八十歩"}],"1411":[{"pref":"富山県","city":"砺波市","town":"上和田"}],"1412":[{"pref":"富山県","city":"砺波市","town":"正権寺"}],"1413":[{"pref":"富山県","city":"砺波市","town":"市谷"}],"1414":[{"pref":"富山県","city":"砺波市","town":"坪野"}],"1415":[{"pref":"富山県","city":"砺波市","town":"池原"}],"1416":[{"pref":"富山県","city":"砺波市","town":"芹谷"}],"1417":[{"pref":"富山県","city":"砺波市","town":"頼成新"}],"1421":[{"pref":"富山県","city":"砺波市","town":"東別所新"}],"1422":[{"pref":"富山県","city":"砺波市","town":"浅谷"}],"1423":[{"pref":"富山県","city":"砺波市","town":"東別所"}],"1424":[{"pref":"富山県","city":"砺波市","town":"栃上"}],"1425":[{"pref":"富山県","city":"砺波市","town":"井栗谷"}],"1426":[{"pref":"富山県","city":"砺波市","town":"川内"}],"1427":[{"pref":"富山県","city":"砺波市","town":"伏木谷"}],"1428":[{"pref":"富山県","city":"砺波市","town":"五谷"}],"1429":[{"pref":"富山県","city":"砺波市","town":"寺尾"}],"1431":[{"pref":"富山県","city":"砺波市","town":"頼成"}],"1432":[{"pref":"富山県","city":"砺波市","town":"徳万"}],"1433":[{"pref":"富山県","city":"砺波市","town":"徳万新"}],"1434":[{"pref":"富山県","city":"砺波市","town":"三合"}],"1435":[{"pref":"富山県","city":"砺波市","town":"三合新"}],"1436":[{"pref":"富山県","city":"砺波市","town":"福山"}],"1437":[{"pref":"富山県","city":"砺波市","town":"茶ノ木"}],"1438":[{"pref":"富山県","city":"砺波市","town":"安川"}],"1501":[{"pref":"富山県","city":"南砺市","town":"本江"}],"1502":[{"pref":"富山県","city":"南砺市","town":"野尻"}],"1503":[{"pref":"富山県","city":"南砺市","town":"岩武新"}],"1504":[{"pref":"富山県","city":"南砺市","town":"川除新"}],"1505":[{"pref":"富山県","city":"南砺市","town":"長源寺"}],"1506":[{"pref":"富山県","city":"南砺市","town":"高儀"}],"1507":[{"pref":"富山県","city":"南砺市","town":"二日町"}],"1511":[{"pref":"富山県","city":"南砺市","town":"高堀"}],"1512":[{"pref":"富山県","city":"南砺市","town":"上野"}],"1513":[{"pref":"富山県","city":"南砺市","town":"野尻野"}],"1514":[{"pref":"富山県","city":"南砺市","town":"年代"}],"1515":[{"pref":"富山県","city":"南砺市","town":"福野軸屋"}],"1516":[{"pref":"富山県","city":"南砺市","town":"焼野"}],"1517":[{"pref":"富山県","city":"南砺市","town":"百町"}],"1518":[{"pref":"富山県","city":"南砺市","town":"松原"}],"1521":[{"pref":"富山県","city":"南砺市","town":"苗島"}],"1522":[{"pref":"富山県","city":"南砺市","town":"野新"}],"1523":[{"pref":"富山県","city":"南砺市","town":"野原"}],"1524":[{"pref":"富山県","city":"南砺市","town":"雨潜"}],"1525":[{"pref":"富山県","city":"南砺市","town":"三清西"}],"1526":[{"pref":"富山県","city":"南砺市","town":"江田"}],"1527":[{"pref":"富山県","city":"南砺市","town":"森清"}],"1528":[{"pref":"富山県","city":"南砺市","town":"安清"}],"1531":[{"pref":"富山県","city":"南砺市","town":"院林"}],"1532":[{"pref":"富山県","city":"南砺市","town":"寺家"}],"1533":[{"pref":"富山県","city":"南砺市","town":"八塚"}],"1534":[{"pref":"富山県","city":"南砺市","town":"広安"}],"1535":[{"pref":"富山県","city":"南砺市","town":"石田"}],"1536":[{"pref":"富山県","city":"南砺市","town":"東石田"}],"1537":[{"pref":"富山県","city":"南砺市","town":"田屋"}],"1538":[{"pref":"富山県","city":"南砺市","town":"田尻"}],"1541":[{"pref":"富山県","city":"南砺市","town":"晩田"}],"1542":[{"pref":"富山県","city":"南砺市","town":"梅ケ島"}],"1543":[{"pref":"富山県","city":"南砺市","town":"下吉江"}],"1544":[{"pref":"富山県","city":"南砺市","town":"新邸"}],"1545":[{"pref":"富山県","city":"南砺市","town":"布袋"}],"1546":[{"pref":"富山県","city":"南砺市","town":"森"}],"1547":[{"pref":"富山県","city":"南砺市","town":"三ツ屋"}],"1548":[{"pref":"富山県","city":"南砺市","town":"桐木"}],"1549":[{"pref":"富山県","city":"南砺市","town":"前田"}],"1551":[{"pref":"富山県","city":"南砺市","town":"上津"}],"1552":[{"pref":"富山県","city":"南砺市","town":"柴田屋"}],"1553":[{"pref":"富山県","city":"南砺市","town":"上川崎"}],"1554":[{"pref":"富山県","city":"南砺市","town":"安居"}],"1555":[{"pref":"富山県","city":"南砺市","town":"七村滝寺"}],"1561":[{"pref":"富山県","city":"南砺市","town":"福野"}],"1562":[{"pref":"富山県","city":"南砺市","town":"福野（浦町）"}],"1563":[{"pref":"富山県","city":"南砺市","town":"福野（辰巳町）"}],"1564":[{"pref":"富山県","city":"南砺市","town":"福野（御蔵町）"}],"1565":[{"pref":"富山県","city":"南砺市","town":"福野（新町）"}],"1566":[{"pref":"富山県","city":"南砺市","town":"福野（田中町）"}],"1567":[{"pref":"富山県","city":"南砺市","town":"福野（上町）"}],"1568":[{"pref":"富山県","city":"南砺市","town":"福野（横町）"}],"1571":[{"pref":"富山県","city":"南砺市","town":"松原新"}],"1572":[{"pref":"富山県","city":"南砺市","town":"福野（駅前通り）"}],"1573":[{"pref":"富山県","city":"南砺市","town":"福野（南町）"}],"1574":[{"pref":"富山県","city":"南砺市","town":"福野（七ツ屋）"}],"1575":[{"pref":"富山県","city":"南砺市","town":"上三日市"}],"1576":[{"pref":"富山県","city":"南砺市","town":"やかた"}],"1577":[{"pref":"富山県","city":"南砺市","town":"寺家新屋敷"}],"1600":[{"pref":"富山県","city":"南砺市","town":"以下に掲載がない場合"}],"1601":[{"pref":"富山県","city":"南砺市","town":"人母"}],"1602":[{"pref":"富山県","city":"南砺市","town":"高窪"}],"1603":[{"pref":"富山県","city":"南砺市","town":"砂子谷"}],"1604":[{"pref":"富山県","city":"南砺市","town":"土山"}],"1605":[{"pref":"富山県","city":"南砺市","town":"小又"}],"1606":[{"pref":"富山県","city":"南砺市","town":"能美"}],"1610":[{"pref":"富山県","city":"南砺市","town":"福光"}],"1611":[{"pref":"富山県","city":"南砺市","town":"岩安"}],"1612":[{"pref":"富山県","city":"南砺市","town":"岩木"}],"1613":[{"pref":"富山県","city":"南砺市","town":"川西"}],"1614":[{"pref":"富山県","city":"南砺市","town":"蔵原"}],"1615":[{"pref":"富山県","city":"南砺市","town":"湯谷"}],"1621":[{"pref":"富山県","city":"南砺市","town":"和泉"}],"1622":[{"pref":"富山県","city":"南砺市","town":"遊部川原"}],"1623":[{"pref":"富山県","city":"南砺市","town":"松木"}],"1624":[{"pref":"富山県","city":"南砺市","town":"八幡"}],"1625":[{"pref":"富山県","city":"南砺市","town":"中ノ江"}],"1626":[{"pref":"富山県","city":"南砺市","town":"法林寺"}],"1631":[{"pref":"富山県","city":"南砺市","town":"福光（旭町）"}],"1632":[{"pref":"富山県","city":"南砺市","town":"福光（観音町）"}],"1633":[{"pref":"富山県","city":"南砺市","town":"福光（東町）"}],"1634":[{"pref":"富山県","city":"南砺市","town":"福光（寺町）"}],"1635":[{"pref":"富山県","city":"南砺市","town":"福光（中央通り）"}],"1636":[{"pref":"富山県","city":"南砺市","town":"福光（神田町）"}],"1637":[{"pref":"富山県","city":"南砺市","town":"福光（西町）"}],"1641":[{"pref":"富山県","city":"南砺市","town":"福光（川原町）"}],"1642":[{"pref":"富山県","city":"南砺市","town":"福光（味噌屋町）"}],"1643":[{"pref":"富山県","city":"南砺市","town":"福光（本町）"}],"1644":[{"pref":"富山県","city":"南砺市","town":"福光（五宝町）"}],"1645":[{"pref":"富山県","city":"南砺市","town":"福光（中荒町）"}],"1646":[{"pref":"富山県","city":"南砺市","town":"福光（荒町）"}],"1651":[{"pref":"富山県","city":"南砺市","town":"福光（東新町）"}],"1652":[{"pref":"富山県","city":"南砺市","town":"福光新町"}],"1653":[{"pref":"富山県","city":"南砺市","town":"福光（宮脇町）"}],"1654":[{"pref":"富山県","city":"南砺市","town":"福光（栄町）"}],"1655":[{"pref":"富山県","city":"南砺市","town":"坂本"}],"1661":[{"pref":"富山県","city":"南砺市","town":"天神"}],"1662":[{"pref":"富山県","city":"南砺市","town":"福光（天神町）"}],"1664":[{"pref":"富山県","city":"南砺市","town":"竹内"}],"1665":[{"pref":"富山県","city":"南砺市","town":"小山"}],"1666":[{"pref":"富山県","city":"南砺市","town":"山本"}],"1667":[{"pref":"富山県","city":"南砺市","town":"開発"}],"1671":[{"pref":"富山県","city":"南砺市","town":"小坂"}],"1672":[{"pref":"富山県","city":"南砺市","town":"広谷"}],"1673":[{"pref":"富山県","city":"南砺市","town":"糸谷新"}],"1674":[{"pref":"富山県","city":"南砺市","town":"香城寺"}],"1675":[{"pref":"富山県","city":"南砺市","town":"祖谷"}],"1676":[{"pref":"富山県","city":"南砺市","town":"舘"}],"1681":[{"pref":"富山県","city":"南砺市","town":"才川七"}],"1682":[{"pref":"富山県","city":"南砺市","town":"小二又"}],"1684":[{"pref":"富山県","city":"南砺市","town":"小院瀬見"}],"1701":[{"pref":"富山県","city":"南砺市","town":"遊部"}],"1702":[{"pref":"富山県","city":"南砺市","town":"吉江中"}],"1703":[{"pref":"富山県","city":"南砺市","town":"一日市"}],"1704":[{"pref":"富山県","city":"南砺市","town":"田中"}],"1711":[{"pref":"富山県","city":"南砺市","town":"在房"}],"1712":[{"pref":"富山県","city":"南砺市","town":"久戸"}],"1713":[{"pref":"富山県","city":"南砺市","town":"神成"}],"1714":[{"pref":"富山県","city":"南砺市","town":"高畠"}],"1715":[{"pref":"富山県","city":"南砺市","town":"宗守"}],"1716":[{"pref":"富山県","city":"南砺市","town":"荒見崎"},{"pref":"富山県","city":"南砺市","town":"梅原"}],"1721":[{"pref":"富山県","city":"南砺市","town":"東殿"}],"1722":[{"pref":"富山県","city":"南砺市","town":"徳成"}],"1723":[{"pref":"富山県","city":"南砺市","town":"利波河"}],"1724":[{"pref":"富山県","city":"南砺市","town":"梅野"}],"1725":[{"pref":"富山県","city":"南砺市","town":"鍛治"}],"1732":[{"pref":"富山県","city":"南砺市","town":"荒木"}],"1733":[{"pref":"富山県","city":"南砺市","town":"下野"}],"1734":[{"pref":"富山県","city":"南砺市","town":"竹林"}],"1735":[{"pref":"富山県","city":"南砺市","town":"小林"},{"pref":"富山県","city":"南砺市","town":"神宮寺"}],"1741":[{"pref":"富山県","city":"南砺市","town":"高宮"}],"1742":[{"pref":"富山県","city":"南砺市","town":"吉江野"}],"1743":[{"pref":"富山県","city":"南砺市","town":"大塚"}],"1744":[{"pref":"富山県","city":"南砺市","town":"天池"}],"1745":[{"pref":"富山県","city":"南砺市","town":"縄蔵"}],"1746":[{"pref":"富山県","city":"南砺市","town":"出村"}],"1747":[{"pref":"富山県","city":"南砺市","town":"山田"}],"1751":[{"pref":"富山県","city":"南砺市","town":"赤坂"}],"1752":[{"pref":"富山県","city":"南砺市","town":"大西"}],"1754":[{"pref":"富山県","city":"南砺市","town":"嫁兼"}],"1755":[{"pref":"富山県","city":"南砺市","town":"立野原西"}],"1756":[{"pref":"富山県","city":"南砺市","town":"土生新"}],"1757":[{"pref":"富山県","city":"南砺市","town":"土生"}],"1758":[{"pref":"富山県","city":"南砺市","town":"殿"}],"1761":[{"pref":"富山県","city":"南砺市","town":"太美"}],"1762":[{"pref":"富山県","city":"南砺市","town":"七曲"}],"1763":[{"pref":"富山県","city":"南砺市","town":"樋瀬戸"}],"1764":[{"pref":"富山県","city":"南砺市","town":"吉見"}],"1765":[{"pref":"富山県","city":"南砺市","town":"綱掛"}],"1766":[{"pref":"富山県","city":"南砺市","town":"立野脇"},{"pref":"富山県","city":"南砺市","town":"刀利"}],"1801":[{"pref":"富山県","city":"南砺市","town":"北野（長楽寺）"}],"1802":[{"pref":"富山県","city":"南砺市","town":"北野（次郎丸）"}],"1803":[{"pref":"富山県","city":"南砺市","town":"東西原"}],"1804":[{"pref":"富山県","city":"南砺市","town":"西明"}],"1805":[{"pref":"富山県","city":"南砺市","town":"細野"}],"1806":[{"pref":"富山県","city":"南砺市","town":"北野（吉松）"}],"1807":[{"pref":"富山県","city":"南砺市","town":"北野"}],"1811":[{"pref":"富山県","city":"南砺市","town":"理休"}],"1812":[{"pref":"富山県","city":"南砺市","town":"蓑谷"}],"1813":[{"pref":"富山県","city":"南砺市","town":"正谷"}],"1814":[{"pref":"富山県","city":"南砺市","town":"大宮野"}],"1815":[{"pref":"富山県","city":"南砺市","town":"城端（東新田）"}],"1816":[{"pref":"富山県","city":"南砺市","town":"城端（東上）"}],"1817":[{"pref":"富山県","city":"南砺市","town":"城端（東下）"}],"1818":[{"pref":"富山県","city":"南砺市","town":"城端（川島）"}],"1821":[{"pref":"富山県","city":"南砺市","town":"泉沢"}],"1822":[{"pref":"富山県","city":"南砺市","town":"林道"}],"1823":[{"pref":"富山県","city":"南砺市","town":"打尾"}],"1824":[{"pref":"富山県","city":"南砺市","town":"上田"},{"pref":"富山県","city":"南砺市","town":"大鋸屋"}],"1825":[{"pref":"富山県","city":"南砺市","town":"大鋸屋（大谷島）"}],"1826":[{"pref":"富山県","city":"南砺市","town":"瀬戸"}],"1827":[{"pref":"富山県","city":"南砺市","town":"盛新"}],"1828":[{"pref":"富山県","city":"南砺市","town":"中尾"}],"1831":[{"pref":"富山県","city":"南砺市","town":"千福"},{"pref":"富山県","city":"南砺市","town":"千福新"}],"1832":[{"pref":"富山県","city":"南砺市","town":"塔尾"}],"1833":[{"pref":"富山県","city":"南砺市","town":"上見"}],"1834":[{"pref":"富山県","city":"南砺市","town":"上原"}],"1835":[{"pref":"富山県","city":"南砺市","town":"京塚"},{"pref":"富山県","city":"南砺市","town":"立野原東"},{"pref":"富山県","city":"南砺市","town":"南原"}],"1836":[{"pref":"富山県","city":"南砺市","town":"雁巻島"}],"1837":[{"pref":"富山県","city":"南砺市","town":"大宮野新"},{"pref":"富山県","city":"南砺市","town":"西原"}],"1841":[{"pref":"富山県","city":"南砺市","town":"細木"}],"1842":[{"pref":"富山県","city":"南砺市","town":"野田"}],"1843":[{"pref":"富山県","city":"南砺市","town":"金戸"}],"1844":[{"pref":"富山県","city":"南砺市","town":"野口"}],"1845":[{"pref":"富山県","city":"南砺市","town":"示野"}],"1846":[{"pref":"富山県","city":"南砺市","town":"経塚野"},{"pref":"富山県","city":"南砺市","town":"国広"}],"1851":[{"pref":"富山県","city":"南砺市","town":"信末"}],"1852":[{"pref":"富山県","city":"南砺市","town":"是安"}],"1853":[{"pref":"富山県","city":"南砺市","town":"城端（出丸）"}],"1854":[{"pref":"富山県","city":"南砺市","town":"城端（栄町）"}],"1855":[{"pref":"富山県","city":"南砺市","town":"大窪"}],"1856":[{"pref":"富山県","city":"南砺市","town":"是安（末広町）"}],"1861":[{"pref":"富山県","city":"南砺市","town":"城端"}],"1862":[{"pref":"富山県","city":"南砺市","town":"城端（西下）"}],"1863":[{"pref":"富山県","city":"南砺市","town":"城端（西上）"}],"1864":[{"pref":"富山県","city":"南砺市","town":"城端（大工町）"}],"1865":[{"pref":"富山県","city":"南砺市","town":"城端（新町）"}],"1866":[{"pref":"富山県","city":"南砺市","town":"城端（南町）"}],"1867":[{"pref":"富山県","city":"南砺市","town":"城端（野下）"}],"1868":[{"pref":"富山県","city":"南砺市","town":"城端（西新田）"}],"1871":[{"pref":"富山県","city":"南砺市","town":"池尻"}],"1872":[{"pref":"富山県","city":"南砺市","town":"久保"}],"1873":[{"pref":"富山県","city":"南砺市","town":"池田"}],"1874":[{"pref":"富山県","city":"南砺市","town":"蛇喰"}],"1875":[{"pref":"富山県","city":"南砺市","town":"大野"}],"1876":[{"pref":"富山県","city":"南砺市","town":"川上中"}],"1877":[{"pref":"富山県","city":"南砺市","town":"井口"}],"1878":[{"pref":"富山県","city":"南砺市","town":"上広安"}],"1879":[{"pref":"富山県","city":"南砺市","town":"宮後"}],"1901":[{"pref":"富山県","city":"南砺市","town":"祖山"}],"1902":[{"pref":"富山県","city":"南砺市","town":"大崩島"}],"1903":[{"pref":"富山県","city":"南砺市","town":"寿川"}],"1904":[{"pref":"富山県","city":"南砺市","town":"入谷"}],"1905":[{"pref":"富山県","city":"南砺市","town":"東中江"}],"1906":[{"pref":"富山県","city":"南砺市","town":"高草嶺"}],"1907":[{"pref":"富山県","city":"南砺市","town":"夏焼"}],"1908":[{"pref":"富山県","city":"南砺市","town":"下出"}],"1911":[{"pref":"富山県","city":"南砺市","town":"篭渡"}],"1912":[{"pref":"富山県","city":"南砺市","town":"大島"}],"1913":[{"pref":"富山県","city":"南砺市","town":"田向"}],"1914":[{"pref":"富山県","city":"南砺市","town":"上梨"}],"1915":[{"pref":"富山県","city":"南砺市","town":"相倉"}],"1916":[{"pref":"富山県","city":"南砺市","town":"見座"}],"1921":[{"pref":"富山県","city":"南砺市","town":"杉尾"}],"1922":[{"pref":"富山県","city":"南砺市","town":"渡原"}],"1923":[{"pref":"富山県","city":"南砺市","town":"下梨"}],"1924":[{"pref":"富山県","city":"南砺市","town":"中畑"}],"1925":[{"pref":"富山県","city":"南砺市","town":"来栖"}],"1926":[{"pref":"富山県","city":"南砺市","town":"小来栖"}],"1927":[{"pref":"富山県","city":"南砺市","town":"梨谷"}],"1928":[{"pref":"富山県","city":"南砺市","town":"上松尾"}],"1961":[{"pref":"富山県","city":"南砺市","town":"皆葎"}],"1962":[{"pref":"富山県","city":"南砺市","town":"猪谷"}],"1963":[{"pref":"富山県","city":"南砺市","town":"成出"}],"1964":[{"pref":"富山県","city":"南砺市","town":"楮"}],"1965":[{"pref":"富山県","city":"南砺市","town":"真木"}],"1966":[{"pref":"富山県","city":"南砺市","town":"東赤尾"}],"1967":[{"pref":"富山県","city":"南砺市","town":"小原"}],"1968":[{"pref":"富山県","city":"南砺市","town":"上平細島"}],"1969":[{"pref":"富山県","city":"南砺市","town":"桂"}],"1971":[{"pref":"富山県","city":"南砺市","town":"小瀬"}],"1972":[{"pref":"富山県","city":"南砺市","town":"葎島"}],"1973":[{"pref":"富山県","city":"南砺市","town":"菅沼"}],"1974":[{"pref":"富山県","city":"南砺市","town":"田下"}],"1975":[{"pref":"富山県","city":"南砺市","town":"上中田"}],"1976":[{"pref":"富山県","city":"南砺市","town":"新屋"}],"1977":[{"pref":"富山県","city":"南砺市","town":"西赤尾町"}],"1978":[{"pref":"富山県","city":"南砺市","town":"下島"}],"1979":[{"pref":"富山県","city":"南砺市","town":"漆谷"}],"2161":[{"pref":"富山県","city":"富山市","town":"芦生"}],"2162":[{"pref":"富山県","city":"富山市","town":"今生津"}],"2163":[{"pref":"富山県","city":"富山市","town":"布尻"}],"2164":[{"pref":"富山県","city":"富山市","town":"町長"}],"2165":[{"pref":"富山県","city":"富山市","town":"寺津"}],"2171":[{"pref":"富山県","city":"富山市","town":"薄波"},{"pref":"富山県","city":"富山市","town":"太田薄波"}],"2172":[{"pref":"富山県","city":"富山市","town":"吉野"}],"2173":[{"pref":"富山県","city":"富山市","town":"伏木"}],"2174":[{"pref":"富山県","city":"富山市","town":"小糸"}],"2175":[{"pref":"富山県","city":"富山市","town":"東猪谷"}],"2176":[{"pref":"富山県","city":"富山市","town":"舟渡"}],"2181":[{"pref":"富山県","city":"富山市","town":"西笹津"}],"2182":[{"pref":"富山県","city":"富山市","town":"岩稲"}],"2183":[{"pref":"富山県","city":"富山市","town":"割山"}],"2184":[{"pref":"富山県","city":"富山市","town":"楡原"}],"2185":[{"pref":"富山県","city":"富山市","town":"庵谷"}],"2186":[{"pref":"富山県","city":"富山市","town":"片掛"}],"2187":[{"pref":"富山県","city":"富山市","town":"猪谷"}],"2188":[{"pref":"富山県","city":"富山市","town":"蟹寺"}],"2189":[{"pref":"富山県","city":"富山市","town":"加賀沢"}],"2201":[{"pref":"富山県","city":"富山市","town":"合田"},{"pref":"富山県","city":"富山市","town":"新村"}],"2202":[{"pref":"富山県","city":"富山市","town":"小黒"}],"2203":[{"pref":"富山県","city":"富山市","town":"松野"}],"2204":[{"pref":"富山県","city":"富山市","town":"万願寺"}],"2205":[{"pref":"富山県","city":"富山市","town":"二松"}],"2206":[{"pref":"富山県","city":"富山市","town":"坂本"}],"2207":[{"pref":"富山県","city":"富山市","town":"大野"}],"2208":[{"pref":"富山県","city":"富山市","town":"南野田"}],"2209":[{"pref":"富山県","city":"富山市","town":"東大久保"}],"2211":[{"pref":"富山県","city":"富山市","town":"市場"}],"2212":[{"pref":"富山県","city":"富山市","town":"舟倉"}],"2213":[{"pref":"富山県","city":"富山市","town":"牛ケ増"}],"2214":[{"pref":"富山県","city":"富山市","town":"寺家"}],"2215":[{"pref":"富山県","city":"富山市","town":"直坂"}],"2216":[{"pref":"富山県","city":"富山市","town":"横樋"}],"2221":[{"pref":"富山県","city":"富山市","town":"西大沢"}],"2222":[{"pref":"富山県","city":"富山市","town":"笹津（押上）"}],"2223":[{"pref":"富山県","city":"富山市","town":"笹津"}],"2224":[{"pref":"富山県","city":"富山市","town":"春日"}],"2225":[{"pref":"富山県","city":"富山市","town":"長走"}],"2226":[{"pref":"富山県","city":"富山市","town":"下タ林"}],"2231":[{"pref":"富山県","city":"富山市","town":"稲代"},{"pref":"富山県","city":"富山市","town":"稲代（幸町）"}],"2232":[{"pref":"富山県","city":"富山市","town":"小羽"}],"2233":[{"pref":"富山県","city":"富山市","town":"長川原"}],"2234":[{"pref":"富山県","city":"富山市","town":"須原"}],"2235":[{"pref":"富山県","city":"富山市","town":"下伏"}],"2236":[{"pref":"富山県","city":"富山市","town":"土"}],"2237":[{"pref":"富山県","city":"富山市","town":"根上"}],"2238":[{"pref":"富山県","city":"富山市","town":"葛原"}],"2241":[{"pref":"富山県","city":"富山市","town":"神通"}],"2242":[{"pref":"富山県","city":"富山市","town":"塩"}],"2243":[{"pref":"富山県","city":"富山市","town":"中大久保"}],"2244":[{"pref":"富山県","city":"富山市","town":"西塩野"}],"2245":[{"pref":"富山県","city":"富山市","town":"加納"}],"2246":[{"pref":"富山県","city":"富山市","town":"岩木"}],"2247":[{"pref":"富山県","city":"富山市","town":"岩木新"}],"2251":[{"pref":"富山県","city":"富山市","town":"大久保新町"},{"pref":"富山県","city":"富山市","town":"下大久保"},{"pref":"富山県","city":"富山市","town":"下大久保（若草町）"},{"pref":"富山県","city":"富山市","town":"下大久保新町"},{"pref":"富山県","city":"富山市","town":"下大久保東ケ丘"},{"pref":"富山県","city":"富山市","town":"下大久保緑町"}],"2252":[{"pref":"富山県","city":"富山市","town":"上大久保"},{"pref":"富山県","city":"富山市","town":"上大久保泉町"},{"pref":"富山県","city":"富山市","town":"上大久保北新町"},{"pref":"富山県","city":"富山市","town":"上大久保栄町"},{"pref":"富山県","city":"富山市","town":"上大久保東新町"}],"2253":[{"pref":"富山県","city":"富山市","town":"八木山"}],"2254":[{"pref":"富山県","city":"富山市","town":"高内"}],"2255":[{"pref":"富山県","city":"富山市","town":"長附"}],"2256":[{"pref":"富山県","city":"富山市","town":"上二杉"}],"2257":[{"pref":"富山県","city":"富山市","town":"南花園町"}],"2301":[{"pref":"富山県","city":"富山市","town":"八尾町寺家"}],"2302":[{"pref":"富山県","city":"富山市","town":"八尾町杉田"}],"2303":[{"pref":"富山県","city":"富山市","town":"八尾町大杉"}],"2304":[{"pref":"富山県","city":"富山市","town":"八尾町黒田"}],"2305":[{"pref":"富山県","city":"富山市","town":"八尾町井田新"}],"2306":[{"pref":"富山県","city":"富山市","town":"八尾町井田"}],"2311":[{"pref":"富山県","city":"富山市","town":"八尾町中神通"},{"pref":"富山県","city":"富山市","town":"八尾町西神通"}],"2312":[{"pref":"富山県","city":"富山市","town":"八尾町薄島"}],"2313":[{"pref":"富山県","city":"富山市","town":"八尾町滅鬼"}],"2314":[{"pref":"富山県","city":"富山市","town":"八尾町城生"},{"pref":"富山県","city":"富山市","town":"八尾町野飼"}],"2315":[{"pref":"富山県","city":"富山市","town":"八尾町井栗谷"}],"2316":[{"pref":"富山県","city":"富山市","town":"八尾町深谷"}],"2317":[{"pref":"富山県","city":"富山市","town":"八尾町丸山"}],"2321":[{"pref":"富山県","city":"富山市","town":"八尾町小長谷"}],"2322":[{"pref":"富山県","city":"富山市","town":"八尾町小長谷新"}],"2323":[{"pref":"富山県","city":"富山市","town":"八尾町村杉"}],"2324":[{"pref":"富山県","city":"富山市","town":"八尾町北谷"},{"pref":"富山県","city":"富山市","town":"八尾町東坂下"}],"2325":[{"pref":"富山県","city":"富山市","town":"八尾町外堀"},{"pref":"富山県","city":"富山市","town":"八尾町宮腰"}],"2326":[{"pref":"富山県","city":"富山市","town":"八尾町岩屋"}],"2327":[{"pref":"富山県","city":"富山市","town":"八尾町樫尾"}],"2331":[{"pref":"富山県","city":"富山市","town":"八尾町下笹原"}],"2332":[{"pref":"富山県","city":"富山市","town":"八尾町掛畑"},{"pref":"富山県","city":"富山市","town":"八尾町上黒瀬"}],"2333":[{"pref":"富山県","city":"富山市","town":"八尾町桐谷"},{"pref":"富山県","city":"富山市","town":"八尾町小井波"},{"pref":"富山県","city":"富山市","town":"八尾町滝脇"}],"2334":[{"pref":"富山県","city":"富山市","town":"八尾町上笹原"}],"2335":[{"pref":"富山県","city":"富山市","town":"八尾町茗ケ原"}],"2336":[{"pref":"富山県","city":"富山市","town":"八尾町角間"}],"2337":[{"pref":"富山県","city":"富山市","town":"八尾町梅苑町"}],"2341":[{"pref":"富山県","city":"富山市","town":"八尾町鏡町"}],"2342":[{"pref":"富山県","city":"富山市","town":"八尾町上新町"}],"2343":[{"pref":"富山県","city":"富山市","town":"八尾町諏訪町"}],"2344":[{"pref":"富山県","city":"富山市","town":"八尾町東新町"}],"2345":[{"pref":"富山県","city":"富山市","town":"八尾町西新町"}],"2351":[{"pref":"富山県","city":"富山市","town":"八尾町天満町"}],"2352":[{"pref":"富山県","city":"富山市","town":"八尾町下新町"}],"2353":[{"pref":"富山県","city":"富山市","town":"八尾町今町"}],"2354":[{"pref":"富山県","city":"富山市","town":"八尾町東町"}],"2355":[{"pref":"富山県","city":"富山市","town":"八尾町西町"}],"2361":[{"pref":"富山県","city":"富山市","town":"八尾町三田"}],"2362":[{"pref":"富山県","city":"富山市","town":"八尾町奥田"}],"2363":[{"pref":"富山県","city":"富山市","town":"八尾町新田"}],"2364":[{"pref":"富山県","city":"富山市","town":"八尾町水谷"}],"2365":[{"pref":"富山県","city":"富山市","town":"八尾町妙川寺"}],"2366":[{"pref":"富山県","city":"富山市","town":"八尾町保内"}],"2367":[{"pref":"富山県","city":"富山市","town":"八尾町平林"},{"pref":"富山県","city":"富山市","town":"八尾町松原"}],"2371":[{"pref":"富山県","city":"富山市","town":"八尾町田中"},{"pref":"富山県","city":"富山市","town":"八尾町翠尾"}],"2372":[{"pref":"富山県","city":"富山市","town":"八尾町舘本郷"}],"2373":[{"pref":"富山県","city":"富山市","town":"八尾町高善寺"}],"2374":[{"pref":"富山県","city":"富山市","town":"八尾町上高善寺"}],"2375":[{"pref":"富山県","city":"富山市","town":"八尾町石戸"}],"2376":[{"pref":"富山県","city":"富山市","town":"八尾町福島"}],"2401":[{"pref":"富山県","city":"富山市","town":"八尾町油"},{"pref":"富山県","city":"富山市","town":"八尾町西葛坂"},{"pref":"富山県","city":"富山市","town":"八尾町東葛坂"}],"2402":[{"pref":"富山県","city":"富山市","town":"八尾町上田池"},{"pref":"富山県","city":"富山市","town":"八尾町下田池"},{"pref":"富山県","city":"富山市","town":"八尾町八十島"}],"2403":[{"pref":"富山県","city":"富山市","town":"八尾町道畑下中山"},{"pref":"富山県","city":"富山市","town":"八尾町宮ノ下"}],"2404":[{"pref":"富山県","city":"富山市","town":"八尾町上ケ島"},{"pref":"富山県","city":"富山市","town":"八尾町水口"}],"2405":[{"pref":"富山県","city":"富山市","town":"八尾町青根"},{"pref":"富山県","city":"富山市","town":"八尾町岩島"}],"2406":[{"pref":"富山県","city":"富山市","town":"八尾町高峯"},{"pref":"富山県","city":"富山市","town":"八尾町乗嶺"}],"2407":[{"pref":"富山県","city":"富山市","town":"八尾町下乗嶺"},{"pref":"富山県","city":"富山市","town":"八尾町新名"}],"2411":[{"pref":"富山県","city":"富山市","town":"八尾町東川倉"}],"2412":[{"pref":"富山県","city":"富山市","town":"八尾町東布谷"}],"2413":[{"pref":"富山県","city":"富山市","town":"八尾町赤石"}],"2414":[{"pref":"富山県","city":"富山市","town":"八尾町東松瀬"},{"pref":"富山県","city":"富山市","town":"八尾町猟師ケ原"}],"2415":[{"pref":"富山県","city":"富山市","town":"八尾町桂原"},{"pref":"富山県","city":"富山市","town":"八尾町西松瀬"}],"2416":[{"pref":"富山県","city":"富山市","town":"八尾町谷折"},{"pref":"富山県","city":"富山市","town":"八尾町布谷"}],"2417":[{"pref":"富山県","city":"富山市","town":"八尾町川住"},{"pref":"富山県","city":"富山市","town":"八尾町下牧"},{"pref":"富山県","city":"富山市","town":"八尾町西川倉"}],"2421":[{"pref":"富山県","city":"富山市","town":"八尾町田頭"}],"2422":[{"pref":"富山県","city":"富山市","town":"八尾町西原"}],"2423":[{"pref":"富山県","city":"富山市","town":"八尾町新屋"}],"2424":[{"pref":"富山県","city":"富山市","town":"八尾町東原"}],"2425":[{"pref":"富山県","city":"富山市","town":"八尾町庵谷"}],"2426":[{"pref":"富山県","city":"富山市","town":"八尾町切詰"}],"2431":[{"pref":"富山県","city":"富山市","town":"八尾町栗須"},{"pref":"富山県","city":"富山市","town":"八尾町栃折"}],"2432":[{"pref":"富山県","city":"富山市","town":"八尾町薄尾"},{"pref":"富山県","city":"富山市","town":"八尾町中山"}],"2433":[{"pref":"富山県","city":"富山市","town":"八尾町清水"},{"pref":"富山県","city":"富山市","town":"八尾町花房"}],"2434":[{"pref":"富山県","city":"富山市","town":"八尾町島地"}],"2435":[{"pref":"富山県","city":"富山市","town":"八尾町上牧"},{"pref":"富山県","city":"富山市","town":"八尾町下島"}],"2436":[{"pref":"富山県","city":"富山市","town":"八尾町内名"},{"pref":"富山県","city":"富山市","town":"八尾町中島"}],"2437":[{"pref":"富山県","city":"富山市","town":"八尾町高野"},{"pref":"富山県","city":"富山市","town":"八尾町水無"}],"2441":[{"pref":"富山県","city":"富山市","town":"八尾町大下"}],"2442":[{"pref":"富山県","city":"富山市","town":"八尾町下仁歩"}],"2443":[{"pref":"富山県","city":"富山市","town":"八尾町中仁歩"}],"2444":[{"pref":"富山県","city":"富山市","town":"八尾町上仁歩"}],"2445":[{"pref":"富山県","city":"富山市","town":"八尾町入谷"}],"2446":[{"pref":"富山県","city":"富山市","town":"八尾町草連坂"}],"2447":[{"pref":"富山県","city":"富山市","town":"八尾町鼠谷"}],"2451":[{"pref":"富山県","city":"富山市","town":"八尾町平沢"}],"2452":[{"pref":"富山県","city":"富山市","town":"八尾町三ツ松"}],"2453":[{"pref":"富山県","city":"富山市","town":"八尾町倉ケ谷"}],"2454":[{"pref":"富山県","city":"富山市","town":"八尾町尾畑"},{"pref":"富山県","city":"富山市","town":"八尾町武道原"}],"2455":[{"pref":"富山県","city":"富山市","town":"八尾町大玉生"}],"2456":[{"pref":"富山県","city":"富山市","town":"八尾町正間"},{"pref":"富山県","city":"富山市","town":"八尾町茗ケ島"}],"2461":[{"pref":"富山県","city":"富山市","town":"八尾町高熊"}],"2462":[{"pref":"富山県","city":"富山市","town":"八尾町柴橋"},{"pref":"富山県","city":"富山市","town":"八尾町高橋"}],"2463":[{"pref":"富山県","city":"富山市","town":"八尾町中"},{"pref":"富山県","city":"富山市","town":"八尾町谷内"}],"2464":[{"pref":"富山県","city":"富山市","town":"八尾町竹ノ内"},{"pref":"富山県","city":"富山市","town":"八尾町宮ケ島"}],"2465":[{"pref":"富山県","city":"富山市","town":"八尾町尾久"},{"pref":"富山県","city":"富山市","town":"八尾町窪"}],"2466":[{"pref":"富山県","city":"富山市","town":"八尾町天池"}],"2467":[{"pref":"富山県","city":"富山市","town":"八尾町追分"},{"pref":"富山県","city":"富山市","town":"八尾町高瀬"}],"2471":[{"pref":"富山県","city":"富山市","town":"八尾町坂ノ下"},{"pref":"富山県","city":"富山市","town":"八尾町高尾"}],"2472":[{"pref":"富山県","city":"富山市","town":"八尾町野須郷"},{"pref":"富山県","city":"富山市","town":"八尾町和山"}],"2473":[{"pref":"富山県","city":"富山市","town":"八尾町上ノ名"},{"pref":"富山県","city":"富山市","town":"八尾町峯"}],"2474":[{"pref":"富山県","city":"富山市","town":"八尾町下ノ名"},{"pref":"富山県","city":"富山市","town":"八尾町須郷"}],"2475":[{"pref":"富山県","city":"富山市","town":"八尾町足谷"},{"pref":"富山県","city":"富山市","town":"八尾町柚木"}],"2476":[{"pref":"富山県","city":"富山市","town":"八尾町細滝"}],"2477":[{"pref":"富山県","city":"富山市","town":"八尾町上野"}],"2501":[{"pref":"富山県","city":"南砺市","town":"利賀村栗当"}],"2502":[{"pref":"富山県","city":"南砺市","town":"利賀村高沼"}],"2503":[{"pref":"富山県","city":"南砺市","town":"利賀村草嶺"}],"2504":[{"pref":"富山県","city":"南砺市","town":"利賀村押場"}],"2505":[{"pref":"富山県","city":"南砺市","town":"利賀村北豆谷"}],"2506":[{"pref":"富山県","city":"南砺市","town":"利賀村大豆谷"}],"2507":[{"pref":"富山県","city":"南砺市","town":"利賀村"}],"2508":[{"pref":"富山県","city":"南砺市","town":"利賀村岩渕"}],"2509":[{"pref":"富山県","city":"南砺市","town":"利賀村北島"}],"2511":[{"pref":"富山県","city":"南砺市","town":"利賀村百瀬川"}],"2512":[{"pref":"富山県","city":"南砺市","town":"利賀村中村"}],"2513":[{"pref":"富山県","city":"南砺市","town":"利賀村上百瀬"}],"2514":[{"pref":"富山県","city":"南砺市","town":"利賀村上畠"}],"2515":[{"pref":"富山県","city":"南砺市","town":"利賀村細島"}],"2516":[{"pref":"富山県","city":"南砺市","town":"利賀村坂上"}],"2517":[{"pref":"富山県","city":"南砺市","town":"利賀村阿別当"}],"2518":[{"pref":"富山県","city":"南砺市","town":"利賀村大勘場"}],"2519":[{"pref":"富山県","city":"南砺市","town":"利賀村水無"}],"2601":[{"pref":"富山県","city":"富山市","town":"婦中町小長沢"}],"2602":[{"pref":"富山県","city":"富山市","town":"婦中町下邑"}],"2603":[{"pref":"富山県","city":"富山市","town":"婦中町羽根"}],"2604":[{"pref":"富山県","city":"富山市","town":"婦中町小野島"},{"pref":"富山県","city":"富山市","town":"婦中町富川"}],"2605":[{"pref":"富山県","city":"富山市","town":"婦中町河原町"}],"2606":[{"pref":"富山県","city":"富山市","town":"婦中町長沢"},{"pref":"富山県","city":"富山市","town":"婦中町ひまわり台"}],"2607":[{"pref":"富山県","city":"富山市","town":"婦中町新町"}],"2611":[{"pref":"富山県","city":"富山市","town":"婦中町かたかご台"},{"pref":"富山県","city":"富山市","town":"婦中町下吉川"},{"pref":"富山県","city":"富山市","town":"婦中町高田"}],"2612":[{"pref":"富山県","city":"富山市","town":"婦中町上吉川"},{"pref":"富山県","city":"富山市","town":"婦中町上吉川ニュータウン"}],"2613":[{"pref":"富山県","city":"富山市","town":"婦中町高日附"}],"2614":[{"pref":"富山県","city":"富山市","town":"婦中町上井沢"}],"2615":[{"pref":"富山県","city":"富山市","town":"婦中町熊野道"}],"2616":[{"pref":"富山県","city":"富山市","town":"婦中町小倉"}],"2617":[{"pref":"富山県","city":"富山市","town":"婦中町島田"}],"2621":[{"pref":"富山県","city":"富山市","town":"婦中町富崎"}],"2622":[{"pref":"富山県","city":"富山市","town":"婦中町沢田"},{"pref":"富山県","city":"富山市","town":"婦中町千里"},{"pref":"富山県","city":"富山市","town":"婦中町鉾木"}],"2623":[{"pref":"富山県","city":"富山市","town":"婦中町蓮花寺"}],"2624":[{"pref":"富山県","city":"富山市","town":"婦中町下瀬"}],"2625":[{"pref":"富山県","city":"富山市","town":"婦中町上瀬"},{"pref":"富山県","city":"富山市","town":"婦中町三瀬"},{"pref":"富山県","city":"富山市","town":"婦中町高山"}],"2626":[{"pref":"富山県","city":"富山市","town":"婦中町道島"}],"2627":[{"pref":"富山県","city":"富山市","town":"婦中町上野"},{"pref":"富山県","city":"富山市","town":"婦中町皆杓"}],"2631":[{"pref":"富山県","city":"富山市","town":"婦中町高塚"},{"pref":"富山県","city":"富山市","town":"婦中町宮ケ谷"}],"2632":[{"pref":"富山県","city":"富山市","town":"婦中町外輪野"},{"pref":"富山県","city":"富山市","town":"婦中町吉住"}],"2633":[{"pref":"富山県","city":"富山市","town":"婦中町東谷"}],"2634":[{"pref":"富山県","city":"富山市","town":"婦中町牛滑"}],"2635":[{"pref":"富山県","city":"富山市","town":"婦中町大瀬谷"}],"2636":[{"pref":"富山県","city":"富山市","town":"婦中町東山"},{"pref":"富山県","city":"富山市","town":"婦中町葎原"}],"2637":[{"pref":"富山県","city":"富山市","town":"婦中町鶚谷"}],"2638":[{"pref":"富山県","city":"富山市","town":"婦中町細谷"},{"pref":"富山県","city":"富山市","town":"婦中町吉谷"}],"2639":[{"pref":"富山県","city":"富山市","town":"婦中町平等"}],"2649":[{"pref":"富山県","city":"富山市","town":"婦中町余川（西余川）"}],"2701":[{"pref":"富山県","city":"富山市","town":"婦中町西本郷"}],"2702":[{"pref":"富山県","city":"富山市","town":"婦中町田島"}],"2703":[{"pref":"富山県","city":"富山市","town":"婦中町希望ケ丘"}],"2704":[{"pref":"富山県","city":"富山市","town":"婦中町羽根新"}],"2705":[{"pref":"富山県","city":"富山市","town":"婦中町宮ケ島"}],"2706":[{"pref":"富山県","city":"富山市","town":"婦中町速星"}],"2707":[{"pref":"富山県","city":"富山市","town":"婦中町東本郷"}],"2708":[{"pref":"富山県","city":"富山市","town":"婦中町島本郷"}],"2709":[{"pref":"富山県","city":"富山市","town":"婦中町夢ケ丘"}],"2711":[{"pref":"富山県","city":"富山市","town":"婦中町鵜坂"}],"2712":[{"pref":"富山県","city":"富山市","town":"婦中町塚原"}],"2713":[{"pref":"富山県","city":"富山市","town":"婦中町上轡田"}],"2714":[{"pref":"富山県","city":"富山市","town":"婦中町増田"}],"2715":[{"pref":"富山県","city":"富山市","town":"婦中町下坂倉"}],"2716":[{"pref":"富山県","city":"富山市","town":"婦中町下轡田"}],"2717":[{"pref":"富山県","city":"富山市","town":"婦中町上田島"}],"2718":[{"pref":"富山県","city":"富山市","town":"婦中町分田"}],"2719":[{"pref":"富山県","city":"富山市","town":"婦中町西ヶ丘"}],"2721":[{"pref":"富山県","city":"富山市","town":"婦中町板倉"},{"pref":"富山県","city":"富山市","town":"婦中町板倉新"}],"2722":[{"pref":"富山県","city":"富山市","town":"婦中町添島"}],"2723":[{"pref":"富山県","city":"富山市","town":"婦中町萩島"}],"2724":[{"pref":"富山県","city":"富山市","town":"婦中町ねむの木"}],"2725":[{"pref":"富山県","city":"富山市","town":"婦中町持田"}],"2726":[{"pref":"富山県","city":"富山市","town":"婦中町蔵島"}],"2727":[{"pref":"富山県","city":"富山市","town":"婦中町砂子田"}],"2728":[{"pref":"富山県","city":"富山市","town":"婦中町蛍川"}],"2729":[{"pref":"富山県","city":"富山市","town":"婦中町響の杜"}],"2731":[{"pref":"富山県","city":"富山市","town":"婦中町青島"}],"2732":[{"pref":"富山県","city":"富山市","town":"婦中町横野"}],"2733":[{"pref":"富山県","city":"富山市","town":"婦中町成子"}],"2734":[{"pref":"富山県","city":"富山市","town":"婦中町新屋"}],"2735":[{"pref":"富山県","city":"富山市","town":"婦中町為成新"}],"2736":[{"pref":"富山県","city":"富山市","town":"婦中町上新屋"}],"2737":[{"pref":"富山県","city":"富山市","town":"婦中町十五丁"}],"2738":[{"pref":"富山県","city":"富山市","town":"婦中町道喜島"}],"2741":[{"pref":"富山県","city":"富山市","town":"婦中町中名"}],"2742":[{"pref":"富山県","city":"富山市","town":"婦中町堀"}],"2743":[{"pref":"富山県","city":"富山市","town":"婦中町清水島"}],"2744":[{"pref":"富山県","city":"富山市","town":"婦中町地角"}],"2745":[{"pref":"富山県","city":"富山市","town":"婦中町広田"}],"2746":[{"pref":"富山県","city":"富山市","town":"婦中町浜子"}],"2747":[{"pref":"富山県","city":"富山市","town":"婦中町中島"}],"2748":[{"pref":"富山県","city":"富山市","town":"婦中町田屋"},{"pref":"富山県","city":"富山市","town":"婦中町田屋新"}],"2749":[{"pref":"富山県","city":"富山市","town":"婦中町余川（東余川）"}],"2751":[{"pref":"富山県","city":"富山市","town":"婦中町安田"}],"2752":[{"pref":"富山県","city":"富山市","town":"婦中町小泉"}],"2753":[{"pref":"富山県","city":"富山市","town":"婦中町笹倉"}],"2754":[{"pref":"富山県","city":"富山市","town":"婦中町麦島"}],"2755":[{"pref":"富山県","city":"富山市","town":"婦中町袋"}],"2756":[{"pref":"富山県","city":"富山市","town":"婦中町下井沢"}],"2757":[{"pref":"富山県","city":"富山市","town":"婦中町道場"}],"2758":[{"pref":"富山県","city":"富山市","town":"婦中町下条"}],"2759":[{"pref":"富山県","city":"富山市","town":"婦中町友坂"}],"3501":[{"pref":"富山県","city":"富山市","town":"水橋印田町"}],"3502":[{"pref":"富山県","city":"富山市","town":"水橋川原町"}],"3503":[{"pref":"富山県","city":"富山市","town":"水橋立山町"}],"3504":[{"pref":"富山県","city":"富山市","town":"水橋今町"}],"3505":[{"pref":"富山県","city":"富山市","town":"水橋浜町"}],"3506":[{"pref":"富山県","city":"富山市","town":"水橋山王町"}],"3511":[{"pref":"富山県","city":"富山市","town":"水橋中町"}],"3512":[{"pref":"富山県","city":"富山市","town":"水橋大町（西部地区）"},{"pref":"富山県","city":"富山市","town":"水橋西大町"}],"3513":[{"pref":"富山県","city":"富山市","town":"水橋大正町"}],"3514":[{"pref":"富山県","city":"富山市","town":"水橋新堂町"}],"3515":[{"pref":"富山県","city":"富山市","town":"水橋辻ケ堂"}],"3516":[{"pref":"富山県","city":"富山市","town":"水橋荒町"}],"3521":[{"pref":"富山県","city":"富山市","town":"水橋畠等"}],"3522":[{"pref":"富山県","city":"富山市","town":"水橋花の井町"}],"3523":[{"pref":"富山県","city":"富山市","town":"水橋池田舘"}],"3524":[{"pref":"富山県","city":"富山市","town":"水橋伊勢屋"}],"3525":[{"pref":"富山県","city":"富山市","town":"水橋駅前"}],"3526":[{"pref":"富山県","city":"富山市","town":"水橋昭和町"}],"3531":[{"pref":"富山県","city":"富山市","town":"水橋池田町"}],"3532":[{"pref":"富山県","city":"富山市","town":"水橋二ツ屋"}],"3533":[{"pref":"富山県","city":"富山市","town":"水橋高堂"}],"3534":[{"pref":"富山県","city":"富山市","town":"水橋金尾"},{"pref":"富山県","city":"富山市","town":"水橋番頭名"}],"3535":[{"pref":"富山県","city":"富山市","town":"水橋新堀"}],"3536":[{"pref":"富山県","city":"富山市","town":"水橋金尾新"}],"3541":[{"pref":"富山県","city":"富山市","town":"水橋沖"}],"3542":[{"pref":"富山県","city":"富山市","town":"水橋開発"}],"3543":[{"pref":"富山県","city":"富山市","town":"水橋常願寺"}],"3544":[{"pref":"富山県","city":"富山市","town":"水橋入江"}],"3545":[{"pref":"富山県","city":"富山市","town":"水橋入部町"}],"3546":[{"pref":"富山県","city":"富山市","town":"水橋二杉"}],"3547":[{"pref":"富山県","city":"富山市","town":"水橋柴草"}],"3548":[{"pref":"富山県","city":"富山市","town":"三郷"}],"3551":[{"pref":"富山県","city":"富山市","town":"水橋中村"}],"3552":[{"pref":"富山県","city":"富山市","town":"水橋肘崎"}],"3553":[{"pref":"富山県","city":"富山市","town":"水橋上的場"},{"pref":"富山県","city":"富山市","town":"水橋的場"}],"3554":[{"pref":"富山県","city":"富山市","town":"水橋小路"}],"3555":[{"pref":"富山県","city":"富山市","town":"水橋市田袋"}],"3556":[{"pref":"富山県","city":"富山市","town":"水橋中新町"}],"3557":[{"pref":"富山県","city":"富山市","town":"水橋新保"},{"pref":"富山県","city":"富山市","town":"水橋新保新町"},{"pref":"富山県","city":"富山市","town":"水橋平榎"},{"pref":"富山県","city":"富山市","town":"水橋町袋"}],"8001":[{"pref":"富山県","city":"富山市","town":"大泉東部"}],"8002":[{"pref":"富山県","city":"富山市","town":"公文名"}],"8003":[{"pref":"富山県","city":"富山市","town":"西公文名町"}],"8004":[{"pref":"富山県","city":"富山市","town":"西公文名"}],"8005":[{"pref":"富山県","city":"富山市","town":"中市"}],"8006":[{"pref":"富山県","city":"富山市","town":"山室"}],"8007":[{"pref":"富山県","city":"富山市","town":"山室向陽台"}],"8008":[{"pref":"富山県","city":"富山市","town":"山室新町"}],"8011":[{"pref":"富山県","city":"富山市","town":"不二栄町"}],"8012":[{"pref":"富山県","city":"富山市","town":"高原本町"}],"8013":[{"pref":"富山県","city":"富山市","town":"高原町"}],"8014":[{"pref":"富山県","city":"富山市","town":"中川原新町"}],"8015":[{"pref":"富山県","city":"富山市","town":"中川原"}],"8016":[{"pref":"富山県","city":"富山市","town":"中川原台"}],"8017":[{"pref":"富山県","city":"富山市","town":"松ケ丘"}],"8021":[{"pref":"富山県","city":"富山市","town":"若葉台"}],"8022":[{"pref":"富山県","city":"富山市","town":"山室荒屋"}],"8023":[{"pref":"富山県","city":"富山市","town":"古寺"}],"8024":[{"pref":"富山県","city":"富山市","town":"古寺新町"}],"8025":[{"pref":"富山県","city":"富山市","town":"大島"}],"8026":[{"pref":"富山県","city":"富山市","town":"山室荒屋新町"}],"8031":[{"pref":"富山県","city":"富山市","town":"東流杉"}],"8032":[{"pref":"富山県","city":"富山市","town":"流杉"}],"8033":[{"pref":"富山県","city":"富山市","town":"横内"}],"8034":[{"pref":"富山県","city":"富山市","town":"新横内町"}],"8035":[{"pref":"富山県","city":"富山市","town":"大宮町"}],"8036":[{"pref":"富山県","city":"富山市","town":"高屋敷"}],"8041":[{"pref":"富山県","city":"富山市","town":"太田中区"}],"8042":[{"pref":"富山県","city":"富山市","town":"太田北区"}],"8043":[{"pref":"富山県","city":"富山市","town":"太田向陽台"}],"8044":[{"pref":"富山県","city":"富山市","town":"太田南町"}],"8045":[{"pref":"富山県","city":"富山市","town":"本郷町"}],"8046":[{"pref":"富山県","city":"富山市","town":"本郷新"}],"8047":[{"pref":"富山県","city":"富山市","town":"清住町"}],"8048":[{"pref":"富山県","city":"富山市","town":"太田"}],"8049":[{"pref":"富山県","city":"富山市","town":"堀川本郷"}],"8051":[{"pref":"富山県","city":"富山市","town":"大泉中部"}],"8052":[{"pref":"富山県","city":"富山市","town":"大泉１区南部"}],"8053":[{"pref":"富山県","city":"富山市","town":"堀川天山町"}],"8054":[{"pref":"富山県","city":"富山市","town":"新堀町"}],"8055":[{"pref":"富山県","city":"富山市","town":"下堀"}],"8056":[{"pref":"富山県","city":"富山市","town":"上堀町"}],"8057":[{"pref":"富山県","city":"富山市","town":"堀"}],"8058":[{"pref":"富山県","city":"富山市","town":"大泉"}],"8061":[{"pref":"富山県","city":"富山市","town":"上新保"}],"8062":[{"pref":"富山県","city":"富山市","town":"上堀南町"}],"8063":[{"pref":"富山県","city":"富山市","town":"小杉"}],"8064":[{"pref":"富山県","city":"富山市","town":"赤田"}],"8065":[{"pref":"富山県","city":"富山市","town":"赤田新町"}],"8066":[{"pref":"富山県","city":"富山市","town":"朝菜町"}],"8071":[{"pref":"富山県","city":"富山市","town":"上袋"}],"8072":[{"pref":"富山県","city":"富山市","town":"堀川町"}],"8073":[{"pref":"富山県","city":"富山市","town":"大町"}],"8074":[{"pref":"富山県","city":"富山市","town":"大町南台"}],"8075":[{"pref":"富山県","city":"富山市","town":"今泉"}],"8076":[{"pref":"富山県","city":"富山市","town":"太郎丸"}],"8077":[{"pref":"富山県","city":"富山市","town":"春日町"}],"8081":[{"pref":"富山県","city":"富山市","town":"堀川小泉町"}],"8082":[{"pref":"富山県","city":"富山市","town":"小泉町"}],"8083":[{"pref":"富山県","city":"富山市","town":"西中野本町"}],"8084":[{"pref":"富山県","city":"富山市","town":"西中野町"}],"8085":[{"pref":"富山県","city":"富山市","town":"中野新町"}],"8086":[{"pref":"富山県","city":"富山市","town":"東中野町"}],"8087":[{"pref":"富山県","city":"富山市","town":"大泉町"}],"8091":[{"pref":"富山県","city":"富山市","town":"旭町"}],"8092":[{"pref":"富山県","city":"富山市","town":"雄山町"}],"8093":[{"pref":"富山県","city":"富山市","town":"大泉東町"}],"8094":[{"pref":"富山県","city":"富山市","town":"大泉本町"}],"8095":[{"pref":"富山県","city":"富山市","town":"大泉中町"}],"8096":[{"pref":"富山県","city":"富山市","town":"西大泉"}],"8097":[{"pref":"富山県","city":"富山市","town":"大泉北町"}],"8101":[{"pref":"富山県","city":"富山市","town":"西野新"}],"8102":[{"pref":"富山県","city":"富山市","town":"昭和新町"}],"8103":[{"pref":"富山県","city":"富山市","town":"大場"}],"8104":[{"pref":"富山県","city":"富山市","town":"西番"}],"8111":[{"pref":"富山県","city":"富山市","town":"城新町"}],"8112":[{"pref":"富山県","city":"富山市","town":"城ケ丘"}],"8113":[{"pref":"富山県","city":"富山市","town":"城若町"}],"8114":[{"pref":"富山県","city":"富山市","town":"城村"}],"8115":[{"pref":"富山県","city":"富山市","town":"城村新町"}],"8121":[{"pref":"富山県","city":"富山市","town":"石屋"}],"8122":[{"pref":"富山県","city":"富山市","town":"新名"}],"8123":[{"pref":"富山県","city":"富山市","town":"関"}],"8124":[{"pref":"富山県","city":"富山市","town":"八川"}],"8131":[{"pref":"富山県","city":"富山市","town":"中屋"}],"8132":[{"pref":"富山県","city":"富山市","town":"月岡町"}],"8133":[{"pref":"富山県","city":"富山市","town":"月見が丘"}],"8134":[{"pref":"富山県","city":"富山市","town":"上千俵町"}],"8135":[{"pref":"富山県","city":"富山市","town":"千俵町"}],"8136":[{"pref":"富山県","city":"富山市","town":"月見町"}],"8137":[{"pref":"富山県","city":"富山市","town":"開発"}],"8138":[{"pref":"富山県","city":"富山市","town":"上千俵"}],"8139":[{"pref":"富山県","city":"富山市","town":"月岡新"}],"8141":[{"pref":"富山県","city":"富山市","town":"月岡東緑町"}],"8142":[{"pref":"富山県","city":"富山市","town":"月岡西緑町"}],"8143":[{"pref":"富山県","city":"富山市","town":"上布目"}],"8144":[{"pref":"富山県","city":"富山市","town":"上今町"}],"8145":[{"pref":"富山県","city":"富山市","town":"大井"}],"8146":[{"pref":"富山県","city":"富山市","town":"中布目"}],"8151":[{"pref":"富山県","city":"富山市","town":"上栄"}],"8152":[{"pref":"富山県","city":"富山市","town":"経力"}],"8153":[{"pref":"富山県","city":"富山市","town":"吉岡"}],"8154":[{"pref":"富山県","city":"富山市","town":"森田"}],"8155":[{"pref":"富山県","city":"富山市","town":"江本"}],"8156":[{"pref":"富山県","city":"富山市","town":"珠泉東町"}],"8157":[{"pref":"富山県","city":"富山市","town":"珠泉西町"}],"8161":[{"pref":"富山県","city":"富山市","town":"牧田"}],"8162":[{"pref":"富山県","city":"富山市","town":"青柳"}],"8163":[{"pref":"富山県","city":"富山市","town":"青柳新"}],"8164":[{"pref":"富山県","city":"富山市","town":"林崎"}],"8165":[{"pref":"富山県","city":"富山市","town":"杉瀬"}],"8166":[{"pref":"富山県","city":"富山市","town":"上熊野"}],"8171":[{"pref":"富山県","city":"富山市","town":"宮保"}],"8172":[{"pref":"富山県","city":"富山市","town":"辰尾"}],"8173":[{"pref":"富山県","city":"富山市","town":"辰尾新町"}],"8174":[{"pref":"富山県","city":"富山市","town":"下栗山"}],"8175":[{"pref":"富山県","city":"富山市","town":"上栗山"}],"8176":[{"pref":"富山県","city":"富山市","town":"南栗山"}],"8177":[{"pref":"富山県","city":"富山市","town":"安養寺"}],"8178":[{"pref":"富山県","city":"富山市","town":"栗山"}],"8181":[{"pref":"富山県","city":"富山市","town":"若竹町"}],"8182":[{"pref":"富山県","city":"富山市","town":"悪王寺"}],"8183":[{"pref":"富山県","city":"富山市","town":"小中"}],"8184":[{"pref":"富山県","city":"富山市","town":"二俣新町"}],"8185":[{"pref":"富山県","city":"富山市","town":"二俣"}],"8191":[{"pref":"富山県","city":"富山市","town":"布市"}],"8192":[{"pref":"富山県","city":"富山市","town":"布市新町"}],"8193":[{"pref":"富山県","city":"富山市","town":"石田"}],"8194":[{"pref":"富山県","city":"富山市","town":"南金屋"}],"8195":[{"pref":"富山県","city":"富山市","town":"上野"}],"8196":[{"pref":"富山県","city":"富山市","town":"上野南町"}],"8197":[{"pref":"富山県","city":"富山市","town":"上野寿町"}],"8201":[{"pref":"富山県","city":"富山市","town":"花園町"}],"8202":[{"pref":"富山県","city":"富山市","town":"西田地方町"}],"8203":[{"pref":"富山県","city":"富山市","town":"西田地方"}],"8204":[{"pref":"富山県","city":"富山市","town":"根塚町"}],"8205":[{"pref":"富山県","city":"富山市","town":"新根塚町"}],"8206":[{"pref":"富山県","city":"富山市","town":"布瀬町"}],"8207":[{"pref":"富山県","city":"富山市","town":"布瀬本町"}],"8208":[{"pref":"富山県","city":"富山市","town":"布瀬町南"}],"8211":[{"pref":"富山県","city":"富山市","town":"二口町"}],"8212":[{"pref":"富山県","city":"富山市","town":"掛尾町"}],"8213":[{"pref":"富山県","city":"富山市","town":"黒瀬"}],"8214":[{"pref":"富山県","city":"富山市","town":"黒崎"}],"8215":[{"pref":"富山県","city":"富山市","town":"掛尾栄町"}],"8216":[{"pref":"富山県","city":"富山市","town":"黒瀬北町"}],"8221":[{"pref":"富山県","city":"富山市","town":"八日町"}],"8222":[{"pref":"富山県","city":"富山市","town":"蜷川"}],"8223":[{"pref":"富山県","city":"富山市","town":"島田"}],"8224":[{"pref":"富山県","city":"富山市","town":"友杉"}],"8225":[{"pref":"富山県","city":"富山市","town":"上八日町"}],"8231":[{"pref":"富山県","city":"富山市","town":"下熊野"}],"8232":[{"pref":"富山県","city":"富山市","town":"南央町"}],"8233":[{"pref":"富山県","city":"富山市","town":"任海"}],"8234":[{"pref":"富山県","city":"富山市","town":"南中田"}],"8241":[{"pref":"富山県","city":"富山市","town":"惣在寺"}],"8242":[{"pref":"富山県","city":"富山市","town":"福居"}],"8243":[{"pref":"富山県","city":"富山市","town":"押上"}],"8244":[{"pref":"富山県","city":"富山市","town":"吉倉"}],"8251":[{"pref":"富山県","city":"富山市","town":"西荒屋"}],"8252":[{"pref":"富山県","city":"富山市","town":"秋ケ島"}],"8253":[{"pref":"富山県","city":"富山市","town":"新保"}],"8254":[{"pref":"富山県","city":"富山市","town":"別名"}],"8261":[{"pref":"富山県","city":"富山市","town":"萩原"}],"8262":[{"pref":"富山県","city":"富山市","town":"塚原"}],"8263":[{"pref":"富山県","city":"富山市","town":"才覚寺"}],"8264":[{"pref":"富山県","city":"富山市","town":"経田"}],"8271":[{"pref":"富山県","city":"富山市","town":"太郎丸西町"}],"8272":[{"pref":"富山県","city":"富山市","town":"太郎丸本町"}],"8281":[{"pref":"富山県","city":"富山市","town":"今泉西部町"}],"8282":[{"pref":"富山県","city":"富山市","town":"今泉北部町"}],"0000":[{"pref":"富山県","city":"富山市","town":"以下に掲載がない場合"}],"0511":[{"pref":"富山県","city":"富山市","town":"水橋朝日町"},{"pref":"富山県","city":"富山市","town":"水橋魚躬"},{"pref":"富山県","city":"富山市","town":"水橋高月"}],"0551":[{"pref":"富山県","city":"富山市","town":"水橋石政"}],"0561":[{"pref":"富山県","city":"富山市","town":"水橋石割"}],"0545":[{"pref":"富山県","city":"富山市","town":"水橋伊勢領"}],"0531":[{"pref":"富山県","city":"富山市","town":"水橋市江"}],"0532":[{"pref":"富山県","city":"富山市","town":"水橋市江新町"}],"0514":[{"pref":"富山県","city":"富山市","town":"水橋稲荷町"}],"0506":[{"pref":"富山県","city":"富山市","town":"水橋大町（中部地区）"},{"pref":"富山県","city":"富山市","town":"水橋中大町"}],"0535":[{"pref":"富山県","city":"富山市","town":"水橋開発町"}],"0541":[{"pref":"富山県","city":"富山市","town":"水橋鏡田"}],"0542":[{"pref":"富山県","city":"富山市","town":"水橋堅田"}],"0565":[{"pref":"富山県","city":"富山市","town":"水橋金広"}],"0546":[{"pref":"富山県","city":"富山市","town":"水橋上桜木"},{"pref":"富山県","city":"富山市","town":"水橋桜木"}],"0544":[{"pref":"富山県","city":"富山市","town":"水橋上砂子坂"},{"pref":"富山県","city":"富山市","town":"水橋下砂子坂"},{"pref":"富山県","city":"富山市","town":"水橋下砂子坂新"}],"0567":[{"pref":"富山県","city":"富山市","town":"水橋北馬場"}],"0534":[{"pref":"富山県","city":"富山市","town":"水橋狐塚"}],"0547":[{"pref":"富山県","city":"富山市","town":"水橋小池"}],"0552":[{"pref":"富山県","city":"富山市","town":"水橋恋塚"}],"0553":[{"pref":"富山県","city":"富山市","town":"水橋小出"}],"0533":[{"pref":"富山県","city":"富山市","town":"水橋高志園町"}],"0543":[{"pref":"富山県","city":"富山市","town":"水橋五郎丸"}],"0563":[{"pref":"富山県","city":"富山市","town":"水橋佐野竹"}],"0521":[{"pref":"富山県","city":"富山市","town":"水橋下段"},{"pref":"富山県","city":"富山市","town":"水橋中村町"}],"0564":[{"pref":"富山県","city":"富山市","town":"水橋清水堂"}],"0558":[{"pref":"富山県","city":"富山市","town":"水橋上条新町"}],"0527":[{"pref":"富山県","city":"富山市","town":"水橋新大町"}],"0525":[{"pref":"富山県","city":"富山市","town":"水橋新舘町"}],"0515":[{"pref":"富山県","city":"富山市","town":"水橋新町"}],"0554":[{"pref":"富山県","city":"富山市","town":"水橋専光寺"}],"0557":[{"pref":"富山県","city":"富山市","town":"水橋大正"},{"pref":"富山県","city":"富山市","town":"水橋大正南部"},{"pref":"富山県","city":"富山市","town":"水橋大正北部"}],"0555":[{"pref":"富山県","city":"富山市","town":"水橋高寺"}],"0526":[{"pref":"富山県","city":"富山市","town":"水橋舘町"}],"0562":[{"pref":"富山県","city":"富山市","town":"水橋田伏"}],"0504":[{"pref":"富山県","city":"富山市","town":"水橋田町"}],"0502":[{"pref":"富山県","city":"富山市","town":"水橋地蔵町"}],"0513":[{"pref":"富山県","city":"富山市","town":"水橋中出町"}],"0566":[{"pref":"富山県","city":"富山市","town":"水橋中馬場"}],"0522":[{"pref":"富山県","city":"富山市","town":"水橋中村栄町"}],"0523":[{"pref":"富山県","city":"富山市","town":"水橋中村新町"}],"0503":[{"pref":"富山県","city":"富山市","town":"水橋西出町"}],"0507":[{"pref":"富山県","city":"富山市","town":"水橋西天神町"}],"0508":[{"pref":"富山県","city":"富山市","town":"水橋西浜町"}],"0524":[{"pref":"富山県","city":"富山市","town":"水橋東舘町"}],"0512":[{"pref":"富山県","city":"富山市","town":"水橋東出町"}],"0505":[{"pref":"富山県","city":"富山市","town":"水橋東天神町"}],"0501":[{"pref":"富山県","city":"富山市","town":"水橋東浜町"}],"0568":[{"pref":"富山県","city":"富山市","town":"水橋平塚"}],"0556":[{"pref":"富山県","city":"富山市","town":"水橋曲淵"}],"0509":[{"pref":"富山県","city":"富山市","town":"水橋町"}],"0528":[{"pref":"富山県","city":"富山市","town":"水橋明治町"}],"0536":[{"pref":"富山県","city":"富山市","town":"水橋柳寺"}],"0101":[{"pref":"富山県","city":"高岡市","town":"福岡町赤丸"}],"0131":[{"pref":"富山県","city":"高岡市","town":"福岡町荒屋敷"}],"0112":[{"pref":"富山県","city":"高岡市","town":"福岡町荒屋敷（表元町）"},{"pref":"富山県","city":"高岡市","town":"福岡町荒屋敷（中央通り）"},{"pref":"富山県","city":"高岡市","town":"福岡町大滝（表元町）"},{"pref":"富山県","city":"高岡市","town":"福岡町下蓑新（表元町）"},{"pref":"富山県","city":"高岡市","town":"福岡町福岡（表元町）"},{"pref":"富山県","city":"高岡市","town":"福岡町福岡新（中央通り）"}],"0122":[{"pref":"富山県","city":"高岡市","town":"福岡町一歩二歩"}],"0145":[{"pref":"富山県","city":"高岡市","town":"福岡町上野"}],"0128":[{"pref":"富山県","city":"高岡市","town":"福岡町江尻"}],"0132":[{"pref":"富山県","city":"高岡市","town":"福岡町大滝"},{"pref":"富山県","city":"高岡市","town":"福岡町大滝（木舟新）"}],"0119":[{"pref":"富山県","city":"高岡市","town":"福岡町大滝（橋上町）"},{"pref":"富山県","city":"高岡市","town":"福岡町福岡（西町）"},{"pref":"富山県","city":"高岡市","town":"福岡町福岡（堀川町）"},{"pref":"富山県","city":"高岡市","town":"福岡町福岡新（西町）"},{"pref":"富山県","city":"高岡市","town":"福岡町福岡新（橋上町）"},{"pref":"富山県","city":"高岡市","town":"福岡町福岡新（堀川町）"}],"0118":[{"pref":"富山県","city":"高岡市","town":"福岡町大野"}],"0117":[{"pref":"富山県","city":"高岡市","town":"福岡町大野（桜木町）"},{"pref":"富山県","city":"高岡市","town":"福岡町大野（早稲田町）"},{"pref":"富山県","city":"高岡市","town":"福岡町福岡新"},{"pref":"富山県","city":"高岡市","town":"福岡町福岡新（桜木町）"},{"pref":"富山県","city":"高岡市","town":"福岡町福岡新（西干場）"},{"pref":"富山県","city":"高岡市","town":"福岡町福岡新（早稲田町）"}],"0133":[{"pref":"富山県","city":"高岡市","town":"福岡町開ほつ"}],"0127":[{"pref":"富山県","city":"高岡市","town":"福岡町上蓑"}],"0113":[{"pref":"富山県","city":"高岡市","town":"福岡町上蓑（末広町）"},{"pref":"富山県","city":"高岡市","town":"福岡町下蓑（末広町）"},{"pref":"富山県","city":"高岡市","town":"福岡町下蓑（中島町）"},{"pref":"富山県","city":"高岡市","town":"福岡町下蓑（元町）"},{"pref":"富山県","city":"高岡市","town":"福岡町下蓑新（末広町）"},{"pref":"富山県","city":"高岡市","town":"福岡町福岡（中島町）"}],"0144":[{"pref":"富山県","city":"高岡市","town":"福岡町上向田"}],"0104":[{"pref":"富山県","city":"高岡市","town":"福岡町加茂"}],"0134":[{"pref":"富山県","city":"高岡市","town":"福岡町木舟"}],"0152":[{"pref":"富山県","city":"高岡市","town":"福岡町五位"}],"0124":[{"pref":"富山県","city":"高岡市","town":"福岡町小伊勢領"}],"0156":[{"pref":"富山県","city":"高岡市","town":"福岡町小野"}],"0155":[{"pref":"富山県","city":"高岡市","town":"福岡町西明寺"}],"0121":[{"pref":"富山県","city":"高岡市","town":"福岡町下老子"}],"0116":[{"pref":"富山県","city":"高岡市","town":"福岡町下蓑"}],"0115":[{"pref":"富山県","city":"高岡市","town":"福岡町下蓑（新栄町）"},{"pref":"富山県","city":"高岡市","town":"福岡町下蓑新"},{"pref":"富山県","city":"高岡市","town":"福岡町下蓑新（新栄町）"},{"pref":"富山県","city":"高岡市","town":"福岡町福岡新（新栄町）"}],"0143":[{"pref":"富山県","city":"高岡市","town":"福岡町下向田"}],"0151":[{"pref":"富山県","city":"高岡市","town":"福岡町沢川"}],"0142":[{"pref":"富山県","city":"高岡市","town":"福岡町土屋"}],"0154":[{"pref":"富山県","city":"高岡市","town":"福岡町栃丘"}],"0141":[{"pref":"富山県","city":"高岡市","town":"福岡町鳥倉"}],"0103":[{"pref":"富山県","city":"高岡市","town":"福岡町西"}],"0123":[{"pref":"富山県","city":"高岡市","town":"福岡町西川原島"}],"0153":[{"pref":"富山県","city":"高岡市","town":"福岡町花尾"}],"0105":[{"pref":"富山県","city":"高岡市","town":"福岡町馬場"}],"0111":[{"pref":"富山県","city":"高岡市","town":"福岡町福岡"},{"pref":"富山県","city":"高岡市","town":"福岡町福岡（旭町）"},{"pref":"富山県","city":"高岡市","town":"福岡町福岡（大蔵町）"},{"pref":"富山県","city":"高岡市","town":"福岡町福岡（清水町）"},{"pref":"富山県","city":"高岡市","town":"福岡町福岡（中町）"},{"pref":"富山県","city":"高岡市","town":"福岡町福岡新（旭町）"},{"pref":"富山県","city":"高岡市","town":"福岡町福岡新（大蔵町）"},{"pref":"富山県","city":"高岡市","town":"福岡町福岡新（清水町）"}],"0135":[{"pref":"富山県","city":"高岡市","town":"福岡町本領"}],"0106":[{"pref":"富山県","city":"高岡市","town":"福岡町舞谷"}],"0102":[{"pref":"富山県","city":"高岡市","town":"福岡町三日市"}],"0126":[{"pref":"富山県","city":"高岡市","town":"福岡町蓑島"}],"0125":[{"pref":"富山県","city":"高岡市","town":"福岡町矢部"}],"0300":[{"pref":"富山県","city":"射水市","town":"以下に掲載がない場合"}],"0321":[{"pref":"富山県","city":"射水市","town":"青井谷"},{"pref":"富山県","city":"射水市","town":"青井谷（新屋敷）"},{"pref":"富山県","city":"射水市","town":"青井谷（五官野）"},{"pref":"富山県","city":"射水市","town":"青井谷（三野）"},{"pref":"富山県","city":"射水市","town":"青井谷（西谷）"},{"pref":"富山県","city":"射水市","town":"青井谷（水上谷）"},{"pref":"富山県","city":"射水市","town":"宿屋"},{"pref":"富山県","city":"射水市","town":"浄土寺"},{"pref":"富山県","city":"射水市","town":"浄土寺（林寺）"},{"pref":"富山県","city":"射水市","town":"浄土寺（東谷）"},{"pref":"富山県","city":"射水市","town":"入会地"},{"pref":"富山県","city":"射水市","town":"野手"},{"pref":"富山県","city":"射水市","town":"流通センター（青井谷１、２丁目）"}],"0247":[{"pref":"富山県","city":"射水市","town":"あおば台"}],"0287":[{"pref":"富山県","city":"射水市","town":"赤井"}],"0412":[{"pref":"富山県","city":"射水市","town":"荒町"}],"0318":[{"pref":"富山県","city":"射水市","town":"池多"}],"0333":[{"pref":"富山県","city":"射水市","town":"一条"}],"0404":[{"pref":"富山県","city":"射水市","town":"市井"}],"0301":[{"pref":"富山県","city":"射水市","town":"稲積"}],"0286":[{"pref":"富山県","city":"射水市","town":"今開発"}],"0231":[{"pref":"富山県","city":"射水市","town":"犬内"}],"0415":[{"pref":"富山県","city":"射水市","town":"梅木"}],"0322":[{"pref":"富山県","city":"射水市","town":"上野"}],"0302":[{"pref":"富山県","city":"射水市","town":"大江"}],"0271":[{"pref":"富山県","city":"射水市","town":"大島北野"}],"0406":[{"pref":"富山県","city":"射水市","town":"開口"}],"0281":[{"pref":"富山県","city":"射水市","town":"北高木"}],"0276":[{"pref":"富山県","city":"射水市","town":"北野"}],"0413":[{"pref":"富山県","city":"射水市","town":"串田"}],"0416":[{"pref":"富山県","city":"射水市","town":"串田新"}],"0311":[{"pref":"富山県","city":"射水市","town":"黒河"},{"pref":"富山県","city":"射水市","town":"黒河新"}],"0252":[{"pref":"富山県","city":"射水市","town":"下条"}],"0331":[{"pref":"富山県","city":"射水市","town":"下条新"}],"0417":[{"pref":"富山県","city":"射水市","town":"小泉"}],"0274":[{"pref":"富山県","city":"射水市","town":"小島"}],"0316":[{"pref":"富山県","city":"射水市","town":"小杉北野"}],"0304":[{"pref":"富山県","city":"射水市","town":"小杉白石"},{"pref":"富山県","city":"射水市","town":"小杉白石（小白石）"}],"0288":[{"pref":"富山県","city":"射水市","town":"小林"}],"0341":[{"pref":"富山県","city":"射水市","town":"三ケ"},{"pref":"富山県","city":"射水市","town":"三ケ（愛宕）"},{"pref":"富山県","city":"射水市","town":"三ケ（伊勢領）"},{"pref":"富山県","city":"射水市","town":"三ケ（一番町）"},{"pref":"富山県","city":"射水市","town":"三ケ（貝塚町）"},{"pref":"富山県","city":"射水市","town":"三ケ（上新町）"},{"pref":"富山県","city":"射水市","town":"三ケ（さくら町）"},{"pref":"富山県","city":"射水市","town":"三ケ（白銀町）"},{"pref":"富山県","city":"射水市","town":"三ケ（新三ケ）"},{"pref":"富山県","city":"射水市","town":"三ケ（新富町）"},{"pref":"富山県","city":"射水市","town":"三ケ（水源町）"},{"pref":"富山県","city":"射水市","town":"三ケ（諏訪町）"},{"pref":"富山県","city":"射水市","town":"三ケ（高寺）"},{"pref":"富山県","city":"射水市","town":"三ケ（田町）"},{"pref":"富山県","city":"射水市","town":"三ケ（常盤町）"},{"pref":"富山県","city":"射水市","town":"三ケ（錦町）"},{"pref":"富山県","city":"射水市","town":"三ケ（西町）"},{"pref":"富山県","city":"射水市","town":"三ケ（初音町）"},{"pref":"富山県","city":"射水市","town":"三ケ（本中町）"},{"pref":"富山県","city":"射水市","town":"三ケ（本丸町）"},{"pref":"富山県","city":"射水市","town":"三ケ（水上）"},{"pref":"富山県","city":"射水市","town":"三ケ（元町）"}],"0315":[{"pref":"富山県","city":"射水市","town":"椎土"}],"0254":[{"pref":"富山県","city":"射水市","town":"島"}],"0243":[{"pref":"富山県","city":"射水市","town":"下若"}],"0403":[{"pref":"富山県","city":"射水市","town":"生源寺"}],"0414":[{"pref":"富山県","city":"射水市","town":"生源寺新"}],"0255":[{"pref":"富山県","city":"射水市","town":"上条"}],"0284":[{"pref":"富山県","city":"射水市","town":"新開発"}],"0361":[{"pref":"富山県","city":"射水市","town":"太閤町"}],"0362":[{"pref":"富山県","city":"射水市","town":"太閤山"}],"0232":[{"pref":"富山県","city":"射水市","town":"大門"}],"0233":[{"pref":"富山県","city":"射水市","town":"大門新"}],"0246":[{"pref":"富山県","city":"射水市","town":"大門本江"}],"0407":[{"pref":"富山県","city":"射水市","town":"竹鼻"}],"0245":[{"pref":"富山県","city":"射水市","town":"棚田"}],"0313":[{"pref":"富山県","city":"射水市","town":"塚越"}],"0411":[{"pref":"富山県","city":"射水市","town":"円池"}],"0306":[{"pref":"富山県","city":"射水市","town":"手崎"}],"0251":[{"pref":"富山県","city":"射水市","town":"土合"}],"0314":[{"pref":"富山県","city":"射水市","town":"土代"}],"0283":[{"pref":"富山県","city":"射水市","town":"鳥取"}],"0312":[{"pref":"富山県","city":"射水市","town":"中老田新"}],"0363":[{"pref":"富山県","city":"射水市","town":"中太閤山"}],"0273":[{"pref":"富山県","city":"射水市","town":"中野"}],"0241":[{"pref":"富山県","city":"射水市","town":"中村"}],"0303":[{"pref":"富山県","city":"射水市","town":"西高木"}],"0257":[{"pref":"富山県","city":"射水市","town":"西広上"}],"0418":[{"pref":"富山県","city":"射水市","town":"布目沢"}],"0332":[{"pref":"富山県","city":"射水市","town":"橋下条"},{"pref":"富山県","city":"射水市","town":"橋下条（赤田）"},{"pref":"富山県","city":"射水市","town":"橋下条（駅南通り）"},{"pref":"富山県","city":"射水市","town":"橋下条（囲山）"},{"pref":"富山県","city":"射水市","town":"橋下条（五歩一）"},{"pref":"富山県","city":"射水市","town":"橋下条（大白）"},{"pref":"富山県","city":"射水市","town":"橋下条（二の井）"},{"pref":"富山県","city":"射水市","town":"日宮"}],"0319":[{"pref":"富山県","city":"射水市","town":"東太閤山"}],"0351":[{"pref":"富山県","city":"射水市","town":"戸破"},{"pref":"富山県","city":"射水市","town":"戸破（荒町）"},{"pref":"富山県","city":"射水市","town":"戸破（江上）"},{"pref":"富山県","city":"射水市","town":"戸破（鍛治屋橋）"},{"pref":"富山県","city":"射水市","town":"戸破（神川町）"},{"pref":"富山県","city":"射水市","town":"戸破（北手崎）"},{"pref":"富山県","city":"射水市","town":"戸破（木舟町）"},{"pref":"富山県","city":"射水市","town":"戸破（栄町）"},{"pref":"富山県","city":"射水市","town":"戸破（さくら町）"},{"pref":"富山県","city":"射水市","town":"戸破（昭和通り）"},{"pref":"富山県","city":"射水市","town":"戸破（新栄町）"},{"pref":"富山県","city":"射水市","town":"戸破（新町）"},{"pref":"富山県","city":"射水市","town":"戸破（末永町）"},{"pref":"富山県","city":"射水市","town":"戸破（高寺）"},{"pref":"富山県","city":"射水市","town":"戸破（高穂町）"},{"pref":"富山県","city":"射水市","town":"戸破（宝町）"},{"pref":"富山県","city":"射水市","town":"戸破（茶屋町）"},{"pref":"富山県","city":"射水市","town":"戸破（中央通り）"},{"pref":"富山県","city":"射水市","town":"戸破（中町）"},{"pref":"富山県","city":"射水市","town":"戸破（西楠町）"},{"pref":"富山県","city":"射水市","town":"戸破（乗舟町）"},{"pref":"富山県","city":"射水市","town":"戸破（平成町）"},{"pref":"富山県","city":"射水市","town":"戸破（南通り）"},{"pref":"富山県","city":"射水市","town":"戸破（元町）"},{"pref":"富山県","city":"射水市","town":"戸破（若葉町）"},{"pref":"富山県","city":"射水市","town":"戸破（若宮町）"}],"0307":[{"pref":"富山県","city":"射水市","town":"戸破（針原）"}],"0323":[{"pref":"富山県","city":"射水市","town":"平野"}],"0256":[{"pref":"富山県","city":"射水市","town":"広上"}],"0235":[{"pref":"富山県","city":"射水市","town":"枇杷首"}],"0405":[{"pref":"富山県","city":"射水市","town":"藤巻"}],"0234":[{"pref":"富山県","city":"射水市","town":"二口"}],"0253":[{"pref":"富山県","city":"射水市","town":"堀内"}],"0285":[{"pref":"富山県","city":"射水市","town":"本開発"}],"0244":[{"pref":"富山県","city":"射水市","town":"本田"}],"0401":[{"pref":"富山県","city":"射水市","town":"水戸田"}],"0364":[{"pref":"富山県","city":"射水市","town":"南太閤山"}],"0282":[{"pref":"富山県","city":"射水市","town":"南高木"}],"0242":[{"pref":"富山県","city":"射水市","town":"安吉"}],"0275":[{"pref":"富山県","city":"射水市","town":"八塚"}],"0317":[{"pref":"富山県","city":"射水市","town":"山本新"}],"0402":[{"pref":"富山県","city":"射水市","town":"流通センター水戸田"}],"0272":[{"pref":"富山県","city":"射水市","town":"若杉"}],"0408":[{"pref":"富山県","city":"射水市","town":"若林"}],"0305":[{"pref":"富山県","city":"射水市","town":"鷲塚"}],"0600":[{"pref":"富山県","city":"下新川郡入善町","town":"以下に掲載がない場合"}],"0643":[{"pref":"富山県","city":"下新川郡入善町","town":"青木"}],"0646":[{"pref":"富山県","city":"下新川郡入善町","town":"青木新"}],"0624":[{"pref":"富山県","city":"下新川郡入善町","town":"青島"}],"0667":[{"pref":"富山県","city":"下新川郡入善町","town":"芦崎"}],"0621":[{"pref":"富山県","city":"下新川郡入善町","town":"荒又"}],"0637":[{"pref":"富山県","city":"下新川郡入善町","town":"新屋"}],"0679":[{"pref":"富山県","city":"下新川郡入善町","town":"五十里"}],"0654":[{"pref":"富山県","city":"下新川郡入善町","town":"板屋"}],"0636":[{"pref":"富山県","city":"下新川郡入善町","town":"一宿"}],"0633":[{"pref":"富山県","city":"下新川郡入善町","town":"浦山新"}],"0642":[{"pref":"富山県","city":"下新川郡入善町","town":"上野"}],"0617":[{"pref":"富山県","city":"下新川郡入善町","town":"春日"}],"0653":[{"pref":"富山県","city":"下新川郡入善町","town":"上飯野"}],"0651":[{"pref":"富山県","city":"下新川郡入善町","town":"上飯野新"}],"0625":[{"pref":"富山県","city":"下新川郡入善町","town":"神林"}],"0677":[{"pref":"富山県","city":"下新川郡入善町","town":"木根"}],"0614":[{"pref":"富山県","city":"下新川郡入善町","town":"君島"}],"0627":[{"pref":"富山県","city":"下新川郡入善町","town":"椚山"}],"0628":[{"pref":"富山県","city":"下新川郡入善町","town":"椚山新"}],"0623":[{"pref":"富山県","city":"下新川郡入善町","town":"小杉"}],"0634":[{"pref":"富山県","city":"下新川郡入善町","town":"小摺戸"}],"0655":[{"pref":"富山県","city":"下新川郡入善町","town":"五郎八"}],"0656":[{"pref":"富山県","city":"下新川郡入善町","town":"笹原"}],"0663":[{"pref":"富山県","city":"下新川郡入善町","town":"下飯野"}],"0662":[{"pref":"富山県","city":"下新川郡入善町","town":"下飯野新"}],"0641":[{"pref":"富山県","city":"下新川郡入善町","town":"下上野"}],"0652":[{"pref":"富山県","city":"下新川郡入善町","town":"袖沢"}],"0661":[{"pref":"富山県","city":"下新川郡入善町","town":"高瀬"}],"0666":[{"pref":"富山県","city":"下新川郡入善町","town":"高畠"}],"0672":[{"pref":"富山県","city":"下新川郡入善町","town":"田中"}],"0613":[{"pref":"富山県","city":"下新川郡入善町","town":"田の又"}],"0675":[{"pref":"富山県","city":"下新川郡入善町","town":"道市"}],"0647":[{"pref":"富山県","city":"下新川郡入善町","town":"道古"}],"0657":[{"pref":"富山県","city":"下新川郡入善町","town":"東狐"}],"0631":[{"pref":"富山県","city":"下新川郡入善町","town":"下山"}],"0626":[{"pref":"富山県","city":"下新川郡入善町","town":"入膳"}],"0632":[{"pref":"富山県","city":"下新川郡入善町","town":"墓ノ木"}],"0671":[{"pref":"富山県","city":"下新川郡入善町","town":"東五十里"}],"0622":[{"pref":"富山県","city":"下新川郡入善町","town":"日吉"}],"0645":[{"pref":"富山県","city":"下新川郡入善町","town":"福島"}],"0644":[{"pref":"富山県","city":"下新川郡入善町","town":"福島新"}],"0612":[{"pref":"富山県","city":"下新川郡入善町","town":"藤原"}],"0611":[{"pref":"富山県","city":"下新川郡入善町","town":"古黒部"}],"0664":[{"pref":"富山県","city":"下新川郡入善町","town":"蛇沢"}],"0665":[{"pref":"富山県","city":"下新川郡入善町","town":"本村"}],"0678":[{"pref":"富山県","city":"下新川郡入善町","town":"神子沢"}],"0676":[{"pref":"富山県","city":"下新川郡入善町","town":"目川"}],"0615":[{"pref":"富山県","city":"下新川郡入善町","town":"八幡"}],"0616":[{"pref":"富山県","city":"下新川郡入善町","town":"横山"}],"0674":[{"pref":"富山県","city":"下新川郡入善町","town":"吉原"}],"0673":[{"pref":"富山県","city":"下新川郡入善町","town":"吉原東"}],"0635":[{"pref":"富山県","city":"下新川郡入善町","town":"若栗新"}],"0700":[{"pref":"富山県","city":"下新川郡朝日町","town":"以下に掲載がない場合"}],"0735":[{"pref":"富山県","city":"下新川郡朝日町","town":"赤川"}],"0746":[{"pref":"富山県","city":"下新川郡朝日町","town":"荒川"}],"0717":[{"pref":"富山県","city":"下新川郡朝日町","town":"石谷"}],"0722":[{"pref":"富山県","city":"下新川郡朝日町","town":"大家庄"}],"0727":[{"pref":"富山県","city":"下新川郡朝日町","town":"金山"}],"0734":[{"pref":"富山県","city":"下新川郡朝日町","town":"草野"}],"0728":[{"pref":"富山県","city":"下新川郡朝日町","town":"窪田"}],"0704":[{"pref":"富山県","city":"下新川郡朝日町","town":"境"}],"0714":[{"pref":"富山県","city":"下新川郡朝日町","town":"桜町"}],"0711":[{"pref":"富山県","city":"下新川郡朝日町","town":"笹川"}],"0721":[{"pref":"富山県","city":"下新川郡朝日町","town":"三枚橋"}],"0747":[{"pref":"富山県","city":"下新川郡朝日町","town":"大屋"}],"0748":[{"pref":"富山県","city":"下新川郡朝日町","town":"大屋新"}],"0705":[{"pref":"富山県","city":"下新川郡朝日町","town":"大平"}],"0725":[{"pref":"富山県","city":"下新川郡朝日町","town":"高橋"}],"0733":[{"pref":"富山県","city":"下新川郡朝日町","town":"月山"}],"0737":[{"pref":"富山県","city":"下新川郡朝日町","town":"月山新"}],"0743":[{"pref":"富山県","city":"下新川郡朝日町","town":"道下"}],"0741":[{"pref":"富山県","city":"下新川郡朝日町","town":"泊"}],"0749":[{"pref":"富山県","city":"下新川郡朝日町","town":"泊新"}],"0732":[{"pref":"富山県","city":"下新川郡朝日町","town":"中草野"}],"0713":[{"pref":"富山県","city":"下新川郡朝日町","town":"長野"}],"0715":[{"pref":"富山県","city":"下新川郡朝日町","town":"南保"}],"0716":[{"pref":"富山県","city":"下新川郡朝日町","town":"南保町"}],"0726":[{"pref":"富山県","city":"下新川郡朝日町","town":"下山新"}],"0745":[{"pref":"富山県","city":"下新川郡朝日町","town":"西町"}],"0742":[{"pref":"富山県","city":"下新川郡朝日町","town":"沼保"}],"0751":[{"pref":"富山県","city":"下新川郡朝日町","town":"野新"}],"0736":[{"pref":"富山県","city":"下新川郡朝日町","town":"浜草野"}],"0731":[{"pref":"富山県","city":"下新川郡朝日町","town":"東草野"}],"0744":[{"pref":"富山県","city":"下新川郡朝日町","town":"平柳"}],"0712":[{"pref":"富山県","city":"下新川郡朝日町","town":"蛭谷"}],"0723":[{"pref":"富山県","city":"下新川郡朝日町","town":"不動堂"}],"0729":[{"pref":"富山県","city":"下新川郡朝日町","town":"舟川新"}],"0703":[{"pref":"富山県","city":"下新川郡朝日町","town":"宮崎"}],"0702":[{"pref":"富山県","city":"下新川郡朝日町","town":"元屋敷"}],"0701":[{"pref":"富山県","city":"下新川郡朝日町","town":"横尾"}],"0724":[{"pref":"富山県","city":"下新川郡朝日町","town":"横水"}],"0171":[{"pref":"石川県","city":"羽咋郡宝達志水町","town":"沢川"}]}