{"0014":[{"pref":"東京都","city":"豊島区","town":"池袋（２～４丁目）"}],"0043":[{"pref":"東京都","city":"豊島区","town":"要町"}],"0041":[{"pref":"東京都","city":"豊島区","town":"千川"}],"0032":[{"pref":"東京都","city":"豊島区","town":"雑司が谷"}],"0033":[{"pref":"東京都","city":"豊島区","town":"高田"}],"0042":[{"pref":"東京都","city":"豊島区","town":"高松"}],"0044":[{"pref":"東京都","city":"豊島区","town":"千早"}],"0051":[{"pref":"東京都","city":"豊島区","town":"長崎"}],"0021":[{"pref":"東京都","city":"豊島区","town":"西池袋"}],"0022":[{"pref":"東京都","city":"豊島区","town":"南池袋"}],"0052":[{"pref":"東京都","city":"豊島区","town":"南長崎"}],"0031":[{"pref":"東京都","city":"豊島区","town":"目白"}]}