{"0000":[{"pref":"大阪府","city":"大阪市城東区","town":"以下に掲載がない場合"}],"0002":[{"pref":"大阪府","city":"大阪市城東区","town":"今福東"}],"0004":[{"pref":"大阪府","city":"大阪市城東区","town":"今福西"}],"0003":[{"pref":"大阪府","city":"大阪市城東区","town":"今福南"}],"0016":[{"pref":"大阪府","city":"大阪市城東区","town":"蒲生"}],"0015":[{"pref":"大阪府","city":"大阪市城東区","town":"新喜多"}],"0017":[{"pref":"大阪府","city":"大阪市城東区","town":"新喜多東"}],"0013":[{"pref":"大阪府","city":"大阪市城東区","town":"鴫野東"}],"0014":[{"pref":"大阪府","city":"大阪市城東区","town":"鴫野西"}],"0021":[{"pref":"大阪府","city":"大阪市城東区","town":"諏訪"}],"0007":[{"pref":"大阪府","city":"大阪市城東区","town":"成育"}],"0008":[{"pref":"大阪府","city":"大阪市城東区","town":"関目"}],"0005":[{"pref":"大阪府","city":"大阪市城東区","town":"中央"}],"0012":[{"pref":"大阪府","city":"大阪市城東区","town":"天王田"}],"0024":[{"pref":"大阪府","city":"大阪市城東区","town":"中浜"}],"0022":[{"pref":"大阪府","city":"大阪市城東区","town":"永田"}],"0006":[{"pref":"大阪府","city":"大阪市城東区","town":"野江"}],"0011":[{"pref":"大阪府","city":"大阪市城東区","town":"放出西"}],"0023":[{"pref":"大阪府","city":"大阪市城東区","town":"東中浜"}],"0001":[{"pref":"大阪府","city":"大阪市城東区","town":"古市"}],"0025":[{"pref":"大阪府","city":"大阪市城東区","town":"森之宮"}]}