{"0032":[{"pref":"東京都","city":"千代田区","town":"岩本町"}],"0047":[{"pref":"東京都","city":"千代田区","town":"内神田"}],"0044":[{"pref":"東京都","city":"千代田区","town":"鍛冶町"}],"0029":[{"pref":"東京都","city":"千代田区","town":"神田相生町"}],"0063":[{"pref":"東京都","city":"千代田区","town":"神田淡路町"}],"0024":[{"pref":"東京都","city":"千代田区","town":"神田和泉町"}],"0033":[{"pref":"東京都","city":"千代田区","town":"神田岩本町"}],"0052":[{"pref":"東京都","city":"千代田区","town":"神田小川町"}],"0045":[{"pref":"東京都","city":"千代田区","town":"神田鍛冶町"}],"0036":[{"pref":"東京都","city":"千代田区","town":"神田北乗物町"}],"0035":[{"pref":"東京都","city":"千代田区","town":"神田紺屋町"}],"0026":[{"pref":"東京都","city":"千代田区","town":"神田佐久間河岸"}],"0025":[{"pref":"東京都","city":"千代田区","town":"神田佐久間町"}],"0064":[{"pref":"東京都","city":"千代田区","town":"神田猿楽町"}],"0051":[{"pref":"東京都","city":"千代田区","town":"神田神保町"}],"0041":[{"pref":"東京都","city":"千代田区","town":"神田須田町"}],"0062":[{"pref":"東京都","city":"千代田区","town":"神田駿河台"}],"0046":[{"pref":"東京都","city":"千代田区","town":"神田多町"}],"0048":[{"pref":"東京都","city":"千代田区","town":"神田司町"}],"0043":[{"pref":"東京都","city":"千代田区","town":"神田富山町"}],"0054":[{"pref":"東京都","city":"千代田区","town":"神田錦町"}],"0037":[{"pref":"東京都","city":"千代田区","town":"神田西福田町"}],"0022":[{"pref":"東京都","city":"千代田区","town":"神田練塀町"}],"0028":[{"pref":"東京都","city":"千代田区","town":"神田花岡町"}],"0034":[{"pref":"東京都","city":"千代田区","town":"神田東紺屋町"}],"0042":[{"pref":"東京都","city":"千代田区","town":"神田東松下町"}],"0027":[{"pref":"東京都","city":"千代田区","town":"神田平河町"}],"0023":[{"pref":"東京都","city":"千代田区","town":"神田松永町"}],"0038":[{"pref":"東京都","city":"千代田区","town":"神田美倉町"}],"0061":[{"pref":"東京都","city":"千代田区","town":"神田三崎町"}],"0053":[{"pref":"東京都","city":"千代田区","town":"神田美土代町"}],"0021":[{"pref":"東京都","city":"千代田区","town":"外神田"}],"0065":[{"pref":"東京都","city":"千代田区","town":"西神田"}],"0031":[{"pref":"東京都","city":"千代田区","town":"東神田"}],"0003":[{"pref":"東京都","city":"千代田区","town":"一ツ橋（２丁目）"}]}