{"0000":[{"pref":"茨城県","city":"高萩市","town":"以下に掲載がない場合"}],"0001":[{"pref":"茨城県","city":"高萩市","town":"赤浜"}],"0024":[{"pref":"茨城県","city":"高萩市","town":"秋山"}],"0021":[{"pref":"茨城県","city":"高萩市","town":"安良川"}],"0012":[{"pref":"茨城県","city":"高萩市","town":"有明町"}],"0022":[{"pref":"茨城県","city":"高萩市","town":"石滝"}],"0103":[{"pref":"茨城県","city":"高萩市","town":"大能"}],"0031":[{"pref":"茨城県","city":"高萩市","town":"春日町"}],"0105":[{"pref":"茨城県","city":"高萩市","town":"上君田"}],"0004":[{"pref":"茨城県","city":"高萩市","town":"上手綱"}],"0023":[{"pref":"茨城県","city":"高萩市","town":"島名"}],"0106":[{"pref":"茨城県","city":"高萩市","town":"下君田"}],"0003":[{"pref":"茨城県","city":"高萩市","town":"下手綱"}],"0002":[{"pref":"茨城県","city":"高萩市","town":"高戸"}],"0034":[{"pref":"茨城県","city":"高萩市","town":"高萩"}],"0013":[{"pref":"茨城県","city":"高萩市","town":"高浜町"}],"0104":[{"pref":"茨城県","city":"高萩市","town":"中戸川"}],"0014":[{"pref":"茨城県","city":"高萩市","town":"東本町"}],"0011":[{"pref":"茨城県","city":"高萩市","town":"肥前町"}],"0025":[{"pref":"茨城県","city":"高萩市","town":"福平"}],"0005":[{"pref":"茨城県","city":"高萩市","town":"望海"}],"0033":[{"pref":"茨城県","city":"高萩市","town":"本町"}],"0032":[{"pref":"茨城県","city":"高萩市","town":"大和町"}],"0101":[{"pref":"茨城県","city":"高萩市","town":"横川"}],"0102":[{"pref":"茨城県","city":"高萩市","town":"若栗"}]}