{"0000":[{"pref":"大分県","city":"杵築市","town":"以下に掲載がない場合"}],"0011":[{"pref":"大分県","city":"杵築市","town":"相原"}],"0005":[{"pref":"大分県","city":"杵築市","town":"猪尾"}],"0021":[{"pref":"大分県","city":"杵築市","town":"岩谷"}],"0006":[{"pref":"大分県","city":"杵築市","town":"大内"}],"0022":[{"pref":"大分県","city":"杵築市","town":"大片平"}],"0041":[{"pref":"大分県","city":"杵築市","town":"大田俣水（天堤）"}],"0007":[{"pref":"大分県","city":"杵築市","town":"片野"}],"0023":[{"pref":"大分県","city":"杵築市","town":"鴨川"}],"0031":[{"pref":"大分県","city":"杵築市","town":"狩宿"}],"0001":[{"pref":"大分県","city":"杵築市","town":"杵築"}],"0008":[{"pref":"大分県","city":"杵築市","town":"熊野"}],"0012":[{"pref":"大分県","city":"杵築市","town":"中"}],"0032":[{"pref":"大分県","city":"杵築市","town":"奈多"}],"0003":[{"pref":"大分県","city":"杵築市","town":"馬場尾"}],"0013":[{"pref":"大分県","city":"杵築市","town":"日野"}],"0024":[{"pref":"大分県","city":"杵築市","town":"船部"}],"0014":[{"pref":"大分県","city":"杵築市","town":"本庄"}],"0025":[{"pref":"大分県","city":"杵築市","town":"溝井"}],"0002":[{"pref":"大分県","city":"杵築市","town":"南杵築"}],"0004":[{"pref":"大分県","city":"杵築市","town":"宮司"}],"0033":[{"pref":"大分県","city":"杵築市","town":"守江"}],"0015":[{"pref":"大分県","city":"杵築市","town":"八坂"}],"0034":[{"pref":"大分県","city":"杵築市","town":"横城"}],"0500":[{"pref":"大分県","city":"国東市","town":"以下に掲載がない場合"}],"0351":[{"pref":"大分県","city":"国東市","town":"安岐町朝来"}],"0354":[{"pref":"大分県","city":"国東市","town":"安岐町糸永"}],"0223":[{"pref":"大分県","city":"国東市","town":"安岐町大添"}],"0205":[{"pref":"大分県","city":"国東市","town":"安岐町掛樋"}],"0232":[{"pref":"大分県","city":"国東市","town":"安岐町向陽台"}],"0212":[{"pref":"大分県","city":"国東市","town":"安岐町塩屋"}],"0231":[{"pref":"大分県","city":"国東市","town":"安岐町下原"}],"0222":[{"pref":"大分県","city":"国東市","town":"安岐町下山口"}],"0202":[{"pref":"大分県","city":"国東市","town":"安岐町瀬戸田"}],"0355":[{"pref":"大分県","city":"国東市","town":"安岐町富清"}],"0203":[{"pref":"大分県","city":"国東市","town":"安岐町中園"}],"0204":[{"pref":"大分県","city":"国東市","town":"安岐町成久"}],"0221":[{"pref":"大分県","city":"国東市","town":"安岐町西本"}],"0211":[{"pref":"大分県","city":"国東市","town":"安岐町馬場"}],"0356":[{"pref":"大分県","city":"国東市","town":"安岐町両子"}],"0352":[{"pref":"大分県","city":"国東市","town":"安岐町明治"}],"0053":[{"pref":"大分県","city":"国東市","town":"安岐町矢川（天堤）"}],"0353":[{"pref":"大分県","city":"国東市","town":"安岐町矢川（その他）"}],"0206":[{"pref":"大分県","city":"国東市","town":"安岐町山浦"}],"0224":[{"pref":"大分県","city":"国東市","town":"安岐町山口"}],"0207":[{"pref":"大分県","city":"国東市","town":"安岐町油留木"}],"0201":[{"pref":"大分県","city":"国東市","town":"安岐町吉松"}],"0523":[{"pref":"大分県","city":"国東市","town":"国東町赤松"}],"0504":[{"pref":"大分県","city":"国東市","town":"国東町安国寺"}],"0522":[{"pref":"大分県","city":"国東市","town":"国東町岩屋"}],"0511":[{"pref":"大分県","city":"国東市","town":"国東町小原"}],"0531":[{"pref":"大分県","city":"国東市","town":"国東町川原"}],"0501":[{"pref":"大分県","city":"国東市","town":"国東町北江"}],"0533":[{"pref":"大分県","city":"国東市","town":"国東町見地"}],"0514":[{"pref":"大分県","city":"国東市","town":"国東町重藤"}],"0534":[{"pref":"大分県","city":"国東市","town":"国東町下成仏"}],"0535":[{"pref":"大分県","city":"国東市","town":"国東町成仏"}],"0512":[{"pref":"大分県","city":"国東市","town":"国東町治郎丸"}],"0646":[{"pref":"大分県","city":"国東市","town":"国東町大恩寺"}],"0502":[{"pref":"大分県","city":"国東市","town":"国東町田深"}],"0513":[{"pref":"大分県","city":"国東市","town":"国東町綱井"}],"0503":[{"pref":"大分県","city":"国東市","town":"国東町鶴川"}],"0645":[{"pref":"大分県","city":"国東市","town":"国東町富来"}],"0643":[{"pref":"大分県","city":"国東市","town":"国東町富来浦"}],"0532":[{"pref":"大分県","city":"国東市","town":"国東町中田"}],"0644":[{"pref":"大分県","city":"国東市","town":"国東町浜崎"}],"0521":[{"pref":"大分県","city":"国東市","town":"国東町原"}],"0642":[{"pref":"大分県","city":"国東市","town":"国東町東堅来"}],"0641":[{"pref":"大分県","city":"国東市","town":"国東町深江"}],"0524":[{"pref":"大分県","city":"国東市","town":"国東町横手"}],"0405":[{"pref":"大分県","city":"国東市","town":"武蔵町麻田"}],"0401":[{"pref":"大分県","city":"国東市","town":"武蔵町池ノ内"}],"0421":[{"pref":"大分県","city":"国東市","town":"武蔵町糸原"}],"0402":[{"pref":"大分県","city":"国東市","town":"武蔵町内田"}],"0422":[{"pref":"大分県","city":"国東市","town":"武蔵町小城"}],"0432":[{"pref":"大分県","city":"国東市","town":"武蔵町向陽台"}],"0424":[{"pref":"大分県","city":"国東市","town":"武蔵町志和利"}],"0414":[{"pref":"大分県","city":"国東市","town":"武蔵町手野"}],"0404":[{"pref":"大分県","city":"国東市","town":"武蔵町成吉"}],"0407":[{"pref":"大分県","city":"国東市","town":"武蔵町狭間"}],"0412":[{"pref":"大分県","city":"国東市","town":"武蔵町古市"}],"0406":[{"pref":"大分県","city":"国東市","town":"武蔵町丸小野"}],"0423":[{"pref":"大分県","city":"国東市","town":"武蔵町三井寺"}],"0415":[{"pref":"大分県","city":"国東市","town":"武蔵町吉広"}]}