{"1100":[{"pref":"北海道","city":"樺戸郡新十津川町","town":"以下に掲載がない場合"}],"1101":[{"pref":"北海道","city":"樺戸郡新十津川町","town":"士寸"}],"1102":[{"pref":"北海道","city":"樺戸郡新十津川町","town":"大和"}],"1103":[{"pref":"北海道","city":"樺戸郡新十津川町","town":"中央"}],"1104":[{"pref":"北海道","city":"樺戸郡新十津川町","town":"弥生（その他）"}],"1105":[{"pref":"北海道","city":"樺戸郡新十津川町","town":"花月"}],"1106":[{"pref":"北海道","city":"樺戸郡新十津川町","town":"総進"}],"1107":[{"pref":"北海道","city":"樺戸郡新十津川町","town":"トップ"}],"1321":[{"pref":"北海道","city":"樺戸郡新十津川町","town":"学園"}],"1322":[{"pref":"北海道","city":"樺戸郡新十津川町","town":"吉野"}],"1323":[{"pref":"北海道","city":"樺戸郡新十津川町","town":"幌加"}],"0000":[{"pref":"北海道","city":"滝川市","town":"以下に掲載がない場合"}],"0015":[{"pref":"北海道","city":"滝川市","town":"朝日町東"}],"0018":[{"pref":"北海道","city":"滝川市","town":"朝日町西"}],"0045":[{"pref":"北海道","city":"滝川市","town":"有明町"}],"0042":[{"pref":"北海道","city":"滝川市","town":"泉町"}],"0016":[{"pref":"北海道","city":"滝川市","town":"一の坂町東"}],"0017":[{"pref":"北海道","city":"滝川市","town":"一の坂町西"}],"0046":[{"pref":"北海道","city":"滝川市","town":"扇町"}],"0022":[{"pref":"北海道","city":"滝川市","town":"大町"}],"0036":[{"pref":"北海道","city":"滝川市","town":"花月町"}],"0001":[{"pref":"北海道","city":"滝川市","town":"北滝の川"}],"0012":[{"pref":"北海道","city":"滝川市","town":"黄金町東"}],"0011":[{"pref":"北海道","city":"滝川市","town":"黄金町西"}],"0043":[{"pref":"北海道","city":"滝川市","town":"幸町"}],"0031":[{"pref":"北海道","city":"滝川市","town":"栄町"}],"0033":[{"pref":"北海道","city":"滝川市","town":"新町"}],"0034":[{"pref":"北海道","city":"滝川市","town":"空知町"}],"0004":[{"pref":"北海道","city":"滝川市","town":"滝の川町東"}],"0003":[{"pref":"北海道","city":"滝川市","town":"滝の川町西"}],"0002":[{"pref":"北海道","city":"滝川市","town":"屯田町西"}],"0035":[{"pref":"北海道","city":"滝川市","town":"中島町"}],"0041":[{"pref":"北海道","city":"滝川市","town":"西滝川"}],"0044":[{"pref":"北海道","city":"滝川市","town":"西町"}],"0005":[{"pref":"北海道","city":"滝川市","town":"二の坂町東"}],"0006":[{"pref":"北海道","city":"滝川市","town":"二の坂町西"}],"0026":[{"pref":"北海道","city":"滝川市","town":"東滝川"}],"0027":[{"pref":"北海道","city":"滝川市","town":"東滝川町"}],"0024":[{"pref":"北海道","city":"滝川市","town":"東町"}],"0014":[{"pref":"北海道","city":"滝川市","town":"文京町"}],"0021":[{"pref":"北海道","city":"滝川市","town":"本町"}],"0023":[{"pref":"北海道","city":"滝川市","town":"緑町"}],"0013":[{"pref":"北海道","city":"滝川市","town":"南滝の川"}],"0032":[{"pref":"北海道","city":"滝川市","town":"明神町"}],"0025":[{"pref":"北海道","city":"滝川市","town":"流通団地"}],"0100":[{"pref":"北海道","city":"砂川市","town":"以下に掲載がない場合"}],"0107":[{"pref":"北海道","city":"砂川市","town":"一の沢"}],"0116":[{"pref":"北海道","city":"砂川市","town":"鶉"}],"0118":[{"pref":"北海道","city":"砂川市","town":"北吉野町"}],"0177":[{"pref":"北海道","city":"砂川市","town":"空知太（１～３４９番地）"}],"0106":[{"pref":"北海道","city":"砂川市","town":"空知太（その他）"}],"0171":[{"pref":"北海道","city":"砂川市","town":"空知太西一条"}],"0172":[{"pref":"北海道","city":"砂川市","town":"空知太西二条"}],"0173":[{"pref":"北海道","city":"砂川市","town":"空知太西三条"}],"0174":[{"pref":"北海道","city":"砂川市","town":"空知太西四条"}],"0175":[{"pref":"北海道","city":"砂川市","town":"空知太西五条"}],"0176":[{"pref":"北海道","city":"砂川市","town":"空知太西六条"}],"0101":[{"pref":"北海道","city":"砂川市","town":"空知太東一条"}],"0102":[{"pref":"北海道","city":"砂川市","town":"空知太東二条"}],"0103":[{"pref":"北海道","city":"砂川市","town":"空知太東三条"}],"0104":[{"pref":"北海道","city":"砂川市","town":"空知太東四条"}],"0105":[{"pref":"北海道","city":"砂川市","town":"空知太東五条"}],"0085":[{"pref":"北海道","city":"砂川市","town":"富平（その他）"}],"0138":[{"pref":"北海道","city":"砂川市","town":"豊沼町"}],"0148":[{"pref":"北海道","city":"砂川市","town":"西豊沼"}],"0141":[{"pref":"北海道","city":"砂川市","town":"西一条南"}],"0161":[{"pref":"北海道","city":"砂川市","town":"西一条北"}],"0142":[{"pref":"北海道","city":"砂川市","town":"西二条南"}],"0162":[{"pref":"北海道","city":"砂川市","town":"西二条北"}],"0143":[{"pref":"北海道","city":"砂川市","town":"西三条南"}],"0163":[{"pref":"北海道","city":"砂川市","town":"西三条北"}],"0144":[{"pref":"北海道","city":"砂川市","town":"西四条南"}],"0164":[{"pref":"北海道","city":"砂川市","town":"西四条北"}],"0145":[{"pref":"北海道","city":"砂川市","town":"西五条南"}],"0165":[{"pref":"北海道","city":"砂川市","town":"西五条北"}],"0146":[{"pref":"北海道","city":"砂川市","town":"西六条南"}],"0166":[{"pref":"北海道","city":"砂川市","town":"西六条北"}],"0147":[{"pref":"北海道","city":"砂川市","town":"西七条南"}],"0167":[{"pref":"北海道","city":"砂川市","town":"西七条北"}],"0168":[{"pref":"北海道","city":"砂川市","town":"西八条北"}],"0111":[{"pref":"北海道","city":"砂川市","town":"晴見一条北"}],"0112":[{"pref":"北海道","city":"砂川市","town":"晴見二条北"}],"0113":[{"pref":"北海道","city":"砂川市","town":"晴見三条北"}],"0114":[{"pref":"北海道","city":"砂川市","town":"晴見四条北"}],"0126":[{"pref":"北海道","city":"砂川市","town":"東豊沼"}],"0131":[{"pref":"北海道","city":"砂川市","town":"東一条南"}],"0151":[{"pref":"北海道","city":"砂川市","town":"東一条北"}],"0132":[{"pref":"北海道","city":"砂川市","town":"東二条南"}],"0152":[{"pref":"北海道","city":"砂川市","town":"東二条北"}],"0153":[{"pref":"北海道","city":"砂川市","town":"東三条北"}],"0133":[{"pref":"北海道","city":"砂川市","town":"東三条南"}],"0134":[{"pref":"北海道","city":"砂川市","town":"東四条南"}],"0154":[{"pref":"北海道","city":"砂川市","town":"東四条北"}],"0135":[{"pref":"北海道","city":"砂川市","town":"東五条南"}],"0155":[{"pref":"北海道","city":"砂川市","town":"東五条北"}],"0136":[{"pref":"北海道","city":"砂川市","town":"東六条南"}],"0156":[{"pref":"北海道","city":"砂川市","town":"東六条北"}],"0137":[{"pref":"北海道","city":"砂川市","town":"東七条南"}],"0127":[{"pref":"北海道","city":"砂川市","town":"日の出一条南"}],"0178":[{"pref":"北海道","city":"砂川市","town":"袋地"}],"0108":[{"pref":"北海道","city":"砂川市","town":"北光"}],"0157":[{"pref":"北海道","city":"砂川市","town":"三砂町"}],"0117":[{"pref":"北海道","city":"砂川市","town":"南吉野町"}],"0125":[{"pref":"北海道","city":"砂川市","town":"宮城の沢"}],"0115":[{"pref":"北海道","city":"砂川市","town":"焼山"}],"0121":[{"pref":"北海道","city":"砂川市","town":"吉野一条南"}],"0158":[{"pref":"北海道","city":"砂川市","town":"吉野一条北"}],"0122":[{"pref":"北海道","city":"砂川市","town":"吉野二条南"}],"0159":[{"pref":"北海道","city":"砂川市","town":"吉野二条北"}],"0123":[{"pref":"北海道","city":"砂川市","town":"吉野三条南"}],"0124":[{"pref":"北海道","city":"砂川市","town":"吉野四条南"}],"0400":[{"pref":"北海道","city":"歌志内市","town":"以下に掲載がない場合"}],"0404":[{"pref":"北海道","city":"歌志内市","town":"歌神"}],"0401":[{"pref":"北海道","city":"歌志内市","town":"上歌"}],"0405":[{"pref":"北海道","city":"歌志内市","town":"神威"}],"0402":[{"pref":"北海道","city":"歌志内市","town":"東光"}],"0406":[{"pref":"北海道","city":"歌志内市","town":"中村"}],"0403":[{"pref":"北海道","city":"歌志内市","town":"本町"}],"0407":[{"pref":"北海道","city":"歌志内市","town":"文珠"}],"0200":[{"pref":"北海道","city":"空知郡上砂川町","town":"以下に掲載がない場合"}],"0205":[{"pref":"北海道","city":"空知郡上砂川町","town":"朝駒"}],"0212":[{"pref":"北海道","city":"空知郡上砂川町","town":"鶉"}],"0221":[{"pref":"北海道","city":"空知郡上砂川町","town":"鶉本町"}],"0222":[{"pref":"北海道","city":"空知郡上砂川町","town":"下鶉"}],"0201":[{"pref":"北海道","city":"空知郡上砂川町","town":"中央"}],"0203":[{"pref":"北海道","city":"空知郡上砂川町","town":"中町"}],"0211":[{"pref":"北海道","city":"空知郡上砂川町","town":"東鶉"}],"0202":[{"pref":"北海道","city":"空知郡上砂川町","town":"東町"}],"0206":[{"pref":"北海道","city":"空知郡上砂川町","town":"東山"}],"0204":[{"pref":"北海道","city":"空知郡上砂川町","town":"本町"}],"0213":[{"pref":"北海道","city":"空知郡上砂川町","town":"緑が丘"}],"0181":[{"pref":"北海道","city":"樺戸郡新十津川町","town":"弥生（堤防用地）"}]}