{"1101":[{"pref":"滋賀県","city":"彦根市","town":"石寺町"}],"1102":[{"pref":"滋賀県","city":"彦根市","town":"下岡部町"}],"1103":[{"pref":"滋賀県","city":"彦根市","town":"上岡部町"}],"1104":[{"pref":"滋賀県","city":"彦根市","town":"出路町"}],"1105":[{"pref":"滋賀県","city":"彦根市","town":"田原町"}],"1111":[{"pref":"滋賀県","city":"彦根市","town":"稲里町"}],"1112":[{"pref":"滋賀県","city":"彦根市","town":"金沢町"}],"1113":[{"pref":"滋賀県","city":"彦根市","town":"稲部町"}],"1114":[{"pref":"滋賀県","city":"彦根市","town":"彦富町"}],"1115":[{"pref":"滋賀県","city":"彦根市","town":"金田町"}],"1121":[{"pref":"滋賀県","city":"彦根市","town":"海瀬町"}],"1122":[{"pref":"滋賀県","city":"彦根市","town":"三津町"}],"1123":[{"pref":"滋賀県","city":"彦根市","town":"肥田町"}],"1124":[{"pref":"滋賀県","city":"彦根市","town":"野良田町"}],"1125":[{"pref":"滋賀県","city":"彦根市","town":"稲枝町"}],"1126":[{"pref":"滋賀県","city":"彦根市","town":"服部町"}],"1131":[{"pref":"滋賀県","city":"彦根市","town":"上稲葉町"}],"1132":[{"pref":"滋賀県","city":"彦根市","town":"下稲葉町"}],"1133":[{"pref":"滋賀県","city":"彦根市","town":"本庄町"}],"1134":[{"pref":"滋賀県","city":"彦根市","town":"田附町"}],"1135":[{"pref":"滋賀県","city":"彦根市","town":"新海町"}],"1136":[{"pref":"滋賀県","city":"彦根市","town":"新海浜"}],"1141":[{"pref":"滋賀県","city":"彦根市","town":"甲崎町"}],"1142":[{"pref":"滋賀県","city":"彦根市","town":"下西川町"}],"1143":[{"pref":"滋賀県","city":"彦根市","town":"上西川町"}],"1144":[{"pref":"滋賀県","city":"彦根市","town":"普光寺町"}],"1145":[{"pref":"滋賀県","city":"彦根市","town":"南三ツ谷町"}],"1146":[{"pref":"滋賀県","city":"彦根市","town":"柳川町"}],"1147":[{"pref":"滋賀県","city":"彦根市","town":"薩摩町"}],"1201":[{"pref":"滋賀県","city":"東近江市","town":"新宮町"}],"1202":[{"pref":"滋賀県","city":"東近江市","town":"阿弥陀堂町"}],"1203":[{"pref":"滋賀県","city":"東近江市","town":"川南町"}],"1204":[{"pref":"滋賀県","city":"東近江市","town":"小川町"}],"1205":[{"pref":"滋賀県","city":"東近江市","town":"躰光寺町"}],"1211":[{"pref":"滋賀県","city":"東近江市","town":"今町"}],"1212":[{"pref":"滋賀県","city":"東近江市","town":"種町"}],"1213":[{"pref":"滋賀県","city":"東近江市","town":"神郷町"}],"1214":[{"pref":"滋賀県","city":"東近江市","town":"長勝寺町"}],"1215":[{"pref":"滋賀県","city":"東近江市","town":"佐生町"}],"1221":[{"pref":"滋賀県","city":"東近江市","town":"垣見町"}],"1222":[{"pref":"滋賀県","city":"東近江市","town":"佐野町"}],"1223":[{"pref":"滋賀県","city":"東近江市","town":"猪子町"}],"1224":[{"pref":"滋賀県","city":"東近江市","town":"林町"}],"1225":[{"pref":"滋賀県","city":"東近江市","town":"山路町"}],"1231":[{"pref":"滋賀県","city":"東近江市","town":"能登川町"}],"1232":[{"pref":"滋賀県","city":"東近江市","town":"北須田町"}],"1233":[{"pref":"滋賀県","city":"東近江市","town":"南須田町"}],"1234":[{"pref":"滋賀県","city":"東近江市","town":"きぬがさ町"}],"1235":[{"pref":"滋賀県","city":"東近江市","town":"伊庭町"}],"1241":[{"pref":"滋賀県","city":"東近江市","town":"乙女浜町"}],"1242":[{"pref":"滋賀県","city":"東近江市","town":"福堂町"}],"1243":[{"pref":"滋賀県","city":"東近江市","town":"栗見新田町"}],"1244":[{"pref":"滋賀県","city":"東近江市","town":"大中町"}],"1245":[{"pref":"滋賀県","city":"東近江市","town":"栗見出在家町"}],"1301":[{"pref":"滋賀県","city":"近江八幡市","town":"安土町大中"}],"1311":[{"pref":"滋賀県","city":"近江八幡市","town":"安土町下豊浦"}],"1321":[{"pref":"滋賀県","city":"近江八幡市","town":"安土町桑実寺"}],"1322":[{"pref":"滋賀県","city":"近江八幡市","town":"安土町宮津"}],"1331":[{"pref":"滋賀県","city":"近江八幡市","town":"安土町石寺"}],"1332":[{"pref":"滋賀県","city":"近江八幡市","town":"安土町東老蘇"}],"1333":[{"pref":"滋賀県","city":"近江八幡市","town":"安土町内野"}],"1334":[{"pref":"滋賀県","city":"近江八幡市","town":"安土町西老蘇"}],"1341":[{"pref":"滋賀県","city":"近江八幡市","town":"安土町上豊浦"}],"1342":[{"pref":"滋賀県","city":"近江八幡市","town":"安土町上出"}],"1343":[{"pref":"滋賀県","city":"近江八幡市","town":"安土町小中"}],"1344":[{"pref":"滋賀県","city":"近江八幡市","town":"安土町中屋"}],"1345":[{"pref":"滋賀県","city":"近江八幡市","town":"安土町慈恩寺"}],"1346":[{"pref":"滋賀県","city":"近江八幡市","town":"安土町香庄"}],"1351":[{"pref":"滋賀県","city":"近江八幡市","town":"安土町常楽寺"}],"0000":[{"pref":"滋賀県","city":"米原市","town":"以下に掲載がない場合"}],"0001":[{"pref":"滋賀県","city":"米原市","town":"朝妻筑摩"}],"0226":[{"pref":"滋賀県","city":"米原市","town":"朝日"}],"0211":[{"pref":"滋賀県","city":"米原市","town":"梓河内"}],"0063":[{"pref":"滋賀県","city":"米原市","town":"飯"}],"0091":[{"pref":"滋賀県","city":"米原市","town":"岩脇"}],"0221":[{"pref":"滋賀県","city":"米原市","town":"池下"}],"0004":[{"pref":"滋賀県","city":"米原市","town":"磯"}],"0225":[{"pref":"滋賀県","city":"米原市","town":"市場"}],"0031":[{"pref":"滋賀県","city":"米原市","town":"一色"}],"0234":[{"pref":"滋賀県","city":"米原市","town":"井之口"}],"0311":[{"pref":"滋賀県","city":"米原市","town":"伊吹"}],"0003":[{"pref":"滋賀県","city":"米原市","town":"入江"}],"0312":[{"pref":"滋賀県","city":"米原市","town":"上野"}],"0062":[{"pref":"滋賀県","city":"米原市","town":"宇賀野"}],"0013":[{"pref":"滋賀県","city":"米原市","town":"梅ケ原"}],"0014":[{"pref":"滋賀県","city":"米原市","town":"梅ケ原栄"}],"0307":[{"pref":"滋賀県","city":"米原市","town":"大久保"}],"0214":[{"pref":"滋賀県","city":"米原市","town":"大鹿"}],"0324":[{"pref":"滋賀県","city":"米原市","town":"大清水"}],"0244":[{"pref":"滋賀県","city":"米原市","town":"大野木"}],"0202":[{"pref":"滋賀県","city":"米原市","town":"柏原"}],"0219":[{"pref":"滋賀県","city":"米原市","town":"加勢野"}],"0305":[{"pref":"滋賀県","city":"米原市","town":"上板並"}],"0002":[{"pref":"滋賀県","city":"米原市","town":"上多良"}],"0033":[{"pref":"滋賀県","city":"米原市","town":"上丹生"}],"0227":[{"pref":"滋賀県","city":"米原市","town":"烏脇"}],"0021":[{"pref":"滋賀県","city":"米原市","town":"河南"}],"0217":[{"pref":"滋賀県","city":"米原市","town":"北方"}],"0203":[{"pref":"滋賀県","city":"米原市","town":"清滝"}],"0308":[{"pref":"滋賀県","city":"米原市","town":"小泉"}],"0303":[{"pref":"滋賀県","city":"米原市","town":"甲賀"}],"0301":[{"pref":"滋賀県","city":"米原市","town":"甲津原"}],"0072":[{"pref":"滋賀県","city":"米原市","town":"顔戸"}],"0092":[{"pref":"滋賀県","city":"米原市","town":"西円寺"}],"0232":[{"pref":"滋賀県","city":"米原市","town":"坂口"}],"0035":[{"pref":"滋賀県","city":"米原市","town":"醒井"}],"0032":[{"pref":"滋賀県","city":"米原市","town":"枝折"}],"0218":[{"pref":"滋賀県","city":"米原市","town":"志賀谷"}],"0306":[{"pref":"滋賀県","city":"米原市","town":"下板並"}],"0016":[{"pref":"滋賀県","city":"米原市","town":"下多良"}],"0034":[{"pref":"滋賀県","city":"米原市","town":"下丹生"}],"0327":[{"pref":"滋賀県","city":"米原市","town":"上平寺"}],"0083":[{"pref":"滋賀県","city":"米原市","town":"新庄"}],"0314":[{"pref":"滋賀県","city":"米原市","town":"春照"}],"0216":[{"pref":"滋賀県","city":"米原市","town":"菅江"}],"0245":[{"pref":"滋賀県","city":"米原市","town":"須川"}],"0322":[{"pref":"滋賀県","city":"米原市","town":"杉沢"}],"0321":[{"pref":"滋賀県","city":"米原市","town":"高番"}],"0074":[{"pref":"滋賀県","city":"米原市","town":"高溝"}],"0081":[{"pref":"滋賀県","city":"米原市","town":"多和田"}],"0201":[{"pref":"滋賀県","city":"米原市","town":"長久寺"}],"0093":[{"pref":"滋賀県","city":"米原市","town":"寺倉"}],"0326":[{"pref":"滋賀県","city":"米原市","town":"寺林"}],"0222":[{"pref":"滋賀県","city":"米原市","town":"天満"}],"0213":[{"pref":"滋賀県","city":"米原市","town":"堂谷"}],"0242":[{"pref":"滋賀県","city":"米原市","town":"長岡"}],"0061":[{"pref":"滋賀県","city":"米原市","town":"長沢"}],"0011":[{"pref":"滋賀県","city":"米原市","town":"中多良"}],"0024":[{"pref":"滋賀県","city":"米原市","town":"西坂"}],"0241":[{"pref":"滋賀県","city":"米原市","town":"西山"}],"0084":[{"pref":"滋賀県","city":"米原市","town":"日光寺"}],"0233":[{"pref":"滋賀県","city":"米原市","town":"野一色"}],"0082":[{"pref":"滋賀県","city":"米原市","town":"能登瀬"}],"0236":[{"pref":"滋賀県","city":"米原市","town":"間田"}],"0025":[{"pref":"滋賀県","city":"米原市","town":"番場"}],"0022":[{"pref":"滋賀県","city":"米原市","town":"樋口"}],"0325":[{"pref":"滋賀県","city":"米原市","town":"藤川"}],"0071":[{"pref":"滋賀県","city":"米原市","town":"舟崎"}],"0224":[{"pref":"滋賀県","city":"米原市","town":"夫馬"}],"0212":[{"pref":"滋賀県","city":"米原市","town":"本郷"}],"0012":[{"pref":"滋賀県","city":"米原市","town":"米原"}],"0015":[{"pref":"滋賀県","city":"米原市","town":"米原西"}],"0302":[{"pref":"滋賀県","city":"米原市","town":"曲谷"}],"0243":[{"pref":"滋賀県","city":"米原市","town":"万願寺"}],"0073":[{"pref":"滋賀県","city":"米原市","town":"箕浦"}],"0023":[{"pref":"滋賀県","city":"米原市","town":"三吉"}],"0231":[{"pref":"滋賀県","city":"米原市","town":"村居田"}],"0323":[{"pref":"滋賀県","city":"米原市","town":"村木"}],"0223":[{"pref":"滋賀県","city":"米原市","town":"本市場"}],"0313":[{"pref":"滋賀県","city":"米原市","town":"弥高"}],"0235":[{"pref":"滋賀県","city":"米原市","town":"小田"}],"0215":[{"pref":"滋賀県","city":"米原市","town":"山室"}],"0304":[{"pref":"滋賀県","city":"米原市","town":"吉槻"}],"0064":[{"pref":"滋賀県","city":"米原市","town":"世継"}]}