{"0000":[{"pref":"滋賀県","city":"東近江市","town":"以下に掲載がない場合"}],"0166":[{"pref":"滋賀県","city":"東近江市","town":"愛東外町"}],"0232":[{"pref":"滋賀県","city":"東近江市","town":"青野町"}],"0039":[{"pref":"滋賀県","city":"東近江市","town":"青葉町"}],"0164":[{"pref":"滋賀県","city":"東近江市","town":"青山町"}],"0113":[{"pref":"滋賀県","city":"東近江市","town":"池庄町"}],"0054":[{"pref":"滋賀県","city":"東近江市","town":"池田町"}],"0171":[{"pref":"滋賀県","city":"東近江市","town":"池之尻町"}],"0222":[{"pref":"滋賀県","city":"東近江市","town":"池之脇町"}],"0227":[{"pref":"滋賀県","city":"東近江市","town":"石谷町"}],"0151":[{"pref":"滋賀県","city":"東近江市","town":"市ケ原町"}],"0074":[{"pref":"滋賀県","city":"東近江市","town":"市辺町"}],"0224":[{"pref":"滋賀県","city":"東近江市","town":"市原野町"}],"0226":[{"pref":"滋賀県","city":"東近江市","town":"一式町"}],"0216":[{"pref":"滋賀県","city":"東近江市","town":"茨川町"}],"0107":[{"pref":"滋賀県","city":"東近江市","town":"今在家町"}],"0016":[{"pref":"滋賀県","city":"東近江市","town":"今崎町"}],"0053":[{"pref":"滋賀県","city":"東近江市","town":"今代町"}],"0071":[{"pref":"滋賀県","city":"東近江市","town":"今堀町"}],"0162":[{"pref":"滋賀県","city":"東近江市","town":"妹町"}],"0156":[{"pref":"滋賀県","city":"東近江市","town":"上中野町"}],"0175":[{"pref":"滋賀県","city":"東近江市","town":"梅林町"}],"0055":[{"pref":"滋賀県","city":"東近江市","town":"瓜生津町"}],"0211":[{"pref":"滋賀県","city":"東近江市","town":"永源寺相谷町"}],"0212":[{"pref":"滋賀県","city":"東近江市","town":"永源寺高野町"}],"0114":[{"pref":"滋賀県","city":"東近江市","town":"大沢町"}],"0126":[{"pref":"滋賀県","city":"東近江市","town":"大清水町"}],"0174":[{"pref":"滋賀県","city":"東近江市","town":"大萩町"}],"0155":[{"pref":"滋賀県","city":"東近江市","town":"大林町"}],"0063":[{"pref":"滋賀県","city":"東近江市","town":"大森町"}],"0057":[{"pref":"滋賀県","city":"東近江市","town":"岡田町"}],"0034":[{"pref":"滋賀県","city":"東近江市","town":"沖野"}],"0165":[{"pref":"滋賀県","city":"東近江市","town":"小倉町"}],"0122":[{"pref":"滋賀県","city":"東近江市","town":"長町"}],"0091":[{"pref":"滋賀県","city":"東近江市","town":"小脇町"}],"0083":[{"pref":"滋賀県","city":"東近江市","town":"柏木町"}],"0032":[{"pref":"滋賀県","city":"東近江市","town":"春日町"}],"0062":[{"pref":"滋賀県","city":"東近江市","town":"上大森町"}],"0173":[{"pref":"滋賀県","city":"東近江市","town":"上岸本町"}],"0082":[{"pref":"滋賀県","city":"東近江市","town":"上羽田町"}],"0086":[{"pref":"滋賀県","city":"東近江市","town":"上平木町"}],"0221":[{"pref":"滋賀県","city":"東近江市","town":"上二俣町"}],"0142":[{"pref":"滋賀県","city":"東近江市","town":"上山町"}],"0208":[{"pref":"滋賀県","city":"東近江市","town":"萱尾町"}],"0041":[{"pref":"滋賀県","city":"東近江市","town":"川合寺町"}],"0101":[{"pref":"滋賀県","city":"東近江市","town":"祇園町"}],"0145":[{"pref":"滋賀県","city":"東近江市","town":"北坂町"}],"0129":[{"pref":"滋賀県","city":"東近江市","town":"北清水町"}],"0111":[{"pref":"滋賀県","city":"東近江市","town":"北花沢町"}],"0138":[{"pref":"滋賀県","city":"東近江市","town":"北菩提寺町"}],"0202":[{"pref":"滋賀県","city":"東近江市","town":"君ケ畑町"}],"0205":[{"pref":"滋賀県","city":"東近江市","town":"黄和田町"}],"0215":[{"pref":"滋賀県","city":"東近江市","town":"九居瀬町"}],"0121":[{"pref":"滋賀県","city":"東近江市","town":"小池町"}],"0092":[{"pref":"滋賀県","city":"東近江市","town":"小今町"}],"0214":[{"pref":"滋賀県","city":"東近江市","town":"甲津畑町"}],"0125":[{"pref":"滋賀県","city":"東近江市","town":"小田苅町"}],"0044":[{"pref":"滋賀県","city":"東近江市","town":"五智町"}],"0108":[{"pref":"滋賀県","city":"東近江市","town":"小八木町"}],"0031":[{"pref":"滋賀県","city":"東近江市","town":"幸町"}],"0027":[{"pref":"滋賀県","city":"東近江市","town":"栄町"}],"0209":[{"pref":"滋賀県","city":"東近江市","town":"佐目町"}],"0064":[{"pref":"滋賀県","city":"東近江市","town":"尻無町"}],"0067":[{"pref":"滋賀県","city":"東近江市","town":"芝原町"}],"0066":[{"pref":"滋賀県","city":"東近江市","town":"柴原南町"}],"0132":[{"pref":"滋賀県","city":"東近江市","town":"下一色町"}],"0124":[{"pref":"滋賀県","city":"東近江市","town":"下岸本町"}],"0115":[{"pref":"滋賀県","city":"東近江市","town":"下里町"}],"0157":[{"pref":"滋賀県","city":"東近江市","town":"下中野町"}],"0085":[{"pref":"滋賀県","city":"東近江市","town":"下羽田町"}],"0065":[{"pref":"滋賀県","city":"東近江市","town":"下二俣町"}],"0128":[{"pref":"滋賀県","city":"東近江市","town":"清水中町"}],"0131":[{"pref":"滋賀県","city":"東近江市","town":"勝堂町"}],"0017":[{"pref":"滋賀県","city":"東近江市","town":"昭和町"}],"0225":[{"pref":"滋賀県","city":"東近江市","town":"新出町"}],"0043":[{"pref":"滋賀県","city":"東近江市","town":"神田町"}],"0038":[{"pref":"滋賀県","city":"東近江市","town":"聖徳町"}],"0036":[{"pref":"滋賀県","city":"東近江市","town":"聖和町"}],"0106":[{"pref":"滋賀県","city":"東近江市","town":"僧坊町"}],"0163":[{"pref":"滋賀県","city":"東近江市","town":"曽根町"}],"0154":[{"pref":"滋賀県","city":"東近江市","town":"園町"}],"0152":[{"pref":"滋賀県","city":"東近江市","town":"大覚寺町"}],"0223":[{"pref":"滋賀県","city":"東近江市","town":"高木町"}],"0207":[{"pref":"滋賀県","city":"東近江市","town":"蓼畑町"}],"0002":[{"pref":"滋賀県","city":"東近江市","town":"建部上中町"}],"0007":[{"pref":"滋賀県","city":"東近江市","town":"建部瓦屋寺町"}],"0003":[{"pref":"滋賀県","city":"東近江市","town":"建部北町"}],"0004":[{"pref":"滋賀県","city":"東近江市","town":"建部堺町"}],"0001":[{"pref":"滋賀県","city":"東近江市","town":"建部下野町"}],"0006":[{"pref":"滋賀県","city":"東近江市","town":"建部日吉町"}],"0005":[{"pref":"滋賀県","city":"東近江市","town":"建部南町"}],"0052":[{"pref":"滋賀県","city":"東近江市","town":"寺町"}],"0061":[{"pref":"滋賀県","city":"東近江市","town":"土器町"}],"0042":[{"pref":"滋賀県","city":"東近江市","town":"外町"}],"0133":[{"pref":"滋賀県","city":"東近江市","town":"中一色町"}],"0123":[{"pref":"滋賀県","city":"東近江市","town":"中岸本町"}],"0105":[{"pref":"滋賀県","city":"東近江市","town":"中里町"}],"0161":[{"pref":"滋賀県","city":"東近江市","town":"中戸町"}],"0015":[{"pref":"滋賀県","city":"東近江市","town":"中野町"}],"0084":[{"pref":"滋賀県","city":"東近江市","town":"中羽田町"}],"0045":[{"pref":"滋賀県","city":"東近江市","town":"中小路町"}],"0172":[{"pref":"滋賀県","city":"東近江市","town":"鯰江町"}],"0014":[{"pref":"滋賀県","city":"東近江市","town":"西中野町"}],"0137":[{"pref":"滋賀県","city":"東近江市","town":"西菩提寺町"}],"0228":[{"pref":"滋賀県","city":"東近江市","town":"如来町"}],"0093":[{"pref":"滋賀県","city":"東近江市","town":"糠塚町"}],"0072":[{"pref":"滋賀県","city":"東近江市","town":"布引台"}],"0076":[{"pref":"滋賀県","city":"東近江市","town":"野口町"}],"0047":[{"pref":"滋賀県","city":"東近江市","town":"野村町"}],"0051":[{"pref":"滋賀県","city":"東近江市","town":"林田町"}],"0037":[{"pref":"滋賀県","city":"東近江市","town":"東今崎町"}],"0033":[{"pref":"滋賀県","city":"東近江市","town":"東沖野"}],"0013":[{"pref":"滋賀県","city":"東近江市","town":"東中野町"}],"0035":[{"pref":"滋賀県","city":"東近江市","town":"ひばり丘町"}],"0141":[{"pref":"滋賀県","city":"東近江市","town":"百済寺甲町"}],"0144":[{"pref":"滋賀県","city":"東近江市","town":"百済寺町"}],"0143":[{"pref":"滋賀県","city":"東近江市","town":"百済寺本町"}],"0153":[{"pref":"滋賀県","city":"東近江市","town":"平尾町"}],"0087":[{"pref":"滋賀県","city":"東近江市","town":"平田町"}],"0134":[{"pref":"滋賀県","city":"東近江市","town":"平松町"}],"0102":[{"pref":"滋賀県","city":"東近江市","town":"平柳町"}],"0201":[{"pref":"滋賀県","city":"東近江市","town":"蛭谷町"}],"0081":[{"pref":"滋賀県","city":"東近江市","town":"布施町"}],"0024":[{"pref":"滋賀県","city":"東近江市","town":"札の辻"}],"0073":[{"pref":"滋賀県","city":"東近江市","town":"蛇溝町"}],"0204":[{"pref":"滋賀県","city":"東近江市","town":"政所町"}],"0056":[{"pref":"滋賀県","city":"東近江市","town":"御園町"}],"0075":[{"pref":"滋賀県","city":"東近江市","town":"三津屋町"}],"0127":[{"pref":"滋賀県","city":"東近江市","town":"南清水町"}],"0112":[{"pref":"滋賀県","city":"東近江市","town":"南花沢町"}],"0136":[{"pref":"滋賀県","city":"東近江市","town":"南菩提寺町"}],"0203":[{"pref":"滋賀県","city":"東近江市","town":"箕川町"}],"0046":[{"pref":"滋賀県","city":"東近江市","town":"妙法寺町"}],"0231":[{"pref":"滋賀県","city":"東近江市","town":"山上町"}],"0206":[{"pref":"滋賀県","city":"東近江市","town":"杠葉尾町"}],"0103":[{"pref":"滋賀県","city":"東近江市","town":"湯屋町"}],"0028":[{"pref":"滋賀県","city":"東近江市","town":"八日市金屋"}],"0022":[{"pref":"滋賀県","city":"東近江市","town":"八日市上之町"}],"0018":[{"pref":"滋賀県","city":"東近江市","town":"八日市清水"}],"0026":[{"pref":"滋賀県","city":"東近江市","town":"八日市野々宮町"}],"0011":[{"pref":"滋賀県","city":"東近江市","town":"八日市浜野町"}],"0021":[{"pref":"滋賀県","city":"東近江市","town":"八日市東浜町"}],"0025":[{"pref":"滋賀県","city":"東近江市","town":"八日市東本町"}],"0012":[{"pref":"滋賀県","city":"東近江市","town":"八日市本町"}],"0019":[{"pref":"滋賀県","city":"東近江市","town":"八日市松尾町"}],"0023":[{"pref":"滋賀県","city":"東近江市","town":"八日市緑町"}],"0029":[{"pref":"滋賀県","city":"東近江市","town":"八日市町"}],"0135":[{"pref":"滋賀県","city":"東近江市","town":"横溝町"}],"0104":[{"pref":"滋賀県","city":"東近江市","town":"読合堂町"}],"0213":[{"pref":"滋賀県","city":"東近江市","town":"和南町"}]}