{"0000":[{"pref":"長崎県","city":"長崎市","town":"以下に掲載がない場合"}],"0922":[{"pref":"長崎県","city":"長崎市","town":"相生町"}],"0064":[{"pref":"長崎県","city":"長崎市","town":"秋月町"}],"0063":[{"pref":"長崎県","city":"長崎市","town":"飽の浦町"}],"0822":[{"pref":"長崎県","city":"長崎市","town":"愛宕"}],"0832":[{"pref":"長崎県","city":"長崎市","town":"油屋町"}],"0924":[{"pref":"長崎県","city":"長崎市","town":"出雲"}],"0018":[{"pref":"長崎県","city":"長崎市","town":"伊勢町"}],"0971":[{"pref":"長崎県","city":"長崎市","town":"磯道町"}],"0907":[{"pref":"長崎県","city":"長崎市","town":"稲田町"}],"0025":[{"pref":"長崎県","city":"長崎市","town":"今博多町"}],"0802":[{"pref":"長崎県","city":"長崎市","town":"伊良林"}],"0065":[{"pref":"長崎県","city":"長崎市","town":"入船町"}],"0072":[{"pref":"長崎県","city":"長崎市","town":"岩瀬道町"}],"0923":[{"pref":"長崎県","city":"長崎市","town":"上田町"}],"0874":[{"pref":"長崎県","city":"長崎市","town":"魚の町"}],"0022":[{"pref":"長崎県","city":"長崎市","town":"馬町"}],"0909":[{"pref":"長崎県","city":"長崎市","town":"梅香崎町"}],"0054":[{"pref":"長崎県","city":"長崎市","town":"上町"}],"0992":[{"pref":"長崎県","city":"長崎市","town":"江川町"}],"0861":[{"pref":"長崎県","city":"長崎市","town":"江戸町"}],"0056":[{"pref":"長崎県","city":"長崎市","town":"恵美須町"}],"0024":[{"pref":"長崎県","city":"長崎市","town":"大井手町"}],"0916":[{"pref":"長崎県","city":"長崎市","town":"大浦東町"}],"0918":[{"pref":"長崎県","city":"長崎市","town":"大浦町"}],"0062":[{"pref":"長崎県","city":"長崎市","town":"大谷町"}],"0066":[{"pref":"長崎県","city":"長崎市","town":"大浜町"}],"0964":[{"pref":"長崎県","city":"長崎市","town":"大山町"}],"0027":[{"pref":"長崎県","city":"長崎市","town":"桶屋町"}],"0058":[{"pref":"長崎県","city":"長崎市","town":"尾上町"}],"0042":[{"pref":"長崎県","city":"長崎市","town":"御船蔵町"}],"0905":[{"pref":"長崎県","city":"長崎市","town":"籠町"}],"0803":[{"pref":"長崎県","city":"長崎市","town":"風頭町"}],"0831":[{"pref":"長崎県","city":"長崎市","town":"鍛冶屋町"}],"0003":[{"pref":"長崎県","city":"長崎市","town":"片淵"}],"0028":[{"pref":"長崎県","city":"長崎市","town":"勝山町"}],"0037":[{"pref":"長崎県","city":"長崎市","town":"金屋町"}],"0973":[{"pref":"長崎県","city":"長崎市","town":"鹿尾町"}],"0034":[{"pref":"長崎県","city":"長崎市","town":"樺島町"}],"0834":[{"pref":"長崎県","city":"長崎市","town":"上小島"}],"0048":[{"pref":"長崎県","city":"長崎市","town":"上銭座町"}],"0953":[{"pref":"長崎県","city":"長崎市","town":"上戸町"}],"0006":[{"pref":"長崎県","city":"長崎市","town":"上西山町"}],"0078":[{"pref":"長崎県","city":"長崎市","town":"神ノ島町"}],"0946":[{"pref":"長崎県","city":"長崎市","town":"川上町"}],"0906":[{"pref":"長崎県","city":"長崎市","town":"館内町"}],"0076":[{"pref":"長崎県","city":"長崎市","town":"木鉢町"}],"0974":[{"pref":"長崎県","city":"長崎市","town":"京太郎町"}],"0854":[{"pref":"長崎県","city":"長崎市","town":"銀屋町"}],"0981":[{"pref":"長崎県","city":"長崎市","town":"草住町"}],"0976":[{"pref":"長崎県","city":"長崎市","town":"毛井首町"}],"0871":[{"pref":"長崎県","city":"長崎市","town":"麹屋町"}],"0032":[{"pref":"長崎県","city":"長崎市","town":"興善町"}],"0067":[{"pref":"長崎県","city":"長崎市","town":"小浦町"}],"0961":[{"pref":"長崎県","city":"長崎市","town":"小ケ倉町"}],"0951":[{"pref":"長崎県","city":"長崎市","town":"国分町"}],"0934":[{"pref":"長崎県","city":"長崎市","town":"小菅町"}],"0077":[{"pref":"長崎県","city":"長崎市","town":"小瀬戸町"}],"0937":[{"pref":"長崎県","city":"長崎市","town":"小曽根町"}],"0036":[{"pref":"長崎県","city":"長崎市","town":"五島町"}],"0002":[{"pref":"長崎県","city":"長崎市","town":"木場町"}],"0983":[{"pref":"長崎県","city":"長崎市","town":"米山町"}],"0046":[{"pref":"長崎県","city":"長崎市","town":"幸町"}],"0994":[{"pref":"長崎県","city":"長崎市","town":"竿浦町"}],"0875":[{"pref":"長崎県","city":"長崎市","town":"栄町"}],"0835":[{"pref":"長崎県","city":"長崎市","town":"桜木町"}],"0015":[{"pref":"長崎県","city":"長崎市","town":"桜馬場"}],"0031":[{"pref":"長崎県","city":"長崎市","town":"桜町"}],"0824":[{"pref":"長崎県","city":"長崎市","town":"三景台町"}],"0975":[{"pref":"長崎県","city":"長崎市","town":"三和町"}],"0947":[{"pref":"長崎県","city":"長崎市","town":"椎の木町"}],"0071":[{"pref":"長崎県","city":"長崎市","town":"塩浜町"}],"0917":[{"pref":"長崎県","city":"長崎市","town":"下町"}],"0004":[{"pref":"長崎県","city":"長崎市","town":"下西山町"}],"0908":[{"pref":"長崎県","city":"長崎市","town":"十人町"}],"0812":[{"pref":"長崎県","city":"長崎市","town":"白木町"}],"0962":[{"pref":"長崎県","city":"長崎市","town":"新小が倉"}],"0017":[{"pref":"長崎県","city":"長崎市","town":"新大工町"}],"0842":[{"pref":"長崎県","city":"長崎市","town":"新地町"}],"0954":[{"pref":"長崎県","city":"長崎市","town":"新戸町"}],"0014":[{"pref":"長崎県","city":"長崎市","town":"新中川町"}],"0991":[{"pref":"長崎県","city":"長崎市","town":"末石町"}],"0873":[{"pref":"長崎県","city":"長崎市","town":"諏訪町"}],"0047":[{"pref":"長崎県","city":"長崎市","town":"銭座町"}],"0057":[{"pref":"長崎県","city":"長崎市","town":"大黒町"}],"0963":[{"pref":"長崎県","city":"長崎市","town":"ダイヤランド"}],"0941":[{"pref":"長崎県","city":"長崎市","town":"高丘"}],"0821":[{"pref":"長崎県","city":"長崎市","town":"高平町"}],"0045":[{"pref":"長崎県","city":"長崎市","town":"宝町"}],"0007":[{"pref":"長崎県","city":"長崎市","town":"立山"}],"0053":[{"pref":"長崎県","city":"長崎市","town":"玉園町"}],"0052":[{"pref":"長崎県","city":"長崎市","town":"筑後町"}],"0877":[{"pref":"長崎県","city":"長崎市","town":"築町"}],"0984":[{"pref":"長崎県","city":"長崎市","town":"鶴見台"}],"0023":[{"pref":"長崎県","city":"長崎市","town":"出来大工町"}],"0862":[{"pref":"長崎県","city":"長崎市","town":"出島町"}],"0872":[{"pref":"長崎県","city":"長崎市","town":"寺町"}],"0044":[{"pref":"長崎県","city":"長崎市","town":"天神町"}],"0977":[{"pref":"長崎県","city":"長崎市","town":"土井首町"}],"0841":[{"pref":"長崎県","city":"長崎市","town":"銅座町"}],"0843":[{"pref":"長崎県","city":"長崎市","town":"常盤町"}],"0952":[{"pref":"長崎県","city":"長崎市","town":"戸町"}],"0013":[{"pref":"長崎県","city":"長崎市","town":"中川"}],"0836":[{"pref":"長崎県","city":"長崎市","town":"中小島"}],"0912":[{"pref":"長崎県","city":"長崎市","town":"中新町"}],"0055":[{"pref":"長崎県","city":"長崎市","town":"中町"}],"0936":[{"pref":"長崎県","city":"長崎市","town":"浪の平町"}],"0011":[{"pref":"長崎県","city":"長崎市","town":"鳴滝"}],"0876":[{"pref":"長崎県","city":"長崎市","town":"賑町"}],"0837":[{"pref":"長崎県","city":"長崎市","town":"西小島"}],"0933":[{"pref":"長崎県","city":"長崎市","town":"西琴平町"}],"0051":[{"pref":"長崎県","city":"長崎市","town":"西坂町"}],"0074":[{"pref":"長崎県","city":"長崎市","town":"西立神町"}],"0075":[{"pref":"長崎県","city":"長崎市","town":"西泊町"}],"0001":[{"pref":"長崎県","city":"長崎市","town":"西山"}],"0005":[{"pref":"長崎県","city":"長崎市","town":"西山本町"}],"0993":[{"pref":"長崎県","city":"長崎市","town":"八郎岳町"}],"0944":[{"pref":"長崎県","city":"長崎市","town":"八景町"}],"0041":[{"pref":"長崎県","city":"長崎市","town":"浜平"}],"0853":[{"pref":"長崎県","city":"長崎市","town":"浜町"}],"0833":[{"pref":"長崎県","city":"長崎市","town":"東小島町"}],"0932":[{"pref":"長崎県","city":"長崎市","town":"東琴平"}],"0073":[{"pref":"長崎県","city":"長崎市","town":"東立神町"}],"0855":[{"pref":"長崎県","city":"長崎市","town":"東古川町"}],"0911":[{"pref":"長崎県","city":"長崎市","town":"東山手町"}],"0915":[{"pref":"長崎県","city":"長崎市","town":"東山町"}],"0804":[{"pref":"長崎県","city":"長崎市","town":"彦見町"}],"0914":[{"pref":"長崎県","city":"長崎市","town":"日の出町"}],"0985":[{"pref":"長崎県","city":"長崎市","town":"平瀬町"}],"0996":[{"pref":"長崎県","city":"長崎市","town":"平山台"}],"0995":[{"pref":"長崎県","city":"長崎市","town":"平山町"}],"0016":[{"pref":"長崎県","city":"長崎市","town":"夫婦川町"}],"0068":[{"pref":"長崎県","city":"長崎市","town":"福田本町"}],"0904":[{"pref":"長崎県","city":"長崎市","town":"船大工町"}],"0851":[{"pref":"長崎県","city":"長崎市","town":"古川町"}],"0935":[{"pref":"長崎県","city":"長崎市","town":"古河町"}],"0026":[{"pref":"長崎県","city":"長崎市","town":"古町"}],"0972":[{"pref":"長崎県","city":"長崎市","town":"古道町"}],"0945":[{"pref":"長崎県","city":"長崎市","town":"星取"}],"0012":[{"pref":"長崎県","city":"長崎市","town":"本河内"}],"0921":[{"pref":"長崎県","city":"長崎市","town":"松が枝町"}],"0902":[{"pref":"長崎県","city":"長崎市","town":"丸山町"}],"0033":[{"pref":"長崎県","city":"長崎市","town":"万才町"}],"0061":[{"pref":"長崎県","city":"長崎市","town":"水の浦町"}],"0079":[{"pref":"長崎県","city":"長崎市","town":"みなと坂"}],"0943":[{"pref":"長崎県","city":"長崎市","town":"南が丘町"}],"0942":[{"pref":"長崎県","city":"長崎市","town":"南町"}],"0931":[{"pref":"長崎県","city":"長崎市","town":"南山手町"}],"0901":[{"pref":"長崎県","city":"長崎市","town":"本石灰町"}],"0035":[{"pref":"長崎県","city":"長崎市","town":"元船町"}],"0913":[{"pref":"長崎県","city":"長崎市","town":"元町"}],"0029":[{"pref":"長崎県","city":"長崎市","town":"八百屋町"}],"0043":[{"pref":"長崎県","city":"長崎市","town":"八千代町"}],"0813":[{"pref":"長崎県","city":"長崎市","town":"八つ尾町"}],"0982":[{"pref":"長崎県","city":"長崎市","town":"柳田町"}],"0811":[{"pref":"長崎県","city":"長崎市","town":"矢の平"}],"0801":[{"pref":"長崎県","city":"長崎市","town":"八幡町"}],"0823":[{"pref":"長崎県","city":"長崎市","town":"弥生町"}],"0903":[{"pref":"長崎県","city":"長崎市","town":"寄合町"}],"0852":[{"pref":"長崎県","city":"長崎市","town":"万屋町"}],"0021":[{"pref":"長崎県","city":"長崎市","town":"炉粕町"}]}