{"0200":[{"pref":"北海道","city":"河東郡鹿追町","town":"以下に掲載がない場合"}],"0212":[{"pref":"北海道","city":"河東郡鹿追町","town":"泉町"}],"0342":[{"pref":"北海道","city":"河東郡鹿追町","town":"瓜幕東"}],"0341":[{"pref":"北海道","city":"河東郡鹿追町","town":"瓜幕西"}],"0343":[{"pref":"北海道","city":"河東郡鹿追町","town":"瓜幕南"}],"0225":[{"pref":"北海道","city":"河東郡鹿追町","town":"柏ケ丘"}],"0218":[{"pref":"北海道","city":"河東郡鹿追町","town":"上然別西"}],"0226":[{"pref":"北海道","city":"河東郡鹿追町","town":"上幌内"}],"0344":[{"pref":"北海道","city":"河東郡鹿追町","town":"北瓜幕"}],"0214":[{"pref":"北海道","city":"河東郡鹿追町","town":"北鹿追北"}],"0202":[{"pref":"北海道","city":"河東郡鹿追町","town":"北町"}],"0221":[{"pref":"北海道","city":"河東郡鹿追町","town":"栄町"}],"0204":[{"pref":"北海道","city":"河東郡鹿追町","town":"笹川北"}],"0217":[{"pref":"北海道","city":"河東郡鹿追町","town":"鹿追基線"}],"0215":[{"pref":"北海道","city":"河東郡鹿追町","town":"鹿追南"}],"0216":[{"pref":"北海道","city":"河東郡鹿追町","town":"鹿追北"}],"0201":[{"pref":"北海道","city":"河東郡鹿追町","town":"新町"}],"0345":[{"pref":"北海道","city":"河東郡鹿追町","town":"中瓜幕西"}],"0211":[{"pref":"北海道","city":"河東郡鹿追町","town":"仲町"}],"0205":[{"pref":"北海道","city":"河東郡鹿追町","town":"西笹川"}],"0213":[{"pref":"北海道","city":"河東郡鹿追町","town":"西町"}],"0346":[{"pref":"北海道","city":"河東郡鹿追町","town":"東瓜幕西"}],"0222":[{"pref":"北海道","city":"河東郡鹿追町","town":"東町"}],"0228":[{"pref":"北海道","city":"河東郡鹿追町","town":"美蔓西"}],"0227":[{"pref":"北海道","city":"河東郡鹿追町","town":"幌内西"}],"0203":[{"pref":"北海道","city":"河東郡鹿追町","town":"緑町"}],"0223":[{"pref":"北海道","city":"河東郡鹿追町","town":"南町"}],"0224":[{"pref":"北海道","city":"河東郡鹿追町","town":"元町"}],"0000":[{"pref":"北海道","city":"上川郡新得町","town":"以下に掲載がない場合"}],"0035":[{"pref":"北海道","city":"上川郡新得町","town":"上佐幌"}],"0154":[{"pref":"北海道","city":"上川郡新得町","town":"屈足"}],"0151":[{"pref":"北海道","city":"上川郡新得町","town":"屈足旭町"}],"0152":[{"pref":"北海道","city":"上川郡新得町","town":"屈足旭町東"}],"0161":[{"pref":"北海道","city":"上川郡新得町","town":"屈足柏町"}],"0162":[{"pref":"北海道","city":"上川郡新得町","town":"屈足柏町東"}],"0155":[{"pref":"北海道","city":"上川郡新得町","town":"屈足幸町"}],"0156":[{"pref":"北海道","city":"上川郡新得町","town":"屈足幸町西"}],"0163":[{"pref":"北海道","city":"上川郡新得町","town":"屈足緑町"}],"0164":[{"pref":"北海道","city":"上川郡新得町","town":"屈足緑町西"}],"0153":[{"pref":"北海道","city":"上川郡新得町","town":"屈足南町"}],"0006":[{"pref":"北海道","city":"上川郡新得町","town":"栄町"}],"0036":[{"pref":"北海道","city":"上川郡新得町","town":"下佐幌"}],"0038":[{"pref":"北海道","city":"上川郡新得町","town":"新得"}],"0037":[{"pref":"北海道","city":"上川郡新得町","town":"拓鉄"}],"0039":[{"pref":"北海道","city":"上川郡新得町","town":"新内"}],"0031":[{"pref":"北海道","city":"上川郡新得町","town":"西一条南"}],"0021":[{"pref":"北海道","city":"上川郡新得町","town":"西一条北"}],"0032":[{"pref":"北海道","city":"上川郡新得町","town":"西二条南"}],"0022":[{"pref":"北海道","city":"上川郡新得町","town":"西二条北"}],"0033":[{"pref":"北海道","city":"上川郡新得町","town":"西三条南"}],"0023":[{"pref":"北海道","city":"上川郡新得町","town":"西三条北"}],"0034":[{"pref":"北海道","city":"上川郡新得町","town":"西四条南"}],"0008":[{"pref":"北海道","city":"上川郡新得町","town":"本通南"}],"0005":[{"pref":"北海道","city":"上川郡新得町","town":"本通北"}],"0007":[{"pref":"北海道","city":"上川郡新得町","town":"元町"}],"0011":[{"pref":"北海道","city":"上川郡新得町","town":"一条南"}],"0001":[{"pref":"北海道","city":"上川郡新得町","town":"一条北"}],"0012":[{"pref":"北海道","city":"上川郡新得町","town":"二条南"}],"0002":[{"pref":"北海道","city":"上川郡新得町","town":"二条北"}],"0013":[{"pref":"北海道","city":"上川郡新得町","town":"三条南"}],"0003":[{"pref":"北海道","city":"上川郡新得町","town":"三条北"}],"0014":[{"pref":"北海道","city":"上川郡新得町","town":"四条南"}],"0015":[{"pref":"北海道","city":"上川郡新得町","town":"五条南"}]}