{"0000":[{"pref":"香川県","city":"観音寺市","town":"以下に掲載がない場合"}],"0062":[{"pref":"香川県","city":"観音寺市","town":"有明町"}],"0052":[{"pref":"香川県","city":"観音寺市","town":"粟井町"}],"0031":[{"pref":"香川県","city":"観音寺市","town":"池之尻町"}],"0071":[{"pref":"香川県","city":"観音寺市","town":"伊吹町"}],"0012":[{"pref":"香川県","city":"観音寺市","town":"植田町"}],"0060":[{"pref":"香川県","city":"観音寺市","town":"観音寺町"}],"0051":[{"pref":"香川県","city":"観音寺市","town":"木之郷町"}],"0040":[{"pref":"香川県","city":"観音寺市","town":"柞田町"}],"0064":[{"pref":"香川県","city":"観音寺市","town":"琴浪町"}],"0074":[{"pref":"香川県","city":"観音寺市","town":"幸町"}],"0072":[{"pref":"香川県","city":"観音寺市","town":"栄町"}],"0067":[{"pref":"香川県","city":"観音寺市","town":"坂本町"}],"0063":[{"pref":"香川県","city":"観音寺市","town":"三本松町"}],"0069":[{"pref":"香川県","city":"観音寺市","town":"茂木町"}],"0073":[{"pref":"香川県","city":"観音寺市","town":"茂西町"}],"0011":[{"pref":"香川県","city":"観音寺市","town":"出作町"}],"0066":[{"pref":"香川県","city":"観音寺市","town":"昭和町"}],"0033":[{"pref":"香川県","city":"観音寺市","town":"新田町"}],"0065":[{"pref":"香川県","city":"観音寺市","town":"瀬戸町"}],"0002":[{"pref":"香川県","city":"観音寺市","town":"高屋町"}],"0068":[{"pref":"香川県","city":"観音寺市","town":"天神町"}],"0024":[{"pref":"香川県","city":"観音寺市","town":"中田井町"}],"0014":[{"pref":"香川県","city":"観音寺市","town":"流岡町"}],"0077":[{"pref":"香川県","city":"観音寺市","town":"凪瀬町"}],"0075":[{"pref":"香川県","city":"観音寺市","town":"西本町"}],"0032":[{"pref":"香川県","city":"観音寺市","town":"原町"}],"0023":[{"pref":"香川県","city":"観音寺市","town":"古川町"}],"0076":[{"pref":"香川県","city":"観音寺市","town":"港町"}],"0070":[{"pref":"香川県","city":"観音寺市","town":"南町"}],"0013":[{"pref":"香川県","city":"観音寺市","town":"村黒町"}],"0001":[{"pref":"香川県","city":"観音寺市","town":"室本町"}],"0022":[{"pref":"香川県","city":"観音寺市","town":"本大町"}],"0061":[{"pref":"香川県","city":"観音寺市","town":"八幡町"}],"0021":[{"pref":"香川県","city":"観音寺市","town":"吉岡町"}],"0102":[{"pref":"香川県","city":"三豊市","town":"山本町大野"}],"0104":[{"pref":"香川県","city":"三豊市","town":"山本町神田"}],"0105":[{"pref":"香川県","city":"三豊市","town":"山本町河内"}],"0103":[{"pref":"香川県","city":"三豊市","town":"山本町財田西"}],"0101":[{"pref":"香川県","city":"三豊市","town":"山本町辻"}]}