{"0000":[{"pref":"岡山県","city":"玉野市","town":"以下に掲載がない場合"}],"0306":[{"pref":"岡山県","city":"玉野市","town":"石島"}],"0133":[{"pref":"岡山県","city":"玉野市","town":"宇藤木"}],"0011":[{"pref":"岡山県","city":"玉野市","town":"宇野"}],"0317":[{"pref":"岡山県","city":"玉野市","town":"大薮"}],"0013":[{"pref":"岡山県","city":"玉野市","town":"奥玉"}],"0024":[{"pref":"岡山県","city":"玉野市","town":"御崎"}],"0311":[{"pref":"岡山県","city":"玉野市","town":"梶岡"}],"0303":[{"pref":"岡山県","city":"玉野市","town":"上山坂"}],"0301":[{"pref":"岡山県","city":"玉野市","town":"北方"}],"0315":[{"pref":"岡山県","city":"玉野市","town":"後閑"}],"0144":[{"pref":"岡山県","city":"玉野市","town":"小島地"}],"0028":[{"pref":"岡山県","city":"玉野市","town":"渋川"}],"0302":[{"pref":"岡山県","city":"玉野市","town":"下山坂"}],"0001":[{"pref":"岡山県","city":"玉野市","town":"田井"}],"0153":[{"pref":"岡山県","city":"玉野市","town":"滝"}],"0012":[{"pref":"岡山県","city":"玉野市","town":"玉"}],"0014":[{"pref":"岡山県","city":"玉野市","town":"玉原"}],"0002":[{"pref":"岡山県","city":"玉野市","town":"築港"}],"0141":[{"pref":"岡山県","city":"玉野市","town":"槌ケ原"}],"0152":[{"pref":"岡山県","city":"玉野市","town":"永井"}],"0151":[{"pref":"岡山県","city":"玉野市","town":"長尾"}],"0313":[{"pref":"岡山県","city":"玉野市","town":"西田井地"}],"0316":[{"pref":"岡山県","city":"玉野市","town":"沼"}],"0142":[{"pref":"岡山県","city":"玉野市","town":"迫間"}],"0224":[{"pref":"岡山県","city":"玉野市","town":"八浜町大崎"}],"0223":[{"pref":"岡山県","city":"玉野市","town":"八浜町波知"}],"0221":[{"pref":"岡山県","city":"玉野市","town":"八浜町八浜"}],"0222":[{"pref":"岡山県","city":"玉野市","town":"八浜町見石"}],"0026":[{"pref":"岡山県","city":"玉野市","town":"羽根崎町"}],"0304":[{"pref":"岡山県","city":"玉野市","town":"番田"}],"0131":[{"pref":"岡山県","city":"玉野市","town":"東紅陽台"}],"0312":[{"pref":"岡山県","city":"玉野市","town":"東田井地"}],"0134":[{"pref":"岡山県","city":"玉野市","town":"東高崎"}],"0226":[{"pref":"岡山県","city":"玉野市","town":"東七区"}],"0314":[{"pref":"岡山県","city":"玉野市","town":"東野崎"},{"pref":"岡山県","city":"玉野市","town":"山田"}],"0027":[{"pref":"岡山県","city":"玉野市","town":"日比"}],"0154":[{"pref":"岡山県","city":"玉野市","town":"広岡"}],"0023":[{"pref":"岡山県","city":"玉野市","town":"深井町"}],"0225":[{"pref":"岡山県","city":"玉野市","town":"南七区"}],"0025":[{"pref":"岡山県","city":"玉野市","town":"明神町"}],"0022":[{"pref":"岡山県","city":"玉野市","town":"向日比"}],"0305":[{"pref":"岡山県","city":"玉野市","town":"胸上"}],"0143":[{"pref":"岡山県","city":"玉野市","town":"木目"}],"0132":[{"pref":"岡山県","city":"玉野市","town":"用吉"}],"0021":[{"pref":"岡山県","city":"玉野市","town":"和田"}]}