{"1111":[{"pref":"宮城県","city":"石巻市","town":"鹿又"}],"1301":[{"pref":"宮城県","city":"石巻市","town":"雄勝町船越"}],"1302":[{"pref":"宮城県","city":"石巻市","town":"雄勝町大浜"}],"1303":[{"pref":"宮城県","city":"石巻市","town":"雄勝町立浜"}],"1304":[{"pref":"宮城県","city":"石巻市","town":"雄勝町名振"}],"1311":[{"pref":"宮城県","city":"石巻市","town":"雄勝町大須"}],"1312":[{"pref":"宮城県","city":"石巻市","town":"雄勝町熊沢"}],"1313":[{"pref":"宮城県","city":"石巻市","town":"雄勝町桑浜"}],"1321":[{"pref":"宮城県","city":"石巻市","town":"雄勝町水浜"}],"1322":[{"pref":"宮城県","city":"石巻市","town":"雄勝町分浜"}],"1331":[{"pref":"宮城県","city":"石巻市","town":"雄勝町明神"}],"1332":[{"pref":"宮城県","city":"石巻市","town":"雄勝町小島"}],"1333":[{"pref":"宮城県","city":"石巻市","town":"雄勝町雄勝"}],"1334":[{"pref":"宮城県","city":"石巻市","town":"雄勝町伊勢畑"}],"1335":[{"pref":"宮城県","city":"石巻市","town":"雄勝町下雄勝"}],"1336":[{"pref":"宮城県","city":"石巻市","town":"雄勝町上雄勝"}],"2101":[{"pref":"宮城県","city":"石巻市","town":"沼津"}],"2102":[{"pref":"宮城県","city":"石巻市","town":"沢田"}],"2103":[{"pref":"宮城県","city":"石巻市","town":"流留"}],"2104":[{"pref":"宮城県","city":"石巻市","town":"垂水町"}],"2105":[{"pref":"宮城県","city":"石巻市","town":"新成"}],"2111":[{"pref":"宮城県","city":"石巻市","town":"三和町"}],"2112":[{"pref":"宮城県","city":"石巻市","town":"後生橋"}],"2113":[{"pref":"宮城県","city":"石巻市","town":"宇田川町"}],"2114":[{"pref":"宮城県","city":"石巻市","town":"塩富町"}],"2115":[{"pref":"宮城県","city":"石巻市","town":"万石町"}],"2116":[{"pref":"宮城県","city":"石巻市","town":"小竹浜"}],"2121":[{"pref":"宮城県","city":"石巻市","town":"渡波町"}],"2122":[{"pref":"宮城県","city":"石巻市","town":"幸町"}],"2123":[{"pref":"宮城県","city":"石巻市","town":"伊勢町"}],"2131":[{"pref":"宮城県","city":"石巻市","town":"浜松町"}],"2132":[{"pref":"宮城県","city":"石巻市","town":"大宮町"}],"2133":[{"pref":"宮城県","city":"石巻市","town":"長浜町"}],"2134":[{"pref":"宮城県","city":"石巻市","town":"松原町"}],"2135":[{"pref":"宮城県","city":"石巻市","town":"渡波"}],"2136":[{"pref":"宮城県","city":"石巻市","town":"根岸"}],"2137":[{"pref":"宮城県","city":"石巻市","town":"さくら町"}],"2200":[{"pref":"宮城県","city":"牡鹿郡女川町","town":"以下に掲載がない場合"}],"2201":[{"pref":"宮城県","city":"牡鹿郡女川町","town":"指ケ浜"}],"2202":[{"pref":"宮城県","city":"牡鹿郡女川町","town":"尾浦"}],"2203":[{"pref":"宮城県","city":"牡鹿郡女川町","town":"竹浦"}],"2204":[{"pref":"宮城県","city":"牡鹿郡女川町","town":"桐ケ崎"}],"2205":[{"pref":"宮城県","city":"牡鹿郡女川町","town":"御前浜"}],"2211":[{"pref":"宮城県","city":"牡鹿郡女川町","town":"出島"}],"2212":[{"pref":"宮城県","city":"牡鹿郡女川町","town":"江島"}],"2221":[{"pref":"宮城県","city":"牡鹿郡女川町","town":"塚浜"}],"2222":[{"pref":"宮城県","city":"牡鹿郡女川町","town":"飯子浜"}],"2223":[{"pref":"宮城県","city":"牡鹿郡女川町","town":"野々浜"}],"2224":[{"pref":"宮城県","city":"牡鹿郡女川町","town":"大石原浜"}],"2225":[{"pref":"宮城県","city":"牡鹿郡女川町","town":"横浦"}],"2226":[{"pref":"宮城県","city":"牡鹿郡女川町","town":"高白浜"}],"2231":[{"pref":"宮城県","city":"牡鹿郡女川町","town":"浦宿浜"}],"2232":[{"pref":"宮城県","city":"牡鹿郡女川町","town":"針浜"}],"2240":[{"pref":"宮城県","city":"牡鹿郡女川町","town":"大道"}],"2242":[{"pref":"宮城県","city":"牡鹿郡女川町","town":"小乗浜"}],"2243":[{"pref":"宮城県","city":"牡鹿郡女川町","town":"鷲神浜"}],"2244":[{"pref":"宮城県","city":"牡鹿郡女川町","town":"桜ケ丘"}],"2246":[{"pref":"宮城県","city":"牡鹿郡女川町","town":"黄金"}],"2247":[{"pref":"宮城県","city":"牡鹿郡女川町","town":"鷲神"}],"2248":[{"pref":"宮城県","city":"牡鹿郡女川町","town":"小乗"}],"2249":[{"pref":"宮城県","city":"牡鹿郡女川町","town":"内山"}],"2251":[{"pref":"宮城県","city":"牡鹿郡女川町","town":"旭が丘"}],"2261":[{"pref":"宮城県","city":"牡鹿郡女川町","town":"女川浜"}],"2262":[{"pref":"宮城県","city":"牡鹿郡女川町","town":"清水"}],"2263":[{"pref":"宮城県","city":"牡鹿郡女川町","town":"伊勢"}],"2264":[{"pref":"宮城県","city":"牡鹿郡女川町","town":"海岸通り"}],"2265":[{"pref":"宮城県","city":"牡鹿郡女川町","town":"女川"}],"2266":[{"pref":"宮城県","city":"牡鹿郡女川町","town":"大原"}],"2281":[{"pref":"宮城県","city":"牡鹿郡女川町","town":"石浜"}],"2282":[{"pref":"宮城県","city":"牡鹿郡女川町","town":"宮ケ崎"}],"2283":[{"pref":"宮城県","city":"牡鹿郡女川町","town":"市場通り"}],"2341":[{"pref":"宮城県","city":"石巻市","town":"荻浜"}],"2342":[{"pref":"宮城県","city":"石巻市","town":"小積浜"}],"2343":[{"pref":"宮城県","city":"石巻市","town":"福貴浦"}],"2344":[{"pref":"宮城県","city":"石巻市","town":"鹿立"}],"2345":[{"pref":"宮城県","city":"石巻市","town":"狐崎浜"}],"2346":[{"pref":"宮城県","city":"石巻市","town":"竹浜"}],"2347":[{"pref":"宮城県","city":"石巻市","town":"牧浜"}],"2351":[{"pref":"宮城県","city":"石巻市","town":"侍浜"}],"2352":[{"pref":"宮城県","city":"石巻市","town":"月浦"}],"2353":[{"pref":"宮城県","city":"石巻市","town":"桃浦"}],"2354":[{"pref":"宮城県","city":"石巻市","town":"蛤浜"}],"2355":[{"pref":"宮城県","city":"石巻市","town":"折浜"}],"2401":[{"pref":"宮城県","city":"石巻市","town":"泊浜"}],"2402":[{"pref":"宮城県","city":"石巻市","town":"谷川浜"}],"2403":[{"pref":"宮城県","city":"石巻市","town":"鮫浦"}],"2404":[{"pref":"宮城県","city":"石巻市","town":"寄磯浜"}],"2405":[{"pref":"宮城県","city":"石巻市","town":"大谷川浜"}],"2406":[{"pref":"宮城県","city":"石巻市","town":"前網浜"}],"2411":[{"pref":"宮城県","city":"石巻市","town":"給分浜"}],"2412":[{"pref":"宮城県","city":"石巻市","town":"大原浜"}],"2413":[{"pref":"宮城県","city":"石巻市","town":"清水田浜"}],"2414":[{"pref":"宮城県","city":"石巻市","town":"小網倉浜"}],"2415":[{"pref":"宮城県","city":"石巻市","town":"小渕浜"}],"2521":[{"pref":"宮城県","city":"石巻市","town":"新山浜"}],"2522":[{"pref":"宮城県","city":"石巻市","town":"鮎川大町"}],"2523":[{"pref":"宮城県","city":"石巻市","town":"鮎川浜"}],"2524":[{"pref":"宮城県","city":"石巻市","town":"鮎川浜丁"}],"2525":[{"pref":"宮城県","city":"石巻市","town":"長渡浜"}],"2526":[{"pref":"宮城県","city":"石巻市","town":"網地浜"}],"2527":[{"pref":"宮城県","city":"石巻市","town":"十八成浜"}],"0000":[{"pref":"宮城県","city":"石巻市","town":"以下に掲載がない場合"}],"0101":[{"pref":"宮城県","city":"石巻市","town":"相野谷"}],"0866":[{"pref":"宮城県","city":"石巻市","town":"茜平"}],"0862":[{"pref":"宮城県","city":"石巻市","town":"あけぼの"}],"0869":[{"pref":"宮城県","city":"石巻市","town":"あけぼの北"}],"0828":[{"pref":"宮城県","city":"石巻市","town":"旭町"}],"0850":[{"pref":"宮城県","city":"石巻市","town":"あゆみ野"}],"0131":[{"pref":"宮城県","city":"石巻市","town":"飯野"}],"0832":[{"pref":"宮城県","city":"石巻市","town":"泉町"}],"0826":[{"pref":"宮城県","city":"石巻市","town":"鋳銭場"}],"0003":[{"pref":"宮城県","city":"石巻市","town":"井内"}],"0041":[{"pref":"宮城県","city":"石巻市","town":"伊原津"}],"0882":[{"pref":"宮城県","city":"石巻市","town":"浦屋敷南"}],"0813":[{"pref":"宮城県","city":"石巻市","town":"駅前北通り"}],"0005":[{"pref":"宮城県","city":"石巻市","town":"大瓜"}],"0854":[{"pref":"宮城県","city":"石巻市","town":"大街道北"}],"0859":[{"pref":"宮城県","city":"石巻市","town":"大街道西"}],"0855":[{"pref":"宮城県","city":"石巻市","town":"大街道東"}],"0856":[{"pref":"宮城県","city":"石巻市","town":"大街道南"}],"0838":[{"pref":"宮城県","city":"石巻市","town":"大手町"}],"0805":[{"pref":"宮城県","city":"石巻市","town":"大橋"}],"0121":[{"pref":"宮城県","city":"石巻市","town":"大森"}],"0113":[{"pref":"宮城県","city":"石巻市","town":"尾ノ崎"}],"0032":[{"pref":"宮城県","city":"石巻市","town":"開成"}],"0806":[{"pref":"宮城県","city":"石巻市","town":"開北"}],"0043":[{"pref":"宮城県","city":"石巻市","town":"鹿妻北"}],"0013":[{"pref":"宮城県","city":"石巻市","town":"鹿妻本町"}],"0042":[{"pref":"宮城県","city":"石巻市","town":"鹿妻南"}],"0853":[{"pref":"宮城県","city":"石巻市","town":"門脇"}],"0834":[{"pref":"宮城県","city":"石巻市","town":"門脇町"}],"0111":[{"pref":"宮城県","city":"石巻市","town":"釜谷"}],"0024":[{"pref":"宮城県","city":"石巻市","town":"川口町"}],"0204":[{"pref":"宮城県","city":"石巻市","town":"北上町女川"}],"0201":[{"pref":"宮城県","city":"石巻市","town":"北上町十三浜"}],"0203":[{"pref":"宮城県","city":"石巻市","town":"北上町長尾"}],"0202":[{"pref":"宮城県","city":"石巻市","town":"北上町橋浦"}],"0123":[{"pref":"宮城県","city":"石巻市","town":"北境"}],"0863":[{"pref":"宮城県","city":"石巻市","town":"向陽町"}],"0825":[{"pref":"宮城県","city":"石巻市","town":"穀町"}],"0132":[{"pref":"宮城県","city":"石巻市","town":"小船越"}],"0022":[{"pref":"宮城県","city":"石巻市","town":"魚町"}],"0104":[{"pref":"宮城県","city":"石巻市","town":"皿貝"}],"0842":[{"pref":"宮城県","city":"石巻市","town":"潮見町"}],"0844":[{"pref":"宮城県","city":"石巻市","town":"重吉町"}],"0871":[{"pref":"宮城県","city":"石巻市","town":"清水町"}],"0004":[{"pref":"宮城県","city":"石巻市","town":"新栄"}],"0864":[{"pref":"宮城県","city":"石巻市","town":"新境町"}],"0848":[{"pref":"宮城県","city":"石巻市","town":"新館"}],"0883":[{"pref":"宮城県","city":"石巻市","town":"新館南"}],"0878":[{"pref":"宮城県","city":"石巻市","town":"新橋"}],"0801":[{"pref":"宮城県","city":"石巻市","town":"水明北"}],"0802":[{"pref":"宮城県","city":"石巻市","town":"水明南"}],"0875":[{"pref":"宮城県","city":"石巻市","town":"末広町"}],"0821":[{"pref":"宮城県","city":"石巻市","town":"住吉町"}],"0827":[{"pref":"宮城県","city":"石巻市","town":"千石町"}],"0026":[{"pref":"宮城県","city":"石巻市","town":"大門町"}],"0006":[{"pref":"宮城県","city":"石巻市","town":"高木"}],"0023":[{"pref":"宮城県","city":"石巻市","town":"田代浜"}],"0824":[{"pref":"宮城県","city":"石巻市","town":"立町"}],"0872":[{"pref":"宮城県","city":"石巻市","town":"田道町"}],"0822":[{"pref":"宮城県","city":"石巻市","town":"中央"}],"0857":[{"pref":"宮城県","city":"石巻市","town":"築山"}],"0851":[{"pref":"宮城県","city":"石巻市","town":"貞山"}],"0847":[{"pref":"宮城県","city":"石巻市","town":"中浦"}],"0815":[{"pref":"宮城県","city":"石巻市","town":"中里"}],"0103":[{"pref":"宮城県","city":"石巻市","town":"中島"}],"0845":[{"pref":"宮城県","city":"石巻市","town":"中島町"}],"0823":[{"pref":"宮城県","city":"石巻市","town":"中瀬"}],"0112":[{"pref":"宮城県","city":"石巻市","town":"長面"}],"0105":[{"pref":"宮城県","city":"石巻市","town":"中野"}],"0849":[{"pref":"宮城県","city":"石巻市","town":"中屋敷"}],"0102":[{"pref":"宮城県","city":"石巻市","town":"成田"}],"0836":[{"pref":"宮城県","city":"石巻市","town":"南光町"}],"0877":[{"pref":"宮城県","city":"石巻市","town":"錦町"}],"0843":[{"pref":"宮城県","city":"石巻市","town":"西浜町"}],"0876":[{"pref":"宮城県","city":"石巻市","town":"西山町"}],"0860":[{"pref":"宮城県","city":"石巻市","town":"のぞみ野"}],"0831":[{"pref":"宮城県","city":"石巻市","town":"羽黒町"}],"0016":[{"pref":"宮城県","city":"石巻市","town":"八幡町"}],"0114":[{"pref":"宮城県","city":"石巻市","town":"針岡"}],"0812":[{"pref":"宮城県","city":"石巻市","town":"東中里"}],"0122":[{"pref":"宮城県","city":"石巻市","town":"東福田"}],"0841":[{"pref":"宮城県","city":"石巻市","town":"雲雀野町"}],"0833":[{"pref":"宮城県","city":"石巻市","town":"日和が丘"}],"0115":[{"pref":"宮城県","city":"石巻市","town":"福地"}],"0133":[{"pref":"宮城県","city":"石巻市","town":"二子"}],"0874":[{"pref":"宮城県","city":"石巻市","town":"双葉町"}],"0017":[{"pref":"宮城県","city":"石巻市","town":"不動町"}],"0861":[{"pref":"宮城県","city":"石巻市","town":"蛇田"}],"0106":[{"pref":"宮城県","city":"石巻市","town":"馬鞍"}],"0028":[{"pref":"宮城県","city":"石巻市","town":"松並"}],"0002":[{"pref":"宮城県","city":"石巻市","town":"真野"}],"0865":[{"pref":"宮城県","city":"石巻市","town":"丸井戸"}],"0846":[{"pref":"宮城県","city":"石巻市","town":"三河町"}],"0803":[{"pref":"宮城県","city":"石巻市","town":"水押"}],"0001":[{"pref":"宮城県","city":"石巻市","town":"水沼"}],"0033":[{"pref":"宮城県","city":"石巻市","town":"美園"}],"0858":[{"pref":"宮城県","city":"石巻市","town":"三ツ股"}],"0021":[{"pref":"宮城県","city":"石巻市","town":"緑町"}],"0011":[{"pref":"宮城県","city":"石巻市","town":"湊"}],"0025":[{"pref":"宮城県","city":"石巻市","town":"湊町"}],"0029":[{"pref":"宮城県","city":"石巻市","town":"湊西"}],"0031":[{"pref":"宮城県","city":"石巻市","town":"南境"}],"0814":[{"pref":"宮城県","city":"石巻市","town":"南中里"}],"0835":[{"pref":"宮城県","city":"石巻市","town":"南浜町"}],"0852":[{"pref":"宮城県","city":"石巻市","town":"南谷地"}],"0124":[{"pref":"宮城県","city":"石巻市","town":"三輪田"}],"0027":[{"pref":"宮城県","city":"石巻市","town":"明神町"}],"0881":[{"pref":"宮城県","city":"石巻市","town":"明神南"}],"0868":[{"pref":"宮城県","city":"石巻市","town":"恵み野"}],"0811":[{"pref":"宮城県","city":"石巻市","town":"元倉"}],"0305":[{"pref":"宮城県","city":"石巻市","town":"桃生町牛田"}],"0311":[{"pref":"宮城県","city":"石巻市","town":"桃生町太田"}],"0304":[{"pref":"宮城県","city":"石巻市","town":"桃生町樫崎"}],"0323":[{"pref":"宮城県","city":"石巻市","town":"桃生町神取"}],"0322":[{"pref":"宮城県","city":"石巻市","town":"桃生町給人町"}],"0302":[{"pref":"宮城県","city":"石巻市","town":"桃生町倉埣"}],"0312":[{"pref":"宮城県","city":"石巻市","town":"桃生町城内"}],"0321":[{"pref":"宮城県","city":"石巻市","town":"桃生町新田"}],"0324":[{"pref":"宮城県","city":"石巻市","town":"桃生町高須賀"}],"0314":[{"pref":"宮城県","city":"石巻市","town":"桃生町寺崎"}],"0303":[{"pref":"宮城県","city":"石巻市","town":"桃生町永井"}],"0313":[{"pref":"宮城県","city":"石巻市","town":"桃生町中津山"}],"0301":[{"pref":"宮城県","city":"石巻市","town":"桃生町脇谷"}],"0873":[{"pref":"宮城県","city":"石巻市","town":"山下町"}],"0015":[{"pref":"宮城県","city":"石巻市","town":"吉野町"}],"0837":[{"pref":"宮城県","city":"石巻市","town":"宜山町"}],"0867":[{"pref":"宮城県","city":"石巻市","town":"わかば"}],"0401":[{"pref":"宮城県","city":"登米市","town":"津山町柳津"}],"0402":[{"pref":"宮城県","city":"登米市","town":"津山町横山"}],"0700":[{"pref":"宮城県","city":"本吉郡南三陸町","town":"以下に掲載がない場合"}],"0782":[{"pref":"宮城県","city":"本吉郡南三陸町","town":"入谷"}],"0772":[{"pref":"宮城県","city":"本吉郡南三陸町","town":"志津川秋目川"}],"0733":[{"pref":"宮城県","city":"本吉郡南三陸町","town":"志津川旭ケ浦"}],"0705":[{"pref":"宮城県","city":"本吉郡南三陸町","town":"志津川阿曽"}],"0707":[{"pref":"宮城県","city":"本吉郡南三陸町","town":"志津川荒坂"}],"0726":[{"pref":"宮城県","city":"本吉郡南三陸町","town":"志津川磯の沢"}],"0752":[{"pref":"宮城県","city":"本吉郡南三陸町","town":"志津川五日町"}],"0709":[{"pref":"宮城県","city":"本吉郡南三陸町","town":"志津川内井田"}],"0764":[{"pref":"宮城県","city":"本吉郡南三陸町","town":"志津川大久保"}],"0771":[{"pref":"宮城県","city":"本吉郡南三陸町","town":"志津川大沢"}],"0718":[{"pref":"宮城県","city":"本吉郡南三陸町","town":"志津川大畑"}],"0731":[{"pref":"宮城県","city":"本吉郡南三陸町","town":"志津川大森"}],"0732":[{"pref":"宮城県","city":"本吉郡南三陸町","town":"志津川大森町"}],"0714":[{"pref":"宮城県","city":"本吉郡南三陸町","town":"志津川蒲の沢"}],"0751":[{"pref":"宮城県","city":"本吉郡南三陸町","town":"志津川上の山"}],"0777":[{"pref":"宮城県","city":"本吉郡南三陸町","town":"志津川上保呂毛"}],"0712":[{"pref":"宮城県","city":"本吉郡南三陸町","town":"志津川北の又"}],"0773":[{"pref":"宮城県","city":"本吉郡南三陸町","town":"志津川熊田"}],"0766":[{"pref":"宮城県","city":"本吉郡南三陸町","town":"志津川黒崎"}],"0768":[{"pref":"宮城県","city":"本吉郡南三陸町","town":"志津川御前下"}],"0721":[{"pref":"宮城県","city":"本吉郡南三陸町","town":"志津川米広"}],"0774":[{"pref":"宮城県","city":"本吉郡南三陸町","town":"志津川小森"}],"0711":[{"pref":"宮城県","city":"本吉郡南三陸町","town":"志津川権現"}],"0762":[{"pref":"宮城県","city":"本吉郡南三陸町","town":"志津川塩入"}],"0763":[{"pref":"宮城県","city":"本吉郡南三陸町","town":"志津川汐見町"}],"0706":[{"pref":"宮城県","city":"本吉郡南三陸町","town":"志津川清水浜"}],"0778":[{"pref":"宮城県","city":"本吉郡南三陸町","town":"志津川下保呂毛"}],"0703":[{"pref":"宮城県","city":"本吉郡南三陸町","town":"志津川蛇王"}],"0753":[{"pref":"宮城県","city":"本吉郡南三陸町","town":"志津川城場"}],"0754":[{"pref":"宮城県","city":"本吉郡南三陸町","town":"志津川助作"}],"0717":[{"pref":"宮城県","city":"本吉郡南三陸町","town":"志津川袖浜"}],"0722":[{"pref":"宮城県","city":"本吉郡南三陸町","town":"志津川大上坊"}],"0776":[{"pref":"宮城県","city":"本吉郡南三陸町","town":"志津川竹川原"}],"0779":[{"pref":"宮城県","city":"本吉郡南三陸町","town":"志津川田尻畑"}],"0723":[{"pref":"宮城県","city":"本吉郡南三陸町","town":"志津川立沢"}],"0728":[{"pref":"宮城県","city":"本吉郡南三陸町","town":"志津川天王山"}],"0729":[{"pref":"宮城県","city":"本吉郡南三陸町","town":"志津川天王前"}],"0741":[{"pref":"宮城県","city":"本吉郡南三陸町","town":"志津川十日町"}],"0767":[{"pref":"宮城県","city":"本吉郡南三陸町","town":"志津川中瀬町"}],"0727":[{"pref":"宮城県","city":"本吉郡南三陸町","town":"志津川新井田"}],"0701":[{"pref":"宮城県","city":"本吉郡南三陸町","town":"志津川西田"}],"0725":[{"pref":"宮城県","city":"本吉郡南三陸町","town":"志津川沼田"}],"0765":[{"pref":"宮城県","city":"本吉郡南三陸町","town":"志津川林"}],"0716":[{"pref":"宮城県","city":"本吉郡南三陸町","town":"志津川平磯"}],"0724":[{"pref":"宮城県","city":"本吉郡南三陸町","town":"志津川平井田"}],"0713":[{"pref":"宮城県","city":"本吉郡南三陸町","town":"志津川平貝"}],"0715":[{"pref":"宮城県","city":"本吉郡南三陸町","town":"志津川深田"}],"0702":[{"pref":"宮城県","city":"本吉郡南三陸町","town":"志津川細浦"}],"0708":[{"pref":"宮城県","city":"本吉郡南三陸町","town":"志津川松井田"}],"0775":[{"pref":"宮城県","city":"本吉郡南三陸町","town":"志津川廻館"}],"0761":[{"pref":"宮城県","city":"本吉郡南三陸町","town":"志津川廻館前"}],"0743":[{"pref":"宮城県","city":"本吉郡南三陸町","town":"志津川南町"}],"0742":[{"pref":"宮城県","city":"本吉郡南三陸町","town":"志津川本浜町"}],"0704":[{"pref":"宮城県","city":"本吉郡南三陸町","town":"志津川森山"}],"0781":[{"pref":"宮城県","city":"本吉郡南三陸町","town":"戸倉"}]}