{"0000":[{"pref":"大阪府","city":"大阪市鶴見区","town":"以下に掲載がない場合"}],"0042":[{"pref":"大阪府","city":"大阪市鶴見区","town":"今津中"}],"0043":[{"pref":"大阪府","city":"大阪市鶴見区","town":"今津南"}],"0041":[{"pref":"大阪府","city":"大阪市鶴見区","town":"今津北"}],"0053":[{"pref":"大阪府","city":"大阪市鶴見区","town":"鶴見"}],"0034":[{"pref":"大阪府","city":"大阪市鶴見区","town":"徳庵"}],"0033":[{"pref":"大阪府","city":"大阪市鶴見区","town":"中茶屋"}],"0044":[{"pref":"大阪府","city":"大阪市鶴見区","town":"放出東"}],"0035":[{"pref":"大阪府","city":"大阪市鶴見区","town":"浜"}],"0031":[{"pref":"大阪府","city":"大阪市鶴見区","town":"茨田大宮"}],"0054":[{"pref":"大阪府","city":"大阪市鶴見区","town":"緑"}],"0051":[{"pref":"大阪府","city":"大阪市鶴見区","town":"諸口"}],"0037":[{"pref":"大阪府","city":"大阪市鶴見区","town":"焼野"}],"0032":[{"pref":"大阪府","city":"大阪市鶴見区","town":"安田"}],"0052":[{"pref":"大阪府","city":"大阪市鶴見区","town":"横堤"}],"0036":[{"pref":"大阪府","city":"大阪市鶴見区","town":"緑地公園"}]}