{"0000":[{"pref":"兵庫県","city":"西宮市","town":"以下に掲載がない場合"}],"0063":[{"pref":"兵庫県","city":"西宮市","town":"相生町"}],"0862":[{"pref":"兵庫県","city":"西宮市","town":"青木町"}],"0925":[{"pref":"兵庫県","city":"西宮市","town":"朝凪町"}],"0842":[{"pref":"兵庫県","city":"西宮市","town":"芦原町"}],"0871":[{"pref":"兵庫県","city":"西宮市","town":"愛宕山"}],"0946":[{"pref":"兵庫県","city":"西宮市","town":"荒戎町"}],"0911":[{"pref":"兵庫県","city":"西宮市","town":"池田町"}],"0928":[{"pref":"兵庫県","city":"西宮市","town":"石在町"}],"0074":[{"pref":"兵庫県","city":"西宮市","town":"石刎町"}],"0932":[{"pref":"兵庫県","city":"西宮市","town":"泉町"}],"0873":[{"pref":"兵庫県","city":"西宮市","town":"一ケ谷町"}],"0975":[{"pref":"兵庫県","city":"西宮市","town":"市庭町"}],"0972":[{"pref":"兵庫県","city":"西宮市","town":"今在家町"}],"0886":[{"pref":"兵庫県","city":"西宮市","town":"上ケ原山田町"}],"0885":[{"pref":"兵庫県","city":"西宮市","town":"上ケ原山手町"}],"0891":[{"pref":"兵庫県","city":"西宮市","town":"上ケ原一番町"}],"0892":[{"pref":"兵庫県","city":"西宮市","town":"上ケ原二番町"}],"0893":[{"pref":"兵庫県","city":"西宮市","town":"上ケ原三番町"}],"0894":[{"pref":"兵庫県","city":"西宮市","town":"上ケ原四番町"}],"0895":[{"pref":"兵庫県","city":"西宮市","town":"上ケ原五番町"}],"0896":[{"pref":"兵庫県","city":"西宮市","town":"上ケ原六番町"}],"0881":[{"pref":"兵庫県","city":"西宮市","town":"上ケ原七番町"}],"0882":[{"pref":"兵庫県","city":"西宮市","town":"上ケ原八番町"}],"0883":[{"pref":"兵庫県","city":"西宮市","town":"上ケ原九番町"}],"0884":[{"pref":"兵庫県","city":"西宮市","town":"上ケ原十番町"}],"0855":[{"pref":"兵庫県","city":"西宮市","town":"江上町"}],"0085":[{"pref":"兵庫県","city":"西宮市","town":"老松町"}],"0036":[{"pref":"兵庫県","city":"西宮市","town":"大井手町"}],"0054":[{"pref":"兵庫県","city":"西宮市","town":"大谷町"}],"0836":[{"pref":"兵庫県","city":"西宮市","town":"大畑町"}],"0957":[{"pref":"兵庫県","city":"西宮市","town":"大浜町"}],"0827":[{"pref":"兵庫県","city":"西宮市","town":"岡田山"}],"0022":[{"pref":"兵庫県","city":"西宮市","town":"奥畑"}],"0961":[{"pref":"兵庫県","city":"西宮市","town":"御茶家所町"}],"0977":[{"pref":"兵庫県","city":"西宮市","town":"神楽町"}],"0052":[{"pref":"兵庫県","city":"西宮市","town":"霞町"}],"0001":[{"pref":"兵庫県","city":"西宮市","town":"甲山町"}],"0865":[{"pref":"兵庫県","city":"西宮市","town":"神垣町"}],"0813":[{"pref":"兵庫県","city":"西宮市","town":"上甲東園"}],"0027":[{"pref":"兵庫県","city":"西宮市","town":"神園町"}],"0954":[{"pref":"兵庫県","city":"西宮市","town":"上葭原町"}],"0097":[{"pref":"兵庫県","city":"西宮市","town":"柏堂町"}],"0098":[{"pref":"兵庫県","city":"西宮市","town":"柏堂西町"}],"0944":[{"pref":"兵庫県","city":"西宮市","town":"川添町"}],"0951":[{"pref":"兵庫県","city":"西宮市","town":"川西町"}],"0861":[{"pref":"兵庫県","city":"西宮市","town":"河原町"}],"0945":[{"pref":"兵庫県","city":"西宮市","town":"川東町"}],"0823":[{"pref":"兵庫県","city":"西宮市","town":"神呪町"}],"0021":[{"pref":"兵庫県","city":"西宮市","town":"神原"}],"0078":[{"pref":"兵庫県","city":"西宮市","town":"菊谷町"}],"0062":[{"pref":"兵庫県","city":"西宮市","town":"木津山町"}],"0833":[{"pref":"兵庫県","city":"西宮市","town":"北昭和町"}],"0025":[{"pref":"兵庫県","city":"西宮市","town":"北名次町"}],"0091":[{"pref":"兵庫県","city":"西宮市","town":"北山町"}],"0077":[{"pref":"兵庫県","city":"西宮市","town":"久出ケ谷町"}],"0927":[{"pref":"兵庫県","city":"西宮市","town":"久保町"}],"0064":[{"pref":"兵庫県","city":"西宮市","town":"雲井町"}],"0926":[{"pref":"兵庫県","city":"西宮市","town":"鞍掛町"}],"0083":[{"pref":"兵庫県","city":"西宮市","town":"苦楽園一番町"}],"0082":[{"pref":"兵庫県","city":"西宮市","town":"苦楽園二番町"}],"0081":[{"pref":"兵庫県","city":"西宮市","town":"苦楽園三番町"}],"0088":[{"pref":"兵庫県","city":"西宮市","town":"苦楽園四番町"}],"0087":[{"pref":"兵庫県","city":"西宮市","town":"苦楽園五番町"}],"0086":[{"pref":"兵庫県","city":"西宮市","town":"苦楽園六番町"}],"0037":[{"pref":"兵庫県","city":"西宮市","town":"結善町"}],"0099":[{"pref":"兵庫県","city":"西宮市","town":"剣谷町"}],"0812":[{"pref":"兵庫県","city":"西宮市","town":"甲東園"}],"0832":[{"pref":"兵庫県","city":"西宮市","town":"甲風園"}],"0965":[{"pref":"兵庫県","city":"西宮市","town":"郷免町"}],"0018":[{"pref":"兵庫県","city":"西宮市","town":"甲陽園山王町"}],"0012":[{"pref":"兵庫県","city":"西宮市","town":"甲陽園東山町"}],"0017":[{"pref":"兵庫県","city":"西宮市","town":"甲陽園西山町"}],"0014":[{"pref":"兵庫県","city":"西宮市","town":"甲陽園日之出町"}],"0015":[{"pref":"兵庫県","city":"西宮市","town":"甲陽園本庄町"}],"0011":[{"pref":"兵庫県","city":"西宮市","town":"甲陽園目神山町"}],"0016":[{"pref":"兵庫県","city":"西宮市","town":"甲陽園若江町"}],"0092":[{"pref":"兵庫県","city":"西宮市","town":"甑岩町"}],"0006":[{"pref":"兵庫県","city":"西宮市","town":"越水社家郷山"}],"0864":[{"pref":"兵庫県","city":"西宮市","town":"越水町"}],"0047":[{"pref":"兵庫県","city":"西宮市","town":"寿町"}],"0844":[{"pref":"兵庫県","city":"西宮市","town":"西福町"}],"0032":[{"pref":"兵庫県","city":"西宮市","town":"桜谷町"}],"0071":[{"pref":"兵庫県","city":"西宮市","town":"桜町"}],"0875":[{"pref":"兵庫県","city":"西宮市","town":"五月ケ丘"}],"0978":[{"pref":"兵庫県","city":"西宮市","town":"産所町"}],"0026":[{"pref":"兵庫県","city":"西宮市","town":"獅子ケ口町"}],"0033":[{"pref":"兵庫県","city":"西宮市","town":"清水町"}],"0956":[{"pref":"兵庫県","city":"西宮市","town":"下葭原町"}],"0974":[{"pref":"兵庫県","city":"西宮市","town":"社家町"}],"0004":[{"pref":"兵庫県","city":"西宮市","town":"鷲林寺"}],"0003":[{"pref":"兵庫県","city":"西宮市","town":"鷲林寺町"}],"0002":[{"pref":"兵庫県","city":"西宮市","town":"鷲林寺南町"}],"0856":[{"pref":"兵庫県","city":"西宮市","town":"城ケ堀町"}],"0822":[{"pref":"兵庫県","city":"西宮市","town":"松籟荘"}],"0023":[{"pref":"兵庫県","city":"西宮市","town":"城山"}],"0843":[{"pref":"兵庫県","city":"西宮市","town":"神祇官町"}],"0013":[{"pref":"兵庫県","city":"西宮市","town":"新甲陽町"}],"0845":[{"pref":"兵庫県","city":"西宮市","town":"神明町"}],"0041":[{"pref":"兵庫県","city":"西宮市","town":"末広町"}],"0096":[{"pref":"兵庫県","city":"西宮市","town":"角石町"}],"0913":[{"pref":"兵庫県","city":"西宮市","town":"染殿町"}],"0867":[{"pref":"兵庫県","city":"西宮市","town":"大社町"}],"0872":[{"pref":"兵庫県","city":"西宮市","town":"高座町"}],"0066":[{"pref":"兵庫県","city":"西宮市","town":"高塚町"}],"0943":[{"pref":"兵庫県","city":"西宮市","town":"建石町"}],"0973":[{"pref":"兵庫県","city":"西宮市","town":"田中町"}],"0046":[{"pref":"兵庫県","city":"西宮市","town":"千歳町"}],"0853":[{"pref":"兵庫県","city":"西宮市","town":"津田町"}],"0043":[{"pref":"兵庫県","city":"西宮市","town":"常磐町"}],"0916":[{"pref":"兵庫県","city":"西宮市","town":"戸田町"}],"0065":[{"pref":"兵庫県","city":"西宮市","town":"殿山町"}],"0851":[{"pref":"兵庫県","city":"西宮市","town":"中須佐町"}],"0852":[{"pref":"兵庫県","city":"西宮市","town":"中殿町"}],"0952":[{"pref":"兵庫県","city":"西宮市","town":"中浜町"}],"0857":[{"pref":"兵庫県","city":"西宮市","town":"中前田町"}],"0868":[{"pref":"兵庫県","city":"西宮市","town":"中屋町"}],"0955":[{"pref":"兵庫県","city":"西宮市","town":"中葭原町"}],"0024":[{"pref":"兵庫県","city":"西宮市","town":"名次町"}],"0038":[{"pref":"兵庫県","city":"西宮市","town":"南郷町"}],"0814":[{"pref":"兵庫県","city":"西宮市","town":"仁川五ケ山町"}],"0815":[{"pref":"兵庫県","city":"西宮市","town":"仁川百合野町"}],"0811":[{"pref":"兵庫県","city":"西宮市","town":"仁川町"}],"0034":[{"pref":"兵庫県","city":"西宮市","town":"西田町"}],"0934":[{"pref":"兵庫県","city":"西宮市","town":"西宮浜"}],"0933":[{"pref":"兵庫県","city":"西宮市","town":"西波止町"}],"0093":[{"pref":"兵庫県","city":"西宮市","town":"西平町"}],"0838":[{"pref":"兵庫県","city":"西宮市","town":"能登町"}],"0051":[{"pref":"兵庫県","city":"西宮市","town":"羽衣町"}],"0854":[{"pref":"兵庫県","city":"西宮市","town":"櫨塚町"}],"0915":[{"pref":"兵庫県","city":"西宮市","town":"馬場町"}],"0942":[{"pref":"兵庫県","city":"西宮市","town":"浜町"}],"0923":[{"pref":"兵庫県","city":"西宮市","town":"浜松原町"}],"0941":[{"pref":"兵庫県","city":"西宮市","town":"浜脇町"}],"0924":[{"pref":"兵庫県","city":"西宮市","town":"東浜町"}],"0922":[{"pref":"兵庫県","city":"西宮市","town":"東町"}],"0094":[{"pref":"兵庫県","city":"西宮市","town":"毘沙門町"}],"0084":[{"pref":"兵庫県","city":"西宮市","town":"樋之池町"}],"0835":[{"pref":"兵庫県","city":"西宮市","town":"平木町"}],"0044":[{"pref":"兵庫県","city":"西宮市","town":"平松町"}],"0837":[{"pref":"兵庫県","city":"西宮市","town":"広田町"}],"0067":[{"pref":"兵庫県","city":"西宮市","town":"深谷町"}],"0042":[{"pref":"兵庫県","city":"西宮市","town":"分銅町"}],"0072":[{"pref":"兵庫県","city":"西宮市","town":"豊楽町"}],"0953":[{"pref":"兵庫県","city":"西宮市","town":"堀切町"}],"0914":[{"pref":"兵庫県","city":"西宮市","town":"本町"}],"0931":[{"pref":"兵庫県","city":"西宮市","town":"前浜町"}],"0076":[{"pref":"兵庫県","city":"西宮市","town":"松生町"}],"0073":[{"pref":"兵庫県","city":"西宮市","town":"松風町"}],"0061":[{"pref":"兵庫県","city":"西宮市","town":"松ケ丘町"}],"0962":[{"pref":"兵庫県","city":"西宮市","town":"松下町"}],"0053":[{"pref":"兵庫県","city":"西宮市","town":"松園町"}],"0912":[{"pref":"兵庫県","city":"西宮市","town":"松原町"}],"0831":[{"pref":"兵庫県","city":"西宮市","town":"丸橋町"}],"0031":[{"pref":"兵庫県","city":"西宮市","town":"満池谷町"}],"0095":[{"pref":"兵庫県","city":"西宮市","town":"美作町"}],"0075":[{"pref":"兵庫県","city":"西宮市","town":"南越木岩町"}],"0834":[{"pref":"兵庫県","city":"西宮市","town":"南昭和町"}],"0976":[{"pref":"兵庫県","city":"西宮市","town":"宮西町"}],"0947":[{"pref":"兵庫県","city":"西宮市","town":"宮前町"}],"0863":[{"pref":"兵庫県","city":"西宮市","town":"室川町"}],"0846":[{"pref":"兵庫県","city":"西宮市","town":"森下町"}],"0826":[{"pref":"兵庫県","city":"西宮市","town":"門戸岡田町"}],"0824":[{"pref":"兵庫県","city":"西宮市","town":"門戸東町"}],"0828":[{"pref":"兵庫県","city":"西宮市","town":"門戸西町"}],"0825":[{"pref":"兵庫県","city":"西宮市","town":"門戸荘"}],"0963":[{"pref":"兵庫県","city":"西宮市","town":"屋敷町"}],"0045":[{"pref":"兵庫県","city":"西宮市","town":"安井町"}],"0866":[{"pref":"兵庫県","city":"西宮市","town":"柳本町"}],"0005":[{"pref":"兵庫県","city":"西宮市","town":"湯元町"}],"0964":[{"pref":"兵庫県","city":"西宮市","town":"弓場町"}],"0921":[{"pref":"兵庫県","city":"西宮市","town":"用海町"}],"0917":[{"pref":"兵庫県","city":"西宮市","town":"与古道町"}],"0841":[{"pref":"兵庫県","city":"西宮市","town":"両度町"}],"0918":[{"pref":"兵庫県","city":"西宮市","town":"六湛寺町"}],"0874":[{"pref":"兵庫県","city":"西宮市","town":"六軒町"}],"0035":[{"pref":"兵庫県","city":"西宮市","town":"若松町"}],"0971":[{"pref":"兵庫県","city":"西宮市","town":"和上町"}]}