{"0042":[{"pref":"東京都","city":"目黒区","town":"青葉台"}],"0044":[{"pref":"東京都","city":"目黒区","town":"大橋"}],"0051":[{"pref":"東京都","city":"目黒区","town":"上目黒"}],"0053":[{"pref":"東京都","city":"目黒区","town":"五本木"}],"0041":[{"pref":"東京都","city":"目黒区","town":"駒場"}],"0064":[{"pref":"東京都","city":"目黒区","town":"下目黒"}],"0065":[{"pref":"東京都","city":"目黒区","town":"中町"}],"0061":[{"pref":"東京都","city":"目黒区","town":"中目黒"}],"0043":[{"pref":"東京都","city":"目黒区","town":"東山"}],"0062":[{"pref":"東京都","city":"目黒区","town":"三田"}],"0063":[{"pref":"東京都","city":"目黒区","town":"目黒"}],"0052":[{"pref":"東京都","city":"目黒区","town":"祐天寺"}]}