{"1100":[{"pref":"宮崎県","city":"東臼杵郡美郷町","town":"以下に掲載がない場合"}],"1101":[{"pref":"宮崎県","city":"東臼杵郡美郷町","town":"西郷田代"}],"1102":[{"pref":"宮崎県","city":"東臼杵郡美郷町","town":"西郷立石"}],"1211":[{"pref":"宮崎県","city":"東臼杵郡美郷町","town":"西郷山三ヶ"}],"1212":[{"pref":"宮崎県","city":"東臼杵郡美郷町","town":"西郷小原"}],"1300":[{"pref":"宮崎県","city":"東臼杵郡諸塚村","town":"以下に掲載がない場合"}],"1301":[{"pref":"宮崎県","city":"東臼杵郡諸塚村","town":"家代"}],"1302":[{"pref":"宮崎県","city":"東臼杵郡諸塚村","town":"七ツ山（その他）"}],"1402":[{"pref":"宮崎県","city":"東臼杵郡諸塚村","town":"七ツ山（飯干、小原井、川内、立岩、八重の平、本村）"}],"1600":[{"pref":"宮崎県","city":"東臼杵郡椎葉村","town":"以下に掲載がない場合"}],"1601":[{"pref":"宮崎県","city":"東臼杵郡椎葉村","town":"下福良"}],"1602":[{"pref":"宮崎県","city":"東臼杵郡椎葉村","town":"大河内（その他）"}],"1603":[{"pref":"宮崎県","city":"東臼杵郡椎葉村","town":"不土野"}],"1604":[{"pref":"宮崎県","city":"東臼杵郡椎葉村","town":"松尾"}],"0000":[{"pref":"宮崎県","city":"日向市","town":"以下に掲載がない場合"}],"0003":[{"pref":"宮崎県","city":"日向市","town":"伊勢ケ浜"}],"0044":[{"pref":"宮崎県","city":"日向市","town":"上町"}],"0012":[{"pref":"宮崎県","city":"日向市","town":"江良町"}],"0053":[{"pref":"宮崎県","city":"日向市","town":"梶木町"}],"0066":[{"pref":"宮崎県","city":"日向市","town":"亀崎"}],"0068":[{"pref":"宮崎県","city":"日向市","town":"亀崎西"}],"0067":[{"pref":"宮崎県","city":"日向市","town":"亀崎東"}],"0041":[{"pref":"宮崎県","city":"日向市","town":"北町"}],"0038":[{"pref":"宮崎県","city":"日向市","town":"迎洋園"}],"0021":[{"pref":"宮崎県","city":"日向市","town":"財光寺"}],"0024":[{"pref":"宮崎県","city":"日向市","town":"財光寺往還町"}],"0023":[{"pref":"宮崎県","city":"日向市","town":"財光寺沖町"}],"0033":[{"pref":"宮崎県","city":"日向市","town":"塩見"}],"0013":[{"pref":"宮崎県","city":"日向市","town":"新生町"}],"0011":[{"pref":"宮崎県","city":"日向市","town":"曽根町"}],"0061":[{"pref":"宮崎県","city":"日向市","town":"大王町"}],"0042":[{"pref":"宮崎県","city":"日向市","town":"高砂町"}],"0063":[{"pref":"宮崎県","city":"日向市","town":"竹島町"}],"0052":[{"pref":"宮崎県","city":"日向市","town":"鶴町"}],"0111":[{"pref":"宮崎県","city":"日向市","town":"東郷町迫野内"}],"0213":[{"pref":"宮崎県","city":"日向市","town":"東郷町下三ケ"}],"0211":[{"pref":"宮崎県","city":"日向市","town":"東郷町坪谷"}],"0108":[{"pref":"宮崎県","city":"日向市","town":"東郷町八重原"}],"0109":[{"pref":"宮崎県","city":"日向市","town":"東郷町山陰"}],"0101":[{"pref":"宮崎県","city":"日向市","town":"東郷町山陰乙（その他）"}],"0105":[{"pref":"宮崎県","city":"日向市","town":"東郷町山陰己"}],"0107":[{"pref":"宮崎県","city":"日向市","town":"東郷町山陰庚"}],"0106":[{"pref":"宮崎県","city":"日向市","town":"東郷町山陰辛"}],"0103":[{"pref":"宮崎県","city":"日向市","town":"東郷町山陰丁"}],"0102":[{"pref":"宮崎県","city":"日向市","town":"東郷町山陰丙"}],"0104":[{"pref":"宮崎県","city":"日向市","town":"東郷町山陰戊（５１３の１以内）"}],"0212":[{"pref":"宮崎県","city":"日向市","town":"東郷町山陰戊（その他）"}],"0034":[{"pref":"宮崎県","city":"日向市","town":"富高"}],"0005":[{"pref":"宮崎県","city":"日向市","town":"中堀町"}],"0046":[{"pref":"宮崎県","city":"日向市","town":"中町"}],"0015":[{"pref":"宮崎県","city":"日向市","town":"永江町"}],"0004":[{"pref":"宮崎県","city":"日向市","town":"浜町"}],"0014":[{"pref":"宮崎県","city":"日向市","town":"原町"}],"0035":[{"pref":"宮崎県","city":"日向市","town":"春原町"}],"0062":[{"pref":"宮崎県","city":"日向市","town":"日知屋"}],"0064":[{"pref":"宮崎県","city":"日向市","town":"日知屋古田町"}],"0022":[{"pref":"宮崎県","city":"日向市","town":"平岩"}],"0031":[{"pref":"宮崎県","city":"日向市","town":"比良町"}],"0002":[{"pref":"宮崎県","city":"日向市","town":"平野町"}],"0037":[{"pref":"宮崎県","city":"日向市","town":"不動寺"}],"0065":[{"pref":"宮崎県","city":"日向市","town":"船場町"}],"0001":[{"pref":"宮崎県","city":"日向市","town":"細島"}],"0045":[{"pref":"宮崎県","city":"日向市","town":"本町"}],"0036":[{"pref":"宮崎県","city":"日向市","town":"南町"}],"0043":[{"pref":"宮崎県","city":"日向市","town":"都町"}],"0051":[{"pref":"宮崎県","city":"日向市","town":"向江町"}],"0032":[{"pref":"宮崎県","city":"日向市","town":"山下町"}],"0006":[{"pref":"宮崎県","city":"日向市","town":"山手町"}],"0402":[{"pref":"宮崎県","city":"東臼杵郡椎葉村","town":"大河内（１～１３０２番地）"}],"0303":[{"pref":"宮崎県","city":"東臼杵郡美郷町","town":"南郷上渡川"}],"0304":[{"pref":"宮崎県","city":"東臼杵郡美郷町","town":"南郷鬼神野"}],"0302":[{"pref":"宮崎県","city":"東臼杵郡美郷町","town":"南郷中渡川"}],"0306":[{"pref":"宮崎県","city":"東臼杵郡美郷町","town":"南郷神門"}],"0301":[{"pref":"宮崎県","city":"東臼杵郡美郷町","town":"南郷水清谷"}],"0305":[{"pref":"宮崎県","city":"東臼杵郡美郷町","town":"南郷山三ヶ"}]}