{"0000":[{"pref":"大阪府","city":"大阪市浪速区","town":"以下に掲載がない場合"}],"0029":[{"pref":"大阪府","city":"大阪市浪速区","town":"芦原"}],"0023":[{"pref":"大阪府","city":"大阪市浪速区","town":"稲荷"}],"0013":[{"pref":"大阪府","city":"大阪市浪速区","town":"戎本町"}],"0002":[{"pref":"大阪府","city":"大阪市浪速区","town":"恵美須東"}],"0003":[{"pref":"大阪府","city":"大阪市浪速区","town":"恵美須西"}],"0027":[{"pref":"大阪府","city":"大阪市浪速区","town":"木津川"}],"0028":[{"pref":"大阪府","city":"大阪市浪速区","town":"久保吉"}],"0021":[{"pref":"大阪府","city":"大阪市浪速区","town":"幸町"}],"0022":[{"pref":"大阪府","city":"大阪市浪速区","town":"桜川"}],"0024":[{"pref":"大阪府","city":"大阪市浪速区","town":"塩草"}],"0012":[{"pref":"大阪府","city":"大阪市浪速区","town":"敷津東"}],"0015":[{"pref":"大阪府","city":"大阪市浪速区","town":"敷津西"}],"0001":[{"pref":"大阪府","city":"大阪市浪速区","town":"下寺"}],"0014":[{"pref":"大阪府","city":"大阪市浪速区","town":"大国"}],"0020":[{"pref":"大阪府","city":"大阪市浪速区","town":"立葉"}],"0025":[{"pref":"大阪府","city":"大阪市浪速区","town":"浪速東"}],"0026":[{"pref":"大阪府","city":"大阪市浪速区","town":"浪速西"}],"0011":[{"pref":"大阪府","city":"大阪市浪速区","town":"難波中"}],"0005":[{"pref":"大阪府","city":"大阪市浪速区","town":"日本橋"}],"0006":[{"pref":"大阪府","city":"大阪市浪速区","town":"日本橋東"}],"0004":[{"pref":"大阪府","city":"大阪市浪速区","town":"日本橋西"}],"0017":[{"pref":"大阪府","city":"大阪市浪速区","town":"湊町"}],"0016":[{"pref":"大阪府","city":"大阪市浪速区","town":"元町"}]}