{"1201":[{"pref":"新潟県","city":"佐渡市","town":"安養寺"}],"1202":[{"pref":"新潟県","city":"佐渡市","town":"吉井本郷"}],"1203":[{"pref":"新潟県","city":"佐渡市","town":"吉井"}],"1204":[{"pref":"新潟県","city":"佐渡市","town":"三瀬川"}],"1205":[{"pref":"新潟県","city":"佐渡市","town":"水渡田"}],"1206":[{"pref":"新潟県","city":"佐渡市","town":"大和"}],"1207":[{"pref":"新潟県","city":"佐渡市","town":"貝塚"}],"1208":[{"pref":"新潟県","city":"佐渡市","town":"金井新保"}],"1209":[{"pref":"新潟県","city":"佐渡市","town":"千種"}],"1211":[{"pref":"新潟県","city":"佐渡市","town":"中興"}],"1212":[{"pref":"新潟県","city":"佐渡市","town":"泉"}],"1213":[{"pref":"新潟県","city":"佐渡市","town":"平清水"}],"1301":[{"pref":"新潟県","city":"佐渡市","town":"真光寺"}],"1302":[{"pref":"新潟県","city":"佐渡市","town":"市野沢"}],"1303":[{"pref":"新潟県","city":"佐渡市","town":"上矢馳"}],"1304":[{"pref":"新潟県","city":"佐渡市","town":"下長木"}],"1305":[{"pref":"新潟県","city":"佐渡市","town":"上長木"}],"1306":[{"pref":"新潟県","city":"佐渡市","town":"長木"}],"1307":[{"pref":"新潟県","city":"佐渡市","town":"東大通"}],"1308":[{"pref":"新潟県","city":"佐渡市","town":"二宮"}],"1311":[{"pref":"新潟県","city":"佐渡市","town":"八幡"}],"1312":[{"pref":"新潟県","city":"佐渡市","town":"八幡新町"}],"1313":[{"pref":"新潟県","city":"佐渡市","town":"八幡町"}],"1314":[{"pref":"新潟県","city":"佐渡市","town":"河原田本町"}],"1315":[{"pref":"新潟県","city":"佐渡市","town":"河原田諏訪町"}],"1321":[{"pref":"新潟県","city":"佐渡市","town":"山田"}],"1322":[{"pref":"新潟県","city":"佐渡市","town":"石田"}],"1323":[{"pref":"新潟県","city":"佐渡市","town":"鍛冶町"}],"1324":[{"pref":"新潟県","city":"佐渡市","town":"中原"}],"1325":[{"pref":"新潟県","city":"佐渡市","town":"窪田"}],"1326":[{"pref":"新潟県","city":"佐渡市","town":"青野"}],"1431":[{"pref":"新潟県","city":"佐渡市","town":"沢根炭屋町"}],"1432":[{"pref":"新潟県","city":"佐渡市","town":"沢根五十里"}],"1433":[{"pref":"新潟県","city":"佐渡市","town":"沢根篭町"}],"1434":[{"pref":"新潟県","city":"佐渡市","town":"沢根町"}],"1435":[{"pref":"新潟県","city":"佐渡市","town":"沢根"}],"1501":[{"pref":"新潟県","city":"佐渡市","town":"下相川"}],"1502":[{"pref":"新潟県","city":"佐渡市","town":"相川水金町"}],"1503":[{"pref":"新潟県","city":"佐渡市","town":"相川柴町"}],"1504":[{"pref":"新潟県","city":"佐渡市","town":"相川下山之神町"}],"1505":[{"pref":"新潟県","city":"佐渡市","town":"相川坂下町"}],"1506":[{"pref":"新潟県","city":"佐渡市","town":"相川炭屋町"}],"1507":[{"pref":"新潟県","city":"佐渡市","town":"相川紙屋町"}],"1508":[{"pref":"新潟県","city":"佐渡市","town":"相川大間町"}],"1511":[{"pref":"新潟県","city":"佐渡市","town":"相川栄町"}],"1512":[{"pref":"新潟県","city":"佐渡市","town":"相川板町"}],"1513":[{"pref":"新潟県","city":"佐渡市","town":"相川濁川町"}],"1514":[{"pref":"新潟県","city":"佐渡市","town":"相川小六町"}],"1515":[{"pref":"新潟県","city":"佐渡市","town":"相川新西坂町"}],"1516":[{"pref":"新潟県","city":"佐渡市","town":"相川西坂町"}],"1517":[{"pref":"新潟県","city":"佐渡市","town":"相川石扣町"}],"1518":[{"pref":"新潟県","city":"佐渡市","town":"相川材木町"}],"1521":[{"pref":"新潟県","city":"佐渡市","town":"相川夕白町"}],"1522":[{"pref":"新潟県","city":"佐渡市","town":"相川上京町"}],"1523":[{"pref":"新潟県","city":"佐渡市","town":"相川新五郎町"}],"1524":[{"pref":"新潟県","city":"佐渡市","town":"相川大工町"}],"1525":[{"pref":"新潟県","city":"佐渡市","town":"相川諏訪町"}],"1526":[{"pref":"新潟県","city":"佐渡市","town":"相川中寺町"}],"1527":[{"pref":"新潟県","city":"佐渡市","town":"相川左門町"}],"1528":[{"pref":"新潟県","city":"佐渡市","town":"相川六右衛門町"}],"1531":[{"pref":"新潟県","city":"佐渡市","town":"相川広間町"}],"1532":[{"pref":"新潟県","city":"佐渡市","town":"相川弥十郎町"}],"1533":[{"pref":"新潟県","city":"佐渡市","town":"相川米屋町"}],"1534":[{"pref":"新潟県","city":"佐渡市","town":"相川大床屋町"}],"1535":[{"pref":"新潟県","city":"佐渡市","town":"相川中京町"}],"1536":[{"pref":"新潟県","city":"佐渡市","town":"相川下京町"}],"1537":[{"pref":"新潟県","city":"佐渡市","town":"相川会津町"}],"1538":[{"pref":"新潟県","city":"佐渡市","town":"相川四十物町"}],"1539":[{"pref":"新潟県","city":"佐渡市","town":"相川北沢町"}],"1541":[{"pref":"新潟県","city":"佐渡市","town":"相川新材木町"}],"1542":[{"pref":"新潟県","city":"佐渡市","town":"相川塩屋町"}],"1543":[{"pref":"新潟県","city":"佐渡市","town":"相川長坂町"}],"1544":[{"pref":"新潟県","city":"佐渡市","town":"相川味噌屋町"}],"1545":[{"pref":"新潟県","city":"佐渡市","town":"相川八百屋町"}],"1546":[{"pref":"新潟県","city":"佐渡市","town":"相川南沢町"}],"1547":[{"pref":"新潟県","city":"佐渡市","town":"相川江戸沢町"}],"1548":[{"pref":"新潟県","city":"佐渡市","town":"相川羽田町"}],"1551":[{"pref":"新潟県","city":"佐渡市","town":"相川下寺町"}],"1552":[{"pref":"新潟県","city":"佐渡市","town":"相川一町目裏町"}],"1553":[{"pref":"新潟県","city":"佐渡市","town":"相川五郎左衛門町"}],"1554":[{"pref":"新潟県","city":"佐渡市","town":"相川二町目新浜町"}],"1555":[{"pref":"新潟県","city":"佐渡市","town":"相川二町目浜町"}],"1556":[{"pref":"新潟県","city":"佐渡市","town":"相川一町目浜町"}],"1557":[{"pref":"新潟県","city":"佐渡市","town":"相川一町目"}],"1558":[{"pref":"新潟県","city":"佐渡市","town":"相川二町目"}],"1561":[{"pref":"新潟県","city":"佐渡市","town":"相川三町目新浜町"}],"1562":[{"pref":"新潟県","city":"佐渡市","town":"相川三町目浜町"}],"1563":[{"pref":"新潟県","city":"佐渡市","town":"相川三町目"}],"1564":[{"pref":"新潟県","city":"佐渡市","town":"相川四町目"}],"1565":[{"pref":"新潟県","city":"佐渡市","town":"相川馬町"}],"1566":[{"pref":"新潟県","city":"佐渡市","town":"相川市町"}],"1567":[{"pref":"新潟県","city":"佐渡市","town":"相川四町目浜町"}],"1568":[{"pref":"新潟県","city":"佐渡市","town":"相川新浜町"}],"1571":[{"pref":"新潟県","city":"佐渡市","town":"相川下戸浜町"}],"1572":[{"pref":"新潟県","city":"佐渡市","town":"相川羽田村"}],"1573":[{"pref":"新潟県","city":"佐渡市","town":"相川下戸炭屋裏町"}],"1574":[{"pref":"新潟県","city":"佐渡市","town":"相川海士町"}],"1575":[{"pref":"新潟県","city":"佐渡市","town":"相川下戸町"}],"1581":[{"pref":"新潟県","city":"佐渡市","town":"相川下戸炭屋町"}],"1582":[{"pref":"新潟県","city":"佐渡市","town":"相川下戸村"}],"1583":[{"pref":"新潟県","city":"佐渡市","town":"相川鹿伏"}],"1584":[{"pref":"新潟県","city":"佐渡市","town":"相川下戸炭屋浜町"}],"1641":[{"pref":"新潟県","city":"佐渡市","town":"二見"}],"1642":[{"pref":"新潟県","city":"佐渡市","town":"米郷"}],"1643":[{"pref":"新潟県","city":"佐渡市","town":"稲鯨"}],"1644":[{"pref":"新潟県","city":"佐渡市","town":"橘"}],"1645":[{"pref":"新潟県","city":"佐渡市","town":"高瀬"}],"1646":[{"pref":"新潟県","city":"佐渡市","town":"相川大浦"}],"2131":[{"pref":"新潟県","city":"佐渡市","town":"戸中"}],"2132":[{"pref":"新潟県","city":"佐渡市","town":"戸地"}],"2133":[{"pref":"新潟県","city":"佐渡市","town":"北狄"}],"2134":[{"pref":"新潟県","city":"佐渡市","town":"姫津"}],"2135":[{"pref":"新潟県","city":"佐渡市","town":"達者"}],"2136":[{"pref":"新潟県","city":"佐渡市","town":"小川"}],"2201":[{"pref":"新潟県","city":"佐渡市","town":"岩谷口"}],"2202":[{"pref":"新潟県","city":"佐渡市","town":"五十浦"}],"2203":[{"pref":"新潟県","city":"佐渡市","town":"関"}],"2204":[{"pref":"新潟県","city":"佐渡市","town":"矢柄"}],"2205":[{"pref":"新潟県","city":"佐渡市","town":"大倉"}],"2206":[{"pref":"新潟県","city":"佐渡市","town":"小田"}],"2211":[{"pref":"新潟県","city":"佐渡市","town":"石名"}],"2212":[{"pref":"新潟県","city":"佐渡市","town":"小野見"}],"2213":[{"pref":"新潟県","city":"佐渡市","town":"北田野浦"}],"2214":[{"pref":"新潟県","city":"佐渡市","town":"高千"}],"2215":[{"pref":"新潟県","city":"佐渡市","town":"入川"}],"2221":[{"pref":"新潟県","city":"佐渡市","town":"北立島"}],"2222":[{"pref":"新潟県","city":"佐渡市","town":"北川内"}],"2223":[{"pref":"新潟県","city":"佐渡市","town":"後尾"}],"2224":[{"pref":"新潟県","city":"佐渡市","town":"石花"}],"2225":[{"pref":"新潟県","city":"佐渡市","town":"北片辺"}],"2226":[{"pref":"新潟県","city":"佐渡市","town":"南片辺"}],"3111":[{"pref":"新潟県","city":"佐渡市","town":"虫崎"}],"3112":[{"pref":"新潟県","city":"佐渡市","town":"黒姫"}],"3113":[{"pref":"新潟県","city":"佐渡市","town":"歌見"}],"3114":[{"pref":"新潟県","city":"佐渡市","town":"浦川"}],"3115":[{"pref":"新潟県","city":"佐渡市","town":"平松"}],"3116":[{"pref":"新潟県","city":"佐渡市","town":"北松ケ崎"}],"3117":[{"pref":"新潟県","city":"佐渡市","town":"馬首"}],"3118":[{"pref":"新潟県","city":"佐渡市","town":"和木"}],"3119":[{"pref":"新潟県","city":"佐渡市","town":"玉崎"}],"3201":[{"pref":"新潟県","city":"佐渡市","town":"真更川"}],"3202":[{"pref":"新潟県","city":"佐渡市","town":"北鵜島"}],"3203":[{"pref":"新潟県","city":"佐渡市","town":"願"}],"3204":[{"pref":"新潟県","city":"佐渡市","town":"藻浦"}],"3205":[{"pref":"新潟県","city":"佐渡市","town":"鷲崎"}],"3206":[{"pref":"新潟県","city":"佐渡市","town":"見立"}],"3207":[{"pref":"新潟県","city":"佐渡市","town":"北小浦"}],"3421":[{"pref":"新潟県","city":"佐渡市","town":"吾潟"}],"3422":[{"pref":"新潟県","city":"佐渡市","town":"城腰"}],"3423":[{"pref":"新潟県","city":"佐渡市","town":"久知河内"}],"3424":[{"pref":"新潟県","city":"佐渡市","town":"下久知"}],"3425":[{"pref":"新潟県","city":"佐渡市","town":"河崎"}],"3431":[{"pref":"新潟県","city":"佐渡市","town":"真木"}],"3432":[{"pref":"新潟県","city":"佐渡市","town":"椎泊"}],"3433":[{"pref":"新潟県","city":"佐渡市","town":"両尾"}],"3434":[{"pref":"新潟県","city":"佐渡市","town":"羽二生"}],"3435":[{"pref":"新潟県","city":"佐渡市","town":"両津大川"}],"3541":[{"pref":"新潟県","city":"佐渡市","town":"水津"}],"3542":[{"pref":"新潟県","city":"佐渡市","town":"片野尾"}],"3543":[{"pref":"新潟県","city":"佐渡市","town":"月布施"}],"3544":[{"pref":"新潟県","city":"佐渡市","town":"野浦"}],"3545":[{"pref":"新潟県","city":"佐渡市","town":"東強清水"}],"3546":[{"pref":"新潟県","city":"佐渡市","town":"東立島"}],"0000":[{"pref":"新潟県","city":"佐渡市","town":"以下に掲載がない場合"}],"0852":[{"pref":"新潟県","city":"佐渡市","town":"赤玉"}],"0711":[{"pref":"新潟県","city":"佐渡市","town":"赤泊"}],"0021":[{"pref":"新潟県","city":"佐渡市","town":"秋津"}],"0022":[{"pref":"新潟県","city":"佐渡市","town":"旭"}],"0303":[{"pref":"新潟県","city":"佐渡市","town":"阿仏坊"}],"0851":[{"pref":"新潟県","city":"佐渡市","town":"蚫"}],"0213":[{"pref":"新潟県","city":"佐渡市","town":"飯持"}],"0626":[{"pref":"新潟県","city":"佐渡市","town":"井坪"}],"0614":[{"pref":"新潟県","city":"佐渡市","town":"犬神平"}],"0857":[{"pref":"新潟県","city":"佐渡市","town":"岩首"}],"0005":[{"pref":"新潟県","city":"佐渡市","town":"梅津"}],"0622":[{"pref":"新潟県","city":"佐渡市","town":"江積"}],"0214":[{"pref":"新潟県","city":"佐渡市","town":"大久保"}],"0432":[{"pref":"新潟県","city":"佐渡市","town":"大倉谷"}],"0315":[{"pref":"新潟県","city":"佐渡市","town":"大須"}],"0716":[{"pref":"新潟県","city":"佐渡市","town":"大杉"}],"0822":[{"pref":"新潟県","city":"佐渡市","town":"多田"}],"0605":[{"pref":"新潟県","city":"佐渡市","town":"小木"}],"0611":[{"pref":"新潟県","city":"佐渡市","town":"小木金田新田"}],"0603":[{"pref":"新潟県","city":"佐渡市","town":"小木木野浦"}],"0613":[{"pref":"新潟県","city":"佐渡市","town":"小木強清水"}],"0601":[{"pref":"新潟県","city":"佐渡市","town":"小木堂釜"}],"0625":[{"pref":"新潟県","city":"佐渡市","town":"小木大浦"}],"0604":[{"pref":"新潟県","city":"佐渡市","town":"小木町"}],"0205":[{"pref":"新潟県","city":"佐渡市","town":"小倉"}],"0855":[{"pref":"新潟県","city":"佐渡市","town":"柿野浦"}],"0006":[{"pref":"新潟県","city":"佐渡市","town":"春日"}],"0023":[{"pref":"新潟県","city":"佐渡市","town":"潟端"}],"0307":[{"pref":"新潟県","city":"佐渡市","town":"金丸"}],"0702":[{"pref":"新潟県","city":"佐渡市","town":"上川茂"}],"0108":[{"pref":"新潟県","city":"佐渡市","town":"上新穂"}],"0024":[{"pref":"新潟県","city":"佐渡市","town":"上横山"}],"0028":[{"pref":"新潟県","city":"佐渡市","town":"加茂歌代"}],"0002":[{"pref":"新潟県","city":"佐渡市","town":"北五十里"}],"0202":[{"pref":"新潟県","city":"佐渡市","town":"栗野江"}],"0304":[{"pref":"新潟県","city":"佐渡市","town":"国分寺"}],"0606":[{"pref":"新潟県","city":"佐渡市","town":"琴浦"}],"0624":[{"pref":"新潟県","city":"佐渡市","town":"木流"}],"0602":[{"pref":"新潟県","city":"佐渡市","town":"小比叡"}],"0215":[{"pref":"新潟県","city":"佐渡市","town":"猿八"}],"0621":[{"pref":"新潟県","city":"佐渡市","town":"沢崎"}],"0216":[{"pref":"新潟県","city":"佐渡市","town":"三宮"}],"0321":[{"pref":"新潟県","city":"佐渡市","town":"静平"}],"0701":[{"pref":"新潟県","city":"佐渡市","town":"下川茂"}],"0322":[{"pref":"新潟県","city":"佐渡市","town":"下黒山"}],"0114":[{"pref":"新潟県","city":"佐渡市","town":"下新穂"}],"0025":[{"pref":"新潟県","city":"佐渡市","town":"下横山"}],"0612":[{"pref":"新潟県","city":"佐渡市","town":"宿根木"}],"0001":[{"pref":"新潟県","city":"佐渡市","town":"白瀬"}],"0715":[{"pref":"新潟県","city":"佐渡市","town":"杉野浦"}],"0015":[{"pref":"新潟県","city":"佐渡市","town":"住吉"}],"0316":[{"pref":"新潟県","city":"佐渡市","town":"背合"}],"0431":[{"pref":"新潟県","city":"佐渡市","town":"大小"}],"0433":[{"pref":"新潟県","city":"佐渡市","town":"田切須"}],"0314":[{"pref":"新潟県","city":"佐渡市","town":"滝脇"}],"0302":[{"pref":"新潟県","city":"佐渡市","town":"竹田"}],"0853":[{"pref":"新潟県","city":"佐渡市","town":"立間"}],"0026":[{"pref":"新潟県","city":"佐渡市","town":"立野"}],"0623":[{"pref":"新潟県","city":"佐渡市","town":"田野浦"}],"0003":[{"pref":"新潟県","city":"佐渡市","town":"椿"}],"0435":[{"pref":"新潟県","city":"佐渡市","town":"椿尾"}],"0207":[{"pref":"新潟県","city":"佐渡市","town":"寺田"}],"0706":[{"pref":"新潟県","city":"佐渡市","town":"徳和"}],"0703":[{"pref":"新潟県","city":"佐渡市","town":"外山"}],"0854":[{"pref":"新潟県","city":"佐渡市","town":"豊岡"}],"0317":[{"pref":"新潟県","city":"佐渡市","town":"豊田"}],"0305":[{"pref":"新潟県","city":"佐渡市","town":"長石"}],"0027":[{"pref":"新潟県","city":"佐渡市","town":"長江"}],"0311":[{"pref":"新潟県","city":"佐渡市","town":"名古屋"}],"0116":[{"pref":"新潟県","city":"佐渡市","town":"新穂"}],"0102":[{"pref":"新潟県","city":"佐渡市","town":"新穂青木"}],"0107":[{"pref":"新潟県","city":"佐渡市","town":"新穂井内"}],"0106":[{"pref":"新潟県","city":"佐渡市","town":"新穂瓜生屋"}],"0109":[{"pref":"新潟県","city":"佐渡市","town":"新穂大野"}],"0103":[{"pref":"新潟県","city":"佐渡市","town":"新穂潟上"}],"0115":[{"pref":"新潟県","city":"佐渡市","town":"新穂北方"}],"0105":[{"pref":"新潟県","city":"佐渡市","town":"新穂正明寺"}],"0111":[{"pref":"新潟県","city":"佐渡市","town":"新穂武井"}],"0104":[{"pref":"新潟県","city":"佐渡市","town":"新穂田野沢"}],"0101":[{"pref":"新潟県","city":"佐渡市","town":"新穂長畝"}],"0112":[{"pref":"新潟県","city":"佐渡市","town":"新穂舟下"}],"0113":[{"pref":"新潟県","city":"佐渡市","town":"新穂皆川"}],"0434":[{"pref":"新潟県","city":"佐渡市","town":"西三川"}],"0204":[{"pref":"新潟県","city":"佐渡市","town":"長谷"}],"0206":[{"pref":"新潟県","city":"佐渡市","town":"畑野"}],"0823":[{"pref":"新潟県","city":"佐渡市","town":"浜河内"}],"0007":[{"pref":"新潟県","city":"佐渡市","town":"浜田"}],"0503":[{"pref":"新潟県","city":"佐渡市","town":"羽茂飯岡"}],"0511":[{"pref":"新潟県","city":"佐渡市","town":"羽茂大石"}],"0502":[{"pref":"新潟県","city":"佐渡市","town":"羽茂大崎"}],"0512":[{"pref":"新潟県","city":"佐渡市","town":"羽茂大橋"}],"0515":[{"pref":"新潟県","city":"佐渡市","town":"羽茂上山田"}],"0422":[{"pref":"新潟県","city":"佐渡市","town":"羽茂亀脇"}],"0421":[{"pref":"新潟県","city":"佐渡市","town":"羽茂小泊（１～１６９９番地）"}],"0514":[{"pref":"新潟県","city":"佐渡市","town":"羽茂小泊（その他）"}],"0505":[{"pref":"新潟県","city":"佐渡市","town":"羽茂三瀬"}],"0501":[{"pref":"新潟県","city":"佐渡市","town":"羽茂滝平"}],"0504":[{"pref":"新潟県","city":"佐渡市","town":"羽茂本郷"}],"0513":[{"pref":"新潟県","city":"佐渡市","town":"羽茂村山"}],"0004":[{"pref":"新潟県","city":"佐渡市","town":"羽吉"}],"0016":[{"pref":"新潟県","city":"佐渡市","town":"原黒"}],"0856":[{"pref":"新潟県","city":"佐渡市","town":"東鵜島"}],"0615":[{"pref":"新潟県","city":"佐渡市","town":"深浦"}],"0211":[{"pref":"新潟県","city":"佐渡市","town":"畉田"}],"0203":[{"pref":"新潟県","city":"佐渡市","town":"坊ケ浦"}],"0712":[{"pref":"新潟県","city":"佐渡市","town":"真浦"}],"0821":[{"pref":"新潟県","city":"佐渡市","town":"松ケ崎"}],"0313":[{"pref":"新潟県","city":"佐渡市","town":"真野"}],"0301":[{"pref":"新潟県","city":"佐渡市","town":"真野大川"}],"0318":[{"pref":"新潟県","city":"佐渡市","town":"真野新町"}],"0824":[{"pref":"新潟県","city":"佐渡市","town":"丸山"}],"0705":[{"pref":"新潟県","city":"佐渡市","town":"三川"}],"0714":[{"pref":"新潟県","city":"佐渡市","town":"南新保"}],"0212":[{"pref":"新潟県","city":"佐渡市","town":"宮川"}],"0704":[{"pref":"新潟県","city":"佐渡市","town":"莚場"}],"0201":[{"pref":"新潟県","city":"佐渡市","town":"目黒町"}],"0713":[{"pref":"新潟県","city":"佐渡市","town":"柳沢"}],"0312":[{"pref":"新潟県","city":"佐渡市","town":"吉岡"}],"0306":[{"pref":"新潟県","city":"佐渡市","town":"四日町"}],"0011":[{"pref":"新潟県","city":"佐渡市","town":"両津夷"}],"0012":[{"pref":"新潟県","city":"佐渡市","town":"両津夷新"}],"0013":[{"pref":"新潟県","city":"佐渡市","town":"両津福浦"}],"0014":[{"pref":"新潟県","city":"佐渡市","town":"両津湊"}]}