{"1100":[{"pref":"愛知県","city":"長久手市","town":"以下に掲載がない場合"}],"1102":[{"pref":"愛知県","city":"長久手市","town":"前熊一ノ井"},{"pref":"愛知県","city":"長久手市","town":"前熊志水"},{"pref":"愛知県","city":"長久手市","town":"前熊下田"},{"pref":"愛知県","city":"長久手市","town":"前熊寺田"},{"pref":"愛知県","city":"長久手市","town":"前熊中井"},{"pref":"愛知県","city":"長久手市","town":"前熊西脇"},{"pref":"愛知県","city":"長久手市","town":"前熊根ノ上"},{"pref":"愛知県","city":"長久手市","town":"前熊根ノ原"},{"pref":"愛知県","city":"長久手市","town":"前熊橋ノ本"},{"pref":"愛知県","city":"長久手市","town":"前熊原山"},{"pref":"愛知県","city":"長久手市","town":"前熊広面"},{"pref":"愛知県","city":"長久手市","town":"前熊堀越"},{"pref":"愛知県","city":"長久手市","town":"前熊前山"},{"pref":"愛知県","city":"長久手市","town":"前熊溝下"}],"1103":[{"pref":"愛知県","city":"長久手市","town":"岩作石田"},{"pref":"愛知県","city":"長久手市","town":"岩作井戸ケ根"},{"pref":"愛知県","city":"長久手市","town":"岩作色金"},{"pref":"愛知県","city":"長久手市","town":"岩作浮江"},{"pref":"愛知県","city":"長久手市","town":"岩作内万場"},{"pref":"愛知県","city":"長久手市","town":"岩作大根"},{"pref":"愛知県","city":"長久手市","town":"岩作落合"},{"pref":"愛知県","city":"長久手市","town":"岩作折戸ケ平"},{"pref":"愛知県","city":"長久手市","town":"岩作欠花"},{"pref":"愛知県","city":"長久手市","town":"岩作壁ノ本"},{"pref":"愛知県","city":"長久手市","town":"岩作雁又"},{"pref":"愛知県","city":"長久手市","town":"岩作北山"},{"pref":"愛知県","city":"長久手市","town":"岩作狐洞"},{"pref":"愛知県","city":"長久手市","town":"岩作五反田"},{"pref":"愛知県","city":"長久手市","town":"岩作権田"},{"pref":"愛知県","city":"長久手市","town":"岩作権代"},{"pref":"愛知県","city":"長久手市","town":"岩作三ケ峯"},{"pref":"愛知県","city":"長久手市","town":"岩作申立花"},{"pref":"愛知県","city":"長久手市","town":"岩作下島"},{"pref":"愛知県","city":"長久手市","town":"岩作下田"},{"pref":"愛知県","city":"長久手市","town":"岩作下堀越"},{"pref":"愛知県","city":"長久手市","town":"岩作蛇洞"},{"pref":"愛知県","city":"長久手市","town":"岩作白針"},{"pref":"愛知県","city":"長久手市","town":"岩作城の内"},{"pref":"愛知県","city":"長久手市","town":"岩作隅田"},{"pref":"愛知県","city":"長久手市","town":"岩作高根"},{"pref":"愛知県","city":"長久手市","town":"岩作高根前"},{"pref":"愛知県","city":"長久手市","town":"岩作高山"},{"pref":"愛知県","city":"長久手市","town":"岩作塚本"},{"pref":"愛知県","city":"長久手市","town":"岩作寺田"},{"pref":"愛知県","city":"長久手市","town":"岩作寺山"},{"pref":"愛知県","city":"長久手市","town":"岩作床寒"},{"pref":"愛知県","city":"長久手市","town":"岩作泥亀首"},{"pref":"愛知県","city":"長久手市","town":"岩作寅山"},{"pref":"愛知県","city":"長久手市","town":"岩作酉立花"},{"pref":"愛知県","city":"長久手市","town":"岩作長池"},{"pref":"愛知県","city":"長久手市","town":"岩作長筬"},{"pref":"愛知県","city":"長久手市","town":"岩作中権代"},{"pref":"愛知県","city":"長久手市","town":"岩作中島"},{"pref":"愛知県","city":"長久手市","town":"岩作長鶴"},{"pref":"愛知県","city":"長久手市","town":"岩作中縄手"},{"pref":"愛知県","city":"長久手市","town":"岩作中根"},{"pref":"愛知県","city":"長久手市","town":"岩作中根原"},{"pref":"愛知県","city":"長久手市","town":"岩作中立花"},{"pref":"愛知県","city":"長久手市","town":"岩作中脇"},{"pref":"愛知県","city":"長久手市","town":"岩作西浦"},{"pref":"愛知県","city":"長久手市","town":"岩作西島"},{"pref":"愛知県","city":"長久手市","town":"岩作東島"},{"pref":"愛知県","city":"長久手市","town":"岩作東中"},{"pref":"愛知県","city":"長久手市","town":"岩作平子"},{"pref":"愛知県","city":"長久手市","town":"岩作平地"},{"pref":"愛知県","city":"長久手市","town":"岩作琵琶ケ池"},{"pref":"愛知県","city":"長久手市","town":"岩作福井"},{"pref":"愛知県","city":"長久手市","town":"岩作丸根"},{"pref":"愛知県","city":"長久手市","town":"岩作溝添"},{"pref":"愛知県","city":"長久手市","town":"岩作南島"},{"pref":"愛知県","city":"長久手市","town":"岩作宮後"},{"pref":"愛知県","city":"長久手市","town":"岩作宮前"},{"pref":"愛知県","city":"長久手市","town":"岩作向田"},{"pref":"愛知県","city":"長久手市","town":"岩作向畑"},{"pref":"愛知県","city":"長久手市","town":"岩作元門"},{"pref":"愛知県","city":"長久手市","town":"岩作桃ノ木洞"},{"pref":"愛知県","city":"長久手市","town":"岩作八瀬ノ木"},{"pref":"愛知県","city":"長久手市","town":"岩作籔田"},{"pref":"愛知県","city":"長久手市","town":"岩作早稲田"}],"1104":[{"pref":"愛知県","city":"長久手市","town":"棒振"}],"1105":[{"pref":"愛知県","city":"長久手市","town":"丸根"}],"1106":[{"pref":"愛知県","city":"長久手市","town":"大久手"}],"1107":[{"pref":"愛知県","city":"長久手市","town":"下権田"}],"1108":[{"pref":"愛知県","city":"長久手市","town":"中池"}],"1111":[{"pref":"愛知県","city":"長久手市","town":"山越"}],"1112":[{"pref":"愛知県","city":"長久手市","town":"砂子"}],"1113":[{"pref":"愛知県","city":"長久手市","town":"山野田"}],"1114":[{"pref":"愛知県","city":"長久手市","town":"長配"}],"1115":[{"pref":"愛知県","city":"長久手市","town":"菖蒲池"}],"1116":[{"pref":"愛知県","city":"長久手市","town":"杁ケ池"}],"1117":[{"pref":"愛知県","city":"長久手市","town":"喜婦嶽"}],"1118":[{"pref":"愛知県","city":"長久手市","town":"横道"}],"1119":[{"pref":"愛知県","city":"長久手市","town":"深廻間"}],"1121":[{"pref":"愛知県","city":"長久手市","town":"武蔵塚"}],"1122":[{"pref":"愛知県","city":"長久手市","town":"城屋敷"}],"1123":[{"pref":"愛知県","city":"長久手市","town":"東狭間"}],"1124":[{"pref":"愛知県","city":"長久手市","town":"戸田谷"}],"1125":[{"pref":"愛知県","city":"長久手市","town":"氏神前"}],"1126":[{"pref":"愛知県","city":"長久手市","town":"深田"}],"1127":[{"pref":"愛知県","city":"長久手市","town":"菅池"}],"1128":[{"pref":"愛知県","city":"長久手市","town":"勝入塚"}],"1129":[{"pref":"愛知県","city":"長久手市","town":"よし池"}],"1132":[{"pref":"愛知県","city":"長久手市","town":"上川原"}],"1133":[{"pref":"愛知県","city":"長久手市","town":"原山"}],"1134":[{"pref":"愛知県","city":"長久手市","town":"南原山"}],"1135":[{"pref":"愛知県","city":"長久手市","town":"下山"}],"1136":[{"pref":"愛知県","city":"長久手市","town":"櫨木"}],"1137":[{"pref":"愛知県","city":"長久手市","town":"下川原"}],"1138":[{"pref":"愛知県","city":"長久手市","town":"西原山"}],"1139":[{"pref":"愛知県","city":"長久手市","town":"中川原"}],"1141":[{"pref":"愛知県","city":"長久手市","town":"根の神"}],"1142":[{"pref":"愛知県","city":"長久手市","town":"蟹原"}],"1143":[{"pref":"愛知県","city":"長久手市","town":"井堀"}],"1144":[{"pref":"愛知県","city":"長久手市","town":"熊田"}],"1145":[{"pref":"愛知県","city":"長久手市","town":"卯塚"}],"1146":[{"pref":"愛知県","city":"長久手市","town":"片平"}],"1147":[{"pref":"愛知県","city":"長久手市","town":"市が洞"}],"1148":[{"pref":"愛知県","city":"長久手市","town":"根嶽"}],"1151":[{"pref":"愛知県","city":"長久手市","town":"久保山"}],"1152":[{"pref":"愛知県","city":"長久手市","town":"打越"}],"1153":[{"pref":"愛知県","city":"長久手市","town":"作田"}],"1154":[{"pref":"愛知県","city":"長久手市","town":"塚田"}],"1155":[{"pref":"愛知県","city":"長久手市","town":"平池"}],"1156":[{"pref":"愛知県","city":"長久手市","town":"五合池"}],"1157":[{"pref":"愛知県","city":"長久手市","town":"桜作"}],"1158":[{"pref":"愛知県","city":"長久手市","town":"東原山"}],"1161":[{"pref":"愛知県","city":"長久手市","town":"荒田"}],"1162":[{"pref":"愛知県","city":"長久手市","town":"段の上"}],"1163":[{"pref":"愛知県","city":"長久手市","town":"原邸"}],"1164":[{"pref":"愛知県","city":"長久手市","town":"山桶"}],"1165":[{"pref":"愛知県","city":"長久手市","town":"鴨田"}],"1166":[{"pref":"愛知県","city":"長久手市","town":"野田農"}],"1167":[{"pref":"愛知県","city":"長久手市","town":"仲田"}],"1168":[{"pref":"愛知県","city":"長久手市","town":"坊の後"}],"1171":[{"pref":"愛知県","city":"長久手市","town":"西浦"}],"1172":[{"pref":"愛知県","city":"長久手市","town":"宮脇"}],"1173":[{"pref":"愛知県","city":"長久手市","town":"富士浦"}],"1174":[{"pref":"愛知県","city":"長久手市","town":"東浦"}],"1175":[{"pref":"愛知県","city":"長久手市","town":"先達"}],"1176":[{"pref":"愛知県","city":"長久手市","town":"香桶"}],"1177":[{"pref":"愛知県","city":"長久手市","town":"仏が根"}],"1178":[{"pref":"愛知県","city":"長久手市","town":"丁子田"}],"1181":[{"pref":"愛知県","city":"長久手市","town":"東原"}],"1182":[{"pref":"愛知県","city":"長久手市","town":"池田"}],"1183":[{"pref":"愛知県","city":"長久手市","town":"西原"}],"1184":[{"pref":"愛知県","city":"長久手市","town":"草掛"}],"1201":[{"pref":"愛知県","city":"瀬戸市","town":"定光寺町"}],"1202":[{"pref":"愛知県","city":"瀬戸市","town":"下半田川町"}],"1203":[{"pref":"愛知県","city":"瀬戸市","town":"広之田町"}],"1204":[{"pref":"愛知県","city":"瀬戸市","town":"北丘町"}],"1205":[{"pref":"愛知県","city":"瀬戸市","town":"落合町"}],"1206":[{"pref":"愛知県","city":"瀬戸市","town":"八床町"}],"1207":[{"pref":"愛知県","city":"瀬戸市","town":"品野町"}],"1211":[{"pref":"愛知県","city":"瀬戸市","town":"上半田川町"}],"1212":[{"pref":"愛知県","city":"瀬戸市","town":"片草町"}],"1213":[{"pref":"愛知県","city":"瀬戸市","town":"白岩町"}],"1214":[{"pref":"愛知県","city":"瀬戸市","town":"上品野町"}],"1215":[{"pref":"愛知県","city":"瀬戸市","town":"岩屋町"}],"1216":[{"pref":"愛知県","city":"瀬戸市","town":"鳥原町"}],"1217":[{"pref":"愛知県","city":"瀬戸市","town":"井山町"}],"1218":[{"pref":"愛知県","city":"瀬戸市","town":"中品野町"}],"1219":[{"pref":"愛知県","city":"瀬戸市","town":"窯町"}],"1301":[{"pref":"愛知県","city":"長久手市","town":"北浦"}],"1302":[{"pref":"愛知県","city":"長久手市","town":"杁ノ洞"}],"1303":[{"pref":"愛知県","city":"長久手市","town":"東田"}],"1304":[{"pref":"愛知県","city":"長久手市","town":"郷前"}],"1305":[{"pref":"愛知県","city":"長久手市","town":"中井"}],"1306":[{"pref":"愛知県","city":"長久手市","town":"真行田"}],"1307":[{"pref":"愛知県","city":"長久手市","town":"立花"}],"1308":[{"pref":"愛知県","city":"長久手市","town":"岩廻間"}],"1309":[{"pref":"愛知県","city":"長久手市","town":"溝之杁"}],"1311":[{"pref":"愛知県","city":"長久手市","town":"福井"}],"1312":[{"pref":"愛知県","city":"長久手市","town":"熊張深田"}],"1313":[{"pref":"愛知県","city":"長久手市","town":"小深"}],"1314":[{"pref":"愛知県","city":"長久手市","town":"馬堤"}],"1315":[{"pref":"愛知県","city":"長久手市","town":"東平地"}],"1316":[{"pref":"愛知県","city":"長久手市","town":"平地"}],"1317":[{"pref":"愛知県","city":"長久手市","town":"松杁"}],"1318":[{"pref":"愛知県","city":"長久手市","town":"東山"}],"1321":[{"pref":"愛知県","city":"長久手市","town":"神明"}],"1322":[{"pref":"愛知県","city":"長久手市","town":"汐見坂"}],"1323":[{"pref":"愛知県","city":"長久手市","town":"阿畑"}],"1324":[{"pref":"愛知県","city":"長久手市","town":"段留"}],"1325":[{"pref":"愛知県","city":"長久手市","town":"杁ケ根"}],"1326":[{"pref":"愛知県","city":"長久手市","town":"助六"}],"1327":[{"pref":"愛知県","city":"長久手市","town":"観音堂"}],"1328":[{"pref":"愛知県","city":"長久手市","town":"早稲田"}],"1329":[{"pref":"愛知県","city":"長久手市","town":"申平"}],"1331":[{"pref":"愛知県","city":"長久手市","town":"雨堤"}],"1332":[{"pref":"愛知県","city":"長久手市","town":"神門前"}],"1333":[{"pref":"愛知県","city":"長久手市","town":"蛭子"}],"1334":[{"pref":"愛知県","city":"長久手市","town":"榎ノ下"}],"1335":[{"pref":"愛知県","city":"長久手市","town":"大日"}],"1336":[{"pref":"愛知県","city":"長久手市","town":"小稲葉"}],"1337":[{"pref":"愛知県","city":"長久手市","town":"中屋"}],"1338":[{"pref":"愛知県","city":"長久手市","town":"下田"}],"1339":[{"pref":"愛知県","city":"長久手市","town":"北熊"}],"1341":[{"pref":"愛知県","city":"長久手市","town":"葭ケ廻間"}],"1342":[{"pref":"愛知県","city":"長久手市","town":"茨ケ廻間"}],"1343":[{"pref":"愛知県","city":"長久手市","town":"石場"}],"1344":[{"pref":"愛知県","city":"長久手市","town":"広田"}],"1345":[{"pref":"愛知県","city":"長久手市","town":"丸山"}],"1346":[{"pref":"愛知県","city":"長久手市","town":"堂脇"}],"1347":[{"pref":"愛知県","city":"長久手市","town":"鯉ケ廻間"}],"0303":[{"pref":"愛知県","city":"春日井市","town":"明知町"}],"0306":[{"pref":"愛知県","city":"春日井市","town":"上野町"}],"0301":[{"pref":"愛知県","city":"春日井市","town":"内津町"}],"0304":[{"pref":"愛知県","city":"春日井市","town":"神屋町"}],"0302":[{"pref":"愛知県","city":"春日井市","town":"西尾町"}],"0305":[{"pref":"愛知県","city":"春日井市","town":"坂下町"}],"0200":[{"pref":"愛知県","city":"西春日井郡豊山町","town":"以下に掲載がない場合"}],"0201":[{"pref":"愛知県","city":"西春日井郡豊山町","town":"青山"}],"0202":[{"pref":"愛知県","city":"西春日井郡豊山町","town":"豊場"}],"0100":[{"pref":"愛知県","city":"丹羽郡大口町","town":"以下に掲載がない場合"},{"pref":"愛知県","city":"丹羽郡扶桑町","town":"以下に掲載がない場合"}],"0132":[{"pref":"愛知県","city":"丹羽郡大口町","town":"秋田"}],"0137":[{"pref":"愛知県","city":"丹羽郡大口町","town":"大屋敷"}],"0148":[{"pref":"愛知県","city":"丹羽郡大口町","town":"小口"}],"0138":[{"pref":"愛知県","city":"丹羽郡大口町","town":"大御堂"}],"0133":[{"pref":"愛知県","city":"丹羽郡大口町","town":"替地"}],"0149":[{"pref":"愛知県","city":"丹羽郡大口町","town":"垣田"}],"0141":[{"pref":"愛知県","city":"丹羽郡大口町","town":"上小口"}],"0121":[{"pref":"愛知県","city":"丹羽郡大口町","town":"河北"}],"0135":[{"pref":"愛知県","city":"丹羽郡大口町","town":"御供所"}],"0151":[{"pref":"愛知県","city":"丹羽郡大口町","town":"さつきケ丘"}],"0144":[{"pref":"愛知県","city":"丹羽郡大口町","town":"下小口"}],"0143":[{"pref":"愛知県","city":"丹羽郡大口町","town":"城屋敷"}],"0127":[{"pref":"愛知県","city":"丹羽郡大口町","town":"新宮"}],"0131":[{"pref":"愛知県","city":"丹羽郡大口町","town":"高橋"}],"0147":[{"pref":"愛知県","city":"丹羽郡大口町","town":"竹田"}],"0126":[{"pref":"愛知県","city":"丹羽郡大口町","town":"伝右"}],"0125":[{"pref":"愛知県","city":"丹羽郡大口町","town":"外坪"}],"0134":[{"pref":"愛知県","city":"丹羽郡大口町","town":"豊田"}],"0122":[{"pref":"愛知県","city":"丹羽郡大口町","town":"仲沖"}],"0142":[{"pref":"愛知県","city":"丹羽郡大口町","town":"中小口"}],"0139":[{"pref":"愛知県","city":"丹羽郡大口町","town":"奈良子"}],"0124":[{"pref":"愛知県","city":"丹羽郡大口町","town":"萩島"}],"0123":[{"pref":"愛知県","city":"丹羽郡大口町","town":"二ツ屋"}],"0136":[{"pref":"愛知県","city":"丹羽郡大口町","town":"堀尾跡"}],"0145":[{"pref":"愛知県","city":"丹羽郡大口町","town":"丸"}],"0146":[{"pref":"愛知県","city":"丹羽郡大口町","town":"余野"}],"0106":[{"pref":"愛知県","city":"丹羽郡扶桑町","town":"小淵"}],"0103":[{"pref":"愛知県","city":"丹羽郡扶桑町","town":"柏森"}],"0104":[{"pref":"愛知県","city":"丹羽郡扶桑町","town":"斎藤"}],"0102":[{"pref":"愛知県","city":"丹羽郡扶桑町","town":"高雄"}],"0107":[{"pref":"愛知県","city":"丹羽郡扶桑町","town":"高木"}],"0105":[{"pref":"愛知県","city":"丹羽郡扶桑町","town":"南山名"}],"0101":[{"pref":"愛知県","city":"丹羽郡扶桑町","town":"山那"}]}