{"0000":[{"pref":"東京都","city":"文京区","town":"以下に掲載がない場合"}],"0012":[{"pref":"東京都","city":"文京区","town":"大塚"}],"0013":[{"pref":"東京都","city":"文京区","town":"音羽"}],"0003":[{"pref":"東京都","city":"文京区","town":"春日"}],"0002":[{"pref":"東京都","city":"文京区","town":"小石川"}],"0004":[{"pref":"東京都","city":"文京区","town":"後楽"}],"0006":[{"pref":"東京都","city":"文京区","town":"小日向"}],"0005":[{"pref":"東京都","city":"文京区","town":"水道"}],"0014":[{"pref":"東京都","city":"文京区","town":"関口"}],"0011":[{"pref":"東京都","city":"文京区","town":"千石"}],"0001":[{"pref":"東京都","city":"文京区","town":"白山（２～５丁目）"}],"0015":[{"pref":"東京都","city":"文京区","town":"目白台"}]}