{"0061":[{"pref":"東京都","city":"大田区","town":"石川町"}],"0064":[{"pref":"東京都","city":"大田区","town":"上池台"}],"0062":[{"pref":"東京都","city":"大田区","town":"北千束"}],"0073":[{"pref":"東京都","city":"大田区","town":"北嶺町"}],"0071":[{"pref":"東京都","city":"大田区","town":"田園調布"}],"0072":[{"pref":"東京都","city":"大田区","town":"田園調布本町"}],"0076":[{"pref":"東京都","city":"大田区","town":"田園調布南"}],"0075":[{"pref":"東京都","city":"大田区","town":"西嶺町"}],"0074":[{"pref":"東京都","city":"大田区","town":"東嶺町"}],"0065":[{"pref":"東京都","city":"大田区","town":"東雪谷"}],"0063":[{"pref":"東京都","city":"大田区","town":"南千束"}],"0066":[{"pref":"東京都","city":"大田区","town":"南雪谷"}],"0067":[{"pref":"東京都","city":"大田区","town":"雪谷大塚町"}]}