{"1101":[{"pref":"愛知県","city":"豊橋市","town":"賀茂町"}],"1102":[{"pref":"愛知県","city":"豊橋市","town":"石巻西川町"}],"1103":[{"pref":"愛知県","city":"豊橋市","town":"石巻萩平町"}],"1104":[{"pref":"愛知県","city":"豊橋市","town":"石巻中山町"}],"1105":[{"pref":"愛知県","city":"豊橋市","town":"石巻平野町"}],"1106":[{"pref":"愛知県","city":"豊橋市","town":"石巻小野田町"}],"1111":[{"pref":"愛知県","city":"豊橋市","town":"嵩山町"}],"1112":[{"pref":"愛知県","city":"豊橋市","town":"石巻町"}],"1113":[{"pref":"愛知県","city":"豊橋市","town":"東森岡"}],"1114":[{"pref":"愛知県","city":"豊橋市","town":"森岡町"}],"1115":[{"pref":"愛知県","city":"豊橋市","town":"石巻本町"}],"1201":[{"pref":"愛知県","city":"豊川市","town":"東上町"}],"1202":[{"pref":"愛知県","city":"豊川市","town":"上長山町"}],"1203":[{"pref":"愛知県","city":"豊川市","town":"足山田町"}],"1204":[{"pref":"愛知県","city":"豊川市","town":"西原町"}],"1205":[{"pref":"愛知県","city":"豊川市","town":"大木町"}],"1206":[{"pref":"愛知県","city":"豊川市","town":"篠田町"}],"1207":[{"pref":"愛知県","city":"豊川市","town":"大木新町通"}],"1211":[{"pref":"愛知県","city":"豊川市","town":"江島町"}],"1212":[{"pref":"愛知県","city":"豊川市","town":"金沢町"}],"1221":[{"pref":"愛知県","city":"豊川市","town":"松原町"}],"1222":[{"pref":"愛知県","city":"豊川市","town":"豊津町"}],"1223":[{"pref":"愛知県","city":"豊川市","town":"橋尾町"}],"1231":[{"pref":"愛知県","city":"豊川市","town":"一宮町"}],"1300":[{"pref":"愛知県","city":"新城市","town":"以下に掲載がない場合"}],"1301":[{"pref":"愛知県","city":"新城市","town":"矢部"}],"1302":[{"pref":"愛知県","city":"新城市","town":"富永"}],"1303":[{"pref":"愛知県","city":"新城市","town":"牛倉"}],"1304":[{"pref":"愛知県","city":"新城市","town":"大宮"}],"1305":[{"pref":"愛知県","city":"新城市","town":"竹広"}],"1306":[{"pref":"愛知県","city":"新城市","town":"川路"}],"1307":[{"pref":"愛知県","city":"新城市","town":"富沢"}],"1311":[{"pref":"愛知県","city":"新城市","town":"須長"}],"1312":[{"pref":"愛知県","city":"新城市","town":"浅谷"}],"1313":[{"pref":"愛知県","city":"新城市","town":"出沢"}],"1314":[{"pref":"愛知県","city":"新城市","town":"横川"}],"1315":[{"pref":"愛知県","city":"新城市","town":"大海"}],"1316":[{"pref":"愛知県","city":"新城市","town":"緑が丘"}],"1317":[{"pref":"愛知県","city":"新城市","town":"有海"}],"1318":[{"pref":"愛知県","city":"新城市","town":"八束穂"}],"1321":[{"pref":"愛知県","city":"新城市","town":"市川"}],"1322":[{"pref":"愛知県","city":"新城市","town":"日吉"}],"1323":[{"pref":"愛知県","city":"新城市","town":"吉川"}],"1324":[{"pref":"愛知県","city":"新城市","town":"井道、奥井道、内井道"}],"1325":[{"pref":"愛知県","city":"新城市","town":"二本松"}],"1326":[{"pref":"愛知県","city":"新城市","town":"中野"}],"1327":[{"pref":"愛知県","city":"新城市","town":"鰹淵"}],"1328":[{"pref":"愛知県","city":"新城市","town":"桜淵"}],"1329":[{"pref":"愛知県","city":"新城市","town":"笠岩"}],"1331":[{"pref":"愛知県","city":"新城市","town":"庭野"}],"1332":[{"pref":"愛知県","city":"新城市","town":"黒田"}],"1333":[{"pref":"愛知県","city":"新城市","town":"小畑"}],"1334":[{"pref":"愛知県","city":"新城市","town":"中宇利"}],"1335":[{"pref":"愛知県","city":"新城市","town":"富岡"}],"1336":[{"pref":"愛知県","city":"新城市","town":"富岡（○○屋敷）"}],"1337":[{"pref":"愛知県","city":"新城市","town":"八名井"}],"1338":[{"pref":"愛知県","city":"新城市","town":"一鍬田"}],"1341":[{"pref":"愛知県","city":"新城市","town":"杉山"}],"1342":[{"pref":"愛知県","city":"新城市","town":"石田"}],"1343":[{"pref":"愛知県","city":"新城市","town":"野田"}],"1344":[{"pref":"愛知県","city":"新城市","town":"野田（上市場）"}],"1345":[{"pref":"愛知県","city":"新城市","town":"豊島"}],"1346":[{"pref":"愛知県","city":"新城市","town":"川田"}],"1347":[{"pref":"愛知県","city":"新城市","town":"川田（本宮道）"}],"1348":[{"pref":"愛知県","city":"新城市","town":"市場台"}],"1351":[{"pref":"愛知県","city":"新城市","town":"稲木"}],"1352":[{"pref":"愛知県","city":"新城市","town":"豊栄"}],"1353":[{"pref":"愛知県","city":"新城市","town":"徳定"}],"1354":[{"pref":"愛知県","city":"新城市","town":"片山"}],"1355":[{"pref":"愛知県","city":"新城市","town":"上平井"}],"1361":[{"pref":"愛知県","city":"新城市","town":"平井（その他）"}],"1362":[{"pref":"愛知県","city":"新城市","town":"平井（東原、西原、原）"}],"1363":[{"pref":"愛知県","city":"新城市","town":"東沖野"}],"1364":[{"pref":"愛知県","city":"新城市","town":"沖野"}],"1365":[{"pref":"愛知県","city":"新城市","town":"石名号"}],"1366":[{"pref":"愛知県","city":"新城市","town":"向野"}],"1367":[{"pref":"愛知県","city":"新城市","town":"札木"}],"1368":[{"pref":"愛知県","city":"新城市","town":"屋敷"}],"1371":[{"pref":"愛知県","city":"新城市","town":"城北"}],"1372":[{"pref":"愛知県","city":"新城市","town":"裏野"}],"1373":[{"pref":"愛知県","city":"新城市","town":"西新町"}],"1374":[{"pref":"愛知県","city":"新城市","town":"町並"}],"1375":[{"pref":"愛知県","city":"新城市","town":"的場"}],"1376":[{"pref":"愛知県","city":"新城市","town":"宮ノ前"}],"1377":[{"pref":"愛知県","city":"新城市","town":"宮ノ西"}],"1378":[{"pref":"愛知県","city":"新城市","town":"宮ノ後"}],"1381":[{"pref":"愛知県","city":"新城市","town":"下川"}],"1382":[{"pref":"愛知県","city":"新城市","town":"滝ノ上"}],"1383":[{"pref":"愛知県","city":"新城市","town":"東入船"}],"1384":[{"pref":"愛知県","city":"新城市","town":"西入船"}],"1385":[{"pref":"愛知県","city":"新城市","town":"八幡"}],"1386":[{"pref":"愛知県","city":"新城市","town":"南畑"}],"1387":[{"pref":"愛知県","city":"新城市","town":"北畑"}],"1388":[{"pref":"愛知県","city":"新城市","town":"橋向"}],"1401":[{"pref":"愛知県","city":"新城市","town":"作手守義"}],"1402":[{"pref":"愛知県","city":"新城市","town":"作手木和田"}],"1403":[{"pref":"愛知県","city":"新城市","town":"作手善夫"}],"1404":[{"pref":"愛知県","city":"新城市","town":"作手菅沼"}],"1411":[{"pref":"愛知県","city":"新城市","town":"作手岩波"}],"1412":[{"pref":"愛知県","city":"新城市","town":"作手鴨ケ谷"}],"1413":[{"pref":"愛知県","city":"新城市","town":"作手白鳥"}],"1414":[{"pref":"愛知県","city":"新城市","town":"作手清岳"}],"1421":[{"pref":"愛知県","city":"新城市","town":"作手黒瀬"}],"1422":[{"pref":"愛知県","city":"新城市","town":"作手田原"}],"1423":[{"pref":"愛知県","city":"新城市","town":"作手高里"}],"1424":[{"pref":"愛知県","city":"新城市","town":"作手中河内"}],"1531":[{"pref":"愛知県","city":"新城市","town":"作手大和田"}],"1532":[{"pref":"愛知県","city":"新城市","town":"作手高松"}],"1533":[{"pref":"愛知県","city":"新城市","town":"作手荒原"}],"1534":[{"pref":"愛知県","city":"新城市","town":"作手田代"}],"1535":[{"pref":"愛知県","city":"新城市","town":"作手杉平"}],"1536":[{"pref":"愛知県","city":"新城市","town":"作手保永"}],"1601":[{"pref":"愛知県","city":"新城市","town":"川合"}],"1602":[{"pref":"愛知県","city":"新城市","town":"池場"}],"1603":[{"pref":"愛知県","city":"新城市","town":"名号"}],"1604":[{"pref":"愛知県","city":"新城市","town":"名越"}],"1605":[{"pref":"愛知県","city":"新城市","town":"能登瀬"}],"1611":[{"pref":"愛知県","city":"新城市","town":"七郷一色"}],"1612":[{"pref":"愛知県","city":"新城市","town":"巣山"}],"1613":[{"pref":"愛知県","city":"新城市","town":"細川"}],"1614":[{"pref":"愛知県","city":"新城市","town":"睦平"}],"1615":[{"pref":"愛知県","city":"新城市","town":"大野"}],"1616":[{"pref":"愛知県","city":"新城市","town":"井代"}],"1621":[{"pref":"愛知県","city":"新城市","town":"下吉田"}],"1622":[{"pref":"愛知県","city":"新城市","town":"上吉田"}],"1623":[{"pref":"愛知県","city":"新城市","town":"黄柳野"}],"1624":[{"pref":"愛知県","city":"新城市","town":"竹ノ輪"}],"1631":[{"pref":"愛知県","city":"新城市","town":"豊岡"}],"1632":[{"pref":"愛知県","city":"新城市","town":"富栄"}],"1633":[{"pref":"愛知県","city":"新城市","town":"乗本"}],"1634":[{"pref":"愛知県","city":"新城市","town":"長篠"}],"1636":[{"pref":"愛知県","city":"新城市","town":"富保"}],"1693":[{"pref":"愛知県","city":"新城市","town":"門谷（鳳来寺７番地）"}],"1941":[{"pref":"愛知県","city":"新城市","town":"連合"}],"1942":[{"pref":"愛知県","city":"新城市","town":"四谷"}],"1943":[{"pref":"愛知県","city":"新城市","town":"海老"}],"1944":[{"pref":"愛知県","city":"新城市","town":"門谷（その他）"}],"1945":[{"pref":"愛知県","city":"新城市","town":"玖老勢"}],"1946":[{"pref":"愛知県","city":"新城市","town":"副川"}],"1951":[{"pref":"愛知県","city":"新城市","town":"愛郷"}],"1952":[{"pref":"愛知県","city":"新城市","town":"中島"}],"1953":[{"pref":"愛知県","city":"新城市","town":"一色"}],"1954":[{"pref":"愛知県","city":"新城市","town":"只持"}],"1955":[{"pref":"愛知県","city":"新城市","town":"布里"}],"1956":[{"pref":"愛知県","city":"新城市","town":"塩瀬"}],"2221":[{"pref":"愛知県","city":"北設楽郡設楽町","town":"田峯"}],"2222":[{"pref":"愛知県","city":"北設楽郡設楽町","town":"田内"}],"2223":[{"pref":"愛知県","city":"北設楽郡設楽町","town":"三都橋"}],"2224":[{"pref":"愛知県","city":"北設楽郡設楽町","town":"豊邦"}],"2300":[{"pref":"愛知県","city":"北設楽郡設楽町","town":"以下に掲載がない場合"}],"2301":[{"pref":"愛知県","city":"北設楽郡設楽町","town":"田口"}],"2302":[{"pref":"愛知県","city":"北設楽郡設楽町","town":"清崎"}],"2303":[{"pref":"愛知県","city":"北設楽郡設楽町","town":"松戸"}],"2311":[{"pref":"愛知県","city":"北設楽郡設楽町","town":"八橋"}],"2312":[{"pref":"愛知県","city":"北設楽郡設楽町","town":"長江"}],"2313":[{"pref":"愛知県","city":"北設楽郡設楽町","town":"和市"}],"2314":[{"pref":"愛知県","city":"北設楽郡設楽町","town":"平山"}],"2315":[{"pref":"愛知県","city":"北設楽郡設楽町","town":"神田"}],"2316":[{"pref":"愛知県","city":"北設楽郡設楽町","town":"荒尾"}],"2317":[{"pref":"愛知県","city":"北設楽郡設楽町","town":"小松"}],"2431":[{"pref":"愛知県","city":"北設楽郡設楽町","town":"西納庫（その他）"}],"2432":[{"pref":"愛知県","city":"北設楽郡設楽町","town":"東納庫"}],"2433":[{"pref":"愛知県","city":"北設楽郡設楽町","town":"川向"}],"2434":[{"pref":"愛知県","city":"北設楽郡設楽町","town":"大名倉"}],"2511":[{"pref":"愛知県","city":"豊田市","town":"大野瀬町"}],"2512":[{"pref":"愛知県","city":"豊田市","town":"野入町"}],"2513":[{"pref":"愛知県","city":"豊田市","town":"稲武町"}],"2514":[{"pref":"愛知県","city":"豊田市","town":"中当町"}],"2515":[{"pref":"愛知県","city":"豊田市","town":"夏焼町"}],"2516":[{"pref":"愛知県","city":"豊田市","town":"押山町"}],"2517":[{"pref":"愛知県","city":"豊田市","town":"川手町"}],"2521":[{"pref":"愛知県","city":"豊田市","town":"桑原町"}],"2522":[{"pref":"愛知県","city":"豊田市","town":"武節町"}],"2523":[{"pref":"愛知県","city":"豊田市","town":"御所貝津町"}],"2524":[{"pref":"愛知県","city":"豊田市","town":"黒田町"}],"2525":[{"pref":"愛知県","city":"豊田市","town":"小田木町"}],"2526":[{"pref":"愛知県","city":"豊田市","town":"富永町"}],"2531":[{"pref":"愛知県","city":"北設楽郡設楽町","town":"西納庫（沖ノ平）"}],"2601":[{"pref":"愛知県","city":"北設楽郡設楽町","town":"津具"}],"3101":[{"pref":"愛知県","city":"豊橋市","town":"大脇町（大脇）"}],"3102":[{"pref":"愛知県","city":"豊橋市","town":"大脇町（大脇ノ谷）"}],"3103":[{"pref":"愛知県","city":"豊橋市","town":"雲谷町（上ノ山）"}],"3104":[{"pref":"愛知県","city":"豊橋市","town":"雲谷町"}],"3105":[{"pref":"愛知県","city":"豊橋市","town":"中原町（南）"}],"3106":[{"pref":"愛知県","city":"豊橋市","town":"中原町"}],"3111":[{"pref":"愛知県","city":"豊橋市","town":"原町"}],"3112":[{"pref":"愛知県","city":"豊橋市","town":"東細谷町"}],"3113":[{"pref":"愛知県","city":"豊橋市","town":"細谷町"}],"3114":[{"pref":"愛知県","city":"豊橋市","town":"三弥町"}],"3115":[{"pref":"愛知県","city":"豊橋市","town":"豊清町"}],"3121":[{"pref":"愛知県","city":"豊橋市","town":"西山町"}],"3122":[{"pref":"愛知県","city":"豊橋市","town":"小島町"}],"3123":[{"pref":"愛知県","city":"豊橋市","town":"小松原町"}],"3124":[{"pref":"愛知県","city":"豊橋市","town":"寺沢町"}],"3125":[{"pref":"愛知県","city":"豊橋市","town":"豊栄町"}],"3126":[{"pref":"愛知県","city":"豊橋市","town":"冨士見町"}],"3131":[{"pref":"愛知県","city":"豊橋市","town":"大岩町（小山塚）"}],"3132":[{"pref":"愛知県","city":"豊橋市","town":"大岩町（東荒田）"}],"3133":[{"pref":"愛知県","city":"豊橋市","town":"大岩町（西荒田）"}],"3134":[{"pref":"愛知県","city":"豊橋市","town":"大岩町（久保田）"}],"3141":[{"pref":"愛知県","city":"豊橋市","town":"大岩町（北山）"}],"3142":[{"pref":"愛知県","city":"豊橋市","town":"大岩町（東郷内）"}],"3143":[{"pref":"愛知県","city":"豊橋市","town":"大岩町（西郷内）"}],"3144":[{"pref":"愛知県","city":"豊橋市","town":"大岩町（南元屋敷）"}],"3145":[{"pref":"愛知県","city":"豊橋市","town":"大岩町（北元屋敷）"}],"3146":[{"pref":"愛知県","city":"豊橋市","town":"大岩町（北山６）"}],"3147":[{"pref":"愛知県","city":"豊橋市","town":"大岩町（その他）"}],"3151":[{"pref":"愛知県","city":"豊橋市","town":"二川町（北裏）"}],"3152":[{"pref":"愛知県","city":"豊橋市","town":"二川町（南裏）"}],"3153":[{"pref":"愛知県","city":"豊橋市","town":"二川町（東向山）"}],"3154":[{"pref":"愛知県","city":"豊橋市","town":"二川町（西向山）"}],"3155":[{"pref":"愛知県","city":"豊橋市","town":"二川町（その他）"}],"3201":[{"pref":"愛知県","city":"豊橋市","town":"東七根町"}],"3202":[{"pref":"愛知県","city":"豊橋市","town":"西七根町"}],"3203":[{"pref":"愛知県","city":"豊橋市","town":"高塚町"}],"3211":[{"pref":"愛知県","city":"豊橋市","town":"伊古部町"}],"3212":[{"pref":"愛知県","city":"豊橋市","town":"東赤沢町"}],"3213":[{"pref":"愛知県","city":"豊橋市","town":"西赤沢町"}],"3214":[{"pref":"愛知県","city":"豊橋市","town":"城下町"}],"3301":[{"pref":"愛知県","city":"豊橋市","town":"老津町"}],"3302":[{"pref":"愛知県","city":"豊橋市","town":"杉山町"}],"3400":[{"pref":"愛知県","city":"田原市","town":"以下に掲載がない場合"}],"3401":[{"pref":"愛知県","city":"田原市","town":"緑が浜"}],"3402":[{"pref":"愛知県","city":"田原市","town":"吉胡町"}],"3403":[{"pref":"愛知県","city":"田原市","town":"浦町"}],"3404":[{"pref":"愛知県","city":"田原市","town":"片浜町"}],"3405":[{"pref":"愛知県","city":"田原市","town":"姫見台"}],"3406":[{"pref":"愛知県","city":"田原市","town":"波瀬町"}],"3407":[{"pref":"愛知県","city":"田原市","town":"光崎"}],"3408":[{"pref":"愛知県","city":"田原市","town":"吉胡台"}],"3409":[{"pref":"愛知県","city":"田原市","town":"片西"}],"3411":[{"pref":"愛知県","city":"田原市","town":"やぐま台"}],"3412":[{"pref":"愛知県","city":"田原市","town":"谷熊町"}],"3413":[{"pref":"愛知県","city":"田原市","town":"六連町"}],"3414":[{"pref":"愛知県","city":"田原市","town":"東神戸町"}],"3415":[{"pref":"愛知県","city":"田原市","town":"神戸町"}],"3416":[{"pref":"愛知県","city":"田原市","town":"東赤石"}],"3417":[{"pref":"愛知県","city":"田原市","town":"豊島町"}],"3418":[{"pref":"愛知県","city":"田原市","town":"相川町"}],"3419":[{"pref":"愛知県","city":"田原市","town":"御殿山"}],"3421":[{"pref":"愛知県","city":"田原市","town":"田原町"}],"3422":[{"pref":"愛知県","city":"田原市","town":"赤石"}],"3423":[{"pref":"愛知県","city":"田原市","town":"西神戸町"}],"3424":[{"pref":"愛知県","city":"田原市","town":"南神戸町"}],"3425":[{"pref":"愛知県","city":"田原市","town":"大草町"}],"3426":[{"pref":"愛知県","city":"田原市","town":"大久保町"}],"3427":[{"pref":"愛知県","city":"田原市","town":"加治町"}],"3431":[{"pref":"愛知県","city":"田原市","town":"白谷町"}],"3432":[{"pref":"愛知県","city":"田原市","town":"野田町"}],"3433":[{"pref":"愛知県","city":"田原市","town":"芦町"}],"3434":[{"pref":"愛知県","city":"田原市","town":"ほると台"}],"3435":[{"pref":"愛知県","city":"田原市","town":"仁崎町"}],"3436":[{"pref":"愛知県","city":"田原市","town":"白浜"}],"3501":[{"pref":"愛知県","city":"田原市","town":"高松町"}],"3502":[{"pref":"愛知県","city":"田原市","town":"赤羽根町"}],"3503":[{"pref":"愛知県","city":"田原市","town":"若見町"}],"3504":[{"pref":"愛知県","city":"田原市","town":"越戸町"}],"3505":[{"pref":"愛知県","city":"田原市","town":"池尻町"}],"3601":[{"pref":"愛知県","city":"田原市","town":"宇津江町"}],"3602":[{"pref":"愛知県","city":"田原市","town":"八王子町"}],"3603":[{"pref":"愛知県","city":"田原市","town":"村松町"}],"3604":[{"pref":"愛知県","city":"田原市","town":"伊川津町"}],"3605":[{"pref":"愛知県","city":"田原市","town":"江比間町"}],"3606":[{"pref":"愛知県","city":"田原市","town":"馬伏町"}],"3607":[{"pref":"愛知県","city":"田原市","town":"夕陽が浜"}],"3608":[{"pref":"愛知県","city":"田原市","town":"折立町"}],"3609":[{"pref":"愛知県","city":"田原市","town":"長沢町"}],"3611":[{"pref":"愛知県","city":"田原市","town":"石神町"}],"3612":[{"pref":"愛知県","city":"田原市","town":"高木町"}],"3613":[{"pref":"愛知県","city":"田原市","town":"古田町"}],"3614":[{"pref":"愛知県","city":"田原市","town":"保美町"}],"3615":[{"pref":"愛知県","city":"田原市","town":"中山町"}],"3616":[{"pref":"愛知県","city":"田原市","town":"向山町"}],"3617":[{"pref":"愛知県","city":"田原市","town":"福江町"}],"3618":[{"pref":"愛知県","city":"田原市","town":"小中山町"}],"3619":[{"pref":"愛知県","city":"田原市","town":"西山町"}],"3621":[{"pref":"愛知県","city":"田原市","town":"山田町"}],"3622":[{"pref":"愛知県","city":"田原市","town":"和地町"}],"3623":[{"pref":"愛知県","city":"田原市","town":"日出町"}],"3624":[{"pref":"愛知県","city":"田原市","town":"伊良湖町"}],"3625":[{"pref":"愛知県","city":"田原市","town":"亀山町"}],"3626":[{"pref":"愛知県","city":"田原市","town":"小塩津町"}],"3627":[{"pref":"愛知県","city":"田原市","town":"堀切町"}],"8001":[{"pref":"愛知県","city":"豊橋市","town":"野田町"}],"8002":[{"pref":"愛知県","city":"豊橋市","town":"吉川町"}],"8003":[{"pref":"愛知県","city":"豊橋市","town":"小向町"}],"8004":[{"pref":"愛知県","city":"豊橋市","town":"吉前町"}],"8005":[{"pref":"愛知県","city":"豊橋市","town":"富久縞町"}],"8006":[{"pref":"愛知県","city":"豊橋市","town":"高洲町"}],"8007":[{"pref":"愛知県","city":"豊橋市","town":"馬見塚町"}],"8008":[{"pref":"愛知県","city":"豊橋市","town":"三ツ相町"}],"8011":[{"pref":"愛知県","city":"豊橋市","town":"菰口町"}],"8012":[{"pref":"愛知県","city":"豊橋市","town":"羽田町"}],"8013":[{"pref":"愛知県","city":"豊橋市","town":"花田一番町"}],"8014":[{"pref":"愛知県","city":"豊橋市","town":"花田二番町"}],"8015":[{"pref":"愛知県","city":"豊橋市","town":"築地町"}],"8016":[{"pref":"愛知県","city":"豊橋市","town":"新栄町"}],"8017":[{"pref":"愛知県","city":"豊橋市","town":"北側町"}],"8018":[{"pref":"愛知県","city":"豊橋市","town":"花田三番町"}],"8019":[{"pref":"愛知県","city":"豊橋市","town":"花田町（その他）"}],"8021":[{"pref":"愛知県","city":"豊橋市","town":"白河町"}],"8022":[{"pref":"愛知県","city":"豊橋市","town":"野黒町"}],"8023":[{"pref":"愛知県","city":"豊橋市","town":"八通町"}],"8024":[{"pref":"愛知県","city":"豊橋市","town":"花田町（後田）"},{"pref":"愛知県","city":"豊橋市","town":"花田町（西郷）"},{"pref":"愛知県","city":"豊橋市","town":"花田町（中郷）"}],"8025":[{"pref":"愛知県","city":"豊橋市","town":"羽根井町"}],"8026":[{"pref":"愛知県","city":"豊橋市","town":"羽根井西町"}],"8027":[{"pref":"愛知県","city":"豊橋市","town":"錦町"}],"8028":[{"pref":"愛知県","city":"豊橋市","town":"立花町"}],"8029":[{"pref":"愛知県","city":"豊橋市","town":"羽根井本町"}],"8031":[{"pref":"愛知県","city":"豊橋市","town":"中郷町"}],"8032":[{"pref":"愛知県","city":"豊橋市","town":"花中町"}],"8033":[{"pref":"愛知県","city":"豊橋市","town":"入船町"}],"8034":[{"pref":"愛知県","city":"豊橋市","town":"松村町"}],"8035":[{"pref":"愛知県","city":"豊橋市","town":"有楽町"}],"8036":[{"pref":"愛知県","city":"豊橋市","town":"東橋良町"}],"8037":[{"pref":"愛知県","city":"豊橋市","town":"中橋良町"}],"8038":[{"pref":"愛知県","city":"豊橋市","town":"堂坂町"}],"8039":[{"pref":"愛知県","city":"豊橋市","town":"西橋良町"}],"8041":[{"pref":"愛知県","city":"豊橋市","town":"柳生町"}],"8042":[{"pref":"愛知県","city":"豊橋市","town":"小池町"}],"8043":[{"pref":"愛知県","city":"豊橋市","town":"高師石塚町"}],"8044":[{"pref":"愛知県","city":"豊橋市","town":"南小池町"}],"8045":[{"pref":"愛知県","city":"豊橋市","town":"北丘町"}],"8046":[{"pref":"愛知県","city":"豊橋市","town":"福岡町"}],"8047":[{"pref":"愛知県","city":"豊橋市","town":"鴨田町"}],"8048":[{"pref":"愛知県","city":"豊橋市","town":"西小池町"}],"8051":[{"pref":"愛知県","city":"豊橋市","town":"柱四番町"}],"8052":[{"pref":"愛知県","city":"豊橋市","town":"柱三番町"}],"8053":[{"pref":"愛知県","city":"豊橋市","town":"柱二番町"}],"8054":[{"pref":"愛知県","city":"豊橋市","town":"柱一番町"}],"8055":[{"pref":"愛知県","city":"豊橋市","town":"柱九番町"}],"8056":[{"pref":"愛知県","city":"豊橋市","town":"柱八番町"}],"8057":[{"pref":"愛知県","city":"豊橋市","town":"柱七番町"}],"8058":[{"pref":"愛知県","city":"豊橋市","town":"柱六番町"}],"8059":[{"pref":"愛知県","city":"豊橋市","town":"柱五番町"}],"8061":[{"pref":"愛知県","city":"豊橋市","town":"藤沢町"}],"8062":[{"pref":"愛知県","city":"豊橋市","town":"東小浜町"}],"8063":[{"pref":"愛知県","city":"豊橋市","town":"橋良町"}],"8064":[{"pref":"愛知県","city":"豊橋市","town":"富本町"}],"8065":[{"pref":"愛知県","city":"豊橋市","town":"中浜町"}],"8066":[{"pref":"愛知県","city":"豊橋市","town":"王ケ崎町"}],"8067":[{"pref":"愛知県","city":"豊橋市","town":"小浜町"}],"8068":[{"pref":"愛知県","city":"豊橋市","town":"神ノ輪町"}],"8069":[{"pref":"愛知県","city":"豊橋市","town":"潮崎町"}],"8071":[{"pref":"愛知県","city":"豊橋市","town":"大山町"}],"8072":[{"pref":"愛知県","city":"豊橋市","town":"船渡町"}],"8073":[{"pref":"愛知県","city":"豊橋市","town":"大崎町"}],"8074":[{"pref":"愛知県","city":"豊橋市","town":"明海町"}],"8075":[{"pref":"愛知県","city":"豊橋市","town":"神野ふ頭町"}],"8076":[{"pref":"愛知県","city":"豊橋市","town":"神野西町"}],"8077":[{"pref":"愛知県","city":"豊橋市","town":"神野新田町"}],"8081":[{"pref":"愛知県","city":"豊橋市","town":"西羽田町"}],"8082":[{"pref":"愛知県","city":"豊橋市","town":"往完町"}],"8083":[{"pref":"愛知県","city":"豊橋市","town":"東脇"}],"8084":[{"pref":"愛知県","city":"豊橋市","town":"市場"}],"8085":[{"pref":"愛知県","city":"豊橋市","town":"青竹町"}],"8086":[{"pref":"愛知県","city":"豊橋市","town":"問屋町"}],"8087":[{"pref":"愛知県","city":"豊橋市","town":"牟呂町"}],"8088":[{"pref":"愛知県","city":"豊橋市","town":"牟呂市場町"}],"8089":[{"pref":"愛知県","city":"豊橋市","town":"牟呂大西町"}],"8090":[{"pref":"愛知県","city":"豊橋市","town":"牟呂公文町"}],"8091":[{"pref":"愛知県","city":"豊橋市","town":"牟呂水神町"}],"8092":[{"pref":"愛知県","city":"豊橋市","town":"牟呂外神町"}],"8093":[{"pref":"愛知県","city":"豊橋市","town":"牟呂中村町"}],"8101":[{"pref":"愛知県","city":"豊橋市","town":"山田町（瀬戸、郷、西山）"}],"8102":[{"pref":"愛知県","city":"豊橋市","town":"山田一番町"}],"8103":[{"pref":"愛知県","city":"豊橋市","town":"山田三番町"}],"8104":[{"pref":"愛知県","city":"豊橋市","town":"山田二番町"}],"8105":[{"pref":"愛知県","city":"豊橋市","town":"北山町"}],"8106":[{"pref":"愛知県","city":"豊橋市","town":"弥生町"}],"8107":[{"pref":"愛知県","city":"豊橋市","town":"南栄町"}],"8108":[{"pref":"愛知県","city":"豊橋市","town":"町畑町"}],"8109":[{"pref":"愛知県","city":"豊橋市","town":"小松町"}],"8111":[{"pref":"愛知県","city":"豊橋市","town":"江島町"}],"8112":[{"pref":"愛知県","city":"豊橋市","town":"牧野町"}],"8113":[{"pref":"愛知県","city":"豊橋市","town":"西幸町"}],"8114":[{"pref":"愛知県","city":"豊橋市","town":"藤並町"}],"8115":[{"pref":"愛知県","city":"豊橋市","town":"東高田町"}],"8116":[{"pref":"愛知県","city":"豊橋市","town":"高田町"}],"8117":[{"pref":"愛知県","city":"豊橋市","town":"浜道町"}],"8121":[{"pref":"愛知県","city":"豊橋市","town":"畑ケ田町"}],"8122":[{"pref":"愛知県","city":"豊橋市","town":"天伯町"}],"8123":[{"pref":"愛知県","city":"豊橋市","town":"若松町"}],"8124":[{"pref":"愛知県","city":"豊橋市","town":"野依町"}],"8125":[{"pref":"愛知県","city":"豊橋市","town":"野依台"}],"8131":[{"pref":"愛知県","city":"豊橋市","town":"東大清水町"}],"8132":[{"pref":"愛知県","city":"豊橋市","town":"南大清水町"}],"8133":[{"pref":"愛知県","city":"豊橋市","town":"大清水町"}],"8134":[{"pref":"愛知県","city":"豊橋市","town":"植田町"}],"8135":[{"pref":"愛知県","city":"豊橋市","town":"富士見台"}],"8141":[{"pref":"愛知県","city":"豊橋市","town":"草間町"}],"8142":[{"pref":"愛知県","city":"豊橋市","town":"向草間町"}],"8143":[{"pref":"愛知県","city":"豊橋市","town":"松井町"}],"8144":[{"pref":"愛知県","city":"豊橋市","town":"磯辺下地町"}],"8145":[{"pref":"愛知県","city":"豊橋市","town":"駒形町"}],"8146":[{"pref":"愛知県","city":"豊橋市","town":"城山町"}],"8147":[{"pref":"愛知県","city":"豊橋市","town":"内張町"}],"8148":[{"pref":"愛知県","city":"豊橋市","town":"一色町"}],"8149":[{"pref":"愛知県","city":"豊橋市","town":"中野町"}],"8151":[{"pref":"愛知県","city":"豊橋市","town":"曙町"}],"8152":[{"pref":"愛知県","city":"豊橋市","town":"三本木町"}],"8153":[{"pref":"愛知県","city":"豊橋市","town":"高師本郷町"}],"8154":[{"pref":"愛知県","city":"豊橋市","town":"西高師町"}],"8155":[{"pref":"愛知県","city":"豊橋市","town":"芦原町"}],"8156":[{"pref":"愛知県","city":"豊橋市","town":"高師町（小野）"},{"pref":"愛知県","city":"豊橋市","town":"高師町（北新切）"},{"pref":"愛知県","city":"豊橋市","town":"高師町（北原１、１－５７、５８、７６、８０～８６、４４番地）"},{"pref":"愛知県","city":"豊橋市","town":"高師町（西沢）"}],"8157":[{"pref":"愛知県","city":"豊橋市","town":"上野町"}],"0000":[{"pref":"愛知県","city":"豊橋市","town":"以下に掲載がない場合"}],"0155":[{"pref":"愛知県","city":"豊橋市","town":"梅薮町"}],"0154":[{"pref":"愛知県","city":"豊橋市","town":"梅薮西町"}],"0153":[{"pref":"愛知県","city":"豊橋市","town":"新西浜町"}],"0156":[{"pref":"愛知県","city":"豊橋市","town":"西浜町"}],"0151":[{"pref":"愛知県","city":"豊橋市","town":"日色野町"}],"0152":[{"pref":"愛知県","city":"豊橋市","town":"前芝町"}],"0204":[{"pref":"愛知県","city":"豊川市","town":"赤坂台"}],"0202":[{"pref":"愛知県","city":"豊川市","town":"赤坂町"}],"0105":[{"pref":"愛知県","city":"豊川市","town":"伊奈町"}],"0103":[{"pref":"愛知県","city":"豊川市","town":"小坂井町"}],"0213":[{"pref":"愛知県","city":"豊川市","town":"御油町（汲ケ谷）"}],"0212":[{"pref":"愛知県","city":"豊川市","town":"御油町（長谷山）"}],"0214":[{"pref":"愛知県","city":"豊川市","town":"御油町（東山）"}],"0215":[{"pref":"愛知県","city":"豊川市","town":"御油町（炮六土）"}],"0211":[{"pref":"愛知県","city":"豊川市","town":"御油町（その他）"}],"0102":[{"pref":"愛知県","city":"豊川市","town":"篠束町"}],"0101":[{"pref":"愛知県","city":"豊川市","town":"宿町"}],"0203":[{"pref":"愛知県","city":"豊川市","town":"長沢町"}],"0201":[{"pref":"愛知県","city":"豊川市","town":"萩町"}],"0104":[{"pref":"愛知県","city":"豊川市","town":"平井町"}],"0106":[{"pref":"愛知県","city":"豊川市","town":"美園"}],"0316":[{"pref":"愛知県","city":"豊川市","town":"御津町赤根"},{"pref":"愛知県","city":"豊川市","town":"御津町赤根角田"},{"pref":"愛知県","city":"豊川市","town":"御津町赤根神場"},{"pref":"愛知県","city":"豊川市","town":"御津町赤根柑子"},{"pref":"愛知県","city":"豊川市","town":"御津町赤根下川"},{"pref":"愛知県","city":"豊川市","town":"御津町赤根水神"},{"pref":"愛知県","city":"豊川市","town":"御津町赤根堤下"},{"pref":"愛知県","city":"豊川市","town":"御津町赤根天王"},{"pref":"愛知県","city":"豊川市","town":"御津町赤根百々"},{"pref":"愛知県","city":"豊川市","town":"御津町赤根仲田"},{"pref":"愛知県","city":"豊川市","town":"御津町赤根西半郷"},{"pref":"愛知県","city":"豊川市","town":"御津町赤根野竹"},{"pref":"愛知県","city":"豊川市","town":"御津町赤根半郷"},{"pref":"愛知県","city":"豊川市","town":"御津町赤根前浜"},{"pref":"愛知県","city":"豊川市","town":"御津町赤根松葉"},{"pref":"愛知県","city":"豊川市","town":"御津町赤根宮前"},{"pref":"愛知県","city":"豊川市","town":"御津町赤根屋敷"},{"pref":"愛知県","city":"豊川市","town":"御津町赤根谷田入"},{"pref":"愛知県","city":"豊川市","town":"御津町赤根山田"},{"pref":"愛知県","city":"豊川市","town":"御津町安礼の崎"}],"0315":[{"pref":"愛知県","city":"豊川市","town":"御津町大草"},{"pref":"愛知県","city":"豊川市","town":"御津町大草上竹"},{"pref":"愛知県","city":"豊川市","town":"御津町大草大森"},{"pref":"愛知県","city":"豊川市","town":"御津町大草神場"},{"pref":"愛知県","city":"豊川市","town":"御津町大草西郷"},{"pref":"愛知県","city":"豊川市","town":"御津町大草新田"},{"pref":"愛知県","city":"豊川市","town":"御津町大草神田"},{"pref":"愛知県","city":"豊川市","town":"御津町大草外新田"},{"pref":"愛知県","city":"豊川市","town":"御津町大草東郷"},{"pref":"愛知県","city":"豊川市","town":"御津町大草西浜"},{"pref":"愛知県","city":"豊川市","town":"御津町大草西分莚"},{"pref":"愛知県","city":"豊川市","town":"御津町大草分莚"},{"pref":"愛知県","city":"豊川市","town":"御津町大草向野"}],"0311":[{"pref":"愛知県","city":"豊川市","town":"御津町御馬"},{"pref":"愛知県","city":"豊川市","town":"御津町御馬梅田"},{"pref":"愛知県","city":"豊川市","town":"御津町御馬加美"},{"pref":"愛知県","city":"豊川市","town":"御津町御馬川端"},{"pref":"愛知県","city":"豊川市","town":"御津町御馬塩入"},{"pref":"愛知県","city":"豊川市","town":"御津町御馬塩浜"},{"pref":"愛知県","city":"豊川市","town":"御津町御馬膳田"},{"pref":"愛知県","city":"豊川市","town":"御津町御馬玉袋"},{"pref":"愛知県","city":"豊川市","town":"御津町御馬剱"},{"pref":"愛知県","city":"豊川市","town":"御津町御馬中島"},{"pref":"愛知県","city":"豊川市","town":"御津町御馬仲田"},{"pref":"愛知県","city":"豊川市","town":"御津町御馬長床"},{"pref":"愛知県","city":"豊川市","town":"御津町御馬流田"},{"pref":"愛知県","city":"豊川市","town":"御津町御馬西"},{"pref":"愛知県","city":"豊川市","town":"御津町御馬西梅"},{"pref":"愛知県","city":"豊川市","town":"御津町御馬野添"},{"pref":"愛知県","city":"豊川市","town":"御津町御馬浜田"},{"pref":"愛知県","city":"豊川市","town":"御津町御馬東"},{"pref":"愛知県","city":"豊川市","town":"御津町御馬宮浦"},{"pref":"愛知県","city":"豊川市","town":"御津町御馬向道"}],"0323":[{"pref":"愛知県","city":"豊川市","town":"御津町金野"},{"pref":"愛知県","city":"豊川市","town":"御津町金野青木"},{"pref":"愛知県","city":"豊川市","town":"御津町金野油田"},{"pref":"愛知県","city":"豊川市","town":"御津町金野石田"},{"pref":"愛知県","city":"豊川市","town":"御津町金野稲場"},{"pref":"愛知県","city":"豊川市","town":"御津町金野岩本"},{"pref":"愛知県","city":"豊川市","town":"御津町金野上野"},{"pref":"愛知県","city":"豊川市","town":"御津町金野籠田"},{"pref":"愛知県","city":"豊川市","town":"御津町金野上沢"},{"pref":"愛知県","city":"豊川市","town":"御津町金野観音寺"},{"pref":"愛知県","city":"豊川市","town":"御津町金野国坂"},{"pref":"愛知県","city":"豊川市","town":"御津町金野郷作"},{"pref":"愛知県","city":"豊川市","town":"御津町金野五反田"},{"pref":"愛知県","city":"豊川市","town":"御津町金野小根沢"},{"pref":"愛知県","city":"豊川市","town":"御津町金野猿沢"},{"pref":"愛知県","city":"豊川市","town":"御津町金野下"},{"pref":"愛知県","city":"豊川市","town":"御津町金野下ノ前"},{"pref":"愛知県","city":"豊川市","town":"御津町金野新砂田"},{"pref":"愛知県","city":"豊川市","town":"御津町金野新山影"},{"pref":"愛知県","city":"豊川市","town":"御津町金野砂田"},{"pref":"愛知県","city":"豊川市","town":"御津町金野竹入"},{"pref":"愛知県","city":"豊川市","town":"御津町金野足見"},{"pref":"愛知県","city":"豊川市","town":"御津町金野徳寒"},{"pref":"愛知県","city":"豊川市","town":"御津町金野中切"},{"pref":"愛知県","city":"豊川市","town":"御津町金野中畑"},{"pref":"愛知県","city":"豊川市","town":"御津町金野西沢"},{"pref":"愛知県","city":"豊川市","town":"御津町金野灰野坂"},{"pref":"愛知県","city":"豊川市","town":"御津町金野長谷沢"},{"pref":"愛知県","city":"豊川市","town":"御津町金野東河津"},{"pref":"愛知県","city":"豊川市","town":"御津町金野東田"},{"pref":"愛知県","city":"豊川市","town":"御津町金野東畑"},{"pref":"愛知県","city":"豊川市","town":"御津町金野桧河津"},{"pref":"愛知県","city":"豊川市","town":"御津町金野深沢"},{"pref":"愛知県","city":"豊川市","town":"御津町金野深田"},{"pref":"愛知県","city":"豊川市","town":"御津町金野袋田"},{"pref":"愛知県","city":"豊川市","town":"御津町金野藤ケ山"},{"pref":"愛知県","city":"豊川市","town":"御津町金野藤久保"},{"pref":"愛知県","city":"豊川市","town":"御津町金野見竹"},{"pref":"愛知県","city":"豊川市","town":"御津町金野山影"},{"pref":"愛知県","city":"豊川市","town":"御津町金野山本"},{"pref":"愛知県","city":"豊川市","town":"御津町金野横手"}],"0301":[{"pref":"愛知県","city":"豊川市","town":"御津町上佐脇"},{"pref":"愛知県","city":"豊川市","town":"御津町上佐脇雨田"},{"pref":"愛知県","city":"豊川市","town":"御津町上佐脇犬田"},{"pref":"愛知県","city":"豊川市","town":"御津町上佐脇大郡"},{"pref":"愛知県","city":"豊川市","town":"御津町上佐脇河原田"},{"pref":"愛知県","city":"豊川市","town":"御津町上佐脇観音堂"},{"pref":"愛知県","city":"豊川市","town":"御津町上佐脇北区"},{"pref":"愛知県","city":"豊川市","town":"御津町上佐脇中区"},{"pref":"愛知県","city":"豊川市","town":"御津町上佐脇西区"},{"pref":"愛知県","city":"豊川市","town":"御津町上佐脇西ノ貝津"},{"pref":"愛知県","city":"豊川市","town":"御津町上佐脇二本松"},{"pref":"愛知県","city":"豊川市","town":"御津町上佐脇野川"},{"pref":"愛知県","city":"豊川市","town":"御津町上佐脇野添"},{"pref":"愛知県","city":"豊川市","town":"御津町上佐脇花ノ木"},{"pref":"愛知県","city":"豊川市","town":"御津町上佐脇東区"},{"pref":"愛知県","city":"豊川市","town":"御津町上佐脇深田"},{"pref":"愛知県","city":"豊川市","town":"御津町上佐脇松下"},{"pref":"愛知県","city":"豊川市","town":"御津町上佐脇南区"},{"pref":"愛知県","city":"豊川市","town":"御津町上佐脇屋敷"},{"pref":"愛知県","city":"豊川市","town":"御津町上佐脇六反畑"}],"0304":[{"pref":"愛知県","city":"豊川市","town":"御津町佐脇浜"},{"pref":"愛知県","city":"豊川市","town":"御津町佐脇浜一号地"},{"pref":"愛知県","city":"豊川市","town":"御津町佐脇浜二号地"},{"pref":"愛知県","city":"豊川市","town":"御津町佐脇浜三号地"}],"0302":[{"pref":"愛知県","city":"豊川市","town":"御津町下佐脇"},{"pref":"愛知県","city":"豊川市","town":"御津町下佐脇洗出"},{"pref":"愛知県","city":"豊川市","town":"御津町下佐脇荒古"},{"pref":"愛知県","city":"豊川市","town":"御津町下佐脇新屋"},{"pref":"愛知県","city":"豊川市","town":"御津町下佐脇市場"},{"pref":"愛知県","city":"豊川市","town":"御津町下佐脇院田"},{"pref":"愛知県","city":"豊川市","town":"御津町下佐脇梅田"},{"pref":"愛知県","city":"豊川市","town":"御津町下佐脇籠畑"},{"pref":"愛知県","city":"豊川市","town":"御津町下佐脇鎌田"},{"pref":"愛知県","city":"豊川市","town":"御津町下佐脇河田"},{"pref":"愛知県","city":"豊川市","town":"御津町下佐脇北浦"},{"pref":"愛知県","city":"豊川市","town":"御津町下佐脇義郎"},{"pref":"愛知県","city":"豊川市","town":"御津町下佐脇九作"},{"pref":"愛知県","city":"豊川市","town":"御津町下佐脇郷中"},{"pref":"愛知県","city":"豊川市","town":"御津町下佐脇御所"},{"pref":"愛知県","city":"豊川市","town":"御津町下佐脇佐脇原"},{"pref":"愛知県","city":"豊川市","town":"御津町下佐脇新洗出"},{"pref":"愛知県","city":"豊川市","town":"御津町下佐脇新梅田"},{"pref":"愛知県","city":"豊川市","town":"御津町下佐脇新畑"},{"pref":"愛知県","city":"豊川市","town":"御津町下佐脇是願"},{"pref":"愛知県","city":"豊川市","town":"御津町下佐脇高畑"},{"pref":"愛知県","city":"豊川市","town":"御津町下佐脇田熊"},{"pref":"愛知県","city":"豊川市","town":"御津町下佐脇玉袋"},{"pref":"愛知県","city":"豊川市","town":"御津町下佐脇出口"},{"pref":"愛知県","city":"豊川市","town":"御津町下佐脇天神"},{"pref":"愛知県","city":"豊川市","town":"御津町下佐脇仲荒"},{"pref":"愛知県","city":"豊川市","town":"御津町下佐脇仲ノ坪"},{"pref":"愛知県","city":"豊川市","town":"御津町下佐脇縄口"},{"pref":"愛知県","city":"豊川市","town":"御津町下佐脇縄手"},{"pref":"愛知県","city":"豊川市","town":"御津町下佐脇野口"},{"pref":"愛知県","city":"豊川市","town":"御津町下佐脇野先"},{"pref":"愛知県","city":"豊川市","town":"御津町下佐脇八尻"},{"pref":"愛知県","city":"豊川市","town":"御津町下佐脇八反田"},{"pref":"愛知県","city":"豊川市","town":"御津町下佐脇羽鳥"},{"pref":"愛知県","city":"豊川市","town":"御津町下佐脇花ノ木"},{"pref":"愛知県","city":"豊川市","town":"御津町下佐脇浜道"},{"pref":"愛知県","city":"豊川市","town":"御津町下佐脇引通"},{"pref":"愛知県","city":"豊川市","town":"御津町下佐脇広野"},{"pref":"愛知県","city":"豊川市","town":"御津町下佐脇平次"},{"pref":"愛知県","city":"豊川市","town":"御津町下佐脇堀合"},{"pref":"愛知県","city":"豊川市","town":"御津町下佐脇待井"},{"pref":"愛知県","city":"豊川市","town":"御津町下佐脇都"},{"pref":"愛知県","city":"豊川市","town":"御津町下佐脇宮前"},{"pref":"愛知県","city":"豊川市","town":"御津町下佐脇宮本"},{"pref":"愛知県","city":"豊川市","town":"御津町下佐脇村上"},{"pref":"愛知県","city":"豊川市","town":"御津町下佐脇山崎"}],"0303":[{"pref":"愛知県","city":"豊川市","town":"御津町新田"},{"pref":"愛知県","city":"豊川市","town":"御津町新田洗出"},{"pref":"愛知県","city":"豊川市","town":"御津町新田新砂山"},{"pref":"愛知県","city":"豊川市","town":"御津町新田砂山"}],"0322":[{"pref":"愛知県","city":"豊川市","town":"御津町豊沢"},{"pref":"愛知県","city":"豊川市","town":"御津町豊沢赤羽根"},{"pref":"愛知県","city":"豊川市","town":"御津町豊沢石堂野"},{"pref":"愛知県","city":"豊川市","town":"御津町豊沢入ノ口"},{"pref":"愛知県","city":"豊川市","town":"御津町豊沢上野山"},{"pref":"愛知県","city":"豊川市","town":"御津町豊沢後田"},{"pref":"愛知県","city":"豊川市","town":"御津町豊沢大蔵"},{"pref":"愛知県","city":"豊川市","town":"御津町豊沢大沢"},{"pref":"愛知県","city":"豊川市","town":"御津町豊沢大坪"},{"pref":"愛知県","city":"豊川市","town":"御津町豊沢川原"},{"pref":"愛知県","city":"豊川市","town":"御津町豊沢久蔵"},{"pref":"愛知県","city":"豊川市","town":"御津町豊沢蔵下"},{"pref":"愛知県","city":"豊川市","town":"御津町豊沢小沢"},{"pref":"愛知県","city":"豊川市","town":"御津町豊沢小山"},{"pref":"愛知県","city":"豊川市","town":"御津町豊沢沢渡"},{"pref":"愛知県","city":"豊川市","town":"御津町豊沢篠川"},{"pref":"愛知県","city":"豊川市","town":"御津町豊沢新小山"},{"pref":"愛知県","city":"豊川市","town":"御津町豊沢新杉下"},{"pref":"愛知県","city":"豊川市","town":"御津町豊沢杉下"},{"pref":"愛知県","city":"豊川市","town":"御津町豊沢樽美"},{"pref":"愛知県","city":"豊川市","town":"御津町豊沢払田"},{"pref":"愛知県","city":"豊川市","town":"御津町豊沢引釣"},{"pref":"愛知県","city":"豊川市","town":"御津町豊沢松田"},{"pref":"愛知県","city":"豊川市","town":"御津町豊沢松ノ下"},{"pref":"愛知県","city":"豊川市","town":"御津町豊沢三沢"},{"pref":"愛知県","city":"豊川市","town":"御津町豊沢弥勒寺"},{"pref":"愛知県","city":"豊川市","town":"御津町豊沢薬堂"}],"0313":[{"pref":"愛知県","city":"豊川市","town":"御津町泙野"},{"pref":"愛知県","city":"豊川市","town":"御津町泙野楠木"},{"pref":"愛知県","city":"豊川市","town":"御津町泙野久呂下"},{"pref":"愛知県","city":"豊川市","town":"御津町泙野新屋敷"},{"pref":"愛知県","city":"豊川市","town":"御津町泙野高畑"},{"pref":"愛知県","city":"豊川市","town":"御津町泙野丁田"},{"pref":"愛知県","city":"豊川市","town":"御津町泙野仲田"},{"pref":"愛知県","city":"豊川市","town":"御津町泙野仲ノ坪"},{"pref":"愛知県","city":"豊川市","town":"御津町泙野浜新田"},{"pref":"愛知県","city":"豊川市","town":"御津町泙野堀合"},{"pref":"愛知県","city":"豊川市","town":"御津町泙野宮永"},{"pref":"愛知県","city":"豊川市","town":"御津町泙野村崎"},{"pref":"愛知県","city":"豊川市","town":"御津町泙野餅田"},{"pref":"愛知県","city":"豊川市","town":"御津町泙野柳原"},{"pref":"愛知県","city":"豊川市","town":"御津町泙野山下"},{"pref":"愛知県","city":"豊川市","town":"御津町泙野六角"},{"pref":"愛知県","city":"豊川市","town":"御津町泙野六反田"}],"0312":[{"pref":"愛知県","city":"豊川市","town":"御津町西方"},{"pref":"愛知県","city":"豊川市","town":"御津町西方揚浜"},{"pref":"愛知県","city":"豊川市","town":"御津町西方入浜"},{"pref":"愛知県","city":"豊川市","town":"御津町西方井領田"},{"pref":"愛知県","city":"豊川市","town":"御津町西方狐塚"},{"pref":"愛知県","city":"豊川市","town":"御津町西方九策"},{"pref":"愛知県","city":"豊川市","town":"御津町西方源農"},{"pref":"愛知県","city":"豊川市","town":"御津町西方小貝津"},{"pref":"愛知県","city":"豊川市","town":"御津町西方下浜道"},{"pref":"愛知県","city":"豊川市","town":"御津町西方常ノ口"},{"pref":"愛知県","city":"豊川市","town":"御津町西方長田"},{"pref":"愛知県","city":"豊川市","town":"御津町西方樋田"},{"pref":"愛知県","city":"豊川市","town":"御津町西方中道"},{"pref":"愛知県","city":"豊川市","town":"御津町西方中屋敷"},{"pref":"愛知県","city":"豊川市","town":"御津町西方梨野"},{"pref":"愛知県","city":"豊川市","town":"御津町西方浜田"},{"pref":"愛知県","city":"豊川市","town":"御津町西方日暮"},{"pref":"愛知県","city":"豊川市","town":"御津町西方広田"},{"pref":"愛知県","city":"豊川市","town":"御津町西方松本"},{"pref":"愛知県","city":"豊川市","town":"御津町西方宮長"}],"0321":[{"pref":"愛知県","city":"豊川市","town":"御津町広石"},{"pref":"愛知県","city":"豊川市","town":"御津町広石石堂野"},{"pref":"愛知県","city":"豊川市","town":"御津町広石市場"},{"pref":"愛知県","city":"豊川市","town":"御津町広石後畠"},{"pref":"愛知県","city":"豊川市","town":"御津町広石越川"},{"pref":"愛知県","city":"豊川市","town":"御津町広石金堂"},{"pref":"愛知県","city":"豊川市","town":"御津町広石蛇塚"},{"pref":"愛知県","city":"豊川市","town":"御津町広石高坂"},{"pref":"愛知県","city":"豊川市","town":"御津町広石小城前"},{"pref":"愛知県","city":"豊川市","town":"御津町広石五反田"},{"pref":"愛知県","city":"豊川市","town":"御津町広石小前"},{"pref":"愛知県","city":"豊川市","town":"御津町広石新宮山"},{"pref":"愛知県","city":"豊川市","town":"御津町広石千路"},{"pref":"愛知県","city":"豊川市","town":"御津町広石竹本"},{"pref":"愛知県","city":"豊川市","town":"御津町広石枋ケ坪"},{"pref":"愛知県","city":"豊川市","town":"御津町広石永井田"},{"pref":"愛知県","city":"豊川市","town":"御津町広石祢宜田"},{"pref":"愛知県","city":"豊川市","town":"御津町広石祓田"},{"pref":"愛知県","city":"豊川市","town":"御津町広石日暮"},{"pref":"愛知県","city":"豊川市","town":"御津町広石広国"},{"pref":"愛知県","city":"豊川市","town":"御津町広石船津"},{"pref":"愛知県","city":"豊川市","town":"御津町広石船山"},{"pref":"愛知県","city":"豊川市","town":"御津町広石神子田"},{"pref":"愛知県","city":"豊川市","town":"御津町広石御津山"},{"pref":"愛知県","city":"豊川市","town":"御津町広石横町"}],"0314":[{"pref":"愛知県","city":"豊川市","town":"御津町御幸浜"},{"pref":"愛知県","city":"豊川市","town":"御津町御幸浜一号地"}]}