{"0000":[{"pref":"福岡県","city":"北九州市若松区","town":"以下に掲載がない場合"}],"0141":[{"pref":"福岡県","city":"北九州市若松区","town":"青葉台東"}],"0143":[{"pref":"福岡県","city":"北九州市若松区","town":"青葉台西"}],"0142":[{"pref":"福岡県","city":"北九州市若松区","town":"青葉台南"}],"0175":[{"pref":"福岡県","city":"北九州市若松区","town":"赤岩町（１０～１２番地）"}],"0075":[{"pref":"福岡県","city":"北九州市若松区","town":"赤岩町（その他）"}],"0003":[{"pref":"福岡県","city":"北九州市若松区","town":"赤崎町"}],"0073":[{"pref":"福岡県","city":"北九州市若松区","town":"赤島町"}],"0122":[{"pref":"福岡県","city":"北九州市若松区","town":"蜑住"}],"0123":[{"pref":"福岡県","city":"北九州市若松区","town":"有毛"}],"0022":[{"pref":"福岡県","city":"北九州市若松区","town":"安瀬"}],"0124":[{"pref":"福岡県","city":"北九州市若松区","town":"安屋"}],"0071":[{"pref":"福岡県","city":"北九州市若松区","town":"今光"}],"0014":[{"pref":"福岡県","city":"北九州市若松区","town":"栄盛川町"}],"0032":[{"pref":"福岡県","city":"北九州市若松区","town":"老松"}],"0061":[{"pref":"福岡県","city":"北九州市若松区","town":"大池町"}],"0033":[{"pref":"福岡県","city":"北九州市若松区","town":"大井戸町"}],"0051":[{"pref":"福岡県","city":"北九州市若松区","town":"大谷町"}],"0133":[{"pref":"福岡県","city":"北九州市若松区","town":"大鳥居"}],"0008":[{"pref":"福岡県","city":"北九州市若松区","town":"小竹（１～１９５３、３００６～３００８番地、相川、鬼ケ坂、唐木、"},{"pref":"福岡県","city":"北九州市若松区","town":"椿、脇ノ浦）"}],"0108":[{"pref":"福岡県","city":"北九州市若松区","town":"小竹（その他）"}],"0134":[{"pref":"福岡県","city":"北九州市若松区","town":"乙丸"}],"0106":[{"pref":"福岡県","city":"北九州市若松区","town":"片山"}],"0015":[{"pref":"福岡県","city":"北九州市若松区","town":"上原町"}],"0105":[{"pref":"福岡県","city":"北九州市若松区","town":"鴨生田"}],"0023":[{"pref":"福岡県","city":"北九州市若松区","town":"北浜"}],"0027":[{"pref":"福岡県","city":"北九州市若松区","town":"北湊町"}],"0011":[{"pref":"福岡県","city":"北九州市若松区","town":"響南町"}],"0066":[{"pref":"福岡県","city":"北九州市若松区","town":"くきのうみ中央"}],"0054":[{"pref":"福岡県","city":"北九州市若松区","town":"久岐の浜"}],"0007":[{"pref":"福岡県","city":"北九州市若松区","town":"小石"}],"0001":[{"pref":"福岡県","city":"北九州市若松区","town":"小石本村町"}],"0046":[{"pref":"福岡県","city":"北九州市若松区","town":"小糸町"}],"0002":[{"pref":"福岡県","city":"北九州市若松区","town":"向洋町"}],"0132":[{"pref":"福岡県","city":"北九州市若松区","town":"小敷"}],"0139":[{"pref":"福岡県","city":"北九州市若松区","town":"小敷ひびきの"}],"0026":[{"pref":"福岡県","city":"北九州市若松区","town":"桜町"}],"0041":[{"pref":"福岡県","city":"北九州市若松区","town":"迫田町"}],"0131":[{"pref":"福岡県","city":"北九州市若松区","town":"塩屋"}],"0005":[{"pref":"福岡県","city":"北九州市若松区","town":"下原町"}],"0052":[{"pref":"福岡県","city":"北九州市若松区","town":"新大谷町"}],"0053":[{"pref":"福岡県","city":"北九州市若松区","town":"修多羅"}],"0148":[{"pref":"福岡県","city":"北九州市若松区","town":"高須"}],"0144":[{"pref":"福岡県","city":"北九州市若松区","town":"高須東"}],"0146":[{"pref":"福岡県","city":"北九州市若松区","town":"高須西"}],"0145":[{"pref":"福岡県","city":"北九州市若松区","town":"高須南"}],"0147":[{"pref":"福岡県","city":"北九州市若松区","town":"高須北"}],"0121":[{"pref":"福岡県","city":"北九州市若松区","town":"竹並"}],"0042":[{"pref":"福岡県","city":"北九州市若松区","town":"棚田町"}],"0076":[{"pref":"福岡県","city":"北九州市若松区","town":"童子丸"}],"0112":[{"pref":"福岡県","city":"北九州市若松区","town":"頓田"}],"0025":[{"pref":"福岡県","city":"北九州市若松区","town":"中川町"}],"0047":[{"pref":"福岡県","city":"北九州市若松区","town":"中畑町"}],"0013":[{"pref":"福岡県","city":"北九州市若松区","town":"波打町"}],"0004":[{"pref":"福岡県","city":"北九州市若松区","town":"西小石町"}],"0031":[{"pref":"福岡県","city":"北九州市若松区","town":"西園町"}],"0101":[{"pref":"福岡県","city":"北九州市若松区","town":"西天神町"}],"0043":[{"pref":"福岡県","city":"北九州市若松区","town":"西畑町"}],"0035":[{"pref":"福岡県","city":"北九州市若松区","town":"白山"}],"0104":[{"pref":"福岡県","city":"北九州市若松区","town":"畠田"}],"0055":[{"pref":"福岡県","city":"北九州市若松区","town":"畑谷町"}],"0136":[{"pref":"福岡県","city":"北九州市若松区","town":"花野路"}],"0024":[{"pref":"福岡県","city":"北九州市若松区","town":"浜町"}],"0113":[{"pref":"福岡県","city":"北九州市若松区","town":"払川"}],"0016":[{"pref":"福岡県","city":"北九州市若松区","town":"原町"}],"0017":[{"pref":"福岡県","city":"北九州市若松区","town":"東小石町"}],"0044":[{"pref":"福岡県","city":"北九州市若松区","town":"東畑町"}],"0102":[{"pref":"福岡県","city":"北九州市若松区","town":"東二島"}],"0135":[{"pref":"福岡県","city":"北九州市若松区","town":"ひびきの"}],"0138":[{"pref":"福岡県","city":"北九州市若松区","town":"ひびきの北"}],"0137":[{"pref":"福岡県","city":"北九州市若松区","town":"ひびきの南"}],"0021":[{"pref":"福岡県","city":"北九州市若松区","town":"響町"}],"0012":[{"pref":"福岡県","city":"北九州市若松区","town":"深町"}],"0065":[{"pref":"福岡県","city":"北九州市若松区","town":"藤木"}],"0074":[{"pref":"福岡県","city":"北九州市若松区","town":"藤ノ木"}],"0103":[{"pref":"福岡県","city":"北九州市若松区","town":"二島"}],"0062":[{"pref":"福岡県","city":"北九州市若松区","town":"古前"}],"0034":[{"pref":"福岡県","city":"北九州市若松区","town":"本町"}],"0109":[{"pref":"福岡県","city":"北九州市若松区","town":"南二島"}],"0006":[{"pref":"福岡県","city":"北九州市若松区","town":"宮前町"}],"0064":[{"pref":"福岡県","city":"北九州市若松区","town":"宮丸"}],"0111":[{"pref":"福岡県","city":"北九州市若松区","town":"柳崎町"}],"0036":[{"pref":"福岡県","city":"北九州市若松区","town":"山手町"}],"0045":[{"pref":"福岡県","city":"北九州市若松区","town":"山ノ堂町"}],"0072":[{"pref":"福岡県","city":"北九州市若松区","town":"百合野町"}],"0077":[{"pref":"福岡県","city":"北九州市若松区","town":"用勺町"}],"0063":[{"pref":"福岡県","city":"北九州市若松区","town":"和田町"}]}