{"0000":[{"pref":"福井県","city":"小浜市","town":"以下に掲載がない場合"}],"0037":[{"pref":"福井県","city":"小浜市","town":"相生"},{"pref":"福井県","city":"小浜市","town":"西相生"},{"pref":"福井県","city":"小浜市","town":"東相生"}],"0041":[{"pref":"福井県","city":"小浜市","town":"青井"}],"0105":[{"pref":"福井県","city":"小浜市","town":"阿納"}],"0106":[{"pref":"福井県","city":"小浜市","town":"阿納尻"}],"0044":[{"pref":"福井県","city":"小浜市","town":"荒木"},{"pref":"福井県","city":"小浜市","town":"黒駒"},{"pref":"福井県","city":"小浜市","town":"法海"},{"pref":"福井県","city":"小浜市","town":"飯盛"}],"0238":[{"pref":"福井県","city":"小浜市","town":"池河内"}],"0241":[{"pref":"福井県","city":"小浜市","town":"池田"},{"pref":"福井県","city":"小浜市","town":"市場"},{"pref":"福井県","city":"小浜市","town":"遠敷"},{"pref":"福井県","city":"小浜市","town":"検見坂"},{"pref":"福井県","city":"小浜市","town":"島"},{"pref":"福井県","city":"小浜市","town":"中村"}],"0027":[{"pref":"福井県","city":"小浜市","town":"生守"},{"pref":"福井県","city":"小浜市","town":"生守団地"}],"0005":[{"pref":"福井県","city":"小浜市","town":"板屋町"}],"0071":[{"pref":"福井県","city":"小浜市","town":"一番町"}],"0104":[{"pref":"福井県","city":"小浜市","town":"犬熊"}],"0234":[{"pref":"福井県","city":"小浜市","town":"上野"}],"0113":[{"pref":"福井県","city":"小浜市","town":"宇久"}],"0096":[{"pref":"福井県","city":"小浜市","town":"雲浜"}],"0077":[{"pref":"福井県","city":"小浜市","town":"駅前町"}],"0017":[{"pref":"福井県","city":"小浜市","town":"江古川"},{"pref":"福井県","city":"小浜市","town":"羽賀"}],"0221":[{"pref":"福井県","city":"小浜市","town":"大谷"}],"0078":[{"pref":"福井県","city":"小浜市","town":"大手町"}],"0223":[{"pref":"福井県","city":"小浜市","town":"大戸"},{"pref":"福井県","city":"小浜市","town":"加茂"}],"0004":[{"pref":"福井県","city":"小浜市","town":"大湊"},{"pref":"福井県","city":"小浜市","town":"小湊"},{"pref":"福井県","city":"小浜市","town":"湊"}],"0034":[{"pref":"福井県","city":"小浜市","town":"奥田縄"}],"0046":[{"pref":"福井県","city":"小浜市","town":"岡津"}],"0032":[{"pref":"福井県","city":"小浜市","town":"尾崎"}],"0055":[{"pref":"福井県","city":"小浜市","town":"小浜浅間"}],"0057":[{"pref":"福井県","city":"小浜市","town":"小浜飛鳥"}],"0085":[{"pref":"福井県","city":"小浜市","town":"小浜生玉"}],"0062":[{"pref":"福井県","city":"小浜市","town":"小浜今宮"}],"0056":[{"pref":"福井県","city":"小浜市","town":"小浜大原"}],"0053":[{"pref":"福井県","city":"小浜市","town":"小浜大宮"}],"0052":[{"pref":"福井県","city":"小浜市","town":"小浜男山"}],"0067":[{"pref":"福井県","city":"小浜市","town":"小浜鹿島"}],"0058":[{"pref":"福井県","city":"小浜市","town":"小浜香取"}],"0066":[{"pref":"福井県","city":"小浜市","town":"小浜神田"}],"0059":[{"pref":"福井県","city":"小浜市","town":"小浜貴船"}],"0083":[{"pref":"福井県","city":"小浜市","town":"小浜清滝"}],"0063":[{"pref":"福井県","city":"小浜市","town":"小浜酒井"}],"0086":[{"pref":"福井県","city":"小浜市","town":"小浜塩竈"}],"0051":[{"pref":"福井県","city":"小浜市","town":"小浜白鳥"}],"0069":[{"pref":"福井県","city":"小浜市","town":"小浜白鬚"}],"0087":[{"pref":"福井県","city":"小浜市","town":"小浜鈴鹿"}],"0065":[{"pref":"福井県","city":"小浜市","town":"小浜住吉"}],"0088":[{"pref":"福井県","city":"小浜市","town":"小浜多賀"}],"0064":[{"pref":"福井県","city":"小浜市","town":"小浜竜田"}],"0061":[{"pref":"福井県","city":"小浜市","town":"小浜玉前"}],"0082":[{"pref":"福井県","city":"小浜市","town":"小浜津島"}],"0068":[{"pref":"福井県","city":"小浜市","town":"小浜日吉"}],"0084":[{"pref":"福井県","city":"小浜市","town":"小浜広峰"}],"0357":[{"pref":"福井県","city":"小浜市","town":"小屋"}],"0112":[{"pref":"福井県","city":"小浜市","town":"加尾"}],"0003":[{"pref":"福井県","city":"小浜市","town":"学園町"}],"0116":[{"pref":"福井県","city":"小浜市","town":"堅海"}],"0045":[{"pref":"福井県","city":"小浜市","town":"加斗"},{"pref":"福井県","city":"小浜市","town":"上加斗"},{"pref":"福井県","city":"小浜市","town":"下加斗"}],"0242":[{"pref":"福井県","city":"小浜市","town":"金屋"},{"pref":"福井県","city":"小浜市","town":"中の宮"}],"0356":[{"pref":"福井県","city":"小浜市","town":"上田"}],"0022":[{"pref":"福井県","city":"小浜市","town":"上竹原"}],"0036":[{"pref":"福井県","city":"小浜市","town":"上中井"},{"pref":"福井県","city":"小浜市","town":"下中井"},{"pref":"福井県","city":"小浜市","town":"新滝"},{"pref":"福井県","city":"小浜市","town":"滝谷"},{"pref":"福井県","city":"小浜市","town":"中井"}],"0248":[{"pref":"福井県","city":"小浜市","town":"上根来"}],"0081":[{"pref":"福井県","city":"小浜市","town":"川崎"}],"0025":[{"pref":"福井県","city":"小浜市","town":"木崎"}],"0014":[{"pref":"福井県","city":"小浜市","town":"北川"},{"pref":"福井県","city":"小浜市","town":"高塚"}],"0002":[{"pref":"福井県","city":"小浜市","town":"北長町"},{"pref":"福井県","city":"小浜市","town":"北塩屋"}],"0035":[{"pref":"福井県","city":"小浜市","town":"口田縄"}],"0012":[{"pref":"福井県","city":"小浜市","town":"熊野"}],"0015":[{"pref":"福井県","city":"小浜市","town":"栗田"}],"0047":[{"pref":"福井県","city":"小浜市","town":"鯉川"}],"0107":[{"pref":"福井県","city":"小浜市","town":"甲ケ崎"}],"0231":[{"pref":"福井県","city":"小浜市","town":"国分"}],"0006":[{"pref":"福井県","city":"小浜市","town":"小松原"}],"0019":[{"pref":"福井県","city":"小浜市","town":"山王前"}],"0236":[{"pref":"福井県","city":"小浜市","town":"三分一"}],"0103":[{"pref":"福井県","city":"小浜市","town":"志積"}],"0235":[{"pref":"福井県","city":"小浜市","town":"四分一"}],"0355":[{"pref":"福井県","city":"小浜市","town":"下田"}],"0007":[{"pref":"福井県","city":"小浜市","town":"下竹原"},{"pref":"福井県","city":"小浜市","town":"西長町"}],"0246":[{"pref":"福井県","city":"小浜市","town":"下根来"}],"0095":[{"pref":"福井県","city":"小浜市","town":"城内"}],"0244":[{"pref":"福井県","city":"小浜市","town":"神宮寺"}],"0008":[{"pref":"福井県","city":"小浜市","town":"新小松原"}],"0222":[{"pref":"福井県","city":"小浜市","town":"新保"}],"0033":[{"pref":"福井県","city":"小浜市","town":"須縄"}],"0021":[{"pref":"福井県","city":"小浜市","town":"関"},{"pref":"福井県","city":"小浜市","town":"竹原"}],"0233":[{"pref":"福井県","city":"小浜市","town":"太興寺"}],"0351":[{"pref":"福井県","city":"小浜市","town":"田茂谷"}],"0101":[{"pref":"福井県","city":"小浜市","town":"田烏"}],"0224":[{"pref":"福井県","city":"小浜市","town":"竹長"}],"0026":[{"pref":"福井県","city":"小浜市","town":"多田"}],"0013":[{"pref":"福井県","city":"小浜市","town":"太良庄"}],"0072":[{"pref":"福井県","city":"小浜市","town":"千種"}],"0245":[{"pref":"福井県","city":"小浜市","town":"忠野"}],"0016":[{"pref":"福井県","city":"小浜市","town":"次吉"}],"0232":[{"pref":"福井県","city":"小浜市","town":"東市場"}],"0117":[{"pref":"福井県","city":"小浜市","town":"泊"}],"0247":[{"pref":"福井県","city":"小浜市","town":"中ノ畑"}],"0011":[{"pref":"福井県","city":"小浜市","town":"奈胡"}],"0111":[{"pref":"福井県","city":"小浜市","town":"西小川"}],"0043":[{"pref":"福井県","city":"小浜市","town":"西勢"}],"0091":[{"pref":"福井県","city":"小浜市","town":"西津"}],"0028":[{"pref":"福井県","city":"小浜市","town":"野代"}],"0074":[{"pref":"福井県","city":"小浜市","town":"後瀬町"}],"0042":[{"pref":"福井県","city":"小浜市","town":"東勢"}],"0226":[{"pref":"福井県","city":"小浜市","town":"平野"}],"0352":[{"pref":"福井県","city":"小浜市","town":"深谷"}],"0353":[{"pref":"福井県","city":"小浜市","town":"深野"}],"0001":[{"pref":"福井県","city":"小浜市","town":"福谷"}],"0054":[{"pref":"福井県","city":"小浜市","town":"伏原"}],"0023":[{"pref":"福井県","city":"小浜市","town":"府中"}],"0115":[{"pref":"福井県","city":"小浜市","town":"仏谷"}],"0097":[{"pref":"福井県","city":"小浜市","town":"堀屋敷"}],"0225":[{"pref":"福井県","city":"小浜市","town":"本保"}],"0018":[{"pref":"福井県","city":"小浜市","town":"松ケ崎"}],"0094":[{"pref":"福井県","city":"小浜市","town":"丸山"}],"0093":[{"pref":"福井県","city":"小浜市","town":"水取"}],"0075":[{"pref":"福井県","city":"小浜市","town":"南川町"}],"0249":[{"pref":"福井県","city":"小浜市","town":"宮の前"}],"0237":[{"pref":"福井県","city":"小浜市","town":"門前"}],"0102":[{"pref":"福井県","city":"小浜市","town":"矢代"}],"0031":[{"pref":"福井県","city":"小浜市","town":"谷田部"}],"0092":[{"pref":"福井県","city":"小浜市","town":"山手"}],"0076":[{"pref":"福井県","city":"小浜市","town":"湯岡"}],"0073":[{"pref":"福井県","city":"小浜市","town":"四谷町"}],"0243":[{"pref":"福井県","city":"小浜市","town":"竜前"}],"0114":[{"pref":"福井県","city":"小浜市","town":"若狭"}],"0024":[{"pref":"福井県","city":"小浜市","town":"和久里"}],"0354":[{"pref":"福井県","city":"小浜市","town":"和多田"}],"0363":[{"pref":"福井県","city":"大飯郡おおい町","town":"名田庄挙野"}],"0361":[{"pref":"福井県","city":"大飯郡おおい町","town":"名田庄挙原"},{"pref":"福井県","city":"大飯郡おおい町","town":"名田庄木谷"},{"pref":"福井県","city":"大飯郡おおい町","town":"名田庄出合"},{"pref":"福井県","city":"大飯郡おおい町","town":"名田庄虫谷"}],"0385":[{"pref":"福井県","city":"大飯郡おおい町","town":"名田庄井上"}],"0387":[{"pref":"福井県","city":"大飯郡おおい町","town":"名田庄奥坂本"}],"0371":[{"pref":"福井県","city":"大飯郡おおい町","town":"名田庄小倉"}],"0365":[{"pref":"福井県","city":"大飯郡おおい町","town":"名田庄小倉畑"}],"0386":[{"pref":"福井県","city":"大飯郡おおい町","town":"名田庄口坂本"}],"0383":[{"pref":"福井県","city":"大飯郡おおい町","town":"名田庄下"}],"0373":[{"pref":"福井県","city":"大飯郡おおい町","town":"名田庄染ケ谷"},{"pref":"福井県","city":"大飯郡おおい町","town":"名田庄槇谷"}],"0372":[{"pref":"福井県","city":"大飯郡おおい町","town":"名田庄堂本"}],"0374":[{"pref":"福井県","city":"大飯郡おおい町","town":"名田庄中"}],"0362":[{"pref":"福井県","city":"大飯郡おおい町","town":"名田庄永谷"}],"0384":[{"pref":"福井県","city":"大飯郡おおい町","town":"名田庄西谷"}],"0375":[{"pref":"福井県","city":"大飯郡おおい町","town":"名田庄納田終"}],"0382":[{"pref":"福井県","city":"大飯郡おおい町","town":"名田庄久坂"}],"0381":[{"pref":"福井県","city":"大飯郡おおい町","town":"名田庄三重"}],"0364":[{"pref":"福井県","city":"大飯郡おおい町","town":"名田庄虫鹿野"}]}