{"1101":[{"pref":"宮崎県","city":"日向市","town":"東郷町山陰乙（鳥川）"}],"1111":[{"pref":"宮崎県","city":"日向市","town":"美々津町"}],"1112":[{"pref":"宮崎県","city":"日向市","town":"幸脇"}],"1121":[{"pref":"宮崎県","city":"日向市","town":"東郷町山陰甲"}],"1200":[{"pref":"宮崎県","city":"児湯郡都農町","town":"以下に掲載がない場合"}],"1201":[{"pref":"宮崎県","city":"児湯郡都農町","town":"川北"}],"1300":[{"pref":"宮崎県","city":"児湯郡川南町","town":"以下に掲載がない場合"}],"1301":[{"pref":"宮崎県","city":"児湯郡川南町","town":"川南"}],"1302":[{"pref":"宮崎県","city":"児湯郡川南町","town":"平田"}],"1400":[{"pref":"宮崎県","city":"児湯郡新富町","town":"以下に掲載がない場合"}],"1401":[{"pref":"宮崎県","city":"児湯郡新富町","town":"日置"}],"1402":[{"pref":"宮崎県","city":"児湯郡新富町","town":"三納代"}],"1403":[{"pref":"宮崎県","city":"児湯郡新富町","town":"上富田"}],"1404":[{"pref":"宮崎県","city":"児湯郡新富町","town":"下富田"}],"1405":[{"pref":"宮崎県","city":"児湯郡新富町","town":"伊倉"}],"1406":[{"pref":"宮崎県","city":"児湯郡新富町","town":"新田"}],"1411":[{"pref":"宮崎県","city":"児湯郡新富町","town":"富田"}],"1412":[{"pref":"宮崎県","city":"児湯郡新富町","town":"富田東"}],"1413":[{"pref":"宮崎県","city":"児湯郡新富町","town":"富田西"}],"1414":[{"pref":"宮崎県","city":"児湯郡新富町","town":"富田南"}],"1415":[{"pref":"宮崎県","city":"児湯郡新富町","town":"富田北"}],"1601":[{"pref":"宮崎県","city":"宮崎市","town":"清武町木原"}],"1602":[{"pref":"宮崎県","city":"宮崎市","town":"清武町今泉"}],"1603":[{"pref":"宮崎県","city":"宮崎市","town":"清武町正手"}],"1604":[{"pref":"宮崎県","city":"宮崎市","town":"清武町船引"}],"1605":[{"pref":"宮崎県","city":"宮崎市","town":"清武町加納（番地）"}],"1606":[{"pref":"宮崎県","city":"宮崎市","town":"清武町池田台"}],"1607":[{"pref":"宮崎県","city":"宮崎市","town":"清武町加納（丁目）"}],"1608":[{"pref":"宮崎県","city":"宮崎市","town":"清武町池田台北"}],"1609":[{"pref":"宮崎県","city":"宮崎市","town":"清武町あさひ"}],"1611":[{"pref":"宮崎県","city":"宮崎市","town":"清武町新町"}],"1612":[{"pref":"宮崎県","city":"宮崎市","town":"清武町岡"}],"1613":[{"pref":"宮崎県","city":"宮崎市","town":"清武町西新町"}],"1701":[{"pref":"宮崎県","city":"宮崎市","town":"田野町甲"}],"1702":[{"pref":"宮崎県","city":"宮崎市","town":"田野町乙"}],"1703":[{"pref":"宮崎県","city":"宮崎市","town":"田野町あけぼの"}],"1704":[{"pref":"宮崎県","city":"宮崎市","town":"田野町南原"}],"1713":[{"pref":"宮崎県","city":"宮崎市","town":"高岡町上倉永（１２０６～１２６８番地、内の八重）"}],"1716":[{"pref":"宮崎県","city":"宮崎市","town":"細江（平和）"}],"1801":[{"pref":"宮崎県","city":"都城市","town":"山之口町富吉"}],"1802":[{"pref":"宮崎県","city":"都城市","town":"山之口町花木"}],"1803":[{"pref":"宮崎県","city":"都城市","town":"山之口町山之口（その他）"}],"1900":[{"pref":"宮崎県","city":"北諸県郡三股町","town":"以下に掲載がない場合"}],"1901":[{"pref":"宮崎県","city":"北諸県郡三股町","town":"樺山"}],"1902":[{"pref":"宮崎県","city":"北諸県郡三股町","town":"五本松"}],"1903":[{"pref":"宮崎県","city":"北諸県郡三股町","town":"稗田"}],"1904":[{"pref":"宮崎県","city":"北諸県郡三股町","town":"新馬場"}],"1905":[{"pref":"宮崎県","city":"北諸県郡三股町","town":"今市"}],"1906":[{"pref":"宮崎県","city":"北諸県郡三股町","town":"中原"}],"1907":[{"pref":"宮崎県","city":"北諸県郡三股町","town":"花見原"}],"1911":[{"pref":"宮崎県","city":"北諸県郡三股町","town":"長田"}],"1912":[{"pref":"宮崎県","city":"北諸県郡三股町","town":"宮村"}],"1913":[{"pref":"宮崎県","city":"北諸県郡三股町","town":"餅原"}],"1914":[{"pref":"宮崎県","city":"北諸県郡三股町","town":"蓼池"}],"2151":[{"pref":"宮崎県","city":"宮崎市","town":"熊野"}],"2152":[{"pref":"宮崎県","city":"宮崎市","town":"学園木花台北"}],"2153":[{"pref":"宮崎県","city":"宮崎市","town":"学園木花台南"}],"2154":[{"pref":"宮崎県","city":"宮崎市","town":"学園木花台桜"}],"2155":[{"pref":"宮崎県","city":"宮崎市","town":"学園木花台西"}],"2156":[{"pref":"宮崎県","city":"宮崎市","town":"鏡洲"}],"2161":[{"pref":"宮崎県","city":"宮崎市","town":"加江田"}],"2162":[{"pref":"宮崎県","city":"宮崎市","town":"青島"}],"2163":[{"pref":"宮崎県","city":"宮崎市","town":"青島西"}],"2164":[{"pref":"宮崎県","city":"宮崎市","town":"折生迫"}],"2301":[{"pref":"宮崎県","city":"宮崎市","town":"内海"}],"2401":[{"pref":"宮崎県","city":"日南市","town":"北郷町大藤"}],"2402":[{"pref":"宮崎県","city":"日南市","town":"北郷町郷之原"}],"2403":[{"pref":"宮崎県","city":"日南市","town":"北郷町北河内"}],"2511":[{"pref":"宮崎県","city":"日南市","town":"酒谷乙"}],"2512":[{"pref":"宮崎県","city":"日南市","town":"酒谷甲"}],"2513":[{"pref":"宮崎県","city":"日南市","town":"吉野方"}],"2514":[{"pref":"宮崎県","city":"日南市","town":"楠原"}],"2521":[{"pref":"宮崎県","city":"日南市","town":"東弁分乙"}],"2522":[{"pref":"宮崎県","city":"日南市","town":"東弁分甲"}],"2523":[{"pref":"宮崎県","city":"日南市","town":"松永"}],"2524":[{"pref":"宮崎県","city":"日南市","town":"殿所"}],"2525":[{"pref":"宮崎県","city":"日南市","town":"今町"}],"2531":[{"pref":"宮崎県","city":"日南市","town":"本町"}],"2532":[{"pref":"宮崎県","city":"日南市","town":"板敷"}],"2533":[{"pref":"宮崎県","city":"日南市","town":"星倉"}],"2534":[{"pref":"宮崎県","city":"日南市","town":"時任町"}],"2535":[{"pref":"宮崎県","city":"日南市","town":"飫肥"}],"2536":[{"pref":"宮崎県","city":"日南市","town":"吾田西"}],"2541":[{"pref":"宮崎県","city":"日南市","town":"吾田東（５～１１丁目）"}],"3141":[{"pref":"宮崎県","city":"日南市","town":"大堂津"}],"3142":[{"pref":"宮崎県","city":"日南市","town":"塩鶴"}],"3143":[{"pref":"宮崎県","city":"日南市","town":"下方"}],"3151":[{"pref":"宮崎県","city":"日南市","town":"上方"}],"3152":[{"pref":"宮崎県","city":"日南市","town":"毛吉田"}],"3153":[{"pref":"宮崎県","city":"日南市","town":"萩之嶺"}],"3154":[{"pref":"宮崎県","city":"日南市","town":"塚田甲"}],"3155":[{"pref":"宮崎県","city":"日南市","town":"塚田乙"}],"3156":[{"pref":"宮崎県","city":"日南市","town":"大窪"}],"3201":[{"pref":"宮崎県","city":"日南市","town":"南郷町津屋野"}],"3202":[{"pref":"宮崎県","city":"日南市","town":"南郷町中村甲"}],"3203":[{"pref":"宮崎県","city":"日南市","town":"南郷町谷之口"}],"3204":[{"pref":"宮崎県","city":"日南市","town":"南郷町中村乙"}],"3205":[{"pref":"宮崎県","city":"日南市","town":"南郷町西町"}],"3206":[{"pref":"宮崎県","city":"日南市","town":"南郷町南町"}],"3207":[{"pref":"宮崎県","city":"日南市","town":"南郷町東町"}],"3211":[{"pref":"宮崎県","city":"日南市","town":"南郷町贄波"}],"3212":[{"pref":"宮崎県","city":"日南市","town":"南郷町脇本"}],"3213":[{"pref":"宮崎県","city":"日南市","town":"南郷町潟上"}],"3214":[{"pref":"宮崎県","city":"日南市","town":"南郷町榎原"}],"3215":[{"pref":"宮崎県","city":"日南市","town":"南郷町榎原甲"}],"3216":[{"pref":"宮崎県","city":"日南市","town":"南郷町榎原乙"}],"3217":[{"pref":"宮崎県","city":"日南市","town":"南郷町榎原丙"}],"3311":[{"pref":"宮崎県","city":"串間市","town":"市木"}],"3531":[{"pref":"宮崎県","city":"串間市","town":"奈留"}],"3532":[{"pref":"宮崎県","city":"串間市","town":"大平"}],"3533":[{"pref":"宮崎県","city":"串間市","town":"一氏"}],"3534":[{"pref":"宮崎県","city":"串間市","town":"大矢取"}],"4151":[{"pref":"宮崎県","city":"えびの市","town":"向江"}],"4152":[{"pref":"宮崎県","city":"えびの市","town":"島内"}],"4153":[{"pref":"宮崎県","city":"えびの市","town":"浦"}],"4154":[{"pref":"宮崎県","city":"えびの市","town":"柳水流"}],"4155":[{"pref":"宮崎県","city":"えびの市","town":"亀沢"}],"4161":[{"pref":"宮崎県","city":"えびの市","town":"岡松"}],"4162":[{"pref":"宮崎県","city":"えびの市","town":"内竪"}],"4163":[{"pref":"宮崎県","city":"えびの市","town":"水流"}],"4164":[{"pref":"宮崎県","city":"えびの市","town":"昌明寺"}],"4165":[{"pref":"宮崎県","city":"えびの市","town":"西川北"}],"4221":[{"pref":"宮崎県","city":"えびの市","town":"栗下"}],"4222":[{"pref":"宮崎県","city":"えびの市","town":"小田"}],"4231":[{"pref":"宮崎県","city":"えびの市","town":"東長江浦"}],"4232":[{"pref":"宮崎県","city":"えびの市","town":"西長江浦"}],"4233":[{"pref":"宮崎県","city":"えびの市","town":"灰塚"}],"4234":[{"pref":"宮崎県","city":"えびの市","town":"永山"}],"4241":[{"pref":"宮崎県","city":"えびの市","town":"西郷"}],"4242":[{"pref":"宮崎県","city":"えびの市","town":"湯田"}],"4243":[{"pref":"宮崎県","city":"えびの市","town":"榎田"}],"4244":[{"pref":"宮崎県","city":"えびの市","town":"東川北"}],"4300":[{"pref":"宮崎県","city":"えびの市","town":"以下に掲載がない場合"}],"4301":[{"pref":"宮崎県","city":"えびの市","town":"原田"}],"4302":[{"pref":"宮崎県","city":"えびの市","town":"末永"}],"4303":[{"pref":"宮崎県","city":"えびの市","town":"池島"}],"4304":[{"pref":"宮崎県","city":"えびの市","town":"上江"}],"4305":[{"pref":"宮崎県","city":"えびの市","town":"前田"}],"4306":[{"pref":"宮崎県","city":"えびの市","town":"今西"}],"4311":[{"pref":"宮崎県","city":"えびの市","town":"大明司"}],"4312":[{"pref":"宮崎県","city":"えびの市","town":"坂元"}],"4313":[{"pref":"宮崎県","city":"えびの市","town":"杉水流"}],"4314":[{"pref":"宮崎県","city":"えびの市","town":"大河平"}],"4400":[{"pref":"宮崎県","city":"西諸県郡高原町","town":"以下に掲載がない場合"}],"4411":[{"pref":"宮崎県","city":"西諸県郡高原町","town":"広原"}],"4412":[{"pref":"宮崎県","city":"西諸県郡高原町","town":"西麓"}],"4413":[{"pref":"宮崎県","city":"西諸県郡高原町","town":"後川内"}],"4414":[{"pref":"宮崎県","city":"西諸県郡高原町","town":"蒲牟田"}],"4501":[{"pref":"宮崎県","city":"都城市","town":"高崎町笛水"}],"4502":[{"pref":"宮崎県","city":"都城市","town":"高崎町江平"}],"4503":[{"pref":"宮崎県","city":"都城市","town":"高崎町縄瀬"}],"4504":[{"pref":"宮崎県","city":"都城市","town":"高崎町東霧島"}],"4505":[{"pref":"宮崎県","city":"都城市","town":"高崎町大牟田"}],"4506":[{"pref":"宮崎県","city":"都城市","town":"高崎町前田"}],"4601":[{"pref":"宮崎県","city":"都城市","town":"山田町山田"}],"4602":[{"pref":"宮崎県","city":"都城市","town":"山田町中霧島"}],"0517":[{"pref":"宮崎県","city":"延岡市","town":"赤水町"}],"0507":[{"pref":"宮崎県","city":"延岡市","town":"旭ケ丘"}],"0503":[{"pref":"宮崎県","city":"延岡市","town":"伊形町"}],"0501":[{"pref":"宮崎県","city":"延岡市","town":"石田町"}],"0502":[{"pref":"宮崎県","city":"延岡市","town":"上伊形町"}],"0302":[{"pref":"宮崎県","city":"延岡市","town":"北浦町市振"}],"0301":[{"pref":"宮崎県","city":"延岡市","town":"北浦町古江"}],"0304":[{"pref":"宮崎県","city":"延岡市","town":"北浦町三川内"}],"0303":[{"pref":"宮崎県","city":"延岡市","town":"北浦町宮野浦"}],"0101":[{"pref":"宮崎県","city":"延岡市","town":"北川町川内名（その他）"}],"0102":[{"pref":"宮崎県","city":"延岡市","town":"北川町長井"}],"0505":[{"pref":"宮崎県","city":"延岡市","town":"北一ケ岡"}],"0514":[{"pref":"宮崎県","city":"延岡市","town":"櫛津町"}],"0322":[{"pref":"宮崎県","city":"延岡市","town":"熊野江町"}],"0504":[{"pref":"宮崎県","city":"延岡市","town":"下伊形町"}],"0512":[{"pref":"宮崎県","city":"延岡市","town":"新浜町"}],"0321":[{"pref":"宮崎県","city":"延岡市","town":"須美江町"}],"0516":[{"pref":"宮崎県","city":"延岡市","town":"鯛名町"}],"0513":[{"pref":"宮崎県","city":"延岡市","town":"土々呂町"}],"0511":[{"pref":"宮崎県","city":"延岡市","town":"松原町"}],"0506":[{"pref":"宮崎県","city":"延岡市","town":"南一ケ岡"}],"0515":[{"pref":"宮崎県","city":"延岡市","town":"妙見町"}],"0600":[{"pref":"宮崎県","city":"東臼杵郡門川町","town":"以下に掲載がない場合"}],"0602":[{"pref":"宮崎県","city":"東臼杵郡門川町","town":"庵川"}],"0605":[{"pref":"宮崎県","city":"東臼杵郡門川町","town":"庵川西"}],"0603":[{"pref":"宮崎県","city":"東臼杵郡門川町","town":"加草"}],"0611":[{"pref":"宮崎県","city":"東臼杵郡門川町","town":"門川尾末"}],"0614":[{"pref":"宮崎県","city":"東臼杵郡門川町","town":"上町"}],"0604":[{"pref":"宮崎県","city":"東臼杵郡門川町","town":"川内"}],"0615":[{"pref":"宮崎県","city":"東臼杵郡門川町","town":"栄ケ丘"}],"0624":[{"pref":"宮崎県","city":"東臼杵郡門川町","town":"城ケ丘"}],"0601":[{"pref":"宮崎県","city":"東臼杵郡門川町","town":"須賀崎"}],"0612":[{"pref":"宮崎県","city":"東臼杵郡門川町","town":"中須"}],"0622":[{"pref":"宮崎県","city":"東臼杵郡門川町","town":"西栄町"}],"0621":[{"pref":"宮崎県","city":"東臼杵郡門川町","town":"東栄町"}],"0626":[{"pref":"宮崎県","city":"東臼杵郡門川町","town":"平城西"}],"0625":[{"pref":"宮崎県","city":"東臼杵郡門川町","town":"平城東"}],"0613":[{"pref":"宮崎県","city":"東臼杵郡門川町","town":"本町"}],"0617":[{"pref":"宮崎県","city":"東臼杵郡門川町","town":"南ケ丘"}],"0616":[{"pref":"宮崎県","city":"東臼杵郡門川町","town":"南町"}],"0623":[{"pref":"宮崎県","city":"東臼杵郡門川町","town":"宮ケ原"}],"0901":[{"pref":"宮崎県","city":"東臼杵郡美郷町","town":"北郷宇納間"}],"0903":[{"pref":"宮崎県","city":"東臼杵郡美郷町","town":"北郷黒木"}],"0902":[{"pref":"宮崎県","city":"東臼杵郡美郷町","town":"北郷入下"}]}