{"0000":[{"pref":"愛知県","city":"刈谷市","town":"以下に掲載がない場合"}],"0027":[{"pref":"愛知県","city":"刈谷市","town":"相生町"}],"0838":[{"pref":"愛知県","city":"刈谷市","town":"逢妻町"}],"0014":[{"pref":"愛知県","city":"刈谷市","town":"青山町"}],"0032":[{"pref":"愛知県","city":"刈谷市","town":"朝日町"}],"0814":[{"pref":"愛知県","city":"刈谷市","town":"荒井町"}],"0001":[{"pref":"愛知県","city":"刈谷市","town":"井ケ谷町"}],"0044":[{"pref":"愛知県","city":"刈谷市","town":"池田町"}],"0022":[{"pref":"愛知県","city":"刈谷市","town":"一色町"}],"0004":[{"pref":"愛知県","city":"刈谷市","town":"泉田町"}],"0801":[{"pref":"愛知県","city":"刈谷市","town":"板倉町"}],"0041":[{"pref":"愛知県","city":"刈谷市","town":"一番町"}],"0002":[{"pref":"愛知県","city":"刈谷市","town":"一里山町"}],"0038":[{"pref":"愛知県","city":"刈谷市","town":"稲場町"}],"0008":[{"pref":"愛知県","city":"刈谷市","town":"今岡町"}],"0005":[{"pref":"愛知県","city":"刈谷市","town":"今川町"}],"0857":[{"pref":"愛知県","city":"刈谷市","town":"大手町"}],"0813":[{"pref":"愛知県","city":"刈谷市","town":"小垣江町"}],"0808":[{"pref":"愛知県","city":"刈谷市","town":"沖野町"}],"0043":[{"pref":"愛知県","city":"刈谷市","town":"小山町"}],"0013":[{"pref":"愛知県","city":"刈谷市","town":"恩田町"}],"0012":[{"pref":"愛知県","city":"刈谷市","town":"上重原町"}],"0851":[{"pref":"愛知県","city":"刈谷市","town":"神田町"}],"0845":[{"pref":"愛知県","city":"刈谷市","town":"銀座"}],"0831":[{"pref":"愛知県","city":"刈谷市","town":"熊野町"}],"0856":[{"pref":"愛知県","city":"刈谷市","town":"寿町"}],"0837":[{"pref":"愛知県","city":"刈谷市","town":"衣崎町"}],"0025":[{"pref":"愛知県","city":"刈谷市","town":"幸町"}],"0028":[{"pref":"愛知県","city":"刈谷市","town":"桜町"}],"0023":[{"pref":"愛知県","city":"刈谷市","town":"重原本町"}],"0024":[{"pref":"愛知県","city":"刈谷市","town":"下重原町"}],"0806":[{"pref":"愛知県","city":"刈谷市","town":"松栄町"}],"0029":[{"pref":"愛知県","city":"刈谷市","town":"昭和町"}],"0833":[{"pref":"愛知県","city":"刈谷市","town":"城町"}],"0843":[{"pref":"愛知県","city":"刈谷市","town":"新栄町"}],"0015":[{"pref":"愛知県","city":"刈谷市","town":"新田町"}],"0045":[{"pref":"愛知県","city":"刈谷市","town":"新富町"}],"0034":[{"pref":"愛知県","city":"刈谷市","town":"神明町"}],"0802":[{"pref":"愛知県","city":"刈谷市","town":"末広町"}],"0852":[{"pref":"愛知県","city":"刈谷市","town":"住吉町"}],"0855":[{"pref":"愛知県","city":"刈谷市","town":"大正町"}],"0037":[{"pref":"愛知県","city":"刈谷市","town":"高倉町"}],"0812":[{"pref":"愛知県","city":"刈谷市","town":"高須町"}],"0047":[{"pref":"愛知県","city":"刈谷市","town":"高津波町"}],"0853":[{"pref":"愛知県","city":"刈谷市","town":"高松町"}],"0847":[{"pref":"愛知県","city":"刈谷市","town":"宝町"}],"0811":[{"pref":"愛知県","city":"刈谷市","town":"田町"}],"0011":[{"pref":"愛知県","city":"刈谷市","town":"築地町"}],"0834":[{"pref":"愛知県","city":"刈谷市","town":"司町"}],"0846":[{"pref":"愛知県","city":"刈谷市","town":"寺横町"}],"0824":[{"pref":"愛知県","city":"刈谷市","town":"天王町"}],"0031":[{"pref":"愛知県","city":"刈谷市","town":"東新町"}],"0842":[{"pref":"愛知県","city":"刈谷市","town":"東陽町"}],"0848":[{"pref":"愛知県","city":"刈谷市","town":"豊田町"}],"0823":[{"pref":"愛知県","city":"刈谷市","town":"中川町"}],"0815":[{"pref":"愛知県","city":"刈谷市","town":"中島町"}],"0049":[{"pref":"愛知県","city":"刈谷市","town":"中手町"}],"0026":[{"pref":"愛知県","city":"刈谷市","town":"中山町"}],"0006":[{"pref":"愛知県","city":"刈谷市","town":"西境町"}],"0862":[{"pref":"愛知県","city":"刈谷市","town":"野田新町"}],"0803":[{"pref":"愛知県","city":"刈谷市","town":"野田町"}],"0861":[{"pref":"愛知県","city":"刈谷市","town":"半城土北町"}],"0804":[{"pref":"愛知県","city":"刈谷市","town":"半城土町"}],"0805":[{"pref":"愛知県","city":"刈谷市","town":"半城土中町"}],"0816":[{"pref":"愛知県","city":"刈谷市","town":"半城土西町"}],"0021":[{"pref":"愛知県","city":"刈谷市","town":"八軒町"}],"0832":[{"pref":"愛知県","city":"刈谷市","town":"八幡町"}],"0836":[{"pref":"愛知県","city":"刈谷市","town":"浜町"}],"0039":[{"pref":"愛知県","city":"刈谷市","town":"原崎町"}],"0810":[{"pref":"愛知県","city":"刈谷市","town":"場割町"}],"0807":[{"pref":"愛知県","city":"刈谷市","town":"東刈谷町"}],"0007":[{"pref":"愛知県","city":"刈谷市","town":"東境町"}],"0046":[{"pref":"愛知県","city":"刈谷市","town":"日高町"}],"0003":[{"pref":"愛知県","city":"刈谷市","town":"一ツ木町"}],"0844":[{"pref":"愛知県","city":"刈谷市","town":"広小路"}],"0042":[{"pref":"愛知県","city":"刈谷市","town":"広見町"}],"0854":[{"pref":"愛知県","city":"刈谷市","town":"富士見町"}],"0822":[{"pref":"愛知県","city":"刈谷市","town":"松坂町"}],"0033":[{"pref":"愛知県","city":"刈谷市","town":"丸田町"}],"0048":[{"pref":"愛知県","city":"刈谷市","town":"三田町"}],"0835":[{"pref":"愛知県","city":"刈谷市","town":"港町"}],"0809":[{"pref":"愛知県","city":"刈谷市","town":"南沖野町"}],"0841":[{"pref":"愛知県","city":"刈谷市","town":"南桜町"}],"0821":[{"pref":"愛知県","city":"刈谷市","town":"御幸町"}],"0825":[{"pref":"愛知県","city":"刈谷市","town":"元町"}],"0035":[{"pref":"愛知県","city":"刈谷市","town":"矢場町"}],"0036":[{"pref":"愛知県","city":"刈谷市","town":"山池町"}],"0858":[{"pref":"愛知県","city":"刈谷市","town":"若松町"}]}