{"0000":[{"pref":"大阪府","city":"交野市","town":"以下に掲載がない場合"}],"0066":[{"pref":"大阪府","city":"交野市","town":"青山"}],"0034":[{"pref":"大阪府","city":"交野市","town":"天野が原町"}],"0054":[{"pref":"大阪府","city":"交野市","town":"幾野"}],"0042":[{"pref":"大阪府","city":"交野市","town":"梅が枝"}],"0033":[{"pref":"大阪府","city":"交野市","town":"私市（丁目）"}],"0004":[{"pref":"大阪府","city":"交野市","town":"私市（番地）"}],"0032":[{"pref":"大阪府","city":"交野市","town":"私市山手"}],"0052":[{"pref":"大阪府","city":"交野市","town":"私部（丁目）"}],"0002":[{"pref":"大阪府","city":"交野市","town":"私部（番地）"}],"0041":[{"pref":"大阪府","city":"交野市","town":"私部西"}],"0035":[{"pref":"大阪府","city":"交野市","town":"私部南"}],"0051":[{"pref":"大阪府","city":"交野市","town":"倉治（丁目）"}],"0001":[{"pref":"大阪府","city":"交野市","town":"倉治（番地）"}],"0053":[{"pref":"大阪府","city":"交野市","town":"郡津"}],"0062":[{"pref":"大阪府","city":"交野市","town":"神宮寺"}],"0063":[{"pref":"大阪府","city":"交野市","town":"寺（丁目）"}],"0006":[{"pref":"大阪府","city":"交野市","town":"寺（番地）"}],"0064":[{"pref":"大阪府","city":"交野市","town":"寺南野"}],"0013":[{"pref":"大阪府","city":"交野市","town":"南星台"}],"0061":[{"pref":"大阪府","city":"交野市","town":"東倉治"}],"0022":[{"pref":"大阪府","city":"交野市","town":"藤が尾"}],"0003":[{"pref":"大阪府","city":"交野市","town":"傍示"}],"0016":[{"pref":"大阪府","city":"交野市","town":"星田（丁目）"}],"0011":[{"pref":"大阪府","city":"交野市","town":"星田（番地）"}],"0014":[{"pref":"大阪府","city":"交野市","town":"星田山手"}],"0015":[{"pref":"大阪府","city":"交野市","town":"星田西"}],"0017":[{"pref":"大阪府","city":"交野市","town":"星田北"}],"0043":[{"pref":"大阪府","city":"交野市","town":"松塚"}],"0021":[{"pref":"大阪府","city":"交野市","town":"妙見坂"}],"0012":[{"pref":"大阪府","city":"交野市","town":"妙見東"}],"0065":[{"pref":"大阪府","city":"交野市","town":"向井田"}],"0005":[{"pref":"大阪府","city":"交野市","town":"森"}],"0031":[{"pref":"大阪府","city":"交野市","town":"森南"}],"0036":[{"pref":"大阪府","city":"交野市","town":"森北"}]}