{"0000":[{"pref":"福井県","city":"大野市","town":"以下に掲載がない場合"}],"0068":[{"pref":"福井県","city":"大野市","town":"茜町"}],"0205":[{"pref":"福井県","city":"大野市","town":"朝日"}],"0201":[{"pref":"福井県","city":"大野市","town":"朝日前坂"}],"0063":[{"pref":"福井県","city":"大野市","town":"阿難祖地頭方"},{"pref":"福井県","city":"大野市","town":"阿難祖領家"}],"0035":[{"pref":"福井県","city":"大野市","town":"有明町"}],"0134":[{"pref":"福井県","city":"大野市","town":"石谷"}],"0086":[{"pref":"福井県","city":"大野市","town":"泉町"},{"pref":"福井県","city":"大野市","town":"清水"}],"0206":[{"pref":"福井県","city":"大野市","town":"板倉"}],"0054":[{"pref":"福井県","city":"大野市","town":"糸魚町"}],"0091":[{"pref":"福井県","city":"大野市","town":"犬山"},{"pref":"福井県","city":"大野市","town":"牛ケ原"}],"0826":[{"pref":"福井県","city":"大野市","town":"井ノ口"}],"0404":[{"pref":"福井県","city":"大野市","town":"猪島"}],"0072":[{"pref":"福井県","city":"大野市","town":"飯降"}],"0424":[{"pref":"福井県","city":"大野市","town":"今井"}],"0067":[{"pref":"福井県","city":"大野市","town":"右近次郎"}],"0813":[{"pref":"福井県","city":"大野市","town":"上野"}],"0435":[{"pref":"福井県","city":"大野市","town":"榎"}],"0005":[{"pref":"福井県","city":"大野市","town":"太田"}],"0132":[{"pref":"福井県","city":"大野市","town":"大月"}],"0001":[{"pref":"福井県","city":"大野市","town":"大矢戸"}],"0144":[{"pref":"福井県","city":"大野市","town":"小黒見"}],"0146":[{"pref":"福井県","city":"大野市","town":"落合"}],"0204":[{"pref":"福井県","city":"大野市","town":"貝皿"}],"0416":[{"pref":"福井県","city":"大野市","town":"開発"}],"0147":[{"pref":"福井県","city":"大野市","town":"柿ケ嶋"}],"0217":[{"pref":"福井県","city":"大野市","town":"角野"}],"0202":[{"pref":"福井県","city":"大野市","town":"角野前坂"}],"0053":[{"pref":"福井県","city":"大野市","town":"春日"}],"0026":[{"pref":"福井県","city":"大野市","town":"要町"}],"0814":[{"pref":"福井県","city":"大野市","town":"上麻生嶋"},{"pref":"福井県","city":"大野市","town":"川嶋"}],"0074":[{"pref":"福井県","city":"大野市","town":"上荒井"}],"0151":[{"pref":"福井県","city":"大野市","town":"上打波"}],"0216":[{"pref":"福井県","city":"大野市","town":"上大納"}],"0076":[{"pref":"福井県","city":"大野市","town":"上黒谷"}],"0064":[{"pref":"福井県","city":"大野市","town":"上舌"}],"0221":[{"pref":"福井県","city":"大野市","town":"上半原"}],"0094":[{"pref":"福井県","city":"大野市","town":"上丁"}],"0087":[{"pref":"福井県","city":"大野市","town":"亀山"},{"pref":"福井県","city":"大野市","town":"城町"}],"0218":[{"pref":"福井県","city":"大野市","town":"川合"}],"0824":[{"pref":"福井県","city":"大野市","town":"木落"}],"0402":[{"pref":"福井県","city":"大野市","town":"北御門"}],"0143":[{"pref":"福井県","city":"大野市","town":"金山"}],"0043":[{"pref":"福井県","city":"大野市","town":"国時町"}],"0071":[{"pref":"福井県","city":"大野市","town":"鍬掛"}],"0412":[{"pref":"福井県","city":"大野市","town":"御給"}],"0421":[{"pref":"福井県","city":"大野市","town":"五條方"}],"0433":[{"pref":"福井県","city":"大野市","town":"木本"}],"0002":[{"pref":"福井県","city":"大野市","town":"小矢戸"}],"0133":[{"pref":"福井県","city":"大野市","town":"御領"}],"0047":[{"pref":"福井県","city":"大野市","town":"幸町"}],"0044":[{"pref":"福井県","city":"大野市","town":"桜塚町"}],"0422":[{"pref":"福井県","city":"大野市","town":"佐開"}],"0061":[{"pref":"福井県","city":"大野市","town":"篠座"},{"pref":"福井県","city":"大野市","town":"篠座町"}],"0815":[{"pref":"福井県","city":"大野市","town":"下麻生嶋"}],"0152":[{"pref":"福井県","city":"大野市","town":"下打波"}],"0215":[{"pref":"福井県","city":"大野市","town":"下大納"}],"0075":[{"pref":"福井県","city":"大野市","town":"下黒谷"}],"0432":[{"pref":"福井県","city":"大野市","town":"下郷"}],"0431":[{"pref":"福井県","city":"大野市","town":"下据"},{"pref":"福井県","city":"大野市","town":"西里"}],"0065":[{"pref":"福井県","city":"大野市","town":"下舌"}],"0211":[{"pref":"福井県","city":"大野市","town":"下半原"}],"0207":[{"pref":"福井県","city":"大野市","town":"下山"}],"0822":[{"pref":"福井県","city":"大野市","town":"下唯野"}],"0095":[{"pref":"福井県","city":"大野市","town":"下丁"}],"0423":[{"pref":"福井県","city":"大野市","town":"下若生子"}],"0006":[{"pref":"福井県","city":"大野市","town":"庄林"}],"0041":[{"pref":"福井県","city":"大野市","town":"菖蒲池"}],"0801":[{"pref":"福井県","city":"大野市","town":"新河原"}],"0085":[{"pref":"福井県","city":"大野市","town":"新庄"}],"0825":[{"pref":"福井県","city":"大野市","town":"新塚原"},{"pref":"福井県","city":"大野市","town":"塚原"}],"0802":[{"pref":"福井県","city":"大野市","town":"新田"}],"0027":[{"pref":"福井県","city":"大野市","town":"新町"}],"0046":[{"pref":"福井県","city":"大野市","town":"神明"},{"pref":"福井県","city":"大野市","town":"神明町"}],"0092":[{"pref":"福井県","city":"大野市","town":"清瀧"}],"0032":[{"pref":"福井県","city":"大野市","town":"清和町"}],"0055":[{"pref":"福井県","city":"大野市","town":"高砂町"}],"0827":[{"pref":"福井県","city":"大野市","town":"田野"}],"0062":[{"pref":"福井県","city":"大野市","town":"千歳"}],"0031":[{"pref":"福井県","city":"大野市","town":"月美町"}],"0811":[{"pref":"福井県","city":"大野市","town":"土打"}],"0805":[{"pref":"福井県","city":"大野市","town":"土布子"}],"0084":[{"pref":"福井県","city":"大野市","town":"天神町"}],"0415":[{"pref":"福井県","city":"大野市","town":"稲郷"}],"0145":[{"pref":"福井県","city":"大野市","town":"堂嶋"}],"0013":[{"pref":"福井県","city":"大野市","town":"堂本"}],"0803":[{"pref":"福井県","city":"大野市","town":"富嶋"}],"0812":[{"pref":"福井県","city":"大野市","town":"富塚"}],"0016":[{"pref":"福井県","city":"大野市","town":"友江"}],"0411":[{"pref":"福井県","city":"大野市","town":"友兼"}],"0023":[{"pref":"福井県","city":"大野市","town":"中荒井"},{"pref":"福井県","city":"大野市","town":"中荒井町"}],"0437":[{"pref":"福井県","city":"大野市","town":"中据"}],"0004":[{"pref":"福井県","city":"大野市","town":"中津川"}],"0021":[{"pref":"福井県","city":"大野市","town":"中野"},{"pref":"福井県","city":"大野市","town":"中野町"}],"0214":[{"pref":"福井県","city":"大野市","town":"長野"}],"0015":[{"pref":"福井県","city":"大野市","town":"中挾"}],"0014":[{"pref":"福井県","city":"大野市","town":"中保"}],"0093":[{"pref":"福井県","city":"大野市","town":"中丁"}],"0821":[{"pref":"福井県","city":"大野市","town":"七板"}],"0007":[{"pref":"福井県","city":"大野市","town":"西市"}],"0003":[{"pref":"福井県","city":"大野市","town":"西大月"},{"pref":"福井県","city":"大野市","town":"東大月"}],"0155":[{"pref":"福井県","city":"大野市","town":"西勝原"}],"0024":[{"pref":"福井県","city":"大野市","town":"錦町"}],"0436":[{"pref":"福井県","city":"大野市","town":"西据"}],"0426":[{"pref":"福井県","city":"大野市","town":"西山"}],"0213":[{"pref":"福井県","city":"大野市","town":"野尻"}],"0203":[{"pref":"福井県","city":"大野市","town":"後野"}],"0414":[{"pref":"福井県","city":"大野市","town":"野中"}],"0212":[{"pref":"福井県","city":"大野市","town":"箱ケ瀬"}],"0141":[{"pref":"福井県","city":"大野市","town":"橋爪"}],"0138":[{"pref":"福井県","city":"大野市","town":"花房"}],"0137":[{"pref":"福井県","city":"大野市","town":"萩ケ野"}],"0222":[{"pref":"福井県","city":"大野市","town":"東市布"}],"0154":[{"pref":"福井県","city":"大野市","town":"東勝原"}],"0042":[{"pref":"福井県","city":"大野市","town":"東中"},{"pref":"福井県","city":"大野市","town":"東中町"}],"0017":[{"pref":"福井県","city":"大野市","town":"東中野"}],"0413":[{"pref":"福井県","city":"大野市","town":"東山"}],"0051":[{"pref":"福井県","city":"大野市","town":"日吉町"}],"0425":[{"pref":"福井県","city":"大野市","town":"平沢"}],"0073":[{"pref":"福井県","city":"大野市","town":"深井"}],"0149":[{"pref":"福井県","city":"大野市","town":"伏石"}],"0139":[{"pref":"福井県","city":"大野市","town":"不動堂"}],"0434":[{"pref":"福井県","city":"大野市","town":"宝慶寺"}],"0153":[{"pref":"福井県","city":"大野市","town":"仏原"}],"0025":[{"pref":"福井県","city":"大野市","town":"本町"}],"0136":[{"pref":"福井県","city":"大野市","town":"松丸"}],"0036":[{"pref":"福井県","city":"大野市","town":"美川町"}],"0033":[{"pref":"福井県","city":"大野市","town":"美里町"}],"0088":[{"pref":"福井県","city":"大野市","town":"水落"},{"pref":"福井県","city":"大野市","town":"水落町"}],"0066":[{"pref":"福井県","city":"大野市","town":"南春日野"}],"0011":[{"pref":"福井県","city":"大野市","town":"南新在家"}],"0131":[{"pref":"福井県","city":"大野市","town":"南六呂師"}],"0142":[{"pref":"福井県","city":"大野市","town":"蓑道"}],"0083":[{"pref":"福井県","city":"大野市","town":"明倫町"}],"0081":[{"pref":"福井県","city":"大野市","town":"元町"}],"0405":[{"pref":"福井県","city":"大野市","town":"森政地頭"}],"0403":[{"pref":"福井県","city":"大野市","town":"森政領家"}],"0804":[{"pref":"福井県","city":"大野市","town":"森目"}],"0135":[{"pref":"福井県","city":"大野市","town":"森本"}],"0427":[{"pref":"福井県","city":"大野市","town":"森山"}],"0008":[{"pref":"福井県","city":"大野市","town":"矢"}],"0148":[{"pref":"福井県","city":"大野市","town":"八町"}],"0082":[{"pref":"福井県","city":"大野市","town":"大和町"}],"0052":[{"pref":"福井県","city":"大野市","town":"弥生町"}],"0022":[{"pref":"福井県","city":"大野市","town":"陽明町"}],"0012":[{"pref":"福井県","city":"大野市","town":"横枕"}],"0401":[{"pref":"福井県","city":"大野市","town":"吉"}],"0034":[{"pref":"福井県","city":"大野市","town":"吉野町"}],"0045":[{"pref":"福井県","city":"大野市","town":"若杉町"}],"0823":[{"pref":"福井県","city":"大野市","town":"蕨生"}]}