{"0918":[{"pref":"長野県","city":"長野市","town":"アークス"}],"0838":[{"pref":"長野県","city":"長野市","town":"県町"}],"0888":[{"pref":"長野県","city":"長野市","town":"上ケ屋"}],"0846":[{"pref":"長野県","city":"長野市","town":"旭町"}],"0941":[{"pref":"長野県","city":"長野市","town":"安茂里"}],"0945":[{"pref":"長野県","city":"長野市","town":"安茂里杏花台"}],"0961":[{"pref":"長野県","city":"長野市","town":"安茂里小市"}],"0956":[{"pref":"長野県","city":"長野市","town":"安茂里小路"}],"0944":[{"pref":"長野県","city":"長野市","town":"安茂里米村"}],"0953":[{"pref":"長野県","city":"長野市","town":"安茂里犀北"}],"0954":[{"pref":"長野県","city":"長野市","town":"安茂里犀北団地"}],"0943":[{"pref":"長野県","city":"長野市","town":"安茂里差出"}],"0957":[{"pref":"長野県","city":"長野市","town":"安茂里大門"}],"0955":[{"pref":"長野県","city":"長野市","town":"安茂里西河原"}],"0804":[{"pref":"長野県","city":"長野市","town":"荒屋"}],"0883":[{"pref":"長野県","city":"長野市","town":"泉平"}],"0854":[{"pref":"長野県","city":"長野市","town":"伊勢町"}],"0958":[{"pref":"長野県","city":"長野市","town":"伊勢宮"}],"0911":[{"pref":"長野県","city":"長野市","town":"稲葉"}],"0915":[{"pref":"長野県","city":"長野市","town":"稲葉上千田"}],"0916":[{"pref":"長野県","city":"長野市","town":"稲葉中千田"}],"0912":[{"pref":"長野県","city":"長野市","town":"稲葉日詰"}],"0917":[{"pref":"長野県","city":"長野市","town":"稲葉南俣"}],"0914":[{"pref":"長野県","city":"長野市","town":"稲葉母袋"}],"0901":[{"pref":"長野県","city":"長野市","town":"居町"},{"pref":"長野県","city":"長野市","town":"鶴賀（居町）"}],"0887":[{"pref":"長野県","city":"長野市","town":"入山"}],"0802":[{"pref":"長野県","city":"長野市","town":"上松"}],"0867":[{"pref":"長野県","city":"長野市","town":"往生地"}],"0936":[{"pref":"長野県","city":"長野市","town":"岡田町"}],"0881":[{"pref":"長野県","city":"長野市","town":"門沢"}],"0821":[{"pref":"長野県","city":"長野市","town":"上千歳町"},{"pref":"長野県","city":"長野市","town":"鶴賀（上千歳町）"}],"0858":[{"pref":"長野県","city":"長野市","town":"上西之門町"}],"0913":[{"pref":"長野県","city":"長野市","town":"川合新田"}],"0855":[{"pref":"長野県","city":"長野市","town":"岩石町"}],"0826":[{"pref":"長野県","city":"長野市","town":"北石堂町"}],"0866":[{"pref":"長野県","city":"長野市","town":"狐池"}],"0921":[{"pref":"長野県","city":"長野市","town":"栗田"}],"0927":[{"pref":"長野県","city":"長野市","town":"栗田北中"}],"0942":[{"pref":"長野県","city":"長野市","town":"小柴見"}],"0875":[{"pref":"長野県","city":"長野市","town":"小鍋"}],"0833":[{"pref":"長野県","city":"長野市","town":"権堂町"},{"pref":"長野県","city":"長野市","town":"鶴賀（権堂町）"}],"0863":[{"pref":"長野県","city":"長野市","town":"栄町"}],"0885":[{"pref":"長野県","city":"長野市","town":"桜"}],"0862":[{"pref":"長野県","city":"長野市","town":"桜枝町"}],"0948":[{"pref":"長野県","city":"長野市","town":"差出南"}],"0812":[{"pref":"長野県","city":"長野市","town":"早苗町"},{"pref":"長野県","city":"長野市","town":"鶴賀（早苗町）"}],"0877":[{"pref":"長野県","city":"長野市","town":"塩生"}],"0873":[{"pref":"長野県","city":"長野市","town":"新諏訪"},{"pref":"長野県","city":"長野市","town":"新諏訪町"}],"0835":[{"pref":"長野県","city":"長野市","town":"新田町"}],"0853":[{"pref":"長野県","city":"長野市","town":"新町"}],"0825":[{"pref":"長野県","city":"長野市","town":"末広町"}],"0844":[{"pref":"長野県","city":"長野市","town":"諏訪町"}],"0841":[{"pref":"長野県","city":"長野市","town":"大門町"}],"0884":[{"pref":"長野県","city":"長野市","town":"鑪"}],"0864":[{"pref":"長野県","city":"長野市","town":"立町"}],"0815":[{"pref":"長野県","city":"長野市","town":"田町"},{"pref":"長野県","city":"長野市","town":"鶴賀（田町）"}],"0872":[{"pref":"長野県","city":"長野市","town":"妻科"}],"0907":[{"pref":"長野県","city":"長野市","town":"鶴賀"}],"0834":[{"pref":"長野県","city":"長野市","town":"鶴賀（問御所町）"},{"pref":"長野県","city":"長野市","town":"問御所町"}],"0902":[{"pref":"長野県","city":"長野市","town":"鶴賀（中堰）"}],"0906":[{"pref":"長野県","city":"長野市","town":"鶴賀（七瀬）"},{"pref":"長野県","city":"長野市","town":"七瀬"}],"0904":[{"pref":"長野県","city":"長野市","town":"鶴賀（七瀬中町）"},{"pref":"長野県","city":"長野市","town":"七瀬中町"}],"0905":[{"pref":"長野県","city":"長野市","town":"鶴賀（七瀬南部）"},{"pref":"長野県","city":"長野市","town":"七瀬南部"}],"0814":[{"pref":"長野県","city":"長野市","town":"鶴賀（西鶴賀町）"},{"pref":"長野県","city":"長野市","town":"西鶴賀町"}],"0811":[{"pref":"長野県","city":"長野市","town":"鶴賀（東鶴賀町）"},{"pref":"長野県","city":"長野市","town":"東鶴賀町"}],"0813":[{"pref":"長野県","city":"長野市","town":"鶴賀（緑町）"},{"pref":"長野県","city":"長野市","town":"緑町"}],"0822":[{"pref":"長野県","city":"長野市","town":"鶴賀（南千歳町）"},{"pref":"長野県","city":"長野市","town":"南千歳町"}],"0903":[{"pref":"長野県","city":"長野市","town":"鶴賀（峰村）"}],"0882":[{"pref":"長野県","city":"長野市","town":"富田"}],"0935":[{"pref":"長野県","city":"長野市","town":"中御所"}],"0934":[{"pref":"長野県","city":"長野市","town":"中御所町"}],"0843":[{"pref":"長野県","city":"長野市","town":"長門町"}],"0845":[{"pref":"長野県","city":"長野市","town":"西後町"}],"0871":[{"pref":"長野県","city":"長野市","town":"西長野町"}],"0857":[{"pref":"長野県","city":"長野市","town":"西之門町"}],"0842":[{"pref":"長野県","city":"長野市","town":"西町"}],"0801":[{"pref":"長野県","city":"長野市","town":"箱清水"}],"0865":[{"pref":"長野県","city":"長野市","town":"花咲町"}],"0832":[{"pref":"長野県","city":"長野市","town":"東後町"}],"0852":[{"pref":"長野県","city":"長野市","town":"東之門町"}],"0831":[{"pref":"長野県","city":"長野市","town":"東町"}],"0947":[{"pref":"長野県","city":"長野市","town":"平柴"}],"0946":[{"pref":"長野県","city":"長野市","town":"平柴台"}],"0886":[{"pref":"長野県","city":"長野市","town":"広瀬"}],"0836":[{"pref":"長野県","city":"長野市","town":"南県町"}],"0824":[{"pref":"長野県","city":"長野市","town":"南石堂町"}],"0823":[{"pref":"長野県","city":"長野市","town":"南千歳"}],"0837":[{"pref":"長野県","city":"長野市","town":"南長野（幅下）"}],"0952":[{"pref":"長野県","city":"長野市","town":"宮沖"}],"0803":[{"pref":"長野県","city":"長野市","town":"三輪"}],"0816":[{"pref":"長野県","city":"長野市","town":"三輪田町"}],"0874":[{"pref":"長野県","city":"長野市","town":"茂菅"}],"0851":[{"pref":"長野県","city":"長野市","town":"元善町"}],"0805":[{"pref":"長野県","city":"長野市","town":"柳町"}],"0876":[{"pref":"長野県","city":"長野市","town":"山田中"}],"0861":[{"pref":"長野県","city":"長野市","town":"横沢町"}],"0856":[{"pref":"長野県","city":"長野市","town":"横町"}],"0807":[{"pref":"長野県","city":"長野市","town":"横山"}],"0806":[{"pref":"長野県","city":"長野市","town":"淀ケ橋"}],"0928":[{"pref":"長野県","city":"長野市","town":"若里"}],"0847":[{"pref":"長野県","city":"長野市","town":"若松町"}]}