{"0000":[{"pref":"兵庫県","city":"神戸市兵庫区","town":"以下に掲載がない場合"}],"0882":[{"pref":"兵庫県","city":"神戸市兵庫区","town":"芦原通"}],"0032":[{"pref":"兵庫県","city":"神戸市兵庫区","town":"荒田町"}],"0061":[{"pref":"兵庫県","city":"神戸市兵庫区","town":"石井町"}],"0842":[{"pref":"兵庫県","city":"神戸市兵庫区","town":"磯之町"}],"0853":[{"pref":"兵庫県","city":"神戸市兵庫区","town":"今出在家町"}],"0894":[{"pref":"兵庫県","city":"神戸市兵庫区","town":"入江通"}],"0003":[{"pref":"兵庫県","city":"神戸市兵庫区","town":"梅元町"}],"0816":[{"pref":"兵庫県","city":"神戸市兵庫区","town":"永沢町"}],"0898":[{"pref":"兵庫県","city":"神戸市兵庫区","town":"駅前通"}],"0897":[{"pref":"兵庫県","city":"神戸市兵庫区","town":"駅南通"}],"0043":[{"pref":"兵庫県","city":"神戸市兵庫区","town":"会下山町"}],"0044":[{"pref":"兵庫県","city":"神戸市兵庫区","town":"大井通"}],"0895":[{"pref":"兵庫県","city":"神戸市兵庫区","town":"小河通"}],"0864":[{"pref":"兵庫県","city":"神戸市兵庫区","town":"笠松通"}],"0832":[{"pref":"兵庫県","city":"神戸市兵庫区","town":"鍛冶屋町"}],"0008":[{"pref":"兵庫県","city":"神戸市兵庫区","town":"上祇園町"}],"0046":[{"pref":"兵庫県","city":"神戸市兵庫区","town":"上沢通"}],"0013":[{"pref":"兵庫県","city":"神戸市兵庫区","town":"上三条町"}],"0862":[{"pref":"兵庫県","city":"神戸市兵庫区","town":"上庄通"}],"0001":[{"pref":"兵庫県","city":"神戸市兵庫区","town":"烏原町"}],"0006":[{"pref":"兵庫県","city":"神戸市兵庫区","town":"神田町"}],"0058":[{"pref":"兵庫県","city":"神戸市兵庫区","town":"菊水町"}],"0837":[{"pref":"兵庫県","city":"神戸市兵庫区","town":"北逆瀬川町"}],"0053":[{"pref":"兵庫県","city":"神戸市兵庫区","town":"北山町"}],"0847":[{"pref":"兵庫県","city":"神戸市兵庫区","town":"切戸町"}],"0873":[{"pref":"兵庫県","city":"神戸市兵庫区","town":"金平町"}],"0004":[{"pref":"兵庫県","city":"神戸市兵庫区","town":"楠谷町"}],"0064":[{"pref":"兵庫県","city":"神戸市兵庫区","town":"熊野町"}],"0885":[{"pref":"兵庫県","city":"神戸市兵庫区","town":"御所通"}],"0007":[{"pref":"兵庫県","city":"神戸市兵庫区","town":"五宮町"}],"0865":[{"pref":"兵庫県","city":"神戸市兵庫区","town":"小松通"}],"0055":[{"pref":"兵庫県","city":"神戸市兵庫区","town":"小山町"}],"0851":[{"pref":"兵庫県","city":"神戸市兵庫区","town":"材木町"}],"0051":[{"pref":"兵庫県","city":"神戸市兵庫区","town":"里山町"}],"0821":[{"pref":"兵庫県","city":"神戸市兵庫区","town":"佐比江町"}],"0011":[{"pref":"兵庫県","city":"神戸市兵庫区","town":"山王町"}],"0831":[{"pref":"兵庫県","city":"神戸市兵庫区","town":"七宮町"}],"0833":[{"pref":"兵庫県","city":"神戸市兵庫区","town":"島上町"}],"0065":[{"pref":"兵庫県","city":"神戸市兵庫区","town":"清水町"}],"0015":[{"pref":"兵庫県","city":"神戸市兵庫区","town":"下祇園町"}],"0047":[{"pref":"兵庫県","city":"神戸市兵庫区","town":"下沢通"}],"0014":[{"pref":"兵庫県","city":"神戸市兵庫区","town":"下三条町"}],"0811":[{"pref":"兵庫県","city":"神戸市兵庫区","town":"新開地"}],"0836":[{"pref":"兵庫県","city":"神戸市兵庫区","town":"神明町"}],"0896":[{"pref":"兵庫県","city":"神戸市兵庫区","town":"須佐野通"}],"0062":[{"pref":"兵庫県","city":"神戸市兵庫区","town":"大同町"}],"0874":[{"pref":"兵庫県","city":"神戸市兵庫区","town":"高松町"}],"0056":[{"pref":"兵庫県","city":"神戸市兵庫区","town":"滝山町"}],"0803":[{"pref":"兵庫県","city":"神戸市兵庫区","town":"大開通"}],"0022":[{"pref":"兵庫県","city":"神戸市兵庫区","town":"千鳥町"}],"0804":[{"pref":"兵庫県","city":"神戸市兵庫区","town":"塚本通"}],"0845":[{"pref":"兵庫県","city":"神戸市兵庫区","town":"築地町"}],"0023":[{"pref":"兵庫県","city":"神戸市兵庫区","town":"都由乃町"}],"0846":[{"pref":"兵庫県","city":"神戸市兵庫区","town":"出在家町"}],"0021":[{"pref":"兵庫県","city":"神戸市兵庫区","town":"天王町"}],"0866":[{"pref":"兵庫県","city":"神戸市兵庫区","town":"遠矢浜町"}],"0844":[{"pref":"兵庫県","city":"神戸市兵庫区","town":"中之島"}],"0801":[{"pref":"兵庫県","city":"神戸市兵庫区","town":"中道通"}],"0033":[{"pref":"兵庫県","city":"神戸市兵庫区","town":"西上橘通"}],"0034":[{"pref":"兵庫県","city":"神戸市兵庫区","town":"西橘通"}],"0035":[{"pref":"兵庫県","city":"神戸市兵庫区","town":"西多聞通"}],"0822":[{"pref":"兵庫県","city":"神戸市兵庫区","town":"西出町"}],"0835":[{"pref":"兵庫県","city":"神戸市兵庫区","town":"西仲町"}],"0891":[{"pref":"兵庫県","city":"神戸市兵庫区","town":"西宮内町"}],"0806":[{"pref":"兵庫県","city":"神戸市兵庫区","town":"西柳原町"}],"0805":[{"pref":"兵庫県","city":"神戸市兵庫区","town":"羽坂通"}],"0016":[{"pref":"兵庫県","city":"神戸市兵庫区","town":"馬場町"}],"0807":[{"pref":"兵庫県","city":"神戸市兵庫区","town":"浜崎通"}],"0875":[{"pref":"兵庫県","city":"神戸市兵庫区","town":"浜中町"}],"0871":[{"pref":"兵庫県","city":"神戸市兵庫区","town":"浜山通"}],"0823":[{"pref":"兵庫県","city":"神戸市兵庫区","town":"東出町"}],"0892":[{"pref":"兵庫県","city":"神戸市兵庫区","town":"東柳原町"}],"0042":[{"pref":"兵庫県","city":"神戸市兵庫区","town":"東山町"}],"0054":[{"pref":"兵庫県","city":"神戸市兵庫区","town":"氷室町"}],"0813":[{"pref":"兵庫県","city":"神戸市兵庫区","town":"兵庫町"}],"0052":[{"pref":"兵庫県","city":"神戸市兵庫区","town":"鵯越筋"}],"0057":[{"pref":"兵庫県","city":"神戸市兵庫区","town":"鵯越町"}],"0002":[{"pref":"兵庫県","city":"神戸市兵庫区","town":"平野町"}],"0036":[{"pref":"兵庫県","city":"神戸市兵庫区","town":"福原町"}],"0843":[{"pref":"兵庫県","city":"神戸市兵庫区","town":"船大工町"}],"0834":[{"pref":"兵庫県","city":"神戸市兵庫区","town":"本町"}],"0881":[{"pref":"兵庫県","city":"神戸市兵庫区","town":"松原通"}],"0045":[{"pref":"兵庫県","city":"神戸市兵庫区","town":"松本通"}],"0815":[{"pref":"兵庫県","city":"神戸市兵庫区","town":"三川口町"}],"0855":[{"pref":"兵庫県","city":"神戸市兵庫区","town":"御崎町"}],"0852":[{"pref":"兵庫県","city":"神戸市兵庫区","town":"御崎本町"}],"0802":[{"pref":"兵庫県","city":"神戸市兵庫区","town":"水木通"}],"0861":[{"pref":"兵庫県","city":"神戸市兵庫区","town":"三石通"}],"0041":[{"pref":"兵庫県","city":"神戸市兵庫区","town":"湊川町"}],"0812":[{"pref":"兵庫県","city":"神戸市兵庫区","town":"湊町"}],"0012":[{"pref":"兵庫県","city":"神戸市兵庫区","town":"湊山町"}],"0893":[{"pref":"兵庫県","city":"神戸市兵庫区","town":"南逆瀬川町"}],"0841":[{"pref":"兵庫県","city":"神戸市兵庫区","town":"南仲町"}],"0883":[{"pref":"兵庫県","city":"神戸市兵庫区","town":"明和通"}],"0814":[{"pref":"兵庫県","city":"神戸市兵庫区","town":"門口町"}],"0005":[{"pref":"兵庫県","city":"神戸市兵庫区","town":"矢部町"}],"0031":[{"pref":"兵庫県","city":"神戸市兵庫区","town":"雪御所町"}],"0063":[{"pref":"兵庫県","city":"神戸市兵庫区","town":"夢野町"}],"0872":[{"pref":"兵庫県","city":"神戸市兵庫区","town":"吉田町"}],"0854":[{"pref":"兵庫県","city":"神戸市兵庫区","town":"和田崎町"}],"0863":[{"pref":"兵庫県","city":"神戸市兵庫区","town":"和田宮通"}],"0884":[{"pref":"兵庫県","city":"神戸市兵庫区","town":"和田山通"}],"0071":[{"pref":"兵庫県","city":"神戸市北区","town":"山田町下谷上（菊水山、高座川向、中一里山「９番地の４、１２番地」、"},{"pref":"兵庫県","city":"神戸市北区","town":"念仏堂、ひよどり越）"}]}