{"0000":[{"pref":"大阪府","city":"大阪市天王寺区","town":"以下に掲載がない場合"}],"0023":[{"pref":"大阪府","city":"大阪市天王寺区","town":"味原町"}],"0022":[{"pref":"大阪府","city":"大阪市天王寺区","town":"味原本町"}],"0073":[{"pref":"大阪府","city":"大阪市天王寺区","town":"生玉寺町"}],"0072":[{"pref":"大阪府","city":"大阪市天王寺区","town":"生玉前町"}],"0071":[{"pref":"大阪府","city":"大阪市天王寺区","town":"生玉町"}],"0031":[{"pref":"大阪府","city":"大阪市天王寺区","town":"石ケ辻町"}],"0002":[{"pref":"大阪府","city":"大阪市天王寺区","town":"上汐"}],"0037":[{"pref":"大阪府","city":"大阪市天王寺区","town":"上之宮町"}],"0001":[{"pref":"大阪府","city":"大阪市天王寺区","town":"上本町"}],"0016":[{"pref":"大阪府","city":"大阪市天王寺区","town":"餌差町"}],"0062":[{"pref":"大阪府","city":"大阪市天王寺区","town":"逢阪"}],"0028":[{"pref":"大阪府","city":"大阪市天王寺区","town":"小橋町"}],"0043":[{"pref":"大阪府","city":"大阪市天王寺区","town":"勝山"}],"0018":[{"pref":"大阪府","city":"大阪市天王寺区","town":"空清町"}],"0042":[{"pref":"大阪府","city":"大阪市天王寺区","town":"烏ケ辻"}],"0012":[{"pref":"大阪府","city":"大阪市天王寺区","town":"空堀町"}],"0053":[{"pref":"大阪府","city":"大阪市天王寺区","town":"北河堀町"}],"0035":[{"pref":"大阪府","city":"大阪市天王寺区","town":"北山町"}],"0044":[{"pref":"大阪府","city":"大阪市天王寺区","town":"国分町"}],"0036":[{"pref":"大阪府","city":"大阪市天王寺区","town":"小宮町"}],"0032":[{"pref":"大阪府","city":"大阪市天王寺区","town":"細工谷"}],"0015":[{"pref":"大阪府","city":"大阪市天王寺区","town":"真田山町"}],"0076":[{"pref":"大阪府","city":"大阪市天王寺区","town":"下寺町"}],"0051":[{"pref":"大阪府","city":"大阪市天王寺区","town":"四天王寺"}],"0011":[{"pref":"大阪府","city":"大阪市天王寺区","town":"清水谷町"}],"0025":[{"pref":"大阪府","city":"大阪市天王寺区","town":"下味原町"}],"0017":[{"pref":"大阪府","city":"大阪市天王寺区","town":"城南寺町"}],"0041":[{"pref":"大阪府","city":"大阪市天王寺区","town":"真法院町"}],"0052":[{"pref":"大阪府","city":"大阪市天王寺区","town":"大道"}],"0013":[{"pref":"大阪府","city":"大阪市天王寺区","town":"玉造本町"}],"0014":[{"pref":"大阪府","city":"大阪市天王寺区","town":"玉造元町"}],"0063":[{"pref":"大阪府","city":"大阪市天王寺区","town":"茶臼山町"}],"0045":[{"pref":"大阪府","city":"大阪市天王寺区","town":"寺田町"}],"0033":[{"pref":"大阪府","city":"大阪市天王寺区","town":"堂ケ芝"}],"0026":[{"pref":"大阪府","city":"大阪市天王寺区","town":"東上町"}],"0021":[{"pref":"大阪府","city":"大阪市天王寺区","town":"東高津町"}],"0055":[{"pref":"大阪府","city":"大阪市天王寺区","town":"悲田院町"}],"0027":[{"pref":"大阪府","city":"大阪市天王寺区","town":"筆ケ崎町"}],"0024":[{"pref":"大阪府","city":"大阪市天王寺区","town":"舟橋町"}],"0056":[{"pref":"大阪府","city":"大阪市天王寺区","town":"堀越町"}],"0034":[{"pref":"大阪府","city":"大阪市天王寺区","town":"松ケ鼻町"}],"0054":[{"pref":"大阪府","city":"大阪市天王寺区","town":"南河堀町"}],"0075":[{"pref":"大阪府","city":"大阪市天王寺区","town":"夕陽丘町"}],"0061":[{"pref":"大阪府","city":"大阪市天王寺区","town":"伶人町"}],"0074":[{"pref":"大阪府","city":"大阪市天王寺区","town":"六万体町"}]}