{"0000":[{"pref":"東京都","city":"調布市","town":"以下に掲載がない場合"}],"0004":[{"pref":"東京都","city":"調布市","town":"入間町"}],"0035":[{"pref":"東京都","city":"調布市","town":"上石原"}],"0007":[{"pref":"東京都","city":"調布市","town":"菊野台"}],"0022":[{"pref":"東京都","city":"調布市","town":"国領町"}],"0026":[{"pref":"東京都","city":"調布市","town":"小島町"}],"0016":[{"pref":"東京都","city":"調布市","town":"佐須町"}],"0014":[{"pref":"東京都","city":"調布市","town":"柴崎"}],"0034":[{"pref":"東京都","city":"調布市","town":"下石原"}],"0012":[{"pref":"東京都","city":"調布市","town":"深大寺東町"}],"0013":[{"pref":"東京都","city":"調布市","town":"深大寺南町"}],"0011":[{"pref":"東京都","city":"調布市","town":"深大寺北町"}],"0017":[{"pref":"東京都","city":"調布市","town":"深大寺元町"}],"0002":[{"pref":"東京都","city":"調布市","town":"仙川町"}],"0023":[{"pref":"東京都","city":"調布市","town":"染地"}],"0025":[{"pref":"東京都","city":"調布市","town":"多摩川"}],"0021":[{"pref":"東京都","city":"調布市","town":"調布ケ丘"}],"0036":[{"pref":"東京都","city":"調布市","town":"飛田給"}],"0006":[{"pref":"東京都","city":"調布市","town":"西つつじケ丘"}],"0032":[{"pref":"東京都","city":"調布市","town":"西町"}],"0031":[{"pref":"東京都","city":"調布市","town":"野水"}],"0005":[{"pref":"東京都","city":"調布市","town":"東つつじケ丘"}],"0033":[{"pref":"東京都","city":"調布市","town":"富士見町"}],"0024":[{"pref":"東京都","city":"調布市","town":"布田"}],"0001":[{"pref":"東京都","city":"調布市","town":"緑ケ丘"}],"0015":[{"pref":"東京都","city":"調布市","town":"八雲台"}],"0003":[{"pref":"東京都","city":"調布市","town":"若葉町"}]}