{"0504":[{"pref":"静岡県","city":"静岡市葵区","town":"井川"}],"0503":[{"pref":"静岡県","city":"静岡市葵区","town":"岩崎"}],"0502":[{"pref":"静岡県","city":"静岡市葵区","town":"上坂本"}],"0501":[{"pref":"静岡県","city":"静岡市葵区","town":"小河内"}],"0505":[{"pref":"静岡県","city":"静岡市葵区","town":"田代"}],"0006":[{"pref":"静岡県","city":"島田市","town":"牛尾"}],"0009":[{"pref":"静岡県","city":"島田市","town":"大代"}],"0013":[{"pref":"静岡県","city":"島田市","town":"金谷東"}],"0014":[{"pref":"静岡県","city":"島田市","town":"金谷泉町"}],"0015":[{"pref":"静岡県","city":"島田市","town":"金谷扇町"}],"0027":[{"pref":"静岡県","city":"島田市","town":"金谷上十五軒"}],"0046":[{"pref":"静岡県","city":"島田市","town":"金谷金山町"}],"0017":[{"pref":"静岡県","city":"島田市","town":"金谷栄町"}],"0023":[{"pref":"静岡県","city":"島田市","town":"金谷坂町"}],"0039":[{"pref":"静岡県","city":"島田市","town":"金谷猪土居"}],"0031":[{"pref":"静岡県","city":"島田市","town":"金谷清水"}],"0028":[{"pref":"静岡県","city":"島田市","town":"金谷下十五軒"}],"0048":[{"pref":"静岡県","city":"島田市","town":"金谷城山町"}],"0047":[{"pref":"静岡県","city":"島田市","town":"金谷新町"}],"0012":[{"pref":"静岡県","city":"島田市","town":"金谷代官町"}],"0025":[{"pref":"静岡県","city":"島田市","town":"金谷田町"}],"0032":[{"pref":"静岡県","city":"島田市","town":"金谷天王町"}],"0043":[{"pref":"静岡県","city":"島田市","town":"金谷中町"}],"0033":[{"pref":"静岡県","city":"島田市","town":"金谷二軒家"}],"0018":[{"pref":"静岡県","city":"島田市","town":"金谷根岸町"}],"0034":[{"pref":"静岡県","city":"島田市","town":"金谷富士見町"}],"0042":[{"pref":"静岡県","city":"島田市","town":"金谷古横町"}],"0026":[{"pref":"静岡県","city":"島田市","town":"金谷本町"}],"0044":[{"pref":"静岡県","city":"島田市","town":"金谷緑町"}],"0024":[{"pref":"静岡県","city":"島田市","town":"金谷南町"}],"0041":[{"pref":"静岡県","city":"島田市","town":"金谷都町"}],"0016":[{"pref":"静岡県","city":"島田市","town":"金谷宮崎町"}],"0003":[{"pref":"静岡県","city":"島田市","town":"神尾"}],"0036":[{"pref":"静岡県","city":"島田市","town":"神谷城"}],"0104":[{"pref":"静岡県","city":"島田市","town":"川根町家山"}],"0102":[{"pref":"静岡県","city":"島田市","town":"川根町上河内"}],"0211":[{"pref":"静岡県","city":"島田市","town":"川根町笹間上"}],"0212":[{"pref":"静岡県","city":"島田市","town":"川根町笹間下"}],"0101":[{"pref":"静岡県","city":"島田市","town":"川根町笹間渡"}],"0105":[{"pref":"静岡県","city":"島田市","town":"川根町葛籠"}],"0106":[{"pref":"静岡県","city":"島田市","town":"川根町抜里"}],"0103":[{"pref":"静岡県","city":"島田市","town":"川根町身成"}],"0037":[{"pref":"静岡県","city":"島田市","town":"菊川"}],"0035":[{"pref":"静岡県","city":"島田市","town":"切山"}],"0038":[{"pref":"静岡県","city":"島田市","town":"佐夜鹿"}],"0019":[{"pref":"静岡県","city":"島田市","town":"志戸呂"}],"0007":[{"pref":"静岡県","city":"島田市","town":"島"}],"0001":[{"pref":"静岡県","city":"島田市","town":"高熊"}],"0008":[{"pref":"静岡県","city":"島田市","town":"竹下"}],"0011":[{"pref":"静岡県","city":"島田市","town":"番生寺"}],"0002":[{"pref":"静岡県","city":"島田市","town":"福用"}],"0049":[{"pref":"静岡県","city":"島田市","town":"牧之原（２５０～３４３番地「２５５、２５６、２５８、２５９、２６２、"},{"pref":"静岡県","city":"島田市","town":"２７６、２９４～３００、３０２～３０４番地を除く」）"}],"0004":[{"pref":"静岡県","city":"島田市","town":"横岡"}],"0005":[{"pref":"静岡県","city":"島田市","town":"横岡新田"}],"0300":[{"pref":"静岡県","city":"榛原郡川根本町","town":"以下に掲載がない場合"}],"0417":[{"pref":"静岡県","city":"榛原郡川根本町","town":"青部"}],"0303":[{"pref":"静岡県","city":"榛原郡川根本町","town":"壱町河内"}],"0402":[{"pref":"静岡県","city":"榛原郡川根本町","town":"犬間"}],"0401":[{"pref":"静岡県","city":"榛原郡川根本町","town":"梅地"}],"0412":[{"pref":"静岡県","city":"榛原郡川根本町","town":"奥泉"}],"0415":[{"pref":"静岡県","city":"榛原郡川根本町","town":"上岸"}],"0313":[{"pref":"静岡県","city":"榛原郡川根本町","town":"上長尾"}],"0315":[{"pref":"静岡県","city":"榛原郡川根本町","town":"久野脇"}],"0413":[{"pref":"静岡県","city":"榛原郡川根本町","town":"桑野山"}],"0418":[{"pref":"静岡県","city":"榛原郡川根本町","town":"崎平"}],"0305":[{"pref":"静岡県","city":"榛原郡川根本町","town":"地名"}],"0304":[{"pref":"静岡県","city":"榛原郡川根本町","town":"下泉"}],"0314":[{"pref":"静岡県","city":"榛原郡川根本町","town":"下長尾"}],"0411":[{"pref":"静岡県","city":"榛原郡川根本町","town":"千頭"}],"0416":[{"pref":"静岡県","city":"榛原郡川根本町","town":"田代"}],"0306":[{"pref":"静岡県","city":"榛原郡川根本町","town":"田野口"}],"0301":[{"pref":"静岡県","city":"榛原郡川根本町","town":"徳山"}],"0414":[{"pref":"静岡県","city":"榛原郡川根本町","town":"東藤川"}],"0302":[{"pref":"静岡県","city":"榛原郡川根本町","town":"文沢"}],"0312":[{"pref":"静岡県","city":"榛原郡川根本町","town":"水川"}],"0311":[{"pref":"静岡県","city":"榛原郡川根本町","town":"元藤川"}]}