{"0000":[{"pref":"熊本県","city":"荒尾市","town":"以下に掲載がない場合"}],"0041":[{"pref":"熊本県","city":"荒尾市","town":"荒尾"}],"0021":[{"pref":"熊本県","city":"荒尾市","town":"一部"}],"0026":[{"pref":"熊本県","city":"荒尾市","town":"牛水"}],"0057":[{"pref":"熊本県","city":"荒尾市","town":"大島"}],"0051":[{"pref":"熊本県","city":"荒尾市","town":"大島町"}],"0005":[{"pref":"熊本県","city":"荒尾市","town":"大平町"}],"0162":[{"pref":"熊本県","city":"荒尾市","town":"金山"}],"0165":[{"pref":"熊本県","city":"荒尾市","town":"樺"}],"0013":[{"pref":"熊本県","city":"荒尾市","town":"上井手"}],"0014":[{"pref":"熊本県","city":"荒尾市","town":"上平山"}],"0031":[{"pref":"熊本県","city":"荒尾市","town":"川登（１７７３～１９７９、１９８１～２０１０、２０５０～２１００番地）"}],"0131":[{"pref":"熊本県","city":"荒尾市","town":"川登（その他）"}],"0004":[{"pref":"熊本県","city":"荒尾市","town":"宮内"}],"0003":[{"pref":"熊本県","city":"荒尾市","town":"宮内出目"}],"0027":[{"pref":"熊本県","city":"荒尾市","town":"蔵満"}],"0161":[{"pref":"熊本県","city":"荒尾市","town":"菰屋"}],"0022":[{"pref":"熊本県","city":"荒尾市","town":"桜山町"}],"0011":[{"pref":"熊本県","city":"荒尾市","town":"下井手"}],"0056":[{"pref":"熊本県","city":"荒尾市","town":"昭和町"}],"0006":[{"pref":"熊本県","city":"荒尾市","town":"住吉町"}],"0054":[{"pref":"熊本県","city":"荒尾市","town":"大正町"}],"0025":[{"pref":"熊本県","city":"荒尾市","town":"高浜"}],"0053":[{"pref":"熊本県","city":"荒尾市","town":"西原町"}],"0163":[{"pref":"熊本県","city":"荒尾市","town":"野原"}],"0164":[{"pref":"熊本県","city":"荒尾市","town":"八幡台"}],"0001":[{"pref":"熊本県","city":"荒尾市","town":"原万田"}],"0042":[{"pref":"熊本県","city":"荒尾市","town":"東屋形"}],"0055":[{"pref":"熊本県","city":"荒尾市","town":"日の出町"}],"0015":[{"pref":"熊本県","city":"荒尾市","town":"平山"}],"0166":[{"pref":"熊本県","city":"荒尾市","town":"府本"}],"0012":[{"pref":"熊本県","city":"荒尾市","town":"本井手"}],"0032":[{"pref":"熊本県","city":"荒尾市","town":"増永"}],"0002":[{"pref":"熊本県","city":"荒尾市","town":"万田"}],"0023":[{"pref":"熊本県","city":"荒尾市","town":"水野"}],"0033":[{"pref":"熊本県","city":"荒尾市","town":"緑ケ丘"}],"0052":[{"pref":"熊本県","city":"荒尾市","town":"四ツ山町"}]}