{"1121":[{"pref":"長崎県","city":"長崎市","town":"見崎町"}],"1122":[{"pref":"長崎県","city":"長崎市","town":"相川町"}],"1123":[{"pref":"長崎県","city":"長崎市","town":"四杖町"}],"1124":[{"pref":"長崎県","city":"長崎市","town":"牧野町"}],"1125":[{"pref":"長崎県","city":"長崎市","town":"園田町"}],"1131":[{"pref":"長崎県","city":"長崎市","town":"上浦町"}],"1132":[{"pref":"長崎県","city":"長崎市","town":"小江原"}],"1133":[{"pref":"長崎県","city":"長崎市","town":"小江町"}],"1134":[{"pref":"長崎県","city":"長崎市","town":"柿泊町"}],"1135":[{"pref":"長崎県","city":"長崎市","town":"手熊町"}],"1136":[{"pref":"長崎県","city":"長崎市","town":"向町"}],"1137":[{"pref":"長崎県","city":"長崎市","town":"式見町"}],"1201":[{"pref":"長崎県","city":"長崎市","town":"伊王島町"}],"1315":[{"pref":"長崎県","city":"長崎市","town":"高島町"}],"2100":[{"pref":"長崎県","city":"西彼杵郡長与町","town":"以下に掲載がない場合"},{"pref":"長崎県","city":"西彼杵郡時津町","town":"以下に掲載がない場合"}],"2101":[{"pref":"長崎県","city":"西彼杵郡時津町","town":"西時津郷"}],"2102":[{"pref":"長崎県","city":"西彼杵郡時津町","town":"浜田郷"}],"2103":[{"pref":"長崎県","city":"西彼杵郡時津町","town":"元村郷"}],"2104":[{"pref":"長崎県","city":"西彼杵郡時津町","town":"野田郷"}],"2105":[{"pref":"長崎県","city":"西彼杵郡時津町","town":"浦郷"}],"2106":[{"pref":"長崎県","city":"西彼杵郡時津町","town":"左底郷"}],"2107":[{"pref":"長崎県","city":"西彼杵郡時津町","town":"久留里郷"}],"2108":[{"pref":"長崎県","city":"西彼杵郡時津町","town":"日並郷"}],"2111":[{"pref":"長崎県","city":"西彼杵郡時津町","town":"子々川郷"}],"2121":[{"pref":"長崎県","city":"西彼杵郡長与町","town":"岡郷"}],"2122":[{"pref":"長崎県","city":"西彼杵郡長与町","town":"本川内郷"}],"2123":[{"pref":"長崎県","city":"西彼杵郡長与町","town":"平木場郷"}],"2124":[{"pref":"長崎県","city":"西彼杵郡長与町","town":"丸田郷"}],"2125":[{"pref":"長崎県","city":"西彼杵郡長与町","town":"三根郷"}],"2126":[{"pref":"長崎県","city":"西彼杵郡長与町","town":"吉無田郷"}],"2127":[{"pref":"長崎県","city":"西彼杵郡長与町","town":"高田郷"}],"2128":[{"pref":"長崎県","city":"西彼杵郡長与町","town":"嬉里郷"}],"2129":[{"pref":"長崎県","city":"西彼杵郡長与町","town":"斉藤郷"}],"2130":[{"pref":"長崎県","city":"西彼杵郡長与町","town":"まなび野"}],"2131":[{"pref":"長崎県","city":"西彼杵郡長与町","town":"北陽台"}],"2201":[{"pref":"長崎県","city":"長崎市","town":"畦町"}],"2202":[{"pref":"長崎県","city":"長崎市","town":"樫山町"}],"2203":[{"pref":"長崎県","city":"長崎市","town":"三重田町"}],"2204":[{"pref":"長崎県","city":"長崎市","town":"三重町"}],"2205":[{"pref":"長崎県","city":"長崎市","town":"松崎町"}],"2206":[{"pref":"長崎県","city":"長崎市","town":"三京町"}],"2207":[{"pref":"長崎県","city":"長崎市","town":"さくらの里"}],"2211":[{"pref":"長崎県","city":"長崎市","town":"京泊"}],"2212":[{"pref":"長崎県","city":"長崎市","town":"畝刈町"}],"2213":[{"pref":"長崎県","city":"長崎市","town":"多以良町"}],"2214":[{"pref":"長崎県","city":"長崎市","town":"鳴見町"}],"2215":[{"pref":"長崎県","city":"長崎市","town":"鳴見台"}],"2216":[{"pref":"長崎県","city":"長崎市","town":"豊洋台"}],"2321":[{"pref":"長崎県","city":"長崎市","town":"赤首町"}],"2322":[{"pref":"長崎県","city":"長崎市","town":"西出津町"}],"2323":[{"pref":"長崎県","city":"長崎市","town":"新牧野町"}],"2324":[{"pref":"長崎県","city":"長崎市","town":"上黒崎町"}],"2325":[{"pref":"長崎県","city":"長崎市","town":"永田町"}],"2326":[{"pref":"長崎県","city":"長崎市","town":"下黒崎町"}],"2327":[{"pref":"長崎県","city":"長崎市","town":"東出津町"}],"2401":[{"pref":"長崎県","city":"長崎市","town":"神浦口福町"}],"2403":[{"pref":"長崎県","city":"長崎市","town":"神浦江川町"}],"2404":[{"pref":"長崎県","city":"長崎市","town":"神浦丸尾町"}],"2405":[{"pref":"長崎県","city":"長崎市","town":"神浦向町"}],"2411":[{"pref":"長崎県","city":"長崎市","town":"神浦扇山町"}],"2413":[{"pref":"長崎県","city":"長崎市","town":"神浦夏井町"}],"2421":[{"pref":"長崎県","city":"長崎市","town":"神浦北大中尾町"}],"2422":[{"pref":"長崎県","city":"長崎市","town":"神浦上大中尾町"}],"2423":[{"pref":"長崎県","city":"長崎市","town":"神浦下大中尾町"}],"2424":[{"pref":"長崎県","city":"長崎市","town":"神浦上道徳町"}],"2425":[{"pref":"長崎県","city":"長崎市","town":"神浦下道徳町"}],"2426":[{"pref":"長崎県","city":"長崎市","town":"上大野町"}],"2427":[{"pref":"長崎県","city":"長崎市","town":"下大野町"}],"3101":[{"pref":"長崎県","city":"長崎市","town":"西海町"}],"3102":[{"pref":"長崎県","city":"長崎市","town":"琴海村松町"}],"3103":[{"pref":"長崎県","city":"長崎市","town":"琴海戸根町"}],"3211":[{"pref":"長崎県","city":"長崎市","town":"琴海戸根原町"}],"3212":[{"pref":"長崎県","city":"長崎市","town":"長浦町"}],"3213":[{"pref":"長崎県","city":"長崎市","town":"琴海形上町"}],"3214":[{"pref":"長崎県","city":"長崎市","town":"琴海大平町"}],"3215":[{"pref":"長崎県","city":"長崎市","town":"琴海尾戸町"}],"3301":[{"pref":"長崎県","city":"西海市","town":"西彼町宮浦郷"}],"3302":[{"pref":"長崎県","city":"西海市","town":"西彼町中山郷"}],"3303":[{"pref":"長崎県","city":"西海市","town":"西彼町亀浦郷"}],"3304":[{"pref":"長崎県","city":"西海市","town":"西彼町上岳郷"}],"3305":[{"pref":"長崎県","city":"西海市","town":"西彼町喰場郷"}],"3306":[{"pref":"長崎県","city":"西海市","town":"西彼町鳥加郷（川山）"}],"3311":[{"pref":"長崎県","city":"西海市","town":"西彼町下岳郷"}],"3312":[{"pref":"長崎県","city":"西海市","town":"西彼町白崎郷"}],"3313":[{"pref":"長崎県","city":"西海市","town":"西彼町風早郷"}],"3314":[{"pref":"長崎県","city":"西海市","town":"西彼町白似田郷"}],"3315":[{"pref":"長崎県","city":"西海市","town":"西彼町平原郷"}],"3406":[{"pref":"長崎県","city":"西海市","town":"西彼町鳥加郷（その他）"}],"3421":[{"pref":"長崎県","city":"西海市","town":"西彼町伊ノ浦郷"}],"3422":[{"pref":"長崎県","city":"西海市","town":"西彼町小迎郷"}],"3423":[{"pref":"長崎県","city":"西海市","town":"西彼町八木原郷"}],"3424":[{"pref":"長崎県","city":"西海市","town":"西彼町大串郷"}],"3425":[{"pref":"長崎県","city":"西海市","town":"西彼町平山郷"}],"3500":[{"pref":"長崎県","city":"西海市","town":"以下に掲載がない場合"}],"3501":[{"pref":"長崎県","city":"西海市","town":"西海町丹納郷"}],"3502":[{"pref":"長崎県","city":"西海市","town":"西海町川内郷"}],"3503":[{"pref":"長崎県","city":"西海市","town":"西海町太田原郷"}],"3504":[{"pref":"長崎県","city":"西海市","town":"西海町木場郷"}],"3505":[{"pref":"長崎県","city":"西海市","town":"西海町太田和郷"}],"3506":[{"pref":"長崎県","city":"西海市","town":"西海町黒口郷"}],"3507":[{"pref":"長崎県","city":"西海市","town":"西海町天久保郷"}],"3508":[{"pref":"長崎県","city":"西海市","town":"西海町面高郷"}],"3509":[{"pref":"長崎県","city":"西海市","town":"西海町横瀬郷"}],"3511":[{"pref":"長崎県","city":"西海市","town":"西海町水浦郷"}],"0123":[{"pref":"長崎県","city":"長崎市","town":"網場町"}],"0254":[{"pref":"長崎県","city":"長崎市","town":"飯香浦町"}],"0502":[{"pref":"長崎県","city":"長崎市","town":"以下宿町"}],"0135":[{"pref":"長崎県","city":"長崎市","town":"現川町"}],"0302":[{"pref":"長崎県","city":"長崎市","town":"大籠町"}],"0244":[{"pref":"長崎県","city":"長崎市","town":"大崎町"}],"0255":[{"pref":"長崎県","city":"長崎市","town":"太田尾町"}],"0115":[{"pref":"長崎県","city":"長崎市","town":"かき道"}],"0124":[{"pref":"長崎県","city":"長崎市","town":"春日町"}],"0111":[{"pref":"長崎県","city":"長崎市","town":"上戸石町"}],"0401":[{"pref":"長崎県","city":"長崎市","town":"蚊焼町"}],"0112":[{"pref":"長崎県","city":"長崎市","town":"川内町"}],"0407":[{"pref":"長崎県","city":"長崎市","town":"川原町"}],"0242":[{"pref":"長崎県","city":"長崎市","town":"北浦町"}],"0501":[{"pref":"長崎県","city":"長崎市","town":"黒浜町"}],"0310":[{"pref":"長崎県","city":"長崎市","town":"香焼町"}],"0101":[{"pref":"長崎県","city":"長崎市","town":"古賀町"}],"0122":[{"pref":"長崎県","city":"長崎市","town":"界"}],"0125":[{"pref":"長崎県","city":"長崎市","town":"潮見町"}],"0121":[{"pref":"長崎県","city":"長崎市","town":"宿町"}],"0126":[{"pref":"長崎県","city":"長崎市","town":"芒塚町"}],"0137":[{"pref":"長崎県","city":"長崎市","town":"高城台"}],"0503":[{"pref":"長崎県","city":"長崎市","town":"高浜町"}],"0251":[{"pref":"長崎県","city":"長崎市","town":"田上"}],"0252":[{"pref":"長崎県","city":"長崎市","town":"田手原町"}],"0134":[{"pref":"長崎県","city":"長崎市","town":"田中町"}],"0405":[{"pref":"長崎県","city":"長崎市","town":"為石町"}],"0245":[{"pref":"長崎県","city":"長崎市","town":"千々町"}],"0102":[{"pref":"長崎県","city":"長崎市","town":"つつじが丘"}],"0406":[{"pref":"長崎県","city":"長崎市","town":"椿が丘町"}],"0132":[{"pref":"長崎県","city":"長崎市","town":"鶴の尾町"}],"0113":[{"pref":"長崎県","city":"長崎市","town":"戸石町"}],"0404":[{"pref":"長崎県","city":"長崎市","town":"藤田尾町"}],"0103":[{"pref":"長崎県","city":"長崎市","town":"中里町"}],"0504":[{"pref":"長崎県","city":"長崎市","town":"南越町"}],"0403":[{"pref":"長崎県","city":"長崎市","town":"布巻町"}],"0507":[{"pref":"長崎県","city":"長崎市","town":"野母崎樺島町"}],"0505":[{"pref":"長崎県","city":"長崎市","town":"野母町"}],"0253":[{"pref":"長崎県","city":"長崎市","town":"早坂町"}],"0402":[{"pref":"長崎県","city":"長崎市","town":"晴海台町"}],"0116":[{"pref":"長崎県","city":"長崎市","town":"東町"}],"0136":[{"pref":"長崎県","city":"長崎市","town":"平間町"}],"0301":[{"pref":"長崎県","city":"長崎市","town":"深堀町"}],"0104":[{"pref":"長崎県","city":"長崎市","town":"船石町"}],"0114":[{"pref":"長崎県","city":"長崎市","town":"牧島町"}],"0131":[{"pref":"長崎県","city":"長崎市","town":"松原町"}],"0408":[{"pref":"長崎県","city":"長崎市","town":"宮崎町"}],"0243":[{"pref":"長崎県","city":"長崎市","town":"宮摺町"}],"0241":[{"pref":"長崎県","city":"長崎市","town":"茂木町"}],"0133":[{"pref":"長崎県","city":"長崎市","town":"矢上町"}],"0506":[{"pref":"長崎県","city":"長崎市","town":"脇岬町"}]}