{"0000":[{"pref":"鳥取県","city":"境港市","town":"以下に掲載がない場合"}],"0011":[{"pref":"鳥取県","city":"境港市","town":"相生町"}],"0033":[{"pref":"鳥取県","city":"境港市","town":"上道町"}],"0013":[{"pref":"鳥取県","city":"境港市","town":"朝日町"}],"0006":[{"pref":"鳥取県","city":"境港市","town":"栄町"}],"0023":[{"pref":"鳥取県","city":"境港市","town":"京町"}],"0056":[{"pref":"鳥取県","city":"境港市","town":"幸神町"}],"0053":[{"pref":"鳥取県","city":"境港市","town":"小篠津町"}],"0055":[{"pref":"鳥取県","city":"境港市","town":"佐斐神町"}],"0054":[{"pref":"鳥取県","city":"境港市","town":"財ノ木町"}],"0064":[{"pref":"鳥取県","city":"境港市","town":"三軒屋町"}],"0074":[{"pref":"鳥取県","city":"境港市","town":"潮見町"}],"0015":[{"pref":"鳥取県","city":"境港市","town":"東雲町"}],"0066":[{"pref":"鳥取県","city":"境港市","town":"芝町"}],"0001":[{"pref":"鳥取県","city":"境港市","town":"清水町"}],"0034":[{"pref":"鳥取県","city":"境港市","town":"昭和町"}],"0026":[{"pref":"鳥取県","city":"境港市","town":"末広町"}],"0063":[{"pref":"鳥取県","city":"境港市","town":"誠道町"}],"0004":[{"pref":"鳥取県","city":"境港市","town":"大正町"}],"0045":[{"pref":"鳥取県","city":"境港市","town":"高松町"}],"0046":[{"pref":"鳥取県","city":"境港市","town":"竹内団地"}],"0043":[{"pref":"鳥取県","city":"境港市","town":"竹内町"}],"0071":[{"pref":"鳥取県","city":"境港市","town":"外江町"}],"0073":[{"pref":"鳥取県","city":"境港市","town":"中海干拓地"}],"0041":[{"pref":"鳥取県","city":"境港市","town":"中野町"}],"0012":[{"pref":"鳥取県","city":"境港市","town":"中町"}],"0051":[{"pref":"鳥取県","city":"境港市","town":"新屋町"}],"0075":[{"pref":"鳥取県","city":"境港市","town":"西工業団地"}],"0014":[{"pref":"鳥取県","city":"境港市","town":"入船町"}],"0062":[{"pref":"鳥取県","city":"境港市","town":"蓮池町"}],"0016":[{"pref":"鳥取県","city":"境港市","town":"花町"}],"0021":[{"pref":"鳥取県","city":"境港市","town":"馬場崎町"}],"0003":[{"pref":"鳥取県","city":"境港市","town":"浜ノ町"}],"0027":[{"pref":"鳥取県","city":"境港市","town":"東本町"}],"0024":[{"pref":"鳥取県","city":"境港市","town":"日ノ出町"}],"0042":[{"pref":"鳥取県","city":"境港市","town":"福定町"}],"0025":[{"pref":"鳥取県","city":"境港市","town":"本町"}],"0005":[{"pref":"鳥取県","city":"境港市","town":"松ケ枝町"}],"0017":[{"pref":"鳥取県","city":"境港市","town":"岬町"}],"0031":[{"pref":"鳥取県","city":"境港市","town":"湊町"}],"0044":[{"pref":"鳥取県","city":"境港市","town":"美保町"}],"0052":[{"pref":"鳥取県","city":"境港市","town":"麦垣町"}],"0022":[{"pref":"鳥取県","city":"境港市","town":"明治町"}],"0032":[{"pref":"鳥取県","city":"境港市","town":"元町"}],"0065":[{"pref":"鳥取県","city":"境港市","town":"森岡町"}],"0002":[{"pref":"鳥取県","city":"境港市","town":"弥生町"}],"0076":[{"pref":"鳥取県","city":"境港市","town":"夕日ケ丘"}],"0061":[{"pref":"鳥取県","city":"境港市","town":"米川町"}],"0072":[{"pref":"鳥取県","city":"境港市","town":"渡町"}],"0400":[{"pref":"島根県","city":"隠岐郡海士町","town":"以下に掲載がない場合"}],"0403":[{"pref":"島根県","city":"隠岐郡海士町","town":"海士"}],"0401":[{"pref":"島根県","city":"隠岐郡海士町","town":"宇受賀"}],"0413":[{"pref":"島根県","city":"隠岐郡海士町","town":"崎"}],"0411":[{"pref":"島根県","city":"隠岐郡海士町","town":"知々井"}],"0402":[{"pref":"島根県","city":"隠岐郡海士町","town":"豊田"}],"0404":[{"pref":"島根県","city":"隠岐郡海士町","town":"福井"}],"0412":[{"pref":"島根県","city":"隠岐郡海士町","town":"御波"}],"0300":[{"pref":"島根県","city":"隠岐郡西ノ島町","town":"以下に掲載がない場合"}],"0301":[{"pref":"島根県","city":"隠岐郡西ノ島町","town":"宇賀"}],"0211":[{"pref":"島根県","city":"隠岐郡西ノ島町","town":"浦郷"}],"0302":[{"pref":"島根県","city":"隠岐郡西ノ島町","town":"別府"}],"0303":[{"pref":"島根県","city":"隠岐郡西ノ島町","town":"美田"}],"0100":[{"pref":"島根県","city":"隠岐郡知夫村","town":"以下に掲載がない場合"}],"0104":[{"pref":"島根県","city":"隠岐郡知夫村","town":"薄毛"}],"0107":[{"pref":"島根県","city":"隠岐郡知夫村","town":"古海"}],"0101":[{"pref":"島根県","city":"隠岐郡知夫村","town":"大江"}],"0106":[{"pref":"島根県","city":"隠岐郡知夫村","town":"来居"}],"0102":[{"pref":"島根県","city":"隠岐郡知夫村","town":"郡"}],"0103":[{"pref":"島根県","city":"隠岐郡知夫村","town":"多沢"}],"0105":[{"pref":"島根県","city":"隠岐郡知夫村","town":"仁夫"}]}