{"0000":[{"pref":"愛知県","city":"春日井市","town":"以下に掲載がない場合"}],"0933":[{"pref":"愛知県","city":"春日井市","town":"愛知町"}],"0929":[{"pref":"愛知県","city":"春日井市","town":"旭町"}],"0846":[{"pref":"愛知県","city":"春日井市","town":"朝宮町"}],"0857":[{"pref":"愛知県","city":"春日井市","town":"浅山町"}],"0965":[{"pref":"愛知県","city":"春日井市","town":"味美上ノ町"}],"0967":[{"pref":"愛知県","city":"春日井市","town":"味美西本町"}],"0969":[{"pref":"愛知県","city":"春日井市","town":"味美白山町"}],"0968":[{"pref":"愛知県","city":"春日井市","town":"味美町"}],"0853":[{"pref":"愛知県","city":"春日井市","town":"穴橋町"}],"0905":[{"pref":"愛知県","city":"春日井市","town":"稲口町"}],"0921":[{"pref":"愛知県","city":"春日井市","town":"杁ケ島町"}],"0805":[{"pref":"愛知県","city":"春日井市","town":"岩野町"}],"0901":[{"pref":"愛知県","city":"春日井市","town":"牛山町"}],"0856":[{"pref":"愛知県","city":"春日井市","town":"梅ケ坪町"}],"0834":[{"pref":"愛知県","city":"春日井市","town":"王子町"}],"0806":[{"pref":"愛知県","city":"春日井市","town":"大手田酉町"}],"0807":[{"pref":"愛知県","city":"春日井市","town":"大手町"}],"0827":[{"pref":"愛知県","city":"春日井市","town":"小木田町"}],"0832":[{"pref":"愛知県","city":"春日井市","town":"乙輪町"}],"0926":[{"pref":"愛知県","city":"春日井市","town":"小野町"}],"0927":[{"pref":"愛知県","city":"春日井市","town":"柏井町"}],"0913":[{"pref":"愛知県","city":"春日井市","town":"柏原町"}],"0961":[{"pref":"愛知県","city":"春日井市","town":"春日井上ノ町"}],"0963":[{"pref":"愛知県","city":"春日井市","town":"春日井町"}],"0941":[{"pref":"愛知県","city":"春日井市","town":"勝川新町"}],"0945":[{"pref":"愛知県","city":"春日井市","town":"勝川町"}],"0946":[{"pref":"愛知県","city":"春日井市","town":"勝川町西"}],"0813":[{"pref":"愛知県","city":"春日井市","town":"金ケ口町"}],"0801":[{"pref":"愛知県","city":"春日井市","town":"上田楽町"}],"0966":[{"pref":"愛知県","city":"春日井市","town":"上ノ町"}],"0858":[{"pref":"愛知県","city":"春日井市","town":"菅大臣町"}],"0814":[{"pref":"愛知県","city":"春日井市","town":"北城町"}],"0826":[{"pref":"愛知県","city":"春日井市","town":"貴船町"}],"0822":[{"pref":"愛知県","city":"春日井市","town":"熊野町"}],"0820":[{"pref":"愛知県","city":"春日井市","town":"熊野町北"}],"0907":[{"pref":"愛知県","city":"春日井市","town":"黒鉾町"}],"0923":[{"pref":"愛知県","city":"春日井市","town":"下条町"}],"0831":[{"pref":"愛知県","city":"春日井市","town":"ことぶき町"}],"0823":[{"pref":"愛知県","city":"春日井市","town":"桜佐町"}],"0851":[{"pref":"愛知県","city":"春日井市","town":"篠木町"}],"0922":[{"pref":"愛知県","city":"春日井市","town":"篠田町"}],"0852":[{"pref":"愛知県","city":"春日井市","town":"下市場町"}],"0924":[{"pref":"愛知県","city":"春日井市","town":"下津町"}],"0819":[{"pref":"愛知県","city":"春日井市","town":"下原町"}],"0906":[{"pref":"愛知県","city":"春日井市","town":"下屋敷町"}],"0815":[{"pref":"愛知県","city":"春日井市","town":"十三塚町"}],"0833":[{"pref":"愛知県","city":"春日井市","town":"上条町"}],"0902":[{"pref":"愛知県","city":"春日井市","town":"新開町"}],"0942":[{"pref":"愛知県","city":"春日井市","town":"神明町"}],"0821":[{"pref":"愛知県","city":"春日井市","town":"神領町"}],"0830":[{"pref":"愛知県","city":"春日井市","town":"神領町北"}],"0855":[{"pref":"愛知県","city":"春日井市","town":"関田町"}],"0949":[{"pref":"愛知県","city":"春日井市","town":"惣中町"}],"0964":[{"pref":"愛知県","city":"春日井市","town":"宗法町"}],"0812":[{"pref":"愛知県","city":"春日井市","town":"大泉寺町"}],"0804":[{"pref":"愛知県","city":"春日井市","town":"鷹来町"}],"0912":[{"pref":"愛知県","city":"春日井市","town":"高山町"}],"0808":[{"pref":"愛知県","city":"春日井市","town":"田楽町"}],"0947":[{"pref":"愛知県","city":"春日井市","town":"知多町"}],"0825":[{"pref":"愛知県","city":"春日井市","town":"中央通"}],"0936":[{"pref":"愛知県","city":"春日井市","town":"町田町"}],"0952":[{"pref":"愛知県","city":"春日井市","town":"追進町"}],"0835":[{"pref":"愛知県","city":"春日井市","town":"月見町"}],"0943":[{"pref":"愛知県","city":"春日井市","town":"角崎町"}],"0948":[{"pref":"愛知県","city":"春日井市","town":"天神町"}],"0844":[{"pref":"愛知県","city":"春日井市","town":"鳥居松町"}],"0925":[{"pref":"愛知県","city":"春日井市","town":"中切町"}],"0956":[{"pref":"愛知県","city":"春日井市","town":"中新町"}],"0957":[{"pref":"愛知県","city":"春日井市","town":"中野町"}],"0962":[{"pref":"愛知県","city":"春日井市","town":"中町"}],"0934":[{"pref":"愛知県","city":"春日井市","town":"長塚町"}],"0911":[{"pref":"愛知県","city":"春日井市","town":"西高山町"}],"0958":[{"pref":"愛知県","city":"春日井市","town":"西本町"}],"0908":[{"pref":"愛知県","city":"春日井市","town":"西屋町"}],"0803":[{"pref":"愛知県","city":"春日井市","town":"西山町"}],"0918":[{"pref":"愛知県","city":"春日井市","town":"如意申町"}],"0915":[{"pref":"愛知県","city":"春日井市","town":"八幡町"}],"0916":[{"pref":"愛知県","city":"春日井市","town":"八光町"}],"0849":[{"pref":"愛知県","city":"春日井市","town":"八田町"}],"0951":[{"pref":"愛知県","city":"春日井市","town":"花長町"}],"0854":[{"pref":"愛知県","city":"春日井市","town":"林島町"}],"0837":[{"pref":"愛知県","city":"春日井市","town":"春見町"}],"0816":[{"pref":"愛知県","city":"春日井市","town":"東野新町"}],"0817":[{"pref":"愛知県","city":"春日井市","town":"東野町"}],"0818":[{"pref":"愛知県","city":"春日井市","town":"東野町西"}],"0811":[{"pref":"愛知県","city":"春日井市","town":"東山町"}],"0955":[{"pref":"愛知県","city":"春日井市","town":"二子町"}],"0937":[{"pref":"愛知県","city":"春日井市","town":"細木町"}],"0829":[{"pref":"愛知県","city":"春日井市","town":"堀ノ内町"}],"0828":[{"pref":"愛知県","city":"春日井市","town":"堀ノ内町北"}],"0903":[{"pref":"愛知県","city":"春日井市","town":"前並町"}],"0809":[{"pref":"愛知県","city":"春日井市","town":"町屋町"}],"0932":[{"pref":"愛知県","city":"春日井市","town":"松河戸町"}],"0931":[{"pref":"愛知県","city":"春日井市","town":"松新町"}],"0845":[{"pref":"愛知県","city":"春日井市","town":"瑞穂通"}],"0841":[{"pref":"愛知県","city":"春日井市","town":"南下原町"}],"0954":[{"pref":"愛知県","city":"春日井市","town":"南花長町"}],"0917":[{"pref":"愛知県","city":"春日井市","town":"美濃町"}],"0904":[{"pref":"愛知県","city":"春日井市","town":"宮町"}],"0953":[{"pref":"愛知県","city":"春日井市","town":"御幸町"}],"0928":[{"pref":"愛知県","city":"春日井市","town":"妙慶町"}],"0802":[{"pref":"愛知県","city":"春日井市","town":"桃山町"}],"0935":[{"pref":"愛知県","city":"春日井市","town":"森山田町"}],"0836":[{"pref":"愛知県","city":"春日井市","town":"八事町"}],"0944":[{"pref":"愛知県","city":"春日井市","town":"大和通"}],"0838":[{"pref":"愛知県","city":"春日井市","town":"弥生町"}],"0909":[{"pref":"愛知県","city":"春日井市","town":"四ツ家町"}],"0842":[{"pref":"愛知県","city":"春日井市","town":"六軒屋町"}],"0839":[{"pref":"愛知県","city":"春日井市","town":"六軒屋町西"}],"0914":[{"pref":"愛知県","city":"春日井市","town":"若草通"}],"0824":[{"pref":"愛知県","city":"春日井市","town":"割塚町"}]}