{"1101":[{"pref":"愛媛県","city":"宇和島市","town":"三間町大藤"}],"1102":[{"pref":"愛媛県","city":"宇和島市","town":"三間町則"}],"1103":[{"pref":"愛媛県","city":"宇和島市","town":"三間町成家"}],"1104":[{"pref":"愛媛県","city":"宇和島市","town":"三間町曽根"}],"1105":[{"pref":"愛媛県","city":"宇和島市","town":"三間町是能"}],"1111":[{"pref":"愛媛県","city":"宇和島市","town":"三間町北増穂"}],"1112":[{"pref":"愛媛県","city":"宇和島市","town":"三間町宮野下"}],"1113":[{"pref":"愛媛県","city":"宇和島市","town":"三間町迫目"}],"1114":[{"pref":"愛媛県","city":"宇和島市","town":"三間町務田"}],"1115":[{"pref":"愛媛県","city":"宇和島市","town":"三間町戸雁"}],"1116":[{"pref":"愛媛県","city":"宇和島市","town":"三間町黒井地"}],"1121":[{"pref":"愛媛県","city":"宇和島市","town":"三間町川之内"}],"1122":[{"pref":"愛媛県","city":"宇和島市","town":"三間町小沢川"}],"1123":[{"pref":"愛媛県","city":"宇和島市","town":"三間町元宗"}],"1124":[{"pref":"愛媛県","city":"宇和島市","town":"三間町増田"}],"1125":[{"pref":"愛媛県","city":"宇和島市","town":"三間町土居中"}],"1131":[{"pref":"愛媛県","city":"宇和島市","town":"三間町田川"}],"1132":[{"pref":"愛媛県","city":"宇和島市","town":"三間町波岡"}],"1133":[{"pref":"愛媛県","city":"宇和島市","town":"三間町中野中"}],"1134":[{"pref":"愛媛県","city":"宇和島市","town":"三間町金銅"}],"1135":[{"pref":"愛媛県","city":"宇和島市","town":"三間町古藤田"}],"1136":[{"pref":"愛媛県","city":"宇和島市","town":"三間町大内"}],"1137":[{"pref":"愛媛県","city":"宇和島市","town":"三間町兼近"}],"1138":[{"pref":"愛媛県","city":"宇和島市","town":"三間町土居垣内"}],"1139":[{"pref":"愛媛県","city":"宇和島市","town":"三間町是延"}],"1141":[{"pref":"愛媛県","city":"宇和島市","town":"三間町音地"}],"1142":[{"pref":"愛媛県","city":"宇和島市","town":"三間町三間中間"}],"1143":[{"pref":"愛媛県","city":"宇和島市","town":"三間町黒川"}],"1300":[{"pref":"愛媛県","city":"北宇和郡鬼北町","town":"以下に掲載がない場合"}],"1301":[{"pref":"愛媛県","city":"北宇和郡鬼北町","town":"大宿"}],"1302":[{"pref":"愛媛県","city":"北宇和郡鬼北町","town":"下大野"}],"1303":[{"pref":"愛媛県","city":"北宇和郡鬼北町","town":"広見"}],"1311":[{"pref":"愛媛県","city":"北宇和郡鬼北町","town":"小松"}],"1312":[{"pref":"愛媛県","city":"北宇和郡鬼北町","town":"川上"}],"1313":[{"pref":"愛媛県","city":"北宇和郡鬼北町","town":"延川"}],"1314":[{"pref":"愛媛県","city":"北宇和郡鬼北町","town":"久保"}],"1321":[{"pref":"愛媛県","city":"北宇和郡鬼北町","town":"小倉"}],"1322":[{"pref":"愛媛県","city":"北宇和郡鬼北町","town":"上川"}],"1323":[{"pref":"愛媛県","city":"北宇和郡鬼北町","town":"岩谷"}],"1324":[{"pref":"愛媛県","city":"北宇和郡鬼北町","town":"小西野々"}],"1331":[{"pref":"愛媛県","city":"北宇和郡鬼北町","town":"興野々"}],"1332":[{"pref":"愛媛県","city":"北宇和郡鬼北町","town":"出目"}],"1333":[{"pref":"愛媛県","city":"北宇和郡鬼北町","town":"永野市"}],"1341":[{"pref":"愛媛県","city":"北宇和郡鬼北町","town":"近永（旭町）"}],"1342":[{"pref":"愛媛県","city":"北宇和郡鬼北町","town":"近永（栄町）"}],"1343":[{"pref":"愛媛県","city":"北宇和郡鬼北町","town":"近永（新町）"}],"1344":[{"pref":"愛媛県","city":"北宇和郡鬼北町","town":"近永（本町）"}],"1345":[{"pref":"愛媛県","city":"北宇和郡鬼北町","town":"近永（南町）"}],"1351":[{"pref":"愛媛県","city":"北宇和郡鬼北町","town":"奈良（その他）"}],"1352":[{"pref":"愛媛県","city":"北宇和郡鬼北町","town":"奈良（成川）"}],"1353":[{"pref":"愛媛県","city":"北宇和郡鬼北町","town":"奈良（水分）"}],"1354":[{"pref":"愛媛県","city":"北宇和郡鬼北町","town":"北川"}],"1355":[{"pref":"愛媛県","city":"北宇和郡鬼北町","town":"芝"}],"1356":[{"pref":"愛媛県","city":"北宇和郡鬼北町","town":"中野川"}],"1361":[{"pref":"愛媛県","city":"北宇和郡鬼北町","town":"国遠"}],"1362":[{"pref":"愛媛県","city":"北宇和郡鬼北町","town":"清延"}],"1363":[{"pref":"愛媛県","city":"北宇和郡鬼北町","town":"内深田"}],"1364":[{"pref":"愛媛県","city":"北宇和郡鬼北町","town":"吉波"}],"1365":[{"pref":"愛媛県","city":"北宇和郡鬼北町","town":"西仲"}],"1366":[{"pref":"愛媛県","city":"北宇和郡鬼北町","town":"東仲"}],"1367":[{"pref":"愛媛県","city":"北宇和郡鬼北町","town":"沢松"}],"1371":[{"pref":"愛媛県","city":"北宇和郡鬼北町","town":"生田"}],"1372":[{"pref":"愛媛県","city":"北宇和郡鬼北町","town":"西野々"}],"1373":[{"pref":"愛媛県","city":"北宇和郡鬼北町","town":"清水"}],"1374":[{"pref":"愛媛県","city":"北宇和郡鬼北町","town":"成藤"}],"1375":[{"pref":"愛媛県","city":"北宇和郡鬼北町","town":"畔屋"}],"1501":[{"pref":"愛媛県","city":"北宇和郡鬼北町","town":"上鍵山"}],"1502":[{"pref":"愛媛県","city":"北宇和郡鬼北町","town":"下鍵山"}],"1503":[{"pref":"愛媛県","city":"北宇和郡鬼北町","town":"上大野"}],"1504":[{"pref":"愛媛県","city":"北宇和郡鬼北町","town":"日向谷"}],"1505":[{"pref":"愛媛県","city":"北宇和郡鬼北町","town":"父野川上"}],"1506":[{"pref":"愛媛県","city":"北宇和郡鬼北町","town":"父野川中"}],"1507":[{"pref":"愛媛県","city":"北宇和郡鬼北町","town":"父野川下"}],"2100":[{"pref":"愛媛県","city":"北宇和郡松野町","town":"以下に掲載がない場合"}],"2101":[{"pref":"愛媛県","city":"北宇和郡松野町","town":"松丸"}],"2102":[{"pref":"愛媛県","city":"北宇和郡松野町","town":"延野々"}],"2103":[{"pref":"愛媛県","city":"北宇和郡松野町","town":"豊岡"}],"2104":[{"pref":"愛媛県","city":"北宇和郡松野町","town":"富岡"}],"2105":[{"pref":"愛媛県","city":"北宇和郡松野町","town":"上家地"}],"2106":[{"pref":"愛媛県","city":"北宇和郡松野町","town":"目黒"}],"2111":[{"pref":"愛媛県","city":"北宇和郡松野町","town":"吉野"}],"2112":[{"pref":"愛媛県","city":"北宇和郡松野町","town":"蕨生"}],"2113":[{"pref":"愛媛県","city":"北宇和郡松野町","town":"奥野川"}],"2146":[{"pref":"愛媛県","city":"宇和島市","town":"野川（滑床）"}],"3271":[{"pref":"愛媛県","city":"宇和島市","town":"津島町御内"}],"3272":[{"pref":"愛媛県","city":"宇和島市","town":"津島町槇川"}],"3301":[{"pref":"愛媛県","city":"宇和島市","town":"津島町岩松"}],"3302":[{"pref":"愛媛県","city":"宇和島市","town":"津島町高田"}],"3303":[{"pref":"愛媛県","city":"宇和島市","town":"津島町近家"}],"3311":[{"pref":"愛媛県","city":"宇和島市","town":"津島町岩渕"}],"3312":[{"pref":"愛媛県","city":"宇和島市","town":"津島町山財"}],"3313":[{"pref":"愛媛県","city":"宇和島市","town":"津島町増穂"}],"3321":[{"pref":"愛媛県","city":"宇和島市","town":"津島町下畑地（乙を除く）"}],"3322":[{"pref":"愛媛県","city":"宇和島市","town":"津島町下畑地乙（上槇）"}],"3323":[{"pref":"愛媛県","city":"宇和島市","town":"津島町上畑地"}],"3331":[{"pref":"愛媛県","city":"宇和島市","town":"津島町後"}],"3332":[{"pref":"愛媛県","city":"宇和島市","town":"津島町須下"}],"3333":[{"pref":"愛媛県","city":"宇和島市","town":"津島町成"}],"3334":[{"pref":"愛媛県","city":"宇和島市","town":"津島町漁家"}],"3335":[{"pref":"愛媛県","city":"宇和島市","town":"津島町平井"}],"3336":[{"pref":"愛媛県","city":"宇和島市","town":"津島町曲烏"}],"3337":[{"pref":"愛媛県","city":"宇和島市","town":"津島町大浦"}],"3338":[{"pref":"愛媛県","city":"宇和島市","town":"津島町柿之浦"}],"3341":[{"pref":"愛媛県","city":"宇和島市","town":"津島町塩定"}],"3342":[{"pref":"愛媛県","city":"宇和島市","town":"津島町浦知"}],"3343":[{"pref":"愛媛県","city":"宇和島市","town":"津島町針木"}],"3344":[{"pref":"愛媛県","city":"宇和島市","town":"津島町嵐"}],"3345":[{"pref":"愛媛県","city":"宇和島市","town":"津島町横浦"}],"3346":[{"pref":"愛媛県","city":"宇和島市","town":"津島町鼡鳴"}],"3351":[{"pref":"愛媛県","city":"宇和島市","town":"津島町弓立"}],"3352":[{"pref":"愛媛県","city":"宇和島市","town":"津島町坪井"}],"3353":[{"pref":"愛媛県","city":"宇和島市","town":"津島町泥目水"}],"3354":[{"pref":"愛媛県","city":"宇和島市","town":"津島町田颪"}],"3355":[{"pref":"愛媛県","city":"宇和島市","town":"津島町脇"}],"3356":[{"pref":"愛媛県","city":"宇和島市","town":"津島町曽根"}],"3357":[{"pref":"愛媛県","city":"宇和島市","town":"津島町田之浜"}],"3358":[{"pref":"愛媛県","city":"宇和島市","town":"津島町竹ケ島"}],"3361":[{"pref":"愛媛県","city":"宇和島市","town":"津島町北灘甲"}],"3362":[{"pref":"愛媛県","city":"宇和島市","town":"津島町北灘乙"}],"3363":[{"pref":"愛媛県","city":"宇和島市","town":"津島町北灘丙"}],"3364":[{"pref":"愛媛県","city":"宇和島市","town":"津島町北灘丁（大日提、小日提）"}],"3701":[{"pref":"愛媛県","city":"南宇和郡愛南町","town":"柏"}],"3702":[{"pref":"愛媛県","city":"南宇和郡愛南町","town":"柏崎"}],"3703":[{"pref":"愛媛県","city":"南宇和郡愛南町","town":"須ノ川"}],"3704":[{"pref":"愛媛県","city":"南宇和郡愛南町","town":"平碆"}],"3705":[{"pref":"愛媛県","city":"南宇和郡愛南町","town":"家串"}],"3706":[{"pref":"愛媛県","city":"南宇和郡愛南町","town":"油袋"}],"3707":[{"pref":"愛媛県","city":"南宇和郡愛南町","town":"魚神山"}],"3708":[{"pref":"愛媛県","city":"南宇和郡愛南町","town":"網代"}],"4100":[{"pref":"愛媛県","city":"南宇和郡愛南町","town":"以下に掲載がない場合"}],"4101":[{"pref":"愛媛県","city":"南宇和郡愛南町","town":"御荘菊川"}],"4102":[{"pref":"愛媛県","city":"南宇和郡愛南町","town":"御荘平山"}],"4103":[{"pref":"愛媛県","city":"南宇和郡愛南町","town":"御荘長洲"}],"4104":[{"pref":"愛媛県","city":"南宇和郡愛南町","town":"御荘和口"}],"4105":[{"pref":"愛媛県","city":"南宇和郡愛南町","town":"御荘長月"}],"4110":[{"pref":"愛媛県","city":"南宇和郡愛南町","town":"御荘平城"}],"4121":[{"pref":"愛媛県","city":"南宇和郡愛南町","town":"御荘深泥"}],"4122":[{"pref":"愛媛県","city":"南宇和郡愛南町","town":"防城成川"}],"4123":[{"pref":"愛媛県","city":"南宇和郡愛南町","town":"赤水"}],"4124":[{"pref":"愛媛県","city":"南宇和郡愛南町","town":"高畑"}],"4125":[{"pref":"愛媛県","city":"南宇和郡愛南町","town":"中浦"}],"4126":[{"pref":"愛媛県","city":"南宇和郡愛南町","town":"猿鳴"}],"4131":[{"pref":"愛媛県","city":"南宇和郡愛南町","town":"城辺甲"}],"4132":[{"pref":"愛媛県","city":"南宇和郡愛南町","town":"城辺乙"}],"4133":[{"pref":"愛媛県","city":"南宇和郡愛南町","town":"緑乙"}],"4134":[{"pref":"愛媛県","city":"南宇和郡愛南町","town":"緑甲"}],"4135":[{"pref":"愛媛県","city":"南宇和郡愛南町","town":"緑丙"}],"4136":[{"pref":"愛媛県","city":"南宇和郡愛南町","town":"僧都"}],"4201":[{"pref":"愛媛県","city":"南宇和郡愛南町","town":"越田"}],"4202":[{"pref":"愛媛県","city":"南宇和郡愛南町","town":"弓立"}],"4203":[{"pref":"愛媛県","city":"南宇和郡愛南町","town":"小浦"}],"4204":[{"pref":"愛媛県","city":"南宇和郡愛南町","town":"樫月"}],"4205":[{"pref":"愛媛県","city":"南宇和郡愛南町","town":"船越"}],"4206":[{"pref":"愛媛県","city":"南宇和郡愛南町","town":"内泊"}],"4207":[{"pref":"愛媛県","city":"南宇和郡愛南町","town":"中泊"}],"4208":[{"pref":"愛媛県","city":"南宇和郡愛南町","town":"外泊"}],"4209":[{"pref":"愛媛県","city":"南宇和郡愛南町","town":"鹿島"}],"4211":[{"pref":"愛媛県","city":"南宇和郡愛南町","town":"久家"}],"4212":[{"pref":"愛媛県","city":"南宇和郡愛南町","town":"下久家"}],"4213":[{"pref":"愛媛県","city":"南宇和郡愛南町","town":"樽見"}],"4214":[{"pref":"愛媛県","city":"南宇和郡愛南町","town":"大成川"}],"4215":[{"pref":"愛媛県","city":"南宇和郡愛南町","town":"小成川"}],"4216":[{"pref":"愛媛県","city":"南宇和郡愛南町","town":"福浦"}],"4217":[{"pref":"愛媛県","city":"南宇和郡愛南町","town":"麦ケ浦"}],"4218":[{"pref":"愛媛県","city":"南宇和郡愛南町","town":"武者泊"}],"4219":[{"pref":"愛媛県","city":"南宇和郡愛南町","town":"高茂"}],"4341":[{"pref":"愛媛県","city":"南宇和郡愛南町","town":"蓮乗寺"}],"4342":[{"pref":"愛媛県","city":"南宇和郡愛南町","town":"深浦"}],"4343":[{"pref":"愛媛県","city":"南宇和郡愛南町","town":"垣内"}],"4344":[{"pref":"愛媛県","city":"南宇和郡愛南町","town":"岩水"}],"4345":[{"pref":"愛媛県","city":"南宇和郡愛南町","town":"敦盛"}],"4346":[{"pref":"愛媛県","city":"南宇和郡愛南町","town":"柿ノ浦"}],"4347":[{"pref":"愛媛県","city":"南宇和郡愛南町","town":"大浜"}],"4348":[{"pref":"愛媛県","city":"南宇和郡愛南町","town":"中玉"}],"4349":[{"pref":"愛媛県","city":"南宇和郡愛南町","town":"脇本"}],"4351":[{"pref":"愛媛県","city":"南宇和郡愛南町","town":"鯆越"}],"4352":[{"pref":"愛媛県","city":"南宇和郡愛南町","town":"古月"}],"4353":[{"pref":"愛媛県","city":"南宇和郡愛南町","town":"久良"}],"4401":[{"pref":"愛媛県","city":"南宇和郡愛南町","town":"正木"}],"4402":[{"pref":"愛媛県","city":"南宇和郡愛南町","town":"増田"}],"4403":[{"pref":"愛媛県","city":"南宇和郡愛南町","town":"小山"}],"4404":[{"pref":"愛媛県","city":"南宇和郡愛南町","town":"中川"}],"4405":[{"pref":"愛媛県","city":"南宇和郡愛南町","town":"満倉"}],"4406":[{"pref":"愛媛県","city":"南宇和郡愛南町","town":"広見"}],"4407":[{"pref":"愛媛県","city":"南宇和郡愛南町","town":"上大道"}],"4408":[{"pref":"愛媛県","city":"南宇和郡愛南町","town":"一本松"}],"0000":[{"pref":"愛媛県","city":"宇和島市","town":"以下に掲載がない場合"}],"0030":[{"pref":"愛媛県","city":"宇和島市","town":"曙町"}],"0004":[{"pref":"愛媛県","city":"宇和島市","town":"朝日町"}],"0042":[{"pref":"愛媛県","city":"宇和島市","town":"愛宕町"}],"0026":[{"pref":"愛媛県","city":"宇和島市","town":"泉町"}],"0023":[{"pref":"愛媛県","city":"宇和島市","town":"伊吹町（北宇和島町）"}],"0024":[{"pref":"愛媛県","city":"宇和島市","town":"伊吹町（北通）"}],"0025":[{"pref":"愛媛県","city":"宇和島市","town":"伊吹町（東通）"}],"0022":[{"pref":"愛媛県","city":"宇和島市","town":"伊吹町（その他）"}],"0078":[{"pref":"愛媛県","city":"宇和島市","town":"祝森"}],"0043":[{"pref":"愛媛県","city":"宇和島市","town":"宇和津町"}],"0032":[{"pref":"愛媛県","city":"宇和島市","town":"恵美須町"}],"0001":[{"pref":"愛媛県","city":"宇和島市","town":"大浦（赤松）"}],"0002":[{"pref":"愛媛県","city":"宇和島市","town":"大浦（その他）"}],"0039":[{"pref":"愛媛県","city":"宇和島市","town":"大宮町"}],"0063":[{"pref":"愛媛県","city":"宇和島市","town":"御徒町"}],"0027":[{"pref":"愛媛県","city":"宇和島市","town":"柿原"}],"0053":[{"pref":"愛媛県","city":"宇和島市","town":"賀古町"}],"0076":[{"pref":"愛媛県","city":"宇和島市","town":"川内（薬師谷）"}],"0075":[{"pref":"愛媛県","city":"宇和島市","town":"川内（その他）"}],"0010":[{"pref":"愛媛県","city":"宇和島市","town":"北新町"},{"pref":"愛媛県","city":"宇和島市","town":"藤江"}],"0052":[{"pref":"愛媛県","city":"宇和島市","town":"京町"}],"0093":[{"pref":"愛媛県","city":"宇和島市","town":"小池"}],"0091":[{"pref":"愛媛県","city":"宇和島市","town":"石応"}],"0061":[{"pref":"愛媛県","city":"宇和島市","town":"御殿町"}],"0007":[{"pref":"愛媛県","city":"宇和島市","town":"寿町"}],"0092":[{"pref":"愛媛県","city":"宇和島市","town":"小浜"}],"0211":[{"pref":"愛媛県","city":"宇和島市","town":"蒋渕"}],"0064":[{"pref":"愛媛県","city":"宇和島市","town":"佐伯町"}],"0031":[{"pref":"愛媛県","city":"宇和島市","town":"栄町港"}],"0087":[{"pref":"愛媛県","city":"宇和島市","town":"坂下津"}],"0062":[{"pref":"愛媛県","city":"宇和島市","town":"桜町"}],"0054":[{"pref":"愛媛県","city":"宇和島市","town":"笹町"}],"0104":[{"pref":"愛媛県","city":"宇和島市","town":"下波"}],"0090":[{"pref":"愛媛県","city":"宇和島市","town":"白浜"}],"0070":[{"pref":"愛媛県","city":"宇和島市","town":"神田川原"}],"0080":[{"pref":"愛媛県","city":"宇和島市","town":"新田町"}],"0035":[{"pref":"愛媛県","city":"宇和島市","town":"新町"}],"0011":[{"pref":"愛媛県","city":"宇和島市","town":"須賀通"}],"0003":[{"pref":"愛媛県","city":"宇和島市","town":"住吉町"}],"0045":[{"pref":"愛媛県","city":"宇和島市","town":"大超寺奥"}],"0020":[{"pref":"愛媛県","city":"宇和島市","town":"高串"}],"0040":[{"pref":"愛媛県","city":"宇和島市","town":"中央町"}],"0005":[{"pref":"愛媛県","city":"宇和島市","town":"築地町"}],"0033":[{"pref":"愛媛県","city":"宇和島市","town":"鶴島町"}],"0065":[{"pref":"愛媛県","city":"宇和島市","town":"天赦公園"}],"0036":[{"pref":"愛媛県","city":"宇和島市","town":"天神町"}],"0212":[{"pref":"愛媛県","city":"宇和島市","town":"戸島"}],"0081":[{"pref":"愛媛県","city":"宇和島市","town":"中沢町"}],"0082":[{"pref":"愛媛県","city":"宇和島市","town":"長堀"}],"0083":[{"pref":"愛媛県","city":"宇和島市","town":"夏目町"}],"0074":[{"pref":"愛媛県","city":"宇和島市","town":"並松"}],"0034":[{"pref":"愛媛県","city":"宇和島市","town":"錦町"}],"0044":[{"pref":"愛媛県","city":"宇和島市","town":"野川（その他）"}],"0098":[{"pref":"愛媛県","city":"宇和島市","town":"蛤"}],"0099":[{"pref":"愛媛県","city":"宇和島市","town":"日振島"}],"0097":[{"pref":"愛媛県","city":"宇和島市","town":"百之浦"}],"0095":[{"pref":"愛媛県","city":"宇和島市","town":"平浦"}],"0051":[{"pref":"愛媛県","city":"宇和島市","town":"広小路"}],"0066":[{"pref":"愛媛県","city":"宇和島市","town":"文京町"}],"0086":[{"pref":"愛媛県","city":"宇和島市","town":"別当"}],"0006":[{"pref":"愛媛県","city":"宇和島市","town":"弁天町"}],"0088":[{"pref":"愛媛県","city":"宇和島市","town":"保手"}],"0050":[{"pref":"愛媛県","city":"宇和島市","town":"堀端町"}],"0096":[{"pref":"愛媛県","city":"宇和島市","town":"本九島"}],"0041":[{"pref":"愛媛県","city":"宇和島市","town":"本町追手"}],"0067":[{"pref":"愛媛県","city":"宇和島市","town":"桝形町"}],"0037":[{"pref":"愛媛県","city":"宇和島市","town":"丸穂町（丁目）"}],"0038":[{"pref":"愛媛県","city":"宇和島市","town":"丸穂（番地）"}],"0060":[{"pref":"愛媛県","city":"宇和島市","town":"丸之内"}],"0101":[{"pref":"愛媛県","city":"宇和島市","town":"三浦東"}],"0102":[{"pref":"愛媛県","city":"宇和島市","town":"三浦西"}],"0021":[{"pref":"愛媛県","city":"宇和島市","town":"光満"}],"0085":[{"pref":"愛媛県","city":"宇和島市","town":"宮下"}],"0013":[{"pref":"愛媛県","city":"宇和島市","town":"御幸町"}],"0071":[{"pref":"愛媛県","city":"宇和島市","town":"妙典寺前"}],"0068":[{"pref":"愛媛県","city":"宇和島市","town":"明倫町"}],"0072":[{"pref":"愛媛県","city":"宇和島市","town":"元結掛"}],"0077":[{"pref":"愛媛県","city":"宇和島市","town":"保田"}],"0073":[{"pref":"愛媛県","city":"宇和島市","town":"山際"}],"0103":[{"pref":"愛媛県","city":"宇和島市","town":"遊子"}],"0084":[{"pref":"愛媛県","city":"宇和島市","town":"寄松"}],"0094":[{"pref":"愛媛県","city":"宇和島市","town":"蕨"}],"0014":[{"pref":"愛媛県","city":"宇和島市","town":"和霊公園"}],"0016":[{"pref":"愛媛県","city":"宇和島市","town":"和霊中町"}],"0017":[{"pref":"愛媛県","city":"宇和島市","town":"和霊東町"}],"0015":[{"pref":"愛媛県","city":"宇和島市","town":"和霊元町"}],"0012":[{"pref":"愛媛県","city":"宇和島市","town":"和霊町"}]}