{"0023":[{"pref":"北海道","city":"室蘭市","town":"入江町"}],"0035":[{"pref":"北海道","city":"室蘭市","town":"絵鞆町"}],"0033":[{"pref":"北海道","city":"室蘭市","town":"小橋内町"}],"0022":[{"pref":"北海道","city":"室蘭市","town":"海岸町"}],"0032":[{"pref":"北海道","city":"室蘭市","town":"港南町"}],"0002":[{"pref":"北海道","city":"室蘭市","town":"御前水町"}],"0016":[{"pref":"北海道","city":"室蘭市","town":"幸町"}],"0014":[{"pref":"北海道","city":"室蘭市","town":"栄町"}],"0027":[{"pref":"北海道","city":"室蘭市","town":"沢町"}],"0026":[{"pref":"北海道","city":"室蘭市","town":"清水町"}],"0036":[{"pref":"北海道","city":"室蘭市","town":"祝津町"}],"0005":[{"pref":"北海道","city":"室蘭市","town":"新富町"}],"0006":[{"pref":"北海道","city":"室蘭市","town":"茶津町"}],"0011":[{"pref":"北海道","city":"室蘭市","town":"中央町"}],"0031":[{"pref":"北海道","city":"室蘭市","town":"築地町"}],"0025":[{"pref":"北海道","city":"室蘭市","town":"常盤町"}],"0028":[{"pref":"北海道","city":"室蘭市","town":"西小路町"}],"0013":[{"pref":"北海道","city":"室蘭市","town":"舟見町"}],"0003":[{"pref":"北海道","city":"室蘭市","town":"母恋南町"}],"0004":[{"pref":"北海道","city":"室蘭市","town":"母恋北町"}],"0015":[{"pref":"北海道","city":"室蘭市","town":"本町"}],"0024":[{"pref":"北海道","city":"室蘭市","town":"幕西町"}],"0034":[{"pref":"北海道","city":"室蘭市","town":"増市町"}],"0001":[{"pref":"北海道","city":"室蘭市","town":"御崎町"}],"0021":[{"pref":"北海道","city":"室蘭市","town":"緑町"}],"0012":[{"pref":"北海道","city":"室蘭市","town":"山手町"}]}