{"0071":[{"pref":"東京都","city":"練馬区","town":"旭町"}],"0074":[{"pref":"東京都","city":"練馬区","town":"春日町"}],"0081":[{"pref":"東京都","city":"練馬区","town":"北町"}],"0075":[{"pref":"東京都","city":"練馬区","town":"高松"}],"0073":[{"pref":"東京都","city":"練馬区","town":"田柄"}],"0076":[{"pref":"東京都","city":"練馬区","town":"土支田"}],"0082":[{"pref":"東京都","city":"練馬区","town":"錦"}],"0085":[{"pref":"東京都","city":"練馬区","town":"早宮"}],"0072":[{"pref":"東京都","city":"練馬区","town":"光が丘"}],"0084":[{"pref":"東京都","city":"練馬区","town":"氷川台"}],"0083":[{"pref":"東京都","city":"練馬区","town":"平和台"}]}