{"0000":[{"pref":"愛知県","city":"豊川市","town":"以下に掲載がない場合"}],"0054":[{"pref":"愛知県","city":"豊川市","town":"赤代町"}],"0887":[{"pref":"愛知県","city":"豊川市","town":"明野町"}],"0015":[{"pref":"愛知県","city":"豊川市","town":"曙町"}],"0041":[{"pref":"愛知県","city":"豊川市","town":"旭町"}],"0802":[{"pref":"愛知県","city":"豊川市","town":"麻生田町"}],"0862":[{"pref":"愛知県","city":"豊川市","town":"市田町"}],"0023":[{"pref":"愛知県","city":"豊川市","town":"稲荷通"}],"0814":[{"pref":"愛知県","city":"豊川市","town":"院之子町"}],"0801":[{"pref":"愛知県","city":"豊川市","town":"上野"}],"0886":[{"pref":"愛知県","city":"豊川市","town":"牛久保駅通"}],"0826":[{"pref":"愛知県","city":"豊川市","town":"牛久保町"}],"0045":[{"pref":"愛知県","city":"豊川市","town":"駅前通"}],"0007":[{"pref":"愛知県","city":"豊川市","town":"大崎町"}],"0809":[{"pref":"愛知県","city":"豊川市","town":"大橋町"}],"0013":[{"pref":"愛知県","city":"豊川市","town":"大堀町"}],"0844":[{"pref":"愛知県","city":"豊川市","town":"小田渕町"}],"0048":[{"pref":"愛知県","city":"豊川市","town":"開運通"}],"0872":[{"pref":"愛知県","city":"豊川市","town":"金塚町"}],"0053":[{"pref":"愛知県","city":"豊川市","town":"金屋町"}],"0067":[{"pref":"愛知県","city":"豊川市","town":"金屋西町"}],"0055":[{"pref":"愛知県","city":"豊川市","town":"金屋橋町"}],"0052":[{"pref":"愛知県","city":"豊川市","town":"金屋本町"}],"0066":[{"pref":"愛知県","city":"豊川市","town":"金屋元町"}],"0837":[{"pref":"愛知県","city":"豊川市","town":"川花町"}],"0042":[{"pref":"愛知県","city":"豊川市","town":"北浦町"}],"0822":[{"pref":"愛知県","city":"豊川市","town":"行明町"}],"0856":[{"pref":"愛知県","city":"豊川市","town":"久保町"}],"0882":[{"pref":"愛知県","city":"豊川市","town":"光輝町"}],"0828":[{"pref":"愛知県","city":"豊川市","town":"柑子町"}],"0854":[{"pref":"愛知県","city":"豊川市","town":"国府町"}],"0852":[{"pref":"愛知県","city":"豊川市","town":"国府南"}],"0884":[{"pref":"愛知県","city":"豊川市","town":"光明町"}],"0038":[{"pref":"愛知県","city":"豊川市","town":"光陽町"}],"0021":[{"pref":"愛知県","city":"豊川市","town":"小桜町"}],"0832":[{"pref":"愛知県","city":"豊川市","town":"寿通"}],"0861":[{"pref":"愛知県","city":"豊川市","town":"財賀町"}],"0046":[{"pref":"愛知県","city":"豊川市","town":"幸町"}],"0836":[{"pref":"愛知県","city":"豊川市","town":"堺町"}],"0064":[{"pref":"愛知県","city":"豊川市","town":"桜ケ丘町"}],"0027":[{"pref":"愛知県","city":"豊川市","town":"桜木通"}],"0843":[{"pref":"愛知県","city":"豊川市","town":"桜町"}],"0017":[{"pref":"愛知県","city":"豊川市","town":"佐土町"}],"0875":[{"pref":"愛知県","city":"豊川市","town":"佐奈川町"}],"0006":[{"pref":"愛知県","city":"豊川市","town":"三蔵子町"}],"0824":[{"pref":"愛知県","city":"豊川市","town":"下長山町"}],"0877":[{"pref":"愛知県","city":"豊川市","town":"下野川町"}],"0018":[{"pref":"愛知県","city":"豊川市","town":"白雲町"}],"0847":[{"pref":"愛知県","city":"豊川市","town":"白鳥"}],"0848":[{"pref":"愛知県","city":"豊川市","town":"白鳥町"}],"0853":[{"pref":"愛知県","city":"豊川市","town":"新青馬町"}],"0855":[{"pref":"愛知県","city":"豊川市","town":"新栄町"}],"0835":[{"pref":"愛知県","city":"豊川市","town":"新桜町通"}],"0043":[{"pref":"愛知県","city":"豊川市","town":"新宿町"}],"0878":[{"pref":"愛知県","city":"豊川市","town":"新道町"}],"0012":[{"pref":"愛知県","city":"豊川市","town":"新豊町"}],"0029":[{"pref":"愛知県","city":"豊川市","town":"末広通"}],"0819":[{"pref":"愛知県","city":"豊川市","town":"住吉町"}],"0068":[{"pref":"愛知県","city":"豊川市","town":"諏訪"}],"0069":[{"pref":"愛知県","city":"豊川市","town":"諏訪西町"}],"0815":[{"pref":"愛知県","city":"豊川市","town":"瀬木町"}],"0842":[{"pref":"愛知県","city":"豊川市","town":"蔵子"}],"0841":[{"pref":"愛知県","city":"豊川市","town":"代田町"}],"0883":[{"pref":"愛知県","city":"豊川市","town":"高見町"}],"0845":[{"pref":"愛知県","city":"豊川市","town":"為当町"}],"0004":[{"pref":"愛知県","city":"豊川市","town":"樽井町"}],"0001":[{"pref":"愛知県","city":"豊川市","town":"千両町"}],"0888":[{"pref":"愛知県","city":"豊川市","town":"千歳通"}],"0051":[{"pref":"愛知県","city":"豊川市","town":"中央通"}],"0818":[{"pref":"愛知県","city":"豊川市","town":"中条町"}],"0876":[{"pref":"愛知県","city":"豊川市","town":"中部町"}],"0039":[{"pref":"愛知県","city":"豊川市","town":"天神町"}],"0022":[{"pref":"愛知県","city":"豊川市","town":"東光町"}],"0821":[{"pref":"愛知県","city":"豊川市","town":"当古町"}],"0026":[{"pref":"愛知県","city":"豊川市","town":"東新町"}],"0881":[{"pref":"愛知県","city":"豊川市","town":"塔ノ木町"}],"0019":[{"pref":"愛知県","city":"豊川市","town":"東名町"}],"0813":[{"pref":"愛知県","city":"豊川市","town":"土筒町"}],"0036":[{"pref":"愛知県","city":"豊川市","town":"豊川栄町"}],"0032":[{"pref":"愛知県","city":"豊川市","town":"豊川仲町"}],"0031":[{"pref":"愛知県","city":"豊川市","town":"豊川西町"}],"0035":[{"pref":"愛知県","city":"豊川市","town":"豊川元町"}],"0033":[{"pref":"愛知県","city":"豊川市","town":"豊川町"}],"0003":[{"pref":"愛知県","city":"豊川市","town":"長草町"}],"0885":[{"pref":"愛知県","city":"豊川市","town":"中野川町"}],"0833":[{"pref":"愛知県","city":"豊川市","town":"西口町"}],"0834":[{"pref":"愛知県","city":"豊川市","town":"西香ノ木町"}],"0063":[{"pref":"愛知県","city":"豊川市","town":"西桜木町"}],"0827":[{"pref":"愛知県","city":"豊川市","town":"西島町"}],"0838":[{"pref":"愛知県","city":"豊川市","town":"西塚町"}],"0034":[{"pref":"愛知県","city":"豊川市","town":"西本町"}],"0024":[{"pref":"愛知県","city":"豊川市","town":"西豊町"}],"0851":[{"pref":"愛知県","city":"豊川市","town":"野口町"}],"0879":[{"pref":"愛知県","city":"豊川市","town":"萩山町"}],"0816":[{"pref":"愛知県","city":"豊川市","town":"花井町"}],"0811":[{"pref":"愛知県","city":"豊川市","town":"馬場町"}],"0011":[{"pref":"愛知県","city":"豊川市","town":"東曙町"}],"0028":[{"pref":"愛知県","city":"豊川市","town":"東桜木町"}],"0025":[{"pref":"愛知県","city":"豊川市","town":"東豊町"}],"0863":[{"pref":"愛知県","city":"豊川市","town":"平尾町"}],"0804":[{"pref":"愛知県","city":"豊川市","town":"二葉町"}],"0044":[{"pref":"愛知県","city":"豊川市","town":"二見町"}],"0817":[{"pref":"愛知県","city":"豊川市","town":"古宿町"}],"0014":[{"pref":"愛知県","city":"豊川市","town":"豊栄町"}],"0061":[{"pref":"愛知県","city":"豊川市","town":"穂ノ原"}],"0005":[{"pref":"愛知県","city":"豊川市","town":"本野ケ原"}],"0062":[{"pref":"愛知県","city":"豊川市","town":"本野町"}],"0806":[{"pref":"愛知県","city":"豊川市","town":"牧野町"}],"0823":[{"pref":"愛知県","city":"豊川市","town":"正岡町"}],"0871":[{"pref":"愛知県","city":"豊川市","town":"松風町"}],"0874":[{"pref":"愛知県","city":"豊川市","town":"松久町"}],"0812":[{"pref":"愛知県","city":"豊川市","town":"三上町"}],"0049":[{"pref":"愛知県","city":"豊川市","town":"緑町"}],"0889":[{"pref":"愛知県","city":"豊川市","town":"南大通"}],"0008":[{"pref":"愛知県","city":"豊川市","town":"南千両"}],"0805":[{"pref":"愛知県","city":"豊川市","town":"三谷原町"}],"0016":[{"pref":"愛知県","city":"豊川市","town":"美幸町"}],"0825":[{"pref":"愛知県","city":"豊川市","town":"美和通"}],"0803":[{"pref":"愛知県","city":"豊川市","town":"向河原町"}],"0846":[{"pref":"愛知県","city":"豊川市","town":"森"}],"0037":[{"pref":"愛知県","city":"豊川市","town":"門前町"}],"0807":[{"pref":"愛知県","city":"豊川市","town":"谷川町"}],"0873":[{"pref":"愛知県","city":"豊川市","town":"山道町"}],"0831":[{"pref":"愛知県","city":"豊川市","town":"弥生町"}],"0857":[{"pref":"愛知県","city":"豊川市","town":"八幡町"}],"0808":[{"pref":"愛知県","city":"豊川市","town":"豊が丘町"}],"0839":[{"pref":"愛知県","city":"豊川市","town":"四ツ谷町"}],"0002":[{"pref":"愛知県","city":"豊川市","town":"六角町"}],"0065":[{"pref":"愛知県","city":"豊川市","town":"若鳩町"}],"0047":[{"pref":"愛知県","city":"豊川市","town":"若宮町"}]}