{"0000":[{"pref":"東京都","city":"多摩市","town":"以下に掲載がない場合"},{"pref":"東京都","city":"稲城市","town":"以下に掲載がない場合"}],"0041":[{"pref":"東京都","city":"多摩市","town":"愛宕"}],"0002":[{"pref":"東京都","city":"多摩市","town":"一ノ宮"}],"0033":[{"pref":"東京都","city":"多摩市","town":"落合"}],"0015":[{"pref":"東京都","city":"多摩市","town":"落川"}],"0012":[{"pref":"東京都","city":"多摩市","town":"貝取"}],"0035":[{"pref":"東京都","city":"多摩市","town":"唐木田"}],"0014":[{"pref":"東京都","city":"多摩市","town":"乞田"}],"0013":[{"pref":"東京都","city":"多摩市","town":"桜ヶ丘"}],"0042":[{"pref":"東京都","city":"多摩市","town":"山王下"}],"0024":[{"pref":"東京都","city":"多摩市","town":"諏訪"}],"0011":[{"pref":"東京都","city":"多摩市","town":"関戸"}],"0034":[{"pref":"東京都","city":"多摩市","town":"鶴牧"}],"0031":[{"pref":"東京都","city":"多摩市","town":"豊ヶ丘"}],"0036":[{"pref":"東京都","city":"多摩市","town":"中沢"}],"0025":[{"pref":"東京都","city":"多摩市","town":"永山"}],"0003":[{"pref":"東京都","city":"多摩市","town":"東寺方"}],"0022":[{"pref":"東京都","city":"多摩市","town":"聖ヶ丘"}],"0023":[{"pref":"東京都","city":"多摩市","town":"馬引沢"}],"0032":[{"pref":"東京都","city":"多摩市","town":"南野"}],"0004":[{"pref":"東京都","city":"多摩市","town":"百草"}],"0021":[{"pref":"東京都","city":"多摩市","town":"連光寺"}],"0001":[{"pref":"東京都","city":"多摩市","town":"和田"}],"0801":[{"pref":"東京都","city":"稲城市","town":"大丸"}],"0811":[{"pref":"東京都","city":"稲城市","town":"押立"}],"0803":[{"pref":"東京都","city":"稲城市","town":"向陽台"}],"0822":[{"pref":"東京都","city":"稲城市","town":"坂浜"}],"0821":[{"pref":"東京都","city":"稲城市","town":"長峰"}],"0802":[{"pref":"東京都","city":"稲城市","town":"東長沼"}],"0823":[{"pref":"東京都","city":"稲城市","town":"平尾"}],"0804":[{"pref":"東京都","city":"稲城市","town":"百村"}],"0812":[{"pref":"東京都","city":"稲城市","town":"矢野口"}],"0824":[{"pref":"東京都","city":"稲城市","town":"若葉台"}]}