{"0000":[{"pref":"福岡県","city":"筑紫野市","town":"以下に掲載がない場合"}],"0011":[{"pref":"福岡県","city":"筑紫野市","town":"阿志岐"}],"0012":[{"pref":"福岡県","city":"筑紫野市","town":"天山"}],"0068":[{"pref":"福岡県","city":"筑紫野市","town":"石崎"}],"0014":[{"pref":"福岡県","city":"筑紫野市","town":"牛島"}],"0034":[{"pref":"福岡県","city":"筑紫野市","town":"美しが丘南"}],"0035":[{"pref":"福岡県","city":"筑紫野市","town":"美しが丘北"}],"0006":[{"pref":"福岡県","city":"筑紫野市","town":"大石"}],"0013":[{"pref":"福岡県","city":"筑紫野市","town":"岡田"}],"0041":[{"pref":"福岡県","city":"筑紫野市","town":"上古賀"}],"0031":[{"pref":"福岡県","city":"筑紫野市","town":"隈"}],"0002":[{"pref":"福岡県","city":"筑紫野市","town":"香園"}],"0047":[{"pref":"福岡県","city":"筑紫野市","town":"古賀"}],"0063":[{"pref":"福岡県","city":"筑紫野市","town":"桜台"}],"0021":[{"pref":"福岡県","city":"筑紫野市","town":"下見"}],"0054":[{"pref":"福岡県","city":"筑紫野市","town":"杉塚"}],"0067":[{"pref":"福岡県","city":"筑紫野市","town":"俗明院"}],"0025":[{"pref":"福岡県","city":"筑紫野市","town":"筑紫"}],"0022":[{"pref":"福岡県","city":"筑紫野市","town":"筑紫駅前通"}],"0064":[{"pref":"福岡県","city":"筑紫野市","town":"常松"}],"0053":[{"pref":"福岡県","city":"筑紫野市","town":"天拝坂"}],"0059":[{"pref":"福岡県","city":"筑紫野市","town":"塔原東"}],"0073":[{"pref":"福岡県","city":"筑紫野市","town":"塔原西"}],"0074":[{"pref":"福岡県","city":"筑紫野市","town":"塔原南"}],"0066":[{"pref":"福岡県","city":"筑紫野市","town":"永岡"}],"0032":[{"pref":"福岡県","city":"筑紫野市","town":"西小田"}],"0044":[{"pref":"福岡県","city":"筑紫野市","town":"萩原"}],"0085":[{"pref":"福岡県","city":"筑紫野市","town":"針摺北"}],"0083":[{"pref":"福岡県","city":"筑紫野市","town":"針摺中央"}],"0084":[{"pref":"福岡県","city":"筑紫野市","town":"針摺西"}],"0081":[{"pref":"福岡県","city":"筑紫野市","town":"針摺東"}],"0082":[{"pref":"福岡県","city":"筑紫野市","town":"針摺南"}],"0005":[{"pref":"福岡県","city":"筑紫野市","town":"原"}],"0024":[{"pref":"福岡県","city":"筑紫野市","town":"原田"}],"0036":[{"pref":"福岡県","city":"筑紫野市","town":"光が丘"}],"0045":[{"pref":"福岡県","city":"筑紫野市","town":"平等寺"}],"0056":[{"pref":"福岡県","city":"筑紫野市","town":"二日市北"}],"0072":[{"pref":"福岡県","city":"筑紫野市","town":"二日市中央"}],"0071":[{"pref":"福岡県","city":"筑紫野市","town":"二日市西"}],"0057":[{"pref":"福岡県","city":"筑紫野市","town":"二日市南"}],"0007":[{"pref":"福岡県","city":"筑紫野市","town":"本道寺"}],"0026":[{"pref":"福岡県","city":"筑紫野市","town":"美咲"}],"0052":[{"pref":"福岡県","city":"筑紫野市","town":"武藏"}],"0043":[{"pref":"福岡県","city":"筑紫野市","town":"むさしケ丘"}],"0061":[{"pref":"福岡県","city":"筑紫野市","town":"紫"}],"0065":[{"pref":"福岡県","city":"筑紫野市","town":"諸田"}],"0003":[{"pref":"福岡県","city":"筑紫野市","town":"山家"}],"0046":[{"pref":"福岡県","city":"筑紫野市","town":"山口"}],"0001":[{"pref":"福岡県","city":"筑紫野市","town":"柚須原"}],"0058":[{"pref":"福岡県","city":"筑紫野市","town":"湯町"}],"0004":[{"pref":"福岡県","city":"筑紫野市","town":"吉木"}],"0042":[{"pref":"福岡県","city":"筑紫野市","town":"立明寺"}],"0023":[{"pref":"福岡県","city":"筑紫野市","town":"若江"}],"0100":[{"pref":"福岡県","city":"太宰府市","town":"以下に掲載がない場合"}],"0137":[{"pref":"福岡県","city":"太宰府市","town":"青葉台"}],"0121":[{"pref":"福岡県","city":"太宰府市","town":"青山"}],"0118":[{"pref":"福岡県","city":"太宰府市","town":"石坂"}],"0115":[{"pref":"福岡県","city":"太宰府市","town":"内山"}],"0123":[{"pref":"福岡県","city":"太宰府市","town":"梅ケ丘"}],"0134":[{"pref":"福岡県","city":"太宰府市","town":"大佐野"}],"0101":[{"pref":"福岡県","city":"太宰府市","town":"観世音寺"}],"0114":[{"pref":"福岡県","city":"太宰府市","town":"北谷"}],"0132":[{"pref":"福岡県","city":"太宰府市","town":"国分"}],"0125":[{"pref":"福岡県","city":"太宰府市","town":"五条"}],"0139":[{"pref":"福岡県","city":"太宰府市","town":"宰都"}],"0117":[{"pref":"福岡県","city":"太宰府市","town":"宰府"}],"0133":[{"pref":"福岡県","city":"太宰府市","town":"坂本"}],"0111":[{"pref":"福岡県","city":"太宰府市","town":"三条"}],"0102":[{"pref":"福岡県","city":"太宰府市","town":"白川"}],"0103":[{"pref":"福岡県","city":"太宰府市","town":"朱雀"}],"0122":[{"pref":"福岡県","city":"太宰府市","town":"高雄"}],"0104":[{"pref":"福岡県","city":"太宰府市","town":"通古賀"}],"0105":[{"pref":"福岡県","city":"太宰府市","town":"都府楼南"}],"0136":[{"pref":"福岡県","city":"太宰府市","town":"長浦台"}],"0124":[{"pref":"福岡県","city":"太宰府市","town":"梅香苑"}],"0110":[{"pref":"福岡県","city":"太宰府市","town":"御笠"}],"0131":[{"pref":"福岡県","city":"太宰府市","town":"水城"}],"0135":[{"pref":"福岡県","city":"太宰府市","town":"向佐野"}],"0138":[{"pref":"福岡県","city":"太宰府市","town":"吉松"}],"0119":[{"pref":"福岡県","city":"太宰府市","town":"連歌屋"}]}