{"1100":[{"pref":"岩手県","city":"上閉伊郡大槌町","town":"以下に掲載がない場合"}],"1101":[{"pref":"岩手県","city":"上閉伊郡大槌町","town":"吉里吉里"}],"1102":[{"pref":"岩手県","city":"上閉伊郡大槌町","town":"赤浜"}],"1103":[{"pref":"岩手県","city":"上閉伊郡大槌町","town":"港町"}],"1104":[{"pref":"岩手県","city":"上閉伊郡大槌町","town":"新港町"}],"1105":[{"pref":"岩手県","city":"上閉伊郡大槌町","town":"安渡"}],"1111":[{"pref":"岩手県","city":"上閉伊郡大槌町","town":"新町"}],"1112":[{"pref":"岩手県","city":"上閉伊郡大槌町","town":"大町"}],"1113":[{"pref":"岩手県","city":"上閉伊郡大槌町","town":"須賀町"}],"1114":[{"pref":"岩手県","city":"上閉伊郡大槌町","town":"栄町"}],"1115":[{"pref":"岩手県","city":"上閉伊郡大槌町","town":"上町"}],"1116":[{"pref":"岩手県","city":"上閉伊郡大槌町","town":"本町"}],"1117":[{"pref":"岩手県","city":"上閉伊郡大槌町","town":"末広町"}],"1121":[{"pref":"岩手県","city":"上閉伊郡大槌町","town":"小鎚"}],"1122":[{"pref":"岩手県","city":"上閉伊郡大槌町","town":"桜木町"}],"1131":[{"pref":"岩手県","city":"上閉伊郡大槌町","town":"大槌"}],"1132":[{"pref":"岩手県","city":"上閉伊郡大槌町","town":"大ケ口"}],"1133":[{"pref":"岩手県","city":"上閉伊郡大槌町","town":"金沢"}],"1300":[{"pref":"岩手県","city":"下閉伊郡山田町","town":"以下に掲載がない場合"}],"1301":[{"pref":"岩手県","city":"下閉伊郡山田町","town":"石峠"}],"1302":[{"pref":"岩手県","city":"下閉伊郡山田町","town":"豊間根"}],"1303":[{"pref":"岩手県","city":"下閉伊郡山田町","town":"荒川"}],"1311":[{"pref":"岩手県","city":"下閉伊郡山田町","town":"大沢"}],"1321":[{"pref":"岩手県","city":"下閉伊郡山田町","town":"山田"}],"1331":[{"pref":"岩手県","city":"下閉伊郡山田町","town":"北浜町"}],"1332":[{"pref":"岩手県","city":"下閉伊郡山田町","town":"中央町"}],"1333":[{"pref":"岩手県","city":"下閉伊郡山田町","town":"後楽町"}],"1341":[{"pref":"岩手県","city":"下閉伊郡山田町","town":"八幡町"}],"1342":[{"pref":"岩手県","city":"下閉伊郡山田町","town":"川向町"}],"1343":[{"pref":"岩手県","city":"下閉伊郡山田町","town":"境田町"}],"1351":[{"pref":"岩手県","city":"下閉伊郡山田町","town":"長崎"}],"1352":[{"pref":"岩手県","city":"下閉伊郡山田町","town":"飯岡"}],"1361":[{"pref":"岩手県","city":"下閉伊郡山田町","town":"織笠"}],"1371":[{"pref":"岩手県","city":"下閉伊郡山田町","town":"船越"}],"2101":[{"pref":"岩手県","city":"宮古市","town":"茂市"}],"2102":[{"pref":"岩手県","city":"宮古市","town":"蟇目"}],"2103":[{"pref":"岩手県","city":"宮古市","town":"腹帯"}],"2104":[{"pref":"岩手県","city":"宮古市","town":"刈屋"}],"2105":[{"pref":"岩手県","city":"宮古市","town":"和井内"}],"2231":[{"pref":"岩手県","city":"下閉伊郡岩泉町","town":"浅内"}],"2232":[{"pref":"岩手県","city":"下閉伊郡岩泉町","town":"大川"}],"2233":[{"pref":"岩手県","city":"下閉伊郡岩泉町","town":"釜津田（その他）"}],"2301":[{"pref":"岩手県","city":"宮古市","town":"古田"}],"2302":[{"pref":"岩手県","city":"宮古市","town":"川井（その他）"}],"2303":[{"pref":"岩手県","city":"宮古市","town":"片巣"}],"2304":[{"pref":"岩手県","city":"宮古市","town":"箱石（その他）"}],"2402":[{"pref":"岩手県","city":"宮古市","town":"川井（第９地割～第１１地割）"}],"2421":[{"pref":"岩手県","city":"宮古市","town":"江繋"}],"2422":[{"pref":"岩手県","city":"宮古市","town":"小国"}],"2504":[{"pref":"岩手県","city":"宮古市","town":"箱石（第２地割「７０～１３６」～第４地割「３～１１」）"}],"2511":[{"pref":"岩手県","city":"宮古市","town":"夏屋"}],"2512":[{"pref":"岩手県","city":"宮古市","town":"鈴久名"}],"2513":[{"pref":"岩手県","city":"宮古市","town":"川内"}],"2631":[{"pref":"岩手県","city":"宮古市","town":"区界"}],"2632":[{"pref":"岩手県","city":"宮古市","town":"門馬"}],"2633":[{"pref":"岩手県","city":"宮古市","town":"平津戸"}],"2711":[{"pref":"岩手県","city":"盛岡市","town":"薮川"}],"3101":[{"pref":"岩手県","city":"花巻市","town":"石鳥谷町好地"}],"3102":[{"pref":"岩手県","city":"花巻市","town":"石鳥谷町上口"}],"3111":[{"pref":"岩手県","city":"花巻市","town":"石鳥谷町新堀"}],"3121":[{"pref":"岩手県","city":"花巻市","town":"石鳥谷町戸塚"}],"3122":[{"pref":"岩手県","city":"花巻市","town":"石鳥谷町滝田"}],"3131":[{"pref":"岩手県","city":"花巻市","town":"石鳥谷町猪鼻"}],"3132":[{"pref":"岩手県","city":"花巻市","town":"石鳥谷町東中島"}],"3133":[{"pref":"岩手県","city":"花巻市","town":"石鳥谷町関口"}],"3141":[{"pref":"岩手県","city":"花巻市","town":"石鳥谷町五大堂"}],"3142":[{"pref":"岩手県","city":"花巻市","town":"石鳥谷町八重畑"}],"3151":[{"pref":"岩手県","city":"花巻市","town":"石鳥谷町江曽"}],"3152":[{"pref":"岩手県","city":"花巻市","town":"石鳥谷町南寺林"}],"3153":[{"pref":"岩手県","city":"花巻市","town":"石鳥谷町小森林"}],"3161":[{"pref":"岩手県","city":"花巻市","town":"石鳥谷町黒沼"}],"3162":[{"pref":"岩手県","city":"花巻市","town":"石鳥谷町西中島"}],"3163":[{"pref":"岩手県","city":"花巻市","town":"石鳥谷町八幡"}],"3171":[{"pref":"岩手県","city":"花巻市","town":"石鳥谷町中寺林"}],"3172":[{"pref":"岩手県","city":"花巻市","town":"石鳥谷町北寺林"}],"3181":[{"pref":"岩手県","city":"花巻市","town":"石鳥谷町大興寺"}],"3182":[{"pref":"岩手県","city":"花巻市","town":"石鳥谷町松林寺"}],"3183":[{"pref":"岩手県","city":"花巻市","town":"石鳥谷町長谷堂"}],"3184":[{"pref":"岩手県","city":"花巻市","town":"石鳥谷町富沢"}],"3185":[{"pref":"岩手県","city":"花巻市","town":"石鳥谷町大瀬川"}],"3201":[{"pref":"岩手県","city":"花巻市","town":"大迫町内川目"}],"3202":[{"pref":"岩手県","city":"花巻市","town":"大迫町外川目"}],"3203":[{"pref":"岩手県","city":"花巻市","town":"大迫町大迫"}],"3204":[{"pref":"岩手県","city":"花巻市","town":"大迫町亀ケ森"}],"3300":[{"pref":"岩手県","city":"紫波郡紫波町","town":"以下に掲載がない場合"}],"3301":[{"pref":"岩手県","city":"紫波郡紫波町","town":"中島"}],"3302":[{"pref":"岩手県","city":"紫波郡紫波町","town":"陣ケ岡"}],"3303":[{"pref":"岩手県","city":"紫波郡紫波町","town":"高水寺"}],"3304":[{"pref":"岩手県","city":"紫波郡紫波町","town":"二日町"}],"3305":[{"pref":"岩手県","city":"紫波郡紫波町","town":"日詰"}],"3306":[{"pref":"岩手県","city":"紫波郡紫波町","town":"日詰西"}],"3307":[{"pref":"岩手県","city":"紫波郡紫波町","town":"桜町"}],"3308":[{"pref":"岩手県","city":"紫波郡紫波町","town":"平沢"}],"3309":[{"pref":"岩手県","city":"紫波郡紫波町","town":"北日詰"}],"3310":[{"pref":"岩手県","city":"紫波郡紫波町","town":"日詰駅前"}],"3311":[{"pref":"岩手県","city":"紫波郡紫波町","town":"犬渕"}],"3312":[{"pref":"岩手県","city":"紫波郡紫波町","town":"犬吠森"}],"3313":[{"pref":"岩手県","city":"紫波郡紫波町","town":"星山"}],"3314":[{"pref":"岩手県","city":"紫波郡紫波町","town":"大巻"}],"3315":[{"pref":"岩手県","city":"紫波郡紫波町","town":"彦部"}],"3316":[{"pref":"岩手県","city":"紫波郡紫波町","town":"佐比内"}],"3317":[{"pref":"岩手県","city":"紫波郡紫波町","town":"南日詰"}],"3318":[{"pref":"岩手県","city":"紫波郡紫波町","town":"紫波中央駅前"}],"3321":[{"pref":"岩手県","city":"紫波郡紫波町","town":"江柄"}],"3322":[{"pref":"岩手県","city":"紫波郡紫波町","town":"栃内"}],"3323":[{"pref":"岩手県","city":"紫波郡紫波町","town":"北沢"}],"3324":[{"pref":"岩手県","city":"紫波郡紫波町","town":"東長岡"}],"3325":[{"pref":"岩手県","city":"紫波郡紫波町","town":"草刈"}],"3326":[{"pref":"岩手県","city":"紫波郡紫波町","town":"西長岡"}],"3441":[{"pref":"岩手県","city":"紫波郡紫波町","town":"上平沢"}],"3442":[{"pref":"岩手県","city":"紫波郡紫波町","town":"升沢"}],"3443":[{"pref":"岩手県","city":"紫波郡紫波町","town":"上松本"}],"3444":[{"pref":"岩手県","city":"紫波郡紫波町","town":"小屋敷"}],"3445":[{"pref":"岩手県","city":"紫波郡紫波町","town":"南伝法寺"}],"3446":[{"pref":"岩手県","city":"紫波郡紫波町","town":"下松本"}],"3447":[{"pref":"岩手県","city":"紫波郡紫波町","town":"宮手"}],"3448":[{"pref":"岩手県","city":"紫波郡紫波町","town":"吉水"}],"3451":[{"pref":"岩手県","city":"紫波郡紫波町","town":"稲藤"}],"3452":[{"pref":"岩手県","city":"紫波郡紫波町","town":"片寄"}],"3453":[{"pref":"岩手県","city":"紫波郡紫波町","town":"土舘"}],"3531":[{"pref":"岩手県","city":"紫波郡紫波町","town":"山屋"}],"3532":[{"pref":"岩手県","city":"紫波郡紫波町","town":"船久保"}],"3533":[{"pref":"岩手県","city":"紫波郡紫波町","town":"赤沢"}],"3534":[{"pref":"岩手県","city":"紫波郡紫波町","town":"紫野"}],"3535":[{"pref":"岩手県","city":"紫波郡紫波町","town":"遠山"}],"3536":[{"pref":"岩手県","city":"紫波郡紫波町","town":"北田"}],"3600":[{"pref":"岩手県","city":"紫波郡矢巾町","town":"以下に掲載がない場合"}],"3601":[{"pref":"岩手県","city":"紫波郡矢巾町","town":"高田"}],"3602":[{"pref":"岩手県","city":"紫波郡矢巾町","town":"藤沢"}],"3603":[{"pref":"岩手県","city":"紫波郡矢巾町","town":"西徳田"}],"3604":[{"pref":"岩手県","city":"紫波郡矢巾町","town":"東徳田"}],"3605":[{"pref":"岩手県","city":"紫波郡矢巾町","town":"間野々"}],"3606":[{"pref":"岩手県","city":"紫波郡矢巾町","town":"土橋"}],"3607":[{"pref":"岩手県","city":"紫波郡矢巾町","town":"高水寺"}],"3608":[{"pref":"岩手県","city":"紫波郡矢巾町","town":"北郡山"}],"3609":[{"pref":"岩手県","city":"紫波郡矢巾町","town":"医大通"}],"3611":[{"pref":"岩手県","city":"紫波郡矢巾町","town":"赤林"}],"3612":[{"pref":"岩手県","city":"紫波郡矢巾町","town":"下矢次"}],"3613":[{"pref":"岩手県","city":"紫波郡矢巾町","town":"北矢幅"}],"3614":[{"pref":"岩手県","city":"紫波郡矢巾町","town":"又兵エ新田"}],"3615":[{"pref":"岩手県","city":"紫波郡矢巾町","town":"南矢幅"}],"3616":[{"pref":"岩手県","city":"紫波郡矢巾町","town":"白沢"}],"3617":[{"pref":"岩手県","city":"紫波郡矢巾町","town":"太田"}],"3618":[{"pref":"岩手県","city":"紫波郡矢巾町","town":"駅東"}],"3621":[{"pref":"岩手県","city":"紫波郡矢巾町","town":"広宮沢"}],"3622":[{"pref":"岩手県","city":"紫波郡矢巾町","town":"上矢次"}],"3623":[{"pref":"岩手県","city":"紫波郡矢巾町","town":"煙山"}],"3624":[{"pref":"岩手県","city":"紫波郡矢巾町","town":"北伝法寺"}],"3625":[{"pref":"岩手県","city":"紫波郡矢巾町","town":"室岡"}],"3626":[{"pref":"岩手県","city":"紫波郡矢巾町","town":"岩清水"}],"3627":[{"pref":"岩手県","city":"紫波郡矢巾町","town":"和味"}],"4121":[{"pref":"岩手県","city":"盛岡市","town":"玉山永井"}],"4122":[{"pref":"岩手県","city":"盛岡市","town":"寺林"}],"4123":[{"pref":"岩手県","city":"盛岡市","town":"巻堀"}],"4124":[{"pref":"岩手県","city":"盛岡市","town":"玉山馬場"}],"4125":[{"pref":"岩手県","city":"盛岡市","town":"好摩"}],"4131":[{"pref":"岩手県","city":"盛岡市","town":"芋田"}],"4132":[{"pref":"岩手県","city":"盛岡市","town":"渋民"}],"4133":[{"pref":"岩手県","city":"盛岡市","town":"門前寺"}],"4134":[{"pref":"岩手県","city":"盛岡市","town":"下田"}],"4135":[{"pref":"岩手県","city":"盛岡市","town":"川崎"}],"4136":[{"pref":"岩手県","city":"盛岡市","town":"松内"}],"4211":[{"pref":"岩手県","city":"岩手郡岩手町","town":"川口"}],"4300":[{"pref":"岩手県","city":"岩手郡岩手町","town":"以下に掲載がない場合"}],"4301":[{"pref":"岩手県","city":"岩手郡岩手町","town":"沼宮内"}],"4302":[{"pref":"岩手県","city":"岩手郡岩手町","town":"大坊"}],"4303":[{"pref":"岩手県","city":"岩手郡岩手町","town":"江刈内"}],"4304":[{"pref":"岩手県","city":"岩手郡岩手町","town":"子抱"}],"4305":[{"pref":"岩手県","city":"岩手郡岩手町","town":"久保"}],"4306":[{"pref":"岩手県","city":"岩手郡岩手町","town":"御堂"}],"4307":[{"pref":"岩手県","city":"岩手郡岩手町","town":"五日市"}],"4421":[{"pref":"岩手県","city":"岩手郡岩手町","town":"一方井"}],"4422":[{"pref":"岩手県","city":"岩手郡岩手町","town":"坊"}],"4423":[{"pref":"岩手県","city":"岩手郡岩手町","town":"土川"}],"4424":[{"pref":"岩手県","city":"岩手郡岩手町","town":"黒石"}],"4425":[{"pref":"岩手県","city":"岩手郡岩手町","town":"葉木田"}],"4426":[{"pref":"岩手県","city":"岩手郡岩手町","town":"黒内"}],"5102":[{"pref":"岩手県","city":"岩手郡葛巻町","town":"葛巻（第４０地割「５７番地１２５、１７６を除く」～第４５地割）"}],"5131":[{"pref":"岩手県","city":"二戸郡一戸町","town":"宇別"}],"5132":[{"pref":"岩手県","city":"二戸郡一戸町","town":"小繋"}],"5133":[{"pref":"岩手県","city":"二戸郡一戸町","town":"中山（その他）"}],"5134":[{"pref":"岩手県","city":"二戸郡一戸町","town":"奥中山"}],"5221":[{"pref":"岩手県","city":"二戸郡一戸町","town":"小鳥谷"}],"5222":[{"pref":"岩手県","city":"二戸郡一戸町","town":"姉帯"}],"5223":[{"pref":"岩手県","city":"二戸郡一戸町","town":"面岸"}],"5224":[{"pref":"岩手県","city":"二戸郡一戸町","town":"平糠"}],"5233":[{"pref":"岩手県","city":"二戸郡一戸町","town":"中山（新田１７－２、３７番地、東火行１番地）"}],"5300":[{"pref":"岩手県","city":"二戸郡一戸町","town":"以下に掲載がない場合"}],"5301":[{"pref":"岩手県","city":"二戸郡一戸町","town":"西法寺"}],"5302":[{"pref":"岩手県","city":"二戸郡一戸町","town":"女鹿"}],"5303":[{"pref":"岩手県","city":"二戸郡一戸町","town":"小友"}],"5304":[{"pref":"岩手県","city":"二戸郡一戸町","town":"出ル町"}],"5305":[{"pref":"岩手県","city":"二戸郡一戸町","town":"月舘"}],"5306":[{"pref":"岩手県","city":"二戸郡一戸町","town":"中里"}],"5311":[{"pref":"岩手県","city":"二戸郡一戸町","town":"高善寺"}],"5312":[{"pref":"岩手県","city":"二戸郡一戸町","town":"一戸"}],"5313":[{"pref":"岩手県","city":"二戸郡一戸町","town":"鳥越"}],"5314":[{"pref":"岩手県","city":"二戸郡一戸町","town":"楢山"}],"5315":[{"pref":"岩手県","city":"二戸郡一戸町","town":"根反"}],"5316":[{"pref":"岩手県","city":"二戸郡一戸町","town":"岩舘"}],"5400":[{"pref":"岩手県","city":"岩手郡葛巻町","town":"以下に掲載がない場合"}],"5401":[{"pref":"岩手県","city":"岩手郡葛巻町","town":"田部"}],"5402":[{"pref":"岩手県","city":"岩手郡葛巻町","town":"葛巻（その他）"}],"5403":[{"pref":"岩手県","city":"岩手郡葛巻町","town":"江刈"}],"5633":[{"pref":"岩手県","city":"下閉伊郡岩泉町","town":"釜津田（上栗宿、栗宿、権現）"}],"5641":[{"pref":"岩手県","city":"下閉伊郡岩泉町","town":"門"}],"5642":[{"pref":"岩手県","city":"下閉伊郡岩泉町","town":"穴沢"}],"5643":[{"pref":"岩手県","city":"下閉伊郡岩泉町","town":"袰綿"}],"5702":[{"pref":"岩手県","city":"二戸市","town":"下斗米（外芹沢、月折、土橋）"}],"5711":[{"pref":"岩手県","city":"二戸市","town":"金田一"}],"5712":[{"pref":"岩手県","city":"二戸市","town":"野々上"}],"5713":[{"pref":"岩手県","city":"二戸市","town":"釜沢"}],"6100":[{"pref":"岩手県","city":"二戸市","town":"以下に掲載がない場合"}],"6101":[{"pref":"岩手県","city":"二戸市","town":"福岡"}],"6102":[{"pref":"岩手県","city":"二戸市","town":"下斗米（その他）"}],"6103":[{"pref":"岩手県","city":"二戸市","town":"石切所"}],"6104":[{"pref":"岩手県","city":"二戸市","town":"米沢"}],"6105":[{"pref":"岩手県","city":"二戸市","town":"堀野"}],"6106":[{"pref":"岩手県","city":"二戸市","town":"仁左平"}],"6107":[{"pref":"岩手県","city":"二戸市","town":"白鳥"}],"6108":[{"pref":"岩手県","city":"二戸市","town":"上斗米"}],"6221":[{"pref":"岩手県","city":"九戸郡軽米町","town":"晴山"}],"6222":[{"pref":"岩手県","city":"九戸郡軽米町","town":"山内"}],"6223":[{"pref":"岩手県","city":"九戸郡軽米町","town":"狄塚"}],"6300":[{"pref":"岩手県","city":"九戸郡軽米町","town":"以下に掲載がない場合"}],"6301":[{"pref":"岩手県","city":"九戸郡軽米町","town":"上舘"}],"6302":[{"pref":"岩手県","city":"九戸郡軽米町","town":"軽米"}],"6303":[{"pref":"岩手県","city":"九戸郡軽米町","town":"高家"}],"6304":[{"pref":"岩手県","city":"九戸郡軽米町","town":"長倉"}],"6411":[{"pref":"岩手県","city":"九戸郡軽米町","town":"小軽米"}],"6412":[{"pref":"岩手県","city":"九戸郡軽米町","town":"蛇口"}],"6413":[{"pref":"岩手県","city":"九戸郡軽米町","town":"円子"}],"6500":[{"pref":"岩手県","city":"九戸郡九戸村","town":"以下に掲載がない場合"}],"6501":[{"pref":"岩手県","city":"九戸郡九戸村","town":"荒谷"}],"6502":[{"pref":"岩手県","city":"九戸郡九戸村","town":"伊保内"}],"6503":[{"pref":"岩手県","city":"九戸郡九戸村","town":"小倉"}],"6504":[{"pref":"岩手県","city":"九戸郡九戸村","town":"長興寺"}],"6505":[{"pref":"岩手県","city":"九戸郡九戸村","town":"江刺家"}],"6506":[{"pref":"岩手県","city":"九戸郡九戸村","town":"山屋"}],"6507":[{"pref":"岩手県","city":"九戸郡九戸村","town":"雪屋"}],"6611":[{"pref":"岩手県","city":"九戸郡九戸村","town":"山根"}],"6612":[{"pref":"岩手県","city":"九戸郡九戸村","town":"戸田"}],"6721":[{"pref":"岩手県","city":"二戸市","town":"似鳥"}],"6722":[{"pref":"岩手県","city":"二戸市","town":"福田"}],"6723":[{"pref":"岩手県","city":"二戸市","town":"安比"}],"6724":[{"pref":"岩手県","city":"二戸市","town":"足沢"}],"6811":[{"pref":"岩手県","city":"二戸市","town":"浄法寺町手倉森"}],"6812":[{"pref":"岩手県","city":"二戸市","town":"浄法寺町下沢"}],"6813":[{"pref":"岩手県","city":"二戸市","town":"浄法寺町大平"}],"6814":[{"pref":"岩手県","city":"二戸市","town":"浄法寺町北村"}],"6815":[{"pref":"岩手県","city":"二戸市","town":"浄法寺町八方口"}],"6816":[{"pref":"岩手県","city":"二戸市","town":"浄法寺町上谷地"}],"6817":[{"pref":"岩手県","city":"二戸市","town":"浄法寺町漆沢大久保"}],"6818":[{"pref":"岩手県","city":"二戸市","town":"浄法寺町鏡田"}],"6819":[{"pref":"岩手県","city":"二戸市","town":"浄法寺町馬洗場"}],"6821":[{"pref":"岩手県","city":"二戸市","town":"浄法寺町小平"}],"6822":[{"pref":"岩手県","city":"二戸市","town":"浄法寺町漆沢舘"}],"6823":[{"pref":"岩手県","city":"二戸市","town":"浄法寺町宮沢"}],"6824":[{"pref":"岩手県","city":"二戸市","town":"浄法寺町西ノ沢"}],"6825":[{"pref":"岩手県","city":"二戸市","town":"浄法寺町長坂"}],"6826":[{"pref":"岩手県","city":"二戸市","town":"浄法寺町川又"}],"6831":[{"pref":"岩手県","city":"二戸市","town":"浄法寺町漆沢下平"}],"6832":[{"pref":"岩手県","city":"二戸市","town":"浄法寺町漆沢上平"}],"6833":[{"pref":"岩手県","city":"二戸市","town":"浄法寺町漆沢"}],"6834":[{"pref":"岩手県","city":"二戸市","town":"浄法寺町細田"}],"6835":[{"pref":"岩手県","city":"二戸市","town":"浄法寺町漆沢下モ前田"}],"6836":[{"pref":"岩手県","city":"二戸市","town":"浄法寺町関田"}],"6837":[{"pref":"岩手県","city":"二戸市","town":"浄法寺町荒屋敷"}],"6838":[{"pref":"岩手県","city":"二戸市","town":"浄法寺町向田"}],"6841":[{"pref":"岩手県","city":"二戸市","town":"浄法寺町松岡"}],"6842":[{"pref":"岩手県","city":"二戸市","town":"浄法寺町漆沢中前田"}],"6843":[{"pref":"岩手県","city":"二戸市","town":"浄法寺町堤口"}],"6844":[{"pref":"岩手県","city":"二戸市","town":"浄法寺町岡本前田"}],"6845":[{"pref":"岩手県","city":"二戸市","town":"浄法寺町漆沢上前田"}],"6846":[{"pref":"岩手県","city":"二戸市","town":"浄法寺町下タ前田"}],"6847":[{"pref":"岩手県","city":"二戸市","town":"浄法寺町岩渕"}],"6848":[{"pref":"岩手県","city":"二戸市","town":"浄法寺町ウト坂"}],"6849":[{"pref":"岩手県","city":"二戸市","town":"浄法寺町岡本"}],"6851":[{"pref":"岩手県","city":"二戸市","town":"浄法寺町小池"}],"6852":[{"pref":"岩手県","city":"二戸市","town":"浄法寺町樋田"}],"6853":[{"pref":"岩手県","city":"二戸市","town":"浄法寺町サイカツ田"}],"6854":[{"pref":"岩手県","city":"二戸市","town":"浄法寺町下前田"}],"6855":[{"pref":"岩手県","city":"二戸市","town":"浄法寺町浄法寺"}],"6856":[{"pref":"岩手県","city":"二戸市","town":"浄法寺町上外野"}],"6857":[{"pref":"岩手県","city":"二戸市","town":"浄法寺町合名沢"}],"6861":[{"pref":"岩手県","city":"二戸市","town":"浄法寺町上野"}],"6862":[{"pref":"岩手県","city":"二戸市","town":"浄法寺町寺ノ上"}],"6863":[{"pref":"岩手県","city":"二戸市","town":"浄法寺町八幡舘"}],"6864":[{"pref":"岩手県","city":"二戸市","town":"浄法寺町門前向"}],"6865":[{"pref":"岩手県","city":"二戸市","town":"浄法寺町野田"}],"6866":[{"pref":"岩手県","city":"二戸市","town":"浄法寺町飯近"}],"6867":[{"pref":"岩手県","city":"二戸市","town":"浄法寺町焼場"}],"6868":[{"pref":"岩手県","city":"二戸市","town":"浄法寺町長者花"}],"6871":[{"pref":"岩手県","city":"二戸市","town":"浄法寺町安戸"}],"6872":[{"pref":"岩手県","city":"二戸市","town":"浄法寺町里川目"}],"6873":[{"pref":"岩手県","city":"二戸市","town":"浄法寺町大志田"}],"6874":[{"pref":"岩手県","city":"二戸市","town":"浄法寺町一反田"}],"6875":[{"pref":"岩手県","city":"二戸市","town":"浄法寺町舘"}],"6876":[{"pref":"岩手県","city":"二戸市","town":"浄法寺町田子内沢"}],"6877":[{"pref":"岩手県","city":"二戸市","town":"浄法寺町伊崎沢"}],"6878":[{"pref":"岩手県","city":"二戸市","town":"浄法寺町漆原"}],"6879":[{"pref":"岩手県","city":"二戸市","town":"浄法寺町梅ノ木"}],"6881":[{"pref":"岩手県","city":"二戸市","town":"浄法寺町渡ノ羽"}],"6882":[{"pref":"岩手県","city":"二戸市","town":"浄法寺町羽余内"}],"6883":[{"pref":"岩手県","city":"二戸市","town":"浄法寺町荒谷"}],"6884":[{"pref":"岩手県","city":"二戸市","town":"浄法寺町新山"}],"6885":[{"pref":"岩手県","city":"二戸市","town":"浄法寺町森越"}],"6901":[{"pref":"岩手県","city":"二戸市","town":"浄法寺町深堀"}],"6902":[{"pref":"岩手県","city":"二戸市","town":"浄法寺町明神沢"}],"6903":[{"pref":"岩手県","city":"二戸市","town":"浄法寺町坂本"}],"6904":[{"pref":"岩手県","city":"二戸市","town":"浄法寺町里代"}],"6905":[{"pref":"岩手県","city":"二戸市","town":"浄法寺町空久保"}],"6906":[{"pref":"岩手県","city":"二戸市","town":"浄法寺町上杉沢"}],"6907":[{"pref":"岩手県","city":"二戸市","town":"浄法寺町季ケ平"}],"6908":[{"pref":"岩手県","city":"二戸市","town":"浄法寺町野黒沢"}],"6911":[{"pref":"岩手県","city":"二戸市","town":"浄法寺町上前田"}],"6912":[{"pref":"岩手県","city":"二戸市","town":"浄法寺町中前田"}],"6913":[{"pref":"岩手県","city":"二戸市","town":"浄法寺町下ノ沢"}],"6914":[{"pref":"岩手県","city":"二戸市","town":"浄法寺町和泉田"}],"6915":[{"pref":"岩手県","city":"二戸市","town":"浄法寺町霜屋敷"}],"6916":[{"pref":"岩手県","city":"二戸市","town":"浄法寺町大清水下モ平"}],"6917":[{"pref":"岩手県","city":"二戸市","town":"浄法寺町大清水前田"}],"6918":[{"pref":"岩手県","city":"二戸市","town":"浄法寺町サイカツ平"}],"6919":[{"pref":"岩手県","city":"二戸市","town":"浄法寺町大清水荒屋"}],"6921":[{"pref":"岩手県","city":"二戸市","town":"浄法寺町小泉"}],"6922":[{"pref":"岩手県","city":"二戸市","town":"浄法寺町下谷地"}],"6923":[{"pref":"岩手県","city":"二戸市","town":"浄法寺町下村"}],"6924":[{"pref":"岩手県","city":"二戸市","town":"浄法寺町家ノ上"}],"6925":[{"pref":"岩手県","city":"二戸市","town":"浄法寺町梅田"}],"6926":[{"pref":"岩手県","city":"二戸市","town":"浄法寺町門崎"}],"6927":[{"pref":"岩手県","city":"二戸市","town":"浄法寺町湯沢"}],"6928":[{"pref":"岩手県","city":"二戸市","town":"浄法寺町山内"}],"6929":[{"pref":"岩手県","city":"二戸市","town":"浄法寺町大清水空久保"}],"6931":[{"pref":"岩手県","city":"二戸市","town":"浄法寺町尻平"}],"6932":[{"pref":"岩手県","city":"二戸市","town":"浄法寺町松畑"}],"6933":[{"pref":"岩手県","city":"二戸市","town":"浄法寺町御山上野"}],"6934":[{"pref":"岩手県","city":"二戸市","town":"浄法寺町沢田"}],"6935":[{"pref":"岩手県","city":"二戸市","town":"浄法寺町御山下前田"}],"6936":[{"pref":"岩手県","city":"二戸市","town":"浄法寺町長渡路"}],"6937":[{"pref":"岩手県","city":"二戸市","town":"浄法寺町大畑"}],"6938":[{"pref":"岩手県","city":"二戸市","town":"浄法寺町御山上平"}],"6939":[{"pref":"岩手県","city":"二戸市","town":"浄法寺町長流部"}],"6941":[{"pref":"岩手県","city":"二戸市","town":"浄法寺町御山中前田"}],"6942":[{"pref":"岩手県","city":"二戸市","town":"浄法寺町御山久保"}],"6943":[{"pref":"岩手県","city":"二戸市","town":"浄法寺町後久保"}],"6944":[{"pref":"岩手県","city":"二戸市","town":"浄法寺町飛鳥"}],"6945":[{"pref":"岩手県","city":"二戸市","town":"浄法寺町飛鳥谷地"}],"6946":[{"pref":"岩手県","city":"二戸市","town":"浄法寺町安比内"}],"6947":[{"pref":"岩手県","city":"二戸市","town":"浄法寺町安比内沢"}],"6948":[{"pref":"岩手県","city":"二戸市","town":"浄法寺町御山舘"}],"6949":[{"pref":"岩手県","city":"二戸市","town":"浄法寺町御山前田"}],"6951":[{"pref":"岩手県","city":"二戸市","town":"浄法寺町清水尻"}],"6952":[{"pref":"岩手県","city":"二戸市","town":"浄法寺町御山大久保"}],"6953":[{"pref":"岩手県","city":"二戸市","town":"浄法寺町木沢畑向"}],"6954":[{"pref":"岩手県","city":"二戸市","town":"浄法寺町早坂"}],"6955":[{"pref":"岩手県","city":"二戸市","town":"浄法寺町桂平"}],"6956":[{"pref":"岩手県","city":"二戸市","town":"浄法寺町大坊"}],"6957":[{"pref":"岩手県","city":"二戸市","town":"浄法寺町海上田"}],"6958":[{"pref":"岩手県","city":"二戸市","town":"浄法寺町大手"}],"6961":[{"pref":"岩手県","city":"二戸市","town":"浄法寺町滝見橋"}],"6962":[{"pref":"岩手県","city":"二戸市","town":"浄法寺町馬場向"}],"6963":[{"pref":"岩手県","city":"二戸市","town":"浄法寺町小又"}],"6964":[{"pref":"岩手県","city":"二戸市","town":"浄法寺町沼久保"}],"6965":[{"pref":"岩手県","city":"二戸市","town":"浄法寺町谷地屋敷"}],"6966":[{"pref":"岩手県","city":"二戸市","town":"浄法寺町海上"}],"6967":[{"pref":"岩手県","city":"二戸市","town":"浄法寺町惣川原田"}],"6968":[{"pref":"岩手県","city":"二戸市","town":"浄法寺町海上前田"}],"6969":[{"pref":"岩手県","city":"二戸市","town":"浄法寺町端保口"}],"6971":[{"pref":"岩手県","city":"二戸市","town":"浄法寺町向川原"}],"6972":[{"pref":"岩手県","city":"二戸市","town":"浄法寺町桜田"}],"6973":[{"pref":"岩手県","city":"二戸市","town":"浄法寺町駒ケ嶺舘"}],"6974":[{"pref":"岩手県","city":"二戸市","town":"浄法寺町中畑"}],"6975":[{"pref":"岩手県","city":"二戸市","town":"浄法寺町田余内"}],"6976":[{"pref":"岩手県","city":"二戸市","town":"浄法寺町樋口"}],"6977":[{"pref":"岩手県","city":"二戸市","town":"浄法寺町駒ケ嶺"}],"6978":[{"pref":"岩手県","city":"二戸市","town":"浄法寺町駒ケ嶺前田"}],"6979":[{"pref":"岩手県","city":"二戸市","town":"浄法寺町駒ケ嶺野田"}],"6981":[{"pref":"岩手県","city":"二戸市","town":"浄法寺町五庵"}],"6982":[{"pref":"岩手県","city":"二戸市","town":"浄法寺町焼切"}],"6983":[{"pref":"岩手県","city":"二戸市","town":"浄法寺町下藤"}],"6984":[{"pref":"岩手県","city":"二戸市","town":"浄法寺町柿ノ木平"}],"6985":[{"pref":"岩手県","city":"二戸市","town":"浄法寺町漆畑"}],"7100":[{"pref":"岩手県","city":"八幡平市","town":"以下に掲載がない場合"}],"7111":[{"pref":"岩手県","city":"八幡平市","town":"大更"}],"7112":[{"pref":"岩手県","city":"八幡平市","town":"田頭"}],"7113":[{"pref":"岩手県","city":"八幡平市","town":"平笠"}],"7301":[{"pref":"岩手県","city":"八幡平市","town":"野駄"}],"7302":[{"pref":"岩手県","city":"八幡平市","town":"八幡平温泉郷"},{"pref":"岩手県","city":"八幡平市","town":"松尾寄木"},{"pref":"岩手県","city":"八幡平市","town":"松川温泉"}],"7303":[{"pref":"岩手県","city":"八幡平市","town":"柏台"},{"pref":"岩手県","city":"八幡平市","town":"藤七温泉"}],"7304":[{"pref":"岩手県","city":"八幡平市","town":"緑ガ丘"}],"7305":[{"pref":"岩手県","city":"八幡平市","town":"松尾"}],"7306":[{"pref":"岩手県","city":"八幡平市","town":"安比高原"}],"7401":[{"pref":"岩手県","city":"八幡平市","town":"西根寺田"}],"7402":[{"pref":"岩手県","city":"八幡平市","town":"帷子"}],"7403":[{"pref":"岩手県","city":"八幡平市","town":"上関"}],"7404":[{"pref":"岩手県","city":"八幡平市","town":"堀切"}],"7405":[{"pref":"岩手県","city":"八幡平市","town":"平舘"}],"7406":[{"pref":"岩手県","city":"八幡平市","town":"荒木田"}],"7501":[{"pref":"岩手県","city":"八幡平市","town":"岩木向"}],"7502":[{"pref":"岩手県","city":"八幡平市","town":"上岩木"}],"7503":[{"pref":"岩手県","city":"八幡平市","town":"中田"}],"7504":[{"pref":"岩手県","city":"八幡平市","town":"前田"}],"7505":[{"pref":"岩手県","city":"八幡平市","town":"岩屋"}],"7506":[{"pref":"岩手県","city":"八幡平市","town":"安代寺田"}],"7511":[{"pref":"岩手県","city":"八幡平市","town":"下の田"}],"7512":[{"pref":"岩手県","city":"八幡平市","town":"山岸"}],"7513":[{"pref":"岩手県","city":"八幡平市","town":"土沢"}],"7514":[{"pref":"岩手県","city":"八幡平市","town":"中佐井"}],"7515":[{"pref":"岩手県","city":"八幡平市","town":"古屋敷"}],"7516":[{"pref":"岩手県","city":"八幡平市","town":"関沢口"}],"7521":[{"pref":"岩手県","city":"八幡平市","town":"石神"}],"7522":[{"pref":"岩手県","city":"八幡平市","town":"山口"}],"7523":[{"pref":"岩手県","city":"八幡平市","town":"繋沢"}],"7524":[{"pref":"岩手県","city":"八幡平市","town":"湯の沢"}],"7525":[{"pref":"岩手県","city":"八幡平市","town":"日影"}],"7526":[{"pref":"岩手県","city":"八幡平市","town":"赤子平"}],"7527":[{"pref":"岩手県","city":"八幡平市","town":"川原"}],"7531":[{"pref":"岩手県","city":"八幡平市","town":"上の山"}],"7532":[{"pref":"岩手県","city":"八幡平市","town":"小柳田"}],"7533":[{"pref":"岩手県","city":"八幡平市","town":"叺田"}],"7534":[{"pref":"岩手県","city":"八幡平市","town":"荒屋新町"}],"7535":[{"pref":"岩手県","city":"八幡平市","town":"清水"}],"7536":[{"pref":"岩手県","city":"八幡平市","town":"打田内"}],"7537":[{"pref":"岩手県","city":"八幡平市","town":"曲田"}],"7541":[{"pref":"岩手県","city":"八幡平市","town":"寺志田"}],"7542":[{"pref":"岩手県","city":"八幡平市","town":"高畑"}],"7543":[{"pref":"岩手県","city":"八幡平市","town":"小屋畑"}],"7544":[{"pref":"岩手県","city":"八幡平市","town":"保戸坂"}],"7545":[{"pref":"岩手県","city":"八幡平市","town":"松木田"}],"7551":[{"pref":"岩手県","city":"八幡平市","town":"新田"}],"7552":[{"pref":"岩手県","city":"八幡平市","town":"安代寄木"}],"7553":[{"pref":"岩手県","city":"八幡平市","town":"扇畑"}],"7554":[{"pref":"岩手県","city":"八幡平市","town":"赤坂田"}],"7555":[{"pref":"岩手県","city":"八幡平市","town":"黒沢"}],"7556":[{"pref":"岩手県","city":"八幡平市","town":"星沢"}],"7557":[{"pref":"岩手県","city":"八幡平市","town":"細野"}],"7561":[{"pref":"岩手県","city":"八幡平市","town":"下町"}],"7562":[{"pref":"岩手県","city":"八幡平市","town":"五日市"}],"7563":[{"pref":"岩手県","city":"八幡平市","town":"田の沢"}],"7564":[{"pref":"岩手県","city":"八幡平市","town":"谷地田"}],"7565":[{"pref":"岩手県","city":"八幡平市","town":"目名市"}],"7566":[{"pref":"岩手県","city":"八幡平市","town":"滝沢"}],"7567":[{"pref":"岩手県","city":"八幡平市","town":"戸沢"}],"7601":[{"pref":"岩手県","city":"八幡平市","town":"田沢"}],"7602":[{"pref":"岩手県","city":"八幡平市","town":"丑山"}],"7603":[{"pref":"岩手県","city":"八幡平市","town":"矢神"}],"7604":[{"pref":"岩手県","city":"八幡平市","town":"丑山口"}],"7605":[{"pref":"岩手県","city":"八幡平市","town":"鵜谷地"}],"7606":[{"pref":"岩手県","city":"八幡平市","town":"姥子石"}],"7607":[{"pref":"岩手県","city":"八幡平市","town":"大面平"}],"7608":[{"pref":"岩手県","city":"八幡平市","town":"谷地中"}],"7611":[{"pref":"岩手県","city":"八幡平市","town":"沖田表"}],"7612":[{"pref":"岩手県","city":"八幡平市","town":"欠田"}],"7613":[{"pref":"岩手県","city":"八幡平市","town":"亦戸川原"}],"7614":[{"pref":"岩手県","city":"八幡平市","town":"石名坂下タ"}],"7615":[{"pref":"岩手県","city":"八幡平市","town":"石名坂"}],"7616":[{"pref":"岩手県","city":"八幡平市","town":"二タ子"}],"7617":[{"pref":"岩手県","city":"八幡平市","town":"折壁"}],"7618":[{"pref":"岩手県","city":"八幡平市","town":"蛇石"}],"7619":[{"pref":"岩手県","city":"八幡平市","town":"相沢"}],"7621":[{"pref":"岩手県","city":"八幡平市","town":"兄川"},{"pref":"岩手県","city":"八幡平市","town":"作平"}],"7622":[{"pref":"岩手県","city":"八幡平市","town":"兄畑中川原"}],"7623":[{"pref":"岩手県","city":"八幡平市","town":"舘市"}],"7624":[{"pref":"岩手県","city":"八幡平市","town":"大又沢口"}],"7625":[{"pref":"岩手県","city":"八幡平市","town":"沖ノ平"}],"7626":[{"pref":"岩手県","city":"八幡平市","town":"戸鎖"}],"7627":[{"pref":"岩手県","city":"八幡平市","town":"佐比内"}],"7628":[{"pref":"岩手県","city":"八幡平市","town":"小岩井"}],"7629":[{"pref":"岩手県","city":"八幡平市","town":"白沢口"}],"7631":[{"pref":"岩手県","city":"八幡平市","town":"瀬ノ沢"}],"7632":[{"pref":"岩手県","city":"八幡平市","town":"小原道ノ上"}],"7633":[{"pref":"岩手県","city":"八幡平市","town":"日泥道ノ上"}],"7634":[{"pref":"岩手県","city":"八幡平市","town":"和屋敷道ノ上"}],"7635":[{"pref":"岩手県","city":"八幡平市","town":"愛の山"}],"7636":[{"pref":"岩手県","city":"八幡平市","town":"和屋敷道ノ下"}],"7637":[{"pref":"岩手県","city":"八幡平市","town":"日泥道ノ下"}],"7638":[{"pref":"岩手県","city":"八幡平市","town":"小原道ノ下"}],"7641":[{"pref":"岩手県","city":"八幡平市","town":"比路平"}],"7642":[{"pref":"岩手県","city":"八幡平市","town":"勝善川原"}],"7643":[{"pref":"岩手県","city":"八幡平市","town":"切通"}],"7644":[{"pref":"岩手県","city":"八幡平市","town":"雀長根"}],"7645":[{"pref":"岩手県","city":"八幡平市","town":"下タ川原"}],"7651":[{"pref":"岩手県","city":"八幡平市","town":"長者前"}],"7652":[{"pref":"岩手県","city":"八幡平市","town":"根石"}],"7653":[{"pref":"岩手県","city":"八幡平市","town":"平又"}],"7654":[{"pref":"岩手県","city":"八幡平市","town":"小峠"}],"7655":[{"pref":"岩手県","city":"八幡平市","town":"馬揚沢"}],"7656":[{"pref":"岩手県","city":"八幡平市","town":"左妻"}],"7657":[{"pref":"岩手県","city":"八幡平市","town":"栗木田"}],"7661":[{"pref":"岩手県","city":"八幡平市","town":"大沢"}],"7662":[{"pref":"岩手県","city":"八幡平市","town":"杉沢"}],"7663":[{"pref":"岩手県","city":"八幡平市","town":"石森"}],"7664":[{"pref":"岩手県","city":"八幡平市","town":"大沢田"}],"7671":[{"pref":"岩手県","city":"八幡平市","town":"馬場下"}],"7672":[{"pref":"岩手県","city":"八幡平市","town":"田中下タ"}],"7673":[{"pref":"岩手県","city":"八幡平市","town":"殿坂下タ"}],"7674":[{"pref":"岩手県","city":"八幡平市","town":"家ノ裏"}],"7675":[{"pref":"岩手県","city":"八幡平市","town":"下モ川原"}],"7676":[{"pref":"岩手県","city":"八幡平市","town":"沢口"}],"7677":[{"pref":"岩手県","city":"八幡平市","town":"田山"}],"7678":[{"pref":"岩手県","city":"八幡平市","town":"小森"}],"7679":[{"pref":"岩手県","city":"八幡平市","town":"足深"}],"7801":[{"pref":"岩手県","city":"久慈市","town":"侍浜町"}],"7900":[{"pref":"岩手県","city":"九戸郡洋野町","town":"以下に掲載がない場合"}],"7901":[{"pref":"岩手県","city":"九戸郡洋野町","town":"種市第８地割～第１４地割（玉川、戸類家）"}],"7902":[{"pref":"岩手県","city":"九戸郡洋野町","town":"種市第４地割～第７地割（宿戸）"}],"7903":[{"pref":"岩手県","city":"九戸郡洋野町","town":"種市第１地割～第３地割（八木南町、八木北町）"}],"7904":[{"pref":"岩手県","city":"九戸郡洋野町","town":"小子内"}],"7905":[{"pref":"岩手県","city":"九戸郡洋野町","town":"有家"}],"7906":[{"pref":"岩手県","city":"九戸郡洋野町","town":"中野"}],"7911":[{"pref":"岩手県","city":"九戸郡洋野町","town":"種市第３９地割～第４５地割（角浜、伝吉）"}],"7912":[{"pref":"岩手県","city":"九戸郡洋野町","town":"種市第２６地割～第３８地割（川尻、平内）"}],"7913":[{"pref":"岩手県","city":"九戸郡洋野町","town":"種市第２４地割～第２５地割（緑ケ丘町、横手）"}],"7914":[{"pref":"岩手県","city":"九戸郡洋野町","town":"種市第２２地割～第２３地割（一区、二区、三区、四区、大町、小橋、住吉町）"}],"7915":[{"pref":"岩手県","city":"九戸郡洋野町","town":"種市第１５地割～第２１地割（鹿糠、小路合、緑町、大久保、高取）"}],"7916":[{"pref":"岩手県","city":"九戸郡洋野町","town":"種市第７１地割～第７４地割（大谷、和座）"}],"7917":[{"pref":"岩手県","city":"九戸郡洋野町","town":"種市第５０地割～第７０地割（大沢、城内、滝沢）"}],"7918":[{"pref":"岩手県","city":"九戸郡洋野町","town":"種市第４６地割～第４９地割（麦沢）"}],"8111":[{"pref":"岩手県","city":"久慈市","town":"宇部町"}],"8200":[{"pref":"岩手県","city":"九戸郡野田村","town":"以下に掲載がない場合"}],"8201":[{"pref":"岩手県","city":"九戸郡野田村","town":"野田"}],"8202":[{"pref":"岩手県","city":"九戸郡野田村","town":"玉川"}],"8300":[{"pref":"岩手県","city":"下閉伊郡普代村","town":"以下に掲載がない場合"}],"8301":[{"pref":"岩手県","city":"下閉伊郡普代村","town":"馬場野"}],"8302":[{"pref":"岩手県","city":"下閉伊郡普代村","town":"堀内"}],"8303":[{"pref":"岩手県","city":"下閉伊郡普代村","town":"沢向"}],"8311":[{"pref":"岩手県","city":"下閉伊郡普代村","town":"白井"}],"8312":[{"pref":"岩手県","city":"下閉伊郡普代村","town":"小谷地"}],"8313":[{"pref":"岩手県","city":"下閉伊郡普代村","town":"土取場"}],"8321":[{"pref":"岩手県","city":"下閉伊郡普代村","town":"野胡桃"}],"8322":[{"pref":"岩手県","city":"下閉伊郡普代村","town":"天拝坂"}],"8323":[{"pref":"岩手県","city":"下閉伊郡普代村","town":"鳥居"}],"8331":[{"pref":"岩手県","city":"下閉伊郡普代村","town":"宇留部"}],"8332":[{"pref":"岩手県","city":"下閉伊郡普代村","town":"銅屋"}],"8333":[{"pref":"岩手県","city":"下閉伊郡普代村","town":"羅賀"}],"8334":[{"pref":"岩手県","city":"下閉伊郡普代村","town":"中村"}],"8335":[{"pref":"岩手県","city":"下閉伊郡普代村","town":"普代"}],"8336":[{"pref":"岩手県","city":"下閉伊郡普代村","town":"堤"}],"8341":[{"pref":"岩手県","city":"下閉伊郡普代村","town":"明神"}],"8342":[{"pref":"岩手県","city":"下閉伊郡普代村","town":"和野山"}],"8343":[{"pref":"岩手県","city":"下閉伊郡普代村","town":"上の山"}],"8344":[{"pref":"岩手県","city":"下閉伊郡普代村","town":"中山"}],"8345":[{"pref":"岩手県","city":"下閉伊郡普代村","town":"太田名部"}],"8351":[{"pref":"岩手県","city":"下閉伊郡普代村","town":"下村"}],"8352":[{"pref":"岩手県","city":"下閉伊郡普代村","town":"上村"}],"8353":[{"pref":"岩手県","city":"下閉伊郡普代村","town":"黒崎"}],"8361":[{"pref":"岩手県","city":"下閉伊郡普代村","town":"北ノ股"}],"8362":[{"pref":"岩手県","city":"下閉伊郡普代村","town":"卯子酉"}],"8363":[{"pref":"岩手県","city":"下閉伊郡普代村","town":"茂市"}],"8364":[{"pref":"岩手県","city":"下閉伊郡普代村","town":"南股"}],"8365":[{"pref":"岩手県","city":"下閉伊郡普代村","town":"芦渡"}],"8366":[{"pref":"岩手県","city":"下閉伊郡普代村","town":"芦生"}],"8367":[{"pref":"岩手県","city":"下閉伊郡普代村","town":"萩牛"}],"8368":[{"pref":"岩手県","city":"下閉伊郡普代村","town":"柏木平"}],"8400":[{"pref":"岩手県","city":"下閉伊郡田野畑村","town":"以下に掲載がない場合"}],"8401":[{"pref":"岩手県","city":"下閉伊郡田野畑村","town":"一の渡"},{"pref":"岩手県","city":"下閉伊郡田野畑村","town":"蝦夷森"},{"pref":"岩手県","city":"下閉伊郡田野畑村","town":"大森"},{"pref":"岩手県","city":"下閉伊郡田野畑村","town":"尾肝要"},{"pref":"岩手県","city":"下閉伊郡田野畑村","town":"奥地"},{"pref":"岩手県","city":"下閉伊郡田野畑村","town":"奥地向"},{"pref":"岩手県","city":"下閉伊郡田野畑村","town":"茅刈沢"},{"pref":"岩手県","city":"下閉伊郡田野畑村","town":"巣合"},{"pref":"岩手県","city":"下閉伊郡田野畑村","town":"千丈"},{"pref":"岩手県","city":"下閉伊郡田野畑村","town":"千足"},{"pref":"岩手県","city":"下閉伊郡田野畑村","town":"滝ノ沢"},{"pref":"岩手県","city":"下閉伊郡田野畑村","town":"田代"},{"pref":"岩手県","city":"下閉伊郡田野畑村","town":"長根"},{"pref":"岩手県","city":"下閉伊郡田野畑村","town":"沼袋"},{"pref":"岩手県","city":"下閉伊郡田野畑村","town":"子木地"},{"pref":"岩手県","city":"下閉伊郡田野畑村","town":"子木屋敷"},{"pref":"岩手県","city":"下閉伊郡田野畑村","town":"萩牛"},{"pref":"岩手県","city":"下閉伊郡田野畑村","town":"日蔭"},{"pref":"岩手県","city":"下閉伊郡田野畑村","town":"姫松"},{"pref":"岩手県","city":"下閉伊郡田野畑村","town":"三沢"}],"8402":[{"pref":"岩手県","city":"下閉伊郡田野畑村","town":"明戸"},{"pref":"岩手県","city":"下閉伊郡田野畑村","town":"北山"},{"pref":"岩手県","city":"下閉伊郡田野畑村","town":"机"}],"8403":[{"pref":"岩手県","city":"下閉伊郡田野畑村","town":"羅賀"}],"8404":[{"pref":"岩手県","city":"下閉伊郡田野畑村","town":"島越"},{"pref":"岩手県","city":"下閉伊郡田野畑村","town":"松前沢"}],"8405":[{"pref":"岩手県","city":"下閉伊郡田野畑村","town":"大芦"},{"pref":"岩手県","city":"下閉伊郡田野畑村","town":"切牛"},{"pref":"岩手県","city":"下閉伊郡田野畑村","town":"浜岩泉"},{"pref":"岩手県","city":"下閉伊郡田野畑村","town":"真木沢"},{"pref":"岩手県","city":"下閉伊郡田野畑村","town":"南大芦"}],"8406":[{"pref":"岩手県","city":"下閉伊郡田野畑村","town":"猿山"},{"pref":"岩手県","city":"下閉伊郡田野畑村","town":"年呂部"},{"pref":"岩手県","city":"下閉伊郡田野畑村","town":"七滝"},{"pref":"岩手県","city":"下閉伊郡田野畑村","town":"室場"},{"pref":"岩手県","city":"下閉伊郡田野畑村","town":"目名"}],"8407":[{"pref":"岩手県","city":"下閉伊郡田野畑村","town":"川平"},{"pref":"岩手県","city":"下閉伊郡田野畑村","town":"菅窪"},{"pref":"岩手県","city":"下閉伊郡田野畑村","town":"田野畑"},{"pref":"岩手県","city":"下閉伊郡田野畑村","town":"和野"}],"8521":[{"pref":"岩手県","city":"久慈市","town":"山根町"}],"8601":[{"pref":"岩手県","city":"久慈市","town":"山形町戸呂町"}],"8602":[{"pref":"岩手県","city":"久慈市","town":"山形町川井"}],"8603":[{"pref":"岩手県","city":"久慈市","town":"山形町荷軽部"}],"8604":[{"pref":"岩手県","city":"久慈市","town":"山形町日野沢"}],"8605":[{"pref":"岩手県","city":"久慈市","town":"山形町来内"}],"8711":[{"pref":"岩手県","city":"久慈市","town":"山形町繋"}],"8712":[{"pref":"岩手県","city":"久慈市","town":"山形町小国"}],"8713":[{"pref":"岩手県","city":"久慈市","town":"山形町霜畑"}],"8801":[{"pref":"岩手県","city":"九戸郡洋野町","town":"上館"}],"8802":[{"pref":"岩手県","city":"九戸郡洋野町","town":"大野"}],"8803":[{"pref":"岩手県","city":"九戸郡洋野町","town":"阿子木"}],"8804":[{"pref":"岩手県","city":"九戸郡洋野町","town":"帯島"}],"8805":[{"pref":"岩手県","city":"九戸郡洋野町","town":"水沢"}],"0115":[{"pref":"岩手県","city":"花巻市","town":"東和町安俵"}],"0134":[{"pref":"岩手県","city":"花巻市","town":"東和町砂子"}],"0103":[{"pref":"岩手県","city":"花巻市","town":"東和町石鳩岡"}],"0154":[{"pref":"岩手県","city":"花巻市","town":"東和町石持"}],"0151":[{"pref":"岩手県","city":"花巻市","town":"東和町落合"}],"0121":[{"pref":"岩手県","city":"花巻市","town":"東和町小友"}],"0136":[{"pref":"岩手県","city":"花巻市","town":"東和町小原"}],"0143":[{"pref":"岩手県","city":"花巻市","town":"東和町上浮田"}],"0107":[{"pref":"岩手県","city":"花巻市","town":"東和町北小山田"}],"0102":[{"pref":"岩手県","city":"花巻市","town":"東和町北川目"}],"0116":[{"pref":"岩手県","city":"花巻市","town":"東和町北成島"}],"0101":[{"pref":"岩手県","city":"花巻市","town":"東和町北前田"}],"0135":[{"pref":"岩手県","city":"花巻市","town":"東和町倉沢"}],"0156":[{"pref":"岩手県","city":"花巻市","town":"東和町小通"}],"0142":[{"pref":"岩手県","city":"花巻市","town":"東和町駒籠"}],"0141":[{"pref":"岩手県","city":"花巻市","town":"東和町下浮田"}],"0112":[{"pref":"岩手県","city":"花巻市","town":"東和町新地"}],"0106":[{"pref":"岩手県","city":"花巻市","town":"東和町外谷地"}],"0133":[{"pref":"岩手県","city":"花巻市","town":"東和町鷹巣堂"}],"0123":[{"pref":"岩手県","city":"花巻市","town":"東和町田瀬"}],"0132":[{"pref":"岩手県","city":"花巻市","town":"東和町舘迫"}],"0122":[{"pref":"岩手県","city":"花巻市","town":"東和町谷内"}],"0114":[{"pref":"岩手県","city":"花巻市","town":"東和町土沢"}],"0152":[{"pref":"岩手県","city":"花巻市","town":"東和町毒沢"}],"0153":[{"pref":"岩手県","city":"花巻市","town":"東和町中内"}],"0113":[{"pref":"岩手県","city":"花巻市","town":"東和町東晴山"}],"0105":[{"pref":"岩手県","city":"花巻市","town":"東和町前田"}],"0131":[{"pref":"岩手県","city":"花巻市","town":"東和町町井"}],"0104":[{"pref":"岩手県","city":"花巻市","town":"東和町南川目"}],"0155":[{"pref":"岩手県","city":"花巻市","town":"東和町南成島"}],"0144":[{"pref":"岩手県","city":"花巻市","town":"東和町宮田"}],"0111":[{"pref":"岩手県","city":"花巻市","town":"東和町百ノ沢"}],"0000":[{"pref":"岩手県","city":"久慈市","town":"以下に掲載がない場合"}],"0014":[{"pref":"岩手県","city":"久慈市","town":"旭町"}],"0063":[{"pref":"岩手県","city":"久慈市","town":"荒町"}],"0034":[{"pref":"岩手県","city":"久慈市","town":"枝成沢"}],"0091":[{"pref":"岩手県","city":"久慈市","town":"大川目町"}],"0083":[{"pref":"岩手県","city":"久慈市","town":"大沢"}],"0041":[{"pref":"岩手県","city":"久慈市","town":"長内町"}],"0054":[{"pref":"岩手県","city":"久慈市","town":"柏崎"}],"0051":[{"pref":"岩手県","city":"久慈市","town":"川崎町"}],"0082":[{"pref":"岩手県","city":"久慈市","town":"川貫"}],"0013":[{"pref":"岩手県","city":"久慈市","town":"京の森"}],"0015":[{"pref":"岩手県","city":"久慈市","town":"源道"}],"0071":[{"pref":"岩手県","city":"久慈市","town":"小久慈町"}],"0024":[{"pref":"岩手県","city":"久慈市","town":"栄町"}],"0035":[{"pref":"岩手県","city":"久慈市","town":"沢里"}],"0065":[{"pref":"岩手県","city":"久慈市","town":"十八日町"}],"0023":[{"pref":"岩手県","city":"久慈市","town":"新中の橋"}],"0053":[{"pref":"岩手県","city":"久慈市","town":"田高"}],"0055":[{"pref":"岩手県","city":"久慈市","town":"巽町"}],"0022":[{"pref":"岩手県","city":"久慈市","town":"田屋町"}],"0061":[{"pref":"岩手県","city":"久慈市","town":"中央"}],"0032":[{"pref":"岩手県","city":"久慈市","town":"寺里"}],"0031":[{"pref":"岩手県","city":"久慈市","town":"天神堂"}],"0066":[{"pref":"岩手県","city":"久慈市","town":"中の橋"}],"0056":[{"pref":"岩手県","city":"久慈市","town":"中町"}],"0001":[{"pref":"岩手県","city":"久慈市","town":"夏井町"}],"0012":[{"pref":"岩手県","city":"久慈市","town":"新井田"}],"0081":[{"pref":"岩手県","city":"久慈市","town":"西の沢"}],"0062":[{"pref":"岩手県","city":"久慈市","town":"二十八日町"}],"0033":[{"pref":"岩手県","city":"久慈市","town":"畑田"}],"0052":[{"pref":"岩手県","city":"久慈市","town":"本町"}],"0011":[{"pref":"岩手県","city":"久慈市","town":"湊町"}],"0021":[{"pref":"岩手県","city":"久慈市","town":"門前"}],"0064":[{"pref":"岩手県","city":"久慈市","town":"八日町"}],"0500":[{"pref":"岩手県","city":"遠野市","town":"以下に掲載がない場合"}],"0503":[{"pref":"岩手県","city":"遠野市","town":"青笹町青笹"}],"0502":[{"pref":"岩手県","city":"遠野市","town":"青笹町中沢"}],"0501":[{"pref":"岩手県","city":"遠野市","town":"青笹町糠前"}],"0533":[{"pref":"岩手県","city":"遠野市","town":"綾織町上綾織"}],"0532":[{"pref":"岩手県","city":"遠野市","town":"綾織町下綾織"}],"0531":[{"pref":"岩手県","city":"遠野市","town":"綾織町新里"}],"0534":[{"pref":"岩手県","city":"遠野市","town":"綾織町みさ崎"}],"0511":[{"pref":"岩手県","city":"遠野市","town":"鶯崎町"}],"0481":[{"pref":"岩手県","city":"遠野市","town":"小友町"}],"0517":[{"pref":"岩手県","city":"遠野市","town":"上組町"}],"0776":[{"pref":"岩手県","city":"遠野市","town":"上郷町板沢"}],"0771":[{"pref":"岩手県","city":"遠野市","town":"上郷町佐比内"}],"0775":[{"pref":"岩手県","city":"遠野市","town":"上郷町平倉"}],"0773":[{"pref":"岩手県","city":"遠野市","town":"上郷町平野原"}],"0772":[{"pref":"岩手県","city":"遠野市","town":"上郷町細越"}],"0774":[{"pref":"岩手県","city":"遠野市","town":"上郷町来内"}],"0516":[{"pref":"岩手県","city":"遠野市","town":"穀町"}],"0521":[{"pref":"岩手県","city":"遠野市","town":"材木町"}],"0526":[{"pref":"岩手県","city":"遠野市","town":"下組町"}],"0522":[{"pref":"岩手県","city":"遠野市","town":"新穀町"}],"0524":[{"pref":"岩手県","city":"遠野市","town":"新町"}],"0527":[{"pref":"岩手県","city":"遠野市","town":"大工町"}],"0523":[{"pref":"岩手県","city":"遠野市","town":"中央通り"}],"0662":[{"pref":"岩手県","city":"遠野市","town":"附馬牛町安居台"}],"0661":[{"pref":"岩手県","city":"遠野市","town":"附馬牛町上附馬牛"}],"0663":[{"pref":"岩手県","city":"遠野市","town":"附馬牛町下附馬牛"}],"0664":[{"pref":"岩手県","city":"遠野市","town":"附馬牛町東禅寺"}],"0554":[{"pref":"岩手県","city":"遠野市","town":"土淵町飯豊"}],"0553":[{"pref":"岩手県","city":"遠野市","town":"土淵町柏崎"}],"0555":[{"pref":"岩手県","city":"遠野市","town":"土淵町土淵"}],"0551":[{"pref":"岩手県","city":"遠野市","town":"土淵町栃内"}],"0552":[{"pref":"岩手県","city":"遠野市","town":"土淵町山口"}],"0514":[{"pref":"岩手県","city":"遠野市","town":"遠野町"}],"0542":[{"pref":"岩手県","city":"遠野市","town":"早瀬町"}],"0512":[{"pref":"岩手県","city":"遠野市","town":"東上組町"}],"0513":[{"pref":"岩手県","city":"遠野市","town":"東穀町"}],"0515":[{"pref":"岩手県","city":"遠野市","town":"東舘町"}],"0543":[{"pref":"岩手県","city":"遠野市","town":"松崎町光興寺"}],"0545":[{"pref":"岩手県","city":"遠野市","town":"松崎町駒木"}],"0541":[{"pref":"岩手県","city":"遠野市","town":"松崎町白岩"}],"0544":[{"pref":"岩手県","city":"遠野市","town":"松崎町松崎"}],"0302":[{"pref":"岩手県","city":"遠野市","town":"宮守町上鱒沢"}],"0301":[{"pref":"岩手県","city":"遠野市","town":"宮守町上宮守"}],"0303":[{"pref":"岩手県","city":"遠野市","town":"宮守町下鱒沢"}],"0304":[{"pref":"岩手県","city":"遠野市","town":"宮守町下宮守"}],"0305":[{"pref":"岩手県","city":"遠野市","town":"宮守町達曽部"}],"0525":[{"pref":"岩手県","city":"遠野市","town":"六日町"}]}