{"0000":[{"pref":"新潟県","city":"上越市","town":"以下に掲載がない場合"}],"0871":[{"pref":"新潟県","city":"上越市","town":"青木"}],"0886":[{"pref":"新潟県","city":"上越市","town":"朝日"}],"0139":[{"pref":"新潟県","city":"上越市","town":"天野原新田"}],"0862":[{"pref":"新潟県","city":"上越市","town":"荒町"}],"0187":[{"pref":"新潟県","city":"上越市","town":"荒屋"}],"0896":[{"pref":"新潟県","city":"上越市","town":"飯"}],"0422":[{"pref":"新潟県","city":"上越市","town":"飯田"}],"0128":[{"pref":"新潟県","city":"上越市","town":"池"}],"0872":[{"pref":"新潟県","city":"上越市","town":"石沢"}],"0186":[{"pref":"新潟県","city":"上越市","town":"市野江"}],"0117":[{"pref":"新潟県","city":"上越市","town":"稲"}],"0154":[{"pref":"新潟県","city":"上越市","town":"稲田"}],"0425":[{"pref":"新潟県","city":"上越市","town":"稲谷"}],"0874":[{"pref":"新潟県","city":"上越市","town":"稲荷"}],"0129":[{"pref":"新潟県","city":"上越市","town":"茨沢"}],"0145":[{"pref":"新潟県","city":"上越市","town":"今池"}],"0864":[{"pref":"新潟県","city":"上越市","town":"今泉"}],"0814":[{"pref":"新潟県","city":"上越市","town":"岩木"}],"0889":[{"pref":"新潟県","city":"上越市","town":"後谷"}],"0818":[{"pref":"新潟県","city":"上越市","town":"宇津尾"}],"0414":[{"pref":"新潟県","city":"上越市","town":"大口"}],"0838":[{"pref":"新潟県","city":"上越市","town":"大手町"}],"0893":[{"pref":"新潟県","city":"上越市","town":"大貫"}],"0833":[{"pref":"新潟県","city":"上越市","town":"大町"}],"0858":[{"pref":"新潟県","city":"上越市","town":"岡原"}],"0809":[{"pref":"新潟県","city":"上越市","town":"春日"}],"0803":[{"pref":"新潟県","city":"上越市","town":"春日野"}],"0807":[{"pref":"新潟県","city":"上越市","town":"春日山町"}],"0113":[{"pref":"新潟県","city":"上越市","town":"上池部"}],"0168":[{"pref":"新潟県","city":"上越市","town":"上稲田"}],"0165":[{"pref":"新潟県","city":"上越市","town":"上島"}],"0811":[{"pref":"新潟県","city":"上越市","town":"上正善寺"}],"0894":[{"pref":"新潟県","city":"上越市","town":"上昭和町"}],"0143":[{"pref":"新潟県","city":"上越市","town":"上新町"}],"0424":[{"pref":"新潟県","city":"上越市","town":"上曾根"}],"0126":[{"pref":"新潟県","city":"上越市","town":"上富川"}],"0884":[{"pref":"新潟県","city":"上越市","town":"上中田"}],"0112":[{"pref":"新潟県","city":"上越市","town":"上野田"}],"0856":[{"pref":"新潟県","city":"上越市","town":"上箱井"}],"0101":[{"pref":"新潟県","city":"上越市","town":"上真砂"}],"0876":[{"pref":"新潟県","city":"上越市","town":"上門前"}],"0839":[{"pref":"新潟県","city":"上越市","town":"上湯谷"}],"0153":[{"pref":"新潟県","city":"上越市","town":"鴨島"}],"0855":[{"pref":"新潟県","city":"上越市","town":"木島"}],"0805":[{"pref":"新潟県","city":"上越市","town":"木田"}],"0412":[{"pref":"新潟県","city":"上越市","town":"北方"}],"0824":[{"pref":"新潟県","city":"上越市","town":"北城町"}],"0806":[{"pref":"新潟県","city":"上越市","town":"木田新田"}],"0109":[{"pref":"新潟県","city":"上越市","town":"北新保"}],"0106":[{"pref":"新潟県","city":"上越市","town":"北田中"}],"0161":[{"pref":"新潟県","city":"上越市","town":"北田屋新田"}],"0828":[{"pref":"新潟県","city":"上越市","town":"北本町"}],"0848":[{"pref":"新潟県","city":"上越市","town":"儀明"}],"0881":[{"pref":"新潟県","city":"上越市","town":"京田"}],"0531":[{"pref":"新潟県","city":"上越市","town":"清里区青柳"}],"0527":[{"pref":"新潟県","city":"上越市","town":"清里区赤池"}],"0502":[{"pref":"新潟県","city":"上越市","town":"清里区荒牧"}],"0513":[{"pref":"新潟県","city":"上越市","town":"清里区今曽根"}],"0533":[{"pref":"新潟県","city":"上越市","town":"清里区鶯沢"}],"0501":[{"pref":"新潟県","city":"上越市","town":"清里区岡野町"}],"0507":[{"pref":"新潟県","city":"上越市","town":"清里区岡嶺新田"}],"0516":[{"pref":"新潟県","city":"上越市","town":"清里区上稲塚"}],"0504":[{"pref":"新潟県","city":"上越市","town":"清里区上田島"}],"0534":[{"pref":"新潟県","city":"上越市","town":"清里区上中条"}],"0503":[{"pref":"新潟県","city":"上越市","town":"清里区上深沢"}],"0525":[{"pref":"新潟県","city":"上越市","town":"清里区北野"}],"0511":[{"pref":"新潟県","city":"上越市","town":"清里区塩曽根"}],"0506":[{"pref":"新潟県","city":"上越市","town":"清里区菅原"}],"0535":[{"pref":"新潟県","city":"上越市","town":"清里区鈴倉"}],"0523":[{"pref":"新潟県","city":"上越市","town":"清里区棚田"}],"0521":[{"pref":"新潟県","city":"上越市","town":"清里区寺脇"}],"0532":[{"pref":"新潟県","city":"上越市","town":"清里区梨窪"}],"0526":[{"pref":"新潟県","city":"上越市","town":"清里区梨平"}],"0522":[{"pref":"新潟県","city":"上越市","town":"清里区東戸野"}],"0505":[{"pref":"新潟県","city":"上越市","town":"清里区東福島"}],"0508":[{"pref":"新潟県","city":"上越市","town":"清里区平成"}],"0512":[{"pref":"新潟県","city":"上越市","town":"清里区馬屋"}],"0524":[{"pref":"新潟県","city":"上越市","town":"清里区水草"}],"0514":[{"pref":"新潟県","city":"上越市","town":"清里区南田中"}],"0510":[{"pref":"新潟県","city":"上越市","town":"清里区みらい"}],"0515":[{"pref":"新潟県","city":"上越市","town":"清里区武士"}],"0509":[{"pref":"新潟県","city":"上越市","town":"清里区弥生"}],"0183":[{"pref":"新潟県","city":"上越市","town":"桐原"}],"0127":[{"pref":"新潟県","city":"上越市","town":"熊塚"}],"0885":[{"pref":"新潟県","city":"上越市","town":"黒田"}],"0823":[{"pref":"新潟県","city":"上越市","town":"高土町"}],"0421":[{"pref":"新潟県","city":"上越市","town":"高和町"}],"0842":[{"pref":"新潟県","city":"上越市","town":"五ケ所新田"}],"0877":[{"pref":"新潟県","city":"上越市","town":"小滝"}],"0895":[{"pref":"新潟県","city":"上越市","town":"御殿山町"}],"0141":[{"pref":"新潟県","city":"上越市","town":"子安"}],"0148":[{"pref":"新潟県","city":"上越市","town":"子安新田"}],"0826":[{"pref":"新潟県","city":"上越市","town":"幸町"}],"0827":[{"pref":"新潟県","city":"上越市","town":"栄町（その他）"}],"0144":[{"pref":"新潟県","city":"上越市","town":"桜町"}],"0221":[{"pref":"新潟県","city":"上越市","town":"三和区稲原"}],"0316":[{"pref":"新潟県","city":"上越市","town":"三和区井ノ口"}],"0313":[{"pref":"新潟県","city":"上越市","town":"三和区今保"}],"0317":[{"pref":"新潟県","city":"上越市","town":"三和区浮島"}],"0314":[{"pref":"新潟県","city":"上越市","town":"三和区大"}],"0305":[{"pref":"新潟県","city":"上越市","town":"三和区岡田"}],"0231":[{"pref":"新潟県","city":"上越市","town":"三和区鴨井"}],"0224":[{"pref":"新潟県","city":"上越市","town":"三和区川浦"}],"0301":[{"pref":"新潟県","city":"上越市","town":"三和区北代"}],"0235":[{"pref":"新潟県","city":"上越市","town":"三和区窪"}],"0304":[{"pref":"新潟県","city":"上越市","town":"三和区桑曽根"}],"0311":[{"pref":"新潟県","city":"上越市","town":"三和区島倉"}],"0307":[{"pref":"新潟県","city":"上越市","town":"三和区下新保"}],"0312":[{"pref":"新潟県","city":"上越市","town":"三和区下田島"}],"0222":[{"pref":"新潟県","city":"上越市","town":"三和区下中"}],"0306":[{"pref":"新潟県","city":"上越市","town":"三和区所山田"}],"0228":[{"pref":"新潟県","city":"上越市","town":"三和区神明町"}],"0223":[{"pref":"新潟県","city":"上越市","town":"三和区田"}],"0236":[{"pref":"新潟県","city":"上越市","town":"三和区中野"}],"0225":[{"pref":"新潟県","city":"上越市","town":"三和区野"}],"0302":[{"pref":"新潟県","city":"上越市","town":"三和区払沢"}],"0227":[{"pref":"新潟県","city":"上越市","town":"三和区番町"}],"0226":[{"pref":"新潟県","city":"上越市","town":"三和区日和町"}],"0234":[{"pref":"新潟県","city":"上越市","town":"三和区法花寺"}],"0233":[{"pref":"新潟県","city":"上越市","town":"三和区水科"}],"0232":[{"pref":"新潟県","city":"上越市","town":"三和区水吉"}],"0315":[{"pref":"新潟県","city":"上越市","town":"三和区三村新田"}],"0318":[{"pref":"新潟県","city":"上越市","town":"三和区宮崎新田"}],"0303":[{"pref":"新潟県","city":"上越市","town":"三和区山高津"}],"0849":[{"pref":"新潟県","city":"上越市","town":"塩荷谷"}],"0155":[{"pref":"新潟県","city":"上越市","town":"四ケ所"}],"0865":[{"pref":"新潟県","city":"上越市","town":"七ケ所新田"}],"0875":[{"pref":"新潟県","city":"上越市","town":"地頭方"}],"0853":[{"pref":"新潟県","city":"上越市","town":"島田"}],"0854":[{"pref":"新潟県","city":"上越市","town":"島田上新田"}],"0852":[{"pref":"新潟県","city":"上越市","town":"島田下新田"}],"0119":[{"pref":"新潟県","city":"上越市","town":"下池部"}],"0167":[{"pref":"新潟県","city":"上越市","town":"下稲田"}],"0134":[{"pref":"新潟県","city":"上越市","town":"下稲塚"}],"0813":[{"pref":"新潟県","city":"上越市","town":"下正善寺"}],"0843":[{"pref":"新潟県","city":"上越市","town":"下新田"}],"0142":[{"pref":"新潟県","city":"上越市","town":"下新町"}],"0426":[{"pref":"新潟県","city":"上越市","town":"下曾根"}],"0125":[{"pref":"新潟県","city":"上越市","town":"下富川"}],"0899":[{"pref":"新潟県","city":"上越市","town":"下中田"}],"0111":[{"pref":"新潟県","city":"上越市","town":"下野田"}],"0851":[{"pref":"新潟県","city":"上越市","town":"下箱井"}],"0878":[{"pref":"新潟県","city":"上越市","town":"下馬場"}],"0135":[{"pref":"新潟県","city":"上越市","town":"下四ツ屋"}],"0416":[{"pref":"新潟県","city":"上越市","town":"十二ノ木"}],"0124":[{"pref":"新潟県","city":"上越市","town":"上雲寺"}],"0891":[{"pref":"新潟県","city":"上越市","town":"昭和町"}],"0804":[{"pref":"新潟県","city":"上越市","town":"新光町"}],"0147":[{"pref":"新潟県","city":"上越市","town":"新南町"}],"0122":[{"pref":"新潟県","city":"上越市","town":"新保古新田"}],"0822":[{"pref":"新潟県","city":"上越市","town":"新町"}],"0102":[{"pref":"新潟県","city":"上越市","town":"杉野袋"}],"0829":[{"pref":"新潟県","city":"上越市","town":"薄袋"}],"0107":[{"pref":"新潟県","city":"上越市","town":"諏訪"}],"0810":[{"pref":"新潟県","city":"上越市","town":"大学前"}],"0802":[{"pref":"新潟県","city":"上越市","town":"大豆（その他）"}],"0172":[{"pref":"新潟県","city":"上越市","town":"大道福田"}],"0175":[{"pref":"新潟県","city":"上越市","town":"大日"}],"0845":[{"pref":"新潟県","city":"上越市","town":"高田新田"}],"0423":[{"pref":"新潟県","city":"上越市","town":"高津"}],"0182":[{"pref":"新潟県","city":"上越市","town":"高森"}],"0897":[{"pref":"新潟県","city":"上越市","town":"滝寺"}],"0132":[{"pref":"新潟県","city":"上越市","town":"辰尾新田"}],"0137":[{"pref":"新潟県","city":"上越市","town":"長者町"}],"0898":[{"pref":"新潟県","city":"上越市","town":"塚田新田"}],"0821":[{"pref":"新潟県","city":"上越市","town":"土橋"}],"0115":[{"pref":"新潟県","city":"上越市","town":"劔"}],"0104":[{"pref":"新潟県","city":"上越市","town":"鶴町"}],"0166":[{"pref":"新潟県","city":"上越市","town":"寺"}],"0892":[{"pref":"新潟県","city":"上越市","town":"寺町（丁目）"}],"0859":[{"pref":"新潟県","city":"上越市","town":"寺町（番地）"}],"0866":[{"pref":"新潟県","city":"上越市","town":"土合"}],"0178":[{"pref":"新潟県","city":"上越市","town":"戸野目"}],"0176":[{"pref":"新潟県","city":"上越市","town":"戸野目古新田"}],"0173":[{"pref":"新潟県","city":"上越市","town":"富岡"}],"0146":[{"pref":"新潟県","city":"上越市","town":"とよば"}],"0185":[{"pref":"新潟県","city":"上越市","town":"長面"}],"0812":[{"pref":"新潟県","city":"上越市","town":"中正善寺"}],"0174":[{"pref":"新潟県","city":"上越市","town":"中田新田"}],"0882":[{"pref":"新潟県","city":"上越市","town":"中田原"}],"0883":[{"pref":"新潟県","city":"上越市","town":"中通町"}],"0164":[{"pref":"新潟県","city":"上越市","town":"中々村新田"}],"0857":[{"pref":"新潟県","city":"上越市","town":"中箱井"}],"0831":[{"pref":"新潟県","city":"上越市","town":"仲町"}],"0801":[{"pref":"新潟県","city":"上越市","town":"中門前"}],"0819":[{"pref":"新潟県","city":"上越市","town":"中屋敷"}],"0152":[{"pref":"新潟県","city":"上越市","town":"西市野口"}],"0834":[{"pref":"新潟県","city":"上越市","town":"西城町"}],"0873":[{"pref":"新潟県","city":"上越市","town":"西田中"}],"0136":[{"pref":"新潟県","city":"上越市","town":"西松野木"}],"0116":[{"pref":"新潟県","city":"上越市","town":"野尻"}],"0887":[{"pref":"新潟県","city":"上越市","town":"灰塚"}],"0118":[{"pref":"新潟県","city":"上越市","town":"東市野口"}],"0133":[{"pref":"新潟県","city":"上越市","town":"東稲塚新田"}],"0415":[{"pref":"新潟県","city":"上越市","town":"東京田"}],"0836":[{"pref":"新潟県","city":"上越市","town":"東城町"}],"0105":[{"pref":"新潟県","city":"上越市","town":"東原"}],"0825":[{"pref":"新潟県","city":"上越市","town":"東本町"}],"0163":[{"pref":"新潟県","city":"上越市","town":"平岡"}],"0816":[{"pref":"新潟県","city":"上越市","town":"藤新田"}],"0121":[{"pref":"新潟県","city":"上越市","town":"藤塚"}],"0171":[{"pref":"新潟県","city":"上越市","town":"藤野新田"}],"0817":[{"pref":"新潟県","city":"上越市","town":"藤巻"}],"0151":[{"pref":"新潟県","city":"上越市","town":"平成町"}],"0123":[{"pref":"新潟県","city":"上越市","town":"本新保"}],"0832":[{"pref":"新潟県","city":"上越市","town":"本町"}],"0184":[{"pref":"新潟県","city":"上越市","town":"本道"}],"0642":[{"pref":"新潟県","city":"上越市","town":"牧区荒井"}],"0645":[{"pref":"新潟県","city":"上越市","town":"牧区池舟"}],"0617":[{"pref":"新潟県","city":"上越市","town":"牧区泉"}],"0615":[{"pref":"新潟県","city":"上越市","town":"牧区今清水"}],"0635":[{"pref":"新潟県","city":"上越市","town":"牧区岩神"}],"0623":[{"pref":"新潟県","city":"上越市","town":"牧区宇津俣"}],"0606":[{"pref":"新潟県","city":"上越市","town":"牧区大月"}],"0648":[{"pref":"新潟県","city":"上越市","town":"牧区小川"}],"0646":[{"pref":"新潟県","city":"上越市","town":"牧区落田"}],"0616":[{"pref":"新潟県","city":"上越市","town":"牧区樫谷"}],"0611":[{"pref":"新潟県","city":"上越市","town":"牧区片町"}],"0632":[{"pref":"新潟県","city":"上越市","town":"牧区上昆子"}],"0625":[{"pref":"新潟県","city":"上越市","town":"牧区上牧"}],"0605":[{"pref":"新潟県","city":"上越市","town":"牧区神谷"}],"0607":[{"pref":"新潟県","city":"上越市","town":"牧区川井沢"}],"0626":[{"pref":"新潟県","city":"上越市","town":"牧区倉下"}],"0636":[{"pref":"新潟県","city":"上越市","town":"牧区国川"}],"0637":[{"pref":"新潟県","city":"上越市","town":"牧区桜滝"}],"0633":[{"pref":"新潟県","city":"上越市","town":"牧区下昆子"}],"0631":[{"pref":"新潟県","city":"上越市","town":"牧区下湯谷"}],"0614":[{"pref":"新潟県","city":"上越市","town":"牧区切光"}],"0603":[{"pref":"新潟県","city":"上越市","town":"牧区平山"}],"0621":[{"pref":"新潟県","city":"上越市","town":"牧区高尾"}],"0613":[{"pref":"新潟県","city":"上越市","town":"牧区高谷"}],"0634":[{"pref":"新潟県","city":"上越市","town":"牧区田島"}],"0628":[{"pref":"新潟県","city":"上越市","town":"牧区棚広"}],"0622":[{"pref":"新潟県","city":"上越市","town":"牧区棚広新田"}],"0601":[{"pref":"新潟県","city":"上越市","town":"牧区坪山"}],"0604":[{"pref":"新潟県","city":"上越市","town":"牧区七森"}],"0627":[{"pref":"新潟県","city":"上越市","town":"牧区原"}],"0641":[{"pref":"新潟県","city":"上越市","town":"牧区東松ノ木"}],"0602":[{"pref":"新潟県","city":"上越市","town":"牧区平方"}],"0624":[{"pref":"新潟県","city":"上越市","town":"牧区府殿"}],"0644":[{"pref":"新潟県","city":"上越市","town":"牧区宮口"}],"0647":[{"pref":"新潟県","city":"上越市","town":"牧区柳島"}],"0643":[{"pref":"新潟県","city":"上越市","town":"牧区山口"}],"0612":[{"pref":"新潟県","city":"上越市","town":"牧区吉坪"}],"0844":[{"pref":"新潟県","city":"上越市","town":"丸山新田"}],"0413":[{"pref":"新潟県","city":"上越市","town":"南方"}],"0837":[{"pref":"新潟県","city":"上越市","town":"南城町"}],"0108":[{"pref":"新潟県","city":"上越市","town":"南新保"}],"0847":[{"pref":"新潟県","city":"上越市","town":"南新町"}],"0846":[{"pref":"新潟県","city":"上越市","town":"南高田町"}],"0162":[{"pref":"新潟県","city":"上越市","town":"南田屋新田"}],"0841":[{"pref":"新潟県","city":"上越市","town":"南本町"}],"0808":[{"pref":"新潟県","city":"上越市","town":"宮野尾"}],"0411":[{"pref":"新潟県","city":"上越市","town":"妙油"}],"0888":[{"pref":"新潟県","city":"上越市","town":"向橋"}],"0181":[{"pref":"新潟県","city":"上越市","town":"虫川"}],"0835":[{"pref":"新潟県","city":"上越市","town":"本城町"}],"0138":[{"pref":"新潟県","city":"上越市","town":"本長者原"}],"0427":[{"pref":"新潟県","city":"上越市","town":"元屋敷"}],"0417":[{"pref":"新潟県","city":"上越市","town":"森田"}],"0177":[{"pref":"新潟県","city":"上越市","town":"門田新田"}],"0131":[{"pref":"新潟県","city":"上越市","town":"薮野"}],"0861":[{"pref":"新潟県","city":"上越市","town":"大和"}],"0815":[{"pref":"新潟県","city":"上越市","town":"山屋敷町"}],"0114":[{"pref":"新潟県","city":"上越市","town":"吉岡"}],"0201":[{"pref":"新潟県","city":"上越市","town":"四辻町"}],"0103":[{"pref":"新潟県","city":"上越市","town":"米岡"}],"0202":[{"pref":"新潟県","city":"上越市","town":"米町"}],"0863":[{"pref":"新潟県","city":"上越市","town":"脇野田"}]}