{"0000":[{"pref":"東京都","city":"目黒区","town":"以下に掲載がない場合"}],"0033":[{"pref":"東京都","city":"目黒区","town":"大岡山"}],"0022":[{"pref":"東京都","city":"目黒区","town":"柿の木坂"}],"0035":[{"pref":"東京都","city":"目黒区","town":"自由が丘"}],"0012":[{"pref":"東京都","city":"目黒区","town":"洗足"}],"0032":[{"pref":"東京都","city":"目黒区","town":"平町"}],"0004":[{"pref":"東京都","city":"目黒区","town":"鷹番"}],"0001":[{"pref":"東京都","city":"目黒区","town":"中央町"}],"0031":[{"pref":"東京都","city":"目黒区","town":"中根"}],"0011":[{"pref":"東京都","city":"目黒区","town":"原町"}],"0021":[{"pref":"東京都","city":"目黒区","town":"東が丘"}],"0003":[{"pref":"東京都","city":"目黒区","town":"碑文谷"}],"0034":[{"pref":"東京都","city":"目黒区","town":"緑が丘"}],"0013":[{"pref":"東京都","city":"目黒区","town":"南"}],"0002":[{"pref":"東京都","city":"目黒区","town":"目黒本町"}],"0023":[{"pref":"東京都","city":"目黒区","town":"八雲"}]}