{"6001":[{"pref":"東京都","city":"品川区","town":"大崎ＴｈｉｎｋＰａｒｋＴｏｗｅｒ（１階）"}],"6002":[{"pref":"東京都","city":"品川区","town":"大崎ＴｈｉｎｋＰａｒｋＴｏｗｅｒ（２階）"}],"6003":[{"pref":"東京都","city":"品川区","town":"大崎ＴｈｉｎｋＰａｒｋＴｏｗｅｒ（３階）"}],"6004":[{"pref":"東京都","city":"品川区","town":"大崎ＴｈｉｎｋＰａｒｋＴｏｗｅｒ（４階）"}],"6005":[{"pref":"東京都","city":"品川区","town":"大崎ＴｈｉｎｋＰａｒｋＴｏｗｅｒ（５階）"}],"6006":[{"pref":"東京都","city":"品川区","town":"大崎ＴｈｉｎｋＰａｒｋＴｏｗｅｒ（６階）"}],"6007":[{"pref":"東京都","city":"品川区","town":"大崎ＴｈｉｎｋＰａｒｋＴｏｗｅｒ（７階）"}],"6008":[{"pref":"東京都","city":"品川区","town":"大崎ＴｈｉｎｋＰａｒｋＴｏｗｅｒ（８階）"}],"6009":[{"pref":"東京都","city":"品川区","town":"大崎ＴｈｉｎｋＰａｒｋＴｏｗｅｒ（９階）"}],"6010":[{"pref":"東京都","city":"品川区","town":"大崎ＴｈｉｎｋＰａｒｋＴｏｗｅｒ（１０階）"}],"6011":[{"pref":"東京都","city":"品川区","town":"大崎ＴｈｉｎｋＰａｒｋＴｏｗｅｒ（１１階）"}],"6012":[{"pref":"東京都","city":"品川区","town":"大崎ＴｈｉｎｋＰａｒｋＴｏｗｅｒ（１２階）"}],"6013":[{"pref":"東京都","city":"品川区","town":"大崎ＴｈｉｎｋＰａｒｋＴｏｗｅｒ（１３階）"}],"6014":[{"pref":"東京都","city":"品川区","town":"大崎ＴｈｉｎｋＰａｒｋＴｏｗｅｒ（１４階）"}],"6015":[{"pref":"東京都","city":"品川区","town":"大崎ＴｈｉｎｋＰａｒｋＴｏｗｅｒ（１５階）"}],"6016":[{"pref":"東京都","city":"品川区","town":"大崎ＴｈｉｎｋＰａｒｋＴｏｗｅｒ（１６階）"}],"6017":[{"pref":"東京都","city":"品川区","town":"大崎ＴｈｉｎｋＰａｒｋＴｏｗｅｒ（１７階）"}],"6018":[{"pref":"東京都","city":"品川区","town":"大崎ＴｈｉｎｋＰａｒｋＴｏｗｅｒ（１８階）"}],"6019":[{"pref":"東京都","city":"品川区","town":"大崎ＴｈｉｎｋＰａｒｋＴｏｗｅｒ（１９階）"}],"6020":[{"pref":"東京都","city":"品川区","town":"大崎ＴｈｉｎｋＰａｒｋＴｏｗｅｒ（２０階）"}],"6021":[{"pref":"東京都","city":"品川区","town":"大崎ＴｈｉｎｋＰａｒｋＴｏｗｅｒ（２１階）"}],"6022":[{"pref":"東京都","city":"品川区","town":"大崎ＴｈｉｎｋＰａｒｋＴｏｗｅｒ（２２階）"}],"6023":[{"pref":"東京都","city":"品川区","town":"大崎ＴｈｉｎｋＰａｒｋＴｏｗｅｒ（２３階）"}],"6024":[{"pref":"東京都","city":"品川区","town":"大崎ＴｈｉｎｋＰａｒｋＴｏｗｅｒ（２４階）"}],"6025":[{"pref":"東京都","city":"品川区","town":"大崎ＴｈｉｎｋＰａｒｋＴｏｗｅｒ（２５階）"}],"6026":[{"pref":"東京都","city":"品川区","town":"大崎ＴｈｉｎｋＰａｒｋＴｏｗｅｒ（２６階）"}],"6027":[{"pref":"東京都","city":"品川区","town":"大崎ＴｈｉｎｋＰａｒｋＴｏｗｅｒ（２７階）"}],"6028":[{"pref":"東京都","city":"品川区","town":"大崎ＴｈｉｎｋＰａｒｋＴｏｗｅｒ（２８階）"}],"6029":[{"pref":"東京都","city":"品川区","town":"大崎ＴｈｉｎｋＰａｒｋＴｏｗｅｒ（２９階）"}],"6030":[{"pref":"東京都","city":"品川区","town":"大崎ＴｈｉｎｋＰａｒｋＴｏｗｅｒ（３０階）"}],"6090":[{"pref":"東京都","city":"品川区","town":"大崎ＴｈｉｎｋＰａｒｋＴｏｗｅｒ（地階・階層不明）"}],"0032":[{"pref":"東京都","city":"品川区","town":"大崎（次のビルを除く）"}],"0021":[{"pref":"東京都","city":"品川区","town":"上大崎"}],"0001":[{"pref":"東京都","city":"品川区","town":"北品川（５、６丁目）"}],"0031":[{"pref":"東京都","city":"品川区","town":"西五反田"}],"0033":[{"pref":"東京都","city":"品川区","town":"西品川"}],"0022":[{"pref":"東京都","city":"品川区","town":"東五反田"}]}