{"1101":[{"pref":"佐賀県","city":"唐津市","town":"七山荒川"}],"1102":[{"pref":"佐賀県","city":"唐津市","town":"七山馬川"}],"1103":[{"pref":"佐賀県","city":"唐津市","town":"七山池原"}],"1104":[{"pref":"佐賀県","city":"唐津市","town":"七山木浦"}],"1105":[{"pref":"佐賀県","city":"唐津市","town":"七山仁部"}],"1106":[{"pref":"佐賀県","city":"唐津市","town":"七山滝川"}],"1107":[{"pref":"佐賀県","city":"唐津市","town":"七山藤川"}],"1108":[{"pref":"佐賀県","city":"唐津市","town":"七山白木"}],"1201":[{"pref":"佐賀県","city":"唐津市","town":"北波多徳須恵"}],"1202":[{"pref":"佐賀県","city":"唐津市","town":"北波多田中"}],"1203":[{"pref":"佐賀県","city":"唐津市","town":"北波多山彦"}],"1211":[{"pref":"佐賀県","city":"唐津市","town":"北波多岸山"}],"1212":[{"pref":"佐賀県","city":"唐津市","town":"北波多大杉"}],"1213":[{"pref":"佐賀県","city":"唐津市","town":"北波多竹有"}],"1214":[{"pref":"佐賀県","city":"唐津市","town":"北波多稗田"}],"1221":[{"pref":"佐賀県","city":"唐津市","town":"北波多上平野"}],"1222":[{"pref":"佐賀県","city":"唐津市","town":"北波多成渕"}],"1223":[{"pref":"佐賀県","city":"唐津市","town":"北波多下平野"}],"1224":[{"pref":"佐賀県","city":"唐津市","town":"北波多行合野"}],"1225":[{"pref":"佐賀県","city":"唐津市","town":"北波多志気"}],"1400":[{"pref":"佐賀県","city":"東松浦郡玄海町","town":"以下に掲載がない場合"}],"1401":[{"pref":"佐賀県","city":"東松浦郡玄海町","town":"小加倉"}],"1402":[{"pref":"佐賀県","city":"東松浦郡玄海町","town":"有浦下"}],"1403":[{"pref":"佐賀県","city":"東松浦郡玄海町","town":"有浦上"}],"1404":[{"pref":"佐賀県","city":"東松浦郡玄海町","town":"長倉"}],"1405":[{"pref":"佐賀県","city":"東松浦郡玄海町","town":"藤平"}],"1411":[{"pref":"佐賀県","city":"東松浦郡玄海町","town":"轟木"}],"1412":[{"pref":"佐賀県","city":"東松浦郡玄海町","town":"田代"}],"1413":[{"pref":"佐賀県","city":"東松浦郡玄海町","town":"大鳥"}],"1414":[{"pref":"佐賀県","city":"東松浦郡玄海町","town":"湯野尾"}],"1415":[{"pref":"佐賀県","city":"東松浦郡玄海町","town":"座川内"}],"1416":[{"pref":"佐賀県","city":"東松浦郡玄海町","town":"牟形"}],"1421":[{"pref":"佐賀県","city":"東松浦郡玄海町","town":"諸浦"}],"1422":[{"pref":"佐賀県","city":"東松浦郡玄海町","town":"新田"}],"1423":[{"pref":"佐賀県","city":"東松浦郡玄海町","town":"石田"}],"1424":[{"pref":"佐賀県","city":"東松浦郡玄海町","town":"栄"}],"1425":[{"pref":"佐賀県","city":"東松浦郡玄海町","town":"花の木"}],"1431":[{"pref":"佐賀県","city":"東松浦郡玄海町","town":"普恩寺"}],"1432":[{"pref":"佐賀県","city":"東松浦郡玄海町","town":"平尾"}],"1433":[{"pref":"佐賀県","city":"東松浦郡玄海町","town":"浜野浦"}],"1434":[{"pref":"佐賀県","city":"東松浦郡玄海町","town":"大薗"}],"1435":[{"pref":"佐賀県","city":"東松浦郡玄海町","town":"仮屋"}],"1441":[{"pref":"佐賀県","city":"東松浦郡玄海町","town":"今村"}],"1442":[{"pref":"佐賀県","city":"東松浦郡玄海町","town":"値賀川内"}],"1443":[{"pref":"佐賀県","city":"東松浦郡玄海町","town":"仮立"}],"1444":[{"pref":"佐賀県","city":"東松浦郡玄海町","town":"中通"}],"1445":[{"pref":"佐賀県","city":"東松浦郡玄海町","town":"下宮"}],"1446":[{"pref":"佐賀県","city":"東松浦郡玄海町","town":"外津"}],"1501":[{"pref":"佐賀県","city":"唐津市","town":"肥前町切木"}],"1502":[{"pref":"佐賀県","city":"唐津市","town":"肥前町赤坂"}],"1503":[{"pref":"佐賀県","city":"唐津市","town":"肥前町湯野浦"}],"1504":[{"pref":"佐賀県","city":"唐津市","town":"肥前町中浦"}],"1505":[{"pref":"佐賀県","city":"唐津市","town":"肥前町杉野浦"}],"1506":[{"pref":"佐賀県","city":"唐津市","town":"肥前町大浦"}],"1507":[{"pref":"佐賀県","city":"唐津市","town":"肥前町満越"}],"1511":[{"pref":"佐賀県","city":"唐津市","town":"肥前町新木場"}],"1512":[{"pref":"佐賀県","city":"唐津市","town":"肥前町梅崎"}],"1513":[{"pref":"佐賀県","city":"唐津市","town":"肥前町寺浦"}],"1514":[{"pref":"佐賀県","city":"唐津市","town":"肥前町仁田野尾"}],"1515":[{"pref":"佐賀県","city":"唐津市","town":"肥前町万賀里川"}],"1516":[{"pref":"佐賀県","city":"唐津市","town":"肥前町瓜ケ坂"}],"1517":[{"pref":"佐賀県","city":"唐津市","town":"肥前町上ケ倉"}],"1521":[{"pref":"佐賀県","city":"唐津市","town":"肥前町田野"}],"1522":[{"pref":"佐賀県","city":"唐津市","town":"肥前町犬頭"}],"1523":[{"pref":"佐賀県","city":"唐津市","town":"肥前町星賀"}],"1524":[{"pref":"佐賀県","city":"唐津市","town":"肥前町向島"}],"1525":[{"pref":"佐賀県","city":"唐津市","town":"肥前町納所"}],"1526":[{"pref":"佐賀県","city":"唐津市","town":"肥前町入野"}],"1527":[{"pref":"佐賀県","city":"唐津市","town":"肥前町鶴牧"}],"0000":[{"pref":"佐賀県","city":"唐津市","town":"以下に掲載がない場合"}],"0823":[{"pref":"佐賀県","city":"唐津市","town":"旭が丘"}],"0841":[{"pref":"佐賀県","city":"唐津市","town":"朝日町"}],"0832":[{"pref":"佐賀県","city":"唐津市","town":"石志"}],"0042":[{"pref":"佐賀県","city":"唐津市","town":"魚屋町"}],"0025":[{"pref":"佐賀県","city":"唐津市","town":"宇木"}],"0804":[{"pref":"佐賀県","city":"唐津市","town":"後川内"}],"0124":[{"pref":"佐賀県","city":"唐津市","town":"浦"}],"0853":[{"pref":"佐賀県","city":"唐津市","town":"江川町"}],"0123":[{"pref":"佐賀県","city":"唐津市","town":"枝去木"}],"0132":[{"pref":"佐賀県","city":"唐津市","town":"相賀"}],"0066":[{"pref":"佐賀県","city":"唐津市","town":"大石町"}],"0873":[{"pref":"佐賀県","city":"唐津市","town":"海岸通"}],"0022":[{"pref":"佐賀県","city":"唐津市","town":"鏡"}],"0028":[{"pref":"佐賀県","city":"唐津市","town":"鏡新開"}],"0065":[{"pref":"佐賀県","city":"唐津市","town":"水主町"}],"0026":[{"pref":"佐賀県","city":"唐津市","town":"柏崎"}],"0131":[{"pref":"佐賀県","city":"唐津市","town":"神集島"}],"0055":[{"pref":"佐賀県","city":"唐津市","town":"刀町"}],"0015":[{"pref":"佐賀県","city":"唐津市","town":"北城内"}],"0045":[{"pref":"佐賀県","city":"唐津市","town":"京町"}],"0044":[{"pref":"佐賀県","city":"唐津市","town":"木綿町"}],"0817":[{"pref":"佐賀県","city":"唐津市","town":"熊原町"}],"0884":[{"pref":"佐賀県","city":"唐津市","town":"熊ノ峰"}],"0033":[{"pref":"佐賀県","city":"唐津市","town":"久里"}],"0824":[{"pref":"佐賀県","city":"唐津市","town":"神田"}],"0052":[{"pref":"佐賀県","city":"唐津市","town":"呉服町"}],"0054":[{"pref":"佐賀県","city":"唐津市","town":"米屋町"}],"0053":[{"pref":"佐賀県","city":"唐津市","town":"紺屋町"}],"0061":[{"pref":"佐賀県","city":"唐津市","town":"材木町"}],"0011":[{"pref":"佐賀県","city":"唐津市","town":"栄町"}],"0843":[{"pref":"佐賀県","city":"唐津市","town":"桜馬場"}],"0104":[{"pref":"佐賀県","city":"唐津市","town":"桜町"}],"0111":[{"pref":"佐賀県","city":"唐津市","town":"佐志"}],"0113":[{"pref":"佐賀県","city":"唐津市","town":"佐志中里"}],"0114":[{"pref":"佐賀県","city":"唐津市","town":"佐志中通"}],"0115":[{"pref":"佐賀県","city":"唐津市","town":"佐志浜町"}],"0112":[{"pref":"佐賀県","city":"唐津市","town":"佐志南"}],"0883":[{"pref":"佐賀県","city":"唐津市","town":"重河内"}],"0067":[{"pref":"佐賀県","city":"唐津市","town":"十人町"}],"0021":[{"pref":"佐賀県","city":"唐津市","town":"松南町"}],"0043":[{"pref":"佐賀県","city":"唐津市","town":"新興町（東新興町）"}],"0816":[{"pref":"佐賀県","city":"唐津市","town":"新興町（西新興町）"}],"0813":[{"pref":"佐賀県","city":"唐津市","town":"新町"}],"0882":[{"pref":"佐賀県","city":"唐津市","town":"菅牟田"}],"0001":[{"pref":"佐賀県","city":"唐津市","town":"双水"}],"0012":[{"pref":"佐賀県","city":"唐津市","town":"大名小路"}],"0803":[{"pref":"佐賀県","city":"唐津市","town":"大良"}],"0046":[{"pref":"佐賀県","city":"唐津市","town":"高砂町"}],"0027":[{"pref":"佐賀県","city":"唐津市","town":"高島"}],"0881":[{"pref":"佐賀県","city":"唐津市","town":"竹木場"}],"0831":[{"pref":"佐賀県","city":"唐津市","town":"千々賀"}],"0821":[{"pref":"佐賀県","city":"唐津市","town":"町田"}],"0041":[{"pref":"佐賀県","city":"唐津市","town":"千代田町"}],"0312":[{"pref":"佐賀県","city":"唐津市","town":"鎮西町赤木"}],"0327":[{"pref":"佐賀県","city":"唐津市","town":"鎮西町石室"}],"0323":[{"pref":"佐賀県","city":"唐津市","town":"鎮西町岩野"}],"0322":[{"pref":"佐賀県","city":"唐津市","town":"鎮西町打上"}],"0317":[{"pref":"佐賀県","city":"唐津市","town":"鎮西町加唐島"}],"0325":[{"pref":"佐賀県","city":"唐津市","town":"鎮西町加倉"}],"0403":[{"pref":"佐賀県","city":"唐津市","town":"鎮西町串"}],"0324":[{"pref":"佐賀県","city":"唐津市","town":"鎮西町高野"}],"0313":[{"pref":"佐賀県","city":"唐津市","town":"鎮西町塩鶴"}],"0314":[{"pref":"佐賀県","city":"唐津市","town":"鎮西町菖蒲"}],"0316":[{"pref":"佐賀県","city":"唐津市","town":"鎮西町中野"}],"0401":[{"pref":"佐賀県","city":"唐津市","town":"鎮西町名護屋"}],"0402":[{"pref":"佐賀県","city":"唐津市","town":"鎮西町野元"}],"0404":[{"pref":"佐賀県","city":"唐津市","town":"鎮西町波戸"}],"0326":[{"pref":"佐賀県","city":"唐津市","town":"鎮西町早田"}],"0405":[{"pref":"佐賀県","city":"唐津市","town":"鎮西町馬渡島"}],"0406":[{"pref":"佐賀県","city":"唐津市","town":"鎮西町松島"}],"0311":[{"pref":"佐賀県","city":"唐津市","town":"鎮西町丸田"}],"0315":[{"pref":"佐賀県","city":"唐津市","town":"鎮西町八床"}],"0321":[{"pref":"佐賀県","city":"唐津市","town":"鎮西町横竹"}],"0885":[{"pref":"佐賀県","city":"唐津市","town":"唐川"}],"0122":[{"pref":"佐賀県","city":"唐津市","town":"唐房"}],"0134":[{"pref":"佐賀県","city":"唐津市","town":"中里"}],"0101":[{"pref":"佐賀県","city":"唐津市","town":"中瀬通"}],"0034":[{"pref":"佐賀県","city":"唐津市","town":"中原"}],"0051":[{"pref":"佐賀県","city":"唐津市","town":"中町"}],"0862":[{"pref":"佐賀県","city":"唐津市","town":"中山町"}],"0822":[{"pref":"佐賀県","city":"唐津市","town":"長谷"}],"0802":[{"pref":"佐賀県","city":"唐津市","town":"梨川内"}],"0844":[{"pref":"佐賀県","city":"唐津市","town":"菜畑"}],"0872":[{"pref":"佐賀県","city":"唐津市","town":"西大島町"}],"0875":[{"pref":"佐賀県","city":"唐津市","town":"西唐津"}],"0014":[{"pref":"佐賀県","city":"唐津市","town":"西城内"}],"0815":[{"pref":"佐賀県","city":"唐津市","town":"西寺町"}],"0855":[{"pref":"佐賀県","city":"唐津市","town":"西浜町"}],"0854":[{"pref":"佐賀県","city":"唐津市","town":"西旗町"}],"0003":[{"pref":"佐賀県","city":"唐津市","town":"橋本"}],"0103":[{"pref":"佐賀県","city":"唐津市","town":"橋本町"}],"0833":[{"pref":"佐賀県","city":"唐津市","town":"畑島"}],"0023":[{"pref":"佐賀県","city":"唐津市","town":"半田"}],"0121":[{"pref":"佐賀県","city":"唐津市","town":"鳩川"}],"0031":[{"pref":"佐賀県","city":"唐津市","town":"原"}],"0024":[{"pref":"佐賀県","city":"唐津市","town":"東宇木"}],"0871":[{"pref":"佐賀県","city":"唐津市","town":"東大島町"}],"0017":[{"pref":"佐賀県","city":"唐津市","town":"東唐津"}],"0016":[{"pref":"佐賀県","city":"唐津市","town":"東城内"}],"0063":[{"pref":"佐賀県","city":"唐津市","town":"東町"}],"0801":[{"pref":"佐賀県","city":"唐津市","town":"東山"}],"0812":[{"pref":"佐賀県","city":"唐津市","town":"平野町"}],"0874":[{"pref":"佐賀県","city":"唐津市","town":"藤崎通"}],"0851":[{"pref":"佐賀県","city":"唐津市","town":"富士見町"}],"0861":[{"pref":"佐賀県","city":"唐津市","town":"二タ子"}],"0062":[{"pref":"佐賀県","city":"唐津市","town":"船宮町"}],"0056":[{"pref":"佐賀県","city":"唐津市","town":"坊主町"}],"0047":[{"pref":"佐賀県","city":"唐津市","town":"本町"}],"0133":[{"pref":"佐賀県","city":"唐津市","town":"湊町"}],"0013":[{"pref":"佐賀県","city":"唐津市","town":"南城内"}],"0876":[{"pref":"佐賀県","city":"唐津市","town":"南富士見町"}],"0863":[{"pref":"佐賀県","city":"唐津市","town":"妙見町"}],"0825":[{"pref":"佐賀県","city":"唐津市","town":"見借"}],"0064":[{"pref":"佐賀県","city":"唐津市","town":"元石町"}],"0852":[{"pref":"佐賀県","city":"唐津市","town":"元旗町"}],"0811":[{"pref":"佐賀県","city":"唐津市","town":"八百屋町"}],"0135":[{"pref":"佐賀県","city":"唐津市","town":"屋形石"}],"0102":[{"pref":"佐賀県","city":"唐津市","town":"八幡町"}],"0004":[{"pref":"佐賀県","city":"唐津市","town":"養母田"}],"0005":[{"pref":"佐賀県","city":"唐津市","town":"養母田鬼塚"}],"0842":[{"pref":"佐賀県","city":"唐津市","town":"山下町"}],"0834":[{"pref":"佐賀県","city":"唐津市","town":"山田"}],"0002":[{"pref":"佐賀県","city":"唐津市","town":"山本"}],"0032":[{"pref":"佐賀県","city":"唐津市","town":"夕日"}],"0814":[{"pref":"佐賀県","city":"唐津市","town":"弓鷹町"}],"0136":[{"pref":"佐賀県","city":"唐津市","town":"横野"}],"0301":[{"pref":"佐賀県","city":"唐津市","town":"呼子町大友"}],"0306":[{"pref":"佐賀県","city":"唐津市","town":"呼子町小川島"}],"0305":[{"pref":"佐賀県","city":"唐津市","town":"呼子町加部島"}],"0302":[{"pref":"佐賀県","city":"唐津市","town":"呼子町小友"}],"0304":[{"pref":"佐賀県","city":"唐津市","town":"呼子町殿ノ浦"}],"0303":[{"pref":"佐賀県","city":"唐津市","town":"呼子町呼子"}],"0071":[{"pref":"佐賀県","city":"唐津市","town":"和多田海士町"}],"0083":[{"pref":"佐賀県","city":"唐津市","town":"和多田大土井"}],"0074":[{"pref":"佐賀県","city":"唐津市","town":"和多田先石"}],"0082":[{"pref":"佐賀県","city":"唐津市","town":"和多田天満町"}],"0084":[{"pref":"佐賀県","city":"唐津市","town":"和多田西山"}],"0073":[{"pref":"佐賀県","city":"唐津市","town":"和多田東百人町"}],"0072":[{"pref":"佐賀県","city":"唐津市","town":"和多田百人町"}],"0085":[{"pref":"佐賀県","city":"唐津市","town":"和多田本村"}],"0081":[{"pref":"佐賀県","city":"唐津市","town":"和多田南先石"}],"0075":[{"pref":"佐賀県","city":"唐津市","town":"和多田用尺"}]}