{"1201":[{"pref":"新潟県","city":"糸魚川市","town":"越"}],"1202":[{"pref":"新潟県","city":"糸魚川市","town":"宮平"}],"1203":[{"pref":"新潟県","city":"糸魚川市","town":"中野"}],"1204":[{"pref":"新潟県","city":"糸魚川市","town":"中林"}],"1205":[{"pref":"新潟県","city":"糸魚川市","town":"土塩"}],"1206":[{"pref":"新潟県","city":"糸魚川市","town":"猿倉"}],"1207":[{"pref":"新潟県","city":"糸魚川市","town":"吹原"}],"1208":[{"pref":"新潟県","city":"糸魚川市","town":"坪野"}],"1211":[{"pref":"新潟県","city":"糸魚川市","town":"五十原"}],"1212":[{"pref":"新潟県","city":"糸魚川市","town":"東塚"}],"1213":[{"pref":"新潟県","city":"糸魚川市","town":"西塚"}],"1214":[{"pref":"新潟県","city":"糸魚川市","town":"見滝"}],"1215":[{"pref":"新潟県","city":"糸魚川市","town":"谷根"}],"1221":[{"pref":"新潟県","city":"糸魚川市","town":"大平"}],"1222":[{"pref":"新潟県","city":"糸魚川市","town":"土倉"}],"1223":[{"pref":"新潟県","city":"糸魚川市","town":"中川原新田"}],"1224":[{"pref":"新潟県","city":"糸魚川市","town":"砂場"}],"1225":[{"pref":"新潟県","city":"糸魚川市","town":"角間"}],"1226":[{"pref":"新潟県","city":"糸魚川市","town":"北山"}],"1301":[{"pref":"新潟県","city":"糸魚川市","town":"徳合"}],"1302":[{"pref":"新潟県","city":"糸魚川市","town":"仙納"}],"1303":[{"pref":"新潟県","city":"糸魚川市","town":"大洞"}],"1304":[{"pref":"新潟県","city":"糸魚川市","town":"百川"}],"1305":[{"pref":"新潟県","city":"糸魚川市","town":"藤崎"}],"1306":[{"pref":"新潟県","city":"糸魚川市","town":"筒石"}],"1311":[{"pref":"新潟県","city":"糸魚川市","town":"高倉"}],"1312":[{"pref":"新潟県","city":"糸魚川市","town":"槙"}],"1313":[{"pref":"新潟県","city":"糸魚川市","town":"下倉"}],"1314":[{"pref":"新潟県","city":"糸魚川市","town":"中野口"}],"1315":[{"pref":"新潟県","city":"糸魚川市","town":"指塩"}],"1316":[{"pref":"新潟県","city":"糸魚川市","town":"柱道"}],"1317":[{"pref":"新潟県","city":"糸魚川市","town":"大道寺"}],"1318":[{"pref":"新潟県","city":"糸魚川市","town":"鷲尾"}],"1319":[{"pref":"新潟県","city":"糸魚川市","town":"大王"}],"1321":[{"pref":"新潟県","city":"糸魚川市","town":"東谷内"}],"1322":[{"pref":"新潟県","city":"糸魚川市","town":"西飛山"}],"1323":[{"pref":"新潟県","city":"糸魚川市","town":"田麦平"}],"1324":[{"pref":"新潟県","city":"糸魚川市","town":"柵口"}],"1325":[{"pref":"新潟県","city":"糸魚川市","town":"崩"}],"1326":[{"pref":"新潟県","city":"糸魚川市","town":"物出"}],"1327":[{"pref":"新潟県","city":"糸魚川市","town":"須川"}],"1328":[{"pref":"新潟県","city":"糸魚川市","town":"溝尾"}],"1329":[{"pref":"新潟県","city":"糸魚川市","town":"川詰"}],"1331":[{"pref":"新潟県","city":"糸魚川市","town":"大沢"}],"1332":[{"pref":"新潟県","city":"糸魚川市","town":"藤後"}],"1333":[{"pref":"新潟県","city":"糸魚川市","town":"島道"}],"1334":[{"pref":"新潟県","city":"糸魚川市","town":"平"}],"1335":[{"pref":"新潟県","city":"糸魚川市","town":"小見"}],"1336":[{"pref":"新潟県","city":"糸魚川市","town":"鶉石"}],"1337":[{"pref":"新潟県","city":"糸魚川市","town":"桂"}],"1338":[{"pref":"新潟県","city":"糸魚川市","town":"寺山"}],"1341":[{"pref":"新潟県","city":"糸魚川市","town":"大平寺"}],"1342":[{"pref":"新潟県","city":"糸魚川市","town":"木浦"}],"1343":[{"pref":"新潟県","city":"糸魚川市","town":"鬼伏"}],"1344":[{"pref":"新潟県","city":"糸魚川市","town":"鬼舞"}],"1351":[{"pref":"新潟県","city":"糸魚川市","town":"能生小泊"}],"1352":[{"pref":"新潟県","city":"糸魚川市","town":"能生"}],"1353":[{"pref":"新潟県","city":"糸魚川市","town":"栄"}],"1354":[{"pref":"新潟県","city":"糸魚川市","town":"桜木"}],"1601":[{"pref":"新潟県","city":"上越市","town":"名立区名立小泊"}],"1602":[{"pref":"新潟県","city":"上越市","town":"名立区名立大町"}],"1603":[{"pref":"新潟県","city":"上越市","town":"名立区坪山"}],"1604":[{"pref":"新潟県","city":"上越市","town":"名立区赤野俣"}],"1605":[{"pref":"新潟県","city":"上越市","town":"名立区大菅"}],"1606":[{"pref":"新潟県","city":"上越市","town":"名立区谷口"}],"1607":[{"pref":"新潟県","city":"上越市","town":"名立区車路"}],"1608":[{"pref":"新潟県","city":"上越市","town":"名立区躰畑"}],"1609":[{"pref":"新潟県","city":"上越市","town":"名立区田野上"}],"1611":[{"pref":"新潟県","city":"上越市","town":"名立区杉野瀬"}],"1612":[{"pref":"新潟県","city":"上越市","town":"名立区丸田"}],"1613":[{"pref":"新潟県","city":"上越市","town":"名立区濁沢"}],"1614":[{"pref":"新潟県","city":"上越市","town":"名立区折居"}],"1615":[{"pref":"新潟県","city":"上越市","town":"名立区峠"}],"1616":[{"pref":"新潟県","city":"上越市","town":"名立区池田"}],"1617":[{"pref":"新潟県","city":"上越市","town":"名立区森"}],"1618":[{"pref":"新潟県","city":"上越市","town":"名立区桂谷"}],"1619":[{"pref":"新潟県","city":"上越市","town":"名立区平谷"}],"1621":[{"pref":"新潟県","city":"上越市","town":"名立区折戸"}],"1622":[{"pref":"新潟県","city":"上越市","town":"名立区小田島"}],"1623":[{"pref":"新潟県","city":"上越市","town":"名立区東蒲生田"}],"1624":[{"pref":"新潟県","city":"上越市","town":"名立区西蒲生田"}],"1625":[{"pref":"新潟県","city":"上越市","town":"名立区瀬戸"}],"1626":[{"pref":"新潟県","city":"上越市","town":"名立区東飛山"}],"1701":[{"pref":"新潟県","city":"上越市","town":"長浜"}],"1702":[{"pref":"新潟県","city":"上越市","town":"有間川"}],"1703":[{"pref":"新潟県","city":"上越市","town":"丹原"}],"1704":[{"pref":"新潟県","city":"上越市","town":"鍋ケ浦"}],"1705":[{"pref":"新潟県","city":"上越市","town":"吉浦"}],"1706":[{"pref":"新潟県","city":"上越市","town":"茶屋ケ原"}],"1711":[{"pref":"新潟県","city":"上越市","town":"西戸野"}],"1712":[{"pref":"新潟県","city":"上越市","town":"鍛冶免分"}],"1713":[{"pref":"新潟県","city":"上越市","town":"花立"}],"1714":[{"pref":"新潟県","city":"上越市","town":"三伝"}],"1715":[{"pref":"新潟県","city":"上越市","town":"中桑取"}],"1716":[{"pref":"新潟県","city":"上越市","town":"高住"}],"1721":[{"pref":"新潟県","city":"上越市","town":"下綱子"}],"1722":[{"pref":"新潟県","city":"上越市","town":"西山寺"}],"1723":[{"pref":"新潟県","city":"上越市","town":"小池"}],"1724":[{"pref":"新潟県","city":"上越市","town":"小池新田"}],"1725":[{"pref":"新潟県","city":"上越市","town":"西鳥越"}],"1726":[{"pref":"新潟県","city":"上越市","town":"諏訪分"}],"1727":[{"pref":"新潟県","city":"上越市","town":"西横山"}],"1731":[{"pref":"新潟県","city":"上越市","town":"西吉尾"}],"1732":[{"pref":"新潟県","city":"上越市","town":"東吉尾"}],"1733":[{"pref":"新潟県","city":"上越市","town":"大渕"}],"1734":[{"pref":"新潟県","city":"上越市","town":"増沢"}],"1735":[{"pref":"新潟県","city":"上越市","town":"土口"}],"1736":[{"pref":"新潟県","city":"上越市","town":"北谷"}],"1737":[{"pref":"新潟県","city":"上越市","town":"西谷内"}],"1738":[{"pref":"新潟県","city":"上越市","town":"皆口"}],"1739":[{"pref":"新潟県","city":"上越市","town":"横畑"}],"1741":[{"pref":"新潟県","city":"上越市","town":"上綱子"}],"1742":[{"pref":"新潟県","city":"上越市","town":"中ノ俣"}],"2101":[{"pref":"新潟県","city":"妙高市","town":"二俣"}],"2102":[{"pref":"新潟県","city":"妙高市","town":"田切"}],"2103":[{"pref":"新潟県","city":"妙高市","town":"蔵々"}],"2104":[{"pref":"新潟県","city":"妙高市","town":"兼俣"}],"2105":[{"pref":"新潟県","city":"妙高市","town":"毛祝坂"}],"2106":[{"pref":"新潟県","city":"妙高市","town":"田口"}],"2111":[{"pref":"新潟県","city":"妙高市","town":"赤倉"}],"2112":[{"pref":"新潟県","city":"妙高市","town":"関川"}],"2113":[{"pref":"新潟県","city":"妙高市","town":"杉野沢"}],"2141":[{"pref":"新潟県","city":"妙高市","town":"関山（熊堂山、妙高山国有林第２８班）"}],"2201":[{"pref":"新潟県","city":"妙高市","town":"寺尾"}],"2202":[{"pref":"新潟県","city":"妙高市","town":"坂下新田"}],"2203":[{"pref":"新潟県","city":"妙高市","town":"北田屋新田"}],"2204":[{"pref":"新潟県","city":"妙高市","town":"中原新田"}],"2205":[{"pref":"新潟県","city":"妙高市","town":"上大塚新田"}],"2206":[{"pref":"新潟県","city":"妙高市","town":"西田屋新田"}],"2207":[{"pref":"新潟県","city":"妙高市","town":"窪田新田"}],"2208":[{"pref":"新潟県","city":"妙高市","town":"今府"}],"2209":[{"pref":"新潟県","city":"妙高市","town":"祖父竹"}],"2211":[{"pref":"新潟県","city":"妙高市","town":"田中村新田"}],"2212":[{"pref":"新潟県","city":"妙高市","town":"岡新田"}],"2213":[{"pref":"新潟県","city":"妙高市","town":"東田屋新田"}],"2214":[{"pref":"新潟県","city":"妙高市","town":"中島新田"}],"2215":[{"pref":"新潟県","city":"妙高市","town":"橋本新田"}],"2216":[{"pref":"新潟県","city":"妙高市","town":"東四ツ屋新田"}],"2217":[{"pref":"新潟県","city":"妙高市","town":"東福田新田"}],"2218":[{"pref":"新潟県","city":"妙高市","town":"花房"}],"2219":[{"pref":"新潟県","city":"妙高市","town":"原通"}],"2221":[{"pref":"新潟県","city":"妙高市","town":"大鹿"}],"2222":[{"pref":"新潟県","city":"妙高市","town":"土路"}],"2223":[{"pref":"新潟県","city":"妙高市","town":"樽本（その他）"}],"2224":[{"pref":"新潟県","city":"妙高市","town":"桶海"}],"2225":[{"pref":"新潟県","city":"妙高市","town":"大谷"}],"2226":[{"pref":"新潟県","city":"妙高市","town":"住吉"}],"2231":[{"pref":"新潟県","city":"妙高市","town":"米島新田"}],"2232":[{"pref":"新潟県","city":"妙高市","town":"葎生"}],"2233":[{"pref":"新潟県","city":"妙高市","town":"上中村新田"}],"2234":[{"pref":"新潟県","city":"妙高市","town":"坂口新田"}],"2235":[{"pref":"新潟県","city":"妙高市","town":"関山（その他）"}],"2301":[{"pref":"新潟県","city":"上越市","town":"中郷区板橋"}],"2302":[{"pref":"新潟県","city":"上越市","town":"中郷区藤沢"}],"2303":[{"pref":"新潟県","city":"上越市","town":"中郷区坂本"}],"2304":[{"pref":"新潟県","city":"上越市","town":"中郷区二本木"}],"2305":[{"pref":"新潟県","city":"上越市","town":"中郷区四ツ屋"}],"2306":[{"pref":"新潟県","city":"上越市","town":"中郷区八斗蒔"}],"2311":[{"pref":"新潟県","city":"上越市","town":"中郷区松崎"}],"2312":[{"pref":"新潟県","city":"上越市","town":"中郷区片貝"}],"2313":[{"pref":"新潟県","city":"上越市","town":"中郷区福崎"}],"2314":[{"pref":"新潟県","city":"上越市","town":"中郷区宮野原"}],"2315":[{"pref":"新潟県","city":"上越市","town":"中郷区稲荷山"}],"2316":[{"pref":"新潟県","city":"上越市","town":"中郷区江口"}],"2317":[{"pref":"新潟県","city":"上越市","town":"中郷区市屋"}],"2318":[{"pref":"新潟県","city":"上越市","town":"中郷区岡川"}],"2321":[{"pref":"新潟県","city":"上越市","town":"中郷区福田"}],"2322":[{"pref":"新潟県","city":"上越市","town":"中郷区岡沢"}],"3101":[{"pref":"新潟県","city":"上越市","town":"大潟区雁子浜"}],"3102":[{"pref":"新潟県","city":"上越市","town":"大潟区九戸浜"}],"3103":[{"pref":"新潟県","city":"上越市","town":"大潟区潟町"}],"3111":[{"pref":"新潟県","city":"上越市","town":"大潟区四ツ屋浜"}],"3112":[{"pref":"新潟県","city":"上越市","town":"大潟区土底浜"}],"3113":[{"pref":"新潟県","city":"上越市","town":"大潟区下小船津浜"}],"3114":[{"pref":"新潟県","city":"上越市","town":"大潟区上小船津浜"}],"3115":[{"pref":"新潟県","city":"上越市","town":"大潟区渋柿浜"}],"3116":[{"pref":"新潟県","city":"上越市","town":"大潟区犀潟"}],"3117":[{"pref":"新潟県","city":"上越市","town":"大潟区蜘ケ池"}],"3121":[{"pref":"新潟県","city":"上越市","town":"大潟区潟田"}],"3122":[{"pref":"新潟県","city":"上越市","town":"大潟区岩野古新田"}],"3123":[{"pref":"新潟県","city":"上越市","town":"大潟区長崎"}],"3124":[{"pref":"新潟県","city":"上越市","town":"大潟区吉崎新田"}],"3125":[{"pref":"新潟県","city":"上越市","town":"大潟区山鵜島新田"}],"3131":[{"pref":"新潟県","city":"上越市","town":"大潟区里鵜島新田"}],"3132":[{"pref":"新潟県","city":"上越市","town":"大潟区米倉新田"}],"3133":[{"pref":"新潟県","city":"上越市","town":"大潟区高橋新田"}],"3134":[{"pref":"新潟県","city":"上越市","town":"大潟区和泉新田"}],"3135":[{"pref":"新潟県","city":"上越市","town":"大潟区内雁子"}],"3136":[{"pref":"新潟県","city":"上越市","town":"大潟区内雁子新田"}],"3137":[{"pref":"新潟県","city":"上越市","town":"大潟区潟守新田（その他）"}],"3201":[{"pref":"新潟県","city":"上越市","town":"柿崎区竹鼻"}],"3211":[{"pref":"新潟県","city":"上越市","town":"柿崎区法音寺"}],"3212":[{"pref":"新潟県","city":"上越市","town":"柿崎区山谷"}],"3213":[{"pref":"新潟県","city":"上越市","town":"柿崎区川井"}],"3214":[{"pref":"新潟県","city":"上越市","town":"柿崎区馬正面"}],"3215":[{"pref":"新潟県","city":"上越市","town":"柿崎区直海浜"}],"3216":[{"pref":"新潟県","city":"上越市","town":"柿崎区柿崎"}],"3221":[{"pref":"新潟県","city":"上越市","town":"柿崎区小萱"}],"3222":[{"pref":"新潟県","city":"上越市","town":"柿崎区栃窪"}],"3223":[{"pref":"新潟県","city":"上越市","town":"柿崎区雁海"}],"3224":[{"pref":"新潟県","city":"上越市","town":"柿崎区東谷内"}],"3225":[{"pref":"新潟県","city":"上越市","town":"柿崎区金谷"}],"3226":[{"pref":"新潟県","city":"上越市","town":"柿崎区下中山"}],"3231":[{"pref":"新潟県","city":"上越市","town":"柿崎区上小野"}],"3232":[{"pref":"新潟県","city":"上越市","town":"柿崎区下小野"}],"3233":[{"pref":"新潟県","city":"上越市","town":"柿崎区柳ケ崎"}],"3234":[{"pref":"新潟県","city":"上越市","town":"柿崎区高寺"}],"3235":[{"pref":"新潟県","city":"上越市","town":"柿崎区荻谷"}],"3236":[{"pref":"新潟県","city":"上越市","town":"柿崎区阿弥陀瀬"}],"3237":[{"pref":"新潟県","city":"上越市","town":"柿崎区川田"}],"3241":[{"pref":"新潟県","city":"上越市","town":"柿崎区百木"}],"3242":[{"pref":"新潟県","city":"上越市","town":"柿崎区桜町新田"}],"3243":[{"pref":"新潟県","city":"上越市","town":"柿崎区上金原"}],"3244":[{"pref":"新潟県","city":"上越市","town":"柿崎区下金原"}],"3245":[{"pref":"新潟県","city":"上越市","town":"柿崎区行法"}],"3246":[{"pref":"新潟県","city":"上越市","town":"柿崎区落合"}],"3247":[{"pref":"新潟県","city":"上越市","town":"柿崎区角取"}],"3251":[{"pref":"新潟県","city":"上越市","town":"柿崎区下条"}],"3252":[{"pref":"新潟県","city":"上越市","town":"柿崎区上直海"}],"3253":[{"pref":"新潟県","city":"上越市","town":"柿崎区江島新田"}],"3254":[{"pref":"新潟県","city":"上越市","town":"柿崎区坂田新田"}],"3255":[{"pref":"新潟県","city":"上越市","town":"柿崎区上下浜"}],"3256":[{"pref":"新潟県","city":"上越市","town":"柿崎区三ツ屋浜"}],"3361":[{"pref":"新潟県","city":"上越市","town":"柿崎区城腰"}],"3362":[{"pref":"新潟県","city":"上越市","town":"柿崎区黒岩"}],"3363":[{"pref":"新潟県","city":"上越市","town":"柿崎区旭平"}],"3364":[{"pref":"新潟県","city":"上越市","town":"柿崎区東横山"}],"3365":[{"pref":"新潟県","city":"上越市","town":"柿崎区松留"}],"3366":[{"pref":"新潟県","city":"上越市","town":"柿崎区上中山"}],"3367":[{"pref":"新潟県","city":"上越市","town":"柿崎区猿毛"}],"3371":[{"pref":"新潟県","city":"上越市","town":"柿崎区下牧"}],"3372":[{"pref":"新潟県","city":"上越市","town":"柿崎区水野"}],"3373":[{"pref":"新潟県","city":"上越市","town":"柿崎区米山寺"}],"3374":[{"pref":"新潟県","city":"上越市","town":"柿崎区芋島"}],"3375":[{"pref":"新潟県","city":"上越市","town":"柿崎区下灰庭新田"}],"3376":[{"pref":"新潟県","city":"上越市","town":"柿崎区岩手"}],"3377":[{"pref":"新潟県","city":"上越市","town":"柿崎区高畑"}],"3378":[{"pref":"新潟県","city":"上越市","town":"柿崎区岩野"}],"3379":[{"pref":"新潟県","city":"上越市","town":"柿崎区平沢"}],"3401":[{"pref":"新潟県","city":"上越市","town":"吉川区後生寺"}],"3402":[{"pref":"新潟県","city":"上越市","town":"吉川区伯母ケ沢"}],"3403":[{"pref":"新潟県","city":"上越市","town":"吉川区平等寺"}],"3404":[{"pref":"新潟県","city":"上越市","town":"吉川区東寺"}],"3405":[{"pref":"新潟県","city":"上越市","town":"吉川区吉井"}],"3406":[{"pref":"新潟県","city":"上越市","town":"吉川区下小沢"}],"3407":[{"pref":"新潟県","city":"上越市","town":"吉川区下中条"}],"3408":[{"pref":"新潟県","city":"上越市","town":"吉川区赤沢"}],"3409":[{"pref":"新潟県","city":"上越市","town":"吉川区泉"}],"3411":[{"pref":"新潟県","city":"上越市","town":"吉川区川崎"}],"3412":[{"pref":"新潟県","city":"上越市","town":"吉川区泉谷"}],"3413":[{"pref":"新潟県","city":"上越市","town":"吉川区土尻"}],"3414":[{"pref":"新潟県","city":"上越市","town":"吉川区天林寺"}],"3415":[{"pref":"新潟県","city":"上越市","town":"吉川区山口"}],"3416":[{"pref":"新潟県","city":"上越市","town":"吉川区中谷内"}],"3417":[{"pref":"新潟県","city":"上越市","town":"吉川区下深沢"}],"3418":[{"pref":"新潟県","city":"上越市","town":"吉川区片田"}],"3419":[{"pref":"新潟県","city":"上越市","town":"吉川区東鳥越"}],"3421":[{"pref":"新潟県","city":"上越市","town":"吉川区入河沢"}],"3422":[{"pref":"新潟県","city":"上越市","town":"吉川区国田"}],"3423":[{"pref":"新潟県","city":"上越市","town":"吉川区東田中"}],"3424":[{"pref":"新潟県","city":"上越市","town":"吉川区福平"}],"3425":[{"pref":"新潟県","city":"上越市","town":"吉川区長坂"}],"3426":[{"pref":"新潟県","city":"上越市","town":"吉川区道之下"}],"3427":[{"pref":"新潟県","city":"上越市","town":"吉川区顕法寺"}],"3428":[{"pref":"新潟県","city":"上越市","town":"吉川区十町歩"}],"3429":[{"pref":"新潟県","city":"上越市","town":"吉川区河沢"}],"3431":[{"pref":"新潟県","city":"上越市","town":"吉川区田尻"}],"3432":[{"pref":"新潟県","city":"上越市","town":"吉川区六万部"}],"3433":[{"pref":"新潟県","city":"上越市","town":"吉川区町田"}],"3434":[{"pref":"新潟県","city":"上越市","town":"吉川区西野島"}],"3435":[{"pref":"新潟県","city":"上越市","town":"吉川区下八幡"}],"3436":[{"pref":"新潟県","city":"上越市","town":"吉川区坪野内"}],"3437":[{"pref":"新潟県","city":"上越市","town":"吉川区梶"}],"3438":[{"pref":"新潟県","city":"上越市","town":"吉川区神田町"}],"3439":[{"pref":"新潟県","city":"上越市","town":"吉川区長沢"}],"3441":[{"pref":"新潟県","city":"上越市","town":"吉川区代石"}],"3442":[{"pref":"新潟県","city":"上越市","town":"吉川区小苗代"}],"3443":[{"pref":"新潟県","city":"上越市","town":"吉川区下町"}],"3444":[{"pref":"新潟県","city":"上越市","town":"吉川区大乗寺"}],"3445":[{"pref":"新潟県","city":"上越市","town":"吉川区原之町"}],"3446":[{"pref":"新潟県","city":"上越市","town":"吉川区山方"}],"3447":[{"pref":"新潟県","city":"上越市","town":"吉川区竹直"}],"3448":[{"pref":"新潟県","city":"上越市","town":"吉川区長峰"}],"3449":[{"pref":"新潟県","city":"上越市","town":"吉川区杜氏の郷"}],"3551":[{"pref":"新潟県","city":"上越市","town":"吉川区坪野"}],"3552":[{"pref":"新潟県","city":"上越市","town":"吉川区尾神"}],"3553":[{"pref":"新潟県","city":"上越市","town":"吉川区川谷"}],"3554":[{"pref":"新潟県","city":"上越市","town":"吉川区石谷"}],"3555":[{"pref":"新潟県","city":"上越市","town":"吉川区上名木"}],"3556":[{"pref":"新潟県","city":"上越市","town":"吉川区名木山"}],"3557":[{"pref":"新潟県","city":"上越市","town":"吉川区高沢入"}],"3561":[{"pref":"新潟県","city":"上越市","town":"吉川区山中"}],"3562":[{"pref":"新潟県","city":"上越市","town":"吉川区山直海"}],"3563":[{"pref":"新潟県","city":"上越市","town":"吉川区大賀"}],"3564":[{"pref":"新潟県","city":"上越市","town":"吉川区岩沢"}],"3565":[{"pref":"新潟県","city":"上越市","town":"吉川区米山"}],"3661":[{"pref":"新潟県","city":"柏崎市","town":"青海川"}],"3662":[{"pref":"新潟県","city":"柏崎市","town":"笠島"}],"3663":[{"pref":"新潟県","city":"柏崎市","town":"上輪新田"}],"3664":[{"pref":"新潟県","city":"柏崎市","town":"上輪"}],"3671":[{"pref":"新潟県","city":"柏崎市","town":"蕨野"}],"3672":[{"pref":"新潟県","city":"柏崎市","town":"大平"}],"3673":[{"pref":"新潟県","city":"柏崎市","town":"高畔"}],"3674":[{"pref":"新潟県","city":"柏崎市","town":"大清水"}],"3675":[{"pref":"新潟県","city":"柏崎市","town":"米山町"}],"3721":[{"pref":"新潟県","city":"柏崎市","town":"吉井黒川"}],"3722":[{"pref":"新潟県","city":"柏崎市","town":"東長鳥"}],"3723":[{"pref":"新潟県","city":"柏崎市","town":"西長鳥"}],"3724":[{"pref":"新潟県","city":"柏崎市","town":"大広田"}],"3725":[{"pref":"新潟県","city":"柏崎市","town":"旧広田"}],"3726":[{"pref":"新潟県","city":"柏崎市","town":"山澗"}],"3731":[{"pref":"新潟県","city":"柏崎市","town":"東条"}],"3732":[{"pref":"新潟県","city":"柏崎市","town":"北条"}],"3733":[{"pref":"新潟県","city":"柏崎市","town":"本条"}],"3734":[{"pref":"新潟県","city":"柏崎市","town":"南条"}],"3735":[{"pref":"新潟県","city":"柏崎市","town":"小島"}],"4111":[{"pref":"新潟県","city":"柏崎市","town":"西山町別山"}],"4112":[{"pref":"新潟県","city":"柏崎市","town":"西山町尾野内"}],"4113":[{"pref":"新潟県","city":"柏崎市","town":"西山町上山田"}],"4114":[{"pref":"新潟県","city":"柏崎市","town":"西山町灰爪"}],"4121":[{"pref":"新潟県","city":"柏崎市","town":"西山町田沢"}],"4122":[{"pref":"新潟県","city":"柏崎市","town":"西山町藤掛"}],"4123":[{"pref":"新潟県","city":"柏崎市","town":"西山町池浦"}],"4124":[{"pref":"新潟県","city":"柏崎市","town":"西山町礼拝"}],"4125":[{"pref":"新潟県","city":"柏崎市","town":"西山町中央台"}],"4126":[{"pref":"新潟県","city":"柏崎市","town":"西山町下山田"}],"4127":[{"pref":"新潟県","city":"柏崎市","town":"西山町鎌田"}],"4128":[{"pref":"新潟県","city":"柏崎市","town":"西山町伊毛"}],"4131":[{"pref":"新潟県","city":"柏崎市","town":"西山町後谷"}],"4132":[{"pref":"新潟県","city":"柏崎市","town":"西山町長嶺"}],"4133":[{"pref":"新潟県","city":"柏崎市","town":"西山町鬼王"}],"4134":[{"pref":"新潟県","city":"柏崎市","town":"西山町二田"}],"4135":[{"pref":"新潟県","city":"柏崎市","town":"西山町坂田"}],"4136":[{"pref":"新潟県","city":"柏崎市","town":"西山町緑が丘"}],"4141":[{"pref":"新潟県","city":"柏崎市","town":"西山町西山"}],"4142":[{"pref":"新潟県","city":"柏崎市","town":"西山町黒部"}],"4143":[{"pref":"新潟県","city":"柏崎市","town":"西山町和田"}],"4144":[{"pref":"新潟県","city":"柏崎市","town":"西山町新保"}],"4145":[{"pref":"新潟県","city":"柏崎市","town":"西山町北野"}],"4146":[{"pref":"新潟県","city":"柏崎市","town":"西山町妙法寺"}],"4147":[{"pref":"新潟県","city":"柏崎市","town":"西山町大坪"}],"4148":[{"pref":"新潟県","city":"柏崎市","town":"西山町内方"}],"4149":[{"pref":"新潟県","city":"柏崎市","town":"西山町五日市"}],"4201":[{"pref":"新潟県","city":"柏崎市","town":"西山町石地"}],"4202":[{"pref":"新潟県","city":"柏崎市","town":"西山町尾町"}],"4203":[{"pref":"新潟県","city":"柏崎市","town":"西山町大津"}],"4204":[{"pref":"新潟県","city":"柏崎市","town":"西山町大崎"}],"4205":[{"pref":"新潟県","city":"柏崎市","town":"西山町浜忠"}],"4206":[{"pref":"新潟県","city":"柏崎市","town":"西山町甲田"}],"4300":[{"pref":"新潟県","city":"三島郡出雲崎町","town":"以下に掲載がない場合"}],"4301":[{"pref":"新潟県","city":"三島郡出雲崎町","town":"久田"}],"4302":[{"pref":"新潟県","city":"三島郡出雲崎町","town":"井鼻"}],"4303":[{"pref":"新潟県","city":"三島郡出雲崎町","town":"木折町"}],"4304":[{"pref":"新潟県","city":"三島郡出雲崎町","town":"鳴滝町"}],"4305":[{"pref":"新潟県","city":"三島郡出雲崎町","town":"羽黒町"}],"4306":[{"pref":"新潟県","city":"三島郡出雲崎町","town":"石井町"}],"4307":[{"pref":"新潟県","city":"三島郡出雲崎町","town":"住吉町"}],"4308":[{"pref":"新潟県","city":"三島郡出雲崎町","town":"尼瀬"}],"4309":[{"pref":"新潟県","city":"三島郡出雲崎町","town":"勝見"}],"4311":[{"pref":"新潟県","city":"三島郡出雲崎町","town":"乙茂"}],"4312":[{"pref":"新潟県","city":"三島郡出雲崎町","town":"大寺"}],"4313":[{"pref":"新潟県","city":"三島郡出雲崎町","town":"馬草"}],"4314":[{"pref":"新潟県","city":"三島郡出雲崎町","town":"藤巻"}],"4315":[{"pref":"新潟県","city":"三島郡出雲崎町","town":"柿木"}],"4316":[{"pref":"新潟県","city":"三島郡出雲崎町","town":"滝谷"}],"4317":[{"pref":"新潟県","city":"三島郡出雲崎町","town":"吉川"}],"4318":[{"pref":"新潟県","city":"三島郡出雲崎町","town":"神条"}],"4321":[{"pref":"新潟県","city":"三島郡出雲崎町","town":"松本"}],"4322":[{"pref":"新潟県","city":"三島郡出雲崎町","town":"小釜谷"}],"4323":[{"pref":"新潟県","city":"三島郡出雲崎町","town":"大釜谷"}],"4324":[{"pref":"新潟県","city":"三島郡出雲崎町","town":"吉水"}],"4325":[{"pref":"新潟県","city":"三島郡出雲崎町","town":"相田"}],"4326":[{"pref":"新潟県","city":"三島郡出雲崎町","town":"桂沢"}],"4327":[{"pref":"新潟県","city":"三島郡出雲崎町","town":"別ケ谷"}],"4328":[{"pref":"新潟県","city":"三島郡出雲崎町","town":"山谷"}],"4331":[{"pref":"新潟県","city":"三島郡出雲崎町","town":"稲川"}],"4332":[{"pref":"新潟県","city":"三島郡出雲崎町","town":"小木"}],"4333":[{"pref":"新潟県","city":"三島郡出雲崎町","town":"常楽寺"}],"4334":[{"pref":"新潟県","city":"三島郡出雲崎町","town":"豊橋"}],"4335":[{"pref":"新潟県","city":"三島郡出雲崎町","town":"市野坪"}],"4336":[{"pref":"新潟県","city":"三島郡出雲崎町","town":"船橋"}],"4337":[{"pref":"新潟県","city":"三島郡出雲崎町","town":"田中"}],"4341":[{"pref":"新潟県","city":"三島郡出雲崎町","town":"上中条"}],"4342":[{"pref":"新潟県","city":"三島郡出雲崎町","town":"米田"}],"4343":[{"pref":"新潟県","city":"三島郡出雲崎町","town":"立石"}],"4344":[{"pref":"新潟県","city":"三島郡出雲崎町","town":"小竹"}],"4345":[{"pref":"新潟県","city":"三島郡出雲崎町","town":"中山"}],"4346":[{"pref":"新潟県","city":"三島郡出雲崎町","town":"上野山"}],"4351":[{"pref":"新潟県","city":"三島郡出雲崎町","town":"沢田"}],"4352":[{"pref":"新潟県","city":"三島郡出雲崎町","town":"大門"}],"4353":[{"pref":"新潟県","city":"三島郡出雲崎町","town":"川西"}],"4501":[{"pref":"新潟県","city":"長岡市","town":"上桐"}],"4502":[{"pref":"新潟県","city":"長岡市","town":"黒坂"}],"4503":[{"pref":"新潟県","city":"長岡市","town":"和島北野"}],"4504":[{"pref":"新潟県","city":"長岡市","town":"三瀬ケ谷"}],"4505":[{"pref":"新潟県","city":"長岡市","town":"根小屋"}],"4506":[{"pref":"新潟県","city":"長岡市","town":"荒巻"}],"4507":[{"pref":"新潟県","city":"長岡市","town":"下富岡"}],"4511":[{"pref":"新潟県","city":"長岡市","town":"小島谷"}],"4512":[{"pref":"新潟県","city":"長岡市","town":"若野浦"}],"4513":[{"pref":"新潟県","city":"長岡市","town":"阿弥陀瀬"}],"4514":[{"pref":"新潟県","city":"長岡市","town":"日野浦"}],"4515":[{"pref":"新潟県","city":"長岡市","town":"和島高畑"}],"4516":[{"pref":"新潟県","city":"長岡市","town":"和島中沢"}],"4517":[{"pref":"新潟県","city":"長岡市","town":"梅田"}],"4521":[{"pref":"新潟県","city":"長岡市","town":"東保内"}],"4522":[{"pref":"新潟県","city":"長岡市","town":"村田"}],"4523":[{"pref":"新潟県","city":"長岡市","town":"城之丘"}],"4524":[{"pref":"新潟県","city":"長岡市","town":"両高"}],"4525":[{"pref":"新潟県","city":"長岡市","town":"島崎"}],"5121":[{"pref":"新潟県","city":"長岡市","town":"西谷"}],"5122":[{"pref":"新潟県","city":"長岡市","town":"東谷"}],"5123":[{"pref":"新潟県","city":"長岡市","town":"塚野山"}],"5124":[{"pref":"新潟県","city":"長岡市","town":"千谷沢"}],"5201":[{"pref":"新潟県","city":"長岡市","town":"小国町千谷沢"}],"5211":[{"pref":"新潟県","city":"長岡市","town":"小国町七日町"}],"5212":[{"pref":"新潟県","city":"長岡市","town":"小国町桐沢"}],"5213":[{"pref":"新潟県","city":"長岡市","town":"小国町法坂"}],"5214":[{"pref":"新潟県","city":"長岡市","town":"小国町上谷内新田"}],"5215":[{"pref":"新潟県","city":"長岡市","town":"小国町新町"}],"5216":[{"pref":"新潟県","city":"長岡市","town":"小国町相野原"}],"5217":[{"pref":"新潟県","city":"長岡市","town":"小国町二本柳"}],"5221":[{"pref":"新潟県","city":"長岡市","town":"小国町武石"}],"5222":[{"pref":"新潟県","city":"長岡市","town":"小国町横沢"}],"5223":[{"pref":"新潟県","city":"長岡市","town":"小国町八王子"}],"5331":[{"pref":"新潟県","city":"長岡市","town":"小国町楢沢"}],"5332":[{"pref":"新潟県","city":"長岡市","town":"小国町上岩田"}],"5333":[{"pref":"新潟県","city":"長岡市","town":"小国町小国沢"}],"5334":[{"pref":"新潟県","city":"長岡市","town":"小国町法末"}],"5335":[{"pref":"新潟県","city":"長岡市","town":"小国町太郎丸"}],"5336":[{"pref":"新潟県","city":"長岡市","town":"小国町諏訪井"}],"5341":[{"pref":"新潟県","city":"長岡市","town":"小国町小栗山"}],"5342":[{"pref":"新潟県","city":"長岡市","town":"小国町森光"}],"5343":[{"pref":"新潟県","city":"長岡市","town":"小国町原"}],"5344":[{"pref":"新潟県","city":"長岡市","town":"小国町苔野島"}],"5345":[{"pref":"新潟県","city":"長岡市","town":"小国町三桶"}],"5346":[{"pref":"新潟県","city":"長岡市","town":"小国町大貝"}],"5347":[{"pref":"新潟県","city":"長岡市","town":"小国町山野田"}],"5401":[{"pref":"新潟県","city":"長岡市","town":"飯島"}],"5402":[{"pref":"新潟県","city":"長岡市","town":"篠花"}],"5403":[{"pref":"新潟県","city":"長岡市","town":"越路中島"}],"5404":[{"pref":"新潟県","city":"長岡市","town":"釜ケ島（その他）"}],"5405":[{"pref":"新潟県","city":"長岡市","town":"岩野（その他）"}],"5406":[{"pref":"新潟県","city":"長岡市","town":"浦"}],"5407":[{"pref":"新潟県","city":"長岡市","town":"神谷"}],"5408":[{"pref":"新潟県","city":"長岡市","town":"越路中沢"}],"5409":[{"pref":"新潟県","city":"長岡市","town":"西野"}],"5411":[{"pref":"新潟県","city":"長岡市","town":"来迎寺"}],"5412":[{"pref":"新潟県","city":"長岡市","town":"朝日"}],"5413":[{"pref":"新潟県","city":"長岡市","town":"沢下条"}],"5414":[{"pref":"新潟県","city":"長岡市","town":"飯塚"}],"5415":[{"pref":"新潟県","city":"長岡市","town":"岩田"}],"5416":[{"pref":"新潟県","city":"長岡市","town":"不動沢"}],"6100":[{"pref":"新潟県","city":"南魚沼郡湯沢町","town":"以下に掲載がない場合"}],"6101":[{"pref":"新潟県","city":"南魚沼郡湯沢町","town":"湯沢"}],"6102":[{"pref":"新潟県","city":"南魚沼郡湯沢町","town":"神立"}],"6103":[{"pref":"新潟県","city":"南魚沼郡湯沢町","town":"土樽"}],"6211":[{"pref":"新潟県","city":"南魚沼郡湯沢町","town":"三俣"}],"6212":[{"pref":"新潟県","city":"南魚沼郡湯沢町","town":"三国"}],"6361":[{"pref":"新潟県","city":"南魚沼市","town":"大沢"}],"6362":[{"pref":"新潟県","city":"南魚沼市","town":"南田中"}],"6363":[{"pref":"新潟県","city":"南魚沼市","town":"下一日市"}],"6364":[{"pref":"新潟県","city":"南魚沼市","town":"上一日市"}],"6365":[{"pref":"新潟県","city":"南魚沼市","town":"宮野下"}],"6366":[{"pref":"新潟県","city":"南魚沼市","town":"君沢"}],"6371":[{"pref":"新潟県","city":"南魚沼市","town":"関"}],"6372":[{"pref":"新潟県","city":"南魚沼市","town":"石打"}],"6373":[{"pref":"新潟県","city":"南魚沼市","town":"上野"}],"6401":[{"pref":"新潟県","city":"南魚沼市","town":"栃窪"}],"6402":[{"pref":"新潟県","city":"南魚沼市","town":"吉里"}],"6403":[{"pref":"新潟県","city":"南魚沼市","town":"思川"}],"6404":[{"pref":"新潟県","city":"南魚沼市","town":"片田"}],"6405":[{"pref":"新潟県","city":"南魚沼市","town":"竹俣"}],"6406":[{"pref":"新潟県","city":"南魚沼市","town":"竹俣新田"}],"6407":[{"pref":"新潟県","city":"南魚沼市","town":"島新田"}],"6408":[{"pref":"新潟県","city":"南魚沼市","town":"塩沢"}],"6411":[{"pref":"新潟県","city":"南魚沼市","town":"上十日町"}],"6412":[{"pref":"新潟県","city":"南魚沼市","town":"大里"}],"6413":[{"pref":"新潟県","city":"南魚沼市","town":"小木六"}],"6414":[{"pref":"新潟県","city":"南魚沼市","town":"八竜新田"}],"6415":[{"pref":"新潟県","city":"南魚沼市","town":"小杉新田"}],"6416":[{"pref":"新潟県","city":"南魚沼市","town":"大木六"}],"6417":[{"pref":"新潟県","city":"南魚沼市","town":"吉山新田"}],"6418":[{"pref":"新潟県","city":"南魚沼市","town":"仙石"}],"6421":[{"pref":"新潟県","city":"南魚沼市","town":"中子新田甲"}],"6422":[{"pref":"新潟県","city":"南魚沼市","town":"徳田新田"}],"6423":[{"pref":"新潟県","city":"南魚沼市","town":"舞子"}],"6424":[{"pref":"新潟県","city":"南魚沼市","town":"万条新田"}],"6425":[{"pref":"新潟県","city":"南魚沼市","town":"姥島新田"}],"6426":[{"pref":"新潟県","city":"南魚沼市","town":"丸池新田"}],"6427":[{"pref":"新潟県","city":"南魚沼市","town":"中子新田乙"}],"6428":[{"pref":"新潟県","city":"南魚沼市","town":"五郎丸"}],"6431":[{"pref":"新潟県","city":"南魚沼市","town":"樺野沢"}],"6432":[{"pref":"新潟県","city":"南魚沼市","town":"樺野沢新田"}],"6433":[{"pref":"新潟県","city":"南魚沼市","town":"泉盛寺"}],"6434":[{"pref":"新潟県","city":"南魚沼市","town":"天野沢"}],"6435":[{"pref":"新潟県","city":"南魚沼市","town":"目来田"}],"6436":[{"pref":"新潟県","city":"南魚沼市","town":"中"}],"6437":[{"pref":"新潟県","city":"南魚沼市","town":"中野"}],"6438":[{"pref":"新潟県","city":"南魚沼市","town":"大木六新田"}],"6541":[{"pref":"新潟県","city":"南魚沼市","town":"三郎丸"}],"6542":[{"pref":"新潟県","city":"南魚沼市","town":"雲洞"}],"6543":[{"pref":"新潟県","city":"南魚沼市","town":"早川"}],"6544":[{"pref":"新潟県","city":"南魚沼市","town":"枝吉"}],"6545":[{"pref":"新潟県","city":"南魚沼市","town":"長崎"}],"6551":[{"pref":"新潟県","city":"南魚沼市","town":"姥沢新田"}],"6552":[{"pref":"新潟県","city":"南魚沼市","town":"蟹沢新田"}],"6553":[{"pref":"新潟県","city":"南魚沼市","town":"清水"}],"6554":[{"pref":"新潟県","city":"南魚沼市","town":"一之沢"}],"6555":[{"pref":"新潟県","city":"南魚沼市","town":"滝谷"}],"6556":[{"pref":"新潟県","city":"南魚沼市","town":"小松沢"}],"6557":[{"pref":"新潟県","city":"南魚沼市","town":"台上"}],"6600":[{"pref":"新潟県","city":"南魚沼市","town":"以下に掲載がない場合"}],"6601":[{"pref":"新潟県","city":"南魚沼市","town":"君帰"}],"6602":[{"pref":"新潟県","city":"南魚沼市","town":"欠之上"}],"6603":[{"pref":"新潟県","city":"南魚沼市","town":"川窪"}],"6605":[{"pref":"新潟県","city":"南魚沼市","town":"青木新田（６９５、７２９、９９２～１０７４番地）"}],"6607":[{"pref":"新潟県","city":"南魚沼市","town":"宇津野新田（７１７、７１８番地）"}],"6608":[{"pref":"新潟県","city":"南魚沼市","town":"美佐島"}],"6609":[{"pref":"新潟県","city":"南魚沼市","town":"八幡"}],"6611":[{"pref":"新潟県","city":"南魚沼市","town":"坂戸"}],"6612":[{"pref":"新潟県","city":"南魚沼市","town":"東泉田"}],"6615":[{"pref":"新潟県","city":"南魚沼市","town":"西泉田"}],"6636":[{"pref":"新潟県","city":"南魚沼市","town":"小栗山"}],"6680":[{"pref":"新潟県","city":"南魚沼市","town":"六日町"}],"6681":[{"pref":"新潟県","city":"南魚沼市","town":"余川"}],"6682":[{"pref":"新潟県","city":"南魚沼市","town":"大月"}],"6741":[{"pref":"新潟県","city":"南魚沼市","town":"清水瀬"}],"6742":[{"pref":"新潟県","city":"南魚沼市","town":"野中"}],"6743":[{"pref":"新潟県","city":"南魚沼市","town":"舞台"}],"6744":[{"pref":"新潟県","city":"南魚沼市","town":"土沢"}],"6745":[{"pref":"新潟県","city":"南魚沼市","town":"小川"}],"6746":[{"pref":"新潟県","city":"南魚沼市","town":"畔地"}],"6751":[{"pref":"新潟県","city":"南魚沼市","town":"畔地新田"}],"6753":[{"pref":"新潟県","city":"南魚沼市","town":"蛭窪"}],"6754":[{"pref":"新潟県","city":"南魚沼市","town":"永松"}],"6755":[{"pref":"新潟県","city":"南魚沼市","town":"原"}],"6756":[{"pref":"新潟県","city":"南魚沼市","town":"京岡"}],"6757":[{"pref":"新潟県","city":"南魚沼市","town":"京岡新田"}],"6761":[{"pref":"新潟県","city":"南魚沼市","town":"中川"}],"6762":[{"pref":"新潟県","city":"南魚沼市","town":"中川新田"}],"6763":[{"pref":"新潟県","city":"南魚沼市","town":"山谷"}],"6764":[{"pref":"新潟県","city":"南魚沼市","town":"宮村下新田"}],"6765":[{"pref":"新潟県","city":"南魚沼市","town":"岩崎"}],"6766":[{"pref":"新潟県","city":"南魚沼市","town":"津久野上新田"}],"6771":[{"pref":"新潟県","city":"南魚沼市","town":"津久野"}],"6772":[{"pref":"新潟県","city":"南魚沼市","town":"二日町"}],"6773":[{"pref":"新潟県","city":"南魚沼市","town":"津久野下新田"}],"6774":[{"pref":"新潟県","city":"南魚沼市","town":"深沢"}],"6775":[{"pref":"新潟県","city":"南魚沼市","town":"宮"}],"7101":[{"pref":"新潟県","city":"南魚沼市","town":"五日町"}],"7102":[{"pref":"新潟県","city":"南魚沼市","town":"奥"}],"7103":[{"pref":"新潟県","city":"南魚沼市","town":"大杉新田"}],"7104":[{"pref":"新潟県","city":"南魚沼市","town":"寺尾"}],"7111":[{"pref":"新潟県","city":"南魚沼市","town":"麓"}],"7112":[{"pref":"新潟県","city":"南魚沼市","town":"長森"}],"7113":[{"pref":"新潟県","city":"南魚沼市","town":"下原"}],"7114":[{"pref":"新潟県","city":"南魚沼市","town":"泉"}],"7115":[{"pref":"新潟県","city":"南魚沼市","town":"泉新田"}],"7116":[{"pref":"新潟県","city":"南魚沼市","town":"下原新田"}],"7117":[{"pref":"新潟県","city":"南魚沼市","town":"長森新田"}],"7121":[{"pref":"新潟県","city":"南魚沼市","town":"山口"}],"7122":[{"pref":"新潟県","city":"南魚沼市","town":"岡"}],"7123":[{"pref":"新潟県","city":"南魚沼市","town":"妙音寺"}],"7124":[{"pref":"新潟県","city":"南魚沼市","town":"上薬師堂"}],"7125":[{"pref":"新潟県","city":"南魚沼市","town":"下薬師堂"}],"7126":[{"pref":"新潟県","city":"南魚沼市","town":"上出浦"}],"7127":[{"pref":"新潟県","city":"南魚沼市","town":"下出浦"}],"7131":[{"pref":"新潟県","city":"南魚沼市","town":"野際"}],"7132":[{"pref":"新潟県","city":"南魚沼市","town":"藤原"}],"7133":[{"pref":"新潟県","city":"南魚沼市","town":"法音寺"}],"7134":[{"pref":"新潟県","city":"南魚沼市","town":"田崎"}],"7135":[{"pref":"新潟県","city":"南魚沼市","town":"新堀新田"}],"7136":[{"pref":"新潟県","city":"南魚沼市","town":"新堀"}],"7137":[{"pref":"新潟県","city":"南魚沼市","town":"上原"}],"7138":[{"pref":"新潟県","city":"南魚沼市","town":"上原新田"}],"7141":[{"pref":"新潟県","city":"南魚沼市","town":"青木新田（その他）"}],"7142":[{"pref":"新潟県","city":"南魚沼市","town":"宇津野新田（その他）"}],"7143":[{"pref":"新潟県","city":"南魚沼市","town":"北田中"}],"7144":[{"pref":"新潟県","city":"南魚沼市","town":"野田"}],"7145":[{"pref":"新潟県","city":"南魚沼市","town":"四十日"}],"7221":[{"pref":"新潟県","city":"南魚沼市","town":"湯谷"}],"7222":[{"pref":"新潟県","city":"南魚沼市","town":"芋赤"}],"7223":[{"pref":"新潟県","city":"南魚沼市","town":"門前"}],"7224":[{"pref":"新潟県","city":"南魚沼市","town":"大桑原"}],"7225":[{"pref":"新潟県","city":"南魚沼市","town":"山崎"}],"7226":[{"pref":"新潟県","city":"南魚沼市","town":"山崎新田"}],"7227":[{"pref":"新潟県","city":"南魚沼市","town":"雷土新田"}],"7228":[{"pref":"新潟県","city":"南魚沼市","town":"雷土"}],"7229":[{"pref":"新潟県","city":"南魚沼市","town":"前原町"}],"7231":[{"pref":"新潟県","city":"南魚沼市","town":"茗荷沢"}],"7232":[{"pref":"新潟県","city":"南魚沼市","town":"堂島新田"}],"7233":[{"pref":"新潟県","city":"南魚沼市","town":"桐沢"}],"7234":[{"pref":"新潟県","city":"南魚沼市","town":"荒山"}],"7235":[{"pref":"新潟県","city":"南魚沼市","town":"荒金"}],"7236":[{"pref":"新潟県","city":"南魚沼市","town":"茗荷沢新田"}],"7241":[{"pref":"新潟県","city":"南魚沼市","town":"黒土新田"}],"7242":[{"pref":"新潟県","city":"南魚沼市","town":"黒土"}],"7243":[{"pref":"新潟県","city":"南魚沼市","town":"大倉"}],"7244":[{"pref":"新潟県","city":"南魚沼市","town":"船ケ沢新田"}],"7245":[{"pref":"新潟県","city":"南魚沼市","town":"穴地"}],"7246":[{"pref":"新潟県","city":"南魚沼市","town":"穴地新田"}],"7247":[{"pref":"新潟県","city":"南魚沼市","town":"八色原"}],"7248":[{"pref":"新潟県","city":"南魚沼市","town":"国際町"}],"7251":[{"pref":"新潟県","city":"南魚沼市","town":"大崎"}],"7252":[{"pref":"新潟県","city":"南魚沼市","town":"水尾"}],"7253":[{"pref":"新潟県","city":"南魚沼市","town":"水尾新田"}],"7254":[{"pref":"新潟県","city":"南魚沼市","town":"今町新田"}],"7255":[{"pref":"新潟県","city":"南魚沼市","town":"柳古新田"}],"7256":[{"pref":"新潟県","city":"南魚沼市","town":"海士ケ島新田"}],"7301":[{"pref":"新潟県","city":"南魚沼市","town":"五箇"}],"7302":[{"pref":"新潟県","city":"南魚沼市","town":"浦佐"}],"7311":[{"pref":"新潟県","city":"南魚沼市","town":"芹田"}],"7312":[{"pref":"新潟県","city":"南魚沼市","town":"九日町"}],"7313":[{"pref":"新潟県","city":"南魚沼市","town":"今町"}],"7314":[{"pref":"新潟県","city":"南魚沼市","town":"城山新田"}],"7315":[{"pref":"新潟県","city":"南魚沼市","town":"名木沢"}],"7316":[{"pref":"新潟県","city":"南魚沼市","town":"一村尾"}],"7317":[{"pref":"新潟県","city":"南魚沼市","town":"市野江甲"}],"7318":[{"pref":"新潟県","city":"南魚沼市","town":"市野江乙（後山）"}],"7319":[{"pref":"新潟県","city":"南魚沼市","town":"市野江丙（辻又）"}],"7401":[{"pref":"新潟県","city":"魚沼市","town":"下倉"}],"7402":[{"pref":"新潟県","city":"魚沼市","town":"田戸"}],"7403":[{"pref":"新潟県","city":"魚沼市","town":"根小屋"}],"7404":[{"pref":"新潟県","city":"魚沼市","town":"竜光"}],"7405":[{"pref":"新潟県","city":"魚沼市","town":"新道島"}],"7411":[{"pref":"新潟県","city":"魚沼市","town":"大石"}],"7412":[{"pref":"新潟県","city":"魚沼市","town":"与五郎新田"}],"7413":[{"pref":"新潟県","city":"魚沼市","town":"堀之内"}],"7414":[{"pref":"新潟県","city":"魚沼市","town":"和長島"}],"7415":[{"pref":"新潟県","city":"魚沼市","town":"田川"}],"7416":[{"pref":"新潟県","city":"魚沼市","town":"下島"}],"7417":[{"pref":"新潟県","city":"魚沼市","town":"下新田"}],"7418":[{"pref":"新潟県","city":"魚沼市","town":"徳田"}],"7421":[{"pref":"新潟県","city":"魚沼市","town":"吉水"}],"7422":[{"pref":"新潟県","city":"魚沼市","town":"原"}],"7423":[{"pref":"新潟県","city":"魚沼市","town":"魚野地"}],"7424":[{"pref":"新潟県","city":"魚沼市","town":"明神"}],"7501":[{"pref":"新潟県","city":"長岡市","town":"川口峠"}],"7502":[{"pref":"新潟県","city":"長岡市","town":"川口木沢"}],"7503":[{"pref":"新潟県","city":"長岡市","town":"川口中山"}],"7504":[{"pref":"新潟県","city":"長岡市","town":"東川口"}],"7505":[{"pref":"新潟県","city":"長岡市","town":"川口牛ケ島（その他）"}],"7506":[{"pref":"新潟県","city":"長岡市","town":"川口武道窪"}],"7507":[{"pref":"新潟県","city":"長岡市","town":"川口相川"}],"7508":[{"pref":"新潟県","city":"長岡市","town":"川口荒谷"}],"7511":[{"pref":"新潟県","city":"長岡市","town":"川口和南津"}],"7512":[{"pref":"新潟県","city":"長岡市","town":"川口田麦山"}],"7513":[{"pref":"新潟県","city":"長岡市","town":"西川口"}],"8121":[{"pref":"新潟県","city":"中魚沼郡津南町","town":"上郷上田乙（３２４４～３７５０番地）"}],"8122":[{"pref":"新潟県","city":"中魚沼郡津南町","town":"上郷上田甲"}],"8123":[{"pref":"新潟県","city":"中魚沼郡津南町","town":"上郷大井平"}],"8124":[{"pref":"新潟県","city":"中魚沼郡津南町","town":"上郷子種新田"}],"8125":[{"pref":"新潟県","city":"中魚沼郡津南町","town":"上郷宮野原"}],"8126":[{"pref":"新潟県","city":"中魚沼郡津南町","town":"上郷寺石"}],"8127":[{"pref":"新潟県","city":"中魚沼郡津南町","town":"結東（その他）"}],"8200":[{"pref":"新潟県","city":"中魚沼郡津南町","town":"以下に掲載がない場合"}],"8201":[{"pref":"新潟県","city":"中魚沼郡津南町","town":"下船渡"}],"8202":[{"pref":"新潟県","city":"中魚沼郡津南町","town":"芦ケ崎（その他）"}],"8203":[{"pref":"新潟県","city":"中魚沼郡津南町","town":"赤沢"}],"8204":[{"pref":"新潟県","city":"中魚沼郡津南町","town":"谷内"}],"8205":[{"pref":"新潟県","city":"中魚沼郡津南町","town":"上郷上田乙（その他）"}],"8206":[{"pref":"新潟県","city":"中魚沼郡津南町","town":"外丸"}],"8207":[{"pref":"新潟県","city":"中魚沼郡津南町","town":"三箇"}],"8311":[{"pref":"新潟県","city":"中魚沼郡津南町","town":"中深見"}],"8312":[{"pref":"新潟県","city":"中魚沼郡津南町","town":"米原"}],"8313":[{"pref":"新潟県","city":"中魚沼郡津南町","town":"秋成"}],"8314":[{"pref":"新潟県","city":"中魚沼郡津南町","town":"芦ケ崎（石坂）"}],"8315":[{"pref":"新潟県","city":"中魚沼郡津南町","town":"穴藤"}],"8316":[{"pref":"新潟県","city":"中魚沼郡津南町","town":"結東（逆巻・前倉・結東）"}],"8317":[{"pref":"新潟県","city":"中魚沼郡津南町","town":"大赤沢"}],"8321":[{"pref":"長野県","city":"下水内郡栄村","town":"堺（１７５００～１８５６０番地）"}],"8401":[{"pref":"新潟県","city":"十日町市","town":"上山"}],"8402":[{"pref":"新潟県","city":"十日町市","town":"桂"}],"8403":[{"pref":"新潟県","city":"十日町市","town":"田沢本村"}],"8404":[{"pref":"新潟県","city":"十日町市","town":"如来寺"}],"8405":[{"pref":"新潟県","city":"十日町市","town":"芋沢"}],"8406":[{"pref":"新潟県","city":"十日町市","town":"山崎"}],"8407":[{"pref":"新潟県","city":"十日町市","town":"田中"}],"8408":[{"pref":"新潟県","city":"十日町市","town":"干溝"}],"8409":[{"pref":"新潟県","city":"十日町市","town":"小原"}],"8412":[{"pref":"新潟県","city":"十日町市","town":"倉俣"}],"8413":[{"pref":"新潟県","city":"十日町市","town":"田代"}],"8414":[{"pref":"新潟県","city":"十日町市","town":"荒屋"}],"8415":[{"pref":"新潟県","city":"十日町市","town":"通り山"}],"8416":[{"pref":"新潟県","city":"十日町市","town":"高道山"}],"8417":[{"pref":"新潟県","city":"十日町市","town":"朴木沢"}],"8418":[{"pref":"新潟県","city":"十日町市","town":"宮沢"}],"8419":[{"pref":"新潟県","city":"十日町市","town":"桔梗原"}],"8421":[{"pref":"新潟県","city":"十日町市","town":"芋川新田"}],"8422":[{"pref":"新潟県","city":"十日町市","town":"市之越"}],"8423":[{"pref":"新潟県","city":"十日町市","town":"鷹羽"}],"8424":[{"pref":"新潟県","city":"十日町市","town":"東田沢"}],"8425":[{"pref":"新潟県","city":"十日町市","town":"東田尻"}],"8426":[{"pref":"新潟県","city":"十日町市","town":"程島"}],"8427":[{"pref":"新潟県","city":"十日町市","town":"白羽毛"}],"8431":[{"pref":"新潟県","city":"十日町市","town":"土倉"}],"8432":[{"pref":"新潟県","city":"十日町市","town":"倉下"}],"8433":[{"pref":"新潟県","city":"十日町市","town":"小出"}],"8434":[{"pref":"新潟県","city":"十日町市","town":"葎沢"}],"8435":[{"pref":"新潟県","city":"十日町市","town":"角間"}],"8436":[{"pref":"新潟県","city":"十日町市","town":"西方"}],"8437":[{"pref":"新潟県","city":"十日町市","town":"西田尻"}],"8441":[{"pref":"新潟県","city":"十日町市","town":"芋川"}],"8442":[{"pref":"新潟県","city":"十日町市","town":"重地"}],"8443":[{"pref":"新潟県","city":"十日町市","town":"中里下山"}],"8444":[{"pref":"新潟県","city":"十日町市","town":"清田山"}],"8445":[{"pref":"新潟県","city":"十日町市","town":"新里"}],"8446":[{"pref":"新潟県","city":"十日町市","town":"原町"}],"8502":[{"pref":"新潟県","city":"十日町市","town":"新屋敷"}],"8503":[{"pref":"新潟県","city":"十日町市","town":"本屋敷"}],"8504":[{"pref":"新潟県","city":"十日町市","town":"堀之内"}],"8505":[{"pref":"新潟県","city":"十日町市","town":"宮中"}],"8521":[{"pref":"新潟県","city":"十日町市","town":"大黒沢"}],"8522":[{"pref":"新潟県","city":"十日町市","town":"伊達"}],"8523":[{"pref":"新潟県","city":"十日町市","town":"土市"}],"8524":[{"pref":"新潟県","city":"十日町市","town":"太田島"}],"8525":[{"pref":"新潟県","city":"十日町市","town":"幸町"}],"8526":[{"pref":"新潟県","city":"十日町市","town":"新宮"}],"8527":[{"pref":"新潟県","city":"十日町市","town":"小黒沢"}],"8531":[{"pref":"新潟県","city":"十日町市","town":"天池"}],"8532":[{"pref":"新潟県","city":"十日町市","town":"池之尻"}],"8533":[{"pref":"新潟県","city":"十日町市","town":"漆島"}],"8534":[{"pref":"新潟県","city":"十日町市","town":"細尾"}],"8541":[{"pref":"新潟県","city":"十日町市","town":"池沢"}],"8542":[{"pref":"新潟県","city":"十日町市","town":"源田"}],"8543":[{"pref":"新潟県","city":"十日町市","town":"鍬柄沢"}],"8544":[{"pref":"新潟県","city":"十日町市","town":"当間"}],"8545":[{"pref":"新潟県","city":"十日町市","town":"野中"}],"8551":[{"pref":"新潟県","city":"十日町市","town":"馬場"}],"8552":[{"pref":"新潟県","city":"十日町市","town":"中在家"}],"8554":[{"pref":"新潟県","city":"十日町市","town":"南雲"}],"8555":[{"pref":"新潟県","city":"十日町市","town":"大石"}],"8556":[{"pref":"新潟県","city":"十日町市","town":"珠川"}],"8557":[{"pref":"新潟県","city":"十日町市","town":"水沢市之沢"}],"8558":[{"pref":"新潟県","city":"十日町市","town":"水沢"}],"8561":[{"pref":"新潟県","city":"十日町市","town":"姿"}],"8562":[{"pref":"新潟県","city":"十日町市","town":"安養寺"}],"8601":[{"pref":"新潟県","city":"十日町市","town":"東下組"}],"8602":[{"pref":"新潟県","city":"十日町市","town":"上組"}],"8603":[{"pref":"新潟県","city":"十日町市","town":"下条"}],"8604":[{"pref":"新潟県","city":"十日町市","town":"下組"}],"8611":[{"pref":"新潟県","city":"十日町市","town":"中条丁"}],"8612":[{"pref":"新潟県","city":"十日町市","town":"新座乙"}],"8613":[{"pref":"新潟県","city":"十日町市","town":"中条庚"}],"8614":[{"pref":"新潟県","city":"十日町市","town":"中条丙"}],"8615":[{"pref":"新潟県","city":"十日町市","town":"中条甲"}],"8616":[{"pref":"新潟県","city":"十日町市","town":"中条乙"}],"8617":[{"pref":"新潟県","city":"十日町市","town":"中条己"}],"8618":[{"pref":"新潟県","city":"十日町市","town":"中条戊"}],"8721":[{"pref":"新潟県","city":"小千谷市","town":"塩殿"}],"8722":[{"pref":"新潟県","city":"小千谷市","town":"川井"}],"8723":[{"pref":"新潟県","city":"小千谷市","town":"川井新田"}],"8724":[{"pref":"新潟県","city":"小千谷市","town":"岩沢"}],"8725":[{"pref":"新潟県","city":"小千谷市","town":"豊久新田"}],"8726":[{"pref":"新潟県","city":"小千谷市","town":"真人町"}],"8727":[{"pref":"新潟県","city":"小千谷市","town":"池中新田"}],"8728":[{"pref":"新潟県","city":"小千谷市","town":"池ケ原"}],"8731":[{"pref":"新潟県","city":"長岡市","town":"川口牛ケ島（鷲巣）"}],"0112":[{"pref":"新潟県","city":"糸魚川市","town":"上路"}],"0534":[{"pref":"新潟県","city":"糸魚川市","town":"和泉"}],"0111":[{"pref":"新潟県","city":"糸魚川市","town":"市振"}],"0302":[{"pref":"新潟県","city":"糸魚川市","town":"今村新田"}],"0551":[{"pref":"新潟県","city":"糸魚川市","town":"上野山"}],"0553":[{"pref":"新潟県","city":"糸魚川市","town":"上横"}],"0307":[{"pref":"新潟県","city":"糸魚川市","town":"歌"}],"0532":[{"pref":"新潟県","city":"糸魚川市","town":"上野"}],"0305":[{"pref":"新潟県","city":"糸魚川市","town":"青海"}],"0545":[{"pref":"新潟県","city":"糸魚川市","town":"大久保"}],"0464":[{"pref":"新潟県","city":"糸魚川市","town":"大所"}],"0544":[{"pref":"新潟県","city":"糸魚川市","town":"梶山"}],"0552":[{"pref":"新潟県","city":"糸魚川市","town":"蒲池"}],"0541":[{"pref":"新潟県","city":"糸魚川市","town":"上沢"}],"0535":[{"pref":"新潟県","city":"糸魚川市","town":"栗山"}],"0462":[{"pref":"新潟県","city":"糸魚川市","town":"小滝"}],"0556":[{"pref":"新潟県","city":"糸魚川市","town":"杉之当"}],"0301":[{"pref":"新潟県","city":"糸魚川市","town":"須沢"}],"0533":[{"pref":"新潟県","city":"糸魚川市","town":"大工屋敷"}],"0542":[{"pref":"新潟県","city":"糸魚川市","town":"大神堂"}],"0304":[{"pref":"新潟県","city":"糸魚川市","town":"寺地"}],"0303":[{"pref":"新潟県","city":"糸魚川市","town":"田海"}],"0308":[{"pref":"新潟県","city":"糸魚川市","town":"外波"}],"0461":[{"pref":"新潟県","city":"糸魚川市","town":"西山（大前）"}],"0557":[{"pref":"新潟県","city":"糸魚川市","town":"西山（その他）"}],"0536":[{"pref":"新潟県","city":"糸魚川市","town":"根小屋"}],"0306":[{"pref":"新潟県","city":"糸魚川市","town":"橋立"}],"0531":[{"pref":"新潟県","city":"糸魚川市","town":"東中"}],"0555":[{"pref":"新潟県","city":"糸魚川市","town":"別所"}],"0554":[{"pref":"新潟県","city":"糸魚川市","town":"山口"}],"0543":[{"pref":"新潟県","city":"糸魚川市","town":"山寺"}],"0463":[{"pref":"新潟県","city":"糸魚川市","town":"山之坊"}],"0558":[{"pref":"新潟県","city":"糸魚川市","town":"余所"}]}