{"8301":[{"pref":"福島県","city":"いわき市","town":"草木台"}],"8311":[{"pref":"福島県","city":"いわき市","town":"常磐水野谷町"}],"8312":[{"pref":"福島県","city":"いわき市","town":"常磐下船尾町"}],"8313":[{"pref":"福島県","city":"いわき市","town":"常磐岩ケ岡町"}],"8314":[{"pref":"福島県","city":"いわき市","town":"常磐馬玉町"}],"8315":[{"pref":"福島県","city":"いわき市","town":"常磐長孫町"}],"8316":[{"pref":"福島県","city":"いわき市","town":"常磐西郷町"}],"8317":[{"pref":"福島県","city":"いわき市","town":"常磐下湯長谷町"}],"8318":[{"pref":"福島県","city":"いわき市","town":"常磐関船町"}],"8321":[{"pref":"福島県","city":"いわき市","town":"常磐湯本町"}],"8322":[{"pref":"福島県","city":"いわき市","town":"常磐上湯長谷町"}],"8323":[{"pref":"福島県","city":"いわき市","town":"常磐松が台"}],"8324":[{"pref":"福島県","city":"いわき市","town":"桜ケ丘"}],"8325":[{"pref":"福島県","city":"いわき市","town":"常磐白鳥町"}],"8326":[{"pref":"福島県","city":"いわき市","town":"常磐藤原町"}],"8331":[{"pref":"福島県","city":"いわき市","town":"渡辺町泉田"}],"8332":[{"pref":"福島県","city":"いわき市","town":"渡辺町昼野"}],"8333":[{"pref":"福島県","city":"いわき市","town":"渡辺町洞"}],"8334":[{"pref":"福島県","city":"いわき市","town":"渡辺町田部"}],"8335":[{"pref":"福島県","city":"いわき市","town":"渡辺町松小屋"}],"8336":[{"pref":"福島県","city":"いわき市","town":"渡辺町上釜戸"}],"8337":[{"pref":"福島県","city":"いわき市","town":"渡辺町中釜戸"}],"8338":[{"pref":"福島県","city":"いわき市","town":"中部工業団地"}],"0251":[{"pref":"福島県","city":"いわき市","town":"遠野町入遠野"}],"0253":[{"pref":"福島県","city":"いわき市","town":"遠野町大平"}],"0161":[{"pref":"福島県","city":"いわき市","town":"遠野町上遠野"}],"0252":[{"pref":"福島県","city":"いわき市","town":"遠野町上根本"}],"0162":[{"pref":"福島県","city":"いわき市","town":"遠野町滝"}],"0163":[{"pref":"福島県","city":"いわき市","town":"遠野町根岸"}],"0164":[{"pref":"福島県","city":"いわき市","town":"遠野町深山田"}]}