{"8001":[{"pref":"京都府","city":"京都市山科区","town":"安朱毘沙門堂町"}],"8002":[{"pref":"京都府","city":"京都市山科区","town":"安朱東谷"}],"8003":[{"pref":"京都府","city":"京都市山科区","town":"安朱稲荷山町"}],"8004":[{"pref":"京都府","city":"京都市山科区","town":"安朱屋敷町"}],"8005":[{"pref":"京都府","city":"京都市山科区","town":"安朱堂ノ後町"}],"8006":[{"pref":"京都府","city":"京都市山科区","town":"安朱馬場ノ東町"}],"8007":[{"pref":"京都府","city":"京都市山科区","town":"安朱馬場ノ西町"}],"8008":[{"pref":"京都府","city":"京都市山科区","town":"安朱東海道町"}],"8009":[{"pref":"京都府","city":"京都市山科区","town":"安朱北屋敷町"}],"8011":[{"pref":"京都府","city":"京都市山科区","town":"安朱南屋敷町"}],"8012":[{"pref":"京都府","city":"京都市山科区","town":"安朱桟敷町"}],"8013":[{"pref":"京都府","city":"京都市山科区","town":"安朱中小路町"}],"8014":[{"pref":"京都府","city":"京都市山科区","town":"安朱山田"}],"8015":[{"pref":"京都府","city":"京都市山科区","town":"安朱山川町"}],"8016":[{"pref":"京都府","city":"京都市山科区","town":"安朱中溝町"}],"8017":[{"pref":"京都府","city":"京都市山科区","town":"安朱川向町"}],"8018":[{"pref":"京都府","city":"京都市山科区","town":"安朱奥ノ田"}],"8021":[{"pref":"京都府","city":"京都市山科区","town":"四ノ宮行者谷"}],"8022":[{"pref":"京都府","city":"京都市山科区","town":"四ノ宮小金塚"}],"8023":[{"pref":"京都府","city":"京都市山科区","town":"四ノ宮新開畑"}],"8024":[{"pref":"京都府","city":"京都市山科区","town":"四ノ宮熊ケ谷"}],"8025":[{"pref":"京都府","city":"京都市山科区","town":"四ノ宮柳山町"}],"8026":[{"pref":"京都府","city":"京都市山科区","town":"四ノ宮山田町"}],"8027":[{"pref":"京都府","city":"京都市山科区","town":"四ノ宮川原町"}],"8028":[{"pref":"京都府","city":"京都市山科区","town":"四ノ宮岩久保町"}],"8029":[{"pref":"京都府","city":"京都市山科区","town":"四ノ宮大将軍町"}],"8031":[{"pref":"京都府","city":"京都市山科区","town":"四ノ宮鎌手町"}],"8032":[{"pref":"京都府","city":"京都市山科区","town":"四ノ宮奈良野町"}],"8033":[{"pref":"京都府","city":"京都市山科区","town":"四ノ宮芝畑町"}],"8034":[{"pref":"京都府","city":"京都市山科区","town":"四ノ宮泓"}],"8035":[{"pref":"京都府","city":"京都市山科区","town":"四ノ宮神田町"}],"8041":[{"pref":"京都府","city":"京都市山科区","town":"四ノ宮垣ノ内町"}],"8042":[{"pref":"京都府","city":"京都市山科区","town":"四ノ宮南河原町"}],"8043":[{"pref":"京都府","city":"京都市山科区","town":"四ノ宮中在寺町"}],"8044":[{"pref":"京都府","city":"京都市山科区","town":"四ノ宮泉水町"}],"8045":[{"pref":"京都府","city":"京都市山科区","town":"四ノ宮堂ノ後町"}],"8051":[{"pref":"京都府","city":"京都市山科区","town":"髭茶屋桃燈町"}],"8052":[{"pref":"京都府","city":"京都市山科区","town":"髭茶屋屋敷町"}],"8061":[{"pref":"京都府","city":"京都市山科区","town":"音羽草田町"}],"8062":[{"pref":"京都府","city":"京都市山科区","town":"音羽珍事町"}],"8063":[{"pref":"京都府","city":"京都市山科区","town":"音羽平林町"}],"8064":[{"pref":"京都府","city":"京都市山科区","town":"音羽八ノ坪"}],"8065":[{"pref":"京都府","city":"京都市山科区","town":"音羽山等地"}],"8066":[{"pref":"京都府","city":"京都市山科区","town":"音羽森廻り町"}],"8067":[{"pref":"京都府","city":"京都市山科区","town":"音羽前田町"}],"8068":[{"pref":"京都府","city":"京都市山科区","town":"音羽稲芝"}],"8069":[{"pref":"京都府","city":"京都市山科区","town":"音羽中芝町"}],"8071":[{"pref":"京都府","city":"京都市山科区","town":"音羽千本町"}],"8072":[{"pref":"京都府","city":"京都市山科区","town":"音羽伊勢宿町"}],"8073":[{"pref":"京都府","city":"京都市山科区","town":"音羽西林"}],"8074":[{"pref":"京都府","city":"京都市山科区","town":"音羽乙出町"}],"8075":[{"pref":"京都府","city":"京都市山科区","town":"音羽野田町"}],"8076":[{"pref":"京都府","city":"京都市山科区","town":"音羽役出町"}],"8077":[{"pref":"京都府","city":"京都市山科区","town":"音羽沢町"}],"8078":[{"pref":"京都府","city":"京都市山科区","town":"音羽初田町"}],"8079":[{"pref":"京都府","city":"京都市山科区","town":"音羽前出町"}],"8080":[{"pref":"京都府","city":"京都市山科区","town":"竹鼻竹ノ街道町"}],"8081":[{"pref":"京都府","city":"京都市山科区","town":"竹鼻外田町"}],"8082":[{"pref":"京都府","city":"京都市山科区","town":"竹鼻扇町"}],"8083":[{"pref":"京都府","city":"京都市山科区","town":"竹鼻木ノ本町"}],"8084":[{"pref":"京都府","city":"京都市山科区","town":"竹鼻立原町"}],"8085":[{"pref":"京都府","city":"京都市山科区","town":"竹鼻堂ノ前町"}],"8086":[{"pref":"京都府","city":"京都市山科区","town":"竹鼻四丁野町"}],"8087":[{"pref":"京都府","city":"京都市山科区","town":"竹鼻サイカシ町"}],"8088":[{"pref":"京都府","city":"京都市山科区","town":"竹鼻地蔵寺南町"}],"8089":[{"pref":"京都府","city":"京都市山科区","town":"竹鼻西ノ口町"}],"8091":[{"pref":"京都府","city":"京都市山科区","town":"八軒屋敷町"}],"8101":[{"pref":"京都府","city":"京都市山科区","town":"小山神無森町"}],"8102":[{"pref":"京都府","city":"京都市山科区","town":"小山下ノ池"}],"8103":[{"pref":"京都府","city":"京都市山科区","town":"小山一石畑"}],"8104":[{"pref":"京都府","city":"京都市山科区","town":"小山谷田町"}],"8105":[{"pref":"京都府","city":"京都市山科区","town":"小山松原畑町"}],"8106":[{"pref":"京都府","city":"京都市山科区","town":"小山御坊ノ内町"}],"8107":[{"pref":"京都府","city":"京都市山科区","town":"小山小川町"}],"8108":[{"pref":"京都府","city":"京都市山科区","town":"小山中島町"}],"8109":[{"pref":"京都府","city":"京都市山科区","town":"小山西御所町"}],"8111":[{"pref":"京都府","city":"京都市山科区","town":"小山南溝町"}],"8112":[{"pref":"京都府","city":"京都市山科区","town":"小山中ノ川町"}],"8113":[{"pref":"京都府","city":"京都市山科区","town":"小山北溝町"}],"8114":[{"pref":"京都府","city":"京都市山科区","town":"小山姫子町"}],"8115":[{"pref":"京都府","city":"京都市山科区","town":"小山北林町"}],"8116":[{"pref":"京都府","city":"京都市山科区","town":"小山鎮守町"}],"8121":[{"pref":"京都府","city":"京都市山科区","town":"大塚向畑町"}],"8122":[{"pref":"京都府","city":"京都市山科区","town":"大塚高岩"}],"8123":[{"pref":"京都府","city":"京都市山科区","town":"大塚大岩"}],"8124":[{"pref":"京都府","city":"京都市山科区","town":"大塚檀ノ浦"}],"8125":[{"pref":"京都府","city":"京都市山科区","town":"大塚西浦町"}],"8126":[{"pref":"京都府","city":"京都市山科区","town":"大塚元屋敷町"}],"8131":[{"pref":"京都府","city":"京都市山科区","town":"大塚南溝町"}],"8132":[{"pref":"京都府","city":"京都市山科区","town":"大塚森町"}],"8133":[{"pref":"京都府","city":"京都市山科区","town":"大塚中溝"}],"8134":[{"pref":"京都府","city":"京都市山科区","town":"大塚北溝町"}],"8135":[{"pref":"京都府","city":"京都市山科区","town":"大塚野溝町"}],"8136":[{"pref":"京都府","city":"京都市山科区","town":"大塚丹田"}],"8141":[{"pref":"京都府","city":"京都市山科区","town":"東野北井ノ上町"}],"8142":[{"pref":"京都府","city":"京都市山科区","town":"東野中井ノ上町"}],"8143":[{"pref":"京都府","city":"京都市山科区","town":"東野南井ノ上町"}],"8144":[{"pref":"京都府","city":"京都市山科区","town":"東野井ノ上町"}],"8145":[{"pref":"京都府","city":"京都市山科区","town":"東野八反畑町"}],"8146":[{"pref":"京都府","city":"京都市山科区","town":"東野舞台町"}],"8147":[{"pref":"京都府","city":"京都市山科区","town":"東野森野町"}],"8151":[{"pref":"京都府","city":"京都市山科区","town":"東野竹田"}],"8152":[{"pref":"京都府","city":"京都市山科区","town":"東野八代"}],"8153":[{"pref":"京都府","city":"京都市山科区","town":"東野百拍子町"}],"8154":[{"pref":"京都府","city":"京都市山科区","town":"東野門口町"}],"8155":[{"pref":"京都府","city":"京都市山科区","town":"東野狐藪町"}],"8156":[{"pref":"京都府","city":"京都市山科区","town":"東野片下リ町"}],"8160":[{"pref":"京都府","city":"京都市山科区","town":"椥辻東浦町"}],"8161":[{"pref":"京都府","city":"京都市山科区","town":"椥辻中在家町"}],"8162":[{"pref":"京都府","city":"京都市山科区","town":"椥辻草海道町"}],"8163":[{"pref":"京都府","city":"京都市山科区","town":"椥辻東潰"}],"8164":[{"pref":"京都府","city":"京都市山科区","town":"椥辻西潰"}],"8165":[{"pref":"京都府","city":"京都市山科区","town":"椥辻平田町"}],"8166":[{"pref":"京都府","city":"京都市山科区","town":"椥辻番所ケ口町"}],"8167":[{"pref":"京都府","city":"京都市山科区","town":"椥辻封シ川町"}],"8168":[{"pref":"京都府","city":"京都市山科区","town":"椥辻池尻町"}],"8169":[{"pref":"京都府","city":"京都市山科区","town":"椥辻西浦町"}],"8170":[{"pref":"京都府","city":"京都市山科区","town":"大宅向山"}],"8171":[{"pref":"京都府","city":"京都市山科区","town":"大宅御所山"}],"8172":[{"pref":"京都府","city":"京都市山科区","town":"大宅岩屋殿"}],"8173":[{"pref":"京都府","city":"京都市山科区","town":"大宅奥山田"}],"8174":[{"pref":"京都府","city":"京都市山科区","town":"大宅鳥井脇町"}],"8175":[{"pref":"京都府","city":"京都市山科区","town":"大宅山田"}],"8176":[{"pref":"京都府","city":"京都市山科区","town":"大宅中小路町"}],"8177":[{"pref":"京都府","city":"京都市山科区","town":"大宅古海道町"}],"8178":[{"pref":"京都府","city":"京都市山科区","town":"大宅五反畑町"}],"8179":[{"pref":"京都府","city":"京都市山科区","town":"大宅御所田町"}],"8181":[{"pref":"京都府","city":"京都市山科区","town":"大宅打明町"}],"8182":[{"pref":"京都府","city":"京都市山科区","town":"大宅坂ノ辻町"}],"8183":[{"pref":"京都府","city":"京都市山科区","town":"大宅辻脇町"}],"8184":[{"pref":"京都府","city":"京都市山科区","town":"大宅甲ノ辻町"}],"8185":[{"pref":"京都府","city":"京都市山科区","town":"大宅神納町"}],"8186":[{"pref":"京都府","city":"京都市山科区","town":"大宅早稲ノ内町"}],"8187":[{"pref":"京都府","city":"京都市山科区","town":"大宅石郡町"}],"8188":[{"pref":"京都府","city":"京都市山科区","town":"大宅関生町"}],"8189":[{"pref":"京都府","city":"京都市山科区","town":"大宅細田町"}],"8191":[{"pref":"京都府","city":"京都市山科区","town":"大宅烏田町"}],"8192":[{"pref":"京都府","city":"京都市山科区","town":"大宅御供田町"}],"8193":[{"pref":"京都府","city":"京都市山科区","town":"大宅沢町"}],"8194":[{"pref":"京都府","city":"京都市山科区","town":"大宅桟敷"}],"8201":[{"pref":"京都府","city":"京都市山科区","town":"栗栖野狐塚"}],"8202":[{"pref":"京都府","city":"京都市山科区","town":"栗栖野中臣町"}],"8203":[{"pref":"京都府","city":"京都市山科区","town":"栗栖野打越町"}],"8204":[{"pref":"京都府","city":"京都市山科区","town":"栗栖野華ノ木町"}],"8211":[{"pref":"京都府","city":"京都市山科区","town":"勧修寺東栗栖野町"}],"8212":[{"pref":"京都府","city":"京都市山科区","town":"勧修寺西栗栖野町"}],"8213":[{"pref":"京都府","city":"京都市山科区","town":"勧修寺東金ケ崎町"}],"8214":[{"pref":"京都府","city":"京都市山科区","town":"勧修寺平田町"}],"8215":[{"pref":"京都府","city":"京都市山科区","town":"勧修寺縄手町"}],"8216":[{"pref":"京都府","city":"京都市山科区","town":"勧修寺東出町"}],"8217":[{"pref":"京都府","city":"京都市山科区","town":"勧修寺閑林寺"}],"8218":[{"pref":"京都府","city":"京都市山科区","town":"勧修寺御所内町"}],"8219":[{"pref":"京都府","city":"京都市山科区","town":"勧修寺風呂尻町"}],"8221":[{"pref":"京都府","city":"京都市山科区","town":"勧修寺西金ケ崎"}],"8222":[{"pref":"京都府","city":"京都市山科区","town":"勧修寺東堂田町"}],"8223":[{"pref":"京都府","city":"京都市山科区","town":"勧修寺瀬戸河原町"}],"8224":[{"pref":"京都府","city":"京都市山科区","town":"勧修寺東北出町"}],"8225":[{"pref":"京都府","city":"京都市山科区","town":"勧修寺西北出町"}],"8226":[{"pref":"京都府","city":"京都市山科区","town":"勧修寺仁王堂町"}],"8227":[{"pref":"京都府","city":"京都市山科区","town":"勧修寺下ノ茶屋町"}],"8228":[{"pref":"京都府","city":"京都市山科区","town":"勧修寺本堂山町"}],"8229":[{"pref":"京都府","city":"京都市山科区","town":"勧修寺泉玉町"}],"8231":[{"pref":"京都府","city":"京都市山科区","town":"勧修寺堂田"}],"8232":[{"pref":"京都府","city":"京都市山科区","town":"勧修寺福岡町"}],"8233":[{"pref":"京都府","city":"京都市山科区","town":"勧修寺南谷町"}],"8234":[{"pref":"京都府","city":"京都市山科区","town":"勧修寺南大日町"}],"8235":[{"pref":"京都府","city":"京都市山科区","town":"勧修寺南大日"}],"8236":[{"pref":"京都府","city":"京都市山科区","town":"勧修寺小松原町"}],"8237":[{"pref":"京都府","city":"京都市山科区","town":"勧修寺北大日町"}],"8238":[{"pref":"京都府","city":"京都市山科区","town":"勧修寺北大日"}],"8239":[{"pref":"京都府","city":"京都市山科区","town":"勧修寺丸山町"}],"8241":[{"pref":"京都府","city":"京都市山科区","town":"勧修寺冷尻"}],"8242":[{"pref":"京都府","city":"京都市山科区","town":"勧修寺柴山"}],"8251":[{"pref":"京都府","city":"京都市山科区","town":"小野蚊ケ瀬町"}],"8252":[{"pref":"京都府","city":"京都市山科区","town":"小野河原町"}],"8253":[{"pref":"京都府","city":"京都市山科区","town":"小野弓田町"}],"8254":[{"pref":"京都府","city":"京都市山科区","town":"小野高芝町"}],"8255":[{"pref":"京都府","city":"京都市山科区","town":"小野御所ノ内町"}],"8256":[{"pref":"京都府","city":"京都市山科区","town":"小野荘司町"}],"8257":[{"pref":"京都府","city":"京都市山科区","town":"小野御霊町"}],"8258":[{"pref":"京都府","city":"京都市山科区","town":"小野西浦"}],"8259":[{"pref":"京都府","city":"京都市山科区","town":"小野葛篭尻町"}],"8261":[{"pref":"京都府","city":"京都市山科区","town":"小野鐘付田町"}],"8301":[{"pref":"京都府","city":"京都市山科区","town":"西野山百々町"}],"8302":[{"pref":"京都府","city":"京都市山科区","town":"西野山欠ノ上町"}],"8303":[{"pref":"京都府","city":"京都市山科区","town":"西野山中畑町"}],"8304":[{"pref":"京都府","city":"京都市山科区","town":"西野山南畑町"}],"8305":[{"pref":"京都府","city":"京都市山科区","town":"西野山中臣町"}],"8306":[{"pref":"京都府","city":"京都市山科区","town":"西野山中鳥井町"}],"8307":[{"pref":"京都府","city":"京都市山科区","town":"西野山射庭ノ上町"}],"8308":[{"pref":"京都府","city":"京都市山科区","town":"西野山桜ノ馬場町"}],"8309":[{"pref":"京都府","city":"京都市山科区","town":"西野山岩ケ谷町"}],"8311":[{"pref":"京都府","city":"京都市山科区","town":"西野山山田"}],"8321":[{"pref":"京都府","city":"京都市山科区","town":"川田岩ケ谷"}],"8322":[{"pref":"京都府","city":"京都市山科区","town":"川田清水焼団地町"}],"8323":[{"pref":"京都府","city":"京都市山科区","town":"川田岡ノ西"}],"8324":[{"pref":"京都府","city":"京都市山科区","town":"川田百々"}],"8325":[{"pref":"京都府","city":"京都市山科区","town":"川田土仏"}],"8326":[{"pref":"京都府","city":"京都市山科区","town":"川田御出町"}],"8327":[{"pref":"京都府","city":"京都市山科区","town":"川田山田"}],"8328":[{"pref":"京都府","city":"京都市山科区","town":"川田南山"}],"8329":[{"pref":"京都府","city":"京都市山科区","town":"川田梅ケ谷町"}],"8331":[{"pref":"京都府","city":"京都市山科区","town":"川田御輿塚町"}],"8332":[{"pref":"京都府","city":"京都市山科区","town":"川田西浦町"}],"8333":[{"pref":"京都府","city":"京都市山科区","town":"川田前畑町"}],"8334":[{"pref":"京都府","city":"京都市山科区","town":"川田欠ノ上"}],"8335":[{"pref":"京都府","city":"京都市山科区","town":"川田南畑町"}],"8336":[{"pref":"京都府","city":"京都市山科区","town":"川田中畑町"}],"8337":[{"pref":"京都府","city":"京都市山科区","town":"川田菱尾田"}],"8341":[{"pref":"京都府","city":"京都市山科区","town":"西野今屋敷町"}],"8342":[{"pref":"京都府","city":"京都市山科区","town":"西野様子見町"}],"8343":[{"pref":"京都府","city":"京都市山科区","town":"西野阿芸沢町"}],"8344":[{"pref":"京都府","city":"京都市山科区","town":"西野大手先町"}],"8345":[{"pref":"京都府","city":"京都市山科区","town":"西野離宮町"}],"8346":[{"pref":"京都府","city":"京都市山科区","town":"西野山階町"}],"8347":[{"pref":"京都府","city":"京都市山科区","town":"西野左義長町"}],"8348":[{"pref":"京都府","city":"京都市山科区","town":"西野広見町"}],"8351":[{"pref":"京都府","city":"京都市山科区","town":"西野八幡田町"}],"8352":[{"pref":"京都府","city":"京都市山科区","town":"西野岸ノ下町"}],"8353":[{"pref":"京都府","city":"京都市山科区","town":"西野野色町"}],"8354":[{"pref":"京都府","city":"京都市山科区","town":"西野小柳町"}],"8355":[{"pref":"京都府","city":"京都市山科区","town":"西野大鳥井町"}],"8356":[{"pref":"京都府","city":"京都市山科区","town":"西野後藤"}],"8357":[{"pref":"京都府","city":"京都市山科区","town":"西野櫃川町"}],"8358":[{"pref":"京都府","city":"京都市山科区","town":"西野楳本町"}],"8401":[{"pref":"京都府","city":"京都市山科区","town":"御陵沢ノ川町"}],"8402":[{"pref":"京都府","city":"京都市山科区","town":"御陵黒岩"}],"8403":[{"pref":"京都府","city":"京都市山科区","town":"御陵大岩"}],"8404":[{"pref":"京都府","city":"京都市山科区","town":"御陵大谷町"}],"8405":[{"pref":"京都府","city":"京都市山科区","town":"御陵田山町"}],"8406":[{"pref":"京都府","city":"京都市山科区","town":"御陵平林町"}],"8407":[{"pref":"京都府","city":"京都市山科区","town":"御陵安祥寺町"}],"8408":[{"pref":"京都府","city":"京都市山科区","town":"御陵鳥ノ向町"}],"8409":[{"pref":"京都府","city":"京都市山科区","town":"御陵天徳町"}],"8411":[{"pref":"京都府","city":"京都市山科区","town":"御陵大津畑町"}],"8412":[{"pref":"京都府","city":"京都市山科区","town":"御陵四丁野町"}],"8413":[{"pref":"京都府","city":"京都市山科区","town":"御陵三蔵町"}],"8414":[{"pref":"京都府","city":"京都市山科区","town":"御陵中内町"}],"8415":[{"pref":"京都府","city":"京都市山科区","town":"御陵中筋町"}],"8416":[{"pref":"京都府","city":"京都市山科区","town":"御陵進藤町"}],"8417":[{"pref":"京都府","city":"京都市山科区","town":"御陵別所町"}],"8418":[{"pref":"京都府","city":"京都市山科区","town":"御陵牛尾町"}],"8419":[{"pref":"京都府","city":"京都市山科区","town":"御陵檀ノ後"}],"8421":[{"pref":"京都府","city":"京都市山科区","town":"御陵岡ノ西町"}],"8422":[{"pref":"京都府","city":"京都市山科区","town":"御陵封ジ山町"}],"8423":[{"pref":"京都府","city":"京都市山科区","town":"御陵山ノ谷"}],"8424":[{"pref":"京都府","city":"京都市山科区","town":"御陵原西町"}],"8425":[{"pref":"京都府","city":"京都市山科区","town":"御陵上御廟野町"}],"8426":[{"pref":"京都府","city":"京都市山科区","town":"御陵下御廟野町"}],"8427":[{"pref":"京都府","city":"京都市山科区","town":"御陵久保町"}],"8428":[{"pref":"京都府","city":"京都市山科区","town":"御陵血洗町"}],"8429":[{"pref":"京都府","city":"京都市山科区","town":"御陵荒巻町"}],"8431":[{"pref":"京都府","city":"京都市山科区","town":"御陵岡町"}],"8432":[{"pref":"京都府","city":"京都市山科区","town":"御陵鴨戸町"}],"8433":[{"pref":"京都府","city":"京都市山科区","town":"御陵池堤町"}],"8441":[{"pref":"京都府","city":"京都市山科区","town":"上野御所ノ内町"}],"8442":[{"pref":"京都府","city":"京都市山科区","town":"上野山田"}],"8443":[{"pref":"京都府","city":"京都市山科区","town":"上野寺井町"}],"8451":[{"pref":"京都府","city":"京都市山科区","town":"厨子奥若林町"}],"8452":[{"pref":"京都府","city":"京都市山科区","town":"厨子奥矢倉町"}],"8453":[{"pref":"京都府","city":"京都市山科区","town":"厨子奥尾上町"}],"8454":[{"pref":"京都府","city":"京都市山科区","town":"厨子奥苗代元町"}],"8455":[{"pref":"京都府","city":"京都市山科区","town":"厨子奥長通"}],"8456":[{"pref":"京都府","city":"京都市山科区","town":"厨子奥花鳥町"}],"8461":[{"pref":"京都府","city":"京都市山科区","town":"上花山旭山町"}],"8462":[{"pref":"京都府","city":"京都市山科区","town":"上花山花ノ岡町"}],"8463":[{"pref":"京都府","city":"京都市山科区","town":"上花山講田町"}],"8464":[{"pref":"京都府","city":"京都市山科区","town":"上花山久保町"}],"8465":[{"pref":"京都府","city":"京都市山科区","town":"上花山坂尻"}],"8466":[{"pref":"京都府","city":"京都市山科区","town":"上花山桜谷"}],"8471":[{"pref":"京都府","city":"京都市山科区","town":"北花山大峰町"}],"8472":[{"pref":"京都府","city":"京都市山科区","town":"北花山山田町"}],"8473":[{"pref":"京都府","city":"京都市山科区","town":"北花山六反田町"}],"8474":[{"pref":"京都府","city":"京都市山科区","town":"北花山寺内町"}],"8475":[{"pref":"京都府","city":"京都市山科区","town":"北花山横田町"}],"8476":[{"pref":"京都府","city":"京都市山科区","town":"北花山河原町"}],"8481":[{"pref":"京都府","city":"京都市山科区","town":"北花山中道町"}],"8482":[{"pref":"京都府","city":"京都市山科区","town":"北花山大林町"}],"8483":[{"pref":"京都府","city":"京都市山科区","town":"北花山市田町"}],"8484":[{"pref":"京都府","city":"京都市山科区","town":"北花山西ノ野町"}],"8485":[{"pref":"京都府","city":"京都市山科区","town":"北花山上稚児ケ池"}],"8491":[{"pref":"京都府","city":"京都市山科区","town":"日ノ岡一切経谷町"}],"8492":[{"pref":"京都府","city":"京都市山科区","town":"日ノ岡夷谷町"}],"8493":[{"pref":"京都府","city":"京都市山科区","town":"日ノ岡朝田町"}],"8494":[{"pref":"京都府","city":"京都市山科区","town":"日ノ岡堤谷町"}],"8495":[{"pref":"京都府","city":"京都市山科区","town":"日ノ岡鴨土町"}],"8496":[{"pref":"京都府","city":"京都市山科区","town":"日ノ岡坂脇町"}],"8497":[{"pref":"京都府","city":"京都市山科区","town":"日ノ岡ホッパラ町"}],"8498":[{"pref":"京都府","city":"京都市山科区","town":"日ノ岡石塚町"}],"0000":[{"pref":"京都府","city":"京都市山科区","town":"以下に掲載がない場合"}]}