{"0000":[{"pref":"香川県","city":"高松市","town":"以下に掲載がない場合"}],"0002":[{"pref":"香川県","city":"高松市","town":"茜町"}],"0064":[{"pref":"香川県","city":"高松市","town":"朝日新町"}],"0065":[{"pref":"香川県","city":"高松市","town":"朝日町"}],"0038":[{"pref":"香川県","city":"高松市","town":"井口町"}],"0078":[{"pref":"香川県","city":"高松市","town":"今里町"}],"0043":[{"pref":"香川県","city":"高松市","town":"今新町"}],"0034":[{"pref":"香川県","city":"高松市","town":"内町"}],"0013":[{"pref":"香川県","city":"高松市","town":"扇町"}],"0091":[{"pref":"香川県","city":"高松市","town":"男木町"}],"0028":[{"pref":"香川県","city":"高松市","town":"鍛冶屋町"}],"0040":[{"pref":"香川県","city":"高松市","town":"片原町"}],"0077":[{"pref":"香川県","city":"高松市","town":"上福岡町"}],"0050":[{"pref":"香川県","city":"高松市","town":"亀井町"}],"0006":[{"pref":"香川県","city":"高松市","town":"亀岡町"}],"0052":[{"pref":"香川県","city":"高松市","town":"瓦町"}],"0076":[{"pref":"香川県","city":"高松市","town":"観光町"}],"0055":[{"pref":"香川県","city":"高松市","town":"観光通"}],"0080":[{"pref":"香川県","city":"高松市","town":"木太町"}],"0031":[{"pref":"香川県","city":"高松市","town":"北浜町"}],"0075":[{"pref":"香川県","city":"高松市","town":"楠上町"}],"0023":[{"pref":"香川県","city":"高松市","town":"寿町"}],"0044":[{"pref":"香川県","city":"高松市","town":"御坊町"}],"0027":[{"pref":"香川県","city":"高松市","town":"紺屋町"}],"0004":[{"pref":"香川県","city":"高松市","town":"西宝町"}],"0016":[{"pref":"香川県","city":"高松市","town":"幸町"}],"0074":[{"pref":"香川県","city":"高松市","town":"桜町"}],"0019":[{"pref":"香川県","city":"高松市","town":"サンポート"}],"0015":[{"pref":"香川県","city":"高松市","town":"紫雲町"}],"0062":[{"pref":"香川県","city":"高松市","town":"塩上町"}],"0047":[{"pref":"香川県","city":"高松市","town":"塩屋町"}],"0036":[{"pref":"香川県","city":"高松市","town":"城東町"}],"0014":[{"pref":"香川県","city":"高松市","town":"昭和町"}],"0001":[{"pref":"香川県","city":"高松市","town":"新北町"}],"0060":[{"pref":"香川県","city":"高松市","town":"末広町"}],"0012":[{"pref":"香川県","city":"高松市","town":"瀬戸内町"}],"0063":[{"pref":"香川県","city":"高松市","town":"多賀町"}],"0053":[{"pref":"香川県","city":"高松市","town":"田町"}],"0030":[{"pref":"香川県","city":"高松市","town":"玉藻町"}],"0042":[{"pref":"香川県","city":"高松市","town":"大工町"}],"0007":[{"pref":"香川県","city":"高松市","town":"中央町"}],"0061":[{"pref":"香川県","city":"高松市","town":"築地町"}],"0093":[{"pref":"香川県","city":"高松市","town":"鶴市町（台山）"}],"0035":[{"pref":"香川県","city":"高松市","town":"鶴屋町"}],"0018":[{"pref":"香川県","city":"高松市","town":"天神前"}],"0046":[{"pref":"香川県","city":"高松市","town":"通町"}],"0054":[{"pref":"香川県","city":"高松市","town":"常磐町"}],"0026":[{"pref":"香川県","city":"高松市","town":"磨屋町"}],"0056":[{"pref":"香川県","city":"高松市","town":"中新町"}],"0008":[{"pref":"香川県","city":"高松市","town":"中野町"}],"0022":[{"pref":"香川県","city":"高松市","town":"西内町"}],"0020":[{"pref":"香川県","city":"高松市","town":"錦町"}],"0021":[{"pref":"香川県","city":"高松市","town":"西の丸町"}],"0003":[{"pref":"香川県","city":"高松市","town":"西町"}],"0057":[{"pref":"香川県","city":"高松市","town":"旅籠町"}],"0072":[{"pref":"香川県","city":"高松市","town":"花園町"}],"0011":[{"pref":"香川県","city":"高松市","town":"浜ノ町"}],"0017":[{"pref":"香川県","city":"高松市","town":"番町"}],"0058":[{"pref":"香川県","city":"高松市","town":"東田町"}],"0037":[{"pref":"香川県","city":"高松市","town":"東浜町"}],"0041":[{"pref":"香川県","city":"高松市","town":"百間町"}],"0024":[{"pref":"香川県","city":"高松市","town":"兵庫町"}],"0066":[{"pref":"香川県","city":"高松市","town":"福岡町"}],"0048":[{"pref":"香川県","city":"高松市","town":"福田町"}],"0071":[{"pref":"香川県","city":"高松市","town":"藤塚町"}],"0025":[{"pref":"香川県","city":"高松市","town":"古新町"}],"0045":[{"pref":"香川県","city":"高松市","town":"古馬場町"}],"0032":[{"pref":"香川県","city":"高松市","town":"本町"}],"0068":[{"pref":"香川県","city":"高松市","town":"松島町"}],"0079":[{"pref":"香川県","city":"高松市","town":"松縄町"}],"0067":[{"pref":"香川県","city":"高松市","town":"松福町"}],"0029":[{"pref":"香川県","city":"高松市","town":"丸亀町"}],"0033":[{"pref":"香川県","city":"高松市","town":"丸の内"}],"0051":[{"pref":"香川県","city":"高松市","town":"南新町"}],"0009":[{"pref":"香川県","city":"高松市","town":"峰山町"}],"0005":[{"pref":"香川県","city":"高松市","town":"宮脇町"}],"0092":[{"pref":"香川県","city":"高松市","town":"女木町"}],"0049":[{"pref":"香川県","city":"高松市","town":"八坂町"}],"0073":[{"pref":"香川県","city":"高松市","town":"栗林町"}]}