{"0000":[{"pref":"和歌山県","city":"海南市","town":"以下に掲載がない場合"}],"0015":[{"pref":"和歌山県","city":"海南市","town":"且来"}],"0021":[{"pref":"和歌山県","city":"海南市","town":"井田"}],"0013":[{"pref":"和歌山県","city":"海南市","town":"多田"}],"0022":[{"pref":"和歌山県","city":"海南市","town":"大野中"}],"0012":[{"pref":"和歌山県","city":"海南市","town":"岡田"}],"0014":[{"pref":"和歌山県","city":"海南市","town":"小野田"}],"0016":[{"pref":"和歌山県","city":"海南市","town":"北赤坂"}],"0027":[{"pref":"和歌山県","city":"海南市","town":"扱沢"}],"0011":[{"pref":"和歌山県","city":"海南市","town":"黒江"}],"0024":[{"pref":"和歌山県","city":"海南市","town":"阪井"}],"0023":[{"pref":"和歌山県","city":"海南市","town":"重根"}],"0019":[{"pref":"和歌山県","city":"海南市","town":"重根西"}],"0018":[{"pref":"和歌山県","city":"海南市","town":"重根東"}],"0035":[{"pref":"和歌山県","city":"海南市","town":"冷水"}],"0031":[{"pref":"和歌山県","city":"海南市","town":"築地"}],"0033":[{"pref":"和歌山県","city":"海南市","town":"鳥居"}],"0032":[{"pref":"和歌山県","city":"海南市","town":"名高"}],"0028":[{"pref":"和歌山県","city":"海南市","town":"幡川"}],"0004":[{"pref":"和歌山県","city":"海南市","town":"馬場町"}],"0002":[{"pref":"和歌山県","city":"海南市","town":"日方"}],"0025":[{"pref":"和歌山県","city":"海南市","town":"東畑"}],"0034":[{"pref":"和歌山県","city":"海南市","town":"藤白"}],"0001":[{"pref":"和歌山県","city":"海南市","town":"船尾"}],"0026":[{"pref":"和歌山県","city":"海南市","town":"別所"}],"0017":[{"pref":"和歌山県","city":"海南市","town":"南赤坂"}],"0003":[{"pref":"和歌山県","city":"海南市","town":"山崎町"}],"0029":[{"pref":"和歌山県","city":"海南市","town":"山田"}]}