{"0845":[{"pref":"神奈川県","city":"横須賀市","town":"粟田"}],"0806":[{"pref":"神奈川県","city":"横須賀市","town":"池田町"}],"0844":[{"pref":"神奈川県","city":"横須賀市","town":"岩戸"}],"0836":[{"pref":"神奈川県","city":"横須賀市","town":"内川"}],"0837":[{"pref":"神奈川県","city":"横須賀市","town":"内川新田"}],"0822":[{"pref":"神奈川県","city":"横須賀市","town":"浦賀"}],"0823":[{"pref":"神奈川県","city":"横須賀市","town":"浦賀丘"}],"0815":[{"pref":"神奈川県","city":"横須賀市","town":"浦上台"}],"0808":[{"pref":"神奈川県","city":"横須賀市","town":"大津町"}],"0812":[{"pref":"神奈川県","city":"横須賀市","town":"小原台"}],"0813":[{"pref":"神奈川県","city":"横須賀市","town":"鴨居"}],"0828":[{"pref":"神奈川県","city":"横須賀市","town":"久比里"}],"0834":[{"pref":"神奈川県","city":"横須賀市","town":"久村"}],"0831":[{"pref":"神奈川県","city":"横須賀市","town":"久里浜"}],"0827":[{"pref":"神奈川県","city":"横須賀市","town":"久里浜台"}],"0846":[{"pref":"神奈川県","city":"横須賀市","town":"グリーンハイツ"}],"0820":[{"pref":"神奈川県","city":"横須賀市","town":"光風台"}],"0803":[{"pref":"神奈川県","city":"横須賀市","town":"桜が丘"}],"0835":[{"pref":"神奈川県","city":"横須賀市","town":"佐原"}],"0832":[{"pref":"神奈川県","city":"横須賀市","town":"神明町"}],"0843":[{"pref":"神奈川県","city":"横須賀市","town":"津久井"}],"0842":[{"pref":"神奈川県","city":"横須賀市","town":"長沢"}],"0826":[{"pref":"神奈川県","city":"横須賀市","town":"長瀬"}],"0824":[{"pref":"神奈川県","city":"横須賀市","town":"西浦賀"}],"0807":[{"pref":"神奈川県","city":"横須賀市","town":"根岸町"}],"0841":[{"pref":"神奈川県","city":"横須賀市","town":"野比"}],"0833":[{"pref":"神奈川県","city":"横須賀市","town":"ハイランド"}],"0811":[{"pref":"神奈川県","city":"横須賀市","town":"走水"}],"0821":[{"pref":"神奈川県","city":"横須賀市","town":"東浦賀"}],"0847":[{"pref":"神奈川県","city":"横須賀市","town":"光の丘"}],"0814":[{"pref":"神奈川県","city":"横須賀市","town":"二葉"}],"0805":[{"pref":"神奈川県","city":"横須賀市","town":"舟倉"}],"0801":[{"pref":"神奈川県","city":"横須賀市","town":"馬堀海岸"}],"0802":[{"pref":"神奈川県","city":"横須賀市","town":"馬堀町"}],"0825":[{"pref":"神奈川県","city":"横須賀市","town":"南浦賀"}],"0804":[{"pref":"神奈川県","city":"横須賀市","town":"吉井"}],"0829":[{"pref":"神奈川県","city":"横須賀市","town":"若宮台"}]}