{"0000":[{"pref":"千葉県","city":"いすみ市","town":"以下に掲載がない場合"}],"0126":[{"pref":"千葉県","city":"いすみ市","town":"今関"}],"0011":[{"pref":"千葉県","city":"いすみ市","town":"岩船"}],"0013":[{"pref":"千葉県","city":"いすみ市","town":"小池"}],"0113":[{"pref":"千葉県","city":"いすみ市","town":"大野"}],"0004":[{"pref":"千葉県","city":"いすみ市","town":"大原"}],"0014":[{"pref":"千葉県","city":"いすみ市","town":"大原台"}],"0006":[{"pref":"千葉県","city":"いすみ市","town":"大原最上台"}],"0029":[{"pref":"千葉県","city":"いすみ市","town":"大和田"}],"0131":[{"pref":"千葉県","city":"いすみ市","town":"荻原"}],"0012":[{"pref":"千葉県","city":"いすみ市","town":"小沢"}],"0102":[{"pref":"千葉県","city":"いすみ市","town":"小高"}],"0115":[{"pref":"千葉県","city":"いすみ市","town":"柿和田"}],"0103":[{"pref":"千葉県","city":"いすみ市","town":"神置"}],"0018":[{"pref":"千葉県","city":"いすみ市","town":"上布施"}],"0123":[{"pref":"千葉県","city":"いすみ市","town":"苅谷"}],"0112":[{"pref":"千葉県","city":"いすみ市","town":"国府台"}],"0101":[{"pref":"千葉県","city":"いすみ市","town":"小又井"}],"0135":[{"pref":"千葉県","city":"いすみ市","town":"作田"}],"0114":[{"pref":"千葉県","city":"いすみ市","town":"札森"}],"0022":[{"pref":"千葉県","city":"いすみ市","town":"佐室"}],"0023":[{"pref":"千葉県","city":"いすみ市","town":"沢部"}],"0121":[{"pref":"千葉県","city":"いすみ市","town":"島"}],"0027":[{"pref":"千葉県","city":"いすみ市","town":"下原"}],"0017":[{"pref":"千葉県","city":"いすみ市","town":"下布施"}],"0015":[{"pref":"千葉県","city":"いすみ市","town":"釈迦谷"}],"0116":[{"pref":"千葉県","city":"いすみ市","town":"正立寺"}],"0106":[{"pref":"千葉県","city":"いすみ市","town":"須賀谷"}],"0021":[{"pref":"千葉県","city":"いすみ市","town":"高谷"}],"0024":[{"pref":"千葉県","city":"いすみ市","town":"長志"}],"0134":[{"pref":"千葉県","city":"いすみ市","town":"行川"}],"0005":[{"pref":"千葉県","city":"いすみ市","town":"新田"}],"0026":[{"pref":"千葉県","city":"いすみ市","town":"新田野"}],"0016":[{"pref":"千葉県","city":"いすみ市","town":"新田若山深堀入会地"}],"0105":[{"pref":"千葉県","city":"いすみ市","town":"能実"}],"0002":[{"pref":"千葉県","city":"いすみ市","town":"日在"}],"0133":[{"pref":"千葉県","city":"いすみ市","town":"引田"}],"0003":[{"pref":"千葉県","city":"いすみ市","town":"深堀"}],"0125":[{"pref":"千葉県","city":"いすみ市","town":"深谷"}],"0028":[{"pref":"千葉県","city":"いすみ市","town":"細尾"}],"0117":[{"pref":"千葉県","city":"いすみ市","town":"増田"}],"0104":[{"pref":"千葉県","city":"いすみ市","town":"松丸"}],"0111":[{"pref":"千葉県","city":"いすみ市","town":"万木"}],"0132":[{"pref":"千葉県","city":"いすみ市","town":"八乙女"}],"0124":[{"pref":"千葉県","city":"いすみ市","town":"弥正"}],"0025":[{"pref":"千葉県","city":"いすみ市","town":"山田"}],"0122":[{"pref":"千葉県","city":"いすみ市","town":"楽町"}],"0001":[{"pref":"千葉県","city":"いすみ市","town":"若山"}],"0200":[{"pref":"千葉県","city":"夷隅郡大多喜町","town":"以下に掲載がない場合"}],"0277":[{"pref":"千葉県","city":"夷隅郡大多喜町","town":"粟又"}],"0256":[{"pref":"千葉県","city":"夷隅郡大多喜町","town":"石神"}],"0261":[{"pref":"千葉県","city":"夷隅郡大多喜町","town":"板谷"}],"0272":[{"pref":"千葉県","city":"夷隅郡大多喜町","town":"市川"}],"0263":[{"pref":"千葉県","city":"夷隅郡大多喜町","town":"伊保田"}],"0223":[{"pref":"千葉県","city":"夷隅郡大多喜町","town":"上原"}],"0205":[{"pref":"千葉県","city":"夷隅郡大多喜町","town":"上原西部田柳原入会"}],"0235":[{"pref":"千葉県","city":"夷隅郡大多喜町","town":"宇筒原"}],"0216":[{"pref":"千葉県","city":"夷隅郡大多喜町","town":"大多喜"}],"0264":[{"pref":"千葉県","city":"夷隅郡大多喜町","town":"大田代"}],"0225":[{"pref":"千葉県","city":"夷隅郡大多喜町","town":"大戸"}],"0234":[{"pref":"千葉県","city":"夷隅郡大多喜町","town":"押沼"}],"0201":[{"pref":"千葉県","city":"夷隅郡大多喜町","town":"小土呂"}],"0279":[{"pref":"千葉県","city":"夷隅郡大多喜町","town":"面白"}],"0276":[{"pref":"千葉県","city":"夷隅郡大多喜町","town":"会所"}],"0241":[{"pref":"千葉県","city":"夷隅郡大多喜町","town":"紙敷"}],"0253":[{"pref":"千葉県","city":"夷隅郡大多喜町","town":"川畑"}],"0251":[{"pref":"千葉県","city":"夷隅郡大多喜町","town":"久我原"}],"0267":[{"pref":"千葉県","city":"夷隅郡大多喜町","town":"葛藤"}],"0215":[{"pref":"千葉県","city":"夷隅郡大多喜町","town":"久保"}],"0255":[{"pref":"千葉県","city":"夷隅郡大多喜町","town":"黒原"}],"0232":[{"pref":"千葉県","city":"夷隅郡大多喜町","town":"小内"}],"0238":[{"pref":"千葉県","city":"夷隅郡大多喜町","town":"小内笛倉入会"}],"0211":[{"pref":"千葉県","city":"夷隅郡大多喜町","town":"紺屋"}],"0278":[{"pref":"千葉県","city":"夷隅郡大多喜町","town":"小沢又"}],"0265":[{"pref":"千葉県","city":"夷隅郡大多喜町","town":"小田代"}],"0242":[{"pref":"千葉県","city":"夷隅郡大多喜町","town":"小苗"}],"0228":[{"pref":"千葉県","city":"夷隅郡大多喜町","town":"小谷松"}],"0213":[{"pref":"千葉県","city":"夷隅郡大多喜町","town":"桜台"}],"0212":[{"pref":"千葉県","city":"夷隅郡大多喜町","town":"猿稲"}],"0273":[{"pref":"千葉県","city":"夷隅郡大多喜町","town":"三条"}],"0202":[{"pref":"千葉県","city":"夷隅郡大多喜町","town":"下大多喜"}],"0246":[{"pref":"千葉県","city":"夷隅郡大多喜町","town":"庄司"}],"0214":[{"pref":"千葉県","city":"夷隅郡大多喜町","town":"新丁"}],"0207":[{"pref":"千葉県","city":"夷隅郡大多喜町","town":"泉水"}],"0274":[{"pref":"千葉県","city":"夷隅郡大多喜町","town":"田代"}],"0217":[{"pref":"千葉県","city":"夷隅郡大多喜町","town":"田丁"}],"0266":[{"pref":"千葉県","city":"夷隅郡大多喜町","town":"筒森"}],"0271":[{"pref":"千葉県","city":"夷隅郡大多喜町","town":"中野"}],"0227":[{"pref":"千葉県","city":"夷隅郡大多喜町","town":"西部田"}],"0231":[{"pref":"千葉県","city":"夷隅郡大多喜町","town":"馬場内"}],"0237":[{"pref":"千葉県","city":"夷隅郡大多喜町","town":"原内"}],"0254":[{"pref":"千葉県","city":"夷隅郡大多喜町","town":"平沢"}],"0233":[{"pref":"千葉県","city":"夷隅郡大多喜町","town":"笛倉"}],"0204":[{"pref":"千葉県","city":"夷隅郡大多喜町","town":"船子"}],"0226":[{"pref":"千葉県","city":"夷隅郡大多喜町","town":"部田"}],"0262":[{"pref":"千葉県","city":"夷隅郡大多喜町","town":"堀切"}],"0224":[{"pref":"千葉県","city":"夷隅郡大多喜町","town":"堀之内"}],"0244":[{"pref":"千葉県","city":"夷隅郡大多喜町","town":"松尾"}],"0252":[{"pref":"千葉県","city":"夷隅郡大多喜町","town":"三又"}],"0236":[{"pref":"千葉県","city":"夷隅郡大多喜町","town":"百鉾"}],"0203":[{"pref":"千葉県","city":"夷隅郡大多喜町","town":"森宮"}],"0245":[{"pref":"千葉県","city":"夷隅郡大多喜町","town":"弥喜用"}],"0222":[{"pref":"千葉県","city":"夷隅郡大多喜町","town":"八声"}],"0221":[{"pref":"千葉県","city":"夷隅郡大多喜町","town":"柳原"}],"0243":[{"pref":"千葉県","city":"夷隅郡大多喜町","town":"湯倉"}],"0275":[{"pref":"千葉県","city":"夷隅郡大多喜町","town":"弓木"}],"0206":[{"pref":"千葉県","city":"夷隅郡大多喜町","town":"横山"}]}