{"1101":[{"pref":"大分県","city":"佐伯市","town":"狩生"}],"1102":[{"pref":"大分県","city":"佐伯市","town":"二栄"}],"1103":[{"pref":"大分県","city":"佐伯市","town":"護江"}],"1104":[{"pref":"大分県","city":"佐伯市","town":"霞ケ浦"}],"1105":[{"pref":"大分県","city":"佐伯市","town":"海崎"}],"1106":[{"pref":"大分県","city":"佐伯市","town":"戸穴"}],"1201":[{"pref":"大分県","city":"佐伯市","town":"鶴見吹浦"}],"1202":[{"pref":"大分県","city":"佐伯市","town":"鶴見地松浦"}],"1203":[{"pref":"大分県","city":"佐伯市","town":"鶴見沖松浦"}],"1204":[{"pref":"大分県","city":"佐伯市","town":"鶴見有明浦"}],"1205":[{"pref":"大分県","city":"佐伯市","town":"鶴見羽出浦"}],"1206":[{"pref":"大分県","city":"佐伯市","town":"鶴見中越浦（その他）"}],"1301":[{"pref":"大分県","city":"佐伯市","town":"米水津浦代浦（間越、芳ケ浦）"}],"1306":[{"pref":"大分県","city":"佐伯市","town":"鶴見中越浦（猿戸、広浦）"}],"1311":[{"pref":"大分県","city":"佐伯市","town":"鶴見丹賀浦"}],"1312":[{"pref":"大分県","city":"佐伯市","town":"鶴見梶寄浦"}],"1313":[{"pref":"大分県","city":"佐伯市","town":"鶴見大島"}],"1401":[{"pref":"大分県","city":"佐伯市","town":"米水津浦代浦（その他）"}],"1402":[{"pref":"大分県","city":"佐伯市","town":"米水津色利浦"}],"1403":[{"pref":"大分県","city":"佐伯市","town":"米水津宮野浦"}],"1404":[{"pref":"大分県","city":"佐伯市","town":"米水津小浦"}],"1405":[{"pref":"大分県","city":"佐伯市","town":"米水津竹野浦"}],"1511":[{"pref":"大分県","city":"佐伯市","town":"長良"}],"1512":[{"pref":"大分県","city":"佐伯市","town":"堅田"}],"1513":[{"pref":"大分県","city":"佐伯市","town":"青山"}],"2121":[{"pref":"大分県","city":"佐伯市","town":"木立"}],"2201":[{"pref":"大分県","city":"佐伯市","town":"蒲江畑野浦"}],"2202":[{"pref":"大分県","city":"佐伯市","town":"蒲江尾浦"}],"2203":[{"pref":"大分県","city":"佐伯市","town":"蒲江楠本浦"}],"2301":[{"pref":"大分県","city":"佐伯市","town":"蒲江竹野浦河内"}],"2302":[{"pref":"大分県","city":"佐伯市","town":"蒲江西野浦"}],"2401":[{"pref":"大分県","city":"佐伯市","town":"蒲江蒲江浦"}],"2402":[{"pref":"大分県","city":"佐伯市","town":"蒲江猪串浦"}],"2403":[{"pref":"大分県","city":"佐伯市","town":"蒲江野々河内浦"}],"2404":[{"pref":"大分県","city":"佐伯市","town":"蒲江森崎浦"}],"2405":[{"pref":"大分県","city":"佐伯市","town":"蒲江丸市尾浦"}],"2406":[{"pref":"大分県","city":"佐伯市","town":"蒲江葛原浦"}],"2407":[{"pref":"大分県","city":"佐伯市","town":"蒲江波当津浦"}],"0000":[{"pref":"大分県","city":"佐伯市","town":"以下に掲載がない場合"}],"0004":[{"pref":"大分県","city":"佐伯市","town":"荒網代浦"}],"0025":[{"pref":"大分県","city":"佐伯市","town":"池田"}],"0833":[{"pref":"大分県","city":"佐伯市","town":"池船町"}],"0005":[{"pref":"大分県","city":"佐伯市","town":"石間浦"}],"0042":[{"pref":"大分県","city":"佐伯市","town":"稲垣"}],"0849":[{"pref":"大分県","city":"佐伯市","town":"臼坪"}],"0845":[{"pref":"大分県","city":"佐伯市","town":"内町"}],"0803":[{"pref":"大分県","city":"佐伯市","town":"駅前"}],"0016":[{"pref":"大分県","city":"佐伯市","town":"王子丸"}],"0036":[{"pref":"大分県","city":"佐伯市","town":"大越"}],"0831":[{"pref":"大分県","city":"佐伯市","town":"大手町"}],"0043":[{"pref":"大分県","city":"佐伯市","town":"樫野"}],"0806":[{"pref":"大分県","city":"佐伯市","town":"春日町"}],"0008":[{"pref":"大分県","city":"佐伯市","town":"片神浦"}],"0801":[{"pref":"大分県","city":"佐伯市","town":"葛港"}],"0045":[{"pref":"大分県","city":"佐伯市","town":"上岡"}],"0027":[{"pref":"大分県","city":"佐伯市","town":"上久部"}],"0034":[{"pref":"大分県","city":"佐伯市","town":"上城"}],"0022":[{"pref":"大分県","city":"佐伯市","town":"上灘"}],"0031":[{"pref":"大分県","city":"佐伯市","town":"川原"}],"0804":[{"pref":"大分県","city":"佐伯市","town":"蟹田"}],"0035":[{"pref":"大分県","city":"佐伯市","town":"岸河内"}],"0007":[{"pref":"大分県","city":"佐伯市","town":"久保浦"}],"0841":[{"pref":"大分県","city":"佐伯市","town":"来島町"}],"0011":[{"pref":"大分県","city":"佐伯市","town":"坂の浦"}],"0052":[{"pref":"大分県","city":"佐伯市","town":"坂山"}],"0003":[{"pref":"大分県","city":"佐伯市","town":"塩内浦"}],"0024":[{"pref":"大分県","city":"佐伯市","town":"下久部"}],"0033":[{"pref":"大分県","city":"佐伯市","town":"下城"}],"0848":[{"pref":"大分県","city":"佐伯市","town":"城下東町"}],"0847":[{"pref":"大分県","city":"佐伯市","town":"城下西町"}],"0063":[{"pref":"大分県","city":"佐伯市","town":"城西区"}],"0846":[{"pref":"大分県","city":"佐伯市","town":"城東町"}],"0834":[{"pref":"大分県","city":"佐伯市","town":"城南町"}],"0026":[{"pref":"大分県","city":"佐伯市","town":"匠南"}],"0014":[{"pref":"大分県","city":"佐伯市","town":"白方"}],"0824":[{"pref":"大分県","city":"佐伯市","town":"新女島"}],"0832":[{"pref":"大分県","city":"佐伯市","town":"船頭町"}],"0044":[{"pref":"大分県","city":"佐伯市","town":"高畠"}],"0053":[{"pref":"大分県","city":"佐伯市","town":"高畑"}],"0001":[{"pref":"大分県","city":"佐伯市","town":"高松浦"}],"0807":[{"pref":"大分県","city":"佐伯市","town":"田の浦町"}],"0047":[{"pref":"大分県","city":"佐伯市","town":"鶴岡西町"}],"0835":[{"pref":"大分県","city":"佐伯市","town":"鶴岡町"}],"0012":[{"pref":"大分県","city":"佐伯市","town":"鶴望"}],"0811":[{"pref":"大分県","city":"佐伯市","town":"鶴谷町"}],"0051":[{"pref":"大分県","city":"佐伯市","town":"寺田"}],"0851":[{"pref":"大分県","city":"佐伯市","town":"常盤東町"}],"0857":[{"pref":"大分県","city":"佐伯市","town":"常盤西町"}],"0852":[{"pref":"大分県","city":"佐伯市","town":"常盤南町"}],"0812":[{"pref":"大分県","city":"佐伯市","town":"中江町"}],"0843":[{"pref":"大分県","city":"佐伯市","town":"中の島"}],"0842":[{"pref":"大分県","city":"佐伯市","town":"中ノ島東町"}],"0853":[{"pref":"大分県","city":"佐伯市","town":"中村東町"}],"0855":[{"pref":"大分県","city":"佐伯市","town":"中村西町"}],"0854":[{"pref":"大分県","city":"佐伯市","town":"中村南町"}],"0856":[{"pref":"大分県","city":"佐伯市","town":"中村北町"}],"0032":[{"pref":"大分県","city":"佐伯市","town":"中山"}],"0813":[{"pref":"大分県","city":"佐伯市","town":"長島町"}],"0041":[{"pref":"大分県","city":"佐伯市","town":"長瀬"}],"0836":[{"pref":"大分県","city":"佐伯市","town":"西谷町"}],"0822":[{"pref":"大分県","city":"佐伯市","town":"西浜"}],"0815":[{"pref":"大分県","city":"佐伯市","town":"野岡町"}],"0017":[{"pref":"大分県","city":"佐伯市","town":"野口"}],"0037":[{"pref":"大分県","city":"佐伯市","town":"長谷"}],"0021":[{"pref":"大分県","city":"佐伯市","town":"東灘"}],"0821":[{"pref":"大分県","city":"佐伯市","town":"東浜"}],"0814":[{"pref":"大分県","city":"佐伯市","town":"東町"}],"0802":[{"pref":"大分県","city":"佐伯市","town":"日の出町"}],"0002":[{"pref":"大分県","city":"佐伯市","town":"日向泊浦"}],"0018":[{"pref":"大分県","city":"佐伯市","town":"平"}],"0805":[{"pref":"大分県","city":"佐伯市","town":"平野町"}],"0062":[{"pref":"大分県","city":"佐伯市","town":"古市"}],"0023":[{"pref":"大分県","city":"佐伯市","town":"蛇崎"}],"0844":[{"pref":"大分県","city":"佐伯市","town":"向島"}],"0211":[{"pref":"大分県","city":"佐伯市","town":"本匠井ノ上"}],"0212":[{"pref":"大分県","city":"佐伯市","town":"本匠因尾"}],"0204":[{"pref":"大分県","city":"佐伯市","town":"本匠宇津々"}],"0206":[{"pref":"大分県","city":"佐伯市","town":"本匠小川"}],"0215":[{"pref":"大分県","city":"佐伯市","town":"本匠小半"}],"0202":[{"pref":"大分県","city":"佐伯市","town":"本匠笠掛"}],"0201":[{"pref":"大分県","city":"佐伯市","town":"本匠風戸"}],"0214":[{"pref":"大分県","city":"佐伯市","town":"本匠上津川"}],"0213":[{"pref":"大分県","city":"佐伯市","town":"本匠堂ノ間"}],"0205":[{"pref":"大分県","city":"佐伯市","town":"本匠波寄"}],"0203":[{"pref":"大分県","city":"佐伯市","town":"本匠三股"}],"0216":[{"pref":"大分県","city":"佐伯市","town":"本匠山部"}],"0823":[{"pref":"大分県","city":"佐伯市","town":"女島"}],"0825":[{"pref":"大分県","city":"佐伯市","town":"女島団地"}],"0015":[{"pref":"大分県","city":"佐伯市","town":"百谷"}],"0006":[{"pref":"大分県","city":"佐伯市","town":"守後浦"}],"0061":[{"pref":"大分県","city":"佐伯市","town":"門前"}],"0064":[{"pref":"大分県","city":"佐伯市","town":"八迫区"}],"0111":[{"pref":"大分県","city":"佐伯市","town":"弥生井崎"}],"0125":[{"pref":"大分県","city":"佐伯市","town":"弥生江良"}],"0101":[{"pref":"大分県","city":"佐伯市","town":"弥生大坂本"}],"0112":[{"pref":"大分県","city":"佐伯市","town":"弥生上小倉"}],"0122":[{"pref":"大分県","city":"佐伯市","town":"弥生門田"}],"0121":[{"pref":"大分県","city":"佐伯市","town":"弥生小田"}],"0124":[{"pref":"大分県","city":"佐伯市","town":"弥生細田"}],"0102":[{"pref":"大分県","city":"佐伯市","town":"弥生尺間"}],"0126":[{"pref":"大分県","city":"佐伯市","town":"弥生提内"}],"0123":[{"pref":"大分県","city":"佐伯市","town":"弥生平井"}],"0113":[{"pref":"大分県","city":"佐伯市","town":"弥生山梨子"}],"0103":[{"pref":"大分県","city":"佐伯市","town":"弥生床木"}],"0013":[{"pref":"大分県","city":"佐伯市","town":"若宮町"}],"0046":[{"pref":"大分県","city":"佐伯市","town":"脇"}]}