{"1101":[{"pref":"新潟県","city":"柏崎市","town":"横山"}],"1102":[{"pref":"新潟県","city":"柏崎市","town":"向陽町"}],"1103":[{"pref":"新潟県","city":"柏崎市","town":"藤橋"}],"1104":[{"pref":"新潟県","city":"柏崎市","town":"下方"}],"1105":[{"pref":"新潟県","city":"柏崎市","town":"長峰町"}],"1106":[{"pref":"新潟県","city":"柏崎市","town":"ゆりが丘"}],"1111":[{"pref":"新潟県","city":"柏崎市","town":"堀"}],"1112":[{"pref":"新潟県","city":"柏崎市","town":"南下"}],"1113":[{"pref":"新潟県","city":"柏崎市","town":"古町"}],"1114":[{"pref":"新潟県","city":"柏崎市","town":"芋川"}],"1115":[{"pref":"新潟県","city":"柏崎市","town":"佐水"}],"1116":[{"pref":"新潟県","city":"柏崎市","town":"山口"}],"1117":[{"pref":"新潟県","city":"柏崎市","town":"宮之窪"}],"1118":[{"pref":"新潟県","city":"柏崎市","town":"上条"}],"1121":[{"pref":"新潟県","city":"柏崎市","town":"上方"}],"1122":[{"pref":"新潟県","city":"柏崎市","town":"新道"}],"1123":[{"pref":"新潟県","city":"柏崎市","town":"貝渕"}],"1124":[{"pref":"新潟県","city":"柏崎市","town":"黒滝"}],"1125":[{"pref":"新潟県","city":"柏崎市","town":"小田山新田"}],"1126":[{"pref":"新潟県","city":"柏崎市","town":"大河内新田"}],"1241":[{"pref":"新潟県","city":"柏崎市","town":"野田"}],"1242":[{"pref":"新潟県","city":"柏崎市","town":"細越"}],"1243":[{"pref":"新潟県","city":"柏崎市","town":"久米"}],"1244":[{"pref":"新潟県","city":"柏崎市","town":"水上"}],"1245":[{"pref":"新潟県","city":"柏崎市","town":"宮川新田"}],"1246":[{"pref":"新潟県","city":"柏崎市","town":"清水谷"}],"1247":[{"pref":"新潟県","city":"柏崎市","town":"木沢"}],"1248":[{"pref":"新潟県","city":"柏崎市","town":"田屋"}],"1251":[{"pref":"新潟県","city":"柏崎市","town":"市野新田"}],"1252":[{"pref":"新潟県","city":"柏崎市","town":"女谷"}],"1253":[{"pref":"新潟県","city":"柏崎市","town":"折居"}],"1341":[{"pref":"新潟県","city":"柏崎市","town":"茨目"}],"1343":[{"pref":"新潟県","city":"柏崎市","town":"城塚"}],"1344":[{"pref":"新潟県","city":"柏崎市","town":"両田尻"}],"1345":[{"pref":"新潟県","city":"柏崎市","town":"下田尻"}],"1351":[{"pref":"新潟県","city":"柏崎市","town":"上田尻"}],"1352":[{"pref":"新潟県","city":"柏崎市","town":"安田"}],"1353":[{"pref":"新潟県","city":"柏崎市","town":"平井"}],"1354":[{"pref":"新潟県","city":"柏崎市","town":"佐藤池新田"}],"1355":[{"pref":"新潟県","city":"柏崎市","town":"軽井川"}],"1431":[{"pref":"新潟県","city":"柏崎市","town":"加納"}],"1432":[{"pref":"新潟県","city":"柏崎市","town":"善根"}],"1433":[{"pref":"新潟県","city":"柏崎市","town":"与板"}],"1434":[{"pref":"新潟県","city":"柏崎市","town":"宮平"}],"1435":[{"pref":"新潟県","city":"柏崎市","town":"森近"}],"1436":[{"pref":"新潟県","city":"柏崎市","town":"石曽根"}],"1437":[{"pref":"新潟県","city":"柏崎市","town":"山室"}],"1438":[{"pref":"新潟県","city":"柏崎市","town":"大沢"}],"1501":[{"pref":"新潟県","city":"柏崎市","town":"高柳町岡田"}],"1502":[{"pref":"新潟県","city":"柏崎市","town":"高柳町岡野町"}],"1503":[{"pref":"新潟県","city":"柏崎市","town":"高柳町山中"}],"1504":[{"pref":"新潟県","city":"柏崎市","town":"高柳町栃ケ原"}],"1505":[{"pref":"新潟県","city":"柏崎市","town":"高柳町高尾"}],"1511":[{"pref":"新潟県","city":"柏崎市","town":"高柳町漆島"}],"1512":[{"pref":"新潟県","city":"柏崎市","town":"高柳町荻ノ島"}],"1513":[{"pref":"新潟県","city":"柏崎市","town":"高柳町門出"}],"1514":[{"pref":"新潟県","city":"柏崎市","town":"高柳町田代"}],"1515":[{"pref":"新潟県","city":"柏崎市","town":"高柳町石黒"}],"0000":[{"pref":"新潟県","city":"柏崎市","town":"以下に掲載がない場合"}],"0016":[{"pref":"新潟県","city":"柏崎市","town":"青山町"}],"0847":[{"pref":"新潟県","city":"柏崎市","town":"赤坂町"}],"0814":[{"pref":"新潟県","city":"柏崎市","town":"朝日が丘"}],"0112":[{"pref":"新潟県","city":"柏崎市","town":"畔屋"}],"0017":[{"pref":"新潟県","city":"柏崎市","town":"荒浜"}],"0071":[{"pref":"新潟県","city":"柏崎市","town":"安政町"}],"0219":[{"pref":"新潟県","city":"柏崎市","town":"飯塚"}],"0212":[{"pref":"新潟県","city":"柏崎市","town":"五十土"}],"0811":[{"pref":"新潟県","city":"柏崎市","town":"岩上"}],"0055":[{"pref":"新潟県","city":"柏崎市","town":"駅前"}],"0044":[{"pref":"新潟県","city":"柏崎市","town":"扇町"}],"0851":[{"pref":"新潟県","city":"柏崎市","town":"大久保"}],"0403":[{"pref":"新潟県","city":"柏崎市","town":"大湊"}],"0076":[{"pref":"新潟県","city":"柏崎市","town":"小倉町"}],"0053":[{"pref":"新潟県","city":"柏崎市","town":"鏡町"}],"0074":[{"pref":"新潟県","city":"柏崎市","town":"春日"}],"0065":[{"pref":"新潟県","city":"柏崎市","town":"学校町"}],"0021":[{"pref":"新潟県","city":"柏崎市","town":"上原"}],"0072":[{"pref":"新潟県","city":"柏崎市","town":"北園町"}],"0035":[{"pref":"新潟県","city":"柏崎市","town":"北半田"}],"0815":[{"pref":"新潟県","city":"柏崎市","town":"希望が丘"}],"0855":[{"pref":"新潟県","city":"柏崎市","town":"鯨波"}],"0836":[{"pref":"新潟県","city":"柏崎市","town":"剣野"}],"0835":[{"pref":"新潟県","city":"柏崎市","town":"剣野町"}],"0024":[{"pref":"新潟県","city":"柏崎市","town":"小金町"}],"0211":[{"pref":"新潟県","city":"柏崎市","town":"小黒須"}],"0858":[{"pref":"新潟県","city":"柏崎市","town":"小杉"}],"0846":[{"pref":"新潟県","city":"柏崎市","town":"寿町"}],"0821":[{"pref":"新潟県","city":"柏崎市","town":"幸町"}],"0061":[{"pref":"新潟県","city":"柏崎市","town":"栄町"}],"0073":[{"pref":"新潟県","city":"柏崎市","town":"桜木町"}],"0034":[{"pref":"新潟県","city":"柏崎市","town":"三和町"}],"0401":[{"pref":"新潟県","city":"柏崎市","town":"椎谷"}],"0103":[{"pref":"新潟県","city":"柏崎市","town":"下大新田"}],"0825":[{"pref":"新潟県","city":"柏崎市","town":"城東"}],"0845":[{"pref":"新潟県","city":"柏崎市","town":"新赤坂"}],"0031":[{"pref":"新潟県","city":"柏崎市","town":"新田畑"}],"0056":[{"pref":"新潟県","city":"柏崎市","town":"新橋"}],"0062":[{"pref":"新潟県","city":"柏崎市","town":"新花町"}],"0063":[{"pref":"新潟県","city":"柏崎市","town":"諏訪町"}],"0832":[{"pref":"新潟県","city":"柏崎市","town":"関町"}],"0214":[{"pref":"新潟県","city":"柏崎市","town":"曽地"}],"0217":[{"pref":"新潟県","city":"柏崎市","town":"曽地新田"}],"0817":[{"pref":"新潟県","city":"柏崎市","town":"宝町"}],"0032":[{"pref":"新潟県","city":"柏崎市","town":"田塚"}],"0816":[{"pref":"新潟県","city":"柏崎市","town":"田中"}],"0857":[{"pref":"新潟県","city":"柏崎市","town":"谷根"}],"0064":[{"pref":"新潟県","city":"柏崎市","town":"中央町"}],"0105":[{"pref":"新潟県","city":"柏崎市","town":"剣"}],"0106":[{"pref":"新潟県","city":"柏崎市","town":"土合"}],"0104":[{"pref":"新潟県","city":"柏崎市","town":"土合新田"}],"0854":[{"pref":"新潟県","city":"柏崎市","town":"東の輪町"}],"0834":[{"pref":"新潟県","city":"柏崎市","town":"常盤台"}],"0101":[{"pref":"新潟県","city":"柏崎市","town":"長崎"}],"0102":[{"pref":"新潟県","city":"柏崎市","town":"長崎新田"}],"0113":[{"pref":"新潟県","city":"柏崎市","town":"中田"}],"0852":[{"pref":"新潟県","city":"柏崎市","town":"中浜"}],"0042":[{"pref":"新潟県","city":"柏崎市","town":"長浜町"}],"0213":[{"pref":"新潟県","city":"柏崎市","town":"成沢"}],"0823":[{"pref":"新潟県","city":"柏崎市","town":"南光町"}],"0052":[{"pref":"新潟県","city":"柏崎市","town":"錦町"}],"0066":[{"pref":"新潟県","city":"柏崎市","town":"西本町"}],"0067":[{"pref":"新潟県","city":"柏崎市","town":"西港町"}],"0054":[{"pref":"新潟県","city":"柏崎市","town":"日石町"}],"0012":[{"pref":"新潟県","city":"柏崎市","town":"橋場"}],"0014":[{"pref":"新潟県","city":"柏崎市","town":"橋場町"}],"0218":[{"pref":"新潟県","city":"柏崎市","town":"花田"}],"0023":[{"pref":"新潟県","city":"柏崎市","town":"原町"}],"0853":[{"pref":"新潟県","city":"柏崎市","town":"番神"}],"0812":[{"pref":"新潟県","city":"柏崎市","town":"半田"}],"0033":[{"pref":"新潟県","city":"柏崎市","town":"東長浜町"}],"0022":[{"pref":"新潟県","city":"柏崎市","town":"東原町"}],"0051":[{"pref":"新潟県","city":"柏崎市","town":"東本町"}],"0068":[{"pref":"新潟県","city":"柏崎市","town":"東港町"}],"0036":[{"pref":"新潟県","city":"柏崎市","town":"東柳田"}],"0047":[{"pref":"新潟県","city":"柏崎市","town":"比角"}],"0043":[{"pref":"新潟県","city":"柏崎市","town":"日吉町"}],"0824":[{"pref":"新潟県","city":"柏崎市","town":"枇杷島"}],"0114":[{"pref":"新潟県","city":"柏崎市","town":"藤井"}],"0026":[{"pref":"新潟県","city":"柏崎市","town":"藤元町"}],"0027":[{"pref":"新潟県","city":"柏崎市","town":"北斗町"}],"0822":[{"pref":"新潟県","city":"柏崎市","town":"穂波町"}],"0015":[{"pref":"新潟県","city":"柏崎市","town":"槇原町"}],"0011":[{"pref":"新潟県","city":"柏崎市","town":"松波"}],"0041":[{"pref":"新潟県","city":"柏崎市","town":"松美"}],"0837":[{"pref":"新潟県","city":"柏崎市","town":"三島町"}],"0838":[{"pref":"新潟県","city":"柏崎市","town":"三島西"}],"0841":[{"pref":"新潟県","city":"柏崎市","town":"緑町"}],"0813":[{"pref":"新潟県","city":"柏崎市","town":"南半田"}],"0402":[{"pref":"新潟県","city":"柏崎市","town":"宮川"}],"0827":[{"pref":"新潟県","city":"柏崎市","town":"宮場町"}],"0826":[{"pref":"新潟県","city":"柏崎市","town":"元城町"}],"0215":[{"pref":"新潟県","city":"柏崎市","town":"矢田"}],"0025":[{"pref":"新潟県","city":"柏崎市","town":"柳田町"}],"0831":[{"pref":"新潟県","city":"柏崎市","town":"柳橋町"}],"0075":[{"pref":"新潟県","city":"柏崎市","town":"大和町"}],"0013":[{"pref":"新潟県","city":"柏崎市","town":"山本"}],"0045":[{"pref":"新潟県","city":"柏崎市","town":"豊町"}],"0216":[{"pref":"新潟県","city":"柏崎市","town":"吉井"}],"0111":[{"pref":"新潟県","city":"柏崎市","town":"与三"}],"0046":[{"pref":"新潟県","city":"柏崎市","town":"四谷"}],"0842":[{"pref":"新潟県","city":"柏崎市","town":"米山台"}],"0843":[{"pref":"新潟県","city":"柏崎市","town":"米山台東"}],"0844":[{"pref":"新潟県","city":"柏崎市","town":"米山台西"}],"0833":[{"pref":"新潟県","city":"柏崎市","town":"若葉町"}],"0300":[{"pref":"新潟県","city":"刈羽郡刈羽村","town":"以下に掲載がない場合"}],"0325":[{"pref":"新潟県","city":"刈羽郡刈羽村","town":"赤田北方"}],"0323":[{"pref":"新潟県","city":"刈羽郡刈羽村","town":"赤田町方"}],"0321":[{"pref":"新潟県","city":"刈羽郡刈羽村","town":"油田"}],"0314":[{"pref":"新潟県","city":"刈羽郡刈羽村","town":"新屋敷"}],"0311":[{"pref":"新潟県","city":"刈羽郡刈羽村","town":"井岡"}],"0301":[{"pref":"新潟県","city":"刈羽郡刈羽村","town":"入和田"}],"0313":[{"pref":"新潟県","city":"刈羽郡刈羽村","town":"大塚"}],"0315":[{"pref":"新潟県","city":"刈羽郡刈羽村","town":"上高町"}],"0307":[{"pref":"新潟県","city":"刈羽郡刈羽村","town":"刈羽"}],"0324":[{"pref":"新潟県","city":"刈羽郡刈羽村","town":"枯木"}],"0322":[{"pref":"新潟県","city":"刈羽郡刈羽村","town":"黒川"}],"0305":[{"pref":"新潟県","city":"刈羽郡刈羽村","town":"西元寺"}],"0316":[{"pref":"新潟県","city":"刈羽郡刈羽村","town":"下高町"}],"0317":[{"pref":"新潟県","city":"刈羽郡刈羽村","town":"正明寺"}],"0303":[{"pref":"新潟県","city":"刈羽郡刈羽村","town":"滝谷"}],"0302":[{"pref":"新潟県","city":"刈羽郡刈羽村","town":"滝谷新田"}],"0304":[{"pref":"新潟県","city":"刈羽郡刈羽村","town":"寺尾"}],"0306":[{"pref":"新潟県","city":"刈羽郡刈羽村","town":"十日市"}],"0312":[{"pref":"新潟県","city":"刈羽郡刈羽村","town":"西谷"}],"0308":[{"pref":"新潟県","city":"刈羽郡刈羽村","town":"割町新田"}]}