{"1101":[{"pref":"岡山県","city":"津山市","town":"三浦"}],"1102":[{"pref":"岡山県","city":"津山市","town":"妙原"}],"1103":[{"pref":"岡山県","city":"津山市","town":"堀坂"}],"1104":[{"pref":"岡山県","city":"津山市","town":"綾部"}],"1105":[{"pref":"岡山県","city":"津山市","town":"吉見"}],"1111":[{"pref":"岡山県","city":"津山市","town":"楢"}],"1112":[{"pref":"岡山県","city":"津山市","town":"近長"}],"1113":[{"pref":"岡山県","city":"津山市","town":"田熊"}],"1114":[{"pref":"岡山県","city":"津山市","town":"福井"}],"1115":[{"pref":"岡山県","city":"津山市","town":"河面"}],"1116":[{"pref":"岡山県","city":"津山市","town":"野村"}],"1117":[{"pref":"岡山県","city":"津山市","town":"草加部"}],"1121":[{"pref":"岡山県","city":"津山市","town":"上高倉"}],"1122":[{"pref":"岡山県","city":"津山市","town":"下高倉東"}],"1123":[{"pref":"岡山県","city":"津山市","town":"下高倉西"}],"1124":[{"pref":"岡山県","city":"津山市","town":"高野山西"}],"1125":[{"pref":"岡山県","city":"津山市","town":"高野本郷"}],"1126":[{"pref":"岡山県","city":"津山市","town":"押入"}],"1201":[{"pref":"岡山県","city":"津山市","town":"奥津川"},{"pref":"岡山県","city":"津山市","town":"加茂町下津川（奥津川）"}],"1202":[{"pref":"岡山県","city":"津山市","town":"大岩"}],"1203":[{"pref":"岡山県","city":"津山市","town":"大吉"}],"1204":[{"pref":"岡山県","city":"津山市","town":"日本原"}],"1205":[{"pref":"岡山県","city":"津山市","town":"新野東"}],"1206":[{"pref":"岡山県","city":"津山市","town":"市場"}],"1211":[{"pref":"岡山県","city":"津山市","town":"原"}],"1212":[{"pref":"岡山県","city":"津山市","town":"安井"}],"1213":[{"pref":"岡山県","city":"津山市","town":"下野田"}],"1214":[{"pref":"岡山県","city":"津山市","town":"上野田"}],"1215":[{"pref":"岡山県","city":"津山市","town":"杉宮"}],"1216":[{"pref":"岡山県","city":"津山市","town":"中村"}],"1221":[{"pref":"岡山県","city":"津山市","town":"西上"}],"1222":[{"pref":"岡山県","city":"津山市","town":"西中"}],"1223":[{"pref":"岡山県","city":"津山市","town":"坂上"}],"1224":[{"pref":"岡山県","city":"津山市","town":"上村"}],"1225":[{"pref":"岡山県","city":"津山市","town":"西下"}],"1226":[{"pref":"岡山県","city":"津山市","town":"新野山形"}],"1300":[{"pref":"岡山県","city":"勝田郡奈義町","town":"以下に掲載がない場合"}],"1301":[{"pref":"岡山県","city":"勝田郡奈義町","town":"馬桑"}],"1302":[{"pref":"岡山県","city":"勝田郡奈義町","town":"小坂"}],"1303":[{"pref":"岡山県","city":"勝田郡奈義町","town":"皆木"}],"1304":[{"pref":"岡山県","city":"勝田郡奈義町","town":"関本"}],"1305":[{"pref":"岡山県","city":"勝田郡奈義町","town":"行方"}],"1306":[{"pref":"岡山県","city":"勝田郡奈義町","town":"西原"}],"1307":[{"pref":"岡山県","city":"勝田郡奈義町","town":"高円"}],"1311":[{"pref":"岡山県","city":"勝田郡奈義町","town":"久常"}],"1312":[{"pref":"岡山県","city":"勝田郡奈義町","town":"柿"}],"1313":[{"pref":"岡山県","city":"勝田郡奈義町","town":"中島東"}],"1314":[{"pref":"岡山県","city":"勝田郡奈義町","town":"荒内西"}],"1315":[{"pref":"岡山県","city":"勝田郡奈義町","town":"中島西"}],"1321":[{"pref":"岡山県","city":"勝田郡奈義町","town":"宮内"}],"1322":[{"pref":"岡山県","city":"勝田郡奈義町","town":"成松"}],"1323":[{"pref":"岡山県","city":"勝田郡奈義町","town":"豊沢"}],"1324":[{"pref":"岡山県","city":"勝田郡奈義町","town":"広岡"}],"1325":[{"pref":"岡山県","city":"勝田郡奈義町","town":"滝本"}],"1326":[{"pref":"岡山県","city":"勝田郡奈義町","town":"上町川"}],"1501":[{"pref":"岡山県","city":"久米郡美咲町","town":"安井"}],"1502":[{"pref":"岡山県","city":"久米郡美咲町","town":"宮山"}],"1503":[{"pref":"岡山県","city":"久米郡美咲町","town":"塩気"}],"1504":[{"pref":"岡山県","city":"久米郡美咲町","town":"吉留"}],"1505":[{"pref":"岡山県","city":"久米郡美咲町","town":"重藤"}],"1506":[{"pref":"岡山県","city":"久米郡美咲町","town":"上間"}],"1507":[{"pref":"岡山県","city":"久米郡美咲町","town":"百々"}],"1511":[{"pref":"岡山県","city":"久米郡美咲町","town":"行信"}],"1512":[{"pref":"岡山県","city":"久米郡美咲町","town":"松尾"}],"1513":[{"pref":"岡山県","city":"久米郡美咲町","town":"藤田下"}],"1514":[{"pref":"岡山県","city":"久米郡美咲町","town":"藤田上"}],"1515":[{"pref":"岡山県","city":"久米郡美咲町","town":"下谷"}],"1516":[{"pref":"岡山県","city":"久米郡美咲町","town":"連石"}],"1521":[{"pref":"岡山県","city":"久米郡美咲町","town":"休石"}],"1522":[{"pref":"岡山県","city":"久米郡美咲町","town":"惣田"}],"1523":[{"pref":"岡山県","city":"久米郡美咲町","town":"吉ケ原"}],"1524":[{"pref":"岡山県","city":"久米郡美咲町","town":"飯岡"}],"1525":[{"pref":"岡山県","city":"久米郡美咲町","town":"王子"}],"1526":[{"pref":"岡山県","city":"久米郡美咲町","town":"高下"}],"1527":[{"pref":"岡山県","city":"久米郡美咲町","town":"柵原"}],"1531":[{"pref":"岡山県","city":"久米郡美咲町","town":"栗子"}],"1532":[{"pref":"岡山県","city":"久米郡美咲町","town":"小瀬"}],"1533":[{"pref":"岡山県","city":"久米郡美咲町","town":"久木"}],"1534":[{"pref":"岡山県","city":"久米郡美咲町","town":"藤原"}],"1535":[{"pref":"岡山県","city":"久米郡美咲町","town":"高城"}],"1536":[{"pref":"岡山県","city":"久米郡美咲町","town":"定宗"}],"1541":[{"pref":"岡山県","city":"久米郡美咲町","town":"塚角"}],"1542":[{"pref":"岡山県","city":"久米郡美咲町","town":"羽仁"}],"1543":[{"pref":"岡山県","city":"久米郡美咲町","town":"書副"}],"1544":[{"pref":"岡山県","city":"久米郡美咲町","town":"周佐"}],"1545":[{"pref":"岡山県","city":"久米郡美咲町","town":"大戸上"}],"1546":[{"pref":"岡山県","city":"久米郡美咲町","town":"大戸下"}],"1547":[{"pref":"岡山県","city":"久米郡美咲町","town":"八神"}],"0000":[{"pref":"岡山県","city":"津山市","town":"以下に掲載がない場合"}],"0852":[{"pref":"岡山県","city":"津山市","town":"池ケ原"}],"0815":[{"pref":"岡山県","city":"津山市","town":"一宮"}],"0883":[{"pref":"岡山県","city":"津山市","town":"一方"}],"0885":[{"pref":"岡山県","city":"津山市","town":"井口"}],"0014":[{"pref":"岡山県","city":"津山市","town":"院庄"}],"0831":[{"pref":"岡山県","city":"津山市","town":"上之町"}],"0844":[{"pref":"岡山県","city":"津山市","town":"瓜生原"}],"0802":[{"pref":"岡山県","city":"津山市","town":"大篠"}],"0882":[{"pref":"岡山県","city":"津山市","town":"大谷"}],"0806":[{"pref":"岡山県","city":"津山市","town":"大田"}],"0023":[{"pref":"岡山県","city":"津山市","town":"大手町"}],"0066":[{"pref":"岡山県","city":"津山市","town":"桶屋町"}],"0863":[{"pref":"岡山県","city":"津山市","town":"小桁"}],"0865":[{"pref":"岡山県","city":"津山市","town":"押渕"}],"0006":[{"pref":"岡山県","city":"津山市","town":"小田中"}],"0001":[{"pref":"岡山県","city":"津山市","town":"小原"}],"0077":[{"pref":"岡山県","city":"津山市","town":"鍛治町"}],"0804":[{"pref":"岡山県","city":"津山市","town":"勝部"}],"0835":[{"pref":"岡山県","city":"津山市","town":"勝間田町"}],"0855":[{"pref":"岡山県","city":"津山市","town":"金井"}],"0864":[{"pref":"岡山県","city":"津山市","town":"金屋"}],"0002":[{"pref":"岡山県","city":"津山市","town":"上河原"}],"0076":[{"pref":"岡山県","city":"津山市","town":"上紺屋町"}],"0011":[{"pref":"岡山県","city":"津山市","town":"上田邑"}],"0801":[{"pref":"岡山県","city":"津山市","town":"上横野"}],"0043":[{"pref":"岡山県","city":"津山市","town":"茅町"}],"0841":[{"pref":"岡山県","city":"津山市","town":"川崎"}],"0842":[{"pref":"岡山県","city":"津山市","town":"河辺"}],"0033":[{"pref":"岡山県","city":"津山市","town":"河原町"}],"0003":[{"pref":"岡山県","city":"津山市","town":"北園町"}],"0021":[{"pref":"岡山県","city":"津山市","town":"北町"}],"0062":[{"pref":"岡山県","city":"津山市","town":"京町"}],"0866":[{"pref":"岡山県","city":"津山市","town":"荒神山"}],"0843":[{"pref":"岡山県","city":"津山市","town":"国分寺"}],"0063":[{"pref":"岡山県","city":"津山市","town":"小性町"}],"0053":[{"pref":"岡山県","city":"津山市","town":"細工町"}],"0031":[{"pref":"岡山県","city":"津山市","town":"材木町"}],"0064":[{"pref":"岡山県","city":"津山市","town":"堺町"}],"0873":[{"pref":"岡山県","city":"津山市","town":"皿"}],"0022":[{"pref":"岡山県","city":"津山市","town":"山下"}],"0825":[{"pref":"岡山県","city":"津山市","town":"志戸部"}],"0805":[{"pref":"岡山県","city":"津山市","town":"紫保井"}],"0071":[{"pref":"岡山県","city":"津山市","town":"下紺屋町"}],"0012":[{"pref":"岡山県","city":"津山市","town":"下田邑"}],"0807":[{"pref":"岡山県","city":"津山市","town":"下横野"}],"0005":[{"pref":"岡山県","city":"津山市","town":"城代町"}],"0886":[{"pref":"岡山県","city":"津山市","town":"昭和町"}],"0065":[{"pref":"岡山県","city":"津山市","town":"新魚町"}],"0042":[{"pref":"岡山県","city":"津山市","town":"新茅町"}],"0015":[{"pref":"岡山県","city":"津山市","town":"神戸"}],"0067":[{"pref":"岡山県","city":"津山市","town":"新職人町"}],"0034":[{"pref":"岡山県","city":"津山市","town":"船頭町"}],"0007":[{"pref":"岡山県","city":"津山市","town":"総社"}],"0876":[{"pref":"岡山県","city":"津山市","town":"高尾"}],"0874":[{"pref":"岡山県","city":"津山市","town":"種"}],"0052":[{"pref":"岡山県","city":"津山市","town":"田町"}],"0051":[{"pref":"岡山県","city":"津山市","town":"椿高下"}],"0075":[{"pref":"岡山県","city":"津山市","town":"坪井町"}],"0884":[{"pref":"岡山県","city":"津山市","town":"津山口"}],"0041":[{"pref":"岡山県","city":"津山市","town":"鉄砲町"}],"0853":[{"pref":"岡山県","city":"津山市","town":"堂尾"}],"0037":[{"pref":"岡山県","city":"津山市","town":"戸川町"}],"0016":[{"pref":"岡山県","city":"津山市","town":"戸島"}],"0871":[{"pref":"岡山県","city":"津山市","town":"中島"}],"0834":[{"pref":"岡山県","city":"津山市","town":"中之町"}],"0854":[{"pref":"岡山県","city":"津山市","town":"中原"}],"0851":[{"pref":"岡山県","city":"津山市","town":"新田"}],"0024":[{"pref":"岡山県","city":"津山市","town":"二階町"}],"0046":[{"pref":"岡山県","city":"津山市","town":"西今町"}],"0833":[{"pref":"岡山県","city":"津山市","town":"西新町"}],"0811":[{"pref":"岡山県","city":"津山市","town":"西田辺"}],"0045":[{"pref":"岡山県","city":"津山市","town":"西寺町"}],"0856":[{"pref":"岡山県","city":"津山市","town":"西吉田"}],"0013":[{"pref":"岡山県","city":"津山市","town":"二宮"}],"0824":[{"pref":"岡山県","city":"津山市","town":"沼"}],"0821":[{"pref":"岡山県","city":"津山市","town":"野介代"}],"0822":[{"pref":"岡山県","city":"津山市","town":"林田"}],"0836":[{"pref":"岡山県","city":"津山市","town":"林田町"}],"0837":[{"pref":"岡山県","city":"津山市","town":"橋本町"}],"0845":[{"pref":"岡山県","city":"津山市","town":"日上"}],"0814":[{"pref":"岡山県","city":"津山市","town":"東一宮"}],"0832":[{"pref":"岡山県","city":"津山市","town":"東新町"}],"0812":[{"pref":"岡山県","city":"津山市","town":"東田辺"}],"0872":[{"pref":"岡山県","city":"津山市","town":"平福"}],"0035":[{"pref":"岡山県","city":"津山市","town":"吹屋町"}],"0875":[{"pref":"岡山県","city":"津山市","town":"福田"}],"0857":[{"pref":"岡山県","city":"津山市","town":"福力"}],"0074":[{"pref":"岡山県","city":"津山市","town":"福渡町"}],"0032":[{"pref":"岡山県","city":"津山市","town":"伏見町"}],"0073":[{"pref":"岡山県","city":"津山市","town":"本町"}],"0036":[{"pref":"岡山県","city":"津山市","town":"南新座"}],"0881":[{"pref":"岡山県","city":"津山市","town":"南町"}],"0072":[{"pref":"岡山県","city":"津山市","town":"美濃町"}],"0047":[{"pref":"岡山県","city":"津山市","town":"宮脇町"}],"0061":[{"pref":"岡山県","city":"津山市","town":"元魚町"}],"0803":[{"pref":"岡山県","city":"津山市","town":"籾保"}],"0861":[{"pref":"岡山県","city":"津山市","town":"八出"}],"0044":[{"pref":"岡山県","city":"津山市","town":"安岡町"}],"0813":[{"pref":"岡山県","city":"津山市","town":"山方"}],"0004":[{"pref":"岡山県","city":"津山市","town":"山北"}],"0823":[{"pref":"岡山県","city":"津山市","town":"弥生町"}],"0862":[{"pref":"岡山県","city":"津山市","town":"横山"}],"0300":[{"pref":"岡山県","city":"苫田郡鏡野町","town":"以下に掲載がない場合"}],"0421":[{"pref":"岡山県","city":"苫田郡鏡野町","town":"井坂"}],"0315":[{"pref":"岡山県","city":"苫田郡鏡野町","town":"市場"}],"0351":[{"pref":"岡山県","city":"苫田郡鏡野町","town":"入"}],"0302":[{"pref":"岡山県","city":"苫田郡鏡野町","town":"岩屋"}],"0321":[{"pref":"岡山県","city":"苫田郡鏡野町","town":"円宗寺"}],"0704":[{"pref":"岡山県","city":"苫田郡鏡野町","town":"大"}],"0303":[{"pref":"岡山県","city":"苫田郡鏡野町","town":"大町"}],"0322":[{"pref":"岡山県","city":"苫田郡鏡野町","town":"沖"}],"0503":[{"pref":"岡山県","city":"苫田郡鏡野町","town":"奥津"}],"0504":[{"pref":"岡山県","city":"苫田郡鏡野町","town":"奥津川西"}],"0363":[{"pref":"岡山県","city":"苫田郡鏡野町","town":"小座"}],"0423":[{"pref":"岡山県","city":"苫田郡鏡野町","town":"女原"}],"0312":[{"pref":"岡山県","city":"苫田郡鏡野町","town":"香々美"}],"0601":[{"pref":"岡山県","city":"苫田郡鏡野町","town":"上齋原"}],"0361":[{"pref":"岡山県","city":"苫田郡鏡野町","town":"上森原"}],"0705":[{"pref":"岡山県","city":"苫田郡鏡野町","town":"楠"}],"0432":[{"pref":"岡山県","city":"苫田郡鏡野町","town":"久田上原"}],"0433":[{"pref":"岡山県","city":"苫田郡鏡野町","town":"久田下原"}],"0313":[{"pref":"岡山県","city":"苫田郡鏡野町","town":"公保田"}],"0435":[{"pref":"岡山県","city":"苫田郡鏡野町","town":"黒木"}],"0431":[{"pref":"岡山県","city":"苫田郡鏡野町","town":"河内"}],"0343":[{"pref":"岡山県","city":"苫田郡鏡野町","town":"河本"}],"0301":[{"pref":"岡山県","city":"苫田郡鏡野町","town":"越畑"}],"0304":[{"pref":"岡山県","city":"苫田郡鏡野町","town":"真経"}],"0314":[{"pref":"岡山県","city":"苫田郡鏡野町","town":"沢田"}],"0427":[{"pref":"岡山県","city":"苫田郡鏡野町","town":"至孝農"}],"0501":[{"pref":"岡山県","city":"苫田郡鏡野町","town":"下斎原"}],"0341":[{"pref":"岡山県","city":"苫田郡鏡野町","town":"下原"}],"0364":[{"pref":"岡山県","city":"苫田郡鏡野町","town":"下森原"}],"0424":[{"pref":"岡山県","city":"苫田郡鏡野町","town":"杉"}],"0325":[{"pref":"岡山県","city":"苫田郡鏡野町","town":"瀬戸"}],"0345":[{"pref":"岡山県","city":"苫田郡鏡野町","town":"高山"}],"0342":[{"pref":"岡山県","city":"苫田郡鏡野町","town":"薪森原"}],"0324":[{"pref":"岡山県","city":"苫田郡鏡野町","town":"竹田"}],"0365":[{"pref":"岡山県","city":"苫田郡鏡野町","town":"塚谷"}],"0362":[{"pref":"岡山県","city":"苫田郡鏡野町","town":"貞永寺"}],"0323":[{"pref":"岡山県","city":"苫田郡鏡野町","town":"寺元"}],"0311":[{"pref":"岡山県","city":"苫田郡鏡野町","town":"寺和田"}],"0317":[{"pref":"岡山県","city":"苫田郡鏡野町","town":"土居"}],"0703":[{"pref":"岡山県","city":"苫田郡鏡野町","town":"富仲間"}],"0701":[{"pref":"岡山県","city":"苫田郡鏡野町","town":"富西谷"}],"0702":[{"pref":"岡山県","city":"苫田郡鏡野町","town":"富東谷"}],"0353":[{"pref":"岡山県","city":"苫田郡鏡野町","town":"中谷"}],"0502":[{"pref":"岡山県","city":"苫田郡鏡野町","town":"長藤"}],"0426":[{"pref":"岡山県","city":"苫田郡鏡野町","town":"西屋"}],"0331":[{"pref":"岡山県","city":"苫田郡鏡野町","town":"布原"}],"0425":[{"pref":"岡山県","city":"苫田郡鏡野町","town":"箱"}],"0511":[{"pref":"岡山県","city":"苫田郡鏡野町","town":"羽出"}],"0512":[{"pref":"岡山県","city":"苫田郡鏡野町","town":"羽出西谷"}],"0366":[{"pref":"岡山県","city":"苫田郡鏡野町","town":"馬場"}],"0434":[{"pref":"岡山県","city":"苫田郡鏡野町","town":"土生"}],"0344":[{"pref":"岡山県","city":"苫田郡鏡野町","town":"原"}],"0333":[{"pref":"岡山県","city":"苫田郡鏡野町","town":"古川"}],"0335":[{"pref":"岡山県","city":"苫田郡鏡野町","town":"真加部"}],"0334":[{"pref":"岡山県","city":"苫田郡鏡野町","town":"宗枝"}],"0305":[{"pref":"岡山県","city":"苫田郡鏡野町","town":"百谷"}],"0352":[{"pref":"岡山県","city":"苫田郡鏡野町","town":"山城"}],"0422":[{"pref":"岡山県","city":"苫田郡鏡野町","town":"養野"}],"0332":[{"pref":"岡山県","city":"苫田郡鏡野町","town":"吉原"}],"0316":[{"pref":"岡山県","city":"苫田郡鏡野町","town":"和田"}]}