{"0000":[{"pref":"神奈川県","city":"小田原市","town":"以下に掲載がない場合"}],"0053":[{"pref":"神奈川県","city":"小田原市","town":"穴部"}],"0864":[{"pref":"神奈川県","city":"小田原市","town":"穴部新田"}],"0856":[{"pref":"神奈川県","city":"小田原市","town":"新屋"}],"0863":[{"pref":"神奈川県","city":"小田原市","town":"飯泉"}],"0854":[{"pref":"神奈川県","city":"小田原市","town":"飯田岡"}],"0041":[{"pref":"神奈川県","city":"小田原市","town":"池上"}],"0056":[{"pref":"神奈川県","city":"小田原市","town":"井細田"}],"0022":[{"pref":"神奈川県","city":"小田原市","town":"石橋"}],"0034":[{"pref":"神奈川県","city":"小田原市","town":"板橋"}],"0031":[{"pref":"神奈川県","city":"小田原市","town":"入生田"}],"0025":[{"pref":"神奈川県","city":"小田原市","town":"江之浦"}],"0001":[{"pref":"神奈川県","city":"小田原市","town":"扇町"}],"0042":[{"pref":"神奈川県","city":"小田原市","town":"荻窪"}],"0211":[{"pref":"神奈川県","city":"小田原市","town":"鬼柳"}],"0032":[{"pref":"神奈川県","city":"小田原市","town":"風祭"}],"0877":[{"pref":"神奈川県","city":"小田原市","town":"上新田"}],"0202":[{"pref":"神奈川県","city":"小田原市","town":"上曽我"}],"0874":[{"pref":"神奈川県","city":"小田原市","town":"鴨宮"}],"0852":[{"pref":"神奈川県","city":"小田原市","town":"栢山"}],"0051":[{"pref":"神奈川県","city":"小田原市","town":"北ノ窪"}],"0055":[{"pref":"神奈川県","city":"小田原市","town":"久野"}],"0861":[{"pref":"神奈川県","city":"小田原市","town":"桑原"}],"0858":[{"pref":"神奈川県","city":"小田原市","town":"小台"}],"0002":[{"pref":"神奈川県","city":"小田原市","town":"寿町"}],"0023":[{"pref":"神奈川県","city":"小田原市","town":"米神"}],"0011":[{"pref":"神奈川県","city":"小田原市","town":"栄町"}],"0855":[{"pref":"神奈川県","city":"小田原市","town":"清水新田"}],"0208":[{"pref":"神奈川県","city":"小田原市","town":"下大井"}],"0878":[{"pref":"神奈川県","city":"小田原市","town":"下新田"}],"0871":[{"pref":"神奈川県","city":"小田原市","town":"下堀"}],"0046":[{"pref":"神奈川県","city":"小田原市","town":"十字"}],"0014":[{"pref":"神奈川県","city":"小田原市","town":"城内"}],"0045":[{"pref":"神奈川県","city":"小田原市","town":"城山"}],"0201":[{"pref":"神奈川県","city":"小田原市","town":"曽我大沢"}],"0203":[{"pref":"神奈川県","city":"小田原市","town":"曽我岸"}],"0207":[{"pref":"神奈川県","city":"小田原市","town":"曽我光海"}],"0205":[{"pref":"神奈川県","city":"小田原市","town":"曽我別所"}],"0204":[{"pref":"神奈川県","city":"小田原市","town":"曽我谷津"}],"0206":[{"pref":"神奈川県","city":"小田原市","town":"曽我原"}],"0851":[{"pref":"神奈川県","city":"小田原市","town":"曽比"}],"0216":[{"pref":"神奈川県","city":"小田原市","town":"高田"}],"0054":[{"pref":"神奈川県","city":"小田原市","town":"多古"}],"0215":[{"pref":"神奈川県","city":"小田原市","town":"千代"}],"0872":[{"pref":"神奈川県","city":"小田原市","town":"中里"}],"0876":[{"pref":"神奈川県","city":"小田原市","town":"中新田"}],"0866":[{"pref":"神奈川県","city":"小田原市","town":"中曽根"}],"0005":[{"pref":"神奈川県","city":"小田原市","town":"中町"}],"0214":[{"pref":"神奈川県","city":"小田原市","town":"永塚"}],"0862":[{"pref":"神奈川県","city":"小田原市","town":"成田"}],"0212":[{"pref":"神奈川県","city":"小田原市","town":"西大友"}],"0024":[{"pref":"神奈川県","city":"小田原市","town":"根府川"}],"0218":[{"pref":"神奈川県","city":"小田原市","town":"延清"}],"0004":[{"pref":"神奈川県","city":"小田原市","town":"浜町"}],"0021":[{"pref":"神奈川県","city":"小田原市","town":"早川"}],"0213":[{"pref":"神奈川県","city":"小田原市","town":"東大友"}],"0003":[{"pref":"神奈川県","city":"小田原市","town":"東町"}],"0052":[{"pref":"神奈川県","city":"小田原市","town":"府川"}],"0217":[{"pref":"神奈川県","city":"小田原市","town":"別堀"}],"0853":[{"pref":"神奈川県","city":"小田原市","town":"堀之内"}],"0012":[{"pref":"神奈川県","city":"小田原市","town":"本町"}],"0033":[{"pref":"神奈川県","city":"小田原市","town":"水之尾"}],"0044":[{"pref":"神奈川県","city":"小田原市","town":"緑"}],"0035":[{"pref":"神奈川県","city":"小田原市","town":"南板橋"}],"0875":[{"pref":"神奈川県","city":"小田原市","town":"南鴨宮"}],"0013":[{"pref":"神奈川県","city":"小田原市","town":"南町"}],"0043":[{"pref":"神奈川県","city":"小田原市","town":"谷津"}],"0857":[{"pref":"神奈川県","city":"小田原市","town":"柳新田"}],"0873":[{"pref":"神奈川県","city":"小田原市","town":"矢作"}],"0865":[{"pref":"神奈川県","city":"小田原市","town":"蓮正寺"}],"0100":[{"pref":"神奈川県","city":"南足柄市","town":"以下に掲載がない場合"}],"0134":[{"pref":"神奈川県","city":"南足柄市","town":"雨坪"}],"0122":[{"pref":"神奈川県","city":"南足柄市","town":"飯沢"}],"0124":[{"pref":"神奈川県","city":"南足柄市","town":"生駒"}],"0113":[{"pref":"神奈川県","city":"南足柄市","town":"岩原"}],"0131":[{"pref":"神奈川県","city":"南足柄市","town":"内山"}],"0126":[{"pref":"神奈川県","city":"南足柄市","town":"狩野"}],"0135":[{"pref":"神奈川県","city":"南足柄市","town":"苅野"}],"0114":[{"pref":"神奈川県","city":"南足柄市","town":"北窪"}],"0107":[{"pref":"神奈川県","city":"南足柄市","town":"小市"}],"0132":[{"pref":"神奈川県","city":"南足柄市","town":"弘西寺"}],"0125":[{"pref":"神奈川県","city":"南足柄市","town":"駒形新宿"}],"0105":[{"pref":"神奈川県","city":"南足柄市","town":"関本"}],"0102":[{"pref":"神奈川県","city":"南足柄市","town":"千津島"}],"0127":[{"pref":"神奈川県","city":"南足柄市","town":"大雄町"}],"0111":[{"pref":"神奈川県","city":"南足柄市","town":"竹松"}],"0117":[{"pref":"神奈川県","city":"南足柄市","town":"塚原"}],"0123":[{"pref":"神奈川県","city":"南足柄市","town":"中沼"}],"0106":[{"pref":"神奈川県","city":"南足柄市","town":"怒田"}],"0115":[{"pref":"神奈川県","city":"南足柄市","town":"沼田"}],"0121":[{"pref":"神奈川県","city":"南足柄市","town":"広町"}],"0133":[{"pref":"神奈川県","city":"南足柄市","town":"福泉"}],"0101":[{"pref":"神奈川県","city":"南足柄市","town":"班目"}],"0103":[{"pref":"神奈川県","city":"南足柄市","town":"壗下"}],"0116":[{"pref":"神奈川県","city":"南足柄市","town":"三竹"}],"0104":[{"pref":"神奈川県","city":"南足柄市","town":"向田"}],"0136":[{"pref":"神奈川県","city":"南足柄市","town":"矢倉沢"}],"0112":[{"pref":"神奈川県","city":"南足柄市","town":"和田河原"}],"0500":[{"pref":"神奈川県","city":"足柄下郡箱根町","town":"以下に掲載がない場合"}],"0523":[{"pref":"神奈川県","city":"足柄下郡箱根町","town":"芦之湯"}],"0405":[{"pref":"神奈川県","city":"足柄下郡箱根町","town":"大平台"}],"0402":[{"pref":"神奈川県","city":"足柄下郡箱根町","town":"木賀"}],"0406":[{"pref":"神奈川県","city":"足柄下郡箱根町","town":"小涌谷"}],"0408":[{"pref":"神奈川県","city":"足柄下郡箱根町","town":"強羅"}],"0313":[{"pref":"神奈川県","city":"足柄下郡箱根町","town":"須雲川"}],"0631":[{"pref":"神奈川県","city":"足柄下郡箱根町","town":"仙石原"}],"0403":[{"pref":"神奈川県","city":"足柄下郡箱根町","town":"底倉"}],"0315":[{"pref":"神奈川県","city":"足柄下郡箱根町","town":"塔之澤"}],"0407":[{"pref":"神奈川県","city":"足柄下郡箱根町","town":"二ノ平"}],"0521":[{"pref":"神奈川県","city":"足柄下郡箱根町","town":"箱根"}],"0314":[{"pref":"神奈川県","city":"足柄下郡箱根町","town":"畑宿"}],"0401":[{"pref":"神奈川県","city":"足柄下郡箱根町","town":"宮城野"}],"0404":[{"pref":"神奈川県","city":"足柄下郡箱根町","town":"宮ノ下"}],"0522":[{"pref":"神奈川県","city":"足柄下郡箱根町","town":"元箱根"}],"0311":[{"pref":"神奈川県","city":"足柄下郡箱根町","town":"湯本"}],"0312":[{"pref":"神奈川県","city":"足柄下郡箱根町","town":"湯本茶屋"}]}