{"1131":[{"pref":"広島県","city":"福山市","town":"駅家町万能倉"}],"1132":[{"pref":"広島県","city":"福山市","town":"駅家町倉光"}],"1133":[{"pref":"広島県","city":"福山市","town":"駅家町近田"}],"1134":[{"pref":"広島県","city":"福山市","town":"駅家町中島"}],"1135":[{"pref":"広島県","city":"福山市","town":"駅家町弥生ケ丘"}],"1141":[{"pref":"広島県","city":"福山市","town":"駅家町江良"}],"1142":[{"pref":"広島県","city":"福山市","town":"駅家町上山守"}],"1143":[{"pref":"広島県","city":"福山市","town":"駅家町下山守"}],"1144":[{"pref":"広島県","city":"福山市","town":"駅家町坊寺"}],"1145":[{"pref":"広島県","city":"福山市","town":"駅家町今岡"}],"1146":[{"pref":"広島県","city":"福山市","town":"駅家町大橋"}],"1147":[{"pref":"広島県","city":"福山市","town":"駅家町向永谷"}],"1261":[{"pref":"広島県","city":"福山市","town":"芦田町上有地"}],"1262":[{"pref":"広島県","city":"福山市","town":"芦田町下有地"}],"1263":[{"pref":"広島県","city":"福山市","town":"芦田町柞磨"}],"1264":[{"pref":"広島県","city":"福山市","town":"芦田町福田（３７６－１０を除く）"}],"1265":[{"pref":"広島県","city":"福山市","town":"芦田町向陽台"}],"1410":[{"pref":"広島県","city":"神石郡神石高原町","town":"高蓋"}],"1411":[{"pref":"広島県","city":"神石郡神石高原町","town":"光信"}],"1412":[{"pref":"広島県","city":"神石郡神石高原町","town":"光末"}],"1413":[{"pref":"広島県","city":"神石郡神石高原町","town":"父木野"}],"1414":[{"pref":"広島県","city":"神石郡神石高原町","town":"桑木"}],"1415":[{"pref":"広島県","city":"神石郡神石高原町","town":"階見"}],"1416":[{"pref":"広島県","city":"神石郡神石高原町","town":"木津和"}],"1521":[{"pref":"広島県","city":"神石郡神石高原町","town":"阿下"}],"1522":[{"pref":"広島県","city":"神石郡神石高原町","town":"小畠"}],"1523":[{"pref":"広島県","city":"神石郡神石高原町","town":"亀石"}],"1524":[{"pref":"広島県","city":"神石郡神石高原町","town":"常光"}],"1525":[{"pref":"広島県","city":"神石郡神石高原町","town":"上"}],"1601":[{"pref":"広島県","city":"神石郡神石高原町","town":"大矢"}],"1602":[{"pref":"広島県","city":"神石郡神石高原町","town":"井関"}],"1603":[{"pref":"広島県","city":"神石郡神石高原町","town":"時安"}],"1604":[{"pref":"広島県","city":"神石郡神石高原町","town":"坂瀬川"}],"1621":[{"pref":"広島県","city":"神石郡神石高原町","town":"李"}],"1622":[{"pref":"広島県","city":"神石郡神石高原町","town":"近田"}],"1623":[{"pref":"広島県","city":"神石郡神石高原町","town":"花済"}],"1624":[{"pref":"広島県","city":"神石郡神石高原町","town":"上野"}],"1701":[{"pref":"広島県","city":"神石郡神石高原町","town":"有木"}],"1702":[{"pref":"広島県","city":"神石郡神石高原町","town":"上豊松"}],"1703":[{"pref":"広島県","city":"神石郡神石高原町","town":"笹尾"}],"1704":[{"pref":"広島県","city":"神石郡神石高原町","town":"下豊松"}],"1705":[{"pref":"広島県","city":"神石郡神石高原町","town":"中平"}],"1800":[{"pref":"広島県","city":"神石郡神石高原町","town":"以下に掲載がない場合"}],"1811":[{"pref":"広島県","city":"神石郡神石高原町","town":"安田"}],"1812":[{"pref":"広島県","city":"神石郡神石高原町","town":"油木"}],"1901":[{"pref":"広島県","city":"神石郡神石高原町","town":"小野"}],"1902":[{"pref":"広島県","city":"神石郡神石高原町","town":"新免"}],"2101":[{"pref":"広島県","city":"福山市","town":"神辺町三谷"}],"2102":[{"pref":"広島県","city":"福山市","town":"神辺町東中条"}],"2103":[{"pref":"広島県","city":"福山市","town":"神辺町西中条"}],"2104":[{"pref":"広島県","city":"福山市","town":"神辺町道上"}],"2105":[{"pref":"広島県","city":"福山市","town":"神辺町十三軒屋"}],"2106":[{"pref":"広島県","city":"福山市","town":"神辺町十九軒屋"}],"2107":[{"pref":"広島県","city":"福山市","town":"神辺町新道上"}],"2108":[{"pref":"広島県","city":"福山市","town":"神辺町新十九"}],"2111":[{"pref":"広島県","city":"福山市","town":"神辺町上御領"}],"2112":[{"pref":"広島県","city":"福山市","town":"神辺町八尋"}],"2113":[{"pref":"広島県","city":"福山市","town":"神辺町旭丘"}],"2114":[{"pref":"広島県","city":"福山市","town":"神辺町上竹田"}],"2115":[{"pref":"広島県","city":"福山市","town":"神辺町下竹田"}],"2116":[{"pref":"広島県","city":"福山市","town":"神辺町平野"}],"2117":[{"pref":"広島県","city":"福山市","town":"神辺町下御領"}],"2121":[{"pref":"広島県","city":"福山市","town":"神辺町湯野"}],"2122":[{"pref":"広島県","city":"福山市","town":"神辺町新湯野"}],"2123":[{"pref":"広島県","city":"福山市","town":"神辺町川北"}],"2124":[{"pref":"広島県","city":"福山市","town":"神辺町川南"}],"2125":[{"pref":"広島県","city":"福山市","town":"神辺町新徳田"}],"2126":[{"pref":"広島県","city":"福山市","town":"神辺町徳田"}],"2127":[{"pref":"広島県","city":"福山市","town":"神辺町箱田"}],"2410":[{"pref":"広島県","city":"福山市","town":"加茂町八軒屋"}],"2412":[{"pref":"広島県","city":"福山市","town":"加茂町下加茂"}],"2413":[{"pref":"広島県","city":"福山市","town":"駅家町法成寺"}],"2414":[{"pref":"広島県","city":"福山市","town":"加茂町百谷"}],"2415":[{"pref":"広島県","city":"福山市","town":"加茂町北山"}],"2416":[{"pref":"広島県","city":"福山市","town":"加茂町粟根"}],"2417":[{"pref":"広島県","city":"福山市","town":"加茂町芦原"}],"2418":[{"pref":"広島県","city":"福山市","town":"加茂町中野"}],"2419":[{"pref":"広島県","city":"福山市","town":"加茂町上加茂"}],"2521":[{"pref":"広島県","city":"福山市","town":"駅家町服部本郷"}],"2522":[{"pref":"広島県","city":"福山市","town":"駅家町服部永谷"}],"2523":[{"pref":"広島県","city":"福山市","town":"駅家町新山"}],"2524":[{"pref":"広島県","city":"福山市","town":"駅家町助元"}],"2525":[{"pref":"広島県","city":"福山市","town":"駅家町雨木"}],"2601":[{"pref":"広島県","city":"福山市","town":"山野町矢川"}],"2602":[{"pref":"広島県","city":"福山市","town":"山野町山野"}],"0551":[{"pref":"広島県","city":"尾道市","town":"浦崎町"}],"0843":[{"pref":"広島県","city":"福山市","town":"赤坂町赤坂"}],"0844":[{"pref":"広島県","city":"福山市","town":"赤坂町早戸"}],"0033":[{"pref":"広島県","city":"福山市","town":"旭町"}],"0845":[{"pref":"広島県","city":"福山市","town":"芦田町福田（３７６－１０「聖宝寺」）"}],"0046":[{"pref":"広島県","city":"福山市","town":"今町"}],"0801":[{"pref":"広島県","city":"福山市","town":"入船町"}],"0055":[{"pref":"広島県","city":"福山市","town":"胡町"}],"0825":[{"pref":"広島県","city":"福山市","town":"沖野上町"}],"0044":[{"pref":"広島県","city":"福山市","town":"笠岡町"}],"0091":[{"pref":"広島県","city":"福山市","town":"神島町"}],"0812":[{"pref":"広島県","city":"福山市","town":"霞町"}],"0541":[{"pref":"広島県","city":"福山市","town":"金江町金見"}],"0542":[{"pref":"広島県","city":"福山市","town":"金江町藁江"}],"0822":[{"pref":"広島県","city":"福山市","town":"川口町"}],"0074":[{"pref":"広島県","city":"福山市","town":"北本庄"}],"0023":[{"pref":"広島県","city":"福山市","town":"北美台"}],"0073":[{"pref":"広島県","city":"福山市","town":"北吉津町"}],"0082":[{"pref":"広島県","city":"福山市","town":"木之庄町"}],"0831":[{"pref":"広島県","city":"福山市","town":"草戸町"}],"0411":[{"pref":"広島県","city":"福山市","town":"熊野町"}],"0814":[{"pref":"広島県","city":"福山市","town":"光南町"}],"0093":[{"pref":"広島県","city":"福山市","town":"郷分町"}],"0081":[{"pref":"広島県","city":"福山市","town":"向陽町"}],"0051":[{"pref":"広島県","city":"福山市","town":"桜馬場町"}],"0835":[{"pref":"広島県","city":"福山市","town":"佐波町"}],"0066":[{"pref":"広島県","city":"福山市","town":"三之丸町"}],"0816":[{"pref":"広島県","city":"福山市","town":"地吹町"}],"0025":[{"pref":"広島県","city":"福山市","town":"清水ケ丘"}],"0808":[{"pref":"広島県","city":"福山市","town":"昭和町"}],"0054":[{"pref":"広島県","city":"福山市","town":"城見町"}],"0809":[{"pref":"広島県","city":"福山市","town":"住吉町"}],"0838":[{"pref":"広島県","city":"福山市","town":"瀬戸町山北"}],"0837":[{"pref":"広島県","city":"福山市","town":"瀬戸町地頭分"}],"0836":[{"pref":"広島県","city":"福山市","town":"瀬戸町長和"}],"0017":[{"pref":"広島県","city":"福山市","town":"千田町"}],"0015":[{"pref":"広島県","city":"福山市","town":"千田町坂田"}],"0013":[{"pref":"広島県","city":"福山市","town":"千田町千田"}],"0014":[{"pref":"広島県","city":"福山市","town":"千田町薮路"}],"0016":[{"pref":"広島県","city":"福山市","town":"千田町坂田北"}],"0024":[{"pref":"広島県","city":"福山市","town":"高美台"}],"0045":[{"pref":"広島県","city":"福山市","town":"宝町"}],"0824":[{"pref":"広島県","city":"福山市","town":"多治米町"}],"0203":[{"pref":"広島県","city":"福山市","town":"田尻町"}],"0053":[{"pref":"広島県","city":"福山市","town":"大黒町"}],"0075":[{"pref":"広島県","city":"福山市","town":"長者町"}],"0823":[{"pref":"広島県","city":"福山市","town":"千代田町"}],"0842":[{"pref":"広島県","city":"福山市","town":"津之郷町加屋"}],"0841":[{"pref":"広島県","city":"福山市","town":"津之郷町津之郷"}],"0041":[{"pref":"広島県","city":"福山市","town":"寺町"}],"0813":[{"pref":"広島県","city":"福山市","town":"道三町"}],"0202":[{"pref":"広島県","city":"福山市","town":"鞆町後地"}],"0201":[{"pref":"広島県","city":"福山市","town":"鞆町鞆"}],"0022":[{"pref":"広島県","city":"福山市","town":"奈良津町"}],"0818":[{"pref":"広島県","city":"福山市","town":"西桜町"}],"0067":[{"pref":"広島県","city":"福山市","town":"西町"}],"0401":[{"pref":"広島県","city":"福山市","town":"沼隈町上山南"}],"0311":[{"pref":"広島県","city":"福山市","town":"沼隈町草深"}],"0403":[{"pref":"広島県","city":"福山市","town":"沼隈町下山南"}],"0313":[{"pref":"広島県","city":"福山市","town":"沼隈町常石"}],"0402":[{"pref":"広島県","city":"福山市","town":"沼隈町中山南"}],"0312":[{"pref":"広島県","city":"福山市","town":"沼隈町能登原"}],"0815":[{"pref":"広島県","city":"福山市","town":"野上町"}],"0064":[{"pref":"広島県","city":"福山市","town":"延広町"}],"0204":[{"pref":"広島県","city":"福山市","town":"走島町"}],"0803":[{"pref":"広島県","city":"福山市","town":"花園町"}],"0821":[{"pref":"広島県","city":"福山市","town":"東川口町"}],"0065":[{"pref":"広島県","city":"福山市","town":"東桜町"}],"0052":[{"pref":"広島県","city":"福山市","town":"東町"}],"0839":[{"pref":"広島県","city":"福山市","town":"東明王台"}],"0071":[{"pref":"広島県","city":"福山市","town":"東吉津町"}],"0083":[{"pref":"広島県","city":"福山市","town":"久松台"}],"0062":[{"pref":"広島県","city":"福山市","town":"伏見町"}],"0543":[{"pref":"広島県","city":"福山市","town":"藤江町"}],"0043":[{"pref":"広島県","city":"福山市","town":"船町"}],"0817":[{"pref":"広島県","city":"福山市","town":"古野上町"}],"0076":[{"pref":"広島県","city":"福山市","town":"本庄町中"}],"0056":[{"pref":"広島県","city":"福山市","town":"本町"}],"0802":[{"pref":"広島県","city":"福山市","town":"松浜町"}],"0061":[{"pref":"広島県","city":"福山市","town":"丸之内"}],"0805":[{"pref":"広島県","city":"福山市","town":"御門町"}],"0804":[{"pref":"広島県","city":"福山市","town":"緑町"}],"0077":[{"pref":"広島県","city":"福山市","town":"南本庄"}],"0806":[{"pref":"広島県","city":"福山市","town":"南町"}],"0832":[{"pref":"広島県","city":"福山市","town":"水呑町"}],"0833":[{"pref":"広島県","city":"福山市","town":"水呑向丘"}],"0042":[{"pref":"広島県","city":"福山市","town":"御船町"}],"0001":[{"pref":"広島県","city":"福山市","town":"御幸町上岩成"}],"0002":[{"pref":"広島県","city":"福山市","town":"御幸町下岩成"}],"0004":[{"pref":"広島県","city":"福山市","town":"御幸町中津原"}],"0003":[{"pref":"広島県","city":"福山市","town":"御幸町森脇"}],"0834":[{"pref":"広島県","city":"福山市","town":"明王台"}],"0031":[{"pref":"広島県","city":"福山市","town":"三吉町"}],"0032":[{"pref":"広島県","city":"福山市","town":"三吉町南"}],"0807":[{"pref":"広島県","city":"福山市","town":"明治町"}],"0063":[{"pref":"広島県","city":"福山市","town":"元町"}],"0811":[{"pref":"広島県","city":"福山市","town":"紅葉町"}],"0092":[{"pref":"広島県","city":"福山市","town":"山手町"}],"0011":[{"pref":"広島県","city":"福山市","town":"横尾町"}],"0072":[{"pref":"広島県","city":"福山市","town":"吉津町"}],"0021":[{"pref":"広島県","city":"福山市","town":"緑陽町"}],"0034":[{"pref":"広島県","city":"福山市","town":"若松町"}]}