{"0000":[{"pref":"山形県","city":"天童市","town":"以下に掲載がない場合"}],"0054":[{"pref":"山形県","city":"天童市","town":"荒谷"}],"0057":[{"pref":"山形県","city":"天童市","town":"石鳥居"}],"0015":[{"pref":"山形県","city":"天童市","town":"泉町"}],"0041":[{"pref":"山形県","city":"天童市","town":"五日町"}],"0078":[{"pref":"山形県","city":"天童市","town":"今町"}],"0047":[{"pref":"山形県","city":"天童市","town":"駅西"}],"0013":[{"pref":"山形県","city":"天童市","town":"老野森"}],"0007":[{"pref":"山形県","city":"天童市","town":"大清水"}],"0079":[{"pref":"山形県","city":"天童市","town":"大町"}],"0003":[{"pref":"山形県","city":"天童市","town":"柏木町"}],"0024":[{"pref":"山形県","city":"天童市","town":"鎌田"}],"0025":[{"pref":"山形県","city":"天童市","town":"鎌田本町"}],"0053":[{"pref":"山形県","city":"天童市","town":"上荻野戸"}],"0103":[{"pref":"山形県","city":"天童市","town":"川原子"}],"0011":[{"pref":"山形県","city":"天童市","town":"北久野本"}],"0042":[{"pref":"山形県","city":"天童市","town":"北目"}],"0012":[{"pref":"山形県","city":"天童市","town":"久野本"}],"0077":[{"pref":"山形県","city":"天童市","town":"窪野目"}],"0075":[{"pref":"山形県","city":"天童市","town":"蔵増"}],"0028":[{"pref":"山形県","city":"天童市","town":"鍬ノ町"}],"0032":[{"pref":"山形県","city":"天童市","town":"小路"}],"0004":[{"pref":"山形県","city":"天童市","town":"小関"}],"0027":[{"pref":"山形県","city":"天童市","town":"桜町"}],"0052":[{"pref":"山形県","city":"天童市","town":"下荻野戸"}],"0065":[{"pref":"山形県","city":"天童市","town":"清池"}],"0069":[{"pref":"山形県","city":"天童市","town":"清池東"}],"0005":[{"pref":"山形県","city":"天童市","town":"高木"}],"0068":[{"pref":"山形県","city":"天童市","town":"高擶"}],"0076":[{"pref":"山形県","city":"天童市","town":"高野辺"}],"0046":[{"pref":"山形県","city":"天童市","town":"田鶴町"}],"0104":[{"pref":"山形県","city":"天童市","town":"田麦野"}],"0072":[{"pref":"山形県","city":"天童市","town":"塚野目"}],"0073":[{"pref":"山形県","city":"天童市","town":"寺津"}],"0031":[{"pref":"山形県","city":"天童市","town":"天童中"}],"0023":[{"pref":"山形県","city":"天童市","town":"東善寺"}],"0074":[{"pref":"山形県","city":"天童市","town":"藤内新田"}],"0102":[{"pref":"山形県","city":"天童市","town":"道満"}],"0064":[{"pref":"山形県","city":"天童市","town":"中里"}],"0045":[{"pref":"山形県","city":"天童市","town":"仲町"}],"0066":[{"pref":"山形県","city":"天童市","town":"長岡"}],"0062":[{"pref":"山形県","city":"天童市","town":"長岡北"}],"0051":[{"pref":"山形県","city":"天童市","town":"奈良沢"}],"0006":[{"pref":"山形県","city":"天童市","town":"成生"}],"0014":[{"pref":"山形県","city":"天童市","town":"糠塚"}],"0022":[{"pref":"山形県","city":"天童市","town":"貫津"}],"0067":[{"pref":"山形県","city":"天童市","town":"芳賀"}],"0082":[{"pref":"山形県","city":"天童市","town":"芳賀タウン北"}],"0083":[{"pref":"山形県","city":"天童市","town":"芳賀タウン南"}],"0055":[{"pref":"山形県","city":"天童市","town":"原町"}],"0001":[{"pref":"山形県","city":"天童市","town":"万代"}],"0016":[{"pref":"山形県","city":"天童市","town":"東久野本"}],"0063":[{"pref":"山形県","city":"天童市","town":"東長岡"}],"0061":[{"pref":"山形県","city":"天童市","town":"東芳賀"}],"0026":[{"pref":"山形県","city":"天童市","town":"東本町"}],"0044":[{"pref":"山形県","city":"天童市","town":"一日町"}],"0056":[{"pref":"山形県","city":"天童市","town":"干布"}],"0034":[{"pref":"山形県","city":"天童市","town":"本町"}],"0048":[{"pref":"山形県","city":"天童市","town":"交り江"}],"0043":[{"pref":"山形県","city":"天童市","town":"松城町"}],"0002":[{"pref":"山形県","city":"天童市","town":"乱川"}],"0033":[{"pref":"山形県","city":"天童市","town":"三日町"}],"0081":[{"pref":"山形県","city":"天童市","town":"南小畑"}],"0049":[{"pref":"山形県","city":"天童市","town":"南町"}],"0071":[{"pref":"山形県","city":"天童市","town":"矢野目"}],"0101":[{"pref":"山形県","city":"天童市","town":"山口"}],"0021":[{"pref":"山形県","city":"天童市","town":"山元"}]}