{"0000":[{"pref":"山口県","city":"萩市","town":"以下に掲載がない場合"}],"0001":[{"pref":"山口県","city":"萩市","town":"相島"}],"0051":[{"pref":"山口県","city":"萩市","town":"油屋町"}],"0052":[{"pref":"山口県","city":"萩市","town":"今魚店町"}],"0021":[{"pref":"山口県","city":"萩市","town":"今古萩町"}],"0033":[{"pref":"山口県","city":"萩市","town":"恵美須町"}],"0041":[{"pref":"山口県","city":"萩市","town":"江向"}],"0003":[{"pref":"山口県","city":"萩市","town":"大島"}],"0042":[{"pref":"山口県","city":"萩市","town":"御許町"}],"0301":[{"pref":"山口県","city":"萩市","town":"片俣"}],"0043":[{"pref":"山口県","city":"萩市","town":"上五間町"},{"pref":"山口県","city":"萩市","town":"下五間町"}],"0044":[{"pref":"山口県","city":"萩市","town":"唐樋町"}],"0141":[{"pref":"山口県","city":"萩市","town":"川上"}],"0031":[{"pref":"山口県","city":"萩市","town":"川島"}],"0071":[{"pref":"山口県","city":"萩市","town":"瓦町"}],"0053":[{"pref":"山口県","city":"萩市","town":"北片河町"}],"0032":[{"pref":"山口県","city":"萩市","town":"北古萩町"}],"0304":[{"pref":"山口県","city":"萩市","town":"吉部上"}],"0305":[{"pref":"山口県","city":"萩市","town":"吉部下"}],"0034":[{"pref":"山口県","city":"萩市","town":"熊谷町"}],"0213":[{"pref":"山口県","city":"萩市","town":"黒川"}],"0073":[{"pref":"山口県","city":"萩市","town":"河添"}],"0072":[{"pref":"山口県","city":"萩市","town":"呉服町"}],"0045":[{"pref":"山口県","city":"萩市","town":"米屋町"}],"0035":[{"pref":"山口県","city":"萩市","town":"細工町"}],"0036":[{"pref":"山口県","city":"萩市","town":"塩屋町"}],"0501":[{"pref":"山口県","city":"萩市","town":"紫福"}],"0302":[{"pref":"山口県","city":"萩市","town":"高佐上"}],"0303":[{"pref":"山口県","city":"萩市","town":"高佐下"}],"0054":[{"pref":"山口県","city":"萩市","town":"樽屋町"}],"0011":[{"pref":"山口県","city":"萩市","town":"椿東"}],"0061":[{"pref":"山口県","city":"萩市","town":"椿"}],"0037":[{"pref":"山口県","city":"萩市","town":"津守町"}],"0046":[{"pref":"山口県","city":"萩市","town":"西田町"}],"0062":[{"pref":"山口県","city":"萩市","town":"橋本町"}],"0023":[{"pref":"山口県","city":"萩市","town":"浜崎新町"}],"0022":[{"pref":"山口県","city":"萩市","town":"浜崎町"}],"0055":[{"pref":"山口県","city":"萩市","town":"春若町"}],"0047":[{"pref":"山口県","city":"萩市","town":"東田町"}],"0024":[{"pref":"山口県","city":"萩市","town":"東浜崎町"}],"0004":[{"pref":"山口県","city":"萩市","town":"肥島"}],"0025":[{"pref":"山口県","city":"萩市","town":"土原"}],"0002":[{"pref":"山口県","city":"萩市","town":"櫃島"}],"0074":[{"pref":"山口県","city":"萩市","town":"平安古町"}],"0211":[{"pref":"山口県","city":"萩市","town":"福井上"}],"0212":[{"pref":"山口県","city":"萩市","town":"福井下"}],"0056":[{"pref":"山口県","city":"萩市","town":"古魚店町"}],"0026":[{"pref":"山口県","city":"萩市","town":"古萩町"}],"0057":[{"pref":"山口県","city":"萩市","town":"堀内"}],"0701":[{"pref":"山口県","city":"萩市","town":"見島"}],"0076":[{"pref":"山口県","city":"萩市","town":"南片河町"}],"0077":[{"pref":"山口県","city":"萩市","town":"南古萩町"}],"0063":[{"pref":"山口県","city":"萩市","town":"山田"}],"0027":[{"pref":"山口県","city":"萩市","town":"吉田町"}],"0613":[{"pref":"山口県","city":"阿武郡阿武町","town":"宇生賀"}],"0612":[{"pref":"山口県","city":"阿武郡阿武町","town":"福田上"}],"0611":[{"pref":"山口県","city":"阿武郡阿武町","town":"福田下"}]}