{"0000":[{"pref":"福島県","city":"相馬市","town":"以下に掲載がない場合"}],"0152":[{"pref":"福島県","city":"相馬市","town":"粟津"}],"0006":[{"pref":"福島県","city":"相馬市","town":"石上"}],"0025":[{"pref":"福島県","city":"相馬市","town":"岩子"}],"0007":[{"pref":"福島県","city":"相馬市","town":"大坪"}],"0001":[{"pref":"福島県","city":"相馬市","town":"大野台"}],"0032":[{"pref":"福島県","city":"相馬市","town":"大曲"}],"0016":[{"pref":"福島県","city":"相馬市","town":"沖ノ内"}],"0053":[{"pref":"福島県","city":"相馬市","town":"小野"}],"0022":[{"pref":"福島県","city":"相馬市","town":"尾浜"}],"0034":[{"pref":"福島県","city":"相馬市","town":"柏崎"}],"0014":[{"pref":"福島県","city":"相馬市","town":"北飯渕"}],"0012":[{"pref":"福島県","city":"相馬市","town":"北小泉"}],"0052":[{"pref":"福島県","city":"相馬市","town":"黒木"}],"0013":[{"pref":"福島県","city":"相馬市","town":"小泉"}],"0005":[{"pref":"福島県","city":"相馬市","town":"光陽"}],"0002":[{"pref":"福島県","city":"相馬市","town":"椎木"}],"0154":[{"pref":"福島県","city":"相馬市","town":"玉野"}],"0004":[{"pref":"福島県","city":"相馬市","town":"長老内"}],"0003":[{"pref":"福島県","city":"相馬市","town":"塚部"}],"0015":[{"pref":"福島県","city":"相馬市","town":"塚ノ町"}],"0031":[{"pref":"福島県","city":"相馬市","town":"百槻"}],"0037":[{"pref":"福島県","city":"相馬市","town":"中野"}],"0042":[{"pref":"福島県","city":"相馬市","town":"中村"}],"0033":[{"pref":"福島県","city":"相馬市","town":"新田"}],"0011":[{"pref":"福島県","city":"相馬市","town":"新沼"}],"0041":[{"pref":"福島県","city":"相馬市","town":"西山"}],"0051":[{"pref":"福島県","city":"相馬市","town":"初野"}],"0036":[{"pref":"福島県","city":"相馬市","town":"馬場野"}],"0021":[{"pref":"福島県","city":"相馬市","town":"原釜"}],"0153":[{"pref":"福島県","city":"相馬市","town":"東玉野"}],"0035":[{"pref":"福島県","city":"相馬市","town":"程田"}],"0026":[{"pref":"福島県","city":"相馬市","town":"南飯渕"}],"0024":[{"pref":"福島県","city":"相馬市","town":"本笑"}],"0151":[{"pref":"福島県","city":"相馬市","town":"山上"}],"0023":[{"pref":"福島県","city":"相馬市","town":"和田"}]}