{"0000":[{"pref":"佐賀県","city":"伊万里市","town":"以下に掲載がない場合"}],"0047":[{"pref":"佐賀県","city":"伊万里市","town":"伊万里町甲"}],"0046":[{"pref":"佐賀県","city":"伊万里市","town":"伊万里町乙"}],"0024":[{"pref":"佐賀県","city":"伊万里市","town":"大川内町甲"}],"0025":[{"pref":"佐賀県","city":"伊万里市","town":"大川内町乙"}],"0026":[{"pref":"佐賀県","city":"伊万里市","town":"大川内町丙"}],"0021":[{"pref":"佐賀県","city":"伊万里市","town":"大坪町甲"}],"0022":[{"pref":"佐賀県","city":"伊万里市","town":"大坪町乙"}],"0023":[{"pref":"佐賀県","city":"伊万里市","town":"大坪町丙"}],"0044":[{"pref":"佐賀県","city":"伊万里市","town":"木須町"}],"0124":[{"pref":"佐賀県","city":"伊万里市","town":"黒川町（名村団地）"}],"0123":[{"pref":"佐賀県","city":"伊万里市","town":"黒川町大黒川"}],"0146":[{"pref":"佐賀県","city":"伊万里市","town":"黒川町黒塩"}],"0125":[{"pref":"佐賀県","city":"伊万里市","town":"黒川町小黒川"}],"0121":[{"pref":"佐賀県","city":"伊万里市","town":"黒川町塩屋"}],"0141":[{"pref":"佐賀県","city":"伊万里市","town":"黒川町清水"}],"0142":[{"pref":"佐賀県","city":"伊万里市","town":"黒川町立目"}],"0145":[{"pref":"佐賀県","city":"伊万里市","town":"黒川町椿原"}],"0132":[{"pref":"佐賀県","city":"伊万里市","town":"黒川町長尾"}],"0131":[{"pref":"佐賀県","city":"伊万里市","town":"黒川町畑川内"}],"0134":[{"pref":"佐賀県","city":"伊万里市","town":"黒川町花房"}],"0122":[{"pref":"佐賀県","city":"伊万里市","town":"黒川町福田"}],"0133":[{"pref":"佐賀県","city":"伊万里市","town":"黒川町真手野"}],"0143":[{"pref":"佐賀県","city":"伊万里市","town":"黒川町牟田"}],"0144":[{"pref":"佐賀県","city":"伊万里市","town":"黒川町横野"}],"0041":[{"pref":"佐賀県","city":"伊万里市","town":"新天町"}],"0043":[{"pref":"佐賀県","city":"伊万里市","town":"瀬戸町"}],"0027":[{"pref":"佐賀県","city":"伊万里市","town":"立花町"}],"0032":[{"pref":"佐賀県","city":"伊万里市","town":"二里町大里甲"}],"0035":[{"pref":"佐賀県","city":"伊万里市","town":"二里町大里乙"}],"0034":[{"pref":"佐賀県","city":"伊万里市","town":"二里町中里甲"}],"0033":[{"pref":"佐賀県","city":"伊万里市","town":"二里町中里乙"}],"0031":[{"pref":"佐賀県","city":"伊万里市","town":"二里町八谷搦"}],"0042":[{"pref":"佐賀県","city":"伊万里市","town":"蓮池町"}],"0113":[{"pref":"佐賀県","city":"伊万里市","town":"波多津町板木"}],"0116":[{"pref":"佐賀県","city":"伊万里市","town":"波多津町井野尾"}],"0103":[{"pref":"佐賀県","city":"伊万里市","town":"波多津町内野"}],"0111":[{"pref":"佐賀県","city":"伊万里市","town":"波多津町木場"}],"0104":[{"pref":"佐賀県","city":"伊万里市","town":"波多津町煤屋"}],"0112":[{"pref":"佐賀県","city":"伊万里市","town":"波多津町田代"}],"0101":[{"pref":"佐賀県","city":"伊万里市","town":"波多津町辻"}],"0117":[{"pref":"佐賀県","city":"伊万里市","town":"波多津町筒井"}],"0114":[{"pref":"佐賀県","city":"伊万里市","town":"波多津町津留主屋"}],"0115":[{"pref":"佐賀県","city":"伊万里市","town":"波多津町中山"}],"0102":[{"pref":"佐賀県","city":"伊万里市","town":"波多津町畑津"}],"0105":[{"pref":"佐賀県","city":"伊万里市","town":"波多津町馬蛤潟"}],"0045":[{"pref":"佐賀県","city":"伊万里市","town":"松島町"}],"0007":[{"pref":"佐賀県","city":"伊万里市","town":"南波多町井手野"}],"0011":[{"pref":"佐賀県","city":"伊万里市","town":"南波多町大川原"}],"0005":[{"pref":"佐賀県","city":"伊万里市","town":"南波多町大曲"}],"0013":[{"pref":"佐賀県","city":"伊万里市","town":"南波多町笠椎"}],"0014":[{"pref":"佐賀県","city":"伊万里市","town":"南波多町小麦原"}],"0001":[{"pref":"佐賀県","city":"伊万里市","town":"南波多町重橋"}],"0006":[{"pref":"佐賀県","city":"伊万里市","town":"南波多町高瀬"}],"0002":[{"pref":"佐賀県","city":"伊万里市","town":"南波多町谷口"}],"0004":[{"pref":"佐賀県","city":"伊万里市","town":"南波多町水留"}],"0016":[{"pref":"佐賀県","city":"伊万里市","town":"南波多町原屋敷"}],"0015":[{"pref":"佐賀県","city":"伊万里市","town":"南波多町府招"}],"0012":[{"pref":"佐賀県","city":"伊万里市","town":"南波多町古川"}],"0003":[{"pref":"佐賀県","city":"伊万里市","town":"南波多町古里"}],"0028":[{"pref":"佐賀県","city":"伊万里市","town":"脇田町"}],"0404":[{"pref":"長崎県","city":"松浦市","town":"福島町浅谷免"}],"0401":[{"pref":"長崎県","city":"松浦市","town":"福島町喜内瀬免"}],"0408":[{"pref":"長崎県","city":"松浦市","town":"福島町里免"}],"0403":[{"pref":"長崎県","city":"松浦市","town":"福島町塩浜免"}],"0405":[{"pref":"長崎県","city":"松浦市","town":"福島町土谷免"}],"0407":[{"pref":"長崎県","city":"松浦市","town":"福島町鍋串免"}],"0402":[{"pref":"長崎県","city":"松浦市","town":"福島町端免"}],"0406":[{"pref":"長崎県","city":"松浦市","town":"福島町原免"}]}