{"0014":[{"pref":"愛知県","city":"稲沢市","town":"祖父江町大牧"}],"0022":[{"pref":"愛知県","city":"稲沢市","town":"祖父江町甲新田"}],"0031":[{"pref":"愛知県","city":"稲沢市","town":"祖父江町上牧"}],"0015":[{"pref":"愛知県","city":"稲沢市","town":"祖父江町桜方"}],"0021":[{"pref":"愛知県","city":"稲沢市","town":"祖父江町三丸渕"}],"0037":[{"pref":"愛知県","city":"稲沢市","town":"祖父江町拾町野"}],"0023":[{"pref":"愛知県","city":"稲沢市","town":"祖父江町島本"}],"0035":[{"pref":"愛知県","city":"稲沢市","town":"祖父江町神明津"}],"0001":[{"pref":"愛知県","city":"稲沢市","town":"祖父江町祖父江"}],"0003":[{"pref":"愛知県","city":"稲沢市","town":"祖父江町高熊西"}],"0032":[{"pref":"愛知県","city":"稲沢市","town":"祖父江町中牧"}],"0034":[{"pref":"愛知県","city":"稲沢市","town":"祖父江町西鵜之本"}],"0024":[{"pref":"愛知県","city":"稲沢市","town":"祖父江町野田"}],"0013":[{"pref":"愛知県","city":"稲沢市","town":"祖父江町二俣"}],"0012":[{"pref":"愛知県","city":"稲沢市","town":"祖父江町本甲"}],"0036":[{"pref":"愛知県","city":"稲沢市","town":"祖父江町馬飼"}],"0011":[{"pref":"愛知県","city":"稲沢市","town":"祖父江町森上"}],"0002":[{"pref":"愛知県","city":"稲沢市","town":"祖父江町山崎"}],"0033":[{"pref":"愛知県","city":"稲沢市","town":"祖父江町四貫"}],"0025":[{"pref":"愛知県","city":"稲沢市","town":"祖父江町両寺内"}]}