{"0000":[{"pref":"群馬県","city":"伊勢崎市","town":"以下に掲載がない場合"}],"0821":[{"pref":"群馬県","city":"伊勢崎市","town":"阿弥大寺町"}],"0007":[{"pref":"群馬県","city":"伊勢崎市","town":"安堀町"}],"0854":[{"pref":"群馬県","city":"伊勢崎市","town":"飯島町"}],"0804":[{"pref":"群馬県","city":"伊勢崎市","town":"稲荷町"}],"0005":[{"pref":"群馬県","city":"伊勢崎市","town":"乾町"}],"0031":[{"pref":"群馬県","city":"伊勢崎市","town":"今泉町"}],"0823":[{"pref":"群馬県","city":"伊勢崎市","town":"今井町"}],"0006":[{"pref":"群馬県","city":"伊勢崎市","town":"太田町"}],"0048":[{"pref":"群馬県","city":"伊勢崎市","town":"大手町"}],"0015":[{"pref":"群馬県","city":"伊勢崎市","town":"鹿島町"}],"0023":[{"pref":"群馬県","city":"伊勢崎市","town":"粕川町"}],"0045":[{"pref":"群馬県","city":"伊勢崎市","town":"上泉町"}],"0013":[{"pref":"群馬県","city":"伊勢崎市","town":"上植木本町"}],"0021":[{"pref":"群馬県","city":"伊勢崎市","town":"上諏訪町"}],"0851":[{"pref":"群馬県","city":"伊勢崎市","town":"上蓮町"}],"0032":[{"pref":"群馬県","city":"伊勢崎市","town":"北千木町"}],"0056":[{"pref":"群馬県","city":"伊勢崎市","town":"喜多町"}],"0055":[{"pref":"群馬県","city":"伊勢崎市","town":"曲輪町"}],"0003":[{"pref":"群馬県","city":"伊勢崎市","town":"華蔵寺町"}],"0843":[{"pref":"群馬県","city":"伊勢崎市","town":"下道寺町"}],"0853":[{"pref":"群馬県","city":"伊勢崎市","town":"国領町"}],"0052":[{"pref":"群馬県","city":"伊勢崎市","town":"寿町"}],"0831":[{"pref":"群馬県","city":"伊勢崎市","town":"山王町"}],"0046":[{"pref":"群馬県","city":"伊勢崎市","town":"三光町"}],"0011":[{"pref":"群馬県","city":"伊勢崎市","town":"三和町"}],"0824":[{"pref":"群馬県","city":"伊勢崎市","town":"柴町"}],"0024":[{"pref":"群馬県","city":"伊勢崎市","town":"下植木町"}],"0852":[{"pref":"群馬県","city":"伊勢崎市","town":"下蓮町"}],"0014":[{"pref":"群馬県","city":"伊勢崎市","town":"昭和町"}],"0038":[{"pref":"群馬県","city":"伊勢崎市","town":"新栄町"}],"0057":[{"pref":"群馬県","city":"伊勢崎市","town":"末広町"}],"0841":[{"pref":"群馬県","city":"伊勢崎市","town":"大正寺町"}],"0802":[{"pref":"群馬県","city":"伊勢崎市","town":"田中島町"}],"0814":[{"pref":"群馬県","city":"伊勢崎市","town":"田中町"}],"0042":[{"pref":"群馬県","city":"伊勢崎市","town":"中央町"}],"0004":[{"pref":"群馬県","city":"伊勢崎市","town":"堤下町"}],"0002":[{"pref":"群馬県","city":"伊勢崎市","town":"堤西町"}],"0817":[{"pref":"群馬県","city":"伊勢崎市","town":"連取本町"}],"0818":[{"pref":"群馬県","city":"伊勢崎市","town":"連取元町"}],"0812":[{"pref":"群馬県","city":"伊勢崎市","town":"連取町"}],"0833":[{"pref":"群馬県","city":"伊勢崎市","town":"富塚町"}],"0825":[{"pref":"群馬県","city":"伊勢崎市","town":"戸谷塚町"}],"0012":[{"pref":"群馬県","city":"伊勢崎市","town":"豊城町"}],"0822":[{"pref":"群馬県","city":"伊勢崎市","town":"中町"}],"0855":[{"pref":"群馬県","city":"伊勢崎市","town":"長沼町"}],"0816":[{"pref":"群馬県","city":"伊勢崎市","town":"西上之宮町"}],"0058":[{"pref":"群馬県","city":"伊勢崎市","town":"西田町"}],"0813":[{"pref":"群馬県","city":"伊勢崎市","town":"韮塚町"}],"0844":[{"pref":"群馬県","city":"伊勢崎市","town":"羽黒町"}],"0001":[{"pref":"群馬県","city":"伊勢崎市","town":"波志江町"}],"0815":[{"pref":"群馬県","city":"伊勢崎市","town":"東上之宮町"}],"0025":[{"pref":"群馬県","city":"伊勢崎市","town":"東本町"}],"0022":[{"pref":"群馬県","city":"伊勢崎市","town":"日乃出町"}],"0039":[{"pref":"群馬県","city":"伊勢崎市","town":"ひろせ町"}],"0826":[{"pref":"群馬県","city":"伊勢崎市","town":"福島町"}],"0041":[{"pref":"群馬県","city":"伊勢崎市","town":"平和町"}],"0834":[{"pref":"群馬県","city":"伊勢崎市","town":"堀口町"}],"0016":[{"pref":"群馬県","city":"伊勢崎市","town":"本関町"}],"0047":[{"pref":"群馬県","city":"伊勢崎市","town":"本町"}],"0842":[{"pref":"群馬県","city":"伊勢崎市","town":"馬見塚町"}],"0043":[{"pref":"群馬県","city":"伊勢崎市","town":"緑町"}],"0033":[{"pref":"群馬県","city":"伊勢崎市","town":"南千木町"}],"0037":[{"pref":"群馬県","city":"伊勢崎市","town":"美茂呂町"}],"0801":[{"pref":"群馬県","city":"伊勢崎市","town":"宮子町"}],"0803":[{"pref":"群馬県","city":"伊勢崎市","town":"宮古町"}],"0026":[{"pref":"群馬県","city":"伊勢崎市","town":"宮前町"}],"0053":[{"pref":"群馬県","city":"伊勢崎市","town":"宗高町"}],"0034":[{"pref":"群馬県","city":"伊勢崎市","town":"茂呂町"}],"0036":[{"pref":"群馬県","city":"伊勢崎市","town":"茂呂南町"}],"0044":[{"pref":"群馬県","city":"伊勢崎市","town":"八坂町"}],"0827":[{"pref":"群馬県","city":"伊勢崎市","town":"八斗島町"}],"0054":[{"pref":"群馬県","city":"伊勢崎市","town":"柳原町"}],"0051":[{"pref":"群馬県","city":"伊勢崎市","town":"八幡町"}],"0832":[{"pref":"群馬県","city":"伊勢崎市","town":"除ケ町"}],"0811":[{"pref":"群馬県","city":"伊勢崎市","town":"若葉町"}]}