{"0000":[{"pref":"愛知県","city":"名古屋市天白区","town":"以下に掲載がない場合"}],"0836":[{"pref":"愛知県","city":"名古屋市天白区","town":"相川"}],"0013":[{"pref":"愛知県","city":"名古屋市天白区","town":"荒池"}],"0052":[{"pref":"愛知県","city":"名古屋市天白区","town":"井口"}],"0055":[{"pref":"愛知県","city":"名古屋市天白区","town":"池場"}],"0067":[{"pref":"愛知県","city":"名古屋市天白区","town":"池見"}],"0008":[{"pref":"愛知県","city":"名古屋市天白区","town":"一本松"}],"0047":[{"pref":"愛知県","city":"名古屋市天白区","town":"井の森町"}],"0051":[{"pref":"愛知県","city":"名古屋市天白区","town":"植田"}],"0007":[{"pref":"愛知県","city":"名古屋市天白区","town":"植田本町"}],"0001":[{"pref":"愛知県","city":"名古屋市天白区","town":"植田山"}],"0006":[{"pref":"愛知県","city":"名古屋市天白区","town":"植田東"}],"0058":[{"pref":"愛知県","city":"名古屋市天白区","town":"植田西"}],"0053":[{"pref":"愛知県","city":"名古屋市天白区","town":"植田南"}],"0004":[{"pref":"愛知県","city":"名古屋市天白区","town":"梅が丘"}],"0042":[{"pref":"愛知県","city":"名古屋市天白区","town":"海老山町"}],"0072":[{"pref":"愛知県","city":"名古屋市天白区","town":"大坪"}],"0024":[{"pref":"愛知県","city":"名古屋市天白区","town":"大根町"}],"0063":[{"pref":"愛知県","city":"名古屋市天白区","town":"音聞山"}],"0068":[{"pref":"愛知県","city":"名古屋市天白区","town":"表台"}],"0069":[{"pref":"愛知県","city":"名古屋市天白区","town":"表山"}],"0003":[{"pref":"愛知県","city":"名古屋市天白区","town":"鴻の巣"}],"0023":[{"pref":"愛知県","city":"名古屋市天白区","town":"御前場町"}],"0035":[{"pref":"愛知県","city":"名古屋市天白区","town":"境根町"}],"0044":[{"pref":"愛知県","city":"名古屋市天白区","town":"笹原町"}],"0032":[{"pref":"愛知県","city":"名古屋市天白区","town":"山郷町"}],"0073":[{"pref":"愛知県","city":"名古屋市天白区","town":"塩釜口"}],"0056":[{"pref":"愛知県","city":"名古屋市天白区","town":"島田"}],"0029":[{"pref":"愛知県","city":"名古屋市天白区","town":"島田が丘"}],"0028":[{"pref":"愛知県","city":"名古屋市天白区","town":"島田黒石"}],"0043":[{"pref":"愛知県","city":"名古屋市天白区","town":"菅田"}],"0025":[{"pref":"愛知県","city":"名古屋市天白区","town":"高坂町"}],"0022":[{"pref":"愛知県","city":"名古屋市天白区","town":"高島"}],"0031":[{"pref":"愛知県","city":"名古屋市天白区","town":"高宮町"}],"0026":[{"pref":"愛知県","city":"名古屋市天白区","town":"土原"}],"0005":[{"pref":"愛知県","city":"名古屋市天白区","town":"天白町植田"}],"0027":[{"pref":"愛知県","city":"名古屋市天白区","town":"天白町島田"}],"0037":[{"pref":"愛知県","city":"名古屋市天白区","town":"天白町野並"}],"0021":[{"pref":"愛知県","city":"名古屋市天白区","town":"天白町平針"}],"0071":[{"pref":"愛知県","city":"名古屋市天白区","town":"天白町八事"}],"0064":[{"pref":"愛知県","city":"名古屋市天白区","town":"道明町"}],"0065":[{"pref":"愛知県","city":"名古屋市天白区","town":"中砂町"}],"0048":[{"pref":"愛知県","city":"名古屋市天白区","town":"中坪町"}],"0014":[{"pref":"愛知県","city":"名古屋市天白区","town":"中平"}],"0039":[{"pref":"愛知県","city":"名古屋市天白区","town":"西入町"}],"0045":[{"pref":"愛知県","city":"名古屋市天白区","town":"野並"}],"0074":[{"pref":"愛知県","city":"名古屋市天白区","town":"八幡山"}],"0015":[{"pref":"愛知県","city":"名古屋市天白区","town":"原"}],"0034":[{"pref":"愛知県","city":"名古屋市天白区","town":"久方"}],"0033":[{"pref":"愛知県","city":"名古屋市天白区","town":"一つ山"}],"0011":[{"pref":"愛知県","city":"名古屋市天白区","town":"平針"}],"0030":[{"pref":"愛知県","city":"名古屋市天白区","town":"平針台"}],"0020":[{"pref":"愛知県","city":"名古屋市天白区","town":"平針南"}],"0049":[{"pref":"愛知県","city":"名古屋市天白区","town":"福池"}],"0046":[{"pref":"愛知県","city":"名古屋市天白区","town":"古川町"}],"0041":[{"pref":"愛知県","city":"名古屋市天白区","town":"保呂町"}],"0075":[{"pref":"愛知県","city":"名古屋市天白区","town":"御幸山"}],"0012":[{"pref":"愛知県","city":"名古屋市天白区","town":"向が丘"}],"0009":[{"pref":"愛知県","city":"名古屋市天白区","town":"元植田"}],"0066":[{"pref":"愛知県","city":"名古屋市天白区","town":"元八事"}],"0002":[{"pref":"愛知県","city":"名古屋市天白区","town":"焼山"}],"0076":[{"pref":"愛知県","city":"名古屋市天白区","town":"八事石坂"}],"0061":[{"pref":"愛知県","city":"名古屋市天白区","town":"八事天道"}],"0077":[{"pref":"愛知県","city":"名古屋市天白区","town":"八事山"}],"0038":[{"pref":"愛知県","city":"名古屋市天白区","town":"山根町"}],"0062":[{"pref":"愛知県","city":"名古屋市天白区","town":"弥生が岡"}],"0054":[{"pref":"愛知県","city":"名古屋市天白区","town":"横町"}]}