{"0000":[{"pref":"宮崎県","city":"串間市","town":"以下に掲載がない場合"}],"0006":[{"pref":"宮崎県","city":"串間市","town":"秋山"}],"0221":[{"pref":"宮崎県","city":"串間市","town":"大納"}],"0005":[{"pref":"宮崎県","city":"串間市","town":"北方"}],"0004":[{"pref":"宮崎県","city":"串間市","town":"串間"}],"0009":[{"pref":"宮崎県","city":"串間市","town":"崎田"}],"0002":[{"pref":"宮崎県","city":"串間市","town":"高松"}],"0011":[{"pref":"宮崎県","city":"串間市","town":"寺里"}],"0222":[{"pref":"宮崎県","city":"串間市","town":"都井"}],"0001":[{"pref":"宮崎県","city":"串間市","town":"西方"}],"0012":[{"pref":"宮崎県","city":"串間市","town":"西浜"}],"0003":[{"pref":"宮崎県","city":"串間市","town":"奴久見"}],"0013":[{"pref":"宮崎県","city":"串間市","town":"東町"}],"0008":[{"pref":"宮崎県","city":"串間市","town":"本城"}],"0007":[{"pref":"宮崎県","city":"串間市","town":"南方"}]}