{"0000":[{"pref":"島根県","city":"安来市","town":"以下に掲載がない場合"}],"0001":[{"pref":"島根県","city":"安来市","town":"赤江町"}],"0052":[{"pref":"島根県","city":"安来市","town":"赤崎町"}],"0007":[{"pref":"島根県","city":"安来市","town":"荒島町"}],"0066":[{"pref":"島根県","city":"安来市","town":"飯梨町"}],"0055":[{"pref":"島根県","city":"安来市","town":"飯生町"}],"0015":[{"pref":"島根県","city":"安来市","town":"今津町"}],"0065":[{"pref":"島根県","city":"安来市","town":"岩舟町"}],"0063":[{"pref":"島根県","city":"安来市","town":"植田町"}],"0034":[{"pref":"島根県","city":"安来市","town":"宇賀荘町"}],"0057":[{"pref":"島根県","city":"安来市","town":"恵乃島町"}],"0042":[{"pref":"島根県","city":"安来市","town":"大塚町"}],"0046":[{"pref":"島根県","city":"安来市","town":"折坂町"}],"0045":[{"pref":"島根県","city":"安来市","town":"柿谷町"}],"0027":[{"pref":"島根県","city":"安来市","town":"門生町"}],"0002":[{"pref":"島根県","city":"安来市","town":"上坂田町"}],"0043":[{"pref":"島根県","city":"安来市","town":"上吉田町"}],"0071":[{"pref":"島根県","city":"安来市","town":"亀島町"}],"0075":[{"pref":"島根県","city":"安来市","town":"神庭町"}],"0026":[{"pref":"島根県","city":"安来市","town":"吉佐町"}],"0056":[{"pref":"島根県","city":"安来市","town":"清井町"}],"0035":[{"pref":"島根県","city":"安来市","town":"清瀬町"}],"0033":[{"pref":"島根県","city":"安来市","town":"清水町"}],"0051":[{"pref":"島根県","city":"安来市","town":"切川町"}],"0004":[{"pref":"島根県","city":"安来市","town":"久白町"}],"0032":[{"pref":"島根県","city":"安来市","town":"九重町"}],"0023":[{"pref":"島根県","city":"安来市","town":"黒井田町"}],"0031":[{"pref":"島根県","city":"安来市","town":"佐久保町"}],"0062":[{"pref":"島根県","city":"安来市","town":"実松町"}],"0053":[{"pref":"島根県","city":"安来市","town":"沢町"}],"0028":[{"pref":"島根県","city":"安来市","town":"汐手が丘"}],"0024":[{"pref":"島根県","city":"安来市","town":"島田町"}],"0017":[{"pref":"島根県","city":"安来市","town":"下坂田町"}],"0044":[{"pref":"島根県","city":"安来市","town":"下吉田町"}],"0021":[{"pref":"島根県","city":"安来市","town":"新十神町"}],"0047":[{"pref":"島根県","city":"安来市","town":"早田町"}],"0067":[{"pref":"島根県","city":"安来市","town":"田頼町"}],"0013":[{"pref":"島根県","city":"安来市","town":"月坂町"}],"0054":[{"pref":"島根県","city":"安来市","town":"利弘町"}],"0041":[{"pref":"島根県","city":"安来市","town":"鳥木町"}],"0074":[{"pref":"島根県","city":"安来市","town":"中海町"}],"0061":[{"pref":"島根県","city":"安来市","town":"中津町"}],"0003":[{"pref":"島根県","city":"安来市","town":"西赤江町"}],"0006":[{"pref":"島根県","city":"安来市","town":"西荒島町"}],"0058":[{"pref":"島根県","city":"安来市","town":"西恵乃島町"}],"0077":[{"pref":"島根県","city":"安来市","town":"西松井町"}],"0036":[{"pref":"島根県","city":"安来市","town":"野方町"}],"0072":[{"pref":"島根県","city":"安来市","town":"能義町"}],"0321":[{"pref":"島根県","city":"安来市","town":"伯太町赤屋"}],"0213":[{"pref":"島根県","city":"安来市","town":"伯太町井尻"}],"0322":[{"pref":"島根県","city":"安来市","town":"伯太町上小竹"}],"0325":[{"pref":"島根県","city":"安来市","town":"伯太町上十年畑"}],"0324":[{"pref":"島根県","city":"安来市","town":"伯太町草野"}],"0323":[{"pref":"島根県","city":"安来市","town":"伯太町下小竹"}],"0326":[{"pref":"島根県","city":"安来市","town":"伯太町下十年畑"}],"0214":[{"pref":"島根県","city":"安来市","town":"伯太町須山福冨"}],"0215":[{"pref":"島根県","city":"安来市","town":"伯太町高江寸次"}],"0218":[{"pref":"島根県","city":"安来市","town":"伯太町峠之内"}],"0212":[{"pref":"島根県","city":"安来市","town":"伯太町西母里"}],"0207":[{"pref":"島根県","city":"安来市","town":"伯太町東母里"}],"0216":[{"pref":"島根県","city":"安来市","town":"伯太町日次"}],"0203":[{"pref":"島根県","city":"安来市","town":"伯太町未明"}],"0211":[{"pref":"島根県","city":"安来市","town":"伯太町母里"}],"0206":[{"pref":"島根県","city":"安来市","town":"伯太町安田"}],"0202":[{"pref":"島根県","city":"安来市","town":"伯太町安田関"}],"0205":[{"pref":"島根県","city":"安来市","town":"伯太町安田中"}],"0204":[{"pref":"島根県","city":"安来市","town":"伯太町安田宮内"}],"0201":[{"pref":"島根県","city":"安来市","town":"伯太町安田山形"}],"0217":[{"pref":"島根県","city":"安来市","town":"伯太町横屋"}],"0014":[{"pref":"島根県","city":"安来市","town":"飯島町"}],"0016":[{"pref":"島根県","city":"安来市","town":"東赤江町"}],"0005":[{"pref":"島根県","city":"安来市","town":"日白町"}],"0401":[{"pref":"島根県","city":"安来市","town":"広瀬町石原"}],"0622":[{"pref":"島根県","city":"安来市","town":"広瀬町宇波"}],"0625":[{"pref":"島根県","city":"安来市","town":"広瀬町奥田原"}],"0405":[{"pref":"島根県","city":"安来市","town":"広瀬町祖父谷"}],"0732":[{"pref":"島根県","city":"安来市","town":"広瀬町梶福留"}],"0413":[{"pref":"島根県","city":"安来市","town":"広瀬町上山佐"}],"0412":[{"pref":"島根県","city":"安来市","town":"広瀬町下山佐"}],"0411":[{"pref":"島根県","city":"安来市","town":"広瀬町菅原（下田原）"}],"0621":[{"pref":"島根県","city":"安来市","town":"広瀬町菅原（その他）"}],"0403":[{"pref":"島根県","city":"安来市","town":"広瀬町富田"}],"0624":[{"pref":"島根県","city":"安来市","town":"広瀬町西谷"}],"0731":[{"pref":"島根県","city":"安来市","town":"広瀬町西比田"}],"0733":[{"pref":"島根県","city":"安来市","town":"広瀬町東比田"}],"0404":[{"pref":"島根県","city":"安来市","town":"広瀬町広瀬"}],"0623":[{"pref":"島根県","city":"安来市","town":"広瀬町布部"}],"0402":[{"pref":"島根県","city":"安来市","town":"広瀬町町帳"}],"0064":[{"pref":"島根県","city":"安来市","town":"古川町"}],"0025":[{"pref":"島根県","city":"安来市","town":"穂日島町"}],"0022":[{"pref":"島根県","city":"安来市","town":"南十神町"}],"0012":[{"pref":"島根県","city":"安来市","town":"宮内町"}],"0011":[{"pref":"島根県","city":"安来市","town":"安来町"}],"0073":[{"pref":"島根県","city":"安来市","town":"矢田町"}],"0037":[{"pref":"島根県","city":"安来市","town":"吉岡町"}]}