{"0000":[{"pref":"千葉県","city":"富津市","town":"以下に掲載がない場合"}],"0031":[{"pref":"千葉県","city":"富津市","town":"相野谷"}],"0012":[{"pref":"千葉県","city":"富津市","town":"青木"}],"0022":[{"pref":"千葉県","city":"富津市","town":"新井"}],"0033":[{"pref":"千葉県","city":"富津市","town":"一色"}],"0043":[{"pref":"千葉県","city":"富津市","town":"岩瀬"}],"0001":[{"pref":"千葉県","city":"富津市","town":"大堀"}],"0041":[{"pref":"千葉県","city":"富津市","town":"上"}],"0005":[{"pref":"千葉県","city":"富津市","town":"上飯野"}],"0051":[{"pref":"千葉県","city":"富津市","town":"亀沢"}],"0057":[{"pref":"千葉県","city":"富津市","town":"亀田"}],"0023":[{"pref":"千葉県","city":"富津市","town":"川名"}],"0034":[{"pref":"千葉県","city":"富津市","town":"絹"}],"0042":[{"pref":"千葉県","city":"富津市","town":"小久保"}],"0046":[{"pref":"千葉県","city":"富津市","town":"近藤"}],"0055":[{"pref":"千葉県","city":"富津市","town":"笹毛"}],"0058":[{"pref":"千葉県","city":"富津市","town":"佐貫"}],"0024":[{"pref":"千葉県","city":"富津市","town":"篠部"}],"0006":[{"pref":"千葉県","city":"富津市","town":"下飯野"}],"0032":[{"pref":"千葉県","city":"富津市","town":"障子谷"}],"0011":[{"pref":"千葉県","city":"富津市","town":"新富"}],"0036":[{"pref":"千葉県","city":"富津市","town":"千種新田"}],"0054":[{"pref":"千葉県","city":"富津市","town":"鶴岡"}],"0044":[{"pref":"千葉県","city":"富津市","town":"中"}],"0035":[{"pref":"千葉県","city":"富津市","town":"西大和田"}],"0013":[{"pref":"千葉県","city":"富津市","town":"西川"}],"0053":[{"pref":"千葉県","city":"富津市","town":"花香谷"}],"0002":[{"pref":"千葉県","city":"富津市","town":"二間塚"}],"0021":[{"pref":"千葉県","city":"富津市","town":"富津"}],"0052":[{"pref":"千葉県","city":"富津市","town":"宝竜寺"}],"0003":[{"pref":"千葉県","city":"富津市","town":"本郷"}],"0004":[{"pref":"千葉県","city":"富津市","town":"前久保"}],"0045":[{"pref":"千葉県","city":"富津市","town":"八田沼"}],"0056":[{"pref":"千葉県","city":"富津市","town":"八幡"}]}