{"0925":[{"pref":"大阪府","city":"東大阪市","town":"稲葉"}],"0903":[{"pref":"大阪府","city":"東大阪市","town":"今米"}],"0941":[{"pref":"大阪府","city":"東大阪市","town":"岩田町"}],"0946":[{"pref":"大阪府","city":"東大阪市","town":"瓜生堂"}],"0901":[{"pref":"大阪府","city":"東大阪市","town":"加納"}],"0905":[{"pref":"大阪府","city":"東大阪市","town":"川田"}],"0902":[{"pref":"大阪府","city":"東大阪市","town":"川中"}],"0978":[{"pref":"大阪府","city":"東大阪市","town":"北鴻池町"}],"0977":[{"pref":"大阪府","city":"東大阪市","town":"鴻池徳庵町"}],"0971":[{"pref":"大阪府","city":"東大阪市","town":"鴻池本町"}],"0974":[{"pref":"大阪府","city":"東大阪市","town":"鴻池元町"}],"0972":[{"pref":"大阪府","city":"東大阪市","town":"鴻池町"}],"0915":[{"pref":"大阪府","city":"東大阪市","town":"古箕輪"}],"0981":[{"pref":"大阪府","city":"東大阪市","town":"島之内"}],"0967":[{"pref":"大阪府","city":"東大阪市","town":"新鴻池町"}],"0963":[{"pref":"大阪府","city":"東大阪市","town":"新庄"}],"0951":[{"pref":"大阪府","city":"東大阪市","town":"新庄東"}],"0964":[{"pref":"大阪府","city":"東大阪市","town":"新庄西"}],"0958":[{"pref":"大阪府","city":"東大阪市","town":"新庄南"}],"0912":[{"pref":"大阪府","city":"東大阪市","town":"角田"}],"0932":[{"pref":"大阪府","city":"東大阪市","town":"玉串町東"}],"0934":[{"pref":"大阪府","city":"東大阪市","town":"玉串町西"}],"0933":[{"pref":"大阪府","city":"東大阪市","town":"玉串元町"}],"0975":[{"pref":"大阪府","city":"東大阪市","town":"中鴻池町"}],"0911":[{"pref":"大阪府","city":"東大阪市","town":"中新開"}],"0913":[{"pref":"大阪府","city":"東大阪市","town":"中野"}],"0985":[{"pref":"大阪府","city":"東大阪市","town":"中野南"}],"0947":[{"pref":"大阪府","city":"東大阪市","town":"西岩田"}],"0976":[{"pref":"大阪府","city":"東大阪市","town":"西鴻池町"}],"0931":[{"pref":"大阪府","city":"東大阪市","town":"花園東町"}],"0936":[{"pref":"大阪府","city":"東大阪市","town":"花園西町"}],"0937":[{"pref":"大阪府","city":"東大阪市","town":"花園本町"}],"0973":[{"pref":"大阪府","city":"東大阪市","town":"東鴻池町"}],"0984":[{"pref":"大阪府","city":"東大阪市","town":"菱江"}],"0948":[{"pref":"大阪府","city":"東大阪市","town":"菱屋東"}],"0953":[{"pref":"大阪府","city":"東大阪市","town":"本庄"}],"0957":[{"pref":"大阪府","city":"東大阪市","town":"本庄中"}],"0952":[{"pref":"大阪府","city":"東大阪市","town":"本庄東"}],"0965":[{"pref":"大阪府","city":"東大阪市","town":"本庄西"}],"0922":[{"pref":"大阪府","city":"東大阪市","town":"松原"}],"0923":[{"pref":"大阪府","city":"東大阪市","town":"松原南"}],"0966":[{"pref":"大阪府","city":"東大阪市","town":"三島"}],"0921":[{"pref":"大阪府","city":"東大阪市","town":"水走"}],"0961":[{"pref":"大阪府","city":"東大阪市","town":"南鴻池町"}],"0914":[{"pref":"大阪府","city":"東大阪市","town":"箕輪"}],"0954":[{"pref":"大阪府","city":"東大阪市","town":"横枕"}],"0956":[{"pref":"大阪府","city":"東大阪市","town":"横枕西"}],"0955":[{"pref":"大阪府","city":"東大阪市","town":"横枕南"}],"0924":[{"pref":"大阪府","city":"東大阪市","town":"吉田"}],"0983":[{"pref":"大阪府","city":"東大阪市","town":"吉田下島"}],"0982":[{"pref":"大阪府","city":"東大阪市","town":"吉田本町"}],"0904":[{"pref":"大阪府","city":"東大阪市","town":"吉原"}],"0935":[{"pref":"大阪府","city":"東大阪市","town":"若江東町"}],"0943":[{"pref":"大阪府","city":"東大阪市","town":"若江南町"}],"0945":[{"pref":"大阪府","city":"東大阪市","town":"若江北町"}],"0944":[{"pref":"大阪府","city":"東大阪市","town":"若江西新町"}],"0942":[{"pref":"大阪府","city":"東大阪市","town":"若江本町"}]}