{"1101":[{"pref":"宮崎県","city":"都城市","town":"岩満町"}],"1102":[{"pref":"宮崎県","city":"都城市","town":"下水流町"}],"1103":[{"pref":"宮崎県","city":"都城市","town":"上水流町"}],"1104":[{"pref":"宮崎県","city":"都城市","town":"野々美谷町"}],"1105":[{"pref":"宮崎県","city":"都城市","town":"丸谷町"}],"1201":[{"pref":"宮崎県","city":"都城市","town":"高城町高城"}],"1202":[{"pref":"宮崎県","city":"都城市","town":"高城町穂満坊"}],"1203":[{"pref":"宮崎県","city":"都城市","town":"高城町大井手"}],"1204":[{"pref":"宮崎県","city":"都城市","town":"高城町桜木"}],"1205":[{"pref":"宮崎県","city":"都城市","town":"高城町石山"}],"1311":[{"pref":"宮崎県","city":"都城市","town":"高城町有水"}],"1312":[{"pref":"宮崎県","city":"都城市","town":"高城町四家"}],"0000":[{"pref":"宮崎県","city":"都城市","town":"以下に掲載がない場合"}],"0034":[{"pref":"宮崎県","city":"都城市","town":"菖蒲原町"}],"0041":[{"pref":"宮崎県","city":"都城市","town":"一万城町"}],"0064":[{"pref":"宮崎県","city":"都城市","town":"今町"}],"0019":[{"pref":"宮崎県","city":"都城市","town":"祝吉"}],"0014":[{"pref":"宮崎県","city":"都城市","town":"祝吉町"}],"0063":[{"pref":"宮崎県","city":"都城市","town":"梅北町"}],"0062":[{"pref":"宮崎県","city":"都城市","town":"大岩田町"}],"0112":[{"pref":"宮崎県","city":"都城市","town":"乙房町"}],"0074":[{"pref":"宮崎県","city":"都城市","town":"甲斐元町"}],"0111":[{"pref":"宮崎県","city":"都城市","town":"菓子野町"}],"0001":[{"pref":"宮崎県","city":"都城市","town":"金田町"}],"0012":[{"pref":"宮崎県","city":"都城市","town":"上川東"}],"0042":[{"pref":"宮崎県","city":"都城市","town":"上長飯町"}],"0053":[{"pref":"宮崎県","city":"都城市","town":"上東町"}],"0072":[{"pref":"宮崎県","city":"都城市","town":"上町"}],"0024":[{"pref":"宮崎県","city":"都城市","town":"北原町"}],"0086":[{"pref":"宮崎県","city":"都城市","town":"久保原町"}],"0051":[{"pref":"宮崎県","city":"都城市","town":"蔵原町"}],"0018":[{"pref":"宮崎県","city":"都城市","town":"郡元"}],"0013":[{"pref":"宮崎県","city":"都城市","town":"郡元町"}],"0084":[{"pref":"宮崎県","city":"都城市","town":"五十町"}],"0022":[{"pref":"宮崎県","city":"都城市","town":"小松原町"}],"0023":[{"pref":"宮崎県","city":"都城市","town":"栄町"}],"0093":[{"pref":"宮崎県","city":"都城市","town":"志比田町"}],"0011":[{"pref":"宮崎県","city":"都城市","town":"下川東"}],"0061":[{"pref":"宮崎県","city":"都城市","town":"下長飯町"}],"0114":[{"pref":"宮崎県","city":"都城市","town":"庄内町"}],"0005":[{"pref":"宮崎県","city":"都城市","town":"神之山町"}],"0113":[{"pref":"宮崎県","city":"都城市","town":"関之尾町"}],"0015":[{"pref":"宮崎県","city":"都城市","town":"千町"}],"0026":[{"pref":"宮崎県","city":"都城市","town":"大王町"}],"0081":[{"pref":"宮崎県","city":"都城市","town":"鷹尾"}],"0003":[{"pref":"宮崎県","city":"都城市","town":"高木町"}],"0221":[{"pref":"宮崎県","city":"都城市","town":"高野町"}],"0035":[{"pref":"宮崎県","city":"都城市","town":"立野町"}],"0002":[{"pref":"宮崎県","city":"都城市","town":"太郎坊町"}],"0033":[{"pref":"宮崎県","city":"都城市","town":"妻ケ丘町"}],"0031":[{"pref":"宮崎県","city":"都城市","town":"天神町"}],"0017":[{"pref":"宮崎県","city":"都城市","town":"年見町"}],"0004":[{"pref":"宮崎県","city":"都城市","town":"都北町"}],"0043":[{"pref":"宮崎県","city":"都城市","town":"豊満町"}],"0032":[{"pref":"宮崎県","city":"都城市","town":"中原町"}],"0071":[{"pref":"宮崎県","city":"都城市","town":"中町"}],"0225":[{"pref":"宮崎県","city":"都城市","town":"夏尾町"}],"0076":[{"pref":"宮崎県","city":"都城市","town":"西町"}],"0075":[{"pref":"宮崎県","city":"都城市","town":"八幡町"}],"0037":[{"pref":"宮崎県","city":"都城市","town":"花繰町"}],"0055":[{"pref":"宮崎県","city":"都城市","town":"早鈴町"}],"0016":[{"pref":"宮崎県","city":"都城市","town":"早水町"}],"0052":[{"pref":"宮崎県","city":"都城市","town":"東町"}],"0073":[{"pref":"宮崎県","city":"都城市","town":"姫城町"}],"0021":[{"pref":"宮崎県","city":"都城市","town":"平江町"}],"0085":[{"pref":"宮崎県","city":"都城市","town":"平塚町"}],"0036":[{"pref":"宮崎県","city":"都城市","town":"広原町"}],"0025":[{"pref":"宮崎県","city":"都城市","town":"前田町"}],"0077":[{"pref":"宮崎県","city":"都城市","town":"松元町"}],"0224":[{"pref":"宮崎県","city":"都城市","town":"御池町"}],"0222":[{"pref":"宮崎県","city":"都城市","town":"美川町"}],"0082":[{"pref":"宮崎県","city":"都城市","town":"南鷹尾町"}],"0092":[{"pref":"宮崎県","city":"都城市","town":"南横市町"}],"0095":[{"pref":"宮崎県","city":"都城市","town":"蓑原町"}],"0083":[{"pref":"宮崎県","city":"都城市","town":"都島町"}],"0094":[{"pref":"宮崎県","city":"都城市","town":"都原町"}],"0078":[{"pref":"宮崎県","city":"都城市","town":"宮丸町"}],"0079":[{"pref":"宮崎県","city":"都城市","town":"牟田町"}],"0044":[{"pref":"宮崎県","city":"都城市","town":"安久町"}],"0091":[{"pref":"宮崎県","city":"都城市","town":"横市町"}],"0006":[{"pref":"宮崎県","city":"都城市","town":"吉尾町"}],"0223":[{"pref":"宮崎県","city":"都城市","town":"吉之元町"}],"0054":[{"pref":"宮崎県","city":"都城市","town":"若葉町"}]}