{"0000":[{"pref":"神奈川県","city":"藤沢市","town":"以下に掲載がない場合"}],"0054":[{"pref":"神奈川県","city":"藤沢市","town":"朝日町"}],"0862":[{"pref":"神奈川県","city":"藤沢市","town":"稲荷"}],"0036":[{"pref":"神奈川県","city":"藤沢市","town":"江の島"}],"0861":[{"pref":"神奈川県","city":"藤沢市","town":"大庭"}],"0032":[{"pref":"神奈川県","city":"藤沢市","town":"片瀬"}],"0035":[{"pref":"神奈川県","city":"藤沢市","town":"片瀬海岸"}],"0034":[{"pref":"神奈川県","city":"藤沢市","town":"片瀬目白山"}],"0033":[{"pref":"神奈川県","city":"藤沢市","town":"片瀬山"}],"0003":[{"pref":"神奈川県","city":"藤沢市","town":"柄沢"}],"0015":[{"pref":"神奈川県","city":"藤沢市","town":"川名"}],"0022":[{"pref":"神奈川県","city":"藤沢市","town":"鵠沼"}],"0025":[{"pref":"神奈川県","city":"藤沢市","town":"鵠沼石上"}],"0037":[{"pref":"神奈川県","city":"藤沢市","town":"鵠沼海岸"}],"0027":[{"pref":"神奈川県","city":"藤沢市","town":"鵠沼桜が岡"}],"0021":[{"pref":"神奈川県","city":"藤沢市","town":"鵠沼神明"}],"0024":[{"pref":"神奈川県","city":"藤沢市","town":"鵠沼橘"}],"0023":[{"pref":"神奈川県","city":"藤沢市","town":"鵠沼花沢町"}],"0031":[{"pref":"神奈川県","city":"藤沢市","town":"鵠沼藤が谷"}],"0038":[{"pref":"神奈川県","city":"藤沢市","town":"鵠沼松が岡"}],"0026":[{"pref":"神奈川県","city":"藤沢市","town":"鵠沼東"}],"0013":[{"pref":"神奈川県","city":"藤沢市","town":"小塚"}],"0057":[{"pref":"神奈川県","city":"藤沢市","town":"城南"}],"0051":[{"pref":"神奈川県","city":"藤沢市","town":"白旗"}],"0871":[{"pref":"神奈川県","city":"藤沢市","town":"善行"}],"0876":[{"pref":"神奈川県","city":"藤沢市","town":"善行坂"}],"0877":[{"pref":"神奈川県","city":"藤沢市","town":"善行団地"}],"0002":[{"pref":"神奈川県","city":"藤沢市","town":"大鋸"}],"0017":[{"pref":"神奈川県","city":"藤沢市","town":"高谷"}],"0872":[{"pref":"神奈川県","city":"藤沢市","town":"立石"}],"0047":[{"pref":"神奈川県","city":"藤沢市","town":"辻堂"}],"0041":[{"pref":"神奈川県","city":"藤沢市","town":"辻堂神台"}],"0042":[{"pref":"神奈川県","city":"藤沢市","town":"辻堂新町"}],"0044":[{"pref":"神奈川県","city":"藤沢市","town":"辻堂太平台"}],"0045":[{"pref":"神奈川県","city":"藤沢市","town":"辻堂東海岸"}],"0046":[{"pref":"神奈川県","city":"藤沢市","town":"辻堂西海岸"}],"0043":[{"pref":"神奈川県","city":"藤沢市","town":"辻堂元町"}],"0005":[{"pref":"神奈川県","city":"藤沢市","town":"並木台"}],"0001":[{"pref":"神奈川県","city":"藤沢市","town":"西富"}],"0056":[{"pref":"神奈川県","city":"藤沢市","town":"羽鳥"}],"0874":[{"pref":"神奈川県","city":"藤沢市","town":"花の木"}],"0004":[{"pref":"神奈川県","city":"藤沢市","town":"藤が岡"}],"0052":[{"pref":"神奈川県","city":"藤沢市","town":"藤沢"}],"0028":[{"pref":"神奈川県","city":"藤沢市","town":"本鵠沼"}],"0053":[{"pref":"神奈川県","city":"藤沢市","town":"本町"}],"0875":[{"pref":"神奈川県","city":"藤沢市","town":"本藤沢"}],"0873":[{"pref":"神奈川県","city":"藤沢市","town":"みその台"}],"0055":[{"pref":"神奈川県","city":"藤沢市","town":"南藤沢"}],"0014":[{"pref":"神奈川県","city":"藤沢市","town":"宮前"}],"0016":[{"pref":"神奈川県","city":"藤沢市","town":"弥勒寺"}],"0012":[{"pref":"神奈川県","city":"藤沢市","town":"村岡東"}],"0011":[{"pref":"神奈川県","city":"藤沢市","town":"渡内"}]}