{"1100":[{"pref":"熊本県","city":"合志市","town":"以下に掲載がない場合"}],"1101":[{"pref":"熊本県","city":"合志市","town":"合生"}],"1102":[{"pref":"熊本県","city":"合志市","town":"須屋"}],"1103":[{"pref":"熊本県","city":"合志市","town":"野々島"}],"1104":[{"pref":"熊本県","city":"合志市","town":"御代志"}],"1105":[{"pref":"熊本県","city":"合志市","town":"上生"}],"1111":[{"pref":"熊本県","city":"合志市","town":"上庄"}],"1112":[{"pref":"熊本県","city":"合志市","town":"幾久富"}],"1113":[{"pref":"熊本県","city":"合志市","town":"栄"}],"1114":[{"pref":"熊本県","city":"合志市","town":"竹迫"}],"1115":[{"pref":"熊本県","city":"合志市","town":"豊岡"}],"1116":[{"pref":"熊本県","city":"合志市","town":"福原"}],"1201":[{"pref":"熊本県","city":"菊池市","town":"泗水町吉富"}],"1202":[{"pref":"熊本県","city":"菊池市","town":"泗水町富納"}],"1203":[{"pref":"熊本県","city":"菊池市","town":"泗水町住吉"}],"1204":[{"pref":"熊本県","city":"菊池市","town":"泗水町永"}],"1205":[{"pref":"熊本県","city":"菊池市","town":"泗水町福本"}],"1211":[{"pref":"熊本県","city":"菊池市","town":"泗水町亀尾"}],"1212":[{"pref":"熊本県","city":"菊池市","town":"泗水町豊水"}],"1213":[{"pref":"熊本県","city":"菊池市","town":"泗水町南田島"}],"1214":[{"pref":"熊本県","city":"菊池市","town":"泗水町田島"}],"1300":[{"pref":"熊本県","city":"菊池市","town":"以下に掲載がない場合"}],"1301":[{"pref":"熊本県","city":"菊池市","town":"木庭"}],"1302":[{"pref":"熊本県","city":"菊池市","town":"下河原"}],"1303":[{"pref":"熊本県","city":"菊池市","town":"今"}],"1304":[{"pref":"熊本県","city":"菊池市","town":"深川"}],"1305":[{"pref":"熊本県","city":"菊池市","town":"北宮"}],"1306":[{"pref":"熊本県","city":"菊池市","town":"大琳寺"}],"1307":[{"pref":"熊本県","city":"菊池市","town":"片角"}],"1308":[{"pref":"熊本県","city":"菊池市","town":"亘"}],"1309":[{"pref":"熊本県","city":"菊池市","town":"藤田"}],"1311":[{"pref":"熊本県","city":"菊池市","town":"赤星"}],"1312":[{"pref":"熊本県","city":"菊池市","town":"森北"}],"1313":[{"pref":"熊本県","city":"菊池市","town":"出田"}],"1314":[{"pref":"熊本県","city":"菊池市","town":"広瀬"}],"1315":[{"pref":"熊本県","city":"菊池市","town":"木柑子"}],"1316":[{"pref":"熊本県","city":"菊池市","town":"長田"}],"1317":[{"pref":"熊本県","city":"菊池市","town":"村田"}],"1321":[{"pref":"熊本県","city":"菊池市","town":"稗方"}],"1322":[{"pref":"熊本県","city":"菊池市","town":"玉祥寺"}],"1323":[{"pref":"熊本県","city":"菊池市","town":"西寺"}],"1324":[{"pref":"熊本県","city":"菊池市","town":"野間口"}],"1325":[{"pref":"熊本県","city":"菊池市","town":"袈裟尾"}],"1326":[{"pref":"熊本県","city":"菊池市","town":"木野"}],"1331":[{"pref":"熊本県","city":"菊池市","town":"隈府"}],"1341":[{"pref":"熊本県","city":"菊池市","town":"七城町清水"}],"1342":[{"pref":"熊本県","city":"菊池市","town":"七城町亀尾"}],"1343":[{"pref":"熊本県","city":"菊池市","town":"七城町林原"}],"1344":[{"pref":"熊本県","city":"菊池市","town":"七城町蘇崎"}],"1345":[{"pref":"熊本県","city":"菊池市","town":"七城町小野崎"}],"1346":[{"pref":"熊本県","city":"菊池市","town":"七城町橋田"}],"1351":[{"pref":"熊本県","city":"菊池市","town":"七城町砂田"}],"1352":[{"pref":"熊本県","city":"菊池市","town":"七城町新古閑"}],"1353":[{"pref":"熊本県","city":"菊池市","town":"七城町甲佐町"}],"1354":[{"pref":"熊本県","city":"菊池市","town":"七城町菰入"}],"1355":[{"pref":"熊本県","city":"菊池市","town":"七城町高島"}],"1356":[{"pref":"熊本県","city":"菊池市","town":"七城町加恵"}],"1357":[{"pref":"熊本県","city":"菊池市","town":"七城町高田"}],"1361":[{"pref":"熊本県","city":"菊池市","town":"七城町水次"}],"1362":[{"pref":"熊本県","city":"菊池市","town":"七城町山崎"}],"1363":[{"pref":"熊本県","city":"菊池市","town":"七城町荒牧"}],"1364":[{"pref":"熊本県","city":"菊池市","town":"七城町辺田"}],"1365":[{"pref":"熊本県","city":"菊池市","town":"七城町台"}],"1366":[{"pref":"熊本県","city":"菊池市","town":"七城町瀬戸口"}],"1367":[{"pref":"熊本県","city":"菊池市","town":"七城町流川"}],"1368":[{"pref":"熊本県","city":"菊池市","town":"七城町岡田"}],"1441":[{"pref":"熊本県","city":"菊池市","town":"原"}],"1442":[{"pref":"熊本県","city":"菊池市","town":"四町分"}],"1671":[{"pref":"熊本県","city":"菊池市","town":"班蛇口"}],"1672":[{"pref":"熊本県","city":"菊池市","town":"龍門"}],"1673":[{"pref":"熊本県","city":"菊池市","town":"小木"}],"1681":[{"pref":"熊本県","city":"菊池市","town":"雪野"}],"1682":[{"pref":"熊本県","city":"菊池市","town":"重味"}],"1683":[{"pref":"熊本県","city":"菊池市","town":"大平"}],"1684":[{"pref":"熊本県","city":"菊池市","town":"豊間"}],"1685":[{"pref":"熊本県","city":"菊池市","town":"西迫間"}],"1686":[{"pref":"熊本県","city":"菊池市","town":"市野瀬"}],"2101":[{"pref":"熊本県","city":"熊本市東区","town":"桜木"}],"2102":[{"pref":"熊本県","city":"熊本市東区","town":"沼山津"}],"2103":[{"pref":"熊本県","city":"熊本市東区","town":"若葉（４～６丁目）"}],"2104":[{"pref":"熊本県","city":"熊本市東区","town":"秋津"}],"2105":[{"pref":"熊本県","city":"熊本市東区","town":"秋津町秋田"}],"2106":[{"pref":"熊本県","city":"熊本市東区","town":"東野"}],"2107":[{"pref":"熊本県","city":"熊本市東区","town":"秋津新町"}],"2108":[{"pref":"熊本県","city":"熊本市東区","town":"昭和町"}],"2118":[{"pref":"熊本県","city":"熊本市東区","town":"花立（１～４丁目）"}],"2200":[{"pref":"熊本県","city":"上益城郡益城町","town":"以下に掲載がない場合"}],"2201":[{"pref":"熊本県","city":"上益城郡益城町","town":"寺中"}],"2202":[{"pref":"熊本県","city":"上益城郡益城町","town":"田原"}],"2203":[{"pref":"熊本県","city":"上益城郡益城町","town":"上陳"}],"2204":[{"pref":"熊本県","city":"上益城郡益城町","town":"小谷"}],"2205":[{"pref":"熊本県","city":"上益城郡益城町","town":"杉堂"}],"2206":[{"pref":"熊本県","city":"上益城郡益城町","town":"下陳"}],"2211":[{"pref":"熊本県","city":"上益城郡益城町","town":"福原"}],"2212":[{"pref":"熊本県","city":"上益城郡益城町","town":"平田"}],"2221":[{"pref":"熊本県","city":"上益城郡益城町","town":"赤井"}],"2222":[{"pref":"熊本県","city":"上益城郡益城町","town":"砥川"}],"2223":[{"pref":"熊本県","city":"上益城郡益城町","town":"小池"}],"2224":[{"pref":"熊本県","city":"上益城郡益城町","town":"島田"}],"2231":[{"pref":"熊本県","city":"上益城郡益城町","town":"安永"}],"2232":[{"pref":"熊本県","city":"上益城郡益城町","town":"馬水"}],"2233":[{"pref":"熊本県","city":"上益城郡益城町","town":"惣領"}],"2234":[{"pref":"熊本県","city":"上益城郡益城町","town":"古閑"}],"2235":[{"pref":"熊本県","city":"上益城郡益城町","town":"福富"}],"2236":[{"pref":"熊本県","city":"上益城郡益城町","town":"広崎"}],"2241":[{"pref":"熊本県","city":"上益城郡益城町","town":"宮園"}],"2242":[{"pref":"熊本県","city":"上益城郡益城町","town":"木山"}],"2243":[{"pref":"熊本県","city":"上益城郡益城町","town":"辻の城"}],"2244":[{"pref":"熊本県","city":"上益城郡益城町","town":"寺迫"}],"2400":[{"pref":"熊本県","city":"阿蘇郡西原村","town":"以下に掲載がない場合"}],"2401":[{"pref":"熊本県","city":"阿蘇郡西原村","town":"鳥子"}],"2402":[{"pref":"熊本県","city":"阿蘇郡西原村","town":"小森"}],"2403":[{"pref":"熊本県","city":"阿蘇郡西原村","town":"布田"}],"2404":[{"pref":"熊本県","city":"阿蘇郡西原村","town":"河原"}],"2405":[{"pref":"熊本県","city":"阿蘇郡西原村","town":"宮山"}],"3100":[{"pref":"熊本県","city":"上益城郡嘉島町","town":"以下に掲載がない場合"}],"3101":[{"pref":"熊本県","city":"上益城郡嘉島町","town":"鯰"}],"3102":[{"pref":"熊本県","city":"上益城郡嘉島町","town":"下六嘉"}],"3103":[{"pref":"熊本県","city":"上益城郡嘉島町","town":"井寺"}],"3104":[{"pref":"熊本県","city":"上益城郡嘉島町","town":"北甘木"}],"3105":[{"pref":"熊本県","city":"上益城郡嘉島町","town":"上六嘉"}],"3106":[{"pref":"熊本県","city":"上益城郡嘉島町","town":"上島"}],"3107":[{"pref":"熊本県","city":"上益城郡嘉島町","town":"上仲間"}],"3108":[{"pref":"熊本県","city":"上益城郡嘉島町","town":"下仲間"}],"3109":[{"pref":"熊本県","city":"上益城郡嘉島町","town":"犬渕"}],"3131":[{"pref":"熊本県","city":"上益城郡御船町","town":"豊秋"}],"3200":[{"pref":"熊本県","city":"上益城郡御船町","town":"以下に掲載がない場合"}],"3201":[{"pref":"熊本県","city":"上益城郡御船町","town":"陣"}],"3202":[{"pref":"熊本県","city":"上益城郡御船町","town":"小坂"}],"3203":[{"pref":"熊本県","city":"上益城郡御船町","town":"高木"}],"3204":[{"pref":"熊本県","city":"上益城郡御船町","town":"木倉"}],"3205":[{"pref":"熊本県","city":"上益城郡御船町","town":"滝川"}],"3206":[{"pref":"熊本県","city":"上益城郡御船町","town":"辺田見"}],"3207":[{"pref":"熊本県","city":"上益城郡御船町","town":"御船"}],"3208":[{"pref":"熊本県","city":"上益城郡御船町","town":"滝尾"}],"3211":[{"pref":"熊本県","city":"上益城郡御船町","town":"水越"}],"3241":[{"pref":"熊本県","city":"上益城郡甲佐町","town":"早川"}],"3242":[{"pref":"熊本県","city":"上益城郡甲佐町","town":"糸田"}],"3243":[{"pref":"熊本県","city":"上益城郡甲佐町","town":"白旗"}],"3244":[{"pref":"熊本県","city":"上益城郡甲佐町","town":"芝原"}],"3245":[{"pref":"熊本県","city":"上益城郡甲佐町","town":"吉田"}],"3321":[{"pref":"熊本県","city":"上益城郡御船町","town":"七滝（その他）"}],"3322":[{"pref":"熊本県","city":"上益城郡御船町","town":"上野"}],"3323":[{"pref":"熊本県","city":"上益城郡御船町","town":"田代"}],"3421":[{"pref":"熊本県","city":"上益城郡御船町","town":"七滝（松ノ生）"}],"3451":[{"pref":"熊本県","city":"上益城郡山都町","town":"金内"}],"3452":[{"pref":"熊本県","city":"上益城郡山都町","town":"田小野"}],"3453":[{"pref":"熊本県","city":"上益城郡山都町","town":"原"}],"3454":[{"pref":"熊本県","city":"上益城郡山都町","town":"島木"}],"3455":[{"pref":"熊本県","city":"上益城郡山都町","town":"北中島"}],"3500":[{"pref":"熊本県","city":"上益城郡山都町","town":"以下に掲載がない場合"}],"3501":[{"pref":"熊本県","city":"上益城郡山都町","town":"黒川"}],"3502":[{"pref":"熊本県","city":"上益城郡山都町","town":"御所"}],"3503":[{"pref":"熊本県","city":"上益城郡山都町","town":"下名連石"}],"3511":[{"pref":"熊本県","city":"上益城郡山都町","town":"入佐"}],"3512":[{"pref":"熊本県","city":"上益城郡山都町","town":"下馬尾"}],"3513":[{"pref":"熊本県","city":"上益城郡山都町","town":"下市"}],"3514":[{"pref":"熊本県","city":"上益城郡山都町","town":"城原"}],"3515":[{"pref":"熊本県","city":"上益城郡山都町","town":"城平"}],"3516":[{"pref":"熊本県","city":"上益城郡山都町","town":"千滝"}],"3517":[{"pref":"熊本県","city":"上益城郡山都町","town":"畑"}],"3518":[{"pref":"熊本県","city":"上益城郡山都町","town":"浜町"}],"3521":[{"pref":"熊本県","city":"上益城郡山都町","town":"荒谷"}],"3522":[{"pref":"熊本県","city":"上益城郡山都町","town":"白小野"}],"3523":[{"pref":"熊本県","city":"上益城郡山都町","town":"勢井"}],"3524":[{"pref":"熊本県","city":"上益城郡山都町","town":"藤木"}],"3525":[{"pref":"熊本県","city":"上益城郡山都町","town":"牧野"}],"3526":[{"pref":"熊本県","city":"上益城郡山都町","town":"万坂"}],"3531":[{"pref":"熊本県","city":"上益城郡山都町","town":"葛原"}],"3532":[{"pref":"熊本県","city":"上益城郡山都町","town":"猿渡"}],"3533":[{"pref":"熊本県","city":"上益城郡山都町","town":"三ケ"}],"3534":[{"pref":"熊本県","city":"上益城郡山都町","town":"柚木"}],"3541":[{"pref":"熊本県","city":"上益城郡山都町","town":"芦屋田"}],"3542":[{"pref":"熊本県","city":"上益城郡山都町","town":"市原"}],"3543":[{"pref":"熊本県","city":"上益城郡山都町","town":"上寺"}],"3544":[{"pref":"熊本県","city":"上益城郡山都町","town":"杉木"}],"3545":[{"pref":"熊本県","city":"上益城郡山都町","town":"長田"}],"3546":[{"pref":"熊本県","city":"上益城郡山都町","town":"南田"}],"3547":[{"pref":"熊本県","city":"上益城郡山都町","town":"山田"}],"3661":[{"pref":"熊本県","city":"上益城郡山都町","town":"長原"}],"3662":[{"pref":"熊本県","city":"上益城郡山都町","town":"田吉"}],"3663":[{"pref":"熊本県","city":"上益城郡山都町","town":"新小"}],"3664":[{"pref":"熊本県","city":"上益城郡山都町","town":"白藤"}],"3665":[{"pref":"熊本県","city":"上益城郡山都町","town":"犬飼"}],"3671":[{"pref":"熊本県","city":"上益城郡山都町","town":"菅"}],"3672":[{"pref":"熊本県","city":"上益城郡山都町","town":"目丸"}],"3673":[{"pref":"熊本県","city":"上益城郡山都町","town":"津留"}],"3781":[{"pref":"熊本県","city":"上益城郡山都町","town":"麻山"}],"3782":[{"pref":"熊本県","city":"上益城郡山都町","town":"上川井野"}],"3783":[{"pref":"熊本県","city":"上益城郡山都町","town":"成君"}],"3784":[{"pref":"熊本県","city":"上益城郡山都町","town":"川野"}],"3785":[{"pref":"熊本県","city":"上益城郡山都町","town":"田所"}],"3786":[{"pref":"熊本県","city":"上益城郡山都町","town":"下川井野"}],"3787":[{"pref":"熊本県","city":"上益城郡山都町","town":"野尻"}],"3788":[{"pref":"熊本県","city":"上益城郡山都町","town":"小笹"}],"3789":[{"pref":"熊本県","city":"上益城郡山都町","town":"男成"}],"3801":[{"pref":"熊本県","city":"上益城郡山都町","town":"小峰"}],"3802":[{"pref":"熊本県","city":"上益城郡山都町","town":"木原谷"}],"3803":[{"pref":"熊本県","city":"上益城郡山都町","town":"小中竹"}],"3804":[{"pref":"熊本県","city":"上益城郡山都町","town":"貫原"}],"3805":[{"pref":"熊本県","city":"上益城郡山都町","town":"須原"}],"3806":[{"pref":"熊本県","city":"上益城郡山都町","town":"米生"}],"3811":[{"pref":"熊本県","city":"上益城郡山都町","town":"大平"}],"3812":[{"pref":"熊本県","city":"上益城郡山都町","town":"鶴ケ田"}],"3813":[{"pref":"熊本県","city":"上益城郡山都町","town":"川口"}],"3831":[{"pref":"熊本県","city":"上益城郡山都町","town":"郷野原"}],"3832":[{"pref":"熊本県","city":"上益城郡山都町","town":"井無田"}],"3833":[{"pref":"熊本県","city":"上益城郡山都町","town":"安方"}],"3834":[{"pref":"熊本県","city":"上益城郡山都町","town":"高月"}],"3835":[{"pref":"熊本県","city":"上益城郡山都町","town":"仏原"}],"3841":[{"pref":"熊本県","city":"上益城郡山都町","town":"仮屋"}],"3842":[{"pref":"熊本県","city":"上益城郡山都町","town":"市野原"}],"3843":[{"pref":"熊本県","city":"上益城郡山都町","town":"鎌野"}],"3844":[{"pref":"熊本県","city":"上益城郡山都町","town":"尾野尻"}],"3845":[{"pref":"熊本県","city":"上益城郡山都町","town":"緑川"}],"3901":[{"pref":"熊本県","city":"上益城郡山都町","town":"馬見原"}],"3902":[{"pref":"熊本県","city":"上益城郡山都町","town":"滝上"}],"3903":[{"pref":"熊本県","city":"上益城郡山都町","town":"柳井原"}],"3904":[{"pref":"熊本県","city":"上益城郡山都町","town":"方ケ野"}],"3905":[{"pref":"熊本県","city":"上益城郡山都町","town":"大野"}],"3906":[{"pref":"熊本県","city":"上益城郡山都町","town":"神ノ前"}],"3907":[{"pref":"熊本県","city":"上益城郡山都町","town":"白石"}],"3908":[{"pref":"熊本県","city":"上益城郡山都町","town":"長崎"}],"3911":[{"pref":"熊本県","city":"上益城郡山都町","town":"菅尾"}],"3912":[{"pref":"熊本県","city":"上益城郡山都町","town":"米迫"}],"3913":[{"pref":"熊本県","city":"上益城郡山都町","town":"今"}],"3914":[{"pref":"熊本県","city":"上益城郡山都町","town":"花上"}],"3915":[{"pref":"熊本県","city":"上益城郡山都町","town":"塩出迫"}],"3916":[{"pref":"熊本県","city":"上益城郡山都町","town":"塩原"}],"3921":[{"pref":"熊本県","city":"上益城郡山都町","town":"八木"}],"3922":[{"pref":"熊本県","city":"上益城郡山都町","town":"二瀬本"}],"3923":[{"pref":"熊本県","city":"上益城郡山都町","town":"柏"}],"3924":[{"pref":"熊本県","city":"上益城郡山都町","town":"二津留"}],"3925":[{"pref":"熊本県","city":"上益城郡山都町","town":"上差尾"}],"3926":[{"pref":"熊本県","city":"上益城郡山都町","town":"大見口"}],"3927":[{"pref":"熊本県","city":"上益城郡山都町","town":"玉目"}],"3928":[{"pref":"熊本県","city":"上益城郡山都町","town":"長谷"}],"3931":[{"pref":"熊本県","city":"上益城郡山都町","town":"橘"}],"3932":[{"pref":"熊本県","city":"上益城郡山都町","town":"下山"}],"3933":[{"pref":"熊本県","city":"上益城郡山都町","town":"高辻"}],"3934":[{"pref":"熊本県","city":"上益城郡山都町","town":"高畑"}],"3935":[{"pref":"熊本県","city":"上益城郡山都町","town":"東竹原"}],"3936":[{"pref":"熊本県","city":"上益城郡山都町","town":"柳"}],"3937":[{"pref":"熊本県","city":"上益城郡山都町","town":"伊勢"}],"4101":[{"pref":"熊本県","city":"熊本市南区","town":"近見"}],"4102":[{"pref":"熊本県","city":"熊本市南区","town":"御幸西無田町"}],"4103":[{"pref":"熊本県","city":"熊本市南区","town":"御幸笛田町"}],"4104":[{"pref":"熊本県","city":"熊本市南区","town":"御幸木部町"}],"4105":[{"pref":"熊本県","city":"熊本市南区","town":"元三町"}],"4106":[{"pref":"熊本県","city":"熊本市南区","town":"南高江"}],"4108":[{"pref":"熊本県","city":"熊本市南区","town":"幸田"}],"4109":[{"pref":"熊本県","city":"熊本市南区","town":"日吉"}],"4111":[{"pref":"熊本県","city":"熊本市南区","town":"合志"}],"4112":[{"pref":"熊本県","city":"熊本市南区","town":"白藤"}],"4113":[{"pref":"熊本県","city":"熊本市南区","town":"八幡"}],"4114":[{"pref":"熊本県","city":"熊本市南区","town":"野田"}],"4115":[{"pref":"熊本県","city":"熊本市南区","town":"川尻"}],"4116":[{"pref":"熊本県","city":"熊本市南区","town":"中無田町"}],"4117":[{"pref":"熊本県","city":"熊本市南区","town":"護藤町"}],"4121":[{"pref":"熊本県","city":"熊本市南区","town":"会富町"}],"4122":[{"pref":"熊本県","city":"熊本市南区","town":"美登里町"}],"4123":[{"pref":"熊本県","city":"熊本市南区","town":"川口町"}],"4124":[{"pref":"熊本県","city":"熊本市南区","town":"海路口町"}],"4125":[{"pref":"熊本県","city":"熊本市南区","town":"奥古閑町"}],"4126":[{"pref":"熊本県","city":"熊本市南区","town":"銭塘町"}],"4127":[{"pref":"熊本県","city":"熊本市南区","town":"内田町"}],"4131":[{"pref":"熊本県","city":"熊本市南区","town":"薄場"},{"pref":"熊本県","city":"熊本市南区","town":"薄場町"}],"4132":[{"pref":"熊本県","city":"熊本市南区","town":"上ノ郷"}],"4133":[{"pref":"熊本県","city":"熊本市南区","town":"島町"}],"4134":[{"pref":"熊本県","city":"熊本市南区","town":"刈草"}],"4135":[{"pref":"熊本県","city":"熊本市南区","town":"鳶町"}],"4136":[{"pref":"熊本県","city":"熊本市南区","town":"荒尾"},{"pref":"熊本県","city":"熊本市南区","town":"荒尾町"}],"4137":[{"pref":"熊本県","city":"熊本市南区","town":"野口"},{"pref":"熊本県","city":"熊本市南区","town":"野口町"}],"4141":[{"pref":"熊本県","city":"熊本市南区","town":"富合町御船手"}],"4142":[{"pref":"熊本県","city":"熊本市南区","town":"富合町杉島"}],"4143":[{"pref":"熊本県","city":"熊本市南区","town":"富合町上杉"}],"4144":[{"pref":"熊本県","city":"熊本市南区","town":"富合町釈迦堂"}],"4145":[{"pref":"熊本県","city":"熊本市南区","town":"富合町大町"}],"4146":[{"pref":"熊本県","city":"熊本市南区","town":"富合町榎津"}],"4147":[{"pref":"熊本県","city":"熊本市南区","town":"富合町廻江"}],"4151":[{"pref":"熊本県","city":"熊本市南区","town":"富合町清藤"}],"4152":[{"pref":"熊本県","city":"熊本市南区","town":"富合町新"}],"4153":[{"pref":"熊本県","city":"熊本市南区","town":"富合町木原"}],"4154":[{"pref":"熊本県","city":"熊本市南区","town":"富合町平原"}],"4155":[{"pref":"熊本県","city":"熊本市南区","town":"富合町南田尻"}],"4156":[{"pref":"熊本県","city":"熊本市南区","town":"富合町田尻"}],"4157":[{"pref":"熊本県","city":"熊本市南区","town":"富合町古閑"}],"4161":[{"pref":"熊本県","city":"熊本市南区","town":"富合町小岩瀬"}],"4162":[{"pref":"熊本県","city":"熊本市南区","town":"富合町国町"}],"4163":[{"pref":"熊本県","city":"熊本市南区","town":"富合町志々水"}],"4164":[{"pref":"熊本県","city":"熊本市南区","town":"富合町西田尻"}],"4165":[{"pref":"熊本県","city":"熊本市南区","town":"富合町硴江"}],"4166":[{"pref":"熊本県","city":"熊本市南区","town":"富合町莎崎"}],"4167":[{"pref":"熊本県","city":"熊本市南区","town":"富合町菰江"}],"4171":[{"pref":"熊本県","city":"熊本市南区","town":"御幸西"}],"4172":[{"pref":"熊本県","city":"熊本市南区","town":"御幸笛田"}],"4173":[{"pref":"熊本県","city":"熊本市南区","town":"御幸木部"}],"4201":[{"pref":"熊本県","city":"熊本市南区","town":"城南町坂野"}],"4202":[{"pref":"熊本県","city":"熊本市南区","town":"城南町宮地"}],"4203":[{"pref":"熊本県","city":"熊本市南区","town":"城南町隈庄"}],"4204":[{"pref":"熊本県","city":"熊本市南区","town":"城南町下宮地"}],"4205":[{"pref":"熊本県","city":"熊本市南区","town":"城南町碇"}],"4206":[{"pref":"熊本県","city":"熊本市南区","town":"城南町さんさん"}],"4211":[{"pref":"熊本県","city":"熊本市南区","town":"城南町今吉野"}],"4212":[{"pref":"熊本県","city":"熊本市南区","town":"城南町築地"}],"4213":[{"pref":"熊本県","city":"熊本市南区","town":"城南町出水"}],"4214":[{"pref":"熊本県","city":"熊本市南区","town":"城南町舞原"}],"4215":[{"pref":"熊本県","city":"熊本市南区","town":"城南町沈目"}],"4221":[{"pref":"熊本県","city":"熊本市南区","town":"城南町陳内"}],"4222":[{"pref":"熊本県","city":"熊本市南区","town":"城南町鰐瀬"}],"4223":[{"pref":"熊本県","city":"熊本市南区","town":"城南町藤山"}],"4224":[{"pref":"熊本県","city":"熊本市南区","town":"城南町阿高"}],"4225":[{"pref":"熊本県","city":"熊本市南区","town":"城南町東阿高"}],"4226":[{"pref":"熊本県","city":"熊本市南区","town":"城南町塚原"}],"4231":[{"pref":"熊本県","city":"熊本市南区","town":"城南町赤見"}],"4232":[{"pref":"熊本県","city":"熊本市南区","town":"城南町高"}],"4233":[{"pref":"熊本県","city":"熊本市南区","town":"城南町丹生宮"}],"4234":[{"pref":"熊本県","city":"熊本市南区","town":"城南町永"}],"4235":[{"pref":"熊本県","city":"熊本市南区","town":"城南町千町"}],"4236":[{"pref":"熊本県","city":"熊本市南区","town":"城南町島田"}],"4237":[{"pref":"熊本県","city":"熊本市南区","town":"城南町六田"}],"4301":[{"pref":"熊本県","city":"宇城市","town":"豊野町糸石"}],"4302":[{"pref":"熊本県","city":"宇城市","town":"豊野町中間"}],"4303":[{"pref":"熊本県","city":"宇城市","town":"豊野町上郷"}],"4304":[{"pref":"熊本県","city":"宇城市","town":"豊野町下郷"}],"4305":[{"pref":"熊本県","city":"宇城市","town":"豊野町山崎"}],"4306":[{"pref":"熊本県","city":"宇城市","town":"豊野町安見"}],"4307":[{"pref":"熊本県","city":"宇城市","town":"豊野町巣林"}],"4401":[{"pref":"熊本県","city":"下益城郡美里町","town":"大沢水"}],"4402":[{"pref":"熊本県","city":"下益城郡美里町","town":"堅志田"}],"4403":[{"pref":"熊本県","city":"下益城郡美里町","town":"中郡"}],"4404":[{"pref":"熊本県","city":"下益城郡美里町","town":"岩下"}],"4405":[{"pref":"熊本県","city":"下益城郡美里町","town":"萱野"}],"4406":[{"pref":"熊本県","city":"下益城郡美里町","town":"馬場"}],"4407":[{"pref":"熊本県","city":"下益城郡美里町","town":"中小路"}],"4411":[{"pref":"熊本県","city":"下益城郡美里町","town":"小筵"}],"4412":[{"pref":"熊本県","city":"下益城郡美里町","town":"佐俣"}],"4413":[{"pref":"熊本県","city":"下益城郡美里町","town":"岩野"}],"4414":[{"pref":"熊本県","city":"下益城郡美里町","town":"椿"}],"4415":[{"pref":"熊本県","city":"下益城郡美里町","town":"坂本"}],"4416":[{"pref":"熊本県","city":"下益城郡美里町","town":"払川"}],"4417":[{"pref":"熊本県","city":"下益城郡美里町","town":"中"}],"4421":[{"pref":"熊本県","city":"下益城郡美里町","town":"原田"}],"4422":[{"pref":"熊本県","city":"下益城郡美里町","town":"長尾野"}],"4423":[{"pref":"熊本県","city":"下益城郡美里町","town":"松野原"}],"4424":[{"pref":"熊本県","city":"下益城郡美里町","town":"小市野"}],"4425":[{"pref":"熊本県","city":"下益城郡美里町","town":"木早川内"}],"4426":[{"pref":"熊本県","city":"下益城郡美里町","town":"白石野"}],"4427":[{"pref":"熊本県","city":"下益城郡美里町","town":"津留"}],"4600":[{"pref":"熊本県","city":"上益城郡甲佐町","town":"以下に掲載がない場合"}],"4601":[{"pref":"熊本県","city":"上益城郡甲佐町","town":"岩下"}],"4602":[{"pref":"熊本県","city":"上益城郡甲佐町","town":"緑町"}],"4603":[{"pref":"熊本県","city":"上益城郡甲佐町","town":"仁田子"}],"4604":[{"pref":"熊本県","city":"上益城郡甲佐町","town":"大町"}],"4605":[{"pref":"熊本県","city":"上益城郡甲佐町","town":"有安"}],"4606":[{"pref":"熊本県","city":"上益城郡甲佐町","town":"横田"}],"4607":[{"pref":"熊本県","city":"上益城郡甲佐町","town":"豊内"}],"4608":[{"pref":"熊本県","city":"上益城郡甲佐町","town":"東寒野"}],"4609":[{"pref":"熊本県","city":"上益城郡甲佐町","town":"西寒野"}],"4611":[{"pref":"熊本県","city":"上益城郡甲佐町","town":"船津"}],"4612":[{"pref":"熊本県","city":"上益城郡甲佐町","town":"世持"}],"4613":[{"pref":"熊本県","city":"上益城郡甲佐町","town":"南三箇"}],"4614":[{"pref":"熊本県","city":"上益城郡甲佐町","town":"中山"}],"4615":[{"pref":"熊本県","city":"上益城郡甲佐町","town":"府領"}],"4616":[{"pref":"熊本県","city":"上益城郡甲佐町","town":"田口"}],"4617":[{"pref":"熊本県","city":"上益城郡甲佐町","town":"津志田"}],"4618":[{"pref":"熊本県","city":"上益城郡甲佐町","town":"麻生原"}],"4621":[{"pref":"熊本県","city":"上益城郡甲佐町","town":"下横田"}],"4622":[{"pref":"熊本県","city":"上益城郡甲佐町","town":"上早川"}],"4623":[{"pref":"熊本県","city":"上益城郡甲佐町","town":"中横田"}],"4631":[{"pref":"熊本県","city":"上益城郡甲佐町","town":"上揚"}],"4632":[{"pref":"熊本県","city":"上益城郡甲佐町","town":"坂谷"}],"4633":[{"pref":"熊本県","city":"上益城郡甲佐町","town":"西原"}],"4634":[{"pref":"熊本県","city":"上益城郡甲佐町","town":"小鹿"}],"4635":[{"pref":"熊本県","city":"上益城郡甲佐町","town":"安平"}],"4700":[{"pref":"熊本県","city":"下益城郡美里町","town":"以下に掲載がない場合"}],"4701":[{"pref":"熊本県","city":"下益城郡美里町","town":"大井早"}],"4702":[{"pref":"熊本県","city":"下益城郡美里町","town":"遠野"}],"4703":[{"pref":"熊本県","city":"下益城郡美里町","town":"畝野"}],"4704":[{"pref":"熊本県","city":"下益城郡美里町","town":"涌井"}],"4705":[{"pref":"熊本県","city":"下益城郡美里町","town":"豊富"}],"4706":[{"pref":"熊本県","city":"下益城郡美里町","town":"甲佐平"}],"4707":[{"pref":"熊本県","city":"下益城郡美里町","town":"川越"}],"4711":[{"pref":"熊本県","city":"下益城郡美里町","town":"洞岳"}],"4712":[{"pref":"熊本県","city":"下益城郡美里町","town":"柏川"}],"4713":[{"pref":"熊本県","city":"下益城郡美里町","town":"早楠"}],"4714":[{"pref":"熊本県","city":"下益城郡美里町","town":"安部"}],"4715":[{"pref":"熊本県","city":"下益城郡美里町","town":"清水"}],"4716":[{"pref":"熊本県","city":"下益城郡美里町","town":"石野"}],"4721":[{"pref":"熊本県","city":"下益城郡美里町","town":"土喰"}],"4722":[{"pref":"熊本県","city":"下益城郡美里町","town":"永富"}],"4723":[{"pref":"熊本県","city":"下益城郡美里町","town":"境"}],"4725":[{"pref":"熊本県","city":"下益城郡美里町","town":"坂貫"}],"4726":[{"pref":"熊本県","city":"下益城郡美里町","town":"大窪"}],"4727":[{"pref":"熊本県","city":"下益城郡美里町","town":"原町"}],"4731":[{"pref":"熊本県","city":"下益城郡美里町","town":"栗崎"}],"4732":[{"pref":"熊本県","city":"下益城郡美里町","town":"三和"}],"4733":[{"pref":"熊本県","city":"下益城郡美里町","town":"二和田"}],"4734":[{"pref":"熊本県","city":"下益城郡美里町","town":"今"}],"4735":[{"pref":"熊本県","city":"下益城郡美里町","town":"三加"}],"4736":[{"pref":"熊本県","city":"下益城郡美里町","town":"名越谷"}],"4737":[{"pref":"熊本県","city":"下益城郡美里町","town":"古閑"}],"5251":[{"pref":"熊本県","city":"熊本市南区","town":"今町"}],"5252":[{"pref":"熊本県","city":"熊本市南区","town":"土河原町"}],"5253":[{"pref":"熊本県","city":"熊本市南区","town":"八分字町"}],"5254":[{"pref":"熊本県","city":"熊本市南区","town":"孫代町"}],"5255":[{"pref":"熊本県","city":"熊本市南区","town":"砂原町"}],"5261":[{"pref":"熊本県","city":"熊本市南区","town":"無田口町"}],"5262":[{"pref":"熊本県","city":"熊本市南区","town":"浜口町"}],"5263":[{"pref":"熊本県","city":"熊本市南区","town":"並建町"}],"5264":[{"pref":"熊本県","city":"熊本市南区","town":"白石町"}],"5265":[{"pref":"熊本県","city":"熊本市南区","town":"畠口町"}],"5271":[{"pref":"熊本県","city":"熊本市西区","town":"中原町"}],"5272":[{"pref":"熊本県","city":"熊本市西区","town":"中島町"}],"5273":[{"pref":"熊本県","city":"熊本市西区","town":"沖新町"}],"5274":[{"pref":"熊本県","city":"熊本市西区","town":"新港"}],"5280":[{"pref":"熊本県","city":"熊本市西区","town":"松尾"}],"5281":[{"pref":"熊本県","city":"熊本市西区","town":"松尾町近津"}],"5282":[{"pref":"熊本県","city":"熊本市西区","town":"松尾町平山"}],"5284":[{"pref":"熊本県","city":"熊本市西区","town":"小島下町"}],"5285":[{"pref":"熊本県","city":"熊本市西区","town":"小島上町"}],"5286":[{"pref":"熊本県","city":"熊本市西区","town":"中松尾町"}],"5287":[{"pref":"熊本県","city":"熊本市西区","town":"小島"}],"5288":[{"pref":"熊本県","city":"熊本市西区","town":"西松尾町"}],"5289":[{"pref":"熊本県","city":"熊本市西区","town":"上松尾町"}],"5341":[{"pref":"熊本県","city":"熊本市西区","town":"河内町大多尾"}],"5342":[{"pref":"熊本県","city":"熊本市西区","town":"河内町東門寺"}],"5343":[{"pref":"熊本県","city":"熊本市西区","town":"河内町野出"}],"5344":[{"pref":"熊本県","city":"熊本市西区","town":"河内町岳"}],"5345":[{"pref":"熊本県","city":"熊本市西区","town":"河内町面木"}],"5346":[{"pref":"熊本県","city":"熊本市西区","town":"河内町河内"}],"5347":[{"pref":"熊本県","city":"熊本市西区","town":"河内町船津"}],"5348":[{"pref":"熊本県","city":"熊本市西区","town":"河内町白浜"}],"5401":[{"pref":"熊本県","city":"玉名市","town":"天水町小天"}],"5402":[{"pref":"熊本県","city":"玉名市","town":"天水町立花"}],"5403":[{"pref":"熊本県","city":"玉名市","town":"天水町部田見"}],"5404":[{"pref":"熊本県","city":"玉名市","town":"天水町竹崎"}],"5405":[{"pref":"熊本県","city":"玉名市","town":"天水町野部田"}],"5406":[{"pref":"熊本県","city":"玉名市","town":"天水町尾田"}],"5501":[{"pref":"熊本県","city":"熊本市北区","town":"改寄町"}],"5502":[{"pref":"熊本県","city":"熊本市北区","town":"大鳥居町"}],"5503":[{"pref":"熊本県","city":"熊本市北区","town":"明徳町"}],"5504":[{"pref":"熊本県","city":"熊本市北区","town":"小糸山町"}],"5511":[{"pref":"熊本県","city":"熊本市北区","town":"楠野町"}],"5512":[{"pref":"熊本県","city":"熊本市北区","town":"梶尾町"}],"5513":[{"pref":"熊本県","city":"熊本市北区","town":"鶴羽田町"}],"5514":[{"pref":"熊本県","city":"熊本市北区","town":"飛田"}],"5515":[{"pref":"熊本県","city":"熊本市北区","town":"四方寄町"}],"5516":[{"pref":"熊本県","city":"熊本市北区","town":"西梶尾町"}],"5517":[{"pref":"熊本県","city":"熊本市北区","town":"鶴羽田"}],"5521":[{"pref":"熊本県","city":"熊本市北区","town":"鹿子木町"}],"5522":[{"pref":"熊本県","city":"熊本市北区","town":"下硯川町"}],"5523":[{"pref":"熊本県","city":"熊本市北区","town":"徳王町"}],"5524":[{"pref":"熊本県","city":"熊本市北区","town":"硯川町"}],"5525":[{"pref":"熊本県","city":"熊本市北区","town":"徳王"}],"5526":[{"pref":"熊本県","city":"熊本市北区","town":"下硯川"}],"5531":[{"pref":"熊本県","city":"熊本市北区","town":"北迫町"}],"5532":[{"pref":"熊本県","city":"熊本市北区","town":"太郎迫町"}],"5533":[{"pref":"熊本県","city":"熊本市北区","town":"和泉町"}],"5534":[{"pref":"熊本県","city":"熊本市北区","town":"釜尾町"}],"5535":[{"pref":"熊本県","city":"熊本市北区","town":"貢町"}],"5536":[{"pref":"熊本県","city":"熊本市北区","town":"立福寺町"}],"5537":[{"pref":"熊本県","city":"熊本市北区","town":"万楽寺町"}],"6101":[{"pref":"熊本県","city":"上天草市","town":"松島町阿村"}],"6102":[{"pref":"熊本県","city":"上天草市","town":"松島町合津"}],"6103":[{"pref":"熊本県","city":"上天草市","town":"松島町今泉"}],"6104":[{"pref":"熊本県","city":"上天草市","town":"松島町内野河内"}],"6105":[{"pref":"熊本県","city":"上天草市","town":"松島町教良木"}],"6301":[{"pref":"熊本県","city":"天草市","town":"栖本町打田"}],"6302":[{"pref":"熊本県","city":"天草市","town":"栖本町河内"}],"6303":[{"pref":"熊本県","city":"天草市","town":"栖本町馬場"}],"6304":[{"pref":"熊本県","city":"天草市","town":"栖本町古江"}],"6305":[{"pref":"熊本県","city":"天草市","town":"栖本町湯船原"}],"6401":[{"pref":"熊本県","city":"天草市","town":"倉岳町浦"}],"6402":[{"pref":"熊本県","city":"天草市","town":"倉岳町棚底"}],"6403":[{"pref":"熊本県","city":"天草市","town":"倉岳町宮田"}],"6551":[{"pref":"熊本県","city":"天草市","town":"下浦町"}],"7201":[{"pref":"熊本県","city":"天草市","town":"有明町赤崎"}],"7202":[{"pref":"熊本県","city":"天草市","town":"有明町須子"}],"7203":[{"pref":"熊本県","city":"天草市","town":"有明町大浦"}],"7204":[{"pref":"熊本県","city":"天草市","town":"有明町楠甫"}],"7311":[{"pref":"熊本県","city":"天草市","town":"有明町上津浦"}],"7312":[{"pref":"熊本県","city":"天草市","town":"有明町下津浦"}],"7313":[{"pref":"熊本県","city":"天草市","town":"有明町小島子"}],"7314":[{"pref":"熊本県","city":"天草市","town":"有明町大島子"}],"8001":[{"pref":"熊本県","city":"熊本市北区","town":"武蔵ケ丘"}],"8002":[{"pref":"熊本県","city":"熊本市北区","town":"弓削"}],"8003":[{"pref":"熊本県","city":"熊本市北区","town":"楠"}],"8005":[{"pref":"熊本県","city":"熊本市北区","town":"龍田陳内"}],"8006":[{"pref":"熊本県","city":"熊本市北区","town":"龍田"}],"8007":[{"pref":"熊本県","city":"熊本市北区","town":"龍田弓削"}],"8010":[{"pref":"熊本県","city":"熊本市東区","town":"上南部"}],"8011":[{"pref":"熊本県","city":"熊本市東区","town":"鹿帰瀬町"}],"8012":[{"pref":"熊本県","city":"熊本市東区","town":"平山町"}],"8013":[{"pref":"熊本県","city":"熊本市東区","town":"弓削町"}],"8014":[{"pref":"熊本県","city":"熊本市東区","town":"石原町"}],"8015":[{"pref":"熊本県","city":"熊本市東区","town":"中江町"}],"8016":[{"pref":"熊本県","city":"熊本市東区","town":"吉原町"}],"8017":[{"pref":"熊本県","city":"熊本市東区","town":"上南部町"}],"8019":[{"pref":"熊本県","city":"熊本市東区","town":"下南部"}],"8028":[{"pref":"熊本県","city":"熊本市東区","town":"新南部"}],"8029":[{"pref":"熊本県","city":"熊本市東区","town":"西原"}],"8030":[{"pref":"熊本県","city":"熊本市東区","town":"小山町"}],"8031":[{"pref":"熊本県","city":"熊本市東区","town":"戸島町"}],"8034":[{"pref":"熊本県","city":"熊本市東区","town":"八反田"}],"8035":[{"pref":"熊本県","city":"熊本市東区","town":"御領"}],"8037":[{"pref":"熊本県","city":"熊本市東区","town":"長嶺西"}],"8038":[{"pref":"熊本県","city":"熊本市東区","town":"長嶺東"}],"8039":[{"pref":"熊本県","city":"熊本市東区","town":"長嶺南"}],"8041":[{"pref":"熊本県","city":"熊本市東区","town":"戸島"}],"8042":[{"pref":"熊本県","city":"熊本市東区","town":"戸島本町"}],"8043":[{"pref":"熊本県","city":"熊本市東区","town":"戸島西"}],"8044":[{"pref":"熊本県","city":"熊本市東区","town":"神園"}],"8045":[{"pref":"熊本県","city":"熊本市東区","town":"小山"}],"8046":[{"pref":"熊本県","city":"熊本市東区","town":"石原"}],"8064":[{"pref":"熊本県","city":"熊本市北区","town":"八景水谷"}],"8065":[{"pref":"熊本県","city":"熊本市北区","town":"清水東町"}],"8066":[{"pref":"熊本県","city":"熊本市北区","town":"清水亀井町"}],"8068":[{"pref":"熊本県","city":"熊本市北区","town":"清水万石"}],"8071":[{"pref":"熊本県","city":"熊本市北区","town":"清水町室園"}],"8072":[{"pref":"熊本県","city":"熊本市中央区","town":"室園町"},{"pref":"熊本県","city":"熊本市北区","town":"室園町"}],"8073":[{"pref":"熊本県","city":"熊本市北区","town":"清水町松崎"}],"8074":[{"pref":"熊本県","city":"熊本市北区","town":"清水本町"}],"8075":[{"pref":"熊本県","city":"熊本市北区","town":"清水新地"}],"8081":[{"pref":"熊本県","city":"熊本市北区","town":"麻生田"}],"8082":[{"pref":"熊本県","city":"熊本市北区","town":"兎谷"}],"8083":[{"pref":"熊本県","city":"熊本市北区","town":"楡木"}],"8084":[{"pref":"熊本県","city":"熊本市北区","town":"清水岩倉"}],"0000":[{"pref":"熊本県","city":"熊本市中央区","town":"以下に掲載がない場合"},{"pref":"熊本県","city":"熊本市東区","town":"以下に掲載がない場合"},{"pref":"熊本県","city":"熊本市西区","town":"以下に掲載がない場合"},{"pref":"熊本県","city":"熊本市南区","town":"以下に掲載がない場合"},{"pref":"熊本県","city":"熊本市北区","town":"以下に掲載がない場合"}],"0142":[{"pref":"熊本県","city":"熊本市北区","town":"植木町鐙田"}],"0123":[{"pref":"熊本県","city":"熊本市北区","town":"植木町有泉"}],"0124":[{"pref":"熊本県","city":"熊本市北区","town":"植木町石川"}],"0113":[{"pref":"熊本県","city":"熊本市北区","town":"植木町伊知坊"}],"0104":[{"pref":"熊本県","city":"熊本市北区","town":"植木町今藤"}],"0136":[{"pref":"熊本県","city":"熊本市北区","town":"植木町岩野"}],"0132":[{"pref":"熊本県","city":"熊本市北区","town":"植木町植木"}],"0152":[{"pref":"熊本県","city":"熊本市北区","town":"植木町上古閑"}],"0156":[{"pref":"熊本県","city":"熊本市北区","town":"植木町後古閑"}],"0102":[{"pref":"熊本県","city":"熊本市北区","town":"植木町内"}],"0153":[{"pref":"熊本県","city":"熊本市北区","town":"植木町円台寺"}],"0126":[{"pref":"熊本県","city":"熊本市北区","town":"植木町大井"}],"0145":[{"pref":"熊本県","city":"熊本市北区","town":"植木町荻迫"}],"0125":[{"pref":"熊本県","city":"熊本市北区","town":"植木町小野"}],"0127":[{"pref":"熊本県","city":"熊本市北区","town":"植木町亀甲"}],"0151":[{"pref":"熊本県","city":"熊本市北区","town":"植木町木留"}],"0103":[{"pref":"熊本県","city":"熊本市北区","town":"植木町清水"}],"0161":[{"pref":"熊本県","city":"熊本市北区","town":"植木町鞍掛"}],"0122":[{"pref":"熊本県","city":"熊本市北区","town":"植木町古閑"}],"0116":[{"pref":"熊本県","city":"熊本市北区","town":"植木町色出"}],"0117":[{"pref":"熊本県","city":"熊本市北区","town":"植木町正清"}],"0164":[{"pref":"熊本県","city":"熊本市北区","town":"植木町鈴麦"}],"0143":[{"pref":"熊本県","city":"熊本市北区","town":"植木町大和"}],"0112":[{"pref":"熊本県","city":"熊本市北区","town":"植木町田底"}],"0133":[{"pref":"熊本県","city":"熊本市北区","town":"植木町滴水"}],"0155":[{"pref":"熊本県","city":"熊本市北区","town":"植木町轟"}],"0162":[{"pref":"熊本県","city":"熊本市北区","town":"植木町富応"}],"0163":[{"pref":"熊本県","city":"熊本市北区","town":"植木町豊岡"}],"0106":[{"pref":"熊本県","city":"熊本市北区","town":"植木町豊田"}],"0141":[{"pref":"熊本県","city":"熊本市北区","town":"植木町投刀塚"}],"0154":[{"pref":"熊本県","city":"熊本市北区","town":"植木町那知"}],"0135":[{"pref":"熊本県","city":"熊本市北区","town":"植木町一木"}],"0121":[{"pref":"熊本県","city":"熊本市北区","town":"植木町平井"}],"0144":[{"pref":"熊本県","city":"熊本市北区","town":"植木町平野"}],"0165":[{"pref":"熊本県","city":"熊本市北区","town":"植木町平原"}],"0131":[{"pref":"熊本県","city":"熊本市北区","town":"植木町広住"}],"0114":[{"pref":"熊本県","city":"熊本市北区","town":"植木町舟島"}],"0146":[{"pref":"熊本県","city":"熊本市北区","town":"植木町辺田野"}],"0105":[{"pref":"熊本県","city":"熊本市北区","town":"植木町味取"}],"0111":[{"pref":"熊本県","city":"熊本市北区","town":"植木町宮原"}],"0134":[{"pref":"熊本県","city":"熊本市北区","town":"植木町舞尾"}],"0101":[{"pref":"熊本県","city":"熊本市北区","town":"植木町山本"}],"0115":[{"pref":"熊本県","city":"熊本市北区","town":"植木町米塚"}],"0500":[{"pref":"熊本県","city":"山鹿市","town":"以下に掲載がない場合"}],"0547":[{"pref":"熊本県","city":"山鹿市","town":"麻生野"}],"0553":[{"pref":"熊本県","city":"山鹿市","town":"石"}],"0512":[{"pref":"熊本県","city":"山鹿市","town":"泉町"}],"0517":[{"pref":"熊本県","city":"山鹿市","town":"大橋通"}],"0521":[{"pref":"熊本県","city":"山鹿市","town":"小坂"}],"0543":[{"pref":"熊本県","city":"山鹿市","town":"小原"}],"0555":[{"pref":"熊本県","city":"山鹿市","town":"小群"}],"0565":[{"pref":"熊本県","city":"山鹿市","town":"鹿央町合里"}],"0561":[{"pref":"熊本県","city":"山鹿市","town":"鹿央町岩原"}],"0574":[{"pref":"熊本県","city":"山鹿市","town":"鹿央町梅木谷"}],"0576":[{"pref":"熊本県","city":"山鹿市","town":"鹿央町大浦"}],"0571":[{"pref":"熊本県","city":"山鹿市","town":"鹿央町北谷"}],"0573":[{"pref":"熊本県","city":"山鹿市","town":"鹿央町霜野"}],"0563":[{"pref":"熊本県","city":"山鹿市","town":"鹿央町千田"}],"0575":[{"pref":"熊本県","city":"山鹿市","town":"鹿央町中浦"}],"0572":[{"pref":"熊本県","city":"山鹿市","town":"鹿央町仁王堂"}],"0564":[{"pref":"熊本県","city":"山鹿市","town":"鹿央町広"}],"0562":[{"pref":"熊本県","city":"山鹿市","town":"鹿央町持松"}],"0532":[{"pref":"熊本県","city":"山鹿市","town":"鹿校通"}],"0382":[{"pref":"熊本県","city":"山鹿市","town":"方保田"}],"0602":[{"pref":"熊本県","city":"山鹿市","town":"鹿北町芋生"}],"0603":[{"pref":"熊本県","city":"山鹿市","town":"鹿北町岩野"}],"0604":[{"pref":"熊本県","city":"山鹿市","town":"鹿北町椎持"}],"0601":[{"pref":"熊本県","city":"山鹿市","town":"鹿北町四丁"}],"0605":[{"pref":"熊本県","city":"山鹿市","town":"鹿北町多久"}],"0524":[{"pref":"熊本県","city":"山鹿市","town":"上吉田"}],"0523":[{"pref":"熊本県","city":"山鹿市","town":"蒲生"}],"0311":[{"pref":"熊本県","city":"山鹿市","town":"鹿本町石渕"}],"0315":[{"pref":"熊本県","city":"山鹿市","town":"鹿本町小嶋"}],"0312":[{"pref":"熊本県","city":"山鹿市","town":"鹿本町梶屋"}],"0331":[{"pref":"熊本県","city":"山鹿市","town":"鹿本町来民"}],"0324":[{"pref":"熊本県","city":"山鹿市","town":"鹿本町小柳"}],"0316":[{"pref":"熊本県","city":"山鹿市","town":"鹿本町下高橋"}],"0323":[{"pref":"熊本県","city":"山鹿市","town":"鹿本町下分田"}],"0301":[{"pref":"熊本県","city":"山鹿市","town":"鹿本町庄"}],"0303":[{"pref":"熊本県","city":"山鹿市","town":"鹿本町高橋"}],"0302":[{"pref":"熊本県","city":"山鹿市","town":"鹿本町津袋"}],"0314":[{"pref":"熊本県","city":"山鹿市","town":"鹿本町中川"}],"0313":[{"pref":"熊本県","city":"山鹿市","town":"鹿本町中富"}],"0322":[{"pref":"熊本県","city":"山鹿市","town":"鹿本町中分田"}],"0321":[{"pref":"熊本県","city":"山鹿市","town":"鹿本町分田"}],"0304":[{"pref":"熊本県","city":"山鹿市","town":"鹿本町御宇田"}],"0519":[{"pref":"熊本県","city":"山鹿市","town":"川端町"}],"0412":[{"pref":"熊本県","city":"山鹿市","town":"菊鹿町相良"}],"0421":[{"pref":"熊本県","city":"山鹿市","town":"菊鹿町阿佐古"}],"0423":[{"pref":"熊本県","city":"山鹿市","town":"菊鹿町池永"}],"0402":[{"pref":"熊本県","city":"山鹿市","town":"菊鹿町太田"}],"0414":[{"pref":"熊本県","city":"山鹿市","town":"菊鹿町上内田"}],"0404":[{"pref":"熊本県","city":"山鹿市","town":"菊鹿町上永野"}],"0426":[{"pref":"熊本県","city":"山鹿市","town":"菊鹿町木野"}],"0403":[{"pref":"熊本県","city":"山鹿市","town":"菊鹿町五郎丸"}],"0406":[{"pref":"熊本県","city":"山鹿市","town":"菊鹿町下内田"}],"0405":[{"pref":"熊本県","city":"山鹿市","town":"菊鹿町下永野"}],"0401":[{"pref":"熊本県","city":"山鹿市","town":"菊鹿町長"}],"0424":[{"pref":"熊本県","city":"山鹿市","town":"菊鹿町松尾"}],"0422":[{"pref":"熊本県","city":"山鹿市","town":"菊鹿町宮原"}],"0413":[{"pref":"熊本県","city":"山鹿市","town":"菊鹿町矢谷"}],"0411":[{"pref":"熊本県","city":"山鹿市","town":"菊鹿町山内"}],"0425":[{"pref":"熊本県","city":"山鹿市","town":"菊鹿町米原"}],"0522":[{"pref":"熊本県","city":"山鹿市","town":"久原"}],"0511":[{"pref":"熊本県","city":"山鹿市","town":"熊入町"}],"0533":[{"pref":"熊本県","city":"山鹿市","town":"古閑"}],"0546":[{"pref":"熊本県","city":"山鹿市","town":"坂田"}],"0542":[{"pref":"熊本県","city":"山鹿市","town":"志々岐"}],"0526":[{"pref":"熊本県","city":"山鹿市","town":"下吉田"}],"0554":[{"pref":"熊本県","city":"山鹿市","town":"城"}],"0515":[{"pref":"熊本県","city":"山鹿市","town":"昭和町"}],"0514":[{"pref":"熊本県","city":"山鹿市","town":"新町"}],"0552":[{"pref":"熊本県","city":"山鹿市","town":"杉"}],"0516":[{"pref":"熊本県","city":"山鹿市","town":"中央通"}],"0548":[{"pref":"熊本県","city":"山鹿市","town":"椿井"}],"0551":[{"pref":"熊本県","city":"山鹿市","town":"津留"}],"0527":[{"pref":"熊本県","city":"山鹿市","town":"寺島"}],"0531":[{"pref":"熊本県","city":"山鹿市","town":"中"}],"0534":[{"pref":"熊本県","city":"山鹿市","town":"長坂"}],"0525":[{"pref":"熊本県","city":"山鹿市","town":"名塚"}],"0541":[{"pref":"熊本県","city":"山鹿市","town":"鍋田"}],"0545":[{"pref":"熊本県","city":"山鹿市","town":"西牧"}],"0556":[{"pref":"熊本県","city":"山鹿市","town":"平山"}],"0381":[{"pref":"熊本県","city":"山鹿市","town":"藤井"}],"0544":[{"pref":"熊本県","city":"山鹿市","town":"保多田"}],"0535":[{"pref":"熊本県","city":"山鹿市","town":"南島"}],"0513":[{"pref":"熊本県","city":"山鹿市","town":"宗方"}],"0518":[{"pref":"熊本県","city":"山鹿市","town":"宗方通"}],"0501":[{"pref":"熊本県","city":"山鹿市","town":"山鹿"}],"0800":[{"pref":"熊本県","city":"玉名郡南関町","town":"以下に掲載がない場合"}],"0812":[{"pref":"熊本県","city":"玉名郡南関町","town":"相谷"}],"0832":[{"pref":"熊本県","city":"玉名郡南関町","town":"今"}],"0822":[{"pref":"熊本県","city":"玉名郡南関町","town":"上坂下"}],"0837":[{"pref":"熊本県","city":"玉名郡南関町","town":"上長田"}],"0836":[{"pref":"熊本県","city":"玉名郡南関町","town":"久重"}],"0814":[{"pref":"熊本県","city":"玉名郡南関町","town":"肥猪"}],"0813":[{"pref":"熊本県","city":"玉名郡南関町","town":"肥猪町"}],"0811":[{"pref":"熊本県","city":"玉名郡南関町","town":"小原"}],"0821":[{"pref":"熊本県","city":"玉名郡南関町","town":"下坂下"}],"0805":[{"pref":"熊本県","city":"玉名郡南関町","town":"関下"}],"0801":[{"pref":"熊本県","city":"玉名郡南関町","town":"関外目"}],"0803":[{"pref":"熊本県","city":"玉名郡南関町","town":"関町"}],"0804":[{"pref":"熊本県","city":"玉名郡南関町","town":"関村"}],"0802":[{"pref":"熊本県","city":"玉名郡南関町","town":"関東"}],"0833":[{"pref":"熊本県","city":"玉名郡南関町","town":"高久野"}],"0815":[{"pref":"熊本県","city":"玉名郡南関町","town":"豊永"}],"0835":[{"pref":"熊本県","city":"玉名郡南関町","town":"長山"}],"0831":[{"pref":"熊本県","city":"玉名郡南関町","town":"細永"}],"0834":[{"pref":"熊本県","city":"玉名郡南関町","town":"宮尾"}],"0823":[{"pref":"熊本県","city":"玉名郡南関町","town":"四ツ原"}],"0913":[{"pref":"熊本県","city":"玉名郡和水町","town":"板楠"}],"0922":[{"pref":"熊本県","city":"玉名郡和水町","town":"岩"}],"0924":[{"pref":"熊本県","city":"玉名郡和水町","town":"大田黒"}],"0914":[{"pref":"熊本県","city":"玉名郡和水町","town":"上板楠"}],"0911":[{"pref":"熊本県","city":"玉名郡和水町","town":"上十町"}],"0901":[{"pref":"熊本県","city":"玉名郡和水町","town":"上和仁"}],"0921":[{"pref":"熊本県","city":"玉名郡和水町","town":"津田"}],"0912":[{"pref":"熊本県","city":"玉名郡和水町","town":"中十町"}],"0905":[{"pref":"熊本県","city":"玉名郡和水町","town":"中林"}],"0902":[{"pref":"熊本県","city":"玉名郡和水町","town":"中和仁"}],"0906":[{"pref":"熊本県","city":"玉名郡和水町","town":"西吉地"}],"0925":[{"pref":"熊本県","city":"玉名郡和水町","town":"野田"}],"0904":[{"pref":"熊本県","city":"玉名郡和水町","town":"東吉地"}],"0923":[{"pref":"熊本県","city":"玉名郡和水町","town":"平野"}],"0915":[{"pref":"熊本県","city":"玉名郡和水町","town":"山十町"}],"0903":[{"pref":"熊本県","city":"玉名郡和水町","town":"和仁"}]}