{"0000":[{"pref":"埼玉県","city":"加須市","town":"以下に掲載がない場合"}],"0057":[{"pref":"埼玉県","city":"加須市","town":"愛宕"}],"0047":[{"pref":"埼玉県","city":"加須市","town":"阿良川"}],"0024":[{"pref":"埼玉県","city":"加須市","town":"今鉾"}],"0112":[{"pref":"埼玉県","city":"加須市","town":"芋茎"}],"0103":[{"pref":"埼玉県","city":"加須市","town":"牛重"}],"0122":[{"pref":"埼玉県","city":"加須市","town":"内田ケ谷"}],"0010":[{"pref":"埼玉県","city":"加須市","town":"大桑"}],"0001":[{"pref":"埼玉県","city":"加須市","town":"大越"}],"0027":[{"pref":"埼玉県","city":"加須市","town":"大室"}],"0058":[{"pref":"埼玉県","city":"加須市","town":"岡古井"}],"0125":[{"pref":"埼玉県","city":"加須市","town":"上崎"}],"0101":[{"pref":"埼玉県","city":"加須市","town":"上高柳"}],"0115":[{"pref":"埼玉県","city":"加須市","town":"上種足"}],"0003":[{"pref":"埼玉県","city":"加須市","town":"上樋遣川"}],"0006":[{"pref":"埼玉県","city":"加須市","town":"上三俣"}],"0014":[{"pref":"埼玉県","city":"加須市","town":"川口"}],"0105":[{"pref":"埼玉県","city":"加須市","town":"騎西"}],"0011":[{"pref":"埼玉県","city":"加須市","town":"北小浜"}],"0013":[{"pref":"埼玉県","city":"加須市","town":"北篠崎"}],"0023":[{"pref":"埼玉県","city":"加須市","town":"北辻"}],"0063":[{"pref":"埼玉県","city":"加須市","town":"久下"}],"0041":[{"pref":"埼玉県","city":"加須市","town":"串作"}],"0111":[{"pref":"埼玉県","city":"加須市","town":"鴻茎"}],"0042":[{"pref":"埼玉県","city":"加須市","town":"志多見"}],"0123":[{"pref":"埼玉県","city":"加須市","town":"下崎"}],"0033":[{"pref":"埼玉県","city":"加須市","town":"下高柳"}],"0113":[{"pref":"埼玉県","city":"加須市","town":"下種足"}],"0005":[{"pref":"埼玉県","city":"加須市","town":"下樋遣川"}],"0007":[{"pref":"埼玉県","city":"加須市","town":"下三俣"}],"0053":[{"pref":"埼玉県","city":"加須市","town":"下谷"}],"0107":[{"pref":"埼玉県","city":"加須市","town":"正能"}],"0061":[{"pref":"埼玉県","city":"加須市","town":"諏訪"}],"0106":[{"pref":"埼玉県","city":"加須市","town":"外川"}],"0126":[{"pref":"埼玉県","city":"加須市","town":"外田ケ谷"}],"0002":[{"pref":"埼玉県","city":"加須市","town":"外野"}],"0068":[{"pref":"埼玉県","city":"加須市","town":"大門町"}],"0012":[{"pref":"埼玉県","city":"加須市","town":"多門寺"}],"0055":[{"pref":"埼玉県","city":"加須市","town":"中央"}],"0034":[{"pref":"埼玉県","city":"加須市","town":"常泉"}],"0064":[{"pref":"埼玉県","city":"加須市","town":"東栄"}],"0121":[{"pref":"埼玉県","city":"加須市","town":"道地"}],"0051":[{"pref":"埼玉県","city":"加須市","town":"戸川"}],"0108":[{"pref":"埼玉県","city":"加須市","town":"戸崎"}],"0056":[{"pref":"埼玉県","city":"加須市","town":"土手"}],"0116":[{"pref":"埼玉県","city":"加須市","town":"戸室"}],"0114":[{"pref":"埼玉県","city":"加須市","town":"中種足"}],"0124":[{"pref":"埼玉県","city":"加須市","town":"中ノ目"}],"0008":[{"pref":"埼玉県","city":"加須市","town":"中樋遣川"}],"0117":[{"pref":"埼玉県","city":"加須市","town":"西ノ谷"}],"0104":[{"pref":"埼玉県","city":"加須市","town":"根古屋"}],"0019":[{"pref":"埼玉県","city":"加須市","town":"鳩山町"}],"0032":[{"pref":"埼玉県","city":"加須市","town":"花崎"}],"0016":[{"pref":"埼玉県","city":"加須市","town":"花崎北"}],"0018":[{"pref":"埼玉県","city":"加須市","town":"浜町"}],"0102":[{"pref":"埼玉県","city":"加須市","town":"日出安"}],"0046":[{"pref":"埼玉県","city":"加須市","town":"平永"}],"0045":[{"pref":"埼玉県","city":"加須市","town":"富士見町"}],"0054":[{"pref":"埼玉県","city":"加須市","town":"不動岡"}],"0021":[{"pref":"埼玉県","city":"加須市","town":"船越"}],"0004":[{"pref":"埼玉県","city":"加須市","town":"古川"}],"0066":[{"pref":"埼玉県","city":"加須市","town":"本町"}],"0052":[{"pref":"埼玉県","city":"加須市","town":"町屋新田"}],"0022":[{"pref":"埼玉県","city":"加須市","town":"水深"}],"0009":[{"pref":"埼玉県","city":"加須市","town":"三俣"}],"0015":[{"pref":"埼玉県","city":"加須市","town":"南大桑"}],"0028":[{"pref":"埼玉県","city":"加須市","town":"南小浜"}],"0017":[{"pref":"埼玉県","city":"加須市","town":"南篠崎"}],"0031":[{"pref":"埼玉県","city":"加須市","town":"南町"}],"0067":[{"pref":"埼玉県","city":"加須市","town":"向川岸町"}],"0062":[{"pref":"埼玉県","city":"加須市","town":"睦町"}],"0043":[{"pref":"埼玉県","city":"加須市","town":"馬内"}],"0065":[{"pref":"埼玉県","city":"加須市","town":"元町"}],"0026":[{"pref":"埼玉県","city":"加須市","town":"油井ケ島"}],"0044":[{"pref":"埼玉県","city":"加須市","town":"礼羽"}],"0025":[{"pref":"埼玉県","city":"加須市","town":"割目"}]}