{"0096":[{"pref":"大阪府","city":"茨木市","town":"粟生岩阪"}],"0097":[{"pref":"大阪府","city":"茨木市","town":"泉原"}],"0091":[{"pref":"大阪府","city":"茨木市","town":"大岩"}],"0086":[{"pref":"大阪府","city":"茨木市","town":"上音羽"}],"0081":[{"pref":"大阪府","city":"茨木市","town":"清阪"}],"0083":[{"pref":"大阪府","city":"茨木市","town":"車作"}],"0094":[{"pref":"大阪府","city":"茨木市","town":"桑原"}],"0095":[{"pref":"大阪府","city":"茨木市","town":"佐保"}],"0082":[{"pref":"大阪府","city":"茨木市","town":"下音羽"}],"0092":[{"pref":"大阪府","city":"茨木市","town":"生保"}],"0087":[{"pref":"大阪府","city":"茨木市","town":"銭原"}],"0098":[{"pref":"大阪府","city":"茨木市","town":"千提寺"}],"0093":[{"pref":"大阪府","city":"茨木市","town":"大門寺"}],"0088":[{"pref":"大阪府","city":"茨木市","town":"長谷"}],"0085":[{"pref":"大阪府","city":"茨木市","town":"忍頂寺"}],"0084":[{"pref":"大阪府","city":"茨木市","town":"安元"}],"0089":[{"pref":"大阪府","city":"茨木市","town":"山手台東町"}]}