{"0000":[{"pref":"静岡県","city":"下田市","town":"以下に掲載がない場合"}],"0001":[{"pref":"静岡県","city":"下田市","town":"下田市の次に番地がくる場合"}],"0021":[{"pref":"静岡県","city":"下田市","town":"一丁目"}],"0038":[{"pref":"静岡県","city":"下田市","town":"大賀茂"}],"0039":[{"pref":"静岡県","city":"下田市","town":"大沢"}],"0013":[{"pref":"静岡県","city":"下田市","town":"柿崎"}],"0028":[{"pref":"静岡県","city":"下田市","town":"吉佐美"}],"0027":[{"pref":"静岡県","city":"下田市","town":"旧岡方村"}],"0011":[{"pref":"静岡県","city":"下田市","town":"河内"}],"0025":[{"pref":"静岡県","city":"下田市","town":"五丁目"}],"0023":[{"pref":"静岡県","city":"下田市","town":"三丁目"}],"0037":[{"pref":"静岡県","city":"下田市","town":"敷根"}],"0012":[{"pref":"静岡県","city":"下田市","town":"白浜"}],"0014":[{"pref":"静岡県","city":"下田市","town":"須崎"}],"0015":[{"pref":"静岡県","city":"下田市","town":"武ガ浜"}],"0034":[{"pref":"静岡県","city":"下田市","town":"高馬"}],"0032":[{"pref":"静岡県","city":"下田市","town":"立野"}],"0029":[{"pref":"静岡県","city":"下田市","town":"田牛"}],"0016":[{"pref":"静岡県","city":"下田市","town":"中"}],"0018":[{"pref":"静岡県","city":"下田市","town":"西中"}],"0036":[{"pref":"静岡県","city":"下田市","town":"西本郷"}],"0022":[{"pref":"静岡県","city":"下田市","town":"二丁目"}],"0017":[{"pref":"静岡県","city":"下田市","town":"東中"}],"0035":[{"pref":"静岡県","city":"下田市","town":"東本郷"}],"0033":[{"pref":"静岡県","city":"下田市","town":"本郷"}],"0024":[{"pref":"静岡県","city":"下田市","town":"四丁目"}],"0031":[{"pref":"静岡県","city":"下田市","town":"蓮台寺"}],"0026":[{"pref":"静岡県","city":"下田市","town":"六丁目"}],"0300":[{"pref":"静岡県","city":"賀茂郡南伊豆町","town":"以下に掲載がない場合"}],"0151":[{"pref":"静岡県","city":"賀茂郡南伊豆町","town":"青市"}],"0327":[{"pref":"静岡県","city":"賀茂郡南伊豆町","town":"青野"}],"0306":[{"pref":"静岡県","city":"賀茂郡南伊豆町","town":"石井"}],"0313":[{"pref":"静岡県","city":"賀茂郡南伊豆町","town":"一色"}],"0301":[{"pref":"静岡県","city":"賀茂郡南伊豆町","town":"一條"}],"0325":[{"pref":"静岡県","city":"賀茂郡南伊豆町","town":"市之瀬"},{"pref":"静岡県","city":"賀茂郡南伊豆町","town":"平戸"}],"0531":[{"pref":"静岡県","city":"賀茂郡南伊豆町","town":"一町田"},{"pref":"静岡県","city":"賀茂郡南伊豆町","town":"伊浜"},{"pref":"静岡県","city":"賀茂郡南伊豆町","town":"落居"},{"pref":"静岡県","city":"賀茂郡南伊豆町","town":"天神原"}],"0312":[{"pref":"静岡県","city":"賀茂郡南伊豆町","town":"入間"},{"pref":"静岡県","city":"賀茂郡南伊豆町","town":"差田"}],"0156":[{"pref":"静岡県","city":"賀茂郡南伊豆町","town":"石廊崎"}],"0322":[{"pref":"静岡県","city":"賀茂郡南伊豆町","town":"岩殿"}],"0155":[{"pref":"静岡県","city":"賀茂郡南伊豆町","town":"大瀬"}],"0304":[{"pref":"静岡県","city":"賀茂郡南伊豆町","town":"加納"}],"0324":[{"pref":"静岡県","city":"賀茂郡南伊豆町","town":"上小野"}],"0302":[{"pref":"静岡県","city":"賀茂郡南伊豆町","town":"上賀茂"}],"0323":[{"pref":"静岡県","city":"賀茂郡南伊豆町","town":"川合野"},{"pref":"静岡県","city":"賀茂郡南伊豆町","town":"下小野"}],"0321":[{"pref":"静岡県","city":"賀茂郡南伊豆町","town":"毛倉野"}],"0532":[{"pref":"静岡県","city":"賀茂郡南伊豆町","town":"子浦"}],"0154":[{"pref":"静岡県","city":"賀茂郡南伊豆町","town":"下流"}],"0303":[{"pref":"静岡県","city":"賀茂郡南伊豆町","town":"下賀茂"}],"0326":[{"pref":"静岡県","city":"賀茂郡南伊豆町","town":"蛇石"}],"0533":[{"pref":"静岡県","city":"賀茂郡南伊豆町","town":"立岩"},{"pref":"静岡県","city":"賀茂郡南伊豆町","town":"妻良"},{"pref":"静岡県","city":"賀茂郡南伊豆町","town":"吉田"}],"0314":[{"pref":"静岡県","city":"賀茂郡南伊豆町","town":"蝶ケ野"}],"0153":[{"pref":"静岡県","city":"賀茂郡南伊豆町","town":"手石"}],"0311":[{"pref":"静岡県","city":"賀茂郡南伊豆町","town":"中木"}],"0305":[{"pref":"静岡県","city":"賀茂郡南伊豆町","town":"二條"}],"0152":[{"pref":"静岡県","city":"賀茂郡南伊豆町","town":"湊"}]}