{"1200":[{"pref":"三重県","city":"三重郡菰野町","town":"以下に掲載がない場合"}],"1221":[{"pref":"三重県","city":"三重郡菰野町","town":"池底"}],"1222":[{"pref":"三重県","city":"三重郡菰野町","town":"大強原"}],"1223":[{"pref":"三重県","city":"三重郡菰野町","town":"諏訪"}],"1224":[{"pref":"三重県","city":"三重郡菰野町","town":"川北"}],"1225":[{"pref":"三重県","city":"三重郡菰野町","town":"下村"}],"1226":[{"pref":"三重県","city":"三重郡菰野町","town":"吉沢"}],"1231":[{"pref":"三重県","city":"三重郡菰野町","town":"神森"}],"1232":[{"pref":"三重県","city":"三重郡菰野町","town":"宿野"}],"1233":[{"pref":"三重県","city":"三重郡菰野町","town":"菰野"}],"1234":[{"pref":"三重県","city":"三重郡菰野町","town":"福村"}],"1235":[{"pref":"三重県","city":"三重郡菰野町","town":"宝永台"}],"1236":[{"pref":"三重県","city":"三重郡菰野町","town":"初若の郷"}],"1241":[{"pref":"三重県","city":"三重郡菰野町","town":"大羽根園新林町"}],"1242":[{"pref":"三重県","city":"三重郡菰野町","town":"大羽根園柴垣町"}],"1243":[{"pref":"三重県","city":"三重郡菰野町","town":"大羽根園呉竹町"}],"1244":[{"pref":"三重県","city":"三重郡菰野町","town":"大羽根園並木通"}],"1245":[{"pref":"三重県","city":"三重郡菰野町","town":"大羽根園松ケ枝町"}],"1246":[{"pref":"三重県","city":"三重郡菰野町","town":"大羽根園青葉町"}],"1251":[{"pref":"三重県","city":"三重郡菰野町","town":"千草"}],"1252":[{"pref":"三重県","city":"三重郡菰野町","town":"音羽"}],"1253":[{"pref":"三重県","city":"三重郡菰野町","town":"潤田"}],"1311":[{"pref":"三重県","city":"三重郡菰野町","town":"永井"}],"1312":[{"pref":"三重県","city":"三重郡菰野町","town":"竹成"}],"1321":[{"pref":"三重県","city":"三重郡菰野町","town":"田口"}],"1322":[{"pref":"三重県","city":"三重郡菰野町","town":"田口新田"}],"1323":[{"pref":"三重県","city":"三重郡菰野町","town":"小島"}],"1324":[{"pref":"三重県","city":"三重郡菰野町","town":"田光"}],"1325":[{"pref":"三重県","city":"三重郡菰野町","town":"榊"}],"1326":[{"pref":"三重県","city":"三重郡菰野町","town":"杉谷"}],"1327":[{"pref":"三重県","city":"三重郡菰野町","town":"根の平"}],"1328":[{"pref":"三重県","city":"三重郡菰野町","town":"切畑"}],"8001":[{"pref":"三重県","city":"四日市市","town":"天カ須賀"}],"8002":[{"pref":"三重県","city":"四日市市","town":"天カ須賀新町"}],"8003":[{"pref":"三重県","city":"四日市市","town":"住吉町"}],"8004":[{"pref":"三重県","city":"四日市市","town":"富田一色町"}],"8005":[{"pref":"三重県","city":"四日市市","town":"富双"}],"8006":[{"pref":"三重県","city":"四日市市","town":"東富田町"}],"8007":[{"pref":"三重県","city":"四日市市","town":"富田浜元町"}],"8008":[{"pref":"三重県","city":"四日市市","town":"富田浜町"}],"8009":[{"pref":"三重県","city":"四日市市","town":"浜園町"}],"8011":[{"pref":"三重県","city":"四日市市","town":"東茂福町"}],"8012":[{"pref":"三重県","city":"四日市市","town":"茂福町"}],"8013":[{"pref":"三重県","city":"四日市市","town":"南富田町"}],"8014":[{"pref":"三重県","city":"四日市市","town":"富田"}],"8015":[{"pref":"三重県","city":"四日市市","town":"松原町"}],"8016":[{"pref":"三重県","city":"四日市市","town":"富州原町"}],"8017":[{"pref":"三重県","city":"四日市市","town":"平町"}],"8021":[{"pref":"三重県","city":"四日市市","town":"松寺"}],"8022":[{"pref":"三重県","city":"四日市市","town":"蒔田"}],"8023":[{"pref":"三重県","city":"四日市市","town":"西富田"}],"8024":[{"pref":"三重県","city":"四日市市","town":"西富田町"}],"8025":[{"pref":"三重県","city":"四日市市","town":"富田栄町"}],"8026":[{"pref":"三重県","city":"四日市市","town":"十志町"}],"8027":[{"pref":"三重県","city":"四日市市","town":"茂福"}],"8028":[{"pref":"三重県","city":"四日市市","town":"下之宮町"}],"8031":[{"pref":"三重県","city":"四日市市","town":"川北"}],"8032":[{"pref":"三重県","city":"四日市市","town":"川北町"}],"8033":[{"pref":"三重県","city":"四日市市","town":"下さざらい町"}],"8034":[{"pref":"三重県","city":"四日市市","town":"大矢知町"}],"8035":[{"pref":"三重県","city":"四日市市","town":"東垂坂町"}],"8036":[{"pref":"三重県","city":"四日市市","town":"南垂坂町"}],"8037":[{"pref":"三重県","city":"四日市市","town":"垂坂町"}],"8038":[{"pref":"三重県","city":"四日市市","town":"垂坂新町"}],"8039":[{"pref":"三重県","city":"四日市市","town":"大矢知新町"}],"8101":[{"pref":"三重県","city":"三重郡朝日町","town":"縄生"}],"8102":[{"pref":"三重県","city":"三重郡朝日町","town":"小向"}],"8103":[{"pref":"三重県","city":"三重郡朝日町","town":"柿"}],"8104":[{"pref":"三重県","city":"三重郡朝日町","town":"埋縄"}],"8105":[{"pref":"三重県","city":"三重郡朝日町","town":"向陽台"}],"8106":[{"pref":"三重県","city":"三重郡朝日町","town":"白梅の丘東"}],"8107":[{"pref":"三重県","city":"三重郡朝日町","town":"白梅の丘西"}],"8111":[{"pref":"三重県","city":"三重郡川越町","town":"当新田"}],"8112":[{"pref":"三重県","city":"三重郡川越町","town":"亀須新田"}],"8113":[{"pref":"三重県","city":"三重郡川越町","town":"亀尾新田"}],"8114":[{"pref":"三重県","city":"三重郡川越町","town":"亀崎新田"}],"8121":[{"pref":"三重県","city":"三重郡川越町","town":"高松"}],"8122":[{"pref":"三重県","city":"三重郡川越町","town":"豊田"}],"8123":[{"pref":"三重県","city":"三重郡川越町","town":"豊田一色"}],"8124":[{"pref":"三重県","city":"三重郡川越町","town":"南福崎"}],"8125":[{"pref":"三重県","city":"三重郡川越町","town":"北福崎"}],"0313":[{"pref":"三重県","city":"津市","town":"河芸町赤部"}],"0306":[{"pref":"三重県","city":"津市","town":"河芸町一色"}],"0304":[{"pref":"三重県","city":"津市","town":"河芸町上野"}],"0307":[{"pref":"三重県","city":"津市","town":"河芸町影重"}],"0317":[{"pref":"三重県","city":"津市","town":"河芸町北黒田"}],"0312":[{"pref":"三重県","city":"津市","town":"河芸町久知野"}],"0315":[{"pref":"三重県","city":"津市","town":"河芸町高佐"}],"0302":[{"pref":"三重県","city":"津市","town":"河芸町千里ケ丘"}],"0308":[{"pref":"三重県","city":"津市","town":"河芸町中瀬"}],"0305":[{"pref":"三重県","city":"津市","town":"河芸町中別保"}],"0301":[{"pref":"三重県","city":"津市","town":"河芸町西千里"}],"0314":[{"pref":"三重県","city":"津市","town":"河芸町浜田"}],"0303":[{"pref":"三重県","city":"津市","town":"河芸町東千里"}],"0316":[{"pref":"三重県","city":"津市","town":"河芸町南黒田"}],"0311":[{"pref":"三重県","city":"津市","town":"河芸町三行"}],"0318":[{"pref":"三重県","city":"津市","town":"河芸町杜の街"}],"0000":[{"pref":"三重県","city":"四日市市","town":"以下に掲載がない場合"},{"pref":"三重県","city":"三重郡朝日町","town":"以下に掲載がない場合"},{"pref":"三重県","city":"三重郡川越町","town":"以下に掲載がない場合"}],"0044":[{"pref":"三重県","city":"四日市市","town":"相生町"}],"0839":[{"pref":"三重県","city":"四日市市","town":"青葉町"}],"0826":[{"pref":"三重県","city":"四日市市","town":"赤堀"}],"0825":[{"pref":"三重県","city":"四日市市","town":"赤堀新町"}],"0827":[{"pref":"三重県","city":"四日市市","town":"赤堀南町"}],"0810":[{"pref":"三重県","city":"四日市市","town":"阿倉川新町"}],"0803":[{"pref":"三重県","city":"四日市市","town":"阿倉川町"}],"0053":[{"pref":"三重県","city":"四日市市","town":"曙"}],"0054":[{"pref":"三重県","city":"四日市市","town":"曙町"}],"0061":[{"pref":"三重県","city":"四日市市","town":"朝日町"}],"0832":[{"pref":"三重県","city":"四日市市","town":"伊倉"}],"0828":[{"pref":"三重県","city":"四日市市","town":"石塚町"}],"0842":[{"pref":"三重県","city":"四日市市","town":"石原町"}],"0863":[{"pref":"三重県","city":"四日市市","town":"磯津"},{"pref":"三重県","city":"四日市市","town":"大里町"},{"pref":"三重県","city":"四日市市","town":"塩浜"},{"pref":"三重県","city":"四日市市","town":"塩浜栄町"}],"0041":[{"pref":"三重県","city":"四日市市","town":"稲葉町"}],"0872":[{"pref":"三重県","city":"四日市市","town":"内堀町"}],"0953":[{"pref":"三重県","city":"四日市市","town":"釆女が丘"}],"0954":[{"pref":"三重県","city":"四日市市","town":"釆女町"}],"0074":[{"pref":"三重県","city":"四日市市","town":"鵜の森"}],"0023":[{"pref":"三重県","city":"四日市市","town":"午起"}],"0882":[{"pref":"三重県","city":"四日市市","town":"追分"}],"0866":[{"pref":"三重県","city":"四日市市","town":"大池町"}],"0835":[{"pref":"三重県","city":"四日市市","town":"大井手"}],"0846":[{"pref":"三重県","city":"四日市市","town":"大井の川町"}],"0847":[{"pref":"三重県","city":"四日市市","town":"大浜町"}],"0003":[{"pref":"三重県","city":"四日市市","town":"大宮町"}],"0004":[{"pref":"三重県","city":"四日市市","town":"大宮西町"}],"0083":[{"pref":"三重県","city":"四日市市","town":"沖の島町"}],"0958":[{"pref":"三重県","city":"四日市市","town":"小古曽"}],"0952":[{"pref":"三重県","city":"四日市市","town":"小古曽町"}],"0951":[{"pref":"三重県","city":"四日市市","town":"小古曽東"}],"0059":[{"pref":"三重県","city":"四日市市","town":"尾上町"}],"0875":[{"pref":"三重県","city":"四日市市","town":"大治田"}],"0956":[{"pref":"三重県","city":"四日市市","town":"貝家町"}],"0873":[{"pref":"三重県","city":"四日市市","town":"貝塚町"}],"0011":[{"pref":"三重県","city":"四日市市","town":"霞"}],"0014":[{"pref":"三重県","city":"四日市市","town":"金場町"}],"0853":[{"pref":"三重県","city":"四日市市","town":"川合町"}],"0871":[{"pref":"三重県","city":"四日市市","town":"川尻町"}],"0874":[{"pref":"三重県","city":"四日市市","town":"河原田町"}],"0033":[{"pref":"三重県","city":"四日市市","town":"川原町"}],"0955":[{"pref":"三重県","city":"四日市市","town":"北小松町"}],"0098":[{"pref":"三重県","city":"四日市市","town":"北条町"}],"0047":[{"pref":"三重県","city":"四日市市","town":"北納屋町"}],"0062":[{"pref":"三重県","city":"四日市市","town":"北浜田町"}],"0091":[{"pref":"三重県","city":"四日市市","town":"北浜町"}],"0081":[{"pref":"三重県","city":"四日市市","town":"北町"}],"0032":[{"pref":"三重県","city":"四日市市","town":"京町"}],"0101":[{"pref":"三重県","city":"四日市市","town":"楠町小倉"}],"0107":[{"pref":"三重県","city":"四日市市","town":"楠町北一色"}],"0103":[{"pref":"三重県","city":"四日市市","town":"楠町北五味塚"}],"0106":[{"pref":"三重県","city":"四日市市","town":"楠町本郷"}],"0105":[{"pref":"三重県","city":"四日市市","town":"楠町南川"}],"0104":[{"pref":"三重県","city":"四日市市","town":"楠町南五味塚"}],"0102":[{"pref":"三重県","city":"四日市市","town":"楠町吉崎"}],"0072":[{"pref":"三重県","city":"四日市市","town":"九の城町"}],"0821":[{"pref":"三重県","city":"四日市市","town":"久保田"}],"0045":[{"pref":"三重県","city":"四日市市","town":"蔵町"}],"0055":[{"pref":"三重県","city":"四日市市","town":"寿町"}],"0865":[{"pref":"三重県","city":"四日市市","town":"小浜町"}],"0946":[{"pref":"三重県","city":"四日市市","town":"小林町"}],"0069":[{"pref":"三重県","city":"四日市市","town":"幸町"}],"0084":[{"pref":"三重県","city":"四日市市","town":"栄町"}],"0944":[{"pref":"三重県","city":"四日市市","town":"笹川"}],"0021":[{"pref":"三重県","city":"四日市市","town":"三郎町"}],"0068":[{"pref":"三重県","city":"四日市市","town":"三栄町"}],"0851":[{"pref":"三重県","city":"四日市市","town":"塩浜町"}],"0854":[{"pref":"三重県","city":"四日市市","town":"塩浜本町"}],"0822":[{"pref":"三重県","city":"四日市市","town":"芝田"}],"0814":[{"pref":"三重県","city":"四日市市","town":"清水町"}],"0057":[{"pref":"三重県","city":"四日市市","town":"昌栄町"}],"0867":[{"pref":"三重県","city":"四日市市","town":"松泉町"}],"0018":[{"pref":"三重県","city":"四日市市","town":"白須賀"}],"0823":[{"pref":"三重県","city":"四日市市","town":"城北町"}],"0829":[{"pref":"三重県","city":"四日市市","town":"城西町"}],"0824":[{"pref":"三重県","city":"四日市市","town":"城東町"}],"0015":[{"pref":"三重県","city":"四日市市","town":"城山町"}],"0064":[{"pref":"三重県","city":"四日市市","town":"新正"}],"0094":[{"pref":"三重県","city":"四日市市","town":"新々町"}],"0092":[{"pref":"三重県","city":"四日市市","town":"新町"}],"0024":[{"pref":"三重県","city":"四日市市","town":"新浜町"}],"0063":[{"pref":"三重県","city":"四日市市","town":"十七軒町"}],"0813":[{"pref":"三重県","city":"四日市市","town":"末永"}],"0807":[{"pref":"三重県","city":"四日市市","town":"末永町"}],"0052":[{"pref":"三重県","city":"四日市市","town":"末広町"}],"0086":[{"pref":"三重県","city":"四日市市","town":"諏訪栄町"}],"0085":[{"pref":"三重県","city":"四日市市","town":"諏訪町"}],"0022":[{"pref":"三重県","city":"四日市市","town":"大協町"}],"0857":[{"pref":"三重県","city":"四日市市","town":"高旭町"}],"0042":[{"pref":"三重県","city":"四日市市","town":"高砂町"}],"0945":[{"pref":"三重県","city":"四日市市","town":"高花平"}],"0027":[{"pref":"三重県","city":"四日市市","town":"高浜新町"}],"0026":[{"pref":"三重県","city":"四日市市","town":"高浜町"}],"0844":[{"pref":"三重県","city":"四日市市","town":"宝町"}],"0034":[{"pref":"三重県","city":"四日市市","town":"滝川町"}],"0051":[{"pref":"三重県","city":"四日市市","town":"千歳町"}],"0082":[{"pref":"三重県","city":"四日市市","town":"中部"}],"0035":[{"pref":"三重県","city":"四日市市","town":"陶栄町"}],"0025":[{"pref":"三重県","city":"四日市市","town":"東新町"}],"0848":[{"pref":"三重県","city":"四日市市","town":"東邦町"}],"0834":[{"pref":"三重県","city":"四日市市","town":"ときわ"}],"0883":[{"pref":"三重県","city":"四日市市","town":"泊小柳町"}],"0884":[{"pref":"三重県","city":"四日市市","town":"泊町"}],"0894":[{"pref":"三重県","city":"四日市市","town":"泊村"}],"0892":[{"pref":"三重県","city":"四日市市","town":"泊山崎町"}],"0833":[{"pref":"三重県","city":"四日市市","town":"中川原"}],"0864":[{"pref":"三重県","city":"四日市市","town":"中里町"}],"0048":[{"pref":"三重県","city":"四日市市","town":"中納屋町"}],"0065":[{"pref":"三重県","city":"四日市市","town":"中浜田町"}],"0096":[{"pref":"三重県","city":"四日市市","town":"中町"}],"0856":[{"pref":"三重県","city":"四日市市","town":"七つ屋町"}],"0812":[{"pref":"三重県","city":"四日市市","town":"西阿倉川"}],"0831":[{"pref":"三重県","city":"四日市市","town":"西伊倉町"}],"0071":[{"pref":"三重県","city":"四日市市","town":"西浦"}],"0087":[{"pref":"三重県","city":"四日市市","town":"西新地"}],"0058":[{"pref":"三重県","city":"四日市市","town":"西末広町"}],"0073":[{"pref":"三重県","city":"四日市市","town":"西浜田町"}],"0943":[{"pref":"三重県","city":"四日市市","town":"西日野町"}],"0089":[{"pref":"三重県","city":"四日市市","town":"西町"}],"0837":[{"pref":"三重県","city":"四日市市","town":"西松本町"}],"0815":[{"pref":"三重県","city":"四日市市","town":"野田"}],"0962":[{"pref":"三重県","city":"四日市市","town":"波木が丘町"}],"0961":[{"pref":"三重県","city":"四日市市","town":"波木町"}],"0963":[{"pref":"三重県","city":"四日市市","town":"波木南台"}],"0868":[{"pref":"三重県","city":"四日市市","town":"馳出"}],"0855":[{"pref":"三重県","city":"四日市市","town":"馳出町"}],"0947":[{"pref":"三重県","city":"四日市市","town":"八王子町"}],"0097":[{"pref":"三重県","city":"四日市市","town":"八幡町"}],"0001":[{"pref":"三重県","city":"四日市市","town":"八田"}],"0012":[{"pref":"三重県","city":"四日市市","town":"羽津"}],"0017":[{"pref":"三重県","city":"四日市市","town":"羽津町"}],"0002":[{"pref":"三重県","city":"四日市市","town":"羽津中"}],"0016":[{"pref":"三重県","city":"四日市市","town":"羽津山町"}],"0852":[{"pref":"三重県","city":"四日市市","town":"浜旭町"}],"0031":[{"pref":"三重県","city":"四日市市","town":"浜一色町"}],"0067":[{"pref":"三重県","city":"四日市市","town":"浜田町"}],"0046":[{"pref":"三重県","city":"四日市市","town":"浜町"}],"0804":[{"pref":"三重県","city":"四日市市","town":"万古町"}],"0805":[{"pref":"三重県","city":"四日市市","town":"東阿倉川"}],"0941":[{"pref":"三重県","city":"四日市市","town":"東日野"}],"0942":[{"pref":"三重県","city":"四日市市","town":"東日野町"}],"0885":[{"pref":"三重県","city":"四日市市","town":"日永"}],"0886":[{"pref":"三重県","city":"四日市市","town":"日永東"}],"0891":[{"pref":"三重県","city":"四日市市","town":"日永西"}],"0013":[{"pref":"三重県","city":"四日市市","town":"富士町"}],"0007":[{"pref":"三重県","city":"四日市市","town":"別名"}],"0076":[{"pref":"三重県","city":"四日市市","town":"堀木"}],"0806":[{"pref":"三重県","city":"四日市市","town":"本郷町"}],"0093":[{"pref":"三重県","city":"四日市市","town":"本町"}],"0893":[{"pref":"三重県","city":"四日市市","town":"前田町"}],"0836":[{"pref":"三重県","city":"四日市市","town":"松本"}],"0862":[{"pref":"三重県","city":"四日市市","town":"御薗町"}],"0841":[{"pref":"三重県","city":"四日市市","town":"三田町"}],"0802":[{"pref":"三重県","city":"四日市市","town":"三ツ谷町"}],"0801":[{"pref":"三重県","city":"四日市市","town":"三ツ谷東町"}],"0006":[{"pref":"三重県","city":"四日市市","town":"緑丘町"}],"0008":[{"pref":"三重県","city":"四日市市","town":"南いかるが町"}],"0056":[{"pref":"三重県","city":"四日市市","town":"南起町"}],"0971":[{"pref":"三重県","city":"四日市市","town":"南小松町"}],"0043":[{"pref":"三重県","city":"四日市市","town":"南納屋町"}],"0066":[{"pref":"三重県","city":"四日市市","town":"南浜田町"}],"0838":[{"pref":"三重県","city":"四日市市","town":"南松本町"}],"0843":[{"pref":"三重県","city":"四日市市","town":"宮東町"}],"0845":[{"pref":"三重県","city":"四日市市","town":"海山道町"}],"0811":[{"pref":"三重県","city":"四日市市","town":"みゆきケ丘"}],"0948":[{"pref":"三重県","city":"四日市市","town":"室山町"}],"0095":[{"pref":"三重県","city":"四日市市","town":"元新町"}],"0088":[{"pref":"三重県","city":"四日市市","town":"元町"}],"0957":[{"pref":"三重県","city":"四日市市","town":"森カ山町"}],"0075":[{"pref":"三重県","city":"四日市市","town":"安島"}],"0861":[{"pref":"三重県","city":"四日市市","town":"柳町"}],"0005":[{"pref":"三重県","city":"四日市市","town":"山手町"}],"0881":[{"pref":"三重県","city":"四日市市","town":"六呂見"}],"0258":[{"pref":"三重県","city":"鈴鹿市","town":"秋永町"}],"0256":[{"pref":"三重県","city":"鈴鹿市","town":"磯山"}],"0255":[{"pref":"三重県","city":"鈴鹿市","town":"磯山町"}],"0205":[{"pref":"三重県","city":"鈴鹿市","town":"稲生"}],"0206":[{"pref":"三重県","city":"鈴鹿市","town":"稲生こがね園"}],"0207":[{"pref":"三重県","city":"鈴鹿市","town":"稲生塩屋"}],"0201":[{"pref":"三重県","city":"鈴鹿市","town":"稲生町"}],"0204":[{"pref":"三重県","city":"鈴鹿市","town":"稲生西"}],"0252":[{"pref":"三重県","city":"鈴鹿市","town":"五祝町"}],"0231":[{"pref":"三重県","city":"鈴鹿市","town":"江島台"}],"0237":[{"pref":"三重県","city":"鈴鹿市","town":"江島町"}],"0234":[{"pref":"三重県","city":"鈴鹿市","town":"江島本町"}],"0262":[{"pref":"三重県","city":"鈴鹿市","town":"越知町"}],"0226":[{"pref":"三重県","city":"鈴鹿市","town":"岸岡町"}],"0232":[{"pref":"三重県","city":"鈴鹿市","town":"北江島町"}],"0221":[{"pref":"三重県","city":"鈴鹿市","town":"北若松町"}],"0263":[{"pref":"三重県","city":"鈴鹿市","town":"郡山町"}],"0254":[{"pref":"三重県","city":"鈴鹿市","town":"寺家"}],"0253":[{"pref":"三重県","city":"鈴鹿市","town":"寺家町"}],"0243":[{"pref":"三重県","city":"鈴鹿市","town":"白子"}],"0241":[{"pref":"三重県","city":"鈴鹿市","town":"白子駅前"}],"0242":[{"pref":"三重県","city":"鈴鹿市","town":"白子本町"}],"0244":[{"pref":"三重県","city":"鈴鹿市","town":"白子町"}],"0208":[{"pref":"三重県","city":"鈴鹿市","town":"鈴鹿ハイツ"}],"0266":[{"pref":"三重県","city":"鈴鹿市","town":"長法寺町"}],"0264":[{"pref":"三重県","city":"鈴鹿市","town":"徳居町"}],"0251":[{"pref":"三重県","city":"鈴鹿市","town":"徳田町"}],"0212":[{"pref":"三重県","city":"鈴鹿市","town":"中旭が丘"}],"0236":[{"pref":"三重県","city":"鈴鹿市","town":"中江島町"}],"0259":[{"pref":"三重県","city":"鈴鹿市","town":"中瀬古町"}],"0202":[{"pref":"三重県","city":"鈴鹿市","town":"野町"}],"0216":[{"pref":"三重県","city":"鈴鹿市","town":"野町中"}],"0218":[{"pref":"三重県","city":"鈴鹿市","town":"野町西"}],"0217":[{"pref":"三重県","city":"鈴鹿市","town":"野町東"}],"0219":[{"pref":"三重県","city":"鈴鹿市","town":"野町南"}],"0203":[{"pref":"三重県","city":"鈴鹿市","town":"野村町"}],"0211":[{"pref":"三重県","city":"鈴鹿市","town":"東旭が丘"}],"0257":[{"pref":"三重県","city":"鈴鹿市","town":"東磯山"}],"0233":[{"pref":"三重県","city":"鈴鹿市","town":"東江島町"}],"0261":[{"pref":"三重県","city":"鈴鹿市","town":"御薗町"}],"0213":[{"pref":"三重県","city":"鈴鹿市","town":"南旭が丘"}],"0235":[{"pref":"三重県","city":"鈴鹿市","town":"南江島町"}],"0227":[{"pref":"三重県","city":"鈴鹿市","town":"南若松町"}],"0265":[{"pref":"三重県","city":"鈴鹿市","town":"三宅町"}],"0224":[{"pref":"三重県","city":"鈴鹿市","town":"若松中"}],"0225":[{"pref":"三重県","city":"鈴鹿市","town":"若松東"}],"0222":[{"pref":"三重県","city":"鈴鹿市","town":"若松西"}],"0223":[{"pref":"三重県","city":"鈴鹿市","town":"若松北"}]}