{"8101":[{"pref":"静岡県","city":"浜松市北区","town":"三幸町"}],"8102":[{"pref":"静岡県","city":"浜松市北区","town":"大原町"}],"8103":[{"pref":"静岡県","city":"浜松市北区","town":"豊岡町"}],"8104":[{"pref":"静岡県","city":"浜松市北区","town":"東三方町"}],"8105":[{"pref":"静岡県","city":"浜松市北区","town":"三方原町"}],"8108":[{"pref":"静岡県","city":"浜松市北区","town":"根洗町"}],"8109":[{"pref":"静岡県","city":"浜松市中区","town":"花川町"}],"8111":[{"pref":"静岡県","city":"浜松市中区","town":"葵西"}],"8112":[{"pref":"静岡県","city":"浜松市北区","town":"初生町"}],"8113":[{"pref":"静岡県","city":"浜松市中区","town":"小豆餅"}],"8114":[{"pref":"静岡県","city":"浜松市中区","town":"葵東"}],"8116":[{"pref":"静岡県","city":"浜松市中区","town":"西丘町"}],"8117":[{"pref":"静岡県","city":"浜松市中区","town":"高丘東"}],"8118":[{"pref":"静岡県","city":"浜松市中区","town":"高丘西"}],"8119":[{"pref":"静岡県","city":"浜松市中区","town":"高丘北"}],"8121":[{"pref":"静岡県","city":"浜松市中区","town":"萩丘"}],"8122":[{"pref":"静岡県","city":"浜松市中区","town":"上島"}],"8123":[{"pref":"静岡県","city":"浜松市中区","town":"幸"}],"8124":[{"pref":"静岡県","city":"浜松市中区","town":"泉"}],"8125":[{"pref":"静岡県","city":"浜松市中区","town":"和合町"}],"8126":[{"pref":"静岡県","city":"浜松市中区","town":"泉町"}],"8127":[{"pref":"静岡県","city":"浜松市中区","town":"和合北"}]}