{"0000":[{"pref":"北海道","city":"日高郡新ひだか町","town":"以下に掲載がない場合"}],"0019":[{"pref":"北海道","city":"日高郡新ひだか町","town":"静内青柳町"}],"0003":[{"pref":"北海道","city":"日高郡新ひだか町","town":"静内旭町"}],"0013":[{"pref":"北海道","city":"日高郡新ひだか町","town":"静内入船町"}],"0015":[{"pref":"北海道","city":"日高郡新ひだか町","town":"静内海岸町"}],"0028":[{"pref":"北海道","city":"日高郡新ひだか町","town":"静内柏台"}],"0002":[{"pref":"北海道","city":"日高郡新ひだか町","town":"静内神森"}],"0025":[{"pref":"北海道","city":"日高郡新ひだか町","town":"静内木場町"}],"0005":[{"pref":"北海道","city":"日高郡新ひだか町","town":"静内こうせい町"}],"0027":[{"pref":"北海道","city":"日高郡新ひだか町","town":"静内駒場"}],"0007":[{"pref":"北海道","city":"日高郡新ひだか町","town":"静内清水丘"}],"0026":[{"pref":"北海道","city":"日高郡新ひだか町","town":"静内末広町"}],"0022":[{"pref":"北海道","city":"日高郡新ひだか町","town":"静内高砂町"}],"0146":[{"pref":"北海道","city":"日高郡新ひだか町","town":"静内高見"}],"0144":[{"pref":"北海道","city":"日高郡新ひだか町","town":"静内田原"}],"0023":[{"pref":"北海道","city":"日高郡新ひだか町","town":"静内ときわ町"}],"0143":[{"pref":"北海道","city":"日高郡新ひだか町","town":"静内豊畑"}],"0006":[{"pref":"北海道","city":"日高郡新ひだか町","town":"静内中野町"}],"0142":[{"pref":"北海道","city":"日高郡新ひだか町","town":"静内農屋"}],"0021":[{"pref":"北海道","city":"日高郡新ひだか町","town":"静内花園"}],"0014":[{"pref":"北海道","city":"日高郡新ひだか町","town":"静内古川町"}],"0016":[{"pref":"北海道","city":"日高郡新ひだか町","town":"静内本町"}],"0011":[{"pref":"北海道","city":"日高郡新ひだか町","town":"静内真歌"}],"0141":[{"pref":"北海道","city":"日高郡新ひだか町","town":"静内御園"}],"0004":[{"pref":"北海道","city":"日高郡新ひだか町","town":"静内緑町"}],"0017":[{"pref":"北海道","city":"日高郡新ひだか町","town":"静内御幸町"}],"0145":[{"pref":"北海道","city":"日高郡新ひだか町","town":"静内目名（１８、１２７、４５３、４６５－２、４６６、４８０番地）"}],"0001":[{"pref":"北海道","city":"日高郡新ひだか町","town":"静内目名（その他）"}],"0024":[{"pref":"北海道","city":"日高郡新ひだか町","town":"静内山手町"}],"0018":[{"pref":"北海道","city":"日高郡新ひだか町","town":"静内吉野町"}]}