{"0000":[{"pref":"北海道","city":"士別市","town":"以下に掲載がない場合"}],"0403":[{"pref":"北海道","city":"士別市","town":"朝日町岩尾内"}],"0405":[{"pref":"北海道","city":"士別市","town":"朝日町三栄"}],"0401":[{"pref":"北海道","city":"士別市","town":"朝日町中央"}],"0402":[{"pref":"北海道","city":"士別市","town":"朝日町登和里"}],"0406":[{"pref":"北海道","city":"士別市","town":"朝日町南朝日"}],"0404":[{"pref":"北海道","city":"士別市","town":"朝日町茂志利"}],"0019":[{"pref":"北海道","city":"士別市","town":"大通東"}],"0029":[{"pref":"北海道","city":"士別市","town":"大通西"}],"0039":[{"pref":"北海道","city":"士別市","town":"大通北"}],"0181":[{"pref":"北海道","city":"士別市","town":"温根別町"}],"0182":[{"pref":"北海道","city":"士別市","town":"温根別町伊文"}],"0183":[{"pref":"北海道","city":"士別市","town":"温根別町北静川"}],"0052":[{"pref":"北海道","city":"士別市","town":"学田"}],"0371":[{"pref":"北海道","city":"士別市","town":"上士別町"}],"0064":[{"pref":"北海道","city":"士別市","town":"川西町"}],"0051":[{"pref":"北海道","city":"士別市","town":"北町"}],"0061":[{"pref":"北海道","city":"士別市","town":"下士別町"}],"0053":[{"pref":"北海道","city":"士別市","town":"新学田"}],"0043":[{"pref":"北海道","city":"士別市","town":"九十九町"}],"0063":[{"pref":"北海道","city":"士別市","town":"中士別町"}],"0056":[{"pref":"北海道","city":"士別市","town":"西士別町"}],"0021":[{"pref":"北海道","city":"士別市","town":"西一条"}],"0022":[{"pref":"北海道","city":"士別市","town":"西二条"}],"0023":[{"pref":"北海道","city":"士別市","town":"西三条"}],"0024":[{"pref":"北海道","city":"士別市","town":"西四条"}],"0025":[{"pref":"北海道","city":"士別市","town":"西五条"}],"0031":[{"pref":"北海道","city":"士別市","town":"西一条北"}],"0032":[{"pref":"北海道","city":"士別市","town":"西二条北"}],"0033":[{"pref":"北海道","city":"士別市","town":"西三条北"}],"0034":[{"pref":"北海道","city":"士別市","town":"西四条北"}],"0035":[{"pref":"北海道","city":"士別市","town":"西五条北"}],"0045":[{"pref":"北海道","city":"士別市","town":"東丘"}],"0044":[{"pref":"北海道","city":"士別市","town":"東山町"}],"0011":[{"pref":"北海道","city":"士別市","town":"東一条"}],"0012":[{"pref":"北海道","city":"士別市","town":"東二条"}],"0013":[{"pref":"北海道","city":"士別市","town":"東三条"}],"0014":[{"pref":"北海道","city":"士別市","town":"東四条"}],"0015":[{"pref":"北海道","city":"士別市","town":"東五条"}],"0016":[{"pref":"北海道","city":"士別市","town":"東六条"}],"0017":[{"pref":"北海道","city":"士別市","town":"東七条"}],"0018":[{"pref":"北海道","city":"士別市","town":"東八条"}],"0041":[{"pref":"北海道","city":"士別市","town":"東九条"}],"0042":[{"pref":"北海道","city":"士別市","town":"東十条"}],"0048":[{"pref":"北海道","city":"士別市","town":"東十一条"}],"0001":[{"pref":"北海道","city":"士別市","town":"東一条北"}],"0002":[{"pref":"北海道","city":"士別市","town":"東二条北"}],"0003":[{"pref":"北海道","city":"士別市","town":"東三条北"}],"0004":[{"pref":"北海道","city":"士別市","town":"東四条北"}],"0005":[{"pref":"北海道","city":"士別市","town":"東五条北"}],"0006":[{"pref":"北海道","city":"士別市","town":"東六条北"}],"0007":[{"pref":"北海道","city":"士別市","town":"東七条北"}],"0008":[{"pref":"北海道","city":"士別市","town":"東八条北"}],"0054":[{"pref":"北海道","city":"士別市","town":"不動町"}],"0062":[{"pref":"北海道","city":"士別市","town":"武徳町"}],"0055":[{"pref":"北海道","city":"士別市","town":"南士別町"}],"0046":[{"pref":"北海道","city":"士別市","town":"南町東"}],"0047":[{"pref":"北海道","city":"士別市","town":"南町西"}]}