{"0000":[{"pref":"山形県","city":"新庄市","town":"以下に掲載がない場合"}],"0078":[{"pref":"山形県","city":"新庄市","town":"新町"}],"0086":[{"pref":"山形県","city":"新庄市","town":"石川町"}],"0001":[{"pref":"山形県","city":"新庄市","town":"五日町"}],"0084":[{"pref":"山形県","city":"新庄市","town":"大手町"}],"0026":[{"pref":"山形県","city":"新庄市","town":"大町"}],"0023":[{"pref":"山形県","city":"新庄市","town":"沖の町"}],"0074":[{"pref":"山形県","city":"新庄市","town":"小田島"}],"0071":[{"pref":"山形県","city":"新庄市","town":"小田島町"}],"0002":[{"pref":"山形県","city":"新庄市","town":"金沢"}],"0032":[{"pref":"山形県","city":"新庄市","town":"上金沢町"}],"0082":[{"pref":"山形県","city":"新庄市","town":"北町"}],"0073":[{"pref":"山形県","city":"新庄市","town":"栄町"}],"0033":[{"pref":"山形県","city":"新庄市","town":"下金沢町"}],"0034":[{"pref":"山形県","city":"新庄市","town":"下田町"}],"0077":[{"pref":"山形県","city":"新庄市","town":"城南町"}],"0076":[{"pref":"山形県","city":"新庄市","town":"城西町"}],"0031":[{"pref":"山形県","city":"新庄市","town":"末広町"}],"0022":[{"pref":"山形県","city":"新庄市","town":"住吉町"}],"0079":[{"pref":"山形県","city":"新庄市","town":"千門町"}],"0024":[{"pref":"山形県","city":"新庄市","town":"多門町"}],"0052":[{"pref":"山形県","city":"新庄市","town":"角沢"}],"0035":[{"pref":"山形県","city":"新庄市","town":"鉄砲町"}],"0091":[{"pref":"山形県","city":"新庄市","town":"十日町（その他）"}],"0021":[{"pref":"山形県","city":"新庄市","town":"常葉町"}],"0061":[{"pref":"山形県","city":"新庄市","town":"飛田"}],"0041":[{"pref":"山形県","city":"新庄市","town":"鳥越"}],"0081":[{"pref":"山形県","city":"新庄市","town":"中道町"}],"0054":[{"pref":"山形県","city":"新庄市","town":"仁間"}],"0087":[{"pref":"山形県","city":"新庄市","town":"沼田"}],"0083":[{"pref":"山形県","city":"新庄市","town":"沼田町"}],"0028":[{"pref":"山形県","city":"新庄市","town":"万場町"}],"0011":[{"pref":"山形県","city":"新庄市","town":"東谷地田町"}],"0088":[{"pref":"山形県","city":"新庄市","town":"桧町"}],"0053":[{"pref":"山形県","city":"新庄市","town":"福田"}],"0085":[{"pref":"山形県","city":"新庄市","town":"堀端町"}],"0027":[{"pref":"山形県","city":"新庄市","town":"本町"}],"0111":[{"pref":"山形県","city":"新庄市","town":"升形"}],"0051":[{"pref":"山形県","city":"新庄市","town":"松本"}],"0072":[{"pref":"山形県","city":"新庄市","town":"宮内町"}],"0112":[{"pref":"山形県","city":"新庄市","town":"本合海"}],"0075":[{"pref":"山形県","city":"新庄市","town":"横打町"}],"0025":[{"pref":"山形県","city":"新庄市","town":"若葉町"}],"0200":[{"pref":"山形県","city":"最上郡大蔵村","town":"以下に掲載がない場合"}],"0211":[{"pref":"山形県","city":"最上郡大蔵村","town":"合海"}],"0213":[{"pref":"山形県","city":"最上郡大蔵村","town":"赤松"}],"0212":[{"pref":"山形県","city":"最上郡大蔵村","town":"清水"}],"0301":[{"pref":"山形県","city":"最上郡大蔵村","town":"南山（４３０番地以上「１７７０－１～２、１８６２－４２、"},{"pref":"山形県","city":"最上郡大蔵村","town":"１９２３－５を除く」、大谷地、折渡、鍵金野、金山、滝ノ沢、豊牧、沼の台、"},{"pref":"山形県","city":"最上郡大蔵村","town":"肘折、平林）"}],"0201":[{"pref":"山形県","city":"最上郡大蔵村","town":"南山（その他）"}]}