{"1101":[{"pref":"福井県","city":"南条郡南越前町","town":"具谷"}],"1102":[{"pref":"福井県","city":"南条郡南越前町","town":"菅谷"}],"1103":[{"pref":"福井県","city":"南条郡南越前町","town":"大谷"}],"1104":[{"pref":"福井県","city":"南条郡南越前町","town":"大良"}],"1105":[{"pref":"福井県","city":"南条郡南越前町","town":"赤萩"}],"1106":[{"pref":"福井県","city":"南条郡南越前町","town":"河内"}],"1111":[{"pref":"福井県","city":"南条郡南越前町","town":"河野"}],"1112":[{"pref":"福井県","city":"南条郡南越前町","town":"今泉"}],"1113":[{"pref":"福井県","city":"南条郡南越前町","town":"甲楽城"}],"1114":[{"pref":"福井県","city":"南条郡南越前町","town":"糠"},{"pref":"福井県","city":"南条郡南越前町","town":"糠（神土）"},{"pref":"福井県","city":"南条郡南越前町","town":"糠（杉山）"},{"pref":"福井県","city":"南条郡南越前町","town":"八田"}],"1201":[{"pref":"福井県","city":"越前市","town":"安養寺町"}],"1202":[{"pref":"福井県","city":"越前市","town":"黒川町"}],"1203":[{"pref":"福井県","city":"越前市","town":"上杉本町"}],"1204":[{"pref":"福井県","city":"越前市","town":"都辺町"}],"1205":[{"pref":"福井県","city":"越前市","town":"萩原町"}],"1211":[{"pref":"福井県","city":"越前市","town":"堀町"}],"1212":[{"pref":"福井県","city":"越前市","town":"米口町"},{"pref":"福井県","city":"越前市","town":"仏谷町"}],"1213":[{"pref":"福井県","city":"越前市","town":"丸岡町"}],"1214":[{"pref":"福井県","city":"越前市","town":"勝蓮花町"}],"1215":[{"pref":"福井県","city":"越前市","town":"小野町"}],"1221":[{"pref":"福井県","city":"越前市","town":"勾当原町"}],"1222":[{"pref":"福井県","city":"越前市","town":"下中津原町"}],"1223":[{"pref":"福井県","city":"越前市","town":"中津原町"}],"1224":[{"pref":"福井県","city":"越前市","town":"下別所町"}],"1225":[{"pref":"福井県","city":"越前市","town":"湯谷町"}],"1226":[{"pref":"福井県","city":"越前市","town":"中山町"}],"1231":[{"pref":"福井県","city":"越前市","town":"千合谷町"}],"1232":[{"pref":"福井県","city":"越前市","town":"二階堂町"}],"1233":[{"pref":"福井県","city":"越前市","town":"菖蒲谷町"}],"1234":[{"pref":"福井県","city":"越前市","town":"小谷町"},{"pref":"福井県","city":"越前市","town":"土山町"}],"1235":[{"pref":"福井県","city":"越前市","town":"菅町"},{"pref":"福井県","city":"越前市","town":"安戸町"}],"1241":[{"pref":"福井県","city":"越前市","town":"曽原町"}],"1242":[{"pref":"福井県","city":"越前市","town":"粟野町"}],"1243":[{"pref":"福井県","city":"越前市","town":"小杉町"}],"1244":[{"pref":"福井県","city":"越前市","town":"牧町"}],"1245":[{"pref":"福井県","city":"越前市","town":"若須町"}],"1246":[{"pref":"福井県","city":"越前市","town":"中野町"}],"0000":[{"pref":"福井県","city":"越前市","town":"以下に掲載がない場合"}],"0202":[{"pref":"福井県","city":"越前市","town":"相木町"}],"0064":[{"pref":"福井県","city":"越前市","town":"あおば町"}],"0256":[{"pref":"福井県","city":"越前市","town":"赤坂町"}],"0214":[{"pref":"福井県","city":"越前市","town":"赤谷町"}],"0025":[{"pref":"福井県","city":"越前市","town":"味真野町"}],"0069":[{"pref":"福井県","city":"越前市","town":"吾妻町"}],"0045":[{"pref":"福井県","city":"越前市","town":"荒谷町"}],"0242":[{"pref":"福井県","city":"越前市","town":"粟田部町"}],"0241":[{"pref":"福井県","city":"越前市","town":"粟田部町中央"}],"0801":[{"pref":"福井県","city":"越前市","town":"家久町"}],"0023":[{"pref":"福井県","city":"越前市","town":"池泉町"}],"0873":[{"pref":"福井県","city":"越前市","town":"池ノ上町"}],"0216":[{"pref":"福井県","city":"越前市","town":"市野々町"}],"0095":[{"pref":"福井県","city":"越前市","town":"稲寄町"}],"0861":[{"pref":"福井県","city":"越前市","town":"今宿町"}],"0035":[{"pref":"福井県","city":"越前市","town":"入谷町"}],"0016":[{"pref":"福井県","city":"越前市","town":"岩内町"}],"0233":[{"pref":"福井県","city":"越前市","town":"岩本町"}],"0096":[{"pref":"福井県","city":"越前市","town":"瓜生町"}],"0865":[{"pref":"福井県","city":"越前市","town":"瓜生野町"},{"pref":"福井県","city":"越前市","town":"森久町"}],"0235":[{"pref":"福井県","city":"越前市","town":"不老町"}],"0863":[{"pref":"福井県","city":"越前市","town":"大塩町"}],"0234":[{"pref":"福井県","city":"越前市","town":"大滝町"}],"0218":[{"pref":"福井県","city":"越前市","town":"大谷町"}],"0015":[{"pref":"福井県","city":"越前市","town":"大手町"}],"0228":[{"pref":"福井県","city":"越前市","town":"大平町"}],"0885":[{"pref":"福井県","city":"越前市","town":"大虫町"}],"0884":[{"pref":"福井県","city":"越前市","town":"大虫本町"}],"0042":[{"pref":"福井県","city":"越前市","town":"大屋町"}],"0835":[{"pref":"福井県","city":"越前市","town":"岡本町"}],"0083":[{"pref":"福井県","city":"越前市","town":"押田"}],"0054":[{"pref":"福井県","city":"越前市","town":"小野谷町"}],"0877":[{"pref":"福井県","city":"越前市","town":"春日野町"}],"0893":[{"pref":"福井県","city":"越前市","town":"片屋町"}],"0812":[{"pref":"福井県","city":"越前市","town":"桂町"}],"0011":[{"pref":"福井県","city":"越前市","town":"金屋町"},{"pref":"福井県","city":"越前市","town":"上真柄町"}],"0882":[{"pref":"福井県","city":"越前市","town":"上太田町"}],"0024":[{"pref":"福井県","city":"越前市","town":"上大坪町"}],"0864":[{"pref":"福井県","city":"越前市","town":"上小松町"}],"0886":[{"pref":"福井県","city":"越前市","town":"上四目町"}],"0013":[{"pref":"福井県","city":"越前市","town":"上真柄宮谷入会地"},{"pref":"福井県","city":"越前市","town":"宮谷町"}],"0037":[{"pref":"福井県","city":"越前市","town":"萱谷町"}],"0021":[{"pref":"福井県","city":"越前市","town":"北小山町"}],"0802":[{"pref":"福井県","city":"越前市","town":"北府"},{"pref":"福井県","city":"越前市","town":"北府本町"}],"0219":[{"pref":"福井県","city":"越前市","town":"北坂下町"},{"pref":"福井県","city":"越前市","town":"殿町"}],"0834":[{"pref":"福井県","city":"越前市","town":"北千福町"}],"0004":[{"pref":"福井県","city":"越前市","town":"北町"}],"0897":[{"pref":"福井県","city":"越前市","town":"北山町"}],"0813":[{"pref":"福井県","city":"越前市","town":"京町"}],"0203":[{"pref":"福井県","city":"越前市","town":"清根町"},{"pref":"福井県","city":"越前市","town":"横住町"}],"0041":[{"pref":"福井県","city":"越前市","town":"葛岡町"}],"0261":[{"pref":"福井県","city":"越前市","town":"朽飯町"}],"0862":[{"pref":"福井県","city":"越前市","town":"国兼町"}],"0082":[{"pref":"福井県","city":"越前市","town":"国高"}],"0254":[{"pref":"福井県","city":"越前市","town":"国中町"}],"0874":[{"pref":"福井県","city":"越前市","town":"向陽町"}],"0076":[{"pref":"福井県","city":"越前市","town":"国府"}],"0026":[{"pref":"福井県","city":"越前市","town":"五分市町"}],"0816":[{"pref":"福井県","city":"越前市","town":"小松"}],"0075":[{"pref":"福井県","city":"越前市","town":"幸町"}],"0231":[{"pref":"福井県","city":"越前市","town":"定友町"}],"0833":[{"pref":"福井県","city":"越前市","town":"沢町"}],"0805":[{"pref":"福井県","city":"越前市","town":"芝原"}],"0223":[{"pref":"福井県","city":"越前市","town":"島町"},{"pref":"福井県","city":"越前市","town":"長五町"}],"0012":[{"pref":"福井県","city":"越前市","town":"清水頭町"}],"0881":[{"pref":"福井県","city":"越前市","town":"下太田町"}],"0887":[{"pref":"福井県","city":"越前市","town":"下四目町"}],"0855":[{"pref":"福井県","city":"越前市","town":"下平吹町"}],"0093":[{"pref":"福井県","city":"越前市","town":"庄町"}],"0043":[{"pref":"福井県","city":"越前市","town":"庄田町"}],"0857":[{"pref":"福井県","city":"越前市","town":"四郎丸町"}],"0876":[{"pref":"福井県","city":"越前市","town":"白崎町"}],"0232":[{"pref":"福井県","city":"越前市","town":"新在家町"}],"0883":[{"pref":"福井県","city":"越前市","town":"新町"}],"0255":[{"pref":"福井県","city":"越前市","town":"新堂町"}],"0804":[{"pref":"福井県","city":"越前市","town":"新保"},{"pref":"福井県","city":"越前市","town":"新保町"}],"0066":[{"pref":"福井県","city":"越前市","town":"神明町"}],"0221":[{"pref":"福井県","city":"越前市","town":"杉尾町"}],"0006":[{"pref":"福井県","city":"越前市","town":"杉崎町"}],"0067":[{"pref":"福井県","city":"越前市","town":"住吉町"}],"0846":[{"pref":"福井県","city":"越前市","town":"千福町"}],"0262":[{"pref":"福井県","city":"越前市","town":"高岡町"}],"0091":[{"pref":"福井県","city":"越前市","town":"高木町"}],"0832":[{"pref":"福井県","city":"越前市","town":"高瀬"}],"0888":[{"pref":"福井県","city":"越前市","town":"高森町"}],"0824":[{"pref":"福井県","city":"越前市","town":"武生柳町"}],"0243":[{"pref":"福井県","city":"越前市","town":"千原町"}],"0814":[{"pref":"福井県","city":"越前市","town":"中央"}],"0092":[{"pref":"福井県","city":"越前市","town":"塚町"}],"0875":[{"pref":"福井県","city":"越前市","town":"塚原町"}],"0843":[{"pref":"福井県","city":"越前市","town":"月見町"}],"0842":[{"pref":"福井県","city":"越前市","town":"常久町"}],"0204":[{"pref":"福井県","city":"越前市","town":"寺地町"}],"0068":[{"pref":"福井県","city":"越前市","town":"天王町"}],"0003":[{"pref":"福井県","city":"越前市","town":"戸谷町"}],"0222":[{"pref":"福井県","city":"越前市","town":"轟井町"}],"0053":[{"pref":"福井県","city":"越前市","town":"問屋町"}],"0034":[{"pref":"福井県","city":"越前市","town":"中居町"}],"0227":[{"pref":"福井県","city":"越前市","town":"中印町"}],"0002":[{"pref":"福井県","city":"越前市","town":"長尾町"}],"0001":[{"pref":"福井県","city":"越前市","town":"中新庄町"}],"0212":[{"pref":"福井県","city":"越前市","town":"長谷町"}],"0253":[{"pref":"福井県","city":"越前市","town":"中津山町"}],"0097":[{"pref":"福井県","city":"越前市","town":"長土呂町"}],"0856":[{"pref":"福井県","city":"越前市","town":"中平吹町"}],"0265":[{"pref":"福井県","city":"越前市","town":"仲山"}],"0205":[{"pref":"福井県","city":"越前市","town":"波垣町"}],"0851":[{"pref":"福井県","city":"越前市","town":"畷町"}],"0014":[{"pref":"福井県","city":"越前市","town":"西尾町"}],"0244":[{"pref":"福井県","city":"越前市","town":"西樫尾町"}],"0073":[{"pref":"福井県","city":"越前市","town":"錦町"}],"0201":[{"pref":"福井県","city":"越前市","town":"西河内町"}],"0252":[{"pref":"福井県","city":"越前市","town":"西庄境町"}],"0046":[{"pref":"福井県","city":"越前市","town":"西谷町"}],"0894":[{"pref":"福井県","city":"越前市","town":"丹生郷町"}],"0264":[{"pref":"福井県","city":"越前市","town":"野岡町"}],"0836":[{"pref":"福井県","city":"越前市","town":"野上町"}],"0891":[{"pref":"福井県","city":"越前市","town":"余田町"}],"0081":[{"pref":"福井県","city":"越前市","town":"馬上免町"}],"0055":[{"pref":"福井県","city":"越前市","town":"畑町"}],"0224":[{"pref":"福井県","city":"越前市","town":"八石町"}],"0085":[{"pref":"福井県","city":"越前市","town":"八幡"}],"0206":[{"pref":"福井県","city":"越前市","town":"春山町"}],"0072":[{"pref":"福井県","city":"越前市","town":"万代町"}],"0032":[{"pref":"福井県","city":"越前市","town":"檜尾谷町"}],"0207":[{"pref":"福井県","city":"越前市","town":"東樫尾町"}],"0251":[{"pref":"福井県","city":"越前市","town":"東庄境町"}],"0847":[{"pref":"福井県","city":"越前市","town":"東千福町"}],"0892":[{"pref":"福井県","city":"越前市","town":"氷坂町"}],"0831":[{"pref":"福井県","city":"越前市","town":"日野美"}],"0062":[{"pref":"福井県","city":"越前市","town":"姫川"}],"0803":[{"pref":"福井県","city":"越前市","town":"平出"}],"0044":[{"pref":"福井県","city":"越前市","town":"平林町"}],"0872":[{"pref":"福井県","city":"越前市","town":"広瀬町"}],"0815":[{"pref":"福井県","city":"越前市","town":"深草"}],"0209":[{"pref":"福井県","city":"越前市","town":"藤木町"}],"0854":[{"pref":"福井県","city":"越前市","town":"富士見が丘"}],"0071":[{"pref":"福井県","city":"越前市","town":"府中"}],"0036":[{"pref":"福井県","city":"越前市","town":"文室町"}],"0841":[{"pref":"福井県","city":"越前市","town":"文京"}],"0827":[{"pref":"福井県","city":"越前市","town":"平和町"}],"0225":[{"pref":"福井県","city":"越前市","town":"別印町"}],"0074":[{"pref":"福井県","city":"越前市","town":"蓬莱町"}],"0051":[{"pref":"福井県","city":"越前市","town":"帆山町"}],"0061":[{"pref":"福井県","city":"越前市","town":"堀川町"}],"0811":[{"pref":"福井県","city":"越前市","town":"本多"}],"0806":[{"pref":"福井県","city":"越前市","town":"本保町"}],"0823":[{"pref":"福井県","city":"越前市","town":"本町"}],"0005":[{"pref":"福井県","city":"越前市","town":"真柄町"}],"0852":[{"pref":"福井県","city":"越前市","town":"松森町"}],"0217":[{"pref":"福井県","city":"越前市","town":"水間町"}],"0845":[{"pref":"福井県","city":"越前市","town":"三ツ口町"}],"0895":[{"pref":"福井県","city":"越前市","town":"三ツ俣町"}],"0007":[{"pref":"福井県","city":"越前市","town":"三ツ屋町"}],"0825":[{"pref":"福井県","city":"越前市","town":"南"}],"0022":[{"pref":"福井県","city":"越前市","town":"南小山町"}],"0226":[{"pref":"福井県","city":"越前市","town":"南坂下町"}],"0213":[{"pref":"福井県","city":"越前市","town":"南中町"}],"0033":[{"pref":"福井県","city":"越前市","town":"蓑脇町"}],"0826":[{"pref":"福井県","city":"越前市","town":"御幸町"}],"0844":[{"pref":"福井県","city":"越前市","town":"妙法寺町"}],"0871":[{"pref":"福井県","city":"越前市","town":"向が丘町"}],"0056":[{"pref":"福井県","city":"越前市","town":"向新保町"}],"0084":[{"pref":"福井県","city":"越前市","town":"村国"}],"0211":[{"pref":"福井県","city":"越前市","town":"室谷町"}],"0822":[{"pref":"福井県","city":"越前市","town":"元町"}],"0215":[{"pref":"福井県","city":"越前市","town":"柳元町"}],"0052":[{"pref":"福井県","city":"越前市","town":"矢放町"}],"0057":[{"pref":"福井県","city":"越前市","town":"矢船町"}],"0263":[{"pref":"福井県","city":"越前市","town":"山室町"}],"0853":[{"pref":"福井県","city":"越前市","town":"行松町"}],"0065":[{"pref":"福井県","city":"越前市","town":"豊町"}],"0031":[{"pref":"福井県","city":"越前市","town":"余川町"}],"0094":[{"pref":"福井県","city":"越前市","town":"横市町"}],"0896":[{"pref":"福井県","city":"越前市","town":"横根町"}],"0208":[{"pref":"福井県","city":"越前市","town":"領家町"}],"0063":[{"pref":"福井県","city":"越前市","town":"若竹町"}],"0821":[{"pref":"福井県","city":"越前市","town":"若松町"}]}