{"1111":[{"pref":"山口県","city":"防府市","town":"富海"}],"1221":[{"pref":"山口県","city":"山口市","town":"鋳銭司"}],"1231":[{"pref":"山口県","city":"防府市","town":"切畑"}],"1232":[{"pref":"山口県","city":"防府市","town":"台道"}],"0232":[{"pref":"山口県","city":"山口市","town":"徳地伊賀地"}],"0234":[{"pref":"山口県","city":"山口市","town":"徳地小古祖"}],"0523":[{"pref":"山口県","city":"山口市","town":"徳地上村"}],"0233":[{"pref":"山口県","city":"山口市","town":"徳地岸見"}],"0612":[{"pref":"山口県","city":"山口市","town":"徳地串"}],"0611":[{"pref":"山口県","city":"山口市","town":"徳地鯖河内"}],"0522":[{"pref":"山口県","city":"山口市","town":"徳地島地"}],"0401":[{"pref":"山口県","city":"山口市","town":"徳地野谷"}],"0341":[{"pref":"山口県","city":"山口市","town":"徳地引谷"}],"0235":[{"pref":"山口県","city":"山口市","town":"徳地深谷"}],"0524":[{"pref":"山口県","city":"山口市","town":"徳地藤木"}],"0342":[{"pref":"山口県","city":"山口市","town":"徳地船路"}],"0231":[{"pref":"山口県","city":"山口市","town":"徳地堀"}],"0343":[{"pref":"山口県","city":"山口市","town":"徳地三谷"}],"0344":[{"pref":"山口県","city":"山口市","town":"徳地八坂"}],"0521":[{"pref":"山口県","city":"山口市","town":"徳地山畑"}],"0402":[{"pref":"山口県","city":"山口市","town":"徳地柚木"}],"0000":[{"pref":"山口県","city":"防府市","town":"以下に掲載がない場合"}],"0846":[{"pref":"山口県","city":"防府市","town":"伊佐江"}],"0847":[{"pref":"山口県","city":"防府市","town":"伊佐江町"}],"0806":[{"pref":"山口県","city":"防府市","town":"石が口"}],"0051":[{"pref":"山口県","city":"防府市","town":"泉町"}],"0042":[{"pref":"山口県","city":"防府市","town":"今市町"}],"0812":[{"pref":"山口県","city":"防府市","town":"鋳物師町"}],"0001":[{"pref":"山口県","city":"防府市","town":"岩畠"}],"0836":[{"pref":"山口県","city":"防府市","town":"植松"}],"0801":[{"pref":"山口県","city":"防府市","town":"駅南町"}],"0014":[{"pref":"山口県","city":"防府市","town":"江泊"}],"0036":[{"pref":"山口県","city":"防府市","town":"戎町"}],"0065":[{"pref":"山口県","city":"防府市","town":"大崎"}],"0803":[{"pref":"山口県","city":"防府市","town":"岡村町"}],"0013":[{"pref":"山口県","city":"防府市","town":"沖今宿"}],"0101":[{"pref":"山口県","city":"防府市","town":"奥畑"}],"0819":[{"pref":"山口県","city":"防府市","town":"お茶屋町"}],"0052":[{"pref":"山口県","city":"防府市","town":"開出"}],"0054":[{"pref":"山口県","city":"防府市","town":"開出西町"}],"0053":[{"pref":"山口県","city":"防府市","town":"開出本町"}],"0822":[{"pref":"山口県","city":"防府市","town":"勝間"}],"0823":[{"pref":"山口県","city":"防府市","town":"鐘紡町"}],"0816":[{"pref":"山口県","city":"防府市","town":"華浦"}],"0033":[{"pref":"山口県","city":"防府市","town":"上天神町"}],"0062":[{"pref":"山口県","city":"防府市","town":"上右田"}],"0011":[{"pref":"山口県","city":"防府市","town":"岸津"}],"0815":[{"pref":"山口県","city":"防府市","town":"協和町"}],"0811":[{"pref":"山口県","city":"防府市","town":"車塚町"}],"0808":[{"pref":"山口県","city":"防府市","town":"桑山"}],"0821":[{"pref":"山口県","city":"防府市","town":"警固町"}],"0024":[{"pref":"山口県","city":"防府市","town":"国衙"}],"0021":[{"pref":"山口県","city":"防府市","town":"国分寺町"}],"0056":[{"pref":"山口県","city":"防府市","town":"古祖原"}],"0809":[{"pref":"山口県","city":"防府市","town":"寿町"}],"0035":[{"pref":"山口県","city":"防府市","town":"栄町"}],"0067":[{"pref":"山口県","city":"防府市","town":"佐野"}],"0044":[{"pref":"山口県","city":"防府市","town":"佐波"}],"0006":[{"pref":"山口県","city":"防府市","town":"敷山町"}],"0842":[{"pref":"山口県","city":"防府市","town":"清水町"}],"0063":[{"pref":"山口県","city":"防府市","town":"下右田"}],"0824":[{"pref":"山口県","city":"防府市","town":"新築地町"}],"0825":[{"pref":"山口県","city":"防府市","town":"新田"}],"0047":[{"pref":"山口県","city":"防府市","town":"新橋町"}],"0066":[{"pref":"山口県","city":"防府市","town":"自由ケ丘"}],"0817":[{"pref":"山口県","city":"防府市","town":"自力町"}],"0002":[{"pref":"山口県","city":"防府市","town":"酢貝"}],"0105":[{"pref":"山口県","city":"防府市","town":"鈴屋"}],"0031":[{"pref":"山口県","city":"防府市","town":"迫戸町"}],"0046":[{"pref":"山口県","city":"防府市","town":"千日"}],"0022":[{"pref":"山口県","city":"防府市","town":"惣社町"}],"0807":[{"pref":"山口県","city":"防府市","town":"桑南"}],"0064":[{"pref":"山口県","city":"防府市","town":"高井"}],"0045":[{"pref":"山口県","city":"防府市","town":"高倉"}],"0834":[{"pref":"山口県","city":"防府市","town":"田島"}],"0023":[{"pref":"山口県","city":"防府市","town":"多々良"}],"0802":[{"pref":"山口県","city":"防府市","town":"中央町"}],"0034":[{"pref":"山口県","city":"防府市","town":"天神"}],"0055":[{"pref":"山口県","city":"防府市","town":"中泉町"}],"0005":[{"pref":"山口県","city":"防府市","town":"中西"}],"0107":[{"pref":"山口県","city":"防府市","town":"中山"}],"0106":[{"pref":"山口県","city":"防府市","town":"奈美"}],"0845":[{"pref":"山口県","city":"防府市","town":"仁井令"}],"0841":[{"pref":"山口県","city":"防府市","town":"仁井令町"}],"0849":[{"pref":"山口県","city":"防府市","town":"西仁井令"}],"0835":[{"pref":"山口県","city":"防府市","town":"西浦"}],"0832":[{"pref":"山口県","city":"防府市","town":"野島"}],"0037":[{"pref":"山口県","city":"防府市","town":"八王子"}],"0848":[{"pref":"山口県","city":"防府市","town":"華城中央"}],"0844":[{"pref":"山口県","city":"防府市","town":"華園町"}],"0833":[{"pref":"山口県","city":"防府市","town":"浜方"}],"0061":[{"pref":"山口県","city":"防府市","town":"東佐波令"}],"0843":[{"pref":"山口県","city":"防府市","town":"東仁井令町"}],"0028":[{"pref":"山口県","city":"防府市","town":"東松崎町"}],"0813":[{"pref":"山口県","city":"防府市","town":"東三田尻"}],"0102":[{"pref":"山口県","city":"防府市","town":"久兼"}],"0043":[{"pref":"山口県","city":"防府市","town":"平和町"}],"0029":[{"pref":"山口県","city":"防府市","town":"松崎町"}],"0804":[{"pref":"山口県","city":"防府市","town":"松原町"}],"0104":[{"pref":"山口県","city":"防府市","town":"真尾"}],"0805":[{"pref":"山口県","city":"防府市","town":"鞠生町"}],"0814":[{"pref":"山口県","city":"防府市","town":"三田尻"}],"0818":[{"pref":"山口県","city":"防府市","town":"三田尻本町"}],"0026":[{"pref":"山口県","city":"防府市","town":"緑町"}],"0027":[{"pref":"山口県","city":"防府市","town":"南松崎町"}],"0032":[{"pref":"山口県","city":"防府市","town":"宮市町"}],"0025":[{"pref":"山口県","city":"防府市","town":"美和町"}],"0831":[{"pref":"山口県","city":"防府市","town":"向島"}],"0004":[{"pref":"山口県","city":"防府市","town":"牟礼"}],"0012":[{"pref":"山口県","city":"防府市","town":"牟礼今宿"}],"0003":[{"pref":"山口県","city":"防府市","town":"牟礼柳"}],"0041":[{"pref":"山口県","city":"防府市","town":"本橋町"}],"0103":[{"pref":"山口県","city":"防府市","town":"和字"}],"0621":[{"pref":"山口県","city":"周南市","town":"巣山"}]}