{"1101":[{"pref":"大分県","city":"豊後高田市","town":"中真玉"}],"1102":[{"pref":"大分県","city":"豊後高田市","town":"大岩屋"}],"1103":[{"pref":"大分県","city":"豊後高田市","town":"黒土"}],"1104":[{"pref":"大分県","city":"豊後高田市","town":"城前"}],"1105":[{"pref":"大分県","city":"豊後高田市","town":"西真玉"}],"1106":[{"pref":"大分県","city":"豊後高田市","town":"大平"}],"1107":[{"pref":"大分県","city":"豊後高田市","town":"臼野"}],"1201":[{"pref":"大分県","city":"豊後高田市","town":"夷"}],"1202":[{"pref":"大分県","city":"豊後高田市","town":"香々地"}],"1203":[{"pref":"大分県","city":"豊後高田市","town":"堅来"}],"1204":[{"pref":"大分県","city":"豊後高田市","town":"上香々地"}],"1205":[{"pref":"大分県","city":"豊後高田市","town":"小畑"}],"1206":[{"pref":"大分県","city":"豊後高田市","town":"羽根"}],"1207":[{"pref":"大分県","city":"豊後高田市","town":"見目"}],"1321":[{"pref":"大分県","city":"国東市","town":"国見町竹田津"}],"1322":[{"pref":"大分県","city":"国東市","town":"国見町西方寺"}],"1323":[{"pref":"大分県","city":"国東市","town":"国見町鬼籠"}],"1324":[{"pref":"大分県","city":"国東市","town":"国見町櫛海"}],"1401":[{"pref":"大分県","city":"国東市","town":"国見町伊美"}],"1402":[{"pref":"大分県","city":"国東市","town":"国見町中"}],"1403":[{"pref":"大分県","city":"国東市","town":"国見町野田"}],"1404":[{"pref":"大分県","city":"国東市","town":"国見町千燈"}],"1405":[{"pref":"大分県","city":"国東市","town":"国見町赤根"}],"1406":[{"pref":"大分県","city":"国東市","town":"国見町櫛来"}],"1501":[{"pref":"大分県","city":"東国東郡姫島村","town":"姫島村一円"}],"1611":[{"pref":"大分県","city":"国東市","town":"国見町向田"}],"1612":[{"pref":"大分県","city":"国東市","town":"国見町大熊毛"}],"1613":[{"pref":"大分県","city":"国東市","town":"国見町小熊毛"}],"1614":[{"pref":"大分県","city":"国東市","town":"国見町岐部"}],"1651":[{"pref":"大分県","city":"国東市","town":"国東町浜"}],"1652":[{"pref":"大分県","city":"国東市","town":"国東町来浦"}],"1653":[{"pref":"大分県","city":"国東市","town":"国東町岩戸寺"}],"0000":[{"pref":"大分県","city":"宇佐市","town":"以下に掲載がない場合"}],"0732":[{"pref":"大分県","city":"宇佐市","town":"安心院町板場"}],"0518":[{"pref":"大分県","city":"宇佐市","town":"安心院町今井"}],"0843":[{"pref":"大分県","city":"宇佐市","town":"安心院町筌ノ口"}],"0654":[{"pref":"大分県","city":"宇佐市","town":"安心院町内川野"}],"0510":[{"pref":"大分県","city":"宇佐市","town":"安心院町有徳原"}],"0663":[{"pref":"大分県","city":"宇佐市","town":"安心院町大見尾"}],"0522":[{"pref":"大分県","city":"宇佐市","town":"安心院町折敷田"}],"0703":[{"pref":"大分県","city":"宇佐市","town":"安心院町尾立"}],"0671":[{"pref":"大分県","city":"宇佐市","town":"安心院町且尾"}],"0511":[{"pref":"大分県","city":"宇佐市","town":"安心院町上市"}],"0852":[{"pref":"大分県","city":"宇佐市","town":"安心院町上内河野"}],"0723":[{"pref":"大分県","city":"宇佐市","town":"安心院町萱籠"}],"0731":[{"pref":"大分県","city":"宇佐市","town":"安心院町川崎"}],"0862":[{"pref":"大分県","city":"宇佐市","town":"安心院町川底"}],"0507":[{"pref":"大分県","city":"宇佐市","town":"安心院町木裳"}],"0674":[{"pref":"大分県","city":"宇佐市","town":"安心院町久井田"}],"0673":[{"pref":"大分県","city":"宇佐市","town":"安心院町口ノ坪"}],"0541":[{"pref":"大分県","city":"宇佐市","town":"安心院町熊"}],"0712":[{"pref":"大分県","city":"宇佐市","town":"安心院町五郎丸"}],"0861":[{"pref":"大分県","city":"宇佐市","town":"安心院町境ノ坪"}],"0661":[{"pref":"大分県","city":"宇佐市","town":"安心院町笹ケ平"}],"0651":[{"pref":"大分県","city":"宇佐市","town":"安心院町佐田"}],"0842":[{"pref":"大分県","city":"宇佐市","town":"安心院町下内河野"}],"0521":[{"pref":"大分県","city":"宇佐市","town":"安心院町下毛"}],"0504":[{"pref":"大分県","city":"宇佐市","town":"安心院町荘"}],"0542":[{"pref":"大分県","city":"宇佐市","town":"安心院町正覚寺"}],"0873":[{"pref":"大分県","city":"宇佐市","town":"安心院町新貝"}],"0854":[{"pref":"大分県","city":"宇佐市","town":"安心院町寒水"}],"0863":[{"pref":"大分県","city":"宇佐市","town":"安心院町村部"}],"0517":[{"pref":"大分県","city":"宇佐市","town":"安心院町大"}],"0523":[{"pref":"大分県","city":"宇佐市","town":"安心院町大佛"}],"0857":[{"pref":"大分県","city":"宇佐市","town":"安心院町畳石"}],"0526":[{"pref":"大分県","city":"宇佐市","town":"安心院町田ノ口"}],"0527":[{"pref":"大分県","city":"宇佐市","town":"安心院町辻"}],"0524":[{"pref":"大分県","city":"宇佐市","town":"安心院町恒松"}],"0506":[{"pref":"大分県","city":"宇佐市","town":"安心院町妻垣"}],"0664":[{"pref":"大分県","city":"宇佐市","town":"安心院町塔尾"}],"0505":[{"pref":"大分県","city":"宇佐市","town":"安心院町戸方"}],"0514":[{"pref":"大分県","city":"宇佐市","town":"安心院町鳥越"}],"0525":[{"pref":"大分県","city":"宇佐市","town":"安心院町中山"}],"0701":[{"pref":"大分県","city":"宇佐市","town":"安心院町楢本"}],"0503":[{"pref":"大分県","city":"宇佐市","town":"安心院町新原"}],"0519":[{"pref":"大分県","city":"宇佐市","town":"安心院町西衲"}],"0515":[{"pref":"大分県","city":"宇佐市","town":"安心院町野山"}],"0501":[{"pref":"大分県","city":"宇佐市","town":"安心院町原"}],"0864":[{"pref":"大分県","city":"宇佐市","town":"安心院町番木"}],"0502":[{"pref":"大分県","city":"宇佐市","town":"安心院町飯田"}],"0702":[{"pref":"大分県","city":"宇佐市","town":"安心院町東恵良"}],"0724":[{"pref":"大分県","city":"宇佐市","town":"安心院町東椎屋"}],"0543":[{"pref":"大分県","city":"宇佐市","town":"安心院町平ケ倉"}],"0871":[{"pref":"大分県","city":"宇佐市","town":"安心院町平山"}],"0672":[{"pref":"大分県","city":"宇佐市","town":"安心院町広谷"}],"0851":[{"pref":"大分県","city":"宇佐市","town":"安心院町広連"}],"0855":[{"pref":"大分県","city":"宇佐市","town":"安心院町福貴野"}],"0872":[{"pref":"大分県","city":"宇佐市","town":"安心院町舟板"}],"0512":[{"pref":"大分県","city":"宇佐市","town":"安心院町古市"}],"0655":[{"pref":"大分県","city":"宇佐市","town":"安心院町古川"}],"0653":[{"pref":"大分県","city":"宇佐市","town":"安心院町房ケ畑"}],"0865":[{"pref":"大分県","city":"宇佐市","town":"安心院町佛木"}],"0733":[{"pref":"大分県","city":"宇佐市","town":"安心院町松本"}],"0858":[{"pref":"大分県","city":"宇佐市","town":"安心院町水車"}],"0722":[{"pref":"大分県","city":"宇佐市","town":"安心院町南畑"}],"0853":[{"pref":"大分県","city":"宇佐市","town":"安心院町元"}],"0516":[{"pref":"大分県","city":"宇佐市","town":"安心院町森"}],"0675":[{"pref":"大分県","city":"宇佐市","town":"安心院町矢崎"}],"0662":[{"pref":"大分県","city":"宇佐市","town":"安心院町矢津"}],"0841":[{"pref":"大分県","city":"宇佐市","town":"安心院町矢畑"}],"0652":[{"pref":"大分県","city":"宇佐市","town":"安心院町山蔵"}],"0856":[{"pref":"大分県","city":"宇佐市","town":"安心院町山ノ口"}],"0513":[{"pref":"大分県","city":"宇佐市","town":"安心院町龍王"}],"0711":[{"pref":"大分県","city":"宇佐市","town":"安心院町六郎丸"}],"0721":[{"pref":"大分県","city":"宇佐市","town":"安心院町若林"}],"0011":[{"pref":"大分県","city":"宇佐市","town":"岩保新田"}],"0323":[{"pref":"大分県","city":"宇佐市","town":"院内町大重見"}],"0331":[{"pref":"大分県","city":"宇佐市","town":"院内町大副"}],"0458":[{"pref":"大分県","city":"宇佐市","town":"院内町大坪"}],"0457":[{"pref":"大分県","city":"宇佐市","town":"院内町岡"}],"0314":[{"pref":"大分県","city":"宇佐市","town":"院内町沖"}],"0482":[{"pref":"大分県","city":"宇佐市","town":"院内町荻迫"}],"0316":[{"pref":"大分県","city":"宇佐市","town":"院内町小坂"}],"0334":[{"pref":"大分県","city":"宇佐市","town":"院内町落狩倉"}],"0324":[{"pref":"大分県","city":"宇佐市","town":"院内町小野川内"}],"0342":[{"pref":"大分県","city":"宇佐市","town":"院内町景平"}],"0459":[{"pref":"大分県","city":"宇佐市","town":"院内町上余"}],"0484":[{"pref":"大分県","city":"宇佐市","town":"院内町上恵良"}],"0452":[{"pref":"大分県","city":"宇佐市","town":"院内町上納持"}],"0326":[{"pref":"大分県","city":"宇佐市","town":"院内町上船木"}],"0315":[{"pref":"大分県","city":"宇佐市","town":"院内町北山"}],"0312":[{"pref":"大分県","city":"宇佐市","town":"院内町櫛野"}],"0466":[{"pref":"大分県","city":"宇佐市","town":"院内町来鉢"}],"0456":[{"pref":"大分県","city":"宇佐市","town":"院内町栗山"}],"0325":[{"pref":"大分県","city":"宇佐市","town":"院内町小稲"}],"0311":[{"pref":"大分県","city":"宇佐市","town":"院内町香下"}],"0455":[{"pref":"大分県","city":"宇佐市","town":"院内町小平"}],"0321":[{"pref":"大分県","city":"宇佐市","town":"院内町五名"}],"0341":[{"pref":"大分県","city":"宇佐市","town":"院内町斎藤"}],"0451":[{"pref":"大分県","city":"宇佐市","town":"院内町下余"}],"0481":[{"pref":"大分県","city":"宇佐市","town":"院内町下恵良"}],"0327":[{"pref":"大分県","city":"宇佐市","town":"院内町下船木"}],"0346":[{"pref":"大分県","city":"宇佐市","town":"院内町定別当"}],"0313":[{"pref":"大分県","city":"宇佐市","town":"院内町新洞"}],"0318":[{"pref":"大分県","city":"宇佐市","town":"院内町副"}],"0461":[{"pref":"大分県","city":"宇佐市","town":"院内町台"}],"0344":[{"pref":"大分県","city":"宇佐市","town":"院内町大門"}],"0328":[{"pref":"大分県","city":"宇佐市","town":"院内町高並"}],"0454":[{"pref":"大分県","city":"宇佐市","town":"院内町滝貞"}],"0473":[{"pref":"大分県","city":"宇佐市","town":"院内町田所"}],"0465":[{"pref":"大分県","city":"宇佐市","town":"院内町田平"}],"0345":[{"pref":"大分県","city":"宇佐市","town":"院内町月俣"}],"0483":[{"pref":"大分県","city":"宇佐市","town":"院内町土岩屋"}],"0464":[{"pref":"大分県","city":"宇佐市","town":"院内町西椎屋"}],"0471":[{"pref":"大分県","city":"宇佐市","town":"院内町温見"}],"0472":[{"pref":"大分県","city":"宇佐市","town":"院内町野地"}],"0462":[{"pref":"大分県","city":"宇佐市","town":"院内町羽馬礼"}],"0333":[{"pref":"大分県","city":"宇佐市","town":"院内町原口"}],"0322":[{"pref":"大分県","city":"宇佐市","town":"院内町日岳"}],"0453":[{"pref":"大分県","city":"宇佐市","town":"院内町平原"}],"0317":[{"pref":"大分県","city":"宇佐市","town":"院内町広瀬"}],"0302":[{"pref":"大分県","city":"宇佐市","town":"院内町二日市"}],"0301":[{"pref":"大分県","city":"宇佐市","town":"院内町御沓"}],"0343":[{"pref":"大分県","city":"宇佐市","town":"院内町宮原"}],"0332":[{"pref":"大分県","city":"宇佐市","town":"院内町山城"}],"0463":[{"pref":"大分県","city":"宇佐市","town":"院内町和田"}],"0032":[{"pref":"大分県","city":"宇佐市","town":"江須賀"}],"0031":[{"pref":"大分県","city":"宇佐市","town":"沖須町"}],"0021":[{"pref":"大分県","city":"宇佐市","town":"金屋"}],"0366":[{"pref":"大分県","city":"宇佐市","town":"上拝田（新洞）"}],"0112":[{"pref":"大分県","city":"宇佐市","town":"上矢部"}],"0103":[{"pref":"大分県","city":"宇佐市","town":"北宇佐"}],"0013":[{"pref":"大分県","city":"宇佐市","town":"北鶴田新田"}],"0042":[{"pref":"大分県","city":"宇佐市","town":"貴船町"}],"0012":[{"pref":"大分県","city":"宇佐市","town":"久兵衛新田"}],"0114":[{"pref":"大分県","city":"宇佐市","town":"熊"}],"0045":[{"pref":"大分県","city":"宇佐市","town":"郡中新田"}],"0104":[{"pref":"大分県","city":"宇佐市","town":"小向野"}],"0043":[{"pref":"大分県","city":"宇佐市","town":"子安町"}],"0016":[{"pref":"大分県","city":"宇佐市","town":"佐々礼"}],"0111":[{"pref":"大分県","city":"宇佐市","town":"下矢部"}],"0047":[{"pref":"大分県","city":"宇佐市","town":"順風新田"}],"0113":[{"pref":"大分県","city":"宇佐市","town":"正覚寺"}],"0044":[{"pref":"大分県","city":"宇佐市","town":"住江"}],"0033":[{"pref":"大分県","city":"宇佐市","town":"住吉町"}],"0046":[{"pref":"大分県","city":"宇佐市","town":"高砂新田"}],"0101":[{"pref":"大分県","city":"宇佐市","town":"高森"}],"0001":[{"pref":"大分県","city":"宇佐市","town":"長洲"}],"0022":[{"pref":"大分県","city":"宇佐市","town":"西大堀"}],"0023":[{"pref":"大分県","city":"宇佐市","town":"蜷木"}],"0015":[{"pref":"大分県","city":"宇佐市","town":"松崎"}],"0041":[{"pref":"大分県","city":"宇佐市","town":"神子山新田"}],"0102":[{"pref":"大分県","city":"宇佐市","town":"南宇佐"}],"0014":[{"pref":"大分県","city":"宇佐市","town":"南鶴田新田"}]}