{"0000":[{"pref":"岡山県","city":"美作市","town":"以下に掲載がない場合"}],"0065":[{"pref":"岡山県","city":"美作市","town":"青木"}],"0432":[{"pref":"岡山県","city":"美作市","town":"赤田"}],"0053":[{"pref":"岡山県","city":"美作市","town":"安蘇"}],"0437":[{"pref":"岡山県","city":"美作市","town":"粟野"}],"0052":[{"pref":"岡山県","city":"美作市","town":"位田"}],"0051":[{"pref":"岡山県","city":"美作市","town":"稲穂"}],"0034":[{"pref":"岡山県","city":"美作市","town":"猪臥"}],"0416":[{"pref":"岡山県","city":"美作市","town":"今岡"}],"0054":[{"pref":"岡山県","city":"美作市","town":"岩見田"}],"0401":[{"pref":"岡山県","city":"美作市","town":"後山"}],"0204":[{"pref":"岡山県","city":"美作市","town":"右手"}],"0411":[{"pref":"岡山県","city":"美作市","town":"江ノ原"}],"0005":[{"pref":"岡山県","city":"美作市","town":"大井が丘"}],"0404":[{"pref":"岡山県","city":"美作市","town":"太田"}],"0033":[{"pref":"岡山県","city":"美作市","town":"大原"}],"0124":[{"pref":"岡山県","city":"美作市","town":"大町"}],"0067":[{"pref":"岡山県","city":"美作市","town":"奥大谷"}],"0132":[{"pref":"岡山県","city":"美作市","town":"小畑"}],"0423":[{"pref":"岡山県","city":"美作市","town":"小原田"}],"0044":[{"pref":"岡山県","city":"美作市","town":"海田"}],"0201":[{"pref":"岡山県","city":"美作市","town":"梶並"}],"0426":[{"pref":"岡山県","city":"美作市","town":"桂坪"}],"0055":[{"pref":"岡山県","city":"美作市","town":"金原"}],"0001":[{"pref":"岡山県","city":"美作市","town":"上相"}],"0421":[{"pref":"岡山県","city":"美作市","town":"川上"}],"0436":[{"pref":"岡山県","city":"美作市","town":"川戸"}],"0407":[{"pref":"岡山県","city":"美作市","town":"川東"}],"0063":[{"pref":"岡山県","city":"美作市","town":"北坂"}],"0036":[{"pref":"岡山県","city":"美作市","town":"北原"}],"0014":[{"pref":"岡山県","city":"美作市","town":"北山"}],"0111":[{"pref":"岡山県","city":"美作市","town":"久賀"}],"0042":[{"pref":"岡山県","city":"美作市","town":"朽木"}],"0202":[{"pref":"岡山県","city":"美作市","town":"楮"}],"0131":[{"pref":"岡山県","city":"美作市","town":"河内"}],"0045":[{"pref":"岡山県","city":"美作市","town":"巨勢"}],"0025":[{"pref":"岡山県","city":"美作市","town":"栄町"}],"0422":[{"pref":"岡山県","city":"美作市","town":"笹岡"}],"0435":[{"pref":"岡山県","city":"美作市","town":"沢田"}],"0066":[{"pref":"岡山県","city":"美作市","town":"下大谷"}],"0016":[{"pref":"岡山県","city":"美作市","town":"下香山"}],"0425":[{"pref":"岡山県","city":"美作市","town":"下庄町"}],"0417":[{"pref":"岡山県","city":"美作市","town":"下町"}],"0133":[{"pref":"岡山県","city":"美作市","town":"杉原"}],"0431":[{"pref":"岡山県","city":"美作市","town":"田井"}],"0427":[{"pref":"岡山県","city":"美作市","town":"滝"}],"0433":[{"pref":"岡山県","city":"美作市","town":"立石"}],"0012":[{"pref":"岡山県","city":"美作市","town":"田殿"}],"0064":[{"pref":"岡山県","city":"美作市","town":"殿所"}],"0037":[{"pref":"岡山県","city":"美作市","town":"友野"}],"0015":[{"pref":"岡山県","city":"美作市","town":"豊国原"}],"0056":[{"pref":"岡山県","city":"美作市","town":"長内"}],"0002":[{"pref":"岡山県","city":"美作市","town":"中尾"}],"0402":[{"pref":"岡山県","city":"美作市","town":"中谷"}],"0413":[{"pref":"岡山県","city":"美作市","town":"中町"}],"0061":[{"pref":"岡山県","city":"美作市","town":"中山"}],"0022":[{"pref":"岡山県","city":"美作市","town":"楢原上"}],"0024":[{"pref":"岡山県","city":"美作市","town":"楢原下"}],"0021":[{"pref":"岡山県","city":"美作市","town":"楢原中"}],"0414":[{"pref":"岡山県","city":"美作市","town":"西町"}],"0004":[{"pref":"岡山県","city":"美作市","town":"入田"}],"0424":[{"pref":"岡山県","city":"美作市","town":"野形"}],"0405":[{"pref":"岡山県","city":"美作市","town":"野原"}],"0057":[{"pref":"岡山県","city":"美作市","town":"則平"}],"0121":[{"pref":"岡山県","city":"美作市","town":"長谷内"}],"0041":[{"pref":"岡山県","city":"美作市","town":"林野"}],"0403":[{"pref":"岡山県","city":"美作市","town":"東青野"}],"0205":[{"pref":"岡山県","city":"美作市","town":"東谷上"}],"0206":[{"pref":"岡山県","city":"美作市","town":"東谷下"}],"0406":[{"pref":"岡山県","city":"美作市","town":"東吉田"}],"0035":[{"pref":"岡山県","city":"美作市","town":"平田"}],"0023":[{"pref":"岡山県","city":"美作市","town":"平福"}],"0412":[{"pref":"岡山県","city":"美作市","town":"古町"}],"0122":[{"pref":"岡山県","city":"美作市","town":"馬形"}],"0113":[{"pref":"岡山県","city":"美作市","town":"真加部"}],"0203":[{"pref":"岡山県","city":"美作市","town":"真殿"}],"0043":[{"pref":"岡山県","city":"美作市","town":"海内"}],"0046":[{"pref":"岡山県","city":"美作市","town":"三倉田"}],"0434":[{"pref":"岡山県","city":"美作市","town":"壬生"}],"0415":[{"pref":"岡山県","city":"美作市","town":"宮本"}],"0003":[{"pref":"岡山県","city":"美作市","town":"明見"}],"0123":[{"pref":"岡山県","city":"美作市","town":"宗掛"}],"0134":[{"pref":"岡山県","city":"美作市","town":"矢田"}],"0031":[{"pref":"岡山県","city":"美作市","town":"山口"}],"0032":[{"pref":"岡山県","city":"美作市","town":"山外野"}],"0062":[{"pref":"岡山県","city":"美作市","town":"湯郷"}],"0013":[{"pref":"岡山県","city":"美作市","town":"吉"}],"0112":[{"pref":"岡山県","city":"美作市","town":"余野"}],"0011":[{"pref":"岡山県","city":"美作市","town":"和田"}],"0500":[{"pref":"岡山県","city":"英田郡西粟倉村","town":"以下に掲載がない場合"}],"0505":[{"pref":"岡山県","city":"英田郡西粟倉村","town":"筏津"}],"0501":[{"pref":"岡山県","city":"英田郡西粟倉村","town":"大茅"}],"0503":[{"pref":"岡山県","city":"英田郡西粟倉村","town":"影石"}],"0502":[{"pref":"岡山県","city":"英田郡西粟倉村","town":"坂根"}],"0506":[{"pref":"岡山県","city":"英田郡西粟倉村","town":"知社"}],"0504":[{"pref":"岡山県","city":"英田郡西粟倉村","town":"長尾"}]}