{"0000":[{"pref":"福井県","city":"敦賀市","town":"以下に掲載がない場合"}],"0062":[{"pref":"福井県","city":"敦賀市","town":"相生町"}],"0272":[{"pref":"福井県","city":"敦賀市","town":"赤崎"}],"0075":[{"pref":"福井県","city":"敦賀市","town":"曙町"}],"0266":[{"pref":"福井県","city":"敦賀市","town":"挙野"}],"0315":[{"pref":"福井県","city":"敦賀市","town":"麻生口"}],"0265":[{"pref":"福井県","city":"敦賀市","town":"阿曽"}],"0141":[{"pref":"福井県","city":"敦賀市","town":"莇生野"}],"0014":[{"pref":"福井県","city":"敦賀市","town":"井川"}],"0004":[{"pref":"福井県","city":"敦賀市","town":"池河内"}],"0042":[{"pref":"福井県","city":"敦賀市","town":"石ケ町"}],"0021":[{"pref":"福井県","city":"敦賀市","town":"泉ケ丘町"}],"0124":[{"pref":"福井県","city":"敦賀市","town":"市野々"},{"pref":"福井県","city":"敦賀市","town":"市野々町"}],"0301":[{"pref":"福井県","city":"敦賀市","town":"市橋"}],"0267":[{"pref":"福井県","city":"敦賀市","town":"五幡"}],"0805":[{"pref":"福井県","city":"敦賀市","town":"鋳物師町"}],"0844":[{"pref":"福井県","city":"敦賀市","town":"色浜"}],"0003":[{"pref":"福井県","city":"敦賀市","town":"獺河内"}],"0843":[{"pref":"福井県","city":"敦賀市","town":"浦底"}],"0825":[{"pref":"福井県","city":"敦賀市","town":"永大町"}],"0268":[{"pref":"福井県","city":"敦賀市","town":"江良"}],"0303":[{"pref":"福井県","city":"敦賀市","town":"追分"}],"0018":[{"pref":"福井県","city":"敦賀市","town":"大蔵"}],"0262":[{"pref":"福井県","city":"敦賀市","town":"大比田"}],"0044":[{"pref":"福井県","city":"敦賀市","town":"岡山町"}],"0316":[{"pref":"福井県","city":"敦賀市","town":"奥麻生"}],"0311":[{"pref":"福井県","city":"敦賀市","town":"奥野"}],"0032":[{"pref":"福井県","city":"敦賀市","town":"小河"}],"0034":[{"pref":"福井県","city":"敦賀市","town":"小河口"}],"0006":[{"pref":"福井県","city":"敦賀市","town":"越坂"}],"0063":[{"pref":"福井県","city":"敦賀市","town":"神楽町"}],"0005":[{"pref":"福井県","city":"敦賀市","town":"樫曲"}],"0146":[{"pref":"福井県","city":"敦賀市","town":"金山"}],"0055":[{"pref":"福井県","city":"敦賀市","town":"鉄輪町"}],"0072":[{"pref":"福井県","city":"敦賀市","town":"金ケ崎町"}],"0066":[{"pref":"福井県","city":"敦賀市","town":"川崎町"}],"0012":[{"pref":"福井県","city":"敦賀市","town":"川北"}],"0015":[{"pref":"福井県","city":"敦賀市","town":"河原町"}],"0039":[{"pref":"福井県","city":"敦賀市","town":"観音町"},{"pref":"福井県","city":"敦賀市","town":"羽織町"}],"0814":[{"pref":"福井県","city":"敦賀市","town":"木崎"}],"0043":[{"pref":"福井県","city":"敦賀市","town":"衣掛町"}],"0026":[{"pref":"福井県","city":"敦賀市","town":"木ノ芽町"}],"0052":[{"pref":"福井県","city":"敦賀市","town":"清水町"}],"0821":[{"pref":"福井県","city":"敦賀市","town":"櫛川"}],"0822":[{"pref":"福井県","city":"敦賀市","town":"櫛川町"}],"0138":[{"pref":"福井県","city":"敦賀市","town":"櫛林"}],"0831":[{"pref":"福井県","city":"敦賀市","town":"沓"}],"0823":[{"pref":"福井県","city":"敦賀市","town":"沓見"}],"0059":[{"pref":"福井県","city":"敦賀市","town":"国広町"}],"0131":[{"pref":"福井県","city":"敦賀市","town":"公文名"}],"0802":[{"pref":"福井県","city":"敦賀市","town":"呉竹町"}],"0813":[{"pref":"福井県","city":"敦賀市","town":"呉羽町"}],"0045":[{"pref":"福井県","city":"敦賀市","town":"古田刈"}],"0132":[{"pref":"福井県","city":"敦賀市","town":"御名"}],"0077":[{"pref":"福井県","city":"敦賀市","town":"栄新町"}],"0038":[{"pref":"福井県","city":"敦賀市","town":"坂下"}],"0144":[{"pref":"福井県","city":"敦賀市","town":"桜ケ丘町"}],"0078":[{"pref":"福井県","city":"敦賀市","town":"桜町"}],"0143":[{"pref":"福井県","city":"敦賀市","town":"沢"}],"0071":[{"pref":"福井県","city":"敦賀市","town":"泉"}],"0271":[{"pref":"福井県","city":"敦賀市","town":"泉（東浦）"}],"0832":[{"pref":"福井県","city":"敦賀市","town":"常宮"}],"0812":[{"pref":"福井県","city":"敦賀市","town":"昭和町"}],"0054":[{"pref":"福井県","city":"敦賀市","town":"白銀町"}],"0317":[{"pref":"福井県","city":"敦賀市","town":"新道"}],"0001":[{"pref":"福井県","city":"敦賀市","town":"新保"}],"0803":[{"pref":"福井県","city":"敦賀市","town":"新松島町"}],"0122":[{"pref":"福井県","city":"敦賀市","town":"新和町"}],"0264":[{"pref":"福井県","city":"敦賀市","town":"杉津"}],"0314":[{"pref":"福井県","city":"敦賀市","town":"杉箸"}],"0136":[{"pref":"福井県","city":"敦賀市","town":"砂流"}],"0147":[{"pref":"福井県","city":"敦賀市","town":"関"}],"0312":[{"pref":"福井県","city":"敦賀市","town":"曽々木"}],"0273":[{"pref":"福井県","city":"敦賀市","town":"田結"}],"0022":[{"pref":"福井県","city":"敦賀市","town":"高野"}],"0305":[{"pref":"福井県","city":"敦賀市","town":"駄口"}],"0007":[{"pref":"福井県","city":"敦賀市","town":"田尻"}],"0841":[{"pref":"福井県","city":"敦賀市","town":"立石"}],"0031":[{"pref":"福井県","city":"敦賀市","town":"谷"}],"0013":[{"pref":"福井県","city":"敦賀市","town":"谷口"}],"0811":[{"pref":"福井県","city":"敦賀市","town":"中央町"}],"0056":[{"pref":"福井県","city":"敦賀市","town":"津内町"}],"0074":[{"pref":"福井県","city":"敦賀市","town":"角鹿町"}],"0845":[{"pref":"福井県","city":"敦賀市","town":"手"}],"0073":[{"pref":"福井県","city":"敦賀市","town":"天筒町"}],"0036":[{"pref":"福井県","city":"敦賀市","town":"堂"}],"0047":[{"pref":"福井県","city":"敦賀市","town":"東洋町"}],"0313":[{"pref":"福井県","city":"敦賀市","town":"刀根"}],"0028":[{"pref":"福井県","city":"敦賀市","town":"中"}],"0046":[{"pref":"福井県","city":"敦賀市","town":"長沢"}],"0135":[{"pref":"福井県","city":"敦賀市","town":"長谷"}],"0834":[{"pref":"福井県","city":"敦賀市","town":"名子"}],"0041":[{"pref":"福井県","city":"敦賀市","town":"布田町"}],"0833":[{"pref":"福井県","city":"敦賀市","town":"縄間"}],"0121":[{"pref":"福井県","city":"敦賀市","town":"野神"}],"0145":[{"pref":"福井県","city":"敦賀市","town":"野坂"}],"0142":[{"pref":"福井県","city":"敦賀市","town":"萩野町"}],"0033":[{"pref":"福井県","city":"敦賀市","town":"鳩原"}],"0002":[{"pref":"福井県","city":"敦賀市","town":"葉原"}],"0824":[{"pref":"福井県","city":"敦賀市","town":"原"}],"0302":[{"pref":"福井県","city":"敦賀市","town":"疋田"}],"0025":[{"pref":"福井県","city":"敦賀市","town":"樋ノ水町"}],"0137":[{"pref":"福井県","city":"敦賀市","town":"ひばりケ丘町"}],"0057":[{"pref":"福井県","city":"敦賀市","town":"開町"}],"0023":[{"pref":"福井県","city":"敦賀市","town":"深川町"}],"0304":[{"pref":"福井県","city":"敦賀市","town":"深坂"}],"0017":[{"pref":"福井県","city":"敦賀市","town":"藤ケ丘町"}],"0835":[{"pref":"福井県","city":"敦賀市","town":"二村"}],"0815":[{"pref":"福井県","city":"敦賀市","town":"平和町"}],"0061":[{"pref":"福井県","city":"敦賀市","town":"蓬莱町"}],"0051":[{"pref":"福井県","city":"敦賀市","town":"本町"}],"0053":[{"pref":"福井県","city":"敦賀市","town":"舞崎町"}],"0065":[{"pref":"福井県","city":"敦賀市","town":"松栄町"}],"0801":[{"pref":"福井県","city":"敦賀市","town":"松島町"}],"0807":[{"pref":"福井県","city":"敦賀市","town":"松葉町"}],"0806":[{"pref":"福井県","city":"敦賀市","town":"松原町"}],"0274":[{"pref":"福井県","city":"敦賀市","town":"鞠山"}],"0058":[{"pref":"福井県","city":"敦賀市","town":"三島町"}],"0037":[{"pref":"福井県","city":"敦賀市","town":"道口"}],"0133":[{"pref":"福井県","city":"敦賀市","town":"みどりケ丘町"}],"0079":[{"pref":"福井県","city":"敦賀市","town":"港町"}],"0011":[{"pref":"福井県","city":"敦賀市","town":"深山寺"}],"0842":[{"pref":"福井県","city":"敦賀市","town":"明神町"}],"0261":[{"pref":"福井県","city":"敦賀市","town":"元比田"}],"0076":[{"pref":"福井県","city":"敦賀市","town":"元町"}],"0134":[{"pref":"福井県","city":"敦賀市","town":"山"}],"0035":[{"pref":"福井県","city":"敦賀市","town":"山泉"}],"0306":[{"pref":"福井県","city":"敦賀市","town":"山中"}],"0064":[{"pref":"福井県","city":"敦賀市","town":"結城町"}],"0263":[{"pref":"福井県","city":"敦賀市","town":"横浜"}],"0016":[{"pref":"福井県","city":"敦賀市","town":"余座"}],"0024":[{"pref":"福井県","city":"敦賀市","town":"吉河"}],"0027":[{"pref":"福井県","city":"敦賀市","town":"若泉町"}],"0125":[{"pref":"福井県","city":"敦賀市","town":"若葉町"}],"0123":[{"pref":"福井県","city":"敦賀市","town":"和久野"}]}