{"0000":[{"pref":"広島県","city":"府中市","town":"以下に掲載がない場合"}],"0031":[{"pref":"広島県","city":"府中市","town":"荒谷町"}],"0002":[{"pref":"広島県","city":"府中市","town":"鵜飼町"}],"0034":[{"pref":"広島県","city":"府中市","town":"上山町"}],"0025":[{"pref":"広島県","city":"府中市","town":"河南町"}],"0023":[{"pref":"広島県","city":"府中市","town":"栗柄町"}],"0036":[{"pref":"広島県","city":"府中市","town":"河面町"}],"0006":[{"pref":"広島県","city":"府中市","town":"桜が丘"}],"0026":[{"pref":"広島県","city":"府中市","town":"三郎丸町"}],"0027":[{"pref":"広島県","city":"府中市","town":"篠根町"}],"0024":[{"pref":"広島県","city":"府中市","town":"僧殿町"}],"0013":[{"pref":"広島県","city":"府中市","town":"高木町"}],"0035":[{"pref":"広島県","city":"府中市","town":"父石町"}],"0032":[{"pref":"広島県","city":"府中市","town":"出口町"}],"0012":[{"pref":"広島県","city":"府中市","town":"中須町"}],"0021":[{"pref":"広島県","city":"府中市","town":"土生町"}],"0011":[{"pref":"広島県","city":"府中市","town":"広谷町"}],"0004":[{"pref":"広島県","city":"府中市","town":"府川町"}],"0005":[{"pref":"広島県","city":"府中市","town":"府中町"}],"0033":[{"pref":"広島県","city":"府中市","town":"目崎町"}],"0003":[{"pref":"広島県","city":"府中市","town":"元町"}],"0001":[{"pref":"広島県","city":"府中市","town":"本山町"}],"0022":[{"pref":"広島県","city":"府中市","town":"用土町"}]}