{"1101":[{"pref":"島根県","city":"松江市","town":"本庄町"}],"1102":[{"pref":"島根県","city":"松江市","town":"上本庄町"}],"1103":[{"pref":"島根県","city":"松江市","town":"新庄町"}],"1104":[{"pref":"島根県","city":"松江市","town":"上宇部尾町"}],"1111":[{"pref":"島根県","city":"松江市","town":"枕木町"}],"1112":[{"pref":"島根県","city":"松江市","town":"長海町"}],"1113":[{"pref":"島根県","city":"松江市","town":"手角町"}],"1114":[{"pref":"島根県","city":"松江市","town":"野原町"}],"1115":[{"pref":"島根県","city":"松江市","town":"邑生町"}],"1211":[{"pref":"島根県","city":"松江市","town":"島根町野井"}],"1212":[{"pref":"島根県","city":"松江市","town":"島根町野波"}],"1213":[{"pref":"島根県","city":"松江市","town":"島根町多古"}],"1221":[{"pref":"島根県","city":"松江市","town":"美保関町北浦"}],"1222":[{"pref":"島根県","city":"松江市","town":"美保関町千酌"}],"1223":[{"pref":"島根県","city":"松江市","town":"美保関町笠浦"}],"1311":[{"pref":"島根県","city":"松江市","town":"美保関町七類"}],"1312":[{"pref":"島根県","city":"松江市","town":"美保関町森山（その他）"}],"1313":[{"pref":"島根県","city":"松江市","town":"美保関町下宇部尾"}],"1314":[{"pref":"島根県","city":"松江市","town":"美保関町菅浦"}],"1315":[{"pref":"島根県","city":"松江市","town":"美保関町片江"}],"1401":[{"pref":"島根県","city":"松江市","town":"八束町江島"}],"1402":[{"pref":"島根県","city":"松江市","town":"八束町馬渡"}],"1403":[{"pref":"島根県","city":"松江市","town":"八束町遅江"}],"1404":[{"pref":"島根県","city":"松江市","town":"八束町波入"}],"1405":[{"pref":"島根県","city":"松江市","town":"八束町入江"}],"1406":[{"pref":"島根県","city":"松江市","town":"八束町二子"}],"1407":[{"pref":"島根県","city":"松江市","town":"八束町寺津"}],"1408":[{"pref":"島根県","city":"松江市","town":"八束町亀尻"}],"1501":[{"pref":"島根県","city":"松江市","town":"美保関町美保関"}],"1502":[{"pref":"島根県","city":"松江市","town":"美保関町雲津"}],"1503":[{"pref":"島根県","city":"松江市","town":"美保関町諸喰"}],"1504":[{"pref":"島根県","city":"松江市","town":"美保関町福浦"}],"1505":[{"pref":"島根県","city":"松江市","town":"美保関町森山（古金崎）"}],"2101":[{"pref":"島根県","city":"松江市","town":"八雲町日吉"}],"2102":[{"pref":"島根県","city":"松江市","town":"八雲町東岩坂"}],"2103":[{"pref":"島根県","city":"松江市","town":"八雲町西岩坂"}],"2104":[{"pref":"島根県","city":"松江市","town":"八雲町熊野"}],"2105":[{"pref":"島根県","city":"松江市","town":"八雲町平原"}],"2311":[{"pref":"島根県","city":"雲南市","town":"吉田町上山"}],"2312":[{"pref":"島根県","city":"雲南市","town":"吉田町曽木"}],"2313":[{"pref":"島根県","city":"雲南市","town":"吉田町深野"}],"2314":[{"pref":"島根県","city":"雲南市","town":"吉田町川手"}],"2400":[{"pref":"島根県","city":"雲南市","town":"以下に掲載がない場合"}],"2401":[{"pref":"島根県","city":"雲南市","town":"三刀屋町伊萱"}],"2402":[{"pref":"島根県","city":"雲南市","town":"三刀屋町給下"}],"2403":[{"pref":"島根県","city":"雲南市","town":"三刀屋町下熊谷"}],"2404":[{"pref":"島根県","city":"雲南市","town":"三刀屋町三刀屋"}],"2405":[{"pref":"島根県","city":"雲南市","town":"三刀屋町古城"}],"2406":[{"pref":"島根県","city":"雲南市","town":"三刀屋町高窪"}],"2511":[{"pref":"島根県","city":"雲南市","town":"三刀屋町上熊谷"}],"2512":[{"pref":"島根県","city":"雲南市","town":"三刀屋町多久和"}],"2513":[{"pref":"島根県","city":"雲南市","town":"三刀屋町粟谷"}],"2521":[{"pref":"島根県","city":"雲南市","town":"三刀屋町神代"}],"2522":[{"pref":"島根県","city":"雲南市","town":"三刀屋町六重"}],"2523":[{"pref":"島根県","city":"雲南市","town":"三刀屋町中野"}],"2524":[{"pref":"島根県","city":"雲南市","town":"三刀屋町須所"}],"2525":[{"pref":"島根県","city":"雲南市","town":"三刀屋町坂本（森谷）"}],"2625":[{"pref":"島根県","city":"雲南市","town":"三刀屋町坂本（その他）"}],"2631":[{"pref":"島根県","city":"雲南市","town":"三刀屋町根波別所"}],"2632":[{"pref":"島根県","city":"雲南市","town":"三刀屋町里坊"}],"2633":[{"pref":"島根県","city":"雲南市","town":"三刀屋町殿河内"}],"2634":[{"pref":"島根県","city":"雲南市","town":"三刀屋町乙加宮"}],"2701":[{"pref":"島根県","city":"雲南市","town":"掛合町掛合"}],"2702":[{"pref":"島根県","city":"雲南市","town":"掛合町入間"}],"2703":[{"pref":"島根県","city":"雲南市","town":"掛合町波多"}],"2704":[{"pref":"島根県","city":"雲南市","town":"掛合町穴見"}],"2705":[{"pref":"島根県","city":"雲南市","town":"掛合町松笠"}],"2706":[{"pref":"島根県","city":"雲南市","town":"掛合町多根"}],"2801":[{"pref":"島根県","city":"雲南市","town":"吉田町吉田"}],"2802":[{"pref":"島根県","city":"雲南市","town":"吉田町民谷"}],"3200":[{"pref":"島根県","city":"飯石郡飯南町","town":"以下に掲載がない場合"}],"3203":[{"pref":"島根県","city":"飯石郡飯南町","town":"都加賀"}],"3204":[{"pref":"島根県","city":"飯石郡飯南町","town":"佐見"}],"3205":[{"pref":"島根県","city":"飯石郡飯南町","town":"長谷"}],"3206":[{"pref":"島根県","city":"飯石郡飯南町","town":"花栗"}],"3207":[{"pref":"島根県","city":"飯石郡飯南町","town":"頓原"}],"3311":[{"pref":"島根県","city":"飯石郡飯南町","town":"獅子"}],"3312":[{"pref":"島根県","city":"飯石郡飯南町","town":"八神"}],"3313":[{"pref":"島根県","city":"飯石郡飯南町","town":"志津見"}],"3314":[{"pref":"島根県","city":"飯石郡飯南町","town":"角井"}],"3401":[{"pref":"島根県","city":"飯石郡飯南町","town":"野萱"}],"3402":[{"pref":"島根県","city":"飯石郡飯南町","town":"下来島"}],"3403":[{"pref":"島根県","city":"飯石郡飯南町","town":"小田"}],"3404":[{"pref":"島根県","city":"飯石郡飯南町","town":"真木"}],"3405":[{"pref":"島根県","city":"飯石郡飯南町","town":"上来島"}],"3511":[{"pref":"島根県","city":"飯石郡飯南町","town":"赤名"}],"3512":[{"pref":"島根県","city":"飯石郡飯南町","town":"上赤名"}],"3513":[{"pref":"島根県","city":"飯石郡飯南町","town":"下赤名"}],"3514":[{"pref":"島根県","city":"飯石郡飯南町","town":"井戸谷"}],"3515":[{"pref":"島根県","city":"飯石郡飯南町","town":"塩谷"}],"3516":[{"pref":"島根県","city":"飯石郡飯南町","town":"畑田"}],"0000":[{"pref":"島根県","city":"松江市","town":"以下に掲載がない場合"}],"0261":[{"pref":"島根県","city":"松江市","town":"秋鹿町"}],"0022":[{"pref":"島根県","city":"松江市","town":"青葉台"}],"0015":[{"pref":"島根県","city":"松江市","town":"上乃木"}],"0834":[{"pref":"島根県","city":"松江市","town":"朝酌町"}],"0003":[{"pref":"島根県","city":"松江市","town":"朝日町"}],"0027":[{"pref":"島根県","city":"松江市","town":"意宇町"}],"0881":[{"pref":"島根県","city":"松江市","town":"石橋町"}],"0006":[{"pref":"島根県","city":"松江市","town":"伊勢宮町"}],"0034":[{"pref":"島根県","city":"松江市","town":"一の谷町"}],"0062":[{"pref":"島根県","city":"松江市","town":"魚町"}],"0869":[{"pref":"島根県","city":"松江市","town":"うぐいす台"}],"0131":[{"pref":"島根県","city":"松江市","town":"打出町"}],"0873":[{"pref":"島根県","city":"松江市","town":"内中原町"}],"0832":[{"pref":"島根県","city":"松江市","town":"大井町"}],"0263":[{"pref":"島根県","city":"松江市","town":"大垣町"}],"0032":[{"pref":"島根県","city":"松江市","town":"大草町"}],"0264":[{"pref":"島根県","city":"松江市","town":"大野町"}],"0033":[{"pref":"島根県","city":"松江市","town":"大庭町"}],"0831":[{"pref":"島根県","city":"松江市","town":"大海崎町"}],"0262":[{"pref":"島根県","city":"松江市","town":"岡本町"}],"0872":[{"pref":"島根県","city":"松江市","town":"奥谷町"}],"0007":[{"pref":"島根県","city":"松江市","town":"御手船場町"}],"0266":[{"pref":"島根県","city":"松江市","town":"魚瀬町"}],"0848":[{"pref":"島根県","city":"松江市","town":"苧町"}],"0825":[{"pref":"島根県","city":"松江市","town":"学園"}],"0826":[{"pref":"島根県","city":"松江市","town":"学園南"}],"0322":[{"pref":"島根県","city":"松江市","town":"鹿島町恵曇"}],"0324":[{"pref":"島根県","city":"松江市","town":"鹿島町片句"}],"0801":[{"pref":"島根県","city":"松江市","town":"鹿島町上講武"}],"0804":[{"pref":"島根県","city":"松江市","town":"鹿島町北講武"}],"0333":[{"pref":"島根県","city":"松江市","town":"鹿島町古浦"}],"0332":[{"pref":"島根県","city":"松江市","town":"鹿島町佐陀本郷"}],"0331":[{"pref":"島根県","city":"松江市","town":"鹿島町佐陀宮内"}],"0321":[{"pref":"島根県","city":"松江市","town":"鹿島町武代"}],"0323":[{"pref":"島根県","city":"松江市","town":"鹿島町手結"}],"0411":[{"pref":"島根県","city":"松江市","town":"鹿島町御津"}],"0802":[{"pref":"島根県","city":"松江市","town":"鹿島町南講武"}],"0803":[{"pref":"島根県","city":"松江市","town":"鹿島町名分"}],"0877":[{"pref":"島根県","city":"松江市","town":"春日町"}],"0847":[{"pref":"島根県","city":"松江市","town":"片原町"}],"0265":[{"pref":"島根県","city":"松江市","town":"上大野町"}],"0867":[{"pref":"島根県","city":"松江市","town":"上佐陀町"}],"0821":[{"pref":"島根県","city":"松江市","town":"上東川津町"}],"0812":[{"pref":"島根県","city":"松江市","town":"川原町"}],"0883":[{"pref":"島根県","city":"松江市","town":"北田町"}],"0888":[{"pref":"島根県","city":"松江市","town":"北堀町"}],"0859":[{"pref":"島根県","city":"松江市","town":"国屋町"}],"0876":[{"pref":"島根県","city":"松江市","town":"黒田町"}],"0121":[{"pref":"島根県","city":"松江市","town":"古志町"}],"0012":[{"pref":"島根県","city":"松江市","town":"古志原"}],"0013":[{"pref":"島根県","city":"松江市","town":"古志原町"}],"0151":[{"pref":"島根県","city":"松江市","town":"古曽志町"}],"0856":[{"pref":"島根県","city":"松江市","town":"薦津町"}],"0056":[{"pref":"島根県","city":"松江市","town":"雑賀町"}],"0041":[{"pref":"島根県","city":"松江市","town":"幸町"}],"0042":[{"pref":"島根県","city":"松江市","town":"栄町"}],"0813":[{"pref":"島根県","city":"松江市","town":"坂本町"}],"0035":[{"pref":"島根県","city":"松江市","town":"佐草町"}],"0402":[{"pref":"島根県","city":"松江市","town":"島根町大芦"}],"0401":[{"pref":"島根県","city":"松江市","town":"島根町加賀"}],"0866":[{"pref":"島根県","city":"松江市","town":"下佐陀町"}],"0822":[{"pref":"島根県","city":"松江市","town":"下東川津町"}],"0141":[{"pref":"島根県","city":"松江市","town":"荘成町"}],"0868":[{"pref":"島根県","city":"松江市","town":"淞北台"}],"0061":[{"pref":"島根県","city":"松江市","town":"白潟本町"}],"0054":[{"pref":"島根県","city":"松江市","town":"新雑賀町"}],"0057":[{"pref":"島根県","city":"松江市","town":"新町"}],"0846":[{"pref":"島根県","city":"松江市","town":"末次町"}],"0843":[{"pref":"島根県","city":"松江市","town":"末次本町"}],"0824":[{"pref":"島根県","city":"松江市","town":"菅田町"}],"0878":[{"pref":"島根県","city":"松江市","town":"砂子町"}],"0049":[{"pref":"島根県","city":"松江市","town":"袖師町"}],"0875":[{"pref":"島根県","city":"松江市","town":"外中原町"}],"0002":[{"pref":"島根県","city":"松江市","town":"大正町"}],"0882":[{"pref":"島根県","city":"松江市","town":"大輪町"}],"0052":[{"pref":"島根県","city":"松江市","town":"竪町"}],"0058":[{"pref":"島根県","city":"松江市","town":"田和山町"}],"0023":[{"pref":"島根県","city":"松江市","town":"竹矢町"}],"0852":[{"pref":"島根県","city":"松江市","town":"千鳥町"}],"0055":[{"pref":"島根県","city":"松江市","town":"津田町"}],"0063":[{"pref":"島根県","city":"松江市","town":"寺町"}],"0064":[{"pref":"島根県","city":"松江市","town":"天神町"}],"0851":[{"pref":"島根県","city":"松江市","town":"堂形町"}],"0887":[{"pref":"島根県","city":"松江市","town":"殿町"}],"0874":[{"pref":"島根県","city":"松江市","town":"中原町"}],"0065":[{"pref":"島根県","city":"松江市","town":"灘町"}],"0854":[{"pref":"島根県","city":"松江市","town":"南平台"}],"0865":[{"pref":"島根県","city":"松江市","town":"西生馬町"}],"0037":[{"pref":"島根県","city":"松江市","town":"西忌部町"}],"0835":[{"pref":"島根県","city":"松江市","town":"西尾町"}],"0823":[{"pref":"島根県","city":"松江市","town":"西川津町"}],"0142":[{"pref":"島根県","city":"松江市","town":"西谷町"}],"0845":[{"pref":"島根県","city":"松江市","town":"西茶町"}],"0017":[{"pref":"島根県","city":"松江市","town":"西津田"}],"0132":[{"pref":"島根県","city":"松江市","town":"西長江町"}],"0122":[{"pref":"島根県","city":"松江市","town":"西浜佐陀町"}],"0860":[{"pref":"島根県","city":"松江市","town":"西法吉町"}],"0815":[{"pref":"島根県","city":"松江市","town":"西持田町"}],"0048":[{"pref":"島根県","city":"松江市","town":"西嫁島"}],"0046":[{"pref":"島根県","city":"松江市","town":"乃木福富町"}],"0045":[{"pref":"島根県","city":"松江市","town":"乃白町"}],"0004":[{"pref":"島根県","city":"松江市","town":"八軒屋町"}],"0855":[{"pref":"島根県","city":"松江市","town":"浜佐田町"}],"0044":[{"pref":"島根県","city":"松江市","town":"浜乃木"}],"0001":[{"pref":"島根県","city":"松江市","town":"東朝日町"}],"0864":[{"pref":"島根県","city":"松江市","town":"東生馬町"}],"0036":[{"pref":"島根県","city":"松江市","town":"東忌部町"}],"0871":[{"pref":"島根県","city":"松江市","town":"東奥谷町"}],"0844":[{"pref":"島根県","city":"松江市","town":"東茶町"}],"0011":[{"pref":"島根県","city":"松江市","town":"東津田町"}],"0133":[{"pref":"島根県","city":"松江市","town":"東長江町"}],"0842":[{"pref":"島根県","city":"松江市","town":"東本町"}],"0814":[{"pref":"島根県","city":"松江市","town":"東持田町"}],"0862":[{"pref":"島根県","city":"松江市","town":"比津が丘"}],"0863":[{"pref":"島根県","city":"松江市","town":"比津町"}],"0833":[{"pref":"島根県","city":"松江市","town":"福富町"}],"0811":[{"pref":"島根県","city":"松江市","town":"福原町"}],"0026":[{"pref":"島根県","city":"松江市","town":"富士見町"}],"0038":[{"pref":"島根県","city":"松江市","town":"平成町"}],"0816":[{"pref":"島根県","city":"松江市","town":"北陵町"}],"0861":[{"pref":"島根県","city":"松江市","town":"法吉町"}],"0886":[{"pref":"島根県","city":"松江市","town":"母衣町"}],"0053":[{"pref":"島根県","city":"松江市","town":"本郷町"}],"0024":[{"pref":"島根県","city":"松江市","town":"馬潟町"}],"0043":[{"pref":"島根県","city":"松江市","town":"松尾町"}],"0884":[{"pref":"島根県","city":"松江市","town":"南田町"}],"0841":[{"pref":"島根県","city":"松江市","town":"向島町"}],"0014":[{"pref":"島根県","city":"松江市","town":"八雲台"}],"0021":[{"pref":"島根県","city":"松江市","town":"矢田町"}],"0031":[{"pref":"島根県","city":"松江市","town":"山代町"}],"0025":[{"pref":"島根県","city":"松江市","town":"八幡町"}],"0051":[{"pref":"島根県","city":"松江市","town":"横浜町"}],"0885":[{"pref":"島根県","city":"松江市","town":"米子町"}],"0047":[{"pref":"島根県","city":"松江市","town":"嫁島町"}],"0005":[{"pref":"島根県","city":"松江市","town":"和多見町"}]}