{"1100":[{"pref":"石川県","city":"能美市","town":"以下に掲載がない場合"}],"1101":[{"pref":"石川県","city":"能美市","town":"粟生町"}],"1102":[{"pref":"石川県","city":"能美市","town":"新保町"}],"1103":[{"pref":"石川県","city":"能美市","town":"秋常町"}],"1104":[{"pref":"石川県","city":"能美市","town":"湯谷町"}],"1105":[{"pref":"石川県","city":"能美市","town":"石子町"}],"1106":[{"pref":"石川県","city":"能美市","town":"和田町"}],"1107":[{"pref":"石川県","city":"能美市","town":"末寺町"}],"1111":[{"pref":"石川県","city":"能美市","town":"泉台町"}],"1112":[{"pref":"石川県","city":"能美市","town":"佐野町"}],"1113":[{"pref":"石川県","city":"能美市","town":"牛島町"}],"1114":[{"pref":"石川県","city":"能美市","town":"小杉町"}],"1115":[{"pref":"石川県","city":"能美市","town":"大長野町"}],"1116":[{"pref":"石川県","city":"能美市","town":"小長野町"}],"1117":[{"pref":"石川県","city":"能美市","town":"末信町"}],"1121":[{"pref":"石川県","city":"能美市","town":"寺井町"}],"1122":[{"pref":"石川県","city":"能美市","town":"東任田町"}],"1123":[{"pref":"石川県","city":"能美市","town":"吉光町"}],"1124":[{"pref":"石川県","city":"能美市","town":"三道山町"}],"1200":[{"pref":"石川県","city":"能美郡川北町","town":"以下に掲載がない場合"}],"1201":[{"pref":"石川県","city":"能美市","town":"岩内町"}],"1202":[{"pref":"石川県","city":"能美市","town":"莇生町"}],"1203":[{"pref":"石川県","city":"能美市","town":"三ツ口町"}],"1204":[{"pref":"石川県","city":"能美市","town":"長滝町"}],"1205":[{"pref":"石川県","city":"能美市","town":"宮竹町"}],"1206":[{"pref":"石川県","city":"能美市","town":"灯台笹町"}],"1207":[{"pref":"石川県","city":"能美市","town":"岩本町"}],"1208":[{"pref":"石川県","city":"能美市","town":"和佐谷町"}],"1211":[{"pref":"石川県","city":"能美市","town":"旭台"}],"1212":[{"pref":"石川県","city":"能美市","town":"大口町"}],"1213":[{"pref":"石川県","city":"能美市","town":"坪野町"}],"1214":[{"pref":"石川県","city":"能美市","town":"金剛寺町"}],"1215":[{"pref":"石川県","city":"能美市","town":"舘町"}],"1216":[{"pref":"石川県","city":"能美市","town":"鍋谷町"}],"1217":[{"pref":"石川県","city":"能美市","town":"仏大寺町"}],"1221":[{"pref":"石川県","city":"能美市","town":"湯屋町"}],"1222":[{"pref":"石川県","city":"能美市","town":"徳山町"}],"1223":[{"pref":"石川県","city":"能美市","town":"寺畠町"}],"1224":[{"pref":"石川県","city":"能美市","town":"和気町"}],"1225":[{"pref":"石川県","city":"能美市","town":"松が岡"}],"1226":[{"pref":"石川県","city":"能美市","town":"緑が丘"}],"1227":[{"pref":"石川県","city":"能美市","town":"和光台"}],"1231":[{"pref":"石川県","city":"能美市","town":"上開発町"}],"1232":[{"pref":"石川県","city":"能美市","town":"下開発町"}],"1233":[{"pref":"石川県","city":"能美市","town":"荒屋町"}],"1234":[{"pref":"石川県","city":"能美市","town":"高座町"}],"1235":[{"pref":"石川県","city":"能美市","town":"徳久町"}],"1236":[{"pref":"石川県","city":"能美市","town":"北市町"}],"1237":[{"pref":"石川県","city":"能美市","town":"上清水町"}],"1238":[{"pref":"石川県","city":"能美市","town":"下清水町"}],"1241":[{"pref":"石川県","city":"能美市","town":"山田町"}],"1242":[{"pref":"石川県","city":"能美市","town":"火釜町"}],"1243":[{"pref":"石川県","city":"能美市","town":"三ツ屋町"}],"1244":[{"pref":"石川県","city":"能美市","town":"来丸町"}],"1245":[{"pref":"石川県","city":"能美市","town":"辰口町"}],"1246":[{"pref":"石川県","city":"能美市","town":"倉重町"}],"1247":[{"pref":"石川県","city":"能美市","town":"出口町"}],"1251":[{"pref":"石川県","city":"能美郡川北町","town":"藤蔵"}],"1252":[{"pref":"石川県","city":"能美郡川北町","town":"中島"}],"1253":[{"pref":"石川県","city":"能美郡川北町","town":"三反田"}],"1254":[{"pref":"石川県","city":"能美郡川北町","town":"サンコーポラス"}],"1261":[{"pref":"石川県","city":"能美郡川北町","town":"土室"}],"1262":[{"pref":"石川県","city":"能美郡川北町","town":"草深"}],"1263":[{"pref":"石川県","city":"能美郡川北町","town":"下土室"}],"1264":[{"pref":"石川県","city":"能美郡川北町","town":"山田先出"}],"1265":[{"pref":"石川県","city":"能美郡川北町","town":"上先出"}],"1266":[{"pref":"石川県","city":"能美郡川北町","town":"下先出"}],"1267":[{"pref":"石川県","city":"能美郡川北町","town":"壱ツ屋"}],"1268":[{"pref":"石川県","city":"能美郡川北町","town":"与九郎島"}],"1269":[{"pref":"石川県","city":"能美郡川北町","town":"上田子島"}],"1271":[{"pref":"石川県","city":"能美郡川北町","town":"田子島"}],"1272":[{"pref":"石川県","city":"能美郡川北町","town":"下田子島"}],"1273":[{"pref":"石川県","city":"能美郡川北町","town":"舟場島"}],"1274":[{"pref":"石川県","city":"能美郡川北町","town":"木呂場"}],"1275":[{"pref":"石川県","city":"能美郡川北町","town":"木呂場新"}],"1276":[{"pref":"石川県","city":"能美郡川北町","town":"橘"}],"1277":[{"pref":"石川県","city":"能美郡川北町","town":"橘新"}],"1278":[{"pref":"石川県","city":"能美郡川北町","town":"朝日"}],"0000":[{"pref":"石川県","city":"小松市","town":"以下に掲載がない場合"}],"0946":[{"pref":"石川県","city":"小松市","town":"相生町"}],"0967":[{"pref":"石川県","city":"小松市","town":"青路町"}],"0185":[{"pref":"石川県","city":"小松市","town":"赤瀬町"}],"0187":[{"pref":"石川県","city":"小松市","town":"上リ江町"}],"0035":[{"pref":"石川県","city":"小松市","town":"あけぼの町"}],"0953":[{"pref":"石川県","city":"小松市","town":"旭町"}],"0938":[{"pref":"石川県","city":"小松市","town":"芦田町"}],"0995":[{"pref":"石川県","city":"小松市","town":"安宅新町"}],"0003":[{"pref":"石川県","city":"小松市","town":"安宅町"}],"0922":[{"pref":"石川県","city":"小松市","town":"飴屋町"}],"0823":[{"pref":"石川県","city":"小松市","town":"荒木田町"}],"0078":[{"pref":"石川県","city":"小松市","town":"嵐町"},{"pref":"石川県","city":"小松市","town":"中ノ峠町"}],"0032":[{"pref":"石川県","city":"小松市","town":"荒屋町"}],"0864":[{"pref":"石川県","city":"小松市","town":"有明町"}],"0326":[{"pref":"石川県","city":"小松市","town":"粟津温泉"},{"pref":"石川県","city":"小松市","town":"粟津町"}],"0943":[{"pref":"石川県","city":"小松市","town":"育成町"}],"0161":[{"pref":"石川県","city":"小松市","town":"池城町"}],"0901":[{"pref":"石川県","city":"小松市","town":"泉町"}],"0813":[{"pref":"石川県","city":"小松市","town":"糸町"}],"0015":[{"pref":"石川県","city":"小松市","town":"犬丸町"}],"0316":[{"pref":"石川県","city":"小松市","town":"井口町"}],"0964":[{"pref":"石川県","city":"小松市","town":"今江町"}],"0177":[{"pref":"石川県","city":"小松市","town":"岩上町"}],"0073":[{"pref":"石川県","city":"小松市","town":"岩渕町"}],"0063":[{"pref":"石川県","city":"小松市","town":"鵜川町"}],"0908":[{"pref":"石川県","city":"小松市","town":"浮城町"}],"0993":[{"pref":"石川県","city":"小松市","town":"浮柳町"}],"0831":[{"pref":"石川県","city":"小松市","town":"打越町"}],"0184":[{"pref":"石川県","city":"小松市","town":"打木町"}],"0023":[{"pref":"石川県","city":"小松市","town":"梅田町"}],"0812":[{"pref":"石川県","city":"小松市","town":"漆町"},{"pref":"石川県","city":"小松市","town":"金屋町"}],"0155":[{"pref":"石川県","city":"小松市","town":"江指町"}],"0853":[{"pref":"石川県","city":"小松市","town":"扇町"}],"0973":[{"pref":"石川県","city":"小松市","town":"扇原町"}],"0911":[{"pref":"石川県","city":"小松市","town":"大川町"}],"0001":[{"pref":"石川県","city":"小松市","town":"大島町"}],"0186":[{"pref":"石川県","city":"小松市","town":"大杉町"}],"0156":[{"pref":"石川県","city":"小松市","town":"大野町"}],"0861":[{"pref":"石川県","city":"小松市","town":"沖町"}],"0172":[{"pref":"石川県","city":"小松市","town":"尾小屋町"}],"0016":[{"pref":"石川県","city":"小松市","town":"御館町"}],"0054":[{"pref":"石川県","city":"小松市","town":"小野町"}],"0314":[{"pref":"石川県","city":"小松市","town":"おびし町"}],"0805":[{"pref":"石川県","city":"小松市","town":"御宮町"}],"0028":[{"pref":"石川県","city":"小松市","town":"梯町"}],"0341":[{"pref":"石川県","city":"小松市","town":"春日町"}],"0074":[{"pref":"石川県","city":"小松市","town":"桂町"}],"0171":[{"pref":"石川県","city":"小松市","town":"観音下町"}],"0154":[{"pref":"石川県","city":"小松市","town":"金野町"}],"0153":[{"pref":"石川県","city":"小松市","town":"金平町"}],"0331":[{"pref":"石川県","city":"小松市","town":"上荒屋町"}],"0802":[{"pref":"石川県","city":"小松市","town":"上小松町"}],"0935":[{"pref":"石川県","city":"小松市","town":"上寺町"}],"0027":[{"pref":"石川県","city":"小松市","town":"上牧町"}],"0077":[{"pref":"石川県","city":"小松市","town":"上麦口町"}],"0955":[{"pref":"石川県","city":"小松市","town":"上本折町"}],"0051":[{"pref":"石川県","city":"小松市","town":"上八里町"}],"0824":[{"pref":"石川県","city":"小松市","town":"軽海町"}],"0044":[{"pref":"石川県","city":"小松市","town":"川辺町"}],"0991":[{"pref":"石川県","city":"小松市","town":"木曽町"}],"0851":[{"pref":"石川県","city":"小松市","town":"北浅井町"}],"0312":[{"pref":"石川県","city":"小松市","town":"木場台"}],"0311":[{"pref":"石川県","city":"小松市","town":"木場町"}],"0826":[{"pref":"石川県","city":"小松市","town":"希望丘"}],"0918":[{"pref":"石川県","city":"小松市","town":"京町"}],"0996":[{"pref":"石川県","city":"小松市","town":"草野町"}],"0966":[{"pref":"石川県","city":"小松市","town":"串茶屋町"}],"0965":[{"pref":"石川県","city":"小松市","town":"串町"},{"pref":"石川県","city":"小松市","town":"野立町"}],"0994":[{"pref":"石川県","city":"小松市","town":"工業団地"}],"0053":[{"pref":"石川県","city":"小松市","town":"河田町"}],"0822":[{"pref":"石川県","city":"小松市","town":"光陽町"}],"0061":[{"pref":"石川県","city":"小松市","town":"国府台"}],"0152":[{"pref":"石川県","city":"小松市","town":"五国寺町"}],"0002":[{"pref":"石川県","city":"小松市","town":"小島町"}],"0902":[{"pref":"石川県","city":"小松市","town":"古城町"}],"0806":[{"pref":"石川県","city":"小松市","town":"小寺町"}],"0055":[{"pref":"石川県","city":"小松市","town":"古府町"}],"0869":[{"pref":"石川県","city":"小松市","town":"こまつの杜"}],"0315":[{"pref":"石川県","city":"小松市","town":"小山田町"}],"0904":[{"pref":"石川県","city":"小松市","town":"小馬出町"}],"0915":[{"pref":"石川県","city":"小松市","town":"細工町"}],"0916":[{"pref":"石川県","city":"小松市","town":"材木町"}],"0867":[{"pref":"石川県","city":"小松市","town":"幸町"}],"0934":[{"pref":"石川県","city":"小松市","town":"栄町"}],"0942":[{"pref":"石川県","city":"小松市","town":"桜木町"}],"0821":[{"pref":"石川県","city":"小松市","town":"佐々木町"}],"0062":[{"pref":"石川県","city":"小松市","town":"里川町"}],"0984":[{"pref":"石川県","city":"小松市","town":"佐美町"}],"0165":[{"pref":"石川県","city":"小松市","town":"沢町"}],"0844":[{"pref":"石川県","city":"小松市","town":"三谷町"}],"0163":[{"pref":"石川県","city":"小松市","town":"塩原町"}],"0836":[{"pref":"石川県","city":"小松市","town":"鹿町"}],"0905":[{"pref":"石川県","city":"小松市","town":"地子町"},{"pref":"石川県","city":"小松市","town":"鷹匠町"}],"0971":[{"pref":"石川県","city":"小松市","town":"四丁町"}],"0021":[{"pref":"石川県","city":"小松市","town":"島田町"}],"0303":[{"pref":"石川県","city":"小松市","town":"島町"}],"0958":[{"pref":"石川県","city":"小松市","town":"清水町"}],"0304":[{"pref":"石川県","city":"小松市","town":"下粟津町"}],"0026":[{"pref":"石川県","city":"小松市","town":"下牧町"}],"0052":[{"pref":"石川県","city":"小松市","town":"下八里町"}],"0941":[{"pref":"石川県","city":"小松市","town":"城南町"}],"0013":[{"pref":"石川県","city":"小松市","town":"城北町"}],"0151":[{"pref":"石川県","city":"小松市","town":"正蓮寺町"}],"0811":[{"pref":"石川県","city":"小松市","town":"白江町"}],"0866":[{"pref":"石川県","city":"小松市","town":"白嶺町"}],"0814":[{"pref":"石川県","city":"小松市","town":"白松町"}],"0321":[{"pref":"石川県","city":"小松市","town":"白山田町"}],"0914":[{"pref":"石川県","city":"小松市","town":"新鍛冶町"}],"0906":[{"pref":"石川県","city":"小松市","town":"新大工町"}],"0175":[{"pref":"石川県","city":"小松市","town":"新保町"}],"0912":[{"pref":"石川県","city":"小松市","town":"新町"}],"0963":[{"pref":"石川県","city":"小松市","town":"須天町"}],"0945":[{"pref":"石川県","city":"小松市","town":"末広町"}],"0183":[{"pref":"石川県","city":"小松市","town":"瀬領町"}],"0862":[{"pref":"石川県","city":"小松市","town":"清六町"},{"pref":"石川県","city":"小松市","town":"三田町"}],"0834":[{"pref":"石川県","city":"小松市","town":"千木野町"}],"0041":[{"pref":"石川県","city":"小松市","town":"千代町"}],"0801":[{"pref":"石川県","city":"小松市","town":"園町"}],"0931":[{"pref":"石川県","city":"小松市","town":"大文字町"}],"0962":[{"pref":"石川県","city":"小松市","town":"大領中町"}],"0854":[{"pref":"石川県","city":"小松市","town":"大領町"}],"0803":[{"pref":"石川県","city":"小松市","town":"宝町"}],"0031":[{"pref":"石川県","city":"小松市","town":"高堂町"}],"0335":[{"pref":"石川県","city":"小松市","town":"滝ケ原町"}],"0981":[{"pref":"石川県","city":"小松市","town":"拓栄町"}],"0024":[{"pref":"石川県","city":"小松市","town":"茶屋町"}],"0972":[{"pref":"石川県","city":"小松市","town":"月津町"}],"0974":[{"pref":"石川県","city":"小松市","town":"月美丘"}],"0313":[{"pref":"石川県","city":"小松市","town":"津波倉町"}],"0992":[{"pref":"石川県","city":"小松市","town":"鶴ケ島町"}],"0932":[{"pref":"石川県","city":"小松市","town":"寺町"}],"0025":[{"pref":"石川県","city":"小松市","town":"天神町"}],"0921":[{"pref":"石川県","city":"小松市","town":"土居原町"}],"0327":[{"pref":"石川県","city":"小松市","town":"戸津町"}],"0919":[{"pref":"石川県","city":"小松市","town":"殿町"}],"0037":[{"pref":"石川県","city":"小松市","town":"問屋町"}],"0071":[{"pref":"石川県","city":"小松市","town":"中海町"}],"0917":[{"pref":"石川県","city":"小松市","town":"中町"}],"0004":[{"pref":"石川県","city":"小松市","town":"長崎町"}],"0181":[{"pref":"石川県","city":"小松市","town":"長谷町"}],"0034":[{"pref":"石川県","city":"小松市","town":"長田町"}],"0336":[{"pref":"石川県","city":"小松市","town":"那谷町"}],"0328":[{"pref":"石川県","city":"小松市","town":"南陽町"}],"0323":[{"pref":"石川県","city":"小松市","town":"西荒谷町"}],"0825":[{"pref":"石川県","city":"小松市","town":"西軽海町"}],"0948":[{"pref":"石川県","city":"小松市","town":"錦町"}],"0927":[{"pref":"石川県","city":"小松市","town":"西町"}],"0325":[{"pref":"石川県","city":"小松市","town":"西原町"}],"0176":[{"pref":"石川県","city":"小松市","town":"西俣町"}],"0956":[{"pref":"石川県","city":"小松市","town":"西本折町"}],"0977":[{"pref":"石川県","city":"小松市","town":"額見町"}],"0164":[{"pref":"石川県","city":"小松市","town":"布橋町"}],"0033":[{"pref":"石川県","city":"小松市","town":"野田町"}],"0042":[{"pref":"石川県","city":"小松市","town":"能美町"}],"0951":[{"pref":"石川県","city":"小松市","town":"白山町"}],"0182":[{"pref":"石川県","city":"小松市","town":"波佐谷町"}],"0162":[{"pref":"石川県","city":"小松市","town":"波佐羅町"}],"0157":[{"pref":"石川県","city":"小松市","town":"花坂町"}],"0174":[{"pref":"石川県","city":"小松市","town":"花立町"}],"0066":[{"pref":"石川県","city":"小松市","town":"埴田町"}],"0997":[{"pref":"石川県","city":"小松市","town":"浜佐美本町"}],"0985":[{"pref":"石川県","city":"小松市","town":"浜佐美町"}],"0907":[{"pref":"石川県","city":"小松市","town":"浜田町"}],"0344":[{"pref":"石川県","city":"小松市","town":"林町"}],"0075":[{"pref":"石川県","city":"小松市","town":"原町"}],"0333":[{"pref":"石川県","city":"小松市","town":"馬場町"}],"0804":[{"pref":"石川県","city":"小松市","town":"光町"}],"0012":[{"pref":"石川県","city":"小松市","town":"東蛭川町"}],"0923":[{"pref":"石川県","city":"小松市","town":"東町"}],"0842":[{"pref":"石川県","city":"小松市","town":"東山町"}],"0983":[{"pref":"石川県","city":"小松市","town":"日末町"}],"0043":[{"pref":"石川県","city":"小松市","town":"一針町"}],"0868":[{"pref":"石川県","city":"小松市","town":"日の出町"},{"pref":"石川県","city":"小松市","town":"八日市町地方"}],"0324":[{"pref":"石川県","city":"小松市","town":"日用町"}],"0947":[{"pref":"石川県","city":"小松市","town":"日吉町"}],"0036":[{"pref":"石川県","city":"小松市","town":"平面町"}],"0011":[{"pref":"石川県","city":"小松市","town":"蛭川町"}],"0865":[{"pref":"石川県","city":"小松市","town":"福乃宮町"}],"0345":[{"pref":"石川県","city":"小松市","town":"二ツ梨町"}],"0302":[{"pref":"石川県","city":"小松市","town":"符津町"}],"0863":[{"pref":"石川県","city":"小松市","town":"不動島町"}],"0944":[{"pref":"石川県","city":"小松市","town":"古河町"}],"0005":[{"pref":"石川県","city":"小松市","town":"坊丸町"}],"0334":[{"pref":"石川県","city":"小松市","town":"菩提町"}],"0933":[{"pref":"石川県","city":"小松市","town":"本鍛冶町"}],"0841":[{"pref":"石川県","city":"小松市","town":"本江町"}],"0936":[{"pref":"石川県","city":"小松市","town":"本大工町"}],"0937":[{"pref":"石川県","city":"小松市","town":"本町"}],"0322":[{"pref":"石川県","city":"小松市","town":"牧口町"}],"0306":[{"pref":"石川県","city":"小松市","town":"松生町"}],"0166":[{"pref":"石川県","city":"小松市","town":"松岡町"}],"0982":[{"pref":"石川県","city":"小松市","town":"松崎町"}],"0913":[{"pref":"石川県","city":"小松市","town":"松任町"}],"0014":[{"pref":"石川県","city":"小松市","town":"松梨町"}],"0903":[{"pref":"石川県","city":"小松市","town":"丸の内公園町"},{"pref":"石川県","city":"小松市","town":"丸の内町"},{"pref":"石川県","city":"小松市","town":"丸内町"}],"0173":[{"pref":"石川県","city":"小松市","town":"丸山町"}],"0924":[{"pref":"石川県","city":"小松市","town":"三日市町"}],"0072":[{"pref":"石川県","city":"小松市","town":"みどり町"}],"0852":[{"pref":"石川県","city":"小松市","town":"南浅井町"}],"0305":[{"pref":"石川県","city":"小松市","town":"蓑輪町"}],"0022":[{"pref":"石川県","city":"小松市","town":"美原町"}],"0961":[{"pref":"石川県","city":"小松市","town":"向本折町"}],"0076":[{"pref":"石川県","city":"小松市","town":"麦口町"}],"0968":[{"pref":"石川県","city":"小松市","town":"村松町"}],"0957":[{"pref":"石川県","city":"小松市","town":"本折町"}],"0301":[{"pref":"石川県","city":"小松市","town":"矢崎町"}],"0056":[{"pref":"石川県","city":"小松市","town":"八里台"}],"0343":[{"pref":"石川県","city":"小松市","town":"矢沢町"}],"0976":[{"pref":"石川県","city":"小松市","town":"矢田新町"}],"0342":[{"pref":"石川県","city":"小松市","town":"矢田野町"}],"0975":[{"pref":"石川県","city":"小松市","town":"矢田町"}],"0952":[{"pref":"石川県","city":"小松市","town":"大和町"}],"0833":[{"pref":"石川県","city":"小松市","town":"八幡（加賀八幡）"}],"0954":[{"pref":"石川県","city":"小松市","town":"八幡町"}],"0064":[{"pref":"石川県","city":"小松市","town":"遊泉寺町"}],"0332":[{"pref":"石川県","city":"小松市","town":"湯上町"}],"0925":[{"pref":"石川県","city":"小松市","town":"八日市町"}],"0835":[{"pref":"石川県","city":"小松市","town":"吉竹町"}],"0998":[{"pref":"石川県","city":"小松市","town":"義仲町"}],"0926":[{"pref":"石川県","city":"小松市","town":"龍助町"}],"0065":[{"pref":"石川県","city":"小松市","town":"立明寺町"}],"0843":[{"pref":"石川県","city":"小松市","town":"蓮代寺町"}],"0832":[{"pref":"石川県","city":"小松市","town":"若杉町"}]}