{"0000":[{"pref":"長野県","city":"千曲市","town":"以下に掲載がない場合"}],"0001":[{"pref":"長野県","city":"千曲市","town":"雨宮"}],"0006":[{"pref":"長野県","city":"千曲市","town":"粟佐"}],"0003":[{"pref":"長野県","city":"千曲市","town":"生萱"}],"0021":[{"pref":"長野県","city":"千曲市","town":"稲荷山"}],"0015":[{"pref":"長野県","city":"千曲市","town":"鋳物師屋"}],"0014":[{"pref":"長野県","city":"千曲市","town":"打沢"}],"0013":[{"pref":"長野県","city":"千曲市","town":"小島"}],"0011":[{"pref":"長野県","city":"千曲市","town":"杭瀬下"}],"0004":[{"pref":"長野県","city":"千曲市","town":"倉科"}],"0024":[{"pref":"長野県","city":"千曲市","town":"桑原"}],"0012":[{"pref":"長野県","city":"千曲市","town":"桜堂"}],"0016":[{"pref":"長野県","city":"千曲市","town":"寂蒔"}],"0018":[{"pref":"長野県","city":"千曲市","town":"新田"}],"0002":[{"pref":"長野県","city":"千曲市","town":"土口"}],"0017":[{"pref":"長野県","city":"千曲市","town":"中"}],"0022":[{"pref":"長野県","city":"千曲市","town":"野高場"}],"0005":[{"pref":"長野県","city":"千曲市","town":"森"}],"0007":[{"pref":"長野県","city":"千曲市","town":"屋代"}],"0023":[{"pref":"長野県","city":"千曲市","town":"八幡"}]}