{"1001":[{"pref":"北海道","city":"標津郡中標津町","town":"東１条南"}],"1002":[{"pref":"北海道","city":"標津郡中標津町","town":"東２条南"}],"1003":[{"pref":"北海道","city":"標津郡中標津町","town":"東３条南"}],"1004":[{"pref":"北海道","city":"標津郡中標津町","town":"東４条南"}],"1005":[{"pref":"北海道","city":"標津郡中標津町","town":"東５条南"}],"1006":[{"pref":"北海道","city":"標津郡中標津町","town":"東６条南"}],"1007":[{"pref":"北海道","city":"標津郡中標津町","town":"東７条南"}],"1008":[{"pref":"北海道","city":"標津郡中標津町","town":"東８条南"}],"1009":[{"pref":"北海道","city":"標津郡中標津町","town":"東９条南"}],"1010":[{"pref":"北海道","city":"標津郡中標津町","town":"東１０条南"}],"1011":[{"pref":"北海道","city":"標津郡中標津町","town":"東１１条南"}],"1012":[{"pref":"北海道","city":"標津郡中標津町","town":"東１２条南"}],"1013":[{"pref":"北海道","city":"標津郡中標津町","town":"東１３条南"}],"1014":[{"pref":"北海道","city":"標津郡中標津町","town":"東１４条南"}],"1015":[{"pref":"北海道","city":"標津郡中標津町","town":"東１５条南"}],"1016":[{"pref":"北海道","city":"標津郡中標津町","town":"東１６条南"}],"1017":[{"pref":"北海道","city":"標津郡中標津町","town":"東１７条南"}],"1018":[{"pref":"北海道","city":"標津郡中標津町","town":"東１８条南"}],"1019":[{"pref":"北海道","city":"標津郡中標津町","town":"東１９条南"}],"1020":[{"pref":"北海道","city":"標津郡中標津町","town":"東２０条南"}],"1021":[{"pref":"北海道","city":"標津郡中標津町","town":"東２１条南"}],"1022":[{"pref":"北海道","city":"標津郡中標津町","town":"東２２条南"}],"1023":[{"pref":"北海道","city":"標津郡中標津町","town":"東２３条南"}],"1024":[{"pref":"北海道","city":"標津郡中標津町","town":"東２４条南"}],"1025":[{"pref":"北海道","city":"標津郡中標津町","town":"東２５条南"}],"1026":[{"pref":"北海道","city":"標津郡中標津町","town":"東２６条南"}],"1027":[{"pref":"北海道","city":"標津郡中標津町","town":"東２７条南"}],"1028":[{"pref":"北海道","city":"標津郡中標津町","town":"東２８条南"}],"1029":[{"pref":"北海道","city":"標津郡中標津町","town":"東２９条南"}],"1030":[{"pref":"北海道","city":"標津郡中標津町","town":"東３０条南"}],"1031":[{"pref":"北海道","city":"標津郡中標津町","town":"東３１条南"}],"1032":[{"pref":"北海道","city":"標津郡中標津町","town":"東３２条南"}],"1033":[{"pref":"北海道","city":"標津郡中標津町","town":"東３３条南"}],"1034":[{"pref":"北海道","city":"標津郡中標津町","town":"東３４条南"}],"1035":[{"pref":"北海道","city":"標津郡中標津町","town":"東３５条南"}],"1036":[{"pref":"北海道","city":"標津郡中標津町","town":"東３６条南"}],"1037":[{"pref":"北海道","city":"標津郡中標津町","town":"東３７条南"}],"1038":[{"pref":"北海道","city":"標津郡中標津町","town":"東３８条南"}],"1039":[{"pref":"北海道","city":"標津郡中標津町","town":"東３９条南"}],"1041":[{"pref":"北海道","city":"標津郡中標津町","town":"東１条北"}],"1042":[{"pref":"北海道","city":"標津郡中標津町","town":"東２条北"}],"1043":[{"pref":"北海道","city":"標津郡中標津町","town":"東３条北"}],"1044":[{"pref":"北海道","city":"標津郡中標津町","town":"東４条北"}],"1045":[{"pref":"北海道","city":"標津郡中標津町","town":"東５条北"}],"1046":[{"pref":"北海道","city":"標津郡中標津町","town":"東６条北"}],"1047":[{"pref":"北海道","city":"標津郡中標津町","town":"東７条北"}],"1048":[{"pref":"北海道","city":"標津郡中標津町","town":"東８条北"}],"1049":[{"pref":"北海道","city":"標津郡中標津町","town":"東９条北"}],"1050":[{"pref":"北海道","city":"標津郡中標津町","town":"東１０条北"}],"1051":[{"pref":"北海道","city":"標津郡中標津町","town":"東１１条北"}],"1052":[{"pref":"北海道","city":"標津郡中標津町","town":"東１２条北"}],"1053":[{"pref":"北海道","city":"標津郡中標津町","town":"東１３条北"}],"1054":[{"pref":"北海道","city":"標津郡中標津町","town":"東１４条北"}],"1055":[{"pref":"北海道","city":"標津郡中標津町","town":"東１５条北"}],"1056":[{"pref":"北海道","city":"標津郡中標津町","town":"東１６条北"}],"1057":[{"pref":"北海道","city":"標津郡中標津町","town":"東１７条北"}],"1058":[{"pref":"北海道","city":"標津郡中標津町","town":"東１８条北"}],"1059":[{"pref":"北海道","city":"標津郡中標津町","town":"東１９条北"}],"1060":[{"pref":"北海道","city":"標津郡中標津町","town":"東２０条北"}],"1061":[{"pref":"北海道","city":"標津郡中標津町","town":"東２１条北"}],"1062":[{"pref":"北海道","city":"標津郡中標津町","town":"東２２条北"}],"1063":[{"pref":"北海道","city":"標津郡中標津町","town":"東２３条北"}],"1064":[{"pref":"北海道","city":"標津郡中標津町","town":"東２４条北"}],"1065":[{"pref":"北海道","city":"標津郡中標津町","town":"東２５条北"}],"1066":[{"pref":"北海道","city":"標津郡中標津町","town":"東２６条北"}],"1067":[{"pref":"北海道","city":"標津郡中標津町","town":"東２７条北"}],"1068":[{"pref":"北海道","city":"標津郡中標津町","town":"東２８条北"}],"1069":[{"pref":"北海道","city":"標津郡中標津町","town":"東２９条北"}],"1070":[{"pref":"北海道","city":"標津郡中標津町","town":"東３０条北"}],"1071":[{"pref":"北海道","city":"標津郡中標津町","town":"東３１条北"}],"1072":[{"pref":"北海道","city":"標津郡中標津町","town":"東３２条北"}],"1073":[{"pref":"北海道","city":"標津郡中標津町","town":"東３３条北"}],"1074":[{"pref":"北海道","city":"標津郡中標津町","town":"東３４条北"}],"1075":[{"pref":"北海道","city":"標津郡中標津町","town":"東３５条北"}],"1076":[{"pref":"北海道","city":"標津郡中標津町","town":"東３６条北"}],"1077":[{"pref":"北海道","city":"標津郡中標津町","town":"東３７条北"}],"1078":[{"pref":"北海道","city":"標津郡中標津町","town":"東３８条北"}],"1079":[{"pref":"北海道","city":"標津郡中標津町","town":"東３９条北"}],"1080":[{"pref":"北海道","city":"標津郡中標津町","town":"東４０条南"},{"pref":"北海道","city":"標津郡中標津町","town":"東４０条北"}],"1081":[{"pref":"北海道","city":"標津郡中標津町","town":"東４１条南"},{"pref":"北海道","city":"標津郡中標津町","town":"東４１条北"}],"1082":[{"pref":"北海道","city":"標津郡中標津町","town":"東４２条南"},{"pref":"北海道","city":"標津郡中標津町","town":"東４２条北"}],"1083":[{"pref":"北海道","city":"標津郡中標津町","town":"東中"}],"1100":[{"pref":"北海道","city":"標津郡中標津町","town":"以下に掲載がない場合"}],"1101":[{"pref":"北海道","city":"標津郡中標津町","town":"西１条南"}],"1102":[{"pref":"北海道","city":"標津郡中標津町","town":"西２条南"}],"1103":[{"pref":"北海道","city":"標津郡中標津町","town":"西３条南"}],"1104":[{"pref":"北海道","city":"標津郡中標津町","town":"西４条南"}],"1105":[{"pref":"北海道","city":"標津郡中標津町","town":"西５条南"}],"1106":[{"pref":"北海道","city":"標津郡中標津町","town":"西６条南"}],"1107":[{"pref":"北海道","city":"標津郡中標津町","town":"西７条南"}],"1108":[{"pref":"北海道","city":"標津郡中標津町","town":"西８条南"}],"1109":[{"pref":"北海道","city":"標津郡中標津町","town":"西９条南"}],"1110":[{"pref":"北海道","city":"標津郡中標津町","town":"西１０条南"}],"1111":[{"pref":"北海道","city":"標津郡中標津町","town":"西１１条南"}],"1112":[{"pref":"北海道","city":"標津郡中標津町","town":"西１２条南"}],"1121":[{"pref":"北海道","city":"標津郡中標津町","town":"西１条北"}],"1122":[{"pref":"北海道","city":"標津郡中標津町","town":"西２条北"}],"1123":[{"pref":"北海道","city":"標津郡中標津町","town":"西３条北"}],"1124":[{"pref":"北海道","city":"標津郡中標津町","town":"西４条北"}],"1125":[{"pref":"北海道","city":"標津郡中標津町","town":"西５条北"}],"1126":[{"pref":"北海道","city":"標津郡中標津町","town":"西６条北"}],"1127":[{"pref":"北海道","city":"標津郡中標津町","town":"西７条北"}],"1128":[{"pref":"北海道","city":"標津郡中標津町","town":"西８条北"}],"1129":[{"pref":"北海道","city":"標津郡中標津町","town":"西９条北"}],"1130":[{"pref":"北海道","city":"標津郡中標津町","town":"西１０条北"}],"1131":[{"pref":"北海道","city":"標津郡中標津町","town":"西１１条北"}],"1132":[{"pref":"北海道","city":"標津郡中標津町","town":"西１２条北"}],"1133":[{"pref":"北海道","city":"標津郡中標津町","town":"西１３条北"}],"1134":[{"pref":"北海道","city":"標津郡中標津町","town":"西１４条北"}],"1135":[{"pref":"北海道","city":"標津郡中標津町","town":"旭ケ丘"}],"1136":[{"pref":"北海道","city":"標津郡中標津町","town":"協和"}],"1137":[{"pref":"北海道","city":"標津郡中標津町","town":"俵橋"}],"1139":[{"pref":"北海道","city":"標津郡中標津町","town":"豊岡"}],"1141":[{"pref":"北海道","city":"標津郡中標津町","town":"大通北"}],"1142":[{"pref":"北海道","city":"標津郡中標津町","town":"大通南"}],"1143":[{"pref":"北海道","city":"標津郡中標津町","town":"当幌本通"}],"1144":[{"pref":"北海道","city":"標津郡中標津町","town":"東当幌"}],"1145":[{"pref":"北海道","city":"標津郡中標津町","town":"北中"}],"1146":[{"pref":"北海道","city":"標津郡中標津町","town":"南町"}],"1147":[{"pref":"北海道","city":"標津郡中標津町","town":"共立"}],"1148":[{"pref":"北海道","city":"標津郡中標津町","town":"緑ケ丘"}],"1150":[{"pref":"北海道","city":"標津郡中標津町","town":"南中"}],"1151":[{"pref":"北海道","city":"標津郡中標津町","town":"川西"}],"1152":[{"pref":"北海道","city":"標津郡中標津町","town":"北町"}],"1153":[{"pref":"北海道","city":"標津郡中標津町","town":"桜ケ丘"}],"1156":[{"pref":"北海道","city":"標津郡中標津町","town":"並美ケ丘"}],"1157":[{"pref":"北海道","city":"標津郡中標津町","town":"西町"}],"1159":[{"pref":"北海道","city":"標津郡中標津町","town":"青葉台"}],"1160":[{"pref":"北海道","city":"標津郡中標津町","town":"りんどう町"}],"1163":[{"pref":"北海道","city":"標津郡中標津町","town":"俵中"}],"1164":[{"pref":"北海道","city":"標津郡中標津町","town":"丸山"}],"1165":[{"pref":"北海道","city":"標津郡中標津町","town":"緑町北"}],"1166":[{"pref":"北海道","city":"標津郡中標津町","town":"緑町南"}],"1271":[{"pref":"北海道","city":"標津郡中標津町","town":"武佐"}],"1272":[{"pref":"北海道","city":"標津郡中標津町","town":"開陽"}],"1273":[{"pref":"北海道","city":"標津郡中標津町","town":"俣落（その他）"}],"1451":[{"pref":"北海道","city":"標津郡標津町","town":"川北"}],"1600":[{"pref":"北海道","city":"標津郡標津町","town":"以下に掲載がない場合"}],"1601":[{"pref":"北海道","city":"標津郡標津町","town":"忠類"}],"1602":[{"pref":"北海道","city":"標津郡標津町","town":"伊茶仁"}],"1621":[{"pref":"北海道","city":"標津郡標津町","town":"茶志骨（パイロット）"}],"1622":[{"pref":"北海道","city":"標津郡標津町","town":"茶志骨"}],"1623":[{"pref":"北海道","city":"標津郡標津町","town":"茶志骨（東茶志骨）"}],"1625":[{"pref":"北海道","city":"標津郡標津町","town":"茶志骨（住吉町）"}],"1626":[{"pref":"北海道","city":"標津郡標津町","town":"茶志骨（東浜町）"}],"1630":[{"pref":"北海道","city":"標津郡標津町","town":"北十条"}],"1631":[{"pref":"北海道","city":"標津郡標津町","town":"北一条"}],"1632":[{"pref":"北海道","city":"標津郡標津町","town":"北二条"}],"1633":[{"pref":"北海道","city":"標津郡標津町","town":"北三条"}],"1634":[{"pref":"北海道","city":"標津郡標津町","town":"北四条"}],"1635":[{"pref":"北海道","city":"標津郡標津町","town":"北五条"}],"1636":[{"pref":"北海道","city":"標津郡標津町","town":"北六条"}],"1637":[{"pref":"北海道","city":"標津郡標津町","town":"北七条"}],"1638":[{"pref":"北海道","city":"標津郡標津町","town":"北八条"}],"1639":[{"pref":"北海道","city":"標津郡標津町","town":"北九条"}],"1641":[{"pref":"北海道","city":"野付郡別海町","town":"尾岱沼"}],"1642":[{"pref":"北海道","city":"野付郡別海町","town":"尾岱沼岬町"}],"1643":[{"pref":"北海道","city":"野付郡別海町","town":"尾岱沼港町"}],"1644":[{"pref":"北海道","city":"野付郡別海町","town":"尾岱沼潮見町"}],"1645":[{"pref":"北海道","city":"野付郡別海町","town":"野付"}],"1651":[{"pref":"北海道","city":"標津郡標津町","town":"南一条"}],"1652":[{"pref":"北海道","city":"標津郡標津町","town":"南二条"}],"1653":[{"pref":"北海道","city":"標津郡標津町","town":"南三条"}],"1654":[{"pref":"北海道","city":"標津郡標津町","town":"南四条"}],"1655":[{"pref":"北海道","city":"標津郡標津町","town":"南五条"}],"1656":[{"pref":"北海道","city":"標津郡標津町","town":"南六条"}],"1657":[{"pref":"北海道","city":"標津郡標津町","town":"南七条"}],"1658":[{"pref":"北海道","city":"標津郡標津町","town":"南八条"}],"1731":[{"pref":"北海道","city":"標津郡標津町","town":"古多糠"}],"1732":[{"pref":"北海道","city":"標津郡標津町","town":"薫別"}],"1733":[{"pref":"北海道","city":"標津郡標津町","town":"崎無異"}],"1751":[{"pref":"北海道","city":"目梨郡羅臼町","town":"峯浜町"}],"1752":[{"pref":"北海道","city":"目梨郡羅臼町","town":"幌萌町（その他）"}],"1800":[{"pref":"北海道","city":"目梨郡羅臼町","town":"以下に掲載がない場合"}],"1801":[{"pref":"北海道","city":"目梨郡羅臼町","town":"知床岬"}],"1802":[{"pref":"北海道","city":"目梨郡羅臼町","town":"滝ノ下"}],"1803":[{"pref":"北海道","city":"目梨郡羅臼町","town":"船泊"}],"1804":[{"pref":"北海道","city":"目梨郡羅臼町","town":"化石浜"}],"1805":[{"pref":"北海道","city":"目梨郡羅臼町","town":"崩浜"}],"1806":[{"pref":"北海道","city":"目梨郡羅臼町","town":"相泊"}],"1811":[{"pref":"北海道","city":"目梨郡羅臼町","town":"瀬石"}],"1812":[{"pref":"北海道","city":"目梨郡羅臼町","town":"昆布浜"}],"1813":[{"pref":"北海道","city":"目梨郡羅臼町","town":"北浜"}],"1814":[{"pref":"北海道","city":"目梨郡羅臼町","town":"岬町"}],"1815":[{"pref":"北海道","city":"目梨郡羅臼町","town":"海岸町"}],"1816":[{"pref":"北海道","city":"目梨郡羅臼町","town":"共栄町"}],"1821":[{"pref":"北海道","city":"目梨郡羅臼町","town":"緑町"}],"1822":[{"pref":"北海道","city":"目梨郡羅臼町","town":"湯ノ沢町"}],"1823":[{"pref":"北海道","city":"目梨郡羅臼町","town":"栄町"}],"1831":[{"pref":"北海道","city":"目梨郡羅臼町","town":"富士見町"}],"1832":[{"pref":"北海道","city":"目梨郡羅臼町","town":"船見町"}],"1833":[{"pref":"北海道","city":"目梨郡羅臼町","town":"本町"}],"1834":[{"pref":"北海道","city":"目梨郡羅臼町","town":"礼文町"}],"1835":[{"pref":"北海道","city":"目梨郡羅臼町","town":"松法町"}],"1836":[{"pref":"北海道","city":"目梨郡羅臼町","town":"知昭町"}],"1841":[{"pref":"北海道","city":"目梨郡羅臼町","town":"八木浜町"}],"1842":[{"pref":"北海道","city":"目梨郡羅臼町","town":"麻布町"}],"1843":[{"pref":"北海道","city":"目梨郡羅臼町","town":"春日町"}],"1844":[{"pref":"北海道","city":"目梨郡羅臼町","town":"幌萌町（４０－１、６２３番地）"}],"0061":[{"pref":"北海道","city":"根室市","town":"明郷"}],"0064":[{"pref":"北海道","city":"根室市","town":"厚床"}],"0072":[{"pref":"北海道","city":"根室市","town":"川口"}],"0062":[{"pref":"北海道","city":"根室市","town":"湖南"}],"0074":[{"pref":"北海道","city":"根室市","town":"東梅"}],"0065":[{"pref":"北海道","city":"根室市","town":"西厚床"}],"0076":[{"pref":"北海道","city":"根室市","town":"初田牛"}],"0063":[{"pref":"北海道","city":"根室市","town":"東厚床"}],"0075":[{"pref":"北海道","city":"根室市","town":"別当賀"}],"0071":[{"pref":"北海道","city":"根室市","town":"槍昔"}],"0073":[{"pref":"北海道","city":"根室市","town":"酪陽"}],"0081":[{"pref":"北海道","city":"厚岸郡浜中町","town":"厚陽"}],"0200":[{"pref":"北海道","city":"野付郡別海町","town":"以下に掲載がない場合"}],"0213":[{"pref":"北海道","city":"野付郡別海町","town":"奥行"}],"0131":[{"pref":"北海道","city":"野付郡別海町","town":"上風連"}],"0655":[{"pref":"北海道","city":"野付郡別海町","town":"床丹（１番地）"}],"0521":[{"pref":"北海道","city":"野付郡別海町","town":"床丹（その他）"}],"0657":[{"pref":"北海道","city":"野付郡別海町","town":"豊原"}],"0654":[{"pref":"北海道","city":"野付郡別海町","town":"中春別"}],"0653":[{"pref":"北海道","city":"野付郡別海町","town":"中春別西町"}],"0651":[{"pref":"北海道","city":"野付郡別海町","town":"中春別東町"}],"0652":[{"pref":"北海道","city":"野付郡別海町","town":"中春別南町"}],"0345":[{"pref":"北海道","city":"野付郡別海町","town":"中西別"}],"0342":[{"pref":"北海道","city":"野付郡別海町","town":"中西別朝日町"}],"0343":[{"pref":"北海道","city":"野付郡別海町","town":"中西別光町"}],"0344":[{"pref":"北海道","city":"野付郡別海町","town":"中西別本町"}],"0341":[{"pref":"北海道","city":"野付郡別海町","town":"中西別緑町"}],"0523":[{"pref":"北海道","city":"野付郡別海町","town":"走古丹"}],"0216":[{"pref":"北海道","city":"野付郡別海町","town":"別海"}],"0202":[{"pref":"北海道","city":"野付郡別海町","town":"別海旭町"}],"0215":[{"pref":"北海道","city":"野付郡別海町","town":"別海川上町"}],"0211":[{"pref":"北海道","city":"野付郡別海町","town":"別海寿町"}],"0204":[{"pref":"北海道","city":"野付郡別海町","town":"別海新栄町"}],"0212":[{"pref":"北海道","city":"野付郡別海町","town":"別海鶴舞町"}],"0205":[{"pref":"北海道","city":"野付郡別海町","town":"別海常盤町"}],"0203":[{"pref":"北海道","city":"野付郡別海町","town":"別海西本町"}],"0214":[{"pref":"北海道","city":"野付郡別海町","town":"別海緑町"}],"0201":[{"pref":"北海道","city":"野付郡別海町","town":"別海宮舞町"}],"0522":[{"pref":"北海道","city":"野付郡別海町","town":"本別海"}],"0656":[{"pref":"北海道","city":"野付郡別海町","town":"美原"}],"0346":[{"pref":"北海道","city":"野付郡別海町","town":"矢臼別（その他）"}]}