{"1001":[{"pref":"奈良県","city":"大和郡山市","town":"九条町"}],"1002":[{"pref":"奈良県","city":"大和郡山市","town":"九条平野町"}],"1003":[{"pref":"奈良県","city":"大和郡山市","town":"代官町"}],"1004":[{"pref":"奈良県","city":"大和郡山市","town":"城北町"}],"1005":[{"pref":"奈良県","city":"大和郡山市","town":"植槻町"}],"1006":[{"pref":"奈良県","city":"大和郡山市","town":"天理町"}],"1007":[{"pref":"奈良県","city":"大和郡山市","town":"南郡山町"}],"1008":[{"pref":"奈良県","city":"大和郡山市","town":"城の台町"}],"1011":[{"pref":"奈良県","city":"大和郡山市","town":"城内町"}],"1012":[{"pref":"奈良県","city":"大和郡山市","town":"城見町"}],"1013":[{"pref":"奈良県","city":"大和郡山市","town":"朝日町"}],"1014":[{"pref":"奈良県","city":"大和郡山市","town":"西岡町"}],"1015":[{"pref":"奈良県","city":"大和郡山市","town":"箕山町"}],"1016":[{"pref":"奈良県","city":"大和郡山市","town":"城南町"}],"1017":[{"pref":"奈良県","city":"大和郡山市","town":"藤原町"}],"1018":[{"pref":"奈良県","city":"大和郡山市","town":"冠山町"}],"1019":[{"pref":"奈良県","city":"大和郡山市","town":"永慶寺町"}],"1021":[{"pref":"奈良県","city":"大和郡山市","town":"新木町"}],"1022":[{"pref":"奈良県","city":"大和郡山市","town":"豊浦町"}],"1023":[{"pref":"奈良県","city":"大和郡山市","town":"小南町"}],"1024":[{"pref":"奈良県","city":"大和郡山市","town":"南井町"}],"1025":[{"pref":"奈良県","city":"大和郡山市","town":"北西町"}],"1026":[{"pref":"奈良県","city":"大和郡山市","town":"小林町"}],"1027":[{"pref":"奈良県","city":"大和郡山市","town":"池之内町"}],"1028":[{"pref":"奈良県","city":"大和郡山市","town":"田中町"}],"1031":[{"pref":"奈良県","city":"大和郡山市","town":"今国府町"}],"1032":[{"pref":"奈良県","city":"大和郡山市","town":"池沢町"}],"1033":[{"pref":"奈良県","city":"大和郡山市","town":"昭和町"}],"1034":[{"pref":"奈良県","city":"大和郡山市","town":"柏木町"}],"1035":[{"pref":"奈良県","city":"大和郡山市","town":"額田部南町"}],"1036":[{"pref":"奈良県","city":"大和郡山市","town":"額田部寺町"}],"1037":[{"pref":"奈良県","city":"大和郡山市","town":"額田部北町"}],"1038":[{"pref":"奈良県","city":"大和郡山市","town":"西町"}],"1039":[{"pref":"奈良県","city":"大和郡山市","town":"椎木町"}],"1041":[{"pref":"奈良県","city":"大和郡山市","town":"満願寺町"}],"1042":[{"pref":"奈良県","city":"大和郡山市","town":"小泉町"}],"1043":[{"pref":"奈良県","city":"大和郡山市","town":"西田中町"}],"1044":[{"pref":"奈良県","city":"大和郡山市","town":"小泉町東"}],"1045":[{"pref":"奈良県","city":"大和郡山市","town":"小林町西"}],"1051":[{"pref":"奈良県","city":"大和郡山市","town":"城町"}],"1052":[{"pref":"奈良県","city":"大和郡山市","town":"外川町"}],"1053":[{"pref":"奈良県","city":"大和郡山市","town":"千日町"}],"1054":[{"pref":"奈良県","city":"大和郡山市","town":"新町"}],"1055":[{"pref":"奈良県","city":"大和郡山市","town":"矢田山町"}],"1056":[{"pref":"奈良県","city":"大和郡山市","town":"泉原町"}],"1057":[{"pref":"奈良県","city":"大和郡山市","town":"山田町"}],"1058":[{"pref":"奈良県","city":"大和郡山市","town":"矢田町"}],"1061":[{"pref":"奈良県","city":"生駒郡安堵町","town":"東安堵"}],"1062":[{"pref":"奈良県","city":"生駒郡安堵町","town":"岡崎"}],"1063":[{"pref":"奈良県","city":"生駒郡安堵町","town":"かしの木台"}],"1064":[{"pref":"奈良県","city":"生駒郡安堵町","town":"窪田"}],"1065":[{"pref":"奈良県","city":"生駒郡安堵町","town":"笠目"}],"1066":[{"pref":"奈良県","city":"生駒郡安堵町","town":"西安堵"}],"1100":[{"pref":"奈良県","city":"大和郡山市","town":"以下に掲載がない場合"},{"pref":"奈良県","city":"生駒郡安堵町","town":"以下に掲載がない場合"}],"1101":[{"pref":"奈良県","city":"大和郡山市","town":"下三橋町"}],"1102":[{"pref":"奈良県","city":"大和郡山市","town":"上三橋町"}],"1103":[{"pref":"奈良県","city":"大和郡山市","town":"美濃庄町"}],"1104":[{"pref":"奈良県","city":"大和郡山市","town":"井戸野町"}],"1105":[{"pref":"奈良県","city":"大和郡山市","town":"番匠田中町"}],"1106":[{"pref":"奈良県","city":"大和郡山市","town":"大江町"}],"1107":[{"pref":"奈良県","city":"大和郡山市","town":"若槻町"}],"1108":[{"pref":"奈良県","city":"大和郡山市","town":"稗田町"}],"1111":[{"pref":"奈良県","city":"大和郡山市","town":"石川町"}],"1112":[{"pref":"奈良県","city":"大和郡山市","town":"白土町"}],"1113":[{"pref":"奈良県","city":"大和郡山市","town":"櫟枝町"}],"1114":[{"pref":"奈良県","city":"大和郡山市","town":"新庄町"}],"1115":[{"pref":"奈良県","city":"大和郡山市","town":"横田町"}],"1116":[{"pref":"奈良県","city":"大和郡山市","town":"伊豆七条町"}],"1117":[{"pref":"奈良県","city":"大和郡山市","town":"番条町"}],"1118":[{"pref":"奈良県","city":"大和郡山市","town":"中城町"}],"1119":[{"pref":"奈良県","city":"大和郡山市","town":"発志院町"}],"1121":[{"pref":"奈良県","city":"大和郡山市","town":"杉町"}],"1122":[{"pref":"奈良県","city":"大和郡山市","town":"丹後庄町"}],"1123":[{"pref":"奈良県","city":"大和郡山市","town":"筒井町"}],"1124":[{"pref":"奈良県","city":"大和郡山市","town":"馬司町"}],"1125":[{"pref":"奈良県","city":"大和郡山市","town":"八条町"}],"1126":[{"pref":"奈良県","city":"大和郡山市","town":"宮堂町"}],"1127":[{"pref":"奈良県","city":"大和郡山市","town":"長安寺町"}],"1131":[{"pref":"奈良県","city":"大和郡山市","town":"野垣内町"}],"1132":[{"pref":"奈良県","city":"大和郡山市","town":"高田町"}],"1133":[{"pref":"奈良県","city":"大和郡山市","town":"高田口町"}],"1134":[{"pref":"奈良県","city":"大和郡山市","town":"柳（町）"}],"1135":[{"pref":"奈良県","city":"大和郡山市","town":"天井町"}],"1136":[{"pref":"奈良県","city":"大和郡山市","town":"本庄町"}],"1137":[{"pref":"奈良県","city":"大和郡山市","town":"東岡町"}],"1138":[{"pref":"奈良県","city":"大和郡山市","town":"大宮町"}],"1141":[{"pref":"奈良県","city":"大和郡山市","town":"材木町"}],"1142":[{"pref":"奈良県","city":"大和郡山市","town":"矢田町通"}],"1143":[{"pref":"奈良県","city":"大和郡山市","town":"新紺屋町"}],"1144":[{"pref":"奈良県","city":"大和郡山市","town":"洞泉寺町"}],"1145":[{"pref":"奈良県","city":"大和郡山市","town":"南大工町"}],"1146":[{"pref":"奈良県","city":"大和郡山市","town":"北大工町"}],"1147":[{"pref":"奈良県","city":"大和郡山市","town":"車町"}],"1148":[{"pref":"奈良県","city":"大和郡山市","town":"紺屋町"}],"1149":[{"pref":"奈良県","city":"大和郡山市","town":"豆腐町"}],"1150":[{"pref":"奈良県","city":"大和郡山市","town":"雑穀町"}],"1151":[{"pref":"奈良県","city":"大和郡山市","town":"本町"}],"1152":[{"pref":"奈良県","city":"大和郡山市","town":"茶町"}],"1153":[{"pref":"奈良県","city":"大和郡山市","town":"西野垣内町"}],"1154":[{"pref":"奈良県","city":"大和郡山市","town":"綿町"}],"1155":[{"pref":"奈良県","city":"大和郡山市","town":"今井町"}],"1156":[{"pref":"奈良県","city":"大和郡山市","town":"堺町"}],"1157":[{"pref":"奈良県","city":"大和郡山市","town":"新中町"}],"1158":[{"pref":"奈良県","city":"大和郡山市","town":"藺町"}],"1159":[{"pref":"奈良県","city":"大和郡山市","town":"奈良町"}],"1160":[{"pref":"奈良県","city":"大和郡山市","town":"北郡山町"}],"1161":[{"pref":"奈良県","city":"大和郡山市","town":"観音寺町"}],"1162":[{"pref":"奈良県","city":"大和郡山市","town":"東奈良口町"}],"1163":[{"pref":"奈良県","city":"大和郡山市","town":"西奈良口町"}],"1164":[{"pref":"奈良県","city":"大和郡山市","town":"西観音寺町"}],"1165":[{"pref":"奈良県","city":"大和郡山市","town":"北鍛冶町"}],"1166":[{"pref":"奈良県","city":"大和郡山市","town":"中鍛冶町"}],"1167":[{"pref":"奈良県","city":"大和郡山市","town":"南鍛冶町"}],"1168":[{"pref":"奈良県","city":"大和郡山市","town":"魚町"}],"1169":[{"pref":"奈良県","city":"大和郡山市","town":"塩町"}],"2100":[{"pref":"奈良県","city":"葛城市","town":"以下に掲載がない場合"}],"2101":[{"pref":"奈良県","city":"葛城市","town":"疋田"}],"2102":[{"pref":"奈良県","city":"葛城市","town":"東室"}],"2103":[{"pref":"奈良県","city":"葛城市","town":"西室"}],"2111":[{"pref":"奈良県","city":"葛城市","town":"柿本"}],"2112":[{"pref":"奈良県","city":"葛城市","town":"笛堂"}],"2113":[{"pref":"奈良県","city":"葛城市","town":"北花内"}],"2121":[{"pref":"奈良県","city":"葛城市","town":"新村"}],"2122":[{"pref":"奈良県","city":"葛城市","town":"薑"}],"2123":[{"pref":"奈良県","city":"葛城市","town":"忍海"},{"pref":"奈良県","city":"葛城市","town":"南新町"}],"2124":[{"pref":"奈良県","city":"葛城市","town":"脇田"}],"2125":[{"pref":"奈良県","city":"葛城市","town":"西辻"}],"2126":[{"pref":"奈良県","city":"葛城市","town":"南花内"}],"2127":[{"pref":"奈良県","city":"葛城市","town":"新町"}],"2131":[{"pref":"奈良県","city":"葛城市","town":"林堂"}],"2132":[{"pref":"奈良県","city":"葛城市","town":"笛吹"}],"2133":[{"pref":"奈良県","city":"葛城市","town":"梅室"}],"2134":[{"pref":"奈良県","city":"葛城市","town":"山口"}],"2135":[{"pref":"奈良県","city":"葛城市","town":"寺口"}],"2136":[{"pref":"奈良県","city":"葛城市","town":"平岡"}],"2137":[{"pref":"奈良県","city":"葛城市","town":"南藤井"}],"2138":[{"pref":"奈良県","city":"葛城市","town":"山田"}],"2141":[{"pref":"奈良県","city":"葛城市","town":"弁之庄"}],"2142":[{"pref":"奈良県","city":"葛城市","town":"北道穂"}],"2143":[{"pref":"奈良県","city":"葛城市","town":"南道穂"}],"2144":[{"pref":"奈良県","city":"葛城市","town":"葛木"}],"2145":[{"pref":"奈良県","city":"葛城市","town":"大屋"}],"2146":[{"pref":"奈良県","city":"葛城市","town":"中戸"}],"2147":[{"pref":"奈良県","city":"葛城市","town":"新庄"}],"2151":[{"pref":"奈良県","city":"葛城市","town":"南今市"}],"2152":[{"pref":"奈良県","city":"葛城市","town":"大畑"}],"2153":[{"pref":"奈良県","city":"葛城市","town":"太田"}],"2154":[{"pref":"奈良県","city":"葛城市","town":"兵家"}],"2155":[{"pref":"奈良県","city":"葛城市","town":"竹内"}],"2161":[{"pref":"奈良県","city":"葛城市","town":"木戸"}],"2162":[{"pref":"奈良県","city":"葛城市","town":"尺土"}],"2163":[{"pref":"奈良県","city":"葛城市","town":"八川"}],"2164":[{"pref":"奈良県","city":"葛城市","town":"長尾"}],"2200":[{"pref":"奈良県","city":"御所市","town":"以下に掲載がない場合"}],"2201":[{"pref":"奈良県","city":"御所市","town":"柳原"}],"2202":[{"pref":"奈良県","city":"御所市","town":"出屋敷"}],"2203":[{"pref":"奈良県","city":"御所市","town":"北十三"}],"2204":[{"pref":"奈良県","city":"御所市","town":"南十三"}],"2205":[{"pref":"奈良県","city":"御所市","town":"東辻"}],"2206":[{"pref":"奈良県","city":"御所市","town":"竹田"}],"2207":[{"pref":"奈良県","city":"御所市","town":"今城"}],"2211":[{"pref":"奈良県","city":"御所市","town":"ＪＲ御所駅前通り"}],"2212":[{"pref":"奈良県","city":"御所市","town":"中央通り"}],"2213":[{"pref":"奈良県","city":"御所市","town":"神宮町"}],"2214":[{"pref":"奈良県","city":"御所市","town":"御堂魚棚町"}],"2215":[{"pref":"奈良県","city":"御所市","town":"西町"}],"2216":[{"pref":"奈良県","city":"御所市","town":"御国通り"}],"2217":[{"pref":"奈良県","city":"御所市","town":"新地町"}],"2221":[{"pref":"奈良県","city":"御所市","town":"栄町"}],"2222":[{"pref":"奈良県","city":"御所市","town":"六軒町"}],"2223":[{"pref":"奈良県","city":"御所市","town":"本町"}],"2224":[{"pref":"奈良県","city":"御所市","town":"西柏町"}],"2225":[{"pref":"奈良県","city":"御所市","town":"中本町"}],"2226":[{"pref":"奈良県","city":"御所市","town":"南中町"}],"2227":[{"pref":"奈良県","city":"御所市","town":"東久保町"}],"2228":[{"pref":"奈良県","city":"御所市","town":"西久保本町"}],"2229":[{"pref":"奈良県","city":"御所市","town":"鴨口町"}],"2231":[{"pref":"奈良県","city":"御所市","town":"柿ケ坪町"}],"2232":[{"pref":"奈良県","city":"御所市","town":"御門町"}],"2233":[{"pref":"奈良県","city":"御所市","town":"都町"}],"2234":[{"pref":"奈良県","city":"御所市","town":"柳町"}],"2235":[{"pref":"奈良県","city":"御所市","town":"寺内町"}],"2236":[{"pref":"奈良県","city":"御所市","town":"代官町"}],"2237":[{"pref":"奈良県","city":"御所市","town":"豊年橋通り"}],"2238":[{"pref":"奈良県","city":"御所市","town":"大橋通り"}],"2239":[{"pref":"奈良県","city":"御所市","town":"旭町"}],"2241":[{"pref":"奈良県","city":"御所市","town":"茅原"}],"2242":[{"pref":"奈良県","city":"御所市","town":"本馬"}],"2243":[{"pref":"奈良県","city":"御所市","town":"東寺田"}],"2244":[{"pref":"奈良県","city":"御所市","town":"柏原"}],"2245":[{"pref":"奈良県","city":"御所市","town":"今住"}],"2246":[{"pref":"奈良県","city":"御所市","town":"原谷"}],"2247":[{"pref":"奈良県","city":"御所市","town":"玉手"}],"2248":[{"pref":"奈良県","city":"御所市","town":"緑町"}],"2251":[{"pref":"奈良県","city":"御所市","town":"戸毛"}],"2252":[{"pref":"奈良県","city":"御所市","town":"樋野"}],"2253":[{"pref":"奈良県","city":"御所市","town":"奉膳"}],"2254":[{"pref":"奈良県","city":"御所市","town":"古瀬"}],"2255":[{"pref":"奈良県","city":"御所市","town":"朝町"}],"2256":[{"pref":"奈良県","city":"御所市","town":"栗阪"}],"2257":[{"pref":"奈良県","city":"御所市","town":"小殿"}],"2258":[{"pref":"奈良県","city":"御所市","town":"稲宿"}],"2261":[{"pref":"奈良県","city":"御所市","town":"城山台"}],"2262":[{"pref":"奈良県","city":"御所市","town":"東持田"},{"pref":"奈良県","city":"御所市","town":"持田"}],"2263":[{"pref":"奈良県","city":"御所市","town":"鳥井戸"}],"2264":[{"pref":"奈良県","city":"御所市","town":"五百家"}],"2265":[{"pref":"奈良県","city":"御所市","town":"新田"}],"2266":[{"pref":"奈良県","city":"御所市","town":"重阪"}],"2267":[{"pref":"奈良県","city":"御所市","town":"内谷"}],"2268":[{"pref":"奈良県","city":"御所市","town":"船路"}],"2271":[{"pref":"奈良県","city":"御所市","town":"宮前町"}],"2272":[{"pref":"奈良県","city":"御所市","town":"蛇穴"}],"2273":[{"pref":"奈良県","city":"御所市","town":"池之内"}],"2274":[{"pref":"奈良県","city":"御所市","town":"冨田"}],"2275":[{"pref":"奈良県","city":"御所市","town":"出走"}],"2276":[{"pref":"奈良県","city":"御所市","town":"條"}],"2277":[{"pref":"奈良県","city":"御所市","town":"室"}],"2278":[{"pref":"奈良県","city":"御所市","town":"緑ケ丘"}],"2279":[{"pref":"奈良県","city":"御所市","town":"今出"}],"2301":[{"pref":"奈良県","city":"御所市","town":"元町"}],"2302":[{"pref":"奈良県","city":"御所市","town":"東松本"}],"2303":[{"pref":"奈良県","city":"御所市","town":"末広町"}],"2304":[{"pref":"奈良県","city":"御所市","town":"大広町"}],"2305":[{"pref":"奈良県","city":"御所市","town":"柳田町"}],"2306":[{"pref":"奈良県","city":"御所市","town":"三室"}],"2311":[{"pref":"奈良県","city":"御所市","town":"小林"}],"2312":[{"pref":"奈良県","city":"御所市","town":"櫛羅"}],"2313":[{"pref":"奈良県","city":"御所市","town":"楢原"}],"2314":[{"pref":"奈良県","city":"御所市","town":"幸町"}],"2315":[{"pref":"奈良県","city":"御所市","town":"宮戸"}],"2316":[{"pref":"奈良県","city":"御所市","town":"西寺田"}],"2317":[{"pref":"奈良県","city":"御所市","town":"豊田"}],"2318":[{"pref":"奈良県","city":"御所市","town":"森脇"}],"2321":[{"pref":"奈良県","city":"御所市","town":"名柄"}],"2322":[{"pref":"奈良県","city":"御所市","town":"東名柄"}],"2323":[{"pref":"奈良県","city":"御所市","town":"多田"}],"2324":[{"pref":"奈良県","city":"御所市","town":"下茶屋"}],"2325":[{"pref":"奈良県","city":"御所市","town":"佐田"}],"2326":[{"pref":"奈良県","city":"御所市","town":"井戸"}],"2327":[{"pref":"奈良県","city":"御所市","town":"増"}],"2328":[{"pref":"奈良県","city":"御所市","town":"関屋"}],"2331":[{"pref":"奈良県","city":"御所市","town":"南郷"}],"2332":[{"pref":"奈良県","city":"御所市","town":"西持田"}],"2333":[{"pref":"奈良県","city":"御所市","town":"林"}],"2334":[{"pref":"奈良県","city":"御所市","town":"北窪"}],"2335":[{"pref":"奈良県","city":"御所市","town":"西北窪"}],"2336":[{"pref":"奈良県","city":"御所市","town":"高天"}],"2337":[{"pref":"奈良県","city":"御所市","town":"極楽寺"}],"2341":[{"pref":"奈良県","city":"御所市","town":"朝妻"}],"2342":[{"pref":"奈良県","city":"御所市","town":"僧堂"}],"2343":[{"pref":"奈良県","city":"御所市","town":"鴨神"}],"2344":[{"pref":"奈良県","city":"御所市","town":"東佐味"}],"2345":[{"pref":"奈良県","city":"御所市","town":"西佐味"}],"2346":[{"pref":"奈良県","city":"御所市","town":"伏見"}],"3100":[{"pref":"奈良県","city":"吉野郡吉野町","town":"以下に掲載がない場合"}],"3101":[{"pref":"奈良県","city":"吉野郡吉野町","town":"山口"}],"3102":[{"pref":"奈良県","city":"吉野郡吉野町","town":"河原屋"},{"pref":"奈良県","city":"吉野郡吉野町","town":"津風呂"}],"3103":[{"pref":"奈良県","city":"吉野郡吉野町","town":"平尾"}],"3104":[{"pref":"奈良県","city":"吉野郡吉野町","town":"峰寺"}],"3105":[{"pref":"奈良県","city":"吉野郡吉野町","town":"千股"}],"3106":[{"pref":"奈良県","city":"吉野郡吉野町","town":"志賀"},{"pref":"奈良県","city":"吉野郡吉野町","town":"滝畑"}],"3107":[{"pref":"奈良県","city":"吉野郡吉野町","town":"佐々羅"}],"3108":[{"pref":"奈良県","city":"吉野郡吉野町","town":"西谷"},{"pref":"奈良県","city":"吉野郡吉野町","town":"三津"}],"3111":[{"pref":"奈良県","city":"吉野郡吉野町","town":"上市"}],"3112":[{"pref":"奈良県","city":"吉野郡吉野町","town":"立野"}],"3113":[{"pref":"奈良県","city":"吉野郡吉野町","town":"飯貝"}],"3114":[{"pref":"奈良県","city":"吉野郡吉野町","town":"丹治"}],"3115":[{"pref":"奈良県","city":"吉野郡吉野町","town":"吉野山"}],"3116":[{"pref":"奈良県","city":"吉野郡吉野町","town":"六田"}],"3117":[{"pref":"奈良県","city":"吉野郡吉野町","town":"左曽"}],"3118":[{"pref":"奈良県","city":"吉野郡吉野町","town":"橋屋"}],"3121":[{"pref":"奈良県","city":"吉野郡大淀町","town":"西増"}],"3122":[{"pref":"奈良県","city":"吉野郡大淀町","town":"中増"}],"3123":[{"pref":"奈良県","city":"吉野郡大淀町","town":"増口"}],"3124":[{"pref":"奈良県","city":"吉野郡大淀町","town":"北六田"}],"3125":[{"pref":"奈良県","city":"吉野郡大淀町","town":"北野"}],"3126":[{"pref":"奈良県","city":"吉野郡大淀町","town":"新野"}],"3127":[{"pref":"奈良県","city":"吉野郡大淀町","town":"馬佐"}],"3128":[{"pref":"奈良県","city":"吉野郡大淀町","town":"比曽"}],"3321":[{"pref":"奈良県","city":"吉野郡吉野町","town":"三茶屋"}],"3322":[{"pref":"奈良県","city":"吉野郡吉野町","town":"小名"}],"3323":[{"pref":"奈良県","city":"吉野郡吉野町","town":"色生"}],"3324":[{"pref":"奈良県","city":"吉野郡吉野町","town":"香束"}],"3325":[{"pref":"奈良県","city":"吉野郡吉野町","town":"柳"}],"3431":[{"pref":"奈良県","city":"吉野郡吉野町","town":"入野"}],"3432":[{"pref":"奈良県","city":"吉野郡吉野町","town":"窪垣内"}],"3433":[{"pref":"奈良県","city":"吉野郡吉野町","town":"新子"}],"3434":[{"pref":"奈良県","city":"吉野郡吉野町","town":"国栖"}],"3435":[{"pref":"奈良県","city":"吉野郡吉野町","town":"南国栖"}],"3436":[{"pref":"奈良県","city":"吉野郡吉野町","town":"樫尾"}],"3437":[{"pref":"奈良県","city":"吉野郡吉野町","town":"南大野"}],"3441":[{"pref":"奈良県","city":"吉野郡吉野町","town":"矢治"}],"3442":[{"pref":"奈良県","city":"吉野郡吉野町","town":"喜佐谷"}],"3443":[{"pref":"奈良県","city":"吉野郡吉野町","town":"宮滝"}],"3444":[{"pref":"奈良県","city":"吉野郡吉野町","town":"御園"}],"3445":[{"pref":"奈良県","city":"吉野郡吉野町","town":"楢井"}],"3446":[{"pref":"奈良県","city":"吉野郡吉野町","town":"菜摘"}],"3500":[{"pref":"奈良県","city":"吉野郡川上村","town":"以下に掲載がない場合"}],"3541":[{"pref":"奈良県","city":"吉野郡川上村","town":"東川"}],"3542":[{"pref":"奈良県","city":"吉野郡川上村","town":"西河"}],"3543":[{"pref":"奈良県","city":"吉野郡川上村","town":"大滝"}],"3551":[{"pref":"奈良県","city":"吉野郡川上村","town":"寺尾"}],"3552":[{"pref":"奈良県","city":"吉野郡川上村","town":"北塩谷"}],"3553":[{"pref":"奈良県","city":"吉野郡川上村","town":"迫"}],"3554":[{"pref":"奈良県","city":"吉野郡川上村","town":"高原"}],"3555":[{"pref":"奈良県","city":"吉野郡川上村","town":"白屋"}],"3556":[{"pref":"奈良県","city":"吉野郡川上村","town":"高原土場"}],"3557":[{"pref":"奈良県","city":"吉野郡川上村","town":"人知"}],"3558":[{"pref":"奈良県","city":"吉野郡川上村","town":"井戸（その他）"}],"3601":[{"pref":"奈良県","city":"吉野郡川上村","town":"柏木"}],"3602":[{"pref":"奈良県","city":"吉野郡川上村","town":"上多古"}],"3603":[{"pref":"奈良県","city":"吉野郡川上村","town":"北和田"}],"3604":[{"pref":"奈良県","city":"吉野郡川上村","town":"上谷"}],"3611":[{"pref":"奈良県","city":"吉野郡川上村","town":"入之波"}],"3612":[{"pref":"奈良県","city":"吉野郡川上村","town":"大迫"}],"3613":[{"pref":"奈良県","city":"吉野郡川上村","town":"伯母谷"}],"3621":[{"pref":"奈良県","city":"吉野郡川上村","town":"下多古"}],"3622":[{"pref":"奈良県","city":"吉野郡川上村","town":"井戸（ネジ畑）"},{"pref":"奈良県","city":"吉野郡川上村","town":"武木"}],"3623":[{"pref":"奈良県","city":"吉野郡川上村","town":"井光"}],"3631":[{"pref":"奈良県","city":"吉野郡川上村","town":"白川渡"}],"3632":[{"pref":"奈良県","city":"吉野郡川上村","town":"枌尾"}],"3633":[{"pref":"奈良県","city":"吉野郡川上村","town":"中奥"}],"3634":[{"pref":"奈良県","city":"吉野郡川上村","town":"瀬戸"}],"3635":[{"pref":"奈良県","city":"吉野郡川上村","town":"神之谷"}],"3700":[{"pref":"奈良県","city":"吉野郡上北山村","town":"以下に掲載がない場合"}],"3701":[{"pref":"奈良県","city":"吉野郡上北山村","town":"河合"}],"3702":[{"pref":"奈良県","city":"吉野郡上北山村","town":"小橡"}],"3703":[{"pref":"奈良県","city":"吉野郡上北山村","town":"白川"}],"3704":[{"pref":"奈良県","city":"吉野郡上北山村","town":"西原"}],"3705":[{"pref":"奈良県","city":"吉野郡上北山村","town":"東ノ川"}],"3800":[{"pref":"奈良県","city":"吉野郡下北山村","town":"以下に掲載がない場合"}],"3801":[{"pref":"奈良県","city":"吉野郡下北山村","town":"佐田"}],"3802":[{"pref":"奈良県","city":"吉野郡下北山村","town":"浦向"}],"3803":[{"pref":"奈良県","city":"吉野郡下北山村","town":"寺垣内"}],"3804":[{"pref":"奈良県","city":"吉野郡下北山村","town":"池峰"}],"3805":[{"pref":"奈良県","city":"吉野郡下北山村","town":"上池原"}],"3806":[{"pref":"奈良県","city":"吉野郡下北山村","town":"下池原"}],"3807":[{"pref":"奈良県","city":"吉野郡下北山村","town":"下桑原"}],"3808":[{"pref":"奈良県","city":"吉野郡下北山村","town":"上桑原"}],"3809":[{"pref":"奈良県","city":"吉野郡下北山村","town":"前鬼"}],"0200":[{"pref":"奈良県","city":"香芝市","town":"以下に掲載がない場合"},{"pref":"奈良県","city":"北葛城郡上牧町","town":"以下に掲載がない場合"}],"0266":[{"pref":"奈良県","city":"香芝市","town":"旭ケ丘"}],"0252":[{"pref":"奈良県","city":"香芝市","town":"穴虫"}],"0236":[{"pref":"奈良県","city":"香芝市","town":"磯壁"}],"0264":[{"pref":"奈良県","city":"香芝市","town":"今泉"}],"0251":[{"pref":"奈良県","city":"香芝市","town":"逢坂"}],"0227":[{"pref":"奈良県","city":"香芝市","town":"鎌田"}],"0265":[{"pref":"奈良県","city":"香芝市","town":"上中"}],"0225":[{"pref":"奈良県","city":"香芝市","town":"瓦口"}],"0242":[{"pref":"奈良県","city":"香芝市","town":"北今市"}],"0234":[{"pref":"奈良県","city":"香芝市","town":"狐井"}],"0226":[{"pref":"奈良県","city":"香芝市","town":"五位堂"}],"0221":[{"pref":"奈良県","city":"香芝市","town":"五ケ所"}],"0233":[{"pref":"奈良県","city":"香芝市","town":"下田"}],"0232":[{"pref":"奈良県","city":"香芝市","town":"下田東"}],"0231":[{"pref":"奈良県","city":"香芝市","town":"下田西"}],"0237":[{"pref":"奈良県","city":"香芝市","town":"すみれ野"}],"0255":[{"pref":"奈良県","city":"香芝市","town":"関屋"}],"0254":[{"pref":"奈良県","city":"香芝市","town":"関屋北"}],"0241":[{"pref":"奈良県","city":"香芝市","town":"高"}],"0256":[{"pref":"奈良県","city":"香芝市","town":"高山台"}],"0253":[{"pref":"奈良県","city":"香芝市","town":"田尻"}],"0222":[{"pref":"奈良県","city":"香芝市","town":"西真美"}],"0261":[{"pref":"奈良県","city":"香芝市","town":"尼寺"}],"0262":[{"pref":"奈良県","city":"香芝市","town":"白鳳台"}],"0245":[{"pref":"奈良県","city":"香芝市","town":"畑"}],"0263":[{"pref":"奈良県","city":"香芝市","town":"平野"}],"0243":[{"pref":"奈良県","city":"香芝市","town":"藤山"}],"0224":[{"pref":"奈良県","city":"香芝市","town":"別所"}],"0244":[{"pref":"奈良県","city":"香芝市","town":"本町"}],"0223":[{"pref":"奈良県","city":"香芝市","town":"真美ケ丘"}],"0235":[{"pref":"奈良県","city":"香芝市","town":"良福寺"}],"0274":[{"pref":"奈良県","city":"葛城市","town":"今在家"}],"0275":[{"pref":"奈良県","city":"葛城市","town":"勝根"}],"0271":[{"pref":"奈良県","city":"葛城市","town":"加守"}],"0272":[{"pref":"奈良県","city":"葛城市","town":"新在家"}],"0273":[{"pref":"奈良県","city":"葛城市","town":"染野"}],"0276":[{"pref":"奈良県","city":"葛城市","town":"當麻"}],"0201":[{"pref":"奈良県","city":"北葛城郡上牧町","town":"片岡台"}],"0215":[{"pref":"奈良県","city":"北葛城郡上牧町","town":"葛城台"}],"0214":[{"pref":"奈良県","city":"北葛城郡上牧町","town":"上牧"}],"0202":[{"pref":"奈良県","city":"北葛城郡上牧町","town":"桜ケ丘"}],"0218":[{"pref":"奈良県","city":"北葛城郡上牧町","town":"ささゆり台"}],"0205":[{"pref":"奈良県","city":"北葛城郡上牧町","town":"下牧"}],"0216":[{"pref":"奈良県","city":"北葛城郡上牧町","town":"松里園"}],"0211":[{"pref":"奈良県","city":"北葛城郡上牧町","town":"滝川台"}],"0203":[{"pref":"奈良県","city":"北葛城郡上牧町","town":"友が丘"}],"0217":[{"pref":"奈良県","city":"北葛城郡上牧町","town":"中筋出作"}],"0212":[{"pref":"奈良県","city":"北葛城郡上牧町","town":"服部台"}],"0204":[{"pref":"奈良県","city":"北葛城郡上牧町","town":"緑ケ丘"}],"0206":[{"pref":"奈良県","city":"北葛城郡上牧町","town":"ゆりが丘"}],"0213":[{"pref":"奈良県","city":"北葛城郡上牧町","town":"米山台"}]}