{"8001":[{"pref":"岡山県","city":"岡山市中区","town":"沖元"}],"8002":[{"pref":"岡山県","city":"岡山市中区","town":"桑野"}],"8003":[{"pref":"岡山県","city":"岡山市中区","town":"新築港"}],"8004":[{"pref":"岡山県","city":"岡山市中区","town":"江並"}],"8005":[{"pref":"岡山県","city":"岡山市中区","town":"江崎"}],"8006":[{"pref":"岡山県","city":"岡山市中区","town":"藤崎"}],"8011":[{"pref":"岡山県","city":"岡山市南区","town":"郡"}],"8012":[{"pref":"岡山県","city":"岡山市南区","town":"北浦"}],"8013":[{"pref":"岡山県","city":"岡山市南区","town":"飽浦"}],"8014":[{"pref":"岡山県","city":"岡山市南区","town":"宮浦"}],"8015":[{"pref":"岡山県","city":"岡山市南区","town":"阿津"}],"8016":[{"pref":"岡山県","city":"岡山市南区","town":"小串"}],"8021":[{"pref":"岡山県","city":"岡山市南区","town":"福田"}],"8022":[{"pref":"岡山県","city":"岡山市南区","town":"福成"}],"8023":[{"pref":"岡山県","city":"岡山市南区","town":"南輝"}],"8024":[{"pref":"岡山県","city":"岡山市南区","town":"浦安南町"}],"8025":[{"pref":"岡山県","city":"岡山市南区","town":"浦安西町"}],"8026":[{"pref":"岡山県","city":"岡山市南区","town":"浦安本町"}],"8027":[{"pref":"岡山県","city":"岡山市南区","town":"芳泉"}],"8031":[{"pref":"岡山県","city":"岡山市南区","town":"福富西"}],"8032":[{"pref":"岡山県","city":"岡山市南区","town":"福富中"}],"8033":[{"pref":"岡山県","city":"岡山市南区","town":"福富東"}],"8034":[{"pref":"岡山県","city":"岡山市南区","town":"福浜西町"}],"8035":[{"pref":"岡山県","city":"岡山市南区","town":"福浜町"}],"8036":[{"pref":"岡山県","city":"岡山市南区","town":"三浜町"}],"8037":[{"pref":"岡山県","city":"岡山市南区","town":"千鳥町"}],"8038":[{"pref":"岡山県","city":"岡山市南区","town":"松浜町"}],"8041":[{"pref":"岡山県","city":"岡山市南区","town":"富浜町"}],"8042":[{"pref":"岡山県","city":"岡山市南区","town":"洲崎"}],"8043":[{"pref":"岡山県","city":"岡山市南区","town":"平福"}],"8044":[{"pref":"岡山県","city":"岡山市南区","town":"福島"}],"8045":[{"pref":"岡山県","city":"岡山市南区","town":"海岸通"}],"8046":[{"pref":"岡山県","city":"岡山市南区","town":"立川町"}],"8047":[{"pref":"岡山県","city":"岡山市南区","town":"若葉町"}],"8048":[{"pref":"岡山県","city":"岡山市南区","town":"福吉町"}],"8051":[{"pref":"岡山県","city":"岡山市南区","town":"築港元町"}],"8052":[{"pref":"岡山県","city":"岡山市南区","town":"市場"}],"8053":[{"pref":"岡山県","city":"岡山市南区","town":"築港栄町"}],"8054":[{"pref":"岡山県","city":"岡山市南区","town":"築港ひかり町"}],"8055":[{"pref":"岡山県","city":"岡山市南区","town":"築港緑町"}],"8056":[{"pref":"岡山県","city":"岡山市南区","town":"築港新町"}],"8057":[{"pref":"岡山県","city":"岡山市南区","town":"あけぼの町"}],"8058":[{"pref":"岡山県","city":"岡山市南区","town":"並木町"}]}