{"1101":[{"pref":"兵庫県","city":"養父市","town":"三宅"}],"1102":[{"pref":"兵庫県","city":"養父市","town":"大谷"}],"1103":[{"pref":"兵庫県","city":"養父市","town":"万久里"}],"1104":[{"pref":"兵庫県","city":"養父市","town":"尾崎"}],"1105":[{"pref":"兵庫県","city":"養父市","town":"関宮"}],"1111":[{"pref":"兵庫県","city":"養父市","town":"吉井"}],"1112":[{"pref":"兵庫県","city":"養父市","town":"出合"}],"1113":[{"pref":"兵庫県","city":"養父市","town":"川原場"}],"1114":[{"pref":"兵庫県","city":"養父市","town":"小路頃"}],"1115":[{"pref":"兵庫県","city":"養父市","town":"葛畑"}],"1116":[{"pref":"兵庫県","city":"養父市","town":"中瀬"}],"1117":[{"pref":"兵庫県","city":"養父市","town":"轟"}],"1118":[{"pref":"兵庫県","city":"養父市","town":"安井"}],"1119":[{"pref":"兵庫県","city":"養父市","town":"鵜縄"}],"1121":[{"pref":"兵庫県","city":"養父市","town":"外野"}],"1122":[{"pref":"兵庫県","city":"養父市","town":"草出"}],"1123":[{"pref":"兵庫県","city":"養父市","town":"梨ケ原"}],"1124":[{"pref":"兵庫県","city":"養父市","town":"丹戸"}],"1125":[{"pref":"兵庫県","city":"養父市","town":"奈良尾"}],"1126":[{"pref":"兵庫県","city":"養父市","town":"福定"}],"1127":[{"pref":"兵庫県","city":"養父市","town":"大久保"}],"1128":[{"pref":"兵庫県","city":"養父市","town":"別宮"}],"1301":[{"pref":"兵庫県","city":"美方郡香美町","town":"村岡区境"}],"1302":[{"pref":"兵庫県","city":"美方郡香美町","town":"村岡区山田"}],"1303":[{"pref":"兵庫県","city":"美方郡香美町","town":"村岡区小城"}],"1304":[{"pref":"兵庫県","city":"美方郡香美町","town":"村岡区和佐父"}],"1311":[{"pref":"兵庫県","city":"美方郡香美町","town":"村岡区村岡"}],"1312":[{"pref":"兵庫県","city":"美方郡香美町","town":"村岡区相田"}],"1313":[{"pref":"兵庫県","city":"美方郡香美町","town":"村岡区神坂"}],"1314":[{"pref":"兵庫県","city":"美方郡香美町","town":"村岡区萩山"}],"1315":[{"pref":"兵庫県","city":"美方郡香美町","town":"村岡区板仕野"}],"1316":[{"pref":"兵庫県","city":"美方郡香美町","town":"村岡区鹿田"}],"1317":[{"pref":"兵庫県","city":"美方郡香美町","town":"村岡区用野"}],"1321":[{"pref":"兵庫県","city":"美方郡香美町","town":"村岡区大糠"}],"1322":[{"pref":"兵庫県","city":"美方郡香美町","town":"村岡区寺河内"}],"1323":[{"pref":"兵庫県","city":"美方郡香美町","town":"村岡区耀山"}],"1324":[{"pref":"兵庫県","city":"美方郡香美町","town":"村岡区市原"}],"1325":[{"pref":"兵庫県","city":"美方郡香美町","town":"村岡区高井"}],"1326":[{"pref":"兵庫県","city":"美方郡香美町","town":"村岡区光陽"}],"1331":[{"pref":"兵庫県","city":"美方郡香美町","town":"村岡区作山"}],"1332":[{"pref":"兵庫県","city":"美方郡香美町","town":"村岡区八井谷"}],"1333":[{"pref":"兵庫県","city":"美方郡香美町","town":"村岡区大野"}],"1334":[{"pref":"兵庫県","city":"美方郡香美町","town":"村岡区福岡"}],"1335":[{"pref":"兵庫県","city":"美方郡香美町","town":"村岡区黒田"}],"1336":[{"pref":"兵庫県","city":"美方郡香美町","town":"村岡区宿"}],"1337":[{"pref":"兵庫県","city":"美方郡香美町","town":"村岡区日影"}],"1341":[{"pref":"兵庫県","city":"美方郡香美町","town":"村岡区森脇"}],"1342":[{"pref":"兵庫県","city":"美方郡香美町","town":"村岡区口大谷"}],"1343":[{"pref":"兵庫県","city":"美方郡香美町","town":"村岡区中大谷"}],"1344":[{"pref":"兵庫県","city":"美方郡香美町","town":"村岡区大笹"}],"1345":[{"pref":"兵庫県","city":"美方郡香美町","town":"村岡区高坂"}],"1346":[{"pref":"兵庫県","city":"美方郡香美町","town":"村岡区池ケ平"}],"1347":[{"pref":"兵庫県","city":"美方郡香美町","town":"村岡区和池"}],"1351":[{"pref":"兵庫県","city":"美方郡香美町","town":"村岡区丸味"}],"1352":[{"pref":"兵庫県","city":"美方郡香美町","town":"村岡区長板"}],"1353":[{"pref":"兵庫県","city":"美方郡香美町","town":"村岡区熊波"}],"1354":[{"pref":"兵庫県","city":"美方郡香美町","town":"村岡区柤岡"}],"1361":[{"pref":"兵庫県","city":"美方郡香美町","town":"村岡区長瀬"}],"1362":[{"pref":"兵庫県","city":"美方郡香美町","town":"村岡区原"}],"1363":[{"pref":"兵庫県","city":"美方郡香美町","town":"村岡区味取"}],"1364":[{"pref":"兵庫県","city":"美方郡香美町","town":"村岡区長須"}],"1365":[{"pref":"兵庫県","city":"美方郡香美町","town":"村岡区高津"}],"1366":[{"pref":"兵庫県","city":"美方郡香美町","town":"村岡区川会"}],"1367":[{"pref":"兵庫県","city":"美方郡香美町","town":"村岡区和田"}],"1368":[{"pref":"兵庫県","city":"美方郡香美町","town":"村岡区入江"}],"1501":[{"pref":"兵庫県","city":"美方郡香美町","town":"小代区久須部"}],"1502":[{"pref":"兵庫県","city":"美方郡香美町","town":"小代区城山"}],"1503":[{"pref":"兵庫県","city":"美方郡香美町","town":"小代区大谷"}],"1511":[{"pref":"兵庫県","city":"美方郡香美町","town":"小代区神水"}],"1512":[{"pref":"兵庫県","city":"美方郡香美町","town":"小代区石寺"}],"1513":[{"pref":"兵庫県","city":"美方郡香美町","town":"小代区広井"}],"1514":[{"pref":"兵庫県","city":"美方郡香美町","town":"小代区神場"}],"1515":[{"pref":"兵庫県","city":"美方郡香美町","town":"小代区水間"}],"1521":[{"pref":"兵庫県","city":"美方郡香美町","town":"小代区野間谷"}],"1522":[{"pref":"兵庫県","city":"美方郡香美町","town":"小代区実山"}],"1523":[{"pref":"兵庫県","city":"美方郡香美町","town":"小代区平野"}],"1531":[{"pref":"兵庫県","city":"美方郡香美町","town":"小代区茅野"}],"1532":[{"pref":"兵庫県","city":"美方郡香美町","town":"小代区新屋"}],"1533":[{"pref":"兵庫県","city":"美方郡香美町","town":"小代区秋岡"}],"1541":[{"pref":"兵庫県","city":"美方郡香美町","town":"小代区佐坊"}],"1542":[{"pref":"兵庫県","city":"美方郡香美町","town":"小代区鍛治屋"}],"1543":[{"pref":"兵庫県","city":"美方郡香美町","town":"小代区忠宮"}],"1544":[{"pref":"兵庫県","city":"美方郡香美町","town":"小代区貫田"}],"1545":[{"pref":"兵庫県","city":"美方郡香美町","town":"小代区東垣"}],"0000":[{"pref":"兵庫県","city":"養父市","town":"以下に掲載がない場合"}],"0115":[{"pref":"兵庫県","city":"養父市","town":"上箇"}],"0103":[{"pref":"兵庫県","city":"養父市","town":"浅野"}],"0104":[{"pref":"兵庫県","city":"養父市","town":"伊豆"}],"0132":[{"pref":"兵庫県","city":"養父市","town":"稲津"}],"0131":[{"pref":"兵庫県","city":"養父市","town":"上野"}],"0125":[{"pref":"兵庫県","city":"養父市","town":"大塚"}],"0134":[{"pref":"兵庫県","city":"養父市","town":"大坪"}],"0436":[{"pref":"兵庫県","city":"養父市","town":"大屋町明延"}],"0322":[{"pref":"兵庫県","city":"養父市","town":"大屋町筏"}],"0431":[{"pref":"兵庫県","city":"養父市","town":"大屋町糸原"}],"0301":[{"pref":"兵庫県","city":"養父市","town":"大屋町上山"}],"0303":[{"pref":"兵庫県","city":"養父市","town":"大屋町おうみ"}],"0314":[{"pref":"兵庫県","city":"養父市","town":"大屋町大杉"}],"0311":[{"pref":"兵庫県","city":"養父市","town":"大屋町大屋市場"}],"0313":[{"pref":"兵庫県","city":"養父市","town":"大屋町笠谷"}],"0433":[{"pref":"兵庫県","city":"養父市","town":"大屋町門野"}],"0315":[{"pref":"兵庫県","city":"養父市","town":"大屋町加保"}],"0321":[{"pref":"兵庫県","city":"養父市","town":"大屋町蔵垣"}],"0325":[{"pref":"兵庫県","city":"養父市","town":"大屋町栗ノ下"},{"pref":"兵庫県","city":"養父市","town":"大屋町中間"}],"0434":[{"pref":"兵庫県","city":"養父市","town":"大屋町須西"}],"0302":[{"pref":"兵庫県","city":"養父市","town":"大屋町樽見"}],"0304":[{"pref":"兵庫県","city":"養父市","town":"大屋町中"},{"pref":"兵庫県","city":"養父市","town":"大屋町由良"}],"0305":[{"pref":"兵庫県","city":"養父市","town":"大屋町夏梅"}],"0306":[{"pref":"兵庫県","city":"養父市","town":"大屋町宮垣"}],"0432":[{"pref":"兵庫県","city":"養父市","town":"大屋町宮本"}],"0312":[{"pref":"兵庫県","city":"養父市","town":"大屋町山路"}],"0324":[{"pref":"兵庫県","city":"養父市","town":"大屋町横行"}],"0323":[{"pref":"兵庫県","city":"養父市","town":"大屋町若杉"}],"0435":[{"pref":"兵庫県","city":"養父市","town":"大屋町和田"}],"0111":[{"pref":"兵庫県","city":"養父市","town":"大薮"}],"0121":[{"pref":"兵庫県","city":"養父市","town":"奥米地"}],"0123":[{"pref":"兵庫県","city":"養父市","town":"鉄屋米地"}],"0124":[{"pref":"兵庫県","city":"養父市","town":"口米地"}],"0114":[{"pref":"兵庫県","city":"養父市","town":"小城"}],"0105":[{"pref":"兵庫県","city":"養父市","town":"左近山"}],"0102":[{"pref":"兵庫県","city":"養父市","town":"十二所"}],"0107":[{"pref":"兵庫県","city":"養父市","town":"新津"}],"0142":[{"pref":"兵庫県","city":"養父市","town":"建屋"}],"0106":[{"pref":"兵庫県","city":"養父市","town":"玉見"}],"0145":[{"pref":"兵庫県","city":"養父市","town":"長野"}],"0122":[{"pref":"兵庫県","city":"養父市","town":"中米地"}],"0143":[{"pref":"兵庫県","city":"養父市","town":"能座"}],"0133":[{"pref":"兵庫県","city":"養父市","town":"畑"}],"0101":[{"pref":"兵庫県","city":"養父市","town":"広谷"}],"0135":[{"pref":"兵庫県","city":"養父市","town":"船谷"}],"0126":[{"pref":"兵庫県","city":"養父市","town":"堀畑"}],"0136":[{"pref":"兵庫県","city":"養父市","town":"三谷"}],"0144":[{"pref":"兵庫県","city":"養父市","town":"餅耕地"}],"0141":[{"pref":"兵庫県","city":"養父市","town":"森"}],"0112":[{"pref":"兵庫県","city":"養父市","town":"養父市場"}],"0113":[{"pref":"兵庫県","city":"養父市","town":"薮崎"}],"0001":[{"pref":"兵庫県","city":"養父市","town":"八鹿町青山"}],"0024":[{"pref":"兵庫県","city":"養父市","town":"八鹿町朝倉"}],"0011":[{"pref":"兵庫県","city":"養父市","town":"八鹿町浅間"}],"0012":[{"pref":"兵庫県","city":"養父市","town":"八鹿町伊佐"}],"0051":[{"pref":"兵庫県","city":"養父市","town":"八鹿町石原"}],"0014":[{"pref":"兵庫県","city":"養父市","town":"八鹿町岩崎"}],"0015":[{"pref":"兵庫県","city":"養父市","town":"八鹿町大江"}],"0053":[{"pref":"兵庫県","city":"養父市","town":"八鹿町小佐"}],"0004":[{"pref":"兵庫県","city":"養父市","town":"八鹿町上小田"}],"0023":[{"pref":"兵庫県","city":"養父市","town":"八鹿町上網場"}],"0044":[{"pref":"兵庫県","city":"養父市","town":"八鹿町国木"}],"0031":[{"pref":"兵庫県","city":"養父市","town":"八鹿町九鹿"}],"0032":[{"pref":"兵庫県","city":"養父市","town":"八鹿町小山"}],"0042":[{"pref":"兵庫県","city":"養父市","town":"八鹿町今滝寺"}],"0013":[{"pref":"兵庫県","city":"養父市","town":"八鹿町坂本"}],"0005":[{"pref":"兵庫県","city":"養父市","town":"八鹿町下小田"}],"0022":[{"pref":"兵庫県","city":"養父市","town":"八鹿町下網場"}],"0003":[{"pref":"兵庫県","city":"養父市","town":"八鹿町宿南"}],"0043":[{"pref":"兵庫県","city":"養父市","town":"八鹿町高柳"}],"0052":[{"pref":"兵庫県","city":"養父市","town":"八鹿町日畑"}],"0016":[{"pref":"兵庫県","city":"養父市","town":"八鹿町舞狂"}],"0002":[{"pref":"兵庫県","city":"養父市","town":"八鹿町三谷"}],"0045":[{"pref":"兵庫県","city":"養父市","town":"八鹿町米里"}],"0041":[{"pref":"兵庫県","city":"養父市","town":"八鹿町八木"}],"0021":[{"pref":"兵庫県","city":"養父市","town":"八鹿町八鹿"}]}