{"0000":[{"pref":"北海道","city":"美唄市","town":"以下に掲載がない場合"}],"0044":[{"pref":"北海道","city":"美唄市","town":"一心町"}],"0023":[{"pref":"北海道","city":"美唄市","town":"大通西一条南"}],"0021":[{"pref":"北海道","city":"美唄市","town":"大通西一条北"}],"0011":[{"pref":"北海道","city":"美唄市","town":"大通東一条南"}],"0001":[{"pref":"北海道","city":"美唄市","town":"大通東一条北"}],"0835":[{"pref":"北海道","city":"美唄市","town":"落合町入初"}],"0831":[{"pref":"北海道","city":"美唄市","town":"落合町栄町"}],"0834":[{"pref":"北海道","city":"美唄市","town":"落合町住吉"}],"0832":[{"pref":"北海道","city":"美唄市","town":"落合町本町"}],"0833":[{"pref":"北海道","city":"美唄市","town":"落合町緑が丘"}],"0047":[{"pref":"北海道","city":"美唄市","town":"開発町親和"}],"0045":[{"pref":"北海道","city":"美唄市","town":"開発町南"}],"0046":[{"pref":"北海道","city":"美唄市","town":"開発町北"}],"0051":[{"pref":"北海道","city":"美唄市","town":"上美唄町"}],"0053":[{"pref":"北海道","city":"美唄市","town":"上美唄町中央"}],"0054":[{"pref":"北海道","city":"美唄市","town":"上美唄町沼の端"}],"0052":[{"pref":"北海道","city":"美唄市","town":"上美唄町東"}],"0857":[{"pref":"北海道","city":"美唄市","town":"我路町菊水"}],"0855":[{"pref":"北海道","city":"美唄市","town":"我路町公園通り"}],"0856":[{"pref":"北海道","city":"美唄市","town":"我路町新町"}],"0851":[{"pref":"北海道","city":"美唄市","town":"我路町一条"}],"0852":[{"pref":"北海道","city":"美唄市","town":"我路町二条"}],"0853":[{"pref":"北海道","city":"美唄市","town":"我路町三条"}],"0854":[{"pref":"北海道","city":"美唄市","town":"我路町四条"}],"0009":[{"pref":"北海道","city":"美唄市","town":"癸巳町"}],"0008":[{"pref":"北海道","city":"美唄市","town":"癸巳町奔美唄"}],"0819":[{"pref":"北海道","city":"美唄市","town":"共練町東"},{"pref":"北海道","city":"美唄市","town":"共練町西"}],"0042":[{"pref":"北海道","city":"美唄市","town":"進徳町"}],"0041":[{"pref":"北海道","city":"美唄市","town":"進徳町東"}],"0043":[{"pref":"北海道","city":"美唄市","town":"進徳町西"}],"0808":[{"pref":"北海道","city":"美唄市","town":"東明町"}],"0803":[{"pref":"北海道","city":"美唄市","town":"東明一条"}],"0804":[{"pref":"北海道","city":"美唄市","town":"東明二条"}],"0805":[{"pref":"北海道","city":"美唄市","town":"東明三条"}],"0806":[{"pref":"北海道","city":"美唄市","town":"東明四条"}],"0807":[{"pref":"北海道","city":"美唄市","town":"東明五条"}],"0057":[{"pref":"北海道","city":"美唄市","town":"西美唄町大曲"}],"0058":[{"pref":"北海道","city":"美唄市","town":"西美唄町富樫"}],"0055":[{"pref":"北海道","city":"美唄市","town":"西美唄町元村"}],"0059":[{"pref":"北海道","city":"美唄市","town":"西美唄町元村美富"}],"0056":[{"pref":"北海道","city":"美唄市","town":"西美唄町山形"}],"0024":[{"pref":"北海道","city":"美唄市","town":"西一条南"}],"0022":[{"pref":"北海道","city":"美唄市","town":"西一条北"}],"0025":[{"pref":"北海道","city":"美唄市","town":"西二条南"}],"0031":[{"pref":"北海道","city":"美唄市","town":"西二条北"}],"0026":[{"pref":"北海道","city":"美唄市","town":"西三条南"}],"0032":[{"pref":"北海道","city":"美唄市","town":"西三条北"}],"0027":[{"pref":"北海道","city":"美唄市","town":"西四条南"}],"0033":[{"pref":"北海道","city":"美唄市","town":"西四条北"}],"0028":[{"pref":"北海道","city":"美唄市","town":"西五条南"}],"0034":[{"pref":"北海道","city":"美唄市","town":"西五条北"}],"0037":[{"pref":"北海道","city":"美唄市","town":"沼の内町北"}],"0035":[{"pref":"北海道","city":"美唄市","town":"沼の内町中央"}],"0038":[{"pref":"北海道","city":"美唄市","town":"沼の内町西"}],"0036":[{"pref":"北海道","city":"美唄市","town":"沼の内町南"}],"0844":[{"pref":"北海道","city":"美唄市","town":"盤の沢町桜が丘"}],"0843":[{"pref":"北海道","city":"美唄市","town":"盤の沢町高台"}],"0841":[{"pref":"北海道","city":"美唄市","town":"盤の沢町滝の上"}],"0842":[{"pref":"北海道","city":"美唄市","town":"盤の沢町本町"}],"0012":[{"pref":"北海道","city":"美唄市","town":"東一条南"}],"0002":[{"pref":"北海道","city":"美唄市","town":"東一条北"}],"0013":[{"pref":"北海道","city":"美唄市","town":"東二条南"}],"0003":[{"pref":"北海道","city":"美唄市","town":"東二条北"}],"0014":[{"pref":"北海道","city":"美唄市","town":"東三条南"}],"0004":[{"pref":"北海道","city":"美唄市","town":"東三条北"}],"0015":[{"pref":"北海道","city":"美唄市","town":"東四条南"}],"0005":[{"pref":"北海道","city":"美唄市","town":"東四条北"}],"0016":[{"pref":"北海道","city":"美唄市","town":"東五条南"}],"0006":[{"pref":"北海道","city":"美唄市","town":"東五条北"}],"0017":[{"pref":"北海道","city":"美唄市","town":"東六条南"}],"0007":[{"pref":"北海道","city":"美唄市","town":"東六条北"}],"0811":[{"pref":"北海道","city":"美唄市","town":"東七条南"}],"0801":[{"pref":"北海道","city":"美唄市","town":"東七条北"}],"0812":[{"pref":"北海道","city":"美唄市","town":"東八条南"}],"0802":[{"pref":"北海道","city":"美唄市","town":"東八条北"}],"0813":[{"pref":"北海道","city":"美唄市","town":"南美唄町旭町"}],"0822":[{"pref":"北海道","city":"美唄市","town":"南美唄町大通り"}],"0821":[{"pref":"北海道","city":"美唄市","town":"南美唄町上"}],"0817":[{"pref":"北海道","city":"美唄市","town":"南美唄町北町"}],"0826":[{"pref":"北海道","city":"美唄市","town":"南美唄町栄町南"}],"0827":[{"pref":"北海道","city":"美唄市","town":"南美唄町栄町北"}],"0825":[{"pref":"北海道","city":"美唄市","town":"南美唄町桜井町"}],"0823":[{"pref":"北海道","city":"美唄市","town":"南美唄町下"}],"0824":[{"pref":"北海道","city":"美唄市","town":"南美唄町新富町"}],"0818":[{"pref":"北海道","city":"美唄市","town":"南美唄町中央通り"}],"0816":[{"pref":"北海道","city":"美唄市","town":"南美唄町仲町"}],"0828":[{"pref":"北海道","city":"美唄市","town":"南美唄町西町"}],"0815":[{"pref":"北海道","city":"美唄市","town":"南美唄町南町"}],"0814":[{"pref":"北海道","city":"美唄市","town":"南美唄町山の手"}]}