{"0000":[{"pref":"広島県","city":"安芸郡府中町","town":"以下に掲載がない場合"}],"0016":[{"pref":"広島県","city":"安芸郡府中町","town":"青崎中"}],"0015":[{"pref":"広島県","city":"安芸郡府中町","town":"青崎東"}],"0017":[{"pref":"広島県","city":"安芸郡府中町","town":"青崎南"}],"0007":[{"pref":"広島県","city":"安芸郡府中町","town":"石井城"}],"0021":[{"pref":"広島県","city":"安芸郡府中町","town":"大須"}],"0022":[{"pref":"広島県","city":"安芸郡府中町","town":"大通"}],"0025":[{"pref":"広島県","city":"安芸郡府中町","town":"鹿籠"}],"0001":[{"pref":"広島県","city":"安芸郡府中町","town":"桜ケ丘"}],"0002":[{"pref":"広島県","city":"安芸郡府中町","town":"清水ケ丘"}],"0009":[{"pref":"広島県","city":"安芸郡府中町","town":"城ケ丘"}],"0028":[{"pref":"広島県","city":"安芸郡府中町","town":"新地"}],"0011":[{"pref":"広島県","city":"安芸郡府中町","town":"瀬戸ハイム"}],"0027":[{"pref":"広島県","city":"安芸郡府中町","town":"千代"}],"0008":[{"pref":"広島県","city":"安芸郡府中町","town":"鶴江"}],"0013":[{"pref":"広島県","city":"安芸郡府中町","town":"浜田"}],"0023":[{"pref":"広島県","city":"安芸郡府中町","town":"浜田本町"}],"0006":[{"pref":"広島県","city":"安芸郡府中町","town":"本町"}],"0003":[{"pref":"広島県","city":"安芸郡府中町","town":"みくまり"}],"0024":[{"pref":"広島県","city":"安芸郡府中町","town":"緑ケ丘"}],"0005":[{"pref":"広島県","city":"安芸郡府中町","town":"宮の町"}],"0029":[{"pref":"広島県","city":"安芸郡府中町","town":"茂陰"}],"0026":[{"pref":"広島県","city":"安芸郡府中町","town":"桃山"}],"0014":[{"pref":"広島県","city":"安芸郡府中町","town":"柳ケ丘"}],"0012":[{"pref":"広島県","city":"安芸郡府中町","town":"八幡"}],"0004":[{"pref":"広島県","city":"安芸郡府中町","town":"山田"}]}