{"0000":[{"pref":"愛知県","city":"尾張旭市","town":"以下に掲載がない場合"}],"0083":[{"pref":"愛知県","city":"尾張旭市","town":"旭ケ丘町旭ケ丘"}],"0086":[{"pref":"愛知県","city":"尾張旭市","town":"旭ケ丘町長洞"}],"0085":[{"pref":"愛知県","city":"尾張旭市","town":"旭ケ丘町濁池"}],"0082":[{"pref":"愛知県","city":"尾張旭市","town":"旭ケ丘町森"}],"0084":[{"pref":"愛知県","city":"尾張旭市","town":"旭ケ丘町山の手"}],"0001":[{"pref":"愛知県","city":"尾張旭市","town":"旭台"}],"0855":[{"pref":"愛知県","city":"尾張旭市","town":"旭前町"}],"0852":[{"pref":"愛知県","city":"尾張旭市","town":"旭前町新田洞"}],"0854":[{"pref":"愛知県","city":"尾張旭市","town":"旭前町西新田"}],"0851":[{"pref":"愛知県","city":"尾張旭市","town":"旭前町北"}],"0081":[{"pref":"愛知県","city":"尾張旭市","town":"新居"}],"0079":[{"pref":"愛知県","city":"尾張旭市","town":"新居町今池下"}],"0073":[{"pref":"愛知県","city":"尾張旭市","town":"新居町上の田"}],"0075":[{"pref":"愛知県","city":"尾張旭市","town":"新居町木の本"}],"0070":[{"pref":"愛知県","city":"尾張旭市","town":"新居町五反田"}],"0071":[{"pref":"愛知県","city":"尾張旭市","town":"新居町下切戸"}],"0072":[{"pref":"愛知県","city":"尾張旭市","town":"新居町諏訪南"}],"0078":[{"pref":"愛知県","city":"尾張旭市","town":"新居町寺田"}],"0077":[{"pref":"愛知県","city":"尾張旭市","town":"新居町西浦"}],"0074":[{"pref":"愛知県","city":"尾張旭市","town":"新居町明才切"}],"0076":[{"pref":"愛知県","city":"尾張旭市","town":"新居町山の田"}],"0024":[{"pref":"愛知県","city":"尾張旭市","town":"井田町"}],"0054":[{"pref":"愛知県","city":"尾張旭市","town":"稲葉町"}],"0840":[{"pref":"愛知県","city":"尾張旭市","town":"印場元町"}],"0841":[{"pref":"愛知県","city":"尾張旭市","town":"印場元町北山"}],"0843":[{"pref":"愛知県","city":"尾張旭市","town":"印場元町細田"}],"0035":[{"pref":"愛知県","city":"尾張旭市","town":"上の山町間口"}],"0034":[{"pref":"愛知県","city":"尾張旭市","town":"上の山町山畑"}],"0004":[{"pref":"愛知県","city":"尾張旭市","town":"大久手町一の曾"}],"0005":[{"pref":"愛知県","city":"尾張旭市","town":"大久手町上切戸"}],"0006":[{"pref":"愛知県","city":"尾張旭市","town":"大久手町中松原"}],"0826":[{"pref":"愛知県","city":"尾張旭市","town":"大塚町"}],"0008":[{"pref":"愛知県","city":"尾張旭市","town":"柏井町弥栄"}],"0007":[{"pref":"愛知県","city":"尾張旭市","town":"柏井町公園通"}],"0846":[{"pref":"愛知県","city":"尾張旭市","town":"霞ケ丘町中"}],"0845":[{"pref":"愛知県","city":"尾張旭市","town":"霞ケ丘町南"}],"0847":[{"pref":"愛知県","city":"尾張旭市","town":"霞ケ丘町北"}],"0022":[{"pref":"愛知県","city":"尾張旭市","town":"狩宿新町"}],"0021":[{"pref":"愛知県","city":"尾張旭市","town":"狩宿町"}],"0065":[{"pref":"愛知県","city":"尾張旭市","town":"北原山町大久保見"}],"0063":[{"pref":"愛知県","city":"尾張旭市","town":"北原山町陀摩屋敷"}],"0064":[{"pref":"愛知県","city":"尾張旭市","town":"北原山町鳴湫"}],"0062":[{"pref":"愛知県","city":"尾張旭市","town":"北原山町平池浦"}],"0061":[{"pref":"愛知県","city":"尾張旭市","town":"北原山町六田池"}],"0043":[{"pref":"愛知県","city":"尾張旭市","town":"北本地ケ原町"}],"0057":[{"pref":"愛知県","city":"尾張旭市","town":"北山町北新田"}],"0056":[{"pref":"愛知県","city":"尾張旭市","town":"北山町北山"}],"0055":[{"pref":"愛知県","city":"尾張旭市","town":"北山町六反田"}],"0859":[{"pref":"愛知県","city":"尾張旭市","town":"桜ケ丘町"}],"0857":[{"pref":"愛知県","city":"尾張旭市","town":"桜ケ丘町西"}],"0015":[{"pref":"愛知県","city":"尾張旭市","town":"三郷町栄"}],"0012":[{"pref":"愛知県","city":"尾張旭市","town":"三郷町角田"}],"0016":[{"pref":"愛知県","city":"尾張旭市","town":"三郷町陶栄"}],"0013":[{"pref":"愛知県","city":"尾張旭市","town":"三郷町富丘"}],"0014":[{"pref":"愛知県","city":"尾張旭市","town":"三郷町中井田"}],"0839":[{"pref":"愛知県","city":"尾張旭市","town":"渋川町"}],"0052":[{"pref":"愛知県","city":"尾張旭市","town":"下井町下井"}],"0053":[{"pref":"愛知県","city":"尾張旭市","town":"下井町刎内"}],"0051":[{"pref":"愛知県","city":"尾張旭市","town":"下井町前の上"}],"0838":[{"pref":"愛知県","city":"尾張旭市","town":"庄中町"}],"0836":[{"pref":"愛知県","city":"尾張旭市","town":"庄中町渋川"}],"0835":[{"pref":"愛知県","city":"尾張旭市","town":"庄中町南島"}],"0823":[{"pref":"愛知県","city":"尾張旭市","town":"庄南町"}],"0867":[{"pref":"愛知県","city":"尾張旭市","town":"城前町"}],"0863":[{"pref":"愛知県","city":"尾張旭市","town":"城前町上大道"}],"0861":[{"pref":"愛知県","city":"尾張旭市","town":"城前町城前"}],"0866":[{"pref":"愛知県","city":"尾張旭市","town":"城前町茅池"}],"0884":[{"pref":"愛知県","city":"尾張旭市","town":"城山町城山"}],"0883":[{"pref":"愛知県","city":"尾張旭市","town":"城山町長池下"}],"0881":[{"pref":"愛知県","city":"尾張旭市","town":"城山町三ツ池"}],"0882":[{"pref":"愛知県","city":"尾張旭市","town":"城山町向ケ丘"}],"0023":[{"pref":"愛知県","city":"尾張旭市","town":"瀬戸川町"}],"0011":[{"pref":"愛知県","city":"尾張旭市","town":"東栄町"}],"0844":[{"pref":"愛知県","city":"尾張旭市","town":"東名西町"}],"0821":[{"pref":"愛知県","city":"尾張旭市","town":"長坂町南山"}],"0813":[{"pref":"愛知県","city":"尾張旭市","town":"西大道町五輪塚"}],"0816":[{"pref":"愛知県","city":"尾張旭市","town":"西大道町下大道"}],"0814":[{"pref":"愛知県","city":"尾張旭市","town":"西大道町前田"}],"0817":[{"pref":"愛知県","city":"尾張旭市","town":"西大道町八瀬の木前"}],"0815":[{"pref":"愛知県","city":"尾張旭市","town":"西大道町六兵衛前"}],"0804":[{"pref":"愛知県","city":"尾張旭市","town":"西の野町"}],"0805":[{"pref":"愛知県","city":"尾張旭市","town":"西の野町豆塚"}],"0824":[{"pref":"愛知県","city":"尾張旭市","town":"西山町"}],"0002":[{"pref":"愛知県","city":"尾張旭市","town":"根の鼻町"}],"0858":[{"pref":"愛知県","city":"尾張旭市","town":"白鳳町"}],"0032":[{"pref":"愛知県","city":"尾張旭市","town":"晴丘町池上"}],"0031":[{"pref":"愛知県","city":"尾張旭市","town":"晴丘町東"}],"0830":[{"pref":"愛知県","city":"尾張旭市","town":"東印場町"}],"0833":[{"pref":"愛知県","city":"尾張旭市","town":"東印場町二反田"}],"0003":[{"pref":"愛知県","city":"尾張旭市","town":"東大久手町"}],"0017":[{"pref":"愛知県","city":"尾張旭市","town":"東三郷町"}],"0802":[{"pref":"愛知県","city":"尾張旭市","town":"東大道町曽我廻間"}],"0801":[{"pref":"愛知県","city":"尾張旭市","town":"東大道町原田"}],"0803":[{"pref":"愛知県","city":"尾張旭市","town":"東大道町山の内"}],"0033":[{"pref":"愛知県","city":"尾張旭市","town":"東本地ケ原町"}],"0825":[{"pref":"愛知県","city":"尾張旭市","town":"東山町"}],"0876":[{"pref":"愛知県","city":"尾張旭市","town":"平子ケ丘町"}],"0873":[{"pref":"愛知県","city":"尾張旭市","town":"平子町中通"}],"0872":[{"pref":"愛知県","city":"尾張旭市","town":"平子町長池上"}],"0871":[{"pref":"愛知県","city":"尾張旭市","town":"平子町東"}],"0874":[{"pref":"愛知県","city":"尾張旭市","town":"平子町西"}],"0875":[{"pref":"愛知県","city":"尾張旭市","town":"平子町北"}],"0822":[{"pref":"愛知県","city":"尾張旭市","town":"緑町緑ケ丘"}],"0045":[{"pref":"愛知県","city":"尾張旭市","town":"南栄町"}],"0046":[{"pref":"愛知県","city":"尾張旭市","town":"南栄町旭ケ丘"}],"0047":[{"pref":"愛知県","city":"尾張旭市","town":"南栄町黒石"}],"0041":[{"pref":"愛知県","city":"尾張旭市","town":"南新町中畑"}],"0042":[{"pref":"愛知県","city":"尾張旭市","town":"南新町白山"}],"0066":[{"pref":"愛知県","city":"尾張旭市","town":"南原山町赤土"}],"0067":[{"pref":"愛知県","city":"尾張旭市","town":"南原山町石原"}],"0068":[{"pref":"愛知県","city":"尾張旭市","town":"南原山町南原山"}],"0044":[{"pref":"愛知県","city":"尾張旭市","town":"南本地ケ原町"}],"0818":[{"pref":"愛知県","city":"尾張旭市","town":"向町"}],"0827":[{"pref":"愛知県","city":"尾張旭市","town":"吉岡町"}]}