{"0000":[{"pref":"静岡県","city":"菊川市","town":"以下に掲載がない場合"}],"0012":[{"pref":"静岡県","city":"菊川市","town":"青葉台"}],"0017":[{"pref":"静岡県","city":"菊川市","town":"朝日"}],"0013":[{"pref":"静岡県","city":"菊川市","town":"牛渕"}],"0021":[{"pref":"静岡県","city":"菊川市","town":"小出"}],"0031":[{"pref":"静岡県","city":"菊川市","town":"加茂"}],"0016":[{"pref":"静岡県","city":"菊川市","town":"神尾"}],"0002":[{"pref":"静岡県","city":"菊川市","town":"倉沢"}],"0014":[{"pref":"静岡県","city":"菊川市","town":"小沢"}],"0003":[{"pref":"静岡県","city":"菊川市","town":"沢水加"}],"0034":[{"pref":"静岡県","city":"菊川市","town":"下内田"}],"0005":[{"pref":"静岡県","city":"菊川市","town":"潮海寺"}],"0032":[{"pref":"静岡県","city":"菊川市","town":"月岡"}],"0025":[{"pref":"静岡県","city":"菊川市","town":"土橋"}],"0001":[{"pref":"静岡県","city":"菊川市","town":"富田"}],"0008":[{"pref":"静岡県","city":"菊川市","town":"友田"}],"0036":[{"pref":"静岡県","city":"菊川市","town":"中内田"}],"0011":[{"pref":"静岡県","city":"菊川市","town":"仲島"}],"0024":[{"pref":"静岡県","city":"菊川市","town":"奈良野"}],"0037":[{"pref":"静岡県","city":"菊川市","town":"西方"}],"0026":[{"pref":"静岡県","city":"菊川市","town":"西横地"}],"0019":[{"pref":"静岡県","city":"菊川市","town":"半済"}],"0022":[{"pref":"静岡県","city":"菊川市","town":"東横地"}],"0035":[{"pref":"静岡県","city":"菊川市","town":"平尾"}],"0006":[{"pref":"静岡県","city":"菊川市","town":"堀之内"}],"0018":[{"pref":"静岡県","city":"菊川市","town":"本所"}],"0015":[{"pref":"静岡県","city":"菊川市","town":"牧之原"}],"0023":[{"pref":"静岡県","city":"菊川市","town":"三沢"}],"0033":[{"pref":"静岡県","city":"菊川市","town":"耳川"}],"0007":[{"pref":"静岡県","city":"菊川市","town":"柳"}],"0009":[{"pref":"静岡県","city":"菊川市","town":"吉沢"}],"0004":[{"pref":"静岡県","city":"菊川市","town":"和田"}]}