{"1100":[{"pref":"北海道","city":"厚岸郡厚岸町","town":"以下に掲載がない場合"}],"1101":[{"pref":"北海道","city":"厚岸郡厚岸町","town":"糸魚沢"},{"pref":"北海道","city":"厚岸郡厚岸町","town":"神岩"},{"pref":"北海道","city":"厚岸郡厚岸町","town":"チライカリベツ"},{"pref":"北海道","city":"厚岸郡厚岸町","town":"別寒辺牛"},{"pref":"北海道","city":"厚岸郡厚岸町","town":"ホロニタイ"},{"pref":"北海道","city":"厚岸郡厚岸町","town":"若松"}],"1102":[{"pref":"北海道","city":"厚岸郡厚岸町","town":"登喜岱"}],"1103":[{"pref":"北海道","city":"厚岸郡厚岸町","town":"小島"}],"1104":[{"pref":"北海道","city":"厚岸郡厚岸町","town":"大黒島"}],"1105":[{"pref":"北海道","city":"厚岸郡厚岸町","town":"末広"}],"1106":[{"pref":"北海道","city":"厚岸郡厚岸町","town":"東梅"}],"1107":[{"pref":"北海道","city":"厚岸郡厚岸町","town":"床潭"}],"1108":[{"pref":"北海道","city":"厚岸郡厚岸町","town":"筑紫恋"}],"1111":[{"pref":"北海道","city":"厚岸郡厚岸町","town":"奔渡"}],"1112":[{"pref":"北海道","city":"厚岸郡厚岸町","town":"有明"}],"1113":[{"pref":"北海道","city":"厚岸郡厚岸町","town":"愛冠"}],"1114":[{"pref":"北海道","city":"厚岸郡厚岸町","town":"湾月"}],"1115":[{"pref":"北海道","city":"厚岸郡厚岸町","town":"梅香"}],"1116":[{"pref":"北海道","city":"厚岸郡厚岸町","town":"松葉"}],"1117":[{"pref":"北海道","city":"厚岸郡厚岸町","town":"御供"}],"1118":[{"pref":"北海道","city":"厚岸郡厚岸町","town":"若竹"},{"pref":"北海道","city":"厚岸郡厚岸町","town":"若竹町"}],"1119":[{"pref":"北海道","city":"厚岸郡厚岸町","town":"住の江"}],"1120":[{"pref":"北海道","city":"厚岸郡厚岸町","town":"山の手"}],"1124":[{"pref":"北海道","city":"厚岸郡厚岸町","town":"宮園"}],"1125":[{"pref":"北海道","city":"厚岸郡厚岸町","town":"白浜"}],"1126":[{"pref":"北海道","city":"厚岸郡厚岸町","town":"門静（その他）"}],"1128":[{"pref":"北海道","city":"厚岸郡厚岸町","town":"港町"}],"1129":[{"pref":"北海道","city":"厚岸郡厚岸町","town":"光栄"}],"1130":[{"pref":"北海道","city":"厚岸郡厚岸町","town":"太田南"}],"1131":[{"pref":"北海道","city":"厚岸郡厚岸町","town":"太田"}],"1132":[{"pref":"北海道","city":"厚岸郡厚岸町","town":"太田東"}],"1133":[{"pref":"北海道","city":"厚岸郡厚岸町","town":"太田宏陽"}],"1134":[{"pref":"北海道","city":"厚岸郡厚岸町","town":"太田西"}],"1135":[{"pref":"北海道","city":"厚岸郡厚岸町","town":"太田北"}],"1136":[{"pref":"北海道","city":"厚岸郡厚岸町","town":"大別"}],"1137":[{"pref":"北海道","city":"厚岸郡厚岸町","town":"片無去"}],"1138":[{"pref":"北海道","city":"厚岸郡厚岸町","town":"セタニウシ"}],"1139":[{"pref":"北海道","city":"厚岸郡厚岸町","town":"サッテベツ"}],"1140":[{"pref":"北海道","city":"厚岸郡厚岸町","town":"サンヌシ"}],"1141":[{"pref":"北海道","city":"厚岸郡厚岸町","town":"太田１の通り"}],"1142":[{"pref":"北海道","city":"厚岸郡厚岸町","town":"太田２の通り"}],"1143":[{"pref":"北海道","city":"厚岸郡厚岸町","town":"太田３の通り"}],"1144":[{"pref":"北海道","city":"厚岸郡厚岸町","town":"太田４の通り"}],"1145":[{"pref":"北海道","city":"厚岸郡厚岸町","town":"太田５の通り"}],"1146":[{"pref":"北海道","city":"厚岸郡厚岸町","town":"太田６の通り"}],"1147":[{"pref":"北海道","city":"厚岸郡厚岸町","town":"太田７の通り"}],"1148":[{"pref":"北海道","city":"厚岸郡厚岸町","town":"太田８の通り"}],"1149":[{"pref":"北海道","city":"厚岸郡厚岸町","town":"太田９の通り"}],"1151":[{"pref":"北海道","city":"厚岸郡厚岸町","town":"真栄"}],"1301":[{"pref":"北海道","city":"厚岸郡浜中町","town":"一番沢"}],"1302":[{"pref":"北海道","city":"厚岸郡浜中町","town":"二番沢"}],"1303":[{"pref":"北海道","city":"厚岸郡浜中町","town":"三番沢"}],"1304":[{"pref":"北海道","city":"厚岸郡浜中町","town":"四番沢"}],"1306":[{"pref":"北海道","city":"厚岸郡浜中町","town":"六番沢"}],"1360":[{"pref":"北海道","city":"厚岸郡浜中町","town":"散布村（北の沢）"}],"1361":[{"pref":"北海道","city":"厚岸郡浜中町","town":"茶内緑"}],"1362":[{"pref":"北海道","city":"厚岸郡浜中町","town":"茶内本町"}],"1363":[{"pref":"北海道","city":"厚岸郡浜中町","town":"茶内栄"}],"1364":[{"pref":"北海道","city":"厚岸郡浜中町","town":"茶内若葉"}],"1365":[{"pref":"北海道","city":"厚岸郡浜中町","town":"茶内橋北東"}],"1366":[{"pref":"北海道","city":"厚岸郡浜中町","town":"茶内橋北西"}],"1367":[{"pref":"北海道","city":"厚岸郡浜中町","town":"茶内旭"}],"1368":[{"pref":"北海道","city":"厚岸郡浜中町","town":"茶内基線"},{"pref":"北海道","city":"厚岸郡浜中町","town":"茶内東１線"},{"pref":"北海道","city":"厚岸郡浜中町","town":"茶内東２線"}],"1369":[{"pref":"北海道","city":"厚岸郡浜中町","town":"茶内西"}],"1370":[{"pref":"北海道","city":"厚岸郡浜中町","town":"西円朱別西"}],"1371":[{"pref":"北海道","city":"厚岸郡浜中町","town":"円朱別西"}],"1389":[{"pref":"北海道","city":"厚岸郡厚岸町","town":"トライベツ"}],"1401":[{"pref":"北海道","city":"厚岸郡浜中町","town":"榊町"}],"1402":[{"pref":"北海道","city":"厚岸郡浜中町","town":"後静"},{"pref":"北海道","city":"厚岸郡浜中町","town":"横浜"}],"1403":[{"pref":"北海道","city":"厚岸郡浜中町","town":"アザラップ"},{"pref":"北海道","city":"厚岸郡浜中町","town":"幌戸"}],"1404":[{"pref":"北海道","city":"厚岸郡浜中町","town":"ムギカラシナイ"}],"1405":[{"pref":"北海道","city":"厚岸郡浜中町","town":"奔幌戸"}],"1406":[{"pref":"北海道","city":"厚岸郡浜中町","town":"赤泊"},{"pref":"北海道","city":"厚岸郡浜中町","town":"羨古丹"}],"1407":[{"pref":"北海道","city":"厚岸郡浜中町","town":"榊町西"}],"1408":[{"pref":"北海道","city":"厚岸郡浜中町","town":"大津屋沢"}],"1409":[{"pref":"北海道","city":"厚岸郡浜中町","town":"走古潭"}],"1412":[{"pref":"北海道","city":"厚岸郡浜中町","town":"後静村（熊牛原野）"}],"1485":[{"pref":"北海道","city":"厚岸郡浜中町","town":"浜中"}],"1486":[{"pref":"北海道","city":"厚岸郡浜中町","town":"熊牛"}],"1487":[{"pref":"北海道","city":"厚岸郡浜中町","town":"茶内東３線"},{"pref":"北海道","city":"厚岸郡浜中町","town":"茶内東４線"},{"pref":"北海道","city":"厚岸郡浜中町","town":"茶内東５線"},{"pref":"北海道","city":"厚岸郡浜中町","town":"茶内東６線"}],"1500":[{"pref":"北海道","city":"厚岸郡浜中町","town":"以下に掲載がない場合"}],"1511":[{"pref":"北海道","city":"厚岸郡浜中町","town":"霧多布東一条"}],"1512":[{"pref":"北海道","city":"厚岸郡浜中町","town":"霧多布東二条"}],"1513":[{"pref":"北海道","city":"厚岸郡浜中町","town":"霧多布東三条"}],"1514":[{"pref":"北海道","city":"厚岸郡浜中町","town":"霧多布東四条"}],"1522":[{"pref":"北海道","city":"厚岸郡浜中町","town":"湯沸"}],"1524":[{"pref":"北海道","city":"厚岸郡浜中町","town":"暮帰別東"}],"1525":[{"pref":"北海道","city":"厚岸郡浜中町","town":"暮帰別西"}],"1526":[{"pref":"北海道","city":"厚岸郡浜中町","town":"新川"}],"1527":[{"pref":"北海道","city":"厚岸郡浜中町","town":"新川東"}],"1528":[{"pref":"北海道","city":"厚岸郡浜中町","town":"新川西"}],"1531":[{"pref":"北海道","city":"厚岸郡浜中町","town":"仲の浜"}],"1532":[{"pref":"北海道","city":"厚岸郡浜中町","town":"琵琶瀬"}],"1534":[{"pref":"北海道","city":"厚岸郡浜中町","town":"渡散布"}],"1535":[{"pref":"北海道","city":"厚岸郡浜中町","town":"養老散布"}],"1536":[{"pref":"北海道","city":"厚岸郡浜中町","town":"火散布"}],"1537":[{"pref":"北海道","city":"厚岸郡浜中町","town":"丸山散布"}],"1538":[{"pref":"北海道","city":"厚岸郡浜中町","town":"藻散布"}],"1551":[{"pref":"北海道","city":"厚岸郡浜中町","town":"霧多布西一条"}],"1552":[{"pref":"北海道","city":"厚岸郡浜中町","town":"霧多布西二条"}],"1553":[{"pref":"北海道","city":"厚岸郡浜中町","town":"霧多布西三条"}],"1554":[{"pref":"北海道","city":"厚岸郡浜中町","town":"霧多布西四条"}],"1561":[{"pref":"北海道","city":"厚岸郡浜中町","town":"霧多布湿原"}],"1571":[{"pref":"北海道","city":"厚岸郡浜中町","town":"道有林"}],"1641":[{"pref":"北海道","city":"厚岸郡浜中町","town":"姉別基線"}],"1643":[{"pref":"北海道","city":"厚岸郡浜中町","town":"貰人"}],"1644":[{"pref":"北海道","city":"厚岸郡浜中町","town":"恵茶人"}],"1645":[{"pref":"北海道","city":"厚岸郡浜中町","town":"仙鳳趾"}],"1646":[{"pref":"北海道","city":"厚岸郡浜中町","town":"姉別（丁目）"}],"1647":[{"pref":"北海道","city":"厚岸郡浜中町","town":"姉別南"}],"1648":[{"pref":"北海道","city":"厚岸郡浜中町","town":"姉別北"}],"1649":[{"pref":"北海道","city":"厚岸郡浜中町","town":"姉別緑栄"}],"1781":[{"pref":"北海道","city":"根室市","town":"落石西"}],"1782":[{"pref":"北海道","city":"根室市","town":"落石東"}],"1783":[{"pref":"北海道","city":"根室市","town":"浜松"}],"1784":[{"pref":"北海道","city":"根室市","town":"昆布盛"}],"1785":[{"pref":"北海道","city":"根室市","town":"長節"}],"2140":[{"pref":"北海道","city":"釧路郡釧路町","town":"細岡"}],"2141":[{"pref":"北海道","city":"釧路郡釧路町","town":"達古武"}],"2142":[{"pref":"北海道","city":"釧路郡釧路町","town":"遠野"}],"2143":[{"pref":"北海道","city":"釧路郡釧路町","town":"河畔"}],"2144":[{"pref":"北海道","city":"釧路郡釧路町","town":"鳥里"}],"2145":[{"pref":"北海道","city":"釧路郡釧路町","town":"遠矢"}],"2146":[{"pref":"北海道","city":"釧路郡釧路町","town":"鳥通西"}],"2147":[{"pref":"北海道","city":"釧路郡釧路町","town":"鳥通東"}],"2148":[{"pref":"北海道","city":"釧路郡釧路町","town":"鳥通"}],"2151":[{"pref":"北海道","city":"釧路郡釧路町","town":"よし野"}],"2152":[{"pref":"北海道","city":"釧路郡釧路町","town":"南陽台"}],"2153":[{"pref":"北海道","city":"釧路郡釧路町","town":"緑"}],"2154":[{"pref":"北海道","city":"釧路郡釧路町","town":"柏東"}],"2155":[{"pref":"北海道","city":"釧路郡釧路町","town":"柏西"}],"2156":[{"pref":"北海道","city":"釧路郡釧路町","town":"遠矢南"}],"2157":[{"pref":"北海道","city":"釧路郡釧路町","town":"わらび"}],"2261":[{"pref":"北海道","city":"川上郡標茶町","town":"塘路（その他）"}],"2262":[{"pref":"北海道","city":"川上郡標茶町","town":"ウライヤ"}],"2263":[{"pref":"北海道","city":"川上郡標茶町","town":"沼ノ上"}],"2264":[{"pref":"北海道","city":"川上郡標茶町","town":"塘路原野"}],"2265":[{"pref":"北海道","city":"川上郡標茶町","town":"シラルトロ"},{"pref":"北海道","city":"川上郡標茶町","town":"塘路（３２番地）"}],"2266":[{"pref":"北海道","city":"川上郡標茶町","town":"茅沼"},{"pref":"北海道","city":"川上郡標茶町","town":"コツタロ原野"}],"2271":[{"pref":"北海道","city":"川上郡標茶町","town":"阿歴内"}],"2272":[{"pref":"北海道","city":"川上郡標茶町","town":"阿歴内原野"}],"2273":[{"pref":"北海道","city":"川上郡標茶町","town":"西和"}],"2274":[{"pref":"北海道","city":"川上郡標茶町","town":"東阿歴内"}],"2275":[{"pref":"北海道","city":"川上郡標茶町","town":"北片無去"}],"2300":[{"pref":"北海道","city":"川上郡標茶町","town":"以下に掲載がない場合"}],"2301":[{"pref":"北海道","city":"川上郡標茶町","town":"旭"}],"2302":[{"pref":"北海道","city":"川上郡標茶町","town":"富士"}],"2303":[{"pref":"北海道","city":"川上郡標茶町","town":"桜"}],"2304":[{"pref":"北海道","city":"川上郡標茶町","town":"平和"}],"2305":[{"pref":"北海道","city":"川上郡標茶町","town":"麻生"}],"2311":[{"pref":"北海道","city":"川上郡標茶町","town":"開運"}],"2312":[{"pref":"北海道","city":"川上郡標茶町","town":"川上"}],"2313":[{"pref":"北海道","city":"川上郡標茶町","town":"常盤"}],"2314":[{"pref":"北海道","city":"川上郡標茶町","town":"標茶"}],"2321":[{"pref":"北海道","city":"川上郡標茶町","town":"上チャンベツ"}],"2322":[{"pref":"北海道","city":"川上郡標茶町","town":"中チャンベツ"}],"2323":[{"pref":"北海道","city":"川上郡標茶町","town":"下チャンベツ"}],"2324":[{"pref":"北海道","city":"川上郡標茶町","town":"雷別"}],"2331":[{"pref":"北海道","city":"川上郡標茶町","town":"オソツベツ"},{"pref":"北海道","city":"川上郡標茶町","town":"下オソツベツ"}],"2332":[{"pref":"北海道","city":"川上郡標茶町","town":"中オソツベツ"}],"2333":[{"pref":"北海道","city":"川上郡標茶町","town":"上オソツベツ"}],"2334":[{"pref":"北海道","city":"川上郡標茶町","town":"厚生"}],"2335":[{"pref":"北海道","city":"川上郡標茶町","town":"五十石"}],"2336":[{"pref":"北海道","city":"川上郡標茶町","town":"ルルラン"}],"2337":[{"pref":"北海道","city":"川上郡標茶町","town":"北標茶"},{"pref":"北海道","city":"川上郡標茶町","town":"栄（その他）"}],"2338":[{"pref":"北海道","city":"川上郡標茶町","town":"南標茶"}],"2339":[{"pref":"北海道","city":"川上郡標茶町","town":"上多和"},{"pref":"北海道","city":"川上郡標茶町","town":"多和（その他）"}],"2380":[{"pref":"北海道","city":"川上郡標茶町","town":"クチョロ原野"}],"2381":[{"pref":"北海道","city":"川上郡標茶町","town":"中久著呂市街"}],"2382":[{"pref":"北海道","city":"川上郡標茶町","town":"中久著呂"}],"2388":[{"pref":"北海道","city":"川上郡標茶町","town":"コッタロ"}],"2389":[{"pref":"北海道","city":"川上郡標茶町","town":"ヌマオロ原野"}],"2461":[{"pref":"北海道","city":"川上郡標茶町","town":"虹別市街"}],"2462":[{"pref":"北海道","city":"川上郡標茶町","town":"虹別"}],"2463":[{"pref":"北海道","city":"川上郡標茶町","town":"虹別（上虹）"}],"2464":[{"pref":"北海道","city":"川上郡標茶町","town":"虹別（中虹）"}],"2465":[{"pref":"北海道","city":"川上郡標茶町","town":"虹別（萩野）"}],"2561":[{"pref":"北海道","city":"野付郡別海町","town":"西春別駅前柏町"}],"2562":[{"pref":"北海道","city":"野付郡別海町","town":"西春別駅前栄町"}],"2563":[{"pref":"北海道","city":"野付郡別海町","town":"西春別駅前錦町"}],"2564":[{"pref":"北海道","city":"野付郡別海町","town":"西春別駅前西町"}],"2565":[{"pref":"北海道","city":"野付郡別海町","town":"西春別駅前寿町"}],"2566":[{"pref":"北海道","city":"野付郡別海町","town":"西春別駅前曙町"}],"2571":[{"pref":"北海道","city":"野付郡別海町","town":"西春別幸町"}],"2572":[{"pref":"北海道","city":"野付郡別海町","town":"西春別清川町"}],"2573":[{"pref":"北海道","city":"野付郡別海町","town":"西春別本久町"}],"2574":[{"pref":"北海道","city":"野付郡別海町","town":"西春別昭栄町"}],"2575":[{"pref":"北海道","city":"野付郡別海町","town":"西春別宮園町"}],"2576":[{"pref":"北海道","city":"野付郡別海町","town":"西春別"}],"2577":[{"pref":"北海道","city":"野付郡別海町","town":"矢臼別（４０の１番地、４１の２番地）"}],"2578":[{"pref":"北海道","city":"野付郡別海町","town":"泉川"}],"2601":[{"pref":"北海道","city":"野付郡別海町","town":"大成"}],"2602":[{"pref":"北海道","city":"野付郡別海町","town":"本別"}],"2681":[{"pref":"北海道","city":"標津郡中標津町","town":"当幌"}],"2682":[{"pref":"北海道","city":"標津郡中標津町","town":"計根別"}],"2683":[{"pref":"北海道","city":"標津郡中標津町","town":"上標津"}],"2684":[{"pref":"北海道","city":"標津郡中標津町","town":"養老牛"}],"2685":[{"pref":"北海道","city":"標津郡中標津町","town":"西竹"}],"2686":[{"pref":"北海道","city":"標津郡中標津町","town":"俣落（１６２９－１、１６５３－３、１６８４－５、１８８６－２、１８９３、"},{"pref":"北海道","city":"標津郡中標津町","town":"１８９６－２、１８９６－３、１９０６－８、１９３２－２、１９３６、"},{"pref":"北海道","city":"標津郡中標津町","town":"１９３６－２、１９５１－２、１９５６－２、１９６７－２、１９８０－２、"},{"pref":"北海道","city":"標津郡中標津町","town":"１９９７－３、２０００－２、２０００－８、２００３、２０１５－４、"},{"pref":"北海道","city":"標津郡中標津町","town":"２０２３－２、２０３８－２、２２５３－２、２２５３－５、２２５３－２１、"},{"pref":"北海道","city":"標津郡中標津町","town":"２２５３－２４、２２５３－３５、２２５３－６３）"}],"2721":[{"pref":"北海道","city":"野付郡別海町","town":"上春別緑町"}],"2722":[{"pref":"北海道","city":"野付郡別海町","town":"上春別旭町"}],"2723":[{"pref":"北海道","city":"野付郡別海町","town":"上春別南町"}],"2724":[{"pref":"北海道","city":"野付郡別海町","town":"上春別栄町"}],"2725":[{"pref":"北海道","city":"野付郡別海町","town":"上春別"}],"3141":[{"pref":"北海道","city":"川上郡標茶町","town":"多和（１２０番地）"}],"3142":[{"pref":"北海道","city":"川上郡標茶町","town":"上磯分内"}],"3143":[{"pref":"北海道","city":"川上郡標茶町","town":"磯分内美幌"}],"3144":[{"pref":"北海道","city":"川上郡標茶町","town":"中多和"}],"3145":[{"pref":"北海道","city":"川上郡標茶町","town":"熊牛原野"}],"3146":[{"pref":"北海道","city":"川上郡標茶町","town":"磯分内下"}],"3147":[{"pref":"北海道","city":"川上郡標茶町","town":"磯分内市街"}],"3148":[{"pref":"北海道","city":"川上郡標茶町","town":"磯分内福島"}],"3149":[{"pref":"北海道","city":"川上郡標茶町","town":"磯分内乙西"}],"3151":[{"pref":"北海道","city":"川上郡標茶町","town":"磯分内上"}],"3152":[{"pref":"北海道","city":"川上郡標茶町","town":"磯分内協盛"}],"3153":[{"pref":"北海道","city":"川上郡標茶町","town":"磯分内小林"}],"3154":[{"pref":"北海道","city":"川上郡標茶町","town":"栄（１４５、１６９番地）"}],"3155":[{"pref":"北海道","city":"川上郡標茶町","town":"磯分内平泉"}],"3156":[{"pref":"北海道","city":"川上郡標茶町","town":"磯分内平和"}],"3157":[{"pref":"北海道","city":"川上郡標茶町","town":"磯分内憩"}],"3200":[{"pref":"北海道","city":"川上郡弟子屈町","town":"以下に掲載がない場合"}],"3201":[{"pref":"北海道","city":"川上郡弟子屈町","town":"摩周"}],"3202":[{"pref":"北海道","city":"川上郡弟子屈町","town":"鈴蘭"}],"3203":[{"pref":"北海道","city":"川上郡弟子屈町","town":"湯の島"}],"3204":[{"pref":"北海道","city":"川上郡弟子屈町","town":"朝日"}],"3211":[{"pref":"北海道","city":"川上郡弟子屈町","town":"中央"}],"3212":[{"pref":"北海道","city":"川上郡弟子屈町","town":"泉"}],"3213":[{"pref":"北海道","city":"川上郡弟子屈町","town":"桜丘"}],"3214":[{"pref":"北海道","city":"川上郡弟子屈町","town":"高栄"}],"3215":[{"pref":"北海道","city":"川上郡弟子屈町","town":"美里"}],"3221":[{"pref":"北海道","city":"川上郡弟子屈町","town":"鐺別"},{"pref":"北海道","city":"川上郡弟子屈町","town":"鐺別原野"}],"3222":[{"pref":"北海道","city":"川上郡弟子屈町","town":"弟子屈原野"}],"3223":[{"pref":"北海道","city":"川上郡弟子屈町","town":"仁多"}],"3224":[{"pref":"北海道","city":"川上郡弟子屈町","town":"平和"}],"3225":[{"pref":"北海道","city":"川上郡弟子屈町","town":"最栄利別"}],"3226":[{"pref":"北海道","city":"川上郡弟子屈町","town":"奥オソベツ"}],"3227":[{"pref":"北海道","city":"川上郡弟子屈町","town":"重内"}],"3228":[{"pref":"北海道","city":"川上郡弟子屈町","town":"奥春別"}],"3271":[{"pref":"北海道","city":"川上郡弟子屈町","town":"南弟子屈"}],"3331":[{"pref":"北海道","city":"川上郡弟子屈町","town":"美留和"},{"pref":"北海道","city":"川上郡弟子屈町","town":"美留和原野"}],"3332":[{"pref":"北海道","city":"川上郡弟子屈町","town":"札友内"},{"pref":"北海道","city":"川上郡弟子屈町","town":"札友内原野"}],"3341":[{"pref":"北海道","city":"川上郡弟子屈町","town":"屈斜路"},{"pref":"北海道","city":"川上郡弟子屈町","town":"屈斜路原野"}],"3351":[{"pref":"北海道","city":"川上郡弟子屈町","town":"池の湯"},{"pref":"北海道","city":"川上郡弟子屈町","town":"屈斜路市街地"},{"pref":"北海道","city":"川上郡弟子屈町","town":"古丹"},{"pref":"北海道","city":"川上郡弟子屈町","town":"砂湯"}],"3461":[{"pref":"北海道","city":"川上郡弟子屈町","town":"跡佐登"},{"pref":"北海道","city":"川上郡弟子屈町","town":"跡佐登原野"}],"3462":[{"pref":"北海道","city":"川上郡弟子屈町","town":"川湯駅前"}],"3463":[{"pref":"北海道","city":"川上郡弟子屈町","town":"アトサヌプリ原野"}],"3464":[{"pref":"北海道","city":"川上郡弟子屈町","town":"サワンチサップ"}],"3465":[{"pref":"北海道","city":"川上郡弟子屈町","town":"川湯温泉"}],"0122":[{"pref":"北海道","city":"釧路市","town":"音別町あけぼの"}],"0117":[{"pref":"北海道","city":"釧路市","town":"音別町朝日"}],"0104":[{"pref":"北海道","city":"釧路市","town":"音別町音別原野基線（二俣）"}],"0108":[{"pref":"北海道","city":"釧路市","town":"音別町音別原野基線（二俣川向）"}],"0126":[{"pref":"北海道","city":"釧路市","town":"音別町音別原野西（川西）"}],"0109":[{"pref":"北海道","city":"釧路市","town":"音別町音別原野東"}],"0114":[{"pref":"北海道","city":"釧路市","town":"音別町海光"}],"0123":[{"pref":"北海道","city":"釧路市","town":"音別町川東"}],"0134":[{"pref":"北海道","city":"釧路市","town":"音別町キナシ別"}],"0125":[{"pref":"北海道","city":"釧路市","town":"音別町共栄"}],"0133":[{"pref":"北海道","city":"釧路市","town":"音別町尺別"}],"0132":[{"pref":"北海道","city":"釧路市","town":"音別町尺別（岐線）"}],"0107":[{"pref":"北海道","city":"釧路市","town":"音別町チヤンベツ"}],"0135":[{"pref":"北海道","city":"釧路市","town":"音別町直別"}],"0102":[{"pref":"北海道","city":"釧路市","town":"音別町中音別（光和）"}],"0112":[{"pref":"北海道","city":"釧路市","town":"音別町中音別（チノミ台）"}],"0103":[{"pref":"北海道","city":"釧路市","town":"音別町中音別（北栄）"}],"0118":[{"pref":"北海道","city":"釧路市","town":"音別町中音別（その他）"}],"0116":[{"pref":"北海道","city":"釧路市","town":"音別町中園"}],"0106":[{"pref":"北海道","city":"釧路市","town":"音別町ヌプキベツ"}],"0131":[{"pref":"北海道","city":"釧路市","town":"音別町ノトロ"}],"0101":[{"pref":"北海道","city":"釧路市","town":"音別町馬主来"}],"0111":[{"pref":"北海道","city":"釧路市","town":"音別町パシクル湖畔"}],"0113":[{"pref":"北海道","city":"釧路市","town":"音別町風連"}],"0124":[{"pref":"北海道","city":"釧路市","town":"音別町緑町"}],"0105":[{"pref":"北海道","city":"釧路市","town":"音別町ムリ"}],"0115":[{"pref":"北海道","city":"釧路市","town":"音別町本町"}],"0121":[{"pref":"北海道","city":"釧路市","town":"音別町若草"}],"0181":[{"pref":"北海道","city":"十勝郡浦幌町","town":"直別"}],"0600":[{"pref":"北海道","city":"釧路郡釧路町","town":"以下に掲載がない場合"}],"0616":[{"pref":"北海道","city":"釧路郡釧路町","town":"曙"}],"0626":[{"pref":"北海道","city":"釧路郡釧路町","town":"桂"}],"0621":[{"pref":"北海道","city":"釧路郡釧路町","town":"桂木"}],"0601":[{"pref":"北海道","city":"釧路郡釧路町","town":"上別保原野"}],"0612":[{"pref":"北海道","city":"釧路郡釧路町","town":"雁来"}],"0625":[{"pref":"北海道","city":"釧路郡釧路町","town":"北見団地"}],"0622":[{"pref":"北海道","city":"釧路郡釧路町","town":"木場"}],"0609":[{"pref":"北海道","city":"釧路郡釧路町","town":"共和"}],"0623":[{"pref":"北海道","city":"釧路郡釧路町","town":"光和"}],"0614":[{"pref":"北海道","city":"釧路郡釧路町","town":"国誉"}],"0624":[{"pref":"北海道","city":"釧路郡釧路町","town":"新開"}],"0833":[{"pref":"北海道","city":"釧路郡釧路町","town":"仙鳳趾村（老者舞）"}],"0835":[{"pref":"北海道","city":"釧路郡釧路町","town":"仙鳳趾村（オタクパウシ）"}],"0834":[{"pref":"北海道","city":"釧路郡釧路町","town":"仙鳳趾村（汐見）"}],"0831":[{"pref":"北海道","city":"釧路郡釧路町","town":"仙鳳趾村（仙鳳趾）"}],"0832":[{"pref":"北海道","city":"釧路郡釧路町","town":"仙鳳趾村（知方学）"}],"0608":[{"pref":"北海道","city":"釧路郡釧路町","town":"釧望台"}],"0606":[{"pref":"北海道","city":"釧路郡釧路町","town":"中央"}],"0628":[{"pref":"北海道","city":"釧路郡釧路町","town":"東陽大通西"}],"0627":[{"pref":"北海道","city":"釧路郡釧路町","town":"東陽西"}],"0607":[{"pref":"北海道","city":"釧路郡釧路町","town":"床丹"}],"0618":[{"pref":"北海道","city":"釧路郡釧路町","town":"富原"}],"0611":[{"pref":"北海道","city":"釧路郡釧路町","town":"豊美"}],"0604":[{"pref":"北海道","city":"釧路郡釧路町","town":"別保"}],"0605":[{"pref":"北海道","city":"釧路郡釧路町","town":"別保原野"}],"0602":[{"pref":"北海道","city":"釧路郡釧路町","town":"別保東"}],"0603":[{"pref":"北海道","city":"釧路郡釧路町","town":"別保南"}],"0617":[{"pref":"北海道","city":"釧路郡釧路町","town":"北都"}],"0615":[{"pref":"北海道","city":"釧路郡釧路町","town":"睦"}],"0613":[{"pref":"北海道","city":"釧路郡釧路町","town":"若葉"}],"0876":[{"pref":"北海道","city":"厚岸郡厚岸町","town":"沖万別"}],"0873":[{"pref":"北海道","city":"厚岸郡厚岸町","town":"乙幌"}],"0871":[{"pref":"北海道","city":"厚岸郡厚岸町","town":"尾幌"}],"0771":[{"pref":"北海道","city":"厚岸郡厚岸町","town":"上尾幌"}],"0875":[{"pref":"北海道","city":"厚岸郡厚岸町","town":"苫多"}],"0877":[{"pref":"北海道","city":"厚岸郡厚岸町","town":"敏内"}],"0874":[{"pref":"北海道","city":"厚岸郡厚岸町","town":"門静（４丁目５５～１１４番地）"}],"0872":[{"pref":"北海道","city":"厚岸郡厚岸町","town":"来別"}],"0878":[{"pref":"北海道","city":"厚岸郡厚岸町","town":"ルークシュポール"}],"0300":[{"pref":"北海道","city":"白糠郡白糠町","town":"以下に掲載がない場合"}],"0585":[{"pref":"北海道","city":"白糠郡白糠町","town":"暁"}],"0353":[{"pref":"北海道","city":"白糠郡白糠町","town":"大沢"},{"pref":"北海道","city":"白糠郡白糠町","town":"大平"},{"pref":"北海道","city":"白糠郡白糠町","town":"河原"},{"pref":"北海道","city":"白糠郡白糠町","town":"恋隠"},{"pref":"北海道","city":"白糠郡白糠町","town":"中和天別"},{"pref":"北海道","city":"白糠郡白糠町","town":"本郷"}],"0341":[{"pref":"北海道","city":"白糠郡白糠町","town":"大苗"},{"pref":"北海道","city":"白糠郡白糠町","town":"下茶路"},{"pref":"北海道","city":"白糠郡白糠町","town":"相互"},{"pref":"北海道","city":"白糠郡白糠町","town":"西茶路"},{"pref":"北海道","city":"白糠郡白糠町","town":"東茶路"}],"0561":[{"pref":"北海道","city":"白糠郡白糠町","town":"大楽毛"}],"0342":[{"pref":"北海道","city":"白糠郡白糠町","town":"御札部"},{"pref":"北海道","city":"白糠郡白糠町","town":"御仁田"},{"pref":"北海道","city":"白糠郡白糠町","town":"川西"},{"pref":"北海道","city":"白糠郡白糠町","town":"高台"},{"pref":"北海道","city":"白糠郡白糠町","town":"鍛高"},{"pref":"北海道","city":"白糠郡白糠町","town":"茶路（共栄）"},{"pref":"北海道","city":"白糠郡白糠町","town":"中茶路"},{"pref":"北海道","city":"白糠郡白糠町","town":"松川"}],"0583":[{"pref":"北海道","city":"白糠郡白糠町","town":"上庶路"}],"0343":[{"pref":"北海道","city":"白糠郡白糠町","town":"上茶路"},{"pref":"北海道","city":"白糠郡白糠町","town":"新縫別"},{"pref":"北海道","city":"白糠郡白糠町","town":"縫別"},{"pref":"北海道","city":"白糠郡白糠町","town":"南大曲"},{"pref":"北海道","city":"白糠郡白糠町","town":"南上茶路"}],"0352":[{"pref":"北海道","city":"白糠郡白糠町","town":"川島"},{"pref":"北海道","city":"白糠郡白糠町","town":"大秋"},{"pref":"北海道","city":"白糠郡白糠町","town":"馬主来"},{"pref":"北海道","city":"白糠郡白糠町","town":"緑"}],"0351":[{"pref":"北海道","city":"白糠郡白糠町","town":"橋西"},{"pref":"北海道","city":"白糠郡白糠町","town":"坂の丘"},{"pref":"北海道","city":"白糠郡白糠町","town":"下和天別"},{"pref":"北海道","city":"白糠郡白糠町","town":"和天別"}],"0562":[{"pref":"北海道","city":"白糠郡白糠町","town":"コイトイ"},{"pref":"北海道","city":"白糠郡白糠町","town":"恋問"}],"0569":[{"pref":"北海道","city":"白糠郡白糠町","town":"工業団地"}],"0305":[{"pref":"北海道","city":"白糠郡白糠町","town":"刺牛"}],"0567":[{"pref":"北海道","city":"白糠郡白糠町","town":"庶路"}],"0566":[{"pref":"北海道","city":"白糠郡白糠町","town":"庶路（宮下）"}],"0564":[{"pref":"北海道","city":"白糠郡白糠町","town":"庶路（１区）"}],"0565":[{"pref":"北海道","city":"白糠郡白糠町","town":"庶路（２区）"}],"0563":[{"pref":"北海道","city":"白糠郡白糠町","town":"庶路甲区"}],"0568":[{"pref":"北海道","city":"白糠郡白糠町","town":"庶路乙区"}],"0586":[{"pref":"北海道","city":"白糠郡白糠町","town":"庶路東"}],"0587":[{"pref":"北海道","city":"白糠郡白糠町","town":"庶路西"}],"0560":[{"pref":"北海道","city":"白糠郡白糠町","town":"庶路宮下"}],"0581":[{"pref":"北海道","city":"白糠郡白糠町","town":"乳呑"}],"0584":[{"pref":"北海道","city":"白糠郡白糠町","town":"泊別"}],"0582":[{"pref":"北海道","city":"白糠郡白糠町","town":"中庶路"}],"0572":[{"pref":"北海道","city":"白糠郡白糠町","town":"西庶路西一条南"},{"pref":"北海道","city":"白糠郡白糠町","town":"西庶路西二条南"},{"pref":"北海道","city":"白糠郡白糠町","town":"西庶路西三条南"},{"pref":"北海道","city":"白糠郡白糠町","town":"西庶路西四条南"},{"pref":"北海道","city":"白糠郡白糠町","town":"西庶路西五条南"}],"0571":[{"pref":"北海道","city":"白糠郡白糠町","town":"西庶路西一条北"},{"pref":"北海道","city":"白糠郡白糠町","town":"西庶路西二条北"},{"pref":"北海道","city":"白糠郡白糠町","town":"西庶路西三条北"}],"0574":[{"pref":"北海道","city":"白糠郡白糠町","town":"西庶路東一条南"},{"pref":"北海道","city":"白糠郡白糠町","town":"西庶路東二条南"},{"pref":"北海道","city":"白糠郡白糠町","town":"西庶路東三条南"}],"0573":[{"pref":"北海道","city":"白糠郡白糠町","town":"西庶路東一条北"},{"pref":"北海道","city":"白糠郡白糠町","town":"西庶路東二条北"},{"pref":"北海道","city":"白糠郡白糠町","town":"西庶路東三条北"}],"0575":[{"pref":"北海道","city":"白糠郡白糠町","town":"西庶路学園通"}],"0311":[{"pref":"北海道","city":"白糠郡白糠町","town":"西一条南"}],"0321":[{"pref":"北海道","city":"白糠郡白糠町","town":"西一条北"}],"0312":[{"pref":"北海道","city":"白糠郡白糠町","town":"西二条南"}],"0322":[{"pref":"北海道","city":"白糠郡白糠町","town":"西二条北"}],"0325":[{"pref":"北海道","city":"白糠郡白糠町","town":"西三条北"}],"0323":[{"pref":"北海道","city":"白糠郡白糠町","town":"西四条北"}],"0324":[{"pref":"北海道","city":"白糠郡白糠町","town":"西五条北"}],"0326":[{"pref":"北海道","city":"白糠郡白糠町","town":"西六条北"}],"0301":[{"pref":"北海道","city":"白糠郡白糠町","town":"東一条南"}],"0331":[{"pref":"北海道","city":"白糠郡白糠町","town":"東一条北"}],"0302":[{"pref":"北海道","city":"白糠郡白糠町","town":"東二条南"}],"0332":[{"pref":"北海道","city":"白糠郡白糠町","town":"東二条北"}],"0303":[{"pref":"北海道","city":"白糠郡白糠町","town":"東三条南"}],"0333":[{"pref":"北海道","city":"白糠郡白糠町","town":"東三条北"}],"0344":[{"pref":"北海道","city":"白糠郡白糠町","town":"左股"},{"pref":"北海道","city":"白糠郡白糠町","town":"二股"},{"pref":"北海道","city":"白糠郡白糠町","town":"右股"}],"0304":[{"pref":"北海道","city":"白糠郡白糠町","town":"岬"}]}