{"1101":[{"pref":"青森県","city":"八戸市","town":"尻内町"}],"1102":[{"pref":"青森県","city":"八戸市","town":"一番町"}],"1103":[{"pref":"青森県","city":"八戸市","town":"長苗代"}],"1104":[{"pref":"青森県","city":"八戸市","town":"田面木"}],"1105":[{"pref":"青森県","city":"八戸市","town":"八幡"}],"1106":[{"pref":"青森県","city":"八戸市","town":"坂牛"}],"1107":[{"pref":"青森県","city":"八戸市","town":"櫛引（その他）"}],"1108":[{"pref":"青森県","city":"八戸市","town":"上野"}],"1109":[{"pref":"青森県","city":"八戸市","town":"豊崎町"}],"1111":[{"pref":"青森県","city":"八戸市","town":"東白山台"}],"1112":[{"pref":"青森県","city":"八戸市","town":"南白山台"}],"1113":[{"pref":"青森県","city":"八戸市","town":"西白山台"}],"1114":[{"pref":"青森県","city":"八戸市","town":"北白山台"}],"1121":[{"pref":"青森県","city":"八戸市","town":"卸センター"}],"1160":[{"pref":"青森県","city":"八戸市","town":"小田"}],"1161":[{"pref":"青森県","city":"八戸市","town":"河原木"}],"1162":[{"pref":"青森県","city":"八戸市","town":"豊洲"}],"1163":[{"pref":"青森県","city":"八戸市","town":"高州"}],"1164":[{"pref":"青森県","city":"八戸市","town":"下長"}],"1165":[{"pref":"青森県","city":"八戸市","town":"石堂"}],"1166":[{"pref":"青森県","city":"八戸市","town":"根城"}],"1167":[{"pref":"青森県","city":"八戸市","town":"沢里"}],"1168":[{"pref":"青森県","city":"八戸市","town":"八太郎"}],"1169":[{"pref":"青森県","city":"八戸市","town":"日計"}],"1200":[{"pref":"青森県","city":"三戸郡階上町","town":"以下に掲載がない場合"}],"1201":[{"pref":"青森県","city":"三戸郡階上町","town":"道仏"}],"1202":[{"pref":"青森県","city":"三戸郡階上町","town":"赤保内"}],"1203":[{"pref":"青森県","city":"三戸郡階上町","town":"鳥屋部"}],"1204":[{"pref":"青森県","city":"三戸郡階上町","town":"平内"}],"1205":[{"pref":"青森県","city":"三戸郡階上町","town":"晴山沢"}],"1206":[{"pref":"青森県","city":"三戸郡階上町","town":"田代"}],"1207":[{"pref":"青森県","city":"三戸郡階上町","town":"金山沢"}],"1208":[{"pref":"青森県","city":"三戸郡階上町","town":"角柄折"}],"1211":[{"pref":"青森県","city":"三戸郡階上町","town":"蒼前東"}],"1212":[{"pref":"青森県","city":"三戸郡階上町","town":"蒼前西"}],"1500":[{"pref":"青森県","city":"三戸郡五戸町","town":"以下に掲載がない場合"}],"1501":[{"pref":"青森県","city":"三戸郡五戸町","town":"上市川"}],"1502":[{"pref":"青森県","city":"三戸郡五戸町","town":"切谷内（その他）"}],"1503":[{"pref":"青森県","city":"三戸郡五戸町","town":"大久保"},{"pref":"青森県","city":"三戸郡五戸町","town":"佐野上谷地"},{"pref":"青森県","city":"三戸郡五戸町","town":"鮫ノ口"}],"1504":[{"pref":"青森県","city":"三戸郡五戸町","town":"兎内"},{"pref":"青森県","city":"三戸郡五戸町","town":"兎内上保土沢"},{"pref":"青森県","city":"三戸郡五戸町","town":"兎内下保土沢"},{"pref":"青森県","city":"三戸郡五戸町","town":"兎内下川原"},{"pref":"青森県","city":"三戸郡五戸町","town":"兎内下谷地"},{"pref":"青森県","city":"三戸郡五戸町","town":"上兎内"}],"1505":[{"pref":"青森県","city":"三戸郡五戸町","town":"石仏"},{"pref":"青森県","city":"三戸郡五戸町","town":"石仏上川原"},{"pref":"青森県","city":"三戸郡五戸町","town":"石仏下川原"},{"pref":"青森県","city":"三戸郡五戸町","town":"石仏前"}],"1506":[{"pref":"青森県","city":"三戸郡五戸町","town":"熊野林"},{"pref":"青森県","city":"三戸郡五戸町","town":"熊野林後"},{"pref":"青森県","city":"三戸郡五戸町","town":"熊野林前"}],"1507":[{"pref":"青森県","city":"三戸郡五戸町","town":"蛯川後"},{"pref":"青森県","city":"三戸郡五戸町","town":"蛯川前川原"},{"pref":"青森県","city":"三戸郡五戸町","town":"蛯川村"},{"pref":"青森県","city":"三戸郡五戸町","town":"上谷地"},{"pref":"青森県","city":"三戸郡五戸町","town":"中森"}],"1508":[{"pref":"青森県","city":"三戸郡五戸町","town":"赤川"},{"pref":"青森県","city":"三戸郡五戸町","town":"赤川前"},{"pref":"青森県","city":"三戸郡五戸町","town":"上新道"},{"pref":"青森県","city":"三戸郡五戸町","town":"下新道"},{"pref":"青森県","city":"三戸郡五戸町","town":"土取場"},{"pref":"青森県","city":"三戸郡五戸町","town":"中寄"}],"1511":[{"pref":"青森県","city":"三戸郡五戸町","town":"鍜冶屋窪"},{"pref":"青森県","city":"三戸郡五戸町","town":"鍜冶屋窪上ミ"},{"pref":"青森県","city":"三戸郡五戸町","town":"鍜冶屋敷"},{"pref":"青森県","city":"三戸郡五戸町","town":"丁塚"}],"1512":[{"pref":"青森県","city":"三戸郡五戸町","town":"西ノ沢"}],"1513":[{"pref":"青森県","city":"三戸郡五戸町","town":"古館"},{"pref":"青森県","city":"三戸郡五戸町","town":"古館向"},{"pref":"青森県","city":"三戸郡五戸町","town":"古館向川原"},{"pref":"青森県","city":"三戸郡五戸町","town":"古館脇"}],"1514":[{"pref":"青森県","city":"三戸郡五戸町","town":"下中崎"},{"pref":"青森県","city":"三戸郡五戸町","town":"中崎"}],"1515":[{"pref":"青森県","city":"三戸郡五戸町","town":"熊ノ沢"},{"pref":"青森県","city":"三戸郡五戸町","town":"熊ノ沢頭"},{"pref":"青森県","city":"三戸郡五戸町","town":"治郎左エ門長根"}],"1516":[{"pref":"青森県","city":"三戸郡五戸町","town":"市川道十文字"}],"1517":[{"pref":"青森県","city":"三戸郡五戸町","town":"沢向"}],"1518":[{"pref":"青森県","city":"三戸郡五戸町","town":"下モ沢向"}],"1519":[{"pref":"青森県","city":"三戸郡五戸町","town":"天満"},{"pref":"青森県","city":"三戸郡五戸町","town":"天満後"},{"pref":"青森県","city":"三戸郡五戸町","town":"天満下川原"}],"1521":[{"pref":"青森県","city":"三戸郡五戸町","town":"五百窪"},{"pref":"青森県","city":"三戸郡五戸町","town":"泉窪"},{"pref":"青森県","city":"三戸郡五戸町","town":"大渡"},{"pref":"青森県","city":"三戸郡五戸町","town":"大渡道ノ下"},{"pref":"青森県","city":"三戸郡五戸町","town":"久蔵窪"}],"1522":[{"pref":"青森県","city":"三戸郡五戸町","town":"小渡"},{"pref":"青森県","city":"三戸郡五戸町","town":"小渡頭"},{"pref":"青森県","city":"三戸郡五戸町","town":"徳良窪"},{"pref":"青森県","city":"三戸郡五戸町","town":"苗代沢"}],"1523":[{"pref":"青森県","city":"三戸郡五戸町","town":"上保土沢"},{"pref":"青森県","city":"三戸郡五戸町","town":"下保土沢"},{"pref":"青森県","city":"三戸郡五戸町","town":"新蔵長根"}],"1524":[{"pref":"青森県","city":"三戸郡五戸町","town":"豊間内"}],"1525":[{"pref":"青森県","city":"三戸郡五戸町","town":"地蔵岱"}],"1526":[{"pref":"青森県","city":"三戸郡五戸町","town":"上長下"},{"pref":"青森県","city":"三戸郡五戸町","town":"下長下"},{"pref":"青森県","city":"三戸郡五戸町","town":"惣林橋"}],"1527":[{"pref":"青森県","city":"三戸郡五戸町","town":"扇田"}],"1528":[{"pref":"青森県","city":"三戸郡五戸町","town":"浅水"}],"1529":[{"pref":"青森県","city":"三戸郡五戸町","town":"手倉橋"}],"1531":[{"pref":"青森県","city":"三戸郡五戸町","town":"狐森"},{"pref":"青森県","city":"三戸郡五戸町","town":"狐森北"}],"1532":[{"pref":"青森県","city":"三戸郡五戸町","town":"観音堂"}],"1533":[{"pref":"青森県","city":"三戸郡五戸町","town":"上大町"},{"pref":"青森県","city":"三戸郡五戸町","town":"野月"}],"1534":[{"pref":"青森県","city":"三戸郡五戸町","town":"荒町"}],"1535":[{"pref":"青森県","city":"三戸郡五戸町","town":"新丁"}],"1536":[{"pref":"青森県","city":"三戸郡五戸町","town":"愛宕後"},{"pref":"青森県","city":"三戸郡五戸町","town":"愛宕下タ"},{"pref":"青森県","city":"三戸郡五戸町","town":"愛宕丁"}],"1537":[{"pref":"青森県","city":"三戸郡五戸町","town":"ウルエ長根"},{"pref":"青森県","city":"三戸郡五戸町","town":"ウルエ長根下"},{"pref":"青森県","city":"三戸郡五戸町","town":"追分"},{"pref":"青森県","city":"三戸郡五戸町","town":"二本柳"},{"pref":"青森県","city":"三戸郡五戸町","town":"二本柳向"}],"1538":[{"pref":"青森県","city":"三戸郡五戸町","town":"塚無岱"},{"pref":"青森県","city":"三戸郡五戸町","town":"古街道長根"}],"1539":[{"pref":"青森県","city":"三戸郡五戸町","town":"石沢境"},{"pref":"青森県","city":"三戸郡五戸町","town":"中ノ沢"},{"pref":"青森県","city":"三戸郡五戸町","town":"中ノ沢西張"}],"1541":[{"pref":"青森県","city":"三戸郡五戸町","town":"新田窪"}],"1542":[{"pref":"青森県","city":"三戸郡五戸町","town":"中道"},{"pref":"青森県","city":"三戸郡五戸町","town":"中道十文字"}],"1543":[{"pref":"青森県","city":"三戸郡五戸町","town":"竹原"}],"1544":[{"pref":"青森県","city":"三戸郡五戸町","town":"二階平"},{"pref":"青森県","city":"三戸郡五戸町","town":"二階平下タ"}],"1545":[{"pref":"青森県","city":"三戸郡五戸町","town":"正場沢"},{"pref":"青森県","city":"三戸郡五戸町","town":"正場沢長根"}],"1546":[{"pref":"青森県","city":"三戸郡五戸町","town":"下タノ沢"},{"pref":"青森県","city":"三戸郡五戸町","town":"下タノ沢頭"},{"pref":"青森県","city":"三戸郡五戸町","town":"土井頭"}],"1547":[{"pref":"青森県","city":"三戸郡五戸町","town":"神明後"}],"1548":[{"pref":"青森県","city":"三戸郡五戸町","town":"新町"}],"1551":[{"pref":"青森県","city":"三戸郡五戸町","town":"上新井田"},{"pref":"青森県","city":"三戸郡五戸町","town":"上新井田前"}],"1552":[{"pref":"青森県","city":"三戸郡五戸町","town":"姥堤"},{"pref":"青森県","city":"三戸郡五戸町","town":"上高田"},{"pref":"青森県","city":"三戸郡五戸町","town":"筒口川原"},{"pref":"青森県","city":"三戸郡五戸町","town":"中高田"}],"1553":[{"pref":"青森県","city":"三戸郡五戸町","town":"川原町下裏"},{"pref":"青森県","city":"三戸郡五戸町","town":"川原町西裏"}],"1554":[{"pref":"青森県","city":"三戸郡五戸町","town":"川原町"},{"pref":"青森県","city":"三戸郡五戸町","town":"川原町裏"},{"pref":"青森県","city":"三戸郡五戸町","town":"傳兵ヱ丁"}],"1555":[{"pref":"青森県","city":"三戸郡五戸町","town":"下高田"},{"pref":"青森県","city":"三戸郡五戸町","town":"古堂"},{"pref":"青森県","city":"三戸郡五戸町","town":"古堂後"}],"1556":[{"pref":"青森県","city":"三戸郡五戸町","town":"油出"}],"1557":[{"pref":"青森県","city":"三戸郡五戸町","town":"上川原"},{"pref":"青森県","city":"三戸郡五戸町","town":"八景"}],"1558":[{"pref":"青森県","city":"三戸郡五戸町","town":"沢"},{"pref":"青森県","city":"三戸郡五戸町","town":"館"},{"pref":"青森県","city":"三戸郡五戸町","town":"博労町"},{"pref":"青森県","city":"三戸郡五戸町","town":"堀合"}],"1559":[{"pref":"青森県","city":"三戸郡五戸町","town":"下大町"},{"pref":"青森県","city":"三戸郡五戸町","town":"横丁"}],"1561":[{"pref":"青森県","city":"三戸郡五戸町","town":"赤坂"},{"pref":"青森県","city":"三戸郡五戸町","town":"越掛沢"},{"pref":"青森県","city":"三戸郡五戸町","town":"越掛沢前"},{"pref":"青森県","city":"三戸郡五戸町","town":"越掛沢道下モ"}],"1562":[{"pref":"青森県","city":"三戸郡五戸町","town":"鹿内"},{"pref":"青森県","city":"三戸郡五戸町","town":"鹿内沖"},{"pref":"青森県","city":"三戸郡五戸町","town":"鹿内下モ"},{"pref":"青森県","city":"三戸郡五戸町","town":"鹿内前"},{"pref":"青森県","city":"三戸郡五戸町","town":"白山"},{"pref":"青森県","city":"三戸郡五戸町","town":"白山前"}],"1563":[{"pref":"青森県","city":"三戸郡五戸町","town":"岡谷地"},{"pref":"青森県","city":"三戸郡五戸町","town":"毛無森"},{"pref":"青森県","city":"三戸郡五戸町","town":"大学沢"},{"pref":"青森県","city":"三戸郡五戸町","town":"大学沢向"},{"pref":"青森県","city":"三戸郡五戸町","town":"大工窪"},{"pref":"青森県","city":"三戸郡五戸町","town":"平佐窪"}],"1564":[{"pref":"青森県","city":"三戸郡五戸町","town":"古館下川原"},{"pref":"青森県","city":"三戸郡五戸町","town":"六角"}],"1565":[{"pref":"青森県","city":"三戸郡五戸町","town":"下新井田"},{"pref":"青森県","city":"三戸郡五戸町","town":"下新井田前"},{"pref":"青森県","city":"三戸郡五戸町","town":"花道川原"}],"1566":[{"pref":"青森県","city":"三戸郡五戸町","town":"幸ノ神"},{"pref":"青森県","city":"三戸郡五戸町","town":"幸ノ神前"}],"1567":[{"pref":"青森県","city":"三戸郡五戸町","town":"上大平楽"},{"pref":"青森県","city":"三戸郡五戸町","town":"下大平楽"}],"1568":[{"pref":"青森県","city":"三戸郡五戸町","town":"銀杏木"},{"pref":"青森県","city":"三戸郡五戸町","town":"銀杏木前"},{"pref":"青森県","city":"三戸郡五戸町","town":"一本木"},{"pref":"青森県","city":"三戸郡五戸町","town":"一本木前"},{"pref":"青森県","city":"三戸郡五戸町","town":"應田"},{"pref":"青森県","city":"三戸郡五戸町","town":"傘松"},{"pref":"青森県","city":"三戸郡五戸町","town":"傘松前"}],"1569":[{"pref":"青森県","city":"三戸郡五戸町","town":"根岸"},{"pref":"青森県","city":"三戸郡五戸町","town":"虫追塚前"}],"1701":[{"pref":"青森県","city":"三戸郡五戸町","town":"倉石石沢"}],"1702":[{"pref":"青森県","city":"三戸郡五戸町","town":"倉石中市"}],"1703":[{"pref":"青森県","city":"三戸郡五戸町","town":"倉石又重"}],"1800":[{"pref":"青森県","city":"三戸郡新郷村","town":"以下に掲載がない場合"}],"1801":[{"pref":"青森県","city":"三戸郡新郷村","town":"戸来"}],"1802":[{"pref":"青森県","city":"三戸郡新郷村","town":"西越"}],"2102":[{"pref":"青森県","city":"上北郡おいらせ町","town":"豊栄"}],"2111":[{"pref":"青森県","city":"上北郡おいらせ町","town":"西後谷地"}],"2112":[{"pref":"青森県","city":"上北郡おいらせ町","town":"中野平"}],"2113":[{"pref":"青森県","city":"上北郡おいらせ町","town":"犬毛谷地"}],"2114":[{"pref":"青森県","city":"上北郡おいらせ町","town":"高田"}],"2115":[{"pref":"青森県","city":"上北郡おいらせ町","town":"菜飯"}],"2116":[{"pref":"青森県","city":"上北郡おいらせ町","town":"秋堂"}],"2117":[{"pref":"青森県","city":"上北郡おいらせ町","town":"川端"}],"2118":[{"pref":"青森県","city":"上北郡おいらせ町","town":"彦七川原"}],"2121":[{"pref":"青森県","city":"上北郡おいらせ町","town":"下境"}],"2122":[{"pref":"青森県","city":"上北郡おいらせ町","town":"沼小屋"}],"2123":[{"pref":"青森県","city":"上北郡おいらせ町","town":"西下谷地"}],"2124":[{"pref":"青森県","city":"上北郡おいらせ町","town":"境田"}],"2125":[{"pref":"青森県","city":"上北郡おいらせ町","town":"三本木"}],"2126":[{"pref":"青森県","city":"上北郡おいらせ町","town":"間木"}],"2127":[{"pref":"青森県","city":"上北郡おいらせ町","town":"木崎"}],"2128":[{"pref":"青森県","city":"上北郡おいらせ町","town":"染屋"}],"2129":[{"pref":"青森県","city":"上北郡おいらせ町","town":"中平下長根山"}],"2131":[{"pref":"青森県","city":"上北郡おいらせ町","town":"向川原"}],"2132":[{"pref":"青森県","city":"上北郡おいらせ町","town":"西前川原"}],"2133":[{"pref":"青森県","city":"上北郡おいらせ町","town":"上川原"}],"2134":[{"pref":"青森県","city":"上北郡おいらせ町","town":"馳下り"}],"2135":[{"pref":"青森県","city":"上北郡おいらせ町","town":"立蛇"}],"2136":[{"pref":"青森県","city":"上北郡おいらせ町","town":"中下田"}],"2141":[{"pref":"青森県","city":"上北郡おいらせ町","town":"明土"}],"2142":[{"pref":"青森県","city":"上北郡おいらせ町","town":"小前谷地"}],"2143":[{"pref":"青森県","city":"上北郡おいらせ町","town":"上水下"}],"2144":[{"pref":"青森県","city":"上北郡おいらせ町","town":"丈の端"}],"2145":[{"pref":"青森県","city":"上北郡おいらせ町","town":"上谷地"}],"2146":[{"pref":"青森県","city":"上北郡おいらせ町","town":"中谷地"}],"2147":[{"pref":"青森県","city":"上北郡おいらせ町","town":"赤田前"}],"2151":[{"pref":"青森県","city":"上北郡おいらせ町","town":"向山"}],"2152":[{"pref":"青森県","city":"上北郡おいらせ町","town":"向山東"}],"2153":[{"pref":"青森県","city":"上北郡おいらせ町","town":"山崎"}],"2154":[{"pref":"青森県","city":"上北郡おいらせ町","town":"豊原"}],"2155":[{"pref":"青森県","city":"上北郡おいらせ町","town":"木ノ下西"}],"2156":[{"pref":"青森県","city":"上北郡おいらせ町","town":"木ノ下南"}],"2157":[{"pref":"青森県","city":"上北郡おいらせ町","town":"木ノ下東"}],"2158":[{"pref":"青森県","city":"上北郡おいらせ町","town":"向山南"}],"2161":[{"pref":"青森県","city":"上北郡おいらせ町","town":"西下川原"}],"2162":[{"pref":"青森県","city":"上北郡おいらせ町","town":"南下田"}],"2163":[{"pref":"青森県","city":"上北郡おいらせ町","town":"館越"}],"2164":[{"pref":"青森県","city":"上北郡おいらせ町","town":"神明前"}],"2165":[{"pref":"青森県","city":"上北郡おいらせ町","town":"阿光坊"}],"2171":[{"pref":"青森県","city":"上北郡おいらせ町","town":"新敷"}],"2172":[{"pref":"青森県","city":"上北郡おいらせ町","town":"洗平"}],"2173":[{"pref":"青森県","city":"上北郡おいらせ町","town":"瓢"}],"2180":[{"pref":"青森県","city":"上北郡おいらせ町","town":"住吉"}],"2181":[{"pref":"青森県","city":"上北郡おいらせ町","town":"古間木山"}],"2182":[{"pref":"青森県","city":"上北郡おいらせ町","town":"鶉久保"}],"2183":[{"pref":"青森県","city":"上北郡おいらせ町","town":"鶉久保山"}],"2184":[{"pref":"青森県","city":"上北郡おいらせ町","town":"浜道"}],"2185":[{"pref":"青森県","city":"上北郡おいらせ町","town":"上久保"}],"2186":[{"pref":"青森県","city":"上北郡おいらせ町","town":"北下田"}],"2187":[{"pref":"青森県","city":"上北郡おいらせ町","town":"緑ケ丘"}],"2188":[{"pref":"青森県","city":"上北郡おいらせ町","town":"若葉"}],"2189":[{"pref":"青森県","city":"上北郡おいらせ町","town":"青葉"}],"2200":[{"pref":"青森県","city":"上北郡おいらせ町","town":"以下に掲載がない場合"}],"2201":[{"pref":"青森県","city":"上北郡おいらせ町","town":"二川目"}],"2202":[{"pref":"青森県","city":"上北郡おいらせ町","town":"向平"}],"2203":[{"pref":"青森県","city":"上北郡おいらせ町","town":"一川目"}],"2204":[{"pref":"青森県","city":"上北郡おいらせ町","town":"深沢"}],"2205":[{"pref":"青森県","city":"上北郡おいらせ町","town":"深沢平"}],"2206":[{"pref":"青森県","city":"上北郡おいらせ町","town":"松原"}],"2211":[{"pref":"青森県","city":"上北郡おいらせ町","town":"新田"}],"2212":[{"pref":"青森県","city":"上北郡おいらせ町","town":"東下川原"}],"2213":[{"pref":"青森県","city":"上北郡おいらせ町","town":"堀ノ内"}],"2214":[{"pref":"青森県","city":"上北郡おいらせ町","town":"東前川原"}],"2215":[{"pref":"青森県","city":"上北郡おいらせ町","town":"下屋敷"}],"2216":[{"pref":"青森県","city":"上北郡おいらせ町","town":"後田"}],"2217":[{"pref":"青森県","city":"上北郡おいらせ町","town":"牛込平"}],"2221":[{"pref":"青森県","city":"上北郡おいらせ町","town":"上前田"}],"2222":[{"pref":"青森県","city":"上北郡おいらせ町","town":"下前田"}],"2223":[{"pref":"青森県","city":"上北郡おいらせ町","town":"苗平谷地"}],"2224":[{"pref":"青森県","city":"上北郡おいらせ町","town":"下明堂"}],"2225":[{"pref":"青森県","city":"上北郡おいらせ町","town":"上明堂"}],"2226":[{"pref":"青森県","city":"上北郡おいらせ町","town":"新助川原"}],"2231":[{"pref":"青森県","city":"上北郡おいらせ町","town":"東下谷地"}],"2232":[{"pref":"青森県","city":"上北郡おいらせ町","town":"東後谷地"}],"2233":[{"pref":"青森県","city":"上北郡おいらせ町","town":"沼端"}],"2234":[{"pref":"青森県","city":"上北郡おいらせ町","town":"堤田"}],"2235":[{"pref":"青森県","city":"上北郡おいらせ町","town":"千刈田"}],"2236":[{"pref":"青森県","city":"上北郡おいらせ町","town":"洋光台"}],"2241":[{"pref":"青森県","city":"八戸市","town":"市川町"}],"2242":[{"pref":"青森県","city":"八戸市","town":"多賀台"}],"2243":[{"pref":"青森県","city":"八戸市","town":"松ケ丘"}],"2245":[{"pref":"青森県","city":"八戸市","town":"北インター工業団地"}],"2246":[{"pref":"青森県","city":"八戸市","town":"桔梗野工業団地"}],"2251":[{"pref":"青森県","city":"上北郡おいらせ町","town":"向坂"}],"2252":[{"pref":"青森県","city":"上北郡おいらせ町","town":"黒坂谷地"}],"2253":[{"pref":"青森県","city":"上北郡おいらせ町","town":"獺野"}],"2254":[{"pref":"青森県","city":"上北郡おいらせ町","town":"苗振谷地"}],"2255":[{"pref":"青森県","city":"上北郡おいらせ町","town":"土取"}],"2300":[{"pref":"青森県","city":"上北郡六戸町","town":"以下に掲載がない場合"}],"2302":[{"pref":"青森県","city":"三戸郡五戸町","town":"切谷内（北田ノ沢）"}],"2311":[{"pref":"青森県","city":"上北郡六戸町","town":"上吉田"}],"2312":[{"pref":"青森県","city":"上北郡六戸町","town":"下吉田"}],"2313":[{"pref":"青森県","city":"上北郡六戸町","town":"鶴喰"}],"2314":[{"pref":"青森県","city":"上北郡六戸町","town":"小平"}],"2315":[{"pref":"青森県","city":"上北郡六戸町","town":"柳町"}],"2371":[{"pref":"青森県","city":"上北郡六戸町","town":"犬落瀬（その他）"}],"2372":[{"pref":"青森県","city":"上北郡六戸町","town":"折茂（その他）"}],"2401":[{"pref":"青森県","city":"上北郡東北町","town":"上野"}],"2402":[{"pref":"青森県","city":"上北郡東北町","town":"大浦"}],"2403":[{"pref":"青森県","city":"上北郡東北町","town":"新舘"}],"2404":[{"pref":"青森県","city":"上北郡東北町","town":"上北北"}],"2405":[{"pref":"青森県","city":"上北郡東北町","town":"上北南"}],"2406":[{"pref":"青森県","city":"上北郡東北町","town":"旭北"}],"2407":[{"pref":"青森県","city":"上北郡東北町","town":"旭南"}],"2500":[{"pref":"青森県","city":"上北郡七戸町","town":"以下に掲載がない場合"}],"2501":[{"pref":"青森県","city":"上北郡七戸町","town":"荒熊内"}],"2502":[{"pref":"青森県","city":"上北郡七戸町","town":"大沢"}],"2503":[{"pref":"青森県","city":"上北郡七戸町","town":"豊間内"}],"2504":[{"pref":"青森県","city":"上北郡七戸町","town":"寒水"}],"2505":[{"pref":"青森県","city":"上北郡七戸町","town":"立野頭"}],"2506":[{"pref":"青森県","city":"上北郡七戸町","town":"膝森"}],"2507":[{"pref":"青森県","city":"上北郡七戸町","town":"えぞ花"}],"2508":[{"pref":"青森県","city":"上北郡七戸町","town":"大池"}],"2511":[{"pref":"青森県","city":"上北郡七戸町","town":"笊田川久保"}],"2512":[{"pref":"青森県","city":"上北郡七戸町","town":"笊田"}],"2513":[{"pref":"青森県","city":"上北郡七戸町","town":"東槻木"}],"2514":[{"pref":"青森県","city":"上北郡七戸町","town":"太田野"}],"2515":[{"pref":"青森県","city":"上北郡七戸町","town":"蒼前"}],"2516":[{"pref":"青森県","city":"上北郡七戸町","town":"舘野"}],"2517":[{"pref":"青森県","city":"上北郡七戸町","town":"夏焼"}],"2518":[{"pref":"青森県","city":"上北郡七戸町","town":"天神林"}],"2521":[{"pref":"青森県","city":"上北郡七戸町","town":"天王"}],"2522":[{"pref":"青森県","city":"上北郡七戸町","town":"倉越"}],"2523":[{"pref":"青森県","city":"上北郡七戸町","town":"影津内"}],"2524":[{"pref":"青森県","city":"上北郡七戸町","town":"寺裏"}],"2525":[{"pref":"青森県","city":"上北郡七戸町","town":"七戸"}],"2526":[{"pref":"青森県","city":"上北郡七戸町","town":"上町野"}],"2527":[{"pref":"青森県","city":"上北郡七戸町","town":"町"}],"2531":[{"pref":"青森県","city":"上北郡七戸町","town":"太田"}],"2532":[{"pref":"青森県","city":"上北郡七戸町","town":"大林"}],"2533":[{"pref":"青森県","city":"上北郡七戸町","town":"川去"}],"2534":[{"pref":"青森県","city":"上北郡七戸町","town":"荒屋"}],"2535":[{"pref":"青森県","city":"上北郡七戸町","town":"沼ノ沢"}],"2536":[{"pref":"青森県","city":"上北郡七戸町","town":"野佐掛"}],"2537":[{"pref":"青森県","city":"上北郡七戸町","town":"賽ノ神"}],"2538":[{"pref":"青森県","city":"上北郡七戸町","town":"寺下"}],"2539":[{"pref":"青森県","city":"上北郡七戸町","town":"中村"}],"2541":[{"pref":"青森県","city":"上北郡七戸町","town":"都平"}],"2542":[{"pref":"青森県","city":"上北郡七戸町","town":"萩ノ沢"}],"2543":[{"pref":"青森県","city":"上北郡七戸町","town":"有田沢"}],"2544":[{"pref":"青森県","city":"上北郡七戸町","town":"八栗平"}],"2545":[{"pref":"青森県","city":"上北郡七戸町","town":"別曽"}],"2546":[{"pref":"青森県","city":"上北郡七戸町","town":"清水頭"}],"2547":[{"pref":"青森県","city":"上北郡七戸町","town":"矢倉"}],"2548":[{"pref":"青森県","city":"上北郡七戸町","town":"見町"}],"2549":[{"pref":"青森県","city":"上北郡七戸町","town":"下見町"}],"2551":[{"pref":"青森県","city":"上北郡七戸町","town":"薬師平"}],"2552":[{"pref":"青森県","city":"上北郡七戸町","town":"鶴打田"}],"2553":[{"pref":"青森県","city":"上北郡七戸町","town":"八尺堂"}],"2554":[{"pref":"青森県","city":"上北郡七戸町","town":"中岫"}],"2555":[{"pref":"青森県","city":"上北郡七戸町","town":"前田"}],"2556":[{"pref":"青森県","city":"上北郡七戸町","town":"西槻木"}],"2557":[{"pref":"青森県","city":"上北郡七戸町","town":"西野"}],"2558":[{"pref":"青森県","city":"上北郡七戸町","town":"高屋敷"}],"2559":[{"pref":"青森県","city":"上北郡七戸町","town":"山屋"}],"2561":[{"pref":"青森県","city":"上北郡七戸町","town":"銀南木"}],"2562":[{"pref":"青森県","city":"上北郡七戸町","town":"倉岡"}],"2563":[{"pref":"青森県","city":"上北郡七戸町","town":"向平"}],"2564":[{"pref":"青森県","city":"上北郡七戸町","town":"古屋敷"}],"2565":[{"pref":"青森県","city":"上北郡七戸町","town":"治部袋"}],"2566":[{"pref":"青森県","city":"上北郡七戸町","town":"放森"}],"2567":[{"pref":"青森県","city":"上北郡七戸町","town":"鶴児平"}],"2568":[{"pref":"青森県","city":"上北郡七戸町","town":"左組"}],"2569":[{"pref":"青森県","city":"上北郡七戸町","town":"馬門川原"}],"2571":[{"pref":"青森県","city":"上北郡七戸町","town":"蛇坂"}],"2572":[{"pref":"青森県","city":"上北郡七戸町","town":"城ノ後"}],"2573":[{"pref":"青森県","city":"上北郡七戸町","town":"野続"}],"2574":[{"pref":"青森県","city":"上北郡七戸町","town":"宇道坂"}],"2575":[{"pref":"青森県","city":"上北郡七戸町","town":"作田"}],"2576":[{"pref":"青森県","city":"上北郡七戸町","town":"桜田"}],"2577":[{"pref":"青森県","city":"上北郡七戸町","town":"鍛治林"}],"2578":[{"pref":"青森県","city":"上北郡七戸町","town":"貝ノ口"}],"2579":[{"pref":"青森県","city":"上北郡七戸町","town":"十役野"}],"2581":[{"pref":"青森県","city":"上北郡七戸町","town":"東上川原"}],"2582":[{"pref":"青森県","city":"上北郡七戸町","town":"西上川原"}],"2583":[{"pref":"青森県","city":"上北郡七戸町","town":"前川原"}],"2584":[{"pref":"青森県","city":"上北郡七戸町","town":"後川原"}],"2585":[{"pref":"青森県","city":"上北郡七戸町","town":"上ノ山"}],"2586":[{"pref":"青森県","city":"上北郡七戸町","town":"海内"}],"2587":[{"pref":"青森県","city":"上北郡七戸町","town":"上屋田"}],"2588":[{"pref":"青森県","city":"上北郡七戸町","town":"和田下"}],"2589":[{"pref":"青森県","city":"上北郡七戸町","town":"和田"}],"2600":[{"pref":"青森県","city":"上北郡東北町","town":"以下に掲載がない場合"}],"2601":[{"pref":"青森県","city":"上北郡東北町","town":"ガス平"}],"2602":[{"pref":"青森県","city":"上北郡東北町","town":"五十嵐"},{"pref":"青森県","city":"上北郡東北町","town":"細津橋ノ上"}],"2603":[{"pref":"青森県","city":"上北郡東北町","town":"横沢山"}],"2604":[{"pref":"青森県","city":"上北郡東北町","town":"空久保"},{"pref":"青森県","city":"上北郡東北町","town":"饅頭長根"},{"pref":"青森県","city":"上北郡東北町","town":"水流"},{"pref":"青森県","city":"上北郡東北町","town":"横沢"},{"pref":"青森県","city":"上北郡東北町","town":"横沢頭"}],"2605":[{"pref":"青森県","city":"上北郡東北町","town":"淋代"},{"pref":"青森県","city":"上北郡東北町","town":"高森"}],"2606":[{"pref":"青森県","city":"上北郡東北町","town":"数牛"},{"pref":"青森県","city":"上北郡東北町","town":"谷地頭"}],"2607":[{"pref":"青森県","city":"上北郡東北町","town":"姥沢"}],"2611":[{"pref":"青森県","city":"上北郡東北町","town":"中村道ノ上"},{"pref":"青森県","city":"上北郡東北町","town":"中村道ノ下"}],"2612":[{"pref":"青森県","city":"上北郡東北町","town":"狼ノ沢"},{"pref":"青森県","city":"上北郡東北町","town":"沼添左ノ平"},{"pref":"青森県","city":"上北郡東北町","town":"浜台"}],"2613":[{"pref":"青森県","city":"上北郡東北町","town":"子ノ鳥平"},{"pref":"青森県","city":"上北郡東北町","town":"野田頭"},{"pref":"青森県","city":"上北郡東北町","town":"野田頭山"},{"pref":"青森県","city":"上北郡東北町","town":"野田尻"}],"2614":[{"pref":"青森県","city":"上北郡東北町","town":"切左坂道ノ下"}],"2615":[{"pref":"青森県","city":"上北郡東北町","town":"細津"},{"pref":"青森県","city":"上北郡東北町","town":"萌出道ノ上"},{"pref":"青森県","city":"上北郡東北町","town":"萌出道ノ下"}],"2616":[{"pref":"青森県","city":"上北郡東北町","town":"切左坂道ノ上"}],"2617":[{"pref":"青森県","city":"上北郡東北町","town":"水喰"},{"pref":"青森県","city":"上北郡東北町","town":"水喰向"}],"2621":[{"pref":"青森県","city":"上北郡東北町","town":"田ノ沢"}],"2622":[{"pref":"青森県","city":"上北郡東北町","town":"浜家苫"},{"pref":"青森県","city":"上北郡東北町","town":"船ケ沢"}],"2623":[{"pref":"青森県","city":"上北郡東北町","town":"大久保"},{"pref":"青森県","city":"上北郡東北町","town":"鶴ケ崎"},{"pref":"青森県","city":"上北郡東北町","town":"横志多"}],"2624":[{"pref":"青森県","city":"上北郡東北町","town":"蓼内久保"},{"pref":"青森県","city":"上北郡東北町","town":"古屋敷"},{"pref":"青森県","city":"上北郡東北町","town":"道ノ北"}],"2625":[{"pref":"青森県","city":"上北郡東北町","town":"長久保"}],"2626":[{"pref":"青森県","city":"上北郡東北町","town":"後久保"},{"pref":"青森県","city":"上北郡東北町","town":"上久保"},{"pref":"青森県","city":"上北郡東北町","town":"堤尻"}],"2627":[{"pref":"青森県","city":"上北郡東北町","town":"漆玉"}],"2631":[{"pref":"青森県","city":"上北郡東北町","town":"滝沢平"}],"2632":[{"pref":"青森県","city":"上北郡東北町","town":"日影林ノ上山"}],"2633":[{"pref":"青森県","city":"上北郡東北町","town":"素柄邸"},{"pref":"青森県","city":"上北郡東北町","town":"和山平"}],"2634":[{"pref":"青森県","city":"上北郡東北町","town":"往来ノ下"}],"2635":[{"pref":"青森県","city":"上北郡東北町","town":"乙越"},{"pref":"青森県","city":"上北郡東北町","town":"舘"},{"pref":"青森県","city":"上北郡東北町","town":"鳥口平"}],"2636":[{"pref":"青森県","city":"上北郡東北町","town":"往来ノ上"}],"2641":[{"pref":"青森県","city":"上北郡東北町","town":"枋木"}],"2642":[{"pref":"青森県","city":"上北郡東北町","town":"寒水"},{"pref":"青森県","city":"上北郡東北町","town":"寒水下"},{"pref":"青森県","city":"上北郡東北町","town":"寒水山"}],"2643":[{"pref":"青森県","city":"上北郡東北町","town":"乙部道ノ上"},{"pref":"青森県","city":"上北郡東北町","town":"乙部道ノ下"}],"2644":[{"pref":"青森県","city":"上北郡東北町","town":"保戸沢家ノ上"},{"pref":"青森県","city":"上北郡東北町","town":"保戸沢家ノ前"},{"pref":"青森県","city":"上北郡東北町","town":"保戸沢家ノ後"}],"2645":[{"pref":"青森県","city":"上北郡東北町","town":"外蛯沢前平"}],"2646":[{"pref":"青森県","city":"上北郡東北町","town":"外蛯沢西平"}],"2647":[{"pref":"青森県","city":"上北郡東北町","town":"外蛯沢後久保"}],"2648":[{"pref":"青森県","city":"上北郡東北町","town":"外蛯沢北久保"}],"2651":[{"pref":"青森県","city":"上北郡東北町","town":"大沢"}],"2652":[{"pref":"青森県","city":"上北郡東北町","town":"ほとけ沢"}],"2653":[{"pref":"青森県","city":"上北郡東北町","town":"下山"}],"2654":[{"pref":"青森県","city":"上北郡東北町","town":"塔ノ沢山"}],"2655":[{"pref":"青森県","city":"上北郡東北町","town":"内蛯沢道ノ上"}],"2656":[{"pref":"青森県","city":"上北郡東北町","town":"内蛯沢向"}],"2657":[{"pref":"青森県","city":"上北郡東北町","town":"赤川道"}],"2661":[{"pref":"青森県","city":"上北郡東北町","town":"上笹橋"}],"2662":[{"pref":"青森県","city":"上北郡東北町","town":"下笹橋"}],"2663":[{"pref":"青森県","city":"上北郡東北町","town":"舘花"}],"2664":[{"pref":"青森県","city":"上北郡東北町","town":"乙供"}],"2665":[{"pref":"青森県","city":"上北郡東北町","town":"柳沢"}],"2666":[{"pref":"青森県","city":"上北郡東北町","town":"乙供山"}],"2667":[{"pref":"青森県","city":"上北郡東北町","town":"膳前"}],"2668":[{"pref":"青森県","city":"上北郡東北町","town":"北膳前"},{"pref":"青森県","city":"上北郡東北町","town":"篠内平"}],"2671":[{"pref":"青森県","city":"上北郡東北町","town":"小沢"}],"2672":[{"pref":"青森県","city":"上北郡東北町","town":"栗山添"},{"pref":"青森県","city":"上北郡東北町","town":"向籏屋"}],"2673":[{"pref":"青森県","city":"上北郡東北町","town":"馬尻"},{"pref":"青森県","city":"上北郡東北町","town":"大籏屋"},{"pref":"青森県","city":"上北郡東北町","town":"向屋敷"},{"pref":"青森県","city":"上北郡東北町","town":"山ノ下"}],"2674":[{"pref":"青森県","city":"上北郡東北町","town":"千曳下山"},{"pref":"青森県","city":"上北郡東北町","town":"夫雑原"}],"2675":[{"pref":"青森県","city":"上北郡東北町","town":"千曳"}],"2676":[{"pref":"青森県","city":"上北郡東北町","town":"下板橋"}],"2677":[{"pref":"青森県","city":"上北郡東北町","town":"夫雑原下山"}],"2678":[{"pref":"青森県","city":"上北郡東北町","town":"狐沢山"},{"pref":"青森県","city":"上北郡東北町","town":"坂ノ下"},{"pref":"青森県","city":"上北郡東北町","town":"田面木"},{"pref":"青森県","city":"上北郡東北町","town":"長者久保"}],"2681":[{"pref":"青森県","city":"上北郡東北町","town":"家ノ前"},{"pref":"青森県","city":"上北郡東北町","town":"山添"}],"2682":[{"pref":"青森県","city":"上北郡東北町","town":"石坂"},{"pref":"青森県","city":"上北郡東北町","town":"湯沢"}],"2683":[{"pref":"青森県","city":"上北郡東北町","town":"板橋山"},{"pref":"青森県","city":"上北郡東北町","town":"大平"}],"2684":[{"pref":"青森県","city":"上北郡東北町","town":"向平"}],"2685":[{"pref":"青森県","city":"上北郡東北町","town":"家ノ下タ"},{"pref":"青森県","city":"上北郡東北町","town":"上板橋家ノ後"}],"2686":[{"pref":"青森県","city":"上北郡東北町","town":"宇道坂"},{"pref":"青森県","city":"上北郡東北町","town":"塞ノ神"},{"pref":"青森県","city":"上北郡東北町","town":"添ノ沢"}],"2687":[{"pref":"青森県","city":"上北郡東北町","town":"上清水目"},{"pref":"青森県","city":"上北郡東北町","town":"林ノ下"}],"2688":[{"pref":"青森県","city":"上北郡東北町","town":"大撫沢"}],"2711":[{"pref":"青森県","city":"上北郡七戸町","town":"中天間舘"}],"2712":[{"pref":"青森県","city":"上北郡七戸町","town":"北天間舘"}],"2713":[{"pref":"青森県","city":"上北郡七戸町","town":"東天間舘"}],"2714":[{"pref":"青森県","city":"上北郡七戸町","town":"上志多"}],"2715":[{"pref":"青森県","city":"上北郡七戸町","town":"尾山頭"}],"2716":[{"pref":"青森県","city":"上北郡七戸町","town":"菩提木"}],"2717":[{"pref":"青森県","city":"上北郡七戸町","town":"柳平"}],"2721":[{"pref":"青森県","city":"上北郡七戸町","town":"志茂川原"}],"2722":[{"pref":"青森県","city":"上北郡七戸町","town":"向川原"}],"2723":[{"pref":"青森県","city":"上北郡七戸町","town":"下志多"}],"2724":[{"pref":"青森県","city":"上北郡七戸町","town":"上平"}],"2725":[{"pref":"青森県","city":"上北郡七戸町","town":"上川原"}],"2726":[{"pref":"青森県","city":"上北郡七戸町","town":"李川原"}],"2731":[{"pref":"青森県","city":"上北郡七戸町","town":"後平"}],"2732":[{"pref":"青森県","city":"上北郡七戸町","town":"卒古沢"}],"2733":[{"pref":"青森県","city":"上北郡七戸町","town":"天間舘前川原"}],"2741":[{"pref":"青森県","city":"上北郡七戸町","town":"猪ノ鼻"}],"2742":[{"pref":"青森県","city":"上北郡七戸町","town":"舟場向川久保"}],"2743":[{"pref":"青森県","city":"上北郡七戸町","town":"寺沢前"}],"2744":[{"pref":"青森県","city":"上北郡七戸町","town":"塚長根"}],"2745":[{"pref":"青森県","city":"上北郡七戸町","town":"夷堂"}],"2746":[{"pref":"青森県","city":"上北郡七戸町","town":"附田川目"}],"2747":[{"pref":"青森県","city":"上北郡七戸町","town":"附田家ノ前"}],"2748":[{"pref":"青森県","city":"上北郡七戸町","town":"南舘向"}],"2751":[{"pref":"青森県","city":"上北郡七戸町","town":"貝塚家ノ前"}],"2752":[{"pref":"青森県","city":"上北郡七戸町","town":"鉢森平"}],"2753":[{"pref":"青森県","city":"上北郡七戸町","town":"竿打川原"}],"2754":[{"pref":"青森県","city":"上北郡七戸町","town":"地蔵堂"}],"2755":[{"pref":"青森県","city":"上北郡七戸町","town":"榎林家ノ前"}],"2756":[{"pref":"青森県","city":"上北郡七戸町","town":"榎林家ノ後"}],"2757":[{"pref":"青森県","city":"上北郡七戸町","town":"卒古沢南平"}],"2761":[{"pref":"青森県","city":"上北郡七戸町","town":"二ツ森家ノ後"}],"2762":[{"pref":"青森県","city":"上北郡七戸町","town":"二ツ森家ノ下"}],"2763":[{"pref":"青森県","city":"上北郡七戸町","town":"二ツ森家ノ表"}],"2771":[{"pref":"青森県","city":"上北郡七戸町","town":"姥沢"}],"2772":[{"pref":"青森県","city":"上北郡七戸町","town":"下田坪"}],"2773":[{"pref":"青森県","city":"上北郡七戸町","town":"前左野"}],"2774":[{"pref":"青森県","city":"上北郡七戸町","town":"柴舘道ノ下"}],"2775":[{"pref":"青森県","city":"上北郡七戸町","town":"李沢道ノ下"}],"2776":[{"pref":"青森県","city":"上北郡七戸町","town":"李沢家ノ前"}],"2777":[{"pref":"青森県","city":"上北郡七戸町","town":"李沢家ノ後"}],"2778":[{"pref":"青森県","city":"上北郡七戸町","town":"坂ノ外"}],"2779":[{"pref":"青森県","city":"上北郡七戸町","town":"榎林古屋敷"}],"2781":[{"pref":"青森県","city":"上北郡七戸町","town":"花松林ノ根"}],"2782":[{"pref":"青森県","city":"上北郡七戸町","town":"中岫太田嶋"}],"2783":[{"pref":"青森県","city":"上北郡七戸町","town":"中岫番屋"}],"2784":[{"pref":"青森県","city":"上北郡七戸町","town":"中岫長沢下"}],"2785":[{"pref":"青森県","city":"上北郡七戸町","town":"中岫村ノ上"}],"2786":[{"pref":"青森県","city":"上北郡七戸町","town":"中岫東道添"}],"2801":[{"pref":"青森県","city":"上北郡七戸町","town":"野崎"}],"2802":[{"pref":"青森県","city":"上北郡七戸町","town":"野崎前平"}],"2803":[{"pref":"青森県","city":"上北郡七戸町","town":"野崎森ノ下"}],"2804":[{"pref":"青森県","city":"上北郡七戸町","town":"野崎狐久保"}],"2805":[{"pref":"青森県","city":"上北郡七戸町","town":"原久保"}],"2811":[{"pref":"青森県","city":"上北郡七戸町","town":"天間舘荒谷"}],"2812":[{"pref":"青森県","city":"上北郡七戸町","town":"小田下"}],"2813":[{"pref":"青森県","city":"上北郡七戸町","town":"小田平"}],"2814":[{"pref":"青森県","city":"上北郡七戸町","town":"道ノ下"}],"2815":[{"pref":"青森県","city":"上北郡七戸町","town":"森ノ下"}],"2816":[{"pref":"青森県","city":"上北郡七戸町","town":"家ノ裏"}],"2821":[{"pref":"青森県","city":"上北郡七戸町","town":"大平"}],"2822":[{"pref":"青森県","city":"上北郡七戸町","town":"小又"}],"2823":[{"pref":"青森県","city":"上北郡七戸町","town":"館ノ下"}],"2824":[{"pref":"青森県","city":"上北郡七戸町","town":"家ノ下"}],"2825":[{"pref":"青森県","city":"上北郡七戸町","town":"家ノ上"}],"2826":[{"pref":"青森県","city":"上北郡七戸町","town":"中野"}],"2827":[{"pref":"青森県","city":"上北郡七戸町","town":"森ノ上"}],"2828":[{"pref":"青森県","city":"上北郡七戸町","town":"森ケ沢"}],"2831":[{"pref":"青森県","city":"上北郡七戸町","town":"金沢平"}],"2832":[{"pref":"青森県","city":"上北郡七戸町","town":"道ノ上"}],"2833":[{"pref":"青森県","city":"上北郡七戸町","town":"家ノ前"}],"2834":[{"pref":"青森県","city":"上北郡七戸町","town":"向中野川向"}],"2835":[{"pref":"青森県","city":"上北郡七戸町","town":"松ケ沢"}],"2841":[{"pref":"青森県","city":"上北郡七戸町","town":"下鳥谷部"}],"2842":[{"pref":"青森県","city":"上北郡七戸町","town":"中鳥谷"}],"2843":[{"pref":"青森県","city":"上北郡七戸町","town":"橋ノ上"}],"2844":[{"pref":"青森県","city":"上北郡七戸町","town":"手代森"}],"2845":[{"pref":"青森県","city":"上北郡七戸町","town":"作田道"}],"2846":[{"pref":"青森県","city":"上北郡七戸町","town":"鳥谷部"}],"2851":[{"pref":"青森県","city":"上北郡七戸町","town":"堰根"}],"2852":[{"pref":"青森県","city":"上北郡七戸町","town":"さそう"}],"2853":[{"pref":"青森県","city":"上北郡七戸町","town":"さそう平"}],"2854":[{"pref":"青森県","city":"上北郡七戸町","town":"高井名"}],"2855":[{"pref":"青森県","city":"上北郡七戸町","town":"底田"}],"2856":[{"pref":"青森県","city":"上北郡七戸町","town":"古和備"}],"2857":[{"pref":"青森県","city":"上北郡七戸町","town":"天間舘倉越"}],"2861":[{"pref":"青森県","city":"上北郡七戸町","town":"天間舘大沢"}],"2862":[{"pref":"青森県","city":"上北郡七戸町","town":"夏間木"}],"2863":[{"pref":"青森県","city":"上北郡七戸町","town":"十枝内"}],"2864":[{"pref":"青森県","city":"上北郡七戸町","town":"下モ川原"}],"2865":[{"pref":"青森県","city":"上北郡七戸町","town":"市ノ渡"}],"2866":[{"pref":"青森県","city":"上北郡七戸町","town":"栗ノ木沢"}],"2871":[{"pref":"青森県","city":"上北郡七戸町","town":"白石"}],"2872":[{"pref":"青森県","city":"上北郡七戸町","town":"下タ川原"}],"2873":[{"pref":"青森県","city":"上北郡七戸町","town":"天間舘寒水"}],"2874":[{"pref":"青森県","city":"上北郡七戸町","town":"坪川原"}],"2875":[{"pref":"青森県","city":"上北郡七戸町","town":"淋代"}],"2876":[{"pref":"青森県","city":"上北郡七戸町","town":"堰代"}],"2877":[{"pref":"青森県","city":"上北郡七戸町","town":"五庵ノ下"}],"3100":[{"pref":"青森県","city":"上北郡野辺地町","town":"以下に掲載がない場合"}],"3101":[{"pref":"青森県","city":"上北郡野辺地町","town":"浜掛"}],"3102":[{"pref":"青森県","city":"上北郡野辺地町","town":"米内沢"}],"3103":[{"pref":"青森県","city":"上北郡野辺地町","town":"田名部道"}],"3104":[{"pref":"青森県","city":"上北郡野辺地町","town":"大月平"}],"3105":[{"pref":"青森県","city":"上北郡野辺地町","town":"有戸鳥井平"},{"pref":"青森県","city":"上北郡野辺地町","town":"木明"},{"pref":"青森県","city":"上北郡野辺地町","town":"東太田沢"},{"pref":"青森県","city":"上北郡野辺地町","town":"干草橋"}],"3106":[{"pref":"青森県","city":"上北郡野辺地町","town":"蟹田"},{"pref":"青森県","city":"上北郡野辺地町","town":"古明前"},{"pref":"青森県","city":"上北郡野辺地町","town":"明前"}],"3107":[{"pref":"青森県","city":"上北郡野辺地町","town":"小沢平"}],"3108":[{"pref":"青森県","city":"上北郡野辺地町","town":"有戸"},{"pref":"青森県","city":"上北郡野辺地町","town":"下道"},{"pref":"青森県","city":"上北郡野辺地町","town":"中田"}],"3109":[{"pref":"青森県","city":"上北郡野辺地町","town":"向田"}],"3111":[{"pref":"青森県","city":"上北郡野辺地町","town":"石神裏"}],"3112":[{"pref":"青森県","city":"上北郡野辺地町","town":"中道"}],"3113":[{"pref":"青森県","city":"上北郡野辺地町","town":"田狭沢"}],"3114":[{"pref":"青森県","city":"上北郡野辺地町","town":"助佐小路"}],"3115":[{"pref":"青森県","city":"上北郡野辺地町","town":"タラノ木"}],"3116":[{"pref":"青森県","city":"上北郡野辺地町","town":"赤坂"}],"3117":[{"pref":"青森県","city":"上北郡野辺地町","town":"下坂"}],"3118":[{"pref":"青森県","city":"上北郡野辺地町","town":"寺ノ沢"}],"3121":[{"pref":"青森県","city":"上北郡野辺地町","town":"船橋"}],"3122":[{"pref":"青森県","city":"上北郡野辺地町","town":"雑吉沢"}],"3123":[{"pref":"青森県","city":"上北郡野辺地町","town":"種川"}],"3124":[{"pref":"青森県","city":"上北郡野辺地町","town":"白岩"}],"3125":[{"pref":"青森県","city":"上北郡野辺地町","town":"坊ノ塚"}],"3126":[{"pref":"青森県","city":"上北郡野辺地町","town":"下前田"}],"3127":[{"pref":"青森県","city":"上北郡野辺地町","town":"上川原"}],"3128":[{"pref":"青森県","city":"上北郡野辺地町","town":"上前田"},{"pref":"青森県","city":"上北郡野辺地町","town":"昼場"}],"3129":[{"pref":"青森県","city":"上北郡野辺地町","town":"新田"},{"pref":"青森県","city":"上北郡野辺地町","town":"戸田ノ沢"},{"pref":"青森県","city":"上北郡野辺地町","town":"餅粟川原"}],"3131":[{"pref":"青森県","city":"上北郡野辺地町","town":"野辺地"}],"3141":[{"pref":"青森県","city":"上北郡野辺地町","town":"鳴沢"}],"3142":[{"pref":"青森県","city":"上北郡野辺地町","town":"久田"}],"3143":[{"pref":"青森県","city":"上北郡野辺地町","town":"川目"},{"pref":"青森県","city":"上北郡野辺地町","town":"中屋敷"}],"3144":[{"pref":"青森県","city":"上北郡野辺地町","town":"一ノ渡"}],"3145":[{"pref":"青森県","city":"上北郡野辺地町","town":"松ノ木平"}],"3146":[{"pref":"青森県","city":"上北郡野辺地町","town":"下松ノ木平"}],"3147":[{"pref":"青森県","city":"上北郡野辺地町","town":"下与田川"}],"3148":[{"pref":"青森県","city":"上北郡野辺地町","town":"与田川尻"}],"3151":[{"pref":"青森県","city":"上北郡野辺地町","town":"白岩向"}],"3152":[{"pref":"青森県","city":"上北郡野辺地町","town":"下小中野"}],"3153":[{"pref":"青森県","city":"上北郡野辺地町","town":"中小中野"}],"3154":[{"pref":"青森県","city":"上北郡野辺地町","town":"上小中野"}],"3155":[{"pref":"青森県","city":"上北郡野辺地町","town":"切明"}],"3156":[{"pref":"青森県","city":"上北郡野辺地町","town":"枇杷野"}],"3157":[{"pref":"青森県","city":"上北郡野辺地町","town":"獅子沢"},{"pref":"青森県","city":"上北郡野辺地町","town":"松ノ木"}],"3158":[{"pref":"青森県","city":"上北郡野辺地町","town":"観音林後"}],"3159":[{"pref":"青森県","city":"上北郡野辺地町","town":"観音林脇"}],"3161":[{"pref":"青森県","city":"上北郡野辺地町","town":"馬門道"}],"3162":[{"pref":"青森県","city":"上北郡野辺地町","town":"笹館"}],"3163":[{"pref":"青森県","city":"上北郡野辺地町","town":"新町裏"}],"3164":[{"pref":"青森県","city":"上北郡野辺地町","town":"前田"}],"3165":[{"pref":"青森県","city":"上北郡野辺地町","town":"観音林前田"}],"3166":[{"pref":"青森県","city":"上北郡野辺地町","town":"二本木向前田"}],"3167":[{"pref":"青森県","city":"上北郡野辺地町","town":"二本木向"}],"3168":[{"pref":"青森県","city":"上北郡野辺地町","town":"前平"}],"3171":[{"pref":"青森県","city":"上北郡野辺地町","town":"上御手洗瀬"},{"pref":"青森県","city":"上北郡野辺地町","town":"下御手洗瀬"},{"pref":"青森県","city":"上北郡野辺地町","town":"滝田"},{"pref":"青森県","city":"上北郡野辺地町","town":"槻ノ木"},{"pref":"青森県","city":"上北郡野辺地町","town":"二本木"},{"pref":"青森県","city":"上北郡野辺地町","town":"二十平"},{"pref":"青森県","city":"上北郡野辺地町","town":"御手洗瀬"}],"3172":[{"pref":"青森県","city":"上北郡野辺地町","town":"鳥井平"}],"3173":[{"pref":"青森県","city":"上北郡野辺地町","town":"陣場川原"}],"3174":[{"pref":"青森県","city":"上北郡野辺地町","town":"大平下"},{"pref":"青森県","city":"上北郡野辺地町","town":"上河渡頭"},{"pref":"青森県","city":"上北郡野辺地町","town":"下河渡頭"},{"pref":"青森県","city":"上北郡野辺地町","town":"田端"}],"3175":[{"pref":"青森県","city":"上北郡野辺地町","town":"地続山"},{"pref":"青森県","city":"上北郡野辺地町","town":"湯沢"},{"pref":"青森県","city":"上北郡野辺地町","town":"湯沢尻"}],"3176":[{"pref":"青森県","city":"上北郡野辺地町","town":"中渡"}],"3177":[{"pref":"青森県","city":"上北郡野辺地町","town":"柴崎"},{"pref":"青森県","city":"上北郡野辺地町","town":"八ノ木谷地"}],"3178":[{"pref":"青森県","city":"上北郡野辺地町","town":"家ノ上"}],"3179":[{"pref":"青森県","city":"上北郡野辺地町","town":"馬門"}],"3200":[{"pref":"青森県","city":"上北郡六ヶ所村","town":"以下に掲載がない場合"}],"3211":[{"pref":"青森県","city":"上北郡六ヶ所村","town":"出戸"}],"3212":[{"pref":"青森県","city":"上北郡六ヶ所村","town":"尾駮"}],"3213":[{"pref":"青森県","city":"上北郡六ヶ所村","town":"鷹架"}],"3214":[{"pref":"青森県","city":"上北郡六ヶ所村","town":"平沼"}],"3215":[{"pref":"青森県","city":"上北郡六ヶ所村","town":"倉内"}],"3300":[{"pref":"青森県","city":"東津軽郡平内町","town":"以下に掲載がない場合"}],"3301":[{"pref":"青森県","city":"東津軽郡平内町","town":"東田沢"}],"3302":[{"pref":"青森県","city":"東津軽郡平内町","town":"白砂"}],"3303":[{"pref":"青森県","city":"東津軽郡平内町","town":"東滝"}],"3311":[{"pref":"青森県","city":"東津軽郡平内町","town":"福館"}],"3312":[{"pref":"青森県","city":"東津軽郡平内町","town":"浅所"}],"3313":[{"pref":"青森県","city":"東津軽郡平内町","town":"沼館"}],"3314":[{"pref":"青森県","city":"東津軽郡平内町","town":"盛田"}],"3315":[{"pref":"青森県","city":"東津軽郡平内町","town":"福島"}],"3321":[{"pref":"青森県","city":"東津軽郡平内町","town":"小湊"}],"3331":[{"pref":"青森県","city":"東津軽郡平内町","town":"浜子"}],"3332":[{"pref":"青森県","city":"東津軽郡平内町","town":"清水川"}],"3333":[{"pref":"青森県","city":"東津軽郡平内町","town":"松野木"}],"3341":[{"pref":"青森県","city":"東津軽郡平内町","town":"薬師野"}],"3342":[{"pref":"青森県","city":"東津軽郡平内町","town":"口広"}],"3343":[{"pref":"青森県","city":"東津軽郡平内町","town":"狩場沢"}],"3351":[{"pref":"青森県","city":"東津軽郡平内町","town":"外童子"}],"3352":[{"pref":"青森県","city":"東津軽郡平内町","town":"内童子"}],"3353":[{"pref":"青森県","city":"東津軽郡平内町","town":"田茂木"}],"3361":[{"pref":"青森県","city":"東津軽郡平内町","town":"藤沢"}],"3362":[{"pref":"青森県","city":"東津軽郡平内町","town":"増田"}],"3363":[{"pref":"青森県","city":"東津軽郡平内町","town":"山口"}],"3364":[{"pref":"青森県","city":"東津軽郡平内町","town":"小豆沢"}],"3371":[{"pref":"青森県","city":"東津軽郡平内町","town":"中野"}],"3372":[{"pref":"青森県","city":"東津軽郡平内町","town":"土屋"}],"3373":[{"pref":"青森県","city":"東津軽郡平内町","town":"浪打"}],"3381":[{"pref":"青森県","city":"東津軽郡平内町","town":"茂浦"}],"3382":[{"pref":"青森県","city":"東津軽郡平内町","town":"稲生"}],"3501":[{"pref":"青森県","city":"青森市","town":"浅虫"}],"3502":[{"pref":"青森県","city":"青森市","town":"久栗坂"}],"3503":[{"pref":"青森県","city":"青森市","town":"野内"}],"3504":[{"pref":"青森県","city":"青森市","town":"矢田"}],"3505":[{"pref":"青森県","city":"青森市","town":"宮田"}],"3506":[{"pref":"青森県","city":"青森市","town":"三本木"}],"3507":[{"pref":"青森県","city":"青森市","town":"馬屋尻"}],"3524":[{"pref":"青森県","city":"青森市","town":"滝沢（その他）"}],"4100":[{"pref":"青森県","city":"上北郡横浜町","town":"以下に掲載がない場合"}],"4101":[{"pref":"青森県","city":"上北郡横浜町","town":"林尻"}],"4102":[{"pref":"青森県","city":"上北郡横浜町","town":"浜田"}],"4103":[{"pref":"青森県","city":"上北郡横浜町","town":"川太郎川目"}],"4104":[{"pref":"青森県","city":"上北郡横浜町","town":"下苗代川目"}],"4105":[{"pref":"青森県","city":"上北郡横浜町","town":"苗代川目"}],"4106":[{"pref":"青森県","city":"上北郡横浜町","town":"有畑"}],"4111":[{"pref":"青森県","city":"上北郡横浜町","town":"大畑"}],"4112":[{"pref":"青森県","city":"上北郡横浜町","town":"夷ケ沢平"}],"4113":[{"pref":"青森県","city":"上北郡横浜町","town":"家ノ前川目"}],"4114":[{"pref":"青森県","city":"上北郡横浜町","town":"大豆田"}],"4115":[{"pref":"青森県","city":"上北郡横浜町","town":"稲荷平"}],"4116":[{"pref":"青森県","city":"上北郡横浜町","town":"中畑"}],"4117":[{"pref":"青森県","city":"上北郡横浜町","town":"鶏沢"}],"4121":[{"pref":"青森県","city":"上北郡横浜町","town":"桧木"}],"4122":[{"pref":"青森県","city":"上北郡横浜町","town":"鶏ケ唄"}],"4123":[{"pref":"青森県","city":"上北郡横浜町","town":"茅平"}],"4124":[{"pref":"青森県","city":"上北郡横浜町","town":"川尻"}],"4131":[{"pref":"青森県","city":"上北郡横浜町","town":"椛名木"}],"4132":[{"pref":"青森県","city":"上北郡横浜町","town":"太郎須田"}],"4133":[{"pref":"青森県","city":"上北郡横浜町","town":"舘の後"}],"4134":[{"pref":"青森県","city":"上北郡横浜町","town":"林の脇"}],"4135":[{"pref":"青森県","city":"上北郡横浜町","town":"林の後"}],"4136":[{"pref":"青森県","city":"上北郡横浜町","town":"横浜"}],"4137":[{"pref":"青森県","city":"上北郡横浜町","town":"下川原"}],"4138":[{"pref":"青森県","city":"上北郡横浜町","town":"塚名平"}],"4141":[{"pref":"青森県","city":"上北郡横浜町","town":"三保野"}],"4142":[{"pref":"青森県","city":"上北郡横浜町","town":"上イタヤノ木"}],"4143":[{"pref":"青森県","city":"上北郡横浜町","town":"屋敷形"}],"4144":[{"pref":"青森県","city":"上北郡横浜町","town":"浜懸"}],"4145":[{"pref":"青森県","city":"上北郡横浜町","town":"寺下"}],"4151":[{"pref":"青森県","city":"上北郡横浜町","town":"向平"}],"4152":[{"pref":"青森県","city":"上北郡横浜町","town":"百目木"}],"4153":[{"pref":"青森県","city":"上北郡横浜町","town":"吹越"}],"4154":[{"pref":"青森県","city":"上北郡横浜町","town":"明神平"}],"4155":[{"pref":"青森県","city":"上北郡横浜町","town":"豊栄平"}],"4156":[{"pref":"青森県","city":"上北郡横浜町","town":"雲雀平"}],"4157":[{"pref":"青森県","city":"上北郡横浜町","town":"二又"}],"4221":[{"pref":"青森県","city":"下北郡東通村","town":"猿ケ森"}],"4222":[{"pref":"青森県","city":"下北郡東通村","town":"砂子又"}],"4223":[{"pref":"青森県","city":"下北郡東通村","town":"小田野沢"}],"4224":[{"pref":"青森県","city":"下北郡東通村","town":"白糠"}],"4301":[{"pref":"青森県","city":"上北郡六ヶ所村","town":"泊"}],"4401":[{"pref":"青森県","city":"むつ市","town":"大畑町"}],"4402":[{"pref":"青森県","city":"むつ市","town":"大畑町正津川"}],"4500":[{"pref":"青森県","city":"下北郡風間浦村","town":"以下に掲載がない場合"}],"4501":[{"pref":"青森県","city":"下北郡風間浦村","town":"下風呂"}],"4502":[{"pref":"青森県","city":"下北郡風間浦村","town":"易国間"}],"4503":[{"pref":"青森県","city":"下北郡風間浦村","town":"蛇浦"}],"4600":[{"pref":"青森県","city":"下北郡大間町","town":"以下に掲載がない場合"}],"4601":[{"pref":"青森県","city":"下北郡大間町","town":"大間"}],"4602":[{"pref":"青森県","city":"下北郡大間町","town":"奥戸"}],"4700":[{"pref":"青森県","city":"下北郡佐井村","town":"以下に掲載がない場合"}],"4701":[{"pref":"青森県","city":"むつ市","town":"川内町（板家戸、野平、福浦山）"}],"4711":[{"pref":"青森県","city":"下北郡佐井村","town":"佐井"}],"4712":[{"pref":"青森県","city":"下北郡佐井村","town":"長後"}],"5201":[{"pref":"青森県","city":"むつ市","town":"川内町（その他）"}],"5202":[{"pref":"青森県","city":"むつ市","town":"川内町桧川"}],"5203":[{"pref":"青森県","city":"むつ市","town":"川内町宿野部"}],"5204":[{"pref":"青森県","city":"むつ市","town":"川内町蛎崎（その他）"}],"5304":[{"pref":"青森県","city":"むつ市","town":"川内町蛎崎（半右エ門沢）"}],"5321":[{"pref":"青森県","city":"むつ市","town":"脇野沢源藤城"}],"5322":[{"pref":"青森県","city":"むつ市","town":"脇野沢滝山"}],"5323":[{"pref":"青森県","city":"むつ市","town":"脇野沢七引"}],"5324":[{"pref":"青森県","city":"むつ市","town":"脇野沢田ノ頭"}],"5325":[{"pref":"青森県","city":"むつ市","town":"脇野沢辰内"}],"5326":[{"pref":"青森県","city":"むつ市","town":"脇野沢桂沢"}],"5327":[{"pref":"青森県","city":"むつ市","town":"脇野沢本村"}],"5331":[{"pref":"青森県","city":"むつ市","town":"脇野沢渡向"}],"5332":[{"pref":"青森県","city":"むつ市","town":"脇野沢瀬野川目"}],"5333":[{"pref":"青森県","city":"むつ市","town":"脇野沢黒岩"}],"5334":[{"pref":"青森県","city":"むつ市","town":"脇野沢新井田"}],"5335":[{"pref":"青森県","city":"むつ市","town":"脇野沢寄浪"}],"5336":[{"pref":"青森県","city":"むつ市","town":"脇野沢蛸田"}],"5337":[{"pref":"青森県","city":"むつ市","town":"脇野沢九艘泊"}],"5341":[{"pref":"青森県","city":"むつ市","town":"脇野沢鹿間平"}],"5342":[{"pref":"青森県","city":"むつ市","town":"脇野沢小沢"}],"5343":[{"pref":"青森県","city":"むつ市","town":"脇野沢小サ沢"}],"5344":[{"pref":"青森県","city":"むつ市","town":"脇野沢稲平"}],"5345":[{"pref":"青森県","city":"むつ市","town":"脇野沢赤坂"}],"5346":[{"pref":"青森県","city":"むつ市","town":"脇野沢口広"}],"0100":[{"pref":"青森県","city":"三戸郡三戸町","town":"以下に掲載がない場合"},{"pref":"青森県","city":"三戸郡南部町","town":"以下に掲載がない場合"}],"0111":[{"pref":"青森県","city":"三戸郡三戸町","town":"泉山"}],"0112":[{"pref":"青森県","city":"三戸郡三戸町","town":"梅内"}],"0453":[{"pref":"青森県","city":"三戸郡三戸町","town":"貝守"}],"0141":[{"pref":"青森県","city":"三戸郡三戸町","town":"川守田"}],"0143":[{"pref":"青森県","city":"三戸郡三戸町","town":"川守田町"}],"0142":[{"pref":"青森県","city":"三戸郡三戸町","town":"久慈町"}],"0132":[{"pref":"青森県","city":"三戸郡三戸町","town":"在府小路町"}],"0451":[{"pref":"青森県","city":"三戸郡三戸町","town":"蛇沼"}],"0134":[{"pref":"青森県","city":"三戸郡三戸町","town":"同心町"}],"0122":[{"pref":"青森県","city":"三戸郡三戸町","town":"斗内"}],"0121":[{"pref":"青森県","city":"三戸郡三戸町","town":"豊川"}],"0452":[{"pref":"青森県","city":"三戸郡三戸町","town":"袴田"}],"0133":[{"pref":"青森県","city":"三戸郡三戸町","town":"馬喰町"}],"0131":[{"pref":"青森県","city":"三戸郡三戸町","town":"二日町"}],"0144":[{"pref":"青森県","city":"三戸郡三戸町","town":"六日町"}],"0113":[{"pref":"青森県","city":"三戸郡三戸町","town":"目時"}],"0135":[{"pref":"青森県","city":"三戸郡三戸町","town":"八日町"}],"0200":[{"pref":"青森県","city":"三戸郡田子町","town":"以下に掲載がない場合"}],"0312":[{"pref":"青森県","city":"三戸郡田子町","town":"石亀"}],"0316":[{"pref":"青森県","city":"三戸郡田子町","town":"関"}],"0202":[{"pref":"青森県","city":"三戸郡田子町","town":"相米"}],"0201":[{"pref":"青森県","city":"三戸郡田子町","town":"田子"}],"0314":[{"pref":"青森県","city":"三戸郡田子町","town":"遠瀬"}],"0315":[{"pref":"青森県","city":"三戸郡田子町","town":"夏坂"}],"0311":[{"pref":"青森県","city":"三戸郡田子町","town":"原"}],"0313":[{"pref":"青森県","city":"三戸郡田子町","town":"茂市"}],"0317":[{"pref":"青森県","city":"三戸郡田子町","town":"山口"}],"0606":[{"pref":"青森県","city":"三戸郡南部町","town":"相内（柏木久保、鴨ノ首、留ノ沢、沼久保、屋敷久保）"}],"0106":[{"pref":"青森県","city":"三戸郡南部町","town":"相内（その他）"}],"0102":[{"pref":"青森県","city":"三戸郡南部町","town":"赤石"}],"0103":[{"pref":"青森県","city":"三戸郡南部町","town":"大向"}],"0105":[{"pref":"青森県","city":"三戸郡南部町","town":"沖田面"}],"0801":[{"pref":"青森県","city":"三戸郡南部町","town":"片岸"}],"0812":[{"pref":"青森県","city":"三戸郡南部町","town":"椛木"}],"0501":[{"pref":"青森県","city":"三戸郡南部町","town":"上名久井"}],"0612":[{"pref":"青森県","city":"三戸郡南部町","town":"剣吉"}],"0805":[{"pref":"青森県","city":"三戸郡南部町","town":"小泉"}],"0814":[{"pref":"青森県","city":"三戸郡南部町","town":"埖渡"}],"0104":[{"pref":"青森県","city":"三戸郡南部町","town":"小向"}],"0502":[{"pref":"青森県","city":"三戸郡南部町","town":"下名久井"}],"0813":[{"pref":"青森県","city":"三戸郡南部町","town":"杉沢"}],"0503":[{"pref":"青森県","city":"三戸郡南部町","town":"平"}],"0507":[{"pref":"青森県","city":"三戸郡南部町","town":"高瀬"}],"0804":[{"pref":"青森県","city":"三戸郡南部町","town":"高橋"}],"0101":[{"pref":"青森県","city":"三戸郡南部町","town":"玉掛"}],"0504":[{"pref":"青森県","city":"三戸郡南部町","town":"鳥舌内"}],"0611":[{"pref":"青森県","city":"三戸郡南部町","town":"斗賀"}],"0802":[{"pref":"青森県","city":"三戸郡南部町","town":"苫米地"}],"0505":[{"pref":"青森県","city":"三戸郡南部町","town":"鳥谷"}],"0614":[{"pref":"青森県","city":"三戸郡南部町","town":"虎渡"}],"0815":[{"pref":"青森県","city":"三戸郡南部町","town":"福田"}],"0506":[{"pref":"青森県","city":"三戸郡南部町","town":"法光寺"}],"0811":[{"pref":"青森県","city":"三戸郡南部町","town":"法師岡"}],"0803":[{"pref":"青森県","city":"三戸郡南部町","town":"麦沢"}],"0613":[{"pref":"青森県","city":"三戸郡南部町","town":"森越"}]}