{"0022":[{"pref":"東京都","city":"文京区","town":"千駄木"}],"0024":[{"pref":"東京都","city":"文京区","town":"西片"}],"0031":[{"pref":"東京都","city":"文京区","town":"根津"}],"0001":[{"pref":"東京都","city":"文京区","town":"白山（１丁目）"}],"0021":[{"pref":"東京都","city":"文京区","town":"本駒込"}],"0033":[{"pref":"東京都","city":"文京区","town":"本郷"}],"0023":[{"pref":"東京都","city":"文京区","town":"向丘"}],"0032":[{"pref":"東京都","city":"文京区","town":"弥生"}],"0034":[{"pref":"東京都","city":"文京区","town":"湯島"}]}