{"1101":[{"pref":"福岡県","city":"八女市","town":"上陽町上横山"}],"1102":[{"pref":"福岡県","city":"八女市","town":"上陽町北川内"}],"1103":[{"pref":"福岡県","city":"八女市","town":"上陽町久木原"}],"1104":[{"pref":"福岡県","city":"八女市","town":"上陽町下横山"}],"1201":[{"pref":"福岡県","city":"八女市","town":"黒木町北大淵"}],"1202":[{"pref":"福岡県","city":"八女市","town":"黒木町大淵"}],"1203":[{"pref":"福岡県","city":"八女市","town":"黒木町北木屋"}],"1204":[{"pref":"福岡県","city":"八女市","town":"黒木町木屋"}],"1205":[{"pref":"福岡県","city":"八女市","town":"黒木町田代"}],"1211":[{"pref":"福岡県","city":"八女市","town":"黒木町土窪"}],"1212":[{"pref":"福岡県","city":"八女市","town":"黒木町鹿子生"}],"1213":[{"pref":"福岡県","city":"八女市","town":"黒木町本分"}],"1214":[{"pref":"福岡県","city":"八女市","town":"黒木町田本"}],"1215":[{"pref":"福岡県","city":"八女市","town":"黒木町湯辺田"}],"1216":[{"pref":"福岡県","city":"八女市","town":"黒木町桑原"}],"1217":[{"pref":"福岡県","city":"八女市","town":"黒木町黒木"}],"1221":[{"pref":"福岡県","city":"八女市","town":"黒木町今"}],"1222":[{"pref":"福岡県","city":"八女市","town":"黒木町笠原"}],"1401":[{"pref":"福岡県","city":"八女市","town":"矢部村北矢部"}],"1402":[{"pref":"福岡県","city":"八女市","town":"矢部村矢部"}],"0000":[{"pref":"福岡県","city":"八女市","town":"以下に掲載がない場合"}],"0047":[{"pref":"福岡県","city":"八女市","town":"稲富"}],"0026":[{"pref":"福岡県","city":"八女市","town":"井延"}],"0061":[{"pref":"福岡県","city":"八女市","town":"今福"}],"0062":[{"pref":"福岡県","city":"八女市","town":"岩崎"}],"0055":[{"pref":"福岡県","city":"八女市","town":"鵜池"}],"0013":[{"pref":"福岡県","city":"八女市","town":"大籠"}],"0005":[{"pref":"福岡県","city":"八女市","town":"大島"}],"0041":[{"pref":"福岡県","city":"八女市","town":"緒玉"}],"0064":[{"pref":"福岡県","city":"八女市","town":"蒲原"}],"0065":[{"pref":"福岡県","city":"八女市","town":"亀甲"}],"0053":[{"pref":"福岡県","city":"八女市","town":"川犬"}],"0021":[{"pref":"福岡県","city":"八女市","town":"北田形"}],"0025":[{"pref":"福岡県","city":"八女市","town":"祈祷院"}],"0046":[{"pref":"福岡県","city":"八女市","town":"国武"}],"0002":[{"pref":"福岡県","city":"八女市","town":"黒土"}],"0042":[{"pref":"福岡県","city":"八女市","town":"酒井田"}],"0052":[{"pref":"福岡県","city":"八女市","town":"新庄"}],"0045":[{"pref":"福岡県","city":"八女市","town":"平"}],"0034":[{"pref":"福岡県","city":"八女市","town":"高塚"}],"0001":[{"pref":"福岡県","city":"八女市","town":"宅間田"}],"0014":[{"pref":"福岡県","city":"八女市","town":"忠見"}],"0082":[{"pref":"福岡県","city":"八女市","town":"立花町兼松"}],"0083":[{"pref":"福岡県","city":"八女市","town":"立花町上辺春"}],"0085":[{"pref":"福岡県","city":"八女市","town":"立花町北山"}],"0073":[{"pref":"福岡県","city":"八女市","town":"立花町下辺春"}],"0084":[{"pref":"福岡県","city":"八女市","town":"立花町白木"}],"0071":[{"pref":"福岡県","city":"八女市","town":"立花町田形"}],"0074":[{"pref":"福岡県","city":"八女市","town":"立花町谷川"}],"0072":[{"pref":"福岡県","city":"八女市","town":"立花町遠久谷"}],"0075":[{"pref":"福岡県","city":"八女市","town":"立花町原島"}],"0081":[{"pref":"福岡県","city":"八女市","town":"立花町山崎"}],"0067":[{"pref":"福岡県","city":"八女市","town":"龍ケ原"}],"0051":[{"pref":"福岡県","city":"八女市","town":"立野"}],"0024":[{"pref":"福岡県","city":"八女市","town":"津江"}],"0016":[{"pref":"福岡県","city":"八女市","town":"豊福"}],"0011":[{"pref":"福岡県","city":"八女市","town":"長野"}],"0004":[{"pref":"福岡県","city":"八女市","town":"納楚"}],"0023":[{"pref":"福岡県","city":"八女市","town":"馬場"}],"0043":[{"pref":"福岡県","city":"八女市","town":"光"}],"0003":[{"pref":"福岡県","city":"八女市","town":"平田"}],"0201":[{"pref":"福岡県","city":"八女市","town":"星野村"}],"0015":[{"pref":"福岡県","city":"八女市","town":"本"}],"0054":[{"pref":"福岡県","city":"八女市","town":"前古賀"}],"0032":[{"pref":"福岡県","city":"八女市","town":"宮野"}],"0066":[{"pref":"福岡県","city":"八女市","town":"室岡"}],"0031":[{"pref":"福岡県","city":"八女市","town":"本町"}],"0063":[{"pref":"福岡県","city":"八女市","town":"本村"}],"0022":[{"pref":"福岡県","city":"八女市","town":"柳島"}],"0033":[{"pref":"福岡県","city":"八女市","town":"柳瀬"}],"0044":[{"pref":"福岡県","city":"八女市","town":"矢原"}],"0012":[{"pref":"福岡県","city":"八女市","town":"山内"}],"0006":[{"pref":"福岡県","city":"八女市","town":"吉田"}],"0100":[{"pref":"福岡県","city":"八女郡広川町","town":"以下に掲載がない場合"}],"0122":[{"pref":"福岡県","city":"八女郡広川町","town":"一條"}],"0114":[{"pref":"福岡県","city":"八女郡広川町","town":"太田"}],"0113":[{"pref":"福岡県","city":"八女郡広川町","town":"川上"}],"0101":[{"pref":"福岡県","city":"八女郡広川町","town":"小椎尾"}],"0105":[{"pref":"福岡県","city":"八女郡広川町","town":"長延"}],"0115":[{"pref":"福岡県","city":"八女郡広川町","town":"新代"}],"0112":[{"pref":"福岡県","city":"八女郡広川町","town":"久泉"}],"0111":[{"pref":"福岡県","city":"八女郡広川町","town":"日吉"}],"0121":[{"pref":"福岡県","city":"八女郡広川町","town":"広川"}],"0123":[{"pref":"福岡県","city":"八女郡広川町","town":"藤田"}],"0102":[{"pref":"福岡県","city":"八女郡広川町","town":"水原"}],"0104":[{"pref":"福岡県","city":"八女郡広川町","town":"吉常"}],"0103":[{"pref":"福岡県","city":"八女郡広川町","town":"六田"}]}