{"0802":[{"pref":"神奈川県","city":"小田原市","town":"小竹"}],"0806":[{"pref":"神奈川県","city":"小田原市","town":"小船"}],"0805":[{"pref":"神奈川県","city":"小田原市","town":"上町"}],"0814":[{"pref":"神奈川県","city":"小田原市","town":"川匂"}],"0812":[{"pref":"神奈川県","city":"小田原市","town":"国府津"}],"0815":[{"pref":"神奈川県","city":"小田原市","town":"小八幡"}],"0816":[{"pref":"神奈川県","city":"小田原市","town":"酒匂"}],"0811":[{"pref":"神奈川県","city":"小田原市","town":"田島"}],"0803":[{"pref":"神奈川県","city":"小田原市","town":"中村原"}],"0817":[{"pref":"神奈川県","city":"小田原市","town":"西酒匂"}],"0801":[{"pref":"神奈川県","city":"小田原市","town":"沼代"}],"0804":[{"pref":"神奈川県","city":"小田原市","town":"羽根尾"}],"0808":[{"pref":"神奈川県","city":"小田原市","town":"東ヶ丘"}],"0813":[{"pref":"神奈川県","city":"小田原市","town":"前川"}],"0807":[{"pref":"神奈川県","city":"小田原市","town":"山西"}]}