{"0000":[{"pref":"千葉県","city":"鴨川市","town":"以下に掲載がない場合"}],"0031":[{"pref":"千葉県","city":"鴨川市","town":"粟斗"}],"0024":[{"pref":"千葉県","city":"鴨川市","town":"池田"}],"0045":[{"pref":"千葉県","city":"鴨川市","town":"和泉"}],"0003":[{"pref":"千葉県","city":"鴨川市","town":"磯村"}],"0035":[{"pref":"千葉県","city":"鴨川市","town":"打墨"}],"0121":[{"pref":"千葉県","city":"鴨川市","town":"大川面"}],"0124":[{"pref":"千葉県","city":"鴨川市","town":"大幡"}],"0237":[{"pref":"千葉県","city":"鴨川市","town":"大山平塚"}],"0023":[{"pref":"千葉県","city":"鴨川市","town":"押切"}],"0025":[{"pref":"千葉県","city":"鴨川市","town":"太田学"}],"0004":[{"pref":"千葉県","city":"鴨川市","town":"貝渚"}],"0231":[{"pref":"千葉県","city":"鴨川市","town":"釜沼"}],"0103":[{"pref":"千葉県","city":"鴨川市","town":"上小原"}],"0015":[{"pref":"千葉県","city":"鴨川市","town":"川代"}],"0101":[{"pref":"千葉県","city":"鴨川市","town":"北小町"}],"0022":[{"pref":"千葉県","city":"鴨川市","town":"京田"}],"0233":[{"pref":"千葉県","city":"鴨川市","town":"金束"}],"0234":[{"pref":"千葉県","city":"鴨川市","town":"古畑"}],"0236":[{"pref":"千葉県","city":"鴨川市","town":"佐野"}],"0102":[{"pref":"千葉県","city":"鴨川市","town":"下小原"}],"0106":[{"pref":"千葉県","city":"鴨川市","town":"主基西"}],"0011":[{"pref":"千葉県","city":"鴨川市","town":"大里"}],"0021":[{"pref":"千葉県","city":"鴨川市","town":"竹平"}],"0013":[{"pref":"千葉県","city":"鴨川市","town":"田原西"}],"0122":[{"pref":"千葉県","city":"鴨川市","town":"寺門"}],"0111":[{"pref":"千葉県","city":"鴨川市","town":"仲"}],"0123":[{"pref":"千葉県","city":"鴨川市","town":"北風原"}],"0235":[{"pref":"千葉県","city":"鴨川市","town":"奈良林"}],"0105":[{"pref":"千葉県","city":"鴨川市","town":"成川"}],"0043":[{"pref":"千葉県","city":"鴨川市","town":"西町"}],"0034":[{"pref":"千葉県","city":"鴨川市","town":"滑谷"}],"0032":[{"pref":"千葉県","city":"鴨川市","town":"花房"}],"0016":[{"pref":"千葉県","city":"鴨川市","town":"坂東"}],"0041":[{"pref":"千葉県","city":"鴨川市","town":"東町"}],"0042":[{"pref":"千葉県","city":"鴨川市","town":"東元浜荻飛地"}],"0232":[{"pref":"千葉県","city":"鴨川市","town":"平塚"}],"0044":[{"pref":"千葉県","city":"鴨川市","town":"広場"}],"0014":[{"pref":"千葉県","city":"鴨川市","town":"太尾"}],"0114":[{"pref":"千葉県","city":"鴨川市","town":"細野"}],"0002":[{"pref":"千葉県","city":"鴨川市","town":"前原"}],"0115":[{"pref":"千葉県","city":"鴨川市","town":"松尾寺"}],"0104":[{"pref":"千葉県","city":"鴨川市","town":"南小町"}],"0112":[{"pref":"千葉県","city":"鴨川市","town":"宮山"}],"0033":[{"pref":"千葉県","city":"鴨川市","town":"八色"}],"0125":[{"pref":"千葉県","city":"鴨川市","town":"横尾"}],"0001":[{"pref":"千葉県","city":"鴨川市","town":"横渚"}],"0126":[{"pref":"千葉県","city":"鴨川市","town":"吉尾西"}],"0113":[{"pref":"千葉県","city":"鴨川市","town":"吉尾平塚"}],"0012":[{"pref":"千葉県","city":"鴨川市","town":"来秀"}]}