{"0000":[{"pref":"山梨県","city":"富士吉田市","town":"以下に掲載がない場合"},{"pref":"山梨県","city":"南都留郡西桂町","town":"以下に掲載がない場合"}],"0012":[{"pref":"山梨県","city":"富士吉田市","town":"旭"}],"0031":[{"pref":"山梨県","city":"富士吉田市","town":"浅間"}],"0011":[{"pref":"山梨県","city":"富士吉田市","town":"新倉"}],"0006":[{"pref":"山梨県","city":"富士吉田市","town":"新屋"}],"0003":[{"pref":"山梨県","city":"富士吉田市","town":"大明見"}],"0001":[{"pref":"山梨県","city":"富士吉田市","town":"上暮地"}],"0005":[{"pref":"山梨県","city":"富士吉田市","town":"上吉田"}],"0032":[{"pref":"山梨県","city":"富士吉田市","town":"上吉田東"}],"0002":[{"pref":"山梨県","city":"富士吉田市","town":"小明見"}],"0004":[{"pref":"山梨県","city":"富士吉田市","town":"下吉田"}],"0008":[{"pref":"山梨県","city":"富士吉田市","town":"下吉田東"}],"0017":[{"pref":"山梨県","city":"富士吉田市","town":"新西原"}],"0019":[{"pref":"山梨県","city":"富士吉田市","town":"新町"}],"0014":[{"pref":"山梨県","city":"富士吉田市","town":"竜ケ丘"}],"0015":[{"pref":"山梨県","city":"富士吉田市","town":"ときわ台"}],"0007":[{"pref":"山梨県","city":"富士吉田市","town":"中曽根"}],"0009":[{"pref":"山梨県","city":"富士吉田市","town":"富士見"}],"0016":[{"pref":"山梨県","city":"富士吉田市","town":"松山"}],"0013":[{"pref":"山梨県","city":"富士吉田市","town":"緑ケ丘"}],"0018":[{"pref":"山梨県","city":"富士吉田市","town":"向原"}],"0022":[{"pref":"山梨県","city":"南都留郡西桂町","town":"小沼"}],"0023":[{"pref":"山梨県","city":"南都留郡西桂町","town":"倉見"}],"0021":[{"pref":"山梨県","city":"南都留郡西桂町","town":"下暮地"}]}