{"0063":[{"pref":"千葉県","city":"千葉市若葉区","town":"五十土町"}],"0052":[{"pref":"千葉県","city":"千葉市若葉区","town":"和泉町"}],"0075":[{"pref":"千葉県","city":"千葉市若葉区","town":"大井戸町"}],"0064":[{"pref":"千葉県","city":"千葉市若葉区","town":"大広町"}],"0077":[{"pref":"千葉県","city":"千葉市若葉区","town":"御成台"}],"0046":[{"pref":"千葉県","city":"千葉市若葉区","town":"小間子町"}],"0045":[{"pref":"千葉県","city":"千葉市若葉区","town":"上泉町"}],"0062":[{"pref":"千葉県","city":"千葉市若葉区","town":"川井町"}],"0067":[{"pref":"千葉県","city":"千葉市若葉区","town":"北谷津町"}],"0042":[{"pref":"千葉県","city":"千葉市若葉区","town":"古泉町"}],"0074":[{"pref":"千葉県","city":"千葉市若葉区","town":"御殿町"}],"0073":[{"pref":"千葉県","city":"千葉市若葉区","town":"更科町"}],"0065":[{"pref":"千葉県","city":"千葉市若葉区","town":"佐和町"}],"0044":[{"pref":"千葉県","city":"千葉市若葉区","town":"下泉町"}],"0076":[{"pref":"千葉県","city":"千葉市若葉区","town":"下田町"}],"0061":[{"pref":"千葉県","city":"千葉市若葉区","town":"高根町"}],"0066":[{"pref":"千葉県","city":"千葉市若葉区","town":"多部田町"}],"0071":[{"pref":"千葉県","city":"千葉市若葉区","town":"旦谷町"}],"0041":[{"pref":"千葉県","city":"千葉市若葉区","town":"富田町"}],"0043":[{"pref":"千葉県","city":"千葉市若葉区","town":"中田町"}],"0051":[{"pref":"千葉県","city":"千葉市若葉区","town":"中野町"}],"0053":[{"pref":"千葉県","city":"千葉市若葉区","town":"野呂町"}],"0072":[{"pref":"千葉県","city":"千葉市若葉区","town":"谷当町"}]}