{"0000":[{"pref":"東京都","city":"羽村市","town":"以下に掲載がない場合"}],"0001":[{"pref":"東京都","city":"羽村市","town":"小作台"}],"0021":[{"pref":"東京都","city":"羽村市","town":"川崎"}],"0011":[{"pref":"東京都","city":"羽村市","town":"五ノ神"}],"0002":[{"pref":"東京都","city":"羽村市","town":"栄町"}],"0023":[{"pref":"東京都","city":"羽村市","town":"神明台"}],"0024":[{"pref":"東京都","city":"羽村市","town":"玉川"}],"0012":[{"pref":"東京都","city":"羽村市","town":"羽"}],"0016":[{"pref":"東京都","city":"羽村市","town":"羽加美"}],"0015":[{"pref":"東京都","city":"羽村市","town":"羽中"}],"0014":[{"pref":"東京都","city":"羽村市","town":"羽東"}],"0017":[{"pref":"東京都","city":"羽村市","town":"羽西"}],"0013":[{"pref":"東京都","city":"羽村市","town":"富士見平"}],"0022":[{"pref":"東京都","city":"羽村市","town":"双葉町"}],"0003":[{"pref":"東京都","city":"羽村市","town":"緑ケ丘"}]}