{"0000":[{"pref":"愛知県","city":"瀬戸市","town":"以下に掲載がない場合"}],"0878":[{"pref":"愛知県","city":"瀬戸市","town":"赤重町"}],"0071":[{"pref":"愛知県","city":"瀬戸市","town":"暁町"}],"0022":[{"pref":"愛知県","city":"瀬戸市","town":"赤津町"}],"0898":[{"pref":"愛知県","city":"瀬戸市","town":"秋葉町"}],"0043":[{"pref":"愛知県","city":"瀬戸市","town":"朝日町"}],"0847":[{"pref":"愛知県","city":"瀬戸市","town":"東町"}],"0801":[{"pref":"愛知県","city":"瀬戸市","town":"汗干町"}],"0003":[{"pref":"愛知県","city":"瀬戸市","town":"穴田町"}],"0952":[{"pref":"愛知県","city":"瀬戸市","town":"池田町"}],"0951":[{"pref":"愛知県","city":"瀬戸市","town":"石田町"}],"0073":[{"pref":"愛知県","city":"瀬戸市","town":"泉町"}],"0922":[{"pref":"愛知県","city":"瀬戸市","town":"市場町"}],"0817":[{"pref":"愛知県","city":"瀬戸市","town":"銀杏木町"}],"0836":[{"pref":"愛知県","city":"瀬戸市","town":"一里塚町"}],"0976":[{"pref":"愛知県","city":"瀬戸市","town":"井戸金町"}],"0802":[{"pref":"愛知県","city":"瀬戸市","town":"今池町"}],"0868":[{"pref":"愛知県","city":"瀬戸市","town":"今林町"}],"0964":[{"pref":"愛知県","city":"瀬戸市","town":"上之山町"}],"0902":[{"pref":"愛知県","city":"瀬戸市","town":"内田町"}],"0021":[{"pref":"愛知県","city":"瀬戸市","town":"馬ケ城町"}],"0826":[{"pref":"愛知県","city":"瀬戸市","town":"蛭子町"}],"0803":[{"pref":"愛知県","city":"瀬戸市","town":"追分町"}],"0832":[{"pref":"愛知県","city":"瀬戸市","town":"王子沢町"}],"0867":[{"pref":"愛知県","city":"瀬戸市","town":"大坂町"}],"0962":[{"pref":"愛知県","city":"瀬戸市","town":"大坪町"}],"0064":[{"pref":"愛知県","city":"瀬戸市","town":"小金町"}],"0067":[{"pref":"愛知県","city":"瀬戸市","town":"小田妻町"}],"0855":[{"pref":"愛知県","city":"瀬戸市","town":"海上町"}],"0966":[{"pref":"愛知県","city":"瀬戸市","town":"掛下町"}],"0845":[{"pref":"愛知県","city":"瀬戸市","town":"鐘場町"}],"0007":[{"pref":"愛知県","city":"瀬戸市","town":"鹿乗町"}],"0048":[{"pref":"愛知県","city":"瀬戸市","town":"窯神町"}],"0023":[{"pref":"愛知県","city":"瀬戸市","town":"窯元町"}],"0933":[{"pref":"愛知県","city":"瀬戸市","town":"神川町"}],"0063":[{"pref":"愛知県","city":"瀬戸市","town":"上陣屋町"}],"0892":[{"pref":"愛知県","city":"瀬戸市","town":"上ノ切町"}],"0061":[{"pref":"愛知県","city":"瀬戸市","town":"上本町"}],"0068":[{"pref":"愛知県","city":"瀬戸市","town":"上松山町"}],"0062":[{"pref":"愛知県","city":"瀬戸市","town":"上水野町"}],"0853":[{"pref":"愛知県","city":"瀬戸市","town":"上山路町"}],"0894":[{"pref":"愛知県","city":"瀬戸市","town":"川合町"}],"0927":[{"pref":"愛知県","city":"瀬戸市","town":"川北町"}],"0926":[{"pref":"愛知県","city":"瀬戸市","town":"川西町"}],"0919":[{"pref":"愛知県","city":"瀬戸市","town":"川端町"}],"0001":[{"pref":"愛知県","city":"瀬戸市","town":"川平町"}],"0908":[{"pref":"愛知県","city":"瀬戸市","town":"ききょう台"}],"0915":[{"pref":"愛知県","city":"瀬戸市","town":"北浦町"}],"0014":[{"pref":"愛知県","city":"瀬戸市","town":"北白坂町"}],"0911":[{"pref":"愛知県","city":"瀬戸市","town":"北松山町"}],"0910":[{"pref":"愛知県","city":"瀬戸市","town":"北みずの坂"}],"0984":[{"pref":"愛知県","city":"瀬戸市","town":"北山町"}],"0918":[{"pref":"愛知県","city":"瀬戸市","town":"北脇町"}],"0809":[{"pref":"愛知県","city":"瀬戸市","town":"共栄通"}],"0804":[{"pref":"愛知県","city":"瀬戸市","town":"京町"}],"0881":[{"pref":"愛知県","city":"瀬戸市","town":"熊野町"}],"0813":[{"pref":"愛知県","city":"瀬戸市","town":"蔵所町"}],"0031":[{"pref":"愛知県","city":"瀬戸市","town":"五位塚町"}],"0917":[{"pref":"愛知県","city":"瀬戸市","town":"效範町"}],"0978":[{"pref":"愛知県","city":"瀬戸市","town":"小坂町"}],"0032":[{"pref":"愛知県","city":"瀬戸市","town":"古瀬戸町"}],"0842":[{"pref":"愛知県","city":"瀬戸市","town":"小空町"}],"0879":[{"pref":"愛知県","city":"瀬戸市","town":"瘤木町"}],"0974":[{"pref":"愛知県","city":"瀬戸市","town":"駒前町"}],"0035":[{"pref":"愛知県","city":"瀬戸市","town":"紺屋田町"}],"0818":[{"pref":"愛知県","city":"瀬戸市","town":"幸町"}],"0977":[{"pref":"愛知県","city":"瀬戸市","town":"坂上町"}],"0044":[{"pref":"愛知県","city":"瀬戸市","town":"栄町"}],"0982":[{"pref":"愛知県","city":"瀬戸市","town":"さつき台"}],"0895":[{"pref":"愛知県","city":"瀬戸市","town":"塩草町"}],"0901":[{"pref":"愛知県","city":"瀬戸市","town":"十軒町"}],"0051":[{"pref":"愛知県","city":"瀬戸市","town":"下陣屋町"}],"0017":[{"pref":"愛知県","city":"瀬戸市","town":"白坂町"}],"0924":[{"pref":"愛知県","city":"瀬戸市","town":"城ケ根町"}],"0923":[{"pref":"愛知県","city":"瀬戸市","town":"城屋敷町"}],"0873":[{"pref":"愛知県","city":"瀬戸市","town":"新郷町"}],"0949":[{"pref":"愛知県","city":"瀬戸市","town":"新田町"}],"0058":[{"pref":"愛知県","city":"瀬戸市","town":"進陶町"}],"0075":[{"pref":"愛知県","city":"瀬戸市","town":"新道町"}],"0849":[{"pref":"愛知県","city":"瀬戸市","town":"新明町"}],"0913":[{"pref":"愛知県","city":"瀬戸市","town":"水南町"}],"0009":[{"pref":"愛知県","city":"瀬戸市","town":"水北町"}],"0814":[{"pref":"愛知県","city":"瀬戸市","town":"末広町"}],"0822":[{"pref":"愛知県","city":"瀬戸市","town":"杉塚町"}],"0033":[{"pref":"愛知県","city":"瀬戸市","town":"須原町"}],"0904":[{"pref":"愛知県","city":"瀬戸市","town":"すみれ台"}],"0863":[{"pref":"愛知県","city":"瀬戸市","town":"せいれい町"}],"0041":[{"pref":"愛知県","city":"瀬戸市","town":"背戸側町"}],"0941":[{"pref":"愛知県","city":"瀬戸市","town":"瀬戸口町"}],"0843":[{"pref":"愛知県","city":"瀬戸市","town":"惣作町"}],"0008":[{"pref":"愛知県","city":"瀬戸市","town":"曽野町"}],"0825":[{"pref":"愛知県","city":"瀬戸市","town":"祖母懐町"}],"0846":[{"pref":"愛知県","city":"瀬戸市","town":"太子町"}],"0954":[{"pref":"愛知県","city":"瀬戸市","town":"台六町"}],"0931":[{"pref":"愛知県","city":"瀬戸市","town":"高根町"}],"0896":[{"pref":"愛知県","city":"瀬戸市","town":"宝ケ丘町"}],"0055":[{"pref":"愛知県","city":"瀬戸市","town":"滝之湯町"}],"0025":[{"pref":"愛知県","city":"瀬戸市","town":"凧山町"}],"0961":[{"pref":"愛知県","city":"瀬戸市","town":"田中町"}],"0921":[{"pref":"愛知県","city":"瀬戸市","town":"田端町"}],"0838":[{"pref":"愛知県","city":"瀬戸市","town":"寺本町"}],"0891":[{"pref":"愛知県","city":"瀬戸市","town":"陶栄町"}],"0805":[{"pref":"愛知県","city":"瀬戸市","town":"陶原町"}],"0823":[{"pref":"愛知県","city":"瀬戸市","town":"東郷町"}],"0831":[{"pref":"愛知県","city":"瀬戸市","town":"藤四郎町"}],"0827":[{"pref":"愛知県","city":"瀬戸市","town":"陶生町"}],"0054":[{"pref":"愛知県","city":"瀬戸市","town":"道泉町"}],"0045":[{"pref":"愛知県","city":"瀬戸市","town":"陶本町"}],"0026":[{"pref":"愛知県","city":"瀬戸市","town":"東明町"}],"0983":[{"pref":"愛知県","city":"瀬戸市","town":"苗場町"}],"0042":[{"pref":"愛知県","city":"瀬戸市","town":"仲切町"}],"0824":[{"pref":"愛知県","city":"瀬戸市","town":"仲郷町"}],"0013":[{"pref":"愛知県","city":"瀬戸市","town":"中白坂町"}],"0029":[{"pref":"愛知県","city":"瀬戸市","town":"中畑町"}],"0833":[{"pref":"愛知県","city":"瀬戸市","town":"仲洞町"}],"0005":[{"pref":"愛知県","city":"瀬戸市","town":"中水野町"}],"0835":[{"pref":"愛知県","city":"瀬戸市","town":"中山町"}],"0884":[{"pref":"愛知県","city":"瀬戸市","town":"西茨町"}],"0079":[{"pref":"愛知県","city":"瀬戸市","town":"西印所町"}],"0065":[{"pref":"愛知県","city":"瀬戸市","town":"西追分町"}],"0028":[{"pref":"愛知県","city":"瀬戸市","town":"西窯町"}],"0812":[{"pref":"愛知県","city":"瀬戸市","town":"西蔵所町"}],"0036":[{"pref":"愛知県","city":"瀬戸市","town":"西古瀬戸町"}],"0943":[{"pref":"愛知県","city":"瀬戸市","town":"西米泉町"}],"0829":[{"pref":"愛知県","city":"瀬戸市","town":"西郷町"}],"0882":[{"pref":"愛知県","city":"瀬戸市","town":"西権現町"}],"0018":[{"pref":"愛知県","city":"瀬戸市","town":"西白坂町"}],"0047":[{"pref":"愛知県","city":"瀬戸市","town":"西谷町"}],"0925":[{"pref":"愛知県","city":"瀬戸市","town":"西寺山町"}],"0057":[{"pref":"愛知県","city":"瀬戸市","town":"西十三塚町"}],"0929":[{"pref":"愛知県","city":"瀬戸市","town":"西長根町"}],"0848":[{"pref":"愛知県","city":"瀬戸市","town":"西拝戸町"}],"0972":[{"pref":"愛知県","city":"瀬戸市","town":"西原町"}],"0971":[{"pref":"愛知県","city":"瀬戸市","town":"西本地町"}],"0819":[{"pref":"愛知県","city":"瀬戸市","town":"西本町"}],"0837":[{"pref":"愛知県","city":"瀬戸市","town":"西洞町"}],"0912":[{"pref":"愛知県","city":"瀬戸市","town":"西松山町"}],"0851":[{"pref":"愛知県","city":"瀬戸市","town":"西山路町"}],"0987":[{"pref":"愛知県","city":"瀬戸市","town":"西山町"}],"0807":[{"pref":"愛知県","city":"瀬戸市","town":"西吉田町"}],"0936":[{"pref":"愛知県","city":"瀬戸市","town":"西脇町"}],"0885":[{"pref":"愛知県","city":"瀬戸市","town":"萩殿町"}],"0905":[{"pref":"愛知県","city":"瀬戸市","town":"はぎの台"}],"0886":[{"pref":"愛知県","city":"瀬戸市","town":"萩山台"}],"0876":[{"pref":"愛知県","city":"瀬戸市","town":"白山町"}],"0852":[{"pref":"愛知県","city":"瀬戸市","town":"巡間町"}],"0012":[{"pref":"愛知県","city":"瀬戸市","town":"長谷口町"}],"0946":[{"pref":"愛知県","city":"瀬戸市","town":"幡中町"}],"0938":[{"pref":"愛知県","city":"瀬戸市","town":"幡西町"}],"0874":[{"pref":"愛知県","city":"瀬戸市","town":"幡野町"}],"0948":[{"pref":"愛知県","city":"瀬戸市","town":"幡山町"}],"0024":[{"pref":"愛知県","city":"瀬戸市","town":"八王子町"}],"0861":[{"pref":"愛知県","city":"瀬戸市","town":"八幡台"}],"0862":[{"pref":"愛知県","city":"瀬戸市","town":"八幡町"}],"0034":[{"pref":"愛知県","city":"瀬戸市","town":"刎田町"}],"0947":[{"pref":"愛知県","city":"瀬戸市","town":"羽根町"}],"0888":[{"pref":"愛知県","city":"瀬戸市","town":"原山台"}],"0889":[{"pref":"愛知県","city":"瀬戸市","town":"原山町"}],"0011":[{"pref":"愛知県","city":"瀬戸市","town":"針原町"}],"0893":[{"pref":"愛知県","city":"瀬戸市","town":"春雨町"}],"0877":[{"pref":"愛知県","city":"瀬戸市","town":"東赤重町"}],"0897":[{"pref":"愛知県","city":"瀬戸市","town":"東茨町"}],"0072":[{"pref":"愛知県","city":"瀬戸市","town":"東印所町"}],"0037":[{"pref":"愛知県","city":"瀬戸市","town":"東古瀬戸町"}],"0944":[{"pref":"愛知県","city":"瀬戸市","town":"東米泉町"}],"0883":[{"pref":"愛知県","city":"瀬戸市","town":"東権現町"}],"0015":[{"pref":"愛知県","city":"瀬戸市","town":"東白坂町"}],"0928":[{"pref":"愛知県","city":"瀬戸市","town":"東寺山町"}],"0056":[{"pref":"愛知県","city":"瀬戸市","town":"東十三塚町"}],"0871":[{"pref":"愛知県","city":"瀬戸市","town":"東長根町"}],"0027":[{"pref":"愛知県","city":"瀬戸市","town":"東拝戸町"}],"0942":[{"pref":"愛知県","city":"瀬戸市","town":"東菱野町"}],"0973":[{"pref":"愛知県","city":"瀬戸市","town":"東本地町"}],"0816":[{"pref":"愛知県","city":"瀬戸市","town":"東本町"}],"0841":[{"pref":"愛知県","city":"瀬戸市","town":"東洞町"}],"0069":[{"pref":"愛知県","city":"瀬戸市","town":"東松山町"}],"0053":[{"pref":"愛知県","city":"瀬戸市","town":"東安戸町"}],"0854":[{"pref":"愛知県","city":"瀬戸市","town":"東山路町"}],"0988":[{"pref":"愛知県","city":"瀬戸市","town":"東山町"}],"0066":[{"pref":"愛知県","city":"瀬戸市","town":"東横山町"}],"0806":[{"pref":"愛知県","city":"瀬戸市","town":"東吉田町"}],"0887":[{"pref":"愛知県","city":"瀬戸市","town":"菱野台"}],"0934":[{"pref":"愛知県","city":"瀬戸市","town":"菱野町"}],"0004":[{"pref":"愛知県","city":"瀬戸市","town":"日の出町"}],"0981":[{"pref":"愛知県","city":"瀬戸市","town":"ひまわり台"}],"0916":[{"pref":"愛知県","city":"瀬戸市","town":"平町"}],"0856":[{"pref":"愛知県","city":"瀬戸市","town":"広久手町"}],"0076":[{"pref":"愛知県","city":"瀬戸市","town":"深川町"}],"0935":[{"pref":"愛知県","city":"瀬戸市","town":"福元町"}],"0907":[{"pref":"愛知県","city":"瀬戸市","town":"ふじの台"}],"0945":[{"pref":"愛知県","city":"瀬戸市","town":"弁天町"}],"0979":[{"pref":"愛知県","city":"瀬戸市","town":"坊金町"}],"0906":[{"pref":"愛知県","city":"瀬戸市","town":"本郷町"}],"0828":[{"pref":"愛知県","city":"瀬戸市","town":"前田町"}],"0914":[{"pref":"愛知県","city":"瀬戸市","town":"孫田町"}],"0985":[{"pref":"愛知県","city":"瀬戸市","town":"松原町"}],"0006":[{"pref":"愛知県","city":"瀬戸市","town":"三沢町"}],"0909":[{"pref":"愛知県","city":"瀬戸市","town":"みずの坂"}],"0808":[{"pref":"愛知県","city":"瀬戸市","town":"見付町"}],"0875":[{"pref":"愛知県","city":"瀬戸市","town":"緑町"}],"0872":[{"pref":"愛知県","city":"瀬戸市","town":"水無瀬町"}],"0834":[{"pref":"愛知県","city":"瀬戸市","town":"南東町"}],"0955":[{"pref":"愛知県","city":"瀬戸市","town":"南ケ丘町"}],"0016":[{"pref":"愛知県","city":"瀬戸市","town":"南白坂町"}],"0815":[{"pref":"愛知県","city":"瀬戸市","town":"南仲之切町"}],"0937":[{"pref":"愛知県","city":"瀬戸市","town":"南菱野町"}],"0965":[{"pref":"愛知県","city":"瀬戸市","town":"南山口町"}],"0986":[{"pref":"愛知県","city":"瀬戸市","town":"南山町"}],"0932":[{"pref":"愛知県","city":"瀬戸市","town":"美濃池町"}],"0077":[{"pref":"愛知県","city":"瀬戸市","town":"宮里町"}],"0963":[{"pref":"愛知県","city":"瀬戸市","town":"宮地町"}],"0074":[{"pref":"愛知県","city":"瀬戸市","town":"宮脇町"}],"0046":[{"pref":"愛知県","city":"瀬戸市","town":"元町"}],"0844":[{"pref":"愛知県","city":"瀬戸市","town":"門前町"}],"0866":[{"pref":"愛知県","city":"瀬戸市","town":"矢形町"}],"0821":[{"pref":"愛知県","city":"瀬戸市","town":"薬師町"}],"0052":[{"pref":"愛知県","city":"瀬戸市","town":"安戸町"}],"0858":[{"pref":"愛知県","city":"瀬戸市","town":"屋戸町"}],"0953":[{"pref":"愛知県","city":"瀬戸市","town":"柳ケ坪町"}],"0865":[{"pref":"愛知県","city":"瀬戸市","town":"山口町"}],"0859":[{"pref":"愛知県","city":"瀬戸市","town":"山路町"}],"0980":[{"pref":"愛知県","city":"瀬戸市","town":"やまて坂"}],"0989":[{"pref":"愛知県","city":"瀬戸市","town":"山手町"}],"0975":[{"pref":"愛知県","city":"瀬戸市","town":"山の田町"}],"0811":[{"pref":"愛知県","city":"瀬戸市","town":"山脇町"}],"0078":[{"pref":"愛知県","city":"瀬戸市","town":"湯之根町"}],"0903":[{"pref":"愛知県","city":"瀬戸市","town":"ゆりの台"}],"0857":[{"pref":"愛知県","city":"瀬戸市","town":"吉野町"}],"0002":[{"pref":"愛知県","city":"瀬戸市","town":"余床町"}],"0864":[{"pref":"愛知県","city":"瀬戸市","town":"若宮町"}]}