{"1121":[{"pref":"京都府","city":"綾部市","town":"睦合町"}],"1122":[{"pref":"京都府","city":"綾部市","town":"八津合町"}],"1123":[{"pref":"京都府","city":"綾部市","town":"五津合町"}],"1124":[{"pref":"京都府","city":"綾部市","town":"五泉町"}],"1131":[{"pref":"京都府","city":"綾部市","town":"睦寄町"}],"1132":[{"pref":"京都府","city":"綾部市","town":"故屋岡町"}],"1133":[{"pref":"京都府","city":"綾部市","town":"光野町"}],"1134":[{"pref":"京都府","city":"綾部市","town":"老富町"}],"0000":[{"pref":"京都府","city":"綾部市","town":"以下に掲載がない場合"}],"0062":[{"pref":"京都府","city":"綾部市","town":"相生町"}],"0011":[{"pref":"京都府","city":"綾部市","town":"青野町"}],"0013":[{"pref":"京都府","city":"綾部市","town":"綾中町"}],"0006":[{"pref":"京都府","city":"綾部市","town":"有岡町"}],"0104":[{"pref":"京都府","city":"綾部市","town":"安国寺町"}],"0224":[{"pref":"京都府","city":"綾部市","town":"石原町"}],"0221":[{"pref":"京都府","city":"綾部市","town":"位田町"}],"0051":[{"pref":"京都府","city":"綾部市","town":"井倉新町"}],"0054":[{"pref":"京都府","city":"綾部市","town":"井倉町"}],"0233":[{"pref":"京都府","city":"綾部市","town":"今田町"}],"0102":[{"pref":"京都府","city":"綾部市","town":"上杉町"}],"0035":[{"pref":"京都府","city":"綾部市","town":"上野町"}],"0341":[{"pref":"京都府","city":"綾部市","town":"内久井町"}],"0103":[{"pref":"京都府","city":"綾部市","town":"梅迫町"}],"0043":[{"pref":"京都府","city":"綾部市","town":"上延町"}],"0066":[{"pref":"京都府","city":"綾部市","town":"駅前通"}],"0046":[{"pref":"京都府","city":"綾部市","town":"大島町"}],"0231":[{"pref":"京都府","city":"綾部市","town":"大畠町"}],"0225":[{"pref":"京都府","city":"綾部市","town":"小貝町"}],"0042":[{"pref":"京都府","city":"綾部市","town":"岡町"}],"0114":[{"pref":"京都府","city":"綾部市","town":"岡安町"}],"0236":[{"pref":"京都府","city":"綾部市","town":"小畑町"}],"0101":[{"pref":"京都府","city":"綾部市","town":"於与岐町"}],"0001":[{"pref":"京都府","city":"綾部市","town":"小呂町"}],"0235":[{"pref":"京都府","city":"綾部市","town":"鍛治屋町"}],"0342":[{"pref":"京都府","city":"綾部市","town":"金河内町"}],"0112":[{"pref":"京都府","city":"綾部市","town":"上八田町"}],"0012":[{"pref":"京都府","city":"綾部市","town":"川糸町"}],"0226":[{"pref":"京都府","city":"綾部市","town":"私市町"}],"0222":[{"pref":"京都府","city":"綾部市","town":"栗町"}],"0108":[{"pref":"京都府","city":"綾部市","town":"黒谷町"}],"0234":[{"pref":"京都府","city":"綾部市","town":"小西町"}],"0052":[{"pref":"京都府","city":"綾部市","town":"幸通"}],"0008":[{"pref":"京都府","city":"綾部市","town":"桜が丘"}],"0005":[{"pref":"京都府","city":"綾部市","town":"里町"}],"0343":[{"pref":"京都府","city":"綾部市","town":"志賀郷町"}],"0111":[{"pref":"京都府","city":"綾部市","town":"七百石町"}],"0351":[{"pref":"京都府","city":"綾部市","town":"篠田町"}],"0116":[{"pref":"京都府","city":"綾部市","town":"下八田町"}],"0003":[{"pref":"京都府","city":"綾部市","town":"城山町"}],"0026":[{"pref":"京都府","city":"綾部市","town":"神宮寺町"}],"0022":[{"pref":"京都府","city":"綾部市","town":"新宮町"}],"0363":[{"pref":"京都府","city":"綾部市","town":"新庄町"}],"0023":[{"pref":"京都府","city":"綾部市","town":"新町"}],"0002":[{"pref":"京都府","city":"綾部市","town":"高倉町"}],"0106":[{"pref":"京都府","city":"綾部市","town":"高槻町"}],"0045":[{"pref":"京都府","city":"綾部市","town":"高津町"}],"0004":[{"pref":"京都府","city":"綾部市","town":"多田町"}],"0232":[{"pref":"京都府","city":"綾部市","town":"舘町"}],"0034":[{"pref":"京都府","city":"綾部市","town":"田野町"}],"0024":[{"pref":"京都府","city":"綾部市","town":"田町"}],"0025":[{"pref":"京都府","city":"綾部市","town":"月見町"}],"0033":[{"pref":"京都府","city":"綾部市","town":"寺町"}],"0061":[{"pref":"京都府","city":"綾部市","town":"天神町"}],"0117":[{"pref":"京都府","city":"綾部市","town":"とよさか町"}],"0223":[{"pref":"京都府","city":"綾部市","town":"豊里町"}],"0113":[{"pref":"京都府","city":"綾部市","town":"中筋町"}],"0064":[{"pref":"京都府","city":"綾部市","town":"中ノ町"}],"0105":[{"pref":"京都府","city":"綾部市","town":"中山町"}],"0037":[{"pref":"京都府","city":"綾部市","town":"並松町"}],"0344":[{"pref":"京都府","city":"綾部市","town":"西方町"}],"0364":[{"pref":"京都府","city":"綾部市","town":"西坂町"}],"0065":[{"pref":"京都府","city":"綾部市","town":"西新町"}],"0016":[{"pref":"京都府","city":"綾部市","town":"西町"}],"0345":[{"pref":"京都府","city":"綾部市","town":"仁和町"}],"0032":[{"pref":"京都府","city":"綾部市","town":"野田町"}],"0041":[{"pref":"京都府","city":"綾部市","town":"延町"}],"0361":[{"pref":"京都府","city":"綾部市","town":"白道路町"}],"0063":[{"pref":"京都府","city":"綾部市","town":"広小路"}],"0115":[{"pref":"京都府","city":"綾部市","town":"渕垣町"}],"0353":[{"pref":"京都府","city":"綾部市","town":"別所町"}],"0346":[{"pref":"京都府","city":"綾部市","town":"坊口町"}],"0007":[{"pref":"京都府","city":"綾部市","town":"星原町"}],"0036":[{"pref":"京都府","city":"綾部市","town":"本宮町"}],"0021":[{"pref":"京都府","city":"綾部市","town":"本町"}],"0031":[{"pref":"京都府","city":"綾部市","town":"味方町"}],"0053":[{"pref":"京都府","city":"綾部市","town":"宮代町"}],"0352":[{"pref":"京都府","city":"綾部市","town":"向田町"}],"0362":[{"pref":"京都府","city":"綾部市","town":"物部町"}],"0107":[{"pref":"京都府","city":"綾部市","town":"八代町"}],"0044":[{"pref":"京都府","city":"綾部市","town":"安場町"}],"0014":[{"pref":"京都府","city":"綾部市","town":"若竹町"}],"0015":[{"pref":"京都府","city":"綾部市","town":"若松町"}]}