{"1121":[{"pref":"島根県","city":"浜田市","town":"弥栄町野坂"}],"1122":[{"pref":"島根県","city":"浜田市","town":"弥栄町木都賀"}],"1123":[{"pref":"島根県","city":"浜田市","town":"弥栄町田野原"}],"1201":[{"pref":"島根県","city":"浜田市","town":"弥栄町栃木"}],"1202":[{"pref":"島根県","city":"浜田市","town":"弥栄町小坂"}],"1203":[{"pref":"島根県","city":"浜田市","town":"弥栄町高内"}],"1204":[{"pref":"島根県","city":"浜田市","town":"弥栄町門田"}],"1211":[{"pref":"島根県","city":"浜田市","town":"弥栄町長安本郷"}],"1212":[{"pref":"島根県","city":"浜田市","town":"弥栄町三里"}],"1213":[{"pref":"島根県","city":"浜田市","town":"弥栄町程原"}],"1214":[{"pref":"島根県","city":"浜田市","town":"弥栄町大坪"}],"1215":[{"pref":"島根県","city":"浜田市","town":"弥栄町稲代"}],"1321":[{"pref":"島根県","city":"浜田市","town":"周布町"}],"1322":[{"pref":"島根県","city":"浜田市","town":"日脚町"}],"1323":[{"pref":"島根県","city":"浜田市","town":"内田町（その他）"}],"1324":[{"pref":"島根県","city":"浜田市","town":"穂出町"}],"1325":[{"pref":"島根県","city":"浜田市","town":"吉地町"}],"1326":[{"pref":"島根県","city":"浜田市","town":"治和町"}],"1327":[{"pref":"島根県","city":"浜田市","town":"津摩町"}],"1331":[{"pref":"島根県","city":"浜田市","town":"内村町（その他）"}],"1332":[{"pref":"島根県","city":"浜田市","town":"田橋町"}],"1333":[{"pref":"島根県","city":"浜田市","town":"鍋石町"}],"1334":[{"pref":"島根県","city":"浜田市","town":"櫟田原町"}],"1335":[{"pref":"島根県","city":"浜田市","town":"井野町"}],"1336":[{"pref":"島根県","city":"浜田市","town":"横山町"}],"1337":[{"pref":"島根県","city":"浜田市","town":"西村町"}],"1338":[{"pref":"島根県","city":"浜田市","town":"折居町"}],"0000":[{"pref":"島根県","city":"浜田市","town":"以下に掲載がない場合"}],"0034":[{"pref":"島根県","city":"浜田市","town":"相生町"}],"0022":[{"pref":"島根県","city":"浜田市","town":"浅井町"}],"0514":[{"pref":"島根県","city":"浜田市","town":"旭町市木"}],"0425":[{"pref":"島根県","city":"浜田市","town":"旭町今市"}],"0427":[{"pref":"島根県","city":"浜田市","town":"旭町木田"}],"0512":[{"pref":"島根県","city":"浜田市","town":"旭町来尾"}],"0513":[{"pref":"島根県","city":"浜田市","town":"旭町坂本（八ツ木）"}],"0431":[{"pref":"島根県","city":"浜田市","town":"旭町坂本（その他）"}],"0423":[{"pref":"島根県","city":"浜田市","town":"旭町重富"}],"0511":[{"pref":"島根県","city":"浜田市","town":"旭町都川"}],"0422":[{"pref":"島根県","city":"浜田市","town":"旭町本郷"}],"0426":[{"pref":"島根県","city":"浜田市","town":"旭町丸原"}],"0421":[{"pref":"島根県","city":"浜田市","town":"旭町山ノ内"}],"0424":[{"pref":"島根県","city":"浜田市","town":"旭町和田"}],"0033":[{"pref":"島根県","city":"浜田市","town":"朝日町"}],"0062":[{"pref":"島根県","city":"浜田市","town":"熱田町"}],"0032":[{"pref":"島根県","city":"浜田市","town":"牛市町"}],"0011":[{"pref":"島根県","city":"浜田市","town":"後野町"}],"0064":[{"pref":"島根県","city":"浜田市","town":"内田町（百万騎）"}],"0312":[{"pref":"島根県","city":"浜田市","town":"宇津井町"}],"0002":[{"pref":"島根県","city":"浜田市","town":"生湯町"}],"0044":[{"pref":"島根県","city":"浜田市","town":"蛭子町"}],"0053":[{"pref":"島根県","city":"浜田市","town":"大辻町"}],"0061":[{"pref":"島根県","city":"浜田市","town":"笠柄町"}],"0041":[{"pref":"島根県","city":"浜田市","town":"片庭町"}],"0302":[{"pref":"島根県","city":"浜田市","town":"金城町今福"}],"0305":[{"pref":"島根県","city":"浜田市","town":"金城町入野"}],"0304":[{"pref":"島根県","city":"浜田市","town":"金城町宇津井"}],"0301":[{"pref":"島根県","city":"浜田市","town":"金城町追原"}],"0213":[{"pref":"島根県","city":"浜田市","town":"金城町小国"}],"0122":[{"pref":"島根県","city":"浜田市","town":"金城町上来原"}],"0303":[{"pref":"島根県","city":"浜田市","town":"金城町久佐"}],"0123":[{"pref":"島根県","city":"浜田市","town":"金城町七条"}],"0121":[{"pref":"島根県","city":"浜田市","town":"金城町下来原"}],"0212":[{"pref":"島根県","city":"浜田市","town":"金城町長田"}],"0211":[{"pref":"島根県","city":"浜田市","town":"金城町波佐"}],"0005":[{"pref":"島根県","city":"浜田市","town":"上府町"}],"0045":[{"pref":"島根県","city":"浜田市","town":"京町"}],"0004":[{"pref":"島根県","city":"浜田市","town":"久代町"}],"0024":[{"pref":"島根県","city":"浜田市","town":"黒川町"}],"0007":[{"pref":"島根県","city":"浜田市","town":"高佐町"}],"0012":[{"pref":"島根県","city":"浜田市","town":"河内町"}],"0003":[{"pref":"島根県","city":"浜田市","town":"国分町"}],"0031":[{"pref":"島根県","city":"浜田市","town":"紺屋町"}],"0043":[{"pref":"島根県","city":"浜田市","town":"栄町"}],"0311":[{"pref":"島根県","city":"浜田市","town":"佐野町"}],"0013":[{"pref":"島根県","city":"浜田市","town":"三階町"}],"0047":[{"pref":"島根県","city":"浜田市","town":"清水町"}],"0006":[{"pref":"島根県","city":"浜田市","town":"下府町"}],"0046":[{"pref":"島根県","city":"浜田市","town":"真光町"}],"0037":[{"pref":"島根県","city":"浜田市","town":"新町"}],"0035":[{"pref":"島根県","city":"浜田市","town":"杉戸町"}],"0051":[{"pref":"島根県","city":"浜田市","town":"瀬戸ケ島町"}],"0057":[{"pref":"島根県","city":"浜田市","town":"瀬戸見町"}],"0054":[{"pref":"島根県","city":"浜田市","town":"高田町"}],"0015":[{"pref":"島根県","city":"浜田市","town":"竹迫町"}],"0026":[{"pref":"島根県","city":"浜田市","town":"田町"}],"0036":[{"pref":"島根県","city":"浜田市","town":"天満町"}],"0001":[{"pref":"島根県","city":"浜田市","town":"外ノ浦町"}],"0027":[{"pref":"島根県","city":"浜田市","town":"殿町"}],"0065":[{"pref":"島根県","city":"浜田市","town":"内村町（十文字原）"}],"0023":[{"pref":"島根県","city":"浜田市","town":"長沢町"}],"0063":[{"pref":"島根県","city":"浜田市","town":"長浜町"}],"0014":[{"pref":"島根県","city":"浜田市","town":"長見町"}],"0042":[{"pref":"島根県","city":"浜田市","town":"錦町"}],"0016":[{"pref":"島根県","city":"浜田市","town":"野原町"}],"0017":[{"pref":"島根県","city":"浜田市","town":"原井町"}],"0056":[{"pref":"島根県","city":"浜田市","town":"原町"}],"0025":[{"pref":"島根県","city":"浜田市","town":"琵琶町"}],"0021":[{"pref":"島根県","city":"浜田市","town":"松原町"}],"0052":[{"pref":"島根県","city":"浜田市","town":"港町"}],"0055":[{"pref":"島根県","city":"浜田市","town":"元浜町"}],"0631":[{"pref":"島根県","city":"邑智郡邑南町","town":"市木"}]}