{"0000":[{"pref":"茨城県","city":"水戸市","town":"以下に掲載がない場合"}],"0004":[{"pref":"茨城県","city":"水戸市","town":"青柳町"}],"0822":[{"pref":"茨城県","city":"水戸市","town":"圷大野"}],"0046":[{"pref":"茨城県","city":"水戸市","town":"曙町"}],"0831":[{"pref":"茨城県","city":"水戸市","town":"朝日町"}],"0054":[{"pref":"茨城県","city":"水戸市","town":"愛宕町"}],"0905":[{"pref":"茨城県","city":"水戸市","town":"石川"}],"0904":[{"pref":"茨城県","city":"水戸市","town":"石川町"}],"0026":[{"pref":"茨城県","city":"水戸市","town":"泉町"}],"0062":[{"pref":"茨城県","city":"水戸市","town":"大町"}],"0852":[{"pref":"茨城県","city":"水戸市","town":"笠原町"}],"0066":[{"pref":"茨城県","city":"水戸市","town":"金町"}],"0001":[{"pref":"茨城県","city":"水戸市","town":"上河内町"}],"0041":[{"pref":"茨城県","city":"水戸市","town":"上水戸"}],"0814":[{"pref":"茨城県","city":"水戸市","town":"瓦谷"}],"0061":[{"pref":"茨城県","city":"水戸市","town":"北見町"}],"0842":[{"pref":"茨城県","city":"水戸市","town":"けやき台"}],"0063":[{"pref":"茨城県","city":"水戸市","town":"五軒町"}],"0914":[{"pref":"茨城県","city":"水戸市","town":"小吹町"}],"0816":[{"pref":"茨城県","city":"水戸市","town":"紺屋町"}],"0064":[{"pref":"茨城県","city":"水戸市","town":"栄町"}],"0841":[{"pref":"茨城県","city":"水戸市","town":"酒門町"}],"0802":[{"pref":"茨城県","city":"水戸市","town":"柵町"}],"0801":[{"pref":"茨城県","city":"水戸市","town":"桜川"}],"0011":[{"pref":"茨城県","city":"水戸市","town":"三の丸"}],"0826":[{"pref":"茨城県","city":"水戸市","town":"渋井町"}],"0023":[{"pref":"茨城県","city":"水戸市","town":"下梅香"}],"0042":[{"pref":"茨城県","city":"水戸市","town":"自由が丘"}],"0012":[{"pref":"茨城県","city":"水戸市","town":"城東"}],"0803":[{"pref":"茨城県","city":"水戸市","town":"城南"}],"0804":[{"pref":"茨城県","city":"水戸市","town":"白梅"}],"0036":[{"pref":"茨城県","city":"水戸市","town":"新荘"}],"0045":[{"pref":"茨城県","city":"水戸市","town":"新原"}],"0005":[{"pref":"茨城県","city":"水戸市","town":"水府町"}],"0053":[{"pref":"茨城県","city":"水戸市","town":"末広町"}],"0844":[{"pref":"茨城県","city":"水戸市","town":"住吉町"}],"0851":[{"pref":"茨城県","city":"水戸市","town":"千波町"}],"0031":[{"pref":"茨城県","city":"水戸市","town":"大工町"}],"0901":[{"pref":"茨城県","city":"水戸市","town":"田野町"}],"0051":[{"pref":"茨城県","city":"水戸市","town":"ちとせ"}],"0805":[{"pref":"茨城県","city":"水戸市","town":"中央"}],"0025":[{"pref":"茨城県","city":"水戸市","town":"天王町"}],"0846":[{"pref":"茨城県","city":"水戸市","town":"東野町"}],"0033":[{"pref":"茨城県","city":"水戸市","town":"常磐町"}],"0821":[{"pref":"茨城県","city":"水戸市","town":"中大野"}],"0002":[{"pref":"茨城県","city":"水戸市","town":"中河内町"}],"0824":[{"pref":"茨城県","city":"水戸市","town":"西大野"}],"0044":[{"pref":"茨城県","city":"水戸市","town":"西原"}],"0067":[{"pref":"茨城県","city":"水戸市","town":"根本"}],"0068":[{"pref":"茨城県","city":"水戸市","town":"根本町"}],"0022":[{"pref":"茨城県","city":"水戸市","town":"梅香"}],"0055":[{"pref":"茨城県","city":"水戸市","town":"袴塚"}],"0065":[{"pref":"茨城県","city":"水戸市","town":"八幡町"}],"0812":[{"pref":"茨城県","city":"水戸市","town":"浜田"}],"0813":[{"pref":"茨城県","city":"水戸市","town":"浜田町"}],"0823":[{"pref":"茨城県","city":"水戸市","town":"東大野"}],"0811":[{"pref":"茨城県","city":"水戸市","town":"東桜川"}],"0818":[{"pref":"茨城県","city":"水戸市","town":"東台"}],"0035":[{"pref":"茨城県","city":"水戸市","town":"東原"}],"0024":[{"pref":"茨城県","city":"水戸市","town":"備前町"}],"0853":[{"pref":"茨城県","city":"水戸市","town":"平須町"}],"0833":[{"pref":"茨城県","city":"水戸市","town":"藤柄町"}],"0056":[{"pref":"茨城県","city":"水戸市","town":"文京"}],"0903":[{"pref":"茨城県","city":"水戸市","town":"堀町"}],"0815":[{"pref":"茨城県","city":"水戸市","town":"本町"}],"0043":[{"pref":"茨城県","city":"水戸市","town":"松が丘"}],"0052":[{"pref":"茨城県","city":"水戸市","town":"松本町"}],"0912":[{"pref":"茨城県","city":"水戸市","town":"見川"}],"0913":[{"pref":"茨城県","city":"水戸市","town":"見川町"}],"0034":[{"pref":"茨城県","city":"水戸市","town":"緑町"}],"0021":[{"pref":"茨城県","city":"水戸市","town":"南町"}],"0834":[{"pref":"茨城県","city":"水戸市","town":"宮内町"}],"0015":[{"pref":"茨城県","city":"水戸市","town":"宮町"}],"0911":[{"pref":"茨城県","city":"水戸市","town":"見和"}],"0843":[{"pref":"茨城県","city":"水戸市","town":"元石川町"}],"0835":[{"pref":"茨城県","city":"水戸市","town":"元台町"}],"0032":[{"pref":"茨城県","city":"水戸市","town":"元山町"}],"0836":[{"pref":"茨城県","city":"水戸市","town":"元吉田町"}],"0825":[{"pref":"茨城県","city":"水戸市","town":"谷田町"}],"0003":[{"pref":"茨城県","city":"水戸市","town":"柳河町"}],"0817":[{"pref":"茨城県","city":"水戸市","town":"柳町"}],"0845":[{"pref":"茨城県","city":"水戸市","town":"吉沢町"}],"0832":[{"pref":"茨城県","city":"水戸市","town":"吉田"}],"0827":[{"pref":"茨城県","city":"水戸市","town":"吉沼町"}],"0847":[{"pref":"茨城県","city":"水戸市","town":"米沢町"}],"0013":[{"pref":"茨城県","city":"水戸市","town":"若宮"}],"0014":[{"pref":"茨城県","city":"水戸市","town":"若宮町"}],"0902":[{"pref":"茨城県","city":"水戸市","town":"渡里町"}]}