{"1001":[{"pref":"大阪府","city":"高槻市","town":"中畑"}],"1002":[{"pref":"大阪府","city":"高槻市","town":"田能"}],"1003":[{"pref":"大阪府","city":"高槻市","town":"出灰"}],"1004":[{"pref":"大阪府","city":"高槻市","town":"二料"}],"1005":[{"pref":"大阪府","city":"高槻市","town":"杉生"}],"1011":[{"pref":"大阪府","city":"高槻市","town":"川久保"}],"1012":[{"pref":"大阪府","city":"高槻市","town":"成合"}],"1013":[{"pref":"大阪府","city":"高槻市","town":"成合南の町"}],"1014":[{"pref":"大阪府","city":"高槻市","town":"成合東の町"}],"1015":[{"pref":"大阪府","city":"高槻市","town":"成合中の町"}],"1016":[{"pref":"大阪府","city":"高槻市","town":"成合西の町"}],"1017":[{"pref":"大阪府","city":"高槻市","town":"成合北の町"}],"1018":[{"pref":"大阪府","city":"高槻市","town":"花林苑"}],"1020":[{"pref":"大阪府","city":"高槻市","town":"高見台"}],"1021":[{"pref":"大阪府","city":"高槻市","town":"弥生が丘町"}],"1022":[{"pref":"大阪府","city":"高槻市","town":"日吉台"}],"1023":[{"pref":"大阪府","city":"高槻市","town":"宮が谷町"}],"1024":[{"pref":"大阪府","city":"高槻市","town":"寺谷町"}],"1025":[{"pref":"大阪府","city":"高槻市","town":"芝谷町"}],"1026":[{"pref":"大阪府","city":"高槻市","town":"緑が丘"}],"1027":[{"pref":"大阪府","city":"高槻市","town":"浦堂"}],"1028":[{"pref":"大阪府","city":"高槻市","town":"浦堂本町"}],"1029":[{"pref":"大阪府","city":"高槻市","town":"安岡寺町"}],"1031":[{"pref":"大阪府","city":"高槻市","town":"松が丘"}],"1032":[{"pref":"大阪府","city":"高槻市","town":"宮之川原"}],"1033":[{"pref":"大阪府","city":"高槻市","town":"宮之川原元町"}],"1034":[{"pref":"大阪府","city":"高槻市","town":"大蔵司"}],"1035":[{"pref":"大阪府","city":"高槻市","town":"西之川原"}],"1036":[{"pref":"大阪府","city":"高槻市","town":"塚脇"}],"1037":[{"pref":"大阪府","city":"高槻市","town":"東城山町"}],"1038":[{"pref":"大阪府","city":"高槻市","town":"黄金の里"}],"1039":[{"pref":"大阪府","city":"高槻市","town":"清水台"}],"1041":[{"pref":"大阪府","city":"高槻市","town":"奈佐原"}],"1042":[{"pref":"大阪府","city":"高槻市","town":"南平台"}],"1043":[{"pref":"大阪府","city":"高槻市","town":"奈佐原元町"}],"1044":[{"pref":"大阪府","city":"高槻市","town":"上土室"}],"1045":[{"pref":"大阪府","city":"高槻市","town":"阿武野"}],"1046":[{"pref":"大阪府","city":"高槻市","town":"塚原"}],"1047":[{"pref":"大阪府","city":"高槻市","town":"大和"}],"1051":[{"pref":"大阪府","city":"高槻市","town":"原"}],"1052":[{"pref":"大阪府","city":"高槻市","town":"霊仙寺町"}],"1053":[{"pref":"大阪府","city":"高槻市","town":"萩谷月見台"}],"1054":[{"pref":"大阪府","city":"高槻市","town":"萩谷"}],"1101":[{"pref":"大阪府","city":"高槻市","town":"安満御所の町"}],"1102":[{"pref":"大阪府","city":"高槻市","town":"安満磐手町"}],"1103":[{"pref":"大阪府","city":"高槻市","town":"山手町"}],"1104":[{"pref":"大阪府","city":"高槻市","town":"安満東の町"}],"1105":[{"pref":"大阪府","city":"高槻市","town":"安満中の町"}],"1106":[{"pref":"大阪府","city":"高槻市","town":"安満新町"}],"1107":[{"pref":"大阪府","city":"高槻市","town":"安満西の町"}],"1108":[{"pref":"大阪府","city":"高槻市","town":"安満北の町"}],"1109":[{"pref":"大阪府","city":"高槻市","town":"紅茸町"}],"1111":[{"pref":"大阪府","city":"高槻市","town":"美しが丘"}],"1112":[{"pref":"大阪府","city":"高槻市","town":"別所本町"}],"1113":[{"pref":"大阪府","city":"高槻市","town":"別所中の町"}],"1114":[{"pref":"大阪府","city":"高槻市","town":"別所新町"}],"1115":[{"pref":"大阪府","city":"高槻市","town":"古曽部町"}],"1116":[{"pref":"大阪府","city":"高槻市","town":"白梅町"}],"1117":[{"pref":"大阪府","city":"高槻市","town":"天神町"}],"1118":[{"pref":"大阪府","city":"高槻市","town":"奥天神町"}],"1121":[{"pref":"大阪府","city":"高槻市","town":"真上町"}],"1122":[{"pref":"大阪府","city":"高槻市","town":"月見町"}],"1123":[{"pref":"大阪府","city":"高槻市","town":"芥川町"}],"1124":[{"pref":"大阪府","city":"高槻市","town":"南芥川町"}],"1125":[{"pref":"大阪府","city":"高槻市","town":"紫町"}],"1126":[{"pref":"大阪府","city":"高槻市","town":"殿町"}],"1127":[{"pref":"大阪府","city":"高槻市","town":"西真上"}],"1128":[{"pref":"大阪府","city":"高槻市","town":"名神町"}],"1131":[{"pref":"大阪府","city":"高槻市","town":"郡家本町"}],"1132":[{"pref":"大阪府","city":"高槻市","town":"清福寺町"}],"1133":[{"pref":"大阪府","city":"高槻市","town":"川西町"}],"1134":[{"pref":"大阪府","city":"高槻市","town":"朝日町"}],"1135":[{"pref":"大阪府","city":"高槻市","town":"今城町"}],"1136":[{"pref":"大阪府","city":"高槻市","town":"郡家新町"}],"1137":[{"pref":"大阪府","city":"高槻市","town":"岡本町"}],"1141":[{"pref":"大阪府","city":"高槻市","town":"氷室町"}],"1142":[{"pref":"大阪府","city":"高槻市","town":"宮田町"}],"1143":[{"pref":"大阪府","city":"高槻市","town":"幸町"}],"1144":[{"pref":"大阪府","city":"高槻市","town":"大畑町"}],"1145":[{"pref":"大阪府","city":"高槻市","town":"富田丘町"}],"1146":[{"pref":"大阪府","city":"高槻市","town":"赤大路町"}],"1147":[{"pref":"大阪府","city":"高槻市","town":"土室町"}],"0000":[{"pref":"大阪府","city":"高槻市","town":"以下に掲載がない場合"}],"0806":[{"pref":"大阪府","city":"高槻市","town":"明田町"}],"0082":[{"pref":"大阪府","city":"高槻市","town":"明野町"}],"0027":[{"pref":"大阪府","city":"高槻市","town":"天川新町"}],"0026":[{"pref":"大阪府","city":"高槻市","town":"天川町"}],"0015":[{"pref":"大阪府","city":"高槻市","town":"井尻"}],"0083":[{"pref":"大阪府","city":"高槻市","town":"永楽町"}],"0031":[{"pref":"大阪府","city":"高槻市","town":"大冠町"}],"0034":[{"pref":"大阪府","city":"高槻市","town":"大塚町"}],"0078":[{"pref":"大阪府","city":"高槻市","town":"大手町"}],"0091":[{"pref":"大阪府","city":"高槻市","town":"梶原"}],"0092":[{"pref":"大阪府","city":"高槻市","town":"梶原中村町"}],"0053":[{"pref":"大阪府","city":"高槻市","town":"春日町"}],"0805":[{"pref":"大阪府","city":"高槻市","town":"上田辺町"}],"0073":[{"pref":"大阪府","city":"高槻市","town":"上本町"}],"0834":[{"pref":"大阪府","city":"高槻市","town":"唐崎"}],"0832":[{"pref":"大阪府","city":"高槻市","town":"唐崎中"}],"0836":[{"pref":"大阪府","city":"高槻市","town":"唐崎西"}],"0833":[{"pref":"大阪府","city":"高槻市","town":"唐崎南"}],"0831":[{"pref":"大阪府","city":"高槻市","town":"唐崎北"}],"0824":[{"pref":"大阪府","city":"高槻市","town":"川添"}],"0004":[{"pref":"大阪府","city":"高槻市","town":"上牧南駅前町"}],"0005":[{"pref":"大阪府","city":"高槻市","town":"上牧北駅前町"}],"0006":[{"pref":"大阪府","city":"高槻市","town":"上牧山手町"}],"0003":[{"pref":"大阪府","city":"高槻市","town":"上牧町"}],"0041":[{"pref":"大阪府","city":"高槻市","town":"北大樋町"}],"0816":[{"pref":"大阪府","city":"高槻市","town":"北昭和台町"}],"0802":[{"pref":"大阪府","city":"高槻市","town":"北園町"}],"0852":[{"pref":"大阪府","city":"高槻市","town":"北柳川町"}],"0072":[{"pref":"大阪府","city":"高槻市","town":"京口町"}],"0061":[{"pref":"大阪府","city":"高槻市","town":"高西町"}],"0007":[{"pref":"大阪府","city":"高槻市","town":"神内"}],"0826":[{"pref":"大阪府","city":"高槻市","town":"寿町"}],"0016":[{"pref":"大阪府","city":"高槻市","town":"五領町"}],"0804":[{"pref":"大阪府","city":"高槻市","town":"紺屋町"}],"0842":[{"pref":"大阪府","city":"高槻市","town":"西面中"}],"0847":[{"pref":"大阪府","city":"高槻市","town":"西面南"}],"0841":[{"pref":"大阪府","city":"高槻市","town":"西面北"}],"0825":[{"pref":"大阪府","city":"高槻市","town":"栄町"}],"0818":[{"pref":"大阪府","city":"高槻市","town":"桜ケ丘南町"}],"0817":[{"pref":"大阪府","city":"高槻市","town":"桜ケ丘北町"}],"0807":[{"pref":"大阪府","city":"高槻市","town":"桜町"}],"0084":[{"pref":"大阪府","city":"高槻市","town":"沢良木町"}],"0843":[{"pref":"大阪府","city":"高槻市","town":"三箇牧"}],"0823":[{"pref":"大阪府","city":"高槻市","town":"芝生町"}],"0062":[{"pref":"大阪府","city":"高槻市","town":"下田部町"}],"0064":[{"pref":"大阪府","city":"高槻市","town":"庄所町"}],"0815":[{"pref":"大阪府","city":"高槻市","town":"昭和台町"}],"0052":[{"pref":"大阪府","city":"高槻市","town":"城東町"}],"0065":[{"pref":"大阪府","city":"高槻市","town":"城西町"}],"0056":[{"pref":"大阪府","city":"高槻市","town":"城南町"}],"0071":[{"pref":"大阪府","city":"高槻市","town":"城北町"}],"0075":[{"pref":"大阪府","city":"高槻市","town":"城内町"}],"0022":[{"pref":"大阪府","city":"高槻市","town":"須賀町"}],"0036":[{"pref":"大阪府","city":"高槻市","town":"辻子"}],"0097":[{"pref":"大阪府","city":"高槻市","town":"高垣町"}],"0803":[{"pref":"大阪府","city":"高槻市","town":"高槻町"}],"0043":[{"pref":"大阪府","city":"高槻市","town":"竹の内町"}],"0801":[{"pref":"大阪府","city":"高槻市","town":"大学町"}],"0857":[{"pref":"大阪府","city":"高槻市","town":"玉川"}],"0856":[{"pref":"大阪府","city":"高槻市","town":"玉川新町"}],"0087":[{"pref":"大阪府","city":"高槻市","town":"千代田町"}],"0047":[{"pref":"大阪府","city":"高槻市","town":"堤町"}],"0821":[{"pref":"大阪府","city":"高槻市","town":"津之江北町"}],"0822":[{"pref":"大阪府","city":"高槻市","town":"津之江町"}],"0076":[{"pref":"大阪府","city":"高槻市","town":"出丸町"}],"0088":[{"pref":"大阪府","city":"高槻市","town":"天王町"}],"0011":[{"pref":"大阪府","city":"高槻市","town":"道鵜町"}],"0067":[{"pref":"大阪府","city":"高槻市","town":"桃園町"}],"0032":[{"pref":"大阪府","city":"高槻市","town":"東和町"}],"0057":[{"pref":"大阪府","city":"高槻市","town":"土橋町"}],"0812":[{"pref":"大阪府","city":"高槻市","town":"登美の里町"}],"0814":[{"pref":"大阪府","city":"高槻市","town":"富田町"}],"0066":[{"pref":"大阪府","city":"高槻市","town":"中川町"}],"0045":[{"pref":"大阪府","city":"高槻市","town":"西大樋町"}],"0055":[{"pref":"大阪府","city":"高槻市","town":"西冠"}],"0854":[{"pref":"大阪府","city":"高槻市","town":"西町"}],"0813":[{"pref":"大阪府","city":"高槻市","town":"西五百住町"}],"0827":[{"pref":"大阪府","city":"高槻市","town":"如是町"}],"0013":[{"pref":"大阪府","city":"高槻市","town":"野田"}],"0014":[{"pref":"大阪府","city":"高槻市","town":"野田東"}],"0046":[{"pref":"大阪府","city":"高槻市","town":"登町"}],"0077":[{"pref":"大阪府","city":"高槻市","town":"野見町"}],"0093":[{"pref":"大阪府","city":"高槻市","town":"萩之庄"}],"0844":[{"pref":"大阪府","city":"高槻市","town":"柱本"}],"0846":[{"pref":"大阪府","city":"高槻市","town":"柱本新町"}],"0845":[{"pref":"大阪府","city":"高槻市","town":"柱本南町"}],"0096":[{"pref":"大阪府","city":"高槻市","town":"八丁畷町"}],"0095":[{"pref":"大阪府","city":"高槻市","town":"八丁西町"}],"0044":[{"pref":"大阪府","city":"高槻市","town":"番田"}],"0012":[{"pref":"大阪府","city":"高槻市","town":"東天川"}],"0002":[{"pref":"大阪府","city":"高槻市","town":"東上牧"}],"0811":[{"pref":"大阪府","city":"高槻市","town":"東五百住町"}],"0024":[{"pref":"大阪府","city":"高槻市","town":"日向町"}],"0035":[{"pref":"大阪府","city":"高槻市","town":"深沢町"}],"0033":[{"pref":"大阪府","city":"高槻市","town":"深沢本町"}],"0025":[{"pref":"大阪府","city":"高槻市","town":"藤の里町"}],"0074":[{"pref":"大阪府","city":"高槻市","town":"本町"}],"0021":[{"pref":"大阪府","city":"高槻市","town":"前島"}],"0855":[{"pref":"大阪府","city":"高槻市","town":"牧田町"}],"0023":[{"pref":"大阪府","city":"高槻市","town":"松川町"}],"0086":[{"pref":"大阪府","city":"高槻市","town":"松原町"}],"0835":[{"pref":"大阪府","city":"高槻市","town":"三島江"}],"0094":[{"pref":"大阪府","city":"高槻市","town":"緑町"}],"0042":[{"pref":"大阪府","city":"高槻市","town":"南大樋町"}],"0063":[{"pref":"大阪府","city":"高槻市","town":"南庄所町"}],"0851":[{"pref":"大阪府","city":"高槻市","town":"南総持寺町"}],"0085":[{"pref":"大阪府","city":"高槻市","town":"南松原町"}],"0081":[{"pref":"大阪府","city":"高槻市","town":"宮野町"}],"0853":[{"pref":"大阪府","city":"高槻市","town":"柳川町"}],"0051":[{"pref":"大阪府","city":"高槻市","town":"八幡町"}],"0001":[{"pref":"大阪府","city":"高槻市","town":"淀の原町"}],"0054":[{"pref":"大阪府","city":"高槻市","town":"若松町"}]}