{"1100":[{"pref":"広島県","city":"世羅郡世羅町","town":"以下に掲載がない場合"}],"1111":[{"pref":"広島県","city":"世羅郡世羅町","town":"寺町"}],"1112":[{"pref":"広島県","city":"世羅郡世羅町","town":"本郷"}],"1113":[{"pref":"広島県","city":"世羅郡世羅町","town":"井折"}],"1114":[{"pref":"広島県","city":"世羅郡世羅町","town":"東神崎"}],"1115":[{"pref":"広島県","city":"世羅郡世羅町","town":"西神崎"}],"1116":[{"pref":"広島県","city":"世羅郡世羅町","town":"青山"}],"1117":[{"pref":"広島県","city":"世羅郡世羅町","town":"三郎丸"}],"1121":[{"pref":"広島県","city":"世羅郡世羅町","town":"西上原"}],"1122":[{"pref":"広島県","city":"世羅郡世羅町","town":"小世良"}],"1123":[{"pref":"広島県","city":"世羅郡世羅町","town":"甲山"}],"1201":[{"pref":"広島県","city":"世羅郡世羅町","town":"戸張"}],"1202":[{"pref":"広島県","city":"世羅郡世羅町","town":"安田"}],"1203":[{"pref":"広島県","city":"世羅郡世羅町","town":"徳市"}],"1204":[{"pref":"広島県","city":"世羅郡世羅町","town":"京丸（石川、水の別）"}],"1301":[{"pref":"広島県","city":"三原市","town":"久井町莇原"}],"1302":[{"pref":"広島県","city":"三原市","town":"久井町吉田"}],"1303":[{"pref":"広島県","city":"三原市","town":"久井町下津"}],"1304":[{"pref":"広島県","city":"三原市","town":"久井町江木"}],"1401":[{"pref":"広島県","city":"三原市","town":"本郷町船木（芋堀）"}],"1411":[{"pref":"広島県","city":"三原市","town":"久井町泉"}],"1412":[{"pref":"広島県","city":"三原市","town":"久井町和草"}],"1413":[{"pref":"広島県","city":"三原市","town":"久井町羽倉"}],"1414":[{"pref":"広島県","city":"三原市","town":"久井町坂井原"}],"1415":[{"pref":"広島県","city":"三原市","town":"久井町土取"}],"1416":[{"pref":"広島県","city":"三原市","town":"久井町山中野"}],"1417":[{"pref":"広島県","city":"三原市","town":"久井町小林"}],"1501":[{"pref":"広島県","city":"三原市","town":"八幡町垣内"}],"1511":[{"pref":"広島県","city":"三原市","town":"八幡町篝"}],"1512":[{"pref":"広島県","city":"三原市","town":"八幡町野串"}],"1513":[{"pref":"広島県","city":"三原市","town":"八幡町宮内"}],"1514":[{"pref":"広島県","city":"三原市","town":"八幡町屋中"}],"1515":[{"pref":"広島県","city":"三原市","town":"八幡町美生"}],"1516":[{"pref":"広島県","city":"三原市","town":"八幡町本庄"}],"1561":[{"pref":"広島県","city":"尾道市","town":"御調町福井"}],"1562":[{"pref":"広島県","city":"尾道市","town":"御調町津蟹"}],"1563":[{"pref":"広島県","city":"尾道市","town":"御調町植野"}],"1564":[{"pref":"広島県","city":"尾道市","town":"御調町今田"}],"1565":[{"pref":"広島県","city":"尾道市","town":"御調町野間"}],"1621":[{"pref":"広島県","city":"世羅郡世羅町","town":"京丸（その他）"}],"1622":[{"pref":"広島県","city":"世羅郡世羅町","town":"堀越"}],"1623":[{"pref":"広島県","city":"世羅郡世羅町","town":"中原"}],"1624":[{"pref":"広島県","city":"世羅郡世羅町","town":"田打"}],"1625":[{"pref":"広島県","city":"世羅郡世羅町","town":"重永"}],"1626":[{"pref":"広島県","city":"世羅郡世羅町","town":"賀茂"}],"1627":[{"pref":"広島県","city":"世羅郡世羅町","town":"青水"}],"1701":[{"pref":"広島県","city":"世羅郡世羅町","town":"小国"}],"1702":[{"pref":"広島県","city":"世羅郡世羅町","town":"山中福田"}],"1731":[{"pref":"広島県","city":"世羅郡世羅町","town":"津口"}],"1732":[{"pref":"広島県","city":"世羅郡世羅町","town":"黒渕"}],"2101":[{"pref":"広島県","city":"尾道市","town":"因島大浜町"}],"2102":[{"pref":"広島県","city":"尾道市","town":"因島重井町"}],"2211":[{"pref":"広島県","city":"尾道市","town":"因島中庄町"}],"2212":[{"pref":"広島県","city":"尾道市","town":"因島鏡浦町"}],"2213":[{"pref":"広島県","city":"尾道市","town":"因島外浦町"}],"2321":[{"pref":"広島県","city":"尾道市","town":"因島椋浦町"}],"2322":[{"pref":"広島県","city":"尾道市","town":"因島三庄町"}],"2323":[{"pref":"広島県","city":"尾道市","town":"因島土生町"}],"2324":[{"pref":"広島県","city":"尾道市","town":"因島田熊町"}],"2401":[{"pref":"広島県","city":"尾道市","town":"瀬戸田町御寺"}],"2402":[{"pref":"広島県","city":"尾道市","town":"瀬戸田町宮原"}],"2403":[{"pref":"広島県","city":"尾道市","town":"瀬戸田町荻"}],"2404":[{"pref":"広島県","city":"尾道市","town":"瀬戸田町垂水"}],"2405":[{"pref":"広島県","city":"尾道市","town":"瀬戸田町福田"}],"2411":[{"pref":"広島県","city":"尾道市","town":"瀬戸田町瀬戸田"}],"2412":[{"pref":"広島県","city":"尾道市","town":"瀬戸田町高根"}],"2413":[{"pref":"広島県","city":"尾道市","town":"瀬戸田町沢"}],"2414":[{"pref":"広島県","city":"尾道市","town":"瀬戸田町鹿田原"}],"2415":[{"pref":"広島県","city":"尾道市","town":"瀬戸田町中野"}],"2416":[{"pref":"広島県","city":"尾道市","town":"瀬戸田町林"}],"2417":[{"pref":"広島県","city":"尾道市","town":"瀬戸田町名荷"}],"2431":[{"pref":"広島県","city":"尾道市","town":"因島洲江町"}],"2432":[{"pref":"広島県","city":"尾道市","town":"因島原町"}],"2631":[{"pref":"広島県","city":"福山市","town":"内海町イ"}],"2632":[{"pref":"広島県","city":"福山市","town":"内海町ロ"}],"2633":[{"pref":"広島県","city":"福山市","town":"内海町ハ"}],"2641":[{"pref":"広島県","city":"福山市","town":"内海町"}],"0000":[{"pref":"広島県","city":"尾道市","town":"以下に掲載がない場合"}],"0006":[{"pref":"広島県","city":"尾道市","town":"沖側町"}],"0053":[{"pref":"広島県","city":"尾道市","town":"尾崎町"}],"0054":[{"pref":"広島県","city":"尾道市","town":"尾崎本町"}],"0016":[{"pref":"広島県","city":"尾道市","town":"神田町"}],"0233":[{"pref":"広島県","city":"尾道市","town":"木ノ庄町市原"}],"0234":[{"pref":"広島県","city":"尾道市","town":"木ノ庄町木梨"}],"0235":[{"pref":"広島県","city":"尾道市","town":"木ノ庄町木梨山方"}],"0232":[{"pref":"広島県","city":"尾道市","town":"木ノ庄町木門田"}],"0231":[{"pref":"広島県","city":"尾道市","town":"木ノ庄町畑"}],"0045":[{"pref":"広島県","city":"尾道市","town":"久保"}],"0042":[{"pref":"広島県","city":"尾道市","town":"久保町"}],"0025":[{"pref":"広島県","city":"尾道市","town":"栗原東"}],"0026":[{"pref":"広島県","city":"尾道市","town":"栗原西"}],"0022":[{"pref":"広島県","city":"尾道市","town":"栗原町"}],"0002":[{"pref":"広島県","city":"尾道市","town":"古浜町"}],"0011":[{"pref":"広島県","city":"尾道市","town":"桜町"}],"0031":[{"pref":"広島県","city":"尾道市","town":"三軒家町"}],"0052":[{"pref":"広島県","city":"尾道市","town":"山波町"}],"0012":[{"pref":"広島県","city":"尾道市","town":"潮見町"}],"0004":[{"pref":"広島県","city":"尾道市","town":"正徳町"}],"0055":[{"pref":"広島県","city":"尾道市","town":"新高山"}],"0014":[{"pref":"広島県","city":"尾道市","town":"新浜"}],"0221":[{"pref":"広島県","city":"尾道市","town":"長者原"}],"0035":[{"pref":"広島県","city":"尾道市","town":"土堂"}],"0001":[{"pref":"広島県","city":"尾道市","town":"手崎町"}],"0038":[{"pref":"広島県","city":"尾道市","town":"天満町"}],"0047":[{"pref":"広島県","city":"尾道市","town":"十四日町"}],"0034":[{"pref":"広島県","city":"尾道市","town":"十四日元町"}],"0046":[{"pref":"広島県","city":"尾道市","town":"長江"}],"0044":[{"pref":"広島県","city":"尾道市","town":"西久保町"}],"0037":[{"pref":"広島県","city":"尾道市","town":"西御所町"}],"0032":[{"pref":"広島県","city":"尾道市","town":"西土堂町"}],"0024":[{"pref":"広島県","city":"尾道市","town":"西則末町"}],"0201":[{"pref":"広島県","city":"尾道市","town":"原田町小原"}],"0202":[{"pref":"広島県","city":"尾道市","town":"原田町梶山田"}],"0051":[{"pref":"広島県","city":"尾道市","town":"東尾道"}],"0043":[{"pref":"広島県","city":"尾道市","town":"東久保町"}],"0036":[{"pref":"広島県","city":"尾道市","town":"東御所町"}],"0033":[{"pref":"広島県","city":"尾道市","town":"東土堂町"}],"0023":[{"pref":"広島県","city":"尾道市","town":"東則末町"}],"0003":[{"pref":"広島県","city":"尾道市","town":"東元町"}],"0021":[{"pref":"広島県","city":"尾道市","town":"久山田町"}],"0013":[{"pref":"広島県","city":"尾道市","town":"日比崎町"}],"0018":[{"pref":"広島県","city":"尾道市","town":"平原"}],"0005":[{"pref":"広島県","city":"尾道市","town":"福地町"}],"0041":[{"pref":"広島県","city":"尾道市","town":"防地町"}],"0354":[{"pref":"広島県","city":"尾道市","town":"御調町綾目"}],"0311":[{"pref":"広島県","city":"尾道市","town":"御調町市"}],"0326":[{"pref":"広島県","city":"尾道市","town":"御調町岩根"}],"0336":[{"pref":"広島県","city":"尾道市","town":"御調町江田"}],"0342":[{"pref":"広島県","city":"尾道市","town":"御調町大田"}],"0351":[{"pref":"広島県","city":"尾道市","town":"御調町大原"}],"0314":[{"pref":"広島県","city":"尾道市","town":"御調町大町"}],"0403":[{"pref":"広島県","city":"尾道市","town":"御調町大山田"}],"0312":[{"pref":"広島県","city":"尾道市","town":"御調町貝ケ原"}],"0315":[{"pref":"広島県","city":"尾道市","town":"御調町釜窪"}],"0341":[{"pref":"広島県","city":"尾道市","town":"御調町神"}],"0335":[{"pref":"広島県","city":"尾道市","town":"御調町国守"}],"0352":[{"pref":"広島県","city":"尾道市","town":"御調町公文"}],"0322":[{"pref":"広島県","city":"尾道市","town":"御調町三郎丸"}],"0402":[{"pref":"広島県","city":"尾道市","town":"御調町下山田"}],"0334":[{"pref":"広島県","city":"尾道市","town":"御調町菅"}],"0401":[{"pref":"広島県","city":"尾道市","town":"御調町千堂"}],"0323":[{"pref":"広島県","city":"尾道市","town":"御調町大蔵"}],"0333":[{"pref":"広島県","city":"尾道市","town":"御調町大塔"}],"0353":[{"pref":"広島県","city":"尾道市","town":"御調町高尾"}],"0345":[{"pref":"広島県","city":"尾道市","town":"御調町徳永"}],"0325":[{"pref":"広島県","city":"尾道市","town":"御調町中原"}],"0331":[{"pref":"広島県","city":"尾道市","town":"御調町仁野"}],"0324":[{"pref":"広島県","city":"尾道市","town":"御調町白太"}],"0316":[{"pref":"広島県","city":"尾道市","town":"御調町花尻"}],"0313":[{"pref":"広島県","city":"尾道市","town":"御調町平"}],"0332":[{"pref":"広島県","city":"尾道市","town":"御調町平木"}],"0321":[{"pref":"広島県","city":"尾道市","town":"御調町本"}],"0343":[{"pref":"広島県","city":"尾道市","town":"御調町丸河南"}],"0344":[{"pref":"広島県","city":"尾道市","town":"御調町丸門田"}],"0355":[{"pref":"広島県","city":"尾道市","town":"御調町山岡"}],"0214":[{"pref":"広島県","city":"尾道市","town":"美ノ郷町猪子迫"}],"0213":[{"pref":"広島県","city":"尾道市","town":"美ノ郷町白江"}],"0211":[{"pref":"広島県","city":"尾道市","town":"美ノ郷町中野"}],"0212":[{"pref":"広島県","city":"尾道市","town":"美ノ郷町本郷"}],"0215":[{"pref":"広島県","city":"尾道市","town":"美ノ郷町三成"}],"0073":[{"pref":"広島県","city":"尾道市","town":"向島町"}],"0072":[{"pref":"広島県","city":"尾道市","town":"向島町岩子島"}],"0071":[{"pref":"広島県","city":"尾道市","town":"向島町立花"}],"0062":[{"pref":"広島県","city":"尾道市","town":"向東町"}],"0061":[{"pref":"広島県","city":"尾道市","town":"百島町"}],"0017":[{"pref":"広島県","city":"尾道市","town":"門田町"}],"0015":[{"pref":"広島県","city":"尾道市","town":"吉浦町"}],"0008":[{"pref":"広島県","city":"尾道市","town":"吉和町"}],"0007":[{"pref":"広島県","city":"尾道市","town":"吉和西元町"}],"0432":[{"pref":"広島県","city":"府中市","town":"小国町"}],"0431":[{"pref":"広島県","city":"府中市","town":"諸毛町"}],"0411":[{"pref":"広島県","city":"世羅郡世羅町","town":"宇津戸"}]}