{"0000":[{"pref":"千葉県","city":"市川市","town":"以下に掲載がない場合"}],"0143":[{"pref":"千葉県","city":"市川市","town":"相之川"}],"0144":[{"pref":"千葉県","city":"市川市","town":"新井"}],"0106":[{"pref":"千葉県","city":"市川市","town":"伊勢宿"}],"0034":[{"pref":"千葉県","city":"市川市","town":"市川"}],"0033":[{"pref":"千葉県","city":"市川市","town":"市川南"}],"0831":[{"pref":"千葉県","city":"市川市","town":"稲越"}],"0134":[{"pref":"千葉県","city":"市川市","town":"入船"}],"0032":[{"pref":"千葉県","city":"市川市","town":"大洲"}],"0805":[{"pref":"千葉県","city":"市川市","town":"大野町"}],"0801":[{"pref":"千葉県","city":"市川市","town":"大町"}],"0025":[{"pref":"千葉県","city":"市川市","town":"大和田"}],"0107":[{"pref":"千葉県","city":"市川市","town":"押切"}],"0022":[{"pref":"千葉県","city":"市川市","town":"鬼越"}],"0015":[{"pref":"千葉県","city":"市川市","town":"鬼高"}],"0142":[{"pref":"千葉県","city":"市川市","town":"欠真間"}],"0802":[{"pref":"千葉県","city":"市川市","town":"柏井町"}],"0124":[{"pref":"千葉県","city":"市川市","town":"加藤新田"}],"0112":[{"pref":"千葉県","city":"市川市","town":"上妙典（１～９９９番地）"}],"0012":[{"pref":"千葉県","city":"市川市","town":"上妙典（その他）"}],"0101":[{"pref":"千葉県","city":"市川市","town":"河原"}],"0141":[{"pref":"千葉県","city":"市川市","town":"香取"}],"0815":[{"pref":"千葉県","city":"市川市","town":"北方"}],"0836":[{"pref":"千葉県","city":"市川市","town":"北国分"}],"0133":[{"pref":"千葉県","city":"市川市","town":"行徳駅前"}],"0827":[{"pref":"千葉県","city":"市川市","town":"国府台"}],"0013":[{"pref":"千葉県","city":"市川市","town":"高谷"}],"0011":[{"pref":"千葉県","city":"市川市","town":"高谷新町"}],"0834":[{"pref":"千葉県","city":"市川市","town":"国分"}],"0123":[{"pref":"千葉県","city":"市川市","town":"幸"}],"0127":[{"pref":"千葉県","city":"市川市","town":"塩浜"}],"0114":[{"pref":"千葉県","city":"市川市","town":"塩焼"}],"0145":[{"pref":"千葉県","city":"市川市","town":"島尻"}],"0821":[{"pref":"千葉県","city":"市川市","town":"下貝塚"}],"0102":[{"pref":"千葉県","city":"市川市","town":"下新宿"}],"0113":[{"pref":"千葉県","city":"市川市","town":"下妙典"}],"0035":[{"pref":"千葉県","city":"市川市","town":"新田"}],"0121":[{"pref":"千葉県","city":"市川市","town":"末広"}],"0824":[{"pref":"千葉県","city":"市川市","town":"菅野"}],"0825":[{"pref":"千葉県","city":"市川市","town":"須和田"}],"0105":[{"pref":"千葉県","city":"市川市","town":"関ケ島"}],"0832":[{"pref":"千葉県","city":"市川市","town":"曽谷"}],"0814":[{"pref":"千葉県","city":"市川市","town":"高石神"}],"0125":[{"pref":"千葉県","city":"市川市","town":"高浜町"}],"0122":[{"pref":"千葉県","city":"市川市","town":"宝"}],"0014":[{"pref":"千葉県","city":"市川市","town":"田尻"}],"0126":[{"pref":"千葉県","city":"市川市","town":"千鳥町"}],"0024":[{"pref":"千葉県","city":"市川市","town":"稲荷木"}],"0115":[{"pref":"千葉県","city":"市川市","town":"富浜"}],"0835":[{"pref":"千葉県","city":"市川市","town":"中国分"}],"0813":[{"pref":"千葉県","city":"市川市","town":"中山"}],"0136":[{"pref":"千葉県","city":"市川市","town":"新浜"}],"0004":[{"pref":"千葉県","city":"市川市","town":"原木"}],"0026":[{"pref":"千葉県","city":"市川市","town":"東大和田"}],"0833":[{"pref":"千葉県","city":"市川市","town":"東国分"}],"0823":[{"pref":"千葉県","city":"市川市","town":"東菅野"}],"0003":[{"pref":"千葉県","city":"市川市","town":"東浜"}],"0135":[{"pref":"千葉県","city":"市川市","town":"日之出"}],"0031":[{"pref":"千葉県","city":"市川市","town":"平田"}],"0146":[{"pref":"千葉県","city":"市川市","town":"広尾"}],"0137":[{"pref":"千葉県","city":"市川市","town":"福栄"}],"0001":[{"pref":"千葉県","city":"市川市","town":"二俣"}],"0002":[{"pref":"千葉県","city":"市川市","town":"二俣新町"}],"0803":[{"pref":"千葉県","city":"市川市","town":"奉免町"}],"0811":[{"pref":"千葉県","city":"市川市","town":"北方町"}],"0837":[{"pref":"千葉県","city":"市川市","town":"堀之内"}],"0103":[{"pref":"千葉県","city":"市川市","town":"本行徳"}],"0104":[{"pref":"千葉県","city":"市川市","town":"本塩"}],"0826":[{"pref":"千葉県","city":"市川市","town":"真間"}],"0131":[{"pref":"千葉県","city":"市川市","town":"湊"}],"0132":[{"pref":"千葉県","city":"市川市","town":"湊新田"}],"0804":[{"pref":"千葉県","city":"市川市","town":"南大野"}],"0138":[{"pref":"千葉県","city":"市川市","town":"南行徳"}],"0023":[{"pref":"千葉県","city":"市川市","town":"南八幡"}],"0822":[{"pref":"千葉県","city":"市川市","town":"宮久保"}],"0111":[{"pref":"千葉県","city":"市川市","town":"妙典"}],"0816":[{"pref":"千葉県","city":"市川市","town":"本北方"}],"0021":[{"pref":"千葉県","city":"市川市","town":"八幡"}],"0812":[{"pref":"千葉県","city":"市川市","town":"若宮"}]}