{"0204":[{"pref":"千葉県","city":"成田市","town":"伊能"}],"0235":[{"pref":"千葉県","city":"成田市","town":"臼作"}],"0213":[{"pref":"千葉県","city":"成田市","town":"大沼"}],"0244":[{"pref":"千葉県","city":"成田市","town":"川上"}],"0221":[{"pref":"千葉県","city":"成田市","town":"官林"}],"0225":[{"pref":"千葉県","city":"成田市","town":"吉岡（その他）"}],"0232":[{"pref":"千葉県","city":"成田市","town":"久井崎"}],"0217":[{"pref":"千葉県","city":"成田市","town":"桜田"}],"0201":[{"pref":"千葉県","city":"成田市","town":"柴田"}],"0224":[{"pref":"千葉県","city":"成田市","town":"新田"}],"0206":[{"pref":"千葉県","city":"成田市","town":"浅間"}],"0243":[{"pref":"千葉県","city":"成田市","town":"大栄十余三"}],"0242":[{"pref":"千葉県","city":"成田市","town":"多良貝"}],"0236":[{"pref":"千葉県","city":"成田市","town":"津富浦"}],"0233":[{"pref":"千葉県","city":"成田市","town":"稲荷山"}],"0211":[{"pref":"千葉県","city":"成田市","town":"所"}],"0237":[{"pref":"千葉県","city":"成田市","town":"中野"}],"0216":[{"pref":"千葉県","city":"成田市","town":"南敷"}],"0205":[{"pref":"千葉県","city":"成田市","town":"奈土"}],"0212":[{"pref":"千葉県","city":"成田市","town":"東ノ台"}],"0227":[{"pref":"千葉県","city":"成田市","town":"一坪田"}],"0202":[{"pref":"千葉県","city":"成田市","town":"堀籠"}],"0222":[{"pref":"千葉県","city":"成田市","town":"前林"}],"0215":[{"pref":"千葉県","city":"成田市","town":"馬乗里"}],"0234":[{"pref":"千葉県","city":"成田市","town":"松子"}],"0241":[{"pref":"千葉県","city":"成田市","town":"水の上"}],"0203":[{"pref":"千葉県","city":"成田市","town":"村田"}],"0214":[{"pref":"千葉県","city":"成田市","town":"横山"}],"0000":[{"pref":"千葉県","city":"香取市","town":"以下に掲載がない場合"}],"0106":[{"pref":"千葉県","city":"香取市","town":"荒北"}],"0056":[{"pref":"千葉県","city":"香取市","town":"飯島"}],"0803":[{"pref":"千葉県","city":"香取市","town":"磯山"}],"0023":[{"pref":"千葉県","city":"香取市","town":"伊地山"}],"0804":[{"pref":"千葉県","city":"香取市","town":"市和田"}],"0004":[{"pref":"千葉県","city":"香取市","town":"岩ケ崎台"}],"0102":[{"pref":"千葉県","city":"香取市","town":"岩部"}],"0801":[{"pref":"千葉県","city":"香取市","town":"扇島"}],"0013":[{"pref":"千葉県","city":"香取市","town":"大倉"}],"0012":[{"pref":"千葉県","city":"香取市","town":"大倉丁子"}],"0035":[{"pref":"千葉県","city":"香取市","town":"大崎"}],"0811":[{"pref":"千葉県","city":"香取市","town":"大島"}],"0043":[{"pref":"千葉県","city":"香取市","town":"大戸"}],"0054":[{"pref":"千葉県","city":"香取市","town":"大戸川"}],"0053":[{"pref":"千葉県","city":"香取市","town":"大戸新田"}],"0026":[{"pref":"千葉県","city":"香取市","town":"大根"}],"0044":[{"pref":"千葉県","city":"香取市","town":"片野"}],"0802":[{"pref":"千葉県","city":"香取市","town":"加藤洲"}],"0017":[{"pref":"千葉県","city":"香取市","town":"香取"}],"0032":[{"pref":"千葉県","city":"香取市","town":"釜塚"}],"0046":[{"pref":"千葉県","city":"香取市","town":"上小川"}],"0027":[{"pref":"千葉県","city":"香取市","town":"返田"}],"0104":[{"pref":"千葉県","city":"香取市","town":"苅毛"}],"0067":[{"pref":"千葉県","city":"香取市","town":"川尻"}],"0036":[{"pref":"千葉県","city":"香取市","town":"観音"}],"0002":[{"pref":"千葉県","city":"香取市","town":"北"}],"0022":[{"pref":"千葉県","city":"香取市","town":"九美上"}],"0823":[{"pref":"千葉県","city":"香取市","town":"笄島"}],"0805":[{"pref":"千葉県","city":"香取市","town":"公官洲"}],"0826":[{"pref":"千葉県","city":"香取市","town":"石納"}],"0813":[{"pref":"千葉県","city":"香取市","town":"境島"}],"0105":[{"pref":"千葉県","city":"香取市","town":"沢"}],"0003":[{"pref":"千葉県","city":"香取市","town":"佐原イ"}],"0822":[{"pref":"千葉県","city":"香取市","town":"佐原ニ"}],"0816":[{"pref":"千葉県","city":"香取市","town":"佐原ハ"}],"0005":[{"pref":"千葉県","city":"香取市","town":"佐原ホ"}],"0001":[{"pref":"千葉県","city":"香取市","town":"佐原ロ"}],"0006":[{"pref":"千葉県","city":"香取市","town":"篠原イ"}],"0821":[{"pref":"千葉県","city":"香取市","town":"篠原ロ"}],"0021":[{"pref":"千葉県","city":"香取市","town":"下小野"}],"0055":[{"pref":"千葉県","city":"香取市","town":"昭和町"}],"0107":[{"pref":"千葉県","city":"香取市","town":"助沢"}],"0045":[{"pref":"千葉県","city":"香取市","town":"関"}],"0101":[{"pref":"千葉県","city":"香取市","town":"高萩"}],"0014":[{"pref":"千葉県","city":"香取市","town":"多田"}],"0041":[{"pref":"千葉県","city":"香取市","town":"玉造"}],"0806":[{"pref":"千葉県","city":"香取市","town":"附洲新田"}],"0011":[{"pref":"千葉県","city":"香取市","town":"津宮"}],"0062":[{"pref":"千葉県","city":"香取市","town":"寺内"}],"0047":[{"pref":"千葉県","city":"香取市","town":"鴇崎"}],"0038":[{"pref":"千葉県","city":"香取市","town":"鳥羽"}],"0824":[{"pref":"千葉県","city":"香取市","town":"長島"}],"0814":[{"pref":"千葉県","city":"香取市","town":"中洲"}],"0034":[{"pref":"千葉県","city":"香取市","town":"長山"}],"0016":[{"pref":"千葉県","city":"香取市","town":"新市場"}],"0051":[{"pref":"千葉県","city":"香取市","town":"新寺"}],"0063":[{"pref":"千葉県","city":"香取市","town":"西坂"}],"0103":[{"pref":"千葉県","city":"香取市","town":"西田部"}],"0065":[{"pref":"千葉県","city":"香取市","town":"西部田"}],"0048":[{"pref":"千葉県","city":"香取市","town":"西和田"}],"0031":[{"pref":"千葉県","city":"香取市","town":"新部"}],"0825":[{"pref":"千葉県","city":"香取市","town":"野間谷原"}],"0024":[{"pref":"千葉県","city":"香取市","town":"福田"}],"0066":[{"pref":"千葉県","city":"香取市","town":"堀之内"}],"0033":[{"pref":"千葉県","city":"香取市","town":"牧野"}],"0812":[{"pref":"千葉県","city":"香取市","town":"三島"}],"0064":[{"pref":"千葉県","city":"香取市","town":"みずほ台"}],"0025":[{"pref":"千葉県","city":"香取市","town":"本矢作"}],"0052":[{"pref":"千葉県","city":"香取市","town":"森戸"}],"0815":[{"pref":"千葉県","city":"香取市","town":"八筋川"}],"0061":[{"pref":"千葉県","city":"香取市","town":"谷中"}],"0042":[{"pref":"千葉県","city":"香取市","town":"山之辺"}],"0018":[{"pref":"千葉県","city":"香取市","town":"丁子"}],"0037":[{"pref":"千葉県","city":"香取市","town":"与倉"}],"0015":[{"pref":"千葉県","city":"香取市","town":"吉原"}]}