{"0000":[{"pref":"東京都","city":"小平市","town":"以下に掲載がない場合"}],"0001":[{"pref":"東京都","city":"小平市","town":"大沼町"}],"0031":[{"pref":"東京都","city":"小平市","town":"小川東町"}],"0035":[{"pref":"東京都","city":"小平市","town":"小川西町"}],"0032":[{"pref":"東京都","city":"小平市","town":"小川町"}],"0043":[{"pref":"東京都","city":"小平市","town":"学園東町"}],"0045":[{"pref":"東京都","city":"小平市","town":"学園西町"}],"0044":[{"pref":"東京都","city":"小平市","town":"喜平町"}],"0034":[{"pref":"東京都","city":"小平市","town":"栄町"}],"0023":[{"pref":"東京都","city":"小平市","town":"上水新町"}],"0022":[{"pref":"東京都","city":"小平市","town":"上水本町"}],"0021":[{"pref":"東京都","city":"小平市","town":"上水南町"}],"0011":[{"pref":"東京都","city":"小平市","town":"鈴木町"}],"0024":[{"pref":"東京都","city":"小平市","town":"たかの台"}],"0025":[{"pref":"東京都","city":"小平市","town":"津田町"}],"0004":[{"pref":"東京都","city":"小平市","town":"天神町"}],"0033":[{"pref":"東京都","city":"小平市","town":"中島町"}],"0042":[{"pref":"東京都","city":"小平市","town":"仲町"}],"0002":[{"pref":"東京都","city":"小平市","town":"花小金井"}],"0003":[{"pref":"東京都","city":"小平市","town":"花小金井南町"}],"0041":[{"pref":"東京都","city":"小平市","town":"美園町"}],"0012":[{"pref":"東京都","city":"小平市","town":"御幸町"}],"0013":[{"pref":"東京都","city":"小平市","town":"回田町"}]}