{"0000":[{"pref":"愛知県","city":"名古屋市名東区","town":"以下に掲載がない場合"}],"0016":[{"pref":"愛知県","city":"名古屋市名東区","town":"赤松台"}],"0033":[{"pref":"愛知県","city":"名古屋市名東区","town":"明が丘"}],"0041":[{"pref":"愛知県","city":"名古屋市名東区","town":"朝日が丘"}],"0023":[{"pref":"愛知県","city":"名古屋市名東区","town":"石が根町"}],"0052":[{"pref":"愛知県","city":"名古屋市名東区","town":"猪高町上社"}],"0067":[{"pref":"愛知県","city":"名古屋市名東区","town":"猪高町高針"}],"0028":[{"pref":"愛知県","city":"名古屋市名東区","town":"猪高台"}],"0093":[{"pref":"愛知県","city":"名古屋市名東区","town":"一社"}],"0021":[{"pref":"愛知県","city":"名古屋市名東区","town":"猪子石"}],"0008":[{"pref":"愛知県","city":"名古屋市名東区","town":"猪子石原"}],"0077":[{"pref":"愛知県","city":"名古屋市名東区","town":"植園町"}],"0065":[{"pref":"愛知県","city":"名古屋市名東区","town":"梅森坂"}],"0066":[{"pref":"愛知県","city":"名古屋市名東区","town":"梅森坂西"}],"0003":[{"pref":"愛知県","city":"名古屋市名東区","town":"延珠町"}],"0076":[{"pref":"愛知県","city":"名古屋市名東区","town":"扇町"}],"0064":[{"pref":"愛知県","city":"名古屋市名東区","town":"大針"}],"0005":[{"pref":"愛知県","city":"名古屋市名東区","town":"香流"}],"0083":[{"pref":"愛知県","city":"名古屋市名東区","town":"神丘町"}],"0082":[{"pref":"愛知県","city":"名古屋市名東区","town":"神里"}],"0014":[{"pref":"愛知県","city":"名古屋市名東区","town":"上菅"}],"0025":[{"pref":"愛知県","city":"名古屋市名東区","town":"上社"}],"0094":[{"pref":"愛知県","city":"名古屋市名東区","town":"亀の井"}],"0058":[{"pref":"愛知県","city":"名古屋市名東区","town":"貴船"}],"0047":[{"pref":"愛知県","city":"名古屋市名東区","town":"小池町"}],"0044":[{"pref":"愛知県","city":"名古屋市名東区","town":"小井堀町"}],"0007":[{"pref":"愛知県","city":"名古屋市名東区","town":"香坂"}],"0004":[{"pref":"愛知県","city":"名古屋市名東区","town":"香南"}],"0053":[{"pref":"愛知県","city":"名古屋市名東区","town":"極楽"}],"0096":[{"pref":"愛知県","city":"名古屋市名東区","town":"桜が丘"}],"0074":[{"pref":"愛知県","city":"名古屋市名東区","town":"山香町"}],"0006":[{"pref":"愛知県","city":"名古屋市名東区","town":"神月町"}],"0063":[{"pref":"愛知県","city":"名古屋市名東区","town":"新宿"}],"0055":[{"pref":"愛知県","city":"名古屋市名東区","town":"勢子坊"}],"0086":[{"pref":"愛知県","city":"名古屋市名東区","town":"代万町"}],"0061":[{"pref":"愛知県","city":"名古屋市名東区","town":"高針"}],"0069":[{"pref":"愛知県","city":"名古屋市名東区","town":"高針荒田"}],"0054":[{"pref":"愛知県","city":"名古屋市名東区","town":"高針台"}],"0073":[{"pref":"愛知県","city":"名古屋市名東区","town":"高針原"}],"0081":[{"pref":"愛知県","city":"名古屋市名東区","town":"高間町"}],"0095":[{"pref":"愛知県","city":"名古屋市名東区","town":"高社"}],"0034":[{"pref":"愛知県","city":"名古屋市名東区","town":"高柳町"}],"0043":[{"pref":"愛知県","city":"名古屋市名東区","town":"宝が丘"}],"0027":[{"pref":"愛知県","city":"名古屋市名東区","town":"丁田町"}],"0017":[{"pref":"愛知県","city":"名古屋市名東区","town":"つつじが丘"}],"0042":[{"pref":"愛知県","city":"名古屋市名東区","town":"照が丘"}],"0009":[{"pref":"愛知県","city":"名古屋市名東区","town":"天神下"}],"0031":[{"pref":"愛知県","city":"名古屋市名東区","town":"富が丘"}],"0084":[{"pref":"愛知県","city":"名古屋市名東区","town":"西里町"}],"0071":[{"pref":"愛知県","city":"名古屋市名東区","town":"西山台"}],"0085":[{"pref":"愛知県","city":"名古屋市名東区","town":"西山本通"}],"0078":[{"pref":"愛知県","city":"名古屋市名東区","town":"にじが丘"}],"0046":[{"pref":"愛知県","city":"名古屋市名東区","town":"望が丘"}],"0056":[{"pref":"愛知県","city":"名古屋市名東区","town":"野間町"}],"0018":[{"pref":"愛知県","city":"名古屋市名東区","town":"八前"}],"0002":[{"pref":"愛知県","city":"名古屋市名東区","town":"引山"}],"0045":[{"pref":"愛知県","city":"名古屋市名東区","town":"姫若町"}],"0037":[{"pref":"愛知県","city":"名古屋市名東区","town":"藤香町"}],"0032":[{"pref":"愛知県","city":"名古屋市名東区","town":"藤が丘"}],"0036":[{"pref":"愛知県","city":"名古屋市名東区","town":"藤里町"}],"0075":[{"pref":"愛知県","city":"名古屋市名東区","town":"藤巻町"}],"0048":[{"pref":"愛知県","city":"名古屋市名東区","town":"藤見が丘"}],"0026":[{"pref":"愛知県","city":"名古屋市名東区","town":"藤森"}],"0022":[{"pref":"愛知県","city":"名古屋市名東区","town":"藤森西町"}],"0012":[{"pref":"愛知県","city":"名古屋市名東区","town":"文教台"}],"0097":[{"pref":"愛知県","city":"名古屋市名東区","town":"平和が丘"}],"0024":[{"pref":"愛知県","city":"名古屋市名東区","town":"本郷"}],"0068":[{"pref":"愛知県","city":"名古屋市名東区","town":"牧の里"}],"0072":[{"pref":"愛知県","city":"名古屋市名東区","town":"牧の原"}],"0062":[{"pref":"愛知県","city":"名古屋市名東区","town":"松井町"}],"0087":[{"pref":"愛知県","city":"名古屋市名東区","town":"名東本通"}],"0088":[{"pref":"愛知県","city":"名古屋市名東区","town":"名東本町"}],"0051":[{"pref":"愛知県","city":"名古屋市名東区","town":"社が丘"}],"0013":[{"pref":"愛知県","city":"名古屋市名東区","town":"社口"}],"0092":[{"pref":"愛知県","city":"名古屋市名東区","town":"社台"}],"0011":[{"pref":"愛知県","city":"名古屋市名東区","town":"山の手"}],"0035":[{"pref":"愛知県","city":"名古屋市名東区","town":"豊が丘"}],"0091":[{"pref":"愛知県","city":"名古屋市名東区","town":"よもぎ台"}],"0057":[{"pref":"愛知県","city":"名古屋市名東区","town":"陸前町"}],"0015":[{"pref":"愛知県","city":"名古屋市名東区","town":"若葉台"}]}