{"0000":[{"pref":"愛知県","city":"名古屋市港区","town":"以下に掲載がない場合"}],"0857":[{"pref":"愛知県","city":"名古屋市港区","town":"秋葉"}],"0035":[{"pref":"愛知県","city":"名古屋市港区","town":"熱田前新田"}],"0815":[{"pref":"愛知県","city":"名古屋市港区","town":"油屋町"}],"0823":[{"pref":"愛知県","city":"名古屋市港区","town":"惟信町"}],"0841":[{"pref":"愛知県","city":"名古屋市港区","town":"一州町"}],"0842":[{"pref":"愛知県","city":"名古屋市港区","town":"稲永"}],"0803":[{"pref":"愛知県","city":"名古屋市港区","town":"入場"}],"0802":[{"pref":"愛知県","city":"名古屋市港区","town":"入場町"}],"0032":[{"pref":"愛知県","city":"名古屋市港区","town":"入船"}],"0052":[{"pref":"愛知県","city":"名古屋市港区","town":"いろは町"}],"0054":[{"pref":"愛知県","city":"名古屋市港区","town":"遠若町"}],"0801":[{"pref":"愛知県","city":"名古屋市港区","town":"小碓"}],"0062":[{"pref":"愛知県","city":"名古屋市港区","town":"小碓町"}],"0024":[{"pref":"愛知県","city":"名古屋市港区","town":"大江町"}],"0046":[{"pref":"愛知県","city":"名古屋市港区","town":"大手町"}],"0861":[{"pref":"愛知県","city":"名古屋市港区","town":"大西"}],"0864":[{"pref":"愛知県","city":"名古屋市港区","town":"小川"}],"0017":[{"pref":"愛知県","city":"名古屋市港区","town":"金川町"}],"0063":[{"pref":"愛知県","city":"名古屋市港区","town":"金船町"}],"0016":[{"pref":"愛知県","city":"名古屋市港区","town":"河口町"}],"0856":[{"pref":"愛知県","city":"名古屋市港区","town":"川園"}],"0073":[{"pref":"愛知県","city":"名古屋市港区","town":"川西通"}],"0076":[{"pref":"愛知県","city":"名古屋市港区","town":"川間町"}],"0066":[{"pref":"愛知県","city":"名古屋市港区","town":"寛政町"}],"0021":[{"pref":"愛知県","city":"名古屋市港区","town":"木場町"}],"0869":[{"pref":"愛知県","city":"名古屋市港区","town":"協和"}],"0848":[{"pref":"愛知県","city":"名古屋市港区","town":"金城ふ頭"}],"0008":[{"pref":"愛知県","city":"名古屋市港区","town":"九番町"}],"0015":[{"pref":"愛知県","city":"名古屋市港区","town":"港栄"}],"0067":[{"pref":"愛知県","city":"名古屋市港区","town":"港北町"}],"0018":[{"pref":"愛知県","city":"名古屋市港区","town":"港明"}],"0013":[{"pref":"愛知県","city":"名古屋市港区","town":"港陽"}],"0014":[{"pref":"愛知県","city":"名古屋市港区","town":"港楽"}],"0882":[{"pref":"愛知県","city":"名古屋市港区","town":"小賀須"}],"0077":[{"pref":"愛知県","city":"名古屋市港区","town":"小割通"}],"0041":[{"pref":"愛知県","city":"名古屋市港区","town":"幸町"}],"0043":[{"pref":"愛知県","city":"名古屋市港区","town":"魁町"}],"0012":[{"pref":"愛知県","city":"名古屋市港区","town":"作倉町"}],"0042":[{"pref":"愛知県","city":"名古屋市港区","town":"佐野町"}],"0846":[{"pref":"愛知県","city":"名古屋市港区","town":"汐止町"}],"0844":[{"pref":"愛知県","city":"名古屋市港区","town":"潮凪町"}],"0028":[{"pref":"愛知県","city":"名古屋市港区","town":"潮見町"}],"0884":[{"pref":"愛知県","city":"名古屋市港区","town":"七反野"}],"0001":[{"pref":"愛知県","city":"名古屋市港区","town":"七番町"}],"0055":[{"pref":"愛知県","city":"名古屋市港区","town":"品川町"}],"0831":[{"pref":"愛知県","city":"名古屋市港区","town":"十一屋"}],"0835":[{"pref":"愛知県","city":"名古屋市港区","town":"十一屋町"}],"0075":[{"pref":"愛知県","city":"名古屋市港区","town":"正徳町"}],"0074":[{"pref":"愛知県","city":"名古屋市港区","town":"正保町"}],"0026":[{"pref":"愛知県","city":"名古屋市港区","town":"昭和町"}],"0005":[{"pref":"愛知県","city":"名古屋市港区","town":"新川町"}],"0834":[{"pref":"愛知県","city":"名古屋市港区","town":"神宮寺"}],"0863":[{"pref":"愛知県","city":"名古屋市港区","town":"新茶屋"}],"0071":[{"pref":"愛知県","city":"名古屋市港区","town":"新船町"}],"0822":[{"pref":"愛知県","city":"名古屋市港区","town":"甚兵衛通"}],"0056":[{"pref":"愛知県","city":"名古屋市港区","town":"砂美町"}],"0072":[{"pref":"愛知県","city":"名古屋市港区","town":"須成町"}],"0811":[{"pref":"愛知県","city":"名古屋市港区","town":"善進町"}],"0813":[{"pref":"愛知県","city":"名古屋市港区","town":"善進本町"}],"0881":[{"pref":"愛知県","city":"名古屋市港区","town":"船頭場"}],"0814":[{"pref":"愛知県","city":"名古屋市港区","town":"善南町"}],"0812":[{"pref":"愛知県","city":"名古屋市港区","town":"善北町"}],"0847":[{"pref":"愛知県","city":"名古屋市港区","town":"空見町"}],"0069":[{"pref":"愛知県","city":"名古屋市港区","town":"泰明町"}],"0821":[{"pref":"愛知県","city":"名古屋市港区","town":"高木町"}],"0825":[{"pref":"愛知県","city":"名古屋市港区","town":"多加良浦町"}],"0003":[{"pref":"愛知県","city":"名古屋市港区","town":"辰巳町"}],"0057":[{"pref":"愛知県","city":"名古屋市港区","town":"築盛町"}],"0883":[{"pref":"愛知県","city":"名古屋市港区","town":"知多"}],"0011":[{"pref":"愛知県","city":"名古屋市港区","town":"千年"}],"0031":[{"pref":"愛知県","city":"名古屋市港区","town":"千鳥"}],"0004":[{"pref":"愛知県","city":"名古屋市港区","town":"津金"}],"0044":[{"pref":"愛知県","city":"名古屋市港区","town":"築三町"}],"0045":[{"pref":"愛知県","city":"名古屋市港区","town":"築地町"}],"0875":[{"pref":"愛知県","city":"名古屋市港区","town":"寺前町"}],"0865":[{"pref":"愛知県","city":"名古屋市港区","town":"天目町"}],"0002":[{"pref":"愛知県","city":"名古屋市港区","town":"東海通"}],"0804":[{"pref":"愛知県","city":"名古屋市港区","town":"当知"}],"0805":[{"pref":"愛知県","city":"名古屋市港区","town":"当知町"}],"0068":[{"pref":"愛知県","city":"名古屋市港区","town":"土古町"}],"0051":[{"pref":"愛知県","city":"名古屋市港区","town":"中川本町"}],"0047":[{"pref":"愛知県","city":"名古屋市港区","town":"中之島通"}],"0852":[{"pref":"愛知県","city":"名古屋市港区","town":"七島"}],"0862":[{"pref":"愛知県","city":"名古屋市港区","town":"南陽町茶屋新田"}],"0866":[{"pref":"愛知県","city":"名古屋市港区","town":"南陽町茶屋後新田"}],"0853":[{"pref":"愛知県","city":"名古屋市港区","town":"南陽町七島新田"}],"0868":[{"pref":"愛知県","city":"名古屋市港区","town":"南陽町西福田"}],"0871":[{"pref":"愛知県","city":"名古屋市港区","town":"南陽町福田"}],"0867":[{"pref":"愛知県","city":"名古屋市港区","town":"南陽町福田前新田"}],"0872":[{"pref":"愛知県","city":"名古屋市港区","town":"西蟹田"}],"0824":[{"pref":"愛知県","city":"名古屋市港区","town":"西川町"}],"0843":[{"pref":"愛知県","city":"名古屋市港区","town":"錦町"}],"0034":[{"pref":"愛知県","city":"名古屋市港区","town":"西倉町"}],"0858":[{"pref":"愛知県","city":"名古屋市港区","town":"西茶屋"}],"0874":[{"pref":"愛知県","city":"名古屋市港区","town":"西福田"}],"0845":[{"pref":"愛知県","city":"名古屋市港区","town":"野跡"}],"0879":[{"pref":"愛知県","city":"名古屋市港区","town":"畑中"}],"0885":[{"pref":"愛知県","city":"名古屋市港区","town":"八百島"}],"0036":[{"pref":"愛知県","city":"名古屋市港区","town":"浜"}],"0873":[{"pref":"愛知県","city":"名古屋市港区","town":"春田野"}],"0886":[{"pref":"愛知県","city":"名古屋市港区","town":"東蟹田"}],"0851":[{"pref":"愛知県","city":"名古屋市港区","town":"東茶屋"}],"0023":[{"pref":"愛知県","city":"名古屋市港区","town":"東築地町"}],"0061":[{"pref":"愛知県","city":"名古屋市港区","town":"東土古町"}],"0887":[{"pref":"愛知県","city":"名古屋市港区","town":"福田"}],"0878":[{"pref":"愛知県","city":"名古屋市港区","town":"福前"}],"0876":[{"pref":"愛知県","city":"名古屋市港区","town":"福屋"}],"0854":[{"pref":"愛知県","city":"名古屋市港区","town":"藤高"}],"0855":[{"pref":"愛知県","city":"名古屋市港区","town":"藤前"}],"0027":[{"pref":"愛知県","city":"名古屋市港区","town":"船見町"}],"0832":[{"pref":"愛知県","city":"名古屋市港区","town":"宝神"}],"0833":[{"pref":"愛知県","city":"名古屋市港区","town":"宝神町"}],"0065":[{"pref":"愛知県","city":"名古屋市港区","town":"本宮新町"}],"0064":[{"pref":"愛知県","city":"名古屋市港区","town":"本宮町"}],"0078":[{"pref":"愛知県","city":"名古屋市港区","town":"丸池町"}],"0033":[{"pref":"愛知県","city":"名古屋市港区","town":"港町"}],"0007":[{"pref":"愛知県","city":"名古屋市港区","town":"南十番町"}],"0006":[{"pref":"愛知県","city":"名古屋市港区","town":"南十一番町"}],"0037":[{"pref":"愛知県","city":"名古屋市港区","town":"名港"}],"0053":[{"pref":"愛知県","city":"名古屋市港区","town":"名四町"}],"0806":[{"pref":"愛知県","city":"名古屋市港区","town":"明正"}],"0025":[{"pref":"愛知県","city":"名古屋市港区","town":"本星崎町"}],"0022":[{"pref":"愛知県","city":"名古屋市港区","town":"竜宮町"}],"0877":[{"pref":"愛知県","city":"名古屋市港区","town":"六軒家"}]}