{"0000":[{"pref":"山梨県","city":"山梨市","town":"以下に掲載がない場合"}],"0044":[{"pref":"山梨県","city":"山梨市","town":"市川"}],"0025":[{"pref":"山梨県","city":"山梨市","town":"一町田中"}],"0024":[{"pref":"山梨県","city":"山梨市","town":"歌田"}],"0043":[{"pref":"山梨県","city":"山梨市","town":"江曽原"}],"0016":[{"pref":"山梨県","city":"山梨市","town":"大野"}],"0033":[{"pref":"山梨県","city":"山梨市","town":"落合"}],"0014":[{"pref":"山梨県","city":"山梨市","town":"上石森"}],"0034":[{"pref":"山梨県","city":"山梨市","town":"上岩下"}],"0018":[{"pref":"山梨県","city":"山梨市","town":"上神内川"}],"0022":[{"pref":"山梨県","city":"山梨市","town":"上栗原"}],"0004":[{"pref":"山梨県","city":"山梨市","town":"上之割"}],"0013":[{"pref":"山梨県","city":"山梨市","town":"鴨居寺"}],"0041":[{"pref":"山梨県","city":"山梨市","town":"北"}],"0048":[{"pref":"山梨県","city":"山梨市","town":"切差"}],"0005":[{"pref":"山梨県","city":"山梨市","town":"小原東"}],"0006":[{"pref":"山梨県","city":"山梨市","town":"小原西"}],"0011":[{"pref":"山梨県","city":"山梨市","town":"三ケ所"}],"0015":[{"pref":"山梨県","city":"山梨市","town":"下石森"}],"0003":[{"pref":"山梨県","city":"山梨市","town":"下井尻"}],"0017":[{"pref":"山梨県","city":"山梨市","town":"下神内川"}],"0023":[{"pref":"山梨県","city":"山梨市","town":"下栗原"}],"0032":[{"pref":"山梨県","city":"山梨市","town":"正徳寺"}],"0045":[{"pref":"山梨県","city":"山梨市","town":"大工"}],"0021":[{"pref":"山梨県","city":"山梨市","town":"中村"}],"0007":[{"pref":"山梨県","city":"山梨市","town":"七日市場"}],"0001":[{"pref":"山梨県","city":"山梨市","town":"西"}],"0002":[{"pref":"山梨県","city":"山梨市","town":"東"}],"0012":[{"pref":"山梨県","city":"山梨市","town":"東後屋敷"}],"0046":[{"pref":"山梨県","city":"山梨市","town":"堀内"}],"0031":[{"pref":"山梨県","city":"山梨市","town":"万力"}],"0047":[{"pref":"山梨県","city":"山梨市","town":"水口"}],"0042":[{"pref":"山梨県","city":"山梨市","town":"南"}],"0036":[{"pref":"山梨県","city":"山梨市","town":"矢坪"}],"0035":[{"pref":"山梨県","city":"山梨市","town":"山根"}],"0065":[{"pref":"山梨県","city":"笛吹市","town":"一宮町新巻"}],"0061":[{"pref":"山梨県","city":"笛吹市","town":"一宮町石"}],"0063":[{"pref":"山梨県","city":"笛吹市","town":"一宮町市之蔵"}],"0056":[{"pref":"山梨県","city":"笛吹市","town":"一宮町一ノ宮"}],"0062":[{"pref":"山梨県","city":"笛吹市","town":"一宮町金沢"}],"0079":[{"pref":"山梨県","city":"笛吹市","town":"一宮町金田"}],"0059":[{"pref":"山梨県","city":"笛吹市","town":"一宮町上矢作"}],"0066":[{"pref":"山梨県","city":"笛吹市","town":"一宮町神沢"}],"0051":[{"pref":"山梨県","city":"笛吹市","town":"一宮町北野呂"}],"0071":[{"pref":"山梨県","city":"笛吹市","town":"一宮町北都塚"}],"0068":[{"pref":"山梨県","city":"笛吹市","town":"一宮町狐新居"}],"0074":[{"pref":"山梨県","city":"笛吹市","town":"一宮町国分"}],"0058":[{"pref":"山梨県","city":"笛吹市","town":"一宮町小城"}],"0064":[{"pref":"山梨県","city":"笛吹市","town":"一宮町塩田"}],"0055":[{"pref":"山梨県","city":"笛吹市","town":"一宮町地蔵堂"}],"0057":[{"pref":"山梨県","city":"笛吹市","town":"一宮町下矢作"}],"0073":[{"pref":"山梨県","city":"笛吹市","town":"一宮町末木"}],"0054":[{"pref":"山梨県","city":"笛吹市","town":"一宮町千米寺"}],"0076":[{"pref":"山梨県","city":"笛吹市","town":"一宮町竹原田"}],"0078":[{"pref":"山梨県","city":"笛吹市","town":"一宮町田中"}],"0067":[{"pref":"山梨県","city":"笛吹市","town":"一宮町土塚"}],"0077":[{"pref":"山梨県","city":"笛吹市","town":"一宮町坪井"}],"0053":[{"pref":"山梨県","city":"笛吹市","town":"一宮町中尾"}],"0075":[{"pref":"山梨県","city":"笛吹市","town":"一宮町橋立"},{"pref":"山梨県","city":"笛吹市","town":"一宮町東原"}],"0069":[{"pref":"山梨県","city":"笛吹市","town":"一宮町東新居"}],"0052":[{"pref":"山梨県","city":"笛吹市","town":"一宮町南野呂"}],"0072":[{"pref":"山梨県","city":"笛吹市","town":"一宮町本都塚"}]}