{"6001":[{"pref":"東京都","city":"渋谷区","town":"恵比寿恵比寿ガーデンプレイス（１階）"}],"6002":[{"pref":"東京都","city":"渋谷区","town":"恵比寿恵比寿ガーデンプレイス（２階）"}],"6003":[{"pref":"東京都","city":"渋谷区","town":"恵比寿恵比寿ガーデンプレイス（３階）"}],"6004":[{"pref":"東京都","city":"渋谷区","town":"恵比寿恵比寿ガーデンプレイス（４階）"}],"6005":[{"pref":"東京都","city":"渋谷区","town":"恵比寿恵比寿ガーデンプレイス（５階）"}],"6006":[{"pref":"東京都","city":"渋谷区","town":"恵比寿恵比寿ガーデンプレイス（６階）"}],"6007":[{"pref":"東京都","city":"渋谷区","town":"恵比寿恵比寿ガーデンプレイス（７階）"}],"6008":[{"pref":"東京都","city":"渋谷区","town":"恵比寿恵比寿ガーデンプレイス（８階）"}],"6009":[{"pref":"東京都","city":"渋谷区","town":"恵比寿恵比寿ガーデンプレイス（９階）"}],"6010":[{"pref":"東京都","city":"渋谷区","town":"恵比寿恵比寿ガーデンプレイス（１０階）"}],"6011":[{"pref":"東京都","city":"渋谷区","town":"恵比寿恵比寿ガーデンプレイス（１１階）"}],"6012":[{"pref":"東京都","city":"渋谷区","town":"恵比寿恵比寿ガーデンプレイス（１２階）"}],"6013":[{"pref":"東京都","city":"渋谷区","town":"恵比寿恵比寿ガーデンプレイス（１３階）"}],"6014":[{"pref":"東京都","city":"渋谷区","town":"恵比寿恵比寿ガーデンプレイス（１４階）"}],"6015":[{"pref":"東京都","city":"渋谷区","town":"恵比寿恵比寿ガーデンプレイス（１５階）"}],"6016":[{"pref":"東京都","city":"渋谷区","town":"恵比寿恵比寿ガーデンプレイス（１６階）"}],"6017":[{"pref":"東京都","city":"渋谷区","town":"恵比寿恵比寿ガーデンプレイス（１７階）"}],"6018":[{"pref":"東京都","city":"渋谷区","town":"恵比寿恵比寿ガーデンプレイス（１８階）"}],"6019":[{"pref":"東京都","city":"渋谷区","town":"恵比寿恵比寿ガーデンプレイス（１９階）"}],"6020":[{"pref":"東京都","city":"渋谷区","town":"恵比寿恵比寿ガーデンプレイス（２０階）"}],"6021":[{"pref":"東京都","city":"渋谷区","town":"恵比寿恵比寿ガーデンプレイス（２１階）"}],"6022":[{"pref":"東京都","city":"渋谷区","town":"恵比寿恵比寿ガーデンプレイス（２２階）"}],"6023":[{"pref":"東京都","city":"渋谷区","town":"恵比寿恵比寿ガーデンプレイス（２３階）"}],"6024":[{"pref":"東京都","city":"渋谷区","town":"恵比寿恵比寿ガーデンプレイス（２４階）"}],"6025":[{"pref":"東京都","city":"渋谷区","town":"恵比寿恵比寿ガーデンプレイス（２５階）"}],"6026":[{"pref":"東京都","city":"渋谷区","town":"恵比寿恵比寿ガーデンプレイス（２６階）"}],"6027":[{"pref":"東京都","city":"渋谷区","town":"恵比寿恵比寿ガーデンプレイス（２７階）"}],"6028":[{"pref":"東京都","city":"渋谷区","town":"恵比寿恵比寿ガーデンプレイス（２８階）"}],"6029":[{"pref":"東京都","city":"渋谷区","town":"恵比寿恵比寿ガーデンプレイス（２９階）"}],"6030":[{"pref":"東京都","city":"渋谷区","town":"恵比寿恵比寿ガーデンプレイス（３０階）"}],"6031":[{"pref":"東京都","city":"渋谷区","town":"恵比寿恵比寿ガーデンプレイス（３１階）"}],"6032":[{"pref":"東京都","city":"渋谷区","town":"恵比寿恵比寿ガーデンプレイス（３２階）"}],"6033":[{"pref":"東京都","city":"渋谷区","town":"恵比寿恵比寿ガーデンプレイス（３３階）"}],"6034":[{"pref":"東京都","city":"渋谷区","town":"恵比寿恵比寿ガーデンプレイス（３４階）"}],"6035":[{"pref":"東京都","city":"渋谷区","town":"恵比寿恵比寿ガーデンプレイス（３５階）"}],"6036":[{"pref":"東京都","city":"渋谷区","town":"恵比寿恵比寿ガーデンプレイス（３６階）"}],"6037":[{"pref":"東京都","city":"渋谷区","town":"恵比寿恵比寿ガーデンプレイス（３７階）"}],"6038":[{"pref":"東京都","city":"渋谷区","town":"恵比寿恵比寿ガーデンプレイス（３８階）"}],"6039":[{"pref":"東京都","city":"渋谷区","town":"恵比寿恵比寿ガーデンプレイス（３９階）"}],"6090":[{"pref":"東京都","city":"渋谷区","town":"恵比寿恵比寿ガーデンプレイス（地階・階層不明）"}],"6101":[{"pref":"東京都","city":"渋谷区","town":"渋谷渋谷スクランブルスクエア（１階）"}],"6102":[{"pref":"東京都","city":"渋谷区","town":"渋谷渋谷スクランブルスクエア（２階）"}],"6103":[{"pref":"東京都","city":"渋谷区","town":"渋谷渋谷スクランブルスクエア（３階）"}],"6104":[{"pref":"東京都","city":"渋谷区","town":"渋谷渋谷スクランブルスクエア（４階）"}],"6105":[{"pref":"東京都","city":"渋谷区","town":"渋谷渋谷スクランブルスクエア（５階）"}],"6106":[{"pref":"東京都","city":"渋谷区","town":"渋谷渋谷スクランブルスクエア（６階）"}],"6107":[{"pref":"東京都","city":"渋谷区","town":"渋谷渋谷スクランブルスクエア（７階）"}],"6108":[{"pref":"東京都","city":"渋谷区","town":"渋谷渋谷スクランブルスクエア（８階）"}],"6109":[{"pref":"東京都","city":"渋谷区","town":"渋谷渋谷スクランブルスクエア（９階）"}],"6110":[{"pref":"東京都","city":"渋谷区","town":"渋谷渋谷スクランブルスクエア（１０階）"}],"6111":[{"pref":"東京都","city":"渋谷区","town":"渋谷渋谷スクランブルスクエア（１１階）"}],"6112":[{"pref":"東京都","city":"渋谷区","town":"渋谷渋谷スクランブルスクエア（１２階）"}],"6113":[{"pref":"東京都","city":"渋谷区","town":"渋谷渋谷スクランブルスクエア（１３階）"}],"6114":[{"pref":"東京都","city":"渋谷区","town":"渋谷渋谷スクランブルスクエア（１４階）"}],"6115":[{"pref":"東京都","city":"渋谷区","town":"渋谷渋谷スクランブルスクエア（１５階）"}],"6116":[{"pref":"東京都","city":"渋谷区","town":"渋谷渋谷スクランブルスクエア（１６階）"}],"6117":[{"pref":"東京都","city":"渋谷区","town":"渋谷渋谷スクランブルスクエア（１７階）"}],"6118":[{"pref":"東京都","city":"渋谷区","town":"渋谷渋谷スクランブルスクエア（１８階）"}],"6119":[{"pref":"東京都","city":"渋谷区","town":"渋谷渋谷スクランブルスクエア（１９階）"}],"6120":[{"pref":"東京都","city":"渋谷区","town":"渋谷渋谷スクランブルスクエア（２０階）"}],"6121":[{"pref":"東京都","city":"渋谷区","town":"渋谷渋谷スクランブルスクエア（２１階）"}],"6122":[{"pref":"東京都","city":"渋谷区","town":"渋谷渋谷スクランブルスクエア（２２階）"}],"6123":[{"pref":"東京都","city":"渋谷区","town":"渋谷渋谷スクランブルスクエア（２３階）"}],"6124":[{"pref":"東京都","city":"渋谷区","town":"渋谷渋谷スクランブルスクエア（２４階）"}],"6125":[{"pref":"東京都","city":"渋谷区","town":"渋谷渋谷スクランブルスクエア（２５階）"}],"6126":[{"pref":"東京都","city":"渋谷区","town":"渋谷渋谷スクランブルスクエア（２６階）"}],"6127":[{"pref":"東京都","city":"渋谷区","town":"渋谷渋谷スクランブルスクエア（２７階）"}],"6128":[{"pref":"東京都","city":"渋谷区","town":"渋谷渋谷スクランブルスクエア（２８階）"}],"6129":[{"pref":"東京都","city":"渋谷区","town":"渋谷渋谷スクランブルスクエア（２９階）"}],"6130":[{"pref":"東京都","city":"渋谷区","town":"渋谷渋谷スクランブルスクエア（３０階）"}],"6131":[{"pref":"東京都","city":"渋谷区","town":"渋谷渋谷スクランブルスクエア（３１階）"}],"6132":[{"pref":"東京都","city":"渋谷区","town":"渋谷渋谷スクランブルスクエア（３２階）"}],"6133":[{"pref":"東京都","city":"渋谷区","town":"渋谷渋谷スクランブルスクエア（３３階）"}],"6134":[{"pref":"東京都","city":"渋谷区","town":"渋谷渋谷スクランブルスクエア（３４階）"}],"6135":[{"pref":"東京都","city":"渋谷区","town":"渋谷渋谷スクランブルスクエア（３５階）"}],"6136":[{"pref":"東京都","city":"渋谷区","town":"渋谷渋谷スクランブルスクエア（３６階）"}],"6137":[{"pref":"東京都","city":"渋谷区","town":"渋谷渋谷スクランブルスクエア（３７階）"}],"6138":[{"pref":"東京都","city":"渋谷区","town":"渋谷渋谷スクランブルスクエア（３８階）"}],"6139":[{"pref":"東京都","city":"渋谷区","town":"渋谷渋谷スクランブルスクエア（３９階）"}],"6140":[{"pref":"東京都","city":"渋谷区","town":"渋谷渋谷スクランブルスクエア（４０階）"}],"6141":[{"pref":"東京都","city":"渋谷区","town":"渋谷渋谷スクランブルスクエア（４１階）"}],"6142":[{"pref":"東京都","city":"渋谷区","town":"渋谷渋谷スクランブルスクエア（４２階）"}],"6143":[{"pref":"東京都","city":"渋谷区","town":"渋谷渋谷スクランブルスクエア（４３階）"}],"6144":[{"pref":"東京都","city":"渋谷区","town":"渋谷渋谷スクランブルスクエア（４４階）"}],"6145":[{"pref":"東京都","city":"渋谷区","town":"渋谷渋谷スクランブルスクエア（４５階）"}],"6146":[{"pref":"東京都","city":"渋谷区","town":"渋谷渋谷スクランブルスクエア（４６階）"}],"6147":[{"pref":"東京都","city":"渋谷区","town":"渋谷渋谷スクランブルスクエア（４７階）"}],"6190":[{"pref":"東京都","city":"渋谷区","town":"渋谷渋谷スクランブルスクエア（地階・階層不明）"}],"0000":[{"pref":"東京都","city":"渋谷区","town":"以下に掲載がない場合"}],"0032":[{"pref":"東京都","city":"渋谷区","town":"鶯谷町"}],"0042":[{"pref":"東京都","city":"渋谷区","town":"宇田川町"}],"0013":[{"pref":"東京都","city":"渋谷区","town":"恵比寿（次のビルを除く）"}],"0021":[{"pref":"東京都","city":"渋谷区","town":"恵比寿西"}],"0022":[{"pref":"東京都","city":"渋谷区","town":"恵比寿南"}],"0047":[{"pref":"東京都","city":"渋谷区","town":"神山町"}],"0031":[{"pref":"東京都","city":"渋谷区","town":"桜丘町"}],"0033":[{"pref":"東京都","city":"渋谷区","town":"猿楽町"}],"0002":[{"pref":"東京都","city":"渋谷区","town":"渋谷（次のビルを除く）"}],"0046":[{"pref":"東京都","city":"渋谷区","town":"松濤"}],"0001":[{"pref":"東京都","city":"渋谷区","town":"神宮前"}],"0045":[{"pref":"東京都","city":"渋谷区","town":"神泉町"}],"0041":[{"pref":"東京都","city":"渋谷区","town":"神南"}],"0034":[{"pref":"東京都","city":"渋谷区","town":"代官山町"}],"0043":[{"pref":"東京都","city":"渋谷区","town":"道玄坂"}],"0036":[{"pref":"東京都","city":"渋谷区","town":"南平台町"}],"0035":[{"pref":"東京都","city":"渋谷区","town":"鉢山町"}],"0011":[{"pref":"東京都","city":"渋谷区","town":"東"}],"0012":[{"pref":"東京都","city":"渋谷区","town":"広尾"}],"0044":[{"pref":"東京都","city":"渋谷区","town":"円山町"}]}