{"0000":[{"pref":"京都府","city":"南丹市","town":"以下に掲載がない場合"}],"0063":[{"pref":"京都府","city":"南丹市","town":"園部町天引"}],"0012":[{"pref":"京都府","city":"南丹市","town":"園部町内林町"}],"0021":[{"pref":"京都府","city":"南丹市","town":"園部町瓜生野"}],"0065":[{"pref":"京都府","city":"南丹市","town":"園部町大河内"}],"0033":[{"pref":"京都府","city":"南丹市","town":"園部町大戸"}],"0054":[{"pref":"京都府","city":"南丹市","town":"園部町大西"}],"0036":[{"pref":"京都府","city":"南丹市","town":"園部町越方"}],"0043":[{"pref":"京都府","city":"南丹市","town":"園部町小山西町"}],"0041":[{"pref":"京都府","city":"南丹市","town":"園部町小山東町"}],"0011":[{"pref":"京都府","city":"南丹市","town":"園部町上木崎町"}],"0014":[{"pref":"京都府","city":"南丹市","town":"園部町上本町"}],"0016":[{"pref":"京都府","city":"南丹市","town":"園部町河原町"}],"0015":[{"pref":"京都府","city":"南丹市","town":"園部町木崎町"}],"0046":[{"pref":"京都府","city":"南丹市","town":"園部町口人"}],"0022":[{"pref":"京都府","city":"南丹市","town":"園部町熊崎"}],"0034":[{"pref":"京都府","city":"南丹市","town":"園部町熊原"}],"0052":[{"pref":"京都府","city":"南丹市","town":"園部町黒田"}],"0047":[{"pref":"京都府","city":"南丹市","town":"園部町口司"}],"0004":[{"pref":"京都府","city":"南丹市","town":"園部町小桜町"}],"0042":[{"pref":"京都府","city":"南丹市","town":"園部町栄町"}],"0035":[{"pref":"京都府","city":"南丹市","town":"園部町佐切"}],"0055":[{"pref":"京都府","city":"南丹市","town":"園部町宍人"}],"0044":[{"pref":"京都府","city":"南丹市","town":"園部町城南町"}],"0023":[{"pref":"京都府","city":"南丹市","town":"園部町新堂"}],"0003":[{"pref":"京都府","city":"南丹市","town":"園部町新町"}],"0024":[{"pref":"京都府","city":"南丹市","town":"園部町千妻"}],"0025":[{"pref":"京都府","city":"南丹市","town":"園部町曽我谷"}],"0032":[{"pref":"京都府","city":"南丹市","town":"園部町高屋"}],"0062":[{"pref":"京都府","city":"南丹市","town":"園部町竹井"}],"0057":[{"pref":"京都府","city":"南丹市","town":"園部町殿谷"}],"0061":[{"pref":"京都府","city":"南丹市","town":"園部町仁江"}],"0056":[{"pref":"京都府","city":"南丹市","town":"園部町埴生"}],"0045":[{"pref":"京都府","city":"南丹市","town":"園部町半田"}],"0031":[{"pref":"京都府","city":"南丹市","town":"園部町船岡"}],"0053":[{"pref":"京都府","city":"南丹市","town":"園部町船阪"}],"0064":[{"pref":"京都府","city":"南丹市","town":"園部町法京"}],"0013":[{"pref":"京都府","city":"南丹市","town":"園部町本町"}],"0002":[{"pref":"京都府","city":"南丹市","town":"園部町美園町"}],"0059":[{"pref":"京都府","city":"南丹市","town":"園部町南大谷"}],"0066":[{"pref":"京都府","city":"南丹市","town":"園部町南八田"}],"0001":[{"pref":"京都府","city":"南丹市","town":"園部町宮町"}],"0051":[{"pref":"京都府","city":"南丹市","town":"園部町横田"}],"0017":[{"pref":"京都府","city":"南丹市","town":"園部町若松町"}],"0058":[{"pref":"京都府","city":"南丹市","town":"園部町若森"}],"0200":[{"pref":"京都府","city":"船井郡京丹波町","town":"以下に掲載がない場合"}],"0301":[{"pref":"京都府","city":"船井郡京丹波町","town":"粟野"}],"0323":[{"pref":"京都府","city":"船井郡京丹波町","town":"井尻"}],"0212":[{"pref":"京都府","city":"船井郡京丹波町","town":"市森"}],"0304":[{"pref":"京都府","city":"船井郡京丹波町","town":"猪鼻"}],"0312":[{"pref":"京都府","city":"船井郡京丹波町","town":"井脇"}],"0236":[{"pref":"京都府","city":"船井郡京丹波町","town":"院内"}],"0211":[{"pref":"京都府","city":"船井郡京丹波町","town":"上野"}],"0322":[{"pref":"京都府","city":"船井郡京丹波町","town":"大朴"}],"0445":[{"pref":"京都府","city":"船井郡京丹波町","town":"鎌谷奥"}],"0442":[{"pref":"京都府","city":"船井郡京丹波町","town":"鎌谷下"}],"0444":[{"pref":"京都府","city":"船井郡京丹波町","town":"鎌谷中"}],"0452":[{"pref":"京都府","city":"船井郡京丹波町","town":"上大久保"}],"0223":[{"pref":"京都府","city":"船井郡京丹波町","town":"口八田"}],"0325":[{"pref":"京都府","city":"船井郡京丹波町","town":"小野"}],"0214":[{"pref":"京都府","city":"船井郡京丹波町","town":"蒲生"}],"0441":[{"pref":"京都府","city":"船井郡京丹波町","town":"坂井"}],"0303":[{"pref":"京都府","city":"船井郡京丹波町","town":"三ノ宮"}],"0234":[{"pref":"京都府","city":"船井郡京丹波町","town":"塩田谷"}],"0315":[{"pref":"京都府","city":"船井郡京丹波町","town":"質志"}],"0202":[{"pref":"京都府","city":"船井郡京丹波町","town":"実勢"}],"0332":[{"pref":"京都府","city":"船井郡京丹波町","town":"質美"}],"0451":[{"pref":"京都府","city":"船井郡京丹波町","town":"下大久保"}],"0201":[{"pref":"京都府","city":"船井郡京丹波町","town":"下山"}],"0213":[{"pref":"京都府","city":"船井郡京丹波町","town":"須知"}],"0222":[{"pref":"京都府","city":"船井郡京丹波町","town":"新水戸"}],"0232":[{"pref":"京都府","city":"船井郡京丹波町","town":"曽根"}],"0224":[{"pref":"京都府","city":"船井郡京丹波町","town":"高岡"}],"0331":[{"pref":"京都府","city":"船井郡京丹波町","town":"中台"}],"0316":[{"pref":"京都府","city":"船井郡京丹波町","town":"戸津川"}],"0203":[{"pref":"京都府","city":"船井郡京丹波町","town":"富田"}],"0231":[{"pref":"京都府","city":"船井郡京丹波町","town":"豊田"}],"0321":[{"pref":"京都府","city":"船井郡京丹波町","town":"橋爪"}],"0324":[{"pref":"京都府","city":"船井郡京丹波町","town":"八田"}],"0443":[{"pref":"京都府","city":"船井郡京丹波町","town":"東又"}],"0313":[{"pref":"京都府","city":"船井郡京丹波町","town":"保井谷"}],"0314":[{"pref":"京都府","city":"船井郡京丹波町","town":"水呑"}],"0453":[{"pref":"京都府","city":"船井郡京丹波町","town":"水原"}],"0221":[{"pref":"京都府","city":"船井郡京丹波町","town":"水戸"}],"0302":[{"pref":"京都府","city":"船井郡京丹波町","town":"妙楽寺"}],"0233":[{"pref":"京都府","city":"船井郡京丹波町","town":"森"}],"0235":[{"pref":"京都府","city":"船井郡京丹波町","town":"安井"}],"0311":[{"pref":"京都府","city":"船井郡京丹波町","town":"和田"}]}