{"0000":[{"pref":"千葉県","city":"習志野市","town":"以下に掲載がない場合"}],"0024":[{"pref":"千葉県","city":"習志野市","town":"茜浜"}],"0025":[{"pref":"千葉県","city":"習志野市","town":"秋津"}],"0006":[{"pref":"千葉県","city":"習志野市","town":"泉町"}],"0011":[{"pref":"千葉県","city":"習志野市","town":"大久保"}],"0022":[{"pref":"千葉県","city":"習志野市","town":"香澄"}],"0028":[{"pref":"千葉県","city":"習志野市","town":"奏の杜"}],"0014":[{"pref":"千葉県","city":"習志野市","town":"鷺沼"}],"0015":[{"pref":"千葉県","city":"習志野市","town":"鷺沼台"}],"0023":[{"pref":"千葉県","city":"習志野市","town":"芝園"}],"0005":[{"pref":"千葉県","city":"習志野市","town":"新栄"}],"0021":[{"pref":"千葉県","city":"習志野市","town":"袖ケ浦"}],"0016":[{"pref":"千葉県","city":"習志野市","town":"津田沼"}],"0013":[{"pref":"千葉県","city":"習志野市","town":"花咲"}],"0001":[{"pref":"千葉県","city":"習志野市","town":"東習志野"}],"0017":[{"pref":"千葉県","city":"習志野市","town":"藤崎"}],"0002":[{"pref":"千葉県","city":"習志野市","town":"実籾"}],"0003":[{"pref":"千葉県","city":"習志野市","town":"実籾本郷"}],"0012":[{"pref":"千葉県","city":"習志野市","town":"本大久保"}],"0004":[{"pref":"千葉県","city":"習志野市","town":"屋敷"}],"0026":[{"pref":"千葉県","city":"習志野市","town":"谷津"}],"0027":[{"pref":"千葉県","city":"習志野市","town":"谷津町"}]}