{"0000":[{"pref":"大阪府","city":"大阪市住之江区","town":"以下に掲載がない場合"}],"0003":[{"pref":"大阪府","city":"大阪市住之江区","town":"安立"}],"0023":[{"pref":"大阪府","city":"大阪市住之江区","town":"泉"}],"0011":[{"pref":"大阪府","city":"大阪市住之江区","town":"北加賀屋"}],"0014":[{"pref":"大阪府","city":"大阪市住之江区","town":"北島"}],"0001":[{"pref":"大阪府","city":"大阪市住之江区","town":"粉浜"}],"0007":[{"pref":"大阪府","city":"大阪市住之江区","town":"粉浜西"}],"0021":[{"pref":"大阪府","city":"大阪市住之江区","town":"柴谷"}],"0024":[{"pref":"大阪府","city":"大阪市住之江区","town":"新北島"}],"0004":[{"pref":"大阪府","city":"大阪市住之江区","town":"住之江"}],"0017":[{"pref":"大阪府","city":"大阪市住之江区","town":"中加賀屋"}],"0033":[{"pref":"大阪府","city":"大阪市住之江区","town":"南港中"}],"0031":[{"pref":"大阪府","city":"大阪市住之江区","town":"南港東"}],"0032":[{"pref":"大阪府","city":"大阪市住之江区","town":"南港南"}],"0034":[{"pref":"大阪府","city":"大阪市住之江区","town":"南港北"}],"0016":[{"pref":"大阪府","city":"大阪市住之江区","town":"西加賀屋"}],"0005":[{"pref":"大阪府","city":"大阪市住之江区","town":"西住之江"}],"0002":[{"pref":"大阪府","city":"大阪市住之江区","town":"浜口東"}],"0006":[{"pref":"大阪府","city":"大阪市住之江区","town":"浜口西"}],"0012":[{"pref":"大阪府","city":"大阪市住之江区","town":"東加賀屋"}],"0025":[{"pref":"大阪府","city":"大阪市住之江区","town":"平林南"}],"0026":[{"pref":"大阪府","city":"大阪市住之江区","town":"平林北"}],"0013":[{"pref":"大阪府","city":"大阪市住之江区","town":"御崎"}],"0022":[{"pref":"大阪府","city":"大阪市住之江区","town":"緑木"}],"0015":[{"pref":"大阪府","city":"大阪市住之江区","town":"南加賀屋"}]}