{"1101":[{"pref":"三重県","city":"伊勢市","town":"大倉町"}],"1102":[{"pref":"三重県","city":"伊勢市","town":"佐八町"}],"1103":[{"pref":"三重県","city":"伊勢市","town":"津村町"}],"1104":[{"pref":"三重県","city":"伊勢市","town":"上野町"}],"1105":[{"pref":"三重県","city":"伊勢市","town":"矢持町"}],"1106":[{"pref":"三重県","city":"伊勢市","town":"横輪町"}],"1107":[{"pref":"三重県","city":"伊勢市","town":"神薗町"}],"1108":[{"pref":"三重県","city":"伊勢市","town":"円座町"}],"1231":[{"pref":"三重県","city":"度会郡度会町","town":"川口"}],"1232":[{"pref":"三重県","city":"度会郡度会町","town":"栗原"}],"1233":[{"pref":"三重県","city":"度会郡度会町","town":"日向"}],"1234":[{"pref":"三重県","city":"度会郡度会町","town":"火打石"}],"1235":[{"pref":"三重県","city":"度会郡度会町","town":"駒ケ野"}],"1236":[{"pref":"三重県","city":"度会郡度会町","town":"小川"}],"1237":[{"pref":"三重県","city":"度会郡度会町","town":"五ケ町"}],"1238":[{"pref":"三重県","city":"度会郡度会町","town":"中之郷"}],"1241":[{"pref":"三重県","city":"度会郡度会町","town":"柳"}],"1242":[{"pref":"三重県","city":"度会郡度会町","town":"市場"}],"1243":[{"pref":"三重県","city":"度会郡度会町","town":"和井野"}],"1244":[{"pref":"三重県","city":"度会郡度会町","town":"南中村"}],"1245":[{"pref":"三重県","city":"度会郡度会町","town":"川上"}],"1246":[{"pref":"三重県","city":"度会郡度会町","town":"脇出"}],"1247":[{"pref":"三重県","city":"度会郡度会町","town":"小萩"}],"1301":[{"pref":"三重県","city":"度会郡南伊勢町","town":"道方"}],"1302":[{"pref":"三重県","city":"度会郡南伊勢町","town":"大江"}],"1303":[{"pref":"三重県","city":"度会郡南伊勢町","town":"道行竈"}],"1304":[{"pref":"三重県","city":"度会郡南伊勢町","town":"大方竈"}],"1305":[{"pref":"三重県","city":"度会郡南伊勢町","town":"阿曽浦"}],"1306":[{"pref":"三重県","city":"度会郡南伊勢町","town":"慥柄浦"}],"1307":[{"pref":"三重県","city":"度会郡南伊勢町","town":"贄浦"}],"1308":[{"pref":"三重県","city":"度会郡南伊勢町","town":"奈屋浦"}],"1309":[{"pref":"三重県","city":"度会郡南伊勢町","town":"東宮"}],"1421":[{"pref":"三重県","city":"度会郡南伊勢町","town":"河内"}],"1422":[{"pref":"三重県","city":"度会郡南伊勢町","town":"神前浦"}],"1423":[{"pref":"三重県","city":"度会郡南伊勢町","town":"村山"}],"1531":[{"pref":"三重県","city":"度会郡南伊勢町","town":"方座浦"}],"1532":[{"pref":"三重県","city":"度会郡南伊勢町","town":"小方竈"}],"1533":[{"pref":"三重県","city":"度会郡南伊勢町","town":"栃木竈"}],"1534":[{"pref":"三重県","city":"度会郡南伊勢町","town":"古和浦"}],"1535":[{"pref":"三重県","city":"度会郡南伊勢町","town":"棚橋竈"}],"1536":[{"pref":"三重県","city":"度会郡南伊勢町","town":"新桑竈"}],"2100":[{"pref":"三重県","city":"度会郡度会町","town":"以下に掲載がない場合"}],"2101":[{"pref":"三重県","city":"度会郡度会町","town":"葛原"}],"2102":[{"pref":"三重県","city":"度会郡度会町","town":"大野木"}],"2103":[{"pref":"三重県","city":"度会郡度会町","town":"棚橋"}],"2104":[{"pref":"三重県","city":"度会郡度会町","town":"牧戸"}],"2105":[{"pref":"三重県","city":"度会郡度会町","town":"平生"}],"2106":[{"pref":"三重県","city":"度会郡度会町","town":"大久保"}],"2107":[{"pref":"三重県","city":"度会郡度会町","town":"立岡"}],"2108":[{"pref":"三重県","city":"度会郡度会町","town":"鮠川"}],"2111":[{"pref":"三重県","city":"度会郡度会町","town":"下久具"}],"2112":[{"pref":"三重県","city":"度会郡度会町","town":"上久具"}],"2113":[{"pref":"三重県","city":"度会郡度会町","town":"田間"}],"2114":[{"pref":"三重県","city":"度会郡度会町","town":"当津"}],"2115":[{"pref":"三重県","city":"度会郡度会町","town":"長原"}],"2116":[{"pref":"三重県","city":"度会郡度会町","town":"坂井"}],"2117":[{"pref":"三重県","city":"度会郡度会町","town":"麻加江"}],"2118":[{"pref":"三重県","city":"度会郡度会町","town":"田口"}],"2119":[{"pref":"三重県","city":"度会郡度会町","town":"注連指"}],"0000":[{"pref":"三重県","city":"伊勢市","town":"以下に掲載がない場合"}],"0045":[{"pref":"三重県","city":"伊勢市","town":"旭町"}],"0021":[{"pref":"三重県","city":"伊勢市","town":"朝熊町（その他）"}],"0054":[{"pref":"三重県","city":"伊勢市","town":"粟野町"}],"0022":[{"pref":"三重県","city":"伊勢市","town":"一宇田町"}],"0075":[{"pref":"三重県","city":"伊勢市","town":"一志町"}],"0071":[{"pref":"三重県","city":"伊勢市","town":"一之木"}],"0011":[{"pref":"三重県","city":"伊勢市","town":"一色町"}],"0037":[{"pref":"三重県","city":"伊勢市","town":"岩渕"}],"0038":[{"pref":"三重県","city":"伊勢市","town":"岩渕町"}],"0051":[{"pref":"三重県","city":"伊勢市","town":"上地町"}],"0024":[{"pref":"三重県","city":"伊勢市","town":"宇治今在家町"}],"0023":[{"pref":"三重県","city":"伊勢市","town":"宇治館町"}],"0025":[{"pref":"三重県","city":"伊勢市","town":"宇治中之切町"}],"0026":[{"pref":"三重県","city":"伊勢市","town":"宇治浦田"}],"0062":[{"pref":"三重県","city":"伊勢市","town":"浦口"}],"0063":[{"pref":"三重県","city":"伊勢市","town":"浦口町"}],"0079":[{"pref":"三重県","city":"伊勢市","town":"大世古"}],"0001":[{"pref":"三重県","city":"伊勢市","town":"大湊町"}],"0036":[{"pref":"三重県","city":"伊勢市","town":"岡本"}],"0031":[{"pref":"三重県","city":"伊勢市","town":"尾上町"}],"0013":[{"pref":"三重県","city":"伊勢市","town":"鹿海町"}],"0004":[{"pref":"三重県","city":"伊勢市","town":"神社港"}],"0009":[{"pref":"三重県","city":"伊勢市","town":"河崎"}],"0052":[{"pref":"三重県","city":"伊勢市","town":"川端町"}],"0014":[{"pref":"三重県","city":"伊勢市","town":"楠部町"}],"0015":[{"pref":"三重県","city":"伊勢市","town":"久世戸町"}],"0018":[{"pref":"三重県","city":"伊勢市","town":"黒瀬町"}],"0007":[{"pref":"三重県","city":"伊勢市","town":"小木町"}],"0016":[{"pref":"三重県","city":"伊勢市","town":"神田久志本町"}],"0027":[{"pref":"三重県","city":"伊勢市","town":"桜木町"}],"0003":[{"pref":"三重県","city":"伊勢市","town":"下野町"}],"0017":[{"pref":"三重県","city":"伊勢市","town":"神久"}],"0035":[{"pref":"三重県","city":"伊勢市","town":"勢田町"}],"0078":[{"pref":"三重県","city":"伊勢市","town":"曽祢"}],"0005":[{"pref":"三重県","city":"伊勢市","town":"竹ケ鼻町"}],"0006":[{"pref":"三重県","city":"伊勢市","town":"田尻町"}],"0066":[{"pref":"三重県","city":"伊勢市","town":"辻久留"}],"0046":[{"pref":"三重県","city":"伊勢市","town":"辻久留町"}],"0012":[{"pref":"三重県","city":"伊勢市","town":"通町"}],"0041":[{"pref":"三重県","city":"伊勢市","town":"常磐"}],"0047":[{"pref":"三重県","city":"伊勢市","town":"常磐町"}],"0042":[{"pref":"三重県","city":"伊勢市","town":"豊川町"}],"0067":[{"pref":"三重県","city":"伊勢市","town":"中島"}],"0053":[{"pref":"三重県","city":"伊勢市","town":"中須町"}],"0034":[{"pref":"三重県","city":"伊勢市","town":"中之町"}],"0028":[{"pref":"三重県","city":"伊勢市","town":"中村町"}],"0073":[{"pref":"三重県","city":"伊勢市","town":"吹上"}],"0043":[{"pref":"三重県","city":"伊勢市","town":"藤里町"}],"0064":[{"pref":"三重県","city":"伊勢市","town":"二俣"}],"0065":[{"pref":"三重県","city":"伊勢市","town":"二俣町"}],"0008":[{"pref":"三重県","city":"伊勢市","town":"船江"}],"0033":[{"pref":"三重県","city":"伊勢市","town":"古市町"}],"0074":[{"pref":"三重県","city":"伊勢市","town":"本町"}],"0044":[{"pref":"三重県","city":"伊勢市","town":"前山町"}],"0002":[{"pref":"三重県","city":"伊勢市","town":"馬瀬町"}],"0803":[{"pref":"三重県","city":"伊勢市","town":"御薗町王中島"}],"0801":[{"pref":"三重県","city":"伊勢市","town":"御薗町小林"}],"0806":[{"pref":"三重県","city":"伊勢市","town":"御薗町上條（その他）"}],"0802":[{"pref":"三重県","city":"伊勢市","town":"御薗町新開"}],"0805":[{"pref":"三重県","city":"伊勢市","town":"御薗町高向"}],"0804":[{"pref":"三重県","city":"伊勢市","town":"御薗町長屋"}],"0061":[{"pref":"三重県","city":"伊勢市","town":"宮川"}],"0072":[{"pref":"三重県","city":"伊勢市","town":"宮後"}],"0077":[{"pref":"三重県","city":"伊勢市","town":"宮町"}],"0032":[{"pref":"三重県","city":"伊勢市","town":"倭町"}],"0076":[{"pref":"三重県","city":"伊勢市","town":"八日市場町"}],"0100":[{"pref":"三重県","city":"度会郡南伊勢町","town":"以下に掲載がない場合"}],"0103":[{"pref":"三重県","city":"度会郡南伊勢町","town":"泉"}],"0112":[{"pref":"三重県","city":"度会郡南伊勢町","town":"伊勢路"}],"0118":[{"pref":"三重県","city":"度会郡南伊勢町","town":"相賀浦"}],"0115":[{"pref":"三重県","city":"度会郡南伊勢町","town":"押渕"}],"0106":[{"pref":"三重県","city":"度会郡南伊勢町","town":"木谷"}],"0102":[{"pref":"三重県","city":"度会郡南伊勢町","town":"切原"}],"0101":[{"pref":"三重県","city":"度会郡南伊勢町","town":"五ケ所浦"}],"0104":[{"pref":"三重県","city":"度会郡南伊勢町","town":"神津佐"}],"0113":[{"pref":"三重県","city":"度会郡南伊勢町","town":"斎田"}],"0117":[{"pref":"三重県","city":"度会郡南伊勢町","town":"礫浦"}],"0105":[{"pref":"三重県","city":"度会郡南伊勢町","town":"下津浦"}],"0221":[{"pref":"三重県","city":"度会郡南伊勢町","town":"宿浦"}],"0222":[{"pref":"三重県","city":"度会郡南伊勢町","town":"田曽浦"}],"0111":[{"pref":"三重県","city":"度会郡南伊勢町","town":"内瀬"}],"0108":[{"pref":"三重県","city":"度会郡南伊勢町","town":"中津浜浦"}],"0116":[{"pref":"三重県","city":"度会郡南伊勢町","town":"迫間浦"}],"0114":[{"pref":"三重県","city":"度会郡南伊勢町","town":"始神"}],"0107":[{"pref":"三重県","city":"度会郡南伊勢町","town":"飯満"}],"0109":[{"pref":"三重県","city":"度会郡南伊勢町","town":"船越"}]}