{"0000":[{"pref":"兵庫県","city":"芦屋市","town":"以下に掲載がない場合"}],"0012":[{"pref":"兵庫県","city":"芦屋市","town":"朝日ケ丘町"}],"0052":[{"pref":"兵庫県","city":"芦屋市","town":"伊勢町"}],"0013":[{"pref":"兵庫県","city":"芦屋市","town":"岩園町"}],"0028":[{"pref":"兵庫県","city":"芦屋市","town":"打出小槌町"}],"0022":[{"pref":"兵庫県","city":"芦屋市","town":"打出町"}],"0092":[{"pref":"兵庫県","city":"芦屋市","town":"大原町"}],"0066":[{"pref":"兵庫県","city":"芦屋市","town":"大桝町"}],"0003":[{"pref":"兵庫県","city":"芦屋市","town":"奥池町"}],"0004":[{"pref":"兵庫県","city":"芦屋市","town":"奥池南町"}],"0002":[{"pref":"兵庫県","city":"芦屋市","town":"奥山"}],"0035":[{"pref":"兵庫県","city":"芦屋市","town":"海洋町"}],"0021":[{"pref":"兵庫県","city":"芦屋市","town":"春日町"}],"0061":[{"pref":"兵庫県","city":"芦屋市","town":"上宮川町"}],"0072":[{"pref":"兵庫県","city":"芦屋市","town":"川西町"}],"0065":[{"pref":"兵庫県","city":"芦屋市","town":"公光町"}],"0015":[{"pref":"兵庫県","city":"芦屋市","town":"楠町"}],"0051":[{"pref":"兵庫県","city":"芦屋市","town":"呉川町"}],"0001":[{"pref":"兵庫県","city":"芦屋市","town":"剣谷"}],"0087":[{"pref":"兵庫県","city":"芦屋市","town":"三条町"}],"0086":[{"pref":"兵庫県","city":"芦屋市","town":"三条南町"}],"0043":[{"pref":"兵庫県","city":"芦屋市","town":"潮見町"}],"0076":[{"pref":"兵庫県","city":"芦屋市","town":"清水町"}],"0081":[{"pref":"兵庫県","city":"芦屋市","town":"城山"}],"0016":[{"pref":"兵庫県","city":"芦屋市","town":"親王塚町"}],"0036":[{"pref":"兵庫県","city":"芦屋市","town":"涼風町"}],"0064":[{"pref":"兵庫県","city":"芦屋市","town":"精道町"}],"0023":[{"pref":"兵庫県","city":"芦屋市","town":"大東町"}],"0033":[{"pref":"兵庫県","city":"芦屋市","town":"高浜町"}],"0055":[{"pref":"兵庫県","city":"芦屋市","town":"竹園町"}],"0067":[{"pref":"兵庫県","city":"芦屋市","town":"茶屋之町"}],"0084":[{"pref":"兵庫県","city":"芦屋市","town":"月若町"}],"0075":[{"pref":"兵庫県","city":"芦屋市","town":"津知町"}],"0068":[{"pref":"兵庫県","city":"芦屋市","town":"業平町"}],"0024":[{"pref":"兵庫県","city":"芦屋市","town":"南宮町"}],"0031":[{"pref":"兵庫県","city":"芦屋市","town":"新浜町"}],"0085":[{"pref":"兵庫県","city":"芦屋市","town":"西芦屋町"}],"0026":[{"pref":"兵庫県","city":"芦屋市","town":"西蔵町"}],"0083":[{"pref":"兵庫県","city":"芦屋市","town":"西山町"}],"0054":[{"pref":"兵庫県","city":"芦屋市","town":"浜芦屋町"}],"0032":[{"pref":"兵庫県","city":"芦屋市","town":"浜風町"}],"0025":[{"pref":"兵庫県","city":"芦屋市","town":"浜町"}],"0095":[{"pref":"兵庫県","city":"芦屋市","town":"東芦屋町"}],"0091":[{"pref":"兵庫県","city":"芦屋市","town":"東山町"}],"0073":[{"pref":"兵庫県","city":"芦屋市","town":"平田北町"}],"0074":[{"pref":"兵庫県","city":"芦屋市","town":"平田町"}],"0093":[{"pref":"兵庫県","city":"芦屋市","town":"船戸町"}],"0071":[{"pref":"兵庫県","city":"芦屋市","town":"前田町"}],"0094":[{"pref":"兵庫県","city":"芦屋市","town":"松ノ内町"}],"0053":[{"pref":"兵庫県","city":"芦屋市","town":"松浜町"}],"0014":[{"pref":"兵庫県","city":"芦屋市","town":"翠ケ丘町"}],"0042":[{"pref":"兵庫県","city":"芦屋市","town":"緑町"}],"0037":[{"pref":"兵庫県","city":"芦屋市","town":"南浜町"}],"0063":[{"pref":"兵庫県","city":"芦屋市","town":"宮川町"}],"0062":[{"pref":"兵庫県","city":"芦屋市","town":"宮塚町"}],"0082":[{"pref":"兵庫県","city":"芦屋市","town":"山芦屋町"}],"0096":[{"pref":"兵庫県","city":"芦屋市","town":"山手町"}],"0034":[{"pref":"兵庫県","city":"芦屋市","town":"陽光町"}],"0011":[{"pref":"兵庫県","city":"芦屋市","town":"六麓荘町"}],"0041":[{"pref":"兵庫県","city":"芦屋市","town":"若葉町"}],"0027":[{"pref":"兵庫県","city":"芦屋市","town":"若宮町"}]}