{"0000":[{"pref":"岡山県","city":"井原市","town":"以下に掲載がない場合"}],"0012":[{"pref":"岡山県","city":"井原市","town":"青野町"}],"0019":[{"pref":"岡山県","city":"井原市","town":"井原町"}],"0016":[{"pref":"岡山県","city":"井原市","town":"岩倉町"}],"0023":[{"pref":"岡山県","city":"井原市","town":"大江町"}],"0021":[{"pref":"岡山県","city":"井原市","town":"上出部町"}],"0026":[{"pref":"岡山県","city":"井原市","town":"上出部町四季が丘"}],"0018":[{"pref":"岡山県","city":"井原市","town":"上稲木町"}],"0013":[{"pref":"岡山県","city":"井原市","town":"北山町"}],"0004":[{"pref":"岡山県","city":"井原市","town":"木之子町"}],"0002":[{"pref":"岡山県","city":"井原市","town":"神代町"}],"0025":[{"pref":"岡山県","city":"井原市","town":"笹賀町"}],"0022":[{"pref":"岡山県","city":"井原市","town":"下出部町"}],"0017":[{"pref":"岡山県","city":"井原市","town":"下稲木町"}],"0024":[{"pref":"岡山県","city":"井原市","town":"高屋町"}],"0014":[{"pref":"岡山県","city":"井原市","town":"七日市町"}],"0006":[{"pref":"岡山県","city":"井原市","town":"西江原町"}],"0015":[{"pref":"岡山県","city":"井原市","town":"西方町"}],"0001":[{"pref":"岡山県","city":"井原市","town":"野上町"}],"0011":[{"pref":"岡山県","city":"井原市","town":"稗原町"}],"0003":[{"pref":"岡山県","city":"井原市","town":"東江原町"}],"0005":[{"pref":"岡山県","city":"井原市","town":"門田町"}]}