{"8001":[{"pref":"石川県","city":"金沢市","town":"高畠"}],"8002":[{"pref":"石川県","city":"金沢市","town":"玉鉾"}],"8003":[{"pref":"石川県","city":"金沢市","town":"玉鉾町"}],"8004":[{"pref":"石川県","city":"金沢市","town":"米丸町"}],"8005":[{"pref":"石川県","city":"金沢市","town":"間明町"}],"8006":[{"pref":"石川県","city":"金沢市","town":"進和町"}],"8011":[{"pref":"石川県","city":"金沢市","town":"入江"}],"8012":[{"pref":"石川県","city":"金沢市","town":"本江町"}],"8013":[{"pref":"石川県","city":"金沢市","town":"新神田"}],"8014":[{"pref":"石川県","city":"金沢市","town":"糸田"}],"8015":[{"pref":"石川県","city":"金沢市","town":"東力"}],"8016":[{"pref":"石川県","city":"金沢市","town":"東力町"}],"8021":[{"pref":"石川県","city":"金沢市","town":"御影町"}],"8022":[{"pref":"石川県","city":"金沢市","town":"中村町"}],"8023":[{"pref":"石川県","city":"金沢市","town":"千日町"}],"8024":[{"pref":"石川県","city":"金沢市","town":"白菊町"}],"8025":[{"pref":"石川県","city":"金沢市","town":"増泉"}],"8026":[{"pref":"石川県","city":"金沢市","town":"糸田新町"}],"8027":[{"pref":"石川県","city":"金沢市","town":"神田"}],"8031":[{"pref":"石川県","city":"金沢市","town":"野町"}],"8032":[{"pref":"石川県","city":"金沢市","town":"清川町"}],"8033":[{"pref":"石川県","city":"金沢市","town":"寺町"}],"8034":[{"pref":"石川県","city":"金沢市","town":"泉野町"}],"8035":[{"pref":"石川県","city":"金沢市","town":"泉が丘"}],"8036":[{"pref":"石川県","city":"金沢市","town":"弥生"}],"8041":[{"pref":"石川県","city":"金沢市","town":"泉"}],"8042":[{"pref":"石川県","city":"金沢市","town":"泉本町"}],"8043":[{"pref":"石川県","city":"金沢市","town":"西泉"}],"8044":[{"pref":"石川県","city":"金沢市","town":"米泉町"}],"8045":[{"pref":"石川県","city":"金沢市","town":"大桑"}],"8046":[{"pref":"石川県","city":"金沢市","town":"大桑町（ア、イ、ヰ、ウ、上野、ヲ、オ乙、鐘搗山、上川原、上猫下、"},{"pref":"石川県","city":"金沢市","town":"ク、ケ、御所谷、小寺山、シ、下上野、下西欠、平、チ、ツ乙、ツ丙、テ、ト、"},{"pref":"石川県","city":"金沢市","town":"中上野、中尾山、中平、中ノ大平、西ノ山、猫シタイ、ノ、ハ、開、"},{"pref":"石川県","city":"金沢市","town":"法師山、坊山、マ、鱒川淵、ム、元末、元涌波庚、ヤ、リ、ル、レ乙、"},{"pref":"石川県","city":"金沢市","town":"レ甲、ロ乙、ロ甲、和）"},{"pref":"石川県","city":"金沢市","town":"三小牛町（ヘ）"}],"8047":[{"pref":"石川県","city":"金沢市","town":"大豆田本町（ハ、ロ）"}],"8051":[{"pref":"石川県","city":"金沢市","town":"黒田"}],"8052":[{"pref":"石川県","city":"金沢市","town":"保古"}],"8053":[{"pref":"石川県","city":"金沢市","town":"保古町"}],"8054":[{"pref":"石川県","city":"金沢市","town":"西金沢"}],"8055":[{"pref":"石川県","city":"金沢市","town":"西金沢新町"}],"8056":[{"pref":"石川県","city":"金沢市","town":"押野"}],"8061":[{"pref":"石川県","city":"金沢市","town":"森戸"}],"8062":[{"pref":"石川県","city":"金沢市","town":"新保本"}],"8063":[{"pref":"石川県","city":"金沢市","town":"八日市出町"}],"8064":[{"pref":"石川県","city":"金沢市","town":"八日市"}],"8065":[{"pref":"石川県","city":"金沢市","town":"上荒屋"}],"8066":[{"pref":"石川県","city":"金沢市","town":"矢木"}],"8101":[{"pref":"石川県","city":"金沢市","town":"法島町"}],"8102":[{"pref":"石川県","city":"金沢市","town":"西大桑町"}],"8103":[{"pref":"石川県","city":"金沢市","town":"つつじが丘"}],"8104":[{"pref":"石川県","city":"金沢市","town":"野田町"}],"8105":[{"pref":"石川県","city":"金沢市","town":"平和町"}],"8106":[{"pref":"石川県","city":"金沢市","town":"十一屋町"}],"8107":[{"pref":"石川県","city":"金沢市","town":"野田"}],"8111":[{"pref":"石川県","city":"金沢市","town":"若草町"}],"8112":[{"pref":"石川県","city":"金沢市","town":"長坂"}],"8114":[{"pref":"石川県","city":"金沢市","town":"長坂町"}],"8115":[{"pref":"石川県","city":"金沢市","town":"長坂台"}],"8116":[{"pref":"石川県","city":"金沢市","town":"泉野出町"}],"8117":[{"pref":"石川県","city":"金沢市","town":"緑が丘"}],"8121":[{"pref":"石川県","city":"金沢市","town":"平栗"}],"8122":[{"pref":"石川県","city":"金沢市","town":"清瀬町"}],"8123":[{"pref":"石川県","city":"金沢市","town":"坪野町"}],"8124":[{"pref":"石川県","city":"金沢市","town":"倉ケ嶽"}],"8131":[{"pref":"石川県","city":"金沢市","town":"三十苅町"}],"8132":[{"pref":"石川県","city":"金沢市","town":"しじま台"}],"8133":[{"pref":"石川県","city":"金沢市","town":"四十万町"}],"8134":[{"pref":"石川県","city":"金沢市","town":"南四十万"}],"8135":[{"pref":"石川県","city":"金沢市","town":"四十万"}],"8141":[{"pref":"石川県","city":"金沢市","town":"馬替"}],"8142":[{"pref":"石川県","city":"金沢市","town":"光が丘"}],"8143":[{"pref":"石川県","city":"金沢市","town":"大額町"}],"8144":[{"pref":"石川県","city":"金沢市","town":"額谷町"}],"8145":[{"pref":"石川県","city":"金沢市","town":"額谷"}],"8146":[{"pref":"石川県","city":"金沢市","town":"額乙丸町"}],"8147":[{"pref":"石川県","city":"金沢市","town":"大額"}],"8148":[{"pref":"石川県","city":"金沢市","town":"額新保"}],"8149":[{"pref":"石川県","city":"金沢市","town":"額新町"}],"8151":[{"pref":"石川県","city":"金沢市","town":"窪"}],"8152":[{"pref":"石川県","city":"金沢市","town":"高尾"}],"8153":[{"pref":"石川県","city":"金沢市","town":"高尾町"}],"8154":[{"pref":"石川県","city":"金沢市","town":"高尾南"}],"8155":[{"pref":"石川県","city":"金沢市","town":"高尾台"}],"8161":[{"pref":"石川県","city":"金沢市","town":"有松"}],"8162":[{"pref":"石川県","city":"金沢市","town":"三馬"}],"8163":[{"pref":"石川県","city":"金沢市","town":"横川"}],"8164":[{"pref":"石川県","city":"金沢市","town":"久安"}],"8171":[{"pref":"石川県","city":"金沢市","town":"富樫"}],"8172":[{"pref":"石川県","city":"金沢市","town":"伏見新町"}],"8173":[{"pref":"石川県","city":"金沢市","town":"円光寺"}],"8174":[{"pref":"石川県","city":"金沢市","town":"山科町"}],"8175":[{"pref":"石川県","city":"金沢市","town":"山科"}],"8176":[{"pref":"石川県","city":"金沢市","town":"円光寺本町"}],"8177":[{"pref":"石川県","city":"金沢市","town":"伏見台"}],"8178":[{"pref":"石川県","city":"金沢市","town":"寺地"}],"8801":[{"pref":"石川県","city":"野々市市","town":"御経塚"}],"8802":[{"pref":"石川県","city":"野々市市","town":"押野"}],"8803":[{"pref":"石川県","city":"野々市市","town":"押越"}],"8804":[{"pref":"石川県","city":"野々市市","town":"野代"}],"8805":[{"pref":"石川県","city":"野々市市","town":"稲荷"}],"8806":[{"pref":"石川県","city":"野々市市","town":"三日市"}],"8807":[{"pref":"石川県","city":"野々市市","town":"二日市町"}],"8808":[{"pref":"石川県","city":"野々市市","town":"長池"}],"8809":[{"pref":"石川県","city":"野々市市","town":"二日市"}],"8811":[{"pref":"石川県","city":"野々市市","town":"高橋町"}],"8812":[{"pref":"石川県","city":"野々市市","town":"扇が丘"}],"8813":[{"pref":"石川県","city":"野々市市","town":"住吉町"}],"8814":[{"pref":"石川県","city":"野々市市","town":"菅原町"}],"8815":[{"pref":"石川県","city":"野々市市","town":"本町"}],"8816":[{"pref":"石川県","city":"野々市市","town":"若松町"}],"8817":[{"pref":"石川県","city":"野々市市","town":"横宮町"}],"8821":[{"pref":"石川県","city":"野々市市","town":"白山町"}],"8822":[{"pref":"石川県","city":"野々市市","town":"矢作"}],"8823":[{"pref":"石川県","city":"野々市市","town":"粟田"}],"8824":[{"pref":"石川県","city":"野々市市","town":"新庄"}],"8825":[{"pref":"石川県","city":"野々市市","town":"三納"}],"8831":[{"pref":"石川県","city":"野々市市","town":"下林"}],"8832":[{"pref":"石川県","city":"野々市市","town":"藤平田"}],"8833":[{"pref":"石川県","city":"野々市市","town":"藤平"}],"8834":[{"pref":"石川県","city":"野々市市","town":"中林"}],"8835":[{"pref":"石川県","city":"野々市市","town":"上林"}],"8836":[{"pref":"石川県","city":"野々市市","town":"末松"}],"8837":[{"pref":"石川県","city":"野々市市","town":"清金"}],"8841":[{"pref":"石川県","city":"野々市市","town":"郷町"}],"8842":[{"pref":"石川県","city":"野々市市","town":"徳用"}],"8843":[{"pref":"石川県","city":"野々市市","town":"田尻町"}],"8844":[{"pref":"石川県","city":"野々市市","town":"堀内"}],"8845":[{"pref":"石川県","city":"野々市市","town":"太平寺"}],"8846":[{"pref":"石川県","city":"野々市市","town":"位川"}],"8847":[{"pref":"石川県","city":"野々市市","town":"蓮花寺町"}],"8848":[{"pref":"石川県","city":"野々市市","town":"柳町"}],"8849":[{"pref":"石川県","city":"野々市市","town":"郷"}],"0000":[{"pref":"石川県","city":"野々市市","town":"以下に掲載がない場合"}]}