{"0044":[{"pref":"福岡県","city":"田川市","town":"位登（猪位金４～７区、清美町）"}],"0045":[{"pref":"福岡県","city":"田川市","town":"猪国（猪位金１～３区）"}],"0026":[{"pref":"福岡県","city":"田川市","town":"春日町"}],"0023":[{"pref":"福岡県","city":"田川市","town":"上本町"}],"0042":[{"pref":"福岡県","city":"田川市","town":"川宮（大藪、新生町、高住町、平岡）"}],"0021":[{"pref":"福岡県","city":"田川市","town":"桜町"}],"0025":[{"pref":"福岡県","city":"田川市","town":"大黒町"}],"0031":[{"pref":"福岡県","city":"田川市","town":"千代町"}],"0043":[{"pref":"福岡県","city":"田川市","town":"奈良（青葉町、大浦、会社町、霞ケ丘、後藤寺西団地、後藤寺東団地、希望ケ丘、"},{"pref":"福岡県","city":"田川市","town":"松の木、三井後藤寺、緑町、月見ケ丘）"}],"0024":[{"pref":"福岡県","city":"田川市","town":"西本町"}],"0032":[{"pref":"福岡県","city":"田川市","town":"平松町"}],"0022":[{"pref":"福岡県","city":"田川市","town":"本町"}],"0033":[{"pref":"福岡県","city":"田川市","town":"丸山町"}],"0027":[{"pref":"福岡県","city":"田川市","town":"宮尾町"}],"0041":[{"pref":"福岡県","city":"田川市","town":"弓削田（角銅原、野上、船尾、見立、文字山）"}],"0002":[{"pref":"福岡県","city":"田川郡川崎町","town":"池尻（上原、小倉畔）"}]}