{"1201":[{"pref":"広島県","city":"呉市","town":"音戸町坪井"}],"1202":[{"pref":"広島県","city":"呉市","town":"音戸町引地"}],"1203":[{"pref":"広島県","city":"呉市","town":"音戸町鰯浜"}],"1204":[{"pref":"広島県","city":"呉市","town":"音戸町北隠渡"}],"1205":[{"pref":"広島県","city":"呉市","town":"音戸町南隠渡"}],"1206":[{"pref":"広島県","city":"呉市","town":"音戸町高須"}],"1207":[{"pref":"広島県","city":"呉市","town":"音戸町波多見"}],"1211":[{"pref":"広島県","city":"呉市","town":"音戸町畑"}],"1212":[{"pref":"広島県","city":"呉市","town":"音戸町有清"}],"1213":[{"pref":"広島県","city":"呉市","town":"音戸町先奥"}],"1214":[{"pref":"広島県","city":"呉市","town":"音戸町藤脇"}],"1215":[{"pref":"広島県","city":"呉市","town":"音戸町早瀬"}],"1216":[{"pref":"広島県","city":"呉市","town":"音戸町田原"}],"1217":[{"pref":"広島県","city":"呉市","town":"音戸町渡子"}],"1377":[{"pref":"広島県","city":"呉市","town":"倉橋町"}],"2100":[{"pref":"広島県","city":"江田島市","town":"以下に掲載がない場合"}],"2101":[{"pref":"広島県","city":"江田島市","town":"大柿町飛渡瀬"}],"2111":[{"pref":"広島県","city":"江田島市","town":"江田島町切串"}],"2112":[{"pref":"広島県","city":"江田島市","town":"江田島町幸ノ浦"}],"2113":[{"pref":"広島県","city":"江田島市","town":"江田島町大須"}],"2121":[{"pref":"広島県","city":"江田島市","town":"江田島町小用"}],"2122":[{"pref":"広島県","city":"江田島市","town":"江田島町中央"}],"2123":[{"pref":"広島県","city":"江田島市","town":"江田島町国有無番地"}],"2124":[{"pref":"広島県","city":"江田島市","town":"江田島町宮ノ原"}],"2125":[{"pref":"広島県","city":"江田島市","town":"江田島町大原特借宿舎"}],"2126":[{"pref":"広島県","city":"江田島市","town":"江田島町津久茂"}],"2131":[{"pref":"広島県","city":"江田島市","town":"江田島町秋月"}],"2132":[{"pref":"広島県","city":"江田島市","town":"江田島町江南"}],"2133":[{"pref":"広島県","city":"江田島市","town":"江田島町鷲部"}],"2211":[{"pref":"広島県","city":"江田島市","town":"大柿町柿浦"}],"2212":[{"pref":"広島県","city":"江田島市","town":"大柿町大君"}],"2213":[{"pref":"広島県","city":"江田島市","town":"大柿町大原"}],"2214":[{"pref":"広島県","city":"江田島市","town":"大柿町深江"}],"2215":[{"pref":"広島県","city":"江田島市","town":"大柿町小古江"}],"2301":[{"pref":"広島県","city":"江田島市","town":"能美町中町"}],"2302":[{"pref":"広島県","city":"江田島市","town":"能美町鹿川"}],"2303":[{"pref":"広島県","city":"江田島市","town":"能美町高田"}],"2311":[{"pref":"広島県","city":"江田島市","town":"沖美町岡大王"}],"2312":[{"pref":"広島県","city":"江田島市","town":"沖美町畑"}],"2313":[{"pref":"広島県","city":"江田島市","town":"沖美町是長"}],"2314":[{"pref":"広島県","city":"江田島市","town":"沖美町美能"}],"2315":[{"pref":"広島県","city":"江田島市","town":"沖美町高祖"}],"2316":[{"pref":"広島県","city":"江田島市","town":"沖美町三吉"}],"2501":[{"pref":"広島県","city":"呉市","town":"安浦町女子畑"}],"2502":[{"pref":"広島県","city":"呉市","town":"安浦町三津口"}],"2503":[{"pref":"広島県","city":"呉市","town":"安浦町安登"}],"2504":[{"pref":"広島県","city":"呉市","town":"安浦町中切（その他）"}],"2505":[{"pref":"広島県","city":"呉市","town":"安浦町内平"}],"2506":[{"pref":"広島県","city":"呉市","town":"安浦町原畑"}],"2507":[{"pref":"広島県","city":"呉市","town":"安浦町内海"}],"2508":[{"pref":"広島県","city":"呉市","town":"安浦町中畑（その他）"}],"2509":[{"pref":"広島県","city":"呉市","town":"安浦町下垣内"}],"2511":[{"pref":"広島県","city":"呉市","town":"安浦町赤向坂"}],"2512":[{"pref":"広島県","city":"呉市","town":"安浦町安登西"}],"2513":[{"pref":"広島県","city":"呉市","town":"安浦町安登東"}],"2514":[{"pref":"広島県","city":"呉市","town":"安浦町中央ハイツ"}],"2515":[{"pref":"広島県","city":"呉市","town":"安浦町中央北"}],"2516":[{"pref":"広島県","city":"呉市","town":"安浦町中央"}],"2517":[{"pref":"広島県","city":"呉市","town":"安浦町水尻"}],"2518":[{"pref":"広島県","city":"呉市","town":"安浦町内海北"}],"2519":[{"pref":"広島県","city":"呉市","town":"安浦町内海南"}],"2601":[{"pref":"広島県","city":"呉市","town":"川尻町原山"}],"2602":[{"pref":"広島県","city":"呉市","town":"川尻町森"}],"2603":[{"pref":"広島県","city":"呉市","town":"川尻町西"}],"2604":[{"pref":"広島県","city":"呉市","town":"川尻町小仁方"}],"2605":[{"pref":"広島県","city":"呉市","town":"川尻町久俊"}],"2606":[{"pref":"広島県","city":"呉市","town":"川尻町久筋"}],"2607":[{"pref":"広島県","city":"呉市","town":"川尻町東"}],"2608":[{"pref":"広島県","city":"呉市","town":"川尻町小用"}],"2609":[{"pref":"広島県","city":"呉市","town":"川尻町野呂山"},{"pref":"広島県","city":"呉市","town":"仁方町（蕨谷）"},{"pref":"広島県","city":"呉市","town":"野呂山"},{"pref":"広島県","city":"呉市","town":"広町（一本杉）"},{"pref":"広島県","city":"呉市","town":"安浦町中切（奥野原）"},{"pref":"広島県","city":"呉市","town":"安浦町中畑（鹿条原）"},{"pref":"広島県","city":"呉市","town":"安浦町中畑（侍屋敷）"},{"pref":"広島県","city":"呉市","town":"安浦町中畑（膳棚山）"},{"pref":"広島県","city":"呉市","town":"安浦町中畑（立小路）"},{"pref":"広島県","city":"呉市","town":"安浦町中畑（中央）"},{"pref":"広島県","city":"呉市","town":"安浦町中畑（東）"},{"pref":"広島県","city":"呉市","town":"安浦町野呂山"}],"2614":[{"pref":"広島県","city":"呉市","town":"川尻町大原"}],"2615":[{"pref":"広島県","city":"呉市","town":"川尻町真光地"}],"2616":[{"pref":"広島県","city":"呉市","town":"川尻町水落"}],"2617":[{"pref":"広島県","city":"呉市","town":"川尻町小畑"}],"2631":[{"pref":"広島県","city":"呉市","town":"川尻町板休"}],"2632":[{"pref":"広島県","city":"呉市","town":"川尻町上畑"}],"2633":[{"pref":"広島県","city":"呉市","town":"川尻町沖田"}],"2634":[{"pref":"広島県","city":"呉市","town":"川尻町岩戸"}],"2635":[{"pref":"広島県","city":"呉市","town":"川尻町柳迫"}],"2636":[{"pref":"広島県","city":"呉市","town":"川尻町才野谷"}],"2637":[{"pref":"広島県","city":"呉市","town":"川尻町後懸"}],"0000":[{"pref":"広島県","city":"呉市","town":"以下に掲載がない場合"}],"0023":[{"pref":"広島県","city":"呉市","town":"青山町"}],"0003":[{"pref":"広島県","city":"呉市","town":"阿賀中央"}],"0004":[{"pref":"広島県","city":"呉市","town":"阿賀南"}],"0001":[{"pref":"広島県","city":"呉市","town":"阿賀北"}],"0005":[{"pref":"広島県","city":"呉市","town":"阿賀町"}],"0056":[{"pref":"広島県","city":"呉市","town":"朝日町"}],"0076":[{"pref":"広島県","city":"呉市","town":"吾妻"}],"0804":[{"pref":"広島県","city":"呉市","town":"内神町"}],"0061":[{"pref":"広島県","city":"呉市","town":"畝原町"}],"0872":[{"pref":"広島県","city":"呉市","town":"梅木町"}],"0807":[{"pref":"広島県","city":"呉市","town":"江原町"}],"0878":[{"pref":"広島県","city":"呉市","town":"大山町"}],"0915":[{"pref":"広島県","city":"呉市","town":"押込"}],"0914":[{"pref":"広島県","city":"呉市","town":"押込西平町"}],"0823":[{"pref":"広島県","city":"呉市","town":"海岸"}],"0402":[{"pref":"広島県","city":"呉市","town":"蒲刈町大浦"}],"0403":[{"pref":"広島県","city":"呉市","town":"蒲刈町田戸"}],"0401":[{"pref":"広島県","city":"呉市","town":"蒲刈町宮盛"}],"0311":[{"pref":"広島県","city":"呉市","town":"蒲刈町向"}],"0808":[{"pref":"広島県","city":"呉市","town":"上内神町"}],"0031":[{"pref":"広島県","city":"呉市","town":"上長迫町"}],"0817":[{"pref":"広島県","city":"呉市","town":"上二河町"}],"0071":[{"pref":"広島県","city":"呉市","town":"上畑町"}],"0079":[{"pref":"広島県","city":"呉市","town":"上平原町"}],"0054":[{"pref":"広島県","city":"呉市","town":"上山田町"}],"0862":[{"pref":"広島県","city":"呉市","town":"狩留賀町"}],"0026":[{"pref":"広島県","city":"呉市","town":"神原町"}],"0836":[{"pref":"広島県","city":"呉市","town":"北塩屋町"}],"0012":[{"pref":"広島県","city":"呉市","town":"警固屋"}],"0163":[{"pref":"広島県","city":"呉市","town":"郷原野路の里"}],"0162":[{"pref":"広島県","city":"呉市","town":"郷原学びの丘"}],"0161":[{"pref":"広島県","city":"呉市","town":"郷原町"}],"0803":[{"pref":"広島県","city":"呉市","town":"郷町"}],"0028":[{"pref":"広島県","city":"呉市","town":"幸町"}],"0821":[{"pref":"広島県","city":"呉市","town":"三条"}],"0021":[{"pref":"広島県","city":"呉市","town":"三和町"}],"0873":[{"pref":"広島県","city":"呉市","town":"汐見町"}],"0022":[{"pref":"広島県","city":"呉市","town":"清水"}],"0302":[{"pref":"広島県","city":"呉市","town":"下蒲刈町大地蔵"}],"0301":[{"pref":"広島県","city":"呉市","town":"下蒲刈町三之瀬"}],"0303":[{"pref":"広島県","city":"呉市","town":"下蒲刈町下島"}],"0055":[{"pref":"広島県","city":"呉市","town":"下山田町"}],"0027":[{"pref":"広島県","city":"呉市","town":"昭和町"}],"0835":[{"pref":"広島県","city":"呉市","town":"新宮町"}],"0923":[{"pref":"広島県","city":"呉市","town":"神山"}],"0834":[{"pref":"広島県","city":"呉市","town":"瀬戸見町"}],"0815":[{"pref":"広島県","city":"呉市","town":"荘山田村（二河山）"}],"0029":[{"pref":"広島県","city":"呉市","town":"宝町"}],"0051":[{"pref":"広島県","city":"呉市","town":"中央"}],"0822":[{"pref":"広島県","city":"呉市","town":"築地町"}],"0014":[{"pref":"広島県","city":"呉市","town":"坪ノ内町"}],"0033":[{"pref":"広島県","city":"呉市","town":"寺本町"}],"0875":[{"pref":"広島県","city":"呉市","town":"天応大浜"}],"0881":[{"pref":"広島県","city":"呉市","town":"天応塩谷町"}],"0884":[{"pref":"広島県","city":"呉市","town":"天応伝十原町"}],"0883":[{"pref":"広島県","city":"呉市","town":"天応西条"}],"0882":[{"pref":"広島県","city":"呉市","town":"天応東久保"}],"0885":[{"pref":"広島県","city":"呉市","town":"天応福浦町"}],"0874":[{"pref":"広島県","city":"呉市","town":"天応南町"}],"0876":[{"pref":"広島県","city":"呉市","town":"天応宮町"}],"0922":[{"pref":"広島県","city":"呉市","town":"栃原町"}],"0921":[{"pref":"広島県","city":"呉市","town":"苗代町"}],"0046":[{"pref":"広島県","city":"呉市","town":"中通"}],"0035":[{"pref":"広島県","city":"呉市","town":"長迫町"}],"0871":[{"pref":"広島県","city":"呉市","town":"長谷町"}],"0053":[{"pref":"広島県","city":"呉市","town":"長ノ木町"}],"0153":[{"pref":"広島県","city":"呉市","town":"仁方大歳町"}],"0154":[{"pref":"広島県","city":"呉市","town":"仁方桟橋通"}],"0151":[{"pref":"広島県","city":"呉市","town":"仁方中筋町"}],"0145":[{"pref":"広島県","city":"呉市","town":"仁方西神町"}],"0155":[{"pref":"広島県","city":"呉市","town":"仁方錦町"}],"0152":[{"pref":"広島県","city":"呉市","town":"仁方本町"}],"0156":[{"pref":"広島県","city":"呉市","town":"仁方皆実町"}],"0146":[{"pref":"広島県","city":"呉市","town":"仁方宮上町"}],"0157":[{"pref":"広島県","city":"呉市","town":"仁方町（その他）"}],"0816":[{"pref":"広島県","city":"呉市","town":"二河峡町"}],"0818":[{"pref":"広島県","city":"呉市","town":"二河町"}],"0827":[{"pref":"広島県","city":"呉市","town":"西愛宕町"}],"0806":[{"pref":"広島県","city":"呉市","town":"西片山町"}],"0825":[{"pref":"広島県","city":"呉市","town":"西川原石町"}],"0838":[{"pref":"広島県","city":"呉市","town":"西塩屋町"}],"0074":[{"pref":"広島県","city":"呉市","town":"西鹿田"}],"0062":[{"pref":"広島県","city":"呉市","town":"西惣付町"}],"0809":[{"pref":"広島県","city":"呉市","town":"西辰川"}],"0064":[{"pref":"広島県","city":"呉市","town":"西谷町"}],"0811":[{"pref":"広島県","city":"呉市","town":"西中央"}],"0075":[{"pref":"広島県","city":"呉市","town":"西畑町"}],"0812":[{"pref":"広島県","city":"呉市","town":"西三津田町"}],"0833":[{"pref":"広島県","city":"呉市","town":"晴海町"}],"0831":[{"pref":"広島県","city":"呉市","town":"光町"}],"0828":[{"pref":"広島県","city":"呉市","town":"東愛宕町"}],"0805":[{"pref":"広島県","city":"呉市","town":"東片山町"}],"0824":[{"pref":"広島県","city":"呉市","town":"東川原石町"}],"0837":[{"pref":"広島県","city":"呉市","town":"東塩屋町"}],"0073":[{"pref":"広島県","city":"呉市","town":"東鹿田町"}],"0063":[{"pref":"広島県","city":"呉市","town":"東惣付町"}],"0801":[{"pref":"広島県","city":"呉市","town":"東辰川町"}],"0052":[{"pref":"広島県","city":"呉市","town":"東中央"}],"0072":[{"pref":"広島県","city":"呉市","town":"東畑"}],"0813":[{"pref":"広島県","city":"呉市","town":"東三津田町"}],"0078":[{"pref":"広島県","city":"呉市","town":"平原町"}],"0101":[{"pref":"広島県","city":"呉市","town":"広石内"}],"0142":[{"pref":"広島県","city":"呉市","town":"広駅前"}],"0138":[{"pref":"広島県","city":"呉市","town":"広黄幡町"}],"0141":[{"pref":"広島県","city":"呉市","town":"広大新開"}],"0111":[{"pref":"広島県","city":"呉市","town":"広大広"}],"0122":[{"pref":"広島県","city":"呉市","town":"広杭本町"}],"0112":[{"pref":"広島県","city":"呉市","town":"広古新開"}],"0137":[{"pref":"広島県","city":"呉市","town":"広小坪"}],"0103":[{"pref":"広島県","city":"呉市","town":"広塩焼"}],"0143":[{"pref":"広島県","city":"呉市","town":"広白石"}],"0144":[{"pref":"広島県","city":"呉市","town":"広白岳"}],"0133":[{"pref":"広島県","city":"呉市","town":"広末広"}],"0134":[{"pref":"広島県","city":"呉市","town":"広多賀谷"}],"0135":[{"pref":"広島県","city":"呉市","town":"広津久茂町"}],"0102":[{"pref":"広島県","city":"呉市","town":"広徳丸町"}],"0105":[{"pref":"広島県","city":"呉市","town":"広中迫町"}],"0124":[{"pref":"広島県","city":"呉市","town":"広中新開"}],"0131":[{"pref":"広島県","city":"呉市","town":"広中町"}],"0136":[{"pref":"広島県","city":"呉市","town":"広長浜"}],"0132":[{"pref":"広島県","city":"呉市","town":"広名田"}],"0114":[{"pref":"広島県","city":"呉市","town":"広文化町"}],"0107":[{"pref":"広島県","city":"呉市","town":"広弁天橋町"}],"0125":[{"pref":"広島県","city":"呉市","town":"広本町"}],"0002":[{"pref":"広島県","city":"呉市","town":"広町（大空山）"}],"0115":[{"pref":"広島県","city":"呉市","town":"広町（その他）"}],"0104":[{"pref":"広島県","city":"呉市","town":"広町田"}],"0106":[{"pref":"広島県","city":"呉市","town":"広三芦"}],"0113":[{"pref":"広島県","city":"呉市","town":"広横路"}],"0121":[{"pref":"広島県","city":"呉市","town":"広吉松"}],"0123":[{"pref":"広島県","city":"呉市","town":"広両谷"}],"0077":[{"pref":"広島県","city":"呉市","town":"伏原"}],"0015":[{"pref":"広島県","city":"呉市","town":"船見町"}],"0065":[{"pref":"広島県","city":"呉市","town":"望地町"}],"0045":[{"pref":"広島県","city":"呉市","town":"本通"}],"0032":[{"pref":"広島県","city":"呉市","town":"本町"}],"0013":[{"pref":"広島県","city":"呉市","town":"的場"}],"0034":[{"pref":"広島県","city":"呉市","town":"溝路町"}],"0802":[{"pref":"広島県","city":"呉市","town":"南辰川町"}],"0011":[{"pref":"広島県","city":"呉市","town":"見晴"}],"0024":[{"pref":"広島県","city":"呉市","town":"宮原"}],"0025":[{"pref":"広島県","city":"呉市","town":"室瀬町"}],"0904":[{"pref":"広島県","city":"呉市","town":"焼山（打田）"}],"0913":[{"pref":"広島県","city":"呉市","town":"焼山泉ケ丘"}],"0902":[{"pref":"広島県","city":"呉市","town":"焼山此原町"}],"0933":[{"pref":"広島県","city":"呉市","town":"焼山桜ケ丘"}],"0935":[{"pref":"広島県","city":"呉市","town":"焼山中央"}],"0901":[{"pref":"広島県","city":"呉市","town":"焼山ひばりケ丘町"}],"0912":[{"pref":"広島県","city":"呉市","town":"焼山本庄"}],"0934":[{"pref":"広島県","city":"呉市","town":"焼山政畝"}],"0932":[{"pref":"広島県","city":"呉市","town":"焼山松ケ丘"}],"0931":[{"pref":"広島県","city":"呉市","town":"焼山三ツ石町"}],"0908":[{"pref":"広島県","city":"呉市","town":"焼山宮ケ迫"}],"0936":[{"pref":"広島県","city":"呉市","town":"焼山東"}],"0903":[{"pref":"広島県","city":"呉市","town":"焼山西"}],"0924":[{"pref":"広島県","city":"呉市","town":"焼山南"}],"0911":[{"pref":"広島県","city":"呉市","town":"焼山北"}],"0906":[{"pref":"広島県","city":"呉市","town":"焼山町（野登呂）"}],"0905":[{"pref":"広島県","city":"呉市","town":"焼山町（山の神）"}],"0907":[{"pref":"広島県","city":"呉市","town":"焼山町（その他）"}],"0044":[{"pref":"広島県","city":"呉市","town":"八幡町"}],"0814":[{"pref":"広島県","city":"呉市","town":"山手"}],"0877":[{"pref":"広島県","city":"呉市","town":"弥生町"}],"0844":[{"pref":"広島県","city":"呉市","town":"吉浦池ノ浦町"}],"0865":[{"pref":"広島県","city":"呉市","town":"吉浦岩神町"}],"0867":[{"pref":"広島県","city":"呉市","town":"吉浦上城町"}],"0851":[{"pref":"広島県","city":"呉市","town":"吉浦新出町"}],"0845":[{"pref":"広島県","city":"呉市","town":"吉浦新町"}],"0841":[{"pref":"広島県","city":"呉市","town":"吉浦神賀町"}],"0843":[{"pref":"広島県","city":"呉市","town":"吉浦潭鼓町"}],"0853":[{"pref":"広島県","city":"呉市","town":"吉浦中町"}],"0864":[{"pref":"広島県","city":"呉市","town":"吉浦西城町"}],"0852":[{"pref":"広島県","city":"呉市","town":"吉浦東本町"}],"0842":[{"pref":"広島県","city":"呉市","town":"吉浦東町"}],"0861":[{"pref":"広島県","city":"呉市","town":"吉浦本町"}],"0866":[{"pref":"広島県","city":"呉市","town":"吉浦松葉町"}],"0863":[{"pref":"広島県","city":"呉市","town":"吉浦宮花町"}],"0846":[{"pref":"広島県","city":"呉市","town":"吉浦町（乙廻り）"}],"0854":[{"pref":"広島県","city":"呉市","town":"吉浦町（その他）"}],"0826":[{"pref":"広島県","city":"呉市","town":"両城"}],"0832":[{"pref":"広島県","city":"呉市","town":"若葉町"}],"0041":[{"pref":"広島県","city":"呉市","town":"和庄"}],"0043":[{"pref":"広島県","city":"呉市","town":"和庄登町"}],"0042":[{"pref":"広島県","city":"呉市","town":"和庄本町"}]}