{"0000":[{"pref":"北海道","city":"苫小牧市","town":"以下に掲載がない場合"}],"0807":[{"pref":"北海道","city":"苫小牧市","town":"青葉町"}],"0054":[{"pref":"北海道","city":"苫小牧市","town":"明野新町"}],"0051":[{"pref":"北海道","city":"苫小牧市","town":"明野元町"}],"0056":[{"pref":"北海道","city":"苫小牧市","town":"あけぼの町（３～５丁目）"}],"0018":[{"pref":"北海道","city":"苫小牧市","town":"旭町"}],"0812":[{"pref":"北海道","city":"苫小牧市","town":"有明町"}],"0047":[{"pref":"北海道","city":"苫小牧市","town":"泉町"}],"0001":[{"pref":"北海道","city":"苫小牧市","town":"一本松町（６～１５番地）"}],"0814":[{"pref":"北海道","city":"苫小牧市","town":"糸井"}],"0003":[{"pref":"北海道","city":"苫小牧市","town":"入船町"}],"0842":[{"pref":"北海道","city":"苫小牧市","town":"有珠の沢町"}],"0815":[{"pref":"北海道","city":"苫小牧市","town":"永福町"}],"0027":[{"pref":"北海道","city":"苫小牧市","town":"王子町"}],"0024":[{"pref":"北海道","city":"苫小牧市","town":"大町"}],"0044":[{"pref":"北海道","city":"苫小牧市","town":"音羽町"}],"0022":[{"pref":"北海道","city":"苫小牧市","town":"表町"}],"0823":[{"pref":"北海道","city":"苫小牧市","town":"柏木町"}],"0031":[{"pref":"北海道","city":"苫小牧市","town":"春日町"}],"0822":[{"pref":"北海道","city":"苫小牧市","town":"川沿町"}],"0033":[{"pref":"北海道","city":"苫小牧市","town":"木場町"}],"0854":[{"pref":"北海道","city":"苫小牧市","town":"啓北町"}],"0813":[{"pref":"北海道","city":"苫小牧市","town":"小糸井町"}],"0811":[{"pref":"北海道","city":"苫小牧市","town":"光洋町"}],"0016":[{"pref":"北海道","city":"苫小牧市","town":"寿町"}],"0026":[{"pref":"北海道","city":"苫小牧市","town":"幸町"}],"0017":[{"pref":"北海道","city":"苫小牧市","town":"栄町"}],"0832":[{"pref":"北海道","city":"苫小牧市","town":"桜木町"}],"0843":[{"pref":"北海道","city":"苫小牧市","town":"桜坂町"}],"0042":[{"pref":"北海道","city":"苫小牧市","town":"三光町"}],"0012":[{"pref":"北海道","city":"苫小牧市","town":"汐見町"}],"0034":[{"pref":"北海道","city":"苫小牧市","town":"清水町"}],"0821":[{"pref":"北海道","city":"苫小牧市","town":"しらかば町"}],"0801":[{"pref":"北海道","city":"苫小牧市","town":"白金町"}],"0052":[{"pref":"北海道","city":"苫小牧市","town":"新開町"}],"0805":[{"pref":"北海道","city":"苫小牧市","town":"新富町"}],"0006":[{"pref":"北海道","city":"苫小牧市","town":"新中野町"}],"0055":[{"pref":"北海道","city":"苫小牧市","town":"新明町"}],"0011":[{"pref":"北海道","city":"苫小牧市","town":"末広町"}],"0046":[{"pref":"北海道","city":"苫小牧市","town":"住吉町"}],"0806":[{"pref":"北海道","city":"苫小牧市","town":"大成町"}],"0035":[{"pref":"北海道","city":"苫小牧市","town":"高丘"}],"0013":[{"pref":"北海道","city":"苫小牧市","town":"高砂町"}],"0831":[{"pref":"北海道","city":"苫小牧市","town":"豊川町"}],"0023":[{"pref":"北海道","city":"苫小牧市","town":"錦町"}],"0833":[{"pref":"北海道","city":"苫小牧市","town":"日新町"}],"0853":[{"pref":"北海道","city":"苫小牧市","town":"花園町"}],"0014":[{"pref":"北海道","city":"苫小牧市","town":"浜町"}],"0845":[{"pref":"北海道","city":"苫小牧市","town":"はまなす町（１丁目）"}],"0002":[{"pref":"北海道","city":"苫小牧市","town":"晴海町（４３番地）"}],"0043":[{"pref":"北海道","city":"苫小牧市","town":"日の出町"}],"0816":[{"pref":"北海道","city":"苫小牧市","town":"日吉町"}],"0045":[{"pref":"北海道","city":"苫小牧市","town":"双葉町"}],"0007":[{"pref":"北海道","city":"苫小牧市","town":"船見町"}],"0852":[{"pref":"北海道","city":"苫小牧市","town":"北光町"}],"0015":[{"pref":"北海道","city":"苫小牧市","town":"本幸町"}],"0025":[{"pref":"北海道","city":"苫小牧市","town":"本町"}],"0841":[{"pref":"北海道","city":"苫小牧市","town":"松風町"}],"0041":[{"pref":"北海道","city":"苫小牧市","town":"美園町"}],"0032":[{"pref":"北海道","city":"苫小牧市","town":"緑町"}],"0004":[{"pref":"北海道","city":"苫小牧市","town":"港町"}],"0844":[{"pref":"北海道","city":"苫小牧市","town":"宮の森町"}],"0855":[{"pref":"北海道","city":"苫小牧市","town":"見山町"}],"0005":[{"pref":"北海道","city":"苫小牧市","town":"元中野町"}],"0804":[{"pref":"北海道","city":"苫小牧市","town":"元町"}],"0803":[{"pref":"北海道","city":"苫小牧市","town":"矢代町"}],"0053":[{"pref":"北海道","city":"苫小牧市","town":"柳町"}],"0851":[{"pref":"北海道","city":"苫小牧市","town":"山手町"}],"0802":[{"pref":"北海道","city":"苫小牧市","town":"弥生町"}],"0021":[{"pref":"北海道","city":"苫小牧市","town":"若草町"}]}