{"0302":[{"pref":"佐賀県","city":"佐賀市","town":"三瀬村藤原"}],"0301":[{"pref":"佐賀県","city":"佐賀市","town":"三瀬村三瀬"}],"0303":[{"pref":"佐賀県","city":"佐賀市","town":"三瀬村杠"}],"0000":[{"pref":"佐賀県","city":"神埼市","town":"以下に掲載がない場合"},{"pref":"佐賀県","city":"神埼郡吉野ヶ里町","town":"以下に掲載がない場合"}],"0014":[{"pref":"佐賀県","city":"神埼市","town":"神埼町姉川"}],"0123":[{"pref":"佐賀県","city":"神埼市","town":"神埼町的"}],"0006":[{"pref":"佐賀県","city":"神埼市","town":"神埼町枝ケ里"}],"0015":[{"pref":"佐賀県","city":"神埼市","town":"神埼町尾崎"}],"0001":[{"pref":"佐賀県","city":"神埼市","town":"神埼町神埼"}],"0122":[{"pref":"佐賀県","city":"神埼市","town":"神埼町城原"}],"0121":[{"pref":"佐賀県","city":"神埼市","town":"神埼町志波屋"}],"0011":[{"pref":"佐賀県","city":"神埼市","town":"神埼町竹"}],"0002":[{"pref":"佐賀県","city":"神埼市","town":"神埼町田道ケ里"}],"0107":[{"pref":"佐賀県","city":"神埼市","town":"神埼町鶴（１～２９９９番地）"}],"0007":[{"pref":"佐賀県","city":"神埼市","town":"神埼町鶴（３０００番地以降）"}],"0004":[{"pref":"佐賀県","city":"神埼市","town":"神埼町永歌"}],"0005":[{"pref":"佐賀県","city":"神埼市","town":"神埼町西小津ケ里"}],"0013":[{"pref":"佐賀県","city":"神埼市","town":"神埼町本告牟田"}],"0003":[{"pref":"佐賀県","city":"神埼市","town":"神埼町本堀"}],"0012":[{"pref":"佐賀県","city":"神埼市","town":"神埼町横武"}],"0203":[{"pref":"佐賀県","city":"神埼市","town":"脊振町服巻"}],"0201":[{"pref":"佐賀県","city":"神埼市","town":"脊振町広滝"}],"0202":[{"pref":"佐賀県","city":"神埼市","town":"脊振町鹿路"}],"0052":[{"pref":"佐賀県","city":"神埼市","town":"千代田町姉"}],"0054":[{"pref":"佐賀県","city":"神埼市","town":"千代田町餘江"}],"0067":[{"pref":"佐賀県","city":"神埼市","town":"千代田町嘉納"}],"0051":[{"pref":"佐賀県","city":"神埼市","town":"千代田町黒井"}],"0056":[{"pref":"佐賀県","city":"神埼市","town":"千代田町境原"}],"0065":[{"pref":"佐賀県","city":"神埼市","town":"千代田町崎村"}],"0068":[{"pref":"佐賀県","city":"神埼市","town":"千代田町下板"}],"0055":[{"pref":"佐賀県","city":"神埼市","town":"千代田町下西"}],"0061":[{"pref":"佐賀県","city":"神埼市","town":"千代田町詫田"}],"0053":[{"pref":"佐賀県","city":"神埼市","town":"千代田町直鳥"}],"0063":[{"pref":"佐賀県","city":"神埼市","town":"千代田町迎島"}],"0062":[{"pref":"佐賀県","city":"神埼市","town":"千代田町柳島"}],"0066":[{"pref":"佐賀県","city":"神埼市","town":"千代田町用作"}],"0064":[{"pref":"佐賀県","city":"神埼市","town":"千代田町渡瀬"}],"0102":[{"pref":"佐賀県","city":"神埼郡吉野ヶ里町","town":"石動"}],"0103":[{"pref":"佐賀県","city":"神埼郡吉野ヶ里町","town":"大曲"}],"0035":[{"pref":"佐賀県","city":"神埼郡吉野ヶ里町","town":"田手"}],"0032":[{"pref":"佐賀県","city":"神埼郡吉野ヶ里町","town":"立野"}],"0034":[{"pref":"佐賀県","city":"神埼郡吉野ヶ里町","town":"箱川"}],"0101":[{"pref":"佐賀県","city":"神埼郡吉野ヶ里町","town":"松隈"}],"0033":[{"pref":"佐賀県","city":"神埼郡吉野ヶ里町","town":"豆田"}],"0104":[{"pref":"佐賀県","city":"神埼郡吉野ヶ里町","town":"三津"}],"0031":[{"pref":"佐賀県","city":"神埼郡吉野ヶ里町","town":"吉田"}]}