{"0300":[{"pref":"奈良県","city":"吉野郡野迫川村","town":"以下に掲載がない場合"}],"0301":[{"pref":"奈良県","city":"吉野郡野迫川村","town":"池津川"}],"0307":[{"pref":"奈良県","city":"吉野郡野迫川村","town":"北今西"}],"0305":[{"pref":"奈良県","city":"吉野郡野迫川村","town":"北股"}],"0302":[{"pref":"奈良県","city":"吉野郡野迫川村","town":"紫園"}],"0306":[{"pref":"奈良県","city":"吉野郡野迫川村","town":"平"}],"0304":[{"pref":"奈良県","city":"吉野郡野迫川村","town":"立里"}],"0303":[{"pref":"奈良県","city":"吉野郡野迫川村","town":"中津川"}],"0308":[{"pref":"奈良県","city":"吉野郡野迫川村","town":"桧股"}],"0309":[{"pref":"奈良県","city":"吉野郡野迫川村","town":"弓手原"}],"0000":[{"pref":"和歌山県","city":"橋本市","town":"以下に掲載がない場合"}],"0022":[{"pref":"和歌山県","city":"橋本市","town":"赤塚"}],"0019":[{"pref":"和歌山県","city":"橋本市","town":"あやの台"}],"0073":[{"pref":"和歌山県","city":"橋本市","town":"市脇"}],"0024":[{"pref":"和歌山県","city":"橋本市","town":"上田"}],"0071":[{"pref":"和歌山県","city":"橋本市","town":"小原田"}],"0005":[{"pref":"和歌山県","city":"橋本市","town":"小峰台"}],"0097":[{"pref":"和歌山県","city":"橋本市","town":"柿の木坂"}],"0037":[{"pref":"和歌山県","city":"橋本市","town":"賢堂"}],"0084":[{"pref":"和歌山県","city":"橋本市","town":"柏原"}],"0043":[{"pref":"和歌山県","city":"橋本市","town":"学文路"}],"0085":[{"pref":"和歌山県","city":"橋本市","town":"岸上"}],"0061":[{"pref":"和歌山県","city":"橋本市","town":"北馬場"}],"0033":[{"pref":"和歌山県","city":"橋本市","town":"北宿"}],"0007":[{"pref":"和歌山県","city":"橋本市","town":"紀ノ光台"}],"0052":[{"pref":"和歌山県","city":"橋本市","town":"紀見"}],"0092":[{"pref":"和歌山県","city":"橋本市","town":"紀見ケ丘"}],"0093":[{"pref":"和歌山県","city":"橋本市","town":"慶賀野"}],"0021":[{"pref":"和歌山県","city":"橋本市","town":"恋野"}],"0099":[{"pref":"和歌山県","city":"橋本市","town":"光陽台"}],"0065":[{"pref":"和歌山県","city":"橋本市","town":"古佐田"}],"0086":[{"pref":"和歌山県","city":"橋本市","town":"神野々"}],"0066":[{"pref":"和歌山県","city":"橋本市","town":"胡麻生"}],"0006":[{"pref":"和歌山県","city":"橋本市","town":"境原"}],"0075":[{"pref":"和歌山県","city":"橋本市","town":"さつき台"}],"0041":[{"pref":"和歌山県","city":"橋本市","town":"清水"}],"0082":[{"pref":"和歌山県","city":"橋本市","town":"菖蒲谷"}],"0053":[{"pref":"和歌山県","city":"橋本市","town":"しらさぎ台"}],"0054":[{"pref":"和歌山県","city":"橋本市","town":"城山台"}],"0001":[{"pref":"和歌山県","city":"橋本市","town":"杉尾"}],"0038":[{"pref":"和歌山県","city":"橋本市","town":"須河"}],"0012":[{"pref":"和歌山県","city":"橋本市","town":"隅田町芋生"}],"0014":[{"pref":"和歌山県","city":"橋本市","town":"隅田町上兵庫"}],"0016":[{"pref":"和歌山県","city":"橋本市","town":"隅田町下兵庫"}],"0015":[{"pref":"和歌山県","city":"橋本市","town":"隅田町河瀬"}],"0004":[{"pref":"和歌山県","city":"橋本市","town":"隅田町霜草"}],"0018":[{"pref":"和歌山県","city":"橋本市","town":"隅田町垂井"}],"0013":[{"pref":"和歌山県","city":"橋本市","town":"隅田町中下"}],"0017":[{"pref":"和歌山県","city":"橋本市","town":"隅田町中島"}],"0002":[{"pref":"和歌山県","city":"橋本市","town":"隅田町平野"}],"0011":[{"pref":"和歌山県","city":"橋本市","town":"隅田町真土"}],"0003":[{"pref":"和歌山県","city":"橋本市","town":"隅田町山内"}],"0031":[{"pref":"和歌山県","city":"橋本市","town":"只野"}],"0032":[{"pref":"和歌山県","city":"橋本市","town":"谷奥深"}],"0062":[{"pref":"和歌山県","city":"橋本市","town":"妻"}],"0083":[{"pref":"和歌山県","city":"橋本市","town":"出塔"}],"0072":[{"pref":"和歌山県","city":"橋本市","town":"東家"}],"0023":[{"pref":"和歌山県","city":"橋本市","town":"中道"}],"0042":[{"pref":"和歌山県","city":"橋本市","town":"西畑"}],"0074":[{"pref":"和歌山県","city":"橋本市","town":"野"}],"0095":[{"pref":"和歌山県","city":"橋本市","town":"橋谷"}],"0064":[{"pref":"和歌山県","city":"橋本市","town":"橋本"}],"0091":[{"pref":"和歌山県","city":"橋本市","town":"柱本"}],"0063":[{"pref":"和歌山県","city":"橋本市","town":"原田"}],"0035":[{"pref":"和歌山県","city":"橋本市","town":"彦谷"}],"0051":[{"pref":"和歌山県","city":"橋本市","town":"細川"}],"0094":[{"pref":"和歌山県","city":"橋本市","town":"三石台"}],"0044":[{"pref":"和歌山県","city":"橋本市","town":"南馬場"}],"0034":[{"pref":"和歌山県","city":"橋本市","town":"南宿"}],"0088":[{"pref":"和歌山県","city":"橋本市","town":"みゆき台"}],"0096":[{"pref":"和歌山県","city":"橋本市","town":"御幸辻"}],"0025":[{"pref":"和歌山県","city":"橋本市","town":"向副"}],"0098":[{"pref":"和歌山県","city":"橋本市","town":"矢倉脇"}],"0081":[{"pref":"和歌山県","city":"橋本市","town":"山田"}],"0036":[{"pref":"和歌山県","city":"橋本市","town":"横座"}],"0087":[{"pref":"和歌山県","city":"橋本市","town":"吉原"}],"0201":[{"pref":"和歌山県","city":"伊都郡かつらぎ町","town":"花園久木"}],"0202":[{"pref":"和歌山県","city":"伊都郡かつらぎ町","town":"花園中南"}],"0100":[{"pref":"和歌山県","city":"伊都郡九度山町","town":"以下に掲載がない場合"}],"0131":[{"pref":"和歌山県","city":"伊都郡九度山町","town":"市平"}],"0142":[{"pref":"和歌山県","city":"伊都郡九度山町","town":"笠木"}],"0111":[{"pref":"和歌山県","city":"伊都郡九度山町","town":"河根"}],"0143":[{"pref":"和歌山県","city":"伊都郡九度山町","town":"上古沢"}],"0132":[{"pref":"和歌山県","city":"伊都郡九度山町","town":"北又"}],"0101":[{"pref":"和歌山県","city":"伊都郡九度山町","town":"九度山"}],"0141":[{"pref":"和歌山県","city":"伊都郡九度山町","town":"椎出"}],"0151":[{"pref":"和歌山県","city":"伊都郡九度山町","town":"慈尊院"}],"0145":[{"pref":"和歌山県","city":"伊都郡九度山町","town":"下古沢"}],"0144":[{"pref":"和歌山県","city":"伊都郡九度山町","town":"中古沢"}],"0121":[{"pref":"和歌山県","city":"伊都郡九度山町","town":"丹生川"}],"0161":[{"pref":"和歌山県","city":"伊都郡九度山町","town":"入郷"}],"0133":[{"pref":"和歌山県","city":"伊都郡九度山町","town":"東郷"}],"0200":[{"pref":"和歌山県","city":"伊都郡高野町","town":"以下に掲載がない場合"}],"0241":[{"pref":"和歌山県","city":"伊都郡高野町","town":"相ノ浦"}],"0231":[{"pref":"和歌山県","city":"伊都郡高野町","town":"大滝"}],"0227":[{"pref":"和歌山県","city":"伊都郡高野町","town":"樫原"}],"0403":[{"pref":"和歌山県","city":"伊都郡高野町","town":"上筒香"}],"0211":[{"pref":"和歌山県","city":"伊都郡高野町","town":"高野山"}],"0405":[{"pref":"和歌山県","city":"伊都郡高野町","town":"下筒香"}],"0225":[{"pref":"和歌山県","city":"伊都郡高野町","town":"杖ケ薮"}],"0404":[{"pref":"和歌山県","city":"伊都郡高野町","town":"中筒香"}],"0221":[{"pref":"和歌山県","city":"伊都郡高野町","town":"西ケ峰"}],"0261":[{"pref":"和歌山県","city":"伊都郡高野町","town":"西郷（神谷）"}],"0171":[{"pref":"和歌山県","city":"伊都郡高野町","town":"西郷（その他）"}],"0401":[{"pref":"和歌山県","city":"伊都郡高野町","town":"西富貴"}],"0263":[{"pref":"和歌山県","city":"伊都郡高野町","town":"花坂"}],"0223":[{"pref":"和歌山県","city":"伊都郡高野町","town":"林"}],"0402":[{"pref":"和歌山県","city":"伊都郡高野町","town":"東富貴"}],"0226":[{"pref":"和歌山県","city":"伊都郡高野町","town":"東又"}],"0224":[{"pref":"和歌山県","city":"伊都郡高野町","town":"平原"}],"0262":[{"pref":"和歌山県","city":"伊都郡高野町","town":"細川"}],"0222":[{"pref":"和歌山県","city":"伊都郡高野町","town":"南"}],"0251":[{"pref":"和歌山県","city":"伊都郡高野町","town":"湯川"}]}