{"0000":[{"pref":"北海道","city":"室蘭市","town":"以下に掲載がない場合"}],"0051":[{"pref":"北海道","city":"室蘭市","town":"石川町"}],"0086":[{"pref":"北海道","city":"室蘭市","town":"大沢町"}],"0052":[{"pref":"北海道","city":"室蘭市","town":"香川町"}],"0064":[{"pref":"北海道","city":"室蘭市","town":"柏木町"}],"0053":[{"pref":"北海道","city":"室蘭市","town":"神代町"}],"0063":[{"pref":"北海道","city":"室蘭市","town":"港北町"}],"0082":[{"pref":"北海道","city":"室蘭市","town":"寿町"}],"0055":[{"pref":"北海道","city":"室蘭市","town":"崎守町"}],"0067":[{"pref":"北海道","city":"室蘭市","town":"陣屋町"}],"0072":[{"pref":"北海道","city":"室蘭市","town":"高砂町"}],"0062":[{"pref":"北海道","city":"室蘭市","town":"高平町"}],"0076":[{"pref":"北海道","city":"室蘭市","town":"知利別町"}],"0077":[{"pref":"北海道","city":"室蘭市","town":"天神町"}],"0074":[{"pref":"北海道","city":"室蘭市","town":"中島町"}],"0075":[{"pref":"北海道","city":"室蘭市","town":"中島本町"}],"0087":[{"pref":"北海道","city":"室蘭市","town":"仲町"}],"0054":[{"pref":"北海道","city":"室蘭市","town":"白鳥台"}],"0061":[{"pref":"北海道","city":"室蘭市","town":"八丁平"}],"0083":[{"pref":"北海道","city":"室蘭市","town":"東町"}],"0081":[{"pref":"北海道","city":"室蘭市","town":"日の出町"}],"0066":[{"pref":"北海道","city":"室蘭市","town":"幌萌町"}],"0071":[{"pref":"北海道","city":"室蘭市","town":"水元町"}],"0073":[{"pref":"北海道","city":"室蘭市","town":"宮の森町"}],"0084":[{"pref":"北海道","city":"室蘭市","town":"みゆき町"}],"0065":[{"pref":"北海道","city":"室蘭市","town":"本輪西町"}],"0085":[{"pref":"北海道","city":"室蘭市","town":"輪西町"}]}