{"0000":[{"pref":"神奈川県","city":"川崎市中原区","town":"以下に掲載がない場合"}],"0035":[{"pref":"神奈川県","city":"川崎市中原区","town":"井田"}],"0037":[{"pref":"神奈川県","city":"川崎市中原区","town":"井田三舞町"}],"0036":[{"pref":"神奈川県","city":"川崎市中原区","town":"井田杉山町"}],"0034":[{"pref":"神奈川県","city":"川崎市中原区","town":"井田中ノ町"}],"0016":[{"pref":"神奈川県","city":"川崎市中原区","town":"市ノ坪"}],"0067":[{"pref":"神奈川県","city":"川崎市中原区","town":"今井上町"}],"0065":[{"pref":"神奈川県","city":"川崎市中原区","town":"今井仲町"}],"0066":[{"pref":"神奈川県","city":"川崎市中原区","town":"今井西町"}],"0064":[{"pref":"神奈川県","city":"川崎市中原区","town":"今井南町"}],"0023":[{"pref":"神奈川県","city":"川崎市中原区","town":"大倉町"}],"0053":[{"pref":"神奈川県","city":"川崎市中原区","town":"上小田中"}],"0045":[{"pref":"神奈川県","city":"川崎市中原区","town":"上新城"}],"0013":[{"pref":"神奈川県","city":"川崎市中原区","town":"上平間"}],"0003":[{"pref":"神奈川県","city":"川崎市中原区","town":"上丸子"}],"0002":[{"pref":"神奈川県","city":"川崎市中原区","town":"上丸子山王町"}],"0007":[{"pref":"神奈川県","city":"川崎市中原区","town":"上丸子天神町"}],"0001":[{"pref":"神奈川県","city":"川崎市中原区","town":"上丸子八幡町"}],"0022":[{"pref":"神奈川県","city":"川崎市中原区","town":"苅宿"}],"0015":[{"pref":"神奈川県","city":"川崎市中原区","town":"北谷町"}],"0025":[{"pref":"神奈川県","city":"川崎市中原区","town":"木月"}],"0032":[{"pref":"神奈川県","city":"川崎市中原区","town":"木月伊勢町"}],"0033":[{"pref":"神奈川県","city":"川崎市中原区","town":"木月祗園町"}],"0021":[{"pref":"神奈川県","city":"川崎市中原区","town":"木月住吉町"}],"0031":[{"pref":"神奈川県","city":"川崎市中原区","town":"木月大町"}],"0061":[{"pref":"神奈川県","city":"川崎市中原区","town":"小杉"}],"0068":[{"pref":"神奈川県","city":"川崎市中原区","town":"小杉御殿町"}],"0062":[{"pref":"神奈川県","city":"川崎市中原区","town":"小杉陣屋町"}],"0063":[{"pref":"神奈川県","city":"川崎市中原区","town":"小杉町"}],"0041":[{"pref":"神奈川県","city":"川崎市中原区","town":"下小田中"}],"0042":[{"pref":"神奈川県","city":"川崎市中原区","town":"下新城"}],"0011":[{"pref":"神奈川県","city":"川崎市中原区","town":"下沼部"}],"0044":[{"pref":"神奈川県","city":"川崎市中原区","town":"新城"}],"0043":[{"pref":"神奈川県","city":"川崎市中原区","town":"新城中町"}],"0005":[{"pref":"神奈川県","city":"川崎市中原区","town":"新丸子町"}],"0004":[{"pref":"神奈川県","city":"川崎市中原区","town":"新丸子東"}],"0014":[{"pref":"神奈川県","city":"川崎市中原区","town":"田尻町"}],"0052":[{"pref":"神奈川県","city":"川崎市中原区","town":"等々力"}],"0012":[{"pref":"神奈川県","city":"川崎市中原区","town":"中丸子"}],"0024":[{"pref":"神奈川県","city":"川崎市中原区","town":"西加瀬"}],"0006":[{"pref":"神奈川県","city":"川崎市中原区","town":"丸子通"}],"0051":[{"pref":"神奈川県","city":"川崎市中原区","town":"宮内"}]}