{"0000":[{"pref":"東京都","city":"武蔵野市","town":"以下に掲載がない場合"}],"0004":[{"pref":"東京都","city":"武蔵野市","town":"吉祥寺本町"}],"0002":[{"pref":"東京都","city":"武蔵野市","town":"吉祥寺東町"}],"0003":[{"pref":"東京都","city":"武蔵野市","town":"吉祥寺南町"}],"0001":[{"pref":"東京都","city":"武蔵野市","town":"吉祥寺北町"}],"0023":[{"pref":"東京都","city":"武蔵野市","town":"境南町"}],"0005":[{"pref":"東京都","city":"武蔵野市","town":"御殿山"}],"0022":[{"pref":"東京都","city":"武蔵野市","town":"境"}],"0021":[{"pref":"東京都","city":"武蔵野市","town":"桜堤"}],"0014":[{"pref":"東京都","city":"武蔵野市","town":"関前"}],"0006":[{"pref":"東京都","city":"武蔵野市","town":"中町"}],"0013":[{"pref":"東京都","city":"武蔵野市","town":"西久保"}],"0012":[{"pref":"東京都","city":"武蔵野市","town":"緑町"}],"0011":[{"pref":"東京都","city":"武蔵野市","town":"八幡町"}]}