{"0000":[{"pref":"大阪府","city":"柏原市","town":"以下に掲載がない場合"}],"0014":[{"pref":"大阪府","city":"柏原市","town":"青谷"}],"0026":[{"pref":"大阪府","city":"柏原市","town":"旭ケ丘"}],"0016":[{"pref":"大阪府","city":"柏原市","town":"安堂町"}],"0029":[{"pref":"大阪府","city":"柏原市","town":"石川町"}],"0002":[{"pref":"大阪府","city":"柏原市","town":"今町"}],"0027":[{"pref":"大阪府","city":"柏原市","town":"円明町"}],"0018":[{"pref":"大阪府","city":"柏原市","town":"大県"}],"0020":[{"pref":"大阪府","city":"柏原市","town":"片山町"}],"0007":[{"pref":"大阪府","city":"柏原市","town":"上市"}],"0012":[{"pref":"大阪府","city":"柏原市","town":"雁多尾畑"}],"0004":[{"pref":"大阪府","city":"柏原市","town":"河原町"}],"0006":[{"pref":"大阪府","city":"柏原市","town":"清州"}],"0022":[{"pref":"大阪府","city":"柏原市","town":"国分市場"}],"0023":[{"pref":"大阪府","city":"柏原市","town":"国分東条町"}],"0021":[{"pref":"大阪府","city":"柏原市","town":"国分本町"}],"0025":[{"pref":"大阪府","city":"柏原市","town":"国分西"}],"0009":[{"pref":"大阪府","city":"柏原市","town":"大正"}],"0017":[{"pref":"大阪府","city":"柏原市","town":"太平寺"}],"0015":[{"pref":"大阪府","city":"柏原市","town":"高井田"}],"0024":[{"pref":"大阪府","city":"柏原市","town":"田辺"}],"0028":[{"pref":"大阪府","city":"柏原市","town":"玉手町"}],"0013":[{"pref":"大阪府","city":"柏原市","town":"峠"}],"0003":[{"pref":"大阪府","city":"柏原市","town":"堂島町"}],"0019":[{"pref":"大阪府","city":"柏原市","town":"平野"}],"0008":[{"pref":"大阪府","city":"柏原市","town":"古町"}],"0005":[{"pref":"大阪府","city":"柏原市","town":"法善寺"}],"0001":[{"pref":"大阪府","city":"柏原市","town":"本郷"}],"0011":[{"pref":"大阪府","city":"柏原市","town":"本堂"}],"0010":[{"pref":"大阪府","city":"柏原市","town":"山ノ井町"}]}