{"1101":[{"pref":"長崎県","city":"雲仙市","town":"吾妻町本村名"}],"1102":[{"pref":"長崎県","city":"雲仙市","town":"吾妻町木場名"}],"1103":[{"pref":"長崎県","city":"雲仙市","town":"吾妻町平江名"}],"1104":[{"pref":"長崎県","city":"雲仙市","town":"吾妻町古城名"}],"1105":[{"pref":"長崎県","city":"雲仙市","town":"吾妻町田之平名"}],"1106":[{"pref":"長崎県","city":"雲仙市","town":"吾妻町大木場名"}],"1107":[{"pref":"長崎県","city":"雲仙市","town":"吾妻町牛口名"}],"1111":[{"pref":"長崎県","city":"雲仙市","town":"吾妻町馬場名"}],"1112":[{"pref":"長崎県","city":"雲仙市","town":"吾妻町栗林名"}],"1113":[{"pref":"長崎県","city":"雲仙市","town":"吾妻町布江名"}],"1114":[{"pref":"長崎県","city":"雲仙市","town":"吾妻町川床名"}],"1115":[{"pref":"長崎県","city":"雲仙市","town":"吾妻町永中名"}],"1116":[{"pref":"長崎県","city":"雲仙市","town":"吾妻町阿母名"}],"1201":[{"pref":"長崎県","city":"雲仙市","town":"瑞穂町西郷庚"}],"1202":[{"pref":"長崎県","city":"雲仙市","town":"瑞穂町西郷甲"}],"1203":[{"pref":"長崎県","city":"雲仙市","town":"瑞穂町西郷乙"}],"1204":[{"pref":"長崎県","city":"雲仙市","town":"瑞穂町西郷丙"}],"1205":[{"pref":"長崎県","city":"雲仙市","town":"瑞穂町西郷丁"}],"1206":[{"pref":"長崎県","city":"雲仙市","town":"瑞穂町西郷辛"}],"1211":[{"pref":"長崎県","city":"雲仙市","town":"瑞穂町西郷戊"}],"1212":[{"pref":"長崎県","city":"雲仙市","town":"瑞穂町西郷己"}],"1213":[{"pref":"長崎県","city":"雲仙市","town":"瑞穂町伊福甲"}],"1214":[{"pref":"長崎県","city":"雲仙市","town":"瑞穂町伊福乙"}],"1215":[{"pref":"長崎県","city":"雲仙市","town":"瑞穂町古部甲"}],"1216":[{"pref":"長崎県","city":"雲仙市","town":"瑞穂町古部乙"}],"1301":[{"pref":"長崎県","city":"雲仙市","town":"国見町神代甲"}],"1302":[{"pref":"長崎県","city":"雲仙市","town":"国見町神代乙"}],"1303":[{"pref":"長崎県","city":"雲仙市","town":"国見町神代丙"}],"1304":[{"pref":"長崎県","city":"雲仙市","town":"国見町神代丁"}],"1305":[{"pref":"長崎県","city":"雲仙市","town":"国見町神代戊"}],"1306":[{"pref":"長崎県","city":"雲仙市","town":"国見町神代己"}],"1307":[{"pref":"長崎県","city":"雲仙市","town":"国見町神代庚"}],"1308":[{"pref":"長崎県","city":"雲仙市","town":"国見町神代辛"}],"1311":[{"pref":"長崎県","city":"雲仙市","town":"国見町土黒甲"}],"1312":[{"pref":"長崎県","city":"雲仙市","town":"国見町土黒乙"}],"1313":[{"pref":"長崎県","city":"雲仙市","town":"国見町土黒丙"}],"1314":[{"pref":"長崎県","city":"雲仙市","town":"国見町土黒丁"}],"1315":[{"pref":"長崎県","city":"雲仙市","town":"国見町土黒戊"}],"1316":[{"pref":"長崎県","city":"雲仙市","town":"国見町土黒己"}],"1317":[{"pref":"長崎県","city":"雲仙市","town":"国見町土黒庚"}],"1321":[{"pref":"長崎県","city":"雲仙市","town":"国見町多比良甲"}],"1322":[{"pref":"長崎県","city":"雲仙市","town":"国見町多比良乙"}],"1323":[{"pref":"長崎県","city":"雲仙市","town":"国見町多比良丙"}],"1324":[{"pref":"長崎県","city":"雲仙市","town":"国見町多比良丁"}],"1325":[{"pref":"長崎県","city":"雲仙市","town":"国見町多比良戊"}],"1401":[{"pref":"長崎県","city":"島原市","town":"有明町湯江甲"}],"1402":[{"pref":"長崎県","city":"島原市","town":"有明町湯江乙"}],"1403":[{"pref":"長崎県","city":"島原市","town":"有明町湯江丙"}],"1404":[{"pref":"長崎県","city":"島原市","town":"有明町湯江丁"}],"1411":[{"pref":"長崎県","city":"島原市","town":"有明町大三東甲"}],"1412":[{"pref":"長崎県","city":"島原市","town":"有明町大三東乙"}],"1413":[{"pref":"長崎県","city":"島原市","town":"有明町大三東丙"}],"1414":[{"pref":"長崎県","city":"島原市","town":"有明町大三東丁"}],"1415":[{"pref":"長崎県","city":"島原市","town":"有明町大三東戊"}],"1501":[{"pref":"長崎県","city":"南島原市","town":"深江町甲"}],"1502":[{"pref":"長崎県","city":"南島原市","town":"深江町乙"}],"1503":[{"pref":"長崎県","city":"南島原市","town":"深江町丙"}],"1504":[{"pref":"長崎県","city":"南島原市","town":"深江町丁"}],"1505":[{"pref":"長崎県","city":"南島原市","town":"深江町戊"}],"2111":[{"pref":"長崎県","city":"南島原市","town":"布津町甲"}],"2112":[{"pref":"長崎県","city":"南島原市","town":"布津町乙"}],"2113":[{"pref":"長崎県","city":"南島原市","town":"布津町丙"}],"2121":[{"pref":"長崎県","city":"南島原市","town":"有家町石田"}],"2122":[{"pref":"長崎県","city":"南島原市","town":"有家町大苑"}],"2123":[{"pref":"長崎県","city":"南島原市","town":"有家町原尾"}],"2201":[{"pref":"長崎県","city":"南島原市","town":"有家町久保"}],"2202":[{"pref":"長崎県","city":"南島原市","town":"有家町山川"}],"2203":[{"pref":"長崎県","city":"南島原市","town":"有家町尾上"}],"2204":[{"pref":"長崎県","city":"南島原市","town":"有家町蒲河"}],"2205":[{"pref":"長崎県","city":"南島原市","town":"有家町小川"}],"2206":[{"pref":"長崎県","city":"南島原市","town":"有家町中須川"}],"2211":[{"pref":"長崎県","city":"南島原市","town":"西有家町里坊"}],"2212":[{"pref":"長崎県","city":"南島原市","town":"西有家町須川"}],"2213":[{"pref":"長崎県","city":"南島原市","town":"西有家町見岳"}],"2214":[{"pref":"長崎県","city":"南島原市","town":"西有家町慈恩寺"}],"2215":[{"pref":"長崎県","city":"南島原市","town":"西有家町長野"}],"2216":[{"pref":"長崎県","city":"南島原市","town":"西有家町龍石"}],"2301":[{"pref":"長崎県","city":"南島原市","town":"北有馬町甲"}],"2302":[{"pref":"長崎県","city":"南島原市","town":"北有馬町乙"}],"2303":[{"pref":"長崎県","city":"南島原市","town":"北有馬町丙"}],"2304":[{"pref":"長崎県","city":"南島原市","town":"北有馬町丁"}],"2305":[{"pref":"長崎県","city":"南島原市","town":"北有馬町戊"}],"2306":[{"pref":"長崎県","city":"南島原市","town":"北有馬町己"}],"2316":[{"pref":"長崎県","city":"南島原市","town":"南有馬町己（古園轟河）"}],"2411":[{"pref":"長崎県","city":"南島原市","town":"南有馬町甲"}],"2412":[{"pref":"長崎県","city":"南島原市","town":"南有馬町乙"}],"2413":[{"pref":"長崎県","city":"南島原市","town":"南有馬町丙"}],"2414":[{"pref":"長崎県","city":"南島原市","town":"南有馬町丁"}],"2415":[{"pref":"長崎県","city":"南島原市","town":"南有馬町戊"}],"2416":[{"pref":"長崎県","city":"南島原市","town":"南有馬町己（その他）"}],"2501":[{"pref":"長崎県","city":"南島原市","town":"口之津町乙"}],"2502":[{"pref":"長崎県","city":"南島原市","town":"口之津町甲"}],"2503":[{"pref":"長崎県","city":"南島原市","town":"口之津町丁"}],"2504":[{"pref":"長崎県","city":"南島原市","town":"口之津町丙"}],"2600":[{"pref":"長崎県","city":"南島原市","town":"以下に掲載がない場合"}],"2601":[{"pref":"長崎県","city":"南島原市","town":"加津佐町己"}],"2602":[{"pref":"長崎県","city":"南島原市","town":"加津佐町戊"}],"2603":[{"pref":"長崎県","city":"南島原市","town":"加津佐町丁"}],"2604":[{"pref":"長崎県","city":"南島原市","town":"加津佐町丙"}],"2605":[{"pref":"長崎県","city":"南島原市","town":"加津佐町乙"}],"2606":[{"pref":"長崎県","city":"南島原市","town":"加津佐町甲"}],"3151":[{"pref":"長崎県","city":"佐世保市","town":"三川内本町"}],"3152":[{"pref":"長崎県","city":"佐世保市","town":"新行江町"}],"3153":[{"pref":"長崎県","city":"佐世保市","town":"三川内新町"}],"3154":[{"pref":"長崎県","city":"佐世保市","town":"塩浸町"}],"3155":[{"pref":"長崎県","city":"佐世保市","town":"三川内町"}],"3156":[{"pref":"長崎県","city":"佐世保市","town":"下の原町"}],"3157":[{"pref":"長崎県","city":"佐世保市","town":"桑木場町"}],"3158":[{"pref":"長崎県","city":"佐世保市","town":"新替町"}],"3161":[{"pref":"長崎県","city":"佐世保市","town":"口の尾町"}],"3162":[{"pref":"長崎県","city":"佐世保市","town":"吉福町"}],"3163":[{"pref":"長崎県","city":"佐世保市","town":"横手町"}],"3164":[{"pref":"長崎県","city":"佐世保市","town":"心野町"}],"3165":[{"pref":"長崎県","city":"佐世保市","town":"江永町"}],"3166":[{"pref":"長崎県","city":"佐世保市","town":"木原町"}],"3201":[{"pref":"長崎県","city":"佐世保市","town":"平松町"}],"3202":[{"pref":"長崎県","city":"佐世保市","town":"上原町"}],"3203":[{"pref":"長崎県","city":"佐世保市","town":"陣の内町"}],"3204":[{"pref":"長崎県","city":"佐世保市","town":"若竹台町"}],"3205":[{"pref":"長崎県","city":"佐世保市","town":"田の浦町"}],"3211":[{"pref":"長崎県","city":"佐世保市","town":"早苗町"}],"3212":[{"pref":"長崎県","city":"佐世保市","town":"花高"}],"3213":[{"pref":"長崎県","city":"佐世保市","town":"権常寺町"}],"3214":[{"pref":"長崎県","city":"佐世保市","town":"権常寺"}],"3215":[{"pref":"長崎県","city":"佐世保市","town":"早岐"}],"3216":[{"pref":"長崎県","city":"佐世保市","town":"勝海町"}],"3221":[{"pref":"長崎県","city":"佐世保市","town":"中原町"}],"3222":[{"pref":"長崎県","city":"佐世保市","town":"広田町"}],"3223":[{"pref":"長崎県","city":"佐世保市","town":"広田"}],"3224":[{"pref":"長崎県","city":"佐世保市","town":"重尾町"}],"3225":[{"pref":"長崎県","city":"佐世保市","town":"浦川内町"}],"3226":[{"pref":"長崎県","city":"佐世保市","town":"崎岡町"}],"3231":[{"pref":"長崎県","city":"佐世保市","town":"瀬道町"}],"3232":[{"pref":"長崎県","city":"佐世保市","town":"萩坂町"}],"3233":[{"pref":"長崎県","city":"佐世保市","town":"奥山町"}],"3234":[{"pref":"長崎県","city":"佐世保市","town":"長畑町"}],"3235":[{"pref":"長崎県","city":"佐世保市","town":"宮津町"}],"3236":[{"pref":"長崎県","city":"佐世保市","town":"南風崎町"}],"3237":[{"pref":"長崎県","city":"佐世保市","town":"城間町"}],"3241":[{"pref":"長崎県","city":"佐世保市","town":"有福町"}],"3242":[{"pref":"長崎県","city":"佐世保市","town":"指方町"}],"3243":[{"pref":"長崎県","city":"佐世保市","town":"ハウステンボス町"}],"3244":[{"pref":"長崎県","city":"佐世保市","town":"江上町"}],"3451":[{"pref":"長崎県","city":"佐世保市","town":"針尾東町"}],"3452":[{"pref":"長崎県","city":"佐世保市","town":"針尾中町"}],"3453":[{"pref":"長崎県","city":"佐世保市","town":"針尾西町"}],"3454":[{"pref":"長崎県","city":"佐世保市","town":"針尾北町"}],"3600":[{"pref":"長崎県","city":"東彼杵郡川棚町","town":"以下に掲載がない場合"}],"3601":[{"pref":"長崎県","city":"東彼杵郡川棚町","town":"猪乗川内郷"}],"3602":[{"pref":"長崎県","city":"東彼杵郡川棚町","town":"木場郷"}],"3603":[{"pref":"長崎県","city":"東彼杵郡川棚町","town":"岩屋郷"}],"3604":[{"pref":"長崎県","city":"東彼杵郡川棚町","town":"石木郷"}],"3605":[{"pref":"長崎県","city":"東彼杵郡川棚町","town":"百津郷"}],"3606":[{"pref":"長崎県","city":"東彼杵郡川棚町","town":"小音琴郷"}],"3607":[{"pref":"長崎県","city":"東彼杵郡川棚町","town":"城山町"}],"3608":[{"pref":"長崎県","city":"東彼杵郡川棚町","town":"栄町"}],"3611":[{"pref":"長崎県","city":"東彼杵郡川棚町","town":"中山郷"}],"3612":[{"pref":"長崎県","city":"東彼杵郡川棚町","town":"五反田郷"}],"3613":[{"pref":"長崎県","city":"東彼杵郡川棚町","town":"上組郷"}],"3614":[{"pref":"長崎県","city":"東彼杵郡川棚町","town":"中組郷"}],"3615":[{"pref":"長崎県","city":"東彼杵郡川棚町","town":"下組郷"}],"3616":[{"pref":"長崎県","city":"東彼杵郡川棚町","town":"白石郷"}],"3617":[{"pref":"長崎県","city":"東彼杵郡川棚町","town":"三越郷"}],"3618":[{"pref":"長崎県","city":"東彼杵郡川棚町","town":"小串郷"}],"3619":[{"pref":"長崎県","city":"東彼杵郡川棚町","town":"新谷郷"}],"3700":[{"pref":"長崎県","city":"東彼杵郡波佐見町","town":"以下に掲載がない場合"}],"3701":[{"pref":"長崎県","city":"東彼杵郡波佐見町","town":"折敷瀬郷"}],"3702":[{"pref":"長崎県","city":"東彼杵郡波佐見町","town":"湯無田郷"}],"3703":[{"pref":"長崎県","city":"東彼杵郡波佐見町","town":"野々川郷"}],"3704":[{"pref":"長崎県","city":"東彼杵郡波佐見町","town":"小樽郷"}],"3705":[{"pref":"長崎県","city":"東彼杵郡波佐見町","town":"永尾郷"}],"3706":[{"pref":"長崎県","city":"東彼杵郡波佐見町","town":"三股郷"}],"3711":[{"pref":"長崎県","city":"東彼杵郡波佐見町","town":"井石郷"}],"3712":[{"pref":"長崎県","city":"東彼杵郡波佐見町","town":"中尾郷"}],"3713":[{"pref":"長崎県","city":"東彼杵郡波佐見町","town":"鬼木郷"}],"3714":[{"pref":"長崎県","city":"東彼杵郡波佐見町","town":"金屋郷"}],"3715":[{"pref":"長崎県","city":"東彼杵郡波佐見町","town":"宿郷"}],"3716":[{"pref":"長崎県","city":"東彼杵郡波佐見町","town":"田ノ頭郷"}],"3721":[{"pref":"長崎県","city":"東彼杵郡波佐見町","town":"川内郷"}],"3722":[{"pref":"長崎県","city":"東彼杵郡波佐見町","town":"岳辺田郷"}],"3723":[{"pref":"長崎県","city":"東彼杵郡波佐見町","town":"平野郷"}],"3724":[{"pref":"長崎県","city":"東彼杵郡波佐見町","town":"志折郷"}],"3725":[{"pref":"長崎県","city":"東彼杵郡波佐見町","town":"長野郷"}],"3726":[{"pref":"長崎県","city":"東彼杵郡波佐見町","town":"稗木場郷"}],"3727":[{"pref":"長崎県","city":"東彼杵郡波佐見町","town":"皿山郷"}],"3728":[{"pref":"長崎県","city":"東彼杵郡波佐見町","town":"村木郷"}],"3800":[{"pref":"長崎県","city":"東彼杵郡東彼杵町","town":"以下に掲載がない場合"}],"3801":[{"pref":"長崎県","city":"東彼杵郡東彼杵町","town":"中尾郷"}],"3802":[{"pref":"長崎県","city":"東彼杵郡東彼杵町","town":"坂本郷"}],"3803":[{"pref":"長崎県","city":"東彼杵郡東彼杵町","town":"菅無田郷"}],"3804":[{"pref":"長崎県","city":"東彼杵郡東彼杵町","town":"法音寺郷"}],"3805":[{"pref":"長崎県","city":"東彼杵郡東彼杵町","town":"川内郷"}],"3806":[{"pref":"長崎県","city":"東彼杵郡東彼杵町","town":"三根郷"}],"3807":[{"pref":"長崎県","city":"東彼杵郡東彼杵町","town":"彼杵宿郷"}],"3808":[{"pref":"長崎県","city":"東彼杵郡東彼杵町","town":"蔵本郷"}],"3809":[{"pref":"長崎県","city":"東彼杵郡東彼杵町","town":"口木田郷"}],"3811":[{"pref":"長崎県","city":"東彼杵郡東彼杵町","town":"大音琴郷"}],"3812":[{"pref":"長崎県","city":"東彼杵郡東彼杵町","town":"小音琴郷"}],"3921":[{"pref":"長崎県","city":"東彼杵郡東彼杵町","town":"千綿宿郷"}],"3922":[{"pref":"長崎県","city":"東彼杵郡東彼杵町","town":"八反田郷"}],"3923":[{"pref":"長崎県","city":"東彼杵郡東彼杵町","town":"瀬戸郷"}],"3924":[{"pref":"長崎県","city":"東彼杵郡東彼杵町","town":"太ノ浦郷"}],"3925":[{"pref":"長崎県","city":"東彼杵郡東彼杵町","town":"中岳郷"}],"3926":[{"pref":"長崎県","city":"東彼杵郡東彼杵町","town":"蕪郷"}],"3927":[{"pref":"長崎県","city":"東彼杵郡東彼杵町","town":"駄地郷"}],"3928":[{"pref":"長崎県","city":"東彼杵郡東彼杵町","town":"平似田郷"}],"3929":[{"pref":"長崎県","city":"東彼杵郡東彼杵町","town":"里郷"}],"3931":[{"pref":"長崎県","city":"東彼杵郡東彼杵町","town":"木場郷"}],"3932":[{"pref":"長崎県","city":"東彼杵郡東彼杵町","town":"遠目郷"}],"3933":[{"pref":"長崎県","city":"東彼杵郡東彼杵町","town":"一ッ石郷"}],"4301":[{"pref":"長崎県","city":"松浦市","town":"鷹島町阿翁浦免"}],"4302":[{"pref":"長崎県","city":"松浦市","town":"鷹島町阿翁免"}],"4303":[{"pref":"長崎県","city":"松浦市","town":"鷹島町神崎免"}],"4304":[{"pref":"長崎県","city":"松浦市","town":"鷹島町里免"}],"4305":[{"pref":"長崎県","city":"松浦市","town":"鷹島町中通免"}],"4306":[{"pref":"長崎県","city":"松浦市","town":"鷹島町原免"}],"4307":[{"pref":"長崎県","city":"松浦市","town":"鷹島町三里免"}],"4308":[{"pref":"長崎県","city":"松浦市","town":"鷹島町船唐津免"}],"4309":[{"pref":"長崎県","city":"松浦市","town":"鷹島町黒島免"}],"4500":[{"pref":"長崎県","city":"松浦市","town":"以下に掲載がない場合"}],"4501":[{"pref":"長崎県","city":"松浦市","town":"志佐町浦免"}],"4502":[{"pref":"長崎県","city":"松浦市","town":"志佐町里免"}],"4503":[{"pref":"長崎県","city":"松浦市","town":"志佐町高野免"}],"4504":[{"pref":"長崎県","city":"松浦市","town":"志佐町栢木免"}],"4505":[{"pref":"長崎県","city":"松浦市","town":"志佐町西山免"}],"4506":[{"pref":"長崎県","city":"松浦市","town":"志佐町白浜免"}],"4507":[{"pref":"長崎県","city":"松浦市","town":"志佐町庄野免"}],"4511":[{"pref":"長崎県","city":"松浦市","town":"志佐町赤木免"}],"4512":[{"pref":"長崎県","city":"松浦市","town":"志佐町笛吹免"}],"4513":[{"pref":"長崎県","city":"松浦市","town":"志佐町田ノ平免"}],"4514":[{"pref":"長崎県","city":"松浦市","town":"志佐町柚木川内免"}],"4515":[{"pref":"長崎県","city":"松浦市","town":"志佐町稗木場免"}],"4516":[{"pref":"長崎県","city":"松浦市","town":"志佐町長野免"}],"4517":[{"pref":"長崎県","city":"松浦市","town":"志佐町横辺田免"}],"4518":[{"pref":"長崎県","city":"松浦市","town":"志佐町池成免"}],"4521":[{"pref":"長崎県","city":"松浦市","town":"今福町北免"}],"4522":[{"pref":"長崎県","city":"松浦市","town":"今福町東免"}],"4523":[{"pref":"長崎県","city":"松浦市","town":"今福町滑栄免"}],"4524":[{"pref":"長崎県","city":"松浦市","town":"今福町木場免"}],"4525":[{"pref":"長崎県","city":"松浦市","town":"今福町寺上免"}],"4526":[{"pref":"長崎県","city":"松浦市","town":"今福町坂野免"}],"4527":[{"pref":"長崎県","city":"松浦市","town":"今福町仏坂免"}],"4528":[{"pref":"長崎県","city":"松浦市","town":"今福町浦免"}],"4529":[{"pref":"長崎県","city":"松浦市","town":"今福町飛島免"}],"4531":[{"pref":"長崎県","city":"松浦市","town":"調川町平尾免"}],"4532":[{"pref":"長崎県","city":"松浦市","town":"調川町中免"}],"4533":[{"pref":"長崎県","city":"松浦市","town":"調川町上免"}],"4534":[{"pref":"長崎県","city":"松浦市","town":"調川町白井免"}],"4535":[{"pref":"長崎県","city":"松浦市","town":"調川町松山田免"}],"4536":[{"pref":"長崎県","city":"松浦市","town":"調川町下免"}],"4741":[{"pref":"長崎県","city":"松浦市","town":"星鹿町北久保免"}],"4742":[{"pref":"長崎県","city":"松浦市","town":"星鹿町牟田免"}],"4743":[{"pref":"長崎県","city":"松浦市","town":"星鹿町下田免"}],"4744":[{"pref":"長崎県","city":"松浦市","town":"星鹿町岳崎免"}],"4745":[{"pref":"長崎県","city":"松浦市","town":"星鹿町青島免"}],"4751":[{"pref":"長崎県","city":"松浦市","town":"御厨町池田免"}],"4752":[{"pref":"長崎県","city":"松浦市","town":"御厨町里免"}],"4753":[{"pref":"長崎県","city":"松浦市","town":"御厨町中野免"}],"4754":[{"pref":"長崎県","city":"松浦市","town":"御厨町北平免"}],"4755":[{"pref":"長崎県","city":"松浦市","town":"御厨町横久保免"}],"4756":[{"pref":"長崎県","city":"松浦市","town":"御厨町前田免"}],"4757":[{"pref":"長崎県","city":"松浦市","town":"御厨町高野免"}],"4758":[{"pref":"長崎県","city":"松浦市","town":"御厨町大崎免"}],"4761":[{"pref":"長崎県","city":"松浦市","town":"御厨町相坂免"},{"pref":"長崎県","city":"松浦市","town":"御厨町田原免"}],"4762":[{"pref":"長崎県","city":"松浦市","town":"御厨町小船免"}],"4763":[{"pref":"長崎県","city":"松浦市","town":"御厨町山根免"}],"4764":[{"pref":"長崎県","city":"松浦市","town":"御厨町狩原免"}],"4765":[{"pref":"長崎県","city":"松浦市","town":"御厨町米ノ山免"}],"4766":[{"pref":"長崎県","city":"松浦市","town":"御厨町普住免"}],"4767":[{"pref":"長崎県","city":"松浦市","town":"御厨町川内免"}],"4768":[{"pref":"長崎県","city":"松浦市","town":"御厨町西田免"}],"4769":[{"pref":"長崎県","city":"松浦市","town":"御厨町西木場免"}],"4771":[{"pref":"長崎県","city":"松浦市","town":"御厨町下登木免"}],"4772":[{"pref":"長崎県","city":"松浦市","town":"御厨町寺ノ尾免"}],"4773":[{"pref":"長崎県","city":"松浦市","town":"御厨町上登木免"}],"4774":[{"pref":"長崎県","city":"松浦市","town":"御厨町立木免"}],"4775":[{"pref":"長崎県","city":"松浦市","town":"御厨町郭公尾免"}],"4776":[{"pref":"長崎県","city":"松浦市","town":"御厨町木場免"}],"4777":[{"pref":"長崎県","city":"松浦市","town":"御厨町板橋免"}],"4778":[{"pref":"長崎県","city":"松浦市","town":"御厨町田代免"}],"4801":[{"pref":"長崎県","city":"平戸市","town":"田平町岳崎免"}],"4802":[{"pref":"長崎県","city":"平戸市","town":"田平町福崎免"}],"4803":[{"pref":"長崎県","city":"平戸市","town":"田平町小崎免"}],"4804":[{"pref":"長崎県","city":"平戸市","town":"田平町上亀免"}],"4805":[{"pref":"長崎県","city":"平戸市","town":"田平町本山免"}],"4806":[{"pref":"長崎県","city":"平戸市","town":"田平町下亀免"}],"4807":[{"pref":"長崎県","city":"平戸市","town":"田平町里免"}],"4811":[{"pref":"長崎県","city":"平戸市","town":"田平町古梶免"}],"4812":[{"pref":"長崎県","city":"平戸市","town":"田平町田代免"}],"4813":[{"pref":"長崎県","city":"平戸市","town":"田平町深月免"}],"4814":[{"pref":"長崎県","city":"平戸市","town":"田平町以善免"}],"4815":[{"pref":"長崎県","city":"平戸市","town":"田平町下寺免"}],"4821":[{"pref":"長崎県","city":"平戸市","town":"田平町大久保免"}],"4822":[{"pref":"長崎県","city":"平戸市","town":"田平町一関免"}],"4823":[{"pref":"長崎県","city":"平戸市","town":"田平町荻田免"}],"4824":[{"pref":"長崎県","city":"平戸市","town":"田平町小手田免"}],"4825":[{"pref":"長崎県","city":"平戸市","town":"田平町山内免"}],"4826":[{"pref":"長崎県","city":"平戸市","town":"田平町野田免"}],"4827":[{"pref":"長崎県","city":"平戸市","town":"田平町横島免"}],"5100":[{"pref":"長崎県","city":"平戸市","town":"以下に掲載がない場合"}],"5101":[{"pref":"長崎県","city":"平戸市","town":"度島町"}],"5102":[{"pref":"長崎県","city":"平戸市","town":"大久保町"}],"5103":[{"pref":"長崎県","city":"平戸市","town":"田助町"}],"5104":[{"pref":"長崎県","city":"平戸市","town":"崎方町"}],"5111":[{"pref":"長崎県","city":"平戸市","town":"浦の町"}],"5112":[{"pref":"長崎県","city":"平戸市","town":"宮の町"}],"5113":[{"pref":"長崎県","city":"平戸市","town":"木引田町"}],"5114":[{"pref":"長崎県","city":"平戸市","town":"築地町"}],"5115":[{"pref":"長崎県","city":"平戸市","town":"新町"}],"5116":[{"pref":"長崎県","city":"平戸市","town":"職人町"}],"5117":[{"pref":"長崎県","city":"平戸市","town":"魚の棚町"}],"5118":[{"pref":"長崎県","city":"平戸市","town":"紺屋町"}],"5121":[{"pref":"長崎県","city":"平戸市","town":"岩の上町"}],"5122":[{"pref":"長崎県","city":"平戸市","town":"明の川内町"}],"5123":[{"pref":"長崎県","city":"平戸市","town":"大野町"}],"5131":[{"pref":"長崎県","city":"平戸市","town":"大山町"}],"5132":[{"pref":"長崎県","city":"平戸市","town":"川内町"}],"5133":[{"pref":"長崎県","city":"平戸市","town":"中野大久保町"}],"5134":[{"pref":"長崎県","city":"平戸市","town":"水垂町"}],"5141":[{"pref":"長崎県","city":"平戸市","town":"山中町"}],"5142":[{"pref":"長崎県","city":"平戸市","town":"主師町"}],"5143":[{"pref":"長崎県","city":"平戸市","town":"坊方町"}],"5144":[{"pref":"長崎県","city":"平戸市","town":"下中野町"}],"5145":[{"pref":"長崎県","city":"平戸市","town":"古江町"}],"5151":[{"pref":"長崎県","city":"平戸市","town":"木引町"}],"5152":[{"pref":"長崎県","city":"平戸市","town":"鏡川町"}],"5153":[{"pref":"長崎県","city":"平戸市","town":"戸石川町"}],"5361":[{"pref":"長崎県","city":"平戸市","town":"紐差町"}],"5362":[{"pref":"長崎県","city":"平戸市","town":"木ケ津町"}],"5363":[{"pref":"長崎県","city":"平戸市","town":"草積町"}],"5364":[{"pref":"長崎県","city":"平戸市","town":"迎紐差町"}],"5365":[{"pref":"長崎県","city":"平戸市","town":"木場町"}],"5366":[{"pref":"長崎県","city":"平戸市","town":"宝亀町"}],"5371":[{"pref":"長崎県","city":"平戸市","town":"獅子町"}],"5372":[{"pref":"長崎県","city":"平戸市","town":"高越町"}],"5373":[{"pref":"長崎県","city":"平戸市","town":"春日町"}],"5374":[{"pref":"長崎県","city":"平戸市","town":"深川町"}],"5375":[{"pref":"長崎県","city":"平戸市","town":"朶の原町"}],"5376":[{"pref":"長崎県","city":"平戸市","town":"大石脇町"}],"5381":[{"pref":"長崎県","city":"平戸市","town":"根獅子町"}],"5382":[{"pref":"長崎県","city":"平戸市","town":"飯良町"}],"5383":[{"pref":"長崎県","city":"平戸市","town":"大川原町"}],"5384":[{"pref":"長崎県","city":"平戸市","town":"赤松町"}],"5501":[{"pref":"長崎県","city":"平戸市","town":"堤町"}],"5502":[{"pref":"長崎県","city":"平戸市","town":"猪渡谷町"}],"5503":[{"pref":"長崎県","city":"平戸市","town":"上中津良町"}],"5504":[{"pref":"長崎県","city":"平戸市","town":"下中津良町"}],"5505":[{"pref":"長崎県","city":"平戸市","town":"敷佐町"}],"5511":[{"pref":"長崎県","city":"平戸市","town":"神船町"}],"5512":[{"pref":"長崎県","city":"平戸市","town":"津吉町"}],"5513":[{"pref":"長崎県","city":"平戸市","town":"辻町"}],"5514":[{"pref":"長崎県","city":"平戸市","town":"無代寺町"}],"5515":[{"pref":"長崎県","city":"平戸市","town":"鮎川町"}],"5516":[{"pref":"長崎県","city":"平戸市","town":"大佐志町"}],"5521":[{"pref":"長崎県","city":"平戸市","town":"船木町"}],"5522":[{"pref":"長崎県","city":"平戸市","town":"神ノ川町"}],"5523":[{"pref":"長崎県","city":"平戸市","town":"前津吉町"}],"5524":[{"pref":"長崎県","city":"平戸市","town":"神上町"}],"5525":[{"pref":"長崎県","city":"平戸市","town":"東中山町"}],"5526":[{"pref":"長崎県","city":"平戸市","town":"西中山町"}],"5527":[{"pref":"長崎県","city":"平戸市","town":"田代町"}],"5531":[{"pref":"長崎県","city":"平戸市","town":"早福町"}],"5532":[{"pref":"長崎県","city":"平戸市","town":"大志々伎町"}],"5533":[{"pref":"長崎県","city":"平戸市","town":"志々伎町"}],"5534":[{"pref":"長崎県","city":"平戸市","town":"小田町"}],"5535":[{"pref":"長崎県","city":"平戸市","town":"野子町"}],"5701":[{"pref":"長崎県","city":"平戸市","town":"生月町壱部"}],"5702":[{"pref":"長崎県","city":"平戸市","town":"生月町壱部浦"}],"5703":[{"pref":"長崎県","city":"平戸市","town":"生月町里免"}],"5704":[{"pref":"長崎県","city":"平戸市","town":"生月町山田免"}],"5705":[{"pref":"長崎県","city":"平戸市","town":"生月町舘浦"}],"5706":[{"pref":"長崎県","city":"平戸市","town":"生月町南免"}],"5707":[{"pref":"長崎県","city":"平戸市","town":"生月町御崎"}],"5801":[{"pref":"長崎県","city":"平戸市","town":"大島村神浦"}],"5802":[{"pref":"長崎県","city":"平戸市","town":"大島村前平"}],"5803":[{"pref":"長崎県","city":"平戸市","town":"大島村西宇戸"}],"5804":[{"pref":"長崎県","city":"平戸市","town":"大島村大根坂"}],"5805":[{"pref":"長崎県","city":"平戸市","town":"大島村的山川内"}],"5806":[{"pref":"長崎県","city":"平戸市","town":"大島村的山戸田"}],"6101":[{"pref":"長崎県","city":"佐世保市","town":"江迎町長坂"}],"6102":[{"pref":"長崎県","city":"佐世保市","town":"江迎町上川内"}],"6103":[{"pref":"長崎県","city":"佐世保市","town":"江迎町埋立"}],"6104":[{"pref":"長崎県","city":"佐世保市","town":"江迎町末橘"}],"6105":[{"pref":"長崎県","city":"佐世保市","town":"江迎町梶ノ村"}],"6106":[{"pref":"長崎県","city":"佐世保市","town":"江迎町北田"}],"6111":[{"pref":"長崎県","city":"佐世保市","town":"江迎町飯良坂"}],"6112":[{"pref":"長崎県","city":"佐世保市","town":"江迎町根引"}],"6113":[{"pref":"長崎県","city":"佐世保市","town":"江迎町栗越"}],"6114":[{"pref":"長崎県","city":"佐世保市","town":"江迎町箙尾"}],"6115":[{"pref":"長崎県","city":"佐世保市","town":"江迎町中尾"}],"6121":[{"pref":"長崎県","city":"佐世保市","town":"江迎町奥川内"}],"6122":[{"pref":"長崎県","city":"佐世保市","town":"江迎町七腕"}],"6123":[{"pref":"長崎県","city":"佐世保市","town":"江迎町小川内"}],"6124":[{"pref":"長崎県","city":"佐世保市","town":"江迎町乱橋"}],"6125":[{"pref":"長崎県","city":"佐世保市","town":"江迎町三浦"}],"6126":[{"pref":"長崎県","city":"佐世保市","town":"江迎町北平"}],"6131":[{"pref":"長崎県","city":"佐世保市","town":"江迎町赤坂"}],"6132":[{"pref":"長崎県","city":"佐世保市","town":"江迎町志戸氏"}],"6133":[{"pref":"長崎県","city":"佐世保市","town":"江迎町猪調"}],"6134":[{"pref":"長崎県","city":"佐世保市","town":"江迎町田ノ元"}],"6141":[{"pref":"長崎県","city":"佐世保市","town":"鹿町町新深江"}],"6142":[{"pref":"長崎県","city":"佐世保市","town":"鹿町町深江"}],"6143":[{"pref":"長崎県","city":"佐世保市","town":"鹿町町深江潟"}],"6144":[{"pref":"長崎県","city":"佐世保市","town":"鹿町町鹿町"}],"6145":[{"pref":"長崎県","city":"佐世保市","town":"鹿町町土肥ノ浦"}],"6201":[{"pref":"長崎県","city":"佐世保市","town":"鹿町町大屋"}],"6202":[{"pref":"長崎県","city":"佐世保市","town":"鹿町町上歌ヶ浦"}],"6203":[{"pref":"長崎県","city":"佐世保市","town":"鹿町町口ノ里"}],"6204":[{"pref":"長崎県","city":"佐世保市","town":"鹿町町下歌ヶ浦"}],"6205":[{"pref":"長崎県","city":"佐世保市","town":"鹿町町中野"}],"6206":[{"pref":"長崎県","city":"佐世保市","town":"鹿町町長串"}],"6207":[{"pref":"長崎県","city":"佐世保市","town":"鹿町町船ノ村"}],"6301":[{"pref":"長崎県","city":"佐世保市","town":"吉井町草ノ尾"}],"6302":[{"pref":"長崎県","city":"佐世保市","town":"吉井町福井"}],"6303":[{"pref":"長崎県","city":"佐世保市","town":"吉井町板樋"}],"6304":[{"pref":"長崎県","city":"佐世保市","town":"吉井町梶木場"}],"6305":[{"pref":"長崎県","city":"佐世保市","town":"吉井町直谷"}],"6311":[{"pref":"長崎県","city":"佐世保市","town":"吉井町橋川内"}],"6312":[{"pref":"長崎県","city":"佐世保市","town":"吉井町橋口"}],"6313":[{"pref":"長崎県","city":"佐世保市","town":"吉井町上吉田"}],"6314":[{"pref":"長崎県","city":"佐世保市","town":"吉井町田原"}],"6315":[{"pref":"長崎県","city":"佐世保市","town":"吉井町下原"}],"6316":[{"pref":"長崎県","city":"佐世保市","town":"吉井町乙石尾"}],"6317":[{"pref":"長崎県","city":"佐世保市","town":"吉井町高峰"}],"6321":[{"pref":"長崎県","city":"佐世保市","town":"吉井町前岳"}],"6322":[{"pref":"長崎県","city":"佐世保市","town":"吉井町踊瀬"}],"6323":[{"pref":"長崎県","city":"佐世保市","town":"吉井町春明"}],"6324":[{"pref":"長崎県","city":"佐世保市","town":"吉井町吉元"}],"6325":[{"pref":"長崎県","city":"佐世保市","town":"吉井町大渡"}],"6326":[{"pref":"長崎県","city":"佐世保市","town":"吉井町立石"}],"6401":[{"pref":"長崎県","city":"佐世保市","town":"世知原町赤木場"}],"6402":[{"pref":"長崎県","city":"佐世保市","town":"世知原町岩谷口"}],"6403":[{"pref":"長崎県","city":"佐世保市","town":"世知原町上野原"}],"6404":[{"pref":"長崎県","city":"佐世保市","town":"世知原町太田"}],"6405":[{"pref":"長崎県","city":"佐世保市","town":"世知原町開作"}],"6406":[{"pref":"長崎県","city":"佐世保市","town":"世知原町木浦原"}],"6407":[{"pref":"長崎県","city":"佐世保市","town":"世知原町北川内"}],"6408":[{"pref":"長崎県","city":"佐世保市","town":"世知原町栗迎"}],"6409":[{"pref":"長崎県","city":"佐世保市","town":"世知原町中通"}],"6411":[{"pref":"長崎県","city":"佐世保市","town":"世知原町長田代"}],"6412":[{"pref":"長崎県","city":"佐世保市","town":"世知原町西ノ岳"}],"6413":[{"pref":"長崎県","city":"佐世保市","town":"世知原町笥瀬"}],"6414":[{"pref":"長崎県","city":"佐世保市","town":"世知原町矢櫃"}],"6415":[{"pref":"長崎県","city":"佐世保市","town":"世知原町槍巻"}],"0311":[{"pref":"長崎県","city":"諫早市","town":"小豆崎町"}],"0315":[{"pref":"長崎県","city":"諫早市","town":"大場町"}],"0314":[{"pref":"長崎県","city":"諫早市","town":"御手水町"}],"0303":[{"pref":"長崎県","city":"諫早市","town":"高天町"}],"0166":[{"pref":"長崎県","city":"諫早市","town":"小長井町井崎"}],"0151":[{"pref":"長崎県","city":"諫早市","town":"小長井町打越"}],"0152":[{"pref":"長崎県","city":"諫早市","town":"小長井町大搦"}],"0153":[{"pref":"長崎県","city":"諫早市","town":"小長井町大峰"}],"0165":[{"pref":"長崎県","city":"諫早市","town":"小長井町小川原浦"}],"0154":[{"pref":"長崎県","city":"諫早市","town":"小長井町川内"}],"0161":[{"pref":"長崎県","city":"諫早市","town":"小長井町古場"}],"0162":[{"pref":"長崎県","city":"諫早市","town":"小長井町新田原"}],"0163":[{"pref":"長崎県","city":"諫早市","town":"小長井町田原"}],"0167":[{"pref":"長崎県","city":"諫早市","town":"小長井町遠竹"}],"0164":[{"pref":"長崎県","city":"諫早市","town":"小長井町牧"}],"0305":[{"pref":"長崎県","city":"諫早市","town":"猿崎町"}],"0302":[{"pref":"長崎県","city":"諫早市","town":"正久寺町"}],"0307":[{"pref":"長崎県","city":"諫早市","town":"白木峰町"}],"0304":[{"pref":"長崎県","city":"諫早市","town":"白浜町"}],"0306":[{"pref":"長崎県","city":"諫早市","town":"白原町"}],"0121":[{"pref":"長崎県","city":"諫早市","town":"高来町泉"}],"0111":[{"pref":"長崎県","city":"諫早市","town":"高来町上与"}],"0171":[{"pref":"長崎県","city":"諫早市","town":"高来町小江干拓"}],"0101":[{"pref":"長崎県","city":"諫早市","town":"高来町大戸"}],"0102":[{"pref":"長崎県","city":"諫早市","town":"高来町折山"}],"0146":[{"pref":"長崎県","city":"諫早市","town":"高来町金崎"}],"0141":[{"pref":"長崎県","city":"諫早市","town":"高来町汲水"}],"0122":[{"pref":"長崎県","city":"諫早市","town":"高来町黒崎"}],"0142":[{"pref":"長崎県","city":"諫早市","town":"高来町黒新田"}],"0131":[{"pref":"長崎県","city":"諫早市","town":"高来町神津倉"}],"0103":[{"pref":"長崎県","city":"諫早市","town":"高来町古場"}],"0112":[{"pref":"長崎県","city":"諫早市","town":"高来町小船津"}],"0123":[{"pref":"長崎県","city":"諫早市","town":"高来町小峰"}],"0143":[{"pref":"長崎県","city":"諫早市","town":"高来町坂元"}],"0124":[{"pref":"長崎県","city":"諫早市","town":"高来町里"}],"0132":[{"pref":"長崎県","city":"諫早市","town":"高来町三部壱"}],"0113":[{"pref":"長崎県","city":"諫早市","town":"高来町下与"}],"0125":[{"pref":"長崎県","city":"諫早市","town":"高来町善住寺"}],"0104":[{"pref":"長崎県","city":"諫早市","town":"高来町建山"}],"0115":[{"pref":"長崎県","city":"諫早市","town":"高来町西尾"}],"0114":[{"pref":"長崎県","city":"諫早市","town":"高来町西平原"}],"0126":[{"pref":"長崎県","city":"諫早市","town":"高来町法川"}],"0133":[{"pref":"長崎県","city":"諫早市","town":"高来町東平原"}],"0116":[{"pref":"長崎県","city":"諫早市","town":"高来町平田"}],"0106":[{"pref":"長崎県","city":"諫早市","town":"高来町冨地戸"}],"0105":[{"pref":"長崎県","city":"諫早市","town":"高来町船津"}],"0127":[{"pref":"長崎県","city":"諫早市","town":"高来町町名"}],"0147":[{"pref":"長崎県","city":"諫早市","town":"高来町水ノ浦"}],"0144":[{"pref":"長崎県","city":"諫早市","town":"高来町溝口"}],"0117":[{"pref":"長崎県","city":"諫早市","town":"高来町峰"}],"0145":[{"pref":"長崎県","city":"諫早市","town":"高来町山道"}],"0403":[{"pref":"長崎県","city":"諫早市","town":"多良見町市布"}],"0402":[{"pref":"長崎県","city":"諫早市","town":"多良見町囲"}],"0406":[{"pref":"長崎県","city":"諫早市","town":"多良見町木床"}],"0401":[{"pref":"長崎県","city":"諫早市","town":"多良見町化屋"}],"0418":[{"pref":"長崎県","city":"諫早市","town":"多良見町佐瀬"}],"0407":[{"pref":"長崎県","city":"諫早市","town":"多良見町シーサイド"}],"0405":[{"pref":"長崎県","city":"諫早市","town":"多良見町中里"}],"0404":[{"pref":"長崎県","city":"諫早市","town":"多良見町西川内"}],"0412":[{"pref":"長崎県","city":"諫早市","town":"多良見町西園"}],"0416":[{"pref":"長崎県","city":"諫早市","town":"多良見町野川内"}],"0413":[{"pref":"長崎県","city":"諫早市","town":"多良見町野副"}],"0411":[{"pref":"長崎県","city":"諫早市","town":"多良見町東園"}],"0417":[{"pref":"長崎県","city":"諫早市","town":"多良見町舟津"}],"0414":[{"pref":"長崎県","city":"諫早市","town":"多良見町元釜"}],"0415":[{"pref":"長崎県","city":"諫早市","town":"多良見町山川内"}],"0313":[{"pref":"長崎県","city":"諫早市","town":"中田町"}],"0301":[{"pref":"長崎県","city":"諫早市","town":"長田町"}],"0312":[{"pref":"長崎県","city":"諫早市","town":"西里町"}]}