{"0000":[{"pref":"岐阜県","city":"美濃加茂市","town":"以下に掲載がない場合"},{"pref":"岐阜県","city":"加茂郡坂祝町","town":"以下に掲載がない場合"}],"0029":[{"pref":"岐阜県","city":"美濃加茂市","town":"あじさいヶ丘"}],"0008":[{"pref":"岐阜県","city":"美濃加茂市","town":"伊深町"}],"0041":[{"pref":"岐阜県","city":"美濃加茂市","town":"太田町"}],"0042":[{"pref":"岐阜県","city":"美濃加茂市","town":"太田本町"}],"0035":[{"pref":"岐阜県","city":"美濃加茂市","town":"大手町"}],"0044":[{"pref":"岐阜県","city":"美濃加茂市","town":"加茂川町"}],"0056":[{"pref":"岐阜県","city":"美濃加茂市","town":"加茂野町市橋"}],"0055":[{"pref":"岐阜県","city":"美濃加茂市","town":"加茂野町稲辺"}],"0052":[{"pref":"岐阜県","city":"美濃加茂市","town":"加茂野町今泉"}],"0054":[{"pref":"岐阜県","city":"美濃加茂市","town":"加茂野町加茂野"}],"0053":[{"pref":"岐阜県","city":"美濃加茂市","town":"加茂野町木野"}],"0051":[{"pref":"岐阜県","city":"美濃加茂市","town":"加茂野町鷹之巣"}],"0022":[{"pref":"岐阜県","city":"美濃加茂市","town":"川合町"}],"0045":[{"pref":"岐阜県","city":"美濃加茂市","town":"草笛町"}],"0010":[{"pref":"岐阜県","city":"美濃加茂市","town":"健康のまち"}],"0034":[{"pref":"岐阜県","city":"美濃加茂市","town":"古井町下古井"}],"0025":[{"pref":"岐阜県","city":"美濃加茂市","town":"島町"}],"0026":[{"pref":"岐阜県","city":"美濃加茂市","town":"清水町"}],"0015":[{"pref":"岐阜県","city":"美濃加茂市","town":"下米田町今"}],"0017":[{"pref":"岐阜県","city":"美濃加茂市","town":"下米田町小山"}],"0019":[{"pref":"岐阜県","city":"美濃加茂市","town":"下米田町為岡"}],"0018":[{"pref":"岐阜県","city":"美濃加茂市","town":"下米田町西脇"}],"0013":[{"pref":"岐阜県","city":"美濃加茂市","town":"下米田町信友"}],"0014":[{"pref":"岐阜県","city":"美濃加茂市","town":"下米田町則光"}],"0011":[{"pref":"岐阜県","city":"美濃加茂市","town":"下米田町東栃井"}],"0012":[{"pref":"岐阜県","city":"美濃加茂市","town":"下米田町山本"}],"0031":[{"pref":"岐阜県","city":"美濃加茂市","town":"新池町"}],"0032":[{"pref":"岐阜県","city":"美濃加茂市","town":"田島町"}],"0038":[{"pref":"岐阜県","city":"美濃加茂市","town":"中部台"}],"0033":[{"pref":"岐阜県","city":"美濃加茂市","town":"中富町"}],"0046":[{"pref":"岐阜県","city":"美濃加茂市","town":"西町"}],"0023":[{"pref":"岐阜県","city":"美濃加茂市","town":"野笹町"}],"0039":[{"pref":"岐阜県","city":"美濃加茂市","town":"蜂屋台"}],"0006":[{"pref":"岐阜県","city":"美濃加茂市","town":"蜂屋町伊瀬"}],"0004":[{"pref":"岐阜県","city":"美濃加茂市","town":"蜂屋町上蜂屋"}],"0005":[{"pref":"岐阜県","city":"美濃加茂市","town":"蜂屋町中蜂屋"}],"0007":[{"pref":"岐阜県","city":"美濃加茂市","town":"蜂屋町下蜂屋"}],"0009":[{"pref":"岐阜県","city":"美濃加茂市","town":"蜂屋町矢田"}],"0043":[{"pref":"岐阜県","city":"美濃加茂市","town":"深田町"}],"0027":[{"pref":"岐阜県","city":"美濃加茂市","town":"本郷町"}],"0037":[{"pref":"岐阜県","city":"美濃加茂市","town":"前平町"}],"0016":[{"pref":"岐阜県","city":"美濃加茂市","town":"牧野"}],"0024":[{"pref":"岐阜県","city":"美濃加茂市","town":"御門町"}],"0002":[{"pref":"岐阜県","city":"美濃加茂市","town":"三和町川浦"}],"0001":[{"pref":"岐阜県","city":"美濃加茂市","town":"三和町廿屋"}],"0021":[{"pref":"岐阜県","city":"美濃加茂市","town":"森山町"}],"0028":[{"pref":"岐阜県","city":"美濃加茂市","town":"山崎町"}],"0036":[{"pref":"岐阜県","city":"美濃加茂市","town":"山手町"}],"0003":[{"pref":"岐阜県","city":"美濃加茂市","town":"山之上町"}],"0130":[{"pref":"岐阜県","city":"可児市","town":"兼山"}],"0072":[{"pref":"岐阜県","city":"加茂郡坂祝町","town":"大針"}],"0076":[{"pref":"岐阜県","city":"加茂郡坂祝町","town":"勝山"}],"0073":[{"pref":"岐阜県","city":"加茂郡坂祝町","town":"加茂山"}],"0071":[{"pref":"岐阜県","city":"加茂郡坂祝町","town":"黒岩"}],"0074":[{"pref":"岐阜県","city":"加茂郡坂祝町","town":"酒倉"}],"0075":[{"pref":"岐阜県","city":"加茂郡坂祝町","town":"取組"}],"0077":[{"pref":"岐阜県","city":"加茂郡坂祝町","town":"深萱"}],"0300":[{"pref":"岐阜県","city":"加茂郡八百津町","town":"以下に掲載がない場合"}],"0303":[{"pref":"岐阜県","city":"加茂郡八百津町","town":"伊岐津志"}],"0306":[{"pref":"岐阜県","city":"加茂郡八百津町","town":"上飯田"}],"0304":[{"pref":"岐阜県","city":"加茂郡八百津町","town":"上牧野"}],"0423":[{"pref":"岐阜県","city":"加茂郡八百津町","town":"上吉田"}],"0422":[{"pref":"岐阜県","city":"加茂郡八百津町","town":"久田見"}],"0531":[{"pref":"岐阜県","city":"加茂郡八百津町","town":"潮見"}],"0302":[{"pref":"岐阜県","city":"加茂郡八百津町","town":"錦織"}],"0307":[{"pref":"岐阜県","city":"加茂郡八百津町","town":"野上"}],"0421":[{"pref":"岐阜県","city":"加茂郡八百津町","town":"福地"}],"0532":[{"pref":"岐阜県","city":"加茂郡八百津町","town":"南戸"}],"0301":[{"pref":"岐阜県","city":"加茂郡八百津町","town":"八百津"}],"0305":[{"pref":"岐阜県","city":"加茂郡八百津町","town":"和知"}],"0100":[{"pref":"岐阜県","city":"可児郡御嵩町","town":"以下に掲載がない場合"}],"0115":[{"pref":"岐阜県","city":"可児郡御嵩町","town":"井尻"}],"0104":[{"pref":"岐阜県","city":"可児郡御嵩町","town":"謡坂"}],"0101":[{"pref":"岐阜県","city":"可児郡御嵩町","town":"大久後"}],"0106":[{"pref":"岐阜県","city":"可児郡御嵩町","town":"小原"}],"0126":[{"pref":"岐阜県","city":"可児郡御嵩町","town":"上恵土"}],"0107":[{"pref":"岐阜県","city":"可児郡御嵩町","town":"上之郷"}],"0122":[{"pref":"岐阜県","city":"可児郡御嵩町","town":"顔戸"}],"0108":[{"pref":"岐阜県","city":"可児郡御嵩町","town":"小和沢"}],"0105":[{"pref":"岐阜県","city":"可児郡御嵩町","town":"西洞"}],"0111":[{"pref":"岐阜県","city":"可児郡御嵩町","town":"次月"}],"0113":[{"pref":"岐阜県","city":"可児郡御嵩町","town":"宿"}],"0103":[{"pref":"岐阜県","city":"可児郡御嵩町","town":"津橋"}],"0121":[{"pref":"岐阜県","city":"可児郡御嵩町","town":"中"}],"0114":[{"pref":"岐阜県","city":"可児郡御嵩町","town":"中切"}],"0124":[{"pref":"岐阜県","city":"可児郡御嵩町","town":"比衣"}],"0125":[{"pref":"岐阜県","city":"可児郡御嵩町","town":"伏見"}],"0123":[{"pref":"岐阜県","city":"可児郡御嵩町","town":"古屋敷"}],"0102":[{"pref":"岐阜県","city":"可児郡御嵩町","town":"前沢"}],"0112":[{"pref":"岐阜県","city":"可児郡御嵩町","town":"美佐野"}],"0116":[{"pref":"岐阜県","city":"可児郡御嵩町","town":"御嵩"}]}