{"0000":[{"pref":"青森県","city":"三沢市","town":"以下に掲載がない場合"}],"0166":[{"pref":"青森県","city":"三沢市","town":"朝日"}],"0101":[{"pref":"青森県","city":"三沢市","town":"天ケ森"}],"0153":[{"pref":"青森県","city":"三沢市","town":"泉町"}],"0131":[{"pref":"青森県","city":"三沢市","town":"五川目"}],"0134":[{"pref":"青森県","city":"三沢市","town":"大津"}],"0041":[{"pref":"青森県","city":"三沢市","town":"大町"}],"0021":[{"pref":"青森県","city":"三沢市","town":"岡三沢"}],"0104":[{"pref":"青森県","city":"三沢市","town":"織笠"}],"0053":[{"pref":"青森県","city":"三沢市","town":"春日台"}],"0063":[{"pref":"青森県","city":"三沢市","town":"上久保"}],"0162":[{"pref":"青森県","city":"三沢市","town":"越下"}],"0011":[{"pref":"青森県","city":"三沢市","town":"幸町"}],"0042":[{"pref":"青森県","city":"三沢市","town":"栄町"}],"0031":[{"pref":"青森県","city":"三沢市","town":"桜町"}],"0155":[{"pref":"青森県","city":"三沢市","town":"さつきヶ丘"}],"0113":[{"pref":"青森県","city":"三沢市","town":"淋代"}],"0103":[{"pref":"青森県","city":"三沢市","town":"塩釜"}],"0133":[{"pref":"青森県","city":"三沢市","town":"鹿中"}],"0023":[{"pref":"青森県","city":"三沢市","town":"下久保"}],"0062":[{"pref":"青森県","city":"三沢市","town":"新町"}],"0105":[{"pref":"青森県","city":"三沢市","town":"新森"}],"0102":[{"pref":"青森県","city":"三沢市","town":"砂森"}],"0165":[{"pref":"青森県","city":"三沢市","town":"高野沢"}],"0001":[{"pref":"青森県","city":"三沢市","town":"中央町"}],"0043":[{"pref":"青森県","city":"三沢市","town":"千代田町"}],"0163":[{"pref":"青森県","city":"三沢市","town":"富崎"}],"0167":[{"pref":"青森県","city":"三沢市","town":"根井"}],"0061":[{"pref":"青森県","city":"三沢市","town":"花園町"}],"0024":[{"pref":"青森県","city":"三沢市","town":"東岡三沢"}],"0034":[{"pref":"青森県","city":"三沢市","town":"東町"}],"0154":[{"pref":"青森県","city":"三沢市","town":"日の出"}],"0012":[{"pref":"青森県","city":"三沢市","town":"平畑"}],"0152":[{"pref":"青森県","city":"三沢市","town":"深谷"}],"0051":[{"pref":"青森県","city":"三沢市","town":"古間木"}],"0044":[{"pref":"青森県","city":"三沢市","town":"古間木山"}],"0112":[{"pref":"青森県","city":"三沢市","town":"細谷"}],"0123":[{"pref":"青森県","city":"三沢市","town":"堀口"}],"0052":[{"pref":"青森県","city":"三沢市","town":"本町"}],"0143":[{"pref":"青森県","city":"三沢市","town":"前平"}],"0037":[{"pref":"青森県","city":"三沢市","town":"松園町"}],"0035":[{"pref":"青森県","city":"三沢市","town":"松原町"}],"0142":[{"pref":"青森県","city":"三沢市","town":"三川目"}],"0022":[{"pref":"青森県","city":"三沢市","town":"三沢"}],"0032":[{"pref":"青森県","city":"三沢市","town":"緑町"}],"0141":[{"pref":"青森県","city":"三沢市","town":"港町"}],"0036":[{"pref":"青森県","city":"三沢市","town":"南町"}],"0151":[{"pref":"青森県","city":"三沢市","town":"南山"}],"0033":[{"pref":"青森県","city":"三沢市","town":"美野原"}],"0111":[{"pref":"青森県","city":"三沢市","town":"六川目"}],"0045":[{"pref":"青森県","city":"三沢市","town":"薬師町"}],"0164":[{"pref":"青森県","city":"三沢市","town":"谷地頭"}],"0161":[{"pref":"青森県","city":"三沢市","town":"八幡"}],"0132":[{"pref":"青森県","city":"三沢市","town":"四川目"}],"0071":[{"pref":"青森県","city":"上北郡六戸町","town":"犬落瀬（内金矢、内山、岡沼、金沢、金矢、上淋代、木越、権現沢、"},{"pref":"青森県","city":"上北郡六戸町","town":"四木、七百、下久保「１７４を除く」、下淋代、高森、通目木、坪毛沢「２"},{"pref":"青森県","city":"上北郡六戸町","town":"５、６３７、６４１、６４３、６４７を除く」、中屋敷、沼久保、根古橋、堀切"},{"pref":"青森県","city":"上北郡六戸町","town":"沢、南平、柳沢、大曲）"}],"0072":[{"pref":"青森県","city":"上北郡六戸町","town":"折茂（今熊「２１３～２３４、２４０、２４７、２６２、２６６、２７"},{"pref":"青森県","city":"上北郡六戸町","town":"５、２７７、２８０、２９５、１１９９、１２０６、１５０４を除く」、"},{"pref":"青森県","city":"上北郡六戸町","town":"大原、沖山、上折茂「１－１３、７１－１９２を除く」）"}],"0073":[{"pref":"青森県","city":"上北郡六戸町","town":"金矢"}],"0074":[{"pref":"青森県","city":"上北郡六戸町","town":"小松ケ丘"}]}