{"8001":[{"pref":"愛知県","city":"名古屋市緑区","town":"大高町"}],"8002":[{"pref":"愛知県","city":"名古屋市緑区","town":"森の里"}],"8003":[{"pref":"愛知県","city":"名古屋市緑区","town":"大高台"}],"8004":[{"pref":"愛知県","city":"名古屋市緑区","town":"有松南"}],"8005":[{"pref":"愛知県","city":"名古屋市緑区","town":"緑花台"}],"8006":[{"pref":"愛知県","city":"名古屋市緑区","town":"倉坂"}],"8007":[{"pref":"愛知県","city":"名古屋市緑区","town":"大根山"}],"8008":[{"pref":"愛知県","city":"名古屋市緑区","town":"文久山"}],"8009":[{"pref":"愛知県","city":"名古屋市緑区","town":"清水山"}],"8011":[{"pref":"愛知県","city":"名古屋市緑区","town":"定納山"}],"8012":[{"pref":"愛知県","city":"名古屋市緑区","town":"茨谷山"}],"8013":[{"pref":"愛知県","city":"名古屋市緑区","town":"高根山"}],"8014":[{"pref":"愛知県","city":"名古屋市緑区","town":"忠治山"}],"8015":[{"pref":"愛知県","city":"名古屋市緑区","town":"別所山"}],"8016":[{"pref":"愛知県","city":"名古屋市緑区","town":"南大高"}],"8017":[{"pref":"愛知県","city":"名古屋市緑区","town":"瀬木南"}]}