{"0901":[{"pref":"宮城県","city":"仙台市宮城野区","town":"港（５丁目）"}],"0000":[{"pref":"宮城県","city":"塩竈市","town":"以下に掲載がない場合"},{"pref":"宮城県","city":"多賀城市","town":"以下に掲載がない場合"},{"pref":"宮城県","city":"宮城郡七ヶ浜町","town":"以下に掲載がない場合"}],"0082":[{"pref":"宮城県","city":"塩竈市","town":"青葉ケ丘"}],"0055":[{"pref":"宮城県","city":"塩竈市","town":"赤坂"}],"0026":[{"pref":"宮城県","city":"塩竈市","town":"旭町"}],"0012":[{"pref":"宮城県","city":"塩竈市","town":"芦畔町"}],"0081":[{"pref":"宮城県","city":"塩竈市","town":"石田"}],"0031":[{"pref":"宮城県","city":"塩竈市","town":"石堂"}],"0056":[{"pref":"宮城県","city":"塩竈市","town":"泉ケ岡"}],"0062":[{"pref":"宮城県","city":"塩竈市","town":"泉沢町"}],"0074":[{"pref":"宮城県","city":"塩竈市","town":"一森山"}],"0087":[{"pref":"宮城県","city":"塩竈市","town":"伊保石"}],"0075":[{"pref":"宮城県","city":"塩竈市","town":"今宮町"}],"0077":[{"pref":"宮城県","city":"塩竈市","town":"梅の宮"}],"0191":[{"pref":"宮城県","city":"塩竈市","town":"浦戸石浜"}],"0192":[{"pref":"宮城県","city":"塩竈市","town":"浦戸桂島"}],"0194":[{"pref":"宮城県","city":"塩竈市","town":"浦戸寒風沢"}],"0193":[{"pref":"宮城県","city":"塩竈市","town":"浦戸野々島"}],"0195":[{"pref":"宮城県","city":"塩竈市","town":"浦戸朴島"}],"0046":[{"pref":"宮城県","city":"塩竈市","town":"大日向町"}],"0021":[{"pref":"宮城県","city":"塩竈市","town":"尾島町"}],"0002":[{"pref":"宮城県","city":"塩竈市","town":"海岸通"}],"0084":[{"pref":"宮城県","city":"塩竈市","town":"楓町"}],"0085":[{"pref":"宮城県","city":"塩竈市","town":"庚塚"}],"0003":[{"pref":"宮城県","city":"塩竈市","town":"北浜"}],"0013":[{"pref":"宮城県","city":"塩竈市","town":"牛生町"}],"0054":[{"pref":"宮城県","city":"塩竈市","town":"香津町"}],"0067":[{"pref":"宮城県","city":"塩竈市","town":"後楽町"}],"0083":[{"pref":"宮城県","city":"塩竈市","town":"越ノ浦"}],"0072":[{"pref":"宮城県","city":"塩竈市","town":"小松崎"}],"0064":[{"pref":"宮城県","city":"塩竈市","town":"権現堂"}],"0025":[{"pref":"宮城県","city":"塩竈市","town":"佐浦町"}],"0063":[{"pref":"宮城県","city":"塩竈市","town":"栄町"}],"0033":[{"pref":"宮城県","city":"塩竈市","town":"桜ケ丘"}],"0061":[{"pref":"宮城県","city":"塩竈市","town":"清水沢"}],"0071":[{"pref":"宮城県","city":"塩竈市","town":"松陽台"}],"0041":[{"pref":"宮城県","city":"塩竈市","town":"白菊町"}],"0032":[{"pref":"宮城県","city":"塩竈市","town":"白萩町"}],"0022":[{"pref":"宮城県","city":"塩竈市","town":"新富町"}],"0001":[{"pref":"宮城県","city":"塩竈市","town":"新浜町"}],"0005":[{"pref":"宮城県","city":"塩竈市","town":"杉の入"}],"0006":[{"pref":"宮城県","city":"塩竈市","town":"杉の入裏"}],"0043":[{"pref":"宮城県","city":"塩竈市","town":"袖野田町"}],"0042":[{"pref":"宮城県","city":"塩竈市","town":"玉川"}],"0086":[{"pref":"宮城県","city":"塩竈市","town":"千賀の台"}],"0066":[{"pref":"宮城県","city":"塩竈市","town":"月見ケ丘"}],"0011":[{"pref":"宮城県","city":"塩竈市","town":"貞山通"}],"0015":[{"pref":"宮城県","city":"塩竈市","town":"中の島"}],"0088":[{"pref":"宮城県","city":"塩竈市","town":"長沢"}],"0076":[{"pref":"宮城県","city":"塩竈市","town":"長沢町"}],"0024":[{"pref":"宮城県","city":"塩竈市","town":"錦町"}],"0045":[{"pref":"宮城県","city":"塩竈市","town":"西玉川町"}],"0057":[{"pref":"宮城県","city":"塩竈市","town":"西町"}],"0035":[{"pref":"宮城県","city":"塩竈市","town":"野田"}],"0023":[{"pref":"宮城県","city":"塩竈市","town":"花立町"}],"0044":[{"pref":"宮城県","city":"塩竈市","town":"母子沢町"}],"0036":[{"pref":"宮城県","city":"塩竈市","town":"東玉川町"}],"0004":[{"pref":"宮城県","city":"塩竈市","town":"藤倉"}],"0014":[{"pref":"宮城県","city":"塩竈市","town":"舟入"}],"0016":[{"pref":"宮城県","city":"塩竈市","town":"港町"}],"0034":[{"pref":"宮城県","city":"塩竈市","town":"南錦町"}],"0053":[{"pref":"宮城県","city":"塩竈市","town":"南町"}],"0073":[{"pref":"宮城県","city":"塩竈市","town":"みのが丘"}],"0051":[{"pref":"宮城県","city":"塩竈市","town":"宮町"}],"0065":[{"pref":"宮城県","city":"塩竈市","town":"向ケ丘"}],"0052":[{"pref":"宮城県","city":"塩竈市","town":"本町"}],"0864":[{"pref":"宮城県","city":"多賀城市","town":"市川"}],"0861":[{"pref":"宮城県","city":"多賀城市","town":"浮島"}],"0832":[{"pref":"宮城県","city":"多賀城市","town":"大代"}],"0831":[{"pref":"宮城県","city":"多賀城市","town":"笠神"}],"0835":[{"pref":"宮城県","city":"多賀城市","town":"下馬"}],"0833":[{"pref":"宮城県","city":"多賀城市","town":"栄"}],"0842":[{"pref":"宮城県","city":"多賀城市","town":"桜木"}],"0852":[{"pref":"宮城県","city":"多賀城市","town":"山王"}],"0865":[{"pref":"宮城県","city":"多賀城市","town":"城南"}],"0862":[{"pref":"宮城県","city":"多賀城市","town":"高崎"}],"0853":[{"pref":"宮城県","city":"多賀城市","town":"高橋"}],"0873":[{"pref":"宮城県","city":"多賀城市","town":"中央"}],"0841":[{"pref":"宮城県","city":"多賀城市","town":"鶴ケ谷"}],"0872":[{"pref":"宮城県","city":"多賀城市","town":"伝上山"}],"0871":[{"pref":"宮城県","city":"多賀城市","town":"留ケ谷"}],"0846":[{"pref":"宮城県","city":"多賀城市","town":"中野"}],"0851":[{"pref":"宮城県","city":"多賀城市","town":"南宮"}],"0854":[{"pref":"宮城県","city":"多賀城市","town":"新田"}],"0863":[{"pref":"宮城県","city":"多賀城市","town":"東田中"}],"0845":[{"pref":"宮城県","city":"多賀城市","town":"町前"}],"0834":[{"pref":"宮城県","city":"多賀城市","town":"丸山"}],"0844":[{"pref":"宮城県","city":"多賀城市","town":"宮内"}],"0843":[{"pref":"宮城県","city":"多賀城市","town":"明月"}],"0874":[{"pref":"宮城県","city":"多賀城市","town":"八幡"}],"0824":[{"pref":"宮城県","city":"宮城郡七ヶ浜町","town":"境山"}],"0805":[{"pref":"宮城県","city":"宮城郡七ヶ浜町","town":"笹山"}],"0821":[{"pref":"宮城県","city":"宮城郡七ヶ浜町","town":"汐見台"}],"0822":[{"pref":"宮城県","city":"宮城郡七ヶ浜町","town":"汐見台南"}],"0811":[{"pref":"宮城県","city":"宮城郡七ヶ浜町","town":"菖蒲田浜"}],"0804":[{"pref":"宮城県","city":"宮城郡七ヶ浜町","town":"東宮浜"}],"0823":[{"pref":"宮城県","city":"宮城郡七ヶ浜町","town":"遠山"}],"0803":[{"pref":"宮城県","city":"宮城郡七ヶ浜町","town":"花渕浜"}],"0812":[{"pref":"宮城県","city":"宮城郡七ヶ浜町","town":"松ヶ浜"}],"0813":[{"pref":"宮城県","city":"宮城郡七ヶ浜町","town":"湊浜"}],"0801":[{"pref":"宮城県","city":"宮城郡七ヶ浜町","town":"代ヶ崎浜"}],"0802":[{"pref":"宮城県","city":"宮城郡七ヶ浜町","town":"吉田浜"}]}