{"0000":[{"pref":"熊本県","city":"八代市","town":"以下に掲載がない場合"}],"0844":[{"pref":"熊本県","city":"八代市","town":"旭中央通"}],"0893":[{"pref":"熊本県","city":"八代市","town":"海士江町"}],"0011":[{"pref":"熊本県","city":"八代市","town":"井揚町"}],"0825":[{"pref":"熊本県","city":"八代市","town":"井上町"}],"0081":[{"pref":"熊本県","city":"八代市","town":"植柳上町"}],"0083":[{"pref":"熊本県","city":"八代市","town":"植柳下町"}],"0084":[{"pref":"熊本県","city":"八代市","town":"植柳新町"}],"0085":[{"pref":"熊本県","city":"八代市","town":"植柳元町"}],"0035":[{"pref":"熊本県","city":"八代市","town":"大島町"}],"0852":[{"pref":"熊本県","city":"八代市","town":"大手町"}],"0895":[{"pref":"熊本県","city":"八代市","town":"大村町"}],"0013":[{"pref":"熊本県","city":"八代市","town":"沖町"}],"0813":[{"pref":"熊本県","city":"八代市","town":"上片町"}],"0824":[{"pref":"熊本県","city":"八代市","town":"上日置町"}],"0865":[{"pref":"熊本県","city":"八代市","town":"北の丸町"}],"0024":[{"pref":"熊本県","city":"八代市","town":"郡築一番町"}],"0023":[{"pref":"熊本県","city":"八代市","town":"郡築二番町"}],"0022":[{"pref":"熊本県","city":"八代市","town":"郡築三番町"}],"0021":[{"pref":"熊本県","city":"八代市","town":"郡築四番町"}],"0008":[{"pref":"熊本県","city":"八代市","town":"郡築五番町"}],"0007":[{"pref":"熊本県","city":"八代市","town":"郡築六番町"}],"0006":[{"pref":"熊本県","city":"八代市","town":"郡築七番町"}],"0005":[{"pref":"熊本県","city":"八代市","town":"郡築八番町"}],"0004":[{"pref":"熊本県","city":"八代市","town":"郡築九番町"}],"0003":[{"pref":"熊本県","city":"八代市","town":"郡築十番町"}],"0002":[{"pref":"熊本県","city":"八代市","town":"郡築十一番町"}],"0001":[{"pref":"熊本県","city":"八代市","town":"郡築十二番町"}],"0071":[{"pref":"熊本県","city":"八代市","town":"高下東町"}],"0072":[{"pref":"熊本県","city":"八代市","town":"高下西町"}],"0881":[{"pref":"熊本県","city":"八代市","town":"興国町"}],"0012":[{"pref":"熊本県","city":"八代市","town":"高小原町"}],"0894":[{"pref":"熊本県","city":"八代市","town":"上野町"}],"0897":[{"pref":"熊本県","city":"八代市","town":"古閑上町"}],"0898":[{"pref":"熊本県","city":"八代市","town":"古閑中町"}],"0892":[{"pref":"熊本県","city":"八代市","town":"古閑下町"}],"0891":[{"pref":"熊本県","city":"八代市","town":"古閑浜町"}],"0845":[{"pref":"熊本県","city":"八代市","town":"黄金町"}],"0017":[{"pref":"熊本県","city":"八代市","town":"三楽町"}],"0864":[{"pref":"熊本県","city":"八代市","town":"塩屋町"}],"0827":[{"pref":"熊本県","city":"八代市","town":"島田町"}],"0853":[{"pref":"熊本県","city":"八代市","town":"清水町"}],"0042":[{"pref":"熊本県","city":"八代市","town":"蛇籠町"}],"0823":[{"pref":"熊本県","city":"八代市","town":"十条町"}],"0032":[{"pref":"熊本県","city":"八代市","town":"新開町"}],"0016":[{"pref":"熊本県","city":"八代市","town":"新地町"}],"0031":[{"pref":"熊本県","city":"八代市","town":"新浜町"}],"0854":[{"pref":"熊本県","city":"八代市","town":"新町"}],"0034":[{"pref":"熊本県","city":"八代市","town":"新港町"}],"0832":[{"pref":"熊本県","city":"八代市","town":"末広町"}],"0053":[{"pref":"熊本県","city":"八代市","town":"千反町"}],"0054":[{"pref":"熊本県","city":"八代市","town":"栴檀町"}],"0082":[{"pref":"熊本県","city":"八代市","town":"大福寺町"}],"0014":[{"pref":"熊本県","city":"八代市","town":"高島町"}],"0866":[{"pref":"熊本県","city":"八代市","town":"鷹辻町"}],"0826":[{"pref":"熊本県","city":"八代市","town":"竹原町"}],"0045":[{"pref":"熊本県","city":"八代市","town":"建馬町"}],"0871":[{"pref":"熊本県","city":"八代市","town":"田中東町"}],"0876":[{"pref":"熊本県","city":"八代市","town":"田中西町"}],"0877":[{"pref":"熊本県","city":"八代市","town":"田中北町"}],"0872":[{"pref":"熊本県","city":"八代市","town":"田中町"}],"0015":[{"pref":"熊本県","city":"八代市","town":"築添町"}],"0857":[{"pref":"熊本県","city":"八代市","town":"出町"}],"0856":[{"pref":"熊本県","city":"八代市","town":"通町"}],"0812":[{"pref":"熊本県","city":"八代市","town":"中片町"}],"0044":[{"pref":"熊本県","city":"八代市","town":"中北町"}],"0885":[{"pref":"熊本県","city":"八代市","town":"永碇町"}],"0815":[{"pref":"熊本県","city":"八代市","town":"長田町"}],"0064":[{"pref":"熊本県","city":"八代市","town":"奈良木町"}],"0811":[{"pref":"熊本県","city":"八代市","town":"西片町"}],"0834":[{"pref":"熊本県","city":"八代市","town":"錦町"}],"0863":[{"pref":"熊本県","city":"八代市","town":"西松江城町"}],"0804":[{"pref":"熊本県","city":"八代市","town":"西宮町"}],"0831":[{"pref":"熊本県","city":"八代市","town":"萩原町"}],"0041":[{"pref":"熊本県","city":"八代市","town":"八幡町"}],"0843":[{"pref":"熊本県","city":"八代市","town":"花園町"}],"0896":[{"pref":"熊本県","city":"八代市","town":"日置町"}],"0814":[{"pref":"熊本県","city":"八代市","town":"東片町"}],"0801":[{"pref":"熊本県","city":"八代市","town":"東町"}],"0851":[{"pref":"熊本県","city":"八代市","town":"毘舎丸町"}],"0074":[{"pref":"熊本県","city":"八代市","town":"平山新町"}],"0063":[{"pref":"熊本県","city":"八代市","town":"豊原上町"}],"0062":[{"pref":"熊本県","city":"八代市","town":"豊原中町"}],"0065":[{"pref":"熊本県","city":"八代市","town":"豊原下町"}],"0821":[{"pref":"熊本県","city":"八代市","town":"福正町"}],"0822":[{"pref":"熊本県","city":"八代市","town":"福正元町"}],"0855":[{"pref":"熊本県","city":"八代市","town":"袋町"}],"0043":[{"pref":"熊本県","city":"八代市","town":"古城町"}],"0803":[{"pref":"熊本県","city":"八代市","town":"古麓町"}],"0073":[{"pref":"熊本県","city":"八代市","town":"本野町"}],"0861":[{"pref":"熊本県","city":"八代市","town":"本町"}],"0862":[{"pref":"熊本県","city":"八代市","town":"松江城町"}],"0882":[{"pref":"熊本県","city":"八代市","town":"松江本町"}],"0883":[{"pref":"熊本県","city":"八代市","town":"松江町"}],"0884":[{"pref":"熊本県","city":"八代市","town":"松崎町"}],"0841":[{"pref":"熊本県","city":"八代市","town":"緑町"}],"0033":[{"pref":"熊本県","city":"八代市","town":"港町"}],"0805":[{"pref":"熊本県","city":"八代市","town":"宮地町"}],"0802":[{"pref":"熊本県","city":"八代市","town":"妙見町"}],"0055":[{"pref":"熊本県","city":"八代市","town":"迎町"}],"0051":[{"pref":"熊本県","city":"八代市","town":"麦島東町"}],"0052":[{"pref":"熊本県","city":"八代市","town":"麦島西町"}],"0846":[{"pref":"熊本県","city":"八代市","town":"弥生町"}],"0833":[{"pref":"熊本県","city":"八代市","town":"夕葉町"}],"0875":[{"pref":"熊本県","city":"八代市","town":"横手新町"}],"0874":[{"pref":"熊本県","city":"八代市","town":"横手本町"}],"0873":[{"pref":"熊本県","city":"八代市","town":"横手町"}],"0842":[{"pref":"熊本県","city":"八代市","town":"若草町"}],"0061":[{"pref":"熊本県","city":"八代市","town":"渡町"}],"0101":[{"pref":"熊本県","city":"上天草市","town":"姫戸町姫浦"}],"0102":[{"pref":"熊本県","city":"上天草市","town":"姫戸町二間戸"}],"0201":[{"pref":"熊本県","city":"上天草市","town":"龍ケ岳町大道"}],"0202":[{"pref":"熊本県","city":"上天草市","town":"龍ケ岳町高戸"}],"0203":[{"pref":"熊本県","city":"上天草市","town":"龍ケ岳町樋島"}],"0313":[{"pref":"熊本県","city":"天草市","town":"御所浦町御所浦"}],"0334":[{"pref":"熊本県","city":"天草市","town":"御所浦町牧島"}],"0303":[{"pref":"熊本県","city":"天草市","town":"御所浦町横浦"}]}