{"0000":[{"pref":"福岡県","city":"春日市","town":"以下に掲載がない場合"},{"pref":"福岡県","city":"大野城市","town":"以下に掲載がない場合"}],"0853":[{"pref":"福岡県","city":"春日市","town":"泉"}],"0852":[{"pref":"福岡県","city":"春日市","town":"一の谷"}],"0831":[{"pref":"福岡県","city":"春日市","town":"大谷"}],"0847":[{"pref":"福岡県","city":"春日市","town":"大土居"}],"0861":[{"pref":"福岡県","city":"春日市","town":"岡本"}],"0814":[{"pref":"福岡県","city":"春日市","town":"春日"}],"0811":[{"pref":"福岡県","city":"春日市","town":"春日公園"}],"0801":[{"pref":"福岡県","city":"春日市","town":"春日原東町"}],"0803":[{"pref":"福岡県","city":"春日市","town":"春日原南町"}],"0802":[{"pref":"福岡県","city":"春日市","town":"春日原北町"}],"0844":[{"pref":"福岡県","city":"春日市","town":"上白水"}],"0824":[{"pref":"福岡県","city":"春日市","town":"小倉"}],"0826":[{"pref":"福岡県","city":"春日市","town":"小倉東"}],"0872":[{"pref":"福岡県","city":"春日市","town":"桜ケ丘"}],"0842":[{"pref":"福岡県","city":"春日市","town":"下白水"}],"0854":[{"pref":"福岡県","city":"春日市","town":"下白水北"}],"0846":[{"pref":"福岡県","city":"春日市","town":"下白水南"}],"0848":[{"pref":"福岡県","city":"春日市","town":"白水池"}],"0845":[{"pref":"福岡県","city":"春日市","town":"白水ケ丘"}],"0871":[{"pref":"福岡県","city":"春日市","town":"須玖"}],"0863":[{"pref":"福岡県","city":"春日市","town":"須玖南"}],"0864":[{"pref":"福岡県","city":"春日市","town":"須玖北"}],"0813":[{"pref":"福岡県","city":"春日市","town":"惣利"}],"0807":[{"pref":"福岡県","city":"春日市","town":"宝町"}],"0822":[{"pref":"福岡県","city":"春日市","town":"ちくし台"}],"0805":[{"pref":"福岡県","city":"春日市","town":"千歳町"}],"0841":[{"pref":"福岡県","city":"春日市","town":"塚原台"}],"0855":[{"pref":"福岡県","city":"春日市","town":"天神山"}],"0851":[{"pref":"福岡県","city":"春日市","town":"昇町"}],"0825":[{"pref":"福岡県","city":"春日市","town":"伯玄町"}],"0804":[{"pref":"福岡県","city":"春日市","town":"原町"}],"0806":[{"pref":"福岡県","city":"春日市","town":"光町"}],"0873":[{"pref":"福岡県","city":"春日市","town":"日の出町"}],"0812":[{"pref":"福岡県","city":"春日市","town":"平田台"}],"0849":[{"pref":"福岡県","city":"春日市","town":"星見ヶ丘"}],"0843":[{"pref":"福岡県","city":"春日市","town":"松ケ丘"}],"0833":[{"pref":"福岡県","city":"春日市","town":"紅葉ケ丘東"}],"0832":[{"pref":"福岡県","city":"春日市","town":"紅葉ケ丘西"}],"0874":[{"pref":"福岡県","city":"春日市","town":"大和町"}],"0862":[{"pref":"福岡県","city":"春日市","town":"弥生"}],"0821":[{"pref":"福岡県","city":"春日市","town":"若葉台東"}],"0823":[{"pref":"福岡県","city":"春日市","town":"若葉台西"}],"0934":[{"pref":"福岡県","city":"大野城市","town":"曙町"}],"0953":[{"pref":"福岡県","city":"大野城市","town":"旭ケ丘"}],"0971":[{"pref":"福岡県","city":"大野城市","town":"牛頸"}],"0904":[{"pref":"福岡県","city":"大野城市","town":"大池"}],"0911":[{"pref":"福岡県","city":"大野城市","town":"大城"}],"0902":[{"pref":"福岡県","city":"大野城市","town":"乙金"}],"0903":[{"pref":"福岡県","city":"大野城市","town":"乙金台"}],"0901":[{"pref":"福岡県","city":"大野城市","town":"乙金東"}],"0955":[{"pref":"福岡県","city":"大野城市","town":"上大利"}],"0905":[{"pref":"福岡県","city":"大野城市","town":"川久保"}],"0932":[{"pref":"福岡県","city":"大野城市","town":"瓦田"}],"0924":[{"pref":"福岡県","city":"大野城市","town":"栄町"}],"0923":[{"pref":"福岡県","city":"大野城市","town":"雑餉隈町"}],"0952":[{"pref":"福岡県","city":"大野城市","town":"下大利"}],"0951":[{"pref":"福岡県","city":"大野城市","town":"下大利団地"}],"0943":[{"pref":"福岡県","city":"大野城市","town":"白木原"}],"0942":[{"pref":"福岡県","city":"大野城市","town":"中央"}],"0983":[{"pref":"福岡県","city":"大野城市","town":"月の浦"}],"0931":[{"pref":"福岡県","city":"大野城市","town":"筒井"}],"0962":[{"pref":"福岡県","city":"大野城市","town":"つつじケ丘"}],"0906":[{"pref":"福岡県","city":"大野城市","town":"中"}],"0921":[{"pref":"福岡県","city":"大野城市","town":"仲畑"}],"0935":[{"pref":"福岡県","city":"大野城市","town":"錦町"}],"0982":[{"pref":"福岡県","city":"大野城市","town":"畑ケ坂"}],"0941":[{"pref":"福岡県","city":"大野城市","town":"東大利"}],"0972":[{"pref":"福岡県","city":"大野城市","town":"平野台"}],"0912":[{"pref":"福岡県","city":"大野城市","town":"御笠川"}],"0933":[{"pref":"福岡県","city":"大野城市","town":"瑞穂町"}],"0961":[{"pref":"福岡県","city":"大野城市","town":"緑ケ丘"}],"0956":[{"pref":"福岡県","city":"大野城市","town":"南大利"}],"0964":[{"pref":"福岡県","city":"大野城市","town":"南ケ丘"}],"0963":[{"pref":"福岡県","city":"大野城市","town":"宮野台"}],"0954":[{"pref":"福岡県","city":"大野城市","town":"紫台"}],"0922":[{"pref":"福岡県","city":"大野城市","town":"山田"}],"0973":[{"pref":"福岡県","city":"大野城市","town":"横峰"}],"0981":[{"pref":"福岡県","city":"大野城市","town":"若草"}]}