{"0000":[{"pref":"香川県","city":"丸亀市","town":"以下に掲載がない場合"}],"0084":[{"pref":"香川県","city":"丸亀市","town":"飯野町東二"}],"0085":[{"pref":"香川県","city":"丸亀市","town":"飯野町東分"}],"0086":[{"pref":"香川県","city":"丸亀市","town":"飯野町西分"}],"0025":[{"pref":"香川県","city":"丸亀市","town":"一番丁"}],"0051":[{"pref":"香川県","city":"丸亀市","town":"今津町"}],"0006":[{"pref":"香川県","city":"丸亀市","town":"魚屋町"}],"0231":[{"pref":"香川県","city":"丸亀市","town":"牛島"}],"0034":[{"pref":"香川県","city":"丸亀市","town":"大手町"}],"0053":[{"pref":"香川県","city":"丸亀市","town":"金倉町"}],"0003":[{"pref":"香川県","city":"丸亀市","town":"葭町"}],"0092":[{"pref":"香川県","city":"丸亀市","town":"川西町南"}],"0091":[{"pref":"香川県","city":"丸亀市","town":"川西町北"}],"0002":[{"pref":"香川県","city":"丸亀市","town":"瓦町"}],"0015":[{"pref":"香川県","city":"丸亀市","town":"北平山町"}],"0073":[{"pref":"香川県","city":"丸亀市","town":"柞原町"}],"0029":[{"pref":"香川県","city":"丸亀市","town":"九番丁"}],"0093":[{"pref":"香川県","city":"丸亀市","town":"郡家町"}],"0014":[{"pref":"香川県","city":"丸亀市","town":"御供所町"}],"0004":[{"pref":"香川県","city":"丸亀市","town":"米屋町"}],"0048":[{"pref":"香川県","city":"丸亀市","town":"幸町"}],"0094":[{"pref":"香川県","city":"丸亀市","town":"三条町"}],"0065":[{"pref":"香川県","city":"丸亀市","town":"塩屋町"}],"0027":[{"pref":"香川県","city":"丸亀市","town":"七番丁"}],"0030":[{"pref":"香川県","city":"丸亀市","town":"十番丁"}],"0013":[{"pref":"香川県","city":"丸亀市","town":"城東町"}],"0031":[{"pref":"香川県","city":"丸亀市","town":"城南町"}],"0032":[{"pref":"香川県","city":"丸亀市","town":"城西町"}],"0061":[{"pref":"香川県","city":"丸亀市","town":"昭和町"}],"0024":[{"pref":"香川県","city":"丸亀市","town":"塩飽町"}],"0055":[{"pref":"香川県","city":"丸亀市","town":"新田町"}],"0063":[{"pref":"香川県","city":"丸亀市","town":"新浜町"}],"0045":[{"pref":"香川県","city":"丸亀市","town":"新町"}],"0007":[{"pref":"香川県","city":"丸亀市","town":"宗古町"}],"0071":[{"pref":"香川県","city":"丸亀市","town":"田村町"}],"0095":[{"pref":"香川県","city":"丸亀市","town":"垂水町"}],"0052":[{"pref":"香川県","city":"丸亀市","town":"津森町"}],"0111":[{"pref":"香川県","city":"丸亀市","town":"手島町"}],"0066":[{"pref":"香川県","city":"丸亀市","town":"天満町"}],"0043":[{"pref":"香川県","city":"丸亀市","town":"通町"}],"0021":[{"pref":"香川県","city":"丸亀市","town":"富屋町"}],"0012":[{"pref":"香川県","city":"丸亀市","town":"土居町"}],"0082":[{"pref":"香川県","city":"丸亀市","town":"土器町東"}],"0081":[{"pref":"香川県","city":"丸亀市","town":"土器町西"}],"0083":[{"pref":"香川県","city":"丸亀市","town":"土器町北"}],"0054":[{"pref":"香川県","city":"丸亀市","town":"中津町"}],"0033":[{"pref":"香川県","city":"丸亀市","town":"中府町"}],"0046":[{"pref":"香川県","city":"丸亀市","town":"南条町"}],"0041":[{"pref":"香川県","city":"丸亀市","town":"西平山町"}],"0047":[{"pref":"香川県","city":"丸亀市","town":"西本町"}],"0028":[{"pref":"香川県","city":"丸亀市","town":"八番丁"}],"0022":[{"pref":"香川県","city":"丸亀市","town":"浜町"}],"0075":[{"pref":"香川県","city":"丸亀市","town":"原田団地"}],"0074":[{"pref":"香川県","city":"丸亀市","town":"原田町"}],"0105":[{"pref":"香川県","city":"丸亀市","town":"広島町青木"}],"0106":[{"pref":"香川県","city":"丸亀市","town":"広島町市井"}],"0102":[{"pref":"香川県","city":"丸亀市","town":"広島町江の浦"}],"0108":[{"pref":"香川県","city":"丸亀市","town":"広島町小手島"}],"0103":[{"pref":"香川県","city":"丸亀市","town":"広島町釜の越"}],"0104":[{"pref":"香川県","city":"丸亀市","town":"広島町甲路"}],"0101":[{"pref":"香川県","city":"丸亀市","town":"広島町立石"}],"0107":[{"pref":"香川県","city":"丸亀市","town":"広島町茂浦"}],"0044":[{"pref":"香川県","city":"丸亀市","town":"福島町"}],"0011":[{"pref":"香川県","city":"丸亀市","town":"富士見町"}],"0001":[{"pref":"香川県","city":"丸亀市","town":"風袋町"}],"0062":[{"pref":"香川県","city":"丸亀市","town":"蓬莱町"}],"0225":[{"pref":"香川県","city":"丸亀市","town":"本島町生ノ浜"}],"0228":[{"pref":"香川県","city":"丸亀市","town":"本島町大浦"}],"0221":[{"pref":"香川県","city":"丸亀市","town":"本島町笠島"}],"0222":[{"pref":"香川県","city":"丸亀市","town":"本島町甲生"}],"0224":[{"pref":"香川県","city":"丸亀市","town":"本島町小阪"}],"0226":[{"pref":"香川県","city":"丸亀市","town":"本島町尻浜"}],"0223":[{"pref":"香川県","city":"丸亀市","town":"本島町泊"}],"0227":[{"pref":"香川県","city":"丸亀市","town":"本島町福田"}],"0023":[{"pref":"香川県","city":"丸亀市","town":"本町"}],"0064":[{"pref":"香川県","city":"丸亀市","town":"前塩屋町"}],"0005":[{"pref":"香川県","city":"丸亀市","town":"松屋町"}],"0042":[{"pref":"香川県","city":"丸亀市","town":"港町"}],"0072":[{"pref":"香川県","city":"丸亀市","town":"山北町"}],"0026":[{"pref":"香川県","city":"丸亀市","town":"六番丁"}]}