{"0000":[{"pref":"愛知県","city":"名古屋市守山区","town":"以下に掲載がない場合"}],"0815":[{"pref":"愛知県","city":"名古屋市守山区","town":"青葉台"}],"0805":[{"pref":"愛知県","city":"名古屋市守山区","town":"青山台"}],"0037":[{"pref":"愛知県","city":"名古屋市守山区","town":"天子田"}],"0804":[{"pref":"愛知県","city":"名古屋市守山区","town":"泉が丘"}],"0075":[{"pref":"愛知県","city":"名古屋市守山区","town":"市場"}],"0023":[{"pref":"愛知県","city":"名古屋市守山区","town":"今尻町"}],"0094":[{"pref":"愛知県","city":"名古屋市守山区","town":"牛牧"}],"0044":[{"pref":"愛知県","city":"名古屋市守山区","town":"太田井"}],"0041":[{"pref":"愛知県","city":"名古屋市守山区","town":"大谷町"}],"0085":[{"pref":"愛知県","city":"名古屋市守山区","town":"大牧町"}],"0021":[{"pref":"愛知県","city":"名古屋市守山区","town":"大森"}],"0802":[{"pref":"愛知県","city":"名古屋市守山区","town":"大森北"}],"0028":[{"pref":"愛知県","city":"名古屋市守山区","town":"大森八龍"}],"0016":[{"pref":"愛知県","city":"名古屋市守山区","town":"大屋敷"}],"0011":[{"pref":"愛知県","city":"名古屋市守山区","town":"小幡"}],"0051":[{"pref":"愛知県","city":"名古屋市守山区","town":"小幡太田"}],"0008":[{"pref":"愛知県","city":"名古屋市守山区","town":"小幡北"}],"0047":[{"pref":"愛知県","city":"名古屋市守山区","town":"小幡常燈"}],"0053":[{"pref":"愛知県","city":"名古屋市守山区","town":"小幡千代田"}],"0013":[{"pref":"愛知県","city":"名古屋市守山区","town":"小幡中"}],"0052":[{"pref":"愛知県","city":"名古屋市守山区","town":"小幡宮ノ腰"}],"0048":[{"pref":"愛知県","city":"名古屋市守山区","town":"小幡南"}],"0072":[{"pref":"愛知県","city":"名古屋市守山区","town":"金屋"}],"0001":[{"pref":"愛知県","city":"名古屋市守山区","town":"上志段味"}],"0005":[{"pref":"愛知県","city":"名古屋市守山区","town":"川"}],"0091":[{"pref":"愛知県","city":"名古屋市守山区","town":"川上町"}],"0098":[{"pref":"愛知県","city":"名古屋市守山区","town":"川北町"}],"0080":[{"pref":"愛知県","city":"名古屋市守山区","town":"川西"}],"0006":[{"pref":"愛知県","city":"名古屋市守山区","town":"川東山"}],"0081":[{"pref":"愛知県","city":"名古屋市守山区","town":"川宮町"}],"0097":[{"pref":"愛知県","city":"名古屋市守山区","town":"川村町"}],"0814":[{"pref":"愛知県","city":"名古屋市守山区","town":"桔梗平"}],"0017":[{"pref":"愛知県","city":"名古屋市守山区","town":"喜多山"}],"0043":[{"pref":"愛知県","city":"名古屋市守山区","town":"喜多山南"}],"0004":[{"pref":"愛知県","city":"名古屋市守山区","town":"吉根"}],"0813":[{"pref":"愛知県","city":"名古屋市守山区","town":"吉根南"}],"0079":[{"pref":"愛知県","city":"名古屋市守山区","town":"幸心"}],"0029":[{"pref":"愛知県","city":"名古屋市守山区","town":"御膳洞"}],"0054":[{"pref":"愛知県","city":"名古屋市守山区","town":"小六町"}],"0812":[{"pref":"愛知県","city":"名古屋市守山区","town":"笹ヶ根"}],"0064":[{"pref":"愛知県","city":"名古屋市守山区","town":"更屋敷"}],"0034":[{"pref":"愛知県","city":"名古屋市守山区","town":"四軒家"}],"0003":[{"pref":"愛知県","city":"名古屋市守山区","town":"下志段味"}],"0092":[{"pref":"愛知県","city":"名古屋市守山区","town":"白沢町"}],"0093":[{"pref":"愛知県","city":"名古屋市守山区","town":"城土町"}],"0014":[{"pref":"愛知県","city":"名古屋市守山区","town":"城南町"}],"0056":[{"pref":"愛知県","city":"名古屋市守山区","town":"新城"}],"0071":[{"pref":"愛知県","city":"名古屋市守山区","town":"新守町"}],"0069":[{"pref":"愛知県","city":"名古屋市守山区","town":"新守西"}],"0070":[{"pref":"愛知県","city":"名古屋市守山区","town":"新守山"}],"0010":[{"pref":"愛知県","city":"名古屋市守山区","town":"翠松園"}],"0078":[{"pref":"愛知県","city":"名古屋市守山区","town":"瀬古（大字）"}],"0068":[{"pref":"愛知県","city":"名古屋市守山区","town":"瀬古（丁目）"}],"0090":[{"pref":"愛知県","city":"名古屋市守山区","town":"瀬古東"}],"0087":[{"pref":"愛知県","city":"名古屋市守山区","town":"大永寺町"}],"0095":[{"pref":"愛知県","city":"名古屋市守山区","town":"高島町"}],"0012":[{"pref":"愛知県","city":"名古屋市守山区","town":"茶臼前"}],"0062":[{"pref":"愛知県","city":"名古屋市守山区","town":"長栄"}],"0807":[{"pref":"愛知県","city":"名古屋市守山区","town":"鼓が丘"}],"0088":[{"pref":"愛知県","city":"名古屋市守山区","town":"鳥神町"}],"0076":[{"pref":"愛知県","city":"名古屋市守山区","town":"鳥羽見"}],"0046":[{"pref":"愛知県","city":"名古屋市守山区","town":"苗代"}],"0002":[{"pref":"愛知県","city":"名古屋市守山区","town":"中志段味"}],"0057":[{"pref":"愛知県","city":"名古屋市守山区","town":"中新"}],"0086":[{"pref":"愛知県","city":"名古屋市守山区","town":"永森町"}],"0089":[{"pref":"愛知県","city":"名古屋市守山区","town":"西川原町"}],"0084":[{"pref":"愛知県","city":"名古屋市守山区","town":"西城"}],"0055":[{"pref":"愛知県","city":"名古屋市守山区","town":"西新"}],"0015":[{"pref":"愛知県","city":"名古屋市守山区","town":"西島町"}],"0065":[{"pref":"愛知県","city":"名古屋市守山区","town":"廿軒家"}],"0032":[{"pref":"愛知県","city":"名古屋市守山区","town":"白山"}],"0063":[{"pref":"愛知県","city":"名古屋市守山区","town":"八反"}],"0808":[{"pref":"愛知県","city":"名古屋市守山区","town":"花咲台"}],"0038":[{"pref":"愛知県","city":"名古屋市守山区","town":"原境町"}],"0061":[{"pref":"愛知県","city":"名古屋市守山区","town":"東山町"}],"0045":[{"pref":"愛知県","city":"名古屋市守山区","town":"菱池町"}],"0803":[{"pref":"愛知県","city":"名古屋市守山区","town":"日の後"}],"0809":[{"pref":"愛知県","city":"名古屋市守山区","town":"平池東"}],"0811":[{"pref":"愛知県","city":"名古屋市守山区","town":"深沢"}],"0027":[{"pref":"愛知県","city":"名古屋市守山区","town":"弁天が丘"}],"0031":[{"pref":"愛知県","city":"名古屋市守山区","town":"本地が丘"}],"0066":[{"pref":"愛知県","city":"名古屋市守山区","town":"町南"}],"0074":[{"pref":"愛知県","city":"名古屋市守山区","town":"町北"}],"0007":[{"pref":"愛知県","city":"名古屋市守山区","town":"松坂町"}],"0009":[{"pref":"愛知県","city":"名古屋市守山区","town":"緑ケ丘"}],"0036":[{"pref":"愛知県","city":"名古屋市守山区","town":"向台"}],"0083":[{"pref":"愛知県","city":"名古屋市守山区","town":"村合町"}],"0082":[{"pref":"愛知県","city":"名古屋市守山区","town":"村前町"}],"0025":[{"pref":"愛知県","city":"名古屋市守山区","town":"元郷"}],"0035":[{"pref":"愛知県","city":"名古屋市守山区","town":"森孝"}],"0033":[{"pref":"愛知県","city":"名古屋市守山区","town":"森孝東"}],"0073":[{"pref":"愛知県","city":"名古屋市守山区","town":"守牧町"}],"0096":[{"pref":"愛知県","city":"名古屋市守山区","town":"森宮町"}],"0067":[{"pref":"愛知県","city":"名古屋市守山区","town":"守山（丁目）"}],"0077":[{"pref":"愛知県","city":"名古屋市守山区","town":"守山（番地）"}],"0022":[{"pref":"愛知県","city":"名古屋市守山区","town":"八剣"}],"0042":[{"pref":"愛知県","city":"名古屋市守山区","town":"野萩町"}],"0026":[{"pref":"愛知県","city":"名古屋市守山区","town":"藪田町"}],"0806":[{"pref":"愛知県","city":"名古屋市守山区","town":"百合が丘"}],"0801":[{"pref":"愛知県","city":"名古屋市守山区","town":"竜泉寺"}],"0024":[{"pref":"愛知県","city":"名古屋市守山区","town":"脇田町"}]}