{"1101":[{"pref":"沖縄県","city":"うるま市","town":"石川東山本町"}],"1102":[{"pref":"沖縄県","city":"うるま市","town":"石川東山"}],"1103":[{"pref":"沖縄県","city":"うるま市","town":"石川赤崎"}],"1104":[{"pref":"沖縄県","city":"うるま市","town":"石川石崎"}],"1105":[{"pref":"沖縄県","city":"うるま市","town":"石川白浜"}],"1106":[{"pref":"沖縄県","city":"うるま市","town":"石川"}],"1107":[{"pref":"沖縄県","city":"うるま市","town":"石川曙"}],"1108":[{"pref":"沖縄県","city":"うるま市","town":"石川東恩納崎"}],"1111":[{"pref":"沖縄県","city":"うるま市","town":"石川東恩納"}],"1112":[{"pref":"沖縄県","city":"うるま市","town":"石川楚南"}],"1113":[{"pref":"沖縄県","city":"うるま市","town":"石川山城"}],"1114":[{"pref":"沖縄県","city":"うるま市","town":"石川嘉手苅"}],"1115":[{"pref":"沖縄県","city":"うるま市","town":"石川伊波"}],"1200":[{"pref":"沖縄県","city":"国頭郡金武町","town":"以下に掲載がない場合"}],"1201":[{"pref":"沖縄県","city":"国頭郡金武町","town":"金武"}],"1202":[{"pref":"沖縄県","city":"国頭郡金武町","town":"伊芸"}],"1203":[{"pref":"沖縄県","city":"国頭郡金武町","town":"屋嘉"}],"1300":[{"pref":"沖縄県","city":"国頭郡宜野座村","town":"以下に掲載がない場合"}],"1301":[{"pref":"沖縄県","city":"国頭郡宜野座村","town":"松田"}],"1302":[{"pref":"沖縄県","city":"国頭郡宜野座村","town":"宜野座"}],"1303":[{"pref":"沖縄県","city":"国頭郡宜野座村","town":"惣慶"}],"1304":[{"pref":"沖縄県","city":"国頭郡宜野座村","town":"漢那"}],"2141":[{"pref":"沖縄県","city":"沖縄市","town":"池原"}],"2142":[{"pref":"沖縄県","city":"沖縄市","town":"登川"}],"2143":[{"pref":"沖縄県","city":"沖縄市","town":"知花"}],"2144":[{"pref":"沖縄県","city":"沖縄市","town":"白川"}],"2145":[{"pref":"沖縄県","city":"沖縄市","town":"倉敷"}],"2151":[{"pref":"沖縄県","city":"沖縄市","town":"松本"}],"2152":[{"pref":"沖縄県","city":"沖縄市","town":"明道"}],"2153":[{"pref":"沖縄県","city":"沖縄市","town":"美里"}],"2154":[{"pref":"沖縄県","city":"沖縄市","town":"東"}],"2155":[{"pref":"沖縄県","city":"沖縄市","town":"美原"}],"2156":[{"pref":"沖縄県","city":"沖縄市","town":"美里仲原町"}],"2161":[{"pref":"沖縄県","city":"沖縄市","town":"古謝"}],"2162":[{"pref":"沖縄県","city":"沖縄市","town":"海邦"},{"pref":"沖縄県","city":"沖縄市","town":"海邦町"}],"2163":[{"pref":"沖縄県","city":"沖縄市","town":"大里"}],"2164":[{"pref":"沖縄県","city":"沖縄市","town":"桃原"}],"2165":[{"pref":"沖縄県","city":"沖縄市","town":"宮里"}],"2166":[{"pref":"沖縄県","city":"沖縄市","town":"古謝津嘉山町"}],"2171":[{"pref":"沖縄県","city":"沖縄市","town":"高原"}],"2172":[{"pref":"沖縄県","city":"沖縄市","town":"泡瀬"}],"2173":[{"pref":"沖縄県","city":"沖縄市","town":"比屋根"}],"2174":[{"pref":"沖縄県","city":"沖縄市","town":"与儀"}],"2175":[{"pref":"沖縄県","city":"沖縄市","town":"潮乃森"}],"2200":[{"pref":"沖縄県","city":"うるま市","town":"以下に掲載がない場合"}],"2201":[{"pref":"沖縄県","city":"うるま市","town":"昆布"}],"2202":[{"pref":"沖縄県","city":"うるま市","town":"天願"}],"2203":[{"pref":"沖縄県","city":"うるま市","town":"川崎"}],"2204":[{"pref":"沖縄県","city":"うるま市","town":"西原"}],"2205":[{"pref":"沖縄県","city":"うるま市","town":"栄野比"}],"2211":[{"pref":"沖縄県","city":"うるま市","town":"宇堅"}],"2212":[{"pref":"沖縄県","city":"うるま市","town":"赤野"}],"2213":[{"pref":"沖縄県","city":"うるま市","town":"田場"}],"2214":[{"pref":"沖縄県","city":"うるま市","town":"安慶名"}],"2215":[{"pref":"沖縄県","city":"うるま市","town":"みどり町"}],"2221":[{"pref":"沖縄県","city":"うるま市","town":"平良川"}],"2222":[{"pref":"沖縄県","city":"うるま市","town":"上江洲"}],"2223":[{"pref":"沖縄県","city":"うるま市","town":"具志川"}],"2224":[{"pref":"沖縄県","city":"うるま市","town":"大田"}],"2225":[{"pref":"沖縄県","city":"うるま市","town":"喜屋武"}],"2226":[{"pref":"沖縄県","city":"うるま市","town":"仲嶺"}],"2231":[{"pref":"沖縄県","city":"うるま市","town":"塩屋"}],"2232":[{"pref":"沖縄県","city":"うるま市","town":"川田"}],"2233":[{"pref":"沖縄県","city":"うるま市","town":"豊原"}],"2234":[{"pref":"沖縄県","city":"うるま市","town":"州崎"}],"2235":[{"pref":"沖縄県","city":"うるま市","town":"前原"}],"2236":[{"pref":"沖縄県","city":"うるま市","town":"喜仲"}],"2241":[{"pref":"沖縄県","city":"うるま市","town":"兼箇段"}],"2242":[{"pref":"沖縄県","city":"うるま市","town":"高江洲"}],"2243":[{"pref":"沖縄県","city":"うるま市","town":"宮里"}],"2244":[{"pref":"沖縄県","city":"うるま市","town":"江洲"}],"2245":[{"pref":"沖縄県","city":"うるま市","town":"赤道"}],"2301":[{"pref":"沖縄県","city":"うるま市","town":"与那城照間"}],"2302":[{"pref":"沖縄県","city":"うるま市","town":"与那城西原"}],"2303":[{"pref":"沖縄県","city":"うるま市","town":"与那城"}],"2304":[{"pref":"沖縄県","city":"うるま市","town":"与那城屋慶名"}],"2305":[{"pref":"沖縄県","city":"うるま市","town":"与那城中央"}],"2306":[{"pref":"沖縄県","city":"うるま市","town":"与那城安勢理"}],"2307":[{"pref":"沖縄県","city":"うるま市","town":"与那城饒辺"}],"2311":[{"pref":"沖縄県","city":"うるま市","town":"勝連南風原"}],"2312":[{"pref":"沖縄県","city":"うるま市","town":"勝連平安名"}],"2313":[{"pref":"沖縄県","city":"うるま市","town":"勝連内間"}],"2314":[{"pref":"沖縄県","city":"うるま市","town":"勝連平敷屋"}],"2315":[{"pref":"沖縄県","city":"うるま市","town":"勝連浜"}],"2316":[{"pref":"沖縄県","city":"うるま市","town":"勝連比嘉"}],"2317":[{"pref":"沖縄県","city":"うるま市","town":"勝連津堅"}],"2421":[{"pref":"沖縄県","city":"うるま市","town":"与那城伊計"}],"2422":[{"pref":"沖縄県","city":"うるま市","town":"与那城池味"}],"2423":[{"pref":"沖縄県","city":"うるま市","town":"与那城宮城"}],"2424":[{"pref":"沖縄県","city":"うるま市","town":"与那城上原"}],"2425":[{"pref":"沖縄県","city":"うるま市","town":"与那城桃原"}],"2426":[{"pref":"沖縄県","city":"うるま市","town":"与那城平安座"}],"2427":[{"pref":"沖縄県","city":"うるま市","town":"与那城屋平"}],"2428":[{"pref":"沖縄県","city":"うるま市","town":"与那城平宮"}],"0000":[{"pref":"沖縄県","city":"沖縄市","town":"以下に掲載がない場合"}],"0012":[{"pref":"沖縄県","city":"沖縄市","town":"安慶田"}],"0031":[{"pref":"沖縄県","city":"沖縄市","town":"上地"}],"0005":[{"pref":"沖縄県","city":"沖縄市","town":"嘉間良"}],"0023":[{"pref":"沖縄県","city":"沖縄市","town":"久保田"}],"0001":[{"pref":"沖縄県","city":"沖縄市","town":"越来"}],"0021":[{"pref":"沖縄県","city":"沖縄市","town":"胡屋"}],"0002":[{"pref":"沖縄県","city":"沖縄市","town":"城前町"}],"0003":[{"pref":"沖縄県","city":"沖縄市","town":"住吉"}],"0022":[{"pref":"沖縄県","city":"沖縄市","town":"園田"}],"0004":[{"pref":"沖縄県","city":"沖縄市","town":"中央"}],"0011":[{"pref":"沖縄県","city":"沖縄市","town":"照屋"}],"0014":[{"pref":"沖縄県","city":"沖縄市","town":"仲宗根町"}],"0035":[{"pref":"沖縄県","city":"沖縄市","town":"南桃原"}],"0013":[{"pref":"沖縄県","city":"沖縄市","town":"室川"}],"0032":[{"pref":"沖縄県","city":"沖縄市","town":"諸見里"}],"0006":[{"pref":"沖縄県","city":"沖縄市","town":"八重島"}],"0034":[{"pref":"沖縄県","city":"沖縄市","town":"山内"}],"0033":[{"pref":"沖縄県","city":"沖縄市","town":"山里"}],"0400":[{"pref":"沖縄県","city":"国頭郡恩納村","town":"以下に掲載がない場合"}],"0402":[{"pref":"沖縄県","city":"国頭郡恩納村","town":"安富祖"}],"0411":[{"pref":"沖縄県","city":"国頭郡恩納村","town":"恩納"}],"0403":[{"pref":"沖縄県","city":"国頭郡恩納村","town":"喜瀬武原"}],"0404":[{"pref":"沖縄県","city":"国頭郡恩納村","town":"瀬良垣"}],"0412":[{"pref":"沖縄県","city":"国頭郡恩納村","town":"谷茶"}],"0415":[{"pref":"沖縄県","city":"国頭郡恩納村","town":"仲泊"}],"0401":[{"pref":"沖縄県","city":"国頭郡恩納村","town":"名嘉真"}],"0413":[{"pref":"沖縄県","city":"国頭郡恩納村","town":"冨着"}],"0414":[{"pref":"沖縄県","city":"国頭郡恩納村","town":"前兼久"}],"0417":[{"pref":"沖縄県","city":"国頭郡恩納村","town":"真栄田"}],"0416":[{"pref":"沖縄県","city":"国頭郡恩納村","town":"山田"}],"0300":[{"pref":"沖縄県","city":"中頭郡読谷村","town":"以下に掲載がない場合"}],"0303":[{"pref":"沖縄県","city":"中頭郡読谷村","town":"伊良皆"}],"0321":[{"pref":"沖縄県","city":"中頭郡読谷村","town":"上地"}],"0328":[{"pref":"沖縄県","city":"中頭郡読谷村","town":"宇座"}],"0316":[{"pref":"沖縄県","city":"中頭郡読谷村","town":"大木"}],"0313":[{"pref":"沖縄県","city":"中頭郡読谷村","town":"大湾"}],"0302":[{"pref":"沖縄県","city":"中頭郡読谷村","town":"喜名"}],"0327":[{"pref":"沖縄県","city":"中頭郡読谷村","town":"儀間"}],"0301":[{"pref":"沖縄県","city":"中頭郡読谷村","town":"座喜味"}],"0325":[{"pref":"沖縄県","city":"中頭郡読谷村","town":"瀬名波"}],"0304":[{"pref":"沖縄県","city":"中頭郡読谷村","town":"楚辺"}],"0323":[{"pref":"沖縄県","city":"中頭郡読谷村","town":"高志保"}],"0315":[{"pref":"沖縄県","city":"中頭郡読谷村","town":"渡具知"}],"0326":[{"pref":"沖縄県","city":"中頭郡読谷村","town":"渡慶次"}],"0305":[{"pref":"沖縄県","city":"中頭郡読谷村","town":"都屋"}],"0324":[{"pref":"沖縄県","city":"中頭郡読谷村","town":"長浜"}],"0322":[{"pref":"沖縄県","city":"中頭郡読谷村","town":"波平"}],"0311":[{"pref":"沖縄県","city":"中頭郡読谷村","town":"比謝"}],"0312":[{"pref":"沖縄県","city":"中頭郡読谷村","town":"比謝矼"}],"0314":[{"pref":"沖縄県","city":"中頭郡読谷村","town":"古堅"}],"0200":[{"pref":"沖縄県","city":"中頭郡嘉手納町","town":"以下に掲載がない場合"}],"0203":[{"pref":"沖縄県","city":"中頭郡嘉手納町","town":"嘉手納"}],"0205":[{"pref":"沖縄県","city":"中頭郡嘉手納町","town":"兼久"}],"0201":[{"pref":"沖縄県","city":"中頭郡嘉手納町","town":"久得"}],"0204":[{"pref":"沖縄県","city":"中頭郡嘉手納町","town":"水釜"}],"0202":[{"pref":"沖縄県","city":"中頭郡嘉手納町","town":"屋良"}],"0100":[{"pref":"沖縄県","city":"中頭郡北谷町","town":"以下に掲載がない場合"}],"0102":[{"pref":"沖縄県","city":"中頭郡北谷町","town":"伊平"}],"0107":[{"pref":"沖縄県","city":"中頭郡北谷町","town":"大村"}],"0101":[{"pref":"沖縄県","city":"中頭郡北谷町","town":"上勢頭"}],"0117":[{"pref":"沖縄県","city":"中頭郡北谷町","town":"北前"}],"0103":[{"pref":"沖縄県","city":"中頭郡北谷町","town":"桑江"}],"0111":[{"pref":"沖縄県","city":"中頭郡北谷町","town":"砂辺"}],"0106":[{"pref":"沖縄県","city":"中頭郡北谷町","town":"玉上"}],"0116":[{"pref":"沖縄県","city":"中頭郡北谷町","town":"北谷"}],"0104":[{"pref":"沖縄県","city":"中頭郡北谷町","town":"桃原"}],"0112":[{"pref":"沖縄県","city":"中頭郡北谷町","town":"浜川"}],"0114":[{"pref":"沖縄県","city":"中頭郡北谷町","town":"港"}],"0115":[{"pref":"沖縄県","city":"中頭郡北谷町","town":"美浜"}],"0113":[{"pref":"沖縄県","city":"中頭郡北谷町","town":"宮城"}],"0105":[{"pref":"沖縄県","city":"中頭郡北谷町","town":"吉原"}]}