{"1201":[{"pref":"岡山県","city":"岡山市南区","town":"北七区"}],"1202":[{"pref":"岡山県","city":"岡山市南区","town":"西七区"}],"1203":[{"pref":"岡山県","city":"岡山市南区","town":"西紅陽台"}],"1204":[{"pref":"岡山県","city":"岡山市南区","town":"西高崎"}],"1211":[{"pref":"岡山県","city":"岡山市南区","town":"迫川"}],"1212":[{"pref":"岡山県","city":"岡山市南区","town":"奥迫川"}],"1213":[{"pref":"岡山県","city":"岡山市南区","town":"彦崎"}],"1214":[{"pref":"岡山県","city":"岡山市南区","town":"川張"}],"1215":[{"pref":"岡山県","city":"岡山市南区","town":"片岡"}],"1216":[{"pref":"岡山県","city":"岡山市南区","town":"宗津"}],"2101":[{"pref":"岡山県","city":"岡山市北区","town":"御津石上"}],"2102":[{"pref":"岡山県","city":"岡山市北区","town":"御津中畑"}],"2103":[{"pref":"岡山県","city":"岡山市北区","town":"御津矢知"}],"2104":[{"pref":"岡山県","city":"岡山市北区","town":"御津平岡西"}],"2105":[{"pref":"岡山県","city":"岡山市北区","town":"御津伊田"}],"2106":[{"pref":"岡山県","city":"岡山市北区","town":"御津新庄"}],"2107":[{"pref":"岡山県","city":"岡山市北区","town":"御津矢原"}],"2111":[{"pref":"岡山県","city":"岡山市北区","town":"御津川高"}],"2112":[{"pref":"岡山県","city":"岡山市北区","town":"御津国ケ原"}],"2113":[{"pref":"岡山県","city":"岡山市北区","town":"御津芳谷"}],"2114":[{"pref":"岡山県","city":"岡山市北区","town":"御津中牧"}],"2115":[{"pref":"岡山県","city":"岡山市北区","town":"御津北野"}],"2116":[{"pref":"岡山県","city":"岡山市北区","town":"御津中山"}],"2117":[{"pref":"岡山県","city":"岡山市北区","town":"御津野々口"}],"2121":[{"pref":"岡山県","city":"岡山市北区","town":"御津宇垣"}],"2122":[{"pref":"岡山県","city":"岡山市北区","town":"御津吉尾"}],"2123":[{"pref":"岡山県","city":"岡山市北区","town":"御津河内"}],"2124":[{"pref":"岡山県","city":"岡山市北区","town":"御津高津"}],"2125":[{"pref":"岡山県","city":"岡山市北区","town":"御津宇甘"}],"2126":[{"pref":"岡山県","city":"岡山市北区","town":"御津勝尾"}],"2131":[{"pref":"岡山県","city":"岡山市北区","town":"御津鹿瀬"}],"2132":[{"pref":"岡山県","city":"岡山市北区","town":"御津草生"}],"2133":[{"pref":"岡山県","city":"岡山市北区","town":"御津金川"}],"2134":[{"pref":"岡山県","city":"岡山市北区","town":"御津下田"}],"2135":[{"pref":"岡山県","city":"岡山市北区","town":"御津中泉"}],"2136":[{"pref":"岡山県","city":"岡山市北区","town":"御津紙工"}],"2137":[{"pref":"岡山県","city":"岡山市北区","town":"御津虎倉"}],"2331":[{"pref":"岡山県","city":"加賀郡吉備中央町","town":"下加茂"}],"2332":[{"pref":"岡山県","city":"加賀郡吉備中央町","town":"高谷"}],"2333":[{"pref":"岡山県","city":"加賀郡吉備中央町","town":"加茂市場"}],"2334":[{"pref":"岡山県","city":"加賀郡吉備中央町","town":"美原"}],"2341":[{"pref":"岡山県","city":"加賀郡吉備中央町","town":"上加茂"}],"2342":[{"pref":"岡山県","city":"加賀郡吉備中央町","town":"広面"}],"2343":[{"pref":"岡山県","city":"加賀郡吉備中央町","town":"竹部"}],"2344":[{"pref":"岡山県","city":"加賀郡吉備中央町","town":"上野"}],"2345":[{"pref":"岡山県","city":"加賀郡吉備中央町","town":"平岡"}],"2401":[{"pref":"岡山県","city":"加賀郡吉備中央町","town":"神瀬"}],"2402":[{"pref":"岡山県","city":"加賀郡吉備中央町","town":"高富"}],"2403":[{"pref":"岡山県","city":"加賀郡吉備中央町","town":"案田"}],"2404":[{"pref":"岡山県","city":"加賀郡吉備中央町","town":"小森"}],"2411":[{"pref":"岡山県","city":"加賀郡吉備中央町","town":"上田東"}],"2412":[{"pref":"岡山県","city":"加賀郡吉備中央町","town":"円城"}],"2413":[{"pref":"岡山県","city":"加賀郡吉備中央町","town":"上田西"}],"2421":[{"pref":"岡山県","city":"加賀郡吉備中央町","town":"細田"}],"2422":[{"pref":"岡山県","city":"加賀郡吉備中央町","town":"三納谷"}],"2551":[{"pref":"岡山県","city":"加賀郡吉備中央町","town":"下土井"}],"2552":[{"pref":"岡山県","city":"加賀郡吉備中央町","town":"井原"}],"2553":[{"pref":"岡山県","city":"加賀郡吉備中央町","town":"富永"}],"2554":[{"pref":"岡山県","city":"加賀郡吉備中央町","town":"和田"}],"2661":[{"pref":"岡山県","city":"加賀郡吉備中央町","town":"豊岡下"}],"2662":[{"pref":"岡山県","city":"加賀郡吉備中央町","town":"三谷"}],"2663":[{"pref":"岡山県","city":"加賀郡吉備中央町","town":"大木"}],"2664":[{"pref":"岡山県","city":"加賀郡吉備中央町","town":"豊岡上"}],"2671":[{"pref":"岡山県","city":"加賀郡吉備中央町","town":"杉谷"}],"2672":[{"pref":"岡山県","city":"加賀郡吉備中央町","town":"粟井谷"}],"2673":[{"pref":"岡山県","city":"加賀郡吉備中央町","town":"尾原"}],"2674":[{"pref":"岡山県","city":"加賀郡吉備中央町","town":"笹目"}],"2675":[{"pref":"岡山県","city":"加賀郡吉備中央町","town":"福沢"}],"2676":[{"pref":"岡山県","city":"加賀郡吉備中央町","town":"溝部"}],"3101":[{"pref":"岡山県","city":"岡山市北区","town":"建部町鶴田"}],"3102":[{"pref":"岡山県","city":"岡山市北区","town":"建部町和田南"}],"3103":[{"pref":"岡山県","city":"岡山市北区","town":"建部町角石畝"}],"3104":[{"pref":"岡山県","city":"岡山市北区","town":"建部町角石谷"}],"3105":[{"pref":"岡山県","city":"岡山市北区","town":"建部町三明寺"}],"3111":[{"pref":"岡山県","city":"岡山市北区","town":"建部町福渡"}],"3112":[{"pref":"岡山県","city":"岡山市北区","town":"建部町川口"}],"3113":[{"pref":"岡山県","city":"岡山市北区","town":"建部町下神目"}],"3114":[{"pref":"岡山県","city":"岡山市北区","town":"建部町豊楽寺"}],"3121":[{"pref":"岡山県","city":"岡山市北区","town":"建部町大田"}],"3122":[{"pref":"岡山県","city":"岡山市北区","town":"建部町吉田"}],"3123":[{"pref":"岡山県","city":"岡山市北区","town":"建部町土師方"}],"3124":[{"pref":"岡山県","city":"岡山市北区","town":"建部町小倉"}],"3131":[{"pref":"岡山県","city":"岡山市北区","town":"建部町市場"}],"3132":[{"pref":"岡山県","city":"岡山市北区","town":"建部町中田"}],"3133":[{"pref":"岡山県","city":"岡山市北区","town":"建部町西原"}],"3134":[{"pref":"岡山県","city":"岡山市北区","town":"建部町桜"}],"3141":[{"pref":"岡山県","city":"岡山市北区","town":"建部町品田"}],"3142":[{"pref":"岡山県","city":"岡山市北区","town":"建部町建部上"}],"3143":[{"pref":"岡山県","city":"岡山市北区","town":"建部町宮地"}],"3144":[{"pref":"岡山県","city":"岡山市北区","town":"建部町富沢"}],"3145":[{"pref":"岡山県","city":"岡山市北区","town":"建部町田地子"}],"3401":[{"pref":"岡山県","city":"久米郡美咲町","town":"北"}],"3402":[{"pref":"岡山県","city":"久米郡美咲町","town":"南"}],"3403":[{"pref":"岡山県","city":"久米郡美咲町","town":"里"}],"3404":[{"pref":"岡山県","city":"久米郡美咲町","town":"西川"}],"3405":[{"pref":"岡山県","city":"久米郡美咲町","town":"西"}],"3406":[{"pref":"岡山県","city":"久米郡美咲町","town":"西川上"}],"3407":[{"pref":"岡山県","city":"久米郡美咲町","town":"中"}],"3411":[{"pref":"岡山県","city":"久米郡美咲町","town":"上口"}],"3412":[{"pref":"岡山県","city":"久米郡美咲町","town":"小山"}],"3413":[{"pref":"岡山県","city":"久米郡美咲町","town":"栃原"}],"3414":[{"pref":"岡山県","city":"久米郡美咲町","town":"西垪和"}],"3415":[{"pref":"岡山県","city":"久米郡美咲町","town":"江与味"}],"3416":[{"pref":"岡山県","city":"久米郡美咲町","town":"東垪和"}],"3417":[{"pref":"岡山県","city":"久米郡美咲町","town":"中垪和"}],"3600":[{"pref":"岡山県","city":"久米郡久米南町","town":"以下に掲載がない場合"}],"3601":[{"pref":"岡山県","city":"久米郡久米南町","town":"北庄"}],"3602":[{"pref":"岡山県","city":"久米郡久米南町","town":"里方"}],"3603":[{"pref":"岡山県","city":"久米郡久米南町","town":"山ノ城"}],"3604":[{"pref":"岡山県","city":"久米郡久米南町","town":"南庄"}],"3605":[{"pref":"岡山県","city":"久米郡久米南町","town":"塩之内"}],"3606":[{"pref":"岡山県","city":"久米郡久米南町","town":"羽出木"}],"3611":[{"pref":"岡山県","city":"久米郡久米南町","town":"松"}],"3612":[{"pref":"岡山県","city":"久米郡久米南町","town":"上弓削"}],"3613":[{"pref":"岡山県","city":"久米郡久米南町","town":"西山寺"}],"3614":[{"pref":"岡山県","city":"久米郡久米南町","town":"下弓削"}],"3615":[{"pref":"岡山県","city":"久米郡久米南町","town":"上二ケ"}],"3616":[{"pref":"岡山県","city":"久米郡久米南町","town":"全間"}],"3617":[{"pref":"岡山県","city":"久米郡久米南町","town":"下二ケ"}],"3621":[{"pref":"岡山県","city":"久米郡久米南町","town":"上籾"}],"3622":[{"pref":"岡山県","city":"久米郡久米南町","town":"仏教寺"}],"3623":[{"pref":"岡山県","city":"久米郡久米南町","town":"中籾"}],"3624":[{"pref":"岡山県","city":"久米郡久米南町","town":"下籾"}],"3625":[{"pref":"岡山県","city":"久米郡久米南町","town":"別所"}],"3626":[{"pref":"岡山県","city":"久米郡久米南町","town":"上神目"}],"3627":[{"pref":"岡山県","city":"久米郡久米南町","town":"神目中"}],"3631":[{"pref":"岡山県","city":"久米郡久米南町","town":"宮地"}],"3632":[{"pref":"岡山県","city":"久米郡久米南町","town":"山手"}],"3633":[{"pref":"岡山県","city":"久米郡久米南町","town":"峠"}],"3634":[{"pref":"岡山県","city":"久米郡久米南町","town":"京尾"}],"3635":[{"pref":"岡山県","city":"久米郡久米南町","town":"南畑"}],"3636":[{"pref":"岡山県","city":"久米郡久米南町","town":"安ケ乢"}],"3700":[{"pref":"岡山県","city":"久米郡美咲町","town":"以下に掲載がない場合"}],"3701":[{"pref":"岡山県","city":"久米郡美咲町","town":"錦織"}],"3702":[{"pref":"岡山県","city":"久米郡美咲町","town":"打穴下"}],"3703":[{"pref":"岡山県","city":"久米郡美咲町","town":"打穴中"}],"3704":[{"pref":"岡山県","city":"久米郡美咲町","town":"打穴里"}],"3705":[{"pref":"岡山県","city":"久米郡美咲町","town":"打穴上"}],"3706":[{"pref":"岡山県","city":"久米郡美咲町","town":"打穴北"}],"3707":[{"pref":"岡山県","city":"久米郡美咲町","town":"打穴西"}],"3711":[{"pref":"岡山県","city":"久米郡美咲町","town":"越尾"}],"3712":[{"pref":"岡山県","city":"久米郡美咲町","town":"金堀"}],"3713":[{"pref":"岡山県","city":"久米郡美咲町","town":"新城"}],"3714":[{"pref":"岡山県","city":"久米郡美咲町","town":"小原"}],"3715":[{"pref":"岡山県","city":"久米郡美咲町","town":"西幸"}],"3716":[{"pref":"岡山県","city":"久米郡美咲町","town":"頼元"}],"3717":[{"pref":"岡山県","city":"久米郡美咲町","town":"原田"}],"3721":[{"pref":"岡山県","city":"久米郡美咲町","town":"両山寺"}],"3722":[{"pref":"岡山県","city":"久米郡美咲町","town":"大垪和東"}],"3723":[{"pref":"岡山県","city":"久米郡美咲町","town":"境"}],"3724":[{"pref":"岡山県","city":"久米郡美咲町","town":"角石祖母"}],"3725":[{"pref":"岡山県","city":"久米郡美咲町","town":"和田北"}],"3726":[{"pref":"岡山県","city":"久米郡美咲町","town":"大垪和西"}],"3901":[{"pref":"岡山県","city":"津山市","town":"加茂町倉見"}],"3902":[{"pref":"岡山県","city":"津山市","town":"加茂町黒木"}],"3903":[{"pref":"岡山県","city":"津山市","town":"加茂町戸賀"}],"3904":[{"pref":"岡山県","city":"津山市","town":"加茂町斉野谷"}],"3905":[{"pref":"岡山県","city":"津山市","town":"加茂町塔中"}],"3906":[{"pref":"岡山県","city":"津山市","town":"加茂町小中原"}],"3907":[{"pref":"岡山県","city":"津山市","town":"加茂町宇野"}],"3908":[{"pref":"岡山県","city":"津山市","town":"加茂町原口"}],"3911":[{"pref":"岡山県","city":"津山市","town":"加茂町物見"}],"3912":[{"pref":"岡山県","city":"津山市","town":"加茂町河井"}],"3913":[{"pref":"岡山県","city":"津山市","town":"加茂町山下"}],"3914":[{"pref":"岡山県","city":"津山市","town":"加茂町知和"}],"3915":[{"pref":"岡山県","city":"津山市","town":"加茂町青柳"}],"3921":[{"pref":"岡山県","city":"津山市","town":"加茂町公郷"}],"3922":[{"pref":"岡山県","city":"津山市","town":"加茂町下津川"}],"3923":[{"pref":"岡山県","city":"津山市","town":"加茂町桑原"}],"3924":[{"pref":"岡山県","city":"津山市","town":"加茂町小渕"}],"3931":[{"pref":"岡山県","city":"津山市","town":"加茂町中原"}],"3932":[{"pref":"岡山県","city":"津山市","town":"加茂町成安"}],"3933":[{"pref":"岡山県","city":"津山市","town":"加茂町行重"}],"3934":[{"pref":"岡山県","city":"津山市","town":"加茂町楢井"}],"3935":[{"pref":"岡山県","city":"津山市","town":"加茂町百々"}],"3951":[{"pref":"岡山県","city":"津山市","town":"阿波"}],"4201":[{"pref":"岡山県","city":"美作市","town":"小房"}],"4202":[{"pref":"岡山県","city":"美作市","town":"梶原"}],"4203":[{"pref":"岡山県","city":"美作市","town":"小野"}],"4204":[{"pref":"岡山県","city":"美作市","town":"鷺巣"}],"4205":[{"pref":"岡山県","city":"美作市","town":"粟井中"}],"4211":[{"pref":"岡山県","city":"美作市","town":"五名"}],"4212":[{"pref":"岡山県","city":"美作市","town":"宮原"}],"4213":[{"pref":"岡山県","city":"美作市","town":"大聖寺"}],"4214":[{"pref":"岡山県","city":"美作市","town":"豆田"}],"4215":[{"pref":"岡山県","city":"美作市","town":"小ノ谷"}],"4216":[{"pref":"岡山県","city":"美作市","town":"山手"}],"4221":[{"pref":"岡山県","city":"美作市","town":"瀬戸"}],"4222":[{"pref":"岡山県","city":"美作市","town":"岩辺"}],"4223":[{"pref":"岡山県","city":"美作市","town":"大内谷"}],"4224":[{"pref":"岡山県","city":"美作市","town":"豊野"}],"4225":[{"pref":"岡山県","city":"美作市","town":"松脇"}],"4226":[{"pref":"岡山県","city":"美作市","town":"鯰"}],"4227":[{"pref":"岡山県","city":"美作市","town":"江見吉田"}],"4231":[{"pref":"岡山県","city":"美作市","town":"南海"}],"4232":[{"pref":"岡山県","city":"美作市","town":"芦河内"}],"4233":[{"pref":"岡山県","city":"美作市","town":"藤生"}],"4234":[{"pref":"岡山県","city":"美作市","town":"江見"}],"4235":[{"pref":"岡山県","city":"美作市","town":"原"}],"4236":[{"pref":"岡山県","city":"美作市","town":"川北"}],"4241":[{"pref":"岡山県","city":"美作市","town":"日指"}],"4242":[{"pref":"岡山県","city":"美作市","town":"田原"}],"4243":[{"pref":"岡山県","city":"美作市","town":"蓮花寺"}],"4244":[{"pref":"岡山県","city":"美作市","town":"土居"}],"4245":[{"pref":"岡山県","city":"美作市","town":"竹田"}],"4246":[{"pref":"岡山県","city":"美作市","town":"上福原"}],"4247":[{"pref":"岡山県","city":"美作市","town":"山城"}],"4251":[{"pref":"岡山県","city":"美作市","town":"白水"}],"4252":[{"pref":"岡山県","city":"美作市","town":"角南"}],"4253":[{"pref":"岡山県","city":"美作市","town":"柿ケ原"}],"4254":[{"pref":"岡山県","city":"美作市","town":"万善"}],"4255":[{"pref":"岡山県","city":"美作市","town":"国貞"}],"4256":[{"pref":"岡山県","city":"美作市","town":"鈴家"}],"4257":[{"pref":"岡山県","city":"美作市","town":"田渕"}],"4300":[{"pref":"岡山県","city":"勝田郡勝央町","town":"以下に掲載がない場合"}],"4301":[{"pref":"岡山県","city":"勝田郡勝央町","town":"下町川"}],"4302":[{"pref":"岡山県","city":"勝田郡勝央町","town":"河原"}],"4303":[{"pref":"岡山県","city":"勝田郡勝央町","town":"豊久田"}],"4304":[{"pref":"岡山県","city":"勝田郡勝央町","town":"上香山"}],"4305":[{"pref":"岡山県","city":"勝田郡勝央町","town":"曽井"}],"4306":[{"pref":"岡山県","city":"勝田郡勝央町","town":"美野"}],"4307":[{"pref":"岡山県","city":"勝田郡勝央町","town":"石生"}],"4311":[{"pref":"岡山県","city":"勝田郡勝央町","town":"岡"}],"4312":[{"pref":"岡山県","city":"勝田郡勝央町","town":"黒土"}],"4313":[{"pref":"岡山県","city":"勝田郡勝央町","town":"小矢田"}],"4314":[{"pref":"岡山県","city":"勝田郡勝央町","town":"東吉田"}],"4315":[{"pref":"岡山県","city":"勝田郡勝央町","town":"畑屋"}],"4316":[{"pref":"岡山県","city":"勝田郡勝央町","town":"勝間田"}],"4321":[{"pref":"岡山県","city":"勝田郡勝央町","town":"太平台"}],"4322":[{"pref":"岡山県","city":"勝田郡勝央町","town":"福吉"}],"4323":[{"pref":"岡山県","city":"勝田郡勝央町","town":"黒坂"}],"4324":[{"pref":"岡山県","city":"勝田郡勝央町","town":"為本"}],"4331":[{"pref":"岡山県","city":"勝田郡勝央町","town":"植月北"}],"4332":[{"pref":"岡山県","city":"勝田郡勝央町","town":"植月東"}],"4333":[{"pref":"岡山県","city":"勝田郡勝央町","town":"田井"}],"4334":[{"pref":"岡山県","city":"勝田郡勝央町","town":"平"}],"4335":[{"pref":"岡山県","city":"勝田郡勝央町","town":"植月中"}],"4601":[{"pref":"岡山県","city":"津山市","town":"宮部上"}],"4602":[{"pref":"岡山県","city":"津山市","town":"宮部下"}],"4603":[{"pref":"岡山県","city":"津山市","town":"中北下"}],"4604":[{"pref":"岡山県","city":"津山市","town":"坪井下"}],"4605":[{"pref":"岡山県","city":"津山市","town":"坪井上"}],"4606":[{"pref":"岡山県","city":"津山市","town":"中北上"}],"4611":[{"pref":"岡山県","city":"津山市","town":"領家"}],"4612":[{"pref":"岡山県","city":"津山市","town":"くめ"}],"4613":[{"pref":"岡山県","city":"津山市","town":"宮尾"}],"4614":[{"pref":"岡山県","city":"津山市","town":"久米川南"}],"4615":[{"pref":"岡山県","city":"津山市","town":"一色"}],"4616":[{"pref":"岡山県","city":"津山市","town":"南方中"}],"4621":[{"pref":"岡山県","city":"津山市","town":"神代"}],"4622":[{"pref":"岡山県","city":"津山市","town":"戸脇"}],"4623":[{"pref":"岡山県","city":"津山市","town":"桑下"}],"4624":[{"pref":"岡山県","city":"津山市","town":"桑上"}],"4625":[{"pref":"岡山県","city":"津山市","town":"里公文"}],"4626":[{"pref":"岡山県","city":"津山市","town":"里公文上"}],"4631":[{"pref":"岡山県","city":"津山市","town":"福田下"}],"4632":[{"pref":"岡山県","city":"津山市","town":"八社"}],"4633":[{"pref":"岡山県","city":"津山市","town":"油木上"}],"4634":[{"pref":"岡山県","city":"津山市","town":"油木下"}],"4635":[{"pref":"岡山県","city":"津山市","town":"油木北"}],"0605":[{"pref":"岡山県","city":"岡山市東区","town":"浅川"}],"0612":[{"pref":"岡山県","city":"岡山市東区","town":"内ケ原"}],"0607":[{"pref":"岡山県","city":"岡山市東区","town":"浦間"}],"0635":[{"pref":"岡山県","city":"岡山市東区","town":"草ケ部"}],"0615":[{"pref":"岡山県","city":"岡山市東区","town":"才崎"}],"0625":[{"pref":"岡山県","city":"岡山市東区","town":"上道北方"}],"0624":[{"pref":"岡山県","city":"岡山市東区","town":"城東台西"}],"0622":[{"pref":"岡山県","city":"岡山市東区","town":"城東台東"}],"0623":[{"pref":"岡山県","city":"岡山市東区","town":"城東台南"}],"0634":[{"pref":"岡山県","city":"岡山市東区","town":"砂場"}],"0603":[{"pref":"岡山県","city":"岡山市東区","town":"西祖"}],"0853":[{"pref":"岡山県","city":"岡山市東区","town":"瀬戸町旭ヶ丘"}],"0854":[{"pref":"岡山県","city":"岡山市東区","town":"瀬戸町江尻"}],"0851":[{"pref":"岡山県","city":"岡山市東区","town":"瀬戸町大内"}],"0855":[{"pref":"岡山県","city":"岡山市東区","town":"瀬戸町沖"}],"0845":[{"pref":"岡山県","city":"岡山市東区","town":"瀬戸町鍛冶屋"}],"0852":[{"pref":"岡山県","city":"岡山市東区","town":"瀬戸町肩脊"}],"0863":[{"pref":"岡山県","city":"岡山市東区","town":"瀬戸町観音寺"}],"0865":[{"pref":"岡山県","city":"岡山市東区","town":"瀬戸町菊山"}],"0876":[{"pref":"岡山県","city":"岡山市東区","town":"瀬戸町光明谷"}],"0873":[{"pref":"岡山県","city":"岡山市東区","town":"瀬戸町坂根"}],"0862":[{"pref":"岡山県","city":"岡山市東区","town":"瀬戸町笹岡"}],"0871":[{"pref":"岡山県","city":"岡山市東区","town":"瀬戸町塩納"}],"0856":[{"pref":"岡山県","city":"岡山市東区","town":"瀬戸町下"}],"0864":[{"pref":"岡山県","city":"岡山市東区","town":"瀬戸町宿奥"}],"0861":[{"pref":"岡山県","city":"岡山市東区","town":"瀬戸町瀬戸"}],"0872":[{"pref":"岡山県","city":"岡山市東区","town":"瀬戸町宗堂"}],"0846":[{"pref":"岡山県","city":"岡山市東区","town":"瀬戸町大井"}],"0875":[{"pref":"岡山県","city":"岡山市東区","town":"瀬戸町寺地"}],"0842":[{"pref":"岡山県","city":"岡山市東区","town":"瀬戸町二日市"}],"0841":[{"pref":"岡山県","city":"岡山市東区","town":"瀬戸町万富"}],"0844":[{"pref":"岡山県","city":"岡山市東区","town":"瀬戸町南方"}],"0874":[{"pref":"岡山県","city":"岡山市東区","town":"瀬戸町森末"}],"0843":[{"pref":"岡山県","city":"岡山市東区","town":"瀬戸町弓削"}],"0614":[{"pref":"岡山県","city":"岡山市東区","town":"竹原"}],"0636":[{"pref":"岡山県","city":"岡山市東区","town":"谷尻"}],"0604":[{"pref":"岡山県","city":"岡山市東区","town":"寺山"}],"0626":[{"pref":"岡山県","city":"岡山市東区","town":"中尾"}],"0611":[{"pref":"岡山県","city":"岡山市東区","town":"楢原"}],"0633":[{"pref":"岡山県","city":"岡山市東区","town":"西平島"}],"0621":[{"pref":"岡山県","city":"岡山市東区","town":"沼"}],"0631":[{"pref":"岡山県","city":"岡山市東区","town":"東平島"}],"0602":[{"pref":"岡山県","city":"岡山市東区","town":"一日市"}],"0632":[{"pref":"岡山県","city":"岡山市東区","town":"南古都"}],"0613":[{"pref":"岡山県","city":"岡山市東区","town":"百枝月"}],"0606":[{"pref":"岡山県","city":"岡山市東区","town":"矢井"}],"0601":[{"pref":"岡山県","city":"岡山市東区","town":"吉井"}],"0213":[{"pref":"岡山県","city":"備前市","town":"吉永町今崎"}],"0226":[{"pref":"岡山県","city":"備前市","town":"吉永町岩崎"}],"0301":[{"pref":"岡山県","city":"備前市","town":"吉永町加賀美"}],"0221":[{"pref":"岡山県","city":"備前市","town":"吉永町金谷"}],"0212":[{"pref":"岡山県","city":"備前市","town":"吉永町神根本"}],"0304":[{"pref":"岡山県","city":"備前市","town":"吉永町笹目"}],"0211":[{"pref":"岡山県","city":"備前市","town":"吉永町高田"}],"0302":[{"pref":"岡山県","city":"備前市","town":"吉永町多麻"}],"0303":[{"pref":"岡山県","city":"備前市","town":"吉永町都留岐"}],"0222":[{"pref":"岡山県","city":"備前市","town":"吉永町福満"}],"0225":[{"pref":"岡山県","city":"備前市","town":"吉永町三股"}],"0223":[{"pref":"岡山県","city":"備前市","town":"吉永町南方"}],"0224":[{"pref":"岡山県","city":"備前市","town":"吉永町吉永中"}],"0214":[{"pref":"岡山県","city":"備前市","town":"吉永町和意谷"}],"0800":[{"pref":"岡山県","city":"赤磐市","town":"以下に掲載がない場合"}],"0831":[{"pref":"岡山県","city":"赤磐市","town":"五日市"}],"0822":[{"pref":"岡山県","city":"赤磐市","town":"岩田"}],"0711":[{"pref":"岡山県","city":"赤磐市","town":"円光寺"}],"0702":[{"pref":"岡山県","city":"赤磐市","town":"岡"}],"0713":[{"pref":"岡山県","city":"赤磐市","town":"奥吉原"}],"0717":[{"pref":"岡山県","city":"赤磐市","town":"小瀬木"}],"0806":[{"pref":"岡山県","city":"赤磐市","town":"尾谷"}],"0733":[{"pref":"岡山県","city":"赤磐市","town":"可真上"}],"0732":[{"pref":"岡山県","city":"赤磐市","town":"可真下"}],"0817":[{"pref":"岡山県","city":"赤磐市","town":"上市"}],"0837":[{"pref":"岡山県","city":"赤磐市","town":"上仁保"}],"0834":[{"pref":"岡山県","city":"赤磐市","town":"鴨前"}],"0719":[{"pref":"岡山県","city":"赤磐市","town":"河田原"}],"0833":[{"pref":"岡山県","city":"赤磐市","town":"熊崎"}],"0801":[{"pref":"岡山県","city":"赤磐市","town":"神田"}],"0821":[{"pref":"岡山県","city":"赤磐市","town":"河本"}],"0813":[{"pref":"岡山県","city":"赤磐市","town":"斎富"}],"0802":[{"pref":"岡山県","city":"赤磐市","town":"桜が丘西"}],"0721":[{"pref":"岡山県","city":"赤磐市","town":"桜が丘東"}],"0706":[{"pref":"岡山県","city":"赤磐市","town":"佐古"}],"0704":[{"pref":"岡山県","city":"赤磐市","town":"沢原"}],"0827":[{"pref":"岡山県","city":"赤磐市","town":"山陽"}],"0816":[{"pref":"岡山県","city":"赤磐市","town":"下市"}],"0836":[{"pref":"岡山県","city":"赤磐市","town":"下仁保"}],"0701":[{"pref":"岡山県","city":"赤磐市","town":"酌田"}],"0731":[{"pref":"岡山県","city":"赤磐市","town":"石蓮寺"}],"0832":[{"pref":"岡山県","city":"赤磐市","town":"正崎"}],"0715":[{"pref":"岡山県","city":"赤磐市","town":"勢力"}],"0714":[{"pref":"岡山県","city":"赤磐市","town":"千躰"}],"0811":[{"pref":"岡山県","city":"赤磐市","town":"高屋"}],"0815":[{"pref":"岡山県","city":"赤磐市","town":"立川"}],"0807":[{"pref":"岡山県","city":"赤磐市","town":"津崎"}],"0718":[{"pref":"岡山県","city":"赤磐市","town":"釣井"}],"0838":[{"pref":"岡山県","city":"赤磐市","town":"斗有"}],"0716":[{"pref":"岡山県","city":"赤磐市","town":"徳富"}],"0703":[{"pref":"岡山県","city":"赤磐市","town":"殿谷"}],"0823":[{"pref":"岡山県","city":"赤磐市","town":"長尾"}],"0803":[{"pref":"岡山県","city":"赤磐市","town":"中島"}],"0835":[{"pref":"岡山県","city":"赤磐市","town":"西中"}],"0812":[{"pref":"岡山県","city":"赤磐市","town":"沼田"}],"0735":[{"pref":"岡山県","city":"赤磐市","town":"野間"}],"0736":[{"pref":"岡山県","city":"赤磐市","town":"稗田"}],"0804":[{"pref":"岡山県","city":"赤磐市","town":"日古木"}],"0805":[{"pref":"岡山県","city":"赤磐市","town":"二井"}],"0824":[{"pref":"岡山県","city":"赤磐市","town":"穂崎"}],"0705":[{"pref":"岡山県","city":"赤磐市","town":"松木"}],"0825":[{"pref":"岡山県","city":"赤磐市","town":"馬屋"}],"0814":[{"pref":"岡山県","city":"赤磐市","town":"南方"}],"0734":[{"pref":"岡山県","city":"赤磐市","town":"弥上"}],"0712":[{"pref":"岡山県","city":"赤磐市","town":"吉原"}],"0826":[{"pref":"岡山県","city":"赤磐市","town":"和田"}],"0400":[{"pref":"岡山県","city":"和気郡和気町","town":"以下に掲載がない場合"}],"0413":[{"pref":"岡山県","city":"和気郡和気町","town":"泉"}],"0513":[{"pref":"岡山県","city":"和気郡和気町","town":"岩戸"}],"0525":[{"pref":"岡山県","city":"和気郡和気町","town":"宇生"}],"0414":[{"pref":"岡山県","city":"和気郡和気町","town":"大田原"}],"0432":[{"pref":"岡山県","city":"和気郡和気町","town":"大中山"}],"0501":[{"pref":"岡山県","city":"和気郡和気町","town":"奥塩田"}],"0522":[{"pref":"岡山県","city":"和気郡和気町","town":"加三方"}],"0504":[{"pref":"岡山県","city":"和気郡和気町","town":"北山方"}],"0441":[{"pref":"岡山県","city":"和気郡和気町","town":"衣笠"}],"0404":[{"pref":"岡山県","city":"和気郡和気町","town":"木倉"}],"0523":[{"pref":"岡山県","city":"和気郡和気町","town":"小坂"}],"0514":[{"pref":"岡山県","city":"和気郡和気町","town":"佐伯"}],"0506":[{"pref":"岡山県","city":"和気郡和気町","town":"塩田"}],"0431":[{"pref":"岡山県","city":"和気郡和気町","town":"清水"}],"0422":[{"pref":"岡山県","city":"和気郡和気町","town":"尺所"}],"0524":[{"pref":"岡山県","city":"和気郡和気町","town":"田賀"}],"0512":[{"pref":"岡山県","city":"和気郡和気町","town":"田土"}],"0463":[{"pref":"岡山県","city":"和気郡和気町","town":"田原上"}],"0464":[{"pref":"岡山県","city":"和気郡和気町","town":"田原下"}],"0521":[{"pref":"岡山県","city":"和気郡和気町","town":"父井原"}],"0516":[{"pref":"岡山県","city":"和気郡和気町","town":"津瀬"}],"0505":[{"pref":"岡山県","city":"和気郡和気町","town":"苦木"}],"0461":[{"pref":"岡山県","city":"和気郡和気町","town":"原"}],"0402":[{"pref":"岡山県","city":"和気郡和気町","town":"日笠上"}],"0403":[{"pref":"岡山県","city":"和気郡和気町","town":"日笠下"}],"0421":[{"pref":"岡山県","city":"和気郡和気町","town":"日室"}],"0442":[{"pref":"岡山県","city":"和気郡和気町","town":"福富"}],"0412":[{"pref":"岡山県","city":"和気郡和気町","town":"藤野"}],"0401":[{"pref":"岡山県","city":"和気郡和気町","town":"保曽"}],"0462":[{"pref":"岡山県","city":"和気郡和気町","town":"本"}],"0452":[{"pref":"岡山県","city":"和気郡和気町","town":"益原"}],"0502":[{"pref":"岡山県","city":"和気郡和気町","town":"丸山"}],"0503":[{"pref":"岡山県","city":"和気郡和気町","town":"南山方"}],"0511":[{"pref":"岡山県","city":"和気郡和気町","town":"矢田"}],"0526":[{"pref":"岡山県","city":"和気郡和気町","town":"矢田部"}],"0411":[{"pref":"岡山県","city":"和気郡和気町","town":"吉田"}],"0515":[{"pref":"岡山県","city":"和気郡和気町","town":"米澤"}],"0451":[{"pref":"岡山県","city":"和気郡和気町","town":"和気"}]}