{"1101":[{"pref":"奈良県","city":"吉野郡十津川村","town":"沼田原"}],"1102":[{"pref":"奈良県","city":"吉野郡十津川村","town":"旭"}],"1103":[{"pref":"奈良県","city":"吉野郡十津川村","town":"上野地"}],"1104":[{"pref":"奈良県","city":"吉野郡十津川村","town":"高津"}],"1105":[{"pref":"奈良県","city":"吉野郡十津川村","town":"林"}],"1106":[{"pref":"奈良県","city":"吉野郡十津川村","town":"谷瀬"}],"1107":[{"pref":"奈良県","city":"吉野郡十津川村","town":"宇宮原"}],"1108":[{"pref":"奈良県","city":"吉野郡十津川村","town":"長殿"}],"1211":[{"pref":"奈良県","city":"吉野郡十津川村","town":"滝川"}],"1212":[{"pref":"奈良県","city":"吉野郡十津川村","town":"内原"}],"1213":[{"pref":"奈良県","city":"吉野郡十津川村","town":"野尻"}],"1214":[{"pref":"奈良県","city":"吉野郡十津川村","town":"山崎"}],"1215":[{"pref":"奈良県","city":"吉野郡十津川村","town":"池穴"}],"1216":[{"pref":"奈良県","city":"吉野郡十津川村","town":"川津"}],"1217":[{"pref":"奈良県","city":"吉野郡十津川村","town":"風屋"}],"1221":[{"pref":"奈良県","city":"吉野郡十津川村","town":"内野"}],"1222":[{"pref":"奈良県","city":"吉野郡十津川村","town":"山天"}],"1223":[{"pref":"奈良県","city":"吉野郡十津川村","town":"三浦"}],"1224":[{"pref":"奈良県","city":"吉野郡十津川村","town":"五百瀬"}],"1225":[{"pref":"奈良県","city":"吉野郡十津川村","town":"杉清"}],"1331":[{"pref":"奈良県","city":"吉野郡十津川村","town":"大野"}],"1332":[{"pref":"奈良県","city":"吉野郡十津川村","town":"武蔵"}],"1333":[{"pref":"奈良県","city":"吉野郡十津川村","town":"小原"}],"1334":[{"pref":"奈良県","city":"吉野郡十津川村","town":"小森"}],"1335":[{"pref":"奈良県","city":"吉野郡十津川村","town":"湯之原"}],"1336":[{"pref":"奈良県","city":"吉野郡十津川村","town":"小井"}],"1441":[{"pref":"奈良県","city":"吉野郡十津川村","town":"小川"}],"1442":[{"pref":"奈良県","city":"吉野郡十津川村","town":"高滝"}],"1443":[{"pref":"奈良県","city":"吉野郡十津川村","town":"折立"}],"1444":[{"pref":"奈良県","city":"吉野郡十津川村","town":"山手谷"}],"1445":[{"pref":"奈良県","city":"吉野郡十津川村","town":"込之上"}],"1446":[{"pref":"奈良県","city":"吉野郡十津川村","town":"樫原"}],"1500":[{"pref":"奈良県","city":"吉野郡十津川村","town":"以下に掲載がない場合"}],"1551":[{"pref":"奈良県","city":"吉野郡十津川村","town":"那知合"}],"1552":[{"pref":"奈良県","city":"吉野郡十津川村","town":"谷垣内"}],"1553":[{"pref":"奈良県","city":"吉野郡十津川村","town":"山手"}],"1554":[{"pref":"奈良県","city":"吉野郡十津川村","town":"平谷"}],"1555":[{"pref":"奈良県","city":"吉野郡十津川村","town":"猿飼"}],"1556":[{"pref":"奈良県","city":"吉野郡十津川村","town":"桑畑"}],"1557":[{"pref":"奈良県","city":"吉野郡十津川村","town":"七色"}],"1558":[{"pref":"奈良県","city":"吉野郡十津川村","town":"出谷"}],"1559":[{"pref":"奈良県","city":"吉野郡十津川村","town":"上湯川"}],"1661":[{"pref":"奈良県","city":"吉野郡十津川村","town":"重里"}],"1662":[{"pref":"奈良県","city":"吉野郡十津川村","town":"永井"}],"1663":[{"pref":"奈良県","city":"吉野郡十津川村","town":"玉垣内"}],"1664":[{"pref":"奈良県","city":"吉野郡十津川村","town":"今西"}],"1665":[{"pref":"奈良県","city":"吉野郡十津川村","town":"西中"}],"1666":[{"pref":"奈良県","city":"吉野郡十津川村","town":"小山手"}],"1667":[{"pref":"奈良県","city":"吉野郡十津川村","town":"小坪瀬"}],"1668":[{"pref":"奈良県","city":"吉野郡十津川村","town":"迫西川"}],"0000":[{"pref":"奈良県","city":"五條市","town":"以下に掲載がない場合"}],"0074":[{"pref":"奈良県","city":"五條市","town":"相谷町"}],"0013":[{"pref":"奈良県","city":"五條市","town":"居伝町"}],"0072":[{"pref":"奈良県","city":"五條市","town":"犬飼町"}],"0004":[{"pref":"奈良県","city":"五條市","town":"今井"},{"pref":"奈良県","city":"五條市","town":"今井町"}],"0003":[{"pref":"奈良県","city":"五條市","town":"宇野町"}],"0077":[{"pref":"奈良県","city":"五條市","town":"大沢町"}],"0060":[{"pref":"奈良県","city":"五條市","town":"大津町"}],"0405":[{"pref":"奈良県","city":"五條市","town":"大塔町宇井"}],"0416":[{"pref":"奈良県","city":"五條市","town":"大塔町小代"}],"0417":[{"pref":"奈良県","city":"五條市","town":"大塔町阪本"}],"0414":[{"pref":"奈良県","city":"五條市","town":"大塔町猿谷"}],"0401":[{"pref":"奈良県","city":"五條市","town":"大塔町篠原"}],"0406":[{"pref":"奈良県","city":"五條市","town":"大塔町清水"}],"0419":[{"pref":"奈良県","city":"五條市","town":"大塔町簾"}],"0402":[{"pref":"奈良県","city":"五條市","town":"大塔町惣谷"}],"0408":[{"pref":"奈良県","city":"五條市","town":"大塔町辻堂"}],"0411":[{"pref":"奈良県","city":"五條市","town":"大塔町堂平"}],"0407":[{"pref":"奈良県","city":"五條市","town":"大塔町閉君"}],"0409":[{"pref":"奈良県","city":"五條市","town":"大塔町殿野"}],"0403":[{"pref":"奈良県","city":"五條市","town":"大塔町中井傍示"}],"0415":[{"pref":"奈良県","city":"五條市","town":"大塔町中原"}],"0404":[{"pref":"奈良県","city":"五條市","town":"大塔町中峯"}],"0413":[{"pref":"奈良県","city":"五條市","town":"大塔町引土"}],"0412":[{"pref":"奈良県","city":"五條市","town":"大塔町飛養曽"}],"0015":[{"pref":"奈良県","city":"五條市","town":"大野新田町"}],"0063":[{"pref":"奈良県","city":"五條市","town":"大野町"}],"0066":[{"pref":"奈良県","city":"五條市","town":"大深町"}],"0006":[{"pref":"奈良県","city":"五條市","town":"岡口"}],"0092":[{"pref":"奈良県","city":"五條市","town":"岡町"}],"0053":[{"pref":"奈良県","city":"五條市","town":"生子町"}],"0019":[{"pref":"奈良県","city":"五條市","town":"小和町"}],"0054":[{"pref":"奈良県","city":"五條市","town":"樫辻町"}],"0084":[{"pref":"奈良県","city":"五條市","town":"釜窪町"}],"0081":[{"pref":"奈良県","city":"五條市","town":"上之町"}],"0091":[{"pref":"奈良県","city":"五條市","town":"北山町"}],"0076":[{"pref":"奈良県","city":"五條市","town":"木ノ原町"}],"0018":[{"pref":"奈良県","city":"五條市","town":"久留野町"}],"0025":[{"pref":"奈良県","city":"五條市","town":"車谷町"}],"0062":[{"pref":"奈良県","city":"五條市","town":"黒駒町"}],"0073":[{"pref":"奈良県","city":"五條市","town":"上野町"}],"0031":[{"pref":"奈良県","city":"五條市","town":"小島町"}],"0042":[{"pref":"奈良県","city":"五條市","town":"五條"}],"0012":[{"pref":"奈良県","city":"五條市","town":"小山町"}],"0065":[{"pref":"奈良県","city":"五條市","town":"阪合部新田町"}],"0002":[{"pref":"奈良県","city":"五條市","town":"三在町"}],"0027":[{"pref":"奈良県","city":"五條市","town":"島野町"}],"0083":[{"pref":"奈良県","city":"五條市","town":"下之町"}],"0043":[{"pref":"奈良県","city":"五條市","town":"新町"}],"0005":[{"pref":"奈良県","city":"五條市","town":"須恵"}],"0014":[{"pref":"奈良県","city":"五條市","town":"住川町"}],"0024":[{"pref":"奈良県","city":"五條市","town":"滝町"}],"0067":[{"pref":"奈良県","city":"五條市","town":"田殿町"}],"0052":[{"pref":"奈良県","city":"五條市","town":"丹原町"}],"0016":[{"pref":"奈良県","city":"五條市","town":"近内町"}],"0011":[{"pref":"奈良県","city":"五條市","town":"出屋敷町"}],"0093":[{"pref":"奈良県","city":"五條市","town":"田園"}],"0061":[{"pref":"奈良県","city":"五條市","town":"中町"}],"0082":[{"pref":"奈良県","city":"五條市","town":"中之町"}],"0078":[{"pref":"奈良県","city":"五條市","town":"なつみ台"}],"0020":[{"pref":"奈良県","city":"五條市","town":"西阿田町"}],"0001":[{"pref":"奈良県","city":"五條市","town":"西河内町"}],"0017":[{"pref":"奈良県","city":"五條市","town":"西久留野町"}],"0117":[{"pref":"奈良県","city":"五條市","town":"西吉野町賀名生"}],"0221":[{"pref":"奈良県","city":"五條市","town":"西吉野町永谷"}],"0111":[{"pref":"奈良県","city":"五條市","town":"西吉野町江出"}],"0112":[{"pref":"奈良県","city":"五條市","town":"西吉野町老野"}],"0234":[{"pref":"奈良県","city":"五條市","town":"西吉野町大峯"}],"0101":[{"pref":"奈良県","city":"五條市","town":"西吉野町大日川"}],"0239":[{"pref":"奈良県","city":"五條市","town":"西吉野町陰地"}],"0231":[{"pref":"奈良県","city":"五條市","town":"西吉野町川岸"}],"0225":[{"pref":"奈良県","city":"五條市","town":"西吉野町川股"}],"0102":[{"pref":"奈良県","city":"五條市","town":"西吉野町黒淵"}],"0113":[{"pref":"奈良県","city":"五條市","town":"西吉野町神野"}],"0236":[{"pref":"奈良県","city":"五條市","town":"西吉野町阪巻"}],"0230":[{"pref":"奈良県","city":"五條市","town":"西吉野町城戸"}],"0227":[{"pref":"奈良県","city":"五條市","town":"西吉野町勢井"}],"0114":[{"pref":"奈良県","city":"五條市","town":"西吉野町滝"}],"0222":[{"pref":"奈良県","city":"五條市","town":"西吉野町立川渡"}],"0232":[{"pref":"奈良県","city":"五條市","town":"西吉野町津越"}],"0224":[{"pref":"奈良県","city":"五條市","town":"西吉野町茄子原"}],"0238":[{"pref":"奈良県","city":"五條市","town":"西吉野町西野"}],"0226":[{"pref":"奈良県","city":"五條市","town":"西吉野町西日裏"}],"0233":[{"pref":"奈良県","city":"五條市","town":"西吉野町桧川迫"}],"0235":[{"pref":"奈良県","city":"五條市","town":"西吉野町平雄"}],"0115":[{"pref":"奈良県","city":"五條市","town":"西吉野町北曽木"}],"0103":[{"pref":"奈良県","city":"五條市","town":"西吉野町向加名生"}],"0237":[{"pref":"奈良県","city":"五條市","town":"西吉野町宗川野"}],"0223":[{"pref":"奈良県","city":"五條市","town":"西吉野町本谷"}],"0104":[{"pref":"奈良県","city":"五條市","town":"西吉野町屋那瀬"}],"0105":[{"pref":"奈良県","city":"五條市","town":"西吉野町湯塩"}],"0116":[{"pref":"奈良県","city":"五條市","town":"西吉野町和田"}],"0034":[{"pref":"奈良県","city":"五條市","town":"野原町"}],"0037":[{"pref":"奈良県","city":"五條市","town":"野原中"}],"0036":[{"pref":"奈良県","city":"五條市","town":"野原西"}],"0038":[{"pref":"奈良県","city":"五條市","town":"野原東"}],"0075":[{"pref":"奈良県","city":"五條市","town":"畑田町"}],"0022":[{"pref":"奈良県","city":"五條市","town":"八田町"}],"0028":[{"pref":"奈良県","city":"五條市","town":"原町"}],"0068":[{"pref":"奈良県","city":"五條市","town":"火打町"}],"0021":[{"pref":"奈良県","city":"五條市","town":"東阿田町"}],"0069":[{"pref":"奈良県","city":"五條市","town":"表野町"}],"0071":[{"pref":"奈良県","city":"五條市","town":"二見"}],"0041":[{"pref":"奈良県","city":"五條市","town":"本町"}],"0033":[{"pref":"奈良県","city":"五條市","town":"牧町"}],"0023":[{"pref":"奈良県","city":"五條市","town":"南阿田町"}],"0051":[{"pref":"奈良県","city":"五條市","town":"御山町"}],"0032":[{"pref":"奈良県","city":"五條市","town":"六倉町"}],"0064":[{"pref":"奈良県","city":"五條市","town":"山陰町"}],"0029":[{"pref":"奈良県","city":"五條市","town":"山田町"}],"0026":[{"pref":"奈良県","city":"五條市","town":"湯谷市塚町"}],"0035":[{"pref":"奈良県","city":"五條市","town":"霊安寺町"}],"0421":[{"pref":"奈良県","city":"吉野郡野迫川村","town":"今井"}],"0425":[{"pref":"奈良県","city":"吉野郡野迫川村","town":"上"}],"0424":[{"pref":"奈良県","city":"吉野郡野迫川村","town":"中"}],"0422":[{"pref":"奈良県","city":"吉野郡野迫川村","town":"平川"}],"0423":[{"pref":"奈良県","city":"吉野郡野迫川村","town":"柞原"}]}