{"6001":[{"pref":"神奈川県","city":"横浜市西区","town":"みなとみらいクイーンズタワーＡ（１階）"}],"6002":[{"pref":"神奈川県","city":"横浜市西区","town":"みなとみらいクイーンズタワーＡ（２階）"}],"6003":[{"pref":"神奈川県","city":"横浜市西区","town":"みなとみらいクイーンズタワーＡ（３階）"}],"6004":[{"pref":"神奈川県","city":"横浜市西区","town":"みなとみらいクイーンズタワーＡ（４階）"}],"6005":[{"pref":"神奈川県","city":"横浜市西区","town":"みなとみらいクイーンズタワーＡ（５階）"}],"6006":[{"pref":"神奈川県","city":"横浜市西区","town":"みなとみらいクイーンズタワーＡ（６階）"}],"6007":[{"pref":"神奈川県","city":"横浜市西区","town":"みなとみらいクイーンズタワーＡ（７階）"}],"6008":[{"pref":"神奈川県","city":"横浜市西区","town":"みなとみらいクイーンズタワーＡ（８階）"}],"6009":[{"pref":"神奈川県","city":"横浜市西区","town":"みなとみらいクイーンズタワーＡ（９階）"}],"6010":[{"pref":"神奈川県","city":"横浜市西区","town":"みなとみらいクイーンズタワーＡ（１０階）"}],"6011":[{"pref":"神奈川県","city":"横浜市西区","town":"みなとみらいクイーンズタワーＡ（１１階）"}],"6012":[{"pref":"神奈川県","city":"横浜市西区","town":"みなとみらいクイーンズタワーＡ（１２階）"}],"6013":[{"pref":"神奈川県","city":"横浜市西区","town":"みなとみらいクイーンズタワーＡ（１３階）"}],"6014":[{"pref":"神奈川県","city":"横浜市西区","town":"みなとみらいクイーンズタワーＡ（１４階）"}],"6015":[{"pref":"神奈川県","city":"横浜市西区","town":"みなとみらいクイーンズタワーＡ（１５階）"}],"6016":[{"pref":"神奈川県","city":"横浜市西区","town":"みなとみらいクイーンズタワーＡ（１６階）"}],"6017":[{"pref":"神奈川県","city":"横浜市西区","town":"みなとみらいクイーンズタワーＡ（１７階）"}],"6018":[{"pref":"神奈川県","city":"横浜市西区","town":"みなとみらいクイーンズタワーＡ（１８階）"}],"6019":[{"pref":"神奈川県","city":"横浜市西区","town":"みなとみらいクイーンズタワーＡ（１９階）"}],"6020":[{"pref":"神奈川県","city":"横浜市西区","town":"みなとみらいクイーンズタワーＡ（２０階）"}],"6021":[{"pref":"神奈川県","city":"横浜市西区","town":"みなとみらいクイーンズタワーＡ（２１階）"}],"6022":[{"pref":"神奈川県","city":"横浜市西区","town":"みなとみらいクイーンズタワーＡ（２２階）"}],"6023":[{"pref":"神奈川県","city":"横浜市西区","town":"みなとみらいクイーンズタワーＡ（２３階）"}],"6024":[{"pref":"神奈川県","city":"横浜市西区","town":"みなとみらいクイーンズタワーＡ（２４階）"}],"6025":[{"pref":"神奈川県","city":"横浜市西区","town":"みなとみらいクイーンズタワーＡ（２５階）"}],"6026":[{"pref":"神奈川県","city":"横浜市西区","town":"みなとみらいクイーンズタワーＡ（２６階）"}],"6027":[{"pref":"神奈川県","city":"横浜市西区","town":"みなとみらいクイーンズタワーＡ（２７階）"}],"6028":[{"pref":"神奈川県","city":"横浜市西区","town":"みなとみらいクイーンズタワーＡ（２８階）"}],"6029":[{"pref":"神奈川県","city":"横浜市西区","town":"みなとみらいクイーンズタワーＡ（２９階）"}],"6030":[{"pref":"神奈川県","city":"横浜市西区","town":"みなとみらいクイーンズタワーＡ（３０階）"}],"6031":[{"pref":"神奈川県","city":"横浜市西区","town":"みなとみらいクイーンズタワーＡ（３１階）"}],"6032":[{"pref":"神奈川県","city":"横浜市西区","town":"みなとみらいクイーンズタワーＡ（３２階）"}],"6033":[{"pref":"神奈川県","city":"横浜市西区","town":"みなとみらいクイーンズタワーＡ（３３階）"}],"6034":[{"pref":"神奈川県","city":"横浜市西区","town":"みなとみらいクイーンズタワーＡ（３４階）"}],"6035":[{"pref":"神奈川県","city":"横浜市西区","town":"みなとみらいクイーンズタワーＡ（３５階）"}],"6090":[{"pref":"神奈川県","city":"横浜市西区","town":"みなとみらいクイーンズタワーＡ（地階・階層不明）"}],"6101":[{"pref":"神奈川県","city":"横浜市西区","town":"みなとみらいクイーンズタワーＢ（１階）"}],"6102":[{"pref":"神奈川県","city":"横浜市西区","town":"みなとみらいクイーンズタワーＢ（２階）"}],"6103":[{"pref":"神奈川県","city":"横浜市西区","town":"みなとみらいクイーンズタワーＢ（３階）"}],"6104":[{"pref":"神奈川県","city":"横浜市西区","town":"みなとみらいクイーンズタワーＢ（４階）"}],"6105":[{"pref":"神奈川県","city":"横浜市西区","town":"みなとみらいクイーンズタワーＢ（５階）"}],"6106":[{"pref":"神奈川県","city":"横浜市西区","town":"みなとみらいクイーンズタワーＢ（６階）"}],"6107":[{"pref":"神奈川県","city":"横浜市西区","town":"みなとみらいクイーンズタワーＢ（７階）"}],"6108":[{"pref":"神奈川県","city":"横浜市西区","town":"みなとみらいクイーンズタワーＢ（８階）"}],"6109":[{"pref":"神奈川県","city":"横浜市西区","town":"みなとみらいクイーンズタワーＢ（９階）"}],"6110":[{"pref":"神奈川県","city":"横浜市西区","town":"みなとみらいクイーンズタワーＢ（１０階）"}],"6111":[{"pref":"神奈川県","city":"横浜市西区","town":"みなとみらいクイーンズタワーＢ（１１階）"}],"6112":[{"pref":"神奈川県","city":"横浜市西区","town":"みなとみらいクイーンズタワーＢ（１２階）"}],"6113":[{"pref":"神奈川県","city":"横浜市西区","town":"みなとみらいクイーンズタワーＢ（１３階）"}],"6114":[{"pref":"神奈川県","city":"横浜市西区","town":"みなとみらいクイーンズタワーＢ（１４階）"}],"6115":[{"pref":"神奈川県","city":"横浜市西区","town":"みなとみらいクイーンズタワーＢ（１５階）"}],"6116":[{"pref":"神奈川県","city":"横浜市西区","town":"みなとみらいクイーンズタワーＢ（１６階）"}],"6117":[{"pref":"神奈川県","city":"横浜市西区","town":"みなとみらいクイーンズタワーＢ（１７階）"}],"6118":[{"pref":"神奈川県","city":"横浜市西区","town":"みなとみらいクイーンズタワーＢ（１８階）"}],"6119":[{"pref":"神奈川県","city":"横浜市西区","town":"みなとみらいクイーンズタワーＢ（１９階）"}],"6120":[{"pref":"神奈川県","city":"横浜市西区","town":"みなとみらいクイーンズタワーＢ（２０階）"}],"6121":[{"pref":"神奈川県","city":"横浜市西区","town":"みなとみらいクイーンズタワーＢ（２１階）"}],"6122":[{"pref":"神奈川県","city":"横浜市西区","town":"みなとみらいクイーンズタワーＢ（２２階）"}],"6123":[{"pref":"神奈川県","city":"横浜市西区","town":"みなとみらいクイーンズタワーＢ（２３階）"}],"6124":[{"pref":"神奈川県","city":"横浜市西区","town":"みなとみらいクイーンズタワーＢ（２４階）"}],"6125":[{"pref":"神奈川県","city":"横浜市西区","town":"みなとみらいクイーンズタワーＢ（２５階）"}],"6126":[{"pref":"神奈川県","city":"横浜市西区","town":"みなとみらいクイーンズタワーＢ（２６階）"}],"6127":[{"pref":"神奈川県","city":"横浜市西区","town":"みなとみらいクイーンズタワーＢ（２７階）"}],"6128":[{"pref":"神奈川県","city":"横浜市西区","town":"みなとみらいクイーンズタワーＢ（２８階）"}],"6190":[{"pref":"神奈川県","city":"横浜市西区","town":"みなとみらいクイーンズタワーＢ（地階・階層不明）"}],"6201":[{"pref":"神奈川県","city":"横浜市西区","town":"みなとみらいクイーンズタワーＣ（１階）"}],"6202":[{"pref":"神奈川県","city":"横浜市西区","town":"みなとみらいクイーンズタワーＣ（２階）"}],"6203":[{"pref":"神奈川県","city":"横浜市西区","town":"みなとみらいクイーンズタワーＣ（３階）"}],"6204":[{"pref":"神奈川県","city":"横浜市西区","town":"みなとみらいクイーンズタワーＣ（４階）"}],"6205":[{"pref":"神奈川県","city":"横浜市西区","town":"みなとみらいクイーンズタワーＣ（５階）"}],"6206":[{"pref":"神奈川県","city":"横浜市西区","town":"みなとみらいクイーンズタワーＣ（６階）"}],"6207":[{"pref":"神奈川県","city":"横浜市西区","town":"みなとみらいクイーンズタワーＣ（７階）"}],"6208":[{"pref":"神奈川県","city":"横浜市西区","town":"みなとみらいクイーンズタワーＣ（８階）"}],"6209":[{"pref":"神奈川県","city":"横浜市西区","town":"みなとみらいクイーンズタワーＣ（９階）"}],"6210":[{"pref":"神奈川県","city":"横浜市西区","town":"みなとみらいクイーンズタワーＣ（１０階）"}],"6211":[{"pref":"神奈川県","city":"横浜市西区","town":"みなとみらいクイーンズタワーＣ（１１階）"}],"6212":[{"pref":"神奈川県","city":"横浜市西区","town":"みなとみらいクイーンズタワーＣ（１２階）"}],"6213":[{"pref":"神奈川県","city":"横浜市西区","town":"みなとみらいクイーンズタワーＣ（１３階）"}],"6214":[{"pref":"神奈川県","city":"横浜市西区","town":"みなとみらいクイーンズタワーＣ（１４階）"}],"6215":[{"pref":"神奈川県","city":"横浜市西区","town":"みなとみらいクイーンズタワーＣ（１５階）"}],"6216":[{"pref":"神奈川県","city":"横浜市西区","town":"みなとみらいクイーンズタワーＣ（１６階）"}],"6217":[{"pref":"神奈川県","city":"横浜市西区","town":"みなとみらいクイーンズタワーＣ（１７階）"}],"6218":[{"pref":"神奈川県","city":"横浜市西区","town":"みなとみらいクイーンズタワーＣ（１８階）"}],"6219":[{"pref":"神奈川県","city":"横浜市西区","town":"みなとみらいクイーンズタワーＣ（１９階）"}],"6220":[{"pref":"神奈川県","city":"横浜市西区","town":"みなとみらいクイーンズタワーＣ（２０階）"}],"6221":[{"pref":"神奈川県","city":"横浜市西区","town":"みなとみらいクイーンズタワーＣ（２１階）"}],"6290":[{"pref":"神奈川県","city":"横浜市西区","town":"みなとみらいクイーンズタワーＣ（地階・階層不明）"}],"8101":[{"pref":"神奈川県","city":"横浜市西区","town":"みなとみらいランドマークタワー（１階）"}],"8102":[{"pref":"神奈川県","city":"横浜市西区","town":"みなとみらいランドマークタワー（２階）"}],"8103":[{"pref":"神奈川県","city":"横浜市西区","town":"みなとみらいランドマークタワー（３階）"}],"8104":[{"pref":"神奈川県","city":"横浜市西区","town":"みなとみらいランドマークタワー（４階）"}],"8105":[{"pref":"神奈川県","city":"横浜市西区","town":"みなとみらいランドマークタワー（５階）"}],"8106":[{"pref":"神奈川県","city":"横浜市西区","town":"みなとみらいランドマークタワー（６階）"}],"8107":[{"pref":"神奈川県","city":"横浜市西区","town":"みなとみらいランドマークタワー（７階）"}],"8108":[{"pref":"神奈川県","city":"横浜市西区","town":"みなとみらいランドマークタワー（８階）"}],"8109":[{"pref":"神奈川県","city":"横浜市西区","town":"みなとみらいランドマークタワー（９階）"}],"8110":[{"pref":"神奈川県","city":"横浜市西区","town":"みなとみらいランドマークタワー（１０階）"}],"8111":[{"pref":"神奈川県","city":"横浜市西区","town":"みなとみらいランドマークタワー（１１階）"}],"8112":[{"pref":"神奈川県","city":"横浜市西区","town":"みなとみらいランドマークタワー（１２階）"}],"8113":[{"pref":"神奈川県","city":"横浜市西区","town":"みなとみらいランドマークタワー（１３階）"}],"8114":[{"pref":"神奈川県","city":"横浜市西区","town":"みなとみらいランドマークタワー（１４階）"}],"8115":[{"pref":"神奈川県","city":"横浜市西区","town":"みなとみらいランドマークタワー（１５階）"}],"8116":[{"pref":"神奈川県","city":"横浜市西区","town":"みなとみらいランドマークタワー（１６階）"}],"8117":[{"pref":"神奈川県","city":"横浜市西区","town":"みなとみらいランドマークタワー（１７階）"}],"8118":[{"pref":"神奈川県","city":"横浜市西区","town":"みなとみらいランドマークタワー（１８階）"}],"8119":[{"pref":"神奈川県","city":"横浜市西区","town":"みなとみらいランドマークタワー（１９階）"}],"8120":[{"pref":"神奈川県","city":"横浜市西区","town":"みなとみらいランドマークタワー（２０階）"}],"8121":[{"pref":"神奈川県","city":"横浜市西区","town":"みなとみらいランドマークタワー（２１階）"}],"8122":[{"pref":"神奈川県","city":"横浜市西区","town":"みなとみらいランドマークタワー（２２階）"}],"8123":[{"pref":"神奈川県","city":"横浜市西区","town":"みなとみらいランドマークタワー（２３階）"}],"8124":[{"pref":"神奈川県","city":"横浜市西区","town":"みなとみらいランドマークタワー（２４階）"}],"8125":[{"pref":"神奈川県","city":"横浜市西区","town":"みなとみらいランドマークタワー（２５階）"}],"8126":[{"pref":"神奈川県","city":"横浜市西区","town":"みなとみらいランドマークタワー（２６階）"}],"8127":[{"pref":"神奈川県","city":"横浜市西区","town":"みなとみらいランドマークタワー（２７階）"}],"8128":[{"pref":"神奈川県","city":"横浜市西区","town":"みなとみらいランドマークタワー（２８階）"}],"8129":[{"pref":"神奈川県","city":"横浜市西区","town":"みなとみらいランドマークタワー（２９階）"}],"8130":[{"pref":"神奈川県","city":"横浜市西区","town":"みなとみらいランドマークタワー（３０階）"}],"8131":[{"pref":"神奈川県","city":"横浜市西区","town":"みなとみらいランドマークタワー（３１階）"}],"8132":[{"pref":"神奈川県","city":"横浜市西区","town":"みなとみらいランドマークタワー（３２階）"}],"8133":[{"pref":"神奈川県","city":"横浜市西区","town":"みなとみらいランドマークタワー（３３階）"}],"8134":[{"pref":"神奈川県","city":"横浜市西区","town":"みなとみらいランドマークタワー（３４階）"}],"8135":[{"pref":"神奈川県","city":"横浜市西区","town":"みなとみらいランドマークタワー（３５階）"}],"8136":[{"pref":"神奈川県","city":"横浜市西区","town":"みなとみらいランドマークタワー（３６階）"}],"8137":[{"pref":"神奈川県","city":"横浜市西区","town":"みなとみらいランドマークタワー（３７階）"}],"8138":[{"pref":"神奈川県","city":"横浜市西区","town":"みなとみらいランドマークタワー（３８階）"}],"8139":[{"pref":"神奈川県","city":"横浜市西区","town":"みなとみらいランドマークタワー（３９階）"}],"8140":[{"pref":"神奈川県","city":"横浜市西区","town":"みなとみらいランドマークタワー（４０階）"}],"8141":[{"pref":"神奈川県","city":"横浜市西区","town":"みなとみらいランドマークタワー（４１階）"}],"8142":[{"pref":"神奈川県","city":"横浜市西区","town":"みなとみらいランドマークタワー（４２階）"}],"8143":[{"pref":"神奈川県","city":"横浜市西区","town":"みなとみらいランドマークタワー（４３階）"}],"8144":[{"pref":"神奈川県","city":"横浜市西区","town":"みなとみらいランドマークタワー（４４階）"}],"8145":[{"pref":"神奈川県","city":"横浜市西区","town":"みなとみらいランドマークタワー（４５階）"}],"8146":[{"pref":"神奈川県","city":"横浜市西区","town":"みなとみらいランドマークタワー（４６階）"}],"8147":[{"pref":"神奈川県","city":"横浜市西区","town":"みなとみらいランドマークタワー（４７階）"}],"8148":[{"pref":"神奈川県","city":"横浜市西区","town":"みなとみらいランドマークタワー（４８階）"}],"8149":[{"pref":"神奈川県","city":"横浜市西区","town":"みなとみらいランドマークタワー（４９階）"}],"8150":[{"pref":"神奈川県","city":"横浜市西区","town":"みなとみらいランドマークタワー（５０階）"}],"8151":[{"pref":"神奈川県","city":"横浜市西区","town":"みなとみらいランドマークタワー（５１階）"}],"8152":[{"pref":"神奈川県","city":"横浜市西区","town":"みなとみらいランドマークタワー（５２階）"}],"8153":[{"pref":"神奈川県","city":"横浜市西区","town":"みなとみらいランドマークタワー（５３階）"}],"8154":[{"pref":"神奈川県","city":"横浜市西区","town":"みなとみらいランドマークタワー（５４階）"}],"8155":[{"pref":"神奈川県","city":"横浜市西区","town":"みなとみらいランドマークタワー（５５階）"}],"8156":[{"pref":"神奈川県","city":"横浜市西区","town":"みなとみらいランドマークタワー（５６階）"}],"8157":[{"pref":"神奈川県","city":"横浜市西区","town":"みなとみらいランドマークタワー（５７階）"}],"8158":[{"pref":"神奈川県","city":"横浜市西区","town":"みなとみらいランドマークタワー（５８階）"}],"8159":[{"pref":"神奈川県","city":"横浜市西区","town":"みなとみらいランドマークタワー（５９階）"}],"8160":[{"pref":"神奈川県","city":"横浜市西区","town":"みなとみらいランドマークタワー（６０階）"}],"8161":[{"pref":"神奈川県","city":"横浜市西区","town":"みなとみらいランドマークタワー（６１階）"}],"8162":[{"pref":"神奈川県","city":"横浜市西区","town":"みなとみらいランドマークタワー（６２階）"}],"8163":[{"pref":"神奈川県","city":"横浜市西区","town":"みなとみらいランドマークタワー（６３階）"}],"8164":[{"pref":"神奈川県","city":"横浜市西区","town":"みなとみらいランドマークタワー（６４階）"}],"8165":[{"pref":"神奈川県","city":"横浜市西区","town":"みなとみらいランドマークタワー（６５階）"}],"8166":[{"pref":"神奈川県","city":"横浜市西区","town":"みなとみらいランドマークタワー（６６階）"}],"8167":[{"pref":"神奈川県","city":"横浜市西区","town":"みなとみらいランドマークタワー（６７階）"}],"8168":[{"pref":"神奈川県","city":"横浜市西区","town":"みなとみらいランドマークタワー（６８階）"}],"8169":[{"pref":"神奈川県","city":"横浜市西区","town":"みなとみらいランドマークタワー（６９階）"}],"8170":[{"pref":"神奈川県","city":"横浜市西区","town":"みなとみらいランドマークタワー（７０階）"}],"8190":[{"pref":"神奈川県","city":"横浜市西区","town":"みなとみらいランドマークタワー（地階・階層不明）"}],"0000":[{"pref":"神奈川県","city":"横浜市西区","town":"以下に掲載がない場合"}],"0034":[{"pref":"神奈川県","city":"横浜市西区","town":"赤門町"}],"0033":[{"pref":"神奈川県","city":"横浜市西区","town":"東ケ丘"}],"0045":[{"pref":"神奈川県","city":"横浜市西区","town":"伊勢町"}],"0032":[{"pref":"神奈川県","city":"横浜市西区","town":"老松町"}],"0073":[{"pref":"神奈川県","city":"横浜市西区","town":"岡野"}],"0035":[{"pref":"神奈川県","city":"横浜市西区","town":"霞ケ丘"}],"0001":[{"pref":"神奈川県","city":"横浜市西区","town":"北軽井沢"}],"0004":[{"pref":"神奈川県","city":"横浜市西区","town":"北幸"}],"0003":[{"pref":"神奈川県","city":"横浜市西区","town":"楠町"}],"0061":[{"pref":"神奈川県","city":"横浜市西区","town":"久保町"}],"0043":[{"pref":"神奈川県","city":"横浜市西区","town":"御所山町"}],"0054":[{"pref":"神奈川県","city":"横浜市西区","town":"境之谷"}],"0021":[{"pref":"神奈川県","city":"横浜市西区","town":"桜木町（４～７丁目）"}],"0071":[{"pref":"神奈川県","city":"横浜市西区","town":"浅間台"}],"0072":[{"pref":"神奈川県","city":"横浜市西区","town":"浅間町"}],"0011":[{"pref":"神奈川県","city":"横浜市西区","town":"高島"}],"0051":[{"pref":"神奈川県","city":"横浜市西区","town":"中央"}],"0042":[{"pref":"神奈川県","city":"横浜市西区","town":"戸部町"}],"0041":[{"pref":"神奈川県","city":"横浜市西区","town":"戸部本町"}],"0046":[{"pref":"神奈川県","city":"横浜市西区","town":"西戸部町"}],"0024":[{"pref":"神奈川県","city":"横浜市西区","town":"西平沼町"}],"0052":[{"pref":"神奈川県","city":"横浜市西区","town":"西前町"}],"0022":[{"pref":"神奈川県","city":"横浜市西区","town":"花咲町（４～７丁目）"}],"0055":[{"pref":"神奈川県","city":"横浜市西区","town":"浜松町"}],"0062":[{"pref":"神奈川県","city":"横浜市西区","town":"東久保町"}],"0023":[{"pref":"神奈川県","city":"横浜市西区","town":"平沼"}],"0053":[{"pref":"神奈川県","city":"横浜市西区","town":"藤棚町"}],"0013":[{"pref":"神奈川県","city":"横浜市西区","town":"緑町"}],"0012":[{"pref":"神奈川県","city":"横浜市西区","town":"みなとみらい（次のビルを除く）"}],"0002":[{"pref":"神奈川県","city":"横浜市西区","town":"南軽井沢"}],"0005":[{"pref":"神奈川県","city":"横浜市西区","town":"南幸"}],"0074":[{"pref":"神奈川県","city":"横浜市西区","town":"南浅間町"}],"0006":[{"pref":"神奈川県","city":"横浜市西区","town":"宮ケ谷"}],"0031":[{"pref":"神奈川県","city":"横浜市西区","town":"宮崎町"}],"0063":[{"pref":"神奈川県","city":"横浜市西区","town":"元久保町"}],"0044":[{"pref":"神奈川県","city":"横浜市西区","town":"紅葉ケ丘"}]}