{"0000":[{"pref":"埼玉県","city":"入間市","town":"以下に掲載がない場合"}],"0002":[{"pref":"埼玉県","city":"入間市","town":"東町"}],"0031":[{"pref":"埼玉県","city":"入間市","town":"新久"}],"0027":[{"pref":"埼玉県","city":"入間市","town":"上小谷田"}],"0051":[{"pref":"埼玉県","city":"入間市","town":"牛沢町"}],"0023":[{"pref":"埼玉県","city":"入間市","town":"扇台"}],"0022":[{"pref":"埼玉県","city":"入間市","town":"扇町屋"}],"0004":[{"pref":"埼玉県","city":"入間市","town":"鍵山"}],"0006":[{"pref":"埼玉県","city":"入間市","town":"春日町"}],"0048":[{"pref":"埼玉県","city":"入間市","town":"金子中央"}],"0013":[{"pref":"埼玉県","city":"入間市","town":"上藤沢"}],"0042":[{"pref":"埼玉県","city":"入間市","town":"上谷ケ貫"}],"0008":[{"pref":"埼玉県","city":"入間市","town":"河原町"}],"0024":[{"pref":"埼玉県","city":"入間市","town":"久保稲荷"}],"0007":[{"pref":"埼玉県","city":"入間市","town":"黒須"}],"0001":[{"pref":"埼玉県","city":"入間市","town":"向陽台"}],"0017":[{"pref":"埼玉県","city":"入間市","town":"駒形富士山"}],"0026":[{"pref":"埼玉県","city":"入間市","town":"小谷田"}],"0032":[{"pref":"埼玉県","city":"入間市","town":"狭山ケ原"}],"0033":[{"pref":"埼玉県","city":"入間市","town":"狭山台"}],"0011":[{"pref":"埼玉県","city":"入間市","town":"下藤沢"}],"0041":[{"pref":"埼玉県","city":"入間市","town":"下谷ケ貫"}],"0055":[{"pref":"埼玉県","city":"入間市","town":"新光"}],"0025":[{"pref":"埼玉県","city":"入間市","town":"善蔵新田"}],"0021":[{"pref":"埼玉県","city":"入間市","town":"高倉"}],"0016":[{"pref":"埼玉県","city":"入間市","town":"高根"}],"0045":[{"pref":"埼玉県","city":"入間市","town":"寺竹"}],"0003":[{"pref":"埼玉県","city":"入間市","town":"豊岡"}],"0035":[{"pref":"埼玉県","city":"入間市","town":"中神"}],"0043":[{"pref":"埼玉県","city":"入間市","town":"西三ツ木"}],"0015":[{"pref":"埼玉県","city":"入間市","town":"二本木"}],"0034":[{"pref":"埼玉県","city":"入間市","town":"根岸"}],"0054":[{"pref":"埼玉県","city":"入間市","town":"野田"}],"0036":[{"pref":"埼玉県","city":"入間市","town":"花ノ木"}],"0012":[{"pref":"埼玉県","city":"入間市","town":"東藤沢"}],"0053":[{"pref":"埼玉県","city":"入間市","town":"仏子"}],"0044":[{"pref":"埼玉県","city":"入間市","town":"三ツ木台"}],"0046":[{"pref":"埼玉県","city":"入間市","town":"南峯"}],"0014":[{"pref":"埼玉県","city":"入間市","town":"宮寺"}],"0005":[{"pref":"埼玉県","city":"入間市","town":"宮前町"}],"0047":[{"pref":"埼玉県","city":"入間市","town":"木蓮寺"}],"0052":[{"pref":"埼玉県","city":"入間市","town":"森坂"}]}