{"0000":[{"pref":"東京都","city":"大田区","town":"以下に掲載がない場合"}],"0052":[{"pref":"東京都","city":"大田区","town":"蒲田"}],"0053":[{"pref":"東京都","city":"大田区","town":"蒲田本町"}],"0032":[{"pref":"東京都","city":"大田区","town":"北糀谷"}],"0054":[{"pref":"東京都","city":"大田区","town":"新蒲田"}],"0055":[{"pref":"東京都","city":"大田区","town":"仲六郷"}],"0051":[{"pref":"東京都","city":"大田区","town":"西蒲田"}],"0034":[{"pref":"東京都","city":"大田区","town":"西糀谷"}],"0056":[{"pref":"東京都","city":"大田区","town":"西六郷"}],"0047":[{"pref":"東京都","city":"大田区","town":"萩中"}],"0043":[{"pref":"東京都","city":"大田区","town":"羽田"}],"0042":[{"pref":"東京都","city":"大田区","town":"羽田旭町"}],"0041":[{"pref":"東京都","city":"大田区","town":"羽田空港"}],"0031":[{"pref":"東京都","city":"大田区","town":"東蒲田"}],"0033":[{"pref":"東京都","city":"大田区","town":"東糀谷"}],"0046":[{"pref":"東京都","city":"大田区","town":"東六郷"}],"0044":[{"pref":"東京都","city":"大田区","town":"本羽田"}],"0035":[{"pref":"東京都","city":"大田区","town":"南蒲田"}],"0045":[{"pref":"東京都","city":"大田区","town":"南六郷"}]}