{"0081":[{"pref":"北海道","city":"芦別市","town":"泉"}],"0000":[{"pref":"北海道","city":"富良野市","town":"以下に掲載がない場合"}],"0026":[{"pref":"北海道","city":"富良野市","town":"朝日町"}],"0008":[{"pref":"北海道","city":"富良野市","town":"扇町"}],"0035":[{"pref":"北海道","city":"富良野市","town":"学田三区"}],"0054":[{"pref":"北海道","city":"富良野市","town":"春日町"}],"0038":[{"pref":"北海道","city":"富良野市","town":"桂木町"}],"0014":[{"pref":"北海道","city":"富良野市","town":"上五区"}],"0015":[{"pref":"北海道","city":"富良野市","town":"上御料"}],"0059":[{"pref":"北海道","city":"富良野市","town":"北麻町"}],"0001":[{"pref":"北海道","city":"富良野市","town":"北扇山"}],"0044":[{"pref":"北海道","city":"富良野市","town":"北大沼"}],"0034":[{"pref":"北海道","city":"富良野市","town":"北の峰町"}],"0175":[{"pref":"北海道","city":"富良野市","town":"北布礼別"}],"0165":[{"pref":"北海道","city":"富良野市","town":"北麓郷"}],"0024":[{"pref":"北海道","city":"富良野市","town":"幸町"}],"0023":[{"pref":"北海道","city":"富良野市","town":"栄町"}],"0039":[{"pref":"北海道","city":"富良野市","town":"信濃沢"}],"0050":[{"pref":"北海道","city":"富良野市","town":"東雲町"}],"0036":[{"pref":"北海道","city":"富良野市","town":"島ノ下"}],"0048":[{"pref":"北海道","city":"富良野市","town":"清水山"}],"0012":[{"pref":"北海道","city":"富良野市","town":"下五区"}],"0017":[{"pref":"北海道","city":"富良野市","town":"下御料"}],"0058":[{"pref":"北海道","city":"富良野市","town":"新光町"}],"0033":[{"pref":"北海道","city":"富良野市","town":"新富町"}],"0011":[{"pref":"北海道","city":"富良野市","town":"末広町"}],"0057":[{"pref":"北海道","city":"富良野市","town":"住吉町"}],"0204":[{"pref":"北海道","city":"富良野市","town":"平沢"}],"0183":[{"pref":"北海道","city":"富良野市","town":"富丘更生"}],"0013":[{"pref":"北海道","city":"富良野市","town":"中五区"}],"0016":[{"pref":"北海道","city":"富良野市","town":"中御料"}],"0176":[{"pref":"北海道","city":"富良野市","town":"中布礼別"}],"0055":[{"pref":"北海道","city":"富良野市","town":"西麻町"}],"0006":[{"pref":"北海道","city":"富良野市","town":"西扇山"}],"0047":[{"pref":"北海道","city":"富良野市","town":"西学田二区"}],"0028":[{"pref":"北海道","city":"富良野市","town":"錦町"}],"0201":[{"pref":"北海道","city":"富良野市","town":"西達布"}],"0182":[{"pref":"北海道","city":"富良野市","town":"西富丘"}],"0042":[{"pref":"北海道","city":"富良野市","town":"西鳥沼"}],"0173":[{"pref":"北海道","city":"富良野市","town":"西布礼別"}],"0037":[{"pref":"北海道","city":"富良野市","town":"西町"}],"0163":[{"pref":"北海道","city":"富良野市","town":"西麓郷"}],"0003":[{"pref":"北海道","city":"富良野市","town":"布部石綿"}],"0004":[{"pref":"北海道","city":"富良野市","town":"布部市街地"}],"0005":[{"pref":"北海道","city":"富良野市","town":"布部一"}],"0027":[{"pref":"北海道","city":"富良野市","town":"花園町"}],"0051":[{"pref":"北海道","city":"富良野市","town":"東麻町"}],"0045":[{"pref":"北海道","city":"富良野市","town":"東学田二区"}],"0181":[{"pref":"北海道","city":"富良野市","town":"東富丘"}],"0041":[{"pref":"北海道","city":"富良野市","town":"東鳥沼"}],"0172":[{"pref":"北海道","city":"富良野市","town":"東布礼別"}],"0053":[{"pref":"北海道","city":"富良野市","town":"東町"}],"0202":[{"pref":"北海道","city":"富良野市","town":"東山（その他）"}],"0162":[{"pref":"北海道","city":"富良野市","town":"東麓郷"}],"0025":[{"pref":"北海道","city":"富良野市","town":"日の出町"}],"0171":[{"pref":"北海道","city":"富良野市","town":"布礼別市街地"}],"0046":[{"pref":"北海道","city":"富良野市","town":"北斗町"}],"0056":[{"pref":"北海道","city":"富良野市","town":"瑞穂町"}],"0021":[{"pref":"北海道","city":"富良野市","town":"緑町"}],"0052":[{"pref":"北海道","city":"富良野市","town":"南麻町"}],"0002":[{"pref":"北海道","city":"富良野市","town":"南扇山"}],"0043":[{"pref":"北海道","city":"富良野市","town":"南大沼"}],"0174":[{"pref":"北海道","city":"富良野市","town":"南布礼別"}],"0007":[{"pref":"北海道","city":"富良野市","town":"南町"}],"0164":[{"pref":"北海道","city":"富良野市","town":"南麓郷"}],"0031":[{"pref":"北海道","city":"富良野市","town":"本町"}],"0184":[{"pref":"北海道","city":"富良野市","town":"八幡丘"}],"0018":[{"pref":"北海道","city":"富良野市","town":"弥生町"}],"0203":[{"pref":"北海道","city":"富良野市","town":"老節布"}],"0161":[{"pref":"北海道","city":"富良野市","town":"麓郷市街地"}],"0022":[{"pref":"北海道","city":"富良野市","town":"若葉町"}],"0032":[{"pref":"北海道","city":"富良野市","town":"若松町"}]}