{"0000":[{"pref":"千葉県","city":"館山市","town":"以下に掲載がない場合"}],"0235":[{"pref":"千葉県","city":"館山市","town":"相浜"}],"0043":[{"pref":"千葉県","city":"館山市","town":"安布里"}],"0005":[{"pref":"千葉県","city":"館山市","town":"安東"}],"0016":[{"pref":"千葉県","city":"館山市","town":"飯沼"}],"0026":[{"pref":"千葉県","city":"館山市","town":"出野尾"}],"0314":[{"pref":"千葉県","city":"館山市","town":"伊戸"}],"0012":[{"pref":"千葉県","city":"館山市","town":"稲"}],"0226":[{"pref":"千葉県","city":"館山市","town":"犬石"}],"0042":[{"pref":"千葉県","city":"館山市","town":"上野原"}],"0009":[{"pref":"千葉県","city":"館山市","town":"江田"}],"0044":[{"pref":"千葉県","city":"館山市","town":"大網"}],"0002":[{"pref":"千葉県","city":"館山市","town":"大井"}],"0031":[{"pref":"千葉県","city":"館山市","town":"大賀"}],"0025":[{"pref":"千葉県","city":"館山市","town":"大戸"}],"0024":[{"pref":"千葉県","city":"館山市","town":"岡田"}],"0306":[{"pref":"千葉県","city":"館山市","town":"加賀名"}],"0032":[{"pref":"千葉県","city":"館山市","town":"笠名"}],"0023":[{"pref":"千葉県","city":"館山市","town":"神余"}],"0038":[{"pref":"千葉県","city":"館山市","town":"上真倉"}],"0052":[{"pref":"千葉県","city":"館山市","town":"亀ケ原"}],"0057":[{"pref":"千葉県","city":"館山市","town":"川名"}],"0305":[{"pref":"千葉県","city":"館山市","town":"見物"}],"0301":[{"pref":"千葉県","city":"館山市","town":"香"}],"0018":[{"pref":"千葉県","city":"館山市","town":"国分"}],"0007":[{"pref":"千葉県","city":"館山市","town":"腰越"}],"0312":[{"pref":"千葉県","city":"館山市","town":"小沼"}],"0058":[{"pref":"千葉県","city":"館山市","town":"小原"}],"0015":[{"pref":"千葉県","city":"館山市","town":"古茂口"}],"0311":[{"pref":"千葉県","city":"館山市","town":"坂井"}],"0313":[{"pref":"千葉県","city":"館山市","town":"坂足"}],"0029":[{"pref":"千葉県","city":"館山市","town":"作名"}],"0225":[{"pref":"千葉県","city":"館山市","town":"佐野"}],"0302":[{"pref":"千葉県","city":"館山市","town":"塩見"}],"0048":[{"pref":"千葉県","city":"館山市","town":"下真倉"}],"0046":[{"pref":"千葉県","city":"館山市","town":"新宿"}],"0316":[{"pref":"千葉県","city":"館山市","town":"洲崎"}],"0223":[{"pref":"千葉県","city":"館山市","town":"洲宮"}],"0006":[{"pref":"千葉県","city":"館山市","town":"薗"}],"0233":[{"pref":"千葉県","city":"館山市","town":"大神宮"}],"0041":[{"pref":"千葉県","city":"館山市","town":"高井"}],"0001":[{"pref":"千葉県","city":"館山市","town":"竹原"}],"0036":[{"pref":"千葉県","city":"館山市","town":"館山"}],"0231":[{"pref":"千葉県","city":"館山市","town":"中里"}],"0037":[{"pref":"千葉県","city":"館山市","town":"長須賀"}],"0055":[{"pref":"千葉県","city":"館山市","town":"那古"}],"0017":[{"pref":"千葉県","city":"館山市","town":"南条"}],"0315":[{"pref":"千葉県","city":"館山市","town":"西川名"}],"0027":[{"pref":"千葉県","city":"館山市","town":"西長田"}],"0034":[{"pref":"千葉県","city":"館山市","town":"沼"}],"0307":[{"pref":"千葉県","city":"館山市","town":"波左間"}],"0022":[{"pref":"千葉県","city":"館山市","town":"畑"}],"0303":[{"pref":"千葉県","city":"館山市","town":"浜田"}],"0304":[{"pref":"千葉県","city":"館山市","town":"早物"}],"0308":[{"pref":"千葉県","city":"館山市","town":"坂田"}],"0028":[{"pref":"千葉県","city":"館山市","town":"東長田"}],"0008":[{"pref":"千葉県","city":"館山市","town":"広瀬"}],"0035":[{"pref":"千葉県","city":"館山市","town":"富士見"}],"0224":[{"pref":"千葉県","city":"館山市","town":"藤原"}],"0011":[{"pref":"千葉県","city":"館山市","town":"二子"}],"0056":[{"pref":"千葉県","city":"館山市","town":"船形"}],"0013":[{"pref":"千葉県","city":"館山市","town":"宝貝"}],"0045":[{"pref":"千葉県","city":"館山市","town":"北条"}],"0053":[{"pref":"千葉県","city":"館山市","town":"北条正木"}],"0051":[{"pref":"千葉県","city":"館山市","town":"正木"}],"0004":[{"pref":"千葉県","city":"館山市","town":"水岡"}],"0003":[{"pref":"千葉県","city":"館山市","town":"水玉"}],"0054":[{"pref":"千葉県","city":"館山市","town":"湊"}],"0033":[{"pref":"千葉県","city":"館山市","town":"宮城"}],"0221":[{"pref":"千葉県","city":"館山市","town":"布沼"}],"0234":[{"pref":"千葉県","city":"館山市","town":"布良"}],"0222":[{"pref":"千葉県","city":"館山市","town":"茂名"}],"0014":[{"pref":"千葉県","city":"館山市","town":"山本"}],"0021":[{"pref":"千葉県","city":"館山市","town":"山荻"}],"0047":[{"pref":"千葉県","city":"館山市","town":"八幡"}],"0232":[{"pref":"千葉県","city":"館山市","town":"竜岡"}],"0821":[{"pref":"千葉県","city":"南房総市","town":"明石"}],"0812":[{"pref":"千葉県","city":"南房総市","town":"池之内"}],"0804":[{"pref":"千葉県","city":"南房総市","town":"海老敷"}],"0817":[{"pref":"千葉県","city":"南房総市","town":"大学口"}],"0806":[{"pref":"千葉県","city":"南房総市","town":"上滝田"}],"0825":[{"pref":"千葉県","city":"南房総市","town":"上堀"}],"0814":[{"pref":"千葉県","city":"南房総市","town":"川田"}],"0805":[{"pref":"千葉県","city":"南房総市","town":"下滝田"}],"0824":[{"pref":"千葉県","city":"南房総市","town":"下堀"}],"0815":[{"pref":"千葉県","city":"南房総市","town":"千代"}],"0811":[{"pref":"千葉県","city":"南房総市","town":"中"}],"0823":[{"pref":"千葉県","city":"南房総市","town":"府中"}],"0801":[{"pref":"千葉県","city":"南房総市","town":"増間"}],"0826":[{"pref":"千葉県","city":"南房総市","town":"三坂"}],"0803":[{"pref":"千葉県","city":"南房総市","town":"御庄"}],"0822":[{"pref":"千葉県","city":"南房総市","town":"本織"}],"0816":[{"pref":"千葉県","city":"南房総市","town":"山下"}],"0802":[{"pref":"千葉県","city":"南房総市","town":"山名"}],"0813":[{"pref":"千葉県","city":"南房総市","town":"谷向"}]}