{"0001":[{"pref":"岐阜県","city":"岐阜市","town":"粟野"}],"0002":[{"pref":"岐阜県","city":"岐阜市","town":"粟野東"}],"0006":[{"pref":"岐阜県","city":"岐阜市","town":"粟野西"}],"0007":[{"pref":"岐阜県","city":"岐阜市","town":"粟野台"}],"0906":[{"pref":"岐阜県","city":"岐阜市","town":"池ノ上町"}],"0844":[{"pref":"岐阜県","city":"岐阜市","town":"岩倉町"}],"0005":[{"pref":"岐阜県","city":"岐阜市","town":"岩崎"}],"0837":[{"pref":"岐阜県","city":"岐阜市","town":"鵜川町"}],"0802":[{"pref":"岐阜県","city":"岐阜市","town":"打越"}],"0915":[{"pref":"岐阜県","city":"岐阜市","town":"江口"}],"0835":[{"pref":"岐阜県","city":"岐阜市","town":"織田町"}],"0016":[{"pref":"岐阜県","city":"岐阜市","town":"雄総桜町"}],"0014":[{"pref":"岐阜県","city":"岐阜市","town":"雄総緑町"}],"0015":[{"pref":"岐阜県","city":"岐阜市","town":"雄総柳町"}],"0841":[{"pref":"岐阜県","city":"岐阜市","town":"学園町"}],"0862":[{"pref":"岐阜県","city":"岐阜市","town":"上城田寺中"}],"0863":[{"pref":"岐阜県","city":"岐阜市","town":"上城田寺西"}],"0864":[{"pref":"岐阜県","city":"岐阜市","town":"上城田寺東"}],"0861":[{"pref":"岐阜県","city":"岐阜市","town":"上城田寺南"}],"0803":[{"pref":"岐阜県","city":"岐阜市","town":"上土居"}],"0938":[{"pref":"岐阜県","city":"岐阜市","town":"萱場北町"}],"0935":[{"pref":"岐阜県","city":"岐阜市","town":"萱場東町"}],"0936":[{"pref":"岐阜県","city":"岐阜市","town":"萱場南"}],"0937":[{"pref":"岐阜県","city":"岐阜市","town":"萱場町"}],"0831":[{"pref":"岐阜県","city":"岐阜市","town":"菊水町"}],"0911":[{"pref":"岐阜県","city":"岐阜市","town":"北島"}],"0859":[{"pref":"岐阜県","city":"岐阜市","town":"城田寺"}],"0828":[{"pref":"岐阜県","city":"岐阜市","town":"金華町"}],"0826":[{"pref":"岐阜県","city":"岐阜市","town":"楠町"}],"0823":[{"pref":"岐阜県","city":"岐阜市","town":"光栄町"}],"0908":[{"pref":"岐阜県","city":"岐阜市","town":"近島"}],"0021":[{"pref":"岐阜県","city":"岐阜市","town":"西後町"}],"0849":[{"pref":"岐阜県","city":"岐阜市","town":"栄新町"}],"0851":[{"pref":"岐阜県","city":"岐阜市","town":"鷺山"}],"0872":[{"pref":"岐阜県","city":"岐阜市","town":"鷺山北町"}],"0853":[{"pref":"岐阜県","city":"岐阜市","town":"鷺山清洲町"}],"0871":[{"pref":"岐阜県","city":"岐阜市","town":"鷺山新町"}],"0855":[{"pref":"岐阜県","city":"岐阜市","town":"鷺山緑ケ丘"}],"0856":[{"pref":"岐阜県","city":"岐阜市","town":"鷺山緑ケ丘新町"}],"0854":[{"pref":"岐阜県","city":"岐阜市","town":"鷺山向井町"}],"0850":[{"pref":"岐阜県","city":"岐阜市","town":"鷺山東"}],"0867":[{"pref":"岐阜県","city":"岐阜市","town":"鷺山南"}],"0904":[{"pref":"岐阜県","city":"岐阜市","town":"島栄町"}],"0907":[{"pref":"岐阜県","city":"岐阜市","town":"島新町"}],"0917":[{"pref":"岐阜県","city":"岐阜市","town":"島田"}],"0858":[{"pref":"岐阜県","city":"岐阜市","town":"下土居"}],"0909":[{"pref":"岐阜県","city":"岐阜市","town":"白菊町"}],"0023":[{"pref":"岐阜県","city":"岐阜市","town":"城前町"}],"0914":[{"pref":"岐阜県","city":"岐阜市","town":"菅生"}],"0842":[{"pref":"岐阜県","city":"岐阜市","town":"早田（その他）"}],"0902":[{"pref":"岐阜県","city":"岐阜市","town":"早田大通"}],"0847":[{"pref":"岐阜県","city":"岐阜市","town":"早田栄町"}],"0843":[{"pref":"岐阜県","city":"岐阜市","town":"早田東町"}],"0848":[{"pref":"岐阜県","city":"岐阜市","town":"早田本町"}],"0845":[{"pref":"岐阜県","city":"岐阜市","town":"早田町"}],"0934":[{"pref":"岐阜県","city":"岐阜市","town":"大福町"}],"0821":[{"pref":"岐阜県","city":"岐阜市","town":"太平町"}],"0926":[{"pref":"岐阜県","city":"岐阜市","town":"旦島"}],"0928":[{"pref":"岐阜県","city":"岐阜市","town":"旦島中"}],"0925":[{"pref":"岐阜県","city":"岐阜市","town":"旦島中町"}],"0927":[{"pref":"岐阜県","city":"岐阜市","town":"旦島西町"}],"0924":[{"pref":"岐阜県","city":"岐阜市","town":"旦島宮町"}],"0832":[{"pref":"岐阜県","city":"岐阜市","town":"千代田町"}],"0846":[{"pref":"岐阜県","city":"岐阜市","town":"津島町"}],"0801":[{"pref":"岐阜県","city":"岐阜市","town":"椿洞"}],"0816":[{"pref":"岐阜県","city":"岐阜市","town":"道三町"}],"0013":[{"pref":"岐阜県","city":"岐阜市","town":"中川原"}],"0081":[{"pref":"岐阜県","city":"岐阜市","town":"長良（丁目）"}],"0071":[{"pref":"岐阜県","city":"岐阜市","town":"長良（番地）"}],"0047":[{"pref":"岐阜県","city":"岐阜市","town":"長良葵町"}],"0034":[{"pref":"岐阜県","city":"岐阜市","town":"長良有明町"}],"0054":[{"pref":"岐阜県","city":"岐阜市","town":"長良井田"}],"0063":[{"pref":"岐阜県","city":"岐阜市","town":"長良一楽"}],"0031":[{"pref":"岐阜県","city":"岐阜市","town":"長良大路"}],"0036":[{"pref":"岐阜県","city":"岐阜市","town":"長良大前町"}],"0838":[{"pref":"岐阜県","city":"岐阜市","town":"長良丘"}],"0077":[{"pref":"岐阜県","city":"岐阜市","town":"長良奥郷"}],"0017":[{"pref":"岐阜県","city":"岐阜市","town":"長良雄総"}],"0041":[{"pref":"岐阜県","city":"岐阜市","town":"長良海用町"}],"0037":[{"pref":"岐阜県","city":"岐阜市","town":"長良金碧町"}],"0045":[{"pref":"岐阜県","city":"岐阜市","town":"長良校前町"}],"0044":[{"pref":"岐阜県","city":"岐阜市","town":"長良校文町"}],"0051":[{"pref":"岐阜県","city":"岐阜市","town":"長良幸和町"}],"0075":[{"pref":"岐阜県","city":"岐阜市","town":"長良子正賀"}],"0052":[{"pref":"岐阜県","city":"岐阜市","town":"長良小松町"}],"0026":[{"pref":"岐阜県","city":"岐阜市","town":"長良桜井町"}],"0012":[{"pref":"岐阜県","city":"岐阜市","town":"長良志段見"}],"0028":[{"pref":"岐阜県","city":"岐阜市","town":"長良白妙町"}],"0042":[{"pref":"岐阜県","city":"岐阜市","town":"長良城西町"}],"0056":[{"pref":"岐阜県","city":"岐阜市","town":"長良真生町"}],"0046":[{"pref":"岐阜県","city":"岐阜市","town":"長良杉乃町"}],"0066":[{"pref":"岐阜県","city":"岐阜市","town":"長良仙田町"}],"0032":[{"pref":"岐阜県","city":"岐阜市","town":"長良高嶺町"}],"0073":[{"pref":"岐阜県","city":"岐阜市","town":"長良田中"}],"0064":[{"pref":"岐阜県","city":"岐阜市","town":"長良田中前"}],"0022":[{"pref":"岐阜県","city":"岐阜市","town":"長良東郷町"}],"0076":[{"pref":"岐阜県","city":"岐阜市","town":"長良友瀬"}],"0035":[{"pref":"岐阜県","city":"岐阜市","town":"長良南陽町"}],"0067":[{"pref":"岐阜県","city":"岐阜市","town":"長良西野前"}],"0074":[{"pref":"岐阜県","city":"岐阜市","town":"長良西山前"}],"0062":[{"pref":"岐阜県","city":"岐阜市","town":"長良春田"}],"0082":[{"pref":"岐阜県","city":"岐阜市","town":"長良東"}],"0043":[{"pref":"岐阜県","city":"岐阜市","town":"長良東町"}],"0072":[{"pref":"岐阜県","city":"岐阜市","town":"長良福泉"}],"0055":[{"pref":"岐阜県","city":"岐阜市","town":"長良福江町"}],"0817":[{"pref":"岐阜県","city":"岐阜市","town":"長良福光"}],"0011":[{"pref":"岐阜県","city":"岐阜市","town":"長良古津"}],"0038":[{"pref":"岐阜県","city":"岐阜市","town":"長良法久寺町"}],"0027":[{"pref":"岐阜県","city":"岐阜市","town":"長良宮口町"}],"0053":[{"pref":"岐阜県","city":"岐阜市","town":"長良宮路町"}],"0065":[{"pref":"岐阜県","city":"岐阜市","town":"長良森町"}],"0033":[{"pref":"岐阜県","city":"岐阜市","town":"長良有楽町"}],"0061":[{"pref":"岐阜県","city":"岐阜市","town":"長良竜東町"}],"0029":[{"pref":"岐阜県","city":"岐阜市","town":"長良若葉町"}],"0912":[{"pref":"岐阜県","city":"岐阜市","town":"西島町"}],"0916":[{"pref":"岐阜県","city":"岐阜市","town":"西中島"}],"0933":[{"pref":"岐阜県","city":"岐阜市","town":"日光町"}],"0931":[{"pref":"岐阜県","city":"岐阜市","town":"則武"}],"0932":[{"pref":"岐阜県","city":"岐阜市","town":"則武中"}],"0939":[{"pref":"岐阜県","city":"岐阜市","town":"則武西"}],"0929":[{"pref":"岐阜県","city":"岐阜市","town":"則武東"}],"0825":[{"pref":"岐阜県","city":"岐阜市","town":"初日町"}],"0824":[{"pref":"岐阜県","city":"岐阜市","town":"花ノ木町"}],"0829":[{"pref":"岐阜県","city":"岐阜市","town":"万代町"}],"0901":[{"pref":"岐阜県","city":"岐阜市","town":"光町"}],"0913":[{"pref":"岐阜県","city":"岐阜市","town":"東島"}],"0822":[{"pref":"岐阜県","city":"岐阜市","town":"福田町"}],"0813":[{"pref":"岐阜県","city":"岐阜市","town":"福光東"}],"0814":[{"pref":"岐阜県","city":"岐阜市","town":"福光西"}],"0815":[{"pref":"岐阜県","city":"岐阜市","town":"福光南町"}],"0827":[{"pref":"岐阜県","city":"岐阜市","town":"平和通"}],"0024":[{"pref":"岐阜県","city":"岐阜市","town":"堀田町"}],"0857":[{"pref":"岐阜県","city":"岐阜市","town":"正木"}],"0881":[{"pref":"岐阜県","city":"岐阜市","town":"正木北町"}],"0865":[{"pref":"岐阜県","city":"岐阜市","town":"正木西町"}],"0882":[{"pref":"岐阜県","city":"岐阜市","town":"正木中"}],"0866":[{"pref":"岐阜県","city":"岐阜市","town":"正木南"}],"0833":[{"pref":"岐阜県","city":"岐阜市","town":"松風町"}],"0903":[{"pref":"岐阜県","city":"岐阜市","town":"美島町"}],"0004":[{"pref":"岐阜県","city":"岐阜市","town":"三田洞"}],"0003":[{"pref":"岐阜県","city":"岐阜市","town":"三田洞東"}],"0852":[{"pref":"岐阜県","city":"岐阜市","town":"南蝉"}],"0923":[{"pref":"岐阜県","city":"岐阜市","town":"宮浦町"}],"0922":[{"pref":"岐阜県","city":"岐阜市","town":"明神町"}],"0921":[{"pref":"岐阜県","city":"岐阜市","town":"守口町"}],"0812":[{"pref":"岐阜県","city":"岐阜市","town":"八代"}],"0025":[{"pref":"岐阜県","city":"岐阜市","town":"山先町"}],"0905":[{"pref":"岐阜県","city":"岐阜市","town":"山吹町"}],"0834":[{"pref":"岐阜県","city":"岐阜市","town":"養老町"}],"0836":[{"pref":"岐阜県","city":"岐阜市","town":"若竹町"}],"0811":[{"pref":"岐阜県","city":"岐阜市","town":"若福町"}]}