{"6001":[{"pref":"東京都","city":"港区","town":"六本木泉ガーデンタワー（１階）"}],"6002":[{"pref":"東京都","city":"港区","town":"六本木泉ガーデンタワー（２階）"}],"6003":[{"pref":"東京都","city":"港区","town":"六本木泉ガーデンタワー（３階）"}],"6004":[{"pref":"東京都","city":"港区","town":"六本木泉ガーデンタワー（４階）"}],"6005":[{"pref":"東京都","city":"港区","town":"六本木泉ガーデンタワー（５階）"}],"6006":[{"pref":"東京都","city":"港区","town":"六本木泉ガーデンタワー（６階）"}],"6007":[{"pref":"東京都","city":"港区","town":"六本木泉ガーデンタワー（７階）"}],"6008":[{"pref":"東京都","city":"港区","town":"六本木泉ガーデンタワー（８階）"}],"6009":[{"pref":"東京都","city":"港区","town":"六本木泉ガーデンタワー（９階）"}],"6010":[{"pref":"東京都","city":"港区","town":"六本木泉ガーデンタワー（１０階）"}],"6011":[{"pref":"東京都","city":"港区","town":"六本木泉ガーデンタワー（１１階）"}],"6012":[{"pref":"東京都","city":"港区","town":"六本木泉ガーデンタワー（１２階）"}],"6013":[{"pref":"東京都","city":"港区","town":"六本木泉ガーデンタワー（１３階）"}],"6014":[{"pref":"東京都","city":"港区","town":"六本木泉ガーデンタワー（１４階）"}],"6015":[{"pref":"東京都","city":"港区","town":"六本木泉ガーデンタワー（１５階）"}],"6016":[{"pref":"東京都","city":"港区","town":"六本木泉ガーデンタワー（１６階）"}],"6017":[{"pref":"東京都","city":"港区","town":"六本木泉ガーデンタワー（１７階）"}],"6018":[{"pref":"東京都","city":"港区","town":"六本木泉ガーデンタワー（１８階）"}],"6019":[{"pref":"東京都","city":"港区","town":"六本木泉ガーデンタワー（１９階）"}],"6020":[{"pref":"東京都","city":"港区","town":"六本木泉ガーデンタワー（２０階）"}],"6021":[{"pref":"東京都","city":"港区","town":"六本木泉ガーデンタワー（２１階）"}],"6022":[{"pref":"東京都","city":"港区","town":"六本木泉ガーデンタワー（２２階）"}],"6023":[{"pref":"東京都","city":"港区","town":"六本木泉ガーデンタワー（２３階）"}],"6024":[{"pref":"東京都","city":"港区","town":"六本木泉ガーデンタワー（２４階）"}],"6025":[{"pref":"東京都","city":"港区","town":"六本木泉ガーデンタワー（２５階）"}],"6026":[{"pref":"東京都","city":"港区","town":"六本木泉ガーデンタワー（２６階）"}],"6027":[{"pref":"東京都","city":"港区","town":"六本木泉ガーデンタワー（２７階）"}],"6028":[{"pref":"東京都","city":"港区","town":"六本木泉ガーデンタワー（２８階）"}],"6029":[{"pref":"東京都","city":"港区","town":"六本木泉ガーデンタワー（２９階）"}],"6030":[{"pref":"東京都","city":"港区","town":"六本木泉ガーデンタワー（３０階）"}],"6031":[{"pref":"東京都","city":"港区","town":"六本木泉ガーデンタワー（３１階）"}],"6032":[{"pref":"東京都","city":"港区","town":"六本木泉ガーデンタワー（３２階）"}],"6033":[{"pref":"東京都","city":"港区","town":"六本木泉ガーデンタワー（３３階）"}],"6034":[{"pref":"東京都","city":"港区","town":"六本木泉ガーデンタワー（３４階）"}],"6035":[{"pref":"東京都","city":"港区","town":"六本木泉ガーデンタワー（３５階）"}],"6036":[{"pref":"東京都","city":"港区","town":"六本木泉ガーデンタワー（３６階）"}],"6037":[{"pref":"東京都","city":"港区","town":"六本木泉ガーデンタワー（３７階）"}],"6038":[{"pref":"東京都","city":"港区","town":"六本木泉ガーデンタワー（３８階）"}],"6039":[{"pref":"東京都","city":"港区","town":"六本木泉ガーデンタワー（３９階）"}],"6040":[{"pref":"東京都","city":"港区","town":"六本木泉ガーデンタワー（４０階）"}],"6041":[{"pref":"東京都","city":"港区","town":"六本木泉ガーデンタワー（４１階）"}],"6042":[{"pref":"東京都","city":"港区","town":"六本木泉ガーデンタワー（４２階）"}],"6043":[{"pref":"東京都","city":"港区","town":"六本木泉ガーデンタワー（４３階）"}],"6044":[{"pref":"東京都","city":"港区","town":"六本木泉ガーデンタワー（４４階）"}],"6045":[{"pref":"東京都","city":"港区","town":"六本木泉ガーデンタワー（４５階）"}],"6090":[{"pref":"東京都","city":"港区","town":"六本木泉ガーデンタワー（地階・階層不明）"}],"6101":[{"pref":"東京都","city":"港区","town":"六本木六本木ヒルズ森タワー（１階）"}],"6102":[{"pref":"東京都","city":"港区","town":"六本木六本木ヒルズ森タワー（２階）"}],"6103":[{"pref":"東京都","city":"港区","town":"六本木六本木ヒルズ森タワー（３階）"}],"6104":[{"pref":"東京都","city":"港区","town":"六本木六本木ヒルズ森タワー（４階）"}],"6105":[{"pref":"東京都","city":"港区","town":"六本木六本木ヒルズ森タワー（５階）"}],"6106":[{"pref":"東京都","city":"港区","town":"六本木六本木ヒルズ森タワー（６階）"}],"6107":[{"pref":"東京都","city":"港区","town":"六本木六本木ヒルズ森タワー（７階）"}],"6108":[{"pref":"東京都","city":"港区","town":"六本木六本木ヒルズ森タワー（８階）"}],"6109":[{"pref":"東京都","city":"港区","town":"六本木六本木ヒルズ森タワー（９階）"}],"6110":[{"pref":"東京都","city":"港区","town":"六本木六本木ヒルズ森タワー（１０階）"}],"6111":[{"pref":"東京都","city":"港区","town":"六本木六本木ヒルズ森タワー（１１階）"}],"6112":[{"pref":"東京都","city":"港区","town":"六本木六本木ヒルズ森タワー（１２階）"}],"6113":[{"pref":"東京都","city":"港区","town":"六本木六本木ヒルズ森タワー（１３階）"}],"6114":[{"pref":"東京都","city":"港区","town":"六本木六本木ヒルズ森タワー（１４階）"}],"6115":[{"pref":"東京都","city":"港区","town":"六本木六本木ヒルズ森タワー（１５階）"}],"6116":[{"pref":"東京都","city":"港区","town":"六本木六本木ヒルズ森タワー（１６階）"}],"6117":[{"pref":"東京都","city":"港区","town":"六本木六本木ヒルズ森タワー（１７階）"}],"6118":[{"pref":"東京都","city":"港区","town":"六本木六本木ヒルズ森タワー（１８階）"}],"6119":[{"pref":"東京都","city":"港区","town":"六本木六本木ヒルズ森タワー（１９階）"}],"6120":[{"pref":"東京都","city":"港区","town":"六本木六本木ヒルズ森タワー（２０階）"}],"6121":[{"pref":"東京都","city":"港区","town":"六本木六本木ヒルズ森タワー（２１階）"}],"6122":[{"pref":"東京都","city":"港区","town":"六本木六本木ヒルズ森タワー（２２階）"}],"6123":[{"pref":"東京都","city":"港区","town":"六本木六本木ヒルズ森タワー（２３階）"}],"6124":[{"pref":"東京都","city":"港区","town":"六本木六本木ヒルズ森タワー（２４階）"}],"6125":[{"pref":"東京都","city":"港区","town":"六本木六本木ヒルズ森タワー（２５階）"}],"6126":[{"pref":"東京都","city":"港区","town":"六本木六本木ヒルズ森タワー（２６階）"}],"6127":[{"pref":"東京都","city":"港区","town":"六本木六本木ヒルズ森タワー（２７階）"}],"6128":[{"pref":"東京都","city":"港区","town":"六本木六本木ヒルズ森タワー（２８階）"}],"6129":[{"pref":"東京都","city":"港区","town":"六本木六本木ヒルズ森タワー（２９階）"}],"6130":[{"pref":"東京都","city":"港区","town":"六本木六本木ヒルズ森タワー（３０階）"}],"6131":[{"pref":"東京都","city":"港区","town":"六本木六本木ヒルズ森タワー（３１階）"}],"6132":[{"pref":"東京都","city":"港区","town":"六本木六本木ヒルズ森タワー（３２階）"}],"6133":[{"pref":"東京都","city":"港区","town":"六本木六本木ヒルズ森タワー（３３階）"}],"6134":[{"pref":"東京都","city":"港区","town":"六本木六本木ヒルズ森タワー（３４階）"}],"6135":[{"pref":"東京都","city":"港区","town":"六本木六本木ヒルズ森タワー（３５階）"}],"6136":[{"pref":"東京都","city":"港区","town":"六本木六本木ヒルズ森タワー（３６階）"}],"6137":[{"pref":"東京都","city":"港区","town":"六本木六本木ヒルズ森タワー（３７階）"}],"6138":[{"pref":"東京都","city":"港区","town":"六本木六本木ヒルズ森タワー（３８階）"}],"6139":[{"pref":"東京都","city":"港区","town":"六本木六本木ヒルズ森タワー（３９階）"}],"6140":[{"pref":"東京都","city":"港区","town":"六本木六本木ヒルズ森タワー（４０階）"}],"6141":[{"pref":"東京都","city":"港区","town":"六本木六本木ヒルズ森タワー（４１階）"}],"6142":[{"pref":"東京都","city":"港区","town":"六本木六本木ヒルズ森タワー（４２階）"}],"6143":[{"pref":"東京都","city":"港区","town":"六本木六本木ヒルズ森タワー（４３階）"}],"6144":[{"pref":"東京都","city":"港区","town":"六本木六本木ヒルズ森タワー（４４階）"}],"6145":[{"pref":"東京都","city":"港区","town":"六本木六本木ヒルズ森タワー（４５階）"}],"6146":[{"pref":"東京都","city":"港区","town":"六本木六本木ヒルズ森タワー（４６階）"}],"6147":[{"pref":"東京都","city":"港区","town":"六本木六本木ヒルズ森タワー（４７階）"}],"6148":[{"pref":"東京都","city":"港区","town":"六本木六本木ヒルズ森タワー（４８階）"}],"6149":[{"pref":"東京都","city":"港区","town":"六本木六本木ヒルズ森タワー（４９階）"}],"6150":[{"pref":"東京都","city":"港区","town":"六本木六本木ヒルズ森タワー（５０階）"}],"6151":[{"pref":"東京都","city":"港区","town":"六本木六本木ヒルズ森タワー（５１階）"}],"6152":[{"pref":"東京都","city":"港区","town":"六本木六本木ヒルズ森タワー（５２階）"}],"6153":[{"pref":"東京都","city":"港区","town":"六本木六本木ヒルズ森タワー（５３階）"}],"6154":[{"pref":"東京都","city":"港区","town":"六本木六本木ヒルズ森タワー（５４階）"}],"6190":[{"pref":"東京都","city":"港区","town":"六本木六本木ヒルズ森タワー（地階・階層不明）"}],"6201":[{"pref":"東京都","city":"港区","town":"六本木住友不動産六本木グランドタワー（１階）"}],"6202":[{"pref":"東京都","city":"港区","town":"六本木住友不動産六本木グランドタワー（２階）"}],"6203":[{"pref":"東京都","city":"港区","town":"六本木住友不動産六本木グランドタワー（３階）"}],"6204":[{"pref":"東京都","city":"港区","town":"六本木住友不動産六本木グランドタワー（４階）"}],"6205":[{"pref":"東京都","city":"港区","town":"六本木住友不動産六本木グランドタワー（５階）"}],"6206":[{"pref":"東京都","city":"港区","town":"六本木住友不動産六本木グランドタワー（６階）"}],"6207":[{"pref":"東京都","city":"港区","town":"六本木住友不動産六本木グランドタワー（７階）"}],"6208":[{"pref":"東京都","city":"港区","town":"六本木住友不動産六本木グランドタワー（８階）"}],"6209":[{"pref":"東京都","city":"港区","town":"六本木住友不動産六本木グランドタワー（９階）"}],"6210":[{"pref":"東京都","city":"港区","town":"六本木住友不動産六本木グランドタワー（１０階）"}],"6211":[{"pref":"東京都","city":"港区","town":"六本木住友不動産六本木グランドタワー（１１階）"}],"6212":[{"pref":"東京都","city":"港区","town":"六本木住友不動産六本木グランドタワー（１２階）"}],"6213":[{"pref":"東京都","city":"港区","town":"六本木住友不動産六本木グランドタワー（１３階）"}],"6214":[{"pref":"東京都","city":"港区","town":"六本木住友不動産六本木グランドタワー（１４階）"}],"6215":[{"pref":"東京都","city":"港区","town":"六本木住友不動産六本木グランドタワー（１５階）"}],"6216":[{"pref":"東京都","city":"港区","town":"六本木住友不動産六本木グランドタワー（１６階）"}],"6217":[{"pref":"東京都","city":"港区","town":"六本木住友不動産六本木グランドタワー（１７階）"}],"6218":[{"pref":"東京都","city":"港区","town":"六本木住友不動産六本木グランドタワー（１８階）"}],"6219":[{"pref":"東京都","city":"港区","town":"六本木住友不動産六本木グランドタワー（１９階）"}],"6220":[{"pref":"東京都","city":"港区","town":"六本木住友不動産六本木グランドタワー（２０階）"}],"6221":[{"pref":"東京都","city":"港区","town":"六本木住友不動産六本木グランドタワー（２１階）"}],"6222":[{"pref":"東京都","city":"港区","town":"六本木住友不動産六本木グランドタワー（２２階）"}],"6223":[{"pref":"東京都","city":"港区","town":"六本木住友不動産六本木グランドタワー（２３階）"}],"6224":[{"pref":"東京都","city":"港区","town":"六本木住友不動産六本木グランドタワー（２４階）"}],"6225":[{"pref":"東京都","city":"港区","town":"六本木住友不動産六本木グランドタワー（２５階）"}],"6226":[{"pref":"東京都","city":"港区","town":"六本木住友不動産六本木グランドタワー（２６階）"}],"6227":[{"pref":"東京都","city":"港区","town":"六本木住友不動産六本木グランドタワー（２７階）"}],"6228":[{"pref":"東京都","city":"港区","town":"六本木住友不動産六本木グランドタワー（２８階）"}],"6229":[{"pref":"東京都","city":"港区","town":"六本木住友不動産六本木グランドタワー（２９階）"}],"6230":[{"pref":"東京都","city":"港区","town":"六本木住友不動産六本木グランドタワー（３０階）"}],"6231":[{"pref":"東京都","city":"港区","town":"六本木住友不動産六本木グランドタワー（３１階）"}],"6232":[{"pref":"東京都","city":"港区","town":"六本木住友不動産六本木グランドタワー（３２階）"}],"6233":[{"pref":"東京都","city":"港区","town":"六本木住友不動産六本木グランドタワー（３３階）"}],"6234":[{"pref":"東京都","city":"港区","town":"六本木住友不動産六本木グランドタワー（３４階）"}],"6235":[{"pref":"東京都","city":"港区","town":"六本木住友不動産六本木グランドタワー（３５階）"}],"6236":[{"pref":"東京都","city":"港区","town":"六本木住友不動産六本木グランドタワー（３６階）"}],"6237":[{"pref":"東京都","city":"港区","town":"六本木住友不動産六本木グランドタワー（３７階）"}],"6238":[{"pref":"東京都","city":"港区","town":"六本木住友不動産六本木グランドタワー（３８階）"}],"6239":[{"pref":"東京都","city":"港区","town":"六本木住友不動産六本木グランドタワー（３９階）"}],"6240":[{"pref":"東京都","city":"港区","town":"六本木住友不動産六本木グランドタワー（４０階）"}],"6241":[{"pref":"東京都","city":"港区","town":"六本木住友不動産六本木グランドタワー（４１階）"}],"6242":[{"pref":"東京都","city":"港区","town":"六本木住友不動産六本木グランドタワー（４２階）"}],"6243":[{"pref":"東京都","city":"港区","town":"六本木住友不動産六本木グランドタワー（４３階）"}],"6290":[{"pref":"東京都","city":"港区","town":"六本木住友不動産六本木グランドタワー（地階・階層不明）"}],"0045":[{"pref":"東京都","city":"港区","town":"麻布十番"}],"0041":[{"pref":"東京都","city":"港区","town":"麻布台"}],"0043":[{"pref":"東京都","city":"港区","town":"麻布永坂町"}],"0042":[{"pref":"東京都","city":"港区","town":"麻布狸穴町"}],"0031":[{"pref":"東京都","city":"港区","town":"西麻布"}],"0044":[{"pref":"東京都","city":"港区","town":"東麻布"}],"0047":[{"pref":"東京都","city":"港区","town":"南麻布"}],"0046":[{"pref":"東京都","city":"港区","town":"元麻布"}],"0032":[{"pref":"東京都","city":"港区","town":"六本木（次のビルを除く）"}]}