{"0000":[{"pref":"埼玉県","city":"蕨市","town":"以下に掲載がない場合"},{"pref":"埼玉県","city":"戸田市","town":"以下に掲載がない場合"}],"0001":[{"pref":"埼玉県","city":"蕨市","town":"北町"}],"0004":[{"pref":"埼玉県","city":"蕨市","town":"中央"}],"0002":[{"pref":"埼玉県","city":"蕨市","town":"塚越"}],"0005":[{"pref":"埼玉県","city":"蕨市","town":"錦町"}],"0003":[{"pref":"埼玉県","city":"蕨市","town":"南町"}],"0022":[{"pref":"埼玉県","city":"戸田市","town":"上戸田"}],"0015":[{"pref":"埼玉県","city":"戸田市","town":"川岸"}],"0013":[{"pref":"埼玉県","city":"戸田市","town":"喜沢"}],"0014":[{"pref":"埼玉県","city":"戸田市","town":"喜沢南"}],"0034":[{"pref":"埼玉県","city":"戸田市","town":"笹目"}],"0035":[{"pref":"埼玉県","city":"戸田市","town":"笹目南町"}],"0033":[{"pref":"埼玉県","city":"戸田市","town":"笹目北町"}],"0037":[{"pref":"埼玉県","city":"戸田市","town":"下笹目"}],"0011":[{"pref":"埼玉県","city":"戸田市","town":"下戸田"}],"0016":[{"pref":"埼玉県","city":"戸田市","town":"下前"}],"0024":[{"pref":"埼玉県","city":"戸田市","town":"戸田公園"}],"0012":[{"pref":"埼玉県","city":"戸田市","town":"中町"}],"0021":[{"pref":"埼玉県","city":"戸田市","town":"新曽"}],"0026":[{"pref":"埼玉県","city":"戸田市","town":"新曽南"}],"0036":[{"pref":"埼玉県","city":"戸田市","town":"早瀬"}],"0027":[{"pref":"埼玉県","city":"戸田市","town":"氷川町"}],"0031":[{"pref":"埼玉県","city":"戸田市","town":"美女木"}],"0038":[{"pref":"埼玉県","city":"戸田市","town":"美女木北"}],"0032":[{"pref":"埼玉県","city":"戸田市","town":"美女木東"}],"0023":[{"pref":"埼玉県","city":"戸田市","town":"本町"}],"0025":[{"pref":"埼玉県","city":"戸田市","town":"南町"}]}