{"1100":[{"pref":"兵庫県","city":"多可郡多可町","town":"以下に掲載がない場合"}],"1101":[{"pref":"兵庫県","city":"多可郡多可町","town":"中区門前"}],"1102":[{"pref":"兵庫県","city":"多可郡多可町","town":"中区安楽田"}],"1103":[{"pref":"兵庫県","city":"多可郡多可町","town":"中区牧野"}],"1104":[{"pref":"兵庫県","city":"多可郡多可町","town":"中区田野口"}],"1105":[{"pref":"兵庫県","city":"多可郡多可町","town":"中区東山"}],"1106":[{"pref":"兵庫県","city":"多可郡多可町","town":"中区高岸"}],"1107":[{"pref":"兵庫県","city":"多可郡多可町","town":"中区奥中"},{"pref":"兵庫県","city":"多可郡多可町","town":"中区徳畑"}],"1111":[{"pref":"兵庫県","city":"多可郡多可町","town":"中区鍛冶屋"}],"1112":[{"pref":"兵庫県","city":"多可郡多可町","town":"中区間子"}],"1113":[{"pref":"兵庫県","city":"多可郡多可町","town":"中区中村町"}],"1114":[{"pref":"兵庫県","city":"多可郡多可町","town":"中区岸上"}],"1115":[{"pref":"兵庫県","city":"多可郡多可町","town":"中区天田"}],"1121":[{"pref":"兵庫県","city":"多可郡多可町","town":"中区東安田"}],"1122":[{"pref":"兵庫県","city":"多可郡多可町","town":"中区中安田"}],"1123":[{"pref":"兵庫県","city":"多可郡多可町","town":"中区西安田"}],"1124":[{"pref":"兵庫県","city":"多可郡多可町","town":"中区森本"}],"1131":[{"pref":"兵庫県","city":"多可郡多可町","town":"中区曽我井"}],"1132":[{"pref":"兵庫県","city":"多可郡多可町","town":"中区坂本"}],"1133":[{"pref":"兵庫県","city":"多可郡多可町","town":"中区糀屋"}],"1134":[{"pref":"兵庫県","city":"多可郡多可町","town":"中区茂利"}],"1135":[{"pref":"兵庫県","city":"多可郡多可町","town":"中区安坂"}],"1201":[{"pref":"兵庫県","city":"多可郡多可町","town":"加美区豊部"}],"1202":[{"pref":"兵庫県","city":"多可郡多可町","town":"加美区熊野部"}],"1203":[{"pref":"兵庫県","city":"多可郡多可町","town":"加美区多田"}],"1204":[{"pref":"兵庫県","city":"多可郡多可町","town":"加美区棚釜"}],"1205":[{"pref":"兵庫県","city":"多可郡多可町","town":"加美区岩座神"}],"1211":[{"pref":"兵庫県","city":"多可郡多可町","town":"加美区寺内"}],"1212":[{"pref":"兵庫県","city":"多可郡多可町","town":"加美区西脇"}],"1213":[{"pref":"兵庫県","city":"多可郡多可町","town":"加美区山野部"}],"1214":[{"pref":"兵庫県","city":"多可郡多可町","town":"加美区的場"}],"1215":[{"pref":"兵庫県","city":"多可郡多可町","town":"加美区奥荒田"}],"1321":[{"pref":"兵庫県","city":"多可郡多可町","town":"加美区山寄上"}],"1322":[{"pref":"兵庫県","city":"多可郡多可町","town":"加美区鳥羽"}],"1323":[{"pref":"兵庫県","city":"多可郡多可町","town":"加美区清水"}],"1324":[{"pref":"兵庫県","city":"多可郡多可町","town":"加美区轟"}],"1325":[{"pref":"兵庫県","city":"多可郡多可町","town":"加美区山口"}],"1326":[{"pref":"兵庫県","city":"多可郡多可町","town":"加美区西山"}],"1327":[{"pref":"兵庫県","city":"多可郡多可町","town":"加美区市原"}],"1331":[{"pref":"兵庫県","city":"多可郡多可町","town":"加美区丹治"}],"1332":[{"pref":"兵庫県","city":"多可郡多可町","town":"加美区大袋"}],"1333":[{"pref":"兵庫県","city":"多可郡多可町","town":"加美区三谷"}],"1334":[{"pref":"兵庫県","city":"多可郡多可町","town":"加美区箸荷"}],"1335":[{"pref":"兵庫県","city":"多可郡多可町","town":"加美区門村"}],"1336":[{"pref":"兵庫県","city":"多可郡多可町","town":"加美区杉原"}],"1337":[{"pref":"兵庫県","city":"多可郡多可町","town":"加美区奥豊部"}],"1338":[{"pref":"兵庫県","city":"多可郡多可町","town":"加美区観音寺"}],"2101":[{"pref":"兵庫県","city":"姫路市","town":"船津町"}],"2111":[{"pref":"兵庫県","city":"姫路市","town":"山田町多田"}],"2112":[{"pref":"兵庫県","city":"姫路市","town":"山田町北山田"}],"2113":[{"pref":"兵庫県","city":"姫路市","town":"山田町南山田"}],"2114":[{"pref":"兵庫県","city":"姫路市","town":"山田町牧野"}],"2115":[{"pref":"兵庫県","city":"姫路市","town":"山田町西山田"}],"2121":[{"pref":"兵庫県","city":"姫路市","town":"豊富町神谷"}],"2122":[{"pref":"兵庫県","city":"姫路市","town":"豊富町御蔭"}],"2123":[{"pref":"兵庫県","city":"姫路市","town":"豊富町豊富"}],"2124":[{"pref":"兵庫県","city":"姫路市","town":"豊富町甲丘"}],"2131":[{"pref":"兵庫県","city":"姫路市","town":"香寺町犬飼"}],"2132":[{"pref":"兵庫県","city":"姫路市","town":"香寺町須加院"}],"2141":[{"pref":"兵庫県","city":"姫路市","town":"香寺町岩部"}],"2142":[{"pref":"兵庫県","city":"姫路市","town":"香寺町広瀬"}],"2143":[{"pref":"兵庫県","city":"姫路市","town":"香寺町中仁野"}],"2144":[{"pref":"兵庫県","city":"姫路市","town":"香寺町中屋"}],"2151":[{"pref":"兵庫県","city":"姫路市","town":"香寺町香呂"}],"2152":[{"pref":"兵庫県","city":"姫路市","town":"香寺町行重"}],"2153":[{"pref":"兵庫県","city":"姫路市","town":"香寺町田野"}],"2154":[{"pref":"兵庫県","city":"姫路市","town":"香寺町相坂"}],"2155":[{"pref":"兵庫県","city":"姫路市","town":"香寺町矢田部"}],"2161":[{"pref":"兵庫県","city":"姫路市","town":"香寺町溝口"}],"2162":[{"pref":"兵庫県","city":"姫路市","town":"香寺町野田"}],"2163":[{"pref":"兵庫県","city":"姫路市","town":"香寺町土師"}],"2164":[{"pref":"兵庫県","city":"姫路市","town":"香寺町中寺"}],"2165":[{"pref":"兵庫県","city":"姫路市","town":"香寺町恒屋"}],"2166":[{"pref":"兵庫県","city":"姫路市","town":"香寺町中村"}],"2167":[{"pref":"兵庫県","city":"姫路市","town":"香寺町久畑"}],"2200":[{"pref":"兵庫県","city":"神崎郡福崎町","town":"以下に掲載がない場合"}],"2201":[{"pref":"兵庫県","city":"神崎郡福崎町","town":"大貫"}],"2202":[{"pref":"兵庫県","city":"神崎郡福崎町","town":"八千種"}],"2203":[{"pref":"兵庫県","city":"神崎郡福崎町","town":"南田原"}],"2204":[{"pref":"兵庫県","city":"神崎郡福崎町","town":"西田原"}],"2205":[{"pref":"兵庫県","city":"神崎郡福崎町","town":"東田原"}],"2211":[{"pref":"兵庫県","city":"神崎郡福崎町","town":"山崎"}],"2212":[{"pref":"兵庫県","city":"神崎郡福崎町","town":"福田"}],"2213":[{"pref":"兵庫県","city":"神崎郡福崎町","town":"馬田"}],"2214":[{"pref":"兵庫県","city":"神崎郡福崎町","town":"福崎新"}],"2215":[{"pref":"兵庫県","city":"神崎郡福崎町","town":"西治"}],"2216":[{"pref":"兵庫県","city":"神崎郡福崎町","town":"高橋"}],"2217":[{"pref":"兵庫県","city":"神崎郡福崎町","town":"高岡"}],"2218":[{"pref":"兵庫県","city":"神崎郡福崎町","town":"田口"}],"2300":[{"pref":"兵庫県","city":"神崎郡市川町","town":"以下に掲載がない場合"}],"2301":[{"pref":"兵庫県","city":"神崎郡市川町","town":"上牛尾"}],"2302":[{"pref":"兵庫県","city":"神崎郡市川町","town":"下牛尾"}],"2303":[{"pref":"兵庫県","city":"神崎郡市川町","town":"上瀬加"}],"2304":[{"pref":"兵庫県","city":"神崎郡市川町","town":"下瀬加"}],"2311":[{"pref":"兵庫県","city":"神崎郡市川町","town":"上田中"}],"2312":[{"pref":"兵庫県","city":"神崎郡市川町","town":"保喜"}],"2313":[{"pref":"兵庫県","city":"神崎郡市川町","town":"西田中"}],"2314":[{"pref":"兵庫県","city":"神崎郡市川町","town":"北田中"}],"2315":[{"pref":"兵庫県","city":"神崎郡市川町","town":"西川辺"}],"2316":[{"pref":"兵庫県","city":"神崎郡市川町","town":"東川辺"}],"2317":[{"pref":"兵庫県","city":"神崎郡市川町","town":"浅野"}],"2318":[{"pref":"兵庫県","city":"神崎郡市川町","town":"小畑"}],"2321":[{"pref":"兵庫県","city":"神崎郡市川町","town":"千原"}],"2322":[{"pref":"兵庫県","city":"神崎郡市川町","town":"小谷"}],"2323":[{"pref":"兵庫県","city":"神崎郡市川町","town":"甘地"}],"2324":[{"pref":"兵庫県","city":"神崎郡市川町","town":"坂戸"}],"2325":[{"pref":"兵庫県","city":"神崎郡市川町","town":"奥"}],"2326":[{"pref":"兵庫県","city":"神崎郡市川町","town":"谷"}],"2327":[{"pref":"兵庫県","city":"神崎郡市川町","town":"近平"}],"2331":[{"pref":"兵庫県","city":"神崎郡市川町","town":"小室"}],"2332":[{"pref":"兵庫県","city":"神崎郡市川町","town":"田中"}],"2333":[{"pref":"兵庫県","city":"神崎郡市川町","town":"神崎"}],"2334":[{"pref":"兵庫県","city":"神崎郡市川町","town":"鶴居"}],"2335":[{"pref":"兵庫県","city":"神崎郡市川町","town":"美佐"}],"2336":[{"pref":"兵庫県","city":"神崎郡市川町","town":"沢"}],"2337":[{"pref":"兵庫県","city":"神崎郡市川町","town":"屋形"}],"2401":[{"pref":"兵庫県","city":"神崎郡神河町","town":"新田"}],"2402":[{"pref":"兵庫県","city":"神崎郡神河町","town":"作畑"}],"2403":[{"pref":"兵庫県","city":"神崎郡神河町","town":"大畑"}],"2404":[{"pref":"兵庫県","city":"神崎郡神河町","town":"越知"}],"2405":[{"pref":"兵庫県","city":"神崎郡神河町","town":"岩屋"}],"2411":[{"pref":"兵庫県","city":"神崎郡神河町","town":"根宇野"}],"2412":[{"pref":"兵庫県","city":"神崎郡神河町","town":"山田"}],"2413":[{"pref":"兵庫県","city":"神崎郡神河町","town":"中村"}],"2414":[{"pref":"兵庫県","city":"神崎郡神河町","town":"粟賀町"}],"2415":[{"pref":"兵庫県","city":"神崎郡神河町","town":"福本"}],"2421":[{"pref":"兵庫県","city":"神崎郡神河町","town":"加納"}],"2422":[{"pref":"兵庫県","city":"神崎郡神河町","town":"貝野"}],"2423":[{"pref":"兵庫県","city":"神崎郡神河町","town":"寺野"}],"2424":[{"pref":"兵庫県","city":"神崎郡神河町","town":"柏尾"}],"2425":[{"pref":"兵庫県","city":"神崎郡神河町","town":"東柏尾"}],"2431":[{"pref":"兵庫県","city":"神崎郡神河町","town":"猪篠"}],"2432":[{"pref":"兵庫県","city":"神崎郡神河町","town":"大山"}],"2433":[{"pref":"兵庫県","city":"神崎郡神河町","town":"杉"}],"2434":[{"pref":"兵庫県","city":"神崎郡神河町","town":"吉冨"}],"3100":[{"pref":"兵庫県","city":"神崎郡神河町","town":"以下に掲載がない場合"}],"3101":[{"pref":"兵庫県","city":"神崎郡神河町","town":"渕"}],"3102":[{"pref":"兵庫県","city":"神崎郡神河町","town":"栗"}],"3103":[{"pref":"兵庫県","city":"神崎郡神河町","town":"長谷"}],"3104":[{"pref":"兵庫県","city":"神崎郡神河町","town":"川上"}],"3111":[{"pref":"兵庫県","city":"神崎郡神河町","town":"大河"}],"3112":[{"pref":"兵庫県","city":"神崎郡神河町","town":"鍛治"}],"3113":[{"pref":"兵庫県","city":"神崎郡神河町","town":"野村"}],"3114":[{"pref":"兵庫県","city":"神崎郡神河町","town":"新野"}],"3115":[{"pref":"兵庫県","city":"神崎郡神河町","town":"比延"}],"3116":[{"pref":"兵庫県","city":"神崎郡神河町","town":"寺前"}],"3121":[{"pref":"兵庫県","city":"神崎郡神河町","town":"上岩"}],"3122":[{"pref":"兵庫県","city":"神崎郡神河町","town":"高朝田"}],"3123":[{"pref":"兵庫県","city":"神崎郡神河町","town":"宮野"}],"3124":[{"pref":"兵庫県","city":"神崎郡神河町","town":"南小田"}],"3125":[{"pref":"兵庫県","city":"神崎郡神河町","town":"上小田"}],"3301":[{"pref":"兵庫県","city":"朝来市","town":"生野町口銀谷"}],"3302":[{"pref":"兵庫県","city":"朝来市","town":"生野町円山"}],"3311":[{"pref":"兵庫県","city":"朝来市","town":"生野町真弓"}],"3321":[{"pref":"兵庫県","city":"朝来市","town":"生野町新町"}],"3322":[{"pref":"兵庫県","city":"朝来市","town":"生野町奥銀谷"}],"3323":[{"pref":"兵庫県","city":"朝来市","town":"生野町竹原野"}],"3324":[{"pref":"兵庫県","city":"朝来市","town":"生野町小野"}],"3325":[{"pref":"兵庫県","city":"朝来市","town":"生野町猪野々"}],"3326":[{"pref":"兵庫県","city":"朝来市","town":"生野町白口"}],"3331":[{"pref":"兵庫県","city":"朝来市","town":"生野町栃原"}],"3332":[{"pref":"兵庫県","city":"朝来市","town":"生野町川尻"}],"3341":[{"pref":"兵庫県","city":"朝来市","town":"生野町黒川"}],"3401":[{"pref":"兵庫県","city":"朝来市","town":"物部"}],"3402":[{"pref":"兵庫県","city":"朝来市","town":"桑市"}],"3403":[{"pref":"兵庫県","city":"朝来市","town":"立脇"}],"3411":[{"pref":"兵庫県","city":"朝来市","town":"沢"}],"3412":[{"pref":"兵庫県","city":"朝来市","town":"山内"}],"3413":[{"pref":"兵庫県","city":"朝来市","town":"納座"}],"3414":[{"pref":"兵庫県","city":"朝来市","town":"川上"}],"3421":[{"pref":"兵庫県","city":"朝来市","town":"伊由市場"}],"3422":[{"pref":"兵庫県","city":"朝来市","town":"石田"}],"3423":[{"pref":"兵庫県","city":"朝来市","town":"多々良木"}],"3424":[{"pref":"兵庫県","city":"朝来市","town":"立野"}],"3431":[{"pref":"兵庫県","city":"朝来市","town":"新井"}],"3432":[{"pref":"兵庫県","city":"朝来市","town":"山口"}],"3433":[{"pref":"兵庫県","city":"朝来市","town":"岩津"}],"3441":[{"pref":"兵庫県","city":"朝来市","town":"羽渕"}],"3442":[{"pref":"兵庫県","city":"朝来市","town":"田路"}],"3451":[{"pref":"兵庫県","city":"朝来市","town":"上八代"}],"3452":[{"pref":"兵庫県","city":"朝来市","town":"八代"}],"3453":[{"pref":"兵庫県","city":"朝来市","town":"佐嚢"}],"4001":[{"pref":"兵庫県","city":"たつの市","town":"揖西町新宮"}],"4002":[{"pref":"兵庫県","city":"たつの市","town":"揖西町中垣内"}],"4003":[{"pref":"兵庫県","city":"たつの市","town":"揖西町小神"}],"4004":[{"pref":"兵庫県","city":"たつの市","town":"揖西町清水新"}],"4005":[{"pref":"兵庫県","city":"たつの市","town":"揖西町清水"}],"4006":[{"pref":"兵庫県","city":"たつの市","town":"揖西町田井"}],"4007":[{"pref":"兵庫県","city":"たつの市","town":"揖西町構"}],"4008":[{"pref":"兵庫県","city":"たつの市","town":"揖西町芦原台"}],"4011":[{"pref":"兵庫県","city":"たつの市","town":"揖西町佐江"}],"4012":[{"pref":"兵庫県","city":"たつの市","town":"揖西町前地"}],"4013":[{"pref":"兵庫県","city":"たつの市","town":"揖西町北山"}],"4014":[{"pref":"兵庫県","city":"たつの市","town":"揖西町竹万"}],"4015":[{"pref":"兵庫県","city":"たつの市","town":"揖西町龍子"}],"4016":[{"pref":"兵庫県","city":"たつの市","town":"揖西町南山"}],"4017":[{"pref":"兵庫県","city":"たつの市","town":"揖西町土師"}],"4021":[{"pref":"兵庫県","city":"たつの市","town":"揖西町小犬丸"}],"4022":[{"pref":"兵庫県","city":"たつの市","town":"揖西町北沢"}],"4023":[{"pref":"兵庫県","city":"たつの市","town":"揖西町住吉"}],"4024":[{"pref":"兵庫県","city":"たつの市","town":"揖西町尾崎"}],"4025":[{"pref":"兵庫県","city":"たつの市","town":"揖西町小畑"}],"4026":[{"pref":"兵庫県","city":"たつの市","town":"揖西町竹原"}],"4027":[{"pref":"兵庫県","city":"たつの市","town":"揖西町長尾"}],"4100":[{"pref":"兵庫県","city":"たつの市","town":"以下に掲載がない場合"}],"4101":[{"pref":"兵庫県","city":"たつの市","town":"神岡町奥村"}],"4102":[{"pref":"兵庫県","city":"たつの市","town":"神岡町北横内"}],"4103":[{"pref":"兵庫県","city":"たつの市","town":"神岡町上横内"}],"4104":[{"pref":"兵庫県","city":"たつの市","town":"神岡町筒井"}],"4105":[{"pref":"兵庫県","city":"たつの市","town":"神岡町西鳥井"}],"4106":[{"pref":"兵庫県","city":"たつの市","town":"神岡町横内"}],"4107":[{"pref":"兵庫県","city":"たつの市","town":"神岡町西横内"}],"4108":[{"pref":"兵庫県","city":"たつの市","town":"神岡町大住寺"}],"4109":[{"pref":"兵庫県","city":"たつの市","town":"神岡町東觜崎"}],"4111":[{"pref":"兵庫県","city":"たつの市","town":"神岡町野部"}],"4112":[{"pref":"兵庫県","city":"たつの市","town":"神岡町追分"}],"4113":[{"pref":"兵庫県","city":"たつの市","town":"神岡町田中"}],"4114":[{"pref":"兵庫県","city":"たつの市","town":"神岡町寄井"}],"4115":[{"pref":"兵庫県","city":"たつの市","town":"神岡町入野"}],"4116":[{"pref":"兵庫県","city":"たつの市","town":"神岡町沢田"}],"4121":[{"pref":"兵庫県","city":"たつの市","town":"龍野町島田"}],"4122":[{"pref":"兵庫県","city":"たつの市","town":"龍野町日飼"}],"4123":[{"pref":"兵庫県","city":"たつの市","town":"龍野町片山"}],"4124":[{"pref":"兵庫県","city":"たつの市","town":"龍野町中井"}],"4125":[{"pref":"兵庫県","city":"たつの市","town":"龍野町末政"}],"4126":[{"pref":"兵庫県","city":"たつの市","town":"龍野町中村"}],"4127":[{"pref":"兵庫県","city":"たつの市","town":"龍野町宮脇"}],"4128":[{"pref":"兵庫県","city":"たつの市","town":"龍野町小宅北"}],"4129":[{"pref":"兵庫県","city":"たつの市","town":"龍野町堂本"}],"4130":[{"pref":"兵庫県","city":"たつの市","town":"誉田町長真"}],"4131":[{"pref":"兵庫県","city":"たつの市","town":"誉田町内山"}],"4132":[{"pref":"兵庫県","city":"たつの市","town":"誉田町福田"}],"4133":[{"pref":"兵庫県","city":"たつの市","town":"誉田町誉"}],"4134":[{"pref":"兵庫県","city":"たつの市","town":"誉田町広山"}],"4135":[{"pref":"兵庫県","city":"たつの市","town":"誉田町高駄"}],"4136":[{"pref":"兵庫県","city":"たつの市","town":"誉田町井上"}],"4137":[{"pref":"兵庫県","city":"たつの市","town":"誉田町片吹"}],"4138":[{"pref":"兵庫県","city":"たつの市","town":"誉田町下沖"}],"4139":[{"pref":"兵庫県","city":"たつの市","town":"誉田町上沖"}],"4141":[{"pref":"兵庫県","city":"たつの市","town":"揖保町栄"}],"4142":[{"pref":"兵庫県","city":"たつの市","town":"揖保町松原"}],"4143":[{"pref":"兵庫県","city":"たつの市","town":"揖保町東用"}],"4144":[{"pref":"兵庫県","city":"たつの市","town":"揖保町真砂"}],"4145":[{"pref":"兵庫県","city":"たつの市","town":"揖保町萩原"}],"4146":[{"pref":"兵庫県","city":"たつの市","town":"揖保町今市"}],"4151":[{"pref":"兵庫県","city":"たつの市","town":"揖保町山下"}],"4152":[{"pref":"兵庫県","city":"たつの市","town":"揖保町中臣"}],"4153":[{"pref":"兵庫県","city":"たつの市","town":"揖保町門前"}],"4154":[{"pref":"兵庫県","city":"たつの市","town":"揖保町西構"}],"4155":[{"pref":"兵庫県","city":"たつの市","town":"揖保町揖保中"}],"4156":[{"pref":"兵庫県","city":"たつの市","town":"揖保町揖保上"}],"4161":[{"pref":"兵庫県","city":"たつの市","town":"龍野町日山"}],"4162":[{"pref":"兵庫県","city":"たつの市","town":"龍野町下霞城"}],"4163":[{"pref":"兵庫県","city":"たつの市","town":"龍野町福の神"}],"4164":[{"pref":"兵庫県","city":"たつの市","town":"龍野町立町"}],"4165":[{"pref":"兵庫県","city":"たつの市","town":"龍野町本町"}],"4166":[{"pref":"兵庫県","city":"たつの市","town":"龍野町川原町"}],"4167":[{"pref":"兵庫県","city":"たつの市","town":"龍野町富永"}],"4168":[{"pref":"兵庫県","city":"たつの市","town":"龍野町四箇"}],"4169":[{"pref":"兵庫県","city":"たつの市","town":"龍野町大道"}],"4170":[{"pref":"兵庫県","city":"たつの市","town":"龍野町中霞城"}],"4171":[{"pref":"兵庫県","city":"たつの市","town":"龍野町北龍野"}],"4172":[{"pref":"兵庫県","city":"たつの市","town":"龍野町上川原"}],"4173":[{"pref":"兵庫県","city":"たつの市","town":"龍野町門の外"}],"4174":[{"pref":"兵庫県","city":"たつの市","town":"龍野町柳原"}],"4175":[{"pref":"兵庫県","city":"たつの市","town":"龍野町旭町"}],"4176":[{"pref":"兵庫県","city":"たつの市","town":"龍野町水神町"}],"4177":[{"pref":"兵庫県","city":"たつの市","town":"龍野町下川原"}],"4178":[{"pref":"兵庫県","city":"たつの市","town":"龍野町大手"}],"4179":[{"pref":"兵庫県","city":"たつの市","town":"龍野町上霞城"}],"4201":[{"pref":"兵庫県","city":"姫路市","town":"林田町久保"}],"4202":[{"pref":"兵庫県","city":"姫路市","town":"林田町下構"}],"4203":[{"pref":"兵庫県","city":"姫路市","town":"林田町中構"}],"4204":[{"pref":"兵庫県","city":"姫路市","town":"林田町上構"}],"4205":[{"pref":"兵庫県","city":"姫路市","town":"林田町新町"}],"4206":[{"pref":"兵庫県","city":"姫路市","town":"林田町林田"}],"4211":[{"pref":"兵庫県","city":"姫路市","town":"林田町六九谷"}],"4212":[{"pref":"兵庫県","city":"姫路市","town":"林田町松山"}],"4213":[{"pref":"兵庫県","city":"姫路市","town":"林田町山田"}],"4214":[{"pref":"兵庫県","city":"姫路市","town":"林田町中山下"}],"4215":[{"pref":"兵庫県","city":"姫路市","town":"林田町八幡"}],"4221":[{"pref":"兵庫県","city":"姫路市","town":"林田町林谷"}],"4222":[{"pref":"兵庫県","city":"姫路市","town":"林田町口佐見"}],"4223":[{"pref":"兵庫県","city":"姫路市","town":"林田町奥佐見"}],"4231":[{"pref":"兵庫県","city":"姫路市","town":"林田町大堤"}],"4232":[{"pref":"兵庫県","city":"姫路市","town":"林田町上伊勢"}],"4233":[{"pref":"兵庫県","city":"姫路市","town":"林田町下伊勢"}],"4301":[{"pref":"兵庫県","city":"たつの市","town":"新宮町篠首"}],"4302":[{"pref":"兵庫県","city":"たつの市","town":"新宮町香山"}],"4303":[{"pref":"兵庫県","city":"たつの市","town":"新宮町上笹"}],"4304":[{"pref":"兵庫県","city":"たつの市","town":"新宮町下笹"}],"4305":[{"pref":"兵庫県","city":"たつの市","town":"新宮町吉島"}],"4311":[{"pref":"兵庫県","city":"たつの市","town":"新宮町宮内"}],"4312":[{"pref":"兵庫県","city":"たつの市","town":"新宮町下野"}],"4313":[{"pref":"兵庫県","city":"たつの市","town":"新宮町新宮"}],"4314":[{"pref":"兵庫県","city":"たつの市","town":"新宮町曽我井"}],"4315":[{"pref":"兵庫県","city":"たつの市","town":"新宮町井野原"}],"4316":[{"pref":"兵庫県","city":"たつの市","town":"新宮町芝田"}],"4321":[{"pref":"兵庫県","city":"たつの市","town":"新宮町段之上"}],"4322":[{"pref":"兵庫県","city":"たつの市","town":"新宮町仙正"}],"4323":[{"pref":"兵庫県","city":"たつの市","town":"新宮町北村"}],"4324":[{"pref":"兵庫県","city":"たつの市","town":"新宮町觜崎"}],"4325":[{"pref":"兵庫県","city":"たつの市","town":"新宮町佐野"}],"4326":[{"pref":"兵庫県","city":"たつの市","town":"新宮町船渡"}],"4327":[{"pref":"兵庫県","city":"たつの市","town":"新宮町中野庄"}],"4331":[{"pref":"兵庫県","city":"たつの市","town":"新宮町市野保"}],"4332":[{"pref":"兵庫県","city":"たつの市","town":"新宮町馬立"}],"4333":[{"pref":"兵庫県","city":"たつの市","town":"新宮町下野田"}],"4341":[{"pref":"兵庫県","city":"たつの市","town":"新宮町能地"}],"4342":[{"pref":"兵庫県","city":"たつの市","town":"新宮町平野"}],"4343":[{"pref":"兵庫県","city":"たつの市","town":"新宮町大屋"}],"4344":[{"pref":"兵庫県","city":"たつの市","town":"新宮町善定"}],"4345":[{"pref":"兵庫県","city":"たつの市","town":"新宮町福栖"}],"4346":[{"pref":"兵庫県","city":"たつの市","town":"新宮町千本"}],"5131":[{"pref":"兵庫県","city":"佐用郡佐用町","town":"上本郷"}],"5132":[{"pref":"兵庫県","city":"佐用郡佐用町","town":"下本郷"}],"5133":[{"pref":"兵庫県","city":"佐用郡佐用町","town":"三日月"}],"5134":[{"pref":"兵庫県","city":"佐用郡佐用町","town":"乃井野"}],"5135":[{"pref":"兵庫県","city":"佐用郡佐用町","town":"春哉"}],"5136":[{"pref":"兵庫県","city":"佐用郡佐用町","town":"志文"}],"5137":[{"pref":"兵庫県","city":"佐用郡佐用町","town":"真宗"}],"5141":[{"pref":"兵庫県","city":"佐用郡佐用町","town":"廣山"}],"5142":[{"pref":"兵庫県","city":"佐用郡佐用町","town":"弦谷"}],"5143":[{"pref":"兵庫県","city":"佐用郡佐用町","town":"三原"}],"5144":[{"pref":"兵庫県","city":"佐用郡佐用町","town":"三ツ尾"}],"5145":[{"pref":"兵庫県","city":"佐用郡佐用町","town":"大畑"}],"5146":[{"pref":"兵庫県","city":"佐用郡佐用町","town":"大下り"}],"5147":[{"pref":"兵庫県","city":"佐用郡佐用町","town":"末廣"}],"5148":[{"pref":"兵庫県","city":"佐用郡佐用町","town":"光都"}],"5151":[{"pref":"兵庫県","city":"たつの市","town":"新宮町奥小屋"}],"5152":[{"pref":"兵庫県","city":"たつの市","town":"新宮町牧"}],"5153":[{"pref":"兵庫県","city":"たつの市","town":"新宮町時重"}],"5154":[{"pref":"兵庫県","city":"たつの市","town":"新宮町鍛冶屋"}],"5155":[{"pref":"兵庫県","city":"たつの市","town":"新宮町栗町"}],"5161":[{"pref":"兵庫県","city":"たつの市","town":"新宮町下莇原"}],"5162":[{"pref":"兵庫県","city":"たつの市","town":"新宮町上莇原"}],"5163":[{"pref":"兵庫県","city":"たつの市","town":"新宮町角亀"}],"5164":[{"pref":"兵庫県","city":"たつの市","town":"新宮町二柏野"}],"5165":[{"pref":"兵庫県","city":"たつの市","town":"新宮町光都"}],"5201":[{"pref":"兵庫県","city":"佐用郡佐用町","town":"多賀"}],"5202":[{"pref":"兵庫県","city":"佐用郡佐用町","town":"中島"}],"5203":[{"pref":"兵庫県","city":"佐用郡佐用町","town":"米田"}],"5204":[{"pref":"兵庫県","city":"佐用郡佐用町","town":"小山"}],"5205":[{"pref":"兵庫県","city":"佐用郡佐用町","town":"安川"}],"5206":[{"pref":"兵庫県","city":"佐用郡佐用町","town":"土井"}],"5207":[{"pref":"兵庫県","city":"佐用郡佐用町","town":"宝蔵寺"}],"5211":[{"pref":"兵庫県","city":"佐用郡佐用町","town":"下徳久"}],"5212":[{"pref":"兵庫県","city":"佐用郡佐用町","town":"林崎"}],"5213":[{"pref":"兵庫県","city":"佐用郡佐用町","town":"東徳久"}],"5214":[{"pref":"兵庫県","city":"佐用郡佐用町","town":"西徳久"}],"5215":[{"pref":"兵庫県","city":"佐用郡佐用町","town":"平松"}],"5221":[{"pref":"兵庫県","city":"佐用郡佐用町","town":"漆野"}],"5222":[{"pref":"兵庫県","city":"佐用郡佐用町","town":"西下野"}],"5223":[{"pref":"兵庫県","city":"佐用郡佐用町","town":"下三河"}],"5224":[{"pref":"兵庫県","city":"佐用郡佐用町","town":"中三河"}],"5225":[{"pref":"兵庫県","city":"佐用郡佐用町","town":"上三河"}],"5226":[{"pref":"兵庫県","city":"佐用郡佐用町","town":"河崎"}],"5227":[{"pref":"兵庫県","city":"佐用郡佐用町","town":"船越"}],"5300":[{"pref":"兵庫県","city":"佐用郡佐用町","town":"以下に掲載がない場合"}],"5301":[{"pref":"兵庫県","city":"佐用郡佐用町","town":"佐用"}],"5302":[{"pref":"兵庫県","city":"佐用郡佐用町","town":"山脇"}],"5303":[{"pref":"兵庫県","city":"佐用郡佐用町","town":"真盛"}],"5304":[{"pref":"兵庫県","city":"佐用郡佐用町","town":"山田"}],"5305":[{"pref":"兵庫県","city":"佐用郡佐用町","town":"長尾"}],"5306":[{"pref":"兵庫県","city":"佐用郡佐用町","town":"本位田"}],"5307":[{"pref":"兵庫県","city":"佐用郡佐用町","town":"円応寺"}],"5311":[{"pref":"兵庫県","city":"佐用郡佐用町","town":"福沢"}],"5312":[{"pref":"兵庫県","city":"佐用郡佐用町","town":"仁方"}],"5313":[{"pref":"兵庫県","city":"佐用郡佐用町","town":"西河内"}],"5314":[{"pref":"兵庫県","city":"佐用郡佐用町","town":"大木谷"}],"5315":[{"pref":"兵庫県","city":"佐用郡佐用町","town":"淀"}],"5316":[{"pref":"兵庫県","city":"佐用郡佐用町","town":"豊福"}],"5317":[{"pref":"兵庫県","city":"佐用郡佐用町","town":"末包"}],"5318":[{"pref":"兵庫県","city":"佐用郡佐用町","town":"東中山"}],"5319":[{"pref":"兵庫県","city":"佐用郡佐用町","town":"大畠"}],"5321":[{"pref":"兵庫県","city":"佐用郡佐用町","town":"下石井"}],"5322":[{"pref":"兵庫県","city":"佐用郡佐用町","town":"上石井"}],"5323":[{"pref":"兵庫県","city":"佐用郡佐用町","town":"若州"}],"5324":[{"pref":"兵庫県","city":"佐用郡佐用町","town":"奥海"}],"5325":[{"pref":"兵庫県","city":"佐用郡佐用町","town":"水根"}],"5331":[{"pref":"兵庫県","city":"佐用郡佐用町","town":"平福"}],"5332":[{"pref":"兵庫県","city":"佐用郡佐用町","town":"延吉"}],"5333":[{"pref":"兵庫県","city":"佐用郡佐用町","town":"庵"}],"5334":[{"pref":"兵庫県","city":"佐用郡佐用町","town":"桑野"}],"5335":[{"pref":"兵庫県","city":"佐用郡佐用町","town":"海内"}],"5341":[{"pref":"兵庫県","city":"佐用郡佐用町","town":"横坂"}],"5342":[{"pref":"兵庫県","city":"佐用郡佐用町","town":"宗行"}],"5343":[{"pref":"兵庫県","city":"佐用郡佐用町","town":"口長谷"}],"5344":[{"pref":"兵庫県","city":"佐用郡佐用町","town":"奥長谷"}],"5345":[{"pref":"兵庫県","city":"佐用郡佐用町","town":"奥金近"}],"5346":[{"pref":"兵庫県","city":"佐用郡佐用町","town":"口金近"}],"5501":[{"pref":"兵庫県","city":"佐用郡佐用町","town":"桜山"}],"5502":[{"pref":"兵庫県","city":"佐用郡佐用町","town":"才金"}],"5503":[{"pref":"兵庫県","city":"佐用郡佐用町","town":"本郷"}],"5504":[{"pref":"兵庫県","city":"佐用郡佐用町","town":"大垣内"}],"5505":[{"pref":"兵庫県","city":"佐用郡佐用町","town":"皆田"}],"5511":[{"pref":"兵庫県","city":"佐用郡佐用町","town":"福中"}],"5512":[{"pref":"兵庫県","city":"佐用郡佐用町","town":"南中山"}],"5513":[{"pref":"兵庫県","city":"佐用郡佐用町","town":"金屋"}],"5514":[{"pref":"兵庫県","city":"佐用郡佐用町","town":"福吉"}],"5521":[{"pref":"兵庫県","city":"佐用郡佐用町","town":"早瀬"}],"5522":[{"pref":"兵庫県","city":"佐用郡佐用町","town":"仁位"}],"5523":[{"pref":"兵庫県","city":"佐用郡佐用町","town":"上月"}],"5524":[{"pref":"兵庫県","city":"佐用郡佐用町","town":"寄延"}],"5525":[{"pref":"兵庫県","city":"佐用郡佐用町","town":"目高"}],"5531":[{"pref":"兵庫県","city":"佐用郡佐用町","town":"宇根"}],"5532":[{"pref":"兵庫県","city":"佐用郡佐用町","town":"須安"}],"5533":[{"pref":"兵庫県","city":"佐用郡佐用町","town":"力万"}],"5534":[{"pref":"兵庫県","city":"佐用郡佐用町","town":"西大畠"}],"5535":[{"pref":"兵庫県","city":"佐用郡佐用町","town":"小日山"}],"5641":[{"pref":"兵庫県","city":"佐用郡佐用町","town":"久崎"}],"5642":[{"pref":"兵庫県","city":"佐用郡佐用町","town":"円光寺"}],"5643":[{"pref":"兵庫県","city":"佐用郡佐用町","town":"下秋里"}],"5644":[{"pref":"兵庫県","city":"佐用郡佐用町","town":"上秋里"}],"5645":[{"pref":"兵庫県","city":"佐用郡佐用町","town":"西新宿"}],"5646":[{"pref":"兵庫県","city":"佐用郡佐用町","town":"大日山"}],"5651":[{"pref":"兵庫県","city":"佐用郡佐用町","town":"櫛田"}],"5652":[{"pref":"兵庫県","city":"佐用郡佐用町","town":"家内"}],"5653":[{"pref":"兵庫県","city":"佐用郡佐用町","town":"小赤松"}],"5654":[{"pref":"兵庫県","city":"佐用郡佐用町","town":"大酒"}],"0322":[{"pref":"兵庫県","city":"西脇市","town":"黒田庄町石原"}],"0324":[{"pref":"兵庫県","city":"西脇市","town":"黒田庄町大伏"}],"0313":[{"pref":"兵庫県","city":"西脇市","town":"黒田庄町岡"}],"0311":[{"pref":"兵庫県","city":"西脇市","town":"黒田庄町喜多"}],"0302":[{"pref":"兵庫県","city":"西脇市","town":"黒田庄町黒田"}],"0301":[{"pref":"兵庫県","city":"西脇市","town":"黒田庄町小苗"}],"0316":[{"pref":"兵庫県","city":"西脇市","town":"黒田庄町大門"}],"0321":[{"pref":"兵庫県","city":"西脇市","town":"黒田庄町田高"}],"0315":[{"pref":"兵庫県","city":"西脇市","town":"黒田庄町津万井"}],"0323":[{"pref":"兵庫県","city":"西脇市","town":"黒田庄町西澤"}],"0314":[{"pref":"兵庫県","city":"西脇市","town":"黒田庄町福地"}],"0304":[{"pref":"兵庫県","city":"西脇市","town":"黒田庄町船町"}],"0303":[{"pref":"兵庫県","city":"西脇市","town":"黒田庄町前坂"}],"0312":[{"pref":"兵庫県","city":"西脇市","town":"黒田庄町門柳"}],"0102":[{"pref":"兵庫県","city":"加西市","town":"青野原町"}],"0105":[{"pref":"兵庫県","city":"加西市","town":"朝妻町"}],"0109":[{"pref":"兵庫県","city":"加西市","town":"玉丘町"}],"0107":[{"pref":"兵庫県","city":"加西市","town":"玉野町"}],"0101":[{"pref":"兵庫県","city":"加西市","town":"都染町"}],"0104":[{"pref":"兵庫県","city":"加西市","town":"常吉町"}],"0106":[{"pref":"兵庫県","city":"加西市","town":"豊倉町"}],"0103":[{"pref":"兵庫県","city":"加西市","town":"別府町"}],"0108":[{"pref":"兵庫県","city":"加西市","town":"山枝町"}],"0203":[{"pref":"兵庫県","city":"加東市","town":"稲尾"}],"0202":[{"pref":"兵庫県","city":"加東市","town":"多井田"}],"0211":[{"pref":"兵庫県","city":"加東市","town":"上滝野"}],"0205":[{"pref":"兵庫県","city":"加東市","town":"北野"}],"0221":[{"pref":"兵庫県","city":"加東市","town":"河高"}],"0213":[{"pref":"兵庫県","city":"加東市","town":"光明寺"}],"0223":[{"pref":"兵庫県","city":"加東市","town":"桜台"}],"0212":[{"pref":"兵庫県","city":"加東市","town":"下滝野"}],"0204":[{"pref":"兵庫県","city":"加東市","town":"新町"}],"0201":[{"pref":"兵庫県","city":"加東市","town":"曽我"}],"0222":[{"pref":"兵庫県","city":"加東市","town":"高岡"}],"0207":[{"pref":"兵庫県","city":"加東市","town":"滝野団地"}],"0206":[{"pref":"兵庫県","city":"加東市","town":"穂積"}]}