{"0161":[{"pref":"兵庫県","city":"宝塚市","town":"切畑（長尾山１９－１４）"}],"0162":[{"pref":"兵庫県","city":"宝塚市","town":"花屋敷緑ガ丘"}],"0000":[{"pref":"兵庫県","city":"川西市","town":"以下に掲載がない場合"}],"0148":[{"pref":"兵庫県","city":"川西市","town":"赤松"}],"0156":[{"pref":"兵庫県","city":"川西市","town":"石道"}],"0146":[{"pref":"兵庫県","city":"川西市","town":"芋生"}],"0007":[{"pref":"兵庫県","city":"川西市","town":"鴬が丘"}],"0133":[{"pref":"兵庫県","city":"川西市","town":"鴬台"}],"0001":[{"pref":"兵庫県","city":"川西市","town":"鴬の森町"}],"0014":[{"pref":"兵庫県","city":"川西市","town":"小戸"}],"0015":[{"pref":"兵庫県","city":"川西市","town":"小花"}],"0031":[{"pref":"兵庫県","city":"川西市","town":"霞ケ丘"}],"0025":[{"pref":"兵庫県","city":"川西市","town":"加茂"}],"0012":[{"pref":"兵庫県","city":"川西市","town":"絹延町"}],"0135":[{"pref":"兵庫県","city":"川西市","town":"錦松台"}],"0024":[{"pref":"兵庫県","city":"川西市","town":"久代"}],"0103":[{"pref":"兵庫県","city":"川西市","town":"国崎"}],"0101":[{"pref":"兵庫県","city":"川西市","town":"黒川"}],"0107":[{"pref":"兵庫県","city":"川西市","town":"下財町"}],"0145":[{"pref":"兵庫県","city":"川西市","town":"けやき坂"}],"0115":[{"pref":"兵庫県","city":"川西市","town":"向陽台"}],"0033":[{"pref":"兵庫県","city":"川西市","town":"栄町"}],"0021":[{"pref":"兵庫県","city":"川西市","town":"栄根"}],"0104":[{"pref":"兵庫県","city":"川西市","town":"笹部"}],"0022":[{"pref":"兵庫県","city":"川西市","town":"下加茂"}],"0125":[{"pref":"兵庫県","city":"川西市","town":"新田"}],"0116":[{"pref":"兵庫県","city":"川西市","town":"水明台"}],"0158":[{"pref":"兵庫県","city":"川西市","town":"清流台"}],"0142":[{"pref":"兵庫県","city":"川西市","town":"清和台東"}],"0143":[{"pref":"兵庫県","city":"川西市","town":"清和台西"}],"0111":[{"pref":"兵庫県","city":"川西市","town":"大和東"}],"0112":[{"pref":"兵庫県","city":"川西市","town":"大和西"}],"0002":[{"pref":"兵庫県","city":"川西市","town":"滝山町"}],"0126":[{"pref":"兵庫県","city":"川西市","town":"多田院"}],"0127":[{"pref":"兵庫県","city":"川西市","town":"多田院多田所町"}],"0128":[{"pref":"兵庫県","city":"川西市","town":"多田院西"}],"0124":[{"pref":"兵庫県","city":"川西市","town":"多田桜木"}],"0016":[{"pref":"兵庫県","city":"川西市","town":"中央町"}],"0123":[{"pref":"兵庫県","city":"川西市","town":"鼓が滝"}],"0011":[{"pref":"兵庫県","city":"川西市","town":"出在家町"}],"0034":[{"pref":"兵庫県","city":"川西市","town":"寺畑"}],"0113":[{"pref":"兵庫県","city":"川西市","town":"長尾町"}],"0155":[{"pref":"兵庫県","city":"川西市","town":"西畦野"}],"0138":[{"pref":"兵庫県","city":"川西市","town":"西多田"}],"0004":[{"pref":"兵庫県","city":"川西市","town":"萩原"}],"0005":[{"pref":"兵庫県","city":"川西市","town":"萩原台東"}],"0006":[{"pref":"兵庫県","city":"川西市","town":"萩原台西（１、２丁目、３丁目１番～２８２番）"}],"0134":[{"pref":"兵庫県","city":"川西市","town":"萩原台西（３丁目２８３番以上）"}],"0035":[{"pref":"兵庫県","city":"川西市","town":"花屋敷"}],"0036":[{"pref":"兵庫県","city":"川西市","town":"花屋敷山手町"}],"0017":[{"pref":"兵庫県","city":"川西市","town":"火打"}],"0117":[{"pref":"兵庫県","city":"川西市","town":"東畦野"}],"0114":[{"pref":"兵庫県","city":"川西市","town":"東畦野山手"}],"0023":[{"pref":"兵庫県","city":"川西市","town":"東久代"}],"0122":[{"pref":"兵庫県","city":"川西市","town":"東多田"}],"0032":[{"pref":"兵庫県","city":"川西市","town":"日高町"}],"0153":[{"pref":"兵庫県","city":"川西市","town":"一庫"}],"0121":[{"pref":"兵庫県","city":"川西市","town":"平野"}],"0037":[{"pref":"兵庫県","city":"川西市","town":"松が丘町"}],"0003":[{"pref":"兵庫県","city":"川西市","town":"丸の内町"}],"0152":[{"pref":"兵庫県","city":"川西市","town":"丸山台"}],"0013":[{"pref":"兵庫県","city":"川西市","town":"美園町"}],"0157":[{"pref":"兵庫県","city":"川西市","town":"緑が丘"}],"0129":[{"pref":"兵庫県","city":"川西市","town":"緑台"}],"0136":[{"pref":"兵庫県","city":"川西市","town":"南野坂"}],"0026":[{"pref":"兵庫県","city":"川西市","town":"南花屋敷"}],"0105":[{"pref":"兵庫県","city":"川西市","town":"見野"}],"0151":[{"pref":"兵庫県","city":"川西市","town":"美山台"}],"0141":[{"pref":"兵庫県","city":"川西市","town":"虫生"}],"0131":[{"pref":"兵庫県","city":"川西市","town":"矢問"}],"0132":[{"pref":"兵庫県","city":"川西市","town":"矢問東町"}],"0144":[{"pref":"兵庫県","city":"川西市","town":"柳谷"}],"0106":[{"pref":"兵庫県","city":"川西市","town":"山下町"}],"0154":[{"pref":"兵庫県","city":"川西市","town":"山原"}],"0137":[{"pref":"兵庫県","city":"川西市","town":"湯山台"}],"0102":[{"pref":"兵庫県","city":"川西市","town":"横路"}],"0147":[{"pref":"兵庫県","city":"川西市","town":"若宮"}],"0200":[{"pref":"兵庫県","city":"川辺郡猪名川町","town":"以下に掲載がない場合"}],"0212":[{"pref":"兵庫県","city":"川辺郡猪名川町","town":"旭ケ丘"}],"0246":[{"pref":"兵庫県","city":"川辺郡猪名川町","town":"猪名川台"}],"0255":[{"pref":"兵庫県","city":"川辺郡猪名川町","town":"猪渕"}],"0244":[{"pref":"兵庫県","city":"川辺郡猪名川町","town":"上野"}],"0241":[{"pref":"兵庫県","city":"川辺郡猪名川町","town":"内馬場"}],"0243":[{"pref":"兵庫県","city":"川辺郡猪名川町","town":"柏梨田"}],"0204":[{"pref":"兵庫県","city":"川辺郡猪名川町","town":"柏原"}],"0202":[{"pref":"兵庫県","city":"川辺郡猪名川町","town":"鎌倉"}],"0231":[{"pref":"兵庫県","city":"川辺郡猪名川町","town":"上阿古谷"}],"0236":[{"pref":"兵庫県","city":"川辺郡猪名川町","town":"北田原"}],"0234":[{"pref":"兵庫県","city":"川辺郡猪名川町","town":"北野"}],"0225":[{"pref":"兵庫県","city":"川辺郡猪名川町","town":"木津"}],"0254":[{"pref":"兵庫県","city":"川辺郡猪名川町","town":"肝川"}],"0256":[{"pref":"兵庫県","city":"川辺郡猪名川町","town":"銀山"}],"0223":[{"pref":"兵庫県","city":"川辺郡猪名川町","town":"木間生"}],"0227":[{"pref":"兵庫県","city":"川辺郡猪名川町","town":"笹尾"}],"0253":[{"pref":"兵庫県","city":"川辺郡猪名川町","town":"差組"}],"0215":[{"pref":"兵庫県","city":"川辺郡猪名川町","town":"島"}],"0214":[{"pref":"兵庫県","city":"川辺郡猪名川町","town":"清水"}],"0213":[{"pref":"兵庫県","city":"川辺郡猪名川町","town":"清水東"}],"0237":[{"pref":"兵庫県","city":"川辺郡猪名川町","town":"下阿古谷"}],"0257":[{"pref":"兵庫県","city":"川辺郡猪名川町","town":"白金"}],"0201":[{"pref":"兵庫県","city":"川辺郡猪名川町","town":"杉生"}],"0238":[{"pref":"兵庫県","city":"川辺郡猪名川町","town":"荘苑"}],"0232":[{"pref":"兵庫県","city":"川辺郡猪名川町","town":"民田"}],"0222":[{"pref":"兵庫県","city":"川辺郡猪名川町","town":"槻並"}],"0245":[{"pref":"兵庫県","city":"川辺郡猪名川町","town":"つつじが丘"}],"0221":[{"pref":"兵庫県","city":"川辺郡猪名川町","town":"杤原"}],"0203":[{"pref":"兵庫県","city":"川辺郡猪名川町","town":"西畑"}],"0211":[{"pref":"兵庫県","city":"川辺郡猪名川町","town":"仁頂寺"}],"0226":[{"pref":"兵庫県","city":"川辺郡猪名川町","town":"林田"}],"0242":[{"pref":"兵庫県","city":"川辺郡猪名川町","town":"原"}],"0252":[{"pref":"兵庫県","city":"川辺郡猪名川町","town":"広根"}],"0262":[{"pref":"兵庫県","city":"川辺郡猪名川町","town":"伏見台"}],"0261":[{"pref":"兵庫県","city":"川辺郡猪名川町","town":"松尾台"}],"0224":[{"pref":"兵庫県","city":"川辺郡猪名川町","town":"万善"}],"0235":[{"pref":"兵庫県","city":"川辺郡猪名川町","town":"南田原"}],"0233":[{"pref":"兵庫県","city":"川辺郡猪名川町","town":"紫合"}],"0251":[{"pref":"兵庫県","city":"川辺郡猪名川町","town":"若葉"}]}