{"0000":[{"pref":"徳島県","city":"海部郡牟岐町","town":"以下に掲載がない場合"}],"0007":[{"pref":"徳島県","city":"海部郡牟岐町","town":"内妻"}],"0004":[{"pref":"徳島県","city":"海部郡牟岐町","town":"川長"}],"0001":[{"pref":"徳島県","city":"海部郡牟岐町","town":"河内"}],"0002":[{"pref":"徳島県","city":"海部郡牟岐町","town":"橘"}],"0006":[{"pref":"徳島県","city":"海部郡牟岐町","town":"中村"}],"0005":[{"pref":"徳島県","city":"海部郡牟岐町","town":"灘"}],"0003":[{"pref":"徳島県","city":"海部郡牟岐町","town":"辺川"}],"0013":[{"pref":"徳島県","city":"海部郡牟岐町","town":"牟岐浦（出羽島）"}],"0011":[{"pref":"徳島県","city":"海部郡牟岐町","town":"牟岐浦（浜崎）"}],"0012":[{"pref":"徳島県","city":"海部郡牟岐町","town":"牟岐浦（宮ノ本）"}],"0010":[{"pref":"徳島県","city":"海部郡牟岐町","town":"牟岐浦（その他）"}],"0200":[{"pref":"徳島県","city":"海部郡海陽町","town":"以下に掲載がない場合"}],"0415":[{"pref":"徳島県","city":"海部郡海陽町","town":"相川"}],"0101":[{"pref":"徳島県","city":"海部郡海陽町","town":"浅川"}],"0310":[{"pref":"徳島県","city":"海部郡海陽町","town":"大井"}],"0203":[{"pref":"徳島県","city":"海部郡海陽町","town":"大里"}],"0412":[{"pref":"徳島県","city":"海部郡海陽町","town":"小川"}],"0302":[{"pref":"徳島県","city":"海部郡海陽町","town":"奥浦"}],"0504":[{"pref":"徳島県","city":"海部郡海陽町","town":"尾崎"}],"0506":[{"pref":"徳島県","city":"海部郡海陽町","town":"角坂"}],"0511":[{"pref":"徳島県","city":"海部郡海陽町","town":"久尾"}],"0505":[{"pref":"徳島県","city":"海部郡海陽町","town":"芥附"}],"0306":[{"pref":"徳島県","city":"海部郡海陽町","town":"櫛川"}],"0502":[{"pref":"徳島県","city":"海部郡海陽町","town":"久保"}],"0413":[{"pref":"徳島県","city":"海部郡海陽町","town":"神野"}],"0508":[{"pref":"徳島県","city":"海部郡海陽町","town":"小谷"}],"0509":[{"pref":"徳島県","city":"海部郡海陽町","town":"塩深"}],"0513":[{"pref":"徳島県","city":"海部郡海陽町","town":"宍喰浦（竹ケ島）"}],"0512":[{"pref":"徳島県","city":"海部郡海陽町","town":"宍喰浦（那佐）"}],"0501":[{"pref":"徳島県","city":"海部郡海陽町","town":"宍喰浦（その他）"}],"0307":[{"pref":"徳島県","city":"海部郡海陽町","town":"芝"}],"0202":[{"pref":"徳島県","city":"海部郡海陽町","town":"四方原"}],"0206":[{"pref":"徳島県","city":"海部郡海陽町","town":"熟田"}],"0303":[{"pref":"徳島県","city":"海部郡海陽町","town":"高園"}],"0204":[{"pref":"徳島県","city":"海部郡海陽町","town":"多良"}],"0309":[{"pref":"徳島県","city":"海部郡海陽町","town":"富田"}],"0301":[{"pref":"徳島県","city":"海部郡海陽町","town":"鞆浦"}],"0305":[{"pref":"徳島県","city":"海部郡海陽町","town":"中山"}],"0304":[{"pref":"徳島県","city":"海部郡海陽町","town":"野江"}],"0503":[{"pref":"徳島県","city":"海部郡海陽町","town":"日比原"}],"0411":[{"pref":"徳島県","city":"海部郡海陽町","town":"平井"}],"0507":[{"pref":"徳島県","city":"海部郡海陽町","town":"広岡"}],"0510":[{"pref":"徳島県","city":"海部郡海陽町","town":"船津"}],"0308":[{"pref":"徳島県","city":"海部郡海陽町","town":"吉田"}],"0205":[{"pref":"徳島県","city":"海部郡海陽町","town":"吉野"}],"0414":[{"pref":"徳島県","city":"海部郡海陽町","town":"若松"}]}