{"0000":[{"pref":"静岡県","city":"磐田市","town":"以下に掲載がない場合"}],"0824":[{"pref":"静岡県","city":"磐田市","town":"赤池"}],"0017":[{"pref":"静岡県","city":"磐田市","town":"安久路"}],"0078":[{"pref":"静岡県","city":"磐田市","town":"旭ケ丘"},{"pref":"静岡県","city":"磐田市","town":"石原町"},{"pref":"静岡県","city":"磐田市","town":"泉町"},{"pref":"静岡県","city":"磐田市","town":"久保町"},{"pref":"静岡県","city":"磐田市","town":"御殿"},{"pref":"静岡県","city":"磐田市","town":"坂上町"},{"pref":"静岡県","city":"磐田市","town":"栄町"},{"pref":"静岡県","city":"磐田市","town":"桜ケ丘"},{"pref":"静岡県","city":"磐田市","town":"七軒町"},{"pref":"静岡県","city":"磐田市","town":"田町"},{"pref":"静岡県","city":"磐田市","town":"中央町"},{"pref":"静岡県","city":"磐田市","town":"中泉"},{"pref":"静岡県","city":"磐田市","town":"中町"},{"pref":"静岡県","city":"磐田市","town":"西新町"},{"pref":"静岡県","city":"磐田市","town":"西町"},{"pref":"静岡県","city":"磐田市","town":"東町"},{"pref":"静岡県","city":"磐田市","town":"本町"}],"0062":[{"pref":"静岡県","city":"磐田市","town":"新島"}],"0105":[{"pref":"静岡県","city":"磐田市","town":"家田"}],"0805":[{"pref":"静岡県","city":"磐田市","town":"池田"}],"0086":[{"pref":"静岡県","city":"磐田市","town":"一番町"},{"pref":"静岡県","city":"磐田市","town":"梅屋町"},{"pref":"静岡県","city":"磐田市","town":"加茂川通"},{"pref":"静岡県","city":"磐田市","town":"河原町"},{"pref":"静岡県","city":"磐田市","town":"北見町"},{"pref":"静岡県","city":"磐田市","town":"権現町"},{"pref":"静岡県","city":"磐田市","town":"幸町"},{"pref":"静岡県","city":"磐田市","town":"清水町"},{"pref":"静岡県","city":"磐田市","town":"宿町"},{"pref":"静岡県","city":"磐田市","town":"地脇町"},{"pref":"静岡県","city":"磐田市","town":"新通町"},{"pref":"静岡県","city":"磐田市","town":"住吉町"},{"pref":"静岡県","city":"磐田市","town":"天王町"},{"pref":"静岡県","city":"磐田市","town":"中川町"},{"pref":"静岡県","city":"磐田市","town":"西坂町"},{"pref":"静岡県","city":"磐田市","town":"二番町"},{"pref":"静岡県","city":"磐田市","town":"馬場町"},{"pref":"静岡県","city":"磐田市","town":"東坂町"},{"pref":"静岡県","city":"磐田市","town":"見付"},{"pref":"静岡県","city":"磐田市","town":"美登里町"},{"pref":"静岡県","city":"磐田市","town":"元倉町"},{"pref":"静岡県","city":"磐田市","town":"元宮町"}],"0116":[{"pref":"静岡県","city":"磐田市","town":"壱貫地"}],"0071":[{"pref":"静岡県","city":"磐田市","town":"今之浦"}],"0016":[{"pref":"静岡県","city":"磐田市","town":"岩井"}],"0104":[{"pref":"静岡県","city":"磐田市","town":"岩室"}],"0223":[{"pref":"静岡県","city":"磐田市","town":"請負新田"}],"0212":[{"pref":"静岡県","city":"磐田市","town":"海老島"}],"0812":[{"pref":"静岡県","city":"磐田市","town":"海老塚"}],"0103":[{"pref":"静岡県","city":"磐田市","town":"大平"}],"0044":[{"pref":"静岡県","city":"磐田市","town":"大泉町"}],"0002":[{"pref":"静岡県","city":"磐田市","town":"大久保"}],"0036":[{"pref":"静岡県","city":"磐田市","town":"大立野"}],"0107":[{"pref":"静岡県","city":"磐田市","town":"大当所"}],"0214":[{"pref":"静岡県","city":"磐田市","town":"大中瀬"}],"0043":[{"pref":"静岡県","city":"磐田市","town":"大原（１番地～２０６１番地、２７５７番地～２７６８番地）"}],"0204":[{"pref":"静岡県","city":"磐田市","town":"岡"}],"0124":[{"pref":"静岡県","city":"磐田市","town":"掛下"}],"0234":[{"pref":"静岡県","city":"磐田市","town":"掛塚"}],"0011":[{"pref":"静岡県","city":"磐田市","town":"笠梅"}],"0038":[{"pref":"静岡県","city":"磐田市","town":"鎌田"}],"0831":[{"pref":"静岡県","city":"磐田市","town":"上新屋"}],"0051":[{"pref":"静岡県","city":"磐田市","town":"上大之郷"}],"0045":[{"pref":"静岡県","city":"磐田市","town":"上岡田"}],"0115":[{"pref":"静岡県","city":"磐田市","town":"上神増"}],"0111":[{"pref":"静岡県","city":"磐田市","town":"上野部"}],"0822":[{"pref":"静岡県","city":"磐田市","town":"上本郷"}],"0817":[{"pref":"静岡県","city":"磐田市","town":"上万能"}],"0042":[{"pref":"静岡県","city":"磐田市","town":"上南田"}],"0804":[{"pref":"静岡県","city":"磐田市","town":"加茂"}],"0232":[{"pref":"静岡県","city":"磐田市","town":"川袋"}],"0121":[{"pref":"静岡県","city":"磐田市","town":"神増"}],"0064":[{"pref":"静岡県","city":"磐田市","town":"北島"}],"0084":[{"pref":"静岡県","city":"磐田市","town":"城之崎"}],"0061":[{"pref":"静岡県","city":"磐田市","town":"刑部島"}],"0067":[{"pref":"静岡県","city":"磐田市","town":"草崎"}],"0814":[{"pref":"静岡県","city":"磐田市","town":"気子島"}],"0837":[{"pref":"静岡県","city":"磐田市","town":"源平新田"}],"0114":[{"pref":"静岡県","city":"磐田市","town":"合代島"}],"0077":[{"pref":"静岡県","city":"磐田市","town":"国府台"}],"0056":[{"pref":"静岡県","city":"磐田市","town":"小島"}],"0838":[{"pref":"静岡県","city":"磐田市","town":"小立野"}],"0215":[{"pref":"静岡県","city":"磐田市","town":"小中瀬"}],"0233":[{"pref":"静岡県","city":"磐田市","town":"駒場"}],"0005":[{"pref":"静岡県","city":"磐田市","town":"匂坂上"}],"0003":[{"pref":"静岡県","city":"磐田市","town":"匂坂新"}],"0004":[{"pref":"静岡県","city":"磐田市","town":"匂坂中"}],"0813":[{"pref":"静岡県","city":"磐田市","town":"笹原島"}],"0055":[{"pref":"静岡県","city":"磐田市","town":"鮫島"}],"0106":[{"pref":"静岡県","city":"磐田市","town":"敷地"}],"0015":[{"pref":"静岡県","city":"磐田市","town":"篠原"}],"0052":[{"pref":"静岡県","city":"磐田市","town":"下大之郷"}],"0046":[{"pref":"静岡県","city":"磐田市","town":"下岡田"}],"0126":[{"pref":"静岡県","city":"磐田市","town":"下神増"}],"0112":[{"pref":"静岡県","city":"磐田市","town":"下野部"}],"0823":[{"pref":"静岡県","city":"磐田市","town":"下本郷"}],"0818":[{"pref":"静岡県","city":"磐田市","town":"下万能"}],"0236":[{"pref":"静岡県","city":"磐田市","town":"十郎島"}],"0066":[{"pref":"静岡県","city":"磐田市","town":"白拍子"}],"0235":[{"pref":"静岡県","city":"磐田市","town":"白羽"}],"0113":[{"pref":"静岡県","city":"磐田市","town":"新開"}],"0025":[{"pref":"静岡県","city":"磐田市","town":"新貝"}],"0063":[{"pref":"静岡県","city":"磐田市","town":"真光寺"}],"0033":[{"pref":"静岡県","city":"磐田市","town":"新出"}],"0222":[{"pref":"静岡県","city":"磐田市","town":"須恵新田"}],"0057":[{"pref":"静岡県","city":"磐田市","town":"千手堂"}],"0122":[{"pref":"静岡県","city":"磐田市","town":"惣兵衛下新田"}],"0202":[{"pref":"静岡県","city":"磐田市","town":"高木"}],"0801":[{"pref":"静岡県","city":"磐田市","town":"高見丘"}],"0821":[{"pref":"静岡県","city":"磐田市","town":"立野"}],"0021":[{"pref":"静岡県","city":"磐田市","town":"玉越"}],"0006":[{"pref":"静岡県","city":"磐田市","town":"寺谷"}],"0007":[{"pref":"静岡県","city":"磐田市","town":"寺谷新田"}],"0075":[{"pref":"静岡県","city":"磐田市","town":"天龍"}],"0039":[{"pref":"静岡県","city":"磐田市","town":"東新町"}],"0806":[{"pref":"静岡県","city":"磐田市","town":"東名"}],"0216":[{"pref":"静岡県","city":"磐田市","town":"飛平松"}],"0803":[{"pref":"静岡県","city":"磐田市","town":"富丘"}],"0807":[{"pref":"静岡県","city":"磐田市","town":"富里"}],"0231":[{"pref":"静岡県","city":"磐田市","town":"豊岡"}],"0047":[{"pref":"静岡県","city":"磐田市","town":"豊島"}],"0808":[{"pref":"静岡県","city":"磐田市","town":"豊田"}],"0835":[{"pref":"静岡県","city":"磐田市","town":"豊田西之島"}],"0072":[{"pref":"静岡県","city":"磐田市","town":"鳥之瀬"}],"0053":[{"pref":"静岡県","city":"磐田市","town":"中野"}],"0218":[{"pref":"静岡県","city":"磐田市","town":"中平松"}],"0836":[{"pref":"静岡県","city":"磐田市","town":"長森"}],"0069":[{"pref":"静岡県","city":"磐田市","town":"長須賀"}],"0815":[{"pref":"静岡県","city":"磐田市","town":"中田"}],"0026":[{"pref":"静岡県","city":"磐田市","town":"西貝塚"}],"0022":[{"pref":"静岡県","city":"磐田市","town":"西島"}],"0041":[{"pref":"静岡県","city":"磐田市","town":"西之島"}],"0217":[{"pref":"静岡県","city":"磐田市","town":"西平松"}],"0074":[{"pref":"静岡県","city":"磐田市","town":"二之宮"},{"pref":"静岡県","city":"磐田市","town":"二之宮浅間"}],"0073":[{"pref":"静岡県","city":"磐田市","town":"二之宮東"}],"0065":[{"pref":"静岡県","city":"磐田市","town":"野箱"}],"0224":[{"pref":"静岡県","city":"磐田市","town":"浜新田"}],"0054":[{"pref":"静岡県","city":"磐田市","town":"浜部"}],"0031":[{"pref":"静岡県","city":"磐田市","town":"稗原"}],"0035":[{"pref":"静岡県","city":"磐田市","town":"東新屋"}],"0037":[{"pref":"静岡県","city":"磐田市","town":"東貝塚"}],"0802":[{"pref":"静岡県","city":"磐田市","town":"東原"}],"0211":[{"pref":"静岡県","city":"磐田市","town":"東平松"}],"0028":[{"pref":"静岡県","city":"磐田市","town":"東山"}],"0032":[{"pref":"静岡県","city":"磐田市","town":"東脇"}],"0023":[{"pref":"静岡県","city":"磐田市","town":"彦島"}],"0811":[{"pref":"静岡県","city":"磐田市","town":"一言"}],"0203":[{"pref":"静岡県","city":"磐田市","town":"平間"}],"0123":[{"pref":"静岡県","city":"磐田市","town":"平松"}],"0008":[{"pref":"静岡県","city":"磐田市","town":"平松掛下入作"}],"0001":[{"pref":"静岡県","city":"磐田市","town":"藤上原"}],"0088":[{"pref":"静岡県","city":"磐田市","town":"富士見台"}],"0083":[{"pref":"静岡県","city":"磐田市","town":"富士見町"}],"0205":[{"pref":"静岡県","city":"磐田市","town":"堀之内"}],"0068":[{"pref":"静岡県","city":"磐田市","town":"前野"}],"0125":[{"pref":"静岡県","city":"磐田市","town":"松之木島"}],"0206":[{"pref":"静岡県","city":"磐田市","town":"松本"}],"0058":[{"pref":"静岡県","city":"磐田市","town":"万正寺"}],"0101":[{"pref":"静岡県","city":"磐田市","town":"万瀬"}],"0027":[{"pref":"静岡県","city":"磐田市","town":"三ケ野"}],"0018":[{"pref":"静岡県","city":"磐田市","town":"三ケ野台"}],"0085":[{"pref":"静岡県","city":"磐田市","town":"水堀"}],"0127":[{"pref":"静岡県","city":"磐田市","town":"三家"}],"0081":[{"pref":"静岡県","city":"磐田市","town":"緑ケ丘"}],"0221":[{"pref":"静岡県","city":"磐田市","town":"南平松"}],"0816":[{"pref":"静岡県","city":"磐田市","town":"宮之一色"}],"0207":[{"pref":"静岡県","city":"磐田市","town":"宮本"}],"0024":[{"pref":"静岡県","city":"磐田市","town":"明ケ島"}],"0019":[{"pref":"静岡県","city":"磐田市","town":"明ケ島原"}],"0012":[{"pref":"静岡県","city":"磐田市","town":"向笠新屋"}],"0013":[{"pref":"静岡県","city":"磐田市","town":"向笠竹之内"}],"0014":[{"pref":"静岡県","city":"磐田市","town":"向笠西"}],"0102":[{"pref":"静岡県","city":"磐田市","town":"虫生"}],"0082":[{"pref":"静岡県","city":"磐田市","town":"元天神町"}],"0832":[{"pref":"静岡県","city":"磐田市","town":"森岡"}],"0834":[{"pref":"静岡県","city":"磐田市","town":"森下"}],"0825":[{"pref":"静岡県","city":"磐田市","town":"森本"}],"0108":[{"pref":"静岡県","city":"磐田市","town":"社山"}],"0833":[{"pref":"静岡県","city":"磐田市","town":"弥藤太島"}],"0201":[{"pref":"静岡県","city":"磐田市","town":"竜洋中島"}],"0213":[{"pref":"静岡県","city":"磐田市","town":"竜洋稗原"}],"0034":[{"pref":"静岡県","city":"磐田市","town":"和口"}]}