{"1101":[{"pref":"山口県","city":"山口市","town":"秋穂東"}],"1102":[{"pref":"山口県","city":"山口市","town":"秋穂西"}],"1277":[{"pref":"山口県","city":"山口市","town":"阿知須"}],"1311":[{"pref":"山口県","city":"宇部市","town":"小野"}],"1312":[{"pref":"山口県","city":"宇部市","town":"棯小野"}],"1313":[{"pref":"山口県","city":"宇部市","town":"藤河内"}],"1314":[{"pref":"山口県","city":"宇部市","town":"櫟原"}],"1315":[{"pref":"山口県","city":"宇部市","town":"如意寺"}],"0893":[{"pref":"山口県","city":"山口市","town":"秋穂二島"}],"0896":[{"pref":"山口県","city":"山口市","town":"江崎"}],"0029":[{"pref":"山口県","city":"山口市","town":"小郡維新町"}],"0008":[{"pref":"山口県","city":"山口市","town":"小郡円座西町"}],"0007":[{"pref":"山口県","city":"山口市","town":"小郡円座東町"}],"0015":[{"pref":"山口県","city":"山口市","town":"小郡大江町"}],"0006":[{"pref":"山口県","city":"山口市","town":"小郡尾崎町"}],"0034":[{"pref":"山口県","city":"山口市","town":"小郡かぜの丘"}],"0004":[{"pref":"山口県","city":"山口市","town":"小郡金堀町"}],"0001":[{"pref":"山口県","city":"山口市","town":"小郡上郷"}],"0028":[{"pref":"山口県","city":"山口市","town":"小郡給領町"}],"0021":[{"pref":"山口県","city":"山口市","town":"小郡黄金町"}],"0026":[{"pref":"山口県","city":"山口市","town":"小郡栄町"}],"0027":[{"pref":"山口県","city":"山口市","town":"小郡三軒屋町"}],"0002":[{"pref":"山口県","city":"山口市","town":"小郡下郷"}],"0031":[{"pref":"山口県","city":"山口市","town":"小郡新町"}],"0014":[{"pref":"山口県","city":"山口市","town":"小郡高砂町"}],"0022":[{"pref":"山口県","city":"山口市","town":"小郡花園町"}],"0033":[{"pref":"山口県","city":"山口市","town":"小郡光が丘"}],"0025":[{"pref":"山口県","city":"山口市","town":"小郡平砂町"}],"0012":[{"pref":"山口県","city":"山口市","town":"小郡船倉町"}],"0020":[{"pref":"山口県","city":"山口市","town":"小郡平成町"}],"0023":[{"pref":"山口県","city":"山口市","town":"小郡前田町"}],"0003":[{"pref":"山口県","city":"山口市","town":"小郡真名"}],"0013":[{"pref":"山口県","city":"山口市","town":"小郡緑町"}],"0011":[{"pref":"山口県","city":"山口市","town":"小郡御幸町"}],"0032":[{"pref":"山口県","city":"山口市","town":"小郡みらい町"}],"0005":[{"pref":"山口県","city":"山口市","town":"小郡山手上町"}],"0041":[{"pref":"山口県","city":"山口市","town":"小郡令和"}],"0024":[{"pref":"山口県","city":"山口市","town":"小郡若草町"}],"0897":[{"pref":"山口県","city":"山口市","town":"嘉川"}],"0894":[{"pref":"山口県","city":"山口市","town":"佐山"}],"0891":[{"pref":"山口県","city":"山口市","town":"陶"}],"0892":[{"pref":"山口県","city":"山口市","town":"名田島"}],"0895":[{"pref":"山口県","city":"山口市","town":"深溝"}],"0411":[{"pref":"山口県","city":"萩市","town":"明木"}],"0602":[{"pref":"山口県","city":"美祢市","town":"秋芳町青景"}],"0511":[{"pref":"山口県","city":"美祢市","town":"秋芳町秋吉"}],"0513":[{"pref":"山口県","city":"美祢市","town":"秋芳町岩永下郷"}],"0512":[{"pref":"山口県","city":"美祢市","town":"秋芳町岩永本郷"}],"0601":[{"pref":"山口県","city":"美祢市","town":"秋芳町嘉万"}],"0603":[{"pref":"山口県","city":"美祢市","town":"秋芳町別府"}],"0514":[{"pref":"山口県","city":"美祢市","town":"秋芳町（その他）"}],"0302":[{"pref":"山口県","city":"美祢市","town":"美東町赤"}],"0212":[{"pref":"山口県","city":"美祢市","town":"美東町綾木"}],"0301":[{"pref":"山口県","city":"美祢市","town":"美東町絵堂"}],"0211":[{"pref":"山口県","city":"美祢市","town":"美東町大田"}],"0123":[{"pref":"山口県","city":"美祢市","town":"美東町小野"}],"0121":[{"pref":"山口県","city":"美祢市","town":"美東町長田"}],"0213":[{"pref":"山口県","city":"美祢市","town":"美東町長登"}],"0122":[{"pref":"山口県","city":"美祢市","town":"美東町真名"}],"0214":[{"pref":"山口県","city":"美祢市","town":"美東町（その他）"}]}