{"1101":[{"pref":"大分県","city":"大分市","town":"敷戸北町"}],"1102":[{"pref":"大分県","city":"大分市","town":"敷戸新町"}],"1103":[{"pref":"大分県","city":"大分市","town":"敷戸西町"}],"1104":[{"pref":"大分県","city":"大分市","town":"敷戸東町"}],"1105":[{"pref":"大分県","city":"大分市","town":"敷戸南町"}],"1106":[{"pref":"大分県","city":"大分市","town":"敷戸台"}],"1107":[{"pref":"大分県","city":"大分市","town":"敷戸駅北町"}],"1108":[{"pref":"大分県","city":"大分市","town":"判田台東"}],"1109":[{"pref":"大分県","city":"大分市","town":"判田台南"}],"1110":[{"pref":"大分県","city":"大分市","town":"判田台"}],"1111":[{"pref":"大分県","city":"大分市","town":"上判田"}],"1112":[{"pref":"大分県","city":"大分市","town":"下判田"}],"1113":[{"pref":"大分県","city":"大分市","town":"中判田"}],"1114":[{"pref":"大分県","city":"大分市","town":"星和台"}],"1115":[{"pref":"大分県","city":"大分市","town":"ひばりケ丘"}],"1116":[{"pref":"大分県","city":"大分市","town":"高江中央"}],"1117":[{"pref":"大分県","city":"大分市","town":"高江西"}],"1118":[{"pref":"大分県","city":"大分市","town":"高江南"}],"1119":[{"pref":"大分県","city":"大分市","town":"高江北"}],"1120":[{"pref":"大分県","city":"大分市","town":"サンシャインしきど"}],"1121":[{"pref":"大分県","city":"大分市","town":"鴛野"}],"1122":[{"pref":"大分県","city":"大分市","town":"敷戸"}],"1123":[{"pref":"大分県","city":"大分市","town":"寒田"}],"1124":[{"pref":"大分県","city":"大分市","town":"旦野原"}],"1125":[{"pref":"大分県","city":"大分市","town":"大園団地"}],"1126":[{"pref":"大分県","city":"大分市","town":"判田台北"}],"1127":[{"pref":"大分県","city":"大分市","town":"寒田わかば台"}],"1128":[{"pref":"大分県","city":"大分市","town":"花の木坂"}],"1130":[{"pref":"大分県","city":"大分市","town":"田尻中央"}],"1131":[{"pref":"大分県","city":"大分市","town":"岡川"}],"1132":[{"pref":"大分県","city":"大分市","town":"光吉"}],"1133":[{"pref":"大分県","city":"大分市","town":"宮崎"}],"1134":[{"pref":"大分県","city":"大分市","town":"小原団地"}],"1135":[{"pref":"大分県","city":"大分市","town":"光吉新町"}],"1136":[{"pref":"大分県","city":"大分市","town":"光吉台"}],"1137":[{"pref":"大分県","city":"大分市","town":"宮崎台"}],"1138":[{"pref":"大分県","city":"大分市","town":"寒田北町"}],"1139":[{"pref":"大分県","city":"大分市","town":"寒田南町"}],"1140":[{"pref":"大分県","city":"大分市","town":"田尻北"}],"1141":[{"pref":"大分県","city":"大分市","town":"下宗方"}],"1142":[{"pref":"大分県","city":"大分市","town":"高瀬"}],"1143":[{"pref":"大分県","city":"大分市","town":"田尻"}],"1144":[{"pref":"大分県","city":"大分市","town":"田尻西"}],"1145":[{"pref":"大分県","city":"大分市","town":"田尻南"}],"1146":[{"pref":"大分県","city":"大分市","town":"曲（６３５、６３９、６５０、６６９、６７６、６７８、６８９、"},{"pref":"大分県","city":"大分市","town":"６９５、７１８、７３３、１４８１、１５５５、１６１８番地）"}],"1147":[{"pref":"大分県","city":"大分市","town":"ふじが丘"}],"1148":[{"pref":"大分県","city":"大分市","town":"天領ハイツ"}],"1149":[{"pref":"大分県","city":"大分市","town":"田尻東"}],"1150":[{"pref":"大分県","city":"大分市","town":"小野鶴南"}],"1151":[{"pref":"大分県","city":"大分市","town":"市"}],"1152":[{"pref":"大分県","city":"大分市","town":"上宗方"}],"1153":[{"pref":"大分県","city":"大分市","town":"小野鶴"}],"1154":[{"pref":"大分県","city":"大分市","town":"田原"}],"1155":[{"pref":"大分県","city":"大分市","town":"玉沢"}],"1156":[{"pref":"大分県","city":"大分市","town":"小野鶴新町"}],"1157":[{"pref":"大分県","city":"大分市","town":"宗方台東"}],"1158":[{"pref":"大分県","city":"大分市","town":"宗方台西"}],"1159":[{"pref":"大分県","city":"大分市","town":"宗方台北"}],"1161":[{"pref":"大分県","city":"大分市","town":"木上"}],"1162":[{"pref":"大分県","city":"大分市","town":"口戸"}],"1163":[{"pref":"大分県","city":"大分市","town":"廻栖野（１～６５７、７７６～８２９、８４２～１３０５、２６９１、"},{"pref":"大分県","city":"大分市","town":"２９２５番地）"}],"1164":[{"pref":"大分県","city":"大分市","town":"雄城台中央"}],"1165":[{"pref":"大分県","city":"大分市","town":"雄城台"}],"1166":[{"pref":"大分県","city":"大分市","town":"椿が丘"}],"1167":[{"pref":"大分県","city":"大分市","town":"上宗方南"}],"1168":[{"pref":"大分県","city":"大分市","town":"松が丘"}],"1169":[{"pref":"大分県","city":"大分市","town":"木上台"}],"1171":[{"pref":"大分県","city":"大分市","town":"鬼崎"}],"1172":[{"pref":"大分県","city":"大分市","town":"緑が丘"}],"1173":[{"pref":"大分県","city":"大分市","town":"横瀬"}],"1174":[{"pref":"大分県","city":"大分市","town":"萌葱台"}],"1176":[{"pref":"大分県","city":"大分市","town":"富士見が丘東"}],"1177":[{"pref":"大分県","city":"大分市","town":"富士見が丘西"}],"1201":[{"pref":"大分県","city":"大分市","town":"廻栖野（その他）"}],"1202":[{"pref":"大分県","city":"大分市","town":"入蔵"}],"1203":[{"pref":"大分県","city":"大分市","town":"野津原"}],"1204":[{"pref":"大分県","city":"大分市","town":"辻原"}],"1205":[{"pref":"大分県","city":"大分市","town":"福宗"}],"1211":[{"pref":"大分県","city":"大分市","town":"竹矢"}],"1212":[{"pref":"大分県","city":"大分市","town":"沢田"}],"1213":[{"pref":"大分県","city":"大分市","town":"下原"}],"1214":[{"pref":"大分県","city":"大分市","town":"太田"}],"1215":[{"pref":"大分県","city":"大分市","town":"上詰"}],"1221":[{"pref":"大分県","city":"大分市","town":"荷尾杵"}],"1222":[{"pref":"大分県","city":"大分市","town":"高原"}],"1223":[{"pref":"大分県","city":"大分市","town":"今市"}],"0100":[{"pref":"大分県","city":"大分市","town":"以下に掲載がない場合"}],"0278":[{"pref":"大分県","city":"大分市","town":"青崎"}],"0875":[{"pref":"大分県","city":"大分市","town":"青葉台"}],"0908":[{"pref":"大分県","city":"大分市","town":"青葉町"}],"0317":[{"pref":"大分県","city":"大分市","town":"丹川"}],"0857":[{"pref":"大分県","city":"大分市","town":"明磧"}],"0860":[{"pref":"大分県","city":"大分市","town":"明磧町"}],"0162":[{"pref":"大分県","city":"大分市","town":"明野高尾"}],"0161":[{"pref":"大分県","city":"大分市","town":"明野東"}],"0164":[{"pref":"大分県","city":"大分市","town":"明野西"}],"0163":[{"pref":"大分県","city":"大分市","town":"明野南"}],"0165":[{"pref":"大分県","city":"大分市","town":"明野北"}],"0166":[{"pref":"大分県","city":"大分市","town":"明野北町"}],"0167":[{"pref":"大分県","city":"大分市","town":"明野紅陽台"}],"0168":[{"pref":"大分県","city":"大分市","town":"明野ハイツ"}],"0273":[{"pref":"大分県","city":"大分市","town":"曙台"}],"0884":[{"pref":"大分県","city":"大分市","town":"旭町"}],"0014":[{"pref":"大分県","city":"大分市","town":"芦崎"}],"0858":[{"pref":"大分県","city":"大分市","town":"尼が瀬"}],"0113":[{"pref":"大分県","city":"大分市","town":"家島"}],"0003":[{"pref":"大分県","city":"大分市","town":"生石"}],"0001":[{"pref":"大分県","city":"大分市","town":"生石港町"}],"0041":[{"pref":"大分県","city":"大分市","town":"泉町"}],"0316":[{"pref":"大分県","city":"大分市","town":"一木"}],"0312":[{"pref":"大分県","city":"大分市","town":"市尾"}],"0112":[{"pref":"大分県","city":"大分市","town":"一の洲"}],"0134":[{"pref":"大分県","city":"大分市","town":"猪野"}],"0938":[{"pref":"大分県","city":"大分市","town":"今津留"}],"0936":[{"pref":"大分県","city":"大分市","town":"岩田町"}],"0886":[{"pref":"大分県","city":"大分市","town":"上田町"}],"0836":[{"pref":"大分県","city":"大分市","town":"上野南"}],"0835":[{"pref":"大分県","city":"大分市","town":"上野丘"}],"0833":[{"pref":"大分県","city":"大分市","town":"上野丘東"}],"0834":[{"pref":"大分県","city":"大分市","town":"上野丘西"}],"0832":[{"pref":"大分県","city":"大分市","town":"上野町"}],"0956":[{"pref":"大分県","city":"大分市","town":"裏川団地"}],"0889":[{"pref":"大分県","city":"大分市","town":"荏隈"}],"0891":[{"pref":"大分県","city":"大分市","town":"荏隈町"}],"0322":[{"pref":"大分県","city":"大分市","town":"恵比寿町"}],"0819":[{"pref":"大分県","city":"大分市","town":"王子新町"}],"0006":[{"pref":"大分県","city":"大分市","town":"王子中町"}],"0004":[{"pref":"大分県","city":"大分市","town":"王子港町"}],"0008":[{"pref":"大分県","city":"大分市","town":"王子西町"}],"0007":[{"pref":"大分県","city":"大分市","town":"王子南町"}],"0005":[{"pref":"大分県","city":"大分市","town":"王子北町"}],"0813":[{"pref":"大分県","city":"大分市","town":"王子山の手町"}],"0009":[{"pref":"大分県","city":"大分市","town":"王子町"}],"0321":[{"pref":"大分県","city":"大分市","town":"王ノ瀬"}],"0851":[{"pref":"大分県","city":"大分市","town":"大石町"}],"0319":[{"pref":"大分県","city":"大分市","town":"大分流通業務団地"}],"0806":[{"pref":"大分県","city":"大分市","town":"大久保"}],"0266":[{"pref":"大分県","city":"大分市","town":"大在"}],"0245":[{"pref":"大分県","city":"大分市","town":"大在北"}],"0251":[{"pref":"大分県","city":"大分市","town":"大在中央"}],"0252":[{"pref":"大分県","city":"大分市","town":"大在浜"}],"0906":[{"pref":"大分県","city":"大分市","town":"大州浜"}],"0907":[{"pref":"大分県","city":"大分市","town":"大津町"}],"0123":[{"pref":"大分県","city":"大分市","town":"大津留"}],"0022":[{"pref":"大分県","city":"大分市","town":"大手町"}],"0822":[{"pref":"大分県","city":"大分市","town":"大道町"}],"0158":[{"pref":"大分県","city":"大分市","town":"岡"}],"0159":[{"pref":"大分県","city":"大分市","town":"岡新町"}],"0144":[{"pref":"大分県","city":"大分市","town":"乙津"}],"0145":[{"pref":"大分県","city":"大分市","town":"乙津町"}],"0146":[{"pref":"大分県","city":"大分市","town":"乙津港町"}],"0114":[{"pref":"大分県","city":"大分市","town":"小中島"}],"0107":[{"pref":"大分県","city":"大分市","town":"海原"}],"0877":[{"pref":"大分県","city":"大分市","town":"賀来"}],"0848":[{"pref":"大分県","city":"大分市","town":"賀来北"}],"0892":[{"pref":"大分県","city":"大分市","town":"賀来新川"}],"0850":[{"pref":"大分県","city":"大分市","town":"賀来西"}],"0849":[{"pref":"大分県","city":"大分市","town":"賀来南"}],"0011":[{"pref":"大分県","city":"大分市","town":"春日浦"}],"0943":[{"pref":"大分県","city":"大分市","town":"片島"}],"0949":[{"pref":"大分県","city":"大分市","town":"かたしま台"}],"0133":[{"pref":"大分県","city":"大分市","town":"葛木"}],"0026":[{"pref":"大分県","city":"大分市","town":"金池町"}],"0839":[{"pref":"大分県","city":"大分市","town":"金池南"}],"0831":[{"pref":"大分県","city":"大分市","town":"要町"}],"0879":[{"pref":"大分県","city":"大分市","town":"金谷迫"}],"0926":[{"pref":"大分県","city":"大分市","town":"加納"}],"0817":[{"pref":"大分県","city":"大分市","town":"上春日町"}],"0805":[{"pref":"大分県","city":"大分市","town":"上白木"}],"0808":[{"pref":"大分県","city":"大分市","town":"上八幡"}],"0927":[{"pref":"大分県","city":"大分市","town":"北下郡"}],"0102":[{"pref":"大分県","city":"大分市","town":"北鶴崎"}],"0311":[{"pref":"大分県","city":"大分市","town":"木田"}],"0809":[{"pref":"大分県","city":"大分市","town":"机張原"}],"0870":[{"pref":"大分県","city":"大分市","town":"季の坂"}],"0959":[{"pref":"大分県","city":"大分市","town":"希望が丘"}],"0129":[{"pref":"大分県","city":"大分市","town":"京が丘南"}],"0314":[{"pref":"大分県","city":"大分市","town":"久土"}],"0304":[{"pref":"大分県","city":"大分市","town":"久原"}],"0324":[{"pref":"大分県","city":"大分市","town":"久原北"}],"0325":[{"pref":"大分県","city":"大分市","town":"久原中央"}],"0326":[{"pref":"大分県","city":"大分市","town":"久原南"}],"0124":[{"pref":"大分県","city":"大分市","town":"毛井"}],"0025":[{"pref":"大分県","city":"大分市","town":"顕徳町"}],"0147":[{"pref":"大分県","city":"大分市","town":"小池原"}],"0173":[{"pref":"大分県","city":"大分市","town":"公園通り"}],"0174":[{"pref":"大分県","city":"大分市","town":"公園通り西"}],"0935":[{"pref":"大分県","city":"大分市","town":"古ケ鶴"}],"0864":[{"pref":"大分県","city":"大分市","town":"国分"}],"0869":[{"pref":"大分県","city":"大分市","town":"国分新町"}],"0863":[{"pref":"大分県","city":"大分市","town":"国分台"}],"0865":[{"pref":"大分県","city":"大分市","town":"国分団地"}],"0327":[{"pref":"大分県","city":"大分市","town":"小佐井"}],"0036":[{"pref":"大分県","city":"大分市","town":"寿町"}],"0302":[{"pref":"大分県","city":"大分市","town":"坂ノ市"}],"0307":[{"pref":"大分県","city":"大分市","town":"坂ノ市中央"}],"0309":[{"pref":"大分県","city":"大分市","town":"坂ノ市西"}],"0308":[{"pref":"大分県","city":"大分市","town":"坂ノ市南"}],"0838":[{"pref":"大分県","city":"大分市","town":"桜ケ丘"}],"0272":[{"pref":"大分県","city":"大分市","town":"迫"}],"0303":[{"pref":"大分県","city":"大分市","town":"里"}],"0315":[{"pref":"大分県","city":"大分市","town":"佐野"}],"0829":[{"pref":"大分県","city":"大分市","town":"椎迫"}],"0253":[{"pref":"大分県","city":"大分市","town":"汐見"}],"0821":[{"pref":"大分県","city":"大分市","town":"志手"}],"0261":[{"pref":"大分県","city":"大分市","town":"志村"}],"0952":[{"pref":"大分県","city":"大分市","town":"下郡北"}],"0954":[{"pref":"大分県","city":"大分市","town":"下郡中央"}],"0953":[{"pref":"大分県","city":"大分市","town":"下郡東"}],"0955":[{"pref":"大分県","city":"大分市","town":"下郡南"}],"0961":[{"pref":"大分県","city":"大分市","town":"下郡山の手"}],"0951":[{"pref":"大分県","city":"大分市","town":"下郡"}],"0941":[{"pref":"大分県","city":"大分市","town":"下郡工業団地"}],"0803":[{"pref":"大分県","city":"大分市","town":"下白木"}],"0118":[{"pref":"大分県","city":"大分市","town":"下徳丸"}],"0807":[{"pref":"大分県","city":"大分市","town":"下八幡"}],"0241":[{"pref":"大分県","city":"大分市","town":"庄境"}],"0922":[{"pref":"大分県","city":"大分市","town":"城東町（３の２２、４の２、４の３０）"}],"0153":[{"pref":"大分県","city":"大分市","town":"城東町（その他）"}],"0824":[{"pref":"大分県","city":"大分市","town":"城南団地東町"}],"0826":[{"pref":"大分県","city":"大分市","town":"城南西町"}],"0825":[{"pref":"大分県","city":"大分市","town":"城南南町"}],"0827":[{"pref":"大分県","city":"大分市","town":"城南北町"}],"0828":[{"pref":"大分県","city":"大分市","town":"城南山手台"}],"0267":[{"pref":"大分県","city":"大分市","town":"城原"}],"0876":[{"pref":"大分県","city":"大分市","town":"庄の原"}],"0045":[{"pref":"大分県","city":"大分市","town":"城崎町"}],"0818":[{"pref":"大分県","city":"大分市","town":"新春日町"}],"0015":[{"pref":"大分県","city":"大分市","town":"新川西"}],"0016":[{"pref":"大分県","city":"大分市","town":"新川町"}],"0911":[{"pref":"大分県","city":"大分市","town":"新貝"}],"0919":[{"pref":"大分県","city":"大分市","town":"新栄町"}],"0028":[{"pref":"大分県","city":"大分市","town":"新町"}],"0172":[{"pref":"大分県","city":"大分市","town":"新明治"}],"0027":[{"pref":"大分県","city":"大分市","town":"末広町"}],"0244":[{"pref":"大分県","city":"大分市","town":"須賀"}],"0032":[{"pref":"大分県","city":"大分市","town":"住吉町"}],"0031":[{"pref":"大分県","city":"大分市","town":"勢家町"}],"0115":[{"pref":"大分県","city":"大分市","town":"関園"}],"0048":[{"pref":"大分県","city":"大分市","town":"碩田町"}],"0132":[{"pref":"大分県","city":"大分市","town":"千歳"}],"0837":[{"pref":"大分県","city":"大分市","town":"太平町"}],"0873":[{"pref":"大分県","city":"大分市","town":"高尾台"}],"0872":[{"pref":"大分県","city":"大分市","town":"高崎"}],"0029":[{"pref":"大分県","city":"大分市","town":"高砂町"}],"0156":[{"pref":"大分県","city":"大分市","town":"高城新町"}],"0148":[{"pref":"大分県","city":"大分市","town":"高城台"}],"0149":[{"pref":"大分県","city":"大分市","town":"高城団地"}],"0923":[{"pref":"大分県","city":"大分市","town":"高城西町（１～７番）"}],"0154":[{"pref":"大分県","city":"大分市","town":"高城西町（その他）"}],"0157":[{"pref":"大分県","city":"大分市","town":"高城本町"}],"0155":[{"pref":"大分県","city":"大分市","town":"高城南町"}],"0917":[{"pref":"大分県","city":"大分市","town":"高松"}],"0916":[{"pref":"大分県","city":"大分市","town":"高松東"}],"0265":[{"pref":"大分県","city":"大分市","town":"竹下"}],"0882":[{"pref":"大分県","city":"大分市","town":"竹の上"}],"0852":[{"pref":"大分県","city":"大分市","town":"田中町"}],"0274":[{"pref":"大分県","city":"大分市","town":"種具"}],"0802":[{"pref":"大分県","city":"大分市","town":"田ノ浦"}],"0816":[{"pref":"大分県","city":"大分市","town":"田室町"}],"0035":[{"pref":"大分県","city":"大分市","town":"中央町"}],"0033":[{"pref":"大分県","city":"大分市","town":"千代町"}],"0116":[{"pref":"大分県","city":"大分市","town":"常行"}],"0271":[{"pref":"大分県","city":"大分市","town":"角子原"}],"0242":[{"pref":"大分県","city":"大分市","town":"角子南"}],"0945":[{"pref":"大分県","city":"大分市","town":"津守"}],"0930":[{"pref":"大分県","city":"大分市","town":"津留"}],"0106":[{"pref":"大分県","city":"大分市","town":"鶴崎"}],"0120":[{"pref":"大分県","city":"大分市","town":"鶴崎コスモス団地"}],"0279":[{"pref":"大分県","city":"大分市","town":"つるさき陽光台"}],"0121":[{"pref":"大分県","city":"大分市","town":"鶴瀬"}],"0137":[{"pref":"大分県","city":"大分市","town":"寺崎町"}],"0861":[{"pref":"大分県","city":"大分市","town":"東院"}],"0867":[{"pref":"大分県","city":"大分市","town":"東野台"}],"0109":[{"pref":"大分県","city":"大分市","town":"徳島"}],"0947":[{"pref":"大分県","city":"大分市","town":"富岡"}],"0018":[{"pref":"大分県","city":"大分市","town":"豊海"}],"0862":[{"pref":"大分県","city":"大分市","town":"中尾"}],"0039":[{"pref":"大分県","city":"大分市","town":"中春日町"}],"0049":[{"pref":"大分県","city":"大分市","town":"中島中央"}],"0043":[{"pref":"大分県","city":"大分市","town":"中島東"}],"0047":[{"pref":"大分県","city":"大分市","town":"中島西"}],"0101":[{"pref":"大分県","city":"大分市","town":"中鶴崎"}],"0939":[{"pref":"大分県","city":"大分市","town":"中津留"}],"0135":[{"pref":"大分県","city":"大分市","town":"仲西町"}],"0111":[{"pref":"大分県","city":"大分市","town":"中ノ洲"}],"0859":[{"pref":"大分県","city":"大分市","town":"中の瀬町"}],"0929":[{"pref":"大分県","city":"大分市","town":"長谷町"}],"0023":[{"pref":"大分県","city":"大分市","town":"長浜町"}],"0801":[{"pref":"大分県","city":"大分市","town":"鳴川"}],"0046":[{"pref":"大分県","city":"大分市","town":"荷揚町"}],"0820":[{"pref":"大分県","city":"大分市","town":"西大道"}],"0038":[{"pref":"大分県","city":"大分市","town":"西春日町"}],"0024":[{"pref":"大分県","city":"大分市","town":"錦町"}],"0901":[{"pref":"大分県","city":"大分市","town":"西新地"}],"0105":[{"pref":"大分県","city":"大分市","town":"西鶴崎"}],"0902":[{"pref":"大分県","city":"大分市","town":"西ノ洲"}],"0931":[{"pref":"大分県","city":"大分市","town":"西浜"}],"0874":[{"pref":"大分県","city":"大分市","town":"にじが丘"}],"0318":[{"pref":"大分県","city":"大分市","town":"丹生"}],"0270":[{"pref":"大分県","city":"大分市","town":"望みが丘"}],"0868":[{"pref":"大分県","city":"大分市","town":"野田"}],"0921":[{"pref":"大分県","city":"大分市","town":"萩原"}],"0856":[{"pref":"大分県","city":"大分市","town":"畑中"}],"0942":[{"pref":"大分県","city":"大分市","town":"羽田"}],"0243":[{"pref":"大分県","city":"大分市","town":"花江川"}],"0846":[{"pref":"大分県","city":"大分市","town":"花園"}],"0915":[{"pref":"大分県","city":"大分市","town":"花高松"}],"0933":[{"pref":"大分県","city":"大分市","town":"花津留"}],"0880":[{"pref":"大分県","city":"大分市","town":"はなの森"}],"0323":[{"pref":"大分県","city":"大分市","town":"浜中"}],"0002":[{"pref":"大分県","city":"大分市","town":"浜の市"}],"0013":[{"pref":"大分県","city":"大分市","town":"浜町東"}],"0012":[{"pref":"大分県","city":"大分市","town":"浜町北"}],"0854":[{"pref":"大分県","city":"大分市","town":"羽屋"}],"0853":[{"pref":"大分県","city":"大分市","town":"羽屋新町"}],"0138":[{"pref":"大分県","city":"大分市","town":"原川"}],"0912":[{"pref":"大分県","city":"大分市","town":"原新町"}],"0914":[{"pref":"大分県","city":"大分市","town":"日岡"}],"0151":[{"pref":"大分県","city":"大分市","town":"東明野"}],"0306":[{"pref":"大分県","city":"大分市","town":"東上野"}],"0823":[{"pref":"大分県","city":"大分市","town":"東大道"}],"0037":[{"pref":"大分県","city":"大分市","town":"東春日町"}],"0103":[{"pref":"大分県","city":"大分市","town":"東鶴崎"}],"0934":[{"pref":"大分県","city":"大分市","town":"東津留"}],"0932":[{"pref":"大分県","city":"大分市","town":"東浜"}],"0150":[{"pref":"大分県","city":"大分市","town":"東原"}],"0871":[{"pref":"大分県","city":"大分市","town":"東八幡"}],"0301":[{"pref":"大分県","city":"大分市","town":"日吉原"}],"0918":[{"pref":"大分県","city":"大分市","town":"日吉町"}],"0866":[{"pref":"大分県","city":"大分市","town":"平横瀬"}],"0277":[{"pref":"大分県","city":"大分市","town":"広内"}],"0847":[{"pref":"大分県","city":"大分市","town":"広瀬町"}],"0881":[{"pref":"大分県","city":"大分市","town":"深河内"}],"0957":[{"pref":"大分県","city":"大分市","town":"藤の台"}],"0887":[{"pref":"大分県","city":"大分市","town":"二又町"}],"0021":[{"pref":"大分県","city":"大分市","town":"府内町"}],"0855":[{"pref":"大分県","city":"大分市","town":"豊饒"}],"0844":[{"pref":"大分県","city":"大分市","town":"古国府"}],"0017":[{"pref":"大分県","city":"大分市","town":"弁天"}],"0948":[{"pref":"大分県","city":"大分市","town":"芳河原台"}],"0171":[{"pref":"大分県","city":"大分市","town":"法勝台"}],"0305":[{"pref":"大分県","city":"大分市","town":"細"}],"0044":[{"pref":"大分県","city":"大分市","town":"舞鶴町"}],"0946":[{"pref":"大分県","city":"大分市","town":"曲（その他）"}],"0924":[{"pref":"大分県","city":"大分市","town":"牧（１～３丁目、白滝Ｂ・Ｃ、高見）"}],"0152":[{"pref":"大分県","city":"大分市","town":"牧（その他）"}],"0925":[{"pref":"大分県","city":"大分市","town":"牧上町"}],"0125":[{"pref":"大分県","city":"大分市","town":"松岡"}],"0913":[{"pref":"大分県","city":"大分市","town":"松原町"}],"0268":[{"pref":"大分県","city":"大分市","town":"政所"}],"0122":[{"pref":"大分県","city":"大分市","town":"丸亀"}],"0888":[{"pref":"大分県","city":"大分市","town":"三ケ田町"}],"0108":[{"pref":"大分県","city":"大分市","town":"三佐"}],"0143":[{"pref":"大分県","city":"大分市","town":"三川上"}],"0142":[{"pref":"大分県","city":"大分市","town":"三川下"}],"0141":[{"pref":"大分県","city":"大分市","town":"三川新町"}],"0131":[{"pref":"大分県","city":"大分市","town":"皆春"}],"0117":[{"pref":"大分県","city":"大分市","town":"南"}],"0812":[{"pref":"大分県","city":"大分市","town":"南生石東"}],"0811":[{"pref":"大分県","city":"大分市","town":"南生石西"}],"0814":[{"pref":"大分県","city":"大分市","town":"南王子町"}],"0815":[{"pref":"大分県","city":"大分市","town":"南春日町"}],"0928":[{"pref":"大分県","city":"大分市","town":"南下郡"}],"0885":[{"pref":"大分県","city":"大分市","town":"南太平寺"}],"0104":[{"pref":"大分県","city":"大分市","town":"南鶴崎"}],"0937":[{"pref":"大分県","city":"大分市","town":"南津留"}],"0276":[{"pref":"大分県","city":"大分市","town":"宮河内"}],"0275":[{"pref":"大分県","city":"大分市","town":"宮河内ハイランド"}],"0034":[{"pref":"大分県","city":"大分市","town":"都町"}],"0878":[{"pref":"大分県","city":"大分市","town":"宮苑"}],"0804":[{"pref":"大分県","city":"大分市","town":"御幸町"}],"0030":[{"pref":"大分県","city":"大分市","town":"三芳"}],"0903":[{"pref":"大分県","city":"大分市","town":"向原沖"}],"0904":[{"pref":"大分県","city":"大分市","town":"向原東"}],"0905":[{"pref":"大分県","city":"大分市","town":"向原西"}],"0944":[{"pref":"大分県","city":"大分市","town":"米良"}],"0843":[{"pref":"大分県","city":"大分市","town":"元町"}],"0139":[{"pref":"大分県","city":"大分市","town":"桃園団地"}],"0128":[{"pref":"大分県","city":"大分市","town":"森"}],"0127":[{"pref":"大分県","city":"大分市","town":"森町"}],"0140":[{"pref":"大分県","city":"大分市","town":"森町西"}],"0136":[{"pref":"大分県","city":"大分市","town":"山津町"}],"0313":[{"pref":"大分県","city":"大分市","town":"屋山"}],"0042":[{"pref":"大分県","city":"大分市","town":"豊町"}],"0958":[{"pref":"大分県","city":"大分市","town":"ゆめが丘"}],"0126":[{"pref":"大分県","city":"大分市","town":"横尾"}],"0130":[{"pref":"大分県","city":"大分市","town":"横尾東町"}],"0263":[{"pref":"大分県","city":"大分市","town":"横田"}],"0254":[{"pref":"大分県","city":"大分市","town":"横塚"}],"0883":[{"pref":"大分県","city":"大分市","town":"永興"}],"0842":[{"pref":"大分県","city":"大分市","town":"六坊南町"}],"0841":[{"pref":"大分県","city":"大分市","town":"六坊北町"}]}