{"0000":[{"pref":"滋賀県","city":"甲賀市","town":"以下に掲載がない場合"}],"0204":[{"pref":"滋賀県","city":"甲賀市","town":"土山町山女原"}],"0202":[{"pref":"滋賀県","city":"甲賀市","town":"土山町鮎河"}],"0233":[{"pref":"滋賀県","city":"甲賀市","town":"土山町市場"}],"0207":[{"pref":"滋賀県","city":"甲賀市","town":"土山町猪鼻"}],"0201":[{"pref":"滋賀県","city":"甲賀市","town":"土山町大河原"}],"0213":[{"pref":"滋賀県","city":"甲賀市","town":"土山町大澤"}],"0221":[{"pref":"滋賀県","city":"甲賀市","town":"土山町青土"}],"0235":[{"pref":"滋賀県","city":"甲賀市","town":"土山町大野"}],"0211":[{"pref":"滋賀県","city":"甲賀市","town":"土山町北土山"}],"0208":[{"pref":"滋賀県","city":"甲賀市","town":"土山町黒川"}],"0203":[{"pref":"滋賀県","city":"甲賀市","town":"土山町黒滝"}],"0223":[{"pref":"滋賀県","city":"甲賀市","town":"土山町瀬ノ音"}],"0205":[{"pref":"滋賀県","city":"甲賀市","town":"土山町笹路"}],"0234":[{"pref":"滋賀県","city":"甲賀市","town":"土山町徳原"}],"0231":[{"pref":"滋賀県","city":"甲賀市","town":"土山町頓宮"}],"0224":[{"pref":"滋賀県","city":"甲賀市","town":"土山町野上野"}],"0222":[{"pref":"滋賀県","city":"甲賀市","town":"土山町平子"}],"0232":[{"pref":"滋賀県","city":"甲賀市","town":"土山町前野"}],"0212":[{"pref":"滋賀県","city":"甲賀市","town":"土山町南土山"}],"0206":[{"pref":"滋賀県","city":"甲賀市","town":"土山町山中"}],"0012":[{"pref":"滋賀県","city":"甲賀市","town":"水口町暁"}],"0071":[{"pref":"滋賀県","city":"甲賀市","town":"水口町秋葉"}],"0072":[{"pref":"滋賀県","city":"甲賀市","town":"水口町朝日が丘"}],"0033":[{"pref":"滋賀県","city":"甲賀市","town":"水口町綾野"}],"0056":[{"pref":"滋賀県","city":"甲賀市","town":"水口町泉"}],"0002":[{"pref":"滋賀県","city":"甲賀市","town":"水口町今郷"}],"0047":[{"pref":"滋賀県","city":"甲賀市","town":"水口町岩坂"}],"0055":[{"pref":"滋賀県","city":"甲賀市","town":"水口町植"}],"0052":[{"pref":"滋賀県","city":"甲賀市","town":"水口町宇川"}],"0045":[{"pref":"滋賀県","city":"甲賀市","town":"水口町牛飼"}],"0053":[{"pref":"滋賀県","city":"甲賀市","town":"水口町宇田"}],"0022":[{"pref":"滋賀県","city":"甲賀市","town":"水口町梅が丘"}],"0065":[{"pref":"滋賀県","city":"甲賀市","town":"水口町春日"}],"0004":[{"pref":"滋賀県","city":"甲賀市","town":"水口町嶬峨"}],"0058":[{"pref":"滋賀県","city":"甲賀市","town":"水口町北泉"}],"0051":[{"pref":"滋賀県","city":"甲賀市","town":"水口町北内貴"}],"0057":[{"pref":"滋賀県","city":"甲賀市","town":"水口町北脇"}],"0049":[{"pref":"滋賀県","city":"甲賀市","town":"水口町貴生川"}],"0017":[{"pref":"滋賀県","city":"甲賀市","town":"水口町京町"}],"0073":[{"pref":"滋賀県","city":"甲賀市","town":"水口町古城が丘"}],"0054":[{"pref":"滋賀県","city":"甲賀市","town":"水口町酒人"}],"0061":[{"pref":"滋賀県","city":"甲賀市","town":"水口町笹が丘"}],"0062":[{"pref":"滋賀県","city":"甲賀市","town":"水口町さつきが丘"}],"0046":[{"pref":"滋賀県","city":"甲賀市","town":"水口町三大寺"}],"0040":[{"pref":"滋賀県","city":"甲賀市","town":"水口町三本柳"}],"0063":[{"pref":"滋賀県","city":"甲賀市","town":"水口町下山"}],"0015":[{"pref":"滋賀県","city":"甲賀市","town":"水口町松栄"}],"0028":[{"pref":"滋賀県","city":"甲賀市","town":"水口町城東"}],"0027":[{"pref":"滋賀県","city":"甲賀市","town":"水口町城内"}],"0007":[{"pref":"滋賀県","city":"甲賀市","town":"水口町新城"}],"0038":[{"pref":"滋賀県","city":"甲賀市","town":"水口町新町"}],"0016":[{"pref":"滋賀県","city":"甲賀市","town":"水口町神明"}],"0043":[{"pref":"滋賀県","city":"甲賀市","town":"水口町杣中"}],"0011":[{"pref":"滋賀県","city":"甲賀市","town":"水口町高塚"}],"0048":[{"pref":"滋賀県","city":"甲賀市","town":"水口町高山"}],"0001":[{"pref":"滋賀県","city":"甲賀市","town":"水口町中畑"}],"0024":[{"pref":"滋賀県","city":"甲賀市","town":"水口町中邸"}],"0035":[{"pref":"滋賀県","city":"甲賀市","town":"水口町名坂"}],"0025":[{"pref":"滋賀県","city":"甲賀市","town":"水口町西林口"}],"0034":[{"pref":"滋賀県","city":"甲賀市","town":"水口町日電"}],"0021":[{"pref":"滋賀県","city":"甲賀市","town":"水口町八光"}],"0066":[{"pref":"滋賀県","city":"甲賀市","town":"水口町八田"}],"0064":[{"pref":"滋賀県","city":"甲賀市","town":"水口町伴中山"}],"0036":[{"pref":"滋賀県","city":"甲賀市","town":"水口町東名坂"}],"0026":[{"pref":"滋賀県","city":"甲賀市","town":"水口町東林口"}],"0068":[{"pref":"滋賀県","city":"甲賀市","town":"水口町ひのきが丘"}],"0031":[{"pref":"滋賀県","city":"甲賀市","town":"水口町本町"}],"0023":[{"pref":"滋賀県","city":"甲賀市","town":"水口町本丸"}],"0074":[{"pref":"滋賀県","city":"甲賀市","town":"水口町松尾"}],"0020":[{"pref":"滋賀県","city":"甲賀市","town":"水口町的場"}],"0005":[{"pref":"滋賀県","city":"甲賀市","town":"水口町水口"}],"0029":[{"pref":"滋賀県","city":"甲賀市","town":"水口町南林口"}],"0013":[{"pref":"滋賀県","city":"甲賀市","town":"水口町宮の前"}],"0041":[{"pref":"滋賀県","city":"甲賀市","town":"水口町虫生野"}],"0042":[{"pref":"滋賀県","city":"甲賀市","town":"水口町虫生野中央"}],"0069":[{"pref":"滋賀県","city":"甲賀市","town":"水口町虫生野虹の町"}],"0037":[{"pref":"滋賀県","city":"甲賀市","town":"水口町本綾野"}],"0006":[{"pref":"滋賀県","city":"甲賀市","town":"水口町元町"}],"0032":[{"pref":"滋賀県","city":"甲賀市","town":"水口町八坂"}],"0067":[{"pref":"滋賀県","city":"甲賀市","town":"水口町山"}],"0044":[{"pref":"滋賀県","city":"甲賀市","town":"水口町山上"}],"0014":[{"pref":"滋賀県","city":"甲賀市","town":"水口町鹿深"}],"0003":[{"pref":"滋賀県","city":"甲賀市","town":"水口町和野"}]}