{"0000":[{"pref":"千葉県","city":"東金市","town":"以下に掲載がない場合"}],"0035":[{"pref":"千葉県","city":"東金市","town":"粟生飛地"}],"0032":[{"pref":"千葉県","city":"東金市","town":"荒生"}],"0001":[{"pref":"千葉県","city":"東金市","town":"家之子"}],"0056":[{"pref":"千葉県","city":"東金市","town":"砂古瀬"}],"0057":[{"pref":"千葉県","city":"東金市","town":"一之袋"}],"0046":[{"pref":"千葉県","city":"東金市","town":"上谷"}],"0034":[{"pref":"千葉県","city":"東金市","town":"大沼"}],"0051":[{"pref":"千葉県","city":"東金市","town":"大沼田"}],"0826":[{"pref":"千葉県","city":"東金市","town":"丘山台"}],"0065":[{"pref":"千葉県","city":"東金市","town":"押堀"}],"0821":[{"pref":"千葉県","city":"東金市","town":"小野"}],"0062":[{"pref":"千葉県","city":"東金市","town":"家徳"}],"0834":[{"pref":"千葉県","city":"東金市","town":"上布田"}],"0011":[{"pref":"千葉県","city":"東金市","town":"上武射田"}],"0064":[{"pref":"千葉県","city":"東金市","town":"川場"}],"0047":[{"pref":"千葉県","city":"東金市","town":"北幸谷"}],"0061":[{"pref":"千葉県","city":"東金市","town":"北之幸谷"}],"0822":[{"pref":"千葉県","city":"東金市","town":"季美の森東"}],"0002":[{"pref":"千葉県","city":"東金市","town":"求名"}],"0048":[{"pref":"千葉県","city":"東金市","town":"幸田"}],"0835":[{"pref":"千葉県","city":"東金市","town":"極楽寺"}],"0044":[{"pref":"千葉県","city":"東金市","town":"小沼田"}],"0013":[{"pref":"千葉県","city":"東金市","town":"士農田"}],"0012":[{"pref":"千葉県","city":"東金市","town":"下武射田"}],"0054":[{"pref":"千葉県","city":"東金市","town":"下谷"}],"0033":[{"pref":"千葉県","city":"東金市","town":"宿"}],"0831":[{"pref":"千葉県","city":"東金市","town":"酒蔵"}],"0031":[{"pref":"千葉県","city":"東金市","town":"薄島"}],"0014":[{"pref":"千葉県","city":"東金市","town":"関内"}],"0038":[{"pref":"千葉県","city":"東金市","town":"関下"}],"0811":[{"pref":"千葉県","city":"東金市","town":"台方"}],"0022":[{"pref":"千葉県","city":"東金市","town":"高倉"}],"0825":[{"pref":"千葉県","city":"東金市","town":"滝"}],"0833":[{"pref":"千葉県","city":"東金市","town":"滝沢"}],"0814":[{"pref":"千葉県","city":"東金市","town":"田中"}],"0005":[{"pref":"千葉県","city":"東金市","town":"田間"}],"0824":[{"pref":"千葉県","city":"東金市","town":"丹尾"}],"0802":[{"pref":"千葉県","city":"東金市","town":"東金"}],"0003":[{"pref":"千葉県","city":"東金市","town":"道庭"}],"0025":[{"pref":"千葉県","city":"東金市","town":"殿廻"}],"0026":[{"pref":"千葉県","city":"東金市","town":"中野"}],"0045":[{"pref":"千葉県","city":"東金市","town":"西中"}],"0042":[{"pref":"千葉県","city":"東金市","town":"西野飛地"}],"0816":[{"pref":"千葉県","city":"東金市","town":"西福俵"}],"0052":[{"pref":"千葉県","city":"東金市","town":"二之袋"}],"0068":[{"pref":"千葉県","city":"東金市","town":"東岩崎"}],"0067":[{"pref":"千葉県","city":"東金市","town":"東上宿"}],"0006":[{"pref":"千葉県","city":"東金市","town":"東新宿"}],"0021":[{"pref":"千葉県","city":"東金市","town":"東中"}],"0053":[{"pref":"千葉県","city":"東金市","town":"東中島"}],"0016":[{"pref":"千葉県","city":"東金市","town":"菱沼"}],"0803":[{"pref":"千葉県","city":"東金市","town":"日吉台"}],"0041":[{"pref":"千葉県","city":"東金市","town":"広瀬"}],"0812":[{"pref":"千葉県","city":"東金市","town":"福俵"}],"0043":[{"pref":"千葉県","city":"東金市","town":"藤下飛地"}],"0004":[{"pref":"千葉県","city":"東金市","town":"二又"}],"0036":[{"pref":"千葉県","city":"東金市","town":"不動堂飛地"}],"0037":[{"pref":"千葉県","city":"東金市","town":"細屋敷"}],"0063":[{"pref":"千葉県","city":"東金市","town":"堀上"}],"0027":[{"pref":"千葉県","city":"東金市","town":"堀之内"}],"0015":[{"pref":"千葉県","city":"東金市","town":"前之内"}],"0805":[{"pref":"千葉県","city":"東金市","town":"松之郷"}],"0815":[{"pref":"千葉県","city":"東金市","town":"大豆谷"}],"0028":[{"pref":"千葉県","city":"東金市","town":"三浦名"}],"0832":[{"pref":"千葉県","city":"東金市","town":"三ケ尻"}],"0024":[{"pref":"千葉県","city":"東金市","town":"御門"}],"0066":[{"pref":"千葉県","city":"東金市","town":"南上宿"}],"0023":[{"pref":"千葉県","city":"東金市","town":"宮"}],"0801":[{"pref":"千葉県","city":"東金市","town":"八坂台"}],"0813":[{"pref":"千葉県","city":"東金市","town":"山口"}],"0823":[{"pref":"千葉県","city":"東金市","town":"山田"}],"0804":[{"pref":"千葉県","city":"東金市","town":"油井"}],"0055":[{"pref":"千葉県","city":"東金市","town":"依古島"}],"0100":[{"pref":"千葉県","city":"山武郡九十九里町","town":"以下に掲載がない場合"}],"0105":[{"pref":"千葉県","city":"山武郡九十九里町","town":"粟生"}],"0107":[{"pref":"千葉県","city":"山武郡九十九里町","town":"荒生"}],"0104":[{"pref":"千葉県","city":"山武郡九十九里町","town":"片貝"}],"0102":[{"pref":"千葉県","city":"山武郡九十九里町","town":"小関"}],"0101":[{"pref":"千葉県","city":"山武郡九十九里町","town":"作田"}],"0117":[{"pref":"千葉県","city":"山武郡九十九里町","town":"下貝塚"}],"0106":[{"pref":"千葉県","city":"山武郡九十九里町","town":"宿"}],"0103":[{"pref":"千葉県","city":"山武郡九十九里町","town":"田中荒生"}],"0116":[{"pref":"千葉県","city":"山武郡九十九里町","town":"西野"}],"0112":[{"pref":"千葉県","city":"山武郡九十九里町","town":"藤下"}],"0113":[{"pref":"千葉県","city":"山武郡九十九里町","town":"不動堂"}],"0111":[{"pref":"千葉県","city":"山武郡九十九里町","town":"細屋敷"}],"0114":[{"pref":"千葉県","city":"山武郡九十九里町","town":"真亀"}],"0115":[{"pref":"千葉県","city":"山武郡九十九里町","town":"真亀新田"}]}