{"1101":[{"pref":"大阪府","city":"枚方市","town":"楠葉中之芝"}],"1102":[{"pref":"大阪府","city":"枚方市","town":"北楠葉町"}],"1103":[{"pref":"大阪府","city":"枚方市","town":"楠葉野田"}],"1104":[{"pref":"大阪府","city":"枚方市","town":"楠葉丘"}],"1105":[{"pref":"大阪府","city":"枚方市","town":"南楠葉"}],"1106":[{"pref":"大阪府","city":"枚方市","town":"町楠葉"}],"1107":[{"pref":"大阪府","city":"枚方市","town":"楠葉中町"}],"1111":[{"pref":"大阪府","city":"枚方市","town":"楠葉朝日"}],"1112":[{"pref":"大阪府","city":"枚方市","town":"楠葉美咲"}],"1113":[{"pref":"大阪府","city":"枚方市","town":"楠葉面取町"}],"1114":[{"pref":"大阪府","city":"枚方市","town":"東山"}],"1115":[{"pref":"大阪府","city":"枚方市","town":"東船橋"}],"1116":[{"pref":"大阪府","city":"枚方市","town":"船橋本町"}],"1117":[{"pref":"大阪府","city":"枚方市","town":"北船橋町"}],"1118":[{"pref":"大阪府","city":"枚方市","town":"楠葉並木"}],"1121":[{"pref":"大阪府","city":"枚方市","town":"楠葉花園町"}],"1122":[{"pref":"大阪府","city":"枚方市","town":"西船橋"}],"1123":[{"pref":"大阪府","city":"枚方市","town":"南船橋"}],"1124":[{"pref":"大阪府","city":"枚方市","town":"養父東町"}],"1125":[{"pref":"大阪府","city":"枚方市","town":"養父元町"}],"1126":[{"pref":"大阪府","city":"枚方市","town":"上島東町"}],"1127":[{"pref":"大阪府","city":"枚方市","town":"上島町"}],"1128":[{"pref":"大阪府","city":"枚方市","town":"樋之上町"}],"1131":[{"pref":"大阪府","city":"枚方市","town":"高野道"}],"1132":[{"pref":"大阪府","city":"枚方市","town":"招提田近"}],"1133":[{"pref":"大阪府","city":"枚方市","town":"招提元町"}],"1134":[{"pref":"大阪府","city":"枚方市","town":"養父丘"}],"1135":[{"pref":"大阪府","city":"枚方市","town":"招提平野町"}],"1136":[{"pref":"大阪府","city":"枚方市","town":"宇山東町"}],"1137":[{"pref":"大阪府","city":"枚方市","town":"西招提町"}],"1138":[{"pref":"大阪府","city":"枚方市","town":"招提北町"}],"1141":[{"pref":"大阪府","city":"枚方市","town":"養父西町"}],"1142":[{"pref":"大阪府","city":"枚方市","town":"牧野下島町"}],"1143":[{"pref":"大阪府","city":"枚方市","town":"宇山町"}],"1144":[{"pref":"大阪府","city":"枚方市","town":"牧野本町"}],"1145":[{"pref":"大阪府","city":"枚方市","town":"黄金野"}],"1146":[{"pref":"大阪府","city":"枚方市","town":"牧野阪"}],"1147":[{"pref":"大阪府","city":"枚方市","town":"渚内野"}],"1148":[{"pref":"大阪府","city":"枚方市","town":"西牧野"}],"1149":[{"pref":"大阪府","city":"枚方市","town":"牧野北町"}],"1151":[{"pref":"大阪府","city":"枚方市","town":"東牧野町"}],"1152":[{"pref":"大阪府","city":"枚方市","town":"招提中町"}],"1153":[{"pref":"大阪府","city":"枚方市","town":"招提大谷"}],"1154":[{"pref":"大阪府","city":"枚方市","town":"招提東町"}],"1155":[{"pref":"大阪府","city":"枚方市","town":"招提南町"}],"1156":[{"pref":"大阪府","city":"枚方市","town":"片鉾東町"}],"1157":[{"pref":"大阪府","city":"枚方市","town":"片鉾本町"}],"1158":[{"pref":"大阪府","city":"枚方市","town":"北片鉾町"}],"1159":[{"pref":"大阪府","city":"枚方市","town":"車塚"}],"1161":[{"pref":"大阪府","city":"枚方市","town":"交北"}],"1162":[{"pref":"大阪府","city":"枚方市","town":"田口"}],"1163":[{"pref":"大阪府","city":"枚方市","town":"甲斐田新町"}],"1164":[{"pref":"大阪府","city":"枚方市","town":"須山町"}],"1165":[{"pref":"大阪府","city":"枚方市","town":"都丘町"}],"1166":[{"pref":"大阪府","city":"枚方市","town":"新之栄町"}],"1167":[{"pref":"大阪府","city":"枚方市","town":"甲斐田町"}],"1168":[{"pref":"大阪府","city":"枚方市","town":"甲斐田東町"}],"1171":[{"pref":"大阪府","city":"枚方市","town":"三栗"}],"1172":[{"pref":"大阪府","city":"枚方市","town":"渚栄町"}],"1173":[{"pref":"大阪府","city":"枚方市","town":"小倉町"}],"1174":[{"pref":"大阪府","city":"枚方市","town":"小倉東町"}],"1175":[{"pref":"大阪府","city":"枚方市","town":"上野"}],"1176":[{"pref":"大阪府","city":"枚方市","town":"渚東町"}],"1177":[{"pref":"大阪府","city":"枚方市","town":"渚元町"}],"1178":[{"pref":"大阪府","city":"枚方市","town":"渚西"}],"1181":[{"pref":"大阪府","city":"枚方市","town":"渚本町"}],"1182":[{"pref":"大阪府","city":"枚方市","town":"御殿山町"}],"1183":[{"pref":"大阪府","city":"枚方市","town":"渚南町"}],"1184":[{"pref":"大阪府","city":"枚方市","town":"磯島茶屋町"}],"1185":[{"pref":"大阪府","city":"枚方市","town":"天之川町"}],"1186":[{"pref":"大阪府","city":"枚方市","town":"磯島南町"}],"1187":[{"pref":"大阪府","city":"枚方市","town":"磯島元町"}],"1188":[{"pref":"大阪府","city":"枚方市","town":"磯島北町"}],"1191":[{"pref":"大阪府","city":"枚方市","town":"新町"}],"1192":[{"pref":"大阪府","city":"枚方市","town":"西禁野"}],"1193":[{"pref":"大阪府","city":"枚方市","town":"御殿山南町"}],"1194":[{"pref":"大阪府","city":"枚方市","town":"中宮北町"}],"1195":[{"pref":"大阪府","city":"枚方市","town":"中宮東之町"}],"1196":[{"pref":"大阪府","city":"枚方市","town":"中宮本町"}],"1197":[{"pref":"大阪府","city":"枚方市","town":"禁野本町"}],"0000":[{"pref":"大阪府","city":"枚方市","town":"以下に掲載がない場合"}],"0026":[{"pref":"大阪府","city":"枚方市","town":"朝日丘町"}],"0058":[{"pref":"大阪府","city":"枚方市","town":"伊加賀東町"}],"0066":[{"pref":"大阪府","city":"枚方市","town":"伊加賀西町"}],"0053":[{"pref":"大阪府","city":"枚方市","town":"伊加賀南町"}],"0036":[{"pref":"大阪府","city":"枚方市","town":"伊加賀北町"}],"0061":[{"pref":"大阪府","city":"枚方市","town":"伊加賀寿町"}],"0062":[{"pref":"大阪府","city":"枚方市","town":"伊加賀栄町"}],"0055":[{"pref":"大阪府","city":"枚方市","town":"伊加賀本町"}],"0067":[{"pref":"大阪府","city":"枚方市","town":"伊加賀緑町"}],"0005":[{"pref":"大阪府","city":"枚方市","town":"池之宮"}],"0017":[{"pref":"大阪府","city":"枚方市","town":"印田町"}],"0027":[{"pref":"大阪府","city":"枚方市","town":"大垣内町"}],"0142":[{"pref":"大阪府","city":"枚方市","town":"大峰東町"}],"0145":[{"pref":"大阪府","city":"枚方市","town":"大峰南町"}],"0141":[{"pref":"大阪府","city":"枚方市","town":"大峰北町"}],"0146":[{"pref":"大阪府","city":"枚方市","town":"大峰元町"}],"0032":[{"pref":"大阪府","city":"枚方市","town":"岡東町"}],"0031":[{"pref":"大阪府","city":"枚方市","town":"岡本町"}],"0033":[{"pref":"大阪府","city":"枚方市","town":"岡南町"}],"0034":[{"pref":"大阪府","city":"枚方市","town":"岡山手町"}],"0134":[{"pref":"大阪府","city":"枚方市","town":"春日東町"}],"0136":[{"pref":"大阪府","city":"枚方市","town":"春日西町"}],"0137":[{"pref":"大阪府","city":"枚方市","town":"春日北町"}],"0135":[{"pref":"大阪府","city":"枚方市","town":"春日元町"}],"0131":[{"pref":"大阪府","city":"枚方市","town":"春日野"}],"0028":[{"pref":"大阪府","city":"枚方市","town":"川原町"}],"0091":[{"pref":"大阪府","city":"枚方市","town":"菊丘町"}],"0092":[{"pref":"大阪府","city":"枚方市","town":"菊丘南町"}],"0064":[{"pref":"大阪府","city":"枚方市","town":"北中振"}],"0171":[{"pref":"大阪府","city":"枚方市","town":"北山"}],"0073":[{"pref":"大阪府","city":"枚方市","town":"高田"}],"0088":[{"pref":"大阪府","city":"枚方市","town":"香里園桜木町"}],"0085":[{"pref":"大阪府","city":"枚方市","town":"香里園東之町"}],"0087":[{"pref":"大阪府","city":"枚方市","town":"香里園山之手町"}],"0086":[{"pref":"大阪府","city":"枚方市","town":"香里園町"}],"0084":[{"pref":"大阪府","city":"枚方市","town":"香里ケ丘"}],"0018":[{"pref":"大阪府","city":"枚方市","town":"桜丘町"}],"0056":[{"pref":"大阪府","city":"枚方市","town":"桜町"}],"0081":[{"pref":"大阪府","city":"枚方市","town":"釈尊寺町"}],"0095":[{"pref":"大阪府","city":"枚方市","town":"翠香園町"}],"0117":[{"pref":"大阪府","city":"枚方市","town":"杉"}],"0111":[{"pref":"大阪府","city":"枚方市","town":"杉北町"}],"0116":[{"pref":"大阪府","city":"枚方市","town":"杉責谷"}],"0118":[{"pref":"大阪府","city":"枚方市","town":"杉山手"}],"0113":[{"pref":"大阪府","city":"枚方市","town":"宗谷"}],"0112":[{"pref":"大阪府","city":"枚方市","town":"尊延寺"}],"0035":[{"pref":"大阪府","city":"枚方市","town":"高塚町"}],"0001":[{"pref":"大阪府","city":"枚方市","town":"田口山"}],"0024":[{"pref":"大阪府","city":"枚方市","town":"田宮本町"}],"0123":[{"pref":"大阪府","city":"枚方市","town":"津田"}],"0125":[{"pref":"大阪府","city":"枚方市","town":"津田駅前"}],"0122":[{"pref":"大阪府","city":"枚方市","town":"津田東町"}],"0126":[{"pref":"大阪府","city":"枚方市","town":"津田西町"}],"0124":[{"pref":"大阪府","city":"枚方市","town":"津田南町"}],"0121":[{"pref":"大阪府","city":"枚方市","town":"津田北町"}],"0127":[{"pref":"大阪府","city":"枚方市","town":"津田元町"}],"0128":[{"pref":"大阪府","city":"枚方市","town":"津田山手"}],"0057":[{"pref":"大阪府","city":"枚方市","town":"堤町"}],"0065":[{"pref":"大阪府","city":"枚方市","town":"出口"}],"0003":[{"pref":"大阪府","city":"枚方市","town":"出屋敷西町"}],"0002":[{"pref":"大阪府","city":"枚方市","town":"出屋敷元町"}],"0045":[{"pref":"大阪府","city":"枚方市","town":"藤田町"}],"0007":[{"pref":"大阪府","city":"枚方市","town":"堂山"}],"0006":[{"pref":"大阪府","city":"枚方市","town":"堂山東町"}],"0004":[{"pref":"大阪府","city":"枚方市","town":"中宮大池"}],"0021":[{"pref":"大阪府","city":"枚方市","town":"中宮西之町"}],"0011":[{"pref":"大阪府","city":"枚方市","town":"中宮山戸町"}],"0103":[{"pref":"大阪府","city":"枚方市","town":"長尾荒阪"}],"0102":[{"pref":"大阪府","city":"枚方市","town":"長尾家具町"}],"0164":[{"pref":"大阪府","city":"枚方市","town":"長尾谷町"}],"0101":[{"pref":"大阪府","city":"枚方市","town":"長尾峠町"}],"0104":[{"pref":"大阪府","city":"枚方市","town":"長尾播磨谷"}],"0105":[{"pref":"大阪府","city":"枚方市","town":"長尾東町"}],"0162":[{"pref":"大阪府","city":"枚方市","town":"長尾西町"}],"0161":[{"pref":"大阪府","city":"枚方市","town":"長尾北町"}],"0107":[{"pref":"大阪府","city":"枚方市","town":"長尾宮前"}],"0163":[{"pref":"大阪府","city":"枚方市","town":"長尾元町"}],"0106":[{"pref":"大阪府","city":"枚方市","town":"長尾台"}],"0071":[{"pref":"大阪府","city":"枚方市","town":"茄子作"}],"0082":[{"pref":"大阪府","city":"枚方市","town":"茄子作東町"}],"0072":[{"pref":"大阪府","city":"枚方市","town":"茄子作南町"}],"0083":[{"pref":"大阪府","city":"枚方市","town":"茄子作北町"}],"0025":[{"pref":"大阪府","city":"枚方市","town":"西田宮町"}],"0144":[{"pref":"大阪府","city":"枚方市","town":"野村中町"}],"0133":[{"pref":"大阪府","city":"枚方市","town":"野村南町"}],"0143":[{"pref":"大阪府","city":"枚方市","town":"野村北町"}],"0132":[{"pref":"大阪府","city":"枚方市","town":"野村元町"}],"0063":[{"pref":"大阪府","city":"枚方市","town":"走谷"}],"0075":[{"pref":"大阪府","city":"枚方市","town":"東香里"}],"0077":[{"pref":"大阪府","city":"枚方市","town":"東香里新町"}],"0074":[{"pref":"大阪府","city":"枚方市","town":"東香里南町"}],"0076":[{"pref":"大阪府","city":"枚方市","town":"東香里元町"}],"0023":[{"pref":"大阪府","city":"枚方市","town":"東田宮"}],"0044":[{"pref":"大阪府","city":"枚方市","town":"東藤田町"}],"0093":[{"pref":"大阪府","city":"枚方市","town":"東中振"}],"0115":[{"pref":"大阪府","city":"枚方市","town":"氷室台"}],"0037":[{"pref":"大阪府","city":"枚方市","town":"枚方上之町"}],"0054":[{"pref":"大阪府","city":"枚方市","town":"枚方公園町"}],"0052":[{"pref":"大阪府","city":"枚方市","town":"枚方元町"}],"0155":[{"pref":"大阪府","city":"枚方市","town":"藤阪天神町"}],"0152":[{"pref":"大阪府","city":"枚方市","town":"藤阪中町"}],"0153":[{"pref":"大阪府","city":"枚方市","town":"藤阪東町"}],"0158":[{"pref":"大阪府","city":"枚方市","town":"藤阪西町"}],"0156":[{"pref":"大阪府","city":"枚方市","town":"藤阪南町"}],"0151":[{"pref":"大阪府","city":"枚方市","town":"藤阪北町"}],"0157":[{"pref":"大阪府","city":"枚方市","town":"藤阪元町"}],"0013":[{"pref":"大阪府","city":"枚方市","town":"星丘"}],"0114":[{"pref":"大阪府","city":"枚方市","town":"穂谷"}],"0012":[{"pref":"大阪府","city":"枚方市","town":"松丘町"}],"0051":[{"pref":"大阪府","city":"枚方市","town":"三矢町"}],"0094":[{"pref":"大阪府","city":"枚方市","town":"南中振"}],"0022":[{"pref":"大阪府","city":"枚方市","town":"宮之阪"}],"0046":[{"pref":"大阪府","city":"枚方市","town":"宮之下町"}],"0014":[{"pref":"大阪府","city":"枚方市","town":"村野高見台"}],"0015":[{"pref":"大阪府","city":"枚方市","town":"村野東町"}],"0042":[{"pref":"大阪府","city":"枚方市","town":"村野西町"}],"0043":[{"pref":"大阪府","city":"枚方市","town":"村野南町"}],"0016":[{"pref":"大阪府","city":"枚方市","town":"村野本町"}],"0167":[{"pref":"大阪府","city":"枚方市","town":"山田池公園"}],"0165":[{"pref":"大阪府","city":"枚方市","town":"山田池東町"}],"0168":[{"pref":"大阪府","city":"枚方市","town":"山田池南町"}],"0166":[{"pref":"大阪府","city":"枚方市","town":"山田池北町"}],"0047":[{"pref":"大阪府","city":"枚方市","town":"山之上"}],"0041":[{"pref":"大阪府","city":"枚方市","town":"山之上東町"}],"0048":[{"pref":"大阪府","city":"枚方市","town":"山之上西町"}],"0049":[{"pref":"大阪府","city":"枚方市","town":"山之上北町"}],"0154":[{"pref":"大阪府","city":"枚方市","town":"王仁公園"}]}