{"0000":[{"pref":"静岡県","city":"藤枝市","town":"以下に掲載がない場合"}],"0037":[{"pref":"静岡県","city":"藤枝市","town":"青木"}],"0066":[{"pref":"静岡県","city":"藤枝市","town":"青葉町"}],"0081":[{"pref":"静岡県","city":"藤枝市","town":"旭が丘"}],"0015":[{"pref":"静岡県","city":"藤枝市","town":"五十海"}],"0045":[{"pref":"静岡県","city":"藤枝市","town":"泉町"}],"0022":[{"pref":"静岡県","city":"藤枝市","town":"稲川"}],"0007":[{"pref":"静岡県","city":"藤枝市","town":"潮"}],"0076":[{"pref":"静岡県","city":"藤枝市","town":"内瀬戸"}],"0034":[{"pref":"静岡県","city":"藤枝市","town":"駅前"}],"0051":[{"pref":"静岡県","city":"藤枝市","town":"大洲"}],"0017":[{"pref":"静岡県","city":"藤枝市","town":"大手"}],"0026":[{"pref":"静岡県","city":"藤枝市","town":"岡出山"}],"0087":[{"pref":"静岡県","city":"藤枝市","town":"音羽町"}],"0008":[{"pref":"静岡県","city":"藤枝市","town":"鬼島"}],"0036":[{"pref":"静岡県","city":"藤枝市","town":"上青島"}],"0004":[{"pref":"静岡県","city":"藤枝市","town":"上当間"}],"0202":[{"pref":"静岡県","city":"藤枝市","town":"上藪田"}],"0001":[{"pref":"静岡県","city":"藤枝市","town":"仮宿"}],"0024":[{"pref":"静岡県","city":"藤枝市","town":"鬼岩寺"}],"0212":[{"pref":"静岡県","city":"藤枝市","town":"北方"}],"0064":[{"pref":"静岡県","city":"藤枝市","town":"久兵衛市右衛門請新田"}],"0223":[{"pref":"静岡県","city":"藤枝市","town":"清里"}],"0054":[{"pref":"静岡県","city":"藤枝市","town":"源助"}],"0033":[{"pref":"静岡県","city":"藤枝市","town":"小石川町"}],"0079":[{"pref":"静岡県","city":"藤枝市","town":"光洋台"}],"0016":[{"pref":"静岡県","city":"藤枝市","town":"郡"}],"0056":[{"pref":"静岡県","city":"藤枝市","town":"五平"}],"0071":[{"pref":"静岡県","city":"藤枝市","town":"志太"}],"0035":[{"pref":"静岡県","city":"藤枝市","town":"下青島"}],"0003":[{"pref":"静岡県","city":"藤枝市","town":"下当間"}],"0203":[{"pref":"静岡県","city":"藤枝市","town":"下之郷"}],"0201":[{"pref":"静岡県","city":"藤枝市","town":"下藪田"}],"0021":[{"pref":"静岡県","city":"藤枝市","town":"城南"}],"0073":[{"pref":"静岡県","city":"藤枝市","town":"新南新屋"}],"0065":[{"pref":"静岡県","city":"藤枝市","town":"末広"}],"0085":[{"pref":"静岡県","city":"藤枝市","town":"助宗"}],"0077":[{"pref":"静岡県","city":"藤枝市","town":"駿河台"}],"0063":[{"pref":"静岡県","city":"藤枝市","town":"青南町"}],"0082":[{"pref":"静岡県","city":"藤枝市","town":"瀬古"}],"0075":[{"pref":"静岡県","city":"藤枝市","town":"瀬戸新屋"}],"0131":[{"pref":"静岡県","city":"藤枝市","town":"瀬戸ノ谷"}],"0053":[{"pref":"静岡県","city":"藤枝市","town":"善左衛門"}],"0043":[{"pref":"静岡県","city":"藤枝市","town":"大新島"}],"0055":[{"pref":"静岡県","city":"藤枝市","town":"大西町"}],"0044":[{"pref":"静岡県","city":"藤枝市","town":"大東町"}],"0062":[{"pref":"静岡県","city":"藤枝市","town":"高岡"}],"0046":[{"pref":"静岡県","city":"藤枝市","town":"高洲"}],"0221":[{"pref":"静岡県","city":"藤枝市","town":"高田"}],"0041":[{"pref":"静岡県","city":"藤枝市","town":"高柳"}],"0134":[{"pref":"静岡県","city":"藤枝市","town":"滝沢"}],"0013":[{"pref":"静岡県","city":"藤枝市","town":"立花"}],"0012":[{"pref":"静岡県","city":"藤枝市","town":"田中"}],"0061":[{"pref":"静岡県","city":"藤枝市","town":"田沼"}],"0023":[{"pref":"静岡県","city":"藤枝市","town":"茶町"}],"0057":[{"pref":"静岡県","city":"藤枝市","town":"忠兵衛"}],"0031":[{"pref":"静岡県","city":"藤枝市","town":"築地"}],"0032":[{"pref":"静岡県","city":"藤枝市","town":"築地上"}],"0084":[{"pref":"静岡県","city":"藤枝市","town":"寺島"}],"0019":[{"pref":"静岡県","city":"藤枝市","town":"天王町"}],"0204":[{"pref":"静岡県","city":"藤枝市","town":"時ケ谷"}],"0213":[{"pref":"静岡県","city":"藤枝市","town":"中ノ合"}],"0222":[{"pref":"静岡県","city":"藤枝市","town":"中藪田"}],"0211":[{"pref":"静岡県","city":"藤枝市","town":"西方"}],"0014":[{"pref":"静岡県","city":"藤枝市","town":"若王子"}],"0205":[{"pref":"静岡県","city":"藤枝市","town":"花倉"}],"0086":[{"pref":"静岡県","city":"藤枝市","town":"原"}],"0038":[{"pref":"静岡県","city":"藤枝市","town":"東町"}],"0042":[{"pref":"静岡県","city":"藤枝市","town":"兵太夫"}],"0011":[{"pref":"静岡県","city":"藤枝市","town":"平島"}],"0025":[{"pref":"静岡県","city":"藤枝市","town":"藤枝"}],"0006":[{"pref":"静岡県","city":"藤枝市","town":"藤岡"}],"0088":[{"pref":"静岡県","city":"藤枝市","town":"堀之内"}],"0132":[{"pref":"静岡県","city":"藤枝市","town":"本郷"}],"0018":[{"pref":"静岡県","city":"藤枝市","town":"本町"}],"0067":[{"pref":"静岡県","city":"藤枝市","town":"前島"}],"0029":[{"pref":"静岡県","city":"藤枝市","town":"益津"}],"0028":[{"pref":"静岡県","city":"藤枝市","town":"益津下"}],"0074":[{"pref":"静岡県","city":"藤枝市","town":"水上"}],"0005":[{"pref":"静岡県","city":"藤枝市","town":"水守"}],"0027":[{"pref":"静岡県","city":"藤枝市","town":"緑町"}],"0070":[{"pref":"静岡県","city":"藤枝市","town":"緑の丘"}],"0072":[{"pref":"静岡県","city":"藤枝市","town":"南新屋"}],"0224":[{"pref":"静岡県","city":"藤枝市","town":"南清里"}],"0078":[{"pref":"静岡県","city":"藤枝市","town":"南駿河台"}],"0133":[{"pref":"静岡県","city":"藤枝市","town":"宮原"}],"0083":[{"pref":"静岡県","city":"藤枝市","town":"谷稲葉"}],"0052":[{"pref":"静岡県","city":"藤枝市","town":"弥左衛門"}],"0009":[{"pref":"静岡県","city":"藤枝市","town":"八幡"}],"0002":[{"pref":"静岡県","city":"藤枝市","town":"横内"}],"0047":[{"pref":"静岡県","city":"藤枝市","town":"与左衛門"}]}