{"1101":[{"pref":"大阪府","city":"和泉市","town":"室堂町"}],"1102":[{"pref":"大阪府","city":"和泉市","town":"和田町"}],"1103":[{"pref":"大阪府","city":"和泉市","town":"浦田町"}],"1104":[{"pref":"大阪府","city":"和泉市","town":"万町"}],"1105":[{"pref":"大阪府","city":"和泉市","town":"のぞみ野"}],"1106":[{"pref":"大阪府","city":"和泉市","town":"はつが野"}],"1111":[{"pref":"大阪府","city":"和泉市","town":"光明台"}],"1112":[{"pref":"大阪府","city":"和泉市","town":"三林町"}],"1113":[{"pref":"大阪府","city":"和泉市","town":"黒石町"}],"1114":[{"pref":"大阪府","city":"和泉市","town":"国分町"}],"1115":[{"pref":"大阪府","city":"和泉市","town":"平井町"}],"1116":[{"pref":"大阪府","city":"和泉市","town":"納花町"}],"1117":[{"pref":"大阪府","city":"和泉市","town":"鍛治屋町"}],"1118":[{"pref":"大阪府","city":"和泉市","town":"みずき台"}],"1121":[{"pref":"大阪府","city":"和泉市","town":"下宮町"}],"1122":[{"pref":"大阪府","city":"和泉市","town":"北田中町"}],"1123":[{"pref":"大阪府","city":"和泉市","town":"福瀬町"}],"1124":[{"pref":"大阪府","city":"和泉市","town":"南面利町"}],"1125":[{"pref":"大阪府","city":"和泉市","town":"善正町"}],"1126":[{"pref":"大阪府","city":"和泉市","town":"九鬼町"}],"1127":[{"pref":"大阪府","city":"和泉市","town":"小野田町"}],"1128":[{"pref":"大阪府","city":"和泉市","town":"岡町"}],"1131":[{"pref":"大阪府","city":"和泉市","town":"槇尾山町"}],"1132":[{"pref":"大阪府","city":"和泉市","town":"父鬼町"}],"1133":[{"pref":"大阪府","city":"和泉市","town":"春木川町"}],"1134":[{"pref":"大阪府","city":"和泉市","town":"大野町"}],"1135":[{"pref":"大阪府","city":"和泉市","town":"坪井町"}],"1136":[{"pref":"大阪府","city":"和泉市","town":"仏並町"}],"1141":[{"pref":"大阪府","city":"和泉市","town":"春木町"}],"1142":[{"pref":"大阪府","city":"和泉市","town":"久井町"}],"1143":[{"pref":"大阪府","city":"和泉市","town":"若樫町"}],"1144":[{"pref":"大阪府","city":"和泉市","town":"テクノステージ"}],"1151":[{"pref":"大阪府","city":"和泉市","town":"唐国町"}],"1152":[{"pref":"大阪府","city":"和泉市","town":"まなび野"}],"1153":[{"pref":"大阪府","city":"和泉市","town":"青葉台"}],"1154":[{"pref":"大阪府","city":"和泉市","town":"松尾寺町"}],"1155":[{"pref":"大阪府","city":"和泉市","town":"緑ケ丘"}],"1156":[{"pref":"大阪府","city":"和泉市","town":"内田町"}],"1157":[{"pref":"大阪府","city":"和泉市","town":"あゆみ野"}],"0000":[{"pref":"大阪府","city":"和泉市","town":"以下に掲載がない場合"}],"0053":[{"pref":"大阪府","city":"和泉市","town":"芦部町"}],"0083":[{"pref":"大阪府","city":"和泉市","town":"池上町"}],"0032":[{"pref":"大阪府","city":"和泉市","town":"池田下町"}],"0054":[{"pref":"大阪府","city":"和泉市","town":"一条院町"}],"0072":[{"pref":"大阪府","city":"和泉市","town":"井ノ口町"}],"0041":[{"pref":"大阪府","city":"和泉市","town":"いぶき野"}],"0063":[{"pref":"大阪府","city":"和泉市","town":"今福町"}],"0011":[{"pref":"大阪府","city":"和泉市","town":"上代町"}],"0004":[{"pref":"大阪府","city":"和泉市","town":"王子町"}],"0074":[{"pref":"大阪府","city":"和泉市","town":"小田町"}],"0006":[{"pref":"大阪府","city":"和泉市","town":"尾井町"}],"0012":[{"pref":"大阪府","city":"和泉市","town":"小野町"}],"0002":[{"pref":"大阪府","city":"和泉市","town":"上町"}],"0065":[{"pref":"大阪府","city":"和泉市","town":"観音寺町"}],"0081":[{"pref":"大阪府","city":"和泉市","town":"葛の葉町"}],"0022":[{"pref":"大阪府","city":"和泉市","town":"黒鳥町"}],"0066":[{"pref":"大阪府","city":"和泉市","town":"桑原町"}],"0005":[{"pref":"大阪府","city":"和泉市","town":"幸"}],"0052":[{"pref":"大阪府","city":"和泉市","town":"阪本町"}],"0021":[{"pref":"大阪府","city":"和泉市","town":"山荘町"}],"0003":[{"pref":"大阪府","city":"和泉市","town":"太町"}],"0013":[{"pref":"大阪府","city":"和泉市","town":"鶴山台"}],"0064":[{"pref":"大阪府","city":"和泉市","town":"寺門町"}],"0062":[{"pref":"大阪府","city":"和泉市","town":"寺田町"}],"0082":[{"pref":"大阪府","city":"和泉市","town":"富秋町"}],"0023":[{"pref":"大阪府","city":"和泉市","town":"伯太町"}],"0075":[{"pref":"大阪府","city":"和泉市","town":"繁和町"}],"0051":[{"pref":"大阪府","city":"和泉市","town":"東阪本町"}],"0076":[{"pref":"大阪府","city":"和泉市","town":"肥子町"}],"0031":[{"pref":"大阪府","city":"和泉市","town":"伏屋町"}],"0071":[{"pref":"大阪府","city":"和泉市","town":"府中町"}],"0001":[{"pref":"大阪府","city":"和泉市","town":"舞町"}],"0042":[{"pref":"大阪府","city":"和泉市","town":"箕形町"}],"0061":[{"pref":"大阪府","city":"和泉市","town":"弥生町"}],"0073":[{"pref":"大阪府","city":"和泉市","town":"和気町"}]}