{"0000":[{"pref":"北海道","city":"伊達市","town":"以下に掲載がない場合"}],"0015":[{"pref":"北海道","city":"伊達市","town":"旭町"}],"0025":[{"pref":"北海道","city":"伊達市","town":"網代町"}],"0002":[{"pref":"北海道","city":"伊達市","town":"乾町"}],"0022":[{"pref":"北海道","city":"伊達市","town":"梅本町"}],"0312":[{"pref":"北海道","city":"伊達市","town":"大滝区上野町"}],"0316":[{"pref":"北海道","city":"伊達市","town":"大滝区北湯沢温泉町"}],"0303":[{"pref":"北海道","city":"伊達市","town":"大滝区三階滝町"}],"0315":[{"pref":"北海道","city":"伊達市","town":"大滝区昭園町"}],"0302":[{"pref":"北海道","city":"伊達市","town":"大滝区清陵町"}],"0313":[{"pref":"北海道","city":"伊達市","town":"大滝区大成町"}],"0311":[{"pref":"北海道","city":"伊達市","town":"大滝区本郷町"}],"0301":[{"pref":"北海道","city":"伊達市","town":"大滝区本町"}],"0314":[{"pref":"北海道","city":"伊達市","town":"大滝区円山町"}],"0317":[{"pref":"北海道","city":"伊達市","town":"大滝区優徳町"}],"0027":[{"pref":"北海道","city":"伊達市","town":"大町"}],"0024":[{"pref":"北海道","city":"伊達市","town":"鹿島町"}],"0008":[{"pref":"北海道","city":"伊達市","town":"上館山町"}],"0036":[{"pref":"北海道","city":"伊達市","town":"上長和町"}],"0001":[{"pref":"北海道","city":"伊達市","town":"喜門別町"},{"pref":"北海道","city":"伊達市","town":"志門気町"}],"0005":[{"pref":"北海道","city":"伊達市","town":"清住町"}],"0021":[{"pref":"北海道","city":"伊達市","town":"末永町"}],"0011":[{"pref":"北海道","city":"伊達市","town":"竹原町"}],"0034":[{"pref":"北海道","city":"伊達市","town":"館山下町"}],"0031":[{"pref":"北海道","city":"伊達市","town":"館山町"}],"0035":[{"pref":"北海道","city":"伊達市","town":"長和町"}],"0026":[{"pref":"北海道","city":"伊達市","town":"錦町"}],"0007":[{"pref":"北海道","city":"伊達市","town":"西関内町"}],"0033":[{"pref":"北海道","city":"伊達市","town":"西浜町"}],"0004":[{"pref":"北海道","city":"伊達市","town":"萩原町"}],"0006":[{"pref":"北海道","city":"伊達市","town":"東関内町"}],"0016":[{"pref":"北海道","city":"伊達市","town":"東浜町"}],"0014":[{"pref":"北海道","city":"伊達市","town":"舟岡町"}],"0003":[{"pref":"北海道","city":"伊達市","town":"幌美内町"}],"0012":[{"pref":"北海道","city":"伊達市","town":"松ケ枝町"}],"0023":[{"pref":"北海道","city":"伊達市","town":"元町"}],"0032":[{"pref":"北海道","city":"伊達市","town":"山下町"}],"0013":[{"pref":"北海道","city":"伊達市","town":"弄月町"}],"0100":[{"pref":"北海道","city":"有珠郡壮瞥町","town":"以下に掲載がない場合"}],"0111":[{"pref":"北海道","city":"有珠郡壮瞥町","town":"上久保内"}],"0112":[{"pref":"北海道","city":"有珠郡壮瞥町","town":"久保内"}],"0114":[{"pref":"北海道","city":"有珠郡壮瞥町","town":"幸内"}],"0102":[{"pref":"北海道","city":"有珠郡壮瞥町","town":"昭和新山"}],"0103":[{"pref":"北海道","city":"有珠郡壮瞥町","town":"壮瞥温泉"}],"0101":[{"pref":"北海道","city":"有珠郡壮瞥町","town":"滝之町"}],"0106":[{"pref":"北海道","city":"有珠郡壮瞥町","town":"立香"}],"0107":[{"pref":"北海道","city":"有珠郡壮瞥町","town":"洞爺湖温泉（その他）"}],"0105":[{"pref":"北海道","city":"有珠郡壮瞥町","town":"仲洞爺"}],"0113":[{"pref":"北海道","city":"有珠郡壮瞥町","town":"蟠渓"}],"0104":[{"pref":"北海道","city":"有珠郡壮瞥町","town":"東湖畔"}],"0115":[{"pref":"北海道","city":"有珠郡壮瞥町","town":"弁景"}],"0116":[{"pref":"北海道","city":"有珠郡壮瞥町","town":"南久保内"}]}