{"0000":[{"pref":"広島県","city":"広島市東区","town":"以下に掲載がない場合"}],"0045":[{"pref":"広島県","city":"広島市東区","town":"曙"}],"0054":[{"pref":"広島県","city":"広島市東区","town":"愛宕町"}],"0067":[{"pref":"広島県","city":"広島市東区","town":"牛田旭"}],"0068":[{"pref":"広島県","city":"広島市東区","town":"牛田新町"}],"0065":[{"pref":"広島県","city":"広島市東区","town":"牛田中"}],"0066":[{"pref":"広島県","city":"広島市東区","town":"牛田本町"}],"0062":[{"pref":"広島県","city":"広島市東区","town":"牛田早稲田"}],"0063":[{"pref":"広島県","city":"広島市東区","town":"牛田東"}],"0064":[{"pref":"広島県","city":"広島市東区","town":"牛田南"}],"0061":[{"pref":"広島県","city":"広島市東区","town":"牛田山"}],"0031":[{"pref":"広島県","city":"広島市東区","town":"馬木"}],"0035":[{"pref":"広島県","city":"広島市東区","town":"馬木町"}],"0046":[{"pref":"広島県","city":"広島市東区","town":"尾長東"}],"0047":[{"pref":"広島県","city":"広島市東区","town":"尾長西"}],"0049":[{"pref":"広島県","city":"広島市東区","town":"尾長町"}],"0056":[{"pref":"広島県","city":"広島市東区","town":"上大須賀町"}],"0032":[{"pref":"広島県","city":"広島市東区","town":"上温品"}],"0022":[{"pref":"広島県","city":"広島市東区","town":"中山鏡が丘"}],"0027":[{"pref":"広島県","city":"広島市東区","town":"中山上"}],"0028":[{"pref":"広島県","city":"広島市東区","town":"中山北町"}],"0021":[{"pref":"広島県","city":"広島市東区","town":"中山新町"}],"0026":[{"pref":"広島県","city":"広島市東区","town":"中山中町"}],"0023":[{"pref":"広島県","city":"広島市東区","town":"中山東"}],"0025":[{"pref":"広島県","city":"広島市東区","town":"中山西"}],"0024":[{"pref":"広島県","city":"広島市東区","town":"中山南"}],"0033":[{"pref":"広島県","city":"広島市東区","town":"温品"}],"0034":[{"pref":"広島県","city":"広島市東区","town":"温品町"}],"0051":[{"pref":"広島県","city":"広島市東区","town":"光が丘"}],"0052":[{"pref":"広島県","city":"広島市東区","town":"光町"}],"0055":[{"pref":"広島県","city":"広島市東区","town":"東蟹屋町"}],"0043":[{"pref":"広島県","city":"広島市東区","town":"東山町"}],"0029":[{"pref":"広島県","city":"広島市東区","town":"福田"}],"0036":[{"pref":"広島県","city":"広島市東区","town":"福田町"}],"0057":[{"pref":"広島県","city":"広島市東区","town":"二葉の里"}],"0016":[{"pref":"広島県","city":"広島市東区","town":"戸坂出江"}],"0014":[{"pref":"広島県","city":"広島市東区","town":"戸坂大上"}],"0017":[{"pref":"広島県","city":"広島市東区","town":"戸坂数甲"}],"0008":[{"pref":"広島県","city":"広島市東区","town":"戸坂くるめ木"}],"0007":[{"pref":"広島県","city":"広島市東区","town":"戸坂桜上町"}],"0005":[{"pref":"広島県","city":"広島市東区","town":"戸坂桜東町"}],"0006":[{"pref":"広島県","city":"広島市東区","town":"戸坂桜西町"}],"0015":[{"pref":"広島県","city":"広島市東区","town":"戸坂城山町"}],"0012":[{"pref":"広島県","city":"広島市東区","town":"戸坂新町"}],"0009":[{"pref":"広島県","city":"広島市東区","town":"戸坂千足"}],"0001":[{"pref":"広島県","city":"広島市東区","town":"戸坂惣田"}],"0018":[{"pref":"広島県","city":"広島市東区","town":"戸坂長尾台"}],"0003":[{"pref":"広島県","city":"広島市東区","town":"戸坂中町"}],"0004":[{"pref":"広島県","city":"広島市東区","town":"戸坂山崎町"}],"0002":[{"pref":"広島県","city":"広島市東区","town":"戸坂山根"}],"0013":[{"pref":"広島県","city":"広島市東区","town":"戸坂南"}],"0011":[{"pref":"広島県","city":"広島市東区","town":"戸坂町"}],"0042":[{"pref":"広島県","city":"広島市東区","town":"矢賀"}],"0044":[{"pref":"広島県","city":"広島市東区","town":"矢賀新町"}],"0041":[{"pref":"広島県","city":"広島市東区","town":"矢賀町"}],"0048":[{"pref":"広島県","city":"広島市東区","town":"山根町"}],"0053":[{"pref":"広島県","city":"広島市東区","town":"若草町"}],"0827":[{"pref":"広島県","city":"広島市南区","town":"稲荷町"}],"0823":[{"pref":"広島県","city":"広島市南区","town":"猿猴橋町"}],"0821":[{"pref":"広島県","city":"広島市南区","town":"大須賀町"}],"0802":[{"pref":"広島県","city":"広島市南区","town":"大州"}],"0828":[{"pref":"広島県","city":"広島市南区","town":"京橋町"}],"0825":[{"pref":"広島県","city":"広島市南区","town":"金屋町"}],"0807":[{"pref":"広島県","city":"広島市南区","town":"荒神町"}],"0811":[{"pref":"広島県","city":"広島市南区","town":"段原"}],"0818":[{"pref":"広島県","city":"広島市南区","town":"段原日出"}],"0814":[{"pref":"広島県","city":"広島市南区","town":"段原南"}],"0819":[{"pref":"広島県","city":"広島市南区","town":"段原山崎"}],"0804":[{"pref":"広島県","city":"広島市南区","town":"西蟹屋"}],"0806":[{"pref":"広島県","city":"広島市南区","town":"西荒神町"}],"0801":[{"pref":"広島県","city":"広島市南区","town":"東駅町"}],"0805":[{"pref":"広島県","city":"広島市南区","town":"東荒神町"}],"0815":[{"pref":"広島県","city":"広島市南区","town":"比治山公園"}],"0816":[{"pref":"広島県","city":"広島市南区","town":"比治山本町"}],"0817":[{"pref":"広島県","city":"広島市南区","town":"比治山町"}],"0826":[{"pref":"広島県","city":"広島市南区","town":"松川町"}],"0822":[{"pref":"広島県","city":"広島市南区","town":"松原町"}],"0824":[{"pref":"広島県","city":"広島市南区","town":"的場町"}],"0803":[{"pref":"広島県","city":"広島市南区","town":"南蟹屋"}]}