{"0000":[{"pref":"神奈川県","city":"横須賀市","town":"以下に掲載がない場合"}],"0033":[{"pref":"神奈川県","city":"横須賀市","town":"阿部倉"}],"0048":[{"pref":"神奈川県","city":"横須賀市","town":"安針台"}],"0035":[{"pref":"神奈川県","city":"横須賀市","town":"池上"}],"0003":[{"pref":"神奈川県","city":"横須賀市","town":"稲岡町"}],"0051":[{"pref":"神奈川県","city":"横須賀市","town":"不入斗町"}],"0017":[{"pref":"神奈川県","city":"横須賀市","town":"上町"}],"0311":[{"pref":"神奈川県","city":"横須賀市","town":"太田和"}],"0008":[{"pref":"神奈川県","city":"横須賀市","town":"大滝町"}],"0024":[{"pref":"神奈川県","city":"横須賀市","town":"大矢部"}],"0004":[{"pref":"神奈川県","city":"横須賀市","town":"小川町"}],"0034":[{"pref":"神奈川県","city":"横須賀市","town":"金谷"}],"0031":[{"pref":"神奈川県","city":"横須賀市","town":"衣笠栄町"}],"0025":[{"pref":"神奈川県","city":"横須賀市","town":"衣笠町"}],"0022":[{"pref":"神奈川県","city":"横須賀市","town":"公郷町"}],"0002":[{"pref":"神奈川県","city":"横須賀市","town":"楠ケ浦町"}],"0026":[{"pref":"神奈川県","city":"横須賀市","town":"小矢部"}],"0043":[{"pref":"神奈川県","city":"横須賀市","town":"坂本町"}],"0052":[{"pref":"神奈川県","city":"横須賀市","town":"佐野町"}],"0019":[{"pref":"神奈川県","city":"横須賀市","town":"猿島"}],"0042":[{"pref":"神奈川県","city":"横須賀市","town":"汐入町"}],"0054":[{"pref":"神奈川県","city":"横須賀市","town":"汐見台"}],"0005":[{"pref":"神奈川県","city":"横須賀市","town":"新港町"}],"0314":[{"pref":"神奈川県","city":"横須賀市","town":"須軽谷"}],"0313":[{"pref":"神奈川県","city":"横須賀市","town":"武"}],"0015":[{"pref":"神奈川県","city":"横須賀市","town":"田戸台"}],"0056":[{"pref":"神奈川県","city":"横須賀市","town":"鶴が丘"}],"0001":[{"pref":"神奈川県","city":"横須賀市","town":"泊町"}],"0316":[{"pref":"神奈川県","city":"横須賀市","town":"長井"}],"0046":[{"pref":"神奈川県","city":"横須賀市","town":"西逸見町"}],"0315":[{"pref":"神奈川県","city":"横須賀市","town":"林"}],"0045":[{"pref":"神奈川県","city":"横須賀市","town":"東逸見町"}],"0006":[{"pref":"神奈川県","city":"横須賀市","town":"日の出町"}],"0032":[{"pref":"神奈川県","city":"横須賀市","town":"平作"}],"0016":[{"pref":"神奈川県","city":"横須賀市","town":"深田台"}],"0021":[{"pref":"神奈川県","city":"横須賀市","town":"富士見町"}],"0013":[{"pref":"神奈川県","city":"横須賀市","town":"平成町"}],"0055":[{"pref":"神奈川県","city":"横須賀市","town":"平和台"}],"0044":[{"pref":"神奈川県","city":"横須賀市","town":"逸見が丘"}],"0053":[{"pref":"神奈川県","city":"横須賀市","town":"望洋台"}],"0041":[{"pref":"神奈川県","city":"横須賀市","town":"本町"}],"0018":[{"pref":"神奈川県","city":"横須賀市","town":"緑が丘"}],"0014":[{"pref":"神奈川県","city":"横須賀市","town":"三春町"}],"0317":[{"pref":"神奈川県","city":"横須賀市","town":"御幸浜"}],"0023":[{"pref":"神奈川県","city":"横須賀市","town":"森崎"}],"0012":[{"pref":"神奈川県","city":"横須賀市","town":"安浦町"}],"0312":[{"pref":"神奈川県","city":"横須賀市","town":"山科台"}],"0036":[{"pref":"神奈川県","city":"横須賀市","town":"山中町"}],"0047":[{"pref":"神奈川県","city":"横須賀市","town":"吉倉町"}],"0011":[{"pref":"神奈川県","city":"横須賀市","town":"米が浜通"}],"0007":[{"pref":"神奈川県","city":"横須賀市","town":"若松町"}],"0200":[{"pref":"神奈川県","city":"三浦市","town":"以下に掲載がない場合"}],"0246":[{"pref":"神奈川県","city":"三浦市","town":"尾上町"}],"0245":[{"pref":"神奈川県","city":"三浦市","town":"海外町"}],"0222":[{"pref":"神奈川県","city":"三浦市","town":"岬陽町"}],"0236":[{"pref":"神奈川県","city":"三浦市","town":"栄町"}],"0244":[{"pref":"神奈川県","city":"三浦市","town":"白石町"}],"0235":[{"pref":"神奈川県","city":"三浦市","town":"城山町"}],"0234":[{"pref":"神奈川県","city":"三浦市","town":"諏訪町"}],"0241":[{"pref":"神奈川県","city":"三浦市","town":"天神町"}],"0113":[{"pref":"神奈川県","city":"三浦市","town":"初声町入江"}],"0115":[{"pref":"神奈川県","city":"三浦市","town":"初声町高円坊"}],"0111":[{"pref":"神奈川県","city":"三浦市","town":"初声町下宮田"}],"0112":[{"pref":"神奈川県","city":"三浦市","town":"初声町三戸"}],"0114":[{"pref":"神奈川県","city":"三浦市","town":"初声町和田"}],"0223":[{"pref":"神奈川県","city":"三浦市","town":"原町"}],"0232":[{"pref":"神奈川県","city":"三浦市","town":"晴海町"}],"0242":[{"pref":"神奈川県","city":"三浦市","town":"東岡町"}],"0243":[{"pref":"神奈川県","city":"三浦市","town":"三崎"}],"0225":[{"pref":"神奈川県","city":"三浦市","town":"三崎町小網代"}],"0237":[{"pref":"神奈川県","city":"三浦市","town":"三崎町城ケ島"}],"0221":[{"pref":"神奈川県","city":"三浦市","town":"三崎町六合"}],"0224":[{"pref":"神奈川県","city":"三浦市","town":"三崎町諸磯"}],"0103":[{"pref":"神奈川県","city":"三浦市","town":"南下浦町金田"}],"0101":[{"pref":"神奈川県","city":"三浦市","town":"南下浦町上宮田"}],"0102":[{"pref":"神奈川県","city":"三浦市","town":"南下浦町菊名"}],"0105":[{"pref":"神奈川県","city":"三浦市","town":"南下浦町毘沙門"}],"0104":[{"pref":"神奈川県","city":"三浦市","town":"南下浦町松輪"}],"0231":[{"pref":"神奈川県","city":"三浦市","town":"宮川町"}],"0233":[{"pref":"神奈川県","city":"三浦市","town":"向ケ崎町"}]}