{"1101":[{"pref":"新潟県","city":"長岡市","town":"沢田"}],"1102":[{"pref":"新潟県","city":"長岡市","town":"東宮内町"}],"1103":[{"pref":"新潟県","city":"長岡市","town":"曲新町"}],"1104":[{"pref":"新潟県","city":"長岡市","town":"摂田屋町"}],"1105":[{"pref":"新潟県","city":"長岡市","town":"摂田屋"}],"1106":[{"pref":"新潟県","city":"長岡市","town":"宮内"}],"1111":[{"pref":"新潟県","city":"長岡市","town":"町田町"}],"1112":[{"pref":"新潟県","city":"長岡市","town":"青木町"}],"1113":[{"pref":"新潟県","city":"長岡市","town":"鷺巣町"}],"1114":[{"pref":"新潟県","city":"長岡市","town":"釜沢町"}],"1115":[{"pref":"新潟県","city":"長岡市","town":"村松町"}],"1116":[{"pref":"新潟県","city":"長岡市","town":"竹町"}],"1117":[{"pref":"新潟県","city":"長岡市","town":"横枕町"}],"1121":[{"pref":"新潟県","city":"長岡市","town":"濁沢町"}],"1122":[{"pref":"新潟県","city":"長岡市","town":"蓬平町"}],"1123":[{"pref":"新潟県","city":"長岡市","town":"竹之高地町"}],"1131":[{"pref":"新潟県","city":"長岡市","town":"十日町"}],"1132":[{"pref":"新潟県","city":"長岡市","town":"渡沢町"}],"1133":[{"pref":"新潟県","city":"長岡市","town":"六日市町"}],"1134":[{"pref":"新潟県","city":"長岡市","town":"妙見町"}],"1135":[{"pref":"新潟県","city":"長岡市","town":"中潟町"}],"1136":[{"pref":"新潟県","city":"長岡市","town":"三俵野町"}],"1137":[{"pref":"新潟県","city":"長岡市","town":"大川原町"}],"1138":[{"pref":"新潟県","city":"長岡市","town":"滝谷町"}],"1139":[{"pref":"新潟県","city":"長岡市","town":"高島町"}],"1140":[{"pref":"新潟県","city":"長岡市","town":"上前島"}],"1141":[{"pref":"新潟県","city":"長岡市","town":"定明町"}],"1142":[{"pref":"新潟県","city":"長岡市","town":"豊詰町"}],"1143":[{"pref":"新潟県","city":"長岡市","town":"片田町"}],"1144":[{"pref":"新潟県","city":"長岡市","town":"上前島町"}],"1145":[{"pref":"新潟県","city":"長岡市","town":"青島町"}],"1146":[{"pref":"新潟県","city":"長岡市","town":"下条町"}],"1147":[{"pref":"新潟県","city":"長岡市","town":"前島町"}],"1148":[{"pref":"新潟県","city":"長岡市","town":"青山町"}],"1149":[{"pref":"新潟県","city":"長岡市","town":"青山新町"}],"1151":[{"pref":"新潟県","city":"長岡市","town":"三和"}],"1152":[{"pref":"新潟県","city":"長岡市","town":"三和町"}],"1153":[{"pref":"新潟県","city":"長岡市","town":"要町"}],"1154":[{"pref":"新潟県","city":"長岡市","town":"宮栄"}],"1155":[{"pref":"新潟県","city":"長岡市","town":"宮内町"}],"1161":[{"pref":"新潟県","city":"長岡市","town":"左近"},{"pref":"新潟県","city":"長岡市","town":"左近町"}],"1162":[{"pref":"新潟県","city":"長岡市","town":"西宮内"}],"1163":[{"pref":"新潟県","city":"長岡市","town":"平島"},{"pref":"新潟県","city":"長岡市","town":"平島町"}],"1164":[{"pref":"新潟県","city":"長岡市","town":"南陽"}],"1165":[{"pref":"新潟県","city":"長岡市","town":"水梨町"}],"1166":[{"pref":"新潟県","city":"長岡市","town":"今井"}],"1167":[{"pref":"新潟県","city":"長岡市","town":"大宮町"}],"1171":[{"pref":"新潟県","city":"長岡市","town":"岩野（仲島）"}],"1172":[{"pref":"新潟県","city":"長岡市","town":"釜ケ島（土手畑・藤場）"}],"2001":[{"pref":"新潟県","city":"長岡市","town":"槇下町"}],"2002":[{"pref":"新潟県","city":"長岡市","town":"槇山町"}],"2003":[{"pref":"新潟県","city":"長岡市","town":"渡場町"}],"2004":[{"pref":"新潟県","city":"長岡市","town":"上野町"}],"2005":[{"pref":"新潟県","city":"長岡市","town":"巻島"}],"2011":[{"pref":"新潟県","city":"長岡市","town":"藤沢"}],"2012":[{"pref":"新潟県","city":"長岡市","town":"荻野"}],"2013":[{"pref":"新潟県","city":"長岡市","town":"下柳"}],"2014":[{"pref":"新潟県","city":"長岡市","town":"堤町"}],"2015":[{"pref":"新潟県","city":"長岡市","town":"江陽"}],"2021":[{"pref":"新潟県","city":"長岡市","town":"宮関"}],"2022":[{"pref":"新潟県","city":"長岡市","town":"鉄工町"}],"2023":[{"pref":"新潟県","city":"長岡市","town":"蓮潟"}],"2024":[{"pref":"新潟県","city":"長岡市","town":"堺町"}],"2025":[{"pref":"新潟県","city":"長岡市","town":"高瀬町"}],"2026":[{"pref":"新潟県","city":"長岡市","town":"堺東町"}],"2031":[{"pref":"新潟県","city":"長岡市","town":"宝地町"}],"2032":[{"pref":"新潟県","city":"長岡市","town":"石動町"}],"2033":[{"pref":"新潟県","city":"長岡市","town":"上除町"}],"2034":[{"pref":"新潟県","city":"長岡市","town":"上除町西"}],"2035":[{"pref":"新潟県","city":"長岡市","town":"関原町"}],"2036":[{"pref":"新潟県","city":"長岡市","town":"五反田町"}],"2037":[{"pref":"新潟県","city":"長岡市","town":"関原西町"}],"2038":[{"pref":"新潟県","city":"長岡市","town":"関原東町"}],"2039":[{"pref":"新潟県","city":"長岡市","town":"関原南"}],"2041":[{"pref":"新潟県","city":"長岡市","town":"白鳥町"}],"2042":[{"pref":"新潟県","city":"長岡市","town":"宮本町"}],"2043":[{"pref":"新潟県","city":"長岡市","town":"宮本東方町"}],"2044":[{"pref":"新潟県","city":"長岡市","town":"宮本堀之内町"}],"2045":[{"pref":"新潟県","city":"長岡市","town":"西陵町"}],"2046":[{"pref":"新潟県","city":"長岡市","town":"雲出町"}],"2051":[{"pref":"新潟県","city":"長岡市","town":"高野町"}],"2052":[{"pref":"新潟県","city":"長岡市","town":"福戸町"}],"2053":[{"pref":"新潟県","city":"長岡市","town":"福道町"}],"2054":[{"pref":"新潟県","city":"長岡市","town":"南新保町"}],"2055":[{"pref":"新潟県","city":"長岡市","town":"雨池町"}],"2056":[{"pref":"新潟県","city":"長岡市","town":"王番田町"}],"2057":[{"pref":"新潟県","city":"長岡市","town":"寺宝町"}],"2058":[{"pref":"新潟県","city":"長岡市","town":"河根川町"}],"2059":[{"pref":"新潟県","city":"長岡市","town":"大荒戸町"}],"2101":[{"pref":"新潟県","city":"長岡市","town":"寺島町"}],"2102":[{"pref":"新潟県","city":"長岡市","town":"小沢町"}],"2103":[{"pref":"新潟県","city":"長岡市","town":"古正寺町"}],"2104":[{"pref":"新潟県","city":"長岡市","town":"大島新町"}],"2105":[{"pref":"新潟県","city":"長岡市","town":"緑町"}],"2106":[{"pref":"新潟県","city":"長岡市","town":"古正寺"}],"2108":[{"pref":"新潟県","city":"長岡市","town":"千秋"}],"2111":[{"pref":"新潟県","city":"長岡市","town":"三ツ郷屋"}],"2112":[{"pref":"新潟県","city":"長岡市","town":"大島本町"}],"2113":[{"pref":"新潟県","city":"長岡市","town":"大山"}],"2114":[{"pref":"新潟県","city":"長岡市","town":"北山"}],"2115":[{"pref":"新潟県","city":"長岡市","town":"下山"}],"2116":[{"pref":"新潟県","city":"長岡市","town":"南七日町"}],"2117":[{"pref":"新潟県","city":"長岡市","town":"石動南町"}],"2121":[{"pref":"新潟県","city":"長岡市","town":"喜多町"}],"2122":[{"pref":"新潟県","city":"長岡市","town":"福山町"}],"2123":[{"pref":"新潟県","city":"長岡市","town":"七日町"}],"2124":[{"pref":"新潟県","city":"長岡市","town":"希望が丘"}],"2125":[{"pref":"新潟県","city":"長岡市","town":"希望が丘南"}],"2126":[{"pref":"新潟県","city":"長岡市","town":"西津町"}],"2127":[{"pref":"新潟県","city":"長岡市","town":"新産"}],"2128":[{"pref":"新潟県","city":"長岡市","town":"新産東町"}],"2131":[{"pref":"新潟県","city":"長岡市","town":"才津東町"}],"2132":[{"pref":"新潟県","city":"長岡市","town":"才津南町"}],"2133":[{"pref":"新潟県","city":"長岡市","town":"才津西町"}],"2134":[{"pref":"新潟県","city":"長岡市","town":"親沢町"}],"2135":[{"pref":"新潟県","city":"長岡市","town":"深沢町"}],"2136":[{"pref":"新潟県","city":"長岡市","town":"上富岡"}],"2137":[{"pref":"新潟県","city":"長岡市","town":"上富岡町"}],"2138":[{"pref":"新潟県","city":"長岡市","town":"日越"}],"2141":[{"pref":"新潟県","city":"長岡市","town":"藤橋"}],"2142":[{"pref":"新潟県","city":"長岡市","town":"長峰町"}],"2143":[{"pref":"新潟県","city":"長岡市","town":"高寺町"}],"2144":[{"pref":"新潟県","city":"長岡市","town":"高頭町"}],"2145":[{"pref":"新潟県","city":"長岡市","town":"青葉台"}],"2146":[{"pref":"新潟県","city":"長岡市","town":"大積町"}],"2147":[{"pref":"新潟県","city":"長岡市","town":"新陽"}],"2148":[{"pref":"新潟県","city":"長岡市","town":"陽光台"}],"2151":[{"pref":"新潟県","city":"長岡市","town":"大積灰下町"}],"2152":[{"pref":"新潟県","city":"長岡市","town":"大積高鳥町"}],"2153":[{"pref":"新潟県","city":"長岡市","town":"大積千本町"}],"2154":[{"pref":"新潟県","city":"長岡市","town":"大積田代町"}],"2155":[{"pref":"新潟県","city":"長岡市","town":"大積熊上町"}],"2156":[{"pref":"新潟県","city":"長岡市","town":"大積折渡町"}],"2157":[{"pref":"新潟県","city":"長岡市","town":"大積三島谷町"}],"2158":[{"pref":"新潟県","city":"長岡市","town":"大積善間町"}],"2301":[{"pref":"新潟県","city":"長岡市","town":"宮沢"}],"2302":[{"pref":"新潟県","city":"長岡市","town":"藤川"}],"2303":[{"pref":"新潟県","city":"長岡市","town":"瓜生"}],"2304":[{"pref":"新潟県","city":"長岡市","town":"下河根川"}],"2305":[{"pref":"新潟県","city":"長岡市","town":"大野"}],"2306":[{"pref":"新潟県","city":"長岡市","town":"脇野町"}],"2311":[{"pref":"新潟県","city":"長岡市","town":"三島新保"}],"2312":[{"pref":"新潟県","city":"長岡市","town":"三島中条"}],"2313":[{"pref":"新潟県","city":"長岡市","town":"吉崎"}],"2314":[{"pref":"新潟県","city":"長岡市","town":"上岩井"}],"2315":[{"pref":"新潟県","city":"長岡市","town":"七日市"}],"2316":[{"pref":"新潟県","city":"長岡市","town":"鳥越"}],"2321":[{"pref":"新潟県","city":"長岡市","town":"逆谷"}],"2322":[{"pref":"新潟県","city":"長岡市","town":"気比宮"}],"2323":[{"pref":"新潟県","city":"長岡市","town":"三島上条"}],"2324":[{"pref":"新潟県","city":"長岡市","town":"中永"}],"2325":[{"pref":"新潟県","city":"長岡市","town":"蓮花寺"}],"2401":[{"pref":"新潟県","city":"長岡市","town":"与板町東与板"}],"2402":[{"pref":"新潟県","city":"長岡市","town":"与板町与板"}],"2403":[{"pref":"新潟県","city":"長岡市","town":"与板町本与板"}],"2404":[{"pref":"新潟県","city":"長岡市","town":"与板町馬越"}],"2405":[{"pref":"新潟県","city":"長岡市","town":"与板町岩方"}],"2406":[{"pref":"新潟県","city":"長岡市","town":"与板町江西"}],"2407":[{"pref":"新潟県","city":"長岡市","town":"与板町城山"}],"2411":[{"pref":"新潟県","city":"長岡市","town":"与板町蔦都"}],"2412":[{"pref":"新潟県","city":"長岡市","town":"与板町広野"}],"2413":[{"pref":"新潟県","city":"長岡市","town":"与板町吉津"}],"2414":[{"pref":"新潟県","city":"長岡市","town":"与板町中田"}],"2415":[{"pref":"新潟県","city":"長岡市","town":"与板町南中"}],"2416":[{"pref":"新潟県","city":"長岡市","town":"与板町槇原"}],"2417":[{"pref":"新潟県","city":"長岡市","town":"与板町山沢"}],"2461":[{"pref":"新潟県","city":"長岡市","town":"脇川新田町（その他）"}],"2462":[{"pref":"新潟県","city":"長岡市","town":"李崎町"}],"2463":[{"pref":"新潟県","city":"長岡市","town":"川袋町"}],"2464":[{"pref":"新潟県","city":"長岡市","town":"新開町"}],"2465":[{"pref":"新潟県","city":"長岡市","town":"成沢町"}],"2471":[{"pref":"新潟県","city":"長岡市","town":"上柳町"}],"2472":[{"pref":"新潟県","city":"長岡市","town":"三之宮町"}],"2473":[{"pref":"新潟県","city":"長岡市","town":"芹川町"}],"2474":[{"pref":"新潟県","city":"長岡市","town":"雁島町"}],"2475":[{"pref":"新潟県","city":"長岡市","town":"花井町"}],"2501":[{"pref":"新潟県","city":"長岡市","town":"寺泊野積"}],"2502":[{"pref":"新潟県","city":"長岡市","town":"寺泊"}],"2503":[{"pref":"新潟県","city":"長岡市","town":"寺泊大地"}],"2504":[{"pref":"新潟県","city":"長岡市","town":"寺泊弁才天"}],"2505":[{"pref":"新潟県","city":"長岡市","town":"寺泊本弁"}],"2506":[{"pref":"新潟県","city":"長岡市","town":"寺泊本山"}],"2507":[{"pref":"新潟県","city":"長岡市","town":"寺泊吉"}],"2508":[{"pref":"新潟県","city":"長岡市","town":"寺泊引岡"}],"2511":[{"pref":"新潟県","city":"長岡市","town":"寺泊円上寺"}],"2512":[{"pref":"新潟県","city":"長岡市","town":"寺泊京ケ入"}],"2513":[{"pref":"新潟県","city":"長岡市","town":"寺泊当新田"}],"2514":[{"pref":"新潟県","city":"長岡市","town":"寺泊蛇塚"}],"2515":[{"pref":"新潟県","city":"長岡市","town":"寺泊中曽根"}],"2516":[{"pref":"新潟県","city":"長岡市","town":"寺泊下曽根"}],"2517":[{"pref":"新潟県","city":"長岡市","town":"寺泊川崎"}],"2518":[{"pref":"新潟県","city":"長岡市","town":"寺泊戸崎"}],"2521":[{"pref":"新潟県","city":"長岡市","town":"寺泊年友"}],"2522":[{"pref":"新潟県","city":"長岡市","town":"寺泊夏戸"}],"2523":[{"pref":"新潟県","city":"長岡市","town":"寺泊田頭"}],"2524":[{"pref":"新潟県","city":"長岡市","town":"寺泊松田"}],"2525":[{"pref":"新潟県","city":"長岡市","town":"寺泊明ケ谷"}],"2526":[{"pref":"新潟県","city":"長岡市","town":"寺泊山田"}],"2527":[{"pref":"新潟県","city":"長岡市","town":"寺泊志戸橋"}],"2528":[{"pref":"新潟県","city":"長岡市","town":"寺泊郷本"}],"2529":[{"pref":"新潟県","city":"長岡市","town":"寺泊大和田"}],"0000":[{"pref":"新潟県","city":"長岡市","town":"以下に掲載がない場合"}],"0147":[{"pref":"新潟県","city":"長岡市","town":"赤谷"}],"0105":[{"pref":"新潟県","city":"長岡市","town":"明戸"}],"0832":[{"pref":"新潟県","city":"長岡市","town":"曙"}],"0840":[{"pref":"新潟県","city":"長岡市","town":"旭岡"}],"0063":[{"pref":"新潟県","city":"長岡市","town":"旭町"}],"0224":[{"pref":"新潟県","city":"長岡市","town":"東町"}],"0806":[{"pref":"新潟県","city":"長岡市","town":"麻生田町"}],"0036":[{"pref":"新潟県","city":"長岡市","town":"愛宕"}],"0232":[{"pref":"新潟県","city":"長岡市","town":"天下島"}],"0023":[{"pref":"新潟県","city":"長岡市","town":"新町"}],"0026":[{"pref":"新潟県","city":"長岡市","town":"石内"}],"0025":[{"pref":"新潟県","city":"長岡市","town":"泉"}],"0242":[{"pref":"新潟県","city":"長岡市","town":"一之貝"}],"0872":[{"pref":"新潟県","city":"長岡市","town":"稲葉町"}],"0877":[{"pref":"新潟県","city":"長岡市","town":"稲保"}],"0878":[{"pref":"新潟県","city":"長岡市","town":"稲保南"}],"0143":[{"pref":"新潟県","city":"長岡市","town":"入塩川"}],"0074":[{"pref":"新潟県","city":"長岡市","town":"上田町"}],"0237":[{"pref":"新潟県","city":"長岡市","town":"上の原町"}],"0123":[{"pref":"新潟県","city":"長岡市","town":"梅野俣"}],"0805":[{"pref":"新潟県","city":"長岡市","town":"浦瀬町"}],"0148":[{"pref":"新潟県","city":"長岡市","town":"大川戸"}],"0062":[{"pref":"新潟県","city":"長岡市","town":"大手通"}],"0844":[{"pref":"新潟県","city":"長岡市","town":"大町"}],"0857":[{"pref":"新潟県","city":"長岡市","town":"沖田"}],"0812":[{"pref":"新潟県","city":"長岡市","town":"乙吉町"}],"0071":[{"pref":"新潟県","city":"長岡市","town":"表町"}],"0828":[{"pref":"新潟県","city":"長岡市","town":"御山町"}],"0822":[{"pref":"新潟県","city":"長岡市","town":"柿町"}],"0088":[{"pref":"新潟県","city":"長岡市","town":"柏町"}],"0096":[{"pref":"新潟県","city":"長岡市","town":"春日"}],"0041":[{"pref":"新潟県","city":"長岡市","town":"学校町"}],"0803":[{"pref":"新潟県","city":"長岡市","town":"加津保町"}],"0802":[{"pref":"新潟県","city":"長岡市","town":"桂町"}],"0135":[{"pref":"新潟県","city":"長岡市","town":"金沢"}],"0045":[{"pref":"新潟県","city":"長岡市","town":"金房"}],"0221":[{"pref":"新潟県","city":"長岡市","town":"金町"}],"0116":[{"pref":"新潟県","city":"長岡市","town":"上樫出"}],"0128":[{"pref":"新潟県","city":"長岡市","town":"上塩"}],"0884":[{"pref":"新潟県","city":"長岡市","town":"亀貝町"}],"0801":[{"pref":"新潟県","city":"長岡市","town":"亀崎町"}],"0201":[{"pref":"新潟県","city":"長岡市","town":"鴉ケ島"}],"0243":[{"pref":"新潟県","city":"長岡市","town":"軽井沢"}],"0864":[{"pref":"新潟県","city":"長岡市","town":"川崎"}],"0861":[{"pref":"新潟県","city":"長岡市","town":"川崎町"}],"0813":[{"pref":"新潟県","city":"長岡市","town":"川中"}],"0001":[{"pref":"新潟県","city":"長岡市","town":"川辺町"}],"0153":[{"pref":"新潟県","city":"長岡市","town":"寒沢"}],"0052":[{"pref":"新潟県","city":"長岡市","town":"神田町"}],"0067":[{"pref":"新潟県","city":"長岡市","town":"関東町"}],"0014":[{"pref":"新潟県","city":"長岡市","town":"北園町"}],"0241":[{"pref":"新潟県","city":"長岡市","town":"北荷頃"}],"0254":[{"pref":"新潟県","city":"長岡市","town":"木山沢"}],"0121":[{"pref":"新潟県","city":"長岡市","town":"九川"}],"0085":[{"pref":"新潟県","city":"長岡市","town":"草生津"}],"0113":[{"pref":"新潟県","city":"長岡市","town":"熊袋"}],"0155":[{"pref":"新潟県","city":"長岡市","town":"栗山沢"}],"0007":[{"pref":"新潟県","city":"長岡市","town":"黒津町"}],"0054":[{"pref":"新潟県","city":"長岡市","town":"稽古町"}],"0033":[{"pref":"新潟県","city":"長岡市","town":"今朝白"}],"0883":[{"pref":"新潟県","city":"長岡市","town":"小曽根町"}],"0211":[{"pref":"新潟県","city":"長岡市","town":"小貫"}],"0038":[{"pref":"新潟県","city":"長岡市","town":"琴平"}],"0015":[{"pref":"新潟県","city":"長岡市","town":"寿"}],"0056":[{"pref":"新潟県","city":"長岡市","town":"呉服町"}],"0146":[{"pref":"新潟県","city":"長岡市","town":"小向"}],"0084":[{"pref":"新潟県","city":"長岡市","town":"幸町"}],"0028":[{"pref":"新潟県","city":"長岡市","town":"蔵王"}],"0205":[{"pref":"新潟県","city":"長岡市","town":"栄町"}],"0065":[{"pref":"新潟県","city":"長岡市","town":"坂之上町"}],"0833":[{"pref":"新潟県","city":"長岡市","town":"笹崎"}],"0129":[{"pref":"新潟県","city":"長岡市","town":"塩新町"}],"0122":[{"pref":"新潟県","city":"長岡市","town":"塩中"}],"0031":[{"pref":"新潟県","city":"長岡市","town":"地蔵"}],"0894":[{"pref":"新潟県","city":"長岡市","town":"七軒町"}],"0098":[{"pref":"新潟県","city":"長岡市","town":"信濃"}],"0115":[{"pref":"新潟県","city":"長岡市","town":"下樫出"}],"0012":[{"pref":"新潟県","city":"長岡市","town":"下々条"}],"0011":[{"pref":"新潟県","city":"長岡市","town":"下々条町"}],"0111":[{"pref":"新潟県","city":"長岡市","town":"下塩"}],"0002":[{"pref":"新潟県","city":"長岡市","town":"十二潟町"}],"0021":[{"pref":"新潟県","city":"長岡市","town":"城岡"}],"0814":[{"pref":"新潟県","city":"長岡市","town":"成願寺町"}],"0831":[{"pref":"新潟県","city":"長岡市","town":"上条町"}],"0061":[{"pref":"新潟県","city":"長岡市","town":"城内町"}],"0092":[{"pref":"新潟県","city":"長岡市","town":"昭和"}],"0046":[{"pref":"新潟県","city":"長岡市","town":"四郎丸"}],"0865":[{"pref":"新潟県","city":"長岡市","town":"四郎丸町"}],"0897":[{"pref":"新潟県","city":"長岡市","town":"新組町"}],"0898":[{"pref":"新潟県","city":"長岡市","town":"新組南町"}],"0204":[{"pref":"新潟県","city":"長岡市","town":"新栄町"}],"0093":[{"pref":"新潟県","city":"長岡市","town":"水道町"}],"0834":[{"pref":"新潟県","city":"長岡市","town":"末広"}],"0144":[{"pref":"新潟県","city":"長岡市","town":"菅畑"}],"0044":[{"pref":"新潟県","city":"長岡市","town":"住吉"}],"0821":[{"pref":"新潟県","city":"長岡市","town":"栖吉町"}],"0082":[{"pref":"新潟県","city":"長岡市","town":"千歳"}],"0087":[{"pref":"新潟県","city":"長岡市","town":"千手"}],"0895":[{"pref":"新潟県","city":"長岡市","town":"大黒町"}],"0048":[{"pref":"新潟県","city":"長岡市","town":"台町"}],"0137":[{"pref":"新潟県","city":"長岡市","town":"平"}],"0825":[{"pref":"新潟県","city":"長岡市","town":"高畑町"}],"0824":[{"pref":"新潟県","city":"長岡市","town":"高町"}],"0003":[{"pref":"新潟県","city":"長岡市","town":"高見"}],"0004":[{"pref":"新潟県","city":"長岡市","town":"高見町"}],"0016":[{"pref":"新潟県","city":"長岡市","town":"宝"}],"0127":[{"pref":"新潟県","city":"長岡市","town":"滝之口"}],"0226":[{"pref":"新潟県","city":"長岡市","town":"滝の下町"}],"0251":[{"pref":"新潟県","city":"長岡市","town":"田之口"}],"0222":[{"pref":"新潟県","city":"長岡市","town":"中央公園"}],"0819":[{"pref":"新潟県","city":"長岡市","town":"千代栄町"}],"0212":[{"pref":"新潟県","city":"長岡市","town":"土ケ谷"}],"0008":[{"pref":"新潟県","city":"長岡市","town":"天神町"}],"0043":[{"pref":"新潟県","city":"長岡市","town":"土合"}],"0847":[{"pref":"新潟県","city":"長岡市","town":"土合町"}],"0231":[{"pref":"新潟県","city":"長岡市","town":"栃尾旭町"}],"0216":[{"pref":"新潟県","city":"長岡市","town":"栃尾新町"}],"0234":[{"pref":"新潟県","city":"長岡市","town":"栃尾泉"}],"0202":[{"pref":"新潟県","city":"長岡市","town":"栃尾岩野外新田"}],"0235":[{"pref":"新潟県","city":"長岡市","town":"栃尾大野"}],"0236":[{"pref":"新潟県","city":"長岡市","town":"栃尾大野町"}],"0217":[{"pref":"新潟県","city":"長岡市","town":"栃尾大町"}],"0218":[{"pref":"新潟県","city":"長岡市","town":"栃尾表町"}],"0141":[{"pref":"新潟県","city":"長岡市","town":"栃尾島田"}],"0132":[{"pref":"新潟県","city":"長岡市","town":"栃尾原"}],"0134":[{"pref":"新潟県","city":"長岡市","town":"栃尾原町"}],"0223":[{"pref":"新潟県","city":"長岡市","town":"栃尾本町"}],"0233":[{"pref":"新潟県","city":"長岡市","town":"栃尾宮沢"}],"0214":[{"pref":"新潟県","city":"長岡市","town":"栃尾山田"}],"0213":[{"pref":"新潟県","city":"長岡市","town":"栃尾山田町"}],"0215":[{"pref":"新潟県","city":"長岡市","town":"栃尾町"}],"0149":[{"pref":"新潟県","city":"長岡市","town":"栃倉"}],"0145":[{"pref":"新潟県","city":"長岡市","town":"栃堀"}],"0064":[{"pref":"新潟県","city":"長岡市","town":"殿町"}],"0881":[{"pref":"新潟県","city":"長岡市","town":"富島町"}],"0836":[{"pref":"新潟県","city":"長岡市","town":"豊田町"}],"0253":[{"pref":"新潟県","city":"長岡市","town":"中"}],"0829":[{"pref":"新潟県","city":"長岡市","town":"長倉"}],"0849":[{"pref":"新潟県","city":"長岡市","town":"長倉西町"}],"0826":[{"pref":"新潟県","city":"長岡市","town":"長倉町"}],"0848":[{"pref":"新潟県","city":"長岡市","town":"長倉南町"}],"0225":[{"pref":"新潟県","city":"長岡市","town":"仲子町"}],"0853":[{"pref":"新潟県","city":"長岡市","town":"中沢"}],"0854":[{"pref":"新潟県","city":"長岡市","town":"中沢町"}],"0094":[{"pref":"新潟県","city":"長岡市","town":"中島"}],"0017":[{"pref":"新潟県","city":"長岡市","town":"中瀬"}],"0874":[{"pref":"新潟県","city":"長岡市","town":"永田"}],"0873":[{"pref":"新潟県","city":"長岡市","town":"永田町"}],"0053":[{"pref":"新潟県","city":"長岡市","town":"長町"}],"0852":[{"pref":"新潟県","city":"長岡市","town":"中貫町"}],"0875":[{"pref":"新潟県","city":"長岡市","town":"新保"}],"0876":[{"pref":"新潟県","city":"長岡市","town":"新保町"}],"0024":[{"pref":"新潟県","city":"長岡市","town":"西新町"}],"0817":[{"pref":"新潟県","city":"長岡市","town":"西片貝町"}],"0051":[{"pref":"新潟県","city":"長岡市","town":"西神田町"}],"0835":[{"pref":"新潟県","city":"長岡市","town":"錦"}],"0027":[{"pref":"新潟県","city":"長岡市","town":"西蔵王"}],"0086":[{"pref":"新潟県","city":"長岡市","town":"西千手"}],"0256":[{"pref":"新潟県","city":"長岡市","town":"西中野俣"}],"0252":[{"pref":"新潟県","city":"長岡市","town":"西野俣"}],"0095":[{"pref":"新潟県","city":"長岡市","town":"日赤町"}],"0203":[{"pref":"新潟県","city":"長岡市","town":"楡原"}],"0842":[{"pref":"新潟県","city":"長岡市","town":"鉢伏町"}],"0845":[{"pref":"新潟県","city":"長岡市","town":"花園"}],"0846":[{"pref":"新潟県","city":"長岡市","town":"花園東"}],"0841":[{"pref":"新潟県","city":"長岡市","town":"花園南"}],"0013":[{"pref":"新潟県","city":"長岡市","town":"原町"}],"0258":[{"pref":"新潟県","city":"長岡市","town":"半蔵金"}],"0022":[{"pref":"新潟県","city":"長岡市","town":"東新町"}],"0843":[{"pref":"新潟県","city":"長岡市","town":"東大町"}],"0136":[{"pref":"新潟県","city":"長岡市","town":"東が丘"}],"0816":[{"pref":"新潟県","city":"長岡市","town":"東片貝町"}],"0035":[{"pref":"新潟県","city":"長岡市","town":"東神田"}],"0029":[{"pref":"新潟県","city":"長岡市","town":"東蔵王"}],"0037":[{"pref":"新潟県","city":"長岡市","town":"東栄"}],"0066":[{"pref":"新潟県","city":"長岡市","town":"東坂之上町"}],"0006":[{"pref":"新潟県","city":"長岡市","town":"東高見"}],"0255":[{"pref":"新潟県","city":"長岡市","town":"東中野俣"}],"0102":[{"pref":"新潟県","city":"長岡市","town":"人面"}],"0892":[{"pref":"新潟県","city":"長岡市","town":"百束町"}],"0124":[{"pref":"新潟県","city":"長岡市","town":"平中野俣"}],"0244":[{"pref":"新潟県","city":"長岡市","town":"比礼"}],"0151":[{"pref":"新潟県","city":"長岡市","town":"吹谷"}],"0893":[{"pref":"新潟県","city":"長岡市","town":"福井町"}],"0896":[{"pref":"新潟県","city":"長岡市","town":"福島町"}],"0034":[{"pref":"新潟県","city":"長岡市","town":"福住"}],"0055":[{"pref":"新潟県","city":"長岡市","town":"袋町"}],"0103":[{"pref":"新潟県","city":"長岡市","town":"二ツ郷屋"}],"0112":[{"pref":"新潟県","city":"長岡市","town":"二日町"}],"0073":[{"pref":"新潟県","city":"長岡市","town":"船江町"}],"0101":[{"pref":"新潟県","city":"長岡市","town":"文納"}],"0871":[{"pref":"新潟県","city":"長岡市","town":"北陽"}],"0032":[{"pref":"新潟県","city":"長岡市","town":"干場"}],"0868":[{"pref":"新潟県","city":"長岡市","town":"堀金"}],"0142":[{"pref":"新潟県","city":"長岡市","town":"本所"}],"0076":[{"pref":"新潟県","city":"長岡市","town":"本町"}],"0245":[{"pref":"新潟県","city":"長岡市","town":"本津川"}],"0042":[{"pref":"新潟県","city":"長岡市","town":"前田"}],"0133":[{"pref":"新潟県","city":"長岡市","town":"巻渕"}],"0154":[{"pref":"新潟県","city":"長岡市","town":"松尾"}],"0091":[{"pref":"新潟県","city":"長岡市","town":"松葉"}],"0856":[{"pref":"新潟県","city":"長岡市","town":"美沢"}],"0804":[{"pref":"新潟県","city":"長岡市","town":"水穴町"}],"0106":[{"pref":"新潟県","city":"長岡市","town":"水沢"}],"0866":[{"pref":"新潟県","city":"長岡市","town":"美園"}],"0081":[{"pref":"新潟県","city":"長岡市","town":"南町"}],"0882":[{"pref":"新潟県","city":"長岡市","town":"宮下町"}],"0811":[{"pref":"新潟県","city":"長岡市","town":"宮路町"}],"0083":[{"pref":"新潟県","city":"長岡市","town":"宮原"}],"0125":[{"pref":"新潟県","city":"長岡市","town":"葎谷"}],"0257":[{"pref":"新潟県","city":"長岡市","town":"森上"}],"0227":[{"pref":"新潟県","city":"長岡市","town":"谷内"}],"0072":[{"pref":"新潟県","city":"長岡市","town":"柳原町"}],"0114":[{"pref":"新潟県","city":"長岡市","town":"山口"}],"0097":[{"pref":"新潟県","city":"長岡市","town":"山田"}],"0104":[{"pref":"新潟県","city":"長岡市","town":"山屋"}],"0827":[{"pref":"新潟県","city":"長岡市","town":"悠久町"}],"0867":[{"pref":"新潟県","city":"長岡市","town":"豊"}],"0047":[{"pref":"新潟県","city":"長岡市","town":"弓町"}],"0131":[{"pref":"新潟県","city":"長岡市","town":"吉水"}],"0891":[{"pref":"新潟県","city":"長岡市","town":"四ツ屋町"}],"0152":[{"pref":"新潟県","city":"長岡市","town":"来伝"}],"0851":[{"pref":"新潟県","city":"長岡市","town":"若草町"}],"0126":[{"pref":"新潟県","city":"長岡市","town":"山葵谷"}],"0075":[{"pref":"新潟県","city":"長岡市","town":"渡里町"}]}