{"0000":[{"pref":"徳島県","city":"鳴門市","town":"以下に掲載がない場合"}],"0041":[{"pref":"徳島県","city":"鳴門市","town":"大津町大代"}],"0031":[{"pref":"徳島県","city":"鳴門市","town":"大津町木津野"}],"0044":[{"pref":"徳島県","city":"鳴門市","town":"大津町大幸"}],"0043":[{"pref":"徳島県","city":"鳴門市","town":"大津町段関"}],"0034":[{"pref":"徳島県","city":"鳴門市","town":"大津町徳長"}],"0033":[{"pref":"徳島県","city":"鳴門市","town":"大津町長江"}],"0042":[{"pref":"徳島県","city":"鳴門市","town":"大津町備前島"}],"0035":[{"pref":"徳島県","city":"鳴門市","town":"大津町矢倉"}],"0032":[{"pref":"徳島県","city":"鳴門市","town":"大津町吉永"}],"0022":[{"pref":"徳島県","city":"鳴門市","town":"里浦町粟津"}],"0021":[{"pref":"徳島県","city":"鳴門市","town":"里浦町里浦"}],"0060":[{"pref":"徳島県","city":"鳴門市","town":"瀬戸町明神（楠谷、弐軒家、水汲谷）"}],"0051":[{"pref":"徳島県","city":"鳴門市","town":"鳴門町高島"}],"0053":[{"pref":"徳島県","city":"鳴門市","town":"鳴門町土佐泊浦"}],"0052":[{"pref":"徳島県","city":"鳴門市","town":"鳴門町三ツ石"}],"0011":[{"pref":"徳島県","city":"鳴門市","town":"撫養町大桑島"}],"0012":[{"pref":"徳島県","city":"鳴門市","town":"撫養町小桑島"}],"0013":[{"pref":"徳島県","city":"鳴門市","town":"撫養町岡崎"}],"0004":[{"pref":"徳島県","city":"鳴門市","town":"撫養町木津"}],"0001":[{"pref":"徳島県","city":"鳴門市","town":"撫養町黒崎"}],"0002":[{"pref":"徳島県","city":"鳴門市","town":"撫養町斎田"}],"0017":[{"pref":"徳島県","city":"鳴門市","town":"撫養町立岩"}],"0016":[{"pref":"徳島県","city":"鳴門市","town":"撫養町林崎"}],"0014":[{"pref":"徳島県","city":"鳴門市","town":"撫養町弁財天"}],"0003":[{"pref":"徳島県","city":"鳴門市","town":"撫養町南浜"}],"0015":[{"pref":"徳島県","city":"鳴門市","town":"撫養町北浜"}]}