{"0000":[{"pref":"北海道","city":"札幌市白石区","town":"以下に掲載がない場合"}],"0851":[{"pref":"北海道","city":"札幌市白石区","town":"川北一条"}],"0852":[{"pref":"北海道","city":"札幌市白石区","town":"川北二条"}],"0853":[{"pref":"北海道","city":"札幌市白石区","town":"川北三条"}],"0854":[{"pref":"北海道","city":"札幌市白石区","town":"川北四条"}],"0855":[{"pref":"北海道","city":"札幌市白石区","town":"川北五条"}],"0869":[{"pref":"北海道","city":"札幌市白石区","town":"川下"}],"0861":[{"pref":"北海道","city":"札幌市白石区","town":"川下一条"}],"0862":[{"pref":"北海道","city":"札幌市白石区","town":"川下二条"}],"0863":[{"pref":"北海道","city":"札幌市白石区","town":"川下三条"}],"0864":[{"pref":"北海道","city":"札幌市白石区","town":"川下四条"}],"0865":[{"pref":"北海道","city":"札幌市白石区","town":"川下五条"}],"0859":[{"pref":"北海道","city":"札幌市白石区","town":"川北"}],"0801":[{"pref":"北海道","city":"札幌市白石区","town":"菊水一条"}],"0802":[{"pref":"北海道","city":"札幌市白石区","town":"菊水二条"}],"0803":[{"pref":"北海道","city":"札幌市白石区","town":"菊水三条"}],"0804":[{"pref":"北海道","city":"札幌市白石区","town":"菊水四条"}],"0805":[{"pref":"北海道","city":"札幌市白石区","town":"菊水五条"}],"0806":[{"pref":"北海道","city":"札幌市白石区","town":"菊水六条"}],"0807":[{"pref":"北海道","city":"札幌市白石区","town":"菊水七条"}],"0808":[{"pref":"北海道","city":"札幌市白石区","town":"菊水八条"}],"0809":[{"pref":"北海道","city":"札幌市白石区","town":"菊水九条"}],"0811":[{"pref":"北海道","city":"札幌市白石区","town":"菊水上町一条"}],"0812":[{"pref":"北海道","city":"札幌市白石区","town":"菊水上町二条"}],"0813":[{"pref":"北海道","city":"札幌市白石区","town":"菊水上町三条"}],"0814":[{"pref":"北海道","city":"札幌市白石区","town":"菊水上町四条"}],"0821":[{"pref":"北海道","city":"札幌市白石区","town":"菊水元町一条"}],"0822":[{"pref":"北海道","city":"札幌市白石区","town":"菊水元町二条"}],"0823":[{"pref":"北海道","city":"札幌市白石区","town":"菊水元町三条"}],"0824":[{"pref":"北海道","city":"札幌市白石区","town":"菊水元町四条"}],"0825":[{"pref":"北海道","city":"札幌市白石区","town":"菊水元町五条"}],"0826":[{"pref":"北海道","city":"札幌市白石区","town":"菊水元町六条"}],"0827":[{"pref":"北海道","city":"札幌市白石区","town":"菊水元町七条"}],"0828":[{"pref":"北海道","city":"札幌市白石区","town":"菊水元町八条"}],"0829":[{"pref":"北海道","city":"札幌市白石区","town":"菊水元町九条"}],"0830":[{"pref":"北海道","city":"札幌市白石区","town":"菊水元町十条"}],"0849":[{"pref":"北海道","city":"札幌市白石区","town":"北郷"}],"0831":[{"pref":"北海道","city":"札幌市白石区","town":"北郷一条"}],"0832":[{"pref":"北海道","city":"札幌市白石区","town":"北郷二条"}],"0833":[{"pref":"北海道","city":"札幌市白石区","town":"北郷三条"}],"0834":[{"pref":"北海道","city":"札幌市白石区","town":"北郷四条"}],"0835":[{"pref":"北海道","city":"札幌市白石区","town":"北郷五条"}],"0836":[{"pref":"北海道","city":"札幌市白石区","town":"北郷六条"}],"0837":[{"pref":"北海道","city":"札幌市白石区","town":"北郷七条"}],"0838":[{"pref":"北海道","city":"札幌市白石区","town":"北郷八条"}],"0839":[{"pref":"北海道","city":"札幌市白石区","town":"北郷九条"}],"0840":[{"pref":"北海道","city":"札幌市白石区","town":"北郷十条"}],"0021":[{"pref":"北海道","city":"札幌市白石区","town":"栄通"}],"0011":[{"pref":"北海道","city":"札幌市白石区","town":"中央一条"}],"0012":[{"pref":"北海道","city":"札幌市白石区","town":"中央二条"}],"0013":[{"pref":"北海道","city":"札幌市白石区","town":"中央三条"}],"0022":[{"pref":"北海道","city":"札幌市白石区","town":"南郷通（南）"}],"0023":[{"pref":"北海道","city":"札幌市白石区","town":"南郷通（北）"}],"0001":[{"pref":"北海道","city":"札幌市白石区","town":"東札幌一条"}],"0002":[{"pref":"北海道","city":"札幌市白石区","town":"東札幌二条"}],"0003":[{"pref":"北海道","city":"札幌市白石区","town":"東札幌三条"}],"0004":[{"pref":"北海道","city":"札幌市白石区","town":"東札幌四条"}],"0005":[{"pref":"北海道","city":"札幌市白石区","town":"東札幌五条"}],"0006":[{"pref":"北海道","city":"札幌市白石区","town":"東札幌六条"}],"0876":[{"pref":"北海道","city":"札幌市白石区","town":"東米里"}],"0028":[{"pref":"北海道","city":"札幌市白石区","town":"平和通（南）"}],"0029":[{"pref":"北海道","city":"札幌市白石区","town":"平和通（北）"}],"0024":[{"pref":"北海道","city":"札幌市白石区","town":"本郷通（南）"}],"0025":[{"pref":"北海道","city":"札幌市白石区","town":"本郷通（北）"}],"0026":[{"pref":"北海道","city":"札幌市白石区","town":"本通（南）"}],"0027":[{"pref":"北海道","city":"札幌市白石区","town":"本通（北）"}],"0871":[{"pref":"北海道","city":"札幌市白石区","town":"米里一条"}],"0872":[{"pref":"北海道","city":"札幌市白石区","town":"米里二条"}],"0873":[{"pref":"北海道","city":"札幌市白石区","town":"米里三条"}],"0874":[{"pref":"北海道","city":"札幌市白石区","town":"米里四条"}],"0875":[{"pref":"北海道","city":"札幌市白石区","town":"米里五条"}],"0030":[{"pref":"北海道","city":"札幌市白石区","town":"流通センター"}]}