{"0061":[{"pref":"大阪府","city":"大阪市中央区","town":"安堂寺町"}],"0064":[{"pref":"大阪府","city":"大阪市中央区","town":"上汐"}],"0062":[{"pref":"大阪府","city":"大阪市中央区","town":"上本町西"}],"0066":[{"pref":"大阪府","city":"大阪市中央区","town":"瓦屋町"}],"0072":[{"pref":"大阪府","city":"大阪市中央区","town":"高津"}],"0082":[{"pref":"大阪府","city":"大阪市中央区","town":"島之内"}],"0085":[{"pref":"大阪府","city":"大阪市中央区","town":"心斎橋筋"}],"0074":[{"pref":"大阪府","city":"大阪市中央区","town":"千日前"}],"0084":[{"pref":"大阪府","city":"大阪市中央区","town":"宗右衛門町"}],"0012":[{"pref":"大阪府","city":"大阪市中央区","town":"谷町（６～９丁目）"}],"0063":[{"pref":"大阪府","city":"大阪市中央区","town":"東平"}],"0077":[{"pref":"大阪府","city":"大阪市中央区","town":"道頓堀（１丁目東）"}],"0071":[{"pref":"大阪府","city":"大阪市中央区","town":"道頓堀（その他）"}],"0065":[{"pref":"大阪府","city":"大阪市中央区","town":"中寺"}],"0076":[{"pref":"大阪府","city":"大阪市中央区","town":"難波"}],"0075":[{"pref":"大阪府","city":"大阪市中央区","town":"難波千日前"}],"0086":[{"pref":"大阪府","city":"大阪市中央区","town":"西心斎橋"}],"0073":[{"pref":"大阪府","city":"大阪市中央区","town":"日本橋"}],"0083":[{"pref":"大阪府","city":"大阪市中央区","town":"東心斎橋"}],"0067":[{"pref":"大阪府","city":"大阪市中央区","town":"松屋町"}],"0081":[{"pref":"大阪府","city":"大阪市中央区","town":"南船場"}]}