{"1100":[{"pref":"愛知県","city":"海部郡大治町","town":"以下に掲載がない場合"}],"1101":[{"pref":"愛知県","city":"あま市","town":"方領"}],"1102":[{"pref":"愛知県","city":"あま市","town":"石作"}],"1103":[{"pref":"愛知県","city":"あま市","town":"栄"}],"1104":[{"pref":"愛知県","city":"あま市","town":"西今宿"}],"1105":[{"pref":"愛知県","city":"あま市","town":"新居屋"}],"1106":[{"pref":"愛知県","city":"あま市","town":"小路"}],"1107":[{"pref":"愛知県","city":"あま市","town":"森"}],"1111":[{"pref":"愛知県","city":"あま市","town":"甚目寺"}],"1112":[{"pref":"愛知県","city":"あま市","town":"上萱津"}],"1113":[{"pref":"愛知県","city":"あま市","town":"中萱津"}],"1114":[{"pref":"愛知県","city":"あま市","town":"下萱津"}],"1115":[{"pref":"愛知県","city":"あま市","town":"坂牧"}],"1116":[{"pref":"愛知県","city":"あま市","town":"本郷"}],"1131":[{"pref":"愛知県","city":"海部郡大治町","town":"長牧"}],"1132":[{"pref":"愛知県","city":"海部郡大治町","town":"北間島"}],"1133":[{"pref":"愛知県","city":"海部郡大治町","town":"八ツ屋"}],"1134":[{"pref":"愛知県","city":"海部郡大治町","town":"東條"}],"1135":[{"pref":"愛知県","city":"海部郡大治町","town":"鎌須賀"}],"1136":[{"pref":"愛知県","city":"海部郡大治町","town":"花常"}],"1137":[{"pref":"愛知県","city":"海部郡大治町","town":"堀之内"}],"1141":[{"pref":"愛知県","city":"海部郡大治町","town":"馬島"}],"1142":[{"pref":"愛知県","city":"海部郡大治町","town":"三本木"}],"1143":[{"pref":"愛知県","city":"海部郡大治町","town":"砂子"}],"1144":[{"pref":"愛知県","city":"海部郡大治町","town":"西條"}],"1145":[{"pref":"愛知県","city":"海部郡大治町","town":"中島"}],"1200":[{"pref":"愛知県","city":"あま市","town":"以下に掲載がない場合"}],"1201":[{"pref":"愛知県","city":"あま市","town":"古道"}],"1202":[{"pref":"愛知県","city":"あま市","town":"富塚"}],"1203":[{"pref":"愛知県","city":"あま市","town":"木折"}],"1204":[{"pref":"愛知県","city":"あま市","town":"花長"}],"1205":[{"pref":"愛知県","city":"あま市","town":"花正"}],"1206":[{"pref":"愛知県","city":"あま市","town":"東溝口"}],"1207":[{"pref":"愛知県","city":"あま市","town":"二ツ寺"}],"1211":[{"pref":"愛知県","city":"あま市","town":"篠田"}],"1212":[{"pref":"愛知県","city":"あま市","town":"小橋方"}],"1213":[{"pref":"愛知県","city":"あま市","town":"乙之子"}],"1214":[{"pref":"愛知県","city":"あま市","town":"北苅"}],"1221":[{"pref":"愛知県","city":"あま市","town":"金岩"}],"1222":[{"pref":"愛知県","city":"あま市","town":"木田"}],"1223":[{"pref":"愛知県","city":"あま市","town":"森山"}],"1224":[{"pref":"愛知県","city":"あま市","town":"丹波"}],"1225":[{"pref":"愛知県","city":"あま市","town":"蜂須賀"}],"1226":[{"pref":"愛知県","city":"あま市","town":"中橋"}],"1301":[{"pref":"愛知県","city":"稲沢市","town":"平和町須ケ谷"}],"1302":[{"pref":"愛知県","city":"稲沢市","town":"平和町観音堂"}],"1303":[{"pref":"愛知県","city":"稲沢市","town":"平和町上三宅"}],"1304":[{"pref":"愛知県","city":"稲沢市","town":"平和町法立"}],"1305":[{"pref":"愛知県","city":"稲沢市","town":"平和町（丸渕上、丸渕下、鷲尾）"}],"1311":[{"pref":"愛知県","city":"稲沢市","town":"平和町中三宅"}],"1312":[{"pref":"愛知県","city":"稲沢市","town":"平和町下三宅"}],"1313":[{"pref":"愛知県","city":"稲沢市","town":"平和町横池"}],"1314":[{"pref":"愛知県","city":"稲沢市","town":"平和町西光坊"}],"1315":[{"pref":"愛知県","city":"稲沢市","town":"平和町平池"}],"1321":[{"pref":"愛知県","city":"稲沢市","town":"平和町東城"}],"1322":[{"pref":"愛知県","city":"稲沢市","town":"平和町（上前浪、下前浪）"}],"1323":[{"pref":"愛知県","city":"稲沢市","town":"平和町（光和、塩川、下起北、下起中、下起東、下起南、勝幡新田、城西、"},{"pref":"愛知県","city":"稲沢市","town":"城之内、須ケ脇、那古良、平六、前平、明和、嫁振、嫁振北、嫁振東、領内）"}],"1400":[{"pref":"愛知県","city":"海部郡飛島村","town":"以下に掲載がない場合"}],"1401":[{"pref":"愛知県","city":"弥富市","town":"六條町"}],"1402":[{"pref":"愛知県","city":"弥富市","town":"五斗山"}],"1403":[{"pref":"愛知県","city":"弥富市","town":"鳥ケ地"},{"pref":"愛知県","city":"弥富市","town":"鳥ケ地町"}],"1404":[{"pref":"愛知県","city":"弥富市","town":"桴場"}],"1405":[{"pref":"愛知県","city":"弥富市","town":"神戸"},{"pref":"愛知県","city":"弥富市","town":"神戸町"}],"1406":[{"pref":"愛知県","city":"弥富市","town":"鍋平"}],"1407":[{"pref":"愛知県","city":"弥富市","town":"三百島"}],"1411":[{"pref":"愛知県","city":"弥富市","town":"善太町"}],"1412":[{"pref":"愛知県","city":"弥富市","town":"馬ケ地"}],"1413":[{"pref":"愛知県","city":"弥富市","town":"子宝"},{"pref":"愛知県","city":"弥富市","town":"子宝町"}],"1414":[{"pref":"愛知県","city":"弥富市","town":"坂中地"},{"pref":"愛知県","city":"弥富市","town":"坂中地町"}],"1415":[{"pref":"愛知県","city":"弥富市","town":"鮫ケ地"},{"pref":"愛知県","city":"弥富市","town":"鮫ケ地町"}],"1421":[{"pref":"愛知県","city":"弥富市","town":"上押萩"},{"pref":"愛知県","city":"弥富市","town":"上押萩町"}],"1422":[{"pref":"愛知県","city":"弥富市","town":"下押萩"},{"pref":"愛知県","city":"弥富市","town":"下押萩町"}],"1423":[{"pref":"愛知県","city":"弥富市","town":"海屋"},{"pref":"愛知県","city":"弥富市","town":"海屋町"}],"1424":[{"pref":"愛知県","city":"弥富市","town":"亀ケ地"}],"1425":[{"pref":"愛知県","city":"弥富市","town":"東蜆"}],"1426":[{"pref":"愛知県","city":"弥富市","town":"四郎兵衛"},{"pref":"愛知県","city":"弥富市","town":"四郎兵衛町"}],"1427":[{"pref":"愛知県","city":"弥富市","town":"西蜆"}],"1428":[{"pref":"愛知県","city":"弥富市","town":"竹田"}],"1431":[{"pref":"愛知県","city":"海部郡飛島村","town":"服岡"}],"1432":[{"pref":"愛知県","city":"海部郡飛島村","town":"三福"}],"1433":[{"pref":"愛知県","city":"海部郡飛島村","town":"渚"}],"1434":[{"pref":"愛知県","city":"海部郡飛島村","town":"松之郷"}],"1435":[{"pref":"愛知県","city":"海部郡飛島村","town":"梅之郷"}],"1436":[{"pref":"愛知県","city":"海部郡飛島村","town":"竹之郷"}],"1437":[{"pref":"愛知県","city":"海部郡飛島村","town":"飛島新田（元起之郷）"},{"pref":"愛知県","city":"海部郡飛島村","town":"元起"}],"1438":[{"pref":"愛知県","city":"海部郡飛島村","town":"大宝"}],"1441":[{"pref":"愛知県","city":"海部郡飛島村","town":"政成"}],"1442":[{"pref":"愛知県","city":"海部郡飛島村","town":"古政成"}],"1443":[{"pref":"愛知県","city":"海部郡飛島村","town":"新政成"}],"1444":[{"pref":"愛知県","city":"海部郡飛島村","town":"木場"}],"1445":[{"pref":"愛知県","city":"海部郡飛島村","town":"金岡"}],"1446":[{"pref":"愛知県","city":"海部郡飛島村","town":"東浜"}],"1447":[{"pref":"愛知県","city":"海部郡飛島村","town":"西浜"}]}