{"0845":[{"pref":"栃木県","city":"宇都宮市","town":"明保野町"}],"0818":[{"pref":"栃木県","city":"宇都宮市","town":"旭"}],"0801":[{"pref":"栃木県","city":"宇都宮市","town":"池上町"}],"0034":[{"pref":"栃木県","city":"宇都宮市","town":"泉町"}],"0821":[{"pref":"栃木県","city":"宇都宮市","town":"一条"}],"0047":[{"pref":"栃木県","city":"宇都宮市","town":"一の沢"}],"0049":[{"pref":"栃木県","city":"宇都宮市","town":"一ノ沢町"}],"0812":[{"pref":"栃木県","city":"宇都宮市","town":"一番町"}],"0802":[{"pref":"栃木県","city":"宇都宮市","town":"江野町"}],"0014":[{"pref":"栃木県","city":"宇都宮市","town":"大曽"}],"0811":[{"pref":"栃木県","city":"宇都宮市","town":"大通り"}],"0823":[{"pref":"栃木県","city":"宇都宮市","town":"御蔵町"}],"0036":[{"pref":"栃木県","city":"宇都宮市","town":"小幡"}],"0013":[{"pref":"栃木県","city":"宇都宮市","town":"上大曽町"}],"0855":[{"pref":"栃木県","city":"宇都宮市","town":"上欠町"}],"0058":[{"pref":"栃木県","city":"宇都宮市","town":"上戸祭"}],"0051":[{"pref":"栃木県","city":"宇都宮市","town":"上戸祭町"}],"0822":[{"pref":"栃木県","city":"宇都宮市","town":"河原町"}],"0002":[{"pref":"栃木県","city":"宇都宮市","town":"瓦谷町"}],"0844":[{"pref":"栃木県","city":"宇都宮市","town":"菊水町"}],"0048":[{"pref":"栃木県","city":"宇都宮市","town":"北一の沢町"}],"0842":[{"pref":"栃木県","city":"宇都宮市","town":"京町"}],"0037":[{"pref":"栃木県","city":"宇都宮市","town":"清住"}],"0066":[{"pref":"栃木県","city":"宇都宮市","town":"駒生"}],"0065":[{"pref":"栃木県","city":"宇都宮市","town":"駒生町"}],"0042":[{"pref":"栃木県","city":"宇都宮市","town":"材木町"}],"0848":[{"pref":"栃木県","city":"宇都宮市","town":"幸町"}],"0024":[{"pref":"栃木県","city":"宇都宮市","town":"栄町"}],"0854":[{"pref":"栃木県","city":"宇都宮市","town":"鷺の谷町"}],"0043":[{"pref":"栃木県","city":"宇都宮市","town":"桜"}],"0814":[{"pref":"栃木県","city":"宇都宮市","town":"三番町"}],"0853":[{"pref":"栃木県","city":"宇都宮市","town":"下欠町"}],"0824":[{"pref":"栃木県","city":"宇都宮市","town":"下河原"}],"0825":[{"pref":"栃木県","city":"宇都宮市","town":"下河原町"}],"0852":[{"pref":"栃木県","city":"宇都宮市","town":"下砥上町"}],"0055":[{"pref":"栃木県","city":"宇都宮市","town":"下戸祭"}],"0032":[{"pref":"栃木県","city":"宇都宮市","town":"昭和"}],"0831":[{"pref":"栃木県","city":"宇都宮市","town":"新町"}],"0864":[{"pref":"栃木県","city":"宇都宮市","town":"住吉町"}],"0022":[{"pref":"栃木県","city":"宇都宮市","town":"千波町"}],"0867":[{"pref":"栃木県","city":"宇都宮市","town":"大寛"}],"0061":[{"pref":"栃木県","city":"宇都宮市","town":"宝木町"}],"0075":[{"pref":"栃木県","city":"宇都宮市","town":"宝木本町"}],"0846":[{"pref":"栃木県","city":"宇都宮市","town":"滝の原"}],"0847":[{"pref":"栃木県","city":"宇都宮市","town":"滝谷町"}],"0806":[{"pref":"栃木県","city":"宇都宮市","town":"中央"}],"0805":[{"pref":"栃木県","city":"宇都宮市","town":"中央本町"}],"0857":[{"pref":"栃木県","city":"宇都宮市","town":"鶴田"}],"0851":[{"pref":"栃木県","city":"宇都宮市","town":"鶴田町"}],"0816":[{"pref":"栃木県","city":"宇都宮市","town":"天神"}],"0035":[{"pref":"栃木県","city":"宇都宮市","town":"伝馬町"}],"0856":[{"pref":"栃木県","city":"宇都宮市","town":"砥上町"}],"0056":[{"pref":"栃木県","city":"宇都宮市","town":"戸祭"}],"0017":[{"pref":"栃木県","city":"宇都宮市","town":"戸祭台"}],"0053":[{"pref":"栃木県","city":"宇都宮市","town":"戸祭町"}],"0031":[{"pref":"栃木県","city":"宇都宮市","town":"戸祭元町"}],"0003":[{"pref":"栃木県","city":"宇都宮市","town":"豊郷台"}],"0045":[{"pref":"栃木県","city":"宇都宮市","town":"中一の沢町"}],"0004":[{"pref":"栃木県","city":"宇都宮市","town":"長岡町"}],"0815":[{"pref":"栃木県","city":"宇都宮市","town":"中河原町"}],"0057":[{"pref":"栃木県","city":"宇都宮市","town":"中戸祭"}],"0052":[{"pref":"栃木県","city":"宇都宮市","town":"中戸祭町"}],"0023":[{"pref":"栃木県","city":"宇都宮市","town":"仲町"}],"0861":[{"pref":"栃木県","city":"宇都宮市","town":"西"}],"0046":[{"pref":"栃木県","city":"宇都宮市","town":"西一の沢町"}],"0866":[{"pref":"栃木県","city":"宇都宮市","town":"西大寛"}],"0064":[{"pref":"栃木県","city":"宇都宮市","town":"西の宮"}],"0862":[{"pref":"栃木県","city":"宇都宮市","town":"西原"}],"0826":[{"pref":"栃木県","city":"宇都宮市","town":"西原町"}],"0813":[{"pref":"栃木県","city":"宇都宮市","town":"二番町"}],"0071":[{"pref":"栃木県","city":"宇都宮市","town":"野沢町"}],"0015":[{"pref":"栃木県","city":"宇都宮市","town":"八幡台"}],"0843":[{"pref":"栃木県","city":"宇都宮市","town":"花園町"}],"0827":[{"pref":"栃木県","city":"宇都宮市","town":"花房"}],"0828":[{"pref":"栃木県","city":"宇都宮市","town":"花房本町"}],"0027":[{"pref":"栃木県","city":"宇都宮市","town":"塙田"}],"0026":[{"pref":"栃木県","city":"宇都宮市","town":"馬場通り"}],"0062":[{"pref":"栃木県","city":"宇都宮市","town":"東宝木町"}],"0054":[{"pref":"栃木県","city":"宇都宮市","town":"東戸祭"}],"0021":[{"pref":"栃木県","city":"宇都宮市","town":"東塙田"}],"0832":[{"pref":"栃木県","city":"宇都宮市","town":"日の出"}],"0011":[{"pref":"栃木県","city":"宇都宮市","town":"富士見が丘"}],"0804":[{"pref":"栃木県","city":"宇都宮市","town":"二荒町"}],"0833":[{"pref":"栃木県","city":"宇都宮市","town":"不動前"}],"0038":[{"pref":"栃木県","city":"宇都宮市","town":"星が丘"}],"0073":[{"pref":"栃木県","city":"宇都宮市","town":"細谷"}],"0074":[{"pref":"栃木県","city":"宇都宮市","town":"細谷町"}],"0033":[{"pref":"栃木県","city":"宇都宮市","town":"本町"}],"0817":[{"pref":"栃木県","city":"宇都宮市","town":"本丸町"}],"0803":[{"pref":"栃木県","city":"宇都宮市","town":"曲師町"}],"0807":[{"pref":"栃木県","city":"宇都宮市","town":"松が峰"}],"0041":[{"pref":"栃木県","city":"宇都宮市","town":"松原"}],"0863":[{"pref":"栃木県","city":"宇都宮市","town":"操町"}],"0044":[{"pref":"栃木県","city":"宇都宮市","town":"南一の沢町"}],"0808":[{"pref":"栃木県","city":"宇都宮市","town":"宮園町"}],"0835":[{"pref":"栃木県","city":"宇都宮市","town":"宮原"}],"0025":[{"pref":"栃木県","city":"宇都宮市","town":"宮町"}],"0865":[{"pref":"栃木県","city":"宇都宮市","town":"睦町"}],"0836":[{"pref":"栃木県","city":"宇都宮市","town":"大和（３丁目）"}],"0012":[{"pref":"栃木県","city":"宇都宮市","town":"山本"}],"0016":[{"pref":"栃木県","city":"宇都宮市","town":"山本町"}],"0837":[{"pref":"栃木県","city":"宇都宮市","town":"弥生"}],"0063":[{"pref":"栃木県","city":"宇都宮市","town":"陽西町"}],"0834":[{"pref":"栃木県","city":"宇都宮市","town":"陽南"}],"0005":[{"pref":"栃木県","city":"宇都宮市","town":"横山"}],"0001":[{"pref":"栃木県","city":"宇都宮市","town":"横山町"}],"0838":[{"pref":"栃木県","city":"宇都宮市","town":"吉野"}],"0841":[{"pref":"栃木県","city":"宇都宮市","town":"六道町"}],"0072":[{"pref":"栃木県","city":"宇都宮市","town":"若草"}]}