{"0000":[{"pref":"東京都","city":"昭島市","town":"以下に掲載がない場合"}],"0025":[{"pref":"東京都","city":"昭島市","town":"朝日町"}],"0033":[{"pref":"東京都","city":"昭島市","town":"東町"}],"0013":[{"pref":"東京都","city":"昭島市","town":"大神町"}],"0032":[{"pref":"東京都","city":"昭島市","town":"郷地町"}],"0011":[{"pref":"東京都","city":"昭島市","town":"上川原町"}],"0015":[{"pref":"東京都","city":"昭島市","town":"昭和町"}],"0014":[{"pref":"東京都","city":"昭島市","town":"田中町"}],"0034":[{"pref":"東京都","city":"昭島市","town":"玉川町"}],"0023":[{"pref":"東京都","city":"昭島市","town":"築地町"}],"0012":[{"pref":"東京都","city":"昭島市","town":"つつじが丘"}],"0022":[{"pref":"東京都","city":"昭島市","town":"中神町"}],"0002":[{"pref":"東京都","city":"昭島市","town":"拝島町"}],"0031":[{"pref":"東京都","city":"昭島市","town":"福島町"}],"0003":[{"pref":"東京都","city":"昭島市","town":"松原町"}],"0004":[{"pref":"東京都","city":"昭島市","town":"緑町"}],"0001":[{"pref":"東京都","city":"昭島市","town":"美堀町"}],"0024":[{"pref":"東京都","city":"昭島市","town":"宮沢町"}],"0021":[{"pref":"東京都","city":"昭島市","town":"武蔵野"}],"0035":[{"pref":"東京都","city":"昭島市","town":"もくせいの杜"}]}