{"0314":[{"pref":"富山県","city":"砺波市","town":"庄川町青島"}],"0317":[{"pref":"富山県","city":"砺波市","town":"庄川町筏"}],"0303":[{"pref":"富山県","city":"砺波市","town":"庄川町落シ"},{"pref":"富山県","city":"砺波市","town":"庄川町隠尾"},{"pref":"富山県","city":"砺波市","town":"庄川町名ケ原"},{"pref":"富山県","city":"砺波市","town":"庄川町湯谷"},{"pref":"富山県","city":"砺波市","town":"庄川町湯山"},{"pref":"富山県","city":"砺波市","town":"庄川町横住"}],"0305":[{"pref":"富山県","city":"砺波市","town":"庄川町金屋"}],"0313":[{"pref":"富山県","city":"砺波市","town":"庄川町五ケ"}],"0304":[{"pref":"富山県","city":"砺波市","town":"庄川町小牧"},{"pref":"富山県","city":"砺波市","town":"庄川町前山"}],"0315":[{"pref":"富山県","city":"砺波市","town":"庄川町示野"}],"0302":[{"pref":"富山県","city":"砺波市","town":"庄川町庄"}],"0312":[{"pref":"富山県","city":"砺波市","town":"庄川町高儀新"}],"0316":[{"pref":"富山県","city":"砺波市","town":"庄川町天正"}],"0311":[{"pref":"富山県","city":"砺波市","town":"庄川町古上野"}],"0301":[{"pref":"富山県","city":"砺波市","town":"庄川町三谷"}],"0000":[{"pref":"富山県","city":"小矢部市","town":"以下に掲載がない場合"}],"0814":[{"pref":"富山県","city":"小矢部市","town":"赤倉"}],"0122":[{"pref":"富山県","city":"小矢部市","town":"浅地"}],"0833":[{"pref":"富山県","city":"小矢部市","town":"綾子"}],"0071":[{"pref":"富山県","city":"小矢部市","town":"荒間"}],"0129":[{"pref":"富山県","city":"小矢部市","town":"安養寺"}],"0852":[{"pref":"富山県","city":"小矢部市","town":"安養寺新"}],"0062":[{"pref":"富山県","city":"小矢部市","town":"安楽寺"}],"0037":[{"pref":"富山県","city":"小矢部市","town":"石王丸"}],"0835":[{"pref":"富山県","city":"小矢部市","town":"石坂"}],"0808":[{"pref":"富山県","city":"小矢部市","town":"石名田"}],"0052":[{"pref":"富山県","city":"小矢部市","town":"泉町"}],"0053":[{"pref":"富山県","city":"小矢部市","town":"石動町"}],"0051":[{"pref":"富山県","city":"小矢部市","town":"今石動町"}],"0073":[{"pref":"富山県","city":"小矢部市","town":"岩尾滝"}],"0014":[{"pref":"富山県","city":"小矢部市","town":"岩崎"}],"0113":[{"pref":"富山県","city":"小矢部市","town":"岩武"}],"0036":[{"pref":"富山県","city":"小矢部市","town":"宇治新"}],"0831":[{"pref":"富山県","city":"小矢部市","town":"後谷"}],"0853":[{"pref":"富山県","city":"小矢部市","town":"臼谷"}],"0106":[{"pref":"富山県","city":"小矢部市","town":"内御堂"}],"0863":[{"pref":"富山県","city":"小矢部市","town":"内山"}],"0054":[{"pref":"富山県","city":"小矢部市","town":"上野本"}],"0031":[{"pref":"富山県","city":"小矢部市","town":"岡"}],"0817":[{"pref":"富山県","city":"小矢部市","town":"小神"}],"0056":[{"pref":"富山県","city":"小矢部市","town":"小矢部"}],"0058":[{"pref":"富山県","city":"小矢部市","town":"小矢部町"}],"0812":[{"pref":"富山県","city":"小矢部市","town":"金屋本江"}],"0125":[{"pref":"富山県","city":"小矢部市","town":"鴨島"}],"0075":[{"pref":"富山県","city":"小矢部市","town":"嘉例谷"}],"0855":[{"pref":"富山県","city":"小矢部市","town":"川開新"}],"0046":[{"pref":"富山県","city":"小矢部市","town":"観音町"}],"0844":[{"pref":"富山県","city":"小矢部市","town":"北一"}],"0003":[{"pref":"富山県","city":"小矢部市","town":"北屋敷"}],"0103":[{"pref":"富山県","city":"小矢部市","town":"経田"}],"0112":[{"pref":"富山県","city":"小矢部市","town":"清沢"}],"0013":[{"pref":"富山県","city":"小矢部市","town":"清原"}],"0001":[{"pref":"富山県","city":"小矢部市","town":"久利須"}],"0127":[{"pref":"富山県","city":"小矢部市","town":"興法寺"}],"0801":[{"pref":"富山県","city":"小矢部市","town":"五社"}],"0105":[{"pref":"富山県","city":"小矢部市","town":"胡麻島"}],"0133":[{"pref":"富山県","city":"小矢部市","town":"小森谷"}],"0862":[{"pref":"富山県","city":"小矢部市","town":"五郎丸"}],"0034":[{"pref":"富山県","city":"小矢部市","town":"坂又"}],"0022":[{"pref":"富山県","city":"小矢部市","town":"桜町"}],"0032":[{"pref":"富山県","city":"小矢部市","town":"地崎"}],"0802":[{"pref":"富山県","city":"小矢部市","town":"七社"}],"0137":[{"pref":"富山県","city":"小矢部市","town":"渋江"}],"0825":[{"pref":"富山県","city":"小矢部市","town":"島"}],"0114":[{"pref":"富山県","city":"小矢部市","town":"清水"}],"0126":[{"pref":"富山県","city":"小矢部市","town":"下川崎"}],"0101":[{"pref":"富山県","city":"小矢部市","town":"下後亟"}],"0824":[{"pref":"富山県","city":"小矢部市","town":"下島"}],"0804":[{"pref":"富山県","city":"小矢部市","town":"下中"}],"0005":[{"pref":"富山県","city":"小矢部市","town":"下屋敷"}],"0047":[{"pref":"富山県","city":"小矢部市","town":"城山町"}],"0044":[{"pref":"富山県","city":"小矢部市","town":"新富町"}],"0111":[{"pref":"富山県","city":"小矢部市","town":"新西"}],"0854":[{"pref":"富山県","city":"小矢部市","town":"末沢新"}],"0851":[{"pref":"富山県","city":"小矢部市","town":"末友"}],"0008":[{"pref":"富山県","city":"小矢部市","town":"菅ケ原"}],"0132":[{"pref":"富山県","city":"小矢部市","town":"杉谷内"}],"0033":[{"pref":"富山県","city":"小矢部市","town":"芹川"}],"0074":[{"pref":"富山県","city":"小矢部市","town":"千石"}],"0123":[{"pref":"富山県","city":"小矢部市","town":"高木"}],"0815":[{"pref":"富山県","city":"小矢部市","town":"高木出"}],"0006":[{"pref":"富山県","city":"小矢部市","town":"高坂"}],"0021":[{"pref":"富山県","city":"小矢部市","town":"田川"}],"0843":[{"pref":"富山県","city":"小矢部市","town":"棚田"}],"0064":[{"pref":"富山県","city":"小矢部市","town":"谷坪野"}],"0045":[{"pref":"富山県","city":"小矢部市","town":"中央町"}],"0842":[{"pref":"富山県","city":"小矢部市","town":"長"}],"0115":[{"pref":"富山県","city":"小矢部市","town":"津沢"}],"0072":[{"pref":"富山県","city":"小矢部市","town":"峠"}],"0061":[{"pref":"富山県","city":"小矢部市","town":"道坪野"}],"0803":[{"pref":"富山県","city":"小矢部市","town":"道明"}],"0841":[{"pref":"富山県","city":"小矢部市","town":"道林寺"}],"0128":[{"pref":"富山県","city":"小矢部市","town":"戸久"}],"0826":[{"pref":"富山県","city":"小矢部市","town":"茄子島"}],"0131":[{"pref":"富山県","city":"小矢部市","town":"名畑"}],"0104":[{"pref":"富山県","city":"小矢部市","town":"西川原"}],"0055":[{"pref":"富山県","city":"小矢部市","town":"西町"}],"0805":[{"pref":"富山県","city":"小矢部市","town":"西中"}],"0035":[{"pref":"富山県","city":"小矢部市","town":"西中野"}],"0116":[{"pref":"富山県","city":"小矢部市","town":"西島"}],"0042":[{"pref":"富山県","city":"小矢部市","town":"西福町"}],"0004":[{"pref":"富山県","city":"小矢部市","town":"二ノ滝"}],"0016":[{"pref":"富山県","city":"小矢部市","town":"糠子島"}],"0813":[{"pref":"富山県","city":"小矢部市","town":"野寺"}],"0832":[{"pref":"富山県","city":"小矢部市","town":"野端"}],"0834":[{"pref":"富山県","city":"小矢部市","town":"蓮沼"}],"0028":[{"pref":"富山県","city":"小矢部市","town":"畠中"}],"0043":[{"pref":"富山県","city":"小矢部市","town":"畠中町"}],"0864":[{"pref":"富山県","city":"小矢部市","town":"八伏"}],"0861":[{"pref":"富山県","city":"小矢部市","town":"八講田"}],"0836":[{"pref":"富山県","city":"小矢部市","town":"埴生"}],"0011":[{"pref":"富山県","city":"小矢部市","town":"原牧"}],"0041":[{"pref":"富山県","city":"小矢部市","town":"東福町"}],"0134":[{"pref":"富山県","city":"小矢部市","town":"平桜"}],"0136":[{"pref":"富山県","city":"小矢部市","town":"平田"}],"0823":[{"pref":"富山県","city":"小矢部市","town":"福上"}],"0816":[{"pref":"富山県","city":"小矢部市","town":"福久"}],"0135":[{"pref":"富山県","city":"小矢部市","town":"藤森"}],"0856":[{"pref":"富山県","city":"小矢部市","town":"フロンティアパーク"}],"0018":[{"pref":"富山県","city":"小矢部市","town":"別所滝"}],"0027":[{"pref":"富山県","city":"小矢部市","town":"法楽寺"}],"0057":[{"pref":"富山県","city":"小矢部市","town":"本町"}],"0845":[{"pref":"富山県","city":"小矢部市","town":"松尾"}],"0846":[{"pref":"富山県","city":"小矢部市","town":"松永"}],"0806":[{"pref":"富山県","city":"小矢部市","town":"水落"}],"0102":[{"pref":"富山県","city":"小矢部市","town":"水島"}],"0811":[{"pref":"富山県","city":"小矢部市","town":"水牧"}],"0012":[{"pref":"富山県","city":"小矢部市","town":"嶺"}],"0063":[{"pref":"富山県","city":"小矢部市","town":"峰坪野"}],"0124":[{"pref":"富山県","city":"小矢部市","town":"蓑輪"}],"0026":[{"pref":"富山県","city":"小矢部市","town":"宮須"}],"0025":[{"pref":"富山県","city":"小矢部市","town":"宮中"}],"0007":[{"pref":"富山県","city":"小矢部市","town":"名ケ滝"}],"0838":[{"pref":"富山県","city":"小矢部市","town":"メルヘンランド"}],"0002":[{"pref":"富山県","city":"小矢部市","town":"森屋"}],"0121":[{"pref":"富山県","city":"小矢部市","town":"矢水町"}],"0048":[{"pref":"富山県","city":"小矢部市","town":"八和町"}],"0807":[{"pref":"富山県","city":"小矢部市","town":"柳原"}],"0015":[{"pref":"富山県","city":"小矢部市","town":"矢波"}],"0024":[{"pref":"富山県","city":"小矢部市","town":"屋波牧"}],"0023":[{"pref":"富山県","city":"小矢部市","town":"横谷"}],"0837":[{"pref":"富山県","city":"小矢部市","town":"吉和台"}],"0017":[{"pref":"富山県","city":"小矢部市","town":"了輪"}],"0065":[{"pref":"富山県","city":"小矢部市","town":"論田"}],"0822":[{"pref":"富山県","city":"小矢部市","town":"和沢"}],"0821":[{"pref":"富山県","city":"小矢部市","town":"鷲島"}],"0206":[{"pref":"富山県","city":"南砺市","town":"安室"},{"pref":"富山県","city":"南砺市","town":"利屋"}],"0247":[{"pref":"富山県","city":"南砺市","town":"院瀬見"}],"0211":[{"pref":"富山県","city":"南砺市","town":"井波"}],"0213":[{"pref":"富山県","city":"南砺市","town":"井波栄町"}],"0205":[{"pref":"富山県","city":"南砺市","town":"井波軸屋"}],"0216":[{"pref":"富山県","city":"南砺市","town":"井波末広町"}],"0228":[{"pref":"富山県","city":"南砺市","town":"井波東町"}],"0256":[{"pref":"富山県","city":"南砺市","town":"今里"}],"0214":[{"pref":"富山県","city":"南砺市","town":"今町"}],"0203":[{"pref":"富山県","city":"南砺市","town":"岩屋"}],"0248":[{"pref":"富山県","city":"南砺市","town":"沖"}],"0241":[{"pref":"富山県","city":"南砺市","town":"川原崎"}],"0221":[{"pref":"富山県","city":"南砺市","town":"木崎野"}],"0257":[{"pref":"富山県","city":"南砺市","town":"北市"}],"0226":[{"pref":"富山県","city":"南砺市","town":"北川"}],"0227":[{"pref":"富山県","city":"南砺市","town":"北新町"}],"0232":[{"pref":"富山県","city":"南砺市","town":"京願町"}],"0254":[{"pref":"富山県","city":"南砺市","town":"五領"}],"0255":[{"pref":"富山県","city":"南砺市","town":"五領島"}],"0222":[{"pref":"富山県","city":"南砺市","town":"坂ノ下"}],"0258":[{"pref":"富山県","city":"南砺市","town":"三清東"}],"0243":[{"pref":"富山県","city":"南砺市","town":"志観寺"}],"0202":[{"pref":"富山県","city":"南砺市","town":"清水明"}],"0238":[{"pref":"富山県","city":"南砺市","town":"下新町"}],"0245":[{"pref":"富山県","city":"南砺市","town":"清玄寺"}],"0207":[{"pref":"富山県","city":"南砺市","town":"専勝寺"}],"0252":[{"pref":"富山県","city":"南砺市","town":"高瀬"}],"0201":[{"pref":"富山県","city":"南砺市","town":"高屋"}],"0242":[{"pref":"富山県","city":"南砺市","town":"谷"}],"0218":[{"pref":"富山県","city":"南砺市","town":"坪野"}],"0253":[{"pref":"富山県","city":"南砺市","town":"戸板"}],"0246":[{"pref":"富山県","city":"南砺市","town":"東城寺"}],"0371":[{"pref":"富山県","city":"南砺市","town":"利賀村大牧"},{"pref":"富山県","city":"南砺市","town":"利賀村北原"},{"pref":"富山県","city":"南砺市","town":"利賀村下原"},{"pref":"富山県","city":"南砺市","town":"利賀村栃原"},{"pref":"富山県","city":"南砺市","town":"利賀村長崎"}],"0251":[{"pref":"富山県","city":"南砺市","town":"野能原"}],"0225":[{"pref":"富山県","city":"南砺市","town":"畑方"}],"0204":[{"pref":"富山県","city":"南砺市","town":"飛騨屋"}],"0224":[{"pref":"富山県","city":"南砺市","town":"藤橋"}],"0233":[{"pref":"富山県","city":"南砺市","town":"堀道"}],"0217":[{"pref":"富山県","city":"南砺市","town":"本町"}],"0223":[{"pref":"富山県","city":"南砺市","town":"松島"}],"0236":[{"pref":"富山県","city":"南砺市","town":"三日町"}],"0235":[{"pref":"富山県","city":"南砺市","town":"六日町"}],"0215":[{"pref":"富山県","city":"南砺市","town":"山下"}],"0212":[{"pref":"富山県","city":"南砺市","town":"山斐"}],"0231":[{"pref":"富山県","city":"南砺市","town":"山見"}],"0237":[{"pref":"富山県","city":"南砺市","town":"山見町並"}],"0234":[{"pref":"富山県","city":"南砺市","town":"八日町"}],"0244":[{"pref":"富山県","city":"南砺市","town":"連代寺"}]}