{"0024":[{"pref":"島根県","city":"出雲市","town":"猪目町"}],"0042":[{"pref":"島根県","city":"出雲市","town":"十六島町"}],"0063":[{"pref":"島根県","city":"出雲市","town":"岡田町"}],"0021":[{"pref":"島根県","city":"出雲市","town":"奥宇賀町"}],"0043":[{"pref":"島根県","city":"出雲市","town":"釜浦町"}],"0064":[{"pref":"島根県","city":"出雲市","town":"上岡田町"}],"0023":[{"pref":"島根県","city":"出雲市","town":"唐川町"}],"0025":[{"pref":"島根県","city":"出雲市","town":"河下町"}],"0034":[{"pref":"島根県","city":"出雲市","town":"久多見町"}],"0014":[{"pref":"島根県","city":"出雲市","town":"口宇賀町"}],"0011":[{"pref":"島根県","city":"出雲市","town":"国富町"}],"0052":[{"pref":"島根県","city":"出雲市","town":"小伊津町"}],"0074":[{"pref":"島根県","city":"出雲市","town":"小境町"}],"0041":[{"pref":"島根県","city":"出雲市","town":"小津町"}],"0015":[{"pref":"島根県","city":"出雲市","town":"西郷町"}],"0051":[{"pref":"島根県","city":"出雲市","town":"坂浦町"}],"0044":[{"pref":"島根県","city":"出雲市","town":"塩津町"}],"0004":[{"pref":"島根県","city":"出雲市","town":"島村町"}],"0076":[{"pref":"島根県","city":"出雲市","town":"園町"}],"0062":[{"pref":"島根県","city":"出雲市","town":"多久谷町"}],"0061":[{"pref":"島根県","city":"出雲市","town":"多久町"}],"0071":[{"pref":"島根県","city":"出雲市","town":"地合町"}],"0065":[{"pref":"島根県","city":"出雲市","town":"東郷町"}],"0031":[{"pref":"島根県","city":"出雲市","town":"東福町"}],"0003":[{"pref":"島根県","city":"出雲市","town":"灘分町"}],"0012":[{"pref":"島根県","city":"出雲市","town":"西代町"}],"0002":[{"pref":"島根県","city":"出雲市","town":"西平田町"}],"0066":[{"pref":"島根県","city":"出雲市","town":"野石谷町"}],"0072":[{"pref":"島根県","city":"出雲市","town":"野郷町"}],"0001":[{"pref":"島根県","city":"出雲市","town":"平田町"}],"0022":[{"pref":"島根県","city":"出雲市","town":"別所町"}],"0032":[{"pref":"島根県","city":"出雲市","town":"本庄町"}],"0033":[{"pref":"島根県","city":"出雲市","town":"万田町"}],"0013":[{"pref":"島根県","city":"出雲市","town":"美談町"}],"0053":[{"pref":"島根県","city":"出雲市","town":"三津町"}],"0045":[{"pref":"島根県","city":"出雲市","town":"美保町"}],"0073":[{"pref":"島根県","city":"出雲市","town":"美野町"}],"0075":[{"pref":"島根県","city":"出雲市","town":"鹿園寺町"}]}