{"0000":[{"pref":"石川県","city":"白山市","town":"以下に掲載がない場合"}],"0081":[{"pref":"石川県","city":"白山市","town":"相木"}],"0022":[{"pref":"石川県","city":"白山市","town":"相木町"}],"0819":[{"pref":"石川県","city":"白山市","town":"青葉台"}],"0004":[{"pref":"石川県","city":"白山市","town":"旭丘"}],"0019":[{"pref":"石川県","city":"白山市","town":"あさひ荘苑"}],"0888":[{"pref":"石川県","city":"白山市","town":"旭町"}],"0056":[{"pref":"石川県","city":"白山市","town":"阿弥陀島町"}],"0037":[{"pref":"石川県","city":"白山市","town":"荒屋柏野町"}],"0058":[{"pref":"石川県","city":"白山市","town":"石立町"}],"0806":[{"pref":"石川県","city":"白山市","town":"石同新町"}],"0807":[{"pref":"石川県","city":"白山市","town":"石同町"}],"0005":[{"pref":"石川県","city":"白山市","town":"一塚町"}],"0803":[{"pref":"石川県","city":"白山市","town":"乾町"}],"0827":[{"pref":"石川県","city":"白山市","town":"今平町"}],"0847":[{"pref":"石川県","city":"白山市","town":"内方新保町"}],"0835":[{"pref":"石川県","city":"白山市","town":"漆島町"}],"0067":[{"pref":"石川県","city":"白山市","town":"小川町"}],"0826":[{"pref":"石川県","city":"白山市","town":"乙丸町"}],"0062":[{"pref":"石川県","city":"白山市","town":"笠間新"}],"0063":[{"pref":"石川県","city":"白山市","town":"笠間町"}],"0876":[{"pref":"石川県","city":"白山市","town":"鍛治町"}],"0043":[{"pref":"石川県","city":"白山市","town":"柏町"}],"0066":[{"pref":"石川県","city":"白山市","town":"上小川町"}],"0035":[{"pref":"石川県","city":"白山市","town":"上柏野町"}],"0846":[{"pref":"石川県","city":"白山市","town":"上島田町"}],"0828":[{"pref":"石川県","city":"白山市","town":"上二口町"}],"0853":[{"pref":"石川県","city":"白山市","town":"上安田町"}],"0055":[{"pref":"石川県","city":"白山市","town":"北島町"}],"0030":[{"pref":"石川県","city":"白山市","town":"北成町"}],"0039":[{"pref":"石川県","city":"白山市","town":"北安田西"}],"0024":[{"pref":"石川県","city":"白山市","town":"北安田町"}],"0007":[{"pref":"石川県","city":"白山市","town":"倉部町"}],"0865":[{"pref":"石川県","city":"白山市","town":"倉光"}],"0866":[{"pref":"石川県","city":"白山市","town":"倉光西"}],"0064":[{"pref":"石川県","city":"白山市","town":"黒瀬町"}],"0842":[{"pref":"石川県","city":"白山市","town":"剣崎町"}],"0052":[{"pref":"石川県","city":"白山市","town":"源兵島町"}],"0821":[{"pref":"石川県","city":"白山市","town":"木津町"}],"0817":[{"pref":"石川県","city":"白山市","town":"幸明町"}],"0851":[{"pref":"石川県","city":"白山市","town":"御影堂町"}],"0034":[{"pref":"石川県","city":"白山市","town":"小上町"}],"0014":[{"pref":"石川県","city":"白山市","town":"五歩市町"}],"0065":[{"pref":"石川県","city":"白山市","town":"七郎町"}],"0845":[{"pref":"石川県","city":"白山市","town":"島田町"}],"0038":[{"pref":"石川県","city":"白山市","town":"下柏野町"}],"0015":[{"pref":"石川県","city":"白山市","town":"新田町"}],"0020":[{"pref":"石川県","city":"白山市","town":"新成"}],"0878":[{"pref":"石川県","city":"白山市","town":"末広"}],"0825":[{"pref":"石川県","city":"白山市","town":"菅波町"}],"0802":[{"pref":"石川県","city":"白山市","town":"専福寺町"}],"0028":[{"pref":"石川県","city":"白山市","town":"相川新町"}],"0027":[{"pref":"石川県","city":"白山市","town":"相川町"}],"0021":[{"pref":"石川県","city":"白山市","town":"竹松町"}],"0824":[{"pref":"石川県","city":"白山市","town":"田地町"}],"0875":[{"pref":"石川県","city":"白山市","town":"辰巳町"}],"0801":[{"pref":"石川県","city":"白山市","town":"田中町"}],"0867":[{"pref":"石川県","city":"白山市","town":"茶屋"}],"0072":[{"pref":"石川県","city":"白山市","town":"千代野西"}],"0073":[{"pref":"石川県","city":"白山市","town":"千代野東"}],"0074":[{"pref":"石川県","city":"白山市","town":"千代野南"}],"0854":[{"pref":"石川県","city":"白山市","town":"出合島町"}],"0804":[{"pref":"石川県","city":"白山市","town":"徳丸町"}],"0071":[{"pref":"石川県","city":"白山市","town":"徳光町"}],"0885":[{"pref":"石川県","city":"白山市","town":"殿町"}],"0818":[{"pref":"石川県","city":"白山市","town":"中奥町"}],"0036":[{"pref":"石川県","city":"白山市","town":"中柏野町"}],"0848":[{"pref":"石川県","city":"白山市","town":"長島町"}],"0003":[{"pref":"石川県","city":"白山市","town":"中新保町"}],"0811":[{"pref":"石川県","city":"白山市","town":"長竹町"}],"0029":[{"pref":"石川県","city":"白山市","town":"中成"}],"0877":[{"pref":"石川県","city":"白山市","town":"中町"}],"0810":[{"pref":"石川県","city":"白山市","town":"菜の花"}],"0023":[{"pref":"石川県","city":"白山市","town":"成町"}],"0045":[{"pref":"石川県","city":"白山市","town":"西柏"}],"0044":[{"pref":"石川県","city":"白山市","town":"西柏町"}],"0871":[{"pref":"石川県","city":"白山市","town":"西新町"}],"0046":[{"pref":"石川県","city":"白山市","town":"西美沢野"}],"0047":[{"pref":"石川県","city":"白山市","town":"西美沢野町"}],"0808":[{"pref":"石川県","city":"白山市","town":"布市"}],"0863":[{"pref":"石川県","city":"白山市","town":"博労"}],"0814":[{"pref":"石川県","city":"白山市","town":"橋爪新町"}],"0812":[{"pref":"石川県","city":"白山市","town":"橋爪町"}],"0002":[{"pref":"石川県","city":"白山市","town":"八田中町"}],"0001":[{"pref":"石川県","city":"白山市","town":"八田町"}],"0864":[{"pref":"石川県","city":"白山市","town":"馬場"}],"0013":[{"pref":"石川県","city":"白山市","town":"番匠町"}],"0856":[{"pref":"石川県","city":"白山市","town":"番田町"}],"0883":[{"pref":"石川県","city":"白山市","town":"東一番町"}],"0042":[{"pref":"石川県","city":"白山市","town":"東柏町"}],"0887":[{"pref":"石川県","city":"白山市","town":"東三番町"}],"0884":[{"pref":"石川県","city":"白山市","town":"東新町"}],"0886":[{"pref":"石川県","city":"白山市","town":"東二番町"}],"0041":[{"pref":"石川県","city":"白山市","town":"東美沢野町"}],"0026":[{"pref":"石川県","city":"白山市","town":"平木町"}],"0841":[{"pref":"石川県","city":"白山市","town":"平松町"}],"0813":[{"pref":"石川県","city":"白山市","town":"福正寺町"}],"0858":[{"pref":"石川県","city":"白山市","town":"福新町"}],"0051":[{"pref":"石川県","city":"白山市","town":"福留町"}],"0059":[{"pref":"石川県","city":"白山市","town":"福留南"}],"0857":[{"pref":"石川県","city":"白山市","town":"福永町"}],"0012":[{"pref":"石川県","city":"白山市","town":"福増町"}],"0831":[{"pref":"石川県","city":"白山市","town":"藤波"}],"0832":[{"pref":"石川県","city":"白山市","town":"藤木町"}],"0025":[{"pref":"石川県","city":"白山市","town":"蕪城"}],"0872":[{"pref":"石川県","city":"白山市","town":"古城町"}],"0076":[{"pref":"石川県","city":"白山市","town":"法仏町"}],"0823":[{"pref":"石川県","city":"白山市","town":"坊丸町"}],"0057":[{"pref":"石川県","city":"白山市","town":"松本町"}],"0815":[{"pref":"石川県","city":"白山市","town":"三浦町"}],"0820":[{"pref":"石川県","city":"白山市","town":"美里町"}],"0048":[{"pref":"石川県","city":"白山市","town":"美沢野町"}],"0855":[{"pref":"石川県","city":"白山市","town":"水島町"}],"0822":[{"pref":"石川県","city":"白山市","town":"みずほ"}],"0053":[{"pref":"石川県","city":"白山市","town":"水澄町"}],"0016":[{"pref":"石川県","city":"白山市","town":"宮永市町"}],"0018":[{"pref":"石川県","city":"白山市","town":"宮永新町"}],"0017":[{"pref":"石川県","city":"白山市","town":"宮永町"}],"0069":[{"pref":"石川県","city":"白山市","town":"宮原町"}],"0068":[{"pref":"石川県","city":"白山市","town":"宮保新町"}],"0061":[{"pref":"石川県","city":"白山市","town":"宮保町"}],"0033":[{"pref":"石川県","city":"白山市","town":"宮丸町"}],"0816":[{"pref":"石川県","city":"白山市","town":"三幸町"}],"0833":[{"pref":"石川県","city":"白山市","town":"向島町"}],"0006":[{"pref":"石川県","city":"白山市","town":"村井新町"}],"0031":[{"pref":"石川県","city":"白山市","town":"村井東"}],"0032":[{"pref":"石川県","city":"白山市","town":"村井町"}],"0834":[{"pref":"石川県","city":"白山市","town":"矢頃島町"}],"0862":[{"pref":"石川県","city":"白山市","town":"安田町"}],"0843":[{"pref":"石川県","city":"白山市","town":"安吉町"}],"0838":[{"pref":"石川県","city":"白山市","town":"八束穂"}],"0881":[{"pref":"石川県","city":"白山市","town":"八ツ矢新町"}],"0882":[{"pref":"石川県","city":"白山市","town":"八ツ矢町"}],"0836":[{"pref":"石川県","city":"白山市","town":"山島台"}],"0873":[{"pref":"石川県","city":"白山市","town":"八日市町"}],"0011":[{"pref":"石川県","city":"白山市","town":"横江町"}],"0861":[{"pref":"石川県","city":"白山市","town":"横町"}],"0837":[{"pref":"石川県","city":"白山市","town":"吉田町"}],"0874":[{"pref":"石川県","city":"白山市","town":"四日市町"}],"0852":[{"pref":"石川県","city":"白山市","town":"四ツ屋町"}],"0075":[{"pref":"石川県","city":"白山市","town":"米永町"}],"0054":[{"pref":"石川県","city":"白山市","town":"米光町"}],"0844":[{"pref":"石川県","city":"白山市","town":"寄新保町"}],"0805":[{"pref":"石川県","city":"白山市","town":"若宮"}]}