{"1101":[{"pref":"福島県","city":"福島市","town":"大森"}],"1102":[{"pref":"福島県","city":"福島市","town":"永井川"}],"1103":[{"pref":"福島県","city":"福島市","town":"平石"}],"1104":[{"pref":"福島県","city":"福島市","town":"小田"}],"1105":[{"pref":"福島県","city":"福島市","town":"山田"}],"1106":[{"pref":"福島県","city":"福島市","town":"下鳥渡"}],"1107":[{"pref":"福島県","city":"福島市","town":"上鳥渡"}],"1108":[{"pref":"福島県","city":"福島市","town":"成川"}],"1231":[{"pref":"福島県","city":"福島市","town":"松川町沼袋"}],"1232":[{"pref":"福島県","city":"福島市","town":"松川町下川崎"}],"1241":[{"pref":"福島県","city":"福島市","town":"松川町"}],"1242":[{"pref":"福島県","city":"福島市","town":"松川町美郷"}],"1243":[{"pref":"福島県","city":"福島市","town":"松川町水原"}],"1244":[{"pref":"福島県","city":"福島市","town":"松川町関谷"}],"1245":[{"pref":"福島県","city":"福島市","town":"松川町浅川"}],"1246":[{"pref":"福島県","city":"福島市","town":"松川町金沢"}],"1247":[{"pref":"福島県","city":"福島市","town":"光が丘"}],"1248":[{"pref":"福島県","city":"福島市","town":"金谷川"}],"1301":[{"pref":"福島県","city":"福島市","town":"飯野町"}],"1302":[{"pref":"福島県","city":"福島市","town":"飯野町明治"}],"1303":[{"pref":"福島県","city":"福島市","town":"飯野町青木"}],"1304":[{"pref":"福島県","city":"福島市","town":"飯野町大久保"}],"1321":[{"pref":"福島県","city":"福島市","town":"立子山"}],"1400":[{"pref":"福島県","city":"伊達郡川俣町","town":"以下に掲載がない場合"}],"1401":[{"pref":"福島県","city":"伊達郡川俣町","town":"飯坂"}],"1402":[{"pref":"福島県","city":"伊達郡川俣町","town":"小綱木"}],"1403":[{"pref":"福島県","city":"伊達郡川俣町","town":"大綱木"}],"1404":[{"pref":"福島県","city":"伊達郡川俣町","town":"西福沢"}],"1405":[{"pref":"福島県","city":"伊達郡川俣町","town":"東福沢"}],"1406":[{"pref":"福島県","city":"伊達郡川俣町","town":"鶴沢"}],"1407":[{"pref":"福島県","city":"伊達郡川俣町","town":"小神"}],"1408":[{"pref":"福島県","city":"伊達郡川俣町","town":"羽田"}],"1409":[{"pref":"福島県","city":"伊達郡川俣町","town":"秋山"}],"1411":[{"pref":"福島県","city":"伊達郡川俣町","town":"細田"}],"1412":[{"pref":"福島県","city":"伊達郡川俣町","town":"仲ノ内"}],"1413":[{"pref":"福島県","city":"伊達郡川俣町","town":"広畑"}],"1414":[{"pref":"福島県","city":"伊達郡川俣町","town":"上桜"}],"1415":[{"pref":"福島県","city":"伊達郡川俣町","town":"仁井町"}],"1416":[{"pref":"福島県","city":"伊達郡川俣町","town":"舘ノ腰"}],"1417":[{"pref":"福島県","city":"伊達郡川俣町","town":"橋本"}],"1421":[{"pref":"福島県","city":"伊達郡川俣町","town":"鉄炮町"}],"1422":[{"pref":"福島県","city":"伊達郡川俣町","town":"新中町"}],"1423":[{"pref":"福島県","city":"伊達郡川俣町","town":"池ノ入"}],"1424":[{"pref":"福島県","city":"伊達郡川俣町","town":"寺久保"}],"1425":[{"pref":"福島県","city":"伊達郡川俣町","town":"新宮"}],"1426":[{"pref":"福島県","city":"伊達郡川俣町","town":"日和田"}],"1427":[{"pref":"福島県","city":"伊達郡川俣町","town":"段ノ腰"}],"1428":[{"pref":"福島県","city":"伊達郡川俣町","town":"五百田"}],"1429":[{"pref":"福島県","city":"伊達郡川俣町","town":"柏崎"}],"1431":[{"pref":"福島県","city":"伊達郡川俣町","town":"大清水"}],"1432":[{"pref":"福島県","city":"伊達郡川俣町","town":"東大清水"}],"1433":[{"pref":"福島県","city":"伊達郡川俣町","town":"賤ノ田"}],"1434":[{"pref":"福島県","city":"伊達郡川俣町","town":"小作"}],"1435":[{"pref":"福島県","city":"伊達郡川俣町","town":"大作"}],"1436":[{"pref":"福島県","city":"伊達郡川俣町","town":"川原田"}],"1441":[{"pref":"福島県","city":"伊達郡川俣町","town":"道内"}],"1442":[{"pref":"福島県","city":"伊達郡川俣町","town":"後庵"}],"1443":[{"pref":"福島県","city":"伊達郡川俣町","town":"大内"}],"1444":[{"pref":"福島県","city":"伊達郡川俣町","town":"根本"}],"1445":[{"pref":"福島県","city":"伊達郡川俣町","town":"中島"}],"1446":[{"pref":"福島県","city":"伊達郡川俣町","town":"舘"}],"1451":[{"pref":"福島県","city":"伊達郡川俣町","town":"本町"}],"1452":[{"pref":"福島県","city":"伊達郡川俣町","town":"後田"}],"1453":[{"pref":"福島県","city":"伊達郡川俣町","town":"瓦町"}],"1454":[{"pref":"福島県","city":"伊達郡川俣町","town":"八反田"}],"1455":[{"pref":"福島県","city":"伊達郡川俣町","town":"竹ノ内"}],"1456":[{"pref":"福島県","city":"伊達郡川俣町","town":"中丁"}],"1461":[{"pref":"福島県","city":"伊達郡川俣町","town":"宮町"}],"1462":[{"pref":"福島県","city":"伊達郡川俣町","town":"寺前"}],"1463":[{"pref":"福島県","city":"伊達郡川俣町","town":"樋ノ口"}],"1464":[{"pref":"福島県","city":"伊達郡川俣町","town":"宮ノ脇"}],"1465":[{"pref":"福島県","city":"伊達郡川俣町","town":"赤坂"}],"1466":[{"pref":"福島県","city":"伊達郡川俣町","town":"宮前"}],"1467":[{"pref":"福島県","city":"伊達郡川俣町","town":"宮ノ入"}],"1468":[{"pref":"福島県","city":"伊達郡川俣町","town":"天神入"}],"1469":[{"pref":"福島県","city":"伊達郡川俣町","town":"道場"}],"1471":[{"pref":"福島県","city":"伊達郡川俣町","town":"西戸ノ内"}],"1472":[{"pref":"福島県","city":"伊達郡川俣町","town":"草ケ入"}],"1473":[{"pref":"福島県","city":"伊達郡川俣町","town":"桜ケ作"}],"1474":[{"pref":"福島県","city":"伊達郡川俣町","town":"七曲"}],"1475":[{"pref":"福島県","city":"伊達郡川俣町","town":"早坂"}],"1476":[{"pref":"福島県","city":"伊達郡川俣町","town":"石川"}],"1477":[{"pref":"福島県","city":"伊達郡川俣町","town":"倉ケ作"}],"1478":[{"pref":"福島県","city":"伊達郡川俣町","town":"壁沢"}],"1481":[{"pref":"福島県","city":"伊達郡川俣町","town":"七窪"}],"1482":[{"pref":"福島県","city":"伊達郡川俣町","town":"元屋敷"}],"1483":[{"pref":"福島県","city":"伊達郡川俣町","town":"壺ケ作"}],"1484":[{"pref":"福島県","city":"伊達郡川俣町","town":"延命神"}],"1485":[{"pref":"福島県","city":"伊達郡川俣町","town":"海老ケ作"}],"1486":[{"pref":"福島県","city":"伊達郡川俣町","town":"下拍子"}],"1487":[{"pref":"福島県","city":"伊達郡川俣町","town":"三百田"}],"1488":[{"pref":"福島県","city":"伊達郡川俣町","town":"新田"}],"1489":[{"pref":"福島県","city":"伊達郡川俣町","town":"小島"}],"1501":[{"pref":"福島県","city":"伊達郡川俣町","town":"山木屋"}],"1600":[{"pref":"福島県","city":"相馬郡飯舘村","town":"以下に掲載がない場合"}],"1631":[{"pref":"福島県","city":"相馬郡飯舘村","town":"松塚"}],"1632":[{"pref":"福島県","city":"相馬郡飯舘村","town":"関根"}],"1633":[{"pref":"福島県","city":"相馬郡飯舘村","town":"臼石"}],"1634":[{"pref":"福島県","city":"相馬郡飯舘村","town":"二枚橋"}],"1635":[{"pref":"福島県","city":"相馬郡飯舘村","town":"須萱"}],"1636":[{"pref":"福島県","city":"相馬郡飯舘村","town":"前田"}],"1721":[{"pref":"福島県","city":"相馬郡飯舘村","town":"飯樋"}],"1722":[{"pref":"福島県","city":"相馬郡飯舘村","town":"比曽"}],"1723":[{"pref":"福島県","city":"相馬郡飯舘村","town":"長泥"}],"1724":[{"pref":"福島県","city":"相馬郡飯舘村","town":"蕨平"}],"1801":[{"pref":"福島県","city":"相馬郡飯舘村","town":"草野"}],"1802":[{"pref":"福島県","city":"相馬郡飯舘村","town":"深谷"}],"1803":[{"pref":"福島県","city":"相馬郡飯舘村","town":"伊丹沢"}],"1804":[{"pref":"福島県","city":"相馬郡飯舘村","town":"関沢"}],"1811":[{"pref":"福島県","city":"相馬郡飯舘村","town":"小宮"}],"1812":[{"pref":"福島県","city":"相馬郡飯舘村","town":"芦原"}],"1813":[{"pref":"福島県","city":"相馬郡飯舘村","town":"八木沢"}],"1814":[{"pref":"福島県","city":"相馬郡飯舘村","town":"大倉"}],"1815":[{"pref":"福島県","city":"相馬郡飯舘村","town":"佐須"}],"2101":[{"pref":"福島県","city":"福島市","town":"さくら"}],"2102":[{"pref":"福島県","city":"福島市","town":"荒井北"}],"2151":[{"pref":"福島県","city":"福島市","town":"桜本（その他）"}],"2152":[{"pref":"福島県","city":"福島市","town":"土船"}],"2153":[{"pref":"福島県","city":"福島市","town":"庄野"}],"2154":[{"pref":"福島県","city":"福島市","town":"佐倉下"}],"2155":[{"pref":"福島県","city":"福島市","town":"上名倉"}],"2156":[{"pref":"福島県","city":"福島市","town":"荒井"}],"2157":[{"pref":"福島県","city":"福島市","town":"土湯温泉町"}],"2158":[{"pref":"福島県","city":"福島市","town":"佐原"}],"2251":[{"pref":"福島県","city":"福島市","town":"桜本（木通沢）"}],"2261":[{"pref":"福島県","city":"福島市","town":"町庭坂"}],"2262":[{"pref":"福島県","city":"福島市","town":"在庭坂"}],"2263":[{"pref":"福島県","city":"福島市","town":"二子塚"}],"8001":[{"pref":"福島県","city":"福島市","town":"天神町"}],"8002":[{"pref":"福島県","city":"福島市","town":"森合町"}],"8003":[{"pref":"福島県","city":"福島市","town":"森合"}],"8011":[{"pref":"福島県","city":"福島市","town":"宮下町"}],"8012":[{"pref":"福島県","city":"福島市","town":"御山町"}],"8013":[{"pref":"福島県","city":"福島市","town":"南平"}],"8014":[{"pref":"福島県","city":"福島市","town":"大平山"},{"pref":"福島県","city":"福島市","town":"児石"}],"8015":[{"pref":"福島県","city":"福島市","town":"狐山"}],"8016":[{"pref":"福島県","city":"福島市","town":"狐塚畑"}],"8017":[{"pref":"福島県","city":"福島市","town":"狐塚"}],"8018":[{"pref":"福島県","city":"福島市","town":"松木町"}],"8021":[{"pref":"福島県","city":"福島市","town":"霞町"}],"8022":[{"pref":"福島県","city":"福島市","town":"新浜町"}],"8023":[{"pref":"福島県","city":"福島市","town":"大明神"}],"8024":[{"pref":"福島県","city":"福島市","town":"堂殿"}],"8025":[{"pref":"福島県","city":"福島市","town":"駒山"}],"8026":[{"pref":"福島県","city":"福島市","town":"狩野"}],"8031":[{"pref":"福島県","city":"福島市","town":"栄町"}],"8032":[{"pref":"福島県","city":"福島市","town":"陣場町"}],"8033":[{"pref":"福島県","city":"福島市","town":"万世町"}],"8034":[{"pref":"福島県","city":"福島市","town":"置賜町"}],"8035":[{"pref":"福島県","city":"福島市","town":"本町"}],"8036":[{"pref":"福島県","city":"福島市","town":"新町"}],"8041":[{"pref":"福島県","city":"福島市","town":"大町"}],"8042":[{"pref":"福島県","city":"福島市","town":"荒町"}],"8043":[{"pref":"福島県","city":"福島市","town":"中町"}],"8044":[{"pref":"福島県","city":"福島市","town":"早稲町"}],"8051":[{"pref":"福島県","city":"福島市","town":"曽根田町"}],"8052":[{"pref":"福島県","city":"福島市","town":"公事田"}],"8053":[{"pref":"福島県","city":"福島市","town":"三河南町"}],"8054":[{"pref":"福島県","city":"福島市","town":"三河北町"}],"8055":[{"pref":"福島県","city":"福島市","town":"野田町"}],"8056":[{"pref":"福島県","city":"福島市","town":"八島田"}],"8057":[{"pref":"福島県","city":"福島市","town":"笹木野"}],"8061":[{"pref":"福島県","city":"福島市","town":"五月町"}],"8062":[{"pref":"福島県","city":"福島市","town":"清明町"}],"8063":[{"pref":"福島県","city":"福島市","town":"柳町"}],"8064":[{"pref":"福島県","city":"福島市","town":"御倉町"}],"8065":[{"pref":"福島県","city":"福島市","town":"杉妻町"}],"8066":[{"pref":"福島県","city":"福島市","town":"矢剣町"}],"8067":[{"pref":"福島県","city":"福島市","town":"須川町"}],"8068":[{"pref":"福島県","city":"福島市","town":"太田町"}],"8071":[{"pref":"福島県","city":"福島市","town":"東中央"}],"8072":[{"pref":"福島県","city":"福島市","town":"北中央"}],"8073":[{"pref":"福島県","city":"福島市","town":"南中央"}],"8074":[{"pref":"福島県","city":"福島市","town":"西中央"}],"8075":[{"pref":"福島県","city":"福島市","town":"下野寺"}],"8076":[{"pref":"福島県","city":"福島市","town":"上野寺"}],"8101":[{"pref":"福島県","city":"福島市","town":"上町"}],"8102":[{"pref":"福島県","city":"福島市","town":"北町"}],"8103":[{"pref":"福島県","city":"福島市","town":"舟場町"}],"8104":[{"pref":"福島県","city":"福島市","town":"豊田町"}],"8105":[{"pref":"福島県","city":"福島市","town":"仲間町"}],"8106":[{"pref":"福島県","city":"福島市","town":"宮町"}],"8107":[{"pref":"福島県","city":"福島市","town":"浜田町"}],"8111":[{"pref":"福島県","city":"福島市","town":"五老内町"}],"8112":[{"pref":"福島県","city":"福島市","town":"花園町"}],"8113":[{"pref":"福島県","city":"福島市","town":"旭町"}],"8114":[{"pref":"福島県","city":"福島市","town":"松浪町"}],"8115":[{"pref":"福島県","city":"福島市","town":"山下町"}],"8116":[{"pref":"福島県","city":"福島市","town":"春日町"}],"8117":[{"pref":"福島県","city":"福島市","town":"入江町"}],"8121":[{"pref":"福島県","city":"福島市","town":"小金山"}],"8122":[{"pref":"福島県","city":"福島市","town":"清水山"}],"8123":[{"pref":"福島県","city":"福島市","town":"所窪"}],"8124":[{"pref":"福島県","city":"福島市","town":"山居上"}],"8125":[{"pref":"福島県","city":"福島市","town":"鴇頭森"}],"8131":[{"pref":"福島県","city":"福島市","town":"北五老内町"}],"8132":[{"pref":"福島県","city":"福島市","town":"東浜町"}],"8133":[{"pref":"福島県","city":"福島市","town":"桜木町"}],"8134":[{"pref":"福島県","city":"福島市","town":"上浜町"}],"8135":[{"pref":"福島県","city":"福島市","town":"腰浜町"}],"8136":[{"pref":"福島県","city":"福島市","town":"八島町"}],"8137":[{"pref":"福島県","city":"福島市","town":"堀河町"}],"8141":[{"pref":"福島県","city":"福島市","town":"渡利"}],"8142":[{"pref":"福島県","city":"福島市","town":"小倉寺"}],"8143":[{"pref":"福島県","city":"福島市","town":"南向台"}],"8151":[{"pref":"福島県","city":"福島市","town":"太平寺"}],"8152":[{"pref":"福島県","city":"福島市","town":"鳥谷野"}],"8153":[{"pref":"福島県","city":"福島市","town":"黒岩"}],"8154":[{"pref":"福島県","city":"福島市","town":"伏拝"}],"8155":[{"pref":"福島県","city":"福島市","town":"清水町"}],"8156":[{"pref":"福島県","city":"福島市","town":"田沢"}],"8157":[{"pref":"福島県","city":"福島市","town":"蓬莱町"}],"8161":[{"pref":"福島県","city":"福島市","town":"郷野目"}],"8162":[{"pref":"福島県","city":"福島市","town":"南町"}],"8163":[{"pref":"福島県","city":"福島市","town":"方木田"}],"8164":[{"pref":"福島県","city":"福島市","town":"八木田"}],"8165":[{"pref":"福島県","city":"福島市","town":"吉倉"}],"8166":[{"pref":"福島県","city":"福島市","town":"仁井田"}],"8201":[{"pref":"福島県","city":"福島市","town":"岡島"}],"8202":[{"pref":"福島県","city":"福島市","town":"山口"}],"8203":[{"pref":"福島県","city":"福島市","town":"本内（南下釜）"}],"8204":[{"pref":"福島県","city":"福島市","town":"岡部"}],"8211":[{"pref":"福島県","city":"福島市","town":"茶屋下"}],"8212":[{"pref":"福島県","city":"福島市","town":"道前"}],"8213":[{"pref":"福島県","city":"福島市","town":"遠瀬戸"}],"8214":[{"pref":"福島県","city":"福島市","town":"古川"}],"8215":[{"pref":"福島県","city":"福島市","town":"下荒子"}],"8216":[{"pref":"福島県","city":"福島市","town":"中荒子"}],"8217":[{"pref":"福島県","city":"福島市","town":"上荒子"}],"8218":[{"pref":"福島県","city":"福島市","town":"高野河原下"}],"8221":[{"pref":"福島県","city":"福島市","town":"北中川原"}],"8222":[{"pref":"福島県","city":"福島市","town":"蝦貫"}],"8223":[{"pref":"福島県","city":"福島市","town":"矢倉下"}],"8224":[{"pref":"福島県","city":"福島市","town":"舘ノ前"}],"8225":[{"pref":"福島県","city":"福島市","town":"舘ノ内"}],"8226":[{"pref":"福島県","city":"福島市","town":"北ノ前"}],"8227":[{"pref":"福島県","city":"福島市","town":"田中島"}],"8228":[{"pref":"福島県","city":"福島市","town":"松山町"}],"8231":[{"pref":"福島県","city":"福島市","town":"北原"}],"8232":[{"pref":"福島県","city":"福島市","town":"立石"}],"8233":[{"pref":"福島県","city":"福島市","town":"猫渕"}],"8234":[{"pref":"福島県","city":"福島市","town":"山居"}],"8235":[{"pref":"福島県","city":"福島市","town":"滝元"}],"8236":[{"pref":"福島県","city":"福島市","town":"山際"}],"8237":[{"pref":"福島県","city":"福島市","town":"大森（２－２）"}],"8241":[{"pref":"福島県","city":"福島市","town":"岩ノ前"}],"8242":[{"pref":"福島県","city":"福島市","town":"坂登"}],"8243":[{"pref":"福島県","city":"福島市","town":"岩谷"}],"8244":[{"pref":"福島県","city":"福島市","town":"石田"}],"8251":[{"pref":"福島県","city":"福島市","town":"北沢又"}],"8252":[{"pref":"福島県","city":"福島市","town":"御山"}],"8253":[{"pref":"福島県","city":"福島市","town":"泉"}],"8254":[{"pref":"福島県","city":"福島市","town":"南沢又"}],"0000":[{"pref":"福島県","city":"福島市","town":"以下に掲載がない場合"}],"0201":[{"pref":"福島県","city":"福島市","town":"飯坂町"}],"0261":[{"pref":"福島県","city":"福島市","town":"飯坂町中野"}],"0221":[{"pref":"福島県","city":"福島市","town":"飯坂町東湯野"}],"0231":[{"pref":"福島県","city":"福島市","town":"飯坂町平野"}],"0271":[{"pref":"福島県","city":"福島市","town":"飯坂町茂庭"}],"0211":[{"pref":"福島県","city":"福島市","town":"飯坂町湯野"}],"0251":[{"pref":"福島県","city":"福島市","town":"大笹生"}],"0811":[{"pref":"福島県","city":"福島市","town":"大波"}],"0114":[{"pref":"福島県","city":"福島市","town":"沖高"}],"0102":[{"pref":"福島県","city":"福島市","town":"鎌田"}],"0113":[{"pref":"福島県","city":"福島市","town":"北矢野目"}],"0241":[{"pref":"福島県","city":"福島市","town":"笹谷"}],"0115":[{"pref":"福島県","city":"福島市","town":"下飯坂"}],"0252":[{"pref":"福島県","city":"福島市","town":"李平"}],"0101":[{"pref":"福島県","city":"福島市","town":"瀬上町"}],"0111":[{"pref":"福島県","city":"福島市","town":"丸子"}],"0112":[{"pref":"福島県","city":"福島市","town":"南矢野目"}],"0116":[{"pref":"福島県","city":"福島市","town":"宮代"}],"0103":[{"pref":"福島県","city":"福島市","town":"本内（その他）"}],"0600":[{"pref":"福島県","city":"伊達市","town":"以下に掲載がない場合"}],"0423":[{"pref":"福島県","city":"伊達市","town":"荒町"}],"0405":[{"pref":"福島県","city":"伊達市","town":"一本木"}],"0421":[{"pref":"福島県","city":"伊達市","town":"一本杉"}],"0437":[{"pref":"福島県","city":"伊達市","town":"一本松"}],"0415":[{"pref":"福島県","city":"伊達市","town":"右城"}],"0455":[{"pref":"福島県","city":"伊達市","town":"姥石"}],"0424":[{"pref":"福島県","city":"伊達市","town":"姥ケ懐"}],"0425":[{"pref":"福島県","city":"伊達市","town":"姥川"}],"0488":[{"pref":"福島県","city":"伊達市","town":"上台"}],"0457":[{"pref":"福島県","city":"伊達市","town":"江向"}],"0458":[{"pref":"福島県","city":"伊達市","town":"扇田"}],"0408":[{"pref":"福島県","city":"伊達市","town":"岡沼"}],"0418":[{"pref":"福島県","city":"伊達市","town":"岡前"}],"0485":[{"pref":"福島県","city":"伊達市","town":"篭田"}],"0427":[{"pref":"福島県","city":"伊達市","town":"鍛治屋川"}],"0477":[{"pref":"福島県","city":"伊達市","town":"柏木町"}],"0461":[{"pref":"福島県","city":"伊達市","town":"片町"}],"0433":[{"pref":"福島県","city":"伊達市","town":"上川原"}],"0453":[{"pref":"福島県","city":"伊達市","town":"上志和田"}],"0422":[{"pref":"福島県","city":"伊達市","town":"川原田"}],"0431":[{"pref":"福島県","city":"伊達市","town":"川原町"}],"0468":[{"pref":"福島県","city":"伊達市","town":"北後"}],"0417":[{"pref":"福島県","city":"伊達市","town":"北畑"}],"0474":[{"pref":"福島県","city":"伊達市","town":"沓形"}],"0465":[{"pref":"福島県","city":"伊達市","town":"久根妻"}],"0428":[{"pref":"福島県","city":"伊達市","town":"坂ノ上"}],"0426":[{"pref":"福島県","city":"伊達市","town":"坂ノ下"}],"0473":[{"pref":"福島県","city":"伊達市","town":"沢田"}],"0401":[{"pref":"福島県","city":"伊達市","town":"下川原"}],"0451":[{"pref":"福島県","city":"伊達市","town":"下志和田"}],"0454":[{"pref":"福島県","city":"伊達市","town":"志和田前"}],"0441":[{"pref":"福島県","city":"伊達市","town":"新町"}],"0445":[{"pref":"福島県","city":"伊達市","town":"神明前"}],"0442":[{"pref":"福島県","city":"伊達市","town":"菅田"}],"0443":[{"pref":"福島県","city":"伊達市","town":"諏訪西"}],"0446":[{"pref":"福島県","city":"伊達市","town":"諏訪野"}],"0444":[{"pref":"福島県","city":"伊達市","town":"諏訪前"}],"0435":[{"pref":"福島県","city":"伊達市","town":"堰上"}],"0434":[{"pref":"福島県","city":"伊達市","town":"堰下"}],"0489":[{"pref":"福島県","city":"伊達市","town":"瀬戸場"}],"0412":[{"pref":"福島県","city":"伊達市","town":"雪車町"}],"0487":[{"pref":"福島県","city":"伊達市","town":"高田"}],"0467":[{"pref":"福島県","city":"伊達市","town":"舘ノ内"}],"0463":[{"pref":"福島県","city":"伊達市","town":"田町"}],"0429":[{"pref":"福島県","city":"伊達市","town":"塚畑"}],"0904":[{"pref":"福島県","city":"伊達市","town":"月舘町上手渡"}],"0903":[{"pref":"福島県","city":"伊達市","town":"月舘町下手渡"}],"0902":[{"pref":"福島県","city":"伊達市","town":"月舘町月舘"}],"0905":[{"pref":"福島県","city":"伊達市","town":"月舘町糠田"}],"0901":[{"pref":"福島県","city":"伊達市","town":"月舘町布川"}],"0906":[{"pref":"福島県","city":"伊達市","town":"月舘町御代田"}],"0482":[{"pref":"福島県","city":"伊達市","town":"鶴田"}],"0476":[{"pref":"福島県","city":"伊達市","town":"鶴巻"}],"0447":[{"pref":"福島県","city":"伊達市","town":"寺前"}],"0406":[{"pref":"福島県","city":"伊達市","town":"堂ノ内"}],"0414":[{"pref":"福島県","city":"伊達市","town":"長岡"}],"0432":[{"pref":"福島県","city":"伊達市","town":"長川原"}],"0452":[{"pref":"福島県","city":"伊達市","town":"中志和田"}],"0416":[{"pref":"福島県","city":"伊達市","town":"中畑"}],"0471":[{"pref":"福島県","city":"伊達市","town":"長町"}],"0456":[{"pref":"福島県","city":"伊達市","town":"中道"}],"0411":[{"pref":"福島県","city":"伊達市","town":"梨子木町"}],"0466":[{"pref":"福島県","city":"伊達市","town":"根岸"}],"0472":[{"pref":"福島県","city":"伊達市","town":"根田"}],"0479":[{"pref":"福島県","city":"伊達市","town":"野崎"}],"0502":[{"pref":"福島県","city":"伊達市","town":"箱崎"}],"0484":[{"pref":"福島県","city":"伊達市","town":"馬場口"}],"0404":[{"pref":"福島県","city":"伊達市","town":"原島"}],"0407":[{"pref":"福島県","city":"伊達市","town":"日照"}],"0419":[{"pref":"福島県","city":"伊達市","town":"広前"}],"0501":[{"pref":"福島県","city":"伊達市","town":"伏黒"}],"0475":[{"pref":"福島県","city":"伊達市","town":"干供田"}],"0478":[{"pref":"福島県","city":"伊達市","town":"細谷"}],"0624":[{"pref":"福島県","city":"伊達市","town":"保原町１丁目"}],"0625":[{"pref":"福島県","city":"伊達市","town":"保原町２丁目"}],"0626":[{"pref":"福島県","city":"伊達市","town":"保原町３丁目"}],"0627":[{"pref":"福島県","city":"伊達市","town":"保原町４丁目"}],"0615":[{"pref":"福島県","city":"伊達市","town":"保原町５丁目"}],"0616":[{"pref":"福島県","city":"伊達市","town":"保原町６丁目"}],"0617":[{"pref":"福島県","city":"伊達市","town":"保原町７丁目"}],"0618":[{"pref":"福島県","city":"伊達市","town":"保原町８丁目"}],"0619":[{"pref":"福島県","city":"伊達市","town":"保原町９丁目"}],"0607":[{"pref":"福島県","city":"伊達市","town":"保原町１０丁目"}],"0608":[{"pref":"福島県","city":"伊達市","town":"保原町１１丁目"}],"0609":[{"pref":"福島県","city":"伊達市","town":"保原町１２丁目"}],"0669":[{"pref":"福島県","city":"伊達市","town":"保原町赤橋"}],"0687":[{"pref":"福島県","city":"伊達市","town":"保原町旭町"}],"0679":[{"pref":"福島県","city":"伊達市","town":"保原町油谷地"}],"0653":[{"pref":"福島県","city":"伊達市","town":"保原町泉町"}],"0622":[{"pref":"福島県","city":"伊達市","town":"保原町市柳町"}],"0614":[{"pref":"福島県","city":"伊達市","town":"保原町磐前通"}],"0613":[{"pref":"福島県","city":"伊達市","town":"保原町内町"}],"0634":[{"pref":"福島県","city":"伊達市","town":"保原町大泉"}],"0632":[{"pref":"福島県","city":"伊達市","town":"保原町大立目"}],"0664":[{"pref":"福島県","city":"伊達市","town":"保原町太田中"}],"0675":[{"pref":"福島県","city":"伊達市","town":"保原町大柳"}],"0665":[{"pref":"福島県","city":"伊達市","town":"保原町岡代"}],"0654":[{"pref":"福島県","city":"伊達市","town":"保原町小幡町"}],"0651":[{"pref":"福島県","city":"伊達市","town":"保原町柏町"}],"0661":[{"pref":"福島県","city":"伊達市","town":"保原町金原田"}],"0674":[{"pref":"福島県","city":"伊達市","town":"保原町上野崎"}],"0684":[{"pref":"福島県","city":"伊達市","town":"保原町上保原"}],"0668":[{"pref":"福島県","city":"伊達市","town":"保原町烏内"}],"0638":[{"pref":"福島県","city":"伊達市","town":"保原町北河原"}],"0678":[{"pref":"福島県","city":"伊達市","town":"保原町京門"}],"0602":[{"pref":"福島県","city":"伊達市","town":"保原町久保"}],"0685":[{"pref":"福島県","city":"伊達市","town":"保原町黄金町"}],"0647":[{"pref":"福島県","city":"伊達市","town":"保原町小蓋"}],"0601":[{"pref":"福島県","city":"伊達市","town":"保原町栄町"}],"0649":[{"pref":"福島県","city":"伊達市","town":"保原町清水町"}],"0643":[{"pref":"福島県","city":"伊達市","town":"保原町下河原"}],"0672":[{"pref":"福島県","city":"伊達市","town":"保原町下野崎"}],"0637":[{"pref":"福島県","city":"伊達市","town":"保原町将監"}],"0611":[{"pref":"福島県","city":"伊達市","town":"保原町城ノ内"}],"0676":[{"pref":"福島県","city":"伊達市","town":"保原町千刈"}],"0645":[{"pref":"福島県","city":"伊達市","town":"保原町台後"}],"0683":[{"pref":"福島県","city":"伊達市","town":"保原町高成田"}],"0686":[{"pref":"福島県","city":"伊達市","town":"保原町竹内町"}],"0606":[{"pref":"福島県","city":"伊達市","town":"保原町鉄炮町"}],"0681":[{"pref":"福島県","city":"伊達市","town":"保原町所沢"}],"0682":[{"pref":"福島県","city":"伊達市","town":"保原町富沢"}],"0644":[{"pref":"福島県","city":"伊達市","town":"保原町豊田"},{"pref":"福島県","city":"伊達市","town":"保原町豊町"}],"0631":[{"pref":"福島県","city":"伊達市","town":"保原町中瀬"}],"0657":[{"pref":"福島県","city":"伊達市","town":"保原町中瀬町"}],"0621":[{"pref":"福島県","city":"伊達市","town":"保原町中村町"}],"0633":[{"pref":"福島県","city":"伊達市","town":"保原町二井田"}],"0650":[{"pref":"福島県","city":"伊達市","town":"保原町西新田"}],"0641":[{"pref":"福島県","city":"伊達市","town":"保原町西猫川"}],"0659":[{"pref":"福島県","city":"伊達市","town":"保原町西ノ内"}],"0652":[{"pref":"福島県","city":"伊達市","town":"保原町西町"}],"0673":[{"pref":"福島県","city":"伊達市","town":"保原町野崎"}],"0662":[{"pref":"福島県","city":"伊達市","town":"保原町柱田"}],"0667":[{"pref":"福島県","city":"伊達市","town":"保原町八幡台"}],"0635":[{"pref":"福島県","city":"伊達市","town":"保原町半道"}],"0648":[{"pref":"福島県","city":"伊達市","town":"保原町東小蓋"}],"0646":[{"pref":"福島県","city":"伊達市","town":"保原町東台後"}],"0642":[{"pref":"福島県","city":"伊達市","town":"保原町東猫川"}],"0671":[{"pref":"福島県","city":"伊達市","town":"保原町東野崎"}],"0663":[{"pref":"福島県","city":"伊達市","town":"保原町舟橋"}],"0658":[{"pref":"福島県","city":"伊達市","town":"保原町古川端"}],"0603":[{"pref":"福島県","city":"伊達市","town":"保原町古町"}],"0623":[{"pref":"福島県","city":"伊達市","town":"保原町前田町"}],"0688":[{"pref":"福島県","city":"伊達市","town":"保原町みずほ"}],"0628":[{"pref":"福島県","city":"伊達市","town":"保原町実町"}],"0655":[{"pref":"福島県","city":"伊達市","town":"保原町宮内町"}],"0612":[{"pref":"福島県","city":"伊達市","town":"保原町宮下"}],"0666":[{"pref":"福島県","city":"伊達市","town":"保原町村岡"}],"0604":[{"pref":"福島県","city":"伊達市","town":"保原町元木"}],"0605":[{"pref":"福島県","city":"伊達市","town":"保原町元町"}],"0656":[{"pref":"福島県","city":"伊達市","town":"保原町八幡町"}],"0636":[{"pref":"福島県","city":"伊達市","town":"保原町大和"}],"0629":[{"pref":"福島県","city":"伊達市","town":"保原町弥生町"}],"0639":[{"pref":"福島県","city":"伊達市","town":"保原町六万坊"}],"0677":[{"pref":"福島県","city":"伊達市","town":"保原町早稲田"}],"0481":[{"pref":"福島県","city":"伊達市","town":"堀切端"}],"0403":[{"pref":"福島県","city":"伊達市","town":"前川原"}],"0436":[{"pref":"福島県","city":"伊達市","town":"前田"}],"0402":[{"pref":"福島県","city":"伊達市","town":"水抜"}],"0464":[{"pref":"福島県","city":"伊達市","town":"南堀"}],"0413":[{"pref":"福島県","city":"伊達市","town":"宮前"}],"0462":[{"pref":"福島県","city":"伊達市","town":"本町"}],"0448":[{"pref":"福島県","city":"伊達市","town":"屋敷間"}],"0756":[{"pref":"福島県","city":"伊達市","town":"梁川町青葉町"}],"0725":[{"pref":"福島県","city":"伊達市","town":"梁川町赤五輪"}],"0723":[{"pref":"福島県","city":"伊達市","town":"梁川町足駄木"},{"pref":"福島県","city":"伊達市","town":"梁川町内山"},{"pref":"福島県","city":"伊達市","town":"梁川町上足駄木"},{"pref":"福島県","city":"伊達市","town":"梁川町里見山"}],"0711":[{"pref":"福島県","city":"伊達市","town":"梁川町粟野"},{"pref":"福島県","city":"伊達市","town":"梁川町下川原"}],"0701":[{"pref":"福島県","city":"伊達市","town":"梁川町五十沢"}],"0774":[{"pref":"福島県","city":"伊達市","town":"梁川町石井戸"}],"0764":[{"pref":"福島県","city":"伊達市","town":"梁川町壱丁田"}],"0745":[{"pref":"福島県","city":"伊達市","town":"梁川町右城町"}],"0744":[{"pref":"福島県","city":"伊達市","town":"梁川町内町"}],"0727":[{"pref":"福島県","city":"伊達市","town":"梁川町上町"}],"0746":[{"pref":"福島県","city":"伊達市","town":"梁川町大清水"}],"0765":[{"pref":"福島県","city":"伊達市","town":"梁川町大関"}],"0715":[{"pref":"福島県","city":"伊達市","town":"梁川町大舘"}],"0741":[{"pref":"福島県","city":"伊達市","town":"梁川町大町"}],"0712":[{"pref":"福島県","city":"伊達市","town":"梁川町御八郎"}],"0753":[{"pref":"福島県","city":"伊達市","town":"梁川町上川原"}],"0772":[{"pref":"福島県","city":"伊達市","town":"梁川町上割田"}],"0724":[{"pref":"福島県","city":"伊達市","town":"梁川町北新井"}],"0726":[{"pref":"福島県","city":"伊達市","town":"梁川町北町頭"}],"0706":[{"pref":"福島県","city":"伊達市","town":"梁川町北町谷川"}],"0781":[{"pref":"福島県","city":"伊達市","town":"梁川町北本町"}],"0729":[{"pref":"福島県","city":"伊達市","town":"梁川町希望ケ丘"}],"0773":[{"pref":"福島県","city":"伊達市","town":"梁川町五反田"}],"0785":[{"pref":"福島県","city":"伊達市","town":"梁川町小梁川"}],"0757":[{"pref":"福島県","city":"伊達市","town":"梁川町幸町"}],"0754":[{"pref":"福島県","city":"伊達市","town":"梁川町栄町"}],"0736":[{"pref":"福島県","city":"伊達市","town":"梁川町桜岳"}],"0758":[{"pref":"福島県","city":"伊達市","town":"梁川町桜町"}],"0775":[{"pref":"福島県","city":"伊達市","town":"梁川町四石蒔"}],"0742":[{"pref":"福島県","city":"伊達市","town":"梁川町清水町"}],"0733":[{"pref":"福島県","city":"伊達市","town":"梁川町菖蒲沢"}],"0716":[{"pref":"福島県","city":"伊達市","town":"梁川町白川田"}],"0721":[{"pref":"福島県","city":"伊達市","town":"梁川町白根"}],"0763":[{"pref":"福島県","city":"伊達市","town":"梁川町大門道"}],"0784":[{"pref":"福島県","city":"伊達市","town":"梁川町田町"}],"0762":[{"pref":"福島県","city":"伊達市","town":"梁川町丹波塚"}],"0734":[{"pref":"福島県","city":"伊達市","town":"梁川町茶臼山"}],"0735":[{"pref":"福島県","city":"伊達市","town":"梁川町鶴ケ岡"}],"0728":[{"pref":"福島県","city":"伊達市","town":"梁川町天神前"}],"0731":[{"pref":"福島県","city":"伊達市","town":"梁川町天神町"}],"0778":[{"pref":"福島県","city":"伊達市","town":"梁川町伝樋"}],"0755":[{"pref":"福島県","city":"伊達市","town":"梁川町中久保"}],"0782":[{"pref":"福島県","city":"伊達市","town":"梁川町中町"}],"0709":[{"pref":"福島県","city":"伊達市","town":"梁川町西塩野川"}],"0777":[{"pref":"福島県","city":"伊達市","town":"梁川町西土橋"}],"0767":[{"pref":"福島県","city":"伊達市","town":"梁川町新田"}],"0718":[{"pref":"福島県","city":"伊達市","town":"梁川町二野袋"}],"0702":[{"pref":"福島県","city":"伊達市","town":"梁川町東大枝"}],"0708":[{"pref":"福島県","city":"伊達市","town":"梁川町東塩野川"}],"0776":[{"pref":"福島県","city":"伊達市","town":"梁川町東土橋"}],"0759":[{"pref":"福島県","city":"伊達市","town":"梁川町広瀬町"}],"0769":[{"pref":"福島県","city":"伊達市","town":"梁川町舟橋"}],"0704":[{"pref":"福島県","city":"伊達市","town":"梁川町舟生"}],"0751":[{"pref":"福島県","city":"伊達市","town":"梁川町古町"}],"0766":[{"pref":"福島県","city":"伊達市","town":"梁川町細谷"}],"0747":[{"pref":"福島県","city":"伊達市","town":"梁川町町裏"}],"0732":[{"pref":"福島県","city":"伊達市","town":"梁川町南町頭"}],"0707":[{"pref":"福島県","city":"伊達市","town":"梁川町南町谷川"}],"0786":[{"pref":"福島県","city":"伊達市","town":"梁川町南本町"}],"0717":[{"pref":"福島県","city":"伊達市","town":"梁川町向川原"}],"0743":[{"pref":"福島県","city":"伊達市","town":"梁川町元陣内"}],"0705":[{"pref":"福島県","city":"伊達市","town":"梁川町元舟場"}],"0783":[{"pref":"福島県","city":"伊達市","town":"梁川町本町"}],"0713":[{"pref":"福島県","city":"伊達市","town":"梁川町八筋"}],"0719":[{"pref":"福島県","city":"伊達市","town":"梁川町やながわ工業団地"}],"0768":[{"pref":"福島県","city":"伊達市","town":"梁川町柳田"}],"0787":[{"pref":"福島県","city":"伊達市","town":"梁川町山城舘"}],"0703":[{"pref":"福島県","city":"伊達市","town":"梁川町山舟生"}],"0722":[{"pref":"福島県","city":"伊達市","town":"梁川町八幡"}],"0760":[{"pref":"福島県","city":"伊達市","town":"梁川町陽光台"}],"0752":[{"pref":"福島県","city":"伊達市","town":"梁川町四日市"}],"0483":[{"pref":"福島県","city":"伊達市","town":"柳内"}],"0438":[{"pref":"福島県","city":"伊達市","town":"雷田"}],"0807":[{"pref":"福島県","city":"伊達市","town":"霊山町石田"}],"0803":[{"pref":"福島県","city":"伊達市","town":"霊山町泉原"}],"0804":[{"pref":"福島県","city":"伊達市","town":"霊山町大石"}],"0801":[{"pref":"福島県","city":"伊達市","town":"霊山町掛田"}],"0809":[{"pref":"福島県","city":"伊達市","town":"霊山町上小国"}],"0808":[{"pref":"福島県","city":"伊達市","town":"霊山町下小国"}],"0805":[{"pref":"福島県","city":"伊達市","town":"霊山町中川"}],"0806":[{"pref":"福島県","city":"伊達市","town":"霊山町山戸田"}],"0802":[{"pref":"福島県","city":"伊達市","town":"霊山町山野川"}],"0486":[{"pref":"福島県","city":"伊達市","town":"六角"}]}