{"0000":[{"pref":"北海道","city":"札幌市手稲区","town":"以下に掲載がない場合"}],"0831":[{"pref":"北海道","city":"札幌市手稲区","town":"曙一条"}],"0832":[{"pref":"北海道","city":"札幌市手稲区","town":"曙二条"}],"0833":[{"pref":"北海道","city":"札幌市手稲区","town":"曙三条"}],"0834":[{"pref":"北海道","city":"札幌市手稲区","town":"曙四条"}],"0835":[{"pref":"北海道","city":"札幌市手稲区","town":"曙五条"}],"0836":[{"pref":"北海道","city":"札幌市手稲区","town":"曙六条"}],"0837":[{"pref":"北海道","city":"札幌市手稲区","town":"曙七条"}],"0838":[{"pref":"北海道","city":"札幌市手稲区","town":"曙八条"}],"0839":[{"pref":"北海道","city":"札幌市手稲区","town":"曙九条"}],"0840":[{"pref":"北海道","city":"札幌市手稲区","town":"曙十条"}],"0841":[{"pref":"北海道","city":"札幌市手稲区","town":"曙十一条"}],"0842":[{"pref":"北海道","city":"札幌市手稲区","town":"曙十二条"}],"0861":[{"pref":"北海道","city":"札幌市手稲区","town":"明日風"}],"0031":[{"pref":"北海道","city":"札幌市手稲区","town":"稲穂一条"}],"0032":[{"pref":"北海道","city":"札幌市手稲区","town":"稲穂二条"}],"0033":[{"pref":"北海道","city":"札幌市手稲区","town":"稲穂三条"}],"0034":[{"pref":"北海道","city":"札幌市手稲区","town":"稲穂四条"}],"0035":[{"pref":"北海道","city":"札幌市手稲区","town":"稲穂五条"}],"0041":[{"pref":"北海道","city":"札幌市手稲区","town":"金山一条"}],"0042":[{"pref":"北海道","city":"札幌市手稲区","town":"金山二条"}],"0043":[{"pref":"北海道","city":"札幌市手稲区","town":"金山三条"}],"0801":[{"pref":"北海道","city":"札幌市手稲区","town":"新発寒一条"}],"0802":[{"pref":"北海道","city":"札幌市手稲区","town":"新発寒二条"}],"0803":[{"pref":"北海道","city":"札幌市手稲区","town":"新発寒三条"}],"0804":[{"pref":"北海道","city":"札幌市手稲区","town":"新発寒四条"}],"0805":[{"pref":"北海道","city":"札幌市手稲区","town":"新発寒五条"}],"0806":[{"pref":"北海道","city":"札幌市手稲区","town":"新発寒六条"}],"0807":[{"pref":"北海道","city":"札幌市手稲区","town":"新発寒七条"}],"0039":[{"pref":"北海道","city":"札幌市手稲区","town":"手稲稲穂"}],"0049":[{"pref":"北海道","city":"札幌市手稲区","town":"手稲金山"}],"0019":[{"pref":"北海道","city":"札幌市手稲区","town":"手稲富丘"}],"0859":[{"pref":"北海道","city":"札幌市手稲区","town":"手稲星置"}],"0829":[{"pref":"北海道","city":"札幌市手稲区","town":"手稲前田"}],"0860":[{"pref":"北海道","city":"札幌市手稲区","town":"手稲山口"}],"0029":[{"pref":"北海道","city":"札幌市手稲区","town":"手稲本町"}],"0021":[{"pref":"北海道","city":"札幌市手稲区","town":"手稲本町一条"}],"0022":[{"pref":"北海道","city":"札幌市手稲区","town":"手稲本町二条"}],"0023":[{"pref":"北海道","city":"札幌市手稲区","town":"手稲本町三条"}],"0024":[{"pref":"北海道","city":"札幌市手稲区","town":"手稲本町四条"}],"0025":[{"pref":"北海道","city":"札幌市手稲区","town":"手稲本町五条"}],"0026":[{"pref":"北海道","city":"札幌市手稲区","town":"手稲本町六条"}],"0011":[{"pref":"北海道","city":"札幌市手稲区","town":"富丘一条"}],"0012":[{"pref":"北海道","city":"札幌市手稲区","town":"富丘二条"}],"0013":[{"pref":"北海道","city":"札幌市手稲区","town":"富丘三条"}],"0014":[{"pref":"北海道","city":"札幌市手稲区","town":"富丘四条"}],"0015":[{"pref":"北海道","city":"札幌市手稲区","town":"富丘五条"}],"0016":[{"pref":"北海道","city":"札幌市手稲区","town":"富丘六条"}],"0009":[{"pref":"北海道","city":"札幌市手稲区","town":"西宮の沢"}],"0001":[{"pref":"北海道","city":"札幌市手稲区","town":"西宮の沢一条"}],"0002":[{"pref":"北海道","city":"札幌市手稲区","town":"西宮の沢二条"}],"0003":[{"pref":"北海道","city":"札幌市手稲区","town":"西宮の沢三条"}],"0004":[{"pref":"北海道","city":"札幌市手稲区","town":"西宮の沢四条"}],"0005":[{"pref":"北海道","city":"札幌市手稲区","town":"西宮の沢五条"}],"0006":[{"pref":"北海道","city":"札幌市手稲区","town":"西宮の沢六条"}],"0851":[{"pref":"北海道","city":"札幌市手稲区","town":"星置一条"}],"0852":[{"pref":"北海道","city":"札幌市手稲区","town":"星置二条"}],"0853":[{"pref":"北海道","city":"札幌市手稲区","town":"星置三条"}],"0050":[{"pref":"北海道","city":"札幌市手稲区","town":"星置南"}],"0811":[{"pref":"北海道","city":"札幌市手稲区","town":"前田一条"}],"0812":[{"pref":"北海道","city":"札幌市手稲区","town":"前田二条"}],"0813":[{"pref":"北海道","city":"札幌市手稲区","town":"前田三条"}],"0814":[{"pref":"北海道","city":"札幌市手稲区","town":"前田四条"}],"0815":[{"pref":"北海道","city":"札幌市手稲区","town":"前田五条"}],"0816":[{"pref":"北海道","city":"札幌市手稲区","town":"前田六条"}],"0817":[{"pref":"北海道","city":"札幌市手稲区","town":"前田七条"}],"0818":[{"pref":"北海道","city":"札幌市手稲区","town":"前田八条"}],"0819":[{"pref":"北海道","city":"札幌市手稲区","town":"前田九条"}],"0820":[{"pref":"北海道","city":"札幌市手稲区","town":"前田十条"}],"0821":[{"pref":"北海道","city":"札幌市手稲区","town":"前田十一条"}],"0822":[{"pref":"北海道","city":"札幌市手稲区","town":"前田十二条"}],"0823":[{"pref":"北海道","city":"札幌市手稲区","town":"前田十三条"}]}