{"0000":[{"pref":"千葉県","city":"市原市","town":"以下に掲載がない場合"}],"0252":[{"pref":"千葉県","city":"市原市","town":"相川"}],"0509":[{"pref":"千葉県","city":"市原市","town":"安久谷"}],"0251":[{"pref":"千葉県","city":"市原市","town":"浅井小向"}],"0063":[{"pref":"千葉県","city":"市原市","town":"旭五所"}],"0253":[{"pref":"千葉県","city":"市原市","town":"安須"}],"0535":[{"pref":"千葉県","city":"市原市","town":"朝生原"}],"0207":[{"pref":"千葉県","city":"市原市","town":"海士有木"}],"0522":[{"pref":"千葉県","city":"市原市","town":"新井"}],"0257":[{"pref":"千葉県","city":"市原市","town":"新生"}],"0212":[{"pref":"千葉県","city":"市原市","town":"新巻"}],"0037":[{"pref":"千葉県","city":"市原市","town":"飯沼"}],"0516":[{"pref":"千葉県","city":"市原市","town":"池和田"}],"0511":[{"pref":"千葉県","city":"市原市","town":"石川"}],"0534":[{"pref":"千葉県","city":"市原市","town":"石神"}],"0537":[{"pref":"千葉県","city":"市原市","town":"石塚"}],"0204":[{"pref":"千葉県","city":"市原市","town":"磯ケ谷"}],"0543":[{"pref":"千葉県","city":"市原市","town":"飯給"}],"0015":[{"pref":"千葉県","city":"市原市","town":"市原"}],"0505":[{"pref":"千葉県","city":"市原市","town":"市場"}],"0262":[{"pref":"千葉県","city":"市原市","town":"糸久"}],"0166":[{"pref":"千葉県","city":"市原市","town":"犬成"}],"0265":[{"pref":"千葉県","city":"市原市","town":"今富"}],"0228":[{"pref":"千葉県","city":"市原市","town":"岩"}],"0047":[{"pref":"千葉県","city":"市原市","town":"岩崎"}],"0046":[{"pref":"千葉県","city":"市原市","town":"岩崎西"}],"0052":[{"pref":"千葉県","city":"市原市","town":"岩野見"}],"0222":[{"pref":"千葉県","city":"市原市","town":"上原"}],"0225":[{"pref":"千葉県","city":"市原市","town":"牛久"}],"0221":[{"pref":"千葉県","city":"市原市","town":"馬立"}],"0171":[{"pref":"千葉県","city":"市原市","town":"潤井戸"}],"0170":[{"pref":"千葉県","city":"市原市","town":"うるいど南"}],"0508":[{"pref":"千葉県","city":"市原市","town":"江子田"}],"0211":[{"pref":"千葉県","city":"市原市","town":"大桶"}],"0532":[{"pref":"千葉県","city":"市原市","town":"大久保"}],"0234":[{"pref":"千葉県","city":"市原市","town":"大蔵"}],"0172":[{"pref":"千葉県","city":"市原市","town":"大作"}],"0208":[{"pref":"千葉県","city":"市原市","town":"大坪"}],"0542":[{"pref":"千葉県","city":"市原市","town":"大戸"}],"0002":[{"pref":"千葉県","city":"市原市","town":"大厩"}],"0553":[{"pref":"千葉県","city":"市原市","town":"大和田"}],"0177":[{"pref":"千葉県","city":"市原市","town":"荻作"}],"0513":[{"pref":"千葉県","city":"市原市","town":"奥野"}],"0157":[{"pref":"千葉県","city":"市原市","town":"押沼"}],"0176":[{"pref":"千葉県","city":"市原市","town":"小田部"}],"0533":[{"pref":"千葉県","city":"市原市","town":"折津"}],"0266":[{"pref":"千葉県","city":"市原市","town":"海保"}],"0548":[{"pref":"千葉県","city":"市原市","town":"柿木台"}],"0241":[{"pref":"千葉県","city":"市原市","town":"風戸"}],"0258":[{"pref":"千葉県","city":"市原市","town":"神代"}],"0174":[{"pref":"千葉県","city":"市原市","town":"勝間"}],"0233":[{"pref":"千葉県","city":"市原市","town":"金沢"}],"0243":[{"pref":"千葉県","city":"市原市","town":"上高根"}],"0025":[{"pref":"千葉県","city":"市原市","town":"加茂"}],"0235":[{"pref":"千葉県","city":"市原市","town":"栢橋"}],"0213":[{"pref":"千葉県","city":"市原市","town":"川在"}],"0178":[{"pref":"千葉県","city":"市原市","town":"神崎"}],"0007":[{"pref":"千葉県","city":"市原市","town":"菊間"}],"0167":[{"pref":"千葉県","city":"市原市","town":"喜多"}],"0071":[{"pref":"千葉県","city":"市原市","town":"北国分寺台"}],"0523":[{"pref":"千葉県","city":"市原市","town":"吉沢"}],"0051":[{"pref":"千葉県","city":"市原市","town":"君塚"}],"0179":[{"pref":"千葉県","city":"市原市","town":"久々津"}],"0156":[{"pref":"千葉県","city":"市原市","town":"草刈（１６５６～１９９９）"}],"0001":[{"pref":"千葉県","city":"市原市","town":"草刈（その他）"}],"0552":[{"pref":"千葉県","city":"市原市","town":"久保"}],"0056":[{"pref":"千葉県","city":"市原市","town":"五井"}],"0057":[{"pref":"千葉県","city":"市原市","town":"五井金杉"}],"0081":[{"pref":"千葉県","city":"市原市","town":"五井中央西"}],"0054":[{"pref":"千葉県","city":"市原市","town":"五井中央東"}],"0082":[{"pref":"千葉県","city":"市原市","town":"五井中央南"}],"0038":[{"pref":"千葉県","city":"市原市","town":"五井西"}],"0055":[{"pref":"千葉県","city":"市原市","town":"五井東"}],"0058":[{"pref":"千葉県","city":"市原市","town":"五井海岸"}],"0045":[{"pref":"千葉県","city":"市原市","town":"五井南海岸"}],"0254":[{"pref":"千葉県","city":"市原市","town":"高坂"}],"0255":[{"pref":"千葉県","city":"市原市","town":"光風台"}],"0269":[{"pref":"千葉県","city":"市原市","town":"小折"}],"0013":[{"pref":"千葉県","city":"市原市","town":"郡本"}],"0526":[{"pref":"千葉県","city":"市原市","town":"小草畑"}],"0073":[{"pref":"千葉県","city":"市原市","town":"国分寺台中央"}],"0531":[{"pref":"千葉県","city":"市原市","town":"国本"}],"0528":[{"pref":"千葉県","city":"市原市","town":"古敷谷"}],"0066":[{"pref":"千葉県","city":"市原市","town":"五所"}],"0165":[{"pref":"千葉県","city":"市原市","town":"古都辺"}],"0559":[{"pref":"千葉県","city":"市原市","town":"駒込"}],"0529":[{"pref":"千葉県","city":"市原市","town":"小谷田"}],"0209":[{"pref":"千葉県","city":"市原市","town":"権現堂"}],"0162":[{"pref":"千葉県","city":"市原市","town":"金剛地"}],"0022":[{"pref":"千葉県","city":"市原市","town":"西広"}],"0229":[{"pref":"千葉県","city":"市原市","town":"佐是"}],"0050":[{"pref":"千葉県","city":"市原市","town":"更級"}],"0506":[{"pref":"千葉県","city":"市原市","town":"島田"}],"0034":[{"pref":"千葉県","city":"市原市","town":"島野"}],"0154":[{"pref":"千葉県","city":"市原市","town":"下野"}],"0518":[{"pref":"千葉県","city":"市原市","town":"下矢田"}],"0263":[{"pref":"千葉県","city":"市原市","town":"十五沢"}],"0503":[{"pref":"千葉県","city":"市原市","town":"宿"}],"0059":[{"pref":"千葉県","city":"市原市","town":"白金町"}],"0502":[{"pref":"千葉県","city":"市原市","town":"真ケ谷"}],"0539":[{"pref":"千葉県","city":"市原市","town":"菅野"}],"0026":[{"pref":"千葉県","city":"市原市","town":"諏訪"}],"0151":[{"pref":"千葉県","city":"市原市","town":"瀬又"}],"0023":[{"pref":"千葉県","city":"市原市","town":"惣社"}],"0161":[{"pref":"千葉県","city":"市原市","town":"高倉"}],"0555":[{"pref":"千葉県","city":"市原市","town":"高滝"}],"0152":[{"pref":"千葉県","city":"市原市","town":"高田"}],"0173":[{"pref":"千葉県","city":"市原市","town":"滝口"}],"0203":[{"pref":"千葉県","city":"市原市","town":"武士"}],"0003":[{"pref":"千葉県","city":"市原市","town":"辰巳台東"}],"0004":[{"pref":"千葉県","city":"市原市","town":"辰巳台西"}],"0515":[{"pref":"千葉県","city":"市原市","town":"田尾"}],"0546":[{"pref":"千葉県","city":"市原市","town":"田淵"}],"0545":[{"pref":"千葉県","city":"市原市","town":"田淵旧日竹"}],"0041":[{"pref":"千葉県","city":"市原市","town":"玉前"}],"0044":[{"pref":"千葉県","city":"市原市","town":"玉前西"}],"0143":[{"pref":"千葉県","city":"市原市","town":"ちはら台西"}],"0141":[{"pref":"千葉県","city":"市原市","town":"ちはら台東"}],"0142":[{"pref":"千葉県","city":"市原市","town":"ちはら台南"}],"0032":[{"pref":"千葉県","city":"市原市","town":"廿五里"}],"0547":[{"pref":"千葉県","city":"市原市","town":"月崎"}],"0527":[{"pref":"千葉県","city":"市原市","town":"月出"}],"0215":[{"pref":"千葉県","city":"市原市","town":"土宇"}],"0512":[{"pref":"千葉県","city":"市原市","town":"鶴舞"}],"0042":[{"pref":"千葉県","city":"市原市","town":"出津"}],"0043":[{"pref":"千葉県","city":"市原市","town":"出津西"}],"0236":[{"pref":"千葉県","city":"市原市","town":"寺谷"}],"0544":[{"pref":"千葉県","city":"市原市","town":"徳氏"}],"0536":[{"pref":"千葉県","city":"市原市","town":"戸面"}],"0551":[{"pref":"千葉県","city":"市原市","town":"外部田"}],"0226":[{"pref":"千葉県","city":"市原市","town":"中"}],"0242":[{"pref":"千葉県","city":"市原市","town":"中高根"}],"0153":[{"pref":"千葉県","city":"市原市","town":"中野"}],"0168":[{"pref":"千葉県","city":"市原市","town":"永吉"}],"0164":[{"pref":"千葉県","city":"市原市","town":"奈良"}],"0206":[{"pref":"千葉県","city":"市原市","town":"新堀"}],"0231":[{"pref":"千葉県","city":"市原市","town":"西国吉"}],"0072":[{"pref":"千葉県","city":"市原市","town":"西国分寺台"}],"0065":[{"pref":"千葉県","city":"市原市","town":"西五所"}],"0261":[{"pref":"千葉県","city":"市原市","town":"西野"}],"0014":[{"pref":"千葉県","city":"市原市","town":"西野谷"}],"0024":[{"pref":"千葉県","city":"市原市","town":"根田"}],"0011":[{"pref":"千葉県","city":"市原市","town":"能満"}],"0033":[{"pref":"千葉県","city":"市原市","town":"野毛"}],"0175":[{"pref":"千葉県","city":"市原市","town":"葉木"}],"0507":[{"pref":"千葉県","city":"市原市","town":"原田"}],"0155":[{"pref":"千葉県","city":"市原市","town":"番場"}],"0163":[{"pref":"千葉県","city":"市原市","town":"東国吉"}],"0074":[{"pref":"千葉県","city":"市原市","town":"東国分寺台"}],"0064":[{"pref":"千葉県","city":"市原市","town":"東五所"}],"0256":[{"pref":"千葉県","city":"市原市","town":"引田"}],"0214":[{"pref":"千葉県","city":"市原市","town":"櫃挾"}],"0053":[{"pref":"千葉県","city":"市原市","town":"平田"}],"0541":[{"pref":"千葉県","city":"市原市","town":"平野"}],"0202":[{"pref":"千葉県","city":"市原市","town":"福増"}],"0012":[{"pref":"千葉県","city":"市原市","town":"藤井"}],"0216":[{"pref":"千葉県","city":"市原市","town":"二日市場"}],"0554":[{"pref":"千葉県","city":"市原市","town":"不入"}],"0008":[{"pref":"千葉県","city":"市原市","town":"古市場"}],"0524":[{"pref":"千葉県","city":"市原市","town":"平蔵"}],"0224":[{"pref":"千葉県","city":"市原市","town":"奉免"}],"0504":[{"pref":"千葉県","city":"市原市","town":"堀越"}],"0556":[{"pref":"千葉県","city":"市原市","town":"本郷"}],"0267":[{"pref":"千葉県","city":"市原市","town":"町田"}],"0035":[{"pref":"千葉県","city":"市原市","town":"松ケ島"}],"0036":[{"pref":"千葉県","city":"市原市","town":"松ケ島西"}],"0217":[{"pref":"千葉県","city":"市原市","town":"松崎"}],"0549":[{"pref":"千葉県","city":"市原市","town":"万田野"}],"0514":[{"pref":"千葉県","city":"市原市","town":"水沢"}],"0244":[{"pref":"千葉県","city":"市原市","town":"南岩崎"}],"0075":[{"pref":"千葉県","city":"市原市","town":"南国分寺台"}],"0232":[{"pref":"千葉県","city":"市原市","town":"皆吉"}],"0264":[{"pref":"千葉県","city":"市原市","town":"宮原"}],"0223":[{"pref":"千葉県","city":"市原市","town":"妙香"}],"0031":[{"pref":"千葉県","city":"市原市","town":"村上"}],"0016":[{"pref":"千葉県","city":"市原市","town":"門前"}],"0517":[{"pref":"千葉県","city":"市原市","town":"矢田"}],"0538":[{"pref":"千葉県","city":"市原市","town":"柳川"}],"0268":[{"pref":"千葉県","city":"市原市","town":"柳原"}],"0227":[{"pref":"千葉県","city":"市原市","town":"藪"}],"0005":[{"pref":"千葉県","city":"市原市","town":"山木"}],"0201":[{"pref":"千葉県","city":"市原市","town":"山倉"}],"0558":[{"pref":"千葉県","city":"市原市","town":"山口"}],"0521":[{"pref":"千葉県","city":"市原市","town":"山小川"}],"0205":[{"pref":"千葉県","city":"市原市","town":"山田"}],"0021":[{"pref":"千葉県","city":"市原市","town":"山田橋"}],"0062":[{"pref":"千葉県","city":"市原市","town":"八幡"}],"0061":[{"pref":"千葉県","city":"市原市","town":"八幡石塚"}],"0067":[{"pref":"千葉県","city":"市原市","town":"八幡海岸通"}],"0069":[{"pref":"千葉県","city":"市原市","town":"八幡北町"}],"0068":[{"pref":"千葉県","city":"市原市","town":"八幡浦"}],"0557":[{"pref":"千葉県","city":"市原市","town":"養老"}],"0501":[{"pref":"千葉県","city":"市原市","town":"米沢"}],"0525":[{"pref":"千葉県","city":"市原市","town":"米原"}],"0006":[{"pref":"千葉県","city":"市原市","town":"若宮"}],"0259":[{"pref":"千葉県","city":"市原市","town":"分目"}]}