{"1101":[{"pref":"広島県","city":"安芸高田市","town":"甲田町高田原"}],"1102":[{"pref":"広島県","city":"安芸高田市","town":"甲田町上小原"}],"1103":[{"pref":"広島県","city":"安芸高田市","town":"甲田町下小原"}],"1104":[{"pref":"広島県","city":"安芸高田市","town":"甲田町上甲立"}],"1105":[{"pref":"広島県","city":"安芸高田市","town":"甲田町下甲立"}],"1106":[{"pref":"広島県","city":"安芸高田市","town":"甲田町浅塚"}],"1107":[{"pref":"広島県","city":"安芸高田市","town":"甲田町糘地"}],"1108":[{"pref":"広島県","city":"安芸高田市","town":"甲田町深瀬"}],"1201":[{"pref":"広島県","city":"安芸高田市","town":"向原町坂"}],"1202":[{"pref":"広島県","city":"安芸高田市","town":"向原町戸島"}],"1203":[{"pref":"広島県","city":"安芸高田市","town":"向原町長田"}],"1204":[{"pref":"広島県","city":"安芸高田市","town":"向原町有留"}],"1205":[{"pref":"広島県","city":"安芸高田市","town":"向原町保垣"}],"1301":[{"pref":"広島県","city":"広島市安佐北区","town":"白木町井原"}],"1302":[{"pref":"広島県","city":"広島市安佐北区","town":"白木町古屋"}],"1303":[{"pref":"広島県","city":"広島市安佐北区","town":"白木町志路"}],"1411":[{"pref":"広島県","city":"広島市安佐北区","town":"白木町市川"}],"1412":[{"pref":"広島県","city":"広島市安佐北区","town":"白木町小越"}],"1413":[{"pref":"広島県","city":"広島市安佐北区","town":"白木町有留"}],"1414":[{"pref":"広島県","city":"広島市安佐北区","town":"白木町秋山"}],"1521":[{"pref":"広島県","city":"広島市安佐北区","town":"白木町三田"}],"1700":[{"pref":"広島県","city":"広島市安佐北区","town":"以下に掲載がない場合"}],"1731":[{"pref":"広島県","city":"広島市安佐北区","town":"落合"}],"1732":[{"pref":"広島県","city":"広島市安佐北区","town":"落合南"},{"pref":"広島県","city":"広島市安佐北区","town":"落合南町"}],"1733":[{"pref":"広島県","city":"広島市安佐北区","town":"口田南"},{"pref":"広島県","city":"広島市安佐北区","town":"口田南町"}],"1734":[{"pref":"広島県","city":"広島市安佐北区","town":"口田"},{"pref":"広島県","city":"広島市安佐北区","town":"口田町"}],"1741":[{"pref":"広島県","city":"広島市安佐北区","town":"真亀"}],"1742":[{"pref":"広島県","city":"広島市安佐北区","town":"亀崎"}],"1743":[{"pref":"広島県","city":"広島市安佐北区","town":"倉掛"}],"1751":[{"pref":"広島県","city":"広島市安佐北区","town":"深川"},{"pref":"広島県","city":"広島市安佐北区","town":"深川町"}],"1752":[{"pref":"広島県","city":"広島市安佐北区","town":"上深川町"}],"1753":[{"pref":"広島県","city":"広島市安佐北区","town":"狩留家町"}],"1754":[{"pref":"広島県","city":"広島市安佐北区","town":"小河原町"}],"1801":[{"pref":"広島県","city":"安芸高田市","town":"高宮町川根"}],"1802":[{"pref":"広島県","city":"安芸高田市","town":"高宮町佐々部"}],"1803":[{"pref":"広島県","city":"安芸高田市","town":"高宮町船木"}],"1804":[{"pref":"広島県","city":"安芸高田市","town":"高宮町房後"}],"1805":[{"pref":"広島県","city":"安芸高田市","town":"高宮町原田"}],"1806":[{"pref":"広島県","city":"安芸高田市","town":"高宮町来女木"}],"1807":[{"pref":"広島県","city":"安芸高田市","town":"高宮町羽佐竹"}],"2101":[{"pref":"広島県","city":"東広島市","town":"高屋町造賀"}],"2102":[{"pref":"広島県","city":"東広島市","town":"高屋町杵原"}],"2103":[{"pref":"広島県","city":"東広島市","town":"高屋町宮領"}],"2104":[{"pref":"広島県","city":"東広島市","town":"高屋町大畠"}],"2105":[{"pref":"広島県","city":"東広島市","town":"高屋町檜山"}],"2106":[{"pref":"広島県","city":"東広島市","town":"高屋町稲木"}],"2111":[{"pref":"広島県","city":"東広島市","town":"高屋町高屋堀"}],"2112":[{"pref":"広島県","city":"東広島市","town":"高屋町貞重"}],"2113":[{"pref":"広島県","city":"東広島市","town":"高屋町高屋東"}],"2114":[{"pref":"広島県","city":"東広島市","town":"高屋町白市"}],"2115":[{"pref":"広島県","city":"東広島市","town":"高屋高美が丘"}],"2116":[{"pref":"広島県","city":"東広島市","town":"高屋うめの辺"}],"2117":[{"pref":"広島県","city":"東広島市","town":"高屋台"}],"2121":[{"pref":"広島県","city":"東広島市","town":"高屋町小谷"}],"2122":[{"pref":"広島県","city":"東広島市","town":"高屋町重兼"}],"2123":[{"pref":"広島県","city":"東広島市","town":"高屋町溝口"}],"2124":[{"pref":"広島県","city":"東広島市","town":"高屋町郷"}],"2125":[{"pref":"広島県","city":"東広島市","town":"高屋町中島"}],"2201":[{"pref":"広島県","city":"東広島市","town":"河内町中河内"}],"2202":[{"pref":"広島県","city":"東広島市","town":"河内町下河内"}],"2203":[{"pref":"広島県","city":"東広島市","town":"河内町上河内"}],"2204":[{"pref":"広島県","city":"東広島市","town":"河内町河戸"}],"2205":[{"pref":"広島県","city":"東広島市","town":"河内町戸野"}],"2206":[{"pref":"広島県","city":"東広島市","town":"河内町宇山"}],"2207":[{"pref":"広島県","city":"東広島市","town":"河内町小田"}],"2208":[{"pref":"広島県","city":"東広島市","town":"河内町入野"}],"2209":[{"pref":"広島県","city":"東広島市","town":"入野中山台"}],"2211":[{"pref":"広島県","city":"東広島市","town":"河内臨空団地"}],"2301":[{"pref":"広島県","city":"東広島市","town":"福富町上竹仁"}],"2302":[{"pref":"広島県","city":"東広島市","town":"福富町下竹仁"}],"2303":[{"pref":"広島県","city":"東広島市","town":"福富町久芳"}],"2304":[{"pref":"広島県","city":"東広島市","town":"福富町上戸野"}],"2311":[{"pref":"広島県","city":"東広島市","town":"豊栄町乃美"}],"2312":[{"pref":"広島県","city":"東広島市","town":"豊栄町別府"}],"2313":[{"pref":"広島県","city":"東広島市","town":"豊栄町清武"}],"2314":[{"pref":"広島県","city":"東広島市","town":"豊栄町飯田"}],"2315":[{"pref":"広島県","city":"東広島市","town":"豊栄町吉原"}],"2316":[{"pref":"広島県","city":"東広島市","town":"豊栄町安宿"}],"2317":[{"pref":"広島県","city":"東広島市","town":"豊栄町鍛冶屋"}],"2318":[{"pref":"広島県","city":"東広島市","town":"豊栄町能良"}],"2401":[{"pref":"広島県","city":"東広島市","town":"安芸津町木谷"}],"2402":[{"pref":"広島県","city":"東広島市","town":"安芸津町三津"}],"2403":[{"pref":"広島県","city":"東広島市","town":"安芸津町風早"}],"2404":[{"pref":"広島県","city":"東広島市","town":"安芸津町大田"}],"2405":[{"pref":"広島県","city":"東広島市","town":"安芸津町小松原"}],"2501":[{"pref":"広島県","city":"東広島市","town":"黒瀬町小多田"}],"2502":[{"pref":"広島県","city":"東広島市","town":"黒瀬町国近"}],"2503":[{"pref":"広島県","city":"東広島市","town":"黒瀬町南方"}],"2504":[{"pref":"広島県","city":"東広島市","town":"黒瀬町宗近柳国"}],"2611":[{"pref":"広島県","city":"東広島市","town":"黒瀬町大多田"}],"2612":[{"pref":"広島県","city":"東広島市","town":"黒瀬町丸山"}],"2613":[{"pref":"広島県","city":"東広島市","town":"黒瀬町楢原"}],"2614":[{"pref":"広島県","city":"東広島市","town":"黒瀬松ケ丘"}],"2615":[{"pref":"広島県","city":"東広島市","town":"黒瀬春日野"}],"2616":[{"pref":"広島県","city":"東広島市","town":"黒瀬町兼広"}],"2617":[{"pref":"広島県","city":"東広島市","town":"黒瀬町切田"}],"2618":[{"pref":"広島県","city":"東広島市","town":"黒瀬桜が丘"}],"2619":[{"pref":"広島県","city":"東広島市","town":"黒瀬切田が丘"}],"2621":[{"pref":"広島県","city":"東広島市","town":"黒瀬町南方（賀茂精神医療センター）"}],"2622":[{"pref":"広島県","city":"東広島市","town":"黒瀬町乃美尾"}],"2623":[{"pref":"広島県","city":"東広島市","town":"黒瀬町川角"}],"2624":[{"pref":"広島県","city":"東広島市","town":"黒瀬町菅田"}],"2625":[{"pref":"広島県","city":"東広島市","town":"黒瀬町上保田"}],"2626":[{"pref":"広島県","city":"東広島市","town":"黒瀬町市飯田"}],"2627":[{"pref":"広島県","city":"東広島市","town":"黒瀬楢原北"}],"2628":[{"pref":"広島県","city":"東広島市","town":"黒瀬楢原東"}],"2629":[{"pref":"広島県","city":"東広島市","town":"黒瀬楢原西"}],"2631":[{"pref":"広島県","city":"東広島市","town":"黒瀬学園台"}],"2731":[{"pref":"広島県","city":"東広島市","town":"黒瀬町兼沢"}],"2732":[{"pref":"広島県","city":"東広島市","town":"黒瀬町津江"}],"0301":[{"pref":"広島県","city":"広島市安芸区","town":"上瀬野"}],"0302":[{"pref":"広島県","city":"広島市安芸区","town":"上瀬野町"}],"0303":[{"pref":"広島県","city":"広島市安芸区","town":"上瀬野南"}],"0311":[{"pref":"広島県","city":"広島市安芸区","town":"瀬野"}],"0312":[{"pref":"広島県","city":"広島市安芸区","town":"瀬野町"}],"0315":[{"pref":"広島県","city":"広島市安芸区","town":"瀬野南町"}],"0313":[{"pref":"広島県","city":"広島市安芸区","town":"瀬野西"}],"0314":[{"pref":"広島県","city":"広島市安芸区","town":"瀬野南"}],"0321":[{"pref":"広島県","city":"広島市安芸区","town":"中野"}],"0322":[{"pref":"広島県","city":"広島市安芸区","town":"中野町"}],"0324":[{"pref":"広島県","city":"広島市安芸区","town":"中野東町"}],"0323":[{"pref":"広島県","city":"広島市安芸区","town":"中野東"}],"0600":[{"pref":"広島県","city":"大竹市","town":"以下に掲載がない場合"}],"0607":[{"pref":"広島県","city":"大竹市","town":"阿多田"}],"0634":[{"pref":"広島県","city":"大竹市","town":"安条"}],"0637":[{"pref":"広島県","city":"大竹市","town":"後飯谷"}],"0623":[{"pref":"広島県","city":"大竹市","town":"小方"}],"0628":[{"pref":"広島県","city":"大竹市","town":"小方ケ丘"}],"0627":[{"pref":"広島県","city":"大竹市","town":"小方町小方"}],"0654":[{"pref":"広島県","city":"大竹市","town":"小方町黒川"}],"0632":[{"pref":"広島県","city":"大竹市","town":"穂仁原"}],"0604":[{"pref":"広島県","city":"大竹市","town":"北栄"}],"0651":[{"pref":"広島県","city":"大竹市","town":"玖波"}],"0656":[{"pref":"広島県","city":"大竹市","town":"玖波町"}],"0644":[{"pref":"広島県","city":"大竹市","town":"栗谷町後原"}],"0646":[{"pref":"広島県","city":"大竹市","town":"栗谷町大栗林"}],"0642":[{"pref":"広島県","city":"大竹市","town":"栗谷町奥谷尻"}],"0645":[{"pref":"広島県","city":"大竹市","town":"栗谷町小栗林"}],"0643":[{"pref":"広島県","city":"大竹市","town":"栗谷町谷和"}],"0641":[{"pref":"広島県","city":"大竹市","town":"栗谷町広原"}],"0653":[{"pref":"広島県","city":"大竹市","town":"黒川"}],"0616":[{"pref":"広島県","city":"大竹市","town":"木野"}],"0614":[{"pref":"広島県","city":"大竹市","town":"白石"}],"0611":[{"pref":"広島県","city":"大竹市","town":"新町"}],"0605":[{"pref":"広島県","city":"大竹市","town":"立戸"}],"0603":[{"pref":"広島県","city":"大竹市","town":"西栄"}],"0635":[{"pref":"広島県","city":"大竹市","town":"八丁"}],"0622":[{"pref":"広島県","city":"大竹市","town":"晴海"}],"0601":[{"pref":"広島県","city":"大竹市","town":"東栄"}],"0633":[{"pref":"広島県","city":"大竹市","town":"比作"}],"0631":[{"pref":"広島県","city":"大竹市","town":"防鹿"}],"0613":[{"pref":"広島県","city":"大竹市","town":"本町"}],"0636":[{"pref":"広島県","city":"大竹市","town":"前飯谷"}],"0657":[{"pref":"広島県","city":"大竹市","town":"松ケ原町"}],"0624":[{"pref":"広島県","city":"大竹市","town":"御園"}],"0625":[{"pref":"広島県","city":"大竹市","town":"御園台"}],"0626":[{"pref":"広島県","city":"大竹市","town":"三ツ石町"}],"0621":[{"pref":"広島県","city":"大竹市","town":"港町"}],"0602":[{"pref":"広島県","city":"大竹市","town":"南栄"}],"0606":[{"pref":"広島県","city":"大竹市","town":"御幸町"}],"0652":[{"pref":"広島県","city":"大竹市","town":"明治新開"}],"0615":[{"pref":"広島県","city":"大竹市","town":"元町"}],"0612":[{"pref":"広島県","city":"大竹市","town":"油見"}],"0655":[{"pref":"広島県","city":"大竹市","town":"湯舟町"}],"0000":[{"pref":"広島県","city":"東広島市","town":"以下に掲載がない場合"}],"0046":[{"pref":"広島県","city":"東広島市","town":"鏡山"}],"0045":[{"pref":"広島県","city":"東広島市","town":"鏡山北"}],"0012":[{"pref":"広島県","city":"東広島市","town":"西条朝日町"}],"0005":[{"pref":"広島県","city":"東広島市","town":"西条大坪町"}],"0016":[{"pref":"広島県","city":"東広島市","town":"西条岡町"}],"0006":[{"pref":"広島県","city":"東広島市","town":"西条上市町"}],"0013":[{"pref":"広島県","city":"東広島市","town":"西条御条町"}],"0015":[{"pref":"広島県","city":"東広島市","town":"西条栄町"}],"0047":[{"pref":"広島県","city":"東広島市","town":"西条下見"}],"0014":[{"pref":"広島県","city":"東広島市","town":"西条昭和町"}],"0004":[{"pref":"広島県","city":"東広島市","town":"西条末広町"}],"0025":[{"pref":"広島県","city":"東広島市","town":"西条中央"}],"0007":[{"pref":"広島県","city":"東広島市","town":"西条土与丸"}],"0043":[{"pref":"広島県","city":"東広島市","town":"西条西本町"}],"0048":[{"pref":"広島県","city":"東広島市","town":"西条東北町"}],"0011":[{"pref":"広島県","city":"東広島市","town":"西条本町"}],"0008":[{"pref":"広島県","city":"東広島市","town":"西条吉行東"}],"0033":[{"pref":"広島県","city":"東広島市","town":"西条町馬木"}],"0034":[{"pref":"広島県","city":"東広島市","town":"西条町大沢"}],"0022":[{"pref":"広島県","city":"東広島市","town":"西条町上三永"}],"0035":[{"pref":"広島県","city":"東広島市","town":"西条町郷曽"}],"0001":[{"pref":"広島県","city":"東広島市","town":"西条町西条"}],"0042":[{"pref":"広島県","city":"東広島市","town":"西条町西条東"}],"0041":[{"pref":"広島県","city":"東広島市","town":"西条町寺家"}],"0044":[{"pref":"広島県","city":"東広島市","town":"西条町下見"}],"0023":[{"pref":"広島県","city":"東広島市","town":"西条町下三永"}],"0021":[{"pref":"広島県","city":"東広島市","town":"西条町助実"}],"0036":[{"pref":"広島県","city":"東広島市","town":"西条町田口"}],"0003":[{"pref":"広島県","city":"東広島市","town":"西条町土与丸"}],"0031":[{"pref":"広島県","city":"東広島市","town":"西条町福本"}],"0024":[{"pref":"広島県","city":"東広島市","town":"西条町御薗宇"}],"0032":[{"pref":"広島県","city":"東広島市","town":"西条町森近"}],"0002":[{"pref":"広島県","city":"東広島市","town":"西条町吉行"}],"0040":[{"pref":"広島県","city":"東広島市","town":"寺家駅前"}],"0049":[{"pref":"広島県","city":"東広島市","town":"寺家産業団地"}],"0263":[{"pref":"広島県","city":"東広島市","town":"志和流通"}],"0261":[{"pref":"広島県","city":"東広島市","town":"志和町内"}],"0266":[{"pref":"広島県","city":"東広島市","town":"志和町奥屋"}],"0265":[{"pref":"広島県","city":"東広島市","town":"志和町冠"}],"0264":[{"pref":"広島県","city":"東広島市","town":"志和町七条椛坂"}],"0268":[{"pref":"広島県","city":"東広島市","town":"志和町志和西"}],"0262":[{"pref":"広島県","city":"東広島市","town":"志和町志和東"}],"0269":[{"pref":"広島県","city":"東広島市","town":"志和町志和堀"}],"0267":[{"pref":"広島県","city":"東広島市","town":"志和町別府"}],"0038":[{"pref":"広島県","city":"東広島市","town":"田口研究団地"}],"0037":[{"pref":"広島県","city":"東広島市","town":"西大沢"}],"0146":[{"pref":"広島県","city":"東広島市","town":"八本松飯田"}],"0147":[{"pref":"広島県","city":"東広島市","town":"八本松西"}],"0142":[{"pref":"広島県","city":"東広島市","town":"八本松東"}],"0144":[{"pref":"広島県","city":"東広島市","town":"八本松南"}],"0141":[{"pref":"広島県","city":"東広島市","town":"八本松町飯田"}],"0131":[{"pref":"広島県","city":"東広島市","town":"八本松町篠"}],"0132":[{"pref":"広島県","city":"東広島市","town":"八本松町正力"}],"0151":[{"pref":"広島県","city":"東広島市","town":"八本松町原"}],"0145":[{"pref":"広島県","city":"東広島市","town":"八本松町宗吉"}],"0152":[{"pref":"広島県","city":"東広島市","town":"八本松町吉川"}],"0133":[{"pref":"広島県","city":"東広島市","town":"八本松町米満"}],"0026":[{"pref":"広島県","city":"東広島市","town":"三永"}],"0153":[{"pref":"広島県","city":"東広島市","town":"吉川工業団地"}],"0442":[{"pref":"広島県","city":"廿日市市","town":"梅原"}],"0664":[{"pref":"広島県","city":"廿日市市","town":"大野嵐谷"}],"0478":[{"pref":"広島県","city":"廿日市市","town":"大野筏津"}],"0479":[{"pref":"広島県","city":"廿日市市","town":"大野池田"}],"0667":[{"pref":"広島県","city":"廿日市市","town":"大野猪ノウツ"}],"0463":[{"pref":"広島県","city":"廿日市市","town":"大野小田ノ口"}],"0456":[{"pref":"広島県","city":"廿日市市","town":"大野垣ノ浦"}],"0423":[{"pref":"広島県","city":"廿日市市","town":"大野賀撫津"}],"0407":[{"pref":"広島県","city":"廿日市市","town":"大野上更地"}],"0661":[{"pref":"広島県","city":"廿日市市","town":"大野経小屋"}],"0461":[{"pref":"広島県","city":"廿日市市","town":"大野郷"}],"0446":[{"pref":"広島県","city":"廿日市市","town":"大野小山"}],"0459":[{"pref":"広島県","city":"廿日市市","town":"大野四十八坂"}],"0403":[{"pref":"広島県","city":"廿日市市","town":"大野下更地"}],"0457":[{"pref":"広島県","city":"廿日市市","town":"大野下灘"}],"0404":[{"pref":"広島県","city":"廿日市市","town":"大野十郎原"}],"0462":[{"pref":"広島県","city":"廿日市市","town":"大野陣場"}],"0422":[{"pref":"広島県","city":"廿日市市","town":"大野早時"}],"0408":[{"pref":"広島県","city":"廿日市市","town":"大野鯛ノ原"}],"0475":[{"pref":"広島県","city":"廿日市市","town":"大野高畑"}],"0476":[{"pref":"広島県","city":"廿日市市","town":"大野高見"}],"0466":[{"pref":"広島県","city":"廿日市市","town":"大野滝ノ下"}],"0472":[{"pref":"広島県","city":"廿日市市","town":"大野棚田"}],"0473":[{"pref":"広島県","city":"廿日市市","town":"大野田屋"}],"0437":[{"pref":"広島県","city":"廿日市市","town":"大野中央"}],"0474":[{"pref":"広島県","city":"廿日市市","town":"大野土井"}],"0405":[{"pref":"広島県","city":"廿日市市","town":"大野戸石川"}],"0467":[{"pref":"広島県","city":"廿日市市","town":"大野中津岡"}],"0406":[{"pref":"広島県","city":"廿日市市","town":"大野中山"}],"0458":[{"pref":"広島県","city":"廿日市市","town":"大野鳴川"}],"0663":[{"pref":"広島県","city":"廿日市市","town":"大野奴メリ谷"}],"0471":[{"pref":"広島県","city":"廿日市市","town":"大野別府"}],"0477":[{"pref":"広島県","city":"廿日市市","town":"大野水口"}],"0464":[{"pref":"広島県","city":"廿日市市","town":"大野水ノ越"}],"0665":[{"pref":"広島県","city":"廿日市市","town":"大野横撫"}],"0434":[{"pref":"広島県","city":"廿日市市","town":"大野（１、２丁目）"}],"0488":[{"pref":"広島県","city":"廿日市市","town":"大野（その他）"}],"0441":[{"pref":"広島県","city":"廿日市市","town":"大野原"}],"0443":[{"pref":"広島県","city":"廿日市市","town":"沖塩屋"}],"0432":[{"pref":"広島県","city":"廿日市市","town":"上の浜"}],"0445":[{"pref":"広島県","city":"廿日市市","town":"塩屋"}],"0433":[{"pref":"広島県","city":"廿日市市","town":"下の浜"}],"0402":[{"pref":"広島県","city":"廿日市市","town":"対厳山"}],"0455":[{"pref":"広島県","city":"廿日市市","town":"八坂"}],"0444":[{"pref":"広島県","city":"廿日市市","town":"林が原"}],"0421":[{"pref":"広島県","city":"廿日市市","town":"深江"}],"0401":[{"pref":"広島県","city":"廿日市市","town":"福面"}],"0424":[{"pref":"広島県","city":"廿日市市","town":"前空"}],"0452":[{"pref":"広島県","city":"廿日市市","town":"丸石"}],"0411":[{"pref":"広島県","city":"廿日市市","town":"宮島口"}],"0413":[{"pref":"広島県","city":"廿日市市","town":"宮島口上"}],"0412":[{"pref":"広島県","city":"廿日市市","town":"宮島口西"}],"0414":[{"pref":"広島県","city":"廿日市市","town":"宮島口東"}],"0541":[{"pref":"広島県","city":"廿日市市","town":"宮島町（網之浦）"}],"0511":[{"pref":"広島県","city":"廿日市市","town":"宮島町（伊勢町）"}],"0515":[{"pref":"広島県","city":"廿日市市","town":"宮島町（魚之棚町）"}],"0505":[{"pref":"広島県","city":"廿日市市","town":"宮島町（胡町）"}],"0507":[{"pref":"広島県","city":"廿日市市","town":"宮島町（大砂利）"}],"0521":[{"pref":"広島県","city":"廿日市市","town":"宮島町（大町）"}],"0513":[{"pref":"広島県","city":"廿日市市","town":"宮島町（上西連町）"}],"0531":[{"pref":"広島県","city":"廿日市市","town":"宮島町（上中西町）"}],"0535":[{"pref":"広島県","city":"廿日市市","town":"宮島町（北大西町）"}],"0552":[{"pref":"広島県","city":"廿日市市","town":"宮島町（北之町西表）"}],"0559":[{"pref":"広島県","city":"廿日市市","town":"宮島町（北之町浜）"}],"0551":[{"pref":"広島県","city":"廿日市市","town":"宮島町（北之町東表）"}],"0525":[{"pref":"広島県","city":"廿日市市","town":"宮島町（久保町）"}],"0555":[{"pref":"広島県","city":"廿日市市","town":"宮島町（幸町西表）"}],"0556":[{"pref":"広島県","city":"廿日市市","town":"宮島町（幸町西浜）"}],"0554":[{"pref":"広島県","city":"廿日市市","town":"宮島町（幸町東表）"}],"0557":[{"pref":"広島県","city":"廿日市市","town":"宮島町（幸町東浜）"}],"0516":[{"pref":"広島県","city":"廿日市市","town":"宮島町（桜町）"}],"0518":[{"pref":"広島県","city":"廿日市市","town":"宮島町（下西連町）"}],"0536":[{"pref":"広島県","city":"廿日市市","town":"宮島町（下中西町）"}],"0512":[{"pref":"広島県","city":"廿日市市","town":"宮島町（新町）"}],"0501":[{"pref":"広島県","city":"廿日市市","town":"宮島町（杉之浦）"}],"0502":[{"pref":"広島県","city":"廿日市市","town":"宮島町（杉之浦住宅）"}],"0524":[{"pref":"広島県","city":"廿日市市","town":"宮島町（滝町）"}],"0542":[{"pref":"広島県","city":"廿日市市","town":"宮島町（多々良潟）"}],"0523":[{"pref":"広島県","city":"廿日市市","town":"宮島町（中江町）"}],"0553":[{"pref":"広島県","city":"廿日市市","town":"宮島町（中之町表）"}],"0558":[{"pref":"広島県","city":"廿日市市","town":"宮島町（中之町浜）"}],"0534":[{"pref":"広島県","city":"廿日市市","town":"宮島町（西大西町）"}],"0550":[{"pref":"広島県","city":"廿日市市","town":"宮島町（浜之町）"}],"0532":[{"pref":"広島県","city":"廿日市市","town":"宮島町（東大西町）"}],"0514":[{"pref":"広島県","city":"廿日市市","town":"宮島町（東西連町）"}],"0503":[{"pref":"広島県","city":"廿日市市","town":"宮島町（ひの木団地）"}],"0506":[{"pref":"広島県","city":"廿日市市","town":"宮島町（緑町）"}],"0504":[{"pref":"広島県","city":"廿日市市","town":"宮島町（港町）"}],"0533":[{"pref":"広島県","city":"廿日市市","town":"宮島町（南大西町）"}],"0522":[{"pref":"広島県","city":"廿日市市","town":"宮島町（南町）"}],"0543":[{"pref":"広島県","city":"廿日市市","town":"宮島町（室浜）"}],"0517":[{"pref":"広島県","city":"廿日市市","town":"宮島町（大和町）"}],"0588":[{"pref":"広島県","city":"廿日市市","town":"宮島町（その他）"}],"0454":[{"pref":"広島県","city":"廿日市市","town":"宮浜温泉"}],"0425":[{"pref":"広島県","city":"廿日市市","town":"物見西"}],"0426":[{"pref":"広島県","city":"廿日市市","town":"物見東"}]}