{"8001":[{"pref":"静岡県","city":"静岡市駿河区","town":"中吉田"}],"8002":[{"pref":"静岡県","city":"静岡市駿河区","town":"谷田"}],"8003":[{"pref":"静岡県","city":"静岡市駿河区","town":"平沢"}],"8004":[{"pref":"静岡県","city":"静岡市駿河区","town":"国吉田"}],"8005":[{"pref":"静岡県","city":"静岡市駿河区","town":"池田"}],"8006":[{"pref":"静岡県","city":"静岡市駿河区","town":"曲金"}],"8007":[{"pref":"静岡県","city":"静岡市駿河区","town":"聖一色"}],"8008":[{"pref":"静岡県","city":"静岡市駿河区","town":"栗原"}],"8009":[{"pref":"静岡県","city":"静岡市駿河区","town":"弥生町"}],"8011":[{"pref":"静岡県","city":"静岡市駿河区","town":"根古屋"}],"8012":[{"pref":"静岡県","city":"静岡市駿河区","town":"安居"}],"8013":[{"pref":"静岡県","city":"静岡市駿河区","town":"古宿"}],"8014":[{"pref":"静岡県","city":"静岡市駿河区","town":"青沢"}],"8015":[{"pref":"静岡県","city":"静岡市駿河区","town":"中平松"}],"8016":[{"pref":"静岡県","city":"静岡市駿河区","town":"西平松"}],"8017":[{"pref":"静岡県","city":"静岡市駿河区","town":"大谷"}],"8018":[{"pref":"静岡県","city":"静岡市駿河区","town":"西大谷"}],"8019":[{"pref":"静岡県","city":"静岡市駿河区","town":"東静岡"}],"8021":[{"pref":"静岡県","city":"静岡市駿河区","town":"小鹿"}],"8022":[{"pref":"静岡県","city":"静岡市駿河区","town":"恩田原"}],"8023":[{"pref":"静岡県","city":"静岡市駿河区","town":"片山"}],"8024":[{"pref":"静岡県","city":"静岡市駿河区","town":"宮川"}],"8025":[{"pref":"静岡県","city":"静岡市駿河区","town":"水上"}],"8026":[{"pref":"静岡県","city":"静岡市駿河区","town":"富士見台"}],"8027":[{"pref":"静岡県","city":"静岡市駿河区","town":"豊田"}],"8031":[{"pref":"静岡県","city":"静岡市駿河区","town":"有明町"}],"8032":[{"pref":"静岡県","city":"静岡市駿河区","town":"有東"}],"8033":[{"pref":"静岡県","city":"静岡市駿河区","town":"登呂"}],"8034":[{"pref":"静岡県","city":"静岡市駿河区","town":"高松"}],"8035":[{"pref":"静岡県","city":"静岡市駿河区","town":"宮竹"}],"8036":[{"pref":"静岡県","city":"静岡市駿河区","town":"敷地"}],"8037":[{"pref":"静岡県","city":"静岡市駿河区","town":"下島"}],"8041":[{"pref":"静岡県","city":"静岡市駿河区","town":"中田"}],"8042":[{"pref":"静岡県","city":"静岡市駿河区","town":"石田"}],"8043":[{"pref":"静岡県","city":"静岡市駿河区","town":"中田本町"}],"8044":[{"pref":"静岡県","city":"静岡市駿河区","town":"西脇"}],"8045":[{"pref":"静岡県","city":"静岡市駿河区","town":"西島"}],"8046":[{"pref":"静岡県","city":"静岡市駿河区","town":"中島"}],"8047":[{"pref":"静岡県","city":"静岡市駿河区","town":"中村町"}],"8051":[{"pref":"静岡県","city":"静岡市駿河区","town":"中野新田"}],"8052":[{"pref":"静岡県","city":"静岡市駿河区","town":"緑が丘町"}],"8053":[{"pref":"静岡県","city":"静岡市駿河区","town":"西中原"}],"8054":[{"pref":"静岡県","city":"静岡市駿河区","town":"南安倍（３丁目）"}],"8055":[{"pref":"静岡県","city":"静岡市駿河区","town":"寿町"}],"8056":[{"pref":"静岡県","city":"静岡市駿河区","town":"津島町"}],"8057":[{"pref":"静岡県","city":"静岡市駿河区","town":"見瀬"}],"8058":[{"pref":"静岡県","city":"静岡市駿河区","town":"中原"}],"8061":[{"pref":"静岡県","city":"静岡市駿河区","town":"森下町"}],"8062":[{"pref":"静岡県","city":"静岡市駿河区","town":"稲川"}],"8063":[{"pref":"静岡県","city":"静岡市駿河区","town":"馬渕"}],"8064":[{"pref":"静岡県","city":"静岡市駿河区","town":"新川"}],"8065":[{"pref":"静岡県","city":"静岡市駿河区","town":"宮本町"}],"8066":[{"pref":"静岡県","city":"静岡市駿河区","town":"泉町"}],"8067":[{"pref":"静岡県","city":"静岡市駿河区","town":"南町"}],"8071":[{"pref":"静岡県","city":"静岡市駿河区","town":"豊原町"}],"8072":[{"pref":"静岡県","city":"静岡市駿河区","town":"小黒"}],"8073":[{"pref":"静岡県","city":"静岡市駿河区","town":"八幡山"}],"8074":[{"pref":"静岡県","city":"静岡市駿河区","town":"南八幡町"}],"8075":[{"pref":"静岡県","city":"静岡市駿河区","town":"大坪町"}],"8076":[{"pref":"静岡県","city":"静岡市駿河区","town":"八幡"}],"8077":[{"pref":"静岡県","city":"静岡市駿河区","town":"大和"}],"8078":[{"pref":"静岡県","city":"静岡市駿河区","town":"さつき町"}],"0000":[{"pref":"静岡県","city":"静岡市葵区","town":"以下に掲載がない場合"},{"pref":"静岡県","city":"静岡市駿河区","town":"以下に掲載がない場合"},{"pref":"静岡県","city":"静岡市清水区","town":"以下に掲載がない場合"}]}