{"0000":[{"pref":"石川県","city":"羽咋市","town":"以下に掲載がない場合"}],"0045":[{"pref":"石川県","city":"羽咋市","town":"粟生町"}],"0034":[{"pref":"石川県","city":"羽咋市","town":"旭町"}],"0043":[{"pref":"石川県","city":"羽咋市","town":"粟原町"}],"0026":[{"pref":"石川県","city":"羽咋市","town":"石野町"}],"0004":[{"pref":"石川県","city":"羽咋市","town":"一ノ宮町"}],"0613":[{"pref":"石川県","city":"羽咋市","town":"飯山町"}],"0605":[{"pref":"石川県","city":"羽咋市","town":"宇土野町"}],"0611":[{"pref":"石川県","city":"羽咋市","town":"上江町"}],"0015":[{"pref":"石川県","city":"羽咋市","town":"大川町"}],"0025":[{"pref":"石川県","city":"羽咋市","town":"太田町"}],"0072":[{"pref":"石川県","city":"羽咋市","town":"大町"}],"0625":[{"pref":"石川県","city":"羽咋市","town":"尾長町"}],"0612":[{"pref":"石川県","city":"羽咋市","town":"垣内田町"}],"0076":[{"pref":"石川県","city":"羽咋市","town":"鹿島路町"}],"0075":[{"pref":"石川県","city":"羽咋市","town":"金丸出町"}],"0014":[{"pref":"石川県","city":"羽咋市","town":"釜屋町"}],"0607":[{"pref":"石川県","city":"羽咋市","town":"上白瀬町"}],"0011":[{"pref":"石川県","city":"羽咋市","town":"上中山町"}],"0033":[{"pref":"石川県","city":"羽咋市","town":"川原町"}],"0047":[{"pref":"石川県","city":"羽咋市","town":"御坊山町"}],"0074":[{"pref":"石川県","city":"羽咋市","town":"酒井町"}],"0003":[{"pref":"石川県","city":"羽咋市","town":"寺家町"}],"0624":[{"pref":"石川県","city":"羽咋市","town":"志々見町"}],"0616":[{"pref":"石川県","city":"羽咋市","town":"四町"}],"0001":[{"pref":"石川県","city":"羽咋市","town":"柴垣町"}],"0051":[{"pref":"石川県","city":"羽咋市","town":"島出町"}],"0071":[{"pref":"石川県","city":"羽咋市","town":"下曽祢町"}],"0604":[{"pref":"石川県","city":"羽咋市","town":"白石町"}],"0606":[{"pref":"石川県","city":"羽咋市","town":"白瀬町"}],"0044":[{"pref":"石川県","city":"羽咋市","town":"新保町"}],"0601":[{"pref":"石川県","city":"羽咋市","town":"菅池町"}],"0028":[{"pref":"石川県","city":"羽咋市","town":"次場町"}],"0602":[{"pref":"石川県","city":"羽咋市","town":"千石町"}],"0626":[{"pref":"石川県","city":"羽咋市","town":"千田町"}],"0002":[{"pref":"石川県","city":"羽咋市","town":"滝谷町"}],"0005":[{"pref":"石川県","city":"羽咋市","town":"滝町"}],"0012":[{"pref":"石川県","city":"羽咋市","town":"千路町"}],"0052":[{"pref":"石川県","city":"羽咋市","town":"中央町"}],"0615":[{"pref":"石川県","city":"羽咋市","town":"千代町"}],"0054":[{"pref":"石川県","city":"羽咋市","town":"千里浜町"}],"0042":[{"pref":"石川県","city":"羽咋市","town":"土橋町"}],"0617":[{"pref":"石川県","city":"羽咋市","town":"円井町"}],"0027":[{"pref":"石川県","city":"羽咋市","town":"鶴多町"}],"0614":[{"pref":"石川県","city":"羽咋市","town":"中川町"}],"0017":[{"pref":"石川県","city":"羽咋市","town":"西釜屋町"}],"0016":[{"pref":"石川県","city":"羽咋市","town":"羽咋町"}],"0077":[{"pref":"石川県","city":"羽咋市","town":"東潟町"}],"0013":[{"pref":"石川県","city":"羽咋市","town":"東釜屋町"}],"0032":[{"pref":"石川県","city":"羽咋市","town":"東川原町"}],"0031":[{"pref":"石川県","city":"羽咋市","town":"東的場町"}],"0621":[{"pref":"石川県","city":"羽咋市","town":"菱分町"}],"0046":[{"pref":"石川県","city":"羽咋市","town":"兵庫町"}],"0022":[{"pref":"石川県","city":"羽咋市","town":"深江町"}],"0603":[{"pref":"石川県","city":"羽咋市","town":"福水町"}],"0622":[{"pref":"石川県","city":"羽咋市","town":"堀替新町"}],"0623":[{"pref":"石川県","city":"羽咋市","town":"本江町"}],"0035":[{"pref":"石川県","city":"羽咋市","town":"本町"}],"0048":[{"pref":"石川県","city":"羽咋市","town":"松ケ下町"}],"0036":[{"pref":"石川県","city":"羽咋市","town":"的場町"}],"0608":[{"pref":"石川県","city":"羽咋市","town":"神子原町"}],"0024":[{"pref":"石川県","city":"羽咋市","town":"三ツ屋町"}],"0053":[{"pref":"石川県","city":"羽咋市","town":"南中央町"}],"0018":[{"pref":"石川県","city":"羽咋市","town":"柳田町"}],"0049":[{"pref":"石川県","city":"羽咋市","town":"柳橋町"}],"0021":[{"pref":"石川県","city":"羽咋市","town":"吉崎町"}],"0073":[{"pref":"石川県","city":"羽咋市","town":"四柳町"}],"0041":[{"pref":"石川県","city":"羽咋市","town":"立開町"}],"0023":[{"pref":"石川県","city":"羽咋市","town":"若草町"}],"0100":[{"pref":"石川県","city":"羽咋郡志賀町","town":"以下に掲載がない場合"}],"0454":[{"pref":"石川県","city":"羽咋郡志賀町","town":"相神"}],"0574":[{"pref":"石川県","city":"羽咋郡志賀町","town":"赤崎"}],"0161":[{"pref":"石川県","city":"羽咋郡志賀町","town":"赤住"}],"0426":[{"pref":"石川県","city":"羽咋郡志賀町","town":"阿川"}],"0121":[{"pref":"石川県","city":"羽咋郡志賀町","town":"安津見"}],"0132":[{"pref":"石川県","city":"羽咋郡志賀町","town":"穴口"}],"0166":[{"pref":"石川県","city":"羽咋郡志賀町","town":"安部屋"}],"0146":[{"pref":"石川県","city":"羽咋郡志賀町","town":"甘田"}],"0307":[{"pref":"石川県","city":"羽咋郡志賀町","town":"荒屋"}],"0215":[{"pref":"石川県","city":"羽咋郡志賀町","town":"出雲"}],"0563":[{"pref":"石川県","city":"羽咋郡志賀町","town":"稲敷"}],"0432":[{"pref":"石川県","city":"羽咋郡志賀町","town":"今田"}],"0424":[{"pref":"石川県","city":"羽咋郡志賀町","town":"入釜"}],"0145":[{"pref":"石川県","city":"羽咋郡志賀町","town":"岩田"}],"0201":[{"pref":"石川県","city":"羽咋郡志賀町","town":"印内"}],"0385":[{"pref":"石川県","city":"羽咋郡志賀町","town":"牛ケ首"}],"0423":[{"pref":"石川県","city":"羽咋郡志賀町","town":"鵜野屋"}],"0134":[{"pref":"石川県","city":"羽咋郡志賀町","town":"上棚"}],"0165":[{"pref":"石川県","city":"羽咋郡志賀町","town":"上野"}],"0435":[{"pref":"石川県","city":"羽咋郡志賀町","town":"江添"}],"0163":[{"pref":"石川県","city":"羽咋郡志賀町","town":"小浦"}],"0133":[{"pref":"石川県","city":"羽咋郡志賀町","town":"大坂"}],"0383":[{"pref":"石川県","city":"羽咋郡志賀町","town":"大笹"}],"0164":[{"pref":"石川県","city":"羽咋郡志賀町","town":"大津"}],"0434":[{"pref":"石川県","city":"羽咋郡志賀町","town":"大西"}],"0575":[{"pref":"石川県","city":"羽咋郡志賀町","town":"小窪"}],"0147":[{"pref":"石川県","city":"羽咋郡志賀町","town":"大島"}],"0436":[{"pref":"石川県","city":"羽咋郡志賀町","town":"貝田"}],"0562":[{"pref":"石川県","city":"羽咋郡志賀町","town":"栢木"}],"0155":[{"pref":"石川県","city":"羽咋郡志賀町","town":"神代"}],"0565":[{"pref":"石川県","city":"羽咋郡志賀町","town":"香能"}],"0168":[{"pref":"石川県","city":"羽咋郡志賀町","town":"川尻"}],"0152":[{"pref":"石川県","city":"羽咋郡志賀町","town":"北吉田"}],"0457":[{"pref":"石川県","city":"羽咋郡志賀町","town":"給分"}],"0421":[{"pref":"石川県","city":"羽咋郡志賀町","town":"切留"}],"0306":[{"pref":"石川県","city":"羽咋郡志賀町","town":"草木"}],"0122":[{"pref":"石川県","city":"羽咋郡志賀町","town":"倉垣"}],"0207":[{"pref":"石川県","city":"羽咋郡志賀町","town":"栗山"}],"0373":[{"pref":"石川県","city":"羽咋郡志賀町","town":"小室"}],"0384":[{"pref":"石川県","city":"羽咋郡志賀町","town":"五里峠"}],"0382":[{"pref":"石川県","city":"羽咋郡志賀町","town":"米町"}],"0571":[{"pref":"石川県","city":"羽咋郡志賀町","town":"西海風無"}],"0572":[{"pref":"石川県","city":"羽咋郡志賀町","town":"西海千ノ浦"}],"0573":[{"pref":"石川県","city":"羽咋郡志賀町","town":"西海久喜"}],"0566":[{"pref":"石川県","city":"羽咋郡志賀町","town":"西海風戸"}],"0564":[{"pref":"石川県","city":"羽咋郡志賀町","town":"酒見"}],"0577":[{"pref":"石川県","city":"羽咋郡志賀町","town":"笹波"}],"0453":[{"pref":"石川県","city":"羽咋郡志賀町","town":"里本江"}],"0313":[{"pref":"石川県","city":"羽咋郡志賀町","town":"三明"}],"0576":[{"pref":"石川県","city":"羽咋郡志賀町","town":"鹿頭"}],"0202":[{"pref":"石川県","city":"羽咋郡志賀町","town":"代田"}],"0422":[{"pref":"石川県","city":"羽咋郡志賀町","town":"地保"}],"0153":[{"pref":"石川県","city":"羽咋郡志賀町","town":"清水今江"}],"0371":[{"pref":"石川県","city":"羽咋郡志賀町","town":"釈迦堂"}],"0203":[{"pref":"石川県","city":"羽咋郡志賀町","town":"新林"}],"0154":[{"pref":"石川県","city":"羽咋郡志賀町","town":"末吉"}],"0456":[{"pref":"石川県","city":"羽咋郡志賀町","town":"草江"}],"0427":[{"pref":"石川県","city":"羽咋郡志賀町","town":"楚和"}],"0431":[{"pref":"石川県","city":"羽咋郡志賀町","town":"尊保"}],"0561":[{"pref":"石川県","city":"羽咋郡志賀町","town":"大福寺"}],"0141":[{"pref":"石川県","city":"羽咋郡志賀町","town":"高浜町"}],"0136":[{"pref":"石川県","city":"羽咋郡志賀町","town":"舘"}],"0213":[{"pref":"石川県","city":"羽咋郡志賀町","town":"舘開"}],"0437":[{"pref":"石川県","city":"羽咋郡志賀町","town":"田中"}],"0206":[{"pref":"石川県","city":"羽咋郡志賀町","town":"谷屋"}],"0381":[{"pref":"石川県","city":"羽咋郡志賀町","town":"田原"}],"0144":[{"pref":"石川県","city":"羽咋郡志賀町","town":"坪野"}],"0345":[{"pref":"石川県","city":"羽咋郡志賀町","town":"富来牛下（巌門）"}],"0445":[{"pref":"石川県","city":"羽咋郡志賀町","town":"富来牛下（その他）"}],"0444":[{"pref":"石川県","city":"羽咋郡志賀町","town":"富来生神"}],"0443":[{"pref":"石川県","city":"羽咋郡志賀町","town":"富来七海"}],"0446":[{"pref":"石川県","city":"羽咋郡志賀町","town":"富来地頭町"}],"0448":[{"pref":"石川県","city":"羽咋郡志賀町","town":"富来高田"}],"0447":[{"pref":"石川県","city":"羽咋郡志賀町","town":"富来領家町"}],"0212":[{"pref":"石川県","city":"羽咋郡志賀町","town":"徳田"}],"0425":[{"pref":"石川県","city":"羽咋郡志賀町","town":"灯"}],"0452":[{"pref":"石川県","city":"羽咋郡志賀町","town":"中泉"},{"pref":"石川県","city":"羽咋郡志賀町","town":"八幡座主"}],"0148":[{"pref":"石川県","city":"羽咋郡志賀町","town":"長沢"}],"0376":[{"pref":"石川県","city":"羽咋郡志賀町","town":"長田"}],"0314":[{"pref":"石川県","city":"羽咋郡志賀町","town":"中畠"}],"0455":[{"pref":"石川県","city":"羽咋郡志賀町","town":"中浜"}],"0304":[{"pref":"石川県","city":"羽咋郡志賀町","town":"中山"}],"0151":[{"pref":"石川県","city":"羽咋郡志賀町","town":"梨谷小山"}],"0124":[{"pref":"石川県","city":"羽咋郡志賀町","town":"西山"}],"0125":[{"pref":"石川県","city":"羽咋郡志賀町","town":"西山台"}],"0135":[{"pref":"石川県","city":"羽咋郡志賀町","town":"二所宮"}],"0372":[{"pref":"石川県","city":"羽咋郡志賀町","town":"直海"}],"0214":[{"pref":"石川県","city":"羽咋郡志賀町","town":"火打谷"}],"0442":[{"pref":"石川県","city":"羽咋郡志賀町","town":"東小室"}],"0303":[{"pref":"石川県","city":"羽咋郡志賀町","town":"日下田"}],"0301":[{"pref":"石川県","city":"羽咋郡志賀町","town":"日用"}],"0441":[{"pref":"石川県","city":"羽咋郡志賀町","town":"広地"}],"0137":[{"pref":"石川県","city":"羽咋郡志賀町","town":"福井"}],"0142":[{"pref":"石川県","city":"羽咋郡志賀町","town":"福野"}],"0315":[{"pref":"石川県","city":"羽咋郡志賀町","town":"福浦港"}],"0305":[{"pref":"石川県","city":"羽咋郡志賀町","town":"豊後名"}],"0205":[{"pref":"石川県","city":"羽咋郡志賀町","town":"仏木"}],"0157":[{"pref":"石川県","city":"羽咋郡志賀町","town":"堀松"}],"0578":[{"pref":"石川県","city":"羽咋郡志賀町","town":"前浜"}],"0204":[{"pref":"石川県","city":"羽咋郡志賀町","town":"牧山"}],"0167":[{"pref":"石川県","city":"羽咋郡志賀町","town":"町"}],"0302":[{"pref":"石川県","city":"羽咋郡志賀町","town":"町居"}],"0374":[{"pref":"石川県","city":"羽咋郡志賀町","town":"松木"}],"0312":[{"pref":"石川県","city":"羽咋郡志賀町","town":"六実"}],"0162":[{"pref":"石川県","city":"羽咋郡志賀町","town":"百浦"}],"0156":[{"pref":"石川県","city":"羽咋郡志賀町","town":"矢蔵谷"}],"0211":[{"pref":"石川県","city":"羽咋郡志賀町","town":"矢田"}],"0123":[{"pref":"石川県","city":"羽咋郡志賀町","town":"矢駄"}],"0311":[{"pref":"石川県","city":"羽咋郡志賀町","town":"谷神"}],"0438":[{"pref":"石川県","city":"羽咋郡志賀町","town":"八千代"}],"0143":[{"pref":"石川県","city":"羽咋郡志賀町","town":"宿女"}],"0451":[{"pref":"石川県","city":"羽咋郡志賀町","town":"八幡"}],"0131":[{"pref":"石川県","city":"羽咋郡志賀町","town":"米浜"}],"0375":[{"pref":"石川県","city":"羽咋郡志賀町","town":"若葉台"}],"0433":[{"pref":"石川県","city":"羽咋郡志賀町","town":"和田"}]}