{"0000":[{"pref":"兵庫県","city":"神戸市須磨区","town":"以下に掲載がない場合"}],"0038":[{"pref":"兵庫県","city":"神戸市須磨区","town":"青葉町"}],"0047":[{"pref":"兵庫県","city":"神戸市須磨区","town":"磯馴町"}],"0009":[{"pref":"兵庫県","city":"神戸市須磨区","town":"板宿町"}],"0076":[{"pref":"兵庫県","city":"神戸市須磨区","town":"一ノ谷町"}],"0044":[{"pref":"兵庫県","city":"神戸市須磨区","town":"稲葉町"}],"0004":[{"pref":"兵庫県","city":"神戸市須磨区","town":"永楽町"}],"0023":[{"pref":"兵庫県","city":"神戸市須磨区","town":"戎町"}],"0026":[{"pref":"兵庫県","city":"神戸市須磨区","town":"大池町"}],"0024":[{"pref":"兵庫県","city":"神戸市須磨区","town":"大田町"}],"0017":[{"pref":"兵庫県","city":"神戸市須磨区","town":"大手"}],"0013":[{"pref":"兵庫県","city":"神戸市須磨区","town":"大手町"}],"0015":[{"pref":"兵庫県","city":"神戸市須磨区","town":"奥山畑町"}],"0162":[{"pref":"兵庫県","city":"神戸市須磨区","town":"神の谷"}],"0016":[{"pref":"兵庫県","city":"神戸市須磨区","town":"上細沢町"}],"0005":[{"pref":"兵庫県","city":"神戸市須磨区","town":"川上町"}],"0008":[{"pref":"兵庫県","city":"神戸市須磨区","town":"菊池町"}],"0151":[{"pref":"兵庫県","city":"神戸市須磨区","town":"北落合"}],"0064":[{"pref":"兵庫県","city":"神戸市須磨区","town":"北町"}],"0048":[{"pref":"兵庫県","city":"神戸市須磨区","town":"衣掛町"}],"0111":[{"pref":"兵庫県","city":"神戸市須磨区","town":"車"}],"0042":[{"pref":"兵庫県","city":"神戸市須磨区","town":"小寺町"}],"0031":[{"pref":"兵庫県","city":"神戸市須磨区","town":"権現町"}],"0066":[{"pref":"兵庫県","city":"神戸市須磨区","town":"桜木町"}],"0114":[{"pref":"兵庫県","city":"神戸市須磨区","town":"桜の杜"}],"0075":[{"pref":"兵庫県","city":"神戸市須磨区","town":"潮見台町"}],"0123":[{"pref":"兵庫県","city":"神戸市須磨区","town":"清水台"}],"0101":[{"pref":"兵庫県","city":"神戸市須磨区","town":"白川"}],"0103":[{"pref":"兵庫県","city":"神戸市須磨区","town":"白川台"}],"0003":[{"pref":"兵庫県","city":"神戸市須磨区","town":"神撫町"}],"0143":[{"pref":"兵庫県","city":"神戸市須磨区","town":"菅の台"}],"0055":[{"pref":"兵庫県","city":"神戸市須磨区","town":"須磨浦通"}],"0071":[{"pref":"兵庫県","city":"神戸市須磨区","town":"須磨寺町"}],"0054":[{"pref":"兵庫県","city":"神戸市須磨区","town":"須磨本町"}],"0073":[{"pref":"兵庫県","city":"神戸市須磨区","town":"関守町"}],"0001":[{"pref":"兵庫県","city":"神戸市須磨区","town":"禅昌寺町"}],"0043":[{"pref":"兵庫県","city":"神戸市須磨区","town":"外浜町"}],"0022":[{"pref":"兵庫県","city":"神戸市須磨区","town":"大黒町"}],"0133":[{"pref":"兵庫県","city":"神戸市須磨区","town":"多井畑"}],"0134":[{"pref":"兵庫県","city":"神戸市須磨区","town":"多井畑東町"}],"0132":[{"pref":"兵庫県","city":"神戸市須磨区","town":"多井畑南町"}],"0061":[{"pref":"兵庫県","city":"神戸市須磨区","town":"高尾台"}],"0081":[{"pref":"兵庫県","city":"神戸市須磨区","town":"高倉台"}],"0074":[{"pref":"兵庫県","city":"神戸市須磨区","town":"高倉町"}],"0039":[{"pref":"兵庫県","city":"神戸市須磨区","town":"鷹取町"}],"0027":[{"pref":"兵庫県","city":"神戸市須磨区","town":"千歳町"}],"0072":[{"pref":"兵庫県","city":"神戸市須磨区","town":"千守町"}],"0063":[{"pref":"兵庫県","city":"神戸市須磨区","town":"月見山町"}],"0051":[{"pref":"兵庫県","city":"神戸市須磨区","town":"月見山本町"}],"0025":[{"pref":"兵庫県","city":"神戸市須磨区","town":"寺田町"}],"0053":[{"pref":"兵庫県","city":"神戸市須磨区","town":"天神町"}],"0122":[{"pref":"兵庫県","city":"神戸市須磨区","town":"道正台"}],"0028":[{"pref":"兵庫県","city":"神戸市須磨区","town":"常盤町"}],"0012":[{"pref":"兵庫県","city":"神戸市須磨区","town":"飛松町"}],"0034":[{"pref":"兵庫県","city":"神戸市須磨区","town":"戸政町"}],"0142":[{"pref":"兵庫県","city":"神戸市須磨区","town":"友が丘"}],"0154":[{"pref":"兵庫県","city":"神戸市須磨区","town":"中落合"}],"0035":[{"pref":"兵庫県","city":"神戸市須磨区","town":"中島町"}],"0155":[{"pref":"兵庫県","city":"神戸市須磨区","town":"西落合"}],"0068":[{"pref":"兵庫県","city":"神戸市須磨区","town":"西須磨"}],"0152":[{"pref":"兵庫県","city":"神戸市須磨区","town":"東落合"}],"0102":[{"pref":"兵庫県","city":"神戸市須磨区","town":"東白川台"}],"0018":[{"pref":"兵庫県","city":"神戸市須磨区","town":"東須磨"}],"0033":[{"pref":"兵庫県","city":"神戸市須磨区","town":"東町"}],"0021":[{"pref":"兵庫県","city":"神戸市須磨区","town":"平田町"}],"0041":[{"pref":"兵庫県","city":"神戸市須磨区","town":"古川町"}],"0007":[{"pref":"兵庫県","city":"神戸市須磨区","town":"宝田町"}],"0032":[{"pref":"兵庫県","city":"神戸市須磨区","town":"堀池町"}],"0011":[{"pref":"兵庫県","city":"神戸市須磨区","town":"前池町"}],"0045":[{"pref":"兵庫県","city":"神戸市須磨区","town":"松風町"}],"0062":[{"pref":"兵庫県","city":"神戸市須磨区","town":"水野町"}],"0113":[{"pref":"兵庫県","city":"神戸市須磨区","town":"緑が丘"}],"0163":[{"pref":"兵庫県","city":"神戸市須磨区","town":"緑台"}],"0153":[{"pref":"兵庫県","city":"神戸市須磨区","town":"南落合"}],"0036":[{"pref":"兵庫県","city":"神戸市須磨区","town":"南町"}],"0052":[{"pref":"兵庫県","city":"神戸市須磨区","town":"行幸町"}],"0002":[{"pref":"兵庫県","city":"神戸市須磨区","town":"明神町"}],"0121":[{"pref":"兵庫県","city":"神戸市須磨区","town":"妙法寺"}],"0046":[{"pref":"兵庫県","city":"神戸市須磨区","town":"村雨町"}],"0161":[{"pref":"兵庫県","city":"神戸市須磨区","town":"弥栄台"}],"0037":[{"pref":"兵庫県","city":"神戸市須磨区","town":"行平町"}],"0006":[{"pref":"兵庫県","city":"神戸市須磨区","town":"養老町"}],"0131":[{"pref":"兵庫県","city":"神戸市須磨区","town":"横尾"}],"0067":[{"pref":"兵庫県","city":"神戸市須磨区","town":"離宮西町"}],"0065":[{"pref":"兵庫県","city":"神戸市須磨区","town":"離宮前町"}],"0141":[{"pref":"兵庫県","city":"神戸市須磨区","town":"竜が台"}],"0014":[{"pref":"兵庫県","city":"神戸市須磨区","town":"若木町"}],"0112":[{"pref":"兵庫県","city":"神戸市須磨区","town":"若草町"}],"0049":[{"pref":"兵庫県","city":"神戸市須磨区","town":"若宮町"}]}