{"0000":[{"pref":"京都府","city":"向日市","town":"以下に掲載がない場合"},{"pref":"京都府","city":"長岡京市","town":"以下に掲載がない場合"}],"0004":[{"pref":"京都府","city":"向日市","town":"鶏冠井町"}],"0006":[{"pref":"京都府","city":"向日市","town":"上植野町"}],"0002":[{"pref":"京都府","city":"向日市","town":"寺戸町"}],"0005":[{"pref":"京都府","city":"向日市","town":"向日町"}],"0001":[{"pref":"京都府","city":"向日市","town":"物集女町"}],"0003":[{"pref":"京都府","city":"向日市","town":"森本町"}],"0811":[{"pref":"京都府","city":"長岡京市","town":"粟生"}],"0846":[{"pref":"京都府","city":"長岡京市","town":"泉が丘"}],"0825":[{"pref":"京都府","city":"長岡京市","town":"一文橋"}],"0831":[{"pref":"京都府","city":"長岡京市","town":"一里塚"}],"0813":[{"pref":"京都府","city":"長岡京市","town":"井ノ内"}],"0814":[{"pref":"京都府","city":"長岡京市","town":"今里"}],"0815":[{"pref":"京都府","city":"長岡京市","town":"うぐいす台"}],"0841":[{"pref":"京都府","city":"長岡京市","town":"梅が丘"}],"0853":[{"pref":"京都府","city":"長岡京市","town":"奥海印寺"}],"0826":[{"pref":"京都府","city":"長岡京市","town":"開田"}],"0856":[{"pref":"京都府","city":"長岡京市","town":"金ケ原"}],"0852":[{"pref":"京都府","city":"長岡京市","town":"河陽が丘"}],"0837":[{"pref":"京都府","city":"長岡京市","town":"久貝"}],"0833":[{"pref":"京都府","city":"長岡京市","town":"神足"}],"0851":[{"pref":"京都府","city":"長岡京市","town":"光風台"}],"0854":[{"pref":"京都府","city":"長岡京市","town":"こがねが丘"}],"0818":[{"pref":"京都府","city":"長岡京市","town":"柴の里"}],"0845":[{"pref":"京都府","city":"長岡京市","town":"下海印寺"}],"0855":[{"pref":"京都府","city":"長岡京市","town":"浄土谷"}],"0836":[{"pref":"京都府","city":"長岡京市","town":"勝竜寺"}],"0835":[{"pref":"京都府","city":"長岡京市","town":"城の里"}],"0847":[{"pref":"京都府","city":"長岡京市","town":"高台"}],"0857":[{"pref":"京都府","city":"長岡京市","town":"高台西"}],"0817":[{"pref":"京都府","city":"長岡京市","town":"滝ノ町"}],"0827":[{"pref":"京都府","city":"長岡京市","town":"竹の台"}],"0844":[{"pref":"京都府","city":"長岡京市","town":"調子"}],"0812":[{"pref":"京都府","city":"長岡京市","town":"長法寺"}],"0824":[{"pref":"京都府","city":"長岡京市","town":"天神"}],"0834":[{"pref":"京都府","city":"長岡京市","town":"東和苑"}],"0843":[{"pref":"京都府","city":"長岡京市","town":"友岡"}],"0823":[{"pref":"京都府","city":"長岡京市","town":"長岡"}],"0816":[{"pref":"京都府","city":"長岡京市","town":"西の京"}],"0821":[{"pref":"京都府","city":"長岡京市","town":"野添"}],"0822":[{"pref":"京都府","city":"長岡京市","town":"八条が丘"}],"0842":[{"pref":"京都府","city":"長岡京市","town":"花山"}],"0828":[{"pref":"京都府","city":"長岡京市","town":"馬場"}],"0832":[{"pref":"京都府","city":"長岡京市","town":"東神足"}],"0838":[{"pref":"京都府","city":"長岡京市","town":"緑が丘"}]}