{"0000":[{"pref":"大阪府","city":"泉佐野市","town":"以下に掲載がない場合"},{"pref":"大阪府","city":"泉南郡田尻町","town":"以下に掲載がない場合"}],"0014":[{"pref":"大阪府","city":"泉佐野市","town":"葵町"}],"0052":[{"pref":"大阪府","city":"泉佐野市","town":"旭町"}],"0072":[{"pref":"大阪府","city":"泉佐野市","town":"泉ケ丘"}],"0005":[{"pref":"大阪府","city":"泉佐野市","town":"市場東"}],"0006":[{"pref":"大阪府","city":"泉佐野市","town":"市場西"}],"0004":[{"pref":"大阪府","city":"泉佐野市","town":"市場南"}],"0007":[{"pref":"大阪府","city":"泉佐野市","town":"上町"}],"0023":[{"pref":"大阪府","city":"泉佐野市","town":"大木"}],"0053":[{"pref":"大阪府","city":"泉佐野市","town":"大宮町"}],"0043":[{"pref":"大阪府","city":"泉佐野市","town":"大西"}],"0044":[{"pref":"大阪府","city":"泉佐野市","town":"笠松"}],"0058":[{"pref":"大阪府","city":"泉佐野市","town":"春日町"}],"0001":[{"pref":"大阪府","city":"泉佐野市","town":"上瓦屋"}],"0024":[{"pref":"大阪府","city":"泉佐野市","town":"上之郷"}],"0054":[{"pref":"大阪府","city":"泉佐野市","town":"栄町"}],"0075":[{"pref":"大阪府","city":"泉佐野市","town":"佐野台"}],"0062":[{"pref":"大阪府","city":"泉佐野市","town":"下瓦屋"}],"0008":[{"pref":"大阪府","city":"泉佐野市","town":"松風台"}],"0051":[{"pref":"大阪府","city":"泉佐野市","town":"新町"}],"0032":[{"pref":"大阪府","city":"泉佐野市","town":"新安松"}],"0061":[{"pref":"大阪府","city":"泉佐野市","town":"住吉町"}],"0012":[{"pref":"大阪府","city":"泉佐野市","town":"高松東"}],"0016":[{"pref":"大阪府","city":"泉佐野市","town":"高松西"}],"0015":[{"pref":"大阪府","city":"泉佐野市","town":"高松南"}],"0011":[{"pref":"大阪府","city":"泉佐野市","town":"高松北"}],"0003":[{"pref":"大阪府","city":"泉佐野市","town":"俵屋"}],"0022":[{"pref":"大阪府","city":"泉佐野市","town":"土丸"}],"0071":[{"pref":"大阪府","city":"泉佐野市","town":"鶴原"}],"0002":[{"pref":"大阪府","city":"泉佐野市","town":"中庄"}],"0013":[{"pref":"大阪府","city":"泉佐野市","town":"中町"}],"0034":[{"pref":"大阪府","city":"泉佐野市","town":"長滝"}],"0064":[{"pref":"大阪府","city":"泉佐野市","town":"新浜町"}],"0042":[{"pref":"大阪府","city":"泉佐野市","town":"西本町"}],"0041":[{"pref":"大阪府","city":"泉佐野市","town":"野出町"}],"0046":[{"pref":"大阪府","city":"泉佐野市","town":"羽倉崎"}],"0037":[{"pref":"大阪府","city":"泉佐野市","town":"羽倉崎上町"}],"0074":[{"pref":"大阪府","city":"泉佐野市","town":"東佐野台"}],"0031":[{"pref":"大阪府","city":"泉佐野市","town":"東羽倉崎町"}],"0021":[{"pref":"大阪府","city":"泉佐野市","town":"日根野"}],"0057":[{"pref":"大阪府","city":"泉佐野市","town":"本町"}],"0045":[{"pref":"大阪府","city":"泉佐野市","town":"松原"}],"0063":[{"pref":"大阪府","city":"泉佐野市","town":"湊"}],"0073":[{"pref":"大阪府","city":"泉佐野市","town":"南泉ケ丘"}],"0036":[{"pref":"大阪府","city":"泉佐野市","town":"南中岡本"}],"0035":[{"pref":"大阪府","city":"泉佐野市","town":"南中樫井"}],"0033":[{"pref":"大阪府","city":"泉佐野市","town":"南中安松"}],"0056":[{"pref":"大阪府","city":"泉佐野市","town":"元町"}],"0047":[{"pref":"大阪府","city":"泉佐野市","town":"りんくう往来南"}],"0048":[{"pref":"大阪府","city":"泉佐野市","town":"りんくう往来北"}],"0055":[{"pref":"大阪府","city":"泉佐野市","town":"若宮町"}],"0091":[{"pref":"大阪府","city":"泉南郡田尻町","town":"嘉祥寺"}],"0092":[{"pref":"大阪府","city":"泉南郡田尻町","town":"吉見"}],"0094":[{"pref":"大阪府","city":"泉南郡田尻町","town":"りんくうポート南"}],"0093":[{"pref":"大阪府","city":"泉南郡田尻町","town":"りんくうポート北"}]}