{"1211":[{"pref":"長野県","city":"長野市","town":"松代町大室"}],"1212":[{"pref":"長野県","city":"長野市","town":"松代町牧島"}],"1213":[{"pref":"長野県","city":"長野市","town":"松代町小島田"}],"1214":[{"pref":"長野県","city":"長野市","town":"松代町柴"}],"1215":[{"pref":"長野県","city":"長野市","town":"松代町西寺尾"}],"1221":[{"pref":"長野県","city":"長野市","town":"松代町東条"}],"1222":[{"pref":"長野県","city":"長野市","town":"松代町豊栄"}],"1223":[{"pref":"長野県","city":"長野市","town":"皆神台"}],"1224":[{"pref":"長野県","city":"長野市","town":"松代町城東"}],"1225":[{"pref":"長野県","city":"長野市","town":"松代町東寺尾"}],"1226":[{"pref":"長野県","city":"長野市","town":"松代温泉"}],"1231":[{"pref":"長野県","city":"長野市","town":"松代町松代"}],"1232":[{"pref":"長野県","city":"長野市","town":"松代町西条"}],"1233":[{"pref":"長野県","city":"長野市","town":"松代町清野"}],"1234":[{"pref":"長野県","city":"長野市","town":"松代町岩野"}],"1235":[{"pref":"長野県","city":"長野市","town":"松代町城北"}],"2201":[{"pref":"長野県","city":"長野市","town":"若穂牛島（１２９８～１８３５番地）"}],"2202":[{"pref":"長野県","city":"長野市","town":"市場"}],"2203":[{"pref":"長野県","city":"長野市","town":"真島町川合"}],"2204":[{"pref":"長野県","city":"長野市","town":"真島町真島"}],"2205":[{"pref":"長野県","city":"長野市","town":"青木島町大塚"}],"2206":[{"pref":"長野県","city":"長野市","town":"青木島町綱島"}],"2207":[{"pref":"長野県","city":"長野市","town":"大橋南"}],"2211":[{"pref":"長野県","city":"長野市","town":"稲里町下氷鉋"}],"2212":[{"pref":"長野県","city":"長野市","town":"小島田町"}],"2213":[{"pref":"長野県","city":"長野市","town":"広田"}],"2214":[{"pref":"長野県","city":"長野市","town":"稲里町田牧"}],"2215":[{"pref":"長野県","city":"長野市","town":"稲里町中氷鉋"}],"2216":[{"pref":"長野県","city":"長野市","town":"下氷鉋"}],"2217":[{"pref":"長野県","city":"長野市","town":"稲里町中央"}],"2221":[{"pref":"長野県","city":"長野市","town":"川中島町御厨"}],"2222":[{"pref":"長野県","city":"長野市","town":"金井田"}],"2223":[{"pref":"長野県","city":"長野市","town":"里島"}],"2224":[{"pref":"長野県","city":"長野市","town":"川中島町原"}],"2225":[{"pref":"長野県","city":"長野市","town":"篠ノ井岡田"}],"2226":[{"pref":"長野県","city":"長野市","town":"川中島町今井"}],"2227":[{"pref":"長野県","city":"長野市","town":"川中島町今井原"}],"2231":[{"pref":"長野県","city":"長野市","town":"川中島町四ツ屋"}],"2232":[{"pref":"長野県","city":"長野市","town":"川中島町若葉町"}],"2233":[{"pref":"長野県","city":"長野市","town":"川中島町上氷鉋"}],"2234":[{"pref":"長野県","city":"長野市","town":"川中島町今里"}],"2235":[{"pref":"長野県","city":"長野市","town":"篠ノ井小松原"}],"2241":[{"pref":"長野県","city":"長野市","town":"青木島町青木島乙"}],"2242":[{"pref":"長野県","city":"長野市","town":"青木島町青木島"}],"2243":[{"pref":"長野県","city":"長野市","town":"稲里"}],"2244":[{"pref":"長野県","city":"長野市","town":"三本柳西"}],"2245":[{"pref":"長野県","city":"長野市","town":"三本柳東"}],"2246":[{"pref":"長野県","city":"長野市","town":"丹波島"}],"2247":[{"pref":"長野県","city":"長野市","town":"青木島"}],"2341":[{"pref":"長野県","city":"長野市","town":"信更町下平"}],"2342":[{"pref":"長野県","city":"長野市","town":"信更町宮平"}],"2343":[{"pref":"長野県","city":"長野市","town":"信更町桜井"}],"2344":[{"pref":"長野県","city":"長野市","town":"信更町上尾"}],"2345":[{"pref":"長野県","city":"長野市","town":"信更町涌池"}],"2346":[{"pref":"長野県","city":"長野市","town":"信更町安庭"}],"2347":[{"pref":"長野県","city":"長野市","town":"信更町古藤"}],"2351":[{"pref":"長野県","city":"長野市","town":"信更町氷ノ田"}],"2352":[{"pref":"長野県","city":"長野市","town":"信更町赤田"}],"2353":[{"pref":"長野県","city":"長野市","town":"信更町田野口"}],"2354":[{"pref":"長野県","city":"長野市","town":"信更町田沢"}],"2355":[{"pref":"長野県","city":"長野市","town":"信更町高野"}],"2356":[{"pref":"長野県","city":"長野市","town":"信更町吉原"}],"2357":[{"pref":"長野県","city":"長野市","town":"信更町灰原"}],"2358":[{"pref":"長野県","city":"長野市","town":"信更町今泉"}],"2359":[{"pref":"長野県","city":"長野市","town":"信更町三水"}],"2401":[{"pref":"長野県","city":"長野市","town":"信州新町越道"}],"2402":[{"pref":"長野県","city":"長野市","town":"信州新町山上条"}],"2403":[{"pref":"長野県","city":"長野市","town":"信州新町水内"}],"2404":[{"pref":"長野県","city":"長野市","town":"信州新町上条"}],"2405":[{"pref":"長野県","city":"長野市","town":"信州新町新町"}],"2406":[{"pref":"長野県","city":"長野市","town":"信州新町里穂刈"}],"2407":[{"pref":"長野県","city":"長野市","town":"信州新町山穂刈"}],"2411":[{"pref":"長野県","city":"長野市","town":"信州新町竹房"}],"2412":[{"pref":"長野県","city":"長野市","town":"信州新町牧野島"}],"2413":[{"pref":"長野県","city":"長野市","town":"信州新町下市場"}],"2414":[{"pref":"長野県","city":"長野市","town":"信州新町牧田中"}],"2415":[{"pref":"長野県","city":"長野市","town":"信州新町中牧"}],"2416":[{"pref":"長野県","city":"長野市","town":"信州新町弘崎"}],"2421":[{"pref":"長野県","city":"長野市","town":"信州新町信級"}],"2422":[{"pref":"長野県","city":"長野市","town":"信州新町日原東"}],"2423":[{"pref":"長野県","city":"長野市","town":"信州新町日原西"}],"2424":[{"pref":"長野県","city":"長野市","town":"信州新町左右"}],"2701":[{"pref":"長野県","city":"長野市","town":"大岡中牧"}],"2702":[{"pref":"長野県","city":"長野市","town":"大岡丙"}],"2703":[{"pref":"長野県","city":"長野市","town":"大岡乙"}],"2704":[{"pref":"長野県","city":"長野市","town":"大岡甲"}],"2705":[{"pref":"長野県","city":"長野市","town":"大岡弘崎"}],"3161":[{"pref":"長野県","city":"長野市","town":"七二会丁"}],"3162":[{"pref":"長野県","city":"長野市","town":"七二会戊"}],"3163":[{"pref":"長野県","city":"長野市","town":"七二会己"}],"3164":[{"pref":"長野県","city":"長野市","town":"七二会乙"}],"3165":[{"pref":"長野県","city":"長野市","town":"七二会甲"}],"3166":[{"pref":"長野県","city":"長野市","town":"七二会丙"}],"3201":[{"pref":"長野県","city":"長野市","town":"中条日高"}],"3202":[{"pref":"長野県","city":"長野市","town":"中条日下野"}],"3203":[{"pref":"長野県","city":"長野市","town":"中条"}],"3204":[{"pref":"長野県","city":"長野市","town":"中条御山里"}],"3205":[{"pref":"長野県","city":"長野市","town":"中条住良木"}],"3300":[{"pref":"長野県","city":"上水内郡小川村","town":"以下に掲載がない場合"}],"3301":[{"pref":"長野県","city":"上水内郡小川村","town":"稲丘"}],"3302":[{"pref":"長野県","city":"上水内郡小川村","town":"高府"}],"3303":[{"pref":"長野県","city":"上水内郡小川村","town":"小根山"}],"3304":[{"pref":"長野県","city":"上水内郡小川村","town":"瀬戸川"}],"4101":[{"pref":"長野県","city":"長野市","town":"戸隠"}],"4102":[{"pref":"長野県","city":"長野市","town":"戸隠豊岡"}],"4103":[{"pref":"長野県","city":"長野市","town":"戸隠祖山"}],"4104":[{"pref":"長野県","city":"長野市","town":"戸隠栃原"}],"4301":[{"pref":"長野県","city":"長野市","town":"鬼無里"}],"4302":[{"pref":"長野県","city":"長野市","town":"鬼無里日影"}],"4303":[{"pref":"長野県","city":"長野市","town":"鬼無里日下野"}],"0000":[{"pref":"長野県","city":"長野市","town":"以下に掲載がない場合"}],"0001":[{"pref":"長野県","city":"長野市","town":"赤沼"}],"0054":[{"pref":"長野県","city":"長野市","town":"浅川"}],"0056":[{"pref":"長野県","city":"長野市","town":"浅川押田"}],"0072":[{"pref":"長野県","city":"長野市","town":"浅川清水"}],"0057":[{"pref":"長野県","city":"長野市","town":"浅川西条"}],"0066":[{"pref":"長野県","city":"長野市","town":"浅川西平"}],"0073":[{"pref":"長野県","city":"長野市","town":"浅川畑山"}],"0064":[{"pref":"長野県","city":"長野市","town":"浅川東条"}],"0062":[{"pref":"長野県","city":"長野市","town":"浅川福岡"}],"0015":[{"pref":"長野県","city":"長野市","town":"石渡"}],"0042":[{"pref":"長野県","city":"長野市","town":"稲田"}],"0085":[{"pref":"長野県","city":"長野市","town":"上野"}],"0004":[{"pref":"長野県","city":"長野市","town":"大町"}],"0053":[{"pref":"長野県","city":"長野市","town":"神楽橋"}],"0023":[{"pref":"長野県","city":"長野市","town":"風間"}],"0007":[{"pref":"長野県","city":"長野市","town":"金箱"}],"0082":[{"pref":"長野県","city":"長野市","town":"上駒沢"}],"0014":[{"pref":"長野県","city":"長野市","town":"北尾張部"}],"0075":[{"pref":"長野県","city":"長野市","town":"北郷"}],"0035":[{"pref":"長野県","city":"長野市","town":"北条町"}],"0025":[{"pref":"長野県","city":"長野市","town":"北長池"}],"0005":[{"pref":"長野県","city":"長野市","town":"北堀"}],"0045":[{"pref":"長野県","city":"長野市","town":"桐原"}],"0017":[{"pref":"長野県","city":"長野市","town":"小島"}],"0061":[{"pref":"長野県","city":"長野市","town":"坂中"}],"0013":[{"pref":"長野県","city":"長野市","town":"桜新町"}],"0081":[{"pref":"長野県","city":"長野市","town":"三才"}],"0008":[{"pref":"長野県","city":"長野市","town":"下駒沢"}],"0063":[{"pref":"長野県","city":"長野市","town":"伺去"}],"0065":[{"pref":"長野県","city":"長野市","town":"真光寺"}],"0071":[{"pref":"長野県","city":"長野市","town":"台ケ窪"}],"0034":[{"pref":"長野県","city":"長野市","town":"高田"}],"0087":[{"pref":"長野県","city":"長野市","town":"田子"}],"0086":[{"pref":"長野県","city":"長野市","town":"田中"}],"0002":[{"pref":"長野県","city":"長野市","town":"津野"}],"0041":[{"pref":"長野県","city":"長野市","town":"徳間"}],"0006":[{"pref":"長野県","city":"長野市","town":"富竹"}],"0044":[{"pref":"長野県","city":"長野市","town":"中越"}],"0074":[{"pref":"長野県","city":"長野市","town":"中曽根"}],"0031":[{"pref":"長野県","city":"長野市","town":"西尾張部"}],"0083":[{"pref":"長野県","city":"長野市","town":"西三才"}],"0037":[{"pref":"長野県","city":"長野市","town":"西和田"}],"0038":[{"pref":"長野県","city":"長野市","town":"東和田"}],"0036":[{"pref":"長野県","city":"長野市","town":"平林"}],"0003":[{"pref":"長野県","city":"長野市","town":"穂保"}],"0026":[{"pref":"長野県","city":"長野市","town":"松岡"}],"0022":[{"pref":"長野県","city":"長野市","town":"大豆島"}],"0052":[{"pref":"長野県","city":"長野市","town":"檀田"}],"0076":[{"pref":"長野県","city":"長野市","town":"三ツ出"}],"0033":[{"pref":"長野県","city":"長野市","town":"南高田"}],"0024":[{"pref":"長野県","city":"長野市","town":"南長池"}],"0016":[{"pref":"長野県","city":"長野市","town":"南堀"}],"0011":[{"pref":"長野県","city":"長野市","town":"村山"}],"0055":[{"pref":"長野県","city":"長野市","town":"屋敷田"}],"0021":[{"pref":"長野県","city":"長野市","town":"屋島"}],"0012":[{"pref":"長野県","city":"長野市","town":"柳原"}],"0088":[{"pref":"長野県","city":"長野市","town":"吉"}],"0043":[{"pref":"長野県","city":"長野市","town":"吉田"}],"0084":[{"pref":"長野県","city":"長野市","town":"若槻東条"}],"0051":[{"pref":"長野県","city":"長野市","town":"若槻団地"}],"0089":[{"pref":"長野県","city":"長野市","town":"若槻西条"}],"0103":[{"pref":"長野県","city":"長野市","town":"若穂川田"}],"0102":[{"pref":"長野県","city":"長野市","town":"若穂保科"}],"0101":[{"pref":"長野県","city":"長野市","town":"若穂綿内"}],"0104":[{"pref":"長野県","city":"長野市","town":"若穂牛島（その他）"}],"0032":[{"pref":"長野県","city":"長野市","town":"若宮"}],"0200":[{"pref":"長野県","city":"上高井郡小布施町","town":"以下に掲載がない場合"}],"0204":[{"pref":"長野県","city":"上高井郡小布施町","town":"飯田"}],"0203":[{"pref":"長野県","city":"上高井郡小布施町","town":"大島"}],"0207":[{"pref":"長野県","city":"上高井郡小布施町","town":"押羽"}],"0201":[{"pref":"長野県","city":"上高井郡小布施町","town":"小布施"}],"0211":[{"pref":"長野県","city":"上高井郡小布施町","town":"雁田"}],"0206":[{"pref":"長野県","city":"上高井郡小布施町","town":"北岡"}],"0205":[{"pref":"長野県","city":"上高井郡小布施町","town":"山王島"}],"0208":[{"pref":"長野県","city":"上高井郡小布施町","town":"都住"}],"0209":[{"pref":"長野県","city":"上高井郡小布施町","town":"中松"}],"0202":[{"pref":"長野県","city":"上高井郡小布施町","town":"福原"}],"0212":[{"pref":"長野県","city":"上高井郡小布施町","town":"吉島"}],"0400":[{"pref":"長野県","city":"下高井郡山ノ内町","town":"以下に掲載がない場合"}],"0402":[{"pref":"長野県","city":"下高井郡山ノ内町","town":"佐野"}],"0403":[{"pref":"長野県","city":"下高井郡山ノ内町","town":"寒沢"}],"0404":[{"pref":"長野県","city":"下高井郡山ノ内町","town":"戸狩"}],"0401":[{"pref":"長野県","city":"下高井郡山ノ内町","town":"平穏"}],"0405":[{"pref":"長野県","city":"下高井郡山ノ内町","town":"夜間瀬"}]}