{"0000":[{"pref":"長野県","city":"須坂市","town":"以下に掲載がない場合"}],"0065":[{"pref":"長野県","city":"須坂市","town":"相之島"}],"0003":[{"pref":"長野県","city":"須坂市","town":"旭ケ丘"}],"0045":[{"pref":"長野県","city":"須坂市","town":"井上"}],"0017":[{"pref":"長野県","city":"須坂市","town":"相森町"}],"0012":[{"pref":"長野県","city":"須坂市","town":"大谷町"}],"0071":[{"pref":"長野県","city":"須坂市","town":"小河原町"}],"0025":[{"pref":"長野県","city":"須坂市","town":"大日向町"}],"0083":[{"pref":"長野県","city":"須坂市","town":"上中町"}],"0044":[{"pref":"長野県","city":"須坂市","town":"上八町"}],"0033":[{"pref":"長野県","city":"須坂市","town":"亀倉町"}],"0028":[{"pref":"長野県","city":"須坂市","town":"臥竜"}],"0084":[{"pref":"長野県","city":"須坂市","town":"上町"}],"0061":[{"pref":"長野県","city":"須坂市","town":"北相之島町"}],"0002":[{"pref":"長野県","city":"須坂市","town":"北旭ケ丘町"}],"0092":[{"pref":"長野県","city":"須坂市","town":"北原町"}],"0077":[{"pref":"長野県","city":"須坂市","town":"北横町"}],"0048":[{"pref":"長野県","city":"須坂市","town":"九反田町"}],"0047":[{"pref":"長野県","city":"須坂市","town":"幸高町"}],"0053":[{"pref":"長野県","city":"須坂市","town":"五閑町"}],"0085":[{"pref":"長野県","city":"須坂市","town":"穀町"}],"0062":[{"pref":"長野県","city":"須坂市","town":"小島町"}],"0026":[{"pref":"長野県","city":"須坂市","town":"坂田町"}],"0052":[{"pref":"長野県","city":"須坂市","town":"塩川町"}],"0024":[{"pref":"長野県","city":"須坂市","town":"塩野町"}],"0043":[{"pref":"長野県","city":"須坂市","town":"下八町"}],"0005":[{"pref":"長野県","city":"須坂市","town":"新田町"}],"0014":[{"pref":"長野県","city":"須坂市","town":"新町"}],"0075":[{"pref":"長野県","city":"須坂市","town":"須坂ハイランド町"}],"0099":[{"pref":"長野県","city":"須坂市","town":"墨坂"}],"0098":[{"pref":"長野県","city":"須坂市","town":"墨坂南"}],"0015":[{"pref":"長野県","city":"須坂市","town":"太子町"}],"0054":[{"pref":"長野県","city":"須坂市","town":"高梨町"}],"0016":[{"pref":"長野県","city":"須坂市","town":"高橋町"}],"0004":[{"pref":"長野県","city":"須坂市","town":"高畑町"}],"0091":[{"pref":"長野県","city":"須坂市","town":"立町"}],"0073":[{"pref":"長野県","city":"須坂市","town":"田の神町"}],"0013":[{"pref":"長野県","city":"須坂市","town":"常盤町"}],"0022":[{"pref":"長野県","city":"須坂市","town":"豊丘上町"}],"0021":[{"pref":"長野県","city":"須坂市","town":"豊丘町"}],"0066":[{"pref":"長野県","city":"須坂市","town":"豊島町"}],"0055":[{"pref":"長野県","city":"須坂市","town":"中島町"}],"0082":[{"pref":"長野県","city":"須坂市","town":"中町"}],"0032":[{"pref":"長野県","city":"須坂市","town":"夏端町"}],"0063":[{"pref":"長野県","city":"須坂市","town":"西町"}],"0046":[{"pref":"長野県","city":"須坂市","town":"二睦町"}],"0034":[{"pref":"長野県","city":"須坂市","town":"仁礼町（その他）"}],"0064":[{"pref":"長野県","city":"須坂市","town":"沼目町"}],"0037":[{"pref":"長野県","city":"須坂市","town":"野辺町"}],"0076":[{"pref":"長野県","city":"須坂市","town":"馬場町"}],"0074":[{"pref":"長野県","city":"須坂市","town":"春木町"}],"0006":[{"pref":"長野県","city":"須坂市","town":"光ケ丘ニュータウン"}],"0087":[{"pref":"長野県","city":"須坂市","town":"東横町"}],"0056":[{"pref":"長野県","city":"須坂市","town":"福島町"}],"0042":[{"pref":"長野県","city":"須坂市","town":"望岳台"}],"0086":[{"pref":"長野県","city":"須坂市","town":"本上町"}],"0011":[{"pref":"長野県","city":"須坂市","town":"本郷町"}],"0001":[{"pref":"長野県","city":"須坂市","town":"松川町"}],"0072":[{"pref":"長野県","city":"須坂市","town":"南小河原町"}],"0027":[{"pref":"長野県","city":"須坂市","town":"南原町"}],"0097":[{"pref":"長野県","city":"須坂市","town":"南横町"}],"0036":[{"pref":"長野県","city":"須坂市","town":"明徳町"}],"0031":[{"pref":"長野県","city":"須坂市","town":"村石町"}],"0057":[{"pref":"長野県","city":"須坂市","town":"村山町"}],"0051":[{"pref":"長野県","city":"須坂市","town":"八重森町"}],"0094":[{"pref":"長野県","city":"須坂市","town":"屋部町"}],"0081":[{"pref":"長野県","city":"須坂市","town":"横町"}],"0023":[{"pref":"長野県","city":"須坂市","town":"米子町"}],"0041":[{"pref":"長野県","city":"須坂市","town":"米持町"}],"0800":[{"pref":"長野県","city":"上高井郡高山村","town":"以下に掲載がない場合"}],"0832":[{"pref":"長野県","city":"上高井郡高山村","town":"赤和"}],"0831":[{"pref":"長野県","city":"上高井郡高山村","town":"荒井原"}],"0815":[{"pref":"長野県","city":"上高井郡高山村","town":"荻久保"}],"0833":[{"pref":"長野県","city":"上高井郡高山村","town":"久保"}],"0823":[{"pref":"長野県","city":"上高井郡高山村","town":"黒部"}],"0801":[{"pref":"長野県","city":"上高井郡高山村","town":"駒場"}],"0836":[{"pref":"長野県","city":"上高井郡高山村","town":"新堀"}],"0835":[{"pref":"長野県","city":"上高井郡高山村","town":"千本松"}],"0814":[{"pref":"長野県","city":"上高井郡高山村","town":"天神原"}],"0804":[{"pref":"長野県","city":"上高井郡高山村","town":"中原"}],"0806":[{"pref":"長野県","city":"上高井郡高山村","town":"なかひら"}],"0822":[{"pref":"長野県","city":"上高井郡高山村","town":"福井原"}],"0826":[{"pref":"長野県","city":"上高井郡高山村","town":"二ツ石"}],"0837":[{"pref":"長野県","city":"上高井郡高山村","town":"堀之内"}],"0821":[{"pref":"長野県","city":"上高井郡高山村","town":"牧"}],"0803":[{"pref":"長野県","city":"上高井郡高山村","town":"桝形"}],"0827":[{"pref":"長野県","city":"上高井郡高山村","town":"松南"}],"0802":[{"pref":"長野県","city":"上高井郡高山村","town":"松原"}],"0805":[{"pref":"長野県","city":"上高井郡高山村","town":"三郷"}],"0834":[{"pref":"長野県","city":"上高井郡高山村","town":"水中"}],"0824":[{"pref":"長野県","city":"上高井郡高山村","town":"緑ケ丘"}],"0811":[{"pref":"長野県","city":"上高井郡高山村","town":"宮関"}],"0825":[{"pref":"長野県","city":"上高井郡高山村","town":"紫"}],"0816":[{"pref":"長野県","city":"上高井郡高山村","town":"山田温泉"}],"0817":[{"pref":"長野県","city":"上高井郡高山村","town":"山田牧場"}],"0813":[{"pref":"長野県","city":"上高井郡高山村","town":"蕨平"}]}