{"8201":[{"pref":"岡山県","city":"岡山市中区","town":"四御神"}],"8202":[{"pref":"岡山県","city":"岡山市中区","town":"湯迫"}],"8203":[{"pref":"岡山県","city":"岡山市中区","town":"国府市場"}],"8204":[{"pref":"岡山県","city":"岡山市中区","town":"雄町"}],"8205":[{"pref":"岡山県","city":"岡山市中区","town":"中井"}],"8206":[{"pref":"岡山県","city":"岡山市中区","town":"賞田"}],"8207":[{"pref":"岡山県","city":"岡山市北区","town":"祇園"},{"pref":"岡山県","city":"岡山市中区","town":"祇園"}],"8208":[{"pref":"岡山県","city":"岡山市中区","town":"今在家"}],"8211":[{"pref":"岡山県","city":"岡山市東区","town":"矢津"}],"8212":[{"pref":"岡山県","city":"岡山市東区","town":"古都宿"}],"8213":[{"pref":"岡山県","city":"岡山市東区","town":"藤井"}],"8214":[{"pref":"岡山県","city":"岡山市東区","town":"鉄"}],"8215":[{"pref":"岡山県","city":"岡山市東区","town":"古都南方"}],"8216":[{"pref":"岡山県","city":"岡山市東区","town":"宍甘"}],"8217":[{"pref":"岡山県","city":"岡山市中区","town":"土田"}],"8221":[{"pref":"岡山県","city":"岡山市中区","town":"長岡"}],"8222":[{"pref":"岡山県","city":"岡山市中区","town":"下"}],"8223":[{"pref":"岡山県","city":"岡山市中区","town":"長利"}],"8224":[{"pref":"岡山県","city":"岡山市中区","town":"米田"}],"8225":[{"pref":"岡山県","city":"岡山市中区","town":"神下"}],"8226":[{"pref":"岡山県","city":"岡山市中区","town":"今谷"}],"8227":[{"pref":"岡山県","city":"岡山市中区","town":"兼基"}],"8228":[{"pref":"岡山県","city":"岡山市中区","town":"乙多見"}],"8231":[{"pref":"岡山県","city":"岡山市中区","town":"赤田"}],"8232":[{"pref":"岡山県","city":"岡山市中区","town":"関"}],"8233":[{"pref":"岡山県","city":"岡山市中区","town":"高屋"}],"8234":[{"pref":"岡山県","city":"岡山市中区","town":"沢田"}],"8235":[{"pref":"岡山県","city":"岡山市中区","town":"原尾島"}],"8236":[{"pref":"岡山県","city":"岡山市中区","town":"国富"}],"8237":[{"pref":"岡山県","city":"岡山市中区","town":"森下町"}],"8238":[{"pref":"岡山県","city":"岡山市中区","town":"住吉町"}],"8241":[{"pref":"岡山県","city":"岡山市中区","town":"高島新屋敷"}],"8242":[{"pref":"岡山県","city":"岡山市中区","town":"高島"}],"8243":[{"pref":"岡山県","city":"岡山市中区","town":"清水"}],"8244":[{"pref":"岡山県","city":"岡山市中区","town":"藤原西町"}],"8245":[{"pref":"岡山県","city":"岡山市中区","town":"藤原"}],"8246":[{"pref":"岡山県","city":"岡山市中区","town":"藤原光町"}],"8247":[{"pref":"岡山県","city":"岡山市中区","town":"さい東町"}],"8248":[{"pref":"岡山県","city":"岡山市中区","town":"さい"}],"8251":[{"pref":"岡山県","city":"岡山市中区","town":"竹田"}],"8252":[{"pref":"岡山県","city":"岡山市中区","town":"中島"}],"8253":[{"pref":"岡山県","city":"岡山市中区","town":"八幡東町"}],"8254":[{"pref":"岡山県","city":"岡山市中区","town":"八幡"}],"8255":[{"pref":"岡山県","city":"岡山市中区","town":"東川原"}],"8256":[{"pref":"岡山県","city":"岡山市中区","town":"浜"}],"8257":[{"pref":"岡山県","city":"岡山市北区","town":"後楽園"}],"8258":[{"pref":"岡山県","city":"岡山市中区","town":"西川原"}],"8261":[{"pref":"岡山県","city":"岡山市中区","town":"海吉"}],"8262":[{"pref":"岡山県","city":"岡山市中区","town":"福泊"}],"8263":[{"pref":"岡山県","city":"岡山市中区","town":"倉益"}],"8264":[{"pref":"岡山県","city":"岡山市中区","town":"倉富"}],"8265":[{"pref":"岡山県","city":"岡山市中区","town":"倉田"}],"8266":[{"pref":"岡山県","city":"岡山市中区","town":"湊"}],"8267":[{"pref":"岡山県","city":"岡山市中区","town":"山崎"}],"8271":[{"pref":"岡山県","city":"岡山市中区","town":"円山"}],"8272":[{"pref":"岡山県","city":"岡山市中区","town":"奥市"}],"8273":[{"pref":"岡山県","city":"岡山市中区","town":"門田文化町"}],"8274":[{"pref":"岡山県","city":"岡山市中区","town":"門田本町"}],"8275":[{"pref":"岡山県","city":"岡山市中区","town":"門田屋敷"}],"8276":[{"pref":"岡山県","city":"岡山市中区","town":"門田屋敷本町"}],"8277":[{"pref":"岡山県","city":"岡山市中区","town":"御成町"}],"8278":[{"pref":"岡山県","city":"岡山市中区","town":"古京町"}],"8281":[{"pref":"岡山県","city":"岡山市中区","town":"東山"}],"8282":[{"pref":"岡山県","city":"岡山市中区","town":"平井"}],"8283":[{"pref":"岡山県","city":"岡山市中区","town":"赤坂南新町"}],"8284":[{"pref":"岡山県","city":"岡山市中区","town":"網浜"}],"8285":[{"pref":"岡山県","city":"岡山市中区","town":"桜橋"}],"8286":[{"pref":"岡山県","city":"岡山市中区","town":"旭東町"}],"8287":[{"pref":"岡山県","city":"岡山市中区","town":"赤坂台"}],"8288":[{"pref":"岡山県","city":"岡山市中区","town":"赤坂本町"}],"8291":[{"pref":"岡山県","city":"岡山市中区","town":"徳吉町"}],"8292":[{"pref":"岡山県","city":"岡山市中区","town":"中納言町"}],"8293":[{"pref":"岡山県","city":"岡山市中区","town":"小橋町"}],"8294":[{"pref":"岡山県","city":"岡山市中区","town":"新京橋"}],"8295":[{"pref":"岡山県","city":"岡山市中区","town":"御幸町"}],"8296":[{"pref":"岡山県","city":"岡山市中区","town":"さくら住座"}],"8297":[{"pref":"岡山県","city":"岡山市中区","town":"東中島町"}],"8298":[{"pref":"岡山県","city":"岡山市中区","town":"西中島町"}]}