{"0000":[{"pref":"大阪府","city":"東大阪市","town":"以下に掲載がない場合"}],"0841":[{"pref":"大阪府","city":"東大阪市","town":"足代"}],"0057":[{"pref":"大阪府","city":"東大阪市","town":"足代新町"}],"0842":[{"pref":"大阪府","city":"東大阪市","town":"足代南"}],"0058":[{"pref":"大阪府","city":"東大阪市","town":"足代北"}],"0843":[{"pref":"大阪府","city":"東大阪市","town":"荒川"}],"0023":[{"pref":"大阪府","city":"東大阪市","town":"荒本"}],"0022":[{"pref":"大阪府","city":"東大阪市","town":"荒本新町"}],"0024":[{"pref":"大阪府","city":"東大阪市","town":"荒本西"}],"0011":[{"pref":"大阪府","city":"東大阪市","town":"荒本北"}],"0002":[{"pref":"大阪府","city":"東大阪市","town":"稲田上町"}],"0004":[{"pref":"大阪府","city":"東大阪市","town":"稲田新町"}],"0007":[{"pref":"大阪府","city":"東大阪市","town":"稲田本町"}],"0003":[{"pref":"大阪府","city":"東大阪市","town":"稲田三島町"}],"0809":[{"pref":"大阪府","city":"東大阪市","town":"永和"}],"0817":[{"pref":"大阪府","city":"東大阪市","town":"近江堂"}],"0824":[{"pref":"大阪府","city":"東大阪市","town":"大蓮東"}],"0825":[{"pref":"大阪府","city":"東大阪市","town":"大蓮南"}],"0826":[{"pref":"大阪府","city":"東大阪市","town":"大蓮北"}],"0833":[{"pref":"大阪府","city":"東大阪市","town":"柏田東町"}],"0834":[{"pref":"大阪府","city":"東大阪市","town":"柏田本町"}],"0835":[{"pref":"大阪府","city":"東大阪市","town":"柏田西"}],"0823":[{"pref":"大阪府","city":"東大阪市","town":"金岡"}],"0815":[{"pref":"大阪府","city":"東大阪市","town":"金物町"}],"0806":[{"pref":"大阪府","city":"東大阪市","town":"上小阪"}],"0063":[{"pref":"大阪府","city":"東大阪市","town":"川俣"}],"0064":[{"pref":"大阪府","city":"東大阪市","town":"川俣本町"}],"0847":[{"pref":"大阪府","city":"東大阪市","town":"岸田堂南町"}],"0846":[{"pref":"大阪府","city":"東大阪市","town":"岸田堂北町"}],"0848":[{"pref":"大阪府","city":"東大阪市","town":"岸田堂西"}],"0827":[{"pref":"大阪府","city":"東大阪市","town":"衣摺"}],"0006":[{"pref":"大阪府","city":"東大阪市","town":"楠根"}],"0822":[{"pref":"大阪府","city":"東大阪市","town":"源氏ケ丘"}],"0801":[{"pref":"大阪府","city":"東大阪市","town":"小阪"}],"0802":[{"pref":"大阪府","city":"東大阪市","town":"小阪本町"}],"0837":[{"pref":"大阪府","city":"東大阪市","town":"寿町"}],"0818":[{"pref":"大阪府","city":"東大阪市","town":"小若江"}],"0849":[{"pref":"大阪府","city":"東大阪市","town":"三ノ瀬"}],"0052":[{"pref":"大阪府","city":"東大阪市","town":"新喜多"}],"0005":[{"pref":"大阪府","city":"東大阪市","town":"七軒家"}],"0836":[{"pref":"大阪府","city":"東大阪市","town":"渋川町"}],"0803":[{"pref":"大阪府","city":"東大阪市","town":"下小阪"}],"0831":[{"pref":"大阪府","city":"東大阪市","town":"俊徳町"}],"0813":[{"pref":"大阪府","city":"東大阪市","town":"新上小阪"}],"0025":[{"pref":"大阪府","city":"東大阪市","town":"新家"}],"0027":[{"pref":"大阪府","city":"東大阪市","town":"新家中町"}],"0026":[{"pref":"大阪府","city":"東大阪市","town":"新家東町"}],"0028":[{"pref":"大阪府","city":"東大阪市","town":"新家西町"}],"0844":[{"pref":"大阪府","city":"東大阪市","town":"太平寺"}],"0053":[{"pref":"大阪府","city":"東大阪市","town":"高井田"}],"0065":[{"pref":"大阪府","city":"東大阪市","town":"高井田中"}],"0066":[{"pref":"大阪府","city":"東大阪市","town":"高井田本通"}],"0054":[{"pref":"大阪府","city":"東大阪市","town":"高井田元町"}],"0067":[{"pref":"大阪府","city":"東大阪市","town":"高井田西"}],"0055":[{"pref":"大阪府","city":"東大阪市","town":"長栄寺"}],"0056":[{"pref":"大阪府","city":"東大阪市","town":"長堂"}],"0845":[{"pref":"大阪府","city":"東大阪市","town":"寺前町"}],"0001":[{"pref":"大阪府","city":"東大阪市","town":"徳庵本町"}],"0816":[{"pref":"大阪府","city":"東大阪市","town":"友井"}],"0804":[{"pref":"大阪府","city":"東大阪市","town":"中小阪"}],"0832":[{"pref":"大阪府","city":"東大阪市","town":"長瀬町"}],"0015":[{"pref":"大阪府","city":"東大阪市","town":"長田"}],"0014":[{"pref":"大阪府","city":"東大阪市","town":"長田内介"}],"0013":[{"pref":"大阪府","city":"東大阪市","town":"長田中"}],"0012":[{"pref":"大阪府","city":"東大阪市","town":"長田東"}],"0016":[{"pref":"大阪府","city":"東大阪市","town":"長田西"}],"0811":[{"pref":"大阪府","city":"東大阪市","town":"西上小阪"}],"0042":[{"pref":"大阪府","city":"東大阪市","town":"西堤"}],"0044":[{"pref":"大阪府","city":"東大阪市","town":"西堤学園町"}],"0047":[{"pref":"大阪府","city":"東大阪市","town":"西堤楠町"}],"0048":[{"pref":"大阪府","city":"東大阪市","town":"西堤西"}],"0045":[{"pref":"大阪府","city":"東大阪市","town":"西堤本通東"}],"0046":[{"pref":"大阪府","city":"東大阪市","town":"西堤本通西"}],"0812":[{"pref":"大阪府","city":"東大阪市","town":"東上小阪"}],"0807":[{"pref":"大阪府","city":"東大阪市","town":"菱屋西"}],"0017":[{"pref":"大阪府","city":"東大阪市","town":"藤戸新田"}],"0805":[{"pref":"大阪府","city":"東大阪市","town":"宝持"}],"0032":[{"pref":"大阪府","city":"東大阪市","town":"御厨"}],"0036":[{"pref":"大阪府","city":"東大阪市","town":"御厨栄町"}],"0035":[{"pref":"大阪府","city":"東大阪市","town":"御厨中"}],"0037":[{"pref":"大阪府","city":"東大阪市","town":"御厨西ノ町"}],"0033":[{"pref":"大阪府","city":"東大阪市","town":"御厨東"}],"0034":[{"pref":"大阪府","city":"東大阪市","town":"御厨南"}],"0814":[{"pref":"大阪府","city":"東大阪市","town":"南上小阪"}],"0062":[{"pref":"大阪府","city":"東大阪市","town":"森河内東"}],"0061":[{"pref":"大阪府","city":"東大阪市","town":"森河内西"}],"0808":[{"pref":"大阪府","city":"東大阪市","town":"横沼町"}],"0821":[{"pref":"大阪府","city":"東大阪市","town":"吉松"}]}