{"1131":[{"pref":"山口県","city":"周南市","town":"戸田"}],"1132":[{"pref":"山口県","city":"周南市","town":"湯野"}],"0000":[{"pref":"山口県","city":"周南市","town":"以下に掲載がない場合"}],"0055":[{"pref":"山口県","city":"周南市","town":"相生町"}],"0842":[{"pref":"山口県","city":"周南市","town":"青山町"}],"0825":[{"pref":"山口県","city":"周南市","town":"秋月"}],"0821":[{"pref":"山口県","city":"周南市","town":"曙町"}],"0124":[{"pref":"山口県","city":"周南市","town":"莇地"}],"0014":[{"pref":"山口県","city":"周南市","town":"飯島町"}],"0833":[{"pref":"山口県","city":"周南市","town":"泉原町"}],"0882":[{"pref":"山口県","city":"周南市","town":"一ノ井手"}],"0872":[{"pref":"山口県","city":"周南市","town":"一番丁"}],"0074":[{"pref":"山口県","city":"周南市","town":"今宿町"}],"0063":[{"pref":"山口県","city":"周南市","town":"今住町"}],"0047":[{"pref":"山口県","city":"周南市","town":"入船町"}],"0887":[{"pref":"山口県","city":"周南市","town":"馬屋"}],"0076":[{"pref":"山口県","city":"周南市","town":"梅園町"}],"0856":[{"pref":"山口県","city":"周南市","town":"浦山"}],"0857":[{"pref":"山口県","city":"周南市","town":"浦山開作"}],"0862":[{"pref":"山口県","city":"周南市","town":"江口"}],"0826":[{"pref":"山口県","city":"周南市","town":"江の宮町"}],"0041":[{"pref":"山口県","city":"周南市","town":"戎町"}],"0832":[{"pref":"山口県","city":"周南市","town":"扇町"}],"0824":[{"pref":"山口県","city":"周南市","town":"大内町"}],"0651":[{"pref":"山口県","city":"周南市","town":"大河内"}],"0301":[{"pref":"山口県","city":"周南市","town":"大潮"}],"0803":[{"pref":"山口県","city":"周南市","town":"大島"}],"0057":[{"pref":"山口県","city":"周南市","town":"大津島"}],"0242":[{"pref":"山口県","city":"周南市","town":"大道理"}],"0241":[{"pref":"山口県","city":"周南市","town":"大向"}],"0066":[{"pref":"山口県","city":"周南市","town":"岡田町"}],"0051":[{"pref":"山口県","city":"周南市","town":"沖見町"}],"0611":[{"pref":"山口県","city":"周南市","town":"奥関屋"}],"0871":[{"pref":"山口県","city":"周南市","town":"御弓町"}],"0615":[{"pref":"山口県","city":"周南市","town":"勝間ヶ丘"}],"0617":[{"pref":"山口県","city":"周南市","town":"勝間原"}],"0302":[{"pref":"山口県","city":"周南市","town":"鹿野上"}],"0304":[{"pref":"山口県","city":"周南市","town":"鹿野下"}],"0303":[{"pref":"山口県","city":"周南市","town":"鹿野中"}],"0817":[{"pref":"山口県","city":"周南市","town":"上遠石町"}],"0858":[{"pref":"山口県","city":"周南市","town":"花陽"}],"0855":[{"pref":"山口県","city":"周南市","town":"川上"}],"0012":[{"pref":"山口県","city":"周南市","town":"川端町"}],"0845":[{"pref":"山口県","city":"周南市","town":"河東町"}],"0852":[{"pref":"山口県","city":"周南市","town":"川曲"}],"0071":[{"pref":"山口県","city":"周南市","town":"岐山通り"}],"0864":[{"pref":"山口県","city":"周南市","town":"北山"}],"0007":[{"pref":"山口県","city":"周南市","town":"岐南町"}],"0032":[{"pref":"山口県","city":"周南市","town":"銀座"}],"0031":[{"pref":"山口県","city":"周南市","town":"銀南街"}],"0805":[{"pref":"山口県","city":"周南市","town":"櫛ヶ浜"}],"0831":[{"pref":"山口県","city":"周南市","town":"楠木"}],"0663":[{"pref":"山口県","city":"周南市","town":"熊毛中央町"}],"0801":[{"pref":"山口県","city":"周南市","town":"久米"}],"0802":[{"pref":"山口県","city":"周南市","town":"栗屋"}],"0886":[{"pref":"山口県","city":"周南市","town":"黒岩町"}],"0836":[{"pref":"山口県","city":"周南市","town":"慶万町"}],"0874":[{"pref":"山口県","city":"周南市","town":"公園区"}],"0027":[{"pref":"山口県","city":"周南市","town":"糀町"}],"0822":[{"pref":"山口県","city":"周南市","town":"孝田町"}],"0878":[{"pref":"山口県","city":"周南市","town":"幸の台"}],"0814":[{"pref":"山口県","city":"周南市","town":"鼓海"}],"0614":[{"pref":"山口県","city":"周南市","town":"御所尾原"}],"0005":[{"pref":"山口県","city":"周南市","town":"児玉町"}],"0641":[{"pref":"山口県","city":"周南市","town":"小松原"}],"0046":[{"pref":"山口県","city":"周南市","town":"権現町"}],"0883":[{"pref":"山口県","city":"周南市","town":"栄谷"}],"0037":[{"pref":"山口県","city":"周南市","town":"栄町"}],"0806":[{"pref":"山口県","city":"周南市","town":"桜木"}],"0011":[{"pref":"山口県","city":"周南市","town":"桜馬場通り"}],"0652":[{"pref":"山口県","city":"周南市","town":"幸ケ丘"}],"0811":[{"pref":"山口県","city":"周南市","town":"五月町"}],"0003":[{"pref":"山口県","city":"周南市","town":"三番町"}],"0834":[{"pref":"山口県","city":"周南市","town":"清水町"}],"0654":[{"pref":"山口県","city":"周南市","town":"自由ケ丘"}],"0823":[{"pref":"山口県","city":"周南市","town":"周陽"}],"0807":[{"pref":"山口県","city":"周南市","town":"城ケ丘"}],"0853":[{"pref":"山口県","city":"周南市","town":"上村"}],"0061":[{"pref":"山口県","city":"周南市","town":"鐘楼町"}],"0013":[{"pref":"山口県","city":"周南市","town":"昭和通り"}],"0843":[{"pref":"山口県","city":"周南市","town":"新宮町"}],"0056":[{"pref":"山口県","city":"周南市","town":"新宿通"}],"0643":[{"pref":"山口県","city":"周南市","town":"新清光台"}],"0861":[{"pref":"山口県","city":"周南市","town":"新地"}],"0867":[{"pref":"山口県","city":"周南市","town":"新堀"}],"0017":[{"pref":"山口県","city":"周南市","town":"新町"}],"0804":[{"pref":"山口県","city":"周南市","town":"粭島"}],"0121":[{"pref":"山口県","city":"周南市","town":"須々万奥"}],"0122":[{"pref":"山口県","city":"周南市","town":"須々万本郷"}],"0401":[{"pref":"山口県","city":"周南市","town":"須万"}],"0026":[{"pref":"山口県","city":"周南市","town":"住崎町"}],"0064":[{"pref":"山口県","city":"周南市","town":"住吉町"}],"0653":[{"pref":"山口県","city":"周南市","town":"清光台町"}],"0623":[{"pref":"山口県","city":"周南市","town":"清尾"}],"0827":[{"pref":"山口県","city":"周南市","town":"瀬戸見町"}],"0885":[{"pref":"山口県","city":"周南市","town":"高尾団地"}],"0662":[{"pref":"山口県","city":"周南市","town":"高水原"}],"0025":[{"pref":"山口県","city":"周南市","town":"築港町"}],"0044":[{"pref":"山口県","city":"周南市","town":"千代田町"}],"0062":[{"pref":"山口県","city":"周南市","town":"月丘町"}],"0001":[{"pref":"山口県","city":"周南市","town":"辻町"}],"0632":[{"pref":"山口県","city":"周南市","town":"鶴見台"}],"0816":[{"pref":"山口県","city":"周南市","town":"遠石"}],"0123":[{"pref":"山口県","city":"周南市","town":"徳山（杉ケ峠）"}],"0851":[{"pref":"山口県","city":"周南市","town":"徳山（その他）"}],"0045":[{"pref":"山口県","city":"周南市","town":"徳山港町"}],"0876":[{"pref":"山口県","city":"周南市","town":"中金剛山"}],"0511":[{"pref":"山口県","city":"周南市","town":"中須北"}],"0512":[{"pref":"山口県","city":"周南市","town":"中須南"}],"0854":[{"pref":"山口県","city":"周南市","town":"中野"}],"0125":[{"pref":"山口県","city":"周南市","town":"長穂"}],"0642":[{"pref":"山口県","city":"周南市","town":"中村"}],"0023":[{"pref":"山口県","city":"周南市","town":"那智町"}],"0875":[{"pref":"山口県","city":"周南市","town":"西金剛山"}],"0054":[{"pref":"山口県","city":"周南市","town":"西松原"}],"0884":[{"pref":"山口県","city":"周南市","town":"二ノ井手"}],"0002":[{"pref":"山口県","city":"周南市","town":"二番町"}],"0042":[{"pref":"山口県","city":"周南市","town":"野上町"}],"0022":[{"pref":"山口県","city":"周南市","town":"橋本町"}],"0865":[{"pref":"山口県","city":"周南市","town":"蓮ヶ浴"}],"0052":[{"pref":"山口県","city":"周南市","town":"初音町"}],"0006":[{"pref":"山口県","city":"周南市","town":"花畠町"}],"0844":[{"pref":"山口県","city":"周南市","town":"速玉町"}],"0621":[{"pref":"山口県","city":"周南市","town":"原"}],"0065":[{"pref":"山口県","city":"周南市","town":"原宿町"}],"0024":[{"pref":"山口県","city":"周南市","town":"晴海町"}],"0869":[{"pref":"山口県","city":"周南市","town":"東北山"}],"0877":[{"pref":"山口県","city":"周南市","town":"東金剛山"}],"0881":[{"pref":"山口県","city":"周南市","town":"東辻"}],"0846":[{"pref":"山口県","city":"周南市","town":"東山町"}],"0622":[{"pref":"山口県","city":"周南市","town":"樋口"}],"0866":[{"pref":"山口県","city":"周南市","town":"土越"}],"0808":[{"pref":"山口県","city":"周南市","town":"平原町"}],"0618":[{"pref":"山口県","city":"周南市","town":"藤ヶ台"}],"0015":[{"pref":"山口県","city":"周南市","town":"平和通り"}],"0036":[{"pref":"山口県","city":"周南市","town":"本町"}],"0835":[{"pref":"山口県","city":"周南市","town":"舞車町"}],"0847":[{"pref":"山口県","city":"周南市","town":"松保町"}],"0053":[{"pref":"山口県","city":"周南市","town":"御影町"}],"0873":[{"pref":"山口県","city":"周南市","town":"三田川"}],"0402":[{"pref":"山口県","city":"周南市","town":"金峰"}],"0616":[{"pref":"山口県","city":"周南市","town":"緑ケ丘"}],"0075":[{"pref":"山口県","city":"周南市","town":"緑町"}],"0868":[{"pref":"山口県","city":"周南市","town":"南浦山町"}],"0033":[{"pref":"山口県","city":"周南市","town":"みなみ銀座"}],"0043":[{"pref":"山口県","city":"周南市","town":"都町"}],"0815":[{"pref":"山口県","city":"周南市","town":"宮前町"}],"0863":[{"pref":"山口県","city":"周南市","town":"御山町"}],"0034":[{"pref":"山口県","city":"周南市","town":"御幸通り"}],"0004":[{"pref":"山口県","city":"周南市","town":"毛利町"}],"0501":[{"pref":"山口県","city":"周南市","town":"八代"}],"0631":[{"pref":"山口県","city":"周南市","town":"安田"}],"0021":[{"pref":"山口県","city":"周南市","town":"柳町"}],"0072":[{"pref":"山口県","city":"周南市","town":"弥生町"}],"0035":[{"pref":"山口県","city":"周南市","town":"有楽町"}],"0813":[{"pref":"山口県","city":"周南市","town":"由加町"}],"0837":[{"pref":"山口県","city":"周南市","town":"譲羽"}],"0613":[{"pref":"山口県","city":"周南市","town":"夢ケ丘"}],"0812":[{"pref":"山口県","city":"周南市","town":"横浜町"}],"0612":[{"pref":"山口県","city":"周南市","town":"呼坂"}],"0661":[{"pref":"山口県","city":"周南市","town":"呼坂本町"}],"0073":[{"pref":"山口県","city":"周南市","town":"代々木通り"}],"0841":[{"pref":"山口県","city":"周南市","town":"若草町"}],"0016":[{"pref":"山口県","city":"周南市","town":"若宮町"}]}