{"0200":[{"pref":"北海道","city":"積丹郡積丹町","town":"以下に掲載がない場合"}],"0327":[{"pref":"北海道","city":"積丹郡積丹町","town":"入舸町"}],"0321":[{"pref":"北海道","city":"積丹郡積丹町","town":"神岬町"}],"0324":[{"pref":"北海道","city":"積丹郡積丹町","town":"西河町"}],"0325":[{"pref":"北海道","city":"積丹郡積丹町","town":"野塚町"}],"0201":[{"pref":"北海道","city":"積丹郡積丹町","town":"美国町"}],"0326":[{"pref":"北海道","city":"積丹郡積丹町","town":"日司町"}],"0202":[{"pref":"北海道","city":"積丹郡積丹町","town":"婦美町"}],"0328":[{"pref":"北海道","city":"積丹郡積丹町","town":"幌武意町"}],"0322":[{"pref":"北海道","city":"積丹郡積丹町","town":"余別町"}],"0323":[{"pref":"北海道","city":"積丹郡積丹町","town":"来岸町"}],"0100":[{"pref":"北海道","city":"古平郡古平町","town":"以下に掲載がない場合"}],"0104":[{"pref":"北海道","city":"古平郡古平町","town":"入船町"}],"0132":[{"pref":"北海道","city":"古平郡古平町","town":"歌棄町"}],"0133":[{"pref":"北海道","city":"古平郡古平町","town":"沖町"}],"0111":[{"pref":"北海道","city":"古平郡古平町","town":"群来町"}],"0131":[{"pref":"北海道","city":"古平郡古平町","town":"沢江町"}],"0112":[{"pref":"北海道","city":"古平郡古平町","town":"新地町"}],"0121":[{"pref":"北海道","city":"古平郡古平町","town":"浜町"}],"0103":[{"pref":"北海道","city":"古平郡古平町","town":"本町"}],"0102":[{"pref":"北海道","city":"古平郡古平町","town":"丸山町"}],"0101":[{"pref":"北海道","city":"古平郡古平町","town":"御崎町"}],"0113":[{"pref":"北海道","city":"古平郡古平町","town":"港町"}],"0000":[{"pref":"北海道","city":"余市郡余市町","town":"以下に掲載がない場合"}],"0015":[{"pref":"北海道","city":"余市郡余市町","town":"朝日町"}],"0011":[{"pref":"北海道","city":"余市郡余市町","town":"入舟町"}],"0023":[{"pref":"北海道","city":"余市郡余市町","town":"梅川町"}],"0004":[{"pref":"北海道","city":"余市郡余市町","town":"大川町"}],"0003":[{"pref":"北海道","city":"余市郡余市町","town":"黒川町"}],"0001":[{"pref":"北海道","city":"余市郡余市町","town":"栄町"}],"0022":[{"pref":"北海道","city":"余市郡余市町","town":"沢町"}],"0033":[{"pref":"北海道","city":"余市郡余市町","town":"潮見町"}],"0031":[{"pref":"北海道","city":"余市郡余市町","town":"白岩町"}],"0025":[{"pref":"北海道","city":"余市郡余市町","town":"富沢町"}],"0013":[{"pref":"北海道","city":"余市郡余市町","town":"豊丘町"}],"0032":[{"pref":"北海道","city":"余市郡余市町","town":"豊浜町"}],"0002":[{"pref":"北海道","city":"余市郡余市町","town":"登町"}],"0021":[{"pref":"北海道","city":"余市郡余市町","town":"浜中町"}],"0014":[{"pref":"北海道","city":"余市郡余市町","town":"美園町"}],"0024":[{"pref":"北海道","city":"余市郡余市町","town":"港町"}],"0012":[{"pref":"北海道","city":"余市郡余市町","town":"山田町"}],"0500":[{"pref":"北海道","city":"余市郡赤井川村","town":"以下に掲載がない場合"}],"0501":[{"pref":"北海道","city":"余市郡赤井川村","town":"赤井川"}],"0531":[{"pref":"北海道","city":"余市郡赤井川村","town":"旭丘"}],"0521":[{"pref":"北海道","city":"余市郡赤井川村","town":"池田"}],"0561":[{"pref":"北海道","city":"余市郡赤井川村","town":"落合"}],"0571":[{"pref":"北海道","city":"余市郡赤井川村","town":"常盤"}],"0551":[{"pref":"北海道","city":"余市郡赤井川村","town":"轟"}],"0532":[{"pref":"北海道","city":"余市郡赤井川村","town":"富田"}],"0511":[{"pref":"北海道","city":"余市郡赤井川村","town":"日ノ出"}],"0542":[{"pref":"北海道","city":"余市郡赤井川村","town":"曲川"}],"0541":[{"pref":"北海道","city":"余市郡赤井川村","town":"都"}],"0552":[{"pref":"北海道","city":"余市郡赤井川村","town":"明治"}],"0512":[{"pref":"北海道","city":"余市郡赤井川村","town":"山梨"}]}