{"0000":[{"pref":"山梨県","city":"大月市","town":"以下に掲載がない場合"}],"0013":[{"pref":"山梨県","city":"大月市","town":"大月（１～３丁目）"}],"0014":[{"pref":"山梨県","city":"大月市","town":"大月町大月"}],"0015":[{"pref":"山梨県","city":"大月市","town":"大月町花咲"}],"0016":[{"pref":"山梨県","city":"大月市","town":"大月町真木"}],"0011":[{"pref":"山梨県","city":"大月市","town":"駒橋"}],"0025":[{"pref":"山梨県","city":"大月市","town":"笹子町黒野田"}],"0023":[{"pref":"山梨県","city":"大月市","town":"笹子町白野"}],"0024":[{"pref":"山梨県","city":"大月市","town":"笹子町吉久保"}],"0005":[{"pref":"山梨県","city":"大月市","town":"賑岡町浅利"}],"0002":[{"pref":"山梨県","city":"大月市","town":"賑岡町岩殿"}],"0006":[{"pref":"山梨県","city":"大月市","town":"賑岡町奥山"}],"0004":[{"pref":"山梨県","city":"大月市","town":"賑岡町強瀬"}],"0001":[{"pref":"山梨県","city":"大月市","town":"賑岡町畑倉"}],"0003":[{"pref":"山梨県","city":"大月市","town":"賑岡町ゆりケ丘"}],"0021":[{"pref":"山梨県","city":"大月市","town":"初狩町下初狩"}],"0022":[{"pref":"山梨県","city":"大月市","town":"初狩町中初狩"}],"0012":[{"pref":"山梨県","city":"大月市","town":"御太刀"}],"0201":[{"pref":"山梨県","city":"上野原市","town":"秋山"}],"0500":[{"pref":"山梨県","city":"南都留郡忍野村","town":"以下に掲載がない場合"},{"pref":"山梨県","city":"南都留郡山中湖村","town":"以下に掲載がない場合"}],"0512":[{"pref":"山梨県","city":"南都留郡忍野村","town":"内野"}],"0511":[{"pref":"山梨県","city":"南都留郡忍野村","town":"忍草"}],"0502":[{"pref":"山梨県","city":"南都留郡山中湖村","town":"平野"}],"0501":[{"pref":"山梨県","city":"南都留郡山中湖村","town":"山中"}],"0320":[{"pref":"山梨県","city":"南都留郡鳴沢村","town":"鳴沢村一円"}],"0300":[{"pref":"山梨県","city":"南都留郡富士河口湖町","town":"以下に掲載がない場合"}],"0303":[{"pref":"山梨県","city":"南都留郡富士河口湖町","town":"浅川"}],"0335":[{"pref":"山梨県","city":"南都留郡富士河口湖町","town":"大嵐"}],"0305":[{"pref":"山梨県","city":"南都留郡富士河口湖町","town":"大石"}],"0310":[{"pref":"山梨県","city":"南都留郡富士河口湖町","town":"勝山"}],"0304":[{"pref":"山梨県","city":"南都留郡富士河口湖町","town":"河口"}],"0302":[{"pref":"山梨県","city":"南都留郡富士河口湖町","town":"小立"}],"0332":[{"pref":"山梨県","city":"南都留郡富士河口湖町","town":"西湖"}],"0333":[{"pref":"山梨県","city":"南都留郡富士河口湖町","town":"西湖西"}],"0334":[{"pref":"山梨県","city":"南都留郡富士河口湖町","town":"西湖南"}],"0336":[{"pref":"山梨県","city":"南都留郡富士河口湖町","town":"精進"}],"0331":[{"pref":"山梨県","city":"南都留郡富士河口湖町","town":"長浜"}],"0338":[{"pref":"山梨県","city":"南都留郡富士河口湖町","town":"富士ケ嶺"}],"0301":[{"pref":"山梨県","city":"南都留郡富士河口湖町","town":"船津"}],"0337":[{"pref":"山梨県","city":"南都留郡富士河口湖町","town":"本栖"}]}