{"0000":[{"pref":"静岡県","city":"熱海市","town":"以下に掲載がない場合"}],"0039":[{"pref":"静岡県","city":"熱海市","town":"相の原町"}],"0041":[{"pref":"静岡県","city":"熱海市","town":"青葉町"}],"0103":[{"pref":"静岡県","city":"熱海市","town":"網代"}],"0033":[{"pref":"静岡県","city":"熱海市","town":"熱海"}],"0002":[{"pref":"静岡県","city":"熱海市","town":"伊豆山"}],"0001":[{"pref":"静岡県","city":"熱海市","town":"泉"}],"0003":[{"pref":"静岡県","city":"熱海市","town":"海光町"}],"0005":[{"pref":"静岡県","city":"熱海市","town":"春日町"}],"0018":[{"pref":"静岡県","city":"熱海市","town":"上宿町"}],"0101":[{"pref":"静岡県","city":"熱海市","town":"上多賀"}],"0013":[{"pref":"静岡県","city":"熱海市","town":"銀座町"}],"0029":[{"pref":"静岡県","city":"熱海市","town":"小嵐町"}],"0019":[{"pref":"静岡県","city":"熱海市","town":"咲見町"}],"0025":[{"pref":"静岡県","city":"熱海市","town":"桜木町"}],"0028":[{"pref":"静岡県","city":"熱海市","town":"桜町"}],"0037":[{"pref":"静岡県","city":"熱海市","town":"笹良ケ台町"}],"0021":[{"pref":"静岡県","city":"熱海市","town":"清水町"}],"0102":[{"pref":"静岡県","city":"熱海市","town":"下多賀"}],"0022":[{"pref":"静岡県","city":"熱海市","town":"昭和町"}],"0011":[{"pref":"静岡県","city":"熱海市","town":"田原本町"}],"0015":[{"pref":"静岡県","city":"熱海市","town":"中央町"}],"0014":[{"pref":"静岡県","city":"熱海市","town":"渚町"}],"0038":[{"pref":"静岡県","city":"熱海市","town":"西熱海町"}],"0034":[{"pref":"静岡県","city":"熱海市","town":"西山町"}],"0032":[{"pref":"静岡県","city":"熱海市","town":"梅園町"}],"0026":[{"pref":"静岡県","city":"熱海市","town":"梅花町"}],"0004":[{"pref":"静岡県","city":"熱海市","town":"初島"}],"0031":[{"pref":"静岡県","city":"熱海市","town":"林ガ丘町"}],"0012":[{"pref":"静岡県","city":"熱海市","town":"東海岸町"}],"0036":[{"pref":"静岡県","city":"熱海市","town":"日金町"}],"0017":[{"pref":"静岡県","city":"熱海市","town":"福道町"}],"0035":[{"pref":"静岡県","city":"熱海市","town":"緑ガ丘町"}],"0016":[{"pref":"静岡県","city":"熱海市","town":"水口町"}],"0027":[{"pref":"静岡県","city":"熱海市","town":"紅葉ガ丘町"}],"0006":[{"pref":"静岡県","city":"熱海市","town":"桃山町"}],"0042":[{"pref":"静岡県","city":"熱海市","town":"山手町"}],"0024":[{"pref":"静岡県","city":"熱海市","town":"和田町"}],"0023":[{"pref":"静岡県","city":"熱海市","town":"和田浜南町"}],"0233":[{"pref":"静岡県","city":"伊東市","town":"赤沢"}],"0234":[{"pref":"静岡県","city":"伊東市","town":"池"}],"0235":[{"pref":"静岡県","city":"伊東市","town":"大室高原"}],"0111":[{"pref":"静岡県","city":"伊東市","town":"グリーンヒル別荘地"}],"0231":[{"pref":"静岡県","city":"伊東市","town":"富戸"}],"0232":[{"pref":"静岡県","city":"伊東市","town":"八幡野"}],"0711":[{"pref":"静岡県","city":"下田市","town":"相玉"}],"0703":[{"pref":"静岡県","city":"下田市","town":"荒増"}],"0715":[{"pref":"静岡県","city":"下田市","town":"宇土金"}],"0701":[{"pref":"静岡県","city":"下田市","town":"落合"}],"0713":[{"pref":"静岡県","city":"下田市","town":"加増野"}],"0714":[{"pref":"静岡県","city":"下田市","town":"北湯ケ野"}],"0704":[{"pref":"静岡県","city":"下田市","town":"椎原"}],"0716":[{"pref":"静岡県","city":"下田市","town":"須原"}],"0702":[{"pref":"静岡県","city":"下田市","town":"堀之内"}],"0705":[{"pref":"静岡県","city":"下田市","town":"箕作"}],"0712":[{"pref":"静岡県","city":"下田市","town":"横川"}],"0300":[{"pref":"静岡県","city":"賀茂郡東伊豆町","town":"以下に掲載がない場合"}],"0411":[{"pref":"静岡県","city":"賀茂郡東伊豆町","town":"稲取"}],"0301":[{"pref":"静岡県","city":"賀茂郡東伊豆町","town":"大川"}],"0303":[{"pref":"静岡県","city":"賀茂郡東伊豆町","town":"片瀬"}],"0304":[{"pref":"静岡県","city":"賀茂郡東伊豆町","town":"白田"}],"0302":[{"pref":"静岡県","city":"賀茂郡東伊豆町","town":"奈良本"},{"pref":"静岡県","city":"賀茂郡東伊豆町","town":"北川"}],"0500":[{"pref":"静岡県","city":"賀茂郡河津町","town":"以下に掲載がない場合"}],"0509":[{"pref":"静岡県","city":"賀茂郡河津町","town":"大鍋"}],"0502":[{"pref":"静岡県","city":"賀茂郡河津町","town":"川津筏場"}],"0508":[{"pref":"静岡県","city":"賀茂郡河津町","town":"小鍋"}],"0516":[{"pref":"静岡県","city":"賀茂郡河津町","town":"逆川"}],"0512":[{"pref":"静岡県","city":"賀茂郡河津町","town":"笹原"}],"0505":[{"pref":"静岡県","city":"賀茂郡河津町","town":"沢田"}],"0506":[{"pref":"静岡県","city":"賀茂郡河津町","town":"下佐ケ野"}],"0504":[{"pref":"静岡県","city":"賀茂郡河津町","town":"田中"}],"0501":[{"pref":"静岡県","city":"賀茂郡河津町","town":"梨本"}],"0514":[{"pref":"静岡県","city":"賀茂郡河津町","town":"縄地"}],"0513":[{"pref":"静岡県","city":"賀茂郡河津町","town":"浜"}],"0503":[{"pref":"静岡県","city":"賀茂郡河津町","town":"見高"}],"0511":[{"pref":"静岡県","city":"賀茂郡河津町","town":"峰"}],"0515":[{"pref":"静岡県","city":"賀茂郡河津町","town":"谷津"}],"0507":[{"pref":"静岡県","city":"賀茂郡河津町","town":"湯ケ野"}]}