{"0000":[{"pref":"埼玉県","city":"さいたま市見沼区","town":"以下に掲載がない場合"}],"0014":[{"pref":"埼玉県","city":"さいたま市見沼区","town":"大谷"}],"0053":[{"pref":"埼玉県","city":"さいたま市見沼区","town":"大和田町"}],"0004":[{"pref":"埼玉県","city":"さいたま市見沼区","town":"卸町"}],"0022":[{"pref":"埼玉県","city":"さいたま市見沼区","town":"加田屋"}],"0027":[{"pref":"埼玉県","city":"さいたま市見沼区","town":"加田屋新田"}],"0024":[{"pref":"埼玉県","city":"さいたま市見沼区","town":"片柳"}],"0023":[{"pref":"埼玉県","city":"さいたま市見沼区","town":"片柳東"}],"0044":[{"pref":"埼玉県","city":"さいたま市見沼区","town":"上山口新田"}],"0005":[{"pref":"埼玉県","city":"さいたま市見沼区","town":"小深作"}],"0031":[{"pref":"埼玉県","city":"さいたま市見沼区","town":"笹丸"}],"0006":[{"pref":"埼玉県","city":"さいたま市見沼区","town":"島町"}],"0045":[{"pref":"埼玉県","city":"さいたま市見沼区","town":"新右エ門新田"}],"0054":[{"pref":"埼玉県","city":"さいたま市見沼区","town":"砂町"}],"0026":[{"pref":"埼玉県","city":"さいたま市見沼区","town":"染谷"}],"0043":[{"pref":"埼玉県","city":"さいたま市見沼区","town":"中川"}],"0013":[{"pref":"埼玉県","city":"さいたま市見沼区","town":"新堤"}],"0035":[{"pref":"埼玉県","city":"さいたま市見沼区","town":"西山新田"}],"0034":[{"pref":"埼玉県","city":"さいたま市見沼区","town":"西山村新田"}],"0015":[{"pref":"埼玉県","city":"さいたま市見沼区","town":"蓮沼"}],"0008":[{"pref":"埼玉県","city":"さいたま市見沼区","town":"春岡"}],"0002":[{"pref":"埼玉県","city":"さいたま市見沼区","town":"春野"}],"0032":[{"pref":"埼玉県","city":"さいたま市見沼区","town":"東新井"}],"0051":[{"pref":"埼玉県","city":"さいたま市見沼区","town":"東大宮"}],"0012":[{"pref":"埼玉県","city":"さいたま市見沼区","town":"東宮下"}],"0016":[{"pref":"埼玉県","city":"さいたま市見沼区","town":"東門前"}],"0021":[{"pref":"埼玉県","city":"さいたま市見沼区","town":"膝子"}],"0003":[{"pref":"埼玉県","city":"さいたま市見沼区","town":"深作"}],"0017":[{"pref":"埼玉県","city":"さいたま市見沼区","town":"風渡野"}],"0052":[{"pref":"埼玉県","city":"さいたま市見沼区","town":"堀崎町"}],"0001":[{"pref":"埼玉県","city":"さいたま市見沼区","town":"丸ケ崎"}],"0007":[{"pref":"埼玉県","city":"さいたま市見沼区","town":"丸ケ崎町"}],"0033":[{"pref":"埼玉県","city":"さいたま市見沼区","town":"御蔵"}],"0042":[{"pref":"埼玉県","city":"さいたま市見沼区","town":"南中野"}],"0041":[{"pref":"埼玉県","city":"さいたま市見沼区","town":"南中丸"}],"0011":[{"pref":"埼玉県","city":"さいたま市見沼区","town":"宮ケ谷塔"}],"0036":[{"pref":"埼玉県","city":"さいたま市見沼区","town":"見山"}],"0025":[{"pref":"埼玉県","city":"さいたま市見沼区","town":"山"}]}