{"6001":[{"pref":"宮城県","city":"仙台市青葉区","town":"中央ＳＳ３０住友生命仙台中央ビル（１階）"}],"6002":[{"pref":"宮城県","city":"仙台市青葉区","town":"中央ＳＳ３０住友生命仙台中央ビル（２階）"}],"6003":[{"pref":"宮城県","city":"仙台市青葉区","town":"中央ＳＳ３０住友生命仙台中央ビル（３階）"}],"6004":[{"pref":"宮城県","city":"仙台市青葉区","town":"中央ＳＳ３０住友生命仙台中央ビル（４階）"}],"6005":[{"pref":"宮城県","city":"仙台市青葉区","town":"中央ＳＳ３０住友生命仙台中央ビル（５階）"}],"6006":[{"pref":"宮城県","city":"仙台市青葉区","town":"中央ＳＳ３０住友生命仙台中央ビル（６階）"}],"6007":[{"pref":"宮城県","city":"仙台市青葉区","town":"中央ＳＳ３０住友生命仙台中央ビル（７階）"}],"6008":[{"pref":"宮城県","city":"仙台市青葉区","town":"中央ＳＳ３０住友生命仙台中央ビル（８階）"}],"6009":[{"pref":"宮城県","city":"仙台市青葉区","town":"中央ＳＳ３０住友生命仙台中央ビル（９階）"}],"6010":[{"pref":"宮城県","city":"仙台市青葉区","town":"中央ＳＳ３０住友生命仙台中央ビル（１０階）"}],"6011":[{"pref":"宮城県","city":"仙台市青葉区","town":"中央ＳＳ３０住友生命仙台中央ビル（１１階）"}],"6012":[{"pref":"宮城県","city":"仙台市青葉区","town":"中央ＳＳ３０住友生命仙台中央ビル（１２階）"}],"6013":[{"pref":"宮城県","city":"仙台市青葉区","town":"中央ＳＳ３０住友生命仙台中央ビル（１３階）"}],"6014":[{"pref":"宮城県","city":"仙台市青葉区","town":"中央ＳＳ３０住友生命仙台中央ビル（１４階）"}],"6015":[{"pref":"宮城県","city":"仙台市青葉区","town":"中央ＳＳ３０住友生命仙台中央ビル（１５階）"}],"6016":[{"pref":"宮城県","city":"仙台市青葉区","town":"中央ＳＳ３０住友生命仙台中央ビル（１６階）"}],"6017":[{"pref":"宮城県","city":"仙台市青葉区","town":"中央ＳＳ３０住友生命仙台中央ビル（１７階）"}],"6018":[{"pref":"宮城県","city":"仙台市青葉区","town":"中央ＳＳ３０住友生命仙台中央ビル（１８階）"}],"6019":[{"pref":"宮城県","city":"仙台市青葉区","town":"中央ＳＳ３０住友生命仙台中央ビル（１９階）"}],"6020":[{"pref":"宮城県","city":"仙台市青葉区","town":"中央ＳＳ３０住友生命仙台中央ビル（２０階）"}],"6021":[{"pref":"宮城県","city":"仙台市青葉区","town":"中央ＳＳ３０住友生命仙台中央ビル（２１階）"}],"6022":[{"pref":"宮城県","city":"仙台市青葉区","town":"中央ＳＳ３０住友生命仙台中央ビル（２２階）"}],"6023":[{"pref":"宮城県","city":"仙台市青葉区","town":"中央ＳＳ３０住友生命仙台中央ビル（２３階）"}],"6024":[{"pref":"宮城県","city":"仙台市青葉区","town":"中央ＳＳ３０住友生命仙台中央ビル（２４階）"}],"6025":[{"pref":"宮城県","city":"仙台市青葉区","town":"中央ＳＳ３０住友生命仙台中央ビル（２５階）"}],"6026":[{"pref":"宮城県","city":"仙台市青葉区","town":"中央ＳＳ３０住友生命仙台中央ビル（２６階）"}],"6027":[{"pref":"宮城県","city":"仙台市青葉区","town":"中央ＳＳ３０住友生命仙台中央ビル（２７階）"}],"6028":[{"pref":"宮城県","city":"仙台市青葉区","town":"中央ＳＳ３０住友生命仙台中央ビル（２８階）"}],"6029":[{"pref":"宮城県","city":"仙台市青葉区","town":"中央ＳＳ３０住友生命仙台中央ビル（２９階）"}],"6030":[{"pref":"宮城県","city":"仙台市青葉区","town":"中央ＳＳ３０住友生命仙台中央ビル（３０階）"}],"6090":[{"pref":"宮城県","city":"仙台市青葉区","town":"中央ＳＳ３０住友生命仙台中央ビル（地階・階層不明）"}],"6101":[{"pref":"宮城県","city":"仙台市青葉区","town":"中央アエル（１階）"}],"6102":[{"pref":"宮城県","city":"仙台市青葉区","town":"中央アエル（２階）"}],"6103":[{"pref":"宮城県","city":"仙台市青葉区","town":"中央アエル（３階）"}],"6104":[{"pref":"宮城県","city":"仙台市青葉区","town":"中央アエル（４階）"}],"6105":[{"pref":"宮城県","city":"仙台市青葉区","town":"中央アエル（５階）"}],"6106":[{"pref":"宮城県","city":"仙台市青葉区","town":"中央アエル（６階）"}],"6107":[{"pref":"宮城県","city":"仙台市青葉区","town":"中央アエル（７階）"}],"6108":[{"pref":"宮城県","city":"仙台市青葉区","town":"中央アエル（８階）"}],"6109":[{"pref":"宮城県","city":"仙台市青葉区","town":"中央アエル（９階）"}],"6110":[{"pref":"宮城県","city":"仙台市青葉区","town":"中央アエル（１０階）"}],"6111":[{"pref":"宮城県","city":"仙台市青葉区","town":"中央アエル（１１階）"}],"6112":[{"pref":"宮城県","city":"仙台市青葉区","town":"中央アエル（１２階）"}],"6113":[{"pref":"宮城県","city":"仙台市青葉区","town":"中央アエル（１３階）"}],"6114":[{"pref":"宮城県","city":"仙台市青葉区","town":"中央アエル（１４階）"}],"6115":[{"pref":"宮城県","city":"仙台市青葉区","town":"中央アエル（１５階）"}],"6116":[{"pref":"宮城県","city":"仙台市青葉区","town":"中央アエル（１６階）"}],"6117":[{"pref":"宮城県","city":"仙台市青葉区","town":"中央アエル（１７階）"}],"6118":[{"pref":"宮城県","city":"仙台市青葉区","town":"中央アエル（１８階）"}],"6119":[{"pref":"宮城県","city":"仙台市青葉区","town":"中央アエル（１９階）"}],"6120":[{"pref":"宮城県","city":"仙台市青葉区","town":"中央アエル（２０階）"}],"6121":[{"pref":"宮城県","city":"仙台市青葉区","town":"中央アエル（２１階）"}],"6122":[{"pref":"宮城県","city":"仙台市青葉区","town":"中央アエル（２２階）"}],"6123":[{"pref":"宮城県","city":"仙台市青葉区","town":"中央アエル（２３階）"}],"6124":[{"pref":"宮城県","city":"仙台市青葉区","town":"中央アエル（２４階）"}],"6125":[{"pref":"宮城県","city":"仙台市青葉区","town":"中央アエル（２５階）"}],"6126":[{"pref":"宮城県","city":"仙台市青葉区","town":"中央アエル（２６階）"}],"6127":[{"pref":"宮城県","city":"仙台市青葉区","town":"中央アエル（２７階）"}],"6128":[{"pref":"宮城県","city":"仙台市青葉区","town":"中央アエル（２８階）"}],"6129":[{"pref":"宮城県","city":"仙台市青葉区","town":"中央アエル（２９階）"}],"6130":[{"pref":"宮城県","city":"仙台市青葉区","town":"中央アエル（３０階）"}],"6131":[{"pref":"宮城県","city":"仙台市青葉区","town":"中央アエル（３１階）"}],"6190":[{"pref":"宮城県","city":"仙台市青葉区","town":"中央アエル（地階・階層不明）"}],"0000":[{"pref":"宮城県","city":"仙台市青葉区","town":"以下に掲載がない場合"}],"0856":[{"pref":"宮城県","city":"仙台市青葉区","town":"青葉山"}],"0845":[{"pref":"宮城県","city":"仙台市青葉区","town":"荒巻（その他）"}],"0811":[{"pref":"宮城県","city":"仙台市青葉区","town":"一番町"}],"0022":[{"pref":"宮城県","city":"仙台市青葉区","town":"五橋（１、２丁目）"}],"0005":[{"pref":"宮城県","city":"仙台市青葉区","town":"梅田町"}],"0805":[{"pref":"宮城県","city":"仙台市青葉区","town":"大手町"}],"0804":[{"pref":"宮城県","city":"仙台市青葉区","town":"大町"}],"0814":[{"pref":"宮城県","city":"仙台市青葉区","town":"霊屋下"}],"0003":[{"pref":"宮城県","city":"仙台市青葉区","town":"小田原（４～８丁目）"}],"0013":[{"pref":"宮城県","city":"仙台市青葉区","town":"花京院"}],"0821":[{"pref":"宮城県","city":"仙台市青葉区","town":"春日町"}],"0812":[{"pref":"宮城県","city":"仙台市青葉区","town":"片平"}],"0815":[{"pref":"宮城県","city":"仙台市青葉区","town":"花壇"}],"0011":[{"pref":"宮城県","city":"仙台市青葉区","town":"上杉"}],"0862":[{"pref":"宮城県","city":"仙台市青葉区","town":"川内"}],"0863":[{"pref":"宮城県","city":"仙台市青葉区","town":"川内追廻"}],"0867":[{"pref":"宮城県","city":"仙台市青葉区","town":"川内亀岡北裏丁"}],"0865":[{"pref":"宮城県","city":"仙台市青葉区","town":"川内亀岡町"}],"0852":[{"pref":"宮城県","city":"仙台市青葉区","town":"川内川前丁"}],"0866":[{"pref":"宮城県","city":"仙台市青葉区","town":"川内三十人町"}],"0853":[{"pref":"宮城県","city":"仙台市青葉区","town":"川内大工町"}],"0854":[{"pref":"宮城県","city":"仙台市青葉区","town":"川内中ノ瀬町"}],"0851":[{"pref":"宮城県","city":"仙台市青葉区","town":"川内明神横丁"}],"0861":[{"pref":"宮城県","city":"仙台市青葉区","town":"川内元支倉"}],"0864":[{"pref":"宮城県","city":"仙台市青葉区","town":"川内山屋敷"}],"0855":[{"pref":"宮城県","city":"仙台市青葉区","town":"川内澱橋通"}],"0023":[{"pref":"宮城県","city":"仙台市青葉区","town":"北目町"}],"0801":[{"pref":"宮城県","city":"仙台市青葉区","town":"木町通"}],"0803":[{"pref":"宮城県","city":"仙台市青葉区","town":"国分町"}],"0813":[{"pref":"宮城県","city":"仙台市青葉区","town":"米ケ袋"}],"0823":[{"pref":"宮城県","city":"仙台市青葉区","town":"桜ケ岡公園"}],"0872":[{"pref":"宮城県","city":"仙台市青葉区","town":"星陵町"}],"0822":[{"pref":"宮城県","city":"仙台市青葉区","town":"立町"}],"0021":[{"pref":"宮城県","city":"仙台市青葉区","town":"中央（次のビルを除く）"}],"0065":[{"pref":"宮城県","city":"仙台市青葉区","town":"土樋（１丁目「１１を除く」）"}],"0874":[{"pref":"宮城県","city":"仙台市青葉区","town":"角五郎"}],"0001":[{"pref":"宮城県","city":"仙台市青葉区","town":"中江"}],"0012":[{"pref":"宮城県","city":"仙台市青葉区","town":"錦町"}],"0824":[{"pref":"宮城県","city":"仙台市青葉区","town":"支倉町"}],"0871":[{"pref":"宮城県","city":"仙台市青葉区","town":"八幡"}],"0873":[{"pref":"宮城県","city":"仙台市青葉区","town":"広瀬町"}],"0002":[{"pref":"宮城県","city":"仙台市青葉区","town":"福沢町"}],"0802":[{"pref":"宮城県","city":"仙台市青葉区","town":"二日町"}],"0014":[{"pref":"宮城県","city":"仙台市青葉区","town":"本町"}],"0004":[{"pref":"宮城県","city":"仙台市青葉区","town":"宮町"}]}