{"0500":[{"pref":"福島県","city":"南会津郡檜枝岐村","town":"以下に掲載がない場合"}],"0521":[{"pref":"福島県","city":"南会津郡檜枝岐村","town":"居平"}],"0524":[{"pref":"福島県","city":"南会津郡檜枝岐村","town":"上ノ台"}],"0532":[{"pref":"福島県","city":"南会津郡檜枝岐村","town":"尾瀬沼"}],"0522":[{"pref":"福島県","city":"南会津郡檜枝岐村","town":"上ノ原"}],"0523":[{"pref":"福島県","city":"南会津郡檜枝岐村","town":"下ノ台"}],"0525":[{"pref":"福島県","city":"南会津郡檜枝岐村","town":"下ノ原"}],"0526":[{"pref":"福島県","city":"南会津郡檜枝岐村","town":"滝沢"}],"0531":[{"pref":"福島県","city":"南会津郡檜枝岐村","town":"燧ケ岳"}],"0527":[{"pref":"福島県","city":"南会津郡檜枝岐村","town":"見通"}],"0528":[{"pref":"福島県","city":"南会津郡檜枝岐村","town":"葭ケ平"}],"0000":[{"pref":"福島県","city":"南会津郡南会津町","town":"以下に掲載がない場合"}],"0507":[{"pref":"福島県","city":"南会津郡南会津町","town":"青柳"}],"0605":[{"pref":"福島県","city":"南会津郡南会津町","town":"東"}],"0341":[{"pref":"福島県","city":"南会津郡南会津町","town":"穴原"}],"0321":[{"pref":"福島県","city":"南会津郡南会津町","town":"井桁"}],"0641":[{"pref":"福島県","city":"南会津郡南会津町","town":"和泉田"}],"0014":[{"pref":"福島県","city":"南会津郡南会津町","town":"糸沢"}],"0317":[{"pref":"福島県","city":"南会津郡南会津町","town":"伊与戸"}],"0323":[{"pref":"福島県","city":"南会津郡南会津町","town":"岩下"}],"0511":[{"pref":"福島県","city":"南会津郡南会津町","town":"内川"}],"0319":[{"pref":"福島県","city":"南会津郡南会津町","town":"大久保"}],"0603":[{"pref":"福島県","city":"南会津郡南会津町","town":"大新田"}],"0604":[{"pref":"福島県","city":"南会津郡南会津町","town":"大橋"}],"0513":[{"pref":"福島県","city":"南会津郡南会津町","town":"大原"}],"0515":[{"pref":"福島県","city":"南会津郡南会津町","town":"大桃"}],"0331":[{"pref":"福島県","city":"南会津郡南会津町","town":"押戸"}],"0642":[{"pref":"福島県","city":"南会津郡南会津町","town":"小野島"}],"0335":[{"pref":"福島県","city":"南会津郡南会津町","town":"貝原"}],"0632":[{"pref":"福島県","city":"南会津郡南会津町","town":"片貝"}],"0024":[{"pref":"福島県","city":"南会津郡南会津町","town":"金井沢"}],"0344":[{"pref":"福島県","city":"南会津郡南会津町","town":"上ノ原"}],"0346":[{"pref":"福島県","city":"南会津郡南会津町","town":"川衣"}],"0012":[{"pref":"福島県","city":"南会津郡南会津町","town":"川島"}],"0601":[{"pref":"福島県","city":"南会津郡南会津町","town":"木伏"}],"0011":[{"pref":"福島県","city":"南会津郡南会津町","town":"栗生沢"}],"0021":[{"pref":"福島県","city":"南会津郡南会津町","town":"高野"}],"0506":[{"pref":"福島県","city":"南会津郡南会津町","town":"小塩"}],"0343":[{"pref":"福島県","city":"南会津郡南会津町","town":"小高林"}],"0514":[{"pref":"福島県","city":"南会津郡南会津町","town":"小立岩"}],"0631":[{"pref":"福島県","city":"南会津郡南会津町","town":"界"}],"0022":[{"pref":"福島県","city":"南会津郡南会津町","town":"塩江"}],"0302":[{"pref":"福島県","city":"南会津郡南会津町","town":"塩ノ原"}],"0025":[{"pref":"福島県","city":"南会津郡南会津町","town":"静川"}],"0634":[{"pref":"福島県","city":"南会津郡南会津町","town":"下山"}],"0322":[{"pref":"福島県","city":"南会津郡南会津町","town":"精舎"}],"0503":[{"pref":"福島県","city":"南会津郡南会津町","town":"白沢"}],"0311":[{"pref":"福島県","city":"南会津郡南会津町","town":"新田原"}],"0307":[{"pref":"福島県","city":"南会津郡南会津町","town":"水石"}],"0342":[{"pref":"福島県","city":"南会津郡南会津町","town":"助木生"}],"0013":[{"pref":"福島県","city":"南会津郡南会津町","town":"関本"}],"0315":[{"pref":"福島県","city":"南会津郡南会津町","town":"高杖原"}],"0015":[{"pref":"福島県","city":"南会津郡南会津町","town":"滝原"}],"0004":[{"pref":"福島県","city":"南会津郡南会津町","town":"田島"}],"0502":[{"pref":"福島県","city":"南会津郡南会津町","town":"多々石"}],"0301":[{"pref":"福島県","city":"南会津郡南会津町","town":"たのせ"}],"0002":[{"pref":"福島県","city":"南会津郡南会津町","town":"田部"}],"0007":[{"pref":"福島県","city":"南会津郡南会津町","town":"丹藤"}],"0332":[{"pref":"福島県","city":"南会津郡南会津町","town":"角生"}],"0016":[{"pref":"福島県","city":"南会津郡南会津町","town":"藤生"}],"0621":[{"pref":"福島県","city":"南会津郡南会津町","town":"鴇巣"}],"0345":[{"pref":"福島県","city":"南会津郡南会津町","town":"木賊"}],"0305":[{"pref":"福島県","city":"南会津郡南会津町","town":"戸中"}],"0633":[{"pref":"福島県","city":"南会津郡南会津町","town":"富山"}],"0005":[{"pref":"福島県","city":"南会津郡南会津町","town":"中荒井"}],"0006":[{"pref":"福島県","city":"南会津郡南会津町","town":"永田"}],"0001":[{"pref":"福島県","city":"南会津郡南会津町","town":"長野"}],"0312":[{"pref":"福島県","city":"南会津郡南会津町","town":"熨斗戸"}],"0512":[{"pref":"福島県","city":"南会津郡南会津町","town":"耻風"}],"0504":[{"pref":"福島県","city":"南会津郡南会津町","town":"浜野"}],"0026":[{"pref":"福島県","city":"南会津郡南会津町","town":"針生"}],"0324":[{"pref":"福島県","city":"南会津郡南会津町","town":"番屋"}],"0023":[{"pref":"福島県","city":"南会津郡南会津町","town":"福米沢"}],"0303":[{"pref":"福島県","city":"南会津郡南会津町","town":"福渡"}],"0501":[{"pref":"福島県","city":"南会津郡南会津町","town":"古町"}],"0306":[{"pref":"福島県","city":"南会津郡南会津町","town":"前沢"}],"0304":[{"pref":"福島県","city":"南会津郡南会津町","town":"松戸原"}],"0003":[{"pref":"福島県","city":"南会津郡南会津町","town":"水無"}],"0602":[{"pref":"福島県","city":"南会津郡南会津町","town":"水根沢"}],"0334":[{"pref":"福島県","city":"南会津郡南会津町","town":"水引"}],"0347":[{"pref":"福島県","city":"南会津郡南会津町","town":"宮里"}],"0505":[{"pref":"福島県","city":"南会津郡南会津町","town":"宮沢"}],"0622":[{"pref":"福島県","city":"南会津郡南会津町","town":"宮床"}],"0313":[{"pref":"福島県","city":"南会津郡南会津町","town":"森戸"}],"0318":[{"pref":"福島県","city":"南会津郡南会津町","town":"八木ノ沢"}],"0314":[{"pref":"福島県","city":"南会津郡南会津町","town":"八総"}],"0611":[{"pref":"福島県","city":"南会津郡南会津町","town":"山口"}],"0333":[{"pref":"福島県","city":"南会津郡南会津町","town":"湯ノ花"}],"0336":[{"pref":"福島県","city":"南会津郡南会津町","town":"吉高"}]}