{"1100":[{"pref":"長野県","city":"南佐久郡小海町","town":"以下に掲載がない場合"}],"1101":[{"pref":"長野県","city":"南佐久郡小海町","town":"東馬流"}],"1102":[{"pref":"長野県","city":"南佐久郡小海町","town":"小海"}],"1103":[{"pref":"長野県","city":"南佐久郡小海町","town":"豊里"}],"1104":[{"pref":"長野県","city":"南佐久郡小海町","town":"稲子"}],"1105":[{"pref":"長野県","city":"南佐久郡小海町","town":"千代里"}],"1201":[{"pref":"長野県","city":"南佐久郡北相木村","town":"北相木村一円"}],"1211":[{"pref":"長野県","city":"南佐久郡南相木村","town":"南相木村一円"}],"1300":[{"pref":"長野県","city":"南佐久郡南牧村","town":"以下に掲載がない場合"}],"1301":[{"pref":"長野県","city":"南佐久郡南牧村","town":"海尻"}],"1302":[{"pref":"長野県","city":"南佐久郡南牧村","town":"海ノ口"}],"1303":[{"pref":"長野県","city":"南佐久郡南牧村","town":"広瀬"}],"1304":[{"pref":"長野県","city":"南佐久郡南牧村","town":"板橋"}],"1305":[{"pref":"長野県","city":"南佐久郡南牧村","town":"野辺山"}],"1306":[{"pref":"長野県","city":"南佐久郡南牧村","town":"平沢"}],"1400":[{"pref":"長野県","city":"南佐久郡川上村","town":"以下に掲載がない場合"}],"1401":[{"pref":"長野県","city":"南佐久郡川上村","town":"川端下"}],"1402":[{"pref":"長野県","city":"南佐久郡川上村","town":"梓山"}],"1403":[{"pref":"長野県","city":"南佐久郡川上村","town":"秋山"}],"1404":[{"pref":"長野県","city":"南佐久郡川上村","town":"居倉"}],"1405":[{"pref":"長野県","city":"南佐久郡川上村","town":"大深山"}],"1406":[{"pref":"長野県","city":"南佐久郡川上村","town":"原"}],"1407":[{"pref":"長野県","city":"南佐久郡川上村","town":"御所平"}],"1408":[{"pref":"長野県","city":"南佐久郡川上村","town":"樋沢"}],"2101":[{"pref":"長野県","city":"佐久市","town":"桑山"}],"2102":[{"pref":"長野県","city":"佐久市","town":"塩名田"}],"2103":[{"pref":"長野県","city":"佐久市","town":"御馬寄"}],"2104":[{"pref":"長野県","city":"佐久市","town":"甲"}],"2105":[{"pref":"長野県","city":"佐久市","town":"矢嶋"}],"2106":[{"pref":"長野県","city":"佐久市","town":"八幡"}],"2107":[{"pref":"長野県","city":"佐久市","town":"蓬田"}],"2201":[{"pref":"長野県","city":"佐久市","town":"印内"}],"2202":[{"pref":"長野県","city":"佐久市","town":"望月"}],"2203":[{"pref":"長野県","city":"佐久市","town":"布施"}],"2204":[{"pref":"長野県","city":"佐久市","town":"協和"}],"2205":[{"pref":"長野県","city":"佐久市","town":"春日"}],"2206":[{"pref":"長野県","city":"佐久市","town":"茂田井"}],"2211":[{"pref":"長野県","city":"北佐久郡立科町","town":"茂田井（その他）"}],"2300":[{"pref":"長野県","city":"北佐久郡立科町","town":"以下に掲載がない場合"}],"2301":[{"pref":"長野県","city":"北佐久郡立科町","town":"桐原"}],"2302":[{"pref":"長野県","city":"北佐久郡立科町","town":"藤沢"}],"2303":[{"pref":"長野県","city":"北佐久郡立科町","town":"塩沢"}],"2304":[{"pref":"長野県","city":"北佐久郡立科町","town":"茂田井（１～５００「２１１番地を除く」「古町」、２５２７～２５２９「土遠」）"}],"2305":[{"pref":"長野県","city":"北佐久郡立科町","town":"芦田"}],"2306":[{"pref":"長野県","city":"北佐久郡立科町","town":"宇山"}],"2307":[{"pref":"長野県","city":"北佐久郡立科町","town":"山部"}],"2308":[{"pref":"長野県","city":"北佐久郡立科町","town":"牛鹿"}],"2309":[{"pref":"長野県","city":"北佐久郡立科町","town":"芦田八ケ野（その他）"}],"0097":[{"pref":"群馬県","city":"吾妻郡嬬恋村","town":"鎌原（高峰高原）"}],"0000":[{"pref":"長野県","city":"小諸市","town":"以下に掲載がない場合"}],"0025":[{"pref":"長野県","city":"小諸市","town":"相生町"}],"0011":[{"pref":"長野県","city":"小諸市","town":"赤坂"}],"0021":[{"pref":"長野県","city":"小諸市","town":"天池"}],"0062":[{"pref":"長野県","city":"小諸市","town":"荒堀"}],"0014":[{"pref":"長野県","city":"小諸市","town":"荒町"}],"0096":[{"pref":"長野県","city":"小諸市","town":"池ノ前"}],"0047":[{"pref":"長野県","city":"小諸市","town":"井子"}],"0054":[{"pref":"長野県","city":"小諸市","town":"石峠"}],"0083":[{"pref":"長野県","city":"小諸市","town":"市"}],"0033":[{"pref":"長野県","city":"小諸市","town":"市町"}],"0075":[{"pref":"長野県","city":"小諸市","town":"上ノ平"}],"0042":[{"pref":"長野県","city":"小諸市","town":"後平"}],"0077":[{"pref":"長野県","city":"小諸市","town":"大杭"}],"0071":[{"pref":"長野県","city":"小諸市","town":"大久保"}],"0031":[{"pref":"長野県","city":"小諸市","town":"大手"}],"0037":[{"pref":"長野県","city":"小諸市","town":"押出"}],"0802":[{"pref":"長野県","city":"小諸市","town":"乙"}],"0004":[{"pref":"長野県","city":"小諸市","town":"乙女"}],"0055":[{"pref":"長野県","city":"小諸市","town":"柏木"}],"0061":[{"pref":"長野県","city":"小諸市","town":"加増"}],"0002":[{"pref":"長野県","city":"小諸市","town":"唐松"}],"0805":[{"pref":"長野県","city":"小諸市","town":"己"}],"0076":[{"pref":"長野県","city":"小諸市","town":"久保"}],"0024":[{"pref":"長野県","city":"小諸市","town":"熊ノ堂"}],"0801":[{"pref":"長野県","city":"小諸市","town":"甲"}],"0032":[{"pref":"長野県","city":"小諸市","town":"古城"}],"0001":[{"pref":"長野県","city":"小諸市","town":"小原"}],"0015":[{"pref":"長野県","city":"小諸市","town":"紺屋町"}],"0018":[{"pref":"長野県","city":"小諸市","town":"坂ノ上"}],"0806":[{"pref":"長野県","city":"小諸市","town":"塩野"}],"0809":[{"pref":"長野県","city":"小諸市","town":"滋野甲"}],"0023":[{"pref":"長野県","city":"小諸市","town":"東雲"}],"0046":[{"pref":"長野県","city":"小諸市","town":"芝生田"}],"0034":[{"pref":"長野県","city":"小諸市","town":"新町"}],"0082":[{"pref":"長野県","city":"小諸市","town":"諏訪山"}],"0045":[{"pref":"長野県","city":"小諸市","town":"滝原"}],"0028":[{"pref":"長野県","city":"小諸市","town":"田町"}],"0007":[{"pref":"長野県","city":"小諸市","town":"鶴巻"}],"0804":[{"pref":"長野県","city":"小諸市","town":"丁"}],"0072":[{"pref":"長野県","city":"小諸市","town":"鴇久保"}],"0038":[{"pref":"長野県","city":"小諸市","town":"栃木"}],"0074":[{"pref":"長野県","city":"小諸市","town":"西浦"}],"0044":[{"pref":"長野県","city":"小諸市","town":"西原"}],"0048":[{"pref":"長野県","city":"小諸市","town":"糠地"}],"0064":[{"pref":"長野県","city":"小諸市","town":"乗瀬"}],"0051":[{"pref":"長野県","city":"小諸市","town":"八満"}],"0016":[{"pref":"長野県","city":"小諸市","town":"八幡町"}],"0052":[{"pref":"長野県","city":"小諸市","town":"東区"}],"0008":[{"pref":"長野県","city":"小諸市","town":"東小諸"}],"0003":[{"pref":"長野県","city":"小諸市","town":"東山"}],"0041":[{"pref":"長野県","city":"小諸市","town":"菱平"}],"0094":[{"pref":"長野県","city":"小諸市","town":"一ツ谷"}],"0065":[{"pref":"長野県","city":"小諸市","town":"ひばりケ丘"}],"0092":[{"pref":"長野県","city":"小諸市","town":"平原"}],"0053":[{"pref":"長野県","city":"小諸市","town":"藤塚"}],"0036":[{"pref":"長野県","city":"小諸市","town":"富士見平"}],"0803":[{"pref":"長野県","city":"小諸市","town":"丙"}],"0026":[{"pref":"長野県","city":"小諸市","town":"本町"}],"0022":[{"pref":"長野県","city":"小諸市","town":"松井"}],"0091":[{"pref":"長野県","city":"小諸市","town":"御影"}],"0808":[{"pref":"長野県","city":"小諸市","town":"御影新田"}],"0017":[{"pref":"長野県","city":"小諸市","town":"三和"}],"0013":[{"pref":"長野県","city":"小諸市","town":"緑ケ丘"}],"0063":[{"pref":"長野県","city":"小諸市","town":"南ケ原"}],"0012":[{"pref":"長野県","city":"小諸市","town":"南町"}],"0081":[{"pref":"長野県","city":"小諸市","town":"御牧ケ原"}],"0084":[{"pref":"長野県","city":"小諸市","town":"耳取"}],"0078":[{"pref":"長野県","city":"小諸市","town":"宮沢"}],"0005":[{"pref":"長野県","city":"小諸市","town":"御幸町"}],"0085":[{"pref":"長野県","city":"小諸市","town":"森山"}],"0043":[{"pref":"長野県","city":"小諸市","town":"諸"}],"0095":[{"pref":"長野県","city":"小諸市","town":"谷地原"}],"0807":[{"pref":"長野県","city":"小諸市","town":"山浦"}],"0056":[{"pref":"長野県","city":"小諸市","town":"四ツ谷"}],"0006":[{"pref":"長野県","city":"小諸市","town":"与良町"}],"0035":[{"pref":"長野県","city":"小諸市","town":"両神"}],"0027":[{"pref":"長野県","city":"小諸市","town":"六供"}],"0093":[{"pref":"長野県","city":"小諸市","town":"和田"}],"0621":[{"pref":"長野県","city":"佐久市","town":"入澤"}],"0301":[{"pref":"長野県","city":"佐久市","town":"臼田"}],"0302":[{"pref":"長野県","city":"佐久市","town":"勝間"}],"0306":[{"pref":"長野県","city":"佐久市","town":"上小田切"}],"0304":[{"pref":"長野県","city":"佐久市","town":"北川"}],"0411":[{"pref":"長野県","city":"佐久市","town":"清川"}],"0303":[{"pref":"長野県","city":"佐久市","town":"下小田切"}],"0414":[{"pref":"長野県","city":"佐久市","town":"下越"}],"0412":[{"pref":"長野県","city":"佐久市","town":"田口"}],"0305":[{"pref":"長野県","city":"佐久市","town":"中小田切"}],"0622":[{"pref":"長野県","city":"佐久市","town":"平林"}],"0413":[{"pref":"長野県","city":"佐久市","town":"三分"}],"0307":[{"pref":"長野県","city":"佐久市","town":"湯原"}],"0600":[{"pref":"長野県","city":"南佐久郡佐久穂町","town":"以下に掲載がない場合"}],"0502":[{"pref":"長野県","city":"南佐久郡佐久穂町","town":"大日向"}],"0503":[{"pref":"長野県","city":"南佐久郡佐久穂町","town":"海瀬"}],"0614":[{"pref":"長野県","city":"南佐久郡佐久穂町","town":"上"}],"0613":[{"pref":"長野県","city":"南佐久郡佐久穂町","town":"高野町"}],"0703":[{"pref":"長野県","city":"南佐久郡佐久穂町","town":"千代里"}],"0701":[{"pref":"長野県","city":"南佐久郡佐久穂町","town":"畑"}],"0611":[{"pref":"長野県","city":"南佐久郡佐久穂町","town":"平林"}],"0702":[{"pref":"長野県","city":"南佐久郡佐久穂町","town":"穂積"}],"0704":[{"pref":"長野県","city":"南佐久郡佐久穂町","town":"八郡"}],"0612":[{"pref":"長野県","city":"南佐久郡佐久穂町","town":"宿岩"}],"0501":[{"pref":"長野県","city":"南佐久郡佐久穂町","town":"余地"}]}