{"0000":[{"pref":"愛媛県","city":"大洲市","town":"以下に掲載がない場合"}],"0025":[{"pref":"愛媛県","city":"大洲市","town":"阿蔵"}],"0062":[{"pref":"愛媛県","city":"大洲市","town":"市木"}],"0007":[{"pref":"愛媛県","city":"大洲市","town":"稲積"}],"0003":[{"pref":"愛媛県","city":"大洲市","town":"梅川"}],"0088":[{"pref":"愛媛県","city":"大洲市","town":"宇和川"}],"0012":[{"pref":"愛媛県","city":"大洲市","town":"大洲"}],"0032":[{"pref":"愛媛県","city":"大洲市","town":"上須戒"}],"0009":[{"pref":"愛媛県","city":"大洲市","town":"北裏"}],"0001":[{"pref":"愛媛県","city":"大洲市","town":"北只"}],"0075":[{"pref":"愛媛県","city":"大洲市","town":"喜多山"}],"0089":[{"pref":"愛媛県","city":"大洲市","town":"蔵川"}],"0008":[{"pref":"愛媛県","city":"大洲市","town":"黒木"}],"0074":[{"pref":"愛媛県","city":"大洲市","town":"恋木"}],"0051":[{"pref":"愛媛県","city":"大洲市","town":"五郎"}],"0084":[{"pref":"愛媛県","city":"大洲市","town":"菅田町宇津甲"}],"0085":[{"pref":"愛媛県","city":"大洲市","town":"菅田町宇津乙"}],"0083":[{"pref":"愛媛県","city":"大洲市","town":"菅田町大竹"}],"0081":[{"pref":"愛媛県","city":"大洲市","town":"菅田町菅田甲"},{"pref":"愛媛県","city":"大洲市","town":"菅田町菅田丙"}],"0082":[{"pref":"愛媛県","city":"大洲市","town":"菅田町菅田乙"}],"0024":[{"pref":"愛媛県","city":"大洲市","town":"高山"}],"0031":[{"pref":"愛媛県","city":"大洲市","town":"多田"}],"0078":[{"pref":"愛媛県","city":"大洲市","town":"田処"}],"0063":[{"pref":"愛媛県","city":"大洲市","town":"田口"}],"0044":[{"pref":"愛媛県","city":"大洲市","town":"手成"}],"0053":[{"pref":"愛媛県","city":"大洲市","town":"常磐町"}],"0061":[{"pref":"愛媛県","city":"大洲市","town":"徳森"}],"0004":[{"pref":"愛媛県","city":"大洲市","town":"長谷"}],"0054":[{"pref":"愛媛県","city":"大洲市","town":"中村"}],"0086":[{"pref":"愛媛県","city":"大洲市","town":"成能"}],"0069":[{"pref":"愛媛県","city":"大洲市","town":"新谷"}],"0072":[{"pref":"愛媛県","city":"大洲市","town":"新谷甲"}],"0071":[{"pref":"愛媛県","city":"大洲市","town":"新谷乙"}],"0070":[{"pref":"愛媛県","city":"大洲市","town":"新谷丙"}],"0073":[{"pref":"愛媛県","city":"大洲市","town":"新谷町"}],"0013":[{"pref":"愛媛県","city":"大洲市","town":"西大洲"}],"0041":[{"pref":"愛媛県","city":"大洲市","town":"八多喜町"}],"0046":[{"pref":"愛媛県","city":"大洲市","town":"春賀"}],"0045":[{"pref":"愛媛県","city":"大洲市","town":"東宇山"}],"0064":[{"pref":"愛媛県","city":"大洲市","town":"東大洲"}],"0065":[{"pref":"愛媛県","city":"大洲市","town":"東若宮"}],"0021":[{"pref":"愛媛県","city":"大洲市","town":"平野町野田"}],"0023":[{"pref":"愛媛県","city":"大洲市","town":"平野町平地（横野）"}],"0022":[{"pref":"愛媛県","city":"大洲市","town":"平野町平地（その他）"}],"0076":[{"pref":"愛媛県","city":"大洲市","town":"藤縄"}],"0002":[{"pref":"愛媛県","city":"大洲市","town":"松尾"}],"0087":[{"pref":"愛媛県","city":"大洲市","town":"森山"}],"0006":[{"pref":"愛媛県","city":"大洲市","town":"野佐来"}],"0077":[{"pref":"愛媛県","city":"大洲市","town":"柳沢"}],"0011":[{"pref":"愛媛県","city":"大洲市","town":"柚木"}],"0005":[{"pref":"愛媛県","city":"大洲市","town":"横野（久保）"}],"0042":[{"pref":"愛媛県","city":"大洲市","town":"米津"}],"0043":[{"pref":"愛媛県","city":"大洲市","town":"米津（甲）"}],"0052":[{"pref":"愛媛県","city":"大洲市","town":"若宮"}],"0301":[{"pref":"愛媛県","city":"喜多郡内子町","town":"五十崎"}],"0302":[{"pref":"愛媛県","city":"喜多郡内子町","town":"大久喜"}],"0307":[{"pref":"愛媛県","city":"喜多郡内子町","town":"北表"}],"0304":[{"pref":"愛媛県","city":"喜多郡内子町","town":"重松"}],"0305":[{"pref":"愛媛県","city":"喜多郡内子町","town":"宿間"}],"0309":[{"pref":"愛媛県","city":"喜多郡内子町","town":"只海"}],"0303":[{"pref":"愛媛県","city":"喜多郡内子町","town":"平岡"}],"0306":[{"pref":"愛媛県","city":"喜多郡内子町","town":"福岡"}],"0308":[{"pref":"愛媛県","city":"喜多郡内子町","town":"山鳥坂"}]}