{"1101":[{"pref":"福岡県","city":"久留米市","town":"北野町中川"}],"1102":[{"pref":"福岡県","city":"久留米市","town":"北野町八重亀"}],"1103":[{"pref":"福岡県","city":"久留米市","town":"北野町金島"}],"1104":[{"pref":"福岡県","city":"久留米市","town":"北野町大城"}],"1105":[{"pref":"福岡県","city":"久留米市","town":"北野町中島"}],"1106":[{"pref":"福岡県","city":"久留米市","town":"北野町仁王丸"}],"1107":[{"pref":"福岡県","city":"久留米市","town":"北野町塚島"}],"1111":[{"pref":"福岡県","city":"久留米市","town":"北野町千代島"}],"1112":[{"pref":"福岡県","city":"久留米市","town":"北野町陣屋"}],"1113":[{"pref":"福岡県","city":"久留米市","town":"北野町中"}],"1114":[{"pref":"福岡県","city":"久留米市","town":"北野町高良"}],"1115":[{"pref":"福岡県","city":"久留米市","town":"北野町鳥巣"}],"1116":[{"pref":"福岡県","city":"久留米市","town":"北野町石崎"}],"1117":[{"pref":"福岡県","city":"久留米市","town":"北野町上弓削"}],"1121":[{"pref":"福岡県","city":"久留米市","town":"北野町十郎丸"}],"1122":[{"pref":"福岡県","city":"久留米市","town":"北野町今山"}],"1123":[{"pref":"福岡県","city":"久留米市","town":"北野町冨多"}],"1124":[{"pref":"福岡県","city":"久留米市","town":"北野町乙吉"}],"1125":[{"pref":"福岡県","city":"久留米市","town":"北野町乙丸"}],"1126":[{"pref":"福岡県","city":"久留米市","town":"北野町稲数"}],"1127":[{"pref":"福岡県","city":"久留米市","town":"北野町赤司"}],"1200":[{"pref":"福岡県","city":"三井郡大刀洗町","town":"以下に掲載がない場合"}],"1201":[{"pref":"福岡県","city":"三井郡大刀洗町","town":"冨多"}],"1202":[{"pref":"福岡県","city":"三井郡大刀洗町","town":"菅野"}],"1203":[{"pref":"福岡県","city":"三井郡大刀洗町","town":"三川"}],"1204":[{"pref":"福岡県","city":"三井郡大刀洗町","town":"西原"}],"1205":[{"pref":"福岡県","city":"三井郡大刀洗町","town":"守部"}],"1206":[{"pref":"福岡県","city":"三井郡大刀洗町","town":"中川"}],"1211":[{"pref":"福岡県","city":"三井郡大刀洗町","town":"本郷"}],"1212":[{"pref":"福岡県","city":"三井郡大刀洗町","town":"甲条"}],"1213":[{"pref":"福岡県","city":"三井郡大刀洗町","town":"春日"}],"1214":[{"pref":"福岡県","city":"三井郡大刀洗町","town":"栄田"}],"1221":[{"pref":"福岡県","city":"三井郡大刀洗町","town":"高樋"}],"1222":[{"pref":"福岡県","city":"三井郡大刀洗町","town":"上高橋"}],"1223":[{"pref":"福岡県","city":"三井郡大刀洗町","town":"今"}],"1224":[{"pref":"福岡県","city":"三井郡大刀洗町","town":"鵜木"}],"1225":[{"pref":"福岡県","city":"三井郡大刀洗町","town":"下高橋"}],"1226":[{"pref":"福岡県","city":"三井郡大刀洗町","town":"山隈"}],"0011":[{"pref":"福岡県","city":"久留米市","town":"旭町"}],"0029":[{"pref":"福岡県","city":"久留米市","town":"洗町"}],"0063":[{"pref":"福岡県","city":"久留米市","town":"荒木町荒木"}],"0065":[{"pref":"福岡県","city":"久留米市","town":"荒木町今"}],"0066":[{"pref":"福岡県","city":"久留米市","town":"荒木町下荒木"}],"0062":[{"pref":"福岡県","city":"久留米市","town":"荒木町白口"}],"0064":[{"pref":"福岡県","city":"久留米市","town":"荒木町藤田"}],"0048":[{"pref":"福岡県","city":"久留米市","town":"梅満町"}],"0059":[{"pref":"福岡県","city":"久留米市","town":"江戸屋敷"}],"0049":[{"pref":"福岡県","city":"久留米市","town":"大石町"}],"0034":[{"pref":"福岡県","city":"久留米市","town":"大手町"}],"0055":[{"pref":"福岡県","city":"久留米市","town":"上津"}],"0052":[{"pref":"福岡県","city":"久留米市","town":"上津町"}],"0028":[{"pref":"福岡県","city":"久留米市","town":"京町"}],"0013":[{"pref":"福岡県","city":"久留米市","town":"櫛原町"}],"0045":[{"pref":"福岡県","city":"久留米市","town":"小頭町"}],"0001":[{"pref":"福岡県","city":"久留米市","town":"小森野"}],"0019":[{"pref":"福岡県","city":"久留米市","town":"小森野町"}],"0021":[{"pref":"福岡県","city":"久留米市","town":"篠山町"}],"0036":[{"pref":"福岡県","city":"久留米市","town":"篠原町"}],"0042":[{"pref":"福岡県","city":"久留米市","town":"荘島町"}],"0222":[{"pref":"福岡県","city":"久留米市","town":"城島町青木島"}],"0201":[{"pref":"福岡県","city":"久留米市","town":"城島町芦塚"}],"0221":[{"pref":"福岡県","city":"久留米市","town":"城島町浮島"}],"0204":[{"pref":"福岡県","city":"久留米市","town":"城島町内野"}],"0213":[{"pref":"福岡県","city":"久留米市","town":"城島町江上"}],"0212":[{"pref":"福岡県","city":"久留米市","town":"城島町江上上"}],"0214":[{"pref":"福岡県","city":"久留米市","town":"城島町江上本"}],"0216":[{"pref":"福岡県","city":"久留米市","town":"城島町江島"}],"0205":[{"pref":"福岡県","city":"久留米市","town":"城島町大依"}],"0224":[{"pref":"福岡県","city":"久留米市","town":"城島町上青木"}],"0225":[{"pref":"福岡県","city":"久留米市","town":"城島町下青木"}],"0202":[{"pref":"福岡県","city":"久留米市","town":"城島町下田"}],"0207":[{"pref":"福岡県","city":"久留米市","town":"城島町城島"}],"0223":[{"pref":"福岡県","city":"久留米市","town":"城島町四郎丸"}],"0211":[{"pref":"福岡県","city":"久留米市","town":"城島町楢津"}],"0226":[{"pref":"福岡県","city":"久留米市","town":"城島町西青木"}],"0203":[{"pref":"福岡県","city":"久留米市","town":"城島町浜"}],"0215":[{"pref":"福岡県","city":"久留米市","town":"城島町原中牟田"}],"0206":[{"pref":"福岡県","city":"久留米市","town":"城島町六町原"}],"0022":[{"pref":"福岡県","city":"久留米市","town":"城南町"}],"0041":[{"pref":"福岡県","city":"久留米市","town":"白山町"}],"0037":[{"pref":"福岡県","city":"久留米市","town":"諏訪野町"}],"0025":[{"pref":"福岡県","city":"久留米市","town":"瀬下町"}],"0079":[{"pref":"福岡県","city":"久留米市","town":"大善寺大橋"}],"0075":[{"pref":"福岡県","city":"久留米市","town":"大善寺町黒田"}],"0077":[{"pref":"福岡県","city":"久留米市","town":"大善寺町中津"}],"0076":[{"pref":"福岡県","city":"久留米市","town":"大善寺町藤吉"}],"0073":[{"pref":"福岡県","city":"久留米市","town":"大善寺町宮本"}],"0074":[{"pref":"福岡県","city":"久留米市","town":"大善寺町夜明"}],"0070":[{"pref":"福岡県","city":"久留米市","town":"大善寺南"}],"0002":[{"pref":"福岡県","city":"久留米市","town":"高野"}],"0023":[{"pref":"福岡県","city":"久留米市","town":"中央町"}],"0061":[{"pref":"福岡県","city":"久留米市","town":"津福今町"}],"0047":[{"pref":"福岡県","city":"久留米市","town":"津福本町"}],"0014":[{"pref":"福岡県","city":"久留米市","town":"寺町"}],"0033":[{"pref":"福岡県","city":"久留米市","town":"天神町"}],"0035":[{"pref":"福岡県","city":"久留米市","town":"東和町"}],"0016":[{"pref":"福岡県","city":"久留米市","town":"通東町"}],"0005":[{"pref":"福岡県","city":"久留米市","town":"通外町"}],"0018":[{"pref":"福岡県","city":"久留米市","town":"通町"}],"0027":[{"pref":"福岡県","city":"久留米市","town":"長門石"}],"0026":[{"pref":"福岡県","city":"久留米市","town":"長門石町"}],"0024":[{"pref":"福岡県","city":"久留米市","town":"縄手町"}],"0006":[{"pref":"福岡県","city":"久留米市","town":"南薫西町"}],"0004":[{"pref":"福岡県","city":"久留米市","town":"南薫町"}],"0038":[{"pref":"福岡県","city":"久留米市","town":"西町"}],"0058":[{"pref":"福岡県","city":"久留米市","town":"野伏間"}],"0039":[{"pref":"福岡県","city":"久留米市","town":"花畑"}],"0046":[{"pref":"福岡県","city":"久留米市","town":"原古賀町"}],"0003":[{"pref":"福岡県","city":"久留米市","town":"東櫛原町"}],"0032":[{"pref":"福岡県","city":"久留米市","town":"東町"}],"0012":[{"pref":"福岡県","city":"久留米市","town":"日ノ出町"}],"0017":[{"pref":"福岡県","city":"久留米市","town":"日吉町"}],"0057":[{"pref":"福岡県","city":"久留米市","town":"藤光"}],"0054":[{"pref":"福岡県","city":"久留米市","town":"藤光町"}],"0053":[{"pref":"福岡県","city":"久留米市","town":"藤山町"}],"0015":[{"pref":"福岡県","city":"久留米市","town":"螢川町"}],"0044":[{"pref":"福岡県","city":"久留米市","town":"本町"}],"0043":[{"pref":"福岡県","city":"久留米市","town":"松ケ枝町"}],"0113":[{"pref":"福岡県","city":"久留米市","town":"三潴町生岩"}],"0115":[{"pref":"福岡県","city":"久留米市","town":"三潴町壱町原"}],"0116":[{"pref":"福岡県","city":"久留米市","town":"三潴町清松"}],"0105":[{"pref":"福岡県","city":"久留米市","town":"三潴町草場"}],"0103":[{"pref":"福岡県","city":"久留米市","town":"三潴町高三潴"}],"0102":[{"pref":"福岡県","city":"久留米市","town":"三潴町田川"}],"0112":[{"pref":"福岡県","city":"久留米市","town":"三潴町玉満"}],"0111":[{"pref":"福岡県","city":"久留米市","town":"三潴町西牟田"}],"0101":[{"pref":"福岡県","city":"久留米市","town":"三潴町早津崎"}],"0104":[{"pref":"福岡県","city":"久留米市","town":"三潴町原田"}],"0114":[{"pref":"福岡県","city":"久留米市","town":"三潴町福光"}],"0051":[{"pref":"福岡県","city":"久留米市","town":"南"}],"0031":[{"pref":"福岡県","city":"久留米市","town":"六ツ門町"}],"0056":[{"pref":"福岡県","city":"久留米市","town":"本山"}],"0078":[{"pref":"福岡県","city":"久留米市","town":"安武町住吉"}],"0071":[{"pref":"福岡県","city":"久留米市","town":"安武町武島"}],"0072":[{"pref":"福岡県","city":"久留米市","town":"安武町安武本"}],"0400":[{"pref":"福岡県","city":"三潴郡大木町","town":"以下に掲載がない場合"}],"0425":[{"pref":"福岡県","city":"三潴郡大木町","town":"筏溝"}],"0415":[{"pref":"福岡県","city":"三潴郡大木町","town":"絵下古賀"}],"0403":[{"pref":"福岡県","city":"三潴郡大木町","town":"大角"}],"0423":[{"pref":"福岡県","city":"三潴郡大木町","town":"大藪"}],"0421":[{"pref":"福岡県","city":"三潴郡大木町","town":"奥牟田"}],"0414":[{"pref":"福岡県","city":"三潴郡大木町","town":"上木佐木"}],"0404":[{"pref":"福岡県","city":"三潴郡大木町","town":"上白垣"}],"0417":[{"pref":"福岡県","city":"三潴郡大木町","town":"上八院"}],"0413":[{"pref":"福岡県","city":"三潴郡大木町","town":"上牟田口"}],"0401":[{"pref":"福岡県","city":"三潴郡大木町","town":"笹渕"}],"0412":[{"pref":"福岡県","city":"三潴郡大木町","town":"侍島"}],"0422":[{"pref":"福岡県","city":"三潴郡大木町","town":"高橋"}],"0416":[{"pref":"福岡県","city":"三潴郡大木町","town":"八町牟田"}],"0411":[{"pref":"福岡県","city":"三潴郡大木町","town":"蛭池"}],"0402":[{"pref":"福岡県","city":"三潴郡大木町","town":"福土"}],"0406":[{"pref":"福岡県","city":"三潴郡大木町","town":"前牟田"}],"0424":[{"pref":"福岡県","city":"三潴郡大木町","town":"三八松"}],"0405":[{"pref":"福岡県","city":"三潴郡大木町","town":"横溝"}]}