{"0000":[{"pref":"北海道","city":"小樽市","town":"以下に掲載がない場合"}],"0028":[{"pref":"北海道","city":"小樽市","town":"相生町"}],"0046":[{"pref":"北海道","city":"小樽市","town":"赤岩"}],"0035":[{"pref":"北海道","city":"小樽市","town":"旭町"}],"0151":[{"pref":"北海道","city":"小樽市","town":"朝里"}],"0154":[{"pref":"北海道","city":"小樽市","town":"朝里川温泉"}],"0006":[{"pref":"北海道","city":"小樽市","town":"有幌町"}],"0038":[{"pref":"北海道","city":"小樽市","town":"石山町"}],"0032":[{"pref":"北海道","city":"小樽市","town":"稲穂"}],"0021":[{"pref":"北海道","city":"小樽市","town":"入船"}],"0031":[{"pref":"北海道","city":"小樽市","town":"色内"}],"0044":[{"pref":"北海道","city":"小樽市","town":"梅ケ枝町"}],"0013":[{"pref":"北海道","city":"小樽市","town":"奥沢"}],"0005":[{"pref":"北海道","city":"小樽市","town":"勝納町"}],"0264":[{"pref":"北海道","city":"小樽市","town":"桂岡町"}],"0037":[{"pref":"北海道","city":"小樽市","town":"幸"}],"0027":[{"pref":"北海道","city":"小樽市","town":"堺町"}],"0156":[{"pref":"北海道","city":"小樽市","town":"桜"}],"0002":[{"pref":"北海道","city":"小樽市","town":"潮見台"}],"0026":[{"pref":"北海道","city":"小樽市","town":"東雲町"}],"0045":[{"pref":"北海道","city":"小樽市","town":"清水町"}],"0047":[{"pref":"北海道","city":"小樽市","town":"祝津"}],"0152":[{"pref":"北海道","city":"小樽市","town":"新光"}],"0153":[{"pref":"北海道","city":"小樽市","town":"新光町"}],"0004":[{"pref":"北海道","city":"小樽市","town":"新富町"}],"0042":[{"pref":"北海道","city":"小樽市","town":"末広町"}],"0014":[{"pref":"北海道","city":"小樽市","town":"住ノ江"}],"0015":[{"pref":"北海道","city":"小樽市","town":"住吉町"}],"0261":[{"pref":"北海道","city":"小樽市","town":"銭函（１～３丁目）"}],"0048":[{"pref":"北海道","city":"小樽市","town":"高島"}],"0008":[{"pref":"北海道","city":"小樽市","town":"築港"}],"0041":[{"pref":"北海道","city":"小樽市","town":"手宮"}],"0012":[{"pref":"北海道","city":"小樽市","town":"天狗山"}],"0011":[{"pref":"北海道","city":"小樽市","town":"天神"}],"0033":[{"pref":"北海道","city":"小樽市","town":"富岡"}],"0043":[{"pref":"北海道","city":"小樽市","town":"豊川町"}],"0036":[{"pref":"北海道","city":"小樽市","town":"長橋"}],"0039":[{"pref":"北海道","city":"小樽市","town":"錦町"}],"0016":[{"pref":"北海道","city":"小樽市","town":"信香町"}],"0024":[{"pref":"北海道","city":"小樽市","town":"花園"}],"0266":[{"pref":"北海道","city":"小樽市","town":"張碓町"}],"0265":[{"pref":"北海道","city":"小樽市","town":"春香町"}],"0157":[{"pref":"北海道","city":"小樽市","town":"船浜町"}],"0155":[{"pref":"北海道","city":"小樽市","town":"望洋台"}],"0262":[{"pref":"北海道","city":"小樽市","town":"星野町"}],"0003":[{"pref":"北海道","city":"小樽市","town":"真栄"}],"0022":[{"pref":"北海道","city":"小樽市","town":"松ケ枝"}],"0034":[{"pref":"北海道","city":"小樽市","town":"緑"}],"0007":[{"pref":"北海道","city":"小樽市","town":"港町"}],"0263":[{"pref":"北海道","city":"小樽市","town":"見晴町"}],"0023":[{"pref":"北海道","city":"小樽市","town":"最上"}],"0025":[{"pref":"北海道","city":"小樽市","town":"山田町"}],"0001":[{"pref":"北海道","city":"小樽市","town":"若竹町"}],"0017":[{"pref":"北海道","city":"小樽市","town":"若松"}]}