{"0067":[{"pref":"沖縄県","city":"那覇市","town":"安里"}],"0073":[{"pref":"沖縄県","city":"那覇市","town":"上間"}],"0075":[{"pref":"沖縄県","city":"那覇市","town":"国場"}],"0078":[{"pref":"沖縄県","city":"那覇市","town":"識名"}],"0066":[{"pref":"沖縄県","city":"那覇市","town":"大道"}],"0065":[{"pref":"沖縄県","city":"那覇市","town":"壺屋"}],"0074":[{"pref":"沖縄県","city":"那覇市","town":"仲井真"}],"0077":[{"pref":"沖縄県","city":"那覇市","town":"長田"}],"0071":[{"pref":"沖縄県","city":"那覇市","town":"繁多川"}],"0061":[{"pref":"沖縄県","city":"那覇市","town":"古島"}],"0072":[{"pref":"沖縄県","city":"那覇市","town":"真地"}],"0068":[{"pref":"沖縄県","city":"那覇市","town":"真嘉比"}],"0062":[{"pref":"沖縄県","city":"那覇市","town":"松川"}],"0069":[{"pref":"沖縄県","city":"那覇市","town":"松島"}],"0063":[{"pref":"沖縄県","city":"那覇市","town":"三原"}],"0076":[{"pref":"沖縄県","city":"那覇市","town":"与儀"}],"0064":[{"pref":"沖縄県","city":"那覇市","town":"寄宮"}]}