{"6001":[{"pref":"東京都","city":"豊島区","town":"東池袋サンシャイン６０（１階）"}],"6002":[{"pref":"東京都","city":"豊島区","town":"東池袋サンシャイン６０（２階）"}],"6003":[{"pref":"東京都","city":"豊島区","town":"東池袋サンシャイン６０（３階）"}],"6004":[{"pref":"東京都","city":"豊島区","town":"東池袋サンシャイン６０（４階）"}],"6005":[{"pref":"東京都","city":"豊島区","town":"東池袋サンシャイン６０（５階）"}],"6006":[{"pref":"東京都","city":"豊島区","town":"東池袋サンシャイン６０（６階）"}],"6007":[{"pref":"東京都","city":"豊島区","town":"東池袋サンシャイン６０（７階）"}],"6008":[{"pref":"東京都","city":"豊島区","town":"東池袋サンシャイン６０（８階）"}],"6009":[{"pref":"東京都","city":"豊島区","town":"東池袋サンシャイン６０（９階）"}],"6010":[{"pref":"東京都","city":"豊島区","town":"東池袋サンシャイン６０（１０階）"}],"6011":[{"pref":"東京都","city":"豊島区","town":"東池袋サンシャイン６０（１１階）"}],"6012":[{"pref":"東京都","city":"豊島区","town":"東池袋サンシャイン６０（１２階）"}],"6013":[{"pref":"東京都","city":"豊島区","town":"東池袋サンシャイン６０（１３階）"}],"6014":[{"pref":"東京都","city":"豊島区","town":"東池袋サンシャイン６０（１４階）"}],"6015":[{"pref":"東京都","city":"豊島区","town":"東池袋サンシャイン６０（１５階）"}],"6016":[{"pref":"東京都","city":"豊島区","town":"東池袋サンシャイン６０（１６階）"}],"6017":[{"pref":"東京都","city":"豊島区","town":"東池袋サンシャイン６０（１７階）"}],"6018":[{"pref":"東京都","city":"豊島区","town":"東池袋サンシャイン６０（１８階）"}],"6019":[{"pref":"東京都","city":"豊島区","town":"東池袋サンシャイン６０（１９階）"}],"6020":[{"pref":"東京都","city":"豊島区","town":"東池袋サンシャイン６０（２０階）"}],"6021":[{"pref":"東京都","city":"豊島区","town":"東池袋サンシャイン６０（２１階）"}],"6022":[{"pref":"東京都","city":"豊島区","town":"東池袋サンシャイン６０（２２階）"}],"6023":[{"pref":"東京都","city":"豊島区","town":"東池袋サンシャイン６０（２３階）"}],"6024":[{"pref":"東京都","city":"豊島区","town":"東池袋サンシャイン６０（２４階）"}],"6025":[{"pref":"東京都","city":"豊島区","town":"東池袋サンシャイン６０（２５階）"}],"6026":[{"pref":"東京都","city":"豊島区","town":"東池袋サンシャイン６０（２６階）"}],"6027":[{"pref":"東京都","city":"豊島区","town":"東池袋サンシャイン６０（２７階）"}],"6028":[{"pref":"東京都","city":"豊島区","town":"東池袋サンシャイン６０（２８階）"}],"6029":[{"pref":"東京都","city":"豊島区","town":"東池袋サンシャイン６０（２９階）"}],"6030":[{"pref":"東京都","city":"豊島区","town":"東池袋サンシャイン６０（３０階）"}],"6031":[{"pref":"東京都","city":"豊島区","town":"東池袋サンシャイン６０（３１階）"}],"6032":[{"pref":"東京都","city":"豊島区","town":"東池袋サンシャイン６０（３２階）"}],"6033":[{"pref":"東京都","city":"豊島区","town":"東池袋サンシャイン６０（３３階）"}],"6034":[{"pref":"東京都","city":"豊島区","town":"東池袋サンシャイン６０（３４階）"}],"6035":[{"pref":"東京都","city":"豊島区","town":"東池袋サンシャイン６０（３５階）"}],"6036":[{"pref":"東京都","city":"豊島区","town":"東池袋サンシャイン６０（３６階）"}],"6037":[{"pref":"東京都","city":"豊島区","town":"東池袋サンシャイン６０（３７階）"}],"6038":[{"pref":"東京都","city":"豊島区","town":"東池袋サンシャイン６０（３８階）"}],"6039":[{"pref":"東京都","city":"豊島区","town":"東池袋サンシャイン６０（３９階）"}],"6040":[{"pref":"東京都","city":"豊島区","town":"東池袋サンシャイン６０（４０階）"}],"6041":[{"pref":"東京都","city":"豊島区","town":"東池袋サンシャイン６０（４１階）"}],"6042":[{"pref":"東京都","city":"豊島区","town":"東池袋サンシャイン６０（４２階）"}],"6043":[{"pref":"東京都","city":"豊島区","town":"東池袋サンシャイン６０（４３階）"}],"6044":[{"pref":"東京都","city":"豊島区","town":"東池袋サンシャイン６０（４４階）"}],"6045":[{"pref":"東京都","city":"豊島区","town":"東池袋サンシャイン６０（４５階）"}],"6046":[{"pref":"東京都","city":"豊島区","town":"東池袋サンシャイン６０（４６階）"}],"6047":[{"pref":"東京都","city":"豊島区","town":"東池袋サンシャイン６０（４７階）"}],"6048":[{"pref":"東京都","city":"豊島区","town":"東池袋サンシャイン６０（４８階）"}],"6049":[{"pref":"東京都","city":"豊島区","town":"東池袋サンシャイン６０（４９階）"}],"6050":[{"pref":"東京都","city":"豊島区","town":"東池袋サンシャイン６０（５０階）"}],"6051":[{"pref":"東京都","city":"豊島区","town":"東池袋サンシャイン６０（５１階）"}],"6052":[{"pref":"東京都","city":"豊島区","town":"東池袋サンシャイン６０（５２階）"}],"6053":[{"pref":"東京都","city":"豊島区","town":"東池袋サンシャイン６０（５３階）"}],"6054":[{"pref":"東京都","city":"豊島区","town":"東池袋サンシャイン６０（５４階）"}],"6055":[{"pref":"東京都","city":"豊島区","town":"東池袋サンシャイン６０（５５階）"}],"6056":[{"pref":"東京都","city":"豊島区","town":"東池袋サンシャイン６０（５６階）"}],"6057":[{"pref":"東京都","city":"豊島区","town":"東池袋サンシャイン６０（５７階）"}],"6058":[{"pref":"東京都","city":"豊島区","town":"東池袋サンシャイン６０（５８階）"}],"6059":[{"pref":"東京都","city":"豊島区","town":"東池袋サンシャイン６０（５９階）"}],"6060":[{"pref":"東京都","city":"豊島区","town":"東池袋サンシャイン６０（６０階）"}],"6090":[{"pref":"東京都","city":"豊島区","town":"東池袋サンシャイン６０（地階・階層不明）"}],"0000":[{"pref":"東京都","city":"豊島区","town":"以下に掲載がない場合"}],"0014":[{"pref":"東京都","city":"豊島区","town":"池袋（１丁目）"}],"0011":[{"pref":"東京都","city":"豊島区","town":"池袋本町"}],"0012":[{"pref":"東京都","city":"豊島区","town":"上池袋"}],"0004":[{"pref":"東京都","city":"豊島区","town":"北大塚"}],"0003":[{"pref":"東京都","city":"豊島区","town":"駒込"}],"0002":[{"pref":"東京都","city":"豊島区","town":"巣鴨"}],"0001":[{"pref":"東京都","city":"豊島区","town":"西巣鴨"}],"0013":[{"pref":"東京都","city":"豊島区","town":"東池袋（次のビルを除く）"}],"0005":[{"pref":"東京都","city":"豊島区","town":"南大塚"}]}