{"1101":[{"pref":"愛媛県","city":"今治市","town":"関前岡村"}],"1102":[{"pref":"愛媛県","city":"今治市","town":"関前小大下"}],"1103":[{"pref":"愛媛県","city":"今治市","town":"関前大下"}],"1301":[{"pref":"愛媛県","city":"今治市","town":"大三島町肥海"}],"1302":[{"pref":"愛媛県","city":"今治市","town":"大三島町大見"}],"1303":[{"pref":"愛媛県","city":"今治市","town":"大三島町明日"}],"1304":[{"pref":"愛媛県","city":"今治市","town":"大三島町宮浦"}],"1305":[{"pref":"愛媛県","city":"今治市","town":"大三島町台"}],"1306":[{"pref":"愛媛県","city":"今治市","town":"大三島町野々江"}],"1307":[{"pref":"愛媛県","city":"今治市","town":"大三島町口総"}],"1308":[{"pref":"愛媛県","city":"今治市","town":"大三島町浦戸"}],"1309":[{"pref":"愛媛県","city":"今治市","town":"大三島町宗方"}],"1401":[{"pref":"愛媛県","city":"今治市","town":"上浦町盛"}],"1402":[{"pref":"愛媛県","city":"今治市","town":"上浦町井口"}],"1403":[{"pref":"愛媛県","city":"今治市","town":"上浦町甘崎"}],"1404":[{"pref":"愛媛県","city":"今治市","town":"上浦町瀬戸"}],"2101":[{"pref":"愛媛県","city":"今治市","town":"吉海町田浦"}],"2102":[{"pref":"愛媛県","city":"今治市","town":"吉海町泊"}],"2103":[{"pref":"愛媛県","city":"今治市","town":"吉海町福田"}],"2104":[{"pref":"愛媛県","city":"今治市","town":"吉海町仁江"}],"2110":[{"pref":"愛媛県","city":"今治市","town":"吉海町八幡"}],"2111":[{"pref":"愛媛県","city":"今治市","town":"吉海町幸新田"}],"2112":[{"pref":"愛媛県","city":"今治市","town":"吉海町本庄"}],"2113":[{"pref":"愛媛県","city":"今治市","town":"吉海町椋名"}],"2114":[{"pref":"愛媛県","city":"今治市","town":"吉海町名"}],"2115":[{"pref":"愛媛県","city":"今治市","town":"吉海町南浦"}],"2116":[{"pref":"愛媛県","city":"今治市","town":"吉海町名駒"}],"2117":[{"pref":"愛媛県","city":"今治市","town":"吉海町正味"}],"2118":[{"pref":"愛媛県","city":"今治市","town":"吉海町臥間"}],"2119":[{"pref":"愛媛県","city":"今治市","town":"吉海町津島"}],"2201":[{"pref":"愛媛県","city":"今治市","town":"宮窪町早川"}],"2202":[{"pref":"愛媛県","city":"今治市","town":"宮窪町余所国"}],"2203":[{"pref":"愛媛県","city":"今治市","town":"宮窪町宮窪"}],"2204":[{"pref":"愛媛県","city":"今治市","town":"宮窪町友浦"}],"2301":[{"pref":"愛媛県","city":"今治市","town":"伯方町有津"}],"2302":[{"pref":"愛媛県","city":"今治市","town":"伯方町叶浦"}],"2303":[{"pref":"愛媛県","city":"今治市","town":"伯方町伊方"}],"2304":[{"pref":"愛媛県","city":"今治市","town":"伯方町北浦"}],"2305":[{"pref":"愛媛県","city":"今治市","town":"伯方町木浦"}],"2410":[{"pref":"愛媛県","city":"越智郡上島町","town":"岩城"}],"2500":[{"pref":"愛媛県","city":"越智郡上島町","town":"以下に掲載がない場合"}],"2501":[{"pref":"愛媛県","city":"越智郡上島町","town":"弓削久司浦"}],"2502":[{"pref":"愛媛県","city":"越智郡上島町","town":"弓削沢津"}],"2503":[{"pref":"愛媛県","city":"越智郡上島町","town":"弓削上弓削"},{"pref":"愛媛県","city":"越智郡上島町","town":"弓削百貫"}],"2504":[{"pref":"愛媛県","city":"越智郡上島町","town":"弓削引野"}],"2505":[{"pref":"愛媛県","city":"越智郡上島町","town":"弓削明神"}],"2506":[{"pref":"愛媛県","city":"越智郡上島町","town":"弓削下弓削"}],"2507":[{"pref":"愛媛県","city":"越智郡上島町","town":"弓削藤谷"}],"2508":[{"pref":"愛媛県","city":"越智郡上島町","town":"弓削太田"}],"2509":[{"pref":"愛媛県","city":"越智郡上島町","town":"弓削土生"}],"2510":[{"pref":"愛媛県","city":"越智郡上島町","town":"弓削鎌田"}],"2511":[{"pref":"愛媛県","city":"越智郡上島町","town":"弓削日比"}],"2512":[{"pref":"愛媛県","city":"越智郡上島町","town":"弓削狩尾"}],"2513":[{"pref":"愛媛県","city":"越智郡上島町","town":"弓削大谷"}],"2520":[{"pref":"愛媛県","city":"越智郡上島町","town":"弓削佐島"}],"2530":[{"pref":"愛媛県","city":"越智郡上島町","town":"弓削豊島"}],"2540":[{"pref":"愛媛県","city":"越智郡上島町","town":"魚島一番耕地"}],"2541":[{"pref":"愛媛県","city":"越智郡上島町","town":"魚島二番耕地"}],"2542":[{"pref":"愛媛県","city":"越智郡上島町","town":"魚島三番耕地"}],"2550":[{"pref":"愛媛県","city":"越智郡上島町","town":"生名"}],"0000":[{"pref":"愛媛県","city":"今治市","town":"以下に掲載がない場合"}],"0081":[{"pref":"愛媛県","city":"今治市","town":"阿方"}],"0042":[{"pref":"愛媛県","city":"今治市","town":"旭町"}],"0861":[{"pref":"愛媛県","city":"今治市","town":"五十嵐"}],"0085":[{"pref":"愛媛県","city":"今治市","town":"いこいの丘"}],"0006":[{"pref":"愛媛県","city":"今治市","town":"石井町"}],"0824":[{"pref":"愛媛県","city":"今治市","town":"石橋町"}],"0057":[{"pref":"愛媛県","city":"今治市","town":"泉川町"}],"0014":[{"pref":"愛媛県","city":"今治市","town":"今治村（比岐島）"}],"0062":[{"pref":"愛媛県","city":"今治市","town":"馬越町"}],"0061":[{"pref":"愛媛県","city":"今治市","town":"馬越二番耕地"}],"0035":[{"pref":"愛媛県","city":"今治市","town":"枝堀町"}],"0031":[{"pref":"愛媛県","city":"今治市","town":"恵美須町"}],"0084":[{"pref":"愛媛県","city":"今治市","town":"延喜"}],"0005":[{"pref":"愛媛県","city":"今治市","town":"大新田町"}],"0002":[{"pref":"愛媛県","city":"今治市","town":"大浜町"}],"0017":[{"pref":"愛媛県","city":"今治市","town":"風早町"}],"0013":[{"pref":"愛媛県","city":"今治市","town":"片原町"}],"0063":[{"pref":"愛媛県","city":"今治市","town":"片山"}],"0822":[{"pref":"愛媛県","city":"今治市","town":"河南町"}],"0004":[{"pref":"愛媛県","city":"今治市","town":"鐘場町"}],"0074":[{"pref":"愛媛県","city":"今治市","town":"神宮"}],"0804":[{"pref":"愛媛県","city":"今治市","town":"祇園町"}],"0812":[{"pref":"愛媛県","city":"今治市","town":"北高下町"}],"0803":[{"pref":"愛媛県","city":"今治市","town":"北鳥生町"}],"0011":[{"pref":"愛媛県","city":"今治市","town":"北浜町"}],"0054":[{"pref":"愛媛県","city":"今治市","town":"北日吉町"}],"0028":[{"pref":"愛媛県","city":"今治市","town":"北宝来町"}],"0813":[{"pref":"愛媛県","city":"今治市","town":"衣干町"}],"0024":[{"pref":"愛媛県","city":"今治市","town":"共栄町"}],"0044":[{"pref":"愛媛県","city":"今治市","town":"蔵敷町"}],"0069":[{"pref":"愛媛県","city":"今治市","town":"クリエイティブヒルズ"}],"0059":[{"pref":"愛媛県","city":"今治市","town":"鯉池町"}],"0064":[{"pref":"愛媛県","city":"今治市","town":"小泉"}],"0826":[{"pref":"愛媛県","city":"今治市","town":"郷新屋敷町"}],"0823":[{"pref":"愛媛県","city":"今治市","town":"郷本町"}],"0825":[{"pref":"愛媛県","city":"今治市","town":"郷六ケ内町"}],"0805":[{"pref":"愛媛県","city":"今治市","town":"広紹寺町"}],"0051":[{"pref":"愛媛県","city":"今治市","town":"高地町"}],"0037":[{"pref":"愛媛県","city":"今治市","town":"黄金町"}],"0021":[{"pref":"愛媛県","city":"今治市","town":"米屋町"}],"0023":[{"pref":"愛媛県","city":"今治市","town":"栄町"}],"0086":[{"pref":"愛媛県","city":"今治市","town":"しまなみの杜"}],"0087":[{"pref":"愛媛県","city":"今治市","town":"しまなみヒルズ"}],"0038":[{"pref":"愛媛県","city":"今治市","town":"末広町"}],"0001":[{"pref":"愛媛県","city":"今治市","town":"砂場町"}],"0058":[{"pref":"愛媛県","city":"今治市","town":"蒼社町"}],"0025":[{"pref":"愛媛県","city":"今治市","town":"大正町"}],"0066":[{"pref":"愛媛県","city":"今治市","town":"高橋"}],"0067":[{"pref":"愛媛県","city":"今治市","town":"高橋ふれあいの丘"}],"0083":[{"pref":"愛媛県","city":"今治市","town":"宅間"}],"0821":[{"pref":"愛媛県","city":"今治市","town":"立花町"}],"0102":[{"pref":"愛媛県","city":"今治市","town":"玉川町大野"}],"0117":[{"pref":"愛媛県","city":"今治市","town":"玉川町鬼原"}],"0125":[{"pref":"愛媛県","city":"今治市","town":"玉川町葛谷"}],"0107":[{"pref":"愛媛県","city":"今治市","town":"玉川町桂"}],"0122":[{"pref":"愛媛県","city":"今治市","town":"玉川町木地"}],"0115":[{"pref":"愛媛県","city":"今治市","town":"玉川町高野"}],"0112":[{"pref":"愛媛県","city":"今治市","town":"玉川町小鴨部"}],"0101":[{"pref":"愛媛県","city":"今治市","town":"玉川町三反地"}],"0104":[{"pref":"愛媛県","city":"今治市","town":"玉川町摺木"}],"0109":[{"pref":"愛媛県","city":"今治市","town":"玉川町長谷"}],"0111":[{"pref":"愛媛県","city":"今治市","town":"玉川町中村"}],"0106":[{"pref":"愛媛県","city":"今治市","town":"玉川町鍋地"}],"0121":[{"pref":"愛媛県","city":"今治市","town":"玉川町鈍川"}],"0116":[{"pref":"愛媛県","city":"今治市","town":"玉川町畑寺"}],"0113":[{"pref":"愛媛県","city":"今治市","town":"玉川町別所"}],"0103":[{"pref":"愛媛県","city":"今治市","town":"玉川町法界寺"}],"0108":[{"pref":"愛媛県","city":"今治市","town":"玉川町御厩"}],"0114":[{"pref":"愛媛県","city":"今治市","town":"玉川町八幡"}],"0105":[{"pref":"愛媛県","city":"今治市","town":"玉川町與和木"}],"0124":[{"pref":"愛媛県","city":"今治市","town":"玉川町龍岡上"}],"0123":[{"pref":"愛媛県","city":"今治市","town":"玉川町龍岡下"}],"0007":[{"pref":"愛媛県","city":"今治市","town":"近見町"}],"0827":[{"pref":"愛媛県","city":"今治市","town":"辻堂"}],"0815":[{"pref":"愛媛県","city":"今治市","town":"土橋町"}],"0032":[{"pref":"愛媛県","city":"今治市","town":"天保山町"}],"0036":[{"pref":"愛媛県","city":"今治市","town":"通町"}],"0015":[{"pref":"愛媛県","city":"今治市","town":"常盤町"}],"0863":[{"pref":"愛媛県","city":"今治市","town":"徳重"}],"0840":[{"pref":"愛媛県","city":"今治市","town":"中寺"}],"0016":[{"pref":"愛媛県","city":"今治市","town":"中浜町"}],"0055":[{"pref":"愛媛県","city":"今治市","town":"中日吉町"}],"0068":[{"pref":"愛媛県","city":"今治市","town":"にぎわい広場"}],"0850":[{"pref":"愛媛県","city":"今治市","town":"新谷"}],"0082":[{"pref":"愛媛県","city":"今治市","town":"野間"}],"0831":[{"pref":"愛媛県","city":"今治市","town":"八町東"}],"0832":[{"pref":"愛媛県","city":"今治市","town":"八町西"}],"0801":[{"pref":"愛媛県","city":"今治市","town":"東鳥生町"}],"0033":[{"pref":"愛媛県","city":"今治市","town":"東門町"}],"0026":[{"pref":"愛媛県","city":"今治市","town":"別宮町"}],"0065":[{"pref":"愛媛県","city":"今治市","town":"別名"}],"0018":[{"pref":"愛媛県","city":"今治市","town":"本町"}],"0041":[{"pref":"愛媛県","city":"今治市","town":"松本町"}],"0034":[{"pref":"愛媛県","city":"今治市","town":"美須賀町"}],"0003":[{"pref":"愛媛県","city":"今治市","town":"湊町"}],"0811":[{"pref":"愛媛県","city":"今治市","town":"南高下町"}],"0027":[{"pref":"愛媛県","city":"今治市","town":"南大門町"}],"0802":[{"pref":"愛媛県","city":"今治市","town":"南鳥生町"}],"0056":[{"pref":"愛媛県","city":"今治市","town":"南日吉町"}],"0043":[{"pref":"愛媛県","city":"今治市","town":"南宝来町"}],"0012":[{"pref":"愛媛県","city":"今治市","town":"美保町"}],"0052":[{"pref":"愛媛県","city":"今治市","town":"宮下町"}],"0022":[{"pref":"愛媛県","city":"今治市","town":"室屋町"}],"0073":[{"pref":"愛媛県","city":"今治市","town":"矢田"}],"0053":[{"pref":"愛媛県","city":"今治市","town":"山方町"}],"0072":[{"pref":"愛媛県","city":"今治市","town":"山路"}],"0071":[{"pref":"愛媛県","city":"今治市","town":"山路町"}],"0814":[{"pref":"愛媛県","city":"今治市","town":"横田町"}],"0862":[{"pref":"愛媛県","city":"今治市","town":"四村"}]}