{"0000":[{"pref":"埼玉県","city":"深谷市","town":"以下に掲載がない場合"}],"0053":[{"pref":"埼玉県","city":"深谷市","town":"秋元町"}],"0024":[{"pref":"埼玉県","city":"深谷市","town":"明戸"}],"0016":[{"pref":"埼玉県","city":"深谷市","town":"新井"}],"0011":[{"pref":"埼玉県","city":"深谷市","town":"石塚"}],"0836":[{"pref":"埼玉県","city":"深谷市","town":"伊勢方"}],"0026":[{"pref":"埼玉県","city":"深谷市","town":"稲荷町"}],"0028":[{"pref":"埼玉県","city":"深谷市","town":"稲荷町北"}],"0831":[{"pref":"埼玉県","city":"深谷市","town":"内ケ島"}],"0801":[{"pref":"埼玉県","city":"深谷市","town":"上野台"}],"0012":[{"pref":"埼玉県","city":"深谷市","town":"江原"}],"0838":[{"pref":"埼玉県","city":"深谷市","town":"大塚島"}],"0003":[{"pref":"埼玉県","city":"深谷市","town":"大塚"}],"0814":[{"pref":"埼玉県","city":"深谷市","town":"大谷"}],"0837":[{"pref":"埼玉県","city":"深谷市","town":"起会"}],"0812":[{"pref":"埼玉県","city":"深谷市","town":"折之口"}],"0816":[{"pref":"埼玉県","city":"深谷市","town":"樫合"}],"0817":[{"pref":"埼玉県","city":"深谷市","town":"柏合"}],"0051":[{"pref":"埼玉県","city":"深谷市","town":"上柴町東"}],"0052":[{"pref":"埼玉県","city":"深谷市","town":"上柴町西"}],"0004":[{"pref":"埼玉県","city":"深谷市","town":"上手計"}],"0021":[{"pref":"埼玉県","city":"深谷市","town":"上増田"}],"0818":[{"pref":"埼玉県","city":"深谷市","town":"萱場"}],"0008":[{"pref":"埼玉県","city":"深谷市","town":"北阿賀野"}],"0815":[{"pref":"埼玉県","city":"深谷市","town":"櫛引"}],"0033":[{"pref":"埼玉県","city":"深谷市","town":"国済寺"}],"0031":[{"pref":"埼玉県","city":"深谷市","town":"国済寺町"}],"0025":[{"pref":"埼玉県","city":"深谷市","town":"寿町"}],"0813":[{"pref":"埼玉県","city":"深谷市","town":"境"}],"0827":[{"pref":"埼玉県","city":"深谷市","town":"栄町"}],"0802":[{"pref":"埼玉県","city":"深谷市","town":"桜ケ丘"}],"0002":[{"pref":"埼玉県","city":"深谷市","town":"下手計"}],"0810":[{"pref":"埼玉県","city":"深谷市","town":"宿根"}],"0029":[{"pref":"埼玉県","city":"深谷市","town":"上敷免"}],"0019":[{"pref":"埼玉県","city":"深谷市","town":"新戒"}],"0010":[{"pref":"埼玉県","city":"深谷市","town":"高島"}],"0832":[{"pref":"埼玉県","city":"深谷市","town":"高畑"}],"0826":[{"pref":"埼玉県","city":"深谷市","town":"田所町"}],"0821":[{"pref":"埼玉県","city":"深谷市","town":"田谷"}],"0006":[{"pref":"埼玉県","city":"深谷市","town":"血洗島"}],"0027":[{"pref":"埼玉県","city":"深谷市","town":"天神町"}],"0034":[{"pref":"埼玉県","city":"深谷市","town":"常盤町"}],"0833":[{"pref":"埼玉県","city":"深谷市","town":"戸森"}],"0001":[{"pref":"埼玉県","city":"深谷市","town":"中瀬"}],"0822":[{"pref":"埼玉県","city":"深谷市","town":"仲町"}],"0018":[{"pref":"埼玉県","city":"深谷市","town":"成塚"}],"0829":[{"pref":"埼玉県","city":"深谷市","town":"西大沼"}],"0824":[{"pref":"埼玉県","city":"深谷市","town":"西島町（西島）"}],"0017":[{"pref":"埼玉県","city":"深谷市","town":"沼尻"}],"0015":[{"pref":"埼玉県","city":"深谷市","town":"蓮沼"}],"0032":[{"pref":"埼玉県","city":"深谷市","town":"幡羅町"}],"0035":[{"pref":"埼玉県","city":"深谷市","town":"原郷"}],"0828":[{"pref":"埼玉県","city":"深谷市","town":"東大沼"}],"0041":[{"pref":"埼玉県","city":"深谷市","town":"東方"}],"0042":[{"pref":"埼玉県","city":"深谷市","town":"東方町"}],"0811":[{"pref":"埼玉県","city":"深谷市","town":"人見"}],"0825":[{"pref":"埼玉県","city":"深谷市","town":"深谷町"}],"0014":[{"pref":"埼玉県","city":"深谷市","town":"藤野木"}],"0061":[{"pref":"埼玉県","city":"深谷市","town":"二ツ小屋"}],"0013":[{"pref":"埼玉県","city":"深谷市","town":"堀米"}],"0022":[{"pref":"埼玉県","city":"深谷市","town":"本田ケ谷"}],"0062":[{"pref":"埼玉県","city":"深谷市","town":"前小屋"}],"0834":[{"pref":"埼玉県","city":"深谷市","town":"曲田（錦町）"}],"0005":[{"pref":"埼玉県","city":"深谷市","town":"町田"}],"0054":[{"pref":"埼玉県","city":"深谷市","town":"緑ケ丘"}],"0007":[{"pref":"埼玉県","city":"深谷市","town":"南阿賀野"}],"0819":[{"pref":"埼玉県","city":"深谷市","town":"見晴町"}],"0023":[{"pref":"埼玉県","city":"深谷市","town":"宮ケ谷戸"}],"0823":[{"pref":"埼玉県","city":"深谷市","town":"本住町"}],"0839":[{"pref":"埼玉県","city":"深谷市","town":"矢島"}],"0835":[{"pref":"埼玉県","city":"深谷市","town":"谷之"}],"0009":[{"pref":"埼玉県","city":"深谷市","town":"横瀬"}]}