{"1101":[{"pref":"三重県","city":"亀山市","town":"関町坂下"}],"1102":[{"pref":"三重県","city":"亀山市","town":"関町沓掛"}],"1103":[{"pref":"三重県","city":"亀山市","town":"関町市瀬"}],"1104":[{"pref":"三重県","city":"亀山市","town":"関町白木一色"}],"1105":[{"pref":"三重県","city":"亀山市","town":"関町鷲山"}],"1106":[{"pref":"三重県","city":"亀山市","town":"関町会下"}],"1107":[{"pref":"三重県","city":"亀山市","town":"関町木崎"}],"1108":[{"pref":"三重県","city":"亀山市","town":"関町小野"}],"1111":[{"pref":"三重県","city":"亀山市","town":"関町新所"}],"1112":[{"pref":"三重県","city":"亀山市","town":"関町中町"}],"1113":[{"pref":"三重県","city":"亀山市","town":"関町古厩"}],"1114":[{"pref":"三重県","city":"亀山市","town":"関町萩原"}],"1115":[{"pref":"三重県","city":"亀山市","town":"関町福徳"}],"1116":[{"pref":"三重県","city":"亀山市","town":"関町久我"}],"1117":[{"pref":"三重県","city":"亀山市","town":"関町泉ケ丘"}],"1118":[{"pref":"三重県","city":"亀山市","town":"関町富士ハイツ"}],"1119":[{"pref":"三重県","city":"亀山市","town":"関ケ丘"}],"1121":[{"pref":"三重県","city":"亀山市","town":"加太梶ケ坂"}],"1122":[{"pref":"三重県","city":"亀山市","town":"加太市場"}],"1123":[{"pref":"三重県","city":"亀山市","town":"関町金場"}],"1124":[{"pref":"三重県","city":"亀山市","town":"関町越川"}],"1125":[{"pref":"三重県","city":"亀山市","town":"加太向井"}],"1126":[{"pref":"三重県","city":"亀山市","town":"加太神武"}],"1127":[{"pref":"三重県","city":"亀山市","town":"加太中在家"}],"1128":[{"pref":"三重県","city":"亀山市","town":"加太北在家"}],"1129":[{"pref":"三重県","city":"亀山市","town":"加太板屋"}],"1401":[{"pref":"三重県","city":"伊賀市","town":"一ツ家"}],"1402":[{"pref":"三重県","city":"伊賀市","town":"柘植町"}],"1403":[{"pref":"三重県","city":"伊賀市","town":"上村"}],"1404":[{"pref":"三重県","city":"伊賀市","town":"中柘植"}],"1405":[{"pref":"三重県","city":"伊賀市","town":"野村"}],"1406":[{"pref":"三重県","city":"伊賀市","town":"小杉"}],"1411":[{"pref":"三重県","city":"伊賀市","town":"楯岡"}],"1412":[{"pref":"三重県","city":"伊賀市","town":"下柘植"}],"1413":[{"pref":"三重県","city":"伊賀市","town":"愛田"}],"1414":[{"pref":"三重県","city":"伊賀市","town":"御代"}],"1415":[{"pref":"三重県","city":"伊賀市","town":"柏野"}],"1416":[{"pref":"三重県","city":"伊賀市","town":"新堂"}],"1421":[{"pref":"三重県","city":"伊賀市","town":"山畑"}],"1422":[{"pref":"三重県","city":"伊賀市","town":"希望ケ丘東"}],"1423":[{"pref":"三重県","city":"伊賀市","town":"希望ケ丘西"}],"1424":[{"pref":"三重県","city":"伊賀市","town":"川東"}],"1425":[{"pref":"三重県","city":"伊賀市","town":"川西"}],"1426":[{"pref":"三重県","city":"伊賀市","town":"西之澤"}],"1701":[{"pref":"三重県","city":"伊賀市","town":"島ケ原（川南）"}],"1702":[{"pref":"三重県","city":"伊賀市","town":"島ケ原（不見上）"}],"1703":[{"pref":"三重県","city":"伊賀市","town":"島ケ原（山菅）"}],"1704":[{"pref":"三重県","city":"伊賀市","town":"島ケ原（町）"}],"1705":[{"pref":"三重県","city":"伊賀市","town":"島ケ原（中村）"}],"1706":[{"pref":"三重県","city":"伊賀市","town":"島ケ原（奥村）"}],"1707":[{"pref":"三重県","city":"伊賀市","town":"島ケ原（大道）"}],"1708":[{"pref":"三重県","city":"伊賀市","town":"島ケ原（中矢）"}],"1711":[{"pref":"三重県","city":"伊賀市","town":"島ケ原"}],"2100":[{"pref":"三重県","city":"多気郡多気町","town":"以下に掲載がない場合"}],"2141":[{"pref":"三重県","city":"松阪市","town":"上蛸路町"}],"2142":[{"pref":"三重県","city":"松阪市","town":"下蛸路町"}],"2143":[{"pref":"三重県","city":"松阪市","town":"中万町"}],"2144":[{"pref":"三重県","city":"松阪市","town":"八太町"}],"2145":[{"pref":"三重県","city":"松阪市","town":"射和町"}],"2146":[{"pref":"三重県","city":"松阪市","town":"阿波曽町"}],"2147":[{"pref":"三重県","city":"松阪市","town":"庄町"}],"2148":[{"pref":"三重県","city":"松阪市","town":"御麻生薗町"}],"2151":[{"pref":"三重県","city":"多気郡多気町","town":"朝長"}],"2152":[{"pref":"三重県","city":"多気郡多気町","town":"弟国"}],"2153":[{"pref":"三重県","city":"多気郡多気町","town":"河田"}],"2154":[{"pref":"三重県","city":"多気郡多気町","town":"多気"}],"2155":[{"pref":"三重県","city":"多気郡多気町","town":"東池上"}],"2156":[{"pref":"三重県","city":"多気郡多気町","town":"西池上"}],"2157":[{"pref":"三重県","city":"多気郡多気町","town":"五佐奈"}],"2158":[{"pref":"三重県","city":"多気郡多気町","town":"荒蒔"}],"2159":[{"pref":"三重県","city":"多気郡多気町","town":"兄国"}],"2161":[{"pref":"三重県","city":"多気郡多気町","town":"土羽"}],"2162":[{"pref":"三重県","city":"多気郡多気町","town":"笠木"}],"2163":[{"pref":"三重県","city":"多気郡多気町","town":"矢田"}],"2164":[{"pref":"三重県","city":"多気郡多気町","town":"森荘"}],"2165":[{"pref":"三重県","city":"多気郡多気町","town":"田中"}],"2166":[{"pref":"三重県","city":"多気郡多気町","town":"野中"}],"2167":[{"pref":"三重県","city":"多気郡多気町","town":"相鹿瀬"}],"2170":[{"pref":"三重県","city":"多気郡多気町","town":"ヴィソン"}],"2171":[{"pref":"三重県","city":"多気郡多気町","town":"西山"}],"2172":[{"pref":"三重県","city":"多気郡多気町","town":"四神田"}],"2173":[{"pref":"三重県","city":"多気郡多気町","town":"油夫"}],"2174":[{"pref":"三重県","city":"多気郡多気町","town":"五桂"}],"2175":[{"pref":"三重県","city":"多気郡多気町","town":"前村"}],"2176":[{"pref":"三重県","city":"多気郡多気町","town":"長谷"}],"2177":[{"pref":"三重県","city":"多気郡多気町","town":"神坂"}],"2178":[{"pref":"三重県","city":"多気郡多気町","town":"平谷"}],"2179":[{"pref":"三重県","city":"多気郡多気町","town":"仁田"}],"2181":[{"pref":"三重県","city":"多気郡多気町","town":"相可"}],"2182":[{"pref":"三重県","city":"多気郡多気町","town":"相可台"}],"2183":[{"pref":"三重県","city":"多気郡多気町","town":"四疋田"}],"2184":[{"pref":"三重県","city":"多気郡多気町","town":"三疋田"}],"2185":[{"pref":"三重県","city":"多気郡多気町","town":"佐伯中"}],"2186":[{"pref":"三重県","city":"多気郡多気町","town":"井内林"}],"2187":[{"pref":"三重県","city":"多気郡多気町","town":"鍬形"}],"2188":[{"pref":"三重県","city":"多気郡多気町","town":"牧"}],"2189":[{"pref":"三重県","city":"多気郡多気町","town":"津留"}],"2201":[{"pref":"三重県","city":"多気郡多気町","town":"上出江"}],"2202":[{"pref":"三重県","city":"多気郡多気町","town":"下出江"}],"2203":[{"pref":"三重県","city":"多気郡多気町","town":"片野"}],"2204":[{"pref":"三重県","city":"多気郡多気町","town":"波多瀬"}],"2211":[{"pref":"三重県","city":"多気郡多気町","town":"丹生"}],"2212":[{"pref":"三重県","city":"多気郡多気町","town":"色太"}],"2213":[{"pref":"三重県","city":"多気郡多気町","town":"土屋"}],"2214":[{"pref":"三重県","city":"多気郡多気町","town":"車川"}],"2215":[{"pref":"三重県","city":"多気郡多気町","town":"朝柄"}],"2216":[{"pref":"三重県","city":"多気郡多気町","town":"古江"}],"2400":[{"pref":"三重県","city":"多気郡大台町","town":"以下に掲載がない場合"}],"2401":[{"pref":"三重県","city":"多気郡大台町","town":"長ケ"}],"2402":[{"pref":"三重県","city":"多気郡大台町","town":"下三瀬"}],"2403":[{"pref":"三重県","city":"多気郡大台町","town":"上三瀬"}],"2404":[{"pref":"三重県","city":"多気郡大台町","town":"佐原"}],"2405":[{"pref":"三重県","city":"多気郡大台町","town":"弥起井"}],"2411":[{"pref":"三重県","city":"多気郡大台町","town":"上菅"}],"2412":[{"pref":"三重県","city":"多気郡大台町","town":"川合"},{"pref":"三重県","city":"多気郡大台町","town":"下菅"},{"pref":"三重県","city":"多気郡大台町","town":"菅合"},{"pref":"三重県","city":"多気郡大台町","town":"滝広"}],"2413":[{"pref":"三重県","city":"多気郡大台町","town":"大ケ所"}],"2421":[{"pref":"三重県","city":"多気郡大台町","town":"千代"}],"2422":[{"pref":"三重県","city":"多気郡大台町","town":"柳原"}],"2423":[{"pref":"三重県","city":"多気郡大台町","town":"新田"}],"2424":[{"pref":"三重県","city":"多気郡大台町","town":"栃原"}],"2425":[{"pref":"三重県","city":"多気郡大台町","town":"神瀬"}],"2426":[{"pref":"三重県","city":"多気郡大台町","town":"下楠"}],"2427":[{"pref":"三重県","city":"多気郡大台町","town":"上楠"}],"2428":[{"pref":"三重県","city":"多気郡大台町","town":"粟生"}],"2429":[{"pref":"三重県","city":"多気郡大台町","town":"高奈"}],"2501":[{"pref":"三重県","city":"多気郡大台町","town":"下真手"}],"2502":[{"pref":"三重県","city":"多気郡大台町","town":"上真手"}],"2503":[{"pref":"三重県","city":"多気郡大台町","town":"本田木屋"}],"2504":[{"pref":"三重県","city":"多気郡大台町","town":"小切畑"}],"2505":[{"pref":"三重県","city":"多気郡大台町","town":"江馬"}],"2506":[{"pref":"三重県","city":"多気郡大台町","town":"天ケ瀬"}],"2507":[{"pref":"三重県","city":"多気郡大台町","town":"栗谷"}],"2511":[{"pref":"三重県","city":"多気郡大台町","town":"菅木屋"}],"2512":[{"pref":"三重県","city":"多気郡大台町","town":"清滝"}],"2513":[{"pref":"三重県","city":"多気郡大台町","town":"薗"}],"2514":[{"pref":"三重県","city":"多気郡大台町","town":"茂原"}],"2515":[{"pref":"三重県","city":"多気郡大台町","town":"熊内"}],"2516":[{"pref":"三重県","city":"多気郡大台町","town":"唐櫃"}],"2517":[{"pref":"三重県","city":"多気郡大台町","town":"南"}],"2518":[{"pref":"三重県","city":"多気郡大台町","town":"大井"}],"2521":[{"pref":"三重県","city":"多気郡大台町","town":"明豆"}],"2522":[{"pref":"三重県","city":"多気郡大台町","town":"御棟"}],"2523":[{"pref":"三重県","city":"多気郡大台町","town":"小滝"}],"2524":[{"pref":"三重県","city":"多気郡大台町","town":"神滝"}],"2525":[{"pref":"三重県","city":"多気郡大台町","town":"滝谷"}],"2631":[{"pref":"三重県","city":"多気郡大台町","town":"岩井"}],"2632":[{"pref":"三重県","city":"多気郡大台町","town":"桧原"}],"2633":[{"pref":"三重県","city":"多気郡大台町","town":"久豆"}],"2634":[{"pref":"三重県","city":"多気郡大台町","town":"大杉"}],"2700":[{"pref":"三重県","city":"度会郡大紀町","town":"以下に掲載がない場合"}],"2701":[{"pref":"三重県","city":"度会郡大紀町","town":"船木"}],"2702":[{"pref":"三重県","city":"度会郡大紀町","town":"三瀬川"}],"2703":[{"pref":"三重県","city":"度会郡大紀町","town":"滝原"}],"2704":[{"pref":"三重県","city":"度会郡大紀町","town":"阿曽"}],"2731":[{"pref":"三重県","city":"度会郡大紀町","town":"野原"}],"2732":[{"pref":"三重県","city":"度会郡大紀町","town":"野添"}],"2733":[{"pref":"三重県","city":"度会郡大紀町","town":"金輪"}],"2734":[{"pref":"三重県","city":"度会郡大紀町","town":"永会"}],"2735":[{"pref":"三重県","city":"度会郡大紀町","town":"神原"}],"2736":[{"pref":"三重県","city":"度会郡大紀町","town":"打見"}],"2801":[{"pref":"三重県","city":"度会郡大紀町","town":"柏野"}],"2802":[{"pref":"三重県","city":"度会郡大紀町","town":"崎"}],"2911":[{"pref":"三重県","city":"度会郡大紀町","town":"錦"}],"3111":[{"pref":"三重県","city":"度会郡大紀町","town":"大内山"}],"3201":[{"pref":"三重県","city":"北牟婁郡紀北町","town":"十須"}],"3202":[{"pref":"三重県","city":"北牟婁郡紀北町","town":"大原"}],"3203":[{"pref":"三重県","city":"北牟婁郡紀北町","town":"島原"}],"3204":[{"pref":"三重県","city":"北牟婁郡紀北町","town":"東長島"}],"3205":[{"pref":"三重県","city":"北牟婁郡紀北町","town":"長島"}],"3206":[{"pref":"三重県","city":"北牟婁郡紀北町","town":"海野"}],"3207":[{"pref":"三重県","city":"北牟婁郡紀北町","town":"道瀬"}],"3208":[{"pref":"三重県","city":"北牟婁郡紀北町","town":"三浦"}],"3209":[{"pref":"三重県","city":"北牟婁郡紀北町","town":"古里"}],"3400":[{"pref":"三重県","city":"北牟婁郡紀北町","town":"以下に掲載がない場合"}],"3401":[{"pref":"三重県","city":"北牟婁郡紀北町","town":"馬瀬"}],"3402":[{"pref":"三重県","city":"北牟婁郡紀北町","town":"河内"}],"3403":[{"pref":"三重県","city":"北牟婁郡紀北町","town":"上里"}],"3404":[{"pref":"三重県","city":"北牟婁郡紀北町","town":"中里"}],"3405":[{"pref":"三重県","city":"北牟婁郡紀北町","town":"船津"}],"3406":[{"pref":"三重県","city":"北牟婁郡紀北町","town":"相賀"}],"3407":[{"pref":"三重県","city":"北牟婁郡紀北町","town":"小山浦"}],"3408":[{"pref":"三重県","city":"北牟婁郡紀北町","town":"便ノ山"}],"3411":[{"pref":"三重県","city":"北牟婁郡紀北町","town":"白浦"}],"3412":[{"pref":"三重県","city":"北牟婁郡紀北町","town":"島勝浦"}],"3413":[{"pref":"三重県","city":"北牟婁郡紀北町","town":"引本浦"}],"3414":[{"pref":"三重県","city":"北牟婁郡紀北町","town":"小浦"}],"3415":[{"pref":"三重県","city":"北牟婁郡紀北町","town":"矢口浦"}],"3421":[{"pref":"三重県","city":"尾鷲市","town":"須賀利町"}],"3600":[{"pref":"三重県","city":"尾鷲市","town":"以下に掲載がない場合"}],"3601":[{"pref":"三重県","city":"尾鷲市","town":"南浦（天満）"}],"3602":[{"pref":"三重県","city":"尾鷲市","town":"天満浦"}],"3604":[{"pref":"三重県","city":"尾鷲市","town":"港町"}],"3605":[{"pref":"三重県","city":"尾鷲市","town":"中井町"}],"3606":[{"pref":"三重県","city":"尾鷲市","town":"北浦町"}],"3609":[{"pref":"三重県","city":"尾鷲市","town":"北浦東町"}],"3610":[{"pref":"三重県","city":"尾鷲市","town":"北浦西町"}],"3611":[{"pref":"三重県","city":"尾鷲市","town":"朝日町"}],"3612":[{"pref":"三重県","city":"尾鷲市","town":"林町"}],"3613":[{"pref":"三重県","city":"尾鷲市","town":"瀬木山町"},{"pref":"三重県","city":"尾鷲市","town":"南浦（林）"}],"3614":[{"pref":"三重県","city":"尾鷲市","town":"南陽町"}],"3615":[{"pref":"三重県","city":"尾鷲市","town":"中央町"}],"3616":[{"pref":"三重県","city":"尾鷲市","town":"中村町"}],"3617":[{"pref":"三重県","city":"尾鷲市","town":"野地町"}],"3618":[{"pref":"三重県","city":"尾鷲市","town":"栄町"}],"3619":[{"pref":"三重県","city":"尾鷲市","town":"馬越町"}],"3620":[{"pref":"三重県","city":"尾鷲市","town":"座ノ下町"}],"3621":[{"pref":"三重県","city":"尾鷲市","town":"行野浦"}],"3623":[{"pref":"三重県","city":"尾鷲市","town":"大曽根浦"}],"3625":[{"pref":"三重県","city":"尾鷲市","town":"向井"}],"3626":[{"pref":"三重県","city":"尾鷲市","town":"国市松泉町"}],"3634":[{"pref":"三重県","city":"尾鷲市","town":"南浦（矢浜）"}],"3637":[{"pref":"三重県","city":"尾鷲市","town":"光ケ丘"}],"3638":[{"pref":"三重県","city":"尾鷲市","town":"新田町"}],"3639":[{"pref":"三重県","city":"尾鷲市","town":"中川"}],"3640":[{"pref":"三重県","city":"尾鷲市","town":"桂ケ丘"}],"3642":[{"pref":"三重県","city":"尾鷲市","town":"大滝町"}],"3643":[{"pref":"三重県","city":"尾鷲市","town":"南浦（小原野）"}],"3646":[{"pref":"三重県","city":"尾鷲市","town":"泉町"}],"3647":[{"pref":"三重県","city":"尾鷲市","town":"小川西町"}],"3648":[{"pref":"三重県","city":"尾鷲市","town":"小川東町"}],"3651":[{"pref":"三重県","city":"尾鷲市","town":"末広町"}],"3652":[{"pref":"三重県","city":"尾鷲市","town":"古戸町"}],"3653":[{"pref":"三重県","city":"尾鷲市","town":"上野町"}],"3656":[{"pref":"三重県","city":"尾鷲市","town":"南浦（倉ノ谷）"}],"3658":[{"pref":"三重県","city":"尾鷲市","town":"倉ノ谷町"}],"3659":[{"pref":"三重県","city":"尾鷲市","town":"古戸野町"}],"3663":[{"pref":"三重県","city":"尾鷲市","town":"宮ノ上町"}],"3664":[{"pref":"三重県","city":"尾鷲市","town":"坂場町"}],"3666":[{"pref":"三重県","city":"尾鷲市","town":"坂場西町"},{"pref":"三重県","city":"尾鷲市","town":"中井浦（坂場）"}],"3667":[{"pref":"三重県","city":"尾鷲市","town":"南浦（クチスボ）"}],"3671":[{"pref":"三重県","city":"尾鷲市","town":"矢浜（丁目）"}],"3672":[{"pref":"三重県","city":"尾鷲市","town":"矢浜岡崎町"}],"3673":[{"pref":"三重県","city":"尾鷲市","town":"矢浜大道"}],"3674":[{"pref":"三重県","city":"尾鷲市","town":"矢浜真砂"}],"3701":[{"pref":"三重県","city":"尾鷲市","town":"九鬼町"}],"3702":[{"pref":"三重県","city":"尾鷲市","town":"早田町"}],"3811":[{"pref":"三重県","city":"尾鷲市","town":"三木里町"}],"3812":[{"pref":"三重県","city":"尾鷲市","town":"名柄町"}],"3813":[{"pref":"三重県","city":"尾鷲市","town":"小脇町"}],"3814":[{"pref":"三重県","city":"尾鷲市","town":"三木浦町"}],"3921":[{"pref":"三重県","city":"尾鷲市","town":"賀田町"}],"3922":[{"pref":"三重県","city":"尾鷲市","town":"古江町"}],"3923":[{"pref":"三重県","city":"尾鷲市","town":"梶賀町"}],"3924":[{"pref":"三重県","city":"尾鷲市","town":"曽根町"}],"4201":[{"pref":"三重県","city":"熊野市","town":"須野町"}],"4202":[{"pref":"三重県","city":"熊野市","town":"甫母町"}],"4203":[{"pref":"三重県","city":"熊野市","town":"二木島里町"}],"4204":[{"pref":"三重県","city":"熊野市","town":"二木島町"}],"4205":[{"pref":"三重県","city":"熊野市","town":"遊木町"}],"4206":[{"pref":"三重県","city":"熊野市","town":"新鹿町"}],"4207":[{"pref":"三重県","city":"熊野市","town":"波田須町"}],"4300":[{"pref":"三重県","city":"熊野市","town":"以下に掲載がない場合"}],"4321":[{"pref":"三重県","city":"熊野市","town":"磯崎町"}],"4322":[{"pref":"三重県","city":"熊野市","town":"大泊町"}],"4323":[{"pref":"三重県","city":"熊野市","town":"木本町"}],"4324":[{"pref":"三重県","city":"熊野市","town":"井戸町"}],"4325":[{"pref":"三重県","city":"熊野市","town":"有馬町"}],"4326":[{"pref":"三重県","city":"熊野市","town":"久生屋町"}],"4327":[{"pref":"三重県","city":"熊野市","town":"金山町"}],"4441":[{"pref":"三重県","city":"熊野市","town":"神川町花知"}],"4442":[{"pref":"三重県","city":"熊野市","town":"神川町神上"}],"4443":[{"pref":"三重県","city":"熊野市","town":"神川町柳谷"}],"4444":[{"pref":"三重県","city":"熊野市","town":"神川町長原"}],"4445":[{"pref":"三重県","city":"熊野市","town":"育生町粉所"}],"4446":[{"pref":"三重県","city":"熊野市","town":"育生町赤倉"}],"4447":[{"pref":"三重県","city":"熊野市","town":"育生町尾川"}],"4448":[{"pref":"三重県","city":"熊野市","town":"育生町大井"}],"4449":[{"pref":"三重県","city":"熊野市","town":"育生町長井"}],"4561":[{"pref":"三重県","city":"熊野市","town":"飛鳥町大又"}],"4562":[{"pref":"三重県","city":"熊野市","town":"飛鳥町小又"}],"4563":[{"pref":"三重県","city":"熊野市","town":"飛鳥町小阪"}],"4564":[{"pref":"三重県","city":"熊野市","town":"飛鳥町佐渡"}],"4565":[{"pref":"三重県","city":"熊野市","town":"飛鳥町野口"}],"4566":[{"pref":"三重県","city":"熊野市","town":"飛鳥町神山"}],"4671":[{"pref":"三重県","city":"熊野市","town":"五郷町桃崎"}],"4672":[{"pref":"三重県","city":"熊野市","town":"五郷町湯谷"}],"4673":[{"pref":"三重県","city":"熊野市","town":"五郷町寺谷"}],"4674":[{"pref":"三重県","city":"熊野市","town":"五郷町和田"}],"4675":[{"pref":"三重県","city":"熊野市","town":"五郷町大井谷"}],"5200":[{"pref":"三重県","city":"南牟婁郡御浜町","town":"以下に掲載がない場合"}],"5201":[{"pref":"三重県","city":"南牟婁郡御浜町","town":"神木"}],"5202":[{"pref":"三重県","city":"南牟婁郡御浜町","town":"志原"}],"5203":[{"pref":"三重県","city":"南牟婁郡御浜町","town":"下市木"},{"pref":"三重県","city":"南牟婁郡御浜町","town":"萩内"}],"5204":[{"pref":"三重県","city":"南牟婁郡御浜町","town":"阿田和"},{"pref":"三重県","city":"南牟婁郡御浜町","town":"阿田和（平見）"},{"pref":"三重県","city":"南牟婁郡御浜町","town":"山地"}],"5205":[{"pref":"三重県","city":"南牟婁郡御浜町","town":"引作"}],"5206":[{"pref":"三重県","city":"南牟婁郡御浜町","town":"柿原"}],"5211":[{"pref":"三重県","city":"南牟婁郡御浜町","town":"上市木"}],"5321":[{"pref":"三重県","city":"南牟婁郡御浜町","town":"阪本"}],"5322":[{"pref":"三重県","city":"南牟婁郡御浜町","town":"上野"}],"5323":[{"pref":"三重県","city":"南牟婁郡御浜町","town":"西原"}],"5324":[{"pref":"三重県","city":"南牟婁郡御浜町","town":"中立"}],"5325":[{"pref":"三重県","city":"南牟婁郡御浜町","town":"片川"}],"5326":[{"pref":"三重県","city":"南牟婁郡御浜町","town":"栗須"}],"5327":[{"pref":"三重県","city":"南牟婁郡御浜町","town":"川瀬"}],"5401":[{"pref":"三重県","city":"熊野市","town":"紀和町小森"}],"5402":[{"pref":"三重県","city":"熊野市","town":"紀和町平谷"}],"5403":[{"pref":"三重県","city":"熊野市","town":"紀和町長尾"}],"5404":[{"pref":"三重県","city":"熊野市","town":"紀和町赤木"}],"5405":[{"pref":"三重県","city":"熊野市","town":"紀和町丸山"}],"5406":[{"pref":"三重県","city":"熊野市","town":"紀和町矢ノ川"}],"5411":[{"pref":"三重県","city":"熊野市","town":"紀和町木津呂"}],"5412":[{"pref":"三重県","city":"熊野市","town":"紀和町大栗須"}],"5413":[{"pref":"三重県","city":"熊野市","town":"紀和町板屋"}],"5414":[{"pref":"三重県","city":"熊野市","town":"紀和町小栗須"}],"5415":[{"pref":"三重県","city":"熊野市","town":"紀和町大河内"}],"5416":[{"pref":"三重県","city":"熊野市","town":"紀和町湯ノ口"}],"5417":[{"pref":"三重県","city":"熊野市","town":"紀和町小川口"}],"5700":[{"pref":"三重県","city":"南牟婁郡紀宝町","town":"以下に掲載がない場合"}],"5701":[{"pref":"三重県","city":"南牟婁郡紀宝町","town":"鵜殿"}],"5711":[{"pref":"三重県","city":"南牟婁郡紀宝町","town":"井田"}],"5712":[{"pref":"三重県","city":"南牟婁郡紀宝町","town":"神内"}],"5713":[{"pref":"三重県","city":"南牟婁郡紀宝町","town":"成川"}],"5714":[{"pref":"三重県","city":"南牟婁郡紀宝町","town":"鮒田"}],"5715":[{"pref":"三重県","city":"南牟婁郡紀宝町","town":"高岡"}],"5716":[{"pref":"三重県","city":"南牟婁郡紀宝町","town":"北桧杖"}],"5717":[{"pref":"三重県","city":"南牟婁郡紀宝町","town":"瀬原"}],"5718":[{"pref":"三重県","city":"南牟婁郡紀宝町","town":"浅里"}],"5831":[{"pref":"三重県","city":"南牟婁郡紀宝町","town":"桐原"}],"5832":[{"pref":"三重県","city":"南牟婁郡紀宝町","town":"阪松原"}],"5833":[{"pref":"三重県","city":"南牟婁郡紀宝町","town":"平尾井"}],"5834":[{"pref":"三重県","city":"南牟婁郡紀宝町","town":"井内"}],"5835":[{"pref":"三重県","city":"南牟婁郡紀宝町","town":"大里"}],"0501":[{"pref":"三重県","city":"伊勢市","town":"小俣町明野"}],"0507":[{"pref":"三重県","city":"伊勢市","town":"小俣町新村"}],"0502":[{"pref":"三重県","city":"伊勢市","town":"小俣町相合"}],"0505":[{"pref":"三重県","city":"伊勢市","town":"小俣町本町"}],"0504":[{"pref":"三重県","city":"伊勢市","town":"小俣町宮前"}],"0503":[{"pref":"三重県","city":"伊勢市","town":"小俣町元町"}],"0506":[{"pref":"三重県","city":"伊勢市","town":"小俣町湯田"}],"0608":[{"pref":"三重県","city":"伊勢市","town":"二見町今一色"}],"0602":[{"pref":"三重県","city":"伊勢市","town":"二見町江"}],"0606":[{"pref":"三重県","city":"伊勢市","town":"二見町荘"}],"0609":[{"pref":"三重県","city":"伊勢市","town":"二見町茶屋"}],"0607":[{"pref":"三重県","city":"伊勢市","town":"二見町西"}],"0611":[{"pref":"三重県","city":"伊勢市","town":"二見町光の街"}],"0601":[{"pref":"三重県","city":"伊勢市","town":"二見町松下"}],"0605":[{"pref":"三重県","city":"伊勢市","town":"二見町溝口"}],"0603":[{"pref":"三重県","city":"伊勢市","town":"二見町三津"}],"0604":[{"pref":"三重県","city":"伊勢市","town":"二見町山田原"}],"0323":[{"pref":"三重県","city":"鈴鹿市","town":"伊船町"}],"0313":[{"pref":"三重県","city":"鈴鹿市","town":"追分町"}],"0311":[{"pref":"三重県","city":"鈴鹿市","town":"大久保町"}],"0316":[{"pref":"三重県","city":"鈴鹿市","town":"小岐須町"}],"0324":[{"pref":"三重県","city":"鈴鹿市","town":"小社町"}],"0312":[{"pref":"三重県","city":"鈴鹿市","town":"椿一宮町"}],"0314":[{"pref":"三重県","city":"鈴鹿市","town":"長澤町"}],"0271":[{"pref":"三重県","city":"鈴鹿市","town":"西庄内町"}],"0272":[{"pref":"三重県","city":"鈴鹿市","town":"東庄内町"}],"0321":[{"pref":"三重県","city":"鈴鹿市","town":"深溝町"}],"0322":[{"pref":"三重県","city":"鈴鹿市","town":"三畑町"}],"0315":[{"pref":"三重県","city":"鈴鹿市","town":"山本町"}],"0100":[{"pref":"三重県","city":"亀山市","town":"以下に掲載がない場合"}],"0171":[{"pref":"三重県","city":"亀山市","town":"アイリス町"}],"0223":[{"pref":"三重県","city":"亀山市","town":"安坂山町"}],"0143":[{"pref":"三重県","city":"亀山市","town":"安知本町"}],"0137":[{"pref":"三重県","city":"亀山市","town":"阿野田町"}],"0131":[{"pref":"三重県","city":"亀山市","town":"井尻町"}],"0101":[{"pref":"三重県","city":"亀山市","town":"井田川町"}],"0158":[{"pref":"三重県","city":"亀山市","town":"市ケ坂町"}],"0112":[{"pref":"三重県","city":"亀山市","town":"上野町"}],"0121":[{"pref":"三重県","city":"亀山市","town":"江ケ室"}],"0161":[{"pref":"三重県","city":"亀山市","town":"小川町"}],"0167":[{"pref":"三重県","city":"亀山市","town":"小野町"}],"0141":[{"pref":"三重県","city":"亀山市","town":"海本町"}],"0163":[{"pref":"三重県","city":"亀山市","town":"亀田町"}],"0103":[{"pref":"三重県","city":"亀山市","town":"川合町"}],"0211":[{"pref":"三重県","city":"亀山市","town":"川崎町"}],"0115":[{"pref":"三重県","city":"亀山市","town":"北鹿島町"}],"0157":[{"pref":"三重県","city":"亀山市","town":"北野町"}],"0118":[{"pref":"三重県","city":"亀山市","town":"北町"}],"0117":[{"pref":"三重県","city":"亀山市","town":"北山町"}],"0144":[{"pref":"三重県","city":"亀山市","town":"楠平尾町"}],"0148":[{"pref":"三重県","city":"亀山市","town":"木下町"}],"0113":[{"pref":"三重県","city":"亀山市","town":"小下町"}],"0111":[{"pref":"三重県","city":"亀山市","town":"栄町"}],"0123":[{"pref":"三重県","city":"亀山市","town":"渋倉町"}],"0133":[{"pref":"三重県","city":"亀山市","town":"下庄町"}],"0169":[{"pref":"三重県","city":"亀山市","town":"白木町"}],"0132":[{"pref":"三重県","city":"亀山市","town":"菅内町"}],"0162":[{"pref":"三重県","city":"亀山市","town":"住山町"}],"0168":[{"pref":"三重県","city":"亀山市","town":"太岡寺町"}],"0119":[{"pref":"三重県","city":"亀山市","town":"高塚町"}],"0213":[{"pref":"三重県","city":"亀山市","town":"田村町"}],"0136":[{"pref":"三重県","city":"亀山市","town":"田茂町"}],"0214":[{"pref":"三重県","city":"亀山市","town":"長明寺町"}],"0104":[{"pref":"三重県","city":"亀山市","town":"椿世町"}],"0142":[{"pref":"三重県","city":"亀山市","town":"天神"}],"0134":[{"pref":"三重県","city":"亀山市","town":"中庄町"}],"0127":[{"pref":"三重県","city":"亀山市","town":"中屋敷町"}],"0153":[{"pref":"三重県","city":"亀山市","town":"西町"}],"0159":[{"pref":"三重県","city":"亀山市","town":"西丸町"}],"0212":[{"pref":"三重県","city":"亀山市","town":"能褒野町"}],"0165":[{"pref":"三重県","city":"亀山市","town":"野村"}],"0146":[{"pref":"三重県","city":"亀山市","town":"野村町"}],"0164":[{"pref":"三重県","city":"亀山市","town":"羽若町"}],"0122":[{"pref":"三重県","city":"亀山市","town":"東台町"}],"0125":[{"pref":"三重県","city":"亀山市","town":"東町"}],"0126":[{"pref":"三重県","city":"亀山市","town":"東丸町"}],"0124":[{"pref":"三重県","city":"亀山市","town":"東御幸町"}],"0166":[{"pref":"三重県","city":"亀山市","town":"布気町"}],"0222":[{"pref":"三重県","city":"亀山市","town":"両尾町"}],"0215":[{"pref":"三重県","city":"亀山市","town":"太森町"}],"0221":[{"pref":"三重県","city":"亀山市","town":"辺法寺町"}],"0116":[{"pref":"三重県","city":"亀山市","town":"本町"}],"0152":[{"pref":"三重県","city":"亀山市","town":"本丸町"}],"0181":[{"pref":"三重県","city":"亀山市","town":"みずきが丘"}],"0105":[{"pref":"三重県","city":"亀山市","town":"みずほ台"}],"0135":[{"pref":"三重県","city":"亀山市","town":"三寺町"}],"0106":[{"pref":"三重県","city":"亀山市","town":"みどり町"}],"0114":[{"pref":"三重県","city":"亀山市","town":"南鹿島町"}],"0154":[{"pref":"三重県","city":"亀山市","town":"南崎町"}],"0156":[{"pref":"三重県","city":"亀山市","town":"南野町"}],"0155":[{"pref":"三重県","city":"亀山市","town":"御幸町"}],"0147":[{"pref":"三重県","city":"亀山市","town":"山下町"}],"0151":[{"pref":"三重県","city":"亀山市","town":"若山町"}],"0145":[{"pref":"三重県","city":"亀山市","town":"和賀町"}],"0102":[{"pref":"三重県","city":"亀山市","town":"和田町"}],"0400":[{"pref":"三重県","city":"度会郡玉城町","town":"以下に掲載がない場合"}],"0403":[{"pref":"三重県","city":"度会郡玉城町","town":"井倉"}],"0425":[{"pref":"三重県","city":"度会郡玉城町","town":"岩出"}],"0428":[{"pref":"三重県","city":"度会郡玉城町","town":"岡出"}],"0406":[{"pref":"三重県","city":"度会郡玉城町","town":"岡村"}],"0422":[{"pref":"三重県","city":"度会郡玉城町","town":"小社曽根"}],"0433":[{"pref":"三重県","city":"度会郡玉城町","town":"勝田"}],"0431":[{"pref":"三重県","city":"度会郡玉城町","town":"蚊野"}],"0417":[{"pref":"三重県","city":"度会郡玉城町","town":"上田辺"}],"0411":[{"pref":"三重県","city":"度会郡玉城町","town":"久保"}],"0408":[{"pref":"三重県","city":"度会郡玉城町","town":"坂本"}],"0414":[{"pref":"三重県","city":"度会郡玉城町","town":"佐田"}],"0416":[{"pref":"三重県","city":"度会郡玉城町","town":"下田辺"}],"0401":[{"pref":"三重県","city":"度会郡玉城町","town":"世古"}],"0407":[{"pref":"三重県","city":"度会郡玉城町","town":"玉川"}],"0415":[{"pref":"三重県","city":"度会郡玉城町","town":"田丸"}],"0434":[{"pref":"三重県","city":"度会郡玉城町","town":"田宮寺"}],"0412":[{"pref":"三重県","city":"度会郡玉城町","town":"中楽"}],"0437":[{"pref":"三重県","city":"度会郡玉城町","town":"積良"}],"0421":[{"pref":"三重県","city":"度会郡玉城町","town":"冨岡"}],"0426":[{"pref":"三重県","city":"度会郡玉城町","town":"中角"}],"0404":[{"pref":"三重県","city":"度会郡玉城町","town":"長更"}],"0432":[{"pref":"三重県","city":"度会郡玉城町","town":"野篠"}],"0438":[{"pref":"三重県","city":"度会郡玉城町","town":"原"}],"0405":[{"pref":"三重県","city":"度会郡玉城町","town":"日向"}],"0423":[{"pref":"三重県","city":"度会郡玉城町","town":"昼田"}],"0427":[{"pref":"三重県","city":"度会郡玉城町","town":"宮古"}],"0413":[{"pref":"三重県","city":"度会郡玉城町","town":"妙法寺"}],"0402":[{"pref":"三重県","city":"度会郡玉城町","town":"門前"}],"0435":[{"pref":"三重県","city":"度会郡玉城町","town":"矢野"}],"0424":[{"pref":"三重県","city":"度会郡玉城町","town":"山岡"}],"0436":[{"pref":"三重県","city":"度会郡玉城町","town":"山神"}]}