{"0000":[{"pref":"大阪府","city":"摂津市","town":"以下に掲載がない場合"}],"0051":[{"pref":"大阪府","city":"摂津市","town":"安威川南町"}],"0033":[{"pref":"大阪府","city":"摂津市","town":"学園町"}],"0041":[{"pref":"大阪府","city":"摂津市","town":"北別府町"}],"0034":[{"pref":"大阪府","city":"摂津市","town":"香露園"}],"0032":[{"pref":"大阪府","city":"摂津市","town":"桜町"}],"0023":[{"pref":"大阪府","city":"摂津市","town":"正雀"}],"0024":[{"pref":"大阪府","city":"摂津市","town":"正雀本町"}],"0012":[{"pref":"大阪府","city":"摂津市","town":"庄屋"}],"0031":[{"pref":"大阪府","city":"摂津市","town":"昭和園"}],"0055":[{"pref":"大阪府","city":"摂津市","town":"新在家"}],"0001":[{"pref":"大阪府","city":"摂津市","town":"千里丘"}],"0002":[{"pref":"大阪府","city":"摂津市","town":"千里丘新町"}],"0011":[{"pref":"大阪府","city":"摂津市","town":"千里丘東"}],"0035":[{"pref":"大阪府","city":"摂津市","town":"鶴野"}],"0062":[{"pref":"大阪府","city":"摂津市","town":"鳥飼上"}],"0064":[{"pref":"大阪府","city":"摂津市","town":"鳥飼中"}],"0071":[{"pref":"大阪府","city":"摂津市","town":"鳥飼下"}],"0065":[{"pref":"大阪府","city":"摂津市","town":"鳥飼新町"}],"0053":[{"pref":"大阪府","city":"摂津市","town":"鳥飼野々"}],"0054":[{"pref":"大阪府","city":"摂津市","town":"鳥飼八防"}],"0061":[{"pref":"大阪府","city":"摂津市","town":"鳥飼八町"}],"0052":[{"pref":"大阪府","city":"摂津市","town":"鳥飼本町"}],"0063":[{"pref":"大阪府","city":"摂津市","town":"鳥飼銘木町"}],"0073":[{"pref":"大阪府","city":"摂津市","town":"鳥飼和道"}],"0072":[{"pref":"大阪府","city":"摂津市","town":"鳥飼西"}],"0044":[{"pref":"大阪府","city":"摂津市","town":"西一津屋"}],"0047":[{"pref":"大阪府","city":"摂津市","town":"浜町"}],"0013":[{"pref":"大阪府","city":"摂津市","town":"阪急正雀"}],"0025":[{"pref":"大阪府","city":"摂津市","town":"東正雀"}],"0074":[{"pref":"大阪府","city":"摂津市","town":"東一津屋"}],"0042":[{"pref":"大阪府","city":"摂津市","town":"東別府"}],"0043":[{"pref":"大阪府","city":"摂津市","town":"一津屋"}],"0046":[{"pref":"大阪府","city":"摂津市","town":"別府"}],"0022":[{"pref":"大阪府","city":"摂津市","town":"三島"}],"0021":[{"pref":"大阪府","city":"摂津市","town":"南千里丘"}],"0045":[{"pref":"大阪府","city":"摂津市","town":"南別府町"}]}