{"1111":[{"pref":"山形県","city":"西置賜郡飯豊町","town":"手ノ子"}],"1112":[{"pref":"山形県","city":"西置賜郡飯豊町","town":"高峰"}],"1113":[{"pref":"山形県","city":"西置賜郡飯豊町","town":"小白川"}],"1201":[{"pref":"山形県","city":"西置賜郡小国町","town":"沼沢"}],"1202":[{"pref":"山形県","city":"西置賜郡小国町","town":"白子沢"}],"1203":[{"pref":"山形県","city":"西置賜郡小国町","town":"市野々"}],"1211":[{"pref":"山形県","city":"西置賜郡小国町","town":"叶水"}],"1212":[{"pref":"山形県","city":"西置賜郡小国町","town":"大石沢"}],"1213":[{"pref":"山形県","city":"西置賜郡小国町","town":"新股"}],"1214":[{"pref":"山形県","city":"西置賜郡小国町","town":"河原角"}],"1215":[{"pref":"山形県","city":"西置賜郡小国町","town":"西滝"}],"1216":[{"pref":"山形県","city":"西置賜郡小国町","town":"東滝"}],"1300":[{"pref":"山形県","city":"西置賜郡小国町","town":"以下に掲載がない場合"}],"1301":[{"pref":"山形県","city":"西置賜郡小国町","town":"金目"}],"1302":[{"pref":"山形県","city":"西置賜郡小国町","town":"古田"}],"1303":[{"pref":"山形県","city":"西置賜郡小国町","town":"若山"}],"1311":[{"pref":"山形県","city":"西置賜郡小国町","town":"貝少"}],"1312":[{"pref":"山形県","city":"西置賜郡小国町","town":"小渡"}],"1313":[{"pref":"山形県","city":"西置賜郡小国町","town":"針生"}],"1314":[{"pref":"山形県","city":"西置賜郡小国町","town":"新屋敷"}],"1321":[{"pref":"山形県","city":"西置賜郡小国町","town":"綱木箱口"}],"1322":[{"pref":"山形県","city":"西置賜郡小国町","town":"伊佐領"}],"1323":[{"pref":"山形県","city":"西置賜郡小国町","town":"朝篠"}],"1324":[{"pref":"山形県","city":"西置賜郡小国町","town":"松岡"}],"1331":[{"pref":"山形県","city":"西置賜郡小国町","town":"東原"}],"1332":[{"pref":"山形県","city":"西置賜郡小国町","town":"町原"}],"1333":[{"pref":"山形県","city":"西置賜郡小国町","town":"芹出"}],"1334":[{"pref":"山形県","city":"西置賜郡小国町","town":"黒沢"}],"1335":[{"pref":"山形県","city":"西置賜郡小国町","town":"種沢"}],"1336":[{"pref":"山形県","city":"西置賜郡小国町","town":"大滝"}],"1337":[{"pref":"山形県","city":"西置賜郡小国町","town":"新原"}],"1338":[{"pref":"山形県","city":"西置賜郡小国町","town":"杉沢"}],"1339":[{"pref":"山形県","city":"西置賜郡小国町","town":"小倉"}],"1341":[{"pref":"山形県","city":"西置賜郡小国町","town":"増岡"}],"1342":[{"pref":"山形県","city":"西置賜郡小国町","town":"大宮"}],"1343":[{"pref":"山形県","city":"西置賜郡小国町","town":"宮の台"}],"1344":[{"pref":"山形県","city":"西置賜郡小国町","town":"田沢頭"}],"1345":[{"pref":"山形県","city":"西置賜郡小国町","town":"北"}],"1346":[{"pref":"山形県","city":"西置賜郡小国町","town":"湯ノ花"}],"1351":[{"pref":"山形県","city":"西置賜郡小国町","town":"小国町"}],"1352":[{"pref":"山形県","city":"西置賜郡小国町","town":"岩井沢"}],"1353":[{"pref":"山形県","city":"西置賜郡小国町","town":"兵庫舘"}],"1354":[{"pref":"山形県","city":"西置賜郡小国町","town":"幸町"}],"1355":[{"pref":"山形県","city":"西置賜郡小国町","town":"西"}],"1356":[{"pref":"山形県","city":"西置賜郡小国町","town":"あけぼの"}],"1361":[{"pref":"山形県","city":"西置賜郡小国町","town":"栄町"}],"1362":[{"pref":"山形県","city":"西置賜郡小国町","town":"緑町"}],"1363":[{"pref":"山形県","city":"西置賜郡小国町","town":"小国小坂町"}],"1401":[{"pref":"山形県","city":"西置賜郡小国町","town":"舟渡"}],"1402":[{"pref":"山形県","city":"西置賜郡小国町","town":"網代瀬"}],"1411":[{"pref":"山形県","city":"西置賜郡小国町","town":"松崎"}],"1412":[{"pref":"山形県","city":"西置賜郡小国町","town":"尻無沢"}],"1413":[{"pref":"山形県","city":"西置賜郡小国町","town":"今市"}],"1414":[{"pref":"山形県","city":"西置賜郡小国町","town":"栃倉"}],"1421":[{"pref":"山形県","city":"西置賜郡小国町","town":"越中里"}],"1422":[{"pref":"山形県","city":"西置賜郡小国町","town":"長沢"}],"1431":[{"pref":"山形県","city":"西置賜郡小国町","town":"焼山"}],"1432":[{"pref":"山形県","city":"西置賜郡小国町","town":"中島"}],"1433":[{"pref":"山形県","city":"西置賜郡小国町","town":"樋ノ沢"}],"1434":[{"pref":"山形県","city":"西置賜郡小国町","town":"荒沢"}],"1435":[{"pref":"山形県","city":"西置賜郡小国町","town":"入折戸"}],"1436":[{"pref":"山形県","city":"西置賜郡小国町","town":"折戸"}],"1441":[{"pref":"山形県","city":"西置賜郡小国町","town":"驚"}],"1442":[{"pref":"山形県","city":"西置賜郡小国町","town":"太鼓沢"}],"1443":[{"pref":"山形県","city":"西置賜郡小国町","town":"小股"}],"1451":[{"pref":"山形県","city":"西置賜郡小国町","town":"石滝"}],"1452":[{"pref":"山形県","city":"西置賜郡小国町","town":"五味沢"}],"1501":[{"pref":"山形県","city":"西置賜郡小国町","town":"樽口"}],"1502":[{"pref":"山形県","city":"西置賜郡小国町","town":"滝倉"}],"1503":[{"pref":"山形県","city":"西置賜郡小国町","town":"菅沼"}],"1504":[{"pref":"山形県","city":"西置賜郡小国町","town":"足水中里"}],"1505":[{"pref":"山形県","city":"西置賜郡小国町","town":"百子沢"}],"1506":[{"pref":"山形県","city":"西置賜郡小国町","town":"市野沢"}],"1507":[{"pref":"山形県","city":"西置賜郡小国町","town":"足野水"}],"1511":[{"pref":"山形県","city":"西置賜郡小国町","town":"玉川"}],"1512":[{"pref":"山形県","city":"西置賜郡小国町","town":"片貝"}],"1513":[{"pref":"山形県","city":"西置賜郡小国町","town":"中田山崎"}],"1514":[{"pref":"山形県","city":"西置賜郡小国町","town":"玉川中里"}],"1521":[{"pref":"山形県","city":"西置賜郡小国町","town":"泉岡"}],"1522":[{"pref":"山形県","city":"西置賜郡小国町","town":"小玉川"}],"2171":[{"pref":"山形県","city":"東置賜郡高畠町","town":"石岡"}],"2172":[{"pref":"山形県","city":"東置賜郡高畠町","town":"夏茂"}],"2173":[{"pref":"山形県","city":"東置賜郡高畠町","town":"山崎"}],"2174":[{"pref":"山形県","city":"東置賜郡高畠町","town":"福沢"}],"2175":[{"pref":"山形県","city":"東置賜郡高畠町","town":"福沢南"}],"2176":[{"pref":"山形県","city":"東置賜郡高畠町","town":"糠野目"}],"2177":[{"pref":"山形県","city":"東置賜郡高畠町","town":"小其塚"}],"2178":[{"pref":"山形県","city":"東置賜郡高畠町","town":"上平柳"}],"2179":[{"pref":"山形県","city":"東置賜郡高畠町","town":"蛇口"}],"2200":[{"pref":"山形県","city":"南陽市","town":"以下に掲載がない場合"}],"2201":[{"pref":"山形県","city":"南陽市","town":"釜渡戸"}],"2202":[{"pref":"山形県","city":"南陽市","town":"元中山"}],"2203":[{"pref":"山形県","city":"南陽市","town":"小岩沢"}],"2204":[{"pref":"山形県","city":"南陽市","town":"川樋"}],"2205":[{"pref":"山形県","city":"南陽市","town":"新田"}],"2211":[{"pref":"山形県","city":"南陽市","town":"赤湯"}],"2212":[{"pref":"山形県","city":"南陽市","town":"金沢"}],"2213":[{"pref":"山形県","city":"南陽市","town":"松沢"}],"2221":[{"pref":"山形県","city":"南陽市","town":"椚塚"}],"2222":[{"pref":"山形県","city":"南陽市","town":"長岡"}],"2223":[{"pref":"山形県","city":"南陽市","town":"俎柳"}],"2224":[{"pref":"山形県","city":"南陽市","town":"大橋"}],"2231":[{"pref":"山形県","city":"南陽市","town":"二色根"}],"2232":[{"pref":"山形県","city":"南陽市","town":"三間通"}],"2233":[{"pref":"山形県","city":"南陽市","town":"上野"}],"2234":[{"pref":"山形県","city":"南陽市","town":"中央東"}],"2241":[{"pref":"山形県","city":"南陽市","town":"郡山"}],"2242":[{"pref":"山形県","city":"南陽市","town":"中ノ目"}],"2243":[{"pref":"山形県","city":"南陽市","town":"鍋田"}],"2244":[{"pref":"山形県","city":"南陽市","town":"島貫"}],"2251":[{"pref":"山形県","city":"南陽市","town":"高梨"}],"2252":[{"pref":"山形県","city":"南陽市","town":"沖田"}],"2253":[{"pref":"山形県","city":"南陽市","town":"宮崎"}],"2254":[{"pref":"山形県","city":"南陽市","town":"露橋"}],"2255":[{"pref":"山形県","city":"南陽市","town":"関根"}],"2256":[{"pref":"山形県","city":"南陽市","town":"坂井"}],"2261":[{"pref":"山形県","city":"南陽市","town":"蒲生田"}],"2262":[{"pref":"山形県","city":"南陽市","town":"若狭郷屋"}],"2263":[{"pref":"山形県","city":"南陽市","town":"萩生田"}],"2264":[{"pref":"山形県","city":"南陽市","town":"中落合"}],"2265":[{"pref":"山形県","city":"南陽市","town":"西落合"}],"2266":[{"pref":"山形県","city":"南陽市","town":"長瀞"}],"2267":[{"pref":"山形県","city":"南陽市","town":"法師柳"}],"3100":[{"pref":"山形県","city":"上山市","town":"以下に掲載がない場合"}],"3101":[{"pref":"山形県","city":"上山市","town":"金瓶"}],"3102":[{"pref":"山形県","city":"上山市","town":"新金谷"}],"3103":[{"pref":"山形県","city":"上山市","town":"金谷"}],"3104":[{"pref":"山形県","city":"上山市","town":"蔵王の森"}],"3105":[{"pref":"山形県","city":"上山市","town":"泉川"}],"3106":[{"pref":"山形県","city":"上山市","town":"旭町"}],"3107":[{"pref":"山形県","city":"上山市","town":"みはらしの丘"}],"3111":[{"pref":"山形県","city":"上山市","town":"権現堂"}],"3112":[{"pref":"山形県","city":"上山市","town":"小倉"}],"3113":[{"pref":"山形県","city":"上山市","town":"蔵王"}],"3114":[{"pref":"山形県","city":"上山市","town":"永野"}],"3115":[{"pref":"山形県","city":"上山市","town":"高野"}],"3121":[{"pref":"山形県","city":"上山市","town":"東町"}],"3122":[{"pref":"山形県","city":"上山市","town":"仙石"}],"3123":[{"pref":"山形県","city":"上山市","town":"美咲町"}],"3124":[{"pref":"山形県","city":"上山市","town":"金生"}],"3125":[{"pref":"山形県","city":"上山市","town":"金生東"}],"3126":[{"pref":"山形県","city":"上山市","town":"金生西"}],"3131":[{"pref":"山形県","city":"上山市","town":"北町"}],"3132":[{"pref":"山形県","city":"上山市","town":"栄町"}],"3133":[{"pref":"山形県","city":"上山市","town":"八日町"}],"3134":[{"pref":"山形県","city":"上山市","town":"矢来"}],"3135":[{"pref":"山形県","city":"上山市","town":"南町"}],"3141":[{"pref":"山形県","city":"上山市","town":"新湯"}],"3142":[{"pref":"山形県","city":"上山市","town":"沢丁"}],"3143":[{"pref":"山形県","city":"上山市","town":"二日町"}],"3144":[{"pref":"山形県","city":"上山市","town":"石崎"}],"3145":[{"pref":"山形県","city":"上山市","town":"河崎"}],"3146":[{"pref":"山形県","city":"上山市","town":"松山"}],"3151":[{"pref":"山形県","city":"上山市","town":"北町本丁"}],"3152":[{"pref":"山形県","city":"上山市","town":"新丁"}],"3153":[{"pref":"山形県","city":"上山市","town":"十日町"}],"3154":[{"pref":"山形県","city":"上山市","town":"元城内"}],"3155":[{"pref":"山形県","city":"上山市","town":"鶴脛町"}],"3156":[{"pref":"山形県","city":"上山市","town":"湯町"}],"3157":[{"pref":"山形県","city":"上山市","town":"御井戸丁"}],"3158":[{"pref":"山形県","city":"上山市","town":"新町"}],"3161":[{"pref":"山形県","city":"上山市","town":"弁天"}],"3162":[{"pref":"山形県","city":"上山市","town":"四ツ谷"}],"3163":[{"pref":"山形県","city":"上山市","town":"軽井沢"}],"3164":[{"pref":"山形県","city":"上山市","town":"朝日台"}],"3165":[{"pref":"山形県","city":"上山市","town":"裏町"}],"3166":[{"pref":"山形県","city":"上山市","town":"久保手"}],"3167":[{"pref":"山形県","city":"上山市","town":"大石"}],"3171":[{"pref":"山形県","city":"上山市","town":"狸森"}],"3172":[{"pref":"山形県","city":"上山市","town":"小白府"}],"3201":[{"pref":"山形県","city":"上山市","town":"宮脇"}],"3202":[{"pref":"山形県","city":"上山市","town":"下生居"}],"3203":[{"pref":"山形県","city":"上山市","town":"中生居"}],"3204":[{"pref":"山形県","city":"上山市","town":"上生居"}],"3211":[{"pref":"山形県","city":"上山市","town":"牧野"}],"3212":[{"pref":"山形県","city":"上山市","town":"原口"}],"3213":[{"pref":"山形県","city":"上山市","town":"須田板"}],"3214":[{"pref":"山形県","city":"上山市","town":"小笹"}],"3215":[{"pref":"山形県","city":"上山市","town":"久保川"}],"3216":[{"pref":"山形県","city":"上山市","town":"大門"}],"3217":[{"pref":"山形県","city":"上山市","town":"菖蒲"}],"3221":[{"pref":"山形県","city":"上山市","town":"関根"}],"3222":[{"pref":"山形県","city":"上山市","town":"相生"}],"3223":[{"pref":"山形県","city":"上山市","town":"三上"}],"3224":[{"pref":"山形県","city":"上山市","town":"皆沢"}],"3225":[{"pref":"山形県","city":"上山市","town":"楢下"}],"3226":[{"pref":"山形県","city":"上山市","town":"金山"}],"3231":[{"pref":"山形県","city":"上山市","town":"石堂"}],"3232":[{"pref":"山形県","city":"上山市","town":"長清水"}],"3233":[{"pref":"山形県","city":"上山市","town":"三本松"}],"3234":[{"pref":"山形県","city":"上山市","town":"藤吾"}],"3235":[{"pref":"山形県","city":"上山市","town":"阿弥陀地"}],"3236":[{"pref":"山形県","city":"上山市","town":"細谷"}],"3237":[{"pref":"山形県","city":"上山市","town":"小穴"}],"3241":[{"pref":"山形県","city":"上山市","town":"けやきの森"}],"3242":[{"pref":"山形県","city":"上山市","town":"葉山"}],"3243":[{"pref":"山形県","city":"上山市","town":"高松"}],"3244":[{"pref":"山形県","city":"上山市","town":"石曽根"}],"3245":[{"pref":"山形県","city":"上山市","town":"川口"}],"3246":[{"pref":"山形県","city":"上山市","town":"中山"}],"3301":[{"pref":"山形県","city":"山形市","town":"山寺"}],"3500":[{"pref":"山形県","city":"西村山郡河北町","town":"以下に掲載がない場合"}],"3501":[{"pref":"山形県","city":"西村山郡河北町","town":"新吉田"}],"3502":[{"pref":"山形県","city":"西村山郡河北町","town":"吉田"}],"3503":[{"pref":"山形県","city":"西村山郡河北町","town":"岩木"}],"3511":[{"pref":"山形県","city":"西村山郡河北町","town":"谷地"}],"3512":[{"pref":"山形県","city":"西村山郡河北町","town":"谷地中央"}],"3513":[{"pref":"山形県","city":"西村山郡河北町","town":"谷地所岡"}],"3514":[{"pref":"山形県","city":"西村山郡河北町","town":"谷地ひな市"}],"3515":[{"pref":"山形県","city":"西村山郡河北町","town":"谷地荒町東"}],"3521":[{"pref":"山形県","city":"西村山郡河北町","town":"田井"}],"3522":[{"pref":"山形県","city":"西村山郡河北町","town":"溝延"}],"3531":[{"pref":"山形県","city":"西村山郡河北町","town":"畑中"}],"3532":[{"pref":"山形県","city":"西村山郡河北町","town":"造山"}],"3533":[{"pref":"山形県","city":"西村山郡河北町","town":"西里"}],"3700":[{"pref":"山形県","city":"東根市","town":"以下に掲載がない場合"}],"3701":[{"pref":"山形県","city":"東根市","town":"東根甲"}],"3702":[{"pref":"山形県","city":"東根市","town":"温泉町"}],"3703":[{"pref":"山形県","city":"東根市","town":"鷺ノ森"}],"3704":[{"pref":"山形県","city":"東根市","town":"東根丙"}],"3705":[{"pref":"山形県","city":"東根市","town":"宮崎"}],"3706":[{"pref":"山形県","city":"東根市","town":"三日町"}],"3707":[{"pref":"山形県","city":"東根市","town":"新田町"}],"3708":[{"pref":"山形県","city":"東根市","town":"下川原"}],"3709":[{"pref":"山形県","city":"東根市","town":"六田"}],"3710":[{"pref":"山形県","city":"東根市","town":"小林"}],"3711":[{"pref":"山形県","city":"東根市","town":"中央"}],"3712":[{"pref":"山形県","city":"東根市","town":"大森"}],"3713":[{"pref":"山形県","city":"東根市","town":"東根丁"}],"3714":[{"pref":"山形県","city":"東根市","town":"大林"}],"3715":[{"pref":"山形県","city":"東根市","town":"大林新田"}],"3716":[{"pref":"山形県","city":"東根市","town":"蟹沢"}],"3717":[{"pref":"山形県","city":"東根市","town":"一本木"}],"3718":[{"pref":"山形県","city":"東根市","town":"四ツ家"}],"3719":[{"pref":"山形県","city":"東根市","town":"中央西"}],"3720":[{"pref":"山形県","city":"東根市","town":"さくらんぼ駅前"}],"3721":[{"pref":"山形県","city":"東根市","town":"東根乙"}],"3722":[{"pref":"山形県","city":"東根市","town":"泉郷"}],"3723":[{"pref":"山形県","city":"東根市","town":"観音寺"}],"3724":[{"pref":"山形県","city":"東根市","town":"関山"}],"3725":[{"pref":"山形県","city":"東根市","town":"沼沢"}],"3726":[{"pref":"山形県","city":"東根市","town":"猪野沢"}],"3727":[{"pref":"山形県","city":"東根市","town":"野川"}],"3728":[{"pref":"山形県","city":"東根市","town":"太田新田"}],"3729":[{"pref":"山形県","city":"東根市","town":"中央東"}],"3730":[{"pref":"山形県","city":"東根市","town":"中央南"}],"3731":[{"pref":"山形県","city":"東根市","town":"神町営団大通り"}],"3732":[{"pref":"山形県","city":"東根市","town":"神町営団中通り"}],"3733":[{"pref":"山形県","city":"東根市","town":"神町営団三条通り"}],"3734":[{"pref":"山形県","city":"東根市","town":"神町営団二条通り"}],"3735":[{"pref":"山形県","city":"東根市","town":"神町営団一条通り"}],"3736":[{"pref":"山形県","city":"東根市","town":"神町営団南通り"}],"3737":[{"pref":"山形県","city":"東根市","town":"若木"}],"3738":[{"pref":"山形県","city":"東根市","town":"若木大通り"}],"3741":[{"pref":"山形県","city":"東根市","town":"中島東通り"}],"3742":[{"pref":"山形県","city":"東根市","town":"中島通り"}],"3743":[{"pref":"山形県","city":"東根市","town":"中島新田"}],"3744":[{"pref":"山形県","city":"東根市","town":"板垣北通り"}],"3745":[{"pref":"山形県","city":"東根市","town":"板垣中通り"}],"3746":[{"pref":"山形県","city":"東根市","town":"板垣新田"}],"3747":[{"pref":"山形県","city":"東根市","town":"板垣大通り"}],"3748":[{"pref":"山形県","city":"東根市","town":"板垣西小路"}],"3749":[{"pref":"山形県","city":"東根市","town":"板垣北小路"}],"3751":[{"pref":"山形県","city":"東根市","town":"若木通り"}],"3752":[{"pref":"山形県","city":"東根市","town":"若木五条通り"}],"3753":[{"pref":"山形県","city":"東根市","town":"若木四条通り"}],"3754":[{"pref":"山形県","city":"東根市","town":"若木三条通り"}],"3755":[{"pref":"山形県","city":"東根市","town":"若木二条通り"}],"3756":[{"pref":"山形県","city":"東根市","town":"若木一条通り"}],"3757":[{"pref":"山形県","city":"東根市","town":"若木小路"}],"3761":[{"pref":"山形県","city":"東根市","town":"神町"}],"3762":[{"pref":"山形県","city":"東根市","town":"神町北"}],"3763":[{"pref":"山形県","city":"東根市","town":"神町中央"}],"3764":[{"pref":"山形県","city":"東根市","town":"神町東"}],"3765":[{"pref":"山形県","city":"東根市","town":"神町南"}],"3766":[{"pref":"山形県","city":"東根市","town":"神町西"}],"3770":[{"pref":"山形県","city":"東根市","town":"柏原"}],"3771":[{"pref":"山形県","city":"東根市","town":"長瀞"}],"3772":[{"pref":"山形県","city":"東根市","town":"松沢"}],"3773":[{"pref":"山形県","city":"東根市","town":"島大堀"}],"3774":[{"pref":"山形県","city":"東根市","town":"郡山"}],"3775":[{"pref":"山形県","city":"東根市","town":"野田"}],"3776":[{"pref":"山形県","city":"東根市","town":"羽入"}],"3777":[{"pref":"山形県","city":"東根市","town":"荷口"}],"3778":[{"pref":"山形県","city":"東根市","town":"藤助新田"}],"3779":[{"pref":"山形県","city":"東根市","town":"羽入東"}],"3781":[{"pref":"山形県","city":"東根市","town":"本丸北"}],"3782":[{"pref":"山形県","city":"東根市","town":"本丸東"}],"3783":[{"pref":"山形県","city":"東根市","town":"本丸南"}],"3784":[{"pref":"山形県","city":"東根市","town":"本町"}],"3785":[{"pref":"山形県","city":"東根市","town":"本丸西"}],"3786":[{"pref":"山形県","city":"東根市","town":"鷺の宿"}],"3787":[{"pref":"山形県","city":"東根市","town":"白水"}],"4100":[{"pref":"山形県","city":"北村山郡大石田町","town":"以下に掲載がない場合"}],"4101":[{"pref":"山形県","city":"北村山郡大石田町","town":"鷹巣（その他）"}],"4102":[{"pref":"山形県","city":"北村山郡大石田町","town":"海谷"}],"4103":[{"pref":"山形県","city":"北村山郡大石田町","town":"岩ケ袋"}],"4111":[{"pref":"山形県","city":"北村山郡大石田町","town":"大石田"}],"4112":[{"pref":"山形県","city":"北村山郡大石田町","town":"緑町"}],"4113":[{"pref":"山形県","city":"北村山郡大石田町","town":"今宿"}],"4114":[{"pref":"山形県","city":"北村山郡大石田町","town":"四日町"}],"4115":[{"pref":"山形県","city":"北村山郡大石田町","town":"桂木町"}],"4116":[{"pref":"山形県","city":"北村山郡大石田町","town":"駅前通り"}],"4121":[{"pref":"山形県","city":"北村山郡大石田町","town":"横山"}],"4122":[{"pref":"山形県","city":"北村山郡大石田町","town":"田沢"}],"4131":[{"pref":"山形県","city":"北村山郡大石田町","town":"大浦"}],"4132":[{"pref":"山形県","city":"北村山郡大石田町","town":"駒籠"}],"4133":[{"pref":"山形県","city":"北村山郡大石田町","town":"川前"}],"4134":[{"pref":"山形県","city":"北村山郡大石田町","town":"豊田"}],"4141":[{"pref":"山形県","city":"北村山郡大石田町","town":"次年子"}],"4200":[{"pref":"山形県","city":"尾花沢市","town":"以下に掲載がない場合"}],"4201":[{"pref":"山形県","city":"尾花沢市","town":"高橋"}],"4202":[{"pref":"山形県","city":"尾花沢市","town":"行沢"}],"4203":[{"pref":"山形県","city":"尾花沢市","town":"中島"}],"4204":[{"pref":"山形県","city":"尾花沢市","town":"上ノ畑（１７５－８）"}],"4205":[{"pref":"山形県","city":"尾花沢市","town":"押切"}],"4206":[{"pref":"山形県","city":"尾花沢市","town":"富山"}],"4207":[{"pref":"山形県","city":"尾花沢市","town":"岩谷沢"}],"4208":[{"pref":"山形県","city":"尾花沢市","town":"市野々"}],"4211":[{"pref":"山形県","city":"尾花沢市","town":"正厳"}],"4212":[{"pref":"山形県","city":"尾花沢市","town":"二藤袋"}],"4213":[{"pref":"山形県","city":"尾花沢市","town":"丹生"}],"4214":[{"pref":"山形県","city":"尾花沢市","town":"牛房野"}],"4221":[{"pref":"山形県","city":"尾花沢市","town":"尾花沢"}],"4222":[{"pref":"山形県","city":"尾花沢市","town":"朧気"}],"4223":[{"pref":"山形県","city":"尾花沢市","town":"五十沢"}],"4224":[{"pref":"山形県","city":"尾花沢市","town":"新町"}],"4225":[{"pref":"山形県","city":"尾花沢市","town":"若葉町"}],"4226":[{"pref":"山形県","city":"尾花沢市","town":"新町中央"}],"4227":[{"pref":"山形県","city":"尾花沢市","town":"中町"}],"4228":[{"pref":"山形県","city":"尾花沢市","town":"上町"}],"4229":[{"pref":"山形県","city":"尾花沢市","town":"横町"}],"4231":[{"pref":"山形県","city":"尾花沢市","town":"北町"}],"4232":[{"pref":"山形県","city":"尾花沢市","town":"梺町"}],"4304":[{"pref":"山形県","city":"尾花沢市","town":"上ノ畑（その他）"}],"4331":[{"pref":"山形県","city":"尾花沢市","town":"母袋"}],"4332":[{"pref":"山形県","city":"尾花沢市","town":"上柳渡戸"}],"4333":[{"pref":"山形県","city":"尾花沢市","town":"銀山新畑"}],"4334":[{"pref":"山形県","city":"尾花沢市","town":"下柳渡戸"}],"4335":[{"pref":"山形県","city":"尾花沢市","town":"原田"}],"4336":[{"pref":"山形県","city":"尾花沢市","town":"北郷"}],"4337":[{"pref":"山形県","city":"尾花沢市","town":"鶴巻田"}],"4441":[{"pref":"山形県","city":"尾花沢市","town":"延沢"}],"4442":[{"pref":"山形県","city":"尾花沢市","town":"六沢"}],"4443":[{"pref":"山形県","city":"尾花沢市","town":"鶴子"}],"4444":[{"pref":"山形県","city":"尾花沢市","town":"細野"}],"4445":[{"pref":"山形県","city":"尾花沢市","town":"畑沢"}],"4551":[{"pref":"山形県","city":"尾花沢市","town":"寺内"}],"4552":[{"pref":"山形県","city":"尾花沢市","town":"荻袋"}],"4553":[{"pref":"山形県","city":"尾花沢市","town":"野黒沢"}],"4554":[{"pref":"山形県","city":"尾花沢市","town":"芦沢"},{"pref":"山形県","city":"北村山郡大石田町","town":"鷹巣（岡草山）"}],"4555":[{"pref":"山形県","city":"尾花沢市","town":"毒沢"}],"4556":[{"pref":"山形県","city":"尾花沢市","town":"名木沢"}],"4557":[{"pref":"山形県","city":"尾花沢市","town":"南沢"}],"4600":[{"pref":"山形県","city":"最上郡舟形町","town":"以下に掲載がない場合"}],"4601":[{"pref":"山形県","city":"最上郡舟形町","town":"舟形"}],"4602":[{"pref":"山形県","city":"最上郡舟形町","town":"長者原"}],"4603":[{"pref":"山形県","city":"最上郡舟形町","town":"富田"}],"4604":[{"pref":"山形県","city":"最上郡舟形町","town":"堀内"}],"4605":[{"pref":"山形県","city":"最上郡舟形町","town":"長沢"}],"5101":[{"pref":"山形県","city":"新庄市","town":"昭和"}],"5102":[{"pref":"山形県","city":"新庄市","town":"萩野"}],"5103":[{"pref":"山形県","city":"新庄市","town":"泉田"}],"5191":[{"pref":"山形県","city":"新庄市","town":"十日町（猫屋敷３２９～３５６）"}],"5200":[{"pref":"山形県","city":"最上郡鮭川村","town":"以下に掲載がない場合"}],"5201":[{"pref":"山形県","city":"最上郡鮭川村","town":"京塚"}],"5202":[{"pref":"山形県","city":"最上郡鮭川村","town":"佐渡"}],"5203":[{"pref":"山形県","city":"最上郡鮭川村","town":"川口"}],"5204":[{"pref":"山形県","city":"最上郡鮭川村","town":"向居"}],"5205":[{"pref":"山形県","city":"最上郡鮭川村","town":"中渡"}],"5206":[{"pref":"山形県","city":"最上郡鮭川村","town":"曲川"}],"5207":[{"pref":"山形県","city":"最上郡鮭川村","town":"庭月"}],"5208":[{"pref":"山形県","city":"最上郡鮭川村","town":"石名坂"}],"5300":[{"pref":"山形県","city":"最上郡真室川町","town":"以下に掲載がない場合"}],"5301":[{"pref":"山形県","city":"最上郡真室川町","town":"川ノ内（その他）"}],"5311":[{"pref":"山形県","city":"最上郡真室川町","town":"平岡"}],"5312":[{"pref":"山形県","city":"最上郡真室川町","town":"新町"}],"5313":[{"pref":"山形県","city":"最上郡真室川町","town":"内町"}],"5314":[{"pref":"山形県","city":"最上郡真室川町","town":"木ノ下"}],"5400":[{"pref":"山形県","city":"最上郡金山町","town":"以下に掲載がない場合"}],"5401":[{"pref":"山形県","city":"最上郡金山町","town":"有屋"}],"5402":[{"pref":"山形県","city":"最上郡金山町","town":"金山"}],"5403":[{"pref":"山形県","city":"最上郡金山町","town":"安沢"}],"5404":[{"pref":"山形県","city":"最上郡金山町","town":"下野明"}],"5405":[{"pref":"山形県","city":"最上郡金山町","town":"上台"}],"5406":[{"pref":"山形県","city":"最上郡金山町","town":"山崎"}],"5411":[{"pref":"山形県","city":"最上郡金山町","town":"中田"}],"5412":[{"pref":"山形県","city":"最上郡金山町","town":"飛森"}],"5413":[{"pref":"山形県","city":"最上郡金山町","town":"谷口銀山"}],"5414":[{"pref":"山形県","city":"最上郡金山町","town":"漆野"}],"5415":[{"pref":"山形県","city":"最上郡金山町","town":"朴山"}],"5521":[{"pref":"山形県","city":"最上郡真室川町","town":"大沢"}],"5522":[{"pref":"山形県","city":"最上郡真室川町","town":"差首鍋"}],"5601":[{"pref":"山形県","city":"最上郡真室川町","town":"川ノ内（２～１２８番地、４１９～６１４番地、１７１７番地、三滝、春木）"}],"5602":[{"pref":"山形県","city":"最上郡真室川町","town":"及位"}],"5603":[{"pref":"山形県","city":"最上郡真室川町","town":"大滝"}],"5604":[{"pref":"山形県","city":"最上郡真室川町","town":"釜渕"}],"6100":[{"pref":"山形県","city":"最上郡最上町","town":"以下に掲載がない場合"}],"6101":[{"pref":"山形県","city":"最上郡最上町","town":"向町"}],"6102":[{"pref":"山形県","city":"最上郡最上町","town":"東法田"}],"6103":[{"pref":"山形県","city":"最上郡最上町","town":"黒澤"}],"6104":[{"pref":"山形県","city":"最上郡最上町","town":"本城"}],"6105":[{"pref":"山形県","city":"最上郡最上町","town":"富澤"}],"6106":[{"pref":"山形県","city":"最上郡最上町","town":"堺田"}],"6107":[{"pref":"山形県","city":"最上郡最上町","town":"満澤"}],"6211":[{"pref":"山形県","city":"最上郡最上町","town":"大堀"},{"pref":"山形県","city":"最上郡最上町","town":"瀬見"}],"6212":[{"pref":"山形県","city":"最上郡最上町","town":"志茂"}],"6213":[{"pref":"山形県","city":"最上郡最上町","town":"法田"}],"6214":[{"pref":"山形県","city":"最上郡最上町","town":"若宮"}],"6215":[{"pref":"山形県","city":"最上郡最上町","town":"月楯"}],"6311":[{"pref":"山形県","city":"最上郡戸沢村","town":"津谷"}],"6312":[{"pref":"山形県","city":"最上郡戸沢村","town":"岩清水"}],"6313":[{"pref":"山形県","city":"最上郡戸沢村","town":"名高"}],"6314":[{"pref":"山形県","city":"最上郡戸沢村","town":"松坂"}],"6315":[{"pref":"山形県","city":"最上郡戸沢村","town":"神田"}],"6400":[{"pref":"山形県","city":"最上郡戸沢村","town":"以下に掲載がない場合"}],"6401":[{"pref":"山形県","city":"最上郡戸沢村","town":"古口（その他）"}],"6402":[{"pref":"山形県","city":"最上郡戸沢村","town":"蔵岡"}],"6403":[{"pref":"山形県","city":"最上郡戸沢村","town":"角川"}],"6601":[{"pref":"山形県","city":"東田川郡庄内町","town":"狩川"}],"6602":[{"pref":"山形県","city":"東田川郡庄内町","town":"三ケ沢"}],"6603":[{"pref":"山形県","city":"東田川郡庄内町","town":"添津"}],"6604":[{"pref":"山形県","city":"東田川郡庄内町","town":"千本杉"}],"6605":[{"pref":"山形県","city":"東田川郡庄内町","town":"桑田"}],"6606":[{"pref":"山形県","city":"東田川郡庄内町","town":"清川"}],"6607":[{"pref":"山形県","city":"東田川郡庄内町","town":"肝煎"}],"6608":[{"pref":"山形県","city":"東田川郡庄内町","town":"科沢"}],"6609":[{"pref":"山形県","city":"東田川郡庄内町","town":"立谷沢"}],"6652":[{"pref":"山形県","city":"鶴岡市","town":"添川（渡戸沢「筍沢温泉」）"}],"6701":[{"pref":"山形県","city":"酒田市","town":"砂越"}],"6702":[{"pref":"山形県","city":"酒田市","town":"砂越緑町"}],"6703":[{"pref":"山形県","city":"酒田市","town":"天神堂"}],"6704":[{"pref":"山形県","city":"酒田市","town":"石橋"}],"6705":[{"pref":"山形県","city":"酒田市","town":"桜林"}],"6706":[{"pref":"山形県","city":"酒田市","town":"桜林興野"}],"6707":[{"pref":"山形県","city":"酒田市","town":"郡山"}],"6708":[{"pref":"山形県","city":"酒田市","town":"泉興野"}],"6711":[{"pref":"山形県","city":"酒田市","town":"飛鳥"}],"6712":[{"pref":"山形県","city":"酒田市","town":"楢橋"}],"6721":[{"pref":"山形県","city":"酒田市","town":"堀野内"}],"6722":[{"pref":"山形県","city":"酒田市","town":"中野目"}],"6723":[{"pref":"山形県","city":"酒田市","town":"三之宮"}],"6724":[{"pref":"山形県","city":"酒田市","town":"山楯"}],"6725":[{"pref":"山形県","city":"酒田市","town":"山谷新田"}],"6726":[{"pref":"山形県","city":"酒田市","town":"山谷"}],"6727":[{"pref":"山形県","city":"酒田市","town":"中野俣"}],"6731":[{"pref":"山形県","city":"酒田市","town":"田沢"}],"6732":[{"pref":"山形県","city":"酒田市","town":"楯山"}],"6733":[{"pref":"山形県","city":"酒田市","town":"西坂本"}],"6734":[{"pref":"山形県","city":"酒田市","town":"山元"}],"6735":[{"pref":"山形県","city":"酒田市","town":"小林"}],"6741":[{"pref":"山形県","city":"酒田市","town":"北俣"}],"6801":[{"pref":"山形県","city":"最上郡戸沢村","town":"古口（柏沢）"}],"6811":[{"pref":"山形県","city":"酒田市","town":"柏谷沢"}],"6812":[{"pref":"山形県","city":"酒田市","town":"成興野"}],"6813":[{"pref":"山形県","city":"酒田市","town":"大川渡"}],"6814":[{"pref":"山形県","city":"酒田市","town":"地見興屋"}],"6815":[{"pref":"山形県","city":"酒田市","town":"臼ケ沢"}],"6816":[{"pref":"山形県","city":"酒田市","town":"大沼新田"}],"6821":[{"pref":"山形県","city":"酒田市","town":"山寺"}],"6822":[{"pref":"山形県","city":"酒田市","town":"南新屋敷"}],"6823":[{"pref":"山形県","city":"酒田市","town":"真学寺沢"}],"6824":[{"pref":"山形県","city":"酒田市","town":"元新屋敷"}],"6825":[{"pref":"山形県","city":"酒田市","town":"南町"}],"6826":[{"pref":"山形県","city":"酒田市","town":"稲荷沢"}],"6827":[{"pref":"山形県","city":"酒田市","town":"仲町"}],"6831":[{"pref":"山形県","city":"酒田市","town":"内町"},{"pref":"山形県","city":"酒田市","town":"総光寺沢"}],"6832":[{"pref":"山形県","city":"酒田市","town":"新屋敷"}],"6833":[{"pref":"山形県","city":"酒田市","town":"北町"}],"6834":[{"pref":"山形県","city":"酒田市","town":"荒町"}],"6835":[{"pref":"山形県","city":"酒田市","town":"蔵小路"},{"pref":"山形県","city":"酒田市","town":"本町"}],"6836":[{"pref":"山形県","city":"酒田市","town":"肴町"}],"6837":[{"pref":"山形県","city":"酒田市","town":"金谷"},{"pref":"山形県","city":"酒田市","town":"新町"}],"6838":[{"pref":"山形県","city":"酒田市","town":"片町"}],"6839":[{"pref":"山形県","city":"酒田市","town":"土渕"}],"6841":[{"pref":"山形県","city":"酒田市","town":"茗ケ沢"}],"6842":[{"pref":"山形県","city":"酒田市","town":"上餅山"}],"6843":[{"pref":"山形県","city":"酒田市","town":"上北目"}],"6844":[{"pref":"山形県","city":"酒田市","town":"中北目"}],"6845":[{"pref":"山形県","city":"酒田市","town":"小見"}],"6846":[{"pref":"山形県","city":"酒田市","town":"下餅山"}],"6847":[{"pref":"山形県","city":"酒田市","town":"引地"}],"6848":[{"pref":"山形県","city":"酒田市","town":"竹田"}],"6851":[{"pref":"山形県","city":"酒田市","town":"中牧田"}],"6852":[{"pref":"山形県","city":"酒田市","town":"相沢"}],"6853":[{"pref":"山形県","city":"酒田市","town":"石名坂"}],"6861":[{"pref":"山形県","city":"酒田市","town":"山田"}],"6862":[{"pref":"山形県","city":"酒田市","town":"西田"}],"7121":[{"pref":"山形県","city":"鶴岡市","town":"早田"}],"7122":[{"pref":"山形県","city":"鶴岡市","town":"小岩川"}],"7123":[{"pref":"山形県","city":"鶴岡市","town":"大岩川"}],"7124":[{"pref":"山形県","city":"鶴岡市","town":"槇代"}],"7125":[{"pref":"山形県","city":"鶴岡市","town":"小名部"}],"7126":[{"pref":"山形県","city":"鶴岡市","town":"鼠ケ関"}],"7201":[{"pref":"山形県","city":"鶴岡市","town":"山五十川"}],"7202":[{"pref":"山形県","city":"鶴岡市","town":"戸沢"}],"7203":[{"pref":"山形県","city":"鶴岡市","town":"一霞"}],"7204":[{"pref":"山形県","city":"鶴岡市","town":"湯温海"}],"7205":[{"pref":"山形県","city":"鶴岡市","town":"温海"}],"7206":[{"pref":"山形県","city":"鶴岡市","town":"小菅野代"}],"7207":[{"pref":"山形県","city":"鶴岡市","town":"五十川"}],"7311":[{"pref":"山形県","city":"鶴岡市","town":"菅野代"}],"7312":[{"pref":"山形県","city":"鶴岡市","town":"温海川"}],"7313":[{"pref":"山形県","city":"鶴岡市","town":"木野俣"}],"7314":[{"pref":"山形県","city":"鶴岡市","town":"越沢"}],"7315":[{"pref":"山形県","city":"鶴岡市","town":"関川"}],"7316":[{"pref":"山形県","city":"鶴岡市","town":"小国"}],"7461":[{"pref":"山形県","city":"鶴岡市","town":"堅苔沢"}],"7462":[{"pref":"山形県","city":"鶴岡市","town":"小波渡"}],"7463":[{"pref":"山形県","city":"鶴岡市","town":"三瀬"}],"7464":[{"pref":"山形県","city":"鶴岡市","town":"由良"}],"7541":[{"pref":"山形県","city":"鶴岡市","town":"西目"}],"7542":[{"pref":"山形県","city":"鶴岡市","town":"水沢"}],"7543":[{"pref":"山形県","city":"鶴岡市","town":"大広"}],"7544":[{"pref":"山形県","city":"鶴岡市","town":"中山"}],"7545":[{"pref":"山形県","city":"鶴岡市","town":"矢引"}],"7546":[{"pref":"山形県","city":"鶴岡市","town":"中沢"}],"7547":[{"pref":"山形県","city":"鶴岡市","town":"大荒"}],"7548":[{"pref":"山形県","city":"鶴岡市","town":"みずほ"}],"7601":[{"pref":"山形県","city":"鶴岡市","town":"藤島"}],"7602":[{"pref":"山形県","city":"鶴岡市","town":"藤の花"}],"7604":[{"pref":"山形県","city":"鶴岡市","town":"藤浪"}],"7611":[{"pref":"山形県","city":"鶴岡市","town":"上藤島"}],"7621":[{"pref":"山形県","city":"鶴岡市","town":"長沼"}],"7622":[{"pref":"山形県","city":"鶴岡市","town":"豊栄"}],"7631":[{"pref":"山形県","city":"鶴岡市","town":"八色木"}],"7632":[{"pref":"山形県","city":"鶴岡市","town":"小中島"}],"7633":[{"pref":"山形県","city":"鶴岡市","town":"須走"}],"7634":[{"pref":"山形県","city":"鶴岡市","town":"三和"}],"7635":[{"pref":"山形県","city":"鶴岡市","town":"越後京田"}],"7636":[{"pref":"山形県","city":"鶴岡市","town":"野田目"}],"7637":[{"pref":"山形県","city":"鶴岡市","town":"下中野目"}],"7638":[{"pref":"山形県","city":"鶴岡市","town":"藤岡"}],"7641":[{"pref":"山形県","city":"鶴岡市","town":"楪"}],"7642":[{"pref":"山形県","city":"鶴岡市","town":"藤島関根"}],"7643":[{"pref":"山形県","city":"鶴岡市","town":"無音"}],"7644":[{"pref":"山形県","city":"鶴岡市","town":"川尻"}],"7645":[{"pref":"山形県","city":"鶴岡市","town":"平足"}],"7646":[{"pref":"山形県","city":"鶴岡市","town":"工藤"}],"7651":[{"pref":"山形県","city":"鶴岡市","town":"鷺畑"}],"7652":[{"pref":"山形県","city":"鶴岡市","town":"添川（その他）"}],"7653":[{"pref":"山形県","city":"鶴岡市","town":"東堀越"}],"7661":[{"pref":"山形県","city":"鶴岡市","town":"大川渡"}],"7662":[{"pref":"山形県","city":"鶴岡市","town":"谷地興屋"}],"7663":[{"pref":"山形県","city":"鶴岡市","town":"蛸井興屋"}],"7664":[{"pref":"山形県","city":"鶴岡市","town":"上中野目"}],"7671":[{"pref":"山形県","city":"鶴岡市","town":"古郡"}],"7672":[{"pref":"山形県","city":"鶴岡市","town":"柳久瀬"}],"7673":[{"pref":"山形県","city":"鶴岡市","town":"荒俣"}],"7674":[{"pref":"山形県","city":"鶴岡市","town":"箕升新田"}],"7675":[{"pref":"山形県","city":"鶴岡市","town":"宝徳"}],"7676":[{"pref":"山形県","city":"鶴岡市","town":"幕野内"}],"7677":[{"pref":"山形県","city":"鶴岡市","town":"大半田"}],"7681":[{"pref":"山形県","city":"鶴岡市","town":"平形"}],"7682":[{"pref":"山形県","city":"鶴岡市","town":"新屋敷"}],"7683":[{"pref":"山形県","city":"鶴岡市","town":"渡前"}],"7684":[{"pref":"山形県","city":"鶴岡市","town":"和名川"}],"7685":[{"pref":"山形県","city":"鶴岡市","town":"砂塚"}],"7700":[{"pref":"山形県","city":"東田川郡庄内町","town":"以下に掲載がない場合"}],"7701":[{"pref":"山形県","city":"東田川郡庄内町","town":"跡"}],"7702":[{"pref":"山形県","city":"東田川郡庄内町","town":"榎木"}],"7703":[{"pref":"山形県","city":"東田川郡庄内町","town":"平岡"}],"7704":[{"pref":"山形県","city":"東田川郡庄内町","town":"千河原"}],"7705":[{"pref":"山形県","city":"東田川郡庄内町","town":"槇島"}],"7706":[{"pref":"山形県","city":"東田川郡庄内町","town":"提興屋"}],"7707":[{"pref":"山形県","city":"東田川郡庄内町","town":"廿六木"}],"7711":[{"pref":"山形県","city":"東田川郡庄内町","town":"福原"}],"7712":[{"pref":"山形県","city":"東田川郡庄内町","town":"堀野"}],"7713":[{"pref":"山形県","city":"東田川郡庄内町","town":"常万"}],"7714":[{"pref":"山形県","city":"東田川郡庄内町","town":"余目新田"}],"7715":[{"pref":"山形県","city":"東田川郡庄内町","town":"廻館"}],"7721":[{"pref":"山形県","city":"東田川郡庄内町","town":"堤新田"}],"7722":[{"pref":"山形県","city":"東田川郡庄内町","town":"小出新田"}],"7723":[{"pref":"山形県","city":"東田川郡庄内町","town":"連枝"}],"7724":[{"pref":"山形県","city":"東田川郡庄内町","town":"赤渕新田"}],"7725":[{"pref":"山形県","city":"東田川郡庄内町","town":"沢新田"}],"7726":[{"pref":"山形県","city":"東田川郡庄内町","town":"古関"}],"7727":[{"pref":"山形県","city":"東田川郡庄内町","town":"南野"}],"7731":[{"pref":"山形県","city":"東田川郡庄内町","town":"主殿新田"}],"7732":[{"pref":"山形県","city":"東田川郡庄内町","town":"南野新田"}],"7733":[{"pref":"山形県","city":"東田川郡庄内町","town":"南興屋"}],"7734":[{"pref":"山形県","city":"東田川郡庄内町","town":"中野"}],"7735":[{"pref":"山形県","city":"東田川郡庄内町","town":"前田野目"}],"7736":[{"pref":"山形県","city":"東田川郡庄内町","town":"福島"}],"7737":[{"pref":"山形県","city":"東田川郡庄内町","town":"大真木"}],"7741":[{"pref":"山形県","city":"東田川郡庄内町","town":"返吉"}],"7742":[{"pref":"山形県","city":"東田川郡庄内町","town":"京島"}],"7743":[{"pref":"山形県","city":"東田川郡庄内町","town":"新田目"}],"7744":[{"pref":"山形県","city":"東田川郡庄内町","town":"本小野方"}],"7745":[{"pref":"山形県","city":"東田川郡庄内町","town":"境興屋"}],"7746":[{"pref":"山形県","city":"東田川郡庄内町","town":"西袋"}],"7747":[{"pref":"山形県","city":"東田川郡庄内町","town":"大野"}],"7748":[{"pref":"山形県","city":"東田川郡庄内町","town":"田谷"}],"7749":[{"pref":"山形県","city":"東田川郡庄内町","town":"吉方"}],"7751":[{"pref":"山形県","city":"東田川郡庄内町","town":"西小野方"}],"7752":[{"pref":"山形県","city":"東田川郡庄内町","town":"近江新田"}],"7753":[{"pref":"山形県","city":"東田川郡庄内町","town":"吉岡"}],"7754":[{"pref":"山形県","city":"東田川郡庄内町","town":"島田"}],"7755":[{"pref":"山形県","city":"東田川郡庄内町","town":"生三"}],"7756":[{"pref":"山形県","city":"東田川郡庄内町","town":"茗荷瀬"}],"7757":[{"pref":"山形県","city":"東田川郡庄内町","town":"払田"}],"7761":[{"pref":"山形県","city":"東田川郡庄内町","town":"高田麦"}],"7762":[{"pref":"山形県","city":"東田川郡庄内町","town":"家根合"}],"7763":[{"pref":"山形県","city":"東田川郡庄内町","town":"落合"}],"7764":[{"pref":"山形県","city":"東田川郡庄内町","town":"宮曽根"}],"7765":[{"pref":"山形県","city":"東田川郡庄内町","town":"杉浦"}],"7766":[{"pref":"山形県","city":"東田川郡庄内町","town":"久田"}],"7767":[{"pref":"山形県","city":"東田川郡庄内町","town":"深川"}],"7768":[{"pref":"山形県","city":"東田川郡庄内町","town":"西野"}],"7771":[{"pref":"山形県","city":"酒田市","town":"局"}],"7772":[{"pref":"山形県","city":"酒田市","town":"門田"}],"7773":[{"pref":"山形県","city":"酒田市","town":"木川"}],"7774":[{"pref":"山形県","city":"酒田市","town":"板戸"}],"7775":[{"pref":"山形県","city":"酒田市","town":"落野目"}],"7776":[{"pref":"山形県","city":"酒田市","town":"新堀"}],"7777":[{"pref":"山形県","city":"酒田市","town":"丸沼"}],"7781":[{"pref":"山形県","city":"東田川郡庄内町","town":"余目"}],"7782":[{"pref":"山形県","city":"東田川郡庄内町","town":"松陽"}],"8131":[{"pref":"山形県","city":"酒田市","town":"穂積（門田）"}],"8132":[{"pref":"山形県","city":"酒田市","town":"刈屋"}],"8133":[{"pref":"山形県","city":"酒田市","town":"大豊田"}],"8134":[{"pref":"山形県","city":"酒田市","town":"本楯"}],"8141":[{"pref":"山形県","city":"酒田市","town":"豊原"}],"8142":[{"pref":"山形県","city":"酒田市","town":"城輪"}],"8143":[{"pref":"山形県","city":"酒田市","town":"刈穂"}],"8144":[{"pref":"山形県","city":"酒田市","town":"庭田"}],"8145":[{"pref":"山形県","city":"酒田市","town":"保岡"}],"8151":[{"pref":"山形県","city":"酒田市","town":"安田"}],"8152":[{"pref":"山形県","city":"酒田市","town":"上安田"}],"8153":[{"pref":"山形県","city":"酒田市","town":"円能寺"}],"8154":[{"pref":"山形県","city":"酒田市","town":"古青渡"}],"8155":[{"pref":"山形県","city":"酒田市","town":"曽根田"}],"8156":[{"pref":"山形県","city":"酒田市","town":"久保田"}],"8157":[{"pref":"山形県","city":"酒田市","town":"新青渡"}],"8158":[{"pref":"山形県","city":"酒田市","town":"布目"}],"8161":[{"pref":"山形県","city":"酒田市","town":"吉田"}],"8162":[{"pref":"山形県","city":"酒田市","town":"上野曽根"}],"8163":[{"pref":"山形県","city":"酒田市","town":"上興野"}],"8164":[{"pref":"山形県","city":"酒田市","town":"漆曽根"}],"8165":[{"pref":"山形県","city":"酒田市","town":"中野曽根"}],"8166":[{"pref":"山形県","city":"酒田市","town":"牧曽根"}],"8167":[{"pref":"山形県","city":"酒田市","town":"吉田新田"}],"8168":[{"pref":"山形県","city":"酒田市","town":"鶴田"}],"8201":[{"pref":"山形県","city":"酒田市","town":"升田"}],"8202":[{"pref":"山形県","city":"酒田市","town":"泥沢"}],"8203":[{"pref":"山形県","city":"酒田市","town":"赤剥"}],"8204":[{"pref":"山形県","city":"酒田市","town":"新出"}],"8205":[{"pref":"山形県","city":"酒田市","town":"下黒川"}],"8206":[{"pref":"山形県","city":"酒田市","town":"上黒川"}],"8207":[{"pref":"山形県","city":"酒田市","town":"草津"}],"8211":[{"pref":"山形県","city":"酒田市","town":"北青沢"}],"8212":[{"pref":"山形県","city":"酒田市","town":"上青沢"}],"8213":[{"pref":"山形県","city":"酒田市","town":"下青沢"}],"8214":[{"pref":"山形県","city":"酒田市","town":"常禅寺"}],"8215":[{"pref":"山形県","city":"酒田市","town":"大蕨"}],"8221":[{"pref":"山形県","city":"酒田市","town":"寺田"}],"8222":[{"pref":"山形県","city":"酒田市","town":"北平沢"}],"8223":[{"pref":"山形県","city":"酒田市","town":"南平沢"}],"8224":[{"pref":"山形県","city":"酒田市","town":"前川"}],"8225":[{"pref":"山形県","city":"酒田市","town":"大島田"}],"8226":[{"pref":"山形県","city":"酒田市","town":"政所"}],"8227":[{"pref":"山形県","city":"酒田市","town":"岡島田"}],"8231":[{"pref":"山形県","city":"酒田市","town":"麓"}],"8232":[{"pref":"山形県","city":"酒田市","town":"市条"}],"8233":[{"pref":"山形県","city":"酒田市","town":"法連寺"}],"8234":[{"pref":"山形県","city":"酒田市","town":"小泉"}],"8235":[{"pref":"山形県","city":"酒田市","town":"観音寺"}],"8241":[{"pref":"山形県","city":"酒田市","town":"福山"}],"8242":[{"pref":"山形県","city":"酒田市","town":"橋本"}],"8243":[{"pref":"山形県","city":"酒田市","town":"北仁田"}],"8244":[{"pref":"山形県","city":"酒田市","town":"大久保"}],"8245":[{"pref":"山形県","city":"酒田市","town":"塚淵"}],"8246":[{"pref":"山形県","city":"酒田市","town":"芹田"}],"8300":[{"pref":"山形県","city":"飽海郡遊佐町","town":"以下に掲載がない場合"}],"8301":[{"pref":"山形県","city":"飽海郡遊佐町","town":"遊佐"}],"8302":[{"pref":"山形県","city":"飽海郡遊佐町","town":"吉出"}],"8303":[{"pref":"山形県","city":"飽海郡遊佐町","town":"野沢"}],"8304":[{"pref":"山形県","city":"飽海郡遊佐町","town":"白井新田"}],"8311":[{"pref":"山形県","city":"飽海郡遊佐町","town":"小原田"}],"8312":[{"pref":"山形県","city":"飽海郡遊佐町","town":"鹿野沢"}],"8313":[{"pref":"山形県","city":"飽海郡遊佐町","town":"杉沢"}],"8314":[{"pref":"山形県","city":"飽海郡遊佐町","town":"上蕨岡"}],"8315":[{"pref":"山形県","city":"飽海郡遊佐町","town":"大蕨岡"}],"8316":[{"pref":"山形県","city":"飽海郡遊佐町","town":"豊岡"}],"8317":[{"pref":"山形県","city":"飽海郡遊佐町","town":"小松"}],"8421":[{"pref":"山形県","city":"酒田市","town":"米島"}],"8422":[{"pref":"山形県","city":"酒田市","town":"千代田"}],"8423":[{"pref":"山形県","city":"酒田市","town":"宮内"}],"8431":[{"pref":"山形県","city":"飽海郡遊佐町","town":"菅里（十里塚）"}],"8432":[{"pref":"山形県","city":"飽海郡遊佐町","town":"宮田"}],"8433":[{"pref":"山形県","city":"飽海郡遊佐町","town":"江地"}],"8434":[{"pref":"山形県","city":"飽海郡遊佐町","town":"増穂"}],"8435":[{"pref":"山形県","city":"飽海郡遊佐町","town":"庄泉"}],"8436":[{"pref":"山形県","city":"飽海郡遊佐町","town":"岩川"}],"8437":[{"pref":"山形県","city":"飽海郡遊佐町","town":"藤崎"}],"8438":[{"pref":"山形県","city":"飽海郡遊佐町","town":"比子"}],"8521":[{"pref":"山形県","city":"飽海郡遊佐町","town":"吹浦"}],"8522":[{"pref":"山形県","city":"飽海郡遊佐町","town":"北目"}],"8523":[{"pref":"山形県","city":"飽海郡遊佐町","town":"当山"}],"8524":[{"pref":"山形県","city":"飽海郡遊佐町","town":"富岡"}],"8525":[{"pref":"山形県","city":"飽海郡遊佐町","town":"直世"}],"8531":[{"pref":"山形県","city":"飽海郡遊佐町","town":"菅里（その他）"}],"0100":[{"pref":"山形県","city":"東置賜郡川西町","town":"以下に掲載がない場合"}],"0151":[{"pref":"山形県","city":"東置賜郡川西町","town":"大舟"}],"0213":[{"pref":"山形県","city":"東置賜郡川西町","town":"尾長島"}],"0152":[{"pref":"山形県","city":"東置賜郡川西町","town":"上奥田"}],"0121":[{"pref":"山形県","city":"東置賜郡川西町","town":"上小松"}],"0131":[{"pref":"山形県","city":"東置賜郡川西町","town":"黒川"}],"0132":[{"pref":"山形県","city":"東置賜郡川西町","town":"高豆蒄"}],"0133":[{"pref":"山形県","city":"東置賜郡川西町","town":"小松"}],"0145":[{"pref":"山形県","city":"東置賜郡川西町","town":"下奥田"}],"0134":[{"pref":"山形県","city":"東置賜郡川西町","town":"下小松"}],"0212":[{"pref":"山形県","city":"東置賜郡川西町","town":"下平柳"}],"0211":[{"pref":"山形県","city":"東置賜郡川西町","town":"洲島"}],"0141":[{"pref":"山形県","city":"東置賜郡川西町","town":"高山"}],"0361":[{"pref":"山形県","city":"東置賜郡川西町","town":"玉庭"}],"0144":[{"pref":"山形県","city":"東置賜郡川西町","town":"時田"}],"0122":[{"pref":"山形県","city":"東置賜郡川西町","town":"中小松"}],"0143":[{"pref":"山形県","city":"東置賜郡川西町","town":"莅"}],"0153":[{"pref":"山形県","city":"東置賜郡川西町","town":"朴沢"}],"0142":[{"pref":"山形県","city":"東置賜郡川西町","town":"堀金"}],"0214":[{"pref":"山形県","city":"東置賜郡川西町","town":"吉田"}],"0600":[{"pref":"山形県","city":"西置賜郡飯豊町","town":"以下に掲載がない場合"}],"0436":[{"pref":"山形県","city":"西置賜郡飯豊町","town":"岩倉"}],"0425":[{"pref":"山形県","city":"西置賜郡飯豊町","town":"宇津沢"}],"0427":[{"pref":"山形県","city":"西置賜郡飯豊町","town":"上原"}],"0426":[{"pref":"山形県","city":"西置賜郡飯豊町","town":"遅谷"}],"0424":[{"pref":"山形県","city":"西置賜郡飯豊町","town":"数馬"}],"0433":[{"pref":"山形県","city":"西置賜郡飯豊町","town":"上屋地"}],"0434":[{"pref":"山形県","city":"西置賜郡飯豊町","town":"川内戸"}],"0603":[{"pref":"山形県","city":"西置賜郡飯豊町","town":"黒沢"}],"0421":[{"pref":"山形県","city":"西置賜郡飯豊町","town":"小屋"}],"0431":[{"pref":"山形県","city":"西置賜郡飯豊町","town":"下屋地"}],"0432":[{"pref":"山形県","city":"西置賜郡飯豊町","town":"白川"}],"0423":[{"pref":"山形県","city":"西置賜郡飯豊町","town":"須郷"}],"0605":[{"pref":"山形県","city":"西置賜郡飯豊町","town":"添川"}],"0435":[{"pref":"山形県","city":"西置賜郡飯豊町","town":"高造路"}],"0604":[{"pref":"山形県","city":"西置賜郡飯豊町","town":"椿"}],"0601":[{"pref":"山形県","city":"西置賜郡飯豊町","town":"中"}],"0602":[{"pref":"山形県","city":"西置賜郡飯豊町","town":"萩生"}],"0422":[{"pref":"山形県","city":"西置賜郡飯豊町","town":"広河原"}],"0606":[{"pref":"山形県","city":"西置賜郡飯豊町","town":"松原"}]}