{"0000":[{"pref":"島根県","city":"大田市","town":"以下に掲載がない場合"}],"0035":[{"pref":"島根県","city":"大田市","town":"五十猛町"}],"0433":[{"pref":"島根県","city":"大田市","town":"大代町大家"}],"0432":[{"pref":"島根県","city":"大田市","town":"大代町新屋"}],"0064":[{"pref":"島根県","city":"大田市","town":"大田町大田"}],"0062":[{"pref":"島根県","city":"大田市","town":"大田町野城"}],"0063":[{"pref":"島根県","city":"大田市","town":"大田町吉永"}],"0305":[{"pref":"島根県","city":"大田市","town":"大森町"}],"0033":[{"pref":"島根県","city":"大田市","town":"大屋町大国"}],"0034":[{"pref":"島根県","city":"大田市","town":"大屋町大屋"}],"0032":[{"pref":"島根県","city":"大田市","town":"大屋町鬼村"}],"0012":[{"pref":"島根県","city":"大田市","town":"川合町忍原"}],"0011":[{"pref":"島根県","city":"大田市","town":"川合町川合"}],"0013":[{"pref":"島根県","city":"大田市","town":"川合町吉永"}],"0052":[{"pref":"島根県","city":"大田市","town":"久手町刺鹿"}],"0051":[{"pref":"島根県","city":"大田市","town":"久手町波根西"}],"0022":[{"pref":"島根県","city":"大田市","town":"久利町市原"}],"0024":[{"pref":"島根県","city":"大田市","town":"久利町久利"}],"0023":[{"pref":"島根県","city":"大田市","town":"久利町佐摩"}],"0025":[{"pref":"島根県","city":"大田市","town":"久利町松代"}],"0021":[{"pref":"島根県","city":"大田市","town":"久利町行恒"}],"0223":[{"pref":"島根県","city":"大田市","town":"三瓶町池田"}],"0221":[{"pref":"島根県","city":"大田市","town":"三瓶町上山"}],"0224":[{"pref":"島根県","city":"大田市","town":"三瓶町小屋原"}],"0222":[{"pref":"島根県","city":"大田市","town":"三瓶町志学"}],"0003":[{"pref":"島根県","city":"大田市","town":"三瓶町多根"}],"0004":[{"pref":"島根県","city":"大田市","town":"三瓶町野城"}],"0031":[{"pref":"島根県","city":"大田市","town":"静間町"}],"0431":[{"pref":"島根県","city":"大田市","town":"祖式町"}],"0061":[{"pref":"島根県","city":"大田市","town":"富山町山中（押ケ峠）"}],"0054":[{"pref":"島根県","city":"大田市","town":"鳥井町鳥井"}],"0053":[{"pref":"島根県","city":"大田市","town":"鳥井町鳥越"}],"0042":[{"pref":"島根県","city":"大田市","town":"長久町稲用"}],"0044":[{"pref":"島根県","city":"大田市","town":"長久町土江"}],"0041":[{"pref":"島根県","city":"大田市","town":"長久町長久"}],"0043":[{"pref":"島根県","city":"大田市","town":"長久町延里"}],"0301":[{"pref":"島根県","city":"大田市","town":"水上町荻原"}],"0303":[{"pref":"島根県","city":"大田市","town":"水上町白坏"}],"0302":[{"pref":"島根県","city":"大田市","town":"水上町福原"}],"0304":[{"pref":"島根県","city":"大田市","town":"水上町三久須"}],"0001":[{"pref":"島根県","city":"大田市","town":"山口町佐津目"}],"0002":[{"pref":"島根県","city":"大田市","town":"山口町山口"}]}