{"0000":[{"pref":"沖縄県","city":"宮古島市","town":"以下に掲載がない場合"}],"0502":[{"pref":"沖縄県","city":"宮古島市","town":"伊良部池間添"}],"0503":[{"pref":"沖縄県","city":"宮古島市","town":"伊良部伊良部"}],"0505":[{"pref":"沖縄県","city":"宮古島市","town":"伊良部国仲"}],"0507":[{"pref":"沖縄県","city":"宮古島市","town":"伊良部佐和田"}],"0504":[{"pref":"沖縄県","city":"宮古島市","town":"伊良部仲地"}],"0506":[{"pref":"沖縄県","city":"宮古島市","town":"伊良部長浜"}],"0501":[{"pref":"沖縄県","city":"宮古島市","town":"伊良部前里添"}],"0204":[{"pref":"沖縄県","city":"宮古島市","town":"上野上野"}],"0202":[{"pref":"沖縄県","city":"宮古島市","town":"上野新里"}],"0201":[{"pref":"沖縄県","city":"宮古島市","town":"上野野原"}],"0203":[{"pref":"沖縄県","city":"宮古島市","town":"上野宮国"}],"0102":[{"pref":"沖縄県","city":"宮古島市","town":"城辺新城"}],"0108":[{"pref":"沖縄県","city":"宮古島市","town":"城辺砂川"}],"0109":[{"pref":"沖縄県","city":"宮古島市","town":"城辺下里添"}],"0107":[{"pref":"沖縄県","city":"宮古島市","town":"城辺友利"}],"0105":[{"pref":"沖縄県","city":"宮古島市","town":"城辺長間"}],"0106":[{"pref":"沖縄県","city":"宮古島市","town":"城辺西里添"}],"0104":[{"pref":"沖縄県","city":"宮古島市","town":"城辺比嘉"}],"0103":[{"pref":"沖縄県","city":"宮古島市","town":"城辺福里"}],"0101":[{"pref":"沖縄県","city":"宮古島市","town":"城辺保良"}],"0304":[{"pref":"沖縄県","city":"宮古島市","town":"下地上地"}],"0302":[{"pref":"沖縄県","city":"宮古島市","town":"下地嘉手苅"}],"0301":[{"pref":"沖縄県","city":"宮古島市","town":"下地川満"}],"0306":[{"pref":"沖縄県","city":"宮古島市","town":"下地来間"}],"0303":[{"pref":"沖縄県","city":"宮古島市","town":"下地洲鎌"}],"0305":[{"pref":"沖縄県","city":"宮古島市","town":"下地与那覇"}],"0421":[{"pref":"沖縄県","city":"宮古島市","town":"平良池間"}],"0004":[{"pref":"沖縄県","city":"宮古島市","town":"平良大浦"}],"0001":[{"pref":"沖縄県","city":"宮古島市","town":"平良大神"}],"0002":[{"pref":"沖縄県","city":"宮古島市","town":"平良狩俣"}],"0015":[{"pref":"沖縄県","city":"宮古島市","town":"平良久貝"}],"0003":[{"pref":"沖縄県","city":"宮古島市","town":"平良島尻"}],"0013":[{"pref":"沖縄県","city":"宮古島市","town":"平良下里"}],"0008":[{"pref":"沖縄県","city":"宮古島市","town":"平良荷川取"}],"0012":[{"pref":"沖縄県","city":"宮古島市","town":"平良西里"}],"0006":[{"pref":"沖縄県","city":"宮古島市","town":"平良西仲宗根"}],"0005":[{"pref":"沖縄県","city":"宮古島市","town":"平良西原"}],"0007":[{"pref":"沖縄県","city":"宮古島市","town":"平良東仲宗根"}],"0011":[{"pref":"沖縄県","city":"宮古島市","town":"平良東仲宗根添"}],"0422":[{"pref":"沖縄県","city":"宮古島市","town":"平良前里"}],"0014":[{"pref":"沖縄県","city":"宮古島市","town":"平良松原"}],"0600":[{"pref":"沖縄県","city":"宮古郡多良間村","town":"以下に掲載がない場合"}],"0601":[{"pref":"沖縄県","city":"宮古郡多良間村","town":"塩川"}],"0602":[{"pref":"沖縄県","city":"宮古郡多良間村","town":"仲筋"}],"0603":[{"pref":"沖縄県","city":"宮古郡多良間村","town":"水納"}]}