{"0000":[{"pref":"北海道","city":"札幌市西区","town":"以下に掲載がない場合"}],"0811":[{"pref":"北海道","city":"札幌市西区","town":"琴似一条"}],"0812":[{"pref":"北海道","city":"札幌市西区","town":"琴似二条"}],"0813":[{"pref":"北海道","city":"札幌市西区","town":"琴似三条"}],"0814":[{"pref":"北海道","city":"札幌市西区","town":"琴似四条"}],"0011":[{"pref":"北海道","city":"札幌市西区","town":"小別沢"}],"0049":[{"pref":"北海道","city":"札幌市西区","town":"西野"}],"0031":[{"pref":"北海道","city":"札幌市西区","town":"西野一条"}],"0032":[{"pref":"北海道","city":"札幌市西区","town":"西野二条"}],"0033":[{"pref":"北海道","city":"札幌市西区","town":"西野三条"}],"0034":[{"pref":"北海道","city":"札幌市西区","town":"西野四条"}],"0035":[{"pref":"北海道","city":"札幌市西区","town":"西野五条"}],"0036":[{"pref":"北海道","city":"札幌市西区","town":"西野六条"}],"0037":[{"pref":"北海道","city":"札幌市西区","town":"西野七条"}],"0038":[{"pref":"北海道","city":"札幌市西区","town":"西野八条"}],"0039":[{"pref":"北海道","city":"札幌市西区","town":"西野九条"}],"0040":[{"pref":"北海道","city":"札幌市西区","town":"西野十条"}],"0041":[{"pref":"北海道","city":"札幌市西区","town":"西野十一条"}],"0042":[{"pref":"北海道","city":"札幌市西区","town":"西野十二条"}],"0043":[{"pref":"北海道","city":"札幌市西区","town":"西野十三条"}],"0044":[{"pref":"北海道","city":"札幌市西区","town":"西野十四条"}],"0062":[{"pref":"北海道","city":"札幌市西区","town":"西町南"}],"0061":[{"pref":"北海道","city":"札幌市西区","town":"西町北"}],"0801":[{"pref":"北海道","city":"札幌市西区","town":"二十四軒一条"}],"0802":[{"pref":"北海道","city":"札幌市西区","town":"二十四軒二条"}],"0803":[{"pref":"北海道","city":"札幌市西区","town":"二十四軒三条"}],"0804":[{"pref":"北海道","city":"札幌市西区","town":"二十四軒四条"}],"0861":[{"pref":"北海道","city":"札幌市西区","town":"八軒一条東"}],"0841":[{"pref":"北海道","city":"札幌市西区","town":"八軒一条西"}],"0862":[{"pref":"北海道","city":"札幌市西区","town":"八軒二条東"}],"0842":[{"pref":"北海道","city":"札幌市西区","town":"八軒二条西"}],"0863":[{"pref":"北海道","city":"札幌市西区","town":"八軒三条東"}],"0843":[{"pref":"北海道","city":"札幌市西区","town":"八軒三条西"}],"0864":[{"pref":"北海道","city":"札幌市西区","town":"八軒四条東"}],"0844":[{"pref":"北海道","city":"札幌市西区","town":"八軒四条西"}],"0865":[{"pref":"北海道","city":"札幌市西区","town":"八軒五条東"}],"0845":[{"pref":"北海道","city":"札幌市西区","town":"八軒五条西"}],"0866":[{"pref":"北海道","city":"札幌市西区","town":"八軒六条東"}],"0846":[{"pref":"北海道","city":"札幌市西区","town":"八軒六条西"}],"0867":[{"pref":"北海道","city":"札幌市西区","town":"八軒七条東"}],"0847":[{"pref":"北海道","city":"札幌市西区","town":"八軒七条西"}],"0868":[{"pref":"北海道","city":"札幌市西区","town":"八軒八条東"}],"0848":[{"pref":"北海道","city":"札幌市西区","town":"八軒八条西"}],"0869":[{"pref":"北海道","city":"札幌市西区","town":"八軒九条東"}],"0849":[{"pref":"北海道","city":"札幌市西区","town":"八軒九条西"}],"0870":[{"pref":"北海道","city":"札幌市西区","town":"八軒十条東"}],"0850":[{"pref":"北海道","city":"札幌市西区","town":"八軒十条西"}],"0821":[{"pref":"北海道","city":"札幌市西区","town":"発寒一条"}],"0822":[{"pref":"北海道","city":"札幌市西区","town":"発寒二条"}],"0823":[{"pref":"北海道","city":"札幌市西区","town":"発寒三条"}],"0824":[{"pref":"北海道","city":"札幌市西区","town":"発寒四条"}],"0825":[{"pref":"北海道","city":"札幌市西区","town":"発寒五条"}],"0826":[{"pref":"北海道","city":"札幌市西区","town":"発寒六条"}],"0827":[{"pref":"北海道","city":"札幌市西区","town":"発寒七条"}],"0828":[{"pref":"北海道","city":"札幌市西区","town":"発寒八条"}],"0829":[{"pref":"北海道","city":"札幌市西区","town":"発寒九条"}],"0830":[{"pref":"北海道","city":"札幌市西区","town":"発寒十条"}],"0831":[{"pref":"北海道","city":"札幌市西区","town":"発寒十一条"}],"0832":[{"pref":"北海道","city":"札幌市西区","town":"発寒十二条"}],"0833":[{"pref":"北海道","city":"札幌市西区","town":"発寒十三条"}],"0834":[{"pref":"北海道","city":"札幌市西区","town":"発寒十四条"}],"0835":[{"pref":"北海道","city":"札幌市西区","town":"発寒十五条"}],"0836":[{"pref":"北海道","city":"札幌市西区","town":"発寒十六条"}],"0837":[{"pref":"北海道","city":"札幌市西区","town":"発寒十七条"}],"0012":[{"pref":"北海道","city":"札幌市西区","town":"福井"}],"0029":[{"pref":"北海道","city":"札幌市西区","town":"平和"}],"0021":[{"pref":"北海道","city":"札幌市西区","town":"平和一条"}],"0022":[{"pref":"北海道","city":"札幌市西区","town":"平和二条"}],"0023":[{"pref":"北海道","city":"札幌市西区","town":"平和三条"}],"0059":[{"pref":"北海道","city":"札幌市西区","town":"宮の沢"}],"0051":[{"pref":"北海道","city":"札幌市西区","town":"宮の沢一条"}],"0052":[{"pref":"北海道","city":"札幌市西区","town":"宮の沢二条"}],"0053":[{"pref":"北海道","city":"札幌市西区","town":"宮の沢三条"}],"0054":[{"pref":"北海道","city":"札幌市西区","town":"宮の沢四条"}],"0009":[{"pref":"北海道","city":"札幌市西区","town":"山の手"}],"0001":[{"pref":"北海道","city":"札幌市西区","town":"山の手一条"}],"0002":[{"pref":"北海道","city":"札幌市西区","town":"山の手二条"}],"0003":[{"pref":"北海道","city":"札幌市西区","town":"山の手三条"}],"0004":[{"pref":"北海道","city":"札幌市西区","town":"山の手四条"}],"0005":[{"pref":"北海道","city":"札幌市西区","town":"山の手五条"}],"0006":[{"pref":"北海道","city":"札幌市西区","town":"山の手六条"}],"0007":[{"pref":"北海道","city":"札幌市西区","town":"山の手七条"}]}