{"8001":[{"pref":"大阪府","city":"東大阪市","town":"善根寺町"}],"8002":[{"pref":"大阪府","city":"東大阪市","town":"池之端町"}],"8003":[{"pref":"大阪府","city":"東大阪市","town":"日下町"}],"8004":[{"pref":"大阪府","city":"東大阪市","town":"布市町"}],"8005":[{"pref":"大阪府","city":"東大阪市","town":"元町"}],"8011":[{"pref":"大阪府","city":"東大阪市","town":"東石切町"}],"8012":[{"pref":"大阪府","city":"東大阪市","town":"上石切町（その他）"}],"8013":[{"pref":"大阪府","city":"東大阪市","town":"西石切町"}],"8014":[{"pref":"大阪府","city":"東大阪市","town":"中石切町"}],"8015":[{"pref":"大阪府","city":"東大阪市","town":"北石切町"}],"8021":[{"pref":"大阪府","city":"東大阪市","town":"額田町"}],"8022":[{"pref":"大阪府","city":"東大阪市","town":"山手町"}],"8023":[{"pref":"大阪府","city":"東大阪市","town":"立花町"}],"8024":[{"pref":"大阪府","city":"東大阪市","town":"南荘町"}],"8025":[{"pref":"大阪府","city":"東大阪市","town":"宝町"}],"8026":[{"pref":"大阪府","city":"東大阪市","town":"弥生町"}],"8027":[{"pref":"大阪府","city":"東大阪市","town":"東山町"}],"8031":[{"pref":"大阪府","city":"東大阪市","town":"豊浦町"}],"8032":[{"pref":"大阪府","city":"東大阪市","town":"東豊浦町"}],"8033":[{"pref":"大阪府","city":"東大阪市","town":"出雲井町"}],"8034":[{"pref":"大阪府","city":"東大阪市","town":"出雲井本町"}],"8035":[{"pref":"大阪府","city":"東大阪市","town":"鳥居町"}],"8036":[{"pref":"大阪府","city":"東大阪市","town":"鷹殿町"}],"8037":[{"pref":"大阪府","city":"東大阪市","town":"新町"}],"8038":[{"pref":"大阪府","city":"東大阪市","town":"箱殿町"}],"8041":[{"pref":"大阪府","city":"東大阪市","town":"喜里川町"}],"8042":[{"pref":"大阪府","city":"東大阪市","town":"五条町"}],"8043":[{"pref":"大阪府","city":"東大阪市","town":"客坊町"}],"8044":[{"pref":"大阪府","city":"東大阪市","town":"河内町"}],"8045":[{"pref":"大阪府","city":"東大阪市","town":"本町"}],"8046":[{"pref":"大阪府","city":"東大阪市","town":"昭和町"}],"8047":[{"pref":"大阪府","city":"東大阪市","town":"桜町"}],"8048":[{"pref":"大阪府","city":"東大阪市","town":"旭町"}],"8051":[{"pref":"大阪府","city":"東大阪市","town":"瓢箪山町"}],"8052":[{"pref":"大阪府","city":"東大阪市","town":"上四条町"}],"8053":[{"pref":"大阪府","city":"東大阪市","town":"四条町"}],"8054":[{"pref":"大阪府","city":"東大阪市","town":"南四条町"}],"8055":[{"pref":"大阪府","city":"東大阪市","town":"末広町"}],"8056":[{"pref":"大阪府","city":"東大阪市","town":"若草町"}],"8057":[{"pref":"大阪府","city":"東大阪市","town":"御幸町"}],"8058":[{"pref":"大阪府","city":"東大阪市","town":"神田町"}],"8061":[{"pref":"大阪府","city":"東大阪市","town":"六万寺町"}],"8062":[{"pref":"大阪府","city":"東大阪市","town":"上六万寺町"}],"8063":[{"pref":"大阪府","city":"東大阪市","town":"横小路町"}],"8064":[{"pref":"大阪府","city":"東大阪市","town":"池島町"}],"8065":[{"pref":"大阪府","city":"東大阪市","town":"新池島町"}],"8066":[{"pref":"大阪府","city":"東大阪市","town":"下六万寺町"}]}