{"0441":[{"pref":"北海道","city":"伊達市","town":"大滝区愛地町"}],"0443":[{"pref":"北海道","city":"伊達市","town":"大滝区清原町"}],"0444":[{"pref":"北海道","city":"伊達市","town":"大滝区豊里町"}],"0442":[{"pref":"北海道","city":"伊達市","town":"大滝区宮城町"}],"0200":[{"pref":"北海道","city":"虻田郡喜茂別町","town":"以下に掲載がない場合"}],"0215":[{"pref":"北海道","city":"虻田郡喜茂別町","town":"相川"}],"0201":[{"pref":"北海道","city":"虻田郡喜茂別町","town":"旭町"},{"pref":"北海道","city":"虻田郡喜茂別町","town":"大町"},{"pref":"北海道","city":"虻田郡喜茂別町","town":"喜茂別"},{"pref":"北海道","city":"虻田郡喜茂別町","town":"幸町"},{"pref":"北海道","city":"虻田郡喜茂別町","town":"末広町"},{"pref":"北海道","city":"虻田郡喜茂別町","town":"本町"},{"pref":"北海道","city":"虻田郡喜茂別町","town":"緑町"}],"0454":[{"pref":"北海道","city":"虻田郡喜茂別町","town":"金山"}],"0451":[{"pref":"北海道","city":"虻田郡喜茂別町","town":"上尻別"},{"pref":"北海道","city":"虻田郡喜茂別町","town":"鈴川"}],"0223":[{"pref":"北海道","city":"虻田郡喜茂別町","town":"川上"}],"0453":[{"pref":"北海道","city":"虻田郡喜茂別町","town":"共栄"},{"pref":"北海道","city":"虻田郡喜茂別町","town":"御園"}],"0222":[{"pref":"北海道","city":"虻田郡喜茂別町","town":"栄"}],"0214":[{"pref":"北海道","city":"虻田郡喜茂別町","town":"尻別"}],"0224":[{"pref":"北海道","city":"虻田郡喜茂別町","town":"知来別"}],"0461":[{"pref":"北海道","city":"虻田郡喜茂別町","town":"中里"},{"pref":"北海道","city":"虻田郡喜茂別町","town":"福里"}],"0462":[{"pref":"北海道","city":"虻田郡喜茂別町","town":"花丘"}],"0213":[{"pref":"北海道","city":"虻田郡喜茂別町","town":"比羅岡"}],"0452":[{"pref":"北海道","city":"虻田郡喜茂別町","town":"福丘"}],"0225":[{"pref":"北海道","city":"虻田郡喜茂別町","town":"福島"}],"0221":[{"pref":"北海道","city":"虻田郡喜茂別町","town":"伏見"}],"0211":[{"pref":"北海道","city":"虻田郡喜茂別町","town":"富士見台"}],"0463":[{"pref":"北海道","city":"虻田郡喜茂別町","town":"双葉"}],"0212":[{"pref":"北海道","city":"虻田郡喜茂別町","town":"留産"}],"0100":[{"pref":"北海道","city":"虻田郡京極町","town":"以下に掲載がない場合"}],"0122":[{"pref":"北海道","city":"虻田郡京極町","town":"大富"}],"0112":[{"pref":"北海道","city":"虻田郡京極町","town":"春日"}],"0131":[{"pref":"北海道","city":"虻田郡京極町","town":"川西"}],"0111":[{"pref":"北海道","city":"虻田郡京極町","town":"北岡"}],"0101":[{"pref":"北海道","city":"虻田郡京極町","town":"京極"}],"0132":[{"pref":"北海道","city":"虻田郡京極町","town":"更進"}],"0125":[{"pref":"北海道","city":"虻田郡京極町","town":"東花"}],"0124":[{"pref":"北海道","city":"虻田郡京極町","town":"錦"}],"0113":[{"pref":"北海道","city":"虻田郡京極町","town":"松川"}],"0121":[{"pref":"北海道","city":"虻田郡京極町","town":"三崎"}],"0123":[{"pref":"北海道","city":"虻田郡京極町","town":"脇方"}],"0000":[{"pref":"北海道","city":"虻田郡倶知安町","town":"以下に掲載がない場合"}],"0083":[{"pref":"北海道","city":"虻田郡倶知安町","town":"旭"}],"0064":[{"pref":"北海道","city":"虻田郡倶知安町","town":"出雲"}],"0082":[{"pref":"北海道","city":"虻田郡倶知安町","town":"岩尾別"}],"0078":[{"pref":"北海道","city":"虻田郡倶知安町","town":"樺山"}],"0071":[{"pref":"北海道","city":"虻田郡倶知安町","town":"寒別"}],"0001":[{"pref":"北海道","city":"虻田郡倶知安町","town":"北一条東"}],"0051":[{"pref":"北海道","city":"虻田郡倶知安町","town":"北一条西"}],"0002":[{"pref":"北海道","city":"虻田郡倶知安町","town":"北二条東"}],"0052":[{"pref":"北海道","city":"虻田郡倶知安町","town":"北二条西"}],"0003":[{"pref":"北海道","city":"虻田郡倶知安町","town":"北三条東"}],"0053":[{"pref":"北海道","city":"虻田郡倶知安町","town":"北三条西"}],"0004":[{"pref":"北海道","city":"虻田郡倶知安町","town":"北四条東"}],"0054":[{"pref":"北海道","city":"虻田郡倶知安町","town":"北四条西"}],"0005":[{"pref":"北海道","city":"虻田郡倶知安町","town":"北五条東"}],"0055":[{"pref":"北海道","city":"虻田郡倶知安町","town":"北五条西"}],"0006":[{"pref":"北海道","city":"虻田郡倶知安町","town":"北六条東"}],"0056":[{"pref":"北海道","city":"虻田郡倶知安町","town":"北六条西"}],"0007":[{"pref":"北海道","city":"虻田郡倶知安町","town":"北七条東"}],"0057":[{"pref":"北海道","city":"虻田郡倶知安町","town":"北七条西"}],"0066":[{"pref":"北海道","city":"虻田郡倶知安町","town":"琴平"}],"0063":[{"pref":"北海道","city":"虻田郡倶知安町","town":"末広"}],"0076":[{"pref":"北海道","city":"虻田郡倶知安町","town":"高砂"}],"0065":[{"pref":"北海道","city":"虻田郡倶知安町","town":"高見"}],"0074":[{"pref":"北海道","city":"虻田郡倶知安町","town":"巽"}],"0085":[{"pref":"北海道","city":"虻田郡倶知安町","town":"峠下"}],"0073":[{"pref":"北海道","city":"虻田郡倶知安町","town":"豊岡"}],"0084":[{"pref":"北海道","city":"虻田郡倶知安町","town":"花園"}],"0077":[{"pref":"北海道","city":"虻田郡倶知安町","town":"比羅夫"}],"0075":[{"pref":"北海道","city":"虻田郡倶知安町","town":"富士見"}],"0062":[{"pref":"北海道","city":"虻田郡倶知安町","town":"扶桑"}],"0067":[{"pref":"北海道","city":"虻田郡倶知安町","town":"瑞穂"}],"0068":[{"pref":"北海道","city":"虻田郡倶知安町","town":"緑"}],"0011":[{"pref":"北海道","city":"虻田郡倶知安町","town":"南一条東"}],"0031":[{"pref":"北海道","city":"虻田郡倶知安町","town":"南一条西"}],"0012":[{"pref":"北海道","city":"虻田郡倶知安町","town":"南二条東"}],"0032":[{"pref":"北海道","city":"虻田郡倶知安町","town":"南二条西"}],"0013":[{"pref":"北海道","city":"虻田郡倶知安町","town":"南三条東"}],"0033":[{"pref":"北海道","city":"虻田郡倶知安町","town":"南三条西"}],"0014":[{"pref":"北海道","city":"虻田郡倶知安町","town":"南四条東"}],"0034":[{"pref":"北海道","city":"虻田郡倶知安町","town":"南四条西"}],"0015":[{"pref":"北海道","city":"虻田郡倶知安町","town":"南五条東"}],"0035":[{"pref":"北海道","city":"虻田郡倶知安町","town":"南五条西"}],"0016":[{"pref":"北海道","city":"虻田郡倶知安町","town":"南六条東"}],"0036":[{"pref":"北海道","city":"虻田郡倶知安町","town":"南六条西"}],"0021":[{"pref":"北海道","city":"虻田郡倶知安町","town":"南七条東"}],"0041":[{"pref":"北海道","city":"虻田郡倶知安町","town":"南七条西"}],"0022":[{"pref":"北海道","city":"虻田郡倶知安町","town":"南八条東"}],"0042":[{"pref":"北海道","city":"虻田郡倶知安町","town":"南八条西"}],"0023":[{"pref":"北海道","city":"虻田郡倶知安町","town":"南九条東"}],"0043":[{"pref":"北海道","city":"虻田郡倶知安町","town":"南九条西"}],"0024":[{"pref":"北海道","city":"虻田郡倶知安町","town":"南十条東"}],"0044":[{"pref":"北海道","city":"虻田郡倶知安町","town":"南十条西"}],"0025":[{"pref":"北海道","city":"虻田郡倶知安町","town":"南十一条東"}],"0045":[{"pref":"北海道","city":"虻田郡倶知安町","town":"南十一条西"}],"0072":[{"pref":"北海道","city":"虻田郡倶知安町","town":"八幡"}],"0081":[{"pref":"北海道","city":"虻田郡倶知安町","town":"山田"}],"0061":[{"pref":"北海道","city":"虻田郡倶知安町","town":"大和"}]}