{"1101":[{"pref":"愛媛県","city":"松山市","town":"久米窪田町"}],"1102":[{"pref":"愛媛県","city":"松山市","town":"来住町"}],"1103":[{"pref":"愛媛県","city":"松山市","town":"今在家町"}],"1104":[{"pref":"愛媛県","city":"松山市","town":"北土居"}],"1105":[{"pref":"愛媛県","city":"松山市","town":"北井門"}],"1106":[{"pref":"愛媛県","city":"松山市","town":"今在家"}],"1111":[{"pref":"愛媛県","city":"松山市","town":"高井町"}],"1112":[{"pref":"愛媛県","city":"松山市","town":"南高井町"}],"1113":[{"pref":"愛媛県","city":"松山市","town":"森松町"}],"1114":[{"pref":"愛媛県","city":"松山市","town":"井門町"}],"1115":[{"pref":"愛媛県","city":"松山市","town":"土居町"}],"1116":[{"pref":"愛媛県","city":"松山市","town":"南土居町"}],"1121":[{"pref":"愛媛県","city":"松山市","town":"中野町"}],"1122":[{"pref":"愛媛県","city":"松山市","town":"津吉町"}],"1123":[{"pref":"愛媛県","city":"松山市","town":"東方町"}],"1124":[{"pref":"愛媛県","city":"松山市","town":"上川原町"}],"1125":[{"pref":"愛媛県","city":"松山市","town":"小村町"}],"1126":[{"pref":"愛媛県","city":"松山市","town":"大橋町"}],"1131":[{"pref":"愛媛県","city":"松山市","town":"窪野町"}],"1132":[{"pref":"愛媛県","city":"松山市","town":"久谷町"}],"1133":[{"pref":"愛媛県","city":"松山市","town":"浄瑠璃町"}],"1134":[{"pref":"愛媛県","city":"松山市","town":"恵原町"}],"1135":[{"pref":"愛媛県","city":"松山市","town":"西野町"}],"1136":[{"pref":"愛媛県","city":"松山市","town":"上野町"}],"1200":[{"pref":"愛媛県","city":"上浮穴郡久万高原町","town":"以下に掲載がない場合"}],"1201":[{"pref":"愛媛県","city":"上浮穴郡久万高原町","town":"久万"}],"1202":[{"pref":"愛媛県","city":"上浮穴郡久万高原町","town":"入野"}],"1203":[{"pref":"愛媛県","city":"上浮穴郡久万高原町","town":"西明神"}],"1204":[{"pref":"愛媛県","city":"上浮穴郡久万高原町","town":"東明神"}],"1205":[{"pref":"愛媛県","city":"上浮穴郡久万高原町","town":"菅生"}],"1206":[{"pref":"愛媛県","city":"上浮穴郡久万高原町","town":"上野尻"}],"1207":[{"pref":"愛媛県","city":"上浮穴郡久万高原町","town":"下野尻"}],"1211":[{"pref":"愛媛県","city":"上浮穴郡久万高原町","town":"上畑野川"}],"1212":[{"pref":"愛媛県","city":"上浮穴郡久万高原町","town":"下畑野川"}],"1213":[{"pref":"愛媛県","city":"上浮穴郡久万高原町","town":"直瀬"}],"1221":[{"pref":"愛媛県","city":"上浮穴郡久万高原町","town":"露峰"}],"1222":[{"pref":"愛媛県","city":"上浮穴郡久万高原町","town":"二名"}],"1223":[{"pref":"愛媛県","city":"上浮穴郡久万高原町","town":"父野川"}],"1501":[{"pref":"愛媛県","city":"上浮穴郡久万高原町","town":"上黒岩"}],"1502":[{"pref":"愛媛県","city":"上浮穴郡久万高原町","town":"中黒岩"}],"1503":[{"pref":"愛媛県","city":"上浮穴郡久万高原町","town":"日野浦"}],"1504":[{"pref":"愛媛県","city":"上浮穴郡久万高原町","town":"大川"}],"1505":[{"pref":"愛媛県","city":"上浮穴郡久万高原町","town":"有枝"}],"1511":[{"pref":"愛媛県","city":"上浮穴郡久万高原町","town":"七鳥"}],"1512":[{"pref":"愛媛県","city":"上浮穴郡久万高原町","town":"東川"}],"1513":[{"pref":"愛媛県","city":"上浮穴郡久万高原町","town":"仕出"}],"1514":[{"pref":"愛媛県","city":"上浮穴郡久万高原町","town":"沢渡"}],"1515":[{"pref":"愛媛県","city":"上浮穴郡久万高原町","town":"黒藤川"}],"1701":[{"pref":"愛媛県","city":"上浮穴郡久万高原町","town":"渋草"}],"1702":[{"pref":"愛媛県","city":"上浮穴郡久万高原町","town":"大成"}],"1703":[{"pref":"愛媛県","city":"上浮穴郡久万高原町","town":"笠方"}],"1704":[{"pref":"愛媛県","city":"上浮穴郡久万高原町","town":"前組"}],"1705":[{"pref":"愛媛県","city":"上浮穴郡久万高原町","town":"相の峰"}],"1706":[{"pref":"愛媛県","city":"上浮穴郡久万高原町","town":"本組"}],"1707":[{"pref":"愛媛県","city":"上浮穴郡久万高原町","town":"中組"}],"1708":[{"pref":"愛媛県","city":"上浮穴郡久万高原町","town":"河の子"}],"1709":[{"pref":"愛媛県","city":"上浮穴郡久万高原町","town":"相の木"}],"1710":[{"pref":"愛媛県","city":"上浮穴郡久万高原町","town":"若山"}],"1801":[{"pref":"愛媛県","city":"上浮穴郡久万高原町","town":"柳井川"}],"1802":[{"pref":"愛媛県","city":"上浮穴郡久万高原町","town":"西谷"}],"1803":[{"pref":"愛媛県","city":"上浮穴郡久万高原町","town":"中津"}],"2100":[{"pref":"愛媛県","city":"伊予郡砥部町","town":"以下に掲載がない場合"}],"2101":[{"pref":"愛媛県","city":"伊予郡砥部町","town":"高尾田（その他）"}],"2102":[{"pref":"愛媛県","city":"伊予郡砥部町","town":"高尾田（砥部団地）"}],"2103":[{"pref":"愛媛県","city":"伊予郡砥部町","town":"高尾田（上野団地）"}],"2111":[{"pref":"愛媛県","city":"伊予郡砥部町","town":"八倉"}],"2112":[{"pref":"愛媛県","city":"伊予郡砥部町","town":"重光"}],"2113":[{"pref":"愛媛県","city":"伊予郡砥部町","town":"拾町"}],"2114":[{"pref":"愛媛県","city":"伊予郡砥部町","town":"麻生"}],"2115":[{"pref":"愛媛県","city":"伊予郡砥部町","town":"三角"}],"2116":[{"pref":"愛媛県","city":"伊予郡砥部町","town":"原町"}],"2117":[{"pref":"愛媛県","city":"伊予郡砥部町","town":"上原町"}],"2120":[{"pref":"愛媛県","city":"伊予郡砥部町","town":"宮内（その他）"}],"2121":[{"pref":"愛媛県","city":"伊予郡砥部町","town":"宮内（山並）"}],"2122":[{"pref":"愛媛県","city":"伊予郡砥部町","town":"千足"}],"2123":[{"pref":"愛媛県","city":"伊予郡砥部町","town":"川井"}],"2124":[{"pref":"愛媛県","city":"伊予郡砥部町","town":"田ノ浦"}],"2125":[{"pref":"愛媛県","city":"伊予郡砥部町","town":"七折"}],"2126":[{"pref":"愛媛県","city":"伊予郡砥部町","town":"大角蔵"}],"2131":[{"pref":"愛媛県","city":"伊予郡砥部町","town":"北川毛"}],"2132":[{"pref":"愛媛県","city":"伊予郡砥部町","town":"大南"}],"2133":[{"pref":"愛媛県","city":"伊予郡砥部町","town":"五本松"}],"2134":[{"pref":"愛媛県","city":"伊予郡砥部町","town":"外山"}],"2135":[{"pref":"愛媛県","city":"伊予郡砥部町","town":"鵜ノ崎"}],"2141":[{"pref":"愛媛県","city":"伊予郡砥部町","town":"岩谷口"}],"2142":[{"pref":"愛媛県","city":"伊予郡砥部町","town":"岩谷"}],"2143":[{"pref":"愛媛県","city":"伊予郡砥部町","town":"川登"}],"2144":[{"pref":"愛媛県","city":"伊予郡砥部町","town":"万年"}],"2145":[{"pref":"愛媛県","city":"伊予郡砥部町","town":"大平"}],"2201":[{"pref":"愛媛県","city":"伊予郡砥部町","town":"満穂"}],"2202":[{"pref":"愛媛県","city":"伊予郡砥部町","town":"玉谷"}],"2203":[{"pref":"愛媛県","city":"伊予郡砥部町","town":"中野川"}],"2204":[{"pref":"愛媛県","city":"伊予郡砥部町","town":"高市"}],"2205":[{"pref":"愛媛県","city":"伊予郡砥部町","town":"総津"}],"2206":[{"pref":"愛媛県","city":"伊予郡砥部町","town":"多居谷"}],"2207":[{"pref":"愛媛県","city":"伊予郡砥部町","town":"仙波"}],"3100":[{"pref":"愛媛県","city":"伊予郡松前町","town":"以下に掲載がない場合"}],"3101":[{"pref":"愛媛県","city":"伊予郡松前町","town":"南黒田"}],"3102":[{"pref":"愛媛県","city":"伊予郡松前町","town":"北黒田"}],"3110":[{"pref":"愛媛県","city":"伊予郡松前町","town":"浜"}],"3120":[{"pref":"愛媛県","city":"伊予郡松前町","town":"筒井"}],"3131":[{"pref":"愛媛県","city":"伊予郡松前町","town":"北川原"}],"3132":[{"pref":"愛媛県","city":"伊予郡松前町","town":"西高柳"}],"3133":[{"pref":"愛媛県","city":"伊予郡松前町","town":"昌農内"}],"3134":[{"pref":"愛媛県","city":"伊予郡松前町","town":"西古泉"}],"3141":[{"pref":"愛媛県","city":"伊予郡松前町","town":"恵久美"}],"3142":[{"pref":"愛媛県","city":"伊予郡松前町","town":"上高柳"}],"3143":[{"pref":"愛媛県","city":"伊予郡松前町","town":"大間"}],"3151":[{"pref":"愛媛県","city":"伊予郡松前町","town":"東古泉"}],"3152":[{"pref":"愛媛県","city":"伊予郡松前町","town":"永田"}],"3153":[{"pref":"愛媛県","city":"伊予郡松前町","town":"大溝"}],"3154":[{"pref":"愛媛県","city":"伊予郡松前町","town":"横田"}],"3155":[{"pref":"愛媛県","city":"伊予郡松前町","town":"鶴吉"}],"3161":[{"pref":"愛媛県","city":"伊予郡松前町","town":"神崎"}],"3162":[{"pref":"愛媛県","city":"伊予郡松前町","town":"出作"}],"3163":[{"pref":"愛媛県","city":"伊予郡松前町","town":"徳丸"}],"3164":[{"pref":"愛媛県","city":"伊予郡松前町","town":"中川原"}],"3201":[{"pref":"愛媛県","city":"伊予市","town":"中山町佐礼谷"}],"3202":[{"pref":"愛媛県","city":"伊予市","town":"中山町栗田"}],"3203":[{"pref":"愛媛県","city":"伊予市","town":"中山町出渕（豊岡・東町）"}],"3204":[{"pref":"愛媛県","city":"伊予市","town":"中山町出渕（その他）"}],"3205":[{"pref":"愛媛県","city":"伊予市","town":"中山町中山（泉町）"}],"3206":[{"pref":"愛媛県","city":"伊予市","town":"中山町中山（その他）"}],"3300":[{"pref":"愛媛県","city":"喜多郡内子町","town":"以下に掲載がない場合"}],"3301":[{"pref":"愛媛県","city":"喜多郡内子町","town":"内子"}],"3310":[{"pref":"愛媛県","city":"喜多郡内子町","town":"城廻"}],"3321":[{"pref":"愛媛県","city":"喜多郡内子町","town":"川中"}],"3322":[{"pref":"愛媛県","city":"喜多郡内子町","town":"知清"}],"3331":[{"pref":"愛媛県","city":"喜多郡内子町","town":"立山"}],"3332":[{"pref":"愛媛県","city":"喜多郡内子町","town":"袋口"}],"3341":[{"pref":"愛媛県","city":"喜多郡内子町","town":"論田"}],"3342":[{"pref":"愛媛県","city":"喜多郡内子町","town":"河内"}],"3343":[{"pref":"愛媛県","city":"喜多郡内子町","town":"石畳"}],"3351":[{"pref":"愛媛県","city":"喜多郡内子町","town":"五百木"}],"3352":[{"pref":"愛媛県","city":"喜多郡内子町","town":"村前"}],"3360":[{"pref":"愛媛県","city":"喜多郡内子町","town":"大瀬"}],"3361":[{"pref":"愛媛県","city":"喜多郡内子町","town":"大瀬中央（鵜川、大久保、乙成、中野、本町１～３）"}],"3362":[{"pref":"愛媛県","city":"喜多郡内子町","town":"大瀬北（乙影山、熊の滝、甲影山、程内）"}],"3363":[{"pref":"愛媛県","city":"喜多郡内子町","town":"大瀬東"}],"3364":[{"pref":"愛媛県","city":"喜多郡内子町","town":"大瀬南"}],"3501":[{"pref":"愛媛県","city":"喜多郡内子町","town":"小田"}],"3502":[{"pref":"愛媛県","city":"喜多郡内子町","town":"寺村"}],"3503":[{"pref":"愛媛県","city":"喜多郡内子町","town":"日野川"}],"3504":[{"pref":"愛媛県","city":"喜多郡内子町","town":"大平"}],"3505":[{"pref":"愛媛県","city":"喜多郡内子町","town":"立石"}],"3506":[{"pref":"愛媛県","city":"喜多郡内子町","town":"南山"}],"3511":[{"pref":"愛媛県","city":"喜多郡内子町","town":"吉野川"}],"3512":[{"pref":"愛媛県","city":"喜多郡内子町","town":"中田渡"}],"3513":[{"pref":"愛媛県","city":"喜多郡内子町","town":"上田渡"}],"3514":[{"pref":"愛媛県","city":"喜多郡内子町","town":"臼杵"}],"3521":[{"pref":"愛媛県","city":"喜多郡内子町","town":"本川"}],"3522":[{"pref":"愛媛県","city":"喜多郡内子町","town":"中川"}],"3523":[{"pref":"愛媛県","city":"喜多郡内子町","town":"上川"}],"3524":[{"pref":"愛媛県","city":"喜多郡内子町","town":"小田深山"}],"4321":[{"pref":"愛媛県","city":"松山市","town":"元怒和"}],"4322":[{"pref":"愛媛県","city":"松山市","town":"上怒和"}],"4323":[{"pref":"愛媛県","city":"松山市","town":"二神"}],"4324":[{"pref":"愛媛県","city":"松山市","town":"津和地"}],"4431":[{"pref":"愛媛県","city":"松山市","town":"睦月"}],"4432":[{"pref":"愛媛県","city":"松山市","town":"野忽那"}],"4501":[{"pref":"愛媛県","city":"松山市","town":"中島大浦"}],"4502":[{"pref":"愛媛県","city":"松山市","town":"小浜"}],"4503":[{"pref":"愛媛県","city":"松山市","town":"長師"}],"4504":[{"pref":"愛媛県","city":"松山市","town":"宮野"}],"4505":[{"pref":"愛媛県","city":"松山市","town":"神浦"}],"4506":[{"pref":"愛媛県","city":"松山市","town":"宇和間"}],"4507":[{"pref":"愛媛県","city":"松山市","town":"熊田"}],"4508":[{"pref":"愛媛県","city":"松山市","town":"吉木"}],"4509":[{"pref":"愛媛県","city":"松山市","town":"饒"}],"4510":[{"pref":"愛媛県","city":"松山市","town":"畑里"}],"4511":[{"pref":"愛媛県","city":"松山市","town":"中島粟井"}],"8001":[{"pref":"愛媛県","city":"松山市","town":"平田町"}],"8002":[{"pref":"愛媛県","city":"松山市","town":"谷町"}],"8003":[{"pref":"愛媛県","city":"松山市","town":"志津川町"}],"8004":[{"pref":"愛媛県","city":"松山市","town":"鴨川"}],"8005":[{"pref":"愛媛県","city":"松山市","town":"東長戸"}],"8006":[{"pref":"愛媛県","city":"松山市","town":"安城寺町"}],"8007":[{"pref":"愛媛県","city":"松山市","town":"高木町"}],"8011":[{"pref":"愛媛県","city":"松山市","town":"吉藤"}],"8012":[{"pref":"愛媛県","city":"松山市","town":"姫原"}],"8013":[{"pref":"愛媛県","city":"松山市","town":"山越（丁目）"}],"8014":[{"pref":"愛媛県","city":"松山市","town":"山越町"}],"8015":[{"pref":"愛媛県","city":"松山市","town":"中央"}],"8016":[{"pref":"愛媛県","city":"松山市","town":"久万ノ台"}],"8017":[{"pref":"愛媛県","city":"松山市","town":"西長戸町"}],"8018":[{"pref":"愛媛県","city":"松山市","town":"問屋町"}],"8019":[{"pref":"愛媛県","city":"松山市","town":"青葉台"}],"8021":[{"pref":"愛媛県","city":"松山市","town":"六軒家町"}],"8022":[{"pref":"愛媛県","city":"松山市","town":"美沢"}],"8023":[{"pref":"愛媛県","city":"松山市","town":"朝美"}],"8024":[{"pref":"愛媛県","city":"松山市","town":"朝日ケ丘"}],"8025":[{"pref":"愛媛県","city":"松山市","town":"衣山"}],"8026":[{"pref":"愛媛県","city":"松山市","town":"山西町"}],"8027":[{"pref":"愛媛県","city":"松山市","town":"明神丘"}],"8031":[{"pref":"愛媛県","city":"松山市","town":"北斎院町"}],"8032":[{"pref":"愛媛県","city":"松山市","town":"南斎院町"}],"8034":[{"pref":"愛媛県","city":"松山市","town":"富久町"}],"8035":[{"pref":"愛媛県","city":"松山市","town":"久保田町"}],"8036":[{"pref":"愛媛県","city":"松山市","town":"高岡町"}],"8041":[{"pref":"愛媛県","city":"松山市","town":"北吉田町"}],"8042":[{"pref":"愛媛県","city":"松山市","town":"南吉田町"}],"8043":[{"pref":"愛媛県","city":"松山市","town":"東垣生町"}],"8044":[{"pref":"愛媛県","city":"松山市","town":"西垣生町"}],"8051":[{"pref":"愛媛県","city":"松山市","town":"梅田町"}],"8052":[{"pref":"愛媛県","city":"松山市","town":"須賀町"}],"8053":[{"pref":"愛媛県","city":"松山市","town":"若葉町"}],"8054":[{"pref":"愛媛県","city":"松山市","town":"松江町"}],"8055":[{"pref":"愛媛県","city":"松山市","town":"清住"}],"8056":[{"pref":"愛媛県","city":"松山市","town":"別府町"}],"8057":[{"pref":"愛媛県","city":"松山市","town":"大可賀"}],"8058":[{"pref":"愛媛県","city":"松山市","town":"海岸通"}],"8060":[{"pref":"愛媛県","city":"松山市","town":"三津ふ頭"}],"8061":[{"pref":"愛媛県","city":"松山市","town":"三津"}],"8062":[{"pref":"愛媛県","city":"松山市","town":"住吉"}],"8063":[{"pref":"愛媛県","city":"松山市","town":"神田町"}],"8064":[{"pref":"愛媛県","city":"松山市","town":"元町"}],"8065":[{"pref":"愛媛県","city":"松山市","town":"三杉町"}],"8066":[{"pref":"愛媛県","city":"松山市","town":"祓川"}],"8067":[{"pref":"愛媛県","city":"松山市","town":"古三津"},{"pref":"愛媛県","city":"松山市","town":"古三津町"}],"8068":[{"pref":"愛媛県","city":"松山市","town":"みどりケ丘"}],"8069":[{"pref":"愛媛県","city":"松山市","town":"吉野町"}],"8071":[{"pref":"愛媛県","city":"松山市","town":"松ノ木"}],"8072":[{"pref":"愛媛県","city":"松山市","town":"桜ケ丘"}],"8073":[{"pref":"愛媛県","city":"松山市","town":"船ケ谷町"}],"8074":[{"pref":"愛媛県","city":"松山市","town":"東山町"}],"8075":[{"pref":"愛媛県","city":"松山市","town":"ひばりケ丘"}],"8076":[{"pref":"愛媛県","city":"松山市","town":"会津町"}],"8077":[{"pref":"愛媛県","city":"松山市","town":"内浜町"}],"8078":[{"pref":"愛媛県","city":"松山市","town":"中須賀"}],"8079":[{"pref":"愛媛県","city":"松山市","town":"高山町"}],"8081":[{"pref":"愛媛県","city":"松山市","town":"高浜町"}],"8082":[{"pref":"愛媛県","city":"松山市","town":"梅津寺町"}],"8083":[{"pref":"愛媛県","city":"松山市","town":"新浜町"}],"8084":[{"pref":"愛媛県","city":"松山市","town":"石風呂町"}],"8085":[{"pref":"愛媛県","city":"松山市","town":"港山町"}],"8086":[{"pref":"愛媛県","city":"松山市","town":"辰巳町"}],"8087":[{"pref":"愛媛県","city":"松山市","town":"春美町"}],"8091":[{"pref":"愛媛県","city":"松山市","town":"門田町"}],"8092":[{"pref":"愛媛県","city":"松山市","town":"由良町"}],"8093":[{"pref":"愛媛県","city":"松山市","town":"泊町"}],"0000":[{"pref":"愛媛県","city":"松山市","town":"以下に掲載がない場合"}],"0124":[{"pref":"愛媛県","city":"松山市","town":"青波町"}],"0134":[{"pref":"愛媛県","city":"松山市","town":"大井野町"}],"0241":[{"pref":"愛媛県","city":"松山市","town":"小野町"}],"0111":[{"pref":"愛媛県","city":"松山市","town":"上伊台町"}],"0103":[{"pref":"愛媛県","city":"松山市","town":"上高野町"}],"0132":[{"pref":"愛媛県","city":"松山市","town":"河中町"}],"0129":[{"pref":"愛媛県","city":"松山市","town":"川の郷町"}],"0242":[{"pref":"愛媛県","city":"松山市","town":"北梅本町"}],"0054":[{"pref":"愛媛県","city":"松山市","town":"空港通（３～７丁目）"}],"0150":[{"pref":"愛媛県","city":"松山市","town":"九川"}],"0135":[{"pref":"愛媛県","city":"松山市","town":"米野町"}],"0104":[{"pref":"愛媛県","city":"松山市","town":"食場町"}],"0112":[{"pref":"愛媛県","city":"松山市","town":"下伊台町"}],"0123":[{"pref":"愛媛県","city":"松山市","town":"宿野町"}],"0122":[{"pref":"愛媛県","city":"松山市","town":"末町"}],"0105":[{"pref":"愛媛県","city":"松山市","town":"杉立町"}],"0102":[{"pref":"愛媛県","city":"松山市","town":"高野町"}],"0126":[{"pref":"愛媛県","city":"松山市","town":"玉谷町"}],"0113":[{"pref":"愛媛県","city":"松山市","town":"白水台"}],"0133":[{"pref":"愛媛県","city":"松山市","town":"東川町"}],"0243":[{"pref":"愛媛県","city":"松山市","town":"平井町"}],"0128":[{"pref":"愛媛県","city":"松山市","town":"福見川町"}],"0127":[{"pref":"愛媛県","city":"松山市","town":"藤野町"}],"0101":[{"pref":"愛媛県","city":"松山市","town":"溝辺町"}],"0244":[{"pref":"愛媛県","city":"松山市","town":"水泥町"}],"0131":[{"pref":"愛媛県","city":"松山市","town":"水口町"}],"0245":[{"pref":"愛媛県","city":"松山市","town":"南梅本町"}],"0114":[{"pref":"愛媛県","city":"松山市","town":"南白水"}],"0121":[{"pref":"愛媛県","city":"松山市","town":"湯の山"}],"0120":[{"pref":"愛媛県","city":"松山市","town":"湯の山東"}],"0125":[{"pref":"愛媛県","city":"松山市","town":"湯山柳"}],"0562":[{"pref":"愛媛県","city":"西条市","town":"小松町石鎚（上戸石）"}],"0533":[{"pref":"愛媛県","city":"西条市","town":"丹原町明穂"}],"0508":[{"pref":"愛媛県","city":"西条市","town":"丹原町池田"}],"0532":[{"pref":"愛媛県","city":"西条市","town":"丹原町石経"}],"0503":[{"pref":"愛媛県","city":"西条市","town":"丹原町今井"}],"0537":[{"pref":"愛媛県","city":"西条市","town":"丹原町臼坂"}],"0525":[{"pref":"愛媛県","city":"西条市","town":"丹原町川根"}],"0502":[{"pref":"愛媛県","city":"西条市","town":"丹原町願連寺"}],"0523":[{"pref":"愛媛県","city":"西条市","town":"丹原町北田野"}],"0542":[{"pref":"愛媛県","city":"西条市","town":"丹原町楠窪"}],"0504":[{"pref":"愛媛県","city":"西条市","town":"丹原町久妙寺"}],"0541":[{"pref":"愛媛県","city":"西条市","town":"丹原町鞍瀬"}],"0531":[{"pref":"愛媛県","city":"西条市","town":"丹原町来見"}],"0507":[{"pref":"愛媛県","city":"西条市","town":"丹原町高知"}],"0505":[{"pref":"愛媛県","city":"西条市","town":"丹原町古田"}],"0535":[{"pref":"愛媛県","city":"西条市","town":"丹原町志川"}],"0527":[{"pref":"愛媛県","city":"西条市","town":"丹原町関屋"}],"0524":[{"pref":"愛媛県","city":"西条市","town":"丹原町高松"}],"0526":[{"pref":"愛媛県","city":"西条市","town":"丹原町田滝"}],"0522":[{"pref":"愛媛県","city":"西条市","town":"丹原町田野上方"}],"0510":[{"pref":"愛媛県","city":"西条市","town":"丹原町丹原"}],"0538":[{"pref":"愛媛県","city":"西条市","town":"丹原町千原"}],"0534":[{"pref":"愛媛県","city":"西条市","town":"丹原町寺尾"}],"0506":[{"pref":"愛媛県","city":"西条市","town":"丹原町徳能"}],"0501":[{"pref":"愛媛県","city":"西条市","town":"丹原町徳能出作"}],"0521":[{"pref":"愛媛県","city":"西条市","town":"丹原町長野"}],"0543":[{"pref":"愛媛県","city":"西条市","town":"丹原町明河"}],"0536":[{"pref":"愛媛県","city":"西条市","town":"丹原町湯谷口"}],"0200":[{"pref":"愛媛県","city":"東温市","town":"以下に掲載がない場合"}],"0315":[{"pref":"愛媛県","city":"東温市","town":"井内"}],"0221":[{"pref":"愛媛県","city":"東温市","town":"上村"}],"0213":[{"pref":"愛媛県","city":"東温市","town":"牛渕"}],"0223":[{"pref":"愛媛県","city":"東温市","town":"上林"}],"0321":[{"pref":"愛媛県","city":"東温市","town":"河之内"}],"0303":[{"pref":"愛媛県","city":"東温市","town":"北方"}],"0215":[{"pref":"愛媛県","city":"東温市","town":"北野田"}],"0204":[{"pref":"愛媛県","city":"東温市","town":"志津川"}],"0206":[{"pref":"愛媛県","city":"東温市","town":"志津川南"}],"0222":[{"pref":"愛媛県","city":"東温市","town":"下林"}],"0311":[{"pref":"愛媛県","city":"東温市","town":"則之内甲"}],"0312":[{"pref":"愛媛県","city":"東温市","town":"則之内乙"}],"0313":[{"pref":"愛媛県","city":"東温市","town":"則之内丙"}],"0212":[{"pref":"愛媛県","city":"東温市","town":"田窪"}],"0322":[{"pref":"愛媛県","city":"東温市","town":"滑川"}],"0205":[{"pref":"愛媛県","city":"東温市","town":"西岡"}],"0216":[{"pref":"愛媛県","city":"東温市","town":"野田"}],"0202":[{"pref":"愛媛県","city":"東温市","town":"樋口"}],"0314":[{"pref":"愛媛県","city":"東温市","town":"松瀬川"}],"0301":[{"pref":"愛媛県","city":"東温市","town":"南方"}],"0214":[{"pref":"愛媛県","city":"東温市","town":"南野田"}],"0211":[{"pref":"愛媛県","city":"東温市","town":"見奈良"}],"0323":[{"pref":"愛媛県","city":"東温市","town":"明河"}],"0201":[{"pref":"愛媛県","city":"東温市","town":"山之内"}],"0203":[{"pref":"愛媛県","city":"東温市","town":"横河原"}],"0302":[{"pref":"愛媛県","city":"東温市","town":"吉久"}]}