{"0000":[{"pref":"岩手県","city":"盛岡市","town":"以下に掲載がない場合"}],"0133":[{"pref":"岩手県","city":"盛岡市","town":"青山"}],"0801":[{"pref":"岩手県","city":"盛岡市","town":"浅岸"}],"0014":[{"pref":"岩手県","city":"盛岡市","town":"愛宕下"}],"0013":[{"pref":"岩手県","city":"盛岡市","town":"愛宕町"}],"0126":[{"pref":"岩手県","city":"盛岡市","town":"安倍館町"}],"0852":[{"pref":"岩手県","city":"盛岡市","town":"飯岡新田"}],"0312":[{"pref":"岩手県","city":"盛岡市","town":"砂子沢"}],"0054":[{"pref":"岩手県","city":"盛岡市","town":"猪去"}],"0142":[{"pref":"岩手県","city":"盛岡市","town":"稲荷町"}],"0012":[{"pref":"岩手県","city":"盛岡市","town":"岩清水"}],"0101":[{"pref":"岩手県","city":"盛岡市","town":"岩脇町"}],"0066":[{"pref":"岩手県","city":"盛岡市","town":"上田（１～４丁目、北山）"}],"0204":[{"pref":"岩手県","city":"盛岡市","town":"上田（糠森、小野松）"}],"0102":[{"pref":"岩手県","city":"盛岡市","town":"上田（その他）"}],"0113":[{"pref":"岩手県","city":"盛岡市","town":"上田堤"}],"0023":[{"pref":"岩手県","city":"盛岡市","town":"内丸"}],"0404":[{"pref":"岩手県","city":"盛岡市","town":"大ケ生"}],"0025":[{"pref":"岩手県","city":"盛岡市","town":"大沢川原"}],"0147":[{"pref":"岩手県","city":"盛岡市","town":"大館町"}],"0022":[{"pref":"岩手県","city":"盛岡市","town":"大通"}],"0403":[{"pref":"岩手県","city":"盛岡市","town":"乙部"}],"0026":[{"pref":"岩手県","city":"盛岡市","town":"開運橋通"}],"0807":[{"pref":"岩手県","city":"盛岡市","town":"加賀野"}],"0823":[{"pref":"岩手県","city":"盛岡市","town":"門"}],"0854":[{"pref":"岩手県","city":"盛岡市","town":"上飯岡"}],"0053":[{"pref":"岩手県","city":"盛岡市","town":"上太田"}],"0855":[{"pref":"岩手県","city":"盛岡市","town":"上鹿妻"}],"0143":[{"pref":"岩手県","city":"盛岡市","town":"上厨川"}],"0125":[{"pref":"岩手県","city":"盛岡市","town":"上堂"}],"0887":[{"pref":"岩手県","city":"盛岡市","town":"上ノ橋町"}],"0001":[{"pref":"岩手県","city":"盛岡市","town":"上米内"}],"0203":[{"pref":"岩手県","city":"盛岡市","town":"川又"}],"0812":[{"pref":"岩手県","city":"盛岡市","town":"川目"}],"0811":[{"pref":"岩手県","city":"盛岡市","town":"川目町"}],"0857":[{"pref":"岩手県","city":"盛岡市","town":"北飯岡"}],"0136":[{"pref":"岩手県","city":"盛岡市","town":"北天昌寺町"}],"0105":[{"pref":"岩手県","city":"盛岡市","town":"北松園"}],"0061":[{"pref":"岩手県","city":"盛岡市","town":"北山"}],"0031":[{"pref":"岩手県","city":"盛岡市","town":"北夕顔瀬町"}],"0124":[{"pref":"岩手県","city":"盛岡市","town":"厨川"}],"0111":[{"pref":"岩手県","city":"盛岡市","town":"黒石野"}],"0402":[{"pref":"岩手県","city":"盛岡市","town":"黒川"}],"0815":[{"pref":"岩手県","city":"盛岡市","town":"小杉山"}],"0104":[{"pref":"岩手県","city":"盛岡市","town":"小鳥沢"}],"0885":[{"pref":"岩手県","city":"盛岡市","town":"紺屋町"}],"0024":[{"pref":"岩手県","city":"盛岡市","town":"菜園"}],"0063":[{"pref":"岩手県","city":"盛岡市","town":"材木町"}],"0041":[{"pref":"岩手県","city":"盛岡市","town":"境田町"}],"0878":[{"pref":"岩手県","city":"盛岡市","town":"肴町"}],"0002":[{"pref":"岩手県","city":"盛岡市","town":"桜台"}],"0821":[{"pref":"岩手県","city":"盛岡市","town":"山王町"}],"0831":[{"pref":"岩手県","city":"盛岡市","town":"三本柳"}],"0883":[{"pref":"岩手県","city":"盛岡市","town":"志家町"}],"0875":[{"pref":"岩手県","city":"盛岡市","town":"清水町"}],"0853":[{"pref":"岩手県","city":"盛岡市","town":"下飯岡"}],"0877":[{"pref":"岩手県","city":"盛岡市","town":"下ノ橋町"}],"0051":[{"pref":"岩手県","city":"盛岡市","town":"下太田"}],"0856":[{"pref":"岩手県","city":"盛岡市","town":"下鹿妻"}],"0123":[{"pref":"岩手県","city":"盛岡市","town":"下厨川"}],"0003":[{"pref":"岩手県","city":"盛岡市","town":"下米内"}],"0044":[{"pref":"岩手県","city":"盛岡市","town":"城西町"}],"0803":[{"pref":"岩手県","city":"盛岡市","town":"新庄"}],"0806":[{"pref":"岩手県","city":"盛岡市","town":"新庄町"}],"0042":[{"pref":"岩手県","city":"盛岡市","town":"新田町"}],"0884":[{"pref":"岩手県","city":"盛岡市","town":"神明町"}],"0882":[{"pref":"岩手県","city":"盛岡市","town":"住吉町"}],"0127":[{"pref":"岩手県","city":"盛岡市","town":"前九年"}],"0861":[{"pref":"岩手県","city":"盛岡市","town":"仙北"}],"0865":[{"pref":"岩手県","city":"盛岡市","town":"仙北町"}],"0828":[{"pref":"岩手県","city":"盛岡市","town":"大慈寺町"}],"0135":[{"pref":"岩手県","city":"盛岡市","town":"大新町"}],"0825":[{"pref":"岩手県","city":"盛岡市","town":"高崩"}],"0114":[{"pref":"岩手県","city":"盛岡市","town":"高松"}],"0115":[{"pref":"岩手県","city":"盛岡市","town":"館向町"}],"0202":[{"pref":"岩手県","city":"盛岡市","town":"玉山"}],"0822":[{"pref":"岩手県","city":"盛岡市","town":"茶畑"}],"0021":[{"pref":"岩手県","city":"盛岡市","town":"中央通"}],"0121":[{"pref":"岩手県","city":"盛岡市","town":"月が丘"}],"0835":[{"pref":"岩手県","city":"盛岡市","town":"津志田"}],"0838":[{"pref":"岩手県","city":"盛岡市","town":"津志田中央"}],"0836":[{"pref":"岩手県","city":"盛岡市","town":"津志田西"}],"0837":[{"pref":"岩手県","city":"盛岡市","town":"津志田町"}],"0839":[{"pref":"岩手県","city":"盛岡市","town":"津志田南"}],"0144":[{"pref":"岩手県","city":"盛岡市","town":"土淵"}],"0802":[{"pref":"岩手県","city":"盛岡市","town":"つつじが丘"}],"0055":[{"pref":"岩手県","city":"盛岡市","town":"繋"}],"0401":[{"pref":"岩手県","city":"盛岡市","town":"手代森"}],"0137":[{"pref":"岩手県","city":"盛岡市","town":"天昌寺町"}],"0881":[{"pref":"岩手県","city":"盛岡市","town":"天神町"}],"0052":[{"pref":"岩手県","city":"盛岡市","town":"中太田"}],"0043":[{"pref":"岩手県","city":"盛岡市","town":"中川町"}],"0131":[{"pref":"岩手県","city":"盛岡市","town":"中堤町"}],"0816":[{"pref":"岩手県","city":"盛岡市","town":"中野"}],"0871":[{"pref":"岩手県","city":"盛岡市","town":"中ノ橋通"}],"0141":[{"pref":"岩手県","city":"盛岡市","town":"中屋敷町"}],"0834":[{"pref":"岩手県","city":"盛岡市","town":"永井"}],"0062":[{"pref":"岩手県","city":"盛岡市","town":"長田町"}],"0146":[{"pref":"岩手県","city":"盛岡市","town":"長橋町"}],"0064":[{"pref":"岩手県","city":"盛岡市","town":"梨木町"}],"0016":[{"pref":"岩手県","city":"盛岡市","town":"名須川町"}],"0827":[{"pref":"岩手県","city":"盛岡市","town":"鉈屋町"}],"0132":[{"pref":"岩手県","city":"盛岡市","town":"西青山"}],"0065":[{"pref":"岩手県","city":"盛岡市","town":"西下台町"}],"0864":[{"pref":"岩手県","city":"盛岡市","town":"西仙北"}],"0103":[{"pref":"岩手県","city":"盛岡市","town":"西松園"}],"0833":[{"pref":"岩手県","city":"盛岡市","town":"西見前"}],"0313":[{"pref":"岩手県","city":"盛岡市","town":"根田茂"}],"0116":[{"pref":"岩手県","city":"盛岡市","town":"箱清水"}],"0872":[{"pref":"岩手県","city":"盛岡市","town":"八幡町"}],"0841":[{"pref":"岩手県","city":"盛岡市","town":"羽場"}],"0876":[{"pref":"岩手県","city":"盛岡市","town":"馬場町"}],"0824":[{"pref":"岩手県","city":"盛岡市","town":"東安庭"}],"0108":[{"pref":"岩手県","city":"盛岡市","town":"東黒石野"}],"0804":[{"pref":"岩手県","city":"盛岡市","town":"東桜山"}],"0805":[{"pref":"岩手県","city":"盛岡市","town":"東新庄"}],"0862":[{"pref":"岩手県","city":"盛岡市","town":"東仙北"}],"0817":[{"pref":"岩手県","city":"盛岡市","town":"東中野"}],"0814":[{"pref":"岩手県","city":"盛岡市","town":"東中野町"}],"0106":[{"pref":"岩手県","city":"盛岡市","town":"東松園"}],"0112":[{"pref":"岩手県","city":"盛岡市","town":"東緑が丘"}],"0832":[{"pref":"岩手県","city":"盛岡市","town":"東見前"}],"0813":[{"pref":"岩手県","city":"盛岡市","town":"東山"}],"0201":[{"pref":"岩手県","city":"盛岡市","town":"日戸"}],"0145":[{"pref":"岩手県","city":"盛岡市","town":"平賀新田"}],"0015":[{"pref":"岩手県","city":"盛岡市","town":"本町通"}],"0148":[{"pref":"岩手県","city":"盛岡市","town":"前潟"}],"0873":[{"pref":"岩手県","city":"盛岡市","town":"松尾町"}],"0107":[{"pref":"岩手県","city":"盛岡市","town":"松園"}],"0826":[{"pref":"岩手県","city":"盛岡市","town":"神子田町"}],"0122":[{"pref":"岩手県","city":"盛岡市","town":"みたけ"}],"0011":[{"pref":"岩手県","city":"盛岡市","town":"三ツ割"}],"0117":[{"pref":"岩手県","city":"盛岡市","town":"緑が丘"}],"0134":[{"pref":"岩手県","city":"盛岡市","town":"南青山町"}],"0874":[{"pref":"岩手県","city":"盛岡市","town":"南大通"}],"0863":[{"pref":"岩手県","city":"盛岡市","town":"南仙北"}],"0851":[{"pref":"岩手県","city":"盛岡市","town":"向中野"}],"0866":[{"pref":"岩手県","city":"盛岡市","town":"本宮"}],"0005":[{"pref":"岩手県","city":"盛岡市","town":"紅葉が丘"}],"0045":[{"pref":"岩手県","city":"盛岡市","town":"盛岡駅西通"}],"0033":[{"pref":"岩手県","city":"盛岡市","town":"盛岡駅前北通"}],"0034":[{"pref":"岩手県","city":"盛岡市","town":"盛岡駅前通"}],"0311":[{"pref":"岩手県","city":"盛岡市","town":"簗川"}],"0004":[{"pref":"岩手県","city":"盛岡市","town":"山岸"}],"0032":[{"pref":"岩手県","city":"盛岡市","town":"夕顔瀬町"}],"0842":[{"pref":"岩手県","city":"盛岡市","town":"湯沢"}],"0844":[{"pref":"岩手県","city":"盛岡市","town":"湯沢東"}],"0843":[{"pref":"岩手県","city":"盛岡市","town":"湯沢西"}],"0845":[{"pref":"岩手県","city":"盛岡市","town":"湯沢南"}],"0846":[{"pref":"岩手県","city":"盛岡市","town":"流通センター北"}],"0886":[{"pref":"岩手県","city":"盛岡市","town":"若園町"}],"0600":[{"pref":"岩手県","city":"滝沢市","town":"以下に掲載がない場合"}],"0633":[{"pref":"岩手県","city":"滝沢市","town":"穴口"}],"0604":[{"pref":"岩手県","city":"滝沢市","town":"一本木"}],"0618":[{"pref":"岩手県","city":"滝沢市","town":"岩手山"}],"0685":[{"pref":"岩手県","city":"滝沢市","town":"鵜飼安達"}],"0673":[{"pref":"岩手県","city":"滝沢市","town":"鵜飼石留"}],"0681":[{"pref":"岩手県","city":"滝沢市","town":"鵜飼姥屋敷"}],"0662":[{"pref":"岩手県","city":"滝沢市","town":"鵜飼大緩"}],"0686":[{"pref":"岩手県","city":"滝沢市","town":"鵜飼鬼越"}],"0655":[{"pref":"岩手県","city":"滝沢市","town":"鵜飼御庭田"}],"0657":[{"pref":"岩手県","city":"滝沢市","town":"鵜飼鰍森"}],"0671":[{"pref":"岩手県","city":"滝沢市","town":"鵜飼上高柳"}],"0656":[{"pref":"岩手県","city":"滝沢市","town":"鵜飼上山"}],"0688":[{"pref":"岩手県","city":"滝沢市","town":"鵜飼上前田"}],"0668":[{"pref":"岩手県","city":"滝沢市","town":"鵜飼狐洞"}],"0664":[{"pref":"岩手県","city":"滝沢市","town":"鵜飼笹森"}],"0658":[{"pref":"岩手県","city":"滝沢市","town":"鵜飼清水沢"}],"0672":[{"pref":"岩手県","city":"滝沢市","town":"鵜飼下高柳"}],"0661":[{"pref":"岩手県","city":"滝沢市","town":"鵜飼白石"}],"0666":[{"pref":"岩手県","city":"滝沢市","town":"鵜飼先古川"}],"0659":[{"pref":"岩手県","city":"滝沢市","town":"鵜飼外久保"}],"0674":[{"pref":"岩手県","city":"滝沢市","town":"鵜飼高柳"}],"0675":[{"pref":"岩手県","city":"滝沢市","town":"鵜飼滝向"}],"0677":[{"pref":"岩手県","city":"滝沢市","town":"鵜飼樋の口"}],"0652":[{"pref":"岩手県","city":"滝沢市","town":"鵜飼洞畑"}],"0678":[{"pref":"岩手県","city":"滝沢市","town":"鵜飼年毛"}],"0684":[{"pref":"岩手県","city":"滝沢市","town":"鵜飼沼森"}],"0653":[{"pref":"岩手県","city":"滝沢市","town":"鵜飼迫"}],"0676":[{"pref":"岩手県","city":"滝沢市","town":"鵜飼八人打"}],"0683":[{"pref":"岩手県","city":"滝沢市","town":"鵜飼花平"}],"0651":[{"pref":"岩手県","city":"滝沢市","town":"鵜飼細谷地"}],"0667":[{"pref":"岩手県","city":"滝沢市","town":"鵜飼向新田"}],"0663":[{"pref":"岩手県","city":"滝沢市","town":"鵜飼諸葛川"}],"0682":[{"pref":"岩手県","city":"滝沢市","town":"鵜飼臨安"}],"0601":[{"pref":"岩手県","city":"滝沢市","town":"後"}],"0615":[{"pref":"岩手県","city":"滝沢市","town":"卯遠坂"}],"0627":[{"pref":"岩手県","city":"滝沢市","town":"狼久保"}],"0613":[{"pref":"岩手県","city":"滝沢市","town":"大石渡"}],"0769":[{"pref":"岩手県","city":"滝沢市","town":"大釜荒屋敷"}],"0754":[{"pref":"岩手県","city":"滝沢市","town":"大釜上釜"}],"0758":[{"pref":"岩手県","city":"滝沢市","town":"大釜大清水"}],"0763":[{"pref":"岩手県","city":"滝沢市","town":"大釜大畑"}],"0776":[{"pref":"岩手県","city":"滝沢市","town":"大釜鬼が滝"}],"0757":[{"pref":"岩手県","city":"滝沢市","town":"大釜風林"}],"0755":[{"pref":"岩手県","city":"滝沢市","town":"大釜釜口"}],"0773":[{"pref":"岩手県","city":"滝沢市","town":"大釜上竹鼻"}],"0765":[{"pref":"岩手県","city":"滝沢市","town":"大釜小屋敷"}],"0774":[{"pref":"岩手県","city":"滝沢市","town":"大釜塩の森"}],"0752":[{"pref":"岩手県","city":"滝沢市","town":"大釜白山"}],"0751":[{"pref":"岩手県","city":"滝沢市","town":"大釜千が窪"}],"0756":[{"pref":"岩手県","city":"滝沢市","town":"大釜高森"}],"0771":[{"pref":"岩手県","city":"滝沢市","town":"大釜竹鼻"}],"0761":[{"pref":"岩手県","city":"滝沢市","town":"大釜田の尻"}],"0764":[{"pref":"岩手県","city":"滝沢市","town":"大釜土井尻"}],"0762":[{"pref":"岩手県","city":"滝沢市","town":"大釜外館"}],"0772":[{"pref":"岩手県","city":"滝沢市","town":"大釜中瀬"}],"0767":[{"pref":"岩手県","city":"滝沢市","town":"大釜中道"}],"0777":[{"pref":"岩手県","city":"滝沢市","town":"大釜仁沢瀬"}],"0775":[{"pref":"岩手県","city":"滝沢市","town":"大釜沼袋"}],"0766":[{"pref":"岩手県","city":"滝沢市","town":"大釜八幡前"}],"0753":[{"pref":"岩手県","city":"滝沢市","town":"大釜細屋"}],"0778":[{"pref":"岩手県","city":"滝沢市","town":"大釜吉水"}],"0779":[{"pref":"岩手県","city":"滝沢市","town":"大釜吉清水"}],"0768":[{"pref":"岩手県","city":"滝沢市","town":"大釜和田"}],"0636":[{"pref":"岩手県","city":"滝沢市","town":"大久保"}],"0621":[{"pref":"岩手県","city":"滝沢市","town":"大崎"}],"0701":[{"pref":"岩手県","city":"滝沢市","town":"大沢籠屋敷"}],"0702":[{"pref":"岩手県","city":"滝沢市","town":"大沢上鶴子"}],"0718":[{"pref":"岩手県","city":"滝沢市","town":"大沢小谷地"}],"0715":[{"pref":"岩手県","city":"滝沢市","town":"大沢下屋敷"}],"0713":[{"pref":"岩手県","city":"滝沢市","town":"大沢新道"}],"0703":[{"pref":"岩手県","city":"滝沢市","town":"大沢堰合"}],"0707":[{"pref":"岩手県","city":"滝沢市","town":"大沢館"}],"0719":[{"pref":"岩手県","city":"滝沢市","town":"大沢鶴子"}],"0709":[{"pref":"岩手県","city":"滝沢市","town":"大沢外山野"}],"0712":[{"pref":"岩手県","city":"滝沢市","town":"大沢長坪"}],"0708":[{"pref":"岩手県","city":"滝沢市","town":"大沢箸木平"}],"0705":[{"pref":"岩手県","city":"滝沢市","town":"大沢二タ又"}],"0714":[{"pref":"岩手県","city":"滝沢市","town":"大沢舛村"}],"0710":[{"pref":"岩手県","city":"滝沢市","town":"大沢弥作畑"}],"0711":[{"pref":"岩手県","city":"滝沢市","town":"大沢谷地上"}],"0704":[{"pref":"岩手県","city":"滝沢市","town":"大沢谷地中"}],"0717":[{"pref":"岩手県","city":"滝沢市","town":"大沢四つ家"}],"0716":[{"pref":"岩手県","city":"滝沢市","town":"大沢米倉"}],"0706":[{"pref":"岩手県","city":"滝沢市","town":"大沢割田"}],"0602":[{"pref":"岩手県","city":"滝沢市","town":"大森平"}],"0606":[{"pref":"岩手県","city":"滝沢市","town":"加賀内"}],"0619":[{"pref":"岩手県","city":"滝沢市","town":"上岩手山"}],"0687":[{"pref":"岩手県","city":"滝沢市","town":"上鵜飼"}],"0614":[{"pref":"岩手県","city":"滝沢市","town":"上中村"}],"0646":[{"pref":"岩手県","city":"滝沢市","town":"黒沢"}],"0624":[{"pref":"岩手県","city":"滝沢市","town":"妻の神"}],"0723":[{"pref":"岩手県","city":"滝沢市","town":"篠木綾織"}],"0726":[{"pref":"岩手県","city":"滝沢市","town":"篠木荒屋"}],"0745":[{"pref":"岩手県","city":"滝沢市","town":"篠木大寺沢"}],"0742":[{"pref":"岩手県","city":"滝沢市","town":"篠木苧桶沢"}],"0722":[{"pref":"岩手県","city":"滝沢市","town":"篠木上綾織"}],"0734":[{"pref":"岩手県","city":"滝沢市","town":"篠木上黒畑"}],"0728":[{"pref":"岩手県","city":"滝沢市","town":"篠木上篠木"}],"0735":[{"pref":"岩手県","city":"滝沢市","town":"篠木黒畑"}],"0724":[{"pref":"岩手県","city":"滝沢市","town":"篠木小谷地"}],"0736":[{"pref":"岩手県","city":"滝沢市","town":"篠木参郷"}],"0738":[{"pref":"岩手県","city":"滝沢市","town":"篠木参郷の森"}],"0743":[{"pref":"岩手県","city":"滝沢市","town":"篠木外山"}],"0744":[{"pref":"岩手県","city":"滝沢市","town":"篠木館が沢"}],"0737":[{"pref":"岩手県","city":"滝沢市","town":"篠木堤"}],"0732":[{"pref":"岩手県","city":"滝沢市","town":"篠木樋の口"}],"0727":[{"pref":"岩手県","city":"滝沢市","town":"篠木鳥谷平"}],"0721":[{"pref":"岩手県","city":"滝沢市","town":"篠木中村"}],"0725":[{"pref":"岩手県","city":"滝沢市","town":"篠木中屋敷"}],"0746":[{"pref":"岩手県","city":"滝沢市","town":"篠木仁沢瀬"}],"0733":[{"pref":"岩手県","city":"滝沢市","town":"篠木待場"}],"0731":[{"pref":"岩手県","city":"滝沢市","town":"篠木明法"}],"0741":[{"pref":"岩手県","city":"滝沢市","town":"篠木矢取森"}],"0665":[{"pref":"岩手県","city":"滝沢市","town":"下鵜飼"}],"0611":[{"pref":"岩手県","city":"滝沢市","town":"巣子"}],"0605":[{"pref":"岩手県","city":"滝沢市","town":"砂込"}],"0643":[{"pref":"岩手県","city":"滝沢市","town":"外山"}],"0645":[{"pref":"岩手県","city":"滝沢市","town":"高屋敷"}],"0637":[{"pref":"岩手県","city":"滝沢市","town":"高屋敷平"}],"0608":[{"pref":"岩手県","city":"滝沢市","town":"長太郎林"}],"0638":[{"pref":"岩手県","city":"滝沢市","town":"土沢"}],"0616":[{"pref":"岩手県","city":"滝沢市","town":"木賊川"}],"0603":[{"pref":"岩手県","city":"滝沢市","town":"留が森"}],"0654":[{"pref":"岩手県","city":"滝沢市","town":"中鵜飼"}],"0642":[{"pref":"岩手県","city":"滝沢市","town":"中村"}],"0623":[{"pref":"岩手県","city":"滝沢市","town":"楢の木沢"}],"0641":[{"pref":"岩手県","city":"滝沢市","town":"祢宜屋敷"}],"0631":[{"pref":"岩手県","city":"滝沢市","town":"根堀坂"}],"0622":[{"pref":"岩手県","city":"滝沢市","town":"野沢"}],"0625":[{"pref":"岩手県","city":"滝沢市","town":"葉の木沢山"}],"0644":[{"pref":"岩手県","city":"滝沢市","town":"平蔵沢"}],"0632":[{"pref":"岩手県","city":"滝沢市","town":"牧野林"}],"0635":[{"pref":"岩手県","city":"滝沢市","town":"耳取山"}],"0626":[{"pref":"岩手県","city":"滝沢市","town":"明神平"}],"0634":[{"pref":"岩手県","city":"滝沢市","town":"室小路"}],"0612":[{"pref":"岩手県","city":"滝沢市","town":"柳沢"}],"0609":[{"pref":"岩手県","city":"滝沢市","town":"柳原"}],"0607":[{"pref":"岩手県","city":"滝沢市","town":"弥兵エ林"}],"0617":[{"pref":"岩手県","city":"滝沢市","town":"湯舟沢"}],"0500":[{"pref":"岩手県","city":"岩手郡雫石町","town":"以下に掲載がない場合"}],"0502":[{"pref":"岩手県","city":"岩手郡雫石町","town":"板橋"}],"0546":[{"pref":"岩手県","city":"岩手郡雫石町","town":"稲荷下"}],"0583":[{"pref":"岩手県","city":"岩手郡雫石町","town":"上野"}],"0574":[{"pref":"岩手県","city":"岩手郡雫石町","town":"鴬宿"}],"0581":[{"pref":"岩手県","city":"岩手郡雫石町","town":"御明神"}],"0544":[{"pref":"岩手県","city":"岩手郡雫石町","town":"柿木"}],"0559":[{"pref":"岩手県","city":"岩手郡雫石町","town":"上笹森"}],"0555":[{"pref":"岩手県","city":"岩手郡雫石町","town":"上曽根田"}],"0557":[{"pref":"岩手県","city":"岩手郡雫石町","town":"上平"}],"0538":[{"pref":"岩手県","city":"岩手郡雫石町","town":"上町北"}],"0537":[{"pref":"岩手県","city":"岩手郡雫石町","town":"上町西"}],"0539":[{"pref":"岩手県","city":"岩手郡雫石町","town":"上町東"}],"0530":[{"pref":"岩手県","city":"岩手郡雫石町","town":"上町南"}],"0534":[{"pref":"岩手県","city":"岩手郡雫石町","town":"川原"}],"0517":[{"pref":"岩手県","city":"岩手郡雫石町","town":"黒沢川"}],"0525":[{"pref":"岩手県","city":"岩手郡雫石町","town":"源大堂"}],"0535":[{"pref":"岩手県","city":"岩手郡雫石町","town":"小日谷地"}],"0551":[{"pref":"岩手県","city":"岩手郡雫石町","town":"笹森"}],"0512":[{"pref":"岩手県","city":"岩手郡雫石町","town":"塩ケ森"}],"0513":[{"pref":"岩手県","city":"岩手郡雫石町","town":"下兎野"}],"0522":[{"pref":"岩手県","city":"岩手郡雫石町","town":"下久保"}],"0558":[{"pref":"岩手県","city":"岩手郡雫石町","town":"下笹森"}],"0553":[{"pref":"岩手県","city":"岩手郡雫石町","town":"下曽根田"}],"0552":[{"pref":"岩手県","city":"岩手郡雫石町","town":"下平"}],"0515":[{"pref":"岩手県","city":"岩手郡雫石町","town":"下長根"}],"0528":[{"pref":"岩手県","city":"岩手郡雫石町","town":"下町"}],"0529":[{"pref":"岩手県","city":"岩手郡雫石町","town":"下町西"}],"0520":[{"pref":"岩手県","city":"岩手郡雫石町","town":"下町東"}],"0541":[{"pref":"岩手県","city":"岩手郡雫石町","town":"千刈田"}],"0521":[{"pref":"岩手県","city":"岩手郡雫石町","town":"麁津田"}],"0543":[{"pref":"岩手県","city":"岩手郡雫石町","town":"高前田"}],"0571":[{"pref":"岩手県","city":"岩手郡雫石町","town":"繋"}],"0524":[{"pref":"岩手県","city":"岩手郡雫石町","town":"寺の下"}],"0505":[{"pref":"岩手県","city":"岩手郡雫石町","town":"中黒沢川"}],"0504":[{"pref":"岩手県","city":"岩手郡雫石町","town":"中沼"}],"0527":[{"pref":"岩手県","city":"岩手郡雫石町","town":"中町"}],"0511":[{"pref":"岩手県","city":"岩手郡雫石町","town":"長畑"}],"0585":[{"pref":"岩手県","city":"岩手郡雫石町","town":"長山"}],"0556":[{"pref":"岩手県","city":"岩手郡雫石町","town":"名子"}],"0503":[{"pref":"岩手県","city":"岩手郡雫石町","town":"七ツ森"}],"0501":[{"pref":"岩手県","city":"岩手郡雫石町","town":"仁佐瀬"}],"0572":[{"pref":"岩手県","city":"岩手郡雫石町","town":"西安庭"}],"0584":[{"pref":"岩手県","city":"岩手郡雫石町","town":"西根"}],"0506":[{"pref":"岩手県","city":"岩手郡雫石町","town":"沼返"}],"0523":[{"pref":"岩手県","city":"岩手郡雫石町","town":"根堀"}],"0514":[{"pref":"岩手県","city":"岩手郡雫石町","town":"野中"}],"0582":[{"pref":"岩手県","city":"岩手郡雫石町","town":"橋場"}],"0536":[{"pref":"岩手県","city":"岩手郡雫石町","town":"八卦"}],"0533":[{"pref":"岩手県","city":"岩手郡雫石町","town":"林"}],"0532":[{"pref":"岩手県","city":"岩手郡雫石町","town":"払川"}],"0547":[{"pref":"岩手県","city":"岩手郡雫石町","town":"晴山"}],"0554":[{"pref":"岩手県","city":"岩手郡雫石町","town":"町裏"}],"0531":[{"pref":"岩手県","city":"岩手郡雫石町","town":"麻見田"}],"0507":[{"pref":"岩手県","city":"岩手郡雫石町","town":"丸谷地"}],"0542":[{"pref":"岩手県","city":"岩手郡雫石町","town":"万田渡"}],"0573":[{"pref":"岩手県","city":"岩手郡雫石町","town":"南畑"}],"0545":[{"pref":"岩手県","city":"岩手郡雫石町","town":"谷地"}],"0891":[{"pref":"岩手県","city":"紫波郡矢巾町","town":"流通センター南"}]}