{"8001":[{"pref":"新潟県","city":"新潟市中央区","town":"海辺町"}],"8002":[{"pref":"新潟県","city":"新潟市中央区","town":"船見町"}],"8003":[{"pref":"新潟県","city":"新潟市中央区","town":"雲雀町"}],"8004":[{"pref":"新潟県","city":"新潟市中央区","town":"山田町"}],"8005":[{"pref":"新潟県","city":"新潟市中央区","town":"室町"}],"8006":[{"pref":"新潟県","city":"新潟市中央区","town":"附船町"}],"8007":[{"pref":"新潟県","city":"新潟市中央区","town":"忠蔵町"}],"8008":[{"pref":"新潟県","city":"新潟市中央区","town":"窪田町"}],"8011":[{"pref":"新潟県","city":"新潟市中央区","town":"入船町"}],"8012":[{"pref":"新潟県","city":"新潟市中央区","town":"東入船町"}],"8013":[{"pref":"新潟県","city":"新潟市中央区","town":"柳島町"}],"8014":[{"pref":"新潟県","city":"新潟市中央区","town":"緑町"}],"8015":[{"pref":"新潟県","city":"新潟市中央区","town":"松岡町"}],"8016":[{"pref":"新潟県","city":"新潟市中央区","town":"田町"}],"8017":[{"pref":"新潟県","city":"新潟市中央区","town":"艀川岸町"}],"8018":[{"pref":"新潟県","city":"新潟市中央区","town":"稲荷町"}],"8021":[{"pref":"新潟県","city":"新潟市中央区","town":"曙町"}],"8022":[{"pref":"新潟県","city":"新潟市中央区","town":"横六番町"}],"8023":[{"pref":"新潟県","city":"新潟市中央区","town":"夕栄町"}],"8024":[{"pref":"新潟県","city":"新潟市中央区","town":"早川町"}],"8025":[{"pref":"新潟県","city":"新潟市中央区","town":"赤坂町"}],"8026":[{"pref":"新潟県","city":"新潟市中央区","town":"西湊町通"}],"8027":[{"pref":"新潟県","city":"新潟市中央区","town":"湊町通"}],"8028":[{"pref":"新潟県","city":"新潟市中央区","town":"東湊町通"}],"8031":[{"pref":"新潟県","city":"新潟市中央区","town":"北毘沙門町"}],"8032":[{"pref":"新潟県","city":"新潟市中央区","town":"見方町"}],"8033":[{"pref":"新潟県","city":"新潟市中央区","town":"豊照町"}],"8034":[{"pref":"新潟県","city":"新潟市中央区","town":"魁町"}],"8035":[{"pref":"新潟県","city":"新潟市中央区","town":"船場町"}],"8036":[{"pref":"新潟県","city":"新潟市中央区","town":"芳町"}],"8037":[{"pref":"新潟県","city":"新潟市中央区","town":"相生町"}],"8038":[{"pref":"新潟県","city":"新潟市中央区","town":"南毘沙門町"}],"8041":[{"pref":"新潟県","city":"新潟市中央区","town":"本間町"}],"8042":[{"pref":"新潟県","city":"新潟市中央区","town":"住吉町"}],"8043":[{"pref":"新潟県","city":"新潟市中央区","town":"西厩島町"}],"8044":[{"pref":"新潟県","city":"新潟市中央区","town":"東厩島町"}],"8045":[{"pref":"新潟県","city":"新潟市中央区","town":"並木町"}],"8046":[{"pref":"新潟県","city":"新潟市中央区","town":"秣川岸通"}],"8047":[{"pref":"新潟県","city":"新潟市中央区","town":"南多門町"}],"8048":[{"pref":"新潟県","city":"新潟市中央区","town":"北多門町"}],"8051":[{"pref":"新潟県","city":"新潟市中央区","town":"新島町通"}],"8052":[{"pref":"新潟県","city":"新潟市中央区","town":"下大川前通"}],"8053":[{"pref":"新潟県","city":"新潟市中央区","town":"川端町"}],"8054":[{"pref":"新潟県","city":"新潟市中央区","town":"礎町通上一ノ町"}],"8055":[{"pref":"新潟県","city":"新潟市中央区","town":"礎町通"}],"8056":[{"pref":"新潟県","city":"新潟市中央区","town":"花町"}],"8057":[{"pref":"新潟県","city":"新潟市中央区","town":"月町"}],"8058":[{"pref":"新潟県","city":"新潟市中央区","town":"雪町"}],"8061":[{"pref":"新潟県","city":"新潟市中央区","town":"西堀通"}],"8062":[{"pref":"新潟県","city":"新潟市中央区","town":"西堀前通"}],"8063":[{"pref":"新潟県","city":"新潟市中央区","town":"古町通"}],"8064":[{"pref":"新潟県","city":"新潟市中央区","town":"横一番町"}],"8065":[{"pref":"新潟県","city":"新潟市中央区","town":"東堀通"}],"8066":[{"pref":"新潟県","city":"新潟市中央区","town":"東堀前通"}],"8067":[{"pref":"新潟県","city":"新潟市中央区","town":"本町通"}],"8068":[{"pref":"新潟県","city":"新潟市中央区","town":"上大川前通"}],"8071":[{"pref":"新潟県","city":"新潟市中央区","town":"栄町"}],"8072":[{"pref":"新潟県","city":"新潟市中央区","town":"浮洲町"}],"8073":[{"pref":"新潟県","city":"新潟市中央区","town":"寿町"}],"8074":[{"pref":"新潟県","city":"新潟市中央区","town":"祝町"}],"8075":[{"pref":"新潟県","city":"新潟市中央区","town":"元祝町"}],"8076":[{"pref":"新潟県","city":"新潟市中央区","town":"翁町"}],"8077":[{"pref":"新潟県","city":"新潟市中央区","town":"烏帽子町"}],"8078":[{"pref":"新潟県","city":"新潟市中央区","town":"四ツ屋町"}],"8081":[{"pref":"新潟県","city":"新潟市中央区","town":"寄附町"}],"8082":[{"pref":"新潟県","city":"新潟市中央区","town":"西受地町"}],"8083":[{"pref":"新潟県","city":"新潟市中央区","town":"横七番町通"}],"8084":[{"pref":"新潟県","city":"新潟市中央区","town":"元下島町"}],"8085":[{"pref":"新潟県","city":"新潟市中央区","town":"寺山町"}],"8086":[{"pref":"新潟県","city":"新潟市中央区","town":"寄合町"}],"8087":[{"pref":"新潟県","city":"新潟市中央区","town":"東受地町"}],"8088":[{"pref":"新潟県","city":"新潟市中央区","town":"菅根町"}],"8101":[{"pref":"新潟県","city":"新潟市中央区","town":"西船見町"}],"8102":[{"pref":"新潟県","city":"新潟市中央区","town":"二葉町"}],"8103":[{"pref":"新潟県","city":"新潟市中央区","town":"田中町"}],"8104":[{"pref":"新潟県","city":"新潟市中央区","town":"西大畑町"}],"8105":[{"pref":"新潟県","city":"新潟市中央区","town":"北大畑町"}],"8106":[{"pref":"新潟県","city":"新潟市中央区","town":"東大畑通"}],"8107":[{"pref":"新潟県","city":"新潟市中央区","town":"南大畑町"}],"8108":[{"pref":"新潟県","city":"新潟市中央区","town":"中大畑町"}],"8111":[{"pref":"新潟県","city":"新潟市中央区","town":"北浜通"}],"8112":[{"pref":"新潟県","city":"新潟市中央区","town":"南浜通"}],"8113":[{"pref":"新潟県","city":"新潟市中央区","town":"寄居町"}],"8114":[{"pref":"新潟県","city":"新潟市中央区","town":"営所通"}],"8115":[{"pref":"新潟県","city":"新潟市中央区","town":"寺裏通"}],"8116":[{"pref":"新潟県","city":"新潟市中央区","town":"東中通"}],"8117":[{"pref":"新潟県","city":"新潟市中央区","town":"南横堀町"}],"8118":[{"pref":"新潟県","city":"新潟市中央区","town":"西中町"}],"8121":[{"pref":"新潟県","city":"新潟市中央区","town":"水道町"}],"8122":[{"pref":"新潟県","city":"新潟市中央区","town":"旭町通"}],"8123":[{"pref":"新潟県","city":"新潟市中央区","town":"下旭町"}],"8124":[{"pref":"新潟県","city":"新潟市中央区","town":"医学町通"}],"8125":[{"pref":"新潟県","city":"新潟市中央区","town":"学校裏町"}],"8126":[{"pref":"新潟県","city":"新潟市中央区","town":"学校町通"}],"8127":[{"pref":"新潟県","city":"新潟市中央区","town":"関屋下川原町"}],"8131":[{"pref":"新潟県","city":"新潟市中央区","town":"白山浦"}],"8132":[{"pref":"新潟県","city":"新潟市中央区","town":"一番堀通町"}],"8133":[{"pref":"新潟県","city":"新潟市中央区","town":"川岸町"}],"8134":[{"pref":"新潟県","city":"新潟市中央区","town":"関屋"},{"pref":"新潟県","city":"新潟市西区","town":"関屋"}],"8135":[{"pref":"新潟県","city":"新潟市中央区","town":"関屋新町通"}],"8136":[{"pref":"新潟県","city":"新潟市中央区","town":"関屋田町"}],"8137":[{"pref":"新潟県","city":"新潟市中央区","town":"白山浦新町通"}],"8141":[{"pref":"新潟県","city":"新潟市中央区","town":"関新"}],"8142":[{"pref":"新潟県","city":"新潟市中央区","town":"関屋大川前"}],"8143":[{"pref":"新潟県","city":"新潟市中央区","town":"関屋恵町"}],"8144":[{"pref":"新潟県","city":"新潟市中央区","town":"関南町"}],"8145":[{"pref":"新潟県","city":"新潟市中央区","town":"有明台"}],"8146":[{"pref":"新潟県","city":"新潟市中央区","town":"有明大橋町"}],"8147":[{"pref":"新潟県","city":"新潟市中央区","town":"弥生町"}],"8151":[{"pref":"新潟県","city":"新潟市中央区","town":"浜浦町"}],"8152":[{"pref":"新潟県","city":"新潟市中央区","town":"信濃町"}],"8153":[{"pref":"新潟県","city":"新潟市中央区","town":"文京町"}],"8154":[{"pref":"新潟県","city":"新潟市中央区","town":"堀割町"}],"8155":[{"pref":"新潟県","city":"新潟市西区","town":"関屋堀割町"}],"8156":[{"pref":"新潟県","city":"新潟市中央区","town":"汐見台"}],"8161":[{"pref":"新潟県","city":"新潟市中央区","town":"関屋松波町"}],"8162":[{"pref":"新潟県","city":"新潟市中央区","town":"関屋本村町"}],"8163":[{"pref":"新潟県","city":"新潟市中央区","town":"関屋御船蔵町"}],"8164":[{"pref":"新潟県","city":"新潟市中央区","town":"関屋昭和町"}],"8165":[{"pref":"新潟県","city":"新潟市中央区","town":"関屋金鉢山町"}],"8166":[{"pref":"新潟県","city":"新潟市中央区","town":"関屋浜松町"}],"8167":[{"pref":"新潟県","city":"新潟市中央区","town":"関屋金衛町"}]}