{"0000":[{"pref":"山形県","city":"長井市","town":"以下に掲載がない場合"}],"0022":[{"pref":"山形県","city":"長井市","town":"芦沢"}],"0006":[{"pref":"山形県","city":"長井市","town":"あら町"}],"0072":[{"pref":"山形県","city":"長井市","town":"五十川"}],"0031":[{"pref":"山形県","city":"長井市","town":"泉"}],"0033":[{"pref":"山形県","city":"長井市","town":"今泉"}],"0034":[{"pref":"山形県","city":"長井市","town":"歌丸"}],"0083":[{"pref":"山形県","city":"長井市","town":"大町"}],"0005":[{"pref":"山形県","city":"長井市","town":"片田町"}],"0021":[{"pref":"山形県","city":"長井市","town":"上伊佐沢"}],"0032":[{"pref":"山形県","city":"長井市","town":"河井"}],"0062":[{"pref":"山形県","city":"長井市","town":"川原沢"}],"0064":[{"pref":"山形県","city":"長井市","town":"勧進代"}],"0063":[{"pref":"山形県","city":"長井市","town":"草岡"}],"0041":[{"pref":"山形県","city":"長井市","town":"九野本"}],"0014":[{"pref":"山形県","city":"長井市","town":"小出"}],"0085":[{"pref":"山形県","city":"長井市","town":"高野町"}],"0051":[{"pref":"山形県","city":"長井市","town":"幸町"}],"0084":[{"pref":"山形県","city":"長井市","town":"栄町"}],"0054":[{"pref":"山形県","city":"長井市","town":"清水町"}],"0023":[{"pref":"山形県","city":"長井市","town":"下伊佐沢"}],"0071":[{"pref":"山形県","city":"長井市","town":"白兎"}],"0052":[{"pref":"山形県","city":"長井市","town":"新町"}],"0004":[{"pref":"山形県","city":"長井市","town":"神明町"}],"0016":[{"pref":"山形県","city":"長井市","town":"台町"}],"0013":[{"pref":"山形県","city":"長井市","town":"館町南"}],"0011":[{"pref":"山形県","city":"長井市","town":"館町北"}],"0061":[{"pref":"山形県","city":"長井市","town":"寺泉"}],"0086":[{"pref":"山形県","city":"長井市","town":"十日町"}],"0035":[{"pref":"山形県","city":"長井市","town":"時庭"}],"0024":[{"pref":"山形県","city":"長井市","town":"中伊佐沢"}],"0053":[{"pref":"山形県","city":"長井市","town":"中道"}],"0075":[{"pref":"山形県","city":"長井市","town":"成田"}],"0017":[{"pref":"山形県","city":"長井市","town":"花作町"}],"0003":[{"pref":"山形県","city":"長井市","town":"東町"}],"0012":[{"pref":"山形県","city":"長井市","town":"日の出町"}],"0042":[{"pref":"山形県","city":"長井市","town":"平山"}],"0082":[{"pref":"山形県","city":"長井市","town":"舟場"}],"0001":[{"pref":"山形県","city":"長井市","town":"ままの上"}],"0081":[{"pref":"山形県","city":"長井市","town":"緑町"}],"0074":[{"pref":"山形県","city":"長井市","town":"宮"}],"0007":[{"pref":"山形県","city":"長井市","town":"本町"}],"0073":[{"pref":"山形県","city":"長井市","town":"森"}],"0002":[{"pref":"山形県","city":"長井市","town":"屋城町"}],"0087":[{"pref":"山形県","city":"長井市","town":"横町"}],"0015":[{"pref":"山形県","city":"長井市","town":"四ツ谷"}]}