{"0000":[{"pref":"北海道","city":"函館市","town":"以下に掲載がない場合"}],"0044":[{"pref":"北海道","city":"函館市","town":"青柳町"}],"0076":[{"pref":"北海道","city":"函館市","town":"浅野町"}],"0037":[{"pref":"北海道","city":"函館市","town":"旭町"}],"0057":[{"pref":"北海道","city":"函館市","town":"入舟町"}],"0023":[{"pref":"北海道","city":"函館市","town":"宇賀浦町"}],"0071":[{"pref":"北海道","city":"函館市","town":"追分町"}],"0084":[{"pref":"北海道","city":"函館市","town":"大川町"}],"0064":[{"pref":"北海道","city":"函館市","town":"大手町"}],"0062":[{"pref":"北海道","city":"函館市","town":"大縄町"}],"0052":[{"pref":"北海道","city":"函館市","town":"大町"}],"0034":[{"pref":"北海道","city":"函館市","town":"大森町"}],"0061":[{"pref":"北海道","city":"函館市","town":"海岸町"}],"0031":[{"pref":"北海道","city":"函館市","town":"上新川町"}],"0072":[{"pref":"北海道","city":"函館市","town":"亀田町"}],"0078":[{"pref":"北海道","city":"函館市","town":"北浜町"}],"0001":[{"pref":"北海道","city":"函館市","town":"五稜郭町"}],"0041":[{"pref":"北海道","city":"函館市","town":"栄町"}],"0036":[{"pref":"北海道","city":"函館市","town":"東雲町"}],"0082":[{"pref":"北海道","city":"函館市","town":"白鳥町"}],"0032":[{"pref":"北海道","city":"函館市","town":"新川町"}],"0053":[{"pref":"北海道","city":"函館市","town":"末広町"}],"0004":[{"pref":"北海道","city":"函館市","town":"杉並町"}],"0045":[{"pref":"北海道","city":"函館市","town":"住吉町"}],"0024":[{"pref":"北海道","city":"函館市","town":"高盛町"}],"0081":[{"pref":"北海道","city":"函館市","town":"田家町"}],"0033":[{"pref":"北海道","city":"函館市","town":"千歳町"}],"0013":[{"pref":"北海道","city":"函館市","town":"千代台町"}],"0012":[{"pref":"北海道","city":"函館市","town":"時任町"}],"0065":[{"pref":"北海道","city":"函館市","town":"豊川町"}],"0014":[{"pref":"北海道","city":"函館市","town":"中島町"}],"0083":[{"pref":"北海道","city":"函館市","town":"八幡町"}],"0075":[{"pref":"北海道","city":"函館市","town":"万代町"}],"0042":[{"pref":"北海道","city":"函館市","town":"東川町"}],"0005":[{"pref":"北海道","city":"函館市","town":"人見町"}],"0022":[{"pref":"北海道","city":"函館市","town":"日乃出町"}],"0055":[{"pref":"北海道","city":"函館市","town":"船見町"}],"0051":[{"pref":"北海道","city":"函館市","town":"弁天町"}],"0043":[{"pref":"北海道","city":"函館市","town":"宝来町"}],"0025":[{"pref":"北海道","city":"函館市","town":"堀川町"}],"0011":[{"pref":"北海道","city":"函館市","town":"本町"}],"0003":[{"pref":"北海道","city":"函館市","town":"松陰町"}],"0035":[{"pref":"北海道","city":"函館市","town":"松風町"}],"0074":[{"pref":"北海道","city":"函館市","town":"松川町"}],"0021":[{"pref":"北海道","city":"函館市","town":"的場町"}],"0073":[{"pref":"北海道","city":"函館市","town":"宮前町"}],"0054":[{"pref":"北海道","city":"函館市","town":"元町"}],"0046":[{"pref":"北海道","city":"函館市","town":"谷地頭町"}],"0015":[{"pref":"北海道","city":"函館市","town":"梁川町"}],"0002":[{"pref":"北海道","city":"函館市","town":"柳町"}],"0056":[{"pref":"北海道","city":"函館市","town":"弥生町"}],"0077":[{"pref":"北海道","city":"函館市","town":"吉川町"}],"0063":[{"pref":"北海道","city":"函館市","town":"若松町"}]}