{"8001":[{"pref":"福島県","city":"西白河郡西郷村","town":"羽太"}],"8002":[{"pref":"福島県","city":"白河市","town":"大信隈戸（北小萱）"}],"8011":[{"pref":"福島県","city":"西白河郡西郷村","town":"柏野"}],"8021":[{"pref":"福島県","city":"西白河郡西郷村","town":"長坂"}],"8031":[{"pref":"福島県","city":"西白河郡西郷村","town":"米"}],"8041":[{"pref":"福島県","city":"西白河郡西郷村","town":"豊作東"}],"8042":[{"pref":"福島県","city":"西白河郡西郷村","town":"豊作西"}],"8043":[{"pref":"福島県","city":"西白河郡西郷村","town":"石塚南"}],"8044":[{"pref":"福島県","city":"西白河郡西郷村","town":"石塚北"}],"8045":[{"pref":"福島県","city":"西白河郡西郷村","town":"屋敷裏西"}],"8046":[{"pref":"福島県","city":"西白河郡西郷村","town":"屋敷裏東"}],"8047":[{"pref":"福島県","city":"西白河郡西郷村","town":"裏山南"}],"8051":[{"pref":"福島県","city":"西白河郡西郷村","town":"下前田東"}],"8052":[{"pref":"福島県","city":"西白河郡西郷村","town":"道南東"}],"8053":[{"pref":"福島県","city":"西白河郡西郷村","town":"前山東"}],"8054":[{"pref":"福島県","city":"西白河郡西郷村","town":"前山西"}],"8055":[{"pref":"福島県","city":"西白河郡西郷村","town":"道南西"}],"8056":[{"pref":"福島県","city":"西白河郡西郷村","town":"下前田西"}],"8061":[{"pref":"福島県","city":"西白河郡西郷村","town":"小田倉"}],"8071":[{"pref":"福島県","city":"西白河郡西郷村","town":"真船"}],"8081":[{"pref":"福島県","city":"西白河郡西郷村","town":"鶴生"}],"8091":[{"pref":"福島県","city":"西白河郡西郷村","town":"熊倉"}],"0000":[{"pref":"福島県","city":"白河市","town":"以下に掲載がない場合"},{"pref":"福島県","city":"西白河郡西郷村","town":"以下に掲載がない場合"}],"0075":[{"pref":"福島県","city":"白河市","town":"会津町"}],"0901":[{"pref":"福島県","city":"白河市","town":"明戸"}],"0912":[{"pref":"福島県","city":"白河市","town":"旭町"}],"0942":[{"pref":"福島県","city":"白河市","town":"愛宕町"}],"0082":[{"pref":"福島県","city":"白河市","town":"飯沢"}],"0081":[{"pref":"福島県","city":"白河市","town":"飯沢山"}],"0032":[{"pref":"福島県","city":"白河市","town":"家ノ前"}],"0827":[{"pref":"福島県","city":"白河市","town":"池下"}],"0826":[{"pref":"福島県","city":"白河市","town":"池下裏"}],"0825":[{"pref":"福島県","city":"白河市","town":"池下向山"}],"0867":[{"pref":"福島県","city":"白河市","town":"石切場"}],"0003":[{"pref":"福島県","city":"白河市","town":"泉田"}],"0016":[{"pref":"福島県","city":"白河市","town":"板橋"}],"0947":[{"pref":"福島県","city":"白河市","town":"一番町"}],"0937":[{"pref":"福島県","city":"白河市","town":"上ノ台"}],"0026":[{"pref":"福島県","city":"白河市","town":"上ノ原"}],"0039":[{"pref":"福島県","city":"白河市","town":"上野原"}],"0063":[{"pref":"福島県","city":"白河市","town":"薄葉"}],"0931":[{"pref":"福島県","city":"白河市","town":"馬町"}],"0904":[{"pref":"福島県","city":"白河市","town":"馬町裏"}],"0915":[{"pref":"福島県","city":"白河市","town":"馬町下"}],"0036":[{"pref":"福島県","city":"白河市","town":"裏山"}],"0921":[{"pref":"福島県","city":"白河市","town":"円明寺"}],"0831":[{"pref":"福島県","city":"白河市","town":"老久保"}],"0838":[{"pref":"福島県","city":"白河市","town":"老久保山"}],"0094":[{"pref":"福島県","city":"白河市","town":"追廻"}],"0846":[{"pref":"福島県","city":"白河市","town":"大暮矢見山"}],"0845":[{"pref":"福島県","city":"白河市","town":"大坂山"}],"0908":[{"pref":"福島県","city":"白河市","town":"大手町"}],"0002":[{"pref":"福島県","city":"白河市","town":"大和田"}],"0985":[{"pref":"福島県","city":"白河市","town":"和尚壇"}],"0984":[{"pref":"福島県","city":"白河市","town":"和尚壇山"}],"0885":[{"pref":"福島県","city":"白河市","town":"鬼越"}],"0884":[{"pref":"福島県","city":"白河市","town":"鬼越道下"}],"0887":[{"pref":"福島県","city":"白河市","town":"鬼越山"}],"0409":[{"pref":"福島県","city":"白河市","town":"表郷河東田"}],"0416":[{"pref":"福島県","city":"白河市","town":"表郷金山"}],"0405":[{"pref":"福島県","city":"白河市","town":"表郷小松"}],"0412":[{"pref":"福島県","city":"白河市","town":"表郷下羽原"}],"0414":[{"pref":"福島県","city":"白河市","town":"表郷高木"}],"0402":[{"pref":"福島県","city":"白河市","town":"表郷内松"}],"0407":[{"pref":"福島県","city":"白河市","town":"表郷中寺"}],"0401":[{"pref":"福島県","city":"白河市","town":"表郷中野"}],"0403":[{"pref":"福島県","city":"白河市","town":"表郷番沢"}],"0411":[{"pref":"福島県","city":"白河市","town":"表郷深渡戸"}],"0408":[{"pref":"福島県","city":"白河市","town":"表郷堀之内"}],"0413":[{"pref":"福島県","city":"白河市","town":"表郷三森"}],"0404":[{"pref":"福島県","city":"白河市","town":"表郷社田"}],"0415":[{"pref":"福島県","city":"白河市","town":"表郷梁森"}],"0406":[{"pref":"福島県","city":"白河市","town":"表郷八幡"}],"0064":[{"pref":"福島県","city":"白河市","town":"女石"}],"0074":[{"pref":"福島県","city":"白河市","town":"郭内"}],"0886":[{"pref":"福島県","city":"白河市","town":"影鬼越"}],"0913":[{"pref":"福島県","city":"白河市","town":"鍛冶町"}],"0943":[{"pref":"福島県","city":"白河市","town":"金屋町"}],"0023":[{"pref":"福島県","city":"白河市","town":"亀石"}],"0004":[{"pref":"福島県","city":"白河市","town":"萱根"}],"0014":[{"pref":"福島県","city":"白河市","town":"借宿"}],"0956":[{"pref":"福島県","city":"白河市","town":"勘定町"}],"0802":[{"pref":"福島県","city":"白河市","town":"関川窪"}],"0821":[{"pref":"福島県","city":"白河市","town":"北裏"}],"0054":[{"pref":"福島県","city":"白河市","town":"北中川原"}],"0973":[{"pref":"福島県","city":"白河市","town":"北登リ町"}],"0996":[{"pref":"福島県","city":"白河市","town":"北堀川端"}],"0974":[{"pref":"福島県","city":"白河市","town":"北堀切"}],"0981":[{"pref":"福島県","city":"白河市","town":"北真舟"}],"0083":[{"pref":"福島県","city":"白河市","town":"金勝寺"}],"0084":[{"pref":"福島県","city":"白河市","town":"金勝寺東"}],"0042":[{"pref":"福島県","city":"白河市","town":"金鈴"}],"0011":[{"pref":"福島県","city":"白河市","town":"久田野"}],"0875":[{"pref":"福島県","city":"白河市","town":"九番町"}],"0874":[{"pref":"福島県","city":"白河市","town":"九番町西裏"}],"0017":[{"pref":"福島県","city":"白河市","town":"双石"}],"0045":[{"pref":"福島県","city":"白河市","town":"合戦坂"}],"0001":[{"pref":"福島県","city":"白河市","town":"小田川"}],"0852":[{"pref":"福島県","city":"白河市","town":"転坂"}],"0076":[{"pref":"福島県","city":"白河市","town":"五番町川原"}],"0815":[{"pref":"福島県","city":"白河市","town":"五郎窪"}],"0965":[{"pref":"福島県","city":"白河市","town":"細工町"}],"0944":[{"pref":"福島県","city":"白河市","town":"宰領町"}],"0803":[{"pref":"福島県","city":"白河市","town":"栄町"}],"0911":[{"pref":"福島県","city":"白河市","town":"桜町"}],"0862":[{"pref":"福島県","city":"白河市","town":"三番町"}],"0872":[{"pref":"福島県","city":"白河市","town":"三本松"}],"0814":[{"pref":"福島県","city":"白河市","town":"三本松山"}],"0986":[{"pref":"福島県","city":"白河市","town":"塩路山"}],"0072":[{"pref":"福島県","city":"白河市","town":"士多町"}],"0071":[{"pref":"福島県","city":"白河市","town":"士多町東"}],"0863":[{"pref":"福島県","city":"白河市","town":"七番町"}],"0888":[{"pref":"福島県","city":"白河市","town":"十三原"}],"0829":[{"pref":"福島県","city":"白河市","town":"十三原道上"}],"0828":[{"pref":"福島県","city":"白河市","town":"十三原道下"}],"0027":[{"pref":"福島県","city":"白河市","town":"十文字"}],"0922":[{"pref":"福島県","city":"白河市","town":"菖蒲沢"}],"0971":[{"pref":"福島県","city":"白河市","town":"昭和町"}],"0924":[{"pref":"福島県","city":"白河市","town":"白井掛"}],"0923":[{"pref":"福島県","city":"白河市","town":"白井掛下"}],"0835":[{"pref":"福島県","city":"白河市","town":"白坂"}],"0842":[{"pref":"福島県","city":"白河市","town":"新池"}],"0933":[{"pref":"福島県","city":"白河市","town":"新蔵町"}],"0856":[{"pref":"福島県","city":"白河市","town":"新白河"}],"0853":[{"pref":"福島県","city":"白河市","town":"新高山"}],"0024":[{"pref":"福島県","city":"白河市","town":"新夏梨"}],"0037":[{"pref":"福島県","city":"白河市","town":"新道"}],"0811":[{"pref":"福島県","city":"白河市","town":"菅生舘"}],"0021":[{"pref":"福島県","city":"白河市","town":"関辺"}],"0822":[{"pref":"福島県","city":"白河市","town":"瀬戸原"}],"0916":[{"pref":"福島県","city":"白河市","town":"束前町"}],"0062":[{"pref":"福島県","city":"白河市","town":"外薄葉"}],"0051":[{"pref":"福島県","city":"白河市","town":"大"}],"0936":[{"pref":"福島県","city":"白河市","town":"大工町"}],"0953":[{"pref":"福島県","city":"白河市","town":"鷹匠町"}],"0854":[{"pref":"福島県","city":"白河市","town":"高山"}],"0855":[{"pref":"福島県","city":"白河市","town":"高山西"}],"0015":[{"pref":"福島県","city":"白河市","town":"田島"}],"0972":[{"pref":"福島県","city":"白河市","town":"立石"}],"0975":[{"pref":"福島県","city":"白河市","town":"立石山"}],"0061":[{"pref":"福島県","city":"白河市","town":"田中山"}],"0073":[{"pref":"福島県","city":"白河市","town":"田町"}],"0866":[{"pref":"福島県","city":"白河市","town":"鶴芝"}],"0087":[{"pref":"福島県","city":"白河市","town":"鶴巻"}],"0086":[{"pref":"福島県","city":"白河市","town":"鶴巻山"}],"0935":[{"pref":"福島県","city":"白河市","town":"手代町"}],"0914":[{"pref":"福島県","city":"白河市","town":"寺小路"}],"0954":[{"pref":"福島県","city":"白河市","town":"天神町"}],"0957":[{"pref":"福島県","city":"白河市","town":"道場小路"}],"0955":[{"pref":"福島県","city":"白河市","town":"道場町"}],"0817":[{"pref":"福島県","city":"白河市","town":"東武塚"}],"0046":[{"pref":"福島県","city":"白河市","town":"土武塚"}],"0005":[{"pref":"福島県","city":"白河市","town":"豊地"}],"0823":[{"pref":"福島県","city":"白河市","town":"中島"}],"0053":[{"pref":"福島県","city":"白河市","town":"中田"}],"0844":[{"pref":"福島県","city":"白河市","town":"中野山"}],"0951":[{"pref":"福島県","city":"白河市","town":"中町"}],"0952":[{"pref":"福島県","city":"白河市","town":"中町北裏"}],"0995":[{"pref":"福島県","city":"白河市","town":"中山"}],"0994":[{"pref":"福島県","city":"白河市","town":"中山下"}],"0991":[{"pref":"福島県","city":"白河市","town":"中山東"}],"0993":[{"pref":"福島県","city":"白河市","town":"中山南"}],"0025":[{"pref":"福島県","city":"白河市","town":"夏梨"}],"0812":[{"pref":"福島県","city":"白河市","town":"南湖"}],"0077":[{"pref":"福島県","city":"白河市","town":"仁井町"}],"0816":[{"pref":"福島県","city":"白河市","town":"西大沼"}],"0832":[{"pref":"福島県","city":"白河市","town":"西小丸山"}],"0834":[{"pref":"福島県","city":"白河市","town":"西三坂"}],"0837":[{"pref":"福島県","city":"白河市","town":"西三坂山"}],"0946":[{"pref":"福島県","city":"白河市","town":"二番町"}],"0903":[{"pref":"福島県","city":"白河市","town":"年貢町"}],"0962":[{"pref":"福島県","city":"白河市","town":"登リ町"}],"0038":[{"pref":"福島県","city":"白河市","town":"旗宿"}],"0941":[{"pref":"福島県","city":"白河市","town":"八幡小路"}],"0033":[{"pref":"福島県","city":"白河市","town":"八幡山"}],"0047":[{"pref":"福島県","city":"白河市","town":"八竜神"}],"0865":[{"pref":"福島県","city":"白河市","town":"花見坂"}],"0093":[{"pref":"福島県","city":"白河市","town":"葉ノ木平"}],"0902":[{"pref":"福島県","city":"白河市","town":"番士小路"}],"0963":[{"pref":"福島県","city":"白河市","town":"日影"}],"0306":[{"pref":"福島県","city":"白河市","town":"東形見"}],"0308":[{"pref":"福島県","city":"白河市","town":"東蕪内"}],"0303":[{"pref":"福島県","city":"白河市","town":"東釜子"}],"0302":[{"pref":"福島県","city":"白河市","town":"東上野出島"}],"0304":[{"pref":"福島県","city":"白河市","town":"東工業団地"}],"0301":[{"pref":"福島県","city":"白河市","town":"東下野出島"}],"0305":[{"pref":"福島県","city":"白河市","town":"東千田"}],"0307":[{"pref":"福島県","city":"白河市","town":"東栃本"}],"0309":[{"pref":"福島県","city":"白河市","town":"東深仁井田"}],"0813":[{"pref":"福島県","city":"白河市","town":"東大沼"}],"0883":[{"pref":"福島県","city":"白河市","town":"東小丸山"}],"0833":[{"pref":"福島県","city":"白河市","town":"東三坂山"}],"0964":[{"pref":"福島県","city":"白河市","town":"日向"}],"0861":[{"pref":"福島県","city":"白河市","town":"風神下"}],"0864":[{"pref":"福島県","city":"白河市","town":"風神山東"}],"0934":[{"pref":"福島県","city":"白河市","town":"袋町"}],"0043":[{"pref":"福島県","city":"白河市","town":"藤沢"}],"0044":[{"pref":"福島県","city":"白河市","town":"藤沢山"}],"0013":[{"pref":"福島県","city":"白河市","town":"舟田"}],"0843":[{"pref":"福島県","city":"白河市","town":"古池"}],"0841":[{"pref":"福島県","city":"白河市","town":"古高山"}],"0804":[{"pref":"福島県","city":"白河市","town":"蛇石"}],"0801":[{"pref":"福島県","city":"白河市","town":"豊年"}],"0085":[{"pref":"福島県","city":"白河市","town":"町田"}],"0873":[{"pref":"福島県","city":"白河市","town":"松並"}],"0983":[{"pref":"福島県","city":"白河市","town":"真舟"}],"0824":[{"pref":"福島県","city":"白河市","town":"丸小山"}],"0836":[{"pref":"福島県","city":"白河市","town":"みさか"}],"0031":[{"pref":"福島県","city":"白河市","town":"道東"}],"0035":[{"pref":"福島県","city":"白河市","town":"南家ノ前"}],"0022":[{"pref":"福島県","city":"白河市","town":"南池下"}],"0052":[{"pref":"福島県","city":"白河市","town":"南中川原"}],"0851":[{"pref":"福島県","city":"白河市","town":"南登リ町"}],"0992":[{"pref":"福島県","city":"白河市","town":"南堀川端"}],"0857":[{"pref":"福島県","city":"白河市","town":"南堀切"}],"0932":[{"pref":"福島県","city":"白河市","town":"南町"}],"0982":[{"pref":"福島県","city":"白河市","town":"南真舟"}],"0925":[{"pref":"福島県","city":"白河市","town":"向新蔵"}],"0065":[{"pref":"福島県","city":"白河市","town":"向寺"}],"0945":[{"pref":"福島県","city":"白河市","town":"巡り矢"}],"0012":[{"pref":"福島県","city":"白河市","town":"本沼"}],"0905":[{"pref":"福島県","city":"白河市","town":"本町"}],"0906":[{"pref":"福島県","city":"白河市","town":"本町北裏"}],"0805":[{"pref":"福島県","city":"白河市","town":"文珠山"}],"0917":[{"pref":"福島県","city":"白河市","town":"八百屋町"}],"0034":[{"pref":"福島県","city":"白河市","town":"屋敷添"}],"0091":[{"pref":"福島県","city":"白河市","town":"弥次郎窪"}],"0041":[{"pref":"福島県","city":"白河市","town":"結城"}],"0926":[{"pref":"福島県","city":"白河市","town":"友月山"}],"0907":[{"pref":"福島県","city":"白河市","town":"横町"}],"0881":[{"pref":"福島県","city":"白河市","town":"与惣小屋"}],"0882":[{"pref":"福島県","city":"白河市","town":"与惣小屋山"}],"0961":[{"pref":"福島県","city":"白河市","town":"四ツ谷"}],"0078":[{"pref":"福島県","city":"白河市","town":"米村道北"}],"0871":[{"pref":"福島県","city":"白河市","town":"米山越"}],"0066":[{"pref":"福島県","city":"白河市","town":"羅漢前"}],"0092":[{"pref":"福島県","city":"白河市","town":"六反山"}],"0100":[{"pref":"福島県","city":"西白河郡中島村","town":"以下に掲載がない場合"}],"0105":[{"pref":"福島県","city":"西白河郡中島村","town":"川原田"}],"0103":[{"pref":"福島県","city":"西白河郡中島村","town":"中島"}],"0102":[{"pref":"福島県","city":"西白河郡中島村","town":"滑津"}],"0106":[{"pref":"福島県","city":"西白河郡中島村","town":"二子塚"}],"0101":[{"pref":"福島県","city":"西白河郡中島村","town":"松崎"}],"0104":[{"pref":"福島県","city":"西白河郡中島村","town":"吉岡"}]}