{"1100":[{"pref":"愛知県","city":"豊明市","town":"以下に掲載がない場合"}],"1101":[{"pref":"愛知県","city":"豊明市","town":"沓掛町"}],"1102":[{"pref":"愛知県","city":"豊明市","town":"沓掛町（勅使）"}],"1103":[{"pref":"愛知県","city":"豊明市","town":"沓掛町（小廻間）"}],"1104":[{"pref":"愛知県","city":"豊明市","town":"沓掛町（五反田）"}],"1105":[{"pref":"愛知県","city":"豊明市","town":"沓掛町（上高根）"}],"1106":[{"pref":"愛知県","city":"豊明市","town":"沓掛町（下高根）"}],"1107":[{"pref":"愛知県","city":"豊明市","town":"沓掛町（泉）"}],"1108":[{"pref":"愛知県","city":"豊明市","town":"沓掛町（荒井）"}],"1109":[{"pref":"愛知県","city":"豊明市","town":"沓掛町（宿）"}],"1111":[{"pref":"愛知県","city":"豊明市","town":"大久伝町"}],"1112":[{"pref":"愛知県","city":"豊明市","town":"新田町"}],"1113":[{"pref":"愛知県","city":"豊明市","town":"新田町（錦）"}],"1114":[{"pref":"愛知県","city":"豊明市","town":"新田町（広長）"}],"1115":[{"pref":"愛知県","city":"豊明市","town":"新田町（前原）"}],"1116":[{"pref":"愛知県","city":"豊明市","town":"新田町（吉池）"}],"1121":[{"pref":"愛知県","city":"豊明市","town":"西川町"}],"1122":[{"pref":"愛知県","city":"豊明市","town":"西川町（長田）"}],"1123":[{"pref":"愛知県","city":"豊明市","town":"西川町（笹原）"}],"1124":[{"pref":"愛知県","city":"豊明市","town":"三崎町"}],"1125":[{"pref":"愛知県","city":"豊明市","town":"三崎町（中ノ坪）"}],"1126":[{"pref":"愛知県","city":"豊明市","town":"三崎町（高鴨）"}],"1127":[{"pref":"愛知県","city":"豊明市","town":"三崎町（ゆたか台）"}],"1131":[{"pref":"愛知県","city":"豊明市","town":"二村台"}],"1132":[{"pref":"愛知県","city":"豊明市","town":"間米町"}],"1133":[{"pref":"愛知県","city":"豊明市","town":"間米町（鶴根）"}],"1141":[{"pref":"愛知県","city":"豊明市","town":"阿野町"}],"1142":[{"pref":"愛知県","city":"豊明市","town":"阿野町（東阿野）"}],"1143":[{"pref":"愛知県","city":"豊明市","town":"阿野町（上納）"}],"1144":[{"pref":"愛知県","city":"豊明市","town":"阿野町（稲葉）"}],"1145":[{"pref":"愛知県","city":"豊明市","town":"阿野町（北上ノ山）"}],"1146":[{"pref":"愛知県","city":"豊明市","town":"阿野町（黒部）"}],"1147":[{"pref":"愛知県","city":"豊明市","town":"阿野町（坂部）"}],"1148":[{"pref":"愛知県","city":"豊明市","town":"阿野町（滑）"}],"1151":[{"pref":"愛知県","city":"豊明市","town":"前後町"}],"1152":[{"pref":"愛知県","city":"豊明市","town":"前後町（仙人塚）"}],"1153":[{"pref":"愛知県","city":"豊明市","town":"前後町（三ツ谷）"}],"1154":[{"pref":"愛知県","city":"豊明市","town":"新栄町"}],"1161":[{"pref":"愛知県","city":"豊明市","town":"栄町"}],"1162":[{"pref":"愛知県","city":"豊明市","town":"栄町（上姥子）"}],"1163":[{"pref":"愛知県","city":"豊明市","town":"栄町（姥子）"}],"1164":[{"pref":"愛知県","city":"豊明市","town":"栄町（大蔵下）"}],"1165":[{"pref":"愛知県","city":"豊明市","town":"栄町（内山）"}],"1166":[{"pref":"愛知県","city":"豊明市","town":"栄町（大根）"}],"1167":[{"pref":"愛知県","city":"豊明市","town":"栄町（西大根）"}],"1168":[{"pref":"愛知県","city":"豊明市","town":"栄町（南舘）"}],"1201":[{"pref":"愛知県","city":"豊田市","town":"豊栄町"}],"1202":[{"pref":"愛知県","city":"豊田市","town":"渡刈町"}],"1203":[{"pref":"愛知県","city":"豊田市","town":"幸町"}],"1204":[{"pref":"愛知県","city":"豊田市","town":"配津町"}],"1205":[{"pref":"愛知県","city":"豊田市","town":"永覚町"}],"1206":[{"pref":"愛知県","city":"豊田市","town":"永覚新町"}],"1207":[{"pref":"愛知県","city":"豊田市","town":"鴛鴨町"}],"1211":[{"pref":"愛知県","city":"豊田市","town":"畝部東町"}],"1212":[{"pref":"愛知県","city":"豊田市","town":"桝塚東町"}],"1213":[{"pref":"愛知県","city":"豊田市","town":"桝塚西町"}],"1214":[{"pref":"愛知県","city":"豊田市","town":"福受町"}],"1215":[{"pref":"愛知県","city":"豊田市","town":"広美町"}],"1216":[{"pref":"愛知県","city":"豊田市","town":"和会町"}],"1217":[{"pref":"愛知県","city":"豊田市","town":"大成町"}],"1218":[{"pref":"愛知県","city":"豊田市","town":"上郷町"}],"1219":[{"pref":"愛知県","city":"豊田市","town":"畝部西町"}],"2100":[{"pref":"愛知県","city":"知多郡東浦町","town":"以下に掲載がない場合"}],"2101":[{"pref":"愛知県","city":"知多郡東浦町","town":"森岡"}],"2102":[{"pref":"愛知県","city":"知多郡東浦町","town":"緒川"}],"2103":[{"pref":"愛知県","city":"知多郡東浦町","town":"石浜"}],"2104":[{"pref":"愛知県","city":"知多郡東浦町","town":"生路"}],"2105":[{"pref":"愛知県","city":"知多郡東浦町","town":"藤江"}],"2200":[{"pref":"愛知県","city":"知多郡阿久比町","town":"以下に掲載がない場合"}],"2201":[{"pref":"愛知県","city":"知多郡阿久比町","town":"白沢"}],"2202":[{"pref":"愛知県","city":"知多郡阿久比町","town":"福住"}],"2203":[{"pref":"愛知県","city":"知多郡阿久比町","town":"板山"}],"2204":[{"pref":"愛知県","city":"知多郡阿久比町","town":"宮津"}],"2205":[{"pref":"愛知県","city":"知多郡阿久比町","town":"萩"}],"2206":[{"pref":"愛知県","city":"知多郡阿久比町","town":"横松"}],"2207":[{"pref":"愛知県","city":"知多郡阿久比町","town":"陽なたの丘"}],"2211":[{"pref":"愛知県","city":"知多郡阿久比町","town":"草木"}],"2212":[{"pref":"愛知県","city":"知多郡阿久比町","town":"卯坂"}],"2213":[{"pref":"愛知県","city":"知多郡阿久比町","town":"阿久比"}],"2214":[{"pref":"愛知県","city":"知多郡阿久比町","town":"椋岡"}],"2215":[{"pref":"愛知県","city":"知多郡阿久比町","town":"矢高"}],"2216":[{"pref":"愛知県","city":"知多郡阿久比町","town":"植大"}],"2217":[{"pref":"愛知県","city":"知多郡阿久比町","town":"卯坂南"}],"2300":[{"pref":"愛知県","city":"知多郡武豊町","town":"以下に掲載がない場合"}],"2301":[{"pref":"愛知県","city":"知多郡武豊町","town":"壱町田"}],"2302":[{"pref":"愛知県","city":"知多郡武豊町","town":"鹿ノ子田"}],"2303":[{"pref":"愛知県","city":"知多郡武豊町","town":"祠峯"}],"2304":[{"pref":"愛知県","city":"知多郡武豊町","town":"平井田"}],"2305":[{"pref":"愛知県","city":"知多郡武豊町","town":"下山ノ田"}],"2306":[{"pref":"愛知県","city":"知多郡武豊町","town":"上山ノ田"}],"2307":[{"pref":"愛知県","city":"知多郡武豊町","town":"蛇ケ谷"}],"2308":[{"pref":"愛知県","city":"知多郡武豊町","town":"二ツ峯"}],"2309":[{"pref":"愛知県","city":"知多郡武豊町","town":"梨子ノ木"}],"2311":[{"pref":"愛知県","city":"知多郡武豊町","town":"石川"}],"2312":[{"pref":"愛知県","city":"知多郡武豊町","town":"北曲輪"}],"2313":[{"pref":"愛知県","city":"知多郡武豊町","town":"九号地"}],"2314":[{"pref":"愛知県","city":"知多郡武豊町","town":"浅水"}],"2315":[{"pref":"愛知県","city":"知多郡武豊町","town":"中狭"}],"2316":[{"pref":"愛知県","city":"知多郡武豊町","town":"二ケ崎"}],"2317":[{"pref":"愛知県","city":"知多郡武豊町","town":"砂川"}],"2318":[{"pref":"愛知県","city":"知多郡武豊町","town":"豊成"}],"2319":[{"pref":"愛知県","city":"知多郡武豊町","town":"中蓮"}],"2321":[{"pref":"愛知県","city":"知多郡武豊町","town":"七号地"}],"2322":[{"pref":"愛知県","city":"知多郡武豊町","town":"塩田"}],"2323":[{"pref":"愛知県","city":"知多郡武豊町","town":"口田"}],"2324":[{"pref":"愛知県","city":"知多郡武豊町","town":"内鉋"}],"2325":[{"pref":"愛知県","city":"知多郡武豊町","town":"若宮"}],"2326":[{"pref":"愛知県","city":"知多郡武豊町","town":"平井畑"}],"2327":[{"pref":"愛知県","city":"知多郡武豊町","town":"天神前"}],"2328":[{"pref":"愛知県","city":"知多郡武豊町","town":"蛇渕"}],"2329":[{"pref":"愛知県","city":"知多郡武豊町","town":"池田"}],"2331":[{"pref":"愛知県","city":"知多郡武豊町","town":"ヒジリ田"}],"2332":[{"pref":"愛知県","city":"知多郡武豊町","town":"上ケ"}],"2333":[{"pref":"愛知県","city":"知多郡武豊町","town":"高野前"}],"2334":[{"pref":"愛知県","city":"知多郡武豊町","town":"中根"}],"2335":[{"pref":"愛知県","city":"知多郡武豊町","town":"谷口"}],"2336":[{"pref":"愛知県","city":"知多郡武豊町","town":"山ノ神"}],"2337":[{"pref":"愛知県","city":"知多郡武豊町","town":"ヱケ屋敷"}],"2338":[{"pref":"愛知県","city":"知多郡武豊町","town":"前田"}],"2339":[{"pref":"愛知県","city":"知多郡武豊町","town":"下門"}],"2341":[{"pref":"愛知県","city":"知多郡武豊町","town":"五号地"}],"2342":[{"pref":"愛知県","city":"知多郡武豊町","town":"沢田新田"}],"2343":[{"pref":"愛知県","city":"知多郡武豊町","town":"小迎"}],"2344":[{"pref":"愛知県","city":"知多郡武豊町","town":"金下"}],"2345":[{"pref":"愛知県","city":"知多郡武豊町","town":"西門"}],"2346":[{"pref":"愛知県","city":"知多郡武豊町","town":"長尾山"}],"2347":[{"pref":"愛知県","city":"知多郡武豊町","town":"道崎"}],"2348":[{"pref":"愛知県","city":"知多郡武豊町","town":"瀬木"}],"2349":[{"pref":"愛知県","city":"知多郡武豊町","town":"西田崎"}],"2351":[{"pref":"愛知県","city":"知多郡武豊町","town":"南中根"}],"2352":[{"pref":"愛知県","city":"知多郡武豊町","town":"迎戸"}],"2353":[{"pref":"愛知県","city":"知多郡武豊町","town":"道崎田"}],"2354":[{"pref":"愛知県","city":"知多郡武豊町","town":"川尻"}],"2355":[{"pref":"愛知県","city":"知多郡武豊町","town":"向田"}],"2356":[{"pref":"愛知県","city":"知多郡武豊町","town":"下起"}],"2357":[{"pref":"愛知県","city":"知多郡武豊町","town":"向陽"}],"2358":[{"pref":"愛知県","city":"知多郡武豊町","town":"楠"}],"2359":[{"pref":"愛知県","city":"知多郡武豊町","town":"桜ケ丘"}],"2361":[{"pref":"愛知県","city":"知多郡武豊町","town":"多賀"}],"2362":[{"pref":"愛知県","city":"知多郡武豊町","town":"六貫山"}],"2363":[{"pref":"愛知県","city":"知多郡武豊町","town":"旭ケ丘"}],"2364":[{"pref":"愛知県","city":"知多郡武豊町","town":"上起"}],"2365":[{"pref":"愛知県","city":"知多郡武豊町","town":"壱畝町"}],"2366":[{"pref":"愛知県","city":"知多郡武豊町","town":"ヲヲガケ"}],"2371":[{"pref":"愛知県","city":"知多郡武豊町","town":"下原"}],"2372":[{"pref":"愛知県","city":"知多郡武豊町","town":"甚田"}],"2373":[{"pref":"愛知県","city":"知多郡武豊町","town":"嶋田"}],"2374":[{"pref":"愛知県","city":"知多郡武豊町","town":"原田"}],"2375":[{"pref":"愛知県","city":"知多郡武豊町","town":"原屋敷"}],"2376":[{"pref":"愛知県","city":"知多郡武豊町","town":"上原"}],"2377":[{"pref":"愛知県","city":"知多郡武豊町","town":"会下"}],"2378":[{"pref":"愛知県","city":"知多郡武豊町","town":"南小松谷"}],"2379":[{"pref":"愛知県","city":"知多郡武豊町","town":"北小松谷"}],"2380":[{"pref":"愛知県","city":"知多郡武豊町","town":"平井"}],"2382":[{"pref":"愛知県","city":"知多郡武豊町","town":"東長宗"}],"2383":[{"pref":"愛知県","city":"知多郡武豊町","town":"北長宗"}],"2384":[{"pref":"愛知県","city":"知多郡武豊町","town":"青木ケ丘"}],"2385":[{"pref":"愛知県","city":"知多郡武豊町","town":"北中根"}],"2386":[{"pref":"愛知県","city":"知多郡武豊町","town":"緑台"}],"2387":[{"pref":"愛知県","city":"知多郡武豊町","town":"上山"}],"2388":[{"pref":"愛知県","city":"知多郡武豊町","town":"中山"}],"2389":[{"pref":"愛知県","city":"知多郡武豊町","town":"長宗"}],"2401":[{"pref":"愛知県","city":"知多郡美浜町","town":"布土"}],"2402":[{"pref":"愛知県","city":"知多郡美浜町","town":"時志"}],"2403":[{"pref":"愛知県","city":"知多郡美浜町","town":"北方"}],"2404":[{"pref":"愛知県","city":"知多郡美浜町","town":"河和"}],"2405":[{"pref":"愛知県","city":"知多郡美浜町","town":"河和台"}],"2406":[{"pref":"愛知県","city":"知多郡美浜町","town":"河和（北田面）"}],"2407":[{"pref":"愛知県","city":"知多郡美浜町","town":"河和（北屋敷）"}],"2408":[{"pref":"愛知県","city":"知多郡美浜町","town":"河和（南屋敷）"}],"2409":[{"pref":"愛知県","city":"知多郡美浜町","town":"河和（上前田）"}],"2411":[{"pref":"愛知県","city":"知多郡美浜町","town":"新浦戸"}],"2412":[{"pref":"愛知県","city":"知多郡美浜町","town":"浦戸"}],"2413":[{"pref":"愛知県","city":"知多郡美浜町","town":"古布"}],"2414":[{"pref":"愛知県","city":"知多郡美浜町","town":"豊丘"}],"2501":[{"pref":"愛知県","city":"知多郡武豊町","town":"堀割"}],"2502":[{"pref":"愛知県","city":"知多郡武豊町","town":"明神戸"}],"2503":[{"pref":"愛知県","city":"知多郡武豊町","town":"後畑"}],"2504":[{"pref":"愛知県","city":"知多郡武豊町","town":"熊野"}],"2505":[{"pref":"愛知県","city":"知多郡武豊町","town":"田崎"}],"2506":[{"pref":"愛知県","city":"知多郡武豊町","town":"後田"}],"2507":[{"pref":"愛知県","city":"知多郡武豊町","town":"平海道"}],"2508":[{"pref":"愛知県","city":"知多郡武豊町","town":"川脇"}],"2511":[{"pref":"愛知県","city":"知多郡武豊町","town":"道仙田"}],"2512":[{"pref":"愛知県","city":"知多郡武豊町","town":"忠白田"}],"2513":[{"pref":"愛知県","city":"知多郡武豊町","town":"一号地"}],"2514":[{"pref":"愛知県","city":"知多郡武豊町","town":"旭"}],"2515":[{"pref":"愛知県","city":"知多郡武豊町","town":"下田"}],"2516":[{"pref":"愛知県","city":"知多郡武豊町","town":"廻間"}],"2517":[{"pref":"愛知県","city":"知多郡武豊町","town":"長峰"}],"2521":[{"pref":"愛知県","city":"知多郡武豊町","town":"東大高"}],"2531":[{"pref":"愛知県","city":"知多郡武豊町","town":"冨貴"}],"2532":[{"pref":"愛知県","city":"知多郡武豊町","town":"竜宮"}],"2541":[{"pref":"愛知県","city":"知多郡武豊町","town":"目堀"}],"2542":[{"pref":"愛知県","city":"知多郡武豊町","town":"土穴"}],"2543":[{"pref":"愛知県","city":"知多郡武豊町","town":"大屋敷"}],"2544":[{"pref":"愛知県","city":"知多郡武豊町","town":"里中"}],"2545":[{"pref":"愛知県","city":"知多郡武豊町","town":"前畑"}],"2546":[{"pref":"愛知県","city":"知多郡武豊町","town":"山起"}],"2547":[{"pref":"愛知県","city":"知多郡武豊町","town":"北新田"}],"2551":[{"pref":"愛知県","city":"知多郡武豊町","town":"石田"}],"2552":[{"pref":"愛知県","city":"知多郡武豊町","town":"草口"}],"2553":[{"pref":"愛知県","city":"知多郡武豊町","town":"四畝"}],"2554":[{"pref":"愛知県","city":"知多郡武豊町","town":"白山"}],"2555":[{"pref":"愛知県","city":"知多郡武豊町","town":"大門田"}],"2556":[{"pref":"愛知県","city":"知多郡武豊町","town":"南起"}],"3200":[{"pref":"愛知県","city":"知多郡美浜町","town":"以下に掲載がない場合"}],"3231":[{"pref":"愛知県","city":"知多郡美浜町","town":"上野間"}],"3232":[{"pref":"愛知県","city":"知多郡美浜町","town":"美浜緑苑"}],"3233":[{"pref":"愛知県","city":"知多郡美浜町","town":"奥田"}],"3234":[{"pref":"愛知県","city":"知多郡美浜町","town":"新栄"}],"3235":[{"pref":"愛知県","city":"知多郡美浜町","town":"野間"}],"3236":[{"pref":"愛知県","city":"知多郡美浜町","town":"小野浦"}],"3300":[{"pref":"愛知県","city":"知多郡南知多町","town":"以下に掲載がない場合"}],"3321":[{"pref":"愛知県","city":"知多郡南知多町","town":"内海"}],"3322":[{"pref":"愛知県","city":"知多郡南知多町","town":"山海"}],"3411":[{"pref":"愛知県","city":"知多郡南知多町","town":"豊丘"}],"3412":[{"pref":"愛知県","city":"知多郡南知多町","town":"豊浜"}],"3501":[{"pref":"愛知県","city":"知多郡南知多町","town":"大井"}],"3502":[{"pref":"愛知県","city":"知多郡南知多町","town":"片名"}],"3503":[{"pref":"愛知県","city":"知多郡南知多町","town":"師崎"}],"3504":[{"pref":"愛知県","city":"知多郡南知多町","town":"日間賀島"}],"3505":[{"pref":"愛知県","city":"知多郡南知多町","town":"篠島"}],"0335":[{"pref":"愛知県","city":"豊田市","town":"青木町"}],"0333":[{"pref":"愛知県","city":"豊田市","town":"荒井町"}],"0471":[{"pref":"愛知県","city":"豊田市","town":"石畳町"}],"0463":[{"pref":"愛知県","city":"豊田市","town":"石飛町"}],"0329":[{"pref":"愛知県","city":"豊田市","town":"石野町"}],"0574":[{"pref":"愛知県","city":"豊田市","town":"市場町"}],"0372":[{"pref":"愛知県","city":"豊田市","town":"井上町"}],"0374":[{"pref":"愛知県","city":"豊田市","town":"伊保町"}],"0515":[{"pref":"愛知県","city":"豊田市","town":"岩下町"}],"0341":[{"pref":"愛知県","city":"豊田市","town":"上原町"}],"0562":[{"pref":"愛知県","city":"豊田市","town":"永太郎町"}],"0401":[{"pref":"愛知県","city":"豊田市","town":"大岩町"}],"0511":[{"pref":"愛知県","city":"豊田市","town":"大ケ蔵連町"}],"0532":[{"pref":"愛知県","city":"豊田市","town":"大坂町"}],"0342":[{"pref":"愛知県","city":"豊田市","town":"大清水町"}],"0555":[{"pref":"愛知県","city":"豊田市","town":"大平町"}],"0355":[{"pref":"愛知県","city":"豊田市","town":"大畑町"}],"0553":[{"pref":"愛知県","city":"豊田市","town":"大洞町"}],"0552":[{"pref":"愛知県","city":"豊田市","town":"乙ケ林町"}],"0303":[{"pref":"愛知県","city":"豊田市","town":"押沢町"}],"0346":[{"pref":"愛知県","city":"豊田市","town":"乙部ケ丘"}],"0347":[{"pref":"愛知県","city":"豊田市","town":"乙部町"}],"0572":[{"pref":"愛知県","city":"豊田市","town":"小原大倉町"}],"0502":[{"pref":"愛知県","city":"豊田市","town":"小原北町"}],"0501":[{"pref":"愛知県","city":"豊田市","town":"小原田代町"}],"0531":[{"pref":"愛知県","city":"豊田市","town":"小原町"}],"0464":[{"pref":"愛知県","city":"豊田市","town":"折平町"}],"0323":[{"pref":"愛知県","city":"豊田市","town":"小呂町"}],"0348":[{"pref":"愛知県","city":"豊田市","town":"貝津町"}],"0505":[{"pref":"愛知県","city":"豊田市","town":"柏ケ洞町"}],"0533":[{"pref":"愛知県","city":"豊田市","town":"鍛治屋敷町"}],"0364":[{"pref":"愛知県","city":"豊田市","town":"加納町"}],"0421":[{"pref":"愛知県","city":"豊田市","town":"上川口町"}],"0322":[{"pref":"愛知県","city":"豊田市","town":"上高町"}],"0462":[{"pref":"愛知県","city":"豊田市","town":"上渡合町"}],"0561":[{"pref":"愛知県","city":"豊田市","town":"上仁木町"}],"0375":[{"pref":"愛知県","city":"豊田市","town":"亀首町"}],"0513":[{"pref":"愛知県","city":"豊田市","town":"苅萱町"}],"0575":[{"pref":"愛知県","city":"豊田市","town":"川下町"}],"0328":[{"pref":"愛知県","city":"豊田市","town":"勘八町"}],"0542":[{"pref":"愛知県","city":"豊田市","town":"喜佐平町"}],"0411":[{"pref":"愛知県","city":"豊田市","town":"木瀬町"}],"0453":[{"pref":"愛知県","city":"豊田市","town":"北一色町"}],"0573":[{"pref":"愛知県","city":"豊田市","town":"北大野町"}],"0543":[{"pref":"愛知県","city":"豊田市","town":"北篠平町"}],"0305":[{"pref":"愛知県","city":"豊田市","town":"国附町"}],"0522":[{"pref":"愛知県","city":"豊田市","town":"榑俣町"}],"0332":[{"pref":"愛知県","city":"豊田市","town":"越戸町"}],"0306":[{"pref":"愛知県","city":"豊田市","town":"小峯町"}],"0352":[{"pref":"愛知県","city":"豊田市","town":"篠原町"}],"0504":[{"pref":"愛知県","city":"豊田市","town":"雑敷町"}],"0361":[{"pref":"愛知県","city":"豊田市","town":"猿投町"}],"0564":[{"pref":"愛知県","city":"豊田市","town":"沢田町"}],"0402":[{"pref":"愛知県","city":"豊田市","town":"三箇町"}],"0373":[{"pref":"愛知県","city":"豊田市","town":"四郷町"}],"0308":[{"pref":"愛知県","city":"豊田市","town":"枝下町"}],"0422":[{"pref":"愛知県","city":"豊田市","town":"下川口町"}],"0565":[{"pref":"愛知県","city":"豊田市","town":"下仁木町"}],"0319":[{"pref":"愛知県","city":"豊田市","town":"下室町"}],"0343":[{"pref":"愛知県","city":"豊田市","town":"浄水町"}],"0403":[{"pref":"愛知県","city":"豊田市","town":"白川町"}],"0313":[{"pref":"愛知県","city":"豊田市","town":"城見町"}],"0534":[{"pref":"愛知県","city":"豊田市","town":"李町"}],"0506":[{"pref":"愛知県","city":"豊田市","town":"川見町"}],"0376":[{"pref":"愛知県","city":"豊田市","town":"高町"}],"0324":[{"pref":"愛知県","city":"豊田市","town":"滝見町"}],"0423":[{"pref":"愛知県","city":"豊田市","town":"田茂平町"}],"0354":[{"pref":"愛知県","city":"豊田市","town":"田籾町"}],"0545":[{"pref":"愛知県","city":"豊田市","town":"千洗町"}],"0318":[{"pref":"愛知県","city":"豊田市","town":"力石町"}],"0316":[{"pref":"愛知県","city":"豊田市","town":"千鳥町"}],"0327":[{"pref":"愛知県","city":"豊田市","town":"寺下町"}],"0544":[{"pref":"愛知県","city":"豊田市","town":"寺平町"}],"0325":[{"pref":"愛知県","city":"豊田市","town":"手呂町"}],"0326":[{"pref":"愛知県","city":"豊田市","town":"手呂町樋田"}],"0512":[{"pref":"愛知県","city":"豊田市","town":"東郷町"}],"0535":[{"pref":"愛知県","city":"豊田市","town":"百月町"}],"0304":[{"pref":"愛知県","city":"豊田市","town":"富田町"}],"0312":[{"pref":"愛知県","city":"豊田市","town":"中金町"}],"0315":[{"pref":"愛知県","city":"豊田市","town":"中切町"}],"0317":[{"pref":"愛知県","city":"豊田市","town":"成合町"}],"0554":[{"pref":"愛知県","city":"豊田市","town":"荷掛町"}],"0404":[{"pref":"愛知県","city":"豊田市","town":"西市野々町"}],"0521":[{"pref":"愛知県","city":"豊田市","town":"西丹波町"}],"0431":[{"pref":"愛知県","city":"豊田市","town":"西中山町"}],"0541":[{"pref":"愛知県","city":"豊田市","town":"西萩平町"}],"0309":[{"pref":"愛知県","city":"豊田市","town":"西広瀬町"}],"0526":[{"pref":"愛知県","city":"豊田市","town":"西細田町"}],"0314":[{"pref":"愛知県","city":"豊田市","town":"野口町"}],"0452":[{"pref":"愛知県","city":"豊田市","town":"迫町"}],"0334":[{"pref":"愛知県","city":"豊田市","town":"花本町"}],"0524":[{"pref":"愛知県","city":"豊田市","town":"日面町"}],"0307":[{"pref":"愛知県","city":"豊田市","town":"東広瀬町"}],"0345":[{"pref":"愛知県","city":"豊田市","town":"東保見町"}],"0514":[{"pref":"愛知県","city":"豊田市","town":"平岩町"}],"0331":[{"pref":"愛知県","city":"豊田市","town":"平戸橋町"}],"0523":[{"pref":"愛知県","city":"豊田市","town":"平畑町"}],"0351":[{"pref":"愛知県","city":"豊田市","town":"広幡町"}],"0441":[{"pref":"愛知県","city":"豊田市","town":"深見町"}],"0451":[{"pref":"愛知県","city":"豊田市","town":"藤岡飯野町"}],"0302":[{"pref":"愛知県","city":"豊田市","town":"藤沢町"}],"0311":[{"pref":"愛知県","city":"豊田市","town":"芳友町"}],"0461":[{"pref":"愛知県","city":"豊田市","town":"北曽木町"}],"0353":[{"pref":"愛知県","city":"豊田市","town":"保見ケ丘"}],"0344":[{"pref":"愛知県","city":"豊田市","town":"保見町"}],"0363":[{"pref":"愛知県","city":"豊田市","town":"本徳町"}],"0362":[{"pref":"愛知県","city":"豊田市","town":"舞木町"}],"0503":[{"pref":"愛知県","city":"豊田市","town":"前洞町"}],"0571":[{"pref":"愛知県","city":"豊田市","town":"松名町"}],"0301":[{"pref":"愛知県","city":"豊田市","town":"松嶺町"}],"0551":[{"pref":"愛知県","city":"豊田市","town":"三ツ久保町"}],"0424":[{"pref":"愛知県","city":"豊田市","town":"御作町"}],"0371":[{"pref":"愛知県","city":"豊田市","town":"御船町"}],"0516":[{"pref":"愛知県","city":"豊田市","town":"宮代町"}],"0356":[{"pref":"愛知県","city":"豊田市","town":"八草町"}],"0525":[{"pref":"愛知県","city":"豊田市","town":"簗平町"}],"0321":[{"pref":"愛知県","city":"豊田市","town":"山中町"}],"0563":[{"pref":"愛知県","city":"豊田市","town":"遊屋町"}],"0100":[{"pref":"愛知県","city":"日進市","town":"以下に掲載がない場合"},{"pref":"愛知県","city":"愛知郡東郷町","town":"以下に掲載がない場合"}],"0125":[{"pref":"愛知県","city":"日進市","town":"赤池"}],"0126":[{"pref":"愛知県","city":"日進市","town":"赤池町"}],"0127":[{"pref":"愛知県","city":"日進市","town":"赤池南"}],"0124":[{"pref":"愛知県","city":"日進市","town":"浅田町"}],"0128":[{"pref":"愛知県","city":"日進市","town":"浅田平子"}],"0135":[{"pref":"愛知県","city":"日進市","town":"岩崎台"}],"0131":[{"pref":"愛知県","city":"日進市","town":"岩崎町"}],"0104":[{"pref":"愛知県","city":"日進市","town":"岩藤町"}],"0133":[{"pref":"愛知県","city":"日進市","town":"梅森台"}],"0132":[{"pref":"愛知県","city":"日進市","town":"梅森町"}],"0115":[{"pref":"愛知県","city":"日進市","town":"折戸町"}],"0134":[{"pref":"愛知県","city":"日進市","town":"香久山"}],"0122":[{"pref":"愛知県","city":"日進市","town":"蟹甲町"}],"0103":[{"pref":"愛知県","city":"日進市","town":"北新町"}],"0105":[{"pref":"愛知県","city":"日進市","town":"五色園"}],"0118":[{"pref":"愛知県","city":"日進市","town":"米野木台"}],"0111":[{"pref":"愛知県","city":"日進市","town":"米野木町"}],"0113":[{"pref":"愛知県","city":"日進市","town":"栄"}],"0101":[{"pref":"愛知県","city":"日進市","town":"三本木町"}],"0136":[{"pref":"愛知県","city":"日進市","town":"竹の山"}],"0123":[{"pref":"愛知県","city":"日進市","town":"野方町"}],"0116":[{"pref":"愛知県","city":"日進市","town":"東山"}],"0112":[{"pref":"愛知県","city":"日進市","town":"藤枝町"}],"0102":[{"pref":"愛知県","city":"日進市","town":"藤島町"}],"0117":[{"pref":"愛知県","city":"日進市","town":"藤塚"}],"0121":[{"pref":"愛知県","city":"日進市","town":"本郷町"}],"0114":[{"pref":"愛知県","city":"日進市","town":"南ケ丘"}],"0200":[{"pref":"愛知県","city":"みよし市","town":"以下に掲載がない場合"}],"0206":[{"pref":"愛知県","city":"みよし市","town":"莇生町"}],"0207":[{"pref":"愛知県","city":"みよし市","town":"福谷町"}],"0213":[{"pref":"愛知県","city":"みよし市","town":"打越町"}],"0231":[{"pref":"愛知県","city":"みよし市","town":"黒笹"}],"0232":[{"pref":"愛知県","city":"みよし市","town":"黒笹いずみ"}],"0218":[{"pref":"愛知県","city":"みよし市","town":"黒笹山手"}],"0201":[{"pref":"愛知県","city":"みよし市","town":"黒笹町"}],"0209":[{"pref":"愛知県","city":"みよし市","town":"潮見"}],"0227":[{"pref":"愛知県","city":"みよし市","town":"園原"}],"0211":[{"pref":"愛知県","city":"みよし市","town":"天王台"}],"0226":[{"pref":"愛知県","city":"みよし市","town":"西一色町"}],"0221":[{"pref":"愛知県","city":"みよし市","town":"西陣取山"}],"0217":[{"pref":"愛知県","city":"みよし市","town":"根浦町"}],"0222":[{"pref":"愛知県","city":"みよし市","town":"東陣取山"}],"0223":[{"pref":"愛知県","city":"みよし市","town":"東蜂ヶ池"}],"0212":[{"pref":"愛知県","city":"みよし市","town":"東山台"}],"0208":[{"pref":"愛知県","city":"みよし市","town":"ひばりヶ丘"}],"0225":[{"pref":"愛知県","city":"みよし市","town":"福田町"}],"0216":[{"pref":"愛知県","city":"みよし市","town":"南台"}],"0215":[{"pref":"愛知県","city":"みよし市","town":"みなよし台"}],"0214":[{"pref":"愛知県","city":"みよし市","town":"明知町"}],"0202":[{"pref":"愛知県","city":"みよし市","town":"三好丘"}],"0233":[{"pref":"愛知県","city":"みよし市","town":"三好丘あおば"}],"0203":[{"pref":"愛知県","city":"みよし市","town":"三好丘旭"}],"0204":[{"pref":"愛知県","city":"みよし市","town":"三好丘桜"}],"0205":[{"pref":"愛知県","city":"みよし市","town":"三好丘緑"}],"0224":[{"pref":"愛知県","city":"みよし市","town":"三好町"}],"0152":[{"pref":"愛知県","city":"愛知郡東郷町","town":"北山台"}],"0155":[{"pref":"愛知県","city":"愛知郡東郷町","town":"白鳥"}],"0165":[{"pref":"愛知県","city":"愛知郡東郷町","town":"清水"}],"0163":[{"pref":"愛知県","city":"愛知郡東郷町","town":"涼松"}],"0162":[{"pref":"愛知県","city":"愛知郡東郷町","town":"春木"}],"0161":[{"pref":"愛知県","city":"愛知郡東郷町","town":"春木台"}],"0166":[{"pref":"愛知県","city":"愛知郡東郷町","town":"兵庫"}],"0156":[{"pref":"愛知県","city":"愛知郡東郷町","town":"御岳"}],"0164":[{"pref":"愛知県","city":"愛知郡東郷町","town":"三ツ池"}],"0151":[{"pref":"愛知県","city":"愛知郡東郷町","town":"諸輪"}],"0153":[{"pref":"愛知県","city":"愛知郡東郷町","town":"和合"}],"0154":[{"pref":"愛知県","city":"愛知郡東郷町","town":"和合ケ丘"}]}