{"0084":[{"pref":"香川県","city":"丸亀市","town":"飯山町上法軍寺"}],"0082":[{"pref":"香川県","city":"丸亀市","town":"飯山町川原"}],"0086":[{"pref":"香川県","city":"丸亀市","town":"飯山町真時"}],"0083":[{"pref":"香川県","city":"丸亀市","town":"飯山町下法軍寺"}],"0087":[{"pref":"香川県","city":"丸亀市","town":"飯山町西坂元"}],"0085":[{"pref":"香川県","city":"丸亀市","town":"飯山町東小川"}],"0081":[{"pref":"香川県","city":"丸亀市","town":"飯山町東坂元"}],"0000":[{"pref":"香川県","city":"坂出市","town":"以下に掲載がない場合"}],"0037":[{"pref":"香川県","city":"坂出市","town":"青葉町"}],"0006":[{"pref":"香川県","city":"坂出市","town":"旭町"}],"0035":[{"pref":"香川県","city":"坂出市","town":"池園町"}],"0002":[{"pref":"香川県","city":"坂出市","town":"入船町"}],"0072":[{"pref":"香川県","city":"坂出市","town":"岩黒"}],"0011":[{"pref":"香川県","city":"坂出市","town":"江尻町"}],"0014":[{"pref":"香川県","city":"坂出市","town":"王越町木沢"}],"0013":[{"pref":"香川県","city":"坂出市","town":"王越町乃生"}],"0016":[{"pref":"香川県","city":"坂出市","town":"青海町"}],"0027":[{"pref":"香川県","city":"坂出市","town":"大池町"}],"0015":[{"pref":"香川県","city":"坂出市","town":"大屋冨町"}],"0052":[{"pref":"香川県","city":"坂出市","town":"沖の浜"}],"0038":[{"pref":"香川県","city":"坂出市","town":"笠指町"}],"0022":[{"pref":"香川県","city":"坂出市","town":"加茂町甲（氏部）"}],"0023":[{"pref":"香川県","city":"坂出市","town":"加茂町（その他）"}],"0062":[{"pref":"香川県","city":"坂出市","town":"川崎町"}],"0025":[{"pref":"香川県","city":"坂出市","town":"川津町"}],"0018":[{"pref":"香川県","city":"坂出市","town":"神谷町"}],"0001":[{"pref":"香川県","city":"坂出市","town":"京町"}],"0003":[{"pref":"香川県","city":"坂出市","town":"久米町"}],"0043":[{"pref":"香川県","city":"坂出市","town":"寿町"}],"0051":[{"pref":"香川県","city":"坂出市","town":"御供所町"}],"0032":[{"pref":"香川県","city":"坂出市","town":"駒止町"}],"0026":[{"pref":"香川県","city":"坂出市","town":"小山町"}],"0061":[{"pref":"香川県","city":"坂出市","town":"坂出町"}],"0066":[{"pref":"香川県","city":"坂出市","town":"沙弥島"}],"0004":[{"pref":"香川県","city":"坂出市","town":"昭和町"}],"0042":[{"pref":"香川県","city":"坂出市","town":"白金町"}],"0047":[{"pref":"香川県","city":"坂出市","town":"新浜町"}],"0067":[{"pref":"香川県","city":"坂出市","town":"瀬居町"}],"0017":[{"pref":"香川県","city":"坂出市","town":"高屋町"}],"0033":[{"pref":"香川県","city":"坂出市","town":"谷町"}],"0055":[{"pref":"香川県","city":"坂出市","town":"築港町"}],"0056":[{"pref":"香川県","city":"坂出市","town":"中央町"}],"0058":[{"pref":"香川県","city":"坂出市","town":"常盤町"}],"0054":[{"pref":"香川県","city":"坂出市","town":"西大浜南"}],"0053":[{"pref":"香川県","city":"坂出市","town":"西大浜北"}],"0021":[{"pref":"香川県","city":"坂出市","town":"西庄町"}],"0041":[{"pref":"香川県","city":"坂出市","town":"八幡町"}],"0036":[{"pref":"香川県","city":"坂出市","town":"花町"}],"0012":[{"pref":"香川県","city":"坂出市","town":"林田町"}],"0063":[{"pref":"香川県","city":"坂出市","town":"番の州公園"}],"0064":[{"pref":"香川県","city":"坂出市","town":"番の州町"}],"0065":[{"pref":"香川県","city":"坂出市","town":"番の州緑町"}],"0073":[{"pref":"香川県","city":"坂出市","town":"櫃石"}],"0034":[{"pref":"香川県","city":"坂出市","town":"福江町"}],"0046":[{"pref":"香川県","city":"坂出市","town":"富士見町"}],"0024":[{"pref":"香川県","city":"坂出市","town":"府中町"}],"0031":[{"pref":"香川県","city":"坂出市","town":"文京町"}],"0044":[{"pref":"香川県","city":"坂出市","town":"本町"}],"0057":[{"pref":"香川県","city":"坂出市","town":"宮下町"}],"0007":[{"pref":"香川県","city":"坂出市","town":"室町"}],"0045":[{"pref":"香川県","city":"坂出市","town":"元町"}],"0005":[{"pref":"香川県","city":"坂出市","town":"横津町"}],"0071":[{"pref":"香川県","city":"坂出市","town":"与島町"}]}