{"0094":[{"pref":"山口県","city":"岩国市","town":"阿品"}],"0062":[{"pref":"山口県","city":"岩国市","town":"岩国"}],"0071":[{"pref":"山口県","city":"岩国市","town":"牛野谷町"}],"0084":[{"pref":"山口県","city":"岩国市","town":"大谷"}],"0091":[{"pref":"山口県","city":"岩国市","town":"小瀬"}],"0075":[{"pref":"山口県","city":"岩国市","town":"叶木"}],"0082":[{"pref":"山口県","city":"岩国市","town":"川西"}],"0063":[{"pref":"山口県","city":"岩国市","town":"関戸"}],"0092":[{"pref":"山口県","city":"岩国市","town":"多田"}],"0093":[{"pref":"山口県","city":"岩国市","town":"田原"}],"0061":[{"pref":"山口県","city":"岩国市","town":"錦見"}],"0073":[{"pref":"山口県","city":"岩国市","town":"柱野"}],"0072":[{"pref":"山口県","city":"岩国市","town":"平田"}],"0083":[{"pref":"山口県","city":"岩国市","town":"御庄"}],"0085":[{"pref":"山口県","city":"岩国市","town":"持国"}],"0081":[{"pref":"山口県","city":"岩国市","town":"横山"}],"0074":[{"pref":"山口県","city":"岩国市","town":"六呂師"}]}