{"1100":[{"pref":"福島県","city":"双葉郡富岡町","town":"以下に掲載がない場合"}],"1101":[{"pref":"福島県","city":"双葉郡富岡町","town":"小良ケ浜"}],"1111":[{"pref":"福島県","city":"双葉郡富岡町","town":"小浜"}],"1112":[{"pref":"福島県","city":"双葉郡富岡町","town":"中央"}],"1121":[{"pref":"福島県","city":"双葉郡富岡町","town":"仏浜"}],"1122":[{"pref":"福島県","city":"双葉郡富岡町","town":"毛萱（その他）"}],"1131":[{"pref":"福島県","city":"双葉郡富岡町","town":"上郡山"}],"1132":[{"pref":"福島県","city":"双葉郡富岡町","town":"下郡山"}],"1141":[{"pref":"福島県","city":"双葉郡富岡町","town":"上手岡"}],"1151":[{"pref":"福島県","city":"双葉郡富岡町","town":"本岡"}],"1152":[{"pref":"福島県","city":"双葉郡富岡町","town":"本町"}],"1161":[{"pref":"福島県","city":"双葉郡富岡町","town":"夜の森"}],"1162":[{"pref":"福島県","city":"双葉郡富岡町","town":"桜"}],"1171":[{"pref":"福島県","city":"双葉郡富岡町","town":"大菅"}],"1200":[{"pref":"福島県","city":"双葉郡川内村","town":"以下に掲載がない場合"}],"1201":[{"pref":"福島県","city":"双葉郡川内村","town":"上川内"}],"1202":[{"pref":"福島県","city":"双葉郡川内村","town":"下川内"}],"1300":[{"pref":"福島県","city":"双葉郡大熊町","town":"以下に掲載がない場合"}],"1301":[{"pref":"福島県","city":"双葉郡大熊町","town":"夫沢"}],"1302":[{"pref":"福島県","city":"双葉郡大熊町","town":"小入野"}],"1303":[{"pref":"福島県","city":"双葉郡大熊町","town":"熊川"}],"1304":[{"pref":"福島県","city":"双葉郡大熊町","town":"小良浜"}],"1305":[{"pref":"福島県","city":"双葉郡大熊町","town":"熊"}],"1306":[{"pref":"福島県","city":"双葉郡大熊町","town":"大川原"}],"1307":[{"pref":"福島県","city":"双葉郡大熊町","town":"野上"}],"1308":[{"pref":"福島県","city":"双葉郡大熊町","town":"下野上"}],"1400":[{"pref":"福島県","city":"双葉郡双葉町","town":"以下に掲載がない場合"}],"1401":[{"pref":"福島県","city":"双葉郡双葉町","town":"中野"}],"1402":[{"pref":"福島県","city":"双葉郡双葉町","town":"中浜"}],"1411":[{"pref":"福島県","city":"双葉郡双葉町","town":"郡山"}],"1412":[{"pref":"福島県","city":"双葉郡双葉町","town":"細谷"}],"1421":[{"pref":"福島県","city":"双葉郡双葉町","town":"前田"}],"1422":[{"pref":"福島県","city":"双葉郡双葉町","town":"水沢"}],"1423":[{"pref":"福島県","city":"双葉郡双葉町","town":"目迫"}],"1431":[{"pref":"福島県","city":"双葉郡双葉町","town":"山田"}],"1432":[{"pref":"福島県","city":"双葉郡双葉町","town":"松迫"}],"1433":[{"pref":"福島県","city":"双葉郡双葉町","town":"石熊"}],"1441":[{"pref":"福島県","city":"双葉郡双葉町","town":"下羽鳥"}],"1442":[{"pref":"福島県","city":"双葉郡双葉町","town":"上羽鳥"}],"1451":[{"pref":"福島県","city":"双葉郡双葉町","town":"渋川"}],"1452":[{"pref":"福島県","city":"双葉郡双葉町","town":"松倉"}],"1453":[{"pref":"福島県","city":"双葉郡双葉町","town":"寺沢"}],"1461":[{"pref":"福島県","city":"双葉郡双葉町","town":"両竹"}],"1462":[{"pref":"福島県","city":"双葉郡双葉町","town":"中田"}],"1463":[{"pref":"福島県","city":"双葉郡双葉町","town":"鴻草"}],"1471":[{"pref":"福島県","city":"双葉郡双葉町","town":"長塚"}],"1472":[{"pref":"福島県","city":"双葉郡双葉町","town":"新山"}],"1500":[{"pref":"福島県","city":"双葉郡浪江町","town":"以下に掲載がない場合"}],"1501":[{"pref":"福島県","city":"双葉郡浪江町","town":"立野"}],"1502":[{"pref":"福島県","city":"双葉郡浪江町","town":"藤橋"}],"1503":[{"pref":"福島県","city":"双葉郡浪江町","town":"西台"}],"1504":[{"pref":"福島県","city":"双葉郡浪江町","town":"酒田"}],"1505":[{"pref":"福島県","city":"双葉郡浪江町","town":"苅宿"}],"1506":[{"pref":"福島県","city":"双葉郡浪江町","town":"室原（その他）"}],"1511":[{"pref":"福島県","city":"双葉郡浪江町","town":"棚塩"}],"1512":[{"pref":"福島県","city":"双葉郡浪江町","town":"北幾世橋"}],"1513":[{"pref":"福島県","city":"双葉郡浪江町","town":"幾世橋"}],"1521":[{"pref":"福島県","city":"双葉郡浪江町","town":"権現堂"}],"1522":[{"pref":"福島県","city":"双葉郡浪江町","town":"請戸"}],"1523":[{"pref":"福島県","city":"双葉郡浪江町","town":"中浜"}],"1524":[{"pref":"福島県","city":"双葉郡浪江町","town":"両竹"}],"1525":[{"pref":"福島県","city":"双葉郡浪江町","town":"高瀬"}],"1526":[{"pref":"福島県","city":"双葉郡浪江町","town":"牛渡"}],"1531":[{"pref":"福島県","city":"双葉郡浪江町","town":"川添"}],"1532":[{"pref":"福島県","city":"双葉郡浪江町","town":"樋渡"}],"1533":[{"pref":"福島県","city":"双葉郡浪江町","town":"酒井"}],"1534":[{"pref":"福島県","city":"双葉郡浪江町","town":"谷津田"}],"1535":[{"pref":"福島県","city":"双葉郡浪江町","town":"井手"}],"1536":[{"pref":"福島県","city":"双葉郡浪江町","town":"加倉"}],"1541":[{"pref":"福島県","city":"双葉郡浪江町","town":"田尻"}],"1542":[{"pref":"福島県","city":"双葉郡浪江町","town":"末森"}],"1543":[{"pref":"福島県","city":"双葉郡浪江町","town":"小野田"}],"1544":[{"pref":"福島県","city":"双葉郡浪江町","town":"大堀"}],"1545":[{"pref":"福島県","city":"双葉郡浪江町","town":"小丸"}],"1600":[{"pref":"福島県","city":"双葉郡葛尾村","town":"以下に掲載がない場合"}],"1601":[{"pref":"福島県","city":"双葉郡葛尾村","town":"葛尾"}],"1602":[{"pref":"福島県","city":"双葉郡葛尾村","town":"落合"}],"1603":[{"pref":"福島県","city":"双葉郡葛尾村","town":"野川"}],"1604":[{"pref":"福島県","city":"双葉郡葛尾村","town":"上野川"}],"1706":[{"pref":"福島県","city":"双葉郡浪江町","town":"室原（小伝谷６７）"}],"1751":[{"pref":"福島県","city":"双葉郡浪江町","town":"赤宇木"}],"1752":[{"pref":"福島県","city":"双葉郡浪江町","town":"昼曽根"}],"1753":[{"pref":"福島県","city":"双葉郡浪江町","town":"川房"}],"1754":[{"pref":"福島県","city":"双葉郡浪江町","town":"南津島"}],"1755":[{"pref":"福島県","city":"双葉郡浪江町","town":"羽附"}],"1756":[{"pref":"福島県","city":"双葉郡浪江町","town":"下津島"}],"1757":[{"pref":"福島県","city":"双葉郡浪江町","town":"津島"}],"2101":[{"pref":"福島県","city":"南相馬市","town":"小高区片草"}],"2102":[{"pref":"福島県","city":"南相馬市","town":"小高区小高"}],"2103":[{"pref":"福島県","city":"南相馬市","town":"小高区大井"}],"2104":[{"pref":"福島県","city":"南相馬市","town":"小高区塚原"}],"2111":[{"pref":"福島県","city":"南相馬市","town":"小高区仲町"}],"2112":[{"pref":"福島県","city":"南相馬市","town":"小高区田町"}],"2113":[{"pref":"福島県","city":"南相馬市","town":"小高区関場"}],"2114":[{"pref":"福島県","city":"南相馬市","town":"小高区西町"}],"2115":[{"pref":"福島県","city":"南相馬市","town":"小高区上町"}],"2121":[{"pref":"福島県","city":"南相馬市","town":"小高区東町"}],"2122":[{"pref":"福島県","city":"南相馬市","town":"小高区南町"}],"2123":[{"pref":"福島県","city":"南相馬市","town":"小高区大町"}],"2124":[{"pref":"福島県","city":"南相馬市","town":"小高区本町"}],"2131":[{"pref":"福島県","city":"南相馬市","town":"小高区福岡"}],"2132":[{"pref":"福島県","city":"南相馬市","town":"小高区水谷"}],"2133":[{"pref":"福島県","city":"南相馬市","town":"小高区泉沢"}],"2134":[{"pref":"福島県","city":"南相馬市","town":"小高区岡田"}],"2141":[{"pref":"福島県","city":"南相馬市","town":"小高区村上"}],"2142":[{"pref":"福島県","city":"南相馬市","town":"小高区角部内"}],"2143":[{"pref":"福島県","city":"南相馬市","town":"小高区蛯沢"}],"2144":[{"pref":"福島県","city":"南相馬市","town":"小高区井田川"}],"2145":[{"pref":"福島県","city":"南相馬市","town":"小高区浦尻"}],"2146":[{"pref":"福島県","city":"南相馬市","town":"小高区下浦"}],"2147":[{"pref":"福島県","city":"南相馬市","town":"小高区女場"}],"2151":[{"pref":"福島県","city":"南相馬市","town":"小高区耳谷"}],"2152":[{"pref":"福島県","city":"南相馬市","town":"小高区行津"}],"2153":[{"pref":"福島県","city":"南相馬市","town":"小高区上浦"}],"2154":[{"pref":"福島県","city":"南相馬市","town":"小高区神山"}],"2155":[{"pref":"福島県","city":"南相馬市","town":"小高区上根沢"}],"2156":[{"pref":"福島県","city":"南相馬市","town":"小高区小屋木"}],"2157":[{"pref":"福島県","city":"南相馬市","town":"小高区吉名"}],"2161":[{"pref":"福島県","city":"南相馬市","town":"小高区藤木"}],"2162":[{"pref":"福島県","city":"南相馬市","town":"小高区飯崎"}],"2163":[{"pref":"福島県","city":"南相馬市","town":"小高区大田和"}],"2164":[{"pref":"福島県","city":"南相馬市","town":"小高区川房"}],"2165":[{"pref":"福島県","city":"南相馬市","town":"小高区金谷"}],"2171":[{"pref":"福島県","city":"南相馬市","town":"小高区北鳩原"}],"2172":[{"pref":"福島県","city":"南相馬市","town":"小高区南鳩原"}],"2173":[{"pref":"福島県","city":"南相馬市","town":"小高区小谷"}],"2174":[{"pref":"福島県","city":"南相馬市","town":"小高区大富"}],"2175":[{"pref":"福島県","city":"南相馬市","town":"小高区羽倉"}],"2301":[{"pref":"福島県","city":"南相馬市","town":"鹿島区永渡"}],"2302":[{"pref":"福島県","city":"南相馬市","town":"鹿島区南柚木"}],"2303":[{"pref":"福島県","city":"南相馬市","town":"鹿島区北屋形"}],"2304":[{"pref":"福島県","city":"南相馬市","town":"鹿島区南屋形"}],"2305":[{"pref":"福島県","city":"南相馬市","town":"鹿島区永田"}],"2311":[{"pref":"福島県","city":"南相馬市","town":"鹿島区北海老"}],"2312":[{"pref":"福島県","city":"南相馬市","town":"鹿島区南海老"}],"2313":[{"pref":"福島県","city":"南相馬市","town":"鹿島区北右田"}],"2314":[{"pref":"福島県","city":"南相馬市","town":"鹿島区南右田"}],"2321":[{"pref":"福島県","city":"南相馬市","town":"鹿島区小島田"}],"2322":[{"pref":"福島県","city":"南相馬市","town":"鹿島区大内"}],"2323":[{"pref":"福島県","city":"南相馬市","town":"鹿島区烏崎"}],"2324":[{"pref":"福島県","city":"南相馬市","town":"鹿島区川子"}],"2331":[{"pref":"福島県","city":"南相馬市","town":"鹿島区江垂"}],"2332":[{"pref":"福島県","city":"南相馬市","town":"鹿島区塩崎"}],"2333":[{"pref":"福島県","city":"南相馬市","town":"鹿島区寺内"}],"2334":[{"pref":"福島県","city":"南相馬市","town":"鹿島区西町"}],"2335":[{"pref":"福島県","city":"南相馬市","town":"鹿島区鹿島"}],"2336":[{"pref":"福島県","city":"南相馬市","town":"鹿島区あさひ"}],"2441":[{"pref":"福島県","city":"南相馬市","town":"鹿島区角川原"}],"2442":[{"pref":"福島県","city":"南相馬市","town":"鹿島区横手"}],"2443":[{"pref":"福島県","city":"南相馬市","town":"鹿島区牛河内"}],"2444":[{"pref":"福島県","city":"南相馬市","town":"鹿島区岡和田"}],"2451":[{"pref":"福島県","city":"南相馬市","town":"鹿島区浮田"}],"2452":[{"pref":"福島県","city":"南相馬市","town":"鹿島区小山田"}],"2453":[{"pref":"福島県","city":"南相馬市","town":"鹿島区小池"}],"2454":[{"pref":"福島県","city":"南相馬市","town":"鹿島区橲原"}],"2461":[{"pref":"福島県","city":"南相馬市","town":"鹿島区山下"}],"2462":[{"pref":"福島県","city":"南相馬市","town":"鹿島区上栃窪"}],"2463":[{"pref":"福島県","city":"南相馬市","town":"鹿島区栃窪"}],"2464":[{"pref":"福島県","city":"南相馬市","town":"鹿島区御山"}],"2501":[{"pref":"福島県","city":"相馬市","town":"磯部"}],"2511":[{"pref":"福島県","city":"相馬市","town":"蒲庭"}],"2512":[{"pref":"福島県","city":"相馬市","town":"柚木"}],"2521":[{"pref":"福島県","city":"相馬市","town":"赤木"}],"2522":[{"pref":"福島県","city":"相馬市","town":"日下石"}],"2531":[{"pref":"福島県","city":"相馬市","town":"立谷"}],"2532":[{"pref":"福島県","city":"相馬市","town":"富沢"}],"2533":[{"pref":"福島県","city":"相馬市","town":"坪田"}],"2541":[{"pref":"福島県","city":"相馬市","town":"今田"}],"2542":[{"pref":"福島県","city":"相馬市","town":"成田"}],"2611":[{"pref":"福島県","city":"相馬郡新地町","town":"駒ケ嶺"}],"2700":[{"pref":"福島県","city":"相馬郡新地町","town":"以下に掲載がない場合"}],"2701":[{"pref":"福島県","city":"相馬郡新地町","town":"埓木崎"}],"2702":[{"pref":"福島県","city":"相馬郡新地町","town":"谷地小屋"}],"2703":[{"pref":"福島県","city":"相馬郡新地町","town":"小川"}],"2704":[{"pref":"福島県","city":"相馬郡新地町","town":"大戸浜"}],"2705":[{"pref":"福島県","city":"相馬郡新地町","town":"今泉"}],"2706":[{"pref":"福島県","city":"相馬郡新地町","town":"杉目"}],"2707":[{"pref":"福島県","city":"相馬郡新地町","town":"真弓"}],"2708":[{"pref":"福島県","city":"相馬郡新地町","town":"福田"}],"2709":[{"pref":"福島県","city":"相馬郡新地町","town":"駅前"}],"2711":[{"pref":"福島県","city":"相馬郡新地町","town":"中島"}],"3111":[{"pref":"福島県","city":"いわき市","town":"小川町柴原"}],"3112":[{"pref":"福島県","city":"いわき市","town":"小川町上平"}],"3113":[{"pref":"福島県","city":"いわき市","town":"小川町三島"}],"3114":[{"pref":"福島県","city":"いわき市","town":"小川町関場"}],"3115":[{"pref":"福島県","city":"いわき市","town":"小川町下小川"}],"3121":[{"pref":"福島県","city":"いわき市","town":"小川町西小川"}],"3122":[{"pref":"福島県","city":"いわき市","town":"小川町高萩"}],"3123":[{"pref":"福島県","city":"いわき市","town":"小川町塩田"}],"3124":[{"pref":"福島県","city":"いわき市","town":"小川町上小川"}],"3125":[{"pref":"福島県","city":"いわき市","town":"小川町福岡"}],"3131":[{"pref":"福島県","city":"いわき市","town":"平赤井"}],"3132":[{"pref":"福島県","city":"いわき市","town":"平赤井比良"}],"3201":[{"pref":"福島県","city":"いわき市","town":"川前町川前"}],"3202":[{"pref":"福島県","city":"いわき市","town":"川前町下桶売"}],"3203":[{"pref":"福島県","city":"いわき市","town":"川前町上桶売"}],"3204":[{"pref":"福島県","city":"いわき市","town":"川前町小白井"}],"0338":[{"pref":"福島県","city":"いわき市","town":"大久町大久"}],"0336":[{"pref":"福島県","city":"いわき市","town":"大久町小山田"}],"0337":[{"pref":"福島県","city":"いわき市","town":"大久町小久"}],"0153":[{"pref":"福島県","city":"いわき市","town":"川部町"}],"0151":[{"pref":"福島県","city":"いわき市","town":"瀬戸町"}],"0144":[{"pref":"福島県","city":"いわき市","town":"勿来町（大高）"}],"0141":[{"pref":"福島県","city":"いわき市","town":"勿来町（窪田）"}],"0147":[{"pref":"福島県","city":"いわき市","town":"勿来町（九面）"}],"0142":[{"pref":"福島県","city":"いわき市","town":"勿来町（酒井）"}],"0145":[{"pref":"福島県","city":"いわき市","town":"勿来町（四沢）"}],"0143":[{"pref":"福島県","city":"いわき市","town":"勿来町（白米）"}],"0146":[{"pref":"福島県","city":"いわき市","town":"勿来町（関田）"}],"0154":[{"pref":"福島県","city":"いわき市","town":"沼部町"}],"0332":[{"pref":"福島県","city":"いわき市","town":"久之浜町金ケ沢"}],"0331":[{"pref":"福島県","city":"いわき市","town":"久之浜町末続"}],"0335":[{"pref":"福島県","city":"いわき市","town":"久之浜町田之網"}],"0333":[{"pref":"福島県","city":"いわき市","town":"久之浜町久之浜"}],"0334":[{"pref":"福島県","city":"いわき市","town":"久之浜町西"}],"0155":[{"pref":"福島県","city":"いわき市","town":"三沢町"}],"0152":[{"pref":"福島県","city":"いわき市","town":"山玉町"}],"0201":[{"pref":"福島県","city":"いわき市","town":"四倉町"}],"0205":[{"pref":"福島県","city":"いわき市","town":"四倉町大森"}],"0221":[{"pref":"福島県","city":"いわき市","town":"四倉町上岡"}],"0202":[{"pref":"福島県","city":"いわき市","town":"四倉町上仁井田"}],"0203":[{"pref":"福島県","city":"いわき市","town":"四倉町下仁井田"}],"0226":[{"pref":"福島県","city":"いわき市","town":"四倉町上柳生"}],"0225":[{"pref":"福島県","city":"いわき市","town":"四倉町下柳生"}],"0206":[{"pref":"福島県","city":"いわき市","town":"四倉町狐塚"}],"0227":[{"pref":"福島県","city":"いわき市","town":"四倉町駒込"}],"0207":[{"pref":"福島県","city":"いわき市","town":"四倉町塩木"}],"0211":[{"pref":"福島県","city":"いわき市","town":"四倉町白岩"}],"0216":[{"pref":"福島県","city":"いわき市","town":"四倉町玉山"}],"0212":[{"pref":"福島県","city":"いわき市","town":"四倉町戸田"}],"0215":[{"pref":"福島県","city":"いわき市","town":"四倉町中島"}],"0214":[{"pref":"福島県","city":"いわき市","town":"四倉町長友"}],"0213":[{"pref":"福島県","city":"いわき市","town":"四倉町名木"}],"0204":[{"pref":"福島県","city":"いわき市","town":"四倉町細谷"}],"0224":[{"pref":"福島県","city":"いわき市","town":"四倉町薬王寺"}],"0222":[{"pref":"福島県","city":"いわき市","town":"四倉町八茎"}],"0223":[{"pref":"福島県","city":"いわき市","town":"四倉町山田小湊"}],"0400":[{"pref":"福島県","city":"双葉郡広野町","town":"以下に掲載がない場合"}],"0404":[{"pref":"福島県","city":"双葉郡広野町","town":"折木"}],"0406":[{"pref":"福島県","city":"双葉郡広野町","town":"上浅見川"}],"0401":[{"pref":"福島県","city":"双葉郡広野町","town":"上北迫"}],"0407":[{"pref":"福島県","city":"双葉郡広野町","town":"広洋台"}],"0403":[{"pref":"福島県","city":"双葉郡広野町","town":"下浅見川"}],"0402":[{"pref":"福島県","city":"双葉郡広野町","town":"下北迫"}],"0408":[{"pref":"福島県","city":"双葉郡広野町","town":"中央台"}],"0405":[{"pref":"福島県","city":"双葉郡広野町","town":"夕筋"}],"0600":[{"pref":"福島県","city":"双葉郡楢葉町","town":"以下に掲載がない場合"}],"0603":[{"pref":"福島県","city":"双葉郡楢葉町","town":"井出"}],"0605":[{"pref":"福島県","city":"双葉郡楢葉町","town":"大谷"}],"0515":[{"pref":"福島県","city":"双葉郡楢葉町","town":"上小塙"}],"0606":[{"pref":"福島県","city":"双葉郡楢葉町","town":"上繁岡"}],"0604":[{"pref":"福島県","city":"双葉郡楢葉町","town":"北田"}],"0514":[{"pref":"福島県","city":"双葉郡楢葉町","town":"下小塙"}],"0602":[{"pref":"福島県","city":"双葉郡楢葉町","town":"下繁岡"}],"0601":[{"pref":"福島県","city":"双葉郡楢葉町","town":"波倉"}],"0511":[{"pref":"福島県","city":"双葉郡楢葉町","town":"前原"}],"0513":[{"pref":"福島県","city":"双葉郡楢葉町","town":"山田岡"}],"0512":[{"pref":"福島県","city":"双葉郡楢葉町","town":"山田浜"}],"0622":[{"pref":"福島県","city":"双葉郡富岡町","town":"毛萱（前川原２３２～２４４、３１１、３１２、３３７～８６２番地"},{"pref":"福島県","city":"双葉郡富岡町","town":"〔東京電力福島第二原子力発電所構内〕）"}]}