{"1101":[{"pref":"埼玉県","city":"深谷市","town":"長在家"}],"1102":[{"pref":"埼玉県","city":"深谷市","town":"瀬山"}],"1103":[{"pref":"埼玉県","city":"深谷市","town":"川本明戸"}],"1104":[{"pref":"埼玉県","city":"深谷市","town":"菅沼"}],"1105":[{"pref":"埼玉県","city":"深谷市","town":"本田"}],"1106":[{"pref":"埼玉県","city":"深谷市","town":"白草台"}],"1107":[{"pref":"埼玉県","city":"深谷市","town":"畠山"}],"1108":[{"pref":"埼玉県","city":"深谷市","town":"田中"}],"1109":[{"pref":"埼玉県","city":"深谷市","town":"上原"}],"1111":[{"pref":"埼玉県","city":"深谷市","town":"武川"}],"1200":[{"pref":"埼玉県","city":"大里郡寄居町","town":"以下に掲載がない場合"}],"1201":[{"pref":"埼玉県","city":"大里郡寄居町","town":"用土"}],"1202":[{"pref":"埼玉県","city":"大里郡寄居町","town":"桜沢"}],"1203":[{"pref":"埼玉県","city":"大里郡寄居町","town":"寄居"}],"1204":[{"pref":"埼玉県","city":"大里郡寄居町","town":"藤田"}],"1205":[{"pref":"埼玉県","city":"大里郡寄居町","town":"末野"}],"1211":[{"pref":"埼玉県","city":"大里郡寄居町","town":"赤浜"}],"1212":[{"pref":"埼玉県","city":"大里郡寄居町","town":"西古里"}],"1213":[{"pref":"埼玉県","city":"大里郡寄居町","town":"鷹巣"}],"1214":[{"pref":"埼玉県","city":"大里郡寄居町","town":"今市"}],"1215":[{"pref":"埼玉県","city":"大里郡寄居町","town":"牟礼"}],"1216":[{"pref":"埼玉県","city":"大里郡寄居町","town":"富田"}],"1217":[{"pref":"埼玉県","city":"大里郡寄居町","town":"小園"}],"1221":[{"pref":"埼玉県","city":"大里郡寄居町","town":"保田原"}],"1222":[{"pref":"埼玉県","city":"大里郡寄居町","town":"露梨子"}],"1223":[{"pref":"埼玉県","city":"大里郡寄居町","town":"三ケ山"}],"1224":[{"pref":"埼玉県","city":"大里郡寄居町","town":"鉢形"}],"1225":[{"pref":"埼玉県","city":"大里郡寄居町","town":"西ノ入"}],"1231":[{"pref":"埼玉県","city":"大里郡寄居町","town":"立原"}],"1232":[{"pref":"埼玉県","city":"大里郡寄居町","town":"三品"}],"1233":[{"pref":"埼玉県","city":"大里郡寄居町","town":"秋山"}],"1234":[{"pref":"埼玉県","city":"大里郡寄居町","town":"折原"}],"1235":[{"pref":"埼玉県","city":"大里郡寄居町","town":"風布"}],"1236":[{"pref":"埼玉県","city":"大里郡寄居町","town":"金尾"}],"1241":[{"pref":"埼玉県","city":"深谷市","town":"武蔵野"}],"1242":[{"pref":"埼玉県","city":"深谷市","town":"北根"}],"1243":[{"pref":"埼玉県","city":"深谷市","town":"永田"}],"1244":[{"pref":"埼玉県","city":"深谷市","town":"黒田"}],"1245":[{"pref":"埼玉県","city":"深谷市","town":"荒川"}],"1246":[{"pref":"埼玉県","city":"深谷市","town":"小前田"}],"1247":[{"pref":"埼玉県","city":"深谷市","town":"緑台"}],"1300":[{"pref":"埼玉県","city":"秩父郡長瀞町","town":"以下に掲載がない場合"}],"1301":[{"pref":"埼玉県","city":"秩父郡長瀞町","town":"矢那瀬"}],"1302":[{"pref":"埼玉県","city":"秩父郡長瀞町","town":"野上下郷"}],"1303":[{"pref":"埼玉県","city":"秩父郡長瀞町","town":"中野上"}],"1304":[{"pref":"埼玉県","city":"秩父郡長瀞町","town":"本野上"}],"1305":[{"pref":"埼玉県","city":"秩父郡長瀞町","town":"長瀞"}],"1311":[{"pref":"埼玉県","city":"秩父郡長瀞町","town":"岩田"}],"1312":[{"pref":"埼玉県","city":"秩父郡長瀞町","town":"井戸"}],"1313":[{"pref":"埼玉県","city":"秩父郡長瀞町","town":"風布"}],"1400":[{"pref":"埼玉県","city":"秩父郡皆野町","town":"以下に掲載がない場合"}],"1411":[{"pref":"埼玉県","city":"秩父郡皆野町","town":"三沢"}],"1412":[{"pref":"埼玉県","city":"秩父郡皆野町","town":"皆野"}],"1413":[{"pref":"埼玉県","city":"秩父郡皆野町","town":"下田野"}],"1501":[{"pref":"埼玉県","city":"秩父市","town":"吉田久長"}],"1502":[{"pref":"埼玉県","city":"秩父市","town":"吉田阿熊"}],"1503":[{"pref":"埼玉県","city":"秩父市","town":"下吉田"}],"1504":[{"pref":"埼玉県","city":"秩父市","town":"吉田石間"}],"1505":[{"pref":"埼玉県","city":"秩父市","town":"上吉田"}],"1601":[{"pref":"埼玉県","city":"秩父郡皆野町","town":"金沢"}],"1621":[{"pref":"埼玉県","city":"秩父郡皆野町","town":"金崎"}],"1622":[{"pref":"埼玉県","city":"秩父郡皆野町","town":"国神"}],"1623":[{"pref":"埼玉県","city":"秩父郡皆野町","town":"大淵"}],"1624":[{"pref":"埼玉県","city":"秩父郡皆野町","town":"野巻"}],"1625":[{"pref":"埼玉県","city":"秩父郡皆野町","town":"下日野沢"}],"1626":[{"pref":"埼玉県","city":"秩父郡皆野町","town":"上日野沢"}],"1801":[{"pref":"埼玉県","city":"秩父市","town":"荒川久那"}],"1802":[{"pref":"埼玉県","city":"秩父市","town":"荒川上田野"}],"1803":[{"pref":"埼玉県","city":"秩父市","town":"荒川日野"}],"1804":[{"pref":"埼玉県","city":"秩父市","town":"荒川小野原"}],"1871":[{"pref":"埼玉県","city":"秩父市","town":"下影森"}],"1872":[{"pref":"埼玉県","city":"秩父市","town":"上影森"}],"1873":[{"pref":"埼玉県","city":"秩父市","town":"浦山"}],"1874":[{"pref":"埼玉県","city":"秩父市","town":"和泉町"}],"1901":[{"pref":"埼玉県","city":"秩父市","town":"大滝"}],"1902":[{"pref":"埼玉県","city":"秩父市","town":"三峰"}],"1903":[{"pref":"埼玉県","city":"秩父市","town":"中津川"}],"1911":[{"pref":"埼玉県","city":"秩父市","town":"荒川贄川"}],"1912":[{"pref":"埼玉県","city":"秩父市","town":"荒川白久"}],"0106":[{"pref":"埼玉県","city":"熊谷市","town":"相上"}],"0104":[{"pref":"埼玉県","city":"熊谷市","town":"冑山"}],"0103":[{"pref":"埼玉県","city":"熊谷市","town":"小八林"}],"0102":[{"pref":"埼玉県","city":"熊谷市","town":"玉作"}],"0101":[{"pref":"埼玉県","city":"熊谷市","town":"津田"}],"0108":[{"pref":"埼玉県","city":"熊谷市","town":"船木台"}],"0105":[{"pref":"埼玉県","city":"熊谷市","town":"箕輪"}],"0107":[{"pref":"埼玉県","city":"熊谷市","town":"向谷"}],"0123":[{"pref":"埼玉県","city":"鴻巣市","town":"榎戸"}],"0137":[{"pref":"埼玉県","city":"鴻巣市","town":"大芦"}],"0112":[{"pref":"埼玉県","city":"鴻巣市","town":"鎌塚"}],"0116":[{"pref":"埼玉県","city":"鴻巣市","town":"北新宿"}],"0133":[{"pref":"埼玉県","city":"鴻巣市","town":"小谷"}],"0134":[{"pref":"埼玉県","city":"鴻巣市","town":"三町免"}],"0113":[{"pref":"埼玉県","city":"鴻巣市","town":"下忍"}],"0111":[{"pref":"埼玉県","city":"鴻巣市","town":"新宿"}],"0114":[{"pref":"埼玉県","city":"鴻巣市","town":"筑波"}],"0124":[{"pref":"埼玉県","city":"鴻巣市","town":"荊原"}],"0136":[{"pref":"埼玉県","city":"鴻巣市","town":"吹上"}],"0121":[{"pref":"埼玉県","city":"鴻巣市","town":"吹上富士見"}],"0115":[{"pref":"埼玉県","city":"鴻巣市","town":"吹上本町"}],"0131":[{"pref":"埼玉県","city":"鴻巣市","town":"袋"}],"0132":[{"pref":"埼玉県","city":"鴻巣市","town":"前砂"}],"0122":[{"pref":"埼玉県","city":"鴻巣市","town":"南"}],"0135":[{"pref":"埼玉県","city":"鴻巣市","town":"明用"}],"0215":[{"pref":"埼玉県","city":"深谷市","town":"今泉"}],"0222":[{"pref":"埼玉県","city":"深谷市","town":"後榛沢"}],"0201":[{"pref":"埼玉県","city":"深谷市","town":"岡"}],"0202":[{"pref":"埼玉県","city":"深谷市","town":"岡里"}],"0211":[{"pref":"埼玉県","city":"深谷市","town":"岡部"}],"0212":[{"pref":"埼玉県","city":"深谷市","town":"櫛挽"}],"0225":[{"pref":"埼玉県","city":"深谷市","town":"沓掛"}],"0224":[{"pref":"埼玉県","city":"深谷市","town":"西田"}],"0213":[{"pref":"埼玉県","city":"深谷市","town":"針ケ谷"}],"0223":[{"pref":"埼玉県","city":"深谷市","town":"榛沢"}],"0221":[{"pref":"埼玉県","city":"深谷市","town":"榛沢新田"}],"0203":[{"pref":"埼玉県","city":"深谷市","town":"普済寺"}],"0214":[{"pref":"埼玉県","city":"深谷市","town":"本郷"}],"0217":[{"pref":"埼玉県","city":"深谷市","town":"山河"}],"0216":[{"pref":"埼玉県","city":"深谷市","town":"山崎"}],"0300":[{"pref":"埼玉県","city":"児玉郡上里町","town":"以下に掲載がない場合"}],"0315":[{"pref":"埼玉県","city":"児玉郡上里町","town":"大御堂"}],"0303":[{"pref":"埼玉県","city":"児玉郡上里町","town":"忍保"}],"0301":[{"pref":"埼玉県","city":"児玉郡上里町","town":"金久保"}],"0307":[{"pref":"埼玉県","city":"児玉郡上里町","town":"嘉美"}],"0317":[{"pref":"埼玉県","city":"児玉郡上里町","town":"五明"}],"0306":[{"pref":"埼玉県","city":"児玉郡上里町","town":"七本木"}],"0305":[{"pref":"埼玉県","city":"児玉郡上里町","town":"神保原町"}],"0312":[{"pref":"埼玉県","city":"児玉郡上里町","town":"帯刀"}],"0313":[{"pref":"埼玉県","city":"児玉郡上里町","town":"堤"}],"0311":[{"pref":"埼玉県","city":"児玉郡上里町","town":"勅使河原"}],"0316":[{"pref":"埼玉県","city":"児玉郡上里町","town":"長浜"}],"0304":[{"pref":"埼玉県","city":"児玉郡上里町","town":"八町河原"}],"0308":[{"pref":"埼玉県","city":"児玉郡上里町","town":"毘沙吐"}],"0318":[{"pref":"埼玉県","city":"児玉郡上里町","town":"藤木戸"}],"0302":[{"pref":"埼玉県","city":"児玉郡上里町","town":"黛"}],"0314":[{"pref":"埼玉県","city":"児玉郡上里町","town":"三町"}]}