{"0245":[{"pref":"奈良県","city":"奈良市","town":"藺生町"}],"0103":[{"pref":"奈良県","city":"奈良市","town":"荻町"}],"0111":[{"pref":"奈良県","city":"奈良市","town":"小倉町"}],"0102":[{"pref":"奈良県","city":"奈良市","town":"上深川町"}],"0101":[{"pref":"奈良県","city":"奈良市","town":"下深川町"}],"0243":[{"pref":"奈良県","city":"奈良市","town":"都祁小山戸町"}],"0247":[{"pref":"奈良県","city":"奈良市","town":"都祁甲岡町"}],"0232":[{"pref":"奈良県","city":"奈良市","town":"都祁こぶしが丘"}],"0221":[{"pref":"奈良県","city":"奈良市","town":"都祁白石町"}],"0242":[{"pref":"奈良県","city":"奈良市","town":"都祁相河町"}],"0246":[{"pref":"奈良県","city":"奈良市","town":"都祁友田町"}],"0113":[{"pref":"奈良県","city":"奈良市","town":"都祁馬場町"}],"0231":[{"pref":"奈良県","city":"奈良市","town":"都祁吐山町"}],"0241":[{"pref":"奈良県","city":"奈良市","town":"都祁南之庄町"}],"0112":[{"pref":"奈良県","city":"奈良市","town":"針ケ別所町"}],"0251":[{"pref":"奈良県","city":"奈良市","town":"針町"}],"0244":[{"pref":"奈良県","city":"奈良市","town":"来迎寺町"}],"0000":[{"pref":"奈良県","city":"天理市","town":"以下に掲載がない場合"}],"0068":[{"pref":"奈良県","city":"天理市","town":"合場町"}],"0082":[{"pref":"奈良県","city":"天理市","town":"荒蒔町"}],"0011":[{"pref":"奈良県","city":"天理市","town":"石上町"}],"0004":[{"pref":"奈良県","city":"天理市","town":"櫟本町"}],"0083":[{"pref":"奈良県","city":"天理市","town":"稲葉町"}],"0076":[{"pref":"奈良県","city":"天理市","town":"岩室町"}],"0003":[{"pref":"奈良県","city":"天理市","town":"岩屋町"}],"0031":[{"pref":"奈良県","city":"天理市","town":"内馬場町"}],"0086":[{"pref":"奈良県","city":"天理市","town":"庵治町"}],"0047":[{"pref":"奈良県","city":"天理市","town":"乙木町"}],"0064":[{"pref":"奈良県","city":"天理市","town":"海知町"}],"0084":[{"pref":"奈良県","city":"天理市","town":"嘉幡町"}],"0024":[{"pref":"奈良県","city":"天理市","town":"上仁興町"}],"0042":[{"pref":"奈良県","city":"天理市","town":"萱生町"}],"0016":[{"pref":"奈良県","city":"天理市","town":"川原城町"}],"0091":[{"pref":"奈良県","city":"天理市","town":"上総町"}],"0056":[{"pref":"奈良県","city":"天理市","town":"岸田町"}],"0095":[{"pref":"奈良県","city":"天理市","town":"喜殿町"}],"0069":[{"pref":"奈良県","city":"天理市","town":"九条町"}],"0006":[{"pref":"奈良県","city":"天理市","town":"蔵之庄町"}],"0036":[{"pref":"奈良県","city":"天理市","town":"御経野町"}],"0085":[{"pref":"奈良県","city":"天理市","town":"小島町"}],"0092":[{"pref":"奈良県","city":"天理市","town":"小田中町"}],"0093":[{"pref":"奈良県","city":"天理市","town":"指柳町"}],"0043":[{"pref":"奈良県","city":"天理市","town":"佐保庄町"}],"0046":[{"pref":"奈良県","city":"天理市","town":"三昧田町"}],"0053":[{"pref":"奈良県","city":"天理市","town":"渋谷町"}],"0023":[{"pref":"奈良県","city":"天理市","town":"下仁興町"}],"0058":[{"pref":"奈良県","city":"天理市","town":"成願寺町"}],"0096":[{"pref":"奈良県","city":"天理市","town":"小路町"}],"0078":[{"pref":"奈良県","city":"天理市","town":"杉本町"}],"0094":[{"pref":"奈良県","city":"天理市","town":"前栽町"}],"0048":[{"pref":"奈良県","city":"天理市","town":"園原町"}],"0032":[{"pref":"奈良県","city":"天理市","town":"杣之内町"}],"0071":[{"pref":"奈良県","city":"天理市","town":"田井庄町"}],"0021":[{"pref":"奈良県","city":"天理市","town":"滝本町"}],"0041":[{"pref":"奈良県","city":"天理市","town":"竹之内町"}],"0073":[{"pref":"奈良県","city":"天理市","town":"田町"}],"0017":[{"pref":"奈良県","city":"天理市","town":"田部町"}],"0034":[{"pref":"奈良県","city":"天理市","town":"丹波市町"}],"0022":[{"pref":"奈良県","city":"天理市","town":"苣原町"}],"0055":[{"pref":"奈良県","city":"天理市","town":"遠田町"}],"0072":[{"pref":"奈良県","city":"天理市","town":"富堂町"}],"0013":[{"pref":"奈良県","city":"天理市","town":"豊井町"}],"0012":[{"pref":"奈良県","city":"天理市","town":"豊田町"}],"0097":[{"pref":"奈良県","city":"天理市","town":"中町"}],"0001":[{"pref":"奈良県","city":"天理市","town":"中之庄町"}],"0051":[{"pref":"奈良県","city":"天理市","town":"中山町"}],"0123":[{"pref":"奈良県","city":"天理市","town":"長滝町"}],"0061":[{"pref":"奈良県","city":"天理市","town":"永原町"}],"0062":[{"pref":"奈良県","city":"天理市","town":"長柄町"}],"0005":[{"pref":"奈良県","city":"天理市","town":"楢町"}],"0057":[{"pref":"奈良県","city":"天理市","town":"新泉町"}],"0081":[{"pref":"奈良県","city":"天理市","town":"二階堂上ノ庄町"}],"0087":[{"pref":"奈良県","city":"天理市","town":"二階堂南菅田町"}],"0088":[{"pref":"奈良県","city":"天理市","town":"二階堂北菅田町"}],"0075":[{"pref":"奈良県","city":"天理市","town":"西井戸堂町"}],"0063":[{"pref":"奈良県","city":"天理市","town":"西長柄町"}],"0054":[{"pref":"奈良県","city":"天理市","town":"檜垣町"}],"0074":[{"pref":"奈良県","city":"天理市","town":"東井戸堂町"}],"0044":[{"pref":"奈良県","city":"天理市","town":"兵庫町"}],"0066":[{"pref":"奈良県","city":"天理市","town":"備前町"}],"0077":[{"pref":"奈良県","city":"天理市","town":"平等坊町"}],"0122":[{"pref":"奈良県","city":"天理市","town":"福住町"}],"0045":[{"pref":"奈良県","city":"天理市","town":"福知堂町"}],"0025":[{"pref":"奈良県","city":"天理市","town":"藤井町"}],"0014":[{"pref":"奈良県","city":"天理市","town":"布留町"}],"0018":[{"pref":"奈良県","city":"天理市","town":"別所町"}],"0033":[{"pref":"奈良県","city":"天理市","town":"勾田町"}],"0015":[{"pref":"奈良県","city":"天理市","town":"三島町"}],"0098":[{"pref":"奈良県","city":"天理市","town":"南六条町"}],"0065":[{"pref":"奈良県","city":"天理市","town":"武蔵町"}],"0035":[{"pref":"奈良県","city":"天理市","town":"守目堂町"}],"0007":[{"pref":"奈良県","city":"天理市","town":"森本町"}],"0052":[{"pref":"奈良県","city":"天理市","town":"柳本町"}],"0121":[{"pref":"奈良県","city":"天理市","town":"山田町"}],"0067":[{"pref":"奈良県","city":"天理市","town":"吉田町"}],"0002":[{"pref":"奈良県","city":"天理市","town":"和爾町"}],"0204":[{"pref":"奈良県","city":"宇陀市","town":"室生小原"}],"0202":[{"pref":"奈良県","city":"宇陀市","town":"室生上笠間"}],"0201":[{"pref":"奈良県","city":"宇陀市","town":"室生下笠間"}],"0205":[{"pref":"奈良県","city":"宇陀市","town":"室生染田"}],"0206":[{"pref":"奈良県","city":"宇陀市","town":"室生多田"}],"0203":[{"pref":"奈良県","city":"宇陀市","town":"室生深野"}],"0207":[{"pref":"奈良県","city":"宇陀市","town":"室生無山"}]}