{"0062":[{"pref":"東京都","city":"葛飾区","town":"青戸"}],"0042":[{"pref":"東京都","city":"葛飾区","town":"金町"}],"0043":[{"pref":"東京都","city":"葛飾区","town":"金町浄水場"}],"0053":[{"pref":"東京都","city":"葛飾区","town":"鎌倉"}],"0061":[{"pref":"東京都","city":"葛飾区","town":"亀有"}],"0052":[{"pref":"東京都","city":"葛飾区","town":"柴又"}],"0063":[{"pref":"東京都","city":"葛飾区","town":"白鳥"}],"0054":[{"pref":"東京都","city":"葛飾区","town":"高砂"}],"0051":[{"pref":"東京都","city":"葛飾区","town":"新宿"}],"0002":[{"pref":"東京都","city":"葛飾区","town":"西亀有（３、４丁目）"}],"0031":[{"pref":"東京都","city":"葛飾区","town":"西水元"}],"0041":[{"pref":"東京都","city":"葛飾区","town":"東金町"}],"0033":[{"pref":"東京都","city":"葛飾区","town":"東水元"}],"0032":[{"pref":"東京都","city":"葛飾区","town":"水元"}],"0034":[{"pref":"東京都","city":"葛飾区","town":"水元公園"}],"0035":[{"pref":"東京都","city":"葛飾区","town":"南水元"}]}