{"0000":[{"pref":"埼玉県","city":"川口市","town":"以下に掲載がない場合"}],"0031":[{"pref":"埼玉県","city":"川口市","town":"青木"}],"0001":[{"pref":"埼玉県","city":"川口市","town":"朝日"}],"0005":[{"pref":"埼玉県","city":"川口市","town":"新井町"}],"0029":[{"pref":"埼玉県","city":"川口市","town":"荒川町"}],"0023":[{"pref":"埼玉県","city":"川口市","town":"飯塚"}],"0024":[{"pref":"埼玉県","city":"川口市","town":"飯原町"}],"0014":[{"pref":"埼玉県","city":"川口市","town":"金山町"}],"0015":[{"pref":"埼玉県","city":"川口市","town":"川口"}],"0007":[{"pref":"埼玉県","city":"川口市","town":"河原町"}],"0016":[{"pref":"埼玉県","city":"川口市","town":"幸町"}],"0017":[{"pref":"埼玉県","city":"川口市","town":"栄町"}],"0006":[{"pref":"埼玉県","city":"川口市","town":"末広"}],"0032":[{"pref":"埼玉県","city":"川口市","town":"中青木"}],"0022":[{"pref":"埼玉県","city":"川口市","town":"仲町"}],"0034":[{"pref":"埼玉県","city":"川口市","town":"並木"}],"0033":[{"pref":"埼玉県","city":"川口市","town":"並木元町"}],"0035":[{"pref":"埼玉県","city":"川口市","town":"西青木"}],"0021":[{"pref":"埼玉県","city":"川口市","town":"西川口"}],"0025":[{"pref":"埼玉県","city":"川口市","town":"原町"}],"0003":[{"pref":"埼玉県","city":"川口市","town":"東領家"}],"0013":[{"pref":"埼玉県","city":"川口市","town":"舟戸町"}],"0012":[{"pref":"埼玉県","city":"川口市","town":"本町"}],"0027":[{"pref":"埼玉県","city":"川口市","town":"緑町"}],"0026":[{"pref":"埼玉県","city":"川口市","town":"南町"}],"0028":[{"pref":"埼玉県","city":"川口市","town":"宮町"}],"0011":[{"pref":"埼玉県","city":"川口市","town":"元郷"}],"0002":[{"pref":"埼玉県","city":"川口市","town":"弥平"}],"0004":[{"pref":"埼玉県","city":"川口市","town":"領家"}]}