{"0917":[{"pref":"北海道","city":"釧路市","town":"大楽毛"}],"0918":[{"pref":"北海道","city":"釧路市","town":"大楽毛北"}],"0916":[{"pref":"北海道","city":"釧路市","town":"大楽毛西"}],"0915":[{"pref":"北海道","city":"釧路市","town":"大楽毛南"}],"0908":[{"pref":"北海道","city":"釧路市","town":"北園"}],"0927":[{"pref":"北海道","city":"釧路市","town":"駒牧"}],"0902":[{"pref":"北海道","city":"釧路市","town":"昭和"}],"0901":[{"pref":"北海道","city":"釧路市","town":"昭和北"}],"0910":[{"pref":"北海道","city":"釧路市","town":"昭和中央"}],"0903":[{"pref":"北海道","city":"釧路市","town":"昭和町"}],"0909":[{"pref":"北海道","city":"釧路市","town":"昭和南"}],"0904":[{"pref":"北海道","city":"釧路市","town":"新富士町"}],"0926":[{"pref":"北海道","city":"釧路市","town":"鶴丘"}],"0924":[{"pref":"北海道","city":"釧路市","town":"鶴野"}],"0923":[{"pref":"北海道","city":"釧路市","town":"鶴野東"}],"0906":[{"pref":"北海道","city":"釧路市","town":"鳥取大通"}],"0907":[{"pref":"北海道","city":"釧路市","town":"鳥取北"}],"0905":[{"pref":"北海道","city":"釧路市","town":"鳥取南"}],"0929":[{"pref":"北海道","city":"釧路市","town":"中鶴野"}],"0925":[{"pref":"北海道","city":"釧路市","town":"新野"}],"0914":[{"pref":"北海道","city":"釧路市","town":"西港"}],"0922":[{"pref":"北海道","city":"釧路市","town":"北斗"}],"0912":[{"pref":"北海道","city":"釧路市","town":"星が浦大通"}],"0911":[{"pref":"北海道","city":"釧路市","town":"星が浦北"}],"0913":[{"pref":"北海道","city":"釧路市","town":"星が浦南"}],"0921":[{"pref":"北海道","city":"釧路市","town":"美濃"}],"0928":[{"pref":"北海道","city":"釧路市","town":"山花"}]}