{"0000":[{"pref":"岩手県","city":"北上市","town":"以下に掲載がない場合"}],"0051":[{"pref":"岩手県","city":"北上市","town":"相去町"}],"0031":[{"pref":"岩手県","city":"北上市","town":"青柳町"}],"0081":[{"pref":"岩手県","city":"北上市","town":"有田町"}],"0001":[{"pref":"岩手県","city":"北上市","town":"飯豊"}],"0041":[{"pref":"岩手県","city":"北上市","town":"稲瀬町"}],"0021":[{"pref":"岩手県","city":"北上市","town":"上野町"}],"0054":[{"pref":"岩手県","city":"北上市","town":"大堤東"}],"0053":[{"pref":"岩手県","city":"北上市","town":"大堤西"}],"0055":[{"pref":"岩手県","city":"北上市","town":"大堤南"}],"0052":[{"pref":"岩手県","city":"北上市","town":"大堤北"}],"0061":[{"pref":"岩手県","city":"北上市","town":"大通り"}],"0091":[{"pref":"岩手県","city":"北上市","town":"大曲町"}],"0056":[{"pref":"岩手県","city":"北上市","town":"鬼柳町"}],"0062":[{"pref":"岩手県","city":"北上市","town":"鍛冶町"}],"0071":[{"pref":"岩手県","city":"北上市","town":"上江釣子"}],"0057":[{"pref":"岩手県","city":"北上市","town":"上鬼柳"}],"0032":[{"pref":"岩手県","city":"北上市","town":"川岸"}],"0072":[{"pref":"岩手県","city":"北上市","town":"北鬼柳"}],"0102":[{"pref":"岩手県","city":"北上市","town":"北工業団地（３、５番地）"}],"0002":[{"pref":"岩手県","city":"北上市","town":"北工業団地（その他）"}],"0211":[{"pref":"岩手県","city":"北上市","town":"口内町"}],"0063":[{"pref":"岩手県","city":"北上市","town":"九年橋"}],"0042":[{"pref":"岩手県","city":"北上市","town":"黒岩"}],"0022":[{"pref":"岩手県","city":"北上市","town":"黒沢尻"}],"0105":[{"pref":"岩手県","city":"北上市","town":"小鳥崎"}],"0033":[{"pref":"岩手県","city":"北上市","town":"幸町"}],"0084":[{"pref":"岩手県","city":"北上市","town":"さくら通り"}],"0023":[{"pref":"岩手県","city":"北上市","town":"里分"}],"0103":[{"pref":"岩手県","city":"北上市","town":"更木"}],"0073":[{"pref":"岩手県","city":"北上市","town":"下江釣子"}],"0058":[{"pref":"岩手県","city":"北上市","town":"下鬼柳"}],"0092":[{"pref":"岩手県","city":"北上市","town":"新穀町"}],"0034":[{"pref":"岩手県","city":"北上市","town":"諏訪町"}],"0043":[{"pref":"岩手県","city":"北上市","town":"立花"}],"0011":[{"pref":"岩手県","city":"北上市","town":"堤ケ丘"}],"0012":[{"pref":"岩手県","city":"北上市","town":"常盤台"}],"0024":[{"pref":"岩手県","city":"北上市","town":"中野町"}],"0074":[{"pref":"岩手県","city":"北上市","town":"滑田"}],"0003":[{"pref":"岩手県","city":"北上市","town":"成田"}],"0075":[{"pref":"岩手県","city":"北上市","town":"新平"}],"0076":[{"pref":"岩手県","city":"北上市","town":"鳩岡崎"}],"0035":[{"pref":"岩手県","city":"北上市","town":"花園町"}],"0044":[{"pref":"岩手県","city":"北上市","town":"平沢"}],"0101":[{"pref":"岩手県","city":"北上市","town":"臥牛"}],"0013":[{"pref":"岩手県","city":"北上市","town":"藤沢"}],"0104":[{"pref":"岩手県","city":"北上市","town":"二子町"}],"0093":[{"pref":"岩手県","city":"北上市","town":"本石町"}],"0094":[{"pref":"岩手県","city":"北上市","town":"本通り"}],"0025":[{"pref":"岩手県","city":"北上市","town":"孫屋敷"}],"0082":[{"pref":"岩手県","city":"北上市","town":"町分"}],"0004":[{"pref":"岩手県","city":"北上市","town":"村崎野"}],"0083":[{"pref":"岩手県","city":"北上市","town":"柳原町"}],"0045":[{"pref":"岩手県","city":"北上市","town":"湯沢"}],"0095":[{"pref":"岩手県","city":"北上市","town":"芳町"}],"0014":[{"pref":"岩手県","city":"北上市","town":"流通センター"}],"0064":[{"pref":"岩手県","city":"北上市","town":"若宮町"}],"0321":[{"pref":"岩手県","city":"北上市","town":"和賀町岩崎"}],"0322":[{"pref":"岩手県","city":"北上市","town":"和賀町岩崎新田"}],"0325":[{"pref":"岩手県","city":"北上市","town":"和賀町岩沢"}],"0335":[{"pref":"岩手県","city":"北上市","town":"和賀町後藤"}],"0323":[{"pref":"岩手県","city":"北上市","town":"和賀町煤孫"}],"0326":[{"pref":"岩手県","city":"北上市","town":"和賀町仙人"}],"0332":[{"pref":"岩手県","city":"北上市","town":"和賀町竪川目"}],"0333":[{"pref":"岩手県","city":"北上市","town":"和賀町長沼"}],"0334":[{"pref":"岩手県","city":"北上市","town":"和賀町藤根"}],"0324":[{"pref":"岩手県","city":"北上市","town":"和賀町山口"}],"0331":[{"pref":"岩手県","city":"北上市","town":"和賀町横川目"}],"0341":[{"pref":"岩手県","city":"和賀郡西和賀町","town":"杉名畑４４地割（湯田ダム管理事務所、後口山、当楽）"}]}