{"1100":[{"pref":"山形県","city":"西村山郡大江町","town":"以下に掲載がない場合"}],"1101":[{"pref":"山形県","city":"西村山郡大江町","town":"左沢（その他）"}],"1111":[{"pref":"山形県","city":"西村山郡大江町","town":"三郷丙"}],"1112":[{"pref":"山形県","city":"西村山郡大江町","town":"三郷乙"}],"1113":[{"pref":"山形県","city":"西村山郡大江町","town":"三郷甲"}],"1114":[{"pref":"山形県","city":"西村山郡大江町","town":"富沢"}],"1121":[{"pref":"山形県","city":"西村山郡大江町","town":"藤田"}],"1122":[{"pref":"山形県","city":"西村山郡大江町","town":"小見"}],"1131":[{"pref":"山形県","city":"西村山郡大江町","town":"荻野"}],"1132":[{"pref":"山形県","city":"西村山郡大江町","town":"堂屋敷"}],"1133":[{"pref":"山形県","city":"西村山郡大江町","town":"塩ノ平"}],"1134":[{"pref":"山形県","city":"西村山郡大江町","town":"所部"}],"1141":[{"pref":"山形県","city":"西村山郡大江町","town":"小釿"}],"1142":[{"pref":"山形県","city":"西村山郡大江町","town":"材木"}],"1143":[{"pref":"山形県","city":"西村山郡大江町","town":"橋上"}],"1144":[{"pref":"山形県","city":"西村山郡大江町","town":"十八才甲"}],"1145":[{"pref":"山形県","city":"西村山郡大江町","town":"十八才乙"}],"1146":[{"pref":"山形県","city":"西村山郡大江町","town":"楢山"}],"1151":[{"pref":"山形県","city":"西村山郡大江町","town":"本郷乙"}],"1152":[{"pref":"山形県","city":"西村山郡大江町","town":"顔好甲"}],"1153":[{"pref":"山形県","city":"西村山郡大江町","town":"顔好乙"}],"1154":[{"pref":"山形県","city":"西村山郡大江町","town":"本郷甲"}],"1161":[{"pref":"山形県","city":"西村山郡大江町","town":"原田"}],"1162":[{"pref":"山形県","city":"西村山郡大江町","town":"本郷己"}],"1163":[{"pref":"山形県","city":"西村山郡大江町","town":"本郷丁"}],"1164":[{"pref":"山形県","city":"西村山郡大江町","town":"本郷丙"}],"1165":[{"pref":"山形県","city":"西村山郡大江町","town":"本郷戊"}],"1271":[{"pref":"山形県","city":"西村山郡大江町","town":"月布"}],"1272":[{"pref":"山形県","city":"西村山郡大江町","town":"貫見"}],"1273":[{"pref":"山形県","city":"西村山郡大江町","town":"小清"}],"1274":[{"pref":"山形県","city":"西村山郡大江町","town":"柳川"}],"1275":[{"pref":"山形県","city":"西村山郡大江町","town":"沢口"}],"1276":[{"pref":"山形県","city":"西村山郡大江町","town":"黒森"}],"1301":[{"pref":"山形県","city":"西村山郡朝日町","town":"中沢"}],"1302":[{"pref":"山形県","city":"西村山郡朝日町","town":"玉ノ井"}],"1303":[{"pref":"山形県","city":"西村山郡朝日町","town":"馬神"}],"1304":[{"pref":"山形県","city":"西村山郡朝日町","town":"大谷"}],"1305":[{"pref":"山形県","city":"西村山郡朝日町","town":"大沼"}],"1306":[{"pref":"山形県","city":"西村山郡朝日町","town":"大暮山"}],"1400":[{"pref":"山形県","city":"西村山郡朝日町","town":"以下に掲載がない場合"}],"1411":[{"pref":"山形県","city":"西村山郡朝日町","town":"和合"}],"1412":[{"pref":"山形県","city":"西村山郡朝日町","town":"和合平"}],"1421":[{"pref":"山形県","city":"西村山郡朝日町","town":"古槇"}],"1422":[{"pref":"山形県","city":"西村山郡朝日町","town":"送橋"}],"1423":[{"pref":"山形県","city":"西村山郡朝日町","town":"下芦沢"}],"1424":[{"pref":"山形県","city":"西村山郡朝日町","town":"水本"}],"1431":[{"pref":"山形県","city":"西村山郡朝日町","town":"大滝"}],"1432":[{"pref":"山形県","city":"西村山郡朝日町","town":"上郷"}],"1433":[{"pref":"山形県","city":"西村山郡朝日町","town":"杉山"}],"1441":[{"pref":"山形県","city":"西村山郡朝日町","town":"新宿"}],"1442":[{"pref":"山形県","city":"西村山郡朝日町","town":"宮宿"}],"1443":[{"pref":"山形県","city":"西村山郡朝日町","town":"雪谷"}],"1444":[{"pref":"山形県","city":"西村山郡朝日町","town":"四ノ沢"}],"1551":[{"pref":"山形県","city":"西村山郡朝日町","town":"三中"}],"1552":[{"pref":"山形県","city":"西村山郡朝日町","town":"常盤"}],"1553":[{"pref":"山形県","city":"西村山郡朝日町","town":"長沼"}],"1561":[{"pref":"山形県","city":"西村山郡朝日町","town":"松程"}],"1562":[{"pref":"山形県","city":"西村山郡朝日町","town":"大船木"}],"1563":[{"pref":"山形県","city":"西村山郡朝日町","town":"今平"}],"1571":[{"pref":"山形県","city":"西村山郡朝日町","town":"石須部"}],"1572":[{"pref":"山形県","city":"西村山郡朝日町","town":"太郎"}],"1573":[{"pref":"山形県","city":"西村山郡朝日町","town":"立木"}],"1574":[{"pref":"山形県","city":"西村山郡朝日町","town":"白倉"}],"2161":[{"pref":"山形県","city":"山形市","town":"漆山"}],"2162":[{"pref":"山形県","city":"山形市","town":"あけぼの"}],"2163":[{"pref":"山形県","city":"山形市","town":"伊達城"}],"2164":[{"pref":"山形県","city":"山形市","town":"新開"}],"2171":[{"pref":"山形県","city":"山形市","town":"七浦"}],"2172":[{"pref":"山形県","city":"山形市","town":"千手堂"}],"2173":[{"pref":"山形県","city":"山形市","town":"渋江"}],"2174":[{"pref":"山形県","city":"山形市","town":"灰塚"}],"2175":[{"pref":"山形県","city":"山形市","town":"中野目"}],"2211":[{"pref":"山形県","city":"山形市","town":"十文字"}],"2212":[{"pref":"山形県","city":"山形市","town":"上柳"}],"2213":[{"pref":"山形県","city":"山形市","town":"寺西"}],"2214":[{"pref":"山形県","city":"山形市","town":"青柳"}],"2215":[{"pref":"山形県","city":"山形市","town":"下柳"}],"2216":[{"pref":"山形県","city":"山形市","town":"千刈"}],"2221":[{"pref":"山形県","city":"山形市","town":"風間"}],"2222":[{"pref":"山形県","city":"山形市","town":"青野"}],"2223":[{"pref":"山形県","city":"山形市","town":"塔の前"}],"2224":[{"pref":"山形県","city":"山形市","town":"近田"}],"2225":[{"pref":"山形県","city":"山形市","town":"花岡"}],"2226":[{"pref":"山形県","city":"山形市","town":"西越"}],"2227":[{"pref":"山形県","city":"山形市","town":"千石"}],"2231":[{"pref":"山形県","city":"山形市","town":"大森"}],"2232":[{"pref":"山形県","city":"山形市","town":"下東山"}],"2233":[{"pref":"山形県","city":"山形市","town":"切畑"}],"2234":[{"pref":"山形県","city":"山形市","town":"こも石"}],"2235":[{"pref":"山形県","city":"山形市","town":"中里"}],"2241":[{"pref":"山形県","city":"山形市","town":"上東山"}],"2242":[{"pref":"山形県","city":"山形市","town":"高沢"}],"2251":[{"pref":"山形県","city":"山形市","town":"立谷川"}],"2301":[{"pref":"山形県","city":"山形市","town":"蔵王温泉"}],"2302":[{"pref":"山形県","city":"山形市","town":"蔵王堀田"}],"2303":[{"pref":"山形県","city":"山形市","town":"蔵王上野"}],"2304":[{"pref":"山形県","city":"山形市","town":"蔵王山田"}],"2305":[{"pref":"山形県","city":"山形市","town":"蔵王半郷"}],"2306":[{"pref":"山形県","city":"山形市","town":"南半郷"}],"2307":[{"pref":"山形県","city":"山形市","town":"表蔵王"}],"2308":[{"pref":"山形県","city":"山形市","town":"東半郷"}],"2311":[{"pref":"山形県","city":"山形市","town":"黒沢"}],"2312":[{"pref":"山形県","city":"山形市","town":"南松原"}],"2313":[{"pref":"山形県","city":"山形市","town":"松原"}],"2314":[{"pref":"山形県","city":"山形市","town":"谷柏"}],"2315":[{"pref":"山形県","city":"山形市","town":"津金沢"}],"2316":[{"pref":"山形県","city":"山形市","town":"片谷地"}],"2317":[{"pref":"山形県","city":"山形市","town":"みはらしの丘"}],"2321":[{"pref":"山形県","city":"山形市","town":"桜田西"}],"2322":[{"pref":"山形県","city":"山形市","town":"桜田南"}],"2323":[{"pref":"山形県","city":"山形市","town":"桜田東"}],"2324":[{"pref":"山形県","city":"山形市","town":"青田南"}],"2331":[{"pref":"山形県","city":"山形市","town":"飯田西"}],"2332":[{"pref":"山形県","city":"山形市","town":"飯田"}],"2333":[{"pref":"山形県","city":"山形市","town":"蔵王飯田"}],"2334":[{"pref":"山形県","city":"山形市","town":"蔵王成沢"}],"2335":[{"pref":"山形県","city":"山形市","town":"蔵王南成沢"}],"2337":[{"pref":"山形県","city":"山形市","town":"蔵王西成沢"}],"2338":[{"pref":"山形県","city":"山形市","town":"蔵王松ケ丘"}],"2339":[{"pref":"山形県","city":"山形市","town":"成沢西"}],"2341":[{"pref":"山形県","city":"山形市","town":"柏倉"}],"2342":[{"pref":"山形県","city":"山形市","town":"富神前"},{"pref":"山形県","city":"山形市","town":"門伝"}],"2343":[{"pref":"山形県","city":"山形市","town":"城森"}],"2344":[{"pref":"山形県","city":"山形市","town":"大道端"}],"2345":[{"pref":"山形県","city":"山形市","town":"富神台"}],"2346":[{"pref":"山形県","city":"山形市","town":"高木"}],"2351":[{"pref":"山形県","city":"山形市","town":"鋳物町"}],"2352":[{"pref":"山形県","city":"山形市","town":"前明石"}],"2353":[{"pref":"山形県","city":"山形市","town":"明石堂"}],"2354":[{"pref":"山形県","city":"山形市","town":"東二位田"}],"2355":[{"pref":"山形県","city":"山形市","town":"二位田"}],"2361":[{"pref":"山形県","city":"山形市","town":"百目鬼"}],"2362":[{"pref":"山形県","city":"山形市","town":"菅沢"}],"2363":[{"pref":"山形県","city":"山形市","town":"長谷堂"}],"2364":[{"pref":"山形県","city":"山形市","town":"大師堂"}],"2365":[{"pref":"山形県","city":"山形市","town":"御手作"}],"2366":[{"pref":"山形県","city":"山形市","town":"谷地前"}],"2367":[{"pref":"山形県","city":"山形市","town":"すげさわの丘"}],"2371":[{"pref":"山形県","city":"山形市","town":"村木沢"}],"2372":[{"pref":"山形県","city":"山形市","town":"みのりが丘"}],"2373":[{"pref":"山形県","city":"山形市","town":"若木"}],"2374":[{"pref":"山形県","city":"山形市","town":"古館"}],"2375":[{"pref":"山形県","city":"山形市","town":"東古館"}],"2376":[{"pref":"山形県","city":"山形市","town":"桜ケ丘"}],"2377":[{"pref":"山形県","city":"山形市","town":"藤沢川"}],"2378":[{"pref":"山形県","city":"山形市","town":"反町"}],"2381":[{"pref":"山形県","city":"山形市","town":"常明寺"}],"2382":[{"pref":"山形県","city":"山形市","town":"滝平"}],"2383":[{"pref":"山形県","city":"山形市","town":"芳沢"}],"2384":[{"pref":"山形県","city":"山形市","town":"上反田"}],"2385":[{"pref":"山形県","city":"山形市","town":"下反田"}],"2386":[{"pref":"山形県","city":"山形市","town":"並柳"}],"2401":[{"pref":"山形県","city":"山形市","town":"平清水"}],"2402":[{"pref":"山形県","city":"山形市","town":"小立"}],"2403":[{"pref":"山形県","city":"山形市","town":"岩波"}],"2404":[{"pref":"山形県","city":"山形市","town":"八森"}],"2405":[{"pref":"山形県","city":"山形市","town":"土坂"}],"2406":[{"pref":"山形県","city":"山形市","town":"神尾"}],"2411":[{"pref":"山形県","city":"山形市","town":"前田町"}],"2412":[{"pref":"山形県","city":"山形市","town":"松山"}],"2413":[{"pref":"山形県","city":"山形市","town":"南原町"}],"2414":[{"pref":"山形県","city":"山形市","town":"寿町"}],"2421":[{"pref":"山形県","city":"山形市","town":"上桜田"}],"2422":[{"pref":"山形県","city":"山形市","town":"中桜田"}],"2423":[{"pref":"山形県","city":"山形市","town":"東青田"}],"2431":[{"pref":"山形県","city":"山形市","town":"松見町"}],"2432":[{"pref":"山形県","city":"山形市","town":"荒楯町"}],"2433":[{"pref":"山形県","city":"山形市","town":"鳥居ケ丘"}],"2434":[{"pref":"山形県","city":"山形市","town":"旭が丘"}],"2435":[{"pref":"山形県","city":"山形市","town":"青田"}],"2441":[{"pref":"山形県","city":"山形市","town":"南一番町"}],"2442":[{"pref":"山形県","city":"山形市","town":"南二番町"}],"2443":[{"pref":"山形県","city":"山形市","town":"南三番町"}],"2444":[{"pref":"山形県","city":"山形市","town":"南四番町"}],"2445":[{"pref":"山形県","city":"山形市","town":"南栄町"}],"2446":[{"pref":"山形県","city":"山形市","town":"白山"}],"2447":[{"pref":"山形県","city":"山形市","town":"元木"}],"2451":[{"pref":"山形県","city":"山形市","town":"吉原"}],"2453":[{"pref":"山形県","city":"山形市","town":"若宮"}],"2455":[{"pref":"山形県","city":"山形市","town":"吉原南"}],"2461":[{"pref":"山形県","city":"山形市","town":"南館"}],"2462":[{"pref":"山形県","city":"山形市","town":"深町"}],"2463":[{"pref":"山形県","city":"山形市","town":"富の中"}],"2464":[{"pref":"山形県","city":"山形市","town":"高堂"}],"2465":[{"pref":"山形県","city":"山形市","town":"南館西"}],"2471":[{"pref":"山形県","city":"山形市","town":"羽黒堂"}],"2472":[{"pref":"山形県","city":"山形市","town":"明神前"}],"2473":[{"pref":"山形県","city":"山形市","town":"松栄"}],"2474":[{"pref":"山形県","city":"山形市","town":"沼木"}],"2475":[{"pref":"山形県","city":"山形市","town":"木ノ目田"}],"2476":[{"pref":"山形県","city":"山形市","town":"飯沢"}],"2477":[{"pref":"山形県","city":"山形市","town":"長苗代"}],"2481":[{"pref":"山形県","city":"山形市","town":"あかねケ丘"}],"2482":[{"pref":"山形県","city":"山形市","town":"久保田"}],"2483":[{"pref":"山形県","city":"山形市","town":"上町"}],"2484":[{"pref":"山形県","city":"山形市","town":"篭田"}],"2491":[{"pref":"山形県","city":"山形市","town":"あずま町"}],"2492":[{"pref":"山形県","city":"山形市","town":"鉄砲町"}],"2493":[{"pref":"山形県","city":"山形市","town":"美畑町"}],"2494":[{"pref":"山形県","city":"山形市","town":"末広町"}],"2495":[{"pref":"山形県","city":"山形市","town":"若葉町"}],"0000":[{"pref":"山形県","city":"山形市","town":"以下に掲載がない場合"}],"0055":[{"pref":"山形県","city":"山形市","town":"相生町"}],"0025":[{"pref":"山形県","city":"山形市","town":"あこや町"}],"0024":[{"pref":"山形県","city":"山形市","town":"あさひ町"}],"0841":[{"pref":"山形県","city":"山形市","town":"飯塚口"}],"0845":[{"pref":"山形県","city":"山形市","town":"飯塚町"}],"0842":[{"pref":"山形県","city":"山形市","town":"石関"}],"0061":[{"pref":"山形県","city":"山形市","town":"五十鈴"}],"0068":[{"pref":"山形県","city":"山形市","town":"泉町"}],"0829":[{"pref":"山形県","city":"山形市","town":"五日町"}],"0817":[{"pref":"山形県","city":"山形市","town":"今塚"}],"0066":[{"pref":"山形県","city":"山形市","town":"印役町"}],"0877":[{"pref":"山形県","city":"山形市","town":"内表"}],"0878":[{"pref":"山形県","city":"山形市","town":"内表東"}],"0874":[{"pref":"山形県","city":"山形市","town":"梅野木前"}],"0861":[{"pref":"山形県","city":"山形市","town":"江俣"}],"0052":[{"pref":"山形県","city":"山形市","town":"円応寺町"}],"0046":[{"pref":"山形県","city":"山形市","town":"大手町"}],"0818":[{"pref":"山形県","city":"山形市","town":"沖町"}],"0075":[{"pref":"山形県","city":"山形市","town":"落合町"}],"0826":[{"pref":"山形県","city":"山形市","town":"霞城町"}],"0833":[{"pref":"山形県","city":"山形市","town":"春日町"}],"0039":[{"pref":"山形県","city":"山形市","town":"香澄町"}],"0856":[{"pref":"山形県","city":"山形市","town":"金石田"}],"0851":[{"pref":"山形県","city":"山形市","town":"上椹沢"}],"0017":[{"pref":"山形県","city":"山形市","town":"上宝沢"}],"0004":[{"pref":"山形県","city":"山形市","town":"上山家町"}],"0875":[{"pref":"山形県","city":"山形市","town":"北江俣"}],"0896":[{"pref":"山形県","city":"山形市","town":"北田"}],"0821":[{"pref":"山形県","city":"山形市","town":"北町"}],"0822":[{"pref":"山形県","city":"山形市","town":"北山形"}],"0044":[{"pref":"山形県","city":"山形市","town":"木の実町"}],"0876":[{"pref":"山形県","city":"山形市","town":"行才"}],"0834":[{"pref":"山形県","city":"山形市","town":"清住町"}],"0850":[{"pref":"山形県","city":"山形市","town":"くぬぎざわ西"}],"0863":[{"pref":"山形県","city":"山形市","town":"江南"}],"0852":[{"pref":"山形県","city":"山形市","town":"黄金"}],"0032":[{"pref":"山形県","city":"山形市","town":"小姓町"}],"0021":[{"pref":"山形県","city":"山形市","town":"小白川町"}],"0035":[{"pref":"山形県","city":"山形市","town":"小荷駄町"}],"0038":[{"pref":"山形県","city":"山形市","town":"幸町"}],"0003":[{"pref":"山形県","city":"山形市","town":"早乙女"}],"0819":[{"pref":"山形県","city":"山形市","town":"境田町"}],"0077":[{"pref":"山形県","city":"山形市","town":"栄原"}],"0824":[{"pref":"山形県","city":"山形市","town":"肴町"}],"0045":[{"pref":"山形県","city":"山形市","town":"桜町"}],"0898":[{"pref":"山形県","city":"山形市","town":"三社"}],"0846":[{"pref":"山形県","city":"山形市","town":"志鎌"}],"0868":[{"pref":"山形県","city":"山形市","town":"志戸田"}],"0870":[{"pref":"山形県","city":"山形市","town":"島"}],"0885":[{"pref":"山形県","city":"山形市","town":"嶋北"}],"0886":[{"pref":"山形県","city":"山形市","town":"嶋南"}],"0858":[{"pref":"山形県","city":"山形市","town":"下椹沢"}],"0823":[{"pref":"山形県","city":"山形市","town":"下条町"}],"0809":[{"pref":"山形県","city":"山形市","town":"下田"}],"0018":[{"pref":"山形県","city":"山形市","town":"下宝沢"}],"0005":[{"pref":"山形県","city":"山形市","town":"下山家町"}],"0012":[{"pref":"山形県","city":"山形市","town":"釈迦堂"}],"0827":[{"pref":"山形県","city":"山形市","town":"城南町"}],"0825":[{"pref":"山形県","city":"山形市","town":"城北町"}],"0807":[{"pref":"山形県","city":"山形市","town":"白川"}],"0832":[{"pref":"山形県","city":"山形市","town":"城西町"}],"0864":[{"pref":"山形県","city":"山形市","town":"陣場"}],"0882":[{"pref":"山形県","city":"山形市","town":"陣場新田"}],"0860":[{"pref":"山形県","city":"山形市","town":"陣場南"}],"0884":[{"pref":"山形県","city":"山形市","town":"鮨洗"}],"0062":[{"pref":"山形県","city":"山形市","town":"鈴川町"}],"0847":[{"pref":"山形県","city":"山形市","town":"砂田"}],"0854":[{"pref":"山形県","city":"山形市","town":"砂塚"}],"0033":[{"pref":"山形県","city":"山形市","town":"諏訪町"}],"0016":[{"pref":"山形県","city":"山形市","town":"関沢"}],"0881":[{"pref":"山形県","city":"山形市","town":"瀬波"}],"0008":[{"pref":"山形県","city":"山形市","town":"双月新町"}],"0065":[{"pref":"山形県","city":"山形市","town":"双月町"}],"0073":[{"pref":"山形県","city":"山形市","town":"大野目"}],"0808":[{"pref":"山形県","city":"山形市","town":"高田"}],"0002":[{"pref":"山形県","city":"山形市","town":"高原町"}],"0805":[{"pref":"山形県","city":"山形市","town":"檀野前"}],"0812":[{"pref":"山形県","city":"山形市","town":"千歳"}],"0855":[{"pref":"山形県","city":"山形市","town":"千代田"}],"0814":[{"pref":"山形県","city":"山形市","town":"土樋"}],"0867":[{"pref":"山形県","city":"山形市","town":"天神台"}],"0801":[{"pref":"山形県","city":"山形市","town":"天神町"}],"0031":[{"pref":"山形県","city":"山形市","town":"十日町"}],"0806":[{"pref":"山形県","city":"山形市","town":"藤治屋敷"}],"0051":[{"pref":"山形県","city":"山形市","town":"銅町"}],"0871":[{"pref":"山形県","city":"山形市","town":"銅谷口"}],"0815":[{"pref":"山形県","city":"山形市","town":"樋越"}],"0849":[{"pref":"山形県","city":"山形市","town":"中沼"}],"0892":[{"pref":"山形県","city":"山形市","town":"中野"}],"0811":[{"pref":"山形県","city":"山形市","town":"長町"}],"0804":[{"pref":"山形県","city":"山形市","town":"七十刈"}],"0042":[{"pref":"山形県","city":"山形市","town":"七日町"}],"0014":[{"pref":"山形県","city":"山形市","town":"滑川"}],"0891":[{"pref":"山形県","city":"山形市","town":"成安"}],"0015":[{"pref":"山形県","city":"山形市","town":"新山"}],"0862":[{"pref":"山形県","city":"山形市","town":"西江俣"}],"0056":[{"pref":"山形県","city":"山形市","town":"錦町"}],"0853":[{"pref":"山形県","city":"山形市","town":"西崎"}],"0831":[{"pref":"山形県","city":"山形市","town":"西田"}],"0893":[{"pref":"山形県","city":"山形市","town":"西中野"}],"0859":[{"pref":"山形県","city":"山形市","town":"西原"}],"0844":[{"pref":"山形県","city":"山形市","town":"西見田"}],"0007":[{"pref":"山形県","city":"山形市","town":"沼の辺町"}],"0865":[{"pref":"山形県","city":"山形市","town":"馬上台"}],"0047":[{"pref":"山形県","city":"山形市","town":"旅篭町"}],"0872":[{"pref":"山形県","city":"山形市","town":"八幡前"}],"0067":[{"pref":"山形県","city":"山形市","town":"花楯"}],"0072":[{"pref":"山形県","city":"山形市","town":"浜崎"}],"0899":[{"pref":"山形県","city":"山形市","town":"東篭野町"}],"0869":[{"pref":"山形県","city":"山形市","town":"東志戸田"}],"0897":[{"pref":"山形県","city":"山形市","town":"東田"}],"0034":[{"pref":"山形県","city":"山形市","town":"東原町"}],"0022":[{"pref":"山形県","city":"山形市","town":"東山形"}],"0813":[{"pref":"山形県","city":"山形市","town":"桧町"}],"0076":[{"pref":"山形県","city":"山形市","town":"平久保"}],"0828":[{"pref":"山形県","city":"山形市","town":"双葉町"}],"0894":[{"pref":"山形県","city":"山形市","town":"船町"}],"0857":[{"pref":"山形県","city":"山形市","town":"平田"}],"0013":[{"pref":"山形県","city":"山形市","town":"防原町"}],"0001":[{"pref":"山形県","city":"山形市","town":"穂積"}],"0043":[{"pref":"山形県","city":"山形市","town":"本町"}],"0023":[{"pref":"山形県","city":"山形市","town":"松波"}],"0810":[{"pref":"山形県","city":"山形市","town":"馬見ケ崎"}],"0803":[{"pref":"山形県","city":"山形市","town":"見崎"}],"0802":[{"pref":"山形県","city":"山形市","town":"見崎川原"}],"0036":[{"pref":"山形県","city":"山形市","town":"三日町"}],"0041":[{"pref":"山形県","city":"山形市","town":"緑町"}],"0836":[{"pref":"山形県","city":"山形市","town":"南石関"}],"0879":[{"pref":"山形県","city":"山形市","town":"南志戸田"}],"0848":[{"pref":"山形県","city":"山形市","town":"宮浦"}],"0057":[{"pref":"山形県","city":"山形市","town":"宮町"}],"0011":[{"pref":"山形県","city":"山形市","town":"妙見寺"}],"0054":[{"pref":"山形県","city":"山形市","town":"六日町"}],"0895":[{"pref":"山形県","city":"山形市","town":"向新田"}],"0053":[{"pref":"山形県","city":"山形市","town":"薬師町"}],"0835":[{"pref":"山形県","city":"山形市","town":"やよい"}],"0006":[{"pref":"山形県","city":"山形市","town":"山家本町"}],"0063":[{"pref":"山形県","city":"山形市","town":"山家町"}],"0037":[{"pref":"山形県","city":"山形市","town":"八日町"}],"0866":[{"pref":"山形県","city":"山形市","town":"横井"}],"0843":[{"pref":"山形県","city":"山形市","town":"横道"}],"0074":[{"pref":"山形県","city":"山形市","town":"芳野"}],"0883":[{"pref":"山形県","city":"山形市","town":"吉野宿"}],"0071":[{"pref":"山形県","city":"山形市","town":"流通センター"}],"0064":[{"pref":"山形県","city":"山形市","town":"和合町"}],"0502":[{"pref":"山形県","city":"寒河江市","town":"幸生"}],"0511":[{"pref":"山形県","city":"寒河江市","town":"慈恩寺"}],"0505":[{"pref":"山形県","city":"寒河江市","town":"白岩"}],"0522":[{"pref":"山形県","city":"寒河江市","town":"清助新田"}],"0524":[{"pref":"山形県","city":"寒河江市","town":"高松"}],"0503":[{"pref":"山形県","city":"寒河江市","town":"田代"}],"0561":[{"pref":"山形県","city":"寒河江市","town":"中央工業団地（１番地）"}],"0504":[{"pref":"山形県","city":"寒河江市","town":"留場"}],"0513":[{"pref":"山形県","city":"寒河江市","town":"日和田"}],"0512":[{"pref":"山形県","city":"寒河江市","town":"箕輪"}],"0501":[{"pref":"山形県","city":"寒河江市","town":"宮内"}],"0523":[{"pref":"山形県","city":"寒河江市","town":"八鍬"}],"0521":[{"pref":"山形県","city":"寒河江市","town":"谷沢"}],"0525":[{"pref":"山形県","city":"寒河江市","town":"米沢"}],"0300":[{"pref":"山形県","city":"東村山郡山辺町","town":"以下に掲載がない場合"}],"0311":[{"pref":"山形県","city":"東村山郡山辺町","town":"近江"}],"0323":[{"pref":"山形県","city":"東村山郡山辺町","town":"大塚"}],"0331":[{"pref":"山形県","city":"東村山郡山辺町","town":"大寺"}],"0341":[{"pref":"山形県","city":"東村山郡山辺町","town":"大蕨"}],"0332":[{"pref":"山形県","city":"東村山郡山辺町","town":"北垣"}],"0352":[{"pref":"山形県","city":"東村山郡山辺町","town":"北作"}],"0342":[{"pref":"山形県","city":"東村山郡山辺町","town":"北山"}],"0303":[{"pref":"山形県","city":"東村山郡山辺町","town":"清水"}],"0333":[{"pref":"山形県","city":"東村山郡山辺町","town":"杉下"}],"0321":[{"pref":"山形県","city":"東村山郡山辺町","town":"根際"}],"0361":[{"pref":"山形県","city":"東村山郡山辺町","town":"畑谷"}],"0312":[{"pref":"山形県","city":"東村山郡山辺町","town":"三河尻"}],"0302":[{"pref":"山形県","city":"東村山郡山辺町","town":"緑ケ丘"}],"0351":[{"pref":"山形県","city":"東村山郡山辺町","town":"簗沢"}],"0301":[{"pref":"山形県","city":"東村山郡山辺町","town":"山辺"}],"0322":[{"pref":"山形県","city":"東村山郡山辺町","town":"要害"}],"0400":[{"pref":"山形県","city":"東村山郡中山町","town":"以下に掲載がない場合"}],"0411":[{"pref":"山形県","city":"東村山郡中山町","town":"あおば"}],"0402":[{"pref":"山形県","city":"東村山郡中山町","town":"いずみ"}],"0408":[{"pref":"山形県","city":"東村山郡中山町","town":"岡"}],"0405":[{"pref":"山形県","city":"東村山郡中山町","town":"金沢"}],"0409":[{"pref":"山形県","city":"東村山郡中山町","town":"小塩"}],"0403":[{"pref":"山形県","city":"東村山郡中山町","town":"達磨寺"}],"0407":[{"pref":"山形県","city":"東村山郡中山町","town":"土橋"}],"0401":[{"pref":"山形県","city":"東村山郡中山町","town":"長崎"}],"0404":[{"pref":"山形県","city":"東村山郡中山町","town":"向新田"}],"0406":[{"pref":"山形県","city":"東村山郡中山町","town":"柳沢"}],"0700":[{"pref":"山形県","city":"西村山郡西川町","town":"以下に掲載がない場合"}],"0714":[{"pref":"山形県","city":"西村山郡西川町","town":"入間"}],"0743":[{"pref":"山形県","city":"西村山郡西川町","town":"岩根沢"}],"0721":[{"pref":"山形県","city":"西村山郡西川町","town":"大井沢"}],"0702":[{"pref":"山形県","city":"西村山郡西川町","town":"海味"}],"0734":[{"pref":"山形県","city":"西村山郡西川町","town":"志津"}],"0732":[{"pref":"山形県","city":"西村山郡西川町","town":"砂子関"}],"0731":[{"pref":"山形県","city":"西村山郡西川町","town":"月岡"}],"0733":[{"pref":"山形県","city":"西村山郡西川町","town":"月山沢"}],"0741":[{"pref":"山形県","city":"西村山郡西川町","town":"綱取"}],"0713":[{"pref":"山形県","city":"西村山郡西川町","town":"沼山"}],"0712":[{"pref":"山形県","city":"西村山郡西川町","town":"原"}],"0735":[{"pref":"山形県","city":"西村山郡西川町","town":"本道寺"}],"0703":[{"pref":"山形県","city":"西村山郡西川町","town":"間沢"}],"0742":[{"pref":"山形県","city":"西村山郡西川町","town":"水沢"}],"0701":[{"pref":"山形県","city":"西村山郡西川町","town":"睦合"}],"0711":[{"pref":"山形県","city":"西村山郡西川町","town":"吉川"}]}