{"0000":[{"pref":"熊本県","city":"人吉市","town":"以下に掲載がない場合"},{"pref":"熊本県","city":"球磨郡相良村","town":"以下に掲載がない場合"},{"pref":"熊本県","city":"球磨郡山江村","town":"以下に掲載がない場合"}],"0825":[{"pref":"熊本県","city":"人吉市","town":"赤池原町"}],"0824":[{"pref":"熊本県","city":"人吉市","town":"赤池水無町"}],"0035":[{"pref":"熊本県","city":"人吉市","town":"五日町"}],"0027":[{"pref":"熊本県","city":"人吉市","town":"井ノ口町"}],"0047":[{"pref":"熊本県","city":"人吉市","town":"上原町"}],"0053":[{"pref":"熊本県","city":"人吉市","town":"老神町"}],"0812":[{"pref":"熊本県","city":"人吉市","town":"大野町"}],"0811":[{"pref":"熊本県","city":"人吉市","town":"大畑麓町"}],"0803":[{"pref":"熊本県","city":"人吉市","town":"大畑町"}],"0021":[{"pref":"熊本県","city":"人吉市","town":"鬼木町"}],"0084":[{"pref":"熊本県","city":"人吉市","town":"温泉町"}],"0001":[{"pref":"熊本県","city":"人吉市","town":"鍛冶屋町"}],"0078":[{"pref":"熊本県","city":"人吉市","town":"鹿目町"}],"0005":[{"pref":"熊本県","city":"人吉市","town":"上青井町"}],"0821":[{"pref":"熊本県","city":"人吉市","town":"上漆田町"}],"0013":[{"pref":"熊本県","city":"人吉市","town":"上薩摩瀬町"}],"0032":[{"pref":"熊本県","city":"人吉市","town":"上新町"}],"0801":[{"pref":"熊本県","city":"人吉市","town":"上田代町"}],"0076":[{"pref":"熊本県","city":"人吉市","town":"上戸越町"}],"0073":[{"pref":"熊本県","city":"人吉市","town":"上永野町"}],"0081":[{"pref":"熊本県","city":"人吉市","town":"上林町"}],"0087":[{"pref":"熊本県","city":"人吉市","town":"上原田町"}],"0025":[{"pref":"熊本県","city":"人吉市","town":"瓦屋町"}],"0022":[{"pref":"熊本県","city":"人吉市","town":"願成寺町"},{"pref":"熊本県","city":"人吉市","town":"北願成寺町"}],"0042":[{"pref":"熊本県","city":"人吉市","town":"蟹作町"}],"0063":[{"pref":"熊本県","city":"人吉市","town":"木地屋町"}],"0023":[{"pref":"熊本県","city":"人吉市","town":"北泉田町"}],"0026":[{"pref":"熊本県","city":"人吉市","town":"合ノ原町"}],"0003":[{"pref":"熊本県","city":"人吉市","town":"紺屋町"}],"0004":[{"pref":"熊本県","city":"人吉市","town":"九日町"}],"0062":[{"pref":"熊本県","city":"人吉市","town":"古仏頂町"}],"0006":[{"pref":"熊本県","city":"人吉市","town":"駒井田町"}],"0012":[{"pref":"熊本県","city":"人吉市","town":"相良町"}],"0041":[{"pref":"熊本県","city":"人吉市","town":"七地町"}],"0007":[{"pref":"熊本県","city":"人吉市","town":"下青井町"}],"0822":[{"pref":"熊本県","city":"人吉市","town":"下漆田町"}],"0014":[{"pref":"熊本県","city":"人吉市","town":"下薩摩瀬町"}],"0015":[{"pref":"熊本県","city":"人吉市","town":"下城本町"}],"0033":[{"pref":"熊本県","city":"人吉市","town":"下新町"}],"0802":[{"pref":"熊本県","city":"人吉市","town":"下田代町"}],"0077":[{"pref":"熊本県","city":"人吉市","town":"下戸越町"}],"0074":[{"pref":"熊本県","city":"人吉市","town":"下永野町"}],"0086":[{"pref":"熊本県","city":"人吉市","town":"下原田町"}],"0083":[{"pref":"熊本県","city":"人吉市","town":"下林町"}],"0016":[{"pref":"熊本県","city":"人吉市","town":"城本町"}],"0052":[{"pref":"熊本県","city":"人吉市","town":"新町"}],"0002":[{"pref":"熊本県","city":"人吉市","town":"大工町"}],"0066":[{"pref":"熊本県","city":"人吉市","town":"田野町"}],"0054":[{"pref":"熊本県","city":"人吉市","town":"田町"}],"0024":[{"pref":"熊本県","city":"人吉市","town":"鶴田町"}],"0056":[{"pref":"熊本県","city":"人吉市","town":"寺町"}],"0057":[{"pref":"熊本県","city":"人吉市","town":"土手町"}],"0048":[{"pref":"熊本県","city":"人吉市","town":"富ケ尾町"}],"0008":[{"pref":"熊本県","city":"人吉市","town":"中青井町"}],"0085":[{"pref":"熊本県","city":"人吉市","town":"中神町"}],"0082":[{"pref":"熊本県","city":"人吉市","town":"中林町"}],"0034":[{"pref":"熊本県","city":"人吉市","town":"七日町"}],"0045":[{"pref":"熊本県","city":"人吉市","town":"浪床町"}],"0071":[{"pref":"熊本県","city":"人吉市","town":"西間上町"}],"0072":[{"pref":"熊本県","city":"人吉市","town":"西間下町"}],"0065":[{"pref":"熊本県","city":"人吉市","town":"西大塚町"}],"0036":[{"pref":"熊本県","city":"人吉市","town":"二日町"}],"0058":[{"pref":"熊本県","city":"人吉市","town":"灰久保町"}],"0046":[{"pref":"熊本県","city":"人吉市","town":"原城町"}],"0043":[{"pref":"熊本県","city":"人吉市","town":"東間上町"}],"0044":[{"pref":"熊本県","city":"人吉市","town":"東間下町"}],"0823":[{"pref":"熊本県","city":"人吉市","town":"東漆田町"}],"0064":[{"pref":"熊本県","city":"人吉市","town":"東大塚町"}],"0051":[{"pref":"熊本県","city":"人吉市","town":"麓町"}],"0011":[{"pref":"熊本県","city":"人吉市","town":"宝来町"}],"0037":[{"pref":"熊本県","city":"人吉市","town":"南泉田町"}],"0031":[{"pref":"熊本県","city":"人吉市","town":"南願成寺町"}],"0055":[{"pref":"熊本県","city":"人吉市","town":"南町"}],"0061":[{"pref":"熊本県","city":"人吉市","town":"蓑野町"}],"0075":[{"pref":"熊本県","city":"人吉市","town":"矢黒町"}],"0813":[{"pref":"熊本県","city":"人吉市","town":"矢岳町"}],"0300":[{"pref":"熊本県","city":"球磨郡錦町","town":"以下に掲載がない場合"}],"0302":[{"pref":"熊本県","city":"球磨郡錦町","town":"一武"}],"0301":[{"pref":"熊本県","city":"球磨郡錦町","town":"木上"}],"0303":[{"pref":"熊本県","city":"球磨郡錦町","town":"西"}],"0500":[{"pref":"熊本県","city":"球磨郡多良木町","town":"以下に掲載がない場合"}],"0504":[{"pref":"熊本県","city":"球磨郡多良木町","town":"奥野"}],"0503":[{"pref":"熊本県","city":"球磨郡多良木町","town":"久米"}],"0502":[{"pref":"熊本県","city":"球磨郡多良木町","town":"黒肥地"}],"0501":[{"pref":"熊本県","city":"球磨郡多良木町","town":"多良木"}],"0505":[{"pref":"熊本県","city":"球磨郡多良木町","town":"槻木"}],"0600":[{"pref":"熊本県","city":"球磨郡湯前町","town":"以下に掲載がない場合"}],"0604":[{"pref":"熊本県","city":"球磨郡湯前町","town":"浅ケ野"}],"0611":[{"pref":"熊本県","city":"球磨郡湯前町","town":"植木"}],"0625":[{"pref":"熊本県","city":"球磨郡湯前町","town":"上猪"}],"0621":[{"pref":"熊本県","city":"球磨郡湯前町","town":"上里"}],"0622":[{"pref":"熊本県","city":"球磨郡湯前町","town":"上染田"}],"0612":[{"pref":"熊本県","city":"球磨郡湯前町","town":"上村"}],"0601":[{"pref":"熊本県","city":"球磨郡湯前町","town":"下城"}],"0607":[{"pref":"熊本県","city":"球磨郡湯前町","town":"下里"}],"0605":[{"pref":"熊本県","city":"球磨郡湯前町","town":"下染田"}],"0616":[{"pref":"熊本県","city":"球磨郡湯前町","town":"下村"}],"0615":[{"pref":"熊本県","city":"球磨郡湯前町","town":"瀬戸口"}],"0613":[{"pref":"熊本県","city":"球磨郡湯前町","town":"田上"}],"0624":[{"pref":"熊本県","city":"球磨郡湯前町","town":"中猪"}],"0606":[{"pref":"熊本県","city":"球磨郡湯前町","town":"中里"}],"0623":[{"pref":"熊本県","city":"球磨郡湯前町","town":"野中田"}],"0614":[{"pref":"熊本県","city":"球磨郡湯前町","town":"馬場"}],"0602":[{"pref":"熊本県","city":"球磨郡湯前町","town":"浜川"}],"0603":[{"pref":"熊本県","city":"球磨郡湯前町","town":"古城"}],"0700":[{"pref":"熊本県","city":"球磨郡水上村","town":"以下に掲載がない場合"}],"0701":[{"pref":"熊本県","city":"球磨郡水上村","town":"岩野"}],"0702":[{"pref":"熊本県","city":"球磨郡水上村","town":"江代"}],"0703":[{"pref":"熊本県","city":"球磨郡水上村","town":"湯山"}],"0093":[{"pref":"熊本県","city":"球磨郡相良村","town":"川辺"}],"0094":[{"pref":"熊本県","city":"球磨郡相良村","town":"深水"}],"0095":[{"pref":"熊本県","city":"球磨郡相良村","town":"柳瀬"}],"0101":[{"pref":"熊本県","city":"球磨郡相良村","town":"四浦"}],"0200":[{"pref":"熊本県","city":"球磨郡五木村","town":"以下に掲載がない場合"}],"0201":[{"pref":"熊本県","city":"球磨郡五木村","town":"甲"}],"0202":[{"pref":"熊本県","city":"球磨郡五木村","town":"乙"}],"0203":[{"pref":"熊本県","city":"球磨郡五木村","town":"丙"}],"0091":[{"pref":"熊本県","city":"球磨郡山江村","town":"万江"}],"0092":[{"pref":"熊本県","city":"球磨郡山江村","town":"山田"}],"0400":[{"pref":"熊本県","city":"球磨郡あさぎり町","town":"以下に掲載がない場合"}],"0421":[{"pref":"熊本県","city":"球磨郡あさぎり町","town":"上東"}],"0424":[{"pref":"熊本県","city":"球磨郡あさぎり町","town":"上西"}],"0423":[{"pref":"熊本県","city":"球磨郡あさぎり町","town":"上南"}],"0422":[{"pref":"熊本県","city":"球磨郡あさぎり町","town":"上北"}],"0432":[{"pref":"熊本県","city":"球磨郡あさぎり町","town":"岡原南"}],"0431":[{"pref":"熊本県","city":"球磨郡あさぎり町","town":"岡原北"}],"0451":[{"pref":"熊本県","city":"球磨郡あさぎり町","town":"須恵"}],"0442":[{"pref":"熊本県","city":"球磨郡あさぎり町","town":"深田東"}],"0444":[{"pref":"熊本県","city":"球磨郡あさぎり町","town":"深田西"}],"0443":[{"pref":"熊本県","city":"球磨郡あさぎり町","town":"深田南"}],"0441":[{"pref":"熊本県","city":"球磨郡あさぎり町","town":"深田北"}],"0425":[{"pref":"熊本県","city":"球磨郡あさぎり町","town":"皆越"}],"0408":[{"pref":"熊本県","city":"球磨郡あさぎり町","town":"免田東"}],"0415":[{"pref":"熊本県","city":"球磨郡あさぎり町","town":"免田西"}]}