{"0204":[{"pref":"新潟県","city":"長岡市","town":"山古志竹沢"}],"0201":[{"pref":"新潟県","city":"長岡市","town":"山古志種苧原"}],"0202":[{"pref":"新潟県","city":"長岡市","town":"山古志南平"}],"0203":[{"pref":"新潟県","city":"長岡市","town":"山古志東竹沢"}],"0205":[{"pref":"新潟県","city":"長岡市","town":"山古志虫亀"}],"0000":[{"pref":"新潟県","city":"小千谷市","town":"以下に掲載がない場合"}],"0005":[{"pref":"新潟県","city":"小千谷市","town":"旭町"}],"0025":[{"pref":"新潟県","city":"小千谷市","town":"稲荷町"}],"0026":[{"pref":"新潟県","city":"小千谷市","town":"上ノ山"}],"0001":[{"pref":"新潟県","city":"小千谷市","town":"浦柄"}],"0101":[{"pref":"新潟県","city":"小千谷市","town":"片貝町"}],"0103":[{"pref":"新潟県","city":"小千谷市","town":"片貝山屋町"}],"0013":[{"pref":"新潟県","city":"小千谷市","town":"上片貝"}],"0045":[{"pref":"新潟県","city":"小千谷市","town":"鴻巣町"}],"0211":[{"pref":"新潟県","city":"小千谷市","town":"小栗山"}],"0041":[{"pref":"新潟県","city":"小千谷市","town":"小粟田"}],"0011":[{"pref":"新潟県","city":"小千谷市","town":"栄町"}],"0035":[{"pref":"新潟県","city":"小千谷市","town":"桜町"}],"0051":[{"pref":"新潟県","city":"小千谷市","town":"三仏生"}],"0213":[{"pref":"新潟県","city":"小千谷市","town":"塩谷"}],"0028":[{"pref":"新潟県","city":"小千谷市","town":"城内"}],"0102":[{"pref":"新潟県","city":"小千谷市","town":"高梨町"}],"0052":[{"pref":"新潟県","city":"小千谷市","town":"千谷"}],"0053":[{"pref":"新潟県","city":"小千谷市","town":"千谷川"}],"0031":[{"pref":"新潟県","city":"小千谷市","town":"土川"}],"0044":[{"pref":"新潟県","city":"小千谷市","town":"坪野"}],"0004":[{"pref":"新潟県","city":"小千谷市","town":"東栄"}],"0033":[{"pref":"新潟県","city":"小千谷市","town":"時水"}],"0014":[{"pref":"新潟県","city":"小千谷市","town":"西中"}],"0018":[{"pref":"新潟県","city":"小千谷市","town":"西吉谷"}],"0003":[{"pref":"新潟県","city":"小千谷市","town":"ひ生"}],"0017":[{"pref":"新潟県","city":"小千谷市","town":"東吉谷"}],"0023":[{"pref":"新潟県","city":"小千谷市","town":"日吉"}],"0042":[{"pref":"新潟県","city":"小千谷市","town":"平沢"},{"pref":"新潟県","city":"小千谷市","town":"平沢新田"}],"0024":[{"pref":"新潟県","city":"小千谷市","town":"船岡"}],"0027":[{"pref":"新潟県","city":"小千谷市","town":"平成"}],"0021":[{"pref":"新潟県","city":"小千谷市","town":"本町"}],"0212":[{"pref":"新潟県","city":"小千谷市","town":"南荷頃"}],"0022":[{"pref":"新潟県","city":"小千谷市","town":"元町"}],"0015":[{"pref":"新潟県","city":"小千谷市","town":"谷内"}],"0032":[{"pref":"新潟県","city":"小千谷市","town":"薮川"}],"0012":[{"pref":"新潟県","city":"小千谷市","town":"山本"}],"0043":[{"pref":"新潟県","city":"小千谷市","town":"山谷"}],"0002":[{"pref":"新潟県","city":"小千谷市","town":"横渡"}],"0016":[{"pref":"新潟県","city":"小千谷市","town":"四ツ子"}],"0034":[{"pref":"新潟県","city":"小千谷市","town":"両新田"}],"0054":[{"pref":"新潟県","city":"小千谷市","town":"若葉"}]}