{"鳥取市":{"以下に掲載がない場合":[{"zip":"6800000","zip1":"680","zip2":"0000"}],"相生町":[{"zip":"6800805","zip1":"680","zip2":"0805"}],"青葉町":[{"zip":"6800802","zip1":"680","zip2":"0802"}],"青谷町青谷":[{"zip":"6890501","zip1":"689","zip2":"0501"}],"青谷町井手":[{"zip":"6890535","zip1":"689","zip2":"0535"}],"青谷町大坪":[{"zip":"6890518","zip1":"689","zip2":"0518"}],"青谷町奥崎":[{"zip":"6890519","zip1":"689","zip2":"0519"}],"青谷町小畑":[{"zip":"6890516","zip1":"689","zip2":"0516"}],"青谷町紙屋":[{"zip":"6890526","zip1":"689","zip2":"0526"}],"青谷町亀尻":[{"zip":"6890522","zip1":"689","zip2":"0522"}],"青谷町河原":[{"zip":"6890515","zip1":"689","zip2":"0515"}],"青谷町北河原":[{"zip":"6890532","zip1":"689","zip2":"0532"}],"青谷町絹見":[{"zip":"6890533","zip1":"689","zip2":"0533"}],"青谷町楠根":[{"zip":"6890527","zip1":"689","zip2":"0527"}],"青谷町蔵内":[{"zip":"6890513","zip1":"689","zip2":"0513"}],"青谷町桑原":[{"zip":"6890529","zip1":"689","zip2":"0529"}],"青谷町栄町":[{"zip":"6890537","zip1":"689","zip2":"0537"}],"青谷町澄水":[{"zip":"6890528","zip1":"689","zip2":"0528"}],"青谷町田原谷":[{"zip":"6890525","zip1":"689","zip2":"0525"}],"青谷町露谷":[{"zip":"6890521","zip1":"689","zip2":"0521"}],"青谷町長和瀬":[{"zip":"6890536","zip1":"689","zip2":"0536"}],"青谷町鳴滝":[{"zip":"6890531","zip1":"689","zip2":"0531"}],"青谷町八葉寺":[{"zip":"6890524","zip1":"689","zip2":"0524"}],"青谷町早牛":[{"zip":"6890517","zip1":"689","zip2":"0517"}],"青谷町山田":[{"zip":"6890523","zip1":"689","zip2":"0523"}],"青谷町山根":[{"zip":"6890514","zip1":"689","zip2":"0514"}],"青谷町養郷":[{"zip":"6890512","zip1":"689","zip2":"0512"}],"青谷町吉川":[{"zip":"6890534","zip1":"689","zip2":"0534"}],"青谷町善田":[{"zip":"6890511","zip1":"689","zip2":"0511"}],"秋里":[{"zip":"6800902","zip1":"680","zip2":"0902"}],"赤子田":[{"zip":"6801146","zip1":"680","zip2":"1146"}],"朝月":[{"zip":"6801166","zip1":"680","zip2":"1166"}],"有富":[{"zip":"6801176","zip1":"680","zip2":"1176"}],"猪子":[{"zip":"6801164","zip1":"680","zip2":"1164"}],"今町":[{"zip":"6800822","zip1":"680","zip2":"0822"}],"岩倉":[{"zip":"6800081","zip1":"680","zip2":"0081"}],"岩坪":[{"zip":"6801157","zip1":"680","zip2":"1157"}],"岩吉":[{"zip":"6800931","zip1":"680","zip2":"0931"}],"上原":[{"zip":"6801422","zip1":"680","zip2":"1422"}],"上町":[{"zip":"6800015","zip1":"680","zip2":"0015"}],"内海中":[{"zip":"6890205","zip1":"689","zip2":"0205"}],"永楽温泉町":[{"zip":"6800834","zip1":"680","zip2":"0834"}],"江崎町":[{"zip":"6800013","zip1":"680","zip2":"0013"}],"江津":[{"zip":"6800901","zip1":"680","zip2":"0901"}],"戎町":[{"zip":"6800055","zip1":"680","zip2":"0055"}],"円護寺":[{"zip":"6800005","zip1":"680","zip2":"0005"}],"円通寺":[{"zip":"6801144","zip1":"680","zip2":"1144"}],"扇町":[{"zip":"6800846","zip1":"680","zip2":"0846"}],"大榎町":[{"zip":"6800043","zip1":"680","zip2":"0043"}],"大杙":[{"zip":"6800851","zip1":"680","zip2":"0851"}],"大塚":[{"zip":"6801415","zip1":"680","zip2":"1415"}],"大畑":[{"zip":"6801437","zip1":"680","zip2":"1437"}],"晩稲":[{"zip":"6800904","zip1":"680","zip2":"0904"}],"桶屋町":[{"zip":"6800054","zip1":"680","zip2":"0054"}],"尾崎":[{"zip":"6801427","zip1":"680","zip2":"1427"}],"面影":[{"zip":"6800855","zip1":"680","zip2":"0855"}],"御弓町":[{"zip":"6800044","zip1":"680","zip2":"0044"}],"海蔵寺":[{"zip":"6891117","zip1":"689","zip2":"1117"}],"覚寺":[{"zip":"6800003","zip1":"680","zip2":"0003"}],"掛出町":[{"zip":"6800041","zip1":"680","zip2":"0041"}],"紙子谷":[{"zip":"6891115","zip1":"689","zip2":"1115"}],"鍛冶町":[{"zip":"6800052","zip1":"680","zip2":"0052"}],"片原":[{"zip":"6800023","zip1":"680","zip2":"0023"}],"桂木":[{"zip":"6891104","zip1":"689","zip2":"1104"}],"桂見":[{"zip":"6801417","zip1":"680","zip2":"1417"}],"香取":[{"zip":"6891114","zip1":"689","zip2":"1114"}],"金沢":[{"zip":"6801439","zip1":"680","zip2":"1439"}],"叶":[{"zip":"6800874","zip1":"680","zip2":"0874"}],"上味野":[{"zip":"6801167","zip1":"680","zip2":"1167"}],"上魚町":[{"zip":"6800047","zip1":"680","zip2":"0047"}],"上砂見":[{"zip":"6801156","zip1":"680","zip2":"1156"}],"上段":[{"zip":"6801421","zip1":"680","zip2":"1421"}],"賀露町":[{"zip":"6800905","zip1":"680","zip2":"0905"}],"賀露町北":[{"zip":"6800907","zip1":"680","zip2":"0907"}],"賀露町西":[{"zip":"6800908","zip1":"680","zip2":"0908"}],"賀露町南":[{"zip":"6800909","zip1":"680","zip2":"0909"}],"川端":[{"zip":"6800036","zip1":"680","zip2":"0036"}],"河原町鮎ケ丘":[{"zip":"6801208","zip1":"680","zip2":"1208"}],"河原町稲常":[{"zip":"6801203","zip1":"680","zip2":"1203"}],"河原町今在家":[{"zip":"6801205","zip1":"680","zip2":"1205"}],"河原町牛戸":[{"zip":"6801225","zip1":"680","zip2":"1225"}],"河原町小倉":[{"zip":"6801245","zip1":"680","zip2":"1245"}],"河原町小河内":[{"zip":"6801253","zip1":"680","zip2":"1253"}],"河原町小畑":[{"zip":"6801232","zip1":"680","zip2":"1232"}],"河原町片山":[{"zip":"6801204","zip1":"680","zip2":"1204"}],"河原町釜口":[{"zip":"6801216","zip1":"680","zip2":"1216"}],"河原町河原":[{"zip":"6801251","zip1":"680","zip2":"1251"}],"河原町神馬":[{"zip":"6801254","zip1":"680","zip2":"1254"}],"河原町北村":[{"zip":"6801234","zip1":"680","zip2":"1234"}],"河原町郷原":[{"zip":"6801207","zip1":"680","zip2":"1207"}],"河原町佐貫":[{"zip":"6801243","zip1":"680","zip2":"1243"}],"河原町高福":[{"zip":"6801213","zip1":"680","zip2":"1213"}],"河原町谷一木":[{"zip":"6801242","zip1":"680","zip2":"1242"}],"河原町天神原":[{"zip":"6801223","zip1":"680","zip2":"1223"}],"河原町徳吉":[{"zip":"6801212","zip1":"680","zip2":"1212"}],"河原町中井":[{"zip":"6801224","zip1":"680","zip2":"1224"}],"河原町長瀬":[{"zip":"6801241","zip1":"680","zip2":"1241"}],"河原町西円通寺":[{"zip":"6801209","zip1":"680","zip2":"1209"}],"河原町曳田":[{"zip":"6801222","zip1":"680","zip2":"1222"}],"河原町袋河原":[{"zip":"6801201","zip1":"680","zip2":"1201"}],"河原町布袋":[{"zip":"6801202","zip1":"680","zip2":"1202"}],"河原町本鹿":[{"zip":"6801252","zip1":"680","zip2":"1252"}],"河原町水根":[{"zip":"6801244","zip1":"680","zip2":"1244"}],"河原町三谷":[{"zip":"6801206","zip1":"680","zip2":"1206"}],"河原町山上":[{"zip":"6801246","zip1":"680","zip2":"1246"}],"河原町山手":[{"zip":"6801211","zip1":"680","zip2":"1211"}],"河原町湯谷":[{"zip":"6801231","zip1":"680","zip2":"1231"}],"河原町弓河内":[{"zip":"6801233","zip1":"680","zip2":"1233"}],"河原町八日市":[{"zip":"6801214","zip1":"680","zip2":"1214"}],"河原町渡一木":[{"zip":"6801221","zip1":"680","zip2":"1221"}],"河原町和奈見":[{"zip":"6801215","zip1":"680","zip2":"1215"}],"瓦町":[{"zip":"6800821","zip1":"680","zip2":"0821"}],"北園":[{"zip":"6800004","zip1":"680","zip2":"0004"}],"北村":[{"zip":"6801172","zip1":"680","zip2":"1172"}],"行徳":[{"zip":"6800824","zip1":"680","zip2":"0824"}],"国安":[{"zip":"6801132","zip1":"680","zip2":"1132"}],"雲山":[{"zip":"6800862","zip1":"680","zip2":"0862"}],"蔵田":[{"zip":"6801141","zip1":"680","zip2":"1141"}],"栗谷町":[{"zip":"6800012","zip1":"680","zip2":"0012"}],"気高町飯里":[{"zip":"6890343","zip1":"689","zip2":"0343"}],"気高町会下":[{"zip":"6890355","zip1":"689","zip2":"0355"}],"気高町奥沢見":[{"zip":"6890211","zip1":"689","zip2":"0211"}],"気高町下石":[{"zip":"6890341","zip1":"689","zip2":"0341"}],"気高町勝見":[{"zip":"6890332","zip1":"689","zip2":"0332"}],"気高町上光":[{"zip":"6890214","zip1":"689","zip2":"0214"}],"気高町上原":[{"zip":"6890344","zip1":"689","zip2":"0344"}],"気高町北浜":[{"zip":"6890334","zip1":"689","zip2":"0334"}],"気高町郡家":[{"zip":"6890353","zip1":"689","zip2":"0353"}],"気高町酒津":[{"zip":"6890217","zip1":"689","zip2":"0217"}],"気高町重高":[{"zip":"6890224","zip1":"689","zip2":"0224"}],"気高町下坂本":[{"zip":"6890221","zip1":"689","zip2":"0221"}],"気高町下原":[{"zip":"6890356","zip1":"689","zip2":"0356"}],"気高町下光元":[{"zip":"6890213","zip1":"689","zip2":"0213"}],"気高町宿":[{"zip":"6890226","zip1":"689","zip2":"0226"}],"気高町新町":[{"zip":"6890333","zip1":"689","zip2":"0333"}],"気高町高江":[{"zip":"6890352","zip1":"689","zip2":"0352"}],"気高町常松":[{"zip":"6890212","zip1":"689","zip2":"0212"}],"気高町土居":[{"zip":"6890225","zip1":"689","zip2":"0225"}],"気高町殿":[{"zip":"6890342","zip1":"689","zip2":"0342"}],"気高町冨吉":[{"zip":"6890215","zip1":"689","zip2":"0215"}],"気高町日光":[{"zip":"6890222","zip1":"689","zip2":"0222"}],"気高町二本木":[{"zip":"6890223","zip1":"689","zip2":"0223"}],"気高町浜村":[{"zip":"6890331","zip1":"689","zip2":"0331"}],"気高町宝木":[{"zip":"6890216","zip1":"689","zip2":"0216"}],"気高町睦逢":[{"zip":"6890354","zip1":"689","zip2":"0354"}],"気高町八束水":[{"zip":"6890357","zip1":"689","zip2":"0357"}],"気高町山宮":[{"zip":"6890345","zip1":"689","zip2":"0345"}],"気高町八幡":[{"zip":"6890351","zip1":"689","zip2":"0351"}],"玄好町":[{"zip":"6800024","zip1":"680","zip2":"0024"}],"源太":[{"zip":"6801133","zip1":"680","zip2":"1133"}],"越路":[{"zip":"6891124","zip1":"689","zip2":"1124"}],"河内":[{"zip":"6801425","zip1":"680","zip2":"1425"}],"興南町":[{"zip":"6800844","zip1":"680","zip2":"0844"}],"高路":[{"zip":"6801177","zip1":"680","zip2":"1177"}],"国府町麻生":[{"zip":"6800142","zip1":"680","zip2":"0142"}],"国府町雨滝":[{"zip":"6800201","zip1":"680","zip2":"0201"}],"国府町荒舟":[{"zip":"6800216","zip1":"680","zip2":"0216"}],"国府町糸谷":[{"zip":"6800136","zip1":"680","zip2":"0136"}],"国府町稲葉丘":[{"zip":"6808062","zip1":"680","zip2":"8062"}],"国府町石井谷":[{"zip":"6800202","zip1":"680","zip2":"0202"}],"国府町大石":[{"zip":"6800203","zip1":"680","zip2":"0203"}],"国府町岡益":[{"zip":"6800144","zip1":"680","zip2":"0144"}],"国府町奥谷":[{"zip":"6808063","zip1":"680","zip2":"8063"}],"国府町上荒舟":[{"zip":"6800214","zip1":"680","zip2":"0214"}],"国府町上上地":[{"zip":"6800213","zip1":"680","zip2":"0213"}],"国府町神護":[{"zip":"6800221","zip1":"680","zip2":"0221"}],"国府町木原":[{"zip":"6800208","zip1":"680","zip2":"0208"}],"国府町神垣":[{"zip":"6800132","zip1":"680","zip2":"0132"}],"国府町国分寺":[{"zip":"6800155","zip1":"680","zip2":"0155"}],"国府町三代寺":[{"zip":"6800154","zip1":"680","zip2":"0154"}],"国府町拾石":[{"zip":"6800205","zip1":"680","zip2":"0205"}],"国府町下木原":[{"zip":"6800207","zip1":"680","zip2":"0207"}],"国府町新通り":[{"zip":"6808066","zip1":"680","zip2":"8066"}],"国府町新町":[{"zip":"6808065","zip1":"680","zip2":"8065"}],"国府町菅野":[{"zip":"6800211","zip1":"680","zip2":"0211"}],"国府町清水":[{"zip":"6800134","zip1":"680","zip2":"0134"}],"国府町高岡":[{"zip":"6800131","zip1":"680","zip2":"0131"}],"国府町谷":[{"zip":"6800135","zip1":"680","zip2":"0135"}],"国府町玉鉾":[{"zip":"6800143","zip1":"680","zip2":"0143"}],"国府町中郷":[{"zip":"6800156","zip1":"680","zip2":"0156"}],"国府町庁":[{"zip":"6800152","zip1":"680","zip2":"0152"}],"国府町栃本":[{"zip":"6800206","zip1":"680","zip2":"0206"}],"国府町殿":[{"zip":"6800222","zip1":"680","zip2":"0222"}],"国府町中河原":[{"zip":"6800223","zip1":"680","zip2":"0223"}],"国府町楠城":[{"zip":"6800204","zip1":"680","zip2":"0204"}],"国府町新井":[{"zip":"6800226","zip1":"680","zip2":"0226"}],"国府町広西":[{"zip":"6800145","zip1":"680","zip2":"0145"}],"国府町分上":[{"zip":"6808064","zip1":"680","zip2":"8064"}],"国府町法花寺":[{"zip":"6800153","zip1":"680","zip2":"0153"}],"国府町町屋":[{"zip":"6800146","zip1":"680","zip2":"0146"}],"国府町松尾":[{"zip":"6800224","zip1":"680","zip2":"0224"}],"国府町美歎":[{"zip":"6800141","zip1":"680","zip2":"0141"}],"国府町宮下":[{"zip":"6800151","zip1":"680","zip2":"0151"}],"国府町山崎":[{"zip":"6800215","zip1":"680","zip2":"0215"}],"国府町山根":[{"zip":"6800133","zip1":"680","zip2":"0133"}],"国府町吉野":[{"zip":"6800225","zip1":"680","zip2":"0225"}],"国府町上地":[{"zip":"6800212","zip1":"680","zip2":"0212"}],"古郡家":[{"zip":"6891125","zip1":"689","zip2":"1125"}],"小西谷":[{"zip":"6800073","zip1":"680","zip2":"0073"}],"小沢見":[{"zip":"6890207","zip1":"689","zip2":"0207"}],"五反田町":[{"zip":"6800932","zip1":"680","zip2":"0932"}],"寿町":[{"zip":"6800813","zip1":"680","zip2":"0813"}],"湖山町":[{"zip":"6800946","zip1":"680","zip2":"0946"}],"湖山町東":[{"zip":"6800942","zip1":"680","zip2":"0942"}],"湖山町西":[{"zip":"6800947","zip1":"680","zip2":"0947"}],"湖山町南":[{"zip":"6800945","zip1":"680","zip2":"0945"}],"湖山町北":[{"zip":"6800941","zip1":"680","zip2":"0941"}],"材木町":[{"zip":"6800021","zip1":"680","zip2":"0021"}],"幸町":[{"zip":"6800823","zip1":"680","zip2":"0823"}],"栄町":[{"zip":"6800831","zip1":"680","zip2":"0831"}],"桜谷":[{"zip":"6800853","zip1":"680","zip2":"0853"}],"佐治町大井":[{"zip":"6891304","zip1":"689","zip2":"1304"}],"佐治町尾際":[{"zip":"6891324","zip1":"689","zip2":"1324"}],"佐治町葛谷":[{"zip":"6891301","zip1":"689","zip2":"1301"}],"佐治町加瀬木":[{"zip":"6891313","zip1":"689","zip2":"1313"}],"佐治町加茂":[{"zip":"6891314","zip1":"689","zip2":"1314"}],"佐治町刈地":[{"zip":"6891303","zip1":"689","zip2":"1303"}],"佐治町河本":[{"zip":"6891321","zip1":"689","zip2":"1321"}],"佐治町小原":[{"zip":"6891302","zip1":"689","zip2":"1302"}],"佐治町高山":[{"zip":"6891312","zip1":"689","zip2":"1312"}],"佐治町つく谷":[{"zip":"6891322","zip1":"689","zip2":"1322"}],"佐治町津無":[{"zip":"6891307","zip1":"689","zip2":"1307"}],"佐治町津野":[{"zip":"6891311","zip1":"689","zip2":"1311"}],"佐治町栃原":[{"zip":"6891326","zip1":"689","zip2":"1326"}],"佐治町中":[{"zip":"6891325","zip1":"689","zip2":"1325"}],"佐治町畑":[{"zip":"6891315","zip1":"689","zip2":"1315"}],"佐治町福園":[{"zip":"6891316","zip1":"689","zip2":"1316"}],"佐治町古市":[{"zip":"6891306","zip1":"689","zip2":"1306"}],"佐治町森坪":[{"zip":"6891305","zip1":"689","zip2":"1305"}],"佐治町余戸":[{"zip":"6891323","zip1":"689","zip2":"1323"}],"里仁":[{"zip":"6800935","zip1":"680","zip2":"0935"}],"鹿野町今市":[{"zip":"6890425","zip1":"689","zip2":"0425"}],"鹿野町岡木":[{"zip":"6890422","zip1":"689","zip2":"0422"}],"鹿野町乙亥正":[{"zip":"6890421","zip1":"689","zip2":"0421"}],"鹿野町河内":[{"zip":"6890412","zip1":"689","zip2":"0412"}],"鹿野町小別所":[{"zip":"6890413","zip1":"689","zip2":"0413"}],"鹿野町鹿野":[{"zip":"6890405","zip1":"689","zip2":"0405"}],"鹿野町鷲峯":[{"zip":"6890411","zip1":"689","zip2":"0411"}],"鹿野町末用":[{"zip":"6890403","zip1":"689","zip2":"0403"}],"鹿野町寺内":[{"zip":"6890426","zip1":"689","zip2":"0426"}],"鹿野町閉野":[{"zip":"6890402","zip1":"689","zip2":"0402"}],"鹿野町中園":[{"zip":"6890423","zip1":"689","zip2":"0423"}],"鹿野町広木":[{"zip":"6890401","zip1":"689","zip2":"0401"}],"鹿野町水谷":[{"zip":"6890404","zip1":"689","zip2":"0404"}],"鹿野町宮方":[{"zip":"6890424","zip1":"689","zip2":"0424"}],"倭文":[{"zip":"6801151","zip1":"680","zip2":"1151"}],"篠坂":[{"zip":"6801174","zip1":"680","zip2":"1174"}],"嶋":[{"zip":"6801411","zip1":"680","zip2":"1411"}],"下味野":[{"zip":"6801165","zip1":"680","zip2":"1165"}],"下砂見":[{"zip":"6801154","zip1":"680","zip2":"1154"}],"下段":[{"zip":"6801414","zip1":"680","zip2":"1414"}],"商栄町":[{"zip":"6800912","zip1":"680","zip2":"0912"}],"生山":[{"zip":"6891103","zip1":"689","zip2":"1103"}],"尚徳町":[{"zip":"6800017","zip1":"680","zip2":"0017"}],"菖蒲":[{"zip":"6800922","zip1":"680","zip2":"0922"}],"正蓮寺":[{"zip":"6800854","zip1":"680","zip2":"0854"}],"職人町":[{"zip":"6800056","zip1":"680","zip2":"0056"}],"新":[{"zip":"6800861","zip1":"680","zip2":"0861"}],"新品治町":[{"zip":"6800812","zip1":"680","zip2":"0812"}],"新町":[{"zip":"6800035","zip1":"680","zip2":"0035"}],"末広温泉町":[{"zip":"6800833","zip1":"680","zip2":"0833"}],"杉崎":[{"zip":"6891101","zip1":"689","zip2":"1101"}],"数津":[{"zip":"6800875","zip1":"680","zip2":"0875"}],"瀬田蔵":[{"zip":"6801435","zip1":"680","zip2":"1435"}],"双六原":[{"zip":"6801432","zip1":"680","zip2":"1432"}],"大桷":[{"zip":"6801418","zip1":"680","zip2":"1418"}],"大覚寺":[{"zip":"6800863","zip1":"680","zip2":"0863"}],"高住":[{"zip":"6801416","zip1":"680","zip2":"1416"}],"大工町頭":[{"zip":"6800045","zip1":"680","zip2":"0045"}],"滝山":[{"zip":"6800072","zip1":"680","zip2":"0072"}],"竹生":[{"zip":"6801162","zip1":"680","zip2":"1162"}],"田島":[{"zip":"6800804","zip1":"680","zip2":"0804"}],"立川町":[{"zip":"6800061","zip1":"680","zip2":"0061"}],"玉津":[{"zip":"6801152","zip1":"680","zip2":"1152"}],"足山":[{"zip":"6800943","zip1":"680","zip2":"0943"}],"茶町":[{"zip":"6800032","zip1":"680","zip2":"0032"}],"千代水":[{"zip":"6800911","zip1":"680","zip2":"0911"}],"津ノ井":[{"zip":"6891102","zip1":"689","zip2":"1102"}],"寺町":[{"zip":"6800053","zip1":"680","zip2":"0053"}],"田園町":[{"zip":"6800803","zip1":"680","zip2":"0803"}],"天神町":[{"zip":"6800847","zip1":"680","zip2":"0847"}],"徳尾":[{"zip":"6800934","zip1":"680","zip2":"0934"}],"徳吉":[{"zip":"6800933","zip1":"680","zip2":"0933"}],"富安":[{"zip":"6800845","zip1":"680","zip2":"0845"}],"中大路":[{"zip":"6891106","zip1":"689","zip2":"1106"}],"中砂見":[{"zip":"6801155","zip1":"680","zip2":"1155"}],"中町":[{"zip":"6800016","zip1":"680","zip2":"0016"}],"中村":[{"zip":"6801175","zip1":"680","zip2":"1175"}],"長柄":[{"zip":"6801436","zip1":"680","zip2":"1436"}],"南栄町":[{"zip":"6891121","zip1":"689","zip2":"1121"}],"二階町":[{"zip":"6800033","zip1":"680","zip2":"0033"}],"西今在家":[{"zip":"6801173","zip1":"680","zip2":"1173"}],"西円通寺":[{"zip":"6801145","zip1":"680","zip2":"1145"}],"西大路":[{"zip":"6891107","zip1":"689","zip2":"1107"}],"西品治":[{"zip":"6800811","zip1":"680","zip2":"0811"}],"西町":[{"zip":"6800022","zip1":"680","zip2":"0022"}],"祢宜谷":[{"zip":"6891113","zip1":"689","zip2":"1113"}],"野坂":[{"zip":"6801413","zip1":"680","zip2":"1413"}],"野寺":[{"zip":"6800924","zip1":"680","zip2":"0924"}],"白兎":[{"zip":"6890206","zip1":"689","zip2":"0206"}],"橋本":[{"zip":"6801142","zip1":"680","zip2":"1142"}],"長谷":[{"zip":"6801153","zip1":"680","zip2":"1153"}],"八坂":[{"zip":"6801143","zip1":"680","zip2":"1143"}],"服部":[{"zip":"6800923","zip1":"680","zip2":"0923"}],"馬場":[{"zip":"6801131","zip1":"680","zip2":"1131"}],"馬場町":[{"zip":"6800014","zip1":"680","zip2":"0014"}],"浜坂":[{"zip":"6800001","zip1":"680","zip2":"0001"}],"浜坂東":[{"zip":"6800002","zip1":"680","zip2":"0002"}],"東今在家":[{"zip":"6800852","zip1":"680","zip2":"0852"}],"東大路":[{"zip":"6891105","zip1":"689","zip2":"1105"}],"東品治町":[{"zip":"6800835","zip1":"680","zip2":"0835"}],"東町":[{"zip":"6800011","zip1":"680","zip2":"0011"}],"久末":[{"zip":"6891123","zip1":"689","zip2":"1123"}],"広岡":[{"zip":"6891116","zip1":"689","zip2":"1116"}],"福井":[{"zip":"6801438","zip1":"680","zip2":"1438"}],"福部町海士":[{"zip":"6890106","zip1":"689","zip2":"0106"}],"福部町岩戸":[{"zip":"6890101","zip1":"689","zip2":"0101"}],"福部町久志羅（上野）":[{"zip":"6808021","zip1":"680","zip2":"8021"}],"福部町久志羅（その他）":[{"zip":"6890113","zip1":"689","zip2":"0113"}],"福部町蔵見":[{"zip":"6890112","zip1":"689","zip2":"0112"}],"福部町栗谷":[{"zip":"6890111","zip1":"689","zip2":"0111"}],"福部町左近（上野）":[{"zip":"6808022","zip1":"680","zip2":"8022"}],"福部町左近（その他）":[{"zip":"6890114","zip1":"689","zip2":"0114"}],"福部町高江":[{"zip":"6890103","zip1":"689","zip2":"0103"}],"福部町中":[{"zip":"6890116","zip1":"689","zip2":"0116"}],"福部町南田":[{"zip":"6890117","zip1":"689","zip2":"0117"}],"福部町細川":[{"zip":"6890102","zip1":"689","zip2":"0102"}],"福部町八重原":[{"zip":"6890115","zip1":"689","zip2":"0115"}],"福部町箭溪":[{"zip":"6890104","zip1":"689","zip2":"0104"}],"福部町湯山":[{"zip":"6890105","zip1":"689","zip2":"0105"}],"伏野":[{"zip":"6890201","zip1":"689","zip2":"0201"}],"布勢":[{"zip":"6800944","zip1":"680","zip2":"0944"}],"船木":[{"zip":"6891122","zip1":"689","zip2":"1122"}],"古市":[{"zip":"6800865","zip1":"680","zip2":"0865"}],"古海":[{"zip":"6800921","zip1":"680","zip2":"0921"}],"卯垣":[{"zip":"6800074","zip1":"680","zip2":"0074"}],"庖丁人町":[{"zip":"6800042","zip1":"680","zip2":"0042"}],"細見":[{"zip":"6801426","zip1":"680","zip2":"1426"}],"洞谷":[{"zip":"6801434","zip1":"680","zip2":"1434"}],"本町":[{"zip":"6800031","zip1":"680","zip2":"0031"}],"槇原":[{"zip":"6801424","zip1":"680","zip2":"1424"}],"松上":[{"zip":"6801423","zip1":"680","zip2":"1423"}],"松並町":[{"zip":"6800801","zip1":"680","zip2":"0801"}],"松原":[{"zip":"6801444","zip1":"680","zip2":"1444"}],"的場":[{"zip":"6800873","zip1":"680","zip2":"0873"}],"丸山町":[{"zip":"6800006","zip1":"680","zip2":"0006"}],"御熊":[{"zip":"6890204","zip1":"689","zip2":"0204"}],"三津":[{"zip":"6890203","zip1":"689","zip2":"0203"}],"緑ケ丘":[{"zip":"6800915","zip1":"680","zip2":"0915"}],"港町":[{"zip":"6800906","zip1":"680","zip2":"0906"}],"南隈":[{"zip":"6800903","zip1":"680","zip2":"0903"}],"南町":[{"zip":"6800814","zip1":"680","zip2":"0814"}],"南安長":[{"zip":"6800914","zip1":"680","zip2":"0914"}],"南吉方":[{"zip":"6800843","zip1":"680","zip2":"0843"}],"美萩野":[{"zip":"6890202","zip1":"689","zip2":"0202"}],"宮谷":[{"zip":"6801412","zip1":"680","zip2":"1412"}],"宮長":[{"zip":"6800872","zip1":"680","zip2":"0872"}],"三山口":[{"zip":"6801428","zip1":"680","zip2":"1428"}],"妙徳寺":[{"zip":"6801431","zip1":"680","zip2":"1431"}],"美和":[{"zip":"6891126","zip1":"689","zip2":"1126"}],"向国安":[{"zip":"6801161","zip1":"680","zip2":"1161"}],"用瀬町赤波":[{"zip":"6891215","zip1":"689","zip2":"1215"}],"用瀬町旭ケ丘":[{"zip":"6891214","zip1":"689","zip2":"1214"}],"用瀬町安蔵":[{"zip":"6891227","zip1":"689","zip2":"1227"}],"用瀬町家奥":[{"zip":"6891222","zip1":"689","zip2":"1222"}],"用瀬町江波":[{"zip":"6891229","zip1":"689","zip2":"1229"}],"用瀬町金屋":[{"zip":"6891223","zip1":"689","zip2":"1223"}],"用瀬町川中":[{"zip":"6891226","zip1":"689","zip2":"1226"}],"用瀬町樟原":[{"zip":"6891224","zip1":"689","zip2":"1224"}],"用瀬町鷹狩":[{"zip":"6891213","zip1":"689","zip2":"1213"}],"用瀬町古用瀬":[{"zip":"6891221","zip1":"689","zip2":"1221"}],"用瀬町別府":[{"zip":"6891211","zip1":"689","zip2":"1211"}],"用瀬町美成":[{"zip":"6891212","zip1":"689","zip2":"1212"}],"用瀬町宮原":[{"zip":"6891225","zip1":"689","zip2":"1225"}],"用瀬町用瀬":[{"zip":"6891201","zip1":"689","zip2":"1201"}],"用瀬町屋住":[{"zip":"6891228","zip1":"689","zip2":"1228"}],"元魚町":[{"zip":"6800034","zip1":"680","zip2":"0034"}],"元大工町":[{"zip":"6800046","zip1":"680","zip2":"0046"}],"本高":[{"zip":"6801171","zip1":"680","zip2":"1171"}],"元町":[{"zip":"6800037","zip1":"680","zip2":"0037"}],"百谷":[{"zip":"6800071","zip1":"680","zip2":"0071"}],"薬師町":[{"zip":"6800806","zip1":"680","zip2":"0806"}],"安長":[{"zip":"6800913","zip1":"680","zip2":"0913"}],"矢矯":[{"zip":"6801433","zip1":"680","zip2":"1433"}],"山城町":[{"zip":"6800008","zip1":"680","zip2":"0008"}],"弥生町":[{"zip":"6800832","zip1":"680","zip2":"0832"}],"湯所町":[{"zip":"6800007","zip1":"680","zip2":"0007"}],"横枕":[{"zip":"6801163","zip1":"680","zip2":"1163"}],"吉岡温泉町":[{"zip":"6801442","zip1":"680","zip2":"1442"}],"吉方":[{"zip":"6800842","zip1":"680","zip2":"0842"}],"吉方温泉":[{"zip":"6800841","zip1":"680","zip2":"0841"}],"吉方町":[{"zip":"6800062","zip1":"680","zip2":"0062"}],"良田":[{"zip":"6801441","zip1":"680","zip2":"1441"}],"吉成":[{"zip":"6800864","zip1":"680","zip2":"0864"}],"吉成南町":[{"zip":"6800871","zip1":"680","zip2":"0871"}],"六反田":[{"zip":"6801443","zip1":"680","zip2":"1443"}],"若桜町":[{"zip":"6800051","zip1":"680","zip2":"0051"}],"若葉台南":[{"zip":"6891112","zip1":"689","zip2":"1112"}],"若葉台北":[{"zip":"6891111","zip1":"689","zip2":"1111"}]},"米子市":{"以下に掲載がない場合":[{"zip":"6830000","zip1":"683","zip2":"0000"}],"青木":[{"zip":"6830252","zip1":"683","zip2":"0252"}],"赤井手":[{"zip":"6893515","zip1":"689","zip2":"3515"}],"朝日町":[{"zip":"6830813","zip1":"683","zip2":"0813"}],"愛宕町":[{"zip":"6830046","zip1":"683","zip2":"0046"}],"安倍":[{"zip":"6830846","zip1":"683","zip2":"0846"}],"石井":[{"zip":"6830021","zip1":"683","zip2":"0021"}],"泉":[{"zip":"6893512","zip1":"689","zip2":"3512"}],"一部":[{"zip":"6893533","zip1":"689","zip2":"3533"}],"今在家":[{"zip":"6893542","zip1":"689","zip2":"3542"}],"岩倉町":[{"zip":"6830833","zip1":"683","zip2":"0833"}],"陰田町":[{"zip":"6830027","zip1":"683","zip2":"0027"}],"内町":[{"zip":"6830834","zip1":"683","zip2":"0834"}],"浦津":[{"zip":"6893544","zip1":"689","zip2":"3544"}],"榎原":[{"zip":"6830257","zip1":"683","zip2":"0257"}],"大崎":[{"zip":"6830104","zip1":"683","zip2":"0104"}],"大篠津町":[{"zip":"6830101","zip1":"683","zip2":"0101"}],"大谷町":[{"zip":"6830045","zip1":"683","zip2":"0045"}],"大袋":[{"zip":"6830256","zip1":"683","zip2":"0256"}],"岡成":[{"zip":"6893513","zip1":"689","zip2":"3513"}],"奥谷":[{"zip":"6830016","zip1":"683","zip2":"0016"}],"尾高":[{"zip":"6893514","zip1":"689","zip2":"3514"}],"尾高町":[{"zip":"6830814","zip1":"683","zip2":"0814"}],"皆生":[{"zip":"6830003","zip1":"683","zip2":"0003"}],"皆生温泉":[{"zip":"6830001","zip1":"683","zip2":"0001"}],"皆生新田":[{"zip":"6830002","zip1":"683","zip2":"0002"}],"角盤町":[{"zip":"6830812","zip1":"683","zip2":"0812"}],"兼久":[{"zip":"6830251","zip1":"683","zip2":"0251"}],"上安曇":[{"zip":"6830255","zip1":"683","zip2":"0255"}],"上後藤":[{"zip":"6830841","zip1":"683","zip2":"0841"}],"上新印":[{"zip":"6893532","zip1":"689","zip2":"3532"}],"上福原":[{"zip":"6830004","zip1":"683","zip2":"0004"}],"加茂町":[{"zip":"6830823","zip1":"683","zip2":"0823"}],"蚊屋":[{"zip":"6893543","zip1":"689","zip2":"3543"}],"河岡":[{"zip":"6893521","zip1":"689","zip2":"3521"}],"河崎":[{"zip":"6830852","zip1":"683","zip2":"0852"}],"勝田町":[{"zip":"6830051","zip1":"683","zip2":"0051"}],"観音寺":[{"zip":"6830007","zip1":"683","zip2":"0007"}],"観音寺新町":[{"zip":"6830009","zip1":"683","zip2":"0009"}],"祇園町":[{"zip":"6830047","zip1":"683","zip2":"0047"}],"義方町":[{"zip":"6830844","zip1":"683","zip2":"0844"}],"錦海町":[{"zip":"6830825","zip1":"683","zip2":"0825"}],"日下":[{"zip":"6893522","zip1":"689","zip2":"3522"}],"車尾":[{"zip":"6830006","zip1":"683","zip2":"0006"}],"車尾南":[{"zip":"6830008","zip1":"683","zip2":"0008"}],"熊党":[{"zip":"6893546","zip1":"689","zip2":"3546"}],"久米町":[{"zip":"6830824","zip1":"683","zip2":"0824"}],"糀町":[{"zip":"6830054","zip1":"683","zip2":"0054"}],"紺屋町":[{"zip":"6830062","zip1":"683","zip2":"0062"}],"古豊千":[{"zip":"6893537","zip1":"689","zip2":"3537"}],"三本松":[{"zip":"6830842","zip1":"683","zip2":"0842"}],"塩町":[{"zip":"6830042","zip1":"683","zip2":"0042"}],"下安曇":[{"zip":"6830253","zip1":"683","zip2":"0253"}],"下新印":[{"zip":"6893531","zip1":"689","zip2":"3531"}],"下郷":[{"zip":"6893511","zip1":"689","zip2":"3511"}],"昭和町":[{"zip":"6830037","zip1":"683","zip2":"0037"}],"新開":[{"zip":"6830801","zip1":"683","zip2":"0801"}],"末広町":[{"zip":"6830043","zip1":"683","zip2":"0043"}],"諏訪":[{"zip":"6830013","zip1":"683","zip2":"0013"}],"石州府":[{"zip":"6893524","zip1":"689","zip2":"3524"}],"大工町":[{"zip":"6830044","zip1":"683","zip2":"0044"}],"高島":[{"zip":"6893536","zip1":"689","zip2":"3536"}],"立町":[{"zip":"6830832","zip1":"683","zip2":"0832"}],"茶町":[{"zip":"6830041","zip1":"683","zip2":"0041"}],"寺町":[{"zip":"6830831","zip1":"683","zip2":"0831"}],"天神町":[{"zip":"6830821","zip1":"683","zip2":"0821"}],"道笑町":[{"zip":"6830064","zip1":"683","zip2":"0064"}],"富益町":[{"zip":"6830103","zip1":"683","zip2":"0103"}],"中島":[{"zip":"6830005","zip1":"683","zip2":"0005"}],"中町":[{"zip":"6830822","zip1":"683","zip2":"0822"}],"永江":[{"zip":"6830014","zip1":"683","zip2":"0014"}],"長砂町":[{"zip":"6830033","zip1":"683","zip2":"0033"}],"奈喜良":[{"zip":"6830022","zip1":"683","zip2":"0022"}],"灘町":[{"zip":"6830835","zip1":"683","zip2":"0835"}],"新山":[{"zip":"6830026","zip1":"683","zip2":"0026"}],"錦町":[{"zip":"6830811","zip1":"683","zip2":"0811"}],"西倉吉町":[{"zip":"6830816","zip1":"683","zip2":"0816"}],"西町":[{"zip":"6830826","zip1":"683","zip2":"0826"}],"西福原":[{"zip":"6830805","zip1":"683","zip2":"0805"}],"二本木":[{"zip":"6893541","zip1":"689","zip2":"3541"}],"博労町":[{"zip":"6830052","zip1":"683","zip2":"0052"}],"橋本":[{"zip":"6830023","zip1":"683","zip2":"0023"}],"旗ヶ崎":[{"zip":"6830845","zip1":"683","zip2":"0845"}],"花園町":[{"zip":"6830836","zip1":"683","zip2":"0836"}],"東倉吉町":[{"zip":"6830815","zip1":"683","zip2":"0815"}],"東町":[{"zip":"6830067","zip1":"683","zip2":"0067"}],"東福原":[{"zip":"6830802","zip1":"683","zip2":"0802"}],"東山町":[{"zip":"6830031","zip1":"683","zip2":"0031"}],"東八幡":[{"zip":"6893535","zip1":"689","zip2":"3535"}],"彦名新田":[{"zip":"6830855","zip1":"683","zip2":"0855"}],"彦名町":[{"zip":"6830854","zip1":"683","zip2":"0854"}],"日ノ出町":[{"zip":"6830803","zip1":"683","zip2":"0803"}],"日野町":[{"zip":"6830066","zip1":"683","zip2":"0066"}],"日原":[{"zip":"6830015","zip1":"683","zip2":"0015"}],"福市":[{"zip":"6830011","zip1":"683","zip2":"0011"}],"福万":[{"zip":"6893523","zip1":"689","zip2":"3523"}],"冨士見町":[{"zip":"6830055","zip1":"683","zip2":"0055"}],"古市":[{"zip":"6830025","zip1":"683","zip2":"0025"}],"別所":[{"zip":"6830254","zip1":"683","zip2":"0254"}],"法勝寺町":[{"zip":"6830063","zip1":"683","zip2":"0063"}],"万能町":[{"zip":"6830065","zip1":"683","zip2":"0065"}],"水浜":[{"zip":"6893534","zip1":"689","zip2":"3534"}],"三旗町":[{"zip":"6830843","zip1":"683","zip2":"0843"}],"美吉":[{"zip":"6830034","zip1":"683","zip2":"0034"}],"宗像":[{"zip":"6830017","zip1":"683","zip2":"0017"}],"明治町":[{"zip":"6830053","zip1":"683","zip2":"0053"}],"目久美町":[{"zip":"6830035","zip1":"683","zip2":"0035"}],"弥生町":[{"zip":"6830036","zip1":"683","zip2":"0036"}],"八幡":[{"zip":"6830012","zip1":"683","zip2":"0012"}],"陽田町":[{"zip":"6830032","zip1":"683","zip2":"0032"}],"吉岡":[{"zip":"6893545","zip1":"689","zip2":"3545"}],"吉谷":[{"zip":"6830024","zip1":"683","zip2":"0024"}],"葭津":[{"zip":"6830105","zip1":"683","zip2":"0105"}],"四日市町":[{"zip":"6830061","zip1":"683","zip2":"0061"}],"淀江町稲吉":[{"zip":"6893412","zip1":"689","zip2":"3412"}],"淀江町今津":[{"zip":"6893401","zip1":"689","zip2":"3401"}],"淀江町小波":[{"zip":"6893423","zip1":"689","zip2":"3423"}],"淀江町佐陀":[{"zip":"6893425","zip1":"689","zip2":"3425"}],"淀江町高井谷":[{"zip":"6893418","zip1":"689","zip2":"3418"}],"淀江町富繁":[{"zip":"6893415","zip1":"689","zip2":"3415"}],"淀江町中西尾":[{"zip":"6893417","zip1":"689","zip2":"3417"}],"淀江町中間":[{"zip":"6893424","zip1":"689","zip2":"3424"}],"淀江町西尾原":[{"zip":"6893414","zip1":"689","zip2":"3414"}],"淀江町西原":[{"zip":"6893403","zip1":"689","zip2":"3403"}],"淀江町平岡":[{"zip":"6893422","zip1":"689","zip2":"3422"}],"淀江町福井":[{"zip":"6893416","zip1":"689","zip2":"3416"}],"淀江町福岡":[{"zip":"6893411","zip1":"689","zip2":"3411"}],"淀江町福頼":[{"zip":"6893421","zip1":"689","zip2":"3421"}],"淀江町本宮":[{"zip":"6893413","zip1":"689","zip2":"3413"}],"淀江町淀江":[{"zip":"6893402","zip1":"689","zip2":"3402"}],"米原":[{"zip":"6830804","zip1":"683","zip2":"0804"}],"夜見町":[{"zip":"6830851","zip1":"683","zip2":"0851"}],"流通町":[{"zip":"6893547","zip1":"689","zip2":"3547"}],"両三柳":[{"zip":"6830853","zip1":"683","zip2":"0853"}],"和田町":[{"zip":"6830102","zip1":"683","zip2":"0102"}]},"倉吉市":{"以下に掲載がない場合":[{"zip":"6820000","zip1":"682","zip2":"0000"}],"葵町":[{"zip":"6820822","zip1":"682","zip2":"0822"}],"上井":[{"zip":"6820021","zip1":"682","zip2":"0021"}],"上井町":[{"zip":"6820022","zip1":"682","zip2":"0022"}],"旭田町":[{"zip":"6820871","zip1":"682","zip2":"0871"}],"穴窪":[{"zip":"6820001","zip1":"682","zip2":"0001"}],"穴沢":[{"zip":"6820901","zip1":"682","zip2":"0901"}],"伊木":[{"zip":"6820024","zip1":"682","zip2":"0024"}],"生田":[{"zip":"6820855","zip1":"682","zip2":"0855"}],"石塚":[{"zip":"6820933","zip1":"682","zip2":"0933"}],"井手畑":[{"zip":"6820006","zip1":"682","zip2":"0006"}],"今在家":[{"zip":"6820641","zip1":"682","zip2":"0641"}],"巌城":[{"zip":"6820801","zip1":"682","zip2":"0801"}],"岩倉":[{"zip":"6820842","zip1":"682","zip2":"0842"}],"魚町":[{"zip":"6820821","zip1":"682","zip2":"0821"}],"上灘町":[{"zip":"6820811","zip1":"682","zip2":"0811"}],"越中町":[{"zip":"6820865","zip1":"682","zip2":"0865"}],"円谷町":[{"zip":"6820813","zip1":"682","zip2":"0813"}],"大河内":[{"zip":"6820623","zip1":"682","zip2":"0623"}],"大沢":[{"zip":"6820947","zip1":"682","zip2":"0947"}],"大立":[{"zip":"6820632","zip1":"682","zip2":"0632"}],"大谷":[{"zip":"6820941","zip1":"682","zip2":"0941"}],"大谷茶屋":[{"zip":"6820948","zip1":"682","zip2":"0948"}],"大塚":[{"zip":"6820011","zip1":"682","zip2":"0011"}],"大平町":[{"zip":"6820042","zip1":"682","zip2":"0042"}],"大宮":[{"zip":"6820841","zip1":"682","zip2":"0841"}],"岡":[{"zip":"6820645","zip1":"682","zip2":"0645"}],"小鴨":[{"zip":"6820931","zip1":"682","zip2":"0931"}],"尾田":[{"zip":"6820607","zip1":"682","zip2":"0607"}],"大原":[{"zip":"6820034","zip1":"682","zip2":"0034"}],"尾原":[{"zip":"6820904","zip1":"682","zip2":"0904"}],"海田東町":[{"zip":"6820014","zip1":"682","zip2":"0014"}],"海田西町":[{"zip":"6820016","zip1":"682","zip2":"0016"}],"海田南町":[{"zip":"6820015","zip1":"682","zip2":"0015"}],"鍛冶町":[{"zip":"6820864","zip1":"682","zip2":"0864"}],"上神":[{"zip":"6820902","zip1":"682","zip2":"0902"}],"忰谷":[{"zip":"6820621","zip1":"682","zip2":"0621"}],"金森町":[{"zip":"6820875","zip1":"682","zip2":"0875"}],"河北町":[{"zip":"6820041","zip1":"682","zip2":"0041"}],"上大立":[{"zip":"6820631","zip1":"682","zip2":"0631"}],"上福田":[{"zip":"6820642","zip1":"682","zip2":"0642"}],"上古川":[{"zip":"6820934","zip1":"682","zip2":"0934"}],"上余戸":[{"zip":"6820032","zip1":"682","zip2":"0032"}],"上米積":[{"zip":"6820602","zip1":"682","zip2":"0602"}],"鴨川町":[{"zip":"6820923","zip1":"682","zip2":"0923"}],"鴨河内":[{"zip":"6820846","zip1":"682","zip2":"0846"}],"河来見":[{"zip":"6820633","zip1":"682","zip2":"0633"}],"河原町":[{"zip":"6820924","zip1":"682","zip2":"0924"}],"北野":[{"zip":"6820857","zip1":"682","zip2":"0857"}],"北面":[{"zip":"6820903","zip1":"682","zip2":"0903"}],"蔵内":[{"zip":"6820932","zip1":"682","zip2":"0932"}],"栗尾":[{"zip":"6820033","zip1":"682","zip2":"0033"}],"黒見":[{"zip":"6820945","zip1":"682","zip2":"0945"}],"国府":[{"zip":"6820942","zip1":"682","zip2":"0942"}],"広栄町":[{"zip":"6820035","zip1":"682","zip2":"0035"}],"荒神町":[{"zip":"6820883","zip1":"682","zip2":"0883"}],"国分寺":[{"zip":"6820943","zip1":"682","zip2":"0943"}],"越殿町":[{"zip":"6820867","zip1":"682","zip2":"0867"}],"小田":[{"zip":"6820044","zip1":"682","zip2":"0044"}],"小田東":[{"zip":"6820045","zip1":"682","zip2":"0045"}],"幸町":[{"zip":"6820807","zip1":"682","zip2":"0807"}],"堺町":[{"zip":"6820885","zip1":"682","zip2":"0885"}],"桜":[{"zip":"6820634","zip1":"682","zip2":"0634"}],"沢谷":[{"zip":"6820606","zip1":"682","zip2":"0606"}],"志津":[{"zip":"6820613","zip1":"682","zip2":"0613"}],"下大江":[{"zip":"6820837","zip1":"682","zip2":"0837"}],"下田中町":[{"zip":"6820812","zip1":"682","zip2":"0812"}],"下福田":[{"zip":"6820643","zip1":"682","zip2":"0643"}],"下古川":[{"zip":"6820005","zip1":"682","zip2":"0005"}],"下余戸":[{"zip":"6820031","zip1":"682","zip2":"0031"}],"下米積":[{"zip":"6820601","zip1":"682","zip2":"0601"}],"秋喜":[{"zip":"6820925","zip1":"682","zip2":"0925"}],"秋喜西町":[{"zip":"6820926","zip1":"682","zip2":"0926"}],"昭和町":[{"zip":"6820806","zip1":"682","zip2":"0806"}],"新田":[{"zip":"6820003","zip1":"682","zip2":"0003"}],"新町":[{"zip":"6820861","zip1":"682","zip2":"0861"}],"新陽町":[{"zip":"6820815","zip1":"682","zip2":"0815"}],"鋤":[{"zip":"6820952","zip1":"682","zip2":"0952"}],"杉野":[{"zip":"6820611","zip1":"682","zip2":"0611"}],"菅原":[{"zip":"6820843","zip1":"682","zip2":"0843"}],"住吉町":[{"zip":"6820817","zip1":"682","zip2":"0817"}],"清谷":[{"zip":"6820012","zip1":"682","zip2":"0012"}],"清谷町":[{"zip":"6820017","zip1":"682","zip2":"0017"}],"関金町安歩":[{"zip":"6820401","zip1":"682","zip2":"0401"}],"関金町今西":[{"zip":"6820421","zip1":"682","zip2":"0421"}],"関金町大鳥居":[{"zip":"6820402","zip1":"682","zip2":"0402"}],"関金町小泉":[{"zip":"6820433","zip1":"682","zip2":"0433"}],"関金町郡家":[{"zip":"6820413","zip1":"682","zip2":"0413"}],"関金町関金宿":[{"zip":"6820411","zip1":"682","zip2":"0411"}],"関金町泰久寺":[{"zip":"6820404","zip1":"682","zip2":"0404"}],"関金町野添":[{"zip":"6820434","zip1":"682","zip2":"0434"}],"関金町福原":[{"zip":"6820432","zip1":"682","zip2":"0432"}],"関金町堀":[{"zip":"6820422","zip1":"682","zip2":"0422"}],"関金町松河原":[{"zip":"6820403","zip1":"682","zip2":"0403"}],"関金町明高":[{"zip":"6820423","zip1":"682","zip2":"0423"}],"関金町山口":[{"zip":"6820412","zip1":"682","zip2":"0412"}],"関金町米富":[{"zip":"6820431","zip1":"682","zip2":"0431"}],"瀬崎町":[{"zip":"6820863","zip1":"682","zip2":"0863"}],"大正町":[{"zip":"6820886","zip1":"682","zip2":"0886"}],"駄経寺町":[{"zip":"6820816","zip1":"682","zip2":"0816"}],"立見":[{"zip":"6820626","zip1":"682","zip2":"0626"}],"谷":[{"zip":"6820954","zip1":"682","zip2":"0954"}],"津原":[{"zip":"6820951","zip1":"682","zip2":"0951"}],"寺谷":[{"zip":"6820911","zip1":"682","zip2":"0911"}],"天神町":[{"zip":"6820043","zip1":"682","zip2":"0043"}],"研屋町":[{"zip":"6820884","zip1":"682","zip2":"0884"}],"富海":[{"zip":"6820832","zip1":"682","zip2":"0832"}],"中江":[{"zip":"6820002","zip1":"682","zip2":"0002"}],"中河原":[{"zip":"6820856","zip1":"682","zip2":"0856"}],"中野":[{"zip":"6820612","zip1":"682","zip2":"0612"}],"仲ノ町":[{"zip":"6820824","zip1":"682","zip2":"0824"}],"長坂新町":[{"zip":"6820836","zip1":"682","zip2":"0836"}],"長坂町":[{"zip":"6820835","zip1":"682","zip2":"0835"}],"長谷":[{"zip":"6820622","zip1":"682","zip2":"0622"}],"西岩倉町":[{"zip":"6820874","zip1":"682","zip2":"0874"}],"西倉吉町":[{"zip":"6820851","zip1":"682","zip2":"0851"}],"西仲町":[{"zip":"6820825","zip1":"682","zip2":"0825"}],"西福守町":[{"zip":"6820921","zip1":"682","zip2":"0921"}],"西町":[{"zip":"6820862","zip1":"682","zip2":"0862"}],"虹ケ丘町":[{"zip":"6820036","zip1":"682","zip2":"0036"}],"八幡町":[{"zip":"6820831","zip1":"682","zip2":"0831"}],"服部":[{"zip":"6820635","zip1":"682","zip2":"0635"}],"半坂":[{"zip":"6820953","zip1":"682","zip2":"0953"}],"馬場町":[{"zip":"6820914","zip1":"682","zip2":"0914"}],"般若":[{"zip":"6820624","zip1":"682","zip2":"0624"}],"東巌城町":[{"zip":"6820802","zip1":"682","zip2":"0802"}],"東岩倉町":[{"zip":"6820873","zip1":"682","zip2":"0873"}],"東鴨":[{"zip":"6820834","zip1":"682","zip2":"0834"}],"東鴨新町":[{"zip":"6820833","zip1":"682","zip2":"0833"}],"東昭和町":[{"zip":"6820804","zip1":"682","zip2":"0804"}],"東仲町":[{"zip":"6820826","zip1":"682","zip2":"0826"}],"東町":[{"zip":"6820823","zip1":"682","zip2":"0823"}],"広瀬":[{"zip":"6820844","zip1":"682","zip2":"0844"}],"広瀬町":[{"zip":"6820866","zip1":"682","zip2":"0866"}],"福積":[{"zip":"6820644","zip1":"682","zip2":"0644"}],"福富":[{"zip":"6820605","zip1":"682","zip2":"0605"}],"福庭":[{"zip":"6820013","zip1":"682","zip2":"0013"}],"福庭町":[{"zip":"6820018","zip1":"682","zip2":"0018"}],"福光":[{"zip":"6820944","zip1":"682","zip2":"0944"}],"福本":[{"zip":"6820604","zip1":"682","zip2":"0604"}],"福守町":[{"zip":"6820922","zip1":"682","zip2":"0922"}],"福山":[{"zip":"6820847","zip1":"682","zip2":"0847"}],"福吉町":[{"zip":"6820872","zip1":"682","zip2":"0872"}],"不入岡":[{"zip":"6820915","zip1":"682","zip2":"0915"}],"古川沢":[{"zip":"6820004","zip1":"682","zip2":"0004"}],"別所":[{"zip":"6820905","zip1":"682","zip2":"0905"}],"丸山町":[{"zip":"6820852","zip1":"682","zip2":"0852"}],"三江":[{"zip":"6820603","zip1":"682","zip2":"0603"}],"みどり町":[{"zip":"6820854","zip1":"682","zip2":"0854"}],"湊町":[{"zip":"6820882","zip1":"682","zip2":"0882"}],"南昭和町":[{"zip":"6820805","zip1":"682","zip2":"0805"}],"耳":[{"zip":"6820845","zip1":"682","zip2":"0845"}],"宮川町":[{"zip":"6820881","zip1":"682","zip2":"0881"}],"見日町":[{"zip":"6820803","zip1":"682","zip2":"0803"}],"明治町":[{"zip":"6820887","zip1":"682","zip2":"0887"}],"椋波":[{"zip":"6820625","zip1":"682","zip2":"0625"}],"森":[{"zip":"6820615","zip1":"682","zip2":"0615"}],"八屋":[{"zip":"6820025","zip1":"682","zip2":"0025"}],"山根":[{"zip":"6820023","zip1":"682","zip2":"0023"}],"横田":[{"zip":"6820946","zip1":"682","zip2":"0946"}],"余戸谷町":[{"zip":"6820853","zip1":"682","zip2":"0853"}],"米田町":[{"zip":"6820814","zip1":"682","zip2":"0814"}],"和田":[{"zip":"6820912","zip1":"682","zip2":"0912"}],"和田東町":[{"zip":"6820913","zip1":"682","zip2":"0913"}]},"境港市":{"以下に掲載がない場合":[{"zip":"6840000","zip1":"684","zip2":"0000"}],"相生町":[{"zip":"6840011","zip1":"684","zip2":"0011"}],"上道町":[{"zip":"6840033","zip1":"684","zip2":"0033"}],"朝日町":[{"zip":"6840013","zip1":"684","zip2":"0013"}],"栄町":[{"zip":"6840006","zip1":"684","zip2":"0006"}],"京町":[{"zip":"6840023","zip1":"684","zip2":"0023"}],"幸神町":[{"zip":"6840056","zip1":"684","zip2":"0056"}],"小篠津町":[{"zip":"6840053","zip1":"684","zip2":"0053"}],"佐斐神町":[{"zip":"6840055","zip1":"684","zip2":"0055"}],"財ノ木町":[{"zip":"6840054","zip1":"684","zip2":"0054"}],"三軒屋町":[{"zip":"6840064","zip1":"684","zip2":"0064"}],"潮見町":[{"zip":"6840074","zip1":"684","zip2":"0074"}],"東雲町":[{"zip":"6840015","zip1":"684","zip2":"0015"}],"芝町":[{"zip":"6840066","zip1":"684","zip2":"0066"}],"清水町":[{"zip":"6840001","zip1":"684","zip2":"0001"}],"昭和町":[{"zip":"6840034","zip1":"684","zip2":"0034"}],"末広町":[{"zip":"6840026","zip1":"684","zip2":"0026"}],"誠道町":[{"zip":"6840063","zip1":"684","zip2":"0063"}],"大正町":[{"zip":"6840004","zip1":"684","zip2":"0004"}],"高松町":[{"zip":"6840045","zip1":"684","zip2":"0045"}],"竹内団地":[{"zip":"6840046","zip1":"684","zip2":"0046"}],"竹内町":[{"zip":"6840043","zip1":"684","zip2":"0043"}],"外江町":[{"zip":"6840071","zip1":"684","zip2":"0071"}],"中海干拓地":[{"zip":"6840073","zip1":"684","zip2":"0073"}],"中野町":[{"zip":"6840041","zip1":"684","zip2":"0041"}],"中町":[{"zip":"6840012","zip1":"684","zip2":"0012"}],"新屋町":[{"zip":"6840051","zip1":"684","zip2":"0051"}],"西工業団地":[{"zip":"6840075","zip1":"684","zip2":"0075"}],"入船町":[{"zip":"6840014","zip1":"684","zip2":"0014"}],"蓮池町":[{"zip":"6840062","zip1":"684","zip2":"0062"}],"花町":[{"zip":"6840016","zip1":"684","zip2":"0016"}],"馬場崎町":[{"zip":"6840021","zip1":"684","zip2":"0021"}],"浜ノ町":[{"zip":"6840003","zip1":"684","zip2":"0003"}],"東本町":[{"zip":"6840027","zip1":"684","zip2":"0027"}],"日ノ出町":[{"zip":"6840024","zip1":"684","zip2":"0024"}],"福定町":[{"zip":"6840042","zip1":"684","zip2":"0042"}],"本町":[{"zip":"6840025","zip1":"684","zip2":"0025"}],"松ケ枝町":[{"zip":"6840005","zip1":"684","zip2":"0005"}],"岬町":[{"zip":"6840017","zip1":"684","zip2":"0017"}],"湊町":[{"zip":"6840031","zip1":"684","zip2":"0031"}],"美保町":[{"zip":"6840044","zip1":"684","zip2":"0044"}],"麦垣町":[{"zip":"6840052","zip1":"684","zip2":"0052"}],"明治町":[{"zip":"6840022","zip1":"684","zip2":"0022"}],"元町":[{"zip":"6840032","zip1":"684","zip2":"0032"}],"森岡町":[{"zip":"6840065","zip1":"684","zip2":"0065"}],"弥生町":[{"zip":"6840002","zip1":"684","zip2":"0002"}],"夕日ケ丘":[{"zip":"6840076","zip1":"684","zip2":"0076"}],"米川町":[{"zip":"6840061","zip1":"684","zip2":"0061"}],"渡町":[{"zip":"6840072","zip1":"684","zip2":"0072"}]},"岩美郡岩美町":{"以下に掲載がない場合":[{"zip":"6810000","zip1":"681","zip2":"0000"}],"相谷":[{"zip":"6810002","zip1":"681","zip2":"0002"}],"相山":[{"zip":"6810036","zip1":"681","zip2":"0036"}],"網代":[{"zip":"6810074","zip1":"681","zip2":"0074"}],"洗井":[{"zip":"6810032","zip1":"681","zip2":"0032"}],"荒金":[{"zip":"6810055","zip1":"681","zip2":"0055"}],"池谷":[{"zip":"6810047","zip1":"681","zip2":"0047"}],"岩井":[{"zip":"6810024","zip1":"681","zip2":"0024"}],"岩常":[{"zip":"6810052","zip1":"681","zip2":"0052"}],"岩本":[{"zip":"6810072","zip1":"681","zip2":"0072"}],"院内":[{"zip":"6810054","zip1":"681","zip2":"0054"}],"宇治":[{"zip":"6810025","zip1":"681","zip2":"0025"}],"浦富":[{"zip":"6810003","zip1":"681","zip2":"0003"}],"延興寺":[{"zip":"6810046","zip1":"681","zip2":"0046"}],"大坂":[{"zip":"6810043","zip1":"681","zip2":"0043"}],"太田":[{"zip":"6810063","zip1":"681","zip2":"0063"}],"大谷":[{"zip":"6810073","zip1":"681","zip2":"0073"}],"大羽尾":[{"zip":"6810014","zip1":"681","zip2":"0014"}],"小田":[{"zip":"6810042","zip1":"681","zip2":"0042"}],"恩志":[{"zip":"6810062","zip1":"681","zip2":"0062"}],"蒲生":[{"zip":"6810031","zip1":"681","zip2":"0031"}],"唐川":[{"zip":"6810045","zip1":"681","zip2":"0045"}],"河崎":[{"zip":"6810051","zip1":"681","zip2":"0051"}],"銀山":[{"zip":"6810034","zip1":"681","zip2":"0034"}],"陸上":[{"zip":"6810011","zip1":"681","zip2":"0011"}],"黒谷":[{"zip":"6810041","zip1":"681","zip2":"0041"}],"小羽尾":[{"zip":"6810013","zip1":"681","zip2":"0013"}],"白地":[{"zip":"6810022","zip1":"681","zip2":"0022"}],"高住":[{"zip":"6810053","zip1":"681","zip2":"0053"}],"高山":[{"zip":"6810061","zip1":"681","zip2":"0061"}],"田後":[{"zip":"6810071","zip1":"681","zip2":"0071"}],"田河内":[{"zip":"6810012","zip1":"681","zip2":"0012"}],"長郷":[{"zip":"6810056","zip1":"681","zip2":"0056"}],"外邑":[{"zip":"6810044","zip1":"681","zip2":"0044"}],"鳥越":[{"zip":"6810033","zip1":"681","zip2":"0033"}],"長谷":[{"zip":"6810021","zip1":"681","zip2":"0021"}],"新井":[{"zip":"6810065","zip1":"681","zip2":"0065"}],"馬場":[{"zip":"6810035","zip1":"681","zip2":"0035"}],"本庄":[{"zip":"6810064","zip1":"681","zip2":"0064"}],"牧谷":[{"zip":"6810001","zip1":"681","zip2":"0001"}],"真名":[{"zip":"6810023","zip1":"681","zip2":"0023"}]},"八頭郡若桜町":{"以下に掲載がない場合":[{"zip":"6800700","zip1":"680","zip2":"0700"}],"赤松":[{"zip":"6800713","zip1":"680","zip2":"0713"}],"浅井":[{"zip":"6800722","zip1":"680","zip2":"0722"}],"糸白見":[{"zip":"6800743","zip1":"680","zip2":"0743"}],"岩屋堂":[{"zip":"6800731","zip1":"680","zip2":"0731"}],"大炊":[{"zip":"6800741","zip1":"680","zip2":"0741"}],"大野":[{"zip":"6800733","zip1":"680","zip2":"0733"}],"落折":[{"zip":"6800735","zip1":"680","zip2":"0735"}],"小船":[{"zip":"6800734","zip1":"680","zip2":"0734"}],"岸野":[{"zip":"6800742","zip1":"680","zip2":"0742"}],"来見野":[{"zip":"6800714","zip1":"680","zip2":"0714"}],"香田":[{"zip":"6800723","zip1":"680","zip2":"0723"}],"須澄":[{"zip":"6800745","zip1":"680","zip2":"0745"}],"高野":[{"zip":"6800712","zip1":"680","zip2":"0712"}],"つく米":[{"zip":"6800728","zip1":"680","zip2":"0728"}],"中原":[{"zip":"6800732","zip1":"680","zip2":"0732"}],"長砂":[{"zip":"6800724","zip1":"680","zip2":"0724"}],"根安":[{"zip":"6800744","zip1":"680","zip2":"0744"}],"淵見":[{"zip":"6800726","zip1":"680","zip2":"0726"}],"三倉":[{"zip":"6800711","zip1":"680","zip2":"0711"}],"茗荷谷":[{"zip":"6800727","zip1":"680","zip2":"0727"}],"諸鹿":[{"zip":"6800715","zip1":"680","zip2":"0715"}],"屋堂羅":[{"zip":"6800721","zip1":"680","zip2":"0721"}],"湯原":[{"zip":"6800725","zip1":"680","zip2":"0725"}],"吉川":[{"zip":"6800746","zip1":"680","zip2":"0746"}],"若桜":[{"zip":"6800701","zip1":"680","zip2":"0701"}]},"八頭郡智頭町":{"以下に掲載がない場合":[{"zip":"6891400","zip1":"689","zip2":"1400"}],"芦津":[{"zip":"6891412","zip1":"689","zip2":"1412"}],"市瀬":[{"zip":"6891401","zip1":"689","zip2":"1401"}],"岩神":[{"zip":"6891404","zip1":"689","zip2":"1404"}],"宇波":[{"zip":"6891465","zip1":"689","zip2":"1465"}],"大背":[{"zip":"6891451","zip1":"689","zip2":"1451"}],"大内":[{"zip":"6891421","zip1":"689","zip2":"1421"}],"大屋":[{"zip":"6891442","zip1":"689","zip2":"1442"}],"大呂":[{"zip":"6891413","zip1":"689","zip2":"1413"}],"奥本":[{"zip":"6891452","zip1":"689","zip2":"1452"}],"尾見":[{"zip":"6891422","zip1":"689","zip2":"1422"}],"木原":[{"zip":"6891436","zip1":"689","zip2":"1436"}],"口宇波":[{"zip":"6891464","zip1":"689","zip2":"1464"}],"口波多":[{"zip":"6891467","zip1":"689","zip2":"1467"}],"慶所":[{"zip":"6891441","zip1":"689","zip2":"1441"}],"毛谷":[{"zip":"6891416","zip1":"689","zip2":"1416"}],"河津原":[{"zip":"6891454","zip1":"689","zip2":"1454"}],"郷原":[{"zip":"6891415","zip1":"689","zip2":"1415"}],"駒帰":[{"zip":"6891424","zip1":"689","zip2":"1424"}],"坂原":[{"zip":"6891461","zip1":"689","zip2":"1461"}],"篠坂":[{"zip":"6891417","zip1":"689","zip2":"1417"}],"惣地":[{"zip":"6891468","zip1":"689","zip2":"1468"}],"智頭":[{"zip":"6891402","zip1":"689","zip2":"1402"}],"中田":[{"zip":"6891462","zip1":"689","zip2":"1462"}],"中原":[{"zip":"6891423","zip1":"689","zip2":"1423"}],"新見":[{"zip":"6891463","zip1":"689","zip2":"1463"}],"西宇塚":[{"zip":"6891455","zip1":"689","zip2":"1455"}],"西谷":[{"zip":"6891426","zip1":"689","zip2":"1426"}],"西野":[{"zip":"6891414","zip1":"689","zip2":"1414"}],"野原":[{"zip":"6891444","zip1":"689","zip2":"1444"}],"波多":[{"zip":"6891466","zip1":"689","zip2":"1466"}],"埴師":[{"zip":"6891433","zip1":"689","zip2":"1433"}],"早瀬":[{"zip":"6891445","zip1":"689","zip2":"1445"}],"東宇塚":[{"zip":"6891453","zip1":"689","zip2":"1453"}],"福原":[{"zip":"6891425","zip1":"689","zip2":"1425"}],"穂見":[{"zip":"6891432","zip1":"689","zip2":"1432"}],"真鹿野":[{"zip":"6891443","zip1":"689","zip2":"1443"}],"三田":[{"zip":"6891437","zip1":"689","zip2":"1437"}],"南方":[{"zip":"6891403","zip1":"689","zip2":"1403"}],"三吉":[{"zip":"6891434","zip1":"689","zip2":"1434"}],"八河谷":[{"zip":"6891411","zip1":"689","zip2":"1411"}],"山根":[{"zip":"6891431","zip1":"689","zip2":"1431"}],"横田":[{"zip":"6891435","zip1":"689","zip2":"1435"}]},"八頭郡八頭町":{"以下に掲載がない場合":[{"zip":"6800400","zip1":"680","zip2":"0400"}],"明辺":[{"zip":"6800302","zip1":"680","zip2":"0302"}],"麻生":[{"zip":"6800305","zip1":"680","zip2":"0305"}],"池田":[{"zip":"6800452","zip1":"680","zip2":"0452"}],"井古":[{"zip":"6800425","zip1":"680","zip2":"0425"}],"石田百井":[{"zip":"6800454","zip1":"680","zip2":"0454"}],"市谷":[{"zip":"6800442","zip1":"680","zip2":"0442"}],"市場":[{"zip":"6800311","zip1":"680","zip2":"0311"}],"稲荷":[{"zip":"6800424","zip1":"680","zip2":"0424"}],"岩淵":[{"zip":"6800537","zip1":"680","zip2":"0537"}],"延命寺":[{"zip":"6800434","zip1":"680","zip2":"0434"}],"大江":[{"zip":"6800416","zip1":"680","zip2":"0416"}],"大坪":[{"zip":"6800435","zip1":"680","zip2":"0435"}],"奥谷":[{"zip":"6800427","zip1":"680","zip2":"0427"}],"奥野":[{"zip":"6800543","zip1":"680","zip2":"0543"}],"落岩":[{"zip":"6800303","zip1":"680","zip2":"0303"}],"下坂":[{"zip":"6800426","zip1":"680","zip2":"0426"}],"皆原":[{"zip":"6800533","zip1":"680","zip2":"0533"}],"柿原":[{"zip":"6800545","zip1":"680","zip2":"0545"}],"覚王寺":[{"zip":"6800312","zip1":"680","zip2":"0312"}],"鍛冶屋":[{"zip":"6800534","zip1":"680","zip2":"0534"}],"門尾":[{"zip":"6800422","zip1":"680","zip2":"0422"}],"上津黒":[{"zip":"6800313","zip1":"680","zip2":"0313"}],"上野":[{"zip":"6800401","zip1":"680","zip2":"0401"}],"上峰寺":[{"zip":"6800432","zip1":"680","zip2":"0432"}],"北山":[{"zip":"6800601","zip1":"680","zip2":"0601"}],"日下部":[{"zip":"6800526","zip1":"680","zip2":"0526"}],"国中":[{"zip":"6800457","zip1":"680","zip2":"0457"}],"久能寺":[{"zip":"6800451","zip1":"680","zip2":"0451"}],"郡家殿":[{"zip":"6800443","zip1":"680","zip2":"0443"}],"郡家":[{"zip":"6800461","zip1":"680","zip2":"0461"}],"小別府":[{"zip":"6800523","zip1":"680","zip2":"0523"}],"才代":[{"zip":"6800531","zip1":"680","zip2":"0531"}],"坂田":[{"zip":"6800473","zip1":"680","zip2":"0473"}],"桜ヶ丘":[{"zip":"6800527","zip1":"680","zip2":"0527"}],"佐崎":[{"zip":"6800544","zip1":"680","zip2":"0544"}],"篠波":[{"zip":"6800316","zip1":"680","zip2":"0316"}],"塩上":[{"zip":"6800413","zip1":"680","zip2":"0413"}],"重枝":[{"zip":"6800606","zip1":"680","zip2":"0606"}],"志子部":[{"zip":"6800407","zip1":"680","zip2":"0407"}],"志谷":[{"zip":"6800612","zip1":"680","zip2":"0612"}],"島":[{"zip":"6800605","zip1":"680","zip2":"0605"}],"下門尾":[{"zip":"6800421","zip1":"680","zip2":"0421"}],"下津黒":[{"zip":"6800314","zip1":"680","zip2":"0314"}],"下野":[{"zip":"6800415","zip1":"680","zip2":"0415"}],"下濃":[{"zip":"6800472","zip1":"680","zip2":"0472"}],"下峰寺":[{"zip":"6800431","zip1":"680","zip2":"0431"}],"新興寺":[{"zip":"6800522","zip1":"680","zip2":"0522"}],"清徳":[{"zip":"6800541","zip1":"680","zip2":"0541"}],"大門":[{"zip":"6800445","zip1":"680","zip2":"0445"}],"徳丸":[{"zip":"6800607","zip1":"680","zip2":"0607"}],"富枝":[{"zip":"6800611","zip1":"680","zip2":"0611"}],"中":[{"zip":"6800614","zip1":"680","zip2":"0614"}],"西谷":[{"zip":"6800408","zip1":"680","zip2":"0408"}],"西御門":[{"zip":"6800441","zip1":"680","zip2":"0441"}],"野町":[{"zip":"6800306","zip1":"680","zip2":"0306"}],"橋本":[{"zip":"6800414","zip1":"680","zip2":"0414"}],"土師百井":[{"zip":"6800455","zip1":"680","zip2":"0455"}],"花":[{"zip":"6800444","zip1":"680","zip2":"0444"}],"花原":[{"zip":"6800437","zip1":"680","zip2":"0437"}],"隼福":[{"zip":"6800402","zip1":"680","zip2":"0402"}],"隼郡家":[{"zip":"6800405","zip1":"680","zip2":"0405"}],"稗谷":[{"zip":"6800613","zip1":"680","zip2":"0613"}],"東":[{"zip":"6800532","zip1":"680","zip2":"0532"}],"日田":[{"zip":"6800603","zip1":"680","zip2":"0603"}],"姫路":[{"zip":"6800301","zip1":"680","zip2":"0301"}],"福井":[{"zip":"6800403","zip1":"680","zip2":"0403"}],"福地":[{"zip":"6800307","zip1":"680","zip2":"0307"}],"福本":[{"zip":"6800462","zip1":"680","zip2":"0462"}],"船岡":[{"zip":"6800471","zip1":"680","zip2":"0471"}],"船岡殿":[{"zip":"6800411","zip1":"680","zip2":"0411"}],"別府":[{"zip":"6800315","zip1":"680","zip2":"0315"}],"堀越":[{"zip":"6800423","zip1":"680","zip2":"0423"}],"万代寺":[{"zip":"6800453","zip1":"680","zip2":"0453"}],"三浦":[{"zip":"6800536","zip1":"680","zip2":"0536"}],"見槻":[{"zip":"6800406","zip1":"680","zip2":"0406"}],"見槻中":[{"zip":"6800404","zip1":"680","zip2":"0404"}],"水口":[{"zip":"6800412","zip1":"680","zip2":"0412"}],"南":[{"zip":"6800604","zip1":"680","zip2":"0604"}],"宮谷":[{"zip":"6800463","zip1":"680","zip2":"0463"}],"三山口":[{"zip":"6800535","zip1":"680","zip2":"0535"}],"茂田":[{"zip":"6800524","zip1":"680","zip2":"0524"}],"茂谷":[{"zip":"6800542","zip1":"680","zip2":"0542"}],"安井宿":[{"zip":"6800521","zip1":"680","zip2":"0521"}],"山路":[{"zip":"6800436","zip1":"680","zip2":"0436"}],"山志谷":[{"zip":"6800304","zip1":"680","zip2":"0304"}],"山田":[{"zip":"6800438","zip1":"680","zip2":"0438"}],"山上":[{"zip":"6800433","zip1":"680","zip2":"0433"}],"用呂":[{"zip":"6800602","zip1":"680","zip2":"0602"}],"横田":[{"zip":"6800525","zip1":"680","zip2":"0525"}],"米岡":[{"zip":"6800456","zip1":"680","zip2":"0456"}],"破岩":[{"zip":"6800474","zip1":"680","zip2":"0474"}]},"東伯郡三朝町":{"以下に掲載がない場合":[{"zip":"6820100","zip1":"682","zip2":"0100"}],"赤松":[{"zip":"6820172","zip1":"682","zip2":"0172"}],"穴鴨":[{"zip":"6820303","zip1":"682","zip2":"0303"}],"今泉":[{"zip":"6820151","zip1":"682","zip2":"0151"}],"大柿":[{"zip":"6820177","zip1":"682","zip2":"0177"}],"大瀬":[{"zip":"6820121","zip1":"682","zip2":"0121"}],"大谷":[{"zip":"6820315","zip1":"682","zip2":"0315"}],"小河内":[{"zip":"6820157","zip1":"682","zip2":"0157"}],"恩地":[{"zip":"6820173","zip1":"682","zip2":"0173"}],"柿谷":[{"zip":"6820161","zip1":"682","zip2":"0161"}],"片柴":[{"zip":"6820135","zip1":"682","zip2":"0135"}],"加谷":[{"zip":"6820302","zip1":"682","zip2":"0302"}],"鎌田":[{"zip":"6820154","zip1":"682","zip2":"0154"}],"上西谷":[{"zip":"6820313","zip1":"682","zip2":"0313"}],"神倉":[{"zip":"6820142","zip1":"682","zip2":"0142"}],"木地山":[{"zip":"6820301","zip1":"682","zip2":"0301"}],"久原":[{"zip":"6820375","zip1":"682","zip2":"0375"}],"恋谷":[{"zip":"6820123","zip1":"682","zip2":"0123"}],"坂本":[{"zip":"6820136","zip1":"682","zip2":"0136"}],"桜ケ丘":[{"zip":"6820133","zip1":"682","zip2":"0133"}],"下谷":[{"zip":"6820156","zip1":"682","zip2":"0156"}],"下西谷":[{"zip":"6820312","zip1":"682","zip2":"0312"}],"下畑":[{"zip":"6820316","zip1":"682","zip2":"0316"}],"助谷":[{"zip":"6820176","zip1":"682","zip2":"0176"}],"砂原":[{"zip":"6820124","zip1":"682","zip2":"0124"}],"曹源寺":[{"zip":"6820374","zip1":"682","zip2":"0374"}],"高橋":[{"zip":"6820146","zip1":"682","zip2":"0146"}],"田代":[{"zip":"6820314","zip1":"682","zip2":"0314"}],"俵原":[{"zip":"6820131","zip1":"682","zip2":"0131"}],"笏賀":[{"zip":"6820158","zip1":"682","zip2":"0158"}],"天神":[{"zip":"6820153","zip1":"682","zip2":"0153"}],"徳本":[{"zip":"6820125","zip1":"682","zip2":"0125"}],"中津":[{"zip":"6820141","zip1":"682","zip2":"0141"}],"鉛山":[{"zip":"6820162","zip1":"682","zip2":"0162"}],"西尾":[{"zip":"6820145","zip1":"682","zip2":"0145"}],"西小鹿":[{"zip":"6820144","zip1":"682","zip2":"0144"}],"東小鹿":[{"zip":"6820143","zip1":"682","zip2":"0143"}],"福田":[{"zip":"6820159","zip1":"682","zip2":"0159"}],"福本":[{"zip":"6820317","zip1":"682","zip2":"0317"}],"福山":[{"zip":"6820311","zip1":"682","zip2":"0311"}],"福吉":[{"zip":"6820163","zip1":"682","zip2":"0163"}],"牧":[{"zip":"6820178","zip1":"682","zip2":"0178"}],"三朝":[{"zip":"6820123","zip1":"682","zip2":"0123"}],"三徳":[{"zip":"6820132","zip1":"682","zip2":"0132"}],"本泉":[{"zip":"6820152","zip1":"682","zip2":"0152"}],"森":[{"zip":"6820153","zip1":"682","zip2":"0153"}],"山田":[{"zip":"6820122","zip1":"682","zip2":"0122"}],"湯谷":[{"zip":"6820171","zip1":"682","zip2":"0171"}],"横手":[{"zip":"6820125","zip1":"682","zip2":"0125"}],"吉尾":[{"zip":"6820155","zip1":"682","zip2":"0155"}],"吉田":[{"zip":"6820133","zip1":"682","zip2":"0133"}],"余戸":[{"zip":"6820134","zip1":"682","zip2":"0134"}],"若宮":[{"zip":"6820151","zip1":"682","zip2":"0151"}]},"東伯郡湯梨浜町":{"以下に掲載がない場合":[{"zip":"6820700","zip1":"682","zip2":"0700"}],"赤池":[{"zip":"6820714","zip1":"682","zip2":"0714"}],"麻畑":[{"zip":"6890721","zip1":"689","zip2":"0721"}],"旭":[{"zip":"6890713","zip1":"689","zip2":"0713"}],"石脇":[{"zip":"6890602","zip1":"689","zip2":"0602"}],"羽衣石":[{"zip":"6890733","zip1":"689","zip2":"0733"}],"宇谷":[{"zip":"6890607","zip1":"689","zip2":"0607"}],"宇野":[{"zip":"6820701","zip1":"682","zip2":"0701"}],"漆原":[{"zip":"6890702","zip1":"689","zip2":"0702"}],"小鹿谷":[{"zip":"6890729","zip1":"689","zip2":"0729"}],"方面":[{"zip":"6890724","zip1":"689","zip2":"0724"}],"門田":[{"zip":"6890736","zip1":"689","zip2":"0736"}],"上浅津":[{"zip":"6820712","zip1":"682","zip2":"0712"}],"上橋津":[{"zip":"6820703","zip1":"682","zip2":"0703"}],"川上":[{"zip":"6890722","zip1":"689","zip2":"0722"}],"北福":[{"zip":"6890701","zip1":"689","zip2":"0701"}],"国信":[{"zip":"6890726","zip1":"689","zip2":"0726"}],"小浜":[{"zip":"6890603","zip1":"689","zip2":"0603"}],"佐美":[{"zip":"6890735","zip1":"689","zip2":"0735"}],"下浅津":[{"zip":"6820711","zip1":"682","zip2":"0711"}],"白石":[{"zip":"6890704","zip1":"689","zip2":"0704"}],"園":[{"zip":"6890605","zip1":"689","zip2":"0605"}],"高辻":[{"zip":"6890723","zip1":"689","zip2":"0723"}],"田後":[{"zip":"6820721","zip1":"682","zip2":"0721"}],"田畑":[{"zip":"6890727","zip1":"689","zip2":"0727"}],"中興寺":[{"zip":"6890712","zip1":"689","zip2":"0712"}],"筒地":[{"zip":"6890604","zip1":"689","zip2":"0604"}],"泊":[{"zip":"6890601","zip1":"689","zip2":"0601"}],"長江":[{"zip":"6890737","zip1":"689","zip2":"0737"}],"長和田":[{"zip":"6890732","zip1":"689","zip2":"0732"}],"野方":[{"zip":"6890705","zip1":"689","zip2":"0705"}],"野花":[{"zip":"6890731","zip1":"689","zip2":"0731"}],"橋津":[{"zip":"6820702","zip1":"682","zip2":"0702"}],"埴見":[{"zip":"6890734","zip1":"689","zip2":"0734"}],"原":[{"zip":"6890606","zip1":"689","zip2":"0606"}],"はわい温泉":[{"zip":"6820715","zip1":"682","zip2":"0715"}],"はわい長瀬":[{"zip":"6820722","zip1":"682","zip2":"0722"}],"引地":[{"zip":"6890715","zip1":"689","zip2":"0715"}],"久留":[{"zip":"6820723","zip1":"682","zip2":"0723"}],"久見":[{"zip":"6890728","zip1":"689","zip2":"0728"}],"藤津":[{"zip":"6890706","zip1":"689","zip2":"0706"}],"別所":[{"zip":"6890725","zip1":"689","zip2":"0725"}],"方地":[{"zip":"6890703","zip1":"689","zip2":"0703"}],"松崎":[{"zip":"6890711","zip1":"689","zip2":"0711"}],"水下":[{"zip":"6820724","zip1":"682","zip2":"0724"}],"光吉":[{"zip":"6820713","zip1":"682","zip2":"0713"}],"南谷":[{"zip":"6820704","zip1":"682","zip2":"0704"}],"宮内":[{"zip":"6890707","zip1":"689","zip2":"0707"}],"龍島":[{"zip":"6890714","zip1":"689","zip2":"0714"}]},"東伯郡琴浦町":{"以下に掲載がない場合":[{"zip":"6892300","zip1":"689","zip2":"2300"}],"赤碕":[{"zip":"6892501","zip1":"689","zip2":"2501"}],"出上":[{"zip":"6892511","zip1":"689","zip2":"2511"}],"梅田":[{"zip":"6892543","zip1":"689","zip2":"2543"}],"浦安":[{"zip":"6892352","zip1":"689","zip2":"2352"}],"大杉":[{"zip":"6892344","zip1":"689","zip2":"2344"}],"逢束":[{"zip":"6892304","zip1":"689","zip2":"2304"}],"大父":[{"zip":"6892524","zip1":"689","zip2":"2524"}],"尾張":[{"zip":"6892535","zip1":"689","zip2":"2535"}],"笠見":[{"zip":"6892306","zip1":"689","zip2":"2306"}],"勝田":[{"zip":"6892512","zip1":"689","zip2":"2512"}],"金屋":[{"zip":"6892312","zip1":"689","zip2":"2312"}],"上伊勢":[{"zip":"6892315","zip1":"689","zip2":"2315"}],"公文":[{"zip":"6892342","zip1":"689","zip2":"2342"}],"倉坂":[{"zip":"6892341","zip1":"689","zip2":"2341"}],"釛":[{"zip":"6892355","zip1":"689","zip2":"2355"}],"佐崎":[{"zip":"6892531","zip1":"689","zip2":"2531"}],"三本杉":[{"zip":"6892334","zip1":"689","zip2":"2334"}],"下伊勢":[{"zip":"6892316","zip1":"689","zip2":"2316"}],"下大江":[{"zip":"6892314","zip1":"689","zip2":"2314"}],"杉地":[{"zip":"6892331","zip1":"689","zip2":"2331"}],"杉下":[{"zip":"6892313","zip1":"689","zip2":"2313"}],"太一垣":[{"zip":"6892532","zip1":"689","zip2":"2532"}],"高岡":[{"zip":"6892523","zip1":"689","zip2":"2523"}],"竹内":[{"zip":"6892521","zip1":"689","zip2":"2521"}],"田越":[{"zip":"6892356","zip1":"689","zip2":"2356"}],"槻下":[{"zip":"6892305","zip1":"689","zip2":"2305"}],"徳万":[{"zip":"6892303","zip1":"689","zip2":"2303"}],"中尾":[{"zip":"6892311","zip1":"689","zip2":"2311"}],"中津原":[{"zip":"6892335","zip1":"689","zip2":"2335"}],"中村":[{"zip":"6892533","zip1":"689","zip2":"2533"}],"西宮":[{"zip":"6892513","zip1":"689","zip2":"2513"}],"野井倉":[{"zip":"6892336","zip1":"689","zip2":"2336"}],"野田":[{"zip":"6892346","zip1":"689","zip2":"2346"}],"箆津":[{"zip":"6892544","zip1":"689","zip2":"2544"}],"八反田":[{"zip":"6892322","zip1":"689","zip2":"2322"}],"福永":[{"zip":"6892345","zip1":"689","zip2":"2345"}],"古長":[{"zip":"6892332","zip1":"689","zip2":"2332"}],"別所":[{"zip":"6892502","zip1":"689","zip2":"2502"}],"別宮":[{"zip":"6892333","zip1":"689","zip2":"2333"}],"保":[{"zip":"6892351","zip1":"689","zip2":"2351"}],"法万":[{"zip":"6892325","zip1":"689","zip2":"2325"}],"松谷":[{"zip":"6892503","zip1":"689","zip2":"2503"}],"丸尾":[{"zip":"6892302","zip1":"689","zip2":"2302"}],"光":[{"zip":"6892534","zip1":"689","zip2":"2534"}],"光好":[{"zip":"6892326","zip1":"689","zip2":"2326"}],"三保":[{"zip":"6892353","zip1":"689","zip2":"2353"}],"宮木":[{"zip":"6892522","zip1":"689","zip2":"2522"}],"宮場":[{"zip":"6892323","zip1":"689","zip2":"2323"}],"美好":[{"zip":"6892354","zip1":"689","zip2":"2354"}],"森藤":[{"zip":"6892321","zip1":"689","zip2":"2321"}],"矢下":[{"zip":"6892324","zip1":"689","zip2":"2324"}],"八橋":[{"zip":"6892301","zip1":"689","zip2":"2301"}],"山川":[{"zip":"6892525","zip1":"689","zip2":"2525"}],"山田":[{"zip":"6892343","zip1":"689","zip2":"2343"}],"八幡":[{"zip":"6892541","zip1":"689","zip2":"2541"}],"湯坂":[{"zip":"6892542","zip1":"689","zip2":"2542"}]},"東伯郡北栄町":{"以下に掲載がない場合":[{"zip":"6892200","zip1":"689","zip2":"2200"}],"岩坪":[{"zip":"6892216","zip1":"689","zip2":"2216"}],"江北":[{"zip":"6892101","zip1":"689","zip2":"2101"}],"大島":[{"zip":"6892206","zip1":"689","zip2":"2206"}],"大谷":[{"zip":"6892223","zip1":"689","zip2":"2223"}],"上種":[{"zip":"6892213","zip1":"689","zip2":"2213"}],"亀谷":[{"zip":"6892211","zip1":"689","zip2":"2211"}],"北尾":[{"zip":"6892114","zip1":"689","zip2":"2114"}],"国坂":[{"zip":"6892102","zip1":"689","zip2":"2102"}],"下種":[{"zip":"6892212","zip1":"689","zip2":"2212"}],"下神":[{"zip":"6892105","zip1":"689","zip2":"2105"}],"瀬戸":[{"zip":"6892205","zip1":"689","zip2":"2205"}],"田井":[{"zip":"6892103","zip1":"689","zip2":"2103"}],"妻波":[{"zip":"6892224","zip1":"689","zip2":"2224"}],"西園":[{"zip":"6892201","zip1":"689","zip2":"2201"}],"西高尾":[{"zip":"6892215","zip1":"689","zip2":"2215"}],"西穂波":[{"zip":"6892207","zip1":"689","zip2":"2207"}],"土下":[{"zip":"6892111","zip1":"689","zip2":"2111"}],"原":[{"zip":"6892203","zip1":"689","zip2":"2203"}],"東園":[{"zip":"6892202","zip1":"689","zip2":"2202"}],"東高尾":[{"zip":"6892214","zip1":"689","zip2":"2214"}],"北条島":[{"zip":"6892112","zip1":"689","zip2":"2112"}],"穂波":[{"zip":"6892204","zip1":"689","zip2":"2204"}],"曲":[{"zip":"6892115","zip1":"689","zip2":"2115"}],"松神":[{"zip":"6892106","zip1":"689","zip2":"2106"}],"六尾":[{"zip":"6892208","zip1":"689","zip2":"2208"}],"弓原":[{"zip":"6892104","zip1":"689","zip2":"2104"}],"由良宿":[{"zip":"6892221","zip1":"689","zip2":"2221"}],"米里":[{"zip":"6892113","zip1":"689","zip2":"2113"}]},"西伯郡日吉津村":{"以下に掲載がない場合":[{"zip":"6893500","zip1":"689","zip2":"3500"}],"今吉":[{"zip":"6893551","zip1":"689","zip2":"3551"}],"富吉":[{"zip":"6893552","zip1":"689","zip2":"3552"}],"日吉津":[{"zip":"6893553","zip1":"689","zip2":"3553"}]},"西伯郡大山町":{"以下に掲載がない場合":[{"zip":"6893200","zip1":"689","zip2":"3200"}],"赤坂":[{"zip":"6893111","zip1":"689","zip2":"3111"}],"赤松":[{"zip":"6893319","zip1":"689","zip2":"3319"}],"稲光":[{"zip":"6893334","zip1":"689","zip2":"3334"}],"今在家":[{"zip":"6893314","zip1":"689","zip2":"3314"}],"石井垣":[{"zip":"6893102","zip1":"689","zip2":"3102"}],"上野":[{"zip":"6893302","zip1":"689","zip2":"3302"}],"上市":[{"zip":"6893124","zip1":"689","zip2":"3124"}],"大塚":[{"zip":"6893226","zip1":"689","zip2":"3226"}],"岡":[{"zip":"6893121","zip1":"689","zip2":"3121"}],"押平":[{"zip":"6893225","zip1":"689","zip2":"3225"}],"加茂":[{"zip":"6893214","zip1":"689","zip2":"3214"}],"神原":[{"zip":"6893305","zip1":"689","zip2":"3305"}],"清原":[{"zip":"6893308","zip1":"689","zip2":"3308"}],"国信":[{"zip":"6893309","zip1":"689","zip2":"3309"}],"倉谷":[{"zip":"6893202","zip1":"689","zip2":"3202"}],"小竹":[{"zip":"6893203","zip1":"689","zip2":"3203"}],"古御堂":[{"zip":"6893222","zip1":"689","zip2":"3222"}],"栄田":[{"zip":"6893115","zip1":"689","zip2":"3115"}],"佐摩":[{"zip":"6893313","zip1":"689","zip2":"3313"}],"塩津":[{"zip":"6893122","zip1":"689","zip2":"3122"}],"下市":[{"zip":"6893125","zip1":"689","zip2":"3125"}],"下甲":[{"zip":"6893112","zip1":"689","zip2":"3112"}],"荘田":[{"zip":"6893323","zip1":"689","zip2":"3323"}],"上万":[{"zip":"6893335","zip1":"689","zip2":"3335"}],"末長":[{"zip":"6893332","zip1":"689","zip2":"3332"}],"末吉":[{"zip":"6893331","zip1":"689","zip2":"3331"}],"住吉":[{"zip":"6893123","zip1":"689","zip2":"3123"}],"退休寺":[{"zip":"6893133","zip1":"689","zip2":"3133"}],"大山":[{"zip":"6893318","zip1":"689","zip2":"3318"}],"高田":[{"zip":"6893224","zip1":"689","zip2":"3224"}],"高橋":[{"zip":"6893134","zip1":"689","zip2":"3134"}],"鈑戸":[{"zip":"6893317","zip1":"689","zip2":"3317"}],"田中":[{"zip":"6893114","zip1":"689","zip2":"3114"}],"茶畑":[{"zip":"6893223","zip1":"689","zip2":"3223"}],"潮音寺":[{"zip":"6893101","zip1":"689","zip2":"3101"}],"束積":[{"zip":"6893105","zip1":"689","zip2":"3105"}],"唐王":[{"zip":"6893333","zip1":"689","zip2":"3333"}],"所子":[{"zip":"6893303","zip1":"689","zip2":"3303"}],"殿河内":[{"zip":"6893135","zip1":"689","zip2":"3135"}],"富岡":[{"zip":"6893325","zip1":"689","zip2":"3325"}],"富長":[{"zip":"6893221","zip1":"689","zip2":"3221"}],"豊成":[{"zip":"6893201","zip1":"689","zip2":"3201"}],"豊房":[{"zip":"6893316","zip1":"689","zip2":"3316"}],"長田":[{"zip":"6893322","zip1":"689","zip2":"3322"}],"中高":[{"zip":"6893306","zip1":"689","zip2":"3306"}],"長野":[{"zip":"6893136","zip1":"689","zip2":"3136"}],"名和":[{"zip":"6893212","zip1":"689","zip2":"3212"}],"西坪":[{"zip":"6893205","zip1":"689","zip2":"3205"}],"野田":[{"zip":"6893307","zip1":"689","zip2":"3307"}],"羽田井":[{"zip":"6893106","zip1":"689","zip2":"3106"}],"東坪":[{"zip":"6893204","zip1":"689","zip2":"3204"}],"樋口":[{"zip":"6893103","zip1":"689","zip2":"3103"}],"平":[{"zip":"6893321","zip1":"689","zip2":"3321"}],"平木":[{"zip":"6893304","zip1":"689","zip2":"3304"}],"平田":[{"zip":"6893336","zip1":"689","zip2":"3336"}],"福尾":[{"zip":"6893301","zip1":"689","zip2":"3301"}],"坊領":[{"zip":"6893312","zip1":"689","zip2":"3312"}],"前":[{"zip":"6893315","zip1":"689","zip2":"3315"}],"松河原":[{"zip":"6893132","zip1":"689","zip2":"3132"}],"御来屋":[{"zip":"6893211","zip1":"689","zip2":"3211"}],"御崎":[{"zip":"6893113","zip1":"689","zip2":"3113"}],"宮内":[{"zip":"6893311","zip1":"689","zip2":"3311"}],"妻木":[{"zip":"6893324","zip1":"689","zip2":"3324"}],"門前":[{"zip":"6893213","zip1":"689","zip2":"3213"}],"八重":[{"zip":"6893104","zip1":"689","zip2":"3104"}],"保田":[{"zip":"6893327","zip1":"689","zip2":"3327"}],"安原":[{"zip":"6893326","zip1":"689","zip2":"3326"}]},"西伯郡南部町":{"以下に掲載がない場合":[{"zip":"6830300","zip1":"683","zip2":"0300"}],"阿賀":[{"zip":"6830322","zip1":"683","zip2":"0322"}],"浅井":[{"zip":"6830227","zip1":"683","zip2":"0227"}],"朝金":[{"zip":"6830216","zip1":"683","zip2":"0216"}],"池野":[{"zip":"6830218","zip1":"683","zip2":"0218"}],"市山":[{"zip":"6830222","zip1":"683","zip2":"0222"}],"井上":[{"zip":"6830223","zip1":"683","zip2":"0223"}],"猪小路":[{"zip":"6830367","zip1":"683","zip2":"0367"}],"大木屋":[{"zip":"6830345","zip1":"683","zip2":"0345"}],"荻名":[{"zip":"6830215","zip1":"683","zip2":"0215"}],"落合":[{"zip":"6830337","zip1":"683","zip2":"0337"}],"掛相":[{"zip":"6830331","zip1":"683","zip2":"0331"}],"金田":[{"zip":"6830224","zip1":"683","zip2":"0224"}],"上中谷":[{"zip":"6830344","zip1":"683","zip2":"0344"}],"鴨部":[{"zip":"6830341","zip1":"683","zip2":"0341"}],"北方":[{"zip":"6830361","zip1":"683","zip2":"0361"}],"絹屋":[{"zip":"6830364","zip1":"683","zip2":"0364"}],"伐株":[{"zip":"6830356","zip1":"683","zip2":"0356"}],"境":[{"zip":"6830311","zip1":"683","zip2":"0311"}],"清水川":[{"zip":"6830321","zip1":"683","zip2":"0321"}],"下中谷":[{"zip":"6830343","zip1":"683","zip2":"0343"}],"高姫":[{"zip":"6830226","zip1":"683","zip2":"0226"}],"武信":[{"zip":"6830354","zip1":"683","zip2":"0354"}],"田住":[{"zip":"6830214","zip1":"683","zip2":"0214"}],"鶴田":[{"zip":"6830217","zip1":"683","zip2":"0217"}],"寺内":[{"zip":"6830202","zip1":"683","zip2":"0202"}],"天万":[{"zip":"6830201","zip1":"683","zip2":"0201"}],"道河内":[{"zip":"6830355","zip1":"683","zip2":"0355"}],"東上":[{"zip":"6830334","zip1":"683","zip2":"0334"}],"徳長":[{"zip":"6830353","zip1":"683","zip2":"0353"}],"中":[{"zip":"6830335","zip1":"683","zip2":"0335"}],"鍋倉":[{"zip":"6830365","zip1":"683","zip2":"0365"}],"西":[{"zip":"6830363","zip1":"683","zip2":"0363"}],"西原":[{"zip":"6830213","zip1":"683","zip2":"0213"}],"西町":[{"zip":"6830302","zip1":"683","zip2":"0302"}],"能竹":[{"zip":"6830342","zip1":"683","zip2":"0342"}],"馬佐良":[{"zip":"6830332","zip1":"683","zip2":"0332"}],"馬場":[{"zip":"6830352","zip1":"683","zip2":"0352"}],"原":[{"zip":"6830362","zip1":"683","zip2":"0362"}],"東町":[{"zip":"6830301","zip1":"683","zip2":"0301"}],"福里":[{"zip":"6830204","zip1":"683","zip2":"0204"}],"福成":[{"zip":"6830312","zip1":"683","zip2":"0312"}],"福頼":[{"zip":"6830336","zip1":"683","zip2":"0336"}],"法勝寺":[{"zip":"6830351","zip1":"683","zip2":"0351"}],"円山":[{"zip":"6830211","zip1":"683","zip2":"0211"}],"御内谷":[{"zip":"6830225","zip1":"683","zip2":"0225"}],"三崎":[{"zip":"6830203","zip1":"683","zip2":"0203"}],"宮前":[{"zip":"6830221","zip1":"683","zip2":"0221"}],"諸木":[{"zip":"6830212","zip1":"683","zip2":"0212"}],"八金":[{"zip":"6830333","zip1":"683","zip2":"0333"}],"倭":[{"zip":"6830323","zip1":"683","zip2":"0323"}],"与一谷":[{"zip":"6830366","zip1":"683","zip2":"0366"}]},"西伯郡伯耆町":{"以下に掲載がない場合":[{"zip":"6894100","zip1":"689","zip2":"4100"}],"岩立":[{"zip":"6894214","zip1":"689","zip2":"4214"}],"岩屋谷":[{"zip":"6894123","zip1":"689","zip2":"4123"}],"上野":[{"zip":"6894212","zip1":"689","zip2":"4212"}],"宇代":[{"zip":"6894207","zip1":"689","zip2":"4207"}],"遠藤":[{"zip":"6894134","zip1":"689","zip2":"4134"}],"大内":[{"zip":"6894215","zip1":"689","zip2":"4215"}],"大江":[{"zip":"6894211","zip1":"689","zip2":"4211"}],"大倉":[{"zip":"6894205","zip1":"689","zip2":"4205"}],"大坂":[{"zip":"6894226","zip1":"689","zip2":"4226"}],"大滝":[{"zip":"6894222","zip1":"689","zip2":"4222"}],"大殿":[{"zip":"6894121","zip1":"689","zip2":"4121"}],"大原":[{"zip":"6894102","zip1":"689","zip2":"4102"}],"押口":[{"zip":"6894135","zip1":"689","zip2":"4135"}],"小野":[{"zip":"6894113","zip1":"689","zip2":"4113"}],"金屋谷":[{"zip":"6894213","zip1":"689","zip2":"4213"}],"上細見":[{"zip":"6894112","zip1":"689","zip2":"4112"}],"岸本":[{"zip":"6894132","zip1":"689","zip2":"4132"}],"貴住":[{"zip":"6894203","zip1":"689","zip2":"4203"}],"清原":[{"zip":"6894111","zip1":"689","zip2":"4111"}],"久古":[{"zip":"6894105","zip1":"689","zip2":"4105"}],"口別所":[{"zip":"6894106","zip1":"689","zip2":"4106"}],"小林":[{"zip":"6894101","zip1":"689","zip2":"4101"}],"小町":[{"zip":"6894115","zip1":"689","zip2":"4115"}],"坂長":[{"zip":"6894122","zip1":"689","zip2":"4122"}],"三部":[{"zip":"6894246","zip1":"689","zip2":"4246"}],"荘":[{"zip":"6894243","zip1":"689","zip2":"4243"}],"白水":[{"zip":"6894225","zip1":"689","zip2":"4225"}],"須村":[{"zip":"6894107","zip1":"689","zip2":"4107"}],"添谷":[{"zip":"6894217","zip1":"689","zip2":"4217"}],"立岩":[{"zip":"6894114","zip1":"689","zip2":"4114"}],"谷川":[{"zip":"6894204","zip1":"689","zip2":"4204"}],"父原":[{"zip":"6894244","zip1":"689","zip2":"4244"}],"栃原":[{"zip":"6894223","zip1":"689","zip2":"4223"}],"富江":[{"zip":"6894221","zip1":"689","zip2":"4221"}],"中祖":[{"zip":"6894241","zip1":"689","zip2":"4241"}],"長山":[{"zip":"6894202","zip1":"689","zip2":"4202"}],"二部":[{"zip":"6894233","zip1":"689","zip2":"4233"}],"根雨原":[{"zip":"6894224","zip1":"689","zip2":"4224"}],"畑池":[{"zip":"6894234","zip1":"689","zip2":"4234"}],"番原":[{"zip":"6894104","zip1":"689","zip2":"4104"}],"福居":[{"zip":"6894237","zip1":"689","zip2":"4237"}],"福岡":[{"zip":"6894235","zip1":"689","zip2":"4235"}],"福岡原":[{"zip":"6894136","zip1":"689","zip2":"4136"}],"福兼":[{"zip":"6894216","zip1":"689","zip2":"4216"}],"福島":[{"zip":"6894232","zip1":"689","zip2":"4232"}],"福吉":[{"zip":"6894245","zip1":"689","zip2":"4245"}],"船越":[{"zip":"6894231","zip1":"689","zip2":"4231"}],"古市":[{"zip":"6894242","zip1":"689","zip2":"4242"}],"真野":[{"zip":"6894103","zip1":"689","zip2":"4103"}],"丸山":[{"zip":"6894108","zip1":"689","zip2":"4108"}],"溝口":[{"zip":"6894201","zip1":"689","zip2":"4201"}],"宮原":[{"zip":"6894206","zip1":"689","zip2":"4206"}],"焼杉":[{"zip":"6894236","zip1":"689","zip2":"4236"}],"吉定":[{"zip":"6894131","zip1":"689","zip2":"4131"}],"吉長":[{"zip":"6894133","zip1":"689","zip2":"4133"}]},"日野郡日南町":{"以下に掲載がない場合":[{"zip":"6895200","zip1":"689","zip2":"5200"}],"阿毘縁":[{"zip":"6895551","zip1":"689","zip2":"5551"}],"印賀":[{"zip":"6895531","zip1":"689","zip2":"5531"}],"折渡":[{"zip":"6895534","zip1":"689","zip2":"5534"}],"笠木":[{"zip":"6895543","zip1":"689","zip2":"5543"}],"霞":[{"zip":"6895212","zip1":"689","zip2":"5212"}],"神戸上":[{"zip":"6895662","zip1":"689","zip2":"5662"}],"上石見":[{"zip":"6895663","zip1":"689","zip2":"5663"}],"上萩山":[{"zip":"6895223","zip1":"689","zip2":"5223"}],"神福":[{"zip":"6895672","zip1":"689","zip2":"5672"}],"河上":[{"zip":"6895221","zip1":"689","zip2":"5221"}],"佐木谷":[{"zip":"6895541","zip1":"689","zip2":"5541"}],"下阿毘縁":[{"zip":"6895552","zip1":"689","zip2":"5552"}],"下石見":[{"zip":"6895665","zip1":"689","zip2":"5665"}],"生山":[{"zip":"6895211","zip1":"689","zip2":"5211"}],"菅沢":[{"zip":"6895532","zip1":"689","zip2":"5532"}],"宝谷":[{"zip":"6895533","zip1":"689","zip2":"5533"}],"多里":[{"zip":"6895224","zip1":"689","zip2":"5224"}],"茶屋":[{"zip":"6895544","zip1":"689","zip2":"5544"}],"豊栄":[{"zip":"6895673","zip1":"689","zip2":"5673"}],"中石見":[{"zip":"6895664","zip1":"689","zip2":"5664"}],"新屋":[{"zip":"6895225","zip1":"689","zip2":"5225"}],"萩原":[{"zip":"6895222","zip1":"689","zip2":"5222"}],"花口":[{"zip":"6895661","zip1":"689","zip2":"5661"}],"福寿実":[{"zip":"6895545","zip1":"689","zip2":"5545"}],"福塚":[{"zip":"6895671","zip1":"689","zip2":"5671"}],"福万来":[{"zip":"6895542","zip1":"689","zip2":"5542"}],"丸山":[{"zip":"6895213","zip1":"689","zip2":"5213"}],"三栄":[{"zip":"6895214","zip1":"689","zip2":"5214"}],"宮内":[{"zip":"6895216","zip1":"689","zip2":"5216"}],"三吉":[{"zip":"6895666","zip1":"689","zip2":"5666"}],"矢戸":[{"zip":"6895215","zip1":"689","zip2":"5215"}],"湯河":[{"zip":"6895226","zip1":"689","zip2":"5226"}]},"日野郡日野町":{"以下に掲載がない場合":[{"zip":"6894500","zip1":"689","zip2":"4500"}],"秋縄":[{"zip":"6894515","zip1":"689","zip2":"4515"}],"板井原":[{"zip":"6894513","zip1":"689","zip2":"4513"}],"榎市":[{"zip":"6894523","zip1":"689","zip2":"4523"}],"小河内":[{"zip":"6895136","zip1":"689","zip2":"5136"}],"貝原":[{"zip":"6894501","zip1":"689","zip2":"4501"}],"門谷":[{"zip":"6894516","zip1":"689","zip2":"4516"}],"上菅":[{"zip":"6895137","zip1":"689","zip2":"5137"}],"金持":[{"zip":"6894512","zip1":"689","zip2":"4512"}],"久住":[{"zip":"6895132","zip1":"689","zip2":"5132"}],"黒坂":[{"zip":"6895131","zip1":"689","zip2":"5131"}],"高尾":[{"zip":"6894511","zip1":"689","zip2":"4511"}],"小原":[{"zip":"6894525","zip1":"689","zip2":"4525"}],"下榎":[{"zip":"6894526","zip1":"689","zip2":"4526"}],"下黒坂":[{"zip":"6895133","zip1":"689","zip2":"5133"}],"下菅":[{"zip":"6895134","zip1":"689","zip2":"5134"}],"津地":[{"zip":"6894521","zip1":"689","zip2":"4521"}],"中菅":[{"zip":"6895135","zip1":"689","zip2":"5135"}],"濁谷":[{"zip":"6894517","zip1":"689","zip2":"4517"}],"根雨":[{"zip":"6894503","zip1":"689","zip2":"4503"}],"野田":[{"zip":"6894504","zip1":"689","zip2":"4504"}],"福長":[{"zip":"6895137","zip1":"689","zip2":"5137"}],"舟場":[{"zip":"6894505","zip1":"689","zip2":"4505"}],"別所":[{"zip":"6894524","zip1":"689","zip2":"4524"}],"本郷":[{"zip":"6894522","zip1":"689","zip2":"4522"}],"三谷":[{"zip":"6894502","zip1":"689","zip2":"4502"}],"三土":[{"zip":"6894514","zip1":"689","zip2":"4514"}],"安原":[{"zip":"6894527","zip1":"689","zip2":"4527"}]},"日野郡江府町":{"以下に掲載がない場合":[{"zip":"6894400","zip1":"689","zip2":"4400"}],"江尾":[{"zip":"6894401","zip1":"689","zip2":"4401"}],"大河原":[{"zip":"6894434","zip1":"689","zip2":"4434"}],"貝田":[{"zip":"6894435","zip1":"689","zip2":"4435"}],"柿原":[{"zip":"6894432","zip1":"689","zip2":"4432"}],"久連":[{"zip":"6894403","zip1":"689","zip2":"4403"}],"小江尾":[{"zip":"6894402","zip1":"689","zip2":"4402"}],"下蚊屋":[{"zip":"6894425","zip1":"689","zip2":"4425"}],"佐川":[{"zip":"6894431","zip1":"689","zip2":"4431"}],"下安井":[{"zip":"6894412","zip1":"689","zip2":"4412"}],"洲河崎":[{"zip":"6894413","zip1":"689","zip2":"4413"}],"杉谷":[{"zip":"6894422","zip1":"689","zip2":"4422"}],"助沢":[{"zip":"6894426","zip1":"689","zip2":"4426"}],"俣野":[{"zip":"6894414","zip1":"689","zip2":"4414"}],"御机":[{"zip":"6894424","zip1":"689","zip2":"4424"}],"宮市":[{"zip":"6894421","zip1":"689","zip2":"4421"}],"美用":[{"zip":"6894423","zip1":"689","zip2":"4423"}],"武庫":[{"zip":"6894411","zip1":"689","zip2":"4411"}],"吉原":[{"zip":"6894433","zip1":"689","zip2":"4433"}]}}