{"6101":[{"pref":"東京都","city":"新宿区","town":"西新宿住友不動産新宿グランドタワー（１階）"}],"6102":[{"pref":"東京都","city":"新宿区","town":"西新宿住友不動産新宿グランドタワー（２階）"}],"6103":[{"pref":"東京都","city":"新宿区","town":"西新宿住友不動産新宿グランドタワー（３階）"}],"6104":[{"pref":"東京都","city":"新宿区","town":"西新宿住友不動産新宿グランドタワー（４階）"}],"6105":[{"pref":"東京都","city":"新宿区","town":"西新宿住友不動産新宿グランドタワー（５階）"}],"6106":[{"pref":"東京都","city":"新宿区","town":"西新宿住友不動産新宿グランドタワー（６階）"}],"6107":[{"pref":"東京都","city":"新宿区","town":"西新宿住友不動産新宿グランドタワー（７階）"}],"6108":[{"pref":"東京都","city":"新宿区","town":"西新宿住友不動産新宿グランドタワー（８階）"}],"6109":[{"pref":"東京都","city":"新宿区","town":"西新宿住友不動産新宿グランドタワー（９階）"}],"6110":[{"pref":"東京都","city":"新宿区","town":"西新宿住友不動産新宿グランドタワー（１０階）"}],"6111":[{"pref":"東京都","city":"新宿区","town":"西新宿住友不動産新宿グランドタワー（１１階）"}],"6112":[{"pref":"東京都","city":"新宿区","town":"西新宿住友不動産新宿グランドタワー（１２階）"}],"6113":[{"pref":"東京都","city":"新宿区","town":"西新宿住友不動産新宿グランドタワー（１３階）"}],"6114":[{"pref":"東京都","city":"新宿区","town":"西新宿住友不動産新宿グランドタワー（１４階）"}],"6115":[{"pref":"東京都","city":"新宿区","town":"西新宿住友不動産新宿グランドタワー（１５階）"}],"6116":[{"pref":"東京都","city":"新宿区","town":"西新宿住友不動産新宿グランドタワー（１６階）"}],"6117":[{"pref":"東京都","city":"新宿区","town":"西新宿住友不動産新宿グランドタワー（１７階）"}],"6118":[{"pref":"東京都","city":"新宿区","town":"西新宿住友不動産新宿グランドタワー（１８階）"}],"6119":[{"pref":"東京都","city":"新宿区","town":"西新宿住友不動産新宿グランドタワー（１９階）"}],"6120":[{"pref":"東京都","city":"新宿区","town":"西新宿住友不動産新宿グランドタワー（２０階）"}],"6121":[{"pref":"東京都","city":"新宿区","town":"西新宿住友不動産新宿グランドタワー（２１階）"}],"6122":[{"pref":"東京都","city":"新宿区","town":"西新宿住友不動産新宿グランドタワー（２２階）"}],"6123":[{"pref":"東京都","city":"新宿区","town":"西新宿住友不動産新宿グランドタワー（２３階）"}],"6124":[{"pref":"東京都","city":"新宿区","town":"西新宿住友不動産新宿グランドタワー（２４階）"}],"6125":[{"pref":"東京都","city":"新宿区","town":"西新宿住友不動産新宿グランドタワー（２５階）"}],"6126":[{"pref":"東京都","city":"新宿区","town":"西新宿住友不動産新宿グランドタワー（２６階）"}],"6127":[{"pref":"東京都","city":"新宿区","town":"西新宿住友不動産新宿グランドタワー（２７階）"}],"6128":[{"pref":"東京都","city":"新宿区","town":"西新宿住友不動産新宿グランドタワー（２８階）"}],"6129":[{"pref":"東京都","city":"新宿区","town":"西新宿住友不動産新宿グランドタワー（２９階）"}],"6130":[{"pref":"東京都","city":"新宿区","town":"西新宿住友不動産新宿グランドタワー（３０階）"}],"6131":[{"pref":"東京都","city":"新宿区","town":"西新宿住友不動産新宿グランドタワー（３１階）"}],"6132":[{"pref":"東京都","city":"新宿区","town":"西新宿住友不動産新宿グランドタワー（３２階）"}],"6133":[{"pref":"東京都","city":"新宿区","town":"西新宿住友不動産新宿グランドタワー（３３階）"}],"6134":[{"pref":"東京都","city":"新宿区","town":"西新宿住友不動産新宿グランドタワー（３４階）"}],"6135":[{"pref":"東京都","city":"新宿区","town":"西新宿住友不動産新宿グランドタワー（３５階）"}],"6136":[{"pref":"東京都","city":"新宿区","town":"西新宿住友不動産新宿グランドタワー（３６階）"}],"6137":[{"pref":"東京都","city":"新宿区","town":"西新宿住友不動産新宿グランドタワー（３７階）"}],"6138":[{"pref":"東京都","city":"新宿区","town":"西新宿住友不動産新宿グランドタワー（３８階）"}],"6139":[{"pref":"東京都","city":"新宿区","town":"西新宿住友不動産新宿グランドタワー（３９階）"}],"6190":[{"pref":"東京都","city":"新宿区","town":"西新宿住友不動産新宿グランドタワー（地階・階層不明）"}],"0000":[{"pref":"東京都","city":"新宿区","town":"以下に掲載がない場合"}],"0005":[{"pref":"東京都","city":"新宿区","town":"愛住町"}],"0007":[{"pref":"東京都","city":"新宿区","town":"荒木町"}],"0013":[{"pref":"東京都","city":"新宿区","town":"霞ケ丘町"}],"0001":[{"pref":"東京都","city":"新宿区","town":"片町"}],"0021":[{"pref":"東京都","city":"新宿区","town":"歌舞伎町"}],"0017":[{"pref":"東京都","city":"新宿区","town":"左門町"}],"0016":[{"pref":"東京都","city":"新宿区","town":"信濃町"}],"0022":[{"pref":"東京都","city":"新宿区","town":"新宿"}],"0018":[{"pref":"東京都","city":"新宿区","town":"須賀町"}],"0015":[{"pref":"東京都","city":"新宿区","town":"大京町"}],"0014":[{"pref":"東京都","city":"新宿区","town":"内藤町"}],"0023":[{"pref":"東京都","city":"新宿区","town":"西新宿（次のビルを除く）"}],"0006":[{"pref":"東京都","city":"新宿区","town":"舟町"}],"0012":[{"pref":"東京都","city":"新宿区","town":"南元町"}],"0004":[{"pref":"東京都","city":"新宿区","town":"四谷"}],"0002":[{"pref":"東京都","city":"新宿区","town":"四谷坂町"}],"0008":[{"pref":"東京都","city":"新宿区","town":"四谷三栄町"}],"0003":[{"pref":"東京都","city":"新宿区","town":"四谷本塩町"}],"0011":[{"pref":"東京都","city":"新宿区","town":"若葉"}]}