{"0880":[{"pref":"北海道","city":"札幌市東区","town":"丘珠町"}],"0881":[{"pref":"北海道","city":"札幌市東区","town":"北丘珠一条"}],"0882":[{"pref":"北海道","city":"札幌市東区","town":"北丘珠二条"}],"0883":[{"pref":"北海道","city":"札幌市東区","town":"北丘珠三条"}],"0884":[{"pref":"北海道","city":"札幌市東区","town":"北丘珠四条"}],"0885":[{"pref":"北海道","city":"札幌市東区","town":"北丘珠五条"}],"0886":[{"pref":"北海道","city":"札幌市東区","town":"北丘珠六条"}],"0834":[{"pref":"北海道","city":"札幌市東区","town":"北三十四条東"}],"0835":[{"pref":"北海道","city":"札幌市東区","town":"北三十五条東"}],"0836":[{"pref":"北海道","city":"札幌市東区","town":"北三十六条東"}],"0837":[{"pref":"北海道","city":"札幌市東区","town":"北三十七条東"}],"0838":[{"pref":"北海道","city":"札幌市東区","town":"北三十八条東"}],"0839":[{"pref":"北海道","city":"札幌市東区","town":"北三十九条東"}],"0840":[{"pref":"北海道","city":"札幌市東区","town":"北四十条東"}],"0841":[{"pref":"北海道","city":"札幌市東区","town":"北四十一条東"}],"0842":[{"pref":"北海道","city":"札幌市東区","town":"北四十二条東"}],"0843":[{"pref":"北海道","city":"札幌市東区","town":"北四十三条東"}],"0844":[{"pref":"北海道","city":"札幌市東区","town":"北四十四条東"}],"0845":[{"pref":"北海道","city":"札幌市東区","town":"北四十五条東"}],"0846":[{"pref":"北海道","city":"札幌市東区","town":"北四十六条東"}],"0847":[{"pref":"北海道","city":"札幌市東区","town":"北四十七条東"}],"0848":[{"pref":"北海道","city":"札幌市東区","town":"北四十八条東"}],"0849":[{"pref":"北海道","city":"札幌市東区","town":"北四十九条東"}],"0850":[{"pref":"北海道","city":"札幌市東区","town":"北五十条東"}],"0851":[{"pref":"北海道","city":"札幌市東区","town":"北五十一条東"}],"0852":[{"pref":"北海道","city":"札幌市東区","town":"栄町"}],"0001":[{"pref":"北海道","city":"札幌市東区","town":"中沼一条"}],"0002":[{"pref":"北海道","city":"札幌市東区","town":"中沼二条"}],"0003":[{"pref":"北海道","city":"札幌市東区","town":"中沼三条"}],"0004":[{"pref":"北海道","city":"札幌市東区","town":"中沼四条"}],"0005":[{"pref":"北海道","city":"札幌市東区","town":"中沼五条"}],"0006":[{"pref":"北海道","city":"札幌市東区","town":"中沼六条"}],"0890":[{"pref":"北海道","city":"札幌市東区","town":"中沼町"}],"0891":[{"pref":"北海道","city":"札幌市東区","town":"中沼西一条"}],"0892":[{"pref":"北海道","city":"札幌市東区","town":"中沼西二条"}],"0893":[{"pref":"北海道","city":"札幌市東区","town":"中沼西三条"}],"0894":[{"pref":"北海道","city":"札幌市東区","town":"中沼西四条"}],"0895":[{"pref":"北海道","city":"札幌市東区","town":"中沼西五条"}],"0821":[{"pref":"北海道","city":"札幌市東区","town":"東雁来一条"}],"0822":[{"pref":"北海道","city":"札幌市東区","town":"東雁来二条"}],"0823":[{"pref":"北海道","city":"札幌市東区","town":"東雁来三条"}],"0824":[{"pref":"北海道","city":"札幌市東区","town":"東雁来四条"}],"0825":[{"pref":"北海道","city":"札幌市東区","town":"東雁来五条"}],"0826":[{"pref":"北海道","city":"札幌市東区","town":"東雁来六条"}],"0827":[{"pref":"北海道","city":"札幌市東区","town":"東雁来七条"}],"0828":[{"pref":"北海道","city":"札幌市東区","town":"東雁来八条"}],"0829":[{"pref":"北海道","city":"札幌市東区","town":"東雁来九条"}],"0030":[{"pref":"北海道","city":"札幌市東区","town":"東雁来十条"}],"0031":[{"pref":"北海道","city":"札幌市東区","town":"東雁来十一条"}],"0032":[{"pref":"北海道","city":"札幌市東区","town":"東雁来十二条"}],"0033":[{"pref":"北海道","city":"札幌市東区","town":"東雁来十三条"}],"0034":[{"pref":"北海道","city":"札幌市東区","town":"東雁来十四条"}],"0820":[{"pref":"北海道","city":"札幌市東区","town":"東雁来町"}],"0801":[{"pref":"北海道","city":"札幌市東区","town":"東苗穂一条"}],"0802":[{"pref":"北海道","city":"札幌市東区","town":"東苗穂二条"}],"0803":[{"pref":"北海道","city":"札幌市東区","town":"東苗穂三条"}],"0804":[{"pref":"北海道","city":"札幌市東区","town":"東苗穂四条"}],"0805":[{"pref":"北海道","city":"札幌市東区","town":"東苗穂五条"}],"0806":[{"pref":"北海道","city":"札幌市東区","town":"東苗穂六条"}],"0807":[{"pref":"北海道","city":"札幌市東区","town":"東苗穂七条"}],"0808":[{"pref":"北海道","city":"札幌市東区","town":"東苗穂八条"}],"0809":[{"pref":"北海道","city":"札幌市東区","town":"東苗穂九条"}],"0810":[{"pref":"北海道","city":"札幌市東区","town":"東苗穂十条"}],"0811":[{"pref":"北海道","city":"札幌市東区","town":"東苗穂十一条"}],"0812":[{"pref":"北海道","city":"札幌市東区","town":"東苗穂十二条"}],"0813":[{"pref":"北海道","city":"札幌市東区","town":"東苗穂十三条"}],"0814":[{"pref":"北海道","city":"札幌市東区","town":"東苗穂十四条"}],"0815":[{"pref":"北海道","city":"札幌市東区","town":"東苗穂十五条"}],"0819":[{"pref":"北海道","city":"札幌市東区","town":"東苗穂町"}],"0861":[{"pref":"北海道","city":"札幌市東区","town":"伏古一条"}],"0862":[{"pref":"北海道","city":"札幌市東区","town":"伏古二条"}],"0863":[{"pref":"北海道","city":"札幌市東区","town":"伏古三条"}],"0864":[{"pref":"北海道","city":"札幌市東区","town":"伏古四条"}],"0865":[{"pref":"北海道","city":"札幌市東区","town":"伏古五条"}],"0866":[{"pref":"北海道","city":"札幌市東区","town":"伏古六条"}],"0867":[{"pref":"北海道","city":"札幌市東区","town":"伏古七条"}],"0868":[{"pref":"北海道","city":"札幌市東区","town":"伏古八条"}],"0869":[{"pref":"北海道","city":"札幌市東区","town":"伏古九条"}],"0870":[{"pref":"北海道","city":"札幌市東区","town":"伏古十条"}],"0871":[{"pref":"北海道","city":"札幌市東区","town":"伏古十一条"}],"0872":[{"pref":"北海道","city":"札幌市東区","town":"伏古十二条"}],"0873":[{"pref":"北海道","city":"札幌市東区","town":"伏古十三条"}],"0874":[{"pref":"北海道","city":"札幌市東区","town":"伏古十四条"}],"0011":[{"pref":"北海道","city":"札幌市東区","town":"モエレ沼公園"}]}