{"0000":[{"pref":"石川県","city":"輪島市","town":"以下に掲載がない場合"}],"0053":[{"pref":"石川県","city":"輪島市","town":"赤崎町"}],"0072":[{"pref":"石川県","city":"輪島市","town":"海士町"},{"pref":"石川県","city":"輪島市","town":"海士町（舳倉島）"}],"0013":[{"pref":"石川県","city":"輪島市","town":"石休場町"}],"0015":[{"pref":"石川県","city":"輪島市","town":"市ノ瀬町"}],"0004":[{"pref":"石川県","city":"輪島市","town":"稲舟町"}],"0028":[{"pref":"石川県","city":"輪島市","town":"打越町"}],"0065":[{"pref":"石川県","city":"輪島市","town":"鵜入町"}],"0051":[{"pref":"石川県","city":"輪島市","town":"小池町"}],"0032":[{"pref":"石川県","city":"輪島市","town":"小伊勢町"}],"0054":[{"pref":"石川県","city":"輪島市","town":"大沢町"}],"0005":[{"pref":"石川県","city":"輪島市","town":"大野町"}],"0251":[{"pref":"石川県","city":"輪島市","town":"小田屋町"}],"0064":[{"pref":"石川県","city":"輪島市","town":"釜屋谷町"}],"0055":[{"pref":"石川県","city":"輪島市","town":"上大沢町"}],"0045":[{"pref":"石川県","city":"輪島市","town":"上黒川町"}],"0057":[{"pref":"石川県","city":"輪島市","town":"上山町"}],"0001":[{"pref":"石川県","city":"輪島市","town":"河井町"}],"0027":[{"pref":"石川県","city":"輪島市","town":"北谷町"}],"0016":[{"pref":"石川県","city":"輪島市","town":"熊野町"}],"0023":[{"pref":"石川県","city":"輪島市","town":"気勝平町"}],"0246":[{"pref":"石川県","city":"輪島市","town":"里町"}],"0252":[{"pref":"石川県","city":"輪島市","town":"忍町"}],"0241":[{"pref":"石川県","city":"輪島市","town":"渋田町"}],"0044":[{"pref":"石川県","city":"輪島市","town":"下黒川町"}],"0052":[{"pref":"石川県","city":"輪島市","town":"下山町"}],"0256":[{"pref":"石川県","city":"輪島市","town":"白米町"}],"0061":[{"pref":"石川県","city":"輪島市","town":"新橋通"}],"0011":[{"pref":"石川県","city":"輪島市","town":"杉平町"}],"0006":[{"pref":"石川県","city":"輪島市","town":"惣領町"}],"0037":[{"pref":"石川県","city":"輪島市","town":"空熊町"}],"0253":[{"pref":"石川県","city":"輪島市","town":"尊利地町"}],"0036":[{"pref":"石川県","city":"輪島市","town":"滝又町"}],"0022":[{"pref":"石川県","city":"輪島市","town":"宅田町"}],"0041":[{"pref":"石川県","city":"輪島市","town":"中段町"}],"0003":[{"pref":"石川県","city":"輪島市","town":"塚田町"}],"0033":[{"pref":"石川県","city":"輪島市","town":"稲屋町"}],"0034":[{"pref":"石川県","city":"輪島市","town":"長井町"}],"0254":[{"pref":"石川県","city":"輪島市","town":"名舟町"}],"0047":[{"pref":"石川県","city":"輪島市","town":"繩又町"}],"0244":[{"pref":"石川県","city":"輪島市","town":"西院内町"}],"0056":[{"pref":"石川県","city":"輪島市","town":"西二又町"}],"0243":[{"pref":"石川県","city":"輪島市","town":"西山町"}],"0026":[{"pref":"石川県","city":"輪島市","town":"西脇町"}],"0255":[{"pref":"石川県","city":"輪島市","town":"野田町"}],"0067":[{"pref":"石川県","city":"輪島市","town":"光浦町"}],"0242":[{"pref":"石川県","city":"輪島市","town":"東印内町"}],"0025":[{"pref":"石川県","city":"輪島市","town":"東中尾町"}],"0245":[{"pref":"石川県","city":"輪島市","town":"東山町"}],"0007":[{"pref":"石川県","city":"輪島市","town":"深見町"}],"0073":[{"pref":"石川県","city":"輪島市","town":"鳳至町"},{"pref":"石川県","city":"輪島市","town":"鳳至町（袖ケ浜）"}],"0076":[{"pref":"石川県","city":"輪島市","town":"鳳至町（石浦町）"}],"0078":[{"pref":"石川県","city":"輪島市","town":"鳳至町（稲荷町）"}],"0077":[{"pref":"石川県","city":"輪島市","town":"鳳至町（上町）"},{"pref":"石川県","city":"輪島市","town":"鳳至町（堂金田）"}],"0075":[{"pref":"石川県","city":"輪島市","town":"鳳至町（下町）"}],"0079":[{"pref":"石川県","city":"輪島市","town":"鳳至町（畠田）"}],"0074":[{"pref":"石川県","city":"輪島市","town":"鳳至町（鳳至丁）"}],"0043":[{"pref":"石川県","city":"輪島市","town":"房田町"}],"0031":[{"pref":"石川県","city":"輪島市","town":"二勢町"}],"0021":[{"pref":"石川県","city":"輪島市","town":"二ツ屋町"}],"0046":[{"pref":"石川県","city":"輪島市","town":"二俣町"}],"0002":[{"pref":"石川県","city":"輪島市","town":"久手川町"}],"0068":[{"pref":"石川県","city":"輪島市","town":"平成町"}],"0035":[{"pref":"石川県","city":"輪島市","town":"別所谷町"}],"0062":[{"pref":"石川県","city":"輪島市","town":"堀町"},{"pref":"石川県","city":"輪島市","town":"南町"}],"0215":[{"pref":"石川県","city":"輪島市","town":"町野町粟蔵"}],"0217":[{"pref":"石川県","city":"輪島市","town":"町野町井面"}],"0211":[{"pref":"石川県","city":"輪島市","town":"町野町牛尾"}],"0231":[{"pref":"石川県","city":"輪島市","town":"町野町大川"}],"0216":[{"pref":"石川県","city":"輪島市","town":"町野町桶戸"}],"0236":[{"pref":"石川県","city":"輪島市","town":"町野町金蔵"}],"0235":[{"pref":"石川県","city":"輪島市","town":"町野町川西"}],"0223":[{"pref":"石川県","city":"輪島市","town":"町野町北円山"}],"0214":[{"pref":"石川県","city":"輪島市","town":"町野町佐野"}],"0221":[{"pref":"石川県","city":"輪島市","town":"町野町真久"}],"0203":[{"pref":"石川県","city":"輪島市","town":"町野町敷戸"}],"0218":[{"pref":"石川県","city":"輪島市","town":"町野町鈴屋"}],"0206":[{"pref":"石川県","city":"輪島市","town":"町野町曽々木"}],"0202":[{"pref":"石川県","city":"輪島市","town":"町野町寺地"}],"0212":[{"pref":"石川県","city":"輪島市","town":"町野町寺山"}],"0226":[{"pref":"石川県","city":"輪島市","town":"町野町徳成"}],"0225":[{"pref":"石川県","city":"輪島市","town":"町野町徳成谷内"}],"0205":[{"pref":"石川県","city":"輪島市","town":"町野町西時国"}],"0222":[{"pref":"石川県","city":"輪島市","town":"町野町東"}],"0233":[{"pref":"石川県","city":"輪島市","town":"町野町東大野"}],"0201":[{"pref":"石川県","city":"輪島市","town":"町野町広江"}],"0232":[{"pref":"石川県","city":"輪島市","town":"町野町伏戸"}],"0213":[{"pref":"石川県","city":"輪島市","town":"町野町舞谷"}],"0234":[{"pref":"石川県","city":"輪島市","town":"町野町真喜野"}],"0204":[{"pref":"石川県","city":"輪島市","town":"町野町南時国"}],"0224":[{"pref":"石川県","city":"輪島市","town":"町野町麦生野"}],"0008":[{"pref":"石川県","city":"輪島市","town":"マリンタウン"}],"0066":[{"pref":"石川県","city":"輪島市","town":"美谷町"}],"0063":[{"pref":"石川県","city":"輪島市","town":"水守町"}],"0024":[{"pref":"石川県","city":"輪島市","town":"山岸町"}],"0014":[{"pref":"石川県","city":"輪島市","town":"山ノ上町"}],"0042":[{"pref":"石川県","city":"輪島市","town":"山本町"}],"0012":[{"pref":"石川県","city":"輪島市","town":"横地町"}],"0071":[{"pref":"石川県","city":"輪島市","town":"輪島崎町"}],"0332":[{"pref":"石川県","city":"鳳珠郡能登町","town":"五十里"}],"0306":[{"pref":"石川県","city":"鳳珠郡能登町","town":"石井"}],"0335":[{"pref":"石川県","city":"鳳珠郡能登町","town":"大箱"}],"0302":[{"pref":"石川県","city":"鳳珠郡能登町","town":"小間生"}],"0301":[{"pref":"石川県","city":"鳳珠郡能登町","town":"上長尾"}],"0325":[{"pref":"石川県","city":"鳳珠郡能登町","town":"神和住"}],"0308":[{"pref":"石川県","city":"鳳珠郡能登町","town":"鴨川"}],"0312":[{"pref":"石川県","city":"鳳珠郡能登町","town":"上町"}],"0336":[{"pref":"石川県","city":"鳳珠郡能登町","town":"北河内"}],"0305":[{"pref":"石川県","city":"鳳珠郡能登町","town":"久田"}],"0303":[{"pref":"石川県","city":"鳳珠郡能登町","town":"桐畑"}],"0307":[{"pref":"石川県","city":"鳳珠郡能登町","town":"国光"}],"0333":[{"pref":"石川県","city":"鳳珠郡能登町","town":"黒川"}],"0311":[{"pref":"石川県","city":"鳳珠郡能登町","town":"合鹿"}],"0323":[{"pref":"石川県","city":"鳳珠郡能登町","town":"五郎左エ門分"}],"0326":[{"pref":"石川県","city":"鳳珠郡能登町","town":"斉和"}],"0314":[{"pref":"石川県","city":"鳳珠郡能登町","town":"笹川"}],"0321":[{"pref":"石川県","city":"鳳珠郡能登町","town":"十郎原"}],"0304":[{"pref":"石川県","city":"鳳珠郡能登町","town":"鈴ケ嶺"}],"0322":[{"pref":"石川県","city":"鳳珠郡能登町","town":"寺分"}],"0313":[{"pref":"石川県","city":"鳳珠郡能登町","town":"天坂"}],"0334":[{"pref":"石川県","city":"鳳珠郡能登町","town":"当目"}],"0324":[{"pref":"石川県","city":"鳳珠郡能登町","town":"中斉"}],"0331":[{"pref":"石川県","city":"鳳珠郡能登町","town":"柳田"}]}