{"0000":[{"pref":"東京都","city":"荒川区","town":"以下に掲載がない場合"}],"0002":[{"pref":"東京都","city":"荒川区","town":"荒川"}],"0011":[{"pref":"東京都","city":"荒川区","town":"西尾久"}],"0013":[{"pref":"東京都","city":"荒川区","town":"西日暮里"}],"0012":[{"pref":"東京都","city":"荒川区","town":"東尾久"}],"0014":[{"pref":"東京都","city":"荒川区","town":"東日暮里"}],"0001":[{"pref":"東京都","city":"荒川区","town":"町屋"}],"0003":[{"pref":"東京都","city":"荒川区","town":"南千住"}]}