{"1101":[{"pref":"秋田県","city":"秋田市","town":"太平八田"}],"1102":[{"pref":"秋田県","city":"秋田市","town":"太平目長崎"}],"1103":[{"pref":"秋田県","city":"秋田市","town":"太平中関"}],"1104":[{"pref":"秋田県","city":"秋田市","town":"太平寺庭"}],"1105":[{"pref":"秋田県","city":"秋田市","town":"太平黒沢"}],"1106":[{"pref":"秋田県","city":"秋田市","town":"太平山谷"}],"1201":[{"pref":"秋田県","city":"秋田市","town":"雄和田草川"}],"1202":[{"pref":"秋田県","city":"秋田市","town":"雄和芝野新田"}],"1203":[{"pref":"秋田県","city":"秋田市","town":"雄和下黒瀬"}],"1211":[{"pref":"秋田県","city":"秋田市","town":"雄和椿川"}],"1212":[{"pref":"秋田県","city":"秋田市","town":"雄和平尾鳥"}],"1221":[{"pref":"秋田県","city":"秋田市","town":"雄和平沢"}],"1222":[{"pref":"秋田県","city":"秋田市","town":"雄和石田"}],"1223":[{"pref":"秋田県","city":"秋田市","town":"雄和妙法"}],"1224":[{"pref":"秋田県","city":"秋田市","town":"雄和種沢"}],"1225":[{"pref":"秋田県","city":"秋田市","town":"雄和左手子"}],"1231":[{"pref":"秋田県","city":"秋田市","town":"雄和相川"}],"1232":[{"pref":"秋田県","city":"秋田市","town":"雄和戸賀沢"}],"1233":[{"pref":"秋田県","city":"秋田市","town":"雄和女米木"}],"1341":[{"pref":"秋田県","city":"秋田市","town":"雄和新波"}],"1342":[{"pref":"秋田県","city":"秋田市","town":"雄和神ケ村"}],"1343":[{"pref":"秋田県","city":"秋田市","town":"雄和繋"}],"1344":[{"pref":"秋田県","city":"秋田市","town":"雄和向野"}],"1351":[{"pref":"秋田県","city":"秋田市","town":"雄和碇田"}],"1352":[{"pref":"秋田県","city":"秋田市","town":"雄和萱ケ沢"}],"1401":[{"pref":"秋田県","city":"秋田市","town":"上北手大杉沢"}],"1402":[{"pref":"秋田県","city":"秋田市","town":"上北手小山田"}],"1403":[{"pref":"秋田県","city":"秋田市","town":"上北手荒巻"}],"1404":[{"pref":"秋田県","city":"秋田市","town":"上北手古野"}],"1405":[{"pref":"秋田県","city":"秋田市","town":"上北手大山田"}],"1406":[{"pref":"秋田県","city":"秋田市","town":"上北手猿田"}],"1407":[{"pref":"秋田県","city":"秋田市","town":"上北手百崎"}],"1408":[{"pref":"秋田県","city":"秋田市","town":"上北手大戸"}],"1409":[{"pref":"秋田県","city":"秋田市","town":"南ケ丘"}],"1411":[{"pref":"秋田県","city":"秋田市","town":"上北手御所野"}],"1412":[{"pref":"秋田県","city":"秋田市","town":"御所野下堤"}],"1413":[{"pref":"秋田県","city":"秋田市","town":"御所野地蔵田"}],"1414":[{"pref":"秋田県","city":"秋田市","town":"御所野元町"}],"1415":[{"pref":"秋田県","city":"秋田市","town":"御所野湯本"}],"1416":[{"pref":"秋田県","city":"秋田市","town":"四ツ小屋末戸松本"}],"1417":[{"pref":"秋田県","city":"秋田市","town":"四ツ小屋"}],"1418":[{"pref":"秋田県","city":"秋田市","town":"四ツ小屋小阿地"}],"1419":[{"pref":"秋田県","city":"秋田市","town":"御所野堤台"}],"1420":[{"pref":"秋田県","city":"秋田市","town":"大住南"}],"1421":[{"pref":"秋田県","city":"秋田市","town":"仁井田本町"}],"1422":[{"pref":"秋田県","city":"秋田市","town":"仁井田目長田"}],"1423":[{"pref":"秋田県","city":"秋田市","town":"仁井田"}],"1424":[{"pref":"秋田県","city":"秋田市","town":"御野場"}],"1425":[{"pref":"秋田県","city":"秋田市","town":"御野場新町"}],"1426":[{"pref":"秋田県","city":"秋田市","town":"仁井田小中島"}],"1427":[{"pref":"秋田県","city":"秋田市","town":"仁井田新田"}],"1428":[{"pref":"秋田県","city":"秋田市","town":"大平台"}],"1429":[{"pref":"秋田県","city":"秋田市","town":"山手台"}],"1431":[{"pref":"秋田県","city":"秋田市","town":"仁井田二ツ屋"}],"1432":[{"pref":"秋田県","city":"秋田市","town":"仁井田福島"}],"1433":[{"pref":"秋田県","city":"秋田市","town":"仁井田栄町"}],"1434":[{"pref":"秋田県","city":"秋田市","town":"仁井田蕗見町"}],"1435":[{"pref":"秋田県","city":"秋田市","town":"仁井田潟中町"}],"1436":[{"pref":"秋田県","city":"秋田市","town":"大住"}],"1437":[{"pref":"秋田県","city":"秋田市","town":"仁井田緑町"}],"1501":[{"pref":"秋田県","city":"秋田市","town":"下浜桂根"}],"1502":[{"pref":"秋田県","city":"秋田市","town":"下浜長浜"}],"1503":[{"pref":"秋田県","city":"秋田市","town":"下浜羽川"}],"1504":[{"pref":"秋田県","city":"秋田市","town":"下浜名ケ沢"}],"1505":[{"pref":"秋田県","city":"秋田市","town":"下浜八田"}],"1506":[{"pref":"秋田県","city":"秋田市","town":"下浜楢田"}],"1601":[{"pref":"秋田県","city":"秋田市","town":"向浜"}],"1602":[{"pref":"秋田県","city":"秋田市","town":"新屋下川原町"}],"1603":[{"pref":"秋田県","city":"秋田市","town":"新屋勝平台"}],"1604":[{"pref":"秋田県","city":"秋田市","town":"新屋松美町"}],"1605":[{"pref":"秋田県","city":"秋田市","town":"新屋勝平町"}],"1606":[{"pref":"秋田県","city":"秋田市","town":"新屋寿町"}],"1607":[{"pref":"秋田県","city":"秋田市","town":"新屋南浜町"}],"1608":[{"pref":"秋田県","city":"秋田市","town":"新屋北浜町"}],"1611":[{"pref":"秋田県","city":"秋田市","town":"新屋天秤野"}],"1612":[{"pref":"秋田県","city":"秋田市","town":"新屋豊町"}],"1613":[{"pref":"秋田県","city":"秋田市","town":"新屋朝日町"}],"1614":[{"pref":"秋田県","city":"秋田市","town":"新屋割山町"}],"1615":[{"pref":"秋田県","city":"秋田市","town":"新屋船場町"}],"1616":[{"pref":"秋田県","city":"秋田市","town":"新屋松美ガ丘南町"}],"1617":[{"pref":"秋田県","city":"秋田市","town":"新屋松美ガ丘東町"}],"1618":[{"pref":"秋田県","city":"秋田市","town":"新屋松美ガ丘北町"}],"1621":[{"pref":"秋田県","city":"秋田市","town":"新屋栗田町"}],"1622":[{"pref":"秋田県","city":"秋田市","town":"新屋日吉町"}],"1623":[{"pref":"秋田県","city":"秋田市","town":"新屋町"}],"1631":[{"pref":"秋田県","city":"秋田市","town":"新屋元町"}],"1632":[{"pref":"秋田県","city":"秋田市","town":"新屋大川町"}],"1633":[{"pref":"秋田県","city":"秋田市","town":"新屋鳥木町"}],"1634":[{"pref":"秋田県","city":"秋田市","town":"新屋沖田町"}],"1635":[{"pref":"秋田県","city":"秋田市","town":"新屋前野町"}],"1636":[{"pref":"秋田県","city":"秋田市","town":"新屋比内町"}],"1637":[{"pref":"秋田県","city":"秋田市","town":"新屋扇町"}],"1638":[{"pref":"秋田県","city":"秋田市","town":"新屋表町"}],"1641":[{"pref":"秋田県","city":"秋田市","town":"新屋高美町"}],"1642":[{"pref":"秋田県","city":"秋田市","town":"新屋渋谷町"}],"1643":[{"pref":"秋田県","city":"秋田市","town":"新屋田尻沢東町"}],"1644":[{"pref":"秋田県","city":"秋田市","town":"新屋田尻沢中町"}],"1645":[{"pref":"秋田県","city":"秋田市","town":"新屋田尻沢西町"}],"1651":[{"pref":"秋田県","city":"秋田市","town":"豊岩石田坂"}],"1652":[{"pref":"秋田県","city":"秋田市","town":"豊岩豊巻"}],"1653":[{"pref":"秋田県","city":"秋田市","town":"豊岩小山"}],"1654":[{"pref":"秋田県","city":"秋田市","town":"浜田"}],"0000":[{"pref":"秋田県","city":"秋田市","town":"以下に掲載がない場合"}],"0831":[{"pref":"秋田県","city":"秋田市","town":"旭川清澄町"}],"0833":[{"pref":"秋田県","city":"秋田市","town":"旭川新藤田東町"}],"0832":[{"pref":"秋田県","city":"秋田市","town":"旭川新藤田西町"}],"0834":[{"pref":"秋田県","city":"秋田市","town":"旭川南町"}],"0816":[{"pref":"秋田県","city":"秋田市","town":"泉"}],"0813":[{"pref":"秋田県","city":"秋田市","town":"泉一ノ坪"}],"0811":[{"pref":"秋田県","city":"秋田市","town":"泉釜ノ町"}],"0916":[{"pref":"秋田県","city":"秋田市","town":"泉北"}],"0817":[{"pref":"秋田県","city":"秋田市","town":"泉菅野（丁目）"}],"0917":[{"pref":"秋田県","city":"秋田市","town":"泉中央"}],"0815":[{"pref":"秋田県","city":"秋田市","town":"泉馬場"}],"0814":[{"pref":"秋田県","city":"秋田市","town":"泉東町"}],"0812":[{"pref":"秋田県","city":"秋田市","town":"泉三嶽根"}],"0918":[{"pref":"秋田県","city":"秋田市","town":"泉南"}],"0064":[{"pref":"秋田県","city":"秋田市","town":"牛島"}],"0062":[{"pref":"秋田県","city":"秋田市","town":"牛島東"}],"0063":[{"pref":"秋田県","city":"秋田市","town":"牛島西"}],"0066":[{"pref":"秋田県","city":"秋田市","town":"牛島南"}],"0921":[{"pref":"秋田県","city":"秋田市","town":"大町"}],"0061":[{"pref":"秋田県","city":"秋田市","town":"卸町"}],"0111":[{"pref":"秋田県","city":"秋田市","town":"金足岩瀬"}],"0113":[{"pref":"秋田県","city":"秋田市","town":"金足浦山"}],"0126":[{"pref":"秋田県","city":"秋田市","town":"金足追分"}],"0115":[{"pref":"秋田県","city":"秋田市","town":"金足大清水"}],"0123":[{"pref":"秋田県","city":"秋田市","town":"金足片田"}],"0121":[{"pref":"秋田県","city":"秋田市","town":"金足黒川"}],"0116":[{"pref":"秋田県","city":"秋田市","town":"金足小泉"}],"0114":[{"pref":"秋田県","city":"秋田市","town":"金足下刈"}],"0125":[{"pref":"秋田県","city":"秋田市","town":"金足高岡"}],"0124":[{"pref":"秋田県","city":"秋田市","town":"金足鳰崎"}],"0112":[{"pref":"秋田県","city":"秋田市","town":"金足堀内"}],"0122":[{"pref":"秋田県","city":"秋田市","town":"金足吉田"}],"0137":[{"pref":"秋田県","city":"秋田市","town":"上新城石名坂"}],"0132":[{"pref":"秋田県","city":"秋田市","town":"上新城小又"}],"0135":[{"pref":"秋田県","city":"秋田市","town":"上新城五十丁"}],"0131":[{"pref":"秋田県","city":"秋田市","town":"上新城白山"}],"0136":[{"pref":"秋田県","city":"秋田市","town":"上新城中"}],"0138":[{"pref":"秋田県","city":"秋田市","town":"上新城保多野"}],"0134":[{"pref":"秋田県","city":"秋田市","town":"上新城道川"}],"0133":[{"pref":"秋田県","city":"秋田市","town":"上新城湯ノ里"}],"0947":[{"pref":"秋田県","city":"秋田市","town":"川尻上野町"}],"0942":[{"pref":"秋田県","city":"秋田市","town":"川尻大川町"}],"0943":[{"pref":"秋田県","city":"秋田市","town":"川尻御休町"}],"0948":[{"pref":"秋田県","city":"秋田市","town":"川尻新川町"}],"0946":[{"pref":"秋田県","city":"秋田市","town":"川尻総社町"}],"0945":[{"pref":"秋田県","city":"秋田市","town":"川尻みよし町"}],"0944":[{"pref":"秋田県","city":"秋田市","town":"川尻若葉町"}],"0941":[{"pref":"秋田県","city":"秋田市","town":"川尻町"}],"0935":[{"pref":"秋田県","city":"秋田市","town":"川元小川町"}],"0932":[{"pref":"秋田県","city":"秋田市","town":"川元開和町"}],"0933":[{"pref":"秋田県","city":"秋田市","town":"川元松丘町"}],"0934":[{"pref":"秋田県","city":"秋田市","town":"川元むつみ町"}],"0931":[{"pref":"秋田県","city":"秋田市","town":"川元山下町"}],"0925":[{"pref":"秋田県","city":"秋田市","town":"旭南"}],"0922":[{"pref":"秋田県","city":"秋田市","town":"旭北栄町"}],"0924":[{"pref":"秋田県","city":"秋田市","town":"旭北寺町"}],"0923":[{"pref":"秋田県","city":"秋田市","town":"旭北錦町"}],"0966":[{"pref":"秋田県","city":"秋田市","town":"高陽青柳町"}],"0967":[{"pref":"秋田県","city":"秋田市","town":"高陽幸町"}],"0042":[{"pref":"秋田県","city":"秋田市","town":"桜"}],"0043":[{"pref":"秋田県","city":"秋田市","town":"桜ガ丘"}],"0059":[{"pref":"秋田県","city":"秋田市","town":"桜台"}],"0823":[{"pref":"秋田県","city":"秋田市","town":"山内"}],"0951":[{"pref":"秋田県","city":"秋田市","town":"山王"}],"0952":[{"pref":"秋田県","city":"秋田市","town":"山王新町"}],"0955":[{"pref":"秋田県","city":"秋田市","town":"山王中島町"}],"0953":[{"pref":"秋田県","city":"秋田市","town":"山王中園町"}],"0954":[{"pref":"秋田県","city":"秋田市","town":"山王沼田町"}],"0956":[{"pref":"秋田県","city":"秋田市","town":"山王臨海町"}],"0056":[{"pref":"秋田県","city":"秋田市","town":"下北手黒川"}],"0058":[{"pref":"秋田県","city":"秋田市","town":"下北手桜"}],"0053":[{"pref":"秋田県","city":"秋田市","town":"下北手寒川"}],"0054":[{"pref":"秋田県","city":"秋田市","town":"下北手宝川"}],"0055":[{"pref":"秋田県","city":"秋田市","town":"下北手通沢"}],"0057":[{"pref":"秋田県","city":"秋田市","town":"下北手梨平"}],"0051":[{"pref":"秋田県","city":"秋田市","town":"下北手松崎"}],"0052":[{"pref":"秋田県","city":"秋田市","town":"下北手柳館"}],"0142":[{"pref":"秋田県","city":"秋田市","town":"下新城青崎"}],"0144":[{"pref":"秋田県","city":"秋田市","town":"下新城岩城"}],"0143":[{"pref":"秋田県","city":"秋田市","town":"下新城小友"}],"0145":[{"pref":"秋田県","city":"秋田市","town":"下新城笠岡"}],"0146":[{"pref":"秋田県","city":"秋田市","town":"下新城中野"}],"0141":[{"pref":"秋田県","city":"秋田市","town":"下新城長岡"}],"0826":[{"pref":"秋田県","city":"秋田市","town":"新藤田"}],"0872":[{"pref":"秋田県","city":"秋田市","town":"千秋北の丸"}],"0874":[{"pref":"秋田県","city":"秋田市","town":"千秋久保田町"}],"0876":[{"pref":"秋田県","city":"秋田市","town":"千秋公園"}],"0873":[{"pref":"秋田県","city":"秋田市","town":"千秋城下町"}],"0871":[{"pref":"秋田県","city":"秋田市","town":"千秋中島町"}],"0875":[{"pref":"秋田県","city":"秋田市","town":"千秋明徳町"}],"0877":[{"pref":"秋田県","city":"秋田市","town":"千秋矢留町"}],"0822":[{"pref":"秋田県","city":"秋田市","town":"添川"}],"0802":[{"pref":"秋田県","city":"秋田市","town":"外旭川"}],"0804":[{"pref":"秋田県","city":"秋田市","town":"外旭川八幡田（丁目）"}],"0803":[{"pref":"秋田県","city":"秋田市","town":"外旭川八柳"}],"0851":[{"pref":"秋田県","city":"秋田市","town":"手形"}],"0861":[{"pref":"秋田県","city":"秋田市","town":"手形からみでん"}],"0852":[{"pref":"秋田県","city":"秋田市","town":"手形学園町"}],"0863":[{"pref":"秋田県","city":"秋田市","town":"手形休下町"}],"0865":[{"pref":"秋田県","city":"秋田市","town":"手形新栄町"}],"0864":[{"pref":"秋田県","city":"秋田市","town":"手形住吉町"}],"0862":[{"pref":"秋田県","city":"秋田市","town":"手形田中"}],"0854":[{"pref":"秋田県","city":"秋田市","town":"手形山崎町"}],"0844":[{"pref":"秋田県","city":"秋田市","town":"手形山中町"}],"0843":[{"pref":"秋田県","city":"秋田市","town":"手形山東町"}],"0841":[{"pref":"秋田県","city":"秋田市","town":"手形山西町"}],"0845":[{"pref":"秋田県","city":"秋田市","town":"手形山南町"}],"0842":[{"pref":"秋田県","city":"秋田市","town":"手形山北町"}],"0001":[{"pref":"秋田県","city":"秋田市","town":"中通"}],"0034":[{"pref":"秋田県","city":"秋田市","town":"楢山"}],"0037":[{"pref":"秋田県","city":"秋田市","town":"楢山愛宕下"}],"0033":[{"pref":"秋田県","city":"秋田市","town":"楢山石塚町"}],"0032":[{"pref":"秋田県","city":"秋田市","town":"楢山太田町"}],"0031":[{"pref":"秋田県","city":"秋田市","town":"楢山大元町"}],"0029":[{"pref":"秋田県","city":"秋田市","town":"楢山川口境"}],"0028":[{"pref":"秋田県","city":"秋田市","town":"楢山共和町"}],"0036":[{"pref":"秋田県","city":"秋田市","town":"楢山金照町"}],"0025":[{"pref":"秋田県","city":"秋田市","town":"楢山佐竹町"}],"0038":[{"pref":"秋田県","city":"秋田市","town":"楢山城南新町"}],"0035":[{"pref":"秋田県","city":"秋田市","town":"楢山城南町"}],"0021":[{"pref":"秋田県","city":"秋田市","town":"楢山登町"}],"0026":[{"pref":"秋田県","city":"秋田市","town":"楢山古川新町"}],"0023":[{"pref":"秋田県","city":"秋田市","town":"楢山本町"}],"0024":[{"pref":"秋田県","city":"秋田市","town":"楢山南新町上丁"}],"0027":[{"pref":"秋田県","city":"秋田市","town":"楢山南新町下丁"}],"0022":[{"pref":"秋田県","city":"秋田市","town":"楢山南中町"}],"0821":[{"pref":"秋田県","city":"秋田市","town":"濁川"}],"0824":[{"pref":"秋田県","city":"秋田市","town":"仁別"}],"0065":[{"pref":"秋田県","city":"秋田市","town":"茨島"}],"0003":[{"pref":"秋田県","city":"秋田市","town":"東通"}],"0004":[{"pref":"秋田県","city":"秋田市","town":"東通観音前"}],"0006":[{"pref":"秋田県","city":"秋田市","town":"東通館ノ越"}],"0002":[{"pref":"秋田県","city":"秋田市","town":"東通仲町"}],"0005":[{"pref":"秋田県","city":"秋田市","town":"東通明田"}],"0041":[{"pref":"秋田県","city":"秋田市","town":"広面"}],"0853":[{"pref":"秋田県","city":"秋田市","town":"蛇野"}],"0915":[{"pref":"秋田県","city":"秋田市","town":"保戸野"}],"0902":[{"pref":"秋田県","city":"秋田市","town":"保戸野金砂町"}],"0901":[{"pref":"秋田県","city":"秋田市","town":"保戸野桜町"}],"0911":[{"pref":"秋田県","city":"秋田市","town":"保戸野すわ町"}],"0914":[{"pref":"秋田県","city":"秋田市","town":"保戸野千代田町"}],"0913":[{"pref":"秋田県","city":"秋田市","town":"保戸野鉄砲町"}],"0912":[{"pref":"秋田県","city":"秋田市","town":"保戸野通町"}],"0905":[{"pref":"秋田県","city":"秋田市","town":"保戸野中町"}],"0903":[{"pref":"秋田県","city":"秋田市","town":"保戸野八丁"}],"0904":[{"pref":"秋田県","city":"秋田市","town":"保戸野原の町"}],"0011":[{"pref":"秋田県","city":"秋田市","town":"南通亀の町"}],"0013":[{"pref":"秋田県","city":"秋田市","town":"南通築地"}],"0012":[{"pref":"秋田県","city":"秋田市","town":"南通みその町"}],"0014":[{"pref":"秋田県","city":"秋田市","town":"南通宮田"}],"0825":[{"pref":"秋田県","city":"秋田市","town":"柳田"}],"0975":[{"pref":"秋田県","city":"秋田市","town":"八橋"}],"0961":[{"pref":"秋田県","city":"秋田市","town":"八橋イサノ"}],"0974":[{"pref":"秋田県","city":"秋田市","town":"八橋運動公園"}],"0963":[{"pref":"秋田県","city":"秋田市","town":"八橋大沼町"}],"0962":[{"pref":"秋田県","city":"秋田市","town":"八橋大畑"}],"0965":[{"pref":"秋田県","city":"秋田市","town":"八橋新川向"}],"0977":[{"pref":"秋田県","city":"秋田市","town":"八橋大道東"}],"0972":[{"pref":"秋田県","city":"秋田市","town":"八橋田五郎"}],"0964":[{"pref":"秋田県","city":"秋田市","town":"八橋鯲沼町"}],"0973":[{"pref":"秋田県","city":"秋田市","town":"八橋本町"}],"0976":[{"pref":"秋田県","city":"秋田市","town":"八橋南"}],"0971":[{"pref":"秋田県","city":"秋田市","town":"八橋三和町"}],"0044":[{"pref":"秋田県","city":"秋田市","town":"横森"}],"0500":[{"pref":"秋田県","city":"男鹿市","town":"以下に掲載がない場合"}],"0353":[{"pref":"秋田県","city":"男鹿市","town":"五里合神谷"}],"0352":[{"pref":"秋田県","city":"男鹿市","town":"五里合琴川"}],"0355":[{"pref":"秋田県","city":"男鹿市","town":"五里合鮪川"}],"0354":[{"pref":"秋田県","city":"男鹿市","town":"五里合中石"}],"0351":[{"pref":"秋田県","city":"男鹿市","town":"五里合箱井"}],"0421":[{"pref":"秋田県","city":"男鹿市","town":"鵜木"}],"0664":[{"pref":"秋田県","city":"男鹿市","town":"男鹿中国有地内"}],"0663":[{"pref":"秋田県","city":"男鹿市","town":"男鹿中滝川"}],"0662":[{"pref":"秋田県","city":"男鹿市","town":"男鹿中中間口"}],"0661":[{"pref":"秋田県","city":"男鹿市","town":"男鹿中浜間口"}],"0665":[{"pref":"秋田県","city":"男鹿市","town":"男鹿中山町"}],"0422":[{"pref":"秋田県","city":"男鹿市","town":"角間崎"}],"0681":[{"pref":"秋田県","city":"男鹿市","town":"北浦相川"}],"0684":[{"pref":"秋田県","city":"男鹿市","town":"北浦安全寺"}],"0682":[{"pref":"秋田県","city":"男鹿市","town":"北浦表町"}],"0683":[{"pref":"秋田県","city":"男鹿市","town":"北浦北浦"}],"0685":[{"pref":"秋田県","city":"男鹿市","town":"北浦真山"}],"0676":[{"pref":"秋田県","city":"男鹿市","town":"北浦西黒沢"}],"0686":[{"pref":"秋田県","city":"男鹿市","town":"北浦西水口"}],"0675":[{"pref":"秋田県","city":"男鹿市","town":"北浦入道崎"}],"0688":[{"pref":"秋田県","city":"男鹿市","town":"北浦野村"}],"0687":[{"pref":"秋田県","city":"男鹿市","town":"北浦湯本"}],"0671":[{"pref":"秋田県","city":"男鹿市","town":"戸賀加茂青砂"}],"0673":[{"pref":"秋田県","city":"男鹿市","town":"戸賀塩浜"}],"0674":[{"pref":"秋田県","city":"男鹿市","town":"戸賀戸賀"}],"0672":[{"pref":"秋田県","city":"男鹿市","town":"戸賀浜塩谷"}],"0401":[{"pref":"秋田県","city":"男鹿市","town":"野石"}],"0423":[{"pref":"秋田県","city":"男鹿市","town":"福川"}],"0411":[{"pref":"秋田県","city":"男鹿市","town":"福米沢"}],"0431":[{"pref":"秋田県","city":"男鹿市","town":"払戸"}],"0523":[{"pref":"秋田県","city":"男鹿市","town":"船川港女川"}],"0503":[{"pref":"秋田県","city":"男鹿市","town":"船川港金川"}],"0534":[{"pref":"秋田県","city":"男鹿市","town":"船川港小浜"}],"0533":[{"pref":"秋田県","city":"男鹿市","town":"船川港双六"}],"0531":[{"pref":"秋田県","city":"男鹿市","town":"船川港台島"}],"0532":[{"pref":"秋田県","city":"男鹿市","town":"船川港椿"}],"0501":[{"pref":"秋田県","city":"男鹿市","town":"船川港仁井山"}],"0502":[{"pref":"秋田県","city":"男鹿市","town":"船川港比詰"}],"0511":[{"pref":"秋田県","city":"男鹿市","town":"船川港船川"}],"0535":[{"pref":"秋田県","city":"男鹿市","town":"船川港本山門前"}],"0522":[{"pref":"秋田県","city":"男鹿市","town":"船川港増川"}],"0521":[{"pref":"秋田県","city":"男鹿市","town":"船川港南平沢"}],"0341":[{"pref":"秋田県","city":"男鹿市","town":"船越"}],"0412":[{"pref":"秋田県","city":"男鹿市","town":"本内"}],"0413":[{"pref":"秋田県","city":"男鹿市","town":"松木沢"}],"0345":[{"pref":"秋田県","city":"男鹿市","town":"脇本浦田"}],"0343":[{"pref":"秋田県","city":"男鹿市","town":"脇本田谷沢"}],"0346":[{"pref":"秋田県","city":"男鹿市","town":"脇本樽沢"}],"0344":[{"pref":"秋田県","city":"男鹿市","town":"脇本富永"}],"0347":[{"pref":"秋田県","city":"男鹿市","town":"脇本百川"}],"0342":[{"pref":"秋田県","city":"男鹿市","town":"脇本脇本"}],"0202":[{"pref":"秋田県","city":"潟上市","town":"天王大崎"}],"0101":[{"pref":"秋田県","city":"潟上市","town":"天王（追分、追分西、上北野、長沼）"}],"0201":[{"pref":"秋田県","city":"潟上市","town":"天王（その他）"}],"0400":[{"pref":"秋田県","city":"南秋田郡大潟村","town":"以下に掲載がない場合"}],"0451":[{"pref":"秋田県","city":"南秋田郡大潟村","town":"大潟"}],"0452":[{"pref":"秋田県","city":"南秋田郡大潟村","town":"方上"}],"0453":[{"pref":"秋田県","city":"南秋田郡大潟村","town":"方口"}],"0441":[{"pref":"秋田県","city":"南秋田郡大潟村","town":"北"}],"0443":[{"pref":"秋田県","city":"南秋田郡大潟村","town":"中央"}],"0454":[{"pref":"秋田県","city":"南秋田郡大潟村","town":"中野"}],"0445":[{"pref":"秋田県","city":"南秋田郡大潟村","town":"西"}],"0455":[{"pref":"秋田県","city":"南秋田郡大潟村","town":"西野"}],"0442":[{"pref":"秋田県","city":"南秋田郡大潟村","town":"東"}],"0456":[{"pref":"秋田県","city":"南秋田郡大潟村","town":"東野"}],"0444":[{"pref":"秋田県","city":"南秋田郡大潟村","town":"南"}]}