{"0000":[{"pref":"神奈川県","city":"大和市","town":"以下に掲載がない場合"}],"0029":[{"pref":"神奈川県","city":"大和市","town":"上草柳"}],"0014":[{"pref":"神奈川県","city":"大和市","town":"上和田"}],"0028":[{"pref":"神奈川県","city":"大和市","town":"桜森"}],"0023":[{"pref":"神奈川県","city":"大和市","town":"渋谷"}],"0027":[{"pref":"神奈川県","city":"大和市","town":"下草柳"}],"0001":[{"pref":"神奈川県","city":"大和市","town":"下鶴間"}],"0015":[{"pref":"神奈川県","city":"大和市","town":"下和田"}],"0026":[{"pref":"神奈川県","city":"大和市","town":"草柳"}],"0025":[{"pref":"神奈川県","city":"大和市","town":"代官"}],"0021":[{"pref":"神奈川県","city":"大和市","town":"中央"}],"0007":[{"pref":"神奈川県","city":"大和市","town":"中央林間"}],"0008":[{"pref":"神奈川県","city":"大和市","town":"中央林間西"}],"0002":[{"pref":"神奈川県","city":"大和市","town":"つきみ野"}],"0004":[{"pref":"神奈川県","city":"大和市","town":"鶴間"}],"0005":[{"pref":"神奈川県","city":"大和市","town":"西鶴間"}],"0011":[{"pref":"神奈川県","city":"大和市","town":"深見"}],"0013":[{"pref":"神奈川県","city":"大和市","town":"深見台"}],"0012":[{"pref":"神奈川県","city":"大和市","town":"深見東"}],"0018":[{"pref":"神奈川県","city":"大和市","town":"深見西"}],"0024":[{"pref":"神奈川県","city":"大和市","town":"福田"}],"0006":[{"pref":"神奈川県","city":"大和市","town":"南林間"}],"0022":[{"pref":"神奈川県","city":"大和市","town":"柳橋"}],"0017":[{"pref":"神奈川県","city":"大和市","town":"大和東"}],"0016":[{"pref":"神奈川県","city":"大和市","town":"大和南"}],"0003":[{"pref":"神奈川県","city":"大和市","town":"林間"}]}