{"1181":[{"pref":"北海道","city":"帯広市","town":"愛国町"}],"1182":[{"pref":"北海道","city":"帯広市","town":"川西町"}],"1183":[{"pref":"北海道","city":"帯広市","town":"豊西町"}],"1184":[{"pref":"北海道","city":"帯広市","town":"別府町"}],"1241":[{"pref":"北海道","city":"帯広市","town":"大正本町"}],"1242":[{"pref":"北海道","city":"帯広市","town":"大正町"}],"1243":[{"pref":"北海道","city":"帯広市","town":"桜木町"}],"1244":[{"pref":"北海道","city":"帯広市","town":"以平町"}],"1245":[{"pref":"北海道","city":"帯広市","town":"泉町"}],"1246":[{"pref":"北海道","city":"帯広市","town":"幸福町"}],"1247":[{"pref":"北海道","city":"帯広市","town":"昭和町"}],"1251":[{"pref":"北海道","city":"帯広市","town":"富士町（その他）"}],"1252":[{"pref":"北海道","city":"帯広市","town":"中島町"}],"1300":[{"pref":"北海道","city":"河西郡中札内村","town":"以下に掲載がない場合"}],"1310":[{"pref":"北海道","city":"河西郡中札内村","town":"大通北"}],"1311":[{"pref":"北海道","city":"河西郡中札内村","town":"西一条北"}],"1312":[{"pref":"北海道","city":"河西郡中札内村","town":"西二条北"}],"1313":[{"pref":"北海道","city":"河西郡中札内村","town":"中札内西"}],"1321":[{"pref":"北海道","city":"河西郡中札内村","town":"東一条北"}],"1322":[{"pref":"北海道","city":"河西郡中札内村","town":"東二条北"}],"1323":[{"pref":"北海道","city":"河西郡中札内村","town":"東三条北"}],"1324":[{"pref":"北海道","city":"河西郡中札内村","town":"東四条北"}],"1325":[{"pref":"北海道","city":"河西郡中札内村","town":"中札内基線"}],"1330":[{"pref":"北海道","city":"河西郡中札内村","town":"大通南"}],"1331":[{"pref":"北海道","city":"河西郡中札内村","town":"西一条南"}],"1332":[{"pref":"北海道","city":"河西郡中札内村","town":"西二条南"}],"1341":[{"pref":"北海道","city":"河西郡中札内村","town":"東一条南"}],"1342":[{"pref":"北海道","city":"河西郡中札内村","town":"東二条南"}],"1343":[{"pref":"北海道","city":"河西郡中札内村","town":"東三条南"}],"1344":[{"pref":"北海道","city":"河西郡中札内村","town":"東四条南"}],"1345":[{"pref":"北海道","city":"河西郡中札内村","town":"東五条南"}],"1351":[{"pref":"北海道","city":"河西郡中札内村","town":"東戸蔦"}],"1352":[{"pref":"北海道","city":"河西郡中札内村","town":"中戸蔦"}],"1353":[{"pref":"北海道","city":"河西郡中札内村","town":"西戸蔦"}],"1354":[{"pref":"北海道","city":"河西郡中札内村","town":"新札内"}],"1355":[{"pref":"北海道","city":"河西郡中札内村","town":"新札内南"}],"1356":[{"pref":"北海道","city":"河西郡中札内村","town":"西札内"}],"1361":[{"pref":"北海道","city":"河西郡中札内村","town":"元大正"}],"1362":[{"pref":"北海道","city":"河西郡中札内村","town":"新生"}],"1363":[{"pref":"北海道","city":"河西郡中札内村","town":"興和"}],"1364":[{"pref":"北海道","city":"河西郡中札内村","town":"共栄"}],"1365":[{"pref":"北海道","city":"河西郡中札内村","town":"協和"}],"1366":[{"pref":"北海道","city":"河西郡中札内村","town":"栄"}],"1367":[{"pref":"北海道","city":"河西郡中札内村","town":"常盤基線"}],"1368":[{"pref":"北海道","city":"河西郡中札内村","town":"南常盤"}],"1371":[{"pref":"北海道","city":"河西郡中札内村","town":"上札内"}],"1372":[{"pref":"北海道","city":"河西郡中札内村","town":"元札内"}],"1373":[{"pref":"北海道","city":"河西郡中札内村","town":"元更別"}],"1374":[{"pref":"北海道","city":"河西郡中札内村","town":"南札内"}],"1500":[{"pref":"北海道","city":"河西郡更別村","town":"以下に掲載がない場合"}],"1501":[{"pref":"北海道","city":"河西郡更別村","town":"新栄町"}],"1502":[{"pref":"北海道","city":"河西郡更別村","town":"花園町"}],"1511":[{"pref":"北海道","city":"河西郡更別村","town":"柏町"}],"1512":[{"pref":"北海道","city":"河西郡更別村","town":"中央町"}],"1513":[{"pref":"北海道","city":"河西郡更別村","town":"本町"}],"1521":[{"pref":"北海道","city":"河西郡更別村","town":"錦町"}],"1522":[{"pref":"北海道","city":"河西郡更別村","town":"若葉町"}],"1531":[{"pref":"北海道","city":"河西郡更別村","town":"曙町"}],"1532":[{"pref":"北海道","city":"河西郡更別村","town":"緑町"}],"1541":[{"pref":"北海道","city":"河西郡更別村","town":"更南"}],"1542":[{"pref":"北海道","city":"河西郡更別村","town":"更別（区）"}],"1543":[{"pref":"北海道","city":"河西郡更別村","town":"昭和区"}],"1551":[{"pref":"北海道","city":"河西郡更別村","town":"旭区"}],"1552":[{"pref":"北海道","city":"河西郡更別村","town":"勢雄"}],"1553":[{"pref":"北海道","city":"河西郡更別村","town":"平和区"}],"1561":[{"pref":"北海道","city":"河西郡更別村","town":"北更別区"}],"1562":[{"pref":"北海道","city":"河西郡更別村","town":"更別（東区）"}],"1563":[{"pref":"北海道","city":"河西郡更別村","town":"南更別区"}],"1571":[{"pref":"北海道","city":"河西郡更別村","town":"香川区"}],"1572":[{"pref":"北海道","city":"河西郡更別村","town":"更生区"}],"1573":[{"pref":"北海道","city":"河西郡更別村","town":"弘和"},{"pref":"北海道","city":"河西郡更別村","town":"東栄"}],"1581":[{"pref":"北海道","city":"河西郡更別村","town":"上更別（南区）"}],"1582":[{"pref":"北海道","city":"河西郡更別村","town":"協和区"}],"1583":[{"pref":"北海道","city":"河西郡更別村","town":"上更別（１区）"}],"1701":[{"pref":"北海道","city":"中川郡幕別町","town":"忠類白銀町"}],"1703":[{"pref":"北海道","city":"中川郡幕別町","town":"忠類栄町"}],"1705":[{"pref":"北海道","city":"中川郡幕別町","town":"忠類本町"}],"1707":[{"pref":"北海道","city":"中川郡幕別町","town":"忠類錦町"}],"1709":[{"pref":"北海道","city":"中川郡幕別町","town":"忠類幸町"}],"1711":[{"pref":"北海道","city":"中川郡幕別町","town":"忠類東宝"}],"1714":[{"pref":"北海道","city":"中川郡幕別町","town":"忠類新生"}],"1715":[{"pref":"北海道","city":"中川郡幕別町","town":"忠類幌内"}],"1716":[{"pref":"北海道","city":"中川郡幕別町","town":"忠類元忠類"}],"1717":[{"pref":"北海道","city":"中川郡幕別町","town":"忠類朝日"}],"1721":[{"pref":"北海道","city":"中川郡幕別町","town":"忠類西当"}],"1724":[{"pref":"北海道","city":"中川郡幕別町","town":"忠類明和"}],"1725":[{"pref":"北海道","city":"中川郡幕別町","town":"忠類中当"}],"1726":[{"pref":"北海道","city":"中川郡幕別町","town":"忠類古里"}],"1727":[{"pref":"北海道","city":"中川郡幕別町","town":"忠類共栄"}],"1728":[{"pref":"北海道","city":"中川郡幕別町","town":"忠類協徳"}],"1729":[{"pref":"北海道","city":"中川郡幕別町","town":"忠類日和"}],"1731":[{"pref":"北海道","city":"中川郡幕別町","town":"忠類公親"}],"1871":[{"pref":"北海道","city":"中川郡幕別町","town":"忠類晩成"}],"1881":[{"pref":"北海道","city":"広尾郡大樹町","town":"生花"}],"1882":[{"pref":"北海道","city":"広尾郡大樹町","town":"晩成"}],"2100":[{"pref":"北海道","city":"広尾郡大樹町","town":"以下に掲載がない場合"}],"2101":[{"pref":"北海道","city":"広尾郡大樹町","town":"東和"}],"2102":[{"pref":"北海道","city":"広尾郡大樹町","town":"大和"}],"2103":[{"pref":"北海道","city":"広尾郡大樹町","town":"上大樹"}],"2104":[{"pref":"北海道","city":"広尾郡大樹町","town":"中大樹"}],"2105":[{"pref":"北海道","city":"広尾郡大樹町","town":"大樹"}],"2106":[{"pref":"北海道","city":"広尾郡大樹町","town":"下大樹"}],"2107":[{"pref":"北海道","city":"広尾郡大樹町","town":"松山"}],"2111":[{"pref":"北海道","city":"広尾郡大樹町","town":"上萠和"}],"2112":[{"pref":"北海道","city":"広尾郡大樹町","town":"萠和"}],"2113":[{"pref":"北海道","city":"広尾郡大樹町","town":"芽武"}],"2114":[{"pref":"北海道","city":"広尾郡大樹町","town":"下芽武"}],"2115":[{"pref":"北海道","city":"広尾郡大樹町","town":"美成"}],"2116":[{"pref":"北海道","city":"広尾郡大樹町","town":"浜大樹"}],"2117":[{"pref":"北海道","city":"広尾郡大樹町","town":"更生"}],"2121":[{"pref":"北海道","city":"広尾郡大樹町","town":"旭浜"}],"2122":[{"pref":"北海道","city":"広尾郡大樹町","town":"中島"}],"2123":[{"pref":"北海道","city":"広尾郡大樹町","town":"上中島"}],"2124":[{"pref":"北海道","city":"広尾郡大樹町","town":"日方"}],"2125":[{"pref":"北海道","city":"広尾郡大樹町","town":"石坂"}],"2126":[{"pref":"北海道","city":"広尾郡大樹町","town":"開進"}],"2127":[{"pref":"北海道","city":"広尾郡大樹町","town":"振別"}],"2131":[{"pref":"北海道","city":"広尾郡大樹町","town":"松山町"}],"2132":[{"pref":"北海道","city":"広尾郡大樹町","town":"双葉町"}],"2133":[{"pref":"北海道","city":"広尾郡大樹町","town":"仲通"}],"2134":[{"pref":"北海道","city":"広尾郡大樹町","town":"東本通"}],"2135":[{"pref":"北海道","city":"広尾郡大樹町","town":"南通"}],"2136":[{"pref":"北海道","city":"広尾郡大樹町","town":"新通"}],"2137":[{"pref":"北海道","city":"広尾郡大樹町","town":"北通"}],"2138":[{"pref":"北海道","city":"広尾郡大樹町","town":"柏木町"}],"2140":[{"pref":"北海道","city":"広尾郡大樹町","town":"栄通"}],"2141":[{"pref":"北海道","city":"広尾郡大樹町","town":"一条通"}],"2142":[{"pref":"北海道","city":"広尾郡大樹町","town":"二条通"}],"2143":[{"pref":"北海道","city":"広尾郡大樹町","town":"三条通"}],"2145":[{"pref":"北海道","city":"広尾郡大樹町","town":"暁町"}],"2146":[{"pref":"北海道","city":"広尾郡大樹町","town":"寿通"}],"2147":[{"pref":"北海道","city":"広尾郡大樹町","town":"鏡町"}],"2148":[{"pref":"北海道","city":"広尾郡大樹町","town":"麻友"}],"2151":[{"pref":"北海道","city":"広尾郡大樹町","town":"高校通"}],"2152":[{"pref":"北海道","city":"広尾郡大樹町","town":"西本通"}],"2153":[{"pref":"北海道","city":"広尾郡大樹町","town":"南町"}],"2154":[{"pref":"北海道","city":"広尾郡大樹町","town":"幸町"}],"2155":[{"pref":"北海道","city":"広尾郡大樹町","town":"緑町"}],"2156":[{"pref":"北海道","city":"広尾郡大樹町","town":"緑苑"}],"2261":[{"pref":"北海道","city":"広尾郡大樹町","town":"尾田"},{"pref":"北海道","city":"広尾郡大樹町","town":"拓北"},{"pref":"北海道","city":"広尾郡大樹町","town":"豊里"}],"2262":[{"pref":"北海道","city":"広尾郡大樹町","town":"相川"}],"2263":[{"pref":"北海道","city":"広尾郡大樹町","town":"拓進"}],"2271":[{"pref":"北海道","city":"広尾郡大樹町","town":"光地園"}],"2272":[{"pref":"北海道","city":"広尾郡大樹町","town":"幸徳"},{"pref":"北海道","city":"広尾郡大樹町","town":"住吉"}],"2273":[{"pref":"北海道","city":"広尾郡大樹町","town":"大光"},{"pref":"北海道","city":"広尾郡大樹町","town":"大全"}],"2445":[{"pref":"北海道","city":"広尾郡広尾町","town":"カシュウンナイ"}],"2446":[{"pref":"北海道","city":"広尾郡広尾町","town":"紋別"}],"2447":[{"pref":"北海道","city":"広尾郡広尾町","town":"上豊似"},{"pref":"北海道","city":"広尾郡広尾町","town":"下トヨイ"},{"pref":"北海道","city":"広尾郡広尾町","town":"下豊似"},{"pref":"北海道","city":"広尾郡広尾町","town":"トヨイベツ"}],"2448":[{"pref":"北海道","city":"広尾郡広尾町","town":"上トヨイ"}],"2455":[{"pref":"北海道","city":"広尾郡広尾町","town":"豊似"}],"2561":[{"pref":"北海道","city":"広尾郡広尾町","town":"野塚"}],"2562":[{"pref":"北海道","city":"広尾郡広尾町","town":"野塚西通"}],"2563":[{"pref":"北海道","city":"広尾郡広尾町","town":"野塚東通"}],"2564":[{"pref":"北海道","city":"広尾郡広尾町","town":"野塚本通"}],"2600":[{"pref":"北海道","city":"広尾郡広尾町","town":"以下に掲載がない場合"}],"2601":[{"pref":"北海道","city":"広尾郡広尾町","town":"東一条"}],"2602":[{"pref":"北海道","city":"広尾郡広尾町","town":"東二条"}],"2603":[{"pref":"北海道","city":"広尾郡広尾町","town":"東三条"}],"2604":[{"pref":"北海道","city":"広尾郡広尾町","town":"会所通"}],"2605":[{"pref":"北海道","city":"広尾郡広尾町","town":"会所前"}],"2611":[{"pref":"北海道","city":"広尾郡広尾町","town":"西一条"}],"2612":[{"pref":"北海道","city":"広尾郡広尾町","town":"西二条"}],"2613":[{"pref":"北海道","city":"広尾郡広尾町","town":"西三条"}],"2614":[{"pref":"北海道","city":"広尾郡広尾町","town":"西四条"}],"2615":[{"pref":"北海道","city":"広尾郡広尾町","town":"本通"}],"2616":[{"pref":"北海道","city":"広尾郡広尾町","town":"陣屋"}],"2621":[{"pref":"北海道","city":"広尾郡広尾町","town":"公園通北"}],"2622":[{"pref":"北海道","city":"広尾郡広尾町","town":"公園通南"}],"2623":[{"pref":"北海道","city":"広尾郡広尾町","town":"並木通西"}],"2624":[{"pref":"北海道","city":"広尾郡広尾町","town":"並木通東"}],"2625":[{"pref":"北海道","city":"広尾郡広尾町","town":"錦通北"}],"2626":[{"pref":"北海道","city":"広尾郡広尾町","town":"錦通南"}],"2627":[{"pref":"北海道","city":"広尾郡広尾町","town":"丸山通北"}],"2628":[{"pref":"北海道","city":"広尾郡広尾町","town":"丸山通南"}],"2631":[{"pref":"北海道","city":"広尾郡広尾町","town":"白樺通北"}],"2632":[{"pref":"北海道","city":"広尾郡広尾町","town":"白樺通南"}],"2633":[{"pref":"北海道","city":"広尾郡広尾町","town":"美幌"}],"2634":[{"pref":"北海道","city":"広尾郡広尾町","town":"フンベ"}],"2635":[{"pref":"北海道","city":"広尾郡広尾町","town":"紅葉通北"}],"2636":[{"pref":"北海道","city":"広尾郡広尾町","town":"紅葉通南"}],"2637":[{"pref":"北海道","city":"広尾郡広尾町","town":"茂寄"}],"2638":[{"pref":"北海道","city":"広尾郡広尾町","town":"茂寄南"}],"2771":[{"pref":"北海道","city":"広尾郡広尾町","town":"音調津"}],"2772":[{"pref":"北海道","city":"広尾郡広尾町","town":"音調津区画外"}],"2773":[{"pref":"北海道","city":"広尾郡広尾町","town":"モエケシ"}],"2774":[{"pref":"北海道","city":"広尾郡広尾町","town":"ルベシベツ"}],"2775":[{"pref":"北海道","city":"広尾郡広尾町","town":"タニイソ"}],"2776":[{"pref":"北海道","city":"広尾郡広尾町","town":"ビタタヌンケ"}],"3151":[{"pref":"北海道","city":"中川郡池田町","town":"大森"}],"3152":[{"pref":"北海道","city":"中川郡池田町","town":"高島"}],"3153":[{"pref":"北海道","city":"中川郡池田町","town":"近牛"}],"3154":[{"pref":"北海道","city":"中川郡池田町","town":"信取"}],"3155":[{"pref":"北海道","city":"中川郡池田町","town":"美加登"}],"3156":[{"pref":"北海道","city":"中川郡池田町","town":"常盤"}],"3281":[{"pref":"北海道","city":"中川郡本別町","town":"勇足元町"}],"3282":[{"pref":"北海道","city":"中川郡本別町","town":"勇足"}],"3283":[{"pref":"北海道","city":"中川郡本別町","town":"押帯"}],"3284":[{"pref":"北海道","city":"中川郡本別町","town":"美蘭別"}],"3300":[{"pref":"北海道","city":"中川郡本別町","town":"以下に掲載がない場合"}],"3301":[{"pref":"北海道","city":"中川郡本別町","town":"東本別"}],"3302":[{"pref":"北海道","city":"中川郡本別町","town":"東町"}],"3303":[{"pref":"北海道","city":"中川郡本別町","town":"向陽町"}],"3304":[{"pref":"北海道","city":"中川郡本別町","town":"坂下町"}],"3305":[{"pref":"北海道","city":"中川郡本別町","town":"共栄"}],"3306":[{"pref":"北海道","city":"中川郡本別町","town":"チエトイ"}],"3307":[{"pref":"北海道","city":"中川郡本別町","town":"負箙"}],"3308":[{"pref":"北海道","city":"中川郡本別町","town":"弥生町"}],"3311":[{"pref":"北海道","city":"中川郡本別町","town":"柏木町"}],"3312":[{"pref":"北海道","city":"中川郡本別町","town":"緑町"}],"3313":[{"pref":"北海道","city":"中川郡本別町","town":"柳町"}],"3314":[{"pref":"北海道","city":"中川郡本別町","town":"南"}],"3321":[{"pref":"北海道","city":"中川郡本別町","town":"上本別（フラツナイ）"}],"3322":[{"pref":"北海道","city":"中川郡本別町","town":"栄町"}],"3323":[{"pref":"北海道","city":"中川郡本別町","town":"美里別（東下）"}],"3324":[{"pref":"北海道","city":"中川郡本別町","town":"新町"}],"3325":[{"pref":"北海道","city":"中川郡本別町","town":"西美里別（その他）"}],"3326":[{"pref":"北海道","city":"中川郡本別町","town":"美里別（高東）"}],"3327":[{"pref":"北海道","city":"中川郡本別町","town":"追名牛（その他）"}],"3331":[{"pref":"北海道","city":"中川郡本別町","town":"錦町"}],"3332":[{"pref":"北海道","city":"中川郡本別町","town":"朝日町"}],"3333":[{"pref":"北海道","city":"中川郡本別町","town":"山手町"}],"3334":[{"pref":"北海道","city":"中川郡本別町","town":"北"},{"pref":"北海道","city":"中川郡本別町","town":"清流町"}],"3442":[{"pref":"北海道","city":"中川郡本別町","town":"美里別（拓農、東活込、東上、東中）"}],"3443":[{"pref":"北海道","city":"中川郡本別町","town":"西美里別（１１３～７９１番地、西活込、西上、西中）"}],"3571":[{"pref":"北海道","city":"十勝郡浦幌町","town":"恩根内"}],"3572":[{"pref":"北海道","city":"十勝郡浦幌町","town":"川流布"}],"3573":[{"pref":"北海道","city":"十勝郡浦幌町","town":"富川"}],"3574":[{"pref":"北海道","city":"十勝郡浦幌町","town":"活平"}],"3575":[{"pref":"北海道","city":"十勝郡浦幌町","town":"美園"}],"3576":[{"pref":"北海道","city":"十勝郡浦幌町","town":"相川"}],"3577":[{"pref":"北海道","city":"十勝郡浦幌町","town":"合流"}],"3578":[{"pref":"北海道","city":"十勝郡浦幌町","town":"宝生"}],"3585":[{"pref":"北海道","city":"十勝郡浦幌町","town":"川上"}],"3586":[{"pref":"北海道","city":"十勝郡浦幌町","town":"栄穂"}],"3587":[{"pref":"北海道","city":"十勝郡浦幌町","town":"貴老路"}],"3661":[{"pref":"北海道","city":"中川郡本別町","town":"美栄"}],"3662":[{"pref":"北海道","city":"中川郡本別町","town":"奥仙美里"}],"3663":[{"pref":"北海道","city":"中川郡本別町","town":"仙美里"}],"3664":[{"pref":"北海道","city":"中川郡本別町","town":"仙美里元町"}],"3665":[{"pref":"北海道","city":"中川郡本別町","town":"清里"}],"3666":[{"pref":"北海道","city":"中川郡本別町","town":"上仙美里"}],"3671":[{"pref":"北海道","city":"中川郡本別町","town":"木札内"}],"3672":[{"pref":"北海道","city":"中川郡本別町","town":"追名牛（６７－４～１１３－７番地）"}],"3673":[{"pref":"北海道","city":"中川郡本別町","town":"東仙美里"}],"3674":[{"pref":"北海道","city":"中川郡本別町","town":"下仙美里"}],"3675":[{"pref":"北海道","city":"中川郡本別町","town":"西仙美里"}],"3676":[{"pref":"北海道","city":"中川郡本別町","town":"明美"}],"3677":[{"pref":"北海道","city":"中川郡本別町","town":"美里別（２４６－７番地）"}],"3700":[{"pref":"北海道","city":"足寄郡足寄町","town":"以下に掲載がない場合"}],"3701":[{"pref":"北海道","city":"足寄郡足寄町","town":"北一条"}],"3702":[{"pref":"北海道","city":"足寄郡足寄町","town":"北二条"}],"3703":[{"pref":"北海道","city":"足寄郡足寄町","town":"北三条"}],"3704":[{"pref":"北海道","city":"足寄郡足寄町","town":"北四条"}],"3705":[{"pref":"北海道","city":"足寄郡足寄町","town":"北五条"}],"3706":[{"pref":"北海道","city":"足寄郡足寄町","town":"北六条"}],"3707":[{"pref":"北海道","city":"足寄郡足寄町","town":"下愛冠"}],"3708":[{"pref":"北海道","city":"足寄郡足寄町","town":"愛冠"}],"3711":[{"pref":"北海道","city":"足寄郡足寄町","town":"南一条"}],"3712":[{"pref":"北海道","city":"足寄郡足寄町","town":"南二条"}],"3713":[{"pref":"北海道","city":"足寄郡足寄町","town":"南三条"}],"3714":[{"pref":"北海道","city":"足寄郡足寄町","town":"南四条"}],"3715":[{"pref":"北海道","city":"足寄郡足寄町","town":"南五条"}],"3716":[{"pref":"北海道","city":"足寄郡足寄町","town":"南六条"}],"3717":[{"pref":"北海道","city":"足寄郡足寄町","town":"南七条"}],"3718":[{"pref":"北海道","city":"足寄郡足寄町","town":"栄町"}],"3721":[{"pref":"北海道","city":"足寄郡足寄町","town":"旭町"}],"3722":[{"pref":"北海道","city":"足寄郡足寄町","town":"新町"}],"3723":[{"pref":"北海道","city":"足寄郡足寄町","town":"中足寄"}],"3724":[{"pref":"北海道","city":"足寄郡足寄町","town":"稲牛"}],"3725":[{"pref":"北海道","city":"足寄郡足寄町","town":"平和"}],"3726":[{"pref":"北海道","city":"足寄郡足寄町","town":"共栄町"}],"3727":[{"pref":"北海道","city":"足寄郡足寄町","town":"郊南"}],"3731":[{"pref":"北海道","city":"足寄郡足寄町","town":"中矢（７～２８８番地）"}],"3732":[{"pref":"北海道","city":"足寄郡足寄町","town":"里見が丘"}],"3733":[{"pref":"北海道","city":"足寄郡足寄町","town":"西町"}],"3734":[{"pref":"北海道","city":"足寄郡足寄町","town":"常盤"}],"3735":[{"pref":"北海道","city":"足寄郡足寄町","town":"美盛"}],"3736":[{"pref":"北海道","city":"足寄郡足寄町","town":"鷲府"}],"3737":[{"pref":"北海道","city":"足寄郡足寄町","town":"茂喜登牛（１２～６３４番地）"}],"3871":[{"pref":"北海道","city":"足寄郡足寄町","town":"芽登本町"}],"3872":[{"pref":"北海道","city":"足寄郡足寄町","town":"芽登"}],"3873":[{"pref":"北海道","city":"足寄郡足寄町","town":"中矢（４２６～７８２番地）"}],"3874":[{"pref":"北海道","city":"足寄郡足寄町","town":"喜登牛"}],"3875":[{"pref":"北海道","city":"足寄郡足寄町","town":"茂喜登牛（７５９～２７８６番地）"}],"3961":[{"pref":"北海道","city":"足寄郡足寄町","town":"上足寄"}],"3962":[{"pref":"北海道","city":"足寄郡足寄町","town":"上足寄本町"}],"3963":[{"pref":"北海道","city":"足寄郡足寄町","town":"上螺湾"}],"3964":[{"pref":"北海道","city":"足寄郡足寄町","town":"茂足寄"}],"3965":[{"pref":"北海道","city":"足寄郡足寄町","town":"螺湾"}],"3966":[{"pref":"北海道","city":"足寄郡足寄町","town":"螺湾本町"}],"4141":[{"pref":"北海道","city":"足寄郡足寄町","town":"上利別本町"}],"4142":[{"pref":"北海道","city":"足寄郡足寄町","town":"上利別"}],"4143":[{"pref":"北海道","city":"足寄郡足寄町","town":"白糸"}],"4144":[{"pref":"北海道","city":"足寄郡足寄町","town":"大誉地（１０－１番地）"}],"4251":[{"pref":"北海道","city":"足寄郡足寄町","town":"大誉地（その他）"}],"4252":[{"pref":"北海道","city":"足寄郡足寄町","town":"大誉地本町"}],"4261":[{"pref":"北海道","city":"足寄郡陸別町","town":"登良利"}],"4262":[{"pref":"北海道","city":"足寄郡陸別町","town":"薫別"}],"4300":[{"pref":"北海道","city":"足寄郡陸別町","town":"以下に掲載がない場合"}],"4301":[{"pref":"北海道","city":"足寄郡陸別町","town":"ウエンベツ"}],"4302":[{"pref":"北海道","city":"足寄郡陸別町","town":"若葉"}],"4303":[{"pref":"北海道","city":"足寄郡陸別町","town":"下陸別"}],"4304":[{"pref":"北海道","city":"足寄郡陸別町","town":"共和"}],"4305":[{"pref":"北海道","city":"足寄郡陸別町","town":"中陸別"}],"4306":[{"pref":"北海道","city":"足寄郡陸別町","town":"止若内"}],"4307":[{"pref":"北海道","city":"足寄郡陸別町","town":"作集"}],"4308":[{"pref":"北海道","city":"足寄郡陸別町","town":"上陸別"}],"4311":[{"pref":"北海道","city":"足寄郡陸別町","town":"東一条二区"}],"4312":[{"pref":"北海道","city":"足寄郡陸別町","town":"共栄第二"}],"4313":[{"pref":"北海道","city":"足寄郡陸別町","town":"共栄第一"}],"4314":[{"pref":"北海道","city":"足寄郡陸別町","town":"東一条一区"}],"4315":[{"pref":"北海道","city":"足寄郡陸別町","town":"大通"}],"4316":[{"pref":"北海道","city":"足寄郡陸別町","town":"栄町"}],"4321":[{"pref":"北海道","city":"足寄郡陸別町","town":"恩根内"}],"4322":[{"pref":"北海道","city":"足寄郡陸別町","town":"新町一区"}],"4323":[{"pref":"北海道","city":"足寄郡陸別町","town":"新町二区"}],"4324":[{"pref":"北海道","city":"足寄郡陸別町","town":"旭町"}],"4325":[{"pref":"北海道","city":"足寄郡陸別町","town":"元町"}],"4326":[{"pref":"北海道","city":"足寄郡陸別町","town":"緑町"}],"4331":[{"pref":"北海道","city":"足寄郡陸別町","town":"川向"}],"4332":[{"pref":"北海道","city":"足寄郡陸別町","town":"関"}],"4333":[{"pref":"北海道","city":"足寄郡陸別町","town":"殖産"}],"4334":[{"pref":"北海道","city":"足寄郡陸別町","town":"東斗満"}],"4335":[{"pref":"北海道","city":"足寄郡陸別町","town":"中斗満"}],"4336":[{"pref":"北海道","city":"足寄郡陸別町","town":"弥生"}],"4337":[{"pref":"北海道","city":"足寄郡陸別町","town":"下斗満"}],"4341":[{"pref":"北海道","city":"足寄郡陸別町","town":"苫務"}],"4342":[{"pref":"北海道","city":"足寄郡陸別町","town":"上斗満"}],"4343":[{"pref":"北海道","city":"足寄郡陸別町","town":"南斗満"}],"4344":[{"pref":"北海道","city":"足寄郡陸別町","town":"西斗満"}],"4345":[{"pref":"北海道","city":"足寄郡陸別町","town":"北斗満"}],"4346":[{"pref":"北海道","city":"足寄郡陸別町","town":"ポントマム"}],"4351":[{"pref":"北海道","city":"足寄郡陸別町","town":"勲祢別"}],"4352":[{"pref":"北海道","city":"足寄郡陸別町","town":"分線"}],"4353":[{"pref":"北海道","city":"足寄郡陸別町","town":"川上"}],"4354":[{"pref":"北海道","city":"足寄郡陸別町","town":"日宗"}],"4355":[{"pref":"北海道","city":"足寄郡陸別町","town":"小利別"}],"4356":[{"pref":"北海道","city":"足寄郡陸別町","town":"林内"}],"4357":[{"pref":"北海道","city":"足寄郡陸別町","town":"利上"}],"5231":[{"pref":"北海道","city":"中川郡豊頃町","town":"豊頃佐々田町"}],"5232":[{"pref":"北海道","city":"中川郡豊頃町","town":"豊頃旭町"}],"5233":[{"pref":"北海道","city":"中川郡豊頃町","town":"豊頃南町"}],"5234":[{"pref":"北海道","city":"中川郡豊頃町","town":"中央新町"}],"5235":[{"pref":"北海道","city":"中川郡豊頃町","town":"中央若葉町"}],"5241":[{"pref":"北海道","city":"中川郡豊頃町","town":"育素多"}],"5242":[{"pref":"北海道","city":"中川郡豊頃町","town":"北栄"}],"5243":[{"pref":"北海道","city":"中川郡豊頃町","town":"十弗宝町"}],"5244":[{"pref":"北海道","city":"中川郡豊頃町","town":"十弗"}],"5245":[{"pref":"北海道","city":"中川郡豊頃町","town":"礼文内"}],"5246":[{"pref":"北海道","city":"中川郡豊頃町","town":"豊頃"}],"5247":[{"pref":"北海道","city":"中川郡豊頃町","town":"幌岡"}],"5300":[{"pref":"北海道","city":"中川郡豊頃町","town":"以下に掲載がない場合"}],"5301":[{"pref":"北海道","city":"中川郡豊頃町","town":"統内"}],"5302":[{"pref":"北海道","city":"中川郡豊頃町","town":"礼作別"}],"5303":[{"pref":"北海道","city":"中川郡豊頃町","town":"農野牛"}],"5304":[{"pref":"北海道","city":"中川郡豊頃町","town":"牛首別"}],"5305":[{"pref":"北海道","city":"中川郡豊頃町","town":"背負"}],"5306":[{"pref":"北海道","city":"中川郡豊頃町","town":"安骨"}],"5307":[{"pref":"北海道","city":"中川郡豊頃町","town":"旅来"}],"5308":[{"pref":"北海道","city":"中川郡豊頃町","town":"湧洞"}],"5309":[{"pref":"北海道","city":"中川郡豊頃町","town":"二宮"}],"5311":[{"pref":"北海道","city":"中川郡豊頃町","town":"茂岩新和町"}],"5312":[{"pref":"北海道","city":"中川郡豊頃町","town":"茂岩本町"}],"5313":[{"pref":"北海道","city":"中川郡豊頃町","town":"茂岩栄町"}],"5314":[{"pref":"北海道","city":"中川郡豊頃町","town":"茂岩末広町"}],"5315":[{"pref":"北海道","city":"中川郡豊頃町","town":"茂岩"}],"5461":[{"pref":"北海道","city":"中川郡豊頃町","town":"大津元町"}],"5462":[{"pref":"北海道","city":"中川郡豊頃町","town":"大津幸町"}],"5463":[{"pref":"北海道","city":"中川郡豊頃町","town":"大津寿町"}],"5464":[{"pref":"北海道","city":"中川郡豊頃町","town":"大津港町"}],"5465":[{"pref":"北海道","city":"中川郡豊頃町","town":"大津"}],"5466":[{"pref":"北海道","city":"中川郡豊頃町","town":"長節"}],"5541":[{"pref":"北海道","city":"十勝郡浦幌町","town":"吉野"}],"5542":[{"pref":"北海道","city":"十勝郡浦幌町","town":"共栄"}],"5543":[{"pref":"北海道","city":"十勝郡浦幌町","town":"平和"}],"5544":[{"pref":"北海道","city":"十勝郡浦幌町","town":"統太"}],"5545":[{"pref":"北海道","city":"十勝郡浦幌町","town":"養老"}],"5546":[{"pref":"北海道","city":"十勝郡浦幌町","town":"朝日"}],"5547":[{"pref":"北海道","city":"十勝郡浦幌町","town":"生剛"}],"5548":[{"pref":"北海道","city":"十勝郡浦幌町","town":"十勝太"}],"5551":[{"pref":"北海道","city":"十勝郡浦幌町","town":"愛牛"}],"5552":[{"pref":"北海道","city":"十勝郡浦幌町","town":"豊北"}],"5553":[{"pref":"北海道","city":"十勝郡浦幌町","town":"打内"}],"5554":[{"pref":"北海道","city":"十勝郡浦幌町","town":"大平"}],"5555":[{"pref":"北海道","city":"十勝郡浦幌町","town":"トイトッキ"}],"5556":[{"pref":"北海道","city":"十勝郡浦幌町","town":"鼈奴"}],"5557":[{"pref":"北海道","city":"十勝郡浦幌町","town":"ヌタベット"}],"5558":[{"pref":"北海道","city":"十勝郡浦幌町","town":"昆布刈石（３０番地）"}],"5600":[{"pref":"北海道","city":"十勝郡浦幌町","town":"以下に掲載がない場合"}],"5601":[{"pref":"北海道","city":"十勝郡浦幌町","town":"宝町"}],"5602":[{"pref":"北海道","city":"十勝郡浦幌町","town":"末広町"}],"5603":[{"pref":"北海道","city":"十勝郡浦幌町","town":"本町"}],"5604":[{"pref":"北海道","city":"十勝郡浦幌町","town":"栄町"}],"5605":[{"pref":"北海道","city":"十勝郡浦幌町","town":"緑町"}],"5606":[{"pref":"北海道","city":"十勝郡浦幌町","town":"住吉町"}],"5607":[{"pref":"北海道","city":"十勝郡浦幌町","town":"材木町"}],"5608":[{"pref":"北海道","city":"十勝郡浦幌町","town":"西町"}],"5611":[{"pref":"北海道","city":"十勝郡浦幌町","town":"寿町"}],"5612":[{"pref":"北海道","city":"十勝郡浦幌町","town":"東山町"}],"5613":[{"pref":"北海道","city":"十勝郡浦幌町","town":"幸町"}],"5614":[{"pref":"北海道","city":"十勝郡浦幌町","town":"桜町"}],"5615":[{"pref":"北海道","city":"十勝郡浦幌町","town":"新町"}],"5617":[{"pref":"北海道","city":"十勝郡浦幌町","town":"光南"},{"pref":"北海道","city":"十勝郡浦幌町","town":"南町"}],"5621":[{"pref":"北海道","city":"十勝郡浦幌町","town":"北町"}],"5622":[{"pref":"北海道","city":"十勝郡浦幌町","town":"北栄"}],"5631":[{"pref":"北海道","city":"十勝郡浦幌町","town":"瀬多来"}],"5632":[{"pref":"北海道","city":"十勝郡浦幌町","town":"留真"}],"5633":[{"pref":"北海道","city":"十勝郡浦幌町","town":"常豊"},{"pref":"北海道","city":"十勝郡浦幌町","town":"常室"},{"pref":"北海道","city":"十勝郡浦幌町","town":"福山"},{"pref":"北海道","city":"十勝郡浦幌町","town":"円山"}],"5634":[{"pref":"北海道","city":"十勝郡浦幌町","town":"帯富"},{"pref":"北海道","city":"十勝郡浦幌町","town":"時和"}],"5635":[{"pref":"北海道","city":"十勝郡浦幌町","town":"静内"}],"5636":[{"pref":"北海道","city":"十勝郡浦幌町","town":"千歳町"},{"pref":"北海道","city":"十勝郡浦幌町","town":"万年"}],"5637":[{"pref":"北海道","city":"十勝郡浦幌町","town":"稲穂"}],"5638":[{"pref":"北海道","city":"十勝郡浦幌町","town":"幾栄"},{"pref":"北海道","city":"十勝郡浦幌町","town":"幾千世"}],"5865":[{"pref":"北海道","city":"十勝郡浦幌町","town":"厚内（全域）"}],"5866":[{"pref":"北海道","city":"十勝郡浦幌町","town":"上厚内"}],"5867":[{"pref":"北海道","city":"十勝郡浦幌町","town":"オコッペ"}],"5868":[{"pref":"北海道","city":"十勝郡浦幌町","town":"昆布刈石（３番地）"}],"5869":[{"pref":"北海道","city":"十勝郡浦幌町","town":"チプネオコッペ"}],"0100":[{"pref":"北海道","city":"上川郡清水町","town":"以下に掲載がない場合"}],"0355":[{"pref":"北海道","city":"上川郡清水町","town":"旭山"}],"0243":[{"pref":"北海道","city":"上川郡清水町","town":"上然別"}],"0135":[{"pref":"北海道","city":"上川郡清水町","town":"北一条"}],"0134":[{"pref":"北海道","city":"上川郡清水町","town":"北二条"}],"0133":[{"pref":"北海道","city":"上川郡清水町","town":"北三条"}],"0132":[{"pref":"北海道","city":"上川郡清水町","town":"北四条"}],"0131":[{"pref":"北海道","city":"上川郡清水町","town":"北五条"}],"0124":[{"pref":"北海道","city":"上川郡清水町","town":"北一条西"}],"0123":[{"pref":"北海道","city":"上川郡清水町","town":"北二条西"}],"0122":[{"pref":"北海道","city":"上川郡清水町","town":"北三条西"}],"0121":[{"pref":"北海道","city":"上川郡清水町","town":"北四条西"}],"0241":[{"pref":"北海道","city":"上川郡清水町","town":"熊牛"}],"0103":[{"pref":"北海道","city":"上川郡清水町","town":"清水"}],"0102":[{"pref":"北海道","city":"上川郡清水町","town":"下佐幌"}],"0356":[{"pref":"北海道","city":"上川郡清水町","town":"羽帯"}],"0101":[{"pref":"北海道","city":"上川郡清水町","town":"人舞"}],"0242":[{"pref":"北海道","city":"上川郡清水町","town":"美蔓"}],"0136":[{"pref":"北海道","city":"上川郡清水町","town":"本通"}],"0125":[{"pref":"北海道","city":"上川郡清水町","town":"本通西"}],"0357":[{"pref":"北海道","city":"上川郡清水町","town":"御影"}],"0351":[{"pref":"北海道","city":"上川郡清水町","town":"御影西一条"}],"0352":[{"pref":"北海道","city":"上川郡清水町","town":"御影西二条"}],"0353":[{"pref":"北海道","city":"上川郡清水町","town":"御影西三条"}],"0371":[{"pref":"北海道","city":"上川郡清水町","town":"御影東一条"}],"0372":[{"pref":"北海道","city":"上川郡清水町","town":"御影東二条"}],"0373":[{"pref":"北海道","city":"上川郡清水町","town":"御影東三条"}],"0374":[{"pref":"北海道","city":"上川郡清水町","town":"御影東四条"}],"0375":[{"pref":"北海道","city":"上川郡清水町","town":"御影東五条"}],"0376":[{"pref":"北海道","city":"上川郡清水町","town":"御影東六条"}],"0377":[{"pref":"北海道","city":"上川郡清水町","town":"御影東七条"}],"0378":[{"pref":"北海道","city":"上川郡清水町","town":"御影東八条"}],"0361":[{"pref":"北海道","city":"上川郡清水町","town":"御影東一条南"}],"0362":[{"pref":"北海道","city":"上川郡清水町","town":"御影東二条南"}],"0363":[{"pref":"北海道","city":"上川郡清水町","town":"御影東三条南"}],"0354":[{"pref":"北海道","city":"上川郡清水町","town":"御影本通"}],"0137":[{"pref":"北海道","city":"上川郡清水町","town":"南一条"}],"0138":[{"pref":"北海道","city":"上川郡清水町","town":"南二条"}],"0111":[{"pref":"北海道","city":"上川郡清水町","town":"南三条"}],"0112":[{"pref":"北海道","city":"上川郡清水町","town":"南四条"}],"0113":[{"pref":"北海道","city":"上川郡清水町","town":"南五条"}],"0114":[{"pref":"北海道","city":"上川郡清水町","town":"南六条"}],"0115":[{"pref":"北海道","city":"上川郡清水町","town":"南七条"}],"0116":[{"pref":"北海道","city":"上川郡清水町","town":"南八条"}],"0117":[{"pref":"北海道","city":"上川郡清水町","town":"南九条"}],"0118":[{"pref":"北海道","city":"上川郡清水町","town":"南十条"}],"0126":[{"pref":"北海道","city":"上川郡清水町","town":"南一条西"}],"0127":[{"pref":"北海道","city":"上川郡清水町","town":"南二条西"}],"0104":[{"pref":"北海道","city":"上川郡清水町","town":"南三条西"}],"0105":[{"pref":"北海道","city":"上川郡清水町","town":"南四条西"}],"0106":[{"pref":"北海道","city":"上川郡清水町","town":"南五条西"}],"0107":[{"pref":"北海道","city":"上川郡清水町","town":"南六条西"}],"0600":[{"pref":"北海道","city":"中川郡幕別町","town":"以下に掲載がない場合"}],"0621":[{"pref":"北海道","city":"中川郡幕別町","town":"相川"}],"0612":[{"pref":"北海道","city":"中川郡幕別町","town":"明野"}],"0602":[{"pref":"北海道","city":"中川郡幕別町","town":"旭町"}],"0624":[{"pref":"北海道","city":"中川郡幕別町","town":"軍岡"}],"0564":[{"pref":"北海道","city":"中川郡幕別町","town":"稲志別"}],"0622":[{"pref":"北海道","city":"中川郡幕別町","town":"大豊"}],"0575":[{"pref":"北海道","city":"中川郡幕別町","town":"上稲志別"}],"0781":[{"pref":"北海道","city":"中川郡幕別町","town":"五位"}],"0784":[{"pref":"北海道","city":"中川郡幕別町","town":"弘和"}],"0605":[{"pref":"北海道","city":"中川郡幕別町","town":"寿町"}],"0783":[{"pref":"北海道","city":"中川郡幕別町","town":"駒畠"}],"0601":[{"pref":"北海道","city":"中川郡幕別町","town":"幸町"}],"0577":[{"pref":"北海道","city":"中川郡幕別町","town":"栄"}],"0541":[{"pref":"北海道","city":"中川郡幕別町","town":"札内青葉町"}],"0552":[{"pref":"北海道","city":"中川郡幕別町","town":"札内あかしや町"}],"0531":[{"pref":"北海道","city":"中川郡幕別町","town":"札内暁町"}],"0551":[{"pref":"北海道","city":"中川郡幕別町","town":"札内泉町"}],"0542":[{"pref":"北海道","city":"中川郡幕別町","town":"札内春日町"}],"0545":[{"pref":"北海道","city":"中川郡幕別町","town":"札内桂町"}],"0534":[{"pref":"北海道","city":"中川郡幕別町","town":"札内北町"}],"0538":[{"pref":"北海道","city":"中川郡幕別町","town":"札内共栄町"}],"0535":[{"pref":"北海道","city":"中川郡幕別町","town":"札内桜町"}],"0533":[{"pref":"北海道","city":"中川郡幕別町","town":"札内新北町"}],"0543":[{"pref":"北海道","city":"中川郡幕別町","town":"札内中央町"}],"0546":[{"pref":"北海道","city":"中川郡幕別町","town":"札内堤町"}],"0536":[{"pref":"北海道","city":"中川郡幕別町","town":"札内西町"}],"0562":[{"pref":"北海道","city":"中川郡幕別町","town":"札内東町"}],"0553":[{"pref":"北海道","city":"中川郡幕別町","town":"札内文京町"}],"0537":[{"pref":"北海道","city":"中川郡幕別町","town":"札内北栄町"}],"0554":[{"pref":"北海道","city":"中川郡幕別町","town":"札内みずほ町"}],"0561":[{"pref":"北海道","city":"中川郡幕別町","town":"札内稔町"}],"0532":[{"pref":"北海道","city":"中川郡幕別町","town":"札内豊町"}],"0544":[{"pref":"北海道","city":"中川郡幕別町","town":"札内若草町"}],"0625":[{"pref":"北海道","city":"中川郡幕別町","town":"猿別"}],"0566":[{"pref":"北海道","city":"中川郡幕別町","town":"昭和"}],"0613":[{"pref":"北海道","city":"中川郡幕別町","town":"新川"}],"0565":[{"pref":"北海道","city":"中川郡幕別町","town":"新生"}],"0611":[{"pref":"北海道","city":"中川郡幕別町","town":"新町"}],"0788":[{"pref":"北海道","city":"中川郡幕別町","town":"新和（新田牧場）"}],"0627":[{"pref":"北海道","city":"中川郡幕別町","town":"新和（その他）"}],"0572":[{"pref":"北海道","city":"中川郡幕別町","town":"西和"}],"0563":[{"pref":"北海道","city":"中川郡幕別町","town":"千住"}],"0616":[{"pref":"北海道","city":"中川郡幕別町","town":"宝町"}],"0573":[{"pref":"北海道","city":"中川郡幕別町","town":"途別"}],"0628":[{"pref":"北海道","city":"中川郡幕別町","town":"豊岡"}],"0578":[{"pref":"北海道","city":"中川郡幕別町","town":"中稲志別"}],"0782":[{"pref":"北海道","city":"中川郡幕別町","town":"中里"}],"0623":[{"pref":"北海道","city":"中川郡幕別町","town":"南勢"}],"0604":[{"pref":"北海道","city":"中川郡幕別町","town":"錦町"}],"0626":[{"pref":"北海道","city":"中川郡幕別町","town":"西猿別"}],"0574":[{"pref":"北海道","city":"中川郡幕別町","town":"日新"}],"0786":[{"pref":"北海道","city":"中川郡幕別町","town":"糠内"}],"0576":[{"pref":"北海道","city":"中川郡幕別町","town":"古舞"}],"0785":[{"pref":"北海道","city":"中川郡幕別町","town":"美川"}],"0614":[{"pref":"北海道","city":"中川郡幕別町","town":"緑町"}],"0615":[{"pref":"北海道","city":"中川郡幕別町","town":"南町"}],"0567":[{"pref":"北海道","city":"中川郡幕別町","town":"明倫（７８、２０８番地）"}],"0787":[{"pref":"北海道","city":"中川郡幕別町","town":"明倫（その他）"}],"0603":[{"pref":"北海道","city":"中川郡幕別町","town":"本町"}],"0571":[{"pref":"北海道","city":"中川郡幕別町","town":"依田"}]}