{"0000":[{"pref":"大阪府","city":"大阪市旭区","town":"以下に掲載がない場合"}],"0005":[{"pref":"大阪府","city":"大阪市旭区","town":"赤川"}],"0004":[{"pref":"大阪府","city":"大阪市旭区","town":"生江"}],"0011":[{"pref":"大阪府","city":"大阪市旭区","town":"今市"}],"0002":[{"pref":"大阪府","city":"大阪市旭区","town":"大宮"}],"0021":[{"pref":"大阪府","city":"大阪市旭区","town":"清水"}],"0022":[{"pref":"大阪府","city":"大阪市旭区","town":"新森"}],"0012":[{"pref":"大阪府","city":"大阪市旭区","town":"千林"}],"0001":[{"pref":"大阪府","city":"大阪市旭区","town":"太子橋"}],"0031":[{"pref":"大阪府","city":"大阪市旭区","town":"高殿"}],"0003":[{"pref":"大阪府","city":"大阪市旭区","town":"中宮"}],"0013":[{"pref":"大阪府","city":"大阪市旭区","town":"森小路"}]}