{"0000":[{"pref":"香川県","city":"仲多度郡琴平町","town":"以下に掲載がない場合"},{"pref":"香川県","city":"仲多度郡まんのう町","town":"以下に掲載がない場合"}],"0004":[{"pref":"香川県","city":"仲多度郡琴平町","town":"榎井"}],"0006":[{"pref":"香川県","city":"仲多度郡琴平町","town":"上櫛梨"}],"0002":[{"pref":"香川県","city":"仲多度郡琴平町","town":"琴平町（１～４２６番地、川東）"}],"0001":[{"pref":"香川県","city":"仲多度郡琴平町","town":"琴平町（４２７番地以上、川西）"}],"0003":[{"pref":"香川県","city":"仲多度郡琴平町","town":"五條"}],"0007":[{"pref":"香川県","city":"仲多度郡琴平町","town":"下櫛梨"}],"0005":[{"pref":"香川県","city":"仲多度郡琴平町","town":"苗田"}],"0204":[{"pref":"香川県","city":"仲多度郡まんのう町","town":"勝浦"}],"0203":[{"pref":"香川県","city":"仲多度郡まんのう町","town":"川東"}],"0024":[{"pref":"香川県","city":"仲多度郡まんのう町","town":"神野"}],"0026":[{"pref":"香川県","city":"仲多度郡まんのう町","town":"岸上"}],"0011":[{"pref":"香川県","city":"仲多度郡まんのう町","town":"公文"}],"0027":[{"pref":"香川県","city":"仲多度郡まんのう町","town":"五條"}],"0021":[{"pref":"香川県","city":"仲多度郡まんのう町","town":"四條"}],"0017":[{"pref":"香川県","city":"仲多度郡まんのう町","town":"炭所西"}],"0016":[{"pref":"香川県","city":"仲多度郡まんのう町","town":"炭所東"}],"0201":[{"pref":"香川県","city":"仲多度郡まんのう町","town":"造田"}],"0015":[{"pref":"香川県","city":"仲多度郡まんのう町","town":"長尾"}],"0202":[{"pref":"香川県","city":"仲多度郡まんのう町","town":"中通"}],"0012":[{"pref":"香川県","city":"仲多度郡まんのう町","town":"西高篠"}],"0014":[{"pref":"香川県","city":"仲多度郡まんのう町","town":"羽間"}],"0013":[{"pref":"香川県","city":"仲多度郡まんのう町","town":"東高篠"}],"0025":[{"pref":"香川県","city":"仲多度郡まんのう町","town":"真野"}],"0023":[{"pref":"香川県","city":"仲多度郡まんのう町","town":"吉野"}],"0022":[{"pref":"香川県","city":"仲多度郡まんのう町","town":"吉野下"}]}