{"0014":[{"pref":"東京都","city":"大田区","town":"大森中"}],"0011":[{"pref":"東京都","city":"大田区","town":"大森本町"}],"0012":[{"pref":"東京都","city":"大田区","town":"大森東"}],"0015":[{"pref":"東京都","city":"大田区","town":"大森西"}],"0013":[{"pref":"東京都","city":"大田区","town":"大森南"}],"0016":[{"pref":"東京都","city":"大田区","town":"大森北"}],"0021":[{"pref":"東京都","city":"大田区","town":"北馬込"}],"0003":[{"pref":"東京都","city":"大田区","town":"京浜島"}],"0023":[{"pref":"東京都","city":"大田区","town":"山王"}],"0002":[{"pref":"東京都","city":"大田区","town":"城南島"}],"0004":[{"pref":"東京都","city":"大田区","town":"昭和島"}],"0024":[{"pref":"東京都","city":"大田区","town":"中央"}],"0001":[{"pref":"東京都","city":"大田区","town":"東海"}],"0027":[{"pref":"東京都","city":"大田区","town":"中馬込"}],"0026":[{"pref":"東京都","city":"大田区","town":"西馬込"}],"0022":[{"pref":"東京都","city":"大田区","town":"東馬込"}],"0007":[{"pref":"東京都","city":"大田区","town":"ふるさとの浜辺公園"}],"0006":[{"pref":"東京都","city":"大田区","town":"平和島"}],"0005":[{"pref":"東京都","city":"大田区","town":"平和の森公園"}],"0025":[{"pref":"東京都","city":"大田区","town":"南馬込"}]}