{"0000":[{"pref":"神奈川県","city":"横浜市栄区","town":"以下に掲載がない場合"}],"0026":[{"pref":"神奈川県","city":"横浜市栄区","town":"犬山町"}],"0027":[{"pref":"神奈川県","city":"横浜市栄区","town":"尾月"}],"0006":[{"pref":"神奈川県","city":"横浜市栄区","town":"笠間"}],"0009":[{"pref":"神奈川県","city":"横浜市栄区","town":"鍛冶ケ谷"}],"0003":[{"pref":"神奈川県","city":"横浜市栄区","town":"鍛冶ケ谷町"}],"0031":[{"pref":"神奈川県","city":"横浜市栄区","town":"桂台北"}],"0034":[{"pref":"神奈川県","city":"横浜市栄区","town":"桂台中"}],"0035":[{"pref":"神奈川県","city":"横浜市栄区","town":"桂台西"}],"0032":[{"pref":"神奈川県","city":"横浜市栄区","town":"桂台東"}],"0033":[{"pref":"神奈川県","city":"横浜市栄区","town":"桂台南"}],"0005":[{"pref":"神奈川県","city":"横浜市栄区","town":"桂町"}],"0013":[{"pref":"神奈川県","city":"横浜市栄区","town":"上郷町"}],"0025":[{"pref":"神奈川県","city":"横浜市栄区","town":"上之町"}],"0028":[{"pref":"神奈川県","city":"横浜市栄区","town":"亀井町"}],"0014":[{"pref":"神奈川県","city":"横浜市栄区","town":"公田町"}],"0007":[{"pref":"神奈川県","city":"横浜市栄区","town":"小菅ケ谷"}],"0001":[{"pref":"神奈川県","city":"横浜市栄区","town":"小菅ケ谷町"}],"0002":[{"pref":"神奈川県","city":"横浜市栄区","town":"小山台"}],"0022":[{"pref":"神奈川県","city":"横浜市栄区","town":"庄戸"}],"0015":[{"pref":"神奈川県","city":"横浜市栄区","town":"中野町"}],"0023":[{"pref":"神奈川県","city":"横浜市栄区","town":"長倉町"}],"0024":[{"pref":"神奈川県","city":"横浜市栄区","town":"野七里"}],"0004":[{"pref":"神奈川県","city":"横浜市栄区","town":"柏陽"}],"0021":[{"pref":"神奈川県","city":"横浜市栄区","town":"東上郷町"}],"0008":[{"pref":"神奈川県","city":"横浜市栄区","town":"本郷台"}],"0011":[{"pref":"神奈川県","city":"横浜市栄区","town":"元大橋"}],"0012":[{"pref":"神奈川県","city":"横浜市栄区","town":"若竹町"}],"0052":[{"pref":"神奈川県","city":"鎌倉市","town":"今泉"}],"0053":[{"pref":"神奈川県","city":"鎌倉市","town":"今泉台"}],"0051":[{"pref":"神奈川県","city":"鎌倉市","town":"岩瀬"}],"0073":[{"pref":"神奈川県","city":"鎌倉市","town":"植木"}],"0056":[{"pref":"神奈川県","city":"鎌倉市","town":"大船"}],"0072":[{"pref":"神奈川県","city":"鎌倉市","town":"岡本"}],"0063":[{"pref":"神奈川県","city":"鎌倉市","town":"梶原"}],"0065":[{"pref":"神奈川県","city":"鎌倉市","town":"上町屋"}],"0055":[{"pref":"神奈川県","city":"鎌倉市","town":"小袋谷"}],"0074":[{"pref":"神奈川県","city":"鎌倉市","town":"城廻"}],"0075":[{"pref":"神奈川県","city":"鎌倉市","town":"関谷"}],"0061":[{"pref":"神奈川県","city":"鎌倉市","town":"台"}],"0054":[{"pref":"神奈川県","city":"鎌倉市","town":"高野"}],"0071":[{"pref":"神奈川県","city":"鎌倉市","town":"玉縄"}],"0064":[{"pref":"神奈川県","city":"鎌倉市","town":"寺分"}],"0066":[{"pref":"神奈川県","city":"鎌倉市","town":"山崎"}],"0062":[{"pref":"神奈川県","city":"鎌倉市","town":"山ノ内"}]}