{"0000":[{"pref":"茨城県","city":"筑西市","town":"以下に掲載がない場合"}],"0836":[{"pref":"茨城県","city":"筑西市","town":"旭ケ丘"}],"0064":[{"pref":"茨城県","city":"筑西市","town":"飯島"}],"0835":[{"pref":"茨城県","city":"筑西市","town":"飯田"}],"0853":[{"pref":"茨城県","city":"筑西市","town":"伊讃美"}],"0856":[{"pref":"茨城県","city":"筑西市","town":"伊佐山"}],"0075":[{"pref":"茨城県","city":"筑西市","town":"石塔"}],"0055":[{"pref":"茨城県","city":"筑西市","town":"石原田"}],"0076":[{"pref":"茨城県","city":"筑西市","town":"泉"}],"0116":[{"pref":"茨城県","city":"筑西市","town":"板橋"}],"0827":[{"pref":"茨城県","city":"筑西市","town":"市野辺"}],"0842":[{"pref":"茨城県","city":"筑西市","town":"一本松"}],"0805":[{"pref":"茨城県","city":"筑西市","town":"稲野辺"}],"0106":[{"pref":"茨城県","city":"筑西市","town":"稲荷"}],"0117":[{"pref":"茨城県","city":"筑西市","town":"犬塚"}],"0101":[{"pref":"茨城県","city":"筑西市","town":"井上"}],"0129":[{"pref":"茨城県","city":"筑西市","town":"上野"}],"0128":[{"pref":"茨城県","city":"筑西市","town":"江"}],"0015":[{"pref":"茨城県","city":"筑西市","town":"大関"}],"0813":[{"pref":"茨城県","city":"筑西市","town":"大塚"}],"0852":[{"pref":"茨城県","city":"筑西市","town":"大谷"}],"0051":[{"pref":"茨城県","city":"筑西市","town":"岡芹"}],"0857":[{"pref":"茨城県","city":"筑西市","town":"小川"}],"0012":[{"pref":"茨城県","city":"筑西市","town":"奥田"}],"0854":[{"pref":"茨城県","city":"筑西市","town":"女方"}],"0002":[{"pref":"茨城県","city":"筑西市","town":"落合"}],"0041":[{"pref":"茨城県","city":"筑西市","town":"乙"}],"0806":[{"pref":"茨城県","city":"筑西市","town":"小林"}],"0007":[{"pref":"茨城県","city":"筑西市","town":"折本"}],"0837":[{"pref":"茨城県","city":"筑西市","town":"嘉家佐和"}],"0107":[{"pref":"茨城県","city":"筑西市","town":"梶内"}],"0804":[{"pref":"茨城県","city":"筑西市","town":"金丸"}],"0815":[{"pref":"茨城県","city":"筑西市","town":"上川中子"}],"0017":[{"pref":"茨城県","city":"筑西市","town":"上中山"}],"0067":[{"pref":"茨城県","city":"筑西市","town":"上平塚"}],"0063":[{"pref":"茨城県","city":"筑西市","town":"神分"}],"0801":[{"pref":"茨城県","city":"筑西市","town":"川澄"}],"0814":[{"pref":"茨城県","city":"筑西市","town":"川連"}],"0104":[{"pref":"茨城県","city":"筑西市","town":"木戸"}],"0071":[{"pref":"茨城県","city":"筑西市","town":"口戸"}],"0061":[{"pref":"茨城県","city":"筑西市","town":"栗島"}],"0102":[{"pref":"茨城県","city":"筑西市","town":"黒子"}],"0021":[{"pref":"茨城県","city":"筑西市","town":"甲"}],"0004":[{"pref":"茨城県","city":"筑西市","town":"国府田"}],"0077":[{"pref":"茨城県","city":"筑西市","town":"子思儀"}],"0866":[{"pref":"茨城県","city":"筑西市","town":"五所宮"}],"0862":[{"pref":"茨城県","city":"筑西市","town":"小塙"}],"0848":[{"pref":"茨城県","city":"筑西市","town":"幸町"}],"0065":[{"pref":"茨城県","city":"筑西市","town":"笹塚"}],"0072":[{"pref":"茨城県","city":"筑西市","town":"柴山"}],"0823":[{"pref":"茨城県","city":"筑西市","town":"島"}],"0851":[{"pref":"茨城県","city":"筑西市","town":"下江連"}],"0826":[{"pref":"茨城県","city":"筑西市","town":"下岡崎"}],"0855":[{"pref":"茨城県","city":"筑西市","town":"下川島"}],"0011":[{"pref":"茨城県","city":"筑西市","town":"下高田"}],"0825":[{"pref":"茨城県","city":"筑西市","town":"下中山"}],"0844":[{"pref":"茨城県","city":"筑西市","town":"下野殿"}],"0066":[{"pref":"茨城県","city":"筑西市","town":"下平塚"}],"0052":[{"pref":"茨城県","city":"筑西市","town":"菅谷"}],"0113":[{"pref":"茨城県","city":"筑西市","town":"関舘"}],"0124":[{"pref":"茨城県","city":"筑西市","town":"関本肥土"}],"0122":[{"pref":"茨城県","city":"筑西市","town":"関本上"}],"0123":[{"pref":"茨城県","city":"筑西市","town":"関本上中"}],"0127":[{"pref":"茨城県","city":"筑西市","town":"関本下"}],"0126":[{"pref":"茨城県","city":"筑西市","town":"関本中"}],"0125":[{"pref":"茨城県","city":"筑西市","town":"関本分中"}],"0864":[{"pref":"茨城県","city":"筑西市","town":"掉ケ島"}],"0807":[{"pref":"茨城県","city":"筑西市","town":"高島"}],"0847":[{"pref":"茨城県","city":"筑西市","town":"玉戸"}],"0074":[{"pref":"茨城県","city":"筑西市","town":"筑瀬"}],"0822":[{"pref":"茨城県","city":"筑西市","town":"塚原"}],"0103":[{"pref":"茨城県","city":"筑西市","town":"辻"}],"0816":[{"pref":"茨城県","city":"筑西市","town":"徳持"}],"0053":[{"pref":"茨城県","city":"筑西市","town":"外塚"}],"0803":[{"pref":"茨城県","city":"筑西市","town":"直井"}],"0005":[{"pref":"茨城県","city":"筑西市","town":"中舘"}],"0108":[{"pref":"茨城県","city":"筑西市","town":"中村新田"}],"0821":[{"pref":"茨城県","city":"筑西市","town":"成田"}],"0841":[{"pref":"茨城県","city":"筑西市","town":"二木成"}],"0834":[{"pref":"茨城県","city":"筑西市","town":"西石田"}],"0062":[{"pref":"茨城県","city":"筑西市","town":"西大島"}],"0845":[{"pref":"茨城県","city":"筑西市","town":"西方"}],"0105":[{"pref":"茨城県","city":"筑西市","town":"西保末"}],"0054":[{"pref":"茨城県","city":"筑西市","town":"西谷貝"}],"0867":[{"pref":"茨城県","city":"筑西市","town":"西山田"}],"0832":[{"pref":"茨城県","city":"筑西市","town":"西榎生"}],"0846":[{"pref":"茨城県","city":"筑西市","town":"布川"}],"0016":[{"pref":"茨城県","city":"筑西市","town":"野"}],"0833":[{"pref":"茨城県","city":"筑西市","town":"野田"}],"0843":[{"pref":"茨城県","city":"筑西市","town":"野殿"}],"0863":[{"pref":"茨城県","city":"筑西市","town":"灰塚"}],"0014":[{"pref":"茨城県","city":"筑西市","town":"羽方"}],"0013":[{"pref":"茨城県","city":"筑西市","town":"八田"}],"0114":[{"pref":"茨城県","city":"筑西市","town":"花田"}],"0115":[{"pref":"茨城県","city":"筑西市","town":"花橋"}],"0073":[{"pref":"茨城県","city":"筑西市","town":"林"}],"0831":[{"pref":"茨城県","city":"筑西市","town":"東榎生"}],"0001":[{"pref":"茨城県","city":"筑西市","town":"樋口"}],"0812":[{"pref":"茨城県","city":"筑西市","town":"深見"}],"0112":[{"pref":"茨城県","city":"筑西市","town":"藤ケ谷"}],"0121":[{"pref":"茨城県","city":"筑西市","town":"船玉"}],"0111":[{"pref":"茨城県","city":"筑西市","town":"舟生"}],"0031":[{"pref":"茨城県","city":"筑西市","town":"丙"}],"0003":[{"pref":"茨城県","city":"筑西市","town":"蒔田"}],"0042":[{"pref":"茨城県","city":"筑西市","town":"みどり町"}],"0811":[{"pref":"茨城県","city":"筑西市","town":"茂田"}],"0861":[{"pref":"茨城県","city":"筑西市","town":"森添島"}],"0056":[{"pref":"茨城県","city":"筑西市","town":"谷中"}],"0006":[{"pref":"茨城県","city":"筑西市","town":"谷部"}],"0865":[{"pref":"茨城県","city":"筑西市","town":"山崎"}],"0802":[{"pref":"茨城県","city":"筑西市","town":"横島"}],"0838":[{"pref":"茨城県","city":"筑西市","town":"榎生"}],"0824":[{"pref":"茨城県","city":"筑西市","town":"蕨"}]}