{"0000":[{"pref":"岡山県","city":"岡山市北区","town":"以下に掲載がない場合"},{"pref":"岡山県","city":"岡山市中区","town":"以下に掲載がない場合"},{"pref":"岡山県","city":"岡山市東区","town":"以下に掲載がない場合"},{"pref":"岡山県","city":"岡山市南区","town":"以下に掲載がない場合"}],"0045":[{"pref":"岡山県","city":"岡山市北区","town":"葵町"}],"0941":[{"pref":"岡山県","city":"岡山市北区","town":"青江"},{"pref":"岡山県","city":"岡山市南区","town":"青江"}],"0865":[{"pref":"岡山県","city":"岡山市北区","town":"旭本町"}],"0864":[{"pref":"岡山県","city":"岡山市北区","town":"旭町"}],"0833":[{"pref":"岡山県","city":"岡山市北区","town":"天瀬"}],"0834":[{"pref":"岡山県","city":"岡山市北区","town":"天瀬南町"}],"0813":[{"pref":"岡山県","city":"岡山市北区","town":"石関町"}],"0017":[{"pref":"岡山県","city":"岡山市北区","town":"伊島北町"}],"0016":[{"pref":"岡山県","city":"岡山市北区","town":"伊島町"}],"0812":[{"pref":"岡山県","city":"岡山市北区","town":"出石町"}],"0012":[{"pref":"岡山県","city":"岡山市北区","town":"いずみ町"}],"0013":[{"pref":"岡山県","city":"岡山市北区","town":"伊福町"}],"0975":[{"pref":"岡山県","city":"岡山市北区","town":"今"}],"0974":[{"pref":"岡山県","city":"岡山市北区","town":"今村"}],"0046":[{"pref":"岡山県","city":"岡山市北区","town":"岩井"}],"0041":[{"pref":"岡山県","city":"岡山市北区","town":"岩井宮裏"}],"0022":[{"pref":"岡山県","city":"岡山市北区","town":"岩田町"}],"0824":[{"pref":"岡山県","city":"岡山市北区","town":"内山下"}],"0023":[{"pref":"岡山県","city":"岡山市北区","town":"駅前町"}],"0024":[{"pref":"岡山県","city":"岡山市北区","town":"駅元町"}],"0028":[{"pref":"岡山県","city":"岡山市北区","town":"絵図町"}],"0924":[{"pref":"岡山県","city":"岡山市北区","town":"大元"}],"0923":[{"pref":"岡山県","city":"岡山市北区","town":"大元駅前"}],"0925":[{"pref":"岡山県","city":"岡山市北区","town":"大元上町"}],"0867":[{"pref":"岡山県","city":"岡山市北区","town":"岡町"}],"0933":[{"pref":"岡山県","city":"岡山市北区","town":"奥田"}],"0931":[{"pref":"岡山県","city":"岡山市北区","town":"奥田西町"}],"0932":[{"pref":"岡山県","city":"岡山市北区","town":"奥田本町"}],"0934":[{"pref":"岡山県","city":"岡山市北区","town":"奥田南町"}],"0844":[{"pref":"岡山県","city":"岡山市北区","town":"御舟入町"}],"0822":[{"pref":"岡山県","city":"岡山市北区","town":"表町"}],"0011":[{"pref":"岡山県","city":"岡山市北区","town":"学南町"}],"0905":[{"pref":"岡山県","city":"岡山市北区","town":"春日町"}],"0972":[{"pref":"岡山県","city":"岡山市北区","town":"上中野"}],"0047":[{"pref":"岡山県","city":"岡山市北区","town":"関西町"}],"0935":[{"pref":"岡山県","city":"岡山市北区","town":"神田町"}],"0803":[{"pref":"岡山県","city":"岡山市北区","town":"北方"}],"0963":[{"pref":"岡山県","city":"岡山市北区","town":"北長瀬"}],"0962":[{"pref":"岡山県","city":"岡山市北区","town":"北長瀬表町"}],"0961":[{"pref":"岡山県","city":"岡山市北区","town":"北長瀬本町"}],"0831":[{"pref":"岡山県","city":"岡山市北区","town":"京橋町"}],"0832":[{"pref":"岡山県","city":"岡山市北区","town":"京橋南町"}],"0838":[{"pref":"岡山県","city":"岡山市北区","town":"京町"}],"0015":[{"pref":"岡山県","city":"岡山市北区","town":"京山"}],"0984":[{"pref":"岡山県","city":"岡山市北区","town":"桑田町"}],"0985":[{"pref":"岡山県","city":"岡山市北区","town":"厚生町"}],"0866":[{"pref":"岡山県","city":"岡山市北区","town":"岡南町"}],"0021":[{"pref":"岡山県","city":"岡山市北区","town":"国体町"}],"0025":[{"pref":"岡山県","city":"岡山市北区","town":"寿町"}],"0903":[{"pref":"岡山県","city":"岡山市北区","town":"幸町"}],"0914":[{"pref":"岡山県","city":"岡山市北区","town":"鹿田町"}],"0915":[{"pref":"岡山県","city":"岡山市北区","town":"鹿田本町"}],"0033":[{"pref":"岡山県","city":"岡山市北区","town":"島田本町"}],"0907":[{"pref":"岡山県","city":"岡山市北区","town":"下石井"}],"0052":[{"pref":"岡山県","city":"岡山市北区","town":"下伊福"}],"0051":[{"pref":"岡山県","city":"岡山市北区","town":"下伊福上町"}],"0054":[{"pref":"岡山県","city":"岡山市北区","town":"下伊福西町"}],"0053":[{"pref":"岡山県","city":"岡山市北区","town":"下伊福本町"}],"0846":[{"pref":"岡山県","city":"岡山市北区","town":"下内田町"}],"0973":[{"pref":"岡山県","city":"岡山市北区","town":"下中野"},{"pref":"岡山県","city":"岡山市南区","town":"下中野"}],"0001":[{"pref":"岡山県","city":"岡山市北区","town":"宿"}],"0002":[{"pref":"岡山県","city":"岡山市北区","town":"宿本町"}],"0032":[{"pref":"岡山県","city":"岡山市北区","town":"昭和町"}],"0863":[{"pref":"岡山県","city":"岡山市北区","town":"新道"}],"0986":[{"pref":"岡山県","city":"岡山市北区","town":"新屋敷町"}],"0861":[{"pref":"岡山県","city":"岡山市北区","town":"清輝橋"}],"0862":[{"pref":"岡山県","city":"岡山市北区","town":"清輝本町"}],"0027":[{"pref":"岡山県","city":"岡山市北区","town":"清心町"}],"0842":[{"pref":"岡山県","city":"岡山市北区","town":"船頭町"}],"0062":[{"pref":"岡山県","city":"岡山市北区","town":"大安寺中町"}],"0061":[{"pref":"岡山県","city":"岡山市北区","town":"大安寺西町"}],"0063":[{"pref":"岡山県","city":"岡山市北区","town":"大安寺東町"}],"0064":[{"pref":"岡山県","city":"岡山市北区","town":"大安寺南町"}],"0906":[{"pref":"岡山県","city":"岡山市北区","town":"大学町"}],"0913":[{"pref":"岡山県","city":"岡山市北区","town":"大供"}],"0912":[{"pref":"岡山県","city":"岡山市北区","town":"大供表町"}],"0911":[{"pref":"岡山県","city":"岡山市北区","town":"大供本町"}],"0035":[{"pref":"岡山県","city":"岡山市北区","town":"高柳西町"}],"0034":[{"pref":"岡山県","city":"岡山市北区","town":"高柳東町"}],"0976":[{"pref":"岡山県","city":"岡山市北区","town":"辰巳"}],"0951":[{"pref":"岡山県","city":"岡山市北区","town":"田中"}],"0071":[{"pref":"岡山県","city":"岡山市北区","town":"谷万成"}],"0825":[{"pref":"岡山県","city":"岡山市北区","town":"田町"}],"0836":[{"pref":"岡山県","city":"岡山市北区","town":"中央町"}],"0014":[{"pref":"岡山県","city":"岡山市北区","town":"津倉町"}],"0087":[{"pref":"岡山県","city":"岡山市北区","town":"津島京町"}],"0084":[{"pref":"岡山県","city":"岡山市北区","town":"津島桑の木町"}],"0088":[{"pref":"岡山県","city":"岡山市北区","town":"津島笹が瀬"}],"0082":[{"pref":"岡山県","city":"岡山市北区","town":"津島中"}],"0083":[{"pref":"岡山県","city":"岡山市北区","town":"津島新野"}],"0086":[{"pref":"岡山県","city":"岡山市北区","town":"津島西坂"}],"0081":[{"pref":"岡山県","city":"岡山市北区","town":"津島東"}],"0080":[{"pref":"岡山県","city":"岡山市北区","town":"津島福居"}],"0089":[{"pref":"岡山県","city":"岡山市北区","town":"津島本町"}],"0085":[{"pref":"岡山県","city":"岡山市北区","town":"津島南"}],"0814":[{"pref":"岡山県","city":"岡山市北区","town":"天神町"}],"0977":[{"pref":"岡山県","city":"岡山市北区","town":"問屋町"}],"0855":[{"pref":"岡山県","city":"岡山市北区","town":"十日市中町"}],"0856":[{"pref":"岡山県","city":"岡山市北区","town":"十日市西町"}],"0854":[{"pref":"岡山県","city":"岡山市北区","town":"十日市東町"}],"0826":[{"pref":"岡山県","city":"岡山市北区","town":"磨屋町"}],"0936":[{"pref":"岡山県","city":"岡山市北区","town":"富田"}],"0031":[{"pref":"岡山県","city":"岡山市北区","town":"富町"}],"0816":[{"pref":"岡山県","city":"岡山市北区","town":"富田町"}],"0804":[{"pref":"岡山県","city":"岡山市北区","town":"中井町"}],"0821":[{"pref":"岡山県","city":"岡山市北区","town":"中山下"}],"0982":[{"pref":"岡山県","city":"岡山市北区","town":"中島田町"}],"0964":[{"pref":"岡山県","city":"岡山市北区","town":"中仙道"}],"0851":[{"pref":"岡山県","city":"岡山市北区","town":"七日市西町"}],"0852":[{"pref":"岡山県","city":"岡山市北区","town":"七日市東町"}],"0953":[{"pref":"岡山県","city":"岡山市北区","town":"西市"},{"pref":"岡山県","city":"岡山市南区","town":"西市"}],"0902":[{"pref":"岡山県","city":"岡山市北区","town":"錦町"}],"0055":[{"pref":"岡山県","city":"岡山市北区","town":"西崎"}],"0056":[{"pref":"岡山県","city":"岡山市北区","town":"西崎本町"}],"0981":[{"pref":"岡山県","city":"岡山市北区","town":"西島田町"}],"0965":[{"pref":"岡山県","city":"岡山市北区","town":"西長瀬"}],"0916":[{"pref":"岡山県","city":"岡山市北区","town":"西之町"}],"0067":[{"pref":"岡山県","city":"岡山市北区","town":"西野山町"}],"0927":[{"pref":"岡山県","city":"岡山市北区","town":"西古松"}],"0926":[{"pref":"岡山県","city":"岡山市北区","town":"西古松西町"}],"0971":[{"pref":"岡山県","city":"岡山市北区","town":"野田"}],"0815":[{"pref":"岡山県","city":"岡山市北区","town":"野田屋町"}],"0066":[{"pref":"岡山県","city":"岡山市北区","town":"野殿西町"}],"0065":[{"pref":"岡山県","city":"岡山市北区","town":"野殿東町"}],"0818":[{"pref":"岡山県","city":"岡山市北区","town":"蕃山町"}],"0003":[{"pref":"岡山県","city":"岡山市北区","town":"半田町"}],"0811":[{"pref":"岡山県","city":"岡山市北区","town":"番町"}],"0983":[{"pref":"岡山県","city":"岡山市北区","town":"東島田町"}],"0835":[{"pref":"岡山県","city":"岡山市北区","town":"東中央町"}],"0068":[{"pref":"岡山県","city":"岡山市北区","town":"東野山町"}],"0921":[{"pref":"岡山県","city":"岡山市北区","town":"東古松"}],"0922":[{"pref":"岡山県","city":"岡山市北区","town":"東古松南町"}],"0966":[{"pref":"岡山県","city":"岡山市北区","town":"日吉町"}],"0952":[{"pref":"岡山県","city":"岡山市北区","town":"平田"}],"0806":[{"pref":"岡山県","city":"岡山市北区","town":"広瀬町"}],"0843":[{"pref":"岡山県","city":"岡山市北区","town":"二日市町"}],"0841":[{"pref":"岡山県","city":"岡山市北区","town":"舟橋町"}],"0805":[{"pref":"岡山県","city":"岡山市北区","town":"兵団"}],"0827":[{"pref":"岡山県","city":"岡山市北区","town":"平和町"}],"0004":[{"pref":"岡山県","city":"岡山市北区","town":"法界院"}],"0026":[{"pref":"岡山県","city":"岡山市北区","town":"奉還町"}],"0901":[{"pref":"岡山県","city":"岡山市北区","town":"本町"}],"0823":[{"pref":"岡山県","city":"岡山市北区","town":"丸の内"}],"0073":[{"pref":"岡山県","city":"岡山市北区","town":"万成西町"}],"0072":[{"pref":"岡山県","city":"岡山市北区","town":"万成東町"}],"0043":[{"pref":"岡山県","city":"岡山市北区","town":"三門中町"}],"0044":[{"pref":"岡山県","city":"岡山市北区","town":"三門西町"}],"0042":[{"pref":"岡山県","city":"岡山市北区","town":"三門東町"}],"0807":[{"pref":"岡山県","city":"岡山市北区","town":"南方"}],"0837":[{"pref":"岡山県","city":"岡山市北区","town":"南中央町"}],"0802":[{"pref":"岡山県","city":"岡山市北区","town":"三野"}],"0801":[{"pref":"岡山県","city":"岡山市北区","town":"三野本町"}],"0076":[{"pref":"岡山県","city":"岡山市北区","town":"矢坂西町"}],"0074":[{"pref":"岡山県","city":"岡山市北区","town":"矢坂東町"}],"0075":[{"pref":"岡山県","city":"岡山市北区","town":"矢坂本町"}],"0904":[{"pref":"岡山県","city":"岡山市北区","town":"柳町"}],"0847":[{"pref":"岡山県","city":"岡山市北区","town":"山科町"}],"0808":[{"pref":"岡山県","city":"岡山市北区","town":"大和町"}],"0817":[{"pref":"岡山県","city":"岡山市北区","town":"弓之町"}],"0005":[{"pref":"岡山県","city":"岡山市北区","town":"理大町"}],"0944":[{"pref":"岡山県","city":"岡山市南区","town":"泉田"}],"0943":[{"pref":"岡山県","city":"岡山市南区","town":"新福"}],"0945":[{"pref":"岡山県","city":"岡山市南区","town":"新保"}],"0956":[{"pref":"岡山県","city":"岡山市南区","town":"当新田"}],"0942":[{"pref":"岡山県","city":"岡山市南区","town":"豊成"}],"0853":[{"pref":"岡山県","city":"岡山市南区","town":"豊浜町"}],"0845":[{"pref":"岡山県","city":"岡山市南区","town":"浜野"}],"0955":[{"pref":"岡山県","city":"岡山市南区","town":"万倍"}],"0954":[{"pref":"岡山県","city":"岡山市南区","town":"米倉"}]}