{"8001":[{"pref":"岡山県","city":"倉敷市","town":"連島町西之浦"}],"8002":[{"pref":"岡山県","city":"倉敷市","town":"連島町亀島新田"}],"8003":[{"pref":"岡山県","city":"倉敷市","town":"水島明神町"}],"8004":[{"pref":"岡山県","city":"倉敷市","town":"水島南亀島町"}],"8005":[{"pref":"岡山県","city":"倉敷市","town":"水島北亀島町"}],"8006":[{"pref":"岡山県","city":"倉敷市","town":"連島町鶴新田"}],"8007":[{"pref":"岡山県","city":"倉敷市","town":"鶴の浦"}],"8011":[{"pref":"岡山県","city":"倉敷市","town":"連島町連島"}],"8012":[{"pref":"岡山県","city":"倉敷市","town":"連島"}],"8013":[{"pref":"岡山県","city":"倉敷市","town":"亀島"}],"8014":[{"pref":"岡山県","city":"倉敷市","town":"連島中央"}],"8015":[{"pref":"岡山県","city":"倉敷市","town":"連島町矢柄"}],"8021":[{"pref":"岡山県","city":"倉敷市","town":"水島東川町"}],"8022":[{"pref":"岡山県","city":"倉敷市","town":"水島北緑町"}],"8023":[{"pref":"岡山県","city":"倉敷市","town":"水島南緑町"}],"8024":[{"pref":"岡山県","city":"倉敷市","town":"水島北春日町"}],"8025":[{"pref":"岡山県","city":"倉敷市","town":"水島南春日町"}],"8026":[{"pref":"岡山県","city":"倉敷市","town":"水島南瑞穂町"}],"8027":[{"pref":"岡山県","city":"倉敷市","town":"水島北瑞穂町"}],"8031":[{"pref":"岡山県","city":"倉敷市","town":"福田町浦田"}],"8032":[{"pref":"岡山県","city":"倉敷市","town":"北畝"}],"8033":[{"pref":"岡山県","city":"倉敷市","town":"水島東栄町"}],"8034":[{"pref":"岡山県","city":"倉敷市","town":"水島西栄町"}],"8035":[{"pref":"岡山県","city":"倉敷市","town":"水島東弥生町"}],"8036":[{"pref":"岡山県","city":"倉敷市","town":"水島西弥生町"}],"8037":[{"pref":"岡山県","city":"倉敷市","town":"水島東寿町"}],"8038":[{"pref":"岡山県","city":"倉敷市","town":"水島西寿町"}],"8039":[{"pref":"岡山県","city":"倉敷市","town":"水島相生町"}],"8041":[{"pref":"岡山県","city":"倉敷市","town":"福田町福田"}],"8042":[{"pref":"岡山県","city":"倉敷市","town":"福田町広江"}],"8043":[{"pref":"岡山県","city":"倉敷市","town":"広江"}],"8044":[{"pref":"岡山県","city":"倉敷市","town":"東塚"}],"8045":[{"pref":"岡山県","city":"倉敷市","town":"福田町東塚"}],"8046":[{"pref":"岡山県","city":"倉敷市","town":"福田町古新田"}],"8051":[{"pref":"岡山県","city":"倉敷市","town":"中畝"}],"8052":[{"pref":"岡山県","city":"倉敷市","town":"松江"}],"8053":[{"pref":"岡山県","city":"倉敷市","town":"呼松"},{"pref":"岡山県","city":"倉敷市","town":"呼松町"}],"8054":[{"pref":"岡山県","city":"倉敷市","town":"潮通"}],"8055":[{"pref":"岡山県","city":"倉敷市","town":"南畝"}],"8056":[{"pref":"岡山県","city":"倉敷市","town":"水島福崎町"}],"8057":[{"pref":"岡山県","city":"倉敷市","town":"水島東千鳥町"}],"8058":[{"pref":"岡山県","city":"倉敷市","town":"水島東常盤町"}],"8059":[{"pref":"岡山県","city":"倉敷市","town":"水島西常盤町"}],"8061":[{"pref":"岡山県","city":"倉敷市","town":"神田"}],"8062":[{"pref":"岡山県","city":"倉敷市","town":"水島北幸町"}],"8063":[{"pref":"岡山県","city":"倉敷市","town":"水島南幸町"}],"8064":[{"pref":"岡山県","city":"倉敷市","town":"水島青葉町"}],"8065":[{"pref":"岡山県","city":"倉敷市","town":"水島西千鳥町"}],"8066":[{"pref":"岡山県","city":"倉敷市","town":"水島高砂町"}],"8071":[{"pref":"岡山県","city":"倉敷市","town":"水島海岸通"}],"8072":[{"pref":"岡山県","city":"倉敷市","town":"水島中通"}],"8073":[{"pref":"岡山県","city":"倉敷市","town":"水島西通"}],"8074":[{"pref":"岡山県","city":"倉敷市","town":"水島川崎通"}]}