{"松江市":{"以下に掲載がない場合":[{"zip":"6900000","zip1":"690","zip2":"0000"}],"秋鹿町":[{"zip":"6900261","zip1":"690","zip2":"0261"}],"青葉台":[{"zip":"6900022","zip1":"690","zip2":"0022"}],"上乃木":[{"zip":"6900015","zip1":"690","zip2":"0015"}],"朝酌町":[{"zip":"6900834","zip1":"690","zip2":"0834"}],"朝日町":[{"zip":"6900003","zip1":"690","zip2":"0003"}],"意宇町":[{"zip":"6900027","zip1":"690","zip2":"0027"}],"石橋町":[{"zip":"6900881","zip1":"690","zip2":"0881"}],"伊勢宮町":[{"zip":"6900006","zip1":"690","zip2":"0006"}],"一の谷町":[{"zip":"6900034","zip1":"690","zip2":"0034"}],"魚町":[{"zip":"6900062","zip1":"690","zip2":"0062"}],"うぐいす台":[{"zip":"6900869","zip1":"690","zip2":"0869"}],"打出町":[{"zip":"6900131","zip1":"690","zip2":"0131"}],"内中原町":[{"zip":"6900873","zip1":"690","zip2":"0873"}],"邑生町":[{"zip":"6901115","zip1":"690","zip2":"1115"}],"大井町":[{"zip":"6900832","zip1":"690","zip2":"0832"}],"大垣町":[{"zip":"6900263","zip1":"690","zip2":"0263"}],"大草町":[{"zip":"6900032","zip1":"690","zip2":"0032"}],"大野町":[{"zip":"6900264","zip1":"690","zip2":"0264"}],"大庭町":[{"zip":"6900033","zip1":"690","zip2":"0033"}],"大海崎町":[{"zip":"6900831","zip1":"690","zip2":"0831"}],"岡本町":[{"zip":"6900262","zip1":"690","zip2":"0262"}],"奥谷町":[{"zip":"6900872","zip1":"690","zip2":"0872"}],"御手船場町":[{"zip":"6900007","zip1":"690","zip2":"0007"}],"魚瀬町":[{"zip":"6900266","zip1":"690","zip2":"0266"}],"苧町":[{"zip":"6900848","zip1":"690","zip2":"0848"}],"学園":[{"zip":"6900825","zip1":"690","zip2":"0825"}],"学園南":[{"zip":"6900826","zip1":"690","zip2":"0826"}],"鹿島町恵曇":[{"zip":"6900322","zip1":"690","zip2":"0322"}],"鹿島町片句":[{"zip":"6900324","zip1":"690","zip2":"0324"}],"鹿島町上講武":[{"zip":"6900801","zip1":"690","zip2":"0801"}],"鹿島町北講武":[{"zip":"6900804","zip1":"690","zip2":"0804"}],"鹿島町古浦":[{"zip":"6900333","zip1":"690","zip2":"0333"}],"鹿島町佐陀本郷":[{"zip":"6900332","zip1":"690","zip2":"0332"}],"鹿島町佐陀宮内":[{"zip":"6900331","zip1":"690","zip2":"0331"}],"鹿島町武代":[{"zip":"6900321","zip1":"690","zip2":"0321"}],"鹿島町手結":[{"zip":"6900323","zip1":"690","zip2":"0323"}],"鹿島町御津":[{"zip":"6900411","zip1":"690","zip2":"0411"}],"鹿島町南講武":[{"zip":"6900802","zip1":"690","zip2":"0802"}],"鹿島町名分":[{"zip":"6900803","zip1":"690","zip2":"0803"}],"春日町":[{"zip":"6900877","zip1":"690","zip2":"0877"}],"片原町":[{"zip":"6900847","zip1":"690","zip2":"0847"}],"上宇部尾町":[{"zip":"6901104","zip1":"690","zip2":"1104"}],"上大野町":[{"zip":"6900265","zip1":"690","zip2":"0265"}],"上佐陀町":[{"zip":"6900867","zip1":"690","zip2":"0867"}],"上東川津町":[{"zip":"6900821","zip1":"690","zip2":"0821"}],"上本庄町":[{"zip":"6901102","zip1":"690","zip2":"1102"}],"川原町":[{"zip":"6900812","zip1":"690","zip2":"0812"}],"北田町":[{"zip":"6900883","zip1":"690","zip2":"0883"}],"北堀町":[{"zip":"6900888","zip1":"690","zip2":"0888"}],"国屋町":[{"zip":"6900859","zip1":"690","zip2":"0859"}],"黒田町":[{"zip":"6900876","zip1":"690","zip2":"0876"}],"古志町":[{"zip":"6900121","zip1":"690","zip2":"0121"}],"古志原":[{"zip":"6900012","zip1":"690","zip2":"0012"}],"古志原町":[{"zip":"6900013","zip1":"690","zip2":"0013"}],"古曽志町":[{"zip":"6900151","zip1":"690","zip2":"0151"}],"薦津町":[{"zip":"6900856","zip1":"690","zip2":"0856"}],"雑賀町":[{"zip":"6900056","zip1":"690","zip2":"0056"}],"幸町":[{"zip":"6900041","zip1":"690","zip2":"0041"}],"栄町":[{"zip":"6900042","zip1":"690","zip2":"0042"}],"坂本町":[{"zip":"6900813","zip1":"690","zip2":"0813"}],"佐草町":[{"zip":"6900035","zip1":"690","zip2":"0035"}],"島根町大芦":[{"zip":"6900402","zip1":"690","zip2":"0402"}],"島根町加賀":[{"zip":"6900401","zip1":"690","zip2":"0401"}],"島根町多古":[{"zip":"6901213","zip1":"690","zip2":"1213"}],"島根町野井":[{"zip":"6901211","zip1":"690","zip2":"1211"}],"島根町野波":[{"zip":"6901212","zip1":"690","zip2":"1212"}],"下佐陀町":[{"zip":"6900866","zip1":"690","zip2":"0866"}],"下東川津町":[{"zip":"6900822","zip1":"690","zip2":"0822"}],"荘成町":[{"zip":"6900141","zip1":"690","zip2":"0141"}],"淞北台":[{"zip":"6900868","zip1":"690","zip2":"0868"}],"白潟本町":[{"zip":"6900061","zip1":"690","zip2":"0061"}],"新雑賀町":[{"zip":"6900054","zip1":"690","zip2":"0054"}],"宍道町伊志見":[{"zip":"6990407","zip1":"699","zip2":"0407"}],"宍道町上来待":[{"zip":"6990405","zip1":"699","zip2":"0405"}],"宍道町佐々布":[{"zip":"6990406","zip1":"699","zip2":"0406"}],"宍道町昭和":[{"zip":"6990408","zip1":"699","zip2":"0408"}],"宍道町宍道":[{"zip":"6990401","zip1":"699","zip2":"0401"}],"宍道町西来待":[{"zip":"6990403","zip1":"699","zip2":"0403"}],"宍道町白石":[{"zip":"6990402","zip1":"699","zip2":"0402"}],"宍道町東来待":[{"zip":"6990404","zip1":"699","zip2":"0404"}],"新庄町":[{"zip":"6901103","zip1":"690","zip2":"1103"}],"新町":[{"zip":"6900057","zip1":"690","zip2":"0057"}],"末次町":[{"zip":"6900846","zip1":"690","zip2":"0846"}],"末次本町":[{"zip":"6900843","zip1":"690","zip2":"0843"}],"菅田町":[{"zip":"6900824","zip1":"690","zip2":"0824"}],"砂子町":[{"zip":"6900878","zip1":"690","zip2":"0878"}],"袖師町":[{"zip":"6900049","zip1":"690","zip2":"0049"}],"外中原町":[{"zip":"6900875","zip1":"690","zip2":"0875"}],"大正町":[{"zip":"6900002","zip1":"690","zip2":"0002"}],"大輪町":[{"zip":"6900882","zip1":"690","zip2":"0882"}],"手角町":[{"zip":"6901113","zip1":"690","zip2":"1113"}],"竪町":[{"zip":"6900052","zip1":"690","zip2":"0052"}],"玉湯町大谷":[{"zip":"6990205","zip1":"699","zip2":"0205"}],"玉湯町玉造":[{"zip":"6990201","zip1":"699","zip2":"0201"}],"玉湯町林":[{"zip":"6990204","zip1":"699","zip2":"0204"}],"玉湯町布志名":[{"zip":"6990203","zip1":"699","zip2":"0203"}],"玉湯町湯町":[{"zip":"6990202","zip1":"699","zip2":"0202"}],"田和山町":[{"zip":"6900058","zip1":"690","zip2":"0058"}],"竹矢町":[{"zip":"6900023","zip1":"690","zip2":"0023"}],"千鳥町":[{"zip":"6900852","zip1":"690","zip2":"0852"}],"津田町":[{"zip":"6900055","zip1":"690","zip2":"0055"}],"寺町":[{"zip":"6900063","zip1":"690","zip2":"0063"}],"天神町":[{"zip":"6900064","zip1":"690","zip2":"0064"}],"堂形町":[{"zip":"6900851","zip1":"690","zip2":"0851"}],"殿町":[{"zip":"6900887","zip1":"690","zip2":"0887"}],"中原町":[{"zip":"6900874","zip1":"690","zip2":"0874"}],"長海町":[{"zip":"6901112","zip1":"690","zip2":"1112"}],"灘町":[{"zip":"6900065","zip1":"690","zip2":"0065"}],"南平台":[{"zip":"6900854","zip1":"690","zip2":"0854"}],"西生馬町":[{"zip":"6900865","zip1":"690","zip2":"0865"}],"西忌部町":[{"zip":"6900037","zip1":"690","zip2":"0037"}],"西尾町":[{"zip":"6900835","zip1":"690","zip2":"0835"}],"西川津町":[{"zip":"6900823","zip1":"690","zip2":"0823"}],"西谷町":[{"zip":"6900142","zip1":"690","zip2":"0142"}],"西茶町":[{"zip":"6900845","zip1":"690","zip2":"0845"}],"西津田":[{"zip":"6900017","zip1":"690","zip2":"0017"}],"西長江町":[{"zip":"6900132","zip1":"690","zip2":"0132"}],"西浜佐陀町":[{"zip":"6900122","zip1":"690","zip2":"0122"}],"西法吉町":[{"zip":"6900860","zip1":"690","zip2":"0860"}],"西持田町":[{"zip":"6900815","zip1":"690","zip2":"0815"}],"西嫁島":[{"zip":"6900048","zip1":"690","zip2":"0048"}],"乃木福富町":[{"zip":"6900046","zip1":"690","zip2":"0046"}],"乃白町":[{"zip":"6900045","zip1":"690","zip2":"0045"}],"野原町":[{"zip":"6901114","zip1":"690","zip2":"1114"}],"八軒屋町":[{"zip":"6900004","zip1":"690","zip2":"0004"}],"浜佐田町":[{"zip":"6900855","zip1":"690","zip2":"0855"}],"浜乃木":[{"zip":"6900044","zip1":"690","zip2":"0044"}],"東朝日町":[{"zip":"6900001","zip1":"690","zip2":"0001"}],"東生馬町":[{"zip":"6900864","zip1":"690","zip2":"0864"}],"東出雲町出雲郷":[{"zip":"6990108","zip1":"699","zip2":"0108"}],"東出雲町意宇南":[{"zip":"6990111","zip1":"699","zip2":"0111"}],"東出雲町意宇東":[{"zip":"6990112","zip1":"699","zip2":"0112"}],"東出雲町今宮":[{"zip":"6990107","zip1":"699","zip2":"0107"}],"東出雲町揖屋":[{"zip":"6990101","zip1":"699","zip2":"0101"}],"東出雲町内馬":[{"zip":"6990105","zip1":"699","zip2":"0105"}],"東出雲町春日":[{"zip":"6990106","zip1":"699","zip2":"0106"}],"東出雲町上意東":[{"zip":"6990103","zip1":"699","zip2":"0103"}],"東出雲町下意東":[{"zip":"6990102","zip1":"699","zip2":"0102"}],"東出雲町須田":[{"zip":"6990104","zip1":"699","zip2":"0104"}],"東出雲町錦新町":[{"zip":"6990110","zip1":"699","zip2":"0110"}],"東出雲町錦浜":[{"zip":"6990109","zip1":"699","zip2":"0109"}],"東忌部町":[{"zip":"6900036","zip1":"690","zip2":"0036"}],"東奥谷町":[{"zip":"6900871","zip1":"690","zip2":"0871"}],"東茶町":[{"zip":"6900844","zip1":"690","zip2":"0844"}],"東津田町":[{"zip":"6900011","zip1":"690","zip2":"0011"}],"東長江町":[{"zip":"6900133","zip1":"690","zip2":"0133"}],"東本町":[{"zip":"6900842","zip1":"690","zip2":"0842"}],"東持田町":[{"zip":"6900814","zip1":"690","zip2":"0814"}],"比津が丘":[{"zip":"6900862","zip1":"690","zip2":"0862"}],"比津町":[{"zip":"6900863","zip1":"690","zip2":"0863"}],"福富町":[{"zip":"6900833","zip1":"690","zip2":"0833"}],"福原町":[{"zip":"6900811","zip1":"690","zip2":"0811"}],"富士見町":[{"zip":"6900026","zip1":"690","zip2":"0026"}],"平成町":[{"zip":"6900038","zip1":"690","zip2":"0038"}],"北陵町":[{"zip":"6900816","zip1":"690","zip2":"0816"}],"法吉町":[{"zip":"6900861","zip1":"690","zip2":"0861"}],"母衣町":[{"zip":"6900886","zip1":"690","zip2":"0886"}],"本郷町":[{"zip":"6900053","zip1":"690","zip2":"0053"}],"本庄町":[{"zip":"6901101","zip1":"690","zip2":"1101"}],"馬潟町":[{"zip":"6900024","zip1":"690","zip2":"0024"}],"枕木町":[{"zip":"6901111","zip1":"690","zip2":"1111"}],"松尾町":[{"zip":"6900043","zip1":"690","zip2":"0043"}],"南田町":[{"zip":"6900884","zip1":"690","zip2":"0884"}],"美保関町笠浦":[{"zip":"6901223","zip1":"690","zip2":"1223"}],"美保関町片江":[{"zip":"6901315","zip1":"690","zip2":"1315"}],"美保関町北浦":[{"zip":"6901221","zip1":"690","zip2":"1221"}],"美保関町雲津":[{"zip":"6901502","zip1":"690","zip2":"1502"}],"美保関町七類":[{"zip":"6901311","zip1":"690","zip2":"1311"}],"美保関町下宇部尾":[{"zip":"6901313","zip1":"690","zip2":"1313"}],"美保関町菅浦":[{"zip":"6901314","zip1":"690","zip2":"1314"}],"美保関町千酌":[{"zip":"6901222","zip1":"690","zip2":"1222"}],"美保関町福浦":[{"zip":"6901504","zip1":"690","zip2":"1504"}],"美保関町美保関":[{"zip":"6901501","zip1":"690","zip2":"1501"}],"美保関町森山（古金崎）":[{"zip":"6901505","zip1":"690","zip2":"1505"}],"美保関町森山（その他）":[{"zip":"6901312","zip1":"690","zip2":"1312"}],"美保関町諸喰":[{"zip":"6901503","zip1":"690","zip2":"1503"}],"向島町":[{"zip":"6900841","zip1":"690","zip2":"0841"}],"八雲台":[{"zip":"6900014","zip1":"690","zip2":"0014"}],"八雲町熊野":[{"zip":"6902104","zip1":"690","zip2":"2104"}],"八雲町西岩坂":[{"zip":"6902103","zip1":"690","zip2":"2103"}],"八雲町東岩坂":[{"zip":"6902102","zip1":"690","zip2":"2102"}],"八雲町日吉":[{"zip":"6902101","zip1":"690","zip2":"2101"}],"八雲町平原":[{"zip":"6902105","zip1":"690","zip2":"2105"}],"矢田町":[{"zip":"6900021","zip1":"690","zip2":"0021"}],"八束町江島":[{"zip":"6901401","zip1":"690","zip2":"1401"}],"八束町遅江":[{"zip":"6901403","zip1":"690","zip2":"1403"}],"八束町亀尻":[{"zip":"6901408","zip1":"690","zip2":"1408"}],"八束町寺津":[{"zip":"6901407","zip1":"690","zip2":"1407"}],"八束町入江":[{"zip":"6901405","zip1":"690","zip2":"1405"}],"八束町波入":[{"zip":"6901404","zip1":"690","zip2":"1404"}],"八束町二子":[{"zip":"6901406","zip1":"690","zip2":"1406"}],"八束町馬渡":[{"zip":"6901402","zip1":"690","zip2":"1402"}],"山代町":[{"zip":"6900031","zip1":"690","zip2":"0031"}],"八幡町":[{"zip":"6900025","zip1":"690","zip2":"0025"}],"横浜町":[{"zip":"6900051","zip1":"690","zip2":"0051"}],"米子町":[{"zip":"6900885","zip1":"690","zip2":"0885"}],"嫁島町":[{"zip":"6900047","zip1":"690","zip2":"0047"}],"和多見町":[{"zip":"6900005","zip1":"690","zip2":"0005"}]},"浜田市":{"以下に掲載がない場合":[{"zip":"6970000","zip1":"697","zip2":"0000"}],"相生町":[{"zip":"6970034","zip1":"697","zip2":"0034"}],"浅井町":[{"zip":"6970022","zip1":"697","zip2":"0022"}],"旭町市木":[{"zip":"6970514","zip1":"697","zip2":"0514"}],"旭町今市":[{"zip":"6970425","zip1":"697","zip2":"0425"}],"旭町木田":[{"zip":"6970427","zip1":"697","zip2":"0427"}],"旭町来尾":[{"zip":"6970512","zip1":"697","zip2":"0512"}],"旭町坂本（八ツ木）":[{"zip":"6970513","zip1":"697","zip2":"0513"}],"旭町坂本（その他）":[{"zip":"6970431","zip1":"697","zip2":"0431"}],"旭町重富":[{"zip":"6970423","zip1":"697","zip2":"0423"}],"旭町都川":[{"zip":"6970511","zip1":"697","zip2":"0511"}],"旭町本郷":[{"zip":"6970422","zip1":"697","zip2":"0422"}],"旭町丸原":[{"zip":"6970426","zip1":"697","zip2":"0426"}],"旭町山ノ内":[{"zip":"6970421","zip1":"697","zip2":"0421"}],"旭町和田":[{"zip":"6970424","zip1":"697","zip2":"0424"}],"朝日町":[{"zip":"6970033","zip1":"697","zip2":"0033"}],"熱田町":[{"zip":"6970062","zip1":"697","zip2":"0062"}],"櫟田原町":[{"zip":"6971334","zip1":"697","zip2":"1334"}],"井野町":[{"zip":"6971335","zip1":"697","zip2":"1335"}],"牛市町":[{"zip":"6970032","zip1":"697","zip2":"0032"}],"後野町":[{"zip":"6970011","zip1":"697","zip2":"0011"}],"内田町（百万騎）":[{"zip":"6970064","zip1":"697","zip2":"0064"}],"内田町（その他）":[{"zip":"6971323","zip1":"697","zip2":"1323"}],"宇津井町":[{"zip":"6970312","zip1":"697","zip2":"0312"}],"宇野町":[{"zip":"6950102","zip1":"695","zip2":"0102"}],"生湯町":[{"zip":"6970002","zip1":"697","zip2":"0002"}],"蛭子町":[{"zip":"6970044","zip1":"697","zip2":"0044"}],"大金町":[{"zip":"6950103","zip1":"695","zip2":"0103"}],"大辻町":[{"zip":"6970053","zip1":"697","zip2":"0053"}],"折居町":[{"zip":"6971338","zip1":"697","zip2":"1338"}],"笠柄町":[{"zip":"6970061","zip1":"697","zip2":"0061"}],"片庭町":[{"zip":"6970041","zip1":"697","zip2":"0041"}],"金城町今福":[{"zip":"6970302","zip1":"697","zip2":"0302"}],"金城町入野":[{"zip":"6970305","zip1":"697","zip2":"0305"}],"金城町宇津井":[{"zip":"6970304","zip1":"697","zip2":"0304"}],"金城町追原":[{"zip":"6970301","zip1":"697","zip2":"0301"}],"金城町小国":[{"zip":"6970213","zip1":"697","zip2":"0213"}],"金城町上来原":[{"zip":"6970122","zip1":"697","zip2":"0122"}],"金城町久佐":[{"zip":"6970303","zip1":"697","zip2":"0303"}],"金城町七条":[{"zip":"6970123","zip1":"697","zip2":"0123"}],"金城町下来原":[{"zip":"6970121","zip1":"697","zip2":"0121"}],"金城町長田":[{"zip":"6970212","zip1":"697","zip2":"0212"}],"金城町波佐":[{"zip":"6970211","zip1":"697","zip2":"0211"}],"上府町":[{"zip":"6970005","zip1":"697","zip2":"0005"}],"京町":[{"zip":"6970045","zip1":"697","zip2":"0045"}],"久代町":[{"zip":"6970004","zip1":"697","zip2":"0004"}],"黒川町":[{"zip":"6970024","zip1":"697","zip2":"0024"}],"高佐町":[{"zip":"6970007","zip1":"697","zip2":"0007"}],"河内町":[{"zip":"6970012","zip1":"697","zip2":"0012"}],"国分町":[{"zip":"6970003","zip1":"697","zip2":"0003"}],"紺屋町":[{"zip":"6970031","zip1":"697","zip2":"0031"}],"栄町":[{"zip":"6970043","zip1":"697","zip2":"0043"}],"佐野町":[{"zip":"6970311","zip1":"697","zip2":"0311"}],"三階町":[{"zip":"6970013","zip1":"697","zip2":"0013"}],"清水町":[{"zip":"6970047","zip1":"697","zip2":"0047"}],"下有福町":[{"zip":"6950101","zip1":"695","zip2":"0101"}],"下府町":[{"zip":"6970006","zip1":"697","zip2":"0006"}],"真光町":[{"zip":"6970046","zip1":"697","zip2":"0046"}],"新町":[{"zip":"6970037","zip1":"697","zip2":"0037"}],"杉戸町":[{"zip":"6970035","zip1":"697","zip2":"0035"}],"周布町":[{"zip":"6971321","zip1":"697","zip2":"1321"}],"瀬戸ケ島町":[{"zip":"6970051","zip1":"697","zip2":"0051"}],"瀬戸見町":[{"zip":"6970057","zip1":"697","zip2":"0057"}],"高田町":[{"zip":"6970054","zip1":"697","zip2":"0054"}],"竹迫町":[{"zip":"6970015","zip1":"697","zip2":"0015"}],"田橋町":[{"zip":"6971332","zip1":"697","zip2":"1332"}],"田町":[{"zip":"6970026","zip1":"697","zip2":"0026"}],"治和町":[{"zip":"6971326","zip1":"697","zip2":"1326"}],"津摩町":[{"zip":"6971327","zip1":"697","zip2":"1327"}],"天満町":[{"zip":"6970036","zip1":"697","zip2":"0036"}],"外ノ浦町":[{"zip":"6970001","zip1":"697","zip2":"0001"}],"殿町":[{"zip":"6970027","zip1":"697","zip2":"0027"}],"内村町（十文字原）":[{"zip":"6970065","zip1":"697","zip2":"0065"}],"内村町（その他）":[{"zip":"6971331","zip1":"697","zip2":"1331"}],"長沢町":[{"zip":"6970023","zip1":"697","zip2":"0023"}],"長浜町":[{"zip":"6970063","zip1":"697","zip2":"0063"}],"長見町":[{"zip":"6970014","zip1":"697","zip2":"0014"}],"鍋石町":[{"zip":"6971333","zip1":"697","zip2":"1333"}],"錦町":[{"zip":"6970042","zip1":"697","zip2":"0042"}],"西村町":[{"zip":"6971337","zip1":"697","zip2":"1337"}],"野原町":[{"zip":"6970016","zip1":"697","zip2":"0016"}],"原井町":[{"zip":"6970017","zip1":"697","zip2":"0017"}],"原町":[{"zip":"6970056","zip1":"697","zip2":"0056"}],"日脚町":[{"zip":"6971322","zip1":"697","zip2":"1322"}],"琵琶町":[{"zip":"6970025","zip1":"697","zip2":"0025"}],"穂出町":[{"zip":"6971324","zip1":"697","zip2":"1324"}],"松原町":[{"zip":"6970021","zip1":"697","zip2":"0021"}],"三隅町芦谷":[{"zip":"6993302","zip1":"699","zip2":"3302"}],"三隅町井川":[{"zip":"6993215","zip1":"699","zip2":"3215"}],"三隅町井野":[{"zip":"6993301","zip1":"699","zip2":"3301"}],"三隅町岡見":[{"zip":"6993226","zip1":"699","zip2":"3226"}],"三隅町折居":[{"zip":"6993222","zip1":"699","zip2":"3222"}],"三隅町上古和":[{"zip":"6993216","zip1":"699","zip2":"3216"}],"三隅町黒沢":[{"zip":"6993217","zip1":"699","zip2":"3217"}],"三隅町河内":[{"zip":"6993213","zip1":"699","zip2":"3213"}],"三隅町西河内":[{"zip":"6993223","zip1":"699","zip2":"3223"}],"三隅町下古和":[{"zip":"6993215","zip1":"699","zip2":"3215"}],"三隅町東平原":[{"zip":"6993221","zip1":"699","zip2":"3221"}],"三隅町古市場":[{"zip":"6993225","zip1":"699","zip2":"3225"}],"三隅町三隅":[{"zip":"6993211","zip1":"699","zip2":"3211"}],"三隅町湊浦":[{"zip":"6993224","zip1":"699","zip2":"3224"}],"三隅町向野田":[{"zip":"6993212","zip1":"699","zip2":"3212"}],"三隅町室谷":[{"zip":"6993303","zip1":"699","zip2":"3303"}],"三隅町矢原":[{"zip":"6993214","zip1":"699","zip2":"3214"}],"港町":[{"zip":"6970052","zip1":"697","zip2":"0052"}],"元浜町":[{"zip":"6970055","zip1":"697","zip2":"0055"}],"弥栄町稲代":[{"zip":"6971215","zip1":"697","zip2":"1215"}],"弥栄町大坪":[{"zip":"6971214","zip1":"697","zip2":"1214"}],"弥栄町小坂":[{"zip":"6971202","zip1":"697","zip2":"1202"}],"弥栄町門田":[{"zip":"6971204","zip1":"697","zip2":"1204"}],"弥栄町木都賀":[{"zip":"6971122","zip1":"697","zip2":"1122"}],"弥栄町高内":[{"zip":"6971203","zip1":"697","zip2":"1203"}],"弥栄町田野原":[{"zip":"6971123","zip1":"697","zip2":"1123"}],"弥栄町栃木":[{"zip":"6971201","zip1":"697","zip2":"1201"}],"弥栄町長安本郷":[{"zip":"6971211","zip1":"697","zip2":"1211"}],"弥栄町野坂":[{"zip":"6971121","zip1":"697","zip2":"1121"}],"弥栄町程原":[{"zip":"6971213","zip1":"697","zip2":"1213"}],"弥栄町三里":[{"zip":"6971212","zip1":"697","zip2":"1212"}],"横山町":[{"zip":"6971336","zip1":"697","zip2":"1336"}],"吉地町":[{"zip":"6971325","zip1":"697","zip2":"1325"}]},"出雲市":{"以下に掲載がない場合":[{"zip":"6930000","zip1":"693","zip2":"0000"}],"朝山町":[{"zip":"6930213","zip1":"693","zip2":"0213"}],"芦渡町":[{"zip":"6930035","zip1":"693","zip2":"0035"}],"荒茅町":[{"zip":"6930044","zip1":"693","zip2":"0044"}],"医大南町":[{"zip":"6930027","zip1":"693","zip2":"0027"}],"稲岡町":[{"zip":"6930071","zip1":"693","zip2":"0071"}],"猪目町":[{"zip":"6910024","zip1":"691","zip2":"0024"}],"今市町":[{"zip":"6930001","zip1":"693","zip2":"0001"}],"今市町北本町":[{"zip":"6930002","zip1":"693","zip2":"0002"}],"今市町南本町":[{"zip":"6930003","zip1":"693","zip2":"0003"}],"十六島町":[{"zip":"6910042","zip1":"691","zip2":"0042"}],"宇那手町":[{"zip":"6930105","zip1":"693","zip2":"0105"}],"駅北町":[{"zip":"6930007","zip1":"693","zip2":"0007"}],"駅南町":[{"zip":"6930008","zip1":"693","zip2":"0008"}],"枝大津町":[{"zip":"6930017","zip1":"693","zip2":"0017"}],"江田町":[{"zip":"6930056","zip1":"693","zip2":"0056"}],"塩冶有原町":[{"zip":"6930023","zip1":"693","zip2":"0023"}],"塩冶神前":[{"zip":"6930024","zip1":"693","zip2":"0024"}],"塩冶善行町":[{"zip":"6930028","zip1":"693","zip2":"0028"}],"塩冶町":[{"zip":"6930021","zip1":"693","zip2":"0021"}],"塩冶町南町":[{"zip":"6930025","zip1":"693","zip2":"0025"}],"塩冶原町":[{"zip":"6930026","zip1":"693","zip2":"0026"}],"大島町":[{"zip":"6990821","zip1":"699","zip2":"0821"}],"大津朝倉":[{"zip":"6930015","zip1":"693","zip2":"0015"}],"大塚町":[{"zip":"6930063","zip1":"693","zip2":"0063"}],"大津新崎町":[{"zip":"6930012","zip1":"693","zip2":"0012"}],"大津町":[{"zip":"6930011","zip1":"693","zip2":"0011"}],"岡田町":[{"zip":"6910063","zip1":"691","zip2":"0063"}],"荻杼町":[{"zip":"6930013","zip1":"693","zip2":"0013"}],"奥宇賀町":[{"zip":"6910021","zip1":"691","zip2":"0021"}],"乙立町":[{"zip":"6930216","zip1":"693","zip2":"0216"}],"小山町":[{"zip":"6930051","zip1":"693","zip2":"0051"}],"釜浦町":[{"zip":"6910043","zip1":"691","zip2":"0043"}],"上塩冶町":[{"zip":"6930022","zip1":"693","zip2":"0022"}],"上岡田町":[{"zip":"6910064","zip1":"691","zip2":"0064"}],"上島町":[{"zip":"6930101","zip1":"693","zip2":"0101"}],"唐川町":[{"zip":"6910023","zip1":"691","zip2":"0023"}],"河下町":[{"zip":"6910025","zip1":"691","zip2":"0025"}],"神門町":[{"zip":"6930034","zip1":"693","zip2":"0034"}],"日下町":[{"zip":"6930072","zip1":"693","zip2":"0072"}],"久多見町":[{"zip":"6910034","zip1":"691","zip2":"0034"}],"口宇賀町":[{"zip":"6910014","zip1":"691","zip2":"0014"}],"国富町":[{"zip":"6910011","zip1":"691","zip2":"0011"}],"小伊津町":[{"zip":"6910052","zip1":"691","zip2":"0052"}],"小境町":[{"zip":"6910074","zip1":"691","zip2":"0074"}],"古志町":[{"zip":"6930031","zip1":"693","zip2":"0031"}],"小津町":[{"zip":"6910041","zip1":"691","zip2":"0041"}],"湖陵町板津":[{"zip":"6990817","zip1":"699","zip2":"0817"}],"湖陵町大池":[{"zip":"6990816","zip1":"699","zip2":"0816"}],"湖陵町差海":[{"zip":"6990811","zip1":"699","zip2":"0811"}],"湖陵町三部":[{"zip":"6990813","zip1":"699","zip2":"0813"}],"湖陵町常楽寺":[{"zip":"6990814","zip1":"699","zip2":"0814"}],"湖陵町二部":[{"zip":"6990812","zip1":"699","zip2":"0812"}],"湖陵町畑村":[{"zip":"6990815","zip1":"699","zip2":"0815"}],"西郷町":[{"zip":"6910015","zip1":"691","zip2":"0015"}],"坂浦町":[{"zip":"6910051","zip1":"691","zip2":"0051"}],"佐田町朝原":[{"zip":"6930501","zip1":"693","zip2":"0501"}],"佐田町大呂":[{"zip":"6930504","zip1":"693","zip2":"0504"}],"佐田町上橋波":[{"zip":"6930526","zip1":"693","zip2":"0526"}],"佐田町毛津":[{"zip":"6930521","zip1":"693","zip2":"0521"}],"佐田町佐津目":[{"zip":"6930523","zip1":"693","zip2":"0523"}],"佐田町下橋波":[{"zip":"6930525","zip1":"693","zip2":"0525"}],"佐田町須佐":[{"zip":"6930503","zip1":"693","zip2":"0503"}],"佐田町高津屋":[{"zip":"6930524","zip1":"693","zip2":"0524"}],"佐田町反辺":[{"zip":"6930506","zip1":"693","zip2":"0506"}],"佐田町原田":[{"zip":"6930502","zip1":"693","zip2":"0502"}],"佐田町東村":[{"zip":"6930512","zip1":"693","zip2":"0512"}],"佐田町一窪田":[{"zip":"6930522","zip1":"693","zip2":"0522"}],"佐田町八幡原":[{"zip":"6930511","zip1":"693","zip2":"0511"}],"佐田町吉野":[{"zip":"6930505","zip1":"693","zip2":"0505"}],"里方町":[{"zip":"6930064","zip1":"693","zip2":"0064"}],"塩津町":[{"zip":"6910044","zip1":"691","zip2":"0044"}],"島村町":[{"zip":"6910004","zip1":"691","zip2":"0004"}],"下古志町":[{"zip":"6930032","zip1":"693","zip2":"0032"}],"下横町":[{"zip":"6930046","zip1":"693","zip2":"0046"}],"白枝町":[{"zip":"6930006","zip1":"693","zip2":"0006"}],"神西沖町":[{"zip":"6990822","zip1":"699","zip2":"0822"}],"神西新町":[{"zip":"6990825","zip1":"699","zip2":"0825"}],"外園町":[{"zip":"6930042","zip1":"693","zip2":"0042"}],"園町":[{"zip":"6910076","zip1":"691","zip2":"0076"}],"大社町鵜峠":[{"zip":"6990762","zip1":"699","zip2":"0762"}],"大社町宇龍":[{"zip":"6990764","zip1":"699","zip2":"0764"}],"大社町北荒木":[{"zip":"6990722","zip1":"699","zip2":"0722"}],"大社町杵築北":[{"zip":"6990702","zip1":"699","zip2":"0702"}],"大社町杵築西":[{"zip":"6990751","zip1":"699","zip2":"0751"}],"大社町杵築東":[{"zip":"6990701","zip1":"699","zip2":"0701"}],"大社町杵築南":[{"zip":"6990711","zip1":"699","zip2":"0711"}],"大社町鷺浦":[{"zip":"6990761","zip1":"699","zip2":"0761"}],"大社町修理免":[{"zip":"6990721","zip1":"699","zip2":"0721"}],"大社町中荒木":[{"zip":"6990741","zip1":"699","zip2":"0741"}],"大社町入南":[{"zip":"6990732","zip1":"699","zip2":"0732"}],"大社町菱根":[{"zip":"6990733","zip1":"699","zip2":"0733"}],"大社町日御碕":[{"zip":"6990763","zip1":"699","zip2":"0763"}],"大社町遙堪":[{"zip":"6990731","zip1":"699","zip2":"0731"}],"高岡町":[{"zip":"6930066","zip1":"693","zip2":"0066"}],"高松町":[{"zip":"6930053","zip1":"693","zip2":"0053"}],"多伎町奥田儀":[{"zip":"6990905","zip1":"699","zip2":"0905"}],"多伎町小田":[{"zip":"6990903","zip1":"699","zip2":"0903"}],"多伎町神原":[{"zip":"6990906","zip1":"699","zip2":"0906"}],"多伎町口田儀":[{"zip":"6990904","zip1":"699","zip2":"0904"}],"多伎町久村":[{"zip":"6990901","zip1":"699","zip2":"0901"}],"多伎町多岐":[{"zip":"6990902","zip1":"699","zip2":"0902"}],"多久谷町":[{"zip":"6910062","zip1":"691","zip2":"0062"}],"多久町":[{"zip":"6910061","zip1":"691","zip2":"0061"}],"武志町":[{"zip":"6930014","zip1":"693","zip2":"0014"}],"知井宮町":[{"zip":"6930033","zip1":"693","zip2":"0033"}],"地合町":[{"zip":"6910071","zip1":"691","zip2":"0071"}],"築山新町":[{"zip":"6930029","zip1":"693","zip2":"0029"}],"常松町":[{"zip":"6930057","zip1":"693","zip2":"0057"}],"天神町":[{"zip":"6930005","zip1":"693","zip2":"0005"}],"東郷町":[{"zip":"6910065","zip1":"691","zip2":"0065"}],"東福町":[{"zip":"6910031","zip1":"691","zip2":"0031"}],"所原町":[{"zip":"6930214","zip1":"693","zip2":"0214"}],"中野町":[{"zip":"6930062","zip1":"693","zip2":"0062"}],"中野美保北":[{"zip":"6930081","zip1":"693","zip2":"0081"}],"中野美保南":[{"zip":"6930082","zip1":"693","zip2":"0082"}],"長浜町":[{"zip":"6930043","zip1":"693","zip2":"0043"}],"灘分町":[{"zip":"6910003","zip1":"691","zip2":"0003"}],"西神西町":[{"zip":"6990824","zip1":"699","zip2":"0824"}],"西新町":[{"zip":"6930037","zip1":"693","zip2":"0037"}],"西園町":[{"zip":"6930041","zip1":"693","zip2":"0041"}],"西代町":[{"zip":"6910012","zip1":"691","zip2":"0012"}],"西谷町":[{"zip":"6930102","zip1":"693","zip2":"0102"}],"西林木町":[{"zip":"6930073","zip1":"693","zip2":"0073"}],"西平田町":[{"zip":"6910002","zip1":"691","zip2":"0002"}],"野石谷町":[{"zip":"6910066","zip1":"691","zip2":"0066"}],"野郷町":[{"zip":"6910072","zip1":"691","zip2":"0072"}],"野尻町":[{"zip":"6930103","zip1":"693","zip2":"0103"}],"浜町":[{"zip":"6930054","zip1":"693","zip2":"0054"}],"稗原町":[{"zip":"6930104","zip1":"693","zip2":"0104"}],"東神西町":[{"zip":"6990823","zip1":"699","zip2":"0823"}],"東園町":[{"zip":"6930045","zip1":"693","zip2":"0045"}],"東林木町":[{"zip":"6930074","zip1":"693","zip2":"0074"}],"斐川町併川":[{"zip":"6990615","zip1":"699","zip2":"0615"}],"斐川町阿宮":[{"zip":"6990611","zip1":"699","zip2":"0611"}],"斐川町今在家":[{"zip":"6990644","zip1":"699","zip2":"0644"}],"斐川町沖洲":[{"zip":"6990551","zip1":"699","zip2":"0551"}],"斐川町学頭":[{"zip":"6990501","zip1":"699","zip2":"0501"}],"斐川町上庄原":[{"zip":"6990505","zip1":"699","zip2":"0505"}],"斐川町上直江":[{"zip":"6990624","zip1":"699","zip2":"0624"}],"斐川町神庭":[{"zip":"6990503","zip1":"699","zip2":"0503"}],"斐川町神氷":[{"zip":"6990613","zip1":"699","zip2":"0613"}],"斐川町求院":[{"zip":"6990614","zip1":"699","zip2":"0614"}],"斐川町黒目":[{"zip":"6990553","zip1":"699","zip2":"0553"}],"斐川町坂田":[{"zip":"6990555","zip1":"699","zip2":"0555"}],"斐川町三分市":[{"zip":"6990554","zip1":"699","zip2":"0554"}],"斐川町出西":[{"zip":"6990612","zip1":"699","zip2":"0612"}],"斐川町荘原":[{"zip":"6990502","zip1":"699","zip2":"0502"}],"斐川町富村":[{"zip":"6990621","zip1":"699","zip2":"0621"}],"斐川町鳥井":[{"zip":"6990623","zip1":"699","zip2":"0623"}],"斐川町直江":[{"zip":"6990631","zip1":"699","zip2":"0631"}],"斐川町中洲":[{"zip":"6990552","zip1":"699","zip2":"0552"}],"斐川町名島":[{"zip":"6990622","zip1":"699","zip2":"0622"}],"斐川町原鹿":[{"zip":"6990643","zip1":"699","zip2":"0643"}],"斐川町福富":[{"zip":"6990642","zip1":"699","zip2":"0642"}],"斐川町三絡":[{"zip":"6990504","zip1":"699","zip2":"0504"}],"斐川町美南":[{"zip":"6990641","zip1":"699","zip2":"0641"}],"姫原（１～４丁目）":[{"zip":"6930068","zip1":"693","zip2":"0068"}],"姫原町":[{"zip":"6930061","zip1":"693","zip2":"0061"}],"平田町":[{"zip":"6910001","zip1":"691","zip2":"0001"}],"平野町":[{"zip":"6930065","zip1":"693","zip2":"0065"}],"船津町":[{"zip":"6930106","zip1":"693","zip2":"0106"}],"平成町":[{"zip":"6930036","zip1":"693","zip2":"0036"}],"別所町":[{"zip":"6910022","zip1":"691","zip2":"0022"}],"本庄町":[{"zip":"6910032","zip1":"691","zip2":"0032"}],"馬木北町":[{"zip":"6930211","zip1":"693","zip2":"0211"}],"馬木町":[{"zip":"6930212","zip1":"693","zip2":"0212"}],"松寄下町":[{"zip":"6930052","zip1":"693","zip2":"0052"}],"万田町":[{"zip":"6910033","zip1":"691","zip2":"0033"}],"美談町":[{"zip":"6910013","zip1":"691","zip2":"0013"}],"三津町":[{"zip":"6910053","zip1":"691","zip2":"0053"}],"美保町":[{"zip":"6910045","zip1":"691","zip2":"0045"}],"見々久町":[{"zip":"6930215","zip1":"693","zip2":"0215"}],"八島町":[{"zip":"6930055","zip1":"693","zip2":"0055"}],"矢野町":[{"zip":"6930058","zip1":"693","zip2":"0058"}],"矢尾町":[{"zip":"6930067","zip1":"693","zip2":"0067"}],"美野町":[{"zip":"6910073","zip1":"691","zip2":"0073"}],"鹿園寺町":[{"zip":"6910075","zip1":"691","zip2":"0075"}],"渡橋町":[{"zip":"6930004","zip1":"693","zip2":"0004"}]},"益田市":{"以下に掲載がない場合":[{"zip":"6980000","zip1":"698","zip2":"0000"}],"赤雁町":[{"zip":"6993672","zip1":"699","zip2":"3672"}],"赤城町":[{"zip":"6980034","zip1":"698","zip2":"0034"}],"あけぼの東町":[{"zip":"6980027","zip1":"698","zip2":"0027"}],"あけぼの西町":[{"zip":"6980025","zip1":"698","zip2":"0025"}],"あけぼの本町":[{"zip":"6980026","zip1":"698","zip2":"0026"}],"愛栄町":[{"zip":"6982253","zip1":"698","zip2":"2253"}],"有明町":[{"zip":"6980022","zip1":"698","zip2":"0022"}],"有田町":[{"zip":"6993765","zip1":"699","zip2":"3765"}],"飯田町":[{"zip":"6980037","zip1":"698","zip2":"0037"}],"飯浦町":[{"zip":"6993761","zip1":"699","zip2":"3761"}],"市原町":[{"zip":"6982142","zip1":"698","zip2":"2142"}],"猪木谷町":[{"zip":"6995123","zip1":"699","zip2":"5123"}],"岩倉町":[{"zip":"6980014","zip1":"698","zip2":"0014"}],"内田町（石見空港）":[{"zip":"6980051","zip1":"698","zip2":"0051"}],"内田町（その他）":[{"zip":"6982143","zip1":"698","zip2":"2143"}],"馬谷町":[{"zip":"6980413","zip1":"698","zip2":"0413"}],"梅月町":[{"zip":"6995127","zip1":"699","zip2":"5127"}],"駅前町":[{"zip":"6980024","zip1":"698","zip2":"0024"}],"大草町":[{"zip":"6993674","zip1":"699","zip2":"3674"}],"大谷町":[{"zip":"6980012","zip1":"698","zip2":"0012"}],"乙子町":[{"zip":"6993675","zip1":"699","zip2":"3675"}],"乙吉町":[{"zip":"6980003","zip1":"698","zip2":"0003"}],"柏原町":[{"zip":"6982252","zip1":"698","zip2":"2252"}],"桂平町":[{"zip":"6982254","zip1":"698","zip2":"2254"}],"金山町":[{"zip":"6993501","zip1":"699","zip2":"3501"}],"上黒谷町":[{"zip":"6982255","zip1":"698","zip2":"2255"}],"かもしま北町":[{"zip":"6980045","zip1":"698","zip2":"0045"}],"かもしま西町":[{"zip":"6980047","zip1":"698","zip2":"0047"}],"かもしま東町":[{"zip":"6980046","zip1":"698","zip2":"0046"}],"川登町":[{"zip":"6982145","zip1":"698","zip2":"2145"}],"神田町":[{"zip":"6995133","zip1":"699","zip2":"5133"}],"喜阿弥町":[{"zip":"6993764","zip1":"699","zip2":"3764"}],"木部町":[{"zip":"6993502","zip1":"699","zip2":"3502"}],"久々茂町":[{"zip":"6980013","zip1":"698","zip2":"0013"}],"久城町":[{"zip":"6980001","zip1":"698","zip2":"0001"}],"黒周町":[{"zip":"6982251","zip1":"698","zip2":"2251"}],"小浜町":[{"zip":"6993762","zip1":"699","zip2":"3762"}],"幸町":[{"zip":"6980021","zip1":"698","zip2":"0021"}],"栄町":[{"zip":"6980035","zip1":"698","zip2":"0035"}],"下種町":[{"zip":"6993503","zip1":"699","zip2":"3503"}],"下波田町":[{"zip":"6980414","zip1":"698","zip2":"0414"}],"下本郷町":[{"zip":"6980002","zip1":"698","zip2":"0002"}],"昭和町":[{"zip":"6980007","zip1":"698","zip2":"0007"}],"白岩町":[{"zip":"6995125","zip1":"699","zip2":"5125"}],"白上町":[{"zip":"6982141","zip1":"698","zip2":"2141"}],"須子町":[{"zip":"6980036","zip1":"698","zip2":"0036"}],"薄原町":[{"zip":"6995124","zip1":"699","zip2":"5124"}],"隅村町":[{"zip":"6995126","zip1":"699","zip2":"5126"}],"染羽町":[{"zip":"6980011","zip1":"698","zip2":"0011"}],"高津":[{"zip":"6980041","zip1":"698","zip2":"0041"}],"高津町":[{"zip":"6980041","zip1":"698","zip2":"0041"}],"多田町":[{"zip":"6980031","zip1":"698","zip2":"0031"}],"種村町":[{"zip":"6993504","zip1":"699","zip2":"3504"}],"津田町":[{"zip":"6993671","zip1":"699","zip2":"3671"}],"土田町":[{"zip":"6993505","zip1":"699","zip2":"3505"}],"土井町":[{"zip":"6980016","zip1":"698","zip2":"0016"}],"遠田町":[{"zip":"6993676","zip1":"699","zip2":"3676"}],"常盤町":[{"zip":"6980023","zip1":"698","zip2":"0023"}],"戸田町":[{"zip":"6993763","zip1":"699","zip2":"3763"}],"栃山町":[{"zip":"6980015","zip1":"698","zip2":"0015"}],"中垣内町":[{"zip":"6982146","zip1":"698","zip2":"2146"}],"中須町":[{"zip":"6980044","zip1":"698","zip2":"0044"}],"中島町":[{"zip":"6980043","zip1":"698","zip2":"0043"}],"中吉田町":[{"zip":"6980042","zip1":"698","zip2":"0042"}],"長沢町":[{"zip":"6980412","zip1":"698","zip2":"0412"}],"七尾町":[{"zip":"6980017","zip1":"698","zip2":"0017"}],"西平原町":[{"zip":"6993506","zip1":"699","zip2":"3506"}],"波田町":[{"zip":"6980411","zip1":"698","zip2":"0411"}],"東町":[{"zip":"6980004","zip1":"698","zip2":"0004"}],"匹見町石谷":[{"zip":"6981223","zip1":"698","zip2":"1223"}],"匹見町落合":[{"zip":"6981213","zip1":"698","zip2":"1213"}],"匹見町紙祖":[{"zip":"6981212","zip1":"698","zip2":"1212"}],"匹見町澄川":[{"zip":"6981221","zip1":"698","zip2":"1221"}],"匹見町匹見":[{"zip":"6981211","zip1":"698","zip2":"1211"}],"匹見町広瀬":[{"zip":"6981222","zip1":"698","zip2":"1222"}],"匹見町道川":[{"zip":"6981201","zip1":"698","zip2":"1201"}],"左ケ山町":[{"zip":"6995121","zip1":"699","zip2":"5121"}],"本俣賀町":[{"zip":"6995122","zip1":"699","zip2":"5122"}],"本町":[{"zip":"6980005","zip1":"698","zip2":"0005"}],"水分町":[{"zip":"6980032","zip1":"698","zip2":"0032"}],"美都町朝倉":[{"zip":"6980213","zip1":"698","zip2":"0213"}],"美都町板井川":[{"zip":"6980201","zip1":"698","zip2":"0201"}],"美都町宇津川":[{"zip":"6980202","zip1":"698","zip2":"0202"}],"美都町久原":[{"zip":"6980206","zip1":"698","zip2":"0206"}],"美都町小原":[{"zip":"6980211","zip1":"698","zip2":"0211"}],"美都町笹倉":[{"zip":"6980214","zip1":"698","zip2":"0214"}],"美都町仙道":[{"zip":"6980212","zip1":"698","zip2":"0212"}],"美都町都茂":[{"zip":"6980203","zip1":"698","zip2":"0203"}],"美都町丸茂":[{"zip":"6980207","zip1":"698","zip2":"0207"}],"美都町三谷":[{"zip":"6980205","zip1":"698","zip2":"0205"}],"美都町山本":[{"zip":"6980204","zip1":"698","zip2":"0204"}],"美濃地町":[{"zip":"6993766","zip1":"699","zip2":"3766"}],"三宅町":[{"zip":"6980006","zip1":"698","zip2":"0006"}],"向横田町":[{"zip":"6995134","zip1":"699","zip2":"5134"}],"虫追町":[{"zip":"6982144","zip1":"698","zip2":"2144"}],"元町":[{"zip":"6980033","zip1":"698","zip2":"0033"}],"安富町":[{"zip":"6995131","zip1":"699","zip2":"5131"}],"山折町":[{"zip":"6993673","zip1":"699","zip2":"3673"}],"横田町":[{"zip":"6995132","zip1":"699","zip2":"5132"}]},"大田市":{"以下に掲載がない場合":[{"zip":"6940000","zip1":"694","zip2":"0000"}],"朝山町朝倉":[{"zip":"6992213","zip1":"699","zip2":"2213"}],"朝山町仙山":[{"zip":"6992212","zip1":"699","zip2":"2212"}],"五十猛町":[{"zip":"6940035","zip1":"694","zip2":"0035"}],"大代町大家":[{"zip":"6940433","zip1":"694","zip2":"0433"}],"大代町新屋":[{"zip":"6940432","zip1":"694","zip2":"0432"}],"大田町大田":[{"zip":"6940064","zip1":"694","zip2":"0064"}],"大田町野城":[{"zip":"6940062","zip1":"694","zip2":"0062"}],"大田町吉永":[{"zip":"6940063","zip1":"694","zip2":"0063"}],"大森町":[{"zip":"6940305","zip1":"694","zip2":"0305"}],"大屋町大国":[{"zip":"6940033","zip1":"694","zip2":"0033"}],"大屋町大屋":[{"zip":"6940034","zip1":"694","zip2":"0034"}],"大屋町鬼村":[{"zip":"6940032","zip1":"694","zip2":"0032"}],"川合町忍原":[{"zip":"6940012","zip1":"694","zip2":"0012"}],"川合町川合":[{"zip":"6940011","zip1":"694","zip2":"0011"}],"川合町吉永":[{"zip":"6940013","zip1":"694","zip2":"0013"}],"久手町刺鹿":[{"zip":"6940052","zip1":"694","zip2":"0052"}],"久手町波根西":[{"zip":"6940051","zip1":"694","zip2":"0051"}],"久利町市原":[{"zip":"6940022","zip1":"694","zip2":"0022"}],"久利町久利":[{"zip":"6940024","zip1":"694","zip2":"0024"}],"久利町佐摩":[{"zip":"6940023","zip1":"694","zip2":"0023"}],"久利町松代":[{"zip":"6940025","zip1":"694","zip2":"0025"}],"久利町行恒":[{"zip":"6940021","zip1":"694","zip2":"0021"}],"三瓶町池田":[{"zip":"6940223","zip1":"694","zip2":"0223"}],"三瓶町上山":[{"zip":"6940221","zip1":"694","zip2":"0221"}],"三瓶町小屋原":[{"zip":"6940224","zip1":"694","zip2":"0224"}],"三瓶町志学":[{"zip":"6940222","zip1":"694","zip2":"0222"}],"三瓶町多根":[{"zip":"6940003","zip1":"694","zip2":"0003"}],"三瓶町野城":[{"zip":"6940004","zip1":"694","zip2":"0004"}],"静間町":[{"zip":"6940031","zip1":"694","zip2":"0031"}],"祖式町":[{"zip":"6940431","zip1":"694","zip2":"0431"}],"富山町神原":[{"zip":"6992214","zip1":"699","zip2":"2214"}],"富山町才坂":[{"zip":"6992215","zip1":"699","zip2":"2215"}],"富山町山中（押ケ峠）":[{"zip":"6940061","zip1":"694","zip2":"0061"}],"富山町山中（その他）":[{"zip":"6992216","zip1":"699","zip2":"2216"}],"鳥井町鳥井":[{"zip":"6940054","zip1":"694","zip2":"0054"}],"鳥井町鳥越":[{"zip":"6940053","zip1":"694","zip2":"0053"}],"長久町稲用":[{"zip":"6940042","zip1":"694","zip2":"0042"}],"長久町土江":[{"zip":"6940044","zip1":"694","zip2":"0044"}],"長久町長久":[{"zip":"6940041","zip1":"694","zip2":"0041"}],"長久町延里":[{"zip":"6940043","zip1":"694","zip2":"0043"}],"仁摩町天河内":[{"zip":"6992305","zip1":"699","zip2":"2305"}],"仁摩町大国":[{"zip":"6992303","zip1":"699","zip2":"2303"}],"仁摩町宅野":[{"zip":"6992302","zip1":"699","zip2":"2302"}],"仁摩町仁万":[{"zip":"6992301","zip1":"699","zip2":"2301"}],"仁摩町馬路":[{"zip":"6992304","zip1":"699","zip2":"2304"}],"波根町":[{"zip":"6992211","zip1":"699","zip2":"2211"}],"水上町荻原":[{"zip":"6940301","zip1":"694","zip2":"0301"}],"水上町白坏":[{"zip":"6940303","zip1":"694","zip2":"0303"}],"水上町福原":[{"zip":"6940302","zip1":"694","zip2":"0302"}],"水上町三久須":[{"zip":"6940304","zip1":"694","zip2":"0304"}],"山口町佐津目":[{"zip":"6940001","zip1":"694","zip2":"0001"}],"山口町山口":[{"zip":"6940002","zip1":"694","zip2":"0002"}],"温泉津町井田":[{"zip":"6992507","zip1":"699","zip2":"2507"}],"温泉津町今浦":[{"zip":"6992515","zip1":"699","zip2":"2515"}],"温泉津町太田":[{"zip":"6992505","zip1":"699","zip2":"2505"}],"温泉津町荻村":[{"zip":"6992504","zip1":"699","zip2":"2504"}],"温泉津町上村":[{"zip":"6992513","zip1":"699","zip2":"2513"}],"温泉津町小浜":[{"zip":"6992511","zip1":"699","zip2":"2511"}],"温泉津町西田":[{"zip":"6992503","zip1":"699","zip2":"2503"}],"温泉津町飯原":[{"zip":"6992512","zip1":"699","zip2":"2512"}],"温泉津町福田":[{"zip":"6992506","zip1":"699","zip2":"2506"}],"温泉津町福光":[{"zip":"6992514","zip1":"699","zip2":"2514"}],"温泉津町湯里":[{"zip":"6992502","zip1":"699","zip2":"2502"}],"温泉津町温泉津":[{"zip":"6992501","zip1":"699","zip2":"2501"}],"温泉津町吉浦":[{"zip":"6992516","zip1":"699","zip2":"2516"}]},"安来市":{"以下に掲載がない場合":[{"zip":"6920000","zip1":"692","zip2":"0000"}],"赤江町":[{"zip":"6920001","zip1":"692","zip2":"0001"}],"赤崎町":[{"zip":"6920052","zip1":"692","zip2":"0052"}],"荒島町":[{"zip":"6920007","zip1":"692","zip2":"0007"}],"飯梨町":[{"zip":"6920066","zip1":"692","zip2":"0066"}],"飯生町":[{"zip":"6920055","zip1":"692","zip2":"0055"}],"今津町":[{"zip":"6920015","zip1":"692","zip2":"0015"}],"岩舟町":[{"zip":"6920065","zip1":"692","zip2":"0065"}],"植田町":[{"zip":"6920063","zip1":"692","zip2":"0063"}],"宇賀荘町":[{"zip":"6920034","zip1":"692","zip2":"0034"}],"恵乃島町":[{"zip":"6920057","zip1":"692","zip2":"0057"}],"大塚町":[{"zip":"6920042","zip1":"692","zip2":"0042"}],"折坂町":[{"zip":"6920046","zip1":"692","zip2":"0046"}],"柿谷町":[{"zip":"6920045","zip1":"692","zip2":"0045"}],"門生町":[{"zip":"6920027","zip1":"692","zip2":"0027"}],"上坂田町":[{"zip":"6920002","zip1":"692","zip2":"0002"}],"上吉田町":[{"zip":"6920043","zip1":"692","zip2":"0043"}],"亀島町":[{"zip":"6920071","zip1":"692","zip2":"0071"}],"神庭町":[{"zip":"6920075","zip1":"692","zip2":"0075"}],"吉佐町":[{"zip":"6920026","zip1":"692","zip2":"0026"}],"清井町":[{"zip":"6920056","zip1":"692","zip2":"0056"}],"清瀬町":[{"zip":"6920035","zip1":"692","zip2":"0035"}],"清水町":[{"zip":"6920033","zip1":"692","zip2":"0033"}],"切川町":[{"zip":"6920051","zip1":"692","zip2":"0051"}],"久白町":[{"zip":"6920004","zip1":"692","zip2":"0004"}],"九重町":[{"zip":"6920032","zip1":"692","zip2":"0032"}],"黒井田町":[{"zip":"6920023","zip1":"692","zip2":"0023"}],"佐久保町":[{"zip":"6920031","zip1":"692","zip2":"0031"}],"実松町":[{"zip":"6920062","zip1":"692","zip2":"0062"}],"沢町":[{"zip":"6920053","zip1":"692","zip2":"0053"}],"汐手が丘":[{"zip":"6920028","zip1":"692","zip2":"0028"}],"島田町":[{"zip":"6920024","zip1":"692","zip2":"0024"}],"下坂田町":[{"zip":"6920017","zip1":"692","zip2":"0017"}],"下吉田町":[{"zip":"6920044","zip1":"692","zip2":"0044"}],"新十神町":[{"zip":"6920021","zip1":"692","zip2":"0021"}],"早田町":[{"zip":"6920047","zip1":"692","zip2":"0047"}],"田頼町":[{"zip":"6920067","zip1":"692","zip2":"0067"}],"月坂町":[{"zip":"6920013","zip1":"692","zip2":"0013"}],"利弘町":[{"zip":"6920054","zip1":"692","zip2":"0054"}],"鳥木町":[{"zip":"6920041","zip1":"692","zip2":"0041"}],"中海町":[{"zip":"6920074","zip1":"692","zip2":"0074"}],"中津町":[{"zip":"6920061","zip1":"692","zip2":"0061"}],"西赤江町":[{"zip":"6920003","zip1":"692","zip2":"0003"}],"西荒島町":[{"zip":"6920006","zip1":"692","zip2":"0006"}],"西恵乃島町":[{"zip":"6920058","zip1":"692","zip2":"0058"}],"西松井町":[{"zip":"6920077","zip1":"692","zip2":"0077"}],"野方町":[{"zip":"6920036","zip1":"692","zip2":"0036"}],"能義町":[{"zip":"6920072","zip1":"692","zip2":"0072"}],"伯太町赤屋":[{"zip":"6920321","zip1":"692","zip2":"0321"}],"伯太町井尻":[{"zip":"6920213","zip1":"692","zip2":"0213"}],"伯太町上小竹":[{"zip":"6920322","zip1":"692","zip2":"0322"}],"伯太町上十年畑":[{"zip":"6920325","zip1":"692","zip2":"0325"}],"伯太町草野":[{"zip":"6920324","zip1":"692","zip2":"0324"}],"伯太町下小竹":[{"zip":"6920323","zip1":"692","zip2":"0323"}],"伯太町下十年畑":[{"zip":"6920326","zip1":"692","zip2":"0326"}],"伯太町須山福冨":[{"zip":"6920214","zip1":"692","zip2":"0214"}],"伯太町高江寸次":[{"zip":"6920215","zip1":"692","zip2":"0215"}],"伯太町峠之内":[{"zip":"6920218","zip1":"692","zip2":"0218"}],"伯太町西母里":[{"zip":"6920212","zip1":"692","zip2":"0212"}],"伯太町東母里":[{"zip":"6920207","zip1":"692","zip2":"0207"}],"伯太町日次":[{"zip":"6920216","zip1":"692","zip2":"0216"}],"伯太町未明":[{"zip":"6920203","zip1":"692","zip2":"0203"}],"伯太町母里":[{"zip":"6920211","zip1":"692","zip2":"0211"}],"伯太町安田":[{"zip":"6920206","zip1":"692","zip2":"0206"}],"伯太町安田関":[{"zip":"6920202","zip1":"692","zip2":"0202"}],"伯太町安田中":[{"zip":"6920205","zip1":"692","zip2":"0205"}],"伯太町安田宮内":[{"zip":"6920204","zip1":"692","zip2":"0204"}],"伯太町安田山形":[{"zip":"6920201","zip1":"692","zip2":"0201"}],"伯太町横屋":[{"zip":"6920217","zip1":"692","zip2":"0217"}],"飯島町":[{"zip":"6920014","zip1":"692","zip2":"0014"}],"東赤江町":[{"zip":"6920016","zip1":"692","zip2":"0016"}],"日白町":[{"zip":"6920005","zip1":"692","zip2":"0005"}],"広瀬町石原":[{"zip":"6920401","zip1":"692","zip2":"0401"}],"広瀬町宇波":[{"zip":"6920622","zip1":"692","zip2":"0622"}],"広瀬町奥田原":[{"zip":"6920625","zip1":"692","zip2":"0625"}],"広瀬町祖父谷":[{"zip":"6920405","zip1":"692","zip2":"0405"}],"広瀬町梶福留":[{"zip":"6920732","zip1":"692","zip2":"0732"}],"広瀬町上山佐":[{"zip":"6920413","zip1":"692","zip2":"0413"}],"広瀬町下山佐":[{"zip":"6920412","zip1":"692","zip2":"0412"}],"広瀬町菅原（下田原）":[{"zip":"6920411","zip1":"692","zip2":"0411"}],"広瀬町菅原（その他）":[{"zip":"6920621","zip1":"692","zip2":"0621"}],"広瀬町富田":[{"zip":"6920403","zip1":"692","zip2":"0403"}],"広瀬町西谷":[{"zip":"6920624","zip1":"692","zip2":"0624"}],"広瀬町西比田":[{"zip":"6920731","zip1":"692","zip2":"0731"}],"広瀬町東比田":[{"zip":"6920733","zip1":"692","zip2":"0733"}],"広瀬町広瀬":[{"zip":"6920404","zip1":"692","zip2":"0404"}],"広瀬町布部":[{"zip":"6920623","zip1":"692","zip2":"0623"}],"広瀬町町帳":[{"zip":"6920402","zip1":"692","zip2":"0402"}],"古川町":[{"zip":"6920064","zip1":"692","zip2":"0064"}],"穂日島町":[{"zip":"6920025","zip1":"692","zip2":"0025"}],"南十神町":[{"zip":"6920022","zip1":"692","zip2":"0022"}],"宮内町":[{"zip":"6920012","zip1":"692","zip2":"0012"}],"安来町":[{"zip":"6920011","zip1":"692","zip2":"0011"}],"矢田町":[{"zip":"6920073","zip1":"692","zip2":"0073"}],"吉岡町":[{"zip":"6920037","zip1":"692","zip2":"0037"}]},"江津市":{"以下に掲載がない場合":[{"zip":"6950000","zip1":"695","zip2":"0000"}],"浅利町":[{"zip":"6950002","zip1":"695","zip2":"0002"}],"跡市町":[{"zip":"6950152","zip1":"695","zip2":"0152"}],"有福温泉町":[{"zip":"6950156","zip1":"695","zip2":"0156"}],"有福温泉町本明":[{"zip":"6950155","zip1":"695","zip2":"0155"}],"井沢町":[{"zip":"6950154","zip1":"695","zip2":"0154"}],"後地町":[{"zip":"6992841","zip1":"699","zip2":"2841"}],"敬川町":[{"zip":"6993162","zip1":"699","zip2":"3162"}],"嘉久志町":[{"zip":"6950016","zip1":"695","zip2":"0016"}],"金田町":[{"zip":"6950012","zip1":"695","zip2":"0012"}],"川平町平田":[{"zip":"6950014","zip1":"695","zip2":"0014"}],"川平町南川上":[{"zip":"6950013","zip1":"695","zip2":"0013"}],"黒松町":[{"zip":"6992831","zip1":"699","zip2":"2831"}],"江津町":[{"zip":"6950011","zip1":"695","zip2":"0011"}],"桜江町市山":[{"zip":"6994221","zip1":"699","zip2":"4221"}],"桜江町今田":[{"zip":"6994222","zip1":"699","zip2":"4222"}],"桜江町後山":[{"zip":"6994223","zip1":"699","zip2":"4223"}],"桜江町江尾":[{"zip":"6994224","zip1":"699","zip2":"4224"}],"桜江町大貫":[{"zip":"6994504","zip1":"699","zip2":"4504"}],"桜江町小田":[{"zip":"6994225","zip1":"699","zip2":"4225"}],"桜江町川越":[{"zip":"6994502","zip1":"699","zip2":"4502"}],"桜江町川戸":[{"zip":"6994226","zip1":"699","zip2":"4226"}],"桜江町坂本":[{"zip":"6994505","zip1":"699","zip2":"4505"}],"桜江町鹿賀":[{"zip":"6994501","zip1":"699","zip2":"4501"}],"桜江町田津":[{"zip":"6994503","zip1":"699","zip2":"4503"}],"桜江町谷住郷":[{"zip":"6994111","zip1":"699","zip2":"4111"}],"桜江町長谷":[{"zip":"6994431","zip1":"699","zip2":"4431"}],"桜江町八戸":[{"zip":"6994432","zip1":"699","zip2":"4432"}],"島の星町":[{"zip":"6950015","zip1":"695","zip2":"0015"}],"清見町":[{"zip":"6950153","zip1":"695","zip2":"0153"}],"千田町":[{"zip":"6950151","zip1":"695","zip2":"0151"}],"都治町":[{"zip":"6992842","zip1":"699","zip2":"2842"}],"都野津町":[{"zip":"6950021","zip1":"695","zip2":"0021"}],"二宮町神村":[{"zip":"6950023","zip1":"695","zip2":"0023"}],"二宮町神主":[{"zip":"6950024","zip1":"695","zip2":"0024"}],"二宮町羽代":[{"zip":"6950022","zip1":"695","zip2":"0022"}],"波子町":[{"zip":"6993161","zip1":"699","zip2":"3161"}],"波積町本郷":[{"zip":"6992833","zip1":"699","zip2":"2833"}],"波積町南":[{"zip":"6992834","zip1":"699","zip2":"2834"}],"波積町北":[{"zip":"6992832","zip1":"699","zip2":"2832"}],"松川町市村":[{"zip":"6950004","zip1":"695","zip2":"0004"}],"松川町太田":[{"zip":"6950007","zip1":"695","zip2":"0007"}],"松川町上河戸":[{"zip":"6992837","zip1":"699","zip2":"2837"}],"松川町下河戸":[{"zip":"6950003","zip1":"695","zip2":"0003"}],"松川町上津井":[{"zip":"6992835","zip1":"699","zip2":"2835"}],"松川町長良":[{"zip":"6950005","zip1":"695","zip2":"0005"}],"松川町畑田":[{"zip":"6992836","zip1":"699","zip2":"2836"}],"松川町八神":[{"zip":"6950006","zip1":"695","zip2":"0006"}],"和木町":[{"zip":"6950017","zip1":"695","zip2":"0017"}],"渡津町":[{"zip":"6950001","zip1":"695","zip2":"0001"}]},"雲南市":{"以下に掲載がない場合":[{"zip":"6902400","zip1":"690","zip2":"2400"}],"掛合町穴見":[{"zip":"6902704","zip1":"690","zip2":"2704"}],"掛合町入間":[{"zip":"6902702","zip1":"690","zip2":"2702"}],"掛合町掛合":[{"zip":"6902701","zip1":"690","zip2":"2701"}],"掛合町多根":[{"zip":"6902706","zip1":"690","zip2":"2706"}],"掛合町波多":[{"zip":"6902703","zip1":"690","zip2":"2703"}],"掛合町松笠":[{"zip":"6902705","zip1":"690","zip2":"2705"}],"加茂町猪尾":[{"zip":"6991114","zip1":"699","zip2":"1114"}],"加茂町岩倉":[{"zip":"6991115","zip1":"699","zip2":"1115"}],"加茂町宇治":[{"zip":"6991105","zip1":"699","zip2":"1105"}],"加茂町大崎":[{"zip":"6991125","zip1":"699","zip2":"1125"}],"加茂町大竹":[{"zip":"6991123","zip1":"699","zip2":"1123"}],"加茂町加茂中":[{"zip":"6991106","zip1":"699","zip2":"1106"}],"加茂町神原":[{"zip":"6991121","zip1":"699","zip2":"1121"}],"加茂町新宮":[{"zip":"6991112","zip1":"699","zip2":"1112"}],"加茂町砂子原":[{"zip":"6991111","zip1":"699","zip2":"1111"}],"加茂町大西":[{"zip":"6991101","zip1":"699","zip2":"1101"}],"加茂町立原":[{"zip":"6991102","zip1":"699","zip2":"1102"}],"加茂町近松":[{"zip":"6991103","zip1":"699","zip2":"1103"}],"加茂町延野":[{"zip":"6991124","zip1":"699","zip2":"1124"}],"加茂町東谷":[{"zip":"6991113","zip1":"699","zip2":"1113"}],"加茂町三代":[{"zip":"6991122","zip1":"699","zip2":"1122"}],"加茂町南加茂":[{"zip":"6991104","zip1":"699","zip2":"1104"}],"木次町宇谷":[{"zip":"6991321","zip1":"699","zip2":"1321"}],"木次町上熊谷":[{"zip":"6991331","zip1":"699","zip2":"1331"}],"木次町木次":[{"zip":"6991332","zip1":"699","zip2":"1332"}],"木次町北原（尾白）":[{"zip":"6991401","zip1":"699","zip2":"1401"}],"木次町北原（その他）":[{"zip":"6991341","zip1":"699","zip2":"1341"}],"木次町里方":[{"zip":"6991311","zip1":"699","zip2":"1311"}],"木次町下熊谷":[{"zip":"6991333","zip1":"699","zip2":"1333"}],"木次町寺領":[{"zip":"6991322","zip1":"699","zip2":"1322"}],"木次町新市":[{"zip":"6991334","zip1":"699","zip2":"1334"}],"木次町西日登":[{"zip":"6991324","zip1":"699","zip2":"1324"}],"木次町東日登":[{"zip":"6991323","zip1":"699","zip2":"1323"}],"木次町平田":[{"zip":"6991342","zip1":"699","zip2":"1342"}],"木次町山方":[{"zip":"6991312","zip1":"699","zip2":"1312"}],"木次町湯村":[{"zip":"6991343","zip1":"699","zip2":"1343"}],"大東町飯田":[{"zip":"6991221","zip1":"699","zip2":"1221"}],"大東町遠所":[{"zip":"6991231","zip1":"699","zip2":"1231"}],"大東町大ケ谷":[{"zip":"6991213","zip1":"699","zip2":"1213"}],"大東町岡村":[{"zip":"6991221","zip1":"699","zip2":"1221"}],"大東町小河内":[{"zip":"6991201","zip1":"699","zip2":"1201"}],"大東町金成":[{"zip":"6991261","zip1":"699","zip2":"1261"}],"大東町上久野":[{"zip":"6991211","zip1":"699","zip2":"1211"}],"大東町上佐世":[{"zip":"6991214","zip1":"699","zip2":"1214"}],"大東町刈畑":[{"zip":"6991202","zip1":"699","zip2":"1202"}],"大東町川井":[{"zip":"6991222","zip1":"699","zip2":"1222"}],"大東町北村":[{"zip":"6991203","zip1":"699","zip2":"1203"}],"大東町薦澤":[{"zip":"6991204","zip1":"699","zip2":"1204"}],"大東町山王寺":[{"zip":"6991241","zip1":"699","zip2":"1241"}],"大東町塩田":[{"zip":"6991262","zip1":"699","zip2":"1262"}],"大東町篠淵":[{"zip":"6991263","zip1":"699","zip2":"1263"}],"大東町下阿用":[{"zip":"6991223","zip1":"699","zip2":"1223"}],"大東町下久野":[{"zip":"6991212","zip1":"699","zip2":"1212"}],"大東町下佐世":[{"zip":"6991215","zip1":"699","zip2":"1215"}],"大東町新庄":[{"zip":"6991251","zip1":"699","zip2":"1251"}],"大東町須賀":[{"zip":"6991205","zip1":"699","zip2":"1205"}],"大東町清田":[{"zip":"6991264","zip1":"699","zip2":"1264"}],"大東町大東":[{"zip":"6991251","zip1":"699","zip2":"1251"}],"大東町大東下分":[{"zip":"6991242","zip1":"699","zip2":"1242"}],"大東町田中":[{"zip":"6991252","zip1":"699","zip2":"1252"}],"大東町中湯石":[{"zip":"6991253","zip1":"699","zip2":"1253"}],"大東町西阿用":[{"zip":"6991216","zip1":"699","zip2":"1216"}],"大東町仁和寺":[{"zip":"6991232","zip1":"699","zip2":"1232"}],"大東町畑鵯":[{"zip":"6991243","zip1":"699","zip2":"1243"}],"大東町幡屋":[{"zip":"6991233","zip1":"699","zip2":"1233"}],"大東町東阿用":[{"zip":"6991224","zip1":"699","zip2":"1224"}],"大東町前原":[{"zip":"6991234","zip1":"699","zip2":"1234"}],"大東町南村":[{"zip":"6991206","zip1":"699","zip2":"1206"}],"大東町山田":[{"zip":"6991244","zip1":"699","zip2":"1244"}],"大東町養賀":[{"zip":"6991245","zip1":"699","zip2":"1245"}],"三刀屋町粟谷":[{"zip":"6902513","zip1":"690","zip2":"2513"}],"三刀屋町伊萱":[{"zip":"6902401","zip1":"690","zip2":"2401"}],"三刀屋町乙加宮":[{"zip":"6902634","zip1":"690","zip2":"2634"}],"三刀屋町上熊谷":[{"zip":"6902511","zip1":"690","zip2":"2511"}],"三刀屋町給下":[{"zip":"6902402","zip1":"690","zip2":"2402"}],"三刀屋町神代":[{"zip":"6902521","zip1":"690","zip2":"2521"}],"三刀屋町古城":[{"zip":"6902405","zip1":"690","zip2":"2405"}],"三刀屋町坂本（森谷）":[{"zip":"6902525","zip1":"690","zip2":"2525"}],"三刀屋町坂本（その他）":[{"zip":"6902625","zip1":"690","zip2":"2625"}],"三刀屋町里坊":[{"zip":"6902632","zip1":"690","zip2":"2632"}],"三刀屋町下熊谷":[{"zip":"6902403","zip1":"690","zip2":"2403"}],"三刀屋町須所":[{"zip":"6902524","zip1":"690","zip2":"2524"}],"三刀屋町高窪":[{"zip":"6902406","zip1":"690","zip2":"2406"}],"三刀屋町多久和":[{"zip":"6902512","zip1":"690","zip2":"2512"}],"三刀屋町殿河内":[{"zip":"6902633","zip1":"690","zip2":"2633"}],"三刀屋町中野":[{"zip":"6902523","zip1":"690","zip2":"2523"}],"三刀屋町根波別所":[{"zip":"6902631","zip1":"690","zip2":"2631"}],"三刀屋町三刀屋":[{"zip":"6902404","zip1":"690","zip2":"2404"}],"三刀屋町六重":[{"zip":"6902522","zip1":"690","zip2":"2522"}],"吉田町上山":[{"zip":"6902311","zip1":"690","zip2":"2311"}],"吉田町川手":[{"zip":"6902314","zip1":"690","zip2":"2314"}],"吉田町曽木":[{"zip":"6902312","zip1":"690","zip2":"2312"}],"吉田町深野":[{"zip":"6902313","zip1":"690","zip2":"2313"}],"吉田町民谷":[{"zip":"6902802","zip1":"690","zip2":"2802"}],"吉田町吉田":[{"zip":"6902801","zip1":"690","zip2":"2801"}]},"仁多郡奥出雲町":{"以下に掲載がない場合":[{"zip":"6991500","zip1":"699","zip2":"1500"}],"稲原":[{"zip":"6991821","zip1":"699","zip2":"1821"}],"大谷":[{"zip":"6991812","zip1":"699","zip2":"1812"}],"大馬木":[{"zip":"6991941","zip1":"699","zip2":"1941"}],"大呂":[{"zip":"6991802","zip1":"699","zip2":"1802"}],"上阿井":[{"zip":"6991621","zip1":"699","zip2":"1621"}],"上三所":[{"zip":"6991431","zip1":"699","zip2":"1431"}],"亀嵩":[{"zip":"6991701","zip1":"699","zip2":"1701"}],"鴨倉":[{"zip":"6991515","zip1":"699","zip2":"1515"}],"河内":[{"zip":"6991514","zip1":"699","zip2":"1514"}],"郡":[{"zip":"6991702","zip1":"699","zip2":"1702"}],"小馬木":[{"zip":"6991942","zip1":"699","zip2":"1942"}],"佐白":[{"zip":"6991434","zip1":"699","zip2":"1434"}],"下阿井（宇根路）":[{"zip":"6991517","zip1":"699","zip2":"1517"}],"下阿井（その他）":[{"zip":"6991622","zip1":"699","zip2":"1622"}],"下横田":[{"zip":"6991822","zip1":"699","zip2":"1822"}],"高尾":[{"zip":"6991512","zip1":"699","zip2":"1512"}],"高田":[{"zip":"6991703","zip1":"699","zip2":"1703"}],"竹崎":[{"zip":"6991801","zip1":"699","zip2":"1801"}],"中村":[{"zip":"6991831","zip1":"699","zip2":"1831"}],"馬馳":[{"zip":"6991432","zip1":"699","zip2":"1432"}],"三沢":[{"zip":"6991513","zip1":"699","zip2":"1513"}],"三所":[{"zip":"6991516","zip1":"699","zip2":"1516"}],"三成":[{"zip":"6991511","zip1":"699","zip2":"1511"}],"八川":[{"zip":"6991811","zip1":"699","zip2":"1811"}],"八代":[{"zip":"6991433","zip1":"699","zip2":"1433"}],"横田":[{"zip":"6991832","zip1":"699","zip2":"1832"}]},"飯石郡飯南町":{"以下に掲載がない場合":[{"zip":"6903200","zip1":"690","zip2":"3200"}],"赤名":[{"zip":"6903511","zip1":"690","zip2":"3511"}],"井戸谷":[{"zip":"6903514","zip1":"690","zip2":"3514"}],"小田":[{"zip":"6903403","zip1":"690","zip2":"3403"}],"上赤名":[{"zip":"6903512","zip1":"690","zip2":"3512"}],"上来島":[{"zip":"6903405","zip1":"690","zip2":"3405"}],"佐見":[{"zip":"6903204","zip1":"690","zip2":"3204"}],"塩谷":[{"zip":"6903515","zip1":"690","zip2":"3515"}],"獅子":[{"zip":"6903311","zip1":"690","zip2":"3311"}],"志津見":[{"zip":"6903313","zip1":"690","zip2":"3313"}],"下赤名":[{"zip":"6903513","zip1":"690","zip2":"3513"}],"下来島":[{"zip":"6903402","zip1":"690","zip2":"3402"}],"都加賀":[{"zip":"6903203","zip1":"690","zip2":"3203"}],"角井":[{"zip":"6903314","zip1":"690","zip2":"3314"}],"頓原":[{"zip":"6903207","zip1":"690","zip2":"3207"}],"長谷":[{"zip":"6903205","zip1":"690","zip2":"3205"}],"野萱":[{"zip":"6903401","zip1":"690","zip2":"3401"}],"八神":[{"zip":"6903312","zip1":"690","zip2":"3312"}],"畑田":[{"zip":"6903516","zip1":"690","zip2":"3516"}],"花栗":[{"zip":"6903206","zip1":"690","zip2":"3206"}],"真木":[{"zip":"6903404","zip1":"690","zip2":"3404"}]},"邑智郡川本町":{"以下に掲載がない場合":[{"zip":"6960000","zip1":"696","zip2":"0000"}],"因原":[{"zip":"6960003","zip1":"696","zip2":"0003"}],"川内":[{"zip":"6960011","zip1":"696","zip2":"0011"}],"川下":[{"zip":"6960004","zip1":"696","zip2":"0004"}],"川本":[{"zip":"6960001","zip1":"696","zip2":"0001"}],"北佐木":[{"zip":"6961221","zip1":"696","zip2":"1221"}],"久座仁":[{"zip":"6960006","zip1":"696","zip2":"0006"}],"小谷":[{"zip":"6960012","zip1":"696","zip2":"0012"}],"田窪":[{"zip":"6961226","zip1":"696","zip2":"1226"}],"多田":[{"zip":"6960007","zip1":"696","zip2":"0007"}],"谷戸":[{"zip":"6960005","zip1":"696","zip2":"0005"}],"都賀行":[{"zip":"6960002","zip1":"696","zip2":"0002"}],"馬野原":[{"zip":"6960013","zip1":"696","zip2":"0013"}],"南佐木":[{"zip":"6961225","zip1":"696","zip2":"1225"}],"三原":[{"zip":"6961224","zip1":"696","zip2":"1224"}],"三俣":[{"zip":"6961223","zip1":"696","zip2":"1223"}],"湯谷":[{"zip":"6961222","zip1":"696","zip2":"1222"}]},"邑智郡美郷町":{"以下に掲載がない場合":[{"zip":"6994600","zip1":"699","zip2":"4600"}],"明塚":[{"zip":"6994624","zip1":"699","zip2":"4624"}],"吾郷":[{"zip":"6994627","zip1":"699","zip2":"4627"}],"石原":[{"zip":"6994715","zip1":"699","zip2":"4715"}],"潮村":[{"zip":"6960701","zip1":"696","zip2":"0701"}],"内田":[{"zip":"6961136","zip1":"696","zip2":"1136"}],"奥山":[{"zip":"6994631","zip1":"699","zip2":"4631"}],"乙原":[{"zip":"6994626","zip1":"699","zip2":"4626"}],"粕渕":[{"zip":"6994621","zip1":"699","zip2":"4621"}],"片山":[{"zip":"6994714","zip1":"699","zip2":"4714"}],"櫨谷":[{"zip":"6961137","zip1":"696","zip2":"1137"}],"上川戸":[{"zip":"6994702","zip1":"699","zip2":"4702"}],"上野":[{"zip":"6960702","zip1":"696","zip2":"0702"}],"亀村":[{"zip":"6994707","zip1":"699","zip2":"4707"}],"京覧原":[{"zip":"6961141","zip1":"696","zip2":"1141"}],"久喜原":[{"zip":"6961142","zip1":"696","zip2":"1142"}],"久保":[{"zip":"6994622","zip1":"699","zip2":"4622"}],"熊見":[{"zip":"6994703","zip1":"699","zip2":"4703"}],"九日市":[{"zip":"6994712","zip1":"699","zip2":"4712"}],"小谷":[{"zip":"6961144","zip1":"696","zip2":"1144"}],"小林":[{"zip":"6961133","zip1":"696","zip2":"1133"}],"小松地":[{"zip":"6961135","zip1":"696","zip2":"1135"}],"酒谷":[{"zip":"6994713","zip1":"699","zip2":"4713"}],"信喜":[{"zip":"6994704","zip1":"699","zip2":"4704"}],"志君":[{"zip":"6961132","zip1":"696","zip2":"1132"}],"地頭所":[{"zip":"6961143","zip1":"696","zip2":"1143"}],"惣森":[{"zip":"6961134","zip1":"696","zip2":"1134"}],"高畑":[{"zip":"6994632","zip1":"699","zip2":"4632"}],"高山":[{"zip":"6994605","zip1":"699","zip2":"4605"}],"滝原":[{"zip":"6994706","zip1":"699","zip2":"4706"}],"千原":[{"zip":"6994711","zip1":"699","zip2":"4711"}],"都賀西":[{"zip":"6960703","zip1":"696","zip2":"0703"}],"都賀本郷":[{"zip":"6960704","zip1":"696","zip2":"0704"}],"都賀行":[{"zip":"6960705","zip1":"696","zip2":"0705"}],"長藤":[{"zip":"6960706","zip1":"696","zip2":"0706"}],"野井":[{"zip":"6994623","zip1":"699","zip2":"4623"}],"浜原":[{"zip":"6994701","zip1":"699","zip2":"4701"}],"比敷":[{"zip":"6960712","zip1":"696","zip2":"0712"}],"別府":[{"zip":"6961131","zip1":"696","zip2":"1131"}],"港":[{"zip":"6961145","zip1":"696","zip2":"1145"}],"宮内":[{"zip":"6960711","zip1":"696","zip2":"0711"}],"村之郷":[{"zip":"6960713","zip1":"696","zip2":"0713"}],"簗瀬":[{"zip":"6994625","zip1":"699","zip2":"4625"}],"湯抱":[{"zip":"6994633","zip1":"699","zip2":"4633"}]},"邑智郡邑南町":{"以下に掲載がない場合":[{"zip":"6960100","zip1":"696","zip2":"0100"}],"阿須那":[{"zip":"6960501","zip1":"696","zip2":"0501"}],"出羽":[{"zip":"6960312","zip1":"696","zip2":"0312"}],"市木":[{"zip":"6970631","zip1":"697","zip2":"0631"}],"井原":[{"zip":"6960101","zip1":"696","zip2":"0101"}],"今井":[{"zip":"6960504","zip1":"696","zip2":"0504"}],"岩屋":[{"zip":"6960314","zip1":"696","zip2":"0314"}],"上田":[{"zip":"6960601","zip1":"696","zip2":"0601"}],"宇都井":[{"zip":"6960503","zip1":"696","zip2":"0503"}],"大林":[{"zip":"6960315","zip1":"696","zip2":"0315"}],"上亀谷":[{"zip":"6960224","zip1":"696","zip2":"0224"}],"上口羽":[{"zip":"6960602","zip1":"696","zip2":"0602"}],"上田所":[{"zip":"6960225","zip1":"696","zip2":"0225"}],"上原":[{"zip":"6960405","zip1":"696","zip2":"0405"}],"木須田":[{"zip":"6960502","zip1":"696","zip2":"0502"}],"久喜":[{"zip":"6960316","zip1":"696","zip2":"0316"}],"高水":[{"zip":"6960131","zip1":"696","zip2":"0131"}],"下亀谷":[{"zip":"6960223","zip1":"696","zip2":"0223"}],"下口羽":[{"zip":"6960603","zip1":"696","zip2":"0603"}],"下田所":[{"zip":"6960222","zip1":"696","zip2":"0222"}],"高見":[{"zip":"6960406","zip1":"696","zip2":"0406"}],"戸河内":[{"zip":"6960505","zip1":"696","zip2":"0505"}],"中野":[{"zip":"6960102","zip1":"696","zip2":"0102"}],"原村":[{"zip":"6960404","zip1":"696","zip2":"0404"}],"日貫":[{"zip":"6994311","zip1":"699","zip2":"4311"}],"日和":[{"zip":"6960104","zip1":"696","zip2":"0104"}],"伏谷":[{"zip":"6960402","zip1":"696","zip2":"0402"}],"布施":[{"zip":"6960401","zip1":"696","zip2":"0401"}],"鱒渕":[{"zip":"6960221","zip1":"696","zip2":"0221"}],"三日市":[{"zip":"6960311","zip1":"696","zip2":"0311"}],"八色石":[{"zip":"6960407","zip1":"696","zip2":"0407"}],"矢上":[{"zip":"6960103","zip1":"696","zip2":"0103"}],"山田":[{"zip":"6960313","zip1":"696","zip2":"0313"}],"雪田":[{"zip":"6960506","zip1":"696","zip2":"0506"}],"淀原":[{"zip":"6960317","zip1":"696","zip2":"0317"}],"和田":[{"zip":"6960403","zip1":"696","zip2":"0403"}]},"鹿足郡津和野町":{"以下に掲載がない場合":[{"zip":"6995600","zip1":"699","zip2":"5600"}],"青原":[{"zip":"6995211","zip1":"699","zip2":"5211"}],"商人（９２９～１１１７、１３４３～１７３４番地）":[{"zip":"6995201","zip1":"699","zip2":"5201"}],"商人（その他）":[{"zip":"6995601","zip1":"699","zip2":"5601"}],"池村":[{"zip":"6995216","zip1":"699","zip2":"5216"}],"後田":[{"zip":"6995605","zip1":"699","zip2":"5605"}],"河村":[{"zip":"6995212","zip1":"699","zip2":"5212"}],"耕田":[{"zip":"6995607","zip1":"699","zip2":"5607"}],"笹山":[{"zip":"6995603","zip1":"699","zip2":"5603"}],"左鐙":[{"zip":"6995202","zip1":"699","zip2":"5202"}],"須川":[{"zip":"6995204","zip1":"699","zip2":"5204"}],"相撲ケ原":[{"zip":"6995203","zip1":"699","zip2":"5203"}],"添谷":[{"zip":"6995213","zip1":"699","zip2":"5213"}],"高峯":[{"zip":"6995614","zip1":"699","zip2":"5614"}],"瀧谷":[{"zip":"6995205","zip1":"699","zip2":"5205"}],"瀧元":[{"zip":"6995206","zip1":"699","zip2":"5206"}],"直地":[{"zip":"6995602","zip1":"699","zip2":"5602"}],"田二穂":[{"zip":"6995617","zip1":"699","zip2":"5617"}],"溪村":[{"zip":"6995214","zip1":"699","zip2":"5214"}],"寺田":[{"zip":"6995606","zip1":"699","zip2":"5606"}],"冨田":[{"zip":"6995215","zip1":"699","zip2":"5215"}],"豊稼":[{"zip":"6995632","zip1":"699","zip2":"5632"}],"内美":[{"zip":"6995621","zip1":"699","zip2":"5621"}],"中川":[{"zip":"6995634","zip1":"699","zip2":"5634"}],"中座":[{"zip":"6995612","zip1":"699","zip2":"5612"}],"中曽野":[{"zip":"6995636","zip1":"699","zip2":"5636"}],"中山":[{"zip":"6995631","zip1":"699","zip2":"5631"}],"長福":[{"zip":"6995633","zip1":"699","zip2":"5633"}],"名賀":[{"zip":"6995615","zip1":"699","zip2":"5615"}],"日原":[{"zip":"6995221","zip1":"699","zip2":"5221"}],"吹野":[{"zip":"6995637","zip1":"699","zip2":"5637"}],"部栄":[{"zip":"6995616","zip1":"699","zip2":"5616"}],"枕瀬":[{"zip":"6995207","zip1":"699","zip2":"5207"}],"町田":[{"zip":"6995611","zip1":"699","zip2":"5611"}],"邑輝":[{"zip":"6995622","zip1":"699","zip2":"5622"}],"森村":[{"zip":"6995604","zip1":"699","zip2":"5604"}],"柳村":[{"zip":"6995217","zip1":"699","zip2":"5217"}],"山下":[{"zip":"6995635","zip1":"699","zip2":"5635"}],"鷲原":[{"zip":"6995613","zip1":"699","zip2":"5613"}]},"鹿足郡吉賀町":{"以下に掲載がない場合":[{"zip":"6995500","zip1":"699","zip2":"5500"}],"朝倉":[{"zip":"6995523","zip1":"699","zip2":"5523"}],"有飯":[{"zip":"6995506","zip1":"699","zip2":"5506"}],"大野原":[{"zip":"6995306","zip1":"699","zip2":"5306"}],"柿木":[{"zip":"6995301","zip1":"699","zip2":"5301"}],"椛谷":[{"zip":"6995303","zip1":"699","zip2":"5303"}],"上高尻":[{"zip":"6995501","zip1":"699","zip2":"5501"}],"木部谷":[{"zip":"6995307","zip1":"699","zip2":"5307"}],"蔵木":[{"zip":"6995504","zip1":"699","zip2":"5504"}],"九郎原":[{"zip":"6995505","zip1":"699","zip2":"5505"}],"幸地":[{"zip":"6995515","zip1":"699","zip2":"5515"}],"真田":[{"zip":"6995521","zip1":"699","zip2":"5521"}],"沢田":[{"zip":"6995516","zip1":"699","zip2":"5516"}],"注連川":[{"zip":"6995517","zip1":"699","zip2":"5517"}],"下須":[{"zip":"6995305","zip1":"699","zip2":"5305"}],"下高尻":[{"zip":"6995507","zip1":"699","zip2":"5507"}],"白谷":[{"zip":"6995304","zip1":"699","zip2":"5304"}],"立河内":[{"zip":"6995514","zip1":"699","zip2":"5514"}],"立戸":[{"zip":"6995511","zip1":"699","zip2":"5511"}],"蓼野":[{"zip":"6995524","zip1":"699","zip2":"5524"}],"田野原":[{"zip":"6995502","zip1":"699","zip2":"5502"}],"七日市":[{"zip":"6995522","zip1":"699","zip2":"5522"}],"抜月":[{"zip":"6995525","zip1":"699","zip2":"5525"}],"樋口":[{"zip":"6995503","zip1":"699","zip2":"5503"}],"広石":[{"zip":"6995512","zip1":"699","zip2":"5512"}],"福川":[{"zip":"6995302","zip1":"699","zip2":"5302"}],"六日市":[{"zip":"6995513","zip1":"699","zip2":"5513"}]},"隠岐郡海士町":{"以下に掲載がない場合":[{"zip":"6840400","zip1":"684","zip2":"0400"}],"海士":[{"zip":"6840403","zip1":"684","zip2":"0403"}],"宇受賀":[{"zip":"6840401","zip1":"684","zip2":"0401"}],"崎":[{"zip":"6840413","zip1":"684","zip2":"0413"}],"知々井":[{"zip":"6840411","zip1":"684","zip2":"0411"}],"豊田":[{"zip":"6840402","zip1":"684","zip2":"0402"}],"福井":[{"zip":"6840404","zip1":"684","zip2":"0404"}],"御波":[{"zip":"6840412","zip1":"684","zip2":"0412"}]},"隠岐郡西ノ島町":{"以下に掲載がない場合":[{"zip":"6840300","zip1":"684","zip2":"0300"}],"宇賀":[{"zip":"6840301","zip1":"684","zip2":"0301"}],"浦郷":[{"zip":"6840211","zip1":"684","zip2":"0211"}],"別府":[{"zip":"6840302","zip1":"684","zip2":"0302"}],"美田":[{"zip":"6840303","zip1":"684","zip2":"0303"}]},"隠岐郡知夫村":{"以下に掲載がない場合":[{"zip":"6840100","zip1":"684","zip2":"0100"}],"薄毛":[{"zip":"6840104","zip1":"684","zip2":"0104"}],"古海":[{"zip":"6840107","zip1":"684","zip2":"0107"}],"大江":[{"zip":"6840101","zip1":"684","zip2":"0101"}],"来居":[{"zip":"6840106","zip1":"684","zip2":"0106"}],"郡":[{"zip":"6840102","zip1":"684","zip2":"0102"}],"多沢":[{"zip":"6840103","zip1":"684","zip2":"0103"}],"仁夫":[{"zip":"6840105","zip1":"684","zip2":"0105"}]},"隠岐郡隠岐の島町":{"以下に掲載がない場合":[{"zip":"6850000","zip1":"685","zip2":"0000"}],"有木":[{"zip":"6850006","zip1":"685","zip2":"0006"}],"飯田":[{"zip":"6850004","zip1":"685","zip2":"0004"}],"飯美":[{"zip":"6850411","zip1":"685","zip2":"0411"}],"池田":[{"zip":"6850007","zip1":"685","zip2":"0007"}],"伊後（その他）":[{"zip":"6850431","zip1":"685","zip2":"0431"}],"伊後（向ケ丘）":[{"zip":"6850306","zip1":"685","zip2":"0306"}],"犬来":[{"zip":"6850003","zip1":"685","zip2":"0003"}],"今津":[{"zip":"6850022","zip1":"685","zip2":"0022"}],"卯敷":[{"zip":"6850413","zip1":"685","zip2":"0413"}],"大久":[{"zip":"6850001","zip1":"685","zip2":"0001"}],"釜":[{"zip":"6850002","zip1":"685","zip2":"0002"}],"上西":[{"zip":"6850026","zip1":"685","zip2":"0026"}],"加茂":[{"zip":"6850024","zip1":"685","zip2":"0024"}],"元屋":[{"zip":"6850435","zip1":"685","zip2":"0435"}],"北方":[{"zip":"6850301","zip1":"685","zip2":"0301"}],"久見":[{"zip":"6850305","zip1":"685","zip2":"0305"}],"蔵田":[{"zip":"6850101","zip1":"685","zip2":"0101"}],"小路":[{"zip":"6850312","zip1":"685","zip2":"0312"}],"郡":[{"zip":"6850311","zip1":"685","zip2":"0311"}],"栄町":[{"zip":"6850011","zip1":"685","zip2":"0011"}],"下西":[{"zip":"6850017","zip1":"685","zip2":"0017"}],"城北町":[{"zip":"6850016","zip1":"685","zip2":"0016"}],"代":[{"zip":"6850304","zip1":"685","zip2":"0304"}],"蛸木":[{"zip":"6850106","zip1":"685","zip2":"0106"}],"津戸":[{"zip":"6850105","zip1":"685","zip2":"0105"}],"都万":[{"zip":"6850104","zip1":"685","zip2":"0104"}],"東郷":[{"zip":"6850005","zip1":"685","zip2":"0005"}],"中町":[{"zip":"6850013","zip1":"685","zip2":"0013"}],"中村":[{"zip":"6850434","zip1":"685","zip2":"0434"}],"那久":[{"zip":"6850103","zip1":"685","zip2":"0103"}],"那久路":[{"zip":"6850313","zip1":"685","zip2":"0313"}],"苗代田":[{"zip":"6850302","zip1":"685","zip2":"0302"}],"西田":[{"zip":"6850023","zip1":"685","zip2":"0023"}],"西町":[{"zip":"6850014","zip1":"685","zip2":"0014"}],"西村":[{"zip":"6850432","zip1":"685","zip2":"0432"}],"原田":[{"zip":"6850027","zip1":"685","zip2":"0027"}],"東町":[{"zip":"6850012","zip1":"685","zip2":"0012"}],"布施":[{"zip":"6850412","zip1":"685","zip2":"0412"}],"平":[{"zip":"6850025","zip1":"685","zip2":"0025"}],"岬町":[{"zip":"6850021","zip1":"685","zip2":"0021"}],"湊":[{"zip":"6850433","zip1":"685","zip2":"0433"}],"港町":[{"zip":"6850015","zip1":"685","zip2":"0015"}],"南方":[{"zip":"6850303","zip1":"685","zip2":"0303"}],"山田":[{"zip":"6850314","zip1":"685","zip2":"0314"}],"油井":[{"zip":"6850102","zip1":"685","zip2":"0102"}]}}