{"0000":[{"pref":"鳥取県","city":"倉吉市","town":"以下に掲載がない場合"}],"0822":[{"pref":"鳥取県","city":"倉吉市","town":"葵町"}],"0021":[{"pref":"鳥取県","city":"倉吉市","town":"上井"}],"0022":[{"pref":"鳥取県","city":"倉吉市","town":"上井町"}],"0871":[{"pref":"鳥取県","city":"倉吉市","town":"旭田町"}],"0001":[{"pref":"鳥取県","city":"倉吉市","town":"穴窪"}],"0901":[{"pref":"鳥取県","city":"倉吉市","town":"穴沢"}],"0024":[{"pref":"鳥取県","city":"倉吉市","town":"伊木"}],"0855":[{"pref":"鳥取県","city":"倉吉市","town":"生田"}],"0933":[{"pref":"鳥取県","city":"倉吉市","town":"石塚"}],"0006":[{"pref":"鳥取県","city":"倉吉市","town":"井手畑"}],"0641":[{"pref":"鳥取県","city":"倉吉市","town":"今在家"}],"0801":[{"pref":"鳥取県","city":"倉吉市","town":"巌城"}],"0842":[{"pref":"鳥取県","city":"倉吉市","town":"岩倉"}],"0821":[{"pref":"鳥取県","city":"倉吉市","town":"魚町"}],"0811":[{"pref":"鳥取県","city":"倉吉市","town":"上灘町"}],"0865":[{"pref":"鳥取県","city":"倉吉市","town":"越中町"}],"0813":[{"pref":"鳥取県","city":"倉吉市","town":"円谷町"}],"0623":[{"pref":"鳥取県","city":"倉吉市","town":"大河内"}],"0947":[{"pref":"鳥取県","city":"倉吉市","town":"大沢"}],"0632":[{"pref":"鳥取県","city":"倉吉市","town":"大立"}],"0941":[{"pref":"鳥取県","city":"倉吉市","town":"大谷"}],"0948":[{"pref":"鳥取県","city":"倉吉市","town":"大谷茶屋"}],"0011":[{"pref":"鳥取県","city":"倉吉市","town":"大塚"}],"0042":[{"pref":"鳥取県","city":"倉吉市","town":"大平町"}],"0841":[{"pref":"鳥取県","city":"倉吉市","town":"大宮"}],"0645":[{"pref":"鳥取県","city":"倉吉市","town":"岡"}],"0931":[{"pref":"鳥取県","city":"倉吉市","town":"小鴨"}],"0607":[{"pref":"鳥取県","city":"倉吉市","town":"尾田"}],"0034":[{"pref":"鳥取県","city":"倉吉市","town":"大原"}],"0904":[{"pref":"鳥取県","city":"倉吉市","town":"尾原"}],"0014":[{"pref":"鳥取県","city":"倉吉市","town":"海田東町"}],"0016":[{"pref":"鳥取県","city":"倉吉市","town":"海田西町"}],"0015":[{"pref":"鳥取県","city":"倉吉市","town":"海田南町"}],"0864":[{"pref":"鳥取県","city":"倉吉市","town":"鍛冶町"}],"0902":[{"pref":"鳥取県","city":"倉吉市","town":"上神"}],"0621":[{"pref":"鳥取県","city":"倉吉市","town":"忰谷"}],"0875":[{"pref":"鳥取県","city":"倉吉市","town":"金森町"}],"0041":[{"pref":"鳥取県","city":"倉吉市","town":"河北町"}],"0631":[{"pref":"鳥取県","city":"倉吉市","town":"上大立"}],"0642":[{"pref":"鳥取県","city":"倉吉市","town":"上福田"}],"0934":[{"pref":"鳥取県","city":"倉吉市","town":"上古川"}],"0032":[{"pref":"鳥取県","city":"倉吉市","town":"上余戸"}],"0602":[{"pref":"鳥取県","city":"倉吉市","town":"上米積"}],"0923":[{"pref":"鳥取県","city":"倉吉市","town":"鴨川町"}],"0846":[{"pref":"鳥取県","city":"倉吉市","town":"鴨河内"}],"0633":[{"pref":"鳥取県","city":"倉吉市","town":"河来見"}],"0924":[{"pref":"鳥取県","city":"倉吉市","town":"河原町"}],"0857":[{"pref":"鳥取県","city":"倉吉市","town":"北野"}],"0903":[{"pref":"鳥取県","city":"倉吉市","town":"北面"}],"0932":[{"pref":"鳥取県","city":"倉吉市","town":"蔵内"}],"0033":[{"pref":"鳥取県","city":"倉吉市","town":"栗尾"}],"0945":[{"pref":"鳥取県","city":"倉吉市","town":"黒見"}],"0942":[{"pref":"鳥取県","city":"倉吉市","town":"国府"}],"0035":[{"pref":"鳥取県","city":"倉吉市","town":"広栄町"}],"0883":[{"pref":"鳥取県","city":"倉吉市","town":"荒神町"}],"0943":[{"pref":"鳥取県","city":"倉吉市","town":"国分寺"}],"0867":[{"pref":"鳥取県","city":"倉吉市","town":"越殿町"}],"0044":[{"pref":"鳥取県","city":"倉吉市","town":"小田"}],"0045":[{"pref":"鳥取県","city":"倉吉市","town":"小田東"}],"0807":[{"pref":"鳥取県","city":"倉吉市","town":"幸町"}],"0885":[{"pref":"鳥取県","city":"倉吉市","town":"堺町"}],"0634":[{"pref":"鳥取県","city":"倉吉市","town":"桜"}],"0606":[{"pref":"鳥取県","city":"倉吉市","town":"沢谷"}],"0613":[{"pref":"鳥取県","city":"倉吉市","town":"志津"}],"0837":[{"pref":"鳥取県","city":"倉吉市","town":"下大江"}],"0812":[{"pref":"鳥取県","city":"倉吉市","town":"下田中町"}],"0643":[{"pref":"鳥取県","city":"倉吉市","town":"下福田"}],"0005":[{"pref":"鳥取県","city":"倉吉市","town":"下古川"}],"0031":[{"pref":"鳥取県","city":"倉吉市","town":"下余戸"}],"0601":[{"pref":"鳥取県","city":"倉吉市","town":"下米積"}],"0925":[{"pref":"鳥取県","city":"倉吉市","town":"秋喜"}],"0926":[{"pref":"鳥取県","city":"倉吉市","town":"秋喜西町"}],"0806":[{"pref":"鳥取県","city":"倉吉市","town":"昭和町"}],"0003":[{"pref":"鳥取県","city":"倉吉市","town":"新田"}],"0861":[{"pref":"鳥取県","city":"倉吉市","town":"新町"}],"0815":[{"pref":"鳥取県","city":"倉吉市","town":"新陽町"}],"0952":[{"pref":"鳥取県","city":"倉吉市","town":"鋤"}],"0611":[{"pref":"鳥取県","city":"倉吉市","town":"杉野"}],"0843":[{"pref":"鳥取県","city":"倉吉市","town":"菅原"}],"0817":[{"pref":"鳥取県","city":"倉吉市","town":"住吉町"}],"0012":[{"pref":"鳥取県","city":"倉吉市","town":"清谷"}],"0017":[{"pref":"鳥取県","city":"倉吉市","town":"清谷町"}],"0401":[{"pref":"鳥取県","city":"倉吉市","town":"関金町安歩"}],"0421":[{"pref":"鳥取県","city":"倉吉市","town":"関金町今西"}],"0402":[{"pref":"鳥取県","city":"倉吉市","town":"関金町大鳥居"}],"0433":[{"pref":"鳥取県","city":"倉吉市","town":"関金町小泉"}],"0413":[{"pref":"鳥取県","city":"倉吉市","town":"関金町郡家"}],"0411":[{"pref":"鳥取県","city":"倉吉市","town":"関金町関金宿"}],"0404":[{"pref":"鳥取県","city":"倉吉市","town":"関金町泰久寺"}],"0434":[{"pref":"鳥取県","city":"倉吉市","town":"関金町野添"}],"0432":[{"pref":"鳥取県","city":"倉吉市","town":"関金町福原"}],"0422":[{"pref":"鳥取県","city":"倉吉市","town":"関金町堀"}],"0403":[{"pref":"鳥取県","city":"倉吉市","town":"関金町松河原"}],"0423":[{"pref":"鳥取県","city":"倉吉市","town":"関金町明高"}],"0412":[{"pref":"鳥取県","city":"倉吉市","town":"関金町山口"}],"0431":[{"pref":"鳥取県","city":"倉吉市","town":"関金町米富"}],"0863":[{"pref":"鳥取県","city":"倉吉市","town":"瀬崎町"}],"0886":[{"pref":"鳥取県","city":"倉吉市","town":"大正町"}],"0816":[{"pref":"鳥取県","city":"倉吉市","town":"駄経寺町"}],"0626":[{"pref":"鳥取県","city":"倉吉市","town":"立見"}],"0954":[{"pref":"鳥取県","city":"倉吉市","town":"谷"}],"0951":[{"pref":"鳥取県","city":"倉吉市","town":"津原"}],"0911":[{"pref":"鳥取県","city":"倉吉市","town":"寺谷"}],"0043":[{"pref":"鳥取県","city":"倉吉市","town":"天神町"}],"0884":[{"pref":"鳥取県","city":"倉吉市","town":"研屋町"}],"0832":[{"pref":"鳥取県","city":"倉吉市","town":"富海"}],"0002":[{"pref":"鳥取県","city":"倉吉市","town":"中江"}],"0856":[{"pref":"鳥取県","city":"倉吉市","town":"中河原"}],"0612":[{"pref":"鳥取県","city":"倉吉市","town":"中野"}],"0824":[{"pref":"鳥取県","city":"倉吉市","town":"仲ノ町"}],"0836":[{"pref":"鳥取県","city":"倉吉市","town":"長坂新町"}],"0835":[{"pref":"鳥取県","city":"倉吉市","town":"長坂町"}],"0622":[{"pref":"鳥取県","city":"倉吉市","town":"長谷"}],"0874":[{"pref":"鳥取県","city":"倉吉市","town":"西岩倉町"}],"0851":[{"pref":"鳥取県","city":"倉吉市","town":"西倉吉町"}],"0825":[{"pref":"鳥取県","city":"倉吉市","town":"西仲町"}],"0921":[{"pref":"鳥取県","city":"倉吉市","town":"西福守町"}],"0862":[{"pref":"鳥取県","city":"倉吉市","town":"西町"}],"0036":[{"pref":"鳥取県","city":"倉吉市","town":"虹ケ丘町"}],"0831":[{"pref":"鳥取県","city":"倉吉市","town":"八幡町"}],"0635":[{"pref":"鳥取県","city":"倉吉市","town":"服部"}],"0953":[{"pref":"鳥取県","city":"倉吉市","town":"半坂"}],"0914":[{"pref":"鳥取県","city":"倉吉市","town":"馬場町"}],"0624":[{"pref":"鳥取県","city":"倉吉市","town":"般若"}],"0802":[{"pref":"鳥取県","city":"倉吉市","town":"東巌城町"}],"0873":[{"pref":"鳥取県","city":"倉吉市","town":"東岩倉町"}],"0834":[{"pref":"鳥取県","city":"倉吉市","town":"東鴨"}],"0833":[{"pref":"鳥取県","city":"倉吉市","town":"東鴨新町"}],"0804":[{"pref":"鳥取県","city":"倉吉市","town":"東昭和町"}],"0826":[{"pref":"鳥取県","city":"倉吉市","town":"東仲町"}],"0823":[{"pref":"鳥取県","city":"倉吉市","town":"東町"}],"0844":[{"pref":"鳥取県","city":"倉吉市","town":"広瀬"}],"0866":[{"pref":"鳥取県","city":"倉吉市","town":"広瀬町"}],"0644":[{"pref":"鳥取県","city":"倉吉市","town":"福積"}],"0605":[{"pref":"鳥取県","city":"倉吉市","town":"福富"}],"0013":[{"pref":"鳥取県","city":"倉吉市","town":"福庭"}],"0018":[{"pref":"鳥取県","city":"倉吉市","town":"福庭町"}],"0944":[{"pref":"鳥取県","city":"倉吉市","town":"福光"}],"0604":[{"pref":"鳥取県","city":"倉吉市","town":"福本"}],"0922":[{"pref":"鳥取県","city":"倉吉市","town":"福守町"}],"0847":[{"pref":"鳥取県","city":"倉吉市","town":"福山"}],"0872":[{"pref":"鳥取県","city":"倉吉市","town":"福吉町"}],"0915":[{"pref":"鳥取県","city":"倉吉市","town":"不入岡"}],"0004":[{"pref":"鳥取県","city":"倉吉市","town":"古川沢"}],"0905":[{"pref":"鳥取県","city":"倉吉市","town":"別所"}],"0852":[{"pref":"鳥取県","city":"倉吉市","town":"丸山町"}],"0603":[{"pref":"鳥取県","city":"倉吉市","town":"三江"}],"0854":[{"pref":"鳥取県","city":"倉吉市","town":"みどり町"}],"0882":[{"pref":"鳥取県","city":"倉吉市","town":"湊町"}],"0805":[{"pref":"鳥取県","city":"倉吉市","town":"南昭和町"}],"0845":[{"pref":"鳥取県","city":"倉吉市","town":"耳"}],"0881":[{"pref":"鳥取県","city":"倉吉市","town":"宮川町"}],"0803":[{"pref":"鳥取県","city":"倉吉市","town":"見日町"}],"0887":[{"pref":"鳥取県","city":"倉吉市","town":"明治町"}],"0625":[{"pref":"鳥取県","city":"倉吉市","town":"椋波"}],"0615":[{"pref":"鳥取県","city":"倉吉市","town":"森"}],"0025":[{"pref":"鳥取県","city":"倉吉市","town":"八屋"}],"0023":[{"pref":"鳥取県","city":"倉吉市","town":"山根"}],"0946":[{"pref":"鳥取県","city":"倉吉市","town":"横田"}],"0853":[{"pref":"鳥取県","city":"倉吉市","town":"余戸谷町"}],"0814":[{"pref":"鳥取県","city":"倉吉市","town":"米田町"}],"0912":[{"pref":"鳥取県","city":"倉吉市","town":"和田"}],"0913":[{"pref":"鳥取県","city":"倉吉市","town":"和田東町"}],"0100":[{"pref":"鳥取県","city":"東伯郡三朝町","town":"以下に掲載がない場合"}],"0172":[{"pref":"鳥取県","city":"東伯郡三朝町","town":"赤松"}],"0303":[{"pref":"鳥取県","city":"東伯郡三朝町","town":"穴鴨"}],"0151":[{"pref":"鳥取県","city":"東伯郡三朝町","town":"今泉"},{"pref":"鳥取県","city":"東伯郡三朝町","town":"若宮"}],"0177":[{"pref":"鳥取県","city":"東伯郡三朝町","town":"大柿"}],"0121":[{"pref":"鳥取県","city":"東伯郡三朝町","town":"大瀬"}],"0315":[{"pref":"鳥取県","city":"東伯郡三朝町","town":"大谷"}],"0157":[{"pref":"鳥取県","city":"東伯郡三朝町","town":"小河内"}],"0173":[{"pref":"鳥取県","city":"東伯郡三朝町","town":"恩地"}],"0161":[{"pref":"鳥取県","city":"東伯郡三朝町","town":"柿谷"}],"0135":[{"pref":"鳥取県","city":"東伯郡三朝町","town":"片柴"}],"0302":[{"pref":"鳥取県","city":"東伯郡三朝町","town":"加谷"}],"0154":[{"pref":"鳥取県","city":"東伯郡三朝町","town":"鎌田"}],"0313":[{"pref":"鳥取県","city":"東伯郡三朝町","town":"上西谷"}],"0142":[{"pref":"鳥取県","city":"東伯郡三朝町","town":"神倉"}],"0301":[{"pref":"鳥取県","city":"東伯郡三朝町","town":"木地山"}],"0375":[{"pref":"鳥取県","city":"東伯郡三朝町","town":"久原"}],"0123":[{"pref":"鳥取県","city":"東伯郡三朝町","town":"恋谷"},{"pref":"鳥取県","city":"東伯郡三朝町","town":"三朝"}],"0136":[{"pref":"鳥取県","city":"東伯郡三朝町","town":"坂本"}],"0133":[{"pref":"鳥取県","city":"東伯郡三朝町","town":"桜ケ丘"},{"pref":"鳥取県","city":"東伯郡三朝町","town":"吉田"}],"0156":[{"pref":"鳥取県","city":"東伯郡三朝町","town":"下谷"}],"0312":[{"pref":"鳥取県","city":"東伯郡三朝町","town":"下西谷"}],"0316":[{"pref":"鳥取県","city":"東伯郡三朝町","town":"下畑"}],"0176":[{"pref":"鳥取県","city":"東伯郡三朝町","town":"助谷"}],"0124":[{"pref":"鳥取県","city":"東伯郡三朝町","town":"砂原"}],"0374":[{"pref":"鳥取県","city":"東伯郡三朝町","town":"曹源寺"}],"0146":[{"pref":"鳥取県","city":"東伯郡三朝町","town":"高橋"}],"0314":[{"pref":"鳥取県","city":"東伯郡三朝町","town":"田代"}],"0131":[{"pref":"鳥取県","city":"東伯郡三朝町","town":"俵原"}],"0158":[{"pref":"鳥取県","city":"東伯郡三朝町","town":"笏賀"}],"0153":[{"pref":"鳥取県","city":"東伯郡三朝町","town":"天神"},{"pref":"鳥取県","city":"東伯郡三朝町","town":"森"}],"0125":[{"pref":"鳥取県","city":"東伯郡三朝町","town":"徳本"},{"pref":"鳥取県","city":"東伯郡三朝町","town":"横手"}],"0141":[{"pref":"鳥取県","city":"東伯郡三朝町","town":"中津"}],"0162":[{"pref":"鳥取県","city":"東伯郡三朝町","town":"鉛山"}],"0145":[{"pref":"鳥取県","city":"東伯郡三朝町","town":"西尾"}],"0144":[{"pref":"鳥取県","city":"東伯郡三朝町","town":"西小鹿"}],"0143":[{"pref":"鳥取県","city":"東伯郡三朝町","town":"東小鹿"}],"0159":[{"pref":"鳥取県","city":"東伯郡三朝町","town":"福田"}],"0317":[{"pref":"鳥取県","city":"東伯郡三朝町","town":"福本"}],"0311":[{"pref":"鳥取県","city":"東伯郡三朝町","town":"福山"}],"0163":[{"pref":"鳥取県","city":"東伯郡三朝町","town":"福吉"}],"0178":[{"pref":"鳥取県","city":"東伯郡三朝町","town":"牧"}],"0132":[{"pref":"鳥取県","city":"東伯郡三朝町","town":"三徳"}],"0152":[{"pref":"鳥取県","city":"東伯郡三朝町","town":"本泉"}],"0122":[{"pref":"鳥取県","city":"東伯郡三朝町","town":"山田"}],"0171":[{"pref":"鳥取県","city":"東伯郡三朝町","town":"湯谷"}],"0155":[{"pref":"鳥取県","city":"東伯郡三朝町","town":"吉尾"}],"0134":[{"pref":"鳥取県","city":"東伯郡三朝町","town":"余戸"}],"0700":[{"pref":"鳥取県","city":"東伯郡湯梨浜町","town":"以下に掲載がない場合"}],"0714":[{"pref":"鳥取県","city":"東伯郡湯梨浜町","town":"赤池"}],"0701":[{"pref":"鳥取県","city":"東伯郡湯梨浜町","town":"宇野"}],"0712":[{"pref":"鳥取県","city":"東伯郡湯梨浜町","town":"上浅津"}],"0703":[{"pref":"鳥取県","city":"東伯郡湯梨浜町","town":"上橋津"}],"0711":[{"pref":"鳥取県","city":"東伯郡湯梨浜町","town":"下浅津"}],"0721":[{"pref":"鳥取県","city":"東伯郡湯梨浜町","town":"田後"}],"0702":[{"pref":"鳥取県","city":"東伯郡湯梨浜町","town":"橋津"}],"0715":[{"pref":"鳥取県","city":"東伯郡湯梨浜町","town":"はわい温泉"}],"0722":[{"pref":"鳥取県","city":"東伯郡湯梨浜町","town":"はわい長瀬"}],"0723":[{"pref":"鳥取県","city":"東伯郡湯梨浜町","town":"久留"}],"0724":[{"pref":"鳥取県","city":"東伯郡湯梨浜町","town":"水下"}],"0713":[{"pref":"鳥取県","city":"東伯郡湯梨浜町","town":"光吉"}],"0704":[{"pref":"鳥取県","city":"東伯郡湯梨浜町","town":"南谷"}]}