{"1200":[{"pref":"石川県","city":"珠洲市","town":"以下に掲載がない場合"}],"1201":[{"pref":"石川県","city":"珠洲市","town":"正院町岡田"}],"1202":[{"pref":"石川県","city":"珠洲市","town":"正院町飯塚"}],"1203":[{"pref":"石川県","city":"珠洲市","town":"正院町平床"}],"1204":[{"pref":"石川県","city":"珠洲市","town":"蛸島町"}],"1205":[{"pref":"石川県","city":"珠洲市","town":"正院町川尻"}],"1206":[{"pref":"石川県","city":"珠洲市","town":"正院町正院"}],"1207":[{"pref":"石川県","city":"珠洲市","town":"正院町小路"}],"1211":[{"pref":"石川県","city":"珠洲市","town":"岩坂町"}],"1212":[{"pref":"石川県","city":"珠洲市","town":"熊谷町"}],"1213":[{"pref":"石川県","city":"珠洲市","town":"野々江町"}],"1214":[{"pref":"石川県","city":"珠洲市","town":"飯田町"}],"1215":[{"pref":"石川県","city":"珠洲市","town":"上戸町北方"}],"1216":[{"pref":"石川県","city":"珠洲市","town":"上戸町寺社"}],"1217":[{"pref":"石川県","city":"珠洲市","town":"上戸町南方"}],"1221":[{"pref":"石川県","city":"珠洲市","town":"宝立町春日野"},{"pref":"石川県","city":"珠洲市","town":"宝立町金峰寺"}],"1222":[{"pref":"石川県","city":"珠洲市","town":"宝立町鵜飼"}],"1223":[{"pref":"石川県","city":"珠洲市","town":"宝立町鵜島"}],"1224":[{"pref":"石川県","city":"珠洲市","town":"宝立町南黒丸"}],"1225":[{"pref":"石川県","city":"珠洲市","town":"宝立町宗玄"}],"1226":[{"pref":"石川県","city":"珠洲市","town":"宝立町馬渡"}],"1227":[{"pref":"石川県","city":"珠洲市","town":"宝立町大町泥木"},{"pref":"石川県","city":"珠洲市","town":"宝立町二艘丹"}],"1228":[{"pref":"石川県","city":"珠洲市","town":"宝立町柏原"},{"pref":"石川県","city":"珠洲市","town":"宝立町黒峰"}],"1231":[{"pref":"石川県","city":"珠洲市","town":"若山町鈴内"}],"1232":[{"pref":"石川県","city":"珠洲市","town":"若山町広栗"}],"1233":[{"pref":"石川県","city":"珠洲市","town":"若山町出田"}],"1234":[{"pref":"石川県","city":"珠洲市","town":"若山町経念"}],"1235":[{"pref":"石川県","city":"珠洲市","town":"若山町中田"},{"pref":"石川県","city":"珠洲市","town":"若山町向"}],"1236":[{"pref":"石川県","city":"珠洲市","town":"若山町中"}],"1237":[{"pref":"石川県","city":"珠洲市","town":"若山町宇都山"},{"pref":"石川県","city":"珠洲市","town":"若山町大坊"}],"1238":[{"pref":"石川県","city":"珠洲市","town":"若山町延武"},{"pref":"石川県","city":"珠洲市","town":"若山町火宮"}],"1239":[{"pref":"石川県","city":"珠洲市","town":"若山町古蔵"}],"1301":[{"pref":"石川県","city":"珠洲市","town":"高屋町"}],"1302":[{"pref":"石川県","city":"珠洲市","town":"笹波町"}],"1303":[{"pref":"石川県","city":"珠洲市","town":"石神町"}],"1304":[{"pref":"石川県","city":"珠洲市","town":"馬緤町"}],"1311":[{"pref":"石川県","city":"珠洲市","town":"若山町上正力"}],"1312":[{"pref":"石川県","city":"珠洲市","town":"若山町二子"}],"1313":[{"pref":"石川県","city":"珠洲市","town":"若山町宗末"}],"1314":[{"pref":"石川県","city":"珠洲市","town":"若山町上黒丸"}],"1315":[{"pref":"石川県","city":"珠洲市","town":"若山町白滝"},{"pref":"石川県","city":"珠洲市","town":"若山町南山"}],"1316":[{"pref":"石川県","city":"珠洲市","town":"若山町洲巻"}],"1317":[{"pref":"石川県","city":"珠洲市","town":"若山町上山"}],"1318":[{"pref":"石川県","city":"珠洲市","town":"若山町北山"}],"1319":[{"pref":"石川県","city":"珠洲市","town":"若山町吉ケ池"}],"1321":[{"pref":"石川県","city":"珠洲市","town":"大谷町"}],"1322":[{"pref":"石川県","city":"珠洲市","town":"長橋町"}],"1323":[{"pref":"石川県","city":"珠洲市","town":"片岩町"}],"1324":[{"pref":"石川県","city":"珠洲市","town":"清水町"}],"1325":[{"pref":"石川県","city":"珠洲市","town":"仁江町"}],"1326":[{"pref":"石川県","city":"珠洲市","town":"真浦町"}],"1441":[{"pref":"石川県","city":"珠洲市","town":"狼煙町"}],"1442":[{"pref":"石川県","city":"珠洲市","town":"狼煙新町"}],"1443":[{"pref":"石川県","city":"珠洲市","town":"東山中町"}],"1444":[{"pref":"石川県","city":"珠洲市","town":"唐笠町八ケ山"}],"1445":[{"pref":"石川県","city":"珠洲市","town":"唐笠町"}],"1446":[{"pref":"石川県","city":"珠洲市","town":"折戸町"}],"1447":[{"pref":"石川県","city":"珠洲市","town":"川浦町"}],"1451":[{"pref":"石川県","city":"珠洲市","town":"三崎町寺家"}],"1452":[{"pref":"石川県","city":"珠洲市","town":"三崎町粟津"}],"1453":[{"pref":"石川県","city":"珠洲市","town":"三崎町森腰"}],"1454":[{"pref":"石川県","city":"珠洲市","town":"三崎町宇治"}],"1455":[{"pref":"石川県","city":"珠洲市","town":"三崎町引砂"}],"1456":[{"pref":"石川県","city":"珠洲市","town":"三崎町高波"}],"1457":[{"pref":"石川県","city":"珠洲市","town":"三崎町大屋"}],"1461":[{"pref":"石川県","city":"珠洲市","town":"三崎町伏見"}],"1462":[{"pref":"石川県","city":"珠洲市","town":"三崎町小泊"}],"1463":[{"pref":"石川県","city":"珠洲市","town":"三崎町雲津"}],"1464":[{"pref":"石川県","city":"珠洲市","town":"三崎町細屋"}],"1465":[{"pref":"石川県","city":"珠洲市","town":"三崎町二本松"}],"1466":[{"pref":"石川県","city":"珠洲市","town":"三崎町杉山"}],"1467":[{"pref":"石川県","city":"珠洲市","town":"三崎町本"}],"1468":[{"pref":"石川県","city":"珠洲市","town":"三崎町内方"}],"2101":[{"pref":"石川県","city":"輪島市","town":"門前町西円山"}],"2102":[{"pref":"石川県","city":"輪島市","town":"門前町浦上"},{"pref":"石川県","city":"輪島市","town":"門前町八幡"}],"2103":[{"pref":"石川県","city":"輪島市","town":"門前町宮古場"}],"2104":[{"pref":"石川県","city":"輪島市","town":"門前町山辺"}],"2105":[{"pref":"石川県","city":"輪島市","town":"門前町田村"}],"2106":[{"pref":"石川県","city":"輪島市","town":"門前町浅生田"}],"2107":[{"pref":"石川県","city":"輪島市","town":"門前町安代原"}],"2108":[{"pref":"石川県","city":"輪島市","town":"門前町中野屋"}],"2111":[{"pref":"石川県","city":"輪島市","town":"門前町滝上"}],"2112":[{"pref":"石川県","city":"輪島市","town":"門前町四位"}],"2113":[{"pref":"石川県","city":"輪島市","town":"門前町俊兼"},{"pref":"石川県","city":"輪島市","town":"門前町嶺"}],"2114":[{"pref":"石川県","city":"輪島市","town":"門前町谷口"}],"2115":[{"pref":"石川県","city":"輪島市","town":"門前町本内"}],"2121":[{"pref":"石川県","city":"輪島市","town":"門前町貝吹"}],"2122":[{"pref":"石川県","city":"輪島市","town":"門前町原"}],"2123":[{"pref":"石川県","city":"輪島市","town":"門前町荒屋"}],"2124":[{"pref":"石川県","city":"輪島市","town":"門前町東大町"}],"2125":[{"pref":"石川県","city":"輪島市","town":"門前町別所"}],"2126":[{"pref":"石川県","city":"輪島市","town":"門前町能納屋"}],"2127":[{"pref":"石川県","city":"輪島市","town":"門前町二又川"}],"2131":[{"pref":"石川県","city":"輪島市","town":"門前町平"}],"2132":[{"pref":"石川県","city":"輪島市","town":"門前町長井坂"}],"2133":[{"pref":"石川県","city":"輪島市","town":"門前町定広"}],"2134":[{"pref":"石川県","city":"輪島市","town":"門前町地原"}],"2135":[{"pref":"石川県","city":"輪島市","town":"門前町百成"}],"2136":[{"pref":"石川県","city":"輪島市","town":"門前町鑓川"}],"2137":[{"pref":"石川県","city":"輪島市","town":"門前町内保"}],"2138":[{"pref":"石川県","city":"輪島市","town":"門前町堀腰"}],"2141":[{"pref":"石川県","city":"輪島市","town":"門前町小石"}],"2142":[{"pref":"石川県","city":"輪島市","town":"門前町上河内"}],"2143":[{"pref":"石川県","city":"輪島市","town":"門前町風原"}],"2144":[{"pref":"石川県","city":"輪島市","town":"門前町猿橋"}],"2145":[{"pref":"石川県","city":"輪島市","town":"門前町小滝"}],"2146":[{"pref":"石川県","city":"輪島市","town":"門前町西中尾"}],"2147":[{"pref":"石川県","city":"輪島市","town":"門前町鬼屋"}],"2151":[{"pref":"石川県","city":"輪島市","town":"門前町走出"}],"2152":[{"pref":"石川県","city":"輪島市","town":"門前町広瀬"}],"2153":[{"pref":"石川県","city":"輪島市","town":"門前町深田"}],"2154":[{"pref":"石川県","city":"輪島市","town":"門前町栃木"}],"2155":[{"pref":"石川県","city":"輪島市","town":"門前町日野尾"}],"2156":[{"pref":"石川県","city":"輪島市","town":"門前町門前"}],"2161":[{"pref":"石川県","city":"輪島市","town":"門前町六郎木"}],"2162":[{"pref":"石川県","city":"輪島市","town":"門前町勝田"}],"2163":[{"pref":"石川県","city":"輪島市","town":"門前町大生"}],"2164":[{"pref":"石川県","city":"輪島市","town":"門前町道下"}],"2165":[{"pref":"石川県","city":"輪島市","town":"門前町黒島町"}],"2166":[{"pref":"石川県","city":"輪島市","town":"門前町鹿磯"}],"2167":[{"pref":"石川県","city":"輪島市","town":"門前町深見"}],"2171":[{"pref":"石川県","city":"輪島市","town":"門前町本市"}],"2172":[{"pref":"石川県","city":"輪島市","town":"門前町高根尾"}],"2173":[{"pref":"石川県","city":"輪島市","town":"門前町舘"}],"2174":[{"pref":"石川県","city":"輪島市","town":"門前町広岡"}],"2175":[{"pref":"石川県","city":"輪島市","town":"門前町清水"}],"2176":[{"pref":"石川県","city":"輪島市","town":"門前町和田"}],"2271":[{"pref":"石川県","city":"輪島市","town":"門前町皆月"}],"2272":[{"pref":"石川県","city":"輪島市","town":"門前町樽見"}],"2273":[{"pref":"石川県","city":"輪島市","town":"門前町暮坂"}],"2274":[{"pref":"石川県","city":"輪島市","town":"門前町井守上坂"}],"2275":[{"pref":"石川県","city":"輪島市","town":"門前町薄野"}],"2276":[{"pref":"石川県","city":"輪島市","town":"門前町百成大角間"}],"2277":[{"pref":"石川県","city":"輪島市","town":"門前町餅田"}],"2281":[{"pref":"石川県","city":"輪島市","town":"門前町鵜山"}],"2282":[{"pref":"石川県","city":"輪島市","town":"門前町大滝"}],"2283":[{"pref":"石川県","city":"輪島市","town":"門前町中谷内"}],"2284":[{"pref":"石川県","city":"輪島市","town":"門前町矢徳"}],"2285":[{"pref":"石川県","city":"輪島市","town":"門前町吉浦"}],"2286":[{"pref":"石川県","city":"輪島市","town":"門前町五十洲"}],"2301":[{"pref":"石川県","city":"輪島市","town":"門前町二又"}],"2302":[{"pref":"石川県","city":"輪島市","town":"門前町山是清"}],"2303":[{"pref":"石川県","city":"輪島市","town":"門前町江崎"}],"2304":[{"pref":"石川県","city":"輪島市","town":"門前町白禿"}],"2305":[{"pref":"石川県","city":"輪島市","town":"門前町大切"}],"2311":[{"pref":"石川県","city":"輪島市","town":"門前町切狭"}],"2312":[{"pref":"石川県","city":"輪島市","town":"門前町西中谷"}],"2313":[{"pref":"石川県","city":"輪島市","town":"門前町清沢"}],"2314":[{"pref":"石川県","city":"輪島市","town":"門前町飯川谷"}],"2321":[{"pref":"石川県","city":"輪島市","town":"門前町久川"}],"2322":[{"pref":"石川県","city":"輪島市","town":"門前町窕"}],"2323":[{"pref":"石川県","city":"輪島市","town":"門前町神明原"}],"2324":[{"pref":"石川県","city":"輪島市","town":"門前町馬渡"}],"2325":[{"pref":"石川県","city":"輪島市","town":"門前町滝町"}],"2331":[{"pref":"石川県","city":"輪島市","town":"門前町渡瀬"}],"2332":[{"pref":"石川県","city":"輪島市","town":"門前町木原月"}],"2333":[{"pref":"石川県","city":"輪島市","town":"門前町館分"},{"pref":"石川県","city":"輪島市","town":"門前町馬場"}],"2334":[{"pref":"石川県","city":"輪島市","town":"門前町上代"}],"2335":[{"pref":"石川県","city":"輪島市","town":"門前町黒岩"}],"2336":[{"pref":"石川県","city":"輪島市","town":"門前町入山"}],"2341":[{"pref":"石川県","city":"輪島市","town":"門前町大釜"}],"2342":[{"pref":"石川県","city":"輪島市","town":"門前町剱地"}],"2343":[{"pref":"石川県","city":"輪島市","town":"門前町大泊"}],"2344":[{"pref":"石川県","city":"輪島市","town":"門前町腰細"}],"2345":[{"pref":"石川県","city":"輪島市","town":"門前町赤神"}],"2351":[{"pref":"石川県","city":"輪島市","town":"門前町千代"}],"2352":[{"pref":"石川県","city":"輪島市","town":"門前町北川"}],"2353":[{"pref":"石川県","city":"輪島市","town":"門前町是清"}],"2354":[{"pref":"石川県","city":"輪島市","town":"門前町池田"}],"2355":[{"pref":"石川県","city":"輪島市","town":"門前町藤浜"}],"2361":[{"pref":"石川県","city":"輪島市","town":"門前町小山"}],"2362":[{"pref":"石川県","city":"輪島市","town":"門前町椎木"}],"2363":[{"pref":"石川県","city":"輪島市","town":"門前町新町分"}],"2364":[{"pref":"石川県","city":"輪島市","town":"門前町鍛治屋"}],"2365":[{"pref":"石川県","city":"輪島市","town":"門前町南"}],"2366":[{"pref":"石川県","city":"輪島市","town":"門前町中田"}],"0000":[{"pref":"石川県","city":"鳳珠郡穴水町","town":"以下に掲載がない場合"}],"0006":[{"pref":"石川県","city":"鳳珠郡穴水町","town":"旭ケ丘"}],"0003":[{"pref":"石川県","city":"鳳珠郡穴水町","town":"伊久留"}],"0235":[{"pref":"石川県","city":"鳳珠郡穴水町","town":"市ノ坂"}],"0007":[{"pref":"石川県","city":"鳳珠郡穴水町","town":"岩車"}],"0205":[{"pref":"石川県","city":"鳳珠郡穴水町","town":"宇加川"}],"0031":[{"pref":"石川県","city":"鳳珠郡穴水町","town":"鵜島"}],"0025":[{"pref":"石川県","city":"鳳珠郡穴水町","town":"内浦"}],"0042":[{"pref":"石川県","city":"鳳珠郡穴水町","town":"宇留地"}],"0054":[{"pref":"石川県","city":"鳳珠郡穴水町","town":"上野"}],"0048":[{"pref":"石川県","city":"鳳珠郡穴水町","town":"大角間"}],"0215":[{"pref":"石川県","city":"鳳珠郡穴水町","town":"大甲"}],"0026":[{"pref":"石川県","city":"鳳珠郡穴水町","town":"大町"}],"0207":[{"pref":"石川県","city":"鳳珠郡穴水町","town":"沖波"}],"0032":[{"pref":"石川県","city":"鳳珠郡穴水町","town":"乙ケ崎"}],"0051":[{"pref":"石川県","city":"鳳珠郡穴水町","town":"小又"}],"0038":[{"pref":"石川県","city":"鳳珠郡穴水町","town":"鹿島"}],"0014":[{"pref":"石川県","city":"鳳珠郡穴水町","town":"梶"}],"0049":[{"pref":"石川県","city":"鳳珠郡穴水町","town":"桂谷"}],"0223":[{"pref":"石川県","city":"鳳珠郡穴水町","town":"鹿波"}],"0211":[{"pref":"石川県","city":"鳳珠郡穴水町","town":"甲"}],"0056":[{"pref":"石川県","city":"鳳珠郡穴水町","town":"上唐川"}],"0047":[{"pref":"石川県","city":"鳳珠郡穴水町","town":"上中"}],"0008":[{"pref":"石川県","city":"鳳珠郡穴水町","town":"川尻"}],"0027":[{"pref":"石川県","city":"鳳珠郡穴水町","town":"川島"}],"0045":[{"pref":"石川県","city":"鳳珠郡穴水町","town":"河内"}],"0022":[{"pref":"石川県","city":"鳳珠郡穴水町","town":"北七海"}],"0011":[{"pref":"石川県","city":"鳳珠郡穴水町","town":"木原"}],"0053":[{"pref":"石川県","city":"鳳珠郡穴水町","town":"此木"}],"0001":[{"pref":"石川県","city":"鳳珠郡穴水町","town":"樟谷"}],"0212":[{"pref":"石川県","city":"鳳珠郡穴水町","town":"黒崎"}],"0046":[{"pref":"石川県","city":"鳳珠郡穴水町","town":"越渡"},{"pref":"石川県","city":"鳳珠郡穴水町","town":"汁谷"}],"0214":[{"pref":"石川県","city":"鳳珠郡穴水町","town":"小甲"}],"0234":[{"pref":"石川県","city":"鳳珠郡穴水町","town":"小又（山中）"}],"0043":[{"pref":"石川県","city":"鳳珠郡穴水町","town":"越の原"}],"0224":[{"pref":"石川県","city":"鳳珠郡穴水町","town":"鹿上"}],"0035":[{"pref":"石川県","city":"鳳珠郡穴水町","town":"志ケ浦"}],"0213":[{"pref":"石川県","city":"鳳珠郡穴水町","town":"至誠"}],"0055":[{"pref":"石川県","city":"鳳珠郡穴水町","town":"地蔵坊"}],"0021":[{"pref":"石川県","city":"鳳珠郡穴水町","town":"七海"}],"0057":[{"pref":"石川県","city":"鳳珠郡穴水町","town":"下唐川"}],"0013":[{"pref":"石川県","city":"鳳珠郡穴水町","town":"瑞鳳"}],"0002":[{"pref":"石川県","city":"鳳珠郡穴水町","town":"菅谷"}],"0039":[{"pref":"石川県","city":"鳳珠郡穴水町","town":"曽福"}],"0004":[{"pref":"石川県","city":"鳳珠郡穴水町","town":"曽山"}],"0221":[{"pref":"石川県","city":"鳳珠郡穴水町","town":"曽良"}],"0222":[{"pref":"石川県","city":"鳳珠郡穴水町","town":"大郷"}],"0201":[{"pref":"石川県","city":"鳳珠郡穴水町","town":"竹太"}],"0041":[{"pref":"石川県","city":"鳳珠郡穴水町","town":"天神谷"}],"0015":[{"pref":"石川県","city":"鳳珠郡穴水町","town":"中居"}],"0016":[{"pref":"石川県","city":"鳳珠郡穴水町","town":"中居南"}],"0034":[{"pref":"石川県","city":"鳳珠郡穴水町","town":"新崎"}],"0037":[{"pref":"石川県","city":"鳳珠郡穴水町","town":"根木"}],"0225":[{"pref":"石川県","city":"鳳珠郡穴水町","town":"野並"}],"0058":[{"pref":"石川県","city":"鳳珠郡穴水町","town":"挾石"}],"0017":[{"pref":"石川県","city":"鳳珠郡穴水町","town":"波志借"}],"0203":[{"pref":"石川県","city":"鳳珠郡穴水町","town":"花園"}],"0005":[{"pref":"石川県","city":"鳳珠郡穴水町","town":"東中谷"}],"0232":[{"pref":"石川県","city":"鳳珠郡穴水町","town":"東山"}],"0009":[{"pref":"石川県","city":"鳳珠郡穴水町","town":"比良"}],"0052":[{"pref":"石川県","city":"鳳珠郡穴水町","town":"平野"}],"0012":[{"pref":"石川県","city":"鳳珠郡穴水町","town":"藤巻"}],"0202":[{"pref":"石川県","city":"鳳珠郡穴水町","town":"古君"}],"0036":[{"pref":"石川県","city":"鳳珠郡穴水町","town":"望洋台"}],"0206":[{"pref":"石川県","city":"鳳珠郡穴水町","town":"前波"}],"0033":[{"pref":"石川県","city":"鳳珠郡穴水町","town":"緑ケ丘"}],"0204":[{"pref":"石川県","city":"鳳珠郡穴水町","town":"明千寺"}],"0023":[{"pref":"石川県","city":"鳳珠郡穴水町","town":"麦ケ浦"}],"0233":[{"pref":"石川県","city":"鳳珠郡穴水町","town":"女良川"}],"0231":[{"pref":"石川県","city":"鳳珠郡穴水町","town":"山中"}],"0024":[{"pref":"石川県","city":"鳳珠郡穴水町","town":"由比ケ丘"}],"0044":[{"pref":"石川県","city":"鳳珠郡穴水町","town":"鹿路"}],"0400":[{"pref":"石川県","city":"鳳珠郡能登町","town":"以下に掲載がない場合"}],"0612":[{"pref":"石川県","city":"鳳珠郡能登町","town":"秋吉"}],"0551":[{"pref":"石川県","city":"鳳珠郡能登町","town":"明野"}],"0626":[{"pref":"石川県","city":"鳳珠郡能登町","town":"泉"},{"pref":"石川県","city":"鳳珠郡能登町","town":"駒渡"},{"pref":"石川県","city":"鳳珠郡能登町","town":"田代"}],"0554":[{"pref":"石川県","city":"鳳珠郡能登町","town":"市之瀬"}],"0444":[{"pref":"石川県","city":"鳳珠郡能登町","town":"猪平"}],"0452":[{"pref":"石川県","city":"鳳珠郡能登町","town":"宇加塚"}],"0302":[{"pref":"石川県","city":"鳳珠郡能登町","town":"鵜川"}],"0433":[{"pref":"石川県","city":"鳳珠郡能登町","town":"宇出津"}],"0432":[{"pref":"石川県","city":"鳳珠郡能登町","town":"宇出津新"}],"0435":[{"pref":"石川県","city":"鳳珠郡能登町","town":"宇出津新港"}],"0431":[{"pref":"石川県","city":"鳳珠郡能登町","town":"宇出津山分"}],"0608":[{"pref":"石川県","city":"鳳珠郡能登町","town":"内浦長尾"}],"0564":[{"pref":"石川県","city":"鳳珠郡能登町","town":"小浦"}],"0325":[{"pref":"石川県","city":"鳳珠郡能登町","town":"太田原"}],"0303":[{"pref":"石川県","city":"鳳珠郡能登町","town":"小垣"}],"0553":[{"pref":"石川県","city":"鳳珠郡能登町","town":"小木"}],"0552":[{"pref":"石川県","city":"鳳珠郡能登町","town":"越坂"}],"0613":[{"pref":"石川県","city":"鳳珠郡能登町","town":"河ケ谷"}],"0304":[{"pref":"石川県","city":"鳳珠郡能登町","town":"柿生"}],"0324":[{"pref":"石川県","city":"鳳珠郡能登町","town":"柏木"}],"0621":[{"pref":"石川県","city":"鳳珠郡能登町","town":"上"}],"0313":[{"pref":"石川県","city":"鳳珠郡能登町","town":"木住"}],"0611":[{"pref":"石川県","city":"鳳珠郡能登町","town":"清真"}],"0625":[{"pref":"石川県","city":"鳳珠郡能登町","town":"国重"}],"0604":[{"pref":"石川県","city":"鳳珠郡能登町","town":"九里川尻"}],"0601":[{"pref":"石川県","city":"鳳珠郡能登町","town":"恋路"}],"0434":[{"pref":"石川県","city":"鳳珠郡能登町","town":"崎山"}],"0323":[{"pref":"石川県","city":"鳳珠郡能登町","town":"鮭尾"}],"0301":[{"pref":"石川県","city":"鳳珠郡能登町","town":"七見"}],"0607":[{"pref":"石川県","city":"鳳珠郡能登町","town":"白丸"}],"0609":[{"pref":"石川県","city":"鳳珠郡能登町","town":"新保"}],"0454":[{"pref":"石川県","city":"鳳珠郡能登町","town":"曽又"}],"0627":[{"pref":"石川県","city":"鳳珠郡能登町","town":"滝之坊"},{"pref":"石川県","city":"鳳珠郡能登町","town":"福光"}],"0605":[{"pref":"石川県","city":"鳳珠郡能登町","town":"立壁"}],"0453":[{"pref":"石川県","city":"鳳珠郡能登町","town":"鶴町"}],"0624":[{"pref":"石川県","city":"鳳珠郡能登町","town":"時長"}],"0315":[{"pref":"石川県","city":"鳳珠郡能登町","town":"豊ケ丘"}],"0603":[{"pref":"石川県","city":"鳳珠郡能登町","town":"布浦"}],"0442":[{"pref":"石川県","city":"鳳珠郡能登町","town":"波並"}],"0561":[{"pref":"石川県","city":"鳳珠郡能登町","town":"羽生（い）"}],"0555":[{"pref":"石川県","city":"鳳珠郡能登町","town":"羽生（ろ）"}],"0565":[{"pref":"石川県","city":"鳳珠郡能登町","town":"羽根"}],"0563":[{"pref":"石川県","city":"鳳珠郡能登町","town":"姫"}],"0441":[{"pref":"石川県","city":"鳳珠郡能登町","town":"藤波"}],"0451":[{"pref":"石川県","city":"鳳珠郡能登町","town":"藤ノ瀬"}],"0622":[{"pref":"石川県","city":"鳳珠郡能登町","town":"不動寺"}],"0312":[{"pref":"石川県","city":"鳳珠郡能登町","town":"本木"}],"0602":[{"pref":"石川県","city":"鳳珠郡能登町","town":"松波"},{"pref":"石川県","city":"鳳珠郡能登町","town":"明生"}],"0321":[{"pref":"石川県","city":"鳳珠郡能登町","town":"爼倉"}],"0562":[{"pref":"石川県","city":"鳳珠郡能登町","town":"真脇"}],"0614":[{"pref":"石川県","city":"鳳珠郡能登町","town":"満泉寺"},{"pref":"石川県","city":"鳳珠郡能登町","town":"山中"}],"0311":[{"pref":"石川県","city":"鳳珠郡能登町","town":"瑞穂"}],"0615":[{"pref":"石川県","city":"鳳珠郡能登町","town":"宮犬"}],"0322":[{"pref":"石川県","city":"鳳珠郡能登町","town":"宮地"}],"0305":[{"pref":"石川県","city":"鳳珠郡能登町","town":"武連"}],"0443":[{"pref":"石川県","city":"鳳珠郡能登町","town":"矢波"}],"0314":[{"pref":"石川県","city":"鳳珠郡能登町","town":"山田"}],"0623":[{"pref":"石川県","city":"鳳珠郡能登町","town":"行延"}],"0606":[{"pref":"石川県","city":"鳳珠郡能登町","town":"四方山"}]}