{"0000":[{"pref":"北海道","city":"留萌市","town":"以下に掲載がない場合"}],"0041":[{"pref":"北海道","city":"留萌市","town":"明元町"}],"0043":[{"pref":"北海道","city":"留萌市","town":"旭町"}],"0023":[{"pref":"北海道","city":"留萌市","town":"五十嵐町"}],"0026":[{"pref":"北海道","city":"留萌市","town":"泉町"}],"0048":[{"pref":"北海道","city":"留萌市","town":"大町"}],"0012":[{"pref":"北海道","city":"留萌市","town":"大和田"}],"0037":[{"pref":"北海道","city":"留萌市","town":"沖見町"}],"0042":[{"pref":"北海道","city":"留萌市","town":"開運町"}],"0003":[{"pref":"北海道","city":"留萌市","town":"春日町"}],"0038":[{"pref":"北海道","city":"留萌市","town":"寿町"}],"0031":[{"pref":"北海道","city":"留萌市","town":"幸町"}],"0007":[{"pref":"北海道","city":"留萌市","town":"栄町"}],"0001":[{"pref":"北海道","city":"留萌市","town":"三泊町"}],"0002":[{"pref":"北海道","city":"留萌市","town":"塩見町"}],"0011":[{"pref":"北海道","city":"留萌市","town":"東雲町"}],"0006":[{"pref":"北海道","city":"留萌市","town":"末広町"}],"0027":[{"pref":"北海道","city":"留萌市","town":"住之江町"}],"0047":[{"pref":"北海道","city":"留萌市","town":"瀬越町"}],"0021":[{"pref":"北海道","city":"留萌市","town":"高砂町"}],"0024":[{"pref":"北海道","city":"留萌市","town":"千鳥町"}],"0013":[{"pref":"北海道","city":"留萌市","town":"潮静"},{"pref":"北海道","city":"留萌市","town":"留萌原野（１～１２線）"}],"0044":[{"pref":"北海道","city":"留萌市","town":"錦町"}],"0025":[{"pref":"北海道","city":"留萌市","town":"野本町"}],"0028":[{"pref":"北海道","city":"留萌市","town":"花園町"}],"0036":[{"pref":"北海道","city":"留萌市","town":"浜中町"}],"0005":[{"pref":"北海道","city":"留萌市","town":"船場町"}],"0034":[{"pref":"北海道","city":"留萌市","town":"平和台"}],"0022":[{"pref":"北海道","city":"留萌市","town":"堀川町"}],"0045":[{"pref":"北海道","city":"留萌市","town":"本町"}],"0015":[{"pref":"北海道","city":"留萌市","town":"緑ケ丘町"}],"0046":[{"pref":"北海道","city":"留萌市","town":"港町"}],"0014":[{"pref":"北海道","city":"留萌市","town":"南町"}],"0033":[{"pref":"北海道","city":"留萌市","town":"見晴町"}],"0032":[{"pref":"北海道","city":"留萌市","town":"宮園町"}],"0016":[{"pref":"北海道","city":"留萌市","town":"元川町"}],"0004":[{"pref":"北海道","city":"留萌市","town":"元町"}],"0035":[{"pref":"北海道","city":"留萌市","town":"礼受町"}],"0351":[{"pref":"北海道","city":"石狩市","town":"浜益区雄冬"}],"0200":[{"pref":"北海道","city":"増毛郡増毛町","town":"以下に掲載がない場合"}],"0131":[{"pref":"北海道","city":"増毛郡増毛町","town":"阿分"}],"0203":[{"pref":"北海道","city":"増毛郡増毛町","town":"稲葉海岸町"}],"0204":[{"pref":"北海道","city":"増毛郡増毛町","town":"稲葉町"}],"0345":[{"pref":"北海道","city":"増毛郡増毛町","town":"岩尾"}],"0344":[{"pref":"北海道","city":"増毛郡増毛町","town":"岩老"}],"0201":[{"pref":"北海道","city":"増毛郡増毛町","town":"永寿町"}],"0341":[{"pref":"北海道","city":"増毛郡増毛町","town":"雄冬"}],"0134":[{"pref":"北海道","city":"増毛郡増毛町","town":"御料"}],"0218":[{"pref":"北海道","city":"増毛郡増毛町","town":"栄町"}],"0212":[{"pref":"北海道","city":"増毛郡増毛町","town":"七源町"}],"0209":[{"pref":"北海道","city":"増毛郡増毛町","town":"舎熊（９１７番地）"}],"0132":[{"pref":"北海道","city":"増毛郡増毛町","town":"舎熊（その他）"}],"0211":[{"pref":"北海道","city":"増毛郡増毛町","town":"暑寒海岸町"}],"0216":[{"pref":"北海道","city":"増毛郡増毛町","town":"暑寒沢"}],"0215":[{"pref":"北海道","city":"増毛郡増毛町","town":"暑寒町"}],"0206":[{"pref":"北海道","city":"増毛郡増毛町","town":"中歌"}],"0202":[{"pref":"北海道","city":"増毛郡増毛町","town":"野塚町"}],"0133":[{"pref":"北海道","city":"増毛郡増毛町","town":"信砂"}],"0207":[{"pref":"北海道","city":"増毛郡増毛町","town":"箸別"}],"0213":[{"pref":"北海道","city":"増毛郡増毛町","town":"畠中北町"}],"0214":[{"pref":"北海道","city":"増毛郡増毛町","town":"畠中町"}],"0217":[{"pref":"北海道","city":"増毛郡増毛町","town":"別苅"}],"0205":[{"pref":"北海道","city":"増毛郡増毛町","town":"弁天町"}],"0221":[{"pref":"北海道","city":"増毛郡増毛町","town":"港町"}],"0223":[{"pref":"北海道","city":"増毛郡増毛町","town":"南永寿町"}],"0225":[{"pref":"北海道","city":"増毛郡増毛町","town":"南暑寒町"}],"0224":[{"pref":"北海道","city":"増毛郡増毛町","town":"南畠中町"}],"0222":[{"pref":"北海道","city":"増毛郡増毛町","town":"見晴町"}],"0208":[{"pref":"北海道","city":"増毛郡増毛町","town":"湯の沢"}],"0461":[{"pref":"北海道","city":"留萌郡小平町","town":"川上"}],"0464":[{"pref":"北海道","city":"留萌郡小平町","town":"住吉"}],"0462":[{"pref":"北海道","city":"留萌郡小平町","town":"滝下"}],"0463":[{"pref":"北海道","city":"留萌郡小平町","town":"達布"}],"0465":[{"pref":"北海道","city":"留萌郡小平町","town":"寧楽"}],"0466":[{"pref":"北海道","city":"留萌郡小平町","town":"平和（２区）"}]}