{"1101":[{"pref":"岡山県","city":"倉敷市","town":"茶屋町"}],"1102":[{"pref":"岡山県","city":"倉敷市","town":"茶屋町早沖"}],"1201":[{"pref":"岡山県","city":"総社市","town":"久代"}],"1202":[{"pref":"岡山県","city":"総社市","town":"山田"}],"1203":[{"pref":"岡山県","city":"総社市","town":"新本"}],"1301":[{"pref":"岡山県","city":"倉敷市","town":"真備町箭田"}],"1302":[{"pref":"岡山県","city":"倉敷市","town":"真備町服部"}],"1303":[{"pref":"岡山県","city":"倉敷市","town":"真備町妹"}],"1304":[{"pref":"岡山県","city":"倉敷市","town":"真備町尾崎"}],"1305":[{"pref":"岡山県","city":"倉敷市","town":"真備町市場"}],"1306":[{"pref":"岡山県","city":"倉敷市","town":"真備町有井"}],"1311":[{"pref":"岡山県","city":"倉敷市","town":"真備町岡田"}],"1312":[{"pref":"岡山県","city":"倉敷市","town":"真備町辻田"}],"1313":[{"pref":"岡山県","city":"倉敷市","town":"真備町川辺"}],"1314":[{"pref":"岡山県","city":"倉敷市","town":"真備町下二万"}],"1315":[{"pref":"岡山県","city":"倉敷市","town":"真備町上二万"}],"0151":[{"pref":"岡山県","city":"岡山市南区","town":"植松"}],"0000":[{"pref":"岡山県","city":"倉敷市","town":"以下に掲載がない場合"}],"0064":[{"pref":"岡山県","city":"倉敷市","town":"青江"}],"0007":[{"pref":"岡山県","city":"倉敷市","town":"浅原"}],"0055":[{"pref":"岡山県","city":"倉敷市","town":"阿知"}],"0131":[{"pref":"岡山県","city":"倉敷市","town":"天城台"}],"0031":[{"pref":"岡山県","city":"倉敷市","town":"有城"}],"0002":[{"pref":"岡山県","city":"倉敷市","town":"生坂"}],"0041":[{"pref":"岡山県","city":"倉敷市","town":"五日市"}],"0822":[{"pref":"岡山県","city":"倉敷市","town":"稲荷町"}],"0814":[{"pref":"岡山県","city":"倉敷市","town":"石見町"}],"0843":[{"pref":"岡山県","city":"倉敷市","town":"浦田"}],"0826":[{"pref":"岡山県","city":"倉敷市","town":"老松町"}],"0817":[{"pref":"岡山県","city":"倉敷市","town":"大内"}],"0047":[{"pref":"岡山県","city":"倉敷市","town":"大島"}],"0836":[{"pref":"岡山県","city":"倉敷市","town":"沖"}],"0837":[{"pref":"岡山県","city":"倉敷市","town":"沖新町"}],"0144":[{"pref":"岡山県","city":"倉敷市","town":"尾原"}],"0023":[{"pref":"岡山県","city":"倉敷市","town":"帯高"}],"0026":[{"pref":"岡山県","city":"倉敷市","town":"加須山"}],"0805":[{"pref":"岡山県","city":"倉敷市","town":"片島町"}],"0846":[{"pref":"岡山県","city":"倉敷市","town":"上富井"}],"0024":[{"pref":"岡山県","city":"倉敷市","town":"亀山"}],"0811":[{"pref":"岡山県","city":"倉敷市","town":"川入"}],"0821":[{"pref":"岡山県","city":"倉敷市","town":"川西町"}],"0812":[{"pref":"岡山県","city":"倉敷市","town":"北浜町"}],"0143":[{"pref":"岡山県","city":"倉敷市","town":"木見"}],"0141":[{"pref":"岡山県","city":"倉敷市","town":"串田"}],"0025":[{"pref":"岡山県","city":"倉敷市","town":"倉敷ハイツ"}],"0035":[{"pref":"岡山県","city":"倉敷市","town":"黒石"}],"0014":[{"pref":"岡山県","city":"倉敷市","town":"黒崎"}],"0813":[{"pref":"岡山県","city":"倉敷市","town":"寿町"}],"0051":[{"pref":"岡山県","city":"倉敷市","town":"幸町"}],"0801":[{"pref":"岡山県","city":"倉敷市","town":"酒津"}],"0834":[{"pref":"岡山県","city":"倉敷市","town":"笹沖"}],"0835":[{"pref":"岡山県","city":"倉敷市","town":"四十瀬"}],"0057":[{"pref":"岡山県","city":"倉敷市","town":"昭和"}],"0253":[{"pref":"岡山県","city":"倉敷市","town":"新倉敷駅前"}],"0038":[{"pref":"岡山県","city":"倉敷市","town":"新田"}],"0006":[{"pref":"岡山県","city":"倉敷市","town":"祐安"}],"0146":[{"pref":"岡山県","city":"倉敷市","town":"曽原"}],"0021":[{"pref":"岡山県","city":"倉敷市","town":"高須賀"}],"0831":[{"pref":"岡山県","city":"倉敷市","town":"田ノ上"}],"0832":[{"pref":"岡山県","city":"倉敷市","town":"田ノ上新町"}],"0252":[{"pref":"岡山県","city":"倉敷市","town":"玉島爪崎"}],"0251":[{"pref":"岡山県","city":"倉敷市","town":"玉島長尾"}],"0046":[{"pref":"岡山県","city":"倉敷市","town":"中央"}],"0036":[{"pref":"岡山県","city":"倉敷市","town":"粒浦"}],"0034":[{"pref":"岡山県","city":"倉敷市","town":"粒江"}],"0033":[{"pref":"岡山県","city":"倉敷市","town":"粒江団地"}],"0056":[{"pref":"岡山県","city":"倉敷市","town":"鶴形"}],"0011":[{"pref":"岡山県","city":"倉敷市","town":"徳芳"}],"0012":[{"pref":"岡山県","city":"倉敷市","town":"鳥羽"}],"0013":[{"pref":"岡山県","city":"倉敷市","town":"中帯江"}],"0803":[{"pref":"岡山県","city":"倉敷市","town":"中島"}],"0016":[{"pref":"岡山県","city":"倉敷市","town":"中庄"}],"0015":[{"pref":"岡山県","city":"倉敷市","town":"中庄団地"}],"0807":[{"pref":"岡山県","city":"倉敷市","town":"西阿知町"}],"0804":[{"pref":"岡山県","city":"倉敷市","town":"西阿知町新田"}],"0806":[{"pref":"岡山県","city":"倉敷市","town":"西阿知町西原"}],"0005":[{"pref":"岡山県","city":"倉敷市","town":"西岡"}],"0004":[{"pref":"岡山県","city":"倉敷市","town":"西坂"}],"0027":[{"pref":"岡山県","city":"倉敷市","town":"西田"}],"0845":[{"pref":"岡山県","city":"倉敷市","town":"西富井"}],"0833":[{"pref":"岡山県","city":"倉敷市","town":"西中新田"}],"0824":[{"pref":"岡山県","city":"倉敷市","town":"白楽町"}],"0043":[{"pref":"岡山県","city":"倉敷市","town":"羽島"}],"0816":[{"pref":"岡山県","city":"倉敷市","town":"八王寺町"}],"0037":[{"pref":"岡山県","city":"倉敷市","town":"八軒屋"}],"0061":[{"pref":"岡山県","city":"倉敷市","town":"浜ノ茶屋"}],"0062":[{"pref":"岡山県","city":"倉敷市","town":"浜町"}],"0142":[{"pref":"岡山県","city":"倉敷市","town":"林"}],"0022":[{"pref":"岡山県","city":"倉敷市","town":"早高"}],"0032":[{"pref":"岡山県","city":"倉敷市","town":"東粒浦"}],"0847":[{"pref":"岡山県","city":"倉敷市","town":"東富井"}],"0053":[{"pref":"岡山県","city":"倉敷市","town":"東町"}],"0063":[{"pref":"岡山県","city":"倉敷市","town":"日ノ出町"}],"0815":[{"pref":"岡山県","city":"倉敷市","town":"日吉町"}],"0003":[{"pref":"岡山県","city":"倉敷市","town":"平田"}],"0844":[{"pref":"岡山県","city":"倉敷市","town":"福井"}],"0145":[{"pref":"岡山県","city":"倉敷市","town":"福江"}],"0048":[{"pref":"岡山県","city":"倉敷市","town":"福島"}],"0132":[{"pref":"岡山県","city":"倉敷市","town":"藤戸町天城"}],"0133":[{"pref":"岡山県","city":"倉敷市","town":"藤戸町藤戸"}],"0042":[{"pref":"岡山県","city":"倉敷市","town":"二日市"}],"0261":[{"pref":"岡山県","city":"倉敷市","town":"船穂町船穂"}],"0262":[{"pref":"岡山県","city":"倉敷市","town":"船穂町水江"}],"0263":[{"pref":"岡山県","city":"倉敷市","town":"船穂町柳井原"}],"0045":[{"pref":"岡山県","city":"倉敷市","town":"船倉町"}],"0841":[{"pref":"岡山県","city":"倉敷市","town":"堀南"}],"0054":[{"pref":"岡山県","city":"倉敷市","town":"本町"}],"0802":[{"pref":"岡山県","city":"倉敷市","town":"水江"}],"0001":[{"pref":"岡山県","city":"倉敷市","town":"三田"}],"0823":[{"pref":"岡山県","city":"倉敷市","town":"南町"}],"0065":[{"pref":"岡山県","city":"倉敷市","town":"宮前"}],"0052":[{"pref":"岡山県","city":"倉敷市","town":"美和"}],"0044":[{"pref":"岡山県","city":"倉敷市","town":"向山"}],"0825":[{"pref":"岡山県","city":"倉敷市","town":"安江"}],"0842":[{"pref":"岡山県","city":"倉敷市","town":"吉岡"}]}