{"0000":[{"pref":"山口県","city":"下松市","town":"以下に掲載がない場合"}],"0004":[{"pref":"山口県","city":"下松市","town":"青柳"}],"0031":[{"pref":"山口県","city":"下松市","town":"生野屋"},{"pref":"山口県","city":"下松市","town":"生野屋（猪ノ尻）"},{"pref":"山口県","city":"下松市","town":"生野屋（上時宗）"},{"pref":"山口県","city":"下松市","town":"生野屋（高垣団地）"},{"pref":"山口県","city":"下松市","town":"生野屋（下村）"},{"pref":"山口県","city":"下松市","town":"生野屋（為弘）"},{"pref":"山口県","city":"下松市","town":"生野屋（大王団地）"},{"pref":"山口県","city":"下松市","town":"生野屋（田園調布）"},{"pref":"山口県","city":"下松市","town":"生野屋（藤立）"},{"pref":"山口県","city":"下松市","town":"生野屋（時政）"},{"pref":"山口県","city":"下松市","town":"生野屋（時宗）"},{"pref":"山口県","city":"下松市","town":"生野屋（中村）"},{"pref":"山口県","city":"下松市","town":"生野屋（西時宗）"},{"pref":"山口県","city":"下松市","town":"生野屋（西村）"},{"pref":"山口県","city":"下松市","town":"生野屋（西村団地）"},{"pref":"山口県","city":"下松市","town":"生野屋（羽根田町）"},{"pref":"山口県","city":"下松市","town":"生野屋（東時宗）"},{"pref":"山口県","city":"下松市","town":"生野屋（東万ノ木団地）"},{"pref":"山口県","city":"下松市","town":"生野屋（万ノ木町）"},{"pref":"山口県","city":"下松市","town":"生野屋（宮本）"}],"0032":[{"pref":"山口県","city":"下松市","town":"生野屋西"}],"0033":[{"pref":"山口県","city":"下松市","town":"生野屋南"}],"0007":[{"pref":"山口県","city":"下松市","town":"駅南"}],"0015":[{"pref":"山口県","city":"下松市","town":"大手町"}],"0272":[{"pref":"山口県","city":"下松市","town":"大藤谷"}],"0001":[{"pref":"山口県","city":"下松市","town":"笠戸島"},{"pref":"山口県","city":"下松市","town":"笠戸島（江ノ浦）"},{"pref":"山口県","city":"下松市","town":"笠戸島（大松ケ浦）"},{"pref":"山口県","city":"下松市","town":"笠戸島（尾郷）"},{"pref":"山口県","city":"下松市","town":"笠戸島（尾泊）"},{"pref":"山口県","city":"下松市","town":"笠戸島（小深浦）"},{"pref":"山口県","city":"下松市","town":"笠戸島（瀬戸）"},{"pref":"山口県","city":"下松市","town":"笠戸島（深浦）"},{"pref":"山口県","city":"下松市","town":"笠戸島（本浦）"}],"0071":[{"pref":"山口県","city":"下松市","town":"清瀬町"}],"0042":[{"pref":"山口県","city":"下松市","town":"切山"},{"pref":"山口県","city":"下松市","town":"切山（切山上）"},{"pref":"山口県","city":"下松市","town":"切山（切山中）"},{"pref":"山口県","city":"下松市","town":"切山（切山下）"},{"pref":"山口県","city":"下松市","town":"切山（中）"}],"0029":[{"pref":"山口県","city":"下松市","town":"楠木町"}],"0271":[{"pref":"山口県","city":"下松市","town":"下谷"},{"pref":"山口県","city":"下松市","town":"下谷（赤谷）"},{"pref":"山口県","city":"下松市","town":"下谷（清若）"},{"pref":"山口県","city":"下松市","town":"下谷（下谷一区）"},{"pref":"山口県","city":"下松市","town":"下谷（下谷二区）"},{"pref":"山口県","city":"下松市","town":"下谷（下谷三区）"},{"pref":"山口県","city":"下松市","town":"下谷（中瀬）"},{"pref":"山口県","city":"下松市","town":"下谷（中原）"},{"pref":"山口県","city":"下松市","town":"下谷（西平谷）"},{"pref":"山口県","city":"下松市","town":"下谷（山高）"}],"0051":[{"pref":"山口県","city":"下松市","town":"来巻"},{"pref":"山口県","city":"下松市","town":"来巻（東）"},{"pref":"山口県","city":"下松市","town":"来巻（西）"}],"0061":[{"pref":"山口県","city":"下松市","town":"河内"},{"pref":"山口県","city":"下松市","town":"河内（青葉台）"},{"pref":"山口県","city":"下松市","town":"河内（大河内）"},{"pref":"山口県","city":"下松市","town":"河内（岡市）"},{"pref":"山口県","city":"下松市","town":"河内（岡ノ原町）"},{"pref":"山口県","city":"下松市","town":"河内（川瀬）"},{"pref":"山口県","city":"下松市","town":"河内（下松セントシティ）"},{"pref":"山口県","city":"下松市","town":"河内（久保）"},{"pref":"山口県","city":"下松市","town":"河内（久保市）"},{"pref":"山口県","city":"下松市","town":"河内（黒杭）"},{"pref":"山口県","city":"下松市","town":"河内（小野）"},{"pref":"山口県","city":"下松市","town":"河内（幸ケ丘）"},{"pref":"山口県","city":"下松市","town":"河内（昭和通り）"},{"pref":"山口県","city":"下松市","town":"河内（城山台）"},{"pref":"山口県","city":"下松市","town":"河内（素通り）"},{"pref":"山口県","city":"下松市","town":"河内（谷）"},{"pref":"山口県","city":"下松市","town":"河内（つつじケ丘）"},{"pref":"山口県","city":"下松市","town":"河内（出合）"},{"pref":"山口県","city":"下松市","town":"河内（殿ケ浴）"},{"pref":"山口県","city":"下松市","town":"河内（中戸原）"},{"pref":"山口県","city":"下松市","town":"河内（成川）"},{"pref":"山口県","city":"下松市","town":"河内（二ノ瀬）"},{"pref":"山口県","city":"下松市","town":"河内（葉山）"},{"pref":"山口県","city":"下松市","town":"河内（日ノ出町）"},{"pref":"山口県","city":"下松市","town":"河内（吉原）"}],"0003":[{"pref":"山口県","city":"下松市","town":"琴平町"}],"0013":[{"pref":"山口県","city":"下松市","town":"栄町"}],"0019":[{"pref":"山口県","city":"下松市","town":"桜町"}],"0074":[{"pref":"山口県","city":"下松市","town":"潮音町"}],"0062":[{"pref":"山口県","city":"下松市","town":"昭和町"}],"0008":[{"pref":"山口県","city":"下松市","town":"新川"}],"0024":[{"pref":"山口県","city":"下松市","town":"末武上"},{"pref":"山口県","city":"下松市","town":"末武上（上地）"},{"pref":"山口県","city":"下松市","town":"末武上（浴）"},{"pref":"山口県","city":"下松市","town":"末武上（戎町）"},{"pref":"山口県","city":"下松市","town":"末武上（華陵）"},{"pref":"山口県","city":"下松市","town":"末武上（下高塚）"},{"pref":"山口県","city":"下松市","town":"末武上（昭和）"},{"pref":"山口県","city":"下松市","town":"末武上（高橋）"},{"pref":"山口県","city":"下松市","town":"末武上（大黒町）"},{"pref":"山口県","city":"下松市","town":"末武上（常森）"},{"pref":"山口県","city":"下松市","town":"末武上（中市）"},{"pref":"山口県","city":"下松市","town":"末武上（西町）"},{"pref":"山口県","city":"下松市","town":"末武上（東町）"},{"pref":"山口県","city":"下松市","town":"末武上（緑ケ丘）"},{"pref":"山口県","city":"下松市","town":"末武上（南花岡）"}],"0022":[{"pref":"山口県","city":"下松市","town":"末武下"},{"pref":"山口県","city":"下松市","town":"末武下（あけぼの町）"},{"pref":"山口県","city":"下松市","town":"末武下（松中町）"},{"pref":"山口県","city":"下松市","town":"末武下（弥生町）"}],"0023":[{"pref":"山口県","city":"下松市","town":"末武中"},{"pref":"山口県","city":"下松市","town":"末武中（朝日台）"},{"pref":"山口県","city":"下松市","town":"末武中（荒神）"},{"pref":"山口県","city":"下松市","town":"末武中（西河原）"},{"pref":"山口県","city":"下松市","town":"末武中（東中村）"},{"pref":"山口県","city":"下松市","town":"末武中（広石）"},{"pref":"山口県","city":"下松市","town":"末武中（向香力）"},{"pref":"山口県","city":"下松市","town":"末武中（山根）"},{"pref":"山口県","city":"下松市","town":"末武中（和田）"}],"0076":[{"pref":"山口県","city":"下松市","town":"せせらぎ町"}],"0273":[{"pref":"山口県","city":"下松市","town":"瀬戸"},{"pref":"山口県","city":"下松市","town":"瀬戸（後山）"},{"pref":"山口県","city":"下松市","town":"瀬戸（高橋）"},{"pref":"山口県","city":"下松市","town":"瀬戸（中瀬）"},{"pref":"山口県","city":"下松市","town":"瀬戸（中原）"}],"0025":[{"pref":"山口県","city":"下松市","town":"中央町"}],"0028":[{"pref":"山口県","city":"下松市","town":"藤光町"}],"0043":[{"pref":"山口県","city":"下松市","town":"東陽"}],"0053":[{"pref":"山口県","city":"下松市","town":"東和"}],"0014":[{"pref":"山口県","city":"下松市","town":"中市"}],"0077":[{"pref":"山口県","city":"下松市","town":"中島町"}],"0275":[{"pref":"山口県","city":"下松市","town":"中須南"}],"0078":[{"pref":"山口県","city":"下松市","town":"西市"}],"0011":[{"pref":"山口県","city":"下松市","town":"西豊井"},{"pref":"山口県","city":"下松市","town":"西豊井（相生町）"},{"pref":"山口県","city":"下松市","town":"西豊井（旭町）"},{"pref":"山口県","city":"下松市","town":"西豊井（幸町）"},{"pref":"山口県","city":"下松市","town":"西豊井（汐見町）"},{"pref":"山口県","city":"下松市","town":"西豊井（高砂町）"},{"pref":"山口県","city":"下松市","town":"西豊井（所田）"},{"pref":"山口県","city":"下松市","town":"西豊井（本町）"},{"pref":"山口県","city":"下松市","town":"西豊井（都町）"},{"pref":"山口県","city":"下松市","town":"西豊井（元町東）"},{"pref":"山口県","city":"下松市","town":"西豊井（元町西）"}],"0018":[{"pref":"山口県","city":"下松市","town":"西柳"}],"0274":[{"pref":"山口県","city":"下松市","town":"温見"},{"pref":"山口県","city":"下松市","town":"温見（後山）"},{"pref":"山口県","city":"下松市","town":"温見（道谷）"}],"0072":[{"pref":"山口県","city":"下松市","town":"望町"}],"0006":[{"pref":"山口県","city":"下松市","town":"旗岡"}],"0002":[{"pref":"山口県","city":"下松市","town":"東豊井"},{"pref":"山口県","city":"下松市","town":"東豊井（江口）"},{"pref":"山口県","city":"下松市","town":"東豊井（上豊井）"},{"pref":"山口県","city":"下松市","town":"東豊井（下豊井）"},{"pref":"山口県","city":"下松市","town":"東豊井（神田町）"},{"pref":"山口県","city":"下松市","town":"東豊井（恋ケ浜）"},{"pref":"山口県","city":"下松市","town":"東豊井（新町）"},{"pref":"山口県","city":"下松市","town":"東豊井（洲鼻）"},{"pref":"山口県","city":"下松市","town":"東豊井（住吉町）"},{"pref":"山口県","city":"下松市","town":"東豊井（寺迫）"},{"pref":"山口県","city":"下松市","town":"東豊井（寺迫半上）"},{"pref":"山口県","city":"下松市","town":"東豊井（二宮町）"},{"pref":"山口県","city":"下松市","town":"東豊井（花垣）"},{"pref":"山口県","city":"下松市","town":"東豊井（東海岸通り）"},{"pref":"山口県","city":"下松市","town":"東豊井（東豊井開作）"},{"pref":"山口県","city":"下松市","town":"東豊井（松神町）"}],"0017":[{"pref":"山口県","city":"下松市","town":"東柳"}],"0021":[{"pref":"山口県","city":"下松市","town":"平田"},{"pref":"山口県","city":"下松市","town":"平田（東開作）"},{"pref":"山口県","city":"下松市","town":"平田（西開作）"}],"0005":[{"pref":"山口県","city":"下松市","town":"古川町"}],"0012":[{"pref":"山口県","city":"下松市","town":"北斗町"}],"0065":[{"pref":"山口県","city":"下松市","town":"星が丘"}],"0073":[{"pref":"山口県","city":"下松市","town":"美里町"}],"0075":[{"pref":"山口県","city":"下松市","town":"瑞穂町"}],"0027":[{"pref":"山口県","city":"下松市","town":"南花岡"}],"0052":[{"pref":"山口県","city":"下松市","town":"桃山町"}],"0041":[{"pref":"山口県","city":"下松市","town":"山田"},{"pref":"山口県","city":"下松市","town":"山田（梅ノ木原）"},{"pref":"山口県","city":"下松市","town":"山田（浴条）"},{"pref":"山口県","city":"下松市","town":"山田（山田上）"},{"pref":"山口県","city":"下松市","town":"山田（山田下）"}],"0276":[{"pref":"山口県","city":"下松市","town":"米川"}],"0063":[{"pref":"山口県","city":"下松市","town":"若宮町"}]}