{"0000":[{"pref":"千葉県","city":"銚子市","town":"以下に掲載がない場合"}],"0844":[{"pref":"千葉県","city":"銚子市","town":"赤塚町"}],"0005":[{"pref":"千葉県","city":"銚子市","town":"海鹿島町"}],"0861":[{"pref":"千葉県","city":"銚子市","town":"芦崎町"}],"0007":[{"pref":"千葉県","city":"銚子市","town":"愛宕町"}],"0056":[{"pref":"千葉県","city":"銚子市","town":"新生町"}],"0034":[{"pref":"千葉県","city":"銚子市","town":"粟島町"}],"0051":[{"pref":"千葉県","city":"銚子市","town":"飯沼町"}],"0012":[{"pref":"千葉県","city":"銚子市","town":"犬吠埼"}],"0015":[{"pref":"千葉県","city":"銚子市","town":"犬若"}],"0804":[{"pref":"千葉県","city":"銚子市","town":"今宮町"}],"0805":[{"pref":"千葉県","city":"銚子市","town":"上野町"}],"0071":[{"pref":"千葉県","city":"銚子市","town":"植松町"}],"0068":[{"pref":"千葉県","city":"銚子市","town":"内浜町"}],"0046":[{"pref":"千葉県","city":"銚子市","town":"大橋町"}],"0852":[{"pref":"千葉県","city":"銚子市","town":"岡野台町"}],"0821":[{"pref":"千葉県","city":"銚子市","town":"小浜町"}],"0823":[{"pref":"千葉県","city":"銚子市","town":"親田町"}],"0835":[{"pref":"千葉県","city":"銚子市","town":"垣根町"}],"0833":[{"pref":"千葉県","city":"銚子市","town":"垣根見晴台"}],"0004":[{"pref":"千葉県","city":"銚子市","town":"笠上町"}],"0816":[{"pref":"千葉県","city":"銚子市","town":"春日台町"}],"0814":[{"pref":"千葉県","city":"銚子市","town":"春日町"}],"0801":[{"pref":"千葉県","city":"銚子市","town":"唐子町"}],"0001":[{"pref":"千葉県","city":"銚子市","town":"川口町"}],"0037":[{"pref":"千葉県","city":"銚子市","town":"北小川町"}],"0011":[{"pref":"千葉県","city":"銚子市","town":"君ケ浜"}],"0817":[{"pref":"千葉県","city":"銚子市","town":"清川町"}],"0003":[{"pref":"千葉県","city":"銚子市","town":"黒生町"}],"0866":[{"pref":"千葉県","city":"銚子市","town":"小長町"}],"0021":[{"pref":"千葉県","city":"銚子市","town":"小畑新町"}],"0022":[{"pref":"千葉県","city":"銚子市","town":"小畑町"}],"0064":[{"pref":"千葉県","city":"銚子市","town":"後飯町"}],"0864":[{"pref":"千葉県","city":"銚子市","town":"小船木町"}],"0073":[{"pref":"千葉県","city":"銚子市","town":"幸町"}],"0812":[{"pref":"千葉県","city":"銚子市","town":"栄町"}],"0006":[{"pref":"千葉県","city":"銚子市","town":"榊町"}],"0876":[{"pref":"千葉県","city":"銚子市","town":"桜井町"}],"0873":[{"pref":"千葉県","city":"銚子市","town":"笹本町"}],"0855":[{"pref":"千葉県","city":"銚子市","town":"猿田町"}],"0045":[{"pref":"千葉県","city":"銚子市","town":"三軒町"}],"0025":[{"pref":"千葉県","city":"銚子市","town":"潮見町"}],"0867":[{"pref":"千葉県","city":"銚子市","town":"忍町"}],"0842":[{"pref":"千葉県","city":"銚子市","town":"柴崎町"}],"0063":[{"pref":"千葉県","city":"銚子市","town":"清水町"}],"0856":[{"pref":"千葉県","city":"銚子市","town":"正明寺町"}],"0853":[{"pref":"千葉県","city":"銚子市","town":"白石町"}],"0067":[{"pref":"千葉県","city":"銚子市","town":"新地町"}],"0825":[{"pref":"千葉県","city":"銚子市","town":"新町"}],"0055":[{"pref":"千葉県","city":"銚子市","town":"陣屋町"}],"0042":[{"pref":"千葉県","city":"銚子市","town":"末広町"}],"0813":[{"pref":"千葉県","city":"銚子市","town":"台町"}],"0027":[{"pref":"千葉県","city":"銚子市","town":"高神原町"}],"0023":[{"pref":"千葉県","city":"銚子市","town":"高神東町"}],"0026":[{"pref":"千葉県","city":"銚子市","town":"高神西町"}],"0862":[{"pref":"千葉県","city":"銚子市","town":"高田町"}],"0834":[{"pref":"千葉県","city":"銚子市","town":"高野町"}],"0062":[{"pref":"千葉県","city":"銚子市","town":"竹町"}],"0065":[{"pref":"千葉県","city":"銚子市","town":"田中町"}],"0854":[{"pref":"千葉県","city":"銚子市","town":"茶畑町"}],"0041":[{"pref":"千葉県","city":"銚子市","town":"中央町"}],"0868":[{"pref":"千葉県","city":"銚子市","town":"塚本町"}],"0024":[{"pref":"千葉県","city":"銚子市","town":"天王台"}],"0075":[{"pref":"千葉県","city":"銚子市","town":"通町"}],"0016":[{"pref":"千葉県","city":"銚子市","town":"外川台町"}],"0014":[{"pref":"千葉県","city":"銚子市","town":"外川町"}],"0824":[{"pref":"千葉県","city":"銚子市","town":"常世田町"}],"0871":[{"pref":"千葉県","city":"銚子市","town":"富川町"}],"0874":[{"pref":"千葉県","city":"銚子市","town":"豊里台"}],"0035":[{"pref":"千葉県","city":"銚子市","town":"名洗町"}],"0858":[{"pref":"千葉県","city":"銚子市","town":"中島町"}],"0077":[{"pref":"千葉県","city":"銚子市","town":"仲町"}],"0013":[{"pref":"千葉県","city":"銚子市","town":"長崎町"}],"0837":[{"pref":"千葉県","city":"銚子市","town":"長塚町"}],"0865":[{"pref":"千葉県","city":"銚子市","town":"長山町"}],"0036":[{"pref":"千葉県","city":"銚子市","town":"西小川町"}],"0044":[{"pref":"千葉県","city":"銚子市","town":"西芝町"}],"0863":[{"pref":"千葉県","city":"銚子市","town":"野尻町"}],"0074":[{"pref":"千葉県","city":"銚子市","town":"橋本町"}],"0052":[{"pref":"千葉県","city":"銚子市","town":"浜町"}],"0054":[{"pref":"千葉県","city":"銚子市","town":"馬場町"}],"0032":[{"pref":"千葉県","city":"銚子市","town":"東小川町"}],"0043":[{"pref":"千葉県","city":"銚子市","town":"東芝町"}],"0053":[{"pref":"千葉県","city":"銚子市","town":"東町"}],"0048":[{"pref":"千葉県","city":"銚子市","town":"双葉町"}],"0857":[{"pref":"千葉県","city":"銚子市","town":"船木町"}],"0831":[{"pref":"千葉県","city":"銚子市","town":"本城町"}],"0076":[{"pref":"千葉県","city":"銚子市","town":"本町"}],"0031":[{"pref":"千葉県","city":"銚子市","town":"前宿町"}],"0836":[{"pref":"千葉県","city":"銚子市","town":"松岸町"}],"0832":[{"pref":"千葉県","city":"銚子市","town":"松岸見晴台"}],"0802":[{"pref":"千葉県","city":"銚子市","town":"松本町"}],"0851":[{"pref":"千葉県","city":"銚子市","town":"三門町"}],"0815":[{"pref":"千葉県","city":"銚子市","town":"三崎町"}],"0061":[{"pref":"千葉県","city":"銚子市","town":"港町"}],"0033":[{"pref":"千葉県","city":"銚子市","town":"南小川町"}],"0038":[{"pref":"千葉県","city":"銚子市","town":"南町"}],"0845":[{"pref":"千葉県","city":"銚子市","town":"三宅町"}],"0877":[{"pref":"千葉県","city":"銚子市","town":"宮原町"}],"0811":[{"pref":"千葉県","city":"銚子市","town":"妙見町"}],"0002":[{"pref":"千葉県","city":"銚子市","town":"明神町"}],"0872":[{"pref":"千葉県","city":"銚子市","town":"森戸町"}],"0875":[{"pref":"千葉県","city":"銚子市","town":"諸持町"}],"0822":[{"pref":"千葉県","city":"銚子市","town":"八木町"}],"0072":[{"pref":"千葉県","city":"銚子市","town":"弥生町"}],"0803":[{"pref":"千葉県","city":"銚子市","town":"八幡町"}],"0843":[{"pref":"千葉県","city":"銚子市","town":"四日市場台"}],"0841":[{"pref":"千葉県","city":"銚子市","town":"四日市場町"}],"0846":[{"pref":"千葉県","city":"銚子市","town":"余山町"}],"0047":[{"pref":"千葉県","city":"銚子市","town":"若宮町"}],"0066":[{"pref":"千葉県","city":"銚子市","town":"和田町"}]}