{"0000":[{"pref":"大阪府","city":"大阪市平野区","town":"以下に掲載がない場合"}],"0024":[{"pref":"大阪府","city":"大阪市平野区","town":"瓜破"}],"0022":[{"pref":"大阪府","city":"大阪市平野区","town":"瓜破東"}],"0025":[{"pref":"大阪府","city":"大阪市平野区","town":"瓜破西"}],"0023":[{"pref":"大阪府","city":"大阪市平野区","town":"瓜破南"}],"0004":[{"pref":"大阪府","city":"大阪市平野区","town":"加美鞍作"}],"0006":[{"pref":"大阪府","city":"大阪市平野区","town":"加美正覚寺"}],"0002":[{"pref":"大阪府","city":"大阪市平野区","town":"加美東"}],"0005":[{"pref":"大阪府","city":"大阪市平野区","town":"加美西"}],"0003":[{"pref":"大阪府","city":"大阪市平野区","town":"加美南"}],"0001":[{"pref":"大阪府","city":"大阪市平野区","town":"加美北"}],"0027":[{"pref":"大阪府","city":"大阪市平野区","town":"喜連"}],"0021":[{"pref":"大阪府","city":"大阪市平野区","town":"喜連東"}],"0026":[{"pref":"大阪府","city":"大阪市平野区","town":"喜連西"}],"0034":[{"pref":"大阪府","city":"大阪市平野区","town":"背戸口"}],"0014":[{"pref":"大阪府","city":"大阪市平野区","town":"長吉川辺"}],"0011":[{"pref":"大阪府","city":"大阪市平野区","town":"長吉出戸"}],"0016":[{"pref":"大阪府","city":"大阪市平野区","town":"長吉長原"}],"0013":[{"pref":"大阪府","city":"大阪市平野区","town":"長吉長原東"}],"0015":[{"pref":"大阪府","city":"大阪市平野区","town":"長吉長原西"}],"0012":[{"pref":"大阪府","city":"大阪市平野区","town":"長吉六反"}],"0032":[{"pref":"大阪府","city":"大阪市平野区","town":"流町"}],"0035":[{"pref":"大阪府","city":"大阪市平野区","town":"西脇"}],"0042":[{"pref":"大阪府","city":"大阪市平野区","town":"平野市町"}],"0045":[{"pref":"大阪府","city":"大阪市平野区","town":"平野上町"}],"0048":[{"pref":"大阪府","city":"大阪市平野区","town":"平野馬場"}],"0044":[{"pref":"大阪府","city":"大阪市平野区","town":"平野本町"}],"0046":[{"pref":"大阪府","city":"大阪市平野区","town":"平野宮町"}],"0047":[{"pref":"大阪府","city":"大阪市平野区","town":"平野元町"}],"0043":[{"pref":"大阪府","city":"大阪市平野区","town":"平野東"}],"0033":[{"pref":"大阪府","city":"大阪市平野区","town":"平野西"}],"0031":[{"pref":"大阪府","city":"大阪市平野区","town":"平野南"}],"0041":[{"pref":"大阪府","city":"大阪市平野区","town":"平野北"}]}