{"0010":[{"pref":"千葉県","city":"成田市","town":"吉岡（成田国際空港内）"}],"0005":[{"pref":"千葉県","city":"成田市","town":"木の根（成田国際空港内）"}],"0027":[{"pref":"千葉県","city":"成田市","town":"小菅（成田国際空港内）"}],"0021":[{"pref":"千葉県","city":"成田市","town":"駒井野（成田国際空港内）"}],"0011":[{"pref":"千葉県","city":"成田市","town":"三里塚（御料牧場・成田国際空港内）"}],"0002":[{"pref":"千葉県","city":"成田市","town":"天神峰（成田国際空港内）"}],"0001":[{"pref":"千葉県","city":"成田市","town":"天浪"}],"0003":[{"pref":"千葉県","city":"成田市","town":"東峰（成田国際空港内）"}],"0006":[{"pref":"千葉県","city":"成田市","town":"取香（成田国際空港内）"}],"0009":[{"pref":"千葉県","city":"成田市","town":"十余三（成田国際空港内）"}],"0012":[{"pref":"千葉県","city":"成田市","town":"東三里塚（成田国際空港内）"}],"0004":[{"pref":"千葉県","city":"成田市","town":"古込（成田国際空港内）"}],"0007":[{"pref":"千葉県","city":"成田市","town":"堀之内（成田国際空港内）"}],"0031":[{"pref":"千葉県","city":"香取郡多古町","town":"一鍬田（成田国際空港内）"}],"0035":[{"pref":"千葉県","city":"山武郡芝山町","town":"岩山（成田国際空港内）"}],"0034":[{"pref":"千葉県","city":"山武郡芝山町","town":"大里（成田国際空港内）"}],"0032":[{"pref":"千葉県","city":"山武郡芝山町","town":"香山新田（成田国際空港内）"}],"0033":[{"pref":"千葉県","city":"山武郡芝山町","town":"菱田（成田国際空港内）"}]}