{"0215":[{"pref":"北海道","city":"北見市","town":"常呂町岐阜"}],"0214":[{"pref":"北海道","city":"北見市","town":"常呂町共立"}],"0216":[{"pref":"北海道","city":"北見市","town":"常呂町栄浦"}],"0210":[{"pref":"北海道","city":"北見市","town":"常呂町常呂"}],"0213":[{"pref":"北海道","city":"北見市","town":"常呂町土佐"}],"0332":[{"pref":"北海道","city":"北見市","town":"常呂町富丘"}],"0331":[{"pref":"北海道","city":"北見市","town":"常呂町豊川"}],"0336":[{"pref":"北海道","city":"北見市","town":"常呂町登"}],"0202":[{"pref":"北海道","city":"北見市","town":"常呂町東浜"}],"0334":[{"pref":"北海道","city":"北見市","town":"常呂町日吉"}],"0333":[{"pref":"北海道","city":"北見市","town":"常呂町福山"}],"0335":[{"pref":"北海道","city":"北見市","town":"常呂町吉野"}],"0000":[{"pref":"北海道","city":"網走市","town":"以下に掲載がない場合"}],"0135":[{"pref":"北海道","city":"網走市","town":"卯原内"}],"0045":[{"pref":"北海道","city":"網走市","town":"大曲"}],"0083":[{"pref":"北海道","city":"網走市","town":"海岸町"}],"0133":[{"pref":"北海道","city":"網走市","town":"嘉多山"}],"0041":[{"pref":"北海道","city":"網走市","town":"桂町"}],"0051":[{"pref":"北海道","city":"網走市","town":"北一条東"}],"0071":[{"pref":"北海道","city":"網走市","town":"北一条西"}],"0052":[{"pref":"北海道","city":"網走市","town":"北二条東"}],"0072":[{"pref":"北海道","city":"網走市","town":"北二条西"}],"0053":[{"pref":"北海道","city":"網走市","town":"北三条東"}],"0073":[{"pref":"北海道","city":"網走市","town":"北三条西"}],"0054":[{"pref":"北海道","city":"網走市","town":"北四条東"}],"0074":[{"pref":"北海道","city":"網走市","town":"北四条西"}],"0055":[{"pref":"北海道","city":"網走市","town":"北五条東"}],"0075":[{"pref":"北海道","city":"網走市","town":"北五条西"}],"0056":[{"pref":"北海道","city":"網走市","town":"北六条東"}],"0076":[{"pref":"北海道","city":"網走市","town":"北六条西"}],"0057":[{"pref":"北海道","city":"網走市","town":"北七条東"}],"0077":[{"pref":"北海道","city":"網走市","town":"北七条西"}],"0058":[{"pref":"北海道","city":"網走市","town":"北八条東"}],"0078":[{"pref":"北海道","city":"網走市","town":"北八条西"}],"0059":[{"pref":"北海道","city":"網走市","town":"北九条東"}],"0079":[{"pref":"北海道","city":"網走市","town":"北九条西"}],"0060":[{"pref":"北海道","city":"網走市","town":"北十条東"}],"0080":[{"pref":"北海道","city":"網走市","town":"北十条西"}],"0061":[{"pref":"北海道","city":"網走市","town":"北十一条東"}],"0081":[{"pref":"北海道","city":"網走市","town":"北十一条西"}],"0062":[{"pref":"北海道","city":"網走市","town":"北十二条東"}],"0082":[{"pref":"北海道","city":"網走市","town":"北十二条西"}],"0084":[{"pref":"北海道","city":"網走市","town":"向陽ケ丘"}],"0134":[{"pref":"北海道","city":"網走市","town":"越歳"}],"0035":[{"pref":"北海道","city":"網走市","town":"駒場南"}],"0033":[{"pref":"北海道","city":"網走市","town":"駒場北"}],"0088":[{"pref":"北海道","city":"網走市","town":"三眺"}],"0042":[{"pref":"北海道","city":"網走市","town":"潮見"}],"0046":[{"pref":"北海道","city":"網走市","town":"新町"}],"0031":[{"pref":"北海道","city":"網走市","town":"台町"}],"0034":[{"pref":"北海道","city":"網走市","town":"つくしケ丘"}],"0044":[{"pref":"北海道","city":"網走市","town":"天都山"}],"0043":[{"pref":"北海道","city":"網走市","town":"錦町"}],"0241":[{"pref":"北海道","city":"網走市","town":"能取"}],"0131":[{"pref":"北海道","city":"網走市","town":"能取港町"}],"0086":[{"pref":"北海道","city":"網走市","town":"二ツ岩"}],"0132":[{"pref":"北海道","city":"網走市","town":"二見ケ岡"}],"0090":[{"pref":"北海道","city":"網走市","town":"文化"}],"0136":[{"pref":"北海道","city":"網走市","town":"平和"}],"0087":[{"pref":"北海道","city":"網走市","town":"美岬"}],"0089":[{"pref":"北海道","city":"網走市","town":"緑町"}],"0032":[{"pref":"北海道","city":"網走市","town":"港町"}],"0001":[{"pref":"北海道","city":"網走市","town":"南一条東"}],"0011":[{"pref":"北海道","city":"網走市","town":"南一条西"}],"0002":[{"pref":"北海道","city":"網走市","town":"南二条東"}],"0012":[{"pref":"北海道","city":"網走市","town":"南二条西"}],"0003":[{"pref":"北海道","city":"網走市","town":"南三条東"}],"0013":[{"pref":"北海道","city":"網走市","town":"南三条西"}],"0004":[{"pref":"北海道","city":"網走市","town":"南四条東"}],"0014":[{"pref":"北海道","city":"網走市","town":"南四条西"}],"0005":[{"pref":"北海道","city":"網走市","town":"南五条東"}],"0015":[{"pref":"北海道","city":"網走市","town":"南五条西"}],"0006":[{"pref":"北海道","city":"網走市","town":"南六条東"}],"0016":[{"pref":"北海道","city":"網走市","town":"南六条西"}],"0007":[{"pref":"北海道","city":"網走市","town":"南七条東"}],"0017":[{"pref":"北海道","city":"網走市","town":"南七条西"}],"0008":[{"pref":"北海道","city":"網走市","town":"南八条東"}],"0018":[{"pref":"北海道","city":"網走市","town":"南八条西"}],"0009":[{"pref":"北海道","city":"網走市","town":"南九条東"}],"0019":[{"pref":"北海道","city":"網走市","town":"南九条西"}],"0010":[{"pref":"北海道","city":"網走市","town":"南十条東"}],"0020":[{"pref":"北海道","city":"網走市","town":"南十条西"}],"0021":[{"pref":"北海道","city":"網走市","town":"南十一条西"}],"0022":[{"pref":"北海道","city":"網走市","town":"南十二条西"}],"0023":[{"pref":"北海道","city":"網走市","town":"南十三条西"}],"0024":[{"pref":"北海道","city":"網走市","town":"南十四条西"}],"0085":[{"pref":"北海道","city":"網走市","town":"明治"}],"0500":[{"pref":"北海道","city":"常呂郡佐呂間町","town":"以下に掲載がない場合"}],"0502":[{"pref":"北海道","city":"常呂郡佐呂間町","town":"永代町"}],"0505":[{"pref":"北海道","city":"常呂郡佐呂間町","town":"北"}],"0503":[{"pref":"北海道","city":"常呂郡佐呂間町","town":"幸町"}],"0508":[{"pref":"北海道","city":"常呂郡佐呂間町","town":"知来"}],"0506":[{"pref":"北海道","city":"常呂郡佐呂間町","town":"富武士"}],"0421":[{"pref":"北海道","city":"常呂郡佐呂間町","town":"浪速"}],"0424":[{"pref":"北海道","city":"常呂郡佐呂間町","town":"仁倉"}],"0504":[{"pref":"北海道","city":"常呂郡佐呂間町","town":"西富"}],"0423":[{"pref":"北海道","city":"常呂郡佐呂間町","town":"浜佐呂間"}],"0507":[{"pref":"北海道","city":"常呂郡佐呂間町","town":"東"}],"0422":[{"pref":"北海道","city":"常呂郡佐呂間町","town":"幌岩"}],"0501":[{"pref":"北海道","city":"常呂郡佐呂間町","town":"宮前町"}],"0532":[{"pref":"北海道","city":"常呂郡佐呂間町","town":"若里"}],"0732":[{"pref":"北海道","city":"紋別郡湧別町","town":"上芭露"}],"0651":[{"pref":"北海道","city":"紋別郡湧別町","town":"計呂地"}],"0652":[{"pref":"北海道","city":"紋別郡湧別町","town":"志撫子"}],"0733":[{"pref":"北海道","city":"紋別郡湧別町","town":"西芭露"}],"0731":[{"pref":"北海道","city":"紋別郡湧別町","town":"芭露"}],"0734":[{"pref":"北海道","city":"紋別郡湧別町","town":"東芭露"}],"0735":[{"pref":"北海道","city":"紋別郡湧別町","town":"福島（５３６番地）"}]}