{"0000":[{"pref":"千葉県","city":"浦安市","town":"以下に掲載がない場合"}],"0014":[{"pref":"千葉県","city":"浦安市","town":"明海"}],"0022":[{"pref":"千葉県","city":"浦安市","town":"今川"}],"0012":[{"pref":"千葉県","city":"浦安市","town":"入船"}],"0003":[{"pref":"千葉県","city":"浦安市","town":"海楽"}],"0002":[{"pref":"千葉県","city":"浦安市","town":"北栄"}],"0023":[{"pref":"千葉県","city":"浦安市","town":"高洲"}],"0032":[{"pref":"千葉県","city":"浦安市","town":"千鳥"}],"0025":[{"pref":"千葉県","city":"浦安市","town":"鉄鋼通り"}],"0001":[{"pref":"千葉県","city":"浦安市","town":"当代島"}],"0021":[{"pref":"千葉県","city":"浦安市","town":"富岡"}],"0004":[{"pref":"千葉県","city":"浦安市","town":"猫実"}],"0042":[{"pref":"千葉県","city":"浦安市","town":"東野"}],"0013":[{"pref":"千葉県","city":"浦安市","town":"日の出"}],"0043":[{"pref":"千葉県","city":"浦安市","town":"富士見"}],"0026":[{"pref":"千葉県","city":"浦安市","town":"弁天"}],"0041":[{"pref":"千葉県","city":"浦安市","town":"堀江"}],"0031":[{"pref":"千葉県","city":"浦安市","town":"舞浜"}],"0024":[{"pref":"千葉県","city":"浦安市","town":"港"}],"0011":[{"pref":"千葉県","city":"浦安市","town":"美浜"}]}