{"0000":[{"pref":"福岡県","city":"北九州市小倉北区","town":"以下に掲載がない場合"},{"pref":"福岡県","city":"北九州市小倉南区","town":"以下に掲載がない場合"}],"0091":[{"pref":"福岡県","city":"北九州市小倉北区","town":"藍島"}],"0032":[{"pref":"福岡県","city":"北九州市小倉北区","town":"赤坂"}],"0031":[{"pref":"福岡県","city":"北九州市小倉北区","town":"赤坂海岸"}],"0001":[{"pref":"福岡県","city":"北九州市小倉北区","town":"浅野"}],"0043":[{"pref":"福岡県","city":"北九州市小倉北区","town":"足原"}],"0042":[{"pref":"福岡県","city":"北九州市小倉北区","town":"足立"}],"0006":[{"pref":"福岡県","city":"北九州市小倉北区","town":"魚町"}],"0016":[{"pref":"福岡県","city":"北九州市小倉北区","town":"宇佐町"}],"0092":[{"pref":"福岡県","city":"北九州市小倉北区","town":"馬島"}],"0083":[{"pref":"福岡県","city":"北九州市小倉北区","town":"江南町"}],"0015":[{"pref":"福岡県","city":"北九州市小倉北区","town":"大田町"}],"0026":[{"pref":"福岡県","city":"北九州市小倉北区","town":"大畠"}],"0004":[{"pref":"福岡県","city":"北九州市小倉北区","town":"鍛冶町"}],"0064":[{"pref":"福岡県","city":"北九州市小倉北区","town":"片野"}],"0062":[{"pref":"福岡県","city":"北九州市小倉北区","town":"片野新町"}],"0022":[{"pref":"福岡県","city":"北九州市小倉北区","town":"上富野"}],"0084":[{"pref":"福岡県","city":"北九州市小倉北区","town":"香春口"}],"0045":[{"pref":"福岡県","city":"北九州市小倉北区","town":"神岳"}],"0073":[{"pref":"福岡県","city":"北九州市小倉北区","town":"貴船町"}],"0002":[{"pref":"福岡県","city":"北九州市小倉北区","town":"京町"}],"0052":[{"pref":"福岡県","city":"北九州市小倉北区","town":"霧ケ丘"}],"0044":[{"pref":"福岡県","city":"北九州市小倉北区","town":"熊本"}],"0056":[{"pref":"福岡県","city":"北九州市小倉北区","town":"黒住町"}],"0051":[{"pref":"福岡県","city":"北九州市小倉北区","town":"黒原"}],"0071":[{"pref":"福岡県","city":"北九州市小倉北区","town":"黄金"}],"0003":[{"pref":"福岡県","city":"北九州市小倉北区","town":"米町"}],"0037":[{"pref":"福岡県","city":"北九州市小倉北区","town":"小文字"}],"0081":[{"pref":"福岡県","city":"北九州市小倉北区","town":"紺屋町"}],"0005":[{"pref":"福岡県","city":"北九州市小倉北区","town":"堺町"}],"0061":[{"pref":"福岡県","city":"北九州市小倉北区","town":"三郎丸"}],"0024":[{"pref":"福岡県","city":"北九州市小倉北区","town":"山門町"}],"0011":[{"pref":"福岡県","city":"北九州市小倉北区","town":"重住"}],"0023":[{"pref":"福岡県","city":"北九州市小倉北区","town":"下富野"}],"0025":[{"pref":"福岡県","city":"北九州市小倉北区","town":"寿山町"}],"0055":[{"pref":"福岡県","city":"北九州市小倉北区","town":"城野団地"}],"0075":[{"pref":"福岡県","city":"北九州市小倉北区","town":"昭和町"}],"0074":[{"pref":"福岡県","city":"北九州市小倉北区","town":"白銀"}],"0038":[{"pref":"福岡県","city":"北九州市小倉北区","town":"神幸町"}],"0012":[{"pref":"福岡県","city":"北九州市小倉北区","town":"末広"}],"0034":[{"pref":"福岡県","city":"北九州市小倉北区","town":"須賀町"}],"0014":[{"pref":"福岡県","city":"北九州市小倉北区","town":"砂津"}],"0008":[{"pref":"福岡県","city":"北九州市小倉北区","town":"船頭町"}],"0007":[{"pref":"福岡県","city":"北九州市小倉北区","town":"船場町"}],"0021":[{"pref":"福岡県","city":"北九州市小倉北区","town":"高浜"}],"0053":[{"pref":"福岡県","city":"北九州市小倉北区","town":"高坊"}],"0035":[{"pref":"福岡県","city":"北九州市小倉北区","town":"常盤町"}],"0036":[{"pref":"福岡県","city":"北九州市小倉北区","town":"富野"}],"0033":[{"pref":"福岡県","city":"北九州市小倉北区","town":"富野台"}],"0076":[{"pref":"福岡県","city":"北九州市小倉北区","town":"中島"}],"0018":[{"pref":"福岡県","city":"北九州市小倉北区","town":"中津口"}],"0013":[{"pref":"福岡県","city":"北九州市小倉北区","town":"長浜町"}],"0066":[{"pref":"福岡県","city":"北九州市小倉北区","town":"萩崎町"}],"0077":[{"pref":"福岡県","city":"北九州市小倉北区","town":"馬借"}],"0072":[{"pref":"福岡県","city":"北九州市小倉北区","town":"東篠崎"}],"0054":[{"pref":"福岡県","city":"北九州市小倉北区","town":"東城野町"}],"0082":[{"pref":"福岡県","city":"北九州市小倉北区","town":"古船場町"}],"0065":[{"pref":"福岡県","city":"北九州市小倉北区","town":"三萩野"}],"0041":[{"pref":"福岡県","city":"北九州市小倉北区","town":"妙見町"}],"0017":[{"pref":"福岡県","city":"北九州市小倉北区","town":"明和町"}],"0085":[{"pref":"福岡県","city":"北九州市小倉北区","town":"吉野町"}],"0063":[{"pref":"福岡県","city":"北九州市小倉北区","town":"若富士町"}],"0838":[{"pref":"福岡県","city":"北九州市小倉南区","town":"石田町"}],"0836":[{"pref":"福岡県","city":"北九州市小倉南区","town":"石田南"}],"0834":[{"pref":"福岡県","city":"北九州市小倉南区","town":"隠蓑"}],"0833":[{"pref":"福岡県","city":"北九州市小倉南区","town":"上石田"}],"0978":[{"pref":"福岡県","city":"北九州市小倉南区","town":"蒲生"}],"0981":[{"pref":"福岡県","city":"北九州市小倉南区","town":"企救丘"}],"0841":[{"pref":"福岡県","city":"北九州市小倉南区","town":"北方"}],"0985":[{"pref":"福岡県","city":"北九州市小倉南区","town":"志井"}],"0984":[{"pref":"福岡県","city":"北九州市小倉南区","town":"志井公園"}],"0986":[{"pref":"福岡県","city":"北九州市小倉南区","town":"志井鷹羽台"}],"0811":[{"pref":"福岡県","city":"北九州市小倉南区","town":"重住"}],"0983":[{"pref":"福岡県","city":"北九州市小倉南区","town":"志徳"}],"0832":[{"pref":"福岡県","city":"北九州市小倉南区","town":"下石田"}],"0804":[{"pref":"福岡県","city":"北九州市小倉南区","town":"下城野"}],"0977":[{"pref":"福岡県","city":"北九州市小倉南区","town":"下南方"}],"0802":[{"pref":"福岡県","city":"北九州市小倉南区","town":"城野"}],"0973":[{"pref":"福岡県","city":"北九州市小倉南区","town":"星和台"}],"0974":[{"pref":"福岡県","city":"北九州市小倉南区","town":"徳力"}],"0979":[{"pref":"福岡県","city":"北九州市小倉南区","town":"徳力新町"}],"0975":[{"pref":"福岡県","city":"北九州市小倉南区","town":"徳力団地"}],"0812":[{"pref":"福岡県","city":"北九州市小倉南区","town":"西水町"}],"0814":[{"pref":"福岡県","city":"北九州市小倉南区","town":"蜷田若園"}],"0805":[{"pref":"福岡県","city":"北九州市小倉南区","town":"八幡町"}],"0837":[{"pref":"福岡県","city":"北九州市小倉南区","town":"葉山町"}],"0803":[{"pref":"福岡県","city":"北九州市小倉南区","town":"春ケ丘"}],"0813":[{"pref":"福岡県","city":"北九州市小倉南区","town":"東水町"}],"0842":[{"pref":"福岡県","city":"北九州市小倉南区","town":"日の出町"}],"0801":[{"pref":"福岡県","city":"北九州市小倉南区","town":"富士見"}],"0835":[{"pref":"福岡県","city":"北九州市小倉南区","town":"堀越"}],"0823":[{"pref":"福岡県","city":"北九州市小倉南区","town":"舞ケ丘"}],"0976":[{"pref":"福岡県","city":"北九州市小倉南区","town":"南方"}],"0815":[{"pref":"福岡県","city":"北九州市小倉南区","town":"南若園町"}],"0972":[{"pref":"福岡県","city":"北九州市小倉南区","town":"守恒"}],"0971":[{"pref":"福岡県","city":"北九州市小倉南区","town":"守恒本町"}],"0831":[{"pref":"福岡県","city":"北九州市小倉南区","town":"八重洲町"}],"0982":[{"pref":"福岡県","city":"北九州市小倉南区","town":"山手"}],"0824":[{"pref":"福岡県","city":"北九州市小倉南区","town":"横代"}],"0825":[{"pref":"福岡県","city":"北九州市小倉南区","town":"横代葉山"}],"0822":[{"pref":"福岡県","city":"北九州市小倉南区","town":"横代東町"}],"0826":[{"pref":"福岡県","city":"北九州市小倉南区","town":"横代南町"}],"0821":[{"pref":"福岡県","city":"北九州市小倉南区","town":"横代北町"}],"0816":[{"pref":"福岡県","city":"北九州市小倉南区","town":"若園"}]}