{"0000":[{"pref":"埼玉県","city":"飯能市","town":"以下に掲載がない場合"}],"0003":[{"pref":"埼玉県","city":"飯能市","town":"青木"}],"0128":[{"pref":"埼玉県","city":"飯能市","town":"赤沢"}],"0069":[{"pref":"埼玉県","city":"飯能市","town":"茜台"}],"0216":[{"pref":"埼玉県","city":"飯能市","town":"吾野"}],"0013":[{"pref":"埼玉県","city":"飯能市","town":"芦苅場"}],"0046":[{"pref":"埼玉県","city":"飯能市","town":"阿須"}],"0034":[{"pref":"埼玉県","city":"飯能市","town":"東町"}],"0037":[{"pref":"埼玉県","city":"飯能市","town":"稲荷町"}],"0212":[{"pref":"埼玉県","city":"飯能市","town":"井上"}],"0023":[{"pref":"埼玉県","city":"飯能市","town":"岩沢"}],"0048":[{"pref":"埼玉県","city":"飯能市","town":"岩渕"}],"0065":[{"pref":"埼玉県","city":"飯能市","town":"大河原"}],"0047":[{"pref":"埼玉県","city":"飯能市","town":"落合"}],"0045":[{"pref":"埼玉県","city":"飯能市","town":"笠縫"}],"0125":[{"pref":"埼玉県","city":"飯能市","town":"上赤工"}],"0056":[{"pref":"埼玉県","city":"飯能市","town":"上直竹上分"}],"0055":[{"pref":"埼玉県","city":"飯能市","town":"上直竹下分"}],"0206":[{"pref":"埼玉県","city":"飯能市","town":"上長沢"}],"0111":[{"pref":"埼玉県","city":"飯能市","town":"上名栗"}],"0053":[{"pref":"埼玉県","city":"飯能市","town":"上畑"}],"0127":[{"pref":"埼玉県","city":"飯能市","town":"唐竹"}],"0051":[{"pref":"埼玉県","city":"飯能市","town":"苅生"}],"0011":[{"pref":"埼玉県","city":"飯能市","town":"川崎"}],"0044":[{"pref":"埼玉県","city":"飯能市","town":"川寺"}],"0201":[{"pref":"埼玉県","city":"飯能市","town":"北川"}],"0064":[{"pref":"埼玉県","city":"飯能市","town":"久下"}],"0068":[{"pref":"埼玉県","city":"飯能市","town":"久須美"}],"0066":[{"pref":"埼玉県","city":"飯能市","town":"小岩井"}],"0015":[{"pref":"埼玉県","city":"飯能市","town":"小久保"}],"0204":[{"pref":"埼玉県","city":"飯能市","town":"虎秀"}],"0067":[{"pref":"埼玉県","city":"飯能市","town":"小瀬戸"}],"0215":[{"pref":"埼玉県","city":"飯能市","town":"坂石"}],"0213":[{"pref":"埼玉県","city":"飯能市","town":"坂石町分"}],"0025":[{"pref":"埼玉県","city":"飯能市","town":"栄町"}],"0218":[{"pref":"埼玉県","city":"飯能市","town":"坂元"}],"0126":[{"pref":"埼玉県","city":"飯能市","town":"下赤工"}],"0016":[{"pref":"埼玉県","city":"飯能市","town":"下加治"}],"0012":[{"pref":"埼玉県","city":"飯能市","town":"下川崎"}],"0054":[{"pref":"埼玉県","city":"飯能市","town":"下直竹"}],"0112":[{"pref":"埼玉県","city":"飯能市","town":"下名栗"}],"0052":[{"pref":"埼玉県","city":"飯能市","town":"下畑"}],"0205":[{"pref":"埼玉県","city":"飯能市","town":"白子"}],"0022":[{"pref":"埼玉県","city":"飯能市","town":"新光"}],"0004":[{"pref":"埼玉県","city":"飯能市","town":"新町"}],"0049":[{"pref":"埼玉県","city":"飯能市","town":"征矢町"}],"0202":[{"pref":"埼玉県","city":"飯能市","town":"高山"}],"0002":[{"pref":"埼玉県","city":"飯能市","town":"中居"}],"0038":[{"pref":"埼玉県","city":"飯能市","town":"仲町"}],"0121":[{"pref":"埼玉県","city":"飯能市","town":"中藤上郷"}],"0122":[{"pref":"埼玉県","city":"飯能市","town":"中藤中郷"}],"0123":[{"pref":"埼玉県","city":"飯能市","town":"中藤下郷"}],"0006":[{"pref":"埼玉県","city":"飯能市","town":"中山"}],"0203":[{"pref":"埼玉県","city":"飯能市","town":"長沢"}],"0062":[{"pref":"埼玉県","city":"飯能市","town":"永田"}],"0061":[{"pref":"埼玉県","city":"飯能市","town":"永田台"}],"0021":[{"pref":"埼玉県","city":"飯能市","town":"双柳"}],"0033":[{"pref":"埼玉県","city":"飯能市","town":"八幡町"}],"0124":[{"pref":"埼玉県","city":"飯能市","town":"原市場"}],"0005":[{"pref":"埼玉県","city":"飯能市","town":"原町"}],"0063":[{"pref":"埼玉県","city":"飯能市","town":"飯能"}],"0211":[{"pref":"埼玉県","city":"飯能市","town":"平戸"}],"0014":[{"pref":"埼玉県","city":"飯能市","town":"平松"}],"0032":[{"pref":"埼玉県","city":"飯能市","town":"本町"}],"0043":[{"pref":"埼玉県","city":"飯能市","town":"前ケ貫"}],"0041":[{"pref":"埼玉県","city":"飯能市","town":"美杉台"}],"0024":[{"pref":"埼玉県","city":"飯能市","town":"緑町"}],"0214":[{"pref":"埼玉県","city":"飯能市","town":"南"}],"0217":[{"pref":"埼玉県","city":"飯能市","town":"南川"}],"0036":[{"pref":"埼玉県","city":"飯能市","town":"南町"}],"0001":[{"pref":"埼玉県","city":"飯能市","town":"宮沢"}],"0042":[{"pref":"埼玉県","city":"飯能市","town":"矢颪"}],"0035":[{"pref":"埼玉県","city":"飯能市","town":"柳町"}],"0031":[{"pref":"埼玉県","city":"飯能市","town":"山手町"}]}