{"0000":[{"pref":"山口県","city":"山口市","town":"以下に掲載がない場合"}],"0821":[{"pref":"山口県","city":"山口市","town":"葵"}],"0012":[{"pref":"山口県","city":"山口市","town":"青葉台"}],"0067":[{"pref":"山口県","city":"山口市","town":"赤妻町"}],"0061":[{"pref":"山口県","city":"山口市","town":"朝倉町"}],"0871":[{"pref":"山口県","city":"山口市","town":"朝田"}],"0872":[{"pref":"山口県","city":"山口市","town":"朝田流通センター"},{"pref":"山口県","city":"山口市","town":"小郡上郷流通センター"},{"pref":"山口県","city":"山口市","town":"山口県流通センター"}],"0051":[{"pref":"山口県","city":"山口市","town":"旭通り"}],"0038":[{"pref":"山口県","city":"山口市","town":"石観音町"}],"0815":[{"pref":"山口県","city":"山口市","town":"維新公園"}],"0066":[{"pref":"山口県","city":"山口市","town":"泉町"}],"0079":[{"pref":"山口県","city":"山口市","town":"糸米"}],"0055":[{"pref":"山口県","city":"山口市","town":"今井町"}],"0083":[{"pref":"山口県","city":"山口市","town":"後河原"}],"0048":[{"pref":"山口県","city":"山口市","town":"駅通り"}],"0017":[{"pref":"山口県","city":"山口市","town":"江良"}],"0036":[{"pref":"山口県","city":"山口市","town":"円政寺"},{"pref":"山口県","city":"山口市","town":"円政寺町"}],"0033":[{"pref":"山口県","city":"山口市","town":"大市町"}],"0242":[{"pref":"山口県","city":"山口市","town":"大内小京都"}],"0251":[{"pref":"山口県","city":"山口市","town":"大内千坊"}],"0252":[{"pref":"山口県","city":"山口市","town":"大内中央"}],"0241":[{"pref":"山口県","city":"山口市","town":"大内問田"}],"0211":[{"pref":"山口県","city":"山口市","town":"大内長野"}],"0231":[{"pref":"山口県","city":"山口市","town":"大内氷上"}],"0243":[{"pref":"山口県","city":"山口市","town":"大内姫山台"}],"0214":[{"pref":"山口県","city":"山口市","town":"大内御堀"}],"0215":[{"pref":"山口県","city":"山口市","town":"大内矢田"}],"0221":[{"pref":"山口県","city":"山口市","town":"大内矢田北"}],"0222":[{"pref":"山口県","city":"山口市","town":"大内矢田南"}],"0072":[{"pref":"山口県","city":"山口市","town":"大手町"}],"0093":[{"pref":"山口県","city":"山口市","town":"大殿大路"}],"0062":[{"pref":"山口県","city":"山口市","town":"荻町"}],"0022":[{"pref":"山口県","city":"山口市","town":"折本"}],"0073":[{"pref":"山口県","city":"山口市","town":"春日町"}],"0024":[{"pref":"山口県","city":"山口市","town":"金古曽町"}],"0091":[{"pref":"山口県","city":"山口市","town":"上宇野令"},{"pref":"山口県","city":"山口市","town":"天花"}],"0213":[{"pref":"山口県","city":"山口市","town":"上小鯖"}],"0035":[{"pref":"山口県","city":"山口市","town":"上竪小路"}],"0891":[{"pref":"山口県","city":"山口市","town":"上天花町"}],"0089":[{"pref":"山口県","city":"山口市","town":"亀山町"}],"0064":[{"pref":"山口県","city":"山口市","town":"神田町"}],"0095":[{"pref":"山口県","city":"山口市","town":"木町"}],"0065":[{"pref":"山口県","city":"山口市","town":"楠木町"}],"0084":[{"pref":"山口県","city":"山口市","town":"久保小路"},{"pref":"山口県","city":"山口市","town":"諸願小路"},{"pref":"山口県","city":"山口市","town":"銭湯小路"}],"0077":[{"pref":"山口県","city":"山口市","town":"熊野町"}],"0851":[{"pref":"山口県","city":"山口市","town":"黒川"}],"0081":[{"pref":"山口県","city":"山口市","town":"香山町"}],"0045":[{"pref":"山口県","city":"山口市","town":"黄金町"}],"0087":[{"pref":"山口県","city":"山口市","town":"米屋町"}],"0826":[{"pref":"山口県","city":"山口市","town":"幸町"}],"0021":[{"pref":"山口県","city":"山口市","town":"桜畠"}],"0023":[{"pref":"山口県","city":"山口市","town":"三の宮"}],"0052":[{"pref":"山口県","city":"山口市","town":"三和町"}],"0025":[{"pref":"山口県","city":"山口市","town":"芝崎町"}],"0058":[{"pref":"山口県","city":"山口市","town":"下市町"}],"0212":[{"pref":"山口県","city":"山口市","town":"下小鯖"}],"0034":[{"pref":"山口県","city":"山口市","town":"下竪小路"}],"0070":[{"pref":"山口県","city":"山口市","town":"白石"}],"0085":[{"pref":"山口県","city":"山口市","town":"新馬場"}],"0822":[{"pref":"山口県","city":"山口市","town":"周布町"}],"0076":[{"pref":"山口県","city":"山口市","town":"泉都町"}],"0042":[{"pref":"山口県","city":"山口市","town":"惣太夫町"}],"0812":[{"pref":"山口県","city":"山口市","town":"宝町"}],"0071":[{"pref":"山口県","city":"山口市","town":"滝町"}],"0074":[{"pref":"山口県","city":"山口市","town":"中央"}],"0047":[{"pref":"山口県","city":"山口市","town":"道場門前"}],"0037":[{"pref":"山口県","city":"山口市","town":"道祖町"}],"0032":[{"pref":"山口県","city":"山口市","town":"堂の前町"}],"0054":[{"pref":"山口県","city":"山口市","town":"富田原町"}],"0086":[{"pref":"山口県","city":"山口市","town":"中市町"}],"0801":[{"pref":"山口県","city":"山口市","town":"中尾"}],"0088":[{"pref":"山口県","city":"山口市","town":"中河原"},{"pref":"山口県","city":"山口市","town":"中河原町"}],"0075":[{"pref":"山口県","city":"山口市","town":"中園町"}],"0018":[{"pref":"山口県","city":"山口市","town":"七尾台"}],"0068":[{"pref":"山口県","city":"山口市","town":"錦町"}],"0301":[{"pref":"山口県","city":"山口市","town":"仁保上郷"}],"0303":[{"pref":"山口県","city":"山口市","town":"仁保下郷"}],"0302":[{"pref":"山口県","city":"山口市","town":"仁保中郷"}],"0094":[{"pref":"山口県","city":"山口市","town":"野田"}],"0041":[{"pref":"山口県","city":"山口市","town":"東山"}],"0831":[{"pref":"山口県","city":"山口市","town":"平井"}],"0015":[{"pref":"山口県","city":"山口市","town":"平野"}],"0031":[{"pref":"山口県","city":"山口市","town":"古熊"}],"0824":[{"pref":"山口県","city":"山口市","town":"穂積町"}],"0046":[{"pref":"山口県","city":"山口市","town":"本町"}],"0057":[{"pref":"山口県","city":"山口市","town":"前町"}],"0053":[{"pref":"山口県","city":"山口市","town":"松美町"}],"0082":[{"pref":"山口県","city":"山口市","town":"水の上町"}],"0016":[{"pref":"山口県","city":"山口市","town":"緑ヶ丘"}],"0078":[{"pref":"山口県","city":"山口市","town":"緑町"}],"0043":[{"pref":"山口県","city":"山口市","town":"宮島町"}],"0001":[{"pref":"山口県","city":"山口市","town":"宮野上"}],"0011":[{"pref":"山口県","city":"山口市","town":"宮野下"}],"0063":[{"pref":"山口県","city":"山口市","town":"元町"}],"0861":[{"pref":"山口県","city":"山口市","town":"矢原"}],"0825":[{"pref":"山口県","city":"山口市","town":"矢原町"}],"0092":[{"pref":"山口県","city":"山口市","town":"八幡馬場"}],"0056":[{"pref":"山口県","city":"山口市","town":"湯田温泉"}],"0811":[{"pref":"山口県","city":"山口市","town":"吉敷"}],"0817":[{"pref":"山口県","city":"山口市","town":"吉敷赤田"}],"0818":[{"pref":"山口県","city":"山口市","town":"吉敷上東"}],"0816":[{"pref":"山口県","city":"山口市","town":"吉敷佐畑"}],"0814":[{"pref":"山口県","city":"山口市","town":"吉敷下東"}],"0813":[{"pref":"山口県","city":"山口市","town":"吉敷中東"}],"0841":[{"pref":"山口県","city":"山口市","town":"吉田"}],"0823":[{"pref":"山口県","city":"山口市","town":"若宮町"}],"0044":[{"pref":"山口県","city":"山口市","town":"鰐石町"}],"0101":[{"pref":"山口県","city":"萩市","town":"佐々並"}]}