{"1171":[{"pref":"北海道","city":"旭川市","town":"江丹別町清水"}],"1172":[{"pref":"北海道","city":"旭川市","town":"江丹別町拓北"}],"1173":[{"pref":"北海道","city":"旭川市","town":"江丹別町中央"}],"1174":[{"pref":"北海道","city":"旭川市","town":"江丹別町富原"}],"1175":[{"pref":"北海道","city":"旭川市","town":"江丹別町中園"}],"1176":[{"pref":"北海道","city":"旭川市","town":"江丹別町西里"}],"1177":[{"pref":"北海道","city":"旭川市","town":"江丹別町芳野"}],"1200":[{"pref":"北海道","city":"上川郡鷹栖町","town":"以下に掲載がない場合"}],"1201":[{"pref":"北海道","city":"上川郡鷹栖町","town":"南一条"}],"1202":[{"pref":"北海道","city":"上川郡鷹栖町","town":"南二条"}],"1211":[{"pref":"北海道","city":"上川郡鷹栖町","town":"北一条"}],"1221":[{"pref":"北海道","city":"上川郡鷹栖町","town":"北野東一条"}],"1222":[{"pref":"北海道","city":"上川郡鷹栖町","town":"北野東二条"}],"1223":[{"pref":"北海道","city":"上川郡鷹栖町","town":"北野東三条"}],"1224":[{"pref":"北海道","city":"上川郡鷹栖町","town":"北野東四条"}],"1225":[{"pref":"北海道","city":"上川郡鷹栖町","town":"北野東五条"}],"1231":[{"pref":"北海道","city":"上川郡鷹栖町","town":"北野西一条"}],"1232":[{"pref":"北海道","city":"上川郡鷹栖町","town":"北野西二条"}],"1233":[{"pref":"北海道","city":"上川郡鷹栖町","town":"北野西三条"}],"1234":[{"pref":"北海道","city":"上川郡鷹栖町","town":"北野西四条"}],"1235":[{"pref":"北海道","city":"上川郡鷹栖町","town":"北野西五条"}],"1247":[{"pref":"北海道","city":"上川郡鷹栖町","town":"７線"}],"1248":[{"pref":"北海道","city":"上川郡鷹栖町","town":"８線"}],"1249":[{"pref":"北海道","city":"上川郡鷹栖町","town":"９線"}],"1250":[{"pref":"北海道","city":"上川郡鷹栖町","town":"１０線"}],"1251":[{"pref":"北海道","city":"上川郡鷹栖町","town":"１１線"}],"1252":[{"pref":"北海道","city":"上川郡鷹栖町","town":"１２線"}],"1253":[{"pref":"北海道","city":"上川郡鷹栖町","town":"１３線"}],"1254":[{"pref":"北海道","city":"上川郡鷹栖町","town":"１４線"}],"1255":[{"pref":"北海道","city":"上川郡鷹栖町","town":"１５線"}],"1256":[{"pref":"北海道","city":"上川郡鷹栖町","town":"１６線"}],"1257":[{"pref":"北海道","city":"上川郡鷹栖町","town":"１７線"}],"1258":[{"pref":"北海道","city":"上川郡鷹栖町","town":"１８線"}],"1259":[{"pref":"北海道","city":"上川郡鷹栖町","town":"１９線"}],"1260":[{"pref":"北海道","city":"上川郡鷹栖町","town":"２０線"}],"1261":[{"pref":"北海道","city":"上川郡鷹栖町","town":"２１線"}],"1262":[{"pref":"北海道","city":"上川郡鷹栖町","town":"２２線"}],"1263":[{"pref":"北海道","city":"上川郡鷹栖町","town":"２３線"}],"1264":[{"pref":"北海道","city":"上川郡鷹栖町","town":"２４線"}],"1265":[{"pref":"北海道","city":"上川郡鷹栖町","town":"２５線"}],"1266":[{"pref":"北海道","city":"上川郡鷹栖町","town":"２６線"}],"1267":[{"pref":"北海道","city":"上川郡鷹栖町","town":"２７線"}],"1400":[{"pref":"北海道","city":"上川郡東川町","town":"以下に掲載がない場合"}],"1402":[{"pref":"北海道","city":"上川郡東川町","town":"西２号北"}],"1403":[{"pref":"北海道","city":"上川郡東川町","town":"西３号北"}],"1404":[{"pref":"北海道","city":"上川郡東川町","town":"西４号北"}],"1405":[{"pref":"北海道","city":"上川郡東川町","town":"西５号北"}],"1406":[{"pref":"北海道","city":"上川郡東川町","town":"西６号北"}],"1407":[{"pref":"北海道","city":"上川郡東川町","town":"西７号北"}],"1408":[{"pref":"北海道","city":"上川郡東川町","town":"西８号北"}],"1409":[{"pref":"北海道","city":"上川郡東川町","town":"西９号北"}],"1410":[{"pref":"北海道","city":"上川郡東川町","town":"西１０号北"}],"1411":[{"pref":"北海道","city":"上川郡東川町","town":"西１１号北"}],"1412":[{"pref":"北海道","city":"上川郡東川町","town":"西１２号北"}],"1413":[{"pref":"北海道","city":"上川郡東川町","town":"新栄東"}],"1414":[{"pref":"北海道","city":"上川郡東川町","town":"新栄南"}],"1415":[{"pref":"北海道","city":"上川郡東川町","town":"新栄西"}],"1416":[{"pref":"北海道","city":"上川郡東川町","town":"新栄北"}],"1418":[{"pref":"北海道","city":"上川郡東川町","town":"キトウシ南"}],"1419":[{"pref":"北海道","city":"上川郡東川町","town":"キトウシ西"}],"1422":[{"pref":"北海道","city":"上川郡東川町","town":"西２号南"}],"1423":[{"pref":"北海道","city":"上川郡東川町","town":"東町"}],"1424":[{"pref":"北海道","city":"上川郡東川町","town":"南町"}],"1425":[{"pref":"北海道","city":"上川郡東川町","town":"西町"}],"1426":[{"pref":"北海道","city":"上川郡東川町","town":"北町"}],"1431":[{"pref":"北海道","city":"上川郡東川町","town":"１号北"}],"1432":[{"pref":"北海道","city":"上川郡東川町","town":"東２号北"}],"1433":[{"pref":"北海道","city":"上川郡東川町","town":"東３号北"}],"1434":[{"pref":"北海道","city":"上川郡東川町","town":"東４号北"}],"1435":[{"pref":"北海道","city":"上川郡東川町","town":"東５号北"}],"1436":[{"pref":"北海道","city":"上川郡東川町","town":"東６号北"}],"1437":[{"pref":"北海道","city":"上川郡東川町","town":"東７号北"}],"1438":[{"pref":"北海道","city":"上川郡東川町","town":"東８号北"}],"1439":[{"pref":"北海道","city":"上川郡東川町","town":"東９号北"}],"1440":[{"pref":"北海道","city":"上川郡東川町","town":"東１０号北"}],"1441":[{"pref":"北海道","city":"上川郡東川町","town":"東１１号北"}],"1442":[{"pref":"北海道","city":"上川郡東川町","town":"東１２号北"}],"1451":[{"pref":"北海道","city":"上川郡東川町","town":"１号南"}],"1452":[{"pref":"北海道","city":"上川郡東川町","town":"東２号南"}],"1453":[{"pref":"北海道","city":"上川郡東川町","town":"東３号南"}],"1454":[{"pref":"北海道","city":"上川郡東川町","town":"東４号南"}],"1455":[{"pref":"北海道","city":"上川郡東川町","town":"東５号南"}],"1456":[{"pref":"北海道","city":"上川郡東川町","town":"東６号南"}],"1457":[{"pref":"北海道","city":"上川郡東川町","town":"東７号南"}],"1458":[{"pref":"北海道","city":"上川郡東川町","town":"東８号南"}],"1459":[{"pref":"北海道","city":"上川郡東川町","town":"東９号南"}],"1460":[{"pref":"北海道","city":"上川郡東川町","town":"東１０号南"}],"1461":[{"pref":"北海道","city":"上川郡東川町","town":"東１１号南"}],"1462":[{"pref":"北海道","city":"上川郡東川町","town":"北２線東"}],"1463":[{"pref":"北海道","city":"上川郡東川町","town":"北３線東"}],"1464":[{"pref":"北海道","city":"上川郡東川町","town":"進化台"}],"1465":[{"pref":"北海道","city":"上川郡東川町","town":"北５線"}],"1466":[{"pref":"北海道","city":"上川郡東川町","town":"北７線"}],"1467":[{"pref":"北海道","city":"上川郡東川町","town":"北７線東"}],"1471":[{"pref":"北海道","city":"上川郡東川町","town":"ノカナン"}],"1472":[{"pref":"北海道","city":"上川郡東川町","town":"勇駒別"}],"1473":[{"pref":"北海道","city":"上川郡東川町","town":"松山温泉"}],"1474":[{"pref":"北海道","city":"上川郡美瑛町","town":"忠別"}],"1500":[{"pref":"北海道","city":"上川郡東神楽町","town":"以下に掲載がない場合"}],"1501":[{"pref":"北海道","city":"上川郡東神楽町","town":"南一条西"}],"1502":[{"pref":"北海道","city":"上川郡東神楽町","town":"南一条東"}],"1503":[{"pref":"北海道","city":"上川郡東神楽町","town":"南二条西"}],"1504":[{"pref":"北海道","city":"上川郡東神楽町","town":"南二条東"}],"1505":[{"pref":"北海道","city":"上川郡東神楽町","town":"南三条東"}],"1511":[{"pref":"北海道","city":"上川郡東神楽町","town":"北一条西"}],"1512":[{"pref":"北海道","city":"上川郡東神楽町","town":"北一条東"}],"1513":[{"pref":"北海道","city":"上川郡東神楽町","town":"北二条西"}],"1514":[{"pref":"北海道","city":"上川郡東神楽町","town":"北二条東"}],"1515":[{"pref":"北海道","city":"上川郡東神楽町","town":"北三条東"}],"1521":[{"pref":"北海道","city":"上川郡東神楽町","town":"ひじり野北一条"}],"1522":[{"pref":"北海道","city":"上川郡東神楽町","town":"ひじり野北二条"}],"1523":[{"pref":"北海道","city":"上川郡東神楽町","town":"ひじり野南一条"}],"1524":[{"pref":"北海道","city":"上川郡東神楽町","town":"ひじり野南二条"}],"1525":[{"pref":"北海道","city":"上川郡東神楽町","town":"ひじり野南三条"}],"1533":[{"pref":"北海道","city":"上川郡東神楽町","town":"３号"}],"1534":[{"pref":"北海道","city":"上川郡東神楽町","town":"４号"}],"1535":[{"pref":"北海道","city":"上川郡東神楽町","town":"５号"}],"1536":[{"pref":"北海道","city":"上川郡東神楽町","town":"６号"}],"1537":[{"pref":"北海道","city":"上川郡東神楽町","town":"７号"}],"1538":[{"pref":"北海道","city":"上川郡東神楽町","town":"８号"}],"1539":[{"pref":"北海道","city":"上川郡東神楽町","town":"９号"}],"1540":[{"pref":"北海道","city":"上川郡東神楽町","town":"１０号"}],"1541":[{"pref":"北海道","city":"上川郡東神楽町","town":"１１号"}],"1542":[{"pref":"北海道","city":"上川郡東神楽町","town":"１２号"}],"1543":[{"pref":"北海道","city":"上川郡東神楽町","town":"１３号"}],"1544":[{"pref":"北海道","city":"上川郡東神楽町","town":"１４号"}],"1545":[{"pref":"北海道","city":"上川郡東神楽町","town":"１５号"}],"1546":[{"pref":"北海道","city":"上川郡東神楽町","town":"１６号"}],"1547":[{"pref":"北海道","city":"上川郡東神楽町","town":"１７号"}],"1548":[{"pref":"北海道","city":"上川郡東神楽町","town":"１８号"}],"1549":[{"pref":"北海道","city":"上川郡東神楽町","town":"１９号"}],"1550":[{"pref":"北海道","city":"上川郡東神楽町","town":"２０号"}],"1551":[{"pref":"北海道","city":"上川郡東神楽町","town":"２１号"}],"1552":[{"pref":"北海道","city":"上川郡東神楽町","town":"２２号"}],"1553":[{"pref":"北海道","city":"上川郡東神楽町","town":"２３号"}],"1554":[{"pref":"北海道","city":"上川郡東神楽町","town":"２４号"}],"1555":[{"pref":"北海道","city":"上川郡東神楽町","town":"２５号"}],"1556":[{"pref":"北海道","city":"上川郡東神楽町","town":"２６号"}],"1557":[{"pref":"北海道","city":"上川郡東神楽町","town":"２７号"}],"1560":[{"pref":"北海道","city":"上川郡東神楽町","town":"基線"}],"1561":[{"pref":"北海道","city":"上川郡東神楽町","town":"東一線"}],"1562":[{"pref":"北海道","city":"上川郡東神楽町","town":"東二線"}],"1563":[{"pref":"北海道","city":"上川郡東神楽町","town":"東三線"}],"1564":[{"pref":"北海道","city":"上川郡東神楽町","town":"東四線"}],"1565":[{"pref":"北海道","city":"上川郡東神楽町","town":"東五線"}],"1570":[{"pref":"北海道","city":"上川郡東神楽町","town":"南１３号"}],"1571":[{"pref":"北海道","city":"上川郡東神楽町","town":"南１番通"}],"1572":[{"pref":"北海道","city":"上川郡東神楽町","town":"南２線"}],"1573":[{"pref":"北海道","city":"上川郡東神楽町","town":"南３線"}],"1574":[{"pref":"北海道","city":"上川郡東神楽町","town":"南４線"}],"1575":[{"pref":"北海道","city":"上川郡東神楽町","town":"南５線"}],"1577":[{"pref":"北海道","city":"上川郡東神楽町","town":"八千代ケ岡"}],"1581":[{"pref":"北海道","city":"上川郡東神楽町","town":"栄岡"}],"1582":[{"pref":"北海道","city":"上川郡東神楽町","town":"志比内"}],"8101":[{"pref":"北海道","city":"旭川市","town":"東鷹栖１条"}],"8102":[{"pref":"北海道","city":"旭川市","town":"東鷹栖２条"}],"8103":[{"pref":"北海道","city":"旭川市","town":"東鷹栖３条"}],"8104":[{"pref":"北海道","city":"旭川市","town":"東鷹栖４条"}],"8111":[{"pref":"北海道","city":"旭川市","town":"東鷹栖東１条"}],"8112":[{"pref":"北海道","city":"旭川市","town":"東鷹栖東２条"}],"8113":[{"pref":"北海道","city":"旭川市","town":"東鷹栖東３条"}],"8114":[{"pref":"北海道","city":"旭川市","town":"東鷹栖東１線"}],"8121":[{"pref":"北海道","city":"旭川市","town":"末広東１条"}],"8122":[{"pref":"北海道","city":"旭川市","town":"末広東２条"}],"8123":[{"pref":"北海道","city":"旭川市","town":"末広東３条"}],"8131":[{"pref":"北海道","city":"旭川市","town":"末広１条"}],"8132":[{"pref":"北海道","city":"旭川市","town":"末広２条"}],"8133":[{"pref":"北海道","city":"旭川市","town":"末広３条"}],"8134":[{"pref":"北海道","city":"旭川市","town":"末広４条"}],"8135":[{"pref":"北海道","city":"旭川市","town":"末広５条"}],"8136":[{"pref":"北海道","city":"旭川市","town":"末広６条"}],"8137":[{"pref":"北海道","city":"旭川市","town":"末広７条"}],"8138":[{"pref":"北海道","city":"旭川市","town":"末広８条"}],"8141":[{"pref":"北海道","city":"旭川市","town":"春光台１条"}],"8142":[{"pref":"北海道","city":"旭川市","town":"春光台２条"}],"8143":[{"pref":"北海道","city":"旭川市","town":"春光台３条"}],"8144":[{"pref":"北海道","city":"旭川市","town":"春光台４条"}],"8145":[{"pref":"北海道","city":"旭川市","town":"春光台５条"}],"8151":[{"pref":"北海道","city":"旭川市","town":"東鷹栖１線"}],"8152":[{"pref":"北海道","city":"旭川市","town":"東鷹栖２線"}],"8153":[{"pref":"北海道","city":"旭川市","town":"東鷹栖３線"}],"8154":[{"pref":"北海道","city":"旭川市","town":"東鷹栖４線"}],"8155":[{"pref":"北海道","city":"旭川市","town":"東鷹栖５線"}],"8156":[{"pref":"北海道","city":"旭川市","town":"東鷹栖６線"}],"8157":[{"pref":"北海道","city":"旭川市","town":"東鷹栖７線"}],"8158":[{"pref":"北海道","city":"旭川市","town":"東鷹栖８線"}],"8159":[{"pref":"北海道","city":"旭川市","town":"東鷹栖９線"}],"8160":[{"pref":"北海道","city":"旭川市","town":"東鷹栖１０線"}],"8161":[{"pref":"北海道","city":"旭川市","town":"東鷹栖１１線"}],"8162":[{"pref":"北海道","city":"旭川市","town":"東鷹栖１２線"}],"8163":[{"pref":"北海道","city":"旭川市","town":"東鷹栖１３線"}],"8164":[{"pref":"北海道","city":"旭川市","town":"東鷹栖１４線"}],"8165":[{"pref":"北海道","city":"旭川市","town":"東鷹栖１５線"}],"8166":[{"pref":"北海道","city":"旭川市","town":"緑台"}],"8171":[{"pref":"北海道","city":"旭川市","town":"東山"}],"0173":[{"pref":"北海道","city":"旭川市","town":"西神楽北１条"}],"0174":[{"pref":"北海道","city":"旭川市","town":"西神楽北２条"}],"0171":[{"pref":"北海道","city":"旭川市","town":"西神楽南１条"}],"0172":[{"pref":"北海道","city":"旭川市","town":"西神楽南２条"}],"0186":[{"pref":"北海道","city":"旭川市","town":"西神楽南"}],"0184":[{"pref":"北海道","city":"旭川市","town":"西神楽４線"}],"0185":[{"pref":"北海道","city":"旭川市","town":"西神楽５線"}],"0200":[{"pref":"北海道","city":"上川郡美瑛町","town":"以下に掲載がない場合"}],"0261":[{"pref":"北海道","city":"上川郡美瑛町","town":"旭"}],"0212":[{"pref":"北海道","city":"上川郡美瑛町","town":"旭町"}],"0251":[{"pref":"北海道","city":"上川郡美瑛町","town":"憩が丘"}],"0249":[{"pref":"北海道","city":"上川郡美瑛町","town":"憩町"}],"0215":[{"pref":"北海道","city":"上川郡美瑛町","town":"扇町"}],"0204":[{"pref":"北海道","city":"上川郡美瑛町","town":"大町"}],"0217":[{"pref":"北海道","city":"上川郡美瑛町","town":"大村（石山）"}],"0216":[{"pref":"北海道","city":"上川郡美瑛町","town":"大村（大久保）"}],"0219":[{"pref":"北海道","city":"上川郡美瑛町","town":"大村（中本）"}],"0218":[{"pref":"北海道","city":"上川郡美瑛町","town":"大村（村山）"}],"0234":[{"pref":"北海道","city":"上川郡美瑛町","town":"置杵牛"}],"0229":[{"pref":"北海道","city":"上川郡美瑛町","town":"上宇莫別"}],"0206":[{"pref":"北海道","city":"上川郡美瑛町","town":"北町"}],"0209":[{"pref":"北海道","city":"上川郡美瑛町","town":"寿町"}],"0223":[{"pref":"北海道","city":"上川郡美瑛町","town":"五稜"}],"0214":[{"pref":"北海道","city":"上川郡美瑛町","town":"幸町"}],"0205":[{"pref":"北海道","city":"上川郡美瑛町","town":"栄町"}],"0247":[{"pref":"北海道","city":"上川郡美瑛町","town":"三愛（大曲）"}],"0240":[{"pref":"北海道","city":"上川郡美瑛町","town":"三愛（緑）"}],"0226":[{"pref":"北海道","city":"上川郡美瑛町","town":"下宇莫別"}],"0235":[{"pref":"北海道","city":"上川郡美瑛町","town":"白金"}],"0233":[{"pref":"北海道","city":"上川郡美瑛町","town":"新区画"}],"0473":[{"pref":"北海道","city":"上川郡美瑛町","town":"新星"}],"0474":[{"pref":"北海道","city":"上川郡美瑛町","town":"拓進"}],"0353":[{"pref":"北海道","city":"上川郡美瑛町","town":"俵真布"}],"0355":[{"pref":"北海道","city":"上川郡美瑛町","town":"天人峡"}],"0475":[{"pref":"北海道","city":"上川郡美瑛町","town":"常盤"}],"0228":[{"pref":"北海道","city":"上川郡美瑛町","town":"中宇莫別"}],"0227":[{"pref":"北海道","city":"上川郡美瑛町","town":"中宇莫別（赤羽）"}],"0207":[{"pref":"北海道","city":"上川郡美瑛町","town":"中町"}],"0211":[{"pref":"北海道","city":"上川郡美瑛町","town":"錦町"}],"0203":[{"pref":"北海道","city":"上川郡美瑛町","town":"西町"}],"0248":[{"pref":"北海道","city":"上川郡美瑛町","town":"花園"}],"0239":[{"pref":"北海道","city":"上川郡美瑛町","town":"美瑛原野（原野）"}],"0213":[{"pref":"北海道","city":"上川郡美瑛町","town":"東町"}],"0471":[{"pref":"北海道","city":"上川郡美瑛町","town":"美馬牛"}],"0461":[{"pref":"北海道","city":"上川郡美瑛町","town":"美馬牛北"}],"0472":[{"pref":"北海道","city":"上川郡美瑛町","town":"美馬牛市街地"}],"0462":[{"pref":"北海道","city":"上川郡美瑛町","town":"美馬牛南"}],"0245":[{"pref":"北海道","city":"上川郡美瑛町","town":"福富（福富瑛進）"}],"0246":[{"pref":"北海道","city":"上川郡美瑛町","town":"福富（福富憩）"}],"0244":[{"pref":"北海道","city":"上川郡美瑛町","town":"福富（福美沢）"}],"0237":[{"pref":"北海道","city":"上川郡美瑛町","town":"福富（豊栄）"}],"0243":[{"pref":"北海道","city":"上川郡美瑛町","town":"福富（間宮）"}],"0238":[{"pref":"北海道","city":"上川郡美瑛町","town":"藤野"}],"0477":[{"pref":"北海道","city":"上川郡美瑛町","town":"二股"}],"0224":[{"pref":"北海道","city":"上川郡美瑛町","town":"北瑛"}],"0201":[{"pref":"北海道","city":"上川郡美瑛町","town":"丸山"}],"0236":[{"pref":"北海道","city":"上川郡美瑛町","town":"美沢"}],"0242":[{"pref":"北海道","city":"上川郡美瑛町","town":"水沢"}],"0241":[{"pref":"北海道","city":"上川郡美瑛町","town":"水沢（水上）"}],"0479":[{"pref":"北海道","city":"上川郡美瑛町","town":"美園"}],"0222":[{"pref":"北海道","city":"上川郡美瑛町","town":"美田"}],"0221":[{"pref":"北海道","city":"上川郡美瑛町","town":"美田（夕張）"}],"0202":[{"pref":"北海道","city":"上川郡美瑛町","town":"南町"}],"0476":[{"pref":"北海道","city":"上川郡美瑛町","town":"御牧"}],"0231":[{"pref":"北海道","city":"上川郡美瑛町","town":"明治"}],"0225":[{"pref":"北海道","city":"上川郡美瑛町","town":"明治（大三）"}],"0232":[{"pref":"北海道","city":"上川郡美瑛町","town":"明治（沼崎）"}],"0208":[{"pref":"北海道","city":"上川郡美瑛町","town":"本町"}],"0351":[{"pref":"北海道","city":"上川郡美瑛町","town":"横牛"}],"0478":[{"pref":"北海道","city":"上川郡美瑛町","town":"瑠辺蘂"}],"0352":[{"pref":"北海道","city":"上川郡美瑛町","town":"朗根内"}],"0500":[{"pref":"北海道","city":"空知郡上富良野町","town":"以下に掲載がない場合"}],"0553":[{"pref":"北海道","city":"空知郡上富良野町","town":"旭町"}],"0571":[{"pref":"北海道","city":"空知郡上富良野町","town":"新井牧場"}],"0547":[{"pref":"北海道","city":"空知郡上富良野町","town":"泉町"}],"0548":[{"pref":"北海道","city":"空知郡上富良野町","town":"扇町"}],"0561":[{"pref":"北海道","city":"空知郡上富良野町","town":"大町"}],"0565":[{"pref":"北海道","city":"空知郡上富良野町","town":"丘町"}],"0520":[{"pref":"北海道","city":"空知郡上富良野町","town":"基線北"}],"0549":[{"pref":"北海道","city":"空知郡上富良野町","town":"北町"}],"0544":[{"pref":"北海道","city":"空知郡上富良野町","town":"栄町"}],"0564":[{"pref":"北海道","city":"空知郡上富良野町","town":"桜町"}],"0576":[{"pref":"北海道","city":"空知郡上富良野町","town":"十人牧場"}],"0554":[{"pref":"北海道","city":"空知郡上富良野町","town":"新町"}],"0574":[{"pref":"北海道","city":"空知郡上富良野町","town":"第１安井牧場"}],"0575":[{"pref":"北海道","city":"空知郡上富良野町","town":"第２安井牧場"}],"0583":[{"pref":"北海道","city":"空知郡上富良野町","town":"津郷農場"}],"0541":[{"pref":"北海道","city":"空知郡上富良野町","town":"富町"}],"0577":[{"pref":"北海道","city":"空知郡上富良野町","town":"中の沢"}],"0543":[{"pref":"北海道","city":"空知郡上富良野町","town":"中町"}],"0542":[{"pref":"北海道","city":"空知郡上富良野町","town":"錦町"}],"0534":[{"pref":"北海道","city":"空知郡上富良野町","town":"西谷牧場"}],"0546":[{"pref":"北海道","city":"空知郡上富良野町","town":"西町"}],"0501":[{"pref":"北海道","city":"空知郡上富良野町","town":"西１線北"}],"0502":[{"pref":"北海道","city":"空知郡上富良野町","town":"西２線北"}],"0503":[{"pref":"北海道","city":"空知郡上富良野町","town":"西３線北"}],"0504":[{"pref":"北海道","city":"空知郡上富良野町","town":"西４線北"}],"0505":[{"pref":"北海道","city":"空知郡上富良野町","town":"西５線北"}],"0506":[{"pref":"北海道","city":"空知郡上富良野町","town":"西６線北"}],"0507":[{"pref":"北海道","city":"空知郡上富良野町","town":"西７線北"}],"0508":[{"pref":"北海道","city":"空知郡上富良野町","town":"西８線北"}],"0509":[{"pref":"北海道","city":"空知郡上富良野町","town":"西９線北"}],"0510":[{"pref":"北海道","city":"空知郡上富良野町","town":"西１０線北"}],"0511":[{"pref":"北海道","city":"空知郡上富良野町","town":"西１１線北"}],"0512":[{"pref":"北海道","city":"空知郡上富良野町","town":"西１２線北"}],"0513":[{"pref":"北海道","city":"空知郡上富良野町","town":"西１３線北"}],"0514":[{"pref":"北海道","city":"空知郡上富良野町","town":"西１４線北"}],"0515":[{"pref":"北海道","city":"空知郡上富良野町","town":"西１５線北"}],"0516":[{"pref":"北海道","city":"空知郡上富良野町","town":"西１６線北"}],"0517":[{"pref":"北海道","city":"空知郡上富良野町","town":"沼崎農場"}],"0533":[{"pref":"北海道","city":"空知郡上富良野町","town":"倍本農場"}],"0545":[{"pref":"北海道","city":"空知郡上富良野町","town":"光町"}],"0555":[{"pref":"北海道","city":"空知郡上富良野町","town":"東町"}],"0521":[{"pref":"北海道","city":"空知郡上富良野町","town":"東１線北"}],"0522":[{"pref":"北海道","city":"空知郡上富良野町","town":"東２線北"}],"0523":[{"pref":"北海道","city":"空知郡上富良野町","town":"東３線北"}],"0524":[{"pref":"北海道","city":"空知郡上富良野町","town":"東４線北"}],"0525":[{"pref":"北海道","city":"空知郡上富良野町","town":"東５線北"}],"0526":[{"pref":"北海道","city":"空知郡上富良野町","town":"東６線北"}],"0527":[{"pref":"北海道","city":"空知郡上富良野町","town":"東７線北"}],"0528":[{"pref":"北海道","city":"空知郡上富良野町","town":"東８線北"}],"0529":[{"pref":"北海道","city":"空知郡上富良野町","town":"東９線北"}],"0530":[{"pref":"北海道","city":"空知郡上富良野町","town":"東１０線北"}],"0531":[{"pref":"北海道","city":"空知郡上富良野町","town":"東１１線北"}],"0532":[{"pref":"北海道","city":"空知郡上富良野町","town":"東１２線北"}],"0579":[{"pref":"北海道","city":"空知郡上富良野町","town":"吹上"}],"0572":[{"pref":"北海道","city":"空知郡上富良野町","town":"細野農場"}],"0573":[{"pref":"北海道","city":"空知郡上富良野町","town":"松井牧場"}],"0563":[{"pref":"北海道","city":"空知郡上富良野町","town":"緑町"}],"0562":[{"pref":"北海道","city":"空知郡上富良野町","town":"南町"}],"0552":[{"pref":"北海道","city":"空知郡上富良野町","town":"宮町"}],"0566":[{"pref":"北海道","city":"空知郡上富良野町","town":"向町"}],"0551":[{"pref":"北海道","city":"空知郡上富良野町","town":"本町"}],"0578":[{"pref":"北海道","city":"空知郡上富良野町","town":"山加農場"}],"0700":[{"pref":"北海道","city":"空知郡中富良野町","town":"以下に掲載がない場合"}],"0770":[{"pref":"北海道","city":"空知郡中富良野町","town":"暁町"}],"0755":[{"pref":"北海道","city":"空知郡中富良野町","town":"旭町"}],"0733":[{"pref":"北海道","city":"空知郡中富良野町","town":"伊藤農場（渋毛牛）"}],"0762":[{"pref":"北海道","city":"空知郡中富良野町","town":"丘町"}],"0704":[{"pref":"北海道","city":"空知郡中富良野町","town":"基線北"}],"0751":[{"pref":"北海道","city":"空知郡中富良野町","town":"北町"}],"0734":[{"pref":"北海道","city":"空知郡中富良野町","town":"鹿討農場（鹿討）"}],"0731":[{"pref":"北海道","city":"空知郡中富良野町","town":"新田中農場"}],"0754":[{"pref":"北海道","city":"空知郡中富良野町","town":"新町"}],"0732":[{"pref":"北海道","city":"空知郡中富良野町","town":"田中農場（鈴和、山仁農場、山仁牧場）"}],"0737":[{"pref":"北海道","city":"空知郡中富良野町","town":"奈江"}],"0705":[{"pref":"北海道","city":"空知郡中富良野町","town":"西１線北"}],"0706":[{"pref":"北海道","city":"空知郡中富良野町","town":"西２線北"}],"0707":[{"pref":"北海道","city":"空知郡中富良野町","town":"西３線北"}],"0761":[{"pref":"北海道","city":"空知郡中富良野町","town":"西町"}],"0735":[{"pref":"北海道","city":"空知郡中富良野町","town":"日進"}],"0771":[{"pref":"北海道","city":"空知郡中富良野町","town":"東１線北"}],"0772":[{"pref":"北海道","city":"空知郡中富良野町","town":"東２線北"}],"0773":[{"pref":"北海道","city":"空知郡中富良野町","town":"東３線北"}],"0774":[{"pref":"北海道","city":"空知郡中富良野町","town":"東４線北"}],"0775":[{"pref":"北海道","city":"空知郡中富良野町","town":"東５線北"}],"0776":[{"pref":"北海道","city":"空知郡中富良野町","town":"東６線北"}],"0777":[{"pref":"北海道","city":"空知郡中富良野町","town":"東７線北"}],"0778":[{"pref":"北海道","city":"空知郡中富良野町","town":"東８線北"}],"0779":[{"pref":"北海道","city":"空知郡中富良野町","town":"東９線北"}],"0780":[{"pref":"北海道","city":"空知郡中富良野町","town":"東１０線北"}],"0781":[{"pref":"北海道","city":"空知郡中富良野町","town":"東１１線北"}],"0726":[{"pref":"北海道","city":"空知郡中富良野町","town":"東町"}],"0742":[{"pref":"北海道","city":"空知郡中富良野町","town":"福原農場（福原）"}],"0711":[{"pref":"北海道","city":"空知郡中富良野町","town":"ベベルイ（本幸、北１３号沢）"}],"0753":[{"pref":"北海道","city":"空知郡中富良野町","town":"南町"}],"0714":[{"pref":"北海道","city":"空知郡中富良野町","town":"宮町"}],"0752":[{"pref":"北海道","city":"空知郡中富良野町","town":"本町"}],"0736":[{"pref":"北海道","city":"空知郡中富良野町","town":"吉井農場（吉井）"}]}