{"0000":[{"pref":"群馬県","city":"沼田市","town":"以下に掲載がない場合"}],"0076":[{"pref":"群馬県","city":"沼田市","town":"秋塚町"}],"0077":[{"pref":"群馬県","city":"沼田市","town":"石墨町"}],"0035":[{"pref":"群馬県","city":"沼田市","town":"井土上町"}],"0025":[{"pref":"群馬県","city":"沼田市","town":"今井町"}],"0021":[{"pref":"群馬県","city":"沼田市","town":"岩本町"}],"0031":[{"pref":"群馬県","city":"沼田市","town":"薄根町"}],"0068":[{"pref":"群馬県","city":"沼田市","town":"宇楚井町"}],"0067":[{"pref":"群馬県","city":"沼田市","town":"大釜町"}],"0061":[{"pref":"群馬県","city":"沼田市","town":"岡谷町"}],"0034":[{"pref":"群馬県","city":"沼田市","town":"恩田町"}],"0018":[{"pref":"群馬県","city":"沼田市","town":"鍛冶町"}],"0026":[{"pref":"群馬県","city":"沼田市","town":"上川田町"}],"0003":[{"pref":"群馬県","city":"沼田市","town":"上久屋町"}],"0011":[{"pref":"群馬県","city":"沼田市","town":"上沼須町"}],"0047":[{"pref":"群馬県","city":"沼田市","town":"上之町"}],"0051":[{"pref":"群馬県","city":"沼田市","town":"上原町"}],"0071":[{"pref":"群馬県","city":"沼田市","town":"上発知町"}],"0005":[{"pref":"群馬県","city":"沼田市","town":"久屋原町"}],"0045":[{"pref":"群馬県","city":"沼田市","town":"材木町"}],"0014":[{"pref":"群馬県","city":"沼田市","town":"栄町"}],"0052":[{"pref":"群馬県","city":"沼田市","town":"桜町"}],"0023":[{"pref":"群馬県","city":"沼田市","town":"篠尾町"}],"0078":[{"pref":"群馬県","city":"沼田市","town":"佐山町"}],"0016":[{"pref":"群馬県","city":"沼田市","town":"清水町"}],"0024":[{"pref":"群馬県","city":"沼田市","town":"下川田町"}],"0004":[{"pref":"群馬県","city":"沼田市","town":"下久屋町"}],"0063":[{"pref":"群馬県","city":"沼田市","town":"下沼田町"}],"0044":[{"pref":"群馬県","city":"沼田市","town":"下之町"}],"0074":[{"pref":"群馬県","city":"沼田市","town":"下発知町"}],"0033":[{"pref":"群馬県","city":"沼田市","town":"白岩町"}],"0123":[{"pref":"群馬県","city":"沼田市","town":"白沢町岩室"}],"0124":[{"pref":"群馬県","city":"沼田市","town":"白沢町尾合"}],"0126":[{"pref":"群馬県","city":"沼田市","town":"白沢町上古語父"}],"0127":[{"pref":"群馬県","city":"沼田市","town":"白沢町下古語父"}],"0121":[{"pref":"群馬県","city":"沼田市","town":"白沢町高平"}],"0122":[{"pref":"群馬県","city":"沼田市","town":"白沢町生枝"}],"0125":[{"pref":"群馬県","city":"沼田市","town":"白沢町平出"}],"0013":[{"pref":"群馬県","city":"沼田市","town":"新町"}],"0032":[{"pref":"群馬県","city":"沼田市","town":"硯田町"}],"0064":[{"pref":"群馬県","city":"沼田市","town":"善桂寺町"}],"0056":[{"pref":"群馬県","city":"沼田市","town":"高橋場町"}],"0015":[{"pref":"群馬県","city":"沼田市","town":"戸鹿野町"}],"0001":[{"pref":"群馬県","city":"沼田市","town":"戸神町"}],"0314":[{"pref":"群馬県","city":"沼田市","town":"利根町青木"}],"0305":[{"pref":"群馬県","city":"沼田市","town":"利根町穴原"}],"0326":[{"pref":"群馬県","city":"沼田市","town":"利根町石戸新田"}],"0322":[{"pref":"群馬県","city":"沼田市","town":"利根町老神"}],"0323":[{"pref":"群馬県","city":"沼田市","town":"利根町大原"}],"0304":[{"pref":"群馬県","city":"沼田市","town":"利根町大楊"}],"0303":[{"pref":"群馬県","city":"沼田市","town":"利根町追貝"}],"0307":[{"pref":"群馬県","city":"沼田市","town":"利根町柿平"}],"0311":[{"pref":"群馬県","city":"沼田市","town":"利根町小松"}],"0315":[{"pref":"群馬県","city":"沼田市","town":"利根町砂川"}],"0324":[{"pref":"群馬県","city":"沼田市","town":"利根町園原"}],"0321":[{"pref":"群馬県","city":"沼田市","town":"利根町高戸谷"}],"0317":[{"pref":"群馬県","city":"沼田市","town":"利根町多那"}],"0302":[{"pref":"群馬県","city":"沼田市","town":"利根町千鳥"}],"0316":[{"pref":"群馬県","city":"沼田市","town":"利根町二本松"}],"0312":[{"pref":"群馬県","city":"沼田市","town":"利根町根利"}],"0313":[{"pref":"群馬県","city":"沼田市","town":"利根町日影南郷"}],"0306":[{"pref":"群馬県","city":"沼田市","town":"利根町日向南郷"}],"0301":[{"pref":"群馬県","city":"沼田市","town":"利根町平川"}],"0325":[{"pref":"群馬県","city":"沼田市","town":"利根町輪組"}],"0072":[{"pref":"群馬県","city":"沼田市","town":"中発知町"}],"0048":[{"pref":"群馬県","city":"沼田市","town":"中町"}],"0075":[{"pref":"群馬県","city":"沼田市","town":"奈良町"}],"0042":[{"pref":"群馬県","city":"沼田市","town":"西倉内町"}],"0054":[{"pref":"群馬県","city":"沼田市","town":"西原新町"}],"0012":[{"pref":"群馬県","city":"沼田市","town":"沼須町"}],"0046":[{"pref":"群馬県","city":"沼田市","town":"馬喰町"}],"0066":[{"pref":"群馬県","city":"沼田市","town":"原町"}],"0041":[{"pref":"群馬県","city":"沼田市","town":"榛名町"}],"0043":[{"pref":"群馬県","city":"沼田市","town":"東倉内町"}],"0053":[{"pref":"群馬県","city":"沼田市","town":"東原新町"}],"0017":[{"pref":"群馬県","city":"沼田市","town":"坊新田町"}],"0073":[{"pref":"群馬県","city":"沼田市","town":"発知新田町"}],"0065":[{"pref":"群馬県","city":"沼田市","town":"堀廻町"}],"0062":[{"pref":"群馬県","city":"沼田市","town":"町田町"}],"0022":[{"pref":"群馬県","city":"沼田市","town":"屋形原町"}],"0055":[{"pref":"群馬県","city":"沼田市","town":"柳町"}],"0002":[{"pref":"群馬県","city":"沼田市","town":"横塚町"}],"0400":[{"pref":"群馬県","city":"利根郡片品村","town":"以下に掲載がない場合"}],"0415":[{"pref":"群馬県","city":"利根郡片品村","town":"鎌田"}],"0413":[{"pref":"群馬県","city":"利根郡片品村","town":"越本"}],"0405":[{"pref":"群馬県","city":"利根郡片品村","town":"下平"}],"0401":[{"pref":"群馬県","city":"利根郡片品村","town":"須賀川"}],"0403":[{"pref":"群馬県","city":"利根郡片品村","town":"菅沼"}],"0406":[{"pref":"群馬県","city":"利根郡片品村","town":"摺淵"}],"0404":[{"pref":"群馬県","city":"利根郡片品村","town":"築地"}],"0412":[{"pref":"群馬県","city":"利根郡片品村","town":"土出"}],"0411":[{"pref":"群馬県","city":"利根郡片品村","town":"戸倉"}],"0407":[{"pref":"群馬県","city":"利根郡片品村","town":"幡谷"}],"0408":[{"pref":"群馬県","city":"利根郡片品村","town":"花咲"}],"0409":[{"pref":"群馬県","city":"利根郡片品村","town":"針山"}],"0414":[{"pref":"群馬県","city":"利根郡片品村","town":"東小川"}],"0402":[{"pref":"群馬県","city":"利根郡片品村","town":"御座入"}],"0100":[{"pref":"群馬県","city":"利根郡川場村","town":"以下に掲載がない場合"}],"0104":[{"pref":"群馬県","city":"利根郡川場村","town":"太田川"}],"0102":[{"pref":"群馬県","city":"利根郡川場村","town":"川場湯原"}],"0105":[{"pref":"群馬県","city":"利根郡川場村","town":"小田川"}],"0112":[{"pref":"群馬県","city":"利根郡川場村","town":"立岩"}],"0114":[{"pref":"群馬県","city":"利根郡川場村","town":"天神"}],"0103":[{"pref":"群馬県","city":"利根郡川場村","town":"中野"}],"0113":[{"pref":"群馬県","city":"利根郡川場村","town":"生品"}],"0111":[{"pref":"群馬県","city":"利根郡川場村","town":"萩室"}],"0115":[{"pref":"群馬県","city":"利根郡川場村","town":"門前"}],"0101":[{"pref":"群馬県","city":"利根郡川場村","town":"谷地"}]}