{"0000":[{"pref":"北海道","city":"根室市","town":"以下に掲載がない場合"}],"0006":[{"pref":"北海道","city":"根室市","town":"曙町"}],"0014":[{"pref":"北海道","city":"根室市","town":"朝日町"}],"0008":[{"pref":"北海道","city":"根室市","town":"有磯町"}],"0052":[{"pref":"北海道","city":"根室市","town":"梅ケ枝町"}],"0035":[{"pref":"北海道","city":"根室市","town":"温根沼"}],"0166":[{"pref":"北海道","city":"根室市","town":"温根元"}],"0054":[{"pref":"北海道","city":"根室市","town":"海岸町"}],"0023":[{"pref":"北海道","city":"根室市","town":"桂木"}],"0001":[{"pref":"北海道","city":"根室市","town":"北浜町"}],"0042":[{"pref":"北海道","city":"根室市","town":"清隆町"}],"0004":[{"pref":"北海道","city":"根室市","town":"光洋町"}],"0027":[{"pref":"北海道","city":"根室市","town":"光和町"}],"0055":[{"pref":"北海道","city":"根室市","town":"琴平町"}],"0012":[{"pref":"北海道","city":"根室市","town":"駒場町"}],"0164":[{"pref":"北海道","city":"根室市","town":"珸瑤瑁"}],"0021":[{"pref":"北海道","city":"根室市","town":"幸町"}],"0010":[{"pref":"北海道","city":"根室市","town":"栄町"}],"0047":[{"pref":"北海道","city":"根室市","town":"定基町"}],"0019":[{"pref":"北海道","city":"根室市","town":"汐見町"}],"0026":[{"pref":"北海道","city":"根室市","town":"敷島町"}],"0022":[{"pref":"北海道","city":"根室市","town":"昭和町"}],"0028":[{"pref":"北海道","city":"根室市","town":"大正町"}],"0005":[{"pref":"北海道","city":"根室市","town":"宝町"}],"0018":[{"pref":"北海道","city":"根室市","town":"千島町"}],"0031":[{"pref":"北海道","city":"根室市","town":"月岡町"}],"0007":[{"pref":"北海道","city":"根室市","town":"月見町"}],"0041":[{"pref":"北海道","city":"根室市","town":"常盤町"}],"0161":[{"pref":"北海道","city":"根室市","town":"友知"}],"0167":[{"pref":"北海道","city":"根室市","town":"豊里"}],"0017":[{"pref":"北海道","city":"根室市","town":"鳴海町"}],"0025":[{"pref":"北海道","city":"根室市","town":"西浜町"}],"0033":[{"pref":"北海道","city":"根室市","town":"西和田"}],"0165":[{"pref":"北海道","city":"根室市","town":"納沙布"}],"0015":[{"pref":"北海道","city":"根室市","town":"花咲町"}],"0032":[{"pref":"北海道","city":"根室市","town":"花咲港"}],"0045":[{"pref":"北海道","city":"根室市","town":"花園町"}],"0163":[{"pref":"北海道","city":"根室市","town":"歯舞"}],"0034":[{"pref":"北海道","city":"根室市","town":"東和田"}],"0162":[{"pref":"北海道","city":"根室市","town":"双沖"}],"0048":[{"pref":"北海道","city":"根室市","town":"平内町"}],"0011":[{"pref":"北海道","city":"根室市","town":"弁天町"}],"0024":[{"pref":"北海道","city":"根室市","town":"宝林町"}],"0043":[{"pref":"北海道","city":"根室市","town":"北斗町"}],"0037":[{"pref":"北海道","city":"根室市","town":"穂香"}],"0036":[{"pref":"北海道","city":"根室市","town":"幌茂尻"}],"0053":[{"pref":"北海道","city":"根室市","town":"本町"}],"0002":[{"pref":"北海道","city":"根室市","town":"牧の内"}],"0016":[{"pref":"北海道","city":"根室市","town":"松ケ枝町"}],"0044":[{"pref":"北海道","city":"根室市","town":"松本町"}],"0046":[{"pref":"北海道","city":"根室市","town":"岬町"}],"0051":[{"pref":"北海道","city":"根室市","town":"緑町"}],"0003":[{"pref":"北海道","city":"根室市","town":"明治町"}],"0009":[{"pref":"北海道","city":"根室市","town":"弥栄町"}],"0049":[{"pref":"北海道","city":"根室市","town":"弥生町"}]}