{"1131":[{"pref":"北海道","city":"阿寒郡鶴居村","town":"新幌呂"}],"1132":[{"pref":"北海道","city":"阿寒郡鶴居村","town":"上幌呂"}],"1133":[{"pref":"北海道","city":"阿寒郡鶴居村","town":"支幌呂"}],"1134":[{"pref":"北海道","city":"阿寒郡鶴居村","town":"茂幌呂"}],"1141":[{"pref":"北海道","city":"阿寒郡鶴居村","town":"幌呂西"}],"1142":[{"pref":"北海道","city":"阿寒郡鶴居村","town":"幌呂東"}],"1143":[{"pref":"北海道","city":"阿寒郡鶴居村","town":"中幌呂"}],"1144":[{"pref":"北海道","city":"阿寒郡鶴居村","town":"下幌呂"}],"1145":[{"pref":"北海道","city":"阿寒郡鶴居村","town":"温根内"}],"1146":[{"pref":"北海道","city":"阿寒郡鶴居村","town":"アトコシヤラカ"}],"1147":[{"pref":"北海道","city":"阿寒郡鶴居村","town":"幌呂"}],"1200":[{"pref":"北海道","city":"阿寒郡鶴居村","town":"以下に掲載がない場合"}],"1201":[{"pref":"北海道","city":"阿寒郡鶴居村","town":"鶴居北"}],"1202":[{"pref":"北海道","city":"阿寒郡鶴居村","town":"中雪裡（西）"}],"1203":[{"pref":"北海道","city":"阿寒郡鶴居村","town":"鶴居西"}],"1204":[{"pref":"北海道","city":"阿寒郡鶴居村","town":"鶴居南"}],"1205":[{"pref":"北海道","city":"阿寒郡鶴居村","town":"中雪裡（南）"}],"1206":[{"pref":"北海道","city":"阿寒郡鶴居村","town":"鶴居東"}],"1207":[{"pref":"北海道","city":"阿寒郡鶴居村","town":"中雪裡（東）"}],"1211":[{"pref":"北海道","city":"阿寒郡鶴居村","town":"下雪裡"}],"1212":[{"pref":"北海道","city":"阿寒郡鶴居村","town":"支雪裡"}],"1213":[{"pref":"北海道","city":"阿寒郡鶴居村","town":"茂雪裡"}],"1261":[{"pref":"北海道","city":"阿寒郡鶴居村","town":"中久著呂"}],"1262":[{"pref":"北海道","city":"阿寒郡鶴居村","town":"下久著呂"}],"2271":[{"pref":"北海道","city":"釧路郡釧路町","town":"跡永賀村"}],"2272":[{"pref":"北海道","city":"釧路郡釧路町","town":"昆布森"}],"2273":[{"pref":"北海道","city":"釧路郡釧路町","town":"昆布森村"}],"0000":[{"pref":"北海道","city":"釧路市","town":"以下に掲載がない場合"}],"0062":[{"pref":"北海道","city":"釧路市","town":"愛国"}],"0058":[{"pref":"北海道","city":"釧路市","town":"愛国東"}],"0057":[{"pref":"北海道","city":"釧路市","town":"愛国西"}],"0252":[{"pref":"北海道","city":"釧路市","town":"青山"}],"0054":[{"pref":"北海道","city":"釧路市","town":"暁町"}],"0467":[{"pref":"北海道","city":"釧路市","town":"阿寒町阿寒湖温泉（１～６丁目）"}],"0238":[{"pref":"北海道","city":"釧路市","town":"阿寒町飽別"}],"0212":[{"pref":"北海道","city":"釧路市","town":"阿寒町旭町"}],"0468":[{"pref":"北海道","city":"釧路市","town":"阿寒町オクルシュベ"}],"0245":[{"pref":"北海道","city":"釧路市","town":"阿寒町上阿寒"}],"0221":[{"pref":"北海道","city":"釧路市","town":"阿寒町上舌辛"}],"0235":[{"pref":"北海道","city":"釧路市","town":"阿寒町上徹別"}],"0202":[{"pref":"北海道","city":"釧路市","town":"阿寒町上仁々志別"}],"0216":[{"pref":"北海道","city":"釧路市","town":"阿寒町北新町"}],"0217":[{"pref":"北海道","city":"釧路市","town":"阿寒町北町"}],"0244":[{"pref":"北海道","city":"釧路市","town":"阿寒町紀ノ丘"}],"0206":[{"pref":"北海道","city":"釧路市","town":"阿寒町共和"}],"0220":[{"pref":"北海道","city":"釧路市","town":"阿寒町舌辛"}],"0211":[{"pref":"北海道","city":"釧路市","town":"阿寒町下舌辛"}],"0231":[{"pref":"北海道","city":"釧路市","town":"阿寒町下徹別"}],"0204":[{"pref":"北海道","city":"釧路市","town":"阿寒町下仁々志別"}],"0223":[{"pref":"北海道","city":"釧路市","town":"阿寒町下布伏内"}],"0218":[{"pref":"北海道","city":"釧路市","town":"阿寒町新町"}],"0234":[{"pref":"北海道","city":"釧路市","town":"阿寒町蘇牛"}],"0232":[{"pref":"北海道","city":"釧路市","town":"阿寒町大正"}],"0225":[{"pref":"北海道","city":"釧路市","town":"阿寒町知茶布"}],"0215":[{"pref":"北海道","city":"釧路市","town":"阿寒町中央"}],"0237":[{"pref":"北海道","city":"釧路市","town":"阿寒町徹別中央"}],"0205":[{"pref":"北海道","city":"釧路市","town":"阿寒町東栄"}],"0241":[{"pref":"北海道","city":"釧路市","town":"阿寒町中阿寒"}],"0236":[{"pref":"北海道","city":"釧路市","town":"阿寒町中徹別"}],"0203":[{"pref":"北海道","city":"釧路市","town":"阿寒町中仁々志別"}],"0213":[{"pref":"北海道","city":"釧路市","town":"阿寒町仲町"}],"0243":[{"pref":"北海道","city":"釧路市","town":"阿寒町西阿寒"}],"0233":[{"pref":"北海道","city":"釧路市","town":"阿寒町西徹別"}],"0201":[{"pref":"北海道","city":"釧路市","town":"阿寒町仁々志別"}],"0242":[{"pref":"北海道","city":"釧路市","town":"阿寒町東舌辛"}],"0214":[{"pref":"北海道","city":"釧路市","town":"阿寒町富士見"}],"0222":[{"pref":"北海道","city":"釧路市","town":"阿寒町布伏内"}],"0224":[{"pref":"北海道","city":"釧路市","town":"阿寒町雄別横山"}],"0011":[{"pref":"北海道","city":"釧路市","town":"旭町"}],"0061":[{"pref":"北海道","city":"釧路市","town":"芦野"}],"0008":[{"pref":"北海道","city":"釧路市","town":"入江町"}],"0846":[{"pref":"北海道","city":"釧路市","town":"入舟"}],"0835":[{"pref":"北海道","city":"釧路市","town":"浦見"}],"0837":[{"pref":"北海道","city":"釧路市","town":"大川町"}],"0847":[{"pref":"北海道","city":"釧路市","town":"大町"}],"0811":[{"pref":"北海道","city":"釧路市","town":"興津"}],"0023":[{"pref":"北海道","city":"釧路市","town":"海運"}],"0816":[{"pref":"北海道","city":"釧路市","town":"貝塚"}],"0824":[{"pref":"北海道","city":"釧路市","town":"柏木町"}],"0041":[{"pref":"北海道","city":"釧路市","town":"春日町"}],"0802":[{"pref":"北海道","city":"釧路市","town":"桂恋"}],"0012":[{"pref":"北海道","city":"釧路市","town":"川上町"}],"0003":[{"pref":"北海道","city":"釧路市","town":"川北町"}],"0044":[{"pref":"北海道","city":"釧路市","town":"川端町"}],"0015":[{"pref":"北海道","city":"釧路市","town":"北大通"}],"0043":[{"pref":"北海道","city":"釧路市","town":"喜多町"}],"0035":[{"pref":"北海道","city":"釧路市","town":"共栄大通"}],"0018":[{"pref":"北海道","city":"釧路市","town":"黒金町"}],"0051":[{"pref":"北海道","city":"釧路市","town":"光陽町"}],"0026":[{"pref":"北海道","city":"釧路市","town":"寿"}],"0048":[{"pref":"北海道","city":"釧路市","town":"駒場町"}],"0815":[{"pref":"北海道","city":"釧路市","town":"材木町"}],"0017":[{"pref":"北海道","city":"釧路市","town":"幸町"}],"0013":[{"pref":"北海道","city":"釧路市","town":"栄町"}],"0805":[{"pref":"北海道","city":"釧路市","town":"桜ケ岡"}],"0251":[{"pref":"北海道","city":"釧路市","town":"桜田"}],"0812":[{"pref":"北海道","city":"釧路市","town":"紫雲台"}],"0055":[{"pref":"北海道","city":"釧路市","town":"治水町"}],"0822":[{"pref":"北海道","city":"釧路市","town":"春湖台"}],"0804":[{"pref":"北海道","city":"釧路市","town":"白樺台"}],"0844":[{"pref":"北海道","city":"釧路市","town":"知人町"}],"0034":[{"pref":"北海道","city":"釧路市","town":"白金町"}],"0826":[{"pref":"北海道","city":"釧路市","town":"城山"}],"0032":[{"pref":"北海道","city":"釧路市","town":"新栄町"}],"0047":[{"pref":"北海道","city":"釧路市","town":"新川町"}],"0002":[{"pref":"北海道","city":"釧路市","town":"新釧路町"}],"0004":[{"pref":"北海道","city":"釧路市","town":"新富町"}],"0046":[{"pref":"北海道","city":"釧路市","town":"新橋大通"}],"0014":[{"pref":"北海道","city":"釧路市","town":"末広町"}],"0045":[{"pref":"北海道","city":"釧路市","town":"住之江町"}],"0831":[{"pref":"北海道","city":"釧路市","town":"住吉"}],"0807":[{"pref":"北海道","city":"釧路市","town":"高山"}],"0025":[{"pref":"北海道","city":"釧路市","town":"宝町"}],"0825":[{"pref":"北海道","city":"釧路市","town":"千歳町"}],"0823":[{"pref":"北海道","city":"釧路市","town":"千代ノ浦"}],"0821":[{"pref":"北海道","city":"釧路市","town":"鶴ケ岱"}],"0053":[{"pref":"北海道","city":"釧路市","town":"豊川町"}],"0031":[{"pref":"北海道","city":"釧路市","town":"中島町"}],"0052":[{"pref":"北海道","city":"釧路市","town":"中園町"}],"0027":[{"pref":"北海道","city":"釧路市","town":"仲浜町"}],"0021":[{"pref":"北海道","city":"釧路市","town":"浪花町"}],"0016":[{"pref":"北海道","city":"釧路市","town":"錦町"}],"0836":[{"pref":"北海道","city":"釧路市","town":"幣舞町"}],"0038":[{"pref":"北海道","city":"釧路市","town":"花園町"}],"0024":[{"pref":"北海道","city":"釧路市","town":"浜町"}],"0813":[{"pref":"北海道","city":"釧路市","town":"春採"}],"0056":[{"pref":"北海道","city":"釧路市","town":"東川町"}],"0064":[{"pref":"北海道","city":"釧路市","town":"広里"}],"0832":[{"pref":"北海道","city":"釧路市","town":"富士見"}],"0006":[{"pref":"北海道","city":"釧路市","town":"双葉町"}],"0063":[{"pref":"北海道","city":"釧路市","town":"文苑"}],"0001":[{"pref":"北海道","city":"釧路市","town":"古川町"}],"0843":[{"pref":"北海道","city":"釧路市","town":"弁天ケ浜"}],"0007":[{"pref":"北海道","city":"釧路市","town":"堀川町"}],"0803":[{"pref":"北海道","city":"釧路市","town":"益浦"}],"0005":[{"pref":"北海道","city":"釧路市","town":"松浦町"}],"0801":[{"pref":"北海道","city":"釧路市","town":"三津浦"}],"0814":[{"pref":"北海道","city":"釧路市","town":"緑ケ岡"}],"0845":[{"pref":"北海道","city":"釧路市","town":"港町"}],"0841":[{"pref":"北海道","city":"釧路市","town":"南大通"}],"0022":[{"pref":"北海道","city":"釧路市","town":"南浜町"}],"0065":[{"pref":"北海道","city":"釧路市","town":"美原"}],"0833":[{"pref":"北海道","city":"釧路市","town":"宮本"}],"0806":[{"pref":"北海道","city":"釧路市","town":"武佐"}],"0037":[{"pref":"北海道","city":"釧路市","town":"柳町"}],"0834":[{"pref":"北海道","city":"釧路市","town":"弥生"}],"0842":[{"pref":"北海道","city":"釧路市","town":"米町"}],"0042":[{"pref":"北海道","city":"釧路市","town":"若草町"}],"0036":[{"pref":"北海道","city":"釧路市","town":"若竹町"}],"0033":[{"pref":"北海道","city":"釧路市","town":"若松町"}]}