{"1100":[{"pref":"石川県","city":"かほく市","town":"以下に掲載がない場合"}],"1101":[{"pref":"石川県","city":"かほく市","town":"余地"}],"1102":[{"pref":"石川県","city":"かほく市","town":"上田名"}],"1103":[{"pref":"石川県","city":"かほく市","town":"谷"}],"1104":[{"pref":"石川県","city":"かほく市","town":"笠島"}],"1105":[{"pref":"石川県","city":"かほく市","town":"横山"}],"1111":[{"pref":"石川県","city":"かほく市","town":"気屋"}],"1112":[{"pref":"石川県","city":"かほく市","town":"多田"}],"1113":[{"pref":"石川県","city":"かほく市","town":"指江"}],"1114":[{"pref":"石川県","city":"かほく市","town":"狩鹿野"}],"1115":[{"pref":"石川県","city":"かほく市","town":"上山田"}],"1116":[{"pref":"石川県","city":"かほく市","town":"下山田"}],"1117":[{"pref":"石川県","city":"かほく市","town":"鉢伏"}],"1121":[{"pref":"石川県","city":"かほく市","town":"宇気"}],"1122":[{"pref":"石川県","city":"かほく市","town":"七窪"}],"1123":[{"pref":"石川県","city":"かほく市","town":"森"}],"1125":[{"pref":"石川県","city":"かほく市","town":"宇野気"}],"1126":[{"pref":"石川県","city":"かほく市","town":"内日角"}],"1127":[{"pref":"石川県","city":"かほく市","town":"大崎"}],"1171":[{"pref":"石川県","city":"かほく市","town":"木津"}],"1172":[{"pref":"石川県","city":"かほく市","town":"松浜"}],"1173":[{"pref":"石川県","city":"かほく市","town":"遠塚"}],"1174":[{"pref":"石川県","city":"かほく市","town":"浜北"}],"1175":[{"pref":"石川県","city":"かほく市","town":"秋浜"}],"1176":[{"pref":"石川県","city":"かほく市","town":"外日角"}],"1177":[{"pref":"石川県","city":"かほく市","town":"白尾"}],"1201":[{"pref":"石川県","city":"かほく市","town":"野寺"}],"1202":[{"pref":"石川県","city":"かほく市","town":"八野"}],"1203":[{"pref":"石川県","city":"かほく市","town":"黒川"}],"1204":[{"pref":"石川県","city":"かほく市","town":"箕打"}],"1205":[{"pref":"石川県","city":"かほく市","town":"若緑"}],"1206":[{"pref":"石川県","city":"かほく市","town":"元女"}],"1207":[{"pref":"石川県","city":"かほく市","town":"夏栗"}],"1208":[{"pref":"石川県","city":"かほく市","town":"瀬戸町"}],"1210":[{"pref":"石川県","city":"かほく市","town":"学園台"}],"1211":[{"pref":"石川県","city":"かほく市","town":"二ツ屋"}],"1212":[{"pref":"石川県","city":"かほく市","town":"中沼"}],"1213":[{"pref":"石川県","city":"かほく市","town":"長柄町"}],"1214":[{"pref":"石川県","city":"かほく市","town":"内高松"}],"1215":[{"pref":"石川県","city":"かほく市","town":"高松"}],"1300":[{"pref":"石川県","city":"羽咋郡宝達志水町","town":"以下に掲載がない場合"}],"1301":[{"pref":"石川県","city":"羽咋郡宝達志水町","town":"宝達"}],"1302":[{"pref":"石川県","city":"羽咋郡宝達志水町","town":"山崎"}],"1303":[{"pref":"石川県","city":"羽咋郡宝達志水町","town":"河原"}],"1304":[{"pref":"石川県","city":"羽咋郡宝達志水町","town":"南吉田"}],"1305":[{"pref":"石川県","city":"羽咋郡宝達志水町","town":"竹生野"}],"1311":[{"pref":"石川県","city":"羽咋郡宝達志水町","town":"門前"}],"1312":[{"pref":"石川県","city":"羽咋郡宝達志水町","town":"上田"}],"1313":[{"pref":"石川県","city":"羽咋郡宝達志水町","town":"東間"}],"1314":[{"pref":"石川県","city":"羽咋郡宝達志水町","town":"紺屋町"}],"1315":[{"pref":"石川県","city":"羽咋郡宝達志水町","town":"東野"}],"1316":[{"pref":"石川県","city":"羽咋郡宝達志水町","town":"中野"}],"1321":[{"pref":"石川県","city":"羽咋郡宝達志水町","town":"上田出"}],"1322":[{"pref":"石川県","city":"羽咋郡宝達志水町","town":"三日町"}],"1323":[{"pref":"石川県","city":"羽咋郡宝達志水町","town":"御舘"}],"1324":[{"pref":"石川県","city":"羽咋郡宝達志水町","town":"正友"}],"1325":[{"pref":"石川県","city":"羽咋郡宝達志水町","town":"坪山"}],"1326":[{"pref":"石川県","city":"羽咋郡宝達志水町","town":"冬野"}],"1327":[{"pref":"石川県","city":"羽咋郡宝達志水町","town":"森本"}],"1331":[{"pref":"石川県","city":"羽咋郡宝達志水町","town":"米出"}],"1332":[{"pref":"石川県","city":"羽咋郡宝達志水町","town":"北川尻"}],"1333":[{"pref":"石川県","city":"羽咋郡宝達志水町","town":"免田"}],"1341":[{"pref":"石川県","city":"羽咋郡宝達志水町","town":"宿"}],"1342":[{"pref":"石川県","city":"羽咋郡宝達志水町","town":"麦生"}],"1343":[{"pref":"石川県","city":"羽咋郡宝達志水町","town":"小川"}],"1344":[{"pref":"石川県","city":"羽咋郡宝達志水町","town":"今浜"}],"1345":[{"pref":"石川県","city":"羽咋郡宝達志水町","town":"今浜新"}],"1401":[{"pref":"石川県","city":"羽咋郡宝達志水町","town":"向瀬"}],"1402":[{"pref":"石川県","city":"羽咋郡宝達志水町","town":"清水原"},{"pref":"石川県","city":"羽咋郡宝達志水町","town":"走入"},{"pref":"石川県","city":"羽咋郡宝達志水町","town":"見砂"}],"1403":[{"pref":"石川県","city":"羽咋郡宝達志水町","town":"所司原"}],"1404":[{"pref":"石川県","city":"羽咋郡宝達志水町","town":"新宮"},{"pref":"石川県","city":"羽咋郡宝達志水町","town":"当熊"},{"pref":"石川県","city":"羽咋郡宝達志水町","town":"原"}],"1405":[{"pref":"石川県","city":"羽咋郡宝達志水町","town":"海老坂"},{"pref":"石川県","city":"羽咋郡宝達志水町","town":"針山"},{"pref":"石川県","city":"羽咋郡宝達志水町","town":"聖川"},{"pref":"石川県","city":"羽咋郡宝達志水町","town":"平床"}],"1406":[{"pref":"石川県","city":"羽咋郡宝達志水町","town":"石坂"},{"pref":"石川県","city":"羽咋郡宝達志水町","town":"下石"},{"pref":"石川県","city":"羽咋郡宝達志水町","town":"散田"}],"1411":[{"pref":"石川県","city":"羽咋郡宝達志水町","town":"柳瀬"}],"1412":[{"pref":"石川県","city":"羽咋郡宝達志水町","town":"荻島"}],"1413":[{"pref":"石川県","city":"羽咋郡宝達志水町","town":"荻谷"}],"1414":[{"pref":"石川県","city":"羽咋郡宝達志水町","town":"敷波"}],"1415":[{"pref":"石川県","city":"羽咋郡宝達志水町","town":"敷浪"}],"1416":[{"pref":"石川県","city":"羽咋郡宝達志水町","town":"出浜"}],"1421":[{"pref":"石川県","city":"羽咋郡宝達志水町","town":"二口"}],"1422":[{"pref":"石川県","city":"羽咋郡宝達志水町","town":"杉野屋"}],"1423":[{"pref":"石川県","city":"羽咋郡宝達志水町","town":"菅原"}],"1424":[{"pref":"石川県","city":"羽咋郡宝達志水町","town":"吉野屋"}],"1425":[{"pref":"石川県","city":"羽咋郡宝達志水町","town":"子浦"}],"1426":[{"pref":"石川県","city":"羽咋郡宝達志水町","town":"荻市"}],"1601":[{"pref":"石川県","city":"鹿島郡中能登町","town":"西馬場"}],"1602":[{"pref":"石川県","city":"鹿島郡中能登町","town":"能登部上"}],"1603":[{"pref":"石川県","city":"鹿島郡中能登町","town":"徳丸"}],"1604":[{"pref":"石川県","city":"鹿島郡中能登町","town":"能登部下"}],"1605":[{"pref":"石川県","city":"鹿島郡中能登町","town":"下後山"}],"1606":[{"pref":"石川県","city":"鹿島郡中能登町","town":"上後山"}],"1621":[{"pref":"石川県","city":"鹿島郡中能登町","town":"金丸"}],"1631":[{"pref":"石川県","city":"鹿島郡中能登町","town":"久江"}],"1632":[{"pref":"石川県","city":"鹿島郡中能登町","town":"小田中"}],"1633":[{"pref":"石川県","city":"鹿島郡中能登町","town":"藤井"}],"1634":[{"pref":"石川県","city":"鹿島郡中能登町","town":"福田"}],"1635":[{"pref":"石川県","city":"鹿島郡中能登町","town":"高畠"}],"1636":[{"pref":"石川県","city":"鹿島郡中能登町","town":"小金森"}],"1637":[{"pref":"石川県","city":"鹿島郡中能登町","town":"曽祢"}],"1700":[{"pref":"石川県","city":"鹿島郡中能登町","town":"以下に掲載がない場合"}],"1701":[{"pref":"石川県","city":"鹿島郡中能登町","town":"川田"}],"1702":[{"pref":"石川県","city":"鹿島郡中能登町","town":"大槻"}],"1703":[{"pref":"石川県","city":"鹿島郡中能登町","town":"春木"}],"1704":[{"pref":"石川県","city":"鹿島郡中能登町","town":"末坂"}],"1705":[{"pref":"石川県","city":"鹿島郡中能登町","town":"花見月"}],"1706":[{"pref":"石川県","city":"鹿島郡中能登町","town":"瀬戸"}],"1711":[{"pref":"石川県","city":"鹿島郡中能登町","town":"廿九日"}],"1712":[{"pref":"石川県","city":"鹿島郡中能登町","town":"新庄"}],"1713":[{"pref":"石川県","city":"鹿島郡中能登町","town":"今羽坂"}],"1714":[{"pref":"石川県","city":"鹿島郡中能登町","town":"羽坂"}],"1715":[{"pref":"石川県","city":"鹿島郡中能登町","town":"一青"}],"1716":[{"pref":"石川県","city":"鹿島郡中能登町","town":"黒氏"}],"1717":[{"pref":"石川県","city":"鹿島郡中能登町","town":"良川"}],"1721":[{"pref":"石川県","city":"鹿島郡中能登町","town":"井田"}],"1722":[{"pref":"石川県","city":"鹿島郡中能登町","town":"小竹"}],"1723":[{"pref":"石川県","city":"鹿島郡中能登町","town":"水白"}],"1724":[{"pref":"石川県","city":"鹿島郡中能登町","town":"尾崎"}],"1725":[{"pref":"石川県","city":"鹿島郡中能登町","town":"東馬場"}],"1726":[{"pref":"石川県","city":"鹿島郡中能登町","town":"最勝講"}],"1801":[{"pref":"石川県","city":"鹿島郡中能登町","town":"久乃木"}],"1802":[{"pref":"石川県","city":"鹿島郡中能登町","town":"武部"}],"1803":[{"pref":"石川県","city":"鹿島郡中能登町","town":"西"}],"1804":[{"pref":"石川県","city":"鹿島郡中能登町","town":"在江"}],"1805":[{"pref":"石川県","city":"鹿島郡中能登町","town":"坪川"}],"1811":[{"pref":"石川県","city":"鹿島郡中能登町","town":"二宮"}],"1812":[{"pref":"石川県","city":"鹿島郡中能登町","town":"石動山"}],"1813":[{"pref":"石川県","city":"鹿島郡中能登町","town":"蟻ケ原"}],"1814":[{"pref":"石川県","city":"鹿島郡中能登町","town":"原山"}],"1815":[{"pref":"石川県","city":"鹿島郡中能登町","town":"芹川"}],"1816":[{"pref":"石川県","city":"鹿島郡中能登町","town":"浅井"}],"1817":[{"pref":"石川県","city":"鹿島郡中能登町","town":"徳前"}],"1818":[{"pref":"石川県","city":"鹿島郡中能登町","town":"二宮あおば台"}],"2101":[{"pref":"石川県","city":"七尾市","town":"川尻町"}],"2102":[{"pref":"石川県","city":"七尾市","town":"舟尾町"}],"2103":[{"pref":"石川県","city":"七尾市","town":"東山町"}],"2104":[{"pref":"石川県","city":"七尾市","town":"垣吉町"}],"2105":[{"pref":"石川県","city":"七尾市","town":"新屋町"}],"2111":[{"pref":"石川県","city":"七尾市","town":"高田町"}],"2112":[{"pref":"石川県","city":"七尾市","town":"杉森町"}],"2113":[{"pref":"石川県","city":"七尾市","town":"西下町"}],"2114":[{"pref":"石川県","city":"七尾市","town":"伊久留町"}],"2115":[{"pref":"石川県","city":"七尾市","town":"七原町"}],"2116":[{"pref":"石川県","city":"七尾市","town":"吉田町"}],"2121":[{"pref":"石川県","city":"七尾市","town":"田鶴浜町"}],"2122":[{"pref":"石川県","city":"七尾市","town":"上野ケ丘町"}],"2123":[{"pref":"石川県","city":"七尾市","town":"三引町"}],"2124":[{"pref":"石川県","city":"七尾市","town":"白浜町"}],"2125":[{"pref":"石川県","city":"七尾市","town":"深見町"}],"2126":[{"pref":"石川県","city":"七尾市","town":"大津町"}],"2201":[{"pref":"石川県","city":"七尾市","town":"中島町河内"}],"2202":[{"pref":"石川県","city":"七尾市","town":"中島町別所"}],"2203":[{"pref":"石川県","city":"七尾市","town":"中島町北免田"}],"2204":[{"pref":"石川県","city":"七尾市","town":"中島町上畠"}],"2205":[{"pref":"石川県","city":"七尾市","town":"中島町町屋"}],"2206":[{"pref":"石川県","city":"七尾市","town":"中島町鳥越"}],"2207":[{"pref":"石川県","city":"七尾市","town":"中島町大平"}],"2208":[{"pref":"石川県","city":"七尾市","town":"中島町古江"}],"2209":[{"pref":"石川県","city":"七尾市","town":"中島町西谷内"}],"2211":[{"pref":"石川県","city":"七尾市","town":"中島町横見"}],"2212":[{"pref":"石川県","city":"七尾市","town":"中島町田岸"}],"2213":[{"pref":"石川県","city":"七尾市","town":"中島町外"}],"2214":[{"pref":"石川県","city":"七尾市","town":"中島町小牧"}],"2215":[{"pref":"石川県","city":"七尾市","town":"中島町深浦"}],"2216":[{"pref":"石川県","city":"七尾市","town":"中島町長浦"}],"2217":[{"pref":"石川県","city":"七尾市","town":"中島町鹿島台"}],"2218":[{"pref":"石川県","city":"七尾市","town":"中島町瀬嵐"}],"2221":[{"pref":"石川県","city":"七尾市","town":"中島町谷内"}],"2222":[{"pref":"石川県","city":"七尾市","town":"中島町中島"}],"2223":[{"pref":"石川県","city":"七尾市","town":"中島町上町"}],"2224":[{"pref":"石川県","city":"七尾市","town":"中島町山戸田"}],"2225":[{"pref":"石川県","city":"七尾市","town":"中島町宮前"}],"2226":[{"pref":"石川県","city":"七尾市","town":"中島町横田"}],"2227":[{"pref":"石川県","city":"七尾市","town":"中島町藤瀬"}],"2231":[{"pref":"石川県","city":"七尾市","town":"中島町奥吉田"}],"2232":[{"pref":"石川県","city":"七尾市","town":"中島町筆染"}],"2233":[{"pref":"石川県","city":"七尾市","town":"中島町笠師"}],"2234":[{"pref":"石川県","city":"七尾市","town":"中島町塩津"}],"2241":[{"pref":"石川県","city":"七尾市","town":"中島町浜田"}],"2242":[{"pref":"石川県","city":"七尾市","town":"中島町崎山"}],"2243":[{"pref":"石川県","city":"七尾市","town":"中島町河崎"}],"2244":[{"pref":"石川県","city":"七尾市","town":"中島町豊田町"}],"2245":[{"pref":"石川県","city":"七尾市","town":"中島町豊田"}],"2246":[{"pref":"石川県","city":"七尾市","town":"中島町土川"}],"2247":[{"pref":"石川県","city":"七尾市","town":"中島町外原"}],"2361":[{"pref":"石川県","city":"輪島市","town":"三井町与呂見"}],"2362":[{"pref":"石川県","city":"輪島市","town":"三井町中"}],"2363":[{"pref":"石川県","city":"輪島市","town":"三井町興徳寺"}],"2364":[{"pref":"石川県","city":"輪島市","town":"大和町"}],"2365":[{"pref":"石川県","city":"輪島市","town":"三井町渡合"}],"2366":[{"pref":"石川県","city":"輪島市","town":"三井町本江"}],"2367":[{"pref":"石川県","city":"輪島市","town":"三井町仁行"}],"2371":[{"pref":"石川県","city":"輪島市","town":"三井町三洲穂"}],"2372":[{"pref":"石川県","city":"輪島市","town":"三井町洲衛"}],"2373":[{"pref":"石川県","city":"輪島市","town":"三井町市ノ坂"}],"2374":[{"pref":"石川県","city":"輪島市","town":"三井町内屋"}],"2375":[{"pref":"石川県","city":"輪島市","town":"三井町細屋"}],"2376":[{"pref":"石川県","city":"輪島市","town":"三井町新保"}],"2377":[{"pref":"石川県","city":"輪島市","town":"三井町漆原"}],"2378":[{"pref":"石川県","city":"輪島市","town":"三井町小泉"}],"2379":[{"pref":"石川県","city":"輪島市","town":"三井町長沢"}],"0211":[{"pref":"石川県","city":"白山市","town":"井関町"}],"0206":[{"pref":"石川県","city":"白山市","town":"鹿島平"}],"0201":[{"pref":"石川県","city":"白山市","town":"鹿島町"}],"0213":[{"pref":"石川県","city":"白山市","town":"末正町"}],"0214":[{"pref":"石川県","city":"白山市","town":"長屋町"}],"0212":[{"pref":"石川県","city":"白山市","town":"手取町"}],"0202":[{"pref":"石川県","city":"白山市","town":"西米光町"}],"0205":[{"pref":"石川県","city":"白山市","town":"蓮池町"}],"0204":[{"pref":"石川県","city":"白山市","town":"平加町"}],"0221":[{"pref":"石川県","city":"白山市","town":"美川今町"}],"0235":[{"pref":"石川県","city":"白山市","town":"美川永代町"}],"0223":[{"pref":"石川県","city":"白山市","town":"美川北町"}],"0234":[{"pref":"石川県","city":"白山市","town":"美川神幸町"}],"0222":[{"pref":"石川県","city":"白山市","town":"美川新町"}],"0232":[{"pref":"石川県","city":"白山市","town":"美川末広町"}],"0224":[{"pref":"石川県","city":"白山市","town":"美川中町"}],"0233":[{"pref":"石川県","city":"白山市","town":"美川浜町"}],"0215":[{"pref":"石川県","city":"白山市","town":"美川南町"}],"0216":[{"pref":"石川県","city":"白山市","town":"美川本吉町"}],"0231":[{"pref":"石川県","city":"白山市","town":"美川和波町"}],"0217":[{"pref":"石川県","city":"白山市","town":"湊町"}],"0203":[{"pref":"石川県","city":"白山市","town":"若草町"}],"0101":[{"pref":"石川県","city":"能美市","town":"赤井町"}],"0122":[{"pref":"石川県","city":"能美市","town":"大浜町"}],"0103":[{"pref":"石川県","city":"能美市","town":"五間堂町"}],"0115":[{"pref":"石川県","city":"能美市","town":"下ノ江町"}],"0113":[{"pref":"石川県","city":"能美市","town":"大成町"}],"0116":[{"pref":"石川県","city":"能美市","town":"高坂町"},{"pref":"石川県","city":"能美市","town":"根上町"}],"0125":[{"pref":"石川県","city":"能美市","town":"道林町"}],"0105":[{"pref":"石川県","city":"能美市","town":"中ノ江町"}],"0104":[{"pref":"石川県","city":"能美市","town":"中庄町"}],"0123":[{"pref":"石川県","city":"能美市","town":"中町"}],"0102":[{"pref":"石川県","city":"能美市","town":"西任田町"}],"0106":[{"pref":"石川県","city":"能美市","town":"西二口町"}],"0108":[{"pref":"石川県","city":"能美市","town":"能美"}],"0114":[{"pref":"石川県","city":"能美市","town":"浜開発町"}],"0124":[{"pref":"石川県","city":"能美市","town":"浜町"}],"0107":[{"pref":"石川県","city":"能美市","town":"福岡町"}],"0112":[{"pref":"石川県","city":"能美市","town":"福島町"}],"0126":[{"pref":"石川県","city":"能美市","town":"山口町"}],"0121":[{"pref":"石川県","city":"能美市","town":"吉原釜屋町"}],"0111":[{"pref":"石川県","city":"能美市","town":"吉原町"}],"0300":[{"pref":"石川県","city":"河北郡津幡町","town":"以下に掲載がない場合"}],"0437":[{"pref":"石川県","city":"河北郡津幡町","town":"相窪"}],"0324":[{"pref":"石川県","city":"河北郡津幡町","town":"浅田"}],"0436":[{"pref":"石川県","city":"河北郡津幡町","town":"朝日畑"}],"0447":[{"pref":"石川県","city":"河北郡津幡町","town":"旭山"}],"0344":[{"pref":"石川県","city":"河北郡津幡町","town":"浅谷"}],"0403":[{"pref":"石川県","city":"河北郡津幡町","town":"莇谷"}],"0311":[{"pref":"石川県","city":"河北郡津幡町","town":"池ケ原"}],"0462":[{"pref":"石川県","city":"河北郡津幡町","town":"市谷"}],"0335":[{"pref":"石川県","city":"河北郡津幡町","town":"井上の荘"}],"0445":[{"pref":"石川県","city":"河北郡津幡町","town":"井野河内"}],"0453":[{"pref":"石川県","city":"河北郡津幡町","town":"岩崎"}],"0303":[{"pref":"石川県","city":"河北郡津幡町","town":"牛首"}],"0301":[{"pref":"石川県","city":"河北郡津幡町","town":"瓜生"}],"0405":[{"pref":"石川県","city":"河北郡津幡町","town":"上野"}],"0415":[{"pref":"石川県","city":"河北郡津幡町","town":"越中坂"}],"0431":[{"pref":"石川県","city":"河北郡津幡町","town":"大窪"}],"0345":[{"pref":"石川県","city":"河北郡津幡町","town":"太田"}],"0442":[{"pref":"石川県","city":"河北郡津幡町","town":"大坪"}],"0404":[{"pref":"石川県","city":"河北郡津幡町","town":"大畠"}],"0467":[{"pref":"石川県","city":"河北郡津幡町","town":"大熊"}],"0325":[{"pref":"石川県","city":"河北郡津幡町","town":"加賀爪"}],"0402":[{"pref":"石川県","city":"河北郡津幡町","town":"笠池ケ原"}],"0346":[{"pref":"石川県","city":"河北郡津幡町","town":"潟端"}],"0309":[{"pref":"石川県","city":"河北郡津幡町","town":"上大田"}],"0304":[{"pref":"石川県","city":"河北郡津幡町","town":"上河合"}],"0422":[{"pref":"石川県","city":"河北郡津幡町","town":"上藤又"}],"0314":[{"pref":"石川県","city":"河北郡津幡町","town":"上矢田"}],"0321":[{"pref":"石川県","city":"河北郡津幡町","town":"加茂"}],"0416":[{"pref":"石川県","city":"河北郡津幡町","town":"刈安"}],"0334":[{"pref":"石川県","city":"河北郡津幡町","town":"川尻"}],"0411":[{"pref":"石川県","city":"河北郡津幡町","town":"河内"}],"0342":[{"pref":"石川県","city":"河北郡津幡町","town":"北中条"}],"0432":[{"pref":"石川県","city":"河北郡津幡町","town":"北横根"}],"0302":[{"pref":"石川県","city":"河北郡津幡町","town":"木ノ窪"}],"0306":[{"pref":"石川県","city":"河北郡津幡町","town":"興津"}],"0455":[{"pref":"石川県","city":"河北郡津幡町","town":"倉見"}],"0413":[{"pref":"石川県","city":"河北郡津幡町","town":"倶利伽羅"}],"0444":[{"pref":"石川県","city":"河北郡津幡町","town":"仮生"}],"0333":[{"pref":"石川県","city":"河北郡津幡町","town":"五反田"}],"0328":[{"pref":"石川県","city":"河北郡津幡町","town":"湖東"},{"pref":"石川県","city":"河北郡津幡町","town":"舟橋"}],"0406":[{"pref":"石川県","city":"河北郡津幡町","town":"籠月"}],"0312":[{"pref":"石川県","city":"河北郡津幡町","town":"小熊"}],"0435":[{"pref":"石川県","city":"河北郡津幡町","town":"材木"}],"0417":[{"pref":"石川県","city":"河北郡津幡町","town":"坂戸"}],"0456":[{"pref":"石川県","city":"河北郡津幡町","town":"七黒"}],"0425":[{"pref":"石川県","city":"河北郡津幡町","town":"七野"}],"0326":[{"pref":"石川県","city":"河北郡津幡町","town":"清水"}],"0305":[{"pref":"石川県","city":"河北郡津幡町","town":"下河合"}],"0423":[{"pref":"石川県","city":"河北郡津幡町","town":"下中"}],"0424":[{"pref":"石川県","city":"河北郡津幡町","town":"下藤又"}],"0315":[{"pref":"石川県","city":"河北郡津幡町","town":"下矢田"}],"0327":[{"pref":"石川県","city":"河北郡津幡町","town":"庄"}],"0434":[{"pref":"石川県","city":"河北郡津幡町","town":"常徳"},{"pref":"石川県","city":"河北郡津幡町","town":"舟尾"}],"0454":[{"pref":"石川県","city":"河北郡津幡町","town":"杉瀬"}],"0426":[{"pref":"石川県","city":"河北郡津幡町","town":"竹橋"}],"0307":[{"pref":"石川県","city":"河北郡津幡町","town":"種"},{"pref":"石川県","city":"河北郡津幡町","town":"平野"}],"0452":[{"pref":"石川県","city":"河北郡津幡町","town":"田屋"}],"0412":[{"pref":"石川県","city":"河北郡津幡町","town":"九折"}],"0323":[{"pref":"石川県","city":"河北郡津幡町","town":"津幡"}],"0427":[{"pref":"石川県","city":"河北郡津幡町","town":"富田"}],"0465":[{"pref":"石川県","city":"河北郡津幡町","town":"鳥越"}],"0407":[{"pref":"石川県","city":"河北郡津幡町","town":"鳥屋尾"}],"0332":[{"pref":"石川県","city":"河北郡津幡町","town":"中須加"}],"0331":[{"pref":"石川県","city":"河北郡津幡町","town":"中橋"}],"0313":[{"pref":"石川県","city":"河北郡津幡町","town":"中山"}],"0319":[{"pref":"石川県","city":"河北郡津幡町","town":"能瀬"}],"0461":[{"pref":"石川県","city":"河北郡津幡町","town":"八ノ谷"}],"0421":[{"pref":"石川県","city":"河北郡津幡町","town":"原"}],"0441":[{"pref":"石川県","city":"河北郡津幡町","town":"東荒屋"}],"0401":[{"pref":"石川県","city":"河北郡津幡町","town":"彦太郎畠"}],"0443":[{"pref":"石川県","city":"河北郡津幡町","town":"別所"}],"0308":[{"pref":"石川県","city":"河北郡津幡町","town":"菩提寺"}],"0316":[{"pref":"石川県","city":"河北郡津幡町","town":"御門"}],"0322":[{"pref":"石川県","city":"河北郡津幡町","town":"緑が丘"}],"0343":[{"pref":"石川県","city":"河北郡津幡町","town":"南中条"}],"0433":[{"pref":"石川県","city":"河北郡津幡町","town":"南横根"}],"0451":[{"pref":"石川県","city":"河北郡津幡町","town":"宮田"}],"0446":[{"pref":"石川県","city":"河北郡津幡町","town":"明神"}],"0317":[{"pref":"石川県","city":"河北郡津幡町","town":"谷内"}],"0414":[{"pref":"石川県","city":"河北郡津幡町","town":"山森"}],"0464":[{"pref":"石川県","city":"河北郡津幡町","town":"山北"}],"0341":[{"pref":"石川県","city":"河北郡津幡町","town":"横浜"}],"0466":[{"pref":"石川県","city":"河北郡津幡町","town":"吉倉"}],"0318":[{"pref":"石川県","city":"河北郡津幡町","town":"領家"}],"0463":[{"pref":"石川県","city":"河北郡津幡町","town":"蓮花寺"}]}