{"0000":[{"pref":"埼玉県","city":"熊谷市","town":"以下に掲載がない場合"}],"0826":[{"pref":"埼玉県","city":"熊谷市","town":"赤城町"}],"0033":[{"pref":"埼玉県","city":"熊谷市","town":"曙町"}],"0231":[{"pref":"埼玉県","city":"熊谷市","town":"飯塚"}],"0011":[{"pref":"埼玉県","city":"熊谷市","town":"池上"}],"0816":[{"pref":"埼玉県","city":"熊谷市","town":"石原"}],"0821":[{"pref":"埼玉県","city":"熊谷市","town":"伊勢町"}],"0105":[{"pref":"埼玉県","city":"熊谷市","town":"板井"}],"0236":[{"pref":"埼玉県","city":"熊谷市","town":"市ノ坪"}],"0005":[{"pref":"埼玉県","city":"熊谷市","town":"今井"}],"0212":[{"pref":"埼玉県","city":"熊谷市","town":"江波"}],"0823":[{"pref":"埼玉県","city":"熊谷市","town":"榎町"}],"0813":[{"pref":"埼玉県","city":"熊谷市","town":"円光"}],"0103":[{"pref":"埼玉県","city":"熊谷市","town":"小江川"}],"0835":[{"pref":"埼玉県","city":"熊谷市","town":"大麻生"}],"0025":[{"pref":"埼玉県","city":"熊谷市","town":"太井"}],"0002":[{"pref":"埼玉県","city":"熊谷市","town":"大塚"}],"0221":[{"pref":"埼玉県","city":"熊谷市","town":"大野"}],"0812":[{"pref":"埼玉県","city":"熊谷市","town":"大原"}],"0111":[{"pref":"埼玉県","city":"熊谷市","town":"押切"}],"0017":[{"pref":"埼玉県","city":"熊谷市","town":"小曽根"}],"0242":[{"pref":"埼玉県","city":"熊谷市","town":"男沼"}],"0803":[{"pref":"埼玉県","city":"熊谷市","town":"柿沼"}],"0847":[{"pref":"埼玉県","city":"熊谷市","town":"籠原南"}],"0046":[{"pref":"埼玉県","city":"熊谷市","town":"鎌倉町"}],"0234":[{"pref":"埼玉県","city":"熊谷市","town":"上江袋"}],"0125":[{"pref":"埼玉県","city":"熊谷市","town":"上恩田"}],"0004":[{"pref":"埼玉県","city":"熊谷市","town":"上川上"}],"0117":[{"pref":"埼玉県","city":"熊谷市","town":"上新田"}],"0213":[{"pref":"埼玉県","city":"熊谷市","town":"上須戸"}],"0001":[{"pref":"埼玉県","city":"熊谷市","town":"上中条"}],"0805":[{"pref":"埼玉県","city":"熊谷市","town":"上奈良"}],"0217":[{"pref":"埼玉県","city":"熊谷市","town":"上根"}],"0012":[{"pref":"埼玉県","city":"熊谷市","town":"上之"}],"0837":[{"pref":"埼玉県","city":"熊谷市","town":"川原明戸"}],"0035":[{"pref":"埼玉県","city":"熊谷市","town":"河原町"}],"0136":[{"pref":"埼玉県","city":"熊谷市","town":"吉所敷"}],"0032":[{"pref":"埼玉県","city":"熊谷市","town":"銀座"}],"0026":[{"pref":"埼玉県","city":"熊谷市","town":"久下"}],"0222":[{"pref":"埼玉県","city":"熊谷市","town":"葛和田"}],"0131":[{"pref":"埼玉県","city":"熊谷市","town":"屈戸"}],"0831":[{"pref":"埼玉県","city":"熊谷市","town":"久保島"}],"0016":[{"pref":"埼玉県","city":"熊谷市","town":"熊谷"}],"0122":[{"pref":"埼玉県","city":"熊谷市","town":"小泉"}],"0015":[{"pref":"埼玉県","city":"熊谷市","town":"肥塚"}],"0114":[{"pref":"埼玉県","city":"熊谷市","town":"江南中央"}],"0832":[{"pref":"埼玉県","city":"熊谷市","town":"小島"}],"0036":[{"pref":"埼玉県","city":"熊谷市","town":"桜木町"}],"0814":[{"pref":"埼玉県","city":"熊谷市","town":"桜町"}],"0023":[{"pref":"埼玉県","city":"熊谷市","town":"佐谷田"}],"0104":[{"pref":"埼玉県","city":"熊谷市","town":"塩"}],"0106":[{"pref":"埼玉県","city":"熊谷市","town":"柴"}],"0006":[{"pref":"埼玉県","city":"熊谷市","town":"四方寺"}],"0123":[{"pref":"埼玉県","city":"熊谷市","town":"下恩田"}],"0003":[{"pref":"埼玉県","city":"熊谷市","town":"下川上"}],"0802":[{"pref":"埼玉県","city":"熊谷市","town":"下奈良"}],"0851":[{"pref":"埼玉県","city":"熊谷市","town":"下増田"}],"0846":[{"pref":"埼玉県","city":"熊谷市","town":"拾六間"}],"0027":[{"pref":"埼玉県","city":"熊谷市","town":"新川"}],"0031":[{"pref":"埼玉県","city":"熊谷市","town":"末広"}],"0102":[{"pref":"埼玉県","city":"熊谷市","town":"須賀広"}],"0834":[{"pref":"埼玉県","city":"熊谷市","town":"瀬南"}],"0211":[{"pref":"埼玉県","city":"熊谷市","town":"善ケ島"}],"0107":[{"pref":"埼玉県","city":"熊谷市","town":"千代"}],"0804":[{"pref":"埼玉県","city":"熊谷市","town":"代"}],"0134":[{"pref":"埼玉県","city":"熊谷市","town":"高本"}],"0855":[{"pref":"埼玉県","city":"熊谷市","town":"高柳"}],"0215":[{"pref":"埼玉県","city":"熊谷市","town":"田島"}],"0853":[{"pref":"埼玉県","city":"熊谷市","town":"玉井"}],"0854":[{"pref":"埼玉県","city":"熊谷市","town":"玉井南"}],"0223":[{"pref":"埼玉県","city":"熊谷市","town":"俵瀬"}],"0018":[{"pref":"埼玉県","city":"熊谷市","town":"中央"}],"0825":[{"pref":"埼玉県","city":"熊谷市","town":"月見町"}],"0037":[{"pref":"埼玉県","city":"熊谷市","town":"筑波"}],"0132":[{"pref":"埼玉県","city":"熊谷市","town":"津田新田"}],"0244":[{"pref":"埼玉県","city":"熊谷市","town":"出来島"}],"0121":[{"pref":"埼玉県","city":"熊谷市","town":"手島"}],"0232":[{"pref":"埼玉県","city":"熊谷市","town":"道ケ谷戸"}],"0022":[{"pref":"埼玉県","city":"熊谷市","town":"戸出"}],"0024":[{"pref":"埼玉県","city":"熊谷市","town":"問屋町"}],"0237":[{"pref":"埼玉県","city":"熊谷市","town":"永井太田"}],"0124":[{"pref":"埼玉県","city":"熊谷市","town":"中恩田"}],"0133":[{"pref":"埼玉県","city":"熊谷市","town":"中曽根"}],"0047":[{"pref":"埼玉県","city":"熊谷市","town":"仲町"}],"0801":[{"pref":"埼玉県","city":"熊谷市","town":"中奈良"}],"0013":[{"pref":"埼玉県","city":"熊谷市","town":"中西"}],"0806":[{"pref":"埼玉県","city":"熊谷市","town":"奈良新田"}],"0115":[{"pref":"埼玉県","city":"熊谷市","town":"成沢"}],"0817":[{"pref":"埼玉県","city":"熊谷市","town":"新島"}],"0841":[{"pref":"埼玉県","city":"熊谷市","town":"新堀"}],"0842":[{"pref":"埼玉県","city":"熊谷市","town":"新堀新田"}],"0214":[{"pref":"埼玉県","city":"熊谷市","town":"西城"}],"0216":[{"pref":"埼玉県","city":"熊谷市","town":"西野"}],"0857":[{"pref":"埼玉県","city":"熊谷市","town":"西別府"}],"0135":[{"pref":"埼玉県","city":"熊谷市","town":"沼黒"}],"0101":[{"pref":"埼玉県","city":"熊谷市","town":"野原"}],"0014":[{"pref":"埼玉県","city":"熊谷市","town":"箱田"}],"0235":[{"pref":"埼玉県","city":"熊谷市","town":"原井"}],"0811":[{"pref":"埼玉県","city":"熊谷市","town":"原島"}],"0852":[{"pref":"埼玉県","city":"熊谷市","town":"東別府"}],"0224":[{"pref":"埼玉県","city":"熊谷市","town":"日向"}],"0112":[{"pref":"埼玉県","city":"熊谷市","town":"樋春"}],"0163":[{"pref":"埼玉県","city":"熊谷市","town":"平塚新田"}],"0021":[{"pref":"埼玉県","city":"熊谷市","town":"平戸"}],"0833":[{"pref":"埼玉県","city":"熊谷市","town":"広瀬"}],"0836":[{"pref":"埼玉県","city":"熊谷市","town":"武体"}],"0856":[{"pref":"埼玉県","city":"熊谷市","town":"別府"}],"0225":[{"pref":"埼玉県","city":"熊谷市","town":"弁財"}],"0043":[{"pref":"埼玉県","city":"熊谷市","town":"星川"}],"0815":[{"pref":"埼玉県","city":"熊谷市","town":"本石"}],"0042":[{"pref":"埼玉県","city":"熊谷市","town":"本町"}],"0161":[{"pref":"埼玉県","city":"熊谷市","town":"万吉"}],"0243":[{"pref":"埼玉県","city":"熊谷市","town":"間々田"}],"0034":[{"pref":"埼玉県","city":"熊谷市","town":"万平町"}],"0844":[{"pref":"埼玉県","city":"熊谷市","town":"御稜威ケ原"}],"0843":[{"pref":"埼玉県","city":"熊谷市","town":"三ケ尻"}],"0113":[{"pref":"埼玉県","city":"熊谷市","town":"御正新田"}],"0116":[{"pref":"埼玉県","city":"熊谷市","town":"三本"}],"0845":[{"pref":"埼玉県","city":"熊谷市","town":"美土里町"}],"0824":[{"pref":"埼玉県","city":"熊谷市","town":"見晴町"}],"0041":[{"pref":"埼玉県","city":"熊谷市","town":"宮町"}],"0045":[{"pref":"埼玉県","city":"熊谷市","town":"宮前町"}],"0822":[{"pref":"埼玉県","city":"熊谷市","town":"宮本町"}],"0162":[{"pref":"埼玉県","city":"熊谷市","town":"村岡"}],"0201":[{"pref":"埼玉県","city":"熊谷市","town":"妻沼"}],"0245":[{"pref":"埼玉県","city":"熊谷市","town":"妻沼小島"}],"0241":[{"pref":"埼玉県","city":"熊谷市","town":"妻沼台"}],"0204":[{"pref":"埼玉県","city":"熊谷市","town":"妻沼中央"}],"0238":[{"pref":"埼玉県","city":"熊谷市","town":"妻沼西"}],"0202":[{"pref":"埼玉県","city":"熊谷市","town":"妻沼東"}],"0164":[{"pref":"埼玉県","city":"熊谷市","town":"楊井"}],"0233":[{"pref":"埼玉県","city":"熊谷市","town":"八木田"}],"0218":[{"pref":"埼玉県","city":"熊谷市","town":"八ツ口"}],"0203":[{"pref":"埼玉県","city":"熊谷市","town":"弥藤吾"}],"0044":[{"pref":"埼玉県","city":"熊谷市","town":"弥生"}]}