{"1151":[{"pref":"長崎県","city":"佐世保市","town":"日宇町"}],"1152":[{"pref":"長崎県","city":"佐世保市","town":"黒髪町"}],"1153":[{"pref":"長崎県","city":"佐世保市","town":"もみじが丘町"}],"1161":[{"pref":"長崎県","city":"佐世保市","town":"大塔町"}],"1162":[{"pref":"長崎県","city":"佐世保市","town":"卸本町"}],"1163":[{"pref":"長崎県","city":"佐世保市","town":"大岳台町"}],"1164":[{"pref":"長崎県","city":"佐世保市","town":"白岳町"}],"1165":[{"pref":"長崎県","city":"佐世保市","town":"大和町"}],"1166":[{"pref":"長崎県","city":"佐世保市","town":"木風町"}],"1167":[{"pref":"長崎県","city":"佐世保市","town":"ひうみ町"}],"1171":[{"pref":"長崎県","city":"佐世保市","town":"沖新町"}],"1172":[{"pref":"長崎県","city":"佐世保市","town":"東浜町"}],"1173":[{"pref":"長崎県","city":"佐世保市","town":"十郎新町"}],"1174":[{"pref":"長崎県","city":"佐世保市","town":"天神"}],"1175":[{"pref":"長崎県","city":"佐世保市","town":"天神町"}],"1176":[{"pref":"長崎県","city":"佐世保市","town":"崎辺町"}],"1231":[{"pref":"長崎県","city":"佐世保市","town":"船越町"}],"1232":[{"pref":"長崎県","city":"佐世保市","town":"下船越町"}],"1233":[{"pref":"長崎県","city":"佐世保市","town":"庵浦町"}],"1234":[{"pref":"長崎県","city":"佐世保市","town":"野崎町"}],"1235":[{"pref":"長崎県","city":"佐世保市","town":"俵ケ浦町"}],"2221":[{"pref":"長崎県","city":"西海市","town":"西海町中浦南郷"}],"2222":[{"pref":"長崎県","city":"西海市","town":"西海町中浦北郷"}],"2223":[{"pref":"長崎県","city":"西海市","town":"西海町七釜郷"}],"2301":[{"pref":"長崎県","city":"西海市","town":"大瀬戸町瀬戸板浦郷"}],"2302":[{"pref":"長崎県","city":"西海市","town":"大瀬戸町瀬戸樫浦郷"}],"2303":[{"pref":"長崎県","city":"西海市","town":"大瀬戸町瀬戸西濱郷"}],"2304":[{"pref":"長崎県","city":"西海市","town":"大瀬戸町瀬戸下山郷"}],"2305":[{"pref":"長崎県","city":"西海市","town":"大瀬戸町瀬戸羽出川郷"}],"2306":[{"pref":"長崎県","city":"西海市","town":"大瀬戸町瀬戸東濱郷"}],"2307":[{"pref":"長崎県","city":"西海市","town":"大瀬戸町瀬戸福島郷"}],"2311":[{"pref":"長崎県","city":"西海市","town":"大瀬戸町多以良外郷"}],"2312":[{"pref":"長崎県","city":"西海市","town":"大瀬戸町多以良内郷"}],"2321":[{"pref":"長崎県","city":"西海市","town":"大瀬戸町雪浦幸物郷"}],"2322":[{"pref":"長崎県","city":"西海市","town":"大瀬戸町雪浦久良木郷"}],"2323":[{"pref":"長崎県","city":"西海市","town":"大瀬戸町雪浦河通郷"}],"2324":[{"pref":"長崎県","city":"西海市","town":"大瀬戸町雪浦奥浦郷"}],"2325":[{"pref":"長崎県","city":"西海市","town":"大瀬戸町雪浦小松郷"}],"2326":[{"pref":"長崎県","city":"西海市","town":"大瀬戸町雪浦下郷"}],"2327":[{"pref":"長崎県","city":"西海市","town":"大瀬戸町雪浦上郷"}],"2328":[{"pref":"長崎県","city":"西海市","town":"大瀬戸町雪浦下釜郷"}],"2401":[{"pref":"長崎県","city":"西海市","town":"大島町黒瀬"}],"2402":[{"pref":"長崎県","city":"西海市","town":"大島町内浦地区"}],"2403":[{"pref":"長崎県","city":"西海市","town":"大島町馬込"}],"2405":[{"pref":"長崎県","city":"西海市","town":"大島町中央地区"}],"2411":[{"pref":"長崎県","city":"西海市","town":"大島町寺島"}],"2412":[{"pref":"長崎県","city":"西海市","town":"大島町真砂"}],"2413":[{"pref":"長崎県","city":"西海市","town":"大島町間瀬"}],"2417":[{"pref":"長崎県","city":"西海市","town":"大島町百合が丘"}],"2418":[{"pref":"長崎県","city":"西海市","town":"大島町徳万"}],"2419":[{"pref":"長崎県","city":"西海市","town":"大島町蛤"}],"2421":[{"pref":"長崎県","city":"西海市","town":"大島町中戸"}],"2422":[{"pref":"長崎県","city":"西海市","town":"大島町太田尾"}],"2423":[{"pref":"長崎県","city":"西海市","town":"大島町塔尾"}],"2424":[{"pref":"長崎県","city":"西海市","town":"大島町塩田"}],"2425":[{"pref":"長崎県","city":"西海市","town":"大島町田浦"}],"2426":[{"pref":"長崎県","city":"西海市","town":"大島町大島"}],"2427":[{"pref":"長崎県","city":"西海市","town":"大島町の次に番地がくる場合"}],"2531":[{"pref":"長崎県","city":"西海市","town":"大瀬戸町松島内郷"}],"2532":[{"pref":"長崎県","city":"西海市","town":"大瀬戸町松島外郷"}],"3101":[{"pref":"長崎県","city":"西海市","town":"崎戸町蠣浦郷"}],"3102":[{"pref":"長崎県","city":"西海市","town":"崎戸町本郷"}],"3103":[{"pref":"長崎県","city":"西海市","town":"崎戸町江島"}],"3271":[{"pref":"長崎県","city":"佐世保市","town":"黒島町"}],"3311":[{"pref":"長崎県","city":"西海市","town":"崎戸町平島"}],"4101":[{"pref":"長崎県","city":"南松浦郡新上五島町","town":"赤尾郷"}],"4102":[{"pref":"長崎県","city":"南松浦郡新上五島町","town":"友住郷"}],"4103":[{"pref":"長崎県","city":"南松浦郡新上五島町","town":"江ノ浜郷"}],"4211":[{"pref":"長崎県","city":"南松浦郡新上五島町","town":"有川郷"}],"4212":[{"pref":"長崎県","city":"南松浦郡新上五島町","town":"小河原郷"}],"4213":[{"pref":"長崎県","city":"南松浦郡新上五島町","town":"太田郷"}],"4214":[{"pref":"長崎県","city":"南松浦郡新上五島町","town":"七目郷"}],"4400":[{"pref":"長崎県","city":"南松浦郡新上五島町","town":"以下に掲載がない場合"}],"4401":[{"pref":"長崎県","city":"南松浦郡新上五島町","town":"網上郷"}],"4402":[{"pref":"長崎県","city":"南松浦郡新上五島町","town":"奈摩郷"}],"4404":[{"pref":"長崎県","city":"南松浦郡新上五島町","town":"青方郷"}],"4405":[{"pref":"長崎県","city":"南松浦郡新上五島町","town":"船崎郷"}],"4411":[{"pref":"長崎県","city":"南松浦郡新上五島町","town":"相河郷"}],"4412":[{"pref":"長崎県","city":"南松浦郡新上五島町","town":"三日ノ浦郷"}],"4413":[{"pref":"長崎県","city":"南松浦郡新上五島町","town":"今里郷"}],"4414":[{"pref":"長崎県","city":"南松浦郡新上五島町","town":"飯ノ瀬戸郷"}],"4415":[{"pref":"長崎県","city":"南松浦郡新上五島町","town":"続浜ノ浦郷"}],"4416":[{"pref":"長崎県","city":"南松浦郡新上五島町","town":"道土井郷"}],"4511":[{"pref":"長崎県","city":"南松浦郡新上五島町","town":"浦桑郷"}],"4512":[{"pref":"長崎県","city":"南松浦郡新上五島町","town":"榎津郷"}],"4513":[{"pref":"長崎県","city":"南松浦郡新上五島町","town":"丸尾郷"}],"4514":[{"pref":"長崎県","city":"南松浦郡新上五島町","town":"似首郷"}],"4601":[{"pref":"長崎県","city":"南松浦郡新上五島町","town":"小串郷"}],"4602":[{"pref":"長崎県","city":"南松浦郡新上五島町","town":"曽根郷"}],"4603":[{"pref":"長崎県","city":"南松浦郡新上五島町","town":"立串郷"}],"4604":[{"pref":"長崎県","city":"南松浦郡新上五島町","town":"津和崎郷"}],"4700":[{"pref":"長崎県","city":"北松浦郡小値賀町","town":"以下に掲載がない場合"}],"4701":[{"pref":"長崎県","city":"北松浦郡小値賀町","town":"笛吹郷"}],"4702":[{"pref":"長崎県","city":"北松浦郡小値賀町","town":"前方郷"}],"4703":[{"pref":"長崎県","city":"北松浦郡小値賀町","town":"中村郷"}],"4704":[{"pref":"長崎県","city":"北松浦郡小値賀町","town":"柳郷"}],"4705":[{"pref":"長崎県","city":"北松浦郡小値賀町","town":"浜津郷"}],"4706":[{"pref":"長崎県","city":"北松浦郡小値賀町","town":"黒島郷"}],"4707":[{"pref":"長崎県","city":"北松浦郡小値賀町","town":"班島郷"}],"4708":[{"pref":"長崎県","city":"北松浦郡小値賀町","town":"大島郷"}],"4709":[{"pref":"長崎県","city":"北松浦郡小値賀町","town":"野崎郷"}],"4711":[{"pref":"長崎県","city":"北松浦郡小値賀町","town":"納島郷"}],"4712":[{"pref":"長崎県","city":"北松浦郡小値賀町","town":"六島郷"}],"4811":[{"pref":"長崎県","city":"佐世保市","town":"宇久町神浦"}],"4812":[{"pref":"長崎県","city":"佐世保市","town":"宇久町小浜"}],"4813":[{"pref":"長崎県","city":"佐世保市","town":"宇久町飯良"}],"4814":[{"pref":"長崎県","city":"佐世保市","town":"宇久町本飯良"}],"4815":[{"pref":"長崎県","city":"佐世保市","town":"宇久町大久保"}],"4816":[{"pref":"長崎県","city":"佐世保市","town":"宇久町寺島"}],"4901":[{"pref":"長崎県","city":"佐世保市","town":"宇久町平"}],"4902":[{"pref":"長崎県","city":"佐世保市","town":"宇久町野方"}],"4903":[{"pref":"長崎県","city":"佐世保市","town":"宇久町太田江"}],"4904":[{"pref":"長崎県","city":"佐世保市","town":"宇久町木場"}],"0071":[{"pref":"長崎県","city":"長崎市","town":"池島町"}],"0000":[{"pref":"長崎県","city":"佐世保市","town":"以下に掲載がない場合"}],"0044":[{"pref":"長崎県","city":"佐世保市","town":"相生町"}],"0013":[{"pref":"長崎県","city":"佐世保市","town":"赤木町"}],"0064":[{"pref":"長崎県","city":"佐世保市","town":"赤崎町"}],"0431":[{"pref":"長崎県","city":"佐世保市","town":"浅子町"}],"0037":[{"pref":"長崎県","city":"佐世保市","town":"石坂町"}],"0057":[{"pref":"長崎県","city":"佐世保市","town":"泉町"}],"0851":[{"pref":"長崎県","city":"佐世保市","town":"稲荷町"}],"0061":[{"pref":"長崎県","city":"佐世保市","town":"今福町"}],"0069":[{"pref":"長崎県","city":"佐世保市","town":"鵜渡越町"}],"0017":[{"pref":"長崎県","city":"佐世保市","town":"梅田町"}],"0058":[{"pref":"長崎県","city":"佐世保市","town":"上町"}],"0001":[{"pref":"長崎県","city":"佐世保市","town":"烏帽子町"}],"0131":[{"pref":"長崎県","city":"佐世保市","town":"大野町"}],"0841":[{"pref":"長崎県","city":"佐世保市","town":"大宮町"}],"0146":[{"pref":"長崎県","city":"佐世保市","town":"小川内町"}],"0065":[{"pref":"長崎県","city":"佐世保市","town":"小野町（１２００～１４９９番地）"}],"0021":[{"pref":"長崎県","city":"佐世保市","town":"折橋町"}],"0144":[{"pref":"長崎県","city":"佐世保市","town":"皆瀬町"}],"0011":[{"pref":"長崎県","city":"佐世保市","town":"春日町"}],"0803":[{"pref":"長崎県","city":"佐世保市","town":"勝富町"}],"0872":[{"pref":"長崎県","city":"佐世保市","town":"上京町"}],"0067":[{"pref":"長崎県","city":"佐世保市","town":"神島町"}],"0126":[{"pref":"長崎県","city":"佐世保市","town":"上柚木町"}],"0123":[{"pref":"長崎県","city":"佐世保市","town":"川谷町"}],"0801":[{"pref":"長崎県","city":"佐世保市","town":"祇園町"}],"0874":[{"pref":"長崎県","city":"佐世保市","town":"京坪町"}],"0121":[{"pref":"長崎県","city":"佐世保市","town":"潜木町"}],"0104":[{"pref":"長崎県","city":"佐世保市","town":"楠木町"}],"0025":[{"pref":"長崎県","city":"佐世保市","town":"熊野町"}],"0805":[{"pref":"長崎県","city":"佐世保市","town":"光月町"}],"0802":[{"pref":"長崎県","city":"佐世保市","town":"高天町"}],"0403":[{"pref":"長崎県","city":"佐世保市","town":"小佐々町臼ノ浦"}],"0413":[{"pref":"長崎県","city":"佐世保市","town":"小佐々町楠泊"}],"0401":[{"pref":"長崎県","city":"佐世保市","town":"小佐々町黒石"}],"0402":[{"pref":"長崎県","city":"佐世保市","town":"小佐々町小坂"}],"0411":[{"pref":"長崎県","city":"佐世保市","town":"小佐々町岳ノ木場"}],"0404":[{"pref":"長崎県","city":"佐世保市","town":"小佐々町田原"}],"0405":[{"pref":"長崎県","city":"佐世保市","town":"小佐々町葛籠"}],"0412":[{"pref":"長崎県","city":"佐世保市","town":"小佐々町西川内"}],"0406":[{"pref":"長崎県","city":"佐世保市","town":"小佐々町平原"}],"0414":[{"pref":"長崎県","city":"佐世保市","town":"小佐々町矢岳"}],"0813":[{"pref":"長崎県","city":"佐世保市","town":"小佐世保町"}],"0066":[{"pref":"長崎県","city":"佐世保市","town":"小島町"}],"0041":[{"pref":"長崎県","city":"佐世保市","town":"木場田町"}],"0114":[{"pref":"長崎県","city":"佐世保市","town":"小舟町"}],"0106":[{"pref":"長崎県","city":"佐世保市","town":"菰田町"}],"0062":[{"pref":"長崎県","city":"佐世保市","town":"金比良町"}],"0054":[{"pref":"長崎県","city":"佐世保市","town":"栄町"}],"0012":[{"pref":"長崎県","city":"佐世保市","town":"桜木町"}],"0122":[{"pref":"長崎県","city":"佐世保市","town":"里美町"}],"0876":[{"pref":"長崎県","city":"佐世保市","town":"塩浜町"}],"0834":[{"pref":"長崎県","city":"佐世保市","town":"潮見町"}],"0806":[{"pref":"長崎県","city":"佐世保市","town":"島瀬町"}],"0879":[{"pref":"長崎県","city":"佐世保市","town":"島地町"}],"0036":[{"pref":"長崎県","city":"佐世保市","town":"清水町"}],"0113":[{"pref":"長崎県","city":"佐世保市","town":"下宇戸町"}],"0875":[{"pref":"長崎県","city":"佐世保市","town":"下京町"}],"0821":[{"pref":"長崎県","city":"佐世保市","town":"白木町"}],"0105":[{"pref":"長崎県","city":"佐世保市","town":"白仁田町"}],"0862":[{"pref":"長崎県","city":"佐世保市","town":"白南風町"}],"0033":[{"pref":"長崎県","city":"佐世保市","town":"城山町"}],"0855":[{"pref":"長崎県","city":"佐世保市","town":"新港町"}],"0812":[{"pref":"長崎県","city":"佐世保市","town":"須佐町"}],"0831":[{"pref":"長崎県","city":"佐世保市","town":"須田尾町"}],"0134":[{"pref":"長崎県","city":"佐世保市","town":"瀬戸越"}],"0135":[{"pref":"長崎県","city":"佐世保市","town":"瀬戸越町"}],"0045":[{"pref":"長崎県","city":"佐世保市","town":"園田町"}],"0843":[{"pref":"長崎県","city":"佐世保市","town":"大黒町"}],"0042":[{"pref":"長崎県","city":"佐世保市","town":"高砂町"}],"0811":[{"pref":"長崎県","city":"佐世保市","town":"高梨町"}],"0125":[{"pref":"長崎県","city":"佐世保市","town":"高花町"}],"0014":[{"pref":"長崎県","city":"佐世保市","town":"田代町"}],"0063":[{"pref":"長崎県","city":"佐世保市","town":"立神町"}],"0027":[{"pref":"長崎県","city":"佐世保市","town":"谷郷町"}],"0136":[{"pref":"長崎県","city":"佐世保市","town":"田原町"}],"0016":[{"pref":"長崎県","city":"佐世保市","town":"俵町"}],"0101":[{"pref":"長崎県","city":"佐世保市","town":"知見寺町"}],"0111":[{"pref":"長崎県","city":"佐世保市","town":"筒井町"}],"0043":[{"pref":"長崎県","city":"佐世保市","town":"天満町"}],"0124":[{"pref":"長崎県","city":"佐世保市","town":"戸ケ倉町"}],"0053":[{"pref":"長崎県","city":"佐世保市","town":"常盤町"}],"0864":[{"pref":"長崎県","city":"佐世保市","town":"戸尾町"}],"0141":[{"pref":"長崎県","city":"佐世保市","town":"十文野町"}],"0046":[{"pref":"長崎県","city":"佐世保市","town":"長尾町"}],"0038":[{"pref":"長崎県","city":"佐世保市","town":"中通町"}],"0023":[{"pref":"長崎県","city":"佐世保市","town":"名切町"}],"0048":[{"pref":"長崎県","city":"佐世保市","town":"西大久保町"}],"0142":[{"pref":"長崎県","city":"佐世保市","town":"野中町"}],"0028":[{"pref":"長崎県","city":"佐世保市","town":"八幡町"}],"0024":[{"pref":"長崎県","city":"佐世保市","town":"花園町"}],"0051":[{"pref":"長崎県","city":"佐世保市","town":"浜田町"}],"0103":[{"pref":"長崎県","city":"佐世保市","town":"原分町"}],"0049":[{"pref":"長崎県","city":"佐世保市","town":"東大久保町"}],"0842":[{"pref":"長崎県","city":"佐世保市","town":"東山町"}],"0852":[{"pref":"長崎県","city":"佐世保市","town":"干尽町"}],"0056":[{"pref":"長崎県","city":"佐世保市","town":"平瀬町"}],"0040":[{"pref":"長崎県","city":"佐世保市","town":"比良町"}],"0854":[{"pref":"長崎県","city":"佐世保市","town":"福石町"}],"0035":[{"pref":"長崎県","city":"佐世保市","town":"福田町"}],"0832":[{"pref":"長崎県","city":"佐世保市","town":"藤原町"}],"0031":[{"pref":"長崎県","city":"佐世保市","town":"保立町"}],"0853":[{"pref":"長崎県","city":"佐世保市","town":"前畑町"}],"0145":[{"pref":"長崎県","city":"佐世保市","town":"牧の地町"}],"0052":[{"pref":"長崎県","city":"佐世保市","town":"松浦町"}],"0804":[{"pref":"長崎県","city":"佐世保市","town":"松川町"}],"0102":[{"pref":"長崎県","city":"佐世保市","town":"松瀬町"}],"0132":[{"pref":"長崎県","city":"佐世保市","town":"松原町"}],"0015":[{"pref":"長崎県","city":"佐世保市","town":"松山町"}],"0034":[{"pref":"長崎県","city":"佐世保市","town":"万徳町"}],"0863":[{"pref":"長崎県","city":"佐世保市","town":"三浦町"}],"0055":[{"pref":"長崎県","city":"佐世保市","town":"湊町"}],"0861":[{"pref":"長崎県","city":"佐世保市","town":"峰坂町"}],"0068":[{"pref":"長崎県","city":"佐世保市","town":"御船町"}],"0873":[{"pref":"長崎県","city":"佐世保市","town":"宮崎町"}],"0026":[{"pref":"長崎県","city":"佐世保市","town":"宮地町"}],"0032":[{"pref":"長崎県","city":"佐世保市","town":"宮田町"}],"0871":[{"pref":"長崎県","city":"佐世保市","town":"本島町"}],"0059":[{"pref":"長崎県","city":"佐世保市","town":"元町"}],"0047":[{"pref":"長崎県","city":"佐世保市","town":"矢岳町"}],"0878":[{"pref":"長崎県","city":"佐世保市","town":"山県町"}],"0822":[{"pref":"長崎県","city":"佐世保市","town":"山祇町"}],"0022":[{"pref":"長崎県","city":"佐世保市","town":"山手町"}],"0133":[{"pref":"長崎県","city":"佐世保市","town":"矢峰町"}],"0112":[{"pref":"長崎県","city":"佐世保市","town":"柚木町"}],"0115":[{"pref":"長崎県","city":"佐世保市","town":"柚木元町"}],"0018":[{"pref":"長崎県","city":"佐世保市","town":"横尾町"}],"0143":[{"pref":"長崎県","city":"佐世保市","town":"吉岡町"}],"0877":[{"pref":"長崎県","city":"佐世保市","town":"万津町"}],"0833":[{"pref":"長崎県","city":"佐世保市","town":"若葉町"}],"0300":[{"pref":"長崎県","city":"北松浦郡佐々町","town":"以下に掲載がない場合"}],"0334":[{"pref":"長崎県","city":"北松浦郡佐々町","town":"石木場免"}],"0321":[{"pref":"長崎県","city":"北松浦郡佐々町","town":"市瀬免"}],"0312":[{"pref":"長崎県","city":"北松浦郡佐々町","town":"市場免"}],"0323":[{"pref":"長崎県","city":"北松浦郡佐々町","town":"江里免"}],"0324":[{"pref":"長崎県","city":"北松浦郡佐々町","town":"大茂免"}],"0353":[{"pref":"長崎県","city":"北松浦郡佐々町","town":"沖田免"}],"0335":[{"pref":"長崎県","city":"北松浦郡佐々町","town":"皆瀬免"}],"0313":[{"pref":"長崎県","city":"北松浦郡佐々町","town":"鴨川免"}],"0352":[{"pref":"長崎県","city":"北松浦郡佐々町","town":"口石免"}],"0332":[{"pref":"長崎県","city":"北松浦郡佐々町","town":"栗林免"}],"0336":[{"pref":"長崎県","city":"北松浦郡佐々町","town":"神田免"}],"0361":[{"pref":"長崎県","city":"北松浦郡佐々町","town":"小浦免"}],"0343":[{"pref":"長崎県","city":"北松浦郡佐々町","town":"木場免"}],"0315":[{"pref":"長崎県","city":"北松浦郡佐々町","town":"志方免"}],"0351":[{"pref":"長崎県","city":"北松浦郡佐々町","town":"須崎免"}],"0338":[{"pref":"長崎県","city":"北松浦郡佐々町","town":"角山免"}],"0333":[{"pref":"長崎県","city":"北松浦郡佐々町","town":"中川原免"}],"0331":[{"pref":"長崎県","city":"北松浦郡佐々町","town":"野寄免"}],"0341":[{"pref":"長崎県","city":"北松浦郡佐々町","town":"羽須和免"}],"0342":[{"pref":"長崎県","city":"北松浦郡佐々町","town":"平野免"}],"0314":[{"pref":"長崎県","city":"北松浦郡佐々町","town":"古川免"}],"0311":[{"pref":"長崎県","city":"北松浦郡佐々町","town":"本田原免"}],"0322":[{"pref":"長崎県","city":"北松浦郡佐々町","town":"松瀬免"}],"0344":[{"pref":"長崎県","city":"北松浦郡佐々町","town":"迎木場免"}],"0337":[{"pref":"長崎県","city":"北松浦郡佐々町","town":"八口免"}]}