{"0000":[{"pref":"静岡県","city":"富士市","town":"以下に掲載がない場合"}],"0046":[{"pref":"静岡県","city":"富士市","town":"青島"}],"0047":[{"pref":"静岡県","city":"富士市","town":"青島町"}],"0042":[{"pref":"静岡県","city":"富士市","town":"荒田島"}],"0043":[{"pref":"静岡県","city":"富士市","town":"荒田島町"}],"0804":[{"pref":"静岡県","city":"富士市","town":"石井"}],"0862":[{"pref":"静岡県","city":"富士市","town":"石坂"}],"0808":[{"pref":"静岡県","city":"富士市","town":"一色"}],"0846":[{"pref":"静岡県","city":"富士市","town":"今井"}],"0001":[{"pref":"静岡県","city":"富士市","town":"今泉"}],"0802":[{"pref":"静岡県","city":"富士市","town":"今宮"}],"0853":[{"pref":"静岡県","city":"富士市","town":"宇東川東町"}],"0854":[{"pref":"静岡県","city":"富士市","town":"宇東川西町"}],"0805":[{"pref":"静岡県","city":"富士市","town":"鵜無ケ淵"}],"0025":[{"pref":"静岡県","city":"富士市","town":"瓜島"}],"0057":[{"pref":"静岡県","city":"富士市","town":"瓜島町"}],"0811":[{"pref":"静岡県","city":"富士市","town":"江尾"}],"0817":[{"pref":"静岡県","city":"富士市","town":"江尾南"}],"0848":[{"pref":"静岡県","city":"富士市","town":"大野"}],"0845":[{"pref":"静岡県","city":"富士市","town":"大野新田"}],"0801":[{"pref":"静岡県","city":"富士市","town":"大淵"}],"0803":[{"pref":"静岡県","city":"富士市","town":"桑崎"}],"0835":[{"pref":"静岡県","city":"富士市","town":"柏原"}],"0821":[{"pref":"静岡県","city":"富士市","town":"神谷"}],"0822":[{"pref":"静岡県","city":"富士市","town":"神谷新町"}],"0823":[{"pref":"静岡県","city":"富士市","town":"神谷南"}],"0825":[{"pref":"静岡県","city":"富士市","town":"川尻"}],"0824":[{"pref":"静岡県","city":"富士市","town":"川尻東"}],"0071":[{"pref":"静岡県","city":"富士市","town":"国久保"}],"0062":[{"pref":"静岡県","city":"富士市","town":"香西"}],"0063":[{"pref":"静岡県","city":"富士市","town":"香西新田"}],"0807":[{"pref":"静岡県","city":"富士市","town":"神戸"}],"0812":[{"pref":"静岡県","city":"富士市","town":"境"}],"0842":[{"pref":"静岡県","city":"富士市","town":"三新田"}],"0856":[{"pref":"静岡県","city":"富士市","town":"さんどまき"}],"0033":[{"pref":"静岡県","city":"富士市","town":"島田町"}],"0004":[{"pref":"静岡県","city":"富士市","town":"新橋町"}],"0015":[{"pref":"静岡県","city":"富士市","town":"鈴川町"}],"0013":[{"pref":"静岡県","city":"富士市","town":"鈴川中町"}],"0014":[{"pref":"静岡県","city":"富士市","town":"鈴川西町"}],"0012":[{"pref":"静岡県","city":"富士市","town":"鈴川東町"}],"0011":[{"pref":"静岡県","city":"富士市","town":"鈴川本町"}],"0072":[{"pref":"静岡県","city":"富士市","town":"浅間上町"}],"0073":[{"pref":"静岡県","city":"富士市","town":"浅間本町"}],"0048":[{"pref":"静岡県","city":"富士市","town":"高島町"}],"0044":[{"pref":"静岡県","city":"富士市","town":"高嶺町"}],"0031":[{"pref":"静岡県","city":"富士市","town":"田島"}],"0032":[{"pref":"静岡県","city":"富士市","town":"田島新田"}],"0843":[{"pref":"静岡県","city":"富士市","town":"田中新田"}],"0052":[{"pref":"静岡県","city":"富士市","town":"中央町"}],"0034":[{"pref":"静岡県","city":"富士市","town":"津田"}],"0035":[{"pref":"静岡県","city":"富士市","town":"津田町"}],"0061":[{"pref":"静岡県","city":"富士市","town":"伝法"}],"0037":[{"pref":"静岡県","city":"富士市","town":"外木"}],"0832":[{"pref":"静岡県","city":"富士市","town":"中柏原新田"}],"0036":[{"pref":"静岡県","city":"富士市","town":"中河原（６６、８８、９３、１９７、２９２－４、３１５番地）"}],"0826":[{"pref":"静岡県","city":"富士市","town":"中里"}],"0809":[{"pref":"静岡県","city":"富士市","town":"中野"}],"0054":[{"pref":"静岡県","city":"富士市","town":"永田"}],"0058":[{"pref":"静岡県","city":"富士市","town":"永田北町"}],"0055":[{"pref":"静岡県","city":"富士市","town":"永田町"}],"0834":[{"pref":"静岡県","city":"富士市","town":"西柏原新田"}],"0045":[{"pref":"静岡県","city":"富士市","town":"錦町"}],"0814":[{"pref":"静岡県","city":"富士市","town":"西船津"}],"0833":[{"pref":"静岡県","city":"富士市","town":"沼田新田"}],"0852":[{"pref":"静岡県","city":"富士市","town":"原田"}],"0831":[{"pref":"静岡県","city":"富士市","town":"東柏原新田"}],"0847":[{"pref":"静岡県","city":"富士市","town":"比奈"}],"0844":[{"pref":"静岡県","city":"富士市","town":"檜新田"}],"0056":[{"pref":"静岡県","city":"富士市","town":"日乃出町"}],"0861":[{"pref":"静岡県","city":"富士市","town":"広見東本町"}],"0863":[{"pref":"静岡県","city":"富士市","town":"広見西本町"}],"0864":[{"pref":"静岡県","city":"富士市","town":"広見本町"}],"0841":[{"pref":"静岡県","city":"富士市","town":"富士岡"}],"0851":[{"pref":"静岡県","city":"富士市","town":"富士見台"}],"0813":[{"pref":"静岡県","city":"富士市","town":"船津"}],"0806":[{"pref":"静岡県","city":"富士市","town":"間門"}],"0815":[{"pref":"静岡県","city":"富士市","town":"増川"}],"0816":[{"pref":"静岡県","city":"富士市","town":"増川新町"}],"0855":[{"pref":"静岡県","city":"富士市","town":"三ツ沢"}],"0049":[{"pref":"静岡県","city":"富士市","town":"緑町"}],"0026":[{"pref":"静岡県","city":"富士市","town":"南町"}],"0041":[{"pref":"静岡県","city":"富士市","town":"御幸町"}],"0024":[{"pref":"静岡県","city":"富士市","town":"八代町"}],"0064":[{"pref":"静岡県","city":"富士市","town":"弥生"}],"0065":[{"pref":"静岡県","city":"富士市","town":"弥生新田"}],"0051":[{"pref":"静岡県","city":"富士市","town":"吉原"}],"0023":[{"pref":"静岡県","city":"富士市","town":"吉原宝町"}],"0021":[{"pref":"静岡県","city":"富士市","town":"依田原"}],"0053":[{"pref":"静岡県","city":"富士市","town":"依田原新田"}],"0022":[{"pref":"静岡県","city":"富士市","town":"依田原町"}],"0002":[{"pref":"静岡県","city":"富士市","town":"依田橋"}],"0003":[{"pref":"静岡県","city":"富士市","town":"依田橋町"}]}