{"0928":[{"pref":"愛知県","city":"豊田市","town":"生駒町"}],"0935":[{"pref":"愛知県","city":"豊田市","town":"大島町"}],"0902":[{"pref":"愛知県","city":"豊田市","town":"大林町"}],"0931":[{"pref":"愛知県","city":"豊田市","town":"上丘町"}],"0926":[{"pref":"愛知県","city":"豊田市","town":"駒新町"}],"0925":[{"pref":"愛知県","city":"豊田市","town":"駒場町"}],"0905":[{"pref":"愛知県","city":"豊田市","town":"住吉町"}],"0921":[{"pref":"愛知県","city":"豊田市","town":"高丘新町"}],"0933":[{"pref":"愛知県","city":"豊田市","town":"高岡町"}],"0922":[{"pref":"愛知県","city":"豊田市","town":"高岡本町"}],"0918":[{"pref":"愛知県","city":"豊田市","town":"高美町"}],"0908":[{"pref":"愛知県","city":"豊田市","town":"宝町"}],"0906":[{"pref":"愛知県","city":"豊田市","town":"竹町"}],"0913":[{"pref":"愛知県","city":"豊田市","town":"竹元町"}],"0932":[{"pref":"愛知県","city":"豊田市","town":"堤町"}],"0939":[{"pref":"愛知県","city":"豊田市","town":"堤本町"}],"0927":[{"pref":"愛知県","city":"豊田市","town":"中田町"}],"0923":[{"pref":"愛知県","city":"豊田市","town":"中根町"}],"0904":[{"pref":"愛知県","city":"豊田市","town":"中町"}],"0936":[{"pref":"愛知県","city":"豊田市","town":"西岡町"}],"0937":[{"pref":"愛知県","city":"豊田市","town":"西岡町星ケ丘"}],"0903":[{"pref":"愛知県","city":"豊田市","town":"西田町"}],"0924":[{"pref":"愛知県","city":"豊田市","town":"花園町"}],"0912":[{"pref":"愛知県","city":"豊田市","town":"広田町"}],"0938":[{"pref":"愛知県","city":"豊田市","town":"本田町"}],"0911":[{"pref":"愛知県","city":"豊田市","town":"本町"}],"0934":[{"pref":"愛知県","city":"豊田市","town":"前林町"}],"0901":[{"pref":"愛知県","city":"豊田市","town":"御幸本町"}],"0916":[{"pref":"愛知県","city":"豊田市","town":"吉原町"}],"0907":[{"pref":"愛知県","city":"豊田市","town":"竜神町"}],"0914":[{"pref":"愛知県","city":"豊田市","town":"若林東町"}],"0917":[{"pref":"愛知県","city":"豊田市","town":"若林西町"}],"0915":[{"pref":"愛知県","city":"豊田市","town":"若林東町中外根"}]}