{"0000":[{"pref":"東京都","city":"東久留米市","town":"以下に掲載がない場合"}],"0001":[{"pref":"東京都","city":"東久留米市","town":"上の原"}],"0021":[{"pref":"東京都","city":"東久留米市","town":"学園町"}],"0003":[{"pref":"東京都","city":"東久留米市","town":"金山町"}],"0051":[{"pref":"東京都","city":"東久留米市","town":"小山"}],"0052":[{"pref":"東京都","city":"東久留米市","town":"幸町"}],"0043":[{"pref":"東京都","city":"東久留米市","town":"下里"}],"0013":[{"pref":"東京都","city":"東久留米市","town":"新川町"}],"0002":[{"pref":"東京都","city":"東久留米市","town":"神宝町"}],"0012":[{"pref":"東京都","city":"東久留米市","town":"浅間町"}],"0011":[{"pref":"東京都","city":"東久留米市","town":"大門町"}],"0033":[{"pref":"東京都","city":"東久留米市","town":"滝山"}],"0054":[{"pref":"東京都","city":"東久留米市","town":"中央町"}],"0041":[{"pref":"東京都","city":"東久留米市","town":"野火止"}],"0042":[{"pref":"東京都","city":"東久留米市","town":"八幡町"}],"0004":[{"pref":"東京都","city":"東久留米市","town":"氷川台"}],"0014":[{"pref":"東京都","city":"東久留米市","town":"東本町"}],"0022":[{"pref":"東京都","city":"東久留米市","town":"ひばりが丘団地"}],"0053":[{"pref":"東京都","city":"東久留米市","town":"本町"}],"0032":[{"pref":"東京都","city":"東久留米市","town":"前沢"}],"0023":[{"pref":"東京都","city":"東久留米市","town":"南沢"}],"0031":[{"pref":"東京都","city":"東久留米市","town":"南町"}],"0044":[{"pref":"東京都","city":"東久留米市","town":"柳窪"}],"0034":[{"pref":"東京都","city":"東久留米市","town":"弥生"}]}