{"1100":[{"pref":"福井県","city":"吉田郡永平寺町","town":"以下に掲載がない場合"}],"1101":[{"pref":"福井県","city":"吉田郡永平寺町","town":"松岡樋爪"}],"1102":[{"pref":"福井県","city":"吉田郡永平寺町","town":"松岡学園"}],"1103":[{"pref":"福井県","city":"吉田郡永平寺町","town":"松岡上合月"}],"1104":[{"pref":"福井県","city":"吉田郡永平寺町","town":"松岡下合月"}],"1105":[{"pref":"福井県","city":"吉田郡永平寺町","town":"松岡末政"}],"1106":[{"pref":"福井県","city":"吉田郡永平寺町","town":"松岡御公領"}],"1111":[{"pref":"福井県","city":"吉田郡永平寺町","town":"松岡志比堺"}],"1112":[{"pref":"福井県","city":"吉田郡永平寺町","town":"松岡越坂"}],"1113":[{"pref":"福井県","city":"吉田郡永平寺町","town":"松岡松ケ丘"}],"1114":[{"pref":"福井県","city":"吉田郡永平寺町","town":"松岡城東"}],"1115":[{"pref":"福井県","city":"吉田郡永平寺町","town":"松岡石舟"}],"1116":[{"pref":"福井県","city":"吉田郡永平寺町","town":"松岡清水"}],"1117":[{"pref":"福井県","city":"吉田郡永平寺町","town":"松岡神明"}],"1118":[{"pref":"福井県","city":"吉田郡永平寺町","town":"松岡薬師"}],"1121":[{"pref":"福井県","city":"吉田郡永平寺町","town":"松岡吉野"}],"1122":[{"pref":"福井県","city":"吉田郡永平寺町","town":"松岡宮重"}],"1123":[{"pref":"福井県","city":"吉田郡永平寺町","town":"松岡湯谷"}],"1124":[{"pref":"福井県","city":"吉田郡永平寺町","town":"松岡上吉野"}],"1125":[{"pref":"福井県","city":"吉田郡永平寺町","town":"松岡西野中"}],"1126":[{"pref":"福井県","city":"吉田郡永平寺町","town":"松岡小畑"}],"1127":[{"pref":"福井県","city":"吉田郡永平寺町","town":"松岡吉野堺"}],"1131":[{"pref":"福井県","city":"吉田郡永平寺町","town":"松岡椚"}],"1132":[{"pref":"福井県","city":"吉田郡永平寺町","town":"松岡葵"}],"1133":[{"pref":"福井県","city":"吉田郡永平寺町","town":"松岡春日"}],"1134":[{"pref":"福井県","city":"吉田郡永平寺町","town":"松岡芝原"}],"1135":[{"pref":"福井県","city":"吉田郡永平寺町","town":"松岡室"}],"1136":[{"pref":"福井県","city":"吉田郡永平寺町","town":"松岡窪"}],"1137":[{"pref":"福井県","city":"吉田郡永平寺町","town":"松岡観音"}],"1138":[{"pref":"福井県","city":"吉田郡永平寺町","town":"松岡松ケ原"}],"1139":[{"pref":"福井県","city":"吉田郡永平寺町","town":"松岡木ノ下"}],"1141":[{"pref":"福井県","city":"吉田郡永平寺町","town":"松岡領家"}],"1142":[{"pref":"福井県","city":"吉田郡永平寺町","town":"松岡兼定島"}],"1143":[{"pref":"福井県","city":"吉田郡永平寺町","town":"松岡渡新田"}],"1144":[{"pref":"福井県","city":"吉田郡永平寺町","town":"松岡平成"}],"1201":[{"pref":"福井県","city":"吉田郡永平寺町","town":"鳴鹿山鹿"}],"1202":[{"pref":"福井県","city":"吉田郡永平寺町","town":"下浄法寺"}],"1203":[{"pref":"福井県","city":"吉田郡永平寺町","town":"上浄法寺"}],"1204":[{"pref":"福井県","city":"吉田郡永平寺町","town":"岩野"}],"1205":[{"pref":"福井県","city":"吉田郡永平寺町","town":"吉波"}],"1206":[{"pref":"福井県","city":"吉田郡永平寺町","town":"栃原"}],"1211":[{"pref":"福井県","city":"吉田郡永平寺町","town":"法寺岡"}],"1212":[{"pref":"福井県","city":"吉田郡永平寺町","town":"東古市"}],"1213":[{"pref":"福井県","city":"吉田郡永平寺町","town":"高橋"}],"1214":[{"pref":"福井県","city":"吉田郡永平寺町","town":"谷口"}],"1215":[{"pref":"福井県","city":"吉田郡永平寺町","town":"花谷"}],"1216":[{"pref":"福井県","city":"吉田郡永平寺町","town":"光明寺"}],"1217":[{"pref":"福井県","city":"吉田郡永平寺町","town":"飯島"}],"1218":[{"pref":"福井県","city":"吉田郡永平寺町","town":"轟"}],"1221":[{"pref":"福井県","city":"吉田郡永平寺町","town":"山"}],"1222":[{"pref":"福井県","city":"吉田郡永平寺町","town":"諏訪間"}],"1223":[{"pref":"福井県","city":"吉田郡永平寺町","town":"けやき台"}],"1224":[{"pref":"福井県","city":"吉田郡永平寺町","town":"寺本"}],"1225":[{"pref":"福井県","city":"吉田郡永平寺町","town":"京善"}],"1226":[{"pref":"福井県","city":"吉田郡永平寺町","town":"市野々"}],"1227":[{"pref":"福井県","city":"吉田郡永平寺町","town":"荒谷"}],"1228":[{"pref":"福井県","city":"吉田郡永平寺町","town":"志比"}],"1301":[{"pref":"福井県","city":"吉田郡永平寺町","town":"中島"}],"1302":[{"pref":"福井県","city":"吉田郡永平寺町","town":"市荒川"}],"1303":[{"pref":"福井県","city":"吉田郡永平寺町","town":"藤巻"}],"1304":[{"pref":"福井県","city":"吉田郡永平寺町","town":"吉峰"}],"1305":[{"pref":"福井県","city":"吉田郡永平寺町","town":"竹原"}],"1311":[{"pref":"福井県","city":"吉田郡永平寺町","town":"大野島"}],"1312":[{"pref":"福井県","city":"吉田郡永平寺町","town":"清水"}],"1313":[{"pref":"福井県","city":"吉田郡永平寺町","town":"石上"}],"1314":[{"pref":"福井県","city":"吉田郡永平寺町","town":"栗住波"}],"1315":[{"pref":"福井県","city":"吉田郡永平寺町","town":"せせらぎ"}],"1316":[{"pref":"福井県","city":"吉田郡永平寺町","town":"市右エ門島"}],"1321":[{"pref":"福井県","city":"吉田郡永平寺町","town":"山王"}],"1322":[{"pref":"福井県","city":"吉田郡永平寺町","town":"大月"}],"1323":[{"pref":"福井県","city":"吉田郡永平寺町","town":"浅見"}],"1324":[{"pref":"福井県","city":"吉田郡永平寺町","town":"野中"}],"1325":[{"pref":"福井県","city":"吉田郡永平寺町","town":"北島"}],"1326":[{"pref":"福井県","city":"吉田郡永平寺町","town":"牧福島"}],"2141":[{"pref":"福井県","city":"福井市","town":"高尾町"}],"2142":[{"pref":"福井県","city":"福井市","town":"前波町"}],"2143":[{"pref":"福井県","city":"福井市","town":"宿布町"}],"2144":[{"pref":"福井県","city":"福井市","town":"上毘沙門町"}],"2145":[{"pref":"福井県","city":"福井市","town":"中毘沙門町"}],"2146":[{"pref":"福井県","city":"福井市","town":"下毘沙門町"}],"2147":[{"pref":"福井県","city":"福井市","town":"成願寺町"}],"2148":[{"pref":"福井県","city":"福井市","town":"篠尾町"}],"2151":[{"pref":"福井県","city":"福井市","town":"安波賀中島町"}],"2152":[{"pref":"福井県","city":"福井市","town":"安波賀町"}],"2153":[{"pref":"福井県","city":"福井市","town":"城戸ノ内町"}],"2154":[{"pref":"福井県","city":"福井市","town":"東新町"}],"2155":[{"pref":"福井県","city":"福井市","town":"浄教寺町"}],"2156":[{"pref":"福井県","city":"福井市","town":"鹿俣町"}],"2157":[{"pref":"福井県","city":"福井市","town":"西新町"}],"2161":[{"pref":"福井県","city":"福井市","town":"脇三ケ町"}],"2162":[{"pref":"福井県","city":"福井市","town":"南山町"}],"2163":[{"pref":"福井県","city":"福井市","town":"栃泉町"}],"2164":[{"pref":"福井県","city":"福井市","town":"深見町"}],"2165":[{"pref":"福井県","city":"福井市","town":"東郷二ケ町"}],"2166":[{"pref":"福井県","city":"福井市","town":"小路町"}],"2167":[{"pref":"福井県","city":"福井市","town":"安原町"}],"2171":[{"pref":"福井県","city":"福井市","town":"荒木町"}],"2172":[{"pref":"福井県","city":"福井市","town":"荒木新保町"}],"2173":[{"pref":"福井県","city":"福井市","town":"下東郷町"}],"2174":[{"pref":"福井県","city":"福井市","town":"上東郷町"}],"2175":[{"pref":"福井県","city":"福井市","town":"円成寺町"}],"2176":[{"pref":"福井県","city":"福井市","town":"東郷中島町"}],"2177":[{"pref":"福井県","city":"福井市","town":"稲津町"}],"2178":[{"pref":"福井県","city":"福井市","town":"栂野町"}],"2201":[{"pref":"福井県","city":"福井市","town":"皿谷町"}],"2202":[{"pref":"福井県","city":"福井市","town":"所谷町"}],"2203":[{"pref":"福井県","city":"福井市","town":"西中町"}],"2204":[{"pref":"福井県","city":"福井市","town":"美山大谷町"}],"2205":[{"pref":"福井県","city":"福井市","town":"篭谷町"}],"2206":[{"pref":"福井県","city":"福井市","town":"吉山町（上吉山）"}],"2207":[{"pref":"福井県","city":"福井市","town":"吉山町（下吉山）"}],"2208":[{"pref":"福井県","city":"福井市","town":"吉山町（その他）"}],"2211":[{"pref":"福井県","city":"福井市","town":"獺ケ口町"}],"2212":[{"pref":"福井県","city":"福井市","town":"小和清水町"}],"2213":[{"pref":"福井県","city":"福井市","town":"大久保町"}],"2214":[{"pref":"福井県","city":"福井市","town":"福島町"}],"2221":[{"pref":"福井県","city":"福井市","town":"奈良瀬町"}],"2222":[{"pref":"福井県","city":"福井市","town":"市波町"}],"2223":[{"pref":"福井県","city":"福井市","town":"宇坂別所町"}],"2224":[{"pref":"福井県","city":"福井市","town":"三万谷町"}],"2225":[{"pref":"福井県","city":"福井市","town":"田尻町"}],"2226":[{"pref":"福井県","city":"福井市","town":"高田町"}],"2227":[{"pref":"福井県","city":"福井市","town":"宇坂大谷町"}],"2331":[{"pref":"福井県","city":"福井市","town":"計石町"}],"2332":[{"pref":"福井県","city":"福井市","town":"野波町（その他）"}],"2333":[{"pref":"福井県","city":"福井市","town":"野波町（追分）"}],"2334":[{"pref":"福井県","city":"福井市","town":"大宮町"}],"2335":[{"pref":"福井県","city":"福井市","town":"縫原町"}],"2336":[{"pref":"福井県","city":"福井市","town":"仁位町"}],"2337":[{"pref":"福井県","city":"福井市","town":"薬師町（上薬師）"}],"2338":[{"pref":"福井県","city":"福井市","town":"薬師町（下薬師）"}],"2339":[{"pref":"福井県","city":"福井市","town":"薬師町（その他）"}],"2341":[{"pref":"福井県","city":"福井市","town":"東川上町"}],"2342":[{"pref":"福井県","city":"福井市","town":"東俣町"}],"2343":[{"pref":"福井県","city":"福井市","town":"南西俣町"}],"2344":[{"pref":"福井県","city":"福井市","town":"南宮地町"}],"2345":[{"pref":"福井県","city":"福井市","town":"間戸町"}],"2346":[{"pref":"福井県","city":"福井市","town":"椙谷町"}],"2347":[{"pref":"福井県","city":"福井市","town":"境寺町"}],"2348":[{"pref":"福井県","city":"福井市","town":"品ケ瀬町"}],"2351":[{"pref":"福井県","city":"福井市","town":"美山町"}],"2352":[{"pref":"福井県","city":"福井市","town":"小宇坂町"}],"2353":[{"pref":"福井県","city":"福井市","town":"小宇坂島町"}],"2354":[{"pref":"福井県","city":"福井市","town":"東天田町"}],"2355":[{"pref":"福井県","city":"福井市","town":"西天田町"}],"2356":[{"pref":"福井県","city":"福井市","town":"蔵作町"}],"2357":[{"pref":"福井県","city":"福井市","town":"朝谷町"}],"2461":[{"pref":"福井県","city":"福井市","town":"南野津又町"}],"2462":[{"pref":"福井県","city":"福井市","town":"神当部町"}],"2463":[{"pref":"福井県","city":"福井市","town":"味見河内町"}],"2464":[{"pref":"福井県","city":"福井市","town":"中手町"}],"2465":[{"pref":"福井県","city":"福井市","town":"小当見町"}],"2466":[{"pref":"福井県","city":"福井市","town":"西市布町"}],"2471":[{"pref":"福井県","city":"福井市","town":"西河原町"}],"2472":[{"pref":"福井県","city":"福井市","town":"東河原町"}],"2473":[{"pref":"福井県","city":"福井市","town":"横越町"}],"2474":[{"pref":"福井県","city":"福井市","town":"折立町"}],"2475":[{"pref":"福井県","city":"福井市","town":"赤谷町"}],"2500":[{"pref":"福井県","city":"今立郡池田町","town":"以下に掲載がない場合"}],"2501":[{"pref":"福井県","city":"今立郡池田町","town":"持越"}],"2502":[{"pref":"福井県","city":"今立郡池田町","town":"野尻"}],"2503":[{"pref":"福井県","city":"今立郡池田町","town":"谷口"}],"2504":[{"pref":"福井県","city":"今立郡池田町","town":"安善寺"}],"2505":[{"pref":"福井県","city":"今立郡池田町","town":"水海"}],"2506":[{"pref":"福井県","city":"今立郡池田町","town":"広瀬"}],"2507":[{"pref":"福井県","city":"今立郡池田町","town":"清水谷"}],"2508":[{"pref":"福井県","city":"今立郡池田町","town":"柿ケ原"}],"2511":[{"pref":"福井県","city":"今立郡池田町","town":"薮田"}],"2512":[{"pref":"福井県","city":"今立郡池田町","town":"稲荷"}],"2513":[{"pref":"福井県","city":"今立郡池田町","town":"寺島"}],"2514":[{"pref":"福井県","city":"今立郡池田町","town":"学園"}],"2515":[{"pref":"福井県","city":"今立郡池田町","town":"池田"}],"2516":[{"pref":"福井県","city":"今立郡池田町","town":"山田"}],"2517":[{"pref":"福井県","city":"今立郡池田町","town":"寺谷"}],"2521":[{"pref":"福井県","city":"今立郡池田町","town":"常安"}],"2522":[{"pref":"福井県","city":"今立郡池田町","town":"月ケ瀬"}],"2523":[{"pref":"福井県","city":"今立郡池田町","town":"河内"},{"pref":"福井県","city":"今立郡池田町","town":"志津原"}],"2524":[{"pref":"福井県","city":"今立郡池田町","town":"土合皿尾"}],"2525":[{"pref":"福井県","city":"今立郡池田町","town":"市"}],"2526":[{"pref":"福井県","city":"今立郡池田町","town":"上荒谷"}],"2527":[{"pref":"福井県","city":"今立郡池田町","town":"板垣"}],"2531":[{"pref":"福井県","city":"今立郡池田町","town":"東角間"}],"2532":[{"pref":"福井県","city":"今立郡池田町","town":"新保"}],"2533":[{"pref":"福井県","city":"今立郡池田町","town":"東俣"}],"2534":[{"pref":"福井県","city":"今立郡池田町","town":"魚見"}],"2535":[{"pref":"福井県","city":"今立郡池田町","town":"菅生"}],"2536":[{"pref":"福井県","city":"今立郡池田町","town":"西角間"}],"2537":[{"pref":"福井県","city":"今立郡池田町","town":"定方"}],"2551":[{"pref":"福井県","city":"今立郡池田町","town":"尾緩"}],"2552":[{"pref":"福井県","city":"今立郡池田町","town":"大本"}],"2553":[{"pref":"福井県","city":"今立郡池田町","town":"籠掛"}],"2554":[{"pref":"福井県","city":"今立郡池田町","town":"金見谷"}],"2555":[{"pref":"福井県","city":"今立郡池田町","town":"千代谷"}],"2556":[{"pref":"福井県","city":"今立郡池田町","town":"白粟"},{"pref":"福井県","city":"今立郡池田町","town":"松ケ谷"}],"2557":[{"pref":"福井県","city":"今立郡池田町","town":"小畑"}],"3101":[{"pref":"福井県","city":"福井市","town":"昭和新町"}],"3102":[{"pref":"福井県","city":"福井市","town":"小尉町"}],"3103":[{"pref":"福井県","city":"福井市","town":"三宅町"}],"3104":[{"pref":"福井県","city":"福井市","town":"布施田町"}],"3105":[{"pref":"福井県","city":"福井市","town":"西中野町"}],"3106":[{"pref":"福井県","city":"福井市","town":"池尻町"}],"3107":[{"pref":"福井県","city":"福井市","town":"黒丸城町"}],"3111":[{"pref":"福井県","city":"福井市","town":"島山梨子町"}],"3112":[{"pref":"福井県","city":"福井市","town":"御所垣内町"}],"3113":[{"pref":"福井県","city":"福井市","town":"江上町"}],"3114":[{"pref":"福井県","city":"福井市","town":"剣大谷町"}],"3115":[{"pref":"福井県","city":"福井市","town":"仙町"}],"3116":[{"pref":"福井県","city":"福井市","town":"内山梨子町"}],"3117":[{"pref":"福井県","city":"福井市","town":"浄土寺町"}],"3118":[{"pref":"福井県","city":"福井市","town":"上野町"}],"3121":[{"pref":"福井県","city":"福井市","town":"佐野町"}],"3122":[{"pref":"福井県","city":"福井市","town":"小野町"}],"3123":[{"pref":"福井県","city":"福井市","town":"石畠町"}],"3124":[{"pref":"福井県","city":"福井市","town":"田ノ頭町"}],"3125":[{"pref":"福井県","city":"福井市","town":"市ノ瀬町"}],"3126":[{"pref":"福井県","city":"福井市","town":"深坂町"}],"3127":[{"pref":"福井県","city":"福井市","town":"中山町"}],"3128":[{"pref":"福井県","city":"福井市","town":"為寄町"}],"3131":[{"pref":"福井県","city":"福井市","town":"白方町"}],"3132":[{"pref":"福井県","city":"福井市","town":"浜島町"}],"3133":[{"pref":"福井県","city":"福井市","town":"石新保町"}],"3134":[{"pref":"福井県","city":"福井市","town":"浜別所町"}],"3135":[{"pref":"福井県","city":"福井市","town":"両橋屋町"}],"3136":[{"pref":"福井県","city":"福井市","town":"川尻町"}],"3137":[{"pref":"福井県","city":"福井市","town":"石橋町"}],"3138":[{"pref":"福井県","city":"福井市","town":"テクノポート"}],"3141":[{"pref":"福井県","city":"福井市","town":"砂子田町"}],"3142":[{"pref":"福井県","city":"福井市","town":"波寄町"}],"3143":[{"pref":"福井県","city":"福井市","town":"砂子坂町"}],"3144":[{"pref":"福井県","city":"福井市","town":"水切町"}],"3145":[{"pref":"福井県","city":"福井市","town":"串野町"}],"3146":[{"pref":"福井県","city":"福井市","town":"小幡町"}],"3147":[{"pref":"福井県","city":"福井市","town":"木下町"}],"3148":[{"pref":"福井県","city":"福井市","town":"菖蒲谷町"}],"3251":[{"pref":"福井県","city":"福井市","town":"荒谷町"}],"3252":[{"pref":"福井県","city":"福井市","town":"燈豊町"}],"3253":[{"pref":"福井県","city":"福井市","town":"大谷町"}],"3254":[{"pref":"福井県","city":"福井市","town":"八幡町"}],"3255":[{"pref":"福井県","city":"福井市","town":"大年町"}],"3256":[{"pref":"福井県","city":"福井市","town":"中町"}],"3261":[{"pref":"福井県","city":"福井市","town":"西荒井町"}],"3262":[{"pref":"福井県","city":"福井市","town":"一王寺町"}],"3263":[{"pref":"福井県","city":"福井市","town":"中河内町"}],"3264":[{"pref":"福井県","city":"福井市","town":"木米町"}],"3265":[{"pref":"福井県","city":"福井市","town":"柿谷町"}],"3266":[{"pref":"福井県","city":"福井市","town":"足谷町"},{"pref":"福井県","city":"福井市","town":"猫瀬町"},{"pref":"福井県","city":"福井市","town":"東平町"}],"3267":[{"pref":"福井県","city":"福井市","town":"河内町"}],"3268":[{"pref":"福井県","city":"福井市","town":"奥平町"},{"pref":"福井県","city":"福井市","town":"清水平町"},{"pref":"福井県","city":"福井市","town":"中平町"}],"3371":[{"pref":"福井県","city":"福井市","town":"大窪町"}],"3372":[{"pref":"福井県","city":"福井市","town":"西二ツ屋町"}],"3373":[{"pref":"福井県","city":"福井市","town":"西畑町"}],"3374":[{"pref":"福井県","city":"福井市","town":"高須町"}],"3375":[{"pref":"福井県","city":"福井市","town":"宮郷町"}],"3376":[{"pref":"福井県","city":"福井市","town":"和布町"}],"3377":[{"pref":"福井県","city":"福井市","town":"浜住町"}],"3378":[{"pref":"福井県","city":"福井市","town":"免鳥町"}],"3381":[{"pref":"福井県","city":"福井市","town":"蓑町"}],"3382":[{"pref":"福井県","city":"福井市","town":"松蔭町"}],"3383":[{"pref":"福井県","city":"福井市","town":"糸崎町"}],"3384":[{"pref":"福井県","city":"福井市","town":"長橋町"}],"3385":[{"pref":"福井県","city":"福井市","town":"北菅生町"}],"3386":[{"pref":"福井県","city":"福井市","town":"南菅生町"}],"3401":[{"pref":"福井県","city":"福井市","town":"国見町"}],"3402":[{"pref":"福井県","city":"福井市","town":"鮎川町"}],"3403":[{"pref":"福井県","city":"福井市","town":"白浜町"}],"3404":[{"pref":"福井県","city":"福井市","town":"大丹生町"}],"3405":[{"pref":"福井県","city":"福井市","town":"小丹生町"}],"3511":[{"pref":"福井県","city":"福井市","town":"白滝町"}],"3512":[{"pref":"福井県","city":"福井市","town":"西別所町"}],"3513":[{"pref":"福井県","city":"福井市","town":"宿堂町"}],"3514":[{"pref":"福井県","city":"福井市","town":"水谷町"}],"3515":[{"pref":"福井県","city":"福井市","town":"大矢町"}],"3516":[{"pref":"福井県","city":"福井市","town":"風尾町"}],"3517":[{"pref":"福井県","city":"福井市","town":"畠中町"}],"3518":[{"pref":"福井県","city":"福井市","town":"国山町"}],"3521":[{"pref":"福井県","city":"福井市","town":"千合町"}],"3522":[{"pref":"福井県","city":"福井市","town":"謡谷町"}],"3523":[{"pref":"福井県","city":"福井市","town":"武周町"}],"3524":[{"pref":"福井県","city":"福井市","town":"別畑町"}],"3525":[{"pref":"福井県","city":"福井市","town":"尼ケ谷町"}],"3526":[{"pref":"福井県","city":"福井市","town":"二ツ屋町"}],"3551":[{"pref":"福井県","city":"福井市","town":"大味町"}],"3552":[{"pref":"福井県","city":"福井市","town":"茱崎町"}],"3553":[{"pref":"福井県","city":"福井市","town":"蒲生町"}],"3554":[{"pref":"福井県","city":"福井市","town":"浜北山町"}],"3555":[{"pref":"福井県","city":"福井市","town":"居倉町"}],"3556":[{"pref":"福井県","city":"福井市","town":"赤坂町"}],"3557":[{"pref":"福井県","city":"福井市","town":"城有町"}],"3558":[{"pref":"福井県","city":"福井市","town":"八ツ俣町"}],"3601":[{"pref":"福井県","city":"福井市","town":"清水町"}],"3602":[{"pref":"福井県","city":"福井市","town":"竹生町"}],"3603":[{"pref":"福井県","city":"福井市","town":"片粕町"}],"3604":[{"pref":"福井県","city":"福井市","town":"グリーンハイツ"}],"3605":[{"pref":"福井県","city":"福井市","town":"朝宮町"}],"3606":[{"pref":"福井県","city":"福井市","town":"田尻栃谷町"}],"3607":[{"pref":"福井県","city":"福井市","town":"清水杉谷町"}],"3608":[{"pref":"福井県","city":"福井市","town":"三留町"}],"3611":[{"pref":"福井県","city":"福井市","town":"片山町"}],"3612":[{"pref":"福井県","city":"福井市","town":"清水山町"}],"3613":[{"pref":"福井県","city":"福井市","town":"甑谷町"}],"3614":[{"pref":"福井県","city":"福井市","town":"在田町"}],"3615":[{"pref":"福井県","city":"福井市","town":"坪谷町"}],"3616":[{"pref":"福井県","city":"福井市","town":"真栗町"}],"3617":[{"pref":"福井県","city":"福井市","town":"御油町"}],"3621":[{"pref":"福井県","city":"福井市","town":"小羽町"}],"3622":[{"pref":"福井県","city":"福井市","town":"風巻町"}],"3623":[{"pref":"福井県","city":"福井市","town":"島寺町"}],"3631":[{"pref":"福井県","city":"福井市","town":"和田町"}],"3632":[{"pref":"福井県","city":"福井市","town":"下天下町"}],"3633":[{"pref":"福井県","city":"福井市","town":"上天下町"}],"3634":[{"pref":"福井県","city":"福井市","town":"大森町"}],"3635":[{"pref":"福井県","city":"福井市","town":"志津が丘"}],"3636":[{"pref":"福井県","city":"福井市","town":"山内町"}],"3641":[{"pref":"福井県","city":"福井市","town":"平尾町"}],"3642":[{"pref":"福井県","city":"福井市","town":"本折町"}],"3643":[{"pref":"福井県","city":"福井市","town":"滝波町"}],"3644":[{"pref":"福井県","city":"福井市","town":"加茂内町"},{"pref":"福井県","city":"福井市","town":"加茂町"}],"3645":[{"pref":"福井県","city":"福井市","town":"笹谷町"}],"3646":[{"pref":"福井県","city":"福井市","town":"清水畑町"}],"4102":[{"pref":"福井県","city":"あわら市","town":"芦鶴"}],"4103":[{"pref":"福井県","city":"あわら市","town":"二面"}],"4104":[{"pref":"福井県","city":"あわら市","town":"温泉"}],"4105":[{"pref":"福井県","city":"あわら市","town":"舟津"}],"4111":[{"pref":"福井県","city":"あわら市","town":"牛山"}],"4112":[{"pref":"福井県","city":"あわら市","town":"井江葭"}],"4113":[{"pref":"福井県","city":"あわら市","town":"横垣"}],"4115":[{"pref":"福井県","city":"あわら市","town":"国影"}],"4121":[{"pref":"福井県","city":"あわら市","town":"東温泉"}],"4122":[{"pref":"福井県","city":"あわら市","town":"重義"}],"4123":[{"pref":"福井県","city":"あわら市","town":"番田"}],"4124":[{"pref":"福井県","city":"あわら市","town":"田中々"}],"4125":[{"pref":"福井県","city":"あわら市","town":"堀江十楽"}],"4126":[{"pref":"福井県","city":"あわら市","town":"布目"}],"4127":[{"pref":"福井県","city":"あわら市","town":"西温泉"}],"4131":[{"pref":"福井県","city":"あわら市","town":"東善寺"}],"4132":[{"pref":"福井県","city":"あわら市","town":"谷畠"}],"4133":[{"pref":"福井県","city":"あわら市","town":"轟木"}],"4134":[{"pref":"福井県","city":"あわら市","town":"上番"}],"4137":[{"pref":"福井県","city":"あわら市","town":"中番"}],"4138":[{"pref":"福井県","city":"あわら市","town":"下番"}],"4141":[{"pref":"福井県","city":"あわら市","town":"玉木"}],"4142":[{"pref":"福井県","city":"あわら市","town":"河間"}],"4144":[{"pref":"福井県","city":"あわら市","town":"中浜"}],"4145":[{"pref":"福井県","city":"あわら市","town":"角屋"}],"4146":[{"pref":"福井県","city":"あわら市","town":"北本堂"}],"4147":[{"pref":"福井県","city":"あわら市","town":"公文"},{"pref":"福井県","city":"あわら市","town":"宮前"}],"4271":[{"pref":"福井県","city":"あわら市","town":"浜坂"}],"4272":[{"pref":"福井県","city":"あわら市","town":"北潟"},{"pref":"福井県","city":"あわら市","town":"富津（北潟）"}],"4273":[{"pref":"福井県","city":"あわら市","town":"赤尾"}],"4274":[{"pref":"福井県","city":"あわら市","town":"番堂野"}],"4275":[{"pref":"福井県","city":"あわら市","town":"城新田"}],"4276":[{"pref":"福井県","city":"あわら市","town":"十三（城）"},{"pref":"福井県","city":"あわら市","town":"城"}],"4277":[{"pref":"福井県","city":"あわら市","town":"波松"}],"0104":[{"pref":"福井県","city":"福井市","town":"網戸瀬町"}],"0124":[{"pref":"福井県","city":"福井市","town":"天池町"}],"0041":[{"pref":"福井県","city":"福井市","town":"天菅生町"}],"0014":[{"pref":"福井県","city":"福井市","town":"幾久町"}],"0013":[{"pref":"福井県","city":"福井市","town":"幾代"}],"0125":[{"pref":"福井県","city":"福井市","town":"石盛"}],"0122":[{"pref":"福井県","city":"福井市","town":"石盛町"}],"0817":[{"pref":"福井県","city":"福井市","town":"泉田町"}],"0156":[{"pref":"福井県","city":"福井市","town":"稲多新町"}],"0155":[{"pref":"福井県","city":"福井市","town":"稲多浜町"}],"0154":[{"pref":"福井県","city":"福井市","town":"稲多元町"}],"0134":[{"pref":"福井県","city":"福井市","town":"上野本町"}],"0135":[{"pref":"福井県","city":"福井市","town":"上野本町新"}],"0055":[{"pref":"福井県","city":"福井市","town":"上伏町"}],"0047":[{"pref":"福井県","city":"福井市","town":"海老助町"}],"0005":[{"pref":"福井県","city":"福井市","town":"大手"}],"0016":[{"pref":"福井県","city":"福井市","town":"大宮"}],"0836":[{"pref":"福井県","city":"福井市","town":"大和田"}],"0802":[{"pref":"福井県","city":"福井市","town":"大和田町"}],"0842":[{"pref":"福井県","city":"福井市","town":"開発"}],"0841":[{"pref":"福井県","city":"福井市","town":"開発町"}],"0028":[{"pref":"福井県","city":"福井市","town":"学園"}],"0022":[{"pref":"福井県","city":"福井市","town":"花月"}],"0856":[{"pref":"福井県","city":"福井市","town":"勝見"}],"0826":[{"pref":"福井県","city":"福井市","town":"上中町"}],"0142":[{"pref":"福井県","city":"福井市","town":"上森田"}],"0141":[{"pref":"福井県","city":"福井市","town":"上森田町"}],"0105":[{"pref":"福井県","city":"福井市","town":"河合勝見町"}],"0132":[{"pref":"福井県","city":"福井市","town":"河合寄安町"}],"0102":[{"pref":"福井県","city":"福井市","town":"川合鷲塚町"}],"0042":[{"pref":"福井県","city":"福井市","town":"岸水町"}],"0045":[{"pref":"福井県","city":"福井市","town":"北楢原町"}],"0815":[{"pref":"福井県","city":"福井市","town":"北野上町"}],"0814":[{"pref":"福井県","city":"福井市","town":"北野下町"}],"0012":[{"pref":"福井県","city":"福井市","town":"経栄"}],"0011":[{"pref":"福井県","city":"福井市","town":"経田"}],"0137":[{"pref":"福井県","city":"福井市","town":"栗森"}],"0136":[{"pref":"福井県","city":"福井市","town":"栗森町浜"}],"0052":[{"pref":"福井県","city":"福井市","town":"黒丸町"}],"0822":[{"pref":"福井県","city":"福井市","town":"玄正島町"}],"0021":[{"pref":"福井県","city":"福井市","town":"乾徳"}],"0026":[{"pref":"福井県","city":"福井市","town":"光陽"}],"0051":[{"pref":"福井県","city":"福井市","town":"郡町"}],"0151":[{"pref":"福井県","city":"福井市","town":"栄町"}],"0126":[{"pref":"福井県","city":"福井市","town":"定正"}],"0121":[{"pref":"福井県","city":"福井市","town":"定正町"}],"0056":[{"pref":"福井県","city":"福井市","town":"里別所新町"}],"0057":[{"pref":"福井県","city":"福井市","town":"里別所町"}],"0033":[{"pref":"福井県","city":"福井市","town":"三郎丸"}],"0036":[{"pref":"福井県","city":"福井市","town":"三郎丸町"}],"0823":[{"pref":"福井県","city":"福井市","town":"重立町"}],"0043":[{"pref":"福井県","city":"福井市","town":"四十谷町"}],"0048":[{"pref":"福井県","city":"福井市","town":"地蔵堂町"}],"0845":[{"pref":"福井県","city":"福井市","town":"志比口"}],"0821":[{"pref":"福井県","city":"福井市","town":"島橋町"}],"0146":[{"pref":"福井県","city":"福井市","town":"下森田桜町"}],"0143":[{"pref":"福井県","city":"福井市","town":"下森田新町"}],"0145":[{"pref":"福井県","city":"福井市","town":"下森田藤巻町"}],"0144":[{"pref":"福井県","city":"福井市","town":"下森田本町"}],"0147":[{"pref":"福井県","city":"福井市","town":"下森田町"}],"0023":[{"pref":"福井県","city":"福井市","town":"順化"}],"0853":[{"pref":"福井県","city":"福井市","town":"城東"}],"0812":[{"pref":"福井県","city":"福井市","town":"新田本町"}],"0833":[{"pref":"福井県","city":"福井市","town":"新保"}],"0838":[{"pref":"福井県","city":"福井市","town":"新保北"}],"0832":[{"pref":"福井県","city":"福井市","town":"新保町"}],"0034":[{"pref":"福井県","city":"福井市","town":"菅谷"}],"0035":[{"pref":"福井県","city":"福井市","town":"菅谷町"}],"0001":[{"pref":"福井県","city":"福井市","town":"大願寺"}],"0805":[{"pref":"福井県","city":"福井市","town":"高木"}],"0804":[{"pref":"福井県","city":"福井市","town":"高木中央"}],"0806":[{"pref":"福井県","city":"福井市","town":"高木町"}],"0807":[{"pref":"福井県","city":"福井市","town":"高木北"}],"0070":[{"pref":"福井県","city":"福井市","town":"高木西"}],"0107":[{"pref":"福井県","city":"福井市","town":"高屋町"}],"0837":[{"pref":"福井県","city":"福井市","town":"高柳"}],"0803":[{"pref":"福井県","city":"福井市","town":"高柳町"}],"0044":[{"pref":"福井県","city":"福井市","town":"田ノ谷町"}],"0018":[{"pref":"福井県","city":"福井市","town":"田原"}],"0006":[{"pref":"福井県","city":"福井市","town":"中央"}],"0101":[{"pref":"福井県","city":"福井市","town":"つくし野"}],"0053":[{"pref":"福井県","city":"福井市","town":"土橋町"}],"0858":[{"pref":"福井県","city":"福井市","town":"手寄"}],"0801":[{"pref":"福井県","city":"福井市","town":"寺前町"}],"0024":[{"pref":"福井県","city":"福井市","town":"照手"}],"0025":[{"pref":"福井県","city":"福井市","town":"照手町"}],"0818":[{"pref":"福井県","city":"福井市","town":"堂島町"}],"0063":[{"pref":"福井県","city":"福井市","town":"灯明寺"}],"0062":[{"pref":"福井県","city":"福井市","town":"灯明寺町"}],"0027":[{"pref":"福井県","city":"福井市","town":"豊岡"}],"0857":[{"pref":"福井県","city":"福井市","town":"豊島"}],"0813":[{"pref":"福井県","city":"福井市","town":"中新田町"}],"0103":[{"pref":"福井県","city":"福井市","town":"中角町"}],"0816":[{"pref":"福井県","city":"福井市","town":"中ノ郷町"}],"0811":[{"pref":"福井県","city":"福井市","town":"中藤新保町"}],"0844":[{"pref":"福井県","city":"福井市","town":"長本町"}],"0843":[{"pref":"福井県","city":"福井市","town":"西開発"}],"0855":[{"pref":"福井県","city":"福井市","town":"西方"}],"0037":[{"pref":"福井県","city":"福井市","town":"西堀町"}],"0029":[{"pref":"福井県","city":"福井市","town":"日光"}],"0067":[{"pref":"福井県","city":"福井市","town":"新田塚"}],"0064":[{"pref":"福井県","city":"福井市","town":"新田塚町"}],"0015":[{"pref":"福井県","city":"福井市","town":"二の宮"}],"0828":[{"pref":"福井県","city":"福井市","town":"林町"}],"0829":[{"pref":"福井県","city":"福井市","town":"林藤島町"}],"0825":[{"pref":"福井県","city":"福井市","town":"原目町"}],"0019":[{"pref":"福井県","city":"福井市","town":"春山"}],"0138":[{"pref":"福井県","city":"福井市","town":"東森田"}],"0859":[{"pref":"福井県","city":"福井市","town":"日之出"}],"0049":[{"pref":"福井県","city":"福井市","town":"深谷町"}],"0827":[{"pref":"福井県","city":"福井市","town":"藤島町"}],"0109":[{"pref":"福井県","city":"福井市","town":"二日市町"}],"0808":[{"pref":"福井県","city":"福井市","town":"舟橋"}],"0069":[{"pref":"福井県","city":"福井市","town":"舟橋黒竜"}],"0068":[{"pref":"福井県","city":"福井市","town":"舟橋新"}],"0061":[{"pref":"福井県","city":"福井市","town":"舟橋新町"}],"0809":[{"pref":"福井県","city":"福井市","town":"舟橋町"}],"0152":[{"pref":"福井県","city":"福井市","town":"古市"}],"0153":[{"pref":"福井県","city":"福井市","town":"古市町"}],"0017":[{"pref":"福井県","city":"福井市","town":"文京"}],"0004":[{"pref":"福井県","city":"福井市","town":"宝永"}],"0032":[{"pref":"福井県","city":"福井市","town":"堀ノ宮"}],"0031":[{"pref":"福井県","city":"福井市","town":"堀ノ宮町"}],"0002":[{"pref":"福井県","city":"福井市","town":"町屋"}],"0852":[{"pref":"福井県","city":"福井市","town":"松城町"}],"0003":[{"pref":"福井県","city":"福井市","town":"松本"}],"0824":[{"pref":"福井県","city":"福井市","town":"間山町"}],"0834":[{"pref":"福井県","city":"福井市","town":"丸山"}],"0835":[{"pref":"福井県","city":"福井市","town":"丸山町"}],"0038":[{"pref":"福井県","city":"福井市","town":"三ツ屋"}],"0039":[{"pref":"福井県","city":"福井市","town":"三ツ屋町"}],"0046":[{"pref":"福井県","city":"福井市","town":"南楢原町"}],"0854":[{"pref":"福井県","city":"福井市","town":"御幸"}],"0106":[{"pref":"福井県","city":"福井市","town":"六日市町"}],"0158":[{"pref":"福井県","city":"福井市","town":"八重巻中町"}],"0157":[{"pref":"福井県","city":"福井市","town":"八重巻東町"}],"0123":[{"pref":"福井県","city":"福井市","town":"八重巻町"}],"0054":[{"pref":"福井県","city":"福井市","town":"安竹町"}],"0066":[{"pref":"福井県","city":"福井市","town":"八ツ島"}],"0065":[{"pref":"福井県","city":"福井市","town":"八ツ島町"}],"0108":[{"pref":"福井県","city":"福井市","town":"山室町"}],"0846":[{"pref":"福井県","city":"福井市","town":"四ツ井"}],"0851":[{"pref":"福井県","city":"福井市","town":"米松"}],"0831":[{"pref":"福井県","city":"福井市","town":"若栄町"}],"0200":[{"pref":"福井県","city":"坂井市","town":"以下に掲載がない場合"}],"0212":[{"pref":"福井県","city":"坂井市","town":"丸岡町赤坂"}],"0265":[{"pref":"福井県","city":"坂井市","town":"丸岡町朝陽"}],"0301":[{"pref":"福井県","city":"坂井市","town":"丸岡町愛宕"}],"0324":[{"pref":"福井県","city":"坂井市","town":"丸岡町油為頭"}],"0227":[{"pref":"福井県","city":"坂井市","town":"丸岡町荒町"}],"0317":[{"pref":"福井県","city":"坂井市","town":"丸岡町石上"}],"0243":[{"pref":"福井県","city":"坂井市","town":"丸岡町石城戸町"}],"0346":[{"pref":"福井県","city":"坂井市","town":"丸岡町磯部島"}],"0368":[{"pref":"福井県","city":"坂井市","town":"丸岡町磯部新保"}],"0365":[{"pref":"福井県","city":"坂井市","town":"丸岡町磯部福庄"}],"0325":[{"pref":"福井県","city":"坂井市","town":"丸岡町板倉"}],"0254":[{"pref":"福井県","city":"坂井市","town":"丸岡町一本田"}],"0253":[{"pref":"福井県","city":"坂井市","town":"丸岡町一本田中"}],"0251":[{"pref":"福井県","city":"坂井市","town":"丸岡町一本田福所"}],"0237":[{"pref":"福井県","city":"坂井市","town":"丸岡町乾"}],"0264":[{"pref":"福井県","city":"坂井市","town":"丸岡町乾下田"}],"0303":[{"pref":"福井県","city":"坂井市","town":"丸岡町猪爪"}],"0234":[{"pref":"福井県","city":"坂井市","town":"丸岡町今市"}],"0304":[{"pref":"福井県","city":"坂井市","town":"丸岡町今福"}],"0348":[{"pref":"福井県","city":"坂井市","town":"丸岡町今町"}],"0263":[{"pref":"福井県","city":"坂井市","town":"丸岡町上田町"}],"0356":[{"pref":"福井県","city":"坂井市","town":"丸岡町牛ケ島"}],"0366":[{"pref":"福井県","city":"坂井市","town":"丸岡町宇随"}],"0275":[{"pref":"福井県","city":"坂井市","town":"丸岡町宇田"}],"0313":[{"pref":"福井県","city":"坂井市","town":"丸岡町内田"}],"0322":[{"pref":"福井県","city":"坂井市","town":"丸岡町大森"}],"0315":[{"pref":"福井県","city":"坂井市","town":"丸岡町小黒"}],"0211":[{"pref":"福井県","city":"坂井市","town":"丸岡町女形谷"}],"0232":[{"pref":"福井県","city":"坂井市","town":"丸岡町霞ケ丘"}],"0231":[{"pref":"福井県","city":"坂井市","town":"丸岡町霞町"}],"0333":[{"pref":"福井県","city":"坂井市","town":"丸岡町金元"}],"0335":[{"pref":"福井県","city":"坂井市","town":"丸岡町上金屋"}],"0331":[{"pref":"福井県","city":"坂井市","town":"丸岡町上久米田"}],"0202":[{"pref":"福井県","city":"坂井市","town":"丸岡町上竹田（岡）"}],"0201":[{"pref":"福井県","city":"坂井市","town":"丸岡町上竹田（曽谷）"}],"0205":[{"pref":"福井県","city":"坂井市","town":"丸岡町上竹田（その他）"}],"0362":[{"pref":"福井県","city":"坂井市","town":"丸岡町上安田"}],"0206":[{"pref":"福井県","city":"坂井市","town":"丸岡町川上"}],"0374":[{"pref":"福井県","city":"坂井市","town":"丸岡町北横地"}],"0357":[{"pref":"福井県","city":"坂井市","town":"丸岡町儀間"}],"0347":[{"pref":"福井県","city":"坂井市","town":"丸岡町熊堂"}],"0276":[{"pref":"福井県","city":"坂井市","town":"丸岡町玄女"}],"0262":[{"pref":"福井県","city":"坂井市","town":"丸岡町栄"}],"0382":[{"pref":"福井県","city":"坂井市","town":"丸岡町笹和田"}],"0277":[{"pref":"福井県","city":"坂井市","town":"丸岡町里竹田"}],"0302":[{"pref":"福井県","city":"坂井市","town":"丸岡町里丸岡"}],"0223":[{"pref":"福井県","city":"坂井市","town":"丸岡町三本木"}],"0316":[{"pref":"福井県","city":"坂井市","town":"丸岡町篠岡"}],"0332":[{"pref":"福井県","city":"坂井市","town":"丸岡町下久米田"}],"0363":[{"pref":"福井県","city":"坂井市","town":"丸岡町下安田"}],"0221":[{"pref":"福井県","city":"坂井市","town":"丸岡町城北"}],"0345":[{"pref":"福井県","city":"坂井市","town":"丸岡町四郎丸"}],"0369":[{"pref":"福井県","city":"坂井市","town":"丸岡町新九頭竜"}],"0337":[{"pref":"福井県","city":"坂井市","town":"丸岡町新鳴鹿"}],"0352":[{"pref":"福井県","city":"坂井市","town":"丸岡町新間"}],"0326":[{"pref":"福井県","city":"坂井市","town":"丸岡町末政"}],"0274":[{"pref":"福井県","city":"坂井市","town":"丸岡町千田"}],"0312":[{"pref":"福井県","city":"坂井市","town":"丸岡町曽々木"}],"0355":[{"pref":"福井県","city":"坂井市","town":"丸岡町高瀬"}],"0342":[{"pref":"福井県","city":"坂井市","town":"丸岡町高田"}],"0373":[{"pref":"福井県","city":"坂井市","town":"丸岡町高柳"}],"0235":[{"pref":"福井県","city":"坂井市","town":"丸岡町巽町"}],"0245":[{"pref":"福井県","city":"坂井市","town":"丸岡町谷町"}],"0338":[{"pref":"福井県","city":"坂井市","town":"丸岡町為安"}],"0213":[{"pref":"福井県","city":"坂井市","town":"丸岡町田屋"}],"0349":[{"pref":"福井県","city":"坂井市","town":"丸岡町反保"}],"0353":[{"pref":"福井県","city":"坂井市","town":"丸岡町筑後清水"}],"0208":[{"pref":"福井県","city":"坂井市","town":"丸岡町坪江"}],"0343":[{"pref":"福井県","city":"坂井市","town":"丸岡町坪ノ内"}],"0233":[{"pref":"福井県","city":"坂井市","town":"丸岡町東陽"}],"0244":[{"pref":"福井県","city":"坂井市","town":"丸岡町富田町"}],"0344":[{"pref":"福井県","city":"坂井市","town":"丸岡町友末"}],"0311":[{"pref":"福井県","city":"坂井市","town":"丸岡町豊原"}],"0354":[{"pref":"福井県","city":"坂井市","town":"丸岡町豊原高瀬"}],"0351":[{"pref":"福井県","city":"坂井市","town":"丸岡町寅国"}],"0383":[{"pref":"福井県","city":"坂井市","town":"丸岡町長崎"}],"0246":[{"pref":"福井県","city":"坂井市","town":"丸岡町西瓜屋"}],"0242":[{"pref":"福井県","city":"坂井市","town":"丸岡町西里丸岡"}],"0273":[{"pref":"福井県","city":"坂井市","town":"丸岡町長畝"}],"0323":[{"pref":"福井県","city":"坂井市","town":"丸岡町野中山王"}],"0272":[{"pref":"福井県","city":"坂井市","town":"丸岡町乗兼"}],"0367":[{"pref":"福井県","city":"坂井市","town":"丸岡町羽崎"}],"0214":[{"pref":"福井県","city":"坂井市","town":"丸岡町畑中"}],"0305":[{"pref":"福井県","city":"坂井市","town":"丸岡町八幡町"}],"0224":[{"pref":"福井県","city":"坂井市","town":"丸岡町八ケ郷"}],"0364":[{"pref":"福井県","city":"坂井市","town":"丸岡町八丁"}],"0261":[{"pref":"福井県","city":"坂井市","town":"丸岡町針ノ木"}],"0334":[{"pref":"福井県","city":"坂井市","town":"丸岡町東二ツ屋"}],"0222":[{"pref":"福井県","city":"坂井市","town":"丸岡町伏屋"}],"0381":[{"pref":"福井県","city":"坂井市","town":"丸岡町舟寄"}],"0271":[{"pref":"福井県","city":"坂井市","town":"丸岡町堀水"}],"0236":[{"pref":"福井県","city":"坂井市","town":"丸岡町本町"}],"0314":[{"pref":"福井県","city":"坂井市","town":"丸岡町舛田"}],"0225":[{"pref":"福井県","city":"坂井市","town":"丸岡町松川"}],"0226":[{"pref":"福井県","city":"坂井市","town":"丸岡町松川町"}],"0350":[{"pref":"福井県","city":"坂井市","town":"丸岡町南今市"}],"0375":[{"pref":"福井県","city":"坂井市","town":"丸岡町南横地"}],"0252":[{"pref":"福井県","city":"坂井市","town":"丸岡町御幸"}],"0361":[{"pref":"福井県","city":"坂井市","town":"丸岡町安田新"}],"0371":[{"pref":"福井県","city":"坂井市","town":"丸岡町八ツ口"}],"0241":[{"pref":"福井県","city":"坂井市","town":"丸岡町柳町"}],"0203":[{"pref":"福井県","city":"坂井市","town":"丸岡町山口"}],"0207":[{"pref":"福井県","city":"坂井市","town":"丸岡町山久保"}],"0321":[{"pref":"福井県","city":"坂井市","town":"丸岡町山崎三ケ"}],"0204":[{"pref":"福井県","city":"坂井市","town":"丸岡町山竹田"}],"0215":[{"pref":"福井県","city":"坂井市","town":"丸岡町与河"}],"0372":[{"pref":"福井県","city":"坂井市","town":"丸岡町吉政"}],"0384":[{"pref":"福井県","city":"坂井市","town":"丸岡町四ツ屋"}],"0341":[{"pref":"福井県","city":"坂井市","town":"丸岡町四ツ柳"}],"0339":[{"pref":"福井県","city":"坂井市","town":"丸岡町寄永"}],"0336":[{"pref":"福井県","city":"坂井市","town":"丸岡町楽間"}]}