{"8331":[{"pref":"大阪府","city":"堺市西区","town":"築港新町"}],"8332":[{"pref":"大阪府","city":"堺市西区","town":"石津西町"}],"8333":[{"pref":"大阪府","city":"堺市西区","town":"浜寺石津町西"}],"8334":[{"pref":"大阪府","city":"堺市西区","town":"浜寺石津町中"}],"8335":[{"pref":"大阪府","city":"堺市西区","town":"浜寺石津町東"}],"8341":[{"pref":"大阪府","city":"堺市西区","town":"浜寺船尾町東"}],"8342":[{"pref":"大阪府","city":"堺市西区","town":"浜寺船尾町西"}],"8343":[{"pref":"大阪府","city":"堺市西区","town":"浜寺元町"}],"8344":[{"pref":"大阪府","city":"堺市西区","town":"浜寺南町"}],"8345":[{"pref":"大阪府","city":"堺市西区","town":"浜寺昭和町"}],"8346":[{"pref":"大阪府","city":"堺市西区","town":"浜寺公園町"}],"8347":[{"pref":"大阪府","city":"堺市西区","town":"浜寺諏訪森町西"}],"8348":[{"pref":"大阪府","city":"堺市西区","town":"浜寺諏訪森町中"}],"8349":[{"pref":"大阪府","city":"堺市西区","town":"浜寺諏訪森町東"}],"8351":[{"pref":"大阪府","city":"堺市西区","town":"築港浜寺町"}],"8352":[{"pref":"大阪府","city":"堺市西区","town":"築港浜寺西町"}],"0000":[{"pref":"大阪府","city":"高石市","town":"以下に掲載がない場合"}],"0014":[{"pref":"大阪府","city":"高石市","town":"綾園"}],"0011":[{"pref":"大阪府","city":"高石市","town":"加茂"}],"0001":[{"pref":"大阪府","city":"高石市","town":"高砂"}],"0004":[{"pref":"大阪府","city":"高石市","town":"高師浜"}],"0006":[{"pref":"大阪府","city":"高石市","town":"高師浜丁"}],"0005":[{"pref":"大阪府","city":"高石市","town":"千代田"}],"0013":[{"pref":"大阪府","city":"高石市","town":"取石"}],"0012":[{"pref":"大阪府","city":"高石市","town":"西取石"}],"0002":[{"pref":"大阪府","city":"高石市","town":"羽衣"},{"pref":"大阪府","city":"高石市","town":"羽衣公園丁"}],"0003":[{"pref":"大阪府","city":"高石市","town":"東羽衣"}]}