{"0000":[{"pref":"大阪府","city":"大阪市西成区","town":"以下に掲載がない場合"}],"0032":[{"pref":"大阪府","city":"大阪市西成区","town":"旭"}],"0041":[{"pref":"大阪府","city":"大阪市西成区","town":"岸里"}],"0042":[{"pref":"大阪府","city":"大阪市西成区","town":"岸里東"}],"0061":[{"pref":"大阪府","city":"大阪市西成区","town":"北津守"}],"0021":[{"pref":"大阪府","city":"大阪市西成区","town":"北開"}],"0001":[{"pref":"大阪府","city":"大阪市西成区","town":"山王"}],"0052":[{"pref":"大阪府","city":"大阪市西成区","town":"潮路"}],"0012":[{"pref":"大阪府","city":"大阪市西成区","town":"聖天下"}],"0054":[{"pref":"大阪府","city":"大阪市西成区","town":"千本中"}],"0055":[{"pref":"大阪府","city":"大阪市西成区","town":"千本南"}],"0053":[{"pref":"大阪府","city":"大阪市西成区","town":"千本北"}],"0002":[{"pref":"大阪府","city":"大阪市西成区","town":"太子"}],"0051":[{"pref":"大阪府","city":"大阪市西成区","town":"橘"}],"0044":[{"pref":"大阪府","city":"大阪市西成区","town":"玉出中"}],"0043":[{"pref":"大阪府","city":"大阪市西成区","town":"玉出東"}],"0045":[{"pref":"大阪府","city":"大阪市西成区","town":"玉出西"}],"0062":[{"pref":"大阪府","city":"大阪市西成区","town":"津守"}],"0031":[{"pref":"大阪府","city":"大阪市西成区","town":"鶴見橋"}],"0024":[{"pref":"大阪府","city":"大阪市西成区","town":"出城"}],"0014":[{"pref":"大阪府","city":"大阪市西成区","town":"天下茶屋"}],"0011":[{"pref":"大阪府","city":"大阪市西成区","town":"天下茶屋東"}],"0003":[{"pref":"大阪府","city":"大阪市西成区","town":"天下茶屋北"}],"0013":[{"pref":"大阪府","city":"大阪市西成区","town":"天神ノ森"}],"0022":[{"pref":"大阪府","city":"大阪市西成区","town":"中開"}],"0025":[{"pref":"大阪府","city":"大阪市西成区","town":"長橋"}],"0033":[{"pref":"大阪府","city":"大阪市西成区","town":"梅南"}],"0004":[{"pref":"大阪府","city":"大阪市西成区","town":"萩之茶屋"}],"0015":[{"pref":"大阪府","city":"大阪市西成区","town":"花園南"}],"0016":[{"pref":"大阪府","city":"大阪市西成区","town":"花園北"}],"0034":[{"pref":"大阪府","city":"大阪市西成区","town":"松"}],"0063":[{"pref":"大阪府","city":"大阪市西成区","town":"南津守"}],"0023":[{"pref":"大阪府","city":"大阪市西成区","town":"南開"}]}