{"8001":[{"pref":"徳島県","city":"徳島市","town":"津田海岸町"}],"8002":[{"pref":"徳島県","city":"徳島市","town":"津田町"}],"8003":[{"pref":"徳島県","city":"徳島市","town":"津田本町"}],"8004":[{"pref":"徳島県","city":"徳島市","town":"津田西町"}],"8005":[{"pref":"徳島県","city":"徳島市","town":"津田浜之町"}],"8006":[{"pref":"徳島県","city":"徳島市","town":"新浜町"}],"8007":[{"pref":"徳島県","city":"徳島市","town":"新浜本町"}],"8008":[{"pref":"徳島県","city":"徳島市","town":"西新浜町"}],"8011":[{"pref":"徳島県","city":"徳島市","town":"論田町"}],"8012":[{"pref":"徳島県","city":"徳島市","town":"大原町（その他）"}],"8021":[{"pref":"徳島県","city":"徳島市","town":"雑賀町"}],"8022":[{"pref":"徳島県","city":"徳島市","town":"大松町"}],"8023":[{"pref":"徳島県","city":"徳島市","town":"勝占町"}],"8024":[{"pref":"徳島県","city":"徳島市","town":"西須賀町"}],"8025":[{"pref":"徳島県","city":"徳島市","town":"三軒屋町"}],"8031":[{"pref":"徳島県","city":"徳島市","town":"大谷町"}],"8032":[{"pref":"徳島県","city":"徳島市","town":"北山町"}],"8033":[{"pref":"徳島県","city":"徳島市","town":"方上町"}],"8040":[{"pref":"徳島県","city":"徳島市","town":"上八万町（その他）"}],"8041":[{"pref":"徳島県","city":"徳島市","town":"上八万町西山（しらさぎ台）"}],"8051":[{"pref":"徳島県","city":"徳島市","town":"沖浜町"}],"8052":[{"pref":"徳島県","city":"徳島市","town":"沖浜"}],"8053":[{"pref":"徳島県","city":"徳島市","town":"沖浜東"}],"8054":[{"pref":"徳島県","city":"徳島市","town":"山城西"}],"8055":[{"pref":"徳島県","city":"徳島市","town":"山城町"}],"8056":[{"pref":"徳島県","city":"徳島市","town":"問屋町"}],"8061":[{"pref":"徳島県","city":"徳島市","town":"西二軒屋町"}],"8063":[{"pref":"徳島県","city":"徳島市","town":"南二軒屋町"}],"8064":[{"pref":"徳島県","city":"徳島市","town":"城南町"}],"8070":[{"pref":"徳島県","city":"徳島市","town":"八万町（その他）"}],"8071":[{"pref":"徳島県","city":"徳島市","town":"八万町（中津山）"}],"8072":[{"pref":"徳島県","city":"徳島市","town":"八万町（中津浦）"}],"8073":[{"pref":"徳島県","city":"徳島市","town":"八万町（上福万）"}],"8074":[{"pref":"徳島県","city":"徳島市","town":"八万町（下福万）"}],"8075":[{"pref":"徳島県","city":"徳島市","town":"八万町（千鳥）"}],"8076":[{"pref":"徳島県","city":"徳島市","town":"八万町（内浜）"}],"8077":[{"pref":"徳島県","city":"徳島市","town":"八万町（夷山）"}],"8078":[{"pref":"徳島県","city":"徳島市","town":"八万町（橋本）"}],"8079":[{"pref":"徳島県","city":"徳島市","town":"八万町（大坪）"}],"8081":[{"pref":"徳島県","city":"徳島市","town":"八万町（弐丈）"}],"8082":[{"pref":"徳島県","city":"徳島市","town":"八万町（川南）"}],"8083":[{"pref":"徳島県","city":"徳島市","town":"八万町（法花）"}],"8084":[{"pref":"徳島県","city":"徳島市","town":"八万町（法花谷）"}],"0000":[{"pref":"徳島県","city":"徳島市","town":"以下に掲載がない場合"}],"0835":[{"pref":"徳島県","city":"徳島市","town":"藍場町"}],"0934":[{"pref":"徳島県","city":"徳島市","town":"秋田町"}],"0046":[{"pref":"徳島県","city":"徳島市","town":"鮎喰町"}],"0863":[{"pref":"徳島県","city":"徳島市","town":"安宅"}],"0926":[{"pref":"徳島県","city":"徳島市","town":"伊賀町"}],"0833":[{"pref":"徳島県","city":"徳島市","town":"一番町"}],"0935":[{"pref":"徳島県","city":"徳島市","town":"伊月町"}],"0923":[{"pref":"徳島県","city":"徳島市","town":"大道"}],"0914":[{"pref":"徳島県","city":"徳島市","town":"籠屋町"}],"0002":[{"pref":"徳島県","city":"徳島市","town":"春日"}],"0001":[{"pref":"徳島県","city":"徳島市","town":"春日町"}],"0939":[{"pref":"徳島県","city":"徳島市","town":"かちどき橋"}],"0871":[{"pref":"徳島県","city":"徳島市","town":"金沢"}],"0801":[{"pref":"徳島県","city":"徳島市","town":"上助任町"}],"0803":[{"pref":"徳島県","city":"徳島市","town":"上吉野町"}],"0048":[{"pref":"徳島県","city":"徳島市","town":"加茂名町"}],"0872":[{"pref":"徳島県","city":"徳島市","town":"北沖洲"}],"0011":[{"pref":"徳島県","city":"徳島市","town":"北佐古一番町"}],"0012":[{"pref":"徳島県","city":"徳島市","town":"北佐古二番町"}],"0051":[{"pref":"徳島県","city":"徳島市","town":"北島田町"}],"0812":[{"pref":"徳島県","city":"徳島市","town":"北常三島町"}],"0003":[{"pref":"徳島県","city":"徳島市","town":"北田宮"}],"0821":[{"pref":"徳島県","city":"徳島市","town":"北出来島町"}],"0806":[{"pref":"徳島県","city":"徳島市","town":"北前川町"}],"0006":[{"pref":"徳島県","city":"徳島市","town":"北矢三町"}],"0916":[{"pref":"徳島県","city":"徳島市","town":"銀座"}],"0042":[{"pref":"徳島県","city":"徳島市","town":"蔵本町"}],"0041":[{"pref":"徳島県","city":"徳島市","town":"蔵本元町"}],"0918":[{"pref":"徳島県","city":"徳島市","town":"紺屋町"}],"0847":[{"pref":"徳島県","city":"徳島市","town":"幸町"}],"0921":[{"pref":"徳島県","city":"徳島市","town":"栄町"}],"0021":[{"pref":"徳島県","city":"徳島市","town":"佐古一番町"}],"0022":[{"pref":"徳島県","city":"徳島市","town":"佐古二番町"}],"0023":[{"pref":"徳島県","city":"徳島市","town":"佐古三番町"}],"0024":[{"pref":"徳島県","city":"徳島市","town":"佐古四番町"}],"0025":[{"pref":"徳島県","city":"徳島市","town":"佐古五番町"}],"0026":[{"pref":"徳島県","city":"徳島市","town":"佐古六番町"}],"0027":[{"pref":"徳島県","city":"徳島市","town":"佐古七番町"}],"0028":[{"pref":"徳島県","city":"徳島市","town":"佐古八番町"}],"0039":[{"pref":"徳島県","city":"徳島市","town":"佐古山町"}],"0805":[{"pref":"徳島県","city":"徳島市","town":"下助任町"}],"0862":[{"pref":"徳島県","city":"徳島市","town":"城東町"}],"0044":[{"pref":"徳島県","city":"徳島市","town":"庄町"}],"0942":[{"pref":"徳島県","city":"徳島市","town":"昭和町"}],"0845":[{"pref":"徳島県","city":"徳島市","town":"新内町"}],"0855":[{"pref":"徳島県","city":"徳島市","town":"新蔵町"}],"0904":[{"pref":"徳島県","city":"徳島市","town":"新町橋"}],"0867":[{"pref":"徳島県","city":"徳島市","town":"新南福島"}],"0866":[{"pref":"徳島県","city":"徳島市","town":"末広"}],"0815":[{"pref":"徳島県","city":"徳島市","town":"助任橋"}],"0816":[{"pref":"徳島県","city":"徳島市","town":"助任本町"}],"0861":[{"pref":"徳島県","city":"徳島市","town":"住吉"}],"0927":[{"pref":"徳島県","city":"徳島市","town":"勢見町"}],"0922":[{"pref":"徳島県","city":"徳島市","town":"鷹匠町"}],"0936":[{"pref":"徳島県","city":"徳島市","town":"中央通"}],"0823":[{"pref":"徳島県","city":"徳島市","town":"出来島本町"}],"0832":[{"pref":"徳島県","city":"徳島市","town":"寺島本町東"}],"0831":[{"pref":"徳島県","city":"徳島市","town":"寺島本町西"}],"0909":[{"pref":"徳島県","city":"徳島市","town":"寺町"}],"0842":[{"pref":"徳島県","city":"徳島市","town":"通町"}],"0852":[{"pref":"徳島県","city":"徳島市","town":"徳島町"}],"0851":[{"pref":"徳島県","city":"徳島市","town":"徳島町城内"}],"0854":[{"pref":"徳島県","city":"徳島市","town":"徳島本町"}],"0931":[{"pref":"徳島県","city":"徳島市","town":"富田浜"}],"0937":[{"pref":"徳島県","city":"徳島市","town":"富田橋"}],"0915":[{"pref":"徳島県","city":"徳島市","town":"富田町"}],"0052":[{"pref":"徳島県","city":"徳島市","town":"中島田町"}],"0943":[{"pref":"徳島県","city":"徳島市","town":"中昭和町"}],"0813":[{"pref":"徳島県","city":"徳島市","town":"中常三島町"}],"0856":[{"pref":"徳島県","city":"徳島市","town":"中洲町"}],"0844":[{"pref":"徳島県","city":"徳島市","town":"中通町"}],"0853":[{"pref":"徳島県","city":"徳島市","town":"中徳島町"}],"0932":[{"pref":"徳島県","city":"徳島市","town":"仲之町"}],"0807":[{"pref":"徳島県","city":"徳島市","town":"中前川町"}],"0804":[{"pref":"徳島県","city":"徳島市","town":"中吉野町"}],"0928":[{"pref":"徳島県","city":"徳島市","town":"二軒屋町"}],"0902":[{"pref":"徳島県","city":"徳島市","town":"西新町"}],"0901":[{"pref":"徳島県","city":"徳島市","town":"西船場町"}],"0903":[{"pref":"徳島県","city":"徳島市","town":"西大工町"}],"0929":[{"pref":"徳島県","city":"徳島市","town":"西富田町"}],"0907":[{"pref":"徳島県","city":"徳島市","town":"西山手町"}],"0924":[{"pref":"徳島県","city":"徳島市","town":"幟町"}],"0941":[{"pref":"徳島県","city":"徳島市","town":"万代町"}],"0873":[{"pref":"徳島県","city":"徳島市","town":"東沖洲"}],"0912":[{"pref":"徳島県","city":"徳島市","town":"東新町"}],"0911":[{"pref":"徳島県","city":"徳島市","town":"東船場町"}],"0905":[{"pref":"徳島県","city":"徳島市","town":"東大工町"}],"0822":[{"pref":"徳島県","city":"徳島市","town":"東出来島町"}],"0906":[{"pref":"徳島県","city":"徳島市","town":"東山手町"}],"0811":[{"pref":"徳島県","city":"徳島市","town":"東吉野町"}],"0908":[{"pref":"徳島県","city":"徳島市","town":"眉山町"}],"0868":[{"pref":"徳島県","city":"徳島市","town":"福島"}],"0062":[{"pref":"徳島県","city":"徳島市","town":"不動東町"}],"0064":[{"pref":"徳島県","city":"徳島市","town":"不動西町"}],"0061":[{"pref":"徳島県","city":"徳島市","town":"不動北町"}],"0063":[{"pref":"徳島県","city":"徳島市","town":"不動本町"}],"0846":[{"pref":"徳島県","city":"徳島市","town":"南内町"}],"0874":[{"pref":"徳島県","city":"徳島市","town":"南沖洲"}],"0043":[{"pref":"徳島県","city":"徳島市","town":"南蔵本町"}],"0031":[{"pref":"徳島県","city":"徳島市","town":"南佐古一番町"}],"0032":[{"pref":"徳島県","city":"徳島市","town":"南佐古二番町"}],"0033":[{"pref":"徳島県","city":"徳島市","town":"南佐古三番町"}],"0034":[{"pref":"徳島県","city":"徳島市","town":"南佐古四番町"}],"0035":[{"pref":"徳島県","city":"徳島市","town":"南佐古五番町"}],"0036":[{"pref":"徳島県","city":"徳島市","town":"南佐古六番町"}],"0037":[{"pref":"徳島県","city":"徳島市","town":"南佐古七番町"}],"0038":[{"pref":"徳島県","city":"徳島市","town":"南佐古八番町"}],"0053":[{"pref":"徳島県","city":"徳島市","town":"南島田町"}],"0045":[{"pref":"徳島県","city":"徳島市","town":"南庄町"}],"0944":[{"pref":"徳島県","city":"徳島市","town":"南昭和町"}],"0913":[{"pref":"徳島県","city":"徳島市","town":"南新町"}],"0814":[{"pref":"徳島県","city":"徳島市","town":"南常三島町"}],"0865":[{"pref":"徳島県","city":"徳島市","town":"南末広町"}],"0004":[{"pref":"徳島県","city":"徳島市","town":"南田宮"}],"0824":[{"pref":"徳島県","city":"徳島市","town":"南出来島町"}],"0933":[{"pref":"徳島県","city":"徳島市","town":"南仲之町"}],"0808":[{"pref":"徳島県","city":"徳島市","town":"南前川町"}],"0005":[{"pref":"徳島県","city":"徳島市","town":"南矢三町"}],"0938":[{"pref":"徳島県","city":"徳島市","town":"明神町"}],"0047":[{"pref":"徳島県","city":"徳島市","town":"名東町"}],"0834":[{"pref":"徳島県","city":"徳島市","town":"元町"}],"0841":[{"pref":"徳島県","city":"徳島市","town":"八百屋町"}],"0864":[{"pref":"徳島県","city":"徳島市","town":"大和町"}],"0925":[{"pref":"徳島県","city":"徳島市","town":"弓町"}],"0802":[{"pref":"徳島県","city":"徳島市","town":"吉野本町"}],"0917":[{"pref":"徳島県","city":"徳島市","town":"両国橋"}],"0843":[{"pref":"徳島県","city":"徳島市","town":"両国本町"}]}