{"0014":[{"pref":"埼玉県","city":"さいたま市中央区","town":"上峰"}],"0007":[{"pref":"埼玉県","city":"さいたま市中央区","town":"円阿弥"}],"0012":[{"pref":"埼玉県","city":"さいたま市中央区","town":"大戸"}],"0001":[{"pref":"埼玉県","city":"さいたま市中央区","town":"上落合"}],"0005":[{"pref":"埼玉県","city":"さいたま市中央区","town":"桜丘"}],"0002":[{"pref":"埼玉県","city":"さいたま市中央区","town":"下落合"}],"0011":[{"pref":"埼玉県","city":"さいたま市中央区","town":"新中里"}],"0013":[{"pref":"埼玉県","city":"さいたま市中央区","town":"鈴谷"}],"0006":[{"pref":"埼玉県","city":"さいたま市中央区","town":"八王子"}],"0004":[{"pref":"埼玉県","city":"さいたま市中央区","town":"本町西"}],"0003":[{"pref":"埼玉県","city":"さいたま市中央区","town":"本町東"}],"0800":[{"pref":"埼玉県","city":"さいたま市桜区","town":"以下に掲載がない場合"}],"0826":[{"pref":"埼玉県","city":"さいたま市桜区","town":"大久保領家"}],"0824":[{"pref":"埼玉県","city":"さいたま市桜区","town":"上大久保"}],"0815":[{"pref":"埼玉県","city":"さいたま市桜区","town":"五関"}],"0813":[{"pref":"埼玉県","city":"さいたま市桜区","town":"在家"}],"0823":[{"pref":"埼玉県","city":"さいたま市桜区","town":"栄和"}],"0833":[{"pref":"埼玉県","city":"さいたま市桜区","town":"桜田"}],"0834":[{"pref":"埼玉県","city":"さいたま市桜区","town":"新開"}],"0825":[{"pref":"埼玉県","city":"さいたま市桜区","town":"下大久保"}],"0814":[{"pref":"埼玉県","city":"さいたま市桜区","town":"宿"}],"0817":[{"pref":"埼玉県","city":"さいたま市桜区","town":"昭和"}],"0811":[{"pref":"埼玉県","city":"さいたま市桜区","town":"白鍬"}],"0812":[{"pref":"埼玉県","city":"さいたま市桜区","town":"神田"}],"0837":[{"pref":"埼玉県","city":"さいたま市桜区","town":"田島"}],"0816":[{"pref":"埼玉県","city":"さいたま市桜区","town":"塚本"}],"0835":[{"pref":"埼玉県","city":"さいたま市桜区","town":"道場"}],"0822":[{"pref":"埼玉県","city":"さいたま市桜区","town":"中島"}],"0832":[{"pref":"埼玉県","city":"さいたま市桜区","town":"西堀"}],"0836":[{"pref":"埼玉県","city":"さいたま市桜区","town":"町谷"}],"0831":[{"pref":"埼玉県","city":"さいたま市桜区","town":"南元宿"}],"0821":[{"pref":"埼玉県","city":"さいたま市桜区","town":"山久保"}]}