{"0000":[{"pref":"京都府","city":"京都市東山区","town":"以下に掲載がない場合"}],"0856":[{"pref":"京都府","city":"京都市東山区","town":"新シ町"}],"0051":[{"pref":"京都府","city":"京都市東山区","town":"粟田口鍛冶町"}],"0052":[{"pref":"京都府","city":"京都市東山区","town":"粟田口華頂町"}],"0035":[{"pref":"京都府","city":"京都市東山区","town":"粟田口三条坊町"}],"0848":[{"pref":"京都府","city":"京都市東山区","town":"池殿町"}],"0913":[{"pref":"京都府","city":"京都市東山区","town":"石垣町東側"}],"0912":[{"pref":"京都府","city":"京都市東山区","town":"石垣町西側"}],"0066":[{"pref":"京都府","city":"京都市東山区","town":"石橋町"}],"0995":[{"pref":"京都府","city":"京都市東山区","town":"一橋野本町"}],"0994":[{"pref":"京都府","city":"京都市東山区","town":"一橋宮ノ内町"}],"0804":[{"pref":"京都府","city":"京都市東山区","town":"井手町"}],"0068":[{"pref":"京都府","city":"京都市東山区","town":"稲荷町北組"}],"0067":[{"pref":"京都府","city":"京都市東山区","town":"稲荷町南組"}],"0924":[{"pref":"京都府","city":"京都市東山区","town":"今熊野阿弥陀ケ峰町"}],"0965":[{"pref":"京都府","city":"京都市東山区","town":"今熊野池田町"}],"0956":[{"pref":"京都府","city":"京都市東山区","town":"今熊野梅ケ谷町"}],"0926":[{"pref":"京都府","city":"京都市東山区","town":"今熊野北日吉町"}],"0954":[{"pref":"京都府","city":"京都市東山区","town":"今熊野小松山町"}],"0957":[{"pref":"京都府","city":"京都市東山区","town":"今熊野泉山町"}],"0955":[{"pref":"京都府","city":"京都市東山区","town":"今熊野総山町"}],"0972":[{"pref":"京都府","city":"京都市東山区","town":"今熊野剣宮町"}],"0971":[{"pref":"京都府","city":"京都市東山区","town":"今熊野椥ノ森町"}],"0925":[{"pref":"京都府","city":"京都市東山区","town":"今熊野日吉町"}],"0952":[{"pref":"京都府","city":"京都市東山区","town":"今熊野宝蔵町"}],"0978":[{"pref":"京都府","city":"京都市東山区","town":"今熊野本多山町"}],"0979":[{"pref":"京都府","city":"京都市東山区","town":"今熊野南谷町"}],"0953":[{"pref":"京都府","city":"京都市東山区","town":"今熊野南日吉町"}],"0023":[{"pref":"京都府","city":"京都市東山区","town":"今小路町"}],"0042":[{"pref":"京都府","city":"京都市東山区","town":"今道町"}],"0852":[{"pref":"京都府","city":"京都市東山区","town":"上田町"}],"0061":[{"pref":"京都府","city":"京都市東山区","town":"梅宮町"}],"0064":[{"pref":"京都府","city":"京都市東山区","town":"梅本町"}],"0033":[{"pref":"京都府","city":"京都市東山区","town":"夷町"}],"0936":[{"pref":"京都府","city":"京都市東山区","town":"蛭子町南組"}],"0917":[{"pref":"京都府","city":"京都市東山区","town":"蛭子町北組"}],"0022":[{"pref":"京都府","city":"京都市東山区","town":"大井手町"}],"0904":[{"pref":"京都府","city":"京都市東山区","town":"大阪町"}],"0009":[{"pref":"京都府","city":"京都市東山区","town":"大橋町"}],"0833":[{"pref":"京都府","city":"京都市東山区","town":"音羽町"}],"0909":[{"pref":"京都府","city":"京都市東山区","town":"鍵屋町"}],"0843":[{"pref":"京都府","city":"京都市東山区","town":"門脇町"}],"0834":[{"pref":"京都府","city":"京都市東山区","town":"金屋町"}],"0875":[{"pref":"京都府","city":"京都市東山区","town":"鐘鋳町"}],"0877":[{"pref":"京都府","city":"京都市東山区","town":"上新シ町"}],"0968":[{"pref":"京都府","city":"京都市東山区","town":"上池田町"}],"0927":[{"pref":"京都府","city":"京都市東山区","town":"上馬町"}],"0876":[{"pref":"京都府","city":"京都市東山区","town":"上梅屋町"}],"0916":[{"pref":"京都府","city":"京都市東山区","town":"上棟梁町"}],"0822":[{"pref":"京都府","city":"京都市東山区","town":"上弁天町"}],"0991":[{"pref":"京都府","city":"京都市東山区","town":"上堀詰町"}],"0807":[{"pref":"京都府","city":"京都市東山区","town":"上柳町"}],"0803":[{"pref":"京都府","city":"京都市東山区","town":"亀井町"}],"0069":[{"pref":"京都府","city":"京都市東山区","town":"唐戸鼻町"}],"0076":[{"pref":"京都府","city":"京都市東山区","town":"川端町"}],"0921":[{"pref":"京都府","city":"京都市東山区","town":"瓦役町"}],"0074":[{"pref":"京都府","city":"京都市東山区","town":"祇園町南側"}],"0073":[{"pref":"京都府","city":"京都市東山区","town":"祇園町北側"}],"0014":[{"pref":"京都府","city":"京都市東山区","town":"北木之元町"}],"0815":[{"pref":"京都府","city":"京都市東山区","town":"北御門町"}],"0918":[{"pref":"京都府","city":"京都市東山区","town":"北棟梁町"}],"0821":[{"pref":"京都府","city":"京都市東山区","town":"清井町"}],"0002":[{"pref":"京都府","city":"京都市東山区","town":"教業町"}],"0862":[{"pref":"京都府","city":"京都市東山区","town":"清水"}],"0084":[{"pref":"京都府","city":"京都市東山区","town":"清本町"}],"0828":[{"pref":"京都府","city":"京都市東山区","town":"金園町"}],"0857":[{"pref":"京都府","city":"京都市東山区","town":"興善町"}],"0007":[{"pref":"京都府","city":"京都市東山区","town":"五軒町（大和大路通三条下る、大和大路通三条下る西入）"}],"0036":[{"pref":"京都府","city":"京都市東山区","town":"五軒町（三条通白川橋東入、三条通白川橋下る東入、"},{"pref":"京都府","city":"京都市東山区","town":"白川筋三条下る）"}],"0858":[{"pref":"京都府","city":"京都市東山区","town":"小島町"}],"0846":[{"pref":"京都府","city":"京都市東山区","town":"五条橋東"}],"0811":[{"pref":"京都府","city":"京都市東山区","town":"小松町"}],"0012":[{"pref":"京都府","city":"京都市東山区","town":"西海子町"}],"0902":[{"pref":"京都府","city":"京都市東山区","town":"鞘町"}],"0941":[{"pref":"京都府","city":"京都市東山区","town":"三十三間堂廻り町"}],"0005":[{"pref":"京都府","city":"京都市東山区","town":"三町目"}],"0011":[{"pref":"京都府","city":"京都市東山区","town":"七軒町（三条大橋東４丁目、三条大橋東入４丁目）"}],"0943":[{"pref":"京都府","city":"京都市東山区","town":"七軒町（大和大路通七条下る３丁目、塩小路通大和大路西入）"}],"0871":[{"pref":"京都府","city":"京都市東山区","town":"慈法院庵町"}],"0914":[{"pref":"京都府","city":"京都市東山区","town":"下新シ町"}],"0966":[{"pref":"京都府","city":"京都市東山区","town":"下池田町"}],"0873":[{"pref":"京都府","city":"京都市東山区","town":"下馬町"}],"0915":[{"pref":"京都府","city":"京都市東山区","town":"下梅屋町"}],"0825":[{"pref":"京都府","city":"京都市東山区","town":"下河原町"}],"0937":[{"pref":"京都府","city":"京都市東山区","town":"下棟梁町"}],"0823":[{"pref":"京都府","city":"京都市東山区","town":"下弁天町"}],"0992":[{"pref":"京都府","city":"京都市東山区","town":"下堀詰町"}],"0808":[{"pref":"京都府","city":"京都市東山区","town":"下柳町"}],"0903":[{"pref":"京都府","city":"京都市東山区","town":"上人町"}],"0031":[{"pref":"京都府","city":"京都市東山区","town":"定法寺町"}],"0908":[{"pref":"京都府","city":"京都市東山区","town":"正面町"}],"0865":[{"pref":"京都府","city":"京都市東山区","town":"白糸町"}],"0962":[{"pref":"京都府","city":"京都市東山区","town":"新瓦町東組"}],"0961":[{"pref":"京都府","city":"京都市東山区","town":"新瓦町西組"}],"0006":[{"pref":"京都府","city":"京都市東山区","town":"新五軒町"}],"0016":[{"pref":"京都府","city":"京都市東山区","town":"進之町"}],"0085":[{"pref":"京都府","city":"京都市東山区","town":"末吉町"}],"0901":[{"pref":"京都府","city":"京都市東山区","town":"朱雀町"}],"0923":[{"pref":"京都府","city":"京都市東山区","town":"清閑寺池田町"}],"0922":[{"pref":"京都府","city":"京都市東山区","town":"清閑寺山ノ内町"}],"0861":[{"pref":"京都府","city":"京都市東山区","town":"清閑寺霊山町"}],"0021":[{"pref":"京都府","city":"京都市東山区","town":"石泉院町"}],"0974":[{"pref":"京都府","city":"京都市東山区","town":"泉涌寺五葉ノ辻町"}],"0975":[{"pref":"京都府","city":"京都市東山区","town":"泉涌寺雀ケ森町"}],"0976":[{"pref":"京都府","city":"京都市東山区","town":"泉涌寺東林町"}],"0973":[{"pref":"京都府","city":"京都市東山区","town":"泉涌寺門前町"}],"0977":[{"pref":"京都府","city":"京都市東山区","town":"泉涌寺山内町"}],"0008":[{"pref":"京都府","city":"京都市東山区","town":"大黒町（大和大路三条下る）"}],"0832":[{"pref":"京都府","city":"京都市東山区","town":"大黒町（大黒町通柿町下る、大黒町通五条上る、大黒町通五条上る２丁目、"},{"pref":"京都府","city":"京都市東山区","town":"大黒町通松原下る３丁目）"}],"0017":[{"pref":"京都府","city":"京都市東山区","town":"高畑町"}],"0845":[{"pref":"京都府","city":"京都市東山区","town":"竹村町"}],"0018":[{"pref":"京都府","city":"京都市東山区","town":"巽町"}],"0855":[{"pref":"京都府","city":"京都市東山区","town":"辰巳町（東大路松原上る）"}],"0945":[{"pref":"京都府","city":"京都市東山区","town":"辰巳町（大和大路通七条下る２丁目）"}],"0835":[{"pref":"京都府","city":"京都市東山区","town":"田中町"}],"0045":[{"pref":"京都府","city":"京都市東山区","town":"谷川町"}],"0851":[{"pref":"京都府","city":"京都市東山区","town":"玉水町"}],"0844":[{"pref":"京都府","city":"京都市東山区","town":"多門町"}],"0931":[{"pref":"京都府","city":"京都市東山区","town":"茶屋町"}],"0854":[{"pref":"京都府","city":"京都市東山区","town":"月輪町"}],"0829":[{"pref":"京都府","city":"京都市東山区","town":"月見町"}],"0025":[{"pref":"京都府","city":"京都市東山区","town":"堤町"}],"0024":[{"pref":"京都府","city":"京都市東山区","town":"土居之内町"}],"0079":[{"pref":"京都府","city":"京都市東山区","town":"常盤町（大和大路通四条上る、川端通四条上る）"}],"0874":[{"pref":"京都府","city":"京都市東山区","town":"常盤町（東大路通渋谷上る、渋谷通東大路東入、渋谷通東大路東入２丁目、"},{"pref":"京都府","city":"京都市東山区","town":"東大路五条下る）"}],"0078":[{"pref":"京都府","city":"京都市東山区","town":"富永町"}],"0905":[{"pref":"京都府","city":"京都市東山区","town":"豊浦町"}],"0034":[{"pref":"京都府","city":"京都市東山区","town":"中之町（三条通神宮道東入２丁目、三条通白川橋東入４丁目、三条通白川橋東"},{"pref":"京都府","city":"京都市東山区","town":"４丁目）"}],"0075":[{"pref":"京都府","city":"京都市東山区","town":"中之町（四条通大和大路西入）"}],"0082":[{"pref":"京都府","city":"京都市東山区","town":"中之町（新門前通大和大路東入、新門前通大和大路東入２丁目）"}],"0019":[{"pref":"京都府","city":"京都市東山区","town":"長光町"}],"0838":[{"pref":"京都府","city":"京都市東山区","town":"西川原町"}],"0043":[{"pref":"京都府","city":"京都市東山区","town":"西小物座町"}],"0816":[{"pref":"京都府","city":"京都市東山区","town":"西御門町"}],"0907":[{"pref":"京都府","city":"京都市東山区","town":"西橘町"}],"0935":[{"pref":"京都府","city":"京都市東山区","town":"西棟梁町"}],"0088":[{"pref":"京都府","city":"京都市東山区","town":"西之町"}],"0947":[{"pref":"京都府","city":"京都市東山区","town":"西之門町"}],"0037":[{"pref":"京都府","city":"京都市東山区","town":"西町"}],"0077":[{"pref":"京都府","city":"京都市東山区","town":"廿一軒町"}],"0001":[{"pref":"京都府","city":"京都市東山区","town":"二町目"}],"0934":[{"pref":"京都府","city":"京都市東山区","town":"塗師屋町"}],"0863":[{"pref":"京都府","city":"京都市東山区","town":"梅林町"}],"0805":[{"pref":"京都府","city":"京都市東山区","town":"博多町"}],"0083":[{"pref":"京都府","city":"京都市東山区","town":"橋本町"}],"0027":[{"pref":"京都府","city":"京都市東山区","town":"八軒町"}],"0029":[{"pref":"京都府","city":"京都市東山区","town":"東姉小路町"}],"0872":[{"pref":"京都府","city":"京都市東山区","town":"東音羽町"}],"0839":[{"pref":"京都府","city":"京都市東山区","town":"東川原町"}],"0951":[{"pref":"京都府","city":"京都市東山区","town":"東瓦町"}],"0044":[{"pref":"京都府","city":"京都市東山区","town":"東小物座町"}],"0906":[{"pref":"京都府","city":"京都市東山区","town":"東橘町"}],"0041":[{"pref":"京都府","city":"京都市東山区","town":"東町"}],"0847":[{"pref":"京都府","city":"京都市東山区","town":"東橋詰町"}],"0046":[{"pref":"京都府","city":"京都市東山区","town":"東分木町"}],"0812":[{"pref":"京都府","city":"京都市東山区","town":"毘沙門町"}],"0993":[{"pref":"京都府","city":"京都市東山区","town":"日吉町"}],"0985":[{"pref":"京都府","city":"京都市東山区","town":"福稲柿本町"}],"0983":[{"pref":"京都府","city":"京都市東山区","town":"福稲上高松町"}],"0988":[{"pref":"京都府","city":"京都市東山区","town":"福稲川原町"}],"0986":[{"pref":"京都府","city":"京都市東山区","town":"福稲岸ノ上町"}],"0987":[{"pref":"京都府","city":"京都市東山区","town":"福稲御所ノ内町"}],"0982":[{"pref":"京都府","city":"京都市東山区","town":"福稲下高松町"}],"0984":[{"pref":"京都府","city":"京都市東山区","town":"福稲高原町"}],"0911":[{"pref":"京都府","city":"京都市東山区","town":"袋町"}],"0026":[{"pref":"京都府","city":"京都市東山区","town":"古川町"}],"0065":[{"pref":"京都府","city":"京都市東山区","town":"古西町"}],"0028":[{"pref":"京都府","city":"京都市東山区","town":"分木町"}],"0086":[{"pref":"京都府","city":"京都市東山区","town":"弁財天町"}],"0946":[{"pref":"京都府","city":"京都市東山区","town":"北斗町"}],"0853":[{"pref":"京都府","city":"京都市東山区","town":"星野町"}],"0038":[{"pref":"京都府","city":"京都市東山区","town":"堀池町"}],"0967":[{"pref":"京都府","city":"京都市東山区","town":"本池田町"}],"0963":[{"pref":"京都府","city":"京都市東山区","town":"本瓦町"}],"0981":[{"pref":"京都府","city":"京都市東山区","town":"本町"}],"0989":[{"pref":"京都府","city":"京都市東山区","town":"本町新"}],"0942":[{"pref":"京都府","city":"京都市東山区","town":"蒔田町"}],"0826":[{"pref":"京都府","city":"京都市東山区","town":"桝屋町"}],"0063":[{"pref":"京都府","city":"京都市東山区","town":"松原町"}],"0071":[{"pref":"京都府","city":"京都市東山区","town":"円山町"}],"0842":[{"pref":"京都府","city":"京都市東山区","town":"三盛町"}],"0938":[{"pref":"京都府","city":"京都市東山区","town":"南梅屋町"}],"0964":[{"pref":"京都府","city":"京都市東山区","town":"南瓦町"}],"0015":[{"pref":"京都府","city":"京都市東山区","town":"南木之元町"}],"0013":[{"pref":"京都府","city":"京都市東山区","town":"南西海子町"}],"0944":[{"pref":"京都府","city":"京都市東山区","town":"南棟梁町"}],"0824":[{"pref":"京都府","city":"京都市東山区","town":"南町"}],"0801":[{"pref":"京都府","city":"京都市東山区","town":"宮川筋"}],"0932":[{"pref":"京都府","city":"京都市東山区","town":"妙法院前側町"}],"0081":[{"pref":"京都府","city":"京都市東山区","town":"三吉町"}],"0089":[{"pref":"京都府","city":"京都市東山区","town":"元町"}],"0087":[{"pref":"京都府","city":"京都市東山区","town":"元吉町"}],"0836":[{"pref":"京都府","city":"京都市東山区","town":"森下町"}],"0814":[{"pref":"京都府","city":"京都市東山区","town":"薬師町"}],"0827":[{"pref":"京都府","city":"京都市東山区","town":"八坂上町"}],"0841":[{"pref":"京都府","city":"京都市東山区","town":"山崎町"}],"0831":[{"pref":"京都府","city":"京都市東山区","town":"山城町"}],"0837":[{"pref":"京都府","city":"京都市東山区","town":"山田町"}],"0933":[{"pref":"京都府","city":"京都市東山区","town":"大和大路"}],"0802":[{"pref":"京都府","city":"京都市東山区","town":"大和町"}],"0864":[{"pref":"京都府","city":"京都市東山区","town":"遊行前町"}],"0032":[{"pref":"京都府","city":"京都市東山区","town":"柚之木町"}],"0817":[{"pref":"京都府","city":"京都市東山区","town":"弓矢町"}],"0878":[{"pref":"京都府","city":"京都市東山区","town":"芳野町"}],"0062":[{"pref":"京都府","city":"京都市東山区","town":"林下町"}],"0813":[{"pref":"京都府","city":"京都市東山区","town":"轆轤町"}],"0806":[{"pref":"京都府","city":"京都市東山区","town":"六軒町"}],"0003":[{"pref":"京都府","city":"京都市東山区","town":"若竹町"}],"0004":[{"pref":"京都府","city":"京都市東山区","town":"若松町"}],"0072":[{"pref":"京都府","city":"京都市東山区","town":"鷲尾町"}]}