{"0000":[{"pref":"広島県","city":"広島市中区","town":"以下に掲載がない場合"}],"0851":[{"pref":"広島県","city":"広島市中区","town":"榎町"}],"0837":[{"pref":"広島県","city":"広島市中区","town":"江波沖町"}],"0836":[{"pref":"広島県","city":"広島市中区","town":"江波栄町"}],"0834":[{"pref":"広島県","city":"広島市中区","town":"江波二本松"}],"0833":[{"pref":"広島県","city":"広島市中区","town":"江波本町"}],"0832":[{"pref":"広島県","city":"広島市中区","town":"江波東"}],"0831":[{"pref":"広島県","city":"広島市中区","town":"江波西"}],"0835":[{"pref":"広島県","city":"広島市中区","town":"江波南"}],"0021":[{"pref":"広島県","city":"広島市中区","town":"胡町"}],"0051":[{"pref":"広島県","city":"広島市中区","town":"大手町"}],"0812":[{"pref":"広島県","city":"広島市中区","town":"加古町"}],"0022":[{"pref":"広島県","city":"広島市中区","town":"銀山町"}],"0014":[{"pref":"広島県","city":"広島市中区","town":"上幟町"}],"0012":[{"pref":"広島県","city":"広島市中区","town":"上八丁堀"}],"0031":[{"pref":"広島県","city":"広島市中区","town":"紙屋町"}],"0856":[{"pref":"広島県","city":"広島市中区","town":"河原町"}],"0855":[{"pref":"広島県","city":"広島市中区","town":"小網町"}],"0825":[{"pref":"広島県","city":"広島市中区","town":"光南"}],"0042":[{"pref":"広島県","city":"広島市中区","town":"国泰寺町"}],"0041":[{"pref":"広島県","city":"広島市中区","town":"小町"}],"0853":[{"pref":"広島県","city":"広島市中区","town":"堺町"}],"0046":[{"pref":"広島県","city":"広島市中区","town":"昭和町"}],"0034":[{"pref":"広島県","city":"広島市中区","town":"新天地"}],"0813":[{"pref":"広島県","city":"広島市中区","town":"住吉町"}],"0052":[{"pref":"広島県","city":"広島市中区","town":"千田町"}],"0044":[{"pref":"広島県","city":"広島市中区","town":"宝町"}],"0048":[{"pref":"広島県","city":"広島市中区","town":"竹屋町"}],"0032":[{"pref":"広島県","city":"広島市中区","town":"立町"}],"0026":[{"pref":"広島県","city":"広島市中区","town":"田中町"}],"0045":[{"pref":"広島県","city":"広島市中区","town":"鶴見町"}],"0017":[{"pref":"広島県","city":"広島市中区","town":"鉄砲町"}],"0801":[{"pref":"広島県","city":"広島市中区","town":"寺町"}],"0805":[{"pref":"広島県","city":"広島市中区","town":"十日市町"}],"0854":[{"pref":"広島県","city":"広島市中区","town":"土橋町"}],"0811":[{"pref":"広島県","city":"広島市中区","town":"中島町"}],"0037":[{"pref":"広島県","city":"広島市中区","town":"中町"}],"0028":[{"pref":"広島県","city":"広島市中区","town":"流川町"}],"0846":[{"pref":"広島県","city":"広島市中区","town":"西川口町"}],"0806":[{"pref":"広島県","city":"広島市中区","town":"西十日市町"}],"0005":[{"pref":"広島県","city":"広島市中区","town":"西白島町"}],"0024":[{"pref":"広島県","city":"広島市中区","town":"西平塚町"}],"0852":[{"pref":"広島県","city":"広島市中区","town":"猫屋町"}],"0016":[{"pref":"広島県","city":"広島市中区","town":"幟町"}],"0001":[{"pref":"広島県","city":"広島市中区","town":"白島北町"}],"0003":[{"pref":"広島県","city":"広島市中区","town":"白島九軒町"}],"0002":[{"pref":"広島県","city":"広島市中区","town":"白島中町"}],"0814":[{"pref":"広島県","city":"広島市中区","town":"羽衣町"}],"0015":[{"pref":"広島県","city":"広島市中区","town":"橋本町"}],"0013":[{"pref":"広島県","city":"広島市中区","town":"八丁堀"}],"0053":[{"pref":"広島県","city":"広島市中区","town":"東千田町"}],"0004":[{"pref":"広島県","city":"広島市中区","town":"東白島町"}],"0025":[{"pref":"広島県","city":"広島市中区","town":"東平塚町"}],"0047":[{"pref":"広島県","city":"広島市中区","town":"平野町"}],"0803":[{"pref":"広島県","city":"広島市中区","town":"広瀬北町"}],"0804":[{"pref":"広島県","city":"広島市中区","town":"広瀬町"}],"0036":[{"pref":"広島県","city":"広島市中区","town":"袋町"}],"0043":[{"pref":"広島県","city":"広島市中区","town":"富士見町"}],"0845":[{"pref":"広島県","city":"広島市中区","town":"舟入川口町"}],"0844":[{"pref":"広島県","city":"広島市中区","town":"舟入幸町"}],"0842":[{"pref":"広島県","city":"広島市中区","town":"舟入中町"}],"0843":[{"pref":"広島県","city":"広島市中区","town":"舟入本町"}],"0847":[{"pref":"広島県","city":"広島市中区","town":"舟入南"}],"0841":[{"pref":"広島県","city":"広島市中区","town":"舟入町"}],"0033":[{"pref":"広島県","city":"広島市中区","town":"堀川町"}],"0802":[{"pref":"広島県","city":"広島市中区","town":"本川町"}],"0035":[{"pref":"広島県","city":"広島市中区","town":"本通"}],"0029":[{"pref":"広島県","city":"広島市中区","town":"三川町"}],"0054":[{"pref":"広島県","city":"広島市中区","town":"南千田東町"}],"0055":[{"pref":"広島県","city":"広島市中区","town":"南千田西町"}],"0049":[{"pref":"広島県","city":"広島市中区","town":"南竹屋町"}],"0826":[{"pref":"広島県","city":"広島市中区","town":"南吉島"}],"0011":[{"pref":"広島県","city":"広島市中区","town":"基町"}],"0027":[{"pref":"広島県","city":"広島市中区","town":"薬研堀"}],"0023":[{"pref":"広島県","city":"広島市中区","town":"弥生町"}],"0824":[{"pref":"広島県","city":"広島市中区","town":"吉島新町"}],"0822":[{"pref":"広島県","city":"広島市中区","town":"吉島東"}],"0823":[{"pref":"広島県","city":"広島市中区","town":"吉島西"}],"0821":[{"pref":"広島県","city":"広島市中区","town":"吉島町"}]}