{"1101":[{"pref":"群馬県","city":"渋川市","town":"赤城町棚下"}],"1102":[{"pref":"群馬県","city":"渋川市","town":"赤城町長井小川田"}],"1103":[{"pref":"群馬県","city":"渋川市","town":"赤城町津久田"}],"1104":[{"pref":"群馬県","city":"渋川市","town":"赤城町敷島"}],"1105":[{"pref":"群馬県","city":"渋川市","town":"赤城町北上野"}],"1111":[{"pref":"群馬県","city":"渋川市","town":"赤城町北赤城山"}],"1112":[{"pref":"群馬県","city":"渋川市","town":"赤城町深山"}],"1113":[{"pref":"群馬県","city":"渋川市","town":"赤城町南赤城山"}],"1114":[{"pref":"群馬県","city":"渋川市","town":"赤城町栄"}],"1115":[{"pref":"群馬県","city":"渋川市","town":"赤城町溝呂木"}],"1116":[{"pref":"群馬県","city":"渋川市","town":"赤城町持柏木"}],"1121":[{"pref":"群馬県","city":"渋川市","town":"赤城町宮田"}],"1122":[{"pref":"群馬県","city":"渋川市","town":"赤城町勝保沢"}],"1123":[{"pref":"群馬県","city":"渋川市","town":"赤城町見立"}],"1124":[{"pref":"群馬県","city":"渋川市","town":"赤城町滝沢"}],"1125":[{"pref":"群馬県","city":"渋川市","town":"赤城町上三原田"}],"1126":[{"pref":"群馬県","city":"渋川市","town":"赤城町三原田"}],"1127":[{"pref":"群馬県","city":"渋川市","town":"赤城町樽"}],"1200":[{"pref":"群馬県","city":"利根郡昭和村","town":"以下に掲載がない場合"}],"1201":[{"pref":"群馬県","city":"利根郡昭和村","town":"生越"}],"1202":[{"pref":"群馬県","city":"利根郡昭和村","town":"貝野瀬"}],"1203":[{"pref":"群馬県","city":"利根郡昭和村","town":"糸井"}],"1204":[{"pref":"群馬県","city":"利根郡昭和村","town":"森下"}],"1205":[{"pref":"群馬県","city":"利根郡昭和村","town":"川額"}],"1206":[{"pref":"群馬県","city":"利根郡昭和村","town":"橡久保"}],"1207":[{"pref":"群馬県","city":"利根郡昭和村","town":"赤城原"}],"1300":[{"pref":"群馬県","city":"利根郡みなかみ町","town":"以下に掲載がない場合"}],"1301":[{"pref":"群馬県","city":"利根郡みなかみ町","town":"奈女沢"}],"1302":[{"pref":"群馬県","city":"利根郡みなかみ町","town":"大沼"}],"1303":[{"pref":"群馬県","city":"利根郡みなかみ町","town":"上牧"}],"1304":[{"pref":"群馬県","city":"利根郡みなかみ町","town":"下牧"}],"1305":[{"pref":"群馬県","city":"利根郡みなかみ町","town":"後閑"}],"1306":[{"pref":"群馬県","city":"利根郡みなかみ町","town":"師"}],"1307":[{"pref":"群馬県","city":"利根郡みなかみ町","town":"政所"}],"1308":[{"pref":"群馬県","city":"利根郡みなかみ町","town":"真庭"}],"1311":[{"pref":"群馬県","city":"利根郡みなかみ町","town":"石倉"}],"1312":[{"pref":"群馬県","city":"利根郡みなかみ町","town":"小川"}],"1313":[{"pref":"群馬県","city":"利根郡みなかみ町","town":"月夜野"}],"1314":[{"pref":"群馬県","city":"利根郡みなかみ町","town":"下津"}],"1315":[{"pref":"群馬県","city":"利根郡みなかみ町","town":"上津"}],"1401":[{"pref":"群馬県","city":"利根郡みなかみ町","town":"永井"}],"1402":[{"pref":"群馬県","city":"利根郡みなかみ町","town":"吹路"}],"1403":[{"pref":"群馬県","city":"利根郡みなかみ町","town":"猿ヶ京温泉"}],"1404":[{"pref":"群馬県","city":"利根郡みなかみ町","town":"相俣"}],"1409":[{"pref":"群馬県","city":"利根郡みなかみ町","town":"湯宿温泉"}],"1411":[{"pref":"群馬県","city":"利根郡みなかみ町","town":"新巻"}],"1412":[{"pref":"群馬県","city":"利根郡みなかみ町","town":"羽場"}],"1413":[{"pref":"群馬県","city":"利根郡みなかみ町","town":"師田"}],"1414":[{"pref":"群馬県","city":"利根郡みなかみ町","town":"布施"}],"1415":[{"pref":"群馬県","city":"利根郡みなかみ町","town":"西峰須川"}],"1416":[{"pref":"群馬県","city":"利根郡みなかみ町","town":"入須川"}],"1417":[{"pref":"群馬県","city":"利根郡みなかみ町","town":"東峰"}],"1418":[{"pref":"群馬県","city":"利根郡みなかみ町","town":"須川"}],"1601":[{"pref":"群馬県","city":"利根郡みなかみ町","town":"吉本"}],"1611":[{"pref":"群馬県","city":"利根郡みなかみ町","town":"鹿野沢"}],"1612":[{"pref":"群馬県","city":"利根郡みなかみ町","town":"小日向"}],"1613":[{"pref":"群馬県","city":"利根郡みなかみ町","town":"高日向"}],"1614":[{"pref":"群馬県","city":"利根郡みなかみ町","town":"寺間"}],"1615":[{"pref":"群馬県","city":"利根郡みなかみ町","town":"小仁田"}],"1616":[{"pref":"群馬県","city":"利根郡みなかみ町","town":"川上"}],"1617":[{"pref":"群馬県","city":"利根郡みなかみ町","town":"湯原"}],"1618":[{"pref":"群馬県","city":"利根郡みなかみ町","town":"阿能川"}],"1619":[{"pref":"群馬県","city":"利根郡みなかみ町","town":"谷川"}],"1721":[{"pref":"群馬県","city":"利根郡みなかみ町","town":"藤原"}],"1722":[{"pref":"群馬県","city":"利根郡みなかみ町","town":"夜後"}],"1723":[{"pref":"群馬県","city":"利根郡みなかみ町","town":"粟沢"}],"1724":[{"pref":"群馬県","city":"利根郡みなかみ町","town":"向山"}],"1725":[{"pref":"群馬県","city":"利根郡みなかみ町","town":"綱子"}],"1726":[{"pref":"群馬県","city":"利根郡みなかみ町","town":"幸知"}],"1727":[{"pref":"群馬県","city":"利根郡みなかみ町","town":"大穴"}],"1728":[{"pref":"群馬県","city":"利根郡みなかみ町","town":"湯桧曽"}],"2101":[{"pref":"群馬県","city":"前橋市","town":"泉沢町"}],"2102":[{"pref":"群馬県","city":"前橋市","town":"下大屋町"}],"2103":[{"pref":"群馬県","city":"前橋市","town":"神沢の森"}],"2104":[{"pref":"群馬県","city":"前橋市","town":"西大室町"}],"2105":[{"pref":"群馬県","city":"前橋市","town":"東大室町"}],"2106":[{"pref":"群馬県","city":"前橋市","town":"荒子町"}],"2107":[{"pref":"群馬県","city":"前橋市","town":"荒口町"}],"2108":[{"pref":"群馬県","city":"前橋市","town":"鶴が谷町"}],"2111":[{"pref":"群馬県","city":"前橋市","town":"飯土井町"}],"2112":[{"pref":"群馬県","city":"前橋市","town":"新井町"}],"2113":[{"pref":"群馬県","city":"前橋市","town":"下増田町"}],"2114":[{"pref":"群馬県","city":"前橋市","town":"上増田町"}],"2115":[{"pref":"群馬県","city":"前橋市","town":"笂井町"}],"2116":[{"pref":"群馬県","city":"前橋市","town":"今井町"}],"2117":[{"pref":"群馬県","city":"前橋市","town":"二之宮町"}],"2121":[{"pref":"群馬県","city":"前橋市","town":"小屋原町"}],"2122":[{"pref":"群馬県","city":"前橋市","town":"駒形町"}],"2123":[{"pref":"群馬県","city":"前橋市","town":"山王町"}],"2131":[{"pref":"群馬県","city":"前橋市","town":"西善町"}],"2132":[{"pref":"群馬県","city":"前橋市","town":"東善町"}],"2133":[{"pref":"群馬県","city":"前橋市","town":"中内町"}],"2134":[{"pref":"群馬県","city":"前橋市","town":"力丸町"}],"2135":[{"pref":"群馬県","city":"前橋市","town":"徳丸町"}],"2136":[{"pref":"群馬県","city":"前橋市","town":"房丸町"}],"2141":[{"pref":"群馬県","city":"前橋市","town":"鶴光路町"}],"2142":[{"pref":"群馬県","city":"前橋市","town":"下阿内町"}],"2143":[{"pref":"群馬県","city":"前橋市","town":"新堀町"}],"2144":[{"pref":"群馬県","city":"前橋市","town":"下川町"}],"2145":[{"pref":"群馬県","city":"前橋市","town":"横手町"}],"2146":[{"pref":"群馬県","city":"前橋市","town":"公田町"}],"2147":[{"pref":"群馬県","city":"前橋市","town":"亀里町"}],"2151":[{"pref":"群馬県","city":"前橋市","town":"下長磯町"}],"2152":[{"pref":"群馬県","city":"前橋市","town":"下大島町"}],"2153":[{"pref":"群馬県","city":"前橋市","town":"上大島町"}],"2154":[{"pref":"群馬県","city":"前橋市","town":"天川大島町"}],"2161":[{"pref":"群馬県","city":"前橋市","town":"富田町"}],"2162":[{"pref":"群馬県","city":"前橋市","town":"小島田町"}],"2163":[{"pref":"群馬県","city":"前橋市","town":"女屋町"}],"2164":[{"pref":"群馬県","city":"前橋市","town":"東上野町"}],"2165":[{"pref":"群馬県","city":"前橋市","town":"上長磯町"}],"2166":[{"pref":"群馬県","city":"前橋市","town":"野中町"}],"2201":[{"pref":"群馬県","city":"伊勢崎市","town":"間野谷町"}],"2202":[{"pref":"群馬県","city":"伊勢崎市","town":"赤堀鹿島町"}],"2203":[{"pref":"群馬県","city":"伊勢崎市","town":"曲沢町"}],"2204":[{"pref":"群馬県","city":"伊勢崎市","town":"西久保町"}],"2205":[{"pref":"群馬県","city":"伊勢崎市","town":"野町"}],"2206":[{"pref":"群馬県","city":"伊勢崎市","town":"香林町"}],"2211":[{"pref":"群馬県","city":"伊勢崎市","town":"市場町"}],"2212":[{"pref":"群馬県","city":"伊勢崎市","town":"堀下町"}],"2213":[{"pref":"群馬県","city":"伊勢崎市","town":"五目牛町"}],"2214":[{"pref":"群馬県","city":"伊勢崎市","town":"下触町"}],"2215":[{"pref":"群馬県","city":"伊勢崎市","town":"赤堀今井町"}],"2216":[{"pref":"群馬県","city":"伊勢崎市","town":"西野町"}],"2217":[{"pref":"群馬県","city":"伊勢崎市","town":"磯町"}],"2221":[{"pref":"群馬県","city":"伊勢崎市","town":"国定町"}],"2222":[{"pref":"群馬県","city":"伊勢崎市","town":"田部井町"}],"2224":[{"pref":"群馬県","city":"伊勢崎市","town":"西小保方町"}],"2225":[{"pref":"群馬県","city":"伊勢崎市","town":"上田町"}],"2231":[{"pref":"群馬県","city":"伊勢崎市","town":"東町"}],"2232":[{"pref":"群馬県","city":"伊勢崎市","town":"小泉町"}],"2233":[{"pref":"群馬県","city":"伊勢崎市","town":"平井町"}],"2234":[{"pref":"群馬県","city":"伊勢崎市","town":"東小保方町"}],"2235":[{"pref":"群馬県","city":"伊勢崎市","town":"三室町"}],"2236":[{"pref":"群馬県","city":"伊勢崎市","town":"八寸町"}],"2301":[{"pref":"群馬県","city":"太田市","town":"藪塚町"}],"2302":[{"pref":"群馬県","city":"太田市","town":"山之神町"}],"2303":[{"pref":"群馬県","city":"太田市","town":"寄合町"}],"2304":[{"pref":"群馬県","city":"太田市","town":"大原町"}],"2305":[{"pref":"群馬県","city":"太田市","town":"六千石町"}],"2306":[{"pref":"群馬県","city":"太田市","town":"大久保町"}],"2311":[{"pref":"群馬県","city":"みどり市","town":"笠懸町阿左美"}],"2312":[{"pref":"群馬県","city":"みどり市","town":"笠懸町久宮"}],"2313":[{"pref":"群馬県","city":"みどり市","town":"笠懸町鹿"}],"2314":[{"pref":"群馬県","city":"みどり市","town":"笠懸町西鹿田"}],"0202":[{"pref":"群馬県","city":"富岡市","town":"妙義町大牛"}],"0205":[{"pref":"群馬県","city":"富岡市","town":"妙義町北山"}],"0208":[{"pref":"群馬県","city":"富岡市","town":"妙義町菅原"}],"0203":[{"pref":"群馬県","city":"富岡市","town":"妙義町岳"}],"0206":[{"pref":"群馬県","city":"富岡市","town":"妙義町中里"}],"0204":[{"pref":"群馬県","city":"富岡市","town":"妙義町行沢"}],"0207":[{"pref":"群馬県","city":"富岡市","town":"妙義町古立"}],"0201":[{"pref":"群馬県","city":"富岡市","town":"妙義町妙義"}],"0209":[{"pref":"群馬県","city":"富岡市","town":"妙義町諸戸"}],"0100":[{"pref":"群馬県","city":"安中市","town":"以下に掲載がない場合"}],"0109":[{"pref":"群馬県","city":"安中市","town":"秋間みのりが丘"}],"0116":[{"pref":"群馬県","city":"安中市","town":"安中"}],"0127":[{"pref":"群馬県","city":"安中市","town":"磯部"}],"0111":[{"pref":"群馬県","city":"安中市","town":"板鼻"}],"0112":[{"pref":"群馬県","city":"安中市","town":"岩井"}],"0121":[{"pref":"群馬県","city":"安中市","town":"大竹"}],"0113":[{"pref":"群馬県","city":"安中市","town":"大谷"}],"0105":[{"pref":"群馬県","city":"安中市","town":"小俣"}],"0108":[{"pref":"群馬県","city":"安中市","town":"上後閑"}],"0123":[{"pref":"群馬県","city":"安中市","town":"上間仁田"}],"0135":[{"pref":"群馬県","city":"安中市","town":"郷原"}],"0132":[{"pref":"群馬県","city":"安中市","town":"高別当"}],"0124":[{"pref":"群馬県","city":"安中市","town":"鷺宮"}],"0104":[{"pref":"群馬県","city":"安中市","town":"下秋間"}],"0129":[{"pref":"群馬県","city":"安中市","town":"下磯部"}],"0106":[{"pref":"群馬県","city":"安中市","town":"下後閑"}],"0122":[{"pref":"群馬県","city":"安中市","town":"下間仁田"}],"0103":[{"pref":"群馬県","city":"安中市","town":"中秋間"}],"0107":[{"pref":"群馬県","city":"安中市","town":"中後閑"}],"0115":[{"pref":"群馬県","city":"安中市","town":"中宿"}],"0125":[{"pref":"群馬県","city":"安中市","town":"中野谷"}],"0101":[{"pref":"群馬県","city":"安中市","town":"西上秋間"}],"0126":[{"pref":"群馬県","city":"安中市","town":"西上磯部"}],"0114":[{"pref":"群馬県","city":"安中市","town":"野殿"}],"0133":[{"pref":"群馬県","city":"安中市","town":"原市"}],"0102":[{"pref":"群馬県","city":"安中市","town":"東上秋間"}],"0128":[{"pref":"群馬県","city":"安中市","town":"東上磯部"}],"0131":[{"pref":"群馬県","city":"安中市","town":"古屋"}],"0216":[{"pref":"群馬県","city":"安中市","town":"松井田町新井"}],"0305":[{"pref":"群馬県","city":"安中市","town":"松井田町入山"}],"0226":[{"pref":"群馬県","city":"安中市","town":"松井田町行田"}],"0213":[{"pref":"群馬県","city":"安中市","town":"松井田町小日向"}],"0211":[{"pref":"群馬県","city":"安中市","town":"松井田町上増田"}],"0304":[{"pref":"群馬県","city":"安中市","town":"松井田町北野牧"}],"0214":[{"pref":"群馬県","city":"安中市","town":"松井田町国衙"}],"0302":[{"pref":"群馬県","city":"安中市","town":"松井田町五料"}],"0307":[{"pref":"群馬県","city":"安中市","town":"松井田町坂本"}],"0212":[{"pref":"群馬県","city":"安中市","town":"松井田町下増田"}],"0215":[{"pref":"群馬県","city":"安中市","town":"松井田町高梨子"}],"0221":[{"pref":"群馬県","city":"安中市","town":"松井田町新堀"}],"0223":[{"pref":"群馬県","city":"安中市","town":"松井田町二軒在家"}],"0303":[{"pref":"群馬県","city":"安中市","town":"松井田町西野牧"}],"0306":[{"pref":"群馬県","city":"安中市","town":"松井田町原"}],"0217":[{"pref":"群馬県","city":"安中市","town":"松井田町土塩"}],"0224":[{"pref":"群馬県","city":"安中市","town":"松井田町人見"}],"0222":[{"pref":"群馬県","city":"安中市","town":"松井田町松井田"}],"0225":[{"pref":"群馬県","city":"安中市","town":"松井田町八城"}],"0301":[{"pref":"群馬県","city":"安中市","town":"松井田町横川"}],"0136":[{"pref":"群馬県","city":"安中市","town":"嶺"}],"0134":[{"pref":"群馬県","city":"安中市","town":"簗瀬"}]}