{"0059":[{"pref":"神奈川県","city":"横浜市港北区","town":"北新横浜"}],"0064":[{"pref":"神奈川県","city":"横浜市港北区","town":"下田町"}],"0056":[{"pref":"神奈川県","city":"横浜市港北区","town":"新吉田町"}],"0058":[{"pref":"神奈川県","city":"横浜市港北区","town":"新吉田東"}],"0063":[{"pref":"神奈川県","city":"横浜市港北区","town":"高田町"}],"0066":[{"pref":"神奈川県","city":"横浜市港北区","town":"高田西"}],"0065":[{"pref":"神奈川県","city":"横浜市港北区","town":"高田東"}],"0055":[{"pref":"神奈川県","city":"横浜市港北区","town":"綱島上町"}],"0054":[{"pref":"神奈川県","city":"横浜市港北区","town":"綱島台"}],"0052":[{"pref":"神奈川県","city":"横浜市港北区","town":"綱島東"}],"0053":[{"pref":"神奈川県","city":"横浜市港北区","town":"綱島西"}],"0057":[{"pref":"神奈川県","city":"横浜市港北区","town":"新羽町"}],"0061":[{"pref":"神奈川県","city":"横浜市港北区","town":"日吉"}],"0062":[{"pref":"神奈川県","city":"横浜市港北区","town":"日吉本町"}],"0051":[{"pref":"神奈川県","city":"横浜市港北区","town":"箕輪町"}]}