{"0000":[{"pref":"埼玉県","city":"越谷市","town":"以下に掲載がない場合"}],"0807":[{"pref":"埼玉県","city":"越谷市","town":"赤山町"}],"0808":[{"pref":"埼玉県","city":"越谷市","town":"赤山本町"}],"0826":[{"pref":"埼玉県","city":"越谷市","town":"東町"}],"0831":[{"pref":"埼玉県","city":"越谷市","town":"伊原"}],"0025":[{"pref":"埼玉県","city":"越谷市","town":"大沢"}],"0031":[{"pref":"埼玉県","city":"越谷市","town":"大里"}],"0005":[{"pref":"埼玉県","city":"越谷市","town":"大杉"}],"0034":[{"pref":"埼玉県","city":"越谷市","town":"大竹"}],"0044":[{"pref":"埼玉県","city":"越谷市","town":"大泊"}],"0021":[{"pref":"埼玉県","city":"越谷市","town":"大林"}],"0027":[{"pref":"埼玉県","city":"越谷市","town":"大房"}],"0004":[{"pref":"埼玉県","city":"越谷市","town":"大松"}],"0844":[{"pref":"埼玉県","city":"越谷市","town":"大間野町"}],"0035":[{"pref":"埼玉県","city":"越谷市","town":"大道"}],"0008":[{"pref":"埼玉県","city":"越谷市","town":"大吉"}],"0802":[{"pref":"埼玉県","city":"越谷市","town":"小曽川"}],"0033":[{"pref":"埼玉県","city":"越谷市","town":"恩間"}],"0037":[{"pref":"埼玉県","city":"越谷市","town":"恩間新田"}],"0043":[{"pref":"埼玉県","city":"越谷市","town":"上間久里"}],"0838":[{"pref":"埼玉県","city":"越谷市","town":"蒲生"}],"0843":[{"pref":"埼玉県","city":"越谷市","town":"蒲生茜町"}],"0842":[{"pref":"埼玉県","city":"越谷市","town":"蒲生旭町"}],"0834":[{"pref":"埼玉県","city":"越谷市","town":"蒲生愛宕町"}],"0836":[{"pref":"埼玉県","city":"越谷市","town":"蒲生寿町"}],"0841":[{"pref":"埼玉県","city":"越谷市","town":"蒲生東町"}],"0835":[{"pref":"埼玉県","city":"越谷市","town":"蒲生西町"}],"0833":[{"pref":"埼玉県","city":"越谷市","town":"蒲生南町"}],"0837":[{"pref":"埼玉県","city":"越谷市","town":"蒲生本町"}],"0827":[{"pref":"埼玉県","city":"越谷市","town":"川柳町"}],"0821":[{"pref":"埼玉県","city":"越谷市","town":"瓦曽根"}],"0854":[{"pref":"埼玉県","city":"越谷市","town":"北後谷"}],"0006":[{"pref":"埼玉県","city":"越谷市","town":"北川崎"}],"0026":[{"pref":"埼玉県","city":"越谷市","town":"北越谷"}],"0024":[{"pref":"埼玉県","city":"越谷市","town":"越ケ谷（番地）"}],"0813":[{"pref":"埼玉県","city":"越谷市","town":"越ケ谷（丁目）"}],"0818":[{"pref":"埼玉県","city":"越谷市","town":"越ケ谷本町"}],"0811":[{"pref":"埼玉県","city":"越谷市","town":"御殿町"}],"0823":[{"pref":"埼玉県","city":"越谷市","town":"相模町"}],"0036":[{"pref":"埼玉県","city":"越谷市","town":"三野宮"}],"0851":[{"pref":"埼玉県","city":"越谷市","town":"七左町"}],"0045":[{"pref":"埼玉県","city":"越谷市","town":"下間久里"}],"0852":[{"pref":"埼玉県","city":"越谷市","town":"新川町"}],"0857":[{"pref":"埼玉県","city":"越谷市","town":"新越谷"}],"0805":[{"pref":"埼玉県","city":"越谷市","town":"神明町"}],"0803":[{"pref":"埼玉県","city":"越谷市","town":"砂原"}],"0042":[{"pref":"埼玉県","city":"越谷市","town":"千間台東"}],"0041":[{"pref":"埼玉県","city":"越谷市","town":"千間台西"}],"0825":[{"pref":"埼玉県","city":"越谷市","town":"大成町"}],"0013":[{"pref":"埼玉県","city":"越谷市","town":"中島"}],"0817":[{"pref":"埼玉県","city":"越谷市","town":"中町"}],"0853":[{"pref":"埼玉県","city":"越谷市","town":"長島"}],"0855":[{"pref":"埼玉県","city":"越谷市","town":"西新井"}],"0822":[{"pref":"埼玉県","city":"越谷市","town":"西方"}],"0801":[{"pref":"埼玉県","city":"越谷市","town":"野島"}],"0846":[{"pref":"埼玉県","city":"越谷市","town":"登戸町"}],"0015":[{"pref":"埼玉県","city":"越谷市","town":"花田"}],"0022":[{"pref":"埼玉県","city":"越谷市","town":"東大沢"}],"0023":[{"pref":"埼玉県","city":"越谷市","town":"東越谷"}],"0814":[{"pref":"埼玉県","city":"越谷市","town":"東柳田町"}],"0002":[{"pref":"埼玉県","city":"越谷市","town":"平方"}],"0001":[{"pref":"埼玉県","city":"越谷市","town":"平方南町"}],"0032":[{"pref":"埼玉県","city":"越谷市","town":"袋山"}],"0003":[{"pref":"埼玉県","city":"越谷市","town":"船渡"}],"0011":[{"pref":"埼玉県","city":"越谷市","town":"増林"}],"0012":[{"pref":"埼玉県","city":"越谷市","town":"増森"}],"0804":[{"pref":"埼玉県","city":"越谷市","town":"南荻島"}],"0845":[{"pref":"埼玉県","city":"越谷市","town":"南越谷"}],"0832":[{"pref":"埼玉県","city":"越谷市","town":"南町"}],"0014":[{"pref":"埼玉県","city":"越谷市","town":"宮前"}],"0806":[{"pref":"埼玉県","city":"越谷市","town":"宮本町"}],"0007":[{"pref":"埼玉県","city":"越谷市","town":"向畑"}],"0815":[{"pref":"埼玉県","city":"越谷市","town":"元柳田町"}],"0046":[{"pref":"埼玉県","city":"越谷市","town":"弥栄町"}],"0047":[{"pref":"埼玉県","city":"越谷市","town":"弥十郎"}],"0856":[{"pref":"埼玉県","city":"越谷市","town":"谷中町"}],"0812":[{"pref":"埼玉県","city":"越谷市","town":"柳町"}],"0816":[{"pref":"埼玉県","city":"越谷市","town":"弥生町"}],"0824":[{"pref":"埼玉県","city":"越谷市","town":"流通団地"}],"0828":[{"pref":"埼玉県","city":"越谷市","town":"レイクタウン"}],"0100":[{"pref":"埼玉県","city":"北葛飾郡松伏町","town":"以下に掲載がない場合"}],"0101":[{"pref":"埼玉県","city":"北葛飾郡松伏町","town":"魚沼"}],"0106":[{"pref":"埼玉県","city":"北葛飾郡松伏町","town":"大川戸"}],"0103":[{"pref":"埼玉県","city":"北葛飾郡松伏町","town":"金杉"}],"0115":[{"pref":"埼玉県","city":"北葛飾郡松伏町","town":"上赤岩"}],"0116":[{"pref":"埼玉県","city":"北葛飾郡松伏町","town":"下赤岩"}],"0105":[{"pref":"埼玉県","city":"北葛飾郡松伏町","town":"田島"}],"0104":[{"pref":"埼玉県","city":"北葛飾郡松伏町","town":"田島東"}],"0107":[{"pref":"埼玉県","city":"北葛飾郡松伏町","town":"田島南"}],"0117":[{"pref":"埼玉県","city":"北葛飾郡松伏町","town":"田中"}],"0102":[{"pref":"埼玉県","city":"北葛飾郡松伏町","town":"築比地"}],"0112":[{"pref":"埼玉県","city":"北葛飾郡松伏町","town":"松葉"}],"0111":[{"pref":"埼玉県","city":"北葛飾郡松伏町","town":"松伏"}],"0113":[{"pref":"埼玉県","city":"北葛飾郡松伏町","town":"ゆめみ野"}],"0114":[{"pref":"埼玉県","city":"北葛飾郡松伏町","town":"ゆめみ野東"}]}