{"0000":[{"pref":"大阪府","city":"八尾市","town":"以下に掲載がない場合"}],"0082":[{"pref":"大阪府","city":"八尾市","town":"相生町"}],"0018":[{"pref":"大阪府","city":"八尾市","town":"青山町"}],"0020":[{"pref":"大阪府","city":"八尾市","town":"曙川東"}],"0026":[{"pref":"大阪府","city":"八尾市","town":"曙町"}],"0087":[{"pref":"大阪府","city":"八尾市","town":"明美町"}],"0833":[{"pref":"大阪府","city":"八尾市","town":"旭ケ丘"}],"0064":[{"pref":"大阪府","city":"八尾市","town":"跡部本町"}],"0055":[{"pref":"大阪府","city":"八尾市","town":"跡部南の町"}],"0068":[{"pref":"大阪府","city":"八尾市","town":"跡部北の町"}],"0813":[{"pref":"大阪府","city":"八尾市","town":"泉町"}],"0084":[{"pref":"大阪府","city":"八尾市","town":"植松町"}],"0092":[{"pref":"大阪府","city":"八尾市","town":"老原"}],"0863":[{"pref":"大阪府","city":"八尾市","town":"大窪"}],"0037":[{"pref":"大阪府","city":"八尾市","town":"太田"}],"0854":[{"pref":"大阪府","city":"八尾市","town":"大竹"}],"0039":[{"pref":"大阪府","city":"八尾市","town":"太田新町"}],"0015":[{"pref":"大阪府","city":"八尾市","town":"刑部"}],"0883":[{"pref":"大阪府","city":"八尾市","town":"恩智中町"}],"0884":[{"pref":"大阪府","city":"八尾市","town":"恩智南町"}],"0882":[{"pref":"大阪府","city":"八尾市","town":"恩智北町"}],"0881":[{"pref":"大阪府","city":"八尾市","town":"垣内"}],"0853":[{"pref":"大阪府","city":"八尾市","town":"楽音寺"}],"0022":[{"pref":"大阪府","city":"八尾市","town":"柏村町"}],"0061":[{"pref":"大阪府","city":"八尾市","town":"春日町"}],"0823":[{"pref":"大阪府","city":"八尾市","town":"桂町"}],"0851":[{"pref":"大阪府","city":"八尾市","town":"上尾町"}],"0846":[{"pref":"大阪府","city":"八尾市","town":"上之島町南"}],"0845":[{"pref":"大阪府","city":"八尾市","town":"上之島町北"}],"0065":[{"pref":"大阪府","city":"八尾市","town":"亀井町"}],"0834":[{"pref":"大阪府","city":"八尾市","town":"萱振町"}],"0066":[{"pref":"大阪府","city":"八尾市","town":"北亀井町"}],"0041":[{"pref":"大阪府","city":"八尾市","town":"北木の本"}],"0071":[{"pref":"大阪府","city":"八尾市","town":"北久宝寺"}],"0802":[{"pref":"大阪府","city":"八尾市","town":"北本町"}],"0044":[{"pref":"大阪府","city":"八尾市","town":"木の本"}],"0817":[{"pref":"大阪府","city":"八尾市","town":"久宝園"}],"0072":[{"pref":"大阪府","city":"八尾市","town":"久宝寺"}],"0874":[{"pref":"大阪府","city":"八尾市","town":"教興寺"}],"0043":[{"pref":"大阪府","city":"八尾市","town":"空港"}],"0814":[{"pref":"大阪府","city":"八尾市","town":"楠根町"}],"0873":[{"pref":"大阪府","city":"八尾市","town":"黒谷"}],"0855":[{"pref":"大阪府","city":"八尾市","town":"神立"}],"0007":[{"pref":"大阪府","city":"八尾市","town":"光南町"}],"0872":[{"pref":"大阪府","city":"八尾市","town":"郡川"}],"0012":[{"pref":"大阪府","city":"八尾市","town":"小阪合町"}],"0835":[{"pref":"大阪府","city":"八尾市","town":"小畑町"}],"0821":[{"pref":"大阪府","city":"八尾市","town":"幸町"}],"0074":[{"pref":"大阪府","city":"八尾市","town":"栄町"}],"0869":[{"pref":"大阪府","city":"八尾市","town":"桜ケ丘"}],"0816":[{"pref":"大阪府","city":"八尾市","town":"佐堂町"}],"0031":[{"pref":"大阪府","city":"八尾市","town":"志紀町"}],"0094":[{"pref":"大阪府","city":"八尾市","town":"志紀町西"}],"0033":[{"pref":"大阪府","city":"八尾市","town":"志紀町南"}],"0075":[{"pref":"大阪府","city":"八尾市","town":"渋川町"}],"0006":[{"pref":"大阪府","city":"八尾市","town":"清水町"}],"0811":[{"pref":"大阪府","city":"八尾市","town":"新家町"}],"0885":[{"pref":"大阪府","city":"八尾市","town":"神宮寺"}],"0067":[{"pref":"大阪府","city":"八尾市","town":"神武町"}],"0001":[{"pref":"大阪府","city":"八尾市","town":"末広町"}],"0005":[{"pref":"大阪府","city":"八尾市","town":"荘内町"}],"0063":[{"pref":"大阪府","city":"八尾市","town":"太子堂"}],"0095":[{"pref":"大阪府","city":"八尾市","town":"田井中"}],"0822":[{"pref":"大阪府","city":"八尾市","town":"高砂町"}],"0073":[{"pref":"大阪府","city":"八尾市","town":"高町"}],"0017":[{"pref":"大阪府","city":"八尾市","town":"高美町"}],"0875":[{"pref":"大阪府","city":"八尾市","town":"高安町南"}],"0871":[{"pref":"大阪府","city":"八尾市","town":"高安町北"}],"0052":[{"pref":"大阪府","city":"八尾市","town":"竹渕"}],"0053":[{"pref":"大阪府","city":"八尾市","town":"竹渕東"}],"0051":[{"pref":"大阪府","city":"八尾市","town":"竹渕西"}],"0862":[{"pref":"大阪府","city":"八尾市","town":"千塚"}],"0832":[{"pref":"大阪府","city":"八尾市","town":"堤町"}],"0025":[{"pref":"大阪府","city":"八尾市","town":"天王寺屋"}],"0014":[{"pref":"大阪府","city":"八尾市","town":"中田"}],"0836":[{"pref":"大阪府","city":"八尾市","town":"長池町"}],"0083":[{"pref":"大阪府","city":"八尾市","town":"永畑町"}],"0045":[{"pref":"大阪府","city":"八尾市","town":"西木の本"}],"0077":[{"pref":"大阪府","city":"八尾市","town":"西久宝寺"}],"0852":[{"pref":"大阪府","city":"八尾市","town":"西高安町"}],"0868":[{"pref":"大阪府","city":"八尾市","town":"西山本町"}],"0035":[{"pref":"大阪府","city":"八尾市","town":"西弓削"}],"0036":[{"pref":"大阪府","city":"八尾市","town":"沼"}],"0865":[{"pref":"大阪府","city":"八尾市","town":"服部川"}],"0803":[{"pref":"大阪府","city":"八尾市","town":"光町"}],"0093":[{"pref":"大阪府","city":"八尾市","town":"東老原"}],"0002":[{"pref":"大阪府","city":"八尾市","town":"東久宝寺"}],"0062":[{"pref":"大阪府","city":"八尾市","town":"東太子"}],"0004":[{"pref":"大阪府","city":"八尾市","town":"東本町"}],"0861":[{"pref":"大阪府","city":"八尾市","town":"東町"}],"0866":[{"pref":"大阪府","city":"八尾市","town":"東山本新町"}],"0847":[{"pref":"大阪府","city":"八尾市","town":"東山本町"}],"0029":[{"pref":"大阪府","city":"八尾市","town":"東弓削"}],"0844":[{"pref":"大阪府","city":"八尾市","town":"福栄町"}],"0842":[{"pref":"大阪府","city":"八尾市","town":"福万寺町"}],"0843":[{"pref":"大阪府","city":"八尾市","town":"福万寺町南"}],"0841":[{"pref":"大阪府","city":"八尾市","town":"福万寺町北"}],"0024":[{"pref":"大阪府","city":"八尾市","town":"二俣"}],"0003":[{"pref":"大阪府","city":"八尾市","town":"本町"}],"0088":[{"pref":"大阪府","city":"八尾市","town":"松山町"}],"0856":[{"pref":"大阪府","city":"八尾市","town":"水越"}],"0818":[{"pref":"大阪府","city":"八尾市","town":"美園町"}],"0837":[{"pref":"大阪府","city":"八尾市","town":"緑ケ丘"}],"0091":[{"pref":"大阪府","city":"八尾市","town":"南植松町"}],"0054":[{"pref":"大阪府","city":"八尾市","town":"南亀井町"}],"0042":[{"pref":"大阪府","city":"八尾市","town":"南木の本"}],"0076":[{"pref":"大阪府","city":"八尾市","town":"南久宝寺"}],"0019":[{"pref":"大阪府","city":"八尾市","town":"南小阪合町"}],"0056":[{"pref":"大阪府","city":"八尾市","town":"南太子堂"}],"0081":[{"pref":"大阪府","city":"八尾市","town":"南本町"}],"0023":[{"pref":"大阪府","city":"八尾市","town":"都塚"}],"0010":[{"pref":"大阪府","city":"八尾市","town":"都塚北"}],"0030":[{"pref":"大阪府","city":"八尾市","town":"都塚南"}],"0815":[{"pref":"大阪府","city":"八尾市","town":"宮町"}],"0027":[{"pref":"大阪府","city":"八尾市","town":"八尾木"},{"pref":"大阪府","city":"八尾市","town":"八尾木"}],"0028":[{"pref":"大阪府","city":"八尾市","town":"八尾木東"}],"0016":[{"pref":"大阪府","city":"八尾市","town":"八尾木北"}],"0085":[{"pref":"大阪府","city":"八尾市","town":"安中町"}],"0812":[{"pref":"大阪府","city":"八尾市","town":"山賀町"}],"0801":[{"pref":"大阪府","city":"八尾市","town":"山城町"}],"0864":[{"pref":"大阪府","city":"八尾市","town":"山畑"}],"0021":[{"pref":"大阪府","city":"八尾市","town":"山本高安町"}],"0867":[{"pref":"大阪府","city":"八尾市","town":"山本町"}],"0013":[{"pref":"大阪府","city":"八尾市","town":"山本町南"}],"0831":[{"pref":"大阪府","city":"八尾市","town":"山本町北"}],"0032":[{"pref":"大阪府","city":"八尾市","town":"弓削町"}],"0034":[{"pref":"大阪府","city":"八尾市","town":"弓削町南"}],"0086":[{"pref":"大阪府","city":"八尾市","town":"陽光園"}],"0069":[{"pref":"大阪府","city":"八尾市","town":"龍華町"}],"0011":[{"pref":"大阪府","city":"八尾市","town":"若草町"}],"0038":[{"pref":"大阪府","city":"八尾市","town":"若林町"}]}