{"0000":[{"pref":"北海道","city":"札幌市南区","town":"以下に掲載がない場合"}],"0849":[{"pref":"北海道","city":"札幌市南区","town":"石山"}],"0850":[{"pref":"北海道","city":"札幌市南区","town":"石山東"}],"0841":[{"pref":"北海道","city":"札幌市南区","town":"石山一条"}],"0842":[{"pref":"北海道","city":"札幌市南区","town":"石山二条"}],"0843":[{"pref":"北海道","city":"札幌市南区","town":"石山三条"}],"0844":[{"pref":"北海道","city":"札幌市南区","town":"石山四条"}],"0801":[{"pref":"北海道","city":"札幌市南区","town":"川沿一条"}],"0802":[{"pref":"北海道","city":"札幌市南区","town":"川沿二条"}],"0803":[{"pref":"北海道","city":"札幌市南区","town":"川沿三条"}],"0804":[{"pref":"北海道","city":"札幌市南区","town":"川沿四条"}],"0805":[{"pref":"北海道","city":"札幌市南区","town":"川沿五条"}],"0806":[{"pref":"北海道","city":"札幌市南区","town":"川沿六条"}],"0807":[{"pref":"北海道","city":"札幌市南区","town":"川沿七条"}],"0808":[{"pref":"北海道","city":"札幌市南区","town":"川沿八条"}],"0809":[{"pref":"北海道","city":"札幌市南区","town":"川沿九条"}],"0810":[{"pref":"北海道","city":"札幌市南区","town":"川沿十条"}],"0811":[{"pref":"北海道","city":"札幌市南区","town":"川沿十一条"}],"0812":[{"pref":"北海道","city":"札幌市南区","town":"川沿十二条"}],"0813":[{"pref":"北海道","city":"札幌市南区","town":"川沿十三条"}],"0814":[{"pref":"北海道","city":"札幌市南区","town":"川沿十四条"}],"0815":[{"pref":"北海道","city":"札幌市南区","town":"川沿十五条"}],"0816":[{"pref":"北海道","city":"札幌市南区","town":"川沿十六条"}],"0817":[{"pref":"北海道","city":"札幌市南区","town":"川沿十七条"}],"0818":[{"pref":"北海道","city":"札幌市南区","town":"川沿十八条"}],"0832":[{"pref":"北海道","city":"札幌市南区","town":"北ノ沢"}],"0864":[{"pref":"北海道","city":"札幌市南区","town":"芸術の森"}],"0007":[{"pref":"北海道","city":"札幌市南区","town":"澄川"}],"0001":[{"pref":"北海道","city":"札幌市南区","town":"澄川一条"}],"0002":[{"pref":"北海道","city":"札幌市南区","town":"澄川二条"}],"0003":[{"pref":"北海道","city":"札幌市南区","town":"澄川三条"}],"0004":[{"pref":"北海道","city":"札幌市南区","town":"澄川四条"}],"0005":[{"pref":"北海道","city":"札幌市南区","town":"澄川五条"}],"0006":[{"pref":"北海道","city":"札幌市南区","town":"澄川六条"}],"0862":[{"pref":"北海道","city":"札幌市南区","town":"滝野"}],"0830":[{"pref":"北海道","city":"札幌市南区","town":"砥石山"}],"0865":[{"pref":"北海道","city":"札幌市南区","town":"常盤（１～１３１番地）"}],"0863":[{"pref":"北海道","city":"札幌市南区","town":"常盤（その他）"}],"0851":[{"pref":"北海道","city":"札幌市南区","town":"常盤一条"}],"0852":[{"pref":"北海道","city":"札幌市南区","town":"常盤二条"}],"0853":[{"pref":"北海道","city":"札幌市南区","town":"常盤三条"}],"0854":[{"pref":"北海道","city":"札幌市南区","town":"常盤四条"}],"0855":[{"pref":"北海道","city":"札幌市南区","town":"常盤五条"}],"0856":[{"pref":"北海道","city":"札幌市南区","town":"常盤六条"}],"0831":[{"pref":"北海道","city":"札幌市南区","town":"中ノ沢"}],"0840":[{"pref":"北海道","city":"札幌市南区","town":"藤野（４００、４００－２番地）"}],"0008":[{"pref":"北海道","city":"札幌市南区","town":"真駒内（１７番地）"}],"0861":[{"pref":"北海道","city":"札幌市南区","town":"真駒内（その他）"}],"0018":[{"pref":"北海道","city":"札幌市南区","town":"真駒内曙町"}],"0015":[{"pref":"北海道","city":"札幌市南区","town":"真駒内泉町"}],"0022":[{"pref":"北海道","city":"札幌市南区","town":"真駒内柏丘"}],"0012":[{"pref":"北海道","city":"札幌市南区","town":"真駒内上町"}],"0014":[{"pref":"北海道","city":"札幌市南区","town":"真駒内幸町"}],"0011":[{"pref":"北海道","city":"札幌市南区","town":"真駒内東町"}],"0021":[{"pref":"北海道","city":"札幌市南区","town":"真駒内本町"}],"0013":[{"pref":"北海道","city":"札幌市南区","town":"真駒内緑町"}],"0016":[{"pref":"北海道","city":"札幌市南区","town":"真駒内南町"}],"0017":[{"pref":"北海道","city":"札幌市南区","town":"真駒内公園"}],"0827":[{"pref":"北海道","city":"札幌市南区","town":"南沢"}],"0821":[{"pref":"北海道","city":"札幌市南区","town":"南沢一条"}],"0822":[{"pref":"北海道","city":"札幌市南区","town":"南沢二条"}],"0823":[{"pref":"北海道","city":"札幌市南区","town":"南沢三条"}],"0824":[{"pref":"北海道","city":"札幌市南区","town":"南沢四条"}],"0825":[{"pref":"北海道","city":"札幌市南区","town":"南沢五条"}],"0826":[{"pref":"北海道","city":"札幌市南区","town":"南沢六条"}],"0030":[{"pref":"北海道","city":"札幌市南区","town":"南三十条西（８丁目）"}],"0031":[{"pref":"北海道","city":"札幌市南区","town":"南三十一条西"}],"0032":[{"pref":"北海道","city":"札幌市南区","town":"南三十二条西"}],"0033":[{"pref":"北海道","city":"札幌市南区","town":"南三十三条西"}],"0034":[{"pref":"北海道","city":"札幌市南区","town":"南三十四条西"}],"0035":[{"pref":"北海道","city":"札幌市南区","town":"南三十五条西"}],"0036":[{"pref":"北海道","city":"札幌市南区","town":"南三十六条西"}],"0037":[{"pref":"北海道","city":"札幌市南区","town":"南三十七条西"}],"0038":[{"pref":"北海道","city":"札幌市南区","town":"南三十八条西"}],"0039":[{"pref":"北海道","city":"札幌市南区","town":"南三十九条西"}],"0040":[{"pref":"北海道","city":"札幌市南区","town":"藻岩下"}],"0041":[{"pref":"北海道","city":"札幌市南区","town":"藻岩山"}]}