{"0000":[{"pref":"福井県","city":"勝山市","town":"以下に掲載がない場合"}],"0817":[{"pref":"福井県","city":"勝山市","town":"旭毛屋町"}],"0803":[{"pref":"福井県","city":"勝山市","town":"旭町"}],"0045":[{"pref":"福井県","city":"勝山市","town":"荒土町伊波"},{"pref":"福井県","city":"勝山市","town":"荒土町妙金島"}],"0041":[{"pref":"福井県","city":"勝山市","town":"荒土町北新在家"},{"pref":"福井県","city":"勝山市","town":"荒土町清水島"},{"pref":"福井県","city":"勝山市","town":"荒土町布市"}],"0047":[{"pref":"福井県","city":"勝山市","town":"荒土町北宮地"}],"0048":[{"pref":"福井県","city":"勝山市","town":"荒土町境"},{"pref":"福井県","city":"勝山市","town":"荒土町新道"},{"pref":"福井県","city":"勝山市","town":"荒土町戸倉"},{"pref":"福井県","city":"勝山市","town":"荒土町西ケ原"},{"pref":"福井県","city":"勝山市","town":"荒土町別所"},{"pref":"福井県","city":"勝山市","town":"荒土町細野"},{"pref":"福井県","city":"勝山市","town":"荒土町細野口"}],"0043":[{"pref":"福井県","city":"勝山市","town":"荒土町新保"}],"0042":[{"pref":"福井県","city":"勝山市","town":"荒土町田名部"},{"pref":"福井県","city":"勝山市","town":"荒土町松田"}],"0046":[{"pref":"福井県","city":"勝山市","town":"荒土町中清水"},{"pref":"福井県","city":"勝山市","town":"荒土町堀名"},{"pref":"福井県","city":"勝山市","town":"荒土町堀名中清水"}],"0044":[{"pref":"福井県","city":"勝山市","town":"荒土町松ケ崎"}],"0812":[{"pref":"福井県","city":"勝山市","town":"猪野"}],"0813":[{"pref":"福井県","city":"勝山市","town":"猪野口"}],"0816":[{"pref":"福井県","city":"勝山市","town":"猪野毛屋"},{"pref":"福井県","city":"勝山市","town":"毛屋"},{"pref":"福井県","city":"勝山市","town":"毛屋町"},{"pref":"福井県","city":"勝山市","town":"下毛屋"}],"0834":[{"pref":"福井県","city":"勝山市","town":"遅羽町大袋"},{"pref":"福井県","city":"勝山市","town":"遅羽町新道"}],"0833":[{"pref":"福井県","city":"勝山市","town":"遅羽町北山"}],"0836":[{"pref":"福井県","city":"勝山市","town":"遅羽町下荒井"}],"0831":[{"pref":"福井県","city":"勝山市","town":"遅羽町千代田"},{"pref":"福井県","city":"勝山市","town":"遅羽町中島"},{"pref":"福井県","city":"勝山市","town":"遅羽町比島"}],"0835":[{"pref":"福井県","city":"勝山市","town":"遅羽町ほう崎"}],"0832":[{"pref":"福井県","city":"勝山市","town":"遅羽町蓬生"}],"0811":[{"pref":"福井県","city":"勝山市","town":"片瀬"},{"pref":"福井県","city":"勝山市","town":"片瀬町"}],"0815":[{"pref":"福井県","city":"勝山市","town":"上高島"},{"pref":"福井県","city":"勝山市","town":"北市"},{"pref":"福井県","city":"勝山市","town":"下高島"},{"pref":"福井県","city":"勝山市","town":"高島"},{"pref":"福井県","city":"勝山市","town":"西高島"}],"0051":[{"pref":"福井県","city":"勝山市","town":"北郷町新町"},{"pref":"福井県","city":"勝山市","town":"北郷町志比原"},{"pref":"福井県","city":"勝山市","town":"北郷町檜曽谷"}],"0055":[{"pref":"福井県","city":"勝山市","town":"北郷町伊知地"},{"pref":"福井県","city":"勝山市","town":"北郷町岩屋"},{"pref":"福井県","city":"勝山市","town":"北郷町上野"}],"0053":[{"pref":"福井県","city":"勝山市","town":"北郷町上森川"},{"pref":"福井県","city":"勝山市","town":"北郷町下森川"},{"pref":"福井県","city":"勝山市","town":"北郷町森川"}],"0052":[{"pref":"福井県","city":"勝山市","town":"北郷町西妙金島"}],"0056":[{"pref":"福井県","city":"勝山市","town":"北郷町坂東島"}],"0054":[{"pref":"福井県","city":"勝山市","town":"北郷町東野"}],"0001":[{"pref":"福井県","city":"勝山市","town":"北谷町小原"}],"0004":[{"pref":"福井県","city":"勝山市","town":"北谷町北六呂師"},{"pref":"福井県","city":"勝山市","town":"北谷町中尾"}],"0002":[{"pref":"福井県","city":"勝山市","town":"北谷町木根橋"}],"0003":[{"pref":"福井県","city":"勝山市","town":"北谷町河合"}],"0005":[{"pref":"福井県","city":"勝山市","town":"北谷町杉山"}],"0006":[{"pref":"福井県","city":"勝山市","town":"北谷町谷"}],"0035":[{"pref":"福井県","city":"勝山市","town":"郡町"}],"0033":[{"pref":"福井県","city":"勝山市","town":"栄町"}],"0801":[{"pref":"福井県","city":"勝山市","town":"沢町"}],"0846":[{"pref":"福井県","city":"勝山市","town":"鹿谷町北西俣"}],"0847":[{"pref":"福井県","city":"勝山市","town":"鹿谷町西光寺"}],"0842":[{"pref":"福井県","city":"勝山市","town":"鹿谷町志田"}],"0843":[{"pref":"福井県","city":"勝山市","town":"鹿谷町杉俣"},{"pref":"福井県","city":"勝山市","town":"鹿谷町本郷"}],"0848":[{"pref":"福井県","city":"勝山市","town":"鹿谷町出村"},{"pref":"福井県","city":"勝山市","town":"鹿谷町保田"},{"pref":"福井県","city":"勝山市","town":"鹿谷町保田出村"}],"0844":[{"pref":"福井県","city":"勝山市","town":"鹿谷町東遅羽口"},{"pref":"福井県","city":"勝山市","town":"鹿谷町西遅羽口"}],"0841":[{"pref":"福井県","city":"勝山市","town":"鹿谷町発坂"}],"0845":[{"pref":"福井県","city":"勝山市","town":"鹿谷町矢戸口"}],"0802":[{"pref":"福井県","city":"勝山市","town":"昭和町"}],"0034":[{"pref":"福井県","city":"勝山市","town":"滝波町"}],"0805":[{"pref":"福井県","city":"勝山市","town":"立川町"}],"0031":[{"pref":"福井県","city":"勝山市","town":"長山町"}],"0011":[{"pref":"福井県","city":"勝山市","town":"野向町牛ケ谷"}],"0017":[{"pref":"福井県","city":"勝山市","town":"野向町北野津又"},{"pref":"福井県","city":"勝山市","town":"野向町横倉"}],"0015":[{"pref":"福井県","city":"勝山市","town":"野向町竹林"}],"0014":[{"pref":"福井県","city":"勝山市","town":"野向町聖丸"}],"0013":[{"pref":"福井県","city":"勝山市","town":"野向町深谷"}],"0012":[{"pref":"福井県","city":"勝山市","town":"野向町薬師神谷"}],"0016":[{"pref":"福井県","city":"勝山市","town":"野向町龍谷"}],"0823":[{"pref":"福井県","city":"勝山市","town":"平泉寺町赤尾"}],"0824":[{"pref":"福井県","city":"勝山市","town":"平泉寺町池ケ原"},{"pref":"福井県","city":"勝山市","town":"平泉寺町大矢谷"},{"pref":"福井県","city":"勝山市","town":"平泉寺町小矢谷"}],"0825":[{"pref":"福井県","city":"勝山市","town":"平泉寺町岩ケ野"},{"pref":"福井県","city":"勝山市","town":"平泉寺町上野"}],"0828":[{"pref":"福井県","city":"勝山市","town":"平泉寺町大渡"},{"pref":"福井県","city":"勝山市","town":"平泉寺町経塚"}],"0821":[{"pref":"福井県","city":"勝山市","town":"平泉寺町岡横江"}],"0826":[{"pref":"福井県","city":"勝山市","town":"平泉寺町壁倉"}],"0827":[{"pref":"福井県","city":"勝山市","town":"平泉寺町笹尾"}],"0822":[{"pref":"福井県","city":"勝山市","town":"平泉寺町神野"},{"pref":"福井県","city":"勝山市","town":"平泉寺町平泉寺"}],"0806":[{"pref":"福井県","city":"勝山市","town":"本町"}],"0022":[{"pref":"福井県","city":"勝山市","town":"村岡町暮見"},{"pref":"福井県","city":"勝山市","town":"芳野ケ原"}],"0026":[{"pref":"福井県","city":"勝山市","town":"村岡町黒原"}],"0025":[{"pref":"福井県","city":"勝山市","town":"村岡町五本寺"}],"0024":[{"pref":"福井県","city":"勝山市","town":"村岡町浄土寺"}],"0023":[{"pref":"福井県","city":"勝山市","town":"村岡町寺尾"}],"0021":[{"pref":"福井県","city":"勝山市","town":"村岡町栃神谷"}],"0804":[{"pref":"福井県","city":"勝山市","town":"元町"}],"0032":[{"pref":"福井県","city":"勝山市","town":"芳野町"}],"0814":[{"pref":"福井県","city":"勝山市","town":"若猪野"}]}