{"0000":[{"pref":"神奈川県","city":"川崎市宮前区","town":"以下に掲載がない場合"}],"0003":[{"pref":"神奈川県","city":"川崎市宮前区","town":"有馬"}],"0011":[{"pref":"神奈川県","city":"川崎市宮前区","town":"犬蔵"}],"0034":[{"pref":"神奈川県","city":"川崎市宮前区","town":"梶ケ谷"}],"0023":[{"pref":"神奈川県","city":"川崎市宮前区","town":"けやき平"}],"0021":[{"pref":"神奈川県","city":"川崎市宮前区","town":"五所塚"}],"0007":[{"pref":"神奈川県","city":"川崎市宮前区","town":"小台"}],"0004":[{"pref":"神奈川県","city":"川崎市宮前区","town":"鷺沼"}],"0013":[{"pref":"神奈川県","city":"川崎市宮前区","town":"潮見台"}],"0032":[{"pref":"神奈川県","city":"川崎市宮前区","town":"神木"}],"0031":[{"pref":"神奈川県","city":"川崎市宮前区","town":"神木本町"}],"0025":[{"pref":"神奈川県","city":"川崎市宮前区","town":"白幡台"}],"0015":[{"pref":"神奈川県","city":"川崎市宮前区","town":"菅生"}],"0014":[{"pref":"神奈川県","city":"川崎市宮前区","town":"菅生ケ丘"}],"0022":[{"pref":"神奈川県","city":"川崎市宮前区","town":"平"}],"0005":[{"pref":"神奈川県","city":"川崎市宮前区","town":"土橋"}],"0024":[{"pref":"神奈川県","city":"川崎市宮前区","town":"南平台"}],"0044":[{"pref":"神奈川県","city":"川崎市宮前区","town":"西野川"}],"0043":[{"pref":"神奈川県","city":"川崎市宮前区","town":"野川台"}],"0041":[{"pref":"神奈川県","city":"川崎市宮前区","town":"野川本町"}],"0026":[{"pref":"神奈川県","city":"川崎市宮前区","town":"初山"}],"0002":[{"pref":"神奈川県","city":"川崎市宮前区","town":"東有馬"}],"0035":[{"pref":"神奈川県","city":"川崎市宮前区","town":"馬絹"}],"0012":[{"pref":"神奈川県","city":"川崎市宮前区","town":"水沢"}],"0042":[{"pref":"神奈川県","city":"川崎市宮前区","town":"南野川"}],"0033":[{"pref":"神奈川県","city":"川崎市宮前区","town":"宮崎"}],"0006":[{"pref":"神奈川県","city":"川崎市宮前区","town":"宮前平"}]}