{"1100":[{"pref":"和歌山県","city":"海草郡紀美野町","town":"以下に掲載がない場合"}],"1101":[{"pref":"和歌山県","city":"海草郡紀美野町","town":"長谷"}],"1102":[{"pref":"和歌山県","city":"海草郡紀美野町","town":"柴目"}],"1103":[{"pref":"和歌山県","city":"海草郡紀美野町","town":"吉野"}],"1111":[{"pref":"和歌山県","city":"海草郡紀美野町","town":"福井"}],"1112":[{"pref":"和歌山県","city":"海草郡紀美野町","town":"坂本"}],"1113":[{"pref":"和歌山県","city":"海草郡紀美野町","town":"梅本"}],"1114":[{"pref":"和歌山県","city":"海草郡紀美野町","town":"中田"}],"1115":[{"pref":"和歌山県","city":"海草郡紀美野町","town":"奥佐々"}],"1121":[{"pref":"和歌山県","city":"海草郡紀美野町","town":"下佐々"}],"1131":[{"pref":"和歌山県","city":"海草郡紀美野町","town":"動木"}],"1141":[{"pref":"和歌山県","city":"海草郡紀美野町","town":"小畑"}],"1161":[{"pref":"和歌山県","city":"海南市","town":"野上新"}],"1162":[{"pref":"和歌山県","city":"海南市","town":"上谷"}],"1163":[{"pref":"和歌山県","city":"海南市","town":"赤沼"}],"1164":[{"pref":"和歌山県","city":"海南市","town":"海老谷"}],"1165":[{"pref":"和歌山県","city":"海南市","town":"ひや水"}],"1166":[{"pref":"和歌山県","city":"海南市","town":"次ケ谷"}],"1167":[{"pref":"和歌山県","city":"海南市","town":"九品寺"}],"1171":[{"pref":"和歌山県","city":"海南市","town":"野上中"}],"1172":[{"pref":"和歌山県","city":"海南市","town":"溝ノ口"}],"1173":[{"pref":"和歌山県","city":"海南市","town":"椋木"}],"1174":[{"pref":"和歌山県","city":"海南市","town":"木津"}],"1175":[{"pref":"和歌山県","city":"海南市","town":"沖野々"}],"1201":[{"pref":"和歌山県","city":"海草郡紀美野町","town":"北野"}],"1202":[{"pref":"和歌山県","city":"海草郡紀美野町","town":"初生谷"}],"1203":[{"pref":"和歌山県","city":"海草郡紀美野町","town":"花野原"}],"1204":[{"pref":"和歌山県","city":"海草郡紀美野町","town":"蓑津呂"}],"1205":[{"pref":"和歌山県","city":"海草郡紀美野町","town":"真国宮"}],"1206":[{"pref":"和歌山県","city":"海草郡紀美野町","town":"蓑垣内"}],"1207":[{"pref":"和歌山県","city":"海草郡紀美野町","town":"井堰"}],"1211":[{"pref":"和歌山県","city":"海草郡紀美野町","town":"桂瀬"}],"1212":[{"pref":"和歌山県","city":"海草郡紀美野町","town":"高畑"}],"1213":[{"pref":"和歌山県","city":"海草郡紀美野町","town":"赤木"}],"1214":[{"pref":"和歌山県","city":"海草郡紀美野町","town":"明添"}],"1215":[{"pref":"和歌山県","city":"海草郡紀美野町","town":"鎌滝"}],"1221":[{"pref":"和歌山県","city":"海草郡紀美野町","town":"三尾川"}],"1222":[{"pref":"和歌山県","city":"海草郡紀美野町","town":"大角"}],"1223":[{"pref":"和歌山県","city":"海草郡紀美野町","town":"津川"}],"1231":[{"pref":"和歌山県","city":"海草郡紀美野町","town":"上ケ井"}],"1232":[{"pref":"和歌山県","city":"海草郡紀美野町","town":"箕六"}],"1233":[{"pref":"和歌山県","city":"海草郡紀美野町","town":"南畑"}],"1234":[{"pref":"和歌山県","city":"海草郡紀美野町","town":"安井"}],"1235":[{"pref":"和歌山県","city":"海草郡紀美野町","town":"野中"}],"1241":[{"pref":"和歌山県","city":"海草郡紀美野町","town":"永谷"}],"1242":[{"pref":"和歌山県","city":"海草郡紀美野町","town":"樋下"}],"1243":[{"pref":"和歌山県","city":"海草郡紀美野町","town":"神野市場"}],"1244":[{"pref":"和歌山県","city":"海草郡紀美野町","town":"福田"}],"1251":[{"pref":"和歌山県","city":"海草郡紀美野町","town":"国木原"}],"1252":[{"pref":"和歌山県","city":"海草郡紀美野町","town":"西野"}],"1253":[{"pref":"和歌山県","city":"海草郡紀美野町","town":"東野"}],"1254":[{"pref":"和歌山県","city":"海草郡紀美野町","town":"松瀬"}],"1255":[{"pref":"和歌山県","city":"海草郡紀美野町","town":"釜滝"}],"1331":[{"pref":"和歌山県","city":"紀の川市","town":"桃山町峯"}],"1332":[{"pref":"和歌山県","city":"紀の川市","town":"桃山町中畑"}],"1333":[{"pref":"和歌山県","city":"紀の川市","town":"桃山町垣内"}],"1351":[{"pref":"和歌山県","city":"海草郡紀美野町","town":"勝谷"}],"1352":[{"pref":"和歌山県","city":"海草郡紀美野町","town":"谷"}],"1353":[{"pref":"和歌山県","city":"海草郡紀美野町","town":"円明寺"}],"1354":[{"pref":"和歌山県","city":"海草郡紀美野町","town":"四郷"}],"1361":[{"pref":"和歌山県","city":"海草郡紀美野町","town":"中"}],"1362":[{"pref":"和歌山県","city":"海草郡紀美野町","town":"滝ノ川"}],"1363":[{"pref":"和歌山県","city":"海草郡紀美野町","town":"田"}],"1364":[{"pref":"和歌山県","city":"海草郡紀美野町","town":"菅沢"}],"1365":[{"pref":"和歌山県","city":"海草郡紀美野町","town":"今西"}],"1366":[{"pref":"和歌山県","city":"海草郡紀美野町","town":"松ケ峰"}],"1471":[{"pref":"和歌山県","city":"海草郡紀美野町","town":"長谷宮"}],"1472":[{"pref":"和歌山県","city":"海草郡紀美野町","town":"毛原上"}],"1473":[{"pref":"和歌山県","city":"海草郡紀美野町","town":"毛原宮"}],"1474":[{"pref":"和歌山県","city":"海草郡紀美野町","town":"毛原中"}],"1475":[{"pref":"和歌山県","city":"海草郡紀美野町","town":"小西"}],"1476":[{"pref":"和歌山県","city":"海草郡紀美野町","town":"毛原下"}],"1481":[{"pref":"和歌山県","city":"伊都郡かつらぎ町","town":"新城"}],"8001":[{"pref":"和歌山県","city":"和歌山市","town":"北新七軒丁"}],"8002":[{"pref":"和歌山県","city":"和歌山市","town":"北新"}],"8003":[{"pref":"和歌山県","city":"和歌山市","town":"北新博労町"}],"8004":[{"pref":"和歌山県","city":"和歌山市","town":"東旅籠町"}],"8005":[{"pref":"和歌山県","city":"和歌山市","town":"元寺町南ノ丁"}],"8006":[{"pref":"和歌山県","city":"和歌山市","town":"元寺町東ノ丁"}],"8007":[{"pref":"和歌山県","city":"和歌山市","town":"元寺町西ノ丁"}],"8008":[{"pref":"和歌山県","city":"和歌山市","town":"元寺町北ノ丁"}],"8009":[{"pref":"和歌山県","city":"和歌山市","town":"鍋屋町"}],"8011":[{"pref":"和歌山県","city":"和歌山市","town":"北新元金屋丁"}],"8012":[{"pref":"和歌山県","city":"和歌山市","town":"北新金屋丁"}],"8013":[{"pref":"和歌山県","city":"和歌山市","town":"東仲間町"}],"8014":[{"pref":"和歌山県","city":"和歌山市","town":"西仲間町"}],"8015":[{"pref":"和歌山県","city":"和歌山市","town":"北新桶屋町"}],"8016":[{"pref":"和歌山県","city":"和歌山市","town":"北新中ノ丁"}],"8017":[{"pref":"和歌山県","city":"和歌山市","town":"北新戎ノ丁"}],"8020":[{"pref":"和歌山県","city":"和歌山市","town":"北桶屋町"}],"8021":[{"pref":"和歌山県","city":"和歌山市","town":"西旅籠町"}],"8022":[{"pref":"和歌山県","city":"和歌山市","town":"住吉町"}],"8023":[{"pref":"和歌山県","city":"和歌山市","town":"中ノ店北ノ丁"}],"8024":[{"pref":"和歌山県","city":"和歌山市","town":"元寺町"}],"8025":[{"pref":"和歌山県","city":"和歌山市","town":"中ノ店中ノ丁"}],"8026":[{"pref":"和歌山県","city":"和歌山市","town":"中ノ店南ノ丁"}],"8027":[{"pref":"和歌山県","city":"和歌山市","town":"米屋町"}],"8028":[{"pref":"和歌山県","city":"和歌山市","town":"匠町"}],"8029":[{"pref":"和歌山県","city":"和歌山市","town":"南桶屋町"}],"8031":[{"pref":"和歌山県","city":"和歌山市","town":"北大工町"}],"8032":[{"pref":"和歌山県","city":"和歌山市","town":"南大工町"}],"8033":[{"pref":"和歌山県","city":"和歌山市","town":"本町"}],"8034":[{"pref":"和歌山県","city":"和歌山市","town":"駿河町"}],"8035":[{"pref":"和歌山県","city":"和歌山市","town":"万町"}],"8036":[{"pref":"和歌山県","city":"和歌山市","town":"東鍛冶屋町"}],"8037":[{"pref":"和歌山県","city":"和歌山市","town":"西大工町"}],"8038":[{"pref":"和歌山県","city":"和歌山市","town":"北町"}],"8039":[{"pref":"和歌山県","city":"和歌山市","town":"宇治袋町"}],"8041":[{"pref":"和歌山県","city":"和歌山市","town":"専光寺門前丁"}],"8042":[{"pref":"和歌山県","city":"和歌山市","town":"西ノ店"}],"8043":[{"pref":"和歌山県","city":"和歌山市","town":"福町"}],"8044":[{"pref":"和歌山県","city":"和歌山市","town":"板屋町"}],"8045":[{"pref":"和歌山県","city":"和歌山市","town":"卜半町"}],"8046":[{"pref":"和歌山県","city":"和歌山市","town":"西鍛冶屋町"}],"8047":[{"pref":"和歌山県","city":"和歌山市","town":"鷺ノ森南ノ丁"}],"8051":[{"pref":"和歌山県","city":"和歌山市","town":"鷺ノ森東ノ丁"}],"8052":[{"pref":"和歌山県","city":"和歌山市","town":"鷺ノ森堂前丁"}],"8053":[{"pref":"和歌山県","city":"和歌山市","town":"鷺ノ森"}],"8054":[{"pref":"和歌山県","city":"和歌山市","town":"鷺ノ森片町"}],"8055":[{"pref":"和歌山県","city":"和歌山市","town":"九家ノ丁"}],"8056":[{"pref":"和歌山県","city":"和歌山市","town":"鷺ノ森西ノ丁"}],"8057":[{"pref":"和歌山県","city":"和歌山市","town":"鷺ノ森新道"}],"8058":[{"pref":"和歌山県","city":"和歌山市","town":"鷺ノ森中ノ丁"}],"8059":[{"pref":"和歌山県","city":"和歌山市","town":"鷺ノ森明神丁"}],"8060":[{"pref":"和歌山県","city":"和歌山市","town":"四筋目"}],"8061":[{"pref":"和歌山県","city":"和歌山市","town":"畳屋町"}],"8062":[{"pref":"和歌山県","city":"和歌山市","town":"北釘貫丁"}],"8063":[{"pref":"和歌山県","city":"和歌山市","town":"西釘貫丁"}],"8064":[{"pref":"和歌山県","city":"和歌山市","town":"東釘貫丁"}],"8065":[{"pref":"和歌山県","city":"和歌山市","town":"山吹丁"}],"8066":[{"pref":"和歌山県","city":"和歌山市","town":"東布経丁"}],"8067":[{"pref":"和歌山県","city":"和歌山市","town":"一筋目"}],"8068":[{"pref":"和歌山県","city":"和歌山市","town":"二筋目"}],"8069":[{"pref":"和歌山県","city":"和歌山市","town":"三筋目"}],"8071":[{"pref":"和歌山県","city":"和歌山市","town":"宇治薮下"}],"8072":[{"pref":"和歌山県","city":"和歌山市","town":"宇治家裏"}],"8073":[{"pref":"和歌山県","city":"和歌山市","town":"嘉家作丁"}],"8074":[{"pref":"和歌山県","city":"和歌山市","town":"新魚町"}],"8075":[{"pref":"和歌山県","city":"和歌山市","town":"源蔵馬場"}],"8076":[{"pref":"和歌山県","city":"和歌山市","town":"五筋目"}],"8077":[{"pref":"和歌山県","city":"和歌山市","town":"六筋目"}],"8078":[{"pref":"和歌山県","city":"和歌山市","town":"宇治鉄砲場"}],"8101":[{"pref":"和歌山県","city":"和歌山市","town":"新雑賀町"}],"8102":[{"pref":"和歌山県","city":"和歌山市","town":"南雑賀町"}],"8103":[{"pref":"和歌山県","city":"和歌山市","town":"北休賀町"}],"8104":[{"pref":"和歌山県","city":"和歌山市","town":"南休賀町"}],"8105":[{"pref":"和歌山県","city":"和歌山市","town":"三木町南ノ丁"}],"8106":[{"pref":"和歌山県","city":"和歌山市","town":"三木町中ノ丁"}],"8107":[{"pref":"和歌山県","city":"和歌山市","town":"三木町堀詰"}],"8108":[{"pref":"和歌山県","city":"和歌山市","town":"雑賀町"}],"8111":[{"pref":"和歌山県","city":"和歌山市","town":"新通"}],"8112":[{"pref":"和歌山県","city":"和歌山市","town":"南材木丁"}],"8113":[{"pref":"和歌山県","city":"和歌山市","town":"広瀬通丁"}],"8114":[{"pref":"和歌山県","city":"和歌山市","town":"船場町"}],"8115":[{"pref":"和歌山県","city":"和歌山市","town":"東紺屋町"}],"8116":[{"pref":"和歌山県","city":"和歌山市","town":"西紺屋町"}],"8117":[{"pref":"和歌山県","city":"和歌山市","town":"南細工町"}],"8118":[{"pref":"和歌山県","city":"和歌山市","town":"北細工町"}],"8119":[{"pref":"和歌山県","city":"和歌山市","town":"和歌町"}],"8121":[{"pref":"和歌山県","city":"和歌山市","town":"雑賀道"}],"8122":[{"pref":"和歌山県","city":"和歌山市","town":"汐見町"}],"8123":[{"pref":"和歌山県","city":"和歌山市","town":"三沢町"}],"8124":[{"pref":"和歌山県","city":"和歌山市","town":"雄松町"}],"8125":[{"pref":"和歌山県","city":"和歌山市","town":"島崎町"}],"8126":[{"pref":"和歌山県","city":"和歌山市","town":"南片原"}],"8127":[{"pref":"和歌山県","city":"和歌山市","town":"元町奉行丁"}],"8128":[{"pref":"和歌山県","city":"和歌山市","town":"広瀬中ノ丁"}],"8131":[{"pref":"和歌山県","city":"和歌山市","town":"弁財天丁"}],"8132":[{"pref":"和歌山県","city":"和歌山市","town":"山蔭丁"}],"8133":[{"pref":"和歌山県","city":"和歌山市","town":"谷町"}],"8134":[{"pref":"和歌山県","city":"和歌山市","town":"芦辺丁"}],"8135":[{"pref":"和歌山県","city":"和歌山市","town":"鷹匠町"}],"8136":[{"pref":"和歌山県","city":"和歌山市","town":"堀止東"}],"8137":[{"pref":"和歌山県","city":"和歌山市","town":"吹上"}],"8138":[{"pref":"和歌山県","city":"和歌山市","town":"薮ノ丁"}],"8139":[{"pref":"和歌山県","city":"和歌山市","town":"片岡町"}],"8141":[{"pref":"和歌山県","city":"和歌山市","town":"五番丁"}],"8142":[{"pref":"和歌山県","city":"和歌山市","town":"三番丁"}],"8143":[{"pref":"和歌山県","city":"和歌山市","town":"二番丁"}],"8144":[{"pref":"和歌山県","city":"和歌山市","town":"四番丁"}],"8145":[{"pref":"和歌山県","city":"和歌山市","town":"岡山丁"}],"8146":[{"pref":"和歌山県","city":"和歌山市","town":"一番丁"}],"8150":[{"pref":"和歌山県","city":"和歌山市","town":"十三番丁"}],"8151":[{"pref":"和歌山県","city":"和歌山市","town":"屋形町"}],"8152":[{"pref":"和歌山県","city":"和歌山市","town":"十番丁"}],"8153":[{"pref":"和歌山県","city":"和歌山市","town":"三木町台所町"}],"8154":[{"pref":"和歌山県","city":"和歌山市","town":"六番丁"}],"8155":[{"pref":"和歌山県","city":"和歌山市","town":"九番丁"}],"8156":[{"pref":"和歌山県","city":"和歌山市","town":"七番丁"}],"8157":[{"pref":"和歌山県","city":"和歌山市","town":"八番丁"}],"8158":[{"pref":"和歌山県","city":"和歌山市","town":"十二番丁"}],"8159":[{"pref":"和歌山県","city":"和歌山市","town":"十一番丁"}],"8201":[{"pref":"和歌山県","city":"和歌山市","town":"石橋丁"}],"8202":[{"pref":"和歌山県","city":"和歌山市","town":"屏風丁"}],"8203":[{"pref":"和歌山県","city":"和歌山市","town":"東蔵前丁"}],"8204":[{"pref":"和歌山県","city":"和歌山市","town":"伝法橋南ノ丁"}],"8205":[{"pref":"和歌山県","city":"和歌山市","town":"西蔵前丁"}],"8206":[{"pref":"和歌山県","city":"和歌山市","town":"徳田木丁"}],"8211":[{"pref":"和歌山県","city":"和歌山市","town":"西布経丁"}],"8212":[{"pref":"和歌山県","city":"和歌山市","town":"杉ノ馬場"}],"8213":[{"pref":"和歌山県","city":"和歌山市","town":"舟大工町"}],"8214":[{"pref":"和歌山県","city":"和歌山市","town":"寄合町"}],"8215":[{"pref":"和歌山県","city":"和歌山市","town":"橋丁"}],"8216":[{"pref":"和歌山県","city":"和歌山市","town":"元博労町"}],"8220":[{"pref":"和歌山県","city":"和歌山市","town":"下町"}],"8221":[{"pref":"和歌山県","city":"和歌山市","town":"湊紺屋町"}],"8222":[{"pref":"和歌山県","city":"和歌山市","town":"湊本町"}],"8223":[{"pref":"和歌山県","city":"和歌山市","town":"湊北町"}],"8224":[{"pref":"和歌山県","city":"和歌山市","town":"小野町"}],"8225":[{"pref":"和歌山県","city":"和歌山市","town":"久保丁"}],"8226":[{"pref":"和歌山県","city":"和歌山市","town":"小人町"}],"8227":[{"pref":"和歌山県","city":"和歌山市","town":"西汀丁"}],"8228":[{"pref":"和歌山県","city":"和歌山市","town":"小人町南ノ丁"}],"8229":[{"pref":"和歌山県","city":"和歌山市","town":"道場町"}],"8230":[{"pref":"和歌山県","city":"和歌山市","town":"男野芝丁"}],"8231":[{"pref":"和歌山県","city":"和歌山市","town":"北汀丁"}],"8232":[{"pref":"和歌山県","city":"和歌山市","town":"南汀丁"}],"8233":[{"pref":"和歌山県","city":"和歌山市","town":"北坂ノ上丁"}],"8234":[{"pref":"和歌山県","city":"和歌山市","town":"西坂ノ上丁"}],"8235":[{"pref":"和歌山県","city":"和歌山市","town":"東長町"}],"8236":[{"pref":"和歌山県","city":"和歌山市","town":"七曲り"}],"8237":[{"pref":"和歌山県","city":"和歌山市","town":"材木丁"}],"8238":[{"pref":"和歌山県","city":"和歌山市","town":"網屋町"}],"8239":[{"pref":"和歌山県","city":"和歌山市","town":"上町"}],"8241":[{"pref":"和歌山県","city":"和歌山市","town":"雑賀屋町東ノ丁"}],"8242":[{"pref":"和歌山県","city":"和歌山市","town":"上野町"}],"8243":[{"pref":"和歌山県","city":"和歌山市","town":"徒町"}],"8244":[{"pref":"和歌山県","city":"和歌山市","town":"久右衛門丁"}],"8245":[{"pref":"和歌山県","city":"和歌山市","town":"有田屋町南ノ丁"}],"8246":[{"pref":"和歌山県","city":"和歌山市","town":"有田屋町西ノ丁"}],"8247":[{"pref":"和歌山県","city":"和歌山市","town":"東坂ノ上丁"}],"8248":[{"pref":"和歌山県","city":"和歌山市","town":"有田屋町"}],"8249":[{"pref":"和歌山県","city":"和歌山市","town":"雑賀屋町"}],"8251":[{"pref":"和歌山県","city":"和歌山市","town":"南中間町"}],"8252":[{"pref":"和歌山県","city":"和歌山市","town":"北田辺丁"}],"8253":[{"pref":"和歌山県","city":"和歌山市","town":"北相生丁"}],"8254":[{"pref":"和歌山県","city":"和歌山市","town":"南田辺丁"}],"8255":[{"pref":"和歌山県","city":"和歌山市","town":"舟津町"}],"8256":[{"pref":"和歌山県","city":"和歌山市","town":"土佐町"}],"8261":[{"pref":"和歌山県","city":"和歌山市","town":"真砂丁"}],"8262":[{"pref":"和歌山県","city":"和歌山市","town":"湊通丁北"}],"8263":[{"pref":"和歌山県","city":"和歌山市","town":"茶屋ノ丁"}],"8264":[{"pref":"和歌山県","city":"和歌山市","town":"湊桶屋町"}],"8265":[{"pref":"和歌山県","city":"和歌山市","town":"小松原"}],"8266":[{"pref":"和歌山県","city":"和歌山市","town":"東長町中ノ丁"}],"8267":[{"pref":"和歌山県","city":"和歌山市","town":"芝ノ丁"}],"8268":[{"pref":"和歌山県","city":"和歌山市","town":"広道"}],"8269":[{"pref":"和歌山県","city":"和歌山市","town":"小松原通"}],"8271":[{"pref":"和歌山県","city":"和歌山市","town":"尾崎丁"}],"8272":[{"pref":"和歌山県","city":"和歌山市","town":"砂山南"}],"8273":[{"pref":"和歌山県","city":"和歌山市","town":"葵町"}],"8274":[{"pref":"和歌山県","city":"和歌山市","town":"金龍寺丁"}],"8275":[{"pref":"和歌山県","city":"和歌山市","town":"南相生丁"}],"8276":[{"pref":"和歌山県","city":"和歌山市","town":"作事丁"}],"8281":[{"pref":"和歌山県","city":"和歌山市","town":"湊通丁南"}],"8282":[{"pref":"和歌山県","city":"和歌山市","town":"出口甲賀丁"}],"8283":[{"pref":"和歌山県","city":"和歌山市","town":"出口中ノ丁"}],"8284":[{"pref":"和歌山県","city":"和歌山市","town":"出口端ノ丁"}],"8285":[{"pref":"和歌山県","city":"和歌山市","town":"出口新端ノ丁"}],"8286":[{"pref":"和歌山県","city":"和歌山市","town":"湊御殿"}],"8287":[{"pref":"和歌山県","city":"和歌山市","town":"築港"}],"8288":[{"pref":"和歌山県","city":"和歌山市","town":"加納町"}],"8290":[{"pref":"和歌山県","city":"和歌山市","town":"西長町"}],"8291":[{"pref":"和歌山県","city":"和歌山市","town":"北甚五兵衛丁"}],"8292":[{"pref":"和歌山県","city":"和歌山市","town":"南甚五兵衛丁"}],"8293":[{"pref":"和歌山県","city":"和歌山市","town":"駕町"}],"8294":[{"pref":"和歌山県","city":"和歌山市","town":"北中間町"}],"8295":[{"pref":"和歌山県","city":"和歌山市","town":"南牛町"}],"8296":[{"pref":"和歌山県","city":"和歌山市","town":"北土佐丁"}],"8297":[{"pref":"和歌山県","city":"和歌山市","town":"西河岸町"}],"8298":[{"pref":"和歌山県","city":"和歌山市","town":"植松丁"}],"8299":[{"pref":"和歌山県","city":"和歌山市","town":"北牛町"}],"8301":[{"pref":"和歌山県","city":"和歌山市","town":"岩橋"}],"8302":[{"pref":"和歌山県","city":"和歌山市","town":"井辺"}],"8303":[{"pref":"和歌山県","city":"和歌山市","town":"鳴神"}],"8304":[{"pref":"和歌山県","city":"和歌山市","town":"松島"}],"8305":[{"pref":"和歌山県","city":"和歌山市","town":"栗栖"}],"8306":[{"pref":"和歌山県","city":"和歌山市","town":"出島"}],"8311":[{"pref":"和歌山県","city":"和歌山市","town":"寺内"}],"8312":[{"pref":"和歌山県","city":"和歌山市","town":"森小手穂"}],"8313":[{"pref":"和歌山県","city":"和歌山市","town":"西"}],"8314":[{"pref":"和歌山県","city":"和歌山市","town":"神前"}],"8315":[{"pref":"和歌山県","city":"和歌山市","town":"津秦"}],"8316":[{"pref":"和歌山県","city":"和歌山市","town":"有家"}],"8317":[{"pref":"和歌山県","city":"和歌山市","town":"北出島"}],"8318":[{"pref":"和歌山県","city":"和歌山市","town":"南出島"}],"8319":[{"pref":"和歌山県","city":"和歌山市","town":"手平"}],"8320":[{"pref":"和歌山県","city":"和歌山市","town":"手平出島"}],"8321":[{"pref":"和歌山県","city":"和歌山市","town":"出水"}],"8322":[{"pref":"和歌山県","city":"和歌山市","town":"秋月"}],"8323":[{"pref":"和歌山県","city":"和歌山市","town":"太田"}],"8324":[{"pref":"和歌山県","city":"和歌山市","town":"吹屋町"}],"8325":[{"pref":"和歌山県","city":"和歌山市","town":"新生町"}],"8326":[{"pref":"和歌山県","city":"和歌山市","town":"新留丁"}],"8327":[{"pref":"和歌山県","city":"和歌山市","town":"橋向丁"}],"8328":[{"pref":"和歌山県","city":"和歌山市","town":"木広町"}],"8329":[{"pref":"和歌山県","city":"和歌山市","town":"田中町"}],"8331":[{"pref":"和歌山県","city":"和歌山市","town":"美園町"}],"8332":[{"pref":"和歌山県","city":"和歌山市","town":"楠右衛門小路"}],"8333":[{"pref":"和歌山県","city":"和歌山市","town":"蔵小路"}],"8334":[{"pref":"和歌山県","city":"和歌山市","town":"茶屋町"}],"8335":[{"pref":"和歌山県","city":"和歌山市","town":"餌差町"}],"8336":[{"pref":"和歌山県","city":"和歌山市","town":"柳丁"}],"8337":[{"pref":"和歌山県","city":"和歌山市","town":"毛革屋丁"}],"8341":[{"pref":"和歌山県","city":"和歌山市","town":"黒田"}],"8342":[{"pref":"和歌山県","city":"和歌山市","town":"友田町"}],"8343":[{"pref":"和歌山県","city":"和歌山市","town":"吉田"}],"8344":[{"pref":"和歌山県","city":"和歌山市","town":"納定"}],"8345":[{"pref":"和歌山県","city":"和歌山市","town":"新在家"}],"8350":[{"pref":"和歌山県","city":"和歌山市","town":"北ノ新地分銅丁"}],"8351":[{"pref":"和歌山県","city":"和歌山市","town":"新内"}],"8352":[{"pref":"和歌山県","city":"和歌山市","town":"北ノ新地裏田町"}],"8353":[{"pref":"和歌山県","city":"和歌山市","town":"北ノ新地榎丁"}],"8354":[{"pref":"和歌山県","city":"和歌山市","town":"北ノ新地東ノ丁"}],"8355":[{"pref":"和歌山県","city":"和歌山市","town":"北ノ新地"}],"8356":[{"pref":"和歌山県","city":"和歌山市","town":"北ノ新地上六軒丁"}],"8357":[{"pref":"和歌山県","city":"和歌山市","town":"北ノ新地中六軒丁"}],"8358":[{"pref":"和歌山県","city":"和歌山市","town":"北ノ新地下六軒丁"}],"8359":[{"pref":"和歌山県","city":"和歌山市","town":"北ノ新地田町"}],"8361":[{"pref":"和歌山県","city":"和歌山市","town":"岡円福院東ノ丁"}],"8362":[{"pref":"和歌山県","city":"和歌山市","town":"岡織屋小路"}],"8363":[{"pref":"和歌山県","city":"和歌山市","town":"岡南ノ丁"}],"8364":[{"pref":"和歌山県","city":"和歌山市","town":"岡円福院西ノ丁"}],"8365":[{"pref":"和歌山県","city":"和歌山市","town":"岡北ノ丁"}],"8371":[{"pref":"和歌山県","city":"和歌山市","town":"新八百屋丁"}],"8372":[{"pref":"和歌山県","city":"和歌山市","town":"新大工町"}],"8373":[{"pref":"和歌山県","city":"和歌山市","town":"木挽丁"}],"8374":[{"pref":"和歌山県","city":"和歌山市","town":"数寄屋丁"}],"8375":[{"pref":"和歌山県","city":"和歌山市","town":"坊主丁"}],"8376":[{"pref":"和歌山県","city":"和歌山市","town":"新中通"}],"8377":[{"pref":"和歌山県","city":"和歌山市","town":"新堺丁"}],"8378":[{"pref":"和歌山県","city":"和歌山市","town":"鈴丸丁"}],"8381":[{"pref":"和歌山県","city":"和歌山市","town":"畑屋敷東ノ丁"}],"8382":[{"pref":"和歌山県","city":"和歌山市","town":"畑屋敷榎丁"}],"8383":[{"pref":"和歌山県","city":"和歌山市","town":"畑屋敷円福院東ノ丁"}],"8384":[{"pref":"和歌山県","city":"和歌山市","town":"畑屋敷葛屋丁"}],"8385":[{"pref":"和歌山県","city":"和歌山市","town":"畑屋敷円福院西ノ丁"}],"8386":[{"pref":"和歌山県","city":"和歌山市","town":"畑屋敷雁木丁"}],"8387":[{"pref":"和歌山県","city":"和歌山市","town":"畑屋敷袋町"}],"8390":[{"pref":"和歌山県","city":"和歌山市","town":"有本"}],"8391":[{"pref":"和歌山県","city":"和歌山市","town":"加納"}],"8392":[{"pref":"和歌山県","city":"和歌山市","town":"中之島"}],"8393":[{"pref":"和歌山県","city":"和歌山市","town":"畑屋敷端ノ丁"}],"8394":[{"pref":"和歌山県","city":"和歌山市","town":"畑屋敷千体仏丁"}],"8395":[{"pref":"和歌山県","city":"和歌山市","town":"畑屋敷中ノ丁"}],"8396":[{"pref":"和歌山県","city":"和歌山市","town":"畑屋敷西ノ丁"}],"8397":[{"pref":"和歌山県","city":"和歌山市","town":"畑屋敷新道丁"}],"8398":[{"pref":"和歌山県","city":"和歌山市","town":"畑屋敷松ケ枝丁"}],"8399":[{"pref":"和歌山県","city":"和歌山市","town":"畑屋敷兵庫ノ丁"}],"8401":[{"pref":"和歌山県","city":"和歌山市","town":"福島"}],"8402":[{"pref":"和歌山県","city":"和歌山市","town":"野崎"}],"8403":[{"pref":"和歌山県","city":"和歌山市","town":"北島"}],"8404":[{"pref":"和歌山県","city":"和歌山市","town":"湊"}],"8411":[{"pref":"和歌山県","city":"和歌山市","town":"梶取"}],"8412":[{"pref":"和歌山県","city":"和歌山市","town":"狐島"}],"8413":[{"pref":"和歌山県","city":"和歌山市","town":"島橋東ノ丁"}],"8414":[{"pref":"和歌山県","city":"和歌山市","town":"島橋西ノ丁"}],"8415":[{"pref":"和歌山県","city":"和歌山市","town":"島橋南ノ丁"}],"8416":[{"pref":"和歌山県","city":"和歌山市","town":"島橋北ノ丁"}],"8421":[{"pref":"和歌山県","city":"和歌山市","town":"松江"}],"8422":[{"pref":"和歌山県","city":"和歌山市","town":"松江東"}],"8423":[{"pref":"和歌山県","city":"和歌山市","town":"松江中"}],"8424":[{"pref":"和歌山県","city":"和歌山市","town":"松江西"}],"8425":[{"pref":"和歌山県","city":"和歌山市","town":"松江北"}],"8431":[{"pref":"和歌山県","city":"和歌山市","town":"向"}],"8432":[{"pref":"和歌山県","city":"和歌山市","town":"土入"}],"8433":[{"pref":"和歌山県","city":"和歌山市","town":"中野"}],"8434":[{"pref":"和歌山県","city":"和歌山市","town":"榎原"}],"8435":[{"pref":"和歌山県","city":"和歌山市","town":"古屋"}],"8441":[{"pref":"和歌山県","city":"和歌山市","town":"栄谷"}],"8442":[{"pref":"和歌山県","city":"和歌山市","town":"平井"}],"8443":[{"pref":"和歌山県","city":"和歌山市","town":"延時"}],"8444":[{"pref":"和歌山県","city":"和歌山市","town":"次郎丸"}],"8451":[{"pref":"和歌山県","city":"和歌山市","town":"中"}],"8452":[{"pref":"和歌山県","city":"和歌山市","town":"梅原"}],"8453":[{"pref":"和歌山県","city":"和歌山市","town":"木ノ本"}],"8461":[{"pref":"和歌山県","city":"和歌山市","town":"船所"}],"8462":[{"pref":"和歌山県","city":"和歌山市","town":"粟"}],"8463":[{"pref":"和歌山県","city":"和歌山市","town":"楠見中"}],"8464":[{"pref":"和歌山県","city":"和歌山市","town":"市小路"}],"8471":[{"pref":"和歌山県","city":"和歌山市","town":"善明寺"}],"8472":[{"pref":"和歌山県","city":"和歌山市","town":"大谷"}],"8481":[{"pref":"和歌山県","city":"和歌山市","town":"直川"}],"8482":[{"pref":"和歌山県","city":"和歌山市","town":"六十谷"}],"8483":[{"pref":"和歌山県","city":"和歌山市","town":"園部"}],"0000":[{"pref":"和歌山県","city":"和歌山市","town":"以下に掲載がない場合"}],"0344":[{"pref":"和歌山県","city":"和歌山市","town":"朝日"}],"0114":[{"pref":"和歌山県","city":"和歌山市","town":"磯の浦"}],"0361":[{"pref":"和歌山県","city":"和歌山市","town":"伊太祈曽"}],"0352":[{"pref":"和歌山県","city":"和歌山市","town":"井戸"}],"0343":[{"pref":"和歌山県","city":"和歌山市","town":"江南"}],"0101":[{"pref":"和歌山県","city":"和歌山市","town":"大川"}],"0316":[{"pref":"和歌山県","city":"和歌山市","town":"大河内"}],"0362":[{"pref":"和歌山県","city":"和歌山市","town":"奥須佐"}],"0103":[{"pref":"和歌山県","city":"和歌山市","town":"加太"}],"0351":[{"pref":"和歌山県","city":"和歌山市","town":"吉礼"}],"0364":[{"pref":"和歌山県","city":"和歌山市","town":"口須佐"}],"0311":[{"pref":"和歌山県","city":"和歌山市","town":"黒岩"}],"0312":[{"pref":"和歌山県","city":"和歌山市","town":"黒谷"}],"0345":[{"pref":"和歌山県","city":"和歌山市","town":"桑山"}],"0323":[{"pref":"和歌山県","city":"和歌山市","town":"小瀬田"}],"0301":[{"pref":"和歌山県","city":"和歌山市","town":"木枕"}],"0313":[{"pref":"和歌山県","city":"和歌山市","town":"境原"}],"0303":[{"pref":"和歌山県","city":"和歌山市","town":"山東中"}],"0306":[{"pref":"和歌山県","city":"和歌山市","town":"塩ノ谷"}],"0314":[{"pref":"和歌山県","city":"和歌山市","town":"頭陀寺"}],"0341":[{"pref":"和歌山県","city":"和歌山市","town":"相坂"}],"0115":[{"pref":"和歌山県","city":"和歌山市","town":"つつじが丘"}],"0302":[{"pref":"和歌山県","city":"和歌山市","town":"永山"}],"0322":[{"pref":"和歌山県","city":"和歌山市","town":"仁井辺"}],"0112":[{"pref":"和歌山県","city":"和歌山市","town":"西庄"}],"0353":[{"pref":"和歌山県","city":"和歌山市","town":"馬場"}],"0111":[{"pref":"和歌山県","city":"和歌山市","town":"日野"}],"0304":[{"pref":"和歌山県","city":"和歌山市","town":"平尾"}],"0333":[{"pref":"和歌山県","city":"和歌山市","town":"広原"}],"0332":[{"pref":"和歌山県","city":"和歌山市","town":"冬野"}],"0342":[{"pref":"和歌山県","city":"和歌山市","town":"松原"}],"0315":[{"pref":"和歌山県","city":"和歌山市","town":"南畑"}],"0102":[{"pref":"和歌山県","city":"和歌山市","town":"深山"}],"0305":[{"pref":"和歌山県","city":"和歌山市","town":"明王寺"}],"0113":[{"pref":"和歌山県","city":"和歌山市","town":"本脇"}],"0324":[{"pref":"和歌山県","city":"和歌山市","town":"本渡"}],"0321":[{"pref":"和歌山県","city":"和歌山市","town":"薬勝寺"}],"0307":[{"pref":"和歌山県","city":"和歌山市","town":"矢田"}],"0363":[{"pref":"和歌山県","city":"和歌山市","town":"吉里"}],"0331":[{"pref":"和歌山県","city":"和歌山市","town":"吉原"}],"0443":[{"pref":"和歌山県","city":"海南市","town":"下津野"}],"0451":[{"pref":"和歌山県","city":"海南市","town":"高津"}],"0441":[{"pref":"和歌山県","city":"海南市","town":"七山"}],"0453":[{"pref":"和歌山県","city":"海南市","town":"野尻"}],"0442":[{"pref":"和歌山県","city":"海南市","town":"原野"}],"0454":[{"pref":"和歌山県","city":"海南市","town":"別院"}],"0452":[{"pref":"和歌山県","city":"海南市","town":"孟子"}],"0403":[{"pref":"和歌山県","city":"紀の川市","town":"貴志川町尼寺"}],"0424":[{"pref":"和歌山県","city":"紀の川市","town":"貴志川町井ノ口"}],"0412":[{"pref":"和歌山県","city":"紀の川市","town":"貴志川町上野山"}],"0422":[{"pref":"和歌山県","city":"紀の川市","town":"貴志川町岸小野"}],"0405":[{"pref":"和歌山県","city":"紀の川市","town":"貴志川町岸宮"}],"0421":[{"pref":"和歌山県","city":"紀の川市","town":"貴志川町北"}],"0402":[{"pref":"和歌山県","city":"紀の川市","town":"貴志川町北山"}],"0414":[{"pref":"和歌山県","city":"紀の川市","town":"貴志川町国主"}],"0413":[{"pref":"和歌山県","city":"紀の川市","town":"貴志川町神戸"}],"0423":[{"pref":"和歌山県","city":"紀の川市","town":"貴志川町高尾"}],"0404":[{"pref":"和歌山県","city":"紀の川市","town":"貴志川町鳥居"}],"0415":[{"pref":"和歌山県","city":"紀の川市","town":"貴志川町長原"}],"0416":[{"pref":"和歌山県","city":"紀の川市","town":"貴志川町長山"}],"0406":[{"pref":"和歌山県","city":"紀の川市","town":"貴志川町西山"}],"0411":[{"pref":"和歌山県","city":"紀の川市","town":"貴志川町前田"}],"0401":[{"pref":"和歌山県","city":"紀の川市","town":"貴志川町丸栖"}]}