{"0000":[{"pref":"静岡県","city":"御殿場市","town":"以下に掲載がない場合"}],"0048":[{"pref":"静岡県","city":"御殿場市","town":"板妻"}],"0008":[{"pref":"静岡県","city":"御殿場市","town":"印野"}],"0034":[{"pref":"静岡県","city":"御殿場市","town":"大坂"}],"0014":[{"pref":"静岡県","city":"御殿場市","town":"大堰"}],"0013":[{"pref":"静岡県","city":"御殿場市","town":"小倉野"}],"0039":[{"pref":"静岡県","city":"御殿場市","town":"竈"}],"0002":[{"pref":"静岡県","city":"御殿場市","town":"上小林"}],"0045":[{"pref":"静岡県","city":"御殿場市","town":"川島田"}],"0009":[{"pref":"静岡県","city":"御殿場市","town":"川柳"}],"0041":[{"pref":"静岡県","city":"御殿場市","town":"茱萸沢"}],"0033":[{"pref":"静岡県","city":"御殿場市","town":"神山"}],"0029":[{"pref":"静岡県","city":"御殿場市","town":"神山平"}],"0028":[{"pref":"静岡県","city":"御殿場市","town":"御殿場"}],"0038":[{"pref":"静岡県","city":"御殿場市","town":"駒門"}],"0003":[{"pref":"静岡県","city":"御殿場市","town":"柴怒田"}],"0047":[{"pref":"静岡県","city":"御殿場市","town":"神場"}],"0044":[{"pref":"静岡県","city":"御殿場市","town":"杉名沢"}],"0022":[{"pref":"静岡県","city":"御殿場市","town":"清後"}],"0017":[{"pref":"静岡県","city":"御殿場市","town":"塚原"}],"0037":[{"pref":"静岡県","city":"御殿場市","town":"中清水"}],"0006":[{"pref":"静岡県","city":"御殿場市","town":"中畑"}],"0015":[{"pref":"静岡県","city":"御殿場市","town":"中丸"}],"0035":[{"pref":"静岡県","city":"御殿場市","town":"中山"}],"0007":[{"pref":"静岡県","city":"御殿場市","town":"永塚"}],"0043":[{"pref":"静岡県","city":"御殿場市","town":"新橋"}],"0027":[{"pref":"静岡県","city":"御殿場市","town":"西田中"}],"0025":[{"pref":"静岡県","city":"御殿場市","town":"二の岡"}],"0021":[{"pref":"静岡県","city":"御殿場市","town":"二枚橋"}],"0031":[{"pref":"静岡県","city":"御殿場市","town":"沼田"}],"0036":[{"pref":"静岡県","city":"御殿場市","town":"萩蕪"}],"0042":[{"pref":"静岡県","city":"御殿場市","town":"萩原"}],"0026":[{"pref":"静岡県","city":"御殿場市","town":"東田中"}],"0024":[{"pref":"静岡県","city":"御殿場市","town":"東山"}],"0005":[{"pref":"静岡県","city":"御殿場市","town":"仁杉"}],"0023":[{"pref":"静岡県","city":"御殿場市","town":"深沢"}],"0051":[{"pref":"静岡県","city":"御殿場市","town":"富士見原"}],"0032":[{"pref":"静岡県","city":"御殿場市","town":"二子"}],"0011":[{"pref":"静岡県","city":"御殿場市","town":"古沢"}],"0004":[{"pref":"静岡県","city":"御殿場市","town":"北久原"}],"0046":[{"pref":"静岡県","city":"御殿場市","town":"保土沢"}],"0012":[{"pref":"静岡県","city":"御殿場市","town":"増田"}],"0001":[{"pref":"静岡県","city":"御殿場市","town":"水土野"}],"0016":[{"pref":"静岡県","city":"御殿場市","town":"六日市場"}],"0019":[{"pref":"静岡県","city":"御殿場市","town":"山尾田"}],"0018":[{"pref":"静岡県","city":"御殿場市","town":"山之尻"}]}