{"0000":[{"pref":"長野県","city":"茅野市","town":"以下に掲載がない場合"}],"0214":[{"pref":"長野県","city":"茅野市","town":"泉野"}],"0012":[{"pref":"長野県","city":"茅野市","town":"金沢"}],"0212":[{"pref":"長野県","city":"茅野市","town":"北山（渋御殿湯・渋の湯）"}],"0301":[{"pref":"長野県","city":"茅野市","town":"北山（その他）"}],"0211":[{"pref":"長野県","city":"茅野市","town":"湖東"}],"0004":[{"pref":"長野県","city":"茅野市","town":"城山"}],"0011":[{"pref":"長野県","city":"茅野市","town":"玉川"}],"0001":[{"pref":"長野県","city":"茅野市","town":"ちの"}],"0002":[{"pref":"長野県","city":"茅野市","town":"塚原"}],"0213":[{"pref":"長野県","city":"茅野市","town":"豊平"}],"0215":[{"pref":"長野県","city":"茅野市","town":"中大塩"}],"0005":[{"pref":"長野県","city":"茅野市","town":"仲町"}],"0003":[{"pref":"長野県","city":"茅野市","town":"本町"}],"0013":[{"pref":"長野県","city":"茅野市","town":"宮川"}],"0216":[{"pref":"長野県","city":"茅野市","town":"米沢"}],"0321":[{"pref":"長野県","city":"北佐久郡立科町","town":"芦田八ケ野（１５１９～１６３５）"},{"pref":"長野県","city":"北佐久郡立科町","town":"池の平"}],"0021":[{"pref":"長野県","city":"諏訪郡富士見町","town":"富士見（入笠湖）"}],"0100":[{"pref":"長野県","city":"諏訪郡原村","town":"以下に掲載がない場合"}],"0101":[{"pref":"長野県","city":"諏訪郡原村","town":"大久保"}],"0105":[{"pref":"長野県","city":"諏訪郡原村","town":"柏木"}],"0111":[{"pref":"長野県","city":"諏訪郡原村","town":"上里"}],"0106":[{"pref":"長野県","city":"諏訪郡原村","town":"菖蒲沢"}],"0108":[{"pref":"長野県","city":"諏訪郡原村","town":"中新田"}],"0112":[{"pref":"長野県","city":"諏訪郡原村","town":"農場"}],"0104":[{"pref":"長野県","city":"諏訪郡原村","town":"払沢"}],"0115":[{"pref":"長野県","city":"諏訪郡原村","town":"原山"}],"0116":[{"pref":"長野県","city":"諏訪郡原村","town":"判の木"}],"0114":[{"pref":"長野県","city":"諏訪郡原村","town":"ペンション"}],"0109":[{"pref":"長野県","city":"諏訪郡原村","town":"南原"}],"0107":[{"pref":"長野県","city":"諏訪郡原村","town":"室内"}],"0113":[{"pref":"長野県","city":"諏訪郡原村","town":"やつがね"}],"0103":[{"pref":"長野県","city":"諏訪郡原村","town":"八ツ手"}],"0102":[{"pref":"長野県","city":"諏訪郡原村","town":"柳沢"}]}