{"0000":[{"pref":"島根県","city":"隠岐郡隠岐の島町","town":"以下に掲載がない場合"}],"0006":[{"pref":"島根県","city":"隠岐郡隠岐の島町","town":"有木"}],"0004":[{"pref":"島根県","city":"隠岐郡隠岐の島町","town":"飯田"}],"0411":[{"pref":"島根県","city":"隠岐郡隠岐の島町","town":"飯美"}],"0007":[{"pref":"島根県","city":"隠岐郡隠岐の島町","town":"池田"}],"0431":[{"pref":"島根県","city":"隠岐郡隠岐の島町","town":"伊後（その他）"}],"0306":[{"pref":"島根県","city":"隠岐郡隠岐の島町","town":"伊後（向ケ丘）"}],"0003":[{"pref":"島根県","city":"隠岐郡隠岐の島町","town":"犬来"}],"0022":[{"pref":"島根県","city":"隠岐郡隠岐の島町","town":"今津"}],"0413":[{"pref":"島根県","city":"隠岐郡隠岐の島町","town":"卯敷"}],"0001":[{"pref":"島根県","city":"隠岐郡隠岐の島町","town":"大久"}],"0002":[{"pref":"島根県","city":"隠岐郡隠岐の島町","town":"釜"}],"0026":[{"pref":"島根県","city":"隠岐郡隠岐の島町","town":"上西"}],"0024":[{"pref":"島根県","city":"隠岐郡隠岐の島町","town":"加茂"}],"0435":[{"pref":"島根県","city":"隠岐郡隠岐の島町","town":"元屋"}],"0301":[{"pref":"島根県","city":"隠岐郡隠岐の島町","town":"北方"}],"0305":[{"pref":"島根県","city":"隠岐郡隠岐の島町","town":"久見"}],"0101":[{"pref":"島根県","city":"隠岐郡隠岐の島町","town":"蔵田"}],"0312":[{"pref":"島根県","city":"隠岐郡隠岐の島町","town":"小路"}],"0311":[{"pref":"島根県","city":"隠岐郡隠岐の島町","town":"郡"}],"0011":[{"pref":"島根県","city":"隠岐郡隠岐の島町","town":"栄町"}],"0017":[{"pref":"島根県","city":"隠岐郡隠岐の島町","town":"下西"}],"0016":[{"pref":"島根県","city":"隠岐郡隠岐の島町","town":"城北町"}],"0304":[{"pref":"島根県","city":"隠岐郡隠岐の島町","town":"代"}],"0106":[{"pref":"島根県","city":"隠岐郡隠岐の島町","town":"蛸木"}],"0105":[{"pref":"島根県","city":"隠岐郡隠岐の島町","town":"津戸"}],"0104":[{"pref":"島根県","city":"隠岐郡隠岐の島町","town":"都万"}],"0005":[{"pref":"島根県","city":"隠岐郡隠岐の島町","town":"東郷"}],"0013":[{"pref":"島根県","city":"隠岐郡隠岐の島町","town":"中町"}],"0434":[{"pref":"島根県","city":"隠岐郡隠岐の島町","town":"中村"}],"0103":[{"pref":"島根県","city":"隠岐郡隠岐の島町","town":"那久"}],"0313":[{"pref":"島根県","city":"隠岐郡隠岐の島町","town":"那久路"}],"0302":[{"pref":"島根県","city":"隠岐郡隠岐の島町","town":"苗代田"}],"0023":[{"pref":"島根県","city":"隠岐郡隠岐の島町","town":"西田"}],"0014":[{"pref":"島根県","city":"隠岐郡隠岐の島町","town":"西町"}],"0432":[{"pref":"島根県","city":"隠岐郡隠岐の島町","town":"西村"}],"0027":[{"pref":"島根県","city":"隠岐郡隠岐の島町","town":"原田"}],"0012":[{"pref":"島根県","city":"隠岐郡隠岐の島町","town":"東町"}],"0412":[{"pref":"島根県","city":"隠岐郡隠岐の島町","town":"布施"}],"0025":[{"pref":"島根県","city":"隠岐郡隠岐の島町","town":"平"}],"0021":[{"pref":"島根県","city":"隠岐郡隠岐の島町","town":"岬町"}],"0433":[{"pref":"島根県","city":"隠岐郡隠岐の島町","town":"湊"}],"0015":[{"pref":"島根県","city":"隠岐郡隠岐の島町","town":"港町"}],"0303":[{"pref":"島根県","city":"隠岐郡隠岐の島町","town":"南方"}],"0314":[{"pref":"島根県","city":"隠岐郡隠岐の島町","town":"山田"}],"0102":[{"pref":"島根県","city":"隠岐郡隠岐の島町","town":"油井"}]}