{"0000":[{"pref":"奈良県","city":"橿原市","town":"以下に掲載がない場合"}],"0045":[{"pref":"奈良県","city":"橿原市","town":"石川町"}],"0014":[{"pref":"奈良県","city":"橿原市","town":"石原田町"}],"0812":[{"pref":"奈良県","city":"橿原市","town":"今井町"}],"0833":[{"pref":"奈良県","city":"橿原市","town":"忌部町"}],"0834":[{"pref":"奈良県","city":"橿原市","town":"雲梯町"}],"0065":[{"pref":"奈良県","city":"橿原市","town":"畝傍町"}],"0046":[{"pref":"奈良県","city":"橿原市","town":"栄和町"}],"0075":[{"pref":"奈良県","city":"橿原市","town":"小房町"}],"0846":[{"pref":"奈良県","city":"橿原市","town":"小槻町"}],"0841":[{"pref":"奈良県","city":"橿原市","town":"大垣町"}],"0044":[{"pref":"奈良県","city":"橿原市","town":"大軽町"}],"0061":[{"pref":"奈良県","city":"橿原市","town":"大久保町"}],"0815":[{"pref":"奈良県","city":"橿原市","town":"大谷町"}],"0001":[{"pref":"奈良県","city":"橿原市","town":"太田市町"}],"0023":[{"pref":"奈良県","city":"橿原市","town":"戒外町"}],"0012":[{"pref":"奈良県","city":"橿原市","town":"膳夫町"}],"0824":[{"pref":"奈良県","city":"橿原市","town":"一町"}],"0031":[{"pref":"奈良県","city":"橿原市","town":"上飛騨町"}],"0826":[{"pref":"奈良県","city":"橿原市","town":"川西町"}],"0825":[{"pref":"奈良県","city":"橿原市","town":"観音寺町"}],"0823":[{"pref":"奈良県","city":"橿原市","town":"北越智町"}],"0843":[{"pref":"奈良県","city":"橿原市","town":"北妙法寺町"}],"0005":[{"pref":"奈良県","city":"橿原市","town":"北八木町"}],"0033":[{"pref":"奈良県","city":"橿原市","town":"城殿町"}],"0025":[{"pref":"奈良県","city":"橿原市","town":"木之本町"}],"0004":[{"pref":"奈良県","city":"橿原市","town":"木原町"}],"0007":[{"pref":"奈良県","city":"橿原市","town":"葛本町"}],"0063":[{"pref":"奈良県","city":"橿原市","town":"久米町"}],"0827":[{"pref":"奈良県","city":"橿原市","town":"光陽町"}],"0832":[{"pref":"奈良県","city":"橿原市","town":"五井町"}],"0043":[{"pref":"奈良県","city":"橿原市","town":"五条野町"}],"0062":[{"pref":"奈良県","city":"橿原市","town":"御坊町"}],"0813":[{"pref":"奈良県","city":"橿原市","town":"四条町"}],"0074":[{"pref":"奈良県","city":"橿原市","town":"四分町"}],"0029":[{"pref":"奈良県","city":"橿原市","town":"下八釣町"}],"0811":[{"pref":"奈良県","city":"橿原市","town":"小綱町"}],"0042":[{"pref":"奈良県","city":"橿原市","town":"菖蒲町"}],"0803":[{"pref":"奈良県","city":"橿原市","town":"上品寺町"}],"0051":[{"pref":"奈良県","city":"橿原市","town":"白橿町"}],"0006":[{"pref":"奈良県","city":"橿原市","town":"新賀町"}],"0836":[{"pref":"奈良県","city":"橿原市","town":"新堂町"}],"0805":[{"pref":"奈良県","city":"橿原市","town":"地黄町"}],"0816":[{"pref":"奈良県","city":"橿原市","town":"慈明寺町"}],"0831":[{"pref":"奈良県","city":"橿原市","town":"曽我町"}],"0072":[{"pref":"奈良県","city":"橿原市","town":"醍醐町"}],"0027":[{"pref":"奈良県","city":"橿原市","town":"高殿町"}],"0032":[{"pref":"奈良県","city":"橿原市","town":"田中町"}],"0844":[{"pref":"奈良県","city":"橿原市","town":"土橋町"}],"0013":[{"pref":"奈良県","city":"橿原市","town":"出合町"}],"0011":[{"pref":"奈良県","city":"橿原市","town":"出垣内町"}],"0817":[{"pref":"奈良県","city":"橿原市","town":"寺田町"}],"0008":[{"pref":"奈良県","city":"橿原市","town":"十市町"}],"0003":[{"pref":"奈良県","city":"橿原市","town":"常盤町"}],"0842":[{"pref":"奈良県","city":"橿原市","town":"豊田町"}],"0822":[{"pref":"奈良県","city":"橿原市","town":"鳥屋町"}],"0804":[{"pref":"奈良県","city":"橿原市","town":"内膳町"}],"0845":[{"pref":"奈良県","city":"橿原市","town":"中曽司町"}],"0009":[{"pref":"奈良県","city":"橿原市","town":"中町"}],"0073":[{"pref":"奈良県","city":"橿原市","town":"縄手町"}],"0821":[{"pref":"奈良県","city":"橿原市","town":"西池尻町"}],"0801":[{"pref":"奈良県","city":"橿原市","town":"西新堂町"}],"0802":[{"pref":"奈良県","city":"橿原市","town":"新口町"}],"0021":[{"pref":"奈良県","city":"橿原市","town":"東池尻町"}],"0002":[{"pref":"奈良県","city":"橿原市","town":"東竹田町"}],"0835":[{"pref":"奈良県","city":"橿原市","town":"東坊城町"}],"0847":[{"pref":"奈良県","city":"橿原市","town":"飯高町"}],"0034":[{"pref":"奈良県","city":"橿原市","town":"飛騨町"}],"0076":[{"pref":"奈良県","city":"橿原市","town":"兵部町"}],"0828":[{"pref":"奈良県","city":"橿原市","town":"古川町"}],"0026":[{"pref":"奈良県","city":"橿原市","town":"別所町"}],"0028":[{"pref":"奈良県","city":"橿原市","town":"法花寺町"}],"0837":[{"pref":"奈良県","city":"橿原市","town":"曲川町"}],"0064":[{"pref":"奈良県","city":"橿原市","town":"見瀬町"}],"0022":[{"pref":"奈良県","city":"橿原市","town":"南浦町"}],"0052":[{"pref":"奈良県","city":"橿原市","town":"南妙法寺町"}],"0077":[{"pref":"奈良県","city":"橿原市","town":"南八木町"}],"0024":[{"pref":"奈良県","city":"橿原市","town":"南山町"}],"0078":[{"pref":"奈良県","city":"橿原市","town":"八木町"}],"0071":[{"pref":"奈良県","city":"橿原市","town":"山之坊町"}],"0814":[{"pref":"奈良県","city":"橿原市","town":"山本町"}],"0829":[{"pref":"奈良県","city":"橿原市","town":"吉田町"}],"0041":[{"pref":"奈良県","city":"橿原市","town":"和田町"}],"0100":[{"pref":"奈良県","city":"高市郡明日香村","town":"以下に掲載がない場合"}],"0103":[{"pref":"奈良県","city":"高市郡明日香村","town":"飛鳥"}],"0134":[{"pref":"奈良県","city":"高市郡明日香村","town":"阿部山"}],"0108":[{"pref":"奈良県","city":"高市郡明日香村","town":"雷"}],"0123":[{"pref":"奈良県","city":"高市郡明日香村","town":"稲渕"}],"0121":[{"pref":"奈良県","city":"高市郡明日香村","town":"祝戸"}],"0116":[{"pref":"奈良県","city":"高市郡明日香村","town":"尾曽"}],"0133":[{"pref":"奈良県","city":"高市郡明日香村","town":"大根田"}],"0111":[{"pref":"奈良県","city":"高市郡明日香村","town":"岡"}],"0102":[{"pref":"奈良県","city":"高市郡明日香村","town":"奥山"}],"0106":[{"pref":"奈良県","city":"高市郡明日香村","town":"小原"}],"0115":[{"pref":"奈良県","city":"高市郡明日香村","town":"上"}],"0124":[{"pref":"奈良県","city":"高市郡明日香村","town":"栢森"}],"0141":[{"pref":"奈良県","city":"高市郡明日香村","town":"川原"}],"0132":[{"pref":"奈良県","city":"高市郡明日香村","town":"栗原"}],"0138":[{"pref":"奈良県","city":"高市郡明日香村","town":"越"}],"0101":[{"pref":"奈良県","city":"高市郡明日香村","town":"小山"}],"0122":[{"pref":"奈良県","city":"高市郡明日香村","town":"阪田"}],"0136":[{"pref":"奈良県","city":"高市郡明日香村","town":"地ノ窪"}],"0112":[{"pref":"奈良県","city":"高市郡明日香村","town":"島庄"}],"0113":[{"pref":"奈良県","city":"高市郡明日香村","town":"上居"}],"0142":[{"pref":"奈良県","city":"高市郡明日香村","town":"橘"}],"0143":[{"pref":"奈良県","city":"高市郡明日香村","town":"立部"}],"0107":[{"pref":"奈良県","city":"高市郡明日香村","town":"豊浦"}],"0125":[{"pref":"奈良県","city":"高市郡明日香村","town":"入谷"}],"0145":[{"pref":"奈良県","city":"高市郡明日香村","town":"野口"}],"0118":[{"pref":"奈良県","city":"高市郡明日香村","town":"畑"}],"0105":[{"pref":"奈良県","city":"高市郡明日香村","town":"東山"}],"0135":[{"pref":"奈良県","city":"高市郡明日香村","town":"檜前"}],"0144":[{"pref":"奈良県","city":"高市郡明日香村","town":"平田"}],"0117":[{"pref":"奈良県","city":"高市郡明日香村","town":"冬野"}],"0114":[{"pref":"奈良県","city":"高市郡明日香村","town":"細川"}],"0137":[{"pref":"奈良県","city":"高市郡明日香村","town":"真弓"}],"0131":[{"pref":"奈良県","city":"高市郡明日香村","town":"御園"}],"0104":[{"pref":"奈良県","city":"高市郡明日香村","town":"八釣"}]}