{"0072":[{"pref":"東京都","city":"江東区","town":"大島"}],"0071":[{"pref":"東京都","city":"江東区","town":"亀戸"}],"0073":[{"pref":"東京都","city":"江東区","town":"北砂"}],"0082":[{"pref":"東京都","city":"江東区","town":"新木場"}],"0075":[{"pref":"東京都","city":"江東区","town":"新砂"}],"0074":[{"pref":"東京都","city":"江東区","town":"東砂"}],"0076":[{"pref":"東京都","city":"江東区","town":"南砂"}],"0081":[{"pref":"東京都","city":"江東区","town":"夢の島"}],"0083":[{"pref":"東京都","city":"江東区","town":"若洲"}]}