{"0000":[{"pref":"香川県","city":"三豊市","town":"以下に掲載がない場合"}],"0014":[{"pref":"香川県","city":"三豊市","town":"高瀬町上麻"}],"0012":[{"pref":"香川県","city":"三豊市","town":"高瀬町上勝間"}],"0001":[{"pref":"香川県","city":"三豊市","town":"高瀬町上高瀬"}],"0021":[{"pref":"香川県","city":"三豊市","town":"高瀬町佐股"}],"0013":[{"pref":"香川県","city":"三豊市","town":"高瀬町下麻"}],"0011":[{"pref":"香川県","city":"三豊市","town":"高瀬町下勝間"}],"0002":[{"pref":"香川県","city":"三豊市","town":"高瀬町新名"}],"0022":[{"pref":"香川県","city":"三豊市","town":"高瀬町羽方"}],"0004":[{"pref":"香川県","city":"三豊市","town":"高瀬町比地"}],"0003":[{"pref":"香川県","city":"三豊市","town":"高瀬町比地中"}],"0031":[{"pref":"香川県","city":"三豊市","town":"三野町大見"}],"0032":[{"pref":"香川県","city":"三豊市","town":"三野町下高瀬"}],"0033":[{"pref":"香川県","city":"三豊市","town":"三野町吉津"}]}