{"0000":[{"pref":"山形県","city":"寒河江市","town":"以下に掲載がない場合"}],"0027":[{"pref":"山形県","city":"寒河江市","town":"石持町"}],"0057":[{"pref":"山形県","city":"寒河江市","town":"内ノ袋"}],"0056":[{"pref":"山形県","city":"寒河江市","town":"落衣前"}],"0006":[{"pref":"山形県","city":"寒河江市","town":"上河原"},{"pref":"山形県","city":"寒河江市","town":"夕カヘ"}],"0008":[{"pref":"山形県","city":"寒河江市","town":"菊地堂"},{"pref":"山形県","city":"寒河江市","town":"雲河原"}],"0044":[{"pref":"山形県","city":"寒河江市","town":"越井坂町"}],"0045":[{"pref":"山形県","city":"寒河江市","town":"小沼町"}],"0035":[{"pref":"山形県","city":"寒河江市","town":"幸町"}],"0034":[{"pref":"山形県","city":"寒河江市","town":"栄町"}],"0041":[{"pref":"山形県","city":"寒河江市","town":"寒河江"}],"0052":[{"pref":"山形県","city":"寒河江市","town":"幸田町"}],"0063":[{"pref":"山形県","city":"寒河江市","town":"柴橋"}],"0043":[{"pref":"山形県","city":"寒河江市","town":"島"}],"0002":[{"pref":"山形県","city":"寒河江市","town":"下河原"}],"0047":[{"pref":"山形県","city":"寒河江市","town":"新山"}],"0012":[{"pref":"山形県","city":"寒河江市","town":"新山町"}],"0033":[{"pref":"山形県","city":"寒河江市","town":"末広町"}],"0013":[{"pref":"山形県","city":"寒河江市","town":"高田"}],"0042":[{"pref":"山形県","city":"寒河江市","town":"高屋"}],"0021":[{"pref":"山形県","city":"寒河江市","town":"中央"}],"0061":[{"pref":"山形県","city":"寒河江市","town":"中央工業団地（その他）"}],"0007":[{"pref":"山形県","city":"寒河江市","town":"道生"}],"0005":[{"pref":"山形県","city":"寒河江市","town":"中河原"}],"0065":[{"pref":"山形県","city":"寒河江市","town":"中郷"}],"0054":[{"pref":"山形県","city":"寒河江市","town":"仲谷地"}],"0022":[{"pref":"山形県","city":"寒河江市","town":"七日町"}],"0003":[{"pref":"山形県","city":"寒河江市","town":"西根"}],"0004":[{"pref":"山形県","city":"寒河江市","town":"西根北町"}],"0011":[{"pref":"山形県","city":"寒河江市","town":"日田"}],"0001":[{"pref":"山形県","city":"寒河江市","town":"入倉"}],"0046":[{"pref":"山形県","city":"寒河江市","town":"東新山町"}],"0064":[{"pref":"山形県","city":"寒河江市","town":"平塩"}],"0055":[{"pref":"山形県","city":"寒河江市","town":"船橋町"}],"0028":[{"pref":"山形県","city":"寒河江市","town":"ほなみ"}],"0031":[{"pref":"山形県","city":"寒河江市","town":"本町"}],"0066":[{"pref":"山形県","city":"寒河江市","town":"松川"}],"0023":[{"pref":"山形県","city":"寒河江市","town":"丸内"}],"0048":[{"pref":"山形県","city":"寒河江市","town":"みずき"}],"0062":[{"pref":"山形県","city":"寒河江市","town":"緑町"}],"0032":[{"pref":"山形県","city":"寒河江市","town":"南町"}],"0049":[{"pref":"山形県","city":"寒河江市","town":"本楯"}],"0053":[{"pref":"山形県","city":"寒河江市","town":"元町"}],"0026":[{"pref":"山形県","city":"寒河江市","town":"山岸町"}],"0025":[{"pref":"山形県","city":"寒河江市","town":"八幡町"}],"0024":[{"pref":"山形県","city":"寒河江市","town":"六供町"}],"0051":[{"pref":"山形県","city":"寒河江市","town":"若葉町"}],"0801":[{"pref":"山形県","city":"西村山郡大江町","town":"左沢（１５１８－３、１７５０－１～２２２８－１８、２２５５－１～"},{"pref":"山形県","city":"西村山郡大江町","town":"２２５７－２８、２３１６～２３１８、２４３０－１～２４３１－７５）"}]}