{"0000":[{"pref":"広島県","city":"竹原市","town":"以下に掲載がない場合"}],"0011":[{"pref":"広島県","city":"竹原市","town":"小梨町"}],"0025":[{"pref":"広島県","city":"竹原市","town":"塩町"}],"0012":[{"pref":"広島県","city":"竹原市","town":"下野町"}],"0003":[{"pref":"広島県","city":"竹原市","town":"新庄町"}],"0021":[{"pref":"広島県","city":"竹原市","town":"竹原町"}],"0023":[{"pref":"広島県","city":"竹原市","town":"田ノ浦"}],"0001":[{"pref":"広島県","city":"竹原市","town":"田万里町"}],"0026":[{"pref":"広島県","city":"竹原市","town":"中央"}],"0005":[{"pref":"広島県","city":"竹原市","town":"仁賀町"}],"0002":[{"pref":"広島県","city":"竹原市","town":"西野町"}],"0004":[{"pref":"広島県","city":"竹原市","town":"東野町"}],"0022":[{"pref":"広島県","city":"竹原市","town":"本町"}],"0024":[{"pref":"広島県","city":"竹原市","town":"港町"}],"0013":[{"pref":"広島県","city":"竹原市","town":"吉名町"}],"0200":[{"pref":"広島県","city":"豊田郡大崎上島町","town":"以下に掲載がない場合"}],"0403":[{"pref":"広島県","city":"豊田郡大崎上島町","town":"明石"}],"0303":[{"pref":"広島県","city":"豊田郡大崎上島町","town":"大串"}],"0402":[{"pref":"広島県","city":"豊田郡大崎上島町","town":"沖浦"}],"0401":[{"pref":"広島県","city":"豊田郡大崎上島町","town":"木江"}],"0301":[{"pref":"広島県","city":"豊田郡大崎上島町","town":"中野"}],"0302":[{"pref":"広島県","city":"豊田郡大崎上島町","town":"原田"}],"0231":[{"pref":"広島県","city":"豊田郡大崎上島町","town":"東野"}]}