{"0000":[{"pref":"東京都","city":"小金井市","town":"以下に掲載がない場合"}],"0002":[{"pref":"東京都","city":"小金井市","town":"梶野町"}],"0005":[{"pref":"東京都","city":"小金井市","town":"桜町"}],"0001":[{"pref":"東京都","city":"小金井市","town":"関野町"}],"0012":[{"pref":"東京都","city":"小金井市","town":"中町"}],"0014":[{"pref":"東京都","city":"小金井市","town":"貫井南町"}],"0015":[{"pref":"東京都","city":"小金井市","town":"貫井北町"}],"0011":[{"pref":"東京都","city":"小金井市","town":"東町"}],"0004":[{"pref":"東京都","city":"小金井市","town":"本町"}],"0013":[{"pref":"東京都","city":"小金井市","town":"前原町"}],"0003":[{"pref":"東京都","city":"小金井市","town":"緑町"}]}