{"0000":[{"pref":"神奈川県","city":"横浜市港北区","town":"以下に掲載がない場合"}],"0037":[{"pref":"神奈川県","city":"横浜市港北区","town":"大倉山"}],"0003":[{"pref":"神奈川県","city":"横浜市港北区","town":"大曽根"}],"0004":[{"pref":"神奈川県","city":"横浜市港北区","town":"大曽根台"}],"0011":[{"pref":"神奈川県","city":"横浜市港北区","town":"菊名"}],"0034":[{"pref":"神奈川県","city":"横浜市港北区","town":"岸根町"}],"0036":[{"pref":"神奈川県","city":"横浜市港北区","town":"小机町"}],"0024":[{"pref":"神奈川県","city":"横浜市港北区","town":"篠原台町"}],"0026":[{"pref":"神奈川県","city":"横浜市港北区","town":"篠原町"}],"0025":[{"pref":"神奈川県","city":"横浜市港北区","town":"篠原西町"}],"0022":[{"pref":"神奈川県","city":"横浜市港北区","town":"篠原東"}],"0021":[{"pref":"神奈川県","city":"横浜市港北区","town":"篠原北"}],"0033":[{"pref":"神奈川県","city":"横浜市港北区","town":"新横浜"}],"0001":[{"pref":"神奈川県","city":"横浜市港北区","town":"樽町"}],"0035":[{"pref":"神奈川県","city":"横浜市港北区","town":"鳥山町"}],"0023":[{"pref":"神奈川県","city":"横浜市港北区","town":"仲手原"}],"0013":[{"pref":"神奈川県","city":"横浜市港北区","town":"錦が丘"}],"0012":[{"pref":"神奈川県","city":"横浜市港北区","town":"富士塚"}],"0032":[{"pref":"神奈川県","city":"横浜市港北区","town":"大豆戸町"}],"0002":[{"pref":"神奈川県","city":"横浜市港北区","town":"師岡町"}]}