{"6001":[{"pref":"東京都","city":"江東区","town":"豊洲豊洲センタービル（１階）"}],"6002":[{"pref":"東京都","city":"江東区","town":"豊洲豊洲センタービル（２階）"}],"6003":[{"pref":"東京都","city":"江東区","town":"豊洲豊洲センタービル（３階）"}],"6004":[{"pref":"東京都","city":"江東区","town":"豊洲豊洲センタービル（４階）"}],"6005":[{"pref":"東京都","city":"江東区","town":"豊洲豊洲センタービル（５階）"}],"6006":[{"pref":"東京都","city":"江東区","town":"豊洲豊洲センタービル（６階）"}],"6007":[{"pref":"東京都","city":"江東区","town":"豊洲豊洲センタービル（７階）"}],"6008":[{"pref":"東京都","city":"江東区","town":"豊洲豊洲センタービル（８階）"}],"6009":[{"pref":"東京都","city":"江東区","town":"豊洲豊洲センタービル（９階）"}],"6010":[{"pref":"東京都","city":"江東区","town":"豊洲豊洲センタービル（１０階）"}],"6011":[{"pref":"東京都","city":"江東区","town":"豊洲豊洲センタービル（１１階）"}],"6012":[{"pref":"東京都","city":"江東区","town":"豊洲豊洲センタービル（１２階）"}],"6013":[{"pref":"東京都","city":"江東区","town":"豊洲豊洲センタービル（１３階）"}],"6014":[{"pref":"東京都","city":"江東区","town":"豊洲豊洲センタービル（１４階）"}],"6015":[{"pref":"東京都","city":"江東区","town":"豊洲豊洲センタービル（１５階）"}],"6016":[{"pref":"東京都","city":"江東区","town":"豊洲豊洲センタービル（１６階）"}],"6017":[{"pref":"東京都","city":"江東区","town":"豊洲豊洲センタービル（１７階）"}],"6018":[{"pref":"東京都","city":"江東区","town":"豊洲豊洲センタービル（１８階）"}],"6019":[{"pref":"東京都","city":"江東区","town":"豊洲豊洲センタービル（１９階）"}],"6020":[{"pref":"東京都","city":"江東区","town":"豊洲豊洲センタービル（２０階）"}],"6021":[{"pref":"東京都","city":"江東区","town":"豊洲豊洲センタービル（２１階）"}],"6022":[{"pref":"東京都","city":"江東区","town":"豊洲豊洲センタービル（２２階）"}],"6023":[{"pref":"東京都","city":"江東区","town":"豊洲豊洲センタービル（２３階）"}],"6024":[{"pref":"東京都","city":"江東区","town":"豊洲豊洲センタービル（２４階）"}],"6025":[{"pref":"東京都","city":"江東区","town":"豊洲豊洲センタービル（２５階）"}],"6026":[{"pref":"東京都","city":"江東区","town":"豊洲豊洲センタービル（２６階）"}],"6027":[{"pref":"東京都","city":"江東区","town":"豊洲豊洲センタービル（２７階）"}],"6028":[{"pref":"東京都","city":"江東区","town":"豊洲豊洲センタービル（２８階）"}],"6029":[{"pref":"東京都","city":"江東区","town":"豊洲豊洲センタービル（２９階）"}],"6030":[{"pref":"東京都","city":"江東区","town":"豊洲豊洲センタービル（３０階）"}],"6031":[{"pref":"東京都","city":"江東区","town":"豊洲豊洲センタービル（３１階）"}],"6032":[{"pref":"東京都","city":"江東区","town":"豊洲豊洲センタービル（３２階）"}],"6033":[{"pref":"東京都","city":"江東区","town":"豊洲豊洲センタービル（３３階）"}],"6034":[{"pref":"東京都","city":"江東区","town":"豊洲豊洲センタービル（３４階）"}],"6035":[{"pref":"東京都","city":"江東区","town":"豊洲豊洲センタービル（３５階）"}],"6036":[{"pref":"東京都","city":"江東区","town":"豊洲豊洲センタービル（３６階）"}],"6037":[{"pref":"東京都","city":"江東区","town":"豊洲豊洲センタービル（３７階）"}],"6090":[{"pref":"東京都","city":"江東区","town":"豊洲豊洲センタービル（地階・階層不明）"}],"0091":[{"pref":"東京都","city":"港区","town":"台場"}],"0000":[{"pref":"東京都","city":"江東区","town":"以下に掲載がない場合"}],"0064":[{"pref":"東京都","city":"江東区","town":"青海"}],"0063":[{"pref":"東京都","city":"江東区","town":"有明"}],"0014":[{"pref":"東京都","city":"江東区","town":"石島"}],"0066":[{"pref":"東京都","city":"江東区","town":"海の森"}],"0012":[{"pref":"東京都","city":"江東区","town":"海辺"}],"0034":[{"pref":"東京都","city":"江東区","town":"永代"}],"0051":[{"pref":"東京都","city":"江東区","town":"枝川"}],"0044":[{"pref":"東京都","city":"江東区","town":"越中島"}],"0011":[{"pref":"東京都","city":"江東区","town":"扇橋"}],"0042":[{"pref":"東京都","city":"江東区","town":"木場"}],"0024":[{"pref":"東京都","city":"江東区","town":"清澄"}],"0031":[{"pref":"東京都","city":"江東区","town":"佐賀"}],"0003":[{"pref":"東京都","city":"江東区","town":"猿江"}],"0043":[{"pref":"東京都","city":"江東区","town":"塩浜"}],"0052":[{"pref":"東京都","city":"江東区","town":"潮見"}],"0062":[{"pref":"東京都","city":"江東区","town":"東雲"}],"0021":[{"pref":"東京都","city":"江東区","town":"白河"}],"0007":[{"pref":"東京都","city":"江東区","town":"新大橋"}],"0002":[{"pref":"東京都","city":"江東区","town":"住吉"}],"0015":[{"pref":"東京都","city":"江東区","town":"千石"}],"0013":[{"pref":"東京都","city":"江東区","town":"千田"}],"0005":[{"pref":"東京都","city":"江東区","town":"高橋"}],"0053":[{"pref":"東京都","city":"江東区","town":"辰巳"}],"0065":[{"pref":"東京都","city":"江東区","town":"中央防波堤"}],"0016":[{"pref":"東京都","city":"江東区","town":"東陽"}],"0006":[{"pref":"東京都","city":"江東区","town":"常盤"}],"0047":[{"pref":"東京都","city":"江東区","town":"富岡"}],"0061":[{"pref":"東京都","city":"江東区","town":"豊洲（次のビルを除く）"}],"0023":[{"pref":"東京都","city":"江東区","town":"平野"}],"0033":[{"pref":"東京都","city":"江東区","town":"深川"}],"0032":[{"pref":"東京都","city":"江東区","town":"福住"}],"0041":[{"pref":"東京都","city":"江東区","town":"冬木"}],"0045":[{"pref":"東京都","city":"江東区","town":"古石場"}],"0046":[{"pref":"東京都","city":"江東区","town":"牡丹"}],"0022":[{"pref":"東京都","city":"江東区","town":"三好"}],"0001":[{"pref":"東京都","city":"江東区","town":"毛利"}],"0004":[{"pref":"東京都","city":"江東区","town":"森下"}],"0048":[{"pref":"東京都","city":"江東区","town":"門前仲町"}],"0092":[{"pref":"東京都","city":"品川区","town":"東八潮"}],"0093":[{"pref":"東京都","city":"大田区","town":"令和島"}]}