{"1100":[{"pref":"千葉県","city":"君津市","town":"以下に掲載がない場合"}],"1101":[{"pref":"千葉県","city":"君津市","town":"大鷲新田"}],"1102":[{"pref":"千葉県","city":"君津市","town":"大鷲"}],"1103":[{"pref":"千葉県","city":"君津市","town":"大井"}],"1104":[{"pref":"千葉県","city":"君津市","town":"糠田"}],"1105":[{"pref":"千葉県","city":"君津市","town":"白駒"}],"1106":[{"pref":"千葉県","city":"君津市","town":"中島"}],"1107":[{"pref":"千葉県","city":"君津市","town":"上"}],"1108":[{"pref":"千葉県","city":"君津市","town":"練木"}],"1111":[{"pref":"千葉県","city":"君津市","town":"六手"}],"1112":[{"pref":"千葉県","city":"君津市","town":"泉"}],"1113":[{"pref":"千葉県","city":"君津市","town":"尾車"}],"1114":[{"pref":"千葉県","city":"君津市","town":"草牛"}],"1115":[{"pref":"千葉県","city":"君津市","town":"馬登"}],"1116":[{"pref":"千葉県","city":"君津市","town":"皿引"}],"1117":[{"pref":"千葉県","city":"君津市","town":"宮下"}],"1121":[{"pref":"千葉県","city":"君津市","town":"常代"}],"1122":[{"pref":"千葉県","city":"君津市","town":"浜子"}],"1123":[{"pref":"千葉県","city":"君津市","town":"大山野"}],"1124":[{"pref":"千葉県","city":"君津市","town":"作木"}],"1125":[{"pref":"千葉県","city":"君津市","town":"山高原"}],"1126":[{"pref":"千葉県","city":"君津市","town":"小山野"}],"1127":[{"pref":"千葉県","city":"君津市","town":"郡"}],"1131":[{"pref":"千葉県","city":"君津市","town":"下湯江"}],"1132":[{"pref":"千葉県","city":"君津市","town":"中富"}],"1133":[{"pref":"千葉県","city":"君津市","town":"貞元"}],"1134":[{"pref":"千葉県","city":"君津市","town":"八幡"}],"1135":[{"pref":"千葉県","city":"君津市","town":"杉谷"}],"1136":[{"pref":"千葉県","city":"君津市","town":"新御堂"}],"1137":[{"pref":"千葉県","city":"君津市","town":"小香"}],"1138":[{"pref":"千葉県","city":"君津市","town":"上湯江"}],"1141":[{"pref":"千葉県","city":"君津市","town":"君津"}],"1142":[{"pref":"千葉県","city":"君津市","town":"坂田"}],"1143":[{"pref":"千葉県","city":"君津市","town":"君津台"}],"1144":[{"pref":"千葉県","city":"君津市","town":"東坂田"}],"1145":[{"pref":"千葉県","city":"君津市","town":"西坂田"}],"1146":[{"pref":"千葉県","city":"君津市","town":"大和田"}],"1147":[{"pref":"千葉県","city":"君津市","town":"人見"}],"1151":[{"pref":"千葉県","city":"君津市","town":"中野"}],"1152":[{"pref":"千葉県","city":"君津市","town":"久保"}],"1153":[{"pref":"千葉県","city":"君津市","town":"台"}],"1154":[{"pref":"千葉県","city":"君津市","town":"南久保"}],"1161":[{"pref":"千葉県","city":"君津市","town":"北子安"}],"1162":[{"pref":"千葉県","city":"君津市","town":"南子安"}],"1163":[{"pref":"千葉県","city":"君津市","town":"杢師"}],"1164":[{"pref":"千葉県","city":"君津市","town":"北久保"}],"1165":[{"pref":"千葉県","city":"君津市","town":"高坂"}],"1166":[{"pref":"千葉県","city":"君津市","town":"陽光台"}],"1171":[{"pref":"千葉県","city":"君津市","town":"八重原"}],"1172":[{"pref":"千葉県","city":"君津市","town":"三直"}],"1173":[{"pref":"千葉県","city":"君津市","town":"外箕輪"}],"1174":[{"pref":"千葉県","city":"君津市","town":"法木作"}],"1175":[{"pref":"千葉県","city":"君津市","town":"内箕輪"}],"1176":[{"pref":"千葉県","city":"君津市","town":"内蓑輪"}],"1601":[{"pref":"千葉県","city":"富津市","town":"桜井総稱鬼泪山"}],"1602":[{"pref":"千葉県","city":"富津市","town":"桜井"}],"1603":[{"pref":"千葉県","city":"富津市","town":"更和"}],"1604":[{"pref":"千葉県","city":"富津市","town":"台原"}],"1605":[{"pref":"千葉県","city":"富津市","town":"望井"}],"1606":[{"pref":"千葉県","city":"富津市","town":"数馬"}],"1607":[{"pref":"千葉県","city":"富津市","town":"湊"}],"1608":[{"pref":"千葉県","city":"富津市","town":"岩坂"}],"1609":[{"pref":"千葉県","city":"富津市","town":"加藤"}],"1611":[{"pref":"千葉県","city":"富津市","town":"長崎"}],"1612":[{"pref":"千葉県","city":"富津市","town":"横山"}],"1613":[{"pref":"千葉県","city":"富津市","town":"不入斗"}],"1614":[{"pref":"千葉県","city":"富津市","town":"梨沢（その他）"}],"1615":[{"pref":"千葉県","city":"富津市","town":"相川"}],"1616":[{"pref":"千葉県","city":"富津市","town":"海良"}],"1617":[{"pref":"千葉県","city":"富津市","town":"売津"}],"1618":[{"pref":"千葉県","city":"富津市","town":"花輪"}],"1621":[{"pref":"千葉県","city":"富津市","town":"竹岡"}],"1622":[{"pref":"千葉県","city":"富津市","town":"萩生"}],"1731":[{"pref":"千葉県","city":"富津市","town":"田倉"}],"1732":[{"pref":"千葉県","city":"富津市","town":"宇藤原"}],"1733":[{"pref":"千葉県","city":"富津市","town":"高溝"}],"1734":[{"pref":"千葉県","city":"富津市","town":"関"}],"1735":[{"pref":"千葉県","city":"富津市","town":"大田和"}],"1736":[{"pref":"千葉県","city":"富津市","town":"大川崎"}],"1737":[{"pref":"千葉県","city":"富津市","town":"東大和田"}],"1741":[{"pref":"千葉県","city":"富津市","town":"御代原"}],"1742":[{"pref":"千葉県","city":"富津市","town":"豊岡"}],"1743":[{"pref":"千葉県","city":"富津市","town":"山中"}],"1744":[{"pref":"千葉県","city":"富津市","town":"梨沢（東井戸堀）"}],"1745":[{"pref":"千葉県","city":"富津市","town":"志駒"}],"1746":[{"pref":"千葉県","city":"富津市","town":"岩本"}],"1747":[{"pref":"千葉県","city":"富津市","town":"小志駒"}],"1751":[{"pref":"千葉県","city":"富津市","town":"恩田"}],"1752":[{"pref":"千葉県","city":"富津市","town":"関尻"}],"1753":[{"pref":"千葉県","city":"富津市","town":"上後"}],"1754":[{"pref":"千葉県","city":"富津市","town":"山脇"}],"1755":[{"pref":"千葉県","city":"富津市","town":"田原"}],"1756":[{"pref":"千葉県","city":"富津市","town":"六野"}],"1757":[{"pref":"千葉県","city":"富津市","town":"押切"}],"1758":[{"pref":"千葉県","city":"富津市","town":"大森"}],"1759":[{"pref":"千葉県","city":"富津市","town":"寺尾"}],"1861":[{"pref":"千葉県","city":"富津市","town":"金谷"}],"1901":[{"pref":"千葉県","city":"安房郡鋸南町","town":"元名"}],"1902":[{"pref":"千葉県","city":"安房郡鋸南町","town":"保田"}],"1903":[{"pref":"千葉県","city":"安房郡鋸南町","town":"大帷子"}],"1904":[{"pref":"千葉県","city":"安房郡鋸南町","town":"小保田"}],"1905":[{"pref":"千葉県","city":"安房郡鋸南町","town":"市井原"}],"1906":[{"pref":"千葉県","city":"安房郡鋸南町","town":"横根"}],"1907":[{"pref":"千葉県","city":"安房郡鋸南町","town":"江月"}],"1908":[{"pref":"千葉県","city":"安房郡鋸南町","town":"吉浜"}],"1909":[{"pref":"千葉県","city":"安房郡鋸南町","town":"大六"}],"2100":[{"pref":"千葉県","city":"安房郡鋸南町","town":"以下に掲載がない場合"}],"2111":[{"pref":"千葉県","city":"安房郡鋸南町","town":"大崩"}],"2112":[{"pref":"千葉県","city":"安房郡鋸南町","town":"奥山"}],"2113":[{"pref":"千葉県","city":"安房郡鋸南町","town":"上佐久間"}],"2114":[{"pref":"千葉県","city":"安房郡鋸南町","town":"中佐久間"}],"2115":[{"pref":"千葉県","city":"安房郡鋸南町","town":"下佐久間"}],"2116":[{"pref":"千葉県","city":"安房郡鋸南町","town":"岩井袋"}],"2117":[{"pref":"千葉県","city":"安房郡鋸南町","town":"勝山"}],"2118":[{"pref":"千葉県","city":"安房郡鋸南町","town":"竜島"}],"2201":[{"pref":"千葉県","city":"南房総市","town":"荒川"}],"2202":[{"pref":"千葉県","city":"南房総市","town":"平塚"}],"2203":[{"pref":"千葉県","city":"南房総市","town":"山田"}],"2204":[{"pref":"千葉県","city":"南房総市","town":"平久里中"}],"2205":[{"pref":"千葉県","city":"南房総市","town":"犬掛"}],"2206":[{"pref":"千葉県","city":"南房総市","town":"平久里下"}],"2211":[{"pref":"千葉県","city":"南房総市","town":"川上"}],"2212":[{"pref":"千葉県","city":"南房総市","town":"井野"}],"2213":[{"pref":"千葉県","city":"南房総市","town":"吉沢"}],"2214":[{"pref":"千葉県","city":"南房総市","town":"二部"}],"2215":[{"pref":"千葉県","city":"南房総市","town":"検儀谷"}],"2216":[{"pref":"千葉県","city":"南房総市","town":"久枝"}],"2221":[{"pref":"千葉県","city":"南房総市","town":"合戸"}],"2222":[{"pref":"千葉県","city":"南房総市","town":"宮谷"}],"2223":[{"pref":"千葉県","city":"南房総市","town":"高崎"}],"2224":[{"pref":"千葉県","city":"南房総市","town":"小浦"}],"2225":[{"pref":"千葉県","city":"南房総市","town":"竹内"}],"2226":[{"pref":"千葉県","city":"南房総市","town":"市部"}],"2400":[{"pref":"千葉県","city":"南房総市","town":"以下に掲載がない場合"}],"2401":[{"pref":"千葉県","city":"南房総市","town":"富浦町南無谷"}],"2402":[{"pref":"千葉県","city":"南房総市","town":"富浦町豊岡"}],"2403":[{"pref":"千葉県","city":"南房総市","town":"富浦町原岡"}],"2404":[{"pref":"千葉県","city":"南房総市","town":"富浦町多田良"}],"2411":[{"pref":"千葉県","city":"南房総市","town":"富浦町居倉"}],"2412":[{"pref":"千葉県","city":"南房総市","town":"富浦町大津"}],"2413":[{"pref":"千葉県","city":"南房総市","town":"富浦町宮本"}],"2414":[{"pref":"千葉県","city":"南房総市","town":"富浦町福澤"}],"2415":[{"pref":"千葉県","city":"南房総市","town":"富浦町深名"}],"2416":[{"pref":"千葉県","city":"南房総市","town":"富浦町青木"}],"2417":[{"pref":"千葉県","city":"南房総市","town":"富浦町丹生"}],"2418":[{"pref":"千葉県","city":"南房総市","town":"富浦町手取"}],"2501":[{"pref":"千葉県","city":"南房総市","town":"珠師ケ谷"}],"2502":[{"pref":"千葉県","city":"南房総市","town":"石堂原"}],"2503":[{"pref":"千葉県","city":"南房総市","town":"石堂"}],"2504":[{"pref":"千葉県","city":"南房総市","town":"川谷"}],"2505":[{"pref":"千葉県","city":"南房総市","town":"宮下"}],"2506":[{"pref":"千葉県","city":"南房総市","town":"御子神"}],"2507":[{"pref":"千葉県","city":"南房総市","town":"大井"}],"2508":[{"pref":"千葉県","city":"南房総市","town":"丸山平塚"}],"2511":[{"pref":"千葉県","city":"南房総市","town":"小戸"}],"2512":[{"pref":"千葉県","city":"南房総市","town":"岩糸"}],"2513":[{"pref":"千葉県","city":"南房総市","town":"古川"}],"2514":[{"pref":"千葉県","city":"南房総市","town":"西原"}],"2515":[{"pref":"千葉県","city":"南房総市","town":"石神"}],"2516":[{"pref":"千葉県","city":"南房総市","town":"前田"}],"2517":[{"pref":"千葉県","city":"南房総市","town":"丸本郷"}],"2521":[{"pref":"千葉県","city":"南房総市","town":"白子"}],"2522":[{"pref":"千葉県","city":"南房総市","town":"安馬谷"}],"2523":[{"pref":"千葉県","city":"南房総市","town":"峰"}],"2524":[{"pref":"千葉県","city":"南房総市","town":"久保"}],"2525":[{"pref":"千葉県","city":"南房総市","town":"加茂"}],"2526":[{"pref":"千葉県","city":"南房総市","town":"沓見"}],"2701":[{"pref":"千葉県","city":"南房総市","town":"和田町花園"}],"2702":[{"pref":"千葉県","city":"南房総市","town":"和田町柴"}],"2703":[{"pref":"千葉県","city":"南房総市","town":"和田町仁我浦"}],"2704":[{"pref":"千葉県","city":"南房総市","town":"和田町和田"}],"2705":[{"pref":"千葉県","city":"南房総市","town":"和田町真浦"}],"2711":[{"pref":"千葉県","city":"南房総市","town":"和田町白渚"}],"2712":[{"pref":"千葉県","city":"南房総市","town":"和田町海発"}],"2713":[{"pref":"千葉県","city":"南房総市","town":"和田町松田"}],"2714":[{"pref":"千葉県","city":"南房総市","town":"和田町沼"}],"2715":[{"pref":"千葉県","city":"南房総市","town":"和田町下三原"}],"2716":[{"pref":"千葉県","city":"南房総市","town":"和田町中三原"}],"2721":[{"pref":"千葉県","city":"南房総市","town":"和田町五十蔵"}],"2722":[{"pref":"千葉県","city":"南房総市","town":"和田町磑森"}],"2723":[{"pref":"千葉県","city":"南房総市","town":"和田町布野"}],"2724":[{"pref":"千葉県","city":"南房総市","town":"和田町小向"}],"2725":[{"pref":"千葉県","city":"南房総市","town":"和田町黒岩"}],"2726":[{"pref":"千葉県","city":"南房総市","town":"和田町小川"}],"2727":[{"pref":"千葉県","city":"南房総市","town":"和田町上三原"}],"2728":[{"pref":"千葉県","city":"南房総市","town":"和田町石堂"}],"2841":[{"pref":"千葉県","city":"鴨川市","town":"西江見"}],"2842":[{"pref":"千葉県","city":"鴨川市","town":"江見青木"}],"2843":[{"pref":"千葉県","city":"鴨川市","town":"東江見"}],"2844":[{"pref":"千葉県","city":"鴨川市","town":"江見東真門"}],"2845":[{"pref":"千葉県","city":"鴨川市","town":"江見西真門"}],"2846":[{"pref":"千葉県","city":"鴨川市","town":"江見外堀"}],"2847":[{"pref":"千葉県","city":"鴨川市","town":"江見内遠野"}],"2851":[{"pref":"千葉県","city":"鴨川市","town":"仲町"}],"2852":[{"pref":"千葉県","city":"鴨川市","town":"二子"}],"2853":[{"pref":"千葉県","city":"鴨川市","town":"宮"}],"2854":[{"pref":"千葉県","city":"鴨川市","town":"代"}],"2855":[{"pref":"千葉県","city":"鴨川市","town":"畑"}],"2856":[{"pref":"千葉県","city":"鴨川市","town":"西"}],"2857":[{"pref":"千葉県","city":"鴨川市","town":"東"}],"2858":[{"pref":"千葉県","city":"鴨川市","town":"上"}],"2861":[{"pref":"千葉県","city":"鴨川市","town":"太海西"}],"2862":[{"pref":"千葉県","city":"鴨川市","town":"太海"}],"2863":[{"pref":"千葉県","city":"鴨川市","town":"太海浜"}],"2864":[{"pref":"千葉県","city":"鴨川市","town":"天面"}],"2865":[{"pref":"千葉県","city":"鴨川市","town":"江見太夫崎"}],"2866":[{"pref":"千葉県","city":"鴨川市","town":"江見吉浦"}],"2867":[{"pref":"千葉県","city":"鴨川市","town":"西山"}],"3200":[{"pref":"千葉県","city":"大網白里市","town":"以下に掲載がない場合"}],"3201":[{"pref":"千葉県","city":"大網白里市","town":"北今泉"}],"3202":[{"pref":"千葉県","city":"大網白里市","town":"南今泉"}],"3203":[{"pref":"千葉県","city":"大網白里市","town":"四天木"}],"3211":[{"pref":"千葉県","city":"大網白里市","town":"細草"}],"3212":[{"pref":"千葉県","city":"大網白里市","town":"清水"}],"3213":[{"pref":"千葉県","city":"大網白里市","town":"二之袋"}],"3214":[{"pref":"千葉県","city":"大網白里市","town":"下ヶ傍示"}],"3215":[{"pref":"千葉県","city":"大網白里市","town":"長国"}],"3216":[{"pref":"千葉県","city":"大網白里市","town":"北吉田"}],"3217":[{"pref":"千葉県","city":"大網白里市","town":"木崎"}],"3218":[{"pref":"千葉県","city":"大網白里市","town":"北飯塚"}],"3219":[{"pref":"千葉県","city":"大網白里市","town":"南飯塚"}],"3221":[{"pref":"千葉県","city":"大網白里市","town":"富田"}],"3222":[{"pref":"千葉県","city":"大網白里市","town":"星谷"}],"3223":[{"pref":"千葉県","city":"大網白里市","town":"南横川"}],"3231":[{"pref":"千葉県","city":"大網白里市","town":"経田"}],"3232":[{"pref":"千葉県","city":"大網白里市","town":"ながた野"}],"3233":[{"pref":"千葉県","city":"大網白里市","town":"永田"}],"3234":[{"pref":"千葉県","city":"大網白里市","town":"みずほ台"}],"3235":[{"pref":"千葉県","city":"大網白里市","town":"駒込"}],"3236":[{"pref":"千葉県","city":"大網白里市","town":"みやこ野"}],"3237":[{"pref":"千葉県","city":"大網白里市","town":"仏島"}],"3241":[{"pref":"千葉県","city":"大網白里市","town":"季美の森南"}],"3242":[{"pref":"千葉県","city":"大網白里市","town":"金谷郷"}],"3243":[{"pref":"千葉県","city":"大網白里市","town":"大竹"}],"3244":[{"pref":"千葉県","city":"大網白里市","town":"南玉"}],"3245":[{"pref":"千葉県","city":"大網白里市","town":"池田"}],"3246":[{"pref":"千葉県","city":"大網白里市","town":"小中"}],"3247":[{"pref":"千葉県","city":"大網白里市","town":"神房"}],"3248":[{"pref":"千葉県","city":"大網白里市","town":"萱野"}],"3249":[{"pref":"千葉県","city":"大網白里市","town":"砂田"}],"3251":[{"pref":"千葉県","city":"大網白里市","town":"大網"}],"3252":[{"pref":"千葉県","city":"大網白里市","town":"餅木"}],"3253":[{"pref":"千葉県","city":"大網白里市","town":"小西"}],"3254":[{"pref":"千葉県","city":"大網白里市","town":"養安寺"}],"3255":[{"pref":"千葉県","city":"大網白里市","town":"みどりが丘"}],"3256":[{"pref":"千葉県","city":"大網白里市","town":"山口"}],"3261":[{"pref":"千葉県","city":"大網白里市","town":"九十根"}],"3262":[{"pref":"千葉県","city":"大網白里市","town":"桂山"}],"3263":[{"pref":"千葉県","city":"大網白里市","town":"柳橋"}],"3264":[{"pref":"千葉県","city":"大網白里市","town":"柿餅"}],"3265":[{"pref":"千葉県","city":"大網白里市","town":"上貝塚"}],"3266":[{"pref":"千葉県","city":"大網白里市","town":"北横川"}],"3267":[{"pref":"千葉県","city":"大網白里市","town":"清名幸谷"}],"3268":[{"pref":"千葉県","city":"大網白里市","town":"上谷新田"}],"4101":[{"pref":"千葉県","city":"茂原市","town":"清水"}],"4102":[{"pref":"千葉県","city":"茂原市","town":"御蔵芝"}],"4103":[{"pref":"千葉県","city":"茂原市","town":"千沢"}],"4104":[{"pref":"千葉県","city":"茂原市","town":"南吉田"}],"4105":[{"pref":"千葉県","city":"茂原市","town":"弓渡"}],"4106":[{"pref":"千葉県","city":"茂原市","town":"粟生野"}],"4111":[{"pref":"千葉県","city":"茂原市","town":"萱場"}],"4112":[{"pref":"千葉県","city":"茂原市","town":"西野"}],"4113":[{"pref":"千葉県","city":"茂原市","town":"法目"}],"4114":[{"pref":"千葉県","city":"茂原市","town":"本納"}],"4115":[{"pref":"千葉県","city":"茂原市","town":"榎神房"}],"4116":[{"pref":"千葉県","city":"茂原市","town":"高田"}],"4117":[{"pref":"千葉県","city":"茂原市","town":"小萱場"}],"4118":[{"pref":"千葉県","city":"茂原市","town":"榎神房飛地"}],"4121":[{"pref":"千葉県","city":"茂原市","town":"吉井下"}],"4122":[{"pref":"千葉県","city":"茂原市","town":"吉井上"}],"4123":[{"pref":"千葉県","city":"茂原市","town":"下太田"}],"4124":[{"pref":"千葉県","city":"茂原市","town":"上太田"}],"4125":[{"pref":"千葉県","city":"茂原市","town":"大沢"}],"4126":[{"pref":"千葉県","city":"茂原市","town":"柴名"}],"4127":[{"pref":"千葉県","city":"茂原市","town":"桂"}],"4128":[{"pref":"千葉県","city":"茂原市","town":"桂飛地"}],"4129":[{"pref":"千葉県","city":"茂原市","town":"にいはる工業団地"}],"4200":[{"pref":"千葉県","city":"長生郡白子町","town":"以下に掲載がない場合"}],"4201":[{"pref":"千葉県","city":"長生郡白子町","town":"浜宿"}],"4202":[{"pref":"千葉県","city":"長生郡白子町","town":"牛込"}],"4203":[{"pref":"千葉県","city":"長生郡白子町","town":"剃金"}],"4204":[{"pref":"千葉県","city":"長生郡白子町","town":"福島"}],"4205":[{"pref":"千葉県","city":"長生郡白子町","town":"南日当"}],"4206":[{"pref":"千葉県","city":"長生郡白子町","town":"北日当"}],"4211":[{"pref":"千葉県","city":"長生郡白子町","town":"五井"}],"4212":[{"pref":"千葉県","city":"長生郡白子町","town":"古所"}],"4213":[{"pref":"千葉県","city":"長生郡白子町","town":"八斗"}],"4214":[{"pref":"千葉県","city":"長生郡白子町","town":"驚"}],"4215":[{"pref":"千葉県","city":"長生郡白子町","town":"中里"}],"4216":[{"pref":"千葉県","city":"長生郡白子町","town":"幸治"}],"4217":[{"pref":"千葉県","city":"長生郡白子町","town":"北高根"}],"4218":[{"pref":"千葉県","city":"長生郡白子町","town":"関"}],"4300":[{"pref":"千葉県","city":"長生郡一宮町","town":"以下に掲載がない場合"},{"pref":"千葉県","city":"長生郡長生村","town":"以下に掲載がない場合"}],"4301":[{"pref":"千葉県","city":"長生郡一宮町","town":"一宮"}],"4302":[{"pref":"千葉県","city":"長生郡一宮町","town":"田町"}],"4303":[{"pref":"千葉県","city":"長生郡一宮町","town":"東浪見"}],"4304":[{"pref":"千葉県","city":"長生郡一宮町","town":"綱田"}],"4305":[{"pref":"千葉県","city":"長生郡一宮町","town":"本給"}],"4306":[{"pref":"千葉県","city":"長生郡一宮町","town":"東野"}],"4311":[{"pref":"千葉県","city":"長生郡一宮町","town":"白山"}],"4312":[{"pref":"千葉県","city":"長生郡一宮町","town":"宮原"}],"4313":[{"pref":"千葉県","city":"長生郡一宮町","town":"船頭給"}],"4314":[{"pref":"千葉県","city":"長生郡一宮町","town":"新地"}],"4315":[{"pref":"千葉県","city":"長生郡一宮町","town":"新地甲"}],"4316":[{"pref":"千葉県","city":"長生郡一宮町","town":"新地丙"}],"4321":[{"pref":"千葉県","city":"長生郡長生村","town":"入山津"}],"4322":[{"pref":"千葉県","city":"長生郡長生村","town":"驚"}],"4323":[{"pref":"千葉県","city":"長生郡長生村","town":"一松戊"}],"4324":[{"pref":"千葉県","city":"長生郡長生村","town":"一松丁"}],"4325":[{"pref":"千葉県","city":"長生郡長生村","town":"一松丙"}],"4326":[{"pref":"千葉県","city":"長生郡長生村","town":"一松乙"}],"4327":[{"pref":"千葉県","city":"長生郡長生村","town":"一松"}],"4328":[{"pref":"千葉県","city":"長生郡長生村","town":"一松甲"}],"4331":[{"pref":"千葉県","city":"長生郡長生村","town":"信友"}],"4332":[{"pref":"千葉県","city":"長生郡長生村","town":"金田"}],"4333":[{"pref":"千葉県","city":"長生郡長生村","town":"七井土"}],"4334":[{"pref":"千葉県","city":"長生郡長生村","town":"薮塚"}],"4335":[{"pref":"千葉県","city":"長生郡長生村","town":"水口"}],"4336":[{"pref":"千葉県","city":"長生郡長生村","town":"岩沼"}],"4337":[{"pref":"千葉県","city":"長生郡長生村","town":"北水口"}],"4338":[{"pref":"千葉県","city":"長生郡長生村","town":"六ツ野飛地"}],"4341":[{"pref":"千葉県","city":"長生郡長生村","town":"宮成"}],"4342":[{"pref":"千葉県","city":"長生郡長生村","town":"一松飛地甲"}],"4343":[{"pref":"千葉県","city":"長生郡長生村","town":"岩沼飛地"}],"4344":[{"pref":"千葉県","city":"長生郡長生村","town":"曽根"}],"4345":[{"pref":"千葉県","city":"長生郡長生村","town":"本郷"}],"4346":[{"pref":"千葉県","city":"長生郡長生村","town":"中之郷"}],"4347":[{"pref":"千葉県","city":"長生郡長生村","town":"小泉"}],"4400":[{"pref":"千葉県","city":"長生郡睦沢町","town":"以下に掲載がない場合"}],"4401":[{"pref":"千葉県","city":"長生郡睦沢町","town":"寺崎"}],"4402":[{"pref":"千葉県","city":"長生郡睦沢町","town":"川島"}],"4403":[{"pref":"千葉県","city":"長生郡睦沢町","town":"上市場"}],"4404":[{"pref":"千葉県","city":"長生郡睦沢町","town":"北山田"}],"4405":[{"pref":"千葉県","city":"長生郡睦沢町","town":"大谷木"}],"4406":[{"pref":"千葉県","city":"長生郡睦沢町","town":"北山田寺崎新田"}],"4411":[{"pref":"千葉県","city":"長生郡睦沢町","town":"河須ケ谷"}],"4412":[{"pref":"千葉県","city":"長生郡睦沢町","town":"岩井"}],"4413":[{"pref":"千葉県","city":"長生郡睦沢町","town":"上之郷"}],"4414":[{"pref":"千葉県","city":"長生郡睦沢町","town":"下之郷"}],"4415":[{"pref":"千葉県","city":"長生郡睦沢町","town":"小滝"}],"4421":[{"pref":"千葉県","city":"長生郡睦沢町","town":"長楽寺"}],"4422":[{"pref":"千葉県","city":"長生郡睦沢町","town":"森"}],"4423":[{"pref":"千葉県","city":"長生郡睦沢町","town":"大上"}],"4424":[{"pref":"千葉県","city":"長生郡睦沢町","town":"妙楽寺"}],"4425":[{"pref":"千葉県","city":"長生郡睦沢町","town":"佐貫"}],"4501":[{"pref":"千葉県","city":"いすみ市","town":"岬町椎木"}],"4502":[{"pref":"千葉県","city":"いすみ市","town":"岬町中原"}],"4503":[{"pref":"千葉県","city":"いすみ市","town":"岬町和泉（その他）"}],"4504":[{"pref":"千葉県","city":"いすみ市","town":"岬町桑田"}],"4505":[{"pref":"千葉県","city":"いすみ市","town":"岬町岩熊"}],"4506":[{"pref":"千葉県","city":"いすみ市","town":"岬町市野々"}],"4507":[{"pref":"千葉県","city":"いすみ市","town":"岬町谷上"}],"4508":[{"pref":"千葉県","city":"いすみ市","town":"岬町榎沢"}],"4611":[{"pref":"千葉県","city":"いすみ市","town":"岬町和泉（４４００番以上）"}],"4612":[{"pref":"千葉県","city":"いすみ市","town":"岬町江場土"}],"4613":[{"pref":"千葉県","city":"いすみ市","town":"岬町三門"}],"4614":[{"pref":"千葉県","city":"いすみ市","town":"岬町東小高"}],"4615":[{"pref":"千葉県","city":"いすみ市","town":"岬町井沢"}],"4616":[{"pref":"千葉県","city":"いすみ市","town":"岬町長者"}],"4621":[{"pref":"千葉県","city":"いすみ市","town":"岬町東中滝"}],"4622":[{"pref":"千葉県","city":"いすみ市","town":"岬町押日"}],"4623":[{"pref":"千葉県","city":"いすみ市","town":"岬町中滝"}],"4624":[{"pref":"千葉県","city":"いすみ市","town":"岬町鴨根"}],"4625":[{"pref":"千葉県","city":"いすみ市","town":"岬町嘉谷"}],"5100":[{"pref":"千葉県","city":"夷隅郡御宿町","town":"以下に掲載がない場合"}],"5101":[{"pref":"千葉県","city":"夷隅郡御宿町","town":"高山田"}],"5102":[{"pref":"千葉県","city":"夷隅郡御宿町","town":"久保"}],"5103":[{"pref":"千葉県","city":"夷隅郡御宿町","town":"新町"}],"5104":[{"pref":"千葉県","city":"夷隅郡御宿町","town":"六軒町"}],"5105":[{"pref":"千葉県","city":"夷隅郡御宿町","town":"岩和田"}],"5106":[{"pref":"千葉県","city":"夷隅郡御宿町","town":"須賀"}],"5107":[{"pref":"千葉県","city":"夷隅郡御宿町","town":"浜"}],"5111":[{"pref":"千葉県","city":"夷隅郡御宿町","town":"上布施"}],"5112":[{"pref":"千葉県","city":"夷隅郡御宿町","town":"御宿台"}],"5113":[{"pref":"千葉県","city":"夷隅郡御宿町","town":"七本"}],"5114":[{"pref":"千葉県","city":"夷隅郡御宿町","town":"実谷"}],"5200":[{"pref":"千葉県","city":"勝浦市","town":"以下に掲載がない場合"}],"5201":[{"pref":"千葉県","city":"勝浦市","town":"市野郷"}],"5202":[{"pref":"千葉県","city":"勝浦市","town":"市野川"}],"5203":[{"pref":"千葉県","city":"勝浦市","town":"花里"}],"5204":[{"pref":"千葉県","city":"勝浦市","town":"中倉"}],"5205":[{"pref":"千葉県","city":"勝浦市","town":"杉戸"}],"5206":[{"pref":"千葉県","city":"勝浦市","town":"佐野"}],"5211":[{"pref":"千葉県","city":"勝浦市","town":"松野"}],"5212":[{"pref":"千葉県","city":"勝浦市","town":"蟹田"}],"5213":[{"pref":"千葉県","city":"勝浦市","town":"芳賀"}],"5214":[{"pref":"千葉県","city":"勝浦市","town":"白木"}],"5215":[{"pref":"千葉県","city":"勝浦市","town":"白井久保"}],"5216":[{"pref":"千葉県","city":"勝浦市","town":"宿戸"}],"5217":[{"pref":"千葉県","city":"勝浦市","town":"大楠"}],"5218":[{"pref":"千葉県","city":"勝浦市","town":"小羽戸"}],"5219":[{"pref":"千葉県","city":"勝浦市","town":"小松野"}],"5221":[{"pref":"千葉県","city":"勝浦市","town":"平田"}],"5222":[{"pref":"千葉県","city":"勝浦市","town":"関谷"}],"5223":[{"pref":"千葉県","city":"勝浦市","town":"部原"}],"5224":[{"pref":"千葉県","city":"勝浦市","town":"新官"}],"5225":[{"pref":"千葉県","city":"勝浦市","town":"墨名"}],"5226":[{"pref":"千葉県","city":"勝浦市","town":"串浜"}],"5227":[{"pref":"千葉県","city":"勝浦市","town":"中谷"}],"5228":[{"pref":"千葉県","city":"勝浦市","town":"新戸"}],"5231":[{"pref":"千葉県","city":"勝浦市","town":"沢倉"}],"5232":[{"pref":"千葉県","city":"勝浦市","town":"川津"}],"5233":[{"pref":"千葉県","city":"勝浦市","town":"浜勝浦"}],"5234":[{"pref":"千葉県","city":"勝浦市","town":"勝浦"}],"5235":[{"pref":"千葉県","city":"勝浦市","town":"出水"}],"5241":[{"pref":"千葉県","city":"勝浦市","town":"松部"}],"5242":[{"pref":"千葉県","city":"勝浦市","town":"吉尾"}],"5243":[{"pref":"千葉県","city":"勝浦市","town":"鵜原"}],"5244":[{"pref":"千葉県","city":"勝浦市","town":"守谷"}],"5245":[{"pref":"千葉県","city":"勝浦市","town":"興津"}],"5246":[{"pref":"千葉県","city":"勝浦市","town":"興津久保山台"}],"5251":[{"pref":"千葉県","city":"勝浦市","town":"大森上植野入会地"}],"5252":[{"pref":"千葉県","city":"勝浦市","town":"上植野"}],"5253":[{"pref":"千葉県","city":"勝浦市","town":"名木"}],"5254":[{"pref":"千葉県","city":"勝浦市","town":"台宿"}],"5255":[{"pref":"千葉県","city":"勝浦市","town":"浜行川"}],"5256":[{"pref":"千葉県","city":"勝浦市","town":"大沢"}],"5261":[{"pref":"千葉県","city":"勝浦市","town":"大森"}],"5262":[{"pref":"千葉県","city":"勝浦市","town":"中里"}],"5263":[{"pref":"千葉県","city":"勝浦市","town":"赤羽根"}],"5264":[{"pref":"千葉県","city":"勝浦市","town":"中島"}],"5265":[{"pref":"千葉県","city":"勝浦市","town":"植野"}],"5266":[{"pref":"千葉県","city":"勝浦市","town":"上野"}],"5267":[{"pref":"千葉県","city":"勝浦市","town":"植野元宮田"}],"5271":[{"pref":"千葉県","city":"勝浦市","town":"法花"}],"5272":[{"pref":"千葉県","city":"勝浦市","town":"貝掛"}],"5273":[{"pref":"千葉県","city":"勝浦市","town":"荒川"}],"5274":[{"pref":"千葉県","city":"勝浦市","town":"南山田"}],"5501":[{"pref":"千葉県","city":"鴨川市","town":"小湊"}],"5502":[{"pref":"千葉県","city":"鴨川市","town":"内浦"}],"5503":[{"pref":"千葉県","city":"鴨川市","town":"天津"}],"5504":[{"pref":"千葉県","city":"鴨川市","town":"浜荻"}],"5505":[{"pref":"千葉県","city":"鴨川市","town":"清澄"}],"5506":[{"pref":"千葉県","city":"鴨川市","town":"四方木"}],"0271":[{"pref":"千葉県","city":"木更津市","town":"坂戸市場"}],"0117":[{"pref":"千葉県","city":"市原市","town":"青葉台"}],"0102":[{"pref":"千葉県","city":"市原市","town":"青柳"}],"0103":[{"pref":"千葉県","city":"市原市","town":"青柳海岸"}],"0101":[{"pref":"千葉県","city":"市原市","town":"青柳北"}],"0111":[{"pref":"千葉県","city":"市原市","town":"姉崎"}],"0107":[{"pref":"千葉県","city":"市原市","town":"姉崎海岸"}],"0119":[{"pref":"千葉県","city":"市原市","town":"姉崎西"}],"0110":[{"pref":"千葉県","city":"市原市","town":"姉崎東"}],"0126":[{"pref":"千葉県","city":"市原市","town":"天羽田"}],"0114":[{"pref":"千葉県","city":"市原市","town":"泉台"}],"0106":[{"pref":"千葉県","city":"市原市","town":"今津朝山"}],"0115":[{"pref":"千葉県","city":"市原市","town":"不入斗"}],"0105":[{"pref":"千葉県","city":"市原市","town":"柏原"}],"0113":[{"pref":"千葉県","city":"市原市","town":"片又木"}],"0127":[{"pref":"千葉県","city":"市原市","town":"桜台"}],"0118":[{"pref":"千葉県","city":"市原市","town":"椎津"}],"0128":[{"pref":"千葉県","city":"市原市","town":"椎の木台"}],"0104":[{"pref":"千葉県","city":"市原市","town":"白塚"}],"0121":[{"pref":"千葉県","city":"市原市","town":"立野"}],"0109":[{"pref":"千葉県","city":"市原市","town":"千種"}],"0108":[{"pref":"千葉県","city":"市原市","town":"千種海岸"}],"0122":[{"pref":"千葉県","city":"市原市","town":"豊成"}],"0112":[{"pref":"千葉県","city":"市原市","town":"畑木"}],"0123":[{"pref":"千葉県","city":"市原市","town":"深城"}],"0116":[{"pref":"千葉県","city":"市原市","town":"迎田"}],"0124":[{"pref":"千葉県","city":"市原市","town":"有秋台東"}],"0125":[{"pref":"千葉県","city":"市原市","town":"有秋台西"}],"0200":[{"pref":"千葉県","city":"袖ケ浦市","town":"以下に掲載がない場合"}],"0216":[{"pref":"千葉県","city":"袖ケ浦市","town":"阿部"}],"0256":[{"pref":"千葉県","city":"袖ケ浦市","town":"飯富"}],"0264":[{"pref":"千葉県","city":"袖ケ浦市","town":"今井"}],"0233":[{"pref":"千葉県","city":"袖ケ浦市","town":"岩井"}],"0217":[{"pref":"千葉県","city":"袖ケ浦市","town":"打越"}],"0232":[{"pref":"千葉県","city":"袖ケ浦市","town":"永地"}],"0221":[{"pref":"千葉県","city":"袖ケ浦市","town":"大竹"}],"0237":[{"pref":"千葉県","city":"袖ケ浦市","town":"大鳥居"}],"0253":[{"pref":"千葉県","city":"袖ケ浦市","town":"大曽根"}],"0252":[{"pref":"千葉県","city":"袖ケ浦市","town":"勝"}],"0205":[{"pref":"千葉県","city":"袖ケ浦市","town":"上泉"}],"0222":[{"pref":"千葉県","city":"袖ケ浦市","town":"上宮田"}],"0201":[{"pref":"千葉県","city":"袖ケ浦市","town":"川原井"}],"0257":[{"pref":"千葉県","city":"袖ケ浦市","town":"神納"}],"0266":[{"pref":"千葉県","city":"袖ケ浦市","town":"北袖"}],"0242":[{"pref":"千葉県","city":"袖ケ浦市","town":"久保田"}],"0243":[{"pref":"千葉県","city":"袖ケ浦市","town":"蔵波"}],"0245":[{"pref":"千葉県","city":"袖ケ浦市","town":"蔵波台"}],"0262":[{"pref":"千葉県","city":"袖ケ浦市","town":"坂戸市場"}],"0212":[{"pref":"千葉県","city":"袖ケ浦市","town":"三箇"}],"0247":[{"pref":"千葉県","city":"袖ケ浦市","town":"椎の森"}],"0231":[{"pref":"千葉県","city":"袖ケ浦市","town":"下泉"}],"0255":[{"pref":"千葉県","city":"袖ケ浦市","town":"下新田"}],"0214":[{"pref":"千葉県","city":"袖ケ浦市","town":"下根岸"}],"0223":[{"pref":"千葉県","city":"袖ケ浦市","town":"下宮田"}],"0269":[{"pref":"千葉県","city":"袖ケ浦市","town":"袖ケ浦駅前"}],"0241":[{"pref":"千葉県","city":"袖ケ浦市","town":"代宿"}],"0203":[{"pref":"千葉県","city":"袖ケ浦市","town":"高谷"}],"0226":[{"pref":"千葉県","city":"袖ケ浦市","town":"滝の口"}],"0225":[{"pref":"千葉県","city":"袖ケ浦市","town":"玉野"}],"0213":[{"pref":"千葉県","city":"袖ケ浦市","town":"百目木"}],"0215":[{"pref":"千葉県","city":"袖ケ浦市","town":"堂谷"}],"0267":[{"pref":"千葉県","city":"袖ケ浦市","town":"中袖"}],"0265":[{"pref":"千葉県","city":"袖ケ浦市","town":"長浦"}],"0246":[{"pref":"千葉県","city":"袖ケ浦市","town":"長浦駅前"}],"0204":[{"pref":"千葉県","city":"袖ケ浦市","town":"永吉"}],"0263":[{"pref":"千葉県","city":"袖ケ浦市","town":"奈良輪"}],"0211":[{"pref":"千葉県","city":"袖ケ浦市","town":"野里"}],"0251":[{"pref":"千葉県","city":"袖ケ浦市","town":"のぞみ野"}],"0244":[{"pref":"千葉県","city":"袖ケ浦市","town":"野田"}],"0202":[{"pref":"千葉県","city":"袖ケ浦市","town":"林"}],"0261":[{"pref":"千葉県","city":"袖ケ浦市","town":"福王台"}],"0235":[{"pref":"千葉県","city":"袖ケ浦市","town":"三黒"}],"0254":[{"pref":"千葉県","city":"袖ケ浦市","town":"三ツ作"}],"0268":[{"pref":"千葉県","city":"袖ケ浦市","town":"南袖"}],"0234":[{"pref":"千葉県","city":"袖ケ浦市","town":"谷中"}],"0236":[{"pref":"千葉県","city":"袖ケ浦市","town":"横田"}],"0224":[{"pref":"千葉県","city":"袖ケ浦市","town":"吉野田"}]}