{"0846":[{"pref":"山口県","city":"下関市","town":"垢田"}],"0841":[{"pref":"山口県","city":"下関市","town":"垢田町"}],"0871":[{"pref":"山口県","city":"下関市","town":"秋根"}],"0878":[{"pref":"山口県","city":"下関市","town":"秋根上町"}],"0874":[{"pref":"山口県","city":"下関市","town":"秋根新町"}],"0877":[{"pref":"山口県","city":"下関市","town":"秋根東町"}],"0873":[{"pref":"山口県","city":"下関市","town":"秋根西町"}],"0872":[{"pref":"山口県","city":"下関市","town":"秋根南町"}],"0876":[{"pref":"山口県","city":"下関市","town":"秋根北町"}],"0875":[{"pref":"山口県","city":"下関市","town":"秋根本町"}],"0866":[{"pref":"山口県","city":"下関市","town":"綾羅木"}],"0865":[{"pref":"山口県","city":"下関市","town":"綾羅木新町"}],"0849":[{"pref":"山口県","city":"下関市","town":"綾羅木本町"}],"0848":[{"pref":"山口県","city":"下関市","town":"綾羅木南町"}],"0868":[{"pref":"山口県","city":"下関市","town":"有冨"}],"0832":[{"pref":"山口県","city":"下関市","town":"生野町"}],"0862":[{"pref":"山口県","city":"下関市","town":"伊倉"}],"0869":[{"pref":"山口県","city":"下関市","town":"伊倉新町"}],"0861":[{"pref":"山口県","city":"下関市","town":"伊倉東町"}],"0863":[{"pref":"山口県","city":"下関市","town":"伊倉本町"}],"0864":[{"pref":"山口県","city":"下関市","town":"伊倉町"}],"0825":[{"pref":"山口県","city":"下関市","town":"石神町"}],"0886":[{"pref":"山口県","city":"下関市","town":"石原"}],"0881":[{"pref":"山口県","city":"下関市","town":"井田"}],"0817":[{"pref":"山口県","city":"下関市","town":"一の宮卸本町"}],"0807":[{"pref":"山口県","city":"下関市","town":"一の宮学園町"}],"0805":[{"pref":"山口県","city":"下関市","town":"一の宮住吉"}],"0809":[{"pref":"山口県","city":"下関市","town":"一の宮東町"}],"0808":[{"pref":"山口県","city":"下関市","town":"一の宮本町"}],"0806":[{"pref":"山口県","city":"下関市","town":"一の宮町"}],"0826":[{"pref":"山口県","city":"下関市","town":"後田町"}],"0887":[{"pref":"山口県","city":"下関市","town":"小野"}],"0818":[{"pref":"山口県","city":"下関市","town":"卸新町"}],"0884":[{"pref":"山口県","city":"下関市","town":"形山"}],"0888":[{"pref":"山口県","city":"下関市","town":"形山町"}],"0885":[{"pref":"山口県","city":"下関市","town":"形山みどり町"}],"0859":[{"pref":"山口県","city":"下関市","town":"川中本町"}],"0853":[{"pref":"山口県","city":"下関市","town":"川中豊町"}],"0823":[{"pref":"山口県","city":"下関市","town":"貴船町"}],"0804":[{"pref":"山口県","city":"下関市","town":"楠乃"}],"0852":[{"pref":"山口県","city":"下関市","town":"熊野町"}],"0851":[{"pref":"山口県","city":"下関市","town":"熊野西町"}],"0801":[{"pref":"山口県","city":"下関市","town":"勝谷"}],"0802":[{"pref":"山口県","city":"下関市","town":"勝谷新町"}],"0843":[{"pref":"山口県","city":"下関市","town":"新垢田東町"}],"0844":[{"pref":"山口県","city":"下関市","town":"新垢田西町"}],"0842":[{"pref":"山口県","city":"下関市","town":"新垢田南町"}],"0845":[{"pref":"山口県","city":"下関市","town":"新垢田北町"}],"0820":[{"pref":"山口県","city":"下関市","town":"新椋野"}],"0822":[{"pref":"山口県","city":"下関市","town":"宝町"}],"0883":[{"pref":"山口県","city":"下関市","town":"田倉"}],"0882":[{"pref":"山口県","city":"下関市","town":"田倉御殿町"}],"0833":[{"pref":"山口県","city":"下関市","town":"武久町"}],"0819":[{"pref":"山口県","city":"下関市","town":"武久西原台"}],"0831":[{"pref":"山口県","city":"下関市","town":"大学町"}],"0814":[{"pref":"山口県","city":"下関市","town":"壇之浦町"}],"0840":[{"pref":"山口県","city":"下関市","town":"長州出島"}],"0867":[{"pref":"山口県","city":"下関市","town":"延行"}],"0830":[{"pref":"山口県","city":"下関市","town":"幡生新町"}],"0827":[{"pref":"山口県","city":"下関市","town":"幡生本町"}],"0829":[{"pref":"山口県","city":"下関市","town":"幡生宮の下町"}],"0828":[{"pref":"山口県","city":"下関市","town":"幡生町"}],"0856":[{"pref":"山口県","city":"下関市","town":"稗田中町"}],"0855":[{"pref":"山口県","city":"下関市","town":"稗田西町"}],"0854":[{"pref":"山口県","city":"下関市","town":"稗田南町"}],"0857":[{"pref":"山口県","city":"下関市","town":"稗田北町"}],"0858":[{"pref":"山口県","city":"下関市","town":"稗田町"}],"0879":[{"pref":"山口県","city":"下関市","town":"東勝谷"}],"0811":[{"pref":"山口県","city":"下関市","town":"藤ケ谷町"}],"0847":[{"pref":"山口県","city":"下関市","town":"古屋町"}],"0815":[{"pref":"山口県","city":"下関市","town":"本町"}],"0803":[{"pref":"山口県","city":"下関市","town":"前勝谷町"}],"0821":[{"pref":"山口県","city":"下関市","town":"三河町"}],"0813":[{"pref":"山口県","city":"下関市","town":"みもすそ川町"}],"0812":[{"pref":"山口県","city":"下関市","town":"椋野上町"}],"0816":[{"pref":"山口県","city":"下関市","town":"椋野町"}],"0824":[{"pref":"山口県","city":"下関市","town":"山の口町"}],"0837":[{"pref":"山口県","city":"下関市","town":"山の田中央町"}],"0834":[{"pref":"山口県","city":"下関市","town":"山の田東町"}],"0836":[{"pref":"山口県","city":"下関市","town":"山の田西町"}],"0835":[{"pref":"山口県","city":"下関市","town":"山の田南町"}],"0839":[{"pref":"山口県","city":"下関市","town":"山の田北町"}],"0838":[{"pref":"山口県","city":"下関市","town":"山の田本町"}]}