{"0000":[{"pref":"愛知県","city":"名古屋市瑞穂区","town":"以下に掲載がない場合"}],"0846":[{"pref":"愛知県","city":"名古屋市瑞穂区","town":"荒崎町"}],"0005":[{"pref":"愛知県","city":"名古屋市瑞穂区","town":"石川町"}],"0067":[{"pref":"愛知県","city":"名古屋市瑞穂区","town":"石田町"}],"0063":[{"pref":"愛知県","city":"名古屋市瑞穂区","town":"市丘町"}],"0835":[{"pref":"愛知県","city":"名古屋市瑞穂区","town":"井戸田町"}],"0057":[{"pref":"愛知県","city":"名古屋市瑞穂区","town":"井の元町"}],"0045":[{"pref":"愛知県","city":"名古屋市瑞穂区","town":"茨木町"}],"0854":[{"pref":"愛知県","city":"名古屋市瑞穂区","town":"浮島町"}],"0863":[{"pref":"愛知県","city":"名古屋市瑞穂区","town":"牛巻町"}],"0068":[{"pref":"愛知県","city":"名古屋市瑞穂区","town":"内方町"}],"0853":[{"pref":"愛知県","city":"名古屋市瑞穂区","town":"内浜町"}],"0874":[{"pref":"愛知県","city":"名古屋市瑞穂区","town":"太田町"}],"0006":[{"pref":"愛知県","city":"名古屋市瑞穂区","town":"御莨町"}],"0007":[{"pref":"愛知県","city":"名古屋市瑞穂区","town":"大殿町"}],"0833":[{"pref":"愛知県","city":"名古屋市瑞穂区","town":"鍵田町"}],"0044":[{"pref":"愛知県","city":"名古屋市瑞穂区","town":"柏木町"}],"0052":[{"pref":"愛知県","city":"名古屋市瑞穂区","town":"片坂町"}],"0824":[{"pref":"愛知県","city":"名古屋市瑞穂区","town":"甲山町"}],"0051":[{"pref":"愛知県","city":"名古屋市瑞穂区","town":"釜塚町"}],"0821":[{"pref":"愛知県","city":"名古屋市瑞穂区","town":"上坂町"}],"0847":[{"pref":"愛知県","city":"名古屋市瑞穂区","town":"神穂町"}],"0832":[{"pref":"愛知県","city":"名古屋市瑞穂区","town":"神前町"}],"0022":[{"pref":"愛知県","city":"名古屋市瑞穂区","town":"上山町"}],"0876":[{"pref":"愛知県","city":"名古屋市瑞穂区","town":"亀城町"}],"0845":[{"pref":"愛知県","city":"名古屋市瑞穂区","town":"河岸"}],"0844":[{"pref":"愛知県","city":"名古屋市瑞穂区","town":"河岸町"}],"0002":[{"pref":"愛知県","city":"名古屋市瑞穂区","town":"川澄町"}],"0877":[{"pref":"愛知県","city":"名古屋市瑞穂区","town":"雁道町"}],"0811":[{"pref":"愛知県","city":"名古屋市瑞穂区","town":"北原町"}],"0059":[{"pref":"愛知県","city":"名古屋市瑞穂区","town":"軍水町"}],"0807":[{"pref":"愛知県","city":"名古屋市瑞穂区","town":"駒場町"}],"0805":[{"pref":"愛知県","city":"名古屋市瑞穂区","town":"桜見町"}],"0812":[{"pref":"愛知県","city":"名古屋市瑞穂区","town":"薩摩町"}],"0016":[{"pref":"愛知県","city":"名古屋市瑞穂区","town":"佐渡町"}],"0851":[{"pref":"愛知県","city":"名古屋市瑞穂区","town":"塩入町"}],"0003":[{"pref":"愛知県","city":"名古屋市瑞穂区","town":"汐路町"}],"0827":[{"pref":"愛知県","city":"名古屋市瑞穂区","town":"下坂町"}],"0049":[{"pref":"愛知県","city":"名古屋市瑞穂区","town":"下山町"}],"0867":[{"pref":"愛知県","city":"名古屋市瑞穂区","town":"春敲町"}],"0004":[{"pref":"愛知県","city":"名古屋市瑞穂区","town":"松月町"}],"0056":[{"pref":"愛知県","city":"名古屋市瑞穂区","town":"白砂町"}],"0014":[{"pref":"愛知県","city":"名古屋市瑞穂区","town":"白羽根町"}],"0856":[{"pref":"愛知県","city":"名古屋市瑞穂区","town":"新開町"}],"0804":[{"pref":"愛知県","city":"名古屋市瑞穂区","town":"洲雲町"}],"0871":[{"pref":"愛知県","city":"名古屋市瑞穂区","town":"須田町"}],"0066":[{"pref":"愛知県","city":"名古屋市瑞穂区","town":"洲山町"}],"0058":[{"pref":"愛知県","city":"名古屋市瑞穂区","town":"関取町"}],"0013":[{"pref":"愛知県","city":"名古屋市瑞穂区","town":"膳棚町"}],"0831":[{"pref":"愛知県","city":"名古屋市瑞穂区","town":"惣作町"}],"0015":[{"pref":"愛知県","city":"名古屋市瑞穂区","town":"十六町"}],"0868":[{"pref":"愛知県","city":"名古屋市瑞穂区","town":"大喜新町"}],"0822":[{"pref":"愛知県","city":"名古屋市瑞穂区","town":"大喜町"}],"0808":[{"pref":"愛知県","city":"名古屋市瑞穂区","town":"高田町"}],"0872":[{"pref":"愛知県","city":"名古屋市瑞穂区","town":"高辻町"}],"0873":[{"pref":"愛知県","city":"名古屋市瑞穂区","town":"竹田町"}],"0043":[{"pref":"愛知県","city":"名古屋市瑞穂区","town":"岳見町"}],"0828":[{"pref":"愛知県","city":"名古屋市瑞穂区","town":"田光町"}],"0027":[{"pref":"愛知県","city":"名古屋市瑞穂区","town":"田辺通"}],"0046":[{"pref":"愛知県","city":"名古屋市瑞穂区","town":"玉水町"}],"0021":[{"pref":"愛知県","city":"名古屋市瑞穂区","town":"檀渓通"}],"0823":[{"pref":"愛知県","city":"名古屋市瑞穂区","town":"津賀田町"}],"0836":[{"pref":"愛知県","city":"名古屋市瑞穂区","town":"佃町"}],"0843":[{"pref":"愛知県","city":"名古屋市瑞穂区","town":"土市町"}],"0017":[{"pref":"愛知県","city":"名古屋市瑞穂区","town":"東栄町"}],"0012":[{"pref":"愛知県","city":"名古屋市瑞穂区","town":"豊岡通"}],"0841":[{"pref":"愛知県","city":"名古屋市瑞穂区","town":"苗代町"}],"0865":[{"pref":"愛知県","city":"名古屋市瑞穂区","town":"直来町"}],"0055":[{"pref":"愛知県","city":"名古屋市瑞穂区","town":"中根町"}],"0803":[{"pref":"愛知県","city":"名古屋市瑞穂区","town":"中山町"}],"0813":[{"pref":"愛知県","city":"名古屋市瑞穂区","town":"西ノ割町"}],"0053":[{"pref":"愛知県","city":"名古屋市瑞穂区","town":"仁所町"}],"0011":[{"pref":"愛知県","city":"名古屋市瑞穂区","town":"萩山町"}],"0826":[{"pref":"愛知県","city":"名古屋市瑞穂区","town":"白龍町"}],"0042":[{"pref":"愛知県","city":"名古屋市瑞穂区","town":"八勝通"}],"0028":[{"pref":"愛知県","city":"名古屋市瑞穂区","town":"初日町"}],"0837":[{"pref":"愛知県","city":"名古屋市瑞穂区","town":"花目町"}],"0024":[{"pref":"愛知県","city":"名古屋市瑞穂区","town":"春山町"}],"0047":[{"pref":"愛知県","city":"名古屋市瑞穂区","town":"日向町"}],"0834":[{"pref":"愛知県","city":"名古屋市瑞穂区","town":"姫宮町"}],"0861":[{"pref":"愛知県","city":"名古屋市瑞穂区","town":"二野町"}],"0878":[{"pref":"愛知県","city":"名古屋市瑞穂区","town":"船原町"}],"0879":[{"pref":"愛知県","city":"名古屋市瑞穂区","town":"平郷町"}],"0866":[{"pref":"愛知県","city":"名古屋市瑞穂区","town":"宝田町"}],"0862":[{"pref":"愛知県","city":"名古屋市瑞穂区","town":"堀田通"}],"0814":[{"pref":"愛知県","city":"名古屋市瑞穂区","town":"本願寺町"}],"0815":[{"pref":"愛知県","city":"名古屋市瑞穂区","town":"前田町"}],"0816":[{"pref":"愛知県","city":"名古屋市瑞穂区","town":"牧町"}],"0025":[{"pref":"愛知県","city":"名古屋市瑞穂区","town":"松栄町"}],"0065":[{"pref":"愛知県","city":"名古屋市瑞穂区","town":"松園町"}],"0864":[{"pref":"愛知県","city":"名古屋市瑞穂区","town":"豆田町"}],"0054":[{"pref":"愛知県","city":"名古屋市瑞穂区","town":"丸根町"}],"0041":[{"pref":"愛知県","city":"名古屋市瑞穂区","town":"密柑山町"}],"0001":[{"pref":"愛知県","city":"名古屋市瑞穂区","town":"瑞穂町（川澄）"}],"0801":[{"pref":"愛知県","city":"名古屋市瑞穂区","town":"瑞穂町（西藤塚）"}],"0802":[{"pref":"愛知県","city":"名古屋市瑞穂区","town":"瑞穂町（山の畑）"}],"0806":[{"pref":"愛知県","city":"名古屋市瑞穂区","town":"瑞穂通"}],"0875":[{"pref":"愛知県","city":"名古屋市瑞穂区","town":"御劔町"}],"0023":[{"pref":"愛知県","city":"名古屋市瑞穂区","town":"南山町"}],"0842":[{"pref":"愛知県","city":"名古屋市瑞穂区","town":"妙音通"}],"0008":[{"pref":"愛知県","city":"名古屋市瑞穂区","town":"村上町"}],"0852":[{"pref":"愛知県","city":"名古屋市瑞穂区","town":"明前町"}],"0855":[{"pref":"愛知県","city":"名古屋市瑞穂区","town":"桃園町"}],"0061":[{"pref":"愛知県","city":"名古屋市瑞穂区","town":"師長町"}],"0048":[{"pref":"愛知県","city":"名古屋市瑞穂区","town":"弥富ケ丘町"}],"0036":[{"pref":"愛知県","city":"名古屋市瑞穂区","town":"弥富町密柑山"}],"0039":[{"pref":"愛知県","city":"名古屋市瑞穂区","town":"弥富町茨山"}],"0037":[{"pref":"愛知県","city":"名古屋市瑞穂区","town":"弥富町上山"}],"0032":[{"pref":"愛知県","city":"名古屋市瑞穂区","town":"弥富町紅葉園"}],"0034":[{"pref":"愛知県","city":"名古屋市瑞穂区","town":"弥富町桜ケ岡"}],"0038":[{"pref":"愛知県","city":"名古屋市瑞穂区","town":"弥富町清水ケ岡"}],"0035":[{"pref":"愛知県","city":"名古屋市瑞穂区","town":"弥富町月見ケ岡"}],"0033":[{"pref":"愛知県","city":"名古屋市瑞穂区","town":"弥富町円山"}],"0031":[{"pref":"愛知県","city":"名古屋市瑞穂区","town":"弥富町緑ケ岡"}],"0064":[{"pref":"愛知県","city":"名古屋市瑞穂区","town":"弥富通"}],"0825":[{"pref":"愛知県","city":"名古屋市瑞穂区","town":"柳ケ枝町"}],"0062":[{"pref":"愛知県","city":"名古屋市瑞穂区","town":"山下通"}],"0026":[{"pref":"愛知県","city":"名古屋市瑞穂区","town":"陽明町"}]}