{"0056":[{"pref":"和歌山県","city":"和歌山市","town":"秋葉町"}],"0044":[{"pref":"和歌山県","city":"和歌山市","town":"今福"}],"0043":[{"pref":"和歌山県","city":"和歌山市","town":"宇須"}],"0053":[{"pref":"和歌山県","city":"和歌山市","town":"打越町"}],"0013":[{"pref":"和歌山県","city":"和歌山市","town":"内原"}],"0008":[{"pref":"和歌山県","city":"和歌山市","town":"北中島"}],"0012":[{"pref":"和歌山県","city":"和歌山市","town":"紀三井寺"}],"0001":[{"pref":"和歌山県","city":"和歌山市","town":"杭ノ瀬"}],"0014":[{"pref":"和歌山県","city":"和歌山市","town":"毛見"}],"0007":[{"pref":"和歌山県","city":"和歌山市","town":"小雑賀"}],"0062":[{"pref":"和歌山県","city":"和歌山市","town":"雑賀崎"}],"0003":[{"pref":"和歌山県","city":"和歌山市","town":"坂田"}],"0054":[{"pref":"和歌山県","city":"和歌山市","town":"塩屋"}],"0002":[{"pref":"和歌山県","city":"和歌山市","town":"新中島"}],"0042":[{"pref":"和歌山県","city":"和歌山市","town":"新堀東"}],"0023":[{"pref":"和歌山県","city":"和歌山市","town":"新和歌浦"}],"0035":[{"pref":"和歌山県","city":"和歌山市","town":"関戸"}],"0005":[{"pref":"和歌山県","city":"和歌山市","town":"田尻"}],"0061":[{"pref":"和歌山県","city":"和歌山市","town":"田野"}],"0006":[{"pref":"和歌山県","city":"和歌山市","town":"中島"}],"0034":[{"pref":"和歌山県","city":"和歌山市","town":"新高町"}],"0031":[{"pref":"和歌山県","city":"和歌山市","town":"西小二里"}],"0051":[{"pref":"和歌山県","city":"和歌山市","town":"西高松"}],"0036":[{"pref":"和歌山県","city":"和歌山市","town":"西浜"}],"0015":[{"pref":"和歌山県","city":"和歌山市","town":"布引"}],"0032":[{"pref":"和歌山県","city":"和歌山市","town":"東小二里町"}],"0052":[{"pref":"和歌山県","city":"和歌山市","town":"東高松"}],"0041":[{"pref":"和歌山県","city":"和歌山市","town":"堀止南ノ丁"}],"0045":[{"pref":"和歌山県","city":"和歌山市","town":"堀止西"}],"0033":[{"pref":"和歌山県","city":"和歌山市","town":"松ケ丘"}],"0011":[{"pref":"和歌山県","city":"和歌山市","town":"三葛"}],"0025":[{"pref":"和歌山県","city":"和歌山市","town":"和歌浦中"}],"0021":[{"pref":"和歌山県","city":"和歌山市","town":"和歌浦東"}],"0024":[{"pref":"和歌山県","city":"和歌山市","town":"和歌浦西"}],"0022":[{"pref":"和歌山県","city":"和歌山市","town":"和歌浦南"}],"0055":[{"pref":"和歌山県","city":"和歌山市","town":"和歌川町"}],"0004":[{"pref":"和歌山県","city":"和歌山市","town":"和田"}]}