{"1101":[{"pref":"茨城県","city":"筑西市","town":"小栗"}],"1102":[{"pref":"茨城県","city":"筑西市","town":"蓬田"}],"1103":[{"pref":"茨城県","city":"筑西市","town":"久地楽"}],"1104":[{"pref":"茨城県","city":"筑西市","town":"古郡"}],"1105":[{"pref":"茨城県","city":"筑西市","town":"三郷"}],"1106":[{"pref":"茨城県","city":"筑西市","town":"新治"}],"1107":[{"pref":"茨城県","city":"筑西市","town":"門井"}],"1108":[{"pref":"茨城県","city":"筑西市","town":"井出蛯沢"}],"1111":[{"pref":"茨城県","city":"筑西市","town":"上星谷"}],"1112":[{"pref":"茨城県","city":"筑西市","town":"八幡"}],"1113":[{"pref":"茨城県","city":"筑西市","town":"柳"}],"1114":[{"pref":"茨城県","city":"筑西市","town":"細田"}],"1115":[{"pref":"茨城県","city":"筑西市","town":"蓮沼"}],"1116":[{"pref":"茨城県","city":"筑西市","town":"横塚"}],"1117":[{"pref":"茨城県","city":"筑西市","town":"向川澄"}],"1121":[{"pref":"茨城県","city":"筑西市","town":"谷永島"}],"1122":[{"pref":"茨城県","city":"筑西市","town":"下星谷"}],"1123":[{"pref":"茨城県","city":"筑西市","town":"下郷谷"}],"1124":[{"pref":"茨城県","city":"筑西市","town":"知行"}],"1125":[{"pref":"茨城県","city":"筑西市","town":"大島"}],"1126":[{"pref":"茨城県","city":"筑西市","town":"清水"}],"1127":[{"pref":"茨城県","city":"筑西市","town":"桑山"}],"1200":[{"pref":"茨城県","city":"桜川市","town":"以下に掲載がない場合"}],"1201":[{"pref":"茨城県","city":"桜川市","town":"大泉"}],"1202":[{"pref":"茨城県","city":"桜川市","town":"飯淵"}],"1203":[{"pref":"茨城県","city":"桜川市","town":"富岡"}],"1204":[{"pref":"茨城県","city":"桜川市","town":"久原"}],"1205":[{"pref":"茨城県","city":"桜川市","town":"堤上"}],"1211":[{"pref":"茨城県","city":"桜川市","town":"岩瀬"}],"1212":[{"pref":"茨城県","city":"桜川市","town":"富士見台"}],"1213":[{"pref":"茨城県","city":"桜川市","town":"西桜川"}],"1214":[{"pref":"茨城県","city":"桜川市","town":"東桜川"}],"1215":[{"pref":"茨城県","city":"桜川市","town":"御領"}],"1216":[{"pref":"茨城県","city":"桜川市","town":"明日香"}],"1217":[{"pref":"茨城県","city":"桜川市","town":"犬田"}],"1221":[{"pref":"茨城県","city":"桜川市","town":"西飯岡"}],"1222":[{"pref":"茨城県","city":"桜川市","town":"長方"}],"1223":[{"pref":"茨城県","city":"桜川市","town":"鍬田"}],"1224":[{"pref":"茨城県","city":"桜川市","town":"中泉"}],"1225":[{"pref":"茨城県","city":"桜川市","town":"下泉"}],"1226":[{"pref":"茨城県","city":"桜川市","town":"上野原地新田"}],"1227":[{"pref":"茨城県","city":"桜川市","town":"本郷"}],"1231":[{"pref":"茨城県","city":"桜川市","town":"本木"}],"1232":[{"pref":"茨城県","city":"桜川市","town":"大曽根"}],"1233":[{"pref":"茨城県","city":"桜川市","town":"東飯田"}],"1234":[{"pref":"茨城県","city":"桜川市","town":"阿部田"}],"1241":[{"pref":"茨城県","city":"桜川市","town":"青木"}],"1242":[{"pref":"茨城県","city":"桜川市","town":"羽田"}],"1243":[{"pref":"茨城県","city":"桜川市","town":"高久"}],"1244":[{"pref":"茨城県","city":"桜川市","town":"大国玉"}],"1245":[{"pref":"茨城県","city":"桜川市","town":"金敷"}],"1246":[{"pref":"茨城県","city":"桜川市","town":"高森"}],"1331":[{"pref":"茨城県","city":"桜川市","town":"平澤"}],"1332":[{"pref":"茨城県","city":"桜川市","town":"池亀"}],"1333":[{"pref":"茨城県","city":"桜川市","town":"山口"}],"1334":[{"pref":"茨城県","city":"桜川市","town":"坂本"}],"1335":[{"pref":"茨城県","city":"桜川市","town":"大月"}],"1336":[{"pref":"茨城県","city":"桜川市","town":"小塩"}],"1337":[{"pref":"茨城県","city":"桜川市","town":"福崎"}],"1341":[{"pref":"茨城県","city":"桜川市","town":"門毛"}],"1342":[{"pref":"茨城県","city":"桜川市","town":"間中"}],"1343":[{"pref":"茨城県","city":"桜川市","town":"亀岡"}],"1344":[{"pref":"茨城県","city":"桜川市","town":"南飯田"}],"1345":[{"pref":"茨城県","city":"桜川市","town":"入野"}],"1346":[{"pref":"茨城県","city":"桜川市","town":"中里"}],"1347":[{"pref":"茨城県","city":"桜川市","town":"富谷"}],"1451":[{"pref":"茨城県","city":"桜川市","town":"西小塙"}],"1452":[{"pref":"茨城県","city":"桜川市","town":"加茂部"}],"1453":[{"pref":"茨城県","city":"桜川市","town":"友部"}],"1454":[{"pref":"茨城県","city":"桜川市","town":"上城"}],"1455":[{"pref":"茨城県","city":"桜川市","town":"水戸"}],"1456":[{"pref":"茨城県","city":"桜川市","town":"青柳"}],"1457":[{"pref":"茨城県","city":"桜川市","town":"磯部"}],"1458":[{"pref":"茨城県","city":"桜川市","town":"稲"}],"1461":[{"pref":"茨城県","city":"桜川市","town":"松田"}],"1462":[{"pref":"茨城県","city":"桜川市","town":"曽根"}],"1463":[{"pref":"茨城県","city":"桜川市","town":"高幡"}],"1464":[{"pref":"茨城県","city":"桜川市","town":"今泉"}],"1465":[{"pref":"茨城県","city":"桜川市","town":"木植"}],"1466":[{"pref":"茨城県","city":"桜川市","town":"猿田"}],"1600":[{"pref":"茨城県","city":"笠間市","town":"以下に掲載がない場合"}],"1601":[{"pref":"茨城県","city":"笠間市","town":"大橋"}],"1602":[{"pref":"茨城県","city":"笠間市","town":"池野辺"}],"1603":[{"pref":"茨城県","city":"笠間市","town":"福田"}],"1604":[{"pref":"茨城県","city":"笠間市","town":"大渕"}],"1605":[{"pref":"茨城県","city":"笠間市","town":"飯田"}],"1606":[{"pref":"茨城県","city":"笠間市","town":"日沢"}],"1607":[{"pref":"茨城県","city":"笠間市","town":"石寺"}],"1611":[{"pref":"茨城県","city":"笠間市","town":"笠間"}],"1612":[{"pref":"茨城県","city":"笠間市","town":"日草場"}],"1613":[{"pref":"茨城県","city":"笠間市","town":"石井"}],"1614":[{"pref":"茨城県","city":"笠間市","town":"寺崎"}],"1615":[{"pref":"茨城県","city":"笠間市","town":"金井"}],"1616":[{"pref":"茨城県","city":"笠間市","town":"赤坂"}],"1621":[{"pref":"茨城県","city":"笠間市","town":"手越"}],"1622":[{"pref":"茨城県","city":"笠間市","town":"南吉原"}],"1623":[{"pref":"茨城県","city":"笠間市","town":"上加賀田"}],"1624":[{"pref":"茨城県","city":"笠間市","town":"北吉原"}],"1625":[{"pref":"茨城県","city":"笠間市","town":"来栖"}],"1626":[{"pref":"茨城県","city":"笠間市","town":"下市毛"}],"1631":[{"pref":"茨城県","city":"笠間市","town":"箱田"}],"1632":[{"pref":"茨城県","city":"笠間市","town":"飯合"}],"1633":[{"pref":"茨城県","city":"笠間市","town":"本戸"}],"1634":[{"pref":"茨城県","city":"笠間市","town":"福原"}],"1635":[{"pref":"茨城県","city":"笠間市","town":"稲田"}],"1636":[{"pref":"茨城県","city":"笠間市","town":"大郷戸"}],"1637":[{"pref":"茨城県","city":"笠間市","town":"片庭"}],"1701":[{"pref":"茨城県","city":"笠間市","town":"小原"}],"1702":[{"pref":"茨城県","city":"笠間市","town":"五平"}],"1703":[{"pref":"茨城県","city":"笠間市","town":"鯉淵"}],"1704":[{"pref":"茨城県","city":"笠間市","town":"美原"}],"1705":[{"pref":"茨城県","city":"笠間市","town":"東平"}],"1706":[{"pref":"茨城県","city":"笠間市","town":"鴻巣"}],"1711":[{"pref":"茨城県","city":"笠間市","town":"随分附"}],"1712":[{"pref":"茨城県","city":"笠間市","town":"長兎路"}],"1713":[{"pref":"茨城県","city":"笠間市","town":"柏井"}],"1714":[{"pref":"茨城県","city":"笠間市","town":"仁古田"}],"1715":[{"pref":"茨城県","city":"笠間市","town":"湯崎"}],"1716":[{"pref":"茨城県","city":"笠間市","town":"住吉"}],"1717":[{"pref":"茨城県","city":"笠間市","town":"旭町"}],"1721":[{"pref":"茨城県","city":"笠間市","town":"橋爪"}],"1722":[{"pref":"茨城県","city":"笠間市","town":"平町"}],"1723":[{"pref":"茨城県","city":"笠間市","town":"矢野下"}],"1724":[{"pref":"茨城県","city":"笠間市","town":"大古山"}],"1725":[{"pref":"茨城県","city":"笠間市","town":"南小泉"}],"1726":[{"pref":"茨城県","city":"笠間市","town":"下加賀田"}],"1731":[{"pref":"茨城県","city":"笠間市","town":"上市原"}],"1732":[{"pref":"茨城県","city":"笠間市","town":"中市原"}],"1733":[{"pref":"茨城県","city":"笠間市","town":"下市原"}],"1734":[{"pref":"茨城県","city":"笠間市","town":"南友部"}],"1735":[{"pref":"茨城県","city":"笠間市","town":"友部駅前"}],"1736":[{"pref":"茨城県","city":"笠間市","town":"八雲"}],"1737":[{"pref":"茨城県","city":"笠間市","town":"中央"}],"1738":[{"pref":"茨城県","city":"笠間市","town":"大田町"}]}