{"0514":[{"pref":"広島県","city":"広島市佐伯区","town":"杉並台"}],"0603":[{"pref":"広島県","city":"広島市佐伯区","town":"湯来町下"}],"0512":[{"pref":"広島県","city":"広島市佐伯区","town":"湯来町白砂"}],"0513":[{"pref":"広島県","city":"広島市佐伯区","town":"湯来町菅沢（黒谷）"},{"pref":"広島県","city":"広島市佐伯区","town":"湯来町伏谷"}],"0722":[{"pref":"広島県","city":"広島市佐伯区","town":"湯来町菅沢（その他）"}],"0721":[{"pref":"広島県","city":"広島市佐伯区","town":"湯来町多田"}],"0511":[{"pref":"広島県","city":"広島市佐伯区","town":"湯来町葛原"}],"0602":[{"pref":"広島県","city":"広島市佐伯区","town":"湯来町麦谷"}],"0601":[{"pref":"広島県","city":"広島市佐伯区","town":"湯来町和田"}],"0000":[{"pref":"広島県","city":"廿日市市","town":"以下に掲載がない場合"}],"0223":[{"pref":"広島県","city":"廿日市市","town":"浅原"}],"0054":[{"pref":"広島県","city":"廿日市市","town":"阿品"}],"0053":[{"pref":"広島県","city":"廿日市市","town":"阿品台"}],"0051":[{"pref":"広島県","city":"廿日市市","town":"阿品台北"}],"0055":[{"pref":"広島県","city":"廿日市市","town":"阿品台西"}],"0052":[{"pref":"広島県","city":"廿日市市","town":"阿品台東"}],"0056":[{"pref":"広島県","city":"廿日市市","town":"阿品台山の手"}],"0226":[{"pref":"広島県","city":"廿日市市","town":"飯山"}],"0011":[{"pref":"広島県","city":"廿日市市","town":"駅前"}],"0281":[{"pref":"広島県","city":"廿日市市","town":"大野鴉ケ岡"}],"0282":[{"pref":"広島県","city":"廿日市市","town":"大野渡ノ瀬"}],"0006":[{"pref":"広島県","city":"廿日市市","town":"大東"}],"0016":[{"pref":"広島県","city":"廿日市市","town":"可愛"}],"0026":[{"pref":"広島県","city":"廿日市市","town":"上平良"}],"0204":[{"pref":"広島県","city":"廿日市市","town":"河津原"}],"0033":[{"pref":"広島県","city":"廿日市市","town":"串戸"}],"0205":[{"pref":"広島県","city":"廿日市市","town":"玖島"}],"0224":[{"pref":"広島県","city":"廿日市市","town":"栗栖"}],"0001":[{"pref":"広島県","city":"廿日市市","town":"佐方"}],"0003":[{"pref":"広島県","city":"廿日市市","town":"佐方本町"}],"0004":[{"pref":"広島県","city":"廿日市市","town":"桜尾"}],"0005":[{"pref":"広島県","city":"廿日市市","town":"桜尾本町"}],"0002":[{"pref":"広島県","city":"廿日市市","town":"山陽園"}],"0036":[{"pref":"広島県","city":"廿日市市","town":"四季が丘"}],"0038":[{"pref":"広島県","city":"廿日市市","town":"四季が丘上"}],"0042":[{"pref":"広島県","city":"廿日市市","town":"地御前"}],"0043":[{"pref":"広島県","city":"廿日市市","town":"地御前北"}],"0023":[{"pref":"広島県","city":"廿日市市","town":"下平良"}],"0007":[{"pref":"広島県","city":"廿日市市","town":"城内"}],"0024":[{"pref":"広島県","city":"廿日市市","town":"新宮"}],"0017":[{"pref":"広島県","city":"廿日市市","town":"須賀"}],"0014":[{"pref":"広島県","city":"廿日市市","town":"住吉"}],"0222":[{"pref":"広島県","city":"廿日市市","town":"津田"}],"0012":[{"pref":"広島県","city":"廿日市市","town":"天神"}],"0202":[{"pref":"広島県","city":"廿日市市","town":"峠"}],"0203":[{"pref":"広島県","city":"廿日市市","town":"友田"}],"0201":[{"pref":"広島県","city":"廿日市市","town":"永原"}],"0225":[{"pref":"広島県","city":"廿日市市","town":"中道"}],"0013":[{"pref":"広島県","city":"廿日市市","town":"廿日市"}],"0031":[{"pref":"広島県","city":"廿日市市","town":"原"}],"0025":[{"pref":"広島県","city":"廿日市市","town":"平良"}],"0027":[{"pref":"広島県","city":"廿日市市","town":"平良山手"}],"0015":[{"pref":"広島県","city":"廿日市市","town":"本町"}],"0032":[{"pref":"広島県","city":"廿日市市","town":"峰高"}],"0034":[{"pref":"広島県","city":"廿日市市","town":"宮内"}],"0039":[{"pref":"広島県","city":"廿日市市","town":"宮内工業団地"}],"0035":[{"pref":"広島県","city":"廿日市市","town":"宮園"}],"0037":[{"pref":"広島県","city":"廿日市市","town":"宮園上"}],"0221":[{"pref":"広島県","city":"廿日市市","town":"虫所山"}],"0021":[{"pref":"広島県","city":"廿日市市","town":"木材港北"}],"0022":[{"pref":"広島県","city":"廿日市市","town":"木材港南"}],"0060":[{"pref":"広島県","city":"廿日市市","town":"陽光台"}],"0301":[{"pref":"広島県","city":"廿日市市","town":"吉和"}],"0041":[{"pref":"広島県","city":"廿日市市","town":"六本松"}]}