{"0000":[{"pref":"茨城県","city":"龍ケ崎市","town":"以下に掲載がない場合"}],"0821":[{"pref":"茨城県","city":"龍ケ崎市","town":"東町"}],"0838":[{"pref":"茨城県","city":"龍ケ崎市","town":"愛戸町"}],"0857":[{"pref":"茨城県","city":"龍ケ崎市","town":"泉町"}],"0801":[{"pref":"茨城県","city":"龍ケ崎市","town":"板橋町"}],"0045":[{"pref":"茨城県","city":"龍ケ崎市","town":"稲荷新田町"}],"0046":[{"pref":"茨城県","city":"龍ケ崎市","town":"入地町"}],"0805":[{"pref":"茨城県","city":"龍ケ崎市","town":"薄倉町"}],"0851":[{"pref":"茨城県","city":"龍ケ崎市","town":"大塚町"}],"0025":[{"pref":"茨城県","city":"龍ケ崎市","town":"大留町"}],"0856":[{"pref":"茨城県","city":"龍ケ崎市","town":"貝原塚町"}],"0006":[{"pref":"茨城県","city":"龍ケ崎市","town":"門倉新田町"}],"0817":[{"pref":"茨城県","city":"龍ケ崎市","town":"上大徳新町"}],"0012":[{"pref":"茨城県","city":"龍ケ崎市","town":"上町"}],"0048":[{"pref":"茨城県","city":"龍ケ崎市","town":"川崎町"}],"0825":[{"pref":"茨城県","city":"龍ケ崎市","town":"川余郷"}],"0005":[{"pref":"茨城県","city":"龍ケ崎市","town":"川原代町"}],"0021":[{"pref":"茨城県","city":"龍ケ崎市","town":"北方町"}],"0001":[{"pref":"茨城県","city":"龍ケ崎市","town":"久保台"}],"0802":[{"pref":"茨城県","city":"龍ケ崎市","town":"高作町"}],"0822":[{"pref":"茨城県","city":"龍ケ崎市","town":"光順田"}],"0852":[{"pref":"茨城県","city":"龍ケ崎市","town":"向陽台"}],"0044":[{"pref":"茨城県","city":"龍ケ崎市","town":"小柴"}],"0834":[{"pref":"茨城県","city":"龍ケ崎市","town":"古城"}],"0034":[{"pref":"茨城県","city":"龍ケ崎市","town":"小通幸谷町"}],"0018":[{"pref":"茨城県","city":"龍ケ崎市","town":"米町"}],"0826":[{"pref":"茨城県","city":"龍ケ崎市","town":"栄町"}],"0032":[{"pref":"茨城県","city":"龍ケ崎市","town":"佐貫"}],"0033":[{"pref":"茨城県","city":"龍ケ崎市","town":"佐貫町"}],"0812":[{"pref":"茨城県","city":"龍ケ崎市","town":"佐沼町"}],"0824":[{"pref":"茨城県","city":"龍ケ崎市","town":"下町"}],"0847":[{"pref":"茨城県","city":"龍ケ崎市","town":"城ノ内"}],"0031":[{"pref":"茨城県","city":"龍ケ崎市","town":"庄兵衛新田町"}],"0841":[{"pref":"茨城県","city":"龍ケ崎市","town":"白羽"}],"0833":[{"pref":"茨城県","city":"龍ケ崎市","town":"城下"}],"0813":[{"pref":"茨城県","city":"龍ケ崎市","town":"新町"}],"0815":[{"pref":"茨城県","city":"龍ケ崎市","town":"直鮒"}],"0014":[{"pref":"茨城県","city":"龍ケ崎市","town":"須藤堀町"}],"0823":[{"pref":"茨城県","city":"龍ケ崎市","town":"砂町"}],"0816":[{"pref":"茨城県","city":"龍ケ崎市","town":"大徳町"}],"0814":[{"pref":"茨城県","city":"龍ケ崎市","town":"高砂"}],"0026":[{"pref":"茨城県","city":"龍ケ崎市","town":"高須町"}],"0839":[{"pref":"茨城県","city":"龍ケ崎市","town":"出し山町"}],"0835":[{"pref":"茨城県","city":"龍ケ崎市","town":"田町"}],"0836":[{"pref":"茨城県","city":"龍ケ崎市","town":"寺後"}],"0024":[{"pref":"茨城県","city":"龍ケ崎市","town":"豊田町"}],"0854":[{"pref":"茨城県","city":"龍ケ崎市","town":"中里"}],"0002":[{"pref":"茨城県","city":"龍ケ崎市","town":"中根台"}],"0016":[{"pref":"茨城県","city":"龍ケ崎市","town":"長沖新田町"}],"0015":[{"pref":"茨城県","city":"龍ケ崎市","town":"長沖町"}],"0804":[{"pref":"茨城県","city":"龍ケ崎市","town":"長峰町"}],"0042":[{"pref":"茨城県","city":"龍ケ崎市","town":"長山"}],"0845":[{"pref":"茨城県","city":"龍ケ崎市","town":"奈戸岡"}],"0004":[{"pref":"茨城県","city":"龍ケ崎市","town":"馴馬町"}],"0007":[{"pref":"茨城県","city":"龍ケ崎市","town":"馴柴町"}],"0803":[{"pref":"茨城県","city":"龍ケ崎市","town":"塗戸町"}],"0837":[{"pref":"茨城県","city":"龍ケ崎市","town":"根町"}],"0023":[{"pref":"茨城県","city":"龍ケ崎市","town":"羽黒町"}],"0843":[{"pref":"茨城県","city":"龍ケ崎市","town":"羽原町"}],"0806":[{"pref":"茨城県","city":"龍ケ崎市","town":"半田町"}],"0035":[{"pref":"茨城県","city":"龍ケ崎市","town":"稗柄町"}],"0017":[{"pref":"茨城県","city":"龍ケ崎市","town":"姫宮町"}],"0003":[{"pref":"茨城県","city":"龍ケ崎市","town":"平台"}],"0844":[{"pref":"茨城県","city":"龍ケ崎市","town":"平畑"}],"0855":[{"pref":"茨城県","city":"龍ケ崎市","town":"藤ケ丘"}],"0846":[{"pref":"茨城県","city":"龍ケ崎市","town":"別所町"}],"0853":[{"pref":"茨城県","city":"龍ケ崎市","town":"松ケ丘"}],"0043":[{"pref":"茨城県","city":"龍ケ崎市","town":"松葉"}],"0013":[{"pref":"茨城県","city":"龍ケ崎市","town":"水門"}],"0832":[{"pref":"茨城県","city":"龍ケ崎市","town":"緑町"}],"0022":[{"pref":"茨城県","city":"龍ケ崎市","town":"南が丘"}],"0047":[{"pref":"茨城県","city":"龍ケ崎市","town":"南中島町"}],"0811":[{"pref":"茨城県","city":"龍ケ崎市","town":"宮渕町"}],"0842":[{"pref":"茨城県","city":"龍ケ崎市","town":"八代町"}],"0831":[{"pref":"茨城県","city":"龍ケ崎市","town":"野原町"}],"0011":[{"pref":"茨城県","city":"龍ケ崎市","town":"横町"}],"0041":[{"pref":"茨城県","city":"龍ケ崎市","town":"若柴町"}],"0902":[{"pref":"茨城県","city":"稲敷市","town":"上根本"}],"0901":[{"pref":"茨城県","city":"稲敷市","town":"下根本"}]}