{"1131":[{"pref":"鳥取県","city":"鳥取市","town":"馬場"}],"1132":[{"pref":"鳥取県","city":"鳥取市","town":"国安"}],"1133":[{"pref":"鳥取県","city":"鳥取市","town":"源太"}],"1141":[{"pref":"鳥取県","city":"鳥取市","town":"蔵田"}],"1142":[{"pref":"鳥取県","city":"鳥取市","town":"橋本"}],"1143":[{"pref":"鳥取県","city":"鳥取市","town":"八坂"}],"1144":[{"pref":"鳥取県","city":"鳥取市","town":"円通寺"}],"1145":[{"pref":"鳥取県","city":"鳥取市","town":"西円通寺"}],"1146":[{"pref":"鳥取県","city":"鳥取市","town":"赤子田"}],"1151":[{"pref":"鳥取県","city":"鳥取市","town":"倭文"}],"1152":[{"pref":"鳥取県","city":"鳥取市","town":"玉津"}],"1153":[{"pref":"鳥取県","city":"鳥取市","town":"長谷"}],"1154":[{"pref":"鳥取県","city":"鳥取市","town":"下砂見"}],"1155":[{"pref":"鳥取県","city":"鳥取市","town":"中砂見"}],"1156":[{"pref":"鳥取県","city":"鳥取市","town":"上砂見"}],"1157":[{"pref":"鳥取県","city":"鳥取市","town":"岩坪"}],"1161":[{"pref":"鳥取県","city":"鳥取市","town":"向国安"}],"1162":[{"pref":"鳥取県","city":"鳥取市","town":"竹生"}],"1163":[{"pref":"鳥取県","city":"鳥取市","town":"横枕"}],"1164":[{"pref":"鳥取県","city":"鳥取市","town":"猪子"}],"1165":[{"pref":"鳥取県","city":"鳥取市","town":"下味野"}],"1166":[{"pref":"鳥取県","city":"鳥取市","town":"朝月"}],"1167":[{"pref":"鳥取県","city":"鳥取市","town":"上味野"}],"1171":[{"pref":"鳥取県","city":"鳥取市","town":"本高"}],"1172":[{"pref":"鳥取県","city":"鳥取市","town":"北村"}],"1173":[{"pref":"鳥取県","city":"鳥取市","town":"西今在家"}],"1174":[{"pref":"鳥取県","city":"鳥取市","town":"篠坂"}],"1175":[{"pref":"鳥取県","city":"鳥取市","town":"中村"}],"1176":[{"pref":"鳥取県","city":"鳥取市","town":"有富"}],"1177":[{"pref":"鳥取県","city":"鳥取市","town":"高路"}],"1201":[{"pref":"鳥取県","city":"鳥取市","town":"河原町袋河原"}],"1202":[{"pref":"鳥取県","city":"鳥取市","town":"河原町布袋"}],"1203":[{"pref":"鳥取県","city":"鳥取市","town":"河原町稲常"}],"1204":[{"pref":"鳥取県","city":"鳥取市","town":"河原町片山"}],"1205":[{"pref":"鳥取県","city":"鳥取市","town":"河原町今在家"}],"1206":[{"pref":"鳥取県","city":"鳥取市","town":"河原町三谷"}],"1207":[{"pref":"鳥取県","city":"鳥取市","town":"河原町郷原"}],"1208":[{"pref":"鳥取県","city":"鳥取市","town":"河原町鮎ケ丘"}],"1209":[{"pref":"鳥取県","city":"鳥取市","town":"河原町西円通寺"}],"1211":[{"pref":"鳥取県","city":"鳥取市","town":"河原町山手"}],"1212":[{"pref":"鳥取県","city":"鳥取市","town":"河原町徳吉"}],"1213":[{"pref":"鳥取県","city":"鳥取市","town":"河原町高福"}],"1214":[{"pref":"鳥取県","city":"鳥取市","town":"河原町八日市"}],"1215":[{"pref":"鳥取県","city":"鳥取市","town":"河原町和奈見"}],"1216":[{"pref":"鳥取県","city":"鳥取市","town":"河原町釜口"}],"1221":[{"pref":"鳥取県","city":"鳥取市","town":"河原町渡一木"}],"1222":[{"pref":"鳥取県","city":"鳥取市","town":"河原町曳田"}],"1223":[{"pref":"鳥取県","city":"鳥取市","town":"河原町天神原"}],"1224":[{"pref":"鳥取県","city":"鳥取市","town":"河原町中井"}],"1225":[{"pref":"鳥取県","city":"鳥取市","town":"河原町牛戸"}],"1231":[{"pref":"鳥取県","city":"鳥取市","town":"河原町湯谷"}],"1232":[{"pref":"鳥取県","city":"鳥取市","town":"河原町小畑"}],"1233":[{"pref":"鳥取県","city":"鳥取市","town":"河原町弓河内"}],"1234":[{"pref":"鳥取県","city":"鳥取市","town":"河原町北村"}],"1241":[{"pref":"鳥取県","city":"鳥取市","town":"河原町長瀬"}],"1242":[{"pref":"鳥取県","city":"鳥取市","town":"河原町谷一木"}],"1243":[{"pref":"鳥取県","city":"鳥取市","town":"河原町佐貫"}],"1244":[{"pref":"鳥取県","city":"鳥取市","town":"河原町水根"}],"1245":[{"pref":"鳥取県","city":"鳥取市","town":"河原町小倉"}],"1246":[{"pref":"鳥取県","city":"鳥取市","town":"河原町山上"}],"1251":[{"pref":"鳥取県","city":"鳥取市","town":"河原町河原"}],"1252":[{"pref":"鳥取県","city":"鳥取市","town":"河原町本鹿"}],"1253":[{"pref":"鳥取県","city":"鳥取市","town":"河原町小河内"}],"1254":[{"pref":"鳥取県","city":"鳥取市","town":"河原町神馬"}],"1411":[{"pref":"鳥取県","city":"鳥取市","town":"嶋"}],"1412":[{"pref":"鳥取県","city":"鳥取市","town":"宮谷"}],"1413":[{"pref":"鳥取県","city":"鳥取市","town":"野坂"}],"1414":[{"pref":"鳥取県","city":"鳥取市","town":"下段"}],"1415":[{"pref":"鳥取県","city":"鳥取市","town":"大塚"}],"1416":[{"pref":"鳥取県","city":"鳥取市","town":"高住"}],"1417":[{"pref":"鳥取県","city":"鳥取市","town":"桂見"}],"1418":[{"pref":"鳥取県","city":"鳥取市","town":"大桷"}],"1421":[{"pref":"鳥取県","city":"鳥取市","town":"上段"}],"1422":[{"pref":"鳥取県","city":"鳥取市","town":"上原"}],"1423":[{"pref":"鳥取県","city":"鳥取市","town":"松上"}],"1424":[{"pref":"鳥取県","city":"鳥取市","town":"槇原"}],"1425":[{"pref":"鳥取県","city":"鳥取市","town":"河内"}],"1426":[{"pref":"鳥取県","city":"鳥取市","town":"細見"}],"1427":[{"pref":"鳥取県","city":"鳥取市","town":"尾崎"}],"1428":[{"pref":"鳥取県","city":"鳥取市","town":"三山口"}],"1431":[{"pref":"鳥取県","city":"鳥取市","town":"妙徳寺"}],"1432":[{"pref":"鳥取県","city":"鳥取市","town":"双六原"}],"1433":[{"pref":"鳥取県","city":"鳥取市","town":"矢矯"}],"1434":[{"pref":"鳥取県","city":"鳥取市","town":"洞谷"}],"1435":[{"pref":"鳥取県","city":"鳥取市","town":"瀬田蔵"}],"1436":[{"pref":"鳥取県","city":"鳥取市","town":"長柄"}],"1437":[{"pref":"鳥取県","city":"鳥取市","town":"大畑"}],"1438":[{"pref":"鳥取県","city":"鳥取市","town":"福井"}],"1439":[{"pref":"鳥取県","city":"鳥取市","town":"金沢"}],"1441":[{"pref":"鳥取県","city":"鳥取市","town":"良田"}],"1442":[{"pref":"鳥取県","city":"鳥取市","town":"吉岡温泉町"}],"1443":[{"pref":"鳥取県","city":"鳥取市","town":"六反田"}],"1444":[{"pref":"鳥取県","city":"鳥取市","town":"松原"}],"8021":[{"pref":"鳥取県","city":"鳥取市","town":"福部町久志羅（上野）"}],"8022":[{"pref":"鳥取県","city":"鳥取市","town":"福部町左近（上野）"}],"8062":[{"pref":"鳥取県","city":"鳥取市","town":"国府町稲葉丘"}],"8063":[{"pref":"鳥取県","city":"鳥取市","town":"国府町奥谷"}],"8064":[{"pref":"鳥取県","city":"鳥取市","town":"国府町分上"}],"8065":[{"pref":"鳥取県","city":"鳥取市","town":"国府町新町"}],"8066":[{"pref":"鳥取県","city":"鳥取市","town":"国府町新通り"}],"0000":[{"pref":"鳥取県","city":"鳥取市","town":"以下に掲載がない場合"}],"0805":[{"pref":"鳥取県","city":"鳥取市","town":"相生町"}],"0802":[{"pref":"鳥取県","city":"鳥取市","town":"青葉町"}],"0902":[{"pref":"鳥取県","city":"鳥取市","town":"秋里"}],"0822":[{"pref":"鳥取県","city":"鳥取市","town":"今町"}],"0081":[{"pref":"鳥取県","city":"鳥取市","town":"岩倉"}],"0931":[{"pref":"鳥取県","city":"鳥取市","town":"岩吉"}],"0015":[{"pref":"鳥取県","city":"鳥取市","town":"上町"}],"0834":[{"pref":"鳥取県","city":"鳥取市","town":"永楽温泉町"}],"0013":[{"pref":"鳥取県","city":"鳥取市","town":"江崎町"}],"0901":[{"pref":"鳥取県","city":"鳥取市","town":"江津"}],"0055":[{"pref":"鳥取県","city":"鳥取市","town":"戎町"}],"0005":[{"pref":"鳥取県","city":"鳥取市","town":"円護寺"}],"0846":[{"pref":"鳥取県","city":"鳥取市","town":"扇町"}],"0043":[{"pref":"鳥取県","city":"鳥取市","town":"大榎町"}],"0851":[{"pref":"鳥取県","city":"鳥取市","town":"大杙"}],"0904":[{"pref":"鳥取県","city":"鳥取市","town":"晩稲"}],"0054":[{"pref":"鳥取県","city":"鳥取市","town":"桶屋町"}],"0855":[{"pref":"鳥取県","city":"鳥取市","town":"面影"}],"0044":[{"pref":"鳥取県","city":"鳥取市","town":"御弓町"}],"0003":[{"pref":"鳥取県","city":"鳥取市","town":"覚寺"}],"0041":[{"pref":"鳥取県","city":"鳥取市","town":"掛出町"}],"0052":[{"pref":"鳥取県","city":"鳥取市","town":"鍛冶町"}],"0023":[{"pref":"鳥取県","city":"鳥取市","town":"片原"}],"0874":[{"pref":"鳥取県","city":"鳥取市","town":"叶"}],"0047":[{"pref":"鳥取県","city":"鳥取市","town":"上魚町"}],"0905":[{"pref":"鳥取県","city":"鳥取市","town":"賀露町"}],"0907":[{"pref":"鳥取県","city":"鳥取市","town":"賀露町北"}],"0908":[{"pref":"鳥取県","city":"鳥取市","town":"賀露町西"}],"0909":[{"pref":"鳥取県","city":"鳥取市","town":"賀露町南"}],"0036":[{"pref":"鳥取県","city":"鳥取市","town":"川端"}],"0821":[{"pref":"鳥取県","city":"鳥取市","town":"瓦町"}],"0004":[{"pref":"鳥取県","city":"鳥取市","town":"北園"}],"0824":[{"pref":"鳥取県","city":"鳥取市","town":"行徳"}],"0862":[{"pref":"鳥取県","city":"鳥取市","town":"雲山"}],"0012":[{"pref":"鳥取県","city":"鳥取市","town":"栗谷町"}],"0024":[{"pref":"鳥取県","city":"鳥取市","town":"玄好町"}],"0844":[{"pref":"鳥取県","city":"鳥取市","town":"興南町"}],"0142":[{"pref":"鳥取県","city":"鳥取市","town":"国府町麻生"}],"0201":[{"pref":"鳥取県","city":"鳥取市","town":"国府町雨滝"}],"0216":[{"pref":"鳥取県","city":"鳥取市","town":"国府町荒舟"}],"0136":[{"pref":"鳥取県","city":"鳥取市","town":"国府町糸谷"}],"0202":[{"pref":"鳥取県","city":"鳥取市","town":"国府町石井谷"}],"0203":[{"pref":"鳥取県","city":"鳥取市","town":"国府町大石"}],"0144":[{"pref":"鳥取県","city":"鳥取市","town":"国府町岡益"}],"0214":[{"pref":"鳥取県","city":"鳥取市","town":"国府町上荒舟"}],"0213":[{"pref":"鳥取県","city":"鳥取市","town":"国府町上上地"}],"0221":[{"pref":"鳥取県","city":"鳥取市","town":"国府町神護"}],"0208":[{"pref":"鳥取県","city":"鳥取市","town":"国府町木原"}],"0132":[{"pref":"鳥取県","city":"鳥取市","town":"国府町神垣"}],"0155":[{"pref":"鳥取県","city":"鳥取市","town":"国府町国分寺"}],"0154":[{"pref":"鳥取県","city":"鳥取市","town":"国府町三代寺"}],"0205":[{"pref":"鳥取県","city":"鳥取市","town":"国府町拾石"}],"0207":[{"pref":"鳥取県","city":"鳥取市","town":"国府町下木原"}],"0211":[{"pref":"鳥取県","city":"鳥取市","town":"国府町菅野"}],"0134":[{"pref":"鳥取県","city":"鳥取市","town":"国府町清水"}],"0131":[{"pref":"鳥取県","city":"鳥取市","town":"国府町高岡"}],"0135":[{"pref":"鳥取県","city":"鳥取市","town":"国府町谷"}],"0143":[{"pref":"鳥取県","city":"鳥取市","town":"国府町玉鉾"}],"0156":[{"pref":"鳥取県","city":"鳥取市","town":"国府町中郷"}],"0152":[{"pref":"鳥取県","city":"鳥取市","town":"国府町庁"}],"0206":[{"pref":"鳥取県","city":"鳥取市","town":"国府町栃本"}],"0222":[{"pref":"鳥取県","city":"鳥取市","town":"国府町殿"}],"0223":[{"pref":"鳥取県","city":"鳥取市","town":"国府町中河原"}],"0204":[{"pref":"鳥取県","city":"鳥取市","town":"国府町楠城"}],"0226":[{"pref":"鳥取県","city":"鳥取市","town":"国府町新井"}],"0145":[{"pref":"鳥取県","city":"鳥取市","town":"国府町広西"}],"0153":[{"pref":"鳥取県","city":"鳥取市","town":"国府町法花寺"}],"0146":[{"pref":"鳥取県","city":"鳥取市","town":"国府町町屋"}],"0224":[{"pref":"鳥取県","city":"鳥取市","town":"国府町松尾"}],"0141":[{"pref":"鳥取県","city":"鳥取市","town":"国府町美歎"}],"0151":[{"pref":"鳥取県","city":"鳥取市","town":"国府町宮下"}],"0215":[{"pref":"鳥取県","city":"鳥取市","town":"国府町山崎"}],"0133":[{"pref":"鳥取県","city":"鳥取市","town":"国府町山根"}],"0225":[{"pref":"鳥取県","city":"鳥取市","town":"国府町吉野"}],"0212":[{"pref":"鳥取県","city":"鳥取市","town":"国府町上地"}],"0073":[{"pref":"鳥取県","city":"鳥取市","town":"小西谷"}],"0932":[{"pref":"鳥取県","city":"鳥取市","town":"五反田町"}],"0813":[{"pref":"鳥取県","city":"鳥取市","town":"寿町"}],"0946":[{"pref":"鳥取県","city":"鳥取市","town":"湖山町"}],"0942":[{"pref":"鳥取県","city":"鳥取市","town":"湖山町東"}],"0947":[{"pref":"鳥取県","city":"鳥取市","town":"湖山町西"}],"0945":[{"pref":"鳥取県","city":"鳥取市","town":"湖山町南"}],"0941":[{"pref":"鳥取県","city":"鳥取市","town":"湖山町北"}],"0021":[{"pref":"鳥取県","city":"鳥取市","town":"材木町"}],"0823":[{"pref":"鳥取県","city":"鳥取市","town":"幸町"}],"0831":[{"pref":"鳥取県","city":"鳥取市","town":"栄町"}],"0853":[{"pref":"鳥取県","city":"鳥取市","town":"桜谷"}],"0935":[{"pref":"鳥取県","city":"鳥取市","town":"里仁"}],"0912":[{"pref":"鳥取県","city":"鳥取市","town":"商栄町"}],"0017":[{"pref":"鳥取県","city":"鳥取市","town":"尚徳町"}],"0922":[{"pref":"鳥取県","city":"鳥取市","town":"菖蒲"}],"0854":[{"pref":"鳥取県","city":"鳥取市","town":"正蓮寺"}],"0056":[{"pref":"鳥取県","city":"鳥取市","town":"職人町"}],"0861":[{"pref":"鳥取県","city":"鳥取市","town":"新"}],"0812":[{"pref":"鳥取県","city":"鳥取市","town":"新品治町"}],"0035":[{"pref":"鳥取県","city":"鳥取市","town":"新町"}],"0833":[{"pref":"鳥取県","city":"鳥取市","town":"末広温泉町"}],"0875":[{"pref":"鳥取県","city":"鳥取市","town":"数津"}],"0863":[{"pref":"鳥取県","city":"鳥取市","town":"大覚寺"}],"0045":[{"pref":"鳥取県","city":"鳥取市","town":"大工町頭"}],"0072":[{"pref":"鳥取県","city":"鳥取市","town":"滝山"}],"0804":[{"pref":"鳥取県","city":"鳥取市","town":"田島"}],"0061":[{"pref":"鳥取県","city":"鳥取市","town":"立川町"}],"0943":[{"pref":"鳥取県","city":"鳥取市","town":"足山"}],"0032":[{"pref":"鳥取県","city":"鳥取市","town":"茶町"}],"0911":[{"pref":"鳥取県","city":"鳥取市","town":"千代水"}],"0053":[{"pref":"鳥取県","city":"鳥取市","town":"寺町"}],"0803":[{"pref":"鳥取県","city":"鳥取市","town":"田園町"}],"0847":[{"pref":"鳥取県","city":"鳥取市","town":"天神町"}],"0934":[{"pref":"鳥取県","city":"鳥取市","town":"徳尾"}],"0933":[{"pref":"鳥取県","city":"鳥取市","town":"徳吉"}],"0845":[{"pref":"鳥取県","city":"鳥取市","town":"富安"}],"0016":[{"pref":"鳥取県","city":"鳥取市","town":"中町"}],"0033":[{"pref":"鳥取県","city":"鳥取市","town":"二階町"}],"0811":[{"pref":"鳥取県","city":"鳥取市","town":"西品治"}],"0022":[{"pref":"鳥取県","city":"鳥取市","town":"西町"}],"0924":[{"pref":"鳥取県","city":"鳥取市","town":"野寺"}],"0923":[{"pref":"鳥取県","city":"鳥取市","town":"服部"}],"0014":[{"pref":"鳥取県","city":"鳥取市","town":"馬場町"}],"0001":[{"pref":"鳥取県","city":"鳥取市","town":"浜坂"}],"0002":[{"pref":"鳥取県","city":"鳥取市","town":"浜坂東"}],"0852":[{"pref":"鳥取県","city":"鳥取市","town":"東今在家"}],"0835":[{"pref":"鳥取県","city":"鳥取市","town":"東品治町"}],"0011":[{"pref":"鳥取県","city":"鳥取市","town":"東町"}],"0944":[{"pref":"鳥取県","city":"鳥取市","town":"布勢"}],"0865":[{"pref":"鳥取県","city":"鳥取市","town":"古市"}],"0921":[{"pref":"鳥取県","city":"鳥取市","town":"古海"}],"0074":[{"pref":"鳥取県","city":"鳥取市","town":"卯垣"}],"0042":[{"pref":"鳥取県","city":"鳥取市","town":"庖丁人町"}],"0031":[{"pref":"鳥取県","city":"鳥取市","town":"本町"}],"0801":[{"pref":"鳥取県","city":"鳥取市","town":"松並町"}],"0873":[{"pref":"鳥取県","city":"鳥取市","town":"的場"}],"0006":[{"pref":"鳥取県","city":"鳥取市","town":"丸山町"}],"0915":[{"pref":"鳥取県","city":"鳥取市","town":"緑ケ丘"}],"0906":[{"pref":"鳥取県","city":"鳥取市","town":"港町"}],"0903":[{"pref":"鳥取県","city":"鳥取市","town":"南隈"}],"0814":[{"pref":"鳥取県","city":"鳥取市","town":"南町"}],"0914":[{"pref":"鳥取県","city":"鳥取市","town":"南安長"}],"0843":[{"pref":"鳥取県","city":"鳥取市","town":"南吉方"}],"0872":[{"pref":"鳥取県","city":"鳥取市","town":"宮長"}],"0034":[{"pref":"鳥取県","city":"鳥取市","town":"元魚町"}],"0046":[{"pref":"鳥取県","city":"鳥取市","town":"元大工町"}],"0037":[{"pref":"鳥取県","city":"鳥取市","town":"元町"}],"0071":[{"pref":"鳥取県","city":"鳥取市","town":"百谷"}],"0806":[{"pref":"鳥取県","city":"鳥取市","town":"薬師町"}],"0913":[{"pref":"鳥取県","city":"鳥取市","town":"安長"}],"0008":[{"pref":"鳥取県","city":"鳥取市","town":"山城町"}],"0832":[{"pref":"鳥取県","city":"鳥取市","town":"弥生町"}],"0007":[{"pref":"鳥取県","city":"鳥取市","town":"湯所町"}],"0842":[{"pref":"鳥取県","city":"鳥取市","town":"吉方"}],"0841":[{"pref":"鳥取県","city":"鳥取市","town":"吉方温泉"}],"0062":[{"pref":"鳥取県","city":"鳥取市","town":"吉方町"}],"0864":[{"pref":"鳥取県","city":"鳥取市","town":"吉成"}],"0871":[{"pref":"鳥取県","city":"鳥取市","town":"吉成南町"}],"0051":[{"pref":"鳥取県","city":"鳥取市","town":"若桜町"}],"0700":[{"pref":"鳥取県","city":"八頭郡若桜町","town":"以下に掲載がない場合"}],"0713":[{"pref":"鳥取県","city":"八頭郡若桜町","town":"赤松"}],"0722":[{"pref":"鳥取県","city":"八頭郡若桜町","town":"浅井"}],"0743":[{"pref":"鳥取県","city":"八頭郡若桜町","town":"糸白見"}],"0731":[{"pref":"鳥取県","city":"八頭郡若桜町","town":"岩屋堂"}],"0741":[{"pref":"鳥取県","city":"八頭郡若桜町","town":"大炊"}],"0733":[{"pref":"鳥取県","city":"八頭郡若桜町","town":"大野"}],"0735":[{"pref":"鳥取県","city":"八頭郡若桜町","town":"落折"}],"0734":[{"pref":"鳥取県","city":"八頭郡若桜町","town":"小船"}],"0742":[{"pref":"鳥取県","city":"八頭郡若桜町","town":"岸野"}],"0714":[{"pref":"鳥取県","city":"八頭郡若桜町","town":"来見野"}],"0723":[{"pref":"鳥取県","city":"八頭郡若桜町","town":"香田"}],"0745":[{"pref":"鳥取県","city":"八頭郡若桜町","town":"須澄"}],"0712":[{"pref":"鳥取県","city":"八頭郡若桜町","town":"高野"}],"0728":[{"pref":"鳥取県","city":"八頭郡若桜町","town":"つく米"}],"0732":[{"pref":"鳥取県","city":"八頭郡若桜町","town":"中原"}],"0724":[{"pref":"鳥取県","city":"八頭郡若桜町","town":"長砂"}],"0744":[{"pref":"鳥取県","city":"八頭郡若桜町","town":"根安"}],"0726":[{"pref":"鳥取県","city":"八頭郡若桜町","town":"淵見"}],"0711":[{"pref":"鳥取県","city":"八頭郡若桜町","town":"三倉"}],"0727":[{"pref":"鳥取県","city":"八頭郡若桜町","town":"茗荷谷"}],"0715":[{"pref":"鳥取県","city":"八頭郡若桜町","town":"諸鹿"}],"0721":[{"pref":"鳥取県","city":"八頭郡若桜町","town":"屋堂羅"}],"0725":[{"pref":"鳥取県","city":"八頭郡若桜町","town":"湯原"}],"0746":[{"pref":"鳥取県","city":"八頭郡若桜町","town":"吉川"}],"0701":[{"pref":"鳥取県","city":"八頭郡若桜町","town":"若桜"}],"0400":[{"pref":"鳥取県","city":"八頭郡八頭町","town":"以下に掲載がない場合"}],"0302":[{"pref":"鳥取県","city":"八頭郡八頭町","town":"明辺"}],"0305":[{"pref":"鳥取県","city":"八頭郡八頭町","town":"麻生"}],"0452":[{"pref":"鳥取県","city":"八頭郡八頭町","town":"池田"}],"0425":[{"pref":"鳥取県","city":"八頭郡八頭町","town":"井古"}],"0454":[{"pref":"鳥取県","city":"八頭郡八頭町","town":"石田百井"}],"0442":[{"pref":"鳥取県","city":"八頭郡八頭町","town":"市谷"}],"0311":[{"pref":"鳥取県","city":"八頭郡八頭町","town":"市場"}],"0424":[{"pref":"鳥取県","city":"八頭郡八頭町","town":"稲荷"}],"0537":[{"pref":"鳥取県","city":"八頭郡八頭町","town":"岩淵"}],"0434":[{"pref":"鳥取県","city":"八頭郡八頭町","town":"延命寺"}],"0416":[{"pref":"鳥取県","city":"八頭郡八頭町","town":"大江"}],"0435":[{"pref":"鳥取県","city":"八頭郡八頭町","town":"大坪"}],"0427":[{"pref":"鳥取県","city":"八頭郡八頭町","town":"奥谷"}],"0543":[{"pref":"鳥取県","city":"八頭郡八頭町","town":"奥野"}],"0303":[{"pref":"鳥取県","city":"八頭郡八頭町","town":"落岩"}],"0426":[{"pref":"鳥取県","city":"八頭郡八頭町","town":"下坂"}],"0533":[{"pref":"鳥取県","city":"八頭郡八頭町","town":"皆原"}],"0545":[{"pref":"鳥取県","city":"八頭郡八頭町","town":"柿原"}],"0312":[{"pref":"鳥取県","city":"八頭郡八頭町","town":"覚王寺"}],"0534":[{"pref":"鳥取県","city":"八頭郡八頭町","town":"鍛冶屋"}],"0422":[{"pref":"鳥取県","city":"八頭郡八頭町","town":"門尾"}],"0313":[{"pref":"鳥取県","city":"八頭郡八頭町","town":"上津黒"}],"0401":[{"pref":"鳥取県","city":"八頭郡八頭町","town":"上野"}],"0432":[{"pref":"鳥取県","city":"八頭郡八頭町","town":"上峰寺"}],"0601":[{"pref":"鳥取県","city":"八頭郡八頭町","town":"北山"}],"0526":[{"pref":"鳥取県","city":"八頭郡八頭町","town":"日下部"}],"0457":[{"pref":"鳥取県","city":"八頭郡八頭町","town":"国中"}],"0451":[{"pref":"鳥取県","city":"八頭郡八頭町","town":"久能寺"}],"0443":[{"pref":"鳥取県","city":"八頭郡八頭町","town":"郡家殿"}],"0461":[{"pref":"鳥取県","city":"八頭郡八頭町","town":"郡家"}],"0523":[{"pref":"鳥取県","city":"八頭郡八頭町","town":"小別府"}],"0531":[{"pref":"鳥取県","city":"八頭郡八頭町","town":"才代"}],"0473":[{"pref":"鳥取県","city":"八頭郡八頭町","town":"坂田"}],"0527":[{"pref":"鳥取県","city":"八頭郡八頭町","town":"桜ヶ丘"}],"0544":[{"pref":"鳥取県","city":"八頭郡八頭町","town":"佐崎"}],"0316":[{"pref":"鳥取県","city":"八頭郡八頭町","town":"篠波"}],"0413":[{"pref":"鳥取県","city":"八頭郡八頭町","town":"塩上"}],"0606":[{"pref":"鳥取県","city":"八頭郡八頭町","town":"重枝"}],"0407":[{"pref":"鳥取県","city":"八頭郡八頭町","town":"志子部"}],"0612":[{"pref":"鳥取県","city":"八頭郡八頭町","town":"志谷"}],"0605":[{"pref":"鳥取県","city":"八頭郡八頭町","town":"島"}],"0421":[{"pref":"鳥取県","city":"八頭郡八頭町","town":"下門尾"}],"0314":[{"pref":"鳥取県","city":"八頭郡八頭町","town":"下津黒"}],"0415":[{"pref":"鳥取県","city":"八頭郡八頭町","town":"下野"}],"0472":[{"pref":"鳥取県","city":"八頭郡八頭町","town":"下濃"}],"0431":[{"pref":"鳥取県","city":"八頭郡八頭町","town":"下峰寺"}],"0522":[{"pref":"鳥取県","city":"八頭郡八頭町","town":"新興寺"}],"0541":[{"pref":"鳥取県","city":"八頭郡八頭町","town":"清徳"}],"0445":[{"pref":"鳥取県","city":"八頭郡八頭町","town":"大門"}],"0607":[{"pref":"鳥取県","city":"八頭郡八頭町","town":"徳丸"}],"0611":[{"pref":"鳥取県","city":"八頭郡八頭町","town":"富枝"}],"0614":[{"pref":"鳥取県","city":"八頭郡八頭町","town":"中"}],"0408":[{"pref":"鳥取県","city":"八頭郡八頭町","town":"西谷"}],"0441":[{"pref":"鳥取県","city":"八頭郡八頭町","town":"西御門"}],"0306":[{"pref":"鳥取県","city":"八頭郡八頭町","town":"野町"}],"0414":[{"pref":"鳥取県","city":"八頭郡八頭町","town":"橋本"}],"0455":[{"pref":"鳥取県","city":"八頭郡八頭町","town":"土師百井"}],"0444":[{"pref":"鳥取県","city":"八頭郡八頭町","town":"花"}],"0437":[{"pref":"鳥取県","city":"八頭郡八頭町","town":"花原"}],"0402":[{"pref":"鳥取県","city":"八頭郡八頭町","town":"隼福"}],"0405":[{"pref":"鳥取県","city":"八頭郡八頭町","town":"隼郡家"}],"0613":[{"pref":"鳥取県","city":"八頭郡八頭町","town":"稗谷"}],"0532":[{"pref":"鳥取県","city":"八頭郡八頭町","town":"東"}],"0603":[{"pref":"鳥取県","city":"八頭郡八頭町","town":"日田"}],"0301":[{"pref":"鳥取県","city":"八頭郡八頭町","town":"姫路"}],"0403":[{"pref":"鳥取県","city":"八頭郡八頭町","town":"福井"}],"0307":[{"pref":"鳥取県","city":"八頭郡八頭町","town":"福地"}],"0462":[{"pref":"鳥取県","city":"八頭郡八頭町","town":"福本"}],"0471":[{"pref":"鳥取県","city":"八頭郡八頭町","town":"船岡"}],"0411":[{"pref":"鳥取県","city":"八頭郡八頭町","town":"船岡殿"}],"0315":[{"pref":"鳥取県","city":"八頭郡八頭町","town":"別府"}],"0423":[{"pref":"鳥取県","city":"八頭郡八頭町","town":"堀越"}],"0453":[{"pref":"鳥取県","city":"八頭郡八頭町","town":"万代寺"}],"0536":[{"pref":"鳥取県","city":"八頭郡八頭町","town":"三浦"}],"0406":[{"pref":"鳥取県","city":"八頭郡八頭町","town":"見槻"}],"0404":[{"pref":"鳥取県","city":"八頭郡八頭町","town":"見槻中"}],"0412":[{"pref":"鳥取県","city":"八頭郡八頭町","town":"水口"}],"0604":[{"pref":"鳥取県","city":"八頭郡八頭町","town":"南"}],"0463":[{"pref":"鳥取県","city":"八頭郡八頭町","town":"宮谷"}],"0535":[{"pref":"鳥取県","city":"八頭郡八頭町","town":"三山口"}],"0524":[{"pref":"鳥取県","city":"八頭郡八頭町","town":"茂田"}],"0542":[{"pref":"鳥取県","city":"八頭郡八頭町","town":"茂谷"}],"0521":[{"pref":"鳥取県","city":"八頭郡八頭町","town":"安井宿"}],"0436":[{"pref":"鳥取県","city":"八頭郡八頭町","town":"山路"}],"0304":[{"pref":"鳥取県","city":"八頭郡八頭町","town":"山志谷"}],"0438":[{"pref":"鳥取県","city":"八頭郡八頭町","town":"山田"}],"0433":[{"pref":"鳥取県","city":"八頭郡八頭町","town":"山上"}],"0602":[{"pref":"鳥取県","city":"八頭郡八頭町","town":"用呂"}],"0525":[{"pref":"鳥取県","city":"八頭郡八頭町","town":"横田"}],"0456":[{"pref":"鳥取県","city":"八頭郡八頭町","town":"米岡"}],"0474":[{"pref":"鳥取県","city":"八頭郡八頭町","town":"破岩"}]}