{"0000":[{"pref":"埼玉県","city":"ふじみ野市","town":"以下に掲載がない場合"}],"0055":[{"pref":"埼玉県","city":"ふじみ野市","town":"旭"}],"0019":[{"pref":"埼玉県","city":"ふじみ野市","town":"池上"}],"0057":[{"pref":"埼玉県","city":"ふじみ野市","town":"市沢"}],"0017":[{"pref":"埼玉県","city":"ふじみ野市","town":"上野台"}],"0021":[{"pref":"埼玉県","city":"ふじみ野市","town":"上ノ原"}],"0056":[{"pref":"埼玉県","city":"ふじみ野市","town":"うれし野"}],"0053":[{"pref":"埼玉県","city":"ふじみ野市","town":"大井"}],"0058":[{"pref":"埼玉県","city":"ふじみ野市","town":"大井中央"}],"0054":[{"pref":"埼玉県","city":"ふじみ野市","town":"大井武蔵野"}],"0003":[{"pref":"埼玉県","city":"ふじみ野市","town":"大原"}],"0006":[{"pref":"埼玉県","city":"ふじみ野市","town":"霞ケ丘"}],"0004":[{"pref":"埼玉県","city":"ふじみ野市","town":"上福岡"}],"0051":[{"pref":"埼玉県","city":"ふじみ野市","town":"亀久保"}],"0001":[{"pref":"埼玉県","city":"ふじみ野市","town":"川崎"}],"0007":[{"pref":"埼玉県","city":"ふじみ野市","town":"北野"}],"0002":[{"pref":"埼玉県","city":"ふじみ野市","town":"清見"}],"0029":[{"pref":"埼玉県","city":"ふじみ野市","town":"駒西"}],"0034":[{"pref":"埼玉県","city":"ふじみ野市","town":"駒林"}],"0038":[{"pref":"埼玉県","city":"ふじみ野市","town":"駒林元町"}],"0059":[{"pref":"埼玉県","city":"ふじみ野市","town":"桜ケ丘"}],"0030":[{"pref":"埼玉県","city":"ふじみ野市","town":"新駒林"}],"0033":[{"pref":"埼玉県","city":"ふじみ野市","town":"新田"}],"0020":[{"pref":"埼玉県","city":"ふじみ野市","town":"水宮"}],"0012":[{"pref":"埼玉県","city":"ふじみ野市","town":"滝"}],"0026":[{"pref":"埼玉県","city":"ふじみ野市","town":"築地"}],"0045":[{"pref":"埼玉県","city":"ふじみ野市","town":"鶴ケ岡"}],"0041":[{"pref":"埼玉県","city":"ふじみ野市","town":"鶴ケ舞"}],"0052":[{"pref":"埼玉県","city":"ふじみ野市","town":"苗間"}],"0025":[{"pref":"埼玉県","city":"ふじみ野市","town":"仲"}],"0023":[{"pref":"埼玉県","city":"ふじみ野市","town":"中ノ島"}],"0013":[{"pref":"埼玉県","city":"ふじみ野市","town":"中福岡"}],"0016":[{"pref":"埼玉県","city":"ふじみ野市","town":"中丸"}],"0022":[{"pref":"埼玉県","city":"ふじみ野市","town":"長宮"}],"0005":[{"pref":"埼玉県","city":"ふじみ野市","town":"西"}],"0044":[{"pref":"埼玉県","city":"ふじみ野市","town":"西鶴ケ岡"}],"0028":[{"pref":"埼玉県","city":"ふじみ野市","town":"西原"}],"0015":[{"pref":"埼玉県","city":"ふじみ野市","town":"花ノ木"}],"0042":[{"pref":"埼玉県","city":"ふじみ野市","town":"東久保"}],"0011":[{"pref":"埼玉県","city":"ふじみ野市","town":"福岡"}],"0014":[{"pref":"埼玉県","city":"ふじみ野市","town":"福岡新田"}],"0031":[{"pref":"埼玉県","city":"ふじみ野市","town":"福岡中央"}],"0037":[{"pref":"埼玉県","city":"ふじみ野市","town":"福岡武蔵野"}],"0032":[{"pref":"埼玉県","city":"ふじみ野市","town":"富士見台"}],"0050":[{"pref":"埼玉県","city":"ふじみ野市","town":"ふじみ野"}],"0027":[{"pref":"埼玉県","city":"ふじみ野市","town":"松山"}],"0035":[{"pref":"埼玉県","city":"ふじみ野市","town":"丸山"}],"0043":[{"pref":"埼玉県","city":"ふじみ野市","town":"緑ケ丘"}],"0036":[{"pref":"埼玉県","city":"ふじみ野市","town":"南台"}],"0018":[{"pref":"埼玉県","city":"ふじみ野市","town":"本新田"}],"0008":[{"pref":"埼玉県","city":"ふじみ野市","town":"元福岡"}],"0024":[{"pref":"埼玉県","city":"ふじみ野市","town":"谷田"}]}