{"0000":[{"pref":"東京都","city":"国分寺市","town":"以下に掲載がない場合"}],"0024":[{"pref":"東京都","city":"国分寺市","town":"泉町"}],"0001":[{"pref":"東京都","city":"国分寺市","town":"北町"}],"0004":[{"pref":"東京都","city":"国分寺市","town":"新町"}],"0036":[{"pref":"東京都","city":"国分寺市","town":"高木町"}],"0003":[{"pref":"東京都","city":"国分寺市","town":"戸倉"}],"0033":[{"pref":"東京都","city":"国分寺市","town":"内藤"}],"0005":[{"pref":"東京都","city":"国分寺市","town":"並木町"}],"0013":[{"pref":"東京都","city":"国分寺市","town":"西恋ケ窪"}],"0035":[{"pref":"東京都","city":"国分寺市","town":"西町"}],"0023":[{"pref":"東京都","city":"国分寺市","town":"西元町"}],"0034":[{"pref":"東京都","city":"国分寺市","town":"光町"}],"0014":[{"pref":"東京都","city":"国分寺市","town":"東恋ケ窪"}],"0002":[{"pref":"東京都","city":"国分寺市","town":"東戸倉"}],"0022":[{"pref":"東京都","city":"国分寺市","town":"東元町"}],"0032":[{"pref":"東京都","city":"国分寺市","town":"日吉町"}],"0031":[{"pref":"東京都","city":"国分寺市","town":"富士本"}],"0011":[{"pref":"東京都","city":"国分寺市","town":"本多"}],"0012":[{"pref":"東京都","city":"国分寺市","town":"本町"}],"0021":[{"pref":"東京都","city":"国分寺市","town":"南町"}]}