{"0032":[{"pref":"東京都","city":"台東区","town":"浅草"}],"0053":[{"pref":"東京都","city":"台東区","town":"浅草橋"}],"0024":[{"pref":"東京都","city":"台東区","town":"今戸"}],"0034":[{"pref":"東京都","city":"台東区","town":"雷門"}],"0022":[{"pref":"東京都","city":"台東区","town":"清川"}],"0051":[{"pref":"東京都","city":"台東区","town":"蔵前"}],"0056":[{"pref":"東京都","city":"台東区","town":"小島"}],"0042":[{"pref":"東京都","city":"台東区","town":"寿"}],"0043":[{"pref":"東京都","city":"台東区","town":"駒形"}],"0031":[{"pref":"東京都","city":"台東区","town":"千束"}],"0054":[{"pref":"東京都","city":"台東区","town":"鳥越"}],"0035":[{"pref":"東京都","city":"台東区","town":"西浅草"}],"0021":[{"pref":"東京都","city":"台東区","town":"日本堤"}],"0023":[{"pref":"東京都","city":"台東区","town":"橋場"}],"0033":[{"pref":"東京都","city":"台東区","town":"花川戸"}],"0025":[{"pref":"東京都","city":"台東区","town":"東浅草"}],"0036":[{"pref":"東京都","city":"台東区","town":"松が谷"}],"0055":[{"pref":"東京都","city":"台東区","town":"三筋"}],"0041":[{"pref":"東京都","city":"台東区","town":"元浅草"}],"0052":[{"pref":"東京都","city":"台東区","town":"柳橋"}]}