{"1101":[{"pref":"香川県","city":"三豊市","town":"詫間町詫間"}],"1102":[{"pref":"香川県","city":"三豊市","town":"詫間町松崎"}],"1103":[{"pref":"香川県","city":"三豊市","town":"詫間町香田"}],"1104":[{"pref":"香川県","city":"三豊市","town":"詫間町大浜"}],"1105":[{"pref":"香川県","city":"三豊市","town":"詫間町積"}],"1106":[{"pref":"香川県","city":"三豊市","town":"詫間町箱"}],"1107":[{"pref":"香川県","city":"三豊市","town":"詫間町生里"}],"1108":[{"pref":"香川県","city":"三豊市","town":"詫間町粟島"}],"1109":[{"pref":"香川県","city":"三豊市","town":"詫間町志々島"}],"1401":[{"pref":"香川県","city":"三豊市","town":"仁尾町仁尾己"}],"1402":[{"pref":"香川県","city":"三豊市","town":"仁尾町仁尾戊"}],"1403":[{"pref":"香川県","city":"三豊市","town":"仁尾町仁尾丙"}],"1404":[{"pref":"香川県","city":"三豊市","town":"仁尾町仁尾乙"}],"1405":[{"pref":"香川県","city":"三豊市","town":"仁尾町仁尾庚"}],"1406":[{"pref":"香川県","city":"三豊市","town":"仁尾町仁尾辛"}],"1407":[{"pref":"香川県","city":"三豊市","town":"仁尾町仁尾丁"}],"1408":[{"pref":"香川県","city":"三豊市","town":"仁尾町仁尾甲"}],"1410":[{"pref":"香川県","city":"三豊市","town":"仁尾町家の浦"}],"1501":[{"pref":"香川県","city":"三豊市","town":"豊中町比地大"}],"1502":[{"pref":"香川県","city":"三豊市","town":"豊中町笠田笠岡"}],"1503":[{"pref":"香川県","city":"三豊市","town":"豊中町笠田竹田"}],"1504":[{"pref":"香川県","city":"三豊市","town":"豊中町上高野"}],"1505":[{"pref":"香川県","city":"三豊市","town":"豊中町本山乙"}],"1506":[{"pref":"香川県","city":"三豊市","town":"豊中町本山甲"}],"1507":[{"pref":"香川県","city":"三豊市","town":"豊中町岡本"}],"1508":[{"pref":"香川県","city":"三豊市","town":"豊中町下高野"}],"1601":[{"pref":"香川県","city":"観音寺市","town":"豊浜町姫浜"}],"1602":[{"pref":"香川県","city":"観音寺市","town":"豊浜町和田浜"}],"1603":[{"pref":"香川県","city":"観音寺市","town":"豊浜町和田"}],"1604":[{"pref":"香川県","city":"観音寺市","town":"豊浜町箕浦"}],"1611":[{"pref":"香川県","city":"観音寺市","town":"大野原町大野原"}],"1612":[{"pref":"香川県","city":"観音寺市","town":"大野原町中姫"}],"1613":[{"pref":"香川県","city":"観音寺市","town":"大野原町花稲"}],"1614":[{"pref":"香川県","city":"観音寺市","town":"大野原町萩原"}],"1615":[{"pref":"香川県","city":"観音寺市","town":"大野原町丸井"}],"1616":[{"pref":"香川県","city":"観音寺市","town":"大野原町福田原"}],"1617":[{"pref":"香川県","city":"観音寺市","town":"大野原町青岡"}],"1621":[{"pref":"香川県","city":"観音寺市","town":"大野原町井関"}],"1622":[{"pref":"香川県","city":"観音寺市","town":"大野原町内野々"}],"1623":[{"pref":"香川県","city":"観音寺市","town":"大野原町田野々"}],"1624":[{"pref":"香川県","city":"観音寺市","town":"大野原町有木"}],"1625":[{"pref":"香川県","city":"観音寺市","town":"大野原町海老済"}],"2101":[{"pref":"香川県","city":"さぬき市","town":"志度"}],"2102":[{"pref":"香川県","city":"さぬき市","town":"鴨庄"}],"2103":[{"pref":"香川県","city":"さぬき市","town":"小田"}],"2104":[{"pref":"香川県","city":"さぬき市","town":"鴨部"}],"2105":[{"pref":"香川県","city":"さぬき市","town":"末"}],"2300":[{"pref":"香川県","city":"さぬき市","town":"以下に掲載がない場合"}],"2301":[{"pref":"香川県","city":"さぬき市","town":"長尾東"}],"2302":[{"pref":"香川県","city":"さぬき市","town":"長尾西"}],"2303":[{"pref":"香川県","city":"さぬき市","town":"長尾名"}],"2304":[{"pref":"香川県","city":"さぬき市","town":"昭和"}],"2305":[{"pref":"香川県","city":"さぬき市","town":"前山"}],"2306":[{"pref":"香川県","city":"さぬき市","town":"多和"}],"2311":[{"pref":"香川県","city":"さぬき市","town":"造田宮西"}],"2312":[{"pref":"香川県","city":"さぬき市","town":"造田是弘"}],"2313":[{"pref":"香川県","city":"さぬき市","town":"造田野間田"}],"2314":[{"pref":"香川県","city":"さぬき市","town":"造田乙井"}],"2315":[{"pref":"香川県","city":"さぬき市","town":"造田（オレンジタウン）"}],"2321":[{"pref":"香川県","city":"さぬき市","town":"寒川町石田東"}],"2322":[{"pref":"香川県","city":"さぬき市","town":"寒川町石田西"}],"2323":[{"pref":"香川県","city":"さぬき市","town":"寒川町神前"}],"2401":[{"pref":"香川県","city":"さぬき市","town":"津田町津田"}],"2402":[{"pref":"香川県","city":"さぬき市","town":"津田町鶴羽"}],"2511":[{"pref":"香川県","city":"東かがわ市","town":"小磯"}],"2512":[{"pref":"香川県","city":"東かがわ市","town":"落合"}],"2513":[{"pref":"香川県","city":"東かがわ市","town":"大谷"}],"2514":[{"pref":"香川県","city":"東かがわ市","town":"松崎"}],"2515":[{"pref":"香川県","city":"東かがわ市","town":"町田"}],"2516":[{"pref":"香川県","city":"東かがわ市","town":"土居"}],"2517":[{"pref":"香川県","city":"東かがわ市","town":"三殿"}],"2518":[{"pref":"香川県","city":"東かがわ市","town":"中山"}],"2519":[{"pref":"香川県","city":"東かがわ市","town":"小砂"}],"2520":[{"pref":"香川県","city":"東かがわ市","town":"馬篠"}],"2521":[{"pref":"香川県","city":"東かがわ市","town":"大内"}],"2601":[{"pref":"香川県","city":"東かがわ市","town":"三本松"}],"2602":[{"pref":"香川県","city":"東かがわ市","town":"川東"}],"2603":[{"pref":"香川県","city":"東かがわ市","town":"横内"}],"2604":[{"pref":"香川県","city":"東かがわ市","town":"西村"}],"2605":[{"pref":"香川県","city":"東かがわ市","town":"中筋"}],"2606":[{"pref":"香川県","city":"東かがわ市","town":"水主"}],"2700":[{"pref":"香川県","city":"東かがわ市","town":"以下に掲載がない場合"}],"2701":[{"pref":"香川県","city":"東かがわ市","town":"湊"}],"2702":[{"pref":"香川県","city":"東かがわ市","town":"松原"}],"2703":[{"pref":"香川県","city":"東かがわ市","town":"伊座"}],"2704":[{"pref":"香川県","city":"東かがわ市","town":"帰来"}],"2705":[{"pref":"香川県","city":"東かがわ市","town":"白鳥"}],"2711":[{"pref":"香川県","city":"東かがわ市","town":"東山"}],"2712":[{"pref":"香川県","city":"東かがわ市","town":"西山"}],"2713":[{"pref":"香川県","city":"東かがわ市","town":"与田山"}],"2714":[{"pref":"香川県","city":"東かがわ市","town":"入野山"}],"2715":[{"pref":"香川県","city":"東かがわ市","town":"五名"}],"2901":[{"pref":"香川県","city":"東かがわ市","town":"引田"}],"2902":[{"pref":"香川県","city":"東かがわ市","town":"馬宿"}],"2903":[{"pref":"香川県","city":"東かがわ市","town":"南野"}],"2904":[{"pref":"香川県","city":"東かがわ市","town":"坂元"}],"2905":[{"pref":"香川県","city":"東かがわ市","town":"黒羽"}],"2906":[{"pref":"香川県","city":"東かがわ市","town":"川股"}],"2907":[{"pref":"香川県","city":"東かがわ市","town":"吉田"}],"2908":[{"pref":"香川県","city":"東かがわ市","town":"小海"}],"0105":[{"pref":"香川県","city":"高松市","town":"国分寺町柏原"}],"0102":[{"pref":"香川県","city":"高松市","town":"国分寺町国分"}],"0104":[{"pref":"香川県","city":"高松市","town":"国分寺町新名"}],"0101":[{"pref":"香川県","city":"高松市","town":"国分寺町新居"}],"0103":[{"pref":"香川県","city":"高松市","town":"国分寺町福家"}],"0401":[{"pref":"香川県","city":"三豊市","town":"財田町財田上"}],"0402":[{"pref":"香川県","city":"三豊市","town":"財田町財田中"}],"0200":[{"pref":"香川県","city":"綾歌郡宇多津町","town":"以下に掲載がない場合"}],"0210":[{"pref":"香川県","city":"綾歌郡宇多津町","town":"宇多津町の次に番地がくる場合"}],"0227":[{"pref":"香川県","city":"綾歌郡宇多津町","town":"岩屋"}],"0222":[{"pref":"香川県","city":"綾歌郡宇多津町","town":"大橋"}],"0226":[{"pref":"香川県","city":"綾歌郡宇多津町","town":"坂下"}],"0223":[{"pref":"香川県","city":"綾歌郡宇多津町","town":"新開"}],"0225":[{"pref":"香川県","city":"綾歌郡宇多津町","town":"新町"}],"0211":[{"pref":"香川県","city":"綾歌郡宇多津町","town":"十楽寺"}],"0212":[{"pref":"香川県","city":"綾歌郡宇多津町","town":"沼ノ池"}],"0201":[{"pref":"香川県","city":"綾歌郡宇多津町","town":"浜一番丁"}],"0202":[{"pref":"香川県","city":"綾歌郡宇多津町","town":"浜二番丁"}],"0203":[{"pref":"香川県","city":"綾歌郡宇多津町","town":"浜三番丁"}],"0204":[{"pref":"香川県","city":"綾歌郡宇多津町","town":"浜四番丁"}],"0205":[{"pref":"香川県","city":"綾歌郡宇多津町","town":"浜五番丁"}],"0206":[{"pref":"香川県","city":"綾歌郡宇多津町","town":"浜六番丁"}],"0207":[{"pref":"香川県","city":"綾歌郡宇多津町","town":"浜七番丁"}],"0208":[{"pref":"香川県","city":"綾歌郡宇多津町","town":"浜八番丁"}],"0209":[{"pref":"香川県","city":"綾歌郡宇多津町","town":"浜九番丁"}],"0213":[{"pref":"香川県","city":"綾歌郡宇多津町","town":"東分"}],"0224":[{"pref":"香川県","city":"綾歌郡宇多津町","town":"平山"}],"0228":[{"pref":"香川県","city":"綾歌郡宇多津町","town":"向山"}],"0221":[{"pref":"香川県","city":"綾歌郡宇多津町","town":"吉田"}],"0313":[{"pref":"香川県","city":"仲多度郡まんのう町","town":"生間"}],"0315":[{"pref":"香川県","city":"仲多度郡まんのう町","town":"後山"}],"0319":[{"pref":"香川県","city":"仲多度郡まんのう町","town":"追上"}],"0316":[{"pref":"香川県","city":"仲多度郡まんのう町","town":"大口"}],"0311":[{"pref":"香川県","city":"仲多度郡まんのう町","town":"買田"}],"0301":[{"pref":"香川県","city":"仲多度郡まんのう町","town":"佐文"}],"0302":[{"pref":"香川県","city":"仲多度郡まんのう町","town":"塩入"}],"0303":[{"pref":"香川県","city":"仲多度郡まんのう町","town":"七箇"}],"0317":[{"pref":"香川県","city":"仲多度郡まんのう町","town":"新目"}],"0314":[{"pref":"香川県","city":"仲多度郡まんのう町","town":"帆山"}],"0312":[{"pref":"香川県","city":"仲多度郡まんのう町","town":"宮田"}],"0318":[{"pref":"香川県","city":"仲多度郡まんのう町","town":"山脇"}]}