{"0000":[{"pref":"山形県","city":"酒田市","town":"以下に掲載がない場合"}],"0032":[{"pref":"山形県","city":"酒田市","town":"相生町"}],"0828":[{"pref":"山形県","city":"酒田市","town":"あきほ町"}],"0862":[{"pref":"山形県","city":"酒田市","town":"曙町"}],"0021":[{"pref":"山形県","city":"酒田市","town":"旭新町"}],"0875":[{"pref":"山形県","city":"酒田市","town":"東町"}],"0055":[{"pref":"山形県","city":"酒田市","town":"飯森山"}],"0018":[{"pref":"山形県","city":"酒田市","town":"泉町"}],"0046":[{"pref":"山形県","city":"酒田市","town":"一番町"}],"0836":[{"pref":"山形県","city":"酒田市","town":"入船町"}],"0022":[{"pref":"山形県","city":"酒田市","town":"駅東"}],"0802":[{"pref":"山形県","city":"酒田市","town":"生石"}],"0877":[{"pref":"山形県","city":"酒田市","town":"大多新田"}],"0803":[{"pref":"山形県","city":"酒田市","town":"大槻新田"}],"0816":[{"pref":"山形県","city":"酒田市","town":"大野新田"}],"0064":[{"pref":"山形県","city":"酒田市","town":"大浜"}],"0859":[{"pref":"山形県","city":"酒田市","town":"大町"}],"0822":[{"pref":"山形県","city":"酒田市","town":"大宮"}],"0824":[{"pref":"山形県","city":"酒田市","town":"大宮町"}],"0871":[{"pref":"山形県","city":"酒田市","town":"荻島"}],"0024":[{"pref":"山形県","city":"酒田市","town":"御成町"}],"0823":[{"pref":"山形県","city":"酒田市","town":"卸町"}],"0818":[{"pref":"山形県","city":"酒田市","town":"勝保関"}],"0042":[{"pref":"山形県","city":"酒田市","town":"上本町"}],"0011":[{"pref":"山形県","city":"酒田市","town":"上安町"}],"0842":[{"pref":"山形県","city":"酒田市","town":"亀ケ崎"}],"0027":[{"pref":"山形県","city":"酒田市","town":"北今町"}],"0028":[{"pref":"山形県","city":"酒田市","town":"北里町"}],"0801":[{"pref":"山形県","city":"酒田市","town":"北沢"}],"0865":[{"pref":"山形県","city":"酒田市","town":"北新橋"}],"0062":[{"pref":"山形県","city":"酒田市","town":"北新町"}],"0016":[{"pref":"山形県","city":"酒田市","town":"北千日町"}],"0015":[{"pref":"山形県","city":"酒田市","town":"北千日堂前"}],"0072":[{"pref":"山形県","city":"酒田市","town":"北浜町"}],"0102":[{"pref":"山形県","city":"酒田市","town":"京田"}],"0827":[{"pref":"山形県","city":"酒田市","town":"草刈谷地"}],"0817":[{"pref":"山形県","city":"酒田市","town":"熊手島"}],"0819":[{"pref":"山形県","city":"酒田市","town":"熊野田"}],"0111":[{"pref":"山形県","city":"酒田市","town":"黒森"}],"0878":[{"pref":"山形県","city":"酒田市","town":"こあら"}],"0876":[{"pref":"山形県","city":"酒田市","town":"古荒新田"}],"0104":[{"pref":"山形県","city":"酒田市","town":"広栄町"}],"0852":[{"pref":"山形県","city":"酒田市","town":"こがね町"}],"0035":[{"pref":"山形県","city":"酒田市","town":"寿町"}],"0815":[{"pref":"山形県","city":"酒田市","town":"小牧"}],"0814":[{"pref":"山形県","city":"酒田市","town":"小牧新田"}],"0071":[{"pref":"山形県","city":"酒田市","town":"古湊町"}],"0023":[{"pref":"山形県","city":"酒田市","town":"幸町"}],"0806":[{"pref":"山形県","city":"酒田市","town":"境興野"}],"0003":[{"pref":"山形県","city":"酒田市","town":"酒井新田"}],"0026":[{"pref":"山形県","city":"酒田市","town":"栄町"}],"0101":[{"pref":"山形県","city":"酒田市","town":"坂野辺新田"}],"0838":[{"pref":"山形県","city":"酒田市","town":"山居町"}],"0837":[{"pref":"山形県","city":"酒田市","town":"下瀬"}],"0012":[{"pref":"山形県","city":"酒田市","town":"下安町"}],"0114":[{"pref":"山形県","city":"酒田市","town":"十里塚"}],"0864":[{"pref":"山形県","city":"酒田市","town":"新橋"}],"0854":[{"pref":"山形県","city":"酒田市","town":"末広町"}],"0029":[{"pref":"山形県","city":"酒田市","town":"住吉町"}],"0805":[{"pref":"山形県","city":"酒田市","town":"関"}],"0843":[{"pref":"山形県","city":"酒田市","town":"千石町"}],"0014":[{"pref":"山形県","city":"酒田市","town":"千日町"}],"0075":[{"pref":"山形県","city":"酒田市","town":"高砂"}],"0051":[{"pref":"山形県","city":"酒田市","town":"高見台"}],"0033":[{"pref":"山形県","city":"酒田市","town":"中央東町"}],"0034":[{"pref":"山形県","city":"酒田市","town":"中央西町"}],"0873":[{"pref":"山形県","city":"酒田市","town":"土崎"}],"0835":[{"pref":"山形県","city":"酒田市","town":"堤町"}],"0811":[{"pref":"山形県","city":"酒田市","town":"手蔵田"}],"0856":[{"pref":"山形県","city":"酒田市","town":"東栄町"}],"0281":[{"pref":"山形県","city":"酒田市","town":"飛島"}],"0004":[{"pref":"山形県","city":"酒田市","town":"豊里"}],"0872":[{"pref":"山形県","city":"酒田市","town":"中野新田"}],"0044":[{"pref":"山形県","city":"酒田市","town":"中町"}],"0041":[{"pref":"山形県","city":"酒田市","town":"新井田町"}],"0103":[{"pref":"山形県","city":"酒田市","town":"錦町"}],"0017":[{"pref":"山形県","city":"酒田市","town":"西野町"}],"0829":[{"pref":"山形県","city":"酒田市","town":"仁助谷地"}],"0045":[{"pref":"山形県","city":"酒田市","town":"二番町"}],"0826":[{"pref":"山形県","city":"酒田市","town":"初瀬"}],"0031":[{"pref":"山形県","city":"酒田市","town":"浜田"}],"0112":[{"pref":"山形県","city":"酒田市","town":"浜中"}],"0074":[{"pref":"山形県","city":"酒田市","town":"浜松町"}],"0813":[{"pref":"山形県","city":"酒田市","town":"茨野新田"}],"0061":[{"pref":"山形県","city":"酒田市","town":"光ケ丘"}],"0013":[{"pref":"山形県","city":"酒田市","town":"東泉町"}],"0851":[{"pref":"山形県","city":"酒田市","town":"東大町"}],"0855":[{"pref":"山形県","city":"酒田市","town":"東中の口町"}],"0831":[{"pref":"山形県","city":"酒田市","town":"東両羽町"}],"0863":[{"pref":"山形県","city":"酒田市","town":"日の出町"}],"0037":[{"pref":"山形県","city":"酒田市","town":"日吉町"}],"0113":[{"pref":"山形県","city":"酒田市","town":"広岡新田"}],"0125":[{"pref":"山形県","city":"酒田市","town":"広野"}],"0105":[{"pref":"山形県","city":"酒田市","town":"広野新田"}],"0002":[{"pref":"山形県","city":"酒田市","town":"藤塚"}],"0861":[{"pref":"山形県","city":"酒田市","town":"富士見町"}],"0036":[{"pref":"山形県","city":"酒田市","town":"船場町"}],"0001":[{"pref":"山形県","city":"酒田市","town":"穂積（その他）"}],"0812":[{"pref":"山形県","city":"酒田市","town":"本川"}],"0043":[{"pref":"山形県","city":"酒田市","town":"本町（１～３丁目）"}],"0841":[{"pref":"山形県","city":"酒田市","town":"松原南"}],"0073":[{"pref":"山形県","city":"酒田市","town":"松美町"}],"0853":[{"pref":"山形県","city":"酒田市","town":"みずほ"}],"0052":[{"pref":"山形県","city":"酒田市","town":"緑ケ丘"}],"0858":[{"pref":"山形県","city":"酒田市","town":"緑町"}],"0063":[{"pref":"山形県","city":"酒田市","town":"南新町"}],"0025":[{"pref":"山形県","city":"酒田市","town":"南千日町"}],"0005":[{"pref":"山形県","city":"酒田市","town":"宮海"}],"0054":[{"pref":"山形県","city":"酒田市","town":"宮野浦"}],"0821":[{"pref":"山形県","city":"酒田市","town":"遊摺部"}],"0006":[{"pref":"山形県","city":"酒田市","town":"ゆたか"}],"0804":[{"pref":"山形県","city":"酒田市","town":"横代"}],"0874":[{"pref":"山形県","city":"酒田市","town":"四ツ興野"}],"0832":[{"pref":"山形県","city":"酒田市","town":"両羽町"}],"0834":[{"pref":"山形県","city":"酒田市","town":"若竹町"}],"0857":[{"pref":"山形県","city":"酒田市","town":"若浜町"}],"0833":[{"pref":"山形県","city":"酒田市","town":"若原町"}],"0053":[{"pref":"山形県","city":"酒田市","town":"若宮町"}]}