{"0000":[{"pref":"滋賀県","city":"守山市","town":"以下に掲載がない場合"}],"0061":[{"pref":"滋賀県","city":"守山市","town":"赤野井町"}],"0035":[{"pref":"滋賀県","city":"守山市","town":"阿村町"}],"0016":[{"pref":"滋賀県","city":"守山市","town":"荒見町"}],"0014":[{"pref":"滋賀県","city":"守山市","town":"石田町"}],"0036":[{"pref":"滋賀県","city":"守山市","town":"伊勢町"}],"0011":[{"pref":"滋賀県","city":"守山市","town":"今市町"}],"0046":[{"pref":"滋賀県","city":"守山市","town":"今宿"},{"pref":"滋賀県","city":"守山市","town":"今宿町"}],"0101":[{"pref":"滋賀県","city":"守山市","town":"今浜町"}],"0037":[{"pref":"滋賀県","city":"守山市","town":"梅田町"}],"0042":[{"pref":"滋賀県","city":"守山市","town":"焔魔堂町"}],"0054":[{"pref":"滋賀県","city":"守山市","town":"大林町"}],"0032":[{"pref":"滋賀県","city":"守山市","town":"岡町"}],"0004":[{"pref":"滋賀県","city":"守山市","town":"笠原町"}],"0041":[{"pref":"滋賀県","city":"守山市","town":"勝部"},{"pref":"滋賀県","city":"守山市","town":"勝部町"}],"0045":[{"pref":"滋賀県","city":"守山市","town":"金森町"}],"0001":[{"pref":"滋賀県","city":"守山市","town":"川田町"}],"0216":[{"pref":"滋賀県","city":"守山市","town":"環境学習都市宣言記念公園"}],"0002":[{"pref":"滋賀県","city":"守山市","town":"小島町"}],"0104":[{"pref":"滋賀県","city":"守山市","town":"木浜町"}],"0211":[{"pref":"滋賀県","city":"守山市","town":"小浜町"}],"0215":[{"pref":"滋賀県","city":"守山市","town":"幸津川町"}],"0013":[{"pref":"滋賀県","city":"守山市","town":"下之郷"},{"pref":"滋賀県","city":"守山市","town":"下之郷町"}],"0055":[{"pref":"滋賀県","city":"守山市","town":"十二里町"}],"0213":[{"pref":"滋賀県","city":"守山市","town":"新庄町"}],"0062":[{"pref":"滋賀県","city":"守山市","town":"杉江町"}],"0103":[{"pref":"滋賀県","city":"守山市","town":"洲本町"}],"0052":[{"pref":"滋賀県","city":"守山市","town":"大門町"}],"0214":[{"pref":"滋賀県","city":"守山市","town":"立田町"}],"0031":[{"pref":"滋賀県","city":"守山市","town":"立入町"}],"0034":[{"pref":"滋賀県","city":"守山市","town":"千代町"}],"0003":[{"pref":"滋賀県","city":"守山市","town":"中町"}],"0212":[{"pref":"滋賀県","city":"守山市","town":"服部町"}],"0012":[{"pref":"滋賀県","city":"守山市","town":"播磨田町"}],"0033":[{"pref":"滋賀県","city":"守山市","town":"浮気町"}],"0043":[{"pref":"滋賀県","city":"守山市","town":"二町町"}],"0044":[{"pref":"滋賀県","city":"守山市","town":"古高町"}],"0063":[{"pref":"滋賀県","city":"守山市","town":"欲賀町"}],"0102":[{"pref":"滋賀県","city":"守山市","town":"水保町"}],"0051":[{"pref":"滋賀県","city":"守山市","town":"三宅町"}],"0064":[{"pref":"滋賀県","city":"守山市","town":"森川原町"}],"0022":[{"pref":"滋賀県","city":"守山市","town":"守山"},{"pref":"滋賀県","city":"守山市","town":"守山町"}],"0015":[{"pref":"滋賀県","city":"守山市","town":"矢島町"}],"0065":[{"pref":"滋賀県","city":"守山市","town":"山賀町"}],"0053":[{"pref":"滋賀県","city":"守山市","town":"横江町"}],"0021":[{"pref":"滋賀県","city":"守山市","town":"吉身"},{"pref":"滋賀県","city":"守山市","town":"吉身町"}],"0202":[{"pref":"滋賀県","city":"野洲市","town":"菖蒲"}],"0203":[{"pref":"滋賀県","city":"野洲市","town":"喜合"}],"0201":[{"pref":"滋賀県","city":"野洲市","town":"吉川"}]}