{"1100":[{"pref":"長野県","city":"東筑摩郡朝日村","town":"以下に掲載がない場合"}],"1101":[{"pref":"長野県","city":"東筑摩郡朝日村","town":"西洗馬"}],"1102":[{"pref":"長野県","city":"東筑摩郡朝日村","town":"小野沢"}],"1103":[{"pref":"長野県","city":"東筑摩郡朝日村","town":"針尾"}],"1104":[{"pref":"長野県","city":"東筑摩郡朝日村","town":"古見"}],"1131":[{"pref":"長野県","city":"松本市","town":"今井"}],"1132":[{"pref":"長野県","city":"松本市","town":"空港東"}],"1241":[{"pref":"長野県","city":"松本市","town":"新村"}],"1242":[{"pref":"長野県","city":"松本市","town":"和田"}],"1243":[{"pref":"長野県","city":"松本市","town":"神林"}],"1301":[{"pref":"長野県","city":"東筑摩郡山形村","town":"山形村一円"}],"1401":[{"pref":"長野県","city":"松本市","town":"波田"}],"1501":[{"pref":"長野県","city":"松本市","town":"安曇（大野田）"}],"1502":[{"pref":"長野県","city":"松本市","town":"安曇（島々）"}],"1503":[{"pref":"長野県","city":"松本市","town":"安曇（橋場）"}],"1504":[{"pref":"長野県","city":"松本市","town":"安曇（稲核）"}],"1506":[{"pref":"長野県","city":"松本市","town":"安曇（番所）"}],"1507":[{"pref":"長野県","city":"松本市","town":"安曇（宮の原）"}],"1511":[{"pref":"長野県","city":"松本市","town":"安曇（千石平）"}],"1512":[{"pref":"長野県","city":"松本市","town":"安曇（楢ノ木）"}],"1513":[{"pref":"長野県","city":"松本市","town":"安曇（鈴蘭）"}],"1514":[{"pref":"長野県","city":"松本市","town":"安曇（沢渡）"}],"1515":[{"pref":"長野県","city":"松本市","town":"安曇（白骨）"}],"1516":[{"pref":"長野県","city":"松本市","town":"安曇（上高地）"}],"1520":[{"pref":"長野県","city":"松本市","town":"安曇（その他）"}],"1611":[{"pref":"長野県","city":"松本市","town":"奈川"}],"1701":[{"pref":"長野県","city":"松本市","town":"梓川倭"}],"1702":[{"pref":"長野県","city":"松本市","town":"梓川梓"}],"1703":[{"pref":"長野県","city":"松本市","town":"梓川上野"}],"0812":[{"pref":"長野県","city":"松本市","town":"県"}],"0802":[{"pref":"長野県","city":"松本市","town":"旭"}],"0303":[{"pref":"長野県","city":"松本市","town":"浅間温泉"}],"0861":[{"pref":"長野県","city":"松本市","town":"蟻ケ崎"}],"0867":[{"pref":"長野県","city":"松本市","town":"蟻ケ崎台"}],"0831":[{"pref":"長野県","city":"松本市","town":"井川城"}],"0845":[{"pref":"長野県","city":"松本市","town":"石芝（１、２丁目）"}],"0827":[{"pref":"長野県","city":"松本市","town":"出川"}],"0826":[{"pref":"長野県","city":"松本市","town":"出川町"}],"0222":[{"pref":"長野県","city":"松本市","town":"入山辺"}],"0813":[{"pref":"長野県","city":"松本市","town":"埋橋"}],"0874":[{"pref":"長野県","city":"松本市","town":"大手"}],"0304":[{"pref":"長野県","city":"松本市","town":"大村"}],"0314":[{"pref":"長野県","city":"松本市","town":"岡田伊深"}],"0313":[{"pref":"長野県","city":"松本市","town":"岡田下岡田"}],"0315":[{"pref":"長野県","city":"松本市","town":"岡田町"}],"0312":[{"pref":"長野県","city":"松本市","town":"岡田松岡"}],"0876":[{"pref":"長野県","city":"松本市","town":"開智"}],"0837":[{"pref":"長野県","city":"松本市","town":"鎌田"}],"0822":[{"pref":"長野県","city":"松本市","town":"神田"}],"0872":[{"pref":"長野県","city":"松本市","town":"北深志"}],"0871":[{"pref":"長野県","city":"松本市","town":"桐"}],"0847":[{"pref":"長野県","city":"松本市","town":"笹部"}],"0221":[{"pref":"長野県","city":"松本市","town":"里山辺"}],"0877":[{"pref":"長野県","city":"松本市","town":"沢村"}],"0301":[{"pref":"長野県","city":"松本市","town":"稲倉"}],"0851":[{"pref":"長野県","city":"松本市","town":"島内（その他）"}],"0852":[{"pref":"長野県","city":"松本市","town":"島立"}],"0805":[{"pref":"長野県","city":"松本市","town":"清水"}],"0875":[{"pref":"長野県","city":"松本市","town":"城西"}],"0807":[{"pref":"長野県","city":"松本市","town":"城東"}],"0828":[{"pref":"長野県","city":"松本市","town":"庄内"}],"0866":[{"pref":"長野県","city":"松本市","town":"城山"}],"0863":[{"pref":"長野県","city":"松本市","town":"白板"}],"0865":[{"pref":"長野県","city":"松本市","town":"新橋"}],"0305":[{"pref":"長野県","city":"松本市","town":"惣社"}],"0842":[{"pref":"長野県","city":"松本市","town":"征矢野"}],"0834":[{"pref":"長野県","city":"松本市","town":"高宮中"}],"0835":[{"pref":"長野県","city":"松本市","town":"高宮東"}],"0844":[{"pref":"長野県","city":"松本市","town":"高宮西"}],"0843":[{"pref":"長野県","city":"松本市","town":"高宮南"}],"0836":[{"pref":"長野県","city":"松本市","town":"高宮北"}],"0811":[{"pref":"長野県","city":"松本市","town":"中央"}],"0821":[{"pref":"長野県","city":"松本市","town":"筑摩"}],"0816":[{"pref":"長野県","city":"松本市","town":"中条"}],"0823":[{"pref":"長野県","city":"松本市","town":"中山"}],"0824":[{"pref":"長野県","city":"松本市","town":"中山台"}],"0841":[{"pref":"長野県","city":"松本市","town":"渚"}],"0825":[{"pref":"長野県","city":"松本市","town":"並柳"}],"0817":[{"pref":"長野県","city":"松本市","town":"巾上"}],"0316":[{"pref":"長野県","city":"松本市","town":"原"}],"0815":[{"pref":"長野県","city":"松本市","town":"深志"}],"0833":[{"pref":"長野県","city":"松本市","town":"双葉"}],"0317":[{"pref":"長野県","city":"松本市","town":"洞"}],"0814":[{"pref":"長野県","city":"松本市","town":"本庄"}],"0873":[{"pref":"長野県","city":"松本市","town":"丸の内"}],"0302":[{"pref":"長野県","city":"松本市","town":"三才山"}],"0801":[{"pref":"長野県","city":"松本市","town":"美須々"}],"0311":[{"pref":"長野県","city":"松本市","town":"水汲"}],"0306":[{"pref":"長野県","city":"松本市","town":"南浅間"}],"0846":[{"pref":"長野県","city":"松本市","town":"南原"}],"0832":[{"pref":"長野県","city":"松本市","town":"南松本"}],"0862":[{"pref":"長野県","city":"松本市","town":"宮渕"}],"0864":[{"pref":"長野県","city":"松本市","town":"宮渕本村"}],"0806":[{"pref":"長野県","city":"松本市","town":"女鳥羽"}],"0803":[{"pref":"長野県","city":"松本市","town":"元町"}],"0804":[{"pref":"長野県","city":"松本市","town":"横田"}],"0848":[{"pref":"長野県","city":"松本市","town":"両島"}]}