{"8101":[{"pref":"岡山県","city":"倉敷市","town":"玉島上成"}],"8102":[{"pref":"岡山県","city":"倉敷市","town":"玉島"}],"8103":[{"pref":"岡山県","city":"倉敷市","town":"玉島乙島"}],"8111":[{"pref":"岡山県","city":"倉敷市","town":"玉島服部"}],"8112":[{"pref":"岡山県","city":"倉敷市","town":"玉島陶"}],"8113":[{"pref":"岡山県","city":"倉敷市","town":"玉島八島"}],"8114":[{"pref":"岡山県","city":"倉敷市","town":"玉島道越"}],"8115":[{"pref":"岡山県","city":"倉敷市","town":"玉島道口"}],"8116":[{"pref":"岡山県","city":"倉敷市","town":"玉島富"}],"8121":[{"pref":"岡山県","city":"倉敷市","town":"玉島阿賀崎"}],"8122":[{"pref":"岡山県","city":"倉敷市","town":"玉島中央町"}],"8123":[{"pref":"岡山県","city":"倉敷市","town":"玉島柏島"}],"8124":[{"pref":"岡山県","city":"倉敷市","town":"玉島柏台"}],"8125":[{"pref":"岡山県","city":"倉敷市","town":"玉島勇崎"}],"8126":[{"pref":"岡山県","city":"倉敷市","town":"玉島黒崎"}],"8127":[{"pref":"岡山県","city":"倉敷市","town":"玉島黒崎新町"}]}