{"0000":[{"pref":"兵庫県","city":"尼崎市","town":"以下に掲載がない場合"}],"0064":[{"pref":"兵庫県","city":"尼崎市","town":"稲葉荘"}],"0055":[{"pref":"兵庫県","city":"尼崎市","town":"稲葉元町"}],"0812":[{"pref":"兵庫県","city":"尼崎市","town":"今福"}],"0096":[{"pref":"兵庫県","city":"尼崎市","town":"扇町"}],"0076":[{"pref":"兵庫県","city":"尼崎市","town":"大島"}],"0072":[{"pref":"兵庫県","city":"尼崎市","town":"大庄川田町"}],"0075":[{"pref":"兵庫県","city":"尼崎市","town":"大庄中通"}],"0077":[{"pref":"兵庫県","city":"尼崎市","town":"大庄西町"}],"0063":[{"pref":"兵庫県","city":"尼崎市","town":"大庄北"}],"0842":[{"pref":"兵庫県","city":"尼崎市","town":"大高洲町"}],"0095":[{"pref":"兵庫県","city":"尼崎市","town":"大浜町"}],"0862":[{"pref":"兵庫県","city":"尼崎市","town":"開明町"}],"0821":[{"pref":"兵庫県","city":"尼崎市","town":"梶ケ島"}],"0884":[{"pref":"兵庫県","city":"尼崎市","town":"神田中通"}],"0885":[{"pref":"兵庫県","city":"尼崎市","town":"神田南通"}],"0883":[{"pref":"兵庫県","city":"尼崎市","town":"神田北通"}],"0826":[{"pref":"兵庫県","city":"尼崎市","town":"北城内"}],"0878":[{"pref":"兵庫県","city":"尼崎市","town":"北竹谷町"}],"0804":[{"pref":"兵庫県","city":"尼崎市","town":"北大物町"}],"0834":[{"pref":"兵庫県","city":"尼崎市","town":"北初島町"}],"0806":[{"pref":"兵庫県","city":"尼崎市","town":"金楽寺町"}],"0813":[{"pref":"兵庫県","city":"尼崎市","town":"杭瀬寺島"}],"0814":[{"pref":"兵庫県","city":"尼崎市","town":"杭瀬本町"}],"0822":[{"pref":"兵庫県","city":"尼崎市","town":"杭瀬南新町"}],"0815":[{"pref":"兵庫県","city":"尼崎市","town":"杭瀬北新町"}],"0873":[{"pref":"兵庫県","city":"尼崎市","town":"玄番南之町"}],"0872":[{"pref":"兵庫県","city":"尼崎市","town":"玄番北之町"}],"0074":[{"pref":"兵庫県","city":"尼崎市","town":"琴浦町"}],"0808":[{"pref":"兵庫県","city":"尼崎市","town":"潮江（１丁目１番、５丁目１番）"}],"0866":[{"pref":"兵庫県","city":"尼崎市","town":"汐町"}],"0811":[{"pref":"兵庫県","city":"尼崎市","town":"常光寺"}],"0881":[{"pref":"兵庫県","city":"尼崎市","town":"昭和通"}],"0882":[{"pref":"兵庫県","city":"尼崎市","town":"昭和南通"}],"0082":[{"pref":"兵庫県","city":"尼崎市","town":"水明町"}],"0094":[{"pref":"兵庫県","city":"尼崎市","town":"末広町"}],"0071":[{"pref":"兵庫県","city":"尼崎市","town":"崇徳院"}],"0823":[{"pref":"兵庫県","city":"尼崎市","town":"大物町"}],"0876":[{"pref":"兵庫県","city":"尼崎市","town":"竹谷町"}],"0871":[{"pref":"兵庫県","city":"尼崎市","town":"建家町"}],"0858":[{"pref":"兵庫県","city":"尼崎市","town":"築地"}],"0092":[{"pref":"兵庫県","city":"尼崎市","town":"鶴町"}],"0867":[{"pref":"兵庫県","city":"尼崎市","town":"寺町"}],"0083":[{"pref":"兵庫県","city":"尼崎市","town":"道意町"}],"0851":[{"pref":"兵庫県","city":"尼崎市","town":"中在家町"}],"0091":[{"pref":"兵庫県","city":"尼崎市","town":"中浜町"}],"0802":[{"pref":"兵庫県","city":"尼崎市","town":"長洲中通"}],"0801":[{"pref":"兵庫県","city":"尼崎市","town":"長洲東通"}],"0807":[{"pref":"兵庫県","city":"尼崎市","town":"長洲西通"}],"0803":[{"pref":"兵庫県","city":"尼崎市","town":"長洲本通"}],"0073":[{"pref":"兵庫県","city":"尼崎市","town":"菜切山町"}],"0052":[{"pref":"兵庫県","city":"尼崎市","town":"七松町"}],"0093":[{"pref":"兵庫県","city":"尼崎市","town":"西海岸町"}],"0865":[{"pref":"兵庫県","city":"尼崎市","town":"西桜木町"}],"0845":[{"pref":"兵庫県","city":"尼崎市","town":"西高洲町"}],"0054":[{"pref":"兵庫県","city":"尼崎市","town":"西立花町"}],"0827":[{"pref":"兵庫県","city":"尼崎市","town":"西大物町"}],"0805":[{"pref":"兵庫県","city":"尼崎市","town":"西長洲町"}],"0893":[{"pref":"兵庫県","city":"尼崎市","town":"西難波町"}],"0874":[{"pref":"兵庫県","city":"尼崎市","town":"西本町"}],"0863":[{"pref":"兵庫県","city":"尼崎市","town":"西本町北通"}],"0837":[{"pref":"兵庫県","city":"尼崎市","town":"西松島町"}],"0868":[{"pref":"兵庫県","city":"尼崎市","town":"西御園町"}],"0857":[{"pref":"兵庫県","city":"尼崎市","town":"西向島町"}],"0062":[{"pref":"兵庫県","city":"尼崎市","town":"浜田町"}],"0843":[{"pref":"兵庫県","city":"尼崎市","town":"東海岸町"}],"0864":[{"pref":"兵庫県","city":"尼崎市","town":"東桜木町"}],"0841":[{"pref":"兵庫県","city":"尼崎市","town":"東高洲町"}],"0828":[{"pref":"兵庫県","city":"尼崎市","town":"東大物町"}],"0051":[{"pref":"兵庫県","city":"尼崎市","town":"東七松町"}],"0892":[{"pref":"兵庫県","city":"尼崎市","town":"東難波町"}],"0832":[{"pref":"兵庫県","city":"尼崎市","town":"東初島町"}],"0844":[{"pref":"兵庫県","city":"尼崎市","town":"東浜町"}],"0824":[{"pref":"兵庫県","city":"尼崎市","town":"東本町"}],"0831":[{"pref":"兵庫県","city":"尼崎市","town":"東松島町"}],"0835":[{"pref":"兵庫県","city":"尼崎市","town":"東向島東之町"}],"0856":[{"pref":"兵庫県","city":"尼崎市","town":"東向島西之町"}],"0891":[{"pref":"兵庫県","city":"尼崎市","town":"扶桑町"}],"0846":[{"pref":"兵庫県","city":"尼崎市","town":"船出"}],"0087":[{"pref":"兵庫県","city":"尼崎市","town":"平左衛門町"}],"0086":[{"pref":"兵庫県","city":"尼崎市","town":"丸島町"}],"0861":[{"pref":"兵庫県","city":"尼崎市","town":"御園町"}],"0825":[{"pref":"兵庫県","city":"尼崎市","town":"南城内"}],"0875":[{"pref":"兵庫県","city":"尼崎市","town":"南竹谷町"}],"0053":[{"pref":"兵庫県","city":"尼崎市","town":"南七松町"}],"0833":[{"pref":"兵庫県","city":"尼崎市","town":"南初島町"}],"0877":[{"pref":"兵庫県","city":"尼崎市","town":"宮内町"}],"0084":[{"pref":"兵庫県","city":"尼崎市","town":"武庫川町"}],"0085":[{"pref":"兵庫県","city":"尼崎市","town":"元浜町"}],"0061":[{"pref":"兵庫県","city":"尼崎市","town":"蓬川荘園"}],"0081":[{"pref":"兵庫県","city":"尼崎市","town":"蓬川町"}]}