{"0000":[{"pref":"兵庫県","city":"西脇市","town":"以下に掲載がない場合"}],"0061":[{"pref":"兵庫県","city":"西脇市","town":"合山町"}],"0056":[{"pref":"兵庫県","city":"西脇市","town":"板波町"}],"0004":[{"pref":"兵庫県","city":"西脇市","town":"市原町"}],"0044":[{"pref":"兵庫県","city":"西脇市","town":"上野"}],"0038":[{"pref":"兵庫県","city":"西脇市","town":"大垣内"}],"0001":[{"pref":"兵庫県","city":"西脇市","town":"大木町"}],"0025":[{"pref":"兵庫県","city":"西脇市","town":"大野"}],"0065":[{"pref":"兵庫県","city":"西脇市","town":"岡崎町"}],"0068":[{"pref":"兵庫県","city":"西脇市","town":"落方町"}],"0069":[{"pref":"兵庫県","city":"西脇市","town":"上王子町"}],"0035":[{"pref":"兵庫県","city":"西脇市","town":"上戸田"}],"0039":[{"pref":"兵庫県","city":"西脇市","town":"上比延町"}],"0016":[{"pref":"兵庫県","city":"西脇市","town":"高田井町"}],"0017":[{"pref":"兵庫県","city":"西脇市","town":"小坂町"}],"0014":[{"pref":"兵庫県","city":"西脇市","town":"郷瀬町"}],"0021":[{"pref":"兵庫県","city":"西脇市","town":"蒲江"}],"0026":[{"pref":"兵庫県","city":"西脇市","town":"坂本"}],"0033":[{"pref":"兵庫県","city":"西脇市","town":"鹿野町"}],"0024":[{"pref":"兵庫県","city":"西脇市","town":"嶋"}],"0043":[{"pref":"兵庫県","city":"西脇市","town":"下戸田"}],"0031":[{"pref":"兵庫県","city":"西脇市","town":"住吉町"}],"0041":[{"pref":"兵庫県","city":"西脇市","town":"高嶋町"}],"0055":[{"pref":"兵庫県","city":"西脇市","town":"高松町"}],"0051":[{"pref":"兵庫県","city":"西脇市","town":"谷町"}],"0034":[{"pref":"兵庫県","city":"西脇市","town":"塚口町"}],"0036":[{"pref":"兵庫県","city":"西脇市","town":"津万"}],"0062":[{"pref":"兵庫県","city":"西脇市","town":"出会町"}],"0022":[{"pref":"兵庫県","city":"西脇市","town":"寺内"}],"0018":[{"pref":"兵庫県","city":"西脇市","town":"富田町"}],"0011":[{"pref":"兵庫県","city":"西脇市","town":"富吉上町"}],"0012":[{"pref":"兵庫県","city":"西脇市","town":"富吉南町"}],"0032":[{"pref":"兵庫県","city":"西脇市","town":"中畑町"}],"0023":[{"pref":"兵庫県","city":"西脇市","town":"西嶋"}],"0003":[{"pref":"兵庫県","city":"西脇市","town":"西田町"}],"0015":[{"pref":"兵庫県","city":"西脇市","town":"西脇"}],"0005":[{"pref":"兵庫県","city":"西脇市","town":"野中町"}],"0054":[{"pref":"兵庫県","city":"西脇市","town":"野村町"}],"0057":[{"pref":"兵庫県","city":"西脇市","town":"野村町茜が丘"}],"0006":[{"pref":"兵庫県","city":"西脇市","town":"羽安町"}],"0037":[{"pref":"兵庫県","city":"西脇市","town":"比延町"}],"0013":[{"pref":"兵庫県","city":"西脇市","town":"日野町"}],"0063":[{"pref":"兵庫県","city":"西脇市","town":"平野町"}],"0042":[{"pref":"兵庫県","city":"西脇市","town":"堀町"}],"0002":[{"pref":"兵庫県","city":"西脇市","town":"前島町"}],"0066":[{"pref":"兵庫県","city":"西脇市","town":"水尾町"}],"0067":[{"pref":"兵庫県","city":"西脇市","town":"明楽寺町"}],"0064":[{"pref":"兵庫県","city":"西脇市","town":"八坂町"}],"0052":[{"pref":"兵庫県","city":"西脇市","town":"和田町"}],"0053":[{"pref":"兵庫県","city":"西脇市","town":"和布町"}],"0112":[{"pref":"兵庫県","city":"多可郡多可町","town":"八千代区赤坂"}],"0101":[{"pref":"兵庫県","city":"多可郡多可町","town":"八千代区大屋"}],"0111":[{"pref":"兵庫県","city":"多可郡多可町","town":"八千代区門田"}],"0102":[{"pref":"兵庫県","city":"多可郡多可町","town":"八千代区坂本"}],"0114":[{"pref":"兵庫県","city":"多可郡多可町","town":"八千代区仕出原"}],"0122":[{"pref":"兵庫県","city":"多可郡多可町","town":"八千代区下野間"}],"0131":[{"pref":"兵庫県","city":"多可郡多可町","town":"八千代区下三原"}],"0105":[{"pref":"兵庫県","city":"多可郡多可町","town":"八千代区下村"}],"0113":[{"pref":"兵庫県","city":"多可郡多可町","town":"八千代区俵田"}],"0121":[{"pref":"兵庫県","city":"多可郡多可町","town":"八千代区中野間"}],"0103":[{"pref":"兵庫県","city":"多可郡多可町","town":"八千代区中村"}],"0132":[{"pref":"兵庫県","city":"多可郡多可町","town":"八千代区大和"}],"0104":[{"pref":"兵庫県","city":"多可郡多可町","town":"八千代区横屋"}]}