{"1200":[{"pref":"高知県","city":"高岡郡佐川町","town":"以下に掲載がない場合"}],"1201":[{"pref":"高知県","city":"高岡郡佐川町","town":"甲"}],"1202":[{"pref":"高知県","city":"高岡郡佐川町","town":"乙"}],"1203":[{"pref":"高知県","city":"高岡郡佐川町","town":"丙"}],"1204":[{"pref":"高知県","city":"高岡郡佐川町","town":"加茂"}],"1205":[{"pref":"高知県","city":"高岡郡佐川町","town":"室原"}],"1211":[{"pref":"高知県","city":"高岡郡佐川町","town":"黒原"}],"1212":[{"pref":"高知県","city":"高岡郡佐川町","town":"四ツ白"}],"1213":[{"pref":"高知県","city":"高岡郡佐川町","town":"二ツ野"}],"1214":[{"pref":"高知県","city":"高岡郡佐川町","town":"中野"}],"1215":[{"pref":"高知県","city":"高岡郡佐川町","town":"瑞応"}],"1216":[{"pref":"高知県","city":"高岡郡佐川町","town":"庄田"}],"1217":[{"pref":"高知県","city":"高岡郡佐川町","town":"大田川"}],"1218":[{"pref":"高知県","city":"高岡郡佐川町","town":"平野"}],"1221":[{"pref":"高知県","city":"高岡郡佐川町","town":"本郷耕"}],"1222":[{"pref":"高知県","city":"高岡郡佐川町","town":"西山組"}],"1223":[{"pref":"高知県","city":"高岡郡佐川町","town":"西山耕"}],"1224":[{"pref":"高知県","city":"高岡郡佐川町","town":"古畑耕"}],"1225":[{"pref":"高知県","city":"高岡郡佐川町","town":"峰耕"}],"1231":[{"pref":"高知県","city":"高岡郡佐川町","town":"永野"}],"1232":[{"pref":"高知県","city":"高岡郡佐川町","town":"東組"}],"1233":[{"pref":"高知県","city":"高岡郡佐川町","town":"中組"}],"1234":[{"pref":"高知県","city":"高岡郡佐川町","town":"西組"}],"1235":[{"pref":"高知県","city":"高岡郡佐川町","town":"川ノ内組"}],"1300":[{"pref":"高知県","city":"高岡郡中土佐町","town":"以下に掲載がない場合"}],"1301":[{"pref":"高知県","city":"高岡郡中土佐町","town":"久礼"}],"1302":[{"pref":"高知県","city":"高岡郡中土佐町","town":"上ノ加江"}],"1303":[{"pref":"高知県","city":"高岡郡中土佐町","town":"矢井賀甲"}],"1304":[{"pref":"高知県","city":"高岡郡中土佐町","town":"矢井賀乙"}],"1401":[{"pref":"高知県","city":"高岡郡中土佐町","town":"大野見吉野"}],"1402":[{"pref":"高知県","city":"高岡郡中土佐町","town":"大野見橋谷"}],"1403":[{"pref":"高知県","city":"高岡郡中土佐町","town":"大野見久万秋"}],"1404":[{"pref":"高知県","city":"高岡郡中土佐町","town":"大野見奈路"}],"1405":[{"pref":"高知県","city":"高岡郡中土佐町","town":"大野見伊勢川"}],"1406":[{"pref":"高知県","city":"高岡郡中土佐町","town":"大野見槇野々"}],"1407":[{"pref":"高知県","city":"高岡郡中土佐町","town":"大野見三ツ又"}],"1408":[{"pref":"高知県","city":"高岡郡中土佐町","town":"大野見長野"}],"1409":[{"pref":"高知県","city":"高岡郡中土佐町","town":"大野見竹原"}],"1410":[{"pref":"高知県","city":"高岡郡中土佐町","town":"大野見栂ノ川"}],"1411":[{"pref":"高知県","city":"高岡郡中土佐町","town":"大野見野老野"}],"1412":[{"pref":"高知県","city":"高岡郡中土佐町","town":"大野見川奥"}],"1413":[{"pref":"高知県","city":"高岡郡中土佐町","town":"大野見荒瀬"}],"1414":[{"pref":"高知県","city":"高岡郡中土佐町","town":"大野見神母野"}],"1415":[{"pref":"高知県","city":"高岡郡中土佐町","town":"大野見寺野"}],"1416":[{"pref":"高知県","city":"高岡郡中土佐町","town":"大野見下ル川"}],"1417":[{"pref":"高知県","city":"高岡郡中土佐町","town":"大野見萩中"}],"1418":[{"pref":"高知県","city":"高岡郡中土佐町","town":"大野見大股"}],"1419":[{"pref":"高知県","city":"高岡郡中土佐町","town":"大野見島ノ川"}],"1701":[{"pref":"高知県","city":"幡多郡黒潮町","town":"市野瀬"}],"1702":[{"pref":"高知県","city":"幡多郡黒潮町","town":"佐賀橘川"}],"1703":[{"pref":"高知県","city":"幡多郡黒潮町","town":"拳ノ川"}],"1704":[{"pref":"高知県","city":"幡多郡黒潮町","town":"川奥"}],"1705":[{"pref":"高知県","city":"幡多郡黒潮町","town":"荷稲"}],"1706":[{"pref":"高知県","city":"幡多郡黒潮町","town":"小黒ノ川"}],"1707":[{"pref":"高知県","city":"幡多郡黒潮町","town":"中ノ川"}],"1708":[{"pref":"高知県","city":"幡多郡黒潮町","town":"鈴"}],"1711":[{"pref":"高知県","city":"幡多郡黒潮町","town":"市野々川"}],"1712":[{"pref":"高知県","city":"幡多郡黒潮町","town":"不破原"}],"1713":[{"pref":"高知県","city":"幡多郡黒潮町","town":"伊与喜"}],"1714":[{"pref":"高知県","city":"幡多郡黒潮町","town":"藤縄"}],"1715":[{"pref":"高知県","city":"幡多郡黒潮町","town":"熊井"}],"1716":[{"pref":"高知県","city":"幡多郡黒潮町","town":"熊野浦"}],"1720":[{"pref":"高知県","city":"幡多郡黒潮町","town":"佐賀（その他）"}],"1721":[{"pref":"高知県","city":"幡多郡黒潮町","town":"佐賀（中角）"}],"1722":[{"pref":"高知県","city":"幡多郡黒潮町","town":"佐賀（坂折）"}],"1723":[{"pref":"高知県","city":"幡多郡黒潮町","town":"佐賀（馬地）"}],"1724":[{"pref":"高知県","city":"幡多郡黒潮町","town":"佐賀（横浜）"}],"1725":[{"pref":"高知県","city":"幡多郡黒潮町","town":"白浜"}],"1900":[{"pref":"高知県","city":"幡多郡黒潮町","town":"以下に掲載がない場合"}],"1901":[{"pref":"高知県","city":"幡多郡黒潮町","town":"上川口"}],"1902":[{"pref":"高知県","city":"幡多郡黒潮町","town":"蜷川"}],"1903":[{"pref":"高知県","city":"幡多郡黒潮町","town":"有井川"}],"1904":[{"pref":"高知県","city":"幡多郡黒潮町","town":"伊田"}],"1905":[{"pref":"高知県","city":"幡多郡黒潮町","town":"灘"}],"1911":[{"pref":"高知県","city":"幡多郡黒潮町","town":"浮鞭"}],"1912":[{"pref":"高知県","city":"幡多郡黒潮町","town":"口湊川"}],"1913":[{"pref":"高知県","city":"幡多郡黒潮町","town":"奥湊川"}],"1921":[{"pref":"高知県","city":"幡多郡黒潮町","town":"加持"}],"1922":[{"pref":"高知県","city":"幡多郡黒潮町","town":"加持川"}],"1923":[{"pref":"高知県","city":"幡多郡黒潮町","town":"大井川"}],"1924":[{"pref":"高知県","city":"幡多郡黒潮町","town":"馬荷"}],"1925":[{"pref":"高知県","city":"幡多郡黒潮町","town":"大方橘川"}],"1931":[{"pref":"高知県","city":"幡多郡黒潮町","town":"入野"}],"1932":[{"pref":"高知県","city":"幡多郡黒潮町","town":"下田の口"}],"1933":[{"pref":"高知県","city":"幡多郡黒潮町","town":"田野浦"}],"1934":[{"pref":"高知県","city":"幡多郡黒潮町","town":"出口"}],"1935":[{"pref":"高知県","city":"幡多郡黒潮町","town":"上田の口"}],"1936":[{"pref":"高知県","city":"幡多郡黒潮町","town":"御坊畑"}],"0582":[{"pref":"高知県","city":"香美市","town":"土佐山田町角茂谷"}],"0586":[{"pref":"高知県","city":"香美市","town":"土佐山田町樫谷"}],"0587":[{"pref":"高知県","city":"香美市","town":"土佐山田町上穴内"}],"0584":[{"pref":"高知県","city":"香美市","town":"土佐山田町北滝本"}],"0585":[{"pref":"高知県","city":"香美市","town":"土佐山田町繁藤"}],"0581":[{"pref":"高知県","city":"香美市","town":"土佐山田町西又"}],"0583":[{"pref":"高知県","city":"香美市","town":"土佐山田町平山（岡田丸、双子岩、向田）"}],"0300":[{"pref":"高知県","city":"長岡郡大豊町","town":"以下に掲載がない場合"}],"0167":[{"pref":"高知県","city":"長岡郡大豊町","town":"粟生"}],"0307":[{"pref":"高知県","city":"長岡郡大豊町","town":"穴内"}],"0237":[{"pref":"高知県","city":"長岡郡大豊町","town":"庵谷"}],"0157":[{"pref":"高知県","city":"長岡郡大豊町","town":"筏木"}],"0233":[{"pref":"高知県","city":"長岡郡大豊町","town":"磯谷"}],"0158":[{"pref":"高知県","city":"長岡郡大豊町","town":"岩原"}],"0323":[{"pref":"高知県","city":"長岡郡大豊町","town":"馬瀬"}],"0306":[{"pref":"高知県","city":"長岡郡大豊町","town":"尾生"}],"0248":[{"pref":"高知県","city":"長岡郡大豊町","town":"大久保"}],"0247":[{"pref":"高知県","city":"長岡郡大豊町","town":"大砂子"}],"0173":[{"pref":"高知県","city":"長岡郡大豊町","town":"大平（高原）"}],"0169":[{"pref":"高知県","city":"長岡郡大豊町","town":"大平（その他）"}],"0170":[{"pref":"高知県","city":"長岡郡大豊町","town":"大滝（落合）"}],"0171":[{"pref":"高知県","city":"長岡郡大豊町","town":"大滝（その他）"}],"0316":[{"pref":"高知県","city":"長岡郡大豊町","town":"小川"}],"0231":[{"pref":"高知県","city":"長岡郡大豊町","town":"奥大田"}],"0321":[{"pref":"高知県","city":"長岡郡大豊町","town":"角茂谷"}],"0232":[{"pref":"高知県","city":"長岡郡大豊町","town":"梶ケ内（石堂、佐賀井）"}],"0428":[{"pref":"高知県","city":"長岡郡大豊町","town":"葛原（千野々）"}],"0302":[{"pref":"高知県","city":"長岡郡大豊町","town":"葛原（その他）"}],"0252":[{"pref":"高知県","city":"長岡郡大豊町","town":"上東"}],"0172":[{"pref":"高知県","city":"長岡郡大豊町","town":"川井"}],"0303":[{"pref":"高知県","city":"長岡郡大豊町","town":"川口"}],"0313":[{"pref":"高知県","city":"長岡郡大豊町","town":"川口南"}],"0241":[{"pref":"高知県","city":"長岡郡大豊町","town":"川戸"}],"0325":[{"pref":"高知県","city":"長岡郡大豊町","town":"北川"}],"0324":[{"pref":"高知県","city":"長岡郡大豊町","town":"久寿軒"}],"0250":[{"pref":"高知県","city":"長岡郡大豊町","town":"黒石"}],"0255":[{"pref":"高知県","city":"長岡郡大豊町","town":"佐賀山"}],"0305":[{"pref":"高知県","city":"長岡郡大豊町","town":"式岩"}],"0311":[{"pref":"高知県","city":"長岡郡大豊町","town":"杉"}],"0312":[{"pref":"高知県","city":"長岡郡大豊町","town":"高須"}],"0426":[{"pref":"高知県","city":"長岡郡大豊町","town":"立川上名"}],"0427":[{"pref":"高知県","city":"長岡郡大豊町","town":"立川下名"}],"0168":[{"pref":"高知県","city":"長岡郡大豊町","town":"立野"}],"0304":[{"pref":"高知県","city":"長岡郡大豊町","town":"谷"}],"0301":[{"pref":"高知県","city":"長岡郡大豊町","town":"津家（桧生）"}],"0242":[{"pref":"高知県","city":"長岡郡大豊町","town":"連火"}],"0234":[{"pref":"高知県","city":"長岡郡大豊町","town":"寺内（大田口）"}],"0322":[{"pref":"高知県","city":"長岡郡大豊町","town":"戸手野"}],"0174":[{"pref":"高知県","city":"長岡郡大豊町","town":"中内"}],"0315":[{"pref":"高知県","city":"長岡郡大豊町","town":"中村大王"}],"0251":[{"pref":"高知県","city":"長岡郡大豊町","town":"中屋"}],"0245":[{"pref":"高知県","city":"長岡郡大豊町","town":"永淵"}],"0165":[{"pref":"高知県","city":"長岡郡大豊町","town":"西川"}],"0243":[{"pref":"高知県","city":"長岡郡大豊町","town":"西久保"}],"0254":[{"pref":"高知県","city":"長岡郡大豊町","town":"西土居"}],"0159":[{"pref":"高知県","city":"長岡郡大豊町","town":"西峰（三谷）"}],"0160":[{"pref":"高知県","city":"長岡郡大豊町","town":"西峰（その他）"}],"0162":[{"pref":"高知県","city":"長岡郡大豊町","town":"怒田"}],"0314":[{"pref":"高知県","city":"長岡郡大豊町","town":"日浦"}],"0166":[{"pref":"高知県","city":"長岡郡大豊町","town":"東土居"}],"0235":[{"pref":"高知県","city":"長岡郡大豊町","town":"船戸"}],"0163":[{"pref":"高知県","city":"長岡郡大豊町","town":"南大王"}],"0244":[{"pref":"高知県","city":"長岡郡大豊町","town":"桃原"}],"0156":[{"pref":"高知県","city":"長岡郡大豊町","town":"八川"}],"0253":[{"pref":"高知県","city":"長岡郡大豊町","town":"安野々"}],"0246":[{"pref":"高知県","city":"長岡郡大豊町","town":"柳野"}],"0161":[{"pref":"高知県","city":"長岡郡大豊町","town":"柚木"}],"0164":[{"pref":"高知県","city":"長岡郡大豊町","town":"八畝"}],"0236":[{"pref":"高知県","city":"長岡郡大豊町","town":"和田（目付）"}]}