{"0000":[{"pref":"高知県","city":"高岡郡四万十町","town":"以下に掲載がない場合"}],"0327":[{"pref":"高知県","city":"高岡郡四万十町","town":"相去"}],"0075":[{"pref":"高知県","city":"高岡郡四万十町","town":"秋丸"}],"0064":[{"pref":"高知県","city":"高岡郡四万十町","town":"家地川"}],"0533":[{"pref":"高知県","city":"高岡郡四万十町","town":"井崎"}],"0088":[{"pref":"高知県","city":"高岡郡四万十町","town":"市生原"}],"0325":[{"pref":"高知県","city":"高岡郡四万十町","town":"市ノ又"}],"0094":[{"pref":"高知県","city":"高岡郡四万十町","town":"一斗俵"}],"0037":[{"pref":"高知県","city":"高岡郡四万十町","town":"魚の川"}],"0322":[{"pref":"高知県","city":"高岡郡四万十町","town":"打井川"}],"0523":[{"pref":"高知県","city":"高岡郡四万十町","town":"浦越"}],"0307":[{"pref":"高知県","city":"高岡郡四万十町","town":"江師"}],"0532":[{"pref":"高知県","city":"高岡郡四万十町","town":"大井川"}],"0016":[{"pref":"高知県","city":"高岡郡四万十町","town":"大井野"}],"0058":[{"pref":"高知県","city":"高岡郡四万十町","town":"大鶴津"}],"0067":[{"pref":"高知県","city":"高岡郡四万十町","town":"大向"}],"0045":[{"pref":"高知県","city":"高岡郡四万十町","town":"興津（１～１６９９番）"}],"0046":[{"pref":"高知県","city":"高岡郡四万十町","town":"興津（その他）"}],"0517":[{"pref":"高知県","city":"高岡郡四万十町","town":"奥大道"}],"0038":[{"pref":"高知県","city":"高岡郡四万十町","town":"奥呉地"}],"0071":[{"pref":"高知県","city":"高岡郡四万十町","town":"奥神ノ川"}],"0531":[{"pref":"高知県","city":"高岡郡四万十町","town":"小野"}],"0048":[{"pref":"高知県","city":"高岡郡四万十町","town":"親ケ内"}],"0078":[{"pref":"高知県","city":"高岡郡四万十町","town":"折合"}],"0034":[{"pref":"高知県","city":"高岡郡四万十町","town":"替坂本"}],"0011":[{"pref":"高知県","city":"高岡郡四万十町","town":"香月が丘"}],"0032":[{"pref":"高知県","city":"高岡郡四万十町","town":"影野"}],"0049":[{"pref":"高知県","city":"高岡郡四万十町","town":"数神"}],"0098":[{"pref":"高知県","city":"高岡郡四万十町","town":"上秋丸"}],"0305":[{"pref":"高知県","city":"高岡郡四万十町","town":"上岡"}],"0522":[{"pref":"高知県","city":"高岡郡四万十町","town":"茅吹手"}],"0326":[{"pref":"高知県","city":"高岡郡四万十町","town":"烏手"}],"0514":[{"pref":"高知県","city":"高岡郡四万十町","town":"河内"}],"0091":[{"pref":"高知県","city":"高岡郡四万十町","town":"川ノ内"}],"0012":[{"pref":"高知県","city":"高岡郡四万十町","town":"北琴平町"}],"0303":[{"pref":"高知県","city":"高岡郡四万十町","town":"希ノ川"}],"0003":[{"pref":"高知県","city":"高岡郡四万十町","town":"金上野"}],"0516":[{"pref":"高知県","city":"高岡郡四万十町","town":"口大道"}],"0073":[{"pref":"高知県","city":"高岡郡四万十町","town":"口神ノ川"}],"0010":[{"pref":"高知県","city":"高岡郡四万十町","town":"窪川"}],"0515":[{"pref":"高知県","city":"高岡郡四万十町","town":"久保川"}],"0096":[{"pref":"高知県","city":"高岡郡四万十町","town":"窪川中津川"}],"0042":[{"pref":"高知県","city":"高岡郡四万十町","town":"黒石"}],"0306":[{"pref":"高知県","city":"高岡郡四万十町","town":"小石"}],"0017":[{"pref":"高知県","city":"高岡郡四万十町","town":"神ノ西"}],"0502":[{"pref":"高知県","city":"高岡郡四万十町","town":"古城"}],"0057":[{"pref":"高知県","city":"高岡郡四万十町","town":"小鶴津"}],"0013":[{"pref":"高知県","city":"高岡郡四万十町","town":"琴平町"}],"0022":[{"pref":"高知県","city":"高岡郡四万十町","town":"小向"}],"0313":[{"pref":"高知県","city":"高岡郡四万十町","town":"木屋ケ内"}],"0028":[{"pref":"高知県","city":"高岡郡四万十町","town":"根元原"}],"0015":[{"pref":"高知県","city":"高岡郡四万十町","town":"西原"}],"0008":[{"pref":"高知県","city":"高岡郡四万十町","town":"榊山町"}],"0087":[{"pref":"高知県","city":"高岡郡四万十町","town":"作屋"}],"0524":[{"pref":"高知県","city":"高岡郡四万十町","town":"里川"}],"0004":[{"pref":"高知県","city":"高岡郡四万十町","town":"茂串町"}],"0018":[{"pref":"高知県","city":"高岡郡四万十町","town":"仕出原"}],"0304":[{"pref":"高知県","city":"高岡郡四万十町","town":"下岡"}],"0036":[{"pref":"高知県","city":"高岡郡四万十町","town":"下呉地"}],"0315":[{"pref":"高知県","city":"高岡郡四万十町","town":"下津井"}],"0314":[{"pref":"高知県","city":"高岡郡四万十町","town":"下道"}],"0092":[{"pref":"高知県","city":"高岡郡四万十町","town":"勝賀野"}],"0323":[{"pref":"高知県","city":"高岡郡四万十町","town":"上宮"}],"0513":[{"pref":"高知県","city":"高岡郡四万十町","town":"昭和乙"}],"0512":[{"pref":"高知県","city":"高岡郡四万十町","town":"昭和甲"}],"0511":[{"pref":"高知県","city":"高岡郡四万十町","town":"昭和（その他）"}],"0501":[{"pref":"高知県","city":"高岡郡四万十町","town":"地吉"}],"0056":[{"pref":"高知県","city":"高岡郡四万十町","town":"志和"}],"0055":[{"pref":"高知県","city":"高岡郡四万十町","town":"志和峰"}],"0014":[{"pref":"高知県","city":"高岡郡四万十町","town":"新開町"}],"0302":[{"pref":"高知県","city":"高岡郡四万十町","town":"瀬里"}],"0066":[{"pref":"高知県","city":"高岡郡四万十町","town":"天の川"}],"0301":[{"pref":"高知県","city":"高岡郡四万十町","town":"大正（葛籠川、轟崎を含む）"}],"0312":[{"pref":"高知県","city":"高岡郡四万十町","town":"大正大奈路"}],"0321":[{"pref":"高知県","city":"高岡郡四万十町","town":"大正北ノ川"}],"0316":[{"pref":"高知県","city":"高岡郡四万十町","town":"大正中津川"}],"0063":[{"pref":"高知県","city":"高岡郡四万十町","town":"高野"}],"0521":[{"pref":"高知県","city":"高岡郡四万十町","town":"津賀"}],"0076":[{"pref":"高知県","city":"高岡郡四万十町","town":"寺野"}],"0052":[{"pref":"高知県","city":"高岡郡四万十町","town":"土居"}],"0033":[{"pref":"高知県","city":"高岡郡四万十町","town":"道徳"}],"0504":[{"pref":"高知県","city":"高岡郡四万十町","town":"十川"}],"0535":[{"pref":"高知県","city":"高岡郡四万十町","town":"十和川口"}],"0503":[{"pref":"高知県","city":"高岡郡四万十町","town":"戸川"}],"0031":[{"pref":"高知県","city":"高岡郡四万十町","town":"床鍋"}],"0025":[{"pref":"高知県","city":"高岡郡四万十町","town":"富岡"}],"0072":[{"pref":"高知県","city":"高岡郡四万十町","town":"中神ノ川"}],"0023":[{"pref":"高知県","city":"高岡郡四万十町","town":"中ノ越"}],"0081":[{"pref":"高知県","city":"高岡郡四万十町","town":"中村"}],"0082":[{"pref":"高知県","city":"高岡郡四万十町","town":"七里"}],"0041":[{"pref":"高知県","city":"高岡郡四万十町","town":"奈路"}],"0021":[{"pref":"高知県","city":"高岡郡四万十町","town":"仁井田"}],"0083":[{"pref":"高知県","city":"高岡郡四万十町","town":"西川角"}],"0311":[{"pref":"高知県","city":"高岡郡四万十町","town":"西ノ川"}],"0085":[{"pref":"高知県","city":"高岡郡四万十町","town":"根々崎"}],"0065":[{"pref":"高知県","city":"高岡郡四万十町","town":"野地"}],"0525":[{"pref":"高知県","city":"高岡郡四万十町","town":"野々川"}],"0047":[{"pref":"高知県","city":"高岡郡四万十町","town":"八千数"}],"0054":[{"pref":"高知県","city":"高岡郡四万十町","town":"飯ノ川"}],"0027":[{"pref":"高知県","city":"高岡郡四万十町","town":"東大奈路"}],"0084":[{"pref":"高知県","city":"高岡郡四万十町","town":"東川角"}],"0093":[{"pref":"高知県","city":"高岡郡四万十町","town":"東北ノ川"}],"0006":[{"pref":"高知県","city":"高岡郡四万十町","town":"東町"}],"0077":[{"pref":"高知県","city":"高岡郡四万十町","town":"桧生原"}],"0097":[{"pref":"高知県","city":"高岡郡四万十町","town":"日野地"}],"0026":[{"pref":"高知県","city":"高岡郡四万十町","town":"平串"}],"0051":[{"pref":"高知県","city":"高岡郡四万十町","town":"平野"}],"0324":[{"pref":"高知県","city":"高岡郡四万十町","town":"弘瀬"}],"0534":[{"pref":"高知県","city":"高岡郡四万十町","town":"広瀬"}],"0053":[{"pref":"高知県","city":"高岡郡四万十町","town":"弘見"}],"0001":[{"pref":"高知県","city":"高岡郡四万十町","town":"藤ノ川"}],"0007":[{"pref":"高知県","city":"高岡郡四万十町","town":"古市町"}],"0043":[{"pref":"高知県","city":"高岡郡四万十町","town":"本堂"}],"0005":[{"pref":"高知県","city":"高岡郡四万十町","town":"本町"}],"0002":[{"pref":"高知県","city":"高岡郡四万十町","town":"見付"}],"0074":[{"pref":"高知県","city":"高岡郡四万十町","town":"南川口"}],"0061":[{"pref":"高知県","city":"高岡郡四万十町","town":"峰ノ上"}],"0086":[{"pref":"高知県","city":"高岡郡四万十町","town":"宮内"}],"0024":[{"pref":"高知県","city":"高岡郡四万十町","town":"向川"}],"0308":[{"pref":"高知県","city":"高岡郡四万十町","town":"芳川"}],"0044":[{"pref":"高知県","city":"高岡郡四万十町","town":"与津地"}],"0095":[{"pref":"高知県","city":"高岡郡四万十町","town":"米奥"}],"0035":[{"pref":"高知県","city":"高岡郡四万十町","town":"六反地"}],"0068":[{"pref":"高知県","city":"高岡郡四万十町","town":"若井"}],"0062":[{"pref":"高知県","city":"高岡郡四万十町","town":"若井川"}]}