{"1100":[{"pref":"兵庫県","city":"加古郡稲美町","town":"以下に掲載がない場合"}],"1101":[{"pref":"兵庫県","city":"加古郡稲美町","town":"下草谷"}],"1102":[{"pref":"兵庫県","city":"加古郡稲美町","town":"草谷"}],"1103":[{"pref":"兵庫県","city":"加古郡稲美町","town":"野谷"}],"1104":[{"pref":"兵庫県","city":"加古郡稲美町","town":"野寺"}],"1105":[{"pref":"兵庫県","city":"加古郡稲美町","town":"加古"}],"1111":[{"pref":"兵庫県","city":"加古郡稲美町","town":"印南"}],"1112":[{"pref":"兵庫県","city":"加古郡稲美町","town":"六分一"}],"1113":[{"pref":"兵庫県","city":"加古郡稲美町","town":"岡"}],"1114":[{"pref":"兵庫県","city":"加古郡稲美町","town":"国安"}],"1115":[{"pref":"兵庫県","city":"加古郡稲美町","town":"国岡"}],"1116":[{"pref":"兵庫県","city":"加古郡稲美町","town":"蛸草"}],"1121":[{"pref":"兵庫県","city":"加古郡稲美町","town":"北山"}],"1122":[{"pref":"兵庫県","city":"加古郡稲美町","town":"中村"}],"1123":[{"pref":"兵庫県","city":"加古郡稲美町","town":"国北"}],"1124":[{"pref":"兵庫県","city":"加古郡稲美町","town":"森安"}],"1125":[{"pref":"兵庫県","city":"加古郡稲美町","town":"和田"}],"1126":[{"pref":"兵庫県","city":"加古郡稲美町","town":"幸竹"}],"1127":[{"pref":"兵庫県","city":"加古郡稲美町","town":"中一色"}],"1201":[{"pref":"兵庫県","city":"加古川市","town":"八幡町宗佐"}],"1202":[{"pref":"兵庫県","city":"加古川市","town":"八幡町野村"}],"1203":[{"pref":"兵庫県","city":"加古川市","town":"八幡町下村"}],"1204":[{"pref":"兵庫県","city":"加古川市","town":"八幡町上西条"}],"1205":[{"pref":"兵庫県","city":"加古川市","town":"八幡町中西条"}],"1206":[{"pref":"兵庫県","city":"加古川市","town":"八幡町船町"}],"1211":[{"pref":"兵庫県","city":"加古川市","town":"上荘町白沢"}],"1212":[{"pref":"兵庫県","city":"加古川市","town":"上荘町井ノ口"}],"1213":[{"pref":"兵庫県","city":"加古川市","town":"上荘町国包"}],"1214":[{"pref":"兵庫県","city":"加古川市","town":"上荘町見土呂"}],"1215":[{"pref":"兵庫県","city":"加古川市","town":"上荘町都台"}],"1216":[{"pref":"兵庫県","city":"加古川市","town":"上荘町都染"}],"1217":[{"pref":"兵庫県","city":"加古川市","town":"上荘町薬栗"}],"1218":[{"pref":"兵庫県","city":"加古川市","town":"上荘町小野"}],"1221":[{"pref":"兵庫県","city":"加古川市","town":"平荘町山角"}],"1222":[{"pref":"兵庫県","city":"加古川市","town":"平荘町神木"}],"1223":[{"pref":"兵庫県","city":"加古川市","town":"平荘町新中山"}],"1224":[{"pref":"兵庫県","city":"加古川市","town":"平荘町上原"}],"1225":[{"pref":"兵庫県","city":"加古川市","town":"平荘町中山"}],"1226":[{"pref":"兵庫県","city":"加古川市","town":"平荘町磐"}],"1231":[{"pref":"兵庫県","city":"加古川市","town":"平荘町養老"}],"1232":[{"pref":"兵庫県","city":"加古川市","town":"平荘町里"}],"1233":[{"pref":"兵庫県","city":"加古川市","town":"平荘町池尻"}],"1234":[{"pref":"兵庫県","city":"加古川市","town":"平荘町西山"}],"1235":[{"pref":"兵庫県","city":"加古川市","town":"平荘町小畑"}],"1236":[{"pref":"兵庫県","city":"加古川市","town":"平荘町一本松"}],"1300":[{"pref":"兵庫県","city":"小野市","town":"以下に掲載がない場合"}],"1301":[{"pref":"兵庫県","city":"小野市","town":"小田町"}],"1302":[{"pref":"兵庫県","city":"小野市","town":"曽根町"}],"1303":[{"pref":"兵庫県","city":"小野市","town":"池田町"}],"1304":[{"pref":"兵庫県","city":"小野市","town":"中谷町"}],"1305":[{"pref":"兵庫県","city":"小野市","town":"脇本町"}],"1306":[{"pref":"兵庫県","city":"小野市","town":"船木町"}],"1307":[{"pref":"兵庫県","city":"小野市","town":"菅田町"}],"1308":[{"pref":"兵庫県","city":"小野市","town":"中番町"}],"1309":[{"pref":"兵庫県","city":"小野市","town":"福住町"}],"1311":[{"pref":"兵庫県","city":"小野市","town":"万勝寺町"}],"1312":[{"pref":"兵庫県","city":"小野市","town":"栄町"}],"1313":[{"pref":"兵庫県","city":"小野市","town":"大開町"}],"1314":[{"pref":"兵庫県","city":"小野市","town":"長尾町"}],"1315":[{"pref":"兵庫県","city":"小野市","town":"日吉町"}],"1316":[{"pref":"兵庫県","city":"小野市","town":"天神町"}],"1317":[{"pref":"兵庫県","city":"小野市","town":"浄谷町"}],"1318":[{"pref":"兵庫県","city":"小野市","town":"北丘町"}],"1321":[{"pref":"兵庫県","city":"小野市","town":"山田町"}],"1322":[{"pref":"兵庫県","city":"小野市","town":"匠台"}],"1323":[{"pref":"兵庫県","city":"小野市","town":"榊町"}],"1324":[{"pref":"兵庫県","city":"小野市","town":"育ケ丘町"}],"1325":[{"pref":"兵庫県","city":"小野市","town":"樫山町"}],"1326":[{"pref":"兵庫県","city":"小野市","town":"池尻町"}],"1327":[{"pref":"兵庫県","city":"小野市","town":"市場町"}],"1328":[{"pref":"兵庫県","city":"小野市","town":"二葉町"}],"1331":[{"pref":"兵庫県","city":"小野市","town":"神明町"}],"1332":[{"pref":"兵庫県","city":"小野市","town":"中町"}],"1333":[{"pref":"兵庫県","city":"小野市","town":"垂井町"}],"1334":[{"pref":"兵庫県","city":"小野市","town":"大島町"}],"1335":[{"pref":"兵庫県","city":"小野市","town":"片山町"}],"1336":[{"pref":"兵庫県","city":"小野市","town":"下大部町"}],"1337":[{"pref":"兵庫県","city":"小野市","town":"久茂町"}],"1338":[{"pref":"兵庫県","city":"小野市","town":"田園町"}],"1341":[{"pref":"兵庫県","city":"小野市","town":"西脇町"}],"1342":[{"pref":"兵庫県","city":"小野市","town":"阿形町"}],"1343":[{"pref":"兵庫県","city":"小野市","town":"来住町"}],"1344":[{"pref":"兵庫県","city":"小野市","town":"下来住町"}],"1345":[{"pref":"兵庫県","city":"小野市","town":"黍田町"}],"1346":[{"pref":"兵庫県","city":"小野市","town":"福甸町"}],"1350":[{"pref":"兵庫県","city":"小野市","town":"南青野町"}],"1351":[{"pref":"兵庫県","city":"小野市","town":"桜台"}],"1352":[{"pref":"兵庫県","city":"小野市","town":"青野ケ原町"},{"pref":"兵庫県","city":"小野市","town":"西山町"},{"pref":"兵庫県","city":"小野市","town":"復井町"}],"1353":[{"pref":"兵庫県","city":"小野市","town":"河合中町"}],"1354":[{"pref":"兵庫県","city":"小野市","town":"河合西町"}],"1355":[{"pref":"兵庫県","city":"小野市","town":"新部町"}],"1356":[{"pref":"兵庫県","city":"小野市","town":"旭町"}],"1357":[{"pref":"兵庫県","city":"小野市","town":"三和町"}],"1358":[{"pref":"兵庫県","city":"小野市","town":"粟生町"}],"1359":[{"pref":"兵庫県","city":"小野市","town":"昭和町"}],"1360":[{"pref":"兵庫県","city":"小野市","town":"喜多町"}],"1361":[{"pref":"兵庫県","city":"小野市","town":"住吉町"}],"1362":[{"pref":"兵庫県","city":"小野市","town":"久保木町"},{"pref":"兵庫県","city":"小野市","town":"高山町"}],"1363":[{"pref":"兵庫県","city":"小野市","town":"古川町"}],"1364":[{"pref":"兵庫県","city":"小野市","town":"鹿野町"}],"1365":[{"pref":"兵庫県","city":"小野市","town":"広渡町"}],"1366":[{"pref":"兵庫県","city":"小野市","town":"中島町"}],"1367":[{"pref":"兵庫県","city":"小野市","town":"敷地町"}],"1368":[{"pref":"兵庫県","city":"小野市","town":"住永町"}],"1369":[{"pref":"兵庫県","city":"小野市","town":"高田町"}],"1371":[{"pref":"兵庫県","city":"小野市","town":"黒川町"}],"1372":[{"pref":"兵庫県","city":"小野市","town":"本町（その他）"}],"1373":[{"pref":"兵庫県","city":"小野市","town":"東本町"}],"1374":[{"pref":"兵庫県","city":"小野市","town":"本町（１丁目）"}],"1375":[{"pref":"兵庫県","city":"小野市","town":"西本町"}],"1376":[{"pref":"兵庫県","city":"小野市","town":"丸山町"}],"1377":[{"pref":"兵庫県","city":"小野市","town":"葉多町"}],"1378":[{"pref":"兵庫県","city":"小野市","town":"王子町"},{"pref":"兵庫県","city":"小野市","town":"上新町"}],"1379":[{"pref":"兵庫県","city":"小野市","town":"上本町"}],"2101":[{"pref":"兵庫県","city":"加西市","town":"繁昌町"}],"2102":[{"pref":"兵庫県","city":"加西市","town":"中野町"}],"2103":[{"pref":"兵庫県","city":"加西市","town":"鶉野町"}],"2104":[{"pref":"兵庫県","city":"加西市","town":"上宮木町"}],"2105":[{"pref":"兵庫県","city":"加西市","town":"下宮木町"}],"2111":[{"pref":"兵庫県","city":"加西市","town":"桑原田町"}],"2112":[{"pref":"兵庫県","city":"加西市","town":"栄町"}],"2113":[{"pref":"兵庫県","city":"加西市","town":"網引町"}],"2114":[{"pref":"兵庫県","city":"加西市","town":"田原町"}],"2201":[{"pref":"兵庫県","city":"加西市","town":"琵琶甲町"}],"2202":[{"pref":"兵庫県","city":"加西市","town":"野条町"}],"2203":[{"pref":"兵庫県","city":"加西市","town":"牛居町"}],"2204":[{"pref":"兵庫県","city":"加西市","town":"新生町"}],"2211":[{"pref":"兵庫県","city":"加西市","town":"野田町"}],"2212":[{"pref":"兵庫県","city":"加西市","town":"東笠原町"}],"2213":[{"pref":"兵庫県","city":"加西市","town":"西笠原町"}],"2221":[{"pref":"兵庫県","city":"加西市","town":"倉谷町"}],"2222":[{"pref":"兵庫県","city":"加西市","town":"坂本町"}],"2223":[{"pref":"兵庫県","city":"加西市","town":"三口町"}],"2231":[{"pref":"兵庫県","city":"加西市","town":"王子町"}],"2232":[{"pref":"兵庫県","city":"加西市","town":"戸田井町"}],"2233":[{"pref":"兵庫県","city":"加西市","town":"両月町"}],"2234":[{"pref":"兵庫県","city":"加西市","town":"大村町"}],"2241":[{"pref":"兵庫県","city":"加西市","town":"段下町"}],"2242":[{"pref":"兵庫県","city":"加西市","town":"尾崎町"}],"2243":[{"pref":"兵庫県","city":"加西市","town":"中西町"}],"2301":[{"pref":"兵庫県","city":"加西市","town":"北条町小谷"}],"2302":[{"pref":"兵庫県","city":"加西市","town":"北条町栗田"}],"2303":[{"pref":"兵庫県","city":"加西市","town":"北条町古坂"}],"2311":[{"pref":"兵庫県","city":"加西市","town":"北条町横尾"}],"2312":[{"pref":"兵庫県","city":"加西市","town":"北条町北条"}],"2313":[{"pref":"兵庫県","city":"加西市","town":"北条町黒駒"}],"2321":[{"pref":"兵庫県","city":"加西市","town":"北条町東高室"}],"2322":[{"pref":"兵庫県","city":"加西市","town":"北条町西高室"}],"2323":[{"pref":"兵庫県","city":"加西市","town":"北条町西南"}],"2324":[{"pref":"兵庫県","city":"加西市","town":"北条町東南"}],"2331":[{"pref":"兵庫県","city":"加西市","town":"東横田町"}],"2332":[{"pref":"兵庫県","city":"加西市","town":"鎮岩町"}],"2333":[{"pref":"兵庫県","city":"加西市","town":"岸呂町"}],"2334":[{"pref":"兵庫県","city":"加西市","town":"福住町"}],"2335":[{"pref":"兵庫県","city":"加西市","town":"西横田町"}],"2336":[{"pref":"兵庫県","city":"加西市","town":"坂元町"}],"2337":[{"pref":"兵庫県","city":"加西市","town":"市村町"}],"2341":[{"pref":"兵庫県","city":"加西市","town":"東長町"}],"2342":[{"pref":"兵庫県","city":"加西市","town":"西長町"}],"2343":[{"pref":"兵庫県","city":"加西市","town":"中山町"}],"2344":[{"pref":"兵庫県","city":"加西市","town":"大柳町"}],"2345":[{"pref":"兵庫県","city":"加西市","town":"西剣坂町"}],"2346":[{"pref":"兵庫県","city":"加西市","town":"東剣坂町"}],"2351":[{"pref":"兵庫県","city":"加西市","town":"福居町"}],"2352":[{"pref":"兵庫県","city":"加西市","town":"谷口町"}],"2353":[{"pref":"兵庫県","city":"加西市","town":"吉野町"}],"2354":[{"pref":"兵庫県","city":"加西市","town":"山下町"}],"2361":[{"pref":"兵庫県","city":"加西市","town":"谷町"}],"2362":[{"pref":"兵庫県","city":"加西市","town":"西上野町"}],"2363":[{"pref":"兵庫県","city":"加西市","town":"吸谷町"}],"2364":[{"pref":"兵庫県","city":"加西市","town":"窪田町"}],"2365":[{"pref":"兵庫県","city":"加西市","town":"畑町"}],"2366":[{"pref":"兵庫県","city":"加西市","town":"西谷町"}],"2401":[{"pref":"兵庫県","city":"加西市","town":"国正町"}],"2402":[{"pref":"兵庫県","city":"加西市","town":"田谷町"}],"2403":[{"pref":"兵庫県","city":"加西市","town":"小印南町"}],"2404":[{"pref":"兵庫県","city":"加西市","town":"油谷町"}],"2411":[{"pref":"兵庫県","city":"加西市","town":"大工町"}],"2412":[{"pref":"兵庫県","city":"加西市","town":"鍛治屋町"}],"2413":[{"pref":"兵庫県","city":"加西市","town":"青野町"}],"2414":[{"pref":"兵庫県","city":"加西市","town":"馬渡谷町"}],"2421":[{"pref":"兵庫県","city":"加西市","town":"河内町"}],"2422":[{"pref":"兵庫県","city":"加西市","town":"山田町"}],"2423":[{"pref":"兵庫県","city":"加西市","town":"和泉町"}],"2424":[{"pref":"兵庫県","city":"加西市","town":"野上町"}],"2425":[{"pref":"兵庫県","city":"加西市","town":"池上町"}],"2426":[{"pref":"兵庫県","city":"加西市","town":"西野々町"}],"2431":[{"pref":"兵庫県","city":"加西市","town":"島町"}],"2432":[{"pref":"兵庫県","city":"加西市","town":"満久町"}],"2433":[{"pref":"兵庫県","city":"加西市","town":"北町"}],"2434":[{"pref":"兵庫県","city":"加西市","town":"上野町"}],"2441":[{"pref":"兵庫県","city":"加西市","town":"越水町"}],"2442":[{"pref":"兵庫県","city":"加西市","town":"中富町"}],"2443":[{"pref":"兵庫県","city":"加西市","town":"笹倉町"}],"2444":[{"pref":"兵庫県","city":"加西市","town":"鴨谷町"}],"2445":[{"pref":"兵庫県","city":"加西市","town":"殿原町"}],"2451":[{"pref":"兵庫県","city":"加西市","town":"上万願寺町"}],"2452":[{"pref":"兵庫県","city":"加西市","town":"下万願寺町"}],"2453":[{"pref":"兵庫県","city":"加西市","town":"上道山町"}],"2454":[{"pref":"兵庫県","city":"加西市","town":"下道山町"}],"2455":[{"pref":"兵庫県","city":"加西市","town":"大内町"}],"2456":[{"pref":"兵庫県","city":"加西市","town":"若井町"}],"2461":[{"pref":"兵庫県","city":"加西市","town":"佐谷町"}],"2462":[{"pref":"兵庫県","city":"加西市","town":"別所町"}],"2463":[{"pref":"兵庫県","city":"加西市","town":"広原町"}],"2464":[{"pref":"兵庫県","city":"加西市","town":"下芥田町"}],"2465":[{"pref":"兵庫県","city":"加西市","town":"上芥田町"}],"0000":[{"pref":"兵庫県","city":"加古川市","town":"以下に掲載がない場合"},{"pref":"兵庫県","city":"加西市","town":"以下に掲載がない場合"}],"0026":[{"pref":"兵庫県","city":"加古川市","town":"尾上町旭"}],"0023":[{"pref":"兵庫県","city":"加古川市","town":"尾上町池田"}],"0027":[{"pref":"兵庫県","city":"加古川市","town":"尾上町今福"}],"0022":[{"pref":"兵庫県","city":"加古川市","town":"尾上町口里"}],"0024":[{"pref":"兵庫県","city":"加古川市","town":"尾上町長田"}],"0021":[{"pref":"兵庫県","city":"加古川市","town":"尾上町安田"}],"0025":[{"pref":"兵庫県","city":"加古川市","town":"尾上町養田"}],"0039":[{"pref":"兵庫県","city":"加古川市","town":"加古川町粟津"}],"0034":[{"pref":"兵庫県","city":"加古川市","town":"加古川町稲屋"}],"0061":[{"pref":"兵庫県","city":"加古川市","town":"加古川町大野"}],"0067":[{"pref":"兵庫県","city":"加古川市","town":"加古川町河原"}],"0031":[{"pref":"兵庫県","city":"加古川市","town":"加古川町北在家"}],"0038":[{"pref":"兵庫県","city":"加古川市","town":"加古川町木村"}],"0065":[{"pref":"兵庫県","city":"加古川市","town":"加古川町篠原町"}],"0066":[{"pref":"兵庫県","city":"加古川市","town":"加古川町寺家町"}],"0035":[{"pref":"兵庫県","city":"加古川市","town":"加古川町友沢"}],"0068":[{"pref":"兵庫県","city":"加古川市","town":"加古川町中津"}],"0036":[{"pref":"兵庫県","city":"加古川市","town":"加古川町西河原"}],"0063":[{"pref":"兵庫県","city":"加古川市","town":"加古川町平野"}],"0032":[{"pref":"兵庫県","city":"加古川市","town":"加古川町備後"}],"0037":[{"pref":"兵庫県","city":"加古川市","town":"加古川町本町"}],"0064":[{"pref":"兵庫県","city":"加古川市","town":"加古川町溝之口"}],"0033":[{"pref":"兵庫県","city":"加古川市","town":"加古川町南備後"}],"0062":[{"pref":"兵庫県","city":"加古川市","town":"加古川町美乃利"}],"0137":[{"pref":"兵庫県","city":"加古川市","town":"金沢町"}],"0005":[{"pref":"兵庫県","city":"加古川市","town":"神野町石守"}],"0003":[{"pref":"兵庫県","city":"加古川市","town":"神野町神野"}],"0009":[{"pref":"兵庫県","city":"加古川市","town":"神野町西条"}],"0007":[{"pref":"兵庫県","city":"加古川市","town":"神野町西之山"}],"0006":[{"pref":"兵庫県","city":"加古川市","town":"神野町日岡苑"}],"0004":[{"pref":"兵庫県","city":"加古川市","town":"神野町福留"}],"0001":[{"pref":"兵庫県","city":"加古川市","town":"西条山手"}],"0301":[{"pref":"兵庫県","city":"加古川市","town":"志方町大澤"}],"0305":[{"pref":"兵庫県","city":"加古川市","town":"志方町大宗"}],"0311":[{"pref":"兵庫県","city":"加古川市","town":"志方町岡"}],"0314":[{"pref":"兵庫県","city":"加古川市","town":"志方町上冨木"}],"0303":[{"pref":"兵庫県","city":"加古川市","town":"志方町細工所"}],"0321":[{"pref":"兵庫県","city":"加古川市","town":"志方町志方町"}],"0342":[{"pref":"兵庫県","city":"加古川市","town":"志方町雑郷"}],"0304":[{"pref":"兵庫県","city":"加古川市","town":"志方町高畑"}],"0347":[{"pref":"兵庫県","city":"加古川市","town":"志方町永室"}],"0334":[{"pref":"兵庫県","city":"加古川市","town":"志方町成井"}],"0345":[{"pref":"兵庫県","city":"加古川市","town":"志方町西飯坂"}],"0346":[{"pref":"兵庫県","city":"加古川市","town":"志方町西中"}],"0331":[{"pref":"兵庫県","city":"加古川市","town":"志方町西牧"}],"0333":[{"pref":"兵庫県","city":"加古川市","town":"志方町西山"}],"0313":[{"pref":"兵庫県","city":"加古川市","town":"志方町投松"}],"0302":[{"pref":"兵庫県","city":"加古川市","town":"志方町野尻"}],"0341":[{"pref":"兵庫県","city":"加古川市","town":"志方町畑"}],"0335":[{"pref":"兵庫県","city":"加古川市","town":"志方町原"}],"0344":[{"pref":"兵庫県","city":"加古川市","town":"志方町東飯坂"}],"0306":[{"pref":"兵庫県","city":"加古川市","town":"志方町東中"}],"0312":[{"pref":"兵庫県","city":"加古川市","town":"志方町広尾"}],"0336":[{"pref":"兵庫県","city":"加古川市","town":"志方町山中"}],"0343":[{"pref":"兵庫県","city":"加古川市","town":"志方町行常"}],"0332":[{"pref":"兵庫県","city":"加古川市","town":"志方町横大路"}],"0008":[{"pref":"兵庫県","city":"加古川市","town":"新神野"}],"0044":[{"pref":"兵庫県","city":"加古川市","town":"西神吉町大国"}],"0047":[{"pref":"兵庫県","city":"加古川市","town":"西神吉町鼎"}],"0045":[{"pref":"兵庫県","city":"加古川市","town":"西神吉町岸"}],"0046":[{"pref":"兵庫県","city":"加古川市","town":"西神吉町辻"}],"0043":[{"pref":"兵庫県","city":"加古川市","town":"西神吉町中西"}],"0042":[{"pref":"兵庫県","city":"加古川市","town":"西神吉町西村"}],"0041":[{"pref":"兵庫県","city":"加古川市","town":"西神吉町宮前"}],"0011":[{"pref":"兵庫県","city":"加古川市","town":"野口町北野"}],"0015":[{"pref":"兵庫県","city":"加古川市","town":"野口町坂井"}],"0018":[{"pref":"兵庫県","city":"加古川市","town":"野口町坂元"}],"0010":[{"pref":"兵庫県","city":"加古川市","town":"野口町坂元北"}],"0016":[{"pref":"兵庫県","city":"加古川市","town":"野口町長砂"}],"0012":[{"pref":"兵庫県","city":"加古川市","town":"野口町野口"}],"0013":[{"pref":"兵庫県","city":"加古川市","town":"野口町二屋"}],"0014":[{"pref":"兵庫県","city":"加古川市","town":"野口町古大内"}],"0019":[{"pref":"兵庫県","city":"加古川市","town":"野口町水足"}],"0017":[{"pref":"兵庫県","city":"加古川市","town":"野口町良野"}],"0058":[{"pref":"兵庫県","city":"加古川市","town":"東神吉町天下原"}],"0056":[{"pref":"兵庫県","city":"加古川市","town":"東神吉町砂部"}],"0057":[{"pref":"兵庫県","city":"加古川市","town":"東神吉町神吉"}],"0052":[{"pref":"兵庫県","city":"加古川市","town":"東神吉町出河原"}],"0055":[{"pref":"兵庫県","city":"加古川市","town":"東神吉町西井ノ口"}],"0051":[{"pref":"兵庫県","city":"加古川市","town":"東神吉町升田"}],"0115":[{"pref":"兵庫県","city":"加古川市","town":"平岡町一色"}],"0116":[{"pref":"兵庫県","city":"加古川市","town":"平岡町一色東"}],"0117":[{"pref":"兵庫県","city":"加古川市","town":"平岡町一色西"}],"0101":[{"pref":"兵庫県","city":"加古川市","town":"平岡町新在家"}],"0103":[{"pref":"兵庫県","city":"加古川市","town":"平岡町高畑"}],"0104":[{"pref":"兵庫県","city":"加古川市","town":"平岡町土山"}],"0105":[{"pref":"兵庫県","city":"加古川市","town":"平岡町つつじ野"}],"0113":[{"pref":"兵庫県","city":"加古川市","town":"平岡町中野"}],"0102":[{"pref":"兵庫県","city":"加古川市","town":"平岡町西谷"}],"0114":[{"pref":"兵庫県","city":"加古川市","town":"平岡町八反田"}],"0111":[{"pref":"兵庫県","city":"加古川市","town":"平岡町二俣"}],"0112":[{"pref":"兵庫県","city":"加古川市","town":"平岡町山之上"}],"0123":[{"pref":"兵庫県","city":"加古川市","town":"別府町朝日町"}],"0127":[{"pref":"兵庫県","city":"加古川市","town":"別府町石町"}],"0131":[{"pref":"兵庫県","city":"加古川市","town":"別府町新野辺"}],"0121":[{"pref":"兵庫県","city":"加古川市","town":"別府町新野辺北町"}],"0128":[{"pref":"兵庫県","city":"加古川市","town":"別府町中島町"}],"0133":[{"pref":"兵庫県","city":"加古川市","town":"別府町西町"}],"0125":[{"pref":"兵庫県","city":"加古川市","town":"別府町西脇"}],"0135":[{"pref":"兵庫県","city":"加古川市","town":"別府町東町"}],"0122":[{"pref":"兵庫県","city":"加古川市","town":"別府町別府"}],"0126":[{"pref":"兵庫県","city":"加古川市","town":"別府町本町"}],"0124":[{"pref":"兵庫県","city":"加古川市","town":"別府町緑町"}],"0136":[{"pref":"兵庫県","city":"加古川市","town":"別府町港町"}],"0132":[{"pref":"兵庫県","city":"加古川市","town":"別府町宮田町"}],"0134":[{"pref":"兵庫県","city":"加古川市","town":"別府町元町"}],"0002":[{"pref":"兵庫県","city":"加古川市","town":"山手"}],"0053":[{"pref":"兵庫県","city":"加古川市","town":"米田町船頭"}],"0054":[{"pref":"兵庫県","city":"加古川市","town":"米田町平津"}],"0100":[{"pref":"兵庫県","city":"加古郡播磨町","town":"以下に掲載がない場合"}],"0142":[{"pref":"兵庫県","city":"加古郡播磨町","town":"大中"}],"0157":[{"pref":"兵庫県","city":"加古郡播磨町","town":"上野添"}],"0158":[{"pref":"兵庫県","city":"加古郡播磨町","town":"北野添"}],"0148":[{"pref":"兵庫県","city":"加古郡播磨町","town":"北古田"}],"0144":[{"pref":"兵庫県","city":"加古郡播磨町","town":"北本荘"}],"0163":[{"pref":"兵庫県","city":"加古郡播磨町","town":"古宮"}],"0155":[{"pref":"兵庫県","city":"加古郡播磨町","town":"新島"}],"0160":[{"pref":"兵庫県","city":"加古郡播磨町","town":"西野添"}],"0151":[{"pref":"兵庫県","city":"加古郡播磨町","town":"野添"}],"0141":[{"pref":"兵庫県","city":"加古郡播磨町","town":"野添城"}],"0164":[{"pref":"兵庫県","city":"加古郡播磨町","town":"東新島"}],"0159":[{"pref":"兵庫県","city":"加古郡播磨町","town":"東野添"}],"0156":[{"pref":"兵庫県","city":"加古郡播磨町","town":"東本荘"}],"0162":[{"pref":"兵庫県","city":"加古郡播磨町","town":"二子"}],"0146":[{"pref":"兵庫県","city":"加古郡播磨町","town":"古田"}],"0154":[{"pref":"兵庫県","city":"加古郡播磨町","town":"本荘"}],"0147":[{"pref":"兵庫県","city":"加古郡播磨町","town":"南大中"}],"0150":[{"pref":"兵庫県","city":"加古郡播磨町","town":"南野添"}],"0143":[{"pref":"兵庫県","city":"加古郡播磨町","town":"宮北"}],"0145":[{"pref":"兵庫県","city":"加古郡播磨町","town":"宮西"}]}