{"0000":[{"pref":"愛知県","city":"知多市","town":"以下に掲載がない場合"}],"0058":[{"pref":"愛知県","city":"知多市","town":"上り戸"}],"0051":[{"pref":"愛知県","city":"知多市","town":"朝倉町"}],"0031":[{"pref":"愛知県","city":"知多市","town":"旭"}],"0005":[{"pref":"愛知県","city":"知多市","town":"阿原"}],"0004":[{"pref":"愛知県","city":"知多市","town":"伊賀坂"}],"0016":[{"pref":"愛知県","city":"知多市","town":"梅が丘"}],"0035":[{"pref":"愛知県","city":"知多市","town":"大草"}],"0067":[{"pref":"愛知県","city":"知多市","town":"大僧"}],"0021":[{"pref":"愛知県","city":"知多市","town":"岡田"}],"0062":[{"pref":"愛知県","city":"知多市","town":"岡田美里町"}],"0028":[{"pref":"愛知県","city":"知多市","town":"岡田緑が丘"}],"0032":[{"pref":"愛知県","city":"知多市","town":"金沢"}],"0033":[{"pref":"愛知県","city":"知多市","town":"神田"}],"0046":[{"pref":"愛知県","city":"知多市","town":"北浜町"}],"0044":[{"pref":"愛知県","city":"知多市","town":"旭桃台"}],"0034":[{"pref":"愛知県","city":"知多市","town":"旭南"}],"0006":[{"pref":"愛知県","city":"知多市","town":"三反田"}],"0053":[{"pref":"愛知県","city":"知多市","town":"清水が丘"}],"0069":[{"pref":"愛知県","city":"知多市","town":"新刀池"}],"0017":[{"pref":"愛知県","city":"知多市","town":"新知"}],"0064":[{"pref":"愛知県","city":"知多市","town":"新知台"}],"0066":[{"pref":"愛知県","city":"知多市","town":"新知西町"}],"0065":[{"pref":"愛知県","city":"知多市","town":"新知東町"}],"0059":[{"pref":"愛知県","city":"知多市","town":"新長根"}],"0027":[{"pref":"愛知県","city":"知多市","town":"新広見"}],"0036":[{"pref":"愛知県","city":"知多市","town":"新舞子"}],"0037":[{"pref":"愛知県","city":"知多市","town":"新舞子東町"}],"0015":[{"pref":"愛知県","city":"知多市","town":"佐布里"}],"0018":[{"pref":"愛知県","city":"知多市","town":"佐布里台"}],"0022":[{"pref":"愛知県","city":"知多市","town":"大興寺"}],"0012":[{"pref":"愛知県","city":"知多市","town":"巽が丘"}],"0054":[{"pref":"愛知県","city":"知多市","town":"つつじが丘"}],"0063":[{"pref":"愛知県","city":"知多市","town":"寺本新町"}],"0003":[{"pref":"愛知県","city":"知多市","town":"寺本台"}],"0042":[{"pref":"愛知県","city":"知多市","town":"長浦"}],"0068":[{"pref":"愛知県","city":"知多市","town":"中原"}],"0014":[{"pref":"愛知県","city":"知多市","town":"西巽が丘"}],"0055":[{"pref":"愛知県","city":"知多市","town":"にしの台"}],"0011":[{"pref":"愛知県","city":"知多市","town":"原"}],"0061":[{"pref":"愛知県","city":"知多市","town":"東大僧"}],"0041":[{"pref":"愛知県","city":"知多市","town":"日長"}],"0043":[{"pref":"愛知県","city":"知多市","town":"日長台"}],"0002":[{"pref":"愛知県","city":"知多市","town":"平野"}],"0057":[{"pref":"愛知県","city":"知多市","town":"吹込"}],"0047":[{"pref":"愛知県","city":"知多市","town":"緑町"}],"0024":[{"pref":"愛知県","city":"知多市","town":"南粕谷"}],"0026":[{"pref":"愛知県","city":"知多市","town":"南粕谷新海"}],"0023":[{"pref":"愛知県","city":"知多市","town":"南粕谷東坂"}],"0025":[{"pref":"愛知県","city":"知多市","town":"南粕谷本町"}],"0013":[{"pref":"愛知県","city":"知多市","town":"南巽が丘"}],"0056":[{"pref":"愛知県","city":"知多市","town":"南谷"}],"0045":[{"pref":"愛知県","city":"知多市","town":"南浜町"}],"0060":[{"pref":"愛知県","city":"知多市","town":"山屋敷"}],"0001":[{"pref":"愛知県","city":"知多市","town":"八幡"}],"0052":[{"pref":"愛知県","city":"知多市","town":"八幡新町"}]}