{"0000":[{"pref":"愛知県","city":"名古屋市南区","town":"以下に掲載がない場合"}],"0024":[{"pref":"愛知県","city":"名古屋市南区","town":"赤坪町"}],"0063":[{"pref":"愛知県","city":"名古屋市南区","town":"阿原町"}],"0831":[{"pref":"愛知県","city":"名古屋市南区","town":"荒浜町"}],"0075":[{"pref":"愛知県","city":"名古屋市南区","town":"石元町"}],"0015":[{"pref":"愛知県","city":"名古屋市南区","town":"岩戸町"}],"0862":[{"pref":"愛知県","city":"名古屋市南区","town":"内田橋"}],"0037":[{"pref":"愛知県","city":"名古屋市南区","town":"扇田町"}],"0048":[{"pref":"愛知県","city":"名古屋市南区","town":"大磯通"}],"0002":[{"pref":"愛知県","city":"名古屋市南区","town":"大堀町"}],"0035":[{"pref":"愛知県","city":"名古屋市南区","town":"貝塚町"}],"0007":[{"pref":"愛知県","city":"名古屋市南区","town":"駈上"}],"0051":[{"pref":"愛知県","city":"名古屋市南区","town":"笠寺町"}],"0034":[{"pref":"愛知県","city":"名古屋市南区","town":"春日野町"}],"0052":[{"pref":"愛知県","city":"名古屋市南区","town":"粕畠町"}],"0033":[{"pref":"愛知県","city":"名古屋市南区","town":"霞町"}],"0802":[{"pref":"愛知県","city":"名古屋市南区","town":"要町"}],"0837":[{"pref":"愛知県","city":"名古屋市南区","town":"加福町"}],"0836":[{"pref":"愛知県","city":"名古屋市南区","town":"加福本通"}],"0067":[{"pref":"愛知県","city":"名古屋市南区","town":"上浜町"}],"0824":[{"pref":"愛知県","city":"名古屋市南区","town":"神松町"}],"0845":[{"pref":"愛知県","city":"名古屋市南区","town":"観音町"}],"0012":[{"pref":"愛知県","city":"名古屋市南区","town":"菊住"}],"0049":[{"pref":"愛知県","city":"名古屋市南区","town":"北内町"}],"0827":[{"pref":"愛知県","city":"名古屋市南区","town":"北頭町"}],"0028":[{"pref":"愛知県","city":"名古屋市南区","town":"楠町"}],"0804":[{"pref":"愛知県","city":"名古屋市南区","town":"源兵衛町"}],"0834":[{"pref":"愛知県","city":"名古屋市南区","town":"港東通"}],"0851":[{"pref":"愛知県","city":"名古屋市南区","town":"五条町"}],"0044":[{"pref":"愛知県","city":"名古屋市南区","town":"柵下町"}],"0005":[{"pref":"愛知県","city":"名古屋市南区","town":"桜台"}],"0038":[{"pref":"愛知県","city":"名古屋市南区","town":"桜本町"}],"0866":[{"pref":"愛知県","city":"名古屋市南区","town":"三条"}],"0016":[{"pref":"愛知県","city":"名古屋市南区","town":"汐田町"}],"0078":[{"pref":"愛知県","city":"名古屋市南区","town":"塩屋町"}],"0854":[{"pref":"愛知県","city":"名古屋市南区","town":"七条町"}],"0815":[{"pref":"愛知県","city":"名古屋市南区","town":"柴田町"}],"0814":[{"pref":"愛知県","city":"名古屋市南区","town":"柴田本通"}],"0023":[{"pref":"愛知県","city":"名古屋市南区","town":"芝町"}],"0047":[{"pref":"愛知県","city":"名古屋市南区","town":"城下町"}],"0054":[{"pref":"愛知県","city":"名古屋市南区","town":"砂口町"}],"0852":[{"pref":"愛知県","city":"名古屋市南区","town":"泉楽通"}],"0042":[{"pref":"愛知県","city":"名古屋市南区","town":"曽池町"}],"0008":[{"pref":"愛知県","city":"名古屋市南区","town":"外山"}],"0811":[{"pref":"愛知県","city":"名古屋市南区","town":"大同町"}],"0031":[{"pref":"愛知県","city":"名古屋市南区","town":"鯛取通"}],"0819":[{"pref":"愛知県","city":"名古屋市南区","town":"滝春町"}],"0077":[{"pref":"愛知県","city":"名古屋市南区","town":"立脇町"}],"0801":[{"pref":"愛知県","city":"名古屋市南区","town":"丹後通"}],"0071":[{"pref":"愛知県","city":"名古屋市南区","town":"千竈通"}],"0843":[{"pref":"愛知県","city":"名古屋市南区","town":"忠次"}],"0825":[{"pref":"愛知県","city":"名古屋市南区","town":"堤起町"}],"0844":[{"pref":"愛知県","city":"名古屋市南区","town":"堤町"}],"0021":[{"pref":"愛知県","city":"名古屋市南区","town":"鶴里町"}],"0003":[{"pref":"愛知県","city":"名古屋市南区","town":"鶴田"}],"0807":[{"pref":"愛知県","city":"名古屋市南区","town":"鶴見通"}],"0013":[{"pref":"愛知県","city":"名古屋市南区","town":"寺崎町"}],"0072":[{"pref":"愛知県","city":"名古屋市南区","town":"寺部通"}],"0803":[{"pref":"愛知県","city":"名古屋市南区","town":"天白町"}],"0076":[{"pref":"愛知県","city":"名古屋市南区","town":"道全町"}],"0864":[{"pref":"愛知県","city":"名古屋市南区","town":"道徳北町"}],"0847":[{"pref":"愛知県","city":"名古屋市南区","town":"道徳新町"}],"0846":[{"pref":"愛知県","city":"名古屋市南区","town":"道徳通"}],"0842":[{"pref":"愛知県","city":"名古屋市南区","town":"戸部下"}],"0043":[{"pref":"愛知県","city":"名古屋市南区","town":"戸部町"}],"0841":[{"pref":"愛知県","city":"名古屋市南区","town":"豊田"}],"0855":[{"pref":"愛知県","city":"名古屋市南区","town":"豊田町"}],"0006":[{"pref":"愛知県","city":"名古屋市南区","town":"鳥栖"}],"0057":[{"pref":"愛知県","city":"名古屋市南区","town":"鳥山町"}],"0004":[{"pref":"愛知県","city":"名古屋市南区","town":"中江"}],"0826":[{"pref":"愛知県","city":"名古屋市南区","town":"中割町"}],"0066":[{"pref":"愛知県","city":"名古屋市南区","town":"鳴尾"}],"0813":[{"pref":"愛知県","city":"名古屋市南区","town":"鳴尾町（丹後江）"}],"0806":[{"pref":"愛知県","city":"名古屋市南区","town":"鳴浜町"}],"0856":[{"pref":"愛知県","city":"名古屋市南区","town":"南陽通"}],"0039":[{"pref":"愛知県","city":"名古屋市南区","town":"西桜町"}],"0073":[{"pref":"愛知県","city":"名古屋市南区","town":"西田町"}],"0835":[{"pref":"愛知県","city":"名古屋市南区","town":"西又兵ヱ町"}],"0025":[{"pref":"愛知県","city":"名古屋市南区","town":"白雲町"}],"0818":[{"pref":"愛知県","city":"名古屋市南区","town":"白水町"}],"0822":[{"pref":"愛知県","city":"名古屋市南区","town":"浜田町"}],"0832":[{"pref":"愛知県","city":"名古屋市南区","town":"浜中町"}],"0833":[{"pref":"愛知県","city":"名古屋市南区","town":"東又兵ヱ町"}],"0865":[{"pref":"愛知県","city":"名古屋市南区","town":"氷室町"}],"0001":[{"pref":"愛知県","city":"名古屋市南区","town":"平子"}],"0828":[{"pref":"愛知県","city":"名古屋市南区","town":"宝生町"}],"0064":[{"pref":"愛知県","city":"名古屋市南区","town":"星崎"}],"0812":[{"pref":"愛知県","city":"名古屋市南区","town":"星崎町"}],"0062":[{"pref":"愛知県","city":"名古屋市南区","town":"星崎町（阿原）"}],"0061":[{"pref":"愛知県","city":"名古屋市南区","town":"星崎町（殿海道）"}],"0069":[{"pref":"愛知県","city":"名古屋市南区","town":"星園町"}],"0055":[{"pref":"愛知県","city":"名古屋市南区","town":"星宮町"}],"0074":[{"pref":"愛知県","city":"名古屋市南区","town":"本地通"}],"0053":[{"pref":"愛知県","city":"名古屋市南区","town":"本城町"}],"0058":[{"pref":"愛知県","city":"名古屋市南区","town":"前浜通"}],"0046":[{"pref":"愛知県","city":"名古屋市南区","town":"松池町"}],"0808":[{"pref":"愛知県","city":"名古屋市南区","town":"松下町"}],"0045":[{"pref":"愛知県","city":"名古屋市南区","town":"松城町"}],"0068":[{"pref":"愛知県","city":"名古屋市南区","town":"南野"}],"0026":[{"pref":"愛知県","city":"名古屋市南区","town":"見晴町"}],"0022":[{"pref":"愛知県","city":"名古屋市南区","town":"明円町"}],"0805":[{"pref":"愛知県","city":"名古屋市南区","town":"三吉町"}],"0861":[{"pref":"愛知県","city":"名古屋市南区","town":"明治"}],"0032":[{"pref":"愛知県","city":"名古屋市南区","town":"元桜田町"}],"0823":[{"pref":"愛知県","city":"名古屋市南区","town":"元塩町"}],"0816":[{"pref":"愛知県","city":"名古屋市南区","town":"元柴田東町"}],"0817":[{"pref":"愛知県","city":"名古屋市南区","town":"元柴田西町"}],"0065":[{"pref":"愛知県","city":"名古屋市南区","town":"元鳴尾町"}],"0056":[{"pref":"愛知県","city":"名古屋市南区","town":"本星崎町"}],"0041":[{"pref":"愛知県","city":"名古屋市南区","town":"薬師通"}],"0821":[{"pref":"愛知県","city":"名古屋市南区","town":"弥次ヱ町"}],"0027":[{"pref":"愛知県","city":"名古屋市南区","town":"弥生町"}],"0863":[{"pref":"愛知県","city":"名古屋市南区","town":"豊"}],"0014":[{"pref":"愛知県","city":"名古屋市南区","town":"呼続"}],"0011":[{"pref":"愛知県","city":"名古屋市南区","town":"呼続元町"}],"0853":[{"pref":"愛知県","city":"名古屋市南区","town":"六条町"}],"0036":[{"pref":"愛知県","city":"名古屋市南区","town":"若草町"}]}