{"1100":[{"pref":"千葉県","city":"我孫子市","town":"以下に掲載がない場合"}],"1101":[{"pref":"千葉県","city":"我孫子市","town":"布佐"}],"1102":[{"pref":"千葉県","city":"我孫子市","town":"都"}],"1103":[{"pref":"千葉県","city":"我孫子市","town":"布佐酉町"}],"1104":[{"pref":"千葉県","city":"我孫子市","town":"新々田"}],"1105":[{"pref":"千葉県","city":"我孫子市","town":"三河屋新田"}],"1106":[{"pref":"千葉県","city":"我孫子市","town":"相島新田"}],"1107":[{"pref":"千葉県","city":"我孫子市","town":"布佐下新田"}],"1108":[{"pref":"千葉県","city":"我孫子市","town":"布佐平和台"}],"1111":[{"pref":"千葉県","city":"我孫子市","town":"古戸"}],"1112":[{"pref":"千葉県","city":"我孫子市","town":"新木"}],"1113":[{"pref":"千葉県","city":"我孫子市","town":"江蔵地"}],"1114":[{"pref":"千葉県","city":"我孫子市","town":"新木野"}],"1115":[{"pref":"千葉県","city":"我孫子市","town":"大作新田"}],"1116":[{"pref":"千葉県","city":"我孫子市","town":"浅間前新田"}],"1117":[{"pref":"千葉県","city":"我孫子市","town":"下沼田"}],"1118":[{"pref":"千葉県","city":"我孫子市","town":"新木村下"}],"1119":[{"pref":"千葉県","city":"我孫子市","town":"南新木"}],"1121":[{"pref":"千葉県","city":"我孫子市","town":"中峠"}],"1122":[{"pref":"千葉県","city":"我孫子市","town":"中里"}],"1123":[{"pref":"千葉県","city":"我孫子市","town":"日秀"}],"1124":[{"pref":"千葉県","city":"我孫子市","town":"日秀新田"}],"1125":[{"pref":"千葉県","city":"我孫子市","town":"中沼田"}],"1126":[{"pref":"千葉県","city":"我孫子市","town":"中里新田"}],"1127":[{"pref":"千葉県","city":"我孫子市","town":"中峠村下"}],"1128":[{"pref":"千葉県","city":"我孫子市","town":"中峠台"}],"1131":[{"pref":"千葉県","city":"我孫子市","town":"都部"}],"1132":[{"pref":"千葉県","city":"我孫子市","town":"湖北台"}],"1133":[{"pref":"千葉県","city":"我孫子市","town":"上沼田"}],"1134":[{"pref":"千葉県","city":"我孫子市","town":"都部村新田"}],"1135":[{"pref":"千葉県","city":"我孫子市","town":"都部新田"}],"1136":[{"pref":"千葉県","city":"我孫子市","town":"岡発戸新田"}],"1137":[{"pref":"千葉県","city":"我孫子市","town":"岡発戸"}],"1138":[{"pref":"千葉県","city":"我孫子市","town":"下ケ戸"}],"1141":[{"pref":"千葉県","city":"我孫子市","town":"栄"}],"1142":[{"pref":"千葉県","city":"我孫子市","town":"泉"}],"1143":[{"pref":"千葉県","city":"我孫子市","town":"天王台"}],"1144":[{"pref":"千葉県","city":"我孫子市","town":"東我孫子"}],"1145":[{"pref":"千葉県","city":"我孫子市","town":"高野山"}],"1146":[{"pref":"千葉県","city":"我孫子市","town":"高野山新田"}],"1147":[{"pref":"千葉県","city":"我孫子市","town":"若松"}],"1151":[{"pref":"千葉県","city":"我孫子市","town":"本町"}],"1152":[{"pref":"千葉県","city":"我孫子市","town":"寿"}],"1153":[{"pref":"千葉県","city":"我孫子市","town":"緑"}],"1154":[{"pref":"千葉県","city":"我孫子市","town":"白山"}],"1155":[{"pref":"千葉県","city":"我孫子市","town":"我孫子新田"}],"1156":[{"pref":"千葉県","city":"我孫子市","town":"根戸新田"}],"1157":[{"pref":"千葉県","city":"我孫子市","town":"呼塚新田"}],"1158":[{"pref":"千葉県","city":"我孫子市","town":"船戸"}],"1161":[{"pref":"千葉県","city":"我孫子市","town":"布施下"}],"1162":[{"pref":"千葉県","city":"我孫子市","town":"布施"}],"1163":[{"pref":"千葉県","city":"我孫子市","town":"久寺家"}],"1164":[{"pref":"千葉県","city":"我孫子市","town":"つくし野"}],"1165":[{"pref":"千葉県","city":"我孫子市","town":"並木"}],"1166":[{"pref":"千葉県","city":"我孫子市","town":"我孫子"}],"1167":[{"pref":"千葉県","city":"我孫子市","town":"台田"}],"1168":[{"pref":"千葉県","city":"我孫子市","town":"根戸"}],"1171":[{"pref":"千葉県","city":"我孫子市","town":"弁天下"}],"1172":[{"pref":"千葉県","city":"我孫子市","town":"北新田"}],"1173":[{"pref":"千葉県","city":"我孫子市","town":"青山"}],"1174":[{"pref":"千葉県","city":"我孫子市","town":"日の出"}],"1175":[{"pref":"千葉県","city":"我孫子市","town":"青山台"}],"1176":[{"pref":"千葉県","city":"我孫子市","town":"柴崎台"}],"1177":[{"pref":"千葉県","city":"我孫子市","town":"柴崎"}],"1178":[{"pref":"千葉県","city":"我孫子市","town":"南青山"}],"1300":[{"pref":"千葉県","city":"印西市","town":"以下に掲載がない場合"}],"1313":[{"pref":"千葉県","city":"印西市","town":"小林北"}],"1315":[{"pref":"千葉県","city":"印西市","town":"小林浅間"}],"1316":[{"pref":"千葉県","city":"印西市","town":"小林大門下"}],"1318":[{"pref":"千葉県","city":"印西市","town":"小林"}],"1321":[{"pref":"千葉県","city":"印西市","town":"相嶋"}],"1322":[{"pref":"千葉県","city":"印西市","town":"浅間前"}],"1323":[{"pref":"千葉県","city":"印西市","town":"木下東"}],"1324":[{"pref":"千葉県","city":"印西市","town":"平岡"}],"1325":[{"pref":"千葉県","city":"印西市","town":"竹袋"}],"1326":[{"pref":"千葉県","city":"印西市","town":"木下"}],"1327":[{"pref":"千葉県","city":"印西市","town":"大森"}],"1328":[{"pref":"千葉県","city":"印西市","town":"木下南"}],"1331":[{"pref":"千葉県","city":"印西市","town":"牧の原"}],"1332":[{"pref":"千葉県","city":"印西市","town":"別所"}],"1333":[{"pref":"千葉県","city":"印西市","town":"宗甫"}],"1334":[{"pref":"千葉県","city":"印西市","town":"西の原"}],"1335":[{"pref":"千葉県","city":"印西市","town":"原"}],"1336":[{"pref":"千葉県","city":"印西市","town":"東の原"}],"1337":[{"pref":"千葉県","city":"印西市","town":"草深"}],"1338":[{"pref":"千葉県","city":"印西市","town":"松崎台"}],"1339":[{"pref":"千葉県","city":"印西市","town":"牧の台"}],"1340":[{"pref":"千葉県","city":"印西市","town":"中央南"}],"1341":[{"pref":"千葉県","city":"印西市","town":"原山"}],"1342":[{"pref":"千葉県","city":"印西市","town":"高花"}],"1343":[{"pref":"千葉県","city":"印西市","town":"結縁寺"}],"1344":[{"pref":"千葉県","city":"印西市","town":"松崎"}],"1345":[{"pref":"千葉県","city":"印西市","town":"船尾"}],"1346":[{"pref":"千葉県","city":"印西市","town":"多々羅田"}],"1347":[{"pref":"千葉県","city":"印西市","town":"内野"}],"1348":[{"pref":"千葉県","city":"印西市","town":"戸神"}],"1349":[{"pref":"千葉県","city":"印西市","town":"戸神台"}],"1350":[{"pref":"千葉県","city":"印西市","town":"中央北"}],"1351":[{"pref":"千葉県","city":"印西市","town":"和泉"}],"1352":[{"pref":"千葉県","city":"印西市","town":"大塚"}],"1353":[{"pref":"千葉県","city":"印西市","town":"泉"}],"1354":[{"pref":"千葉県","city":"印西市","town":"武西"}],"1355":[{"pref":"千葉県","city":"印西市","town":"武西学園台"}],"1356":[{"pref":"千葉県","city":"印西市","town":"小倉台"}],"1357":[{"pref":"千葉県","city":"印西市","town":"牧の木戸"}],"1358":[{"pref":"千葉県","city":"印西市","town":"小倉"}],"1359":[{"pref":"千葉県","city":"印西市","town":"木刈"}],"1360":[{"pref":"千葉県","city":"印西市","town":"泉野"}],"1361":[{"pref":"千葉県","city":"印西市","town":"発作"}],"1362":[{"pref":"千葉県","city":"印西市","town":"亀成"}],"1363":[{"pref":"千葉県","city":"印西市","town":"鹿黒"}],"1364":[{"pref":"千葉県","city":"印西市","town":"浦幡新田"}],"1365":[{"pref":"千葉県","city":"印西市","town":"高西新田"}],"1366":[{"pref":"千葉県","city":"印西市","town":"白幡"}],"1367":[{"pref":"千葉県","city":"印西市","town":"浦部"}],"1368":[{"pref":"千葉県","city":"印西市","town":"浦部村新田"}],"1369":[{"pref":"千葉県","city":"印西市","town":"鹿黒南"}],"1400":[{"pref":"千葉県","city":"白井市","town":"以下に掲載がない場合"}],"1401":[{"pref":"千葉県","city":"白井市","town":"今井"}],"1402":[{"pref":"千葉県","city":"白井市","town":"平塚"}],"1403":[{"pref":"千葉県","city":"白井市","town":"河原子"}],"1404":[{"pref":"千葉県","city":"白井市","town":"折立"}],"1405":[{"pref":"千葉県","city":"白井市","town":"富塚"}],"1406":[{"pref":"千葉県","city":"白井市","town":"中"}],"1407":[{"pref":"千葉県","city":"白井市","town":"名内"}],"1408":[{"pref":"千葉県","city":"白井市","town":"西白井"}],"1411":[{"pref":"千葉県","city":"白井市","town":"十余一"}],"1412":[{"pref":"千葉県","city":"白井市","town":"桜台"}],"1413":[{"pref":"千葉県","city":"白井市","town":"武西"}],"1414":[{"pref":"千葉県","city":"白井市","town":"谷田"}],"1415":[{"pref":"千葉県","city":"白井市","town":"清戸"}],"1416":[{"pref":"千葉県","city":"白井市","town":"神々廻"}],"1421":[{"pref":"千葉県","city":"白井市","town":"白井"}],"1422":[{"pref":"千葉県","city":"白井市","town":"復"}],"1423":[{"pref":"千葉県","city":"白井市","town":"南山"}],"1424":[{"pref":"千葉県","city":"白井市","town":"堀込"}],"1425":[{"pref":"千葉県","city":"白井市","town":"池の上"}],"1426":[{"pref":"千葉県","city":"白井市","town":"笹塚"}],"1431":[{"pref":"千葉県","city":"白井市","town":"根"}],"1432":[{"pref":"千葉県","city":"白井市","town":"冨士"}],"1433":[{"pref":"千葉県","city":"白井市","town":"けやき台"}],"1434":[{"pref":"千葉県","city":"白井市","town":"大山口"}],"1435":[{"pref":"千葉県","city":"白井市","town":"清水口"}],"1436":[{"pref":"千葉県","city":"白井市","town":"七次台"}],"1437":[{"pref":"千葉県","city":"白井市","town":"木"}],"1438":[{"pref":"千葉県","city":"白井市","town":"野口"}],"1439":[{"pref":"千葉県","city":"白井市","town":"大松"}],"1441":[{"pref":"千葉県","city":"柏市","town":"鷲野谷新田"}],"1442":[{"pref":"千葉県","city":"柏市","town":"染井入新田"}],"1443":[{"pref":"千葉県","city":"柏市","town":"鷲野谷"}],"1444":[{"pref":"千葉県","city":"柏市","town":"若白毛"}],"1445":[{"pref":"千葉県","city":"柏市","town":"岩井"}],"1446":[{"pref":"千葉県","city":"柏市","town":"岩井村新田"}],"1447":[{"pref":"千葉県","city":"柏市","town":"手賀の杜"}],"1451":[{"pref":"千葉県","city":"柏市","town":"曙橋"}],"1452":[{"pref":"千葉県","city":"柏市","town":"片山新田"}],"1453":[{"pref":"千葉県","city":"柏市","town":"片山"}],"1454":[{"pref":"千葉県","city":"柏市","town":"柳戸"}],"1455":[{"pref":"千葉県","city":"柏市","town":"金山"}],"1456":[{"pref":"千葉県","city":"柏市","town":"泉"}],"1457":[{"pref":"千葉県","city":"柏市","town":"泉村新田"}],"1461":[{"pref":"千葉県","city":"柏市","town":"水道橋"}],"1462":[{"pref":"千葉県","city":"柏市","town":"千間橋"}],"1463":[{"pref":"千葉県","city":"柏市","town":"布瀬新田"}],"1464":[{"pref":"千葉県","city":"柏市","town":"布瀬"}],"1465":[{"pref":"千葉県","city":"柏市","town":"手賀"}],"1466":[{"pref":"千葉県","city":"柏市","town":"手賀新田"}],"1471":[{"pref":"千葉県","city":"船橋市","town":"小室町"}],"1500":[{"pref":"千葉県","city":"印旛郡栄町","town":"以下に掲載がない場合"}],"1501":[{"pref":"千葉県","city":"印旛郡栄町","town":"矢口神明"}],"1502":[{"pref":"千葉県","city":"印旛郡栄町","town":"矢口"}],"1503":[{"pref":"千葉県","city":"印旛郡栄町","town":"興津"}],"1504":[{"pref":"千葉県","city":"印旛郡栄町","town":"麻生"}],"1505":[{"pref":"千葉県","city":"印旛郡栄町","town":"竜角寺台"}],"1506":[{"pref":"千葉県","city":"印旛郡栄町","town":"龍角寺"}],"1511":[{"pref":"千葉県","city":"印旛郡栄町","town":"北辺田"}],"1512":[{"pref":"千葉県","city":"印旛郡栄町","town":"須賀"}],"1513":[{"pref":"千葉県","city":"印旛郡栄町","town":"酒直"}],"1514":[{"pref":"千葉県","city":"印旛郡栄町","town":"酒直台"}],"1515":[{"pref":"千葉県","city":"印旛郡栄町","town":"安食台"}],"1516":[{"pref":"千葉県","city":"印旛郡栄町","town":"安食"}],"1517":[{"pref":"千葉県","city":"印旛郡栄町","town":"安食卜杭新田"}],"1521":[{"pref":"千葉県","city":"印旛郡栄町","town":"和田"}],"1522":[{"pref":"千葉県","city":"印旛郡栄町","town":"布鎌酒直"}],"1523":[{"pref":"千葉県","city":"印旛郡栄町","town":"脇川"}],"1524":[{"pref":"千葉県","city":"印旛郡栄町","town":"長門谷"}],"1525":[{"pref":"千葉県","city":"印旛郡栄町","town":"四箇"}],"1526":[{"pref":"千葉県","city":"印旛郡栄町","town":"大森"}],"1527":[{"pref":"千葉県","city":"印旛郡栄町","town":"押付"}],"1531":[{"pref":"千葉県","city":"印旛郡栄町","town":"曽根"}],"1532":[{"pref":"千葉県","city":"印旛郡栄町","town":"南"}],"1533":[{"pref":"千葉県","city":"印旛郡栄町","town":"南ケ丘"}],"1534":[{"pref":"千葉県","city":"印旛郡栄町","town":"西"}],"1535":[{"pref":"千葉県","city":"印旛郡栄町","town":"布太"}],"1536":[{"pref":"千葉県","city":"印旛郡栄町","town":"三和"}],"1541":[{"pref":"千葉県","city":"印旛郡栄町","town":"龍ケ崎町歩"}],"1542":[{"pref":"千葉県","city":"印旛郡栄町","town":"四ッ谷"}],"1543":[{"pref":"千葉県","city":"印旛郡栄町","town":"請方"}],"1544":[{"pref":"千葉県","city":"印旛郡栄町","town":"中谷"}],"1545":[{"pref":"千葉県","city":"印旛郡栄町","town":"北"}],"1546":[{"pref":"千葉県","city":"印旛郡栄町","town":"生板鍋子新田"}],"1601":[{"pref":"千葉県","city":"印西市","town":"萩原"}],"1602":[{"pref":"千葉県","city":"印西市","town":"松虫"}],"1603":[{"pref":"千葉県","city":"印西市","town":"吉高"}],"1604":[{"pref":"千葉県","city":"印西市","town":"山田"}],"1605":[{"pref":"千葉県","city":"印西市","town":"平賀"}],"1606":[{"pref":"千葉県","city":"印西市","town":"平賀学園台"}],"1607":[{"pref":"千葉県","city":"印西市","town":"美瀬"}],"1608":[{"pref":"千葉県","city":"印西市","town":"舞姫"}],"1609":[{"pref":"千葉県","city":"印西市","town":"若萩"}],"1611":[{"pref":"千葉県","city":"印西市","town":"造谷"}],"1612":[{"pref":"千葉県","city":"印西市","town":"大廻"}],"1613":[{"pref":"千葉県","city":"印西市","town":"鎌苅"}],"1614":[{"pref":"千葉県","city":"印西市","town":"瀬戸"}],"1615":[{"pref":"千葉県","city":"印西市","town":"師戸"}],"1616":[{"pref":"千葉県","city":"印西市","town":"岩戸"}],"1617":[{"pref":"千葉県","city":"印西市","town":"吉田"}],"1618":[{"pref":"千葉県","city":"印西市","town":"つくりや台"}],"2201":[{"pref":"千葉県","city":"松戸市","town":"高柳新田"}],"2202":[{"pref":"千葉県","city":"松戸市","town":"高柳"}],"2203":[{"pref":"千葉県","city":"松戸市","town":"六高台"}],"2204":[{"pref":"千葉県","city":"松戸市","town":"六実"}],"2205":[{"pref":"千葉県","city":"松戸市","town":"六高台西"}],"2211":[{"pref":"千葉県","city":"松戸市","town":"五香六実"}],"2212":[{"pref":"千葉県","city":"松戸市","town":"五香南"}],"2213":[{"pref":"千葉県","city":"松戸市","town":"五香"}],"2214":[{"pref":"千葉県","city":"松戸市","town":"松飛台"}],"2215":[{"pref":"千葉県","city":"松戸市","town":"串崎南町"}],"2216":[{"pref":"千葉県","city":"松戸市","town":"串崎新田"}],"2217":[{"pref":"千葉県","city":"松戸市","town":"初富飛地"}],"2218":[{"pref":"千葉県","city":"松戸市","town":"五香西"}],"2221":[{"pref":"千葉県","city":"松戸市","town":"紙敷"}],"2222":[{"pref":"千葉県","city":"松戸市","town":"高塚新田"}],"2223":[{"pref":"千葉県","city":"松戸市","town":"秋山"}],"2224":[{"pref":"千葉県","city":"松戸市","town":"大橋"}],"2225":[{"pref":"千葉県","city":"松戸市","town":"東松戸"}],"2231":[{"pref":"千葉県","city":"松戸市","town":"稔台"}],"2232":[{"pref":"千葉県","city":"松戸市","town":"和名ケ谷"}],"2241":[{"pref":"千葉県","city":"松戸市","town":"松戸新田"}],"2242":[{"pref":"千葉県","city":"松戸市","town":"仲井町"}],"2243":[{"pref":"千葉県","city":"松戸市","town":"野菊野"}],"2251":[{"pref":"千葉県","city":"松戸市","town":"金ケ作"}],"2252":[{"pref":"千葉県","city":"松戸市","town":"千駄堀"}],"2253":[{"pref":"千葉県","city":"松戸市","town":"日暮"}],"2254":[{"pref":"千葉県","city":"松戸市","town":"河原塚"}],"2255":[{"pref":"千葉県","city":"松戸市","town":"田中新田"}],"2261":[{"pref":"千葉県","city":"松戸市","town":"常盤平"}],"2262":[{"pref":"千葉県","city":"松戸市","town":"常盤平双葉町"}],"2263":[{"pref":"千葉県","city":"松戸市","town":"常盤平柳町"}],"2264":[{"pref":"千葉県","city":"松戸市","town":"常盤平松葉町"}],"2265":[{"pref":"千葉県","city":"松戸市","town":"常盤平陣屋前"}],"2266":[{"pref":"千葉県","city":"松戸市","town":"常盤平西窪町"}],"2267":[{"pref":"千葉県","city":"松戸市","town":"牧の原"}],"2301":[{"pref":"千葉県","city":"印西市","town":"将監"}],"2302":[{"pref":"千葉県","city":"印西市","town":"安食卜杭"}],"2303":[{"pref":"千葉県","city":"印西市","town":"酒直卜杭"}],"2304":[{"pref":"千葉県","city":"印西市","town":"甚兵衛"}],"2305":[{"pref":"千葉県","city":"印西市","town":"佐野屋"}],"2306":[{"pref":"千葉県","city":"印西市","town":"中田切"}],"2307":[{"pref":"千葉県","city":"印西市","town":"松木"}],"2308":[{"pref":"千葉県","city":"印西市","town":"本埜小林"}],"2311":[{"pref":"千葉県","city":"印西市","town":"萩埜"}],"2312":[{"pref":"千葉県","city":"印西市","town":"長門屋"}],"2313":[{"pref":"千葉県","city":"印西市","town":"下井"}],"2314":[{"pref":"千葉県","city":"印西市","town":"桜野"}],"2315":[{"pref":"千葉県","city":"印西市","town":"中"}],"2316":[{"pref":"千葉県","city":"印西市","town":"行徳"}],"2317":[{"pref":"千葉県","city":"印西市","town":"下曽根"}],"2318":[{"pref":"千葉県","city":"印西市","town":"押付"}],"2319":[{"pref":"千葉県","city":"印西市","town":"川向"}],"2321":[{"pref":"千葉県","city":"印西市","town":"物木"}],"2322":[{"pref":"千葉県","city":"印西市","town":"笠神"}],"2323":[{"pref":"千葉県","city":"印西市","town":"和泉屋"}],"2324":[{"pref":"千葉県","city":"印西市","town":"中根"}],"2325":[{"pref":"千葉県","city":"印西市","town":"角田"}],"2326":[{"pref":"千葉県","city":"印西市","town":"荒野"}],"2327":[{"pref":"千葉県","city":"印西市","town":"竜腹寺"}],"2328":[{"pref":"千葉県","city":"印西市","town":"滝"}],"2329":[{"pref":"千葉県","city":"印西市","town":"滝野"}],"2331":[{"pref":"千葉県","city":"印西市","town":"みどり台"}],"0000":[{"pref":"千葉県","city":"松戸市","town":"以下に掲載がない場合"}],"0006":[{"pref":"千葉県","city":"松戸市","town":"大金平"}],"0005":[{"pref":"千葉県","city":"松戸市","town":"大谷口"}],"0036":[{"pref":"千葉県","city":"松戸市","town":"大谷口新田"}],"0018":[{"pref":"千葉県","city":"松戸市","town":"上総内"}],"0012":[{"pref":"千葉県","city":"松戸市","town":"久保平賀"}],"0022":[{"pref":"千葉県","city":"松戸市","town":"栗ケ沢"}],"0001":[{"pref":"千葉県","city":"松戸市","town":"幸田"}],"0017":[{"pref":"千葉県","city":"松戸市","town":"幸谷"}],"0014":[{"pref":"千葉県","city":"松戸市","town":"小金"}],"0015":[{"pref":"千葉県","city":"松戸市","town":"小金上総町"}],"0013":[{"pref":"千葉県","city":"松戸市","town":"小金きよしケ丘"}],"0016":[{"pref":"千葉県","city":"松戸市","town":"小金清志町"}],"0021":[{"pref":"千葉県","city":"松戸市","town":"小金原"}],"0034":[{"pref":"千葉県","city":"松戸市","town":"新松戸"}],"0033":[{"pref":"千葉県","city":"松戸市","town":"新松戸東"}],"0035":[{"pref":"千葉県","city":"松戸市","town":"新松戸南"}],"0032":[{"pref":"千葉県","city":"松戸市","town":"新松戸北"}],"0004":[{"pref":"千葉県","city":"松戸市","town":"殿平賀"}],"0007":[{"pref":"千葉県","city":"松戸市","town":"中金杉"}],"0025":[{"pref":"千葉県","city":"松戸市","town":"中和倉"}],"0011":[{"pref":"千葉県","city":"松戸市","town":"根木内"}],"0023":[{"pref":"千葉県","city":"松戸市","town":"八ケ崎"}],"0024":[{"pref":"千葉県","city":"松戸市","town":"八ケ崎緑町"}],"0003":[{"pref":"千葉県","city":"松戸市","town":"東平賀"}],"0002":[{"pref":"千葉県","city":"松戸市","town":"平賀"}],"0027":[{"pref":"千葉県","city":"松戸市","town":"二ツ木"}],"0028":[{"pref":"千葉県","city":"松戸市","town":"二ツ木二葉町"}],"0026":[{"pref":"千葉県","city":"松戸市","town":"三ケ月"}],"0031":[{"pref":"千葉県","city":"松戸市","town":"横須賀"}],"0239":[{"pref":"千葉県","city":"野田市","town":"泉"}],"0223":[{"pref":"千葉県","city":"野田市","town":"岡田"}],"0235":[{"pref":"千葉県","city":"野田市","town":"尾崎"}],"0238":[{"pref":"千葉県","city":"野田市","town":"尾崎台"}],"0227":[{"pref":"千葉県","city":"野田市","town":"親野井"}],"0231":[{"pref":"千葉県","city":"野田市","town":"小山"}],"0214":[{"pref":"千葉県","city":"野田市","town":"柏寺"}],"0222":[{"pref":"千葉県","city":"野田市","town":"木間ケ瀬"}],"0213":[{"pref":"千葉県","city":"野田市","town":"桐ケ作"}],"0221":[{"pref":"千葉県","city":"野田市","town":"古布内"}],"0204":[{"pref":"千葉県","city":"野田市","town":"関宿内町"}],"0205":[{"pref":"千葉県","city":"野田市","town":"関宿江戸町"}],"0201":[{"pref":"千葉県","city":"野田市","town":"関宿三軒家"}],"0202":[{"pref":"千葉県","city":"野田市","town":"関宿台町"}],"0203":[{"pref":"千葉県","city":"野田市","town":"関宿元町"}],"0206":[{"pref":"千葉県","city":"野田市","town":"関宿町"}],"0237":[{"pref":"千葉県","city":"野田市","town":"中里"}],"0215":[{"pref":"千葉県","city":"野田市","town":"中戸"}],"0229":[{"pref":"千葉県","city":"野田市","town":"なみき"}],"0228":[{"pref":"千葉県","city":"野田市","town":"次木"}],"0216":[{"pref":"千葉県","city":"野田市","town":"西高野"}],"0212":[{"pref":"千葉県","city":"野田市","town":"新田戸"}],"0217":[{"pref":"千葉県","city":"野田市","town":"はやま"}],"0236":[{"pref":"千葉県","city":"野田市","town":"東金野井"}],"0211":[{"pref":"千葉県","city":"野田市","town":"東高野"}],"0226":[{"pref":"千葉県","city":"野田市","town":"東宝珠花"}],"0234":[{"pref":"千葉県","city":"野田市","town":"日の出町"}],"0225":[{"pref":"千葉県","city":"野田市","town":"平井"}],"0233":[{"pref":"千葉県","city":"野田市","town":"船形"}],"0224":[{"pref":"千葉県","city":"野田市","town":"丸井"}],"0232":[{"pref":"千葉県","city":"野田市","town":"莚打"}],"0100":[{"pref":"千葉県","city":"流山市","town":"以下に掲載がない場合"}],"0112":[{"pref":"千葉県","city":"流山市","town":"青田"}],"0137":[{"pref":"千葉県","city":"流山市","town":"市野谷"}],"0151":[{"pref":"千葉県","city":"流山市","town":"後平井"}],"0111":[{"pref":"千葉県","city":"流山市","town":"江戸川台東"}],"0115":[{"pref":"千葉県","city":"流山市","town":"江戸川台西"}],"0122":[{"pref":"千葉県","city":"流山市","town":"大畔"}],"0119":[{"pref":"千葉県","city":"流山市","town":"おおたかの森北"}],"0128":[{"pref":"千葉県","city":"流山市","town":"おおたかの森西"}],"0138":[{"pref":"千葉県","city":"流山市","town":"おおたかの森東"}],"0139":[{"pref":"千葉県","city":"流山市","town":"おおたかの森南"}],"0154":[{"pref":"千葉県","city":"流山市","town":"思井"}],"0176":[{"pref":"千葉県","city":"流山市","town":"加"}],"0171":[{"pref":"千葉県","city":"流山市","town":"上貝塚"}],"0125":[{"pref":"千葉県","city":"流山市","town":"上新宿"}],"0126":[{"pref":"千葉県","city":"流山市","town":"上新宿新田"}],"0162":[{"pref":"千葉県","city":"流山市","town":"木"}],"0117":[{"pref":"千葉県","city":"流山市","town":"北"}],"0172":[{"pref":"千葉県","city":"流山市","town":"桐ケ谷"}],"0102":[{"pref":"千葉県","city":"流山市","town":"こうのす台"}],"0132":[{"pref":"千葉県","city":"流山市","town":"駒木"}],"0113":[{"pref":"千葉県","city":"流山市","town":"駒木台"}],"0118":[{"pref":"千葉県","city":"流山市","town":"小屋"}],"0146":[{"pref":"千葉県","city":"流山市","town":"芝崎"}],"0174":[{"pref":"千葉県","city":"流山市","town":"下花輪"}],"0133":[{"pref":"千葉県","city":"流山市","town":"十太夫"}],"0173":[{"pref":"千葉県","city":"流山市","town":"谷"}],"0153":[{"pref":"千葉県","city":"流山市","town":"中"}],"0116":[{"pref":"千葉県","city":"流山市","town":"中野久木"}],"0134":[{"pref":"千葉県","city":"流山市","town":"長崎"}],"0164":[{"pref":"千葉県","city":"流山市","town":"流山"}],"0145":[{"pref":"千葉県","city":"流山市","town":"名都借"}],"0121":[{"pref":"千葉県","city":"流山市","town":"西初石"}],"0156":[{"pref":"千葉県","city":"流山市","town":"西平井"}],"0107":[{"pref":"千葉県","city":"流山市","town":"西深井"}],"0142":[{"pref":"千葉県","city":"流山市","town":"西松ケ丘"}],"0135":[{"pref":"千葉県","city":"流山市","town":"野々下"}],"0114":[{"pref":"千葉県","city":"流山市","town":"東初石"}],"0101":[{"pref":"千葉県","city":"流山市","town":"東深井"}],"0105":[{"pref":"千葉県","city":"流山市","town":"平方"}],"0106":[{"pref":"千葉県","city":"流山市","town":"平方村新田"}],"0161":[{"pref":"千葉県","city":"流山市","town":"鰭ケ崎"}],"0108":[{"pref":"千葉県","city":"流山市","town":"深井新田"}],"0127":[{"pref":"千葉県","city":"流山市","town":"富士見台"}],"0136":[{"pref":"千葉県","city":"流山市","town":"古間木"}],"0157":[{"pref":"千葉県","city":"流山市","town":"平和台"}],"0144":[{"pref":"千葉県","city":"流山市","town":"前ケ崎"}],"0152":[{"pref":"千葉県","city":"流山市","town":"前平井"}],"0141":[{"pref":"千葉県","city":"流山市","town":"松ケ丘"}],"0131":[{"pref":"千葉県","city":"流山市","town":"美田"}],"0124":[{"pref":"千葉県","city":"流山市","town":"南"}],"0163":[{"pref":"千葉県","city":"流山市","town":"南流山"}],"0103":[{"pref":"千葉県","city":"流山市","town":"美原"}],"0155":[{"pref":"千葉県","city":"流山市","town":"宮園"}],"0175":[{"pref":"千葉県","city":"流山市","town":"三輪野山"}],"0143":[{"pref":"千葉県","city":"流山市","town":"向小金"}],"0123":[{"pref":"千葉県","city":"流山市","town":"若葉台"}]}