{"6001":[{"pref":"東京都","city":"中央区","town":"晴海オフィスタワーＸ（１階）"}],"6002":[{"pref":"東京都","city":"中央区","town":"晴海オフィスタワーＸ（２階）"}],"6003":[{"pref":"東京都","city":"中央区","town":"晴海オフィスタワーＸ（３階）"}],"6004":[{"pref":"東京都","city":"中央区","town":"晴海オフィスタワーＸ（４階）"}],"6005":[{"pref":"東京都","city":"中央区","town":"晴海オフィスタワーＸ（５階）"}],"6006":[{"pref":"東京都","city":"中央区","town":"晴海オフィスタワーＸ（６階）"}],"6007":[{"pref":"東京都","city":"中央区","town":"晴海オフィスタワーＸ（７階）"}],"6008":[{"pref":"東京都","city":"中央区","town":"晴海オフィスタワーＸ（８階）"}],"6009":[{"pref":"東京都","city":"中央区","town":"晴海オフィスタワーＸ（９階）"}],"6010":[{"pref":"東京都","city":"中央区","town":"晴海オフィスタワーＸ（１０階）"}],"6011":[{"pref":"東京都","city":"中央区","town":"晴海オフィスタワーＸ（１１階）"}],"6012":[{"pref":"東京都","city":"中央区","town":"晴海オフィスタワーＸ（１２階）"}],"6013":[{"pref":"東京都","city":"中央区","town":"晴海オフィスタワーＸ（１３階）"}],"6014":[{"pref":"東京都","city":"中央区","town":"晴海オフィスタワーＸ（１４階）"}],"6015":[{"pref":"東京都","city":"中央区","town":"晴海オフィスタワーＸ（１５階）"}],"6016":[{"pref":"東京都","city":"中央区","town":"晴海オフィスタワーＸ（１６階）"}],"6017":[{"pref":"東京都","city":"中央区","town":"晴海オフィスタワーＸ（１７階）"}],"6018":[{"pref":"東京都","city":"中央区","town":"晴海オフィスタワーＸ（１８階）"}],"6019":[{"pref":"東京都","city":"中央区","town":"晴海オフィスタワーＸ（１９階）"}],"6020":[{"pref":"東京都","city":"中央区","town":"晴海オフィスタワーＸ（２０階）"}],"6021":[{"pref":"東京都","city":"中央区","town":"晴海オフィスタワーＸ（２１階）"}],"6022":[{"pref":"東京都","city":"中央区","town":"晴海オフィスタワーＸ（２２階）"}],"6023":[{"pref":"東京都","city":"中央区","town":"晴海オフィスタワーＸ（２３階）"}],"6024":[{"pref":"東京都","city":"中央区","town":"晴海オフィスタワーＸ（２４階）"}],"6025":[{"pref":"東京都","city":"中央区","town":"晴海オフィスタワーＸ（２５階）"}],"6026":[{"pref":"東京都","city":"中央区","town":"晴海オフィスタワーＸ（２６階）"}],"6027":[{"pref":"東京都","city":"中央区","town":"晴海オフィスタワーＸ（２７階）"}],"6028":[{"pref":"東京都","city":"中央区","town":"晴海オフィスタワーＸ（２８階）"}],"6029":[{"pref":"東京都","city":"中央区","town":"晴海オフィスタワーＸ（２９階）"}],"6030":[{"pref":"東京都","city":"中央区","town":"晴海オフィスタワーＸ（３０階）"}],"6031":[{"pref":"東京都","city":"中央区","town":"晴海オフィスタワーＸ（３１階）"}],"6032":[{"pref":"東京都","city":"中央区","town":"晴海オフィスタワーＸ（３２階）"}],"6033":[{"pref":"東京都","city":"中央区","town":"晴海オフィスタワーＸ（３３階）"}],"6034":[{"pref":"東京都","city":"中央区","town":"晴海オフィスタワーＸ（３４階）"}],"6035":[{"pref":"東京都","city":"中央区","town":"晴海オフィスタワーＸ（３５階）"}],"6036":[{"pref":"東京都","city":"中央区","town":"晴海オフィスタワーＸ（３６階）"}],"6037":[{"pref":"東京都","city":"中央区","town":"晴海オフィスタワーＸ（３７階）"}],"6038":[{"pref":"東京都","city":"中央区","town":"晴海オフィスタワーＸ（３８階）"}],"6039":[{"pref":"東京都","city":"中央区","town":"晴海オフィスタワーＸ（３９階）"}],"6040":[{"pref":"東京都","city":"中央区","town":"晴海オフィスタワーＸ（４０階）"}],"6041":[{"pref":"東京都","city":"中央区","town":"晴海オフィスタワーＸ（４１階）"}],"6042":[{"pref":"東京都","city":"中央区","town":"晴海オフィスタワーＸ（４２階）"}],"6043":[{"pref":"東京都","city":"中央区","town":"晴海オフィスタワーＸ（４３階）"}],"6044":[{"pref":"東京都","city":"中央区","town":"晴海オフィスタワーＸ（４４階）"}],"6090":[{"pref":"東京都","city":"中央区","town":"晴海オフィスタワーＸ（地階・階層不明）"}],"6101":[{"pref":"東京都","city":"中央区","town":"晴海オフィスタワーＹ（１階）"}],"6102":[{"pref":"東京都","city":"中央区","town":"晴海オフィスタワーＹ（２階）"}],"6103":[{"pref":"東京都","city":"中央区","town":"晴海オフィスタワーＹ（３階）"}],"6104":[{"pref":"東京都","city":"中央区","town":"晴海オフィスタワーＹ（４階）"}],"6105":[{"pref":"東京都","city":"中央区","town":"晴海オフィスタワーＹ（５階）"}],"6106":[{"pref":"東京都","city":"中央区","town":"晴海オフィスタワーＹ（６階）"}],"6107":[{"pref":"東京都","city":"中央区","town":"晴海オフィスタワーＹ（７階）"}],"6108":[{"pref":"東京都","city":"中央区","town":"晴海オフィスタワーＹ（８階）"}],"6109":[{"pref":"東京都","city":"中央区","town":"晴海オフィスタワーＹ（９階）"}],"6110":[{"pref":"東京都","city":"中央区","town":"晴海オフィスタワーＹ（１０階）"}],"6111":[{"pref":"東京都","city":"中央区","town":"晴海オフィスタワーＹ（１１階）"}],"6112":[{"pref":"東京都","city":"中央区","town":"晴海オフィスタワーＹ（１２階）"}],"6113":[{"pref":"東京都","city":"中央区","town":"晴海オフィスタワーＹ（１３階）"}],"6114":[{"pref":"東京都","city":"中央区","town":"晴海オフィスタワーＹ（１４階）"}],"6115":[{"pref":"東京都","city":"中央区","town":"晴海オフィスタワーＹ（１５階）"}],"6116":[{"pref":"東京都","city":"中央区","town":"晴海オフィスタワーＹ（１６階）"}],"6117":[{"pref":"東京都","city":"中央区","town":"晴海オフィスタワーＹ（１７階）"}],"6118":[{"pref":"東京都","city":"中央区","town":"晴海オフィスタワーＹ（１８階）"}],"6119":[{"pref":"東京都","city":"中央区","town":"晴海オフィスタワーＹ（１９階）"}],"6120":[{"pref":"東京都","city":"中央区","town":"晴海オフィスタワーＹ（２０階）"}],"6121":[{"pref":"東京都","city":"中央区","town":"晴海オフィスタワーＹ（２１階）"}],"6122":[{"pref":"東京都","city":"中央区","town":"晴海オフィスタワーＹ（２２階）"}],"6123":[{"pref":"東京都","city":"中央区","town":"晴海オフィスタワーＹ（２３階）"}],"6124":[{"pref":"東京都","city":"中央区","town":"晴海オフィスタワーＹ（２４階）"}],"6125":[{"pref":"東京都","city":"中央区","town":"晴海オフィスタワーＹ（２５階）"}],"6126":[{"pref":"東京都","city":"中央区","town":"晴海オフィスタワーＹ（２６階）"}],"6127":[{"pref":"東京都","city":"中央区","town":"晴海オフィスタワーＹ（２７階）"}],"6128":[{"pref":"東京都","city":"中央区","town":"晴海オフィスタワーＹ（２８階）"}],"6129":[{"pref":"東京都","city":"中央区","town":"晴海オフィスタワーＹ（２９階）"}],"6130":[{"pref":"東京都","city":"中央区","town":"晴海オフィスタワーＹ（３０階）"}],"6131":[{"pref":"東京都","city":"中央区","town":"晴海オフィスタワーＹ（３１階）"}],"6132":[{"pref":"東京都","city":"中央区","town":"晴海オフィスタワーＹ（３２階）"}],"6133":[{"pref":"東京都","city":"中央区","town":"晴海オフィスタワーＹ（３３階）"}],"6134":[{"pref":"東京都","city":"中央区","town":"晴海オフィスタワーＹ（３４階）"}],"6135":[{"pref":"東京都","city":"中央区","town":"晴海オフィスタワーＹ（３５階）"}],"6136":[{"pref":"東京都","city":"中央区","town":"晴海オフィスタワーＹ（３６階）"}],"6137":[{"pref":"東京都","city":"中央区","town":"晴海オフィスタワーＹ（３７階）"}],"6138":[{"pref":"東京都","city":"中央区","town":"晴海オフィスタワーＹ（３８階）"}],"6139":[{"pref":"東京都","city":"中央区","town":"晴海オフィスタワーＹ（３９階）"}],"6190":[{"pref":"東京都","city":"中央区","town":"晴海オフィスタワーＹ（地階・階層不明）"}],"6201":[{"pref":"東京都","city":"中央区","town":"晴海オフィスタワーＺ（１階）"}],"6202":[{"pref":"東京都","city":"中央区","town":"晴海オフィスタワーＺ（２階）"}],"6203":[{"pref":"東京都","city":"中央区","town":"晴海オフィスタワーＺ（３階）"}],"6204":[{"pref":"東京都","city":"中央区","town":"晴海オフィスタワーＺ（４階）"}],"6205":[{"pref":"東京都","city":"中央区","town":"晴海オフィスタワーＺ（５階）"}],"6206":[{"pref":"東京都","city":"中央区","town":"晴海オフィスタワーＺ（６階）"}],"6207":[{"pref":"東京都","city":"中央区","town":"晴海オフィスタワーＺ（７階）"}],"6208":[{"pref":"東京都","city":"中央区","town":"晴海オフィスタワーＺ（８階）"}],"6209":[{"pref":"東京都","city":"中央区","town":"晴海オフィスタワーＺ（９階）"}],"6210":[{"pref":"東京都","city":"中央区","town":"晴海オフィスタワーＺ（１０階）"}],"6211":[{"pref":"東京都","city":"中央区","town":"晴海オフィスタワーＺ（１１階）"}],"6212":[{"pref":"東京都","city":"中央区","town":"晴海オフィスタワーＺ（１２階）"}],"6213":[{"pref":"東京都","city":"中央区","town":"晴海オフィスタワーＺ（１３階）"}],"6214":[{"pref":"東京都","city":"中央区","town":"晴海オフィスタワーＺ（１４階）"}],"6215":[{"pref":"東京都","city":"中央区","town":"晴海オフィスタワーＺ（１５階）"}],"6216":[{"pref":"東京都","city":"中央区","town":"晴海オフィスタワーＺ（１６階）"}],"6217":[{"pref":"東京都","city":"中央区","town":"晴海オフィスタワーＺ（１７階）"}],"6218":[{"pref":"東京都","city":"中央区","town":"晴海オフィスタワーＺ（１８階）"}],"6219":[{"pref":"東京都","city":"中央区","town":"晴海オフィスタワーＺ（１９階）"}],"6220":[{"pref":"東京都","city":"中央区","town":"晴海オフィスタワーＺ（２０階）"}],"6221":[{"pref":"東京都","city":"中央区","town":"晴海オフィスタワーＺ（２１階）"}],"6222":[{"pref":"東京都","city":"中央区","town":"晴海オフィスタワーＺ（２２階）"}],"6223":[{"pref":"東京都","city":"中央区","town":"晴海オフィスタワーＺ（２３階）"}],"6224":[{"pref":"東京都","city":"中央区","town":"晴海オフィスタワーＺ（２４階）"}],"6225":[{"pref":"東京都","city":"中央区","town":"晴海オフィスタワーＺ（２５階）"}],"6226":[{"pref":"東京都","city":"中央区","town":"晴海オフィスタワーＺ（２６階）"}],"6227":[{"pref":"東京都","city":"中央区","town":"晴海オフィスタワーＺ（２７階）"}],"6228":[{"pref":"東京都","city":"中央区","town":"晴海オフィスタワーＺ（２８階）"}],"6229":[{"pref":"東京都","city":"中央区","town":"晴海オフィスタワーＺ（２９階）"}],"6230":[{"pref":"東京都","city":"中央区","town":"晴海オフィスタワーＺ（３０階）"}],"6231":[{"pref":"東京都","city":"中央区","town":"晴海オフィスタワーＺ（３１階）"}],"6232":[{"pref":"東京都","city":"中央区","town":"晴海オフィスタワーＺ（３２階）"}],"6233":[{"pref":"東京都","city":"中央区","town":"晴海オフィスタワーＺ（３３階）"}],"6290":[{"pref":"東京都","city":"中央区","town":"晴海オフィスタワーＺ（地階・階層不明）"}],"0044":[{"pref":"東京都","city":"中央区","town":"明石町"}],"0042":[{"pref":"東京都","city":"中央区","town":"入船"}],"0054":[{"pref":"東京都","city":"中央区","town":"勝どき"}],"0031":[{"pref":"東京都","city":"中央区","town":"京橋"}],"0061":[{"pref":"東京都","city":"中央区","town":"銀座"}],"0033":[{"pref":"東京都","city":"中央区","town":"新川"}],"0041":[{"pref":"東京都","city":"中央区","town":"新富"}],"0052":[{"pref":"東京都","city":"中央区","town":"月島"}],"0045":[{"pref":"東京都","city":"中央区","town":"築地"}],"0051":[{"pref":"東京都","city":"中央区","town":"佃"}],"0055":[{"pref":"東京都","city":"中央区","town":"豊海町"}],"0032":[{"pref":"東京都","city":"中央区","town":"八丁堀"}],"0046":[{"pref":"東京都","city":"中央区","town":"浜離宮庭園"}],"0053":[{"pref":"東京都","city":"中央区","town":"晴海（次のビルを除く）"}],"0043":[{"pref":"東京都","city":"中央区","town":"湊"}],"0028":[{"pref":"東京都","city":"中央区","town":"八重洲（２丁目）"}]}