{"0000":[{"pref":"福岡県","city":"北九州市八幡西区","town":"以下に掲載がない場合"}],"0044":[{"pref":"福岡県","city":"北九州市八幡西区","town":"相生町"}],"0043":[{"pref":"福岡県","city":"北九州市八幡西区","town":"青山"}],"0049":[{"pref":"福岡県","city":"北九州市八幡西区","town":"穴生"}],"0063":[{"pref":"福岡県","city":"北九州市八幡西区","town":"市瀬"}],"0053":[{"pref":"福岡県","city":"北九州市八幡西区","town":"大畑町"}],"0033":[{"pref":"福岡県","city":"北九州市八幡西区","town":"岡田町"}],"0034":[{"pref":"福岡県","city":"北九州市八幡西区","town":"岸の浦"}],"0061":[{"pref":"福岡県","city":"北九州市八幡西区","town":"京良城町"}],"0028":[{"pref":"福岡県","city":"北九州市八幡西区","town":"熊手"}],"0031":[{"pref":"福岡県","city":"北九州市八幡西区","town":"熊西"}],"0021":[{"pref":"福岡県","city":"北九州市八幡西区","town":"黒崎"}],"0004":[{"pref":"福岡県","city":"北九州市八幡西区","town":"黒崎城石"}],"0041":[{"pref":"福岡県","city":"北九州市八幡西区","town":"皇后崎町"}],"0016":[{"pref":"福岡県","city":"北九州市八幡西区","town":"河桃町"}],"0011":[{"pref":"福岡県","city":"北九州市八幡西区","town":"紅梅"}],"0056":[{"pref":"福岡県","city":"北九州市八幡西区","town":"小鷺田町"}],"0055":[{"pref":"福岡県","city":"北九州市八幡西区","town":"幸神"}],"0042":[{"pref":"福岡県","city":"北九州市八幡西区","town":"桜ケ丘町"}],"0012":[{"pref":"福岡県","city":"北九州市八幡西区","town":"陣山"}],"0027":[{"pref":"福岡県","city":"北九州市八幡西区","town":"菅原町"}],"0013":[{"pref":"福岡県","city":"北九州市八幡西区","town":"清納"}],"0047":[{"pref":"福岡県","city":"北九州市八幡西区","town":"鷹の巣"}],"0045":[{"pref":"福岡県","city":"北九州市八幡西区","town":"竹末"}],"0003":[{"pref":"福岡県","city":"北九州市八幡西区","town":"田町"}],"0069":[{"pref":"福岡県","city":"北九州市八幡西区","town":"茶売町"}],"0001":[{"pref":"福岡県","city":"北九州市八幡西区","town":"築地町"}],"0032":[{"pref":"福岡県","city":"北九州市八幡西区","town":"筒井町"}],"0057":[{"pref":"福岡県","city":"北九州市八幡西区","town":"鉄王"}],"0058":[{"pref":"福岡県","city":"北九州市八幡西区","town":"鉄竜"}],"0052":[{"pref":"福岡県","city":"北九州市八幡西区","town":"鳴水町"}],"0039":[{"pref":"福岡県","city":"北九州市八幡西区","town":"西王子町"}],"0017":[{"pref":"福岡県","city":"北九州市八幡西区","town":"西川頭町"}],"0026":[{"pref":"福岡県","city":"北九州市八幡西区","town":"西神原町"}],"0054":[{"pref":"福岡県","city":"北九州市八幡西区","town":"西鳴水"}],"0036":[{"pref":"福岡県","city":"北九州市八幡西区","town":"西曲里町"}],"0059":[{"pref":"福岡県","city":"北九州市八幡西区","town":"萩原"}],"0037":[{"pref":"福岡県","city":"北九州市八幡西区","town":"東王子町"}],"0014":[{"pref":"福岡県","city":"北九州市八幡西区","town":"東川頭町"}],"0025":[{"pref":"福岡県","city":"北九州市八幡西区","town":"東神原町"}],"0051":[{"pref":"福岡県","city":"北九州市八幡西区","town":"東鳴水"}],"0002":[{"pref":"福岡県","city":"北九州市八幡西区","town":"東浜町"}],"0035":[{"pref":"福岡県","city":"北九州市八幡西区","town":"東曲里町"}],"0067":[{"pref":"福岡県","city":"北九州市八幡西区","town":"引野"}],"0048":[{"pref":"福岡県","city":"北九州市八幡西区","town":"樋口町"}],"0018":[{"pref":"福岡県","city":"北九州市八幡西区","town":"平尾町"}],"0022":[{"pref":"福岡県","city":"北九州市八幡西区","town":"藤田"}],"0005":[{"pref":"福岡県","city":"北九州市八幡西区","town":"舟町"}],"0068":[{"pref":"福岡県","city":"北九州市八幡西区","town":"別所町"}],"0062":[{"pref":"福岡県","city":"北九州市八幡西区","town":"別当町"}],"0038":[{"pref":"福岡県","city":"北九州市八幡西区","town":"南王子町"}],"0024":[{"pref":"福岡県","city":"北九州市八幡西区","town":"南八千代町"}],"0015":[{"pref":"福岡県","city":"北九州市八幡西区","town":"元城町"}],"0046":[{"pref":"福岡県","city":"北九州市八幡西区","town":"森下町"}],"0006":[{"pref":"福岡県","city":"北九州市八幡西区","town":"屋敷"}],"0023":[{"pref":"福岡県","city":"北九州市八幡西区","town":"八千代町"}],"0030":[{"pref":"福岡県","city":"北九州市八幡西区","town":"山寺町"}],"0065":[{"pref":"福岡県","city":"北九州市八幡西区","town":"養福寺町"}],"0066":[{"pref":"福岡県","city":"北九州市八幡西区","town":"若葉"}],"0064":[{"pref":"福岡県","city":"北九州市八幡西区","town":"割子川"}]}