{"1111":[{"pref":"北海道","city":"礼文郡礼文町","town":"船泊村（その他）"}],"1200":[{"pref":"北海道","city":"礼文郡礼文町","town":"以下に掲載がない場合"}],"1201":[{"pref":"北海道","city":"礼文郡礼文町","town":"香深村"}],"1202":[{"pref":"北海道","city":"礼文郡礼文町","town":"船泊村（ウヱンナイ）"}],"0000":[{"pref":"北海道","city":"稚内市","town":"以下に掲載がない場合"}],"0015":[{"pref":"北海道","city":"稚内市","town":"朝日"}],"0025":[{"pref":"北海道","city":"稚内市","town":"恵比須"}],"0023":[{"pref":"北海道","city":"稚内市","town":"開運"}],"0003":[{"pref":"北海道","city":"稚内市","town":"こまどり"}],"0017":[{"pref":"北海道","city":"稚内市","town":"栄"}],"0002":[{"pref":"北海道","city":"稚内市","town":"潮見"}],"0014":[{"pref":"北海道","city":"稚内市","town":"新光町"}],"0007":[{"pref":"北海道","city":"稚内市","town":"新末広"}],"0006":[{"pref":"北海道","city":"稚内市","town":"新港町"}],"0001":[{"pref":"北海道","city":"稚内市","town":"末広"}],"0005":[{"pref":"北海道","city":"稚内市","town":"大黒"}],"0022":[{"pref":"北海道","city":"稚内市","town":"中央"}],"0012":[{"pref":"北海道","city":"稚内市","town":"富岡"}],"0037":[{"pref":"北海道","city":"稚内市","town":"西浜"}],"0026":[{"pref":"北海道","city":"稚内市","town":"ノシャップ"}],"0016":[{"pref":"北海道","city":"稚内市","town":"萩見"}],"0036":[{"pref":"北海道","city":"稚内市","town":"抜海村（クトネベツ）"}],"0035":[{"pref":"北海道","city":"稚内市","town":"抜海村（バッカイ）"}],"0011":[{"pref":"北海道","city":"稚内市","town":"はまなす"}],"0027":[{"pref":"北海道","city":"稚内市","town":"富士見"}],"0024":[{"pref":"北海道","city":"稚内市","town":"宝来"}],"0004":[{"pref":"北海道","city":"稚内市","town":"緑"}],"0021":[{"pref":"北海道","city":"稚内市","town":"港"}],"0013":[{"pref":"北海道","city":"稚内市","town":"若葉台"}],"0400":[{"pref":"北海道","city":"利尻郡利尻町","town":"以下に掲載がない場合"}],"0401":[{"pref":"北海道","city":"利尻郡利尻町","town":"沓形"}],"0311":[{"pref":"北海道","city":"利尻郡利尻町","town":"仙法志"}],"0100":[{"pref":"北海道","city":"利尻郡利尻富士町","town":"以下に掲載がない場合"}],"0101":[{"pref":"北海道","city":"利尻郡利尻富士町","town":"鴛泊"}],"0211":[{"pref":"北海道","city":"利尻郡利尻富士町","town":"鬼脇"}]}