{"0000":[{"pref":"埼玉県","city":"久喜市","town":"以下に掲載がない場合"}],"0011":[{"pref":"埼玉県","city":"久喜市","town":"青毛"}],"0013":[{"pref":"埼玉県","city":"久喜市","town":"青葉"}],"0029":[{"pref":"埼玉県","city":"久喜市","town":"江面"}],"0023":[{"pref":"埼玉県","city":"久喜市","town":"太田袋"}],"0038":[{"pref":"埼玉県","city":"久喜市","town":"上清久"}],"0021":[{"pref":"埼玉県","city":"久喜市","town":"上早見"}],"0006":[{"pref":"埼玉県","city":"久喜市","town":"上町"}],"0028":[{"pref":"埼玉県","city":"久喜市","town":"河原井町"}],"0024":[{"pref":"埼玉県","city":"久喜市","town":"北青柳"}],"0036":[{"pref":"埼玉県","city":"久喜市","town":"北中曽根"}],"0035":[{"pref":"埼玉県","city":"久喜市","town":"清久町"}],"0007":[{"pref":"埼玉県","city":"久喜市","town":"久喜北"}],"0032":[{"pref":"埼玉県","city":"久喜市","town":"久喜新"}],"0003":[{"pref":"埼玉県","city":"久喜市","town":"久喜中央"}],"0016":[{"pref":"埼玉県","city":"久喜市","town":"久喜東"}],"0031":[{"pref":"埼玉県","city":"久喜市","town":"久喜本"}],"0012":[{"pref":"埼玉県","city":"久喜市","town":"栗原"}],"0001":[{"pref":"埼玉県","city":"久喜市","town":"古久喜"}],"0033":[{"pref":"埼玉県","city":"久喜市","town":"下清久"}],"0022":[{"pref":"埼玉県","city":"久喜市","town":"下早見"}],"0115":[{"pref":"埼玉県","city":"久喜市","town":"菖蒲町小林"}],"0111":[{"pref":"埼玉県","city":"久喜市","town":"菖蒲町上大崎"}],"0114":[{"pref":"埼玉県","city":"久喜市","town":"菖蒲町上栢間"}],"0102":[{"pref":"埼玉県","city":"久喜市","town":"菖蒲町河原井"}],"0104":[{"pref":"埼玉県","city":"久喜市","town":"菖蒲町三箇"}],"0112":[{"pref":"埼玉県","city":"久喜市","town":"菖蒲町柴山枝郷"}],"0113":[{"pref":"埼玉県","city":"久喜市","town":"菖蒲町下栢間"}],"0106":[{"pref":"埼玉県","city":"久喜市","town":"菖蒲町菖蒲"}],"0101":[{"pref":"埼玉県","city":"久喜市","town":"菖蒲町昭和沼"}],"0103":[{"pref":"埼玉県","city":"久喜市","town":"菖蒲町台"}],"0105":[{"pref":"埼玉県","city":"久喜市","town":"菖蒲町新堀"}],"0034":[{"pref":"埼玉県","city":"久喜市","town":"所久喜"}],"0015":[{"pref":"埼玉県","city":"久喜市","town":"西"}],"0002":[{"pref":"埼玉県","city":"久喜市","town":"野久喜"}],"0026":[{"pref":"埼玉県","city":"久喜市","town":"原"}],"0025":[{"pref":"埼玉県","city":"久喜市","town":"樋ノ口"}],"0005":[{"pref":"埼玉県","city":"久喜市","town":"本町"}],"0004":[{"pref":"埼玉県","city":"久喜市","town":"南"}],"0027":[{"pref":"埼玉県","city":"久喜市","town":"除堀"}],"0014":[{"pref":"埼玉県","city":"久喜市","town":"吉羽"}],"0037":[{"pref":"埼玉県","city":"久喜市","town":"六万部"}]}