{"0092":[{"pref":"東京都","city":"板橋区","town":"赤塚"}],"0093":[{"pref":"東京都","city":"板橋区","town":"赤塚新町"}],"0081":[{"pref":"東京都","city":"板橋区","town":"新河岸"}],"0085":[{"pref":"東京都","city":"板橋区","town":"大門"}],"0082":[{"pref":"東京都","city":"板橋区","town":"高島平"}],"0083":[{"pref":"東京都","city":"板橋区","town":"徳丸"}],"0094":[{"pref":"東京都","city":"板橋区","town":"成増"}],"0045":[{"pref":"東京都","city":"板橋区","town":"西台（２～４丁目）"}],"0091":[{"pref":"東京都","city":"板橋区","town":"三園"}],"0084":[{"pref":"東京都","city":"板橋区","town":"四葉"}]}