{"0000":[{"pref":"千葉県","city":"佐倉市","town":"以下に掲載がない場合"}],"0852":[{"pref":"千葉県","city":"佐倉市","town":"青菅"}],"0835":[{"pref":"千葉県","city":"佐倉市","town":"畔田"}],"0064":[{"pref":"千葉県","city":"佐倉市","town":"天辺"}],"0832":[{"pref":"千葉県","city":"佐倉市","town":"飯重"}],"0032":[{"pref":"千葉県","city":"佐倉市","town":"飯田"}],"0031":[{"pref":"千葉県","city":"佐倉市","town":"飯田台"}],"0076":[{"pref":"千葉県","city":"佐倉市","town":"飯塚"}],"0003":[{"pref":"千葉県","city":"佐倉市","town":"飯野"}],"0009":[{"pref":"千葉県","city":"佐倉市","town":"飯野町"}],"0813":[{"pref":"千葉県","city":"佐倉市","town":"石川"}],"0864":[{"pref":"千葉県","city":"佐倉市","town":"稲荷台"}],"0855":[{"pref":"千葉県","city":"佐倉市","town":"井野"}],"0856":[{"pref":"千葉県","city":"佐倉市","town":"井野町"}],"0071":[{"pref":"千葉県","city":"佐倉市","town":"岩富"}],"0072":[{"pref":"千葉県","city":"佐倉市","town":"岩富町"}],"0004":[{"pref":"千葉県","city":"佐倉市","town":"岩名"}],"0822":[{"pref":"千葉県","city":"佐倉市","town":"印南"}],"0863":[{"pref":"千葉県","city":"佐倉市","town":"臼井"}],"0861":[{"pref":"千葉県","city":"佐倉市","town":"臼井田"}],"0866":[{"pref":"千葉県","city":"佐倉市","town":"臼井台"}],"0077":[{"pref":"千葉県","city":"佐倉市","town":"内田"}],"0024":[{"pref":"千葉県","city":"佐倉市","town":"裏新町"}],"0055":[{"pref":"千葉県","city":"佐倉市","town":"瓜坪新田"}],"0824":[{"pref":"千葉県","city":"佐倉市","town":"江原"}],"0823":[{"pref":"千葉県","city":"佐倉市","town":"江原新田"}],"0825":[{"pref":"千葉県","city":"佐倉市","town":"江原台"}],"0837":[{"pref":"千葉県","city":"佐倉市","town":"王子台"}],"0817":[{"pref":"千葉県","city":"佐倉市","town":"大崎台"}],"0802":[{"pref":"千葉県","city":"佐倉市","town":"大作"}],"0041":[{"pref":"千葉県","city":"佐倉市","town":"大佐倉"}],"0806":[{"pref":"千葉県","city":"佐倉市","town":"大篠塚"}],"0043":[{"pref":"千葉県","city":"佐倉市","town":"大蛇町"}],"0808":[{"pref":"千葉県","city":"佐倉市","town":"太田"}],"0853":[{"pref":"千葉県","city":"佐倉市","town":"小竹"}],"0836":[{"pref":"千葉県","city":"佐倉市","town":"生谷"}],"0811":[{"pref":"千葉県","city":"佐倉市","town":"表町"}],"0013":[{"pref":"千葉県","city":"佐倉市","town":"海隣寺町"}],"0821":[{"pref":"千葉県","city":"佐倉市","town":"角来"}],"0008":[{"pref":"千葉県","city":"佐倉市","town":"鹿島干拓"}],"0026":[{"pref":"千葉県","city":"佐倉市","town":"鏑木仲田町"}],"0025":[{"pref":"千葉県","city":"佐倉市","town":"鏑木町"}],"0054":[{"pref":"千葉県","city":"佐倉市","town":"上勝田"}],"0846":[{"pref":"千葉県","city":"佐倉市","town":"上志津"}],"0844":[{"pref":"千葉県","city":"佐倉市","town":"上志津原"}],"0044":[{"pref":"千葉県","city":"佐倉市","town":"上代"}],"0066":[{"pref":"千葉県","city":"佐倉市","town":"上別所"}],"0801":[{"pref":"千葉県","city":"佐倉市","town":"木野子"}],"0803":[{"pref":"千葉県","city":"佐倉市","town":"神門"}],"0805":[{"pref":"千葉県","city":"佐倉市","town":"小篠塚"}],"0057":[{"pref":"千葉県","city":"佐倉市","town":"米戸"}],"0014":[{"pref":"千葉県","city":"佐倉市","town":"栄町"}],"0078":[{"pref":"千葉県","city":"佐倉市","town":"坂戸"}],"0062":[{"pref":"千葉県","city":"佐倉市","town":"寒風"}],"0807":[{"pref":"千葉県","city":"佐倉市","town":"山王"}],"0053":[{"pref":"千葉県","city":"佐倉市","town":"下勝田"}],"0841":[{"pref":"千葉県","city":"佐倉市","town":"下志津"}],"0842":[{"pref":"千葉県","city":"佐倉市","town":"下志津原"}],"0006":[{"pref":"千葉県","city":"佐倉市","town":"下根"}],"0007":[{"pref":"千葉県","city":"佐倉市","town":"下根町"}],"0035":[{"pref":"千葉県","city":"佐倉市","town":"樹木町"}],"0815":[{"pref":"千葉県","city":"佐倉市","town":"城"}],"0854":[{"pref":"千葉県","city":"佐倉市","town":"上座"}],"0017":[{"pref":"千葉県","city":"佐倉市","town":"城内町"}],"0045":[{"pref":"千葉県","city":"佐倉市","town":"白銀"}],"0862":[{"pref":"千葉県","city":"佐倉市","town":"新臼井田"}],"0023":[{"pref":"千葉県","city":"佐倉市","town":"新町"}],"0034":[{"pref":"千葉県","city":"佐倉市","town":"千成"}],"0831":[{"pref":"千葉県","city":"佐倉市","town":"染井野"}],"0046":[{"pref":"千葉県","city":"佐倉市","town":"高岡"}],"0061":[{"pref":"千葉県","city":"佐倉市","town":"高崎"}],"0012":[{"pref":"千葉県","city":"佐倉市","town":"田町"}],"0001":[{"pref":"千葉県","city":"佐倉市","town":"土浮"}],"0056":[{"pref":"千葉県","city":"佐倉市","town":"坪山新田"}],"0818":[{"pref":"千葉県","city":"佐倉市","town":"寺崎"}],"0819":[{"pref":"千葉県","city":"佐倉市","town":"寺崎北"}],"0816":[{"pref":"千葉県","city":"佐倉市","town":"藤治台"}],"0065":[{"pref":"千葉県","city":"佐倉市","town":"直弥"}],"0843":[{"pref":"千葉県","city":"佐倉市","town":"中志津"}],"0022":[{"pref":"千葉県","city":"佐倉市","town":"中尾余町"}],"0051":[{"pref":"千葉県","city":"佐倉市","town":"長熊"}],"0073":[{"pref":"千葉県","city":"佐倉市","town":"七曲"}],"0033":[{"pref":"千葉県","city":"佐倉市","town":"鍋山町"}],"0015":[{"pref":"千葉県","city":"佐倉市","town":"並木町"}],"0845":[{"pref":"千葉県","city":"佐倉市","town":"西志津"}],"0074":[{"pref":"千葉県","city":"佐倉市","town":"西御門"}],"0850":[{"pref":"千葉県","city":"佐倉市","town":"西ユーカリが丘"}],"0002":[{"pref":"千葉県","city":"佐倉市","town":"萩山新田"}],"0867":[{"pref":"千葉県","city":"佐倉市","town":"八幡台"}],"0833":[{"pref":"千葉県","city":"佐倉市","town":"羽鳥"}],"0814":[{"pref":"千葉県","city":"佐倉市","town":"春路"}],"0036":[{"pref":"千葉県","city":"佐倉市","town":"藤沢町"}],"0042":[{"pref":"千葉県","city":"佐倉市","town":"将門町"}],"0851":[{"pref":"千葉県","city":"佐倉市","town":"先崎"}],"0804":[{"pref":"千葉県","city":"佐倉市","town":"馬渡"}],"0865":[{"pref":"千葉県","city":"佐倉市","town":"南臼井台"}],"0859":[{"pref":"千葉県","city":"佐倉市","town":"南ユーカリが丘"}],"0075":[{"pref":"千葉県","city":"佐倉市","town":"宮内"}],"0016":[{"pref":"千葉県","city":"佐倉市","town":"宮小路町"}],"0857":[{"pref":"千葉県","city":"佐倉市","town":"宮ノ台"}],"0005":[{"pref":"千葉県","city":"佐倉市","town":"宮前"}],"0063":[{"pref":"千葉県","city":"佐倉市","town":"宮本"}],"0038":[{"pref":"千葉県","city":"佐倉市","town":"弥勒町"}],"0812":[{"pref":"千葉県","city":"佐倉市","town":"六崎"}],"0021":[{"pref":"千葉県","city":"佐倉市","town":"最上町"}],"0037":[{"pref":"千葉県","city":"佐倉市","town":"本町"}],"0052":[{"pref":"千葉県","city":"佐倉市","town":"八木"}],"0039":[{"pref":"千葉県","city":"佐倉市","town":"野狐台町"}],"0011":[{"pref":"千葉県","city":"佐倉市","town":"山崎"}],"0858":[{"pref":"千葉県","city":"佐倉市","town":"ユーカリが丘"}],"0834":[{"pref":"千葉県","city":"佐倉市","town":"吉見"}],"0900":[{"pref":"千葉県","city":"印旛郡酒々井町","town":"以下に掲載がない場合"}],"0912":[{"pref":"千葉県","city":"印旛郡酒々井町","town":"飯積"}],"0902":[{"pref":"千葉県","city":"印旛郡酒々井町","town":"伊篠"}],"0904":[{"pref":"千葉県","city":"印旛郡酒々井町","town":"伊篠新田"}],"0903":[{"pref":"千葉県","city":"印旛郡酒々井町","town":"今倉新田"}],"0911":[{"pref":"千葉県","city":"印旛郡酒々井町","town":"尾上"}],"0906":[{"pref":"千葉県","city":"印旛郡酒々井町","town":"柏木"}],"0905":[{"pref":"千葉県","city":"印旛郡酒々井町","town":"上岩橋"}],"0925":[{"pref":"千葉県","city":"印旛郡酒々井町","town":"上本佐倉"}],"0927":[{"pref":"千葉県","city":"印旛郡酒々井町","town":"酒々井"}],"0901":[{"pref":"千葉県","city":"印旛郡酒々井町","town":"篠山新田"}],"0907":[{"pref":"千葉県","city":"印旛郡酒々井町","town":"下岩橋"}],"0924":[{"pref":"千葉県","city":"印旛郡酒々井町","town":"下台"}],"0913":[{"pref":"千葉県","city":"印旛郡酒々井町","town":"墨"}],"0922":[{"pref":"千葉県","city":"印旛郡酒々井町","town":"中央台"}],"0921":[{"pref":"千葉県","city":"印旛郡酒々井町","town":"中川"}],"0923":[{"pref":"千葉県","city":"印旛郡酒々井町","town":"東酒々井"}],"0928":[{"pref":"千葉県","city":"印旛郡酒々井町","town":"ふじき野"}],"0914":[{"pref":"千葉県","city":"印旛郡酒々井町","town":"馬橋"}],"0926":[{"pref":"千葉県","city":"印旛郡酒々井町","town":"本佐倉"}]}