{"0000":[{"pref":"佐賀県","city":"武雄市","town":"以下に掲載がない場合"}],"0003":[{"pref":"佐賀県","city":"武雄市","town":"朝日町芦原"}],"0001":[{"pref":"佐賀県","city":"武雄市","town":"朝日町甘久"}],"0002":[{"pref":"佐賀県","city":"武雄市","town":"朝日町中野"}],"0023":[{"pref":"佐賀県","city":"武雄市","town":"武雄町昭和"}],"0022":[{"pref":"佐賀県","city":"武雄市","town":"武雄町武雄"}],"0024":[{"pref":"佐賀県","city":"武雄市","town":"武雄町富岡"}],"0021":[{"pref":"佐賀県","city":"武雄市","town":"武雄町永島"}],"0011":[{"pref":"佐賀県","city":"武雄市","town":"橘町芦原"}],"0012":[{"pref":"佐賀県","city":"武雄市","town":"橘町片白"}],"0013":[{"pref":"佐賀県","city":"武雄市","town":"橘町大日"}],"0014":[{"pref":"佐賀県","city":"武雄市","town":"橘町永島"}],"0231":[{"pref":"佐賀県","city":"武雄市","town":"西川登町小田志"}],"0232":[{"pref":"佐賀県","city":"武雄市","town":"西川登町神六"}],"0233":[{"pref":"佐賀県","city":"武雄市","town":"東川登町永野"}],"0234":[{"pref":"佐賀県","city":"武雄市","town":"東川登町袴野"}],"0151":[{"pref":"佐賀県","city":"武雄市","town":"若木町川古"}],"0152":[{"pref":"佐賀県","city":"武雄市","town":"若木町本部"}],"0153":[{"pref":"佐賀県","city":"武雄市","town":"若木町桃川"}],"0300":[{"pref":"佐賀県","city":"嬉野市","town":"以下に掲載がない場合"}],"0304":[{"pref":"佐賀県","city":"嬉野市","town":"嬉野町岩屋川内"}],"0301":[{"pref":"佐賀県","city":"嬉野市","town":"嬉野町下宿"}],"0302":[{"pref":"佐賀県","city":"嬉野市","town":"嬉野町下野"}],"0305":[{"pref":"佐賀県","city":"嬉野市","town":"嬉野町不動山"}],"0303":[{"pref":"佐賀県","city":"嬉野市","town":"嬉野町吉田"}]}