{"1131":[{"pref":"北海道","city":"夕張郡由仁町","town":"三川泉町"}],"1132":[{"pref":"北海道","city":"夕張郡由仁町","town":"三川錦町"}],"1133":[{"pref":"北海道","city":"夕張郡由仁町","town":"三川旭町"}],"1134":[{"pref":"北海道","city":"夕張郡由仁町","town":"三川緑町"}],"1135":[{"pref":"北海道","city":"夕張郡由仁町","town":"西三川（その他）"}],"1136":[{"pref":"北海道","city":"夕張郡由仁町","town":"熊本（その他）"}],"1141":[{"pref":"北海道","city":"夕張郡由仁町","town":"川端"}],"1142":[{"pref":"北海道","city":"夕張郡由仁町","town":"東三川"}],"1143":[{"pref":"北海道","city":"夕張郡由仁町","town":"中三川"}],"1144":[{"pref":"北海道","city":"夕張郡由仁町","town":"本三川（その他）"}],"1181":[{"pref":"北海道","city":"千歳市","town":"東丘"}],"1182":[{"pref":"北海道","city":"千歳市","town":"協和（その他）"}],"1183":[{"pref":"北海道","city":"千歳市","town":"幌加"}],"1184":[{"pref":"北海道","city":"千歳市","town":"新川"}],"1200":[{"pref":"北海道","city":"夕張郡由仁町","town":"以下に掲載がない場合"}],"1201":[{"pref":"北海道","city":"夕張郡由仁町","town":"北栄"}],"1202":[{"pref":"北海道","city":"夕張郡由仁町","town":"古川"}],"1203":[{"pref":"北海道","city":"夕張郡由仁町","town":"東栄"}],"1204":[{"pref":"北海道","city":"夕張郡由仁町","town":"新光"}],"1205":[{"pref":"北海道","city":"夕張郡由仁町","town":"中央"}],"1206":[{"pref":"北海道","city":"夕張郡由仁町","town":"本町"}],"1207":[{"pref":"北海道","city":"夕張郡由仁町","town":"馬追"}],"1208":[{"pref":"北海道","city":"夕張郡由仁町","town":"山形"}],"1211":[{"pref":"北海道","city":"夕張郡由仁町","town":"岩内"}],"1212":[{"pref":"北海道","city":"夕張郡由仁町","town":"山桝"}],"1213":[{"pref":"北海道","city":"夕張郡由仁町","town":"本三川（８９、２１０、２１２番地）"}],"1214":[{"pref":"北海道","city":"夕張郡由仁町","town":"西三川（１、１７番地）"}],"1215":[{"pref":"北海道","city":"夕張郡由仁町","town":"熊本（１０、３８、３１４、６２３、６２６番地）"}],"1216":[{"pref":"北海道","city":"夕張郡由仁町","town":"古山"}],"1217":[{"pref":"北海道","city":"夕張郡由仁町","town":"光栄"}],"1218":[{"pref":"北海道","city":"夕張郡由仁町","town":"伏見"}],"1219":[{"pref":"北海道","city":"夕張郡由仁町","town":"東光"}],"1300":[{"pref":"北海道","city":"夕張郡長沼町","town":"以下に掲載がない場合"}],"1301":[{"pref":"北海道","city":"夕張郡長沼町","town":"１区"}],"1302":[{"pref":"北海道","city":"夕張郡長沼町","town":"２区"}],"1303":[{"pref":"北海道","city":"夕張郡長沼町","town":"３区"}],"1304":[{"pref":"北海道","city":"夕張郡長沼町","town":"北市区"},{"pref":"北海道","city":"夕張郡長沼町","town":"４区"}],"1305":[{"pref":"北海道","city":"夕張郡長沼町","town":"５区"}],"1306":[{"pref":"北海道","city":"夕張郡長沼町","town":"６区"}],"1307":[{"pref":"北海道","city":"夕張郡長沼町","town":"７区"}],"1308":[{"pref":"北海道","city":"夕張郡長沼町","town":"８区"}],"1309":[{"pref":"北海道","city":"夕張郡長沼町","town":"９区"}],"1310":[{"pref":"北海道","city":"夕張郡長沼町","town":"１０区"}],"1311":[{"pref":"北海道","city":"夕張郡長沼町","town":"フシコ"},{"pref":"北海道","city":"夕張郡長沼町","town":"１１区"}],"1312":[{"pref":"北海道","city":"夕張郡長沼町","town":"１２区"}],"1313":[{"pref":"北海道","city":"夕張郡長沼町","town":"１３区"}],"1314":[{"pref":"北海道","city":"夕張郡長沼町","town":"１４区"}],"1315":[{"pref":"北海道","city":"夕張郡長沼町","town":"南町"},{"pref":"北海道","city":"夕張郡長沼町","town":"１５区"}],"1316":[{"pref":"北海道","city":"夕張郡長沼町","town":"加賀団体"},{"pref":"北海道","city":"夕張郡長沼町","town":"１６区"}],"1317":[{"pref":"北海道","city":"夕張郡長沼町","town":"東１線北"},{"pref":"北海道","city":"夕張郡長沼町","town":"東２線北"},{"pref":"北海道","city":"夕張郡長沼町","town":"東３線北"},{"pref":"北海道","city":"夕張郡長沼町","town":"東４線北"},{"pref":"北海道","city":"夕張郡長沼町","town":"東５線北"},{"pref":"北海道","city":"夕張郡長沼町","town":"東６線北"},{"pref":"北海道","city":"夕張郡長沼町","town":"東７線北"},{"pref":"北海道","city":"夕張郡長沼町","town":"東８線北"},{"pref":"北海道","city":"夕張郡長沼町","town":"東９線北"},{"pref":"北海道","city":"夕張郡長沼町","town":"東１０線北"},{"pref":"北海道","city":"夕張郡長沼町","town":"東１１線北"}],"1318":[{"pref":"北海道","city":"夕張郡長沼町","town":"西１線北"},{"pref":"北海道","city":"夕張郡長沼町","town":"西２線北"},{"pref":"北海道","city":"夕張郡長沼町","town":"西３線北"},{"pref":"北海道","city":"夕張郡長沼町","town":"西４線北"},{"pref":"北海道","city":"夕張郡長沼町","town":"西５線北"},{"pref":"北海道","city":"夕張郡長沼町","town":"西６線北"},{"pref":"北海道","city":"夕張郡長沼町","town":"西７線北"},{"pref":"北海道","city":"夕張郡長沼町","town":"西８線北"}],"1320":[{"pref":"北海道","city":"夕張郡長沼町","town":"市街地"}],"1321":[{"pref":"北海道","city":"夕張郡長沼町","town":"馬追"}],"1322":[{"pref":"北海道","city":"夕張郡長沼町","town":"馬追原野"}],"1329":[{"pref":"北海道","city":"夕張郡長沼町","town":"木詰"},{"pref":"北海道","city":"夕張郡長沼町","town":"幌向原野"},{"pref":"北海道","city":"夕張郡長沼町","town":"２９区"}],"1331":[{"pref":"北海道","city":"夕張郡長沼町","town":"銀座"}],"1332":[{"pref":"北海道","city":"夕張郡長沼町","town":"中央"}],"1333":[{"pref":"北海道","city":"夕張郡長沼町","town":"本町"}],"1334":[{"pref":"北海道","city":"夕張郡長沼町","town":"錦町北"},{"pref":"北海道","city":"夕張郡長沼町","town":"錦町南"}],"1335":[{"pref":"北海道","city":"夕張郡長沼町","town":"あかね"}],"1336":[{"pref":"北海道","city":"夕張郡長沼町","town":"川沿"},{"pref":"北海道","city":"夕張郡長沼町","town":"栄町"}],"1341":[{"pref":"北海道","city":"夕張郡長沼町","town":"宮下"}],"1342":[{"pref":"北海道","city":"夕張郡長沼町","town":"東町"}],"1343":[{"pref":"北海道","city":"夕張郡長沼町","town":"旭町"}],"1344":[{"pref":"北海道","city":"夕張郡長沼町","town":"曙町"}],"1345":[{"pref":"北海道","city":"夕張郡長沼町","town":"しらかば"}],"1346":[{"pref":"北海道","city":"夕張郡長沼町","town":"西町"}],"1347":[{"pref":"北海道","city":"夕張郡長沼町","town":"北町"}],"1451":[{"pref":"北海道","city":"夕張郡長沼町","town":"東１線南"}],"1452":[{"pref":"北海道","city":"夕張郡長沼町","town":"東２線南"}],"1453":[{"pref":"北海道","city":"夕張郡長沼町","town":"東３線南"}],"1454":[{"pref":"北海道","city":"夕張郡長沼町","town":"東４線南"}],"1455":[{"pref":"北海道","city":"夕張郡長沼町","town":"東５線南"}],"1456":[{"pref":"北海道","city":"夕張郡長沼町","town":"東６線南"}],"1457":[{"pref":"北海道","city":"夕張郡長沼町","town":"東７線南"}],"1458":[{"pref":"北海道","city":"夕張郡長沼町","town":"東８線南"}],"1459":[{"pref":"北海道","city":"夕張郡長沼町","town":"東９線南"}],"1460":[{"pref":"北海道","city":"夕張郡長沼町","town":"東１０線南"}],"1461":[{"pref":"北海道","city":"夕張郡長沼町","town":"東１１線南"}],"1462":[{"pref":"北海道","city":"夕張郡長沼町","town":"東１２線南"}],"1463":[{"pref":"北海道","city":"夕張郡長沼町","town":"東１３線南"}],"1464":[{"pref":"北海道","city":"夕張郡長沼町","town":"幌内"}],"1471":[{"pref":"北海道","city":"夕張郡長沼町","town":"西１線南"}],"1472":[{"pref":"北海道","city":"夕張郡長沼町","town":"西２線南"}],"1473":[{"pref":"北海道","city":"夕張郡長沼町","town":"西３線南"}],"1474":[{"pref":"北海道","city":"夕張郡長沼町","town":"西４線南"}],"1475":[{"pref":"北海道","city":"夕張郡長沼町","town":"西５線南"}],"1476":[{"pref":"北海道","city":"夕張郡長沼町","town":"西６線南"}],"1477":[{"pref":"北海道","city":"夕張郡長沼町","town":"西７線南"}],"1478":[{"pref":"北海道","city":"夕張郡長沼町","town":"西８線南"}],"1479":[{"pref":"北海道","city":"夕張郡長沼町","town":"西９線南"}],"1480":[{"pref":"北海道","city":"夕張郡長沼町","town":"西１０線南"}],"1481":[{"pref":"北海道","city":"夕張郡長沼町","town":"西１１線南"}],"1482":[{"pref":"北海道","city":"夕張郡長沼町","town":"西１２線南"}],"1483":[{"pref":"北海道","city":"夕張郡長沼町","town":"西１３線南"}],"1484":[{"pref":"北海道","city":"夕張郡長沼町","town":"西１４線南"}],"1485":[{"pref":"北海道","city":"夕張郡長沼町","town":"３０区"}],"1500":[{"pref":"北海道","city":"夕張郡栗山町","town":"以下に掲載がない場合"}],"1501":[{"pref":"北海道","city":"夕張郡栗山町","town":"桜丘"}],"1502":[{"pref":"北海道","city":"夕張郡栗山町","town":"鳩山"},{"pref":"北海道","city":"夕張郡栗山町","town":"森"}],"1503":[{"pref":"北海道","city":"夕張郡栗山町","town":"雨煙別"},{"pref":"北海道","city":"夕張郡栗山町","town":"緑丘"}],"1504":[{"pref":"北海道","city":"夕張郡栗山町","town":"北学田"}],"1505":[{"pref":"北海道","city":"夕張郡栗山町","town":"桜山（その他）"},{"pref":"北海道","city":"夕張郡栗山町","town":"本沢"}],"1506":[{"pref":"北海道","city":"夕張郡栗山町","town":"杵臼"}],"1507":[{"pref":"北海道","city":"夕張郡栗山町","town":"旭台"}],"1508":[{"pref":"北海道","city":"夕張郡栗山町","town":"湯地"}],"1511":[{"pref":"北海道","city":"夕張郡栗山町","town":"中央"}],"1512":[{"pref":"北海道","city":"夕張郡栗山町","town":"松風"}],"1513":[{"pref":"北海道","city":"夕張郡栗山町","town":"朝日"}],"1521":[{"pref":"北海道","city":"夕張郡栗山町","town":"錦"}],"1522":[{"pref":"北海道","city":"夕張郡栗山町","town":"中里"}],"1523":[{"pref":"北海道","city":"夕張郡栗山町","town":"共和"}],"1524":[{"pref":"北海道","city":"夕張郡栗山町","town":"角田"}],"1525":[{"pref":"北海道","city":"夕張郡栗山町","town":"三日月"}],"1526":[{"pref":"北海道","city":"夕張郡栗山町","town":"富士"}],"0384":[{"pref":"北海道","city":"岩見沢市","town":"御茶の水町"}],"0361":[{"pref":"北海道","city":"岩見沢市","town":"上幌向北一条"}],"0362":[{"pref":"北海道","city":"岩見沢市","town":"上幌向南一条"}],"0363":[{"pref":"北海道","city":"岩見沢市","town":"上幌向南二条"}],"0364":[{"pref":"北海道","city":"岩見沢市","town":"上幌向南三条"}],"0365":[{"pref":"北海道","city":"岩見沢市","town":"上幌向町"}],"0351":[{"pref":"北海道","city":"岩見沢市","town":"北村砂浜"}],"0376":[{"pref":"北海道","city":"岩見沢市","town":"中幌向町"}],"0366":[{"pref":"北海道","city":"岩見沢市","town":"双葉町"}],"0381":[{"pref":"北海道","city":"岩見沢市","town":"幌向北一条"}],"0382":[{"pref":"北海道","city":"岩見沢市","town":"幌向北二条"}],"0371":[{"pref":"北海道","city":"岩見沢市","town":"幌向南一条"}],"0372":[{"pref":"北海道","city":"岩見沢市","town":"幌向南二条"}],"0373":[{"pref":"北海道","city":"岩見沢市","town":"幌向南三条"}],"0374":[{"pref":"北海道","city":"岩見沢市","town":"幌向南四条"}],"0375":[{"pref":"北海道","city":"岩見沢市","town":"幌向南五条"}],"0383":[{"pref":"北海道","city":"岩見沢市","town":"幌向町"}],"0826":[{"pref":"北海道","city":"江別市","town":"あさひが丘"}],"0845":[{"pref":"北海道","city":"江別市","town":"大麻"}],"0864":[{"pref":"北海道","city":"江別市","town":"大麻泉町"}],"0843":[{"pref":"北海道","city":"江別市","town":"大麻扇町"}],"0861":[{"pref":"北海道","city":"江別市","town":"大麻北町"}],"0862":[{"pref":"北海道","city":"江別市","town":"大麻栄町"}],"0846":[{"pref":"北海道","city":"江別市","town":"大麻桜木町"}],"0842":[{"pref":"北海道","city":"江別市","town":"大麻沢町"}],"0863":[{"pref":"北海道","city":"江別市","town":"大麻新町"}],"0851":[{"pref":"北海道","city":"江別市","town":"大麻園町"}],"0853":[{"pref":"北海道","city":"江別市","town":"大麻高町"}],"0854":[{"pref":"北海道","city":"江別市","town":"大麻中町"}],"0844":[{"pref":"北海道","city":"江別市","town":"大麻西町"}],"0866":[{"pref":"北海道","city":"江別市","town":"大麻晴美町"}],"0852":[{"pref":"北海道","city":"江別市","town":"大麻東町"}],"0847":[{"pref":"北海道","city":"江別市","town":"大麻ひかり町"}],"0865":[{"pref":"北海道","city":"江別市","town":"大麻南樹町"}],"0855":[{"pref":"北海道","city":"江別市","town":"大麻宮町"}],"0841":[{"pref":"北海道","city":"江別市","town":"大麻元町"}],"0812":[{"pref":"北海道","city":"江別市","town":"幸町"}],"0806":[{"pref":"北海道","city":"江別市","town":"新栄台"}],"0801":[{"pref":"北海道","city":"江別市","town":"中央町"}],"0811":[{"pref":"北海道","city":"江別市","town":"錦町"}],"0832":[{"pref":"北海道","city":"江別市","town":"西野幌"}],"0802":[{"pref":"北海道","city":"江別市","town":"野幌寿町"}],"0815":[{"pref":"北海道","city":"江別市","town":"野幌末広町"}],"0816":[{"pref":"北海道","city":"江別市","town":"野幌住吉町"}],"0803":[{"pref":"北海道","city":"江別市","town":"野幌屯田町"}],"0825":[{"pref":"北海道","city":"江別市","town":"野幌東町"}],"0814":[{"pref":"北海道","city":"江別市","town":"野幌松並町"}],"0804":[{"pref":"北海道","city":"江別市","town":"野幌美幸町"}],"0817":[{"pref":"北海道","city":"江別市","town":"野幌代々木町"}],"0831":[{"pref":"北海道","city":"江別市","town":"野幌若葉町"}],"0813":[{"pref":"北海道","city":"江別市","town":"野幌町"}],"0822":[{"pref":"北海道","city":"江別市","town":"東野幌"}],"0821":[{"pref":"北海道","city":"江別市","town":"東野幌町"}],"0824":[{"pref":"北海道","city":"江別市","town":"東野幌本町"}],"0833":[{"pref":"北海道","city":"江別市","town":"文京台"}],"0834":[{"pref":"北海道","city":"江別市","town":"文京台東町"}],"0836":[{"pref":"北海道","city":"江別市","town":"文京台緑町"}],"0835":[{"pref":"北海道","city":"江別市","town":"文京台南町"}],"0823":[{"pref":"北海道","city":"江別市","town":"緑ケ丘"}],"0867":[{"pref":"北海道","city":"江別市","town":"元野幌（１～４４０番地）"}],"0805":[{"pref":"北海道","city":"江別市","town":"元野幌（その他）"}],"0200":[{"pref":"北海道","city":"空知郡南幌町","town":"以下に掲載がない場合"}],"0239":[{"pref":"北海道","city":"空知郡南幌町","town":"稲穂"}],"0231":[{"pref":"北海道","city":"空知郡南幌町","town":"北町"}],"0237":[{"pref":"北海道","city":"空知郡南幌町","town":"栄町"}],"0235":[{"pref":"北海道","city":"空知郡南幌町","town":"中央"}],"0236":[{"pref":"北海道","city":"空知郡南幌町","town":"西町"}],"0233":[{"pref":"北海道","city":"空知郡南幌町","town":"東町"}],"0234":[{"pref":"北海道","city":"空知郡南幌町","town":"美園"}],"0232":[{"pref":"北海道","city":"空知郡南幌町","town":"緑町"}],"0207":[{"pref":"北海道","city":"空知郡南幌町","town":"南７線西"}],"0208":[{"pref":"北海道","city":"空知郡南幌町","town":"南８線西"}],"0209":[{"pref":"北海道","city":"空知郡南幌町","town":"南９線西"}],"0210":[{"pref":"北海道","city":"空知郡南幌町","town":"南１０線西"}],"0211":[{"pref":"北海道","city":"空知郡南幌町","town":"南１１線西"}],"0212":[{"pref":"北海道","city":"空知郡南幌町","town":"南１２線西"}],"0213":[{"pref":"北海道","city":"空知郡南幌町","town":"南１３線西"}],"0214":[{"pref":"北海道","city":"空知郡南幌町","town":"南１４線西"}],"0215":[{"pref":"北海道","city":"空知郡南幌町","town":"南１５線西"}],"0216":[{"pref":"北海道","city":"空知郡南幌町","town":"南１６線西"}],"0217":[{"pref":"北海道","city":"空知郡南幌町","town":"南１７線西"}],"0218":[{"pref":"北海道","city":"空知郡南幌町","town":"南１８線西"}],"0219":[{"pref":"北海道","city":"空知郡南幌町","town":"南１９線西"}],"0220":[{"pref":"北海道","city":"空知郡南幌町","town":"南２０線西"}],"0221":[{"pref":"北海道","city":"空知郡南幌町","town":"南２１線西"}],"0238":[{"pref":"北海道","city":"空知郡南幌町","town":"元町"}]}