{"1101":[{"pref":"兵庫県","city":"姫路市","town":"広畑区東夢前台"}],"1102":[{"pref":"兵庫県","city":"姫路市","town":"広畑区蒲田"}],"1103":[{"pref":"兵庫県","city":"姫路市","town":"広畑区西夢前台"}],"1104":[{"pref":"兵庫県","city":"姫路市","town":"広畑区才"}],"1105":[{"pref":"兵庫県","city":"姫路市","town":"広畑区則直"}],"1106":[{"pref":"兵庫県","city":"姫路市","town":"広畑区京見町"}],"1107":[{"pref":"兵庫県","city":"姫路市","town":"広畑区西蒲田"}],"1108":[{"pref":"兵庫県","city":"姫路市","town":"広畑区城山町"}],"1111":[{"pref":"兵庫県","city":"姫路市","town":"広畑区北河原町"}],"1112":[{"pref":"兵庫県","city":"姫路市","town":"広畑区北野町"}],"1113":[{"pref":"兵庫県","city":"姫路市","town":"広畑区清水町"}],"1114":[{"pref":"兵庫県","city":"姫路市","town":"広畑区本町"}],"1115":[{"pref":"兵庫県","city":"姫路市","town":"広畑区末広町"}],"1116":[{"pref":"兵庫県","city":"姫路市","town":"広畑区正門通"}],"1121":[{"pref":"兵庫県","city":"姫路市","town":"広畑区東新町"}],"1122":[{"pref":"兵庫県","city":"姫路市","town":"広畑区夢前町"}],"1123":[{"pref":"兵庫県","city":"姫路市","town":"広畑区富士町"}],"1124":[{"pref":"兵庫県","city":"姫路市","town":"広畑区鶴町"}],"1125":[{"pref":"兵庫県","city":"姫路市","town":"広畑区長町"}],"1131":[{"pref":"兵庫県","city":"姫路市","town":"大津区天神町"}],"1132":[{"pref":"兵庫県","city":"姫路市","town":"大津区勘兵衛町"}],"1133":[{"pref":"兵庫県","city":"姫路市","town":"大津区吉美"}],"1134":[{"pref":"兵庫県","city":"姫路市","town":"大津区真砂町"}],"1135":[{"pref":"兵庫県","city":"姫路市","town":"大津区新町"}],"1136":[{"pref":"兵庫県","city":"姫路市","town":"大津区恵美酒町"}],"1141":[{"pref":"兵庫県","city":"姫路市","town":"大津区西土井"}],"1142":[{"pref":"兵庫県","city":"姫路市","town":"大津区北天満町"}],"1143":[{"pref":"兵庫県","city":"姫路市","town":"大津区天満"}],"1144":[{"pref":"兵庫県","city":"姫路市","town":"大津区長松"}],"1145":[{"pref":"兵庫県","city":"姫路市","town":"大津区平松"}],"1146":[{"pref":"兵庫県","city":"姫路市","town":"大津区大津町"}],"1151":[{"pref":"兵庫県","city":"姫路市","town":"広畑区早瀬町"}],"1152":[{"pref":"兵庫県","city":"姫路市","town":"広畑区小松町"}],"1153":[{"pref":"兵庫県","city":"姫路市","town":"広畑区高浜町"}],"1154":[{"pref":"兵庫県","city":"姫路市","town":"広畑区吾妻町"}],"1155":[{"pref":"兵庫県","city":"姫路市","town":"広畑区大町"}],"1156":[{"pref":"兵庫県","city":"姫路市","town":"広畑区小坂"}],"1201":[{"pref":"兵庫県","city":"姫路市","town":"勝原区下太田"}],"1202":[{"pref":"兵庫県","city":"姫路市","town":"勝原区勝山町"}],"1203":[{"pref":"兵庫県","city":"姫路市","town":"勝原区丁"}],"1204":[{"pref":"兵庫県","city":"姫路市","town":"勝原区朝日谷"}],"1205":[{"pref":"兵庫県","city":"姫路市","town":"勝原区大谷"}],"1211":[{"pref":"兵庫県","city":"姫路市","town":"勝原区熊見"}],"1212":[{"pref":"兵庫県","city":"姫路市","town":"勝原区勝原町"}],"1213":[{"pref":"兵庫県","city":"姫路市","town":"勝原区宮田"}],"1214":[{"pref":"兵庫県","city":"姫路市","town":"勝原区山戸"}],"1221":[{"pref":"兵庫県","city":"姫路市","town":"網干区田井"}],"1222":[{"pref":"兵庫県","city":"姫路市","town":"網干区宮内"}],"1223":[{"pref":"兵庫県","city":"姫路市","town":"網干区坂上"}],"1224":[{"pref":"兵庫県","city":"姫路市","town":"網干区津市場"}],"1225":[{"pref":"兵庫県","city":"姫路市","town":"網干区福井"}],"1226":[{"pref":"兵庫県","city":"姫路市","town":"網干区高田"}],"1227":[{"pref":"兵庫県","city":"姫路市","town":"網干区和久"}],"1228":[{"pref":"兵庫県","city":"姫路市","town":"網干区坂出"}],"1231":[{"pref":"兵庫県","city":"姫路市","town":"網干区大江島"}],"1232":[{"pref":"兵庫県","city":"姫路市","town":"網干区大江島寺前町"}],"1233":[{"pref":"兵庫県","city":"姫路市","town":"網干区大江島古川町"}],"1234":[{"pref":"兵庫県","city":"姫路市","town":"網干区新在家"}],"1235":[{"pref":"兵庫県","city":"姫路市","town":"網干区北新在家"}],"1236":[{"pref":"兵庫県","city":"姫路市","town":"網干区網干浜"}],"1241":[{"pref":"兵庫県","city":"姫路市","town":"網干区興浜"}],"1242":[{"pref":"兵庫県","city":"姫路市","town":"網干区浜田"}],"1251":[{"pref":"兵庫県","city":"姫路市","town":"網干区垣内北町"}],"1252":[{"pref":"兵庫県","city":"姫路市","town":"網干区垣内東町"}],"1253":[{"pref":"兵庫県","city":"姫路市","town":"網干区垣内中町"}],"1254":[{"pref":"兵庫県","city":"姫路市","town":"網干区余子浜"}],"1255":[{"pref":"兵庫県","city":"姫路市","town":"網干区垣内南町"}],"1256":[{"pref":"兵庫県","city":"姫路市","town":"網干区垣内西町"}],"1257":[{"pref":"兵庫県","city":"姫路市","town":"網干区垣内本町"}],"1261":[{"pref":"兵庫県","city":"姫路市","town":"余部区下余部"}],"1262":[{"pref":"兵庫県","city":"姫路市","town":"余部区上余部"}],"1263":[{"pref":"兵庫県","city":"姫路市","town":"余部区上川原"}],"1301":[{"pref":"兵庫県","city":"たつの市","town":"御津町黒崎"}],"1311":[{"pref":"兵庫県","city":"たつの市","town":"御津町中島"}],"1312":[{"pref":"兵庫県","city":"たつの市","town":"御津町碇岩"}],"1321":[{"pref":"兵庫県","city":"たつの市","town":"御津町苅屋"}],"1331":[{"pref":"兵庫県","city":"たつの市","town":"御津町岩見"}],"1332":[{"pref":"兵庫県","city":"たつの市","town":"御津町室津"}],"1341":[{"pref":"兵庫県","city":"たつの市","town":"御津町釜屋"}],"1342":[{"pref":"兵庫県","city":"たつの市","town":"御津町朝臣"}],"1500":[{"pref":"兵庫県","city":"揖保郡太子町","town":"以下に掲載がない場合"}],"1501":[{"pref":"兵庫県","city":"揖保郡太子町","town":"山田"}],"1502":[{"pref":"兵庫県","city":"揖保郡太子町","town":"原"}],"1503":[{"pref":"兵庫県","city":"揖保郡太子町","town":"天満山"}],"1504":[{"pref":"兵庫県","city":"揖保郡太子町","town":"黒岡"}],"1511":[{"pref":"兵庫県","city":"揖保郡太子町","town":"太田"}],"1521":[{"pref":"兵庫県","city":"揖保郡太子町","town":"東出"}],"1522":[{"pref":"兵庫県","city":"揖保郡太子町","town":"矢田部"}],"1523":[{"pref":"兵庫県","city":"揖保郡太子町","town":"東南"}],"1524":[{"pref":"兵庫県","city":"揖保郡太子町","town":"東保"}],"1531":[{"pref":"兵庫県","city":"揖保郡太子町","town":"立岡"}],"1532":[{"pref":"兵庫県","city":"揖保郡太子町","town":"糸井"}],"1533":[{"pref":"兵庫県","city":"揖保郡太子町","town":"竹広"}],"1534":[{"pref":"兵庫県","city":"揖保郡太子町","town":"福地"}],"1535":[{"pref":"兵庫県","city":"揖保郡太子町","town":"蓮常寺"}],"1541":[{"pref":"兵庫県","city":"揖保郡太子町","town":"塚森"}],"1542":[{"pref":"兵庫県","city":"揖保郡太子町","town":"米田"}],"1543":[{"pref":"兵庫県","city":"揖保郡太子町","town":"沖代"}],"1544":[{"pref":"兵庫県","city":"揖保郡太子町","town":"吉福"}],"1545":[{"pref":"兵庫県","city":"揖保郡太子町","town":"岩見構"}],"1551":[{"pref":"兵庫県","city":"揖保郡太子町","town":"馬場"}],"1552":[{"pref":"兵庫県","city":"揖保郡太子町","town":"下阿曽"}],"1553":[{"pref":"兵庫県","city":"揖保郡太子町","town":"老原"}],"1554":[{"pref":"兵庫県","city":"揖保郡太子町","town":"船代"}],"1555":[{"pref":"兵庫県","city":"揖保郡太子町","town":"宮本"}],"1556":[{"pref":"兵庫県","city":"揖保郡太子町","town":"常全"}],"1557":[{"pref":"兵庫県","city":"揖保郡太子町","town":"阿曽"}],"1561":[{"pref":"兵庫県","city":"揖保郡太子町","town":"鵤"}],"1571":[{"pref":"兵庫県","city":"揖保郡太子町","town":"広坂"}],"1572":[{"pref":"兵庫県","city":"揖保郡太子町","town":"王子"}],"1573":[{"pref":"兵庫県","city":"揖保郡太子町","town":"上太田"}],"1574":[{"pref":"兵庫県","city":"揖保郡太子町","town":"松ケ下"}],"1575":[{"pref":"兵庫県","city":"揖保郡太子町","town":"佐用岡"}],"1576":[{"pref":"兵庫県","city":"揖保郡太子町","town":"松尾"}],"1601":[{"pref":"兵庫県","city":"たつの市","town":"揖保川町半田"}],"1602":[{"pref":"兵庫県","city":"たつの市","town":"揖保川町野田"}],"1603":[{"pref":"兵庫県","city":"たつの市","town":"揖保川町養久"}],"1611":[{"pref":"兵庫県","city":"たつの市","town":"揖保川町新在家"}],"1612":[{"pref":"兵庫県","city":"たつの市","town":"揖保川町本條"}],"1613":[{"pref":"兵庫県","city":"たつの市","town":"揖保川町二塚"}],"1621":[{"pref":"兵庫県","city":"たつの市","town":"揖保川町正條"}],"1631":[{"pref":"兵庫県","city":"たつの市","town":"揖保川町山津屋"}],"1632":[{"pref":"兵庫県","city":"たつの市","town":"揖保川町黍田"}],"1641":[{"pref":"兵庫県","city":"たつの市","town":"揖保川町原"}],"1642":[{"pref":"兵庫県","city":"たつの市","town":"揖保川町大門"}],"1643":[{"pref":"兵庫県","city":"たつの市","town":"揖保川町神戸北山"}],"1651":[{"pref":"兵庫県","city":"たつの市","town":"揖保川町片島"}],"1661":[{"pref":"兵庫県","city":"たつの市","town":"揖保川町袋尻"}],"1662":[{"pref":"兵庫県","city":"たつの市","town":"揖保川町市場"}],"1663":[{"pref":"兵庫県","city":"たつの市","town":"揖保川町浦部"}],"1664":[{"pref":"兵庫県","city":"たつの市","town":"揖保川町金剛山"}],"1665":[{"pref":"兵庫県","city":"たつの市","town":"揖保川町馬場"}],"2101":[{"pref":"兵庫県","city":"姫路市","town":"夢前町山之内"}],"2102":[{"pref":"兵庫県","city":"姫路市","town":"夢前町新庄"}],"2103":[{"pref":"兵庫県","city":"姫路市","town":"夢前町前之庄"}],"2105":[{"pref":"兵庫県","city":"姫路市","town":"夢前町神種"}],"2106":[{"pref":"兵庫県","city":"姫路市","town":"夢前町莇野"}],"2111":[{"pref":"兵庫県","city":"姫路市","town":"夢前町杉之内"}],"2112":[{"pref":"兵庫県","city":"姫路市","town":"夢前町塩田"}],"2113":[{"pref":"兵庫県","city":"姫路市","town":"夢前町古知之庄"}],"2114":[{"pref":"兵庫県","city":"姫路市","town":"夢前町糸田"}],"2115":[{"pref":"兵庫県","city":"姫路市","town":"夢前町又坂"}],"2116":[{"pref":"兵庫県","city":"姫路市","town":"夢前町寺"}],"2117":[{"pref":"兵庫県","city":"姫路市","town":"夢前町高長"}],"2121":[{"pref":"兵庫県","city":"姫路市","town":"夢前町宮置"}],"2122":[{"pref":"兵庫県","city":"姫路市","town":"夢前町置本"}],"2123":[{"pref":"兵庫県","city":"姫路市","town":"夢前町山冨"}],"2124":[{"pref":"兵庫県","city":"姫路市","town":"夢前町玉田"}],"2131":[{"pref":"兵庫県","city":"姫路市","town":"夢前町戸倉"}],"2132":[{"pref":"兵庫県","city":"姫路市","town":"夢前町古瀬畑"}],"2133":[{"pref":"兵庫県","city":"姫路市","town":"夢前町芦田"}],"2134":[{"pref":"兵庫県","city":"姫路市","town":"夢前町菅生澗"}],"2135":[{"pref":"兵庫県","city":"姫路市","town":"夢前町塚本"}],"2136":[{"pref":"兵庫県","city":"姫路市","town":"夢前町護持"}],"2137":[{"pref":"兵庫県","city":"姫路市","town":"夢前町野畑"}],"2201":[{"pref":"兵庫県","city":"姫路市","town":"書写"}],"2202":[{"pref":"兵庫県","city":"姫路市","town":"北夢前台（１丁目１～７７番地）"}],"2203":[{"pref":"兵庫県","city":"姫路市","town":"書写台"}],"2211":[{"pref":"兵庫県","city":"姫路市","town":"田井台"}],"2212":[{"pref":"兵庫県","city":"姫路市","town":"川西"}],"2213":[{"pref":"兵庫県","city":"姫路市","town":"川西台"}],"2214":[{"pref":"兵庫県","city":"姫路市","town":"西夢前台"}],"2215":[{"pref":"兵庫県","city":"姫路市","town":"飾西台"}],"2216":[{"pref":"兵庫県","city":"姫路市","town":"飾西"}],"2217":[{"pref":"兵庫県","city":"姫路市","town":"町田"}],"2221":[{"pref":"兵庫県","city":"姫路市","town":"青山北"}],"2222":[{"pref":"兵庫県","city":"姫路市","town":"青山"}],"2223":[{"pref":"兵庫県","city":"姫路市","town":"青山南"}],"2224":[{"pref":"兵庫県","city":"姫路市","town":"青山西"}],"2231":[{"pref":"兵庫県","city":"姫路市","town":"石倉"}],"2232":[{"pref":"兵庫県","city":"姫路市","town":"相野"}],"2233":[{"pref":"兵庫県","city":"姫路市","town":"太市中"}],"2234":[{"pref":"兵庫県","city":"姫路市","town":"西脇"}],"2241":[{"pref":"兵庫県","city":"姫路市","town":"刀出"}],"2242":[{"pref":"兵庫県","city":"姫路市","town":"六角"}],"2243":[{"pref":"兵庫県","city":"姫路市","town":"菅生台"}],"2244":[{"pref":"兵庫県","city":"姫路市","town":"実法寺"}],"2245":[{"pref":"兵庫県","city":"姫路市","town":"白鳥台"}],"2246":[{"pref":"兵庫県","city":"姫路市","town":"打越"}],"2247":[{"pref":"兵庫県","city":"姫路市","town":"緑台"}],"2401":[{"pref":"兵庫県","city":"姫路市","town":"安富町安志"}],"2411":[{"pref":"兵庫県","city":"姫路市","town":"安富町三森"}],"2412":[{"pref":"兵庫県","city":"姫路市","town":"安富町名坂"}],"2413":[{"pref":"兵庫県","city":"姫路市","town":"安富町末広"}],"2414":[{"pref":"兵庫県","city":"姫路市","town":"安富町杤原"}],"2415":[{"pref":"兵庫県","city":"姫路市","town":"安富町皆河"}],"2416":[{"pref":"兵庫県","city":"姫路市","town":"安富町関"}],"2421":[{"pref":"兵庫県","city":"姫路市","town":"安富町長野"}],"2422":[{"pref":"兵庫県","city":"姫路市","town":"安富町塩野"}],"2423":[{"pref":"兵庫県","city":"姫路市","town":"安富町狭戸"}],"2424":[{"pref":"兵庫県","city":"姫路市","town":"安富町瀬川"}],"2425":[{"pref":"兵庫県","city":"姫路市","town":"安富町三坂"}],"2426":[{"pref":"兵庫県","city":"姫路市","town":"安富町植木野"}],"2500":[{"pref":"兵庫県","city":"宍粟市","town":"以下に掲載がない場合"}],"2501":[{"pref":"兵庫県","city":"宍粟市","town":"山崎町上ノ"}],"2502":[{"pref":"兵庫県","city":"宍粟市","town":"山崎町中野"}],"2503":[{"pref":"兵庫県","city":"宍粟市","town":"山崎町大谷"}],"2504":[{"pref":"兵庫県","city":"宍粟市","town":"山崎町東下野"}],"2505":[{"pref":"兵庫県","city":"宍粟市","town":"山崎町片山"}],"2506":[{"pref":"兵庫県","city":"宍粟市","town":"山崎町宇野"}],"2507":[{"pref":"兵庫県","city":"宍粟市","town":"山崎町下牧谷"}],"2508":[{"pref":"兵庫県","city":"宍粟市","town":"山崎町上牧谷"}],"2511":[{"pref":"兵庫県","city":"宍粟市","town":"山崎町清野"}],"2512":[{"pref":"兵庫県","city":"宍粟市","town":"山崎町与位"}],"2513":[{"pref":"兵庫県","city":"宍粟市","town":"山崎町梯"}],"2514":[{"pref":"兵庫県","city":"宍粟市","town":"山崎町田井"}],"2515":[{"pref":"兵庫県","city":"宍粟市","town":"山崎町五十波"}],"2516":[{"pref":"兵庫県","city":"宍粟市","town":"山崎町三津"}],"2517":[{"pref":"兵庫県","city":"宍粟市","town":"山崎町生谷"}],"2518":[{"pref":"兵庫県","city":"宍粟市","town":"山崎町横須"}],"2519":[{"pref":"兵庫県","city":"宍粟市","town":"山崎町下町"}],"2521":[{"pref":"兵庫県","city":"宍粟市","town":"山崎町木ノ谷"}],"2522":[{"pref":"兵庫県","city":"宍粟市","town":"山崎町杉ケ瀬"}],"2523":[{"pref":"兵庫県","city":"宍粟市","town":"山崎町母栖"}],"2524":[{"pref":"兵庫県","city":"宍粟市","town":"山崎町三谷"}],"2525":[{"pref":"兵庫県","city":"宍粟市","town":"山崎町神谷"}],"2526":[{"pref":"兵庫県","city":"宍粟市","town":"山崎町矢原"}],"2527":[{"pref":"兵庫県","city":"宍粟市","town":"山崎町岸田"}],"2528":[{"pref":"兵庫県","city":"宍粟市","town":"山崎町野々上"}],"2531":[{"pref":"兵庫県","city":"宍粟市","town":"山崎町中"}],"2532":[{"pref":"兵庫県","city":"宍粟市","town":"山崎町高所"}],"2533":[{"pref":"兵庫県","city":"宍粟市","town":"山崎町須賀沢"}],"2534":[{"pref":"兵庫県","city":"宍粟市","town":"山崎町川戸"}],"2535":[{"pref":"兵庫県","city":"宍粟市","town":"山崎町宇原"}],"2536":[{"pref":"兵庫県","city":"宍粟市","town":"山崎町下宇原"}],"2541":[{"pref":"兵庫県","city":"宍粟市","town":"山崎町下広瀬"}],"2542":[{"pref":"兵庫県","city":"宍粟市","town":"山崎町船元"}],"2543":[{"pref":"兵庫県","city":"宍粟市","town":"山崎町野"}],"2544":[{"pref":"兵庫県","city":"宍粟市","town":"山崎町千本屋"}],"2545":[{"pref":"兵庫県","city":"宍粟市","town":"山崎町中井"}],"2551":[{"pref":"兵庫県","city":"宍粟市","town":"山崎町春安"}],"2552":[{"pref":"兵庫県","city":"宍粟市","town":"山崎町段"}],"2553":[{"pref":"兵庫県","city":"宍粟市","town":"山崎町鶴木"}],"2554":[{"pref":"兵庫県","city":"宍粟市","town":"山崎町御名"}],"2555":[{"pref":"兵庫県","city":"宍粟市","town":"山崎町金谷"}],"2556":[{"pref":"兵庫県","city":"宍粟市","town":"山崎町下比地"}],"2557":[{"pref":"兵庫県","city":"宍粟市","town":"山崎町中比地"}],"2558":[{"pref":"兵庫県","city":"宍粟市","town":"山崎町上比地"}],"2560":[{"pref":"兵庫県","city":"宍粟市","town":"山崎町塩山"}],"2561":[{"pref":"兵庫県","city":"宍粟市","town":"山崎町小茅野"}],"2562":[{"pref":"兵庫県","city":"宍粟市","town":"山崎町大沢"}],"2563":[{"pref":"兵庫県","city":"宍粟市","town":"山崎町塩田"}],"2564":[{"pref":"兵庫県","city":"宍粟市","town":"山崎町青木"}],"2565":[{"pref":"兵庫県","city":"宍粟市","town":"山崎町高下"}],"2566":[{"pref":"兵庫県","city":"宍粟市","town":"山崎町市場"}],"2567":[{"pref":"兵庫県","city":"宍粟市","town":"山崎町木谷"}],"2568":[{"pref":"兵庫県","city":"宍粟市","town":"山崎町葛根"}],"2569":[{"pref":"兵庫県","city":"宍粟市","town":"山崎町土万"}],"2570":[{"pref":"兵庫県","city":"宍粟市","town":"山崎町加生"}],"2571":[{"pref":"兵庫県","city":"宍粟市","town":"山崎町上寺"}],"2572":[{"pref":"兵庫県","city":"宍粟市","town":"山崎町庄能"}],"2573":[{"pref":"兵庫県","city":"宍粟市","town":"山崎町今宿"}],"2574":[{"pref":"兵庫県","city":"宍粟市","town":"山崎町中広瀬"}],"2575":[{"pref":"兵庫県","city":"宍粟市","town":"山崎町山田"}],"2576":[{"pref":"兵庫県","city":"宍粟市","town":"山崎町鹿沢"}],"2577":[{"pref":"兵庫県","city":"宍粟市","town":"山崎町山崎"}],"2578":[{"pref":"兵庫県","city":"宍粟市","town":"山崎町元山崎"}],"2579":[{"pref":"兵庫県","city":"宍粟市","town":"山崎町門前"}],"3201":[{"pref":"兵庫県","city":"宍粟市","town":"千種町千草"}],"3202":[{"pref":"兵庫県","city":"宍粟市","town":"千種町黒土"}],"3211":[{"pref":"兵庫県","city":"宍粟市","town":"千種町岩野辺"}],"3212":[{"pref":"兵庫県","city":"宍粟市","town":"千種町鷹巣"}],"3221":[{"pref":"兵庫県","city":"宍粟市","town":"千種町西山"}],"3222":[{"pref":"兵庫県","city":"宍粟市","town":"千種町奥西山"}],"3223":[{"pref":"兵庫県","city":"宍粟市","town":"千種町室"}],"3224":[{"pref":"兵庫県","city":"宍粟市","town":"千種町七野"}],"3225":[{"pref":"兵庫県","city":"宍粟市","town":"千種町下河野"}],"3231":[{"pref":"兵庫県","city":"宍粟市","town":"千種町河呂"}],"3232":[{"pref":"兵庫県","city":"宍粟市","town":"千種町河内"}],"3233":[{"pref":"兵庫県","city":"宍粟市","town":"千種町西河内"}],"4101":[{"pref":"兵庫県","city":"宍粟市","town":"一宮町倉床"}],"4102":[{"pref":"兵庫県","city":"宍粟市","town":"一宮町横山"}],"4103":[{"pref":"兵庫県","city":"宍粟市","town":"一宮町黒原"}],"4104":[{"pref":"兵庫県","city":"宍粟市","town":"一宮町井内"}],"4105":[{"pref":"兵庫県","city":"宍粟市","town":"一宮町上岸田"}],"4106":[{"pref":"兵庫県","city":"宍粟市","town":"一宮町百千家満"}],"4107":[{"pref":"兵庫県","city":"宍粟市","town":"一宮町草木"}],"4108":[{"pref":"兵庫県","city":"宍粟市","town":"一宮町千町"}],"4111":[{"pref":"兵庫県","city":"宍粟市","town":"一宮町公文"}],"4112":[{"pref":"兵庫県","city":"宍粟市","town":"一宮町森添"}],"4113":[{"pref":"兵庫県","city":"宍粟市","town":"一宮町三方町"}],"4114":[{"pref":"兵庫県","city":"宍粟市","town":"一宮町福野"}],"4115":[{"pref":"兵庫県","city":"宍粟市","town":"一宮町河原田"}],"4121":[{"pref":"兵庫県","city":"宍粟市","town":"一宮町福中"}],"4122":[{"pref":"兵庫県","city":"宍粟市","town":"一宮町福知"}],"4123":[{"pref":"兵庫県","city":"宍粟市","town":"一宮町生栖"}],"4124":[{"pref":"兵庫県","city":"宍粟市","town":"一宮町深河谷"}],"4125":[{"pref":"兵庫県","city":"宍粟市","town":"一宮町西深"}],"4131":[{"pref":"兵庫県","city":"宍粟市","town":"一宮町安積"}],"4132":[{"pref":"兵庫県","city":"宍粟市","town":"一宮町東市場"}],"4133":[{"pref":"兵庫県","city":"宍粟市","town":"一宮町須行名"}],"4134":[{"pref":"兵庫県","city":"宍粟市","town":"一宮町伊和"}],"4135":[{"pref":"兵庫県","city":"宍粟市","town":"一宮町安黒"}],"4136":[{"pref":"兵庫県","city":"宍粟市","town":"一宮町嶋田"}],"4137":[{"pref":"兵庫県","city":"宍粟市","town":"一宮町閏賀"}],"4138":[{"pref":"兵庫県","city":"宍粟市","town":"一宮町西安積"}],"4139":[{"pref":"兵庫県","city":"宍粟市","town":"一宮町杉田"}],"4141":[{"pref":"兵庫県","city":"宍粟市","town":"一宮町東河内"}],"4142":[{"pref":"兵庫県","city":"宍粟市","town":"一宮町能倉"}],"4143":[{"pref":"兵庫県","city":"宍粟市","town":"一宮町上野田"}],"4144":[{"pref":"兵庫県","city":"宍粟市","town":"一宮町下野田"}],"4201":[{"pref":"兵庫県","city":"宍粟市","town":"波賀町戸倉"}],"4202":[{"pref":"兵庫県","city":"宍粟市","town":"波賀町道谷"}],"4203":[{"pref":"兵庫県","city":"宍粟市","town":"波賀町鹿伏"}],"4204":[{"pref":"兵庫県","city":"宍粟市","town":"波賀町引原"}],"4211":[{"pref":"兵庫県","city":"宍粟市","town":"波賀町音水"}],"4212":[{"pref":"兵庫県","city":"宍粟市","town":"波賀町日ノ原"}],"4213":[{"pref":"兵庫県","city":"宍粟市","town":"波賀町原"}],"4214":[{"pref":"兵庫県","city":"宍粟市","town":"波賀町野尻"}],"4215":[{"pref":"兵庫県","city":"宍粟市","town":"波賀町飯見"}],"4216":[{"pref":"兵庫県","city":"宍粟市","town":"波賀町皆木"}],"4221":[{"pref":"兵庫県","city":"宍粟市","town":"波賀町上野"}],"4231":[{"pref":"兵庫県","city":"宍粟市","town":"波賀町有賀"}],"4232":[{"pref":"兵庫県","city":"宍粟市","town":"波賀町斉木"}],"4241":[{"pref":"兵庫県","city":"宍粟市","town":"波賀町安賀"}],"4242":[{"pref":"兵庫県","city":"宍粟市","town":"波賀町今市"}],"4243":[{"pref":"兵庫県","city":"宍粟市","town":"波賀町小野"}],"4244":[{"pref":"兵庫県","city":"宍粟市","town":"波賀町谷"}],"4245":[{"pref":"兵庫県","city":"宍粟市","town":"波賀町日見谷"}],"0101":[{"pref":"兵庫県","city":"姫路市","town":"大塩町"}],"0102":[{"pref":"兵庫県","city":"姫路市","town":"大塩町汐咲"}],"0103":[{"pref":"兵庫県","city":"姫路市","town":"大塩町宮前"}],"0203":[{"pref":"兵庫県","city":"姫路市","town":"飾東町大釜"}],"0204":[{"pref":"兵庫県","city":"姫路市","town":"飾東町大釜新"}],"0209":[{"pref":"兵庫県","city":"姫路市","town":"飾東町小原"}],"0201":[{"pref":"兵庫県","city":"姫路市","town":"飾東町小原新"}],"0214":[{"pref":"兵庫県","city":"姫路市","town":"飾東町唐端新"}],"0202":[{"pref":"兵庫県","city":"姫路市","town":"飾東町北野"}],"0212":[{"pref":"兵庫県","city":"姫路市","town":"飾東町北山"}],"0205":[{"pref":"兵庫県","city":"姫路市","town":"飾東町清住"}],"0217":[{"pref":"兵庫県","city":"姫路市","town":"飾東町佐良和"}],"0211":[{"pref":"兵庫県","city":"姫路市","town":"飾東町塩崎"}],"0216":[{"pref":"兵庫県","city":"姫路市","town":"飾東町志吹"}],"0218":[{"pref":"兵庫県","city":"姫路市","town":"飾東町庄"}],"0219":[{"pref":"兵庫県","city":"姫路市","town":"飾東町豊国"}],"0208":[{"pref":"兵庫県","city":"姫路市","town":"飾東町八重畑"}],"0207":[{"pref":"兵庫県","city":"姫路市","town":"飾東町山崎"}],"0215":[{"pref":"兵庫県","city":"姫路市","town":"飾東町夕陽ケ丘"}],"0245":[{"pref":"兵庫県","city":"姫路市","town":"四郷町明田"}],"0241":[{"pref":"兵庫県","city":"姫路市","town":"四郷町上鈴"}],"0246":[{"pref":"兵庫県","city":"姫路市","town":"四郷町坂元"}],"0242":[{"pref":"兵庫県","city":"姫路市","town":"四郷町中鈴"}],"0247":[{"pref":"兵庫県","city":"姫路市","town":"四郷町東阿保"}],"0243":[{"pref":"兵庫県","city":"姫路市","town":"四郷町本郷"}],"0244":[{"pref":"兵庫県","city":"姫路市","town":"四郷町見野"}],"0248":[{"pref":"兵庫県","city":"姫路市","town":"四郷町山脇"}],"0253":[{"pref":"兵庫県","city":"姫路市","town":"花田町一本松"}],"0255":[{"pref":"兵庫県","city":"姫路市","town":"花田町小川"}],"0252":[{"pref":"兵庫県","city":"姫路市","town":"花田町加納原田"}],"0251":[{"pref":"兵庫県","city":"姫路市","town":"花田町上原田"}],"0256":[{"pref":"兵庫県","city":"姫路市","town":"花田町高木"}],"0254":[{"pref":"兵庫県","city":"姫路市","town":"花田町勅旨"}],"0225":[{"pref":"兵庫県","city":"姫路市","town":"別所町家具町"}],"0223":[{"pref":"兵庫県","city":"姫路市","town":"別所町北宿"}],"0222":[{"pref":"兵庫県","city":"姫路市","town":"別所町小林"}],"0224":[{"pref":"兵庫県","city":"姫路市","town":"別所町佐土"}],"0226":[{"pref":"兵庫県","city":"姫路市","town":"別所町佐土新"}],"0221":[{"pref":"兵庫県","city":"姫路市","town":"別所町別所"}],"0112":[{"pref":"兵庫県","city":"姫路市","town":"的形町福泊"}],"0111":[{"pref":"兵庫県","city":"姫路市","town":"的形町的形"}],"0234":[{"pref":"兵庫県","city":"姫路市","town":"御国野町国分寺"}],"0232":[{"pref":"兵庫県","city":"姫路市","town":"御国野町御着"}],"0233":[{"pref":"兵庫県","city":"姫路市","town":"御国野町西御着"}],"0231":[{"pref":"兵庫県","city":"姫路市","town":"御国野町深志野"}],"0121":[{"pref":"兵庫県","city":"高砂市","town":"北浜町牛谷"}],"0122":[{"pref":"兵庫県","city":"高砂市","town":"北浜町北脇"}],"0123":[{"pref":"兵庫県","city":"高砂市","town":"北浜町西浜"}]}