{"0000":[{"pref":"愛知県","city":"半田市","town":"以下に掲載がない場合"}],"0836":[{"pref":"愛知県","city":"半田市","town":"青山"}],"0838":[{"pref":"愛知県","city":"半田市","town":"旭町"}],"0039":[{"pref":"愛知県","city":"半田市","town":"新居町"}],"0881":[{"pref":"愛知県","city":"半田市","town":"荒古町"}],"0017":[{"pref":"愛知県","city":"半田市","town":"有脇町"}],"0031":[{"pref":"愛知県","city":"半田市","town":"阿原町"}],"0062":[{"pref":"愛知県","city":"半田市","town":"飯森町"}],"0945":[{"pref":"愛知県","city":"半田市","town":"池田町"}],"0001":[{"pref":"愛知県","city":"半田市","town":"石塚町"}],"0858":[{"pref":"愛知県","city":"半田市","town":"泉町"}],"0936":[{"pref":"愛知県","city":"半田市","town":"板山町"}],"0061":[{"pref":"愛知県","city":"半田市","town":"一ノ草町"}],"0014":[{"pref":"愛知県","city":"半田市","town":"一本木町"}],"0011":[{"pref":"愛知県","city":"半田市","town":"稲穂町"}],"0835":[{"pref":"愛知県","city":"半田市","town":"稲荷町"}],"0958":[{"pref":"愛知県","city":"半田市","town":"鵜ノ池町"}],"0952":[{"pref":"愛知県","city":"半田市","town":"馬捨町"}],"0915":[{"pref":"愛知県","city":"半田市","town":"枝山町"}],"0867":[{"pref":"愛知県","city":"半田市","town":"榎下町"}],"0087":[{"pref":"愛知県","city":"半田市","town":"大池町"}],"0015":[{"pref":"愛知県","city":"半田市","town":"大高町"}],"0904":[{"pref":"愛知県","city":"半田市","town":"大坪町"}],"0071":[{"pref":"愛知県","city":"半田市","town":"大伝根町"}],"0083":[{"pref":"愛知県","city":"半田市","town":"大松町"}],"0935":[{"pref":"愛知県","city":"半田市","town":"大湯町"}],"0957":[{"pref":"愛知県","city":"半田市","town":"奥町"}],"0056":[{"pref":"愛知県","city":"半田市","town":"乙川一色町"}],"0046":[{"pref":"愛知県","city":"半田市","town":"乙川市場町"}],"0053":[{"pref":"愛知県","city":"半田市","town":"乙川内山町"}],"0041":[{"pref":"愛知県","city":"半田市","town":"乙川太田町"}],"0047":[{"pref":"愛知県","city":"半田市","town":"乙川北側町"}],"0066":[{"pref":"愛知県","city":"半田市","town":"乙川源内林町"}],"0051":[{"pref":"愛知県","city":"半田市","town":"乙川栄町"}],"0057":[{"pref":"愛知県","city":"半田市","town":"乙川新町"}],"0803":[{"pref":"愛知県","city":"半田市","town":"乙川末広町"}],"0052":[{"pref":"愛知県","city":"半田市","town":"乙川高良町"}],"0045":[{"pref":"愛知県","city":"半田市","town":"乙川殿町"}],"0068":[{"pref":"愛知県","city":"半田市","town":"乙川西ノ宮町"}],"0067":[{"pref":"愛知県","city":"半田市","town":"乙川畑田町"}],"0044":[{"pref":"愛知県","city":"半田市","town":"乙川八幡町"}],"0043":[{"pref":"愛知県","city":"半田市","town":"乙川浜側町"}],"0048":[{"pref":"愛知県","city":"半田市","town":"乙川稗田町"}],"0065":[{"pref":"愛知県","city":"半田市","town":"乙川深田町"}],"0042":[{"pref":"愛知県","city":"半田市","town":"乙川向田町"}],"0064":[{"pref":"愛知県","city":"半田市","town":"乙川薬師町"}],"0058":[{"pref":"愛知県","city":"半田市","town":"乙川吉野町"}],"0063":[{"pref":"愛知県","city":"半田市","town":"乙川若宮町"}],"0054":[{"pref":"愛知県","city":"半田市","town":"乙川町"}],"0967":[{"pref":"愛知県","city":"半田市","town":"欠ケ下町"}],"0923":[{"pref":"愛知県","city":"半田市","town":"春日町"}],"0953":[{"pref":"愛知県","city":"半田市","town":"金山町"}],"0004":[{"pref":"愛知県","city":"半田市","town":"上池町"}],"0944":[{"pref":"愛知県","city":"半田市","town":"神代町"}],"0009":[{"pref":"愛知県","city":"半田市","town":"上定光町"}],"0804":[{"pref":"愛知県","city":"半田市","town":"上浜町"}],"0028":[{"pref":"愛知県","city":"半田市","town":"亀崎相生町"}],"0025":[{"pref":"愛知県","city":"半田市","town":"亀崎大洞町"}],"0027":[{"pref":"愛知県","city":"半田市","town":"亀崎北浦町"}],"0026":[{"pref":"愛知県","city":"半田市","town":"亀崎新田町"}],"0024":[{"pref":"愛知県","city":"半田市","town":"亀崎高根町"}],"0022":[{"pref":"愛知県","city":"半田市","town":"亀崎月見町"}],"0029":[{"pref":"愛知県","city":"半田市","town":"亀崎常盤町"}],"0023":[{"pref":"愛知県","city":"半田市","town":"亀崎町"}],"0932":[{"pref":"愛知県","city":"半田市","town":"鴉根町"}],"0918":[{"pref":"愛知県","city":"半田市","town":"雁宿町"}],"0832":[{"pref":"愛知県","city":"半田市","town":"川崎町"}],"0808":[{"pref":"愛知県","city":"半田市","town":"川田町"}],"0937":[{"pref":"愛知県","city":"半田市","town":"神田町"}],"0877":[{"pref":"愛知県","city":"半田市","town":"勘内町"}],"0008":[{"pref":"愛知県","city":"半田市","town":"北大矢知町"}],"0852":[{"pref":"愛知県","city":"半田市","town":"北末広町"}],"0972":[{"pref":"愛知県","city":"半田市","town":"北滑草町"}],"0055":[{"pref":"愛知県","city":"半田市","town":"北浜田町"}],"0927":[{"pref":"愛知県","city":"半田市","town":"北二ツ坂町"}],"0977":[{"pref":"愛知県","city":"半田市","town":"吉田町"}],"0938":[{"pref":"愛知県","city":"半田市","town":"君ケ橋町"}],"0955":[{"pref":"愛知県","city":"半田市","town":"行人町"}],"0854":[{"pref":"愛知県","city":"半田市","town":"協和町"}],"0928":[{"pref":"愛知県","city":"半田市","town":"桐ケ丘"}],"0874":[{"pref":"愛知県","city":"半田市","town":"銀座本町"}],"0976":[{"pref":"愛知県","city":"半田市","town":"黒石町"}],"0816":[{"pref":"愛知県","city":"半田市","town":"源平町"}],"0086":[{"pref":"愛知県","city":"半田市","town":"庚申町"}],"0856":[{"pref":"愛知県","city":"半田市","town":"更生町"}],"0842":[{"pref":"愛知県","city":"半田市","town":"郷中町"}],"0085":[{"pref":"愛知県","city":"半田市","town":"小神町"}],"0806":[{"pref":"愛知県","city":"半田市","town":"古浜町"}],"0814":[{"pref":"愛知県","city":"半田市","town":"幸町"}],"0846":[{"pref":"愛知県","city":"半田市","town":"栄町"}],"0934":[{"pref":"愛知県","city":"半田市","town":"椎ノ木町"}],"0032":[{"pref":"愛知県","city":"半田市","town":"潮干町"}],"0072":[{"pref":"愛知県","city":"半田市","town":"七本木町"}],"0872":[{"pref":"愛知県","city":"半田市","town":"東雲町"}],"0869":[{"pref":"愛知県","city":"半田市","town":"清水東町"}],"0865":[{"pref":"愛知県","city":"半田市","town":"清水西町"}],"0866":[{"pref":"愛知県","city":"半田市","town":"清水北町"}],"0922":[{"pref":"愛知県","city":"半田市","town":"昭和町"}],"0078":[{"pref":"愛知県","city":"半田市","town":"新池町"}],"0886":[{"pref":"愛知県","city":"半田市","town":"新川町"}],"0931":[{"pref":"愛知県","city":"半田市","town":"新宮町"}],"0815":[{"pref":"愛知県","city":"半田市","town":"新栄町"}],"0965":[{"pref":"愛知県","city":"半田市","town":"新生町"}],"0824":[{"pref":"愛知県","city":"半田市","town":"新浜町"}],"0826":[{"pref":"愛知県","city":"半田市","town":"神明町"}],"0831":[{"pref":"愛知県","city":"半田市","town":"十一号地"}],"0954":[{"pref":"愛知県","city":"半田市","town":"十三塚町"}],"0947":[{"pref":"愛知県","city":"半田市","town":"砂谷町"}],"0021":[{"pref":"愛知県","city":"半田市","town":"州の崎町"}],"0862":[{"pref":"愛知県","city":"半田市","town":"住吉町"}],"0917":[{"pref":"愛知県","city":"半田市","town":"清城町"}],"0801":[{"pref":"愛知県","city":"半田市","town":"相賀町"}],"0036":[{"pref":"愛知県","city":"半田市","town":"高砂町"}],"0943":[{"pref":"愛知県","city":"半田市","town":"高峯町"}],"0948":[{"pref":"愛知県","city":"半田市","town":"田代町"}],"0968":[{"pref":"愛知県","city":"半田市","town":"丁田町"}],"0903":[{"pref":"愛知県","city":"半田市","town":"出口町"}],"0844":[{"pref":"愛知県","city":"半田市","town":"寺町"}],"0921":[{"pref":"愛知県","city":"半田市","town":"天神町"}],"0859":[{"pref":"愛知県","city":"半田市","town":"天王町"}],"0914":[{"pref":"愛知県","city":"半田市","town":"土井山町"}],"0924":[{"pref":"愛知県","city":"半田市","town":"東郷町"}],"0817":[{"pref":"愛知県","city":"半田市","town":"東洋町"}],"0075":[{"pref":"愛知県","city":"半田市","town":"苗代町"}],"0037":[{"pref":"愛知県","city":"半田市","town":"中午町"}],"0035":[{"pref":"愛知県","city":"半田市","town":"中億田町"}],"0843":[{"pref":"愛知県","city":"半田市","town":"中島町"}],"0929":[{"pref":"愛知県","city":"半田市","town":"仲田町"}],"0018":[{"pref":"愛知県","city":"半田市","town":"中生見町"}],"0855":[{"pref":"愛知県","city":"半田市","town":"中町"}],"0873":[{"pref":"愛知県","city":"半田市","town":"中村町"}],"0074":[{"pref":"愛知県","city":"半田市","town":"長根町"}],"0941":[{"pref":"愛知県","city":"半田市","town":"滑楚町"}],"0845":[{"pref":"愛知県","city":"半田市","town":"成岩東町"}],"0848":[{"pref":"愛知県","city":"半田市","town":"成岩本町"}],"0933":[{"pref":"愛知県","city":"半田市","town":"新野町"}],"0007":[{"pref":"愛知県","city":"半田市","town":"西大矢知町"}],"0802":[{"pref":"愛知県","city":"半田市","town":"西億田町"}],"0868":[{"pref":"愛知県","city":"半田市","town":"西新町"}],"0016":[{"pref":"愛知県","city":"半田市","town":"西生見町"}],"0884":[{"pref":"愛知県","city":"半田市","town":"西端町"}],"0033":[{"pref":"愛知県","city":"半田市","town":"日東町"}],"0038":[{"pref":"愛知県","city":"半田市","town":"祢宜町"}],"0019":[{"pref":"愛知県","city":"半田市","town":"のぞみが丘"}],"0912":[{"pref":"愛知県","city":"半田市","town":"白山町"}],"0077":[{"pref":"愛知県","city":"半田市","town":"兀山町"}],"0847":[{"pref":"愛知県","city":"半田市","town":"畑合町"}],"0807":[{"pref":"愛知県","city":"半田市","town":"八軒町"}],"0833":[{"pref":"愛知県","city":"半田市","town":"花園町"}],"0088":[{"pref":"愛知県","city":"半田市","town":"花田町"}],"0805":[{"pref":"愛知県","city":"半田市","town":"浜田町"}],"0822":[{"pref":"愛知県","city":"半田市","town":"浜町"}],"0916":[{"pref":"愛知県","city":"半田市","town":"柊町"}],"0003":[{"pref":"愛知県","city":"半田市","town":"東大矢知町"}],"0034":[{"pref":"愛知県","city":"半田市","town":"東億田町"}],"0861":[{"pref":"愛知県","city":"半田市","town":"東新町"}],"0876":[{"pref":"愛知県","city":"半田市","town":"東天王町"}],"0012":[{"pref":"愛知県","city":"半田市","town":"東生見町"}],"0813":[{"pref":"愛知県","city":"半田市","town":"東浜町"}],"0878":[{"pref":"愛知県","city":"半田市","town":"東本町"}],"0975":[{"pref":"愛知県","city":"半田市","town":"彦洲町"}],"0819":[{"pref":"愛知県","city":"半田市","town":"日ノ出町"}],"0964":[{"pref":"愛知県","city":"半田市","town":"平井町"}],"0081":[{"pref":"愛知県","city":"半田市","town":"平地町"}],"0013":[{"pref":"愛知県","city":"半田市","town":"平地馬場町"}],"0857":[{"pref":"愛知県","city":"半田市","town":"広小路町"}],"0971":[{"pref":"愛知県","city":"半田市","town":"深谷町"}],"0978":[{"pref":"愛知県","city":"半田市","town":"福地町"}],"0834":[{"pref":"愛知県","city":"半田市","town":"冨士ケ丘"}],"0821":[{"pref":"愛知県","city":"半田市","town":"船入町"}],"0963":[{"pref":"愛知県","city":"半田市","town":"平和町"}],"0951":[{"pref":"愛知県","city":"半田市","town":"宝来町"}],"0911":[{"pref":"愛知県","city":"半田市","town":"星崎町"}],"0851":[{"pref":"愛知県","city":"半田市","town":"堀崎町"}],"0871":[{"pref":"愛知県","city":"半田市","town":"本町"}],"0825":[{"pref":"愛知県","city":"半田市","town":"前潟町"}],"0863":[{"pref":"愛知県","city":"半田市","town":"前崎東町"}],"0864":[{"pref":"愛知県","city":"半田市","town":"前崎西町"}],"0082":[{"pref":"愛知県","city":"半田市","town":"前田町"}],"0942":[{"pref":"愛知県","city":"半田市","town":"松堀町"}],"0828":[{"pref":"愛知県","city":"半田市","town":"瑞穂町"}],"0956":[{"pref":"愛知県","city":"半田市","town":"三ツ池町"}],"0002":[{"pref":"愛知県","city":"半田市","town":"緑ケ丘"}],"0827":[{"pref":"愛知県","city":"半田市","town":"港本町"}],"0823":[{"pref":"愛知県","city":"半田市","town":"港町"}],"0006":[{"pref":"愛知県","city":"半田市","town":"南大矢知町"}],"0853":[{"pref":"愛知県","city":"半田市","town":"南末広町"}],"0926":[{"pref":"愛知県","city":"半田市","town":"南二ツ坂町"}],"0882":[{"pref":"愛知県","city":"半田市","town":"南本町"}],"0073":[{"pref":"愛知県","city":"半田市","town":"美原町"}],"0902":[{"pref":"愛知県","city":"半田市","town":"宮路町"}],"0925":[{"pref":"愛知県","city":"半田市","town":"宮本町"}],"0887":[{"pref":"愛知県","city":"半田市","town":"御幸町"}],"0883":[{"pref":"愛知県","city":"半田市","town":"妙見町"}],"0084":[{"pref":"愛知県","city":"半田市","town":"向山町"}],"0959":[{"pref":"愛知県","city":"半田市","town":"桃山町"}],"0962":[{"pref":"愛知県","city":"半田市","town":"岩滑高山町"}],"0961":[{"pref":"愛知県","city":"半田市","town":"岩滑中町"}],"0905":[{"pref":"愛知県","city":"半田市","town":"岩滑東町"}],"0966":[{"pref":"愛知県","city":"半田市","town":"岩滑西町"}],"0901":[{"pref":"愛知県","city":"半田市","town":"岩滑南浜町"}],"0906":[{"pref":"愛知県","city":"半田市","town":"岩滑北浜町"}],"0875":[{"pref":"愛知県","city":"半田市","town":"山崎町"}],"0974":[{"pref":"愛知県","city":"半田市","town":"山代町"}],"0841":[{"pref":"愛知県","city":"半田市","town":"大和町"}],"0885":[{"pref":"愛知県","city":"半田市","town":"山ノ神町"}],"0837":[{"pref":"愛知県","city":"半田市","town":"有楽町"}],"0005":[{"pref":"愛知県","city":"半田市","town":"横川町"}],"0076":[{"pref":"愛知県","city":"半田市","town":"横松上町"}],"0946":[{"pref":"愛知県","city":"半田市","town":"横山町"}],"0973":[{"pref":"愛知県","city":"半田市","town":"葭谷町"}],"0939":[{"pref":"愛知県","city":"半田市","town":"四方木町"}]}