{"6001":[{"pref":"愛知県","city":"名古屋市西区","town":"牛島町名古屋ルーセントタワー（１階）"}],"6002":[{"pref":"愛知県","city":"名古屋市西区","town":"牛島町名古屋ルーセントタワー（２階）"}],"6003":[{"pref":"愛知県","city":"名古屋市西区","town":"牛島町名古屋ルーセントタワー（３階）"}],"6004":[{"pref":"愛知県","city":"名古屋市西区","town":"牛島町名古屋ルーセントタワー（４階）"}],"6005":[{"pref":"愛知県","city":"名古屋市西区","town":"牛島町名古屋ルーセントタワー（５階）"}],"6006":[{"pref":"愛知県","city":"名古屋市西区","town":"牛島町名古屋ルーセントタワー（６階）"}],"6007":[{"pref":"愛知県","city":"名古屋市西区","town":"牛島町名古屋ルーセントタワー（７階）"}],"6008":[{"pref":"愛知県","city":"名古屋市西区","town":"牛島町名古屋ルーセントタワー（８階）"}],"6009":[{"pref":"愛知県","city":"名古屋市西区","town":"牛島町名古屋ルーセントタワー（９階）"}],"6010":[{"pref":"愛知県","city":"名古屋市西区","town":"牛島町名古屋ルーセントタワー（１０階）"}],"6011":[{"pref":"愛知県","city":"名古屋市西区","town":"牛島町名古屋ルーセントタワー（１１階）"}],"6012":[{"pref":"愛知県","city":"名古屋市西区","town":"牛島町名古屋ルーセントタワー（１２階）"}],"6013":[{"pref":"愛知県","city":"名古屋市西区","town":"牛島町名古屋ルーセントタワー（１３階）"}],"6014":[{"pref":"愛知県","city":"名古屋市西区","town":"牛島町名古屋ルーセントタワー（１４階）"}],"6015":[{"pref":"愛知県","city":"名古屋市西区","town":"牛島町名古屋ルーセントタワー（１５階）"}],"6016":[{"pref":"愛知県","city":"名古屋市西区","town":"牛島町名古屋ルーセントタワー（１６階）"}],"6017":[{"pref":"愛知県","city":"名古屋市西区","town":"牛島町名古屋ルーセントタワー（１７階）"}],"6018":[{"pref":"愛知県","city":"名古屋市西区","town":"牛島町名古屋ルーセントタワー（１８階）"}],"6019":[{"pref":"愛知県","city":"名古屋市西区","town":"牛島町名古屋ルーセントタワー（１９階）"}],"6020":[{"pref":"愛知県","city":"名古屋市西区","town":"牛島町名古屋ルーセントタワー（２０階）"}],"6021":[{"pref":"愛知県","city":"名古屋市西区","town":"牛島町名古屋ルーセントタワー（２１階）"}],"6022":[{"pref":"愛知県","city":"名古屋市西区","town":"牛島町名古屋ルーセントタワー（２２階）"}],"6023":[{"pref":"愛知県","city":"名古屋市西区","town":"牛島町名古屋ルーセントタワー（２３階）"}],"6024":[{"pref":"愛知県","city":"名古屋市西区","town":"牛島町名古屋ルーセントタワー（２４階）"}],"6025":[{"pref":"愛知県","city":"名古屋市西区","town":"牛島町名古屋ルーセントタワー（２５階）"}],"6026":[{"pref":"愛知県","city":"名古屋市西区","town":"牛島町名古屋ルーセントタワー（２６階）"}],"6027":[{"pref":"愛知県","city":"名古屋市西区","town":"牛島町名古屋ルーセントタワー（２７階）"}],"6028":[{"pref":"愛知県","city":"名古屋市西区","town":"牛島町名古屋ルーセントタワー（２８階）"}],"6029":[{"pref":"愛知県","city":"名古屋市西区","town":"牛島町名古屋ルーセントタワー（２９階）"}],"6030":[{"pref":"愛知県","city":"名古屋市西区","town":"牛島町名古屋ルーセントタワー（３０階）"}],"6031":[{"pref":"愛知県","city":"名古屋市西区","town":"牛島町名古屋ルーセントタワー（３１階）"}],"6032":[{"pref":"愛知県","city":"名古屋市西区","town":"牛島町名古屋ルーセントタワー（３２階）"}],"6033":[{"pref":"愛知県","city":"名古屋市西区","town":"牛島町名古屋ルーセントタワー（３３階）"}],"6034":[{"pref":"愛知県","city":"名古屋市西区","town":"牛島町名古屋ルーセントタワー（３４階）"}],"6035":[{"pref":"愛知県","city":"名古屋市西区","town":"牛島町名古屋ルーセントタワー（３５階）"}],"6036":[{"pref":"愛知県","city":"名古屋市西区","town":"牛島町名古屋ルーセントタワー（３６階）"}],"6037":[{"pref":"愛知県","city":"名古屋市西区","town":"牛島町名古屋ルーセントタワー（３７階）"}],"6038":[{"pref":"愛知県","city":"名古屋市西区","town":"牛島町名古屋ルーセントタワー（３８階）"}],"6039":[{"pref":"愛知県","city":"名古屋市西区","town":"牛島町名古屋ルーセントタワー（３９階）"}],"6040":[{"pref":"愛知県","city":"名古屋市西区","town":"牛島町名古屋ルーセントタワー（４０階）"}],"6090":[{"pref":"愛知県","city":"名古屋市西区","town":"牛島町名古屋ルーセントタワー（地階・階層不明）"}],"0000":[{"pref":"愛知県","city":"名古屋市西区","town":"以下に掲載がない場合"}],"0021":[{"pref":"愛知県","city":"名古屋市西区","town":"天塚町"}],"0012":[{"pref":"愛知県","city":"名古屋市西区","town":"稲生町"}],"0046":[{"pref":"愛知県","city":"名古屋市西区","town":"牛島町（次のビルを除く）"}],"0013":[{"pref":"愛知県","city":"名古屋市西区","town":"江向町"}],"0082":[{"pref":"愛知県","city":"名古屋市西区","town":"大金町"}],"0063":[{"pref":"愛知県","city":"名古屋市西区","town":"押切"}],"0022":[{"pref":"愛知県","city":"名古屋市西区","town":"貝田町"}],"0072":[{"pref":"愛知県","city":"名古屋市西区","town":"笠取町"}],"0025":[{"pref":"愛知県","city":"名古屋市西区","town":"上名古屋"}],"0084":[{"pref":"愛知県","city":"名古屋市西区","town":"上堀越町"}],"0044":[{"pref":"愛知県","city":"名古屋市西区","town":"菊井"}],"0075":[{"pref":"愛知県","city":"名古屋市西区","town":"康生通"}],"0015":[{"pref":"愛知県","city":"名古屋市西区","town":"香呑町"}],"0066":[{"pref":"愛知県","city":"名古屋市西区","town":"児玉"}],"0052":[{"pref":"愛知県","city":"名古屋市西区","town":"栄生"}],"0077":[{"pref":"愛知県","city":"名古屋市西区","town":"笹塚町"}],"0031":[{"pref":"愛知県","city":"名古屋市西区","town":"城西"}],"0061":[{"pref":"愛知県","city":"名古屋市西区","town":"浄心"}],"0073":[{"pref":"愛知県","city":"名古屋市西区","town":"浄心本通"}],"0016":[{"pref":"愛知県","city":"名古屋市西区","town":"庄内通"}],"0023":[{"pref":"愛知県","city":"名古屋市西区","town":"城北町"}],"0083":[{"pref":"愛知県","city":"名古屋市西区","town":"新福寺町"}],"0043":[{"pref":"愛知県","city":"名古屋市西区","town":"新道"}],"0032":[{"pref":"愛知県","city":"名古屋市西区","town":"数寄屋町"}],"0035":[{"pref":"愛知県","city":"名古屋市西区","town":"浅間"}],"0026":[{"pref":"愛知県","city":"名古屋市西区","town":"田幡町"}],"0024":[{"pref":"愛知県","city":"名古屋市西区","town":"秩父通"}],"0065":[{"pref":"愛知県","city":"名古屋市西区","town":"天神山町"}],"0076":[{"pref":"愛知県","city":"名古屋市西区","town":"東岸町"}],"0071":[{"pref":"愛知県","city":"名古屋市西区","town":"鳥見町"}],"0042":[{"pref":"愛知県","city":"名古屋市西区","town":"那古野"}],"0081":[{"pref":"愛知県","city":"名古屋市西区","town":"名塚町"}],"0027":[{"pref":"愛知県","city":"名古屋市西区","town":"西志賀町"}],"0051":[{"pref":"愛知県","city":"名古屋市西区","town":"則武新町"}],"0062":[{"pref":"愛知県","city":"名古屋市西区","town":"花の木"}],"0041":[{"pref":"愛知県","city":"名古屋市西区","town":"幅下"}],"0034":[{"pref":"愛知県","city":"名古屋市西区","town":"樋の口町"}],"0053":[{"pref":"愛知県","city":"名古屋市西区","town":"枇杷島"}],"0055":[{"pref":"愛知県","city":"名古屋市西区","town":"堀越"}],"0033":[{"pref":"愛知県","city":"名古屋市西区","town":"堀端町"}],"0011":[{"pref":"愛知県","city":"名古屋市西区","town":"桝形町"}],"0014":[{"pref":"愛知県","city":"名古屋市西区","town":"又穂町"}],"0074":[{"pref":"愛知県","city":"名古屋市西区","town":"万代町"}],"0054":[{"pref":"愛知県","city":"名古屋市西区","town":"南堀越"}],"0045":[{"pref":"愛知県","city":"名古屋市西区","town":"名駅"}],"0064":[{"pref":"愛知県","city":"名古屋市西区","town":"名西"}]}