{"0000":[{"pref":"熊本県","city":"水俣市","town":"以下に掲載がない場合"}],"0044":[{"pref":"熊本県","city":"水俣市","town":"旭町"}],"0063":[{"pref":"熊本県","city":"水俣市","town":"洗切町"}],"0174":[{"pref":"熊本県","city":"水俣市","town":"石坂川"}],"0172":[{"pref":"熊本県","city":"水俣市","town":"市渡瀬"}],"0056":[{"pref":"熊本県","city":"水俣市","town":"梅戸町"}],"0036":[{"pref":"熊本県","city":"水俣市","town":"浦上町"}],"0032":[{"pref":"熊本県","city":"水俣市","town":"江添"}],"0022":[{"pref":"熊本県","city":"水俣市","town":"江南町"}],"0283":[{"pref":"熊本県","city":"水俣市","town":"大川"}],"0009":[{"pref":"熊本県","city":"水俣市","town":"大迫"}],"0042":[{"pref":"熊本県","city":"水俣市","town":"大園町"}],"0057":[{"pref":"熊本県","city":"水俣市","town":"祇園町"}],"0281":[{"pref":"熊本県","city":"水俣市","town":"久木野"}],"0173":[{"pref":"熊本県","city":"水俣市","town":"葛渡"}],"0066":[{"pref":"熊本県","city":"水俣市","town":"古賀町"}],"0284":[{"pref":"熊本県","city":"水俣市","town":"越小場"}],"0012":[{"pref":"熊本県","city":"水俣市","town":"古城"}],"0001":[{"pref":"熊本県","city":"水俣市","town":"小津奈木"}],"0064":[{"pref":"熊本県","city":"水俣市","town":"幸町"}],"0059":[{"pref":"熊本県","city":"水俣市","town":"栄町"}],"0045":[{"pref":"熊本県","city":"水俣市","town":"桜井町"}],"0007":[{"pref":"熊本県","city":"水俣市","town":"桜ケ丘"}],"0067":[{"pref":"熊本県","city":"水俣市","town":"塩浜町"}],"0054":[{"pref":"熊本県","city":"水俣市","town":"汐見町"}],"0051":[{"pref":"熊本県","city":"水俣市","town":"昭和町"}],"0006":[{"pref":"熊本県","city":"水俣市","town":"白浜町"}],"0011":[{"pref":"熊本県","city":"水俣市","town":"陣内"}],"0016":[{"pref":"熊本県","city":"水俣市","town":"薄原（桜野、桜野上場、芦刈赤林）"}],"0116":[{"pref":"熊本県","city":"水俣市","town":"薄原（その他）"}],"0043":[{"pref":"熊本県","city":"水俣市","town":"大黒町"}],"0048":[{"pref":"熊本県","city":"水俣市","town":"多々良町"}],"0062":[{"pref":"熊本県","city":"水俣市","town":"築地"}],"0035":[{"pref":"熊本県","city":"水俣市","town":"月浦"}],"0041":[{"pref":"熊本県","city":"水俣市","town":"天神町"}],"0014":[{"pref":"熊本県","city":"水俣市","town":"中鶴"}],"0033":[{"pref":"熊本県","city":"水俣市","town":"長崎"}],"0024":[{"pref":"熊本県","city":"水俣市","town":"長野"}],"0013":[{"pref":"熊本県","city":"水俣市","town":"長野町"}],"0023":[{"pref":"熊本県","city":"水俣市","town":"南福寺"}],"0053":[{"pref":"熊本県","city":"水俣市","town":"野口町"}],"0031":[{"pref":"熊本県","city":"水俣市","town":"八ノ窪町"}],"0061":[{"pref":"熊本県","city":"水俣市","town":"八幡町"}],"0002":[{"pref":"熊本県","city":"水俣市","town":"初野"}],"0008":[{"pref":"熊本県","city":"水俣市","town":"浜"}],"0065":[{"pref":"熊本県","city":"水俣市","town":"浜町"}],"0068":[{"pref":"熊本県","city":"水俣市","town":"浜松町"}],"0003":[{"pref":"熊本県","city":"水俣市","town":"ひばりケ丘"}],"0049":[{"pref":"熊本県","city":"水俣市","town":"百間町"}],"0021":[{"pref":"熊本県","city":"水俣市","town":"平町"}],"0015":[{"pref":"熊本県","city":"水俣市","town":"深川"}],"0034":[{"pref":"熊本県","city":"水俣市","town":"袋"}],"0282":[{"pref":"熊本県","city":"水俣市","town":"古里"}],"0171":[{"pref":"熊本県","city":"水俣市","town":"宝川内"}],"0005":[{"pref":"熊本県","city":"水俣市","town":"牧ノ内"}],"0058":[{"pref":"熊本県","city":"水俣市","town":"丸島町"}],"0047":[{"pref":"熊本県","city":"水俣市","town":"緑ケ丘"}],"0052":[{"pref":"熊本県","city":"水俣市","town":"港町"}],"0055":[{"pref":"熊本県","city":"水俣市","town":"明神町"}],"0046":[{"pref":"熊本県","city":"水俣市","town":"山手町"}],"0025":[{"pref":"熊本県","city":"水俣市","town":"湯出"}],"0004":[{"pref":"熊本県","city":"水俣市","town":"わらび野"}]}