{"0000":[{"pref":"東京都","city":"江戸川区","town":"以下に掲載がない場合"}],"0024":[{"pref":"東京都","city":"江戸川区","town":"一之江"}],"0013":[{"pref":"東京都","city":"江戸川区","town":"江戸川（１～３丁目、４丁目１～１４番）"}],"0022":[{"pref":"東京都","city":"江戸川区","town":"大杉"}],"0034":[{"pref":"東京都","city":"江戸川区","town":"小松川"}],"0021":[{"pref":"東京都","city":"江戸川区","town":"中央"}],"0001":[{"pref":"東京都","city":"江戸川区","town":"新堀"}],"0023":[{"pref":"東京都","city":"江戸川区","town":"西一之江"}],"0032":[{"pref":"東京都","city":"江戸川区","town":"西小松川町"}],"0015":[{"pref":"東京都","city":"江戸川区","town":"西瑞江（３丁目、４丁目３～９番）"}],"0003":[{"pref":"東京都","city":"江戸川区","town":"春江町（１～３丁目）"}],"0033":[{"pref":"東京都","city":"江戸川区","town":"東小松川"}],"0014":[{"pref":"東京都","city":"江戸川区","town":"東瑞江"}],"0035":[{"pref":"東京都","city":"江戸川区","town":"平井"}],"0025":[{"pref":"東京都","city":"江戸川区","town":"松江"}],"0031":[{"pref":"東京都","city":"江戸川区","town":"松島"}],"0011":[{"pref":"東京都","city":"江戸川区","town":"瑞江"}],"0002":[{"pref":"東京都","city":"江戸川区","town":"谷河内（１丁目）"}]}