{"8001":[{"pref":"兵庫県","city":"姫路市","town":"兼田"}],"8002":[{"pref":"兵庫県","city":"姫路市","town":"北原"}],"8003":[{"pref":"兵庫県","city":"姫路市","town":"奥山"}],"8004":[{"pref":"兵庫県","city":"姫路市","town":"継"}],"8011":[{"pref":"兵庫県","city":"姫路市","town":"白浜町神田"}],"8012":[{"pref":"兵庫県","city":"姫路市","town":"白浜町寺家"}],"8013":[{"pref":"兵庫県","city":"姫路市","town":"白浜町宇佐崎北"}],"8014":[{"pref":"兵庫県","city":"姫路市","town":"東山"}],"8015":[{"pref":"兵庫県","city":"姫路市","town":"八家"}],"8016":[{"pref":"兵庫県","city":"姫路市","town":"木場"}],"8017":[{"pref":"兵庫県","city":"姫路市","town":"木場十八反町"}],"8018":[{"pref":"兵庫県","city":"姫路市","town":"木場前中町"}],"8019":[{"pref":"兵庫県","city":"姫路市","town":"木場前七反町"}],"8021":[{"pref":"兵庫県","city":"姫路市","town":"白浜町宇佐崎中"}],"8022":[{"pref":"兵庫県","city":"姫路市","town":"白浜町宇佐崎南"}],"8023":[{"pref":"兵庫県","city":"姫路市","town":"白浜町"}],"8024":[{"pref":"兵庫県","city":"姫路市","town":"白浜町灘浜"}],"8025":[{"pref":"兵庫県","city":"姫路市","town":"飾磨区堀川町"}],"8030":[{"pref":"兵庫県","city":"姫路市","town":"飾磨区阿成植木"}],"8031":[{"pref":"兵庫県","city":"姫路市","town":"飾磨区妻鹿"}],"8032":[{"pref":"兵庫県","city":"姫路市","town":"飾磨区妻鹿東海町"}],"8033":[{"pref":"兵庫県","city":"姫路市","town":"飾磨区妻鹿日田町"}],"8034":[{"pref":"兵庫県","city":"姫路市","town":"飾磨区妻鹿常盤町"}],"8035":[{"pref":"兵庫県","city":"姫路市","town":"飾磨区中島"}],"8036":[{"pref":"兵庫県","city":"姫路市","town":"飾磨区三和町"}],"8037":[{"pref":"兵庫県","city":"姫路市","town":"飾磨区阿成"}],"8038":[{"pref":"兵庫県","city":"姫路市","town":"飾磨区阿成鹿古"}],"8039":[{"pref":"兵庫県","city":"姫路市","town":"飾磨区阿成渡場"}],"8040":[{"pref":"兵庫県","city":"姫路市","town":"飾磨区野田町"}],"8041":[{"pref":"兵庫県","city":"姫路市","town":"三条町（２丁目）"}],"8043":[{"pref":"兵庫県","city":"姫路市","town":"飾磨区上野田"}],"8044":[{"pref":"兵庫県","city":"姫路市","town":"飾磨区下野田"}],"8045":[{"pref":"兵庫県","city":"姫路市","town":"飾磨区中野田"}],"8046":[{"pref":"兵庫県","city":"姫路市","town":"飾磨区都倉"}],"8047":[{"pref":"兵庫県","city":"姫路市","town":"飾磨区亀山"}],"8048":[{"pref":"兵庫県","city":"姫路市","town":"飾磨区三宅"}],"8049":[{"pref":"兵庫県","city":"姫路市","town":"佃町"}],"8051":[{"pref":"兵庫県","city":"姫路市","town":"飾磨区清水"}],"8052":[{"pref":"兵庫県","city":"姫路市","town":"飾磨区玉地"}],"8053":[{"pref":"兵庫県","city":"姫路市","town":"飾磨区栄町"}],"8054":[{"pref":"兵庫県","city":"姫路市","town":"飾磨区東堀"}],"8055":[{"pref":"兵庫県","city":"姫路市","town":"飾磨区宮"}],"8056":[{"pref":"兵庫県","city":"姫路市","town":"飾磨区御幸"}],"8057":[{"pref":"兵庫県","city":"姫路市","town":"飾磨区恵美酒"}],"8058":[{"pref":"兵庫県","city":"姫路市","town":"飾磨区阿成中垣内"}],"8059":[{"pref":"兵庫県","city":"姫路市","town":"飾磨区阿成下垣内"}],"8061":[{"pref":"兵庫県","city":"姫路市","town":"飾磨区天神"}],"8062":[{"pref":"兵庫県","city":"姫路市","town":"飾磨区大浜"}],"8063":[{"pref":"兵庫県","city":"姫路市","town":"飾磨区須加"}],"8064":[{"pref":"兵庫県","city":"姫路市","town":"飾磨区細江"}],"8069":[{"pref":"兵庫県","city":"姫路市","town":"飾磨区加茂南"}],"8070":[{"pref":"兵庫県","city":"姫路市","town":"飾磨区加茂東"}],"8071":[{"pref":"兵庫県","city":"姫路市","town":"飾磨区構"}],"8072":[{"pref":"兵庫県","city":"姫路市","town":"飾磨区蓼野町"}],"8073":[{"pref":"兵庫県","city":"姫路市","town":"飾磨区加茂北"}],"8074":[{"pref":"兵庫県","city":"姫路市","town":"飾磨区加茂"}],"8075":[{"pref":"兵庫県","city":"姫路市","town":"飾磨区思案橋"}],"8076":[{"pref":"兵庫県","city":"姫路市","town":"飾磨区入船町"}],"8077":[{"pref":"兵庫県","city":"姫路市","town":"飾磨区粕谷新町"}],"8078":[{"pref":"兵庫県","city":"姫路市","town":"飾磨区英賀"}],"8079":[{"pref":"兵庫県","city":"姫路市","town":"飾磨区今在家"}],"8080":[{"pref":"兵庫県","city":"姫路市","town":"飾磨区英賀宮町"}],"8081":[{"pref":"兵庫県","city":"姫路市","town":"飾磨区高町"}],"8082":[{"pref":"兵庫県","city":"姫路市","town":"飾磨区付城"}],"8083":[{"pref":"兵庫県","city":"姫路市","town":"飾磨区城南町"}],"8084":[{"pref":"兵庫県","city":"姫路市","town":"飾磨区英賀清水町"}],"8085":[{"pref":"兵庫県","city":"姫路市","town":"飾磨区中浜町"}],"8086":[{"pref":"兵庫県","city":"姫路市","town":"飾磨区西浜町"}],"8087":[{"pref":"兵庫県","city":"姫路市","town":"飾磨区英賀東町"}],"8088":[{"pref":"兵庫県","city":"姫路市","town":"飾磨区英賀西町"}],"8089":[{"pref":"兵庫県","city":"姫路市","town":"飾磨区英賀宮台"}],"8090":[{"pref":"兵庫県","city":"姫路市","town":"飾磨区今在家北"}],"8091":[{"pref":"兵庫県","city":"姫路市","town":"飾磨区英賀保駅前町"}],"8092":[{"pref":"兵庫県","city":"姫路市","town":"飾磨区英賀春日町"}],"8093":[{"pref":"兵庫県","city":"姫路市","town":"飾磨区矢倉町"}],"8094":[{"pref":"兵庫県","city":"姫路市","town":"飾磨区鎌倉町"}],"8095":[{"pref":"兵庫県","city":"姫路市","town":"飾磨区若宮町"}],"8096":[{"pref":"兵庫県","city":"姫路市","town":"飾磨区山崎台"}],"8097":[{"pref":"兵庫県","city":"姫路市","town":"飾磨区山崎"}],"8098":[{"pref":"兵庫県","city":"姫路市","town":"飾磨区富士見ケ丘町"}],"0103":[{"pref":"兵庫県","city":"姫路市","town":"家島町坊勢"}],"0101":[{"pref":"兵庫県","city":"姫路市","town":"家島町真浦"}],"0102":[{"pref":"兵庫県","city":"姫路市","town":"家島町宮"}]}