{"0000":[{"pref":"神奈川県","city":"横浜市鶴見区","town":"以下に掲載がない場合"}],"0033":[{"pref":"神奈川県","city":"横浜市鶴見区","town":"朝日町"}],"0035":[{"pref":"神奈川県","city":"横浜市鶴見区","town":"安善町"}],"0021":[{"pref":"神奈川県","city":"横浜市鶴見区","town":"市場上町"}],"0024":[{"pref":"神奈川県","city":"横浜市鶴見区","town":"市場下町"}],"0022":[{"pref":"神奈川県","city":"横浜市鶴見区","town":"市場東中町"}],"0023":[{"pref":"神奈川県","city":"横浜市鶴見区","town":"市場西中町"}],"0026":[{"pref":"神奈川県","city":"横浜市鶴見区","town":"市場富士見町"}],"0025":[{"pref":"神奈川県","city":"横浜市鶴見区","town":"市場大和町"}],"0041":[{"pref":"神奈川県","city":"横浜市鶴見区","town":"潮田町"}],"0002":[{"pref":"神奈川県","city":"横浜市鶴見区","town":"江ケ崎町"}],"0055":[{"pref":"神奈川県","city":"横浜市鶴見区","town":"扇島"}],"0046":[{"pref":"神奈川県","city":"横浜市鶴見区","town":"小野町"}],"0072":[{"pref":"神奈川県","city":"横浜市鶴見区","town":"梶山"}],"0011":[{"pref":"神奈川県","city":"横浜市鶴見区","town":"上末吉"}],"0075":[{"pref":"神奈川県","city":"横浜市鶴見区","town":"上の宮"}],"0034":[{"pref":"神奈川県","city":"横浜市鶴見区","town":"寛政町"}],"0078":[{"pref":"神奈川県","city":"横浜市鶴見区","town":"岸谷"}],"0074":[{"pref":"神奈川県","city":"横浜市鶴見区","town":"北寺尾"}],"0071":[{"pref":"神奈川県","city":"横浜市鶴見区","town":"駒岡"}],"0038":[{"pref":"神奈川県","city":"横浜市鶴見区","town":"栄町通"}],"0043":[{"pref":"神奈川県","city":"横浜市鶴見区","town":"汐入町"}],"0073":[{"pref":"神奈川県","city":"横浜市鶴見区","town":"獅子ケ谷"}],"0047":[{"pref":"神奈川県","city":"横浜市鶴見区","town":"下野谷町"}],"0003":[{"pref":"神奈川県","city":"横浜市鶴見区","town":"尻手"}],"0012":[{"pref":"神奈川県","city":"横浜市鶴見区","town":"下末吉"}],"0045":[{"pref":"神奈川県","city":"横浜市鶴見区","town":"末広町"}],"0027":[{"pref":"神奈川県","city":"横浜市鶴見区","town":"菅沢町"}],"0014":[{"pref":"神奈川県","city":"横浜市鶴見区","town":"諏訪坂"}],"0053":[{"pref":"神奈川県","city":"横浜市鶴見区","town":"大黒町"}],"0054":[{"pref":"神奈川県","city":"横浜市鶴見区","town":"大黒ふ頭"}],"0032":[{"pref":"神奈川県","city":"横浜市鶴見区","town":"大東町"}],"0061":[{"pref":"神奈川県","city":"横浜市鶴見区","town":"佃野町"}],"0063":[{"pref":"神奈川県","city":"横浜市鶴見区","town":"鶴見"}],"0051":[{"pref":"神奈川県","city":"横浜市鶴見区","town":"鶴見中央"}],"0015":[{"pref":"神奈川県","city":"横浜市鶴見区","town":"寺谷"}],"0062":[{"pref":"神奈川県","city":"横浜市鶴見区","town":"豊岡町"}],"0042":[{"pref":"神奈川県","city":"横浜市鶴見区","town":"仲通"}],"0052":[{"pref":"神奈川県","city":"横浜市鶴見区","town":"生麦"}],"0076":[{"pref":"神奈川県","city":"横浜市鶴見区","town":"馬場"}],"0036":[{"pref":"神奈川県","city":"横浜市鶴見区","town":"浜町"}],"0077":[{"pref":"神奈川県","city":"横浜市鶴見区","town":"東寺尾"}],"0017":[{"pref":"神奈川県","city":"横浜市鶴見区","town":"東寺尾中台"}],"0018":[{"pref":"神奈川県","city":"横浜市鶴見区","town":"東寺尾東台"}],"0016":[{"pref":"神奈川県","city":"横浜市鶴見区","town":"東寺尾北台"}],"0031":[{"pref":"神奈川県","city":"横浜市鶴見区","town":"平安町"}],"0044":[{"pref":"神奈川県","city":"横浜市鶴見区","town":"弁天町"}],"0048":[{"pref":"神奈川県","city":"横浜市鶴見区","town":"本町通"}],"0013":[{"pref":"神奈川県","city":"横浜市鶴見区","town":"三ツ池公園"}],"0037":[{"pref":"神奈川県","city":"横浜市鶴見区","town":"向井町"}],"0004":[{"pref":"神奈川県","city":"横浜市鶴見区","town":"元宮"}],"0001":[{"pref":"神奈川県","city":"横浜市鶴見区","town":"矢向"}]}