{"8101":[{"pref":"岡山県","city":"岡山市東区","town":"西隆寺"}],"8102":[{"pref":"岡山県","city":"岡山市東区","town":"久保"}],"8103":[{"pref":"岡山県","city":"岡山市東区","town":"河本町"}],"8104":[{"pref":"岡山県","city":"岡山市東区","town":"富崎"}],"8105":[{"pref":"岡山県","city":"岡山市東区","town":"吉原"}],"8106":[{"pref":"岡山県","city":"岡山市東区","town":"西庄"}],"8107":[{"pref":"岡山県","city":"岡山市東区","town":"福治"}],"8111":[{"pref":"岡山県","city":"岡山市東区","town":"西大寺北"}],"8112":[{"pref":"岡山県","city":"岡山市東区","town":"西大寺上"}],"8113":[{"pref":"岡山県","city":"岡山市東区","town":"西大寺"}],"8114":[{"pref":"岡山県","city":"岡山市東区","town":"西大寺東"}],"8115":[{"pref":"岡山県","city":"岡山市東区","town":"向州"}],"8116":[{"pref":"岡山県","city":"岡山市東区","town":"西大寺中"}],"8117":[{"pref":"岡山県","city":"岡山市東区","town":"西大寺南"}],"8121":[{"pref":"岡山県","city":"岡山市東区","town":"西大寺射越"}],"8122":[{"pref":"岡山県","city":"岡山市東区","town":"西大寺新地"}],"8123":[{"pref":"岡山県","city":"岡山市東区","town":"西大寺門前"}],"8124":[{"pref":"岡山県","city":"岡山市東区","town":"西大寺五明"}],"8125":[{"pref":"岡山県","city":"岡山市東区","town":"西大寺川口"}],"8126":[{"pref":"岡山県","city":"岡山市東区","town":"西大寺浜"}],"8127":[{"pref":"岡山県","city":"岡山市東区","town":"西大寺新"}],"8131":[{"pref":"岡山県","city":"岡山市東区","town":"長沼"}],"8132":[{"pref":"岡山県","city":"岡山市東区","town":"邑久郷"}],"8133":[{"pref":"岡山県","city":"岡山市東区","town":"宿毛"}],"8134":[{"pref":"岡山県","city":"岡山市東区","town":"北幸田"}],"8135":[{"pref":"岡山県","city":"岡山市東区","town":"東幸西"}],"8136":[{"pref":"岡山県","city":"岡山市東区","town":"西幸西"}],"8137":[{"pref":"岡山県","city":"岡山市東区","town":"乙子"}],"8138":[{"pref":"岡山県","city":"岡山市東区","town":"神崎町"}],"8141":[{"pref":"岡山県","city":"岡山市東区","town":"下阿知"}],"8142":[{"pref":"岡山県","city":"岡山市東区","town":"上阿知"}],"8143":[{"pref":"岡山県","city":"岡山市東区","town":"千手"}],"8144":[{"pref":"岡山県","city":"岡山市東区","town":"西大寺一宮"}],"8145":[{"pref":"岡山県","city":"岡山市東区","town":"東幸崎"}],"8146":[{"pref":"岡山県","city":"岡山市東区","town":"南水門町"}],"8147":[{"pref":"岡山県","city":"岡山市東区","town":"正儀"}],"8148":[{"pref":"岡山県","city":"岡山市東区","town":"水門町"}],"8149":[{"pref":"岡山県","city":"岡山市東区","town":"幸地崎町"}],"8151":[{"pref":"岡山県","city":"岡山市東区","town":"東片岡"}],"8152":[{"pref":"岡山県","city":"岡山市東区","town":"宝伝"}],"8153":[{"pref":"岡山県","city":"岡山市東区","town":"犬島"}],"8154":[{"pref":"岡山県","city":"岡山市東区","town":"久々井"}],"8155":[{"pref":"岡山県","city":"岡山市東区","town":"西片岡"}],"8161":[{"pref":"岡山県","city":"岡山市東区","town":"九蟠"}],"8162":[{"pref":"岡山県","city":"岡山市東区","town":"豊田"}],"8163":[{"pref":"岡山県","city":"岡山市東区","town":"升田"}],"8164":[{"pref":"岡山県","city":"岡山市東区","town":"光津"}],"8165":[{"pref":"岡山県","city":"岡山市東区","town":"政津"}],"8166":[{"pref":"岡山県","city":"岡山市東区","town":"君津"}],"8171":[{"pref":"岡山県","city":"岡山市東区","town":"目黒町"}],"8172":[{"pref":"岡山県","city":"岡山市東区","town":"大多羅町"}],"8173":[{"pref":"岡山県","city":"岡山市東区","town":"可知"}],"8174":[{"pref":"岡山県","city":"岡山市東区","town":"松新町"}],"8175":[{"pref":"岡山県","city":"岡山市東区","town":"益野町"}],"8176":[{"pref":"岡山県","city":"岡山市東区","town":"中川町"}],"8181":[{"pref":"岡山県","city":"岡山市東区","town":"浅越"}],"8182":[{"pref":"岡山県","city":"岡山市東区","town":"広谷"}],"8183":[{"pref":"岡山県","city":"岡山市東区","town":"西大寺松崎"}],"8184":[{"pref":"岡山県","city":"岡山市東区","town":"富士見町"}],"8191":[{"pref":"岡山県","city":"岡山市東区","town":"西大寺中野"}],"8192":[{"pref":"岡山県","city":"岡山市東区","town":"西大寺中野本町"}],"8193":[{"pref":"岡山県","city":"岡山市東区","town":"金岡西町"}],"8194":[{"pref":"岡山県","city":"岡山市東区","town":"金岡東町"}],"8195":[{"pref":"岡山県","city":"岡山市東区","town":"西大寺金岡"}],"8196":[{"pref":"岡山県","city":"岡山市東区","town":"金田"}]}