{"0000":[{"pref":"愛知県","city":"一宮市","town":"以下に掲載がない場合"}],"0882":[{"pref":"愛知県","city":"一宮市","town":"相生"}],"0023":[{"pref":"愛知県","city":"一宮市","town":"赤見"}],"0871":[{"pref":"愛知県","city":"一宮市","town":"浅野"}],"0028":[{"pref":"愛知県","city":"一宮市","town":"朝日"}],"0114":[{"pref":"愛知県","city":"一宮市","town":"浅井町江森"}],"0143":[{"pref":"愛知県","city":"一宮市","town":"浅井町大野"}],"0105":[{"pref":"愛知県","city":"一宮市","town":"浅井町大日比野"}],"0101":[{"pref":"愛知県","city":"一宮市","town":"浅井町尾関"}],"0102":[{"pref":"愛知県","city":"一宮市","town":"浅井町尾関（長田）"}],"0141":[{"pref":"愛知県","city":"一宮市","town":"浅井町黒岩"}],"0142":[{"pref":"愛知県","city":"一宮市","town":"浅井町河田"}],"0111":[{"pref":"愛知県","city":"一宮市","town":"浅井町河端"}],"0104":[{"pref":"愛知県","city":"一宮市","town":"浅井町小日比野"}],"0144":[{"pref":"愛知県","city":"一宮市","town":"浅井町極楽寺"}],"0112":[{"pref":"愛知県","city":"一宮市","town":"浅井町東浅井"}],"0113":[{"pref":"愛知県","city":"一宮市","town":"浅井町西浅井"}],"0115":[{"pref":"愛知県","city":"一宮市","town":"浅井町西海戸"}],"0103":[{"pref":"愛知県","city":"一宮市","town":"浅井町前野"}],"0835":[{"pref":"愛知県","city":"一宮市","town":"あずら"}],"0902":[{"pref":"愛知県","city":"一宮市","town":"一色町"}],"0855":[{"pref":"愛知県","city":"一宮市","town":"石山町"}],"0861":[{"pref":"愛知県","city":"一宮市","town":"泉"}],"0059":[{"pref":"愛知県","city":"一宮市","town":"一宮"}],"0061":[{"pref":"愛知県","city":"一宮市","town":"乾町"}],"0058":[{"pref":"愛知県","city":"一宮市","town":"今伊勢町馬寄（舟入）"}],"0051":[{"pref":"愛知県","city":"一宮市","town":"今伊勢町馬寄（その他）"}],"0052":[{"pref":"愛知県","city":"一宮市","town":"今伊勢町新神戸"}],"0053":[{"pref":"愛知県","city":"一宮市","town":"今伊勢町本神戸"}],"0057":[{"pref":"愛知県","city":"一宮市","town":"今伊勢町宮後"}],"0865":[{"pref":"愛知県","city":"一宮市","town":"印田通"}],"0846":[{"pref":"愛知県","city":"一宮市","town":"牛野通"}],"0015":[{"pref":"愛知県","city":"一宮市","town":"大赤見"}],"0851":[{"pref":"愛知県","city":"一宮市","town":"大江"}],"0132":[{"pref":"愛知県","city":"一宮市","town":"大毛"}],"0035":[{"pref":"愛知県","city":"一宮市","town":"大浜"}],"0044":[{"pref":"愛知県","city":"一宮市","town":"大宮"}],"0201":[{"pref":"愛知県","city":"一宮市","town":"奥町"}],"0068":[{"pref":"愛知県","city":"一宮市","town":"小栗町"}],"0045":[{"pref":"愛知県","city":"一宮市","town":"音羽"}],"0082":[{"pref":"愛知県","city":"一宮市","town":"小原町"}],"0904":[{"pref":"愛知県","city":"一宮市","town":"神山"}],"0933":[{"pref":"愛知県","city":"一宮市","town":"苅安賀"}],"0853":[{"pref":"愛知県","city":"一宮市","town":"川田町"}],"0916":[{"pref":"愛知県","city":"一宮市","town":"観音寺"}],"0031":[{"pref":"愛知県","city":"一宮市","town":"観音町"}],"0055":[{"pref":"愛知県","city":"一宮市","town":"神戸町"}],"0901":[{"pref":"愛知県","city":"一宮市","town":"北浦町"}],"0013":[{"pref":"愛知県","city":"一宮市","town":"北小渕"}],"0069":[{"pref":"愛知県","city":"一宮市","town":"北神明町"}],"0854":[{"pref":"愛知県","city":"一宮市","town":"北園通"}],"0037":[{"pref":"愛知県","city":"一宮市","town":"貴船"}],"0076":[{"pref":"愛知県","city":"一宮市","town":"貴船町"}],"0079":[{"pref":"愛知県","city":"一宮市","town":"九品町"}],"0012":[{"pref":"愛知県","city":"一宮市","town":"小赤見"}],"0842":[{"pref":"愛知県","city":"一宮市","town":"公園通"}],"0135":[{"pref":"愛知県","city":"一宮市","town":"光明寺"}],"0867":[{"pref":"愛知県","city":"一宮市","town":"古金町"}],"0084":[{"pref":"愛知県","city":"一宮市","town":"古見町"}],"0858":[{"pref":"愛知県","city":"一宮市","town":"栄"}],"0036":[{"pref":"愛知県","city":"一宮市","town":"桜"}],"0131":[{"pref":"愛知県","city":"一宮市","town":"笹野"}],"0124":[{"pref":"愛知県","city":"一宮市","town":"佐千原"}],"0134":[{"pref":"愛知県","city":"一宮市","town":"更屋敷"}],"0838":[{"pref":"愛知県","city":"一宮市","town":"猿海道"},{"pref":"愛知県","city":"一宮市","town":"丹陽町猿海道"}],"0066":[{"pref":"愛知県","city":"一宮市","town":"三丹町"}],"0834":[{"pref":"愛知県","city":"一宮市","town":"島崎"}],"0121":[{"pref":"愛知県","city":"一宮市","town":"島村"}],"0122":[{"pref":"愛知県","city":"一宮市","town":"島村（西山）"}],"0845":[{"pref":"愛知県","city":"一宮市","town":"下川田町"}],"0883":[{"pref":"愛知県","city":"一宮市","town":"下田"}],"0032":[{"pref":"愛知県","city":"一宮市","town":"下沼町"}],"0003":[{"pref":"愛知県","city":"一宮市","town":"春明"}],"0063":[{"pref":"愛知県","city":"一宮市","town":"常願通"}],"0004":[{"pref":"愛知県","city":"一宮市","town":"定水寺"}],"0917":[{"pref":"愛知県","city":"一宮市","town":"昭和"}],"0866":[{"pref":"愛知県","city":"一宮市","town":"城崎通"}],"0879":[{"pref":"愛知県","city":"一宮市","town":"白旗通"}],"0912":[{"pref":"愛知県","city":"一宮市","town":"新生"}],"0918":[{"pref":"愛知県","city":"一宮市","town":"末広"}],"0136":[{"pref":"愛知県","city":"一宮市","town":"杉山"}],"0919":[{"pref":"愛知県","city":"一宮市","town":"住吉"}],"0001":[{"pref":"愛知県","city":"一宮市","town":"瀬部"}],"0873":[{"pref":"愛知県","city":"一宮市","town":"せんい"}],"0852":[{"pref":"愛知県","city":"一宮市","town":"大志"}],"0054":[{"pref":"愛知県","city":"一宮市","town":"大正通"}],"0837":[{"pref":"愛知県","city":"一宮市","town":"多加木"}],"0125":[{"pref":"愛知県","city":"一宮市","town":"高田"}],"0073":[{"pref":"愛知県","city":"一宮市","town":"高畑町"}],"0937":[{"pref":"愛知県","city":"一宮市","town":"竹橋町"}],"0086":[{"pref":"愛知県","city":"一宮市","town":"田島町"}],"0133":[{"pref":"愛知県","city":"一宮市","town":"田所"}],"0823":[{"pref":"愛知県","city":"一宮市","town":"丹陽町五日市場"}],"0824":[{"pref":"愛知県","city":"一宮市","town":"丹陽町九日市場"}],"0821":[{"pref":"愛知県","city":"一宮市","town":"丹陽町重吉"}],"0836":[{"pref":"愛知県","city":"一宮市","town":"丹陽町多加木"}],"0825":[{"pref":"愛知県","city":"一宮市","town":"丹陽町外崎"}],"0826":[{"pref":"愛知県","city":"一宮市","town":"丹陽町三ツ井"}],"0827":[{"pref":"愛知県","city":"一宮市","town":"丹陽町森本"},{"pref":"愛知県","city":"一宮市","town":"三ツ井"}],"0816":[{"pref":"愛知県","city":"一宮市","town":"千秋町浅野羽根"}],"0805":[{"pref":"愛知県","city":"一宮市","town":"千秋町一色"}],"0806":[{"pref":"愛知県","city":"一宮市","town":"千秋町浮野"}],"0814":[{"pref":"愛知県","city":"一宮市","town":"千秋町小山"}],"0802":[{"pref":"愛知県","city":"一宮市","town":"千秋町勝栗"}],"0811":[{"pref":"愛知県","city":"一宮市","town":"千秋町加納馬場"}],"0801":[{"pref":"愛知県","city":"一宮市","town":"千秋町加茂"}],"0804":[{"pref":"愛知県","city":"一宮市","town":"千秋町佐野"}],"0815":[{"pref":"愛知県","city":"一宮市","town":"千秋町塩尻"}],"0812":[{"pref":"愛知県","city":"一宮市","town":"千秋町芝原"}],"0817":[{"pref":"愛知県","city":"一宮市","town":"千秋町天摩"}],"0803":[{"pref":"愛知県","city":"一宮市","town":"千秋町穂積塚本"}],"0813":[{"pref":"愛知県","city":"一宮市","town":"千秋町町屋"}],"0075":[{"pref":"愛知県","city":"一宮市","town":"寺島町"}],"0936":[{"pref":"愛知県","city":"一宮市","town":"寺前町"}],"0046":[{"pref":"愛知県","city":"一宮市","town":"天王"}],"0828":[{"pref":"愛知県","city":"一宮市","town":"伝法寺"}],"0002":[{"pref":"愛知県","city":"一宮市","town":"時之島"}],"0848":[{"pref":"愛知県","city":"一宮市","town":"殿町"}],"0123":[{"pref":"愛知県","city":"一宮市","town":"富塚"}],"0072":[{"pref":"愛知県","city":"一宮市","town":"中島通"}],"0913":[{"pref":"愛知県","city":"一宮市","town":"中町"}],"0071":[{"pref":"愛知県","city":"一宮市","town":"長島町"}],"0005":[{"pref":"愛知県","city":"一宮市","town":"西大海道"}],"0081":[{"pref":"愛知県","city":"一宮市","town":"西小原町"}],"0062":[{"pref":"愛知県","city":"一宮市","town":"西島町"}],"0907":[{"pref":"愛知県","city":"一宮市","town":"西出町"}],"0938":[{"pref":"愛知県","city":"一宮市","town":"日光町"}],"0083":[{"pref":"愛知県","city":"一宮市","town":"丹羽"}],"0911":[{"pref":"愛知県","city":"一宮市","town":"野口"}],"0354":[{"pref":"愛知県","city":"一宮市","town":"萩原町朝宮"}],"0366":[{"pref":"愛知県","city":"一宮市","town":"萩原町河田方"}],"0376":[{"pref":"愛知県","city":"一宮市","town":"萩原町串作"}],"0371":[{"pref":"愛知県","city":"一宮市","town":"萩原町高木"}],"0373":[{"pref":"愛知県","city":"一宮市","town":"萩原町高松"}],"0372":[{"pref":"愛知県","city":"一宮市","town":"萩原町滝"}],"0374":[{"pref":"愛知県","city":"一宮市","town":"萩原町築込"}],"0375":[{"pref":"愛知県","city":"一宮市","town":"萩原町戸苅"}],"0352":[{"pref":"愛知県","city":"一宮市","town":"萩原町富田方"}],"0364":[{"pref":"愛知県","city":"一宮市","town":"萩原町中島"}],"0365":[{"pref":"愛知県","city":"一宮市","town":"萩原町西御堂"}],"0363":[{"pref":"愛知県","city":"一宮市","town":"萩原町東宮重"}],"0362":[{"pref":"愛知県","city":"一宮市","town":"萩原町西宮重"}],"0353":[{"pref":"愛知県","city":"一宮市","town":"萩原町萩原"}],"0351":[{"pref":"愛知県","city":"一宮市","town":"萩原町花井方"}],"0361":[{"pref":"愛知県","city":"一宮市","town":"萩原町林野"}],"0025":[{"pref":"愛知県","city":"一宮市","town":"羽衣"}],"0903":[{"pref":"愛知県","city":"一宮市","town":"八幡"}],"0844":[{"pref":"愛知県","city":"一宮市","town":"八町通"}],"0914":[{"pref":"愛知県","city":"一宮市","town":"花池"}],"0034":[{"pref":"愛知県","city":"一宮市","town":"浜町"}],"0863":[{"pref":"愛知県","city":"一宮市","town":"東印田町"}],"0074":[{"pref":"愛知県","city":"一宮市","town":"東島町"}],"0056":[{"pref":"愛知県","city":"一宮市","town":"東出町"}],"0021":[{"pref":"愛知県","city":"一宮市","town":"東両郷町"}],"0833":[{"pref":"愛知県","city":"一宮市","town":"平島"}],"0908":[{"pref":"愛知県","city":"一宮市","town":"深坪町"}],"0024":[{"pref":"愛知県","city":"一宮市","town":"富士"}],"0027":[{"pref":"愛知県","city":"一宮市","town":"藤塚町"}],"0041":[{"pref":"愛知県","city":"一宮市","town":"文京"}],"0872":[{"pref":"愛知県","city":"一宮市","town":"平安"}],"0905":[{"pref":"愛知県","city":"一宮市","town":"平和"}],"0033":[{"pref":"愛知県","city":"一宮市","town":"別明町"}],"0067":[{"pref":"愛知県","city":"一宮市","town":"北丹町"}],"0859":[{"pref":"愛知県","city":"一宮市","town":"本町"}],"0856":[{"pref":"愛知県","city":"一宮市","town":"本町通"}],"0043":[{"pref":"愛知県","city":"一宮市","town":"真清田"}],"0841":[{"pref":"愛知県","city":"一宮市","town":"松島町"}],"0042":[{"pref":"愛知県","city":"一宮市","town":"松降"}],"0078":[{"pref":"愛知県","city":"一宮市","town":"松降通"}],"0085":[{"pref":"愛知県","city":"一宮市","town":"松山町"}],"0874":[{"pref":"愛知県","city":"一宮市","town":"馬見塚"}],"0065":[{"pref":"愛知県","city":"一宮市","town":"水落町"}],"0878":[{"pref":"愛知県","city":"一宮市","town":"水附町"}],"0862":[{"pref":"愛知県","city":"一宮市","town":"緑"}],"0881":[{"pref":"愛知県","city":"一宮市","town":"南印田"}],"0014":[{"pref":"愛知県","city":"一宮市","town":"南小渕"}],"0906":[{"pref":"愛知県","city":"一宮市","town":"南出町"}],"0915":[{"pref":"愛知県","city":"一宮市","town":"宮地"}],"0064":[{"pref":"愛知県","city":"一宮市","town":"宮西通"}],"0921":[{"pref":"愛知県","city":"一宮市","town":"妙興寺"}],"0869":[{"pref":"愛知県","city":"一宮市","town":"向山町"}],"0868":[{"pref":"愛知県","city":"一宮市","town":"向山南"}],"0857":[{"pref":"愛知県","city":"一宮市","town":"明治通"}],"0831":[{"pref":"愛知県","city":"一宮市","town":"森本"}],"0843":[{"pref":"愛知県","city":"一宮市","town":"柳戸町"}],"0923":[{"pref":"愛知県","city":"一宮市","town":"大和町氏永"}],"0924":[{"pref":"愛知県","city":"一宮市","town":"大和町於保"}],"0934":[{"pref":"愛知県","city":"一宮市","town":"大和町苅安賀"}],"0927":[{"pref":"愛知県","city":"一宮市","town":"大和町戸塚"}],"0935":[{"pref":"愛知県","city":"一宮市","town":"大和町福森"}],"0931":[{"pref":"愛知県","city":"一宮市","town":"大和町馬引"}],"0925":[{"pref":"愛知県","city":"一宮市","town":"大和町南高井"}],"0926":[{"pref":"愛知県","city":"一宮市","town":"大和町北高井"}],"0847":[{"pref":"愛知県","city":"一宮市","town":"大和町宮地花池"}],"0922":[{"pref":"愛知県","city":"一宮市","town":"大和町妙興寺"}],"0932":[{"pref":"愛知県","city":"一宮市","town":"大和町毛受"}],"0011":[{"pref":"愛知県","city":"一宮市","town":"柚木颪"}],"0022":[{"pref":"愛知県","city":"一宮市","town":"両郷町"}],"0832":[{"pref":"愛知県","city":"一宮市","town":"若竹"}],"0077":[{"pref":"愛知県","city":"一宮市","town":"枠杁町"}],"0026":[{"pref":"愛知県","city":"一宮市","town":"和光"}]}