{"0000":[{"pref":"山梨県","city":"北杜市","town":"以下に掲載がない場合"}],"0201":[{"pref":"山梨県","city":"北杜市","town":"明野町浅尾"}],"0205":[{"pref":"山梨県","city":"北杜市","town":"明野町浅尾新田"}],"0204":[{"pref":"山梨県","city":"北杜市","town":"明野町上手"}],"0202":[{"pref":"山梨県","city":"北杜市","town":"明野町小笠原"}],"0207":[{"pref":"山梨県","city":"北杜市","town":"明野町上神取"}],"0203":[{"pref":"山梨県","city":"北杜市","town":"明野町三之蔵"}],"0206":[{"pref":"山梨県","city":"北杜市","town":"明野町下神取"}],"0044":[{"pref":"山梨県","city":"北杜市","town":"小淵沢町"}],"0041":[{"pref":"山梨県","city":"北杜市","town":"小淵沢町上笹尾"}],"0043":[{"pref":"山梨県","city":"北杜市","town":"小淵沢町下笹尾"}],"0042":[{"pref":"山梨県","city":"北杜市","town":"小淵沢町松向"}],"0111":[{"pref":"山梨県","city":"北杜市","town":"須玉町穴平"}],"0103":[{"pref":"山梨県","city":"北杜市","town":"須玉町江草"}],"0113":[{"pref":"山梨県","city":"北杜市","town":"須玉町大蔵"}],"0101":[{"pref":"山梨県","city":"北杜市","town":"須玉町小尾"}],"0104":[{"pref":"山梨県","city":"北杜市","town":"須玉町小倉"}],"0116":[{"pref":"山梨県","city":"北杜市","town":"須玉町境之澤"}],"0114":[{"pref":"山梨県","city":"北杜市","town":"須玉町藤田"}],"0105":[{"pref":"山梨県","city":"北杜市","town":"須玉町東向"}],"0102":[{"pref":"山梨県","city":"北杜市","town":"須玉町比志"}],"0115":[{"pref":"山梨県","city":"北杜市","town":"須玉町大豆生田"}],"0112":[{"pref":"山梨県","city":"北杜市","town":"須玉町若神子"}],"0117":[{"pref":"山梨県","city":"北杜市","town":"須玉町若神子新町"}],"0016":[{"pref":"山梨県","city":"北杜市","town":"高根町上黒澤"}],"0013":[{"pref":"山梨県","city":"北杜市","town":"高根町蔵原"}],"0014":[{"pref":"山梨県","city":"北杜市","town":"高根町小池"}],"0017":[{"pref":"山梨県","city":"北杜市","town":"高根町五町田"}],"0015":[{"pref":"山梨県","city":"北杜市","town":"高根町下黒澤"}],"0004":[{"pref":"山梨県","city":"北杜市","town":"高根町堤"}],"0001":[{"pref":"山梨県","city":"北杜市","town":"高根町長沢"}],"0003":[{"pref":"山梨県","city":"北杜市","town":"高根町東井出"}],"0012":[{"pref":"山梨県","city":"北杜市","town":"高根町箕輪"}],"0011":[{"pref":"山梨県","city":"北杜市","town":"高根町箕輪新町"}],"0002":[{"pref":"山梨県","city":"北杜市","town":"高根町村山北割"}],"0018":[{"pref":"山梨県","city":"北杜市","town":"高根町村山西割"}],"0019":[{"pref":"山梨県","city":"北杜市","town":"高根町村山東割"}],"0032":[{"pref":"山梨県","city":"北杜市","town":"長坂町大井ケ森"}],"0034":[{"pref":"山梨県","city":"北杜市","town":"長坂町大八田"}],"0031":[{"pref":"山梨県","city":"北杜市","town":"長坂町小荒間"}],"0023":[{"pref":"山梨県","city":"北杜市","town":"長坂町渋沢"}],"0033":[{"pref":"山梨県","city":"北杜市","town":"長坂町白井沢"}],"0022":[{"pref":"山梨県","city":"北杜市","town":"長坂町塚川"}],"0024":[{"pref":"山梨県","city":"北杜市","town":"長坂町富岡"}],"0021":[{"pref":"山梨県","city":"北杜市","town":"長坂町長坂上条"}],"0025":[{"pref":"山梨県","city":"北杜市","town":"長坂町長坂下条"}],"0037":[{"pref":"山梨県","city":"北杜市","town":"長坂町中島"}],"0036":[{"pref":"山梨県","city":"北杜市","town":"長坂町中丸"}],"0035":[{"pref":"山梨県","city":"北杜市","town":"長坂町夏秋"}],"0026":[{"pref":"山梨県","city":"北杜市","town":"長坂町日野"}],"0319":[{"pref":"山梨県","city":"北杜市","town":"白州町大武川"}],"0318":[{"pref":"山梨県","city":"北杜市","town":"白州町上教来石"}],"0317":[{"pref":"山梨県","city":"北杜市","town":"白州町下教来石"}],"0315":[{"pref":"山梨県","city":"北杜市","town":"白州町白須"}],"0312":[{"pref":"山梨県","city":"北杜市","town":"白州町台ケ原"}],"0314":[{"pref":"山梨県","city":"北杜市","town":"白州町大坊"}],"0316":[{"pref":"山梨県","city":"北杜市","town":"白州町鳥原"}],"0311":[{"pref":"山梨県","city":"北杜市","town":"白州町花水"}],"0313":[{"pref":"山梨県","city":"北杜市","town":"白州町横手"}],"0305":[{"pref":"山梨県","city":"北杜市","town":"武川町黒澤"}],"0304":[{"pref":"山梨県","city":"北杜市","town":"武川町新奥"}],"0302":[{"pref":"山梨県","city":"北杜市","town":"武川町牧原"}],"0301":[{"pref":"山梨県","city":"北杜市","town":"武川町三吹"}],"0303":[{"pref":"山梨県","city":"北杜市","town":"武川町宮脇"}],"0307":[{"pref":"山梨県","city":"北杜市","town":"武川町柳澤"}],"0306":[{"pref":"山梨県","city":"北杜市","town":"武川町山高"}]}