{"1111":[{"pref":"山形県","city":"鶴岡市","town":"茨新田"}],"1112":[{"pref":"山形県","city":"鶴岡市","town":"西沼"}],"1113":[{"pref":"山形県","city":"鶴岡市","town":"長崎"}],"1114":[{"pref":"山形県","city":"鶴岡市","town":"千安京田"}],"1115":[{"pref":"山形県","city":"鶴岡市","town":"辻興屋"}],"1116":[{"pref":"山形県","city":"鶴岡市","town":"面野山"}],"1117":[{"pref":"山形県","city":"鶴岡市","town":"下川"}],"1121":[{"pref":"山形県","city":"鶴岡市","town":"大山（その他）"}],"1122":[{"pref":"山形県","city":"鶴岡市","town":"友江"}],"1123":[{"pref":"山形県","city":"鶴岡市","town":"友江町"}],"1124":[{"pref":"山形県","city":"鶴岡市","town":"大山（丁目）"}],"1125":[{"pref":"山形県","city":"鶴岡市","town":"馬町"}],"1131":[{"pref":"山形県","city":"鶴岡市","town":"菱津"}],"1132":[{"pref":"山形県","city":"鶴岡市","town":"栃屋"}],"1133":[{"pref":"山形県","city":"鶴岡市","town":"下興屋"}],"1134":[{"pref":"山形県","city":"鶴岡市","town":"下小中"}],"1135":[{"pref":"山形県","city":"鶴岡市","town":"中楯"}],"1156":[{"pref":"山形県","city":"鶴岡市","town":"平成町"}],"1201":[{"pref":"山形県","city":"鶴岡市","town":"湯野浜"}],"1202":[{"pref":"山形県","city":"鶴岡市","town":"宮沢"}],"1203":[{"pref":"山形県","city":"鶴岡市","town":"金沢"}],"1204":[{"pref":"山形県","city":"鶴岡市","town":"加茂"}],"1205":[{"pref":"山形県","city":"鶴岡市","town":"油戸"}],"1206":[{"pref":"山形県","city":"鶴岡市","town":"今泉"}],"1300":[{"pref":"山形県","city":"東田川郡三川町","town":"以下に掲載がない場合"}],"1301":[{"pref":"山形県","city":"東田川郡三川町","town":"横山"}],"1311":[{"pref":"山形県","city":"東田川郡三川町","town":"青山"}],"1312":[{"pref":"山形県","city":"東田川郡三川町","town":"善阿弥"}],"1313":[{"pref":"山形県","city":"東田川郡三川町","town":"角田二口"}],"1314":[{"pref":"山形県","city":"東田川郡三川町","town":"東沼"}],"1315":[{"pref":"山形県","city":"東田川郡三川町","town":"神花"}],"1316":[{"pref":"山形県","city":"東田川郡三川町","town":"猪子"}],"1317":[{"pref":"山形県","city":"東田川郡三川町","town":"成田新田"}],"1321":[{"pref":"山形県","city":"東田川郡三川町","town":"押切新田"}],"1322":[{"pref":"山形県","city":"東田川郡三川町","town":"土口"}],"1331":[{"pref":"山形県","city":"東田川郡三川町","town":"助川"}],"1332":[{"pref":"山形県","city":"東田川郡三川町","town":"堤野"}],"1333":[{"pref":"山形県","city":"東田川郡三川町","town":"横内"}],"1334":[{"pref":"山形県","city":"東田川郡三川町","town":"竹原田"}],"1335":[{"pref":"山形県","city":"東田川郡三川町","town":"菱沼"}],"1336":[{"pref":"山形県","city":"東田川郡三川町","town":"加藤"}],"1337":[{"pref":"山形県","city":"東田川郡三川町","town":"小尺"}],"1338":[{"pref":"山形県","city":"東田川郡三川町","town":"横川"}],"1339":[{"pref":"山形県","city":"東田川郡三川町","town":"横川新田"}],"0000":[{"pref":"山形県","city":"鶴岡市","town":"以下に掲載がない場合"}],"0832":[{"pref":"山形県","city":"鶴岡市","town":"青柳町"}],"0051":[{"pref":"山形県","city":"鶴岡市","town":"荒井京田"}],"0621":[{"pref":"山形県","city":"鶴岡市","town":"荒沢"}],"0057":[{"pref":"山形県","city":"鶴岡市","town":"安丹"}],"0755":[{"pref":"山形県","city":"鶴岡市","town":"砂谷"}],"0033":[{"pref":"山形県","city":"鶴岡市","town":"泉町"}],"0802":[{"pref":"山形県","city":"鶴岡市","town":"伊勢原町"}],"0803":[{"pref":"山形県","city":"鶴岡市","town":"伊勢横内"}],"0331":[{"pref":"山形県","city":"鶴岡市","town":"板井川"}],"0834":[{"pref":"山形県","city":"鶴岡市","town":"稲生"}],"0842":[{"pref":"山形県","city":"鶴岡市","town":"井岡"}],"0403":[{"pref":"山形県","city":"鶴岡市","town":"越中山"}],"0823":[{"pref":"山形県","city":"鶴岡市","town":"海老島町"}],"0531":[{"pref":"山形県","city":"鶴岡市","town":"大網"}],"0047":[{"pref":"山形県","city":"鶴岡市","town":"大塚町"}],"0622":[{"pref":"山形県","city":"鶴岡市","town":"大鳥"}],"0831":[{"pref":"山形県","city":"鶴岡市","town":"大西町"}],"0414":[{"pref":"山形県","city":"鶴岡市","town":"大針"}],"0854":[{"pref":"山形県","city":"鶴岡市","town":"大淀川"}],"0843":[{"pref":"山形県","city":"鶴岡市","town":"岡山"}],"0806":[{"pref":"山形県","city":"鶴岡市","town":"遠賀原"}],"0052":[{"pref":"山形県","city":"鶴岡市","town":"覚岸寺"}],"0036":[{"pref":"山形県","city":"鶴岡市","town":"家中新町"}],"0343":[{"pref":"山形県","city":"鶴岡市","town":"桂荒俣"}],"0365":[{"pref":"山形県","city":"鶴岡市","town":"金谷"}],"0847":[{"pref":"山形県","city":"鶴岡市","town":"上清水"}],"0623":[{"pref":"山形県","city":"鶴岡市","town":"上田沢"}],"0405":[{"pref":"山形県","city":"鶴岡市","town":"上名川"}],"0032":[{"pref":"山形県","city":"鶴岡市","town":"上畑町"}],"0346":[{"pref":"山形県","city":"鶴岡市","town":"上山添"}],"0367":[{"pref":"山形県","city":"鶴岡市","town":"上山谷"}],"0805":[{"pref":"山形県","city":"鶴岡市","town":"我老林"}],"0053":[{"pref":"山形県","city":"鶴岡市","town":"北京田"}],"0038":[{"pref":"山形県","city":"鶴岡市","town":"北茅原町"}],"0022":[{"pref":"山形県","city":"鶴岡市","town":"切添町"}],"0411":[{"pref":"山形県","city":"鶴岡市","town":"熊出"}],"0624":[{"pref":"山形県","city":"鶴岡市","town":"倉沢"}],"0311":[{"pref":"山形県","city":"鶴岡市","town":"黒川"}],"0005":[{"pref":"山形県","city":"鶴岡市","town":"小京田"}],"0363":[{"pref":"山形県","city":"鶴岡市","town":"寿"}],"0825":[{"pref":"山形県","city":"鶴岡市","town":"小真木原町"}],"0853":[{"pref":"山形県","city":"鶴岡市","town":"小淀川"}],"0804":[{"pref":"山形県","city":"鶴岡市","town":"斎藤川原"}],"0757":[{"pref":"山形県","city":"鶴岡市","town":"坂野下"}],"0861":[{"pref":"山形県","city":"鶴岡市","town":"桜新町"}],"0821":[{"pref":"山形県","city":"鶴岡市","town":"三光町"}],"0342":[{"pref":"山形県","city":"鶴岡市","town":"三千刈"}],"0028":[{"pref":"山形県","city":"鶴岡市","town":"山王町"}],"0848":[{"pref":"山形県","city":"鶴岡市","town":"清水新田"}],"0845":[{"pref":"山形県","city":"鶴岡市","town":"下清水"}],"0625":[{"pref":"山形県","city":"鶴岡市","town":"下田沢"}],"0404":[{"pref":"山形県","city":"鶴岡市","town":"下名川"}],"0341":[{"pref":"山形県","city":"鶴岡市","town":"下山添"}],"0351":[{"pref":"山形県","city":"鶴岡市","town":"勝福寺"}],"0814":[{"pref":"山形県","city":"鶴岡市","town":"城南町"}],"0041":[{"pref":"山形県","city":"鶴岡市","town":"城北町"}],"0368":[{"pref":"山形県","city":"鶴岡市","town":"青龍寺"}],"0754":[{"pref":"山形県","city":"鶴岡市","town":"少連寺"}],"0027":[{"pref":"山形県","city":"鶴岡市","town":"昭和町"}],"0841":[{"pref":"山形県","city":"鶴岡市","town":"白山"}],"0044":[{"pref":"山形県","city":"鶴岡市","town":"新海町"}],"0852":[{"pref":"山形県","city":"鶴岡市","town":"新斎部"}],"0811":[{"pref":"山形県","city":"鶴岡市","town":"神明町"}],"0015":[{"pref":"山形県","city":"鶴岡市","town":"末広町"}],"0415":[{"pref":"山形県","city":"鶴岡市","town":"砂川"}],"0839":[{"pref":"山形県","city":"鶴岡市","town":"砂田町"}],"0758":[{"pref":"山形県","city":"鶴岡市","town":"関根"}],"0813":[{"pref":"山形県","city":"鶴岡市","town":"千石町"}],"0026":[{"pref":"山形県","city":"鶴岡市","town":"大東町"}],"0049":[{"pref":"山形県","city":"鶴岡市","town":"大部町"}],"0117":[{"pref":"山形県","city":"鶴岡市","town":"大宝寺（中野）"}],"0017":[{"pref":"山形県","city":"鶴岡市","town":"大宝寺（その他）"}],"0369":[{"pref":"山形県","city":"鶴岡市","town":"高坂"}],"0054":[{"pref":"山形県","city":"鶴岡市","town":"高田"}],"0011":[{"pref":"山形県","city":"鶴岡市","town":"宝田"}],"0021":[{"pref":"山形県","city":"鶴岡市","town":"宝町"}],"0753":[{"pref":"山形県","city":"鶴岡市","town":"田川"}],"0364":[{"pref":"山形県","city":"鶴岡市","town":"滝沢"}],"0302":[{"pref":"山形県","city":"鶴岡市","town":"田代"}],"0366":[{"pref":"山形県","city":"鶴岡市","town":"谷定"}],"0532":[{"pref":"山形県","city":"鶴岡市","town":"田麦俣"}],"0303":[{"pref":"山形県","city":"鶴岡市","town":"たらのき代"}],"0014":[{"pref":"山形県","city":"鶴岡市","town":"大宝寺町"}],"0812":[{"pref":"山形県","city":"鶴岡市","town":"長者町"}],"0024":[{"pref":"山形県","city":"鶴岡市","town":"朝暘町"}],"0019":[{"pref":"山形県","city":"鶴岡市","town":"茅原"}],"0018":[{"pref":"山形県","city":"鶴岡市","town":"茅原町"}],"0836":[{"pref":"山形県","city":"鶴岡市","town":"寺田"}],"0012":[{"pref":"山形県","city":"鶴岡市","town":"道形"}],"0013":[{"pref":"山形県","city":"鶴岡市","town":"道形町"}],"0333":[{"pref":"山形県","city":"鶴岡市","town":"常盤木"}],"0815":[{"pref":"山形県","city":"鶴岡市","town":"外内島"}],"0007":[{"pref":"山形県","city":"鶴岡市","town":"豊田"}],"0023":[{"pref":"山形県","city":"鶴岡市","town":"鳥居町"}],"0808":[{"pref":"山形県","city":"鶴岡市","town":"苗津"}],"0809":[{"pref":"山形県","city":"鶴岡市","town":"苗津町"}],"0009":[{"pref":"山形県","city":"鶴岡市","town":"中京田"}],"0846":[{"pref":"山形県","city":"鶴岡市","town":"中清水"}],"0345":[{"pref":"山形県","city":"鶴岡市","town":"中田"}],"0056":[{"pref":"山形県","city":"鶴岡市","town":"中野京田"}],"0401":[{"pref":"山形県","city":"鶴岡市","town":"中野新田"}],"0362":[{"pref":"山形県","city":"鶴岡市","town":"中橋"}],"0413":[{"pref":"山形県","city":"鶴岡市","town":"行沢"}],"0042":[{"pref":"山形県","city":"鶴岡市","town":"新形町"}],"0332":[{"pref":"山形県","city":"鶴岡市","town":"西荒屋"}],"0323":[{"pref":"山形県","city":"鶴岡市","town":"西片屋"}],"0031":[{"pref":"山形県","city":"鶴岡市","town":"錦町"}],"0055":[{"pref":"山形県","city":"鶴岡市","town":"西京田"}],"0045":[{"pref":"山形県","city":"鶴岡市","town":"西新斎町"}],"0039":[{"pref":"山形県","city":"鶴岡市","town":"西茅原町"}],"0851":[{"pref":"山形県","city":"鶴岡市","town":"布目"}],"0819":[{"pref":"山形県","city":"鶴岡市","town":"のぞみ町"}],"0167":[{"pref":"山形県","city":"鶴岡市","town":"羽黒町赤川"}],"0141":[{"pref":"山形県","city":"鶴岡市","town":"羽黒町荒川"}],"0155":[{"pref":"山形県","city":"鶴岡市","town":"羽黒町石野新田"}],"0123":[{"pref":"山形県","city":"鶴岡市","town":"羽黒町市野山"}],"0152":[{"pref":"山形県","city":"鶴岡市","town":"羽黒町猪俣新田"}],"0157":[{"pref":"山形県","city":"鶴岡市","town":"羽黒町後田"}],"0142":[{"pref":"山形県","city":"鶴岡市","town":"羽黒町上野新田"}],"0122":[{"pref":"山形県","city":"鶴岡市","town":"羽黒町大口"}],"0161":[{"pref":"山形県","city":"鶴岡市","town":"羽黒町押口"}],"0108":[{"pref":"山形県","city":"鶴岡市","town":"羽黒町金森目"}],"0163":[{"pref":"山形県","city":"鶴岡市","town":"羽黒町狩谷野目"}],"0131":[{"pref":"山形県","city":"鶴岡市","town":"羽黒町川代"}],"0105":[{"pref":"山形県","city":"鶴岡市","town":"羽黒町川行"}],"0151":[{"pref":"山形県","city":"鶴岡市","town":"羽黒町黒瀬"}],"0107":[{"pref":"山形県","city":"鶴岡市","town":"羽黒町小増川"}],"0104":[{"pref":"山形県","city":"鶴岡市","town":"羽黒町坂ノ下"}],"0127":[{"pref":"山形県","city":"鶴岡市","town":"羽黒町十文字"}],"0125":[{"pref":"山形県","city":"鶴岡市","town":"羽黒町仙道"}],"0106":[{"pref":"山形県","city":"鶴岡市","town":"羽黒町染興屋"}],"0153":[{"pref":"山形県","city":"鶴岡市","town":"羽黒町高寺"}],"0121":[{"pref":"山形県","city":"鶴岡市","town":"羽黒町玉川"}],"0211":[{"pref":"山形県","city":"鶴岡市","town":"羽黒町手向"}],"0103":[{"pref":"山形県","city":"鶴岡市","town":"羽黒町戸野"}],"0165":[{"pref":"山形県","city":"鶴岡市","town":"羽黒町富沢"}],"0102":[{"pref":"山形県","city":"鶴岡市","town":"羽黒町中里"}],"0126":[{"pref":"山形県","city":"鶴岡市","town":"羽黒町野荒町"}],"0143":[{"pref":"山形県","city":"鶴岡市","town":"羽黒町野田"}],"0164":[{"pref":"山形県","city":"鶴岡市","town":"羽黒町昼田"}],"0162":[{"pref":"山形県","city":"鶴岡市","town":"羽黒町細谷"}],"0124":[{"pref":"山形県","city":"鶴岡市","town":"羽黒町増川新田"}],"0101":[{"pref":"山形県","city":"鶴岡市","town":"羽黒町町屋"}],"0156":[{"pref":"山形県","city":"鶴岡市","town":"羽黒町松尾"}],"0158":[{"pref":"山形県","city":"鶴岡市","town":"羽黒町松ケ岡"}],"0154":[{"pref":"山形県","city":"鶴岡市","town":"羽黒町馬渡ノ内下"}],"0166":[{"pref":"山形県","city":"鶴岡市","town":"羽黒町三ツ橋"}],"0035":[{"pref":"山形県","city":"鶴岡市","town":"馬場町"}],"0058":[{"pref":"山形県","city":"鶴岡市","town":"林崎"}],"0002":[{"pref":"山形県","city":"鶴岡市","town":"播磨"}],"0835":[{"pref":"山形県","city":"鶴岡市","town":"番田"}],"0824":[{"pref":"山形県","city":"鶴岡市","town":"日枝"}],"0344":[{"pref":"山形県","city":"鶴岡市","town":"東荒屋"}],"0402":[{"pref":"山形県","city":"鶴岡市","town":"東岩本"}],"0043":[{"pref":"山形県","city":"鶴岡市","town":"東新斎町"}],"0801":[{"pref":"山形県","city":"鶴岡市","town":"東原町"}],"0756":[{"pref":"山形県","city":"鶴岡市","town":"東目"}],"0025":[{"pref":"山形県","city":"鶴岡市","town":"日出"}],"0029":[{"pref":"山形県","city":"鶴岡市","town":"日吉町"}],"0016":[{"pref":"山形県","city":"鶴岡市","town":"日和田町"}],"0008":[{"pref":"山形県","city":"鶴岡市","town":"平田"}],"0006":[{"pref":"山形県","city":"鶴岡市","town":"福田"}],"0751":[{"pref":"山形県","city":"鶴岡市","town":"藤沢"}],"0822":[{"pref":"山形県","city":"鶴岡市","town":"双葉町"}],"0816":[{"pref":"山形県","city":"鶴岡市","town":"文園町"}],"0048":[{"pref":"山形県","city":"鶴岡市","town":"平京田"}],"0003":[{"pref":"山形県","city":"鶴岡市","town":"文下"}],"0321":[{"pref":"山形県","city":"鶴岡市","town":"宝谷"}],"0862":[{"pref":"山形県","city":"鶴岡市","town":"ほなみ町"}],"0412":[{"pref":"山形県","city":"鶴岡市","town":"本郷"}],"0034":[{"pref":"山形県","city":"鶴岡市","town":"本町"}],"0004":[{"pref":"山形県","city":"鶴岡市","town":"本田"}],"0626":[{"pref":"山形県","city":"鶴岡市","town":"松沢"}],"0322":[{"pref":"山形県","city":"鶴岡市","town":"松根"}],"0334":[{"pref":"山形県","city":"鶴岡市","town":"丸岡"}],"0301":[{"pref":"山形県","city":"鶴岡市","town":"馬渡"}],"0857":[{"pref":"山形県","city":"鶴岡市","town":"美咲町"}],"0837":[{"pref":"山形県","city":"鶴岡市","town":"道田町"}],"0046":[{"pref":"山形県","city":"鶴岡市","town":"みどり町"}],"0826":[{"pref":"山形県","city":"鶴岡市","town":"美原町"}],"0818":[{"pref":"山形県","city":"鶴岡市","town":"三和町"}],"0361":[{"pref":"山形県","city":"鶴岡市","town":"民田"}],"0817":[{"pref":"山形県","city":"鶴岡市","town":"睦町"}],"0844":[{"pref":"山形県","city":"鶴岡市","town":"森片"}],"0807":[{"pref":"山形県","city":"鶴岡市","town":"八ツ興屋"}],"0833":[{"pref":"山形県","city":"鶴岡市","town":"柳田"}],"0855":[{"pref":"山形県","city":"鶴岡市","town":"矢馳"}],"0856":[{"pref":"山形県","city":"鶴岡市","town":"山田"}],"0752":[{"pref":"山形県","city":"鶴岡市","town":"湯田川"}],"0001":[{"pref":"山形県","city":"鶴岡市","town":"湯野沢"}],"0827":[{"pref":"山形県","city":"鶴岡市","town":"陽光町"}],"0010":[{"pref":"山形県","city":"鶴岡市","town":"余慶町"}],"0838":[{"pref":"山形県","city":"鶴岡市","town":"淀川町"}],"0037":[{"pref":"山形県","city":"鶴岡市","town":"若葉町"}]}