{"1100":[{"pref":"滋賀県","city":"高島市","town":"以下に掲載がない場合"}],"1101":[{"pref":"滋賀県","city":"高島市","town":"武曽横山"}],"1102":[{"pref":"滋賀県","city":"高島市","town":"野田"}],"1103":[{"pref":"滋賀県","city":"高島市","town":"宮野"}],"1111":[{"pref":"滋賀県","city":"高島市","town":"鴨"}],"1112":[{"pref":"滋賀県","city":"高島市","town":"永田"}],"1121":[{"pref":"滋賀県","city":"高島市","town":"勝野"}],"1122":[{"pref":"滋賀県","city":"高島市","town":"鵜川"}],"1123":[{"pref":"滋賀県","city":"高島市","town":"城山台"}],"1131":[{"pref":"滋賀県","city":"高島市","town":"音羽"}],"1132":[{"pref":"滋賀県","city":"高島市","town":"拝戸"}],"1133":[{"pref":"滋賀県","city":"高島市","town":"鴨川平"}],"1141":[{"pref":"滋賀県","city":"高島市","town":"高島"}],"1142":[{"pref":"滋賀県","city":"高島市","town":"鹿ケ瀬"}],"1143":[{"pref":"滋賀県","city":"高島市","town":"黒谷"}],"1144":[{"pref":"滋賀県","city":"高島市","town":"畑"}],"1201":[{"pref":"滋賀県","city":"高島市","town":"安曇川町上古賀"}],"1202":[{"pref":"滋賀県","city":"高島市","town":"安曇川町下古賀"}],"1203":[{"pref":"滋賀県","city":"高島市","town":"安曇川町南古賀"}],"1204":[{"pref":"滋賀県","city":"高島市","town":"安曇川町中野"}],"1205":[{"pref":"滋賀県","city":"高島市","town":"安曇川町長尾"}],"1211":[{"pref":"滋賀県","city":"高島市","town":"安曇川町常磐木"}],"1212":[{"pref":"滋賀県","city":"高島市","town":"安曇川町西万木"}],"1213":[{"pref":"滋賀県","city":"高島市","town":"安曇川町五番領"}],"1214":[{"pref":"滋賀県","city":"高島市","town":"安曇川町末広"}],"1215":[{"pref":"滋賀県","city":"高島市","town":"安曇川町三尾里"}],"1216":[{"pref":"滋賀県","city":"高島市","town":"安曇川町中央"}],"1217":[{"pref":"滋賀県","city":"高島市","town":"安曇川町田中"}],"1221":[{"pref":"滋賀県","city":"高島市","town":"安曇川町青柳"}],"1222":[{"pref":"滋賀県","city":"高島市","town":"安曇川町横江"}],"1223":[{"pref":"滋賀県","city":"高島市","town":"安曇川町下小川"}],"1224":[{"pref":"滋賀県","city":"高島市","town":"安曇川町上小川"}],"1231":[{"pref":"滋賀県","city":"高島市","town":"安曇川町川島"}],"1232":[{"pref":"滋賀県","city":"高島市","town":"安曇川町北船木"}],"1233":[{"pref":"滋賀県","city":"高島市","town":"安曇川町南船木"}],"1234":[{"pref":"滋賀県","city":"高島市","town":"安曇川町四津川"}],"1235":[{"pref":"滋賀県","city":"高島市","town":"安曇川町横江浜"}],"1401":[{"pref":"滋賀県","city":"高島市","town":"朽木市場"}],"1411":[{"pref":"滋賀県","city":"高島市","town":"朽木荒川"}],"1412":[{"pref":"滋賀県","city":"高島市","town":"朽木野尻"}],"1413":[{"pref":"滋賀県","city":"高島市","town":"朽木上野"}],"1414":[{"pref":"滋賀県","city":"高島市","town":"朽木宮前坊"}],"1415":[{"pref":"滋賀県","city":"高島市","town":"朽木柏"}],"1421":[{"pref":"滋賀県","city":"高島市","town":"朽木岩瀬"}],"1422":[{"pref":"滋賀県","city":"高島市","town":"朽木古川"}],"1423":[{"pref":"滋賀県","city":"高島市","town":"朽木大野"}],"1424":[{"pref":"滋賀県","city":"高島市","town":"朽木村井"}],"1425":[{"pref":"滋賀県","city":"高島市","town":"朽木栃生"}],"1431":[{"pref":"滋賀県","city":"高島市","town":"朽木小川"}],"1432":[{"pref":"滋賀県","city":"高島市","town":"朽木平良"}],"1433":[{"pref":"滋賀県","city":"高島市","town":"朽木桑原"}],"1441":[{"pref":"滋賀県","city":"高島市","town":"朽木古屋"}],"1442":[{"pref":"滋賀県","city":"高島市","town":"朽木生杉"}],"1443":[{"pref":"滋賀県","city":"高島市","town":"朽木小入谷"}],"1444":[{"pref":"滋賀県","city":"高島市","town":"朽木中牧"}],"1451":[{"pref":"滋賀県","city":"高島市","town":"朽木麻生"}],"1452":[{"pref":"滋賀県","city":"高島市","town":"朽木地子原"}],"1453":[{"pref":"滋賀県","city":"高島市","town":"朽木雲洞谷"}],"1454":[{"pref":"滋賀県","city":"高島市","town":"朽木能家"}],"1455":[{"pref":"滋賀県","city":"高島市","town":"朽木木地山"}],"1501":[{"pref":"滋賀県","city":"高島市","town":"新旭町旭"}],"1502":[{"pref":"滋賀県","city":"高島市","town":"新旭町針江"}],"1503":[{"pref":"滋賀県","city":"高島市","town":"新旭町深溝"}],"1511":[{"pref":"滋賀県","city":"高島市","town":"新旭町藁園"}],"1512":[{"pref":"滋賀県","city":"高島市","town":"新旭町太田"}],"1521":[{"pref":"滋賀県","city":"高島市","town":"新旭町北畑"}],"1522":[{"pref":"滋賀県","city":"高島市","town":"新旭町新庄"}],"1531":[{"pref":"滋賀県","city":"高島市","town":"新旭町饗庭"}],"1532":[{"pref":"滋賀県","city":"高島市","town":"新旭町熊野本"}],"1533":[{"pref":"滋賀県","city":"高島市","town":"新旭町安井川"}],"1601":[{"pref":"滋賀県","city":"高島市","town":"今津町深清水"}],"1602":[{"pref":"滋賀県","city":"高島市","town":"今津町桂"}],"1603":[{"pref":"滋賀県","city":"高島市","town":"今津町北仰"}],"1604":[{"pref":"滋賀県","city":"高島市","town":"今津町浜分"}],"1605":[{"pref":"滋賀県","city":"高島市","town":"今津町南新保"}],"1611":[{"pref":"滋賀県","city":"高島市","town":"今津町弘川"}],"1612":[{"pref":"滋賀県","city":"高島市","town":"今津町下弘部"}],"1613":[{"pref":"滋賀県","city":"高島市","town":"今津町上弘部"}],"1614":[{"pref":"滋賀県","city":"高島市","town":"今津町藺生"}],"1621":[{"pref":"滋賀県","city":"高島市","town":"今津町今津"}],"1622":[{"pref":"滋賀県","city":"高島市","town":"今津町中沼"}],"1623":[{"pref":"滋賀県","city":"高島市","town":"今津町住吉"}],"1631":[{"pref":"滋賀県","city":"高島市","town":"今津町名小路"}],"1632":[{"pref":"滋賀県","city":"高島市","town":"今津町桜町"}],"1633":[{"pref":"滋賀県","city":"高島市","town":"今津町松陽台"}],"1634":[{"pref":"滋賀県","city":"高島市","town":"今津町大供大門"}],"1635":[{"pref":"滋賀県","city":"高島市","town":"今津町大供"}],"1636":[{"pref":"滋賀県","city":"高島市","town":"今津町舟橋"}],"1641":[{"pref":"滋賀県","city":"高島市","town":"今津町南生見"}],"1642":[{"pref":"滋賀県","city":"高島市","town":"今津町北生見"}],"1643":[{"pref":"滋賀県","city":"高島市","town":"今津町保坂"}],"1644":[{"pref":"滋賀県","city":"高島市","town":"今津町途中谷"}],"1645":[{"pref":"滋賀県","city":"高島市","town":"今津町椋川"}],"1646":[{"pref":"滋賀県","city":"高島市","town":"今津町杉山"}],"1647":[{"pref":"滋賀県","city":"高島市","town":"今津町天増川"}],"1648":[{"pref":"滋賀県","city":"高島市","town":"今津町角川"}],"1651":[{"pref":"滋賀県","city":"高島市","town":"今津町酒波"}],"1652":[{"pref":"滋賀県","city":"高島市","town":"今津町福岡"}],"1653":[{"pref":"滋賀県","city":"高島市","town":"今津町岸脇"}],"1654":[{"pref":"滋賀県","city":"高島市","town":"今津町梅原"}],"1655":[{"pref":"滋賀県","city":"高島市","town":"今津町日置前"}],"1801":[{"pref":"滋賀県","city":"高島市","town":"マキノ町在原"}],"1802":[{"pref":"滋賀県","city":"高島市","town":"マキノ町野口"}],"1803":[{"pref":"滋賀県","city":"高島市","town":"マキノ町小荒路"}],"1804":[{"pref":"滋賀県","city":"高島市","town":"マキノ町浦"}],"1805":[{"pref":"滋賀県","city":"高島市","town":"マキノ町下"}],"1806":[{"pref":"滋賀県","city":"高島市","town":"マキノ町山中"}],"1811":[{"pref":"滋賀県","city":"高島市","town":"マキノ町海津"}],"1812":[{"pref":"滋賀県","city":"高島市","town":"マキノ町西浜"}],"1813":[{"pref":"滋賀県","city":"高島市","town":"マキノ町高木浜"}],"1814":[{"pref":"滋賀県","city":"高島市","town":"マキノ町知内"}],"1821":[{"pref":"滋賀県","city":"高島市","town":"マキノ町沢"}],"1822":[{"pref":"滋賀県","city":"高島市","town":"マキノ町新保"}],"1823":[{"pref":"滋賀県","city":"高島市","town":"マキノ町中庄"}],"1824":[{"pref":"滋賀県","city":"高島市","town":"マキノ町大沼"}],"1825":[{"pref":"滋賀県","city":"高島市","town":"マキノ町森西"}],"1826":[{"pref":"滋賀県","city":"高島市","town":"マキノ町辻"}],"1831":[{"pref":"滋賀県","city":"高島市","town":"マキノ町上開田"}],"1832":[{"pref":"滋賀県","city":"高島市","town":"マキノ町下開田"}],"1833":[{"pref":"滋賀県","city":"高島市","town":"マキノ町蛭口"}],"1834":[{"pref":"滋賀県","city":"高島市","town":"マキノ町寺久保"}],"1835":[{"pref":"滋賀県","city":"高島市","town":"マキノ町石庭"}],"1836":[{"pref":"滋賀県","city":"高島市","town":"マキノ町牧野"}],"1837":[{"pref":"滋賀県","city":"高島市","town":"マキノ町白谷"}],"2101":[{"pref":"滋賀県","city":"大津市","town":"青山"}],"2102":[{"pref":"滋賀県","city":"大津市","town":"松が丘"}],"2111":[{"pref":"滋賀県","city":"大津市","town":"桐生"}],"2112":[{"pref":"滋賀県","city":"大津市","town":"牧"}],"2113":[{"pref":"滋賀県","city":"大津市","town":"平野"}],"2114":[{"pref":"滋賀県","city":"大津市","town":"中野"}],"2115":[{"pref":"滋賀県","city":"大津市","town":"新免"}],"2116":[{"pref":"滋賀県","city":"大津市","town":"堂"}],"2117":[{"pref":"滋賀県","city":"大津市","town":"芝原"}],"2118":[{"pref":"滋賀県","city":"大津市","town":"大鳥居"}],"2121":[{"pref":"滋賀県","city":"大津市","town":"瀬田月輪町"}],"2122":[{"pref":"滋賀県","city":"大津市","town":"瀬田南大萱町"}],"2123":[{"pref":"滋賀県","city":"大津市","town":"瀬田大江町"}],"2124":[{"pref":"滋賀県","city":"大津市","town":"瀬田神領町"}],"2125":[{"pref":"滋賀県","city":"大津市","town":"瀬田橋本町"}],"2131":[{"pref":"滋賀県","city":"大津市","town":"三大寺"}],"2132":[{"pref":"滋賀県","city":"大津市","town":"神領"}],"2133":[{"pref":"滋賀県","city":"大津市","town":"野郷原"}],"2134":[{"pref":"滋賀県","city":"大津市","town":"瀬田"}],"2135":[{"pref":"滋賀県","city":"大津市","town":"松陽"}],"2141":[{"pref":"滋賀県","city":"大津市","town":"大江"}],"2142":[{"pref":"滋賀県","city":"大津市","town":"玉野浦"}],"2143":[{"pref":"滋賀県","city":"大津市","town":"萱野浦"}],"2144":[{"pref":"滋賀県","city":"大津市","town":"大萱"}],"2145":[{"pref":"滋賀県","city":"大津市","town":"大将軍"}],"2151":[{"pref":"滋賀県","city":"大津市","town":"栗林町"}],"2152":[{"pref":"滋賀県","city":"大津市","town":"月輪"}],"2153":[{"pref":"滋賀県","city":"大津市","town":"一里山"}],"2161":[{"pref":"滋賀県","city":"大津市","town":"上田上桐生町"}],"2162":[{"pref":"滋賀県","city":"大津市","town":"上田上牧町"}],"2163":[{"pref":"滋賀県","city":"大津市","town":"上田上平野町"}],"2164":[{"pref":"滋賀県","city":"大津市","town":"上田上中野町"}],"2165":[{"pref":"滋賀県","city":"大津市","town":"上田上新免町"}],"2166":[{"pref":"滋賀県","city":"大津市","town":"上田上堂町"}],"2167":[{"pref":"滋賀県","city":"大津市","town":"上田上芝原町"}],"2261":[{"pref":"滋賀県","city":"大津市","town":"大石曽束"},{"pref":"滋賀県","city":"大津市","town":"大石曽束町"}],"2262":[{"pref":"滋賀県","city":"大津市","town":"大石淀"},{"pref":"滋賀県","city":"大津市","town":"大石淀町"}],"2263":[{"pref":"滋賀県","city":"大津市","town":"大石中"}],"2264":[{"pref":"滋賀県","city":"大津市","town":"大石東"}],"2265":[{"pref":"滋賀県","city":"大津市","town":"大石富川"},{"pref":"滋賀県","city":"大津市","town":"大石富川町"}],"2266":[{"pref":"滋賀県","city":"大津市","town":"大石龍門"}],"2267":[{"pref":"滋賀県","city":"大津市","town":"大石小田原"},{"pref":"滋賀県","city":"大津市","town":"大石小田原町"}],"2271":[{"pref":"滋賀県","city":"大津市","town":"稲津"}],"2272":[{"pref":"滋賀県","city":"大津市","town":"石居"}],"2273":[{"pref":"滋賀県","city":"大津市","town":"羽栗"}],"2274":[{"pref":"滋賀県","city":"大津市","town":"森"}],"2275":[{"pref":"滋賀県","city":"大津市","town":"枝"}],"2276":[{"pref":"滋賀県","city":"大津市","town":"里"}],"2277":[{"pref":"滋賀県","city":"大津市","town":"関津"}],"2278":[{"pref":"滋賀県","city":"大津市","town":"太子"}],"2279":[{"pref":"滋賀県","city":"大津市","town":"黒津"}],"2300":[{"pref":"滋賀県","city":"野洲市","town":"以下に掲載がない場合"}],"2301":[{"pref":"滋賀県","city":"野洲市","town":"小南"}],"2302":[{"pref":"滋賀県","city":"野洲市","town":"高木"}],"2303":[{"pref":"滋賀県","city":"野洲市","town":"中北"}],"2304":[{"pref":"滋賀県","city":"野洲市","town":"永原"}],"2305":[{"pref":"滋賀県","city":"野洲市","town":"北"}],"2311":[{"pref":"滋賀県","city":"野洲市","town":"長島"}],"2312":[{"pref":"滋賀県","city":"野洲市","town":"入町"}],"2313":[{"pref":"滋賀県","city":"野洲市","town":"大篠原"}],"2314":[{"pref":"滋賀県","city":"野洲市","town":"小堤"}],"2315":[{"pref":"滋賀県","city":"野洲市","town":"辻町"}],"2316":[{"pref":"滋賀県","city":"野洲市","town":"上屋"}],"2321":[{"pref":"滋賀県","city":"野洲市","town":"北桜"}],"2322":[{"pref":"滋賀県","city":"野洲市","town":"南桜"}],"2323":[{"pref":"滋賀県","city":"野洲市","town":"三上"}],"2324":[{"pref":"滋賀県","city":"野洲市","town":"近江富士"}],"2331":[{"pref":"滋賀県","city":"野洲市","town":"小篠原"}],"2332":[{"pref":"滋賀県","city":"野洲市","town":"妙光寺"}],"2333":[{"pref":"滋賀県","city":"野洲市","town":"栄"}],"2341":[{"pref":"滋賀県","city":"野洲市","town":"行畑"}],"2342":[{"pref":"滋賀県","city":"野洲市","town":"野洲"}],"2343":[{"pref":"滋賀県","city":"野洲市","town":"大畑"}],"2351":[{"pref":"滋賀県","city":"野洲市","town":"冨波甲"}],"2352":[{"pref":"滋賀県","city":"野洲市","town":"冨波乙"}],"2353":[{"pref":"滋賀県","city":"野洲市","town":"久野部"}],"2361":[{"pref":"滋賀県","city":"野洲市","town":"北野"}],"2362":[{"pref":"滋賀県","city":"野洲市","town":"市三宅"}],"2363":[{"pref":"滋賀県","city":"野洲市","town":"竹生"}],"2364":[{"pref":"滋賀県","city":"野洲市","town":"五之里"}],"2365":[{"pref":"滋賀県","city":"野洲市","town":"竹ヶ丘"}],"2411":[{"pref":"滋賀県","city":"野洲市","town":"安治"}],"2412":[{"pref":"滋賀県","city":"野洲市","town":"六条"}],"2413":[{"pref":"滋賀県","city":"野洲市","town":"吉地"}],"2414":[{"pref":"滋賀県","city":"野洲市","town":"井口"}],"2415":[{"pref":"滋賀県","city":"野洲市","town":"須原"}],"2416":[{"pref":"滋賀県","city":"野洲市","town":"堤"}],"2417":[{"pref":"滋賀県","city":"野洲市","town":"下堤"}],"2421":[{"pref":"滋賀県","city":"野洲市","town":"野田"}],"2422":[{"pref":"滋賀県","city":"野洲市","town":"比留田"}],"2423":[{"pref":"滋賀県","city":"野洲市","town":"西河原"}],"2424":[{"pref":"滋賀県","city":"野洲市","town":"五条"}],"2431":[{"pref":"滋賀県","city":"野洲市","town":"木部"}],"2432":[{"pref":"滋賀県","city":"野洲市","town":"虫生"}],"2433":[{"pref":"滋賀県","city":"野洲市","town":"八夫"}],"2434":[{"pref":"滋賀県","city":"野洲市","town":"比江"}],"2435":[{"pref":"滋賀県","city":"野洲市","town":"乙窪"}],"2436":[{"pref":"滋賀県","city":"野洲市","town":"北比江"}],"2437":[{"pref":"滋賀県","city":"野洲市","town":"小比江"}],"2500":[{"pref":"滋賀県","city":"蒲生郡竜王町","town":"以下に掲載がない場合"}],"2501":[{"pref":"滋賀県","city":"蒲生郡竜王町","town":"弓削"}],"2502":[{"pref":"滋賀県","city":"蒲生郡竜王町","town":"庄"}],"2503":[{"pref":"滋賀県","city":"蒲生郡竜王町","town":"信濃"}],"2504":[{"pref":"滋賀県","city":"蒲生郡竜王町","town":"川上"}],"2511":[{"pref":"滋賀県","city":"蒲生郡竜王町","town":"林"}],"2512":[{"pref":"滋賀県","city":"蒲生郡竜王町","town":"駕輿丁"}],"2513":[{"pref":"滋賀県","city":"蒲生郡竜王町","town":"島"}],"2514":[{"pref":"滋賀県","city":"蒲生郡竜王町","town":"橋本"}],"2521":[{"pref":"滋賀県","city":"蒲生郡竜王町","town":"川守"}],"2522":[{"pref":"滋賀県","city":"蒲生郡竜王町","town":"岩井"}],"2523":[{"pref":"滋賀県","city":"蒲生郡竜王町","town":"田中"}],"2524":[{"pref":"滋賀県","city":"蒲生郡竜王町","town":"綾戸"}],"2531":[{"pref":"滋賀県","city":"蒲生郡竜王町","town":"山之上"}],"2541":[{"pref":"滋賀県","city":"蒲生郡竜王町","town":"岡屋"}],"2542":[{"pref":"滋賀県","city":"蒲生郡竜王町","town":"山中"}],"2551":[{"pref":"滋賀県","city":"蒲生郡竜王町","town":"薬師"}],"2552":[{"pref":"滋賀県","city":"蒲生郡竜王町","town":"小口"}],"2561":[{"pref":"滋賀県","city":"蒲生郡竜王町","town":"須恵"}],"2562":[{"pref":"滋賀県","city":"蒲生郡竜王町","town":"鵜川"}],"2563":[{"pref":"滋賀県","city":"蒲生郡竜王町","town":"七里"}],"2564":[{"pref":"滋賀県","city":"蒲生郡竜王町","town":"山面"}],"2571":[{"pref":"滋賀県","city":"蒲生郡竜王町","town":"西横関"}],"2572":[{"pref":"滋賀県","city":"蒲生郡竜王町","town":"西川"}],"2573":[{"pref":"滋賀県","city":"蒲生郡竜王町","town":"鏡"}],"3000":[{"pref":"滋賀県","city":"栗東市","town":"以下に掲載がない場合"}],"3001":[{"pref":"滋賀県","city":"栗東市","town":"東坂"}],"3002":[{"pref":"滋賀県","city":"栗東市","town":"観音寺"}],"3003":[{"pref":"滋賀県","city":"栗東市","town":"荒張"}],"3004":[{"pref":"滋賀県","city":"栗東市","town":"上砥山"}],"3005":[{"pref":"滋賀県","city":"栗東市","town":"御園"}],"3006":[{"pref":"滋賀県","city":"栗東市","town":"井上"}],"3011":[{"pref":"滋賀県","city":"栗東市","town":"下戸山"}],"3012":[{"pref":"滋賀県","city":"栗東市","town":"岡"}],"3013":[{"pref":"滋賀県","city":"栗東市","town":"目川"}],"3014":[{"pref":"滋賀県","city":"栗東市","town":"川辺"}],"3015":[{"pref":"滋賀県","city":"栗東市","town":"安養寺"}],"3016":[{"pref":"滋賀県","city":"栗東市","town":"小野"}],"3017":[{"pref":"滋賀県","city":"栗東市","town":"六地蔵"}],"3021":[{"pref":"滋賀県","city":"栗東市","town":"蜂屋"}],"3022":[{"pref":"滋賀県","city":"栗東市","town":"上鈎"}],"3023":[{"pref":"滋賀県","city":"栗東市","town":"坊袋"}],"3024":[{"pref":"滋賀県","city":"栗東市","town":"小柿"}],"3025":[{"pref":"滋賀県","city":"栗東市","town":"中沢"}],"3026":[{"pref":"滋賀県","city":"栗東市","town":"下鈎"}],"3027":[{"pref":"滋賀県","city":"栗東市","town":"野尻"}],"3031":[{"pref":"滋賀県","city":"栗東市","town":"綣"}],"3032":[{"pref":"滋賀県","city":"栗東市","town":"苅原"}],"3033":[{"pref":"滋賀県","city":"栗東市","town":"笠川"}],"3034":[{"pref":"滋賀県","city":"栗東市","town":"小平井"}],"3035":[{"pref":"滋賀県","city":"栗東市","town":"霊仙寺"}],"3036":[{"pref":"滋賀県","city":"栗東市","town":"十里"}],"3037":[{"pref":"滋賀県","city":"栗東市","town":"北中小路"}],"3041":[{"pref":"滋賀県","city":"栗東市","town":"出庭"}],"3042":[{"pref":"滋賀県","city":"栗東市","town":"辻"}],"3043":[{"pref":"滋賀県","city":"栗東市","town":"林"}],"3044":[{"pref":"滋賀県","city":"栗東市","town":"伊勢落"}],"3045":[{"pref":"滋賀県","city":"栗東市","town":"高野"}],"3046":[{"pref":"滋賀県","city":"栗東市","town":"大橋"}],"3047":[{"pref":"滋賀県","city":"栗東市","town":"手原"}],"3101":[{"pref":"滋賀県","city":"湖南市","town":"石部"}],"3102":[{"pref":"滋賀県","city":"湖南市","town":"宮の森"}],"3103":[{"pref":"滋賀県","city":"湖南市","town":"宝来坂"}],"3104":[{"pref":"滋賀県","city":"湖南市","town":"岡出"}],"3105":[{"pref":"滋賀県","city":"湖南市","town":"石部西"}],"3106":[{"pref":"滋賀県","city":"湖南市","town":"石部中央"}],"3107":[{"pref":"滋賀県","city":"湖南市","town":"石部東"}],"3108":[{"pref":"滋賀県","city":"湖南市","town":"石部南"}],"3109":[{"pref":"滋賀県","city":"湖南市","town":"石部が丘"}],"3111":[{"pref":"滋賀県","city":"湖南市","town":"東寺"}],"3112":[{"pref":"滋賀県","city":"湖南市","town":"丸山"}],"3113":[{"pref":"滋賀県","city":"湖南市","town":"石部北"}],"3114":[{"pref":"滋賀県","city":"湖南市","town":"石部口"}],"3115":[{"pref":"滋賀県","city":"湖南市","town":"石部緑台"}],"3116":[{"pref":"滋賀県","city":"湖南市","town":"雨山"}],"3121":[{"pref":"滋賀県","city":"湖南市","town":"西寺"}],"3200":[{"pref":"滋賀県","city":"湖南市","town":"以下に掲載がない場合"}],"3201":[{"pref":"滋賀県","city":"湖南市","town":"下田"}],"3202":[{"pref":"滋賀県","city":"湖南市","town":"西峰町"}],"3203":[{"pref":"滋賀県","city":"湖南市","town":"日枝町"}],"3211":[{"pref":"滋賀県","city":"湖南市","town":"高松町"}],"3212":[{"pref":"滋賀県","city":"湖南市","town":"小砂町"}],"3213":[{"pref":"滋賀県","city":"湖南市","town":"大池町"}],"3214":[{"pref":"滋賀県","city":"湖南市","town":"梅影町"}],"3215":[{"pref":"滋賀県","city":"湖南市","town":"水戸町"}],"3216":[{"pref":"滋賀県","city":"湖南市","town":"若竹町"}],"3221":[{"pref":"滋賀県","city":"湖南市","town":"三雲"}],"3222":[{"pref":"滋賀県","city":"湖南市","town":"吉永"}],"3223":[{"pref":"滋賀県","city":"湖南市","town":"夏見"}],"3231":[{"pref":"滋賀県","city":"湖南市","town":"針"}],"3232":[{"pref":"滋賀県","city":"湖南市","town":"平松"}],"3233":[{"pref":"滋賀県","city":"湖南市","town":"柑子袋"}],"3234":[{"pref":"滋賀県","city":"湖南市","town":"中央"}],"3235":[{"pref":"滋賀県","city":"湖南市","town":"平松北"}],"3236":[{"pref":"滋賀県","city":"湖南市","town":"柑子袋東"}],"3237":[{"pref":"滋賀県","city":"湖南市","town":"柑子袋西"}],"3241":[{"pref":"滋賀県","city":"湖南市","town":"北山台"}],"3242":[{"pref":"滋賀県","city":"湖南市","town":"菩提寺"}],"3244":[{"pref":"滋賀県","city":"湖南市","town":"サイドタウン"}],"3245":[{"pref":"滋賀県","city":"湖南市","town":"近江台"}],"3246":[{"pref":"滋賀県","city":"湖南市","town":"菩提寺北"}],"3247":[{"pref":"滋賀県","city":"湖南市","town":"菩提寺東"}],"3248":[{"pref":"滋賀県","city":"湖南市","town":"菩提寺西"}],"3251":[{"pref":"滋賀県","city":"湖南市","town":"朝国"}],"3252":[{"pref":"滋賀県","city":"湖南市","town":"岩根"}],"3253":[{"pref":"滋賀県","city":"湖南市","town":"正福寺"}],"3254":[{"pref":"滋賀県","city":"湖南市","town":"岩根中央"}],"3255":[{"pref":"滋賀県","city":"湖南市","town":"日枝山手台"}],"3301":[{"pref":"滋賀県","city":"甲賀市","town":"甲南町寺庄"}],"3302":[{"pref":"滋賀県","city":"甲賀市","town":"甲南町池田"}],"3303":[{"pref":"滋賀県","city":"甲賀市","town":"甲南町上馬杉"}],"3304":[{"pref":"滋賀県","city":"甲賀市","town":"甲南町下馬杉"}],"3305":[{"pref":"滋賀県","city":"甲賀市","town":"甲南町野川"}],"3306":[{"pref":"滋賀県","city":"甲賀市","town":"甲南町柑子"}],"3307":[{"pref":"滋賀県","city":"甲賀市","town":"甲南町野尻"}],"3308":[{"pref":"滋賀県","city":"甲賀市","town":"甲南町野田"}],"3311":[{"pref":"滋賀県","city":"甲賀市","town":"甲南町竜法師"}],"3312":[{"pref":"滋賀県","city":"甲賀市","town":"甲南町磯尾"}],"3313":[{"pref":"滋賀県","city":"甲賀市","town":"甲南町新治"}],"3314":[{"pref":"滋賀県","city":"甲賀市","town":"甲南町杉谷"}],"3315":[{"pref":"滋賀県","city":"甲賀市","town":"甲南町塩野"}],"3316":[{"pref":"滋賀県","city":"甲賀市","town":"甲南町市原"}],"3321":[{"pref":"滋賀県","city":"甲賀市","town":"甲南町葛木"}],"3322":[{"pref":"滋賀県","city":"甲賀市","town":"甲南町深川"}],"3323":[{"pref":"滋賀県","city":"甲賀市","town":"甲南町深川市場"}],"3324":[{"pref":"滋賀県","city":"甲賀市","town":"甲南町森尻"}],"3325":[{"pref":"滋賀県","city":"甲賀市","town":"甲南町宝木"}],"3326":[{"pref":"滋賀県","city":"甲賀市","town":"甲南町耕心"}],"3331":[{"pref":"滋賀県","city":"甲賀市","town":"甲南町稗谷"}],"3332":[{"pref":"滋賀県","city":"甲賀市","town":"甲南町希望ケ丘本町"}],"3333":[{"pref":"滋賀県","city":"甲賀市","town":"甲南町希望ケ丘"}],"3401":[{"pref":"滋賀県","city":"甲賀市","town":"甲賀町岩室"}],"3402":[{"pref":"滋賀県","city":"甲賀市","town":"甲賀町小佐治"}],"3403":[{"pref":"滋賀県","city":"甲賀市","town":"甲賀町鳥居野"}],"3404":[{"pref":"滋賀県","city":"甲賀市","town":"甲賀町神保"}],"3405":[{"pref":"滋賀県","city":"甲賀市","town":"甲賀町隠岐"}],"3411":[{"pref":"滋賀県","city":"甲賀市","town":"甲賀町神"}],"3412":[{"pref":"滋賀県","city":"甲賀市","town":"甲賀町櫟野"}],"3413":[{"pref":"滋賀県","city":"甲賀市","town":"甲賀町油日"}],"3414":[{"pref":"滋賀県","city":"甲賀市","town":"甲賀町大久保"}],"3415":[{"pref":"滋賀県","city":"甲賀市","town":"甲賀町大原上田"}],"3421":[{"pref":"滋賀県","city":"甲賀市","town":"甲賀町上野"}],"3422":[{"pref":"滋賀県","city":"甲賀市","town":"甲賀町和田"}],"3423":[{"pref":"滋賀県","city":"甲賀市","town":"甲賀町五反田"}],"3424":[{"pref":"滋賀県","city":"甲賀市","town":"甲賀町高嶺"}],"3425":[{"pref":"滋賀県","city":"甲賀市","town":"甲賀町毛枚"}],"3426":[{"pref":"滋賀県","city":"甲賀市","town":"甲賀町田堵野"}],"3427":[{"pref":"滋賀県","city":"甲賀市","town":"甲賀町鹿深台"}],"3431":[{"pref":"滋賀県","city":"甲賀市","town":"甲賀町大原中"}],"3432":[{"pref":"滋賀県","city":"甲賀市","town":"甲賀町滝"}],"3433":[{"pref":"滋賀県","city":"甲賀市","town":"甲賀町大原市場"}],"3434":[{"pref":"滋賀県","city":"甲賀市","town":"甲賀町高野"}],"3435":[{"pref":"滋賀県","city":"甲賀市","town":"甲賀町相模"}],"3436":[{"pref":"滋賀県","city":"甲賀市","town":"甲賀町拝坂"}],"0000":[{"pref":"滋賀県","city":"大津市","town":"以下に掲載がない場合"}],"0864":[{"pref":"滋賀県","city":"大津市","town":"赤尾町"}],"0003":[{"pref":"滋賀県","city":"大津市","town":"あかね町"}],"0822":[{"pref":"滋賀県","city":"大津市","town":"秋葉台"}],"0533":[{"pref":"滋賀県","city":"大津市","town":"朝日"}],"0052":[{"pref":"滋賀県","city":"大津市","town":"朝日が丘"}],"0114":[{"pref":"滋賀県","city":"大津市","town":"穴太"}],"0513":[{"pref":"滋賀県","city":"大津市","town":"荒川"}],"0832":[{"pref":"滋賀県","city":"大津市","town":"粟津町"}],"0356":[{"pref":"滋賀県","city":"大津市","town":"伊香立上在地町"}],"0352":[{"pref":"滋賀県","city":"大津市","town":"伊香立下在地町"}],"0362":[{"pref":"滋賀県","city":"大津市","town":"伊香立上龍華町"}],"0363":[{"pref":"滋賀県","city":"大津市","town":"伊香立下龍華町"}],"0351":[{"pref":"滋賀県","city":"大津市","town":"伊香立北在地町"}],"0361":[{"pref":"滋賀県","city":"大津市","town":"伊香立途中町"}],"0355":[{"pref":"滋賀県","city":"大津市","town":"伊香立生津町"}],"0354":[{"pref":"滋賀県","city":"大津市","town":"伊香立南庄町"}],"0353":[{"pref":"滋賀県","city":"大津市","town":"伊香立向在地町"}],"0827":[{"pref":"滋賀県","city":"大津市","town":"池の里"}],"0805":[{"pref":"滋賀県","city":"大津市","town":"石場"}],"0869":[{"pref":"滋賀県","city":"大津市","town":"石山内畑町"}],"0860":[{"pref":"滋賀県","city":"大津市","town":"石山千町"}],"0868":[{"pref":"滋賀県","city":"大津市","town":"石山外畑町"}],"0861":[{"pref":"滋賀県","city":"大津市","town":"石山寺"}],"0866":[{"pref":"滋賀県","city":"大津市","town":"石山寺辺町"}],"0065":[{"pref":"滋賀県","city":"大津市","town":"稲葉台"}],"0241":[{"pref":"滋賀県","city":"大津市","town":"今堅田"}],"0806":[{"pref":"滋賀県","city":"大津市","town":"打出浜"}],"0051":[{"pref":"滋賀県","city":"大津市","town":"梅林"}],"0064":[{"pref":"滋賀県","city":"大津市","town":"追分町"}],"0054":[{"pref":"滋賀県","city":"大津市","town":"逢坂"}],"0025":[{"pref":"滋賀県","city":"大津市","town":"皇子が丘"}],"0247":[{"pref":"滋賀県","city":"大津市","town":"仰木"}],"0245":[{"pref":"滋賀県","city":"大津市","town":"仰木町"}],"0246":[{"pref":"滋賀県","city":"大津市","town":"仰木の里"}],"0248":[{"pref":"滋賀県","city":"大津市","town":"仰木の里東"}],"0062":[{"pref":"滋賀県","city":"大津市","town":"大谷町"}],"0867":[{"pref":"滋賀県","city":"大津市","town":"大平"}],"0101":[{"pref":"滋賀県","city":"大津市","town":"雄琴"}],"0107":[{"pref":"滋賀県","city":"大津市","town":"雄琴北"}],"0053":[{"pref":"滋賀県","city":"大津市","town":"音羽台"}],"0525":[{"pref":"滋賀県","city":"大津市","town":"小野"}],"0031":[{"pref":"滋賀県","city":"大津市","town":"尾花川"}],"0036":[{"pref":"滋賀県","city":"大津市","town":"園城寺町"}],"0012":[{"pref":"滋賀県","city":"大津市","town":"鏡が浜"}],"0055":[{"pref":"滋賀県","city":"大津市","town":"春日町"}],"0243":[{"pref":"滋賀県","city":"大津市","town":"堅田"}],"0473":[{"pref":"滋賀県","city":"大津市","town":"葛川梅ノ木町"}],"0477":[{"pref":"滋賀県","city":"大津市","town":"葛川木戸口町"}],"0478":[{"pref":"滋賀県","city":"大津市","town":"葛川坂下町"}],"0476":[{"pref":"滋賀県","city":"大津市","town":"葛川中村町"}],"0472":[{"pref":"滋賀県","city":"大津市","town":"葛川貫井町"}],"0471":[{"pref":"滋賀県","city":"大津市","town":"葛川細川町"}],"0475":[{"pref":"滋賀県","city":"大津市","town":"葛川坊村町"}],"0474":[{"pref":"滋賀県","city":"大津市","town":"葛川町居町"}],"0061":[{"pref":"滋賀県","city":"大津市","town":"神出開町"}],"0106":[{"pref":"滋賀県","city":"大津市","town":"唐崎"}],"0851":[{"pref":"滋賀県","city":"大津市","town":"唐橋町"}],"0013":[{"pref":"滋賀県","city":"大津市","town":"勧学"}],"0032":[{"pref":"滋賀県","city":"大津市","town":"観音寺"}],"0843":[{"pref":"滋賀県","city":"大津市","town":"北大路"}],"0501":[{"pref":"滋賀県","city":"大津市","town":"北小松"}],"0503":[{"pref":"滋賀県","city":"大津市","town":"北比良"}],"0514":[{"pref":"滋賀県","city":"大津市","town":"木戸"}],"0244":[{"pref":"滋賀県","city":"大津市","town":"衣川"}],"0812":[{"pref":"滋賀県","city":"大津市","town":"木下町"}],"0044":[{"pref":"滋賀県","city":"大津市","town":"京町"}],"0527":[{"pref":"滋賀県","city":"大津市","town":"栗原"}],"0224":[{"pref":"滋賀県","city":"大津市","town":"向陽町"}],"0844":[{"pref":"滋賀県","city":"大津市","town":"国分"}],"0821":[{"pref":"滋賀県","city":"大津市","town":"湖城が丘"}],"0532":[{"pref":"滋賀県","city":"大津市","town":"湖青"}],"0035":[{"pref":"滋賀県","city":"大津市","town":"小関町"}],"0834":[{"pref":"滋賀県","city":"大津市","town":"御殿浜"}],"0103":[{"pref":"滋賀県","city":"大津市","town":"木の岡町"}],"0037":[{"pref":"滋賀県","city":"大津市","town":"御陵町"}],"0002":[{"pref":"滋賀県","city":"大津市","town":"際川"}],"0855":[{"pref":"滋賀県","city":"大津市","town":"栄町"}],"0113":[{"pref":"滋賀県","city":"大津市","town":"坂本"}],"0116":[{"pref":"滋賀県","city":"大津市","town":"坂本本町"}],"0816":[{"pref":"滋賀県","city":"大津市","town":"相模町"}],"0026":[{"pref":"滋賀県","city":"大津市","town":"桜野町"}],"0006":[{"pref":"滋賀県","city":"大津市","town":"滋賀里"}],"0042":[{"pref":"滋賀県","city":"大津市","town":"島の関"}],"0105":[{"pref":"滋賀県","city":"大津市","town":"下阪本"}],"0817":[{"pref":"滋賀県","city":"大津市","town":"昭和町"}],"0015":[{"pref":"滋賀県","city":"大津市","town":"神宮町"}],"0531":[{"pref":"滋賀県","city":"大津市","town":"水明"}],"0056":[{"pref":"滋賀県","city":"大津市","town":"末広町"}],"0836":[{"pref":"滋賀県","city":"大津市","town":"杉浦町"}],"0225":[{"pref":"滋賀県","city":"大津市","town":"清風町"}],"0833":[{"pref":"滋賀県","city":"大津市","town":"晴嵐"}],"0227":[{"pref":"滋賀県","city":"大津市","town":"清和町"}],"0815":[{"pref":"滋賀県","city":"大津市","town":"膳所"}],"0825":[{"pref":"滋賀県","city":"大津市","town":"膳所池ノ内町"}],"0823":[{"pref":"滋賀県","city":"大津市","town":"膳所上別保町"}],"0824":[{"pref":"滋賀県","city":"大津市","town":"膳所平尾町"}],"0028":[{"pref":"滋賀県","city":"大津市","town":"千石台"}],"0863":[{"pref":"滋賀県","city":"大津市","town":"千町"}],"0842":[{"pref":"滋賀県","city":"大津市","town":"園山"}],"0512":[{"pref":"滋賀県","city":"大津市","town":"大物"}],"0033":[{"pref":"滋賀県","city":"大津市","town":"大門通"}],"0005":[{"pref":"滋賀県","city":"大津市","town":"高砂町"}],"0803":[{"pref":"滋賀県","city":"大津市","town":"竜が丘"}],"0852":[{"pref":"滋賀県","city":"大津市","town":"田辺町"}],"0111":[{"pref":"滋賀県","city":"大津市","town":"千野"}],"0023":[{"pref":"滋賀県","city":"大津市","town":"茶が崎"}],"0066":[{"pref":"滋賀県","city":"大津市","town":"茶戸町"}],"0043":[{"pref":"滋賀県","city":"大津市","town":"中央"}],"0826":[{"pref":"滋賀県","city":"大津市","town":"鶴の里"}],"0854":[{"pref":"滋賀県","city":"大津市","town":"鳥居川町"}],"0837":[{"pref":"滋賀県","city":"大津市","town":"中庄"}],"0046":[{"pref":"滋賀県","city":"大津市","town":"長等"}],"0865":[{"pref":"滋賀県","city":"大津市","town":"南郷"}],"0871":[{"pref":"滋賀県","city":"大津市","town":"南郷上山町"}],"0801":[{"pref":"滋賀県","city":"大津市","town":"におの浜"}],"0027":[{"pref":"滋賀県","city":"大津市","town":"錦織"}],"0818":[{"pref":"滋賀県","city":"大津市","town":"西の庄"}],"0021":[{"pref":"滋賀県","city":"大津市","town":"二本松"}],"0102":[{"pref":"滋賀県","city":"大津市","town":"苗鹿"}],"0001":[{"pref":"滋賀県","city":"大津市","town":"蓮池町"}],"0515":[{"pref":"滋賀県","city":"大津市","town":"八屋戸"}],"0222":[{"pref":"滋賀県","city":"大津市","town":"花園町"}],"0047":[{"pref":"滋賀県","city":"大津市","town":"浜大津"}],"0041":[{"pref":"滋賀県","city":"大津市","town":"浜町"}],"0802":[{"pref":"滋賀県","city":"大津市","town":"馬場"}],"0016":[{"pref":"滋賀県","city":"大津市","town":"比叡平"}],"0104":[{"pref":"滋賀県","city":"大津市","town":"比叡辻"}],"0856":[{"pref":"滋賀県","city":"大津市","town":"光が丘町"}],"0112":[{"pref":"滋賀県","city":"大津市","town":"日吉台"}],"0862":[{"pref":"滋賀県","city":"大津市","town":"平津"}],"0067":[{"pref":"滋賀県","city":"大津市","town":"藤尾奥町"}],"0846":[{"pref":"滋賀県","city":"大津市","town":"富士見台"}],"0045":[{"pref":"滋賀県","city":"大津市","town":"札の辻"}],"0835":[{"pref":"滋賀県","city":"大津市","town":"別保"}],"0853":[{"pref":"滋賀県","city":"大津市","town":"螢谷"}],"0242":[{"pref":"滋賀県","city":"大津市","town":"本堅田"}],"0814":[{"pref":"滋賀県","city":"大津市","town":"本丸町"}],"0831":[{"pref":"滋賀県","city":"大津市","town":"松原町"}],"0807":[{"pref":"滋賀県","city":"大津市","town":"松本"}],"0024":[{"pref":"滋賀県","city":"大津市","town":"松山町"}],"0232":[{"pref":"滋賀県","city":"大津市","town":"真野"}],"0234":[{"pref":"滋賀県","city":"大津市","town":"真野家田町"}],"0235":[{"pref":"滋賀県","city":"大津市","town":"真野大野"}],"0236":[{"pref":"滋賀県","city":"大津市","town":"真野佐川町"}],"0233":[{"pref":"滋賀県","city":"大津市","town":"真野谷口町"}],"0231":[{"pref":"滋賀県","city":"大津市","town":"真野普門"}],"0813":[{"pref":"滋賀県","city":"大津市","town":"丸の内町"}],"0034":[{"pref":"滋賀県","city":"大津市","town":"三井寺町"}],"0841":[{"pref":"滋賀県","city":"大津市","town":"美崎町"}],"0004":[{"pref":"滋賀県","city":"大津市","town":"見世"}],"0223":[{"pref":"滋賀県","city":"大津市","town":"美空町"}],"0221":[{"pref":"滋賀県","city":"大津市","town":"緑町"}],"0502":[{"pref":"滋賀県","city":"大津市","town":"南小松"}],"0011":[{"pref":"滋賀県","city":"大津市","town":"南志賀"}],"0018":[{"pref":"滋賀県","city":"大津市","town":"南滋賀町"}],"0511":[{"pref":"滋賀県","city":"大津市","town":"南比良"}],"0516":[{"pref":"滋賀県","city":"大津市","town":"南船路"}],"0057":[{"pref":"滋賀県","city":"大津市","town":"御幸町"}],"0804":[{"pref":"滋賀県","city":"大津市","town":"本宮"}],"0022":[{"pref":"滋賀県","city":"大津市","town":"柳が崎"}],"0014":[{"pref":"滋賀県","city":"大津市","town":"柳川"}],"0038":[{"pref":"滋賀県","city":"大津市","town":"山上町"}],"0017":[{"pref":"滋賀県","city":"大津市","town":"山中町"}],"0357":[{"pref":"滋賀県","city":"大津市","town":"山百合の丘"}],"0115":[{"pref":"滋賀県","city":"大津市","town":"弥生町"}],"0811":[{"pref":"滋賀県","city":"大津市","town":"由美浜"}],"0226":[{"pref":"滋賀県","city":"大津市","town":"陽明町"}],"0063":[{"pref":"滋賀県","city":"大津市","town":"横木"}],"0845":[{"pref":"滋賀県","city":"大津市","town":"若葉台"}],"0524":[{"pref":"滋賀県","city":"大津市","town":"和邇今宿"}],"0529":[{"pref":"滋賀県","city":"大津市","town":"和邇春日"}],"0521":[{"pref":"滋賀県","city":"大津市","town":"和邇北浜"}],"0528":[{"pref":"滋賀県","city":"大津市","town":"和邇高城"}],"0526":[{"pref":"滋賀県","city":"大津市","town":"和邇中"}],"0522":[{"pref":"滋賀県","city":"大津市","town":"和邇中浜"}],"0523":[{"pref":"滋賀県","city":"大津市","town":"和邇南浜"}],"0465":[{"pref":"京都府","city":"京都市左京区","town":"久多上の町"}],"0464":[{"pref":"京都府","city":"京都市左京区","town":"久多中の町"}],"0462":[{"pref":"京都府","city":"京都市左京区","town":"久多下の町"}],"0461":[{"pref":"京都府","city":"京都市左京区","town":"久多川合町"}],"0463":[{"pref":"京都府","city":"京都市左京区","town":"久多宮の町"}]}