{"0000":[{"pref":"秋田県","city":"大館市","town":"以下に掲載がない場合"}],"0806":[{"pref":"秋田県","city":"大館市","town":"相染沢中岱"}],"0831":[{"pref":"秋田県","city":"大館市","town":"青葉町"}],"0854":[{"pref":"秋田県","city":"大館市","town":"赤石"}],"0816":[{"pref":"秋田県","city":"大館市","town":"赤館"}],"0814":[{"pref":"秋田県","city":"大館市","town":"赤館町"}],"0011":[{"pref":"秋田県","city":"大館市","town":"商人留"}],"0025":[{"pref":"秋田県","city":"大館市","town":"芦田子"}],"0023":[{"pref":"秋田県","city":"大館市","town":"東"}],"0043":[{"pref":"秋田県","city":"大館市","town":"有浦"}],"0836":[{"pref":"秋田県","city":"大館市","town":"池内"}],"0834":[{"pref":"秋田県","city":"大館市","town":"池内道上"}],"0832":[{"pref":"秋田県","city":"大館市","town":"池内道下"}],"0845":[{"pref":"秋田県","city":"大館市","town":"泉町"}],"0053":[{"pref":"秋田県","city":"大館市","town":"板子石境"}],"0853":[{"pref":"秋田県","city":"大館市","town":"板沢"}],"0825":[{"pref":"秋田県","city":"大館市","town":"一心院南"}],"0801":[{"pref":"秋田県","city":"大館市","town":"一本杉"}],"0857":[{"pref":"秋田県","city":"大館市","town":"出川"}],"0894":[{"pref":"秋田県","city":"大館市","town":"裏町"}],"0817":[{"pref":"秋田県","city":"大館市","town":"上町"}],"0837":[{"pref":"秋田県","city":"大館市","town":"餌釣"}],"0805":[{"pref":"秋田県","city":"大館市","town":"扇田道下"}],"0024":[{"pref":"秋田県","city":"大館市","town":"大茂内"}],"0041":[{"pref":"秋田県","city":"大館市","town":"大田面"}],"0896":[{"pref":"秋田県","city":"大館市","town":"大館"}],"0851":[{"pref":"秋田県","city":"大館市","town":"大披"}],"0841":[{"pref":"秋田県","city":"大館市","town":"大町"}],"0044":[{"pref":"秋田県","city":"大館市","town":"御成町"}],"0004":[{"pref":"秋田県","city":"大館市","town":"粕田"}],"0892":[{"pref":"秋田県","city":"大館市","town":"片町"}],"0871":[{"pref":"秋田県","city":"大館市","town":"片山"}],"0872":[{"pref":"秋田県","city":"大館市","town":"片山町"}],"0812":[{"pref":"秋田県","city":"大館市","town":"金坂"}],"0813":[{"pref":"秋田県","city":"大館市","town":"金坂後"}],"0031":[{"pref":"秋田県","city":"大館市","town":"上代野"}],"0804":[{"pref":"秋田県","city":"大館市","town":"柄沢"}],"0878":[{"pref":"秋田県","city":"大館市","town":"川口"}],"0042":[{"pref":"秋田県","city":"大館市","town":"観音堂"}],"0866":[{"pref":"秋田県","city":"大館市","town":"北神明町"}],"0893":[{"pref":"秋田県","city":"大館市","town":"桂城"}],"0014":[{"pref":"秋田県","city":"大館市","town":"小釈迦内道上"}],"0015":[{"pref":"秋田県","city":"大館市","town":"小釈迦内道下"}],"0861":[{"pref":"秋田県","city":"大館市","town":"小館町"}],"0835":[{"pref":"秋田県","city":"大館市","town":"小館花"}],"0852":[{"pref":"秋田県","city":"大館市","town":"小袴"}],"0847":[{"pref":"秋田県","city":"大館市","town":"幸町"}],"0821":[{"pref":"秋田県","city":"大館市","town":"桜町"}],"0822":[{"pref":"秋田県","city":"大館市","town":"桜町南"}],"0897":[{"pref":"秋田県","city":"大館市","town":"三ノ丸"}],"0022":[{"pref":"秋田県","city":"大館市","town":"茂内"}],"0046":[{"pref":"秋田県","city":"大館市","town":"清水"}],"0037":[{"pref":"秋田県","city":"大館市","town":"清水堰合"}],"0034":[{"pref":"秋田県","city":"大館市","town":"下代野"}],"0033":[{"pref":"秋田県","city":"大館市","town":"下綱"}],"0012":[{"pref":"秋田県","city":"大館市","town":"釈迦内"}],"0865":[{"pref":"秋田県","city":"大館市","town":"城西町"}],"0002":[{"pref":"秋田県","city":"大館市","town":"白沢"}],"0844":[{"pref":"秋田県","city":"大館市","town":"新町"}],"0887":[{"pref":"秋田県","city":"大館市","town":"水門町"}],"0888":[{"pref":"秋田県","city":"大館市","town":"水門前"}],"0875":[{"pref":"秋田県","city":"大館市","town":"住吉町"}],"0833":[{"pref":"秋田県","city":"大館市","town":"象ケ鼻"}],"0035":[{"pref":"秋田県","city":"大館市","town":"代野"}],"0886":[{"pref":"秋田県","city":"大館市","town":"館下"}],"0877":[{"pref":"秋田県","city":"大館市","town":"立花"}],"0882":[{"pref":"秋田県","city":"大館市","town":"鉄砲場"}],"0846":[{"pref":"秋田県","city":"大館市","town":"常盤木町"}],"0884":[{"pref":"秋田県","city":"大館市","town":"土飛山下"}],"0867":[{"pref":"秋田県","city":"大館市","town":"中神明町"}],"0891":[{"pref":"秋田県","city":"大館市","town":"中城"}],"0843":[{"pref":"秋田県","city":"大館市","town":"中町"}],"0045":[{"pref":"秋田県","city":"大館市","town":"中道"}],"0839":[{"pref":"秋田県","city":"大館市","town":"中山"}],"0881":[{"pref":"秋田県","city":"大館市","town":"長木川南"}],"0895":[{"pref":"秋田県","city":"大館市","town":"長倉"}],"0802":[{"pref":"秋田県","city":"大館市","town":"長根山下"}],"0001":[{"pref":"秋田県","city":"大館市","town":"長走"}],"0824":[{"pref":"秋田県","city":"大館市","town":"七曲岱"}],"0032":[{"pref":"秋田県","city":"大館市","town":"新綱"}],"0036":[{"pref":"秋田県","city":"大館市","town":"二本杉後"}],"0055":[{"pref":"秋田県","city":"大館市","town":"沼館道上"}],"0056":[{"pref":"秋田県","city":"大館市","town":"沼館道南"}],"0057":[{"pref":"秋田県","city":"大館市","town":"沼館"}],"0862":[{"pref":"秋田県","city":"大館市","town":"根下戸"}],"0864":[{"pref":"秋田県","city":"大館市","town":"根下戸新町"}],"0863":[{"pref":"秋田県","city":"大館市","town":"根下戸町"}],"0842":[{"pref":"秋田県","city":"大館市","town":"馬喰町"}],"0003":[{"pref":"秋田県","city":"大館市","town":"橋桁"}],"0811":[{"pref":"秋田県","city":"大館市","town":"八幡"}],"0823":[{"pref":"秋田県","city":"大館市","town":"八幡沢岱"}],"0005":[{"pref":"秋田県","city":"大館市","town":"花岡町"}],"0803":[{"pref":"秋田県","city":"大館市","town":"東台"}],"0855":[{"pref":"秋田県","city":"大館市","town":"櫃崎"}],"0026":[{"pref":"秋田県","city":"大館市","town":"二ツ屋境"}],"0883":[{"pref":"秋田県","city":"大館市","town":"古川町"}],"0815":[{"pref":"秋田県","city":"大館市","town":"部垂町"}],"0052":[{"pref":"秋田県","city":"大館市","town":"松木"}],"0054":[{"pref":"秋田県","city":"大館市","town":"松館"}],"0051":[{"pref":"秋田県","city":"大館市","town":"松峰"}],"0873":[{"pref":"秋田県","city":"大館市","town":"御坂"}],"0874":[{"pref":"秋田県","city":"大館市","town":"美園町"}],"0868":[{"pref":"秋田県","city":"大館市","town":"南神明町"}],"0828":[{"pref":"秋田県","city":"大館市","town":"向町"}],"0876":[{"pref":"秋田県","city":"大館市","town":"餅田"}],"0827":[{"pref":"秋田県","city":"大館市","town":"谷地町"}],"0826":[{"pref":"秋田県","city":"大館市","town":"谷地町後"}],"0838":[{"pref":"秋田県","city":"大館市","town":"山館"}],"0021":[{"pref":"秋田県","city":"大館市","town":"雪沢"}],"0885":[{"pref":"秋田県","city":"大館市","town":"豊町"}],"0200":[{"pref":"秋田県","city":"鹿角郡小坂町","town":"以下に掲載がない場合"}],"0204":[{"pref":"秋田県","city":"鹿角郡小坂町","town":"荒谷"}],"0203":[{"pref":"秋田県","city":"鹿角郡小坂町","town":"上向"}],"0201":[{"pref":"秋田県","city":"鹿角郡小坂町","town":"小坂"}],"0202":[{"pref":"秋田県","city":"鹿角郡小坂町","town":"小坂鉱山"}],"0205":[{"pref":"秋田県","city":"鹿角郡小坂町","town":"大地"}]}