{"0801":[{"pref":"福岡県","city":"福岡市博多区","town":"中洲"}],"0802":[{"pref":"福岡県","city":"福岡市博多区","town":"中洲中島町"}],"0000":[{"pref":"福岡県","city":"福岡市中央区","town":"以下に掲載がない場合"}],"0042":[{"pref":"福岡県","city":"福岡市中央区","town":"赤坂"}],"0076":[{"pref":"福岡県","city":"福岡市中央区","town":"荒津"}],"0062":[{"pref":"福岡県","city":"福岡市中央区","town":"荒戸"}],"0067":[{"pref":"福岡県","city":"福岡市中央区","town":"伊崎"}],"0021":[{"pref":"福岡県","city":"福岡市中央区","town":"今泉"}],"0054":[{"pref":"福岡県","city":"福岡市中央区","town":"今川"}],"0074":[{"pref":"福岡県","city":"福岡市中央区","town":"大手門"}],"0052":[{"pref":"福岡県","city":"福岡市中央区","town":"大濠"}],"0051":[{"pref":"福岡県","city":"福岡市中央区","town":"大濠公園"}],"0013":[{"pref":"福岡県","city":"福岡市中央区","town":"大宮"}],"0033":[{"pref":"福岡県","city":"福岡市中央区","town":"小笹"}],"0005":[{"pref":"福岡県","city":"福岡市中央区","town":"清川"}],"0045":[{"pref":"福岡県","city":"福岡市中央区","town":"草香江"}],"0055":[{"pref":"福岡県","city":"福岡市中央区","town":"黒門"}],"0023":[{"pref":"福岡県","city":"福岡市中央区","town":"警固"}],"0027":[{"pref":"福岡県","city":"福岡市中央区","town":"御所ケ谷"}],"0024":[{"pref":"福岡県","city":"福岡市中央区","town":"桜坂"}],"0034":[{"pref":"福岡県","city":"福岡市中央区","town":"笹丘"}],"0018":[{"pref":"福岡県","city":"福岡市中央区","town":"山荘通"}],"0028":[{"pref":"福岡県","city":"福岡市中央区","town":"浄水通"}],"0043":[{"pref":"福岡県","city":"福岡市中央区","town":"城内"}],"0012":[{"pref":"福岡県","city":"福岡市中央区","town":"白金"}],"0064":[{"pref":"福岡県","city":"福岡市中央区","town":"地行"}],"0065":[{"pref":"福岡県","city":"福岡市中央区","town":"地行浜"}],"0041":[{"pref":"福岡県","city":"福岡市中央区","town":"大名"}],"0011":[{"pref":"福岡県","city":"福岡市中央区","town":"高砂"}],"0031":[{"pref":"福岡県","city":"福岡市中央区","town":"谷"}],"0032":[{"pref":"福岡県","city":"福岡市中央区","town":"輝国"}],"0001":[{"pref":"福岡県","city":"福岡市中央区","town":"天神"}],"0063":[{"pref":"福岡県","city":"福岡市中央区","town":"唐人町"}],"0053":[{"pref":"福岡県","city":"福岡市中央区","town":"鳥飼"}],"0072":[{"pref":"福岡県","city":"福岡市中央区","town":"長浜"}],"0015":[{"pref":"福岡県","city":"福岡市中央区","town":"那の川"}],"0071":[{"pref":"福岡県","city":"福岡市中央区","town":"那の津"}],"0061":[{"pref":"福岡県","city":"福岡市中央区","town":"西公園"}],"0002":[{"pref":"福岡県","city":"福岡市中央区","town":"西中洲"}],"0035":[{"pref":"福岡県","city":"福岡市中央区","town":"梅光園"}],"0036":[{"pref":"福岡県","city":"福岡市中央区","town":"梅光園団地"}],"0003":[{"pref":"福岡県","city":"福岡市中央区","town":"春吉"}],"0014":[{"pref":"福岡県","city":"福岡市中央区","town":"平尾"}],"0017":[{"pref":"福岡県","city":"福岡市中央区","town":"平丘町"}],"0029":[{"pref":"福岡県","city":"福岡市中央区","town":"平尾浄水町"}],"0066":[{"pref":"福岡県","city":"福岡市中央区","town":"福浜"}],"0026":[{"pref":"福岡県","city":"福岡市中央区","town":"古小烏町"}],"0016":[{"pref":"福岡県","city":"福岡市中央区","town":"平和"}],"0073":[{"pref":"福岡県","city":"福岡市中央区","town":"舞鶴"}],"0075":[{"pref":"福岡県","city":"福岡市中央区","town":"港"}],"0037":[{"pref":"福岡県","city":"福岡市中央区","town":"南公園"}],"0022":[{"pref":"福岡県","city":"福岡市中央区","town":"薬院"}],"0025":[{"pref":"福岡県","city":"福岡市中央区","town":"薬院伊福町"}],"0044":[{"pref":"福岡県","city":"福岡市中央区","town":"六本松"}],"0004":[{"pref":"福岡県","city":"福岡市中央区","town":"渡辺通"}]}