{"0000":[{"pref":"埼玉県","city":"草加市","town":"以下に掲載がない場合"}],"0002":[{"pref":"埼玉県","city":"草加市","town":"青柳"}],"0007":[{"pref":"埼玉県","city":"草加市","town":"青柳町"}],"0053":[{"pref":"埼玉県","city":"草加市","town":"旭町"}],"0032":[{"pref":"埼玉県","city":"草加市","town":"遊馬町"}],"0003":[{"pref":"埼玉県","city":"草加市","town":"稲荷"}],"0001":[{"pref":"埼玉県","city":"草加市","town":"柿木町"}],"0042":[{"pref":"埼玉県","city":"草加市","town":"学園町"}],"0046":[{"pref":"埼玉県","city":"草加市","town":"北谷"}],"0047":[{"pref":"埼玉県","city":"草加市","town":"北谷町"}],"0052":[{"pref":"埼玉県","city":"草加市","town":"金明町"}],"0045":[{"pref":"埼玉県","city":"草加市","town":"小山"}],"0011":[{"pref":"埼玉県","city":"草加市","town":"栄町"}],"0056":[{"pref":"埼玉県","city":"草加市","town":"新栄"}],"0054":[{"pref":"埼玉県","city":"草加市","town":"新善町"}],"0012":[{"pref":"埼玉県","city":"草加市","town":"神明"}],"0014":[{"pref":"埼玉県","city":"草加市","town":"住吉"}],"0055":[{"pref":"埼玉県","city":"草加市","town":"清門"}],"0022":[{"pref":"埼玉県","city":"草加市","town":"瀬崎"}],"0043":[{"pref":"埼玉県","city":"草加市","town":"草加"}],"0015":[{"pref":"埼玉県","city":"草加市","town":"高砂"}],"0016":[{"pref":"埼玉県","city":"草加市","town":"中央"}],"0051":[{"pref":"埼玉県","city":"草加市","town":"長栄"}],"0021":[{"pref":"埼玉県","city":"草加市","town":"手代"}],"0036":[{"pref":"埼玉県","city":"草加市","town":"苗塚町"}],"0005":[{"pref":"埼玉県","city":"草加市","town":"中根"}],"0035":[{"pref":"埼玉県","city":"草加市","town":"西町"}],"0031":[{"pref":"埼玉県","city":"草加市","town":"新里町"}],"0044":[{"pref":"埼玉県","city":"草加市","town":"花栗"}],"0048":[{"pref":"埼玉県","city":"草加市","town":"原町"}],"0034":[{"pref":"埼玉県","city":"草加市","town":"氷川町"}],"0004":[{"pref":"埼玉県","city":"草加市","town":"弁天"}],"0013":[{"pref":"埼玉県","city":"草加市","town":"松江"}],"0041":[{"pref":"埼玉県","city":"草加市","town":"松原"}],"0028":[{"pref":"埼玉県","city":"草加市","town":"谷塚"}],"0024":[{"pref":"埼玉県","city":"草加市","town":"谷塚上町"}],"0025":[{"pref":"埼玉県","city":"草加市","town":"谷塚仲町"}],"0023":[{"pref":"埼玉県","city":"草加市","town":"谷塚町"}],"0033":[{"pref":"埼玉県","city":"草加市","town":"柳島町"}],"0006":[{"pref":"埼玉県","city":"草加市","town":"八幡町"}],"0017":[{"pref":"埼玉県","city":"草加市","town":"吉町"}],"0026":[{"pref":"埼玉県","city":"草加市","town":"両新田東町"}],"0027":[{"pref":"埼玉県","city":"草加市","town":"両新田西町"}],"0211":[{"pref":"埼玉県","city":"久喜市","town":"上内"}],"0204":[{"pref":"埼玉県","city":"久喜市","town":"上川崎"}],"0212":[{"pref":"埼玉県","city":"久喜市","town":"久本寺"}],"0214":[{"pref":"埼玉県","city":"久喜市","town":"葛梅"}],"0215":[{"pref":"埼玉県","city":"久喜市","town":"栄"}],"0203":[{"pref":"埼玉県","city":"久喜市","town":"桜田"}],"0218":[{"pref":"埼玉県","city":"久喜市","town":"砂原"}],"0205":[{"pref":"埼玉県","city":"久喜市","town":"外野"}],"0213":[{"pref":"埼玉県","city":"久喜市","town":"中妻"}],"0206":[{"pref":"埼玉県","city":"久喜市","town":"西大輪"}],"0201":[{"pref":"埼玉県","city":"久喜市","town":"八甫"}],"0202":[{"pref":"埼玉県","city":"久喜市","town":"東大輪"}],"0217":[{"pref":"埼玉県","city":"久喜市","town":"鷲宮"}],"0216":[{"pref":"埼玉県","city":"久喜市","town":"鷲宮中央"}],"0800":[{"pref":"埼玉県","city":"八潮市","town":"以下に掲載がない場合"}],"0826":[{"pref":"埼玉県","city":"八潮市","town":"茜町"}],"0806":[{"pref":"埼玉県","city":"八潮市","town":"伊草"}],"0821":[{"pref":"埼玉県","city":"八潮市","town":"伊勢野"}],"0835":[{"pref":"埼玉県","city":"八潮市","town":"浮塚"}],"0822":[{"pref":"埼玉県","city":"八潮市","town":"大瀬"}],"0834":[{"pref":"埼玉県","city":"八潮市","town":"大曽根"}],"0824":[{"pref":"埼玉県","city":"八潮市","town":"垳"}],"0803":[{"pref":"埼玉県","city":"八潮市","town":"上馬場"}],"0813":[{"pref":"埼玉県","city":"八潮市","town":"木曽根"}],"0804":[{"pref":"埼玉県","city":"八潮市","town":"小作田"}],"0823":[{"pref":"埼玉県","city":"八潮市","town":"古新田"}],"0807":[{"pref":"埼玉県","city":"八潮市","town":"新町"}],"0825":[{"pref":"埼玉県","city":"八潮市","town":"大原"}],"0816":[{"pref":"埼玉県","city":"八潮市","town":"中央"}],"0802":[{"pref":"埼玉県","city":"八潮市","town":"鶴ケ曽根"}],"0812":[{"pref":"埼玉県","city":"八潮市","town":"中馬場"}],"0833":[{"pref":"埼玉県","city":"八潮市","town":"西袋"}],"0811":[{"pref":"埼玉県","city":"八潮市","town":"二丁目"}],"0801":[{"pref":"埼玉県","city":"八潮市","town":"八條"}],"0805":[{"pref":"埼玉県","city":"八潮市","town":"松之木"}],"0808":[{"pref":"埼玉県","city":"八潮市","town":"緑町"}],"0831":[{"pref":"埼玉県","city":"八潮市","town":"南後谷"}],"0814":[{"pref":"埼玉県","city":"八潮市","town":"南川崎"}],"0815":[{"pref":"埼玉県","city":"八潮市","town":"八潮"}],"0832":[{"pref":"埼玉県","city":"八潮市","town":"柳之宮"}],"0100":[{"pref":"埼玉県","city":"幸手市","town":"以下に掲載がない場合"}],"0103":[{"pref":"埼玉県","city":"幸手市","town":"内国府間"}],"0104":[{"pref":"埼玉県","city":"幸手市","town":"円藤内"}],"0164":[{"pref":"埼玉県","city":"幸手市","town":"香日向"}],"0124":[{"pref":"埼玉県","city":"幸手市","town":"上宇和田"}],"0146":[{"pref":"埼玉県","city":"幸手市","town":"神扇"}],"0155":[{"pref":"埼玉県","city":"幸手市","town":"上高野"}],"0121":[{"pref":"埼玉県","city":"幸手市","town":"上吉羽"}],"0111":[{"pref":"埼玉県","city":"幸手市","town":"北"}],"0123":[{"pref":"埼玉県","city":"幸手市","town":"木立"}],"0112":[{"pref":"埼玉県","city":"幸手市","town":"権現堂"}],"0154":[{"pref":"埼玉県","city":"幸手市","town":"栄"}],"0113":[{"pref":"埼玉県","city":"幸手市","town":"幸手"}],"0125":[{"pref":"埼玉県","city":"幸手市","town":"下宇和田"}],"0162":[{"pref":"埼玉県","city":"幸手市","town":"下川崎"}],"0126":[{"pref":"埼玉県","city":"幸手市","town":"下吉羽"}],"0122":[{"pref":"埼玉県","city":"幸手市","town":"神明内"}],"0133":[{"pref":"埼玉県","city":"幸手市","town":"惣新田"}],"0101":[{"pref":"埼玉県","city":"幸手市","town":"外国府間"}],"0102":[{"pref":"埼玉県","city":"幸手市","town":"高須賀"}],"0161":[{"pref":"埼玉県","city":"幸手市","town":"千塚"}],"0152":[{"pref":"埼玉県","city":"幸手市","town":"天神島"}],"0144":[{"pref":"埼玉県","city":"幸手市","town":"戸島"}],"0115":[{"pref":"埼玉県","city":"幸手市","town":"中"}],"0163":[{"pref":"埼玉県","city":"幸手市","town":"中川崎"}],"0132":[{"pref":"埼玉県","city":"幸手市","town":"中島"}],"0142":[{"pref":"埼玉県","city":"幸手市","town":"中野"}],"0143":[{"pref":"埼玉県","city":"幸手市","town":"長間"}],"0116":[{"pref":"埼玉県","city":"幸手市","town":"西"}],"0131":[{"pref":"埼玉県","city":"幸手市","town":"西関宿"}],"0134":[{"pref":"埼玉県","city":"幸手市","town":"花島"}],"0114":[{"pref":"埼玉県","city":"幸手市","town":"東"}],"0145":[{"pref":"埼玉県","city":"幸手市","town":"平須賀"}],"0141":[{"pref":"埼玉県","city":"幸手市","town":"平野"}],"0136":[{"pref":"埼玉県","city":"幸手市","town":"細野"}],"0135":[{"pref":"埼玉県","city":"幸手市","town":"槇野地"}],"0105":[{"pref":"埼玉県","city":"幸手市","town":"松石"}],"0151":[{"pref":"埼玉県","city":"幸手市","town":"緑台"}],"0156":[{"pref":"埼玉県","city":"幸手市","town":"南"}],"0153":[{"pref":"埼玉県","city":"幸手市","town":"吉野"}]}