{"0004":[{"pref":"東京都","city":"板橋区","town":"板橋"}],"0002":[{"pref":"東京都","city":"板橋区","town":"稲荷台"}],"0035":[{"pref":"東京都","city":"板橋区","town":"大谷口"}],"0032":[{"pref":"東京都","city":"板橋区","town":"大谷口上町"}],"0031":[{"pref":"東京都","city":"板橋区","town":"大谷口北町"}],"0024":[{"pref":"東京都","city":"板橋区","town":"大山金井町"}],"0014":[{"pref":"東京都","city":"板橋区","town":"大山東町"}],"0033":[{"pref":"東京都","city":"板橋区","town":"大山西町"}],"0023":[{"pref":"東京都","city":"板橋区","town":"大山町"}],"0003":[{"pref":"東京都","city":"板橋区","town":"加賀"}],"0025":[{"pref":"東京都","city":"板橋区","town":"熊野町"}],"0037":[{"pref":"東京都","city":"板橋区","town":"小茂根"}],"0034":[{"pref":"東京都","city":"板橋区","town":"幸町"}],"0015":[{"pref":"東京都","city":"板橋区","town":"栄町"}],"0016":[{"pref":"東京都","city":"板橋区","town":"中板橋"}],"0005":[{"pref":"東京都","city":"板橋区","town":"仲宿"}],"0022":[{"pref":"東京都","city":"板橋区","town":"仲町"}],"0026":[{"pref":"東京都","city":"板橋区","town":"中丸町"}],"0013":[{"pref":"東京都","city":"板橋区","town":"氷川町"}],"0011":[{"pref":"東京都","city":"板橋区","town":"双葉町"}],"0001":[{"pref":"東京都","city":"板橋区","town":"本町"}],"0027":[{"pref":"東京都","city":"板橋区","town":"南町"}],"0036":[{"pref":"東京都","city":"板橋区","town":"向原"}],"0012":[{"pref":"東京都","city":"板橋区","town":"大和町"}],"0021":[{"pref":"東京都","city":"板橋区","town":"弥生町"}]}