{"1151":[{"pref":"徳島県","city":"徳島市","town":"応神町古川"}],"1152":[{"pref":"徳島県","city":"徳島市","town":"応神町中原"}],"1153":[{"pref":"徳島県","city":"徳島市","town":"応神町吉成"}],"1154":[{"pref":"徳島県","city":"徳島市","town":"応神町東貞方"}],"1155":[{"pref":"徳島県","city":"徳島市","town":"応神町西貞方"}],"1156":[{"pref":"徳島県","city":"徳島市","town":"応神町応神産業団地"}],"1200":[{"pref":"徳島県","city":"板野郡藍住町","town":"以下に掲載がない場合"}],"1201":[{"pref":"徳島県","city":"板野郡藍住町","town":"奥野（その他）"}],"1202":[{"pref":"徳島県","city":"板野郡藍住町","town":"奥野（猪熊）"},{"pref":"徳島県","city":"板野郡藍住町","town":"奥野（東中須）"},{"pref":"徳島県","city":"板野郡藍住町","town":"奥野（前川）"},{"pref":"徳島県","city":"板野郡藍住町","town":"奥野（和田）"}],"1203":[{"pref":"徳島県","city":"板野郡藍住町","town":"奥野（矢上前）"}],"1210":[{"pref":"徳島県","city":"板野郡藍住町","town":"徳命（その他）"}],"1211":[{"pref":"徳島県","city":"板野郡藍住町","town":"徳命（元村）"},{"pref":"徳島県","city":"板野郡藍住町","town":"徳命（元村東）"}],"1212":[{"pref":"徳島県","city":"板野郡藍住町","town":"徳命（前須東）"},{"pref":"徳島県","city":"板野郡藍住町","town":"徳命（前須西）"}],"1220":[{"pref":"徳島県","city":"板野郡藍住町","town":"東中富（その他）"}],"1221":[{"pref":"徳島県","city":"板野郡藍住町","town":"東中富（長江傍示）"}],"1222":[{"pref":"徳島県","city":"板野郡藍住町","town":"東中富（北傍示）"}],"1223":[{"pref":"徳島県","city":"板野郡藍住町","town":"東中富（敷地傍示）"},{"pref":"徳島県","city":"板野郡藍住町","town":"東中富（天王傍示）"}],"1224":[{"pref":"徳島県","city":"板野郡藍住町","town":"東中富（大塚傍示）"},{"pref":"徳島県","city":"板野郡藍住町","town":"東中富（慶長）"},{"pref":"徳島県","city":"板野郡藍住町","town":"東中富（貞享）"},{"pref":"徳島県","city":"板野郡藍住町","town":"東中富（東安永）"},{"pref":"徳島県","city":"板野郡藍住町","town":"東中富（西安永）"},{"pref":"徳島県","city":"板野郡藍住町","town":"東中富（鑓場傍示）"}],"1230":[{"pref":"徳島県","city":"板野郡藍住町","town":"富吉（その他）"}],"1231":[{"pref":"徳島県","city":"板野郡藍住町","town":"富吉（須崎）"},{"pref":"徳島県","city":"板野郡藍住町","town":"富吉（富吉）"},{"pref":"徳島県","city":"板野郡藍住町","town":"富吉（豊吉）"}],"1232":[{"pref":"徳島県","city":"板野郡藍住町","town":"富吉（地神）"},{"pref":"徳島県","city":"板野郡藍住町","town":"富吉（穂実）"}],"1240":[{"pref":"徳島県","city":"板野郡藍住町","town":"乙瀬"}],"1250":[{"pref":"徳島県","city":"板野郡藍住町","town":"矢上（その他）"}],"1251":[{"pref":"徳島県","city":"板野郡藍住町","town":"矢上（西）"},{"pref":"徳島県","city":"板野郡藍住町","town":"矢上（原）"}],"1252":[{"pref":"徳島県","city":"板野郡藍住町","town":"矢上（春日）"},{"pref":"徳島県","city":"板野郡藍住町","town":"矢上（北分）"}],"1253":[{"pref":"徳島県","city":"板野郡藍住町","town":"矢上（江ノ口）"},{"pref":"徳島県","city":"板野郡藍住町","town":"矢上（安任）"}],"1260":[{"pref":"徳島県","city":"板野郡藍住町","town":"笠木（その他）"}],"1261":[{"pref":"徳島県","city":"板野郡藍住町","town":"笠木（東野）"}],"1262":[{"pref":"徳島県","city":"板野郡藍住町","town":"笠木（中野）"},{"pref":"徳島県","city":"板野郡藍住町","town":"笠木（西野）"}],"1264":[{"pref":"徳島県","city":"板野郡藍住町","town":"住吉（その他）"}],"1265":[{"pref":"徳島県","city":"板野郡藍住町","town":"住吉（逆藤）"},{"pref":"徳島県","city":"板野郡藍住町","town":"住吉（神蔵）"},{"pref":"徳島県","city":"板野郡藍住町","town":"住吉（千鳥ケ浜）"}],"1266":[{"pref":"徳島県","city":"板野郡藍住町","town":"住吉（藤ノ木）"},{"pref":"徳島県","city":"板野郡藍住町","town":"住吉（若宮）"}],"1267":[{"pref":"徳島県","city":"板野郡藍住町","town":"住吉（乾）"},{"pref":"徳島県","city":"板野郡藍住町","town":"住吉（江端）"}],"1270":[{"pref":"徳島県","city":"板野郡藍住町","town":"勝瑞（その他）"}],"1271":[{"pref":"徳島県","city":"板野郡藍住町","town":"勝瑞（幸島）"}],"1272":[{"pref":"徳島県","city":"板野郡藍住町","town":"勝瑞（成長）"}],"1273":[{"pref":"徳島県","city":"板野郡藍住町","town":"勝瑞（正喜地）"},{"pref":"徳島県","city":"板野郡藍住町","town":"勝瑞（東勝地）"}],"1300":[{"pref":"徳島県","city":"板野郡上板町","town":"以下に掲載がない場合"}],"1301":[{"pref":"徳島県","city":"板野郡上板町","town":"鍛冶屋原"}],"1302":[{"pref":"徳島県","city":"板野郡上板町","town":"七條"}],"1310":[{"pref":"徳島県","city":"板野郡上板町","town":"泉谷"}],"1311":[{"pref":"徳島県","city":"板野郡上板町","town":"引野"}],"1320":[{"pref":"徳島県","city":"板野郡上板町","town":"神宅"}],"1330":[{"pref":"徳島県","city":"板野郡上板町","town":"西分"}],"1341":[{"pref":"徳島県","city":"板野郡上板町","town":"第十新田"}],"1342":[{"pref":"徳島県","city":"板野郡上板町","town":"佐藤塚"}],"1343":[{"pref":"徳島県","city":"板野郡上板町","town":"椎本"}],"1344":[{"pref":"徳島県","city":"板野郡上板町","town":"下六條"}],"1345":[{"pref":"徳島県","city":"板野郡上板町","town":"上六條"}],"1346":[{"pref":"徳島県","city":"板野郡上板町","town":"高磯"}],"1347":[{"pref":"徳島県","city":"板野郡上板町","town":"高瀬"}],"1350":[{"pref":"徳島県","city":"板野郡上板町","town":"瀬部"}],"1401":[{"pref":"徳島県","city":"阿波市","town":"吉野町柿原"}],"1402":[{"pref":"徳島県","city":"阿波市","town":"吉野町西条"}],"1403":[{"pref":"徳島県","city":"阿波市","town":"吉野町五条"}],"1501":[{"pref":"徳島県","city":"阿波市","town":"土成町秋月"}],"1502":[{"pref":"徳島県","city":"阿波市","town":"土成町水田"}],"1503":[{"pref":"徳島県","city":"阿波市","town":"土成町浦池"}],"1504":[{"pref":"徳島県","city":"阿波市","town":"土成町成当"}],"1505":[{"pref":"徳島県","city":"阿波市","town":"土成町郡"}],"1506":[{"pref":"徳島県","city":"阿波市","town":"土成町土成"}],"1507":[{"pref":"徳島県","city":"阿波市","town":"土成町吉田"}],"1508":[{"pref":"徳島県","city":"阿波市","town":"土成町宮川内"}],"1509":[{"pref":"徳島県","city":"阿波市","town":"土成町高尾"}],"1601":[{"pref":"徳島県","city":"阿波市","town":"市場町市場（興崎）"}],"1602":[{"pref":"徳島県","city":"阿波市","town":"市場町市場（上野段）"}],"1603":[{"pref":"徳島県","city":"阿波市","town":"市場町市場（岸ノ下）"}],"1604":[{"pref":"徳島県","city":"阿波市","town":"市場町市場（町筋）"}],"1610":[{"pref":"徳島県","city":"阿波市","town":"市場町香美（その他）"}],"1611":[{"pref":"徳島県","city":"阿波市","town":"市場町香美（北香美）"}],"1612":[{"pref":"徳島県","city":"阿波市","town":"市場町上喜来"}],"1613":[{"pref":"徳島県","city":"阿波市","town":"市場町大俣"}],"1614":[{"pref":"徳島県","city":"阿波市","town":"市場町犬墓（その他）"}],"1615":[{"pref":"徳島県","city":"阿波市","town":"市場町大影"}],"1616":[{"pref":"徳島県","city":"阿波市","town":"市場町日開谷"}],"1621":[{"pref":"徳島県","city":"阿波市","town":"市場町尾開"}],"1622":[{"pref":"徳島県","city":"阿波市","town":"市場町興崎"}],"1623":[{"pref":"徳島県","city":"阿波市","town":"市場町切幡"}],"1624":[{"pref":"徳島県","city":"阿波市","town":"市場町山野上"}],"1625":[{"pref":"徳島県","city":"阿波市","town":"市場町八幡"}],"1626":[{"pref":"徳島県","city":"阿波市","town":"市場町伊月"}],"1627":[{"pref":"徳島県","city":"阿波市","town":"市場町大野島"}],"1700":[{"pref":"徳島県","city":"阿波市","town":"以下に掲載がない場合"}],"1701":[{"pref":"徳島県","city":"阿波市","town":"阿波町伊沢市"},{"pref":"徳島県","city":"阿波市","town":"阿波町王地"},{"pref":"徳島県","city":"阿波市","town":"阿波町王地南"},{"pref":"徳島県","city":"阿波市","town":"阿波町大坪"},{"pref":"徳島県","city":"阿波市","town":"阿波町大原"},{"pref":"徳島県","city":"阿波市","town":"阿波町大道南"},{"pref":"徳島県","city":"阿波市","town":"阿波町勝命"},{"pref":"徳島県","city":"阿波市","town":"阿波町勝命北"},{"pref":"徳島県","city":"阿波市","town":"阿波町庚申原"},{"pref":"徳島県","city":"阿波市","town":"阿波町下喜来"},{"pref":"徳島県","city":"阿波市","town":"阿波町下喜来南"},{"pref":"徳島県","city":"阿波市","town":"阿波町新開"},{"pref":"徳島県","city":"阿波市","town":"阿波町清原"},{"pref":"徳島県","city":"阿波市","town":"阿波町谷島"},{"pref":"徳島県","city":"阿波市","town":"阿波町谷島北"},{"pref":"徳島県","city":"阿波市","town":"阿波町西清原"},{"pref":"徳島県","city":"阿波市","town":"阿波町平川原北"},{"pref":"徳島県","city":"阿波市","town":"阿波町平川原南"},{"pref":"徳島県","city":"阿波市","town":"阿波町南谷島"}],"1702":[{"pref":"徳島県","city":"阿波市","town":"阿波町伊勢"},{"pref":"徳島県","city":"阿波市","town":"阿波町井出口"},{"pref":"徳島県","city":"阿波市","town":"阿波町稲荷"},{"pref":"徳島県","city":"阿波市","town":"阿波町大久保"},{"pref":"徳島県","city":"阿波市","town":"阿波町柏谷左右"},{"pref":"徳島県","city":"阿波市","town":"阿波町川添"},{"pref":"徳島県","city":"阿波市","town":"阿波町北ノ名"},{"pref":"徳島県","city":"阿波市","town":"阿波町山王"},{"pref":"徳島県","city":"阿波市","town":"阿波町四歩一"},{"pref":"徳島県","city":"阿波市","town":"阿波町下原"},{"pref":"徳島県","city":"阿波市","town":"阿波町大次郎"},{"pref":"徳島県","city":"阿波市","town":"阿波町谷口"},{"pref":"徳島県","city":"阿波市","town":"阿波町寺サコ"},{"pref":"徳島県","city":"阿波市","town":"阿波町天西山"},{"pref":"徳島県","city":"阿波市","town":"阿波町西ノ岡"},{"pref":"徳島県","city":"阿波市","town":"阿波町野神"},{"pref":"徳島県","city":"阿波市","town":"阿波町久原"},{"pref":"徳島県","city":"阿波市","town":"阿波町本町"},{"pref":"徳島県","city":"阿波市","town":"阿波町本安"},{"pref":"徳島県","city":"阿波市","town":"阿波町森沢"},{"pref":"徳島県","city":"阿波市","town":"阿波町安政"},{"pref":"徳島県","city":"阿波市","town":"阿波町山尻"},{"pref":"徳島県","city":"阿波市","town":"阿波町早田"}],"1703":[{"pref":"徳島県","city":"阿波市","town":"阿波町伊沢田"},{"pref":"徳島県","city":"阿波市","town":"阿波町大道北"},{"pref":"徳島県","city":"阿波市","town":"阿波町岡地"},{"pref":"徳島県","city":"阿波市","town":"阿波町北柴生"},{"pref":"徳島県","city":"阿波市","town":"阿波町北原"},{"pref":"徳島県","city":"阿波市","town":"阿波町真福寺"},{"pref":"徳島県","city":"阿波市","town":"阿波町綱懸"},{"pref":"徳島県","city":"阿波市","town":"阿波町東条"},{"pref":"徳島県","city":"阿波市","town":"阿波町中原"},{"pref":"徳島県","city":"阿波市","town":"阿波町西柴生"},{"pref":"徳島県","city":"阿波市","town":"阿波町西原"},{"pref":"徳島県","city":"阿波市","town":"阿波町東柴生"},{"pref":"徳島県","city":"阿波市","town":"阿波町東原"},{"pref":"徳島県","city":"阿波市","town":"阿波町前島"},{"pref":"徳島県","city":"阿波市","town":"阿波町丸山"},{"pref":"徳島県","city":"阿波市","town":"阿波町南柴生"}],"1704":[{"pref":"徳島県","city":"阿波市","town":"阿波町伊沢谷東縁"},{"pref":"徳島県","city":"阿波市","town":"阿波町糸下"},{"pref":"徳島県","city":"阿波市","town":"阿波町芋場"},{"pref":"徳島県","city":"阿波市","town":"阿波町梅ノ木原"},{"pref":"徳島県","city":"阿波市","town":"阿波町梅ノ東"},{"pref":"徳島県","city":"阿波市","town":"阿波町小倉"},{"pref":"徳島県","city":"阿波市","town":"阿波町亀底"},{"pref":"徳島県","city":"阿波市","town":"阿波町北久保"},{"pref":"徳島県","city":"阿波市","town":"阿波町北五味知"},{"pref":"徳島県","city":"阿波市","town":"阿波町北正広"},{"pref":"徳島県","city":"阿波市","town":"阿波町立割"},{"pref":"徳島県","city":"阿波市","town":"阿波町西正広"},{"pref":"徳島県","city":"阿波市","town":"阿波町八丁原"},{"pref":"徳島県","city":"阿波市","town":"阿波町東正広"},{"pref":"徳島県","city":"阿波市","town":"阿波町引地"},{"pref":"徳島県","city":"阿波市","town":"阿波町広野"},{"pref":"徳島県","city":"阿波市","town":"阿波町真重"},{"pref":"徳島県","city":"阿波市","town":"阿波町南五味知"},{"pref":"徳島県","city":"阿波市","town":"阿波町元町"},{"pref":"徳島県","city":"阿波市","town":"阿波町山ノ神"}],"1705":[{"pref":"徳島県","city":"阿波市","town":"阿波町赤坂"},{"pref":"徳島県","city":"阿波市","town":"阿波町医王寺"},{"pref":"徳島県","city":"阿波市","town":"阿波町居屋敷"},{"pref":"徳島県","city":"阿波市","town":"阿波町梅川内"},{"pref":"徳島県","city":"阿波市","town":"阿波町王子川"},{"pref":"徳島県","city":"阿波市","town":"阿波町川久保"},{"pref":"徳島県","city":"阿波市","town":"阿波町北整理"},{"pref":"徳島県","city":"阿波市","town":"阿波町北山"},{"pref":"徳島県","city":"阿波市","town":"阿波町五明"},{"pref":"徳島県","city":"阿波市","town":"阿波町桜ノ岡"},{"pref":"徳島県","city":"阿波市","town":"阿波町寒風"},{"pref":"徳島県","city":"阿波市","town":"阿波町十善地"},{"pref":"徳島県","city":"阿波市","town":"阿波町善地"},{"pref":"徳島県","city":"阿波市","town":"阿波町高垣"},{"pref":"徳島県","city":"阿波市","town":"阿波町栩ケ窪"},{"pref":"徳島県","city":"阿波市","town":"阿波町馬場"},{"pref":"徳島県","city":"阿波市","town":"阿波町日吉谷"},{"pref":"徳島県","city":"阿波市","town":"阿波町松川内"}],"1706":[{"pref":"徳島県","city":"阿波市","town":"阿波町岩津"},{"pref":"徳島県","city":"阿波市","town":"阿波町植桜"},{"pref":"徳島県","city":"阿波市","town":"阿波町乙岩津"},{"pref":"徳島県","city":"阿波市","town":"阿波町北岡"},{"pref":"徳島県","city":"阿波市","town":"阿波町北西谷"},{"pref":"徳島県","city":"阿波市","town":"阿波町三本柳"},{"pref":"徳島県","city":"阿波市","town":"阿波町中川原"},{"pref":"徳島県","city":"阿波市","town":"阿波町中坪"},{"pref":"徳島県","city":"阿波市","town":"阿波町中長峰"},{"pref":"徳島県","city":"阿波市","town":"阿波町西島"},{"pref":"徳島県","city":"阿波市","town":"阿波町西整理"},{"pref":"徳島県","city":"阿波市","town":"阿波町西長峰"},{"pref":"徳島県","city":"阿波市","town":"阿波町西林"},{"pref":"徳島県","city":"阿波市","town":"阿波町東川原"},{"pref":"徳島県","city":"阿波市","town":"阿波町東島"},{"pref":"徳島県","city":"阿波市","town":"阿波町東整理"},{"pref":"徳島県","city":"阿波市","town":"阿波町東長峰"},{"pref":"徳島県","city":"阿波市","town":"阿波町東村"},{"pref":"徳島県","city":"阿波市","town":"阿波町南川原"},{"pref":"徳島県","city":"阿波市","town":"阿波町南整理"},{"pref":"徳島県","city":"阿波市","town":"阿波町南西谷"}],"1714":[{"pref":"徳島県","city":"阿波市","town":"市場町犬墓（小竹）"}],"2101":[{"pref":"徳島県","city":"美馬市","town":"美馬町（入倉、大久保、切久保、正部、丈寄、清田）"}],"2102":[{"pref":"徳島県","city":"美馬市","town":"美馬町（家ノ前、大池、大上、大北、大佐古、大前、岡ノ内、押上、茅原、"},{"pref":"徳島県","city":"美馬市","town":"川ノ上、観音、栗林、黒砂、狙ケ内、猿坂、下白地、白地、炭釜、芹佐古、惣後、"},{"pref":"徳島県","city":"美馬市","town":"惣田、外墓、滝ノ上、立見山、田ノ岡、狙坂、中岡、中野田ノ井、中横尾、長地、"},{"pref":"徳島県","city":"美馬市","town":"西浦、西ノ谷、野田ノ井、橋谷、場シ所、東筋、平尾、平野、藤宇、前坂、"},{"pref":"徳島県","city":"美馬市","town":"水ノ岡、味噌ケ久保、道ノ上、宮ノ岡、南畠、薬師ケ久保、山西屋敷、"},{"pref":"徳島県","city":"美馬市","town":"山橋谷、横尾）"}],"2103":[{"pref":"徳島県","city":"美馬市","town":"美馬町（一ノ宮、後谷、倉尾、三頭山、下後谷、高惣、谷尻、"},{"pref":"徳島県","city":"美馬市","town":"露口、中沼田、中野、夏弥喜、ナロヲ、西大久保、西沼田、沼田、八ノ坪、"},{"pref":"徳島県","city":"美馬市","town":"坊ケ谷、水久保、宗ノ分、屋内）"}],"2104":[{"pref":"徳島県","city":"美馬市","town":"美馬町（鵜飼口、岡、小長谷、小長谷端、笠仏、川縁、荒神、助松、高畑、辰角、"},{"pref":"徳島県","city":"美馬市","town":"谷頭、玉振前、チゲジ、天神東、轟、中黒、中須、中道北、中道南、ノツゴ、"},{"pref":"徳島県","city":"美馬市","town":"ノリコヘ、橋本、東岸ノ下、東段、東宗重、坊僧、丸山、南原、明神原、"},{"pref":"徳島県","city":"美馬市","town":"宗重、薬師）"}],"2105":[{"pref":"徳島県","city":"美馬市","town":"美馬町（池ノ浦、銀杏木、梅ケ久保、駅、蛭子、柿木、鍵掛、願勝寺、"},{"pref":"徳島県","city":"美馬市","town":"北土ケ久保、喜入道、滝宮、土ケ久保、西段、宮東、宮西、宮南、養泉）"}],"2106":[{"pref":"徳島県","city":"美馬市","town":"美馬町（荒川、井出縁、井ノ神、大泉、大宮西、上突出、岸ノ下、北東原、"},{"pref":"徳島県","city":"美馬市","town":"喜来市、里平野、下突出、谷ヨリ西、乳ノ木、寺ノ下、天神、天神北、中東原、"},{"pref":"徳島県","city":"美馬市","town":"西荒川、沼田島、東荒川、南荒川、南東原、妙見、山嫁坂）"}],"2107":[{"pref":"徳島県","city":"美馬市","town":"美馬町（雨下、上野、小原、境目、里西屋敷、下ノ段、城、滝下、竹ノ内、田辺、"},{"pref":"徳島県","city":"美馬市","town":"谷口、栂尾、突落、中尾、中耕地、中筋、中通、中西、中山、長畑、夏蕨、"},{"pref":"徳島県","city":"美馬市","town":"西宮ノ上、東宮ノ上、細野、前田、松ノ花、松ノ本、宮前、宮北、八幡、"},{"pref":"徳島県","city":"美馬市","town":"山夏蕨、吉水）"}],"2301":[{"pref":"徳島県","city":"三好市","town":"三野町清水"}],"2302":[{"pref":"徳島県","city":"三好市","town":"三野町加茂野宮"}],"2303":[{"pref":"徳島県","city":"三好市","town":"三野町勢力"}],"2304":[{"pref":"徳島県","city":"三好市","town":"三野町芝生"}],"2305":[{"pref":"徳島県","city":"三好市","town":"三野町太刀野"}],"2306":[{"pref":"徳島県","city":"三好市","town":"三野町太刀野山"}],"2501":[{"pref":"徳島県","city":"三好郡東みよし町","town":"昼間"}],"2502":[{"pref":"徳島県","city":"三好郡東みよし町","town":"足代"}],"2503":[{"pref":"徳島県","city":"三好郡東みよし町","town":"東山"}],"3200":[{"pref":"徳島県","city":"名西郡神山町","town":"以下に掲載がない場合"}],"3201":[{"pref":"徳島県","city":"名西郡神山町","town":"阿野（その他）"}],"3202":[{"pref":"徳島県","city":"名西郡神山町","town":"阿野（石堂）"},{"pref":"徳島県","city":"名西郡神山町","town":"阿野（井ノ谷）"},{"pref":"徳島県","city":"名西郡神山町","town":"阿野（宇度木）"},{"pref":"徳島県","city":"名西郡神山町","town":"阿野（上河内）"},{"pref":"徳島県","city":"名西郡神山町","town":"阿野（川平）"},{"pref":"徳島県","city":"名西郡神山町","town":"阿野（黒木）"},{"pref":"徳島県","city":"名西郡神山町","town":"阿野（駒坂）"},{"pref":"徳島県","city":"名西郡神山町","town":"阿野（地ノ平）"},{"pref":"徳島県","city":"名西郡神山町","town":"阿野（神木）"},{"pref":"徳島県","city":"名西郡神山町","town":"阿野（須賀）"},{"pref":"徳島県","city":"名西郡神山町","town":"阿野（長瀬）"},{"pref":"徳島県","city":"名西郡神山町","town":"阿野（長代）"},{"pref":"徳島県","city":"名西郡神山町","town":"阿野（二ノ宮）"},{"pref":"徳島県","city":"名西郡神山町","town":"阿野（日浦）"},{"pref":"徳島県","city":"名西郡神山町","town":"阿野（東代次）"},{"pref":"徳島県","city":"名西郡神山町","town":"阿野（広石）"},{"pref":"徳島県","city":"名西郡神山町","town":"阿野（福原）"},{"pref":"徳島県","city":"名西郡神山町","town":"阿野（府中）"},{"pref":"徳島県","city":"名西郡神山町","town":"阿野（船底）"},{"pref":"徳島県","city":"名西郡神山町","town":"阿野（本名）"},{"pref":"徳島県","city":"名西郡神山町","town":"阿野（松尾）"},{"pref":"徳島県","city":"名西郡神山町","town":"阿野（宮分）"},{"pref":"徳島県","city":"名西郡神山町","town":"阿野（屋那瀬）"},{"pref":"徳島県","city":"名西郡神山町","town":"阿野（代次）"}],"3203":[{"pref":"徳島県","city":"名西郡神山町","town":"鬼籠野"}],"3310":[{"pref":"徳島県","city":"名西郡神山町","town":"神領（その他）"}],"3311":[{"pref":"徳島県","city":"名西郡神山町","town":"神領（石堂）"},{"pref":"徳島県","city":"名西郡神山町","town":"神領（川北）"},{"pref":"徳島県","city":"名西郡神山町","town":"神領（北）"},{"pref":"徳島県","city":"名西郡神山町","town":"神領（谷）"},{"pref":"徳島県","city":"名西郡神山町","town":"神領（東野間）"},{"pref":"徳島県","city":"名西郡神山町","town":"神領（西野間）"},{"pref":"徳島県","city":"名西郡神山町","town":"神領（本野間）"}],"3421":[{"pref":"徳島県","city":"名西郡神山町","town":"下分"}],"3422":[{"pref":"徳島県","city":"名西郡神山町","town":"上分"}],"4100":[{"pref":"徳島県","city":"名東郡佐那河内村","town":"以下に掲載がない場合"}],"4101":[{"pref":"徳島県","city":"名東郡佐那河内村","town":"下"}],"4102":[{"pref":"徳島県","city":"名東郡佐那河内村","town":"上"}],"4261":[{"pref":"徳島県","city":"徳島市","town":"丈六町（その他）"}],"4262":[{"pref":"徳島県","city":"徳島市","town":"丈六町（長尾）"}],"4263":[{"pref":"徳島県","city":"徳島市","town":"丈六町（丈領）"}],"4264":[{"pref":"徳島県","city":"徳島市","town":"多家良町"}],"4265":[{"pref":"徳島県","city":"徳島市","town":"飯谷町"}],"4266":[{"pref":"徳島県","city":"徳島市","town":"八多町"}],"4267":[{"pref":"徳島県","city":"徳島市","town":"渋野町"}],"4300":[{"pref":"徳島県","city":"勝浦郡勝浦町","town":"以下に掲載がない場合"}],"4301":[{"pref":"徳島県","city":"勝浦郡勝浦町","town":"沼江"}],"4302":[{"pref":"徳島県","city":"勝浦郡勝浦町","town":"中角"}],"4303":[{"pref":"徳島県","city":"勝浦郡勝浦町","town":"生名"}],"4304":[{"pref":"徳島県","city":"勝浦郡勝浦町","town":"星谷"}],"4305":[{"pref":"徳島県","city":"勝浦郡勝浦町","town":"久国"}],"4306":[{"pref":"徳島県","city":"勝浦郡勝浦町","town":"棚野"}],"4307":[{"pref":"徳島県","city":"勝浦郡勝浦町","town":"三渓"}],"4308":[{"pref":"徳島県","city":"勝浦郡勝浦町","town":"坂本"}],"4500":[{"pref":"徳島県","city":"勝浦郡上勝町","town":"以下に掲載がない場合"}],"4501":[{"pref":"徳島県","city":"勝浦郡上勝町","town":"福原"}],"4502":[{"pref":"徳島県","city":"勝浦郡上勝町","town":"旭"}],"4503":[{"pref":"徳島県","city":"勝浦郡上勝町","town":"生実"}],"4504":[{"pref":"徳島県","city":"勝浦郡上勝町","town":"傍示"}],"4505":[{"pref":"徳島県","city":"勝浦郡上勝町","town":"正木"}],"5170":[{"pref":"徳島県","city":"阿南市","town":"楠根町"}],"5171":[{"pref":"徳島県","city":"阿南市","town":"熊谷町"}],"5172":[{"pref":"徳島県","city":"阿南市","town":"吉井町"}],"5173":[{"pref":"徳島県","city":"阿南市","town":"加茂町"}],"5174":[{"pref":"徳島県","city":"阿南市","town":"水井町"}],"5175":[{"pref":"徳島県","city":"阿南市","town":"細野町"}],"5176":[{"pref":"徳島県","city":"阿南市","town":"大田井町"}],"5177":[{"pref":"徳島県","city":"阿南市","town":"大井町"}],"5178":[{"pref":"徳島県","city":"阿南市","town":"十八女町"}],"5179":[{"pref":"徳島県","city":"阿南市","town":"深瀬町"}],"5200":[{"pref":"徳島県","city":"那賀郡那賀町","town":"以下に掲載がない場合"}],"5201":[{"pref":"徳島県","city":"那賀郡那賀町","town":"和食"}],"5202":[{"pref":"徳島県","city":"那賀郡那賀町","town":"土佐"}],"5203":[{"pref":"徳島県","city":"那賀郡那賀町","town":"和食郷"}],"5204":[{"pref":"徳島県","city":"那賀郡那賀町","town":"中山"}],"5205":[{"pref":"徳島県","city":"那賀郡那賀町","town":"百合谷"}],"5206":[{"pref":"徳島県","city":"那賀郡那賀町","town":"百合"}],"5207":[{"pref":"徳島県","city":"那賀郡那賀町","town":"阿井"}],"5208":[{"pref":"徳島県","city":"那賀郡那賀町","town":"仁宇"}],"5209":[{"pref":"徳島県","city":"那賀郡那賀町","town":"小仁宇"}],"5320":[{"pref":"徳島県","city":"那賀郡那賀町","town":"榎谷"}],"5321":[{"pref":"徳島県","city":"那賀郡那賀町","town":"馬路"}],"5322":[{"pref":"徳島県","city":"那賀郡那賀町","town":"谷内"}],"5323":[{"pref":"徳島県","city":"那賀郡那賀町","town":"相名"}],"5324":[{"pref":"徳島県","city":"那賀郡那賀町","town":"井ノ谷"}],"5325":[{"pref":"徳島県","city":"那賀郡那賀町","town":"平野"}],"5326":[{"pref":"徳島県","city":"那賀郡那賀町","town":"内山"}],"5327":[{"pref":"徳島県","city":"那賀郡那賀町","town":"西納"}],"5328":[{"pref":"徳島県","city":"那賀郡那賀町","town":"請ノ谷"}],"5329":[{"pref":"徳島県","city":"那賀郡那賀町","town":"竹ケ谷"}],"5401":[{"pref":"徳島県","city":"那賀郡那賀町","town":"朝生"}],"5402":[{"pref":"徳島県","city":"那賀郡那賀町","town":"簗ノ上"}],"5403":[{"pref":"徳島県","city":"那賀郡那賀町","town":"鮎川"}],"5404":[{"pref":"徳島県","city":"那賀郡那賀町","town":"牛輪"}],"5405":[{"pref":"徳島県","city":"那賀郡那賀町","town":"入野"}],"5406":[{"pref":"徳島県","city":"那賀郡那賀町","town":"延野"}],"5407":[{"pref":"徳島県","city":"那賀郡那賀町","town":"雄"}],"5408":[{"pref":"徳島県","city":"那賀郡那賀町","town":"吉野"}],"5409":[{"pref":"徳島県","city":"那賀郡那賀町","town":"鉢"}],"5410":[{"pref":"徳島県","city":"那賀郡那賀町","town":"大久保"}],"5411":[{"pref":"徳島県","city":"那賀郡那賀町","town":"横石"}],"5412":[{"pref":"徳島県","city":"那賀郡那賀町","town":"朴野"}],"5413":[{"pref":"徳島県","city":"那賀郡那賀町","town":"蔭谷"}],"5501":[{"pref":"徳島県","city":"那賀郡那賀町","town":"音谷"}],"5502":[{"pref":"徳島県","city":"那賀郡那賀町","town":"桜谷"}],"5503":[{"pref":"徳島県","city":"那賀郡那賀町","town":"小浜"}],"5504":[{"pref":"徳島県","city":"那賀郡那賀町","town":"臼ケ谷"}],"5505":[{"pref":"徳島県","city":"那賀郡那賀町","town":"長安"}],"5506":[{"pref":"徳島県","city":"那賀郡那賀町","town":"桧曽根"}],"5507":[{"pref":"徳島県","city":"那賀郡那賀町","town":"菖蒲"}],"5508":[{"pref":"徳島県","city":"那賀郡那賀町","town":"東尾"}],"5511":[{"pref":"徳島県","city":"那賀郡那賀町","town":"水崎"}],"5512":[{"pref":"徳島県","city":"那賀郡那賀町","town":"小計"}],"5513":[{"pref":"徳島県","city":"那賀郡那賀町","town":"古屋"}],"5514":[{"pref":"徳島県","city":"那賀郡那賀町","town":"深森"}],"5515":[{"pref":"徳島県","city":"那賀郡那賀町","town":"川俣"}],"5516":[{"pref":"徳島県","city":"那賀郡那賀町","town":"大戸"}],"5517":[{"pref":"徳島県","city":"那賀郡那賀町","town":"日真"}],"5518":[{"pref":"徳島県","city":"那賀郡那賀町","town":"拝宮"}],"5531":[{"pref":"徳島県","city":"那賀郡那賀町","town":"日浦"}],"5532":[{"pref":"徳島県","city":"那賀郡那賀町","town":"花瀬"}],"6101":[{"pref":"徳島県","city":"那賀郡那賀町","town":"阿津江"}],"6102":[{"pref":"徳島県","city":"那賀郡那賀町","town":"木頭名"}],"6103":[{"pref":"徳島県","city":"那賀郡那賀町","town":"出羽"}],"6104":[{"pref":"徳島県","city":"那賀郡那賀町","town":"当山"}],"6105":[{"pref":"徳島県","city":"那賀郡那賀町","town":"木頭"}],"6106":[{"pref":"徳島県","city":"那賀郡那賀町","town":"坂州"}],"6107":[{"pref":"徳島県","city":"那賀郡那賀町","town":"掛盤"}],"6111":[{"pref":"徳島県","city":"那賀郡那賀町","town":"小泉"}],"6112":[{"pref":"徳島県","city":"那賀郡那賀町","town":"高野"}],"6113":[{"pref":"徳島県","city":"那賀郡那賀町","town":"寺内"}],"6114":[{"pref":"徳島県","city":"那賀郡那賀町","town":"沢谷"}],"6115":[{"pref":"徳島県","city":"那賀郡那賀町","town":"小畠"}],"6116":[{"pref":"徳島県","city":"那賀郡那賀町","town":"横谷"}],"6117":[{"pref":"徳島県","city":"那賀郡那賀町","town":"川成"}],"6118":[{"pref":"徳島県","city":"那賀郡那賀町","town":"岩倉"}],"6321":[{"pref":"徳島県","city":"那賀郡那賀町","town":"平谷"}],"6322":[{"pref":"徳島県","city":"那賀郡那賀町","town":"大殿"}],"6323":[{"pref":"徳島県","city":"那賀郡那賀町","town":"白石"}],"6324":[{"pref":"徳島県","city":"那賀郡那賀町","town":"御所谷"}],"6325":[{"pref":"徳島県","city":"那賀郡那賀町","town":"丈ケ谷"}],"6326":[{"pref":"徳島県","city":"那賀郡那賀町","town":"府殿"}],"6327":[{"pref":"徳島県","city":"那賀郡那賀町","town":"成瀬"}],"6328":[{"pref":"徳島県","city":"那賀郡那賀町","town":"海川"}],"6401":[{"pref":"徳島県","city":"那賀郡那賀町","town":"木頭助"}],"6402":[{"pref":"徳島県","city":"那賀郡那賀町","town":"木頭出原"}],"6403":[{"pref":"徳島県","city":"那賀郡那賀町","town":"木頭和無田"}],"6404":[{"pref":"徳島県","city":"那賀郡那賀町","town":"木頭南宇"}],"6405":[{"pref":"徳島県","city":"那賀郡那賀町","town":"木頭西宇"}],"6511":[{"pref":"徳島県","city":"那賀郡那賀町","town":"木頭折宇"}],"6512":[{"pref":"徳島県","city":"那賀郡那賀町","town":"木頭北川"}],"0101":[{"pref":"徳島県","city":"徳島市","town":"川内町（旭野）"}],"0144":[{"pref":"徳島県","city":"徳島市","town":"川内町（榎瀬）"}],"0131":[{"pref":"徳島県","city":"徳島市","town":"川内町（大松）"}],"0142":[{"pref":"徳島県","city":"徳島市","town":"川内町（沖島）"}],"0130":[{"pref":"徳島県","city":"徳島市","town":"川内町（加賀須野）"}],"0125":[{"pref":"徳島県","city":"徳島市","town":"川内町（金岡）"}],"0126":[{"pref":"徳島県","city":"徳島市","town":"川内町（上別宮東）"}],"0127":[{"pref":"徳島県","city":"徳島市","town":"川内町（上別宮南）"}],"0128":[{"pref":"徳島県","city":"徳島市","town":"川内町（上別宮北）"}],"0129":[{"pref":"徳島県","city":"徳島市","town":"川内町（北原）"}],"0103":[{"pref":"徳島県","city":"徳島市","town":"川内町（小松東）"}],"0104":[{"pref":"徳島県","city":"徳島市","town":"川内町（小松西）"}],"0102":[{"pref":"徳島県","city":"徳島市","town":"川内町（小松北）"}],"0106":[{"pref":"徳島県","city":"徳島市","town":"川内町（下別宮東）"}],"0105":[{"pref":"徳島県","city":"徳島市","town":"川内町（下別宮西）"}],"0121":[{"pref":"徳島県","city":"徳島市","town":"川内町（鈴江東）"}],"0122":[{"pref":"徳島県","city":"徳島市","town":"川内町（鈴江西）"}],"0124":[{"pref":"徳島県","city":"徳島市","town":"川内町（鈴江南）"}],"0123":[{"pref":"徳島県","city":"徳島市","town":"川内町（鈴江北）"}],"0141":[{"pref":"徳島県","city":"徳島市","town":"川内町（竹須賀）"}],"0117":[{"pref":"徳島県","city":"徳島市","town":"川内町（鶴島）"}],"0111":[{"pref":"徳島県","city":"徳島市","town":"川内町（富久）"}],"0112":[{"pref":"徳島県","city":"徳島市","town":"川内町（富吉）"}],"0143":[{"pref":"徳島県","city":"徳島市","town":"川内町（中島）"}],"0132":[{"pref":"徳島県","city":"徳島市","town":"川内町（平石夷野）"}],"0133":[{"pref":"徳島県","city":"徳島市","town":"川内町（平石夷野番外）"}],"0136":[{"pref":"徳島県","city":"徳島市","town":"川内町（平石古田）"}],"0134":[{"pref":"徳島県","city":"徳島市","town":"川内町（平石住吉）"}],"0138":[{"pref":"徳島県","city":"徳島市","town":"川内町（平石流通団地）"}],"0135":[{"pref":"徳島県","city":"徳島市","town":"川内町（平石若松）"}],"0137":[{"pref":"徳島県","city":"徳島市","town":"川内町（平石若宮）"}],"0113":[{"pref":"徳島県","city":"徳島市","town":"川内町（松岡）"}],"0116":[{"pref":"徳島県","city":"徳島市","town":"川内町（宮島錦野）"}],"0115":[{"pref":"徳島県","city":"徳島市","town":"川内町（宮島浜）"}],"0114":[{"pref":"徳島県","city":"徳島市","town":"川内町（宮島本浦）"}],"0139":[{"pref":"徳島県","city":"徳島市","town":"川内町（米津）"}],"0372":[{"pref":"徳島県","city":"鳴門市","town":"北灘町粟田"}],"0373":[{"pref":"徳島県","city":"鳴門市","town":"北灘町大浦"}],"0377":[{"pref":"徳島県","city":"鳴門市","town":"北灘町大須"}],"0376":[{"pref":"徳島県","city":"鳴門市","town":"北灘町折野"}],"0371":[{"pref":"徳島県","city":"鳴門市","town":"北灘町櫛木"}],"0378":[{"pref":"徳島県","city":"鳴門市","town":"北灘町碁浦"}],"0374":[{"pref":"徳島県","city":"鳴門市","town":"北灘町宿毛谷"}],"0375":[{"pref":"徳島県","city":"鳴門市","town":"北灘町鳥ケ丸"}],"0360":[{"pref":"徳島県","city":"鳴門市","town":"瀬戸町明神（その他）"}],"0362":[{"pref":"徳島県","city":"鳴門市","town":"瀬戸町北泊（小海）"}],"0364":[{"pref":"徳島県","city":"鳴門市","town":"瀬戸町北泊（その他）"}],"0367":[{"pref":"徳島県","city":"鳴門市","town":"瀬戸町大島田"}],"0366":[{"pref":"徳島県","city":"鳴門市","town":"瀬戸町中島田"}],"0365":[{"pref":"徳島県","city":"鳴門市","town":"瀬戸町小島田"}],"0361":[{"pref":"徳島県","city":"鳴門市","town":"瀬戸町堂浦"}],"0363":[{"pref":"徳島県","city":"鳴門市","town":"瀬戸町湊谷"}],"0369":[{"pref":"徳島県","city":"鳴門市","town":"瀬戸町撫佐"}],"0368":[{"pref":"徳島県","city":"鳴門市","town":"瀬戸町室"}],"0200":[{"pref":"徳島県","city":"板野郡松茂町","town":"以下に掲載がない場合"},{"pref":"徳島県","city":"板野郡北島町","town":"以下に掲載がない場合"}],"0219":[{"pref":"徳島県","city":"板野郡松茂町","town":"笹木野"}],"0218":[{"pref":"徳島県","city":"板野郡松茂町","town":"住吉"}],"0215":[{"pref":"徳島県","city":"板野郡松茂町","town":"豊岡"}],"0217":[{"pref":"徳島県","city":"板野郡松茂町","town":"豊中"}],"0213":[{"pref":"徳島県","city":"板野郡松茂町","town":"豊久"}],"0212":[{"pref":"徳島県","city":"板野郡松茂町","town":"中喜来"}],"0211":[{"pref":"徳島県","city":"板野郡松茂町","town":"長岸"}],"0216":[{"pref":"徳島県","city":"板野郡松茂町","town":"長原"}],"0220":[{"pref":"徳島県","city":"板野郡松茂町","town":"広島"}],"0214":[{"pref":"徳島県","city":"板野郡松茂町","town":"満穂"}],"0205":[{"pref":"徳島県","city":"板野郡北島町","town":"江尻"}],"0201":[{"pref":"徳島県","city":"板野郡北島町","town":"北村"}],"0207":[{"pref":"徳島県","city":"板野郡北島町","town":"新喜来"}],"0204":[{"pref":"徳島県","city":"板野郡北島町","town":"鯛浜"}],"0206":[{"pref":"徳島県","city":"板野郡北島町","town":"高房"}],"0202":[{"pref":"徳島県","city":"板野郡北島町","town":"太郎八須"}],"0203":[{"pref":"徳島県","city":"板野郡北島町","town":"中村"}]}