{"0032":[{"pref":"東京都","city":"杉並区","town":"天沼"}],"0021":[{"pref":"東京都","city":"杉並区","town":"井草"}],"0035":[{"pref":"東京都","city":"杉並区","town":"今川"}],"0051":[{"pref":"東京都","city":"杉並区","town":"荻窪"}],"0023":[{"pref":"東京都","city":"杉並区","town":"上井草"}],"0043":[{"pref":"東京都","city":"杉並区","town":"上荻"}],"0033":[{"pref":"東京都","city":"杉並区","town":"清水"}],"0022":[{"pref":"東京都","city":"杉並区","town":"下井草"}],"0054":[{"pref":"東京都","city":"杉並区","town":"松庵"}],"0041":[{"pref":"東京都","city":"杉並区","town":"善福寺"}],"0053":[{"pref":"東京都","city":"杉並区","town":"西荻南"}],"0042":[{"pref":"東京都","city":"杉並区","town":"西荻北"}],"0031":[{"pref":"東京都","city":"杉並区","town":"本天沼"}],"0052":[{"pref":"東京都","city":"杉並区","town":"南荻窪"}],"0034":[{"pref":"東京都","city":"杉並区","town":"桃井"}]}