{"0000":[{"pref":"北海道","city":"札幌市中央区","town":"以下に掲載がない場合"}],"0041":[{"pref":"北海道","city":"札幌市中央区","town":"大通東"}],"0042":[{"pref":"北海道","city":"札幌市中央区","town":"大通西（１～１９丁目）"}],"0031":[{"pref":"北海道","city":"札幌市中央区","town":"北一条東"}],"0001":[{"pref":"北海道","city":"札幌市中央区","town":"北一条西（１～１９丁目）"}],"0032":[{"pref":"北海道","city":"札幌市中央区","town":"北二条東"}],"0002":[{"pref":"北海道","city":"札幌市中央区","town":"北二条西（１～１９丁目）"}],"0033":[{"pref":"北海道","city":"札幌市中央区","town":"北三条東"}],"0003":[{"pref":"北海道","city":"札幌市中央区","town":"北三条西（１～１９丁目）"}],"0034":[{"pref":"北海道","city":"札幌市中央区","town":"北四条東（１～８丁目）"}],"0004":[{"pref":"北海道","city":"札幌市中央区","town":"北四条西（１～１９丁目）"}],"0035":[{"pref":"北海道","city":"札幌市中央区","town":"北五条東"}],"0005":[{"pref":"北海道","city":"札幌市中央区","town":"北五条西（１～２４丁目）"}],"0006":[{"pref":"北海道","city":"札幌市中央区","town":"北六条西（１０～２５丁目）"}],"0007":[{"pref":"北海道","city":"札幌市中央区","town":"北七条西"}],"0008":[{"pref":"北海道","city":"札幌市中央区","town":"北八条西"}],"0009":[{"pref":"北海道","city":"札幌市中央区","town":"北九条西"}],"0010":[{"pref":"北海道","city":"札幌市中央区","town":"北十条西"}],"0011":[{"pref":"北海道","city":"札幌市中央区","town":"北十一条西"}],"0012":[{"pref":"北海道","city":"札幌市中央区","town":"北十二条西"}],"0013":[{"pref":"北海道","city":"札幌市中央区","town":"北十三条西"}],"0014":[{"pref":"北海道","city":"札幌市中央区","town":"北十四条西"}],"0015":[{"pref":"北海道","city":"札幌市中央区","town":"北十五条西"}],"0016":[{"pref":"北海道","city":"札幌市中央区","town":"北十六条西"}],"0017":[{"pref":"北海道","city":"札幌市中央区","town":"北十七条西"}],"0018":[{"pref":"北海道","city":"札幌市中央区","town":"北十八条西"}],"0020":[{"pref":"北海道","city":"札幌市中央区","town":"北二十条西"}],"0021":[{"pref":"北海道","city":"札幌市中央区","town":"北二十一条西"}],"0022":[{"pref":"北海道","city":"札幌市中央区","town":"北二十二条西"}],"0051":[{"pref":"北海道","city":"札幌市中央区","town":"南一条東"}],"0061":[{"pref":"北海道","city":"札幌市中央区","town":"南一条西（１～１９丁目）"}],"0052":[{"pref":"北海道","city":"札幌市中央区","town":"南二条東"}],"0062":[{"pref":"北海道","city":"札幌市中央区","town":"南二条西（１～１９丁目）"}],"0053":[{"pref":"北海道","city":"札幌市中央区","town":"南三条東"}],"0063":[{"pref":"北海道","city":"札幌市中央区","town":"南三条西（１～１８丁目）"}],"0054":[{"pref":"北海道","city":"札幌市中央区","town":"南四条東"}],"0055":[{"pref":"北海道","city":"札幌市中央区","town":"南五条東"}],"0056":[{"pref":"北海道","city":"札幌市中央区","town":"南六条東"}],"0057":[{"pref":"北海道","city":"札幌市中央区","town":"南七条東"}],"0806":[{"pref":"北海道","city":"札幌市北区","town":"北六条西"}],"0807":[{"pref":"北海道","city":"札幌市北区","town":"北七条西"}],"0808":[{"pref":"北海道","city":"札幌市北区","town":"北八条西"}],"0809":[{"pref":"北海道","city":"札幌市北区","town":"北九条西"}],"0810":[{"pref":"北海道","city":"札幌市北区","town":"北十条西（５～１１丁目）"}],"0811":[{"pref":"北海道","city":"札幌市北区","town":"北十一条西（５～１１丁目）"}],"0812":[{"pref":"北海道","city":"札幌市北区","town":"北十二条西（５～１２丁目）"}],"0813":[{"pref":"北海道","city":"札幌市北区","town":"北十三条西（５～１２丁目）"}],"0814":[{"pref":"北海道","city":"札幌市北区","town":"北十四条西（５～１３丁目）"}],"0815":[{"pref":"北海道","city":"札幌市北区","town":"北十五条西（６～１３丁目）"}],"0816":[{"pref":"北海道","city":"札幌市北区","town":"北十六条西（７～１３丁目）"}],"0817":[{"pref":"北海道","city":"札幌市北区","town":"北十七条西（７～１３丁目）"}],"0818":[{"pref":"北海道","city":"札幌市北区","town":"北十八条西（８～１３丁目）"}],"0819":[{"pref":"北海道","city":"札幌市北区","town":"北十九条西（８～１３丁目）"}],"0820":[{"pref":"北海道","city":"札幌市北区","town":"北二十条西（１１～１３丁目）"}],"0905":[{"pref":"北海道","city":"札幌市東区","town":"北五条東（４～７丁目）"}],"0906":[{"pref":"北海道","city":"札幌市東区","town":"北六条東（１～７丁目）"}],"0907":[{"pref":"北海道","city":"札幌市東区","town":"北七条東（１～７丁目）"}],"0908":[{"pref":"北海道","city":"札幌市東区","town":"北八条東（１～７丁目）"}],"0909":[{"pref":"北海道","city":"札幌市東区","town":"北九条東（１～７丁目）"}]}