{"0000":[{"pref":"福岡県","city":"宮若市","town":"以下に掲載がない場合"}],"0004":[{"pref":"福岡県","city":"宮若市","town":"磯光"}],"0015":[{"pref":"福岡県","city":"宮若市","town":"上有木"}],"0005":[{"pref":"福岡県","city":"宮若市","town":"上大隈"}],"0017":[{"pref":"福岡県","city":"宮若市","town":"倉久"}],"0014":[{"pref":"福岡県","city":"宮若市","town":"下有木"}],"0016":[{"pref":"福岡県","city":"宮若市","town":"四郎丸"}],"0013":[{"pref":"福岡県","city":"宮若市","town":"芹田"}],"0002":[{"pref":"福岡県","city":"宮若市","town":"鶴田"}],"0012":[{"pref":"福岡県","city":"宮若市","town":"長井鶴"}],"0003":[{"pref":"福岡県","city":"宮若市","town":"本城"}],"0011":[{"pref":"福岡県","city":"宮若市","town":"宮田"}],"0001":[{"pref":"福岡県","city":"宮若市","town":"龍徳"}]}