{"1151":[{"pref":"茨城県","city":"稲敷郡阿見町","town":"荒川沖"}],"1152":[{"pref":"茨城県","city":"稲敷郡阿見町","town":"荒川本郷"}],"1153":[{"pref":"茨城県","city":"稲敷郡阿見町","town":"実穀"}],"1154":[{"pref":"茨城県","city":"稲敷郡阿見町","town":"上長"}],"1155":[{"pref":"茨城県","city":"稲敷郡阿見町","town":"吉原"}],"1156":[{"pref":"茨城県","city":"稲敷郡阿見町","town":"福田"}],"1157":[{"pref":"茨城県","city":"稲敷郡阿見町","town":"小池"}],"1158":[{"pref":"茨城県","city":"稲敷郡阿見町","town":"住吉"}],"1159":[{"pref":"茨城県","city":"稲敷郡阿見町","town":"本郷"}],"1161":[{"pref":"茨城県","city":"稲敷郡阿見町","town":"よしわら"}],"1200":[{"pref":"茨城県","city":"牛久市","town":"以下に掲載がない場合"}],"1201":[{"pref":"茨城県","city":"牛久市","town":"東猯穴町"}],"1202":[{"pref":"茨城県","city":"牛久市","town":"中根町"}],"1203":[{"pref":"茨城県","city":"牛久市","town":"下根町"}],"1204":[{"pref":"茨城県","city":"牛久市","town":"岡見町"}],"1205":[{"pref":"茨城県","city":"牛久市","town":"東大和田町"}],"1206":[{"pref":"茨城県","city":"牛久市","town":"ひたち野西"}],"1207":[{"pref":"茨城県","city":"牛久市","town":"ひたち野東"}],"1211":[{"pref":"茨城県","city":"牛久市","town":"柏田町"}],"1212":[{"pref":"茨城県","city":"牛久市","town":"結束町"}],"1213":[{"pref":"茨城県","city":"牛久市","town":"上太田町"}],"1214":[{"pref":"茨城県","city":"牛久市","town":"女化町"}],"1215":[{"pref":"茨城県","city":"牛久市","town":"遠山町"}],"1216":[{"pref":"茨城県","city":"牛久市","town":"神谷"}],"1217":[{"pref":"茨城県","city":"牛久市","town":"さくら台"}],"1221":[{"pref":"茨城県","city":"牛久市","town":"牛久町"}],"1222":[{"pref":"茨城県","city":"牛久市","town":"南"}],"1223":[{"pref":"茨城県","city":"牛久市","town":"城中町"}],"1224":[{"pref":"茨城県","city":"牛久市","town":"庄兵衛新田町"}],"1225":[{"pref":"茨城県","city":"牛久市","town":"新地町"}],"1231":[{"pref":"茨城県","city":"牛久市","town":"猪子町"}],"1232":[{"pref":"茨城県","city":"牛久市","town":"上柏田"}],"1233":[{"pref":"茨城県","city":"牛久市","town":"栄町"}],"1234":[{"pref":"茨城県","city":"牛久市","town":"中央"}],"1235":[{"pref":"茨城県","city":"牛久市","town":"刈谷町"}],"1236":[{"pref":"茨城県","city":"牛久市","town":"田宮町"}],"1237":[{"pref":"茨城県","city":"牛久市","town":"田宮"}],"1240":[{"pref":"茨城県","city":"つくば市","town":"池の台（その他）"}],"1241":[{"pref":"茨城県","city":"つくば市","town":"牧園"}],"1242":[{"pref":"茨城県","city":"つくば市","town":"樋の沢"}],"1243":[{"pref":"茨城県","city":"つくば市","town":"大井"}],"1244":[{"pref":"茨城県","city":"つくば市","town":"松の里（その他）"}],"1245":[{"pref":"茨城県","city":"つくば市","town":"高崎"}],"1246":[{"pref":"茨城県","city":"つくば市","town":"菅間"}],"1247":[{"pref":"茨城県","city":"つくば市","town":"西の沢（その他）"}],"1248":[{"pref":"茨城県","city":"つくば市","town":"若栗"}],"1249":[{"pref":"茨城県","city":"つくば市","town":"若葉"}],"1251":[{"pref":"茨城県","city":"つくば市","town":"城山"}],"1252":[{"pref":"茨城県","city":"つくば市","town":"高見原"}],"1253":[{"pref":"茨城県","city":"つくば市","town":"天宝喜"}],"1254":[{"pref":"茨城県","city":"つくば市","town":"宝陽台"}],"1255":[{"pref":"茨城県","city":"つくば市","town":"小茎"}],"1256":[{"pref":"茨城県","city":"つくば市","town":"森の里"}],"1257":[{"pref":"茨城県","city":"つくば市","town":"明神"}],"1258":[{"pref":"茨城県","city":"つくば市","town":"六斗"}],"1259":[{"pref":"茨城県","city":"つくば市","town":"稲荷原"}],"1260":[{"pref":"茨城県","city":"つくば市","town":"西大井"}],"1261":[{"pref":"茨城県","city":"つくば市","town":"あしび野"}],"1262":[{"pref":"茨城県","city":"つくば市","town":"九万坪"}],"1263":[{"pref":"茨城県","city":"つくば市","town":"富士見台"}],"1264":[{"pref":"茨城県","city":"つくば市","town":"泊崎"}],"1265":[{"pref":"茨城県","city":"つくば市","town":"細見"}],"1266":[{"pref":"茨城県","city":"つくば市","town":"自由ケ丘"}],"1267":[{"pref":"茨城県","city":"つくば市","town":"大舟戸"}],"1268":[{"pref":"茨城県","city":"つくば市","town":"中山"}],"1269":[{"pref":"茨城県","city":"つくば市","town":"池向"}],"1271":[{"pref":"茨城県","city":"つくば市","town":"桜が丘"}],"1272":[{"pref":"茨城県","city":"つくば市","town":"茎崎"}],"1273":[{"pref":"茨城県","city":"つくば市","town":"下岩崎"}],"1274":[{"pref":"茨城県","city":"つくば市","town":"上岩崎"}],"1275":[{"pref":"茨城県","city":"つくば市","town":"梅ケ丘"}],"1276":[{"pref":"茨城県","city":"つくば市","town":"小山"}],"1277":[{"pref":"茨城県","city":"つくば市","town":"駒込"}],"1278":[{"pref":"茨城県","city":"つくば市","town":"房内"}],"1281":[{"pref":"茨城県","city":"牛久市","town":"桂町"}],"1282":[{"pref":"茨城県","city":"牛久市","town":"井ノ岡町"}],"1283":[{"pref":"茨城県","city":"牛久市","town":"奥原町"}],"1284":[{"pref":"茨城県","city":"牛久市","town":"島田町"}],"1285":[{"pref":"茨城県","city":"牛久市","town":"正直町"}],"1286":[{"pref":"茨城県","city":"牛久市","town":"小坂町"}],"1287":[{"pref":"茨城県","city":"牛久市","town":"福田町"}],"1288":[{"pref":"茨城県","city":"牛久市","town":"久野町"}],"1300":[{"pref":"茨城県","city":"稲敷郡河内町","town":"以下に掲載がない場合"}],"1311":[{"pref":"茨城県","city":"稲敷郡河内町","town":"庄布川"}],"1312":[{"pref":"茨城県","city":"稲敷郡河内町","town":"長竿"}],"1313":[{"pref":"茨城県","city":"稲敷郡河内町","town":"田川（４９０５－１）"}],"1314":[{"pref":"茨城県","city":"稲敷郡河内町","town":"下町歩"}],"1315":[{"pref":"茨城県","city":"稲敷郡河内町","town":"十里"}],"1316":[{"pref":"茨城県","city":"稲敷郡河内町","town":"布鎌"}],"1321":[{"pref":"茨城県","city":"稲敷郡河内町","town":"羽子騎"}],"1322":[{"pref":"茨城県","city":"稲敷郡河内町","town":"古河林"}],"1323":[{"pref":"茨城県","city":"稲敷郡河内町","town":"手栗"}],"1324":[{"pref":"茨城県","city":"稲敷郡河内町","town":"源清田"}],"1325":[{"pref":"茨城県","city":"稲敷郡河内町","town":"平三郎"}],"1326":[{"pref":"茨城県","city":"稲敷郡河内町","town":"宮淵"}],"1327":[{"pref":"茨城県","city":"稲敷郡河内町","town":"猿島"}],"1331":[{"pref":"茨城県","city":"稲敷郡河内町","town":"生板"}],"1332":[{"pref":"茨城県","city":"稲敷郡河内町","town":"幸谷"}],"1333":[{"pref":"茨城県","city":"稲敷郡河内町","town":"角崎町歩"}],"1334":[{"pref":"茨城県","city":"稲敷郡河内町","town":"小林町歩"}],"1335":[{"pref":"茨城県","city":"稲敷郡河内町","town":"生板鍋子新田"}],"1336":[{"pref":"茨城県","city":"稲敷郡河内町","town":"大徳鍋子新田"}],"1337":[{"pref":"茨城県","city":"稲敷郡河内町","town":"竜ケ崎町歩"}],"1401":[{"pref":"茨城県","city":"稲敷郡河内町","town":"十三間戸"}],"1402":[{"pref":"茨城県","city":"稲敷郡河内町","town":"平川"}],"1403":[{"pref":"茨城県","city":"稲敷郡河内町","town":"金江津"}],"1404":[{"pref":"茨城県","city":"稲敷郡河内町","town":"片巻"}],"1405":[{"pref":"茨城県","city":"稲敷郡河内町","town":"田川（その他）"}],"1406":[{"pref":"茨城県","city":"稲敷郡河内町","town":"下加納"}],"1411":[{"pref":"茨城県","city":"稲敷市","town":"伊佐津"}],"1412":[{"pref":"茨城県","city":"稲敷市","town":"柴崎"}],"1413":[{"pref":"茨城県","city":"稲敷市","town":"伊崎"}],"1414":[{"pref":"茨城県","city":"稲敷市","town":"戌渡"}],"1415":[{"pref":"茨城県","city":"稲敷市","town":"中山"}],"1416":[{"pref":"茨城県","city":"稲敷市","town":"角崎"}],"1417":[{"pref":"茨城県","city":"稲敷市","town":"狸穴"}],"1421":[{"pref":"茨城県","city":"稲敷市","town":"堀川"}],"1422":[{"pref":"茨城県","city":"稲敷市","town":"南太田"}],"1423":[{"pref":"茨城県","city":"稲敷市","town":"太田"}],"1424":[{"pref":"茨城県","city":"稲敷市","town":"下太田"}],"1425":[{"pref":"茨城県","city":"稲敷市","town":"小野"}],"1426":[{"pref":"茨城県","city":"稲敷市","town":"寺内"}],"1427":[{"pref":"茨城県","city":"稲敷市","town":"羽賀浦"}],"1501":[{"pref":"茨城県","city":"取手市","town":"双葉"}],"1502":[{"pref":"茨城県","city":"取手市","town":"新川"}],"1503":[{"pref":"茨城県","city":"取手市","town":"大曲"}],"1504":[{"pref":"茨城県","city":"取手市","town":"萱場"}],"1505":[{"pref":"茨城県","city":"取手市","town":"下萱場"}],"1506":[{"pref":"茨城県","city":"取手市","town":"上萱場"}],"1507":[{"pref":"茨城県","city":"取手市","town":"浜田"}],"1508":[{"pref":"茨城県","city":"取手市","town":"紫水"}],"1511":[{"pref":"茨城県","city":"取手市","town":"椚木"}],"1512":[{"pref":"茨城県","city":"取手市","town":"藤代"}],"1513":[{"pref":"茨城県","city":"取手市","town":"片町"}],"1514":[{"pref":"茨城県","city":"取手市","town":"宮和田"}],"1515":[{"pref":"茨城県","city":"取手市","town":"平野"}],"1516":[{"pref":"茨城県","city":"取手市","town":"藤代南"}],"1521":[{"pref":"茨城県","city":"取手市","town":"押切"}],"1522":[{"pref":"茨城県","city":"取手市","town":"高須"}],"1523":[{"pref":"茨城県","city":"取手市","town":"大留"}],"1524":[{"pref":"茨城県","city":"取手市","town":"神浦"}],"1525":[{"pref":"茨城県","city":"取手市","town":"桜が丘"}],"1531":[{"pref":"茨城県","city":"取手市","town":"小浮気"}],"1532":[{"pref":"茨城県","city":"取手市","town":"谷中"}],"1533":[{"pref":"茨城県","city":"取手市","town":"中田"}],"1534":[{"pref":"茨城県","city":"取手市","town":"渋沼"}],"1535":[{"pref":"茨城県","city":"取手市","town":"清水"}],"1536":[{"pref":"茨城県","city":"取手市","town":"光風台"}],"1537":[{"pref":"茨城県","city":"取手市","town":"毛有"}],"1538":[{"pref":"茨城県","city":"取手市","town":"米田"}],"1539":[{"pref":"茨城県","city":"取手市","town":"小泉"}],"1541":[{"pref":"茨城県","city":"取手市","town":"配松"}],"1542":[{"pref":"茨城県","city":"取手市","town":"神住"}],"1543":[{"pref":"茨城県","city":"取手市","town":"中内"}],"1544":[{"pref":"茨城県","city":"取手市","town":"山王"}],"1545":[{"pref":"茨城県","city":"取手市","town":"和田"}],"1546":[{"pref":"茨城県","city":"取手市","town":"岡"}],"1600":[{"pref":"茨城県","city":"北相馬郡利根町","town":"以下に掲載がない場合"}],"1601":[{"pref":"茨城県","city":"北相馬郡利根町","town":"大房"}],"1602":[{"pref":"茨城県","city":"北相馬郡利根町","town":"押戸"}],"1603":[{"pref":"茨城県","city":"北相馬郡利根町","town":"奥山"}],"1604":[{"pref":"茨城県","city":"北相馬郡利根町","town":"横須賀"}],"1605":[{"pref":"茨城県","city":"北相馬郡利根町","town":"大平"}],"1606":[{"pref":"茨城県","city":"北相馬郡利根町","town":"もえぎ野台"}],"1611":[{"pref":"茨城県","city":"北相馬郡利根町","town":"惣新田"}],"1612":[{"pref":"茨城県","city":"北相馬郡利根町","town":"加納新田"}],"1613":[{"pref":"茨城県","city":"北相馬郡利根町","town":"東奥山新田"}],"1614":[{"pref":"茨城県","city":"北相馬郡利根町","town":"立崎"}],"1615":[{"pref":"茨城県","city":"北相馬郡利根町","town":"中谷"}],"1616":[{"pref":"茨城県","city":"北相馬郡利根町","town":"立木"}],"1621":[{"pref":"茨城県","city":"北相馬郡利根町","town":"福木"}],"1622":[{"pref":"茨城県","city":"北相馬郡利根町","town":"布川"}],"1623":[{"pref":"茨城県","city":"北相馬郡利根町","town":"八幡台"}],"1624":[{"pref":"茨城県","city":"北相馬郡利根町","town":"中田切"}],"1625":[{"pref":"茨城県","city":"北相馬郡利根町","town":"羽中"}],"1626":[{"pref":"茨城県","city":"北相馬郡利根町","town":"四季の丘"}],"1631":[{"pref":"茨城県","city":"北相馬郡利根町","town":"早尾"}],"1632":[{"pref":"茨城県","city":"北相馬郡利根町","town":"下曽根"}],"1633":[{"pref":"茨城県","city":"北相馬郡利根町","town":"下井"}],"1634":[{"pref":"茨城県","city":"北相馬郡利根町","town":"押付新田"}],"1635":[{"pref":"茨城県","city":"北相馬郡利根町","town":"上曽根"}],"1636":[{"pref":"茨城県","city":"北相馬郡利根町","town":"羽根野"}],"2300":[{"pref":"茨城県","city":"つくばみらい市","town":"以下に掲載がない場合"}],"2301":[{"pref":"茨城県","city":"つくばみらい市","town":"高岡"}],"2302":[{"pref":"茨城県","city":"つくばみらい市","town":"狸穴"}],"2303":[{"pref":"茨城県","city":"つくばみらい市","town":"大和田"}],"2304":[{"pref":"茨城県","city":"つくばみらい市","town":"武兵衛新田"}],"2305":[{"pref":"茨城県","city":"つくばみらい市","town":"重右衛門新田"}],"2306":[{"pref":"茨城県","city":"つくばみらい市","town":"南太田"}],"2307":[{"pref":"茨城県","city":"つくばみらい市","town":"板橋"}],"2308":[{"pref":"茨城県","city":"つくばみらい市","town":"伊奈東"}],"2311":[{"pref":"茨城県","city":"つくばみらい市","town":"野堀"}],"2312":[{"pref":"茨城県","city":"つくばみらい市","town":"神生"}],"2313":[{"pref":"茨城県","city":"つくばみらい市","town":"東栗山"}],"2314":[{"pref":"茨城県","city":"つくばみらい市","town":"城中"}],"2315":[{"pref":"茨城県","city":"つくばみらい市","town":"足高"}],"2321":[{"pref":"茨城県","city":"つくばみらい市","town":"戸茂"}],"2322":[{"pref":"茨城県","city":"つくばみらい市","town":"戸崎"}],"2323":[{"pref":"茨城県","city":"つくばみらい市","town":"伊丹"}],"2324":[{"pref":"茨城県","city":"つくばみらい市","town":"下島"}],"2325":[{"pref":"茨城県","city":"つくばみらい市","town":"中島"}],"2326":[{"pref":"茨城県","city":"つくばみらい市","town":"上島"}],"2327":[{"pref":"茨城県","city":"つくばみらい市","town":"福原"}],"2331":[{"pref":"茨城県","city":"つくばみらい市","town":"神住新田"}],"2332":[{"pref":"茨城県","city":"つくばみらい市","town":"山王新田"}],"2333":[{"pref":"茨城県","city":"つくばみらい市","town":"下平柳"}],"2334":[{"pref":"茨城県","city":"つくばみらい市","town":"中平柳"}],"2335":[{"pref":"茨城県","city":"つくばみらい市","town":"上平柳"}],"2336":[{"pref":"茨城県","city":"つくばみらい市","town":"山谷"}],"2337":[{"pref":"茨城県","city":"つくばみらい市","town":"谷井田"}],"2341":[{"pref":"茨城県","city":"つくばみらい市","town":"福田"}],"2342":[{"pref":"茨城県","city":"つくばみらい市","town":"弥柳"}],"2343":[{"pref":"茨城県","city":"つくばみらい市","town":"狸渕"}],"2344":[{"pref":"茨城県","city":"つくばみらい市","town":"長渡呂新田"}],"2345":[{"pref":"茨城県","city":"つくばみらい市","town":"長渡呂"}],"2346":[{"pref":"茨城県","city":"つくばみらい市","town":"青木"}],"2347":[{"pref":"茨城県","city":"つくばみらい市","town":"豊体"}],"2348":[{"pref":"茨城県","city":"つくばみらい市","town":"青古新田"}],"2351":[{"pref":"茨城県","city":"つくばみらい市","town":"善助新田"}],"2352":[{"pref":"茨城県","city":"つくばみらい市","town":"小島新田"}],"2353":[{"pref":"茨城県","city":"つくばみらい市","town":"小張"}],"2354":[{"pref":"茨城県","city":"つくばみらい市","town":"新戸"}],"2355":[{"pref":"茨城県","city":"つくばみらい市","town":"市野深"}],"2356":[{"pref":"茨城県","city":"つくばみらい市","town":"奉社"}],"2357":[{"pref":"茨城県","city":"つくばみらい市","town":"谷口"}],"2358":[{"pref":"茨城県","city":"つくばみらい市","town":"陽光台"}],"2359":[{"pref":"茨城県","city":"つくばみらい市","town":"紫峰ヶ丘"}],"2401":[{"pref":"茨城県","city":"つくばみらい市","town":"台"}],"2402":[{"pref":"茨城県","city":"つくばみらい市","town":"坂野新田"}],"2403":[{"pref":"茨城県","city":"つくばみらい市","town":"中原"}],"2404":[{"pref":"茨城県","city":"つくばみらい市","town":"南"}],"2405":[{"pref":"茨城県","city":"つくばみらい市","town":"仁左衛門新田"}],"2406":[{"pref":"茨城県","city":"つくばみらい市","town":"福岡"}],"2407":[{"pref":"茨城県","city":"つくばみらい市","town":"北山"}],"2408":[{"pref":"茨城県","city":"つくばみらい市","town":"福岡工業団地"}],"2411":[{"pref":"茨城県","city":"つくばみらい市","town":"押砂"}],"2412":[{"pref":"茨城県","city":"つくばみらい市","town":"日川"}],"2413":[{"pref":"茨城県","city":"つくばみらい市","town":"田村"}],"2414":[{"pref":"茨城県","city":"つくばみらい市","town":"真木"}],"2415":[{"pref":"茨城県","city":"つくばみらい市","town":"西楢戸"}],"2416":[{"pref":"茨城県","city":"つくばみらい市","town":"東楢戸"}],"2417":[{"pref":"茨城県","city":"つくばみらい市","town":"富士見ヶ丘"}],"2421":[{"pref":"茨城県","city":"つくばみらい市","town":"西丸山"}],"2422":[{"pref":"茨城県","city":"つくばみらい市","town":"古川"}],"2423":[{"pref":"茨城県","city":"つくばみらい市","town":"成瀬"}],"2424":[{"pref":"茨城県","city":"つくばみらい市","town":"加藤"}],"2425":[{"pref":"茨城県","city":"つくばみらい市","town":"川崎"}],"2426":[{"pref":"茨城県","city":"つくばみらい市","town":"宮戸"}],"2431":[{"pref":"茨城県","city":"つくばみらい市","town":"上小目"}],"2432":[{"pref":"茨城県","city":"つくばみらい市","town":"鬼長"}],"2433":[{"pref":"茨城県","city":"つくばみらい市","town":"下小目"}],"2434":[{"pref":"茨城県","city":"つくばみらい市","town":"平沼"}],"2435":[{"pref":"茨城県","city":"つくばみらい市","town":"筒戸"}],"2436":[{"pref":"茨城県","city":"つくばみらい市","town":"絹の台"}],"2441":[{"pref":"茨城県","city":"つくばみらい市","town":"寺畑"}],"2442":[{"pref":"茨城県","city":"つくばみらい市","town":"西ノ台"}],"2443":[{"pref":"茨城県","city":"つくばみらい市","town":"西ノ台南"}],"2444":[{"pref":"茨城県","city":"つくばみらい市","town":"杉下"}],"2445":[{"pref":"茨城県","city":"つくばみらい市","town":"小絹"}],"2446":[{"pref":"茨城県","city":"つくばみらい市","town":"細代"}],"2451":[{"pref":"茨城県","city":"つくばみらい市","town":"箕輪"}],"2452":[{"pref":"茨城県","city":"つくばみらい市","town":"樛木"}],"2453":[{"pref":"茨城県","city":"つくばみらい市","town":"上長沼"}],"2454":[{"pref":"茨城県","city":"つくばみらい市","town":"下長沼"}],"2455":[{"pref":"茨城県","city":"つくばみらい市","town":"十和"}],"2456":[{"pref":"茨城県","city":"つくばみらい市","town":"北袋"}],"2501":[{"pref":"茨城県","city":"常総市","town":"福二町"}],"2502":[{"pref":"茨城県","city":"常総市","town":"上蛇町"}],"2503":[{"pref":"茨城県","city":"常総市","town":"川崎町"}],"2504":[{"pref":"茨城県","city":"常総市","town":"沖新田町"}],"2505":[{"pref":"茨城県","city":"常総市","town":"中妻町"}],"2506":[{"pref":"茨城県","city":"常総市","town":"三坂町"}],"2507":[{"pref":"茨城県","city":"常総市","town":"三坂新田町"}],"2511":[{"pref":"茨城県","city":"常総市","town":"花島町"}],"2512":[{"pref":"茨城県","city":"常総市","town":"大輪町"}],"2513":[{"pref":"茨城県","city":"常総市","town":"羽生町"}],"2521":[{"pref":"茨城県","city":"常総市","town":"大生郷町"}],"2522":[{"pref":"茨城県","city":"常総市","town":"横曽根新田町"}],"2523":[{"pref":"茨城県","city":"常総市","town":"笹塚新田町"}],"2524":[{"pref":"茨城県","city":"常総市","town":"五郎兵衛新田町"}],"2525":[{"pref":"茨城県","city":"常総市","town":"伊左衛門新田町"}],"2526":[{"pref":"茨城県","city":"常総市","town":"大生郷新田町"}],"2611":[{"pref":"茨城県","city":"つくば市","town":"大久保"}],"2612":[{"pref":"茨城県","city":"つくば市","town":"大砂"}],"2613":[{"pref":"茨城県","city":"つくば市","town":"西高野"}],"2614":[{"pref":"茨城県","city":"つくば市","town":"上里"}],"2615":[{"pref":"茨城県","city":"つくば市","town":"田倉"}],"2616":[{"pref":"茨城県","city":"つくば市","town":"五人受"}],"2617":[{"pref":"茨城県","city":"つくば市","town":"吉沼"}],"2621":[{"pref":"茨城県","city":"つくば市","town":"南原（その他）"}],"2622":[{"pref":"茨城県","city":"つくば市","town":"要"}],"2623":[{"pref":"茨城県","city":"つくば市","town":"本沢"}],"2624":[{"pref":"茨城県","city":"つくば市","town":"西沢"}],"2631":[{"pref":"茨城県","city":"つくば市","town":"沼崎"}],"2632":[{"pref":"茨城県","city":"つくば市","town":"旭（その他）"}],"2633":[{"pref":"茨城県","city":"つくば市","town":"遠東"}],"2634":[{"pref":"茨城県","city":"つくば市","town":"中東原新田"}],"2635":[{"pref":"茨城県","city":"つくば市","town":"東光台"}],"2636":[{"pref":"茨城県","city":"つくば市","town":"土田"}],"2637":[{"pref":"茨城県","city":"つくば市","town":"酒丸"}],"2638":[{"pref":"茨城県","city":"つくば市","town":"百家"}],"2639":[{"pref":"茨城県","city":"つくば市","town":"中東"}],"2641":[{"pref":"茨城県","city":"つくば市","town":"今鹿島"}],"2642":[{"pref":"茨城県","city":"つくば市","town":"高野"}],"2643":[{"pref":"茨城県","city":"つくば市","town":"野畑"}],"2644":[{"pref":"茨城県","city":"つくば市","town":"木俣"}],"2645":[{"pref":"茨城県","city":"つくば市","town":"上郷"}],"2646":[{"pref":"茨城県","city":"つくば市","town":"緑ケ原"}],"2647":[{"pref":"茨城県","city":"つくば市","town":"手子生"}],"2648":[{"pref":"茨城県","city":"つくば市","town":"豊里の杜"}],"2651":[{"pref":"茨城県","city":"つくば市","town":"鬼ケ窪"}],"2652":[{"pref":"茨城県","city":"つくば市","town":"高田"}],"2653":[{"pref":"茨城県","city":"つくば市","town":"面野井"}],"2654":[{"pref":"茨城県","city":"つくば市","town":"水堀"}],"2655":[{"pref":"茨城県","city":"つくば市","town":"島名"}],"2656":[{"pref":"茨城県","city":"つくば市","town":"真瀬"}],"2657":[{"pref":"茨城県","city":"つくば市","town":"香取台"}],"2658":[{"pref":"茨城県","city":"つくば市","town":"諏訪"}],"2659":[{"pref":"茨城県","city":"つくば市","town":"万博公園西"}],"2661":[{"pref":"茨城県","city":"つくば市","town":"上河原崎"}],"2662":[{"pref":"茨城県","city":"つくば市","town":"下河原崎"}],"2663":[{"pref":"茨城県","city":"つくば市","town":"鍋沼新田"}],"2664":[{"pref":"茨城県","city":"つくば市","town":"高良田"}],"2665":[{"pref":"茨城県","city":"つくば市","town":"高須賀"}],"2666":[{"pref":"茨城県","city":"つくば市","town":"下別府"}],"2667":[{"pref":"茨城県","city":"つくば市","town":"中別府"}],"2668":[{"pref":"茨城県","city":"つくば市","town":"かみかわ"}],"2669":[{"pref":"茨城県","city":"つくば市","town":"高山"}],"2701":[{"pref":"茨城県","city":"常総市","town":"若宮戸"}],"2702":[{"pref":"茨城県","city":"常総市","town":"原宿"}],"2703":[{"pref":"茨城県","city":"常総市","town":"小保川"}],"2704":[{"pref":"茨城県","city":"常総市","town":"舘方"}],"2705":[{"pref":"茨城県","city":"常総市","town":"豊田"}],"2706":[{"pref":"茨城県","city":"常総市","town":"新石下"}],"2707":[{"pref":"茨城県","city":"常総市","town":"本石下"}],"2711":[{"pref":"茨城県","city":"常総市","town":"本豊田"}],"2712":[{"pref":"茨城県","city":"常総市","town":"曲田"}],"2713":[{"pref":"茨城県","city":"常総市","town":"収納谷"}],"2714":[{"pref":"茨城県","city":"常総市","town":"平内"}],"2715":[{"pref":"茨城県","city":"常総市","town":"山口"}],"2716":[{"pref":"茨城県","city":"常総市","town":"大房"}],"2717":[{"pref":"茨城県","city":"常総市","town":"東野原"}],"2721":[{"pref":"茨城県","city":"常総市","town":"篠山"}],"2722":[{"pref":"茨城県","city":"常総市","town":"蔵持"}],"2723":[{"pref":"茨城県","city":"常総市","town":"蔵持新田"}],"2724":[{"pref":"茨城県","city":"常総市","town":"古間木"}],"2725":[{"pref":"茨城県","city":"常総市","town":"古間木沼新田"}],"2726":[{"pref":"茨城県","city":"常総市","town":"中沼"}],"2727":[{"pref":"茨城県","city":"常総市","town":"大沢"}],"2731":[{"pref":"茨城県","city":"常総市","town":"古間木新田"}],"2732":[{"pref":"茨城県","city":"常総市","town":"鴻野山新田"}],"2733":[{"pref":"茨城県","city":"常総市","town":"馬場新田"}],"2734":[{"pref":"茨城県","city":"常総市","town":"栗山新田"}],"2735":[{"pref":"茨城県","city":"常総市","town":"左平太新田"}],"2736":[{"pref":"茨城県","city":"常総市","town":"孫兵ヱ新田"}],"2741":[{"pref":"茨城県","city":"常総市","town":"国生"}],"2742":[{"pref":"茨城県","city":"常総市","town":"向石下"}],"2743":[{"pref":"茨城県","city":"常総市","town":"岡田"}],"2744":[{"pref":"茨城県","city":"常総市","town":"杉山"}],"2745":[{"pref":"茨城県","city":"常総市","town":"大沢新田"}],"2746":[{"pref":"茨城県","city":"常総市","town":"鴻野山"}],"2747":[{"pref":"茨城県","city":"常総市","town":"崎房"}],"2748":[{"pref":"茨城県","city":"常総市","town":"馬場"}],"3251":[{"pref":"茨城県","city":"つくば市","town":"佐"}],"3252":[{"pref":"茨城県","city":"つくば市","town":"若森"}],"3253":[{"pref":"茨城県","city":"つくば市","town":"大曽根"}],"3254":[{"pref":"茨城県","city":"つくば市","town":"鹿島台"}],"3255":[{"pref":"茨城県","city":"つくば市","town":"玉取"}],"3256":[{"pref":"茨城県","city":"つくば市","town":"大穂（その他）"}],"3257":[{"pref":"茨城県","city":"つくば市","town":"筑穂"}],"3261":[{"pref":"茨城県","city":"つくば市","town":"花畑（その他）"}],"3262":[{"pref":"茨城県","city":"つくば市","town":"蓮沼"}],"3263":[{"pref":"茨城県","city":"つくば市","town":"立原（その他）"}],"3264":[{"pref":"茨城県","city":"つくば市","town":"篠崎"}],"3265":[{"pref":"茨城県","city":"つくば市","town":"長高野"}],"3266":[{"pref":"茨城県","city":"つくば市","town":"北原"}],"3267":[{"pref":"茨城県","city":"つくば市","town":"前野"}],"3500":[{"pref":"茨城県","city":"結城郡八千代町","town":"以下に掲載がない場合"}],"3501":[{"pref":"茨城県","city":"結城郡八千代町","town":"塩本"}],"3502":[{"pref":"茨城県","city":"結城郡八千代町","town":"下山川"}],"3503":[{"pref":"茨城県","city":"結城郡八千代町","town":"粕礼"}],"3504":[{"pref":"茨城県","city":"結城郡八千代町","town":"西大山"}],"3505":[{"pref":"茨城県","city":"結城郡八千代町","town":"佐野"}],"3506":[{"pref":"茨城県","city":"結城郡八千代町","town":"成田"}],"3511":[{"pref":"茨城県","city":"結城郡八千代町","town":"瀬戸井"}],"3512":[{"pref":"茨城県","city":"結城郡八千代町","town":"小屋"}],"3513":[{"pref":"茨城県","city":"結城郡八千代町","town":"久下田"}],"3514":[{"pref":"茨城県","city":"結城郡八千代町","town":"大里"}],"3515":[{"pref":"茨城県","city":"結城郡八千代町","town":"大渡戸"}],"3516":[{"pref":"茨城県","city":"結城郡八千代町","town":"高崎"}],"3517":[{"pref":"茨城県","city":"結城郡八千代町","town":"坪井"}],"3518":[{"pref":"茨城県","city":"結城郡八千代町","town":"野爪"}],"3519":[{"pref":"茨城県","city":"結城郡八千代町","town":"新井"}],"3521":[{"pref":"茨城県","city":"結城郡八千代町","town":"川尻"}],"3522":[{"pref":"茨城県","city":"結城郡八千代町","town":"袋"}],"3523":[{"pref":"茨城県","city":"結城郡八千代町","town":"八町"}],"3524":[{"pref":"茨城県","city":"結城郡八千代町","town":"兵庫"}],"3525":[{"pref":"茨城県","city":"結城郡八千代町","town":"沼森"}],"3526":[{"pref":"茨城県","city":"結城郡八千代町","town":"貝谷"}],"3527":[{"pref":"茨城県","city":"結城郡八千代町","town":"東原"}],"3531":[{"pref":"茨城県","city":"結城郡八千代町","town":"今里"}],"3532":[{"pref":"茨城県","city":"結城郡八千代町","town":"本郷"}],"3533":[{"pref":"茨城県","city":"結城郡八千代町","town":"片角"}],"3534":[{"pref":"茨城県","city":"結城郡八千代町","town":"太田"}],"3535":[{"pref":"茨城県","city":"結城郡八千代町","town":"粟野"}],"3536":[{"pref":"茨城県","city":"結城郡八千代町","town":"中野"}],"3537":[{"pref":"茨城県","city":"結城郡八千代町","town":"苅橋"}],"3538":[{"pref":"茨城県","city":"結城郡八千代町","town":"東大山"}],"3539":[{"pref":"茨城県","city":"結城郡八千代町","town":"仁江戸"}],"3541":[{"pref":"茨城県","city":"結城郡八千代町","town":"新地"}],"3542":[{"pref":"茨城県","city":"結城郡八千代町","town":"福岡"}],"3543":[{"pref":"茨城県","city":"結城郡八千代町","town":"新地新田"}],"3544":[{"pref":"茨城県","city":"結城郡八千代町","town":"若"}],"3545":[{"pref":"茨城県","city":"結城郡八千代町","town":"東蕗田"}],"3551":[{"pref":"茨城県","city":"結城郡八千代町","town":"栗山"}],"3552":[{"pref":"茨城県","city":"結城郡八千代町","town":"大間木"}],"3553":[{"pref":"茨城県","city":"結城郡八千代町","town":"蕗田"}],"3554":[{"pref":"茨城県","city":"結城郡八千代町","town":"尾崎"}],"3555":[{"pref":"茨城県","city":"結城郡八千代町","town":"芦ケ谷"}],"3556":[{"pref":"茨城県","city":"結城郡八千代町","town":"芦ケ谷新田"}],"3561":[{"pref":"茨城県","city":"結城郡八千代町","town":"平塚"}],"3562":[{"pref":"茨城県","city":"結城郡八千代町","town":"磯"}],"3563":[{"pref":"茨城県","city":"結城郡八千代町","town":"村貫"}],"3564":[{"pref":"茨城県","city":"結城郡八千代町","town":"水口"}],"3565":[{"pref":"茨城県","city":"結城郡八千代町","town":"松本"}],"3571":[{"pref":"茨城県","city":"結城郡八千代町","town":"大戸新田"}],"3572":[{"pref":"茨城県","city":"結城郡八千代町","town":"菅谷"}],"4101":[{"pref":"茨城県","city":"土浦市","town":"永井"}],"4102":[{"pref":"茨城県","city":"土浦市","town":"本郷"}],"4103":[{"pref":"茨城県","city":"土浦市","town":"大志戸"}],"4104":[{"pref":"茨城県","city":"土浦市","town":"沢辺"}],"4105":[{"pref":"茨城県","city":"土浦市","town":"田宮"}],"4106":[{"pref":"茨城県","city":"土浦市","town":"小高"}],"4107":[{"pref":"茨城県","city":"土浦市","town":"東城寺"}],"4108":[{"pref":"茨城県","city":"土浦市","town":"小野"}],"4111":[{"pref":"茨城県","city":"土浦市","town":"大畑"}],"4112":[{"pref":"茨城県","city":"土浦市","town":"桃園"}],"4113":[{"pref":"茨城県","city":"土浦市","town":"下坂田"}],"4114":[{"pref":"茨城県","city":"土浦市","town":"上坂田"}],"4115":[{"pref":"茨城県","city":"土浦市","town":"藤沢"}],"4116":[{"pref":"茨城県","city":"土浦市","town":"藤沢新田"}],"4117":[{"pref":"茨城県","city":"土浦市","town":"高岡"}],"4118":[{"pref":"茨城県","city":"土浦市","town":"田土部"}],"4201":[{"pref":"茨城県","city":"つくば市","town":"寺具"}],"4202":[{"pref":"茨城県","city":"つくば市","town":"高野原新田"}],"4203":[{"pref":"茨城県","city":"つくば市","town":"明石"}],"4204":[{"pref":"茨城県","city":"つくば市","town":"作谷"}],"4205":[{"pref":"茨城県","city":"つくば市","town":"安食"}],"4211":[{"pref":"茨城県","city":"つくば市","town":"臼井"}],"4212":[{"pref":"茨城県","city":"つくば市","town":"神郡"}],"4213":[{"pref":"茨城県","city":"つくば市","town":"平沢"}],"4214":[{"pref":"茨城県","city":"つくば市","town":"山口"}],"4215":[{"pref":"茨城県","city":"つくば市","town":"小沢"}],"4216":[{"pref":"茨城県","city":"つくば市","town":"漆所"}],"4217":[{"pref":"茨城県","city":"つくば市","town":"杉木"}],"4218":[{"pref":"茨城県","city":"つくば市","town":"大貫"}],"4221":[{"pref":"茨城県","city":"つくば市","town":"大形"}],"4222":[{"pref":"茨城県","city":"つくば市","town":"下大島"}],"4223":[{"pref":"茨城県","city":"つくば市","town":"小田"}],"4224":[{"pref":"茨城県","city":"つくば市","town":"小和田"}],"4231":[{"pref":"茨城県","city":"つくば市","town":"北条"}],"4232":[{"pref":"茨城県","city":"つくば市","town":"北太田"}],"4233":[{"pref":"茨城県","city":"つくば市","town":"君島"}],"4234":[{"pref":"茨城県","city":"つくば市","town":"山木"}],"4235":[{"pref":"茨城県","city":"つくば市","town":"泉"}],"4236":[{"pref":"茨城県","city":"つくば市","town":"小泉"}],"4241":[{"pref":"茨城県","city":"つくば市","town":"上菅間"}],"4242":[{"pref":"茨城県","city":"つくば市","town":"中菅間"}],"4243":[{"pref":"茨城県","city":"つくば市","town":"池田"}],"4244":[{"pref":"茨城県","city":"つくば市","town":"田中"}],"4245":[{"pref":"茨城県","city":"つくば市","town":"水守"}],"4246":[{"pref":"茨城県","city":"つくば市","town":"上沢"}],"4247":[{"pref":"茨城県","city":"つくば市","town":"和台"}],"4248":[{"pref":"茨城県","city":"つくば市","town":"磯部"}],"4249":[{"pref":"茨城県","city":"つくば市","town":"洞下"}],"4251":[{"pref":"茨城県","city":"つくば市","town":"田水山"}],"4351":[{"pref":"茨城県","city":"つくば市","town":"上大島"}],"4352":[{"pref":"茨城県","city":"つくば市","town":"筑波"}],"4353":[{"pref":"茨城県","city":"つくば市","town":"沼田"}],"4354":[{"pref":"茨城県","city":"つくば市","town":"国松"}],"4401":[{"pref":"茨城県","city":"桜川市","town":"真壁町上小幡"}],"4402":[{"pref":"茨城県","city":"桜川市","town":"真壁町下小幡"}],"4403":[{"pref":"茨城県","city":"桜川市","town":"真壁町長岡"}],"4404":[{"pref":"茨城県","city":"桜川市","town":"真壁町白井"}],"4405":[{"pref":"茨城県","city":"桜川市","town":"真壁町桜井"}],"4406":[{"pref":"茨城県","city":"桜川市","town":"真壁町山尾"}],"4407":[{"pref":"茨城県","city":"桜川市","town":"真壁町古城"}],"4408":[{"pref":"茨城県","city":"桜川市","town":"真壁町真壁"}],"4411":[{"pref":"茨城県","city":"桜川市","town":"真壁町田"}],"4412":[{"pref":"茨城県","city":"桜川市","town":"真壁町羽鳥"}],"4413":[{"pref":"茨城県","city":"桜川市","town":"真壁町酒寄"}],"4414":[{"pref":"茨城県","city":"桜川市","town":"真壁町椎尾"}],"4415":[{"pref":"茨城県","city":"桜川市","town":"真壁町東山田"}],"4416":[{"pref":"茨城県","city":"桜川市","town":"真壁町伊佐々"}],"4417":[{"pref":"茨城県","city":"桜川市","town":"真壁町飯塚"}],"4421":[{"pref":"茨城県","city":"桜川市","town":"真壁町原方"}],"4422":[{"pref":"茨城県","city":"桜川市","town":"真壁町亀熊"}],"4423":[{"pref":"茨城県","city":"桜川市","town":"真壁町塙世"}],"4424":[{"pref":"茨城県","city":"桜川市","town":"真壁町源法寺"}],"4425":[{"pref":"茨城県","city":"桜川市","town":"真壁町細芝"}],"4426":[{"pref":"茨城県","city":"桜川市","town":"真壁町下谷貝"}],"4427":[{"pref":"茨城県","city":"桜川市","town":"真壁町上谷貝"}],"4428":[{"pref":"茨城県","city":"桜川市","town":"真壁町大塚新田"}],"4429":[{"pref":"茨城県","city":"桜川市","town":"真壁町東矢貝"}],"4501":[{"pref":"茨城県","city":"筑西市","town":"猫島"}],"4502":[{"pref":"茨城県","city":"筑西市","town":"上西郷谷"}],"4503":[{"pref":"茨城県","city":"筑西市","town":"宮後"}],"4504":[{"pref":"茨城県","city":"筑西市","town":"宮山"}],"4505":[{"pref":"茨城県","city":"筑西市","town":"田宿"}],"4506":[{"pref":"茨城県","city":"筑西市","town":"鍋山"}],"4507":[{"pref":"茨城県","city":"筑西市","town":"内淀"}],"4511":[{"pref":"茨城県","city":"筑西市","town":"押尾"}],"4512":[{"pref":"茨城県","city":"筑西市","town":"有田"}],"4513":[{"pref":"茨城県","city":"筑西市","town":"中根"}],"4514":[{"pref":"茨城県","city":"筑西市","town":"山王堂"}],"4515":[{"pref":"茨城県","city":"筑西市","town":"倉持"}],"4516":[{"pref":"茨城県","city":"筑西市","town":"新井新田"}],"4517":[{"pref":"茨城県","city":"筑西市","town":"海老ケ島"}],"4521":[{"pref":"茨城県","city":"筑西市","town":"東石田"}],"4522":[{"pref":"茨城県","city":"筑西市","town":"向上野"}],"4523":[{"pref":"茨城県","city":"筑西市","town":"赤浜"}],"4524":[{"pref":"茨城県","city":"筑西市","town":"中上野"}],"4525":[{"pref":"茨城県","city":"筑西市","town":"寺上野"}],"4531":[{"pref":"茨城県","city":"筑西市","town":"築地"}],"4532":[{"pref":"茨城県","city":"筑西市","town":"鷺島"}],"4533":[{"pref":"茨城県","city":"筑西市","town":"成井"}],"4534":[{"pref":"茨城県","city":"筑西市","town":"高津"}],"4535":[{"pref":"茨城県","city":"筑西市","town":"谷原"}],"4536":[{"pref":"茨城県","city":"筑西市","town":"東保末"}],"4537":[{"pref":"茨城県","city":"筑西市","town":"大林"}],"4538":[{"pref":"茨城県","city":"筑西市","town":"海老江"}],"4541":[{"pref":"茨城県","city":"筑西市","town":"松原"}],"4542":[{"pref":"茨城県","city":"筑西市","town":"吉田"}],"4543":[{"pref":"茨城県","city":"筑西市","town":"竹垣"}],"4544":[{"pref":"茨城県","city":"筑西市","town":"古内"}],"4545":[{"pref":"茨城県","city":"筑西市","town":"下川中子"}],"4546":[{"pref":"茨城県","city":"筑西市","town":"村田"}],"0000":[{"pref":"茨城県","city":"土浦市","town":"以下に掲載がない場合"}],"0818":[{"pref":"茨城県","city":"土浦市","town":"天川"}],"0873":[{"pref":"茨城県","city":"土浦市","town":"荒川沖"}],"0871":[{"pref":"茨城県","city":"土浦市","town":"荒川沖東"}],"0874":[{"pref":"茨城県","city":"土浦市","town":"荒川沖西"}],"0877":[{"pref":"茨城県","city":"土浦市","town":"荒川本郷"}],"0035":[{"pref":"茨城県","city":"土浦市","town":"有明町"}],"0002":[{"pref":"茨城県","city":"土浦市","town":"粟野町"}],"0802":[{"pref":"茨城県","city":"土浦市","town":"飯田"}],"0047":[{"pref":"茨城県","city":"土浦市","town":"生田町"}],"0007":[{"pref":"茨城県","city":"土浦市","town":"板谷"}],"0001":[{"pref":"茨城県","city":"土浦市","town":"今泉"}],"0835":[{"pref":"茨城県","city":"土浦市","town":"大岩田"}],"0028":[{"pref":"茨城県","city":"土浦市","town":"おおつ野"}],"0044":[{"pref":"茨城県","city":"土浦市","town":"大手町"}],"0038":[{"pref":"茨城県","city":"土浦市","town":"大町"}],"0872":[{"pref":"茨城県","city":"土浦市","town":"沖新田"}],"0023":[{"pref":"茨城県","city":"土浦市","town":"沖宿町"}],"0844":[{"pref":"茨城県","city":"土浦市","town":"乙戸"}],"0845":[{"pref":"茨城県","city":"土浦市","town":"乙戸南"}],"0846":[{"pref":"茨城県","city":"土浦市","town":"小山田"}],"0847":[{"pref":"茨城県","city":"土浦市","town":"卸町"}],"0008":[{"pref":"茨城県","city":"土浦市","town":"笠師町"}],"0804":[{"pref":"茨城県","city":"土浦市","town":"粕毛"}],"0825":[{"pref":"茨城県","city":"土浦市","town":"霞ケ岡町"}],"0811":[{"pref":"茨城県","city":"土浦市","town":"上高津"}],"0819":[{"pref":"茨城県","city":"土浦市","town":"上高津新町"}],"0836":[{"pref":"茨城県","city":"土浦市","town":"烏山"}],"0033":[{"pref":"茨城県","city":"土浦市","town":"川口"}],"0011":[{"pref":"茨城県","city":"土浦市","town":"神立中央"}],"0013":[{"pref":"茨城県","city":"土浦市","town":"神立町"}],"0012":[{"pref":"茨城県","city":"土浦市","town":"神立東"}],"0876":[{"pref":"茨城県","city":"土浦市","town":"北荒川沖町"}],"0015":[{"pref":"茨城県","city":"土浦市","town":"北神立町"}],"0026":[{"pref":"茨城県","city":"土浦市","town":"木田余"}],"0056":[{"pref":"茨城県","city":"土浦市","town":"木田余西台"}],"0027":[{"pref":"茨城県","city":"土浦市","town":"木田余東台"}],"0831":[{"pref":"茨城県","city":"土浦市","town":"小岩田"}],"0834":[{"pref":"茨城県","city":"土浦市","town":"小岩田東"}],"0833":[{"pref":"茨城県","city":"土浦市","town":"小岩田西"}],"0814":[{"pref":"茨城県","city":"土浦市","town":"国分町"}],"0032":[{"pref":"茨城県","city":"土浦市","town":"湖北"}],"0823":[{"pref":"茨城県","city":"土浦市","town":"小松"}],"0826":[{"pref":"茨城県","city":"土浦市","town":"小松ケ丘町"}],"0004":[{"pref":"茨城県","city":"土浦市","town":"小山崎"}],"0832":[{"pref":"茨城県","city":"土浦市","town":"桜ケ丘町"}],"0037":[{"pref":"茨城県","city":"土浦市","town":"桜町"}],"0803":[{"pref":"茨城県","city":"土浦市","town":"佐野子"}],"0805":[{"pref":"茨城県","city":"土浦市","town":"宍塚"}],"0812":[{"pref":"茨城県","city":"土浦市","town":"下高津"}],"0042":[{"pref":"茨城県","city":"土浦市","town":"城北町"}],"0022":[{"pref":"茨城県","city":"土浦市","town":"白鳥町"}],"0021":[{"pref":"茨城県","city":"土浦市","town":"菅谷町"}],"0046":[{"pref":"茨城県","city":"土浦市","town":"千束町"}],"0839":[{"pref":"茨城県","city":"土浦市","town":"滝田"}],"0041":[{"pref":"茨城県","city":"土浦市","town":"立田町"}],"0048":[{"pref":"茨城県","city":"土浦市","town":"田中"}],"0049":[{"pref":"茨城県","city":"土浦市","town":"田中町"}],"0024":[{"pref":"茨城県","city":"土浦市","town":"田村町"}],"0824":[{"pref":"茨城県","city":"土浦市","town":"千鳥ケ丘町"}],"0043":[{"pref":"茨城県","city":"土浦市","town":"中央"}],"0062":[{"pref":"茨城県","city":"土浦市","town":"都和"}],"0025":[{"pref":"茨城県","city":"土浦市","town":"手野町"}],"0031":[{"pref":"茨城県","city":"土浦市","town":"東崎町"}],"0055":[{"pref":"茨城県","city":"土浦市","town":"殿里"}],"0841":[{"pref":"茨城県","city":"土浦市","town":"中"}],"0875":[{"pref":"茨城県","city":"土浦市","town":"中荒川沖町"}],"0016":[{"pref":"茨城県","city":"土浦市","town":"中神立町"}],"0815":[{"pref":"茨城県","city":"土浦市","town":"中高津"}],"0009":[{"pref":"茨城県","city":"土浦市","town":"中都町"}],"0005":[{"pref":"茨城県","city":"土浦市","town":"中貫"}],"0849":[{"pref":"茨城県","city":"土浦市","town":"中村西根"}],"0850":[{"pref":"茨城県","city":"土浦市","town":"中村東"}],"0843":[{"pref":"茨城県","city":"土浦市","town":"中村南"}],"0817":[{"pref":"茨城県","city":"土浦市","town":"永国"}],"0810":[{"pref":"茨城県","city":"土浦市","town":"永国台"}],"0816":[{"pref":"茨城県","city":"土浦市","town":"永国東町"}],"0061":[{"pref":"茨城県","city":"土浦市","town":"並木"}],"0014":[{"pref":"茨城県","city":"土浦市","town":"西神立"}],"0068":[{"pref":"茨城県","city":"土浦市","town":"西並木町"}],"0848":[{"pref":"茨城県","city":"土浦市","town":"西根西"}],"0842":[{"pref":"茨城県","city":"土浦市","town":"西根南"}],"0054":[{"pref":"茨城県","city":"土浦市","town":"西真鍋町"}],"0821":[{"pref":"茨城県","city":"土浦市","town":"蓮河原新町"}],"0822":[{"pref":"茨城県","city":"土浦市","town":"蓮河原町"}],"0067":[{"pref":"茨城県","city":"土浦市","town":"東都和"}],"0006":[{"pref":"茨城県","city":"土浦市","town":"東中貫町"}],"0069":[{"pref":"茨城県","city":"土浦市","town":"東並木町"}],"0052":[{"pref":"茨城県","city":"土浦市","town":"東真鍋町"}],"0064":[{"pref":"茨城県","city":"土浦市","town":"東若松町"}],"0065":[{"pref":"茨城県","city":"土浦市","town":"常名"}],"0813":[{"pref":"茨城県","city":"土浦市","town":"富士崎"}],"0045":[{"pref":"茨城県","city":"土浦市","town":"文京町"}],"0051":[{"pref":"茨城県","city":"土浦市","town":"真鍋"}],"0053":[{"pref":"茨城県","city":"土浦市","town":"真鍋新町"}],"0838":[{"pref":"茨城県","city":"土浦市","town":"摩利山新田"}],"0837":[{"pref":"茨城県","city":"土浦市","town":"右籾"}],"0034":[{"pref":"茨城県","city":"土浦市","town":"港町"}],"0066":[{"pref":"茨城県","city":"土浦市","town":"虫掛"}],"0003":[{"pref":"茨城県","city":"土浦市","town":"紫ケ丘"}],"0801":[{"pref":"茨城県","city":"土浦市","town":"矢作"}],"0036":[{"pref":"茨城県","city":"土浦市","town":"大和町"}],"0063":[{"pref":"茨城県","city":"土浦市","town":"若松町"}],"0500":[{"pref":"茨城県","city":"稲敷市","town":"以下に掲載がない場合"}],"0621":[{"pref":"茨城県","city":"稲敷市","town":"阿波"}],"0602":[{"pref":"茨城県","city":"稲敷市","town":"阿波崎"}],"0626":[{"pref":"茨城県","city":"稲敷市","town":"甘田"}],"0727":[{"pref":"茨城県","city":"稲敷市","town":"飯島"}],"0632":[{"pref":"茨城県","city":"稲敷市","town":"飯出"}],"0603":[{"pref":"茨城県","city":"稲敷市","town":"伊佐部"}],"0612":[{"pref":"茨城県","city":"稲敷市","town":"市崎"}],"0503":[{"pref":"茨城県","city":"稲敷市","town":"稲波"}],"0507":[{"pref":"茨城県","city":"稲敷市","town":"犬塚"}],"0641":[{"pref":"茨城県","city":"稲敷市","town":"浮島"}],"0509":[{"pref":"茨城県","city":"稲敷市","town":"江戸崎乙"}],"0504":[{"pref":"茨城県","city":"稲敷市","town":"江戸崎甲"}],"0529":[{"pref":"茨城県","city":"稲敷市","town":"江戸崎みらい"}],"0721":[{"pref":"茨城県","city":"稲敷市","town":"大島"}],"0633":[{"pref":"茨城県","city":"稲敷市","town":"岡飯出"}],"0744":[{"pref":"茨城県","city":"稲敷市","town":"押砂"}],"0634":[{"pref":"茨城県","city":"稲敷市","town":"柏木"}],"0637":[{"pref":"茨城県","city":"稲敷市","town":"柏木古渡"}],"0604":[{"pref":"茨城県","city":"稲敷市","town":"釜井"}],"0522":[{"pref":"茨城県","city":"稲敷市","town":"蒲ケ山"}],"0528":[{"pref":"茨城県","city":"稲敷市","town":"上君山"}],"0737":[{"pref":"茨城県","city":"稲敷市","town":"上須田"}],"0732":[{"pref":"茨城県","city":"稲敷市","town":"上之島"}],"0643":[{"pref":"茨城県","city":"稲敷市","town":"上馬渡"}],"0513":[{"pref":"茨城県","city":"稲敷市","town":"桑山"}],"0734":[{"pref":"茨城県","city":"稲敷市","town":"結佐"}],"0746":[{"pref":"茨城県","city":"稲敷市","town":"神崎本宿"}],"0605":[{"pref":"茨城県","city":"稲敷市","town":"幸田"}],"0733":[{"pref":"茨城県","city":"稲敷市","town":"石納"}],"0524":[{"pref":"茨城県","city":"稲敷市","town":"小羽賀"}],"0514":[{"pref":"茨城県","city":"稲敷市","town":"駒塚"}],"0723":[{"pref":"茨城県","city":"稲敷市","town":"境島"}],"0508":[{"pref":"茨城県","city":"稲敷市","town":"佐倉"}],"0749":[{"pref":"茨城県","city":"稲敷市","town":"佐原組新田"}],"0725":[{"pref":"茨城県","city":"稲敷市","town":"佐原下手"}],"0512":[{"pref":"茨城県","city":"稲敷市","town":"椎塚"}],"0623":[{"pref":"茨城県","city":"稲敷市","town":"四箇"}],"0502":[{"pref":"茨城県","city":"稲敷市","town":"信太古渡"}],"0614":[{"pref":"茨城県","city":"稲敷市","town":"清水"}],"0527":[{"pref":"茨城県","city":"稲敷市","town":"下君山"}],"0601":[{"pref":"茨城県","city":"稲敷市","town":"下須田"}],"0642":[{"pref":"茨城県","city":"稲敷市","town":"下馬渡"}],"0622":[{"pref":"茨城県","city":"稲敷市","town":"神宮寺"}],"0613":[{"pref":"茨城県","city":"稲敷市","town":"新橋"}],"0625":[{"pref":"茨城県","city":"稲敷市","town":"須賀津"}],"0521":[{"pref":"茨城県","city":"稲敷市","town":"月出里"}],"0748":[{"pref":"茨城県","city":"稲敷市","town":"清久島"}],"0511":[{"pref":"茨城県","city":"稲敷市","town":"高田"}],"0741":[{"pref":"茨城県","city":"稲敷市","town":"手賀組新田"}],"0523":[{"pref":"茨城県","city":"稲敷市","town":"時崎"}],"0611":[{"pref":"茨城県","city":"稲敷市","town":"中島"}],"0726":[{"pref":"茨城県","city":"稲敷市","town":"西代"}],"0506":[{"pref":"茨城県","city":"稲敷市","town":"沼田"}],"0525":[{"pref":"茨城県","city":"稲敷市","town":"羽賀"}],"0745":[{"pref":"茨城県","city":"稲敷市","town":"橋向"}],"0736":[{"pref":"茨城県","city":"稲敷市","town":"八千石"}],"0501":[{"pref":"茨城県","city":"稲敷市","town":"鳩崎"}],"0636":[{"pref":"茨城県","city":"稲敷市","town":"羽生"}],"0616":[{"pref":"茨城県","city":"稲敷市","town":"東大沼"}],"0617":[{"pref":"茨城県","city":"稲敷市","town":"福田"}],"0638":[{"pref":"茨城県","city":"稲敷市","town":"古渡"}],"0635":[{"pref":"茨城県","city":"稲敷市","town":"堀之内"}],"0743":[{"pref":"茨城県","city":"稲敷市","town":"曲渕"}],"0615":[{"pref":"茨城県","city":"稲敷市","town":"町田"}],"0526":[{"pref":"茨城県","city":"稲敷市","town":"松山"}],"0722":[{"pref":"茨城県","city":"稲敷市","town":"三島"}],"0631":[{"pref":"茨城県","city":"稲敷市","town":"三次"}],"0607":[{"pref":"茨城県","city":"稲敷市","town":"光葉"}],"0515":[{"pref":"茨城県","city":"稲敷市","town":"南ケ丘"}],"0624":[{"pref":"茨城県","city":"稲敷市","town":"南山来"}],"0505":[{"pref":"茨城県","city":"稲敷市","town":"村田"}],"0731":[{"pref":"茨城県","city":"稲敷市","town":"本新"}],"0724":[{"pref":"茨城県","city":"稲敷市","town":"八筋川"}],"0747":[{"pref":"茨城県","city":"稲敷市","town":"余津谷"}],"0742":[{"pref":"茨城県","city":"稲敷市","town":"四ッ谷"}],"0735":[{"pref":"茨城県","city":"稲敷市","town":"六角"}],"0606":[{"pref":"茨城県","city":"稲敷市","town":"脇川"}],"0212":[{"pref":"茨城県","city":"かすみがうら市","town":"有河"}],"0205":[{"pref":"茨城県","city":"かすみがうら市","town":"安食"}],"0203":[{"pref":"茨城県","city":"かすみがうら市","town":"岩坪"}],"0213":[{"pref":"茨城県","city":"かすみがうら市","town":"牛渡"}],"0124":[{"pref":"茨城県","city":"かすみがうら市","town":"大和田"}],"0132":[{"pref":"茨城県","city":"かすみがうら市","town":"男神"}],"0201":[{"pref":"茨城県","city":"かすみがうら市","town":"柏崎"}],"0127":[{"pref":"茨城県","city":"かすみがうら市","town":"上大堤"}],"0123":[{"pref":"茨城県","city":"かすみがうら市","town":"上軽部"}],"0135":[{"pref":"茨城県","city":"かすみがうら市","town":"加茂"}],"0214":[{"pref":"茨城県","city":"かすみがうら市","town":"坂"}],"0121":[{"pref":"茨城県","city":"かすみがうら市","town":"宍倉"}],"0211":[{"pref":"茨城県","city":"かすみがうら市","town":"志戸崎"}],"0131":[{"pref":"茨城県","city":"かすみがうら市","town":"下大堤"}],"0204":[{"pref":"茨城県","city":"かすみがうら市","town":"下軽部"}],"0202":[{"pref":"茨城県","city":"かすみがうら市","town":"田伏"}],"0136":[{"pref":"茨城県","city":"かすみがうら市","town":"戸崎"}],"0133":[{"pref":"茨城県","city":"かすみがうら市","town":"中台"}],"0122":[{"pref":"茨城県","city":"かすみがうら市","town":"西成井"}],"0134":[{"pref":"茨城県","city":"かすみがうら市","town":"深谷"}],"0125":[{"pref":"茨城県","city":"かすみがうら市","town":"三ツ木"}],"0126":[{"pref":"茨城県","city":"かすみがうら市","town":"南根本"}],"0400":[{"pref":"茨城県","city":"稲敷郡美浦村","town":"以下に掲載がない場合"}],"0424":[{"pref":"茨城県","city":"稲敷郡美浦村","town":"受領"}],"0409":[{"pref":"茨城県","city":"稲敷郡美浦村","town":"牛込"}],"0422":[{"pref":"茨城県","city":"稲敷郡美浦村","town":"大須賀津"}],"0411":[{"pref":"茨城県","city":"稲敷郡美浦村","town":"太田"}],"0416":[{"pref":"茨城県","city":"稲敷郡美浦村","town":"大塚"}],"0413":[{"pref":"茨城県","city":"稲敷郡美浦村","town":"大谷"}],"0402":[{"pref":"茨城県","city":"稲敷郡美浦村","town":"大山"}],"0425":[{"pref":"茨城県","city":"稲敷郡美浦村","town":"興津"}],"0433":[{"pref":"茨城県","city":"稲敷郡美浦村","town":"木"}],"0421":[{"pref":"茨城県","city":"稲敷郡美浦村","town":"木原"}],"0420":[{"pref":"茨城県","city":"稲敷郡美浦村","town":"郷中"}],"0419":[{"pref":"茨城県","city":"稲敷郡美浦村","town":"山王"}],"0414":[{"pref":"茨城県","city":"稲敷郡美浦村","town":"信太"}],"0432":[{"pref":"茨城県","city":"稲敷郡美浦村","town":"定光"}],"0404":[{"pref":"茨城県","city":"稲敷郡美浦村","town":"土浦"}],"0426":[{"pref":"茨城県","city":"稲敷郡美浦村","town":"土屋"}],"0435":[{"pref":"茨城県","city":"稲敷郡美浦村","town":"中野内"}],"0408":[{"pref":"茨城県","city":"稲敷郡美浦村","town":"根火"}],"0436":[{"pref":"茨城県","city":"稲敷郡美浦村","town":"根本"}],"0418":[{"pref":"茨城県","city":"稲敷郡美浦村","town":"花見塚"}],"0427":[{"pref":"茨城県","city":"稲敷郡美浦村","town":"布佐"}],"0428":[{"pref":"茨城県","city":"稲敷郡美浦村","town":"舟子"}],"0434":[{"pref":"茨城県","city":"稲敷郡美浦村","town":"堀田"}],"0401":[{"pref":"茨城県","city":"稲敷郡美浦村","town":"馬掛"}],"0405":[{"pref":"茨城県","city":"稲敷郡美浦村","town":"間野"}],"0403":[{"pref":"茨城県","city":"稲敷郡美浦村","town":"馬見山"}],"0415":[{"pref":"茨城県","city":"稲敷郡美浦村","town":"美駒"}],"0410":[{"pref":"茨城県","city":"稲敷郡美浦村","town":"みどり台"}],"0437":[{"pref":"茨城県","city":"稲敷郡美浦村","town":"見晴"}],"0412":[{"pref":"茨城県","city":"稲敷郡美浦村","town":"宮地"}],"0431":[{"pref":"茨城県","city":"稲敷郡美浦村","town":"本橋"}],"0423":[{"pref":"茨城県","city":"稲敷郡美浦村","town":"茂呂"}],"0407":[{"pref":"茨城県","city":"稲敷郡美浦村","town":"八井田"}],"0417":[{"pref":"茨城県","city":"稲敷郡美浦村","town":"谷中"}],"0406":[{"pref":"茨城県","city":"稲敷郡美浦村","town":"山内"}],"0300":[{"pref":"茨城県","city":"稲敷郡阿見町","town":"以下に掲載がない場合"}],"0301":[{"pref":"茨城県","city":"稲敷郡阿見町","town":"青宿"}],"0306":[{"pref":"茨城県","city":"稲敷郡阿見町","town":"曙"}],"0331":[{"pref":"茨城県","city":"稲敷郡阿見町","town":"阿見"}],"0324":[{"pref":"茨城県","city":"稲敷郡阿見町","town":"飯倉"}],"0313":[{"pref":"茨城県","city":"稲敷郡阿見町","town":"石川"}],"0341":[{"pref":"茨城県","city":"稲敷郡阿見町","town":"うずら野"}],"0323":[{"pref":"茨城県","city":"稲敷郡阿見町","town":"大形"}],"0303":[{"pref":"茨城県","city":"稲敷郡阿見町","town":"大室"}],"0335":[{"pref":"茨城県","city":"稲敷郡阿見町","town":"岡崎"}],"0314":[{"pref":"茨城県","city":"稲敷郡阿見町","town":"追原"}],"0304":[{"pref":"茨城県","city":"稲敷郡阿見町","town":"掛馬"}],"0315":[{"pref":"茨城県","city":"稲敷郡阿見町","town":"香澄の里"}],"0322":[{"pref":"茨城県","city":"稲敷郡阿見町","town":"君島"}],"0311":[{"pref":"茨城県","city":"稲敷郡阿見町","town":"島津"}],"0325":[{"pref":"茨城県","city":"稲敷郡阿見町","town":"上条"}],"0334":[{"pref":"茨城県","city":"稲敷郡阿見町","town":"鈴木"}],"0305":[{"pref":"茨城県","city":"稲敷郡阿見町","town":"竹来"}],"0332":[{"pref":"茨城県","city":"稲敷郡阿見町","town":"中央"}],"0337":[{"pref":"茨城県","city":"稲敷郡阿見町","town":"中郷"}],"0312":[{"pref":"茨城県","city":"稲敷郡阿見町","town":"南平台"}],"0336":[{"pref":"茨城県","city":"稲敷郡阿見町","town":"西郷"}],"0302":[{"pref":"茨城県","city":"稲敷郡阿見町","town":"廻戸"}],"0321":[{"pref":"茨城県","city":"稲敷郡阿見町","town":"塙"}],"0326":[{"pref":"茨城県","city":"稲敷郡阿見町","town":"星の里"}],"0333":[{"pref":"茨城県","city":"稲敷郡阿見町","town":"若栗"}]}