{"0068":[{"pref":"東京都","city":"世田谷区","town":"宇奈根"}],"0074":[{"pref":"東京都","city":"世田谷区","town":"大蔵"}],"0076":[{"pref":"東京都","city":"世田谷区","town":"岡本"}],"0063":[{"pref":"東京都","city":"世田谷区","town":"粕谷"}],"0077":[{"pref":"東京都","city":"世田谷区","town":"鎌田"}],"0065":[{"pref":"東京都","city":"世田谷区","town":"上祖師谷"}],"0061":[{"pref":"東京都","city":"世田谷区","town":"北烏山"}],"0067":[{"pref":"東京都","city":"世田谷区","town":"喜多見"}],"0073":[{"pref":"東京都","city":"世田谷区","town":"砧"}],"0075":[{"pref":"東京都","city":"世田谷区","town":"砧公園"}],"0064":[{"pref":"東京都","city":"世田谷区","town":"給田"}],"0066":[{"pref":"東京都","city":"世田谷区","town":"成城"}],"0072":[{"pref":"東京都","city":"世田谷区","town":"祖師谷"}],"0071":[{"pref":"東京都","city":"世田谷区","town":"千歳台"}],"0062":[{"pref":"東京都","city":"世田谷区","town":"南烏山"}]}