{"1100":[{"pref":"北海道","city":"上磯郡知内町","town":"以下に掲載がない場合"}],"1101":[{"pref":"北海道","city":"上磯郡知内町","town":"中ノ川"}],"1102":[{"pref":"北海道","city":"上磯郡知内町","town":"森越"}],"1103":[{"pref":"北海道","city":"上磯郡知内町","town":"重内"}],"1104":[{"pref":"北海道","city":"上磯郡知内町","town":"涌元"}],"1105":[{"pref":"北海道","city":"上磯郡知内町","town":"小谷石"}],"1106":[{"pref":"北海道","city":"上磯郡知内町","town":"元町"}],"1107":[{"pref":"北海道","city":"上磯郡知内町","town":"上雷"}],"1221":[{"pref":"北海道","city":"上磯郡知内町","town":"湯ノ里"}],"1300":[{"pref":"北海道","city":"松前郡福島町","town":"以下に掲載がない場合"}],"1301":[{"pref":"北海道","city":"松前郡福島町","town":"白符"}],"1302":[{"pref":"北海道","city":"松前郡福島町","town":"日向"}],"1311":[{"pref":"北海道","city":"松前郡福島町","town":"桧倉"}],"1312":[{"pref":"北海道","city":"松前郡福島町","town":"上町"},{"pref":"北海道","city":"松前郡福島町","town":"川原町"},{"pref":"北海道","city":"松前郡福島町","town":"館古"},{"pref":"北海道","city":"松前郡福島町","town":"福島"},{"pref":"北海道","city":"松前郡福島町","town":"本町"},{"pref":"北海道","city":"松前郡福島町","town":"吉田町"}],"1321":[{"pref":"北海道","city":"松前郡福島町","town":"月崎"},{"pref":"北海道","city":"松前郡福島町","town":"丸山団地"},{"pref":"北海道","city":"松前郡福島町","town":"緑町"}],"1322":[{"pref":"北海道","city":"松前郡福島町","town":"塩釜"}],"1323":[{"pref":"北海道","city":"松前郡福島町","town":"浦和"}],"1324":[{"pref":"北海道","city":"松前郡福島町","town":"日の出"}],"1325":[{"pref":"北海道","city":"松前郡福島町","town":"岩部"}],"1331":[{"pref":"北海道","city":"松前郡福島町","town":"新栄町"},{"pref":"北海道","city":"松前郡福島町","town":"三岳"}],"1332":[{"pref":"北海道","city":"松前郡福島町","town":"千軒"}],"1451":[{"pref":"北海道","city":"松前郡福島町","town":"宮歌"}],"1452":[{"pref":"北海道","city":"松前郡福島町","town":"豊浜"}],"1453":[{"pref":"北海道","city":"松前郡福島町","town":"美山"},{"pref":"北海道","city":"松前郡福島町","town":"吉岡"}],"1454":[{"pref":"北海道","city":"松前郡福島町","town":"館崎"}],"1455":[{"pref":"北海道","city":"松前郡福島町","town":"吉野"}],"1456":[{"pref":"北海道","city":"松前郡福島町","town":"松浦"}],"1500":[{"pref":"北海道","city":"松前郡松前町","town":"以下に掲載がない場合"}],"1501":[{"pref":"北海道","city":"松前郡松前町","town":"建石"}],"1502":[{"pref":"北海道","city":"松前郡松前町","town":"弁天"}],"1503":[{"pref":"北海道","city":"松前郡松前町","town":"大磯"}],"1504":[{"pref":"北海道","city":"松前郡松前町","town":"愛宕"}],"1505":[{"pref":"北海道","city":"松前郡松前町","town":"博多"}],"1506":[{"pref":"北海道","city":"松前郡松前町","town":"唐津"}],"1507":[{"pref":"北海道","city":"松前郡松前町","town":"西館"}],"1511":[{"pref":"北海道","city":"松前郡松前町","town":"松城"}],"1512":[{"pref":"北海道","city":"松前郡松前町","town":"福山"}],"1513":[{"pref":"北海道","city":"松前郡松前町","town":"神明"}],"1514":[{"pref":"北海道","city":"松前郡松前町","town":"豊岡"}],"1515":[{"pref":"北海道","city":"松前郡松前町","town":"月島"}],"1516":[{"pref":"北海道","city":"松前郡松前町","town":"東山"}],"1517":[{"pref":"北海道","city":"松前郡松前町","town":"朝日"}],"1521":[{"pref":"北海道","city":"松前郡松前町","town":"上川"}],"1522":[{"pref":"北海道","city":"松前郡松前町","town":"大沢"}],"1523":[{"pref":"北海道","city":"松前郡松前町","town":"荒谷"}],"1524":[{"pref":"北海道","city":"松前郡松前町","town":"白神"}],"1641":[{"pref":"北海道","city":"松前郡松前町","town":"館浜"}],"1642":[{"pref":"北海道","city":"松前郡松前町","town":"札前"}],"1643":[{"pref":"北海道","city":"松前郡松前町","town":"赤神"}],"1644":[{"pref":"北海道","city":"松前郡松前町","town":"静浦"}],"1645":[{"pref":"北海道","city":"松前郡松前町","town":"茂草"}],"1761":[{"pref":"北海道","city":"松前郡松前町","town":"神山"}],"1762":[{"pref":"北海道","city":"松前郡松前町","town":"原口"}],"1763":[{"pref":"北海道","city":"松前郡松前町","town":"白坂"}],"1764":[{"pref":"北海道","city":"松前郡松前町","town":"二越"}],"1771":[{"pref":"北海道","city":"松前郡松前町","town":"江良"}],"1781":[{"pref":"北海道","city":"松前郡松前町","town":"大津"}],"1782":[{"pref":"北海道","city":"松前郡松前町","town":"高野"}],"1783":[{"pref":"北海道","city":"松前郡松前町","town":"清部"}],"1784":[{"pref":"北海道","city":"松前郡松前町","town":"小浜"}],"2141":[{"pref":"北海道","city":"茅部郡森町","town":"駒ケ岳"}],"2142":[{"pref":"北海道","city":"茅部郡森町","town":"赤井川"}],"2221":[{"pref":"北海道","city":"茅部郡森町","town":"砂原西"}],"2222":[{"pref":"北海道","city":"茅部郡森町","town":"砂原"}],"2223":[{"pref":"北海道","city":"茅部郡森町","town":"砂原東"}],"2300":[{"pref":"北海道","city":"茅部郡森町","town":"以下に掲載がない場合"}],"2301":[{"pref":"北海道","city":"茅部郡森町","town":"尾白内町"}],"2302":[{"pref":"北海道","city":"茅部郡森町","town":"港町"}],"2303":[{"pref":"北海道","city":"茅部郡森町","town":"東森町"}],"2304":[{"pref":"北海道","city":"茅部郡森町","town":"新川町"}],"2305":[{"pref":"北海道","city":"茅部郡森町","town":"常盤町"}],"2306":[{"pref":"北海道","city":"茅部郡森町","town":"姫川"}],"2307":[{"pref":"北海道","city":"茅部郡森町","town":"白川"}],"2308":[{"pref":"北海道","city":"茅部郡森町","town":"栄町"}],"2311":[{"pref":"北海道","city":"茅部郡森町","town":"上台町"}],"2312":[{"pref":"北海道","city":"茅部郡森町","town":"霞台"}],"2313":[{"pref":"北海道","city":"茅部郡森町","town":"森川町"}],"2321":[{"pref":"北海道","city":"茅部郡森町","town":"鷲ノ木町"}],"2322":[{"pref":"北海道","city":"茅部郡森町","town":"富士見町"}],"2323":[{"pref":"北海道","city":"茅部郡森町","town":"鳥崎町"}],"2324":[{"pref":"北海道","city":"茅部郡森町","town":"栗ケ丘"}],"2325":[{"pref":"北海道","city":"茅部郡森町","town":"本町"}],"2326":[{"pref":"北海道","city":"茅部郡森町","town":"御幸町"}],"2327":[{"pref":"北海道","city":"茅部郡森町","town":"清澄町"}],"2461":[{"pref":"北海道","city":"茅部郡森町","town":"三岱"}],"2462":[{"pref":"北海道","city":"茅部郡森町","town":"濁川"}],"2463":[{"pref":"北海道","city":"茅部郡森町","town":"石倉町"}],"2464":[{"pref":"北海道","city":"茅部郡森町","town":"本茅部町"}],"2465":[{"pref":"北海道","city":"茅部郡森町","town":"蛯谷町"}],"2561":[{"pref":"北海道","city":"二海郡八雲町","town":"旭丘"}],"2562":[{"pref":"北海道","city":"二海郡八雲町","town":"落部"}],"2563":[{"pref":"北海道","city":"二海郡八雲町","town":"栄浜"}],"2564":[{"pref":"北海道","city":"二海郡八雲町","town":"入沢"}],"2565":[{"pref":"北海道","city":"二海郡八雲町","town":"下の湯"}],"2566":[{"pref":"北海道","city":"二海郡八雲町","town":"上の湯"}],"2671":[{"pref":"北海道","city":"二海郡八雲町","town":"山越"}],"2672":[{"pref":"北海道","city":"二海郡八雲町","town":"野田生"}],"2673":[{"pref":"北海道","city":"二海郡八雲町","town":"東野"}],"2674":[{"pref":"北海道","city":"二海郡八雲町","town":"わらび野"}],"2675":[{"pref":"北海道","city":"二海郡八雲町","town":"桜野"}],"3100":[{"pref":"北海道","city":"二海郡八雲町","town":"以下に掲載がない場合"}],"3101":[{"pref":"北海道","city":"二海郡八雲町","town":"元町"}],"3102":[{"pref":"北海道","city":"二海郡八雲町","town":"東町"}],"3103":[{"pref":"北海道","city":"二海郡八雲町","town":"豊河町"}],"3104":[{"pref":"北海道","city":"二海郡八雲町","town":"内浦町"}],"3105":[{"pref":"北海道","city":"二海郡八雲町","town":"東雲町"}],"3106":[{"pref":"北海道","city":"二海郡八雲町","town":"富士見町"}],"3107":[{"pref":"北海道","city":"二海郡八雲町","town":"本町"}],"3111":[{"pref":"北海道","city":"二海郡八雲町","town":"住初町"}],"3112":[{"pref":"北海道","city":"二海郡八雲町","town":"末広町"}],"3113":[{"pref":"北海道","city":"二海郡八雲町","town":"相生町"}],"3114":[{"pref":"北海道","city":"二海郡八雲町","town":"三杉町"}],"3115":[{"pref":"北海道","city":"二海郡八雲町","town":"出雲町"}],"3116":[{"pref":"北海道","city":"二海郡八雲町","town":"宮園町"}],"3117":[{"pref":"北海道","city":"二海郡八雲町","town":"栄町"}],"3118":[{"pref":"北海道","city":"二海郡八雲町","town":"緑町"}],"3121":[{"pref":"北海道","city":"二海郡八雲町","town":"上八雲"},{"pref":"北海道","city":"二海郡八雲町","town":"富咲"}],"3122":[{"pref":"北海道","city":"二海郡八雲町","town":"花浦"}],"3123":[{"pref":"北海道","city":"二海郡八雲町","town":"立岩"}],"3124":[{"pref":"北海道","city":"二海郡八雲町","town":"浜松"}],"3125":[{"pref":"北海道","city":"二海郡八雲町","town":"熱田"}],"3126":[{"pref":"北海道","city":"二海郡八雲町","town":"大新"}],"3127":[{"pref":"北海道","city":"二海郡八雲町","town":"春日"}],"3128":[{"pref":"北海道","city":"二海郡八雲町","town":"鉛川"}],"3341":[{"pref":"北海道","city":"二海郡八雲町","town":"黒岩"}],"3342":[{"pref":"北海道","city":"二海郡八雲町","town":"山崎"}],"3461":[{"pref":"北海道","city":"山越郡長万部町","town":"花岡"}],"3462":[{"pref":"北海道","city":"山越郡長万部町","town":"国縫"}],"3463":[{"pref":"北海道","city":"山越郡長万部町","town":"豊野"}],"3464":[{"pref":"北海道","city":"山越郡長万部町","town":"豊津"}],"3465":[{"pref":"北海道","city":"山越郡長万部町","town":"茶屋川"}],"3500":[{"pref":"北海道","city":"山越郡長万部町","town":"以下に掲載がない場合"}],"3501":[{"pref":"北海道","city":"山越郡長万部町","town":"大峰"},{"pref":"北海道","city":"山越郡長万部町","town":"双葉"}],"3502":[{"pref":"北海道","city":"山越郡長万部町","town":"知来"}],"3503":[{"pref":"北海道","city":"山越郡長万部町","town":"蕨岱"}],"3504":[{"pref":"北海道","city":"山越郡長万部町","town":"美畑"}],"3511":[{"pref":"北海道","city":"山越郡長万部町","town":"大浜"}],"3512":[{"pref":"北海道","city":"山越郡長万部町","town":"中の沢"}],"3513":[{"pref":"北海道","city":"山越郡長万部町","town":"平里"}],"3514":[{"pref":"北海道","city":"山越郡長万部町","town":"富野"}],"3515":[{"pref":"北海道","city":"山越郡長万部町","town":"栗岡"}],"3516":[{"pref":"北海道","city":"山越郡長万部町","town":"栄原"}],"3517":[{"pref":"北海道","city":"山越郡長万部町","town":"共立"}],"3518":[{"pref":"北海道","city":"山越郡長万部町","town":"静狩（３－１番地）"}],"3519":[{"pref":"北海道","city":"山越郡長万部町","town":"旭浜"}],"3521":[{"pref":"北海道","city":"山越郡長万部町","town":"曙町"},{"pref":"北海道","city":"山越郡長万部町","town":"大町"},{"pref":"北海道","city":"山越郡長万部町","town":"長万部"},{"pref":"北海道","city":"山越郡長万部町","town":"温泉町"},{"pref":"北海道","city":"山越郡長万部町","town":"新開町"},{"pref":"北海道","city":"山越郡長万部町","town":"陣屋町"},{"pref":"北海道","city":"山越郡長万部町","town":"住吉町"},{"pref":"北海道","city":"山越郡長万部町","town":"高砂町"},{"pref":"北海道","city":"山越郡長万部町","town":"本町"},{"pref":"北海道","city":"山越郡長万部町","town":"南栄町"},{"pref":"北海道","city":"山越郡長万部町","town":"元町"}],"4151":[{"pref":"北海道","city":"瀬棚郡今金町","town":"美利河"}],"4152":[{"pref":"北海道","city":"瀬棚郡今金町","town":"宮島"}],"4153":[{"pref":"北海道","city":"瀬棚郡今金町","town":"花石"}],"4154":[{"pref":"北海道","city":"瀬棚郡今金町","town":"中里"}],"4155":[{"pref":"北海道","city":"瀬棚郡今金町","town":"奥沢"}],"4156":[{"pref":"北海道","city":"瀬棚郡今金町","town":"住吉"}],"4157":[{"pref":"北海道","city":"瀬棚郡今金町","town":"上種川"}],"4300":[{"pref":"北海道","city":"瀬棚郡今金町","town":"以下に掲載がない場合"}],"4301":[{"pref":"北海道","city":"瀬棚郡今金町","town":"東町"}],"4302":[{"pref":"北海道","city":"瀬棚郡今金町","town":"日の出町"}],"4303":[{"pref":"北海道","city":"瀬棚郡今金町","town":"曙町"}],"4304":[{"pref":"北海道","city":"瀬棚郡今金町","town":"寒昇"}],"4305":[{"pref":"北海道","city":"瀬棚郡今金町","town":"南栄町"}],"4306":[{"pref":"北海道","city":"瀬棚郡今金町","town":"高美町"}],"4307":[{"pref":"北海道","city":"瀬棚郡今金町","town":"八幡町"}],"4308":[{"pref":"北海道","city":"瀬棚郡今金町","town":"今金"}],"4311":[{"pref":"北海道","city":"瀬棚郡今金町","town":"栄町"}],"4312":[{"pref":"北海道","city":"瀬棚郡今金町","town":"旭町"}],"4313":[{"pref":"北海道","city":"瀬棚郡今金町","town":"本町"}],"4314":[{"pref":"北海道","city":"瀬棚郡今金町","town":"昭和町"}],"4315":[{"pref":"北海道","city":"瀬棚郡今金町","town":"末広町"}],"4316":[{"pref":"北海道","city":"瀬棚郡今金町","town":"南町"}],"4317":[{"pref":"北海道","city":"瀬棚郡今金町","town":"緑町"}],"4318":[{"pref":"北海道","city":"瀬棚郡今金町","town":"大和町"}],"4321":[{"pref":"北海道","city":"瀬棚郡今金町","town":"鈴岡"}],"4322":[{"pref":"北海道","city":"瀬棚郡今金町","town":"御影"}],"4323":[{"pref":"北海道","city":"瀬棚郡今金町","town":"光台"}],"4324":[{"pref":"北海道","city":"瀬棚郡今金町","town":"種川"}],"4325":[{"pref":"北海道","city":"瀬棚郡今金町","town":"稲穂"}],"4326":[{"pref":"北海道","city":"瀬棚郡今金町","town":"商工団地"}],"4327":[{"pref":"北海道","city":"瀬棚郡今金町","town":"神丘"}],"4331":[{"pref":"北海道","city":"瀬棚郡今金町","town":"田代"}],"4332":[{"pref":"北海道","city":"瀬棚郡今金町","town":"白石"}],"4333":[{"pref":"北海道","city":"瀬棚郡今金町","town":"日進"}],"4334":[{"pref":"北海道","city":"瀬棚郡今金町","town":"八束"}],"4335":[{"pref":"北海道","city":"瀬棚郡今金町","town":"金原"}],"4336":[{"pref":"北海道","city":"瀬棚郡今金町","town":"鈴金"}],"4337":[{"pref":"北海道","city":"瀬棚郡今金町","town":"豊田"}],"4431":[{"pref":"北海道","city":"久遠郡せたな町","town":"北檜山区小倉山"}],"4432":[{"pref":"北海道","city":"久遠郡せたな町","town":"北檜山区東丹羽"}],"4433":[{"pref":"北海道","city":"久遠郡せたな町","town":"北檜山区丹羽"}],"4434":[{"pref":"北海道","city":"久遠郡せたな町","town":"北檜山区西丹羽"}],"4500":[{"pref":"北海道","city":"久遠郡せたな町","town":"以下に掲載がない場合"}],"4501":[{"pref":"北海道","city":"久遠郡せたな町","town":"北檜山区北檜山"}],"4511":[{"pref":"北海道","city":"久遠郡せたな町","town":"北檜山区松岡"}],"4512":[{"pref":"北海道","city":"久遠郡せたな町","town":"北檜山区徳島"}],"4513":[{"pref":"北海道","city":"久遠郡せたな町","town":"北檜山区愛知"}],"4514":[{"pref":"北海道","city":"久遠郡せたな町","town":"北檜山区豊岡"}],"4515":[{"pref":"北海道","city":"久遠郡せたな町","town":"北檜山区兜野"}],"4516":[{"pref":"北海道","city":"久遠郡せたな町","town":"北檜山区共和"}],"4517":[{"pref":"北海道","city":"久遠郡せたな町","town":"北檜山区太櫓"}],"4518":[{"pref":"北海道","city":"久遠郡せたな町","town":"北檜山区新成"}],"4751":[{"pref":"北海道","city":"久遠郡せたな町","town":"北檜山区栄"}],"4752":[{"pref":"北海道","city":"久遠郡せたな町","town":"北檜山区若松"}],"4753":[{"pref":"北海道","city":"久遠郡せたな町","town":"北檜山区小川"}],"4754":[{"pref":"北海道","city":"久遠郡せたな町","town":"北檜山区二俣"}],"4755":[{"pref":"北海道","city":"久遠郡せたな町","town":"北檜山区富里"}],"4801":[{"pref":"北海道","city":"久遠郡せたな町","town":"瀬棚区本町（１区）"}],"4802":[{"pref":"北海道","city":"久遠郡せたな町","town":"瀬棚区本町（２区）"}],"4803":[{"pref":"北海道","city":"久遠郡せたな町","town":"瀬棚区本町（３区）"}],"4804":[{"pref":"北海道","city":"久遠郡せたな町","town":"瀬棚区本町（４区）"}],"4805":[{"pref":"北海道","city":"久遠郡せたな町","town":"瀬棚区本町（５区）"}],"4811":[{"pref":"北海道","city":"久遠郡せたな町","town":"瀬棚区本町（６区）"}],"4812":[{"pref":"北海道","city":"久遠郡せたな町","town":"瀬棚区本町（７区）"}],"4813":[{"pref":"北海道","city":"久遠郡せたな町","town":"瀬棚区本町（８区）"}],"4814":[{"pref":"北海道","city":"久遠郡せたな町","town":"瀬棚区本町（９区）"}],"4815":[{"pref":"北海道","city":"久遠郡せたな町","town":"瀬棚区本町（１０区）"}],"4816":[{"pref":"北海道","city":"久遠郡せたな町","town":"瀬棚区本町"}],"4821":[{"pref":"北海道","city":"久遠郡せたな町","town":"瀬棚区三本杉"}],"4822":[{"pref":"北海道","city":"久遠郡せたな町","town":"瀬棚区元浦"}],"4823":[{"pref":"北海道","city":"久遠郡せたな町","town":"瀬棚区島歌"}],"4824":[{"pref":"北海道","city":"久遠郡せたな町","town":"瀬棚区北島歌"}],"4825":[{"pref":"北海道","city":"久遠郡せたな町","town":"瀬棚区西大里"}],"4826":[{"pref":"北海道","city":"久遠郡せたな町","town":"瀬棚区東大里"}],"4827":[{"pref":"北海道","city":"久遠郡せたな町","town":"瀬棚区共和"}],"4828":[{"pref":"北海道","city":"久遠郡せたな町","town":"瀬棚区南川"}],"5141":[{"pref":"北海道","city":"山越郡長万部町","town":"静狩（その他）"}],"5331":[{"pref":"北海道","city":"虻田郡豊浦町","town":"豊泉"}],"5332":[{"pref":"北海道","city":"虻田郡豊浦町","town":"大岸"}],"5333":[{"pref":"北海道","city":"虻田郡豊浦町","town":"礼文華"}],"5400":[{"pref":"北海道","city":"虻田郡豊浦町","town":"以下に掲載がない場合"}],"5401":[{"pref":"北海道","city":"虻田郡豊浦町","town":"山梨"}],"5402":[{"pref":"北海道","city":"虻田郡豊浦町","town":"大和"}],"5403":[{"pref":"北海道","city":"虻田郡豊浦町","town":"美和"}],"5404":[{"pref":"北海道","city":"虻田郡豊浦町","town":"桜"}],"5405":[{"pref":"北海道","city":"虻田郡豊浦町","town":"高岡"}],"5406":[{"pref":"北海道","city":"虻田郡豊浦町","town":"新山梨"}],"5407":[{"pref":"北海道","city":"虻田郡豊浦町","town":"上泉"}],"5408":[{"pref":"北海道","city":"虻田郡豊浦町","town":"新富"}],"5411":[{"pref":"北海道","city":"虻田郡豊浦町","town":"東雲町"}],"5412":[{"pref":"北海道","city":"虻田郡豊浦町","town":"旭町"}],"5413":[{"pref":"北海道","city":"虻田郡豊浦町","town":"海岸町"}],"5414":[{"pref":"北海道","city":"虻田郡豊浦町","town":"幸町"}],"5415":[{"pref":"北海道","city":"虻田郡豊浦町","town":"浜町"}],"5416":[{"pref":"北海道","city":"虻田郡豊浦町","town":"船見町"}],"5600":[{"pref":"北海道","city":"虻田郡洞爺湖町","town":"以下に掲載がない場合"}],"5601":[{"pref":"北海道","city":"虻田郡洞爺湖町","town":"青葉町"}],"5602":[{"pref":"北海道","city":"虻田郡洞爺湖町","town":"泉"}],"5603":[{"pref":"北海道","city":"虻田郡洞爺湖町","town":"入江"}],"5604":[{"pref":"北海道","city":"虻田郡洞爺湖町","town":"栄町"}],"5605":[{"pref":"北海道","city":"虻田郡洞爺湖町","town":"高砂町"}],"5611":[{"pref":"北海道","city":"虻田郡洞爺湖町","town":"旭町"}],"5612":[{"pref":"北海道","city":"虻田郡洞爺湖町","town":"大磯町"}],"5613":[{"pref":"北海道","city":"虻田郡洞爺湖町","town":"清水（その他）"}],"5614":[{"pref":"北海道","city":"虻田郡洞爺湖町","town":"浜町"}],"5615":[{"pref":"北海道","city":"虻田郡洞爺湖町","town":"本町"}],"5616":[{"pref":"北海道","city":"虻田郡洞爺湖町","town":"三豊"}],"5721":[{"pref":"北海道","city":"虻田郡洞爺湖町","town":"洞爺湖温泉"}],"5722":[{"pref":"北海道","city":"虻田郡洞爺湖町","town":"清水（３３６番地）"}],"5723":[{"pref":"北海道","city":"虻田郡洞爺湖町","town":"月浦"}],"5724":[{"pref":"北海道","city":"虻田郡洞爺湖町","town":"花和"}],"5731":[{"pref":"北海道","city":"有珠郡壮瞥町","town":"洞爺湖温泉（１～７番地）"}],"5801":[{"pref":"北海道","city":"虻田郡洞爺湖町","town":"旭浦"}],"5802":[{"pref":"北海道","city":"虻田郡洞爺湖町","town":"洞爺町"}],"5811":[{"pref":"北海道","city":"虻田郡洞爺湖町","town":"岩屋"}],"5812":[{"pref":"北海道","city":"虻田郡洞爺湖町","town":"川東"}],"5813":[{"pref":"北海道","city":"虻田郡洞爺湖町","town":"財田"}],"5814":[{"pref":"北海道","city":"虻田郡洞爺湖町","town":"早月"}],"5821":[{"pref":"北海道","city":"虻田郡洞爺湖町","town":"大原"}],"5822":[{"pref":"北海道","city":"虻田郡洞爺湖町","town":"富丘"}],"5831":[{"pref":"北海道","city":"虻田郡洞爺湖町","town":"香川"}],"5832":[{"pref":"北海道","city":"虻田郡洞爺湖町","town":"成香"}],"5833":[{"pref":"北海道","city":"虻田郡洞爺湖町","town":"伏見"}],"0100":[{"pref":"北海道","city":"北斗市","town":"以下に掲載がない場合"}],"0161":[{"pref":"北海道","city":"北斗市","town":"飯生"}],"0101":[{"pref":"北海道","city":"北斗市","town":"追分"}],"0152":[{"pref":"北海道","city":"北斗市","town":"押上"}],"0136":[{"pref":"北海道","city":"北斗市","town":"峨朗"}],"0157":[{"pref":"北海道","city":"北斗市","town":"清川"}],"0121":[{"pref":"北海道","city":"北斗市","town":"久根別"}],"0143":[{"pref":"北海道","city":"北斗市","town":"公園通"}],"0151":[{"pref":"北海道","city":"北斗市","town":"桜岱"}],"0142":[{"pref":"北海道","city":"北斗市","town":"昭和"}],"0154":[{"pref":"北海道","city":"北斗市","town":"添山"}],"0153":[{"pref":"北海道","city":"北斗市","town":"大工川"}],"0132":[{"pref":"北海道","city":"北斗市","town":"館野"}],"0141":[{"pref":"北海道","city":"北斗市","town":"谷好"}],"0162":[{"pref":"北海道","city":"北斗市","town":"中央"}],"0282":[{"pref":"北海道","city":"北斗市","town":"当別"}],"0171":[{"pref":"北海道","city":"北斗市","town":"常盤"}],"0131":[{"pref":"北海道","city":"北斗市","town":"富川"}],"0155":[{"pref":"北海道","city":"北斗市","town":"中野"}],"0156":[{"pref":"北海道","city":"北斗市","town":"中野通"}],"0111":[{"pref":"北海道","city":"北斗市","town":"七重浜"}],"0158":[{"pref":"北海道","city":"北斗市","town":"野崎"}],"0122":[{"pref":"北海道","city":"北斗市","town":"東浜"}],"0135":[{"pref":"北海道","city":"北斗市","town":"水無"}],"0283":[{"pref":"北海道","city":"北斗市","town":"三ツ石"}],"0134":[{"pref":"北海道","city":"北斗市","town":"三好"}],"0281":[{"pref":"北海道","city":"北斗市","town":"茂辺地"}],"0285":[{"pref":"北海道","city":"北斗市","town":"茂辺地市ノ渡"}],"0133":[{"pref":"北海道","city":"北斗市","town":"柳沢"}],"0286":[{"pref":"北海道","city":"北斗市","town":"矢不来"}],"0284":[{"pref":"北海道","city":"北斗市","town":"湯ノ沢"}],"0400":[{"pref":"北海道","city":"上磯郡木古内町","town":"以下に掲載がない場合"}],"0405":[{"pref":"北海道","city":"上磯郡木古内町","town":"泉沢"}],"0454":[{"pref":"北海道","city":"上磯郡木古内町","town":"瓜谷"}],"0401":[{"pref":"北海道","city":"上磯郡木古内町","town":"大釜谷"}],"0453":[{"pref":"北海道","city":"上磯郡木古内町","town":"大川"}],"0412":[{"pref":"北海道","city":"上磯郡木古内町","town":"大平"}],"0402":[{"pref":"北海道","city":"上磯郡木古内町","town":"御宮野"}],"0403":[{"pref":"北海道","city":"上磯郡木古内町","town":"釜谷"}],"0404":[{"pref":"北海道","city":"上磯郡木古内町","town":"亀川"}],"0431":[{"pref":"北海道","city":"上磯郡木古内町","town":"木古内"}],"0408":[{"pref":"北海道","city":"上磯郡木古内町","town":"幸連"}],"0411":[{"pref":"北海道","city":"上磯郡木古内町","town":"札苅"}],"0451":[{"pref":"北海道","city":"上磯郡木古内町","town":"新道"}],"0452":[{"pref":"北海道","city":"上磯郡木古内町","town":"建川"}],"0455":[{"pref":"北海道","city":"上磯郡木古内町","town":"鶴岡"}],"0441":[{"pref":"北海道","city":"上磯郡木古内町","town":"中野"}],"0406":[{"pref":"北海道","city":"上磯郡木古内町","town":"二乃岱"}],"0407":[{"pref":"北海道","city":"上磯郡木古内町","town":"橋呉"}],"0422":[{"pref":"北海道","city":"上磯郡木古内町","town":"本町"}],"0421":[{"pref":"北海道","city":"上磯郡木古内町","town":"前浜"}],"0600":[{"pref":"北海道","city":"檜山郡上ノ国町","town":"以下に掲載がない場合"}],"0741":[{"pref":"北海道","city":"檜山郡上ノ国町","town":"石崎"}],"0621":[{"pref":"北海道","city":"檜山郡上ノ国町","town":"内郷"}],"0607":[{"pref":"北海道","city":"檜山郡上ノ国町","town":"扇石"}],"0604":[{"pref":"北海道","city":"檜山郡上ノ国町","town":"大安在"}],"0603":[{"pref":"北海道","city":"檜山郡上ノ国町","town":"大崎"}],"0611":[{"pref":"北海道","city":"檜山郡上ノ国町","town":"大留"}],"0601":[{"pref":"北海道","city":"檜山郡上ノ国町","town":"勝山"}],"0626":[{"pref":"北海道","city":"檜山郡上ノ国町","town":"桂岡"}],"0612":[{"pref":"北海道","city":"檜山郡上ノ国町","town":"上ノ国"}],"0622":[{"pref":"北海道","city":"檜山郡上ノ国町","town":"北村"}],"0606":[{"pref":"北海道","city":"檜山郡上ノ国町","town":"木ノ子"}],"0605":[{"pref":"北海道","city":"檜山郡上ノ国町","town":"小安在"}],"0627":[{"pref":"北海道","city":"檜山郡上ノ国町","town":"小森"}],"0608":[{"pref":"北海道","city":"檜山郡上ノ国町","town":"汐吹"}],"0623":[{"pref":"北海道","city":"檜山郡上ノ国町","town":"新村"}],"0561":[{"pref":"北海道","city":"檜山郡上ノ国町","town":"神明"}],"0742":[{"pref":"北海道","city":"檜山郡上ノ国町","town":"館野"}],"0743":[{"pref":"北海道","city":"檜山郡上ノ国町","town":"小砂子"}],"0625":[{"pref":"北海道","city":"檜山郡上ノ国町","town":"豊田"}],"0624":[{"pref":"北海道","city":"檜山郡上ノ国町","town":"中須田"}],"0744":[{"pref":"北海道","city":"檜山郡上ノ国町","town":"早川"}],"0564":[{"pref":"北海道","city":"檜山郡上ノ国町","town":"早瀬"}],"0602":[{"pref":"北海道","city":"檜山郡上ノ国町","town":"原歌"}],"0563":[{"pref":"北海道","city":"檜山郡上ノ国町","town":"宮越"}],"0613":[{"pref":"北海道","city":"檜山郡上ノ国町","town":"向浜"}],"0562":[{"pref":"北海道","city":"檜山郡上ノ国町","town":"湯ノ岱"}]}