{"0000":[{"pref":"宮崎県","city":"児湯郡高鍋町","town":"以下に掲載がない場合"}],"0006":[{"pref":"宮崎県","city":"児湯郡高鍋町","town":"上江"}],"0004":[{"pref":"宮崎県","city":"児湯郡高鍋町","town":"蚊口浦"}],"0002":[{"pref":"宮崎県","city":"児湯郡高鍋町","town":"北高鍋"}],"0001":[{"pref":"宮崎県","city":"児湯郡高鍋町","town":"高鍋町"}],"0003":[{"pref":"宮崎県","city":"児湯郡高鍋町","town":"南高鍋"}],"0005":[{"pref":"宮崎県","city":"児湯郡高鍋町","town":"持田"}],"0100":[{"pref":"宮崎県","city":"児湯郡木城町","town":"以下に掲載がない場合"}],"0104":[{"pref":"宮崎県","city":"児湯郡木城町","town":"石河内"}],"0103":[{"pref":"宮崎県","city":"児湯郡木城町","town":"川原"}],"0102":[{"pref":"宮崎県","city":"児湯郡木城町","town":"椎木"}],"0101":[{"pref":"宮崎県","city":"児湯郡木城町","town":"高城"}],"0105":[{"pref":"宮崎県","city":"児湯郡木城町","town":"中之又"}]}