{"1100":[{"pref":"北海道","city":"檜山郡厚沢部町","town":"以下に掲載がない場合"}],"1101":[{"pref":"北海道","city":"檜山郡厚沢部町","town":"清水"}],"1102":[{"pref":"北海道","city":"檜山郡厚沢部町","town":"稲見"}],"1103":[{"pref":"北海道","city":"檜山郡厚沢部町","town":"滝野"}],"1104":[{"pref":"北海道","city":"檜山郡厚沢部町","town":"上里"}],"1111":[{"pref":"北海道","city":"檜山郡厚沢部町","town":"赤沼町"}],"1112":[{"pref":"北海道","city":"檜山郡厚沢部町","town":"緑町"}],"1113":[{"pref":"北海道","city":"檜山郡厚沢部町","town":"新町"}],"1114":[{"pref":"北海道","city":"檜山郡厚沢部町","town":"本町"}],"1115":[{"pref":"北海道","city":"檜山郡厚沢部町","town":"松園町"}],"1116":[{"pref":"北海道","city":"檜山郡厚沢部町","town":"上の山"}],"1117":[{"pref":"北海道","city":"檜山郡厚沢部町","town":"美和"}],"1118":[{"pref":"北海道","city":"檜山郡厚沢部町","town":"富栄"}],"1231":[{"pref":"北海道","city":"檜山郡厚沢部町","town":"共和"}],"1232":[{"pref":"北海道","city":"檜山郡厚沢部町","town":"相生"}],"1233":[{"pref":"北海道","city":"檜山郡厚沢部町","town":"旭丘"}],"1234":[{"pref":"北海道","city":"檜山郡厚沢部町","town":"木間内"}],"1235":[{"pref":"北海道","city":"檜山郡厚沢部町","town":"峠下"}],"1236":[{"pref":"北海道","city":"檜山郡厚沢部町","town":"社の山（その他）"}],"1237":[{"pref":"北海道","city":"檜山郡厚沢部町","town":"鶉町"}],"1238":[{"pref":"北海道","city":"檜山郡厚沢部町","town":"鶉"}],"1351":[{"pref":"北海道","city":"檜山郡厚沢部町","town":"館町"}],"1361":[{"pref":"北海道","city":"檜山郡厚沢部町","town":"社の山（中の沢）"}],"1362":[{"pref":"北海道","city":"檜山郡厚沢部町","town":"須賀"}],"1363":[{"pref":"北海道","city":"檜山郡厚沢部町","town":"富里"}],"1364":[{"pref":"北海道","city":"檜山郡厚沢部町","town":"城丘"}],"1365":[{"pref":"北海道","city":"檜山郡厚沢部町","town":"南館町"}],"1366":[{"pref":"北海道","city":"檜山郡厚沢部町","town":"当路"}],"1367":[{"pref":"北海道","city":"檜山郡厚沢部町","town":"新栄"}],"1368":[{"pref":"北海道","city":"檜山郡厚沢部町","town":"中館"}],"1400":[{"pref":"北海道","city":"奥尻郡奥尻町","town":"以下に掲載がない場合"}],"1401":[{"pref":"北海道","city":"奥尻郡奥尻町","town":"奥尻"}],"1402":[{"pref":"北海道","city":"奥尻郡奥尻町","town":"赤石"}],"1403":[{"pref":"北海道","city":"奥尻郡奥尻町","town":"球浦"}],"1404":[{"pref":"北海道","city":"奥尻郡奥尻町","town":"宮津"}],"1405":[{"pref":"北海道","city":"奥尻郡奥尻町","town":"稲穂"}],"1406":[{"pref":"北海道","city":"奥尻郡奥尻町","town":"湯浜（その他）"}],"1521":[{"pref":"北海道","city":"奥尻郡奥尻町","town":"青苗"}],"1522":[{"pref":"北海道","city":"奥尻郡奥尻町","town":"富里"}],"1523":[{"pref":"北海道","city":"奥尻郡奥尻町","town":"松江"}],"1524":[{"pref":"北海道","city":"奥尻郡奥尻町","town":"米岡"}],"1525":[{"pref":"北海道","city":"奥尻郡奥尻町","town":"湯浜（神威脇、幌内）"}],"0332":[{"pref":"北海道","city":"二海郡八雲町","town":"熊石相沼町"}],"0402":[{"pref":"北海道","city":"二海郡八雲町","town":"熊石鮎川町"}],"0416":[{"pref":"北海道","city":"二海郡八雲町","town":"熊石雲石町"}],"0405":[{"pref":"北海道","city":"二海郡八雲町","town":"熊石大谷町"}],"0331":[{"pref":"北海道","city":"二海郡八雲町","town":"熊石折戸町"}],"0335":[{"pref":"北海道","city":"二海郡八雲町","town":"熊石黒岩町"}],"0401":[{"pref":"北海道","city":"二海郡八雲町","town":"熊石見日町"}],"0418":[{"pref":"北海道","city":"二海郡八雲町","town":"熊石関内町"}],"0403":[{"pref":"北海道","city":"二海郡八雲町","town":"熊石平町"}],"0404":[{"pref":"北海道","city":"二海郡八雲町","town":"熊石畳岩町"}],"0333":[{"pref":"北海道","city":"二海郡八雲町","town":"熊石館平町"}],"0334":[{"pref":"北海道","city":"二海郡八雲町","town":"熊石泊川町"}],"0417":[{"pref":"北海道","city":"二海郡八雲町","town":"熊石鳴神町"}],"0419":[{"pref":"北海道","city":"二海郡八雲町","town":"熊石西浜町"}],"0415":[{"pref":"北海道","city":"二海郡八雲町","town":"熊石根崎町"}],"0000":[{"pref":"北海道","city":"檜山郡江差町","town":"以下に掲載がない場合"}],"0013":[{"pref":"北海道","city":"檜山郡江差町","town":"朝日町"}],"0031":[{"pref":"北海道","city":"檜山郡江差町","town":"愛宕町"}],"0042":[{"pref":"北海道","city":"檜山郡江差町","town":"上野町"}],"0012":[{"pref":"北海道","city":"檜山郡江差町","town":"鰔川町"}],"0041":[{"pref":"北海道","city":"檜山郡江差町","town":"姥神町"}],"0046":[{"pref":"北海道","city":"檜山郡江差町","town":"江差港北埠頭"}],"0016":[{"pref":"北海道","city":"檜山郡江差町","town":"越前町"}],"0026":[{"pref":"北海道","city":"檜山郡江差町","town":"大澗町"}],"0014":[{"pref":"北海道","city":"檜山郡江差町","town":"小黒部町"}],"0024":[{"pref":"北海道","city":"檜山郡江差町","town":"尾山町"}],"0057":[{"pref":"北海道","city":"檜山郡江差町","town":"海岸町"}],"0064":[{"pref":"北海道","city":"檜山郡江差町","town":"柏町"}],"0045":[{"pref":"北海道","city":"檜山郡江差町","town":"鴎島"}],"0011":[{"pref":"北海道","city":"檜山郡江差町","town":"五厘沢町"}],"0032":[{"pref":"北海道","city":"檜山郡江差町","town":"新栄町"}],"0053":[{"pref":"北海道","city":"檜山郡江差町","town":"新地町"}],"0056":[{"pref":"北海道","city":"檜山郡江差町","town":"陣屋町"}],"0065":[{"pref":"北海道","city":"檜山郡江差町","town":"砂川"}],"0023":[{"pref":"北海道","city":"檜山郡江差町","town":"田沢町"}],"0051":[{"pref":"北海道","city":"檜山郡江差町","town":"津花町"}],"0066":[{"pref":"北海道","city":"檜山郡江差町","town":"とど川町"}],"0025":[{"pref":"北海道","city":"檜山郡江差町","town":"泊町"}],"0033":[{"pref":"北海道","city":"檜山郡江差町","town":"豊川町"}],"0015":[{"pref":"北海道","city":"檜山郡江差町","town":"中網町"}],"0034":[{"pref":"北海道","city":"檜山郡江差町","town":"中歌町"}],"0062":[{"pref":"北海道","city":"檜山郡江差町","town":"萩の岱"}],"0044":[{"pref":"北海道","city":"檜山郡江差町","town":"橋本町"}],"0036":[{"pref":"北海道","city":"檜山郡江差町","town":"東山"}],"0035":[{"pref":"北海道","city":"檜山郡江差町","town":"桧岱"}],"0022":[{"pref":"北海道","city":"檜山郡江差町","town":"伏木戸町"}],"0043":[{"pref":"北海道","city":"檜山郡江差町","town":"本町"}],"0055":[{"pref":"北海道","city":"檜山郡江差町","town":"円山"}],"0017":[{"pref":"北海道","city":"檜山郡江差町","town":"水堀町"}],"0054":[{"pref":"北海道","city":"檜山郡江差町","town":"緑丘"}],"0061":[{"pref":"北海道","city":"檜山郡江差町","town":"南が丘"}],"0063":[{"pref":"北海道","city":"檜山郡江差町","town":"南浜町"}],"0052":[{"pref":"北海道","city":"檜山郡江差町","town":"茂尻町"}],"0021":[{"pref":"北海道","city":"檜山郡江差町","town":"柳崎町"}],"0100":[{"pref":"北海道","city":"爾志郡乙部町","town":"以下に掲載がない場合"}],"0116":[{"pref":"北海道","city":"爾志郡乙部町","town":"旭岱"}],"0114":[{"pref":"北海道","city":"爾志郡乙部町","town":"元和"}],"0112":[{"pref":"北海道","city":"爾志郡乙部町","town":"栄野"}],"0113":[{"pref":"北海道","city":"爾志郡乙部町","town":"栄浜"}],"0233":[{"pref":"北海道","city":"爾志郡乙部町","town":"潮見"}],"0101":[{"pref":"北海道","city":"爾志郡乙部町","town":"滝瀬"}],"0104":[{"pref":"北海道","city":"爾志郡乙部町","town":"館浦"}],"0115":[{"pref":"北海道","city":"爾志郡乙部町","town":"富岡"}],"0231":[{"pref":"北海道","city":"爾志郡乙部町","town":"豊浜"}],"0111":[{"pref":"北海道","city":"爾志郡乙部町","town":"鳥山"}],"0232":[{"pref":"北海道","city":"爾志郡乙部町","town":"花磯"}],"0117":[{"pref":"北海道","city":"爾志郡乙部町","town":"姫川"}],"0234":[{"pref":"北海道","city":"爾志郡乙部町","town":"三ツ谷"}],"0103":[{"pref":"北海道","city":"爾志郡乙部町","town":"緑町"}],"0102":[{"pref":"北海道","city":"爾志郡乙部町","town":"元町"}],"0501":[{"pref":"北海道","city":"久遠郡せたな町","town":"大成区太田"}],"0515":[{"pref":"北海道","city":"久遠郡せたな町","town":"大成区貝取澗"}],"0503":[{"pref":"北海道","city":"久遠郡せたな町","town":"大成区上浦"}],"0511":[{"pref":"北海道","city":"久遠郡せたな町","town":"大成区久遠"}],"0502":[{"pref":"北海道","city":"久遠郡せたな町","town":"大成区富磯"}],"0421":[{"pref":"北海道","city":"久遠郡せたな町","town":"大成区長磯"}],"0512":[{"pref":"北海道","city":"久遠郡せたな町","town":"大成区花歌"}],"0514":[{"pref":"北海道","city":"久遠郡せたな町","town":"大成区平浜"}],"0505":[{"pref":"北海道","city":"久遠郡せたな町","town":"大成区本陣"}],"0504":[{"pref":"北海道","city":"久遠郡せたな町","town":"大成区都"}],"0513":[{"pref":"北海道","city":"久遠郡せたな町","town":"大成区宮野"}]}