{"0083":[{"pref":"東京都","city":"世田谷区","town":"奥沢"}],"0086":[{"pref":"東京都","city":"世田谷区","town":"尾山台"}],"0093":[{"pref":"東京都","city":"世田谷区","town":"上野毛"}],"0098":[{"pref":"東京都","city":"世田谷区","town":"上用賀"}],"0095":[{"pref":"東京都","city":"世田谷区","town":"瀬田"}],"0094":[{"pref":"東京都","city":"世田谷区","town":"玉川"}],"0096":[{"pref":"東京都","city":"世田谷区","town":"玉川台"}],"0085":[{"pref":"東京都","city":"世田谷区","town":"玉川田園調布"}],"0087":[{"pref":"東京都","city":"世田谷区","town":"玉堤"}],"0082":[{"pref":"東京都","city":"世田谷区","town":"等々力"}],"0091":[{"pref":"東京都","city":"世田谷区","town":"中町"}],"0092":[{"pref":"東京都","city":"世田谷区","town":"野毛"}],"0084":[{"pref":"東京都","city":"世田谷区","town":"東玉川"}],"0081":[{"pref":"東京都","city":"世田谷区","town":"深沢"}],"0097":[{"pref":"東京都","city":"世田谷区","town":"用賀"}]}