{"2641":[{"pref":"愛媛県","city":"松山市","town":"柳谷町"}],"2642":[{"pref":"愛媛県","city":"松山市","town":"恩地町"}],"2643":[{"pref":"愛媛県","city":"松山市","town":"梅木町"}],"2644":[{"pref":"愛媛県","city":"松山市","town":"上総町"}],"2645":[{"pref":"愛媛県","city":"松山市","town":"小屋町"}],"2646":[{"pref":"愛媛県","city":"松山市","town":"神次郎町"}],"2647":[{"pref":"愛媛県","city":"松山市","town":"城山町"}],"2648":[{"pref":"愛媛県","city":"松山市","town":"菅沢町"}],"0064":[{"pref":"愛媛県","city":"松山市","town":"愛光町"}],"0876":[{"pref":"愛媛県","city":"松山市","town":"旭町"}],"0952":[{"pref":"愛媛県","city":"松山市","town":"朝生田町"}],"0951":[{"pref":"愛媛県","city":"松山市","town":"天山"},{"pref":"愛媛県","city":"松山市","town":"天山町"}],"0934":[{"pref":"愛媛県","city":"松山市","town":"居相"}],"0051":[{"pref":"愛媛県","city":"松山市","town":"生石町"}],"0852":[{"pref":"愛媛県","city":"松山市","town":"石手"}],"0902":[{"pref":"愛媛県","city":"松山市","town":"石手白石"}],"0025":[{"pref":"愛媛県","city":"松山市","town":"泉町"}],"0941":[{"pref":"愛媛県","city":"松山市","town":"和泉南"}],"0038":[{"pref":"愛媛県","city":"松山市","town":"和泉北"}],"0948":[{"pref":"愛媛県","city":"松山市","town":"市坪西町"}],"0947":[{"pref":"愛媛県","city":"松山市","town":"市坪南"}],"0946":[{"pref":"愛媛県","city":"松山市","town":"市坪北"}],"0001":[{"pref":"愛媛県","city":"松山市","town":"一番町"}],"0833":[{"pref":"愛媛県","city":"松山市","town":"祝谷"}],"0835":[{"pref":"愛媛県","city":"松山市","town":"祝谷東町"}],"0832":[{"pref":"愛媛県","city":"松山市","town":"祝谷西町"}],"0834":[{"pref":"愛媛県","city":"松山市","town":"祝谷町"}],"0854":[{"pref":"愛媛県","city":"松山市","town":"岩崎町"}],"0022":[{"pref":"愛媛県","city":"松山市","town":"永代町"}],"0962":[{"pref":"愛媛県","city":"松山市","town":"枝松"}],"0004":[{"pref":"愛媛県","city":"松山市","town":"大街道"}],"0067":[{"pref":"愛媛県","city":"松山市","town":"大手町"}],"0036":[{"pref":"愛媛県","city":"松山市","town":"小栗"}],"0037":[{"pref":"愛媛県","city":"松山市","town":"小栗町"}],"0933":[{"pref":"愛媛県","city":"松山市","town":"越智"}],"0024":[{"pref":"愛媛県","city":"松山市","town":"春日町"}],"0801":[{"pref":"愛媛県","city":"松山市","town":"歩行町"}],"0878":[{"pref":"愛媛県","city":"松山市","town":"勝山町"}],"0853":[{"pref":"愛媛県","city":"松山市","town":"上市"}],"0813":[{"pref":"愛媛県","city":"松山市","town":"萱町"}],"0013":[{"pref":"愛媛県","city":"松山市","town":"河原町"}],"0965":[{"pref":"愛媛県","city":"松山市","town":"祇園町"}],"0923":[{"pref":"愛媛県","city":"松山市","town":"北久米町"}],"0867":[{"pref":"愛媛県","city":"松山市","town":"北立花町"}],"0033":[{"pref":"愛媛県","city":"松山市","town":"北藤原町"}],"0873":[{"pref":"愛媛県","city":"松山市","town":"北持田町"}],"0821":[{"pref":"愛媛県","city":"松山市","town":"木屋町"}],"0802":[{"pref":"愛媛県","city":"松山市","town":"喜与町"}],"0054":[{"pref":"愛媛県","city":"松山市","town":"空港通（１、２丁目）"}],"0911":[{"pref":"愛媛県","city":"松山市","town":"桑原"}],"0963":[{"pref":"愛媛県","city":"松山市","town":"小坂"}],"0863":[{"pref":"愛媛県","city":"松山市","town":"此花町"}],"0838":[{"pref":"愛媛県","city":"松山市","town":"桜谷町"}],"0914":[{"pref":"愛媛県","city":"松山市","town":"三町"}],"0003":[{"pref":"愛媛県","city":"松山市","town":"三番町"}],"0803":[{"pref":"愛媛県","city":"松山市","town":"東雲町"}],"0823":[{"pref":"愛媛県","city":"松山市","town":"清水町"}],"0904":[{"pref":"愛媛県","city":"松山市","town":"正円寺"}],"0851":[{"pref":"愛媛県","city":"松山市","town":"常光寺町"}],"0872":[{"pref":"愛媛県","city":"松山市","town":"昭和町"}],"0901":[{"pref":"愛媛県","city":"松山市","town":"新石手"}],"0865":[{"pref":"愛媛県","city":"松山市","town":"新立町"}],"0023":[{"pref":"愛媛県","city":"松山市","town":"末広町"}],"0822":[{"pref":"愛媛県","city":"松山市","town":"高砂町"}],"0925":[{"pref":"愛媛県","city":"松山市","town":"鷹子町"}],"0967":[{"pref":"愛媛県","city":"松山市","town":"拓川町"}],"0053":[{"pref":"愛媛県","city":"松山市","town":"竹原"}],"0052":[{"pref":"愛媛県","city":"松山市","town":"竹原町"}],"0966":[{"pref":"愛媛県","city":"松山市","town":"立花"}],"0905":[{"pref":"愛媛県","city":"松山市","town":"樽味"}],"0011":[{"pref":"愛媛県","city":"松山市","town":"千舟町"}],"0916":[{"pref":"愛媛県","city":"松山市","town":"束本"}],"0864":[{"pref":"愛媛県","city":"松山市","town":"築山町"}],"0063":[{"pref":"愛媛県","city":"松山市","town":"辻町"}],"0048":[{"pref":"愛媛県","city":"松山市","town":"出合"}],"0827":[{"pref":"愛媛県","city":"松山市","town":"鉄砲町"}],"0056":[{"pref":"愛媛県","city":"松山市","town":"土居田町"}],"0844":[{"pref":"愛媛県","city":"松山市","town":"道後一万"}],"0845":[{"pref":"愛媛県","city":"松山市","town":"道後今市"}],"0846":[{"pref":"愛媛県","city":"松山市","town":"道後北代"}],"0848":[{"pref":"愛媛県","city":"松山市","town":"道後喜多町"}],"0857":[{"pref":"愛媛県","city":"松山市","town":"道後公園"}],"0836":[{"pref":"愛媛県","city":"松山市","town":"道後鷺谷町"}],"0841":[{"pref":"愛媛県","city":"松山市","town":"道後多幸町"}],"0825":[{"pref":"愛媛県","city":"松山市","town":"道後樋又"}],"0858":[{"pref":"愛媛県","city":"松山市","town":"道後姫塚"}],"0847":[{"pref":"愛媛県","city":"松山市","town":"道後緑台"}],"0837":[{"pref":"愛媛県","city":"松山市","town":"道後湯月町"}],"0842":[{"pref":"愛媛県","city":"松山市","town":"道後湯之町"}],"0843":[{"pref":"愛媛県","city":"松山市","town":"道後町（１、２丁目）"}],"0032":[{"pref":"愛媛県","city":"松山市","town":"土橋町"}],"0804":[{"pref":"愛媛県","city":"松山市","town":"中一万町"}],"0964":[{"pref":"愛媛県","city":"松山市","town":"中村"}],"0866":[{"pref":"愛媛県","city":"松山市","town":"永木町"}],"0931":[{"pref":"愛媛県","city":"松山市","town":"西石井"}],"0805":[{"pref":"愛媛県","city":"松山市","town":"西一万町"}],"0877":[{"pref":"愛媛県","city":"松山市","town":"錦町"}],"0002":[{"pref":"愛媛県","city":"松山市","town":"二番町"}],"0913":[{"pref":"愛媛県","city":"松山市","town":"畑寺"}],"0912":[{"pref":"愛媛県","city":"松山市","town":"畑寺町"}],"0005":[{"pref":"愛媛県","city":"松山市","town":"花園町"}],"0055":[{"pref":"愛媛県","city":"松山市","town":"針田町"}],"0932":[{"pref":"愛媛県","city":"松山市","town":"東石井"}],"0871":[{"pref":"愛媛県","city":"松山市","town":"東一万町"}],"0903":[{"pref":"愛媛県","city":"松山市","town":"東野"}],"0961":[{"pref":"愛媛県","city":"松山市","town":"日の出町"}],"0921":[{"pref":"愛媛県","city":"松山市","town":"福音寺町"}],"0035":[{"pref":"愛媛県","city":"松山市","town":"藤原"}],"0034":[{"pref":"愛媛県","city":"松山市","town":"藤原町"}],"0945":[{"pref":"愛媛県","city":"松山市","town":"古川町"}],"0944":[{"pref":"愛媛県","city":"松山市","town":"古川西"}],"0943":[{"pref":"愛媛県","city":"松山市","town":"古川南"}],"0942":[{"pref":"愛媛県","city":"松山市","town":"古川北"}],"0826":[{"pref":"愛媛県","city":"松山市","town":"文京町"}],"0807":[{"pref":"愛媛県","city":"松山市","town":"平和通"}],"0041":[{"pref":"愛媛県","city":"松山市","town":"保免上"}],"0042":[{"pref":"愛媛県","city":"松山市","town":"保免中"}],"0043":[{"pref":"愛媛県","city":"松山市","town":"保免西"}],"0922":[{"pref":"愛媛県","city":"松山市","town":"星岡"},{"pref":"愛媛県","city":"松山市","town":"星岡町"}],"0007":[{"pref":"愛媛県","city":"松山市","town":"堀之内"}],"0811":[{"pref":"愛媛県","city":"松山市","town":"本町"}],"0812":[{"pref":"愛媛県","city":"松山市","town":"松前町"}],"0021":[{"pref":"愛媛県","city":"松山市","town":"真砂町"}],"0915":[{"pref":"愛媛県","city":"松山市","town":"松末"}],"0008":[{"pref":"愛媛県","city":"松山市","town":"丸之内"}],"0814":[{"pref":"愛媛県","city":"松山市","town":"味酒町"}],"0875":[{"pref":"愛媛県","city":"松山市","town":"御宝町"}],"0806":[{"pref":"愛媛県","city":"松山市","town":"緑町"}],"0012":[{"pref":"愛媛県","city":"松山市","town":"湊町"}],"0062":[{"pref":"愛媛県","city":"松山市","town":"南江戸"}],"0061":[{"pref":"愛媛県","city":"松山市","town":"南江戸町"}],"0924":[{"pref":"愛媛県","city":"松山市","town":"南久米町"}],"0006":[{"pref":"愛媛県","city":"松山市","town":"南堀端町"}],"0856":[{"pref":"愛媛県","city":"松山市","town":"南町"}],"0874":[{"pref":"愛媛県","city":"松山市","town":"南持田町"}],"0066":[{"pref":"愛媛県","city":"松山市","town":"宮田町"}],"0065":[{"pref":"愛媛県","city":"松山市","town":"宮西"}],"0824":[{"pref":"愛媛県","city":"松山市","town":"御幸"}],"0026":[{"pref":"愛媛県","city":"松山市","town":"室町"}],"0855":[{"pref":"愛媛県","city":"松山市","town":"持田町"}],"0861":[{"pref":"愛媛県","city":"松山市","town":"紅葉町"}],"0014":[{"pref":"愛媛県","city":"松山市","town":"柳井町"}],"0831":[{"pref":"愛媛県","city":"松山市","town":"山田町"}],"0031":[{"pref":"愛媛県","city":"松山市","town":"雄郡"}],"0862":[{"pref":"愛媛県","city":"松山市","town":"湯渡町"}],"0045":[{"pref":"愛媛県","city":"松山市","town":"余戸中"}],"0044":[{"pref":"愛媛県","city":"松山市","town":"余戸東"}],"0046":[{"pref":"愛媛県","city":"松山市","town":"余戸西"}],"0047":[{"pref":"愛媛県","city":"松山市","town":"余戸南"}],"0808":[{"pref":"愛媛県","city":"松山市","town":"若草町"}]}