{"0000":[{"pref":"東京都","city":"八王子市","town":"以下に掲載がない場合"}],"0043":[{"pref":"東京都","city":"八王子市","town":"暁町"}],"0083":[{"pref":"東京都","city":"八王子市","town":"旭町"}],"0082":[{"pref":"東京都","city":"八王子市","town":"東町"}],"0032":[{"pref":"東京都","city":"八王子市","town":"石川町"}],"0902":[{"pref":"東京都","city":"八王子市","town":"上野町"}],"0911":[{"pref":"東京都","city":"八王子市","town":"打越町"}],"0024":[{"pref":"東京都","city":"八王子市","town":"宇津木町"}],"0915":[{"pref":"東京都","city":"八王子市","town":"宇津貫町"}],"0013":[{"pref":"東京都","city":"八王子市","town":"梅坪町"}],"0056":[{"pref":"東京都","city":"八王子市","town":"追分町"}],"0352":[{"pref":"東京都","city":"八王子市","town":"大塚"}],"0034":[{"pref":"東京都","city":"八王子市","town":"大谷町"}],"0062":[{"pref":"東京都","city":"八王子市","town":"大横町"}],"0045":[{"pref":"東京都","city":"八王子市","town":"大和田町"}],"0054":[{"pref":"東京都","city":"八王子市","town":"小門町"}],"0025":[{"pref":"東京都","city":"八王子市","town":"尾崎町"}],"0155":[{"pref":"東京都","city":"八王子市","town":"小津町"}],"0353":[{"pref":"東京都","city":"八王子市","town":"鹿島"}],"0004":[{"pref":"東京都","city":"八王子市","town":"加住町"}],"0914":[{"pref":"東京都","city":"八王子市","town":"片倉町"}],"0156":[{"pref":"東京都","city":"八王子市","town":"上恩方町"}],"0151":[{"pref":"東京都","city":"八王子市","town":"上川町"}],"0373":[{"pref":"東京都","city":"八王子市","town":"上柚木"}],"0913":[{"pref":"東京都","city":"八王子市","town":"北野台"}],"0906":[{"pref":"東京都","city":"八王子市","town":"北野町"}],"0912":[{"pref":"東京都","city":"八王子市","town":"絹ケ丘"}],"0023":[{"pref":"東京都","city":"八王子市","town":"久保山町"}],"0361":[{"pref":"東京都","city":"八王子市","town":"越野"}],"0031":[{"pref":"東京都","city":"八王子市","town":"小宮町"}],"0904":[{"pref":"東京都","city":"八王子市","town":"子安町"}],"0012":[{"pref":"東京都","city":"八王子市","town":"左入町"}],"0154":[{"pref":"東京都","city":"八王子市","town":"下恩方町"}],"0372":[{"pref":"東京都","city":"八王子市","town":"下柚木"}],"0065":[{"pref":"東京都","city":"八王子市","town":"新町"}],"0022":[{"pref":"東京都","city":"八王子市","town":"平町"}],"0033":[{"pref":"東京都","city":"八王子市","town":"高倉町"}],"0002":[{"pref":"東京都","city":"八王子市","town":"高月町"}],"0011":[{"pref":"東京都","city":"八王子市","town":"滝山町"}],"0064":[{"pref":"東京都","city":"八王子市","town":"田町"}],"0003":[{"pref":"東京都","city":"八王子市","town":"丹木町"}],"0073":[{"pref":"東京都","city":"八王子市","town":"寺町"}],"0074":[{"pref":"東京都","city":"八王子市","town":"天神町"}],"0001":[{"pref":"東京都","city":"八王子市","town":"戸吹町"}],"0085":[{"pref":"東京都","city":"八王子市","town":"中町"}],"0041":[{"pref":"東京都","city":"八王子市","town":"中野上町"}],"0042":[{"pref":"東京都","city":"八王子市","town":"中野山王"}],"0015":[{"pref":"東京都","city":"八王子市","town":"中野町"}],"0374":[{"pref":"東京都","city":"八王子市","town":"中山"}],"0907":[{"pref":"東京都","city":"八王子市","town":"長沼町"}],"0919":[{"pref":"東京都","city":"八王子市","town":"七国"}],"0371":[{"pref":"東京都","city":"八王子市","town":"南陽台"}],"0917":[{"pref":"東京都","city":"八王子市","town":"西片倉"}],"0153":[{"pref":"東京都","city":"八王子市","town":"西寺方町"}],"0053":[{"pref":"東京都","city":"八王子市","town":"八幡町"}],"0351":[{"pref":"東京都","city":"八王子市","town":"東中野"}],"0918":[{"pref":"東京都","city":"八王子市","town":"兵衛"}],"0061":[{"pref":"東京都","city":"八王子市","town":"平岡町"}],"0044":[{"pref":"東京都","city":"八王子市","town":"富士見町"}],"0363":[{"pref":"東京都","city":"八王子市","town":"別所"}],"0355":[{"pref":"東京都","city":"八王子市","town":"堀之内"}],"0052":[{"pref":"東京都","city":"八王子市","town":"本郷町"}],"0066":[{"pref":"東京都","city":"八王子市","town":"本町"}],"0354":[{"pref":"東京都","city":"八王子市","town":"松が谷"}],"0362":[{"pref":"東京都","city":"八王子市","town":"松木"}],"0021":[{"pref":"東京都","city":"八王子市","town":"丸山町"}],"0084":[{"pref":"東京都","city":"八王子市","town":"三崎町"}],"0014":[{"pref":"東京都","city":"八王子市","town":"みつい台"}],"0364":[{"pref":"東京都","city":"八王子市","town":"南大沢"}],"0075":[{"pref":"東京都","city":"八王子市","town":"南新町"}],"0072":[{"pref":"東京都","city":"八王子市","town":"南町"}],"0916":[{"pref":"東京都","city":"八王子市","town":"みなみ野"}],"0005":[{"pref":"東京都","city":"八王子市","town":"宮下町"}],"0152":[{"pref":"東京都","city":"八王子市","town":"美山町"}],"0046":[{"pref":"東京都","city":"八王子市","town":"明神町"}],"0051":[{"pref":"東京都","city":"八王子市","town":"元本郷町"}],"0063":[{"pref":"東京都","city":"八王子市","town":"元横山町"}],"0055":[{"pref":"東京都","city":"八王子市","town":"八木町"}],"0016":[{"pref":"東京都","city":"八王子市","town":"谷野町"}],"0375":[{"pref":"東京都","city":"八王子市","town":"鑓水"}],"0071":[{"pref":"東京都","city":"八王子市","town":"八日町"}],"0081":[{"pref":"東京都","city":"八王子市","town":"横山町"}],"0903":[{"pref":"東京都","city":"八王子市","town":"万町"}]}