{"0000":[{"pref":"大阪府","city":"大阪市生野区","town":"以下に掲載がない場合"}],"0025":[{"pref":"大阪府","city":"大阪市生野区","town":"生野東"}],"0024":[{"pref":"大阪府","city":"大阪市生野区","town":"生野西"}],"0021":[{"pref":"大阪府","city":"大阪市生野区","town":"勝山南"}],"0033":[{"pref":"大阪府","city":"大阪市生野区","town":"勝山北"}],"0022":[{"pref":"大阪府","city":"大阪市生野区","town":"舎利寺"}],"0002":[{"pref":"大阪府","city":"大阪市生野区","town":"小路"}],"0003":[{"pref":"大阪府","city":"大阪市生野区","town":"小路東"}],"0001":[{"pref":"大阪府","city":"大阪市生野区","town":"新今里"}],"0011":[{"pref":"大阪府","city":"大阪市生野区","town":"田島"}],"0013":[{"pref":"大阪府","city":"大阪市生野区","town":"巽中"}],"0014":[{"pref":"大阪府","city":"大阪市生野区","town":"巽東"}],"0012":[{"pref":"大阪府","city":"大阪市生野区","town":"巽西"}],"0015":[{"pref":"大阪府","city":"大阪市生野区","town":"巽南"}],"0004":[{"pref":"大阪府","city":"大阪市生野区","town":"巽北"}],"0031":[{"pref":"大阪府","city":"大阪市生野区","town":"鶴橋"}],"0005":[{"pref":"大阪府","city":"大阪市生野区","town":"中川"}],"0006":[{"pref":"大阪府","city":"大阪市生野区","town":"中川東"}],"0032":[{"pref":"大阪府","city":"大阪市生野区","town":"中川西"}],"0023":[{"pref":"大阪府","city":"大阪市生野区","town":"林寺"}],"0034":[{"pref":"大阪府","city":"大阪市生野区","town":"桃谷"}]}