{"1111":[{"pref":"岩手県","city":"一関市","town":"千厩町奥玉"}],"1201":[{"pref":"岩手県","city":"一関市","town":"室根町折壁"}],"1202":[{"pref":"岩手県","city":"一関市","town":"室根町矢越"}],"1211":[{"pref":"岩手県","city":"一関市","town":"室根町津谷川"}],"2200":[{"pref":"岩手県","city":"陸前高田市","town":"以下に掲載がない場合"}],"2201":[{"pref":"岩手県","city":"陸前高田市","town":"矢作町"}],"2202":[{"pref":"岩手県","city":"陸前高田市","town":"横田町"}],"2203":[{"pref":"岩手県","city":"陸前高田市","town":"竹駒町"}],"2204":[{"pref":"岩手県","city":"陸前高田市","town":"気仙町"}],"2205":[{"pref":"岩手県","city":"陸前高田市","town":"高田町"}],"2206":[{"pref":"岩手県","city":"陸前高田市","town":"米崎町"}],"2207":[{"pref":"岩手県","city":"陸前高田市","town":"小友町"}],"2208":[{"pref":"岩手県","city":"陸前高田市","town":"広田町"}],"2300":[{"pref":"岩手県","city":"気仙郡住田町","town":"以下に掲載がない場合"}],"2311":[{"pref":"岩手県","city":"気仙郡住田町","town":"世田米"}],"2501":[{"pref":"岩手県","city":"気仙郡住田町","town":"上有住"}],"2502":[{"pref":"岩手県","city":"気仙郡住田町","town":"下有住"}],"3101":[{"pref":"岩手県","city":"一関市","town":"花泉町花泉"}],"3102":[{"pref":"岩手県","city":"一関市","town":"花泉町金沢"}],"3103":[{"pref":"岩手県","city":"一関市","town":"花泉町老松"}],"3104":[{"pref":"岩手県","city":"一関市","town":"花泉町日形"}],"3105":[{"pref":"岩手県","city":"一関市","town":"花泉町涌津（一ノ町、二ノ町、上原、境、古川、道下）"}],"3205":[{"pref":"岩手県","city":"一関市","town":"花泉町涌津（その他）"}],"3206":[{"pref":"岩手県","city":"一関市","town":"花泉町永井"}],"3207":[{"pref":"岩手県","city":"一関市","town":"花泉町油島"}],"3311":[{"pref":"岩手県","city":"一関市","town":"藤沢町黄海"}],"3401":[{"pref":"岩手県","city":"一関市","town":"藤沢町増沢"}],"3402":[{"pref":"岩手県","city":"一関市","town":"藤沢町新沼"}],"3403":[{"pref":"岩手県","city":"一関市","town":"藤沢町砂子田"}],"3404":[{"pref":"岩手県","city":"一関市","town":"藤沢町徳田"}],"3405":[{"pref":"岩手県","city":"一関市","town":"藤沢町藤沢"}],"3406":[{"pref":"岩手県","city":"一関市","town":"藤沢町西口"}],"3521":[{"pref":"岩手県","city":"一関市","town":"藤沢町保呂羽"}],"3522":[{"pref":"岩手県","city":"一関市","town":"藤沢町大籠"}],"4100":[{"pref":"岩手県","city":"西磐井郡平泉町","town":"以下に掲載がない場合"}],"4101":[{"pref":"岩手県","city":"西磐井郡平泉町","town":"長島"}],"4102":[{"pref":"岩手県","city":"西磐井郡平泉町","town":"平泉"}],"4201":[{"pref":"岩手県","city":"奥州市","town":"前沢阿部舘"},{"pref":"岩手県","city":"奥州市","town":"前沢久田"},{"pref":"岩手県","city":"奥州市","town":"前沢源氏ケ崎"},{"pref":"岩手県","city":"奥州市","town":"前沢古城"}],"4202":[{"pref":"岩手県","city":"奥州市","town":"前沢白山"}],"4203":[{"pref":"岩手県","city":"奥州市","town":"前沢北久保"},{"pref":"岩手県","city":"奥州市","town":"前沢狐堂"},{"pref":"岩手県","city":"奥州市","town":"前沢生母"}],"4204":[{"pref":"岩手県","city":"奥州市","town":"前沢下谷起"},{"pref":"岩手県","city":"奥州市","town":"前沢島"},{"pref":"岩手県","city":"奥州市","town":"前沢宿"},{"pref":"岩手県","city":"奥州市","town":"前沢高畑"},{"pref":"岩手県","city":"奥州市","town":"前沢田中"},{"pref":"岩手県","city":"奥州市","town":"前沢道場"},{"pref":"岩手県","city":"奥州市","town":"前沢鳥待小屋"},{"pref":"岩手県","city":"奥州市","town":"前沢中久保"},{"pref":"岩手県","city":"奥州市","town":"前沢長檀"},{"pref":"岩手県","city":"奥州市","town":"前沢中村"},{"pref":"岩手県","city":"奥州市","town":"前沢古川"},{"pref":"岩手県","city":"奥州市","town":"前沢南前沢"},{"pref":"岩手県","city":"奥州市","town":"前沢向田"},{"pref":"岩手県","city":"奥州市","town":"前沢本杉"},{"pref":"岩手県","city":"奥州市","town":"前沢谷地"},{"pref":"岩手県","city":"奥州市","town":"前沢八幡"},{"pref":"岩手県","city":"奥州市","town":"前沢八幡前"}],"4205":[{"pref":"岩手県","city":"奥州市","town":"前沢合ノ沢"},{"pref":"岩手県","city":"奥州市","town":"前沢安寺沢"},{"pref":"岩手県","city":"奥州市","town":"前沢石田"},{"pref":"岩手県","city":"奥州市","town":"前沢一ノ沢"},{"pref":"岩手県","city":"奥州市","town":"前沢鵜ノ木"},{"pref":"岩手県","city":"奥州市","town":"前沢鵜ノ木田"},{"pref":"岩手県","city":"奥州市","town":"前沢うるし野"},{"pref":"岩手県","city":"奥州市","town":"前沢大袋"},{"pref":"岩手県","city":"奥州市","town":"前沢沖田"},{"pref":"岩手県","city":"奥州市","town":"前沢小沢口"},{"pref":"岩手県","city":"奥州市","town":"前沢川内"},{"pref":"岩手県","city":"奥州市","town":"前沢衣関"},{"pref":"岩手県","city":"奥州市","town":"前沢里"},{"pref":"岩手県","city":"奥州市","town":"前沢清水"},{"pref":"岩手県","city":"奥州市","town":"前沢蛇ノ鼻"},{"pref":"岩手県","city":"奥州市","town":"前沢白鳥舘"},{"pref":"岩手県","city":"奥州市","town":"前沢新城"},{"pref":"岩手県","city":"奥州市","town":"前沢堤田"},{"pref":"岩手県","city":"奥州市","town":"前沢照井舘"},{"pref":"岩手県","city":"奥州市","town":"前沢徳沢"},{"pref":"岩手県","city":"奥州市","town":"前沢永沢"},{"pref":"岩手県","city":"奥州市","town":"前沢長根"},{"pref":"岩手県","city":"奥州市","town":"前沢中屋敷"},{"pref":"岩手県","city":"奥州市","town":"前沢浪洗"},{"pref":"岩手県","city":"奥州市","town":"前沢二ノ沢"},{"pref":"岩手県","city":"奥州市","town":"前沢沼尻"},{"pref":"岩手県","city":"奥州市","town":"前沢沼ノ沢"},{"pref":"岩手県","city":"奥州市","town":"前沢日向"},{"pref":"岩手県","city":"奥州市","town":"前沢福養"},{"pref":"岩手県","city":"奥州市","town":"前沢干場"},{"pref":"岩手県","city":"奥州市","town":"前沢前野"},{"pref":"岩手県","city":"奥州市","town":"前沢南陣場"},{"pref":"岩手県","city":"奥州市","town":"前沢南塔ケ崎"},{"pref":"岩手県","city":"奥州市","town":"前沢南中島"},{"pref":"岩手県","city":"奥州市","town":"前沢箕輪"},{"pref":"岩手県","city":"奥州市","town":"前沢両手沢"},{"pref":"岩手県","city":"奥州市","town":"前沢谷記"},{"pref":"岩手県","city":"奥州市","town":"前沢谷起"},{"pref":"岩手県","city":"奥州市","town":"前沢谷記田"},{"pref":"岩手県","city":"奥州市","town":"前沢谷起田"},{"pref":"岩手県","city":"奥州市","town":"前沢櫓前"},{"pref":"岩手県","city":"奥州市","town":"前沢六本松"}],"4206":[{"pref":"岩手県","city":"奥州市","town":"前沢赤坂"},{"pref":"岩手県","city":"奥州市","town":"前沢裏新田"},{"pref":"岩手県","city":"奥州市","town":"前沢狐石"},{"pref":"岩手県","city":"奥州市","town":"前沢駒水"},{"pref":"岩手県","city":"奥州市","town":"前沢陣場"},{"pref":"岩手県","city":"奥州市","town":"前沢太郎ケ沢"},{"pref":"岩手県","city":"奥州市","town":"前沢日除松"},{"pref":"岩手県","city":"奥州市","town":"前沢簾森"},{"pref":"岩手県","city":"奥州市","town":"前沢養ケ森"}],"4207":[{"pref":"岩手県","city":"奥州市","town":"前沢赤面"},{"pref":"岩手県","city":"奥州市","town":"前沢一本杉"},{"pref":"岩手県","city":"奥州市","town":"前沢大桜"},{"pref":"岩手県","city":"奥州市","town":"前沢五十人町"},{"pref":"岩手県","city":"奥州市","town":"前沢下小路"},{"pref":"岩手県","city":"奥州市","town":"前沢平小路"},{"pref":"岩手県","city":"奥州市","town":"前沢平前"},{"pref":"岩手県","city":"奥州市","town":"前沢塔ケ崎"},{"pref":"岩手県","city":"奥州市","town":"前沢泊ケ崎"},{"pref":"岩手県","city":"奥州市","town":"前沢三日町"},{"pref":"岩手県","city":"奥州市","town":"前沢三日町浦"},{"pref":"岩手県","city":"奥州市","town":"前沢三日町新裏"},{"pref":"岩手県","city":"奥州市","town":"前沢屋敷"}],"4208":[{"pref":"岩手県","city":"奥州市","town":"前沢粟ケ島"},{"pref":"岩手県","city":"奥州市","town":"前沢河ノ畑"},{"pref":"岩手県","city":"奥州市","town":"前沢株樹"},{"pref":"岩手県","city":"奥州市","town":"前沢五合田"},{"pref":"岩手県","city":"奥州市","town":"前沢新町"},{"pref":"岩手県","city":"奥州市","town":"前沢新町裏"},{"pref":"岩手県","city":"奥州市","town":"前沢大林寺下"},{"pref":"岩手県","city":"奥州市","town":"前沢竹沢"},{"pref":"岩手県","city":"奥州市","town":"前沢立石"},{"pref":"岩手県","city":"奥州市","town":"前沢田畠"},{"pref":"岩手県","city":"奥州市","town":"前沢中田"},{"pref":"岩手県","city":"奥州市","town":"前沢七日町"},{"pref":"岩手県","city":"奥州市","town":"前沢七日町裏"},{"pref":"岩手県","city":"奥州市","town":"前沢二十人町"},{"pref":"岩手県","city":"奥州市","town":"前沢二十人町裏"},{"pref":"岩手県","city":"奥州市","town":"前沢山下"}],"4209":[{"pref":"岩手県","city":"奥州市","town":"前沢あすか通"}],"4211":[{"pref":"岩手県","city":"奥州市","town":"前沢駅東"}],"4303":[{"pref":"岩手県","city":"奥州市","town":"衣川衣原"}],"4304":[{"pref":"岩手県","city":"奥州市","town":"衣川外の沢"}],"4305":[{"pref":"岩手県","city":"奥州市","town":"衣川長袋"}],"4306":[{"pref":"岩手県","city":"奥州市","town":"衣川小田"}],"4307":[{"pref":"岩手県","city":"奥州市","town":"衣川有浦"}],"4308":[{"pref":"岩手県","city":"奥州市","town":"衣川大平"}],"4311":[{"pref":"岩手県","city":"奥州市","town":"衣川古館"}],"4312":[{"pref":"岩手県","city":"奥州市","town":"衣川西窪"}],"4313":[{"pref":"岩手県","city":"奥州市","town":"衣川石生"}],"4314":[{"pref":"岩手県","city":"奥州市","town":"衣川中屋敷"}],"4315":[{"pref":"岩手県","city":"奥州市","town":"衣川天田"}],"4316":[{"pref":"岩手県","city":"奥州市","town":"衣川苗代沢"}],"4317":[{"pref":"岩手県","city":"奥州市","town":"衣川桑畑"}],"4321":[{"pref":"岩手県","city":"奥州市","town":"衣川雲南田"}],"4322":[{"pref":"岩手県","city":"奥州市","town":"衣川板倉"}],"4323":[{"pref":"岩手県","city":"奥州市","town":"衣川小安代"}],"4324":[{"pref":"岩手県","city":"奥州市","town":"衣川正板"}],"4325":[{"pref":"岩手県","city":"奥州市","town":"衣川小正板"}],"4326":[{"pref":"岩手県","city":"奥州市","town":"衣川懸田"}],"4327":[{"pref":"岩手県","city":"奥州市","town":"衣川馬懸"}],"4328":[{"pref":"岩手県","city":"奥州市","town":"衣川下寺田"}],"4329":[{"pref":"岩手県","city":"奥州市","town":"衣川上寺田"}],"4331":[{"pref":"岩手県","city":"奥州市","town":"衣川深沢"}],"4332":[{"pref":"岩手県","city":"奥州市","town":"衣川古戸"}],"4333":[{"pref":"岩手県","city":"奥州市","town":"衣川駒場"}],"4334":[{"pref":"岩手県","city":"奥州市","town":"衣川百ヶ袋"}],"4341":[{"pref":"岩手県","city":"奥州市","town":"衣川六道"}],"4342":[{"pref":"岩手県","city":"奥州市","town":"衣川高保呂"}],"4343":[{"pref":"岩手県","city":"奥州市","town":"衣川能登屋敷"}],"4344":[{"pref":"岩手県","city":"奥州市","town":"衣川沢田"}],"4345":[{"pref":"岩手県","city":"奥州市","town":"衣川館城"}],"4346":[{"pref":"岩手県","city":"奥州市","town":"衣川豊巻"}],"4347":[{"pref":"岩手県","city":"奥州市","town":"衣川大西"}],"4348":[{"pref":"岩手県","city":"奥州市","town":"衣川杉野"}],"4351":[{"pref":"岩手県","city":"奥州市","town":"衣川夏秋"}],"4352":[{"pref":"岩手県","city":"奥州市","town":"衣川岩の上"}],"4353":[{"pref":"岩手県","city":"奥州市","town":"衣川旧殿"}],"4354":[{"pref":"岩手県","city":"奥州市","town":"衣川除"}],"4355":[{"pref":"岩手県","city":"奥州市","town":"衣川山岸"}],"4361":[{"pref":"岩手県","city":"奥州市","town":"衣川長嚢"}],"4362":[{"pref":"岩手県","city":"奥州市","town":"衣川小林山"}],"4363":[{"pref":"岩手県","city":"奥州市","town":"衣川夏梨"}],"4364":[{"pref":"岩手県","city":"奥州市","town":"衣川西風山"}],"4365":[{"pref":"岩手県","city":"奥州市","town":"衣川天土"}],"4371":[{"pref":"岩手県","city":"奥州市","town":"衣川桧山沢"}],"4372":[{"pref":"岩手県","city":"奥州市","town":"衣川松林"}],"4373":[{"pref":"岩手県","city":"奥州市","town":"衣川山田"}],"4374":[{"pref":"岩手県","city":"奥州市","town":"衣川桧山沢山"}],"4375":[{"pref":"岩手県","city":"奥州市","town":"衣川鞍掛"}],"4376":[{"pref":"岩手県","city":"奥州市","town":"衣川本巻"}],"4377":[{"pref":"岩手県","city":"奥州市","town":"衣川後山"}],"4378":[{"pref":"岩手県","city":"奥州市","town":"衣川菖蒲平"}],"4381":[{"pref":"岩手県","city":"奥州市","town":"衣川石ヶ沢"}],"4382":[{"pref":"岩手県","city":"奥州市","town":"衣川関袋"}],"4383":[{"pref":"岩手県","city":"奥州市","town":"衣川沖の野"}],"4384":[{"pref":"岩手県","city":"奥州市","town":"衣川石神"}],"4385":[{"pref":"岩手県","city":"奥州市","town":"衣川富沢"}],"4386":[{"pref":"岩手県","city":"奥州市","town":"衣川女石"}],"4387":[{"pref":"岩手県","city":"奥州市","town":"衣川下大森"}],"4388":[{"pref":"岩手県","city":"奥州市","town":"衣川上大森"}],"4389":[{"pref":"岩手県","city":"奥州市","town":"衣川長板沢"}],"4401":[{"pref":"岩手県","city":"奥州市","town":"衣川張山"}],"4402":[{"pref":"岩手県","city":"奥州市","town":"衣川星屋"}],"4403":[{"pref":"岩手県","city":"奥州市","town":"衣川本田原"}],"4404":[{"pref":"岩手県","city":"奥州市","town":"衣川寺袋"}],"4405":[{"pref":"岩手県","city":"奥州市","town":"衣川桑木谷地"}],"4406":[{"pref":"岩手県","city":"奥州市","town":"衣川大坂"}],"4407":[{"pref":"岩手県","city":"奥州市","town":"衣川金成"}],"4408":[{"pref":"岩手県","city":"奥州市","town":"衣川土屋"}],"4411":[{"pref":"岩手県","city":"奥州市","town":"衣川上小路"}],"4412":[{"pref":"岩手県","city":"奥州市","town":"衣川富田"}],"4413":[{"pref":"岩手県","city":"奥州市","town":"衣川堰下"}],"4414":[{"pref":"岩手県","city":"奥州市","town":"衣川野田"}],"4415":[{"pref":"岩手県","city":"奥州市","town":"衣川向館谷起"}],"4416":[{"pref":"岩手県","city":"奥州市","town":"衣川向館"}],"4417":[{"pref":"岩手県","city":"奥州市","town":"衣川富田前"}],"4418":[{"pref":"岩手県","city":"奥州市","town":"衣川杉林"}],"4419":[{"pref":"岩手県","city":"奥州市","town":"衣川大面"}],"4421":[{"pref":"岩手県","city":"奥州市","town":"衣川日向"}],"4422":[{"pref":"岩手県","city":"奥州市","town":"衣川瀬原"}],"4423":[{"pref":"岩手県","city":"奥州市","town":"衣川瀬原西浦"}],"4424":[{"pref":"岩手県","city":"奥州市","town":"衣川九輪堂"}],"4425":[{"pref":"岩手県","city":"奥州市","town":"衣川采女沢"}],"4426":[{"pref":"岩手県","city":"奥州市","town":"衣川愛宕下"}],"4427":[{"pref":"岩手県","city":"奥州市","town":"衣川陣場下"}],"4431":[{"pref":"岩手県","city":"奥州市","town":"衣川田中"}],"4432":[{"pref":"岩手県","city":"奥州市","town":"衣川小林"}],"4433":[{"pref":"岩手県","city":"奥州市","town":"衣川池田西"}],"4434":[{"pref":"岩手県","city":"奥州市","town":"衣川池田"}],"4435":[{"pref":"岩手県","city":"奥州市","town":"衣川押切"}],"4436":[{"pref":"岩手県","city":"奥州市","town":"衣川大石ヶ沢"}],"4437":[{"pref":"岩手県","city":"奥州市","town":"衣川唐金"}],"4438":[{"pref":"岩手県","city":"奥州市","town":"衣川室の木"}],"4439":[{"pref":"岩手県","city":"奥州市","town":"衣川田中西"}],"4441":[{"pref":"岩手県","city":"奥州市","town":"衣川並木前"}],"4442":[{"pref":"岩手県","city":"奥州市","town":"衣川上野"}],"4443":[{"pref":"岩手県","city":"奥州市","town":"衣川六日市場"}],"4444":[{"pref":"岩手県","city":"奥州市","town":"衣川清水の上"}],"4445":[{"pref":"岩手県","city":"奥州市","town":"衣川七日市場"}],"4446":[{"pref":"岩手県","city":"奥州市","town":"衣川川端"}],"4451":[{"pref":"岩手県","city":"奥州市","town":"衣川東裏"}],"4452":[{"pref":"岩手県","city":"奥州市","town":"衣川月山"}],"4453":[{"pref":"岩手県","city":"奥州市","town":"衣川山口"}],"4454":[{"pref":"岩手県","city":"奥州市","town":"衣川表"}],"4455":[{"pref":"岩手県","city":"奥州市","town":"衣川横道下"}],"4456":[{"pref":"岩手県","city":"奥州市","town":"衣川西裏"}],"4461":[{"pref":"岩手県","city":"奥州市","town":"衣川平"}],"4462":[{"pref":"岩手県","city":"奥州市","town":"衣川八千"}],"4463":[{"pref":"岩手県","city":"奥州市","town":"衣川葭ヶ沢"}],"4464":[{"pref":"岩手県","city":"奥州市","town":"衣川前滝の沢"}],"4465":[{"pref":"岩手県","city":"奥州市","town":"衣川後滝の沢"}],"4471":[{"pref":"岩手県","city":"奥州市","town":"衣川下河内"}],"4472":[{"pref":"岩手県","city":"奥州市","town":"衣川中河内"}],"4473":[{"pref":"岩手県","city":"奥州市","town":"衣川向"}],"4474":[{"pref":"岩手県","city":"奥州市","town":"衣川上河内"}],"4475":[{"pref":"岩手県","city":"奥州市","town":"衣川中山"}],"4481":[{"pref":"岩手県","city":"奥州市","town":"衣川畦畑山"}],"4482":[{"pref":"岩手県","city":"奥州市","town":"衣川畦畑"}],"4483":[{"pref":"岩手県","city":"奥州市","town":"衣川沼野"}],"4484":[{"pref":"岩手県","city":"奥州市","town":"衣川噌味"}],"4485":[{"pref":"岩手県","city":"奥州市","town":"衣川宝塔谷地"}],"4486":[{"pref":"岩手県","city":"奥州市","town":"衣川鷹の巣"}],"4487":[{"pref":"岩手県","city":"奥州市","town":"衣川大原山"}],"4488":[{"pref":"岩手県","city":"奥州市","town":"衣川大原"}],"4491":[{"pref":"岩手県","city":"奥州市","town":"衣川上立沢"}],"4492":[{"pref":"岩手県","city":"奥州市","town":"衣川下立沢"}],"4493":[{"pref":"岩手県","city":"奥州市","town":"衣川野崎"}],"4494":[{"pref":"岩手県","city":"奥州市","town":"衣川楢原山"}],"4495":[{"pref":"岩手県","city":"奥州市","town":"衣川楢原"}],"4496":[{"pref":"岩手県","city":"奥州市","town":"衣川真打"}],"4497":[{"pref":"岩手県","city":"奥州市","town":"衣川餅転"}],"4500":[{"pref":"岩手県","city":"胆沢郡金ケ崎町","town":"以下に掲載がない場合"}],"4501":[{"pref":"岩手県","city":"胆沢郡金ケ崎町","town":"六原"}],"4502":[{"pref":"岩手県","city":"胆沢郡金ケ崎町","town":"三ケ尻"}],"4503":[{"pref":"岩手県","city":"胆沢郡金ケ崎町","town":"西根"}],"4504":[{"pref":"岩手県","city":"胆沢郡金ケ崎町","town":"永沢"}],"4505":[{"pref":"岩手県","city":"胆沢郡金ケ崎町","town":"永栄"}],"5500":[{"pref":"岩手県","city":"和賀郡西和賀町","town":"以下に掲載がない場合"}],"5501":[{"pref":"岩手県","city":"和賀郡西和賀町","town":"左草１地割～左草６地割"},{"pref":"岩手県","city":"和賀郡西和賀町","town":"下左草７７地割～下左草８０地割"}],"5502":[{"pref":"岩手県","city":"和賀郡西和賀町","town":"樺沢１６地割、樺沢１７地割"},{"pref":"岩手県","city":"和賀郡西和賀町","town":"下前７地割～下前１４地割"},{"pref":"岩手県","city":"和賀郡西和賀町","town":"寅沢１５地割"}],"5503":[{"pref":"岩手県","city":"和賀郡西和賀町","town":"穴明２２地割、穴明２３地割"},{"pref":"岩手県","city":"和賀郡西和賀町","town":"清水ケ野１８地割"},{"pref":"岩手県","city":"和賀郡西和賀町","town":"間木野２４地割"},{"pref":"岩手県","city":"和賀郡西和賀町","town":"湯田１９地割～湯田２１地割"}],"5504":[{"pref":"岩手県","city":"和賀郡西和賀町","town":"槻沢２５地割～槻沢２８地割"}],"5505":[{"pref":"岩手県","city":"和賀郡西和賀町","town":"湯本２９地割、湯本３０地割"}],"5506":[{"pref":"岩手県","city":"和賀郡西和賀町","town":"湯之沢３１地割～湯之沢３５地割"}],"5507":[{"pref":"岩手県","city":"和賀郡西和賀町","town":"大沓３６地割"}],"5511":[{"pref":"岩手県","city":"和賀郡西和賀町","town":"上野々３９地割"}],"5512":[{"pref":"岩手県","city":"和賀郡西和賀町","town":"川尻４０地割、川尻４１地割"}],"5513":[{"pref":"岩手県","city":"和賀郡西和賀町","town":"甲子５１地割"},{"pref":"岩手県","city":"和賀郡西和賀町","town":"草井沢４７地割"},{"pref":"岩手県","city":"和賀郡西和賀町","town":"杉名畑４４地割（その他）"},{"pref":"岩手県","city":"和賀郡西和賀町","town":"本内４６地割"},{"pref":"岩手県","city":"和賀郡西和賀町","town":"耳取４９地割"},{"pref":"岩手県","city":"和賀郡西和賀町","town":"本屋敷４８地割"},{"pref":"岩手県","city":"和賀郡西和賀町","town":"鷲之巣５０地割"}],"5514":[{"pref":"岩手県","city":"和賀郡西和賀町","town":"湯川５２地割、湯川５３地割"}],"5521":[{"pref":"岩手県","city":"和賀郡西和賀町","town":"大渡５７地割"},{"pref":"岩手県","city":"和賀郡西和賀町","town":"小繋沢５４地割～小繋沢５６地割"}],"5522":[{"pref":"岩手県","city":"和賀郡西和賀町","town":"巣郷６３地割"},{"pref":"岩手県","city":"和賀郡西和賀町","town":"中村５８地割、中村５９地割"},{"pref":"岩手県","city":"和賀郡西和賀町","town":"野々宿６０地割～野々宿６２地割"}],"5523":[{"pref":"岩手県","city":"和賀郡西和賀町","town":"越中畑６４地割～越中畑６６地割"},{"pref":"岩手県","city":"和賀郡西和賀町","town":"桂子沢７５地割、桂子沢７６地割"},{"pref":"岩手県","city":"和賀郡西和賀町","town":"沢中７３地割、沢中７４地割"},{"pref":"岩手県","city":"和賀郡西和賀町","town":"白木野６７地割"},{"pref":"岩手県","city":"和賀郡西和賀町","town":"細内６８地割、細内６９地割"},{"pref":"岩手県","city":"和賀郡西和賀町","town":"柳沢７０地割、柳沢７１地割"},{"pref":"岩手県","city":"和賀郡西和賀町","town":"芦ケ沢７２地割"}],"5611":[{"pref":"岩手県","city":"和賀郡西和賀町","town":"沢内新町"}],"5612":[{"pref":"岩手県","city":"和賀郡西和賀町","town":"沢内大野"}],"5613":[{"pref":"岩手県","city":"和賀郡西和賀町","town":"沢内前郷"}],"5614":[{"pref":"岩手県","city":"和賀郡西和賀町","town":"沢内太田"}],"5615":[{"pref":"岩手県","city":"和賀郡西和賀町","town":"沢内猿橋"}],"5616":[{"pref":"岩手県","city":"和賀郡西和賀町","town":"沢内泉沢"}],"5617":[{"pref":"岩手県","city":"和賀郡西和賀町","town":"沢内長瀬野"}],"5618":[{"pref":"岩手県","city":"和賀郡西和賀町","town":"沢内両沢"}],"5619":[{"pref":"岩手県","city":"和賀郡西和賀町","town":"沢内弁天"}],"5621":[{"pref":"岩手県","city":"和賀郡西和賀町","town":"沢内鍵飯"}],"5701":[{"pref":"岩手県","city":"和賀郡西和賀町","town":"沢内川舟"}],"5702":[{"pref":"岩手県","city":"和賀郡西和賀町","town":"沢内若畑"}],"5703":[{"pref":"岩手県","city":"和賀郡西和賀町","town":"沢内貝沢"}],"0202":[{"pref":"岩手県","city":"一関市","town":"川崎町薄衣"}],"0201":[{"pref":"岩手県","city":"一関市","town":"川崎町門崎"}],"0131":[{"pref":"岩手県","city":"一関市","town":"狐禅寺"}],"0804":[{"pref":"岩手県","city":"一関市","town":"千厩町磐清水"}],"0801":[{"pref":"岩手県","city":"一関市","town":"千厩町清田"}],"0802":[{"pref":"岩手県","city":"一関市","town":"千厩町小梨"}],"0803":[{"pref":"岩手県","city":"一関市","town":"千厩町千厩"}],"0711":[{"pref":"岩手県","city":"一関市","town":"大東町大原"}],"0603":[{"pref":"岩手県","city":"一関市","town":"大東町沖田"}],"0431":[{"pref":"岩手県","city":"一関市","town":"大東町猿沢"}],"0521":[{"pref":"岩手県","city":"一関市","town":"大東町渋民"}],"0523":[{"pref":"岩手県","city":"一関市","town":"大東町摺沢"}],"0522":[{"pref":"岩手県","city":"一関市","town":"大東町曽慶"}],"0602":[{"pref":"岩手県","city":"一関市","town":"大東町鳥海"}],"0601":[{"pref":"岩手県","city":"一関市","town":"大東町中川"}],"0132":[{"pref":"岩手県","city":"一関市","town":"滝沢"}],"0301":[{"pref":"岩手県","city":"一関市","town":"東山町田河津"}],"0302":[{"pref":"岩手県","city":"一関市","town":"東山町長坂"}],"0303":[{"pref":"岩手県","city":"一関市","town":"東山町松川"}],"0211":[{"pref":"岩手県","city":"一関市","town":"弥栄"}]}