{"0000":[{"pref":"大阪府","city":"守口市","town":"以下に掲載がない場合"}],"0022":[{"pref":"大阪府","city":"守口市","town":"暁町"}],"0071":[{"pref":"大阪府","city":"守口市","town":"祝町"}],"0066":[{"pref":"大阪府","city":"守口市","town":"梅園町"}],"0087":[{"pref":"大阪府","city":"守口市","town":"梅町"}],"0036":[{"pref":"大阪府","city":"守口市","town":"大枝東町"}],"0054":[{"pref":"大阪府","city":"守口市","town":"大枝西町"}],"0051":[{"pref":"大阪府","city":"守口市","town":"大枝南町"}],"0037":[{"pref":"大阪府","city":"守口市","town":"大枝北町"}],"0012":[{"pref":"大阪府","city":"守口市","town":"大久保町"}],"0009":[{"pref":"大阪府","city":"守口市","town":"大庭町"}],"0033":[{"pref":"大阪府","city":"守口市","town":"大宮通"}],"0015":[{"pref":"大阪府","city":"守口市","town":"梶町"}],"0055":[{"pref":"大阪府","city":"守口市","town":"春日町"}],"0079":[{"pref":"大阪府","city":"守口市","town":"金下町"}],"0024":[{"pref":"大阪府","city":"守口市","town":"神木町"}],"0038":[{"pref":"大阪府","city":"守口市","town":"河原町"}],"0032":[{"pref":"大阪府","city":"守口市","town":"菊水通"}],"0011":[{"pref":"大阪府","city":"守口市","town":"金田町"}],"0094":[{"pref":"大阪府","city":"守口市","town":"京阪北本通"}],"0083":[{"pref":"大阪府","city":"守口市","town":"京阪本通"}],"0077":[{"pref":"大阪府","city":"守口市","town":"寿町"}],"0061":[{"pref":"大阪府","city":"守口市","town":"小春町"}],"0034":[{"pref":"大阪府","city":"守口市","town":"西郷通"}],"0027":[{"pref":"大阪府","city":"守口市","town":"桜町"}],"0002":[{"pref":"大阪府","city":"守口市","town":"佐太中町"}],"0017":[{"pref":"大阪府","city":"守口市","town":"佐太東町"}],"0001":[{"pref":"大阪府","city":"守口市","town":"佐太西町"}],"0072":[{"pref":"大阪府","city":"守口市","town":"早苗町"}],"0056":[{"pref":"大阪府","city":"守口市","town":"寺内町"}],"0007":[{"pref":"大阪府","city":"守口市","town":"下島町"}],"0026":[{"pref":"大阪府","city":"守口市","town":"松月町"}],"0098":[{"pref":"大阪府","city":"守口市","town":"新橋寺町"}],"0096":[{"pref":"大阪府","city":"守口市","town":"外島町"}],"0003":[{"pref":"大阪府","city":"守口市","town":"大日町"}],"0016":[{"pref":"大阪府","city":"守口市","town":"大日東町"}],"0063":[{"pref":"大阪府","city":"守口市","town":"大門町"}],"0043":[{"pref":"大阪府","city":"守口市","town":"高瀬旧大枝"},{"pref":"大阪府","city":"守口市","town":"高瀬旧世木"},{"pref":"大阪府","city":"守口市","town":"高瀬旧馬場"},{"pref":"大阪府","city":"守口市","town":"南寺方東通"}],"0053":[{"pref":"大阪府","city":"守口市","town":"高瀬町"}],"0076":[{"pref":"大阪府","city":"守口市","town":"滝井西町"}],"0065":[{"pref":"大阪府","city":"守口市","town":"滝井元町"}],"0086":[{"pref":"大阪府","city":"守口市","town":"竹町"}],"0025":[{"pref":"大阪府","city":"守口市","town":"竜田通"}],"0042":[{"pref":"大阪府","city":"守口市","town":"寺方錦通"}],"0048":[{"pref":"大阪府","city":"守口市","town":"寺方本通"}],"0047":[{"pref":"大阪府","city":"守口市","town":"寺方元町"}],"0073":[{"pref":"大阪府","city":"守口市","town":"土居町"}],"0035":[{"pref":"大阪府","city":"守口市","town":"東光町"}],"0041":[{"pref":"大阪府","city":"守口市","town":"東郷通"}],"0014":[{"pref":"大阪府","city":"守口市","town":"藤田町"}],"0082":[{"pref":"大阪府","city":"守口市","town":"豊秀町"}],"0064":[{"pref":"大阪府","city":"守口市","town":"長池町"}],"0092":[{"pref":"大阪府","city":"守口市","town":"日光町"}],"0031":[{"pref":"大阪府","city":"守口市","town":"橋波東之町"}],"0039":[{"pref":"大阪府","city":"守口市","town":"橋波西之町"}],"0093":[{"pref":"大阪府","city":"守口市","town":"浜町"}],"0062":[{"pref":"大阪府","city":"守口市","town":"馬場町"}],"0013":[{"pref":"大阪府","city":"守口市","town":"東町"}],"0023":[{"pref":"大阪府","city":"守口市","town":"日向町"}],"0081":[{"pref":"大阪府","city":"守口市","town":"日吉町"}],"0078":[{"pref":"大阪府","city":"守口市","town":"平代町"}],"0074":[{"pref":"大阪府","city":"守口市","town":"文園町"}],"0075":[{"pref":"大阪府","city":"守口市","town":"紅屋町"}],"0091":[{"pref":"大阪府","city":"守口市","town":"北斗町"}],"0028":[{"pref":"大阪府","city":"守口市","town":"本町"}],"0052":[{"pref":"大阪府","city":"守口市","town":"松下町"}],"0085":[{"pref":"大阪府","city":"守口市","town":"松町"}],"0084":[{"pref":"大阪府","city":"守口市","town":"緑町"}],"0045":[{"pref":"大阪府","city":"守口市","town":"南寺方中通"}],"0044":[{"pref":"大阪府","city":"守口市","town":"南寺方南通"}],"0046":[{"pref":"大阪府","city":"守口市","town":"南寺方北通"}],"0097":[{"pref":"大阪府","city":"守口市","town":"桃町"}],"0005":[{"pref":"大阪府","city":"守口市","town":"八雲中町"}],"0021":[{"pref":"大阪府","city":"守口市","town":"八雲東町"}],"0006":[{"pref":"大阪府","city":"守口市","town":"八雲西町"}],"0008":[{"pref":"大阪府","city":"守口市","town":"八雲北町"}],"0095":[{"pref":"大阪府","city":"守口市","town":"八島町"}],"0004":[{"pref":"大阪府","city":"守口市","town":"淀江町"}],"0029":[{"pref":"大阪府","city":"守口市","town":"来迎町"}]}