{"1271":[{"pref":"北海道","city":"旭川市","town":"東旭川町東桜岡（その他）"}],"1272":[{"pref":"北海道","city":"旭川市","town":"東旭川町豊田（その他）"}],"1273":[{"pref":"北海道","city":"旭川市","town":"東旭川町米原"}],"1274":[{"pref":"北海道","city":"旭川市","town":"東旭川町瑞穂"}],"1300":[{"pref":"北海道","city":"上川郡当麻町","town":"以下に掲載がない場合"}],"1303":[{"pref":"北海道","city":"上川郡当麻町","town":"三条西"}],"1304":[{"pref":"北海道","city":"上川郡当麻町","town":"四条西"}],"1305":[{"pref":"北海道","city":"上川郡当麻町","town":"五条西"}],"1306":[{"pref":"北海道","city":"上川郡当麻町","town":"六条西"}],"1313":[{"pref":"北海道","city":"上川郡当麻町","town":"三条東"}],"1314":[{"pref":"北海道","city":"上川郡当麻町","town":"四条東"}],"1315":[{"pref":"北海道","city":"上川郡当麻町","town":"五条東"}],"1316":[{"pref":"北海道","city":"上川郡当麻町","town":"六条東"}],"1324":[{"pref":"北海道","city":"上川郡当麻町","town":"四条南"}],"1331":[{"pref":"北海道","city":"上川郡当麻町","town":"中央"}],"1332":[{"pref":"北海道","city":"上川郡当麻町","town":"宇園別"}],"1333":[{"pref":"北海道","city":"上川郡当麻町","town":"伊香牛"}],"1334":[{"pref":"北海道","city":"上川郡当麻町","town":"北星"}],"1335":[{"pref":"北海道","city":"上川郡当麻町","town":"緑郷"}],"1337":[{"pref":"北海道","city":"上川郡当麻町","town":"東"}],"1341":[{"pref":"北海道","city":"上川郡当麻町","town":"開明"}],"1400":[{"pref":"北海道","city":"上川郡愛別町","town":"以下に掲載がない場合"}],"1401":[{"pref":"北海道","city":"上川郡愛別町","town":"愛別"}],"1402":[{"pref":"北海道","city":"上川郡愛別町","town":"東町"}],"1403":[{"pref":"北海道","city":"上川郡愛別町","town":"南町"}],"1404":[{"pref":"北海道","city":"上川郡愛別町","town":"北町"}],"1405":[{"pref":"北海道","city":"上川郡愛別町","town":"本町"}],"1411":[{"pref":"北海道","city":"上川郡愛別町","town":"金富"}],"1412":[{"pref":"北海道","city":"上川郡愛別町","town":"厚生"}],"1413":[{"pref":"北海道","city":"上川郡愛別町","town":"伏古"}],"1414":[{"pref":"北海道","city":"上川郡愛別町","town":"協和"}],"1415":[{"pref":"北海道","city":"上川郡愛別町","town":"徳星"}],"1651":[{"pref":"北海道","city":"上川郡愛別町","town":"豊里"}],"1652":[{"pref":"北海道","city":"上川郡愛別町","town":"中央"}],"1653":[{"pref":"北海道","city":"上川郡愛別町","town":"愛山"}],"1654":[{"pref":"北海道","city":"上川郡愛別町","town":"愛山町"}],"1700":[{"pref":"北海道","city":"上川郡上川町","town":"以下に掲載がない場合"}],"1701":[{"pref":"北海道","city":"上川郡上川町","town":"層雲峡"}],"1711":[{"pref":"北海道","city":"上川郡上川町","town":"清川"}],"1712":[{"pref":"北海道","city":"上川郡上川町","town":"白川"}],"1721":[{"pref":"北海道","city":"上川郡上川町","town":"菊水"}],"1722":[{"pref":"北海道","city":"上川郡上川町","town":"新光町"}],"1731":[{"pref":"北海道","city":"上川郡上川町","town":"東雲"}],"1732":[{"pref":"北海道","city":"上川郡上川町","town":"共進"}],"1733":[{"pref":"北海道","city":"上川郡上川町","town":"栄町"}],"1741":[{"pref":"北海道","city":"上川郡上川町","town":"中央町"}],"1742":[{"pref":"北海道","city":"上川郡上川町","town":"西町"}],"1743":[{"pref":"北海道","city":"上川郡上川町","town":"花園町"}],"1744":[{"pref":"北海道","city":"上川郡上川町","town":"北町"}],"1751":[{"pref":"北海道","city":"上川郡上川町","town":"本町"}],"1752":[{"pref":"北海道","city":"上川郡上川町","town":"川端町"}],"1753":[{"pref":"北海道","city":"上川郡上川町","town":"南町"}],"1761":[{"pref":"北海道","city":"上川郡上川町","town":"旭町"}],"1762":[{"pref":"北海道","city":"上川郡上川町","town":"新町"}],"1763":[{"pref":"北海道","city":"上川郡上川町","town":"東町"}],"1771":[{"pref":"北海道","city":"上川郡上川町","town":"中越"}],"1772":[{"pref":"北海道","city":"上川郡上川町","town":"天幕"}],"1773":[{"pref":"北海道","city":"上川郡上川町","town":"日東"}],"1774":[{"pref":"北海道","city":"上川郡上川町","town":"豊原"}],"1775":[{"pref":"北海道","city":"上川郡上川町","town":"越路"}],"2100":[{"pref":"北海道","city":"雨竜郡秩父別町","town":"以下に掲載がない場合"}],"2101":[{"pref":"北海道","city":"雨竜郡秩父別町","town":"１条"}],"2102":[{"pref":"北海道","city":"雨竜郡秩父別町","town":"２条"}],"2103":[{"pref":"北海道","city":"雨竜郡秩父別町","town":"３条"}],"2104":[{"pref":"北海道","city":"雨竜郡秩父別町","town":"４条"}],"2105":[{"pref":"北海道","city":"雨竜郡秩父別町","town":"５条"}],"2106":[{"pref":"北海道","city":"雨竜郡秩父別町","town":"６条"}],"2107":[{"pref":"北海道","city":"雨竜郡秩父別町","town":"７条"}],"2108":[{"pref":"北海道","city":"雨竜郡秩父別町","town":"８条"}],"2109":[{"pref":"北海道","city":"雨竜郡秩父別町","town":"９条"}],"2111":[{"pref":"北海道","city":"雨竜郡秩父別町","town":"南１条"}],"2112":[{"pref":"北海道","city":"雨竜郡秩父別町","town":"南２条"}],"2121":[{"pref":"北海道","city":"雨竜郡秩父別町","town":"滝の上"}],"2122":[{"pref":"北海道","city":"雨竜郡秩父別町","town":"中山"}],"2123":[{"pref":"北海道","city":"雨竜郡秩父別町","town":"東山"}],"2124":[{"pref":"北海道","city":"雨竜郡秩父別町","town":"南山"}],"2200":[{"pref":"北海道","city":"雨竜郡沼田町","town":"以下に掲載がない場合"}],"2201":[{"pref":"北海道","city":"雨竜郡沼田町","town":"旭町"}],"2202":[{"pref":"北海道","city":"雨竜郡沼田町","town":"南一条"}],"2203":[{"pref":"北海道","city":"雨竜郡沼田町","town":"本通"}],"2204":[{"pref":"北海道","city":"雨竜郡沼田町","town":"西町"}],"2205":[{"pref":"北海道","city":"雨竜郡沼田町","town":"北一条"}],"2206":[{"pref":"北海道","city":"雨竜郡沼田町","town":"緑町"}],"2211":[{"pref":"北海道","city":"雨竜郡沼田町","town":"更新"}],"2212":[{"pref":"北海道","city":"雨竜郡沼田町","town":"東予"}],"2213":[{"pref":"北海道","city":"雨竜郡沼田町","town":"共成"}],"2214":[{"pref":"北海道","city":"雨竜郡沼田町","town":"高穂"}],"2221":[{"pref":"北海道","city":"雨竜郡沼田町","town":"真布"}],"2222":[{"pref":"北海道","city":"雨竜郡沼田町","town":"沼田"}],"2223":[{"pref":"北海道","city":"雨竜郡沼田町","town":"北竜"}],"2224":[{"pref":"北海道","city":"雨竜郡沼田町","town":"恵比島"}],"2225":[{"pref":"北海道","city":"雨竜郡沼田町","town":"幌新"}],"2500":[{"pref":"北海道","city":"雨竜郡北竜町","town":"以下に掲載がない場合"}],"2501":[{"pref":"北海道","city":"雨竜郡北竜町","town":"美葉牛"}],"2502":[{"pref":"北海道","city":"雨竜郡北竜町","town":"岩村"}],"2503":[{"pref":"北海道","city":"雨竜郡北竜町","town":"碧水"}],"2511":[{"pref":"北海道","city":"雨竜郡北竜町","town":"板谷"}],"2512":[{"pref":"北海道","city":"雨竜郡北竜町","town":"和"}],"2513":[{"pref":"北海道","city":"雨竜郡北竜町","town":"三谷"}],"2514":[{"pref":"北海道","city":"雨竜郡北竜町","town":"恵岱別"}],"2515":[{"pref":"北海道","city":"雨竜郡北竜町","town":"竜西"}],"2516":[{"pref":"北海道","city":"雨竜郡北竜町","town":"西川"}],"2531":[{"pref":"北海道","city":"雨竜郡雨竜町","town":"第５町内（３）"}],"2600":[{"pref":"北海道","city":"雨竜郡雨竜町","town":"以下に掲載がない場合"}],"2631":[{"pref":"北海道","city":"雨竜郡雨竜町","town":"第１町内"}],"2632":[{"pref":"北海道","city":"雨竜郡雨竜町","town":"第２町内"}],"2633":[{"pref":"北海道","city":"雨竜郡雨竜町","town":"第３町内"}],"2634":[{"pref":"北海道","city":"雨竜郡雨竜町","town":"第４町内"}],"2635":[{"pref":"北海道","city":"雨竜郡雨竜町","town":"第５町内（その他）"}],"2636":[{"pref":"北海道","city":"雨竜郡雨竜町","town":"第６町内"}],"2637":[{"pref":"北海道","city":"雨竜郡雨竜町","town":"第７町内"}],"2638":[{"pref":"北海道","city":"雨竜郡雨竜町","town":"第８町内"}],"2639":[{"pref":"北海道","city":"雨竜郡雨竜町","town":"第９町内"}],"2641":[{"pref":"北海道","city":"雨竜郡雨竜町","town":"第１０町内"}],"2642":[{"pref":"北海道","city":"雨竜郡雨竜町","town":"第１１町内"}],"2651":[{"pref":"北海道","city":"樺戸郡新十津川町","town":"美沢"}],"3161":[{"pref":"北海道","city":"留萌市","town":"留萌村（峠下）"}],"3162":[{"pref":"北海道","city":"留萌市","town":"東幌町"}],"3163":[{"pref":"北海道","city":"留萌市","town":"南幌町"}],"3164":[{"pref":"北海道","city":"留萌市","town":"留萌村（幌糠）"}],"3165":[{"pref":"北海道","city":"留萌市","town":"藤山町"},{"pref":"北海道","city":"留萌市","town":"留萌原野（その他）"}],"3166":[{"pref":"北海道","city":"留萌市","town":"中幌町"}],"3167":[{"pref":"北海道","city":"留萌市","town":"樽真布町"}],"3168":[{"pref":"北海道","city":"留萌市","town":"幌糠町"}],"3300":[{"pref":"北海道","city":"留萌郡小平町","town":"以下に掲載がない場合"}],"3301":[{"pref":"北海道","city":"留萌郡小平町","town":"小平町"}],"3302":[{"pref":"北海道","city":"留萌郡小平町","town":"臼谷"}],"3303":[{"pref":"北海道","city":"留萌郡小平町","town":"豊平"}],"3304":[{"pref":"北海道","city":"留萌郡小平町","town":"本郷"}],"3305":[{"pref":"北海道","city":"留萌郡小平町","town":"桑園"}],"3306":[{"pref":"北海道","city":"留萌郡小平町","town":"菊岡"}],"3307":[{"pref":"北海道","city":"留萌郡小平町","town":"豊岡"}],"3308":[{"pref":"北海道","city":"留萌郡小平町","town":"岐富"}],"3309":[{"pref":"北海道","city":"留萌郡小平町","town":"沖内"}],"3311":[{"pref":"北海道","city":"留萌郡小平町","town":"花岡"}],"3312":[{"pref":"北海道","city":"留萌郡小平町","town":"富里"}],"3313":[{"pref":"北海道","city":"留萌郡小平町","town":"平和（１区）"}],"3441":[{"pref":"北海道","city":"留萌郡小平町","town":"鬼鹿港町"}],"3442":[{"pref":"北海道","city":"留萌郡小平町","town":"鬼鹿田代"}],"3451":[{"pref":"北海道","city":"留萌郡小平町","town":"鬼鹿豊浜"}],"3452":[{"pref":"北海道","city":"留萌郡小平町","town":"鬼鹿千松"}],"3453":[{"pref":"北海道","city":"留萌郡小平町","town":"鬼鹿元浜"}],"3454":[{"pref":"北海道","city":"留萌郡小平町","town":"鬼鹿広富"}],"3455":[{"pref":"北海道","city":"留萌郡小平町","town":"鬼鹿秀浦"}],"3456":[{"pref":"北海道","city":"留萌郡小平町","town":"鬼鹿富岡"}],"3457":[{"pref":"北海道","city":"留萌郡小平町","town":"大椴"}],"3541":[{"pref":"北海道","city":"苫前郡苫前町","town":"力昼"}],"3621":[{"pref":"北海道","city":"苫前郡苫前町","town":"古丹別"}],"3631":[{"pref":"北海道","city":"苫前郡苫前町","town":"香川（３３８～８４９番地）"}],"3632":[{"pref":"北海道","city":"苫前郡苫前町","town":"長島"}],"3633":[{"pref":"北海道","city":"苫前郡苫前町","town":"小川"}],"3634":[{"pref":"北海道","city":"苫前郡苫前町","town":"岩見"}],"3635":[{"pref":"北海道","city":"苫前郡苫前町","town":"東川"}],"3636":[{"pref":"北海道","city":"苫前郡苫前町","town":"霧立"}],"3637":[{"pref":"北海道","city":"苫前郡苫前町","town":"九重"}],"3638":[{"pref":"北海道","city":"苫前郡苫前町","town":"三渓"}],"3700":[{"pref":"北海道","city":"苫前郡苫前町","town":"以下に掲載がない場合"}],"3701":[{"pref":"北海道","city":"苫前郡苫前町","town":"苫前"}],"3702":[{"pref":"北海道","city":"苫前郡苫前町","town":"栄浜"}],"3711":[{"pref":"北海道","city":"苫前郡苫前町","town":"旭"}],"3712":[{"pref":"北海道","city":"苫前郡苫前町","town":"上平"}],"3713":[{"pref":"北海道","city":"苫前郡苫前町","town":"興津"}],"3714":[{"pref":"北海道","city":"苫前郡苫前町","town":"香川（その他）"}],"3715":[{"pref":"北海道","city":"苫前郡苫前町","town":"昭和"}],"3716":[{"pref":"北海道","city":"苫前郡苫前町","town":"豊浦"}],"3717":[{"pref":"北海道","city":"苫前郡苫前町","town":"三豊"}],"3871":[{"pref":"北海道","city":"苫前郡羽幌町","town":"焼尻"}],"3951":[{"pref":"北海道","city":"苫前郡羽幌町","town":"天売（相影）"}],"3952":[{"pref":"北海道","city":"苫前郡羽幌町","town":"天売（富磯）"}],"3953":[{"pref":"北海道","city":"苫前郡羽幌町","town":"天売（和浦）"}],"3954":[{"pref":"北海道","city":"苫前郡羽幌町","town":"天売（前浜）"}],"3955":[{"pref":"北海道","city":"苫前郡羽幌町","town":"天売（弁天）"}],"4100":[{"pref":"北海道","city":"苫前郡羽幌町","town":"以下に掲載がない場合"}],"4101":[{"pref":"北海道","city":"苫前郡羽幌町","town":"南一条"}],"4102":[{"pref":"北海道","city":"苫前郡羽幌町","town":"南二条"}],"4103":[{"pref":"北海道","city":"苫前郡羽幌町","town":"南三条"}],"4104":[{"pref":"北海道","city":"苫前郡羽幌町","town":"南四条"}],"4105":[{"pref":"北海道","city":"苫前郡羽幌町","town":"南五条"}],"4106":[{"pref":"北海道","city":"苫前郡羽幌町","town":"南六条"}],"4107":[{"pref":"北海道","city":"苫前郡羽幌町","town":"南七条"}],"4108":[{"pref":"北海道","city":"苫前郡羽幌町","town":"南大通"}],"4110":[{"pref":"北海道","city":"苫前郡羽幌町","town":"北大通"}],"4111":[{"pref":"北海道","city":"苫前郡羽幌町","town":"北一条"}],"4112":[{"pref":"北海道","city":"苫前郡羽幌町","town":"北二条"}],"4113":[{"pref":"北海道","city":"苫前郡羽幌町","town":"北三条"}],"4114":[{"pref":"北海道","city":"苫前郡羽幌町","town":"北四条"}],"4115":[{"pref":"北海道","city":"苫前郡羽幌町","town":"北五条"}],"4116":[{"pref":"北海道","city":"苫前郡羽幌町","town":"北六条"}],"4117":[{"pref":"北海道","city":"苫前郡羽幌町","town":"朝日"}],"4118":[{"pref":"北海道","city":"苫前郡羽幌町","town":"浜町"}],"4119":[{"pref":"北海道","city":"苫前郡羽幌町","town":"北町"}],"4120":[{"pref":"北海道","city":"苫前郡羽幌町","town":"港町"}],"4121":[{"pref":"北海道","city":"苫前郡羽幌町","town":"幸町"}],"4122":[{"pref":"北海道","city":"苫前郡羽幌町","town":"南町"}],"4123":[{"pref":"北海道","city":"苫前郡羽幌町","town":"栄町"}],"4130":[{"pref":"北海道","city":"苫前郡羽幌町","town":"緑町"}],"4131":[{"pref":"北海道","city":"苫前郡羽幌町","town":"寿町"}],"4132":[{"pref":"北海道","city":"苫前郡羽幌町","town":"中央"}],"4133":[{"pref":"北海道","city":"苫前郡羽幌町","town":"平"}],"4134":[{"pref":"北海道","city":"苫前郡羽幌町","town":"上羽幌"}],"4140":[{"pref":"北海道","city":"苫前郡羽幌町","town":"汐見"}],"4141":[{"pref":"北海道","city":"苫前郡羽幌町","town":"築別"}],"4142":[{"pref":"北海道","city":"苫前郡羽幌町","town":"上築"}],"4143":[{"pref":"北海道","city":"苫前郡羽幌町","town":"高台"}],"4144":[{"pref":"北海道","city":"苫前郡羽幌町","town":"曙"}],"4145":[{"pref":"北海道","city":"苫前郡羽幌町","town":"築別炭砿"}],"4400":[{"pref":"北海道","city":"苫前郡初山別村","town":"以下に掲載がない場合"}],"4411":[{"pref":"北海道","city":"苫前郡初山別村","town":"有明"}],"4412":[{"pref":"北海道","city":"苫前郡初山別村","town":"栄"}],"4421":[{"pref":"北海道","city":"苫前郡初山別村","town":"初山別"}],"4422":[{"pref":"北海道","city":"苫前郡初山別村","town":"千代田"}],"4431":[{"pref":"北海道","city":"苫前郡初山別村","town":"豊岬"}],"4432":[{"pref":"北海道","city":"苫前郡初山別村","town":"明里"}],"4433":[{"pref":"北海道","city":"苫前郡初山別村","town":"共成"}],"8201":[{"pref":"北海道","city":"旭川市","town":"東旭川町東桜岡（３０～４９９番地）"}],"8202":[{"pref":"北海道","city":"旭川市","town":"東旭川町豊田（１～９番地）"}],"8203":[{"pref":"北海道","city":"旭川市","town":"東旭川町日ノ出"}],"8204":[{"pref":"北海道","city":"旭川市","town":"東旭川町桜岡"}],"8205":[{"pref":"北海道","city":"旭川市","town":"東旭川町倉沼"}],"8206":[{"pref":"北海道","city":"旭川市","town":"東旭川町忠別"}],"8207":[{"pref":"北海道","city":"旭川市","town":"東旭川町上兵村"}],"8208":[{"pref":"北海道","city":"旭川市","town":"東旭川町下兵村"}],"8211":[{"pref":"北海道","city":"旭川市","town":"１条通（１８～２５丁目）"}],"8212":[{"pref":"北海道","city":"旭川市","town":"２条通（１８～２５丁目）"}],"8213":[{"pref":"北海道","city":"旭川市","town":"３条通（１８～２５丁目）"}],"8214":[{"pref":"北海道","city":"旭川市","town":"４条通（１８～２５丁目）"}],"8215":[{"pref":"北海道","city":"旭川市","town":"５条通（１８～２５丁目）"}],"8216":[{"pref":"北海道","city":"旭川市","town":"６条通（１８～２５丁目）"}],"8217":[{"pref":"北海道","city":"旭川市","town":"７条通（１８～２５丁目）"}],"8218":[{"pref":"北海道","city":"旭川市","town":"８条通（１８～２５丁目）"}],"8219":[{"pref":"北海道","city":"旭川市","town":"９条通（１８～２５丁目）"}],"8220":[{"pref":"北海道","city":"旭川市","town":"１０条通（１８～２５丁目）"}],"8221":[{"pref":"北海道","city":"旭川市","town":"１１条通"}],"8231":[{"pref":"北海道","city":"旭川市","town":"豊岡１条"}],"8232":[{"pref":"北海道","city":"旭川市","town":"豊岡２条"}],"8233":[{"pref":"北海道","city":"旭川市","town":"豊岡３条"}],"8234":[{"pref":"北海道","city":"旭川市","town":"豊岡４条"}],"8235":[{"pref":"北海道","city":"旭川市","town":"豊岡５条"}],"8236":[{"pref":"北海道","city":"旭川市","town":"豊岡６条"}],"8237":[{"pref":"北海道","city":"旭川市","town":"豊岡７条"}],"8238":[{"pref":"北海道","city":"旭川市","town":"豊岡８条"}],"8239":[{"pref":"北海道","city":"旭川市","town":"豊岡９条"}],"8240":[{"pref":"北海道","city":"旭川市","town":"豊岡１０条"}],"8241":[{"pref":"北海道","city":"旭川市","town":"豊岡１１条"}],"8242":[{"pref":"北海道","city":"旭川市","town":"豊岡１２条"}],"8243":[{"pref":"北海道","city":"旭川市","town":"豊岡１３条"}],"8244":[{"pref":"北海道","city":"旭川市","town":"豊岡１４条"}],"8245":[{"pref":"北海道","city":"旭川市","town":"豊岡１５条"}],"8246":[{"pref":"北海道","city":"旭川市","town":"豊岡１６条"}],"8251":[{"pref":"北海道","city":"旭川市","town":"東旭川北１条"}],"8252":[{"pref":"北海道","city":"旭川市","town":"東旭川北２条"}],"8253":[{"pref":"北海道","city":"旭川市","town":"東旭川北３条"}],"8261":[{"pref":"北海道","city":"旭川市","town":"東旭川南１条"}],"8262":[{"pref":"北海道","city":"旭川市","town":"東旭川南２条"}],"8271":[{"pref":"北海道","city":"旭川市","town":"工業団地１条"}],"8272":[{"pref":"北海道","city":"旭川市","town":"工業団地２条"}],"8273":[{"pref":"北海道","city":"旭川市","town":"工業団地３条"}],"8274":[{"pref":"北海道","city":"旭川市","town":"工業団地４条"}],"8275":[{"pref":"北海道","city":"旭川市","town":"工業団地５条"}],"8301":[{"pref":"北海道","city":"旭川市","town":"緑が丘１条"}],"8302":[{"pref":"北海道","city":"旭川市","town":"緑が丘２条"}],"8303":[{"pref":"北海道","city":"旭川市","town":"緑が丘３条"}],"8304":[{"pref":"北海道","city":"旭川市","town":"緑が丘４条"}],"8305":[{"pref":"北海道","city":"旭川市","town":"緑が丘５条"}],"8308":[{"pref":"北海道","city":"旭川市","town":"旭神町"}],"8311":[{"pref":"北海道","city":"旭川市","town":"神楽岡１条"}],"8312":[{"pref":"北海道","city":"旭川市","town":"神楽岡２条"}],"8313":[{"pref":"北海道","city":"旭川市","town":"神楽岡３条"}],"8314":[{"pref":"北海道","city":"旭川市","town":"神楽岡４条"}],"8315":[{"pref":"北海道","city":"旭川市","town":"神楽岡５条"}],"8316":[{"pref":"北海道","city":"旭川市","town":"神楽岡６条"}],"8317":[{"pref":"北海道","city":"旭川市","town":"神楽岡７条"}],"8318":[{"pref":"北海道","city":"旭川市","town":"神楽岡８条"}],"8319":[{"pref":"北海道","city":"旭川市","town":"神楽岡９条"}],"8320":[{"pref":"北海道","city":"旭川市","town":"神楽岡１０条"}],"8321":[{"pref":"北海道","city":"旭川市","town":"神楽岡１１条"}],"8322":[{"pref":"北海道","city":"旭川市","town":"神楽岡１２条"}],"8323":[{"pref":"北海道","city":"旭川市","town":"神楽岡１３条"}],"8324":[{"pref":"北海道","city":"旭川市","town":"神楽岡１４条"}],"8325":[{"pref":"北海道","city":"旭川市","town":"神楽岡１５条"}],"8326":[{"pref":"北海道","city":"旭川市","town":"神楽岡１６条"}],"8327":[{"pref":"北海道","city":"旭川市","town":"神楽岡公園"}],"8330":[{"pref":"北海道","city":"旭川市","town":"宮下通（１８～２６丁目）"}],"8331":[{"pref":"北海道","city":"旭川市","town":"南１条通"}],"8332":[{"pref":"北海道","city":"旭川市","town":"南２条通"}],"8333":[{"pref":"北海道","city":"旭川市","town":"南３条通"}],"8334":[{"pref":"北海道","city":"旭川市","town":"南４条通"}],"8335":[{"pref":"北海道","city":"旭川市","town":"南５条通"}],"8336":[{"pref":"北海道","city":"旭川市","town":"南６条通"}],"8337":[{"pref":"北海道","city":"旭川市","town":"南７条通"}],"8338":[{"pref":"北海道","city":"旭川市","town":"南８条通"}],"8339":[{"pref":"北海道","city":"旭川市","town":"南９条通"}],"8340":[{"pref":"北海道","city":"旭川市","town":"東旭川町共栄"}],"8341":[{"pref":"北海道","city":"旭川市","town":"東光１条"}],"8342":[{"pref":"北海道","city":"旭川市","town":"東光２条"}],"8343":[{"pref":"北海道","city":"旭川市","town":"東光３条"}],"8344":[{"pref":"北海道","city":"旭川市","town":"東光４条"}],"8345":[{"pref":"北海道","city":"旭川市","town":"東光５条"}],"8346":[{"pref":"北海道","city":"旭川市","town":"東光６条"}],"8347":[{"pref":"北海道","city":"旭川市","town":"東光７条"}],"8348":[{"pref":"北海道","city":"旭川市","town":"東光８条"}],"8349":[{"pref":"北海道","city":"旭川市","town":"東光９条"}],"8350":[{"pref":"北海道","city":"旭川市","town":"東光１０条"}],"8351":[{"pref":"北海道","city":"旭川市","town":"東光１１条"}],"8352":[{"pref":"北海道","city":"旭川市","town":"東光１２条"}],"8353":[{"pref":"北海道","city":"旭川市","town":"東光１３条"}],"8354":[{"pref":"北海道","city":"旭川市","town":"東光１４条"}],"8355":[{"pref":"北海道","city":"旭川市","town":"東光１５条"}],"8356":[{"pref":"北海道","city":"旭川市","town":"東光１６条"}],"8357":[{"pref":"北海道","city":"旭川市","town":"東光１７条"}],"8358":[{"pref":"北海道","city":"旭川市","town":"東光１８条"}],"8359":[{"pref":"北海道","city":"旭川市","town":"東光１９条"}],"8360":[{"pref":"北海道","city":"旭川市","town":"東光２０条"}],"8361":[{"pref":"北海道","city":"旭川市","town":"東光２１条"}],"8362":[{"pref":"北海道","city":"旭川市","town":"東光２２条"}],"8363":[{"pref":"北海道","city":"旭川市","town":"東光２３条"}],"8364":[{"pref":"北海道","city":"旭川市","town":"東光２４条"}],"8365":[{"pref":"北海道","city":"旭川市","town":"東光２５条"}],"8366":[{"pref":"北海道","city":"旭川市","town":"東光２６条"}],"8367":[{"pref":"北海道","city":"旭川市","town":"東光２７条"}],"8368":[{"pref":"北海道","city":"旭川市","town":"東旭川町旭正"}],"8371":[{"pref":"北海道","city":"旭川市","town":"旭神１条"}],"8372":[{"pref":"北海道","city":"旭川市","town":"旭神２条"}],"8373":[{"pref":"北海道","city":"旭川市","town":"旭神３条"}],"8381":[{"pref":"北海道","city":"旭川市","town":"西神楽１線"}],"8382":[{"pref":"北海道","city":"旭川市","town":"西神楽２線"}],"8383":[{"pref":"北海道","city":"旭川市","town":"西神楽３線"}],"8391":[{"pref":"北海道","city":"旭川市","town":"宮前１条"}],"8392":[{"pref":"北海道","city":"旭川市","town":"宮前２条"}],"8801":[{"pref":"北海道","city":"旭川市","town":"緑が丘東１条"}],"8802":[{"pref":"北海道","city":"旭川市","town":"緑が丘東２条"}],"8803":[{"pref":"北海道","city":"旭川市","town":"緑が丘東３条"}],"8804":[{"pref":"北海道","city":"旭川市","town":"緑が丘東４条"}],"8805":[{"pref":"北海道","city":"旭川市","town":"緑が丘東５条"}],"8811":[{"pref":"北海道","city":"旭川市","town":"緑が丘南１条"}],"8812":[{"pref":"北海道","city":"旭川市","town":"緑が丘南２条"}],"8813":[{"pref":"北海道","city":"旭川市","town":"緑が丘南３条"}],"8814":[{"pref":"北海道","city":"旭川市","town":"緑が丘南４条"}],"8815":[{"pref":"北海道","city":"旭川市","town":"緑が丘南５条"}],"8821":[{"pref":"北海道","city":"旭川市","town":"西御料１条"}],"8822":[{"pref":"北海道","city":"旭川市","town":"西御料２条"}],"8823":[{"pref":"北海道","city":"旭川市","town":"西御料３条"}],"8824":[{"pref":"北海道","city":"旭川市","town":"西御料４条"}],"8825":[{"pref":"北海道","city":"旭川市","town":"西御料５条"}],"0185":[{"pref":"北海道","city":"旭川市","town":"神居町神居古潭"}],"0186":[{"pref":"北海道","city":"旭川市","town":"神居町西丘（８～２２番地）"}],"0151":[{"pref":"北海道","city":"深川市","town":"納内町"}],"0153":[{"pref":"北海道","city":"深川市","town":"納内町北"}],"0154":[{"pref":"北海道","city":"深川市","town":"納内町グリーンタウン"}],"0152":[{"pref":"北海道","city":"深川市","town":"音江町（内園）"}],"0300":[{"pref":"北海道","city":"上川郡比布町","town":"以下に掲載がない場合"}],"0310":[{"pref":"北海道","city":"上川郡比布町","town":"基線"}],"0348":[{"pref":"北海道","city":"上川郡比布町","town":"北町"}],"0321":[{"pref":"北海道","city":"上川郡比布町","town":"北１線"}],"0322":[{"pref":"北海道","city":"上川郡比布町","town":"北２線"}],"0323":[{"pref":"北海道","city":"上川郡比布町","town":"北３線"}],"0324":[{"pref":"北海道","city":"上川郡比布町","town":"北４線"}],"0325":[{"pref":"北海道","city":"上川郡比布町","town":"北５線"}],"0326":[{"pref":"北海道","city":"上川郡比布町","town":"北６線"}],"0327":[{"pref":"北海道","city":"上川郡比布町","town":"北７線"}],"0328":[{"pref":"北海道","city":"上川郡比布町","town":"北８線"}],"0329":[{"pref":"北海道","city":"上川郡比布町","town":"北９線"}],"0330":[{"pref":"北海道","city":"上川郡比布町","town":"北１０線"}],"0331":[{"pref":"北海道","city":"上川郡比布町","town":"北１１線"}],"0332":[{"pref":"北海道","city":"上川郡比布町","town":"北１２線"}],"0333":[{"pref":"北海道","city":"上川郡比布町","town":"北１３線"}],"0334":[{"pref":"北海道","city":"上川郡比布町","town":"北１４線"}],"0335":[{"pref":"北海道","city":"上川郡比布町","town":"北１５線"}],"0349":[{"pref":"北海道","city":"上川郡比布町","town":"寿町"}],"0341":[{"pref":"北海道","city":"上川郡比布町","town":"市街地"}],"0346":[{"pref":"北海道","city":"上川郡比布町","town":"新町"}],"0343":[{"pref":"北海道","city":"上川郡比布町","town":"中町"}],"0342":[{"pref":"北海道","city":"上川郡比布町","town":"西町"}],"0347":[{"pref":"北海道","city":"上川郡比布町","town":"東町"}],"0344":[{"pref":"北海道","city":"上川郡比布町","town":"緑町"}],"0311":[{"pref":"北海道","city":"上川郡比布町","town":"南１線"}],"0345":[{"pref":"北海道","city":"上川郡比布町","town":"南町"}]}