{"1151":[{"pref":"福島県","city":"郡山市","town":"田村町金沢"}],"1152":[{"pref":"福島県","city":"郡山市","town":"田村町細田"}],"1153":[{"pref":"福島県","city":"郡山市","town":"田村町大供"}],"1154":[{"pref":"福島県","city":"郡山市","town":"田村町岩作"}],"1155":[{"pref":"福島県","city":"郡山市","town":"田村町守山"}],"1156":[{"pref":"福島県","city":"郡山市","town":"田村町東山"}],"1161":[{"pref":"福島県","city":"郡山市","town":"田村町大善寺"}],"1162":[{"pref":"福島県","city":"郡山市","town":"田村町山中"}],"1163":[{"pref":"福島県","city":"郡山市","town":"田村町正直"}],"1164":[{"pref":"福島県","city":"郡山市","town":"田村町御代田"}],"1165":[{"pref":"福島県","city":"郡山市","town":"田村町徳定"}],"1241":[{"pref":"福島県","city":"郡山市","town":"田村町川曲"}],"1242":[{"pref":"福島県","city":"郡山市","town":"田村町糠塚"}],"1243":[{"pref":"福島県","city":"郡山市","town":"田村町田母神"}],"1244":[{"pref":"福島県","city":"郡山市","town":"田村町栃本"}],"1245":[{"pref":"福島県","city":"郡山市","town":"田村町栃山神"}],"1246":[{"pref":"福島県","city":"郡山市","town":"田村町谷田川"}],"1247":[{"pref":"福島県","city":"郡山市","town":"田村町下道渡"}],"1248":[{"pref":"福島県","city":"郡山市","town":"田村町上道渡"}],"1301":[{"pref":"福島県","city":"郡山市","town":"熱海町石筵"}],"1302":[{"pref":"福島県","city":"郡山市","town":"熱海町高玉"}],"1303":[{"pref":"福島県","city":"郡山市","town":"熱海町玉川"}],"1304":[{"pref":"福島県","city":"郡山市","town":"熱海町安子島"}],"1305":[{"pref":"福島県","city":"郡山市","town":"熱海町下伊豆島"}],"1306":[{"pref":"福島県","city":"郡山市","town":"熱海町上伊豆島"}],"1307":[{"pref":"福島県","city":"郡山市","town":"熱海町長橋"}],"1308":[{"pref":"福島県","city":"郡山市","town":"熱海町中山"}],"1309":[{"pref":"福島県","city":"郡山市","town":"熱海町熱海"}],"1311":[{"pref":"福島県","city":"郡山市","town":"上伊豆島"}],"1411":[{"pref":"福島県","city":"郡山市","town":"湖南町舟津"}],"1412":[{"pref":"福島県","city":"郡山市","town":"湖南町舘"}],"1413":[{"pref":"福島県","city":"郡山市","town":"湖南町横沢"}],"1414":[{"pref":"福島県","city":"郡山市","town":"湖南町浜路"}],"1521":[{"pref":"福島県","city":"郡山市","town":"湖南町中野"}],"1522":[{"pref":"福島県","city":"郡山市","town":"湖南町三代"}],"1631":[{"pref":"福島県","city":"郡山市","town":"湖南町赤津"}],"1632":[{"pref":"福島県","city":"郡山市","town":"湖南町馬入新田"}],"1633":[{"pref":"福島県","city":"郡山市","town":"湖南町福良"}],"3311":[{"pref":"福島県","city":"田村郡小野町","town":"湯沢"}],"3312":[{"pref":"福島県","city":"田村郡小野町","town":"夏井"}],"3313":[{"pref":"福島県","city":"田村郡小野町","town":"南田原井"}],"3314":[{"pref":"福島県","city":"田村郡小野町","town":"塩庭"}],"3315":[{"pref":"福島県","city":"田村郡小野町","town":"和名田"}],"3316":[{"pref":"福島県","city":"田村郡小野町","town":"上羽出庭"}],"3400":[{"pref":"福島県","city":"田村郡小野町","town":"以下に掲載がない場合"}],"3401":[{"pref":"福島県","city":"田村郡小野町","town":"小野新町"}],"3402":[{"pref":"福島県","city":"田村郡小野町","town":"谷津作"}],"3403":[{"pref":"福島県","city":"田村郡小野町","town":"小野赤沼"}],"3404":[{"pref":"福島県","city":"田村郡小野町","town":"菖蒲谷"}],"3405":[{"pref":"福島県","city":"田村郡小野町","town":"雁股田"}],"3406":[{"pref":"福島県","city":"田村郡小野町","town":"皮籠石"}],"3521":[{"pref":"福島県","city":"田村郡小野町","town":"飯豊"}],"3522":[{"pref":"福島県","city":"田村郡小野町","town":"小戸神"}],"3523":[{"pref":"福島県","city":"田村郡小野町","town":"小野山神"}],"3524":[{"pref":"福島県","city":"田村郡小野町","town":"浮金"}],"3525":[{"pref":"福島県","city":"田村郡小野町","town":"吉野辺"}],"3601":[{"pref":"福島県","city":"田村市","town":"滝根町菅谷"}],"3602":[{"pref":"福島県","city":"田村市","town":"滝根町神俣"}],"3603":[{"pref":"福島県","city":"田村市","town":"滝根町広瀬"}],"4111":[{"pref":"福島県","city":"田村市","town":"大越町上大越"}],"4112":[{"pref":"福島県","city":"田村市","town":"大越町下大越"}],"4113":[{"pref":"福島県","city":"田村市","town":"大越町早稲川"}],"4114":[{"pref":"福島県","city":"田村市","town":"大越町牧野"}],"4115":[{"pref":"福島県","city":"田村市","town":"大越町栗出"}],"4201":[{"pref":"福島県","city":"田村市","town":"船引町永谷"}],"4202":[{"pref":"福島県","city":"田村市","town":"船引町椚山"}],"4203":[{"pref":"福島県","city":"田村市","town":"船引町門沢"}],"4204":[{"pref":"福島県","city":"田村市","town":"船引町堀越"}],"4205":[{"pref":"福島県","city":"田村市","town":"船引町遠山沢"}],"4300":[{"pref":"福島県","city":"田村市","town":"以下に掲載がない場合"}],"4311":[{"pref":"福島県","city":"田村市","town":"船引町今泉"}],"4312":[{"pref":"福島県","city":"田村市","town":"船引町船引"}],"4313":[{"pref":"福島県","city":"田村市","town":"船引町石森"}],"4314":[{"pref":"福島県","city":"田村市","town":"船引町文珠"}],"4315":[{"pref":"福島県","city":"田村市","town":"船引町春山"}],"4316":[{"pref":"福島県","city":"田村市","town":"船引町芦沢"}],"4317":[{"pref":"福島県","city":"田村市","town":"船引町東部台"}],"4318":[{"pref":"福島県","city":"田村市","town":"船引町光陽台"}],"4321":[{"pref":"福島県","city":"田村市","town":"船引町笹山"}],"4322":[{"pref":"福島県","city":"田村市","town":"船引町荒和田"}],"4323":[{"pref":"福島県","city":"田村市","town":"船引町要田"}],"4324":[{"pref":"福島県","city":"田村市","town":"船引町成田"}],"4431":[{"pref":"福島県","city":"田村市","town":"船引町石沢"}],"4432":[{"pref":"福島県","city":"田村市","town":"船引町長外路"}],"4433":[{"pref":"福島県","city":"田村市","town":"船引町北鹿又"}],"4434":[{"pref":"福島県","city":"田村市","town":"船引町門鹿"}],"4435":[{"pref":"福島県","city":"田村市","town":"船引町大倉"}],"4436":[{"pref":"福島県","city":"田村市","town":"船引町新舘"}],"4541":[{"pref":"福島県","city":"田村市","town":"船引町上移"}],"4542":[{"pref":"福島県","city":"田村市","town":"船引町横道"}],"4543":[{"pref":"福島県","city":"田村市","town":"船引町中山"}],"4544":[{"pref":"福島県","city":"田村市","town":"船引町南移"}],"4545":[{"pref":"福島県","city":"田村市","town":"船引町北移"}],"4601":[{"pref":"福島県","city":"田村市","town":"常葉町山根"}],"4602":[{"pref":"福島県","city":"田村市","town":"常葉町常葉"}],"4603":[{"pref":"福島県","city":"田村市","town":"常葉町西向"}],"4604":[{"pref":"福島県","city":"田村市","town":"常葉町鹿山"}],"4605":[{"pref":"福島県","city":"田村市","town":"常葉町久保"}],"4606":[{"pref":"福島県","city":"田村市","town":"常葉町新田作"}],"4611":[{"pref":"福島県","city":"田村市","town":"常葉町堀田"}],"4612":[{"pref":"福島県","city":"田村市","town":"常葉町早稲川"}],"4613":[{"pref":"福島県","city":"田村市","town":"常葉町関本"}],"4614":[{"pref":"福島県","city":"田村市","town":"常葉町小桧山"}],"4701":[{"pref":"福島県","city":"田村市","town":"都路町古道"}],"4702":[{"pref":"福島県","city":"田村市","town":"都路町岩井沢"}],"5100":[{"pref":"福島県","city":"東白川郡矢祭町","town":"以下に掲載がない場合"}],"5111":[{"pref":"福島県","city":"東白川郡矢祭町","town":"金沢"}],"5112":[{"pref":"福島県","city":"東白川郡矢祭町","town":"宝坂"}],"5113":[{"pref":"福島県","city":"東白川郡矢祭町","town":"下関河内"}],"5114":[{"pref":"福島県","city":"東白川郡矢祭町","town":"大ぬかり"}],"5115":[{"pref":"福島県","city":"東白川郡矢祭町","town":"上関河内"}],"5116":[{"pref":"福島県","city":"東白川郡矢祭町","town":"高野"}],"5117":[{"pref":"福島県","city":"東白川郡矢祭町","town":"山下"}],"5118":[{"pref":"福島県","city":"東白川郡矢祭町","town":"東舘"}],"5119":[{"pref":"福島県","city":"東白川郡矢祭町","town":"小田川"}],"5201":[{"pref":"福島県","city":"東白川郡矢祭町","town":"中石井"}],"5202":[{"pref":"福島県","city":"東白川郡矢祭町","town":"下石井"}],"5203":[{"pref":"福島県","city":"東白川郡矢祭町","town":"戸塚"}],"5321":[{"pref":"福島県","city":"東白川郡矢祭町","town":"関岡"}],"5322":[{"pref":"福島県","city":"東白川郡矢祭町","town":"内川"}],"5323":[{"pref":"福島県","city":"東白川郡矢祭町","town":"茗荷"}],"5341":[{"pref":"福島県","city":"東白川郡塙町","town":"台宿"}],"5342":[{"pref":"福島県","city":"東白川郡塙町","town":"伊香"}],"5343":[{"pref":"福島県","city":"東白川郡塙町","town":"植田"}],"5344":[{"pref":"福島県","city":"東白川郡塙町","town":"真名畑"}],"5400":[{"pref":"福島県","city":"東白川郡塙町","town":"以下に掲載がない場合"}],"5401":[{"pref":"福島県","city":"東白川郡塙町","town":"東河内"}],"5402":[{"pref":"福島県","city":"東白川郡塙町","town":"常世北野"}],"5403":[{"pref":"福島県","city":"東白川郡塙町","town":"常世中野"}],"5404":[{"pref":"福島県","city":"東白川郡塙町","town":"竹之内"}],"5405":[{"pref":"福島県","city":"東白川郡塙町","town":"塙"}],"5406":[{"pref":"福島県","city":"東白川郡塙町","town":"上渋井"}],"5407":[{"pref":"福島県","city":"東白川郡塙町","town":"西河内"}],"5408":[{"pref":"福島県","city":"東白川郡塙町","town":"堀越"}],"5411":[{"pref":"福島県","city":"東白川郡塙町","town":"上石井"}],"5505":[{"pref":"福島県","city":"東白川郡鮫川村","town":"渡瀬（越虫６８）"}],"5521":[{"pref":"福島県","city":"東白川郡塙町","town":"那倉"}],"5522":[{"pref":"福島県","city":"東白川郡塙町","town":"片貝"}],"5531":[{"pref":"福島県","city":"東白川郡塙町","town":"田代"}],"5532":[{"pref":"福島県","city":"東白川郡塙町","town":"大蕨"}],"5533":[{"pref":"福島県","city":"東白川郡塙町","town":"湯岐"}],"5534":[{"pref":"福島県","city":"東白川郡塙町","town":"木野反"}],"5535":[{"pref":"福島県","city":"東白川郡塙町","town":"山形"}],"5536":[{"pref":"福島県","city":"東白川郡塙町","town":"川上"}],"5537":[{"pref":"福島県","city":"東白川郡塙町","town":"板庭"}],"5538":[{"pref":"福島県","city":"東白川郡塙町","town":"中塚"}],"5539":[{"pref":"福島県","city":"東白川郡塙町","town":"田野作"}],"5661":[{"pref":"福島県","city":"東白川郡棚倉町","town":"山田"}],"5662":[{"pref":"福島県","city":"東白川郡棚倉町","town":"岡田"}],"5663":[{"pref":"福島県","city":"東白川郡棚倉町","town":"流"}],"5664":[{"pref":"福島県","city":"東白川郡棚倉町","town":"塚原"}],"5671":[{"pref":"福島県","city":"東白川郡棚倉町","town":"寺山"}],"5672":[{"pref":"福島県","city":"東白川郡棚倉町","town":"八槻"}],"5681":[{"pref":"福島県","city":"東白川郡棚倉町","town":"上手沢"}],"5682":[{"pref":"福島県","city":"東白川郡棚倉町","town":"下手沢"}],"5683":[{"pref":"福島県","city":"東白川郡棚倉町","town":"下山本"}],"5684":[{"pref":"福島県","city":"東白川郡棚倉町","town":"中山本"}],"5685":[{"pref":"福島県","city":"東白川郡棚倉町","town":"北山本"}],"6100":[{"pref":"福島県","city":"東白川郡棚倉町","town":"以下に掲載がない場合"}],"6101":[{"pref":"福島県","city":"東白川郡棚倉町","town":"堤"}],"6102":[{"pref":"福島県","city":"東白川郡棚倉町","town":"天王内"}],"6103":[{"pref":"福島県","city":"東白川郡棚倉町","town":"逆川"}],"6104":[{"pref":"福島県","city":"東白川郡棚倉町","town":"檜木"}],"6105":[{"pref":"福島県","city":"東白川郡棚倉町","town":"小菅生"}],"6106":[{"pref":"福島県","city":"東白川郡棚倉町","town":"金沢内"}],"6111":[{"pref":"福島県","city":"東白川郡棚倉町","town":"一色"}],"6112":[{"pref":"福島県","city":"東白川郡棚倉町","town":"玉野"}],"6113":[{"pref":"福島県","city":"東白川郡棚倉町","town":"板橋"}],"6114":[{"pref":"福島県","city":"東白川郡棚倉町","town":"上台"}],"6115":[{"pref":"福島県","city":"東白川郡棚倉町","town":"福井"}],"6121":[{"pref":"福島県","city":"東白川郡棚倉町","town":"花園"}],"6122":[{"pref":"福島県","city":"東白川郡棚倉町","town":"仁公儀"}],"6123":[{"pref":"福島県","city":"東白川郡棚倉町","town":"関口"}],"6131":[{"pref":"福島県","city":"東白川郡棚倉町","town":"棚倉"}],"6141":[{"pref":"福島県","city":"東白川郡棚倉町","town":"富岡"}],"6142":[{"pref":"福島県","city":"東白川郡棚倉町","town":"山際"}],"6143":[{"pref":"福島県","city":"東白川郡棚倉町","town":"福岡"}],"6144":[{"pref":"福島県","city":"東白川郡棚倉町","town":"強梨"}],"6145":[{"pref":"福島県","city":"東白川郡棚倉町","town":"大梅"}],"6146":[{"pref":"福島県","city":"東白川郡棚倉町","town":"戸中"}],"6147":[{"pref":"福島県","city":"東白川郡棚倉町","town":"漆草"}],"6151":[{"pref":"福島県","city":"東白川郡棚倉町","town":"祝部内"}],"6152":[{"pref":"福島県","city":"東白川郡棚倉町","town":"小爪"}],"6153":[{"pref":"福島県","city":"東白川郡棚倉町","town":"瀬ケ野"}],"6200":[{"pref":"福島県","city":"石川郡浅川町","town":"以下に掲載がない場合"}],"6201":[{"pref":"福島県","city":"石川郡浅川町","town":"福貴作"}],"6202":[{"pref":"福島県","city":"石川郡浅川町","town":"里白石"}],"6203":[{"pref":"福島県","city":"石川郡浅川町","town":"山白石"}],"6204":[{"pref":"福島県","city":"石川郡浅川町","town":"浅川"}],"6205":[{"pref":"福島県","city":"石川郡浅川町","town":"滝輪"}],"6206":[{"pref":"福島県","city":"石川郡浅川町","town":"太田輪"}],"6207":[{"pref":"福島県","city":"石川郡浅川町","town":"小貫"}],"6208":[{"pref":"福島県","city":"石川郡浅川町","town":"染"}],"6211":[{"pref":"福島県","city":"石川郡浅川町","town":"畑田"}],"6212":[{"pref":"福島県","city":"石川郡浅川町","town":"松野入"}],"6213":[{"pref":"福島県","city":"石川郡浅川町","town":"中里"}],"6214":[{"pref":"福島県","city":"石川郡浅川町","town":"大草"}],"6215":[{"pref":"福島県","city":"石川郡浅川町","town":"根岸"}],"6216":[{"pref":"福島県","city":"石川郡浅川町","town":"袖山"}],"6217":[{"pref":"福島県","city":"石川郡浅川町","town":"簑輪"}],"6218":[{"pref":"福島県","city":"石川郡浅川町","town":"東大畑"}],"6300":[{"pref":"福島県","city":"石川郡玉川村","town":"以下に掲載がない場合"}],"6301":[{"pref":"福島県","city":"石川郡玉川村","town":"四辻新田"}],"6302":[{"pref":"福島県","city":"石川郡玉川村","town":"南須釜"}],"6303":[{"pref":"福島県","city":"石川郡玉川村","town":"吉"}],"6304":[{"pref":"福島県","city":"石川郡玉川村","town":"北須釜"}],"6305":[{"pref":"福島県","city":"石川郡玉川村","town":"山小屋"}],"6306":[{"pref":"福島県","city":"石川郡玉川村","town":"山新田"}],"6311":[{"pref":"福島県","city":"石川郡玉川村","town":"岩法寺"}],"6312":[{"pref":"福島県","city":"石川郡玉川村","town":"小高"}],"6313":[{"pref":"福島県","city":"石川郡玉川村","town":"川辺"}],"6314":[{"pref":"福島県","city":"石川郡玉川村","town":"蒜生"}],"6315":[{"pref":"福島県","city":"石川郡玉川村","town":"中"}],"6316":[{"pref":"福島県","city":"石川郡玉川村","town":"竜崎"}],"7700":[{"pref":"福島県","city":"田村郡三春町","town":"以下に掲載がない場合"}],"7701":[{"pref":"福島県","city":"田村郡三春町","town":"実沢"}],"7702":[{"pref":"福島県","city":"田村郡三春町","town":"青石"}],"7703":[{"pref":"福島県","city":"田村郡三春町","town":"庄司"}],"7704":[{"pref":"福島県","city":"田村郡三春町","town":"熊耳"}],"7705":[{"pref":"福島県","city":"田村郡三春町","town":"天王下"}],"7706":[{"pref":"福島県","city":"田村郡三春町","town":"大平"}],"7707":[{"pref":"福島県","city":"田村郡三春町","town":"芹ケ沢"}],"7708":[{"pref":"福島県","city":"田村郡三春町","town":"栗林"}],"7709":[{"pref":"福島県","city":"田村郡三春町","town":"小滝"}],"7711":[{"pref":"福島県","city":"田村郡三春町","town":"桜ケ丘"}],"7712":[{"pref":"福島県","city":"田村郡三春町","town":"込木"},{"pref":"福島県","city":"田村郡三春町","town":"八方谷"},{"pref":"福島県","city":"田村郡三春町","town":"楽内"}],"7713":[{"pref":"福島県","city":"田村郡三春町","town":"柴原"}],"7714":[{"pref":"福島県","city":"田村郡三春町","town":"滝"}],"7715":[{"pref":"福島県","city":"田村郡三春町","town":"樋渡"}],"7716":[{"pref":"福島県","city":"田村郡三春町","town":"根本"},{"pref":"福島県","city":"田村郡三春町","town":"蛇石"}],"7717":[{"pref":"福島県","city":"田村郡三春町","town":"狐田"}],"7718":[{"pref":"福島県","city":"田村郡三春町","town":"過足"}],"7719":[{"pref":"福島県","city":"田村郡三春町","town":"貝山"}],"7721":[{"pref":"福島県","city":"田村郡三春町","town":"春沢"},{"pref":"福島県","city":"田村郡三春町","town":"春田"},{"pref":"福島県","city":"田村郡三春町","town":"蛇沢"}],"7722":[{"pref":"福島県","city":"田村郡三春町","town":"西方"}],"7723":[{"pref":"福島県","city":"田村郡三春町","town":"斎藤"}],"7724":[{"pref":"福島県","city":"田村郡三春町","town":"沼沢"}],"7725":[{"pref":"福島県","city":"田村郡三春町","town":"鷹巣"}],"7726":[{"pref":"福島県","city":"田村郡三春町","town":"沼之倉"}],"7731":[{"pref":"福島県","city":"田村郡三春町","town":"下舞木"}],"7732":[{"pref":"福島県","city":"田村郡三春町","town":"上舞木"}],"7733":[{"pref":"福島県","city":"田村郡三春町","town":"山田"}],"7741":[{"pref":"福島県","city":"田村郡三春町","town":"鎌田前"},{"pref":"福島県","city":"田村郡三春町","town":"天王前"},{"pref":"福島県","city":"田村郡三春町","town":"八島台"}],"7742":[{"pref":"福島県","city":"田村郡三春町","town":"鶴蒔田"}],"7743":[{"pref":"福島県","city":"田村郡三春町","town":"丈六"}],"7744":[{"pref":"福島県","city":"田村郡三春町","town":"八幡町"}],"7745":[{"pref":"福島県","city":"田村郡三春町","town":"尼ケ谷"}],"7746":[{"pref":"福島県","city":"田村郡三春町","town":"馬場"}],"7747":[{"pref":"福島県","city":"田村郡三春町","town":"雁木田"}],"7748":[{"pref":"福島県","city":"田村郡三春町","town":"山崎"}],"7749":[{"pref":"福島県","city":"田村郡三春町","town":"一本松"},{"pref":"福島県","city":"田村郡三春町","town":"大久保"}],"7751":[{"pref":"福島県","city":"田村郡三春町","town":"北町"}],"7752":[{"pref":"福島県","city":"田村郡三春町","town":"烏帽子石"},{"pref":"福島県","city":"田村郡三春町","town":"亀井"},{"pref":"福島県","city":"田村郡三春町","town":"清水畑"},{"pref":"福島県","city":"田村郡三春町","town":"仁井町"},{"pref":"福島県","city":"田村郡三春町","town":"六升蒔"}],"7753":[{"pref":"福島県","city":"田村郡三春町","town":"赤坂"},{"pref":"福島県","city":"田村郡三春町","town":"師範場"},{"pref":"福島県","city":"田村郡三春町","town":"清水"},{"pref":"福島県","city":"田村郡三春町","town":"永作"},{"pref":"福島県","city":"田村郡三春町","town":"八十内"}],"7754":[{"pref":"福島県","city":"田村郡三春町","town":"恵下越"},{"pref":"福島県","city":"田村郡三春町","town":"化粧坂"},{"pref":"福島県","city":"田村郡三春町","town":"庚申坂"},{"pref":"福島県","city":"田村郡三春町","town":"四軒丁"},{"pref":"福島県","city":"田村郡三春町","town":"新町"},{"pref":"福島県","city":"田村郡三春町","town":"番組"},{"pref":"福島県","city":"田村郡三春町","town":"番組頭"},{"pref":"福島県","city":"田村郡三春町","town":"弓町"}],"7755":[{"pref":"福島県","city":"田村郡三春町","town":"山中"}],"7756":[{"pref":"福島県","city":"田村郡三春町","town":"南町"}],"7757":[{"pref":"福島県","city":"田村郡三春町","town":"会下谷"}],"7758":[{"pref":"福島県","city":"田村郡三春町","town":"小金滝"},{"pref":"福島県","city":"田村郡三春町","town":"桜谷"}],"7759":[{"pref":"福島県","city":"田村郡三春町","town":"大町"}],"7761":[{"pref":"福島県","city":"田村郡三春町","town":"四反田"},{"pref":"福島県","city":"田村郡三春町","town":"樋ノ口"}],"7762":[{"pref":"福島県","city":"田村郡三春町","town":"小浜海道"}],"7763":[{"pref":"福島県","city":"田村郡三春町","town":"燕清水"},{"pref":"福島県","city":"田村郡三春町","town":"日向町"},{"pref":"福島県","city":"田村郡三春町","town":"持合畑"}],"7764":[{"pref":"福島県","city":"田村郡三春町","town":"北向町"}],"7765":[{"pref":"福島県","city":"田村郡三春町","town":"荒町"}],"7766":[{"pref":"福島県","city":"田村郡三春町","town":"中町"}],"7767":[{"pref":"福島県","city":"田村郡三春町","town":"御免町"}],"7768":[{"pref":"福島県","city":"田村郡三春町","town":"渋池"}],"7769":[{"pref":"福島県","city":"田村郡三春町","town":"担橋"}],"7771":[{"pref":"福島県","city":"田村郡三春町","town":"平沢"}],"7772":[{"pref":"福島県","city":"田村郡三春町","town":"御祭"}],"7773":[{"pref":"福島県","city":"田村郡三春町","town":"深田和"}],"7781":[{"pref":"福島県","city":"田村郡三春町","town":"北成田"}],"7782":[{"pref":"福島県","city":"田村郡三春町","town":"富沢"}],"7783":[{"pref":"福島県","city":"田村郡三春町","town":"南成田"}],"7784":[{"pref":"福島県","city":"田村郡三春町","town":"六斗蒔"}],"7785":[{"pref":"福島県","city":"田村郡三春町","town":"松橋"}],"7786":[{"pref":"福島県","city":"田村郡三春町","town":"七草木"}],"7800":[{"pref":"福島県","city":"石川郡石川町","town":"以下に掲載がない場合"}],"7801":[{"pref":"福島県","city":"石川郡石川町","town":"湯郷渡"}],"7802":[{"pref":"福島県","city":"石川郡石川町","town":"北山"}],"7803":[{"pref":"福島県","city":"石川郡石川町","town":"中田"}],"7804":[{"pref":"福島県","city":"石川郡石川町","town":"坂路"}],"7805":[{"pref":"福島県","city":"石川郡石川町","town":"谷地"}],"7806":[{"pref":"福島県","city":"石川郡石川町","town":"谷沢"}],"7807":[{"pref":"福島県","city":"石川郡石川町","town":"形見"}],"7808":[{"pref":"福島県","city":"石川郡石川町","town":"双里"}],"7811":[{"pref":"福島県","city":"石川郡石川町","town":"北山形"}],"7812":[{"pref":"福島県","city":"石川郡石川町","town":"南山形"}],"7813":[{"pref":"福島県","city":"石川郡石川町","town":"板橋"}],"7814":[{"pref":"福島県","city":"石川郡石川町","town":"山形"}],"7815":[{"pref":"福島県","city":"石川郡石川町","town":"大沢"}],"7816":[{"pref":"福島県","city":"石川郡石川町","town":"豆ケ平"}],"7817":[{"pref":"福島県","city":"石川郡石川町","town":"立ケ岡"}],"7818":[{"pref":"福島県","city":"石川郡石川町","town":"塩沼"}],"7821":[{"pref":"福島県","city":"石川郡石川町","town":"宝殿前"}],"7822":[{"pref":"福島県","city":"石川郡石川町","town":"梁瀬"}],"7823":[{"pref":"福島県","city":"石川郡石川町","town":"王子平"}],"7824":[{"pref":"福島県","city":"石川郡石川町","town":"原"}],"7825":[{"pref":"福島県","city":"石川郡石川町","town":"沢井"}],"7826":[{"pref":"福島県","city":"石川郡石川町","town":"赤羽"}],"7827":[{"pref":"福島県","city":"石川郡石川町","town":"新屋敷（その他）"}],"7828":[{"pref":"福島県","city":"石川郡石川町","town":"下ノ内"}],"7831":[{"pref":"福島県","city":"石川郡石川町","town":"母畑"}],"7832":[{"pref":"福島県","city":"石川郡石川町","town":"弥吾"}],"7833":[{"pref":"福島県","city":"石川郡石川町","town":"石田"}],"7834":[{"pref":"福島県","city":"石川郡石川町","town":"轡取"}],"7835":[{"pref":"福島県","city":"石川郡石川町","town":"草倉田"}],"7836":[{"pref":"福島県","city":"石川郡石川町","town":"塩沢"}],"7837":[{"pref":"福島県","city":"石川郡石川町","town":"中野"}],"7838":[{"pref":"福島県","city":"石川郡石川町","town":"曲木"}],"7841":[{"pref":"福島県","city":"石川郡石川町","town":"江堀田"}],"7842":[{"pref":"福島県","city":"石川郡石川町","town":"境ノ内"}],"7843":[{"pref":"福島県","city":"石川郡石川町","town":"屋敷ノ入"}],"7844":[{"pref":"福島県","city":"石川郡石川町","town":"北町"}],"7845":[{"pref":"福島県","city":"石川郡石川町","town":"高田"}],"7846":[{"pref":"福島県","city":"石川郡石川町","town":"長久保"}],"7847":[{"pref":"福島県","city":"石川郡石川町","town":"古舘"}],"7848":[{"pref":"福島県","city":"石川郡石川町","town":"長郷田"}],"7849":[{"pref":"福島県","city":"石川郡石川町","town":"一ノ沢"}],"7851":[{"pref":"福島県","city":"石川郡石川町","town":"新町"}],"7852":[{"pref":"福島県","city":"石川郡石川町","town":"関根"}],"7853":[{"pref":"福島県","city":"石川郡石川町","town":"大室"}],"7854":[{"pref":"福島県","city":"石川郡石川町","town":"松木下"}],"7855":[{"pref":"福島県","city":"石川郡石川町","town":"猫啼"}],"7856":[{"pref":"福島県","city":"石川郡石川町","town":"白石"}],"7857":[{"pref":"福島県","city":"石川郡石川町","town":"当町"}],"7858":[{"pref":"福島県","city":"石川郡石川町","town":"下泉"}],"7859":[{"pref":"福島県","city":"石川郡石川町","town":"南町"}],"7861":[{"pref":"福島県","city":"石川郡石川町","town":"矢ノ目田"}],"7862":[{"pref":"福島県","city":"石川郡石川町","town":"鹿ノ坂"}],"7863":[{"pref":"福島県","city":"石川郡石川町","town":"渡里沢"}],"7864":[{"pref":"福島県","city":"石川郡石川町","town":"秋台"}],"7865":[{"pref":"福島県","city":"石川郡石川町","town":"曲ノ内"}],"7866":[{"pref":"福島県","city":"石川郡石川町","town":"外国見"}],"7867":[{"pref":"福島県","city":"石川郡石川町","town":"石塚"}],"7871":[{"pref":"福島県","city":"石川郡石川町","town":"前ノ内"}],"7872":[{"pref":"福島県","city":"石川郡石川町","town":"大内"}],"7873":[{"pref":"福島県","city":"石川郡石川町","town":"飛ケ作"}],"7874":[{"pref":"福島県","city":"石川郡石川町","town":"大五郎内"}],"7875":[{"pref":"福島県","city":"石川郡石川町","town":"柳作"}],"7876":[{"pref":"福島県","city":"石川郡石川町","town":"国見"}],"7881":[{"pref":"福島県","city":"石川郡石川町","town":"大橋"}],"7882":[{"pref":"福島県","city":"石川郡石川町","town":"塩ノ平"}],"7883":[{"pref":"福島県","city":"石川郡石川町","town":"麦ノ内"}],"7884":[{"pref":"福島県","city":"石川郡石川町","town":"新屋敷（番地）"}],"7885":[{"pref":"福島県","city":"石川郡石川町","town":"成亀"}],"7886":[{"pref":"福島県","city":"石川郡石川町","town":"和久"}],"8001":[{"pref":"福島県","city":"郡山市","town":"大町"}],"8002":[{"pref":"福島県","city":"郡山市","town":"駅前"}],"8003":[{"pref":"福島県","city":"郡山市","town":"燧田"}],"8004":[{"pref":"福島県","city":"郡山市","town":"中町"}],"8005":[{"pref":"福島県","city":"郡山市","town":"清水台"}],"8006":[{"pref":"福島県","city":"郡山市","town":"赤木町"}],"8007":[{"pref":"福島県","city":"郡山市","town":"大名艮"}],"8008":[{"pref":"福島県","city":"郡山市","town":"東宿"}],"8011":[{"pref":"福島県","city":"郡山市","town":"若葉町"}],"8012":[{"pref":"福島県","city":"郡山市","town":"咲田"}],"8013":[{"pref":"福島県","city":"郡山市","town":"神明町"}],"8014":[{"pref":"福島県","city":"郡山市","town":"虎丸町"}],"8015":[{"pref":"福島県","city":"郡山市","town":"細沼町"}],"8016":[{"pref":"福島県","city":"郡山市","town":"豊田町"}],"8017":[{"pref":"福島県","city":"郡山市","town":"長者"}],"8018":[{"pref":"福島県","city":"郡山市","town":"桃見台"}],"8021":[{"pref":"福島県","city":"郡山市","town":"桜木"}],"8022":[{"pref":"福島県","city":"郡山市","town":"西ノ内"}],"8023":[{"pref":"福島県","city":"郡山市","town":"緑町"}],"8024":[{"pref":"福島県","city":"郡山市","town":"朝日"}],"8025":[{"pref":"福島県","city":"郡山市","town":"桑野"}],"8026":[{"pref":"福島県","city":"郡山市","town":"並木"}],"8031":[{"pref":"福島県","city":"郡山市","town":"上亀田"}],"8032":[{"pref":"福島県","city":"郡山市","town":"下亀田"}],"8033":[{"pref":"福島県","city":"郡山市","town":"亀田"}],"8034":[{"pref":"福島県","city":"郡山市","town":"島"}],"8035":[{"pref":"福島県","city":"郡山市","town":"希望ケ丘"}],"8036":[{"pref":"福島県","city":"郡山市","town":"うねめ町"}],"8037":[{"pref":"福島県","city":"郡山市","town":"原中"}],"8038":[{"pref":"福島県","city":"郡山市","town":"桑野北町"}],"8039":[{"pref":"福島県","city":"郡山市","town":"小関谷地"}],"8041":[{"pref":"福島県","city":"郡山市","town":"富田町"}],"8042":[{"pref":"福島県","city":"郡山市","town":"不動前"}],"8043":[{"pref":"福島県","city":"郡山市","town":"名郷田"}],"8044":[{"pref":"福島県","city":"郡山市","town":"備前舘"}],"8045":[{"pref":"福島県","city":"郡山市","town":"新屋敷"}],"8046":[{"pref":"福島県","city":"郡山市","town":"町東"}],"8047":[{"pref":"福島県","city":"郡山市","town":"富田東"}],"8051":[{"pref":"福島県","city":"郡山市","town":"富久山町八山田"}],"8052":[{"pref":"福島県","city":"郡山市","town":"八山田"}],"8053":[{"pref":"福島県","city":"郡山市","town":"八山田西"}],"8061":[{"pref":"福島県","city":"郡山市","town":"富久山町福原"}],"8071":[{"pref":"福島県","city":"郡山市","town":"富久山町久保田"}],"8100":[{"pref":"福島県","city":"石川郡平田村","town":"以下に掲載がない場合"}],"8111":[{"pref":"福島県","city":"石川郡平田村","town":"東山"}],"8112":[{"pref":"福島県","city":"石川郡平田村","town":"北方"}],"8113":[{"pref":"福島県","city":"石川郡平田村","town":"駒形"}],"8114":[{"pref":"福島県","city":"石川郡平田村","town":"小平"}],"8115":[{"pref":"福島県","city":"石川郡平田村","town":"中倉"}],"8116":[{"pref":"福島県","city":"石川郡平田村","town":"西山"}],"8201":[{"pref":"福島県","city":"石川郡平田村","town":"蓬田新田"}],"8202":[{"pref":"福島県","city":"石川郡平田村","town":"上蓬田"}],"8203":[{"pref":"福島県","city":"石川郡平田村","town":"九生滝"}],"8204":[{"pref":"福島県","city":"石川郡平田村","town":"鴇子"}],"8205":[{"pref":"福島県","city":"石川郡平田村","town":"永田"}],"8206":[{"pref":"福島県","city":"石川郡平田村","town":"小松原"}],"8207":[{"pref":"福島県","city":"石川郡平田村","town":"下蓬田"}],"8300":[{"pref":"福島県","city":"石川郡古殿町","town":"以下に掲載がない場合"}],"8301":[{"pref":"福島県","city":"石川郡古殿町","town":"論田"}],"8302":[{"pref":"福島県","city":"石川郡古殿町","town":"山上"}],"8303":[{"pref":"福島県","city":"石川郡古殿町","town":"大久田"}],"8304":[{"pref":"福島県","city":"石川郡古殿町","town":"松川"}],"8305":[{"pref":"福島県","city":"石川郡古殿町","town":"竹貫"}],"8306":[{"pref":"福島県","city":"石川郡古殿町","town":"田口"}],"8307":[{"pref":"福島県","city":"石川郡古殿町","town":"鎌田"}],"8308":[{"pref":"福島県","city":"石川郡古殿町","town":"仙石"}],"8400":[{"pref":"福島県","city":"東白川郡鮫川村","town":"以下に掲載がない場合"}],"8401":[{"pref":"福島県","city":"東白川郡鮫川村","town":"赤坂中野"}],"8402":[{"pref":"福島県","city":"東白川郡鮫川村","town":"石井草"}],"8403":[{"pref":"福島県","city":"東白川郡鮫川村","town":"赤坂東野"}],"8404":[{"pref":"福島県","city":"東白川郡鮫川村","town":"青生野"}],"8405":[{"pref":"福島県","city":"東白川郡鮫川村","town":"渡瀬（その他）"}],"8406":[{"pref":"福島県","city":"東白川郡鮫川村","town":"富田"}],"8407":[{"pref":"福島県","city":"東白川郡鮫川村","town":"赤坂西野"}],"8408":[{"pref":"福島県","city":"東白川郡鮫川村","town":"西山"}],"8801":[{"pref":"福島県","city":"郡山市","town":"向河原町"}],"8802":[{"pref":"福島県","city":"郡山市","town":"谷島町"}],"8803":[{"pref":"福島県","city":"郡山市","town":"横塚"}],"8804":[{"pref":"福島県","city":"郡山市","town":"北畑"}],"8805":[{"pref":"福島県","city":"郡山市","town":"古屋敷"}],"8806":[{"pref":"福島県","city":"郡山市","town":"下舘野"}],"8807":[{"pref":"福島県","city":"郡山市","town":"佐野良"}],"8811":[{"pref":"福島県","city":"郡山市","town":"方八町"}],"8812":[{"pref":"福島県","city":"郡山市","town":"松木町"}],"8813":[{"pref":"福島県","city":"郡山市","town":"芳賀"}],"8814":[{"pref":"福島県","city":"郡山市","town":"石渕町"}],"8815":[{"pref":"福島県","city":"郡山市","town":"水門町"}],"8816":[{"pref":"福島県","city":"郡山市","town":"上野山"}],"8817":[{"pref":"福島県","city":"郡山市","town":"大平町"}],"8818":[{"pref":"福島県","city":"郡山市","town":"十貫河原"}],"8821":[{"pref":"福島県","city":"郡山市","town":"菱田町"}],"8822":[{"pref":"福島県","city":"郡山市","town":"昭和"}],"8823":[{"pref":"福島県","city":"郡山市","town":"古川"}],"8824":[{"pref":"福島県","city":"郡山市","town":"道場"}],"8825":[{"pref":"福島県","city":"郡山市","town":"石塚"}],"8826":[{"pref":"福島県","city":"郡山市","town":"船場向"}],"8827":[{"pref":"福島県","city":"郡山市","town":"外河原"}],"8828":[{"pref":"福島県","city":"郡山市","town":"大河原"}],"8829":[{"pref":"福島県","city":"郡山市","town":"榧の木"}],"8831":[{"pref":"福島県","city":"郡山市","town":"七ツ池町"}],"8832":[{"pref":"福島県","city":"郡山市","town":"山根町"}],"8833":[{"pref":"福島県","city":"郡山市","town":"香久池"}],"8834":[{"pref":"福島県","city":"郡山市","town":"図景"}],"8835":[{"pref":"福島県","city":"郡山市","town":"小原田"}],"8836":[{"pref":"福島県","city":"郡山市","town":"八作内"}],"8837":[{"pref":"福島県","city":"郡山市","town":"八木橋"}],"8838":[{"pref":"福島県","city":"郡山市","town":"深田台"}],"8841":[{"pref":"福島県","city":"郡山市","town":"山崎"}],"8842":[{"pref":"福島県","city":"郡山市","town":"城清水"}],"8843":[{"pref":"福島県","city":"郡山市","town":"川向"}],"8844":[{"pref":"福島県","city":"郡山市","town":"賀庄"}],"8845":[{"pref":"福島県","city":"郡山市","town":"名倉"}],"8846":[{"pref":"福島県","city":"郡山市","town":"久留米"}],"8851":[{"pref":"福島県","city":"郡山市","town":"開成"}],"8852":[{"pref":"福島県","city":"郡山市","town":"台新"}],"8861":[{"pref":"福島県","city":"郡山市","town":"鶴見坦"}],"8862":[{"pref":"福島県","city":"郡山市","town":"菜根"}],"8863":[{"pref":"福島県","city":"郡山市","town":"菜根屋敷"}],"8864":[{"pref":"福島県","city":"郡山市","town":"台東"}],"8865":[{"pref":"福島県","city":"郡山市","town":"五百渕西"}],"8866":[{"pref":"福島県","city":"郡山市","town":"桑野清水台"}],"8867":[{"pref":"福島県","city":"郡山市","town":"五百渕山"}],"8871":[{"pref":"福島県","city":"郡山市","town":"晴門田"},{"pref":"福島県","city":"郡山市","town":"本町"}],"8872":[{"pref":"福島県","city":"郡山市","town":"栄町"}],"8873":[{"pref":"福島県","city":"郡山市","town":"愛宕町"}],"8874":[{"pref":"福島県","city":"郡山市","town":"深沢"}],"8875":[{"pref":"福島県","city":"郡山市","town":"池ノ台"}],"8876":[{"pref":"福島県","city":"郡山市","town":"麓山"}],"8877":[{"pref":"福島県","city":"郡山市","town":"堂前町"}],"8878":[{"pref":"福島県","city":"郡山市","town":"堤下町"}],"0000":[{"pref":"福島県","city":"郡山市","town":"以下に掲載がない場合"}],"0667":[{"pref":"福島県","city":"郡山市","town":"阿久津町"}],"0107":[{"pref":"福島県","city":"郡山市","town":"安積"}],"0117":[{"pref":"福島県","city":"郡山市","town":"安積荒井"}],"0116":[{"pref":"福島県","city":"郡山市","town":"安積荒井本町"}],"0118":[{"pref":"福島県","city":"郡山市","town":"安積北井"}],"0114":[{"pref":"福島県","city":"郡山市","town":"安積町（柴宮東）"}],"0111":[{"pref":"福島県","city":"郡山市","town":"安積町荒井"}],"0113":[{"pref":"福島県","city":"郡山市","town":"安積町牛庭"}],"0103":[{"pref":"福島県","city":"郡山市","town":"安積町大森町"}],"0102":[{"pref":"福島県","city":"郡山市","town":"安積町笹川"}],"0105":[{"pref":"福島県","city":"郡山市","town":"安積町長久保"}],"0112":[{"pref":"福島県","city":"郡山市","town":"安積町成田"}],"0101":[{"pref":"福島県","city":"郡山市","town":"安積町日出山"}],"0104":[{"pref":"福島県","city":"郡山市","town":"安積町南長久保"}],"0109":[{"pref":"福島県","city":"郡山市","town":"安積町吉田"}],"0664":[{"pref":"福島県","city":"郡山市","town":"あぶくま台"}],"0704":[{"pref":"福島県","city":"郡山市","town":"荒井町"}],"0212":[{"pref":"福島県","city":"郡山市","town":"逢瀬町河内"}],"0213":[{"pref":"福島県","city":"郡山市","town":"逢瀬町多田野"}],"0214":[{"pref":"福島県","city":"郡山市","town":"逢瀬町夏出"}],"0201":[{"pref":"福島県","city":"郡山市","town":"大槻町"}],"0202":[{"pref":"福島県","city":"郡山市","town":"柏山町"}],"0211":[{"pref":"福島県","city":"郡山市","town":"片平町"}],"0703":[{"pref":"福島県","city":"郡山市","town":"蒲倉町"}],"0221":[{"pref":"福島県","city":"郡山市","town":"亀田西"}],"0551":[{"pref":"福島県","city":"郡山市","town":"喜久田町"}],"0545":[{"pref":"福島県","city":"郡山市","town":"喜久田町赤坂"}],"0547":[{"pref":"福島県","city":"郡山市","town":"喜久田町卸"}],"0544":[{"pref":"福島県","city":"郡山市","town":"喜久田町坪沢"}],"0542":[{"pref":"福島県","city":"郡山市","town":"喜久田町原"}],"0541":[{"pref":"福島県","city":"郡山市","town":"喜久田町堀之内"}],"0543":[{"pref":"福島県","city":"郡山市","town":"喜久田町前田沢"}],"0546":[{"pref":"福島県","city":"郡山市","town":"喜久田町早稲原"}],"0209":[{"pref":"福島県","city":"郡山市","town":"御前南"}],"0108":[{"pref":"福島県","city":"郡山市","town":"笹川"}],"0232":[{"pref":"福島県","city":"郡山市","town":"静西"}],"0203":[{"pref":"福島県","city":"郡山市","town":"静町"}],"0663":[{"pref":"福島県","city":"郡山市","town":"下白岩町"}],"0662":[{"pref":"福島県","city":"郡山市","town":"白岩町"}],"0725":[{"pref":"福島県","city":"郡山市","town":"田村町金屋"}],"0724":[{"pref":"福島県","city":"郡山市","town":"田村町上行合"}],"0722":[{"pref":"福島県","city":"郡山市","town":"田村町小川"}],"0723":[{"pref":"福島県","city":"郡山市","town":"田村町桜ケ丘"}],"0726":[{"pref":"福島県","city":"郡山市","town":"田村町下行合"}],"0721":[{"pref":"福島県","city":"郡山市","town":"田村町手代木"}],"0204":[{"pref":"福島県","city":"郡山市","town":"土瓜"}],"0205":[{"pref":"福島県","city":"郡山市","town":"堤"}],"0714":[{"pref":"福島県","city":"郡山市","town":"中田町赤沼"}],"0711":[{"pref":"福島県","city":"郡山市","town":"中田町上石"}],"0834":[{"pref":"福島県","city":"郡山市","town":"中田町牛縊本郷"}],"0712":[{"pref":"福島県","city":"郡山市","town":"中田町海老根"}],"0835":[{"pref":"福島県","city":"郡山市","town":"中田町黒木"}],"0836":[{"pref":"福島県","city":"郡山市","town":"中田町木目沢"}],"0837":[{"pref":"福島県","city":"郡山市","town":"中田町駒板"}],"0833":[{"pref":"福島県","city":"郡山市","town":"中田町下枝"}],"0713":[{"pref":"福島県","city":"郡山市","town":"中田町高倉"}],"0832":[{"pref":"福島県","city":"郡山市","town":"中田町中津川"}],"0831":[{"pref":"福島県","city":"郡山市","town":"中田町柳橋"}],"0206":[{"pref":"福島県","city":"郡山市","town":"中野"}],"0216":[{"pref":"福島県","city":"郡山市","town":"中ノ目"}],"0106":[{"pref":"福島県","city":"郡山市","town":"成山町"}],"0207":[{"pref":"福島県","city":"郡山市","town":"鳴神"}],"0925":[{"pref":"福島県","city":"郡山市","town":"西田町阿広木"}],"0903":[{"pref":"福島県","city":"郡山市","town":"西田町板橋"}],"0924":[{"pref":"福島県","city":"郡山市","town":"西田町大網"}],"0911":[{"pref":"福島県","city":"郡山市","town":"西田町大田"}],"0921":[{"pref":"福島県","city":"郡山市","town":"西田町鬼生田"}],"0914":[{"pref":"福島県","city":"郡山市","town":"西田町木村"}],"0923":[{"pref":"福島県","city":"郡山市","town":"西田町黒田"}],"0922":[{"pref":"福島県","city":"郡山市","town":"西田町三町目"}],"0913":[{"pref":"福島県","city":"郡山市","town":"西田町芹沢"}],"0902":[{"pref":"福島県","city":"郡山市","town":"西田町高柴"}],"0904":[{"pref":"福島県","city":"郡山市","town":"西田町土棚"}],"0901":[{"pref":"福島県","city":"郡山市","town":"西田町丹伊田"}],"0912":[{"pref":"福島県","city":"郡山市","town":"西田町根木屋"}],"0552":[{"pref":"福島県","city":"郡山市","town":"東原"}],"0534":[{"pref":"福島県","city":"郡山市","town":"日和田町"}],"0532":[{"pref":"福島県","city":"郡山市","town":"日和田町梅沢"}],"0531":[{"pref":"福島県","city":"郡山市","town":"日和田町高倉"}],"0533":[{"pref":"福島県","city":"郡山市","town":"日和田町八丁目"}],"0673":[{"pref":"福島県","city":"郡山市","town":"富久山町堂坂"}],"0671":[{"pref":"福島県","city":"郡山市","town":"富久山町南小泉"}],"0672":[{"pref":"福島県","city":"郡山市","town":"富久山町北小泉"}],"0215":[{"pref":"福島県","city":"郡山市","town":"待池台"}],"0702":[{"pref":"福島県","city":"郡山市","town":"緑ケ丘東"}],"0701":[{"pref":"福島県","city":"郡山市","town":"緑ケ丘西"}],"0115":[{"pref":"福島県","city":"郡山市","town":"南"}],"0127":[{"pref":"福島県","city":"郡山市","town":"三穂田町大谷"}],"0121":[{"pref":"福島県","city":"郡山市","town":"三穂田町川田"}],"0128":[{"pref":"福島県","city":"郡山市","town":"三穂田町駒屋"}],"0124":[{"pref":"福島県","city":"郡山市","town":"三穂田町下守屋"}],"0125":[{"pref":"福島県","city":"郡山市","town":"三穂田町富岡"}],"0123":[{"pref":"福島県","city":"郡山市","town":"三穂田町鍋山"}],"0122":[{"pref":"福島県","city":"郡山市","town":"三穂田町野田"}],"0129":[{"pref":"福島県","city":"郡山市","town":"三穂田町八幡"}],"0126":[{"pref":"福島県","city":"郡山市","town":"三穂田町山口"}],"0119":[{"pref":"福島県","city":"郡山市","town":"巳六段"}],"0661":[{"pref":"福島県","city":"郡山市","town":"舞木町"}],"0208":[{"pref":"福島県","city":"郡山市","town":"谷地"}],"0231":[{"pref":"福島県","city":"郡山市","town":"谷地本町"}],"0666":[{"pref":"福島県","city":"郡山市","town":"安原町"}],"0665":[{"pref":"福島県","city":"郡山市","town":"横川町"}]}