{"8001":[{"pref":"京都府","city":"京都市上京区","town":"元浄花院町"}],"8002":[{"pref":"京都府","city":"京都市上京区","town":"鷹司町（下長者町通鳥丸西入）"}],"8003":[{"pref":"京都府","city":"京都市上京区","town":"清和院町"}],"8004":[{"pref":"京都府","city":"京都市上京区","town":"西鷹司町"}],"8005":[{"pref":"京都府","city":"京都市上京区","town":"元頂妙寺町"}],"8006":[{"pref":"京都府","city":"京都市上京区","town":"元土御門町"}],"8007":[{"pref":"京都府","city":"京都市上京区","town":"東長者町"}],"8011":[{"pref":"京都府","city":"京都市上京区","town":"桜鶴円町"}],"8012":[{"pref":"京都府","city":"京都市上京区","town":"中出水町"}],"8013":[{"pref":"京都府","city":"京都市上京区","town":"五町目町"}],"8014":[{"pref":"京都府","city":"京都市上京区","town":"勘解由小路町"}],"8015":[{"pref":"京都府","city":"京都市上京区","town":"常泉院町"}],"8016":[{"pref":"京都府","city":"京都市上京区","town":"両御霊町"}],"8017":[{"pref":"京都府","city":"京都市上京区","town":"西出水町"}],"8018":[{"pref":"京都府","city":"京都市上京区","town":"御霊町"}],"8019":[{"pref":"京都府","city":"京都市上京区","town":"近衛町（下長者町通室町西入、下長者町通室町東入、出水通烏丸西"},{"pref":"京都府","city":"京都市上京区","town":"入、出水通室町東入、室町通下長者町下る、室町通出水上る、室町通出水上る"},{"pref":"京都府","city":"京都市上京区","town":"東入）"}],"8021":[{"pref":"京都府","city":"京都市上京区","town":"堀松町"}],"8022":[{"pref":"京都府","city":"京都市上京区","town":"養安町"}],"8023":[{"pref":"京都府","city":"京都市上京区","town":"春日町"}],"8024":[{"pref":"京都府","city":"京都市上京区","town":"大門町"}],"8025":[{"pref":"京都府","city":"京都市上京区","town":"今薬屋町"}],"8026":[{"pref":"京都府","city":"京都市上京区","town":"春帯町"}],"8027":[{"pref":"京都府","city":"京都市上京区","town":"東立売町"}],"8028":[{"pref":"京都府","city":"京都市上京区","town":"門跡町"}],"8029":[{"pref":"京都府","city":"京都市上京区","town":"武衛陣町"}],"8031":[{"pref":"京都府","city":"京都市上京区","town":"東裏辻町"}],"8032":[{"pref":"京都府","city":"京都市上京区","town":"夷川町"}],"8033":[{"pref":"京都府","city":"京都市上京区","town":"上鍛冶町"}],"8034":[{"pref":"京都府","city":"京都市上京区","town":"米屋町（油小路椹木町下る、油小路通丸太町上る、椹木町通油小"},{"pref":"京都府","city":"京都市上京区","town":"路西入、椹木町通油小路東入、丸太町通油小路西入、丸太町通油小路東入）"}],"8035":[{"pref":"京都府","city":"京都市上京区","town":"六町目"}],"8036":[{"pref":"京都府","city":"京都市上京区","town":"西山崎町"}],"8037":[{"pref":"京都府","city":"京都市上京区","town":"八幡町"}],"8038":[{"pref":"京都府","city":"京都市上京区","town":"東魚屋町"}],"8041":[{"pref":"京都府","city":"京都市上京区","town":"藪之内町"}],"8042":[{"pref":"京都府","city":"京都市上京区","town":"西裏辻町"}],"8043":[{"pref":"京都府","city":"京都市上京区","town":"五町目"}],"8044":[{"pref":"京都府","city":"京都市上京区","town":"東橋詰町（下立売通堀川東入）"}],"8045":[{"pref":"京都府","city":"京都市上京区","town":"四町目（出水通油小路西入、出水通堀川東入、出水通堀川東入"},{"pref":"京都府","city":"京都市上京区","town":"下る、出水通東堀川東入、下立売通堀川東入、下立売通堀川東入上る、下立売通"},{"pref":"京都府","city":"京都市上京区","town":"堀川東入下る、東堀川通下立売上る、東堀川通出水下る）"}],"8046":[{"pref":"京都府","city":"京都市上京区","town":"近衛町（油小路通下立売上る、油小路通出水下る、出水通油小路西"},{"pref":"京都府","city":"京都市上京区","town":"入、出水通油小路東入）"}],"8047":[{"pref":"京都府","city":"京都市上京区","town":"勘兵衛町"}],"8048":[{"pref":"京都府","city":"京都市上京区","town":"西大路町（油小路通下立売上る、小川通下立売上る、小川通下立売下"},{"pref":"京都府","city":"京都市上京区","town":"る、下立売通油小路東入、下立売通小川西入、下立売通小川東入）"}],"8051":[{"pref":"京都府","city":"京都市上京区","town":"中橋詰町"}],"8052":[{"pref":"京都府","city":"京都市上京区","town":"鷹司町（下長者町通小川東入）"}],"8053":[{"pref":"京都府","city":"京都市上京区","town":"茶屋町"}],"8054":[{"pref":"京都府","city":"京都市上京区","town":"丁子風呂町"}],"8055":[{"pref":"京都府","city":"京都市上京区","town":"大黒屋町"}],"8056":[{"pref":"京都府","city":"京都市上京区","town":"三町目（出水通東堀川東入、出水通堀川東入、東堀川通下長者"},{"pref":"京都府","city":"京都市上京区","town":"町下る、東堀川通出水上る）"}],"8057":[{"pref":"京都府","city":"京都市上京区","town":"紹巴町"}],"8058":[{"pref":"京都府","city":"京都市上京区","town":"二町目（上長者町通東堀川東入、東堀川通上長者町下る、東堀川通"},{"pref":"京都府","city":"京都市上京区","town":"下長者町上る、東堀川通上長者町上る）"}],"8061":[{"pref":"京都府","city":"京都市上京区","town":"甲斐守町"}],"8062":[{"pref":"京都府","city":"京都市上京区","town":"亀屋町（油小路通上長者町下る、油小路通下長者町上る、油小路通"},{"pref":"京都府","city":"京都市上京区","town":"中長者町上る、油小路通中長者町下る、上長者町通油小路西入、上長者町通油小"},{"pref":"京都府","city":"京都市上京区","town":"路東入）"}],"8063":[{"pref":"京都府","city":"京都市上京区","town":"橋本町"}],"8064":[{"pref":"京都府","city":"京都市上京区","town":"一町目（上長者町通堀川東入、東堀川通上長者町上る、東堀川通中立売通下る）"}],"8065":[{"pref":"京都府","city":"京都市上京区","town":"突抜町（上長者町通堀川東入上る、中立売通堀川東入下る、油小路"},{"pref":"京都府","city":"京都市上京区","town":"堀川の間中立売下る）"}],"8066":[{"pref":"京都府","city":"京都市上京区","town":"東橋詰町（中立売通堀川東入）"}],"8067":[{"pref":"京都府","city":"京都市上京区","town":"主計町"}],"8068":[{"pref":"京都府","city":"京都市上京区","town":"松之下町"}],"8071":[{"pref":"京都府","city":"京都市上京区","town":"仕丁町"}],"8072":[{"pref":"京都府","city":"京都市上京区","town":"仲之町（新町通下長者町上る、新町通中長者町下る、中長者町通新"},{"pref":"京都府","city":"京都市上京区","town":"町西入、中長者町通西洞院東入、中長者町通西洞院西入、西洞院通中長者町上"},{"pref":"京都府","city":"京都市上京区","town":"る、西洞院通上長者町下る）"}],"8073":[{"pref":"京都府","city":"京都市上京区","town":"頭町（上長者町通西洞院西入、西洞院通上長者町下る、西洞院通"},{"pref":"京都府","city":"京都市上京区","town":"下長者町上る、西洞院通中長者町上る、西洞院通中長者町下る）"}],"8074":[{"pref":"京都府","city":"京都市上京区","town":"有春町"}],"8075":[{"pref":"京都府","city":"京都市上京区","town":"下小川町"}],"8076":[{"pref":"京都府","city":"京都市上京区","town":"菊屋町（西洞院通上長者町上る、西洞院通中立売下る、上長者町通"},{"pref":"京都府","city":"京都市上京区","town":"西洞院西入、上長者町通西洞院東入）"}],"8077":[{"pref":"京都府","city":"京都市上京区","town":"土御門町"}],"8101":[{"pref":"京都府","city":"京都市上京区","town":"東辰巳町"}],"8102":[{"pref":"京都府","city":"京都市上京区","town":"東天秤町"}],"8103":[{"pref":"京都府","city":"京都市上京区","town":"一町目（松屋町通出水下る、松屋町通下立売上る）"}],"8104":[{"pref":"京都府","city":"京都市上京区","town":"浮田町"}],"8105":[{"pref":"京都府","city":"京都市上京区","town":"天秤町"}],"8106":[{"pref":"京都府","city":"京都市上京区","town":"秤口町"}],"8107":[{"pref":"京都府","city":"京都市上京区","town":"西辰巳町"}],"8108":[{"pref":"京都府","city":"京都市上京区","town":"南清水町"}],"8109":[{"pref":"京都府","city":"京都市上京区","town":"西天秤町"}],"8111":[{"pref":"京都府","city":"京都市上京区","town":"桝屋町（西堀川通下長者町下る、西堀川通出水上る）"}],"8112":[{"pref":"京都府","city":"京都市上京区","town":"四町目（西堀川通下立売上る、西堀川通出水下る）"}],"8113":[{"pref":"京都府","city":"京都市上京区","town":"元福大明神町"}],"8114":[{"pref":"京都府","city":"京都市上京区","town":"荒神町（猪熊通下立売上る、猪熊通出水下る、猪熊通椹木町上"},{"pref":"京都府","city":"京都市上京区","town":"る、出水通猪熊西入、出水通猪熊東入、出水通葭屋町西入）"}],"8115":[{"pref":"京都府","city":"京都市上京区","town":"北蟹屋町"}],"8116":[{"pref":"京都府","city":"京都市上京区","town":"清元町"}],"8117":[{"pref":"京都府","city":"京都市上京区","town":"吉野町"}],"8118":[{"pref":"京都府","city":"京都市上京区","town":"蛭子町（猪熊通出水上る、猪熊通下長者町下る、下長者町通"},{"pref":"京都府","city":"京都市上京区","town":"猪熊西入、下長者町通猪熊東入、出水通猪熊西入、出水通猪熊東入）"}],"8119":[{"pref":"京都府","city":"京都市上京区","town":"亀屋町（葭屋町通下長者町下る、葭屋町通出水上る、下長者町通堀"},{"pref":"京都府","city":"京都市上京区","town":"川西入、下長者町通葭屋町東入、下長者町通葭屋町西入、出水通葭屋町西入、出"},{"pref":"京都府","city":"京都市上京区","town":"水通葭屋町東入、出水通堀川西入）"}],"8121":[{"pref":"京都府","city":"京都市上京区","town":"家永町"}],"8122":[{"pref":"京都府","city":"京都市上京区","town":"南蟹屋町"}],"8123":[{"pref":"京都府","city":"京都市上京区","town":"橋西二町目"}],"8124":[{"pref":"京都府","city":"京都市上京区","town":"森中町"}],"8125":[{"pref":"京都府","city":"京都市上京区","town":"菱屋町（大宮通椹木町上る、大宮通下立売下る、椹木町通大宮西"},{"pref":"京都府","city":"京都市上京区","town":"入、椹木町通大宮東入）"}],"8126":[{"pref":"京都府","city":"京都市上京区","town":"中書町"}],"8127":[{"pref":"京都府","city":"京都市上京区","town":"櫛笥町"}],"8128":[{"pref":"京都府","city":"京都市上京区","town":"二町目（松屋町通椹木町上る、松屋町通下立売下る）"}],"8131":[{"pref":"京都府","city":"京都市上京区","town":"長尾町"}],"8132":[{"pref":"京都府","city":"京都市上京区","town":"講堂町"}],"8133":[{"pref":"京都府","city":"京都市上京区","town":"小伝馬町"}],"8134":[{"pref":"京都府","city":"京都市上京区","town":"一町目（大宮通椹木町下る、大宮通丸太町上る、椹木町通大宮西"},{"pref":"京都府","city":"京都市上京区","town":"入、丸太町通大宮東入）"}],"8135":[{"pref":"京都府","city":"京都市上京区","town":"三町目（松屋町通椹木町下る、松屋町通丸太町上る）"}],"8136":[{"pref":"京都府","city":"京都市上京区","town":"中御門横町"}],"8137":[{"pref":"京都府","city":"京都市上京区","town":"大黒町（猪熊通椹木町上る、猪熊通下立売下る、椹木町通猪熊西入）"}],"8138":[{"pref":"京都府","city":"京都市上京区","town":"西橋詰町"}],"8139":[{"pref":"京都府","city":"京都市上京区","town":"丸屋町"}],"8141":[{"pref":"京都府","city":"京都市上京区","town":"上堀川町"}],"8142":[{"pref":"京都府","city":"京都市上京区","town":"下堀川町"}],"8143":[{"pref":"京都府","city":"京都市上京区","town":"中之町（猪熊通竹屋町上る、猪熊通丸太町下る、西堀川通丸太町下る）"}],"8144":[{"pref":"京都府","city":"京都市上京区","town":"藁屋町"}],"8145":[{"pref":"京都府","city":"京都市上京区","town":"左馬松町"}],"8146":[{"pref":"京都府","city":"京都市上京区","town":"木屋之町"}],"8147":[{"pref":"京都府","city":"京都市上京区","town":"直家町"}],"8148":[{"pref":"京都府","city":"京都市上京区","town":"西丸太町"}],"8151":[{"pref":"京都府","city":"京都市上京区","town":"西院町"}],"8152":[{"pref":"京都府","city":"京都市上京区","town":"北伊勢屋町"}],"8153":[{"pref":"京都府","city":"京都市上京区","town":"南伊勢屋町"}],"8154":[{"pref":"京都府","city":"京都市上京区","town":"四町目（竹屋町通日暮西入、日暮通竹屋町上る、日暮通丸太町下"},{"pref":"京都府","city":"京都市上京区","town":"る、日暮通丸太町下る西入）"}],"8155":[{"pref":"京都府","city":"京都市上京区","town":"主税町"}],"8156":[{"pref":"京都府","city":"京都市上京区","town":"聚楽町"}],"8157":[{"pref":"京都府","city":"京都市上京区","town":"小山町"}],"8158":[{"pref":"京都府","city":"京都市上京区","town":"中務町"}],"8161":[{"pref":"京都府","city":"京都市上京区","town":"新御幸町"}],"8162":[{"pref":"京都府","city":"京都市上京区","town":"東神明町"}],"8163":[{"pref":"京都府","city":"京都市上京区","town":"田中町"}],"8164":[{"pref":"京都府","city":"京都市上京区","town":"十四軒町"}],"8165":[{"pref":"京都府","city":"京都市上京区","town":"尼ケ崎横町"}],"8166":[{"pref":"京都府","city":"京都市上京区","town":"福島町"}],"8167":[{"pref":"京都府","city":"京都市上京区","town":"二本松町"}],"8168":[{"pref":"京都府","city":"京都市上京区","town":"弁天町"}],"8169":[{"pref":"京都府","city":"京都市上京区","town":"西神明町"}],"8171":[{"pref":"京都府","city":"京都市上京区","town":"山本町"}],"8172":[{"pref":"京都府","city":"京都市上京区","town":"天秤丸町"}],"8173":[{"pref":"京都府","city":"京都市上京区","town":"金馬場町"}],"8174":[{"pref":"京都府","city":"京都市上京区","town":"分銅町"}],"8175":[{"pref":"京都府","city":"京都市上京区","town":"中村町"}],"8176":[{"pref":"京都府","city":"京都市上京区","town":"下丸屋町"}],"8177":[{"pref":"京都府","city":"京都市上京区","town":"田村備前町"}],"8178":[{"pref":"京都府","city":"京都市上京区","town":"白銀町"}],"8179":[{"pref":"京都府","city":"京都市上京区","town":"坤高町"}],"8201":[{"pref":"京都府","city":"京都市上京区","town":"桝屋町（笹屋町通大宮西入、笹屋町通智恵光院東入）"}],"8202":[{"pref":"京都府","city":"京都市上京区","town":"栄町（大宮通一条上る西入、大宮通中立売下る、智恵光院通一条上る東入）"}],"8203":[{"pref":"京都府","city":"京都市上京区","town":"鏡石町"}],"8204":[{"pref":"京都府","city":"京都市上京区","town":"下鏡石町"}],"8205":[{"pref":"京都府","city":"京都市上京区","town":"新白水丸町"}],"8206":[{"pref":"京都府","city":"京都市上京区","town":"南新在家町"}],"8207":[{"pref":"京都府","city":"京都市上京区","town":"北新在家町"}],"8208":[{"pref":"京都府","city":"京都市上京区","town":"智恵光院前之町"}],"8209":[{"pref":"京都府","city":"京都市上京区","town":"橘町"}],"8211":[{"pref":"京都府","city":"京都市上京区","town":"村雲町"}],"8212":[{"pref":"京都府","city":"京都市上京区","town":"橋詰町"}],"8213":[{"pref":"京都府","city":"京都市上京区","town":"徳屋町"}],"8214":[{"pref":"京都府","city":"京都市上京区","town":"北之御門町"}],"8215":[{"pref":"京都府","city":"京都市上京区","town":"寺今町"}],"8216":[{"pref":"京都府","city":"京都市上京区","town":"竪門前町"}],"8217":[{"pref":"京都府","city":"京都市上京区","town":"南門前町"}],"8218":[{"pref":"京都府","city":"京都市上京区","town":"富小路町"}],"8221":[{"pref":"京都府","city":"京都市上京区","town":"堀川上之町"}],"8222":[{"pref":"京都府","city":"京都市上京区","town":"晴明町"}],"8223":[{"pref":"京都府","city":"京都市上京区","town":"横神明町"}],"8224":[{"pref":"京都府","city":"京都市上京区","town":"弾正町"}],"8225":[{"pref":"京都府","city":"京都市上京区","town":"下石橋町"}],"8226":[{"pref":"京都府","city":"京都市上京区","town":"石薬師町"}],"8227":[{"pref":"京都府","city":"京都市上京区","town":"毘沙門町（大宮通一条上る東入、黒門通一条上る、黒門通元誓願寺"},{"pref":"京都府","city":"京都市上京区","town":"下る、黒門通元誓願寺下る西入、黒門通一条上る西入）"}],"8228":[{"pref":"京都府","city":"京都市上京区","town":"竪神明町"}],"8231":[{"pref":"京都府","city":"京都市上京区","town":"如水町"}],"8232":[{"pref":"京都府","city":"京都市上京区","town":"堀川下之町"}],"8233":[{"pref":"京都府","city":"京都市上京区","town":"福大明神町"}],"8234":[{"pref":"京都府","city":"京都市上京区","town":"小寺町"}],"8235":[{"pref":"京都府","city":"京都市上京区","town":"飛弾殿町"}],"8236":[{"pref":"京都府","city":"京都市上京区","town":"庇町"}],"8237":[{"pref":"京都府","city":"京都市上京区","town":"梨木町"}],"8238":[{"pref":"京都府","city":"京都市上京区","town":"糸屋町"}],"8239":[{"pref":"京都府","city":"京都市上京区","town":"下石橋南半町"}],"8241":[{"pref":"京都府","city":"京都市上京区","town":"役人町"}],"8242":[{"pref":"京都府","city":"京都市上京区","town":"皀莢町"}],"8243":[{"pref":"京都府","city":"京都市上京区","town":"奈良物町"}],"8244":[{"pref":"京都府","city":"京都市上京区","town":"菊屋町（葭屋町通上長者町下る、葭屋町通下長者町上る、上長者町"},{"pref":"京都府","city":"京都市上京区","town":"通葭屋町西入、上長者町通葭屋町東入、下長者町通葭屋町西入、下長者町通葭屋"},{"pref":"京都府","city":"京都市上京区","town":"町東入、下長者町通堀川西入）"}],"8245":[{"pref":"京都府","city":"京都市上京区","town":"猪熊"}],"8246":[{"pref":"京都府","city":"京都市上京区","town":"杉本町"}],"8247":[{"pref":"京都府","city":"京都市上京区","town":"北俵町"}],"8248":[{"pref":"京都府","city":"京都市上京区","town":"南俵町"}],"8251":[{"pref":"京都府","city":"京都市上京区","town":"榎町"}],"8252":[{"pref":"京都府","city":"京都市上京区","town":"北小大門町"}],"8253":[{"pref":"京都府","city":"京都市上京区","town":"南小大門町"}],"8254":[{"pref":"京都府","city":"京都市上京区","town":"藤五郎町"}],"8255":[{"pref":"京都府","city":"京都市上京区","town":"東堀町"}],"8256":[{"pref":"京都府","city":"京都市上京区","town":"神明町（上長者町通松屋町東入、松屋町通上長者町上る、松屋町通中立売下る）"}],"8257":[{"pref":"京都府","city":"京都市上京区","town":"新元町"}],"8258":[{"pref":"京都府","city":"京都市上京区","town":"和水町"}],"8259":[{"pref":"京都府","city":"京都市上京区","town":"常陸町"}],"8261":[{"pref":"京都府","city":"京都市上京区","town":"多門町"}],"8262":[{"pref":"京都府","city":"京都市上京区","town":"須浜池町"}],"8263":[{"pref":"京都府","city":"京都市上京区","town":"須浜東町"}],"8264":[{"pref":"京都府","city":"京都市上京区","town":"須浜町"}],"8265":[{"pref":"京都府","city":"京都市上京区","town":"下山里町"}],"8266":[{"pref":"京都府","city":"京都市上京区","town":"菱丸町"}],"8267":[{"pref":"京都府","city":"京都市上京区","town":"高台院竪町"}],"8268":[{"pref":"京都府","city":"京都市上京区","town":"山里町"}],"8271":[{"pref":"京都府","city":"京都市上京区","town":"高台院町"}],"8272":[{"pref":"京都府","city":"京都市上京区","town":"亀木町"}],"8273":[{"pref":"京都府","city":"京都市上京区","town":"長谷町"}],"8274":[{"pref":"京都府","city":"京都市上京区","town":"山王町"}],"8275":[{"pref":"京都府","city":"京都市上京区","town":"革堂前之町"}],"8276":[{"pref":"京都府","city":"京都市上京区","town":"百万遍町"}],"8277":[{"pref":"京都府","city":"京都市上京区","town":"信濃町"}],"8278":[{"pref":"京都府","city":"京都市上京区","town":"愛染寺町"}],"8279":[{"pref":"京都府","city":"京都市上京区","town":"新柳馬場頭町"}],"8281":[{"pref":"京都府","city":"京都市上京区","town":"加賀屋町"}],"8282":[{"pref":"京都府","city":"京都市上京区","town":"西富仲町"}],"8283":[{"pref":"京都府","city":"京都市上京区","town":"仲御霊町"}],"8284":[{"pref":"京都府","city":"京都市上京区","town":"亀屋町（千本通中立売上る、千本通中立売下る、中立売通千本西入）"}],"8285":[{"pref":"京都府","city":"京都市上京区","town":"西中筋町"}],"8286":[{"pref":"京都府","city":"京都市上京区","town":"玉屋町（千本通中立売上る、中立売通千本東入）"}],"8287":[{"pref":"京都府","city":"京都市上京区","town":"丹波屋町"}],"8288":[{"pref":"京都府","city":"京都市上京区","town":"田丸町"}],"8291":[{"pref":"京都府","city":"京都市上京区","town":"福本町"}],"8292":[{"pref":"京都府","city":"京都市上京区","town":"今新在家町"}],"8293":[{"pref":"京都府","city":"京都市上京区","town":"新桝屋町"}],"8294":[{"pref":"京都府","city":"京都市上京区","town":"東西俵屋町"}],"8295":[{"pref":"京都府","city":"京都市上京区","town":"東石橋町"}],"8296":[{"pref":"京都府","city":"京都市上京区","town":"北伊勢殿構町"}],"8297":[{"pref":"京都府","city":"京都市上京区","town":"伊勢殿構町"}],"8298":[{"pref":"京都府","city":"京都市上京区","town":"泰童町"}],"8299":[{"pref":"京都府","city":"京都市上京区","town":"革堂之内町"}],"8301":[{"pref":"京都府","city":"京都市上京区","town":"西芦山寺町"}],"8302":[{"pref":"京都府","city":"京都市上京区","town":"井田町"}],"8303":[{"pref":"京都府","city":"京都市上京区","town":"姥ケ寺之前町"}],"8304":[{"pref":"京都府","city":"京都市上京区","town":"作庵町"}],"8305":[{"pref":"京都府","city":"京都市上京区","town":"花車町"}],"8306":[{"pref":"京都府","city":"京都市上京区","town":"西五辻北町"}],"8307":[{"pref":"京都府","city":"京都市上京区","town":"閻魔前町"}],"8308":[{"pref":"京都府","city":"京都市上京区","town":"北玄蕃町"}],"8311":[{"pref":"京都府","city":"京都市上京区","town":"柏清盛町"}],"8312":[{"pref":"京都府","city":"京都市上京区","town":"末広町"}],"8313":[{"pref":"京都府","city":"京都市上京区","town":"風呂屋町"}],"8314":[{"pref":"京都府","city":"京都市上京区","town":"佐竹町"}],"8315":[{"pref":"京都府","city":"京都市上京区","town":"突抜町（今出川通七本松東入、今出川通七本松東入上る、五辻通七"},{"pref":"京都府","city":"京都市上京区","town":"本松東入下る、五辻通六軒町西入下る）"}],"8316":[{"pref":"京都府","city":"京都市上京区","town":"片原町"}],"8317":[{"pref":"京都府","city":"京都市上京区","town":"東柳町"}],"8318":[{"pref":"京都府","city":"京都市上京区","town":"老松町"}],"8319":[{"pref":"京都府","city":"京都市上京区","town":"溝前町"}],"8321":[{"pref":"京都府","city":"京都市上京区","town":"南上善寺町"}],"8322":[{"pref":"京都府","city":"京都市上京区","town":"玉屋町（元誓願寺通千本西入、元誓願寺通六軒町東入、六軒町通元"},{"pref":"京都府","city":"京都市上京区","town":"誓願寺上る、六軒町通元誓願寺下る、葭屋町通元誓願寺下る）"}],"8323":[{"pref":"京都府","city":"京都市上京区","town":"大文字町"}],"8324":[{"pref":"京都府","city":"京都市上京区","town":"元観音町"}],"8325":[{"pref":"京都府","city":"京都市上京区","town":"毘沙門町（今出川通七本松西入、今出川通七本松西入上る、七本松通"},{"pref":"京都府","city":"京都市上京区","town":"今出川上る、七本松通今出川下る、七本松通元誓願寺上る、七本松通五辻下る）"}],"8326":[{"pref":"京都府","city":"京都市上京区","town":"西上善寺町"}],"8327":[{"pref":"京都府","city":"京都市上京区","town":"南佐竹町"}],"8331":[{"pref":"京都府","city":"京都市上京区","town":"若松町"}],"8332":[{"pref":"京都府","city":"京都市上京区","town":"烏丸町"}],"8333":[{"pref":"京都府","city":"京都市上京区","town":"三条殿町"}],"8334":[{"pref":"京都府","city":"京都市上京区","town":"西今出川町"}],"8335":[{"pref":"京都府","city":"京都市上京区","town":"一観音町"}],"8336":[{"pref":"京都府","city":"京都市上京区","town":"滝ケ鼻町"}],"8337":[{"pref":"京都府","city":"京都市上京区","town":"新建町"}],"8338":[{"pref":"京都府","city":"京都市上京区","town":"松永町"}],"8341":[{"pref":"京都府","city":"京都市上京区","town":"三軒町"}],"8342":[{"pref":"京都府","city":"京都市上京区","town":"五番町"}],"8343":[{"pref":"京都府","city":"京都市上京区","town":"利生町"}],"8344":[{"pref":"京都府","city":"京都市上京区","town":"二番町"}],"8345":[{"pref":"京都府","city":"京都市上京区","town":"一番町"}],"8346":[{"pref":"京都府","city":"京都市上京区","town":"東町（一条通下ノ森西入、一条通下ノ森東入、一条通七本松西"},{"pref":"京都府","city":"京都市上京区","town":"入、中立売通七本松西入）"}],"8347":[{"pref":"京都府","city":"京都市上京区","town":"四番町"}],"8348":[{"pref":"京都府","city":"京都市上京区","town":"白竹町"}],"8351":[{"pref":"京都府","city":"京都市上京区","town":"六番町"}],"8352":[{"pref":"京都府","city":"京都市上京区","town":"稲葉町"}],"8353":[{"pref":"京都府","city":"京都市上京区","town":"長門町"}],"8354":[{"pref":"京都府","city":"京都市上京区","town":"西東町"}],"8355":[{"pref":"京都府","city":"京都市上京区","town":"天満屋町"}],"8356":[{"pref":"京都府","city":"京都市上京区","town":"三助町"}],"8357":[{"pref":"京都府","city":"京都市上京区","town":"鳳瑞町"}],"8358":[{"pref":"京都府","city":"京都市上京区","town":"三番町"}],"8359":[{"pref":"京都府","city":"京都市上京区","town":"七番町"}],"8361":[{"pref":"京都府","city":"京都市上京区","town":"西上之町"}],"8362":[{"pref":"京都府","city":"京都市上京区","town":"仲之町（御前通上の下立売上る、御前通上の下立売上る東入、御前"},{"pref":"京都府","city":"京都市上京区","town":"通上の下立売上る２丁目、御前通下立売上る、御前通下立売上る２丁目、御前通"},{"pref":"京都府","city":"京都市上京区","town":"下立売上る２丁目西入、御前通下立売上る東入、下ノ森通下立売上る、下ノ森通"},{"pref":"京都府","city":"京都市上京区","town":"下立売上る西入、上の下立売通御前西入上る）"}],"8363":[{"pref":"京都府","city":"京都市上京区","town":"大宮町（上の下立売通御前西入、上の下立売通御前西入上る、"},{"pref":"京都府","city":"京都市上京区","town":"上の下立売通天神道東入、下立売通御前西入、下立売通御前西入上る）"}],"8364":[{"pref":"京都府","city":"京都市上京区","town":"突抜町（下立売通御前西入、下立売通御前西入下る、下立売通天"},{"pref":"京都府","city":"京都市上京区","town":"神道東入、下の下立売通御前西入）"}],"8365":[{"pref":"京都府","city":"京都市上京区","town":"下之町"}],"8366":[{"pref":"京都府","city":"京都市上京区","town":"行衛町"}],"8367":[{"pref":"京都府","city":"京都市上京区","town":"堀川町"}],"8368":[{"pref":"京都府","city":"京都市上京区","town":"北町（上の下立売通天神道西入上る、上の下立売通御前西入、上"},{"pref":"京都府","city":"京都市上京区","town":"の下立売通御前西入上る、上の下立売通御前西入２丁目、上の下立売通御前西入"},{"pref":"京都府","city":"京都市上京区","town":"２筋目、下長者町通御前西入、天神道上の下立売上る、天神道仁和寺街道下る、"},{"pref":"京都府","city":"京都市上京区","town":"天神道下立売上る、天神道妙心寺道上る、天神道妙心寺道上る西入、仁和寺街"},{"pref":"京都府","city":"京都市上京区","town":"道天神道西入下る、仁和寺街道天神道東入下る、御前通上の下立売上る、御前通"},{"pref":"京都府","city":"京都市上京区","town":"上の下立売上る西入、御前通下立売上る、御前通下長者町上る西入、御前通仁"},{"pref":"京都府","city":"京都市上京区","town":"和寺街道下る西入、御前通妙心寺道上る西入、御前通西裏上の下立売上る、御前"},{"pref":"京都府","city":"京都市上京区","town":"通西裏下立売上る）"}],"8369":[{"pref":"京都府","city":"京都市上京区","town":"川瀬町"}],"8371":[{"pref":"京都府","city":"京都市上京区","town":"西町（一条通御前東入）"}],"8372":[{"pref":"京都府","city":"京都市上京区","town":"下竪町"}],"8373":[{"pref":"京都府","city":"京都市上京区","town":"下横町"}],"8374":[{"pref":"京都府","city":"京都市上京区","town":"西町（一条通御前西入、一条通紙屋川東入、一条通天神道西入、"},{"pref":"京都府","city":"京都市上京区","town":"一条通御前３丁目西入、一条通御前西入上る、一条通御前西入上る西入、"},{"pref":"京都府","city":"京都市上京区","town":"一条通御前西入２丁目、一条通御前西入２丁目上る、一条通御前西入２丁目"},{"pref":"京都府","city":"京都市上京区","town":"下る、一条通御前西入２筋目下る、一条通御前西入３丁目、一条通御前"},{"pref":"京都府","city":"京都市上京区","town":"西入３丁目上る、一条通御前西入３丁目下る、一条通御前西入３筋目、"},{"pref":"京都府","city":"京都市上京区","town":"一条通御前西入下る、一条通御前西入下る３丁目、一条通紙屋川東入"},{"pref":"京都府","city":"京都市上京区","town":"上る、一条通紙屋川東入下る、天神道一条上る、天神道一条下る、天神道"},{"pref":"京都府","city":"京都市上京区","town":"仁和寺街道上る）"}],"8375":[{"pref":"京都府","city":"京都市上京区","town":"大上之町"}],"8376":[{"pref":"京都府","city":"京都市上京区","town":"大東町"}],"8377":[{"pref":"京都府","city":"京都市上京区","town":"東竪町"}],"8381":[{"pref":"京都府","city":"京都市上京区","town":"真盛町"}],"8382":[{"pref":"京都府","city":"京都市上京区","town":"末之口町"}],"8383":[{"pref":"京都府","city":"京都市上京区","town":"西今小路町"}],"8384":[{"pref":"京都府","city":"京都市上京区","town":"紙屋川町"}],"8385":[{"pref":"京都府","city":"京都市上京区","town":"観音寺門前町"}],"8386":[{"pref":"京都府","city":"京都市上京区","town":"馬喰町"}],"8387":[{"pref":"京都府","city":"京都市上京区","town":"東今小路町"}],"8391":[{"pref":"京都府","city":"京都市上京区","town":"神明町（御前通寺之内下る、御前通今出川上る、御前通今出川上"},{"pref":"京都府","city":"京都市上京区","town":"る２丁目、御前通今出川上る３丁目、寺之内通御前西入）"}],"8392":[{"pref":"京都府","city":"京都市上京区","town":"北町（御前通五辻上る、御前通今出川上る、御前通今出川上る１"},{"pref":"京都府","city":"京都市上京区","town":"丁目、御前通今出川上る２丁目、御前通今出川上る２丁目西入、御前通今出川上"},{"pref":"京都府","city":"京都市上京区","town":"る２筋目、御前通今出川上る西入、御前通今出川上る東入、御前通今出川２丁目"},{"pref":"京都府","city":"京都市上京区","town":"上る、御前通寺之内下る）"}],"8393":[{"pref":"京都府","city":"京都市上京区","town":"鳥居前町"}],"8394":[{"pref":"京都府","city":"京都市上京区","town":"西柳町"}],"8395":[{"pref":"京都府","city":"京都市上京区","town":"社家長屋町"}],"8401":[{"pref":"京都府","city":"京都市上京区","town":"薬師前町"}],"8402":[{"pref":"京都府","city":"京都市上京区","town":"田畑町"}],"8403":[{"pref":"京都府","city":"京都市上京区","town":"中社町"}],"8404":[{"pref":"京都府","city":"京都市上京区","town":"西千本町"}],"8405":[{"pref":"京都府","city":"京都市上京区","town":"大猪熊町（寺之内通大宮西入、寺之内通智恵光院西入、寺之内通智"},{"pref":"京都府","city":"京都市上京区","town":"恵光院東入、寺之内通大宮東入、智恵光院通寺之内下る）"}],"8406":[{"pref":"京都府","city":"京都市上京区","town":"花開院町"}],"8407":[{"pref":"京都府","city":"京都市上京区","town":"伊佐町"}],"8408":[{"pref":"京都府","city":"京都市上京区","town":"古美濃部町"}],"8409":[{"pref":"京都府","city":"京都市上京区","town":"新美濃部町"}],"8411":[{"pref":"京都府","city":"京都市上京区","town":"東西町"}],"8412":[{"pref":"京都府","city":"京都市上京区","town":"芝之町"}],"8413":[{"pref":"京都府","city":"京都市上京区","town":"大北小路東町"}],"8414":[{"pref":"京都府","city":"京都市上京区","town":"西北小路町（猪熊通上立売上る、猪熊通寺之内下る、大宮通寺之内下"},{"pref":"京都府","city":"京都市上京区","town":"る東入、大宮通寺之内半丁下る東入、大宮通寺之内下る東入１丁目、寺之内通大"},{"pref":"京都府","city":"京都市上京区","town":"宮東入下る、寺之内通大宮東入１丁目下る）"}],"8415":[{"pref":"京都府","city":"京都市上京区","town":"前之町"}],"8416":[{"pref":"京都府","city":"京都市上京区","town":"東千本町"}],"8417":[{"pref":"京都府","city":"京都市上京区","town":"東社町"}],"8418":[{"pref":"京都府","city":"京都市上京区","town":"妙蓮寺前町"}],"8421":[{"pref":"京都府","city":"京都市上京区","town":"芝薬師町"}],"8422":[{"pref":"京都府","city":"京都市上京区","town":"山名町"}],"8423":[{"pref":"京都府","city":"京都市上京区","town":"藤木町"}],"8424":[{"pref":"京都府","city":"京都市上京区","town":"阿弥陀寺町"}],"8425":[{"pref":"京都府","city":"京都市上京区","town":"樋之口町"}],"8426":[{"pref":"京都府","city":"京都市上京区","town":"曼陀羅町"}],"8427":[{"pref":"京都府","city":"京都市上京区","town":"土田町"}],"8428":[{"pref":"京都府","city":"京都市上京区","town":"幸在町"}],"8431":[{"pref":"京都府","city":"京都市上京区","town":"東石屋町"}],"8432":[{"pref":"京都府","city":"京都市上京区","town":"北猪熊町"}],"8433":[{"pref":"京都府","city":"京都市上京区","town":"橋之上町"}],"8434":[{"pref":"京都府","city":"京都市上京区","town":"西船橋町"}],"8435":[{"pref":"京都府","city":"京都市上京区","town":"元伊佐町"}],"8436":[{"pref":"京都府","city":"京都市上京区","town":"慈眼庵町"}],"8437":[{"pref":"京都府","city":"京都市上京区","town":"西石屋町"}],"8438":[{"pref":"京都府","city":"京都市上京区","town":"芝大宮町"}],"8439":[{"pref":"京都府","city":"京都市上京区","town":"硯屋町"}],"8441":[{"pref":"京都府","city":"京都市上京区","town":"観世町"}],"8442":[{"pref":"京都府","city":"京都市上京区","town":"薬師町"}],"8443":[{"pref":"京都府","city":"京都市上京区","town":"元妙蓮寺町"}],"8444":[{"pref":"京都府","city":"京都市上京区","town":"西北小路町（今出川通浄福寺東入、今出川通智恵光院西入、今出川通智"},{"pref":"京都府","city":"京都市上京区","town":"恵光院東入、智恵光院通今出川上る、智恵光院通今出川下る、五辻通浄福寺"},{"pref":"京都府","city":"京都市上京区","town":"東入）"}],"8445":[{"pref":"京都府","city":"京都市上京区","town":"桜井町"}],"8446":[{"pref":"京都府","city":"京都市上京区","town":"五辻町"}],"8447":[{"pref":"京都府","city":"京都市上京区","town":"紋屋町"}],"8448":[{"pref":"京都府","city":"京都市上京区","town":"元北小路町"}],"8449":[{"pref":"京都府","city":"京都市上京区","town":"横大宮町"}],"8451":[{"pref":"京都府","city":"京都市上京区","town":"菱屋町（中筋通浄福寺東入、中筋通智恵光院西入）"}],"8452":[{"pref":"京都府","city":"京都市上京区","town":"元中之町"}],"8453":[{"pref":"京都府","city":"京都市上京区","town":"笹屋"}],"8454":[{"pref":"京都府","city":"京都市上京区","town":"今出川町（元誓願寺通浄福寺西入、元誓願寺通浄福寺東入、浄福寺通"},{"pref":"京都府","city":"京都市上京区","town":"元誓願寺上る、浄福寺通元誓願寺下る）"}],"8455":[{"pref":"京都府","city":"京都市上京区","town":"泰童片原町"}],"8461":[{"pref":"京都府","city":"京都市上京区","town":"北小路中之町"}],"8462":[{"pref":"京都府","city":"京都市上京区","town":"竪亀屋町"}],"8463":[{"pref":"京都府","city":"京都市上京区","town":"革堂町（元誓願寺通浄福寺西入）"}],"8464":[{"pref":"京都府","city":"京都市上京区","town":"元四丁目"}],"8465":[{"pref":"京都府","city":"京都市上京区","town":"松屋町"}],"8466":[{"pref":"京都府","city":"京都市上京区","town":"南辻町"}],"8467":[{"pref":"京都府","city":"京都市上京区","town":"西亀屋町"}],"8468":[{"pref":"京都府","city":"京都市上京区","town":"東上善寺町"}],"8469":[{"pref":"京都府","city":"京都市上京区","town":"中宮町"}],"8471":[{"pref":"京都府","city":"京都市上京区","town":"一色町"}],"8472":[{"pref":"京都府","city":"京都市上京区","town":"有馬町"}],"8473":[{"pref":"京都府","city":"京都市上京区","town":"般舟院前町"}],"8474":[{"pref":"京都府","city":"京都市上京区","town":"上善寺町"}],"8475":[{"pref":"京都府","city":"京都市上京区","town":"牡丹鉾町"}],"8476":[{"pref":"京都府","city":"京都市上京区","town":"桐木町"}],"8477":[{"pref":"京都府","city":"京都市上京区","town":"姥ケ榎木町"}],"8478":[{"pref":"京都府","city":"京都市上京区","town":"西五辻東町"}],"8481":[{"pref":"京都府","city":"京都市上京区","town":"聖天町"}],"8482":[{"pref":"京都府","city":"京都市上京区","town":"大黒町（上立売通浄福寺西入、上立売通浄福寺東入、浄福寺通上立"},{"pref":"京都府","city":"京都市上京区","town":"売上る、浄福寺通寺之内下る）"}],"8483":[{"pref":"京都府","city":"京都市上京区","town":"杉若町"}],"8484":[{"pref":"京都府","city":"京都市上京区","town":"蛭子町（上立売通浄福寺西入、浄福寺通上立売下る）"}],"8485":[{"pref":"京都府","city":"京都市上京区","town":"姥ケ東西町"}],"8486":[{"pref":"京都府","city":"京都市上京区","town":"姥ケ西町"}],"8487":[{"pref":"京都府","city":"京都市上京区","town":"姥ケ北町"}],"8488":[{"pref":"京都府","city":"京都市上京区","town":"真倉町"}],"8491":[{"pref":"京都府","city":"京都市上京区","town":"西社町"}],"8492":[{"pref":"京都府","city":"京都市上京区","town":"歓喜町"}],"8493":[{"pref":"京都府","city":"京都市上京区","town":"中猪熊町"}],"8494":[{"pref":"京都府","city":"京都市上京区","town":"新猪熊東町"}],"8495":[{"pref":"京都府","city":"京都市上京区","town":"新猪熊町"}],"8496":[{"pref":"京都府","city":"京都市上京区","town":"木瓜原町"}],"8497":[{"pref":"京都府","city":"京都市上京区","town":"戌亥町"}],"8498":[{"pref":"京都府","city":"京都市上京区","town":"西熊町"}],"0000":[{"pref":"京都府","city":"京都市上京区","town":"以下に掲載がない場合"}],"0827":[{"pref":"京都府","city":"京都市上京区","town":"相生町"}],"0054":[{"pref":"京都府","city":"京都市上京区","town":"飛鳥井町"}],"0923":[{"pref":"京都府","city":"京都市上京区","town":"油橋詰町"}],"0803":[{"pref":"京都府","city":"京都市上京区","town":"阿弥陀寺前町"}],"0064":[{"pref":"京都府","city":"京都市上京区","town":"安楽小路町"}],"0873":[{"pref":"京都府","city":"京都市上京区","town":"伊勢屋町"}],"0934":[{"pref":"京都府","city":"京都市上京区","town":"一条殿町"}],"0944":[{"pref":"京都府","city":"京都市上京区","town":"一条横町"}],"0905":[{"pref":"京都府","city":"京都市上京区","town":"一松町"}],"0824":[{"pref":"京都府","city":"京都市上京区","town":"一真町"}],"0066":[{"pref":"京都府","city":"京都市上京区","town":"射場町"}],"0906":[{"pref":"京都府","city":"京都市上京区","town":"今図子町"}],"0033":[{"pref":"京都府","city":"京都市上京区","town":"今出川町（烏丸通今出川上る、烏丸通今出川下る、今出川通烏丸西"},{"pref":"京都府","city":"京都市上京区","town":"入、今出川通室町東入）"}],"0012":[{"pref":"京都府","city":"京都市上京区","town":"内構町"}],"0942":[{"pref":"京都府","city":"京都市上京区","town":"靭屋町"}],"0902":[{"pref":"京都府","city":"京都市上京区","town":"梅屋町"}],"0031":[{"pref":"京都府","city":"京都市上京区","town":"裏築地町"}],"0025":[{"pref":"京都府","city":"京都市上京区","town":"裏風呂町"}],"0921":[{"pref":"京都府","city":"京都市上京区","town":"正親町"}],"0848":[{"pref":"京都府","city":"京都市上京区","town":"扇町（寺町通今出川下る、寺町通石薬師上る、寺町通石薬師下"},{"pref":"京都府","city":"京都市上京区","town":"る、寺町通広小路上る、石薬師通寺町東入）"}],"0071":[{"pref":"京都府","city":"京都市上京区","town":"扇町（堀川通寺之内上る、堀川通上御霊前上る、上御霊前通堀川東入）"}],"0849":[{"pref":"京都府","city":"京都市上京区","town":"大猪熊町（中筋通石薬師上る、石薬師通河原町西入、石薬師通寺町"},{"pref":"京都府","city":"京都市上京区","town":"東入、石薬師通中筋西入、石薬師通中筋東入）"}],"0832":[{"pref":"京都府","city":"京都市上京区","town":"大原口町"}],"0834":[{"pref":"京都府","city":"京都市上京区","town":"大原口突抜町"}],"0935":[{"pref":"京都府","city":"京都市上京区","town":"大峰図子町"}],"0847":[{"pref":"京都府","city":"京都市上京区","town":"大宮町（今出川通河原町西入、今出川通寺町東入、今出川通寺町東"},{"pref":"京都府","city":"京都市上京区","town":"入下る、河原町通今出川下る、河原町通今出川下る西入、寺町通今出川下る東"},{"pref":"京都府","city":"京都市上京区","town":"入、中筋通石薬師上る）"}],"0032":[{"pref":"京都府","city":"京都市上京区","town":"岡松町"}],"0924":[{"pref":"京都府","city":"京都市上京区","town":"小川町"}],"0825":[{"pref":"京都府","city":"京都市上京区","town":"表町"}],"0946":[{"pref":"京都府","city":"京都市上京区","town":"戒光寺町"}],"0841":[{"pref":"京都府","city":"京都市上京区","town":"梶井町"}],"0952":[{"pref":"京都府","city":"京都市上京区","town":"頭町（油小路通元誓願寺下る、元誓願寺通油小路西入）"}],"0855":[{"pref":"京都府","city":"京都市上京区","town":"上生洲町"}],"0052":[{"pref":"京都府","city":"京都市上京区","town":"上小川町"}],"0804":[{"pref":"京都府","city":"京都市上京区","town":"上片原町"}],"0017":[{"pref":"京都府","city":"京都市上京区","town":"上木下町"}],"0896":[{"pref":"京都府","city":"京都市上京区","town":"上御霊竪町"}],"0894":[{"pref":"京都府","city":"京都市上京区","town":"上御霊中町"}],"0891":[{"pref":"京都府","city":"京都市上京区","town":"上御霊馬場町"}],"0895":[{"pref":"京都府","city":"京都市上京区","town":"上御霊前町"}],"0024":[{"pref":"京都府","city":"京都市上京区","town":"上立売町"}],"0022":[{"pref":"京都府","city":"京都市上京区","town":"上立売東町"}],"0082":[{"pref":"京都府","city":"京都市上京区","town":"上天神町"}],"0815":[{"pref":"京都府","city":"京都市上京区","town":"上塔之段町"}],"0863":[{"pref":"京都府","city":"京都市上京区","town":"上之町"}],"0813":[{"pref":"京都府","city":"京都市上京区","town":"上神輿町"}],"0013":[{"pref":"京都府","city":"京都市上京区","town":"上柳原町"}],"0854":[{"pref":"京都府","city":"京都市上京区","town":"亀屋町（河原町通荒神口東入、荒神口通河原町東入）"}],"0808":[{"pref":"京都府","city":"京都市上京区","town":"歓喜寺前町"}],"0903":[{"pref":"京都府","city":"京都市上京区","town":"観三橘町"}],"0008":[{"pref":"京都府","city":"京都市上京区","town":"岩栖院町"}],"0044":[{"pref":"京都府","city":"京都市上京区","town":"北兼康町"}],"0901":[{"pref":"京都府","city":"京都市上京区","town":"北小路室町"}],"0092":[{"pref":"京都府","city":"京都市上京区","town":"北仲之町"}],"0852":[{"pref":"京都府","city":"京都市上京区","town":"北之辺町"}],"0056":[{"pref":"京都府","city":"京都市上京区","town":"北舟橋町"}],"0818":[{"pref":"京都府","city":"京都市上京区","town":"北横町"}],"0027":[{"pref":"京都府","city":"京都市上京区","town":"木下突抜町"}],"0851":[{"pref":"京都府","city":"京都市上京区","town":"九軒町"}],"0881":[{"pref":"京都府","city":"京都市上京区","town":"京都御苑"}],"0876":[{"pref":"京都府","city":"京都市上京区","town":"錦砂町"}],"0918":[{"pref":"京都府","city":"京都市上京区","town":"薬屋町"}],"0002":[{"pref":"京都府","city":"京都市上京区","town":"継孝院町"}],"0018":[{"pref":"京都府","city":"京都市上京区","town":"玄蕃町"}],"0893":[{"pref":"京都府","city":"京都市上京区","town":"玄武町"}],"0856":[{"pref":"京都府","city":"京都市上京区","town":"荒神町（河原町通荒神口上る、荒神口通河原町西入、荒神口通河"},{"pref":"京都府","city":"京都市上京区","town":"原町東入、荒神口通寺町東入、寺町通荒神口上る）"}],"0835":[{"pref":"京都府","city":"京都市上京区","town":"革堂内町"}],"0943":[{"pref":"京都府","city":"京都市上京区","town":"革堂町（小川通一条上る、小川通武者小路下る、武者小路通小川東入）"}],"0945":[{"pref":"京都府","city":"京都市上京区","town":"革堂仲之町"}],"0959":[{"pref":"京都府","city":"京都市上京区","town":"革堂西町"}],"0801":[{"pref":"京都府","city":"京都市上京区","town":"高徳寺町"}],"0051":[{"pref":"京都府","city":"京都市上京区","town":"御三軒町"}],"0904":[{"pref":"京都府","city":"京都市上京区","town":"小島町"}],"0023":[{"pref":"京都府","city":"京都市上京区","town":"御所八幡町"}],"0821":[{"pref":"京都府","city":"京都市上京区","town":"後藤町"}],"0047":[{"pref":"京都府","city":"京都市上京区","town":"近衛殿表町"}],"0045":[{"pref":"京都府","city":"京都市上京区","town":"近衛殿北口町"}],"0872":[{"pref":"京都府","city":"京都市上京区","town":"駒之町"}],"0846":[{"pref":"京都府","city":"京都市上京区","town":"米屋町（今出川通寺町東入、今出川通寺町東入下る、今出川通河"},{"pref":"京都府","city":"京都市上京区","town":"原町西入上る、河原町通今出川下る西入、寺町通今出川下る、寺町通今出川下"},{"pref":"京都府","city":"京都市上京区","town":"る東入、中筋通今出川下る）"}],"0814":[{"pref":"京都府","city":"京都市上京区","town":"幸神町"}],"0842":[{"pref":"京都府","city":"京都市上京区","town":"栄町（石薬師通河原西入、河原町通石薬師上る、河原町通石薬"},{"pref":"京都府","city":"京都市上京区","town":"師下る、河原町通今出川下る、河原町通今出川２筋目下る西、河原町通今出川"},{"pref":"京都府","city":"京都市上京区","town":"下る２丁目、河原町通今出川下る２筋目西、河原町通今出川下る３丁目）"}],"0805":[{"pref":"京都府","city":"京都市上京区","town":"桜木町"}],"0826":[{"pref":"京都府","city":"京都市上京区","town":"三栄町"}],"0922":[{"pref":"京都府","city":"京都市上京区","town":"讃州寺町"}],"0915":[{"pref":"京都府","city":"京都市上京区","town":"三丁町"}],"0059":[{"pref":"京都府","city":"京都市上京区","town":"実相院町"}],"0019":[{"pref":"京都府","city":"京都市上京区","town":"下木下町"}],"0007":[{"pref":"京都府","city":"京都市上京区","town":"下清蔵口町"}],"0074":[{"pref":"京都府","city":"京都市上京区","town":"下天神町"}],"0837":[{"pref":"京都府","city":"京都市上京区","town":"下塔之段町"}],"0839":[{"pref":"京都府","city":"京都市上京区","town":"下御輿町"}],"0014":[{"pref":"京都府","city":"京都市上京区","town":"下柳原北半町"}],"0015":[{"pref":"京都府","city":"京都市上京区","town":"下柳原南半町"}],"0811":[{"pref":"京都府","city":"京都市上京区","town":"十念寺前町"}],"0843":[{"pref":"京都府","city":"京都市上京区","town":"新夷町"}],"0861":[{"pref":"京都府","city":"京都市上京区","town":"新烏丸頭町"}],"0892":[{"pref":"京都府","city":"京都市上京区","town":"新北小路町"}],"0897":[{"pref":"京都府","city":"京都市上京区","town":"新御霊口町"}],"0083":[{"pref":"京都府","city":"京都市上京区","town":"新ン町"}],"0866":[{"pref":"京都府","city":"京都市上京区","town":"真町"}],"0875":[{"pref":"京都府","city":"京都市上京区","town":"信富町"}],"0833":[{"pref":"京都府","city":"京都市上京区","town":"真如堂突抜町"}],"0845":[{"pref":"京都府","city":"京都市上京区","town":"真如堂前町"}],"0081":[{"pref":"京都府","city":"京都市上京区","town":"瑞光院前町"}],"0091":[{"pref":"京都府","city":"京都市上京区","town":"筋違橋町"}],"0822":[{"pref":"京都府","city":"京都市上京区","town":"青龍町"}],"0006":[{"pref":"京都府","city":"京都市上京区","town":"禅昌院町"}],"0898":[{"pref":"京都府","city":"京都市上京区","town":"相国寺門前町"}],"0844":[{"pref":"京都府","city":"京都市上京区","town":"染殿町"}],"0003":[{"pref":"京都府","city":"京都市上京区","town":"大心院町"}],"0878":[{"pref":"京都府","city":"京都市上京区","town":"高島町"}],"0001":[{"pref":"京都府","city":"京都市上京区","town":"竹園町"}],"0067":[{"pref":"京都府","city":"京都市上京区","town":"竹屋町"}],"0912":[{"pref":"京都府","city":"京都市上京区","town":"龍前町"}],"0955":[{"pref":"京都府","city":"京都市上京区","town":"竪富田町"}],"0098":[{"pref":"京都府","city":"京都市上京区","town":"竪社北半町"}],"0099":[{"pref":"京都府","city":"京都市上京区","town":"竪社南半町"}],"0871":[{"pref":"京都府","city":"京都市上京区","town":"俵屋町"}],"0038":[{"pref":"京都府","city":"京都市上京区","town":"築山北半町"}],"0034":[{"pref":"京都府","city":"京都市上京区","town":"築山南半町"}],"0802":[{"pref":"京都府","city":"京都市上京区","town":"鶴山町"}],"0862":[{"pref":"京都府","city":"京都市上京区","town":"出水町"}],"0073":[{"pref":"京都府","city":"京都市上京区","town":"寺之内竪町"}],"0087":[{"pref":"京都府","city":"京都市上京区","town":"天神北町"}],"0004":[{"pref":"京都府","city":"京都市上京区","town":"道正町"}],"0937":[{"pref":"京都府","city":"京都市上京区","town":"常盤井図子町"}],"0836":[{"pref":"京都府","city":"京都市上京区","town":"常盤井殿町"}],"0932":[{"pref":"京都府","city":"京都市上京区","town":"徳大寺殿町"}],"0072":[{"pref":"京都府","city":"京都市上京区","town":"百々町"}],"0063":[{"pref":"京都府","city":"京都市上京区","town":"内藤町"}],"0053":[{"pref":"京都府","city":"京都市上京区","town":"中小川町"}],"0041":[{"pref":"京都府","city":"京都市上京区","town":"中御霊図子町"}],"0857":[{"pref":"京都府","city":"京都市上京区","town":"中御霊町"}],"0864":[{"pref":"京都府","city":"京都市上京区","town":"中之町（東三本木通丸太町上る）"}],"0093":[{"pref":"京都府","city":"京都市上京区","town":"仲之町（大宮通上御霊前上る、大宮通上御霊前下る、大宮通蘆山寺"},{"pref":"京都府","city":"京都市上京区","town":"上る、大宮通寺之内上る、大宮通寺之内上る２丁目、上御霊前通大宮西入、上御"},{"pref":"京都府","city":"京都市上京区","town":"霊前通大宮東入、蘆山寺通大宮西入）"}],"0958":[{"pref":"京都府","city":"京都市上京区","town":"仲之町（油小路通今出川下る、油小路通元誓願寺上る、元誓願寺通"},{"pref":"京都府","city":"京都市上京区","town":"油小路西入、元誓願寺通油小路東入、元誓願寺通堀川東入）"}],"0028":[{"pref":"京都府","city":"京都市上京区","town":"納屋町"}],"0957":[{"pref":"京都府","city":"京都市上京区","town":"西今町"}],"0046":[{"pref":"京都府","city":"京都市上京区","town":"西大路町（上立売通小川東入、上立売通新町西入、上立売通新町東"},{"pref":"京都府","city":"京都市上京区","town":"入、上立売通新町東入上る、新町通上立売上る）"}],"0954":[{"pref":"京都府","city":"京都市上京区","town":"西川端町"}],"0925":[{"pref":"京都府","city":"京都市上京区","town":"西之口町"}],"0916":[{"pref":"京都府","city":"京都市上京区","town":"西日野殿町"}],"0956":[{"pref":"京都府","city":"京都市上京区","town":"西町（東堀川通元誓願寺下る、元誓願寺通油小路西入、元誓願寺通東堀川東入）"}],"0936":[{"pref":"京都府","city":"京都市上京区","town":"西無車小路町"}],"0097":[{"pref":"京都府","city":"京都市上京区","town":"西若宮北半町"}],"0096":[{"pref":"京都府","city":"京都市上京区","town":"西若宮南半町"}],"0828":[{"pref":"京都府","city":"京都市上京区","town":"二神町"}],"0035":[{"pref":"京都府","city":"京都市上京区","town":"畠山町"}],"0016":[{"pref":"京都府","city":"京都市上京区","town":"畠中町"}],"0914":[{"pref":"京都府","city":"京都市上京区","town":"花立町"}],"0948":[{"pref":"京都府","city":"京都市上京区","town":"針屋町"}],"0951":[{"pref":"京都府","city":"京都市上京区","town":"東今町"}],"0858":[{"pref":"京都府","city":"京都市上京区","town":"東桜町"}],"0874":[{"pref":"京都府","city":"京都市上京区","town":"東土御門町"}],"0917":[{"pref":"京都府","city":"京都市上京区","town":"東日野殿町"}],"0913":[{"pref":"京都府","city":"京都市上京区","town":"東町（中立売通烏丸西入、中立売通室町東入）"}],"0947":[{"pref":"京都府","city":"京都市上京区","town":"東町（元誓願寺通小川西入）"}],"0086":[{"pref":"京都府","city":"京都市上京区","town":"東若宮町"}],"0065":[{"pref":"京都府","city":"京都市上京区","town":"挽木町"}],"0816":[{"pref":"京都府","city":"京都市上京区","town":"毘沙門町（上立売通寺町西入、上立売通寺町西入上る、上立売通寺"},{"pref":"京都府","city":"京都市上京区","town":"町西入下る、上立売通寺町西入４筋目下る、寺町通今出川上る１筋目西入、寺町"},{"pref":"京都府","city":"京都市上京区","town":"通今出川上る２丁目、寺町通今出川上る２丁目西入、寺町通今出川上る３丁"},{"pref":"京都府","city":"京都市上京区","town":"目、寺町通今出川上る３丁目西入、寺町通今出川上る４丁目、寺町通今出川上"},{"pref":"京都府","city":"京都市上京区","town":"る４丁目西入、寺町通今出川西入、寺町通今出川２丁目上る西入、塔之段寺町通"},{"pref":"京都府","city":"京都市上京区","town":"今出川上る）"}],"0817":[{"pref":"京都府","city":"京都市上京区","town":"毘沙門横町"}],"0037":[{"pref":"京都府","city":"京都市上京区","town":"瓢箪図子町"}],"0911":[{"pref":"京都府","city":"京都市上京区","town":"広橋殿町"}],"0907":[{"pref":"京都府","city":"京都市上京区","town":"福長町"}],"0868":[{"pref":"京都府","city":"京都市上京区","town":"袋町"}],"0807":[{"pref":"京都府","city":"京都市上京区","town":"不動前町"}],"0026":[{"pref":"京都府","city":"京都市上京区","town":"古木町"}],"0939":[{"pref":"京都府","city":"京都市上京区","town":"弁財天町"}],"0062":[{"pref":"京都府","city":"京都市上京区","town":"宝鏡院東町"}],"0931":[{"pref":"京都府","city":"京都市上京区","town":"堀出シ町"}],"0057":[{"pref":"京都府","city":"京都市上京区","town":"堀之上町"}],"0061":[{"pref":"京都府","city":"京都市上京区","town":"本法寺前町"}],"0812":[{"pref":"京都府","city":"京都市上京区","town":"本満寺前町"}],"0036":[{"pref":"京都府","city":"京都市上京区","town":"蒔鳥屋町"}],"0877":[{"pref":"京都府","city":"京都市上京区","town":"桝屋町（河原町通丸太町上る）"}],"0867":[{"pref":"京都府","city":"京都市上京区","town":"松蔭町"}],"0819":[{"pref":"京都府","city":"京都市上京区","town":"松之木町"}],"0058":[{"pref":"京都府","city":"京都市上京区","town":"水落町"}],"0941":[{"pref":"京都府","city":"京都市上京区","town":"南兼康町"}],"0865":[{"pref":"京都府","city":"京都市上京区","town":"南町"}],"0055":[{"pref":"京都府","city":"京都市上京区","town":"南舟橋町"}],"0853":[{"pref":"京都府","city":"京都市上京区","town":"宮垣町"}],"0005":[{"pref":"京都府","city":"京都市上京区","town":"妙顕寺前町"}],"0823":[{"pref":"京都府","city":"京都市上京区","town":"三芳町"}],"0933":[{"pref":"京都府","city":"京都市上京区","town":"武者小路町"}],"0029":[{"pref":"京都府","city":"京都市上京区","town":"室町頭町"}],"0042":[{"pref":"京都府","city":"京都市上京区","town":"元新在家町"}],"0926":[{"pref":"京都府","city":"京都市上京区","town":"元真如堂町"}],"0938":[{"pref":"京都府","city":"京都市上京区","town":"元図子町"}],"0953":[{"pref":"京都府","city":"京都市上京区","town":"元百万遍町"}],"0043":[{"pref":"京都府","city":"京都市上京区","town":"元本満寺町"}],"0011":[{"pref":"京都府","city":"京都市上京区","town":"森之木町"}],"0095":[{"pref":"京都府","city":"京都市上京区","town":"社突抜町"}],"0094":[{"pref":"京都府","city":"京都市上京区","town":"社横町"}],"0021":[{"pref":"京都府","city":"京都市上京区","town":"柳図子町"}],"0838":[{"pref":"京都府","city":"京都市上京区","town":"柳風呂町"}],"0806":[{"pref":"京都府","city":"京都市上京区","town":"藪之下町"}],"0831":[{"pref":"京都府","city":"京都市上京区","town":"立本寺前町"}],"0085":[{"pref":"京都府","city":"京都市上京区","town":"若宮竪町"}],"0084":[{"pref":"京都府","city":"京都市上京区","town":"若宮横町"}]}