{"0000":[{"pref":"静岡県","city":"島田市","town":"以下に掲載がない場合"}],"0018":[{"pref":"静岡県","city":"島田市","town":"旭"}],"0006":[{"pref":"静岡県","city":"島田市","town":"阿知ケ谷"}],"0232":[{"pref":"静岡県","city":"島田市","town":"伊久美"}],"0104":[{"pref":"静岡県","city":"島田市","town":"井口"}],"0034":[{"pref":"静岡県","city":"島田市","town":"伊太"}],"0038":[{"pref":"静岡県","city":"島田市","town":"稲荷"}],"0031":[{"pref":"静岡県","city":"島田市","town":"鵜網"}],"0026":[{"pref":"静岡県","city":"島田市","town":"扇町"}],"0013":[{"pref":"静岡県","city":"島田市","town":"御請"}],"0025":[{"pref":"静岡県","city":"島田市","town":"大井町"}],"0033":[{"pref":"静岡県","city":"島田市","town":"相賀"}],"0023":[{"pref":"静岡県","city":"島田市","town":"大川町"}],"0002":[{"pref":"静岡県","city":"島田市","town":"大草"}],"0056":[{"pref":"静岡県","city":"島田市","town":"大津通"}],"0101":[{"pref":"静岡県","city":"島田市","town":"大柳"}],"0102":[{"pref":"静岡県","city":"島田市","town":"大柳南"}],"0106":[{"pref":"静岡県","city":"島田市","town":"岡田"}],"0053":[{"pref":"静岡県","city":"島田市","town":"御仮屋町"}],"0009":[{"pref":"静岡県","city":"島田市","town":"尾川"}],"0008":[{"pref":"静岡県","city":"島田市","town":"落合"}],"0037":[{"pref":"静岡県","city":"島田市","town":"河原"}],"0032":[{"pref":"静岡県","city":"島田市","town":"神座"}],"0058":[{"pref":"静岡県","city":"島田市","town":"祇園町"}],"0004":[{"pref":"静岡県","city":"島田市","town":"岸"}],"0005":[{"pref":"静岡県","city":"島田市","town":"岸町"}],"0027":[{"pref":"静岡県","city":"島田市","town":"幸町"}],"0028":[{"pref":"静岡県","city":"島田市","town":"栄町"}],"0111":[{"pref":"静岡県","city":"島田市","town":"阪本"}],"0231":[{"pref":"静岡県","city":"島田市","town":"笹間下"}],"0059":[{"pref":"静岡県","city":"島田市","town":"新田町"}],"0055":[{"pref":"静岡県","city":"島田市","town":"新町通"}],"0054":[{"pref":"静岡県","city":"島田市","town":"高砂町"}],"0015":[{"pref":"静岡県","city":"島田市","town":"高島町"}],"0001":[{"pref":"静岡県","city":"島田市","town":"千葉"}],"0042":[{"pref":"静岡県","city":"島田市","town":"中央町"}],"0112":[{"pref":"静岡県","city":"島田市","town":"月坂"}],"0019":[{"pref":"静岡県","city":"島田市","town":"道悦"}],"0014":[{"pref":"静岡県","city":"島田市","town":"道悦島"}],"0003":[{"pref":"静岡県","city":"島田市","town":"東光寺"}],"0103":[{"pref":"静岡県","city":"島田市","town":"中河"}],"0041":[{"pref":"静岡県","city":"島田市","town":"中河町"}],"0043":[{"pref":"静岡県","city":"島田市","town":"中溝"}],"0047":[{"pref":"静岡県","city":"島田市","town":"中溝町"}],"0007":[{"pref":"静岡県","city":"島田市","town":"野田"}],"0048":[{"pref":"静岡県","city":"島田市","town":"旗指"}],"0061":[{"pref":"静岡県","city":"島田市","town":"ばらの丘"}],"0011":[{"pref":"静岡県","city":"島田市","town":"東町"}],"0029":[{"pref":"静岡県","city":"島田市","town":"日之出町"}],"0107":[{"pref":"静岡県","city":"島田市","town":"船木"}],"0016":[{"pref":"静岡県","city":"島田市","town":"宝来町"}],"0012":[{"pref":"静岡県","city":"島田市","town":"細島"}],"0022":[{"pref":"静岡県","city":"島田市","town":"本通"}],"0108":[{"pref":"静岡県","city":"島田市","town":"牧之原（その他）"}],"0052":[{"pref":"静岡県","city":"島田市","town":"松葉町"}],"0036":[{"pref":"静岡県","city":"島田市","town":"三ツ合町"}],"0017":[{"pref":"静岡県","city":"島田市","town":"南"}],"0105":[{"pref":"静岡県","city":"島田市","town":"南原"}],"0233":[{"pref":"静岡県","city":"島田市","town":"身成"}],"0044":[{"pref":"静岡県","city":"島田市","town":"宮川町"}],"0045":[{"pref":"静岡県","city":"島田市","town":"向島町"}],"0039":[{"pref":"静岡県","city":"島田市","town":"向谷"}],"0035":[{"pref":"静岡県","city":"島田市","town":"向谷元町"}],"0057":[{"pref":"静岡県","city":"島田市","town":"元島田"}],"0051":[{"pref":"静岡県","city":"島田市","town":"元島田東町"}],"0021":[{"pref":"静岡県","city":"島田市","town":"柳町"}],"0113":[{"pref":"静岡県","city":"島田市","town":"湯日"}],"0024":[{"pref":"静岡県","city":"島田市","town":"横井"}],"0046":[{"pref":"静岡県","city":"島田市","town":"若松町"}]}