{"0000":[{"pref":"茨城県","city":"取手市","town":"以下に掲載がない場合"}],"0006":[{"pref":"茨城県","city":"取手市","town":"青柳"}],"0037":[{"pref":"茨城県","city":"取手市","town":"市之代"}],"0026":[{"pref":"茨城県","city":"取手市","town":"稲"}],"0011":[{"pref":"茨城県","city":"取手市","town":"井野"}],"0015":[{"pref":"茨城県","city":"取手市","town":"井野台"}],"0012":[{"pref":"茨城県","city":"取手市","town":"井野団地"}],"0003":[{"pref":"茨城県","city":"取手市","town":"小堀"}],"0001":[{"pref":"茨城県","city":"取手市","town":"小文間"}],"0036":[{"pref":"茨城県","city":"取手市","town":"貝塚"}],"0035":[{"pref":"茨城県","city":"取手市","town":"上高井"}],"0017":[{"pref":"茨城県","city":"取手市","town":"桑原"}],"0027":[{"pref":"茨城県","city":"取手市","town":"駒場"}],"0033":[{"pref":"茨城県","city":"取手市","town":"米ノ井"}],"0038":[{"pref":"茨城県","city":"取手市","town":"下高井"}],"0031":[{"pref":"茨城県","city":"取手市","town":"新取手"}],"0024":[{"pref":"茨城県","city":"取手市","town":"新町"}],"0013":[{"pref":"茨城県","city":"取手市","town":"台宿"}],"0014":[{"pref":"茨城県","city":"取手市","town":"中央町"}],"0002":[{"pref":"茨城県","city":"取手市","town":"長兵衛新田"}],"0021":[{"pref":"茨城県","city":"取手市","town":"寺田"}],"0034":[{"pref":"茨城県","city":"取手市","town":"戸頭"}],"0004":[{"pref":"茨城県","city":"取手市","town":"取手"}],"0016":[{"pref":"茨城県","city":"取手市","town":"中原町"}],"0025":[{"pref":"茨城県","city":"取手市","town":"西"}],"0032":[{"pref":"茨城県","city":"取手市","town":"野々井"}],"0023":[{"pref":"茨城県","city":"取手市","town":"白山"}],"0005":[{"pref":"茨城県","city":"取手市","town":"東"}],"0022":[{"pref":"茨城県","city":"取手市","town":"本郷"}],"0039":[{"pref":"茨城県","city":"取手市","town":"ゆめみ野"}],"0007":[{"pref":"茨城県","city":"取手市","town":"吉田"}],"0100":[{"pref":"茨城県","city":"守谷市","town":"以下に掲載がない場合"}],"0111":[{"pref":"茨城県","city":"守谷市","town":"赤法花"}],"0101":[{"pref":"茨城県","city":"守谷市","town":"板戸井"}],"0116":[{"pref":"茨城県","city":"守谷市","town":"大柏"}],"0107":[{"pref":"茨城県","city":"守谷市","town":"大木"}],"0103":[{"pref":"茨城県","city":"守谷市","town":"大山新田"}],"0123":[{"pref":"茨城県","city":"守谷市","town":"乙子"}],"0104":[{"pref":"茨城県","city":"守谷市","town":"久保ケ丘"}],"0128":[{"pref":"茨城県","city":"守谷市","town":"けやき台"}],"0125":[{"pref":"茨城県","city":"守谷市","town":"高野"}],"0119":[{"pref":"茨城県","city":"守谷市","town":"御所ケ丘"}],"0122":[{"pref":"茨城県","city":"守谷市","town":"小山"}],"0126":[{"pref":"茨城県","city":"守谷市","town":"鈴塚"}],"0118":[{"pref":"茨城県","city":"守谷市","town":"立沢"}],"0115":[{"pref":"茨城県","city":"守谷市","town":"中央"}],"0112":[{"pref":"茨城県","city":"守谷市","town":"同地"}],"0117":[{"pref":"茨城県","city":"守谷市","town":"野木崎"}],"0131":[{"pref":"茨城県","city":"守谷市","town":"ひがし野"}],"0109":[{"pref":"茨城県","city":"守谷市","town":"本町"}],"0127":[{"pref":"茨城県","city":"守谷市","town":"松ケ丘"}],"0108":[{"pref":"茨城県","city":"守谷市","town":"松並"}],"0132":[{"pref":"茨城県","city":"守谷市","town":"松並青葉"}],"0102":[{"pref":"茨城県","city":"守谷市","town":"松前台"}],"0121":[{"pref":"茨城県","city":"守谷市","town":"みずき野"}],"0124":[{"pref":"茨城県","city":"守谷市","town":"美園"}],"0106":[{"pref":"茨城県","city":"守谷市","town":"緑"}],"0105":[{"pref":"茨城県","city":"守谷市","town":"薬師台"}],"0110":[{"pref":"茨城県","city":"守谷市","town":"百合ケ丘"}]}