{"0006":[{"pref":"愛知県","city":"春日井市","town":"石尾台"}],"0033":[{"pref":"愛知県","city":"春日井市","town":"岩成台"}],"0024":[{"pref":"愛知県","city":"春日井市","town":"大留町"}],"0005":[{"pref":"愛知県","city":"春日井市","town":"押沢台"}],"0003":[{"pref":"愛知県","city":"春日井市","town":"木附町"}],"0014":[{"pref":"愛知県","city":"春日井市","town":"気噴町"}],"0015":[{"pref":"愛知県","city":"春日井市","town":"気噴町北"}],"0013":[{"pref":"愛知県","city":"春日井市","town":"高蔵寺町"}],"0016":[{"pref":"愛知県","city":"春日井市","town":"高蔵寺町北"}],"0022":[{"pref":"愛知県","city":"春日井市","town":"庄名町"}],"0034":[{"pref":"愛知県","city":"春日井市","town":"白山町"}],"0017":[{"pref":"愛知県","city":"春日井市","town":"高座台"}],"0012":[{"pref":"愛知県","city":"春日井市","town":"高座町"}],"0032":[{"pref":"愛知県","city":"春日井市","town":"高森台"}],"0007":[{"pref":"愛知県","city":"春日井市","town":"玉野台"}],"0004":[{"pref":"愛知県","city":"春日井市","town":"玉野町"}],"0011":[{"pref":"愛知県","city":"春日井市","town":"中央台"}],"0025":[{"pref":"愛知県","city":"春日井市","town":"出川町"}],"0002":[{"pref":"愛知県","city":"春日井市","town":"外之原町"}],"0031":[{"pref":"愛知県","city":"春日井市","town":"廻間町"}],"0021":[{"pref":"愛知県","city":"春日井市","town":"東神明町"}],"0023":[{"pref":"愛知県","city":"春日井市","town":"不二ガ丘"}],"0026":[{"pref":"愛知県","city":"春日井市","town":"不二町"}],"0035":[{"pref":"愛知県","city":"春日井市","town":"藤山台"}],"0001":[{"pref":"愛知県","city":"春日井市","town":"細野町"}],"0027":[{"pref":"愛知県","city":"春日井市","town":"松本町"}]}