{"0000":[{"pref":"茨城県","city":"常陸太田市","town":"以下に掲載がない場合"}],"0102":[{"pref":"茨城県","city":"常陸太田市","town":"赤土町"}],"0121":[{"pref":"茨城県","city":"常陸太田市","town":"芦間町"}],"0132":[{"pref":"茨城県","city":"常陸太田市","town":"新地町"}],"0007":[{"pref":"茨城県","city":"常陸太田市","town":"新宿町"}],"0045":[{"pref":"茨城県","city":"常陸太田市","town":"粟原町"}],"0042":[{"pref":"茨城県","city":"常陸太田市","town":"磯部町"}],"0041":[{"pref":"茨城県","city":"常陸太田市","town":"稲木町"}],"0112":[{"pref":"茨城県","city":"常陸太田市","town":"岩手町"}],"0037":[{"pref":"茨城県","city":"常陸太田市","town":"内田町"}],"0063":[{"pref":"茨城県","city":"常陸太田市","town":"内堀町"}],"0116":[{"pref":"茨城県","city":"常陸太田市","town":"大方町"}],"0125":[{"pref":"茨城県","city":"常陸太田市","town":"大里町"}],"0124":[{"pref":"茨城県","city":"常陸太田市","town":"大平町"}],"0021":[{"pref":"茨城県","city":"常陸太田市","town":"大森町"}],"0031":[{"pref":"茨城県","city":"常陸太田市","town":"岡田町"}],"0038":[{"pref":"茨城県","city":"常陸太田市","town":"小沢町"}],"0135":[{"pref":"茨城県","city":"常陸太田市","town":"小島町"}],"0036":[{"pref":"茨城県","city":"常陸太田市","town":"落合町"}],"0033":[{"pref":"茨城県","city":"常陸太田市","town":"小目町"}],"0035":[{"pref":"茨城県","city":"常陸太田市","town":"堅磐町"}],"0016":[{"pref":"茨城県","city":"常陸太田市","town":"金井町"}],"0001":[{"pref":"茨城県","city":"常陸太田市","town":"上大門町"}],"0046":[{"pref":"茨城県","city":"常陸太田市","town":"上河合町"}],"0353":[{"pref":"茨城県","city":"常陸太田市","town":"上高倉町"}],"0034":[{"pref":"茨城県","city":"常陸太田市","town":"上土木内町"}],"0104":[{"pref":"茨城県","city":"常陸太田市","town":"上利員町"}],"0101":[{"pref":"茨城県","city":"常陸太田市","town":"上宮河内町"}],"0023":[{"pref":"茨城県","city":"常陸太田市","town":"亀作町"}],"0015":[{"pref":"茨城県","city":"常陸太田市","town":"木崎一町"}],"0014":[{"pref":"茨城県","city":"常陸太田市","town":"木崎二町"}],"0126":[{"pref":"茨城県","city":"常陸太田市","town":"薬谷町"}],"0221":[{"pref":"茨城県","city":"常陸太田市","town":"国安町"}],"0123":[{"pref":"茨城県","city":"常陸太田市","town":"久米町"}],"0351":[{"pref":"茨城県","city":"常陸太田市","town":"天下野町"}],"0064":[{"pref":"茨城県","city":"常陸太田市","town":"寿町"}],"0005":[{"pref":"茨城県","city":"常陸太田市","town":"栄町"}],"0032":[{"pref":"茨城県","city":"常陸太田市","town":"沢目町"}],"0012":[{"pref":"茨城県","city":"常陸太田市","town":"三才町"}],"0047":[{"pref":"茨城県","city":"常陸太田市","town":"島町"}],"0002":[{"pref":"茨城県","city":"常陸太田市","town":"下大門町"}],"0044":[{"pref":"茨城県","city":"常陸太田市","town":"下河合町"}],"0352":[{"pref":"茨城県","city":"常陸太田市","town":"下高倉町"}],"0106":[{"pref":"茨城県","city":"常陸太田市","town":"下利員町"}],"0103":[{"pref":"茨城県","city":"常陸太田市","town":"下宮河内町"}],"0003":[{"pref":"茨城県","city":"常陸太田市","town":"瑞龍町"}],"0111":[{"pref":"茨城県","city":"常陸太田市","town":"千寿町"}],"0113":[{"pref":"茨城県","city":"常陸太田市","town":"高柿町"}],"0024":[{"pref":"茨城県","city":"常陸太田市","town":"高貫町"}],"0115":[{"pref":"茨城県","city":"常陸太田市","town":"竹合町"}],"0225":[{"pref":"茨城県","city":"常陸太田市","town":"棚谷町"}],"0122":[{"pref":"茨城県","city":"常陸太田市","town":"玉造町"}],"0026":[{"pref":"茨城県","city":"常陸太田市","town":"田渡町"}],"0049":[{"pref":"茨城県","city":"常陸太田市","town":"天神林町"}],"0224":[{"pref":"茨城県","city":"常陸太田市","town":"東連地町"}],"0061":[{"pref":"茨城県","city":"常陸太田市","town":"中城町"}],"0212":[{"pref":"茨城県","city":"常陸太田市","town":"中染町"}],"0105":[{"pref":"茨城県","city":"常陸太田市","town":"中利員町"}],"0134":[{"pref":"茨城県","city":"常陸太田市","town":"中野町"}],"0056":[{"pref":"茨城県","city":"常陸太田市","town":"西一町"}],"0055":[{"pref":"茨城県","city":"常陸太田市","town":"西二町"}],"0054":[{"pref":"茨城県","city":"常陸太田市","town":"西三町"}],"0215":[{"pref":"茨城県","city":"常陸太田市","town":"西染町"}],"0011":[{"pref":"茨城県","city":"常陸太田市","town":"西宮町"}],"0027":[{"pref":"茨城県","city":"常陸太田市","town":"長谷町"}],"0025":[{"pref":"茨城県","city":"常陸太田市","town":"幡町"}],"0131":[{"pref":"茨城県","city":"常陸太田市","town":"花房町"}],"0062":[{"pref":"茨城県","city":"常陸太田市","town":"塙町"}],"0004":[{"pref":"茨城県","city":"常陸太田市","town":"馬場町"}],"0051":[{"pref":"茨城県","city":"常陸太田市","town":"東一町"}],"0052":[{"pref":"茨城県","city":"常陸太田市","town":"東二町"}],"0053":[{"pref":"茨城県","city":"常陸太田市","town":"東三町"}],"0211":[{"pref":"茨城県","city":"常陸太田市","town":"東染町"}],"0048":[{"pref":"茨城県","city":"常陸太田市","town":"藤田町"}],"0008":[{"pref":"茨城県","city":"常陸太田市","town":"増井町"}],"0213":[{"pref":"茨城県","city":"常陸太田市","town":"町田町"}],"0133":[{"pref":"茨城県","city":"常陸太田市","town":"松栄町"}],"0222":[{"pref":"茨城県","city":"常陸太田市","town":"松平町"}],"0022":[{"pref":"茨城県","city":"常陸太田市","town":"真弓町"}],"0114":[{"pref":"茨城県","city":"常陸太田市","town":"箕町"}],"0117":[{"pref":"茨城県","city":"常陸太田市","town":"宮の郷町"}],"0006":[{"pref":"茨城県","city":"常陸太田市","town":"宮本町"}],"0043":[{"pref":"茨城県","city":"常陸太田市","town":"谷河原町"}],"0013":[{"pref":"茨城県","city":"常陸太田市","town":"山下町"}],"0214":[{"pref":"茨城県","city":"常陸太田市","town":"和久町"}],"0223":[{"pref":"茨城県","city":"常陸太田市","town":"和田町"}]}