{"1121":[{"pref":"大分県","city":"宇佐市","town":"東大堀"}],"1122":[{"pref":"大分県","city":"宇佐市","town":"横田"}],"1123":[{"pref":"大分県","city":"宇佐市","town":"立石"}],"1124":[{"pref":"大分県","city":"宇佐市","town":"山"}],"1125":[{"pref":"大分県","city":"宇佐市","town":"両戒"}],"1126":[{"pref":"大分県","city":"宇佐市","town":"江熊"}],"1127":[{"pref":"大分県","city":"宇佐市","town":"西屋敷"}],"1128":[{"pref":"大分県","city":"宇佐市","town":"金丸"}],"1131":[{"pref":"大分県","city":"宇佐市","town":"出光"}],"1132":[{"pref":"大分県","city":"宇佐市","town":"岩崎"}],"1133":[{"pref":"大分県","city":"宇佐市","town":"日足"}],"1134":[{"pref":"大分県","city":"宇佐市","town":"橋津"}],"1135":[{"pref":"大分県","city":"宇佐市","town":"和気"}],"1136":[{"pref":"大分県","city":"宇佐市","town":"西木"}],"1137":[{"pref":"大分県","city":"宇佐市","town":"苅宇田"}],"1138":[{"pref":"大分県","city":"宇佐市","town":"青森"}],"1301":[{"pref":"大分県","city":"杵築市","town":"山香町向野"}],"1302":[{"pref":"大分県","city":"杵築市","town":"山香町立石"}],"1303":[{"pref":"大分県","city":"杵築市","town":"山香町下"}],"1304":[{"pref":"大分県","city":"杵築市","town":"山香町小武"}],"1305":[{"pref":"大分県","city":"杵築市","town":"山香町倉成"}],"1306":[{"pref":"大分県","city":"杵築市","town":"山香町広瀬"}],"1307":[{"pref":"大分県","city":"杵築市","town":"山香町野原"}],"1311":[{"pref":"大分県","city":"杵築市","town":"山香町内河野"}],"1312":[{"pref":"大分県","city":"杵築市","town":"山香町日指"}],"1313":[{"pref":"大分県","city":"杵築市","town":"山香町久木野尾"}],"1314":[{"pref":"大分県","city":"杵築市","town":"山香町南畑"}],"1315":[{"pref":"大分県","city":"杵築市","town":"山香町山浦"}],"1316":[{"pref":"大分県","city":"杵築市","town":"山香町吉野渡"}],"1500":[{"pref":"大分県","city":"速見郡日出町","town":"以下に掲載がない場合"}],"1501":[{"pref":"大分県","city":"速見郡日出町","town":"広瀬"}],"1502":[{"pref":"大分県","city":"速見郡日出町","town":"藤原"}],"1503":[{"pref":"大分県","city":"速見郡日出町","town":"真那井"}],"1504":[{"pref":"大分県","city":"速見郡日出町","town":"大神"}],"1505":[{"pref":"大分県","city":"速見郡日出町","town":"川崎"}],"1506":[{"pref":"大分県","city":"速見郡日出町","town":"日出町の次に番地がくる場合"}],"1507":[{"pref":"大分県","city":"速見郡日出町","town":"豊岡"}],"1508":[{"pref":"大分県","city":"速見郡日出町","town":"平道"}],"1509":[{"pref":"大分県","city":"速見郡日出町","town":"南畑"}],"2111":[{"pref":"大分県","city":"大分市","town":"本神崎"}],"2112":[{"pref":"大分県","city":"大分市","town":"馬場"}],"2113":[{"pref":"大分県","city":"大分市","town":"木佐上"}],"2114":[{"pref":"大分県","city":"大分市","town":"大平"}],"2115":[{"pref":"大分県","city":"大分市","town":"志生木"}],"2201":[{"pref":"大分県","city":"大分市","town":"佐賀関"}],"2202":[{"pref":"大分県","city":"大分市","town":"白木"}],"2203":[{"pref":"大分県","city":"大分市","town":"一尺屋"}],"2400":[{"pref":"大分県","city":"津久見市","town":"以下に掲載がない場合"}],"2401":[{"pref":"大分県","city":"津久見市","town":"千怒"}],"2411":[{"pref":"大分県","city":"津久見市","town":"岩屋町"}],"2412":[{"pref":"大分県","city":"津久見市","town":"高洲町"}],"2413":[{"pref":"大分県","city":"津久見市","town":"津久見浦"}],"2421":[{"pref":"大分県","city":"津久見市","town":"津久見"}],"2422":[{"pref":"大分県","city":"津久見市","town":"八戸"}],"2431":[{"pref":"大分県","city":"津久見市","town":"大友町"}],"2432":[{"pref":"大分県","city":"津久見市","town":"文京町"}],"2433":[{"pref":"大分県","city":"津久見市","town":"中田町"}],"2434":[{"pref":"大分県","city":"津久見市","town":"立花町"}],"2435":[{"pref":"大分県","city":"津久見市","town":"宮本町"}],"2436":[{"pref":"大分県","city":"津久見市","town":"上宮本町"}],"2441":[{"pref":"大分県","city":"津久見市","town":"中央町"}],"2442":[{"pref":"大分県","city":"津久見市","town":"港町"}],"2443":[{"pref":"大分県","city":"津久見市","town":"セメント町"}],"2444":[{"pref":"大分県","city":"津久見市","town":"元町"}],"2445":[{"pref":"大分県","city":"津久見市","town":"井無田町"}],"2446":[{"pref":"大分県","city":"津久見市","town":"下青江"}],"2451":[{"pref":"大分県","city":"津久見市","town":"新町"}],"2452":[{"pref":"大分県","city":"津久見市","town":"中町"}],"2453":[{"pref":"大分県","city":"津久見市","town":"小園町"}],"2454":[{"pref":"大分県","city":"津久見市","town":"地蔵町"}],"2455":[{"pref":"大分県","city":"津久見市","town":"岡町"}],"2456":[{"pref":"大分県","city":"津久見市","town":"門前町"}],"2457":[{"pref":"大分県","city":"津久見市","town":"志手町"}],"2458":[{"pref":"大分県","city":"津久見市","town":"入船西町"}],"2459":[{"pref":"大分県","city":"津久見市","town":"入船東町"}],"2461":[{"pref":"大分県","city":"津久見市","town":"上青江"}],"2471":[{"pref":"大分県","city":"津久見市","town":"合ノ元町"}],"2472":[{"pref":"大分県","city":"津久見市","town":"徳浦本町"}],"2473":[{"pref":"大分県","city":"津久見市","town":"徳浦宮町"}],"2474":[{"pref":"大分県","city":"津久見市","town":"徳浦"}],"2475":[{"pref":"大分県","city":"津久見市","town":"堅浦"}],"2476":[{"pref":"大分県","city":"津久見市","town":"長目"}],"2501":[{"pref":"大分県","city":"津久見市","town":"保戸島"}],"2601":[{"pref":"大分県","city":"佐伯市","town":"上浦浅海井浦"}],"2602":[{"pref":"大分県","city":"佐伯市","town":"上浦津井浦"}],"2603":[{"pref":"大分県","city":"佐伯市","town":"上浦最勝海浦"}],"2681":[{"pref":"大分県","city":"津久見市","town":"日見"}],"2682":[{"pref":"大分県","city":"津久見市","town":"網代"}],"2683":[{"pref":"大分県","city":"津久見市","town":"四浦"}],"3101":[{"pref":"大分県","city":"佐伯市","town":"直川赤木"}],"3102":[{"pref":"大分県","city":"佐伯市","town":"直川上直見"}],"3103":[{"pref":"大分県","city":"佐伯市","town":"直川下直見"}],"3104":[{"pref":"大分県","city":"佐伯市","town":"直川仁田原"}],"3105":[{"pref":"大分県","city":"佐伯市","town":"直川横川"}],"3201":[{"pref":"大分県","city":"佐伯市","town":"宇目大平"}],"3202":[{"pref":"大分県","city":"佐伯市","town":"宇目河内"}],"3203":[{"pref":"大分県","city":"佐伯市","town":"宇目塩見園"}],"3204":[{"pref":"大分県","city":"佐伯市","town":"宇目重岡"}],"3205":[{"pref":"大分県","city":"佐伯市","town":"宇目千束"}],"3301":[{"pref":"大分県","city":"佐伯市","town":"宇目小野市"}],"3302":[{"pref":"大分県","city":"佐伯市","town":"宇目南田原"}],"3401":[{"pref":"大分県","city":"佐伯市","town":"宇目木浦鉱山"}],"3402":[{"pref":"大分県","city":"佐伯市","town":"宇目木浦内"}],"4121":[{"pref":"大分県","city":"日田市","town":"天瀬町馬原"}],"4122":[{"pref":"大分県","city":"日田市","town":"天瀬町合田"}],"4123":[{"pref":"大分県","city":"日田市","town":"天瀬町女子畑"}],"4201":[{"pref":"大分県","city":"日田市","town":"天瀬町桜竹"}],"4202":[{"pref":"大分県","city":"日田市","town":"天瀬町赤岩"}],"4203":[{"pref":"大分県","city":"日田市","town":"天瀬町湯山"}],"4301":[{"pref":"大分県","city":"玖珠郡玖珠町","town":"四日市（その他）"}],"4331":[{"pref":"大分県","city":"玖珠郡玖珠町","town":"戸畑"}],"4332":[{"pref":"大分県","city":"玖珠郡玖珠町","town":"山浦（秋畑、荻原、下園、下ノ寺、杉河内、千重、早水、中野、中"},{"pref":"大分県","city":"玖珠郡玖珠町","town":"泊里、花香、牧場）"}],"4400":[{"pref":"大分県","city":"玖珠郡玖珠町","town":"以下に掲載がない場合"}],"4401":[{"pref":"大分県","city":"玖珠郡玖珠町","town":"四日市（１～８９９番地）"}],"4402":[{"pref":"大分県","city":"玖珠郡玖珠町","town":"綾垣"}],"4403":[{"pref":"大分県","city":"玖珠郡玖珠町","town":"帆足"}],"4404":[{"pref":"大分県","city":"玖珠郡玖珠町","town":"森"}],"4405":[{"pref":"大分県","city":"玖珠郡玖珠町","town":"岩室"}],"4406":[{"pref":"大分県","city":"玖珠郡玖珠町","town":"日出生"}],"4411":[{"pref":"大分県","city":"玖珠郡玖珠町","town":"小田"}],"4412":[{"pref":"大分県","city":"玖珠郡玖珠町","town":"山田"}],"4413":[{"pref":"大分県","city":"玖珠郡玖珠町","town":"塚脇"}],"4414":[{"pref":"大分県","city":"玖珠郡玖珠町","town":"大隈"}],"4521":[{"pref":"大分県","city":"玖珠郡玖珠町","town":"太田"}],"4522":[{"pref":"大分県","city":"玖珠郡玖珠町","town":"山下"}],"4523":[{"pref":"大分県","city":"玖珠郡玖珠町","town":"古後"}],"4601":[{"pref":"大分県","city":"玖珠郡九重町","town":"右田（その他）"}],"4631":[{"pref":"大分県","city":"玖珠郡九重町","town":"恵良"}],"4632":[{"pref":"大分県","city":"玖珠郡九重町","town":"松木"}],"4721":[{"pref":"大分県","city":"玖珠郡九重町","town":"粟野"}],"4722":[{"pref":"大分県","city":"玖珠郡九重町","town":"引治"}],"4723":[{"pref":"大分県","city":"玖珠郡九重町","town":"町田"}],"4724":[{"pref":"大分県","city":"玖珠郡九重町","town":"菅原"}],"4732":[{"pref":"大分県","city":"玖珠郡玖珠町","town":"山浦（第一大原野、第二大原野、阿蘇釣）"}],"4800":[{"pref":"大分県","city":"玖珠郡九重町","town":"以下に掲載がない場合"}],"4801":[{"pref":"大分県","city":"玖珠郡九重町","town":"右田（１～１４６４番地）"}],"4802":[{"pref":"大分県","city":"玖珠郡九重町","town":"野上"}],"4803":[{"pref":"大分県","city":"玖珠郡九重町","town":"後野上"}],"4911":[{"pref":"大分県","city":"玖珠郡九重町","town":"田野"}],"4912":[{"pref":"大分県","city":"玖珠郡九重町","town":"湯坪"}],"5101":[{"pref":"大分県","city":"由布市","town":"湯布院町塚原"}],"5102":[{"pref":"大分県","city":"由布市","town":"湯布院町川上"}],"5103":[{"pref":"大分県","city":"由布市","town":"湯布院町川南"}],"5104":[{"pref":"大分県","city":"由布市","town":"湯布院町中川"}],"5111":[{"pref":"大分県","city":"由布市","town":"湯布院町下湯平"}],"5112":[{"pref":"大分県","city":"由布市","town":"湯布院町湯平"}],"5113":[{"pref":"大分県","city":"由布市","town":"湯布院町川西"}],"5114":[{"pref":"大分県","city":"由布市","town":"湯布院町川北"}],"5400":[{"pref":"大分県","city":"由布市","town":"以下に掲載がない場合"}],"5401":[{"pref":"大分県","city":"由布市","town":"庄内町北大津留"}],"5402":[{"pref":"大分県","city":"由布市","town":"庄内町小挾間"}],"5403":[{"pref":"大分県","city":"由布市","town":"庄内町東大津留"}],"5404":[{"pref":"大分県","city":"由布市","town":"庄内町櫟木"}],"5405":[{"pref":"大分県","city":"由布市","town":"庄内町東長宝"}],"5406":[{"pref":"大分県","city":"由布市","town":"庄内町西長宝"}],"5407":[{"pref":"大分県","city":"由布市","town":"庄内町南大津留"}],"5408":[{"pref":"大分県","city":"由布市","town":"庄内町西大津留"}],"5411":[{"pref":"大分県","city":"由布市","town":"庄内町龍原"}],"5412":[{"pref":"大分県","city":"由布市","town":"庄内町五ケ瀬"}],"5413":[{"pref":"大分県","city":"由布市","town":"庄内町大龍"}],"5421":[{"pref":"大分県","city":"由布市","town":"庄内町柿原"}],"5422":[{"pref":"大分県","city":"由布市","town":"庄内町野畑"}],"5423":[{"pref":"大分県","city":"由布市","town":"庄内町阿蘇野"}],"5424":[{"pref":"大分県","city":"由布市","town":"庄内町直野内山"}],"5425":[{"pref":"大分県","city":"由布市","town":"庄内町渕"}],"5431":[{"pref":"大分県","city":"由布市","town":"庄内町長野"}],"5432":[{"pref":"大分県","city":"由布市","town":"庄内町畑田"}],"5433":[{"pref":"大分県","city":"由布市","town":"庄内町高岡"}],"5434":[{"pref":"大分県","city":"由布市","town":"庄内町庄内原"}],"5435":[{"pref":"大分県","city":"由布市","town":"庄内町中"}],"5436":[{"pref":"大分県","city":"由布市","town":"庄内町西"}],"5437":[{"pref":"大分県","city":"由布市","town":"庄内町平石"}],"5501":[{"pref":"大分県","city":"由布市","town":"挾間町鬼崎"}],"5502":[{"pref":"大分県","city":"由布市","town":"挾間町向原"}],"5503":[{"pref":"大分県","city":"由布市","town":"挾間町医大ケ丘"}],"5504":[{"pref":"大分県","city":"由布市","town":"挾間町下市"}],"5506":[{"pref":"大分県","city":"由布市","town":"挾間町挾間"}],"5510":[{"pref":"大分県","city":"由布市","town":"挾間町東院"}],"5511":[{"pref":"大分県","city":"由布市","town":"挾間町古野"}],"5512":[{"pref":"大分県","city":"由布市","town":"挾間町来鉢"}],"5513":[{"pref":"大分県","city":"由布市","town":"挾間町高崎"}],"5514":[{"pref":"大分県","city":"由布市","town":"挾間町七蔵司"}],"5515":[{"pref":"大分県","city":"由布市","town":"挾間町三船"}],"5516":[{"pref":"大分県","city":"由布市","town":"挾間町赤野"}],"5517":[{"pref":"大分県","city":"由布市","town":"挾間町内成"}],"5518":[{"pref":"大分県","city":"由布市","town":"挾間町北方"}],"5519":[{"pref":"大分県","city":"由布市","town":"挾間町田代"}],"5521":[{"pref":"大分県","city":"由布市","town":"挾間町鬼瀬"}],"5522":[{"pref":"大分県","city":"由布市","town":"挾間町小野"}],"5523":[{"pref":"大分県","city":"由布市","town":"挾間町篠原"}],"5524":[{"pref":"大分県","city":"由布市","town":"挾間町時松"}],"5525":[{"pref":"大分県","city":"由布市","town":"挾間町朴木"}],"5531":[{"pref":"大分県","city":"由布市","town":"挾間町谷"}],"5532":[{"pref":"大分県","city":"由布市","town":"挾間町筒口"}],"5551":[{"pref":"大分県","city":"別府市","town":"内成"}],"5552":[{"pref":"大分県","city":"別府市","town":"古賀原"}],"6101":[{"pref":"大分県","city":"竹田市","town":"荻町木下"}],"6102":[{"pref":"大分県","city":"竹田市","town":"荻町政所"}],"6103":[{"pref":"大分県","city":"竹田市","town":"荻町新藤"}],"6104":[{"pref":"大分県","city":"竹田市","town":"荻町藤渡"}],"6111":[{"pref":"大分県","city":"竹田市","town":"荻町南河内"}],"6112":[{"pref":"大分県","city":"竹田市","town":"荻町馬背野"}],"6113":[{"pref":"大分県","city":"竹田市","town":"荻町恵良原"}],"6115":[{"pref":"大分県","city":"竹田市","town":"荻町馬場"}],"6116":[{"pref":"大分県","city":"竹田市","town":"荻町高城"}],"6121":[{"pref":"大分県","city":"竹田市","town":"荻町桑木"}],"6122":[{"pref":"大分県","city":"竹田市","town":"荻町柏原"}],"6123":[{"pref":"大分県","city":"竹田市","town":"荻町宮平"}],"6124":[{"pref":"大分県","city":"竹田市","town":"荻町陽目"}],"6125":[{"pref":"大分県","city":"竹田市","town":"荻町仏面"}],"6126":[{"pref":"大分県","city":"竹田市","town":"荻町大平"}],"6127":[{"pref":"大分県","city":"竹田市","town":"荻町叶野"}],"6128":[{"pref":"大分県","city":"竹田市","town":"荻町高練木"}],"6131":[{"pref":"大分県","city":"竹田市","town":"荻町鴫田"}],"6132":[{"pref":"大分県","city":"竹田市","town":"荻町西福寺"}],"6133":[{"pref":"大分県","city":"竹田市","town":"荻町田代"}],"6134":[{"pref":"大分県","city":"竹田市","town":"荻町瓜作"}],"6135":[{"pref":"大分県","city":"竹田市","town":"荻町北原"}],"6181":[{"pref":"大分県","city":"竹田市","town":"小塚"}],"6182":[{"pref":"大分県","city":"竹田市","town":"今"}],"6183":[{"pref":"大分県","city":"竹田市","town":"戸上"}],"6184":[{"pref":"大分県","city":"竹田市","town":"菅生"}],"6201":[{"pref":"大分県","city":"豊後大野市","town":"朝地町市万田"}],"6202":[{"pref":"大分県","city":"豊後大野市","town":"朝地町下野"}],"6211":[{"pref":"大分県","city":"豊後大野市","town":"朝地町宮生"}],"6212":[{"pref":"大分県","city":"豊後大野市","town":"朝地町志賀"}],"6213":[{"pref":"大分県","city":"豊後大野市","town":"朝地町上尾塚"}],"6221":[{"pref":"大分県","city":"豊後大野市","town":"朝地町坪泉"}],"6222":[{"pref":"大分県","city":"豊後大野市","town":"朝地町朝地"}],"6223":[{"pref":"大分県","city":"豊後大野市","town":"朝地町板井迫"}],"6224":[{"pref":"大分県","city":"豊後大野市","town":"朝地町池田"}],"6331":[{"pref":"大分県","city":"豊後大野市","town":"朝地町鳥田"}],"6332":[{"pref":"大分県","city":"豊後大野市","town":"朝地町綿田"}],"6333":[{"pref":"大分県","city":"豊後大野市","town":"朝地町栗林"}],"6334":[{"pref":"大分県","city":"豊後大野市","town":"朝地町梨小"}],"6401":[{"pref":"大分県","city":"豊後大野市","town":"大野町安藤"}],"6402":[{"pref":"大分県","city":"豊後大野市","town":"大野町中土師"}],"6403":[{"pref":"大分県","city":"豊後大野市","town":"大野町長畑"}],"6404":[{"pref":"大分県","city":"豊後大野市","town":"大野町後田"}],"6405":[{"pref":"大分県","city":"豊後大野市","town":"大野町代三五"}],"6406":[{"pref":"大分県","city":"豊後大野市","town":"大野町杉園"}],"6407":[{"pref":"大分県","city":"豊後大野市","town":"大野町十時"}],"6408":[{"pref":"大分県","city":"豊後大野市","town":"大野町沢田"}],"6421":[{"pref":"大分県","city":"豊後大野市","town":"大野町中原"}],"6422":[{"pref":"大分県","city":"豊後大野市","town":"大野町小倉木"}],"6423":[{"pref":"大分県","city":"豊後大野市","town":"大野町矢田"}],"6424":[{"pref":"大分県","city":"豊後大野市","town":"大野町夏足"}],"6425":[{"pref":"大分県","city":"豊後大野市","town":"大野町両家"}],"6426":[{"pref":"大分県","city":"豊後大野市","town":"大野町郡山"}],"6431":[{"pref":"大分県","city":"豊後大野市","town":"大野町酒井寺"}],"6432":[{"pref":"大分県","city":"豊後大野市","town":"大野町屋原"}],"6433":[{"pref":"大分県","city":"豊後大野市","town":"大野町大原"}],"6434":[{"pref":"大分県","city":"豊後大野市","town":"大野町桑原"}],"6435":[{"pref":"大分県","city":"豊後大野市","town":"大野町北園"}],"6441":[{"pref":"大分県","city":"豊後大野市","town":"大野町田中"}],"6442":[{"pref":"大分県","city":"豊後大野市","town":"大野町藤北"}],"6443":[{"pref":"大分県","city":"豊後大野市","town":"大野町宮迫"}],"6444":[{"pref":"大分県","city":"豊後大野市","town":"大野町田代"}],"6445":[{"pref":"大分県","city":"豊後大野市","town":"大野町片島"}],"6601":[{"pref":"大分県","city":"豊後大野市","town":"緒方町馬場"}],"6602":[{"pref":"大分県","city":"豊後大野市","town":"緒方町志賀"}],"6611":[{"pref":"大分県","city":"豊後大野市","town":"緒方町夏足"}],"6612":[{"pref":"大分県","city":"豊後大野市","town":"緒方町越生"}],"6613":[{"pref":"大分県","city":"豊後大野市","town":"緒方町井上"}],"6614":[{"pref":"大分県","city":"豊後大野市","town":"緒方町知田"}],"6615":[{"pref":"大分県","city":"豊後大野市","town":"緒方町鮒川"}],"6616":[{"pref":"大分県","city":"豊後大野市","town":"緒方町久土知"}],"6621":[{"pref":"大分県","city":"豊後大野市","town":"緒方町野尻"}],"6622":[{"pref":"大分県","city":"豊後大野市","town":"緒方町天神"}],"6623":[{"pref":"大分県","city":"豊後大野市","town":"緒方町馬背畑"}],"6624":[{"pref":"大分県","city":"豊後大野市","town":"緒方町平石"}],"6625":[{"pref":"大分県","city":"豊後大野市","town":"緒方町上犬塚"}],"6626":[{"pref":"大分県","city":"豊後大野市","town":"緒方町大化"}],"6631":[{"pref":"大分県","city":"豊後大野市","town":"緒方町原尻"}],"6632":[{"pref":"大分県","city":"豊後大野市","town":"緒方町辻"}],"6633":[{"pref":"大分県","city":"豊後大野市","town":"緒方町小宛"}],"6634":[{"pref":"大分県","city":"豊後大野市","town":"緒方町寺原"}],"6635":[{"pref":"大分県","city":"豊後大野市","town":"緒方町軸丸"}],"6641":[{"pref":"大分県","city":"豊後大野市","town":"緒方町草深野"}],"6642":[{"pref":"大分県","city":"豊後大野市","town":"緒方町上自在"}],"6643":[{"pref":"大分県","city":"豊後大野市","town":"緒方町下自在"}],"6751":[{"pref":"大分県","city":"豊後大野市","town":"緒方町上年野"}],"6752":[{"pref":"大分県","city":"豊後大野市","town":"緒方町柚木"}],"6753":[{"pref":"大分県","city":"豊後大野市","town":"緒方町下徳田"}],"6754":[{"pref":"大分県","city":"豊後大野市","town":"緒方町冬原"}],"6755":[{"pref":"大分県","city":"豊後大野市","town":"緒方町上冬原"}],"6756":[{"pref":"大分県","city":"豊後大野市","town":"緒方町徳田"}],"6757":[{"pref":"大分県","city":"豊後大野市","town":"緒方町木野"}],"6758":[{"pref":"大分県","city":"豊後大野市","town":"緒方町中野"}],"6759":[{"pref":"大分県","city":"豊後大野市","town":"緒方町大石"}],"6861":[{"pref":"大分県","city":"豊後大野市","town":"緒方町小原"}],"6862":[{"pref":"大分県","city":"豊後大野市","town":"緒方町栗生"}],"6863":[{"pref":"大分県","city":"豊後大野市","town":"緒方町滞迫"}],"6864":[{"pref":"大分県","city":"豊後大野市","town":"緒方町上畑"}],"6865":[{"pref":"大分県","city":"豊後大野市","town":"緒方町尾平鉱山"}],"6901":[{"pref":"大分県","city":"豊後大野市","town":"清川町臼尾"}],"6902":[{"pref":"大分県","city":"豊後大野市","town":"清川町雨堤"}],"6903":[{"pref":"大分県","city":"豊後大野市","town":"清川町砂田"}],"6904":[{"pref":"大分県","city":"豊後大野市","town":"清川町天神"}],"6905":[{"pref":"大分県","city":"豊後大野市","town":"清川町三玉"}],"6911":[{"pref":"大分県","city":"豊後大野市","town":"清川町宇田枝"}],"6912":[{"pref":"大分県","city":"豊後大野市","town":"清川町六種"}],"6913":[{"pref":"大分県","city":"豊後大野市","town":"清川町平石"}],"6914":[{"pref":"大分県","city":"豊後大野市","town":"清川町左右知"}],"6921":[{"pref":"大分県","city":"豊後大野市","town":"清川町伏野"}],"6922":[{"pref":"大分県","city":"豊後大野市","town":"清川町大白谷"}],"7100":[{"pref":"大分県","city":"豊後大野市","town":"以下に掲載がない場合"}],"7101":[{"pref":"大分県","city":"豊後大野市","town":"三重町宮野"}],"7102":[{"pref":"大分県","city":"豊後大野市","town":"三重町菅生"}],"7103":[{"pref":"大分県","city":"豊後大野市","town":"三重町西畑"}],"7104":[{"pref":"大分県","city":"豊後大野市","town":"三重町小坂"}],"7105":[{"pref":"大分県","city":"豊後大野市","town":"三重町芦刈"}],"7106":[{"pref":"大分県","city":"豊後大野市","town":"三重町井迫"}],"7107":[{"pref":"大分県","city":"豊後大野市","town":"三重町上田原"}],"7108":[{"pref":"大分県","city":"豊後大野市","town":"三重町浅瀬"}],"7111":[{"pref":"大分県","city":"豊後大野市","town":"三重町赤嶺"}],"7121":[{"pref":"大分県","city":"豊後大野市","town":"三重町山部"}],"7122":[{"pref":"大分県","city":"豊後大野市","town":"三重町鷲谷"}],"7123":[{"pref":"大分県","city":"豊後大野市","town":"三重町松尾"}],"7124":[{"pref":"大分県","city":"豊後大野市","town":"三重町内山"}],"7125":[{"pref":"大分県","city":"豊後大野市","town":"三重町内田"}],"7131":[{"pref":"大分県","city":"豊後大野市","town":"三重町市場"}],"7141":[{"pref":"大分県","city":"豊後大野市","town":"三重町秋葉"}],"7142":[{"pref":"大分県","city":"豊後大野市","town":"三重町小田"}],"7143":[{"pref":"大分県","city":"豊後大野市","town":"三重町久田"}],"7144":[{"pref":"大分県","city":"豊後大野市","town":"三重町本城"}],"7151":[{"pref":"大分県","city":"豊後大野市","town":"三重町西泉"}],"7152":[{"pref":"大分県","city":"豊後大野市","town":"三重町百枝"}],"7153":[{"pref":"大分県","city":"豊後大野市","town":"三重町玉田"}],"7154":[{"pref":"大分県","city":"豊後大野市","town":"三重町川辺"}],"7155":[{"pref":"大分県","city":"豊後大野市","town":"三重町向野"}],"7261":[{"pref":"大分県","city":"豊後大野市","town":"三重町伏野"}],"7262":[{"pref":"大分県","city":"豊後大野市","town":"三重町奥畑"}],"7263":[{"pref":"大分県","city":"豊後大野市","town":"三重町中津留"}],"7264":[{"pref":"大分県","city":"豊後大野市","town":"三重町大白谷"}],"7301":[{"pref":"大分県","city":"豊後大野市","town":"犬飼町犬飼"}],"7302":[{"pref":"大分県","city":"豊後大野市","town":"犬飼町久原"}],"7303":[{"pref":"大分県","city":"豊後大野市","town":"犬飼町柚野木"}],"7304":[{"pref":"大分県","city":"豊後大野市","town":"犬飼町大寒"}],"7305":[{"pref":"大分県","city":"豊後大野市","town":"犬飼町田原"}],"7306":[{"pref":"大分県","city":"豊後大野市","town":"犬飼町下津尾"}],"7307":[{"pref":"大分県","city":"豊後大野市","town":"犬飼町西寒田"}],"7311":[{"pref":"大分県","city":"豊後大野市","town":"犬飼町柴北"}],"7312":[{"pref":"大分県","city":"豊後大野市","town":"犬飼町高津原"}],"7313":[{"pref":"大分県","city":"豊後大野市","town":"犬飼町黒松"}],"7314":[{"pref":"大分県","city":"豊後大野市","town":"犬飼町栗ケ畑"}],"7315":[{"pref":"大分県","city":"豊後大野市","town":"犬飼町山内"}],"7316":[{"pref":"大分県","city":"豊後大野市","town":"犬飼町長畑"}],"7401":[{"pref":"大分県","city":"豊後大野市","town":"千歳町新殿"}],"7402":[{"pref":"大分県","city":"豊後大野市","town":"千歳町船田"}],"7403":[{"pref":"大分県","city":"豊後大野市","town":"千歳町石田"}],"7404":[{"pref":"大分県","city":"豊後大野市","town":"千歳町長峰"}],"7411":[{"pref":"大分県","city":"豊後大野市","town":"千歳町柴山"}],"7412":[{"pref":"大分県","city":"豊後大野市","town":"千歳町高畑"}],"7413":[{"pref":"大分県","city":"豊後大野市","town":"千歳町下山"}],"7414":[{"pref":"大分県","city":"豊後大野市","town":"千歳町前田"}],"7501":[{"pref":"大分県","city":"大分市","town":"竹中"}],"7502":[{"pref":"大分県","city":"大分市","town":"端登"}],"7503":[{"pref":"大分県","city":"大分市","town":"河原内"}],"7504":[{"pref":"大分県","city":"大分市","town":"安藤"}],"7761":[{"pref":"大分県","city":"大分市","town":"中戸次"}],"7762":[{"pref":"大分県","city":"大分市","town":"けやき台"}],"7763":[{"pref":"大分県","city":"大分市","town":"下戸次"}],"7764":[{"pref":"大分県","city":"大分市","town":"上戸次"}],"7765":[{"pref":"大分県","city":"大分市","town":"美園団地"}],"7871":[{"pref":"大分県","city":"大分市","town":"辻"}],"7872":[{"pref":"大分県","city":"大分市","town":"月形"}],"7873":[{"pref":"大分県","city":"大分市","town":"宮尾"}],"7874":[{"pref":"大分県","city":"大分市","town":"福良"}],"7875":[{"pref":"大分県","city":"大分市","town":"吉野原"}],"7881":[{"pref":"大分県","city":"大分市","town":"奥"}],"7882":[{"pref":"大分県","city":"大分市","town":"杉原"}],"7883":[{"pref":"大分県","city":"大分市","town":"萩尾"}],"7884":[{"pref":"大分県","city":"大分市","town":"志津留"}],"7885":[{"pref":"大分県","city":"大分市","town":"梅が丘"}],"0106":[{"pref":"大分県","city":"中津市","town":"赤迫"}],"0111":[{"pref":"大分県","city":"中津市","town":"伊藤田"}],"0105":[{"pref":"大分県","city":"中津市","town":"犬丸"}],"0101":[{"pref":"大分県","city":"中津市","town":"今津"}],"0103":[{"pref":"大分県","city":"中津市","town":"植野"}],"0113":[{"pref":"大分県","city":"中津市","town":"北原"}],"0122":[{"pref":"大分県","city":"中津市","town":"定留"}],"0225":[{"pref":"大分県","city":"中津市","town":"三光上深水"}],"0221":[{"pref":"大分県","city":"中津市","town":"三光上秣"}],"0224":[{"pref":"大分県","city":"中津市","town":"三光下深水"}],"0223":[{"pref":"大分県","city":"中津市","town":"三光下秣"}],"0222":[{"pref":"大分県","city":"中津市","town":"三光西秣"}],"0107":[{"pref":"大分県","city":"中津市","town":"昭和新田"}],"0123":[{"pref":"大分県","city":"中津市","town":"田尻"}],"0124":[{"pref":"大分県","city":"中津市","town":"田尻崎"}],"0102":[{"pref":"大分県","city":"中津市","town":"鍋島"}],"0104":[{"pref":"大分県","city":"中津市","town":"野依"}],"0112":[{"pref":"大分県","city":"中津市","town":"福島"}],"0121":[{"pref":"大分県","city":"中津市","town":"諸田"}],"0600":[{"pref":"大分県","city":"豊後高田市","town":"以下に掲載がない場合"}],"0733":[{"pref":"大分県","city":"豊後高田市","town":"荒尾"}],"0722":[{"pref":"大分県","city":"豊後高田市","town":"一畑"}],"0626":[{"pref":"大分県","city":"豊後高田市","town":"今町"}],"0723":[{"pref":"大分県","city":"豊後高田市","town":"梅ノ木"}],"0605":[{"pref":"大分県","city":"豊後高田市","town":"御玉"}],"0622":[{"pref":"大分県","city":"豊後高田市","town":"鍛治屋町"}],"0603":[{"pref":"大分県","city":"豊後高田市","town":"鼎"}],"0623":[{"pref":"大分県","city":"豊後高田市","town":"金谷町"}],"0721":[{"pref":"大分県","city":"豊後高田市","town":"加礼川"}],"0601":[{"pref":"大分県","city":"豊後高田市","town":"草地"}],"0614":[{"pref":"大分県","city":"豊後高田市","town":"来縄"}],"0608":[{"pref":"大分県","city":"豊後高田市","town":"呉崎"}],"0613":[{"pref":"大分県","city":"豊後高田市","town":"小田原"}],"0621":[{"pref":"大分県","city":"豊後高田市","town":"是永町"}],"0615":[{"pref":"大分県","city":"豊後高田市","town":"界"}],"0612":[{"pref":"大分県","city":"豊後高田市","town":"佐野"}],"0609":[{"pref":"大分県","city":"豊後高田市","town":"城台"}],"0607":[{"pref":"大分県","city":"豊後高田市","town":"新栄"}],"0724":[{"pref":"大分県","city":"豊後高田市","town":"新城"}],"0627":[{"pref":"大分県","city":"豊後高田市","town":"新地"}],"0628":[{"pref":"大分県","city":"豊後高田市","town":"新町"}],"0732":[{"pref":"大分県","city":"豊後高田市","town":"大力"}],"0617":[{"pref":"大分県","city":"豊後高田市","town":"高田"}],"0843":[{"pref":"大分県","city":"豊後高田市","town":"田染相原"}],"0842":[{"pref":"大分県","city":"豊後高田市","town":"田染池部"}],"0844":[{"pref":"大分県","city":"豊後高田市","town":"田染上野"}],"0854":[{"pref":"大分県","city":"豊後高田市","town":"田染小崎"}],"0853":[{"pref":"大分県","city":"豊後高田市","town":"田染平野"}],"0841":[{"pref":"大分県","city":"豊後高田市","town":"田染蕗"}],"0855":[{"pref":"大分県","city":"豊後高田市","town":"田染真木"}],"0852":[{"pref":"大分県","city":"豊後高田市","town":"田染真中"}],"0851":[{"pref":"大分県","city":"豊後高田市","town":"田染横嶺"}],"0606":[{"pref":"大分県","city":"豊後高田市","town":"玉津"}],"0618":[{"pref":"大分県","city":"豊後高田市","town":"中央通"}],"0734":[{"pref":"大分県","city":"豊後高田市","town":"築地"}],"0731":[{"pref":"大分県","city":"豊後高田市","town":"長岩屋"}],"0619":[{"pref":"大分県","city":"豊後高田市","town":"浜町"}],"0602":[{"pref":"大分県","city":"豊後高田市","town":"払田"}],"0624":[{"pref":"大分県","city":"豊後高田市","town":"本町"}],"0735":[{"pref":"大分県","city":"豊後高田市","town":"松行"}],"0616":[{"pref":"大分県","city":"豊後高田市","town":"水崎"}],"0625":[{"pref":"大分県","city":"豊後高田市","town":"水取"}],"0604":[{"pref":"大分県","city":"豊後高田市","town":"美和"}],"0611":[{"pref":"大分県","city":"豊後高田市","town":"森"}],"0901":[{"pref":"大分県","city":"杵築市","town":"大田石丸"}],"0904":[{"pref":"大分県","city":"杵築市","town":"大田小野"}],"0902":[{"pref":"大分県","city":"杵築市","town":"大田沓掛"}],"0912":[{"pref":"大分県","city":"杵築市","town":"大田白木原"}],"0903":[{"pref":"大分県","city":"杵築市","town":"大田永松"}],"0911":[{"pref":"大分県","city":"杵築市","town":"大田波多方"}],"0941":[{"pref":"大分県","city":"杵築市","town":"大田俣水（その他）"}],"0233":[{"pref":"大分県","city":"宇佐市","town":"赤尾"}],"0501":[{"pref":"大分県","city":"宇佐市","town":"麻生"}],"0312":[{"pref":"大分県","city":"宇佐市","town":"荒木"}],"0444":[{"pref":"大分県","city":"宇佐市","town":"石田"}],"0514":[{"pref":"大分県","city":"宇佐市","town":"今成"}],"0234":[{"pref":"大分県","city":"宇佐市","town":"今仁"}],"0453":[{"pref":"大分県","city":"宇佐市","town":"上田"}],"0464":[{"pref":"大分県","city":"宇佐市","town":"大塚"}],"0232":[{"pref":"大分県","city":"宇佐市","town":"大根川"}],"0301":[{"pref":"大分県","city":"宇佐市","town":"乙女新田"}],"0304":[{"pref":"大分県","city":"宇佐市","town":"尾永井"}],"0303":[{"pref":"大分県","city":"宇佐市","town":"上乙女"}],"0163":[{"pref":"大分県","city":"宇佐市","town":"上敷田"}],"0153":[{"pref":"大分県","city":"宇佐市","town":"上庄"}],"0313":[{"pref":"大分県","city":"宇佐市","town":"上高"}],"0305":[{"pref":"大分県","city":"宇佐市","town":"上高家"}],"0315":[{"pref":"大分県","city":"宇佐市","town":"上時枝"}],"0466":[{"pref":"大分県","city":"宇佐市","town":"上拝田（その他）"}],"0472":[{"pref":"大分県","city":"宇佐市","town":"上元重"}],"0456":[{"pref":"大分県","city":"宇佐市","town":"辛島"}],"0452":[{"pref":"大分県","city":"宇佐市","town":"川部"}],"0516":[{"pref":"大分県","city":"宇佐市","town":"木内"}],"0235":[{"pref":"大分県","city":"宇佐市","town":"木部"}],"0443":[{"pref":"大分県","city":"宇佐市","town":"葛原"}],"0512":[{"pref":"大分県","city":"宇佐市","town":"黒"}],"0455":[{"pref":"大分県","city":"宇佐市","town":"閤"}],"0237":[{"pref":"大分県","city":"宇佐市","town":"佐野"}],"0314":[{"pref":"大分県","city":"宇佐市","town":"猿渡"}],"0457":[{"pref":"大分県","city":"宇佐市","town":"芝原"}],"0236":[{"pref":"大分県","city":"宇佐市","town":"清水"}],"0302":[{"pref":"大分県","city":"宇佐市","town":"下乙女"}],"0161":[{"pref":"大分県","city":"宇佐市","town":"下敷田"}],"0152":[{"pref":"大分県","city":"宇佐市","town":"下庄"}],"0317":[{"pref":"大分県","city":"宇佐市","town":"下高"}],"0308":[{"pref":"大分県","city":"宇佐市","town":"下高家"}],"0316":[{"pref":"大分県","city":"宇佐市","town":"下時枝"}],"0465":[{"pref":"大分県","city":"宇佐市","town":"下拝田"}],"0473":[{"pref":"大分県","city":"宇佐市","town":"下元重"}],"0442":[{"pref":"大分県","city":"宇佐市","town":"城井"}],"0515":[{"pref":"大分県","city":"宇佐市","town":"末"}],"0502":[{"pref":"大分県","city":"宇佐市","town":"岳ノ首"}],"0164":[{"pref":"大分県","city":"宇佐市","town":"富山"}],"0513":[{"pref":"大分県","city":"宇佐市","town":"中"}],"0162":[{"pref":"大分県","city":"宇佐市","town":"中敷田"}],"0463":[{"pref":"大分県","city":"宇佐市","town":"中原"}],"0503":[{"pref":"大分県","city":"宇佐市","town":"灘"}],"0306":[{"pref":"大分県","city":"宇佐市","town":"西高家"}],"0451":[{"pref":"大分県","city":"宇佐市","town":"畑田"}],"0307":[{"pref":"大分県","city":"宇佐市","town":"浜高家"}],"0309":[{"pref":"大分県","city":"宇佐市","town":"東高家"}],"0461":[{"pref":"大分県","city":"宇佐市","town":"樋田"}],"0462":[{"pref":"大分県","city":"宇佐市","town":"別府"}],"0454":[{"pref":"大分県","city":"宇佐市","town":"法鏡寺"}],"0231":[{"pref":"大分県","city":"宇佐市","town":"南敷田"}],"0151":[{"pref":"大分県","city":"宇佐市","town":"宮熊"}],"0311":[{"pref":"大分県","city":"宇佐市","town":"森山"}],"0504":[{"pref":"大分県","city":"宇佐市","town":"山口"}],"0474":[{"pref":"大分県","city":"宇佐市","town":"山下"}],"0511":[{"pref":"大分県","city":"宇佐市","town":"山袋"}],"0467":[{"pref":"大分県","city":"宇佐市","town":"山本"}],"0441":[{"pref":"大分県","city":"宇佐市","town":"吉松"}],"0471":[{"pref":"大分県","city":"宇佐市","town":"四日市"}]}