{"0000":[{"pref":"大分県","city":"別府市","town":"以下に掲載がない場合"}],"0902":[{"pref":"大分県","city":"別府市","town":"青山町"}],"0819":[{"pref":"大分県","city":"別府市","town":"赤松"}],"0937":[{"pref":"大分県","city":"別府市","town":"秋葉町"}],"0846":[{"pref":"大分県","city":"別府市","town":"朝日ケ丘町"}],"0812":[{"pref":"大分県","city":"別府市","town":"朝見"}],"0005":[{"pref":"大分県","city":"別府市","town":"天間"}],"0919":[{"pref":"大分県","city":"別府市","town":"石垣東"}],"0910":[{"pref":"大分県","city":"別府市","town":"石垣西"}],"0043":[{"pref":"大分県","city":"別府市","town":"井田"}],"0011":[{"pref":"大分県","city":"別府市","town":"内竈"}],"0814":[{"pref":"大分県","city":"別府市","town":"浦田"}],"0935":[{"pref":"大分県","city":"別府市","town":"駅前町"}],"0934":[{"pref":"大分県","city":"別府市","town":"駅前本町"}],"0805":[{"pref":"大分県","city":"別府市","town":"枝郷"}],"0849":[{"pref":"大分県","city":"別府市","town":"扇山"}],"0842":[{"pref":"大分県","city":"別府市","town":"小倉"}],"0001":[{"pref":"大分県","city":"別府市","town":"小坂"}],"0003":[{"pref":"大分県","city":"別府市","town":"大所"}],"0821":[{"pref":"大分県","city":"別府市","town":"乙原"}],"0848":[{"pref":"大分県","city":"別府市","town":"大畑"}],"0908":[{"pref":"大分県","city":"別府市","town":"上田の湯町"}],"0905":[{"pref":"大分県","city":"別府市","town":"上野口町"}],"0829":[{"pref":"大分県","city":"別府市","town":"上原町"}],"0036":[{"pref":"大分県","city":"別府市","town":"上平田町"}],"0025":[{"pref":"大分県","city":"別府市","town":"亀川四の湯町"}],"0021":[{"pref":"大分県","city":"別府市","town":"亀川中央町"}],"0014":[{"pref":"大分県","city":"別府市","town":"亀川浜田町"}],"0022":[{"pref":"大分県","city":"別府市","town":"亀川東町"}],"0822":[{"pref":"大分県","city":"別府市","town":"観海寺"}],"0046":[{"pref":"大分県","city":"別府市","town":"鉄輪上"}],"0042":[{"pref":"大分県","city":"別府市","town":"鉄輪東"}],"0802":[{"pref":"大分県","city":"別府市","town":"城島"}],"0041":[{"pref":"大分県","city":"別府市","town":"北鉄輪"}],"0845":[{"pref":"大分県","city":"別府市","town":"北中"}],"0920":[{"pref":"大分県","city":"別府市","town":"北浜"}],"0928":[{"pref":"大分県","city":"別府市","town":"北的ケ浜町"}],"0926":[{"pref":"大分県","city":"別府市","town":"京町"}],"0943":[{"pref":"大分県","city":"別府市","town":"楠町"}],"0015":[{"pref":"大分県","city":"別府市","town":"国立"}],"0816":[{"pref":"大分県","city":"別府市","town":"河内"}],"0907":[{"pref":"大分県","city":"別府市","town":"幸町"}],"0915":[{"pref":"大分県","city":"別府市","town":"桜ケ丘"}],"0918":[{"pref":"大分県","city":"別府市","town":"汐見町"}],"0835":[{"pref":"大分県","city":"別府市","town":"実相寺"}],"0034":[{"pref":"大分県","city":"別府市","town":"上人仲町"}],"0032":[{"pref":"大分県","city":"別府市","town":"上人本町"}],"0035":[{"pref":"大分県","city":"別府市","town":"上人西"}],"0033":[{"pref":"大分県","city":"別府市","town":"上人南"}],"0023":[{"pref":"大分県","city":"別府市","town":"上人ケ浜町"}],"0031":[{"pref":"大分県","city":"別府市","town":"照波園町"}],"0834":[{"pref":"大分県","city":"別府市","town":"新別府"}],"0923":[{"pref":"大分県","city":"別府市","town":"新港町"}],"0938":[{"pref":"大分県","city":"別府市","town":"末広町"}],"0012":[{"pref":"大分県","city":"別府市","town":"スパランド豊海"}],"0002":[{"pref":"大分県","city":"別府市","town":"関の江新町"}],"0838":[{"pref":"大分県","city":"別府市","town":"荘園"}],"0837":[{"pref":"大分県","city":"別府市","town":"荘園北町"}],"0037":[{"pref":"大分県","city":"別府市","town":"大観山町"}],"0841":[{"pref":"大分県","city":"別府市","town":"竹の内"}],"0939":[{"pref":"大分県","city":"別府市","town":"立田町"}],"0815":[{"pref":"大分県","city":"別府市","town":"田の口"}],"0909":[{"pref":"大分県","city":"別府市","town":"田の湯町"}],"0936":[{"pref":"大分県","city":"別府市","town":"中央町"}],"0942":[{"pref":"大分県","city":"別府市","town":"千代町"}],"0840":[{"pref":"大分県","city":"別府市","town":"鶴見（大字、番地）"}],"0833":[{"pref":"大分県","city":"別府市","town":"鶴見（１～１８組）"}],"0826":[{"pref":"大分県","city":"別府市","town":"鶴見園町"}],"0906":[{"pref":"大分県","city":"別府市","town":"天満町"}],"0817":[{"pref":"大分県","city":"別府市","town":"鳥越"}],"0901":[{"pref":"大分県","city":"別府市","town":"中島町"}],"0917":[{"pref":"大分県","city":"別府市","town":"中須賀東町"}],"0916":[{"pref":"大分県","city":"別府市","town":"中須賀本町"}],"0914":[{"pref":"大分県","city":"別府市","town":"中須賀元町"}],"0931":[{"pref":"大分県","city":"別府市","town":"西野口町"}],"0932":[{"pref":"大分県","city":"別府市","town":"野口中町"}],"0933":[{"pref":"大分県","city":"別府市","town":"野口元町"}],"0903":[{"pref":"大分県","city":"別府市","town":"野口原"}],"0016":[{"pref":"大分県","city":"別府市","town":"野田"}],"0847":[{"pref":"大分県","city":"別府市","town":"馬場"}],"0945":[{"pref":"大分県","city":"別府市","town":"浜町"}],"0947":[{"pref":"大分県","city":"別府市","town":"浜脇"}],"0820":[{"pref":"大分県","city":"別府市","town":"原町"}],"0913":[{"pref":"大分県","city":"別府市","town":"春木"}],"0930":[{"pref":"大分県","city":"別府市","town":"光町"}],"0836":[{"pref":"大分県","city":"別府市","town":"東荘園"}],"0803":[{"pref":"大分県","city":"別府市","town":"東山一区"}],"0804":[{"pref":"大分県","city":"別府市","town":"東山二区"}],"0024":[{"pref":"大分県","city":"別府市","town":"平田町"}],"0921":[{"pref":"大分県","city":"別府市","town":"富士見町"}],"0922":[{"pref":"大分県","city":"別府市","town":"船小路町"}],"0013":[{"pref":"大分県","city":"別府市","town":"古市町"}],"0044":[{"pref":"大分県","city":"別府市","town":"風呂本"}],"0844":[{"pref":"大分県","city":"別府市","town":"火売"}],"0831":[{"pref":"大分県","city":"別府市","town":"堀田"}],"0946":[{"pref":"大分県","city":"別府市","town":"松原町"}],"0911":[{"pref":"大分県","city":"別府市","town":"緑丘町"}],"0912":[{"pref":"大分県","city":"別府市","town":"南須賀"}],"0904":[{"pref":"大分県","city":"別府市","town":"南荘園町"}],"0832":[{"pref":"大分県","city":"別府市","town":"南立石生目町"}],"0824":[{"pref":"大分県","city":"別府市","town":"南立石板地町"}],"0839":[{"pref":"大分県","city":"別府市","town":"南立石一区"}],"0827":[{"pref":"大分県","city":"別府市","town":"南立石二区"}],"0825":[{"pref":"大分県","city":"別府市","town":"南立石八幡町"}],"0823":[{"pref":"大分県","city":"別府市","town":"南立石本町"}],"0941":[{"pref":"大分県","city":"別府市","town":"南町"}],"0929":[{"pref":"大分県","city":"別府市","town":"南的ケ浜町"}],"0045":[{"pref":"大分県","city":"別府市","town":"御幸"}],"0843":[{"pref":"大分県","city":"別府市","town":"明礬"}],"0924":[{"pref":"大分県","city":"別府市","town":"餅ケ浜町"}],"0944":[{"pref":"大分県","city":"別府市","town":"元町"}],"0811":[{"pref":"大分県","city":"別府市","town":"柳"}],"0818":[{"pref":"大分県","city":"別府市","town":"山家"}],"0801":[{"pref":"大分県","city":"別府市","town":"山の口"}],"0828":[{"pref":"大分県","city":"別府市","town":"山の手町"}],"0927":[{"pref":"大分県","city":"別府市","town":"弓ケ浜町"}],"0004":[{"pref":"大分県","city":"別府市","town":"湯山"}],"0813":[{"pref":"大分県","city":"別府市","town":"両郡橋"}],"0925":[{"pref":"大分県","city":"別府市","town":"若草町"}]}