{"1101":[{"pref":"京都府","city":"京都市左京区","town":"広河原（各町）"}],"1102":[{"pref":"京都府","city":"京都市左京区","town":"花脊原地町"}],"1103":[{"pref":"京都府","city":"京都市左京区","town":"花脊八桝町"}],"1104":[{"pref":"京都府","city":"京都市左京区","town":"花脊大布施町"}],"1105":[{"pref":"京都府","city":"京都市左京区","town":"花脊別所町"}],"1111":[{"pref":"京都府","city":"京都市左京区","town":"鞍馬本町"}],"1112":[{"pref":"京都府","city":"京都市左京区","town":"鞍馬貴船町"}],"1113":[{"pref":"京都府","city":"京都市左京区","town":"鞍馬二ノ瀬町"}],"1121":[{"pref":"京都府","city":"京都市左京区","town":"静市静原町"}],"1122":[{"pref":"京都府","city":"京都市左京区","town":"静市野中町"}],"1123":[{"pref":"京都府","city":"京都市左京区","town":"静市市原町"}],"1124":[{"pref":"京都府","city":"京都市左京区","town":"岩倉上蔵町（２６７、２６８番地）"}],"1125":[{"pref":"京都府","city":"京都市左京区","town":"岩倉木野町（２５１番地）"}],"1231":[{"pref":"京都府","city":"京都市左京区","town":"大原尾越町"}],"1232":[{"pref":"京都府","city":"京都市左京区","town":"大原大見町"}],"1233":[{"pref":"京都府","city":"京都市左京区","town":"大原百井町"}],"1234":[{"pref":"京都府","city":"京都市左京区","town":"大原小出石町"}],"1235":[{"pref":"京都府","city":"京都市左京区","town":"大原古知平町"}],"1241":[{"pref":"京都府","city":"京都市左京区","town":"大原勝林院町"}],"1242":[{"pref":"京都府","city":"京都市左京区","town":"大原来迎院町"}],"1243":[{"pref":"京都府","city":"京都市左京区","town":"大原大長瀬町"}],"1244":[{"pref":"京都府","city":"京都市左京区","town":"大原上野町"}],"1245":[{"pref":"京都府","city":"京都市左京区","town":"大原戸寺町"}],"1246":[{"pref":"京都府","city":"京都市左京区","town":"大原井出町"}],"1247":[{"pref":"京都府","city":"京都市左京区","town":"大原野村町"}],"1248":[{"pref":"京都府","city":"京都市左京区","town":"大原草生町"}],"1251":[{"pref":"京都府","city":"京都市左京区","town":"八瀬花尻町"}],"1252":[{"pref":"京都府","city":"京都市左京区","town":"八瀬秋元町"}],"1253":[{"pref":"京都府","city":"京都市左京区","town":"八瀬近衛町"}],"1254":[{"pref":"京都府","city":"京都市左京区","town":"八瀬野瀬町（その他）"}],"1255":[{"pref":"京都府","city":"京都市左京区","town":"上高野東山（５５、５７－６、６４、６５、７１－１、７１－２１、"},{"pref":"京都府","city":"京都市左京区","town":"７２、１８９、１８９－１番地）"}],"1301":[{"pref":"京都府","city":"京都市伏見区","town":"醍醐上山田"}],"1302":[{"pref":"京都府","city":"京都市伏見区","town":"醍醐内ケ井戸"}],"1303":[{"pref":"京都府","city":"京都市伏見区","town":"醍醐大畑町"}],"1304":[{"pref":"京都府","city":"京都市伏見区","town":"醍醐山ケ鼻"}],"1305":[{"pref":"京都府","city":"京都市伏見区","town":"醍醐柿原町"}],"1306":[{"pref":"京都府","city":"京都市伏見区","town":"醍醐連蔵"}],"1307":[{"pref":"京都府","city":"京都市伏見区","town":"醍醐狭間"}],"1308":[{"pref":"京都府","city":"京都市伏見区","town":"醍醐御所ノ内"}],"1311":[{"pref":"京都府","city":"京都市伏見区","town":"醍醐大高町"}],"1312":[{"pref":"京都府","city":"京都市伏見区","town":"醍醐片山町"}],"1313":[{"pref":"京都府","city":"京都市伏見区","town":"醍醐御陵東裏町"}],"1314":[{"pref":"京都府","city":"京都市伏見区","town":"醍醐御陵西裏町"}],"1315":[{"pref":"京都府","city":"京都市伏見区","town":"醍醐烏橋町"}],"1316":[{"pref":"京都府","city":"京都市伏見区","town":"醍醐古道町"}],"1317":[{"pref":"京都府","city":"京都市伏見区","town":"醍醐京道町"}],"1318":[{"pref":"京都府","city":"京都市伏見区","town":"醍醐廻り戸町"}],"1321":[{"pref":"京都府","city":"京都市伏見区","town":"醍醐北端山"}],"1322":[{"pref":"京都府","city":"京都市伏見区","town":"醍醐北伽藍町"}],"1323":[{"pref":"京都府","city":"京都市伏見区","town":"醍醐赤間南裏町"}],"1324":[{"pref":"京都府","city":"京都市伏見区","town":"醍醐伽藍町"}],"1325":[{"pref":"京都府","city":"京都市伏見区","town":"醍醐東大路町"}],"1326":[{"pref":"京都府","city":"京都市伏見区","town":"醍醐新町裏町"}],"1327":[{"pref":"京都府","city":"京都市伏見区","town":"醍醐切レ戸町"}],"1331":[{"pref":"京都府","city":"京都市伏見区","town":"醍醐南端山町"}],"1332":[{"pref":"京都府","city":"京都市伏見区","town":"醍醐下端山町"}],"1333":[{"pref":"京都府","city":"京都市伏見区","town":"醍醐上端山町"}],"1334":[{"pref":"京都府","city":"京都市伏見区","town":"醍醐勝口町"}],"1335":[{"pref":"京都府","city":"京都市伏見区","town":"醍醐一言寺裏町"}],"1336":[{"pref":"京都府","city":"京都市伏見区","town":"醍醐柏森町"}],"1337":[{"pref":"京都府","city":"京都市伏見区","town":"醍醐槇ノ内町"}],"1338":[{"pref":"京都府","city":"京都市伏見区","town":"醍醐落保町"}],"1341":[{"pref":"京都府","city":"京都市伏見区","town":"醍醐岸ノ上町"}],"1342":[{"pref":"京都府","city":"京都市伏見区","town":"醍醐上山口町"}],"1343":[{"pref":"京都府","city":"京都市伏見区","town":"醍醐下山口町"}],"1344":[{"pref":"京都府","city":"京都市伏見区","town":"醍醐辰巳町"}],"1345":[{"pref":"京都府","city":"京都市伏見区","town":"醍醐外山街道町"}],"1346":[{"pref":"京都府","city":"京都市伏見区","town":"醍醐東合場町"}],"1347":[{"pref":"京都府","city":"京都市伏見区","town":"醍醐合場町"}],"1351":[{"pref":"京都府","city":"京都市伏見区","town":"醍醐和泉町"}],"1352":[{"pref":"京都府","city":"京都市伏見区","town":"醍醐南里町"}],"1353":[{"pref":"京都府","city":"京都市伏見区","town":"醍醐御園尾町"}],"1354":[{"pref":"京都府","city":"京都市伏見区","town":"醍醐構口町"}],"1355":[{"pref":"京都府","city":"京都市伏見区","town":"醍醐多近田町"}],"1356":[{"pref":"京都府","city":"京都市伏見区","town":"醍醐南西裏町"}],"1357":[{"pref":"京都府","city":"京都市伏見区","town":"醍醐僧尊坊町"}],"1361":[{"pref":"京都府","city":"京都市伏見区","town":"醍醐御霊ケ下町"}],"1362":[{"pref":"京都府","city":"京都市伏見区","town":"醍醐池田町"}],"1363":[{"pref":"京都府","city":"京都市伏見区","town":"醍醐鍵尾町"}],"1364":[{"pref":"京都府","city":"京都市伏見区","town":"醍醐江奈志町"}],"1365":[{"pref":"京都府","city":"京都市伏見区","town":"醍醐新開"}],"1366":[{"pref":"京都府","city":"京都市伏見区","town":"醍醐大構町"}],"1371":[{"pref":"京都府","city":"京都市伏見区","town":"醍醐上ノ山町"}],"1372":[{"pref":"京都府","city":"京都市伏見区","town":"醍醐平松町"}],"1373":[{"pref":"京都府","city":"京都市伏見区","town":"醍醐中山町"}],"1374":[{"pref":"京都府","city":"京都市伏見区","town":"醍醐西大路町"}],"1375":[{"pref":"京都府","city":"京都市伏見区","town":"醍醐高畑町"}],"1376":[{"pref":"京都府","city":"京都市伏見区","town":"醍醐折戸町"}],"1377":[{"pref":"京都府","city":"京都市伏見区","town":"醍醐北西裏町"}],"1378":[{"pref":"京都府","city":"京都市伏見区","town":"醍醐川久保町"}],"1381":[{"pref":"京都府","city":"京都市伏見区","town":"醍醐北谷"}],"1382":[{"pref":"京都府","city":"京都市伏見区","town":"醍醐南谷"}],"1383":[{"pref":"京都府","city":"京都市伏見区","town":"醍醐醍醐山"}],"1384":[{"pref":"京都府","city":"京都市伏見区","town":"醍醐高田"}],"1385":[{"pref":"京都府","city":"京都市伏見区","town":"醍醐宮ノ下町"}],"1386":[{"pref":"京都府","city":"京都市伏見区","town":"醍醐陀羅谷"}],"1387":[{"pref":"京都府","city":"京都市伏見区","town":"醍醐一ノ切町"},{"pref":"京都府","city":"京都市伏見区","town":"醍醐三ノ切"},{"pref":"京都府","city":"京都市伏見区","town":"醍醐二ノ切町"}],"1391":[{"pref":"京都府","city":"宇治市","town":"東笠取"}],"1392":[{"pref":"京都府","city":"宇治市","town":"西笠取"}],"1393":[{"pref":"京都府","city":"宇治市","town":"二尾"}],"1394":[{"pref":"京都府","city":"宇治市","town":"池尾"}],"1395":[{"pref":"京都府","city":"宇治市","town":"炭山"}],"1396":[{"pref":"京都府","city":"宇治市","town":"莵道東垣内"}],"1401":[{"pref":"京都府","city":"京都市伏見区","town":"日野北山"}],"1402":[{"pref":"京都府","city":"京都市伏見区","town":"日野南山"}],"1403":[{"pref":"京都府","city":"京都市伏見区","town":"日野船尾"}],"1404":[{"pref":"京都府","city":"京都市伏見区","town":"日野北川頬"}],"1405":[{"pref":"京都府","city":"京都市伏見区","town":"日野林"}],"1406":[{"pref":"京都府","city":"京都市伏見区","town":"日野谷寺町"}],"1411":[{"pref":"京都府","city":"京都市伏見区","town":"日野慈悲町"}],"1412":[{"pref":"京都府","city":"京都市伏見区","town":"日野畑出町"}],"1413":[{"pref":"京都府","city":"京都市伏見区","town":"日野谷田町"}],"1414":[{"pref":"京都府","city":"京都市伏見区","town":"日野奥出"}],"1415":[{"pref":"京都府","city":"京都市伏見区","town":"日野野色町"}],"1416":[{"pref":"京都府","city":"京都市伏見区","town":"日野岡西町"}],"1417":[{"pref":"京都府","city":"京都市伏見区","town":"日野西大道町"}],"1421":[{"pref":"京都府","city":"京都市伏見区","town":"日野馬場出町"}],"1422":[{"pref":"京都府","city":"京都市伏見区","town":"日野不動講町"}],"1423":[{"pref":"京都府","city":"京都市伏見区","town":"日野西風呂町"}],"1424":[{"pref":"京都府","city":"京都市伏見区","town":"日野田頬町"}],"1425":[{"pref":"京都府","city":"京都市伏見区","town":"日野田中町"}],"1426":[{"pref":"京都府","city":"京都市伏見区","town":"日野西川頬"}],"1431":[{"pref":"京都府","city":"京都市伏見区","town":"石田大受町"}],"1432":[{"pref":"京都府","city":"京都市伏見区","town":"石田内里町"}],"1433":[{"pref":"京都府","city":"京都市伏見区","town":"石田大山町"}],"1434":[{"pref":"京都府","city":"京都市伏見区","town":"石田森南町"}],"1435":[{"pref":"京都府","city":"京都市伏見区","town":"石田桜木"}],"1436":[{"pref":"京都府","city":"京都市伏見区","town":"石田西ノ坪"}],"1437":[{"pref":"京都府","city":"京都市伏見区","town":"石田森西"}],"1438":[{"pref":"京都府","city":"京都市伏見区","town":"石田川向"}],"1439":[{"pref":"京都府","city":"京都市伏見区","town":"石田森東町"}],"1441":[{"pref":"京都府","city":"京都市伏見区","town":"小栗栖北谷町"}],"1442":[{"pref":"京都府","city":"京都市伏見区","town":"小栗栖丸山"}],"1443":[{"pref":"京都府","city":"京都市伏見区","town":"小栗栖岩ケ淵町"}],"1444":[{"pref":"京都府","city":"京都市伏見区","town":"小栗栖牛ケ淵町"}],"1445":[{"pref":"京都府","city":"京都市伏見区","town":"小栗栖森ケ淵町"}],"1446":[{"pref":"京都府","city":"京都市伏見区","town":"小栗栖北後藤町"}],"1451":[{"pref":"京都府","city":"京都市伏見区","town":"小栗栖鉢伏"}],"1452":[{"pref":"京都府","city":"京都市伏見区","town":"小栗栖西ノ峯"}],"1453":[{"pref":"京都府","city":"京都市伏見区","town":"小栗栖西谷町"}],"1454":[{"pref":"京都府","city":"京都市伏見区","town":"小栗栖山口町"}],"1455":[{"pref":"京都府","city":"京都市伏見区","town":"小栗栖小阪町"}],"1456":[{"pref":"京都府","city":"京都市伏見区","town":"小栗栖南後藤町"}],"1461":[{"pref":"京都府","city":"京都市伏見区","town":"小栗栖宮山"}],"1462":[{"pref":"京都府","city":"京都市伏見区","town":"小栗栖森本町"}],"1463":[{"pref":"京都府","city":"京都市伏見区","town":"小栗栖中山田町"}],"1464":[{"pref":"京都府","city":"京都市伏見区","town":"小栗栖石川町"}],"8001":[{"pref":"京都府","city":"京都市南区","town":"東九条室町"}],"8002":[{"pref":"京都府","city":"京都市南区","town":"東九条上殿田町"}],"8003":[{"pref":"京都府","city":"京都市南区","town":"東九条西山王町"}],"8004":[{"pref":"京都府","city":"京都市南区","town":"東九条東山王町"}],"8005":[{"pref":"京都府","city":"京都市南区","town":"東九条西岩本町"}],"8006":[{"pref":"京都府","city":"京都市南区","town":"東九条東岩本町"}],"8007":[{"pref":"京都府","city":"京都市南区","town":"東九条北河原町"}],"8011":[{"pref":"京都府","city":"京都市南区","town":"東九条南山王町"}],"8012":[{"pref":"京都府","city":"京都市南区","town":"東九条南岩本町"}],"8013":[{"pref":"京都府","city":"京都市南区","town":"東九条南河原町"}],"8014":[{"pref":"京都府","city":"京都市南区","town":"東九条河西町"}],"8015":[{"pref":"京都府","city":"京都市南区","town":"東九条上御霊町"}],"8016":[{"pref":"京都府","city":"京都市南区","town":"東九条烏丸町"}],"8017":[{"pref":"京都府","city":"京都市南区","town":"東九条北烏丸町"}],"8021":[{"pref":"京都府","city":"京都市南区","town":"東九条宇賀辺町"}],"8022":[{"pref":"京都府","city":"京都市南区","town":"東九条北松ノ木町"}],"8023":[{"pref":"京都府","city":"京都市南区","town":"東九条南松ノ木町"}],"8024":[{"pref":"京都府","city":"京都市南区","town":"東九条東札辻町"}],"8025":[{"pref":"京都府","city":"京都市南区","town":"東九条柳下町"}],"8026":[{"pref":"京都府","city":"京都市南区","town":"東九条中札辻町"}],"8027":[{"pref":"京都府","city":"京都市南区","town":"東九条中御霊町"}],"8028":[{"pref":"京都府","city":"京都市南区","town":"東九条東御霊町"}],"8029":[{"pref":"京都府","city":"京都市南区","town":"東九条東松ノ木町"}],"8031":[{"pref":"京都府","city":"京都市南区","town":"東九条河辺町"}],"8032":[{"pref":"京都府","city":"京都市南区","town":"東九条石田町"}],"8033":[{"pref":"京都府","city":"京都市南区","town":"東九条南石田町"}],"8034":[{"pref":"京都府","city":"京都市南区","town":"東九条南河辺町"}],"8035":[{"pref":"京都府","city":"京都市南区","town":"東九条南松田町"}],"8036":[{"pref":"京都府","city":"京都市南区","town":"東九条松田町"}],"8037":[{"pref":"京都府","city":"京都市南区","town":"東九条西河辺町"}],"8041":[{"pref":"京都府","city":"京都市南区","town":"東九条南烏丸町"}],"8042":[{"pref":"京都府","city":"京都市南区","town":"東九条西御霊町"}],"8043":[{"pref":"京都府","city":"京都市南区","town":"東九条西札辻町"}],"8044":[{"pref":"京都府","city":"京都市南区","town":"東九条明田町"}],"8045":[{"pref":"京都府","city":"京都市南区","town":"東九条西明田町"}],"8046":[{"pref":"京都府","city":"京都市南区","town":"東九条西山町"}],"8047":[{"pref":"京都府","city":"京都市南区","town":"東九条下殿田町"}],"8048":[{"pref":"京都府","city":"京都市南区","town":"東九条中殿田町"}],"8101":[{"pref":"京都府","city":"京都市南区","town":"上鳥羽高畠町"}],"8102":[{"pref":"京都府","city":"京都市南区","town":"上鳥羽菅田町"}],"8103":[{"pref":"京都府","city":"京都市南区","town":"上鳥羽仏現寺町"}],"8104":[{"pref":"京都府","city":"京都市南区","town":"上鳥羽角田町"}],"8105":[{"pref":"京都府","city":"京都市南区","town":"上鳥羽上調子町"}],"8106":[{"pref":"京都府","city":"京都市南区","town":"上鳥羽北中ノ坪町"}],"8107":[{"pref":"京都府","city":"京都市南区","town":"上鳥羽南唐戸町"}],"8108":[{"pref":"京都府","city":"京都市南区","town":"上鳥羽唐戸町"}],"8111":[{"pref":"京都府","city":"京都市南区","town":"上鳥羽苗代町"}],"8112":[{"pref":"京都府","city":"京都市南区","town":"上鳥羽勧進橋町"}],"8113":[{"pref":"京都府","city":"京都市南区","town":"上鳥羽南苗代町"}],"8114":[{"pref":"京都府","city":"京都市南区","town":"上鳥羽南鉾立町"}],"8115":[{"pref":"京都府","city":"京都市南区","town":"上鳥羽尻切町"}],"8116":[{"pref":"京都府","city":"京都市南区","town":"上鳥羽鉾立町"}],"8121":[{"pref":"京都府","city":"京都市南区","town":"上鳥羽大物町"}],"8122":[{"pref":"京都府","city":"京都市南区","town":"上鳥羽北塔ノ本町"}],"8123":[{"pref":"京都府","city":"京都市南区","town":"上鳥羽南塔ノ本町"}],"8124":[{"pref":"京都府","city":"京都市南区","town":"上鳥羽塔ノ本"}],"8125":[{"pref":"京都府","city":"京都市南区","town":"上鳥羽花名"}],"8126":[{"pref":"京都府","city":"京都市南区","town":"上鳥羽南花名町"}],"8127":[{"pref":"京都府","city":"京都市南区","town":"上鳥羽北花名町"}],"8128":[{"pref":"京都府","city":"京都市南区","town":"上鳥羽大柳町"}],"8131":[{"pref":"京都府","city":"京都市南区","town":"上鳥羽鴨田"}],"8132":[{"pref":"京都府","city":"京都市南区","town":"上鳥羽町田"}],"8133":[{"pref":"京都府","city":"京都市南区","town":"上鳥羽藁田"}],"8134":[{"pref":"京都府","city":"京都市南区","town":"上鳥羽大溝"}],"8135":[{"pref":"京都府","city":"京都市南区","town":"上鳥羽石橋町"}],"8136":[{"pref":"京都府","city":"京都市南区","town":"上鳥羽岩ノ本町"}],"8137":[{"pref":"京都府","city":"京都市南区","town":"上鳥羽城ケ前町"}],"8141":[{"pref":"京都府","city":"京都市南区","town":"上鳥羽卯ノ花"}],"8142":[{"pref":"京都府","city":"京都市南区","town":"上鳥羽中河原"}],"8143":[{"pref":"京都府","city":"京都市南区","town":"上鳥羽麻ノ本"}],"8144":[{"pref":"京都府","city":"京都市南区","town":"上鳥羽火打形町"}],"8145":[{"pref":"京都府","city":"京都市南区","town":"上鳥羽西浦町"}],"8146":[{"pref":"京都府","city":"京都市南区","town":"上鳥羽奈須野町"}],"8151":[{"pref":"京都府","city":"京都市南区","town":"上鳥羽塔ノ森東向町"}],"8152":[{"pref":"京都府","city":"京都市南区","town":"上鳥羽塔ノ森洲崎町"}],"8153":[{"pref":"京都府","city":"京都市南区","town":"上鳥羽塔ノ森下河原"}],"8154":[{"pref":"京都府","city":"京都市南区","town":"上鳥羽塔ノ森柳原"}],"8155":[{"pref":"京都府","city":"京都市南区","town":"上鳥羽塔ノ森上河原"}],"8161":[{"pref":"京都府","city":"京都市南区","town":"上鳥羽塔ノ森梅ノ木"}],"8162":[{"pref":"京都府","city":"京都市南区","town":"上鳥羽塔ノ森柴東町"}],"8163":[{"pref":"京都府","city":"京都市南区","town":"上鳥羽塔ノ森江川町"}],"8164":[{"pref":"京都府","city":"京都市南区","town":"上鳥羽塔ノ森四ツ谷町"}],"8165":[{"pref":"京都府","city":"京都市南区","town":"上鳥羽塔ノ森西河原町"}],"8166":[{"pref":"京都府","city":"京都市南区","town":"上鳥羽塔ノ森下開ノ内"}],"8167":[{"pref":"京都府","city":"京都市南区","town":"上鳥羽塔ノ森上開ノ内"}],"8171":[{"pref":"京都府","city":"京都市南区","town":"上鳥羽川端町"}],"8172":[{"pref":"京都府","city":"京都市南区","town":"上鳥羽鍋ケ渕町"}],"8173":[{"pref":"京都府","city":"京都市南区","town":"上鳥羽八王神町"}],"8174":[{"pref":"京都府","city":"京都市南区","town":"上鳥羽清井町"}],"8175":[{"pref":"京都府","city":"京都市南区","town":"上鳥羽金仏"}],"8176":[{"pref":"京都府","city":"京都市南区","town":"上鳥羽山ノ本町"}],"8177":[{"pref":"京都府","city":"京都市南区","town":"上鳥羽馬廻"}],"8178":[{"pref":"京都府","city":"京都市南区","town":"上鳥羽戒光"}],"8181":[{"pref":"京都府","city":"京都市南区","town":"上鳥羽堀子町"}],"8182":[{"pref":"京都府","city":"京都市南区","town":"上鳥羽北島田町"}],"8183":[{"pref":"京都府","city":"京都市南区","town":"上鳥羽南島田町"}],"8184":[{"pref":"京都府","city":"京都市南区","town":"上鳥羽南村山町"}],"8185":[{"pref":"京都府","city":"京都市南区","town":"上鳥羽戒光町"}],"8186":[{"pref":"京都府","city":"京都市南区","town":"上鳥羽北戒光町"}],"8187":[{"pref":"京都府","city":"京都市南区","town":"上鳥羽北村山町"}],"8188":[{"pref":"京都府","city":"京都市南区","town":"上鳥羽南中ノ坪町"}],"8201":[{"pref":"京都府","city":"京都市南区","town":"久世川原町"}],"8202":[{"pref":"京都府","city":"京都市南区","town":"久世大築町"}],"8203":[{"pref":"京都府","city":"京都市南区","town":"久世築山町"}],"8204":[{"pref":"京都府","city":"京都市南区","town":"久世東土川町"}],"8205":[{"pref":"京都府","city":"京都市南区","town":"久世殿城町"}],"8206":[{"pref":"京都府","city":"京都市南区","town":"久世大薮町"}],"8207":[{"pref":"京都府","city":"京都市南区","town":"久世中久町"}],"8211":[{"pref":"京都府","city":"京都市南区","town":"久世高田町"}],"8212":[{"pref":"京都府","city":"京都市南区","town":"久世上久世町"}],"8213":[{"pref":"京都府","city":"京都市南区","town":"久世中久世町"}],"8301":[{"pref":"京都府","city":"京都市南区","town":"吉祥院西ノ庄西浦町"}],"8302":[{"pref":"京都府","city":"京都市南区","town":"吉祥院西ノ庄渕ノ西町"}],"8303":[{"pref":"京都府","city":"京都市南区","town":"吉祥院西ノ庄西中町"}],"8304":[{"pref":"京都府","city":"京都市南区","town":"吉祥院前河原町"}],"8305":[{"pref":"京都府","city":"京都市南区","town":"吉祥院宮ノ東町"}],"8306":[{"pref":"京都府","city":"京都市南区","town":"吉祥院宮ノ西町"}],"8307":[{"pref":"京都府","city":"京都市南区","town":"吉祥院向田西町"}],"8308":[{"pref":"京都府","city":"京都市南区","town":"吉祥院向田東町"}],"8309":[{"pref":"京都府","city":"京都市南区","town":"吉祥院西ノ庄向田町"}],"8310":[{"pref":"京都府","city":"京都市南区","town":"吉祥院西ノ庄猪之馬場町"}],"8311":[{"pref":"京都府","city":"京都市南区","town":"吉祥院西ノ庄東屋敷町"}],"8312":[{"pref":"京都府","city":"京都市南区","town":"吉祥院西ノ庄門口町"}],"8313":[{"pref":"京都府","city":"京都市南区","town":"吉祥院中島町"}],"8314":[{"pref":"京都府","city":"京都市南区","town":"吉祥院井ノ口町"}],"8315":[{"pref":"京都府","city":"京都市南区","town":"吉祥院車道町"}],"8316":[{"pref":"京都府","city":"京都市南区","town":"吉祥院池ノ内町"}],"8317":[{"pref":"京都府","city":"京都市南区","town":"吉祥院新田弐ノ段町"}],"8318":[{"pref":"京都府","city":"京都市南区","town":"吉祥院三ノ宮西町"}],"8319":[{"pref":"京都府","city":"京都市南区","town":"吉祥院三ノ宮町"}],"8321":[{"pref":"京都府","city":"京都市南区","town":"吉祥院西定成町"}],"8322":[{"pref":"京都府","city":"京都市南区","town":"吉祥院定成町"}],"8323":[{"pref":"京都府","city":"京都市南区","town":"吉祥院春日町"}],"8324":[{"pref":"京都府","city":"京都市南区","town":"吉祥院落合町"}],"8325":[{"pref":"京都府","city":"京都市南区","town":"吉祥院八反田町"}],"8326":[{"pref":"京都府","city":"京都市南区","town":"吉祥院南落合町"}],"8327":[{"pref":"京都府","city":"京都市南区","town":"吉祥院御池町"}],"8328":[{"pref":"京都府","city":"京都市南区","town":"吉祥院九条町"}],"8329":[{"pref":"京都府","city":"京都市南区","town":"吉祥院清水町"}],"8330":[{"pref":"京都府","city":"京都市南区","town":"吉祥院船戸町"}],"8331":[{"pref":"京都府","city":"京都市南区","town":"吉祥院政所町"}],"8332":[{"pref":"京都府","city":"京都市南区","town":"吉祥院高畑町"}],"8333":[{"pref":"京都府","city":"京都市南区","town":"吉祥院東浦町"}],"8334":[{"pref":"京都府","city":"京都市南区","town":"吉祥院東砂ノ町"}],"8335":[{"pref":"京都府","city":"京都市南区","town":"吉祥院砂ノ町"}],"8336":[{"pref":"京都府","city":"京都市南区","town":"吉祥院菅原町"}],"8337":[{"pref":"京都府","city":"京都市南区","town":"吉祥院這登東町"}],"8338":[{"pref":"京都府","city":"京都市南区","town":"吉祥院西ノ内町"}],"8339":[{"pref":"京都府","city":"京都市南区","town":"吉祥院里ノ内町"}],"8341":[{"pref":"京都府","city":"京都市南区","town":"吉祥院前田町"}],"8342":[{"pref":"京都府","city":"京都市南区","town":"吉祥院東前田町"}],"8343":[{"pref":"京都府","city":"京都市南区","town":"吉祥院稲葉町"}],"8344":[{"pref":"京都府","city":"京都市南区","town":"吉祥院蒔絵町"}],"8345":[{"pref":"京都府","city":"京都市南区","town":"吉祥院蒔絵南町"}],"8346":[{"pref":"京都府","city":"京都市南区","town":"吉祥院池田南町"}],"8347":[{"pref":"京都府","city":"京都市南区","town":"吉祥院観音堂南町"}],"8348":[{"pref":"京都府","city":"京都市南区","town":"吉祥院観音堂町"}],"8349":[{"pref":"京都府","city":"京都市南区","town":"吉祥院池田町"}],"8351":[{"pref":"京都府","city":"京都市南区","town":"吉祥院這登西町"}],"8352":[{"pref":"京都府","city":"京都市南区","town":"吉祥院西浦町"}],"8353":[{"pref":"京都府","city":"京都市南区","town":"吉祥院這登中町"}],"8354":[{"pref":"京都府","city":"京都市南区","town":"吉祥院仁木ノ森町"}],"8355":[{"pref":"京都府","city":"京都市南区","town":"吉祥院石原堂ノ後町"}],"8356":[{"pref":"京都府","city":"京都市南区","town":"吉祥院石原京道町"}],"8357":[{"pref":"京都府","city":"京都市南区","town":"吉祥院石原堂ノ後西町"}],"8361":[{"pref":"京都府","city":"京都市南区","town":"吉祥院石原東之口"}],"8362":[{"pref":"京都府","city":"京都市南区","town":"吉祥院長田町"}],"8363":[{"pref":"京都府","city":"京都市南区","town":"吉祥院嶋野間詰町"}],"8364":[{"pref":"京都府","city":"京都市南区","town":"吉祥院石原南町"}],"8365":[{"pref":"京都府","city":"京都市南区","town":"吉祥院石原開町"}],"8366":[{"pref":"京都府","city":"京都市南区","town":"吉祥院石原西町"}],"8367":[{"pref":"京都府","city":"京都市南区","town":"吉祥院石原町"}],"8371":[{"pref":"京都府","city":"京都市南区","town":"吉祥院嶋樫山町"}],"8372":[{"pref":"京都府","city":"京都市南区","town":"吉祥院嶋高町"}],"8373":[{"pref":"京都府","city":"京都市南区","town":"吉祥院嶋出在家町"}],"8374":[{"pref":"京都府","city":"京都市南区","town":"吉祥院嶋笠井町"}],"8375":[{"pref":"京都府","city":"京都市南区","town":"吉祥院嶋西浦"}],"8376":[{"pref":"京都府","city":"京都市南区","town":"吉祥院嶋中ノ島"}],"8377":[{"pref":"京都府","city":"京都市南区","town":"吉祥院嶋堂ノ裏"}],"8378":[{"pref":"京都府","city":"京都市南区","town":"吉祥院嶋堤外"}],"8379":[{"pref":"京都府","city":"京都市南区","town":"吉祥院嶋川原田町"}],"8380":[{"pref":"京都府","city":"京都市南区","town":"吉祥院新田下ノ向町"}],"8381":[{"pref":"京都府","city":"京都市南区","town":"吉祥院西ノ茶屋町"}],"8382":[{"pref":"京都府","city":"京都市南区","town":"吉祥院石原上川原町"}],"8383":[{"pref":"京都府","city":"京都市南区","town":"吉祥院石原長田町"}],"8384":[{"pref":"京都府","city":"京都市南区","town":"吉祥院石原野上町"}],"8385":[{"pref":"京都府","city":"京都市南区","town":"吉祥院石原葭縁"}],"8386":[{"pref":"京都府","city":"京都市南区","town":"吉祥院石原割畑"}],"8387":[{"pref":"京都府","city":"京都市南区","town":"吉祥院石原橋裏"}],"8388":[{"pref":"京都府","city":"京都市南区","town":"吉祥院石原西ノ開町"}],"8389":[{"pref":"京都府","city":"京都市南区","town":"吉祥院石原橋上"}],"8390":[{"pref":"京都府","city":"京都市南区","town":"吉祥院流作町"}],"8391":[{"pref":"京都府","city":"京都市南区","town":"吉祥院大河原町"}],"8392":[{"pref":"京都府","city":"京都市南区","town":"吉祥院内河原町"}],"8393":[{"pref":"京都府","city":"京都市南区","town":"吉祥院中河原里西町"}],"8394":[{"pref":"京都府","city":"京都市南区","town":"吉祥院中河原里北町"}],"8395":[{"pref":"京都府","city":"京都市南区","town":"吉祥院中河原西屋敷町"}],"8396":[{"pref":"京都府","city":"京都市南区","town":"吉祥院中河原里南町"}],"8397":[{"pref":"京都府","city":"京都市南区","town":"吉祥院新田壱ノ段町"}],"8398":[{"pref":"京都府","city":"京都市南区","town":"吉祥院新田参ノ段町"}],"8399":[{"pref":"京都府","city":"京都市南区","town":"吉祥院堤外町"}],"8401":[{"pref":"京都府","city":"京都市南区","town":"塩屋町"}],"8402":[{"pref":"京都府","city":"京都市南区","town":"大黒町"}],"8403":[{"pref":"京都府","city":"京都市南区","town":"古御旅町"}],"8404":[{"pref":"京都府","city":"京都市南区","town":"西九条小寺町"}],"8405":[{"pref":"京都府","city":"京都市南区","town":"西九条戒光寺町"}],"8406":[{"pref":"京都府","city":"京都市南区","town":"戒光寺町"}],"8407":[{"pref":"京都府","city":"京都市南区","town":"西九条寺ノ前町"}],"8411":[{"pref":"京都府","city":"京都市南区","town":"西九条北ノ内町"}],"8412":[{"pref":"京都府","city":"京都市南区","town":"西九条院町"}],"8413":[{"pref":"京都府","city":"京都市南区","town":"西九条春日町"}],"8414":[{"pref":"京都府","city":"京都市南区","town":"西九条蔵王町"}],"8415":[{"pref":"京都府","city":"京都市南区","town":"西九条西蔵王町"}],"8416":[{"pref":"京都府","city":"京都市南区","town":"西九条池ノ内町"}],"8417":[{"pref":"京都府","city":"京都市南区","town":"西九条鳥居口町"}],"8421":[{"pref":"京都府","city":"京都市南区","town":"西九条藤ノ木町"}],"8422":[{"pref":"京都府","city":"京都市南区","town":"西九条針小路町"}],"8423":[{"pref":"京都府","city":"京都市南区","town":"西九条唐橋町"}],"8424":[{"pref":"京都府","city":"京都市南区","town":"西九条川原城町"}],"8425":[{"pref":"京都府","city":"京都市南区","town":"西九条南小路町"}],"8426":[{"pref":"京都府","city":"京都市南区","town":"西九条猪熊町"}],"8427":[{"pref":"京都府","city":"京都市南区","town":"西九条横町"}],"8428":[{"pref":"京都府","city":"京都市南区","town":"東寺東門前町"}],"8431":[{"pref":"京都府","city":"京都市南区","town":"西九条島町"}],"8432":[{"pref":"京都府","city":"京都市南区","town":"西九条東島町"}],"8433":[{"pref":"京都府","city":"京都市南区","town":"西九条東柳ノ内町"}],"8434":[{"pref":"京都府","city":"京都市南区","town":"西九条仏現寺町"}],"8435":[{"pref":"京都府","city":"京都市南区","town":"西九条柳ノ内町"}],"8436":[{"pref":"京都府","city":"京都市南区","town":"西九条西柳ノ内町"}],"8437":[{"pref":"京都府","city":"京都市南区","town":"西九条比永城町"}],"8438":[{"pref":"京都府","city":"京都市南区","town":"西九条東比永城町"}],"8439":[{"pref":"京都府","city":"京都市南区","town":"西九条開ケ町"}],"8441":[{"pref":"京都府","city":"京都市南区","town":"西九条南田町"}],"8442":[{"pref":"京都府","city":"京都市南区","town":"西九条御幸田町"}],"8443":[{"pref":"京都府","city":"京都市南区","town":"西九条東御幸田町"}],"8444":[{"pref":"京都府","city":"京都市南区","town":"西九条森本町"}],"8445":[{"pref":"京都府","city":"京都市南区","town":"西九条菅田町"}],"8446":[{"pref":"京都府","city":"京都市南区","town":"西九条高畠町"}],"8447":[{"pref":"京都府","city":"京都市南区","town":"西九条唐戸町"}],"8448":[{"pref":"京都府","city":"京都市南区","town":"西九条豊田町"}],"8449":[{"pref":"京都府","city":"京都市南区","town":"西九条大国町"}],"8451":[{"pref":"京都府","city":"京都市南区","town":"唐橋川久保町"}],"8452":[{"pref":"京都府","city":"京都市南区","town":"唐橋堂ノ前町"}],"8453":[{"pref":"京都府","city":"京都市南区","town":"唐橋羅城門町"}],"8454":[{"pref":"京都府","city":"京都市南区","town":"唐橋経田町"}],"8455":[{"pref":"京都府","city":"京都市南区","town":"唐橋芦辺町"}],"8456":[{"pref":"京都府","city":"京都市南区","town":"唐橋南琵琶町"}],"8457":[{"pref":"京都府","city":"京都市南区","town":"唐橋琵琶町"}],"8461":[{"pref":"京都府","city":"京都市南区","town":"唐橋門脇町"}],"8462":[{"pref":"京都府","city":"京都市南区","town":"唐橋井園町"}],"8463":[{"pref":"京都府","city":"京都市南区","town":"唐橋赤金町"}],"8464":[{"pref":"京都府","city":"京都市南区","town":"唐橋高田町"}],"8465":[{"pref":"京都府","city":"京都市南区","town":"唐橋花園町"}],"8466":[{"pref":"京都府","city":"京都市南区","town":"唐橋西寺町"}],"8467":[{"pref":"京都府","city":"京都市南区","town":"唐橋大宮尻町"}],"8468":[{"pref":"京都府","city":"京都市南区","town":"唐橋西平垣町"}],"8469":[{"pref":"京都府","city":"京都市南区","town":"唐橋平垣町"}],"8471":[{"pref":"京都府","city":"京都市南区","town":"八条町"}],"8472":[{"pref":"京都府","city":"京都市南区","town":"八条坊門町"}],"8473":[{"pref":"京都府","city":"京都市南区","town":"九条町"}],"8474":[{"pref":"京都府","city":"京都市南区","town":"四ツ塚町"}],"8475":[{"pref":"京都府","city":"京都市南区","town":"八条内田町"}],"8476":[{"pref":"京都府","city":"京都市南区","town":"八条寺内町"}],"8477":[{"pref":"京都府","city":"京都市南区","town":"八条源町"}],"8478":[{"pref":"京都府","city":"京都市南区","town":"東寺町"}],"0142":[{"pref":"京都府","city":"京都市北区","town":"大森芦堂町"}],"0141":[{"pref":"京都府","city":"京都市北区","town":"大森稲荷"}],"0143":[{"pref":"京都府","city":"京都市北区","town":"大森中町"}],"0144":[{"pref":"京都府","city":"京都市北区","town":"大森西町"}],"0145":[{"pref":"京都府","city":"京都市北区","town":"大森東町"}],"0134":[{"pref":"京都府","city":"京都市北区","town":"小野岩戸"}],"0133":[{"pref":"京都府","city":"京都市北区","town":"小野上ノ町"}],"0131":[{"pref":"京都府","city":"京都市北区","town":"小野下ノ町"}],"0132":[{"pref":"京都府","city":"京都市北区","town":"小野中ノ町"}],"0135":[{"pref":"京都府","city":"京都市北区","town":"小野宮ノ上町"}],"0111":[{"pref":"京都府","city":"京都市北区","town":"杉阪北尾"}],"0113":[{"pref":"京都府","city":"京都市北区","town":"杉阪道風町"}],"0112":[{"pref":"京都府","city":"京都市北区","town":"杉阪都町"}],"0125":[{"pref":"京都府","city":"京都市北区","town":"中川川登"}],"0122":[{"pref":"京都府","city":"京都市北区","town":"中川北山町"}],"0124":[{"pref":"京都府","city":"京都市北区","town":"中川中山"}],"0123":[{"pref":"京都府","city":"京都市北区","town":"中川西山"}],"0121":[{"pref":"京都府","city":"京都市北区","town":"中川東山"}],"0102":[{"pref":"京都府","city":"京都市北区","town":"真弓善福"}],"0101":[{"pref":"京都府","city":"京都市北区","town":"真弓八幡町"}],"0000":[{"pref":"京都府","city":"京都市南区","town":"以下に掲載がない場合"}],"0541":[{"pref":"京都府","city":"京都市右京区","town":"京北赤石町"}],"0273":[{"pref":"京都府","city":"京都市右京区","town":"京北明石町"}],"0274":[{"pref":"京都府","city":"京都市右京区","town":"京北浅江町"}],"0535":[{"pref":"京都府","city":"京都市右京区","town":"京北井崎町"}],"0313":[{"pref":"京都府","city":"京都市右京区","town":"京北井戸町"}],"0275":[{"pref":"京都府","city":"京都市右京区","town":"京北宇野町"}],"0277":[{"pref":"京都府","city":"京都市右京区","town":"京北漆谷町"}],"0314":[{"pref":"京都府","city":"京都市右京区","town":"京北大野町"}],"0311":[{"pref":"京都府","city":"京都市右京区","town":"京北小塩町"}],"0261":[{"pref":"京都府","city":"京都市右京区","town":"京北柏原町"}],"0401":[{"pref":"京都府","city":"京都市右京区","town":"京北片波町"}],"0402":[{"pref":"京都府","city":"京都市右京区","town":"京北上黒田町"}],"0532":[{"pref":"京都府","city":"京都市右京区","town":"京北上中町"}],"0531":[{"pref":"京都府","city":"京都市右京区","town":"京北上弓削町"}],"0271":[{"pref":"京都府","city":"京都市右京区","town":"京北熊田町"}],"0252":[{"pref":"京都府","city":"京都市右京区","town":"京北五本松町"}],"0536":[{"pref":"京都府","city":"京都市右京区","town":"京北塩田町"}],"0543":[{"pref":"京都府","city":"京都市右京区","town":"京北室谷町"}],"0266":[{"pref":"京都府","city":"京都市右京区","town":"京北下宇津町"}],"0272":[{"pref":"京都府","city":"京都市右京区","town":"京北下熊田町"}],"0405":[{"pref":"京都府","city":"京都市右京区","town":"京北下黒田町"}],"0324":[{"pref":"京都府","city":"京都市右京区","town":"京北下町"}],"0533":[{"pref":"京都府","city":"京都市右京区","town":"京北下中町"}],"0534":[{"pref":"京都府","city":"京都市右京区","town":"京北下弓削町"}],"0251":[{"pref":"京都府","city":"京都市右京区","town":"京北周山町"}],"0404":[{"pref":"京都府","city":"京都市右京区","town":"京北芹生町"}],"0542":[{"pref":"京都府","city":"京都市右京区","town":"京北田貫町"}],"0265":[{"pref":"京都府","city":"京都市右京区","town":"京北中地町"}],"0322":[{"pref":"京都府","city":"京都市右京区","town":"京北辻町"}],"0321":[{"pref":"京都府","city":"京都市右京区","town":"京北塔町"}],"0264":[{"pref":"京都府","city":"京都市右京区","town":"京北栃本町"}],"0323":[{"pref":"京都府","city":"京都市右京区","town":"京北鳥居町"}],"0315":[{"pref":"京都府","city":"京都市右京区","town":"京北中江町"}],"0276":[{"pref":"京都府","city":"京都市右京区","town":"京北西町"}],"0403":[{"pref":"京都府","city":"京都市右京区","town":"京北灰屋町"}],"0312":[{"pref":"京都府","city":"京都市右京区","town":"京北初川町"}],"0316":[{"pref":"京都府","city":"京都市右京区","town":"京北比賀江町"}],"0262":[{"pref":"京都府","city":"京都市右京区","town":"京北細野町"}],"0406":[{"pref":"京都府","city":"京都市右京区","town":"京北宮町"}],"0278":[{"pref":"京都府","city":"京都市右京区","town":"京北矢代中町"}],"0263":[{"pref":"京都府","city":"京都市右京区","town":"京北弓槻町"}],"0722":[{"pref":"京都府","city":"南丹市","town":"美山町安掛"}],"0703":[{"pref":"京都府","city":"南丹市","town":"美山町芦生"}],"0723":[{"pref":"京都府","city":"南丹市","town":"美山町荒倉"}],"0754":[{"pref":"京都府","city":"南丹市","town":"美山町和泉"}],"0742":[{"pref":"京都府","city":"南丹市","town":"美山町板橋"}],"0724":[{"pref":"京都府","city":"南丹市","town":"美山町内久保"}],"0701":[{"pref":"京都府","city":"南丹市","town":"美山町江和"}],"0772":[{"pref":"京都府","city":"南丹市","town":"美山町大野"}],"0778":[{"pref":"京都府","city":"南丹市","town":"美山町音海"}],"0775":[{"pref":"京都府","city":"南丹市","town":"美山町小渕"}],"0777":[{"pref":"京都府","city":"南丹市","town":"美山町樫原"}],"0721":[{"pref":"京都府","city":"南丹市","town":"美山町上平屋"}],"0771":[{"pref":"京都府","city":"南丹市","town":"美山町萱野"}],"0714":[{"pref":"京都府","city":"南丹市","town":"美山町河内谷"}],"0712":[{"pref":"京都府","city":"南丹市","town":"美山町北"}],"0705":[{"pref":"京都府","city":"南丹市","town":"美山町佐々里"}],"0755":[{"pref":"京都府","city":"南丹市","town":"美山町静原"}],"0751":[{"pref":"京都府","city":"南丹市","town":"美山町島"}],"0715":[{"pref":"京都府","city":"南丹市","town":"美山町下"}],"0732":[{"pref":"京都府","city":"南丹市","town":"美山町下平屋"}],"0744":[{"pref":"京都府","city":"南丹市","town":"美山町下吉田"}],"0753":[{"pref":"京都府","city":"南丹市","town":"美山町上司"}],"0704":[{"pref":"京都府","city":"南丹市","town":"美山町白石"}],"0702":[{"pref":"京都府","city":"南丹市","town":"美山町田歌"}],"0761":[{"pref":"京都府","city":"南丹市","town":"美山町高野"}],"0716":[{"pref":"京都府","city":"南丹市","town":"美山町知見"}],"0762":[{"pref":"京都府","city":"南丹市","town":"美山町鶴ケ岡"}],"0763":[{"pref":"京都府","city":"南丹市","town":"美山町豊郷"}],"0713":[{"pref":"京都府","city":"南丹市","town":"美山町中"}],"0734":[{"pref":"京都府","city":"南丹市","town":"美山町長尾"}],"0752":[{"pref":"京都府","city":"南丹市","town":"美山町長谷"}],"0733":[{"pref":"京都府","city":"南丹市","town":"美山町野添"}],"0741":[{"pref":"京都府","city":"南丹市","town":"美山町原"}],"0774":[{"pref":"京都府","city":"南丹市","town":"美山町肱谷"}],"0735":[{"pref":"京都府","city":"南丹市","town":"美山町深見"}],"0765":[{"pref":"京都府","city":"南丹市","town":"美山町福居"}],"0731":[{"pref":"京都府","city":"南丹市","town":"美山町又林"}],"0773":[{"pref":"京都府","city":"南丹市","town":"美山町三埜"}],"0711":[{"pref":"京都府","city":"南丹市","town":"美山町南"}],"0743":[{"pref":"京都府","city":"南丹市","town":"美山町宮脇"}],"0776":[{"pref":"京都府","city":"南丹市","town":"美山町向山"}],"0764":[{"pref":"京都府","city":"南丹市","town":"美山町盛郷"}]}