{"0000":[{"pref":"新潟県","city":"新発田市","town":"以下に掲載がない場合"}],"0045":[{"pref":"新潟県","city":"新発田市","town":"荒川"}],"0084":[{"pref":"新潟県","city":"新発田市","town":"飯島甲"}],"0085":[{"pref":"新潟県","city":"新発田市","town":"飯島乙"}],"0086":[{"pref":"新潟県","city":"新発田市","town":"飯島新田"}],"0353":[{"pref":"新潟県","city":"新発田市","town":"石喜"}],"0021":[{"pref":"新潟県","city":"新発田市","town":"五十公野"}],"0013":[{"pref":"新潟県","city":"新発田市","town":"板敷"}],"0344":[{"pref":"新潟県","city":"新発田市","town":"板山"}],"0204":[{"pref":"新潟県","city":"新発田市","town":"稲荷岡"}],"0035":[{"pref":"新潟県","city":"新発田市","town":"丑首"}],"0042":[{"pref":"新潟県","city":"新発田市","town":"浦"}],"0041":[{"pref":"新潟県","city":"新発田市","town":"浦新田"}],"0037":[{"pref":"新潟県","city":"新発田市","town":"江口"}],"0043":[{"pref":"新潟県","city":"新発田市","town":"大崎"}],"0091":[{"pref":"新潟県","city":"新発田市","town":"太田新田"}],"0465":[{"pref":"新潟県","city":"新発田市","town":"大槻"}],"0052":[{"pref":"新潟県","city":"新発田市","town":"大手町"}],"0347":[{"pref":"新潟県","city":"新発田市","town":"大友"}],"0217":[{"pref":"新潟県","city":"新発田市","town":"大中島"}],"0356":[{"pref":"新潟県","city":"新発田市","town":"岡田"}],"0224":[{"pref":"新潟県","city":"新発田市","town":"小川"}],"0064":[{"pref":"新潟県","city":"新発田市","town":"奥山新保"}],"0345":[{"pref":"新潟県","city":"新発田市","town":"小戸"}],"0031":[{"pref":"新潟県","city":"新発田市","town":"小友"}],"0034":[{"pref":"新潟県","city":"新発田市","town":"小見"}],"0212":[{"pref":"新潟県","city":"新発田市","town":"片桐"}],"0014":[{"pref":"新潟県","city":"新発田市","town":"金谷"}],"0464":[{"pref":"新潟県","city":"新発田市","town":"上赤谷"}],"0334":[{"pref":"新潟県","city":"新発田市","town":"上楠川"}],"0331":[{"pref":"新潟県","city":"新発田市","town":"上三光"}],"0024":[{"pref":"新潟県","city":"新発田市","town":"上新保"}],"0025":[{"pref":"新潟県","city":"新発田市","town":"上内竹"}],"0081":[{"pref":"新潟県","city":"新発田市","town":"上中沢"}],"0046":[{"pref":"新潟県","city":"新発田市","town":"上中山"}],"0343":[{"pref":"新潟県","city":"新発田市","town":"上羽津"}],"0074":[{"pref":"新潟県","city":"新発田市","town":"北蓑口"}],"0003":[{"pref":"新潟県","city":"新発田市","town":"桑ノ口"}],"0202":[{"pref":"新潟県","city":"新発田市","town":"古田"}],"0007":[{"pref":"新潟県","city":"新発田市","town":"小舟町"}],"0082":[{"pref":"新潟県","city":"新発田市","town":"佐々木"}],"0011":[{"pref":"新潟県","city":"新発田市","town":"島潟"}],"0335":[{"pref":"新潟県","city":"新発田市","town":"下楠川"}],"0083":[{"pref":"新潟県","city":"新発田市","town":"下興野"}],"0336":[{"pref":"新潟県","city":"新発田市","town":"下三光"}],"0023":[{"pref":"新潟県","city":"新発田市","town":"下新保"}],"0354":[{"pref":"新潟県","city":"新発田市","town":"下高関"}],"0026":[{"pref":"新潟県","city":"新発田市","town":"下内竹"}],"0203":[{"pref":"新潟県","city":"新発田市","town":"下中沢"}],"0341":[{"pref":"新潟県","city":"新発田市","town":"下羽津"}],"0051":[{"pref":"新潟県","city":"新発田市","town":"城北町"}],"0063":[{"pref":"新潟県","city":"新発田市","town":"新栄町"}],"0017":[{"pref":"新潟県","city":"新発田市","town":"新富町"}],"0087":[{"pref":"新潟県","city":"新発田市","town":"砂山"}],"0215":[{"pref":"新潟県","city":"新発田市","town":"住吉"}],"0061":[{"pref":"新潟県","city":"新発田市","town":"住吉町"}],"0055":[{"pref":"新潟県","city":"新発田市","town":"諏訪町"}],"0205":[{"pref":"新潟県","city":"新発田市","town":"関井"}],"0071":[{"pref":"新潟県","city":"新発田市","town":"曽根"}],"0056":[{"pref":"新潟県","city":"新発田市","town":"大栄町"}],"0333":[{"pref":"新潟県","city":"新発田市","town":"田貝"}],"0213":[{"pref":"新潟県","city":"新発田市","town":"高島"}],"0462":[{"pref":"新潟県","city":"新発田市","town":"滝谷"}],"0053":[{"pref":"新潟県","city":"新発田市","town":"中央町"}],"0221":[{"pref":"新潟県","city":"新発田市","town":"長者館"}],"0355":[{"pref":"新潟県","city":"新発田市","town":"敦賀"}],"0001":[{"pref":"新潟県","city":"新発田市","town":"道賀"}],"0015":[{"pref":"新潟県","city":"新発田市","town":"東新町"}],"0207":[{"pref":"新潟県","city":"新発田市","town":"富島"}],"0062":[{"pref":"新潟県","city":"新発田市","town":"富塚町"}],"0332":[{"pref":"新潟県","city":"新発田市","town":"虎丸"}],"0092":[{"pref":"新潟県","city":"新発田市","town":"鳥穴"}],"0214":[{"pref":"新潟県","city":"新発田市","town":"中島"}],"0223":[{"pref":"新潟県","city":"新発田市","town":"長島"}],"0067":[{"pref":"新潟県","city":"新発田市","town":"中曽根町"}],"0006":[{"pref":"新潟県","city":"新発田市","town":"中田町"}],"0461":[{"pref":"新潟県","city":"新発田市","town":"中々山"}],"0222":[{"pref":"新潟県","city":"新発田市","town":"中野"}],"0005":[{"pref":"新潟県","city":"新発田市","town":"長畑"}],"0002":[{"pref":"新潟県","city":"新発田市","town":"中谷内"}],"0058":[{"pref":"新潟県","city":"新発田市","town":"西園町"}],"0004":[{"pref":"新潟県","city":"新発田市","town":"西名柄"}],"0357":[{"pref":"新潟県","city":"新発田市","town":"西姫田"}],"0075":[{"pref":"新潟県","city":"新発田市","town":"西蓑口"}],"0076":[{"pref":"新潟県","city":"新発田市","town":"西宮内"}],"0077":[{"pref":"新潟県","city":"新発田市","town":"則清"}],"0078":[{"pref":"新潟県","city":"新発田市","town":"則清新田"}],"0463":[{"pref":"新潟県","city":"新発田市","town":"東赤谷"}],"0012":[{"pref":"新潟県","city":"新発田市","town":"東塚ノ目"}],"0351":[{"pref":"新潟県","city":"新発田市","town":"東姫田"}],"0235":[{"pref":"新潟県","city":"新発田市","town":"人橋"}],"0072":[{"pref":"新潟県","city":"新発田市","town":"日渡"}],"0206":[{"pref":"新潟県","city":"新発田市","town":"福岡"}],"0231":[{"pref":"新潟県","city":"新発田市","town":"藤塚浜"}],"0234":[{"pref":"新潟県","city":"新発田市","town":"二ツ山"}],"0066":[{"pref":"新潟県","city":"新発田市","town":"舟入"}],"0065":[{"pref":"新潟県","city":"新発田市","town":"舟入町"}],"0022":[{"pref":"新潟県","city":"新発田市","town":"古寺"}],"0047":[{"pref":"新潟県","city":"新発田市","town":"法正橋"}],"0054":[{"pref":"新潟県","city":"新発田市","town":"本町"}],"0342":[{"pref":"新潟県","city":"新発田市","town":"本間新田"}],"0044":[{"pref":"新潟県","city":"新発田市","town":"松岡"}],"0201":[{"pref":"新潟県","city":"新発田市","town":"真中"}],"0233":[{"pref":"新潟県","city":"新発田市","town":"真野原"}],"0232":[{"pref":"新潟県","city":"新発田市","town":"真野原外"}],"0073":[{"pref":"新潟県","city":"新発田市","town":"弓越"}],"0048":[{"pref":"新潟県","city":"新発田市","town":"瑞波"}],"0018":[{"pref":"新潟県","city":"新発田市","town":"緑町"}],"0352":[{"pref":"新潟県","city":"新発田市","town":"南楯"}],"0216":[{"pref":"新潟県","city":"新発田市","town":"南成田"}],"0346":[{"pref":"新潟県","city":"新発田市","town":"宮古木"}],"0226":[{"pref":"新潟県","city":"新発田市","town":"宮吉"}],"0057":[{"pref":"新潟県","city":"新発田市","town":"御幸町"}],"0027":[{"pref":"新潟県","city":"新発田市","town":"六日町"}],"0236":[{"pref":"新潟県","city":"新発田市","town":"元郷"}],"0466":[{"pref":"新潟県","city":"新発田市","town":"山内"}],"0028":[{"pref":"新潟県","city":"新発田市","town":"山崎"}],"0033":[{"pref":"新潟県","city":"新発田市","town":"八幡"}],"0032":[{"pref":"新潟県","city":"新発田市","town":"八幡新田"}],"0016":[{"pref":"新潟県","city":"新発田市","town":"豊町"}],"0036":[{"pref":"新潟県","city":"新発田市","town":"米倉"}],"0225":[{"pref":"新潟県","city":"新発田市","town":"米子"}],"0100":[{"pref":"新潟県","city":"北蒲原郡聖籠町","town":"以下に掲載がない場合"}],"0103":[{"pref":"新潟県","city":"北蒲原郡聖籠町","town":"網代浜"}],"0102":[{"pref":"新潟県","city":"北蒲原郡聖籠町","town":"位守町"}],"0113":[{"pref":"新潟県","city":"北蒲原郡聖籠町","town":"上大谷内"}],"0104":[{"pref":"新潟県","city":"北蒲原郡聖籠町","town":"亀塚"}],"0122":[{"pref":"新潟県","city":"北蒲原郡聖籠町","town":"三賀"}],"0105":[{"pref":"新潟県","city":"北蒲原郡聖籠町","town":"次第浜"}],"0117":[{"pref":"新潟県","city":"北蒲原郡聖籠町","town":"諏訪山"}],"0121":[{"pref":"新潟県","city":"北蒲原郡聖籠町","town":"大夫"}],"0126":[{"pref":"新潟県","city":"北蒲原郡聖籠町","town":"大夫興野"}],"0112":[{"pref":"新潟県","city":"北蒲原郡聖籠町","town":"道賀新田"}],"0123":[{"pref":"新潟県","city":"北蒲原郡聖籠町","town":"二本松"}],"0106":[{"pref":"新潟県","city":"北蒲原郡聖籠町","town":"蓮潟"}],"0124":[{"pref":"新潟県","city":"北蒲原郡聖籠町","town":"蓮野"}],"0101":[{"pref":"新潟県","city":"北蒲原郡聖籠町","town":"東港"}],"0127":[{"pref":"新潟県","city":"北蒲原郡聖籠町","town":"藤寄"}],"0125":[{"pref":"新潟県","city":"北蒲原郡聖籠町","town":"別條"}],"0111":[{"pref":"新潟県","city":"北蒲原郡聖籠町","town":"真野"}],"0114":[{"pref":"新潟県","city":"北蒲原郡聖籠町","town":"丸潟"}],"0115":[{"pref":"新潟県","city":"北蒲原郡聖籠町","town":"桃山"}],"0116":[{"pref":"新潟県","city":"北蒲原郡聖籠町","town":"山倉"}]}