{"0000":[{"pref":"広島県","city":"広島市南区","town":"以下に掲載がない場合"}],"0053":[{"pref":"広島県","city":"広島市南区","town":"青崎"}],"0036":[{"pref":"広島県","city":"広島市南区","town":"旭"}],"0011":[{"pref":"広島県","city":"広島市南区","town":"宇品海岸"}],"0004":[{"pref":"広島県","city":"広島市南区","town":"宇品神田"}],"0015":[{"pref":"広島県","city":"広島市南区","town":"宇品御幸"}],"0003":[{"pref":"広島県","city":"広島市南区","town":"宇品東"}],"0014":[{"pref":"広島県","city":"広島市南区","town":"宇品西"}],"0016":[{"pref":"広島県","city":"広島市南区","town":"宇品町"}],"0041":[{"pref":"広島県","city":"広島市南区","town":"黄金山町"}],"0037":[{"pref":"広島県","city":"広島市南区","town":"霞"}],"0021":[{"pref":"広島県","city":"広島市南区","town":"上東雲町"}],"0042":[{"pref":"広島県","city":"広島市南区","town":"北大河町"}],"0032":[{"pref":"広島県","city":"広島市南区","town":"楠那町"}],"0064":[{"pref":"広島県","city":"広島市南区","town":"小磯町"}],"0022":[{"pref":"広島県","city":"広島市南区","town":"東雲"}],"0023":[{"pref":"広島県","city":"広島市南区","town":"東雲本町"}],"0033":[{"pref":"広島県","city":"広島市南区","town":"丹那新町"}],"0034":[{"pref":"広島県","city":"広島市南区","town":"丹那町"}],"0054":[{"pref":"広島県","city":"広島市南区","town":"月見町"}],"0001":[{"pref":"広島県","city":"広島市南区","town":"出汐"}],"0013":[{"pref":"広島県","city":"広島市南区","town":"出島"}],"0002":[{"pref":"広島県","city":"広島市南区","town":"西旭町"}],"0044":[{"pref":"広島県","city":"広島市南区","town":"西霞町"}],"0045":[{"pref":"広島県","city":"広島市南区","town":"西本浦町"}],"0006":[{"pref":"広島県","city":"広島市南区","town":"西翠町"}],"0017":[{"pref":"広島県","city":"広島市南区","town":"似島町"}],"0026":[{"pref":"広島県","city":"広島市南区","town":"仁保"}],"0057":[{"pref":"広島県","city":"広島市南区","town":"仁保沖町"}],"0024":[{"pref":"広島県","city":"広島市南区","town":"仁保新町"}],"0027":[{"pref":"広島県","city":"広島市南区","town":"仁保南"}],"0031":[{"pref":"広島県","city":"広島市南区","town":"日宇那町"}],"0051":[{"pref":"広島県","city":"広島市南区","town":"東青崎町"}],"0046":[{"pref":"広島県","city":"広島市南区","town":"東霞町"}],"0025":[{"pref":"広島県","city":"広島市南区","town":"東本浦町"}],"0052":[{"pref":"広島県","city":"広島市南区","town":"堀越"}],"0047":[{"pref":"広島県","city":"広島市南区","town":"本浦町"}],"0005":[{"pref":"広島県","city":"広島市南区","town":"翠"}],"0043":[{"pref":"広島県","city":"広島市南区","town":"南大河町"}],"0007":[{"pref":"広島県","city":"広島市南区","town":"皆実町"}],"0063":[{"pref":"広島県","city":"広島市南区","town":"向洋大原町"}],"0056":[{"pref":"広島県","city":"広島市南区","town":"向洋沖町"}],"0055":[{"pref":"広島県","city":"広島市南区","town":"向洋新町"}],"0061":[{"pref":"広島県","city":"広島市南区","town":"向洋中町"}],"0062":[{"pref":"広島県","city":"広島市南区","town":"向洋本町"}],"0012":[{"pref":"広島県","city":"広島市南区","town":"元宇品町"}],"0035":[{"pref":"広島県","city":"広島市南区","town":"山城町"}],"0103":[{"pref":"広島県","city":"呉市","town":"豊浜町斎島"}],"0102":[{"pref":"広島県","city":"呉市","town":"豊浜町大浜"}],"0101":[{"pref":"広島県","city":"呉市","town":"豊浜町豊島"}],"0301":[{"pref":"広島県","city":"呉市","town":"豊町大長"}],"0303":[{"pref":"広島県","city":"呉市","town":"豊町沖友"}],"0304":[{"pref":"広島県","city":"呉市","town":"豊町久比"}],"0302":[{"pref":"広島県","city":"呉市","town":"豊町御手洗"}]}