{"1141":[{"pref":"福島県","city":"いわき市","town":"好間町愛谷"}],"1142":[{"pref":"福島県","city":"いわき市","town":"好間町今新田"}],"1143":[{"pref":"福島県","city":"いわき市","town":"好間町小谷作"}],"1144":[{"pref":"福島県","city":"いわき市","town":"好間工業団地"}],"1145":[{"pref":"福島県","city":"いわき市","town":"好間町北好間"}],"1146":[{"pref":"福島県","city":"いわき市","town":"好間町榊小屋"}],"1147":[{"pref":"福島県","city":"いわき市","town":"好間町大利"}],"1151":[{"pref":"福島県","city":"いわき市","town":"好間町下好間"}],"1152":[{"pref":"福島県","city":"いわき市","town":"好間町中好間"}],"1153":[{"pref":"福島県","city":"いわき市","town":"好間町上好間"}],"1261":[{"pref":"福島県","city":"いわき市","town":"三和町渡戸（その他）"}],"1262":[{"pref":"福島県","city":"いわき市","town":"三和町上永井"}],"1263":[{"pref":"福島県","city":"いわき市","town":"三和町下永井"}],"1264":[{"pref":"福島県","city":"いわき市","town":"三和町合戸"}],"1361":[{"pref":"福島県","city":"いわき市","town":"三和町渡戸（川前）"}],"1371":[{"pref":"福島県","city":"いわき市","town":"三和町中寺"}],"1372":[{"pref":"福島県","city":"いわき市","town":"三和町下市萱"}],"1373":[{"pref":"福島県","city":"いわき市","town":"三和町上市萱"}],"1374":[{"pref":"福島県","city":"いわき市","town":"三和町上三坂"}],"1375":[{"pref":"福島県","city":"いわき市","town":"三和町中三坂"}],"1376":[{"pref":"福島県","city":"いわき市","town":"三和町下三坂"}],"1377":[{"pref":"福島県","city":"いわき市","town":"三和町差塩"}],"8001":[{"pref":"福島県","city":"いわき市","town":"平上平窪"}],"8002":[{"pref":"福島県","city":"いわき市","town":"平中平窪"}],"8003":[{"pref":"福島県","city":"いわき市","town":"平下平窪"}],"8004":[{"pref":"福島県","city":"いわき市","town":"平下平窪中島町"}],"8005":[{"pref":"福島県","city":"いわき市","town":"平下平窪古川町"}],"8006":[{"pref":"福島県","city":"いわき市","town":"平下平窪山土内町"}],"8007":[{"pref":"福島県","city":"いわき市","town":"平中平窪新町"}],"8008":[{"pref":"福島県","city":"いわき市","town":"平中平窪細田町"}],"8011":[{"pref":"福島県","city":"いわき市","town":"平上片寄"}],"8012":[{"pref":"福島県","city":"いわき市","town":"平下片寄"}],"8013":[{"pref":"福島県","city":"いわき市","town":"平大室"}],"8014":[{"pref":"福島県","city":"いわき市","town":"平幕ノ内"}],"8015":[{"pref":"福島県","city":"いわき市","town":"好間町川中子"}],"8016":[{"pref":"福島県","city":"いわき市","town":"平中塩"}],"8017":[{"pref":"福島県","city":"いわき市","town":"石森"}],"8018":[{"pref":"福島県","city":"いわき市","town":"平四ツ波"}],"8021":[{"pref":"福島県","city":"いわき市","town":"平中神谷"}],"8022":[{"pref":"福島県","city":"いわき市","town":"平塩"}],"8023":[{"pref":"福島県","city":"いわき市","town":"平鎌田"}],"8024":[{"pref":"福島県","city":"いわき市","town":"平北白土"}],"8025":[{"pref":"福島県","city":"いわき市","town":"平南白土"}],"8026":[{"pref":"福島県","city":"いわき市","town":"平"}],"8027":[{"pref":"福島県","city":"いわき市","town":"平鯨岡"}],"8028":[{"pref":"福島県","city":"いわき市","town":"平上神谷"}],"8031":[{"pref":"福島県","city":"いわき市","town":"平中山"}],"8032":[{"pref":"福島県","city":"いわき市","town":"平下荒川"}],"8033":[{"pref":"福島県","city":"いわき市","town":"自由ケ丘"}],"8034":[{"pref":"福島県","city":"いわき市","town":"平上荒川"}],"8035":[{"pref":"福島県","city":"いわき市","town":"明治団地"}],"8036":[{"pref":"福島県","city":"いわき市","town":"平谷川瀬"}],"8041":[{"pref":"福島県","city":"いわき市","town":"平小泉"}],"8042":[{"pref":"福島県","city":"いわき市","town":"平上高久"}],"8043":[{"pref":"福島県","city":"いわき市","town":"中央台鹿島"}],"8044":[{"pref":"福島県","city":"いわき市","town":"中央台飯野"}],"8045":[{"pref":"福島県","city":"いわき市","town":"郷ケ丘"}],"8046":[{"pref":"福島県","city":"いわき市","town":"平吉野谷"}],"8047":[{"pref":"福島県","city":"いわき市","town":"中央台高久"}],"8051":[{"pref":"福島県","city":"いわき市","town":"平六町目"}],"8052":[{"pref":"福島県","city":"いわき市","town":"平祢宜町"}],"8053":[{"pref":"福島県","city":"いわき市","town":"平正月町"}],"8054":[{"pref":"福島県","city":"いわき市","town":"平鎌田町"}],"0000":[{"pref":"福島県","city":"いわき市","town":"以下に掲載がない場合"}],"0229":[{"pref":"福島県","city":"いわき市","town":"薄磯"}],"0311":[{"pref":"福島県","city":"いわき市","town":"江名"}],"0317":[{"pref":"福島県","city":"いわき市","town":"小名浜上神白"}],"0316":[{"pref":"福島県","city":"いわき市","town":"小名浜下神白"}],"0312":[{"pref":"福島県","city":"いわき市","town":"折戸"}],"0107":[{"pref":"福島県","city":"いわき市","town":"平荒田目"}],"0112":[{"pref":"福島県","city":"いわき市","town":"平泉崎"}],"0223":[{"pref":"福島県","city":"いわき市","town":"平薄磯"}],"0104":[{"pref":"福島県","city":"いわき市","town":"平上大越"}],"0102":[{"pref":"福島県","city":"いわき市","town":"平下大越"}],"0101":[{"pref":"福島県","city":"いわき市","town":"平下神谷"}],"0221":[{"pref":"福島県","city":"いわき市","town":"平下高久"}],"0228":[{"pref":"福島県","city":"いわき市","town":"平神谷作"}],"0225":[{"pref":"福島県","city":"いわき市","town":"平上山口"}],"0115":[{"pref":"福島県","city":"いわき市","town":"平北神谷"}],"0113":[{"pref":"福島県","city":"いわき市","town":"平絹谷"}],"0226":[{"pref":"福島県","city":"いわき市","town":"平下山口"}],"0105":[{"pref":"福島県","city":"いわき市","town":"平菅波"}],"0227":[{"pref":"福島県","city":"いわき市","town":"平鶴ケ井"}],"0224":[{"pref":"福島県","city":"いわき市","town":"平豊間"}],"0222":[{"pref":"福島県","city":"いわき市","town":"平沼ノ内"},{"pref":"福島県","city":"いわき市","town":"平沼ノ内諏訪原"}],"0111":[{"pref":"福島県","city":"いわき市","town":"平原高野"}],"0103":[{"pref":"福島県","city":"いわき市","town":"平藤間"}],"0116":[{"pref":"福島県","city":"いわき市","town":"平馬目"}],"0114":[{"pref":"福島県","city":"いわき市","town":"平水品"}],"0106":[{"pref":"福島県","city":"いわき市","town":"平山崎"}],"0313":[{"pref":"福島県","city":"いわき市","town":"中之作"}],"0315":[{"pref":"福島県","city":"いわき市","town":"永崎"}],"0314":[{"pref":"福島県","city":"いわき市","town":"洋向台"}]}