{"0000":[{"pref":"神奈川県","city":"川崎市麻生区","town":"以下に掲載がない場合"}],"0013":[{"pref":"神奈川県","city":"川崎市麻生区","town":"王禅寺"}],"0017":[{"pref":"神奈川県","city":"川崎市麻生区","town":"王禅寺西"}],"0018":[{"pref":"神奈川県","city":"川崎市麻生区","town":"王禅寺東"}],"0027":[{"pref":"神奈川県","city":"川崎市麻生区","town":"岡上"}],"0023":[{"pref":"神奈川県","city":"川崎市麻生区","town":"片平"}],"0006":[{"pref":"神奈川県","city":"川崎市麻生区","town":"金程"}],"0021":[{"pref":"神奈川県","city":"川崎市麻生区","town":"上麻生"}],"0033":[{"pref":"神奈川県","city":"川崎市麻生区","town":"栗木"}],"0032":[{"pref":"神奈川県","city":"川崎市麻生区","town":"栗木台"}],"0031":[{"pref":"神奈川県","city":"川崎市麻生区","town":"栗平"}],"0035":[{"pref":"神奈川県","city":"川崎市麻生区","town":"黒川"}],"0025":[{"pref":"神奈川県","city":"川崎市麻生区","town":"五力田"}],"0022":[{"pref":"神奈川県","city":"川崎市麻生区","town":"下麻生"}],"0024":[{"pref":"神奈川県","city":"川崎市麻生区","town":"白鳥"}],"0003":[{"pref":"神奈川県","city":"川崎市麻生区","town":"高石"}],"0002":[{"pref":"神奈川県","city":"川崎市麻生区","town":"多摩美"}],"0005":[{"pref":"神奈川県","city":"川崎市麻生区","town":"千代ケ丘"}],"0015":[{"pref":"神奈川県","city":"川崎市麻生区","town":"虹ケ丘"}],"0014":[{"pref":"神奈川県","city":"川崎市麻生区","town":"白山"}],"0016":[{"pref":"神奈川県","city":"川崎市麻生区","town":"早野"}],"0036":[{"pref":"神奈川県","city":"川崎市麻生区","town":"はるひ野"}],"0012":[{"pref":"神奈川県","city":"川崎市麻生区","town":"東百合丘"}],"0026":[{"pref":"神奈川県","city":"川崎市麻生区","town":"古沢"}],"0001":[{"pref":"神奈川県","city":"川崎市麻生区","town":"細山"}],"0004":[{"pref":"神奈川県","city":"川崎市麻生区","town":"万福寺"}],"0034":[{"pref":"神奈川県","city":"川崎市麻生区","town":"南黒川"}],"0007":[{"pref":"神奈川県","city":"川崎市麻生区","town":"向原"}],"0011":[{"pref":"神奈川県","city":"川崎市麻生区","town":"百合丘"}]}