{"1101":[{"pref":"新潟県","city":"三条市","town":"福島新田甲"}],"1102":[{"pref":"新潟県","city":"三条市","town":"福島新田乙"}],"1103":[{"pref":"新潟県","city":"三条市","town":"福島新田戊"}],"1104":[{"pref":"新潟県","city":"三条市","town":"東光寺"}],"1105":[{"pref":"新潟県","city":"三条市","town":"若宮新田"}],"1106":[{"pref":"新潟県","city":"三条市","town":"吉野屋"}],"1107":[{"pref":"新潟県","city":"三条市","town":"矢田"}],"1108":[{"pref":"新潟県","city":"三条市","town":"北潟"}],"1109":[{"pref":"新潟県","city":"三条市","town":"蔵内"}],"1111":[{"pref":"新潟県","city":"三条市","town":"茅原"}],"1112":[{"pref":"新潟県","city":"三条市","town":"安代"}],"1113":[{"pref":"新潟県","city":"三条市","town":"大面"}],"1114":[{"pref":"新潟県","city":"三条市","town":"高安寺"}],"1115":[{"pref":"新潟県","city":"三条市","town":"小滝"}],"1116":[{"pref":"新潟県","city":"三条市","town":"前谷内"}],"1117":[{"pref":"新潟県","city":"三条市","town":"帯織"}],"1118":[{"pref":"新潟県","city":"三条市","town":"山王"}],"1119":[{"pref":"新潟県","city":"三条市","town":"戸口"}],"1121":[{"pref":"新潟県","city":"三条市","town":"善久寺"}],"1122":[{"pref":"新潟県","city":"三条市","town":"栄荻島"}],"1123":[{"pref":"新潟県","city":"三条市","town":"九之曽根"}],"1124":[{"pref":"新潟県","city":"三条市","town":"千把野新田"}],"1125":[{"pref":"新潟県","city":"三条市","town":"中島"}],"1126":[{"pref":"新潟県","city":"三条市","town":"小古瀬"}],"1131":[{"pref":"新潟県","city":"三条市","town":"芹山"}],"1132":[{"pref":"新潟県","city":"三条市","town":"渡前"}],"1133":[{"pref":"新潟県","city":"三条市","town":"中曽根新田"}],"1134":[{"pref":"新潟県","city":"三条市","town":"鬼木新田"}],"1135":[{"pref":"新潟県","city":"三条市","town":"鬼木"}],"1136":[{"pref":"新潟県","city":"三条市","town":"川通中町"}],"1141":[{"pref":"新潟県","city":"三条市","town":"今井"}],"1142":[{"pref":"新潟県","city":"三条市","town":"今井野新田"}],"1143":[{"pref":"新潟県","city":"三条市","town":"泉新田"}],"1144":[{"pref":"新潟県","city":"三条市","town":"貝喰新田"}],"1145":[{"pref":"新潟県","city":"三条市","town":"福島新田丙"}],"1146":[{"pref":"新潟県","city":"三条市","town":"半ノ木"}],"1147":[{"pref":"新潟県","city":"三条市","town":"岡野新田"}],"1148":[{"pref":"新潟県","city":"三条市","town":"尾崎"}],"1151":[{"pref":"新潟県","city":"三条市","town":"猪子場新田"}],"1152":[{"pref":"新潟県","city":"三条市","town":"一ツ屋敷新田"}],"1153":[{"pref":"新潟県","city":"三条市","town":"新堀"}],"1154":[{"pref":"新潟県","city":"三条市","town":"岩淵"}],"1155":[{"pref":"新潟県","city":"三条市","town":"福島新田丁"}],"1156":[{"pref":"新潟県","city":"三条市","town":"福島新田"}],"1200":[{"pref":"新潟県","city":"燕市","town":"以下に掲載がない場合"}],"1201":[{"pref":"新潟県","city":"燕市","town":"灰方"}],"1202":[{"pref":"新潟県","city":"燕市","town":"松橋"}],"1203":[{"pref":"新潟県","city":"燕市","town":"舘野"}],"1204":[{"pref":"新潟県","city":"燕市","town":"長所"}],"1205":[{"pref":"新潟県","city":"燕市","town":"長渡"}],"1206":[{"pref":"新潟県","city":"燕市","town":"関崎"}],"1207":[{"pref":"新潟県","city":"燕市","town":"三王渕"}],"1211":[{"pref":"新潟県","city":"燕市","town":"小中川"}],"1212":[{"pref":"新潟県","city":"燕市","town":"大船渡"}],"1213":[{"pref":"新潟県","city":"燕市","town":"小古津新"}],"1214":[{"pref":"新潟県","city":"燕市","town":"新生町"}],"1215":[{"pref":"新潟県","city":"燕市","town":"又新"}],"1216":[{"pref":"新潟県","city":"燕市","town":"二階堂"}],"1217":[{"pref":"新潟県","city":"燕市","town":"勘新"}],"1221":[{"pref":"新潟県","city":"燕市","town":"花園町"}],"1222":[{"pref":"新潟県","city":"燕市","town":"次新"}],"1223":[{"pref":"新潟県","city":"燕市","town":"上児木"},{"pref":"新潟県","city":"燕市","town":"下児木"}],"1224":[{"pref":"新潟県","city":"燕市","town":"四ツ屋"}],"1225":[{"pref":"新潟県","city":"燕市","town":"中川"}],"1226":[{"pref":"新潟県","city":"燕市","town":"小牧"}],"1228":[{"pref":"新潟県","city":"燕市","town":"佐渡"}],"1232":[{"pref":"新潟県","city":"燕市","town":"井土巻"}],"1233":[{"pref":"新潟県","city":"燕市","town":"殿島"}],"1234":[{"pref":"新潟県","city":"燕市","town":"南"}],"1241":[{"pref":"新潟県","city":"燕市","town":"小高"}],"1242":[{"pref":"新潟県","city":"燕市","town":"日之出町"}],"1244":[{"pref":"新潟県","city":"燕市","town":"中央通"}],"1246":[{"pref":"新潟県","city":"燕市","town":"新栄町"}],"1251":[{"pref":"新潟県","city":"燕市","town":"白山町"}],"1252":[{"pref":"新潟県","city":"燕市","town":"寿町"}],"1253":[{"pref":"新潟県","city":"燕市","town":"本町"}],"1254":[{"pref":"新潟県","city":"燕市","town":"幸町"}],"1255":[{"pref":"新潟県","city":"燕市","town":"新町"}],"1256":[{"pref":"新潟県","city":"燕市","town":"穀町"}],"1257":[{"pref":"新潟県","city":"燕市","town":"宮町"}],"1258":[{"pref":"新潟県","city":"燕市","town":"仲町"}],"1261":[{"pref":"新潟県","city":"燕市","town":"秋葉町"}],"1262":[{"pref":"新潟県","city":"燕市","town":"水道町"}],"1263":[{"pref":"新潟県","city":"燕市","town":"大曲"}],"1264":[{"pref":"新潟県","city":"燕市","town":"八王寺"}],"1265":[{"pref":"新潟県","city":"燕市","town":"道金"}],"1271":[{"pref":"新潟県","city":"燕市","town":"蔵関"}],"1272":[{"pref":"新潟県","city":"燕市","town":"杉柳"}],"1273":[{"pref":"新潟県","city":"燕市","town":"杉名"}],"1274":[{"pref":"新潟県","city":"燕市","town":"柳山"}],"1275":[{"pref":"新潟県","city":"燕市","town":"小池新町"}],"1276":[{"pref":"新潟県","city":"燕市","town":"小池"}],"1277":[{"pref":"新潟県","city":"燕市","town":"物流センター"}],"1280":[{"pref":"新潟県","city":"燕市","town":"花見"}],"1281":[{"pref":"新潟県","city":"燕市","town":"桜町"}],"1284":[{"pref":"新潟県","city":"燕市","town":"杣木"}],"1286":[{"pref":"新潟県","city":"燕市","town":"小関"}],"1287":[{"pref":"新潟県","city":"燕市","town":"大関"}],"1288":[{"pref":"新潟県","city":"燕市","town":"燕"}],"1289":[{"pref":"新潟県","city":"燕市","town":"東太田"}],"1300":[{"pref":"新潟県","city":"加茂市","town":"以下に掲載がない場合"}],"1301":[{"pref":"新潟県","city":"加茂市","town":"北潟"}],"1302":[{"pref":"新潟県","city":"加茂市","town":"五反田"}],"1303":[{"pref":"新潟県","city":"加茂市","town":"後須田"}],"1304":[{"pref":"新潟県","city":"加茂市","town":"前須田"}],"1305":[{"pref":"新潟県","city":"加茂市","town":"砂押新田"}],"1306":[{"pref":"新潟県","city":"加茂市","town":"鵜森"}],"1307":[{"pref":"新潟県","city":"加茂市","town":"田中新田"}],"1311":[{"pref":"新潟県","city":"加茂市","town":"加茂新田"}],"1312":[{"pref":"新潟県","city":"加茂市","town":"石川"}],"1313":[{"pref":"新潟県","city":"加茂市","town":"幸町"}],"1314":[{"pref":"新潟県","city":"加茂市","town":"番田"}],"1315":[{"pref":"新潟県","city":"加茂市","town":"天神林"}],"1316":[{"pref":"新潟県","city":"加茂市","town":"山島新田"}],"1321":[{"pref":"新潟県","city":"加茂市","town":"希望ケ丘"}],"1322":[{"pref":"新潟県","city":"加茂市","town":"学校町"}],"1323":[{"pref":"新潟県","city":"加茂市","town":"都ケ丘"}],"1324":[{"pref":"新潟県","city":"加茂市","town":"赤谷"}],"1325":[{"pref":"新潟県","city":"加茂市","town":"神明町"}],"1326":[{"pref":"新潟県","city":"加茂市","town":"青海町"}],"1327":[{"pref":"新潟県","city":"加茂市","town":"千刈"}],"1328":[{"pref":"新潟県","city":"加茂市","town":"陣ケ峰"}],"1331":[{"pref":"新潟県","city":"加茂市","town":"皆川"}],"1332":[{"pref":"新潟県","city":"加茂市","town":"上条"}],"1333":[{"pref":"新潟県","city":"加茂市","town":"八幡"}],"1334":[{"pref":"新潟県","city":"加茂市","town":"狭口"}],"1335":[{"pref":"新潟県","city":"加茂市","town":"長谷"}],"1336":[{"pref":"新潟県","city":"加茂市","town":"黒水"}],"1337":[{"pref":"新潟県","city":"加茂市","town":"西山"}],"1341":[{"pref":"新潟県","city":"加茂市","town":"下土倉"}],"1342":[{"pref":"新潟県","city":"加茂市","town":"上土倉"}],"1343":[{"pref":"新潟県","city":"加茂市","town":"上大谷"}],"1344":[{"pref":"新潟県","city":"加茂市","town":"下大谷"}],"1345":[{"pref":"新潟県","city":"加茂市","town":"中大谷"}],"1346":[{"pref":"新潟県","city":"加茂市","town":"下高柳"}],"1347":[{"pref":"新潟県","city":"加茂市","town":"上高柳"}],"1348":[{"pref":"新潟県","city":"加茂市","town":"宮寄上"}],"1351":[{"pref":"新潟県","city":"加茂市","town":"仲町"}],"1352":[{"pref":"新潟県","city":"加茂市","town":"上町"}],"1353":[{"pref":"新潟県","city":"加茂市","town":"五番町"}],"1354":[{"pref":"新潟県","city":"加茂市","town":"新町"}],"1355":[{"pref":"新潟県","city":"加茂市","town":"若宮町"}],"1356":[{"pref":"新潟県","city":"加茂市","town":"秋房"}],"1357":[{"pref":"新潟県","city":"加茂市","town":"桜沢"}],"1361":[{"pref":"新潟県","city":"加茂市","town":"下条"}],"1362":[{"pref":"新潟県","city":"加茂市","town":"横江"}],"1363":[{"pref":"新潟県","city":"加茂市","town":"芝野"}],"1371":[{"pref":"新潟県","city":"加茂市","town":"穀町"}],"1372":[{"pref":"新潟県","city":"加茂市","town":"本町"}],"1373":[{"pref":"新潟県","city":"加茂市","town":"松坂町"}],"1374":[{"pref":"新潟県","city":"加茂市","town":"矢立"}],"1375":[{"pref":"新潟県","city":"加茂市","town":"小橋"}],"1376":[{"pref":"新潟県","city":"加茂市","town":"中村"}],"1377":[{"pref":"新潟県","city":"加茂市","town":"岡ノ町"}],"1378":[{"pref":"新潟県","city":"加茂市","town":"駅前"}],"1381":[{"pref":"新潟県","city":"加茂市","town":"新栄町"}],"1382":[{"pref":"新潟県","city":"加茂市","town":"栄町"}],"1383":[{"pref":"新潟県","city":"加茂市","town":"旭町"}],"1384":[{"pref":"新潟県","city":"加茂市","town":"寿町"}],"1385":[{"pref":"新潟県","city":"加茂市","town":"大郷町"}],"1386":[{"pref":"新潟県","city":"加茂市","town":"柳町"}],"1387":[{"pref":"新潟県","city":"加茂市","town":"高須町"}],"1500":[{"pref":"新潟県","city":"南蒲原郡田上町","town":"以下に掲載がない場合"}],"1501":[{"pref":"新潟県","city":"南蒲原郡田上町","town":"湯川"}],"1502":[{"pref":"新潟県","city":"南蒲原郡田上町","town":"田上"}],"1503":[{"pref":"新潟県","city":"南蒲原郡田上町","town":"原ケ崎新田"}],"1511":[{"pref":"新潟県","city":"南蒲原郡田上町","town":"吉田新田"}],"1512":[{"pref":"新潟県","city":"南蒲原郡田上町","town":"羽生田"}],"1513":[{"pref":"新潟県","city":"南蒲原郡田上町","town":"川船河"}],"1514":[{"pref":"新潟県","city":"南蒲原郡田上町","town":"坂田"}],"1521":[{"pref":"新潟県","city":"南蒲原郡田上町","town":"石田新田"}],"1522":[{"pref":"新潟県","city":"南蒲原郡田上町","town":"千苅新田"}],"1523":[{"pref":"新潟県","city":"南蒲原郡田上町","town":"保明新田"}],"1524":[{"pref":"新潟県","city":"南蒲原郡田上町","town":"横場新田"}],"1525":[{"pref":"新潟県","city":"南蒲原郡田上町","town":"曽根新田"}],"1600":[{"pref":"新潟県","city":"五泉市","town":"以下に掲載がない場合"}],"1601":[{"pref":"新潟県","city":"五泉市","town":"一本杉"}],"1602":[{"pref":"新潟県","city":"五泉市","town":"高山"}],"1603":[{"pref":"新潟県","city":"五泉市","town":"荻野島"}],"1604":[{"pref":"新潟県","city":"五泉市","town":"論瀬"}],"1611":[{"pref":"新潟県","city":"五泉市","town":"笹堀"}],"1612":[{"pref":"新潟県","city":"五泉市","town":"小搦"}],"1613":[{"pref":"新潟県","city":"五泉市","town":"小流"}],"1614":[{"pref":"新潟県","city":"五泉市","town":"馬下"}],"1615":[{"pref":"新潟県","city":"五泉市","town":"佐取"}],"1621":[{"pref":"新潟県","city":"五泉市","town":"尾白"}],"1622":[{"pref":"新潟県","city":"五泉市","town":"小栗山"}],"1623":[{"pref":"新潟県","city":"五泉市","town":"大谷"}],"1624":[{"pref":"新潟県","city":"五泉市","town":"小山田"}],"1625":[{"pref":"新潟県","city":"五泉市","town":"切畑"}],"1631":[{"pref":"新潟県","city":"五泉市","town":"猿和田"}],"1632":[{"pref":"新潟県","city":"五泉市","town":"中川新"}],"1633":[{"pref":"新潟県","city":"五泉市","town":"大須郷"}],"1634":[{"pref":"新潟県","city":"五泉市","town":"不動堂"}],"1635":[{"pref":"新潟県","city":"五泉市","town":"柄沢"}],"1636":[{"pref":"新潟県","city":"五泉市","town":"大蔵"}],"1637":[{"pref":"新潟県","city":"五泉市","town":"菅出"}],"1641":[{"pref":"新潟県","city":"五泉市","town":"赤羽"}],"1642":[{"pref":"新潟県","city":"五泉市","town":"四ツ屋新"}],"1643":[{"pref":"新潟県","city":"五泉市","town":"土堀"}],"1644":[{"pref":"新潟県","city":"五泉市","town":"東四ツ屋"}],"1701":[{"pref":"新潟県","city":"五泉市","town":"石曽根"}],"1703":[{"pref":"新潟県","city":"五泉市","town":"矢津"}],"1704":[{"pref":"新潟県","city":"五泉市","town":"村松甲"}],"1705":[{"pref":"新潟県","city":"五泉市","town":"村松乙"}],"1706":[{"pref":"新潟県","city":"五泉市","town":"村松丙"}],"1707":[{"pref":"新潟県","city":"五泉市","town":"村松"}],"1708":[{"pref":"新潟県","city":"五泉市","town":"上木越"}],"1709":[{"pref":"新潟県","city":"五泉市","town":"木越荒屋"}],"1711":[{"pref":"新潟県","city":"五泉市","town":"川内"}],"1712":[{"pref":"新潟県","city":"五泉市","town":"土淵"}],"1713":[{"pref":"新潟県","city":"五泉市","town":"水戸野"}],"1714":[{"pref":"新潟県","city":"五泉市","town":"仙見谷"}],"1715":[{"pref":"新潟県","city":"五泉市","town":"夏針"}],"1716":[{"pref":"新潟県","city":"五泉市","town":"熊沢"}],"1717":[{"pref":"新潟県","city":"五泉市","town":"阿弥陀瀬"}],"1718":[{"pref":"新潟県","city":"五泉市","town":"下阿弥陀瀬"}],"1721":[{"pref":"新潟県","city":"五泉市","town":"暮坪"}],"1722":[{"pref":"新潟県","city":"五泉市","town":"松野"}],"1723":[{"pref":"新潟県","city":"五泉市","town":"横渡"}],"1724":[{"pref":"新潟県","city":"五泉市","town":"笹目"}],"1725":[{"pref":"新潟県","city":"五泉市","town":"小面谷"}],"1726":[{"pref":"新潟県","city":"五泉市","town":"上杉川"}],"1727":[{"pref":"新潟県","city":"五泉市","town":"下杉川"}],"1731":[{"pref":"新潟県","city":"五泉市","town":"大口"}],"1732":[{"pref":"新潟県","city":"五泉市","town":"中島"}],"1733":[{"pref":"新潟県","city":"五泉市","town":"安出"}],"1734":[{"pref":"新潟県","city":"五泉市","town":"大原"}],"1735":[{"pref":"新潟県","city":"五泉市","town":"蛭野"}],"1736":[{"pref":"新潟県","city":"五泉市","town":"山谷"}],"1737":[{"pref":"新潟県","city":"五泉市","town":"新屋"}],"1738":[{"pref":"新潟県","city":"五泉市","town":"別所"}],"1739":[{"pref":"新潟県","city":"五泉市","town":"村松工業団地"}],"1741":[{"pref":"新潟県","city":"五泉市","town":"南田中"}],"1742":[{"pref":"新潟県","city":"五泉市","town":"寺田"}],"1743":[{"pref":"新潟県","city":"五泉市","town":"下大蒲原"}],"1744":[{"pref":"新潟県","city":"五泉市","town":"上大蒲原"}],"1745":[{"pref":"新潟県","city":"五泉市","town":"下戸倉"}],"1746":[{"pref":"新潟県","city":"五泉市","town":"上戸倉"}],"1747":[{"pref":"新潟県","city":"五泉市","town":"高松"}],"1748":[{"pref":"新潟県","city":"五泉市","town":"牧"}],"1749":[{"pref":"新潟県","city":"五泉市","town":"上野"}],"1751":[{"pref":"新潟県","city":"五泉市","town":"中名沢"}],"1752":[{"pref":"新潟県","city":"五泉市","town":"千原"}],"1753":[{"pref":"新潟県","city":"五泉市","town":"笹野町"}],"1754":[{"pref":"新潟県","city":"五泉市","town":"中野橋"}],"1755":[{"pref":"新潟県","city":"五泉市","town":"青橋"}],"1756":[{"pref":"新潟県","city":"五泉市","town":"刈羽"}],"1757":[{"pref":"新潟県","city":"五泉市","town":"長橋"}],"1758":[{"pref":"新潟県","city":"五泉市","town":"城下"}],"1759":[{"pref":"新潟県","city":"五泉市","town":"美郷"}],"1761":[{"pref":"新潟県","city":"五泉市","town":"本田屋"}],"1762":[{"pref":"新潟県","city":"五泉市","town":"東石曽根"}],"1763":[{"pref":"新潟県","city":"五泉市","town":"熊野堂"}],"1764":[{"pref":"新潟県","city":"五泉市","town":"宮野下"}],"1765":[{"pref":"新潟県","city":"五泉市","town":"愛宕"}],"1766":[{"pref":"新潟県","city":"五泉市","town":"番坂"}],"1767":[{"pref":"新潟県","city":"五泉市","town":"新田町"}],"1801":[{"pref":"新潟県","city":"五泉市","town":"羽下"}],"1802":[{"pref":"新潟県","city":"五泉市","town":"下新"}],"1803":[{"pref":"新潟県","city":"五泉市","town":"下条"}],"1804":[{"pref":"新潟県","city":"五泉市","town":"田屋"}],"1805":[{"pref":"新潟県","city":"五泉市","town":"船越"}],"1806":[{"pref":"新潟県","city":"五泉市","town":"猿橋"}],"1807":[{"pref":"新潟県","city":"五泉市","town":"次屋"}],"1811":[{"pref":"新潟県","city":"五泉市","town":"三本木"}],"1812":[{"pref":"新潟県","city":"五泉市","town":"水島町"}],"1813":[{"pref":"新潟県","city":"五泉市","town":"伊勢の川"}],"1814":[{"pref":"新潟県","city":"五泉市","town":"北五泉駅前"}],"1821":[{"pref":"新潟県","city":"五泉市","town":"赤海"}],"1822":[{"pref":"新潟県","city":"五泉市","town":"緑町"}],"1823":[{"pref":"新潟県","city":"五泉市","town":"駅前"}],"1824":[{"pref":"新潟県","city":"五泉市","town":"吉沢"}],"1825":[{"pref":"新潟県","city":"五泉市","town":"太田"}],"1831":[{"pref":"新潟県","city":"五泉市","town":"曙町"}],"1832":[{"pref":"新潟県","city":"五泉市","town":"川瀬"}],"1833":[{"pref":"新潟県","city":"五泉市","town":"五十嵐新田"}],"1834":[{"pref":"新潟県","city":"五泉市","town":"木越"}],"1835":[{"pref":"新潟県","city":"五泉市","town":"今泉"}],"1836":[{"pref":"新潟県","city":"五泉市","town":"南本町"}],"1837":[{"pref":"新潟県","city":"五泉市","town":"寺沢"}],"1841":[{"pref":"新潟県","city":"五泉市","town":"二ツ柳"}],"1842":[{"pref":"新潟県","city":"五泉市","town":"能代"}],"1843":[{"pref":"新潟県","city":"五泉市","town":"町屋"}],"1844":[{"pref":"新潟県","city":"五泉市","town":"西四ツ屋"}],"1845":[{"pref":"新潟県","city":"五泉市","town":"大沢"}],"1846":[{"pref":"新潟県","city":"五泉市","town":"尻上"}],"1847":[{"pref":"新潟県","city":"五泉市","town":"菅沢"}],"1848":[{"pref":"新潟県","city":"五泉市","town":"橋田"}],"1851":[{"pref":"新潟県","city":"五泉市","town":"五泉"}],"1852":[{"pref":"新潟県","city":"五泉市","town":"荻曽根"}],"1853":[{"pref":"新潟県","city":"五泉市","town":"土深"}],"1854":[{"pref":"新潟県","city":"五泉市","town":"丸田"}],"1855":[{"pref":"新潟県","city":"五泉市","town":"小熊"}],"1856":[{"pref":"新潟県","city":"五泉市","town":"山崎"}],"1857":[{"pref":"新潟県","city":"五泉市","town":"石倉"}],"1861":[{"pref":"新潟県","city":"五泉市","town":"粟島"}],"1862":[{"pref":"新潟県","city":"五泉市","town":"旭町"}],"1863":[{"pref":"新潟県","city":"五泉市","town":"東本町"}],"1864":[{"pref":"新潟県","city":"五泉市","town":"郷屋川"}],"1865":[{"pref":"新潟県","city":"五泉市","town":"本町"}],"1866":[{"pref":"新潟県","city":"五泉市","town":"学校町"}],"1867":[{"pref":"新潟県","city":"五泉市","town":"大川前"}],"1871":[{"pref":"新潟県","city":"五泉市","town":"白山"}],"1872":[{"pref":"新潟県","city":"五泉市","town":"宮町"}],"1873":[{"pref":"新潟県","city":"五泉市","town":"錦町"}],"1874":[{"pref":"新潟県","city":"五泉市","town":"横町"}],"1875":[{"pref":"新潟県","city":"五泉市","town":"馬場町"}],"1876":[{"pref":"新潟県","city":"五泉市","town":"泉町"}],"1901":[{"pref":"新潟県","city":"阿賀野市","town":"中ノ通"}],"1902":[{"pref":"新潟県","city":"阿賀野市","town":"飯山新"}],"1903":[{"pref":"新潟県","city":"阿賀野市","town":"藤屋"}],"1904":[{"pref":"新潟県","city":"阿賀野市","town":"上西野"}],"1905":[{"pref":"新潟県","city":"阿賀野市","town":"滝沢"}],"1906":[{"pref":"新潟県","city":"阿賀野市","town":"村岡"}],"1907":[{"pref":"新潟県","city":"阿賀野市","town":"熊堂"}],"1908":[{"pref":"新潟県","city":"阿賀野市","town":"上蔵野"}],"1909":[{"pref":"新潟県","city":"阿賀野市","town":"上高関"}],"1910":[{"pref":"新潟県","city":"阿賀野市","town":"向中ノ通"}],"1911":[{"pref":"新潟県","city":"阿賀野市","town":"長起"}],"1912":[{"pref":"新潟県","city":"阿賀野市","town":"下一分"}],"1913":[{"pref":"新潟県","city":"阿賀野市","town":"沢口"}],"1914":[{"pref":"新潟県","city":"阿賀野市","town":"女堂"}],"1915":[{"pref":"新潟県","city":"阿賀野市","town":"上一分"}],"1916":[{"pref":"新潟県","city":"阿賀野市","town":"小栗山"}],"1917":[{"pref":"新潟県","city":"阿賀野市","town":"堤"}],"1918":[{"pref":"新潟県","city":"阿賀野市","town":"笹岡"}],"1919":[{"pref":"新潟県","city":"阿賀野市","town":"山崎"}],"1921":[{"pref":"新潟県","city":"阿賀野市","town":"折居"},{"pref":"新潟県","city":"阿賀野市","town":"上西山"}],"1922":[{"pref":"新潟県","city":"阿賀野市","town":"湯沢"}],"1923":[{"pref":"新潟県","city":"阿賀野市","town":"勝屋"}],"1924":[{"pref":"新潟県","city":"阿賀野市","town":"畑江"}],"1925":[{"pref":"新潟県","city":"阿賀野市","town":"真光寺ヴィレッジ"}],"1926":[{"pref":"新潟県","city":"阿賀野市","town":"出湯"}],"1927":[{"pref":"新潟県","city":"阿賀野市","town":"今板"}],"1928":[{"pref":"新潟県","city":"阿賀野市","town":"村杉"}],"1929":[{"pref":"新潟県","city":"阿賀野市","town":"大日"}],"1930":[{"pref":"新潟県","city":"阿賀野市","town":"大宮"}],"1931":[{"pref":"新潟県","city":"阿賀野市","town":"山寺"}],"1932":[{"pref":"新潟県","city":"阿賀野市","town":"上山田"}],"1933":[{"pref":"新潟県","city":"阿賀野市","town":"上小中山"}],"1934":[{"pref":"新潟県","city":"阿賀野市","town":"七浦"}],"1935":[{"pref":"新潟県","city":"阿賀野市","town":"大室"}],"1936":[{"pref":"新潟県","city":"阿賀野市","town":"十二神"}],"1937":[{"pref":"新潟県","city":"阿賀野市","town":"福井"}],"1938":[{"pref":"新潟県","city":"阿賀野市","town":"貝喰"}],"1941":[{"pref":"新潟県","city":"阿賀野市","town":"羽黒"}],"1942":[{"pref":"新潟県","city":"阿賀野市","town":"上坂町"}],"1943":[{"pref":"新潟県","city":"阿賀野市","town":"次郎丸"}],"1944":[{"pref":"新潟県","city":"阿賀野市","town":"金屋"}],"1945":[{"pref":"新潟県","city":"阿賀野市","town":"上山屋"}],"1946":[{"pref":"新潟県","city":"阿賀野市","town":"押切"}],"1947":[{"pref":"新潟県","city":"阿賀野市","town":"宮下"}],"1948":[{"pref":"新潟県","city":"阿賀野市","town":"宮島"}],"1949":[{"pref":"新潟県","city":"阿賀野市","town":"川崎"}],"1951":[{"pref":"新潟県","city":"阿賀野市","town":"下福岡"}],"1952":[{"pref":"新潟県","city":"阿賀野市","town":"下山屋"}],"1953":[{"pref":"新潟県","city":"阿賀野市","town":"発久"}],"1954":[{"pref":"新潟県","city":"阿賀野市","town":"蒔田"}],"1955":[{"pref":"新潟県","city":"阿賀野市","town":"赤水"}],"1956":[{"pref":"新潟県","city":"阿賀野市","town":"須走"}],"1957":[{"pref":"新潟県","city":"阿賀野市","town":"横山"}],"1958":[{"pref":"新潟県","city":"阿賀野市","town":"野村"}],"1959":[{"pref":"新潟県","city":"阿賀野市","town":"泉"}],"1961":[{"pref":"新潟県","city":"阿賀野市","town":"山倉"}],"1962":[{"pref":"新潟県","city":"阿賀野市","town":"上関口"}],"1963":[{"pref":"新潟県","city":"阿賀野市","town":"南沖山"}],"1964":[{"pref":"新潟県","city":"阿賀野市","town":"沖"}],"1965":[{"pref":"新潟県","city":"阿賀野市","town":"島田"}],"1966":[{"pref":"新潟県","city":"阿賀野市","town":"塚田"}],"1967":[{"pref":"新潟県","city":"阿賀野市","town":"本明"}],"1968":[{"pref":"新潟県","city":"阿賀野市","town":"榎船渡"}],"1971":[{"pref":"新潟県","city":"阿賀野市","town":"高田"}],"1972":[{"pref":"新潟県","city":"阿賀野市","town":"山倉新田"}],"1973":[{"pref":"新潟県","city":"阿賀野市","town":"上高田"}],"1974":[{"pref":"新潟県","city":"阿賀野市","town":"榎"}],"1975":[{"pref":"新潟県","city":"阿賀野市","town":"荻島"},{"pref":"新潟県","city":"阿賀野市","town":"上飯塚"}],"1976":[{"pref":"新潟県","city":"阿賀野市","town":"船居"}],"1977":[{"pref":"新潟県","city":"阿賀野市","town":"沖ノ館"}],"1978":[{"pref":"新潟県","city":"阿賀野市","town":"川岡"}],"2000":[{"pref":"新潟県","city":"阿賀野市","town":"以下に掲載がない場合"}],"2001":[{"pref":"新潟県","city":"阿賀野市","town":"沖通"}],"2002":[{"pref":"新潟県","city":"阿賀野市","town":"下条"}],"2003":[{"pref":"新潟県","city":"阿賀野市","town":"安野町"}],"2004":[{"pref":"新潟県","city":"阿賀野市","town":"南安野町"}],"2005":[{"pref":"新潟県","city":"阿賀野市","town":"山口町"}],"2006":[{"pref":"新潟県","city":"阿賀野市","town":"みそら野町"}],"2007":[{"pref":"新潟県","city":"阿賀野市","town":"山口"}],"2011":[{"pref":"新潟県","city":"阿賀野市","town":"千原"}],"2012":[{"pref":"新潟県","city":"阿賀野市","town":"天神堂"}],"2013":[{"pref":"新潟県","city":"阿賀野市","town":"水原"}],"2014":[{"pref":"新潟県","city":"阿賀野市","town":"北園町"}],"2015":[{"pref":"新潟県","city":"阿賀野市","town":"北本町"}],"2021":[{"pref":"新潟県","city":"阿賀野市","town":"中央町"}],"2022":[{"pref":"新潟県","city":"阿賀野市","town":"外城町"}],"2023":[{"pref":"新潟県","city":"阿賀野市","town":"日の出町"}],"2024":[{"pref":"新潟県","city":"阿賀野市","town":"中島"},{"pref":"新潟県","city":"阿賀野市","town":"中島町"}],"2025":[{"pref":"新潟県","city":"阿賀野市","town":"岡山町"}],"2026":[{"pref":"新潟県","city":"阿賀野市","town":"下条町"}],"2031":[{"pref":"新潟県","city":"阿賀野市","town":"金田町"}],"2032":[{"pref":"新潟県","city":"阿賀野市","town":"学校町"}],"2033":[{"pref":"新潟県","city":"阿賀野市","town":"百津町"}],"2034":[{"pref":"新潟県","city":"阿賀野市","town":"緑町"}],"2035":[{"pref":"新潟県","city":"阿賀野市","town":"稲荷町"}],"2036":[{"pref":"新潟県","city":"阿賀野市","town":"若葉町"}],"2037":[{"pref":"新潟県","city":"阿賀野市","town":"百津"}],"2041":[{"pref":"新潟県","city":"阿賀野市","town":"原"}],"2042":[{"pref":"新潟県","city":"阿賀野市","town":"境新田"}],"2043":[{"pref":"新潟県","city":"阿賀野市","town":"大野地"}],"2044":[{"pref":"新潟県","city":"阿賀野市","town":"金沢"}],"2045":[{"pref":"新潟県","city":"阿賀野市","town":"里"}],"2046":[{"pref":"新潟県","city":"阿賀野市","town":"庄ケ宮"}],"2047":[{"pref":"新潟県","city":"阿賀野市","town":"上中"}],"2048":[{"pref":"新潟県","city":"阿賀野市","town":"上中野目"}],"2049":[{"pref":"新潟県","city":"阿賀野市","town":"深町"}],"2051":[{"pref":"新潟県","city":"阿賀野市","town":"七石"}],"2052":[{"pref":"新潟県","city":"阿賀野市","town":"田中"}],"2053":[{"pref":"新潟県","city":"阿賀野市","town":"境新"}],"2054":[{"pref":"新潟県","city":"阿賀野市","town":"越御堂"}],"2055":[{"pref":"新潟県","city":"阿賀野市","town":"堀越"}],"2056":[{"pref":"新潟県","city":"阿賀野市","town":"牧島"}],"2057":[{"pref":"新潟県","city":"阿賀野市","town":"野地城"}],"2061":[{"pref":"新潟県","city":"阿賀野市","town":"荒屋"}],"2062":[{"pref":"新潟県","city":"阿賀野市","town":"市野山"}],"2063":[{"pref":"新潟県","city":"阿賀野市","town":"土橋"}],"2064":[{"pref":"新潟県","city":"阿賀野市","town":"福田"}],"2065":[{"pref":"新潟県","city":"阿賀野市","town":"小境"}],"2066":[{"pref":"新潟県","city":"阿賀野市","town":"中潟"}],"2071":[{"pref":"新潟県","city":"阿賀野市","town":"水ケ曽根"}],"2072":[{"pref":"新潟県","city":"阿賀野市","town":"西岡"}],"2073":[{"pref":"新潟県","city":"阿賀野市","town":"上福岡"}],"2074":[{"pref":"新潟県","city":"阿賀野市","town":"分田"}],"2075":[{"pref":"新潟県","city":"阿賀野市","town":"東町"}],"2081":[{"pref":"新潟県","city":"阿賀野市","town":"上江端"}],"2082":[{"pref":"新潟県","city":"阿賀野市","town":"切梅新田"}],"2083":[{"pref":"新潟県","city":"阿賀野市","town":"熊居新田"}],"2085":[{"pref":"新潟県","city":"阿賀野市","town":"山本新"}],"2086":[{"pref":"新潟県","city":"阿賀野市","town":"新座"}],"2101":[{"pref":"新潟県","city":"阿賀野市","town":"駒林"}],"2102":[{"pref":"新潟県","city":"阿賀野市","town":"五郎巻"}],"2103":[{"pref":"新潟県","city":"阿賀野市","town":"金渕甲"}],"2104":[{"pref":"新潟県","city":"阿賀野市","town":"法柳新田"}],"2105":[{"pref":"新潟県","city":"阿賀野市","town":"金渕乙"}],"2106":[{"pref":"新潟県","city":"阿賀野市","town":"法柳"}],"2107":[{"pref":"新潟県","city":"阿賀野市","town":"深堀"}],"2111":[{"pref":"新潟県","city":"阿賀野市","town":"猫山"}],"2112":[{"pref":"新潟県","city":"阿賀野市","town":"曽郷"}],"2113":[{"pref":"新潟県","city":"阿賀野市","town":"緑岡"}],"2114":[{"pref":"新潟県","city":"阿賀野市","town":"城"}],"2115":[{"pref":"新潟県","city":"阿賀野市","town":"田山"}],"2116":[{"pref":"新潟県","city":"阿賀野市","town":"上黒瀬"}],"2117":[{"pref":"新潟県","city":"阿賀野市","town":"下黒瀬"}],"2121":[{"pref":"新潟県","city":"阿賀野市","town":"小里"}],"2122":[{"pref":"新潟県","city":"阿賀野市","town":"飯森杉"}],"2123":[{"pref":"新潟県","city":"阿賀野市","town":"姥ケ橋"}],"2124":[{"pref":"新潟県","city":"阿賀野市","town":"下ノ橋"}],"2125":[{"pref":"新潟県","city":"阿賀野市","town":"京ケ島"}],"2126":[{"pref":"新潟県","city":"阿賀野市","town":"窪川原"}],"2130":[{"pref":"新潟県","city":"阿賀野市","town":"六日野"}],"2131":[{"pref":"新潟県","city":"阿賀野市","town":"月崎"}],"2132":[{"pref":"新潟県","city":"阿賀野市","town":"前山"}],"2133":[{"pref":"新潟県","city":"阿賀野市","town":"関屋"}],"2134":[{"pref":"新潟県","city":"阿賀野市","town":"小河原"}],"2135":[{"pref":"新潟県","city":"阿賀野市","town":"下里"}],"2136":[{"pref":"新潟県","city":"阿賀野市","town":"京ケ瀬工業団地"}],"2141":[{"pref":"新潟県","city":"阿賀野市","town":"七島"}],"2142":[{"pref":"新潟県","city":"阿賀野市","town":"箸木免"}],"2143":[{"pref":"新潟県","city":"阿賀野市","town":"川前"}],"2144":[{"pref":"新潟県","city":"阿賀野市","town":"清野"}],"2145":[{"pref":"新潟県","city":"阿賀野市","town":"寺社新"}],"2146":[{"pref":"新潟県","city":"阿賀野市","town":"小島"}],"2147":[{"pref":"新潟県","city":"阿賀野市","town":"粕島"}],"2148":[{"pref":"新潟県","city":"阿賀野市","town":"嘉瀬島"}],"2201":[{"pref":"新潟県","city":"阿賀野市","town":"羽多屋"}],"2202":[{"pref":"新潟県","city":"阿賀野市","town":"籠田"}],"2203":[{"pref":"新潟県","city":"阿賀野市","town":"丸山"}],"2204":[{"pref":"新潟県","city":"阿賀野市","town":"福永"}],"2205":[{"pref":"新潟県","city":"阿賀野市","town":"寺社"}],"2206":[{"pref":"新潟県","city":"阿賀野市","town":"かがやき"}],"2211":[{"pref":"新潟県","city":"阿賀野市","town":"沢田"}],"2212":[{"pref":"新潟県","city":"阿賀野市","town":"久保"}],"2213":[{"pref":"新潟県","city":"阿賀野市","town":"小松"}],"2214":[{"pref":"新潟県","city":"阿賀野市","town":"草水"}],"2215":[{"pref":"新潟県","city":"阿賀野市","town":"六野瀬"}],"2216":[{"pref":"新潟県","city":"阿賀野市","town":"渡場"}],"2217":[{"pref":"新潟県","city":"阿賀野市","town":"新保"}],"2221":[{"pref":"新潟県","city":"阿賀野市","town":"保田"}],"2222":[{"pref":"新潟県","city":"阿賀野市","town":"小浮"}],"2223":[{"pref":"新潟県","city":"阿賀野市","town":"布目"}],"2224":[{"pref":"新潟県","city":"阿賀野市","town":"千唐仁"}],"2225":[{"pref":"新潟県","city":"阿賀野市","town":"嶋瀬"}],"2226":[{"pref":"新潟県","city":"阿賀野市","town":"野田"}],"2227":[{"pref":"新潟県","city":"阿賀野市","town":"大和"}],"2301":[{"pref":"新潟県","city":"新発田市","town":"竹ケ花"}],"2302":[{"pref":"新潟県","city":"新発田市","town":"二ツ堂"}],"2303":[{"pref":"新潟県","city":"新発田市","town":"切梅"}],"2304":[{"pref":"新潟県","city":"新発田市","town":"大伝"}],"2305":[{"pref":"新潟県","city":"新発田市","town":"戸板沢"}],"2311":[{"pref":"新潟県","city":"新発田市","town":"荒町"}],"2312":[{"pref":"新潟県","city":"新発田市","town":"太斎"}],"2313":[{"pref":"新潟県","city":"新発田市","town":"藤掛"}],"2314":[{"pref":"新潟県","city":"新発田市","town":"赤橋"}],"2315":[{"pref":"新潟県","city":"新発田市","town":"小坂"}],"2321":[{"pref":"新潟県","city":"新発田市","town":"池ノ端"}],"2322":[{"pref":"新潟県","city":"新発田市","town":"下中ノ目"}],"2323":[{"pref":"新潟県","city":"新発田市","town":"乙次"}],"2324":[{"pref":"新潟県","city":"新発田市","town":"吉浦"}],"2325":[{"pref":"新潟県","city":"新発田市","town":"天王"}],"2326":[{"pref":"新潟県","city":"新発田市","town":"三ツ椡"}],"2327":[{"pref":"新潟県","city":"新発田市","town":"福島"}],"2328":[{"pref":"新潟県","city":"新発田市","town":"乗廻"}],"2329":[{"pref":"新潟県","city":"新発田市","town":"中ノ目新田"}],"2331":[{"pref":"新潟県","city":"新発田市","town":"下飯塚"}],"2332":[{"pref":"新潟県","city":"新発田市","town":"万代"}],"2333":[{"pref":"新潟県","city":"新発田市","town":"岡屋敷"}],"2334":[{"pref":"新潟県","city":"新発田市","town":"月岡"}],"2335":[{"pref":"新潟県","city":"新発田市","town":"本田"}],"2336":[{"pref":"新潟県","city":"新発田市","town":"加治万代"}],"2337":[{"pref":"新潟県","city":"新発田市","town":"竹俣万代"}],"2338":[{"pref":"新潟県","city":"新発田市","town":"月岡温泉"}],"2381":[{"pref":"新潟県","city":"新発田市","town":"滝沢"}],"2401":[{"pref":"新潟県","city":"新発田市","town":"湖南"}],"2402":[{"pref":"新潟県","city":"新発田市","town":"小島"}],"2403":[{"pref":"新潟県","city":"新発田市","town":"塚田"}],"2404":[{"pref":"新潟県","city":"新発田市","town":"下城"}],"2405":[{"pref":"新潟県","city":"新発田市","town":"野中"}],"2406":[{"pref":"新潟県","city":"新発田市","town":"稲荷"}],"2407":[{"pref":"新潟県","city":"新発田市","town":"川口"}],"2408":[{"pref":"新潟県","city":"新発田市","town":"吉田"}],"2409":[{"pref":"新潟県","city":"新発田市","town":"古楯"}],"2411":[{"pref":"新潟県","city":"新発田市","town":"横岡"}],"2412":[{"pref":"新潟県","city":"新発田市","town":"平山"}],"2413":[{"pref":"新潟県","city":"新発田市","town":"箱岩"}],"2414":[{"pref":"新潟県","city":"新発田市","town":"下山田"}],"2415":[{"pref":"新潟県","city":"新発田市","town":"住田"}],"2416":[{"pref":"新潟県","city":"新発田市","town":"西浦"}],"2417":[{"pref":"新潟県","city":"新発田市","town":"下西山"}],"2421":[{"pref":"新潟県","city":"新発田市","town":"上今泉"}],"2422":[{"pref":"新潟県","city":"新発田市","town":"関妻"}],"2425":[{"pref":"新潟県","city":"新発田市","town":"高田"}],"2426":[{"pref":"新潟県","city":"新発田市","town":"向中条"}],"2431":[{"pref":"新潟県","city":"新発田市","town":"釜杭"}],"2432":[{"pref":"新潟県","city":"新発田市","town":"二本木"}],"2433":[{"pref":"新潟県","city":"新発田市","town":"古川"}],"2434":[{"pref":"新潟県","city":"新発田市","town":"押廻"}],"2435":[{"pref":"新潟県","city":"新発田市","town":"川尻"}],"2436":[{"pref":"新潟県","city":"新発田市","town":"草荷"}],"2437":[{"pref":"新潟県","city":"新発田市","town":"高山寺"}],"2441":[{"pref":"新潟県","city":"新発田市","town":"金津"}],"2442":[{"pref":"新潟県","city":"新発田市","town":"茗荷谷"}],"2443":[{"pref":"新潟県","city":"新発田市","town":"新屋敷"}],"2444":[{"pref":"新潟県","city":"新発田市","town":"新保小路"}],"2445":[{"pref":"新潟県","city":"新発田市","town":"館野小路"}],"2451":[{"pref":"新潟県","city":"新発田市","town":"下中"}],"2452":[{"pref":"新潟県","city":"新発田市","town":"上館"}],"2453":[{"pref":"新潟県","city":"新発田市","town":"三日市"}],"2454":[{"pref":"新潟県","city":"新発田市","town":"早道場"}],"2455":[{"pref":"新潟県","city":"新発田市","town":"上小松"}],"2456":[{"pref":"新潟県","city":"新発田市","town":"下小松"}],"2457":[{"pref":"新潟県","city":"新発田市","town":"下今泉"}],"2461":[{"pref":"新潟県","city":"新発田市","town":"大野"}],"2462":[{"pref":"新潟県","city":"新発田市","town":"戸野港"}],"2463":[{"pref":"新潟県","city":"新発田市","town":"岡島"}],"2464":[{"pref":"新潟県","city":"新発田市","town":"金塚"}],"2465":[{"pref":"新潟県","city":"新発田市","town":"相馬"}],"2468":[{"pref":"新潟県","city":"新発田市","town":"中俵"}],"2471":[{"pref":"新潟県","city":"新発田市","town":"小国谷"}],"2472":[{"pref":"新潟県","city":"新発田市","town":"貝屋"}],"2473":[{"pref":"新潟県","city":"新発田市","town":"金山"}],"2474":[{"pref":"新潟県","city":"新発田市","town":"境"}],"2475":[{"pref":"新潟県","city":"新発田市","town":"寺尾"}],"2476":[{"pref":"新潟県","city":"新発田市","town":"貝塚"}],"2477":[{"pref":"新潟県","city":"新発田市","town":"下小中山"}],"2478":[{"pref":"新潟県","city":"新発田市","town":"下坂町"}],"2479":[{"pref":"新潟県","city":"新発田市","town":"金沢"}],"2501":[{"pref":"新潟県","city":"新発田市","town":"上荒沢"}],"2502":[{"pref":"新潟県","city":"新発田市","town":"熊出"}],"2503":[{"pref":"新潟県","city":"新発田市","town":"下中山"}],"2504":[{"pref":"新潟県","city":"新発田市","town":"上寺内"}],"2505":[{"pref":"新潟県","city":"新発田市","town":"下寺内"}],"2506":[{"pref":"新潟県","city":"新発田市","town":"横山"}],"2507":[{"pref":"新潟県","city":"新発田市","town":"溝足"}],"2511":[{"pref":"新潟県","city":"新発田市","town":"菅谷"}],"2512":[{"pref":"新潟県","city":"新発田市","town":"小出"}],"2513":[{"pref":"新潟県","city":"新発田市","town":"繁山"}],"2514":[{"pref":"新潟県","city":"新発田市","town":"上石川"}],"2515":[{"pref":"新潟県","city":"新発田市","town":"中川"}],"2516":[{"pref":"新潟県","city":"新発田市","town":"下石川"}],"2517":[{"pref":"新潟県","city":"新発田市","town":"麓"}],"2518":[{"pref":"新潟県","city":"新発田市","town":"滝"}],"2521":[{"pref":"新潟県","city":"新発田市","town":"蔵光"}],"2522":[{"pref":"新潟県","city":"新発田市","town":"北中江"}],"2523":[{"pref":"新潟県","city":"新発田市","town":"上中江"}],"2524":[{"pref":"新潟県","city":"新発田市","town":"下中江"}],"2525":[{"pref":"新潟県","city":"新発田市","town":"中倉"}],"2526":[{"pref":"新潟県","city":"新発田市","town":"中妻"}],"2527":[{"pref":"新潟県","city":"新発田市","town":"黒岩"}],"2528":[{"pref":"新潟県","city":"新発田市","town":"東宮内"}],"2600":[{"pref":"新潟県","city":"胎内市","town":"以下に掲載がない場合"}],"2601":[{"pref":"新潟県","city":"胎内市","town":"桃崎浜"}],"2602":[{"pref":"新潟県","city":"胎内市","town":"乙"}],"2603":[{"pref":"新潟県","city":"胎内市","town":"菅田"}],"2604":[{"pref":"新潟県","city":"胎内市","town":"大出"}],"2605":[{"pref":"新潟県","city":"胎内市","town":"江尻"}],"2606":[{"pref":"新潟県","city":"胎内市","town":"八幡"}],"2607":[{"pref":"新潟県","city":"胎内市","town":"地本"}],"2608":[{"pref":"新潟県","city":"胎内市","town":"富岡"}],"2609":[{"pref":"新潟県","city":"胎内市","town":"荒井浜"}],"2611":[{"pref":"新潟県","city":"胎内市","town":"山屋"}],"2612":[{"pref":"新潟県","city":"胎内市","town":"小地谷"}],"2613":[{"pref":"新潟県","city":"胎内市","town":"平木田駅前"}],"2614":[{"pref":"新潟県","city":"胎内市","town":"平木田"}],"2615":[{"pref":"新潟県","city":"胎内市","town":"横道"}],"2616":[{"pref":"新潟県","city":"胎内市","town":"土作"}],"2617":[{"pref":"新潟県","city":"胎内市","town":"高野村新田"}],"2618":[{"pref":"新潟県","city":"胎内市","town":"高野"}],"2619":[{"pref":"新潟県","city":"胎内市","town":"十二天"}],"2621":[{"pref":"新潟県","city":"胎内市","town":"並槻"}],"2622":[{"pref":"新潟県","city":"胎内市","town":"追分"}],"2623":[{"pref":"新潟県","city":"胎内市","town":"仁谷野"}],"2624":[{"pref":"新潟県","city":"胎内市","town":"羽黒"}],"2625":[{"pref":"新潟県","city":"胎内市","town":"半山"}],"2626":[{"pref":"新潟県","city":"胎内市","town":"飯角"}],"2627":[{"pref":"新潟県","city":"胎内市","town":"野中"}],"2628":[{"pref":"新潟県","city":"胎内市","town":"二葉町"}],"2629":[{"pref":"新潟県","city":"胎内市","town":"中条"}],"2631":[{"pref":"新潟県","city":"胎内市","town":"表町"}],"2632":[{"pref":"新潟県","city":"胎内市","town":"新栄町"}],"2633":[{"pref":"新潟県","city":"胎内市","town":"関沢"}],"2634":[{"pref":"新潟県","city":"胎内市","town":"小牧台"}],"2635":[{"pref":"新潟県","city":"胎内市","town":"つつじが丘"}],"2636":[{"pref":"新潟県","city":"胎内市","town":"星の宮町"}],"2637":[{"pref":"新潟県","city":"胎内市","town":"長橋"}],"2638":[{"pref":"新潟県","city":"胎内市","town":"水沢町"}],"2641":[{"pref":"新潟県","city":"胎内市","town":"若松町"}],"2642":[{"pref":"新潟県","city":"胎内市","town":"新和町"}],"2643":[{"pref":"新潟県","city":"胎内市","town":"東本町"}],"2644":[{"pref":"新潟県","city":"胎内市","town":"大川町"}],"2645":[{"pref":"新潟県","city":"胎内市","town":"本町"}],"2646":[{"pref":"新潟県","city":"胎内市","town":"西栄町"}],"2647":[{"pref":"新潟県","city":"胎内市","town":"北本町"}],"2648":[{"pref":"新潟県","city":"胎内市","town":"住吉町"}],"2651":[{"pref":"新潟県","city":"胎内市","town":"西条町"}],"2652":[{"pref":"新潟県","city":"胎内市","town":"協和町"}],"2653":[{"pref":"新潟県","city":"胎内市","town":"倉敷町"}],"2654":[{"pref":"新潟県","city":"胎内市","town":"本郷町"}],"2655":[{"pref":"新潟県","city":"胎内市","town":"本郷"}],"2656":[{"pref":"新潟県","city":"胎内市","town":"西本町"}],"2657":[{"pref":"新潟県","city":"胎内市","town":"江上"}],"2658":[{"pref":"新潟県","city":"胎内市","town":"西条"}],"2659":[{"pref":"新潟県","city":"胎内市","town":"あかね町"}],"2661":[{"pref":"新潟県","city":"胎内市","town":"赤川"}],"2662":[{"pref":"新潟県","city":"胎内市","town":"鷹ノ巣"}],"2663":[{"pref":"新潟県","city":"胎内市","town":"草野"}],"2664":[{"pref":"新潟県","city":"胎内市","town":"柴橋"}],"2665":[{"pref":"新潟県","city":"胎内市","town":"大塚"}],"2666":[{"pref":"新潟県","city":"胎内市","town":"新舘"}],"2667":[{"pref":"新潟県","city":"胎内市","town":"西川内"}],"2668":[{"pref":"新潟県","city":"胎内市","town":"弥彦岡"}],"2669":[{"pref":"新潟県","city":"胎内市","town":"塩津"}],"2671":[{"pref":"新潟県","city":"胎内市","town":"東川内"}],"2672":[{"pref":"新潟県","city":"胎内市","town":"八田"}],"2673":[{"pref":"新潟県","city":"胎内市","town":"寅田"}],"2674":[{"pref":"新潟県","city":"胎内市","town":"小舟戸"}],"2675":[{"pref":"新潟県","city":"胎内市","town":"船戸"}],"2676":[{"pref":"新潟県","city":"胎内市","town":"上城塚"}],"2677":[{"pref":"新潟県","city":"胎内市","town":"下城塚"}],"2701":[{"pref":"新潟県","city":"胎内市","town":"笹口浜"}],"2702":[{"pref":"新潟県","city":"胎内市","town":"平根台"}],"2703":[{"pref":"新潟県","city":"胎内市","town":"高畑"}],"2704":[{"pref":"新潟県","city":"胎内市","town":"宮瀬"}],"2705":[{"pref":"新潟県","city":"胎内市","town":"鴻ノ巣"}],"2706":[{"pref":"新潟県","city":"胎内市","town":"山王"}],"2707":[{"pref":"新潟県","city":"胎内市","town":"下高田"}],"2708":[{"pref":"新潟県","city":"胎内市","town":"中村浜"}],"2709":[{"pref":"新潟県","city":"胎内市","town":"村松浜"}],"2712":[{"pref":"新潟県","city":"胎内市","town":"築地"}],"2713":[{"pref":"新潟県","city":"胎内市","town":"築地新"}],"2714":[{"pref":"新潟県","city":"胎内市","town":"堀口"}],"2715":[{"pref":"新潟県","city":"胎内市","town":"高橋"}],"2716":[{"pref":"新潟県","city":"胎内市","town":"中倉"}],"2721":[{"pref":"新潟県","city":"胎内市","town":"苔実"}],"2722":[{"pref":"新潟県","city":"胎内市","town":"竹島"}],"2723":[{"pref":"新潟県","city":"胎内市","town":"宮川"}],"2724":[{"pref":"新潟県","city":"胎内市","town":"北成田"}],"2801":[{"pref":"新潟県","city":"胎内市","town":"近江新"}],"2802":[{"pref":"新潟県","city":"胎内市","town":"切田"}],"2803":[{"pref":"新潟県","city":"胎内市","town":"蔵王"}],"2804":[{"pref":"新潟県","city":"胎内市","town":"塩沢"}],"2805":[{"pref":"新潟県","city":"胎内市","town":"下館"}],"2806":[{"pref":"新潟県","city":"胎内市","town":"下赤谷"}],"2807":[{"pref":"新潟県","city":"胎内市","town":"黒川"}],"2808":[{"pref":"新潟県","city":"胎内市","town":"東牧"}],"2809":[{"pref":"新潟県","city":"胎内市","town":"下江端"}],"2811":[{"pref":"新潟県","city":"胎内市","town":"鍬江"}],"2812":[{"pref":"新潟県","city":"胎内市","town":"小長谷"}],"2813":[{"pref":"新潟県","city":"胎内市","town":"大長谷"}],"2814":[{"pref":"新潟県","city":"胎内市","town":"黒俣"}],"2815":[{"pref":"新潟県","city":"胎内市","town":"持倉"}],"2816":[{"pref":"新潟県","city":"胎内市","town":"下荒沢"}],"2817":[{"pref":"新潟県","city":"胎内市","town":"須巻"}],"2821":[{"pref":"新潟県","city":"胎内市","town":"坪穴"}],"2822":[{"pref":"新潟県","city":"胎内市","town":"夏井"}],"2823":[{"pref":"新潟県","city":"胎内市","town":"熱田坂"}],"2824":[{"pref":"新潟県","city":"胎内市","town":"宮久"}],"2825":[{"pref":"新潟県","city":"胎内市","town":"坂井"}],"2826":[{"pref":"新潟県","city":"胎内市","town":"鼓岡"}],"2827":[{"pref":"新潟県","city":"胎内市","town":"栗木野新田"}],"3101":[{"pref":"新潟県","city":"村上市","town":"花立"}],"3102":[{"pref":"新潟県","city":"村上市","town":"貝附"}],"3103":[{"pref":"新潟県","city":"村上市","town":"荒島"}],"3104":[{"pref":"新潟県","city":"村上市","town":"春木山"}],"3105":[{"pref":"新潟県","city":"村上市","town":"梨木"}],"3106":[{"pref":"新潟県","city":"村上市","town":"切田"}],"3107":[{"pref":"新潟県","city":"村上市","town":"下鍜冶屋"}],"3108":[{"pref":"新潟県","city":"村上市","town":"上鍜冶屋"}],"3111":[{"pref":"新潟県","city":"村上市","town":"長政"}],"3112":[{"pref":"新潟県","city":"村上市","town":"中野"}],"3113":[{"pref":"新潟県","city":"村上市","town":"名割"}],"3114":[{"pref":"新潟県","city":"村上市","town":"南新保"}],"3115":[{"pref":"新潟県","city":"村上市","town":"新光寺"}],"3116":[{"pref":"新潟県","city":"村上市","town":"荒屋"}],"3117":[{"pref":"新潟県","city":"村上市","town":"海老江"}],"3121":[{"pref":"新潟県","city":"村上市","town":"佐々木"}],"3122":[{"pref":"新潟県","city":"村上市","town":"大津"}],"3123":[{"pref":"新潟県","city":"村上市","town":"中倉"}],"3124":[{"pref":"新潟県","city":"村上市","town":"金屋"}],"3125":[{"pref":"新潟県","city":"村上市","town":"荒川縁新田"}],"3126":[{"pref":"新潟県","city":"村上市","town":"鳥屋"}],"3131":[{"pref":"新潟県","city":"村上市","town":"藤沢"}],"3132":[{"pref":"新潟県","city":"村上市","town":"坂町"}],"3133":[{"pref":"新潟県","city":"村上市","town":"山口"}],"3134":[{"pref":"新潟県","city":"村上市","town":"羽ヶ榎"}],"3200":[{"pref":"新潟県","city":"岩船郡関川村","town":"以下に掲載がない場合"}],"3201":[{"pref":"新潟県","city":"岩船郡関川村","town":"朴坂"}],"3202":[{"pref":"新潟県","city":"岩船郡関川村","town":"宮前"}],"3203":[{"pref":"新潟県","city":"岩船郡関川村","town":"南中"}],"3204":[{"pref":"新潟県","city":"岩船郡関川村","town":"蛇喰"}],"3205":[{"pref":"新潟県","city":"岩船郡関川村","town":"上新保"}],"3206":[{"pref":"新潟県","city":"岩船郡関川村","town":"中束"}],"3207":[{"pref":"新潟県","city":"岩船郡関川村","town":"蕨野"}],"3208":[{"pref":"新潟県","city":"岩船郡関川村","town":"田麦千刈"}],"3211":[{"pref":"新潟県","city":"岩船郡関川村","town":"小和田"}],"3212":[{"pref":"新潟県","city":"岩船郡関川村","town":"若山"}],"3213":[{"pref":"新潟県","city":"岩船郡関川村","town":"上野"}],"3214":[{"pref":"新潟県","city":"岩船郡関川村","town":"上野新"}],"3215":[{"pref":"新潟県","city":"岩船郡関川村","town":"深沢"}],"3216":[{"pref":"新潟県","city":"岩船郡関川村","town":"上野原"}],"3221":[{"pref":"新潟県","city":"岩船郡関川村","town":"下川口"}],"3222":[{"pref":"新潟県","city":"岩船郡関川村","town":"荒川台"}],"3223":[{"pref":"新潟県","city":"岩船郡関川村","town":"大内淵"}],"3224":[{"pref":"新潟県","city":"岩船郡関川村","town":"聞出"}],"3225":[{"pref":"新潟県","city":"岩船郡関川村","town":"沼"}],"3226":[{"pref":"新潟県","city":"岩船郡関川村","town":"片貝"}],"3227":[{"pref":"新潟県","city":"岩船郡関川村","town":"八ツ口"}],"3228":[{"pref":"新潟県","city":"岩船郡関川村","town":"金丸"}],"3231":[{"pref":"新潟県","city":"岩船郡関川村","town":"上川口"}],"3232":[{"pref":"新潟県","city":"岩船郡関川村","town":"蔵田島"}],"3233":[{"pref":"新潟県","city":"岩船郡関川村","town":"久保"}],"3234":[{"pref":"新潟県","city":"岩船郡関川村","town":"鮖谷"}],"3235":[{"pref":"新潟県","city":"岩船郡関川村","town":"安角"}],"3236":[{"pref":"新潟県","city":"岩船郡関川村","town":"大石"}],"3237":[{"pref":"新潟県","city":"岩船郡関川村","town":"金俣"}],"3241":[{"pref":"新潟県","city":"岩船郡関川村","town":"大島"}],"3242":[{"pref":"新潟県","city":"岩船郡関川村","town":"下土沢"}],"3243":[{"pref":"新潟県","city":"岩船郡関川村","town":"鍬江沢"}],"3244":[{"pref":"新潟県","city":"岩船郡関川村","town":"山本"}],"3245":[{"pref":"新潟県","city":"岩船郡関川村","town":"幾地"}],"3246":[{"pref":"新潟県","city":"岩船郡関川村","town":"上土沢"}],"3251":[{"pref":"新潟県","city":"岩船郡関川村","town":"桂"}],"3252":[{"pref":"新潟県","city":"岩船郡関川村","town":"高田"}],"3253":[{"pref":"新潟県","city":"岩船郡関川村","town":"平内新"}],"3254":[{"pref":"新潟県","city":"岩船郡関川村","town":"小見前新田"}],"3255":[{"pref":"新潟県","city":"岩船郡関川村","town":"松ケ丘"}],"3256":[{"pref":"新潟県","city":"岩船郡関川村","town":"小見"}],"3257":[{"pref":"新潟県","city":"岩船郡関川村","town":"上野山"}],"3258":[{"pref":"新潟県","city":"岩船郡関川村","town":"滝原"}],"3259":[{"pref":"新潟県","city":"岩船郡関川村","town":"松平"}],"3261":[{"pref":"新潟県","city":"岩船郡関川村","town":"湯沢"}],"3262":[{"pref":"新潟県","city":"岩船郡関川村","town":"沢"}],"3263":[{"pref":"新潟県","city":"岩船郡関川村","town":"高瀬"}],"3264":[{"pref":"新潟県","city":"岩船郡関川村","town":"上関"}],"3265":[{"pref":"新潟県","city":"岩船郡関川村","town":"下関"}],"3271":[{"pref":"新潟県","city":"岩船郡関川村","town":"辰田新"}],"3272":[{"pref":"新潟県","city":"岩船郡関川村","town":"打上"}],"3273":[{"pref":"新潟県","city":"岩船郡関川村","town":"勝蔵"}],"3274":[{"pref":"新潟県","city":"岩船郡関川村","town":"南赤谷"}],"3275":[{"pref":"新潟県","city":"岩船郡関川村","town":"内須川"}],"3401":[{"pref":"新潟県","city":"村上市","town":"七湊"}],"3402":[{"pref":"新潟県","city":"村上市","town":"志田平"}],"3403":[{"pref":"新潟県","city":"村上市","town":"上助渕"}],"3404":[{"pref":"新潟県","city":"村上市","town":"山屋"}],"3405":[{"pref":"新潟県","city":"村上市","town":"里本庄"}],"3406":[{"pref":"新潟県","city":"村上市","town":"下助渕"}],"3407":[{"pref":"新潟県","city":"村上市","town":"殿岡"}],"3411":[{"pref":"新潟県","city":"村上市","town":"南大平"}],"3412":[{"pref":"新潟県","city":"村上市","town":"指合"}],"3413":[{"pref":"新潟県","city":"村上市","town":"小出"}],"3414":[{"pref":"新潟県","city":"村上市","town":"有明"}],"3415":[{"pref":"新潟県","city":"村上市","town":"大塚"}],"3416":[{"pref":"新潟県","city":"村上市","town":"今宿"}],"3417":[{"pref":"新潟県","city":"村上市","town":"河内"}],"3421":[{"pref":"新潟県","city":"村上市","town":"桃川"}],"3422":[{"pref":"新潟県","city":"村上市","town":"飯岡"}],"3423":[{"pref":"新潟県","city":"村上市","town":"九日市"}],"3424":[{"pref":"新潟県","city":"村上市","town":"牧目"}],"3425":[{"pref":"新潟県","city":"村上市","town":"山田"}],"3426":[{"pref":"新潟県","city":"村上市","town":"岩野沢"}],"3427":[{"pref":"新潟県","city":"村上市","town":"松沢"}],"3428":[{"pref":"新潟県","city":"村上市","town":"松喜和"}],"3431":[{"pref":"新潟県","city":"村上市","town":"平林"}],"3432":[{"pref":"新潟県","city":"村上市","town":"葛籠山"}],"3433":[{"pref":"新潟県","city":"村上市","town":"川部"}],"3434":[{"pref":"新潟県","city":"村上市","town":"小岩内"}],"3435":[{"pref":"新潟県","city":"村上市","town":"宿田"}],"3436":[{"pref":"新潟県","city":"村上市","town":"牛屋"}],"3437":[{"pref":"新潟県","city":"村上市","town":"福田"}],"3441":[{"pref":"新潟県","city":"村上市","town":"塩谷"}],"3442":[{"pref":"新潟県","city":"村上市","town":"長松"}],"3443":[{"pref":"新潟県","city":"村上市","town":"北新保"}],"3444":[{"pref":"新潟県","city":"村上市","town":"南田中"}],"3445":[{"pref":"新潟県","city":"村上市","town":"新飯田"}],"3446":[{"pref":"新潟県","city":"村上市","town":"小口川"}],"3447":[{"pref":"新潟県","city":"村上市","town":"高御堂"}],"3448":[{"pref":"新潟県","city":"村上市","town":"潟端"}],"3449":[{"pref":"新潟県","city":"村上市","town":"岩船駅前"}],"3651":[{"pref":"新潟県","city":"村上市","town":"芦谷"}],"3652":[{"pref":"新潟県","city":"村上市","town":"越沢"}],"3653":[{"pref":"新潟県","city":"村上市","town":"寒川"}],"3661":[{"pref":"新潟県","city":"村上市","town":"脇川"}],"3662":[{"pref":"新潟県","city":"村上市","town":"今川"}],"3663":[{"pref":"新潟県","city":"村上市","town":"板貝"}],"3664":[{"pref":"新潟県","city":"村上市","town":"笹川"}],"3665":[{"pref":"新潟県","city":"村上市","town":"桑川"}],"3666":[{"pref":"新潟県","city":"村上市","town":"浜新保"}],"3901":[{"pref":"新潟県","city":"村上市","town":"伊呉野"}],"3902":[{"pref":"新潟県","city":"村上市","town":"中浜"}],"3903":[{"pref":"新潟県","city":"村上市","town":"岩崎"}],"3904":[{"pref":"新潟県","city":"村上市","town":"温出"}],"3905":[{"pref":"新潟県","city":"村上市","town":"堀ノ内"}],"3906":[{"pref":"新潟県","city":"村上市","town":"大谷沢"}],"3907":[{"pref":"新潟県","city":"村上市","town":"府屋"}],"3911":[{"pref":"新潟県","city":"村上市","town":"杉平"}],"3912":[{"pref":"新潟県","city":"村上市","town":"遅郷"}],"3913":[{"pref":"新潟県","city":"村上市","town":"岩石"}],"3914":[{"pref":"新潟県","city":"村上市","town":"小俣"}],"3915":[{"pref":"新潟県","city":"村上市","town":"大代"}],"3916":[{"pref":"新潟県","city":"村上市","town":"雷"}],"3917":[{"pref":"新潟県","city":"村上市","town":"山熊田"}],"3918":[{"pref":"新潟県","city":"村上市","town":"中継"}],"3919":[{"pref":"新潟県","city":"村上市","town":"塔下"}],"3921":[{"pref":"新潟県","city":"村上市","town":"荒川口"}],"3922":[{"pref":"新潟県","city":"村上市","town":"朴平"}],"3923":[{"pref":"新潟県","city":"村上市","town":"荒川"}],"3924":[{"pref":"新潟県","city":"村上市","town":"北黒川"}],"3925":[{"pref":"新潟県","city":"村上市","town":"大沢"}],"3926":[{"pref":"新潟県","city":"村上市","town":"大毎"}],"3927":[{"pref":"新潟県","city":"村上市","town":"北中"}],"3928":[{"pref":"新潟県","city":"村上市","town":"中津原"}],"3931":[{"pref":"新潟県","city":"村上市","town":"長坂"}],"3932":[{"pref":"新潟県","city":"村上市","town":"垣之内"}],"3933":[{"pref":"新潟県","city":"村上市","town":"下大鳥"}],"3934":[{"pref":"新潟県","city":"村上市","town":"上大鳥"}],"3935":[{"pref":"新潟県","city":"村上市","town":"北田中"}],"3936":[{"pref":"新潟県","city":"村上市","town":"北赤谷"}],"3937":[{"pref":"新潟県","city":"村上市","town":"板屋沢"}],"3938":[{"pref":"新潟県","city":"村上市","town":"遠矢崎"}],"3941":[{"pref":"新潟県","city":"村上市","town":"碁石"}],"3942":[{"pref":"新潟県","city":"村上市","town":"勝木"}],"3943":[{"pref":"新潟県","city":"村上市","town":"下大蔵"}],"3944":[{"pref":"新潟県","city":"村上市","town":"立島"}],"3945":[{"pref":"新潟県","city":"村上市","town":"間瀬"}],"3946":[{"pref":"新潟県","city":"村上市","town":"寝屋"}],"3947":[{"pref":"新潟県","city":"村上市","town":"鵜泊"}],"3948":[{"pref":"新潟県","city":"村上市","town":"上大蔵"}],"4301":[{"pref":"新潟県","city":"東蒲原郡阿賀町","town":"向鹿瀬"}],"4302":[{"pref":"新潟県","city":"東蒲原郡阿賀町","town":"鹿瀬"}],"4303":[{"pref":"新潟県","city":"東蒲原郡阿賀町","town":"日出谷"}],"4304":[{"pref":"新潟県","city":"東蒲原郡阿賀町","town":"豊実"}],"4400":[{"pref":"新潟県","city":"東蒲原郡阿賀町","town":"以下に掲載がない場合"}],"4401":[{"pref":"新潟県","city":"東蒲原郡阿賀町","town":"角島"}],"4402":[{"pref":"新潟県","city":"東蒲原郡阿賀町","town":"津川"}],"4403":[{"pref":"新潟県","city":"東蒲原郡阿賀町","town":"平堀"}],"4404":[{"pref":"新潟県","city":"東蒲原郡阿賀町","town":"広沢"}],"4405":[{"pref":"新潟県","city":"東蒲原郡阿賀町","town":"上ノ山"}],"4406":[{"pref":"新潟県","city":"東蒲原郡阿賀町","town":"雲和田"}],"4407":[{"pref":"新潟県","city":"東蒲原郡阿賀町","town":"西"}],"4408":[{"pref":"新潟県","city":"東蒲原郡阿賀町","town":"赤岩"}],"4409":[{"pref":"新潟県","city":"東蒲原郡阿賀町","town":"京ノ瀬"}],"4410":[{"pref":"新潟県","city":"東蒲原郡阿賀町","town":"大牧"}],"4411":[{"pref":"新潟県","city":"東蒲原郡阿賀町","town":"天満"}],"4412":[{"pref":"新潟県","city":"東蒲原郡阿賀町","town":"花立"}],"4413":[{"pref":"新潟県","city":"東蒲原郡阿賀町","town":"倉ノ平"}],"4414":[{"pref":"新潟県","city":"東蒲原郡阿賀町","town":"福取"}],"4415":[{"pref":"新潟県","city":"東蒲原郡阿賀町","town":"八ツ田"}],"4416":[{"pref":"新潟県","city":"東蒲原郡阿賀町","town":"田沢"}],"4417":[{"pref":"新潟県","city":"東蒲原郡阿賀町","town":"八木山"}],"4418":[{"pref":"新潟県","city":"東蒲原郡阿賀町","town":"野村"}],"4441":[{"pref":"新潟県","city":"東蒲原郡阿賀町","town":"払川"}],"4501":[{"pref":"新潟県","city":"東蒲原郡阿賀町","town":"九島"}],"4502":[{"pref":"新潟県","city":"東蒲原郡阿賀町","town":"小出"}],"4503":[{"pref":"新潟県","city":"東蒲原郡阿賀町","town":"豊川乙"}],"4504":[{"pref":"新潟県","city":"東蒲原郡阿賀町","town":"豊川丙"}],"4505":[{"pref":"新潟県","city":"東蒲原郡阿賀町","town":"豊川甲"}],"4506":[{"pref":"新潟県","city":"東蒲原郡阿賀町","town":"両郷乙"}],"4507":[{"pref":"新潟県","city":"東蒲原郡阿賀町","town":"両郷甲"}],"4511":[{"pref":"新潟県","city":"東蒲原郡阿賀町","town":"東山"}],"4512":[{"pref":"新潟県","city":"東蒲原郡阿賀町","town":"大倉乙"}],"4513":[{"pref":"新潟県","city":"東蒲原郡阿賀町","town":"大倉甲"}],"4514":[{"pref":"新潟県","city":"東蒲原郡阿賀町","town":"七名乙"}],"4515":[{"pref":"新潟県","city":"東蒲原郡阿賀町","town":"七名甲"}],"4521":[{"pref":"新潟県","city":"東蒲原郡阿賀町","town":"三宝分甲"}],"4522":[{"pref":"新潟県","city":"東蒲原郡阿賀町","town":"三宝分乙"}],"4523":[{"pref":"新潟県","city":"東蒲原郡阿賀町","town":"三宝分丙"}],"4524":[{"pref":"新潟県","city":"東蒲原郡阿賀町","town":"三方乙"}],"4525":[{"pref":"新潟県","city":"東蒲原郡阿賀町","town":"小手茂"}],"4526":[{"pref":"新潟県","city":"東蒲原郡阿賀町","town":"三方甲"}],"4531":[{"pref":"新潟県","city":"東蒲原郡阿賀町","town":"日野川甲"}],"4532":[{"pref":"新潟県","city":"東蒲原郡阿賀町","town":"広谷丙"}],"4533":[{"pref":"新潟県","city":"東蒲原郡阿賀町","town":"神谷丙"}],"4534":[{"pref":"新潟県","city":"東蒲原郡阿賀町","town":"神谷乙"}],"4535":[{"pref":"新潟県","city":"東蒲原郡阿賀町","town":"神谷甲"}],"4536":[{"pref":"新潟県","city":"東蒲原郡阿賀町","town":"広谷甲"}],"4537":[{"pref":"新潟県","city":"東蒲原郡阿賀町","town":"広谷乙"}],"4538":[{"pref":"新潟県","city":"東蒲原郡阿賀町","town":"日野川丙"}],"4539":[{"pref":"新潟県","city":"東蒲原郡阿賀町","town":"日野川乙"}],"4601":[{"pref":"新潟県","city":"東蒲原郡阿賀町","town":"綱木"}],"4602":[{"pref":"新潟県","city":"東蒲原郡阿賀町","town":"古岐"}],"4603":[{"pref":"新潟県","city":"東蒲原郡阿賀町","town":"新谷"}],"4604":[{"pref":"新潟県","city":"東蒲原郡阿賀町","town":"行地"}],"4605":[{"pref":"新潟県","city":"東蒲原郡阿賀町","town":"細越"}],"4606":[{"pref":"新潟県","city":"東蒲原郡阿賀町","town":"五十沢"}],"4608":[{"pref":"新潟県","city":"東蒲原郡阿賀町","town":"小花地"}],"4611":[{"pref":"新潟県","city":"東蒲原郡阿賀町","town":"中ノ沢"}],"4612":[{"pref":"新潟県","city":"東蒲原郡阿賀町","town":"岡沢"}],"4614":[{"pref":"新潟県","city":"東蒲原郡阿賀町","town":"五十島"}],"4617":[{"pref":"新潟県","city":"東蒲原郡阿賀町","town":"上島"}],"4618":[{"pref":"新潟県","city":"東蒲原郡阿賀町","town":"川口"}],"4621":[{"pref":"新潟県","city":"東蒲原郡阿賀町","town":"あが野北"}],"4622":[{"pref":"新潟県","city":"東蒲原郡阿賀町","town":"白崎"}],"4623":[{"pref":"新潟県","city":"東蒲原郡阿賀町","town":"黒岩"}],"4624":[{"pref":"新潟県","city":"東蒲原郡阿賀町","town":"谷沢"}],"4625":[{"pref":"新潟県","city":"東蒲原郡阿賀町","town":"吉津"}],"4626":[{"pref":"新潟県","city":"東蒲原郡阿賀町","town":"あが野南"}],"4627":[{"pref":"新潟県","city":"東蒲原郡阿賀町","town":"岩谷"}],"4631":[{"pref":"新潟県","city":"東蒲原郡阿賀町","town":"取上"}],"4632":[{"pref":"新潟県","city":"東蒲原郡阿賀町","town":"石戸"}],"4633":[{"pref":"新潟県","city":"東蒲原郡阿賀町","town":"長谷"}],"4634":[{"pref":"新潟県","city":"東蒲原郡阿賀町","town":"熊渡"}],"4635":[{"pref":"新潟県","city":"東蒲原郡阿賀町","town":"釣浜"}],"4636":[{"pref":"新潟県","city":"東蒲原郡阿賀町","town":"石間"}],"0401":[{"pref":"新潟県","city":"新潟市西区","town":"與兵衛野新田"},{"pref":"新潟県","city":"新潟市西蒲区","town":"與兵衛野新田"}],"0501":[{"pref":"新潟県","city":"新潟市西蒲区","town":"井随"}],"0513":[{"pref":"新潟県","city":"新潟市西蒲区","town":"茨島"}],"0515":[{"pref":"新潟県","city":"新潟市西蒲区","town":"今井"}],"0507":[{"pref":"新潟県","city":"新潟市西蒲区","town":"卯八郎受"}],"0416":[{"pref":"新潟県","city":"新潟市西蒲区","town":"浦村"}],"0506":[{"pref":"新潟県","city":"新潟市西蒲区","town":"遠藤"}],"0415":[{"pref":"新潟県","city":"新潟市西蒲区","town":"大潟"}],"0417":[{"pref":"新潟県","city":"新潟市西蒲区","town":"大関"}],"0517":[{"pref":"新潟県","city":"新潟市西蒲区","town":"大曽根"}],"0511":[{"pref":"新潟県","city":"新潟市西蒲区","town":"大原"}],"0425":[{"pref":"新潟県","city":"新潟市西蒲区","town":"押付"}],"0403":[{"pref":"新潟県","city":"新潟市西蒲区","town":"貝柄"}],"0404":[{"pref":"新潟県","city":"新潟市西蒲区","town":"貝柄新田"}],"0432":[{"pref":"新潟県","city":"新潟市西蒲区","town":"川崎"}],"0516":[{"pref":"新潟県","city":"新潟市西蒲区","town":"国見"}],"0502":[{"pref":"新潟県","city":"新潟市西蒲区","town":"熊谷"}],"0412":[{"pref":"新潟県","city":"新潟市西蒲区","town":"桑山"}],"0508":[{"pref":"新潟県","city":"新潟市西蒲区","town":"五之上"}],"0435":[{"pref":"新潟県","city":"新潟市西蒲区","town":"真田"}],"0402":[{"pref":"新潟県","city":"新潟市西蒲区","town":"三角野新田"}],"0505":[{"pref":"新潟県","city":"新潟市西蒲区","town":"三方"}],"0438":[{"pref":"新潟県","city":"新潟市西蒲区","town":"下山"}],"0514":[{"pref":"新潟県","city":"新潟市西蒲区","town":"称名"}],"0421":[{"pref":"新潟県","city":"新潟市西蒲区","town":"鱸"}],"0411":[{"pref":"新潟県","city":"新潟市西蒲区","town":"善光寺"}],"0406":[{"pref":"新潟県","city":"新潟市西蒲区","town":"善光寺村受"}],"0422":[{"pref":"新潟県","city":"新潟市西蒲区","town":"曽根"}],"0434":[{"pref":"新潟県","city":"新潟市西蒲区","town":"天竺堂"}],"0437":[{"pref":"新潟県","city":"新潟市西蒲区","town":"中島"}],"0436":[{"pref":"新潟県","city":"新潟市西蒲区","town":"西汰上"}],"0423":[{"pref":"新潟県","city":"新潟市西蒲区","town":"旗屋"}],"0407":[{"pref":"新潟県","city":"新潟市西蒲区","town":"旗屋村受"}],"0512":[{"pref":"新潟県","city":"新潟市西蒲区","town":"番屋"}],"0414":[{"pref":"新潟県","city":"新潟市西蒲区","town":"兵右衛門新田"}],"0431":[{"pref":"新潟県","city":"新潟市西蒲区","town":"平野"}],"0405":[{"pref":"新潟県","city":"新潟市西蒲区","town":"堀上新田"}],"0433":[{"pref":"新潟県","city":"新潟市西蒲区","town":"槇島"}],"0418":[{"pref":"新潟県","city":"新潟市西蒲区","town":"升岡"}],"0413":[{"pref":"新潟県","city":"新潟市西蒲区","town":"升潟"}],"0424":[{"pref":"新潟県","city":"新潟市西蒲区","town":"松崎"}],"0519":[{"pref":"新潟県","city":"新潟市西蒲区","town":"美里"}],"0518":[{"pref":"新潟県","city":"新潟市西蒲区","town":"南"}],"0426":[{"pref":"新潟県","city":"新潟市西蒲区","town":"矢島"}],"0503":[{"pref":"新潟県","city":"新潟市西蒲区","town":"山口新田"}],"0504":[{"pref":"新潟県","city":"新潟市西蒲区","town":"横戸"}],"0521":[{"pref":"新潟県","city":"新潟市西蒲区","town":"鎧潟"}],"0162":[{"pref":"新潟県","city":"長岡市","town":"寺泊小豆曽根"}],"0155":[{"pref":"新潟県","city":"長岡市","town":"寺泊有信"}],"0149":[{"pref":"新潟県","city":"長岡市","town":"寺泊入軽井"}],"0147":[{"pref":"新潟県","city":"長岡市","town":"寺泊岩方"}],"0156":[{"pref":"新潟県","city":"長岡市","town":"寺泊木島"}],"0165":[{"pref":"新潟県","city":"長岡市","town":"寺泊北曽根"}],"0154":[{"pref":"新潟県","city":"長岡市","town":"寺泊五分一"}],"0152":[{"pref":"新潟県","city":"長岡市","town":"寺泊下桐"}],"0164":[{"pref":"新潟県","city":"長岡市","town":"寺泊下中条"}],"0163":[{"pref":"新潟県","city":"長岡市","town":"寺泊新長"}],"0143":[{"pref":"新潟県","city":"長岡市","town":"寺泊高内"}],"0161":[{"pref":"新潟県","city":"長岡市","town":"寺泊竹森"}],"0146":[{"pref":"新潟県","city":"長岡市","town":"寺泊田尻"}],"0141":[{"pref":"新潟県","city":"長岡市","town":"寺泊敦ケ曽根"}],"0153":[{"pref":"新潟県","city":"長岡市","town":"寺泊硲田"}],"0142":[{"pref":"新潟県","city":"長岡市","town":"寺泊万善寺"}],"0145":[{"pref":"新潟県","city":"長岡市","town":"寺泊平野新村新田"}],"0144":[{"pref":"新潟県","city":"長岡市","town":"寺泊町軽井"}],"0151":[{"pref":"新潟県","city":"長岡市","town":"寺泊求草"}],"0148":[{"pref":"新潟県","city":"長岡市","town":"寺泊矢田"}],"0157":[{"pref":"新潟県","city":"長岡市","town":"寺泊鰐口"}],"0227":[{"pref":"新潟県","city":"燕市","town":"粟生津"}],"0131":[{"pref":"新潟県","city":"燕市","town":"泉新"}],"0114":[{"pref":"新潟県","city":"燕市","town":"一ノ山"}],"0113":[{"pref":"新潟県","city":"燕市","town":"笈ケ島"}],"0123":[{"pref":"新潟県","city":"燕市","town":"大川津"}],"0108":[{"pref":"新潟県","city":"燕市","town":"太田"}],"0122":[{"pref":"新潟県","city":"燕市","town":"大武新田"}],"0207":[{"pref":"新潟県","city":"燕市","town":"庚塚"}],"0225":[{"pref":"新潟県","city":"燕市","town":"上河原"}],"0181":[{"pref":"新潟県","city":"燕市","town":"上諏訪"}],"0136":[{"pref":"新潟県","city":"燕市","town":"国上"}],"0112":[{"pref":"新潟県","city":"燕市","town":"熊森"}],"0137":[{"pref":"新潟県","city":"燕市","town":"源八新田"}],"0203":[{"pref":"新潟県","city":"燕市","town":"小島"}],"0124":[{"pref":"新潟県","city":"燕市","town":"五千石"},{"pref":"新潟県","city":"燕市","town":"五千石荒川"}],"0117":[{"pref":"新潟県","city":"燕市","town":"笹曲"}],"0101":[{"pref":"新潟県","city":"燕市","town":"佐善"}],"0202":[{"pref":"新潟県","city":"燕市","town":"佐渡山"}],"0121":[{"pref":"新潟県","city":"燕市","town":"地蔵堂"}],"0129":[{"pref":"新潟県","city":"燕市","town":"地蔵堂本町"}],"0222":[{"pref":"新潟県","city":"燕市","town":"下粟生津"}],"0183":[{"pref":"新潟県","city":"燕市","town":"下諏訪"}],"0116":[{"pref":"新潟県","city":"燕市","town":"新興野"}],"0125":[{"pref":"新潟県","city":"燕市","town":"新長"}],"0205":[{"pref":"新潟県","city":"燕市","town":"雀森"}],"0103":[{"pref":"新潟県","city":"燕市","town":"砂子塚"}],"0208":[{"pref":"新潟県","city":"燕市","town":"大保"}],"0228":[{"pref":"新潟県","city":"燕市","town":"高木"}],"0223":[{"pref":"新潟県","city":"燕市","town":"田中新"}],"0139":[{"pref":"新潟県","city":"燕市","town":"長辰"}],"0211":[{"pref":"新潟県","city":"燕市","town":"富永"}],"0212":[{"pref":"新潟県","city":"燕市","town":"富永十兵衛新田"}],"0105":[{"pref":"新潟県","city":"燕市","town":"中島"}],"0182":[{"pref":"新潟県","city":"燕市","town":"中諏訪"}],"0133":[{"pref":"新潟県","city":"燕市","town":"新堀"}],"0201":[{"pref":"新潟県","city":"燕市","town":"西槇"}],"0126":[{"pref":"新潟県","city":"燕市","town":"野中才"}],"0224":[{"pref":"新潟県","city":"燕市","town":"野本"}],"0132":[{"pref":"新潟県","city":"燕市","town":"分水あけぼの"}],"0107":[{"pref":"新潟県","city":"燕市","town":"分水旭町"}],"0119":[{"pref":"新潟県","city":"燕市","town":"分水大武"}],"0115":[{"pref":"新潟県","city":"燕市","town":"分水学校町"}],"0109":[{"pref":"新潟県","city":"燕市","town":"分水向陽"}],"0120":[{"pref":"新潟県","city":"燕市","town":"分水栄町"}],"0130":[{"pref":"新潟県","city":"燕市","town":"分水桜町"}],"0128":[{"pref":"新潟県","city":"燕市","town":"分水新町"}],"0106":[{"pref":"新潟県","city":"燕市","town":"分水東学校町"}],"0127":[{"pref":"新潟県","city":"燕市","town":"分水文京町"}],"0118":[{"pref":"新潟県","city":"燕市","town":"分水向山"}],"0104":[{"pref":"新潟県","city":"燕市","town":"分水弥生町"}],"0102":[{"pref":"新潟県","city":"燕市","town":"牧ケ花"}],"0134":[{"pref":"新潟県","city":"燕市","town":"真木山"}],"0138":[{"pref":"新潟県","city":"燕市","town":"幕島"}],"0172":[{"pref":"新潟県","city":"燕市","town":"溝"}],"0171":[{"pref":"新潟県","city":"燕市","town":"溝古新"}],"0111":[{"pref":"新潟県","city":"燕市","town":"横田"}],"0263":[{"pref":"新潟県","city":"燕市","town":"吉田（吉田桃山町）"}],"0264":[{"pref":"新潟県","city":"燕市","town":"吉田（その他）"}],"0217":[{"pref":"新潟県","city":"燕市","town":"吉田曙町"}],"0235":[{"pref":"新潟県","city":"燕市","town":"吉田旭町"}],"0265":[{"pref":"新潟県","city":"燕市","town":"吉田東町"}],"0216":[{"pref":"新潟県","city":"燕市","town":"吉田春日町"}],"0252":[{"pref":"新潟県","city":"燕市","town":"吉田学校町"}],"0241":[{"pref":"新潟県","city":"燕市","town":"吉田神田町"}],"0245":[{"pref":"新潟県","city":"燕市","town":"吉田上町"}],"0261":[{"pref":"新潟県","city":"燕市","town":"吉田鴻巣"}],"0256":[{"pref":"新潟県","city":"燕市","town":"吉田寿町"}],"0257":[{"pref":"新潟県","city":"燕市","town":"吉田幸町"}],"0233":[{"pref":"新潟県","city":"燕市","town":"吉田栄町"}],"0215":[{"pref":"新潟県","city":"燕市","town":"吉田下中野"}],"0253":[{"pref":"新潟県","city":"燕市","town":"吉田下町"}],"0247":[{"pref":"新潟県","city":"燕市","town":"吉田新田町"}],"0246":[{"pref":"新潟県","city":"燕市","town":"吉田新町"}],"0254":[{"pref":"新潟県","city":"燕市","town":"吉田神明町"}],"0234":[{"pref":"新潟県","city":"燕市","town":"吉田水道町"}],"0242":[{"pref":"新潟県","city":"燕市","town":"吉田大保町"}],"0237":[{"pref":"新潟県","city":"燕市","town":"吉田堤町"}],"0244":[{"pref":"新潟県","city":"燕市","town":"吉田中町"}],"0221":[{"pref":"新潟県","city":"燕市","town":"吉田西太田"}],"0248":[{"pref":"新潟県","city":"燕市","town":"吉田浜首"},{"pref":"新潟県","city":"燕市","town":"吉田浜首町"}],"0232":[{"pref":"新潟県","city":"燕市","town":"吉田東栄町"}],"0231":[{"pref":"新潟県","city":"燕市","town":"吉田日之出町"}],"0266":[{"pref":"新潟県","city":"燕市","town":"吉田文京町"}],"0214":[{"pref":"新潟県","city":"燕市","town":"吉田法花堂"}],"0251":[{"pref":"新潟県","city":"燕市","town":"吉田本所"}],"0243":[{"pref":"新潟県","city":"燕市","town":"吉田松岡新田"}],"0236":[{"pref":"新潟県","city":"燕市","town":"吉田松岡町"}],"0267":[{"pref":"新潟県","city":"燕市","town":"吉田宮小路"}],"0268":[{"pref":"新潟県","city":"燕市","town":"吉田本町"}],"0250":[{"pref":"新潟県","city":"燕市","town":"吉田矢作"}],"0255":[{"pref":"新潟県","city":"燕市","town":"吉田弥生町"}],"0213":[{"pref":"新潟県","city":"燕市","town":"吉田吉栄"}],"0262":[{"pref":"新潟県","city":"燕市","town":"吉田若生町"}],"0206":[{"pref":"新潟県","city":"燕市","town":"米納津"}],"0135":[{"pref":"新潟県","city":"燕市","town":"渡部"}],"0300":[{"pref":"新潟県","city":"西蒲原郡弥彦村","town":"以下に掲載がない場合"}],"0311":[{"pref":"新潟県","city":"西蒲原郡弥彦村","town":"井田"}],"0301":[{"pref":"新潟県","city":"西蒲原郡弥彦村","town":"えび穴"}],"0308":[{"pref":"新潟県","city":"西蒲原郡弥彦村","town":"大戸"}],"0304":[{"pref":"新潟県","city":"西蒲原郡弥彦村","town":"荻野"}],"0321":[{"pref":"新潟県","city":"西蒲原郡弥彦村","town":"上泉"}],"0307":[{"pref":"新潟県","city":"西蒲原郡弥彦村","town":"川崎"}],"0319":[{"pref":"新潟県","city":"西蒲原郡弥彦村","town":"観音寺"}],"0317":[{"pref":"新潟県","city":"西蒲原郡弥彦村","town":"境江"}],"0302":[{"pref":"新潟県","city":"西蒲原郡弥彦村","town":"田中新田"}],"0312":[{"pref":"新潟県","city":"西蒲原郡弥彦村","town":"中山"}],"0322":[{"pref":"新潟県","city":"西蒲原郡弥彦村","town":"走出"}],"0306":[{"pref":"新潟県","city":"西蒲原郡弥彦村","town":"浜首"}],"0303":[{"pref":"新潟県","city":"西蒲原郡弥彦村","town":"平野"}],"0318":[{"pref":"新潟県","city":"西蒲原郡弥彦村","town":"麓"}],"0315":[{"pref":"新潟県","city":"西蒲原郡弥彦村","town":"麓村新田"}],"0309":[{"pref":"新潟県","city":"西蒲原郡弥彦村","town":"峰見"}],"0310":[{"pref":"新潟県","city":"西蒲原郡弥彦村","town":"美山"}],"0316":[{"pref":"新潟県","city":"西蒲原郡弥彦村","town":"村山"}],"0305":[{"pref":"新潟県","city":"西蒲原郡弥彦村","town":"矢作"}],"0323":[{"pref":"新潟県","city":"西蒲原郡弥彦村","town":"弥彦"}],"0314":[{"pref":"新潟県","city":"西蒲原郡弥彦村","town":"山岸"}],"0313":[{"pref":"新潟県","city":"西蒲原郡弥彦村","town":"山崎"}]}