{"0000":[{"pref":"愛知県","city":"名古屋市千種区","town":"以下に掲載がない場合"}],"0852":[{"pref":"愛知県","city":"名古屋市千種区","town":"青柳町"}],"0094":[{"pref":"愛知県","city":"名古屋市千種区","town":"赤坂町"}],"0019":[{"pref":"愛知県","city":"名古屋市千種区","town":"揚羽町"}],"0811":[{"pref":"愛知県","city":"名古屋市千種区","town":"朝岡町"}],"0029":[{"pref":"愛知県","city":"名古屋市千種区","town":"池上町"}],"0067":[{"pref":"愛知県","city":"名古屋市千種区","town":"池下"}],"0066":[{"pref":"愛知県","city":"名古屋市千種区","town":"池下町"}],"0818":[{"pref":"愛知県","city":"名古屋市千種区","town":"池園町"}],"0012":[{"pref":"愛知県","city":"名古屋市千種区","town":"猪高町猪子石猪々道"}],"0824":[{"pref":"愛知県","city":"名古屋市千種区","town":"稲舟通"}],"0026":[{"pref":"愛知県","city":"名古屋市千種区","town":"井上町"}],"0850":[{"pref":"愛知県","city":"名古屋市千種区","town":"今池"}],"0851":[{"pref":"愛知県","city":"名古屋市千種区","town":"今池南"}],"0082":[{"pref":"愛知県","city":"名古屋市千種区","town":"上野"}],"0075":[{"pref":"愛知県","city":"名古屋市千種区","town":"内山"}],"0854":[{"pref":"愛知県","city":"名古屋市千種区","town":"大久手町"}],"0833":[{"pref":"愛知県","city":"名古屋市千種区","town":"大島町"}],"0837":[{"pref":"愛知県","city":"名古屋市千種区","town":"丘上町"}],"0835":[{"pref":"愛知県","city":"名古屋市千種区","town":"御棚町"}],"0816":[{"pref":"愛知県","city":"名古屋市千種区","town":"鏡池通"}],"0841":[{"pref":"愛知県","city":"名古屋市千種区","town":"覚王山通"}],"0041":[{"pref":"愛知県","city":"名古屋市千種区","town":"霞ケ丘"}],"0002":[{"pref":"愛知県","city":"名古屋市千種区","town":"香流橋"}],"0033":[{"pref":"愛知県","city":"名古屋市千種区","town":"鹿子町"}],"0021":[{"pref":"愛知県","city":"名古屋市千種区","town":"鹿子殿"}],"0086":[{"pref":"愛知県","city":"名古屋市千種区","town":"萱場"}],"0806":[{"pref":"愛知県","city":"名古屋市千種区","town":"唐山町"}],"0826":[{"pref":"愛知県","city":"名古屋市千種区","town":"川崎町"}],"0831":[{"pref":"愛知県","city":"名古屋市千種区","town":"観月町"}],"0077":[{"pref":"愛知県","city":"名古屋市千種区","town":"神田町"}],"0836":[{"pref":"愛知県","city":"名古屋市千種区","town":"菊坂町"}],"0083":[{"pref":"愛知県","city":"名古屋市千種区","town":"北千種"}],"0016":[{"pref":"愛知県","city":"名古屋市千種区","town":"希望ケ丘"}],"0004":[{"pref":"愛知県","city":"名古屋市千種区","town":"京命"}],"0034":[{"pref":"愛知県","city":"名古屋市千種区","town":"清住町"}],"0842":[{"pref":"愛知県","city":"名古屋市千種区","town":"桐林町"}],"0037":[{"pref":"愛知県","city":"名古屋市千種区","town":"楠元町"}],"0815":[{"pref":"愛知県","city":"名古屋市千種区","town":"幸川町"}],"0061":[{"pref":"愛知県","city":"名古屋市千種区","town":"向陽"}],"0062":[{"pref":"愛知県","city":"名古屋市千種区","town":"向陽町"}],"0085":[{"pref":"愛知県","city":"名古屋市千種区","town":"古出来"}],"0853":[{"pref":"愛知県","city":"名古屋市千種区","town":"小松町"}],"0025":[{"pref":"愛知県","city":"名古屋市千種区","town":"桜が丘"}],"0064":[{"pref":"愛知県","city":"名古屋市千種区","town":"山門町"}],"0096":[{"pref":"愛知県","city":"名古屋市千種区","town":"下方町"}],"0044":[{"pref":"愛知県","city":"名古屋市千種区","town":"自由ケ丘"}],"0084":[{"pref":"愛知県","city":"名古屋市千種区","town":"松軒"}],"0823":[{"pref":"愛知県","city":"名古屋市千種区","town":"松竹町"}],"0013":[{"pref":"愛知県","city":"名古屋市千種区","town":"汁谷町"}],"0046":[{"pref":"愛知県","city":"名古屋市千種区","town":"城山新町"}],"0846":[{"pref":"愛知県","city":"名古屋市千種区","town":"城木町"}],"0045":[{"pref":"愛知県","city":"名古屋市千種区","town":"城山町"}],"0027":[{"pref":"愛知県","city":"名古屋市千種区","town":"新池町"}],"0859":[{"pref":"愛知県","city":"名古屋市千種区","town":"新栄（３丁目）"}],"0072":[{"pref":"愛知県","city":"名古屋市千種区","town":"振甫町"}],"0003":[{"pref":"愛知県","city":"名古屋市千種区","town":"新西"}],"0821":[{"pref":"愛知県","city":"名古屋市千種区","town":"末盛通"}],"0087":[{"pref":"愛知県","city":"名古屋市千種区","town":"清明山"}],"0812":[{"pref":"愛知県","city":"名古屋市千種区","town":"園山町"}],"0073":[{"pref":"愛知県","city":"名古屋市千種区","town":"高見"}],"0007":[{"pref":"愛知県","city":"名古屋市千種区","town":"竹越"}],"0053":[{"pref":"愛知県","city":"名古屋市千種区","town":"田代町（岩谷）"}],"0023":[{"pref":"愛知県","city":"名古屋市千種区","town":"田代町（鹿子殿）"}],"0803":[{"pref":"愛知県","city":"名古屋市千種区","town":"田代町（瓶杁）"}],"0051":[{"pref":"愛知県","city":"名古屋市千種区","town":"田代町（四観音道東）"}],"0052":[{"pref":"愛知県","city":"名古屋市千種区","town":"田代町（四観音道西）"}],"0054":[{"pref":"愛知県","city":"名古屋市千種区","town":"田代町（蝮ケ池上）"}],"0827":[{"pref":"愛知県","city":"名古屋市千種区","town":"田代本通"}],"0081":[{"pref":"愛知県","city":"名古屋市千種区","town":"谷口町"}],"0858":[{"pref":"愛知県","city":"名古屋市千種区","town":"千種"}],"0855":[{"pref":"愛知県","city":"名古屋市千種区","town":"千種通"}],"0092":[{"pref":"愛知県","city":"名古屋市千種区","town":"茶屋が坂"}],"0093":[{"pref":"愛知県","city":"名古屋市千種区","town":"茶屋坂通"}],"0005":[{"pref":"愛知県","city":"名古屋市千種区","town":"千代が丘"}],"0011":[{"pref":"愛知県","city":"名古屋市千種区","town":"千代田橋"}],"0043":[{"pref":"愛知県","city":"名古屋市千種区","town":"月ケ丘"}],"0056":[{"pref":"愛知県","city":"名古屋市千種区","town":"月見坂町"}],"0871":[{"pref":"愛知県","city":"名古屋市千種区","town":"天白町植田"}],"0095":[{"pref":"愛知県","city":"名古屋市千種区","town":"天満通"}],"0028":[{"pref":"愛知県","city":"名古屋市千種区","town":"東明町"}],"0031":[{"pref":"愛知県","city":"名古屋市千種区","town":"徳川山町"}],"0074":[{"pref":"愛知県","city":"名古屋市千種区","town":"仲田"}],"0017":[{"pref":"愛知県","city":"名古屋市千種区","town":"鍋屋上野町（汁谷）"}],"0097":[{"pref":"愛知県","city":"名古屋市千種区","town":"鍋屋上野町（東脇）"}],"0018":[{"pref":"愛知県","city":"名古屋市千種区","town":"鍋屋上野町（北山）"}],"0845":[{"pref":"愛知県","city":"名古屋市千種区","town":"南明町"}],"0813":[{"pref":"愛知県","city":"名古屋市千種区","town":"仁座町"}],"0825":[{"pref":"愛知県","city":"名古屋市千種区","town":"西崎町"}],"0063":[{"pref":"愛知県","city":"名古屋市千種区","town":"西山元町"}],"0844":[{"pref":"愛知県","city":"名古屋市千種区","town":"日進通"}],"0032":[{"pref":"愛知県","city":"名古屋市千種区","town":"猫洞通"}],"0805":[{"pref":"愛知県","city":"名古屋市千種区","town":"萩岡町"}],"0035":[{"pref":"愛知県","city":"名古屋市千種区","town":"橋本町"}],"0857":[{"pref":"愛知県","city":"名古屋市千種区","town":"花田町"}],"0848":[{"pref":"愛知県","city":"名古屋市千種区","town":"春岡"}],"0847":[{"pref":"愛知県","city":"名古屋市千種区","town":"春岡通"}],"0038":[{"pref":"愛知県","city":"名古屋市千種区","town":"春里町"}],"0006":[{"pref":"愛知県","city":"名古屋市千種区","town":"光が丘"}],"0001":[{"pref":"愛知県","city":"名古屋市千種区","town":"東千種台"}],"0807":[{"pref":"愛知県","city":"名古屋市千種区","town":"東山通"}],"0804":[{"pref":"愛知県","city":"名古屋市千種区","town":"東山元町"}],"0834":[{"pref":"愛知県","city":"名古屋市千種区","town":"日岡町"}],"0055":[{"pref":"愛知県","city":"名古屋市千種区","town":"姫池通"}],"0039":[{"pref":"愛知県","city":"名古屋市千種区","town":"日和町"}],"0856":[{"pref":"愛知県","city":"名古屋市千種区","town":"吹上"}],"0015":[{"pref":"愛知県","city":"名古屋市千種区","town":"富士見台"}],"0814":[{"pref":"愛知県","city":"名古屋市千種区","town":"不老町"}],"0024":[{"pref":"愛知県","city":"名古屋市千種区","town":"平和が丘"}],"0022":[{"pref":"愛知県","city":"名古屋市千種区","town":"平和公園"}],"0057":[{"pref":"愛知県","city":"名古屋市千種区","town":"法王町"}],"0076":[{"pref":"愛知県","city":"名古屋市千種区","town":"豊年町"}],"0801":[{"pref":"愛知県","city":"名古屋市千種区","town":"星ケ丘"}],"0802":[{"pref":"愛知県","city":"名古屋市千種区","town":"星が丘元町"}],"0808":[{"pref":"愛知県","city":"名古屋市千種区","town":"星が丘山手"}],"0822":[{"pref":"愛知県","city":"名古屋市千種区","town":"穂波町"}],"0065":[{"pref":"愛知県","city":"名古屋市千種区","town":"堀割町"}],"0036":[{"pref":"愛知県","city":"名古屋市千種区","town":"本山町"}],"0843":[{"pref":"愛知県","city":"名古屋市千種区","town":"丸山町"}],"0014":[{"pref":"愛知県","city":"名古屋市千種区","town":"御影町"}],"0817":[{"pref":"愛知県","city":"名古屋市千種区","town":"見附町"}],"0042":[{"pref":"愛知県","city":"名古屋市千種区","town":"南ケ丘"}],"0008":[{"pref":"愛知県","city":"名古屋市千種区","town":"宮根台"}],"0091":[{"pref":"愛知県","city":"名古屋市千種区","town":"宮の腰町"}],"0832":[{"pref":"愛知県","city":"名古屋市千種区","town":"山添町"}],"0819":[{"pref":"愛知県","city":"名古屋市千種区","town":"四谷通"}],"0071":[{"pref":"愛知県","city":"名古屋市千種区","town":"若水"}]}