{"0000":[{"pref":"長野県","city":"岡谷市","town":"以下に掲載がない場合"}],"0091":[{"pref":"長野県","city":"岡谷市","town":"岡谷市の次に番地がくる場合"}],"0002":[{"pref":"長野県","city":"岡谷市","town":"赤羽"}],"0053":[{"pref":"長野県","city":"岡谷市","town":"芦ノ沢"},{"pref":"長野県","city":"岡谷市","town":"ヨギトギ沢"}],"0001":[{"pref":"長野県","city":"岡谷市","town":"今井"}],"0055":[{"pref":"長野県","city":"岡谷市","town":"内山"}],"0051":[{"pref":"長野県","city":"岡谷市","town":"塩嶺"}],"0043":[{"pref":"長野県","city":"岡谷市","town":"御倉町"}],"0011":[{"pref":"長野県","city":"岡谷市","town":"長地"}],"0089":[{"pref":"長野県","city":"岡谷市","town":"長地出早"}],"0084":[{"pref":"長野県","city":"岡谷市","town":"長地片間町"}],"0082":[{"pref":"長野県","city":"岡谷市","town":"長地御所"}],"0085":[{"pref":"長野県","city":"岡谷市","town":"長地小萩"}],"0081":[{"pref":"長野県","city":"岡谷市","town":"長地権現町"}],"0087":[{"pref":"長野県","city":"岡谷市","town":"長地鎮"}],"0083":[{"pref":"長野県","city":"岡谷市","town":"長地柴宮"}],"0088":[{"pref":"長野県","city":"岡谷市","town":"長地梨久保"}],"0086":[{"pref":"長野県","city":"岡谷市","town":"長地源"}],"0003":[{"pref":"長野県","city":"岡谷市","town":"加茂町"}],"0048":[{"pref":"長野県","city":"岡谷市","town":"川岸上"}],"0047":[{"pref":"長野県","city":"岡谷市","town":"川岸中"}],"0045":[{"pref":"長野県","city":"岡谷市","town":"川岸東"}],"0046":[{"pref":"長野県","city":"岡谷市","town":"川岸西"}],"0022":[{"pref":"長野県","city":"岡谷市","town":"銀座"}],"0021":[{"pref":"長野県","city":"岡谷市","town":"郷田"}],"0034":[{"pref":"長野県","city":"岡谷市","town":"湖畔"}],"0029":[{"pref":"長野県","city":"岡谷市","town":"幸町"}],"0004":[{"pref":"長野県","city":"岡谷市","town":"神明町"}],"0025":[{"pref":"長野県","city":"岡谷市","town":"大栄町"}],"0031":[{"pref":"長野県","city":"岡谷市","town":"田中町"}],"0027":[{"pref":"長野県","city":"岡谷市","town":"中央町"}],"0026":[{"pref":"長野県","city":"岡谷市","town":"塚間町"}],"0035":[{"pref":"長野県","city":"岡谷市","town":"天竜町"}],"0042":[{"pref":"長野県","city":"岡谷市","town":"成田町"}],"0033":[{"pref":"長野県","city":"岡谷市","town":"南宮"}],"0052":[{"pref":"長野県","city":"岡谷市","town":"西林"}],"0054":[{"pref":"長野県","city":"岡谷市","town":"半ノ木"}],"0023":[{"pref":"長野県","city":"岡谷市","town":"東銀座"}],"0056":[{"pref":"長野県","city":"岡谷市","town":"樋沢"}],"0024":[{"pref":"長野県","city":"岡谷市","town":"堀ノ内"}],"0028":[{"pref":"長野県","city":"岡谷市","town":"本町"}],"0044":[{"pref":"長野県","city":"岡谷市","town":"湊"}],"0005":[{"pref":"長野県","city":"岡谷市","town":"山下町"}],"0041":[{"pref":"長野県","city":"岡谷市","town":"山手町"}],"0032":[{"pref":"長野県","city":"岡谷市","town":"若宮"}]}