{"0000":[{"pref":"山梨県","city":"都留市","town":"以下に掲載がない場合"}],"0015":[{"pref":"山梨県","city":"都留市","town":"朝日曽雌"}],"0014":[{"pref":"山梨県","city":"都留市","town":"朝日馬場"}],"0042":[{"pref":"山梨県","city":"都留市","town":"厚原"}],"0011":[{"pref":"山梨県","city":"都留市","town":"井倉"}],"0023":[{"pref":"山梨県","city":"都留市","town":"大野"}],"0045":[{"pref":"山梨県","city":"都留市","town":"大幡"}],"0002":[{"pref":"山梨県","city":"都留市","town":"大原"}],"0006":[{"pref":"山梨県","city":"都留市","town":"小形山"}],"0024":[{"pref":"山梨県","city":"都留市","town":"小野"}],"0034":[{"pref":"山梨県","city":"都留市","town":"桂町"}],"0041":[{"pref":"山梨県","city":"都留市","town":"金井"}],"0044":[{"pref":"山梨県","city":"都留市","town":"加畑"}],"0053":[{"pref":"山梨県","city":"都留市","town":"上谷"}],"0055":[{"pref":"山梨県","city":"都留市","town":"川棚"}],"0003":[{"pref":"山梨県","city":"都留市","town":"川茂"}],"0033":[{"pref":"山梨県","city":"都留市","town":"境"}],"0032":[{"pref":"山梨県","city":"都留市","town":"鹿留"}],"0051":[{"pref":"山梨県","city":"都留市","town":"下谷"}],"0001":[{"pref":"山梨県","city":"都留市","town":"田野倉"}],"0054":[{"pref":"山梨県","city":"都留市","town":"田原"}],"0021":[{"pref":"山梨県","city":"都留市","town":"玉川"}],"0052":[{"pref":"山梨県","city":"都留市","town":"中央"}],"0056":[{"pref":"山梨県","city":"都留市","town":"つる"}],"0031":[{"pref":"山梨県","city":"都留市","town":"十日市場"}],"0022":[{"pref":"山梨県","city":"都留市","town":"戸沢"}],"0046":[{"pref":"山梨県","city":"都留市","town":"中津森"}],"0035":[{"pref":"山梨県","city":"都留市","town":"夏狩"}],"0043":[{"pref":"山梨県","city":"都留市","town":"平栗"}],"0004":[{"pref":"山梨県","city":"都留市","town":"古川渡"}],"0025":[{"pref":"山梨県","city":"都留市","town":"法能"}],"0013":[{"pref":"山梨県","city":"都留市","town":"盛里"}],"0005":[{"pref":"山梨県","city":"都留市","town":"四日市場"}],"0012":[{"pref":"山梨県","city":"都留市","town":"与縄"}],"0200":[{"pref":"山梨県","city":"南都留郡道志村","town":"以下に掲載がない場合"}],"0225":[{"pref":"山梨県","city":"南都留郡道志村","town":"板橋"}],"0207":[{"pref":"山梨県","city":"南都留郡道志村","town":"大栗"}],"0215":[{"pref":"山梨県","city":"南都留郡道志村","town":"大指"}],"0202":[{"pref":"山梨県","city":"南都留郡道志村","town":"大野"}],"0204":[{"pref":"山梨県","city":"南都留郡道志村","town":"大室指"}],"0214":[{"pref":"山梨県","city":"南都留郡道志村","town":"川原畑"}],"0216":[{"pref":"山梨県","city":"南都留郡道志村","town":"釜之前"}],"0227":[{"pref":"山梨県","city":"南都留郡道志村","town":"上白井平"}],"0223":[{"pref":"山梨県","city":"南都留郡道志村","town":"上善之木"}],"0221":[{"pref":"山梨県","city":"南都留郡道志村","town":"上中山"}],"0224":[{"pref":"山梨県","city":"南都留郡道志村","town":"川村"}],"0203":[{"pref":"山梨県","city":"南都留郡道志村","town":"久保"}],"0206":[{"pref":"山梨県","city":"南都留郡道志村","town":"小善地"}],"0226":[{"pref":"山梨県","city":"南都留郡道志村","town":"下白井平"}],"0222":[{"pref":"山梨県","city":"南都留郡道志村","town":"下善之木"}],"0219":[{"pref":"山梨県","city":"南都留郡道志村","town":"下中山"}],"0209":[{"pref":"山梨県","city":"南都留郡道志村","town":"竹之本"}],"0201":[{"pref":"山梨県","city":"南都留郡道志村","town":"月夜野"}],"0205":[{"pref":"山梨県","city":"南都留郡道志村","town":"椿"}],"0218":[{"pref":"山梨県","city":"南都留郡道志村","town":"中神地"}],"0228":[{"pref":"山梨県","city":"南都留郡道志村","town":"長又"}],"0212":[{"pref":"山梨県","city":"南都留郡道志村","town":"西和出村"}],"0208":[{"pref":"山梨県","city":"南都留郡道志村","town":"馬場"}],"0217":[{"pref":"山梨県","city":"南都留郡道志村","town":"東神地"}],"0211":[{"pref":"山梨県","city":"南都留郡道志村","town":"東和出村"}],"0213":[{"pref":"山梨県","city":"南都留郡道志村","town":"谷相"}]}