{"0000":[{"pref":"愛知県","city":"名古屋市緑区","town":"以下に掲載がない場合"}],"0011":[{"pref":"愛知県","city":"名古屋市緑区","town":"相川"}],"0033":[{"pref":"愛知県","city":"名古屋市緑区","town":"相原郷"}],"0833":[{"pref":"愛知県","city":"名古屋市緑区","town":"青山"}],"0837":[{"pref":"愛知県","city":"名古屋市緑区","town":"赤松"}],"0031":[{"pref":"愛知県","city":"名古屋市緑区","town":"旭出"}],"0924":[{"pref":"愛知県","city":"名古屋市緑区","town":"有松"}],"0903":[{"pref":"愛知県","city":"名古屋市緑区","town":"有松愛宕"}],"0902":[{"pref":"愛知県","city":"名古屋市緑区","town":"有松三丁山"}],"0901":[{"pref":"愛知県","city":"名古屋市緑区","town":"有松町有松"}],"0916":[{"pref":"愛知県","city":"名古屋市緑区","town":"有松町桶狭間（愛宕西）"}],"0912":[{"pref":"愛知県","city":"名古屋市緑区","town":"有松町桶狭間（生山）"}],"0911":[{"pref":"愛知県","city":"名古屋市緑区","town":"有松町桶狭間（その他）"}],"0928":[{"pref":"愛知県","city":"名古屋市緑区","town":"有松幕山"}],"0044":[{"pref":"愛知県","city":"名古屋市緑区","town":"池上台"}],"0830":[{"pref":"愛知県","city":"名古屋市緑区","town":"姥子山"}],"0001":[{"pref":"愛知県","city":"名古屋市緑区","town":"梅里"}],"0847":[{"pref":"愛知県","city":"名古屋市緑区","town":"浦里"}],"0832":[{"pref":"愛知県","city":"名古屋市緑区","town":"漆山"}],"0032":[{"pref":"愛知県","city":"名古屋市緑区","town":"大形山"}],"0805":[{"pref":"愛知県","city":"名古屋市緑区","town":"大清水"}],"0806":[{"pref":"愛知県","city":"名古屋市緑区","town":"大清水西"}],"0849":[{"pref":"愛知県","city":"名古屋市緑区","town":"大清水東"}],"0925":[{"pref":"愛知県","city":"名古屋市緑区","town":"桶狭間"}],"0926":[{"pref":"愛知県","city":"名古屋市緑区","town":"桶狭間上の山"}],"0913":[{"pref":"愛知県","city":"名古屋市緑区","town":"桶狭間北"}],"0922":[{"pref":"愛知県","city":"名古屋市緑区","town":"桶狭間切戸"}],"0921":[{"pref":"愛知県","city":"名古屋市緑区","town":"桶狭間清水山"}],"0919":[{"pref":"愛知県","city":"名古屋市緑区","town":"桶狭間神明"}],"0929":[{"pref":"愛知県","city":"名古屋市緑区","town":"桶狭間西"}],"0920":[{"pref":"愛知県","city":"名古屋市緑区","town":"桶狭間巻山"}],"0927":[{"pref":"愛知県","city":"名古屋市緑区","town":"桶狭間南"}],"0910":[{"pref":"愛知県","city":"名古屋市緑区","town":"桶狭間森前"}],"0024":[{"pref":"愛知県","city":"名古屋市緑区","town":"尾崎山"}],"0803":[{"pref":"愛知県","city":"名古屋市緑区","town":"鏡田"}],"0007":[{"pref":"愛知県","city":"名古屋市緑区","town":"篭山"}],"0829":[{"pref":"愛知県","city":"名古屋市緑区","town":"鎌倉台"}],"0016":[{"pref":"愛知県","city":"名古屋市緑区","town":"上旭"}],"0014":[{"pref":"愛知県","city":"名古屋市緑区","town":"神沢"}],"0812":[{"pref":"愛知県","city":"名古屋市緑区","town":"神の倉"}],"0804":[{"pref":"愛知県","city":"名古屋市緑区","town":"亀が洞"}],"0851":[{"pref":"愛知県","city":"名古屋市緑区","town":"熊の前"}],"0003":[{"pref":"愛知県","city":"名古屋市緑区","town":"黒沢台"}],"0023":[{"pref":"愛知県","city":"名古屋市緑区","town":"鴻仏目"}],"0022":[{"pref":"愛知県","city":"名古屋市緑区","town":"小坂"}],"0047":[{"pref":"愛知県","city":"名古屋市緑区","town":"古鳴海"}],"0820":[{"pref":"愛知県","city":"名古屋市緑区","town":"境松"}],"0825":[{"pref":"愛知県","city":"名古屋市緑区","town":"左京山"}],"0038":[{"pref":"愛知県","city":"名古屋市緑区","town":"作の山町"}],"0037":[{"pref":"愛知県","city":"名古屋市緑区","town":"潮見が丘"}],"0045":[{"pref":"愛知県","city":"名古屋市緑区","town":"鹿山"}],"0015":[{"pref":"愛知県","city":"名古屋市緑区","town":"篠の風"}],"0039":[{"pref":"愛知県","city":"名古屋市緑区","town":"四本木"}],"0836":[{"pref":"愛知県","city":"名古屋市緑区","town":"白土"}],"0807":[{"pref":"愛知県","city":"名古屋市緑区","town":"砂田"}],"0035":[{"pref":"愛知県","city":"名古屋市緑区","town":"曽根"}],"0823":[{"pref":"愛知県","city":"名古屋市緑区","town":"太子"}],"0822":[{"pref":"愛知県","city":"名古屋市緑区","town":"大将ケ根"}],"0042":[{"pref":"愛知県","city":"名古屋市緑区","town":"高根台"}],"0021":[{"pref":"愛知県","city":"名古屋市緑区","town":"滝ノ水"}],"0917":[{"pref":"愛知県","city":"名古屋市緑区","town":"武路町"}],"0814":[{"pref":"愛知県","city":"名古屋市緑区","town":"鶴が沢"}],"0815":[{"pref":"愛知県","city":"名古屋市緑区","town":"徳重"}],"0025":[{"pref":"愛知県","city":"名古屋市緑区","town":"鳥澄"}],"0046":[{"pref":"愛知県","city":"名古屋市緑区","town":"長根町"}],"0005":[{"pref":"愛知県","city":"名古屋市緑区","town":"鳴丘"}],"0041":[{"pref":"愛知県","city":"名古屋市緑区","town":"鳴子町"}],"0845":[{"pref":"愛知県","city":"名古屋市緑区","town":"鳴海町（赤塚）"}],"0824":[{"pref":"愛知県","city":"名古屋市緑区","town":"鳴海町（有松裏）"}],"0842":[{"pref":"愛知県","city":"名古屋市緑区","town":"鳴海町（上ノ山）"}],"0828":[{"pref":"愛知県","city":"名古屋市緑区","town":"鳴海町（姥子山）"}],"0818":[{"pref":"愛知県","city":"名古屋市緑区","town":"鳴海町（大清水）"}],"0821":[{"pref":"愛知県","city":"名古屋市緑区","town":"鳴海町（尾崎山）"}],"0835":[{"pref":"愛知県","city":"名古屋市緑区","town":"鳴海町（上汐田）"}],"0811":[{"pref":"愛知県","city":"名古屋市緑区","town":"鳴海町（神ノ倉）"}],"0841":[{"pref":"愛知県","city":"名古屋市緑区","town":"鳴海町（小森）"}],"0834":[{"pref":"愛知県","city":"名古屋市緑区","town":"鳴海町（前之輪）"}],"0844":[{"pref":"愛知県","city":"名古屋市緑区","town":"鳴海町（伝治山）"}],"0827":[{"pref":"愛知県","city":"名古屋市緑区","town":"鳴海町（細根）"}],"0831":[{"pref":"愛知県","city":"名古屋市緑区","town":"鳴海町（向田）"}],"0817":[{"pref":"愛知県","city":"名古屋市緑区","town":"鳴海町（諸の木）"},{"pref":"愛知県","city":"名古屋市緑区","town":"諸の木"}],"0846":[{"pref":"愛知県","city":"名古屋市緑区","town":"鳴海町（薬師山）"}],"0819":[{"pref":"愛知県","city":"名古屋市緑区","town":"鳴海町（八ツ松）"}],"0801":[{"pref":"愛知県","city":"名古屋市緑区","town":"鳴海町（その他）"}],"0918":[{"pref":"愛知県","city":"名古屋市緑区","town":"南陵"}],"0809":[{"pref":"愛知県","city":"名古屋市緑区","town":"西神の倉"}],"0915":[{"pref":"愛知県","city":"名古屋市緑区","town":"野末町"}],"0004":[{"pref":"愛知県","city":"名古屋市緑区","town":"乗鞍"}],"0808":[{"pref":"愛知県","city":"名古屋市緑区","town":"東神の倉"}],"0012":[{"pref":"愛知県","city":"名古屋市緑区","town":"久方"}],"0802":[{"pref":"愛知県","city":"名古屋市緑区","town":"兵庫"}],"0826":[{"pref":"愛知県","city":"名古屋市緑区","town":"平子が丘"}],"0009":[{"pref":"愛知県","city":"名古屋市緑区","town":"平手南"}],"0008":[{"pref":"愛知県","city":"名古屋市緑区","town":"平手北"}],"0813":[{"pref":"愛知県","city":"名古屋市緑区","town":"藤塚"}],"0006":[{"pref":"愛知県","city":"名古屋市緑区","town":"細口"}],"0013":[{"pref":"愛知県","city":"名古屋市緑区","town":"ほら貝"}],"0843":[{"pref":"愛知県","city":"名古屋市緑区","town":"松が根台"}],"0043":[{"pref":"愛知県","city":"名古屋市緑区","town":"万場山"}],"0848":[{"pref":"愛知県","city":"名古屋市緑区","town":"水広"}],"0852":[{"pref":"愛知県","city":"名古屋市緑区","town":"元徳重"}],"0002":[{"pref":"愛知県","city":"名古屋市緑区","town":"桃山"}],"0810":[{"pref":"愛知県","city":"名古屋市緑区","town":"八つ松"}],"0816":[{"pref":"愛知県","city":"名古屋市緑区","town":"横吹町"}],"0036":[{"pref":"愛知県","city":"名古屋市緑区","town":"六田"}],"0034":[{"pref":"愛知県","city":"名古屋市緑区","town":"若田"}]}