{"0000":[{"pref":"愛知県","city":"名古屋市中川区","town":"以下に掲載がない場合"}],"0807":[{"pref":"愛知県","city":"名古屋市中川区","town":"愛知町"}],"0057":[{"pref":"愛知県","city":"名古屋市中川区","town":"熱田新田東組"}],"0032":[{"pref":"愛知県","city":"名古屋市中川区","town":"荒江町"}],"0869":[{"pref":"愛知県","city":"名古屋市中川区","town":"荒子"}],"0044":[{"pref":"愛知県","city":"名古屋市中川区","town":"荒越町"}],"0861":[{"pref":"愛知県","city":"名古屋市中川区","town":"荒子町"}],"0922":[{"pref":"愛知県","city":"名古屋市中川区","town":"荒中町"}],"0946":[{"pref":"愛知県","city":"名古屋市中川区","town":"一色新町"}],"0023":[{"pref":"愛知県","city":"名古屋市中川区","town":"石場町"}],"0905":[{"pref":"愛知県","city":"名古屋市中川区","town":"一柳通"}],"0901":[{"pref":"愛知県","city":"名古屋市中川区","town":"岩塚町（本地）"}],"0043":[{"pref":"愛知県","city":"名古屋市中川区","town":"牛立町"}],"0926":[{"pref":"愛知県","city":"名古屋市中川区","town":"打出"}],"0924":[{"pref":"愛知県","city":"名古屋市中川区","town":"打出町"}],"0923":[{"pref":"愛知県","city":"名古屋市中川区","town":"打出本町"}],"0927":[{"pref":"愛知県","city":"名古屋市中川区","town":"打中"}],"0845":[{"pref":"愛知県","city":"名古屋市中川区","town":"馬手町"}],"0001":[{"pref":"愛知県","city":"名古屋市中川区","town":"運河町"}],"0002":[{"pref":"愛知県","city":"名古屋市中川区","town":"運河通"}],"0951":[{"pref":"愛知県","city":"名古屋市中川区","town":"榎津西町"}],"0952":[{"pref":"愛知県","city":"名古屋市中川区","town":"榎松町"}],"0954":[{"pref":"愛知県","city":"名古屋市中川区","town":"江松"},{"pref":"愛知県","city":"名古屋市中川区","town":"富田町江松"}],"0959":[{"pref":"愛知県","city":"名古屋市中川区","town":"江松西町"}],"0026":[{"pref":"愛知県","city":"名古屋市中川区","town":"笈瀬町"}],"0042":[{"pref":"愛知県","city":"名古屋市中川区","town":"応仁町"}],"0863":[{"pref":"愛知県","city":"名古屋市中川区","town":"大塩町"}],"0843":[{"pref":"愛知県","city":"名古屋市中川区","town":"大畑町"}],"0051":[{"pref":"愛知県","city":"名古屋市中川区","town":"大山町"}],"0841":[{"pref":"愛知県","city":"名古屋市中川区","town":"押元町"}],"0012":[{"pref":"愛知県","city":"名古屋市中川区","town":"尾頭橋"}],"0829":[{"pref":"愛知県","city":"名古屋市中川区","town":"小本町"}],"0906":[{"pref":"愛知県","city":"名古屋市中川区","town":"開平町"}],"0865":[{"pref":"愛知県","city":"名古屋市中川区","town":"掛入町"}],"0819":[{"pref":"愛知県","city":"名古屋市中川区","town":"烏森町"}],"0957":[{"pref":"愛知県","city":"名古屋市中川区","town":"かの里"}],"0873":[{"pref":"愛知県","city":"名古屋市中川区","town":"上高畑"}],"0846":[{"pref":"愛知県","city":"名古屋市中川区","town":"上流町"}],"0833":[{"pref":"愛知県","city":"名古屋市中川区","town":"上脇町"}],"0916":[{"pref":"愛知県","city":"名古屋市中川区","town":"川前町"}],"0851":[{"pref":"愛知県","city":"名古屋市中川区","town":"北江町"}],"0049":[{"pref":"愛知県","city":"名古屋市中川区","town":"清川町"}],"0832":[{"pref":"愛知県","city":"名古屋市中川区","town":"清船町"}],"0874":[{"pref":"愛知県","city":"名古屋市中川区","town":"吉良町"}],"0868":[{"pref":"愛知県","city":"名古屋市中川区","town":"草平町"}],"0984":[{"pref":"愛知県","city":"名古屋市中川区","town":"供米田"}],"0856":[{"pref":"愛知県","city":"名古屋市中川区","town":"小碓通"}],"0808":[{"pref":"愛知県","city":"名古屋市中川区","town":"九重町"}],"0875":[{"pref":"愛知県","city":"名古屋市中川区","town":"小城町"}],"0849":[{"pref":"愛知県","city":"名古屋市中川区","town":"小塚町"}],"0033":[{"pref":"愛知県","city":"名古屋市中川区","town":"五女子"}],"0034":[{"pref":"愛知県","city":"名古屋市中川区","town":"五女子町"}],"0828":[{"pref":"愛知県","city":"名古屋市中川区","town":"小本"}],"0826":[{"pref":"愛知県","city":"名古屋市中川区","town":"小本本町"}],"0812":[{"pref":"愛知県","city":"名古屋市中川区","town":"五月通"}],"0814":[{"pref":"愛知県","city":"名古屋市中川区","town":"五月南通"}],"0011":[{"pref":"愛知県","city":"名古屋市中川区","town":"山王"}],"0822":[{"pref":"愛知県","city":"名古屋市中川区","town":"四女子町"}],"0839":[{"pref":"愛知県","city":"名古屋市中川区","town":"篠原橋通"}],"0974":[{"pref":"愛知県","city":"名古屋市中川区","town":"島井町"}],"0945":[{"pref":"愛知県","city":"名古屋市中川区","town":"下之一色町"}],"0858":[{"pref":"愛知県","city":"名古屋市中川区","town":"正徳町"}],"0854":[{"pref":"愛知県","city":"名古屋市中川区","town":"松年町"}],"0855":[{"pref":"愛知県","city":"名古屋市中川区","town":"昭明町"}],"0852":[{"pref":"愛知県","city":"名古屋市中川区","town":"昭和橋通"}],"0046":[{"pref":"愛知県","city":"名古屋市中川区","town":"神郷町"}],"0055":[{"pref":"愛知県","city":"名古屋市中川区","town":"十番町"}],"0056":[{"pref":"愛知県","city":"名古屋市中川区","town":"十一番町"}],"0947":[{"pref":"愛知県","city":"名古屋市中川区","town":"助光"}],"0806":[{"pref":"愛知県","city":"名古屋市中川区","town":"澄池町"}],"0821":[{"pref":"愛知県","city":"名古屋市中川区","town":"宗円町"}],"0053":[{"pref":"愛知県","city":"名古屋市中川区","town":"外新町"}],"0991":[{"pref":"愛知県","city":"名古屋市中川区","town":"大地"}],"0943":[{"pref":"愛知県","city":"名古屋市中川区","town":"大当郎"}],"0944":[{"pref":"愛知県","city":"名古屋市中川区","town":"大蟷螂町"}],"0838":[{"pref":"愛知県","city":"名古屋市中川区","town":"太平通"}],"0936":[{"pref":"愛知県","city":"名古屋市中川区","town":"高杉町"}],"0911":[{"pref":"愛知県","city":"名古屋市中川区","town":"高畑"}],"0058":[{"pref":"愛知県","city":"名古屋市中川区","town":"玉川町"}],"0853":[{"pref":"愛知県","city":"名古屋市中川区","town":"玉船町"}],"0045":[{"pref":"愛知県","city":"名古屋市中川区","town":"丹後町"}],"0816":[{"pref":"愛知県","city":"名古屋市中川区","town":"中京南通"}],"0921":[{"pref":"愛知県","city":"名古屋市中川区","town":"中郷"}],"0804":[{"pref":"愛知県","city":"名古屋市中川区","town":"月島町"}],"0827":[{"pref":"愛知県","city":"名古屋市中川区","town":"辻畑町"}],"0824":[{"pref":"愛知県","city":"名古屋市中川区","town":"蔦元町"}],"0913":[{"pref":"愛知県","city":"名古屋市中川区","town":"土野町"}],"0022":[{"pref":"愛知県","city":"名古屋市中川区","town":"露橋"}],"0028":[{"pref":"愛知県","city":"名古屋市中川区","town":"露橋町"}],"0962":[{"pref":"愛知県","city":"名古屋市中川区","town":"戸田"}],"0967":[{"pref":"愛知県","city":"名古屋市中川区","town":"戸田西"}],"0961":[{"pref":"愛知県","city":"名古屋市中川区","town":"戸田明正"},{"pref":"愛知県","city":"名古屋市中川区","town":"富田町戸田"}],"0966":[{"pref":"愛知県","city":"名古屋市中川区","town":"戸田ゆたか"}],"0037":[{"pref":"愛知県","city":"名古屋市中川区","town":"富川町"}],"0955":[{"pref":"愛知県","city":"名古屋市中川区","town":"富田町包里"}],"0956":[{"pref":"愛知県","city":"名古屋市中川区","town":"富田町供米田"}],"0971":[{"pref":"愛知県","city":"名古屋市中川区","town":"富田町千音寺"}],"0973":[{"pref":"愛知県","city":"名古屋市中川区","town":"富田町服部"}],"0986":[{"pref":"愛知県","city":"名古屋市中川区","town":"富田町春田"}],"0995":[{"pref":"愛知県","city":"名古屋市中川区","town":"富田町伏屋"}],"0942":[{"pref":"愛知県","city":"名古屋市中川区","town":"富田町前田"}],"0993":[{"pref":"愛知県","city":"名古屋市中川区","town":"富田町松下"}],"0992":[{"pref":"愛知県","city":"名古屋市中川区","town":"富田町万場"}],"0953":[{"pref":"愛知県","city":"名古屋市中川区","town":"富田町榎津"}],"0964":[{"pref":"愛知県","city":"名古屋市中川区","town":"富永"}],"0823":[{"pref":"愛知県","city":"名古屋市中川区","town":"富船町"}],"0932":[{"pref":"愛知県","city":"名古屋市中川区","town":"中島新町"}],"0994":[{"pref":"愛知県","city":"名古屋市中川区","town":"長須賀"}],"0925":[{"pref":"愛知県","city":"名古屋市中川区","town":"中須町"}],"0837":[{"pref":"愛知県","city":"名古屋市中川区","town":"中野新町"}],"0047":[{"pref":"愛知県","city":"名古屋市中川区","town":"中野本町"}],"0931":[{"pref":"愛知県","city":"名古屋市中川区","town":"中花町"}],"0815":[{"pref":"愛知県","city":"名古屋市中川区","town":"長良町"}],"0972":[{"pref":"愛知県","city":"名古屋市中川区","town":"新家"}],"0934":[{"pref":"愛知県","city":"名古屋市中川区","town":"西中島"}],"0004":[{"pref":"愛知県","city":"名古屋市中川区","town":"西日置"}],"0005":[{"pref":"愛知県","city":"名古屋市中川区","town":"西日置町"}],"0982":[{"pref":"愛知県","city":"名古屋市中川区","town":"西伏屋"}],"0036":[{"pref":"愛知県","city":"名古屋市中川区","town":"二女子町"}],"0912":[{"pref":"愛知県","city":"名古屋市中川区","town":"野田"}],"0813":[{"pref":"愛知県","city":"名古屋市中川区","town":"乗越町"}],"0844":[{"pref":"愛知県","city":"名古屋市中川区","town":"葉池町"}],"0860":[{"pref":"愛知県","city":"名古屋市中川区","town":"畑田町"}],"0016":[{"pref":"愛知県","city":"名古屋市中川区","town":"幡野町"}],"0054":[{"pref":"愛知県","city":"名古屋市中川区","town":"八剱町"}],"0877":[{"pref":"愛知県","city":"名古屋市中川区","town":"八田町"}],"0904":[{"pref":"愛知県","city":"名古屋市中川区","town":"八田本町"}],"0976":[{"pref":"愛知県","city":"名古屋市中川区","town":"服部"}],"0902":[{"pref":"愛知県","city":"名古屋市中川区","town":"花池町"}],"0052":[{"pref":"愛知県","city":"名古屋市中川区","town":"花塚町"}],"0985":[{"pref":"愛知県","city":"名古屋市中川区","town":"春田"}],"0935":[{"pref":"愛知県","city":"名古屋市中川区","town":"東起町"}],"0958":[{"pref":"愛知県","city":"名古屋市中川区","town":"東かの里町"}],"0866":[{"pref":"愛知県","city":"名古屋市中川区","town":"東中島町"}],"0983":[{"pref":"愛知県","city":"名古屋市中川区","town":"東春田"}],"0975":[{"pref":"愛知県","city":"名古屋市中川区","town":"七反田町"}],"0864":[{"pref":"愛知県","city":"名古屋市中川区","town":"平戸町"}],"0027":[{"pref":"愛知県","city":"名古屋市中川区","town":"広川町"}],"0007":[{"pref":"愛知県","city":"名古屋市中川区","town":"広住町"}],"0867":[{"pref":"愛知県","city":"名古屋市中川区","town":"広田町"}],"0059":[{"pref":"愛知県","city":"名古屋市中川区","town":"福川町"}],"0965":[{"pref":"愛知県","city":"名古屋市中川区","town":"福島"}],"0802":[{"pref":"愛知県","city":"名古屋市中川区","town":"福住町"}],"0836":[{"pref":"愛知県","city":"名古屋市中川区","town":"福船町"}],"0996":[{"pref":"愛知県","city":"名古屋市中川区","town":"伏屋"}],"0805":[{"pref":"愛知県","city":"名古屋市中川区","town":"舟戸町"}],"0803":[{"pref":"愛知県","city":"名古屋市中川区","town":"豊成町"}],"0859":[{"pref":"愛知県","city":"名古屋市中川区","town":"法蔵町"}],"0847":[{"pref":"愛知県","city":"名古屋市中川区","town":"細米町"}],"0933":[{"pref":"愛知県","city":"名古屋市中川区","town":"法華"}],"0937":[{"pref":"愛知県","city":"名古屋市中川区","town":"法華西町"}],"0914":[{"pref":"愛知県","city":"名古屋市中川区","town":"本前田町"}],"0941":[{"pref":"愛知県","city":"名古屋市中川区","town":"前田西町"}],"0025":[{"pref":"愛知県","city":"名古屋市中川区","town":"前並町"}],"0003":[{"pref":"愛知県","city":"名古屋市中川区","town":"松重町"}],"0848":[{"pref":"愛知県","city":"名古屋市中川区","town":"松ノ木町"}],"0818":[{"pref":"愛知県","city":"名古屋市中川区","town":"松葉町"}],"0862":[{"pref":"愛知県","city":"名古屋市中川区","town":"的場町"}],"0834":[{"pref":"愛知県","city":"名古屋市中川区","town":"丸米町"}],"0872":[{"pref":"愛知県","city":"名古屋市中川区","town":"万町"}],"0997":[{"pref":"愛知県","city":"名古屋市中川区","town":"万場"}],"0963":[{"pref":"愛知県","city":"名古屋市中川区","town":"水里"}],"0811":[{"pref":"愛知県","city":"名古屋市中川区","town":"三ツ池町"}],"0831":[{"pref":"愛知県","city":"名古屋市中川区","town":"三ツ屋町"}],"0015":[{"pref":"愛知県","city":"名古屋市中川区","town":"南八熊町"}],"0817":[{"pref":"愛知県","city":"名古屋市中川区","town":"南脇町"}],"0842":[{"pref":"愛知県","city":"名古屋市中川区","town":"宮脇町"}],"0857":[{"pref":"愛知県","city":"名古屋市中川区","town":"明徳町"}],"0048":[{"pref":"愛知県","city":"名古屋市中川区","town":"元中野町"}],"0801":[{"pref":"愛知県","city":"名古屋市中川区","town":"百船町"}],"0041":[{"pref":"愛知県","city":"名古屋市中川区","town":"八神町"}],"0013":[{"pref":"愛知県","city":"名古屋市中川区","town":"八熊"}],"0035":[{"pref":"愛知県","city":"名古屋市中川区","town":"八熊通"}],"0835":[{"pref":"愛知県","city":"名古屋市中川区","town":"八家町"}],"0014":[{"pref":"愛知県","city":"名古屋市中川区","town":"柳川町"}],"0024":[{"pref":"愛知県","city":"名古屋市中川区","town":"柳島町"}],"0907":[{"pref":"愛知県","city":"名古屋市中川区","town":"柳田町"}],"0006":[{"pref":"愛知県","city":"名古屋市中川区","town":"柳堀町"}],"0903":[{"pref":"愛知県","city":"名古屋市中川区","town":"柳瀬町"}],"0871":[{"pref":"愛知県","city":"名古屋市中川区","town":"柳森町"}],"0031":[{"pref":"愛知県","city":"名古屋市中川区","town":"八幡本通"}],"0915":[{"pref":"愛知県","city":"名古屋市中川区","town":"横井"}],"0021":[{"pref":"愛知県","city":"名古屋市中川区","town":"横堀町"}],"0917":[{"pref":"愛知県","city":"名古屋市中川区","town":"横前町"}],"0981":[{"pref":"愛知県","city":"名古屋市中川区","town":"吉津"}],"0825":[{"pref":"愛知県","city":"名古屋市中川区","town":"好本町"}],"0876":[{"pref":"愛知県","city":"名古屋市中川区","town":"若山町"}]}