{"0000":[{"pref":"新潟県","city":"魚沼市","town":"以下に掲載がない場合"}],"0043":[{"pref":"新潟県","city":"魚沼市","town":"青島"}],"0224":[{"pref":"新潟県","city":"魚沼市","town":"赤土"}],"0304":[{"pref":"新潟県","city":"魚沼市","town":"穴沢"}],"0064":[{"pref":"新潟県","city":"魚沼市","town":"池平"},{"pref":"新潟県","city":"魚沼市","town":"池平新田"}],"0114":[{"pref":"新潟県","city":"魚沼市","town":"泉沢"}],"0038":[{"pref":"新潟県","city":"魚沼市","town":"伊勢島"}],"0032":[{"pref":"新潟県","city":"魚沼市","town":"板木"}],"0002":[{"pref":"新潟県","city":"魚沼市","town":"稲荷町"}],"0076":[{"pref":"新潟県","city":"魚沼市","town":"井口新田"}],"0051":[{"pref":"新潟県","city":"魚沼市","town":"今泉"}],"0302":[{"pref":"新潟県","city":"魚沼市","town":"芋鞘"}],"0084":[{"pref":"新潟県","city":"魚沼市","town":"宇津野"}],"0012":[{"pref":"新潟県","city":"魚沼市","town":"浦町"}],"0052":[{"pref":"新潟県","city":"魚沼市","town":"江口"},{"pref":"新潟県","city":"魚沼市","town":"江口新田"}],"0124":[{"pref":"新潟県","city":"魚沼市","town":"大芋川"}],"0033":[{"pref":"新潟県","city":"魚沼市","town":"大浦"}],"0034":[{"pref":"新潟県","city":"魚沼市","town":"大浦新田"}],"0226":[{"pref":"新潟県","city":"魚沼市","town":"大倉"}],"0223":[{"pref":"新潟県","city":"魚沼市","town":"大倉沢"}],"0073":[{"pref":"新潟県","city":"魚沼市","town":"大沢"}],"0303":[{"pref":"新潟県","city":"魚沼市","town":"大白川"}],"0004":[{"pref":"新潟県","city":"魚沼市","town":"大塚新田"}],"0305":[{"pref":"新潟県","city":"魚沼市","town":"大栃山"}],"0215":[{"pref":"新潟県","city":"魚沼市","town":"大原新田"}],"0088":[{"pref":"新潟県","city":"魚沼市","town":"大湯温泉"}],"0036":[{"pref":"新潟県","city":"魚沼市","town":"岡新田"}],"0101":[{"pref":"新潟県","city":"魚沼市","town":"小平尾"}],"0108":[{"pref":"新潟県","city":"魚沼市","town":"親柄"}],"0086":[{"pref":"新潟県","city":"魚沼市","town":"折立又新田"}],"0105":[{"pref":"新潟県","city":"魚沼市","town":"金ケ沢"},{"pref":"新潟県","city":"魚沼市","town":"宮沢新田"}],"0087":[{"pref":"新潟県","city":"魚沼市","town":"上折立"}],"0211":[{"pref":"新潟県","city":"魚沼市","town":"上長鳥新田"}],"0022":[{"pref":"新潟県","city":"魚沼市","town":"上原"}],"0107":[{"pref":"新潟県","city":"魚沼市","town":"雁坂下"},{"pref":"新潟県","city":"魚沼市","town":"清本"},{"pref":"新潟県","city":"魚沼市","town":"下田"},{"pref":"新潟県","city":"魚沼市","town":"長堀新田"},{"pref":"新潟県","city":"魚沼市","town":"横瀬"}],"0104":[{"pref":"新潟県","city":"魚沼市","town":"栗山"}],"0011":[{"pref":"新潟県","city":"魚沼市","town":"小出島"}],"0125":[{"pref":"新潟県","city":"魚沼市","town":"越又"}],"0025":[{"pref":"新潟県","city":"魚沼市","town":"古新田"}],"0121":[{"pref":"新潟県","city":"魚沼市","town":"小庭名"},{"pref":"新潟県","city":"魚沼市","town":"小庭名新田"},{"pref":"新潟県","city":"魚沼市","town":"吉平"},{"pref":"新潟県","city":"魚沼市","town":"連日"}],"0021":[{"pref":"新潟県","city":"魚沼市","town":"佐梨"}],"0203":[{"pref":"新潟県","city":"魚沼市","town":"渋川"}],"0085":[{"pref":"新潟県","city":"魚沼市","town":"下折立"}],"0061":[{"pref":"新潟県","city":"魚沼市","town":"新保"},{"pref":"新潟県","city":"魚沼市","town":"新保新田"}],"0221":[{"pref":"新潟県","city":"魚沼市","town":"須川"}],"0216":[{"pref":"新潟県","city":"魚沼市","town":"須原"}],"0003":[{"pref":"新潟県","city":"魚沼市","town":"諏訪町"}],"0102":[{"pref":"新潟県","city":"魚沼市","town":"外山"}],"0201":[{"pref":"新潟県","city":"魚沼市","town":"高倉"}],"0103":[{"pref":"新潟県","city":"魚沼市","town":"滝之又"}],"0301":[{"pref":"新潟県","city":"魚沼市","town":"田小屋"}],"0112":[{"pref":"新潟県","city":"魚沼市","town":"田尻"}],"0106":[{"pref":"新潟県","city":"魚沼市","town":"田中"}],"0063":[{"pref":"新潟県","city":"魚沼市","town":"中家"},{"pref":"新潟県","city":"魚沼市","town":"中家新田"}],"0065":[{"pref":"新潟県","city":"魚沼市","town":"中子沢"}],"0035":[{"pref":"新潟県","city":"魚沼市","town":"十日町"}],"0057":[{"pref":"新潟県","city":"魚沼市","town":"中島"}],"0058":[{"pref":"新潟県","city":"魚沼市","town":"中島新田"}],"0212":[{"pref":"新潟県","city":"魚沼市","town":"長鳥"}],"0006":[{"pref":"新潟県","city":"魚沼市","town":"中之島"}],"0024":[{"pref":"新潟県","city":"魚沼市","town":"中原"}],"0053":[{"pref":"新潟県","city":"魚沼市","town":"長松"}],"0071":[{"pref":"新潟県","city":"魚沼市","town":"七日市"}],"0072":[{"pref":"新潟県","city":"魚沼市","town":"七日市新田"}],"0111":[{"pref":"新潟県","city":"魚沼市","town":"並柳"}],"0204":[{"pref":"新潟県","city":"魚沼市","town":"西名"}],"0206":[{"pref":"新潟県","city":"魚沼市","town":"西名新田"}],"0031":[{"pref":"新潟県","city":"魚沼市","town":"原虫野"}],"0113":[{"pref":"新潟県","city":"魚沼市","town":"東中"}],"0202":[{"pref":"新潟県","city":"魚沼市","town":"東野名"}],"0062":[{"pref":"新潟県","city":"魚沼市","town":"一日市"}],"0023":[{"pref":"新潟県","city":"魚沼市","town":"干溝"}],"0306":[{"pref":"新潟県","city":"魚沼市","town":"平野又"}],"0001":[{"pref":"新潟県","city":"魚沼市","town":"日渡新田"}],"0222":[{"pref":"新潟県","city":"魚沼市","town":"福田新田"}],"0207":[{"pref":"新潟県","city":"魚沼市","town":"福山新田"}],"0213":[{"pref":"新潟県","city":"魚沼市","town":"細野"}],"0041":[{"pref":"新潟県","city":"魚沼市","town":"本町"}],"0214":[{"pref":"新潟県","city":"魚沼市","town":"松川"}],"0123":[{"pref":"新潟県","city":"魚沼市","town":"水沢"},{"pref":"新潟県","city":"魚沼市","town":"茂沢"}],"0066":[{"pref":"新潟県","city":"魚沼市","town":"三ツ又"}],"0083":[{"pref":"新潟県","city":"魚沼市","town":"蓑和田"}],"0225":[{"pref":"新潟県","city":"魚沼市","town":"三渕沢"}],"0205":[{"pref":"新潟県","city":"魚沼市","town":"宮椿新田"}],"0081":[{"pref":"新潟県","city":"魚沼市","town":"葎沢"}],"0037":[{"pref":"新潟県","city":"魚沼市","town":"虫野"}],"0042":[{"pref":"新潟県","city":"魚沼市","town":"柳原"}],"0115":[{"pref":"新潟県","city":"魚沼市","town":"山口"}],"0055":[{"pref":"新潟県","city":"魚沼市","town":"山田"}],"0056":[{"pref":"新潟県","city":"魚沼市","town":"山田下"}],"0082":[{"pref":"新潟県","city":"魚沼市","town":"湯之谷芋川"}],"0005":[{"pref":"新潟県","city":"魚沼市","town":"横町"}],"0307":[{"pref":"新潟県","city":"魚沼市","town":"横根"}],"0075":[{"pref":"新潟県","city":"魚沼市","town":"吉田"}],"0122":[{"pref":"新潟県","city":"魚沼市","town":"吉原"}],"0007":[{"pref":"新潟県","city":"魚沼市","town":"四日町"}],"0054":[{"pref":"新潟県","city":"魚沼市","town":"米沢"}],"0109":[{"pref":"新潟県","city":"魚沼市","town":"和田"}]}