{"0000":[{"pref":"徳島県","city":"吉野川市","town":"以下に掲載がない場合"}],"0015":[{"pref":"徳島県","city":"吉野川市","town":"鴨島町粟島"}],"0033":[{"pref":"徳島県","city":"吉野川市","town":"鴨島町飯尾"}],"0001":[{"pref":"徳島県","city":"吉野川市","town":"鴨島町牛島"}],"0003":[{"pref":"徳島県","city":"吉野川市","town":"鴨島町内原"}],"0002":[{"pref":"徳島県","city":"吉野川市","town":"鴨島町麻植塚"}],"0037":[{"pref":"徳島県","city":"吉野川市","town":"鴨島町上浦"}],"0010":[{"pref":"徳島県","city":"吉野川市","town":"鴨島町鴨島"}],"0011":[{"pref":"徳島県","city":"吉野川市","town":"鴨島町鴨島甲"}],"0012":[{"pref":"徳島県","city":"吉野川市","town":"鴨島町鴨島乙"}],"0005":[{"pref":"徳島県","city":"吉野川市","town":"鴨島町喜来"}],"0006":[{"pref":"徳島県","city":"吉野川市","town":"鴨島町喜来甲"}],"0007":[{"pref":"徳島県","city":"吉野川市","town":"鴨島町喜来乙"}],"0034":[{"pref":"徳島県","city":"吉野川市","town":"鴨島町呉郷団地"}],"0036":[{"pref":"徳島県","city":"吉野川市","town":"鴨島町山路"}],"0031":[{"pref":"徳島県","city":"吉野川市","town":"鴨島町敷地"}],"0013":[{"pref":"徳島県","city":"吉野川市","town":"鴨島町上下島"}],"0014":[{"pref":"徳島県","city":"吉野川市","town":"鴨島町知恵島"}],"0004":[{"pref":"徳島県","city":"吉野川市","town":"鴨島町中島"}],"0020":[{"pref":"徳島県","city":"吉野川市","town":"鴨島町西麻植"}],"0032":[{"pref":"徳島県","city":"吉野川市","town":"鴨島町樋山地"}],"0035":[{"pref":"徳島県","city":"吉野川市","town":"鴨島町森藤"}]}