{"甲府市":{"以下に掲載がない場合":[{"zip":"4000000","zip1":"400","zip2":"0000"}],"相生":[{"zip":"4000858","zip1":"400","zip2":"0858"}],"青沼":[{"zip":"4000867","zip1":"400","zip2":"0867"}],"青葉町":[{"zip":"4000828","zip1":"400","zip2":"0828"}],"朝気":[{"zip":"4000862","zip1":"400","zip2":"0862"}],"朝日":[{"zip":"4000025","zip1":"400","zip2":"0025"}],"愛宕町":[{"zip":"4000023","zip1":"400","zip2":"0023"}],"荒川":[{"zip":"4000061","zip1":"400","zip2":"0061"}],"飯田":[{"zip":"4000035","zip1":"400","zip2":"0035"}],"猪狩町":[{"zip":"4001217","zip1":"400","zip2":"1217"}],"池田":[{"zip":"4000062","zip1":"400","zip2":"0062"}],"伊勢":[{"zip":"4000856","zip1":"400","zip2":"0856"}],"岩窪町":[{"zip":"4000013","zip1":"400","zip2":"0013"}],"後屋町":[{"zip":"4000045","zip1":"400","zip2":"0045"}],"右左口町":[{"zip":"4001504","zip1":"400","zip2":"1504"}],"大里町":[{"zip":"4000053","zip1":"400","zip2":"0053"}],"太田町":[{"zip":"4000865","zip1":"400","zip2":"0865"}],"大津町":[{"zip":"4000055","zip1":"400","zip2":"0055"}],"大手":[{"zip":"4000015","zip1":"400","zip2":"0015"}],"落合町":[{"zip":"4000834","zip1":"400","zip2":"0834"}],"音羽町":[{"zip":"4000028","zip1":"400","zip2":"0028"}],"小曲町":[{"zip":"4000841","zip1":"400","zip2":"0841"}],"梯町":[{"zip":"4093711","zip1":"409","zip2":"3711"}],"金竹町":[{"zip":"4000063","zip1":"400","zip2":"0063"}],"上阿原町":[{"zip":"4000814","zip1":"400","zip2":"0814"}],"上石田":[{"zip":"4000041","zip1":"400","zip2":"0041"}],"上今井町":[{"zip":"4000845","zip1":"400","zip2":"0845"}],"上帯那町":[{"zip":"4000081","zip1":"400","zip2":"0081"}],"上小河原町":[{"zip":"4000044","zip1":"400","zip2":"0044"}],"上条新居町":[{"zip":"4000052","zip1":"400","zip2":"0052"}],"上積翠寺町":[{"zip":"4000011","zip1":"400","zip2":"0011"}],"上曽根町":[{"zip":"4001501","zip1":"400","zip2":"1501"}],"上町":[{"zip":"4000831","zip1":"400","zip2":"0831"}],"上向山町":[{"zip":"4001506","zip1":"400","zip2":"1506"}],"川窪町":[{"zip":"4001213","zip1":"400","zip2":"1213"}],"川田町":[{"zip":"4000811","zip1":"400","zip2":"0811"}],"北口":[{"zip":"4000024","zip1":"400","zip2":"0024"}],"北新":[{"zip":"4000005","zip1":"400","zip2":"0005"}],"貢川":[{"zip":"4000065","zip1":"400","zip2":"0065"}],"貢川本町":[{"zip":"4000048","zip1":"400","zip2":"0048"}],"国玉町":[{"zip":"4000815","zip1":"400","zip2":"0815"}],"黒平町":[{"zip":"4001211","zip1":"400","zip2":"1211"}],"国母":[{"zip":"4000043","zip1":"400","zip2":"0043"}],"小瀬町":[{"zip":"4000836","zip1":"400","zip2":"0836"}],"寿町":[{"zip":"4000033","zip1":"400","zip2":"0033"}],"古府中町":[{"zip":"4000014","zip1":"400","zip2":"0014"}],"小松町":[{"zip":"4000002","zip1":"400","zip2":"0002"}],"幸町":[{"zip":"4000857","zip1":"400","zip2":"0857"}],"酒折":[{"zip":"4000805","zip1":"400","zip2":"0805"}],"酒折町":[{"zip":"4000804","zip1":"400","zip2":"0804"}],"桜井町":[{"zip":"4000803","zip1":"400","zip2":"0803"}],"里吉":[{"zip":"4000822","zip1":"400","zip2":"0822"}],"里吉町":[{"zip":"4000823","zip1":"400","zip2":"0823"}],"塩部":[{"zip":"4000026","zip1":"400","zip2":"0026"}],"下飯田":[{"zip":"4000064","zip1":"400","zip2":"0064"}],"下石田":[{"zip":"4000046","zip1":"400","zip2":"0046"}],"下今井町":[{"zip":"4000842","zip1":"400","zip2":"0842"}],"下帯那町":[{"zip":"4000082","zip1":"400","zip2":"0082"}],"下鍛冶屋町":[{"zip":"4000835","zip1":"400","zip2":"0835"}],"下河原町":[{"zip":"4000068","zip1":"400","zip2":"0068"}],"下小河原町":[{"zip":"4000853","zip1":"400","zip2":"0853"}],"下積翠寺町":[{"zip":"4000012","zip1":"400","zip2":"0012"}],"下曽根町":[{"zip":"4001508","zip1":"400","zip2":"1508"}],"下向山町":[{"zip":"4001507","zip1":"400","zip2":"1507"}],"城東":[{"zip":"4000861","zip1":"400","zip2":"0861"}],"白井町":[{"zip":"4001502","zip1":"400","zip2":"1502"}],"心経寺町":[{"zip":"4001503","zip1":"400","zip2":"1503"}],"新田町":[{"zip":"4000066","zip1":"400","zip2":"0066"}],"砂田町":[{"zip":"4000821","zip1":"400","zip2":"0821"}],"住吉":[{"zip":"4000851","zip1":"400","zip2":"0851"}],"住吉本町":[{"zip":"4000852","zip1":"400","zip2":"0852"}],"善光寺":[{"zip":"4000806","zip1":"400","zip2":"0806"}],"善光寺町":[{"zip":"4000801","zip1":"400","zip2":"0801"}],"草鹿沢町":[{"zip":"4001219","zip1":"400","zip2":"1219"}],"大和町":[{"zip":"4000072","zip1":"400","zip2":"0072"}],"高成町":[{"zip":"4001214","zip1":"400","zip2":"1214"}],"高畑":[{"zip":"4000042","zip1":"400","zip2":"0042"}],"高町":[{"zip":"4001212","zip1":"400","zip2":"1212"}],"高室町":[{"zip":"4000057","zip1":"400","zip2":"0057"}],"宝":[{"zip":"4000034","zip1":"400","zip2":"0034"}],"武田":[{"zip":"4000016","zip1":"400","zip2":"0016"}],"竹日向町":[{"zip":"4001215","zip1":"400","zip2":"1215"}],"千塚":[{"zip":"4000074","zip1":"400","zip2":"0074"}],"中央":[{"zip":"4000032","zip1":"400","zip2":"0032"}],"長松寺町":[{"zip":"4000067","zip1":"400","zip2":"0067"}],"塚原町":[{"zip":"4000003","zip1":"400","zip2":"0003"}],"天神町":[{"zip":"4000006","zip1":"400","zip2":"0006"}],"塔岩町":[{"zip":"4001216","zip1":"400","zip2":"1216"}],"東光寺":[{"zip":"4000807","zip1":"400","zip2":"0807"}],"東光寺町":[{"zip":"4000808","zip1":"400","zip2":"0808"}],"徳行":[{"zip":"4000047","zip1":"400","zip2":"0047"}],"富竹":[{"zip":"4000049","zip1":"400","zip2":"0049"}],"中小河原":[{"zip":"4000855","zip1":"400","zip2":"0855"}],"中小河原町":[{"zip":"4000854","zip1":"400","zip2":"0854"}],"中町":[{"zip":"4000844","zip1":"400","zip2":"0844"}],"中畑町":[{"zip":"4001505","zip1":"400","zip2":"1505"}],"中村町":[{"zip":"4000069","zip1":"400","zip2":"0069"}],"七沢町":[{"zip":"4000825","zip1":"400","zip2":"0825"}],"西油川町":[{"zip":"4000833","zip1":"400","zip2":"0833"}],"西下条町":[{"zip":"4000054","zip1":"400","zip2":"0054"}],"西高橋町":[{"zip":"4000826","zip1":"400","zip2":"0826"}],"西田町":[{"zip":"4000004","zip1":"400","zip2":"0004"}],"羽黒町":[{"zip":"4000071","zip1":"400","zip2":"0071"}],"東下条町":[{"zip":"4000843","zip1":"400","zip2":"0843"}],"平瀬町":[{"zip":"4000083","zip1":"400","zip2":"0083"}],"富士見":[{"zip":"4000027","zip1":"400","zip2":"0027"}],"古上条町":[{"zip":"4000051","zip1":"400","zip2":"0051"}],"古関町":[{"zip":"4093712","zip1":"409","zip2":"3712"}],"堀之内町":[{"zip":"4000056","zip1":"400","zip2":"0056"}],"増坪町":[{"zip":"4000832","zip1":"400","zip2":"0832"}],"丸の内":[{"zip":"4000031","zip1":"400","zip2":"0031"}],"美咲":[{"zip":"4000007","zip1":"400","zip2":"0007"}],"御岳町":[{"zip":"4001218","zip1":"400","zip2":"1218"}],"緑が丘":[{"zip":"4000008","zip1":"400","zip2":"0008"}],"南口町":[{"zip":"4000863","zip1":"400","zip2":"0863"}],"宮原町":[{"zip":"4000058","zip1":"400","zip2":"0058"}],"宮前町":[{"zip":"4000021","zip1":"400","zip2":"0021"}],"向町":[{"zip":"4000813","zip1":"400","zip2":"0813"}],"元紺屋町":[{"zip":"4000022","zip1":"400","zip2":"0022"}],"屋形":[{"zip":"4000017","zip1":"400","zip2":"0017"}],"山宮町":[{"zip":"4000075","zip1":"400","zip2":"0075"}],"湯田":[{"zip":"4000864","zip1":"400","zip2":"0864"}],"湯村":[{"zip":"4000073","zip1":"400","zip2":"0073"}],"横根町":[{"zip":"4000802","zip1":"400","zip2":"0802"}],"蓬沢":[{"zip":"4000827","zip1":"400","zip2":"0827"}],"蓬沢町":[{"zip":"4000824","zip1":"400","zip2":"0824"}],"若松町":[{"zip":"4000866","zip1":"400","zip2":"0866"}],"和田町":[{"zip":"4000001","zip1":"400","zip2":"0001"}],"和戸町":[{"zip":"4000812","zip1":"400","zip2":"0812"}]},"富士吉田市":{"以下に掲載がない場合":[{"zip":"4030000","zip1":"403","zip2":"0000"}],"旭":[{"zip":"4030012","zip1":"403","zip2":"0012"}],"浅間":[{"zip":"4030031","zip1":"403","zip2":"0031"}],"新倉":[{"zip":"4030011","zip1":"403","zip2":"0011"}],"新屋":[{"zip":"4030006","zip1":"403","zip2":"0006"}],"大明見":[{"zip":"4030003","zip1":"403","zip2":"0003"}],"上暮地":[{"zip":"4030001","zip1":"403","zip2":"0001"}],"上吉田":[{"zip":"4030005","zip1":"403","zip2":"0005"}],"上吉田東":[{"zip":"4030032","zip1":"403","zip2":"0032"}],"小明見":[{"zip":"4030002","zip1":"403","zip2":"0002"}],"下吉田":[{"zip":"4030004","zip1":"403","zip2":"0004"}],"下吉田東":[{"zip":"4030008","zip1":"403","zip2":"0008"}],"新西原":[{"zip":"4030017","zip1":"403","zip2":"0017"}],"新町":[{"zip":"4030019","zip1":"403","zip2":"0019"}],"竜ケ丘":[{"zip":"4030014","zip1":"403","zip2":"0014"}],"ときわ台":[{"zip":"4030015","zip1":"403","zip2":"0015"}],"中曽根":[{"zip":"4030007","zip1":"403","zip2":"0007"}],"富士見":[{"zip":"4030009","zip1":"403","zip2":"0009"}],"松山":[{"zip":"4030016","zip1":"403","zip2":"0016"}],"緑ケ丘":[{"zip":"4030013","zip1":"403","zip2":"0013"}],"向原":[{"zip":"4030018","zip1":"403","zip2":"0018"}]},"都留市":{"以下に掲載がない場合":[{"zip":"4020000","zip1":"402","zip2":"0000"}],"朝日曽雌":[{"zip":"4020015","zip1":"402","zip2":"0015"}],"朝日馬場":[{"zip":"4020014","zip1":"402","zip2":"0014"}],"厚原":[{"zip":"4020042","zip1":"402","zip2":"0042"}],"井倉":[{"zip":"4020011","zip1":"402","zip2":"0011"}],"大野":[{"zip":"4020023","zip1":"402","zip2":"0023"}],"大幡":[{"zip":"4020045","zip1":"402","zip2":"0045"}],"大原":[{"zip":"4020002","zip1":"402","zip2":"0002"}],"小形山":[{"zip":"4020006","zip1":"402","zip2":"0006"}],"小野":[{"zip":"4020024","zip1":"402","zip2":"0024"}],"桂町":[{"zip":"4020034","zip1":"402","zip2":"0034"}],"金井":[{"zip":"4020041","zip1":"402","zip2":"0041"}],"加畑":[{"zip":"4020044","zip1":"402","zip2":"0044"}],"上谷":[{"zip":"4020053","zip1":"402","zip2":"0053"}],"川棚":[{"zip":"4020055","zip1":"402","zip2":"0055"}],"川茂":[{"zip":"4020003","zip1":"402","zip2":"0003"}],"境":[{"zip":"4020033","zip1":"402","zip2":"0033"}],"鹿留":[{"zip":"4020032","zip1":"402","zip2":"0032"}],"下谷":[{"zip":"4020051","zip1":"402","zip2":"0051"}],"田野倉":[{"zip":"4020001","zip1":"402","zip2":"0001"}],"田原":[{"zip":"4020054","zip1":"402","zip2":"0054"}],"玉川":[{"zip":"4020021","zip1":"402","zip2":"0021"}],"中央":[{"zip":"4020052","zip1":"402","zip2":"0052"}],"つる":[{"zip":"4020056","zip1":"402","zip2":"0056"}],"十日市場":[{"zip":"4020031","zip1":"402","zip2":"0031"}],"戸沢":[{"zip":"4020022","zip1":"402","zip2":"0022"}],"中津森":[{"zip":"4020046","zip1":"402","zip2":"0046"}],"夏狩":[{"zip":"4020035","zip1":"402","zip2":"0035"}],"平栗":[{"zip":"4020043","zip1":"402","zip2":"0043"}],"古川渡":[{"zip":"4020004","zip1":"402","zip2":"0004"}],"法能":[{"zip":"4020025","zip1":"402","zip2":"0025"}],"盛里":[{"zip":"4020013","zip1":"402","zip2":"0013"}],"四日市場":[{"zip":"4020005","zip1":"402","zip2":"0005"}],"与縄":[{"zip":"4020012","zip1":"402","zip2":"0012"}]},"山梨市":{"以下に掲載がない場合":[{"zip":"4050000","zip1":"405","zip2":"0000"}],"市川":[{"zip":"4050044","zip1":"405","zip2":"0044"}],"一町田中":[{"zip":"4050025","zip1":"405","zip2":"0025"}],"歌田":[{"zip":"4050024","zip1":"405","zip2":"0024"}],"江曽原":[{"zip":"4050043","zip1":"405","zip2":"0043"}],"大野":[{"zip":"4050016","zip1":"405","zip2":"0016"}],"落合":[{"zip":"4050033","zip1":"405","zip2":"0033"}],"上石森":[{"zip":"4050014","zip1":"405","zip2":"0014"}],"上岩下":[{"zip":"4050034","zip1":"405","zip2":"0034"}],"上神内川":[{"zip":"4050018","zip1":"405","zip2":"0018"}],"上栗原":[{"zip":"4050022","zip1":"405","zip2":"0022"}],"上之割":[{"zip":"4050004","zip1":"405","zip2":"0004"}],"鴨居寺":[{"zip":"4050013","zip1":"405","zip2":"0013"}],"北":[{"zip":"4050041","zip1":"405","zip2":"0041"}],"切差":[{"zip":"4050048","zip1":"405","zip2":"0048"}],"小原東":[{"zip":"4050005","zip1":"405","zip2":"0005"}],"小原西":[{"zip":"4050006","zip1":"405","zip2":"0006"}],"三ケ所":[{"zip":"4050011","zip1":"405","zip2":"0011"}],"下石森":[{"zip":"4050015","zip1":"405","zip2":"0015"}],"下井尻":[{"zip":"4050003","zip1":"405","zip2":"0003"}],"下神内川":[{"zip":"4050017","zip1":"405","zip2":"0017"}],"下栗原":[{"zip":"4050023","zip1":"405","zip2":"0023"}],"正徳寺":[{"zip":"4050032","zip1":"405","zip2":"0032"}],"大工":[{"zip":"4050045","zip1":"405","zip2":"0045"}],"中村":[{"zip":"4050021","zip1":"405","zip2":"0021"}],"七日市場":[{"zip":"4050007","zip1":"405","zip2":"0007"}],"西":[{"zip":"4050001","zip1":"405","zip2":"0001"}],"東":[{"zip":"4050002","zip1":"405","zip2":"0002"}],"東後屋敷":[{"zip":"4050012","zip1":"405","zip2":"0012"}],"堀内":[{"zip":"4050046","zip1":"405","zip2":"0046"}],"牧丘町北原":[{"zip":"4040007","zip1":"404","zip2":"0007"}],"牧丘町窪平":[{"zip":"4040013","zip1":"404","zip2":"0013"}],"牧丘町倉科":[{"zip":"4040003","zip1":"404","zip2":"0003"}],"牧丘町城古寺":[{"zip":"4040015","zip1":"404","zip2":"0015"}],"牧丘町杣口":[{"zip":"4040002","zip1":"404","zip2":"0002"}],"牧丘町千野々宮":[{"zip":"4040016","zip1":"404","zip2":"0016"}],"牧丘町成沢":[{"zip":"4040011","zip1":"404","zip2":"0011"}],"牧丘町西保下":[{"zip":"4040004","zip1":"404","zip2":"0004"}],"牧丘町西保中":[{"zip":"4040005","zip1":"404","zip2":"0005"}],"牧丘町隼":[{"zip":"4040014","zip1":"404","zip2":"0014"}],"牧丘町牧平":[{"zip":"4040006","zip1":"404","zip2":"0006"}],"牧丘町室伏":[{"zip":"4040012","zip1":"404","zip2":"0012"}],"牧丘町柳平":[{"zip":"4040001","zip1":"404","zip2":"0001"}],"万力":[{"zip":"4050031","zip1":"405","zip2":"0031"}],"水口":[{"zip":"4050047","zip1":"405","zip2":"0047"}],"三富上釜口":[{"zip":"4040206","zip1":"404","zip2":"0206"}],"三富上柚木":[{"zip":"4040202","zip1":"404","zip2":"0202"}],"三富川浦":[{"zip":"4040201","zip1":"404","zip2":"0201"}],"三富下荻原":[{"zip":"4040203","zip1":"404","zip2":"0203"}],"三富下釜口":[{"zip":"4040204","zip1":"404","zip2":"0204"}],"三富徳和":[{"zip":"4040205","zip1":"404","zip2":"0205"}],"南":[{"zip":"4050042","zip1":"405","zip2":"0042"}],"矢坪":[{"zip":"4050036","zip1":"405","zip2":"0036"}],"山根":[{"zip":"4050035","zip1":"405","zip2":"0035"}]},"大月市":{"以下に掲載がない場合":[{"zip":"4010000","zip1":"401","zip2":"0000"}],"大月（１～３丁目）":[{"zip":"4010013","zip1":"401","zip2":"0013"}],"大月町大月":[{"zip":"4010014","zip1":"401","zip2":"0014"}],"大月町花咲":[{"zip":"4010015","zip1":"401","zip2":"0015"}],"大月町真木":[{"zip":"4010016","zip1":"401","zip2":"0016"}],"駒橋":[{"zip":"4010011","zip1":"401","zip2":"0011"}],"笹子町黒野田":[{"zip":"4010025","zip1":"401","zip2":"0025"}],"笹子町白野":[{"zip":"4010023","zip1":"401","zip2":"0023"}],"笹子町吉久保":[{"zip":"4010024","zip1":"401","zip2":"0024"}],"猿橋町朝日小沢":[{"zip":"4090615","zip1":"409","zip2":"0615"}],"猿橋町伊良原":[{"zip":"4090613","zip1":"409","zip2":"0613"}],"猿橋町小沢":[{"zip":"4090616","zip1":"409","zip2":"0616"}],"猿橋町小篠":[{"zip":"4090611","zip1":"409","zip2":"0611"}],"猿橋町桂台":[{"zip":"4090618","zip1":"409","zip2":"0618"}],"猿橋町猿橋":[{"zip":"4090614","zip1":"409","zip2":"0614"}],"猿橋町殿上":[{"zip":"4090617","zip1":"409","zip2":"0617"}],"猿橋町藤崎":[{"zip":"4090612","zip1":"409","zip2":"0612"}],"富浜町鳥沢":[{"zip":"4090502","zip1":"409","zip2":"0502"}],"富浜町宮谷":[{"zip":"4090501","zip1":"409","zip2":"0501"}],"七保町浅川":[{"zip":"4090621","zip1":"409","zip2":"0621"}],"七保町葛野":[{"zip":"4090623","zip1":"409","zip2":"0623"}],"七保町駒宮":[{"zip":"4090627","zip1":"409","zip2":"0627"}],"七保町下和田":[{"zip":"4090622","zip1":"409","zip2":"0622"}],"七保町瀬戸":[{"zip":"4090626","zip1":"409","zip2":"0626"}],"七保町奈良子":[{"zip":"4090625","zip1":"409","zip2":"0625"}],"七保町林":[{"zip":"4090624","zip1":"409","zip2":"0624"}],"賑岡町浅利":[{"zip":"4010005","zip1":"401","zip2":"0005"}],"賑岡町岩殿":[{"zip":"4010002","zip1":"401","zip2":"0002"}],"賑岡町奥山":[{"zip":"4010006","zip1":"401","zip2":"0006"}],"賑岡町強瀬":[{"zip":"4010004","zip1":"401","zip2":"0004"}],"賑岡町畑倉":[{"zip":"4010001","zip1":"401","zip2":"0001"}],"賑岡町ゆりケ丘":[{"zip":"4010003","zip1":"401","zip2":"0003"}],"初狩町下初狩":[{"zip":"4010021","zip1":"401","zip2":"0021"}],"初狩町中初狩":[{"zip":"4010022","zip1":"401","zip2":"0022"}],"御太刀":[{"zip":"4010012","zip1":"401","zip2":"0012"}],"梁川町新倉":[{"zip":"4090504","zip1":"409","zip2":"0504"}],"梁川町塩瀬":[{"zip":"4090505","zip1":"409","zip2":"0505"}],"梁川町立野":[{"zip":"4090506","zip1":"409","zip2":"0506"}],"梁川町綱の上":[{"zip":"4090503","zip1":"409","zip2":"0503"}]},"韮崎市":{"以下に掲載がない場合":[{"zip":"4070000","zip1":"407","zip2":"0000"}],"旭町上條中割":[{"zip":"4070045","zip1":"407","zip2":"0045"}],"旭町上條南割":[{"zip":"4070046","zip1":"407","zip2":"0046"}],"旭町上條北割":[{"zip":"4070044","zip1":"407","zip2":"0044"}],"穴山町":[{"zip":"4070263","zip1":"407","zip2":"0263"}],"岩下":[{"zip":"4070012","zip1":"407","zip2":"0012"}],"上ノ山":[{"zip":"4070011","zip1":"407","zip2":"0011"}],"大草町上條東割":[{"zip":"4070036","zip1":"407","zip2":"0036"}],"大草町下條西割":[{"zip":"4070035","zip1":"407","zip2":"0035"}],"大草町下條中割":[{"zip":"4070034","zip1":"407","zip2":"0034"}],"大草町若尾":[{"zip":"4070037","zip1":"407","zip2":"0037"}],"上祖母石":[{"zip":"4070007","zip1":"407","zip2":"0007"}],"神山町北宮地":[{"zip":"4070042","zip1":"407","zip2":"0042"}],"神山町武田":[{"zip":"4070041","zip1":"407","zip2":"0041"}],"神山町鍋山":[{"zip":"4070043","zip1":"407","zip2":"0043"}],"栄":[{"zip":"4070025","zip1":"407","zip2":"0025"}],"下祖母石":[{"zip":"4070006","zip1":"407","zip2":"0006"}],"水神":[{"zip":"4070022","zip1":"407","zip2":"0022"}],"清哲町青木":[{"zip":"4070055","zip1":"407","zip2":"0055"}],"清哲町折居":[{"zip":"4070054","zip1":"407","zip2":"0054"}],"清哲町樋口":[{"zip":"4070057","zip1":"407","zip2":"0057"}],"清哲町水上":[{"zip":"4070058","zip1":"407","zip2":"0058"}],"龍岡町下條東割":[{"zip":"4070032","zip1":"407","zip2":"0032"}],"龍岡町下條南割":[{"zip":"4070033","zip1":"407","zip2":"0033"}],"龍岡町若尾新田":[{"zip":"4070031","zip1":"407","zip2":"0031"}],"中央町":[{"zip":"4070023","zip1":"407","zip2":"0023"}],"中島":[{"zip":"4070013","zip1":"407","zip2":"0013"}],"中田町小田川":[{"zip":"4070261","zip1":"407","zip2":"0261"}],"中田町中條":[{"zip":"4070262","zip1":"407","zip2":"0262"}],"一ツ谷":[{"zip":"4070005","zip1":"407","zip2":"0005"}],"藤井町駒井":[{"zip":"4070001","zip1":"407","zip2":"0001"}],"藤井町坂井":[{"zip":"4070002","zip1":"407","zip2":"0002"}],"藤井町南下條":[{"zip":"4070004","zip1":"407","zip2":"0004"}],"藤井町北下條":[{"zip":"4070003","zip1":"407","zip2":"0003"}],"富士見":[{"zip":"4070014","zip1":"407","zip2":"0014"}],"富士見ケ丘":[{"zip":"4070021","zip1":"407","zip2":"0021"}],"穂坂町上今井":[{"zip":"4070172","zip1":"407","zip2":"0172"}],"穂坂町三之蔵":[{"zip":"4070176","zip1":"407","zip2":"0176"}],"穂坂町長久保":[{"zip":"4070173","zip1":"407","zip2":"0173"}],"穂坂町三ツ沢":[{"zip":"4070174","zip1":"407","zip2":"0174"}],"穂坂町宮久保":[{"zip":"4070175","zip1":"407","zip2":"0175"}],"穂坂町柳平":[{"zip":"4070171","zip1":"407","zip2":"0171"}],"本町":[{"zip":"4070024","zip1":"407","zip2":"0024"}],"円野町上円井":[{"zip":"4070051","zip1":"407","zip2":"0051"}],"円野町下円井":[{"zip":"4070052","zip1":"407","zip2":"0052"}],"円野町入戸野":[{"zip":"4070053","zip1":"407","zip2":"0053"}],"若宮":[{"zip":"4070015","zip1":"407","zip2":"0015"}]},"南アルプス市":{"以下に掲載がない場合":[{"zip":"4000400","zip1":"400","zip2":"0400"}],"秋山":[{"zip":"4000424","zip1":"400","zip2":"0424"}],"浅原":[{"zip":"4000333","zip1":"400","zip2":"0333"}],"芦安芦倉":[{"zip":"4000241","zip1":"400","zip2":"0241"}],"芦安安通":[{"zip":"4000242","zip1":"400","zip2":"0242"}],"あやめが丘":[{"zip":"4000319","zip1":"400","zip2":"0319"}],"鮎沢":[{"zip":"4000403","zip1":"400","zip2":"0403"}],"有野":[{"zip":"4000226","zip1":"400","zip2":"0226"}],"飯野":[{"zip":"4000222","zip1":"400","zip2":"0222"}],"飯野新田":[{"zip":"4000224","zip1":"400","zip2":"0224"}],"和泉":[{"zip":"4000413","zip1":"400","zip2":"0413"}],"上野":[{"zip":"4000315","zip1":"400","zip2":"0315"}],"上八田":[{"zip":"4000215","zip1":"400","zip2":"0215"}],"榎原":[{"zip":"4000204","zip1":"400","zip2":"0204"}],"江原":[{"zip":"4000401","zip1":"400","zip2":"0401"}],"大嵐":[{"zip":"4000234","zip1":"400","zip2":"0234"}],"小笠原":[{"zip":"4000306","zip1":"400","zip2":"0306"}],"落合":[{"zip":"4000423","zip1":"400","zip2":"0423"}],"加賀美":[{"zip":"4000335","zip1":"400","zip2":"0335"}],"鏡中條":[{"zip":"4000332","zip1":"400","zip2":"0332"}],"上市之瀬":[{"zip":"4000317","zip1":"400","zip2":"0317"}],"上今井":[{"zip":"4000303","zip1":"400","zip2":"0303"}],"上今諏訪":[{"zip":"4000211","zip1":"400","zip2":"0211"}],"上高砂":[{"zip":"4000201","zip1":"400","zip2":"0201"}],"上宮地":[{"zip":"4000312","zip1":"400","zip2":"0312"}],"川上":[{"zip":"4000421","zip1":"400","zip2":"0421"}],"曲輪田":[{"zip":"4000311","zip1":"400","zip2":"0311"}],"曲輪田新田":[{"zip":"4000223","zip1":"400","zip2":"0223"}],"駒場":[{"zip":"4000232","zip1":"400","zip2":"0232"}],"在家塚":[{"zip":"4000221","zip1":"400","zip2":"0221"}],"沢登":[{"zip":"4000302","zip1":"400","zip2":"0302"}],"塩前":[{"zip":"4000231","zip1":"400","zip2":"0231"}],"清水":[{"zip":"4000417","zip1":"400","zip2":"0417"}],"下市之瀬":[{"zip":"4000314","zip1":"400","zip2":"0314"}],"下今井":[{"zip":"4000331","zip1":"400","zip2":"0331"}],"下今諏訪":[{"zip":"4000212","zip1":"400","zip2":"0212"}],"下高砂":[{"zip":"4000202","zip1":"400","zip2":"0202"}],"下宮地":[{"zip":"4000405","zip1":"400","zip2":"0405"}],"十五所":[{"zip":"4000305","zip1":"400","zip2":"0305"}],"須沢":[{"zip":"4000233","zip1":"400","zip2":"0233"}],"大師":[{"zip":"4000416","zip1":"400","zip2":"0416"}],"高尾":[{"zip":"4000318","zip1":"400","zip2":"0318"}],"田島":[{"zip":"4000402","zip1":"400","zip2":"0402"}],"塚原":[{"zip":"4000426","zip1":"400","zip2":"0426"}],"築山":[{"zip":"4000225","zip1":"400","zip2":"0225"}],"寺部":[{"zip":"4000337","zip1":"400","zip2":"0337"}],"藤田":[{"zip":"4000334","zip1":"400","zip2":"0334"}],"百々":[{"zip":"4000214","zip1":"400","zip2":"0214"}],"十日市場":[{"zip":"4000336","zip1":"400","zip2":"0336"}],"徳永":[{"zip":"4000203","zip1":"400","zip2":"0203"}],"戸田":[{"zip":"4000414","zip1":"400","zip2":"0414"}],"中野":[{"zip":"4000316","zip1":"400","zip2":"0316"}],"西南湖":[{"zip":"4000411","zip1":"400","zip2":"0411"}],"西野":[{"zip":"4000213","zip1":"400","zip2":"0213"}],"荊沢":[{"zip":"4000422","zip1":"400","zip2":"0422"}],"東南湖":[{"zip":"4000412","zip1":"400","zip2":"0412"}],"平岡":[{"zip":"4000313","zip1":"400","zip2":"0313"}],"古市場":[{"zip":"4000404","zip1":"400","zip2":"0404"}],"宮沢":[{"zip":"4000415","zip1":"400","zip2":"0415"}],"六科":[{"zip":"4000206","zip1":"400","zip2":"0206"}],"桃園":[{"zip":"4000301","zip1":"400","zip2":"0301"}],"野牛島":[{"zip":"4000205","zip1":"400","zip2":"0205"}],"山寺":[{"zip":"4000308","zip1":"400","zip2":"0308"}],"湯沢":[{"zip":"4000425","zip1":"400","zip2":"0425"}],"吉田":[{"zip":"4000304","zip1":"400","zip2":"0304"}]},"北杜市":{"以下に掲載がない場合":[{"zip":"4080000","zip1":"408","zip2":"0000"}],"明野町浅尾":[{"zip":"4080201","zip1":"408","zip2":"0201"}],"明野町浅尾新田":[{"zip":"4080205","zip1":"408","zip2":"0205"}],"明野町上手":[{"zip":"4080204","zip1":"408","zip2":"0204"}],"明野町小笠原":[{"zip":"4080202","zip1":"408","zip2":"0202"}],"明野町上神取":[{"zip":"4080207","zip1":"408","zip2":"0207"}],"明野町三之蔵":[{"zip":"4080203","zip1":"408","zip2":"0203"}],"明野町下神取":[{"zip":"4080206","zip1":"408","zip2":"0206"}],"大泉町西井出８２４０－１（美森、たかね荘、清泉寮、サンメドウズスキー場）":[{"zip":"4070311","zip1":"407","zip2":"0311"}],"大泉町西井出（その他）":[{"zip":"4091501","zip1":"409","zip2":"1501"}],"大泉町谷戸":[{"zip":"4091502","zip1":"409","zip2":"1502"}],"小淵沢町":[{"zip":"4080044","zip1":"408","zip2":"0044"}],"小淵沢町上笹尾":[{"zip":"4080041","zip1":"408","zip2":"0041"}],"小淵沢町下笹尾":[{"zip":"4080043","zip1":"408","zip2":"0043"}],"小淵沢町松向":[{"zip":"4080042","zip1":"408","zip2":"0042"}],"須玉町穴平":[{"zip":"4080111","zip1":"408","zip2":"0111"}],"須玉町江草":[{"zip":"4080103","zip1":"408","zip2":"0103"}],"須玉町大蔵":[{"zip":"4080113","zip1":"408","zip2":"0113"}],"須玉町小尾":[{"zip":"4080101","zip1":"408","zip2":"0101"}],"須玉町上津金":[{"zip":"4070321","zip1":"407","zip2":"0321"}],"須玉町小倉":[{"zip":"4080104","zip1":"408","zip2":"0104"}],"須玉町境之澤":[{"zip":"4080116","zip1":"408","zip2":"0116"}],"須玉町下津金":[{"zip":"4070322","zip1":"407","zip2":"0322"}],"須玉町藤田":[{"zip":"4080114","zip1":"408","zip2":"0114"}],"須玉町東向":[{"zip":"4080105","zip1":"408","zip2":"0105"}],"須玉町比志":[{"zip":"4080102","zip1":"408","zip2":"0102"}],"須玉町大豆生田":[{"zip":"4080115","zip1":"408","zip2":"0115"}],"須玉町若神子":[{"zip":"4080112","zip1":"408","zip2":"0112"}],"須玉町若神子新町":[{"zip":"4080117","zip1":"408","zip2":"0117"}],"高根町浅川":[{"zip":"4070302","zip1":"407","zip2":"0302"}],"高根町上黒澤":[{"zip":"4080016","zip1":"408","zip2":"0016"}],"高根町清里":[{"zip":"4070301","zip1":"407","zip2":"0301"}],"高根町蔵原":[{"zip":"4080013","zip1":"408","zip2":"0013"}],"高根町小池":[{"zip":"4080014","zip1":"408","zip2":"0014"}],"高根町五町田":[{"zip":"4080017","zip1":"408","zip2":"0017"}],"高根町下黒澤":[{"zip":"4080015","zip1":"408","zip2":"0015"}],"高根町堤":[{"zip":"4080004","zip1":"408","zip2":"0004"}],"高根町長沢":[{"zip":"4080001","zip1":"408","zip2":"0001"}],"高根町東井出":[{"zip":"4080003","zip1":"408","zip2":"0003"}],"高根町箕輪":[{"zip":"4080012","zip1":"408","zip2":"0012"}],"高根町箕輪新町":[{"zip":"4080011","zip1":"408","zip2":"0011"}],"高根町村山北割":[{"zip":"4080002","zip1":"408","zip2":"0002"}],"高根町村山西割":[{"zip":"4080018","zip1":"408","zip2":"0018"}],"高根町村山東割":[{"zip":"4080019","zip1":"408","zip2":"0019"}],"長坂町大井ケ森":[{"zip":"4080032","zip1":"408","zip2":"0032"}],"長坂町大八田":[{"zip":"4080034","zip1":"408","zip2":"0034"}],"長坂町小荒間":[{"zip":"4080031","zip1":"408","zip2":"0031"}],"長坂町渋沢":[{"zip":"4080023","zip1":"408","zip2":"0023"}],"長坂町白井沢":[{"zip":"4080033","zip1":"408","zip2":"0033"}],"長坂町塚川":[{"zip":"4080022","zip1":"408","zip2":"0022"}],"長坂町富岡":[{"zip":"4080024","zip1":"408","zip2":"0024"}],"長坂町長坂上条":[{"zip":"4080021","zip1":"408","zip2":"0021"}],"長坂町長坂下条":[{"zip":"4080025","zip1":"408","zip2":"0025"}],"長坂町中島":[{"zip":"4080037","zip1":"408","zip2":"0037"}],"長坂町中丸":[{"zip":"4080036","zip1":"408","zip2":"0036"}],"長坂町夏秋":[{"zip":"4080035","zip1":"408","zip2":"0035"}],"長坂町日野":[{"zip":"4080026","zip1":"408","zip2":"0026"}],"白州町大武川":[{"zip":"4080319","zip1":"408","zip2":"0319"}],"白州町上教来石":[{"zip":"4080318","zip1":"408","zip2":"0318"}],"白州町下教来石":[{"zip":"4080317","zip1":"408","zip2":"0317"}],"白州町白須":[{"zip":"4080315","zip1":"408","zip2":"0315"}],"白州町台ケ原":[{"zip":"4080312","zip1":"408","zip2":"0312"}],"白州町大坊":[{"zip":"4080314","zip1":"408","zip2":"0314"}],"白州町鳥原":[{"zip":"4080316","zip1":"408","zip2":"0316"}],"白州町花水":[{"zip":"4080311","zip1":"408","zip2":"0311"}],"白州町横手":[{"zip":"4080313","zip1":"408","zip2":"0313"}],"武川町黒澤":[{"zip":"4080305","zip1":"408","zip2":"0305"}],"武川町新奥":[{"zip":"4080304","zip1":"408","zip2":"0304"}],"武川町牧原":[{"zip":"4080302","zip1":"408","zip2":"0302"}],"武川町三吹":[{"zip":"4080301","zip1":"408","zip2":"0301"}],"武川町宮脇":[{"zip":"4080303","zip1":"408","zip2":"0303"}],"武川町柳澤":[{"zip":"4080307","zip1":"408","zip2":"0307"}],"武川町山高":[{"zip":"4080306","zip1":"408","zip2":"0306"}]},"甲斐市":{"以下に掲載がない場合":[{"zip":"4000100","zip1":"400","zip2":"0100"}],"安寺":[{"zip":"4001126","zip1":"400","zip2":"1126"}],"岩森":[{"zip":"4000106","zip1":"400","zip2":"0106"}],"牛句":[{"zip":"4000121","zip1":"400","zip2":"0121"}],"打返":[{"zip":"4001114","zip1":"400","zip2":"1114"}],"宇津谷":[{"zip":"4000108","zip1":"400","zip2":"0108"}],"漆戸":[{"zip":"4001115","zip1":"400","zip2":"1115"}],"大久保":[{"zip":"4000128","zip1":"400","zip2":"0128"}],"大下条":[{"zip":"4000126","zip1":"400","zip2":"0126"}],"大垈":[{"zip":"4000103","zip1":"400","zip2":"0103"}],"上芦沢":[{"zip":"4001121","zip1":"400","zip2":"1121"}],"上菅口":[{"zip":"4001117","zip1":"400","zip2":"1117"}],"上福沢":[{"zip":"4001123","zip1":"400","zip2":"1123"}],"亀沢（その他）":[{"zip":"4001113","zip1":"400","zip2":"1113"}],"亀沢（大明神、６９４９番地）":[{"zip":"4001131","zip1":"400","zip2":"1131"}],"吉沢":[{"zip":"4001112","zip1":"400","zip2":"1112"}],"神戸":[{"zip":"4001127","zip1":"400","zip2":"1127"}],"境":[{"zip":"4000122","zip1":"400","zip2":"0122"}],"獅子平":[{"zip":"4001116","zip1":"400","zip2":"1116"}],"志田":[{"zip":"4000107","zip1":"400","zip2":"0107"}],"篠原":[{"zip":"4000115","zip1":"400","zip2":"0115"}],"島上条":[{"zip":"4000123","zip1":"400","zip2":"0123"}],"下芦沢":[{"zip":"4001122","zip1":"400","zip2":"1122"}],"下今井":[{"zip":"4000105","zip1":"400","zip2":"0105"}],"下菅口":[{"zip":"4001125","zip1":"400","zip2":"1125"}],"下福沢":[{"zip":"4001124","zip1":"400","zip2":"1124"}],"菖蒲沢":[{"zip":"4000101","zip1":"400","zip2":"0101"}],"千田":[{"zip":"4001111","zip1":"400","zip2":"1111"}],"玉川":[{"zip":"4000116","zip1":"400","zip2":"0116"}],"団子新居":[{"zip":"4000102","zip1":"400","zip2":"0102"}],"天狗沢":[{"zip":"4000127","zip1":"400","zip2":"0127"}],"富竹新田":[{"zip":"4000113","zip1":"400","zip2":"0113"}],"中下条":[{"zip":"4000124","zip1":"400","zip2":"0124"}],"長塚":[{"zip":"4000125","zip1":"400","zip2":"0125"}],"名取":[{"zip":"4000112","zip1":"400","zip2":"0112"}],"西八幡":[{"zip":"4000117","zip1":"400","zip2":"0117"}],"万才":[{"zip":"4000114","zip1":"400","zip2":"0114"}],"竜王":[{"zip":"4000118","zip1":"400","zip2":"0118"}],"竜王新町":[{"zip":"4000111","zip1":"400","zip2":"0111"}],"龍地":[{"zip":"4000104","zip1":"400","zip2":"0104"}]},"笛吹市":{"以下に掲載がない場合":[{"zip":"4060000","zip1":"406","zip2":"0000"}],"芦川町新井原":[{"zip":"4093702","zip1":"409","zip2":"3702"}],"芦川町鶯宿":[{"zip":"4093704","zip1":"409","zip2":"3704"}],"芦川町上芦川":[{"zip":"4093701","zip1":"409","zip2":"3701"}],"芦川町中芦川":[{"zip":"4093703","zip1":"409","zip2":"3703"}],"石和町市部":[{"zip":"4060031","zip1":"406","zip2":"0031"}],"石和町井戸":[{"zip":"4060045","zip1":"406","zip2":"0045"}],"石和町今井":[{"zip":"4060042","zip1":"406","zip2":"0042"}],"石和町駅前":[{"zip":"4060028","zip1":"406","zip2":"0028"}],"石和町上平井":[{"zip":"4060025","zip1":"406","zip2":"0025"}],"石和町唐柏":[{"zip":"4060034","zip1":"406","zip2":"0034"}],"石和町川中島":[{"zip":"4060024","zip1":"406","zip2":"0024"}],"石和町窪中島":[{"zip":"4060036","zip1":"406","zip2":"0036"}],"石和町小石和":[{"zip":"4060033","zip1":"406","zip2":"0033"}],"石和町河内":[{"zip":"4060043","zip1":"406","zip2":"0043"}],"石和町下平井":[{"zip":"4060027","zip1":"406","zip2":"0027"}],"石和町砂原":[{"zip":"4060044","zip1":"406","zip2":"0044"}],"石和町中川":[{"zip":"4060026","zip1":"406","zip2":"0026"}],"石和町八田":[{"zip":"4060023","zip1":"406","zip2":"0023"}],"石和町東油川":[{"zip":"4060046","zip1":"406","zip2":"0046"}],"石和町東高橋":[{"zip":"4060041","zip1":"406","zip2":"0041"}],"石和町広瀬":[{"zip":"4060035","zip1":"406","zip2":"0035"}],"石和町松本":[{"zip":"4060021","zip1":"406","zip2":"0021"}],"石和町山崎":[{"zip":"4060022","zip1":"406","zip2":"0022"}],"石和町四日市場":[{"zip":"4060032","zip1":"406","zip2":"0032"}],"一宮町新巻":[{"zip":"4050065","zip1":"405","zip2":"0065"}],"一宮町石":[{"zip":"4050061","zip1":"405","zip2":"0061"}],"一宮町市之蔵":[{"zip":"4050063","zip1":"405","zip2":"0063"}],"一宮町一ノ宮":[{"zip":"4050056","zip1":"405","zip2":"0056"}],"一宮町金沢":[{"zip":"4050062","zip1":"405","zip2":"0062"}],"一宮町金田":[{"zip":"4050079","zip1":"405","zip2":"0079"}],"一宮町上矢作":[{"zip":"4050059","zip1":"405","zip2":"0059"}],"一宮町神沢":[{"zip":"4050066","zip1":"405","zip2":"0066"}],"一宮町北野呂":[{"zip":"4050051","zip1":"405","zip2":"0051"}],"一宮町北都塚":[{"zip":"4050071","zip1":"405","zip2":"0071"}],"一宮町狐新居":[{"zip":"4050068","zip1":"405","zip2":"0068"}],"一宮町国分":[{"zip":"4050074","zip1":"405","zip2":"0074"}],"一宮町小城":[{"zip":"4050058","zip1":"405","zip2":"0058"}],"一宮町塩田":[{"zip":"4050064","zip1":"405","zip2":"0064"}],"一宮町地蔵堂":[{"zip":"4050055","zip1":"405","zip2":"0055"}],"一宮町下矢作":[{"zip":"4050057","zip1":"405","zip2":"0057"}],"一宮町末木":[{"zip":"4050073","zip1":"405","zip2":"0073"}],"一宮町千米寺":[{"zip":"4050054","zip1":"405","zip2":"0054"}],"一宮町竹原田":[{"zip":"4050076","zip1":"405","zip2":"0076"}],"一宮町田中":[{"zip":"4050078","zip1":"405","zip2":"0078"}],"一宮町土塚":[{"zip":"4050067","zip1":"405","zip2":"0067"}],"一宮町坪井":[{"zip":"4050077","zip1":"405","zip2":"0077"}],"一宮町中尾":[{"zip":"4050053","zip1":"405","zip2":"0053"}],"一宮町橋立":[{"zip":"4050075","zip1":"405","zip2":"0075"}],"一宮町東新居":[{"zip":"4050069","zip1":"405","zip2":"0069"}],"一宮町東原":[{"zip":"4050075","zip1":"405","zip2":"0075"}],"一宮町南野呂":[{"zip":"4050052","zip1":"405","zip2":"0052"}],"一宮町本都塚":[{"zip":"4050072","zip1":"405","zip2":"0072"}],"春日居町加茂":[{"zip":"4060005","zip1":"406","zip2":"0005"}],"春日居町熊野堂":[{"zip":"4060012","zip1":"406","zip2":"0012"}],"春日居町桑戸":[{"zip":"4060003","zip1":"406","zip2":"0003"}],"春日居町国府":[{"zip":"4060014","zip1":"406","zip2":"0014"}],"春日居町小松":[{"zip":"4060004","zip1":"406","zip2":"0004"}],"春日居町鎮目":[{"zip":"4060015","zip1":"406","zip2":"0015"}],"春日居町下岩下":[{"zip":"4060001","zip1":"406","zip2":"0001"}],"春日居町寺本":[{"zip":"4060013","zip1":"406","zip2":"0013"}],"春日居町徳条":[{"zip":"4060011","zip1":"406","zip2":"0011"}],"春日居町別田":[{"zip":"4060002","zip1":"406","zip2":"0002"}],"境川町石橋":[{"zip":"4060842","zip1":"406","zip2":"0842"}],"境川町大窪":[{"zip":"4060855","zip1":"406","zip2":"0855"}],"境川町大黒坂":[{"zip":"4060852","zip1":"406","zip2":"0852"}],"境川町大坪":[{"zip":"4060841","zip1":"406","zip2":"0841"}],"境川町小黒坂":[{"zip":"4060851","zip1":"406","zip2":"0851"}],"境川町小山":[{"zip":"4060844","zip1":"406","zip2":"0844"}],"境川町寺尾":[{"zip":"4060854","zip1":"406","zip2":"0854"}],"境川町藤垈":[{"zip":"4060853","zip1":"406","zip2":"0853"}],"境川町坊ケ峰":[{"zip":"4060845","zip1":"406","zip2":"0845"}],"境川町前間田":[{"zip":"4060843","zip1":"406","zip2":"0843"}],"境川町三椚":[{"zip":"4060846","zip1":"406","zip2":"0846"}],"御坂町井之上":[{"zip":"4060803","zip1":"406","zip2":"0803"}],"御坂町大野寺":[{"zip":"4060817","zip1":"406","zip2":"0817"}],"御坂町尾山":[{"zip":"4060815","zip1":"406","zip2":"0815"}],"御坂町金川原":[{"zip":"4060802","zip1":"406","zip2":"0802"}],"御坂町上黒駒":[{"zip":"4060813","zip1":"406","zip2":"0813"}],"御坂町栗合":[{"zip":"4060805","zip1":"406","zip2":"0805"}],"御坂町国衙":[{"zip":"4060808","zip1":"406","zip2":"0808"}],"御坂町下黒駒":[{"zip":"4060812","zip1":"406","zip2":"0812"}],"御坂町下野原":[{"zip":"4060811","zip1":"406","zip2":"0811"}],"御坂町蕎麦塚":[{"zip":"4060818","zip1":"406","zip2":"0818"}],"御坂町竹居":[{"zip":"4060816","zip1":"406","zip2":"0816"}],"御坂町藤野木":[{"zip":"4060814","zip1":"406","zip2":"0814"}],"御坂町夏目原":[{"zip":"4060804","zip1":"406","zip2":"0804"}],"御坂町成田":[{"zip":"4060801","zip1":"406","zip2":"0801"}],"御坂町二之宮":[{"zip":"4060807","zip1":"406","zip2":"0807"}],"御坂町八千蔵":[{"zip":"4060806","zip1":"406","zip2":"0806"}],"八代町大間田":[{"zip":"4060825","zip1":"406","zip2":"0825"}],"八代町岡":[{"zip":"4060834","zip1":"406","zip2":"0834"}],"八代町北":[{"zip":"4060821","zip1":"406","zip2":"0821"}],"八代町高家":[{"zip":"4060831","zip1":"406","zip2":"0831"}],"八代町竹居":[{"zip":"4060832","zip1":"406","zip2":"0832"}],"八代町永井":[{"zip":"4060823","zip1":"406","zip2":"0823"}],"八代町奈良原":[{"zip":"4060833","zip1":"406","zip2":"0833"}],"八代町増利":[{"zip":"4060824","zip1":"406","zip2":"0824"}],"八代町南":[{"zip":"4060822","zip1":"406","zip2":"0822"}],"八代町米倉":[{"zip":"4060835","zip1":"406","zip2":"0835"}]},"上野原市":{"以下に掲載がない場合":[{"zip":"4090100","zip1":"409","zip2":"0100"}],"秋山":[{"zip":"4010201","zip1":"401","zip2":"0201"}],"芦垣":[{"zip":"4090135","zip1":"409","zip2":"0135"}],"新田":[{"zip":"4090113","zip1":"409","zip2":"0113"}],"犬目":[{"zip":"4090124","zip1":"409","zip2":"0124"}],"上野原":[{"zip":"4090112","zip1":"409","zip2":"0112"}],"大椚":[{"zip":"4090134","zip1":"409","zip2":"0134"}],"大倉":[{"zip":"4090138","zip1":"409","zip2":"0138"}],"大曽根":[{"zip":"4090131","zip1":"409","zip2":"0131"}],"大野":[{"zip":"4090123","zip1":"409","zip2":"0123"}],"川合":[{"zip":"4090122","zip1":"409","zip2":"0122"}],"桑久保":[{"zip":"4090136","zip1":"409","zip2":"0136"}],"コモアしおつ":[{"zip":"4090126","zip1":"409","zip2":"0126"}],"西原":[{"zip":"4090141","zip1":"409","zip2":"0141"}],"四方津":[{"zip":"4090121","zip1":"409","zip2":"0121"}],"鶴川":[{"zip":"4090132","zip1":"409","zip2":"0132"}],"鶴島":[{"zip":"4090114","zip1":"409","zip2":"0114"}],"野田尻":[{"zip":"4090125","zip1":"409","zip2":"0125"}],"松留":[{"zip":"4090115","zip1":"409","zip2":"0115"}],"八ツ沢":[{"zip":"4090133","zip1":"409","zip2":"0133"}],"棡原":[{"zip":"4090111","zip1":"409","zip2":"0111"}],"和見":[{"zip":"4090137","zip1":"409","zip2":"0137"}]},"甲州市":{"以下に掲載がない場合":[{"zip":"4040000","zip1":"404","zip2":"0000"}],"塩山赤尾":[{"zip":"4040033","zip1":"404","zip2":"0033"}],"塩山一之瀬高橋":[{"zip":"4040021","zip1":"404","zip2":"0021"}],"塩山牛奥（５５３２～５５５０、奥野田開拓、嵯峨塩開拓、嵯峨塩温泉）":[{"zip":"4091213","zip1":"409","zip2":"1213"}],"塩山牛奥（５２８８、５２８８－１、５２８８－３、５２８９、５２８９":[{"zip":"4091321","zip1":"409","zip2":"1321"}],"－２、５２８９－１５）":[{"zip":"4091321","zip1":"409","zip2":"1321"}],"塩山牛奥（その他）":[{"zip":"4040034","zip1":"404","zip2":"0034"}],"塩山小屋敷（滑沢）":[{"zip":"4040211","zip1":"404","zip2":"0211"}],"塩山小屋敷（その他）":[{"zip":"4040053","zip1":"404","zip2":"0053"}],"塩山上粟生野":[{"zip":"4040031","zip1":"404","zip2":"0031"}],"塩山上井尻":[{"zip":"4040046","zip1":"404","zip2":"0046"}],"塩山上於曽":[{"zip":"4040042","zip1":"404","zip2":"0042"}],"塩山上小田原":[{"zip":"4040026","zip1":"404","zip2":"0026"}],"塩山上塩後":[{"zip":"4040045","zip1":"404","zip2":"0045"}],"塩山上萩原（４０５１、４７８３、４７８４、すずらん荘、東電上部ダム）":[{"zip":"4091211","zip1":"409","zip2":"1211"}],"塩山上萩原（その他）":[{"zip":"4040022","zip1":"404","zip2":"0022"}],"塩山西広門田":[{"zip":"4040037","zip1":"404","zip2":"0037"}],"塩山熊野":[{"zip":"4040036","zip1":"404","zip2":"0036"}],"塩山下粟生野":[{"zip":"4040032","zip1":"404","zip2":"0032"}],"塩山下於曽":[{"zip":"4040043","zip1":"404","zip2":"0043"}],"塩山下小田原":[{"zip":"4040025","zip1":"404","zip2":"0025"}],"塩山下塩後":[{"zip":"4040044","zip1":"404","zip2":"0044"}],"塩山下萩原":[{"zip":"4040024","zip1":"404","zip2":"0024"}],"塩山下柚木":[{"zip":"4040055","zip1":"404","zip2":"0055"}],"塩山竹森":[{"zip":"4040051","zip1":"404","zip2":"0051"}],"塩山千野":[{"zip":"4040041","zip1":"404","zip2":"0041"}],"塩山中萩原（日川小屋）":[{"zip":"4091212","zip1":"409","zip2":"1212"}],"塩山中萩原（その他）":[{"zip":"4040023","zip1":"404","zip2":"0023"}],"塩山西野原":[{"zip":"4040035","zip1":"404","zip2":"0035"}],"塩山平沢":[{"zip":"4040052","zip1":"404","zip2":"0052"}],"塩山福生里":[{"zip":"4040056","zip1":"404","zip2":"0056"}],"塩山藤木":[{"zip":"4040054","zip1":"404","zip2":"0054"}],"塩山三日市場":[{"zip":"4040047","zip1":"404","zip2":"0047"}],"勝沼町小佐手":[{"zip":"4091303","zip1":"409","zip2":"1303"}],"勝沼町勝沼":[{"zip":"4091316","zip1":"409","zip2":"1316"}],"勝沼町上岩崎":[{"zip":"4091312","zip1":"409","zip2":"1312"}],"勝沼町休息":[{"zip":"4091304","zip1":"409","zip2":"1304"}],"勝沼町下岩崎":[{"zip":"4091313","zip1":"409","zip2":"1313"}],"勝沼町等々力":[{"zip":"4091315","zip1":"409","zip2":"1315"}],"勝沼町中原":[{"zip":"4091301","zip1":"409","zip2":"1301"}],"勝沼町菱山":[{"zip":"4091302","zip1":"409","zip2":"1302"}],"勝沼町深沢":[{"zip":"4091311","zip1":"409","zip2":"1311"}],"勝沼町藤井":[{"zip":"4091314","zip1":"409","zip2":"1314"}],"勝沼町山":[{"zip":"4091306","zip1":"409","zip2":"1306"}],"勝沼町綿塚":[{"zip":"4091305","zip1":"409","zip2":"1305"}],"大和町田野":[{"zip":"4091202","zip1":"409","zip2":"1202"}],"大和町鶴瀬":[{"zip":"4091205","zip1":"409","zip2":"1205"}],"大和町木賊":[{"zip":"4091201","zip1":"409","zip2":"1201"}],"大和町初鹿野":[{"zip":"4091203","zip1":"409","zip2":"1203"}],"大和町日影":[{"zip":"4091204","zip1":"409","zip2":"1204"}]},"中央市":{"以下に掲載がない場合":[{"zip":"4093800","zip1":"409","zip2":"3800"}],"浅利":[{"zip":"4001514","zip1":"400","zip2":"1514"}],"一町畑":[{"zip":"4093813","zip1":"409","zip2":"3813"}],"井之口":[{"zip":"4093804","zip1":"409","zip2":"3804"}],"今福":[{"zip":"4093834","zip1":"409","zip2":"3834"}],"今福新田":[{"zip":"4093835","zip1":"409","zip2":"3835"}],"臼井阿原":[{"zip":"4093844","zip1":"409","zip2":"3844"}],"大田和":[{"zip":"4093831","zip1":"409","zip2":"3831"}],"大鳥居":[{"zip":"4001513","zip1":"400","zip2":"1513"}],"乙黒":[{"zip":"4093812","zip1":"409","zip2":"3812"}],"上三條":[{"zip":"4093823","zip1":"409","zip2":"3823"}],"木原":[{"zip":"4001511","zip1":"400","zip2":"1511"}],"極楽寺":[{"zip":"4093811","zip1":"409","zip2":"3811"}],"下河東":[{"zip":"4093821","zip1":"409","zip2":"3821"}],"下三條":[{"zip":"4093822","zip1":"409","zip2":"3822"}],"関原":[{"zip":"4001512","zip1":"400","zip2":"1512"}],"高部":[{"zip":"4001515","zip1":"400","zip2":"1515"}],"中楯":[{"zip":"4093801","zip1":"409","zip2":"3801"}],"成島":[{"zip":"4093815","zip1":"409","zip2":"3815"}],"西新居":[{"zip":"4093802","zip1":"409","zip2":"3802"}],"西花輪":[{"zip":"4093843","zip1":"409","zip2":"3843"}],"東花輪":[{"zip":"4093842","zip1":"409","zip2":"3842"}],"藤巻":[{"zip":"4093833","zip1":"409","zip2":"3833"}],"布施":[{"zip":"4093841","zip1":"409","zip2":"3841"}],"馬籠":[{"zip":"4093832","zip1":"409","zip2":"3832"}],"町之田":[{"zip":"4093814","zip1":"409","zip2":"3814"}],"山之神":[{"zip":"4093845","zip1":"409","zip2":"3845"}],"若宮":[{"zip":"4093803","zip1":"409","zip2":"3803"}]},"西八代郡市川三郷町":{"以下に掲載がない場合":[{"zip":"4093600","zip1":"409","zip2":"3600"}],"市川大門":[{"zip":"4093601","zip1":"409","zip2":"3601"}],"岩下":[{"zip":"4093234","zip1":"409","zip2":"3234"}],"岩間":[{"zip":"4093244","zip1":"409","zip2":"3244"}],"印沢":[{"zip":"4093607","zip1":"409","zip2":"3607"}],"上野":[{"zip":"4093612","zip1":"409","zip2":"3612"}],"大塚":[{"zip":"4093611","zip1":"409","zip2":"3611"}],"落居":[{"zip":"4093231","zip1":"409","zip2":"3231"}],"鴨狩津向":[{"zip":"4093243","zip1":"409","zip2":"3243"}],"楠甫":[{"zip":"4093245","zip1":"409","zip2":"3245"}],"黒沢":[{"zip":"4093603","zip1":"409","zip2":"3603"}],"五八":[{"zip":"4093233","zip1":"409","zip2":"3233"}],"三帳":[{"zip":"4093622","zip1":"409","zip2":"3622"}],"下芦川":[{"zip":"4093621","zip1":"409","zip2":"3621"}],"下大鳥居":[{"zip":"4093605","zip1":"409","zip2":"3605"}],"高田":[{"zip":"4093606","zip1":"409","zip2":"3606"}],"高萩":[{"zip":"4093623","zip1":"409","zip2":"3623"}],"葛籠沢":[{"zip":"4093241","zip1":"409","zip2":"3241"}],"寺所":[{"zip":"4093232","zip1":"409","zip2":"3232"}],"中山":[{"zip":"4093625","zip1":"409","zip2":"3625"}],"垈":[{"zip":"4093624","zip1":"409","zip2":"3624"}],"畑熊":[{"zip":"4093626","zip1":"409","zip2":"3626"}],"八之尻":[{"zip":"4093604","zip1":"409","zip2":"3604"}],"宮原":[{"zip":"4093242","zip1":"409","zip2":"3242"}],"山保":[{"zip":"4093602","zip1":"409","zip2":"3602"}]},"南巨摩郡早川町":{"以下に掲載がない場合":[{"zip":"4092700","zip1":"409","zip2":"2700"}],"赤沢":[{"zip":"4092733","zip1":"409","zip2":"2733"}],"雨畑":[{"zip":"4092734","zip1":"409","zip2":"2734"}],"新倉":[{"zip":"4092703","zip1":"409","zip2":"2703"}],"大島":[{"zip":"4092731","zip1":"409","zip2":"2731"}],"大原野":[{"zip":"4092704","zip1":"409","zip2":"2704"}],"京ケ島":[{"zip":"4092715","zip1":"409","zip2":"2715"}],"草塩":[{"zip":"4092714","zip1":"409","zip2":"2714"}],"榑坪":[{"zip":"4092723","zip1":"409","zip2":"2723"}],"高住":[{"zip":"4092732","zip1":"409","zip2":"2732"}],"小縄":[{"zip":"4092725","zip1":"409","zip2":"2725"}],"笹走":[{"zip":"4092722","zip1":"409","zip2":"2722"}],"塩之上":[{"zip":"4092721","zip1":"409","zip2":"2721"}],"千須和":[{"zip":"4092726","zip1":"409","zip2":"2726"}],"黒桂":[{"zip":"4092711","zip1":"409","zip2":"2711"}],"奈良田":[{"zip":"4092701","zip1":"409","zip2":"2701"}],"西之宮":[{"zip":"4092712","zip1":"409","zip2":"2712"}],"初鹿島":[{"zip":"4092724","zip1":"409","zip2":"2724"}],"早川":[{"zip":"4092705","zip1":"409","zip2":"2705"}],"保":[{"zip":"4092713","zip1":"409","zip2":"2713"}],"薬袋":[{"zip":"4092727","zip1":"409","zip2":"2727"}],"湯島":[{"zip":"4092702","zip1":"409","zip2":"2702"}]},"南巨摩郡身延町":{"以下に掲載がない場合":[{"zip":"4092500","zip1":"409","zip2":"2500"}],"相又":[{"zip":"4092536","zip1":"409","zip2":"2536"}],"粟倉":[{"zip":"4092521","zip1":"409","zip2":"2521"}],"飯富":[{"zip":"4093423","zip1":"409","zip2":"3423"}],"市之瀬":[{"zip":"4092938","zip1":"409","zip2":"2938"}],"一色":[{"zip":"4092937","zip1":"409","zip2":"2937"}],"伊沼":[{"zip":"4093424","zip1":"409","zip2":"3424"}],"岩欠":[{"zip":"4092933","zip1":"409","zip2":"2933"}],"上之平":[{"zip":"4092947","zip1":"409","zip2":"2947"}],"梅平":[{"zip":"4092531","zip1":"409","zip2":"2531"}],"江尻窪":[{"zip":"4093434","zip1":"409","zip2":"3434"}],"大炊平":[{"zip":"4092934","zip1":"409","zip2":"2934"}],"大磯小磯":[{"zip":"4093111","zip1":"409","zip2":"3111"}],"大崩":[{"zip":"4092406","zip1":"409","zip2":"2406"}],"大塩":[{"zip":"4093311","zip1":"409","zip2":"3311"}],"大島":[{"zip":"4092415","zip1":"409","zip2":"2415"}],"大城":[{"zip":"4092537","zip1":"409","zip2":"2537"}],"大垈":[{"zip":"4092404","zip1":"409","zip2":"2404"}],"大野":[{"zip":"4092532","zip1":"409","zip2":"2532"}],"大山":[{"zip":"4093121","zip1":"409","zip2":"3121"}],"遅沢":[{"zip":"4093433","zip1":"409","zip2":"3433"}],"小田船原":[{"zip":"4092539","zip1":"409","zip2":"2539"}],"帯金":[{"zip":"4092403","zip1":"409","zip2":"2403"}],"折門":[{"zip":"4093101","zip1":"409","zip2":"3101"}],"門野":[{"zip":"4092538","zip1":"409","zip2":"2538"}],"釜額":[{"zip":"4093105","zip1":"409","zip2":"3105"}],"上田原":[{"zip":"4093118","zip1":"409","zip2":"3118"}],"上八木沢":[{"zip":"4092401","zip1":"409","zip2":"2401"}],"川向":[{"zip":"4092943","zip1":"409","zip2":"2943"}],"北川":[{"zip":"4092931","zip1":"409","zip2":"2931"}],"清沢":[{"zip":"4092935","zip1":"409","zip2":"2935"}],"切石":[{"zip":"4093304","zip1":"409","zip2":"3304"}],"切房木":[{"zip":"4093115","zip1":"409","zip2":"3115"}],"久成":[{"zip":"4093312","zip1":"409","zip2":"3312"}],"久保":[{"zip":"4093122","zip1":"409","zip2":"3122"}],"熊沢":[{"zip":"4093123","zip1":"409","zip2":"3123"}],"車田":[{"zip":"4093116","zip1":"409","zip2":"3116"}],"芝草":[{"zip":"4093112","zip1":"409","zip2":"3112"}],"下田原":[{"zip":"4093305","zip1":"409","zip2":"3305"}],"下部":[{"zip":"4092942","zip1":"409","zip2":"2942"}],"下八木沢":[{"zip":"4092402","zip1":"409","zip2":"2402"}],"下山":[{"zip":"4092522","zip1":"409","zip2":"2522"}],"杉山":[{"zip":"4092932","zip1":"409","zip2":"2932"}],"清子":[{"zip":"4092533","zip1":"409","zip2":"2533"}],"瀬戸":[{"zip":"4093107","zip1":"409","zip2":"3107"}],"大子":[{"zip":"4092946","zip1":"409","zip2":"2946"}],"角打":[{"zip":"4092412","zip1":"409","zip2":"2412"}],"椿草里":[{"zip":"4092405","zip1":"409","zip2":"2405"}],"手打沢":[{"zip":"4093302","zip1":"409","zip2":"3302"}],"寺沢":[{"zip":"4093303","zip1":"409","zip2":"3303"}],"樋田":[{"zip":"4093124","zip1":"409","zip2":"3124"}],"常葉":[{"zip":"4092936","zip1":"409","zip2":"2936"}],"中之倉":[{"zip":"4093104","zip1":"409","zip2":"3104"}],"中山":[{"zip":"4093432","zip1":"409","zip2":"3432"}],"梨子":[{"zip":"4093435","zip1":"409","zip2":"3435"}],"西嶋":[{"zip":"4093301","zip1":"409","zip2":"3301"}],"根子":[{"zip":"4093103","zip1":"409","zip2":"3103"}],"波木井":[{"zip":"4092523","zip1":"409","zip2":"2523"}],"波高島":[{"zip":"4092945","zip1":"409","zip2":"2945"}],"八坂":[{"zip":"4093102","zip1":"409","zip2":"3102"}],"日向南沢":[{"zip":"4093307","zip1":"409","zip2":"3307"}],"樋之上":[{"zip":"4092414","zip1":"409","zip2":"2414"}],"平須":[{"zip":"4093313","zip1":"409","zip2":"3313"}],"福原":[{"zip":"4093436","zip1":"409","zip2":"3436"}],"古関":[{"zip":"4093106","zip1":"409","zip2":"3106"}],"古長谷":[{"zip":"4093437","zip1":"409","zip2":"3437"}],"丸滝":[{"zip":"4092411","zip1":"409","zip2":"2411"}],"三沢":[{"zip":"4093117","zip1":"409","zip2":"3117"}],"水船":[{"zip":"4093113","zip1":"409","zip2":"3113"}],"道":[{"zip":"4093114","zip1":"409","zip2":"3114"}],"光子沢":[{"zip":"4092534","zip1":"409","zip2":"2534"}],"嶺":[{"zip":"4093125","zip1":"409","zip2":"3125"}],"身延":[{"zip":"4092524","zip1":"409","zip2":"2524"}],"宮木":[{"zip":"4093422","zip1":"409","zip2":"3422"}],"桃ケ窪":[{"zip":"4092944","zip1":"409","zip2":"2944"}],"矢細工":[{"zip":"4093431","zip1":"409","zip2":"3431"}],"山家":[{"zip":"4093126","zip1":"409","zip2":"3126"}],"湯之奥":[{"zip":"4092941","zip1":"409","zip2":"2941"}],"八日市場":[{"zip":"4093421","zip1":"409","zip2":"3421"}],"夜子沢":[{"zip":"4093306","zip1":"409","zip2":"3306"}],"横根中":[{"zip":"4092535","zip1":"409","zip2":"2535"}],"和田":[{"zip":"4092413","zip1":"409","zip2":"2413"}]},"南巨摩郡南部町":{"以下に掲載がない場合":[{"zip":"4092100","zip1":"409","zip2":"2100"}],"井出":[{"zip":"4092304","zip1":"409","zip2":"2304"}],"内船":[{"zip":"4092305","zip1":"409","zip2":"2305"}],"大和":[{"zip":"4092213","zip1":"409","zip2":"2213"}],"楮根":[{"zip":"4092101","zip1":"409","zip2":"2101"}],"上佐野":[{"zip":"4092301","zip1":"409","zip2":"2301"}],"塩沢":[{"zip":"4092214","zip1":"409","zip2":"2214"}],"下佐野":[{"zip":"4092302","zip1":"409","zip2":"2302"}],"十島":[{"zip":"4092303","zip1":"409","zip2":"2303"}],"中野":[{"zip":"4092211","zip1":"409","zip2":"2211"}],"成島":[{"zip":"4092216","zip1":"409","zip2":"2216"}],"南部":[{"zip":"4092212","zip1":"409","zip2":"2212"}],"福士":[{"zip":"4092102","zip1":"409","zip2":"2102"}],"本郷":[{"zip":"4092217","zip1":"409","zip2":"2217"}],"万沢":[{"zip":"4092103","zip1":"409","zip2":"2103"}],"柳島":[{"zip":"4092215","zip1":"409","zip2":"2215"}]},"南巨摩郡富士川町":{"以下に掲載がない場合":[{"zip":"4000500","zip1":"400","zip2":"0500"}],"青柳町":[{"zip":"4000501","zip1":"400","zip2":"0501"}],"駅前通":[{"zip":"4000602","zip1":"400","zip2":"0602"}],"大椚":[{"zip":"4000506","zip1":"400","zip2":"0506"}],"大久保":[{"zip":"4000511","zip1":"400","zip2":"0511"}],"鰍沢":[{"zip":"4000601","zip1":"400","zip2":"0601"}],"鹿島":[{"zip":"4000603","zip1":"400","zip2":"0603"}],"小林":[{"zip":"4000504","zip1":"400","zip2":"0504"}],"小室":[{"zip":"4000512","zip1":"400","zip2":"0512"}],"最勝寺":[{"zip":"4000502","zip1":"400","zip2":"0502"}],"十谷":[{"zip":"4000606","zip1":"400","zip2":"0606"}],"高下":[{"zip":"4000513","zip1":"400","zip2":"0513"}],"長知沢":[{"zip":"4000608","zip1":"400","zip2":"0608"}],"舂米":[{"zip":"4000515","zip1":"400","zip2":"0515"}],"天神中條":[{"zip":"4000503","zip1":"400","zip2":"0503"}],"鳥屋":[{"zip":"4000607","zip1":"400","zip2":"0607"}],"長澤":[{"zip":"4000505","zip1":"400","zip2":"0505"}],"箱原":[{"zip":"4000604","zip1":"400","zip2":"0604"}],"平林":[{"zip":"4000514","zip1":"400","zip2":"0514"}],"柳川":[{"zip":"4000605","zip1":"400","zip2":"0605"}]},"中巨摩郡昭和町":{"以下に掲載がない場合":[{"zip":"4093800","zip1":"409","zip2":"3800"}],"飯喰":[{"zip":"4093852","zip1":"409","zip2":"3852"}],"押越":[{"zip":"4093864","zip1":"409","zip2":"3864"}],"河西":[{"zip":"4093851","zip1":"409","zip2":"3851"}],"河東中島":[{"zip":"4093863","zip1":"409","zip2":"3863"}],"上河東":[{"zip":"4093862","zip1":"409","zip2":"3862"}],"紙漉阿原":[{"zip":"4093861","zip1":"409","zip2":"3861"}],"西条":[{"zip":"4093866","zip1":"409","zip2":"3866"}],"西条新田":[{"zip":"4093865","zip1":"409","zip2":"3865"}],"清水新居":[{"zip":"4093867","zip1":"409","zip2":"3867"}],"築地新居":[{"zip":"4093853","zip1":"409","zip2":"3853"}],"築地新田":[{"zip":"4093854","zip1":"409","zip2":"3854"}]},"南都留郡道志村":{"以下に掲載がない場合":[{"zip":"4020200","zip1":"402","zip2":"0200"}],"板橋":[{"zip":"4020225","zip1":"402","zip2":"0225"}],"大栗":[{"zip":"4020207","zip1":"402","zip2":"0207"}],"大指":[{"zip":"4020215","zip1":"402","zip2":"0215"}],"大野":[{"zip":"4020202","zip1":"402","zip2":"0202"}],"大室指":[{"zip":"4020204","zip1":"402","zip2":"0204"}],"川原畑":[{"zip":"4020214","zip1":"402","zip2":"0214"}],"釜之前":[{"zip":"4020216","zip1":"402","zip2":"0216"}],"上白井平":[{"zip":"4020227","zip1":"402","zip2":"0227"}],"上善之木":[{"zip":"4020223","zip1":"402","zip2":"0223"}],"上中山":[{"zip":"4020221","zip1":"402","zip2":"0221"}],"川村":[{"zip":"4020224","zip1":"402","zip2":"0224"}],"久保":[{"zip":"4020203","zip1":"402","zip2":"0203"}],"小善地":[{"zip":"4020206","zip1":"402","zip2":"0206"}],"下白井平":[{"zip":"4020226","zip1":"402","zip2":"0226"}],"下善之木":[{"zip":"4020222","zip1":"402","zip2":"0222"}],"下中山":[{"zip":"4020219","zip1":"402","zip2":"0219"}],"竹之本":[{"zip":"4020209","zip1":"402","zip2":"0209"}],"月夜野":[{"zip":"4020201","zip1":"402","zip2":"0201"}],"椿":[{"zip":"4020205","zip1":"402","zip2":"0205"}],"中神地":[{"zip":"4020218","zip1":"402","zip2":"0218"}],"長又":[{"zip":"4020228","zip1":"402","zip2":"0228"}],"西和出村":[{"zip":"4020212","zip1":"402","zip2":"0212"}],"馬場":[{"zip":"4020208","zip1":"402","zip2":"0208"}],"東神地":[{"zip":"4020217","zip1":"402","zip2":"0217"}],"東和出村":[{"zip":"4020211","zip1":"402","zip2":"0211"}],"谷相":[{"zip":"4020213","zip1":"402","zip2":"0213"}]},"南都留郡西桂町":{"以下に掲載がない場合":[{"zip":"4030000","zip1":"403","zip2":"0000"}],"小沼":[{"zip":"4030022","zip1":"403","zip2":"0022"}],"倉見":[{"zip":"4030023","zip1":"403","zip2":"0023"}],"下暮地":[{"zip":"4030021","zip1":"403","zip2":"0021"}]},"南都留郡忍野村":{"以下に掲載がない場合":[{"zip":"4010500","zip1":"401","zip2":"0500"}],"内野":[{"zip":"4010512","zip1":"401","zip2":"0512"}],"忍草":[{"zip":"4010511","zip1":"401","zip2":"0511"}]},"南都留郡山中湖村":{"以下に掲載がない場合":[{"zip":"4010500","zip1":"401","zip2":"0500"}],"平野":[{"zip":"4010502","zip1":"401","zip2":"0502"}],"山中":[{"zip":"4010501","zip1":"401","zip2":"0501"}]},"南都留郡鳴沢村":{"鳴沢村一円":[{"zip":"4010320","zip1":"401","zip2":"0320"}]},"南都留郡富士河口湖町":{"以下に掲載がない場合":[{"zip":"4010300","zip1":"401","zip2":"0300"}],"浅川":[{"zip":"4010303","zip1":"401","zip2":"0303"}],"大嵐":[{"zip":"4010335","zip1":"401","zip2":"0335"}],"大石":[{"zip":"4010305","zip1":"401","zip2":"0305"}],"勝山":[{"zip":"4010310","zip1":"401","zip2":"0310"}],"河口":[{"zip":"4010304","zip1":"401","zip2":"0304"}],"小立":[{"zip":"4010302","zip1":"401","zip2":"0302"}],"西湖":[{"zip":"4010332","zip1":"401","zip2":"0332"}],"西湖西":[{"zip":"4010333","zip1":"401","zip2":"0333"}],"西湖南":[{"zip":"4010334","zip1":"401","zip2":"0334"}],"精進":[{"zip":"4010336","zip1":"401","zip2":"0336"}],"長浜":[{"zip":"4010331","zip1":"401","zip2":"0331"}],"富士ケ嶺":[{"zip":"4010338","zip1":"401","zip2":"0338"}],"船津":[{"zip":"4010301","zip1":"401","zip2":"0301"}],"本栖":[{"zip":"4010337","zip1":"401","zip2":"0337"}]},"北都留郡小菅村":{"以下に掲載がない場合":[{"zip":"4090200","zip1":"409","zip2":"0200"}],"小菅村（１～６６３）":[{"zip":"4090142","zip1":"409","zip2":"0142"}],"小菅村（６６４以上）":[{"zip":"4090211","zip1":"409","zip2":"0211"}]},"北都留郡丹波山村":{"以下に掲載がない場合":[{"zip":"4090300","zip1":"409","zip2":"0300"}],"奥秋":[{"zip":"4090301","zip1":"409","zip2":"0301"}],"押垣外":[{"zip":"4090306","zip1":"409","zip2":"0306"}],"御祭":[{"zip":"4090314","zip1":"409","zip2":"0314"}],"親川":[{"zip":"4090313","zip1":"409","zip2":"0313"}],"上組":[{"zip":"4090302","zip1":"409","zip2":"0302"}],"鴨沢":[{"zip":"4090318","zip1":"409","zip2":"0318"}],"小袖":[{"zip":"4090317","zip1":"409","zip2":"0317"}],"下組":[{"zip":"4090304","zip1":"409","zip2":"0304"}],"杉奈久保":[{"zip":"4090315","zip1":"409","zip2":"0315"}],"高尾":[{"zip":"4090305","zip1":"409","zip2":"0305"}],"高畑":[{"zip":"4090312","zip1":"409","zip2":"0312"}],"所畑":[{"zip":"4090316","zip1":"409","zip2":"0316"}],"中組":[{"zip":"4090303","zip1":"409","zip2":"0303"}],"保之瀬":[{"zip":"4090311","zip1":"409","zip2":"0311"}]}}