{"0911":[{"pref":"秋田県","city":"秋田市","town":"飯島"}],"0949":[{"pref":"秋田県","city":"秋田市","town":"飯島飯田"}],"0912":[{"pref":"秋田県","city":"秋田市","town":"飯島川端"}],"0916":[{"pref":"秋田県","city":"秋田市","town":"飯島穀丁"}],"0947":[{"pref":"秋田県","city":"秋田市","town":"飯島新町"}],"0928":[{"pref":"秋田県","city":"秋田市","town":"飯島長野上町"}],"0925":[{"pref":"秋田県","city":"秋田市","town":"飯島長野中町"}],"0924":[{"pref":"秋田県","city":"秋田市","town":"飯島長野本町"}],"0948":[{"pref":"秋田県","city":"秋田市","town":"飯島西袋"}],"0913":[{"pref":"秋田県","city":"秋田市","town":"飯島鼠田"}],"0923":[{"pref":"秋田県","city":"秋田市","town":"飯島文京町"}],"0922":[{"pref":"秋田県","city":"秋田市","town":"飯島松根東町"}],"0921":[{"pref":"秋田県","city":"秋田市","town":"飯島松根西町"}],"0914":[{"pref":"秋田県","city":"秋田市","town":"飯島美砂町"}],"0917":[{"pref":"秋田県","city":"秋田市","town":"飯島道東"}],"0915":[{"pref":"秋田県","city":"秋田市","town":"飯島緑丘町"}],"0927":[{"pref":"秋田県","city":"秋田市","town":"港北新町"}],"0926":[{"pref":"秋田県","city":"秋田市","town":"港北松野町"}],"0932":[{"pref":"秋田県","city":"秋田市","town":"将軍野青山町"}],"0934":[{"pref":"秋田県","city":"秋田市","town":"将軍野桂町"}],"0933":[{"pref":"秋田県","city":"秋田市","town":"将軍野堰越"}],"0935":[{"pref":"秋田県","city":"秋田市","town":"将軍野向山"}],"0931":[{"pref":"秋田県","city":"秋田市","town":"将軍野東"}],"0936":[{"pref":"秋田県","city":"秋田市","town":"将軍野南"}],"0944":[{"pref":"秋田県","city":"秋田市","town":"土崎港穀保町"}],"0951":[{"pref":"秋田県","city":"秋田市","town":"土崎港相染町"},{"pref":"秋田県","city":"秋田市","town":"土崎港古川町"}],"0946":[{"pref":"秋田県","city":"秋田市","town":"土崎港中央"}],"0942":[{"pref":"秋田県","city":"秋田市","town":"土崎港東"}],"0945":[{"pref":"秋田県","city":"秋田市","town":"土崎港西"}],"0943":[{"pref":"秋田県","city":"秋田市","town":"土崎港南"}],"0941":[{"pref":"秋田県","city":"秋田市","town":"土崎港北"}],"0901":[{"pref":"秋田県","city":"秋田市","town":"寺内"}],"0903":[{"pref":"秋田県","city":"秋田市","town":"寺内油田"}],"0906":[{"pref":"秋田県","city":"秋田市","town":"寺内後城"}],"0938":[{"pref":"秋田県","city":"秋田市","town":"寺内鵜ノ木"}],"0908":[{"pref":"秋田県","city":"秋田市","town":"寺内大小路"}],"0939":[{"pref":"秋田県","city":"秋田市","town":"寺内大畑"}],"0905":[{"pref":"秋田県","city":"秋田市","town":"寺内神屋敷"}],"0937":[{"pref":"秋田県","city":"秋田市","town":"寺内高野"}],"0909":[{"pref":"秋田県","city":"秋田市","town":"寺内児桜"}],"0902":[{"pref":"秋田県","city":"秋田市","town":"寺内堂ノ沢"}],"0904":[{"pref":"秋田県","city":"秋田市","town":"寺内蛭根"}],"0907":[{"pref":"秋田県","city":"秋田市","town":"寺内焼山"}]}