{"0000":[{"pref":"静岡県","city":"浜松市浜北区","town":"以下に掲載がない場合"}],"0027":[{"pref":"静岡県","city":"浜松市浜北区","town":"油一色"}],"0044":[{"pref":"静岡県","city":"浜松市浜北区","town":"内野"}],"0045":[{"pref":"静岡県","city":"浜松市浜北区","town":"内野台"}],"0005":[{"pref":"静岡県","city":"浜松市浜北区","town":"大平"}],"0002":[{"pref":"静岡県","city":"浜松市浜北区","town":"尾野"}],"0015":[{"pref":"静岡県","city":"浜松市浜北区","town":"於呂"}],"0011":[{"pref":"静岡県","city":"浜松市浜北区","town":"上島"}],"0028":[{"pref":"静岡県","city":"浜松市浜北区","town":"上善地"}],"0038":[{"pref":"静岡県","city":"浜松市浜北区","town":"貴布祢"}],"0031":[{"pref":"静岡県","city":"浜松市浜北区","town":"小林"}],"0042":[{"pref":"静岡県","city":"浜松市浜北区","town":"小松"}],"0003":[{"pref":"静岡県","city":"浜松市浜北区","town":"新原"}],"0025":[{"pref":"静岡県","city":"浜松市浜北区","town":"善地"}],"0046":[{"pref":"静岡県","city":"浜松市浜北区","town":"染地台"}],"0023":[{"pref":"静岡県","city":"浜松市浜北区","town":"高薗"}],"0034":[{"pref":"静岡県","city":"浜松市浜北区","town":"高畑"}],"0035":[{"pref":"静岡県","city":"浜松市浜北区","town":"寺島"}],"0032":[{"pref":"静岡県","city":"浜松市浜北区","town":"道本"}],"0017":[{"pref":"静岡県","city":"浜松市浜北区","town":"豊保"}],"0013":[{"pref":"静岡県","city":"浜松市浜北区","town":"永島"}],"0043":[{"pref":"静岡県","city":"浜松市浜北区","town":"中条"}],"0012":[{"pref":"静岡県","city":"浜松市浜北区","town":"中瀬"}],"0029":[{"pref":"静岡県","city":"浜松市浜北区","town":"新野"}],"0022":[{"pref":"静岡県","city":"浜松市浜北区","town":"新堀"}],"0018":[{"pref":"静岡県","city":"浜松市浜北区","town":"西中瀬"}],"0033":[{"pref":"静岡県","city":"浜松市浜北区","town":"西美薗"}],"0037":[{"pref":"静岡県","city":"浜松市浜北区","town":"沼"}],"0016":[{"pref":"静岡県","city":"浜松市浜北区","town":"根堅"}],"0007":[{"pref":"静岡県","city":"浜松市浜北区","town":"灰木"}],"0026":[{"pref":"静岡県","city":"浜松市浜北区","town":"東美薗"}],"0041":[{"pref":"静岡県","city":"浜松市浜北区","town":"平口"}],"0001":[{"pref":"静岡県","city":"浜松市浜北区","town":"堀谷"}],"0014":[{"pref":"静岡県","city":"浜松市浜北区","town":"本沢合"}],"0004":[{"pref":"静岡県","city":"浜松市浜北区","town":"宮口"}],"0021":[{"pref":"静岡県","city":"浜松市浜北区","town":"八幡"}],"0036":[{"pref":"静岡県","city":"浜松市浜北区","town":"横須賀"}],"0006":[{"pref":"静岡県","city":"浜松市浜北区","town":"四大地"}],"0024":[{"pref":"静岡県","city":"浜松市浜北区","town":"竜南"}]}