{"1100":[{"pref":"岐阜県","city":"加茂郡白川町","town":"以下に掲載がない場合"}],"1101":[{"pref":"岐阜県","city":"加茂郡白川町","town":"白山"}],"1102":[{"pref":"岐阜県","city":"加茂郡白川町","town":"中川"}],"1103":[{"pref":"岐阜県","city":"加茂郡白川町","town":"水戸野"}],"1104":[{"pref":"岐阜県","city":"加茂郡白川町","town":"和泉"}],"1105":[{"pref":"岐阜県","city":"加茂郡白川町","town":"河岐"}],"1106":[{"pref":"岐阜県","city":"加茂郡白川町","town":"坂ノ東"}],"1107":[{"pref":"岐阜県","city":"加茂郡白川町","town":"河東"}],"1108":[{"pref":"岐阜県","city":"加茂郡白川町","town":"広野"}],"1111":[{"pref":"岐阜県","city":"加茂郡白川町","town":"切井"}],"1112":[{"pref":"岐阜県","city":"加茂郡白川町","town":"赤河"}],"1113":[{"pref":"岐阜県","city":"加茂郡白川町","town":"三川"}],"1221":[{"pref":"岐阜県","city":"加茂郡白川町","town":"上佐見"}],"1222":[{"pref":"岐阜県","city":"加茂郡白川町","town":"下佐見"}],"1300":[{"pref":"岐阜県","city":"加茂郡東白川村","town":"以下に掲載がない場合"}],"1301":[{"pref":"岐阜県","city":"加茂郡東白川村","town":"越原"}],"1302":[{"pref":"岐阜県","city":"加茂郡東白川村","town":"神土"}],"1303":[{"pref":"岐阜県","city":"加茂郡東白川村","town":"五加"}],"1431":[{"pref":"岐阜県","city":"加茂郡白川町","town":"黒川"}],"1601":[{"pref":"岐阜県","city":"下呂市","town":"金山町弓掛"}],"1602":[{"pref":"岐阜県","city":"下呂市","town":"金山町卯野原"}],"1603":[{"pref":"岐阜県","city":"下呂市","town":"金山町岩瀬"}],"1604":[{"pref":"岐阜県","city":"下呂市","town":"金山町東沓部"}],"1605":[{"pref":"岐阜県","city":"下呂市","town":"金山町戸部"}],"1606":[{"pref":"岐阜県","city":"下呂市","town":"金山町祖師野"}],"1607":[{"pref":"岐阜県","city":"下呂市","town":"金山町乙原"}],"1611":[{"pref":"岐阜県","city":"下呂市","town":"金山町中切"}],"1612":[{"pref":"岐阜県","city":"下呂市","town":"金山町福来"}],"1613":[{"pref":"岐阜県","city":"下呂市","town":"金山町中津原"}],"1614":[{"pref":"岐阜県","city":"下呂市","town":"金山町大船渡"}],"1615":[{"pref":"岐阜県","city":"下呂市","town":"金山町田島"}],"1616":[{"pref":"岐阜県","city":"下呂市","town":"金山町下原町"}],"1621":[{"pref":"岐阜県","city":"下呂市","town":"金山町渡"}],"1622":[{"pref":"岐阜県","city":"下呂市","town":"金山町金山"}],"1623":[{"pref":"岐阜県","city":"下呂市","town":"金山町菅田桐洞"}],"1624":[{"pref":"岐阜県","city":"下呂市","town":"金山町菅田笹洞"}],"2131":[{"pref":"岐阜県","city":"下呂市","town":"久野川"}],"2132":[{"pref":"岐阜県","city":"下呂市","town":"火打"}],"2133":[{"pref":"岐阜県","city":"下呂市","town":"和佐"}],"2134":[{"pref":"岐阜県","city":"下呂市","town":"焼石"}],"2135":[{"pref":"岐阜県","city":"下呂市","town":"三ツ渕"}],"2136":[{"pref":"岐阜県","city":"下呂市","town":"瀬戸"}],"2137":[{"pref":"岐阜県","city":"下呂市","town":"保井戸"}],"2138":[{"pref":"岐阜県","city":"下呂市","town":"門原"}],"2200":[{"pref":"岐阜県","city":"下呂市","town":"以下に掲載がない場合"}],"2201":[{"pref":"岐阜県","city":"下呂市","town":"東上田"}],"2202":[{"pref":"岐阜県","city":"下呂市","town":"森"}],"2203":[{"pref":"岐阜県","city":"下呂市","town":"小川"}],"2204":[{"pref":"岐阜県","city":"下呂市","town":"三原"}],"2205":[{"pref":"岐阜県","city":"下呂市","town":"少ケ野"}],"2206":[{"pref":"岐阜県","city":"下呂市","town":"幸田"}],"2207":[{"pref":"岐阜県","city":"下呂市","town":"湯之島"}],"2311":[{"pref":"岐阜県","city":"下呂市","town":"乗政"}],"2312":[{"pref":"岐阜県","city":"下呂市","town":"御厩野"}],"2313":[{"pref":"岐阜県","city":"下呂市","town":"野尻"}],"2314":[{"pref":"岐阜県","city":"下呂市","town":"宮地"}],"2421":[{"pref":"岐阜県","city":"下呂市","town":"夏焼"}],"2422":[{"pref":"岐阜県","city":"下呂市","town":"田口"}],"2423":[{"pref":"岐阜県","city":"下呂市","town":"蛇之尾"}],"2424":[{"pref":"岐阜県","city":"下呂市","town":"門和佐"}],"2501":[{"pref":"岐阜県","city":"下呂市","town":"萩原町山之口"}],"2502":[{"pref":"岐阜県","city":"下呂市","town":"萩原町四美"}],"2503":[{"pref":"岐阜県","city":"下呂市","town":"萩原町西上田"}],"2504":[{"pref":"岐阜県","city":"下呂市","town":"萩原町跡津"}],"2505":[{"pref":"岐阜県","city":"下呂市","town":"萩原町古関"}],"2506":[{"pref":"岐阜県","city":"下呂市","town":"萩原町羽根"}],"2507":[{"pref":"岐阜県","city":"下呂市","town":"萩原町野上"}],"2508":[{"pref":"岐阜県","city":"下呂市","town":"萩原町尾崎"}],"2511":[{"pref":"岐阜県","city":"下呂市","town":"萩原町宮田"}],"2512":[{"pref":"岐阜県","city":"下呂市","town":"萩原町大ヶ洞"}],"2513":[{"pref":"岐阜県","city":"下呂市","town":"萩原町桜洞"}],"2514":[{"pref":"岐阜県","city":"下呂市","town":"萩原町中呂"}],"2515":[{"pref":"岐阜県","city":"下呂市","town":"萩原町花池"}],"2516":[{"pref":"岐阜県","city":"下呂市","town":"萩原町上村"}],"2517":[{"pref":"岐阜県","city":"下呂市","town":"萩原町萩原"}],"2518":[{"pref":"岐阜県","city":"下呂市","town":"萩原町上呂"}],"2519":[{"pref":"岐阜県","city":"下呂市","town":"萩原町奥田洞"}],"2601":[{"pref":"岐阜県","city":"下呂市","town":"馬瀬川上"}],"2602":[{"pref":"岐阜県","city":"下呂市","town":"馬瀬黒石"}],"2603":[{"pref":"岐阜県","city":"下呂市","town":"馬瀬数河"}],"2604":[{"pref":"岐阜県","city":"下呂市","town":"馬瀬中切"}],"2611":[{"pref":"岐阜県","city":"下呂市","town":"馬瀬堀之内"}],"2612":[{"pref":"岐阜県","city":"下呂市","town":"馬瀬名丸"}],"2613":[{"pref":"岐阜県","city":"下呂市","town":"馬瀬井谷"}],"2614":[{"pref":"岐阜県","city":"下呂市","town":"馬瀬惣島"}],"2615":[{"pref":"岐阜県","city":"下呂市","town":"馬瀬西村"}],"2701":[{"pref":"岐阜県","city":"高山市","town":"清見町楢谷"}],"2702":[{"pref":"岐阜県","city":"高山市","town":"清見町大原"}],"3101":[{"pref":"岐阜県","city":"下呂市","town":"小坂町岩崎"}],"3102":[{"pref":"岐阜県","city":"下呂市","town":"小坂町門坂"}],"3103":[{"pref":"岐阜県","city":"下呂市","town":"小坂町大垣内"}],"3104":[{"pref":"岐阜県","city":"下呂市","town":"小坂町小坂町"}],"3105":[{"pref":"岐阜県","city":"下呂市","town":"小坂町坂下"}],"3106":[{"pref":"岐阜県","city":"下呂市","town":"小坂町大島"}],"3107":[{"pref":"岐阜県","city":"下呂市","town":"小坂町無数原"}],"3111":[{"pref":"岐阜県","city":"下呂市","town":"小坂町落合"}],"3112":[{"pref":"岐阜県","city":"下呂市","town":"小坂町大洞"}],"3113":[{"pref":"岐阜県","city":"下呂市","town":"小坂町湯屋"}],"3114":[{"pref":"岐阜県","city":"下呂市","town":"小坂町赤沼田"}],"3115":[{"pref":"岐阜県","city":"下呂市","town":"小坂町長瀬"}],"3201":[{"pref":"岐阜県","city":"高山市","town":"久々野町大西"}],"3202":[{"pref":"岐阜県","city":"高山市","town":"久々野町小屋名"}],"3203":[{"pref":"岐阜県","city":"高山市","town":"久々野町柳島"}],"3204":[{"pref":"岐阜県","city":"高山市","town":"久々野町久須母"}],"3205":[{"pref":"岐阜県","city":"高山市","town":"久々野町久々野"}],"3206":[{"pref":"岐阜県","city":"高山市","town":"久々野町山梨"}],"3207":[{"pref":"岐阜県","city":"高山市","town":"久々野町辻"}],"3211":[{"pref":"岐阜県","city":"高山市","town":"久々野町小坊"}],"3212":[{"pref":"岐阜県","city":"高山市","town":"久々野町阿多粕"}],"3213":[{"pref":"岐阜県","city":"高山市","town":"久々野町渚"}],"3214":[{"pref":"岐阜県","city":"高山市","town":"久々野町無数河"}],"3215":[{"pref":"岐阜県","city":"高山市","town":"久々野町引下"}],"3216":[{"pref":"岐阜県","city":"高山市","town":"久々野町木賊洞"}],"3217":[{"pref":"岐阜県","city":"高山市","town":"久々野町長淀"}],"3218":[{"pref":"岐阜県","city":"高山市","town":"久々野町有道"}],"3301":[{"pref":"岐阜県","city":"高山市","town":"朝日町青屋"}],"3302":[{"pref":"岐阜県","city":"高山市","town":"朝日町寺附"}],"3303":[{"pref":"岐阜県","city":"高山市","town":"朝日町浅井"}],"3304":[{"pref":"岐阜県","city":"高山市","town":"朝日町立岩"}],"3305":[{"pref":"岐阜県","city":"高山市","town":"朝日町小瀬"}],"3306":[{"pref":"岐阜県","city":"高山市","town":"朝日町見座"}],"3311":[{"pref":"岐阜県","city":"高山市","town":"朝日町一之宿"}],"3312":[{"pref":"岐阜県","city":"高山市","town":"朝日町桑之島"}],"3313":[{"pref":"岐阜県","city":"高山市","town":"朝日町胡桃島"}],"3314":[{"pref":"岐阜県","city":"高山市","town":"朝日町西洞（スズラン高原）"}],"3315":[{"pref":"岐阜県","city":"高山市","town":"朝日町宮之前"}],"3316":[{"pref":"岐阜県","city":"高山市","town":"朝日町黍生谷"}],"3317":[{"pref":"岐阜県","city":"高山市","town":"朝日町小瀬ケ洞"}],"3321":[{"pref":"岐阜県","city":"高山市","town":"朝日町黒川"}],"3322":[{"pref":"岐阜県","city":"高山市","town":"朝日町大廣"}],"3323":[{"pref":"岐阜県","city":"高山市","town":"朝日町寺澤"}],"3324":[{"pref":"岐阜県","city":"高山市","town":"朝日町上ケ見"}],"3325":[{"pref":"岐阜県","city":"高山市","town":"朝日町万石"}],"3326":[{"pref":"岐阜県","city":"高山市","town":"朝日町甲"}],"3327":[{"pref":"岐阜県","city":"高山市","town":"朝日町小谷"}],"3401":[{"pref":"岐阜県","city":"高山市","town":"高根町阿多野郷"}],"3402":[{"pref":"岐阜県","city":"高山市","town":"高根町野麦"}],"3403":[{"pref":"岐阜県","city":"高山市","town":"高根町日和田"}],"3404":[{"pref":"岐阜県","city":"高山市","town":"高根町小日和田"}],"3405":[{"pref":"岐阜県","city":"高山市","town":"高根町留之原"}],"3411":[{"pref":"岐阜県","city":"高山市","town":"高根町上ケ洞"}],"3412":[{"pref":"岐阜県","city":"高山市","town":"高根町大古井"}],"3413":[{"pref":"岐阜県","city":"高山市","town":"高根町下之向"}],"3414":[{"pref":"岐阜県","city":"高山市","town":"高根町中之宿"}],"3415":[{"pref":"岐阜県","city":"高山市","town":"高根町猪之鼻"}],"3416":[{"pref":"岐阜県","city":"高山市","town":"高根町中洞"}],"3417":[{"pref":"岐阜県","city":"高山市","town":"高根町池ケ洞"}],"3418":[{"pref":"岐阜県","city":"高山市","town":"高根町黍生"}],"3419":[{"pref":"岐阜県","city":"高山市","town":"高根町日影"}],"3505":[{"pref":"岐阜県","city":"高山市","town":"一之宮町"}],"4101":[{"pref":"岐阜県","city":"高山市","town":"国府町桐谷"}],"4102":[{"pref":"岐阜県","city":"高山市","town":"国府町八日町"}],"4103":[{"pref":"岐阜県","city":"高山市","town":"国府町宮地"}],"4104":[{"pref":"岐阜県","city":"高山市","town":"国府町今"}],"4105":[{"pref":"岐阜県","city":"高山市","town":"国府町蓑輪"}],"4106":[{"pref":"岐阜県","city":"高山市","town":"国府町漆垣内"}],"4107":[{"pref":"岐阜県","city":"高山市","town":"国府町西門前"}],"4108":[{"pref":"岐阜県","city":"高山市","town":"国府町東門前"}],"4111":[{"pref":"岐阜県","city":"高山市","town":"国府町山本"}],"4112":[{"pref":"岐阜県","city":"高山市","town":"国府町鶴巣"}],"4113":[{"pref":"岐阜県","city":"高山市","town":"国府町木曽垣内"}],"4114":[{"pref":"岐阜県","city":"高山市","town":"国府町半田"}],"4115":[{"pref":"岐阜県","city":"高山市","town":"国府町三日町"}],"4116":[{"pref":"岐阜県","city":"高山市","town":"国府町上広瀬"}],"4117":[{"pref":"岐阜県","city":"高山市","town":"国府町三川"}],"4119":[{"pref":"岐阜県","city":"高山市","town":"国府町広瀬町（桜野）"}],"4121":[{"pref":"岐阜県","city":"高山市","town":"国府町宇津江"}],"4122":[{"pref":"岐阜県","city":"高山市","town":"国府町名張"}],"4123":[{"pref":"岐阜県","city":"高山市","town":"国府町金桶"}],"4124":[{"pref":"岐阜県","city":"高山市","town":"国府町村山"}],"4125":[{"pref":"岐阜県","city":"高山市","town":"国府町糠塚"}],"4126":[{"pref":"岐阜県","city":"高山市","town":"国府町瓜巣"}],"4201":[{"pref":"岐阜県","city":"飛騨市","town":"古川町数河"}],"4202":[{"pref":"岐阜県","city":"飛騨市","town":"古川町戸市"}],"4203":[{"pref":"岐阜県","city":"飛騨市","town":"古川町袈裟丸"}],"4204":[{"pref":"岐阜県","city":"飛騨市","town":"古川町野口"}],"4205":[{"pref":"岐阜県","city":"飛騨市","town":"古川町末真"}],"4211":[{"pref":"岐阜県","city":"飛騨市","town":"古川町太江"}],"4212":[{"pref":"岐阜県","city":"飛騨市","town":"古川町上気多"}],"4213":[{"pref":"岐阜県","city":"飛騨市","town":"古川町下気多"}],"4214":[{"pref":"岐阜県","city":"飛騨市","town":"古川町沼町"}],"4215":[{"pref":"岐阜県","city":"飛騨市","town":"古川町杉崎"}],"4221":[{"pref":"岐阜県","city":"飛騨市","town":"古川町若宮"}],"4222":[{"pref":"岐阜県","city":"飛騨市","town":"古川町片原町"}],"4223":[{"pref":"岐阜県","city":"飛騨市","town":"古川町東町"}],"4224":[{"pref":"岐阜県","city":"飛騨市","town":"古川町殿町"}],"4225":[{"pref":"岐阜県","city":"飛騨市","town":"古川町金森町"}],"4231":[{"pref":"岐阜県","city":"飛騨市","town":"古川町新栄町"}],"4232":[{"pref":"岐阜県","city":"飛騨市","town":"古川町本町"}],"4233":[{"pref":"岐阜県","city":"飛騨市","town":"古川町末広町"}],"4234":[{"pref":"岐阜県","city":"飛騨市","town":"古川町壱之町"}],"4235":[{"pref":"岐阜県","city":"飛騨市","town":"古川町弐之町"}],"4236":[{"pref":"岐阜県","city":"飛騨市","town":"古川町三之町"}],"4237":[{"pref":"岐阜県","city":"飛騨市","town":"古川町栄"}],"4241":[{"pref":"岐阜県","city":"飛騨市","town":"古川町向町"}],"4242":[{"pref":"岐阜県","city":"飛騨市","town":"古川町増島町"}],"4243":[{"pref":"岐阜県","city":"飛騨市","town":"古川町貴船町"}],"4244":[{"pref":"岐阜県","city":"飛騨市","town":"古川町是重"}],"4245":[{"pref":"岐阜県","city":"飛騨市","town":"古川町幸栄町"}],"4251":[{"pref":"岐阜県","city":"飛騨市","town":"古川町宮城町"}],"4252":[{"pref":"岐阜県","city":"飛騨市","town":"古川町朝開町"}],"4253":[{"pref":"岐阜県","city":"飛騨市","town":"古川町南成町"}],"4254":[{"pref":"岐阜県","city":"飛騨市","town":"古川町上町"}],"4255":[{"pref":"岐阜県","city":"飛騨市","town":"古川町大野町"}],"4256":[{"pref":"岐阜県","city":"飛騨市","town":"古川町高野"}],"4261":[{"pref":"岐阜県","city":"飛騨市","town":"古川町下野"}],"4262":[{"pref":"岐阜県","city":"飛騨市","town":"古川町中野"}],"4263":[{"pref":"岐阜県","city":"飛騨市","town":"古川町上野"}],"4264":[{"pref":"岐阜県","city":"飛騨市","town":"古川町平岩"}],"4265":[{"pref":"岐阜県","city":"飛騨市","town":"古川町畦畑"}],"4271":[{"pref":"岐阜県","city":"飛騨市","town":"古川町谷"}],"4272":[{"pref":"岐阜県","city":"飛騨市","town":"古川町信包"}],"4273":[{"pref":"岐阜県","city":"飛騨市","town":"古川町寺地"}],"4274":[{"pref":"岐阜県","city":"飛騨市","town":"古川町笹ケ洞"}],"4275":[{"pref":"岐阜県","city":"飛騨市","town":"古川町黒内"}],"4301":[{"pref":"岐阜県","city":"飛騨市","town":"河合町角川"}],"4302":[{"pref":"岐阜県","city":"飛騨市","town":"河合町小無雁"}],"4303":[{"pref":"岐阜県","city":"飛騨市","town":"河合町有家"}],"4304":[{"pref":"岐阜県","city":"飛騨市","town":"河合町羽根"}],"4305":[{"pref":"岐阜県","city":"飛騨市","town":"河合町保木林"}],"4306":[{"pref":"岐阜県","city":"飛騨市","town":"河合町中沢上"}],"4311":[{"pref":"岐阜県","city":"飛騨市","town":"河合町大谷"}],"4312":[{"pref":"岐阜県","city":"飛騨市","town":"河合町稲越"}],"4313":[{"pref":"岐阜県","city":"飛騨市","town":"河合町保"}],"4314":[{"pref":"岐阜県","city":"飛騨市","town":"河合町月ケ瀬"}],"4315":[{"pref":"岐阜県","city":"飛騨市","town":"河合町天生"}],"4316":[{"pref":"岐阜県","city":"飛騨市","town":"河合町元田"}],"4317":[{"pref":"岐阜県","city":"飛騨市","town":"河合町上ケ島"}],"4318":[{"pref":"岐阜県","city":"飛騨市","town":"河合町新名"}],"4401":[{"pref":"岐阜県","city":"飛騨市","town":"宮川町菅沼"}],"4402":[{"pref":"岐阜県","city":"飛騨市","town":"宮川町種蔵"}],"4403":[{"pref":"岐阜県","city":"飛騨市","town":"宮川町三川原"}],"4404":[{"pref":"岐阜県","city":"飛騨市","town":"宮川町巣之内"}],"4405":[{"pref":"岐阜県","city":"飛騨市","town":"宮川町丸山"}],"4406":[{"pref":"岐阜県","city":"飛騨市","town":"宮川町牧戸"}],"4411":[{"pref":"岐阜県","city":"飛騨市","town":"宮川町野首"}],"4412":[{"pref":"岐阜県","city":"飛騨市","town":"宮川町岸奥"}],"4413":[{"pref":"岐阜県","city":"飛騨市","town":"宮川町小谷"}],"4414":[{"pref":"岐阜県","city":"飛騨市","town":"宮川町大無雁"}],"4415":[{"pref":"岐阜県","city":"飛騨市","town":"宮川町落合"}],"4421":[{"pref":"岐阜県","city":"飛騨市","town":"宮川町高牧"}],"4422":[{"pref":"岐阜県","city":"飛騨市","town":"宮川町西忍"}],"4423":[{"pref":"岐阜県","city":"飛騨市","town":"宮川町林"}],"4424":[{"pref":"岐阜県","city":"飛騨市","town":"宮川町森安"}],"4531":[{"pref":"岐阜県","city":"飛騨市","town":"宮川町鮎飛"},{"pref":"岐阜県","city":"飛騨市","town":"宮川町巣納谷"}],"4532":[{"pref":"岐阜県","city":"飛騨市","town":"宮川町洞"}],"4533":[{"pref":"岐阜県","city":"飛騨市","town":"宮川町塩屋"}],"4534":[{"pref":"岐阜県","city":"飛騨市","town":"宮川町中沢上"}],"4535":[{"pref":"岐阜県","city":"飛騨市","town":"宮川町祢宜ケ沢上"}],"4541":[{"pref":"岐阜県","city":"飛騨市","town":"宮川町小豆沢"}],"4542":[{"pref":"岐阜県","city":"飛騨市","town":"宮川町杉原"}],"4543":[{"pref":"岐阜県","city":"飛騨市","town":"宮川町桑野"}],"4544":[{"pref":"岐阜県","city":"飛騨市","town":"宮川町戸谷"}],"4545":[{"pref":"岐阜県","city":"飛騨市","town":"宮川町打保"}],"5100":[{"pref":"岐阜県","city":"土岐市","town":"以下に掲載がない場合"}],"5101":[{"pref":"岐阜県","city":"土岐市","town":"泉町河合"}],"5102":[{"pref":"岐阜県","city":"土岐市","town":"泉町定林寺"}],"5103":[{"pref":"岐阜県","city":"土岐市","town":"泉東窯町"}],"5104":[{"pref":"岐阜県","city":"土岐市","town":"泉中窯町"}],"5105":[{"pref":"岐阜県","city":"土岐市","town":"泉西窯町"}],"5106":[{"pref":"岐阜県","city":"土岐市","town":"泉仲森町"}],"5107":[{"pref":"岐阜県","city":"土岐市","town":"泉梅ノ木町"}],"5111":[{"pref":"岐阜県","city":"土岐市","town":"肥田浅野双葉町"}],"5112":[{"pref":"岐阜県","city":"土岐市","town":"肥田浅野笠神町"}],"5113":[{"pref":"岐阜県","city":"土岐市","town":"肥田浅野元町"}],"5114":[{"pref":"岐阜県","city":"土岐市","town":"肥田町浅野"}],"5115":[{"pref":"岐阜県","city":"土岐市","town":"肥田町肥田（その他）"}],"5116":[{"pref":"岐阜県","city":"土岐市","town":"肥田浅野矢落町"}],"5117":[{"pref":"岐阜県","city":"土岐市","town":"肥田浅野朝日町"}],"5118":[{"pref":"岐阜県","city":"土岐市","town":"肥田浅野梅ノ木町"}],"5121":[{"pref":"岐阜県","city":"土岐市","town":"土岐津町高山"}],"5122":[{"pref":"岐阜県","city":"土岐市","town":"土岐津町土岐口"}],"5123":[{"pref":"岐阜県","city":"土岐市","town":"土岐口南町"}],"5124":[{"pref":"岐阜県","city":"土岐市","town":"土岐口中町"}],"5125":[{"pref":"岐阜県","city":"土岐市","town":"御幸町"}],"5126":[{"pref":"岐阜県","city":"土岐市","town":"土岐口北町"}],"5127":[{"pref":"岐阜県","city":"土岐市","town":"土岐ヶ丘"}],"5131":[{"pref":"岐阜県","city":"土岐市","town":"泉寺田町"}],"5132":[{"pref":"岐阜県","city":"土岐市","town":"泉町大富"}],"5133":[{"pref":"岐阜県","city":"土岐市","town":"泉神栄町"}],"5134":[{"pref":"岐阜県","city":"土岐市","town":"泉島田町"}],"5135":[{"pref":"岐阜県","city":"土岐市","town":"泉森下町"}],"5136":[{"pref":"岐阜県","city":"土岐市","town":"泉大島町"}],"5141":[{"pref":"岐阜県","city":"土岐市","town":"泉岩畑町"}],"5142":[{"pref":"岐阜県","city":"土岐市","town":"泉町久尻"}],"5143":[{"pref":"岐阜県","city":"土岐市","town":"泉日之出町"}],"5144":[{"pref":"岐阜県","city":"土岐市","town":"泉池ノ上町"}],"5145":[{"pref":"岐阜県","city":"土岐市","town":"泉大沼町"}],"5146":[{"pref":"岐阜県","city":"土岐市","town":"泉明治町"}],"5147":[{"pref":"岐阜県","city":"土岐市","town":"泉郷町"}],"5151":[{"pref":"岐阜県","city":"土岐市","town":"泉大坪町"}],"5152":[{"pref":"岐阜県","city":"土岐市","town":"泉寺下町"}],"5153":[{"pref":"岐阜県","city":"土岐市","town":"泉西原町"}],"5154":[{"pref":"岐阜県","city":"土岐市","town":"泉西山町"}],"5161":[{"pref":"岐阜県","city":"土岐市","town":"泉が丘町"}],"5171":[{"pref":"岐阜県","city":"土岐市","town":"泉北山町"}],"5201":[{"pref":"岐阜県","city":"土岐市","town":"下石阿庄町"}],"5202":[{"pref":"岐阜県","city":"土岐市","town":"下石町"}],"5203":[{"pref":"岐阜県","city":"土岐市","town":"下石陶史台"}],"5301":[{"pref":"岐阜県","city":"土岐市","town":"妻木町"}],"5302":[{"pref":"岐阜県","city":"土岐市","town":"妻木平成町"}],"5311":[{"pref":"岐阜県","city":"土岐市","town":"鶴里町細野"}],"5312":[{"pref":"岐阜県","city":"土岐市","town":"鶴里町柿野"}],"5401":[{"pref":"岐阜県","city":"土岐市","town":"駄知町"}],"5402":[{"pref":"岐阜県","city":"土岐市","town":"曽木町"}],"5403":[{"pref":"岐阜県","city":"土岐市","town":"旭ケ丘町"},{"pref":"岐阜県","city":"土岐市","town":"肥田町肥田（２８６～２８７番地）"}],"6100":[{"pref":"岐阜県","city":"瑞浪市","town":"以下に掲載がない場合"}],"6101":[{"pref":"岐阜県","city":"瑞浪市","town":"土岐町"}],"6102":[{"pref":"岐阜県","city":"瑞浪市","town":"稲津町萩原"}],"6103":[{"pref":"岐阜県","city":"瑞浪市","town":"稲津町小里"}],"6104":[{"pref":"岐阜県","city":"瑞浪市","town":"山田町"}],"6105":[{"pref":"岐阜県","city":"瑞浪市","town":"明賀台"}],"6106":[{"pref":"岐阜県","city":"瑞浪市","town":"学園台"}],"6107":[{"pref":"岐阜県","city":"瑞浪市","town":"穂並"}],"6108":[{"pref":"岐阜県","city":"瑞浪市","town":"益見町"}],"6111":[{"pref":"岐阜県","city":"瑞浪市","town":"下沖町"}],"6112":[{"pref":"岐阜県","city":"瑞浪市","town":"小田町"}],"6113":[{"pref":"岐阜県","city":"瑞浪市","town":"和合町"}],"6114":[{"pref":"岐阜県","city":"瑞浪市","town":"西小田町"}],"6115":[{"pref":"岐阜県","city":"瑞浪市","town":"北小田町"}],"6116":[{"pref":"岐阜県","city":"瑞浪市","town":"南小田町"}],"6121":[{"pref":"岐阜県","city":"瑞浪市","town":"寺河戸町"}],"6122":[{"pref":"岐阜県","city":"瑞浪市","town":"上平町"}],"6123":[{"pref":"岐阜県","city":"瑞浪市","town":"樽上町"}],"6124":[{"pref":"岐阜県","city":"瑞浪市","town":"一色町"}],"6125":[{"pref":"岐阜県","city":"瑞浪市","town":"上野町"}],"6126":[{"pref":"岐阜県","city":"瑞浪市","town":"高月町"}],"6127":[{"pref":"岐阜県","city":"瑞浪市","town":"須野志町"}],"6128":[{"pref":"岐阜県","city":"瑞浪市","town":"宮前町"}],"6131":[{"pref":"岐阜県","city":"瑞浪市","town":"明世町月吉"}],"6132":[{"pref":"岐阜県","city":"瑞浪市","town":"明世町山野内"}],"6133":[{"pref":"岐阜県","city":"瑞浪市","town":"明世町戸狩"}],"6134":[{"pref":"岐阜県","city":"瑞浪市","town":"松ケ瀬町"}],"6135":[{"pref":"岐阜県","city":"瑞浪市","town":"薬師町"}],"6251":[{"pref":"岐阜県","city":"瑞浪市","town":"日吉町"}],"6361":[{"pref":"岐阜県","city":"瑞浪市","town":"陶町猿爪"}],"6362":[{"pref":"岐阜県","city":"瑞浪市","town":"陶町水上"}],"6363":[{"pref":"岐阜県","city":"瑞浪市","town":"陶町大川"}],"6471":[{"pref":"岐阜県","city":"瑞浪市","town":"大湫町"}],"6472":[{"pref":"岐阜県","city":"瑞浪市","town":"釜戸町"}],"7121":[{"pref":"岐阜県","city":"恵那市","town":"武並町藤"}],"7122":[{"pref":"岐阜県","city":"恵那市","town":"武並町竹折"}],"7123":[{"pref":"岐阜県","city":"恵那市","town":"三郷町野井"}],"7124":[{"pref":"岐阜県","city":"恵那市","town":"三郷町佐々良木"}],"7125":[{"pref":"岐阜県","city":"恵那市","town":"三郷町椋実"}],"7126":[{"pref":"岐阜県","city":"恵那市","town":"武並町新竹折"}],"7200":[{"pref":"岐阜県","city":"恵那市","town":"以下に掲載がない場合"}],"7201":[{"pref":"岐阜県","city":"恵那市","town":"大井町"}],"7202":[{"pref":"岐阜県","city":"恵那市","town":"東野"}],"7203":[{"pref":"岐阜県","city":"恵那市","town":"長島町正家"}],"7204":[{"pref":"岐阜県","city":"恵那市","town":"長島町永田"}],"7205":[{"pref":"岐阜県","city":"恵那市","town":"長島町中野"}],"7206":[{"pref":"岐阜県","city":"恵那市","town":"長島町久須見"}],"7207":[{"pref":"岐阜県","city":"恵那市","town":"笠置町河合"}],"7208":[{"pref":"岐阜県","city":"恵那市","town":"笠置町姫栗"}],"7209":[{"pref":"岐阜県","city":"恵那市","town":"笠置町毛呂窪"}],"7211":[{"pref":"岐阜県","city":"恵那市","town":"長島町鍋山"}],"7321":[{"pref":"岐阜県","city":"中津川市","town":"阿木（その他）"}],"7322":[{"pref":"岐阜県","city":"中津川市","town":"飯沼"}],"7401":[{"pref":"岐阜県","city":"恵那市","town":"岩村町飯羽間"}],"7402":[{"pref":"岐阜県","city":"恵那市","town":"岩村町富田"}],"7403":[{"pref":"岐阜県","city":"恵那市","town":"岩村町"}],"7501":[{"pref":"岐阜県","city":"恵那市","town":"上矢作町（木ノ実）"}],"7502":[{"pref":"岐阜県","city":"恵那市","town":"上矢作町（飯田洞）"}],"7503":[{"pref":"岐阜県","city":"恵那市","town":"上矢作町（達原）"}],"7504":[{"pref":"岐阜県","city":"恵那市","town":"上矢作町（小笹原）"}],"7505":[{"pref":"岐阜県","city":"恵那市","town":"上矢作町（島）"}],"7506":[{"pref":"岐阜県","city":"恵那市","town":"上矢作町（本郷）"}],"7507":[{"pref":"岐阜県","city":"恵那市","town":"上矢作町（横道）"}],"7511":[{"pref":"岐阜県","city":"恵那市","town":"上矢作町漆原"}],"7512":[{"pref":"岐阜県","city":"恵那市","town":"上矢作町下"}],"7513":[{"pref":"岐阜県","city":"恵那市","town":"上矢作町小田子"}],"7521":[{"pref":"岐阜県","city":"恵那市","town":"上矢作町"}],"7601":[{"pref":"岐阜県","city":"恵那市","town":"山岡町久保原"}],"7602":[{"pref":"岐阜県","city":"恵那市","town":"山岡町馬場山田"}],"7603":[{"pref":"岐阜県","city":"恵那市","town":"山岡町上手向"}],"7604":[{"pref":"岐阜県","city":"恵那市","town":"山岡町釜屋"}],"7605":[{"pref":"岐阜県","city":"恵那市","town":"山岡町原"}],"7606":[{"pref":"岐阜県","city":"恵那市","town":"山岡町田代"}],"7607":[{"pref":"岐阜県","city":"恵那市","town":"山岡町下手向"}],"7608":[{"pref":"岐阜県","city":"恵那市","town":"山岡町田沢"}],"7701":[{"pref":"岐阜県","city":"恵那市","town":"明智町野志"}],"7702":[{"pref":"岐阜県","city":"恵那市","town":"明智町杉野"}],"7703":[{"pref":"岐阜県","city":"恵那市","town":"明智町（市場町）"}],"7704":[{"pref":"岐阜県","city":"恵那市","town":"明智町（駅前町）"}],"7705":[{"pref":"岐阜県","city":"恵那市","town":"明智町（新町）"}],"7706":[{"pref":"岐阜県","city":"恵那市","town":"明智町（向町）"}],"7707":[{"pref":"岐阜県","city":"恵那市","town":"明智町（滝坂住宅）"}],"7708":[{"pref":"岐阜県","city":"恵那市","town":"明智町（新井町）"}],"7711":[{"pref":"岐阜県","city":"恵那市","town":"明智町東方"}],"7712":[{"pref":"岐阜県","city":"恵那市","town":"明智町（的場町）"}],"7713":[{"pref":"岐阜県","city":"恵那市","town":"明智町（片平町）"}],"7714":[{"pref":"岐阜県","city":"恵那市","town":"明智町（常盤町）"}],"7715":[{"pref":"岐阜県","city":"恵那市","town":"明智町（東町）"}],"7716":[{"pref":"岐阜県","city":"恵那市","town":"明智町（本町）"}],"7717":[{"pref":"岐阜県","city":"恵那市","town":"明智町（宮町）"}],"7718":[{"pref":"岐阜県","city":"恵那市","town":"明智町（東山町）"}],"7721":[{"pref":"岐阜県","city":"恵那市","town":"明智町大泉"}],"7722":[{"pref":"岐阜県","city":"恵那市","town":"明智町（徳間町）"}],"7723":[{"pref":"岐阜県","city":"恵那市","town":"明智町大田"}],"7724":[{"pref":"岐阜県","city":"恵那市","town":"明智町横通"}],"7725":[{"pref":"岐阜県","city":"恵那市","town":"明智町阿妻"}],"7726":[{"pref":"岐阜県","city":"恵那市","town":"明智町吉良見"}],"7731":[{"pref":"岐阜県","city":"恵那市","town":"明智町"}],"7801":[{"pref":"岐阜県","city":"恵那市","town":"串原（中沢）"}],"7802":[{"pref":"岐阜県","city":"恵那市","town":"串原（平山）"}],"7803":[{"pref":"岐阜県","city":"恵那市","town":"串原（松本）"}],"7804":[{"pref":"岐阜県","city":"恵那市","town":"串原（戸中）"}],"7805":[{"pref":"岐阜県","city":"恵那市","town":"串原（峯）"}],"7806":[{"pref":"岐阜県","city":"恵那市","town":"串原（松林）"}],"7811":[{"pref":"岐阜県","city":"恵那市","town":"串原（福原）"}],"7812":[{"pref":"岐阜県","city":"恵那市","town":"串原（森上）"}],"7813":[{"pref":"岐阜県","city":"恵那市","town":"串原（大竹）"}],"7814":[{"pref":"岐阜県","city":"恵那市","town":"串原（相走）"}],"7815":[{"pref":"岐阜県","city":"恵那市","town":"串原（大野）"}],"7816":[{"pref":"岐阜県","city":"恵那市","town":"串原（岩倉）"}],"7821":[{"pref":"岐阜県","city":"恵那市","town":"串原（大平）"}],"7822":[{"pref":"岐阜県","city":"恵那市","town":"串原（柿畑）"}],"7823":[{"pref":"岐阜県","city":"恵那市","town":"串原（閑羅瀬）"}],"7824":[{"pref":"岐阜県","city":"恵那市","town":"串原（大簗）"}],"7825":[{"pref":"岐阜県","city":"恵那市","town":"串原（川ケ渡）"}],"7826":[{"pref":"岐阜県","city":"恵那市","town":"串原（木根）"}],"7831":[{"pref":"岐阜県","city":"恵那市","town":"串原"}],"8231":[{"pref":"岐阜県","city":"恵那市","town":"中野方町"}],"8232":[{"pref":"岐阜県","city":"恵那市","town":"飯地町"}],"8301":[{"pref":"岐阜県","city":"中津川市","town":"蛭川"}],"9131":[{"pref":"岐阜県","city":"中津川市","town":"千旦林"}],"9132":[{"pref":"岐阜県","city":"中津川市","town":"茄子川"}],"9201":[{"pref":"岐阜県","city":"中津川市","town":"川上"}],"9231":[{"pref":"岐阜県","city":"中津川市","town":"上野"}],"9232":[{"pref":"岐阜県","city":"中津川市","town":"坂下"}],"0111":[{"pref":"岐阜県","city":"各務原市","town":"鵜沼"}],"0145":[{"pref":"岐阜県","city":"各務原市","town":"鵜沼朝日町"}],"0144":[{"pref":"岐阜県","city":"各務原市","town":"鵜沼大伊木町"}],"0141":[{"pref":"岐阜県","city":"各務原市","town":"鵜沼各務原町"}],"0147":[{"pref":"岐阜県","city":"各務原市","town":"鵜沼川崎町"}],"0143":[{"pref":"岐阜県","city":"各務原市","town":"鵜沼小伊木町"}],"0117":[{"pref":"岐阜県","city":"各務原市","town":"鵜沼大安寺町"}],"0135":[{"pref":"岐阜県","city":"各務原市","town":"鵜沼羽場町"}],"0126":[{"pref":"岐阜県","city":"各務原市","town":"鵜沼東町"}],"0132":[{"pref":"岐阜県","city":"各務原市","town":"鵜沼西町"}],"0133":[{"pref":"岐阜県","city":"各務原市","town":"鵜沼古市場町"}],"0123":[{"pref":"岐阜県","city":"各務原市","town":"鵜沼宝積寺町"}],"0134":[{"pref":"岐阜県","city":"各務原市","town":"鵜沼真名越町"}],"0142":[{"pref":"岐阜県","city":"各務原市","town":"鵜沼丸子町"}],"0146":[{"pref":"岐阜県","city":"各務原市","town":"鵜沼三ツ池町"}],"0125":[{"pref":"岐阜県","city":"各務原市","town":"鵜沼南町"}],"0124":[{"pref":"岐阜県","city":"各務原市","town":"鵜沼山崎町"}],"0121":[{"pref":"岐阜県","city":"各務原市","town":"鵜沼台"}],"0104":[{"pref":"岐阜県","city":"各務原市","town":"各務おがせ町"}],"0102":[{"pref":"岐阜県","city":"各務原市","town":"各務車洞"}],"0103":[{"pref":"岐阜県","city":"各務原市","town":"各務東町"}],"0106":[{"pref":"岐阜県","city":"各務原市","town":"各務西町"}],"0107":[{"pref":"岐阜県","city":"各務原市","town":"各務船山町"}],"0105":[{"pref":"岐阜県","city":"各務原市","town":"各務山の前町"}],"0127":[{"pref":"岐阜県","city":"各務原市","town":"桜木町"}],"0122":[{"pref":"岐阜県","city":"各務原市","town":"新鵜沼台"}],"0101":[{"pref":"岐阜県","city":"各務原市","town":"須衛"}],"0108":[{"pref":"岐阜県","city":"各務原市","town":"須衛町"}],"0131":[{"pref":"岐阜県","city":"各務原市","town":"つつじが丘"}],"0109":[{"pref":"岐阜県","city":"各務原市","town":"テクノプラザ"}],"0136":[{"pref":"岐阜県","city":"各務原市","town":"松が丘"}],"0114":[{"pref":"岐阜県","city":"各務原市","town":"緑苑中"}],"0113":[{"pref":"岐阜県","city":"各務原市","town":"緑苑東"}],"0116":[{"pref":"岐阜県","city":"各務原市","town":"緑苑西"}],"0115":[{"pref":"岐阜県","city":"各務原市","town":"緑苑南"}],"0112":[{"pref":"岐阜県","city":"各務原市","town":"緑苑北"}],"0200":[{"pref":"岐阜県","city":"可児市","town":"以下に掲載がない場合"}],"0259":[{"pref":"岐阜県","city":"可児市","town":"愛岐ケ丘"}],"0215":[{"pref":"岐阜県","city":"可児市","town":"石井"}],"0216":[{"pref":"岐阜県","city":"可児市","town":"石森"}],"0246":[{"pref":"岐阜県","city":"可児市","town":"今"}],"0207":[{"pref":"岐阜県","city":"可児市","town":"今渡"}],"0238":[{"pref":"岐阜県","city":"可児市","town":"大森"}],"0239":[{"pref":"岐阜県","city":"可児市","town":"大森台"}],"0233":[{"pref":"岐阜県","city":"可児市","town":"柿下"}],"0212":[{"pref":"岐阜県","city":"可児市","town":"柿田"}],"0266":[{"pref":"岐阜県","city":"可児市","town":"帷子新町"}],"0237":[{"pref":"岐阜県","city":"可児市","town":"桂ケ丘"}],"0201":[{"pref":"岐阜県","city":"可児市","town":"川合"}],"0208":[{"pref":"岐阜県","city":"可児市","town":"川合北"}],"0224":[{"pref":"岐阜県","city":"可児市","town":"久々利"}],"0234":[{"pref":"岐阜県","city":"可児市","town":"久々利柿下入会"}],"0255":[{"pref":"岐阜県","city":"可児市","town":"光陽台"}],"0241":[{"pref":"岐阜県","city":"可児市","town":"坂戸"}],"0235":[{"pref":"岐阜県","city":"可児市","town":"桜ケ丘"}],"0236":[{"pref":"岐阜県","city":"可児市","town":"皐ケ丘"}],"0251":[{"pref":"岐阜県","city":"可児市","town":"塩"}],"0248":[{"pref":"岐阜県","city":"可児市","town":"清水ケ丘"}],"0203":[{"pref":"岐阜県","city":"可児市","town":"下恵土"}],"0245":[{"pref":"岐阜県","city":"可児市","town":"下切"}],"0247":[{"pref":"岐阜県","city":"可児市","town":"塩河"}],"0262":[{"pref":"岐阜県","city":"可児市","town":"菅刈"}],"0213":[{"pref":"岐阜県","city":"可児市","town":"瀬田"}],"0204":[{"pref":"岐阜県","city":"可児市","town":"禅台寺"}],"0205":[{"pref":"岐阜県","city":"可児市","town":"徳野南"}],"0206":[{"pref":"岐阜県","city":"可児市","town":"土田"}],"0202":[{"pref":"岐阜県","city":"可児市","town":"中恵土"}],"0257":[{"pref":"岐阜県","city":"可児市","town":"長坂"}],"0254":[{"pref":"岐阜県","city":"可児市","town":"長洞"}],"0265":[{"pref":"岐阜県","city":"可児市","town":"西帷子"}],"0261":[{"pref":"岐阜県","city":"可児市","town":"虹ケ丘"}],"0232":[{"pref":"岐阜県","city":"可児市","town":"二野"}],"0222":[{"pref":"岐阜県","city":"可児市","town":"羽崎"}],"0264":[{"pref":"岐阜県","city":"可児市","town":"鳩吹台"}],"0223":[{"pref":"岐阜県","city":"可児市","town":"羽生ケ丘"}],"0256":[{"pref":"岐阜県","city":"可児市","town":"東帷子"}],"0249":[{"pref":"岐阜県","city":"可児市","town":"姫ケ丘"}],"0217":[{"pref":"岐阜県","city":"可児市","town":"平貝戸"}],"0214":[{"pref":"岐阜県","city":"可児市","town":"広見"}],"0221":[{"pref":"岐阜県","city":"可児市","town":"広眺ケ丘"}],"0211":[{"pref":"岐阜県","city":"可児市","town":"渕之上"}],"0230":[{"pref":"岐阜県","city":"可児市","town":"星見台"}],"0218":[{"pref":"岐阜県","city":"可児市","town":"松伏"}],"0250":[{"pref":"岐阜県","city":"可児市","town":"美里ケ丘"}],"0240":[{"pref":"岐阜県","city":"可児市","town":"みずきケ丘"}],"0263":[{"pref":"岐阜県","city":"可児市","town":"緑"}],"0231":[{"pref":"岐阜県","city":"可児市","town":"緑ケ丘"}],"0253":[{"pref":"岐阜県","city":"可児市","town":"室原"}],"0252":[{"pref":"岐阜県","city":"可児市","town":"矢戸"}],"0242":[{"pref":"岐阜県","city":"可児市","town":"谷迫間"}],"0258":[{"pref":"岐阜県","city":"可児市","town":"若葉台"}],"0300":[{"pref":"岐阜県","city":"加茂郡川辺町","town":"以下に掲載がない場合"}],"0303":[{"pref":"岐阜県","city":"加茂郡川辺町","town":"石神"}],"0307":[{"pref":"岐阜県","city":"加茂郡川辺町","town":"鹿塩"}],"0302":[{"pref":"岐阜県","city":"加茂郡川辺町","town":"上川辺"}],"0301":[{"pref":"岐阜県","city":"加茂郡川辺町","town":"下麻生"}],"0313":[{"pref":"岐阜県","city":"加茂郡川辺町","town":"下飯田"}],"0306":[{"pref":"岐阜県","city":"加茂郡川辺町","town":"下川辺"}],"0311":[{"pref":"岐阜県","city":"加茂郡川辺町","town":"下吉田"}],"0304":[{"pref":"岐阜県","city":"加茂郡川辺町","town":"中川辺"}],"0312":[{"pref":"岐阜県","city":"加茂郡川辺町","town":"中野"}],"0305":[{"pref":"岐阜県","city":"加茂郡川辺町","town":"西栃井"}],"0315":[{"pref":"岐阜県","city":"加茂郡川辺町","town":"比久見"}],"0314":[{"pref":"岐阜県","city":"加茂郡川辺町","town":"福島"}],"0400":[{"pref":"岐阜県","city":"加茂郡七宗町","town":"以下に掲載がない場合"}],"0511":[{"pref":"岐阜県","city":"加茂郡七宗町","town":"神渕"}],"0401":[{"pref":"岐阜県","city":"加茂郡七宗町","town":"上麻生"}],"0402":[{"pref":"岐阜県","city":"加茂郡七宗町","town":"川並"}],"0403":[{"pref":"岐阜県","city":"加茂郡七宗町","town":"中麻生"}]}