{"0000":[{"pref":"東京都","city":"墨田区","town":"以下に掲載がない場合"}],"0001":[{"pref":"東京都","city":"墨田区","town":"吾妻橋"}],"0011":[{"pref":"東京都","city":"墨田区","town":"石原"}],"0014":[{"pref":"東京都","city":"墨田区","town":"亀沢"}],"0024":[{"pref":"東京都","city":"墨田区","town":"菊川"}],"0013":[{"pref":"東京都","city":"墨田区","town":"錦糸"}],"0022":[{"pref":"東京都","city":"墨田区","town":"江東橋"}],"0012":[{"pref":"東京都","city":"墨田区","town":"太平"}],"0023":[{"pref":"東京都","city":"墨田区","town":"立川"}],"0025":[{"pref":"東京都","city":"墨田区","town":"千歳"}],"0002":[{"pref":"東京都","city":"墨田区","town":"業平"}],"0005":[{"pref":"東京都","city":"墨田区","town":"東駒形"}],"0004":[{"pref":"東京都","city":"墨田区","town":"本所"}],"0021":[{"pref":"東京都","city":"墨田区","town":"緑"}],"0015":[{"pref":"東京都","city":"墨田区","town":"横網"}],"0003":[{"pref":"東京都","city":"墨田区","town":"横川"}],"0026":[{"pref":"東京都","city":"墨田区","town":"両国"}]}