{"0000":[{"pref":"富山県","city":"氷見市","town":"以下に掲載がない場合"}],"0002":[{"pref":"富山県","city":"氷見市","town":"阿尾"}],"0274":[{"pref":"富山県","city":"氷見市","town":"赤毛"}],"0023":[{"pref":"富山県","city":"氷見市","town":"朝日丘"}],"0022":[{"pref":"富山県","city":"氷見市","town":"朝日本町"}],"0343":[{"pref":"富山県","city":"氷見市","town":"味川"}],"0054":[{"pref":"富山県","city":"氷見市","town":"粟原"}],"0426":[{"pref":"富山県","city":"氷見市","town":"五十谷"}],"0112":[{"pref":"富山県","city":"氷見市","town":"飯久保"}],"0065":[{"pref":"富山県","city":"氷見市","town":"泉"}],"0015":[{"pref":"富山県","city":"氷見市","town":"伊勢大町"}],"0338":[{"pref":"富山県","city":"氷見市","town":"磯辺"}],"0278":[{"pref":"富山県","city":"氷見市","town":"一の島"}],"0006":[{"pref":"富山県","city":"氷見市","town":"稲積"}],"0272":[{"pref":"富山県","city":"氷見市","town":"岩瀬"}],"0422":[{"pref":"富山県","city":"氷見市","town":"宇波"}],"0056":[{"pref":"富山県","city":"氷見市","town":"上田"}],"0271":[{"pref":"富山県","city":"氷見市","town":"老谷"}],"0103":[{"pref":"富山県","city":"氷見市","town":"大浦"}],"0101":[{"pref":"富山県","city":"氷見市","town":"大浦新町"}],"0416":[{"pref":"富山県","city":"氷見市","town":"大窪"}],"0412":[{"pref":"富山県","city":"氷見市","town":"大境"}],"0026":[{"pref":"富山県","city":"氷見市","town":"大野"}],"0027":[{"pref":"富山県","city":"氷見市","town":"大野新"}],"0257":[{"pref":"富山県","city":"氷見市","town":"小窪"}],"0263":[{"pref":"富山県","city":"氷見市","town":"小久米"}],"0337":[{"pref":"富山県","city":"氷見市","town":"小滝"}],"0034":[{"pref":"富山県","city":"氷見市","town":"小竹"}],"0045":[{"pref":"富山県","city":"氷見市","town":"海津"}],"0067":[{"pref":"富山県","city":"氷見市","town":"柿谷"}],"0331":[{"pref":"富山県","city":"氷見市","town":"角間"}],"0346":[{"pref":"富山県","city":"氷見市","town":"懸札"}],"0063":[{"pref":"富山県","city":"氷見市","town":"加納"}],"0037":[{"pref":"富山県","city":"氷見市","town":"上泉"}],"0047":[{"pref":"富山県","city":"氷見市","town":"上久津呂"}],"0035":[{"pref":"富山県","city":"氷見市","town":"上田子"}],"0344":[{"pref":"富山県","city":"氷見市","town":"上余川"}],"0043":[{"pref":"富山県","city":"氷見市","town":"川崎"}],"0044":[{"pref":"富山県","city":"氷見市","town":"川尻"}],"0105":[{"pref":"富山県","city":"氷見市","town":"蒲田"}],"0004":[{"pref":"富山県","city":"氷見市","town":"北大町"}],"0001":[{"pref":"富山県","city":"氷見市","town":"北八代"}],"0268":[{"pref":"富山県","city":"氷見市","town":"葛葉"}],"0336":[{"pref":"富山県","city":"氷見市","town":"国見"}],"0024":[{"pref":"富山県","city":"氷見市","town":"窪"}],"0251":[{"pref":"富山県","city":"氷見市","town":"熊無"}],"0265":[{"pref":"富山県","city":"氷見市","town":"久目"}],"0025":[{"pref":"富山県","city":"氷見市","town":"鞍川"}],"0115":[{"pref":"富山県","city":"氷見市","town":"鞍骨"},{"pref":"富山県","city":"氷見市","town":"鉾根"}],"0335":[{"pref":"富山県","city":"氷見市","town":"胡桃"}],"0273":[{"pref":"富山県","city":"氷見市","town":"桑院"}],"0042":[{"pref":"富山県","city":"氷見市","town":"湖光"}],"0106":[{"pref":"富山県","city":"氷見市","town":"神代"}],"0413":[{"pref":"富山県","city":"氷見市","town":"小境"}],"0424":[{"pref":"富山県","city":"氷見市","town":"小杉"}],"0021":[{"pref":"富山県","city":"氷見市","town":"幸町"}],"0005":[{"pref":"富山県","city":"氷見市","town":"栄町"}],"0052":[{"pref":"富山県","city":"氷見市","town":"坂津"}],"0007":[{"pref":"富山県","city":"氷見市","town":"指崎"}],"0014":[{"pref":"富山県","city":"氷見市","town":"地蔵町"}],"0066":[{"pref":"富山県","city":"氷見市","town":"七分一"}],"0032":[{"pref":"富山県","city":"氷見市","town":"島尾"}],"0046":[{"pref":"富山県","city":"氷見市","town":"下久津呂"}],"0036":[{"pref":"富山県","city":"氷見市","town":"下田子"}],"0051":[{"pref":"富山県","city":"氷見市","town":"十二町"}],"0414":[{"pref":"富山県","city":"氷見市","town":"白川"}],"0254":[{"pref":"富山県","city":"氷見市","town":"新保"}],"0411":[{"pref":"富山県","city":"氷見市","town":"姿"}],"0062":[{"pref":"富山県","city":"氷見市","town":"諏訪野"}],"0113":[{"pref":"富山県","city":"氷見市","town":"惣領"}],"0041":[{"pref":"富山県","city":"氷見市","town":"園"}],"0406":[{"pref":"富山県","city":"氷見市","town":"平"}],"0256":[{"pref":"富山県","city":"氷見市","town":"田江"}],"0277":[{"pref":"富山県","city":"氷見市","town":"棚懸"}],"0253":[{"pref":"富山県","city":"氷見市","town":"谷屋"}],"0011":[{"pref":"富山県","city":"氷見市","town":"中央町"}],"0275":[{"pref":"富山県","city":"氷見市","town":"土倉"}],"0276":[{"pref":"富山県","city":"氷見市","town":"坪池"}],"0345":[{"pref":"富山県","city":"氷見市","town":"寺尾"}],"0269":[{"pref":"富山県","city":"氷見市","town":"床鍋"}],"0415":[{"pref":"富山県","city":"氷見市","town":"戸津宮"}],"0423":[{"pref":"富山県","city":"氷見市","town":"泊"}],"0064":[{"pref":"富山県","city":"氷見市","town":"中尾"}],"0417":[{"pref":"富山県","city":"氷見市","town":"長坂"}],"0102":[{"pref":"富山県","city":"氷見市","town":"中島"}],"0403":[{"pref":"富山県","city":"氷見市","town":"中田"}],"0402":[{"pref":"富山県","city":"氷見市","town":"中波"}],"0252":[{"pref":"富山県","city":"氷見市","town":"中村"}],"0055":[{"pref":"富山県","city":"氷見市","town":"中谷内"}],"0057":[{"pref":"富山県","city":"氷見市","town":"西朴木"}],"0255":[{"pref":"富山県","city":"氷見市","town":"早借"}],"0334":[{"pref":"富山県","city":"氷見市","town":"針木"}],"0264":[{"pref":"富山県","city":"氷見市","town":"日詰"}],"0341":[{"pref":"富山県","city":"氷見市","town":"一刎"}],"0262":[{"pref":"富山県","city":"氷見市","town":"日名田"}],"0012":[{"pref":"富山県","city":"氷見市","town":"比美町"}],"0404":[{"pref":"富山県","city":"氷見市","town":"平沢"}],"0117":[{"pref":"富山県","city":"氷見市","town":"深原"}],"0111":[{"pref":"富山県","city":"氷見市","town":"布施"}],"0114":[{"pref":"富山県","city":"氷見市","town":"仏生寺"}],"0266":[{"pref":"富山県","city":"氷見市","town":"触坂"}],"0104":[{"pref":"富山県","city":"氷見市","town":"堀田"}],"0016":[{"pref":"富山県","city":"氷見市","town":"本町"}],"0003":[{"pref":"富山県","city":"氷見市","town":"間島"}],"0017":[{"pref":"富山県","city":"氷見市","town":"丸の内"}],"0267":[{"pref":"富山県","city":"氷見市","town":"見内"}],"0261":[{"pref":"富山県","city":"氷見市","town":"三尾"}],"0116":[{"pref":"富山県","city":"氷見市","town":"三田窪"},{"pref":"富山県","city":"氷見市","town":"矢田部"}],"0013":[{"pref":"富山県","city":"氷見市","town":"南大町"}],"0033":[{"pref":"富山県","city":"氷見市","town":"宮田"}],"0053":[{"pref":"富山県","city":"氷見市","town":"万尾"}],"0332":[{"pref":"富山県","city":"氷見市","town":"森寺"}],"0031":[{"pref":"富山県","city":"氷見市","town":"柳田"}],"0107":[{"pref":"富山県","city":"氷見市","town":"矢方"}],"0425":[{"pref":"富山県","city":"氷見市","town":"薮田"}],"0061":[{"pref":"富山県","city":"氷見市","town":"余川"}],"0405":[{"pref":"富山県","city":"氷見市","town":"吉岡"}],"0342":[{"pref":"富山県","city":"氷見市","town":"吉懸"}],"0333":[{"pref":"富山県","city":"氷見市","town":"吉滝"}],"0258":[{"pref":"富山県","city":"氷見市","town":"論田"}],"0401":[{"pref":"富山県","city":"氷見市","town":"脇"}],"0421":[{"pref":"富山県","city":"氷見市","town":"脇方"}]}