{"0000":[{"pref":"長崎県","city":"島原市","town":"以下に掲載がない場合"}],"0038":[{"pref":"長崎県","city":"島原市","town":"島原市の次に番地がくる場合"}],"0855":[{"pref":"長崎県","city":"島原市","town":"青葉町"}],"0021":[{"pref":"長崎県","city":"島原市","town":"油堀町"}],"0002":[{"pref":"長崎県","city":"島原市","town":"洗切町"}],"0813":[{"pref":"長崎県","city":"島原市","town":"有馬船津町"}],"0023":[{"pref":"長崎県","city":"島原市","town":"出の川町"}],"0015":[{"pref":"長崎県","city":"島原市","town":"出平町"}],"0046":[{"pref":"長崎県","city":"島原市","town":"今川町"}],"0853":[{"pref":"長崎県","city":"島原市","town":"上の原"}],"0045":[{"pref":"長崎県","city":"島原市","town":"上の町"}],"0071":[{"pref":"長崎県","city":"島原市","town":"宇土町"}],"0872":[{"pref":"長崎県","city":"島原市","town":"梅園町"}],"0817":[{"pref":"長崎県","city":"島原市","town":"浦田"}],"0056":[{"pref":"長崎県","city":"島原市","town":"浦の川"}],"0067":[{"pref":"長崎県","city":"島原市","town":"上新丁"}],"0059":[{"pref":"長崎県","city":"島原市","town":"江戸丁"}],"0816":[{"pref":"長崎県","city":"島原市","town":"蛭子町"}],"0017":[{"pref":"長崎県","city":"島原市","town":"江里町"}],"0878":[{"pref":"長崎県","city":"島原市","town":"大下町"}],"0012":[{"pref":"長崎県","city":"島原市","town":"大手原町"}],"0011":[{"pref":"長崎県","city":"島原市","town":"御手水町"}],"0066":[{"pref":"長崎県","city":"島原市","town":"柿の木町"}],"0064":[{"pref":"長崎県","city":"島原市","town":"柏野町"}],"0042":[{"pref":"長崎県","city":"島原市","town":"片町"}],"0881":[{"pref":"長崎県","city":"島原市","town":"門内町"}],"0874":[{"pref":"長崎県","city":"島原市","town":"鎌田町"}],"0076":[{"pref":"長崎県","city":"島原市","town":"上折橋町"}],"0808":[{"pref":"長崎県","city":"島原市","town":"加美町"}],"0004":[{"pref":"長崎県","city":"島原市","town":"亀の甲町"}],"0873":[{"pref":"長崎県","city":"島原市","town":"北安徳町"}],"0886":[{"pref":"長崎県","city":"島原市","town":"北上木場町"}],"0078":[{"pref":"長崎県","city":"島原市","town":"北千本木町"}],"0058":[{"pref":"長崎県","city":"島原市","town":"北原町"}],"0032":[{"pref":"長崎県","city":"島原市","town":"北門町"}],"0841":[{"pref":"長崎県","city":"島原市","town":"崩山町"}],"0026":[{"pref":"長崎県","city":"島原市","town":"礫石原町"}],"0836":[{"pref":"長崎県","city":"島原市","town":"湖南町"}],"0856":[{"pref":"長崎県","city":"島原市","town":"小山町"}],"0832":[{"pref":"長崎県","city":"島原市","town":"坂上町"}],"0842":[{"pref":"長崎県","city":"島原市","town":"栄町"}],"0833":[{"pref":"長崎県","city":"島原市","town":"坂下町"}],"0035":[{"pref":"長崎県","city":"島原市","town":"先魁町"}],"0809":[{"pref":"長崎県","city":"島原市","town":"桜町"}],"0051":[{"pref":"長崎県","city":"島原市","town":"桜門町"}],"0006":[{"pref":"長崎県","city":"島原市","town":"寺中町"}],"0055":[{"pref":"長崎県","city":"島原市","town":"下新丁"}],"0052":[{"pref":"長崎県","city":"島原市","town":"下の丁"}],"0075":[{"pref":"長崎県","city":"島原市","town":"下折橋町"}],"0861":[{"pref":"長崎県","city":"島原市","town":"下川尻町"}],"0014":[{"pref":"長崎県","city":"島原市","town":"下宮町"}],"0053":[{"pref":"長崎県","city":"島原市","town":"城西中の丁"}],"0036":[{"pref":"長崎県","city":"島原市","town":"城内"}],"0885":[{"pref":"長崎県","city":"島原市","town":"白谷町"}],"0807":[{"pref":"長崎県","city":"島原市","town":"白土町"}],"0811":[{"pref":"長崎県","city":"島原市","town":"白土桃山"}],"0074":[{"pref":"長崎県","city":"島原市","town":"城見町"}],"0057":[{"pref":"長崎県","city":"島原市","town":"新建"}],"0043":[{"pref":"長崎県","city":"島原市","town":"新田町"}],"0033":[{"pref":"長崎県","city":"島原市","town":"新馬場町"}],"0803":[{"pref":"長崎県","city":"島原市","town":"新町"}],"0862":[{"pref":"長崎県","city":"島原市","town":"新湊"}],"0843":[{"pref":"長崎県","city":"島原市","town":"新山"}],"0863":[{"pref":"長崎県","city":"島原市","town":"親和町"}],"0068":[{"pref":"長崎県","city":"島原市","town":"杉山町"}],"0801":[{"pref":"長崎県","city":"島原市","town":"高島"}],"0025":[{"pref":"長崎県","city":"島原市","town":"立野町"}],"0034":[{"pref":"長崎県","city":"島原市","town":"田町"}],"0864":[{"pref":"長崎県","city":"島原市","town":"秩父が浦町"}],"0007":[{"pref":"長崎県","city":"島原市","town":"津吹町"}],"0814":[{"pref":"長崎県","city":"島原市","town":"津町"}],"0852":[{"pref":"長崎県","city":"島原市","town":"寺町"}],"0883":[{"pref":"長崎県","city":"島原市","town":"天神元町"}],"0875":[{"pref":"長崎県","city":"島原市","town":"中安徳町"}],"0061":[{"pref":"長崎県","city":"島原市","town":"中尾町"}],"0822":[{"pref":"長崎県","city":"島原市","town":"中組町"}],"0001":[{"pref":"長崎県","city":"島原市","town":"中野町"}],"0005":[{"pref":"長崎県","city":"島原市","town":"中原町"}],"0806":[{"pref":"長崎県","city":"島原市","town":"中堀町"}],"0044":[{"pref":"長崎県","city":"島原市","town":"中町"}],"0022":[{"pref":"長崎県","city":"島原市","town":"長貫町"}],"0018":[{"pref":"長崎県","city":"島原市","town":"西町"}],"0835":[{"pref":"長崎県","city":"島原市","town":"西八幡町"}],"0884":[{"pref":"長崎県","city":"島原市","town":"仁田町"}],"0854":[{"pref":"長崎県","city":"島原市","town":"萩が丘"}],"0851":[{"pref":"長崎県","city":"島原市","town":"萩原"}],"0824":[{"pref":"長崎県","city":"島原市","town":"白山町"}],"0877":[{"pref":"長崎県","city":"島原市","town":"浜の町"}],"0008":[{"pref":"長崎県","city":"島原市","town":"原口町"}],"0063":[{"pref":"長崎県","city":"島原市","town":"原町"}],"0013":[{"pref":"長崎県","city":"島原市","town":"稗田町"}],"0024":[{"pref":"長崎県","city":"島原市","town":"広高野町"}],"0825":[{"pref":"長崎県","city":"島原市","town":"広馬場町"}],"0882":[{"pref":"長崎県","city":"島原市","town":"札の元町"}],"0865":[{"pref":"長崎県","city":"島原市","town":"船泊町"}],"0054":[{"pref":"長崎県","city":"島原市","town":"古丁"}],"0879":[{"pref":"長崎県","city":"島原市","town":"平成町"}],"0802":[{"pref":"長崎県","city":"島原市","town":"弁天町"}],"0805":[{"pref":"長崎県","city":"島原市","town":"堀町"}],"0073":[{"pref":"長崎県","city":"島原市","town":"本光寺町"}],"0062":[{"pref":"長崎県","city":"島原市","town":"本町"}],"0031":[{"pref":"長崎県","city":"島原市","town":"前浜町"}],"0003":[{"pref":"長崎県","city":"島原市","town":"三会町"}],"0867":[{"pref":"長崎県","city":"島原市","town":"緑町"}],"0821":[{"pref":"長崎県","city":"島原市","town":"湊新地町"}],"0823":[{"pref":"長崎県","city":"島原市","town":"湊町"}],"0831":[{"pref":"長崎県","city":"島原市","town":"湊道"}],"0876":[{"pref":"長崎県","city":"島原市","town":"南安徳町"}],"0065":[{"pref":"長崎県","city":"島原市","town":"南柏野町"}],"0887":[{"pref":"長崎県","city":"島原市","town":"南上木場町"}],"0871":[{"pref":"長崎県","city":"島原市","town":"南崩山町"}],"0866":[{"pref":"長崎県","city":"島原市","town":"南下川尻町"}],"0077":[{"pref":"長崎県","city":"島原市","town":"南千本木町"}],"0041":[{"pref":"長崎県","city":"島原市","town":"宮の町"}],"0072":[{"pref":"長崎県","city":"島原市","town":"六ツ木町"}],"0815":[{"pref":"長崎県","city":"島原市","town":"元船津町"}],"0834":[{"pref":"長崎県","city":"島原市","town":"八幡町"}],"0016":[{"pref":"長崎県","city":"島原市","town":"山寺町"}],"0804":[{"pref":"長崎県","city":"島原市","town":"万町"}],"0812":[{"pref":"長崎県","city":"島原市","town":"霊南"}]}