{"0000":[{"pref":"千葉県","city":"千葉市中央区","town":"以下に掲載がない場合"}],"0852":[{"pref":"千葉県","city":"千葉市中央区","town":"青葉町"}],"0804":[{"pref":"千葉県","city":"千葉市中央区","town":"赤井町"}],"0002":[{"pref":"千葉県","city":"千葉市中央区","town":"旭町"}],"0855":[{"pref":"千葉県","city":"千葉市中央区","town":"市場町"}],"0833":[{"pref":"千葉県","city":"千葉市中央区","town":"稲荷町"}],"0856":[{"pref":"千葉県","city":"千葉市中央区","town":"亥鼻"}],"0834":[{"pref":"千葉県","city":"千葉市中央区","town":"今井"}],"0815":[{"pref":"千葉県","city":"千葉市中央区","town":"今井町"}],"0018":[{"pref":"千葉県","city":"千葉市中央区","town":"院内"}],"0816":[{"pref":"千葉県","city":"千葉市中央区","town":"鵜の森町"}],"0811":[{"pref":"千葉県","city":"千葉市中央区","town":"大森町"}],"0813":[{"pref":"千葉県","city":"千葉市中央区","town":"生実町"}],"0033":[{"pref":"千葉県","city":"千葉市中央区","town":"春日"}],"0853":[{"pref":"千葉県","city":"千葉市中央区","town":"葛城"}],"0017":[{"pref":"千葉県","city":"千葉市中央区","town":"要町"}],"0011":[{"pref":"千葉県","city":"千葉市中央区","town":"亀井町"}],"0857":[{"pref":"千葉県","city":"千葉市中央区","town":"亀岡町"}],"0835":[{"pref":"千葉県","city":"千葉市中央区","town":"川崎町"}],"0802":[{"pref":"千葉県","city":"千葉市中央区","town":"川戸町"}],"0016":[{"pref":"千葉県","city":"千葉市中央区","town":"栄町"}],"0832":[{"pref":"千葉県","city":"千葉市中央区","town":"寒川町"}],"0823":[{"pref":"千葉県","city":"千葉市中央区","town":"塩田町"}],"0034":[{"pref":"千葉県","city":"千葉市中央区","town":"汐見丘町"}],"0841":[{"pref":"千葉県","city":"千葉市中央区","town":"白旗"}],"0021":[{"pref":"千葉県","city":"千葉市中央区","town":"新宿"}],"0031":[{"pref":"千葉県","city":"千葉市中央区","town":"新千葉"}],"0027":[{"pref":"千葉県","city":"千葉市中央区","town":"新田町"}],"0028":[{"pref":"千葉県","city":"千葉市中央区","town":"新町"}],"0022":[{"pref":"千葉県","city":"千葉市中央区","town":"神明町"}],"0843":[{"pref":"千葉県","city":"千葉市中央区","town":"末広"}],"0822":[{"pref":"千葉県","city":"千葉市中央区","town":"蘇我"},{"pref":"千葉県","city":"千葉市中央区","town":"蘇我町"}],"0812":[{"pref":"千葉県","city":"千葉市中央区","town":"大巌寺町"}],"0844":[{"pref":"千葉県","city":"千葉市中央区","town":"千葉寺町"}],"0026":[{"pref":"千葉県","city":"千葉市中央区","town":"千葉港"}],"0013":[{"pref":"千葉県","city":"千葉市中央区","town":"中央"}],"0024":[{"pref":"千葉県","city":"千葉市中央区","town":"中央港"}],"0042":[{"pref":"千葉県","city":"千葉市中央区","town":"椿森"}],"0003":[{"pref":"千葉県","city":"千葉市中央区","town":"鶴沢町"}],"0023":[{"pref":"千葉県","city":"千葉市中央区","town":"出洲港"}],"0005":[{"pref":"千葉県","city":"千葉市中央区","town":"道場南"}],"0006":[{"pref":"千葉県","city":"千葉市中央区","town":"道場北"}],"0025":[{"pref":"千葉県","city":"千葉市中央区","town":"問屋町"}],"0854":[{"pref":"千葉県","city":"千葉市中央区","town":"長洲"}],"0826":[{"pref":"千葉県","city":"千葉市中央区","town":"新浜町"}],"0801":[{"pref":"千葉県","city":"千葉市中央区","town":"仁戸名町"}],"0032":[{"pref":"千葉県","city":"千葉市中央区","town":"登戸"}],"0803":[{"pref":"千葉県","city":"千葉市中央区","town":"花輪町"}],"0824":[{"pref":"千葉県","city":"千葉市中央区","town":"浜野町"}],"0041":[{"pref":"千葉県","city":"千葉市中央区","town":"東千葉"}],"0004":[{"pref":"千葉県","city":"千葉市中央区","town":"東本町"}],"0015":[{"pref":"千葉県","city":"千葉市中央区","town":"富士見"}],"0045":[{"pref":"千葉県","city":"千葉市中央区","town":"弁天"}],"0808":[{"pref":"千葉県","city":"千葉市中央区","town":"星久喜町"}],"0014":[{"pref":"千葉県","city":"千葉市中央区","town":"本千葉町"}],"0012":[{"pref":"千葉県","city":"千葉市中央区","town":"本町"}],"0807":[{"pref":"千葉県","city":"千葉市中央区","town":"松ケ丘町"}],"0044":[{"pref":"千葉県","city":"千葉市中央区","town":"松波"}],"0831":[{"pref":"千葉県","city":"千葉市中央区","town":"港町"}],"0814":[{"pref":"千葉県","city":"千葉市中央区","town":"南生実町"}],"0842":[{"pref":"千葉県","city":"千葉市中央区","town":"南町"}],"0001":[{"pref":"千葉県","city":"千葉市中央区","town":"都町"}],"0806":[{"pref":"千葉県","city":"千葉市中央区","town":"宮崎"}],"0805":[{"pref":"千葉県","city":"千葉市中央区","town":"宮崎町"}],"0825":[{"pref":"千葉県","city":"千葉市中央区","town":"村田町"}],"0851":[{"pref":"千葉県","city":"千葉市中央区","town":"矢作町"}],"0007":[{"pref":"千葉県","city":"千葉市中央区","town":"祐光"}],"0821":[{"pref":"千葉県","city":"千葉市中央区","town":"若草"}]}