{"1121":[{"pref":"三重県","city":"鈴鹿市","town":"岸田町"}],"1122":[{"pref":"三重県","city":"鈴鹿市","town":"花川町"}],"1123":[{"pref":"三重県","city":"鈴鹿市","town":"下大久保町"}],"1124":[{"pref":"三重県","city":"鈴鹿市","town":"自由ヶ丘"}],"0000":[{"pref":"三重県","city":"鈴鹿市","town":"以下に掲載がない場合"}],"0828":[{"pref":"三重県","city":"鈴鹿市","town":"阿古曽町"}],"0802":[{"pref":"三重県","city":"鈴鹿市","town":"飯野寺家町"}],"0032":[{"pref":"三重県","city":"鈴鹿市","town":"池田町"}],"0855":[{"pref":"三重県","city":"鈴鹿市","town":"石垣"}],"0012":[{"pref":"三重県","city":"鈴鹿市","town":"石薬師町"}],"0006":[{"pref":"三重県","city":"鈴鹿市","town":"和泉町"}],"0031":[{"pref":"三重県","city":"鈴鹿市","town":"一ノ宮町"}],"0018":[{"pref":"三重県","city":"鈴鹿市","town":"上田町"}],"0017":[{"pref":"三重県","city":"鈴鹿市","town":"上野町"}],"0010":[{"pref":"三重県","city":"鈴鹿市","town":"釆女が丘町"}],"0827":[{"pref":"三重県","city":"鈴鹿市","town":"大池"}],"0027":[{"pref":"三重県","city":"鈴鹿市","town":"岡田"}],"0028":[{"pref":"三重県","city":"鈴鹿市","town":"岡田町"}],"0007":[{"pref":"三重県","city":"鈴鹿市","town":"小田町"}],"0021":[{"pref":"三重県","city":"鈴鹿市","town":"甲斐町"}],"0004":[{"pref":"三重県","city":"鈴鹿市","town":"加佐登"}],"0003":[{"pref":"三重県","city":"鈴鹿市","town":"加佐登町"}],"0056":[{"pref":"三重県","city":"鈴鹿市","town":"上箕田"}],"0055":[{"pref":"三重県","city":"鈴鹿市","town":"上箕田町"}],"0801":[{"pref":"三重県","city":"鈴鹿市","town":"神戸"},{"pref":"三重県","city":"鈴鹿市","town":"神戸本多町"}],"0813":[{"pref":"三重県","city":"鈴鹿市","town":"北玉垣町"}],"0049":[{"pref":"三重県","city":"鈴鹿市","town":"北長太町"}],"0045":[{"pref":"三重県","city":"鈴鹿市","town":"北堀江"}],"0044":[{"pref":"三重県","city":"鈴鹿市","town":"北堀江町"}],"0015":[{"pref":"三重県","city":"鈴鹿市","town":"木田町"}],"0005":[{"pref":"三重県","city":"鈴鹿市","town":"汲川原町"}],"0023":[{"pref":"三重県","city":"鈴鹿市","town":"河田町"}],"0836":[{"pref":"三重県","city":"鈴鹿市","town":"国府町"}],"0013":[{"pref":"三重県","city":"鈴鹿市","town":"国分町"}],"0817":[{"pref":"三重県","city":"鈴鹿市","town":"桜島町"}],"0806":[{"pref":"三重県","city":"鈴鹿市","town":"算所"}],"0805":[{"pref":"三重県","city":"鈴鹿市","town":"算所町"}],"0821":[{"pref":"三重県","city":"鈴鹿市","town":"地子町"}],"0052":[{"pref":"三重県","city":"鈴鹿市","town":"下箕田"}],"0051":[{"pref":"三重県","city":"鈴鹿市","town":"下箕田町"}],"0833":[{"pref":"三重県","city":"鈴鹿市","town":"庄野共進"}],"0834":[{"pref":"三重県","city":"鈴鹿市","town":"庄野羽山"}],"0832":[{"pref":"三重県","city":"鈴鹿市","town":"庄野東"}],"0831":[{"pref":"三重県","city":"鈴鹿市","town":"庄野町"}],"0854":[{"pref":"三重県","city":"鈴鹿市","town":"末広北"}],"0822":[{"pref":"三重県","city":"鈴鹿市","town":"末広町"}],"0852":[{"pref":"三重県","city":"鈴鹿市","town":"末広西"}],"0851":[{"pref":"三重県","city":"鈴鹿市","town":"末広東"}],"0853":[{"pref":"三重県","city":"鈴鹿市","town":"末広南"}],"0034":[{"pref":"三重県","city":"鈴鹿市","town":"須賀"}],"0033":[{"pref":"三重県","city":"鈴鹿市","town":"須賀町"}],"0826":[{"pref":"三重県","city":"鈴鹿市","town":"住吉"}],"0825":[{"pref":"三重県","city":"鈴鹿市","town":"住吉町"}],"0019":[{"pref":"三重県","city":"鈴鹿市","town":"高岡台"}],"0014":[{"pref":"三重県","city":"鈴鹿市","town":"高岡町"}],"0011":[{"pref":"三重県","city":"鈴鹿市","town":"高塚町"}],"0025":[{"pref":"三重県","city":"鈴鹿市","town":"竹野"}],"0026":[{"pref":"三重県","city":"鈴鹿市","town":"竹野町"}],"0002":[{"pref":"三重県","city":"鈴鹿市","town":"津賀町"}],"0823":[{"pref":"三重県","city":"鈴鹿市","town":"道伯"}],"0824":[{"pref":"三重県","city":"鈴鹿市","town":"道伯町"}],"0037":[{"pref":"三重県","city":"鈴鹿市","town":"十宮"}],"0038":[{"pref":"三重県","city":"鈴鹿市","town":"十宮町"}],"0009":[{"pref":"三重県","city":"鈴鹿市","town":"中冨田町"}],"0054":[{"pref":"三重県","city":"鈴鹿市","town":"中箕田"}],"0053":[{"pref":"三重県","city":"鈴鹿市","town":"中箕田町"}],"0042":[{"pref":"三重県","city":"鈴鹿市","town":"長太旭町"}],"0043":[{"pref":"三重県","city":"鈴鹿市","town":"長太栄町"}],"0041":[{"pref":"三重県","city":"鈴鹿市","town":"長太新町"}],"0809":[{"pref":"三重県","city":"鈴鹿市","town":"西条"}],"0808":[{"pref":"三重県","city":"鈴鹿市","town":"西條町"}],"0815":[{"pref":"三重県","city":"鈴鹿市","town":"西玉垣町"}],"0008":[{"pref":"三重県","city":"鈴鹿市","town":"西冨田町"}],"0024":[{"pref":"三重県","city":"鈴鹿市","town":"野辺"}],"0022":[{"pref":"三重県","city":"鈴鹿市","town":"野辺町"}],"0812":[{"pref":"三重県","city":"鈴鹿市","town":"土師町"}],"0837":[{"pref":"三重県","city":"鈴鹿市","town":"八野町"}],"0058":[{"pref":"三重県","city":"鈴鹿市","town":"林崎"}],"0059":[{"pref":"三重県","city":"鈴鹿市","town":"林崎町"}],"0814":[{"pref":"三重県","city":"鈴鹿市","town":"東玉垣町"}],"0819":[{"pref":"三重県","city":"鈴鹿市","town":"肥田町"}],"0844":[{"pref":"三重県","city":"鈴鹿市","town":"平田"}],"0845":[{"pref":"三重県","city":"鈴鹿市","town":"平田新町"}],"0847":[{"pref":"三重県","city":"鈴鹿市","town":"平田町"}],"0846":[{"pref":"三重県","city":"鈴鹿市","town":"平田中町"}],"0843":[{"pref":"三重県","city":"鈴鹿市","town":"平田東町"}],"0848":[{"pref":"三重県","city":"鈴鹿市","town":"平田本町"}],"0835":[{"pref":"三重県","city":"鈴鹿市","town":"平野町"}],"0001":[{"pref":"三重県","city":"鈴鹿市","town":"広瀬町"}],"0807":[{"pref":"三重県","city":"鈴鹿市","town":"三日市"}],"0803":[{"pref":"三重県","city":"鈴鹿市","town":"三日市町"}],"0804":[{"pref":"三重県","city":"鈴鹿市","town":"三日市南"}],"0816":[{"pref":"三重県","city":"鈴鹿市","town":"南玉垣町"}],"0048":[{"pref":"三重県","city":"鈴鹿市","town":"南長太町"}],"0057":[{"pref":"三重県","city":"鈴鹿市","town":"南林崎町"}],"0046":[{"pref":"三重県","city":"鈴鹿市","town":"南堀江"}],"0047":[{"pref":"三重県","city":"鈴鹿市","town":"南堀江町"}],"0818":[{"pref":"三重県","city":"鈴鹿市","town":"安塚町"}],"0811":[{"pref":"三重県","city":"鈴鹿市","town":"柳町"}],"0036":[{"pref":"三重県","city":"鈴鹿市","town":"矢橋"}],"0035":[{"pref":"三重県","city":"鈴鹿市","town":"矢橋町"}],"0016":[{"pref":"三重県","city":"鈴鹿市","town":"山辺町"}],"0842":[{"pref":"三重県","city":"鈴鹿市","town":"弓削"}],"0841":[{"pref":"三重県","city":"鈴鹿市","town":"弓削町"}]}