{"1201":[{"pref":"青森県","city":"弘前市","town":"十腰内"}],"1202":[{"pref":"青森県","city":"弘前市","town":"十面沢"}],"1203":[{"pref":"青森県","city":"弘前市","town":"大森"}],"1204":[{"pref":"青森県","city":"弘前市","town":"貝沢"}],"1205":[{"pref":"青森県","city":"弘前市","town":"鬼沢"}],"1206":[{"pref":"青森県","city":"弘前市","town":"楢木"}],"1301":[{"pref":"青森県","city":"弘前市","town":"鼻和"}],"1302":[{"pref":"青森県","city":"弘前市","town":"愛宕"}],"1303":[{"pref":"青森県","city":"弘前市","town":"葛原"}],"1304":[{"pref":"青森県","city":"弘前市","town":"新岡"}],"1311":[{"pref":"青森県","city":"弘前市","town":"横町"}],"1312":[{"pref":"青森県","city":"弘前市","town":"高屋"}],"1313":[{"pref":"青森県","city":"弘前市","town":"賀田"}],"1314":[{"pref":"青森県","city":"弘前市","town":"八幡"}],"1321":[{"pref":"青森県","city":"弘前市","town":"熊嶋"}],"1322":[{"pref":"青森県","city":"弘前市","town":"駒越"}],"1323":[{"pref":"青森県","city":"弘前市","town":"真土"}],"1324":[{"pref":"青森県","city":"弘前市","town":"龍ノ口"}],"1325":[{"pref":"青森県","city":"弘前市","town":"一町田"}],"1331":[{"pref":"青森県","city":"弘前市","town":"五代"}],"1332":[{"pref":"青森県","city":"弘前市","town":"兼平"}],"1333":[{"pref":"青森県","city":"弘前市","town":"鳥井野"}],"1334":[{"pref":"青森県","city":"弘前市","town":"如来瀬"}],"1341":[{"pref":"青森県","city":"弘前市","town":"宮地"}],"1342":[{"pref":"青森県","city":"弘前市","town":"新法師"}],"1343":[{"pref":"青森県","city":"弘前市","town":"百沢"}],"1344":[{"pref":"青森県","city":"弘前市","town":"高岡"}],"1345":[{"pref":"青森県","city":"弘前市","town":"常盤野"}],"1361":[{"pref":"青森県","city":"弘前市","town":"弥生"}],"1400":[{"pref":"青森県","city":"中津軽郡西目屋村","town":"以下に掲載がない場合"}],"1411":[{"pref":"青森県","city":"中津軽郡西目屋村","town":"田代"}],"1412":[{"pref":"青森県","city":"中津軽郡西目屋村","town":"杉ケ沢"}],"1413":[{"pref":"青森県","city":"中津軽郡西目屋村","town":"大秋"}],"1414":[{"pref":"青森県","city":"中津軽郡西目屋村","town":"白沢"}],"1415":[{"pref":"青森県","city":"中津軽郡西目屋村","town":"村市"}],"1421":[{"pref":"青森県","city":"中津軽郡西目屋村","town":"藤川"}],"1422":[{"pref":"青森県","city":"中津軽郡西目屋村","town":"居森平"}],"1423":[{"pref":"青森県","city":"中津軽郡西目屋村","town":"砂子瀬"}],"1424":[{"pref":"青森県","city":"中津軽郡西目屋村","town":"川原平"}],"1431":[{"pref":"青森県","city":"弘前市","town":"高野"}],"1432":[{"pref":"青森県","city":"弘前市","town":"館後"}],"1433":[{"pref":"青森県","city":"弘前市","town":"国吉"}],"1434":[{"pref":"青森県","city":"弘前市","town":"黒土"}],"1435":[{"pref":"青森県","city":"弘前市","town":"吉川"}],"1441":[{"pref":"青森県","city":"弘前市","town":"桜庭"}],"1442":[{"pref":"青森県","city":"弘前市","town":"平山"}],"1443":[{"pref":"青森県","city":"弘前市","town":"米ケ袋"}],"1451":[{"pref":"青森県","city":"弘前市","town":"中野（その他）"}],"1452":[{"pref":"青森県","city":"弘前市","town":"中畑"}],"1453":[{"pref":"青森県","city":"弘前市","town":"番館"}],"1501":[{"pref":"青森県","city":"弘前市","town":"湯口"}],"1502":[{"pref":"青森県","city":"弘前市","town":"黒滝"}],"1503":[{"pref":"青森県","city":"弘前市","town":"五所"}],"1504":[{"pref":"青森県","city":"弘前市","town":"紙漉沢"}],"1505":[{"pref":"青森県","city":"弘前市","town":"水木在家"}],"1506":[{"pref":"青森県","city":"弘前市","town":"昴"}],"1511":[{"pref":"青森県","city":"弘前市","town":"坂市"}],"1512":[{"pref":"青森県","city":"弘前市","town":"藤沢"}],"1513":[{"pref":"青森県","city":"弘前市","town":"大助"}],"1514":[{"pref":"青森県","city":"弘前市","town":"沢田"}],"1515":[{"pref":"青森県","city":"弘前市","town":"相馬"}],"1516":[{"pref":"青森県","city":"弘前市","town":"藍内"}],"8001":[{"pref":"青森県","city":"弘前市","town":"代官町"}],"8002":[{"pref":"青森県","city":"弘前市","town":"駅前"}],"8003":[{"pref":"青森県","city":"弘前市","town":"駅前町"}],"8004":[{"pref":"青森県","city":"弘前市","town":"大町"}],"8005":[{"pref":"青森県","city":"弘前市","town":"楮町"}],"8006":[{"pref":"青森県","city":"弘前市","town":"南大町"}],"8011":[{"pref":"青森県","city":"弘前市","town":"山下町"}],"8012":[{"pref":"青森県","city":"弘前市","town":"北瓦ケ町"}],"8013":[{"pref":"青森県","city":"弘前市","town":"上瓦ケ町"}],"8014":[{"pref":"青森県","city":"弘前市","town":"南瓦ケ町"}],"8015":[{"pref":"青森県","city":"弘前市","town":"中瓦ケ町"}],"8016":[{"pref":"青森県","city":"弘前市","town":"坂本町"}],"8017":[{"pref":"青森県","city":"弘前市","town":"西川岸町"}],"8018":[{"pref":"青森県","city":"弘前市","town":"田代町"}],"8021":[{"pref":"青森県","city":"弘前市","town":"和徳町"}],"8022":[{"pref":"青森県","city":"弘前市","town":"萱町"}],"8023":[{"pref":"青森県","city":"弘前市","town":"植田町"}],"8024":[{"pref":"青森県","city":"弘前市","town":"緑町"}],"8025":[{"pref":"青森県","city":"弘前市","town":"南柳町"}],"8026":[{"pref":"青森県","city":"弘前市","town":"南横町"}],"8031":[{"pref":"青森県","city":"弘前市","town":"北柳町"}],"8032":[{"pref":"青森県","city":"弘前市","town":"徳田町"}],"8033":[{"pref":"青森県","city":"弘前市","town":"徒町川端町"}],"8034":[{"pref":"青森県","city":"弘前市","town":"徒町"}],"8035":[{"pref":"青森県","city":"弘前市","town":"百石町"}],"8036":[{"pref":"青森県","city":"弘前市","town":"鉄砲町"}],"8041":[{"pref":"青森県","city":"弘前市","town":"俵元"}],"8042":[{"pref":"青森県","city":"弘前市","town":"松ケ枝"}],"8043":[{"pref":"青森県","city":"弘前市","town":"東和徳町"}],"8044":[{"pref":"青森県","city":"弘前市","town":"茶畑町"}],"8045":[{"pref":"青森県","city":"弘前市","town":"野田"}],"8046":[{"pref":"青森県","city":"弘前市","town":"北横町"}],"8051":[{"pref":"青森県","city":"弘前市","town":"宮川"}],"8052":[{"pref":"青森県","city":"弘前市","town":"堅田"}],"8053":[{"pref":"青森県","city":"弘前市","town":"和泉"}],"8054":[{"pref":"青森県","city":"弘前市","town":"田町"}],"8055":[{"pref":"青森県","city":"弘前市","town":"田茂木町"}],"8056":[{"pref":"青森県","city":"弘前市","town":"禰宜町"}],"8057":[{"pref":"青森県","city":"弘前市","town":"八幡町"}],"8061":[{"pref":"青森県","city":"弘前市","town":"神田"}],"8062":[{"pref":"青森県","city":"弘前市","town":"青山"}],"8063":[{"pref":"青森県","city":"弘前市","town":"宮園"}],"8064":[{"pref":"青森県","city":"弘前市","town":"東城北"}],"8065":[{"pref":"青森県","city":"弘前市","town":"西城北"}],"8066":[{"pref":"青森県","city":"弘前市","town":"向外瀬"}],"8071":[{"pref":"青森県","city":"弘前市","town":"大久保"}],"8072":[{"pref":"青森県","city":"弘前市","town":"清野袋"}],"8073":[{"pref":"青森県","city":"弘前市","town":"岩賀"}],"8074":[{"pref":"青森県","city":"弘前市","town":"津賀野（瀬ノ上）"}],"8075":[{"pref":"青森県","city":"弘前市","town":"撫牛子"}],"8076":[{"pref":"青森県","city":"弘前市","town":"境関"}],"8081":[{"pref":"青森県","city":"弘前市","town":"福田"}],"8082":[{"pref":"青森県","city":"弘前市","town":"福村"}],"8083":[{"pref":"青森県","city":"弘前市","town":"新里"}],"8084":[{"pref":"青森県","city":"弘前市","town":"高田"}],"8085":[{"pref":"青森県","city":"弘前市","town":"末広"}],"8086":[{"pref":"青森県","city":"弘前市","town":"田園"}],"8087":[{"pref":"青森県","city":"弘前市","town":"早稲田"}],"8091":[{"pref":"青森県","city":"弘前市","town":"高崎"}],"8092":[{"pref":"青森県","city":"弘前市","town":"城東北"}],"8093":[{"pref":"青森県","city":"弘前市","town":"城東中央"}],"8094":[{"pref":"青森県","city":"弘前市","town":"外崎"}],"8095":[{"pref":"青森県","city":"弘前市","town":"城東"}],"8096":[{"pref":"青森県","city":"弘前市","town":"表町"}],"8097":[{"pref":"青森県","city":"弘前市","town":"稲田"}],"8101":[{"pref":"青森県","city":"弘前市","town":"豊田"}],"8102":[{"pref":"青森県","city":"弘前市","town":"小比内"}],"8103":[{"pref":"青森県","city":"弘前市","town":"川先"}],"8104":[{"pref":"青森県","city":"弘前市","town":"扇町"}],"8111":[{"pref":"青森県","city":"弘前市","town":"門外"}],"8112":[{"pref":"青森県","city":"弘前市","town":"堀越"}],"8113":[{"pref":"青森県","city":"弘前市","town":"清水森"}],"8114":[{"pref":"青森県","city":"弘前市","town":"川合"}],"8115":[{"pref":"青森県","city":"弘前市","town":"広野"}],"8121":[{"pref":"青森県","city":"弘前市","town":"薬師堂"}],"8122":[{"pref":"青森県","city":"弘前市","town":"乳井"}],"8123":[{"pref":"青森県","city":"弘前市","town":"小金崎"}],"8124":[{"pref":"青森県","city":"弘前市","town":"石川"}],"8125":[{"pref":"青森県","city":"弘前市","town":"大沢"}],"8126":[{"pref":"青森県","city":"弘前市","town":"松木平"}],"8127":[{"pref":"青森県","city":"弘前市","town":"小栗山"}],"8131":[{"pref":"青森県","city":"弘前市","town":"千年"}],"8132":[{"pref":"青森県","city":"弘前市","town":"狼森"}],"8133":[{"pref":"青森県","city":"弘前市","town":"大和沢"}],"8134":[{"pref":"青森県","city":"弘前市","town":"一野渡"}],"8141":[{"pref":"青森県","city":"弘前市","town":"松原東"}],"8142":[{"pref":"青森県","city":"弘前市","town":"松原西"}],"8143":[{"pref":"青森県","city":"弘前市","town":"富士見台"}],"8144":[{"pref":"青森県","city":"弘前市","town":"原ケ平"}],"8151":[{"pref":"青森県","city":"弘前市","town":"北園"}],"8152":[{"pref":"青森県","city":"弘前市","town":"学園町"}],"8153":[{"pref":"青森県","city":"弘前市","town":"三岳町"}],"8154":[{"pref":"青森県","city":"弘前市","town":"豊原"}],"8155":[{"pref":"青森県","city":"弘前市","town":"中野（丁目）"}],"8161":[{"pref":"青森県","city":"弘前市","town":"大清水"}],"8162":[{"pref":"青森県","city":"弘前市","town":"安原"}],"8163":[{"pref":"青森県","city":"弘前市","town":"清原"}],"8164":[{"pref":"青森県","city":"弘前市","town":"泉野"}],"8171":[{"pref":"青森県","city":"弘前市","town":"取上"}],"8172":[{"pref":"青森県","city":"弘前市","town":"南富田町"}],"8173":[{"pref":"青森県","city":"弘前市","town":"富田町"}],"8174":[{"pref":"青森県","city":"弘前市","town":"富野町"}],"8175":[{"pref":"青森県","city":"弘前市","town":"大富町"}],"8181":[{"pref":"青森県","city":"弘前市","town":"山道町"}],"8182":[{"pref":"青森県","city":"弘前市","town":"土手町"}],"8183":[{"pref":"青森県","city":"弘前市","town":"品川町"}],"8184":[{"pref":"青森県","city":"弘前市","town":"松森町"}],"8185":[{"pref":"青森県","city":"弘前市","town":"御幸町"}],"8186":[{"pref":"青森県","city":"弘前市","town":"富田"}],"8187":[{"pref":"青森県","city":"弘前市","town":"住吉町"}],"8188":[{"pref":"青森県","city":"弘前市","town":"吉野町"}],"8191":[{"pref":"青森県","city":"弘前市","town":"親方町"}],"8192":[{"pref":"青森県","city":"弘前市","town":"鍛冶町"}],"8193":[{"pref":"青森県","city":"弘前市","town":"新鍛冶町"}],"8194":[{"pref":"青森県","city":"弘前市","town":"北川端町"}],"8195":[{"pref":"青森県","city":"弘前市","town":"南川端町"}],"8196":[{"pref":"青森県","city":"弘前市","town":"銅屋町"}],"8197":[{"pref":"青森県","city":"弘前市","town":"桶屋町"}],"8198":[{"pref":"青森県","city":"弘前市","town":"元長町"}],"8201":[{"pref":"青森県","city":"弘前市","town":"一番町"}],"8202":[{"pref":"青森県","city":"弘前市","town":"元大工町"}],"8203":[{"pref":"青森県","city":"弘前市","town":"本町"}],"8204":[{"pref":"青森県","city":"弘前市","town":"覚仙町"}],"8205":[{"pref":"青森県","city":"弘前市","town":"森町"}],"8206":[{"pref":"青森県","city":"弘前市","town":"塩分町"}],"8207":[{"pref":"青森県","city":"弘前市","town":"上白銀町"}],"8211":[{"pref":"青森県","city":"弘前市","town":"相良町"}],"8212":[{"pref":"青森県","city":"弘前市","town":"南塘町"}],"8213":[{"pref":"青森県","city":"弘前市","town":"北新寺町"}],"8214":[{"pref":"青森県","city":"弘前市","town":"新寺町"}],"8215":[{"pref":"青森県","city":"弘前市","town":"新寺町新割町"}],"8216":[{"pref":"青森県","city":"弘前市","town":"在府町"}],"8217":[{"pref":"青森県","city":"弘前市","town":"茂森町"}],"8221":[{"pref":"青森県","city":"弘前市","town":"紙漉町"}],"8222":[{"pref":"青森県","city":"弘前市","town":"桜林町"}],"8223":[{"pref":"青森県","city":"弘前市","town":"富士見町"}],"8224":[{"pref":"青森県","city":"弘前市","town":"文京町"}],"8225":[{"pref":"青森県","city":"弘前市","town":"西ケ丘町"}],"8226":[{"pref":"青森県","city":"弘前市","town":"寒沢町"}],"8227":[{"pref":"青森県","city":"弘前市","town":"桔梗野"}],"8228":[{"pref":"青森県","city":"弘前市","town":"樹木"}],"8231":[{"pref":"青森県","city":"弘前市","town":"稔町"}],"8232":[{"pref":"青森県","city":"弘前市","town":"城南"}],"8233":[{"pref":"青森県","city":"弘前市","town":"山崎"}],"8234":[{"pref":"青森県","city":"弘前市","town":"館野"}],"8241":[{"pref":"青森県","city":"弘前市","town":"桜ケ丘"}],"8242":[{"pref":"青森県","city":"弘前市","town":"大原"}],"8243":[{"pref":"青森県","city":"弘前市","town":"小沢"}],"8244":[{"pref":"青森県","city":"弘前市","town":"坂元"}],"8245":[{"pref":"青森県","city":"弘前市","town":"金属町"}],"8246":[{"pref":"青森県","city":"弘前市","town":"青樹町"}],"8247":[{"pref":"青森県","city":"弘前市","town":"大開"}],"8251":[{"pref":"青森県","city":"弘前市","town":"清富町"}],"8252":[{"pref":"青森県","city":"弘前市","town":"旭ケ丘"}],"8253":[{"pref":"青森県","city":"弘前市","town":"緑ケ丘"}],"8254":[{"pref":"青森県","city":"弘前市","town":"清水"}],"8255":[{"pref":"青森県","city":"弘前市","town":"若葉"}],"8261":[{"pref":"青森県","city":"弘前市","town":"茂森新町"}],"8262":[{"pref":"青森県","city":"弘前市","town":"清水富田"}],"8263":[{"pref":"青森県","city":"弘前市","town":"常盤坂"}],"8264":[{"pref":"青森県","city":"弘前市","town":"悪戸"}],"8265":[{"pref":"青森県","city":"弘前市","town":"下湯口"}],"8266":[{"pref":"青森県","city":"弘前市","town":"自由ケ丘"}],"8271":[{"pref":"青森県","city":"弘前市","town":"鷹匠町"}],"8272":[{"pref":"青森県","city":"弘前市","town":"南袋町"}],"8273":[{"pref":"青森県","city":"弘前市","town":"西茂森"}],"8274":[{"pref":"青森県","city":"弘前市","town":"南城西"}],"8275":[{"pref":"青森県","city":"弘前市","town":"城西"}],"8276":[{"pref":"青森県","city":"弘前市","town":"樋の口町"}],"8277":[{"pref":"青森県","city":"弘前市","town":"河原町"}],"8278":[{"pref":"青森県","city":"弘前市","town":"樋の口"}],"8279":[{"pref":"青森県","city":"弘前市","town":"茜町"}],"8301":[{"pref":"青森県","city":"弘前市","town":"糠坪"}],"8302":[{"pref":"青森県","city":"弘前市","town":"高杉"}],"8303":[{"pref":"青森県","city":"弘前市","town":"前坂"}],"8311":[{"pref":"青森県","city":"弘前市","town":"大川"}],"8312":[{"pref":"青森県","city":"弘前市","town":"三世寺"}],"8313":[{"pref":"青森県","city":"弘前市","town":"中崎"}],"8314":[{"pref":"青森県","city":"弘前市","town":"町田"}],"8315":[{"pref":"青森県","city":"弘前市","town":"船水"}],"8316":[{"pref":"青森県","city":"弘前市","town":"石渡"}],"8317":[{"pref":"青森県","city":"弘前市","town":"外瀬"}],"8318":[{"pref":"青森県","city":"弘前市","town":"八代町"}],"8319":[{"pref":"青森県","city":"弘前市","town":"藤内町"}],"8321":[{"pref":"青森県","city":"弘前市","town":"萢中"}],"8323":[{"pref":"青森県","city":"弘前市","town":"浜の町東"}],"8324":[{"pref":"青森県","city":"弘前市","town":"浜の町西"}],"8325":[{"pref":"青森県","city":"弘前市","town":"浜の町北"}],"8326":[{"pref":"青森県","city":"弘前市","town":"藤野"}],"8331":[{"pref":"青森県","city":"弘前市","town":"小人町"}],"8332":[{"pref":"青森県","city":"弘前市","town":"亀甲町"}],"8333":[{"pref":"青森県","city":"弘前市","town":"若党町"}],"8334":[{"pref":"青森県","city":"弘前市","town":"馬喰町"}],"8335":[{"pref":"青森県","city":"弘前市","town":"春日町"}],"8336":[{"pref":"青森県","city":"弘前市","town":"栄町"}],"8341":[{"pref":"青森県","city":"弘前市","town":"山王町"}],"8342":[{"pref":"青森県","city":"弘前市","town":"笹森町"}],"8343":[{"pref":"青森県","city":"弘前市","town":"東長町"}],"8344":[{"pref":"青森県","city":"弘前市","town":"長坂町"}],"8345":[{"pref":"青森県","city":"弘前市","town":"蔵主町"}],"8346":[{"pref":"青森県","city":"弘前市","town":"大浦町"}],"8351":[{"pref":"青森県","city":"弘前市","town":"百石町小路"}],"8352":[{"pref":"青森県","city":"弘前市","town":"元寺町小路"}],"8353":[{"pref":"青森県","city":"弘前市","town":"下鞘師町"}],"8354":[{"pref":"青森県","city":"弘前市","town":"上鞘師町"}],"8355":[{"pref":"青森県","city":"弘前市","town":"元寺町"}],"8356":[{"pref":"青森県","city":"弘前市","town":"下白銀町"}],"8357":[{"pref":"青森県","city":"弘前市","town":"馬屋町"}],"8361":[{"pref":"青森県","city":"弘前市","town":"紺屋町"}],"8362":[{"pref":"青森県","city":"弘前市","town":"五十石町"}],"8363":[{"pref":"青森県","city":"弘前市","town":"袋町"}],"8364":[{"pref":"青森県","city":"弘前市","town":"新町"}],"8365":[{"pref":"青森県","city":"弘前市","town":"西大工町"}],"8366":[{"pref":"青森県","city":"弘前市","town":"駒越町"}],"8367":[{"pref":"青森県","city":"弘前市","town":"平岡町"}],"8368":[{"pref":"青森県","city":"弘前市","town":"和田町"}],"8371":[{"pref":"青森県","city":"弘前市","town":"蒔苗"}],"8372":[{"pref":"青森県","city":"弘前市","town":"元薬師堂"}],"8373":[{"pref":"青森県","city":"弘前市","town":"藤代"}],"8374":[{"pref":"青森県","city":"弘前市","town":"土堂"}],"8375":[{"pref":"青森県","city":"弘前市","town":"細越"}],"8381":[{"pref":"青森県","city":"弘前市","town":"独狐"}],"8382":[{"pref":"青森県","city":"弘前市","town":"富栄"}],"8383":[{"pref":"青森県","city":"弘前市","town":"折笠"}],"8384":[{"pref":"青森県","city":"弘前市","town":"宮舘"}],"8385":[{"pref":"青森県","city":"弘前市","town":"中別所"}],"0000":[{"pref":"青森県","city":"弘前市","town":"以下に掲載がない場合"}],"0300":[{"pref":"青森県","city":"黒石市","town":"以下に掲載がない場合"}],"0516":[{"pref":"青森県","city":"黒石市","town":"相野"}],"0325":[{"pref":"青森県","city":"黒石市","town":"青山"}],"0537":[{"pref":"青森県","city":"黒石市","town":"赤坂"}],"0321":[{"pref":"青森県","city":"黒石市","town":"あけぼの町"}],"0376":[{"pref":"青森県","city":"黒石市","town":"旭町"}],"0373":[{"pref":"青森県","city":"黒石市","town":"東町"}],"0343":[{"pref":"青森県","city":"黒石市","town":"浅瀬石"}],"0302":[{"pref":"青森県","city":"黒石市","town":"油横丁"}],"0342":[{"pref":"青森県","city":"黒石市","town":"石名坂"}],"0374":[{"pref":"青森県","city":"黒石市","town":"泉町"}],"0404":[{"pref":"青森県","city":"黒石市","town":"板留"}],"0307":[{"pref":"青森県","city":"黒石市","town":"市ノ町"}],"0301":[{"pref":"青森県","city":"黒石市","town":"一番町"}],"0318":[{"pref":"青森県","city":"黒石市","town":"岩木町"}],"0354":[{"pref":"青森県","city":"黒石市","town":"後大工町"}],"0306":[{"pref":"青森県","city":"黒石市","town":"内町"}],"0366":[{"pref":"青森県","city":"黒石市","town":"浦町"}],"0385":[{"pref":"青森県","city":"黒石市","town":"大板町"}],"0401":[{"pref":"青森県","city":"黒石市","town":"大川原"}],"0384":[{"pref":"青森県","city":"黒石市","town":"大町"}],"0402":[{"pref":"青森県","city":"黒石市","town":"沖浦"}],"0357":[{"pref":"青森県","city":"黒石市","town":"追子野木"}],"0353":[{"pref":"青森県","city":"黒石市","town":"乙大工町"}],"0305":[{"pref":"青森県","city":"黒石市","town":"乙徳兵衛町"}],"0337":[{"pref":"青森県","city":"黒石市","town":"角田"}],"0363":[{"pref":"青森県","city":"黒石市","town":"鍛治町"}],"0338":[{"pref":"青森県","city":"黒石市","town":"春日町"}],"0323":[{"pref":"青森県","city":"黒石市","town":"上十川"}],"0538":[{"pref":"青森県","city":"黒石市","town":"上目内澤"}],"0415":[{"pref":"青森県","city":"黒石市","town":"上山形"}],"0386":[{"pref":"青森県","city":"黒石市","town":"上町"}],"0523":[{"pref":"青森県","city":"黒石市","town":"北田中"}],"0541":[{"pref":"青森県","city":"黒石市","town":"北美町"}],"0362":[{"pref":"青森県","city":"黒石市","town":"京町"}],"0316":[{"pref":"青森県","city":"黒石市","town":"ぐみの木"}],"0381":[{"pref":"青森県","city":"黒石市","town":"株梗木"}],"0303":[{"pref":"青森県","city":"黒石市","town":"株梗木横丁"}],"0351":[{"pref":"青森県","city":"黒石市","town":"黒石"}],"0352":[{"pref":"青森県","city":"黒石市","town":"甲大工町"}],"0304":[{"pref":"青森県","city":"黒石市","town":"甲徳兵衛町"}],"0344":[{"pref":"青森県","city":"黒石市","town":"高賀野"}],"0315":[{"pref":"青森県","city":"黒石市","town":"寿町"}],"0511":[{"pref":"青森県","city":"黒石市","town":"小屋敷"}],"0513":[{"pref":"青森県","city":"黒石市","town":"小屋敷西"}],"0512":[{"pref":"青森県","city":"黒石市","town":"小屋敷南"}],"0335":[{"pref":"青森県","city":"黒石市","town":"幸町"}],"0389":[{"pref":"青森県","city":"黒石市","town":"境松"}],"0333":[{"pref":"青森県","city":"黒石市","town":"柵ノ木"}],"0382":[{"pref":"青森県","city":"黒石市","town":"作場町"}],"0336":[{"pref":"青森県","city":"黒石市","town":"桜木町"}],"0539":[{"pref":"青森県","city":"黒石市","town":"下目内澤"}],"0414":[{"pref":"青森県","city":"黒石市","town":"下山形"}],"0312":[{"pref":"青森県","city":"黒石市","town":"昭和町"}],"0521":[{"pref":"青森県","city":"黒石市","town":"末広"}],"0317":[{"pref":"青森県","city":"黒石市","town":"住吉町"}],"0535":[{"pref":"青森県","city":"黒石市","town":"高舘"}],"0322":[{"pref":"青森県","city":"黒石市","town":"竹田町"}],"0534":[{"pref":"青森県","city":"黒石市","town":"竹鼻"}],"0522":[{"pref":"青森県","city":"黒石市","town":"田中"}],"0356":[{"pref":"青森県","city":"黒石市","town":"ちとせ"}],"0308":[{"pref":"青森県","city":"黒石市","town":"寺小路"}],"0531":[{"pref":"青森県","city":"黒石市","town":"飛内"}],"0532":[{"pref":"青森県","city":"黒石市","town":"飛内北"}],"0514":[{"pref":"青森県","city":"黒石市","town":"富田"}],"0341":[{"pref":"青森県","city":"黒石市","town":"豊岡"}],"0345":[{"pref":"青森県","city":"黒石市","town":"中川"}],"0377":[{"pref":"青森県","city":"黒石市","town":"中町"}],"0365":[{"pref":"青森県","city":"黒石市","town":"長崎"}],"0388":[{"pref":"青森県","city":"黒石市","town":"西ケ丘"}],"0372":[{"pref":"青森県","city":"黒石市","town":"錦町"}],"0507":[{"pref":"青森県","city":"黒石市","town":"西馬場尻"}],"0403":[{"pref":"青森県","city":"黒石市","town":"二庄内"}],"0533":[{"pref":"青森県","city":"黒石市","town":"二双子"}],"0411":[{"pref":"青森県","city":"黒石市","town":"温湯"}],"0542":[{"pref":"青森県","city":"黒石市","town":"野際"}],"0326":[{"pref":"青森県","city":"黒石市","town":"野添町"}],"0331":[{"pref":"青森県","city":"黒石市","town":"八甲"}],"0371":[{"pref":"青森県","city":"黒石市","town":"花園町"}],"0413":[{"pref":"青森県","city":"黒石市","town":"花巻"}],"0503":[{"pref":"青森県","city":"黒石市","town":"馬場尻下"}],"0504":[{"pref":"青森県","city":"黒石市","town":"馬場尻東"}],"0506":[{"pref":"青森県","city":"黒石市","town":"馬場尻西"}],"0505":[{"pref":"青森県","city":"黒石市","town":"馬場尻南"}],"0502":[{"pref":"青森県","city":"黒石市","town":"馬場尻北"}],"0378":[{"pref":"青森県","city":"黒石市","town":"浜町"}],"0334":[{"pref":"青森県","city":"黒石市","town":"東新町"}],"0324":[{"pref":"青森県","city":"黒石市","town":"東野添"}],"0501":[{"pref":"青森県","city":"黒石市","town":"東馬場尻"}],"0412":[{"pref":"青森県","city":"黒石市","town":"袋"}],"0355":[{"pref":"青森県","city":"黒石市","town":"袋井"}],"0515":[{"pref":"青森県","city":"黒石市","town":"富士見"}],"0332":[{"pref":"青森県","city":"黒石市","town":"牡丹平"}],"0367":[{"pref":"青森県","city":"黒石市","town":"前町"}],"0313":[{"pref":"青森県","city":"黒石市","town":"松葉町"}],"0517":[{"pref":"青森県","city":"黒石市","town":"松原"}],"0536":[{"pref":"青森県","city":"黒石市","town":"三島"}],"0314":[{"pref":"青森県","city":"黒石市","town":"道北町"}],"0524":[{"pref":"青森県","city":"黒石市","town":"緑ケ丘"}],"0383":[{"pref":"青森県","city":"黒石市","town":"緑町"}],"0405":[{"pref":"青森県","city":"黒石市","town":"南中野"}],"0339":[{"pref":"青森県","city":"黒石市","town":"美原町"}],"0387":[{"pref":"青森県","city":"黒石市","town":"元町"}],"0364":[{"pref":"青森県","city":"黒石市","town":"山形町"}],"0361":[{"pref":"青森県","city":"黒石市","town":"弥生町"}],"0368":[{"pref":"青森県","city":"黒石市","town":"横町"}],"0311":[{"pref":"青森県","city":"黒石市","town":"吉乃町"}],"0375":[{"pref":"青森県","city":"黒石市","town":"若葉町"}],"0100":[{"pref":"青森県","city":"平川市","town":"以下に掲載がない場合"}],"0112":[{"pref":"青森県","city":"平川市","town":"荒田上駒田"},{"pref":"青森県","city":"平川市","town":"荒田北稲村"},{"pref":"青森県","city":"平川市","town":"荒田北岡部"},{"pref":"青森県","city":"平川市","town":"荒田下駒田"},{"pref":"青森県","city":"平川市","town":"荒田南稲村"},{"pref":"青森県","city":"平川市","town":"荒田南岡部"}],"0121":[{"pref":"青森県","city":"平川市","town":"新屋稲村"},{"pref":"青森県","city":"平川市","town":"新屋長田"},{"pref":"青森県","city":"平川市","town":"新屋栄館"},{"pref":"青森県","city":"平川市","town":"新屋滝の沢"},{"pref":"青森県","city":"平川市","town":"新屋富山"},{"pref":"青森県","city":"平川市","town":"新屋平岡"},{"pref":"青森県","city":"平川市","town":"新屋平野"},{"pref":"青森県","city":"平川市","town":"新屋福嶋"},{"pref":"青森県","city":"平川市","town":"新屋山下"}],"0213":[{"pref":"青森県","city":"平川市","town":"新屋町上沢田"},{"pref":"青森県","city":"平川市","town":"新屋町北鶉野"},{"pref":"青森県","city":"平川市","town":"新屋町下沢田"},{"pref":"青森県","city":"平川市","town":"新屋町田川"},{"pref":"青森県","city":"平川市","town":"新屋町松居"},{"pref":"青森県","city":"平川市","town":"新屋町松下"},{"pref":"青森県","city":"平川市","town":"新屋町松久"},{"pref":"青森県","city":"平川市","town":"新屋町道ノ下"},{"pref":"青森県","city":"平川市","town":"新屋町南鶉野"},{"pref":"青森県","city":"平川市","town":"新屋町村元"}],"0151":[{"pref":"青森県","city":"平川市","town":"石郷沖中"},{"pref":"青森県","city":"平川市","town":"石郷村元"},{"pref":"青森県","city":"平川市","town":"石郷柳田"}],"0152":[{"pref":"青森県","city":"平川市","town":"石畑岡元"}],"0145":[{"pref":"青森県","city":"平川市","town":"岩館長田"},{"pref":"青森県","city":"平川市","town":"岩館下り松"},{"pref":"青森県","city":"平川市","town":"岩館藤巻"},{"pref":"青森県","city":"平川市","town":"岩館村元"},{"pref":"青森県","city":"平川市","town":"岩館山の井"}],"0141":[{"pref":"青森県","city":"平川市","town":"沖館長田"},{"pref":"青森県","city":"平川市","town":"沖館沢田"},{"pref":"青森県","city":"平川市","town":"沖館高田"},{"pref":"青森県","city":"平川市","town":"沖館永田"},{"pref":"青森県","city":"平川市","town":"沖館西田"},{"pref":"青森県","city":"平川市","town":"沖館比山館"},{"pref":"青森県","city":"平川市","town":"沖館宮崎"},{"pref":"青森県","city":"平川市","town":"沖館向野"},{"pref":"青森県","city":"平川市","town":"沖館和田"}],"0171":[{"pref":"青森県","city":"平川市","town":"小国浅瀬石山"},{"pref":"青森県","city":"平川市","town":"小国川辺"},{"pref":"青森県","city":"平川市","town":"小国川原田"},{"pref":"青森県","city":"平川市","town":"小国深沢"},{"pref":"青森県","city":"平川市","town":"小国山下"}],"0122":[{"pref":"青森県","city":"平川市","town":"尾崎浅井"},{"pref":"青森県","city":"平川市","town":"尾崎稲元"},{"pref":"青森県","city":"平川市","town":"尾崎岡田"},{"pref":"青森県","city":"平川市","town":"尾崎川合"},{"pref":"青森県","city":"平川市","town":"尾崎木戸口"},{"pref":"青森県","city":"平川市","town":"尾崎里見"},{"pref":"青森県","city":"平川市","town":"尾崎沢部"},{"pref":"青森県","city":"平川市","town":"尾崎平山"},{"pref":"青森県","city":"平川市","town":"尾崎安田"}],"0222":[{"pref":"青森県","city":"平川市","town":"長田沼田"},{"pref":"青森県","city":"平川市","town":"長田野田"},{"pref":"青森県","city":"平川市","town":"長田村下"},{"pref":"青森県","city":"平川市","town":"長田元村"}],"0212":[{"pref":"青森県","city":"平川市","town":"尾上栄松"}],"0104":[{"pref":"青森県","city":"平川市","town":"柏木町東田"},{"pref":"青森県","city":"平川市","town":"柏木町広田"},{"pref":"青森県","city":"平川市","town":"柏木町藤山"},{"pref":"青森県","city":"平川市","town":"柏木町柳田"}],"0202":[{"pref":"青森県","city":"平川市","town":"金屋上松元"},{"pref":"青森県","city":"平川市","town":"金屋上早稲田"},{"pref":"青森県","city":"平川市","town":"金屋下松元"},{"pref":"青森県","city":"平川市","town":"金屋下早稲田"},{"pref":"青森県","city":"平川市","town":"金屋中松元"},{"pref":"青森県","city":"平川市","town":"金屋中早稲田"},{"pref":"青森県","city":"平川市","town":"金屋西松元"}],"0232":[{"pref":"青森県","city":"平川市","town":"蒲田一本松"},{"pref":"青森県","city":"平川市","town":"蒲田玉田"},{"pref":"青森県","city":"平川市","town":"蒲田豊田"},{"pref":"青森県","city":"平川市","town":"蒲田豊富"},{"pref":"青森県","city":"平川市","town":"蒲田三原"},{"pref":"青森県","city":"平川市","town":"蒲田元宮"}],"0132":[{"pref":"青森県","city":"平川市","town":"唐竹芦毛沢"},{"pref":"青森県","city":"平川市","town":"唐竹阿蘇獄"},{"pref":"青森県","city":"平川市","town":"唐竹井沢"},{"pref":"青森県","city":"平川市","town":"唐竹苺原"},{"pref":"青森県","city":"平川市","town":"唐竹川原田"},{"pref":"青森県","city":"平川市","town":"唐竹小金森"},{"pref":"青森県","city":"平川市","town":"唐竹小松原"},{"pref":"青森県","city":"平川市","town":"唐竹高田"},{"pref":"青森県","city":"平川市","town":"唐竹平山"},{"pref":"青森県","city":"平川市","town":"唐竹堀合"},{"pref":"青森県","city":"平川市","town":"唐竹水上"},{"pref":"青森県","city":"平川市","town":"唐竹向川原田"},{"pref":"青森県","city":"平川市","town":"唐竹薬師沢"}],"0173":[{"pref":"青森県","city":"平川市","town":"切明浅瀬石山"},{"pref":"青森県","city":"平川市","town":"切明上井戸"},{"pref":"青森県","city":"平川市","town":"切明誉田邸"},{"pref":"青森県","city":"平川市","town":"切明坂本"},{"pref":"青森県","city":"平川市","town":"切明滝の森"},{"pref":"青森県","city":"平川市","town":"切明滝候沢"},{"pref":"青森県","city":"平川市","town":"切明津根川森"},{"pref":"青森県","city":"平川市","town":"切明温川沢"},{"pref":"青森県","city":"平川市","town":"切明温川森"},{"pref":"青森県","city":"平川市","town":"切明螢沢"},{"pref":"青森県","city":"平川市","town":"切明山下"}],"0172":[{"pref":"青森県","city":"平川市","town":"葛川浅瀬石山"},{"pref":"青森県","city":"平川市","town":"葛川一本木平"},{"pref":"青森県","city":"平川市","town":"葛川大川添"},{"pref":"青森県","city":"平川市","town":"葛川折戸"},{"pref":"青森県","city":"平川市","town":"葛川上の平"},{"pref":"青森県","city":"平川市","town":"葛川唐川平"},{"pref":"青森県","city":"平川市","town":"葛川葛川沢"},{"pref":"青森県","city":"平川市","town":"葛川葛川平"},{"pref":"青森県","city":"平川市","town":"葛川葛川出口"},{"pref":"青森県","city":"平川市","town":"葛川毛無森"},{"pref":"青森県","city":"平川市","town":"葛川砂子沢"},{"pref":"青森県","city":"平川市","town":"葛川田の沢口"},{"pref":"青森県","city":"平川市","town":"葛川長小股"},{"pref":"青森県","city":"平川市","town":"葛川平六沢上"},{"pref":"青森県","city":"平川市","town":"葛川平六村下"},{"pref":"青森県","city":"平川市","town":"葛川家岸"}],"0102":[{"pref":"青森県","city":"平川市","town":"光城"}],"0153":[{"pref":"青森県","city":"平川市","town":"小杉稲村"},{"pref":"青森県","city":"平川市","town":"小杉扇田"},{"pref":"青森県","city":"平川市","town":"小杉川崎"},{"pref":"青森県","city":"平川市","town":"小杉竹内"},{"pref":"青森県","city":"平川市","town":"小杉西田"}],"0111":[{"pref":"青森県","city":"平川市","town":"小和森上田川"},{"pref":"青森県","city":"平川市","town":"小和森上平田"},{"pref":"青森県","city":"平川市","town":"小和森上松岡"},{"pref":"青森県","city":"平川市","town":"小和森下田川"},{"pref":"青森県","city":"平川市","town":"小和森下平田"},{"pref":"青森県","city":"平川市","town":"小和森下松岡"},{"pref":"青森県","city":"平川市","town":"小和森種取"},{"pref":"青森県","city":"平川市","town":"小和森中松岡"},{"pref":"青森県","city":"平川市","town":"小和森福田"},{"pref":"青森県","city":"平川市","town":"小和森松川"},{"pref":"青森県","city":"平川市","town":"小和森松村"}],"0242":[{"pref":"青森県","city":"平川市","town":"猿賀浅井"},{"pref":"青森県","city":"平川市","town":"猿賀浅田"},{"pref":"青森県","city":"平川市","town":"猿賀池上"},{"pref":"青森県","city":"平川市","town":"猿賀池田"},{"pref":"青森県","city":"平川市","town":"猿賀石林"},{"pref":"青森県","city":"平川市","town":"猿賀上岡"},{"pref":"青森県","city":"平川市","town":"猿賀上川"},{"pref":"青森県","city":"平川市","town":"猿賀下岡"},{"pref":"青森県","city":"平川市","town":"猿賀下川"},{"pref":"青森県","city":"平川市","town":"猿賀下野"},{"pref":"青森県","city":"平川市","town":"猿賀遠林"},{"pref":"青森県","city":"平川市","town":"猿賀富岡"},{"pref":"青森県","city":"平川市","town":"猿賀平塚"},{"pref":"青森県","city":"平川市","town":"猿賀松枝"},{"pref":"青森県","city":"平川市","town":"猿賀南田"},{"pref":"青森県","city":"平川市","town":"猿賀南野"},{"pref":"青森県","city":"平川市","town":"猿賀明堂"},{"pref":"青森県","city":"平川市","town":"猿賀安岡"},{"pref":"青森県","city":"平川市","town":"猿賀安田"}],"0161":[{"pref":"青森県","city":"平川市","town":"杉館滝元"},{"pref":"青森県","city":"平川市","town":"杉館松橋"},{"pref":"青森県","city":"平川市","town":"杉館宮元"}],"0201":[{"pref":"青森県","city":"平川市","town":"李平上安原"},{"pref":"青森県","city":"平川市","town":"李平上山崎"},{"pref":"青森県","city":"平川市","town":"李平北豊田"},{"pref":"青森県","city":"平川市","town":"李平下安原"},{"pref":"青森県","city":"平川市","town":"李平西豊田"},{"pref":"青森県","city":"平川市","town":"李平西山崎"},{"pref":"青森県","city":"平川市","town":"李平西和田"},{"pref":"青森県","city":"平川市","town":"李平東豊田"},{"pref":"青森県","city":"平川市","town":"李平東和田"},{"pref":"青森県","city":"平川市","town":"李平南豊田"}],"0101":[{"pref":"青森県","city":"平川市","town":"大光寺一滝本"},{"pref":"青森県","city":"平川市","town":"大光寺一村井"},{"pref":"青森県","city":"平川市","town":"大光寺一早稲田"},{"pref":"青森県","city":"平川市","town":"大光寺稲田"},{"pref":"青森県","city":"平川市","town":"大光寺稲村"},{"pref":"青森県","city":"平川市","town":"大光寺川原田"},{"pref":"青森県","city":"平川市","town":"大光寺三滝本"},{"pref":"青森県","city":"平川市","town":"大光寺三村井"},{"pref":"青森県","city":"平川市","town":"大光寺三早稲田"},{"pref":"青森県","city":"平川市","town":"大光寺釈迦口"},{"pref":"青森県","city":"平川市","town":"大光寺白山"},{"pref":"青森県","city":"平川市","town":"大光寺種元"},{"pref":"青森県","city":"平川市","town":"大光寺西稲村"},{"pref":"青森県","city":"平川市","town":"大光寺二滝本"},{"pref":"青森県","city":"平川市","town":"大光寺二村井"},{"pref":"青森県","city":"平川市","town":"大光寺二早稲田"},{"pref":"青森県","city":"平川市","town":"大光寺四滝本"}],"0146":[{"pref":"青森県","city":"平川市","town":"大坊竹内"},{"pref":"青森県","city":"平川市","town":"大坊竹原"},{"pref":"青森県","city":"平川市","town":"大坊福田"},{"pref":"青森県","city":"平川市","town":"大坊前田"}],"0211":[{"pref":"青森県","city":"平川市","town":"高木岡崎"},{"pref":"青森県","city":"平川市","town":"高木岡田"},{"pref":"青森県","city":"平川市","town":"高木岡部"},{"pref":"青森県","city":"平川市","town":"高木豊岡"},{"pref":"青森県","city":"平川市","town":"高木豊田"},{"pref":"青森県","city":"平川市","town":"高木原田"},{"pref":"青森県","city":"平川市","town":"高木原富"},{"pref":"青森県","city":"平川市","town":"高木松元"}],"0142":[{"pref":"青森県","city":"平川市","town":"高畑熊沢"},{"pref":"青森県","city":"平川市","town":"高畑高田"},{"pref":"青森県","city":"平川市","town":"高畑前田"}],"0155":[{"pref":"青森県","city":"平川市","town":"館田稲村"},{"pref":"青森県","city":"平川市","town":"館田中前田"},{"pref":"青森県","city":"平川市","town":"館田西川原田"},{"pref":"青森県","city":"平川市","town":"館田西和田"},{"pref":"青森県","city":"平川市","town":"館田東稲村"},{"pref":"青森県","city":"平川市","town":"館田東前田"},{"pref":"青森県","city":"平川市","town":"館田東和田"},{"pref":"青森県","city":"平川市","town":"館田前田"},{"pref":"青森県","city":"平川市","town":"館田南川原田"},{"pref":"青森県","city":"平川市","town":"館田元川原田"},{"pref":"青森県","city":"平川市","town":"館田柳原"}],"0162":[{"pref":"青森県","city":"平川市","town":"館山板橋"},{"pref":"青森県","city":"平川市","town":"館山上扇田"},{"pref":"青森県","city":"平川市","town":"館山上亀岡"},{"pref":"青森県","city":"平川市","town":"館山川合"},{"pref":"青森県","city":"平川市","town":"館山下扇田"},{"pref":"青森県","city":"平川市","town":"館山下亀岡"},{"pref":"青森県","city":"平川市","town":"館山前田"}],"0221":[{"pref":"青森県","city":"平川市","town":"中佐渡石田"},{"pref":"青森県","city":"平川市","town":"中佐渡鎌田"},{"pref":"青森県","city":"平川市","town":"中佐渡前田"},{"pref":"青森県","city":"平川市","town":"中佐渡南田"},{"pref":"青森県","city":"平川市","town":"中佐渡村元"}],"0163":[{"pref":"青森県","city":"平川市","town":"苗生松一本柳"},{"pref":"青森県","city":"平川市","town":"苗生松上東田"},{"pref":"青森県","city":"平川市","town":"苗生松川崎"},{"pref":"青森県","city":"平川市","town":"苗生松川原田"},{"pref":"青森県","city":"平川市","town":"苗生松下東田"},{"pref":"青森県","city":"平川市","town":"苗生松元東田"}],"0115":[{"pref":"青森県","city":"平川市","town":"新館後野"},{"pref":"青森県","city":"平川市","town":"新館柏崎"},{"pref":"青森県","city":"平川市","town":"新館駒泊"},{"pref":"青森県","city":"平川市","town":"新館島村"},{"pref":"青森県","city":"平川市","town":"新館野木和"},{"pref":"青森県","city":"平川市","town":"新館東山"},{"pref":"青森県","city":"平川市","town":"新館藤巻"},{"pref":"青森県","city":"平川市","town":"新館藤山"}],"0223":[{"pref":"青森県","city":"平川市","town":"西野曽江川崎"},{"pref":"青森県","city":"平川市","town":"西野曽江橋元"},{"pref":"青森県","city":"平川市","town":"西野曽江広田"}],"0231":[{"pref":"青森県","city":"平川市","town":"新山岡部"},{"pref":"青森県","city":"平川市","town":"新山松橋"},{"pref":"青森県","city":"平川市","town":"新山村元"},{"pref":"青森県","city":"平川市","town":"新山柳田"},{"pref":"青森県","city":"平川市","town":"新山早稲田"}],"0243":[{"pref":"青森県","city":"平川市","town":"原大野"},{"pref":"青森県","city":"平川市","town":"原上原"},{"pref":"青森県","city":"平川市","town":"原北原"}],"0144":[{"pref":"青森県","city":"平川市","town":"原田稲元"},{"pref":"青森県","city":"平川市","town":"原田今井"},{"pref":"青森県","city":"平川市","town":"原田沢田"},{"pref":"青森県","city":"平川市","town":"原田村元"}],"0233":[{"pref":"青森県","city":"平川市","town":"日沼一本柳"},{"pref":"青森県","city":"平川市","town":"日沼河原田"},{"pref":"青森県","city":"平川市","town":"日沼下川原"},{"pref":"青森県","city":"平川市","town":"日沼下袋"},{"pref":"青森県","city":"平川市","town":"日沼李田"},{"pref":"青森県","city":"平川市","town":"日沼高田"},{"pref":"青森県","city":"平川市","town":"日沼塚越"},{"pref":"青森県","city":"平川市","town":"日沼樋田"},{"pref":"青森県","city":"平川市","town":"日沼富田"},{"pref":"青森県","city":"平川市","town":"日沼富岳"}],"0113":[{"pref":"青森県","city":"平川市","town":"平田森稲村"},{"pref":"青森県","city":"平川市","town":"平田森上宮本"},{"pref":"青森県","city":"平川市","town":"平田森下宮本"},{"pref":"青森県","city":"平川市","town":"平田森前田"},{"pref":"青森県","city":"平川市","town":"平田森若松"}],"0131":[{"pref":"青森県","city":"平川市","town":"広船広沢"},{"pref":"青森県","city":"平川市","town":"広船福田"},{"pref":"青森県","city":"平川市","town":"広船山下"}],"0143":[{"pref":"青森県","city":"平川市","town":"吹上高田"},{"pref":"青森県","city":"平川市","town":"吹上平岡"},{"pref":"青森県","city":"平川市","town":"吹上安田"}],"0114":[{"pref":"青森県","city":"平川市","town":"町居稲村"},{"pref":"青森県","city":"平川市","town":"町居稲元"},{"pref":"青森県","city":"平川市","town":"町居西田"},{"pref":"青森県","city":"平川市","town":"町居南田"},{"pref":"青森県","city":"平川市","town":"町居山下"},{"pref":"青森県","city":"平川市","town":"町居山元"},{"pref":"青森県","city":"平川市","town":"町居横山"}],"0164":[{"pref":"青森県","city":"平川市","town":"松崎亀井"},{"pref":"青森県","city":"平川市","town":"松崎西田"}],"0165":[{"pref":"青森県","city":"平川市","town":"松館浅井"},{"pref":"青森県","city":"平川市","town":"松館井ノ上"},{"pref":"青森県","city":"平川市","town":"松館西稲村"},{"pref":"青森県","city":"平川市","town":"松館西川原田"},{"pref":"青森県","city":"平川市","town":"松館東稲村"},{"pref":"青森県","city":"平川市","town":"松館東川原田"},{"pref":"青森県","city":"平川市","town":"松館松元"}],"0203":[{"pref":"青森県","city":"平川市","town":"南田中北林元"},{"pref":"青森県","city":"平川市","town":"南田中北原"},{"pref":"青森県","city":"平川市","town":"南田中北細田"},{"pref":"青森県","city":"平川市","town":"南田中北村井"},{"pref":"青森県","city":"平川市","town":"南田中中村井"},{"pref":"青森県","city":"平川市","town":"南田中西林元"},{"pref":"青森県","city":"平川市","town":"南田中西原"},{"pref":"青森県","city":"平川市","town":"南田中東林元"},{"pref":"青森県","city":"平川市","town":"南田中南林元"},{"pref":"青森県","city":"平川市","town":"南田中村内"}],"0103":[{"pref":"青森県","city":"平川市","town":"本町北柳田"},{"pref":"青森県","city":"平川市","town":"本町富岡"},{"pref":"青森県","city":"平川市","town":"本町西宮"},{"pref":"青森県","city":"平川市","town":"本町平野"},{"pref":"青森県","city":"平川市","town":"本町南柳田"},{"pref":"青森県","city":"平川市","town":"本町村元"}],"0241":[{"pref":"青森県","city":"平川市","town":"八幡崎高野"},{"pref":"青森県","city":"平川市","town":"八幡崎高原"},{"pref":"青森県","city":"平川市","town":"八幡崎本林"},{"pref":"青森県","city":"平川市","town":"八幡崎松枝"},{"pref":"青森県","city":"平川市","town":"八幡崎松橋"},{"pref":"青森県","city":"平川市","town":"八幡崎宮田"},{"pref":"青森県","city":"平川市","town":"八幡崎宮本"},{"pref":"青森県","city":"平川市","town":"八幡崎本宮"}],"0154":[{"pref":"青森県","city":"平川市","town":"四ツ屋亀田"}]}