{"0000":[{"pref":"福岡県","city":"福岡市東区","town":"以下に掲載がない場合"}],"0025":[{"pref":"福岡県","city":"福岡市東区","town":"青葉"}],"0011":[{"pref":"福岡県","city":"福岡市東区","town":"香椎"}],"0013":[{"pref":"福岡県","city":"福岡市東区","town":"香椎駅前"}],"0012":[{"pref":"福岡県","city":"福岡市東区","town":"香椎駅東"}],"0014":[{"pref":"福岡県","city":"福岡市東区","town":"香椎台"}],"0015":[{"pref":"福岡県","city":"福岡市東区","town":"香椎団地"}],"0017":[{"pref":"福岡県","city":"福岡市東区","town":"香椎照葉"}],"0016":[{"pref":"福岡県","city":"福岡市東区","town":"香椎浜"}],"0018":[{"pref":"福岡県","city":"福岡市東区","town":"香椎浜ふ頭"}],"0003":[{"pref":"福岡県","city":"福岡市東区","town":"香住ケ丘"}],"0023":[{"pref":"福岡県","city":"福岡市東区","town":"蒲田"}],"0002":[{"pref":"福岡県","city":"福岡市東区","town":"下原"}],"0045":[{"pref":"福岡県","city":"福岡市東区","town":"城浜団地"}],"0033":[{"pref":"福岡県","city":"福岡市東区","town":"多々良"}],"0034":[{"pref":"福岡県","city":"福岡市東区","town":"多の津"}],"0044":[{"pref":"福岡県","city":"福岡市東区","town":"千早"}],"0032":[{"pref":"福岡県","city":"福岡市東区","town":"土井"}],"0001":[{"pref":"福岡県","city":"福岡市東区","town":"唐原"}],"0024":[{"pref":"福岡県","city":"福岡市東区","town":"名子"}],"0043":[{"pref":"福岡県","city":"福岡市東区","town":"名島"}],"0031":[{"pref":"福岡県","city":"福岡市東区","town":"八田"}],"0042":[{"pref":"福岡県","city":"福岡市東区","town":"舞松原"}],"0004":[{"pref":"福岡県","city":"福岡市東区","town":"松香台"}],"0035":[{"pref":"福岡県","city":"福岡市東区","town":"松崎"}],"0062":[{"pref":"福岡県","city":"福岡市東区","town":"松島（３～６丁目）"}],"0005":[{"pref":"福岡県","city":"福岡市東区","town":"御島崎"}],"0041":[{"pref":"福岡県","city":"福岡市東区","town":"水谷"}],"0021":[{"pref":"福岡県","city":"福岡市東区","town":"みどりが丘"}],"0019":[{"pref":"福岡県","city":"福岡市東区","town":"みなと香椎"}],"0036":[{"pref":"福岡県","city":"福岡市東区","town":"若宮"}],"0008":[{"pref":"福岡県","city":"糟屋郡粕屋町","town":"内橋７９０の１（多ノ津団地）"}]}