{"0000":[{"pref":"大分県","city":"竹田市","town":"以下に掲載がない場合"}],"0011":[{"pref":"大分県","city":"竹田市","town":"会々"}],"0021":[{"pref":"大分県","city":"竹田市","town":"穴井迫"}],"0153":[{"pref":"大分県","city":"竹田市","town":"市用"}],"0022":[{"pref":"大分県","city":"竹田市","town":"岩瀬"}],"0031":[{"pref":"大分県","city":"竹田市","town":"岩本"}],"0001":[{"pref":"大分県","city":"竹田市","town":"植木"}],"0002":[{"pref":"大分県","city":"竹田市","town":"枝"}],"0032":[{"pref":"大分県","city":"竹田市","town":"太田"}],"0141":[{"pref":"大分県","city":"竹田市","town":"小川"}],"0003":[{"pref":"大分県","city":"竹田市","town":"片ケ瀬"}],"0161":[{"pref":"大分県","city":"竹田市","town":"上坂田"}],"0163":[{"pref":"大分県","city":"竹田市","town":"上畑"}],"0164":[{"pref":"大分県","city":"竹田市","town":"刈小野"}],"0154":[{"pref":"大分県","city":"竹田市","town":"川床"}],"0143":[{"pref":"大分県","city":"竹田市","town":"城原"}],"0023":[{"pref":"大分県","city":"竹田市","town":"君ケ園"}],"0572":[{"pref":"大分県","city":"竹田市","town":"九重野"}],"0202":[{"pref":"大分県","city":"竹田市","town":"久住町有氏"}],"0204":[{"pref":"大分県","city":"竹田市","town":"久住町栢木"}],"0201":[{"pref":"大分県","city":"竹田市","town":"久住町久住"}],"0205":[{"pref":"大分県","city":"竹田市","town":"久住町白丹"}],"0206":[{"pref":"大分県","city":"竹田市","town":"久住町添ケ津留"}],"0203":[{"pref":"大分県","city":"竹田市","town":"久住町仏原"}],"0256":[{"pref":"大分県","city":"竹田市","town":"久保（１４４９番地）"}],"0156":[{"pref":"大分県","city":"竹田市","town":"久保（その他）"}],"0576":[{"pref":"大分県","city":"竹田市","town":"倉木"}],"0574":[{"pref":"大分県","city":"竹田市","town":"神原"}],"0155":[{"pref":"大分県","city":"竹田市","town":"志土知"}],"0151":[{"pref":"大分県","city":"竹田市","town":"下坂田"}],"0152":[{"pref":"大分県","city":"竹田市","town":"下志土知"}],"0162":[{"pref":"大分県","city":"竹田市","town":"炭竈"}],"0575":[{"pref":"大分県","city":"竹田市","town":"田井"}],"0144":[{"pref":"大分県","city":"竹田市","town":"高伏"}],"0013":[{"pref":"大分県","city":"竹田市","town":"竹田"}],"0012":[{"pref":"大分県","city":"竹田市","town":"竹田町"}],"0024":[{"pref":"大分県","city":"竹田市","town":"玉来"}],"0571":[{"pref":"大分県","city":"竹田市","town":"次倉"}],"0403":[{"pref":"大分県","city":"竹田市","town":"直入町上田北"}],"0401":[{"pref":"大分県","city":"竹田市","town":"直入町神堤"}],"0404":[{"pref":"大分県","city":"竹田市","town":"直入町下田北"}],"0402":[{"pref":"大分県","city":"竹田市","town":"直入町長湯"}],"0004":[{"pref":"大分県","city":"竹田市","town":"中"}],"0573":[{"pref":"大分県","city":"竹田市","town":"中角"}],"0033":[{"pref":"大分県","city":"竹田市","town":"入田"}],"0025":[{"pref":"大分県","city":"竹田市","town":"拝田原"}],"0005":[{"pref":"大分県","city":"竹田市","town":"挾田"}],"0026":[{"pref":"大分県","city":"竹田市","town":"飛田川"}],"0006":[{"pref":"大分県","city":"竹田市","town":"平田"}],"0142":[{"pref":"大分県","city":"竹田市","town":"福原"}],"0146":[{"pref":"大分県","city":"竹田市","town":"古園"}],"0007":[{"pref":"大分県","city":"竹田市","town":"三宅"}],"0027":[{"pref":"大分県","city":"竹田市","town":"向山田"}],"0034":[{"pref":"大分県","city":"竹田市","town":"門田"}],"0035":[{"pref":"大分県","city":"竹田市","town":"吉田"}],"0145":[{"pref":"大分県","city":"竹田市","town":"米納"}],"0028":[{"pref":"大分県","city":"竹田市","town":"渡瀬"}]}