{"0036":[{"pref":"茨城県","city":"日立市","town":"鮎川町"}],"0012":[{"pref":"茨城県","city":"日立市","town":"大久保町"}],"0022":[{"pref":"茨城県","city":"日立市","town":"大沼町"}],"0015":[{"pref":"茨城県","city":"日立市","town":"金沢町"}],"0005":[{"pref":"茨城県","city":"日立市","town":"河原子町"}],"0035":[{"pref":"茨城県","city":"日立市","town":"国分町"}],"0002":[{"pref":"茨城県","city":"日立市","town":"桜川町"}],"0006":[{"pref":"茨城県","city":"日立市","town":"末広町"}],"0001":[{"pref":"茨城県","city":"日立市","town":"諏訪町"}],"0021":[{"pref":"茨城県","city":"日立市","town":"台原町"}],"0003":[{"pref":"茨城県","city":"日立市","town":"多賀町"}],"0013":[{"pref":"茨城県","city":"日立市","town":"千石町"}],"0033":[{"pref":"茨城県","city":"日立市","town":"中成沢町"}],"0007":[{"pref":"茨城県","city":"日立市","town":"中丸町"}],"0031":[{"pref":"茨城県","city":"日立市","town":"成沢町"}],"0032":[{"pref":"茨城県","city":"日立市","town":"西成沢町"}],"0011":[{"pref":"茨城県","city":"日立市","town":"塙山町"}],"0023":[{"pref":"茨城県","city":"日立市","town":"東大沼町"}],"0014":[{"pref":"茨城県","city":"日立市","town":"東金沢町"}],"0004":[{"pref":"茨城県","city":"日立市","town":"東多賀町"}],"0034":[{"pref":"茨城県","city":"日立市","town":"東成沢町"}],"0026":[{"pref":"茨城県","city":"日立市","town":"みかの原町"}],"0024":[{"pref":"茨城県","city":"日立市","town":"水木町"}],"0025":[{"pref":"茨城県","city":"日立市","town":"森山町"}]}