{"1101":[{"pref":"兵庫県","city":"三木市","town":"吉川町新田"}],"1102":[{"pref":"兵庫県","city":"三木市","town":"吉川町冨岡"}],"1103":[{"pref":"兵庫県","city":"三木市","town":"吉川町前田"}],"1104":[{"pref":"兵庫県","city":"三木市","town":"吉川町上中"}],"1105":[{"pref":"兵庫県","city":"三木市","town":"吉川町古川"}],"1106":[{"pref":"兵庫県","city":"三木市","town":"吉川町実楽"}],"1107":[{"pref":"兵庫県","city":"三木市","town":"吉川町有安"}],"1108":[{"pref":"兵庫県","city":"三木市","town":"吉川町古市"}],"1111":[{"pref":"兵庫県","city":"三木市","town":"吉川町上荒川"}],"1112":[{"pref":"兵庫県","city":"三木市","town":"吉川町畑枝"}],"1113":[{"pref":"兵庫県","city":"三木市","town":"吉川町福井"}],"1114":[{"pref":"兵庫県","city":"三木市","town":"吉川町吉安"}],"1115":[{"pref":"兵庫県","city":"三木市","town":"吉川町大沢"}],"1116":[{"pref":"兵庫県","city":"三木市","town":"吉川町大畑"}],"1117":[{"pref":"兵庫県","city":"三木市","town":"吉川町みなぎ台"}],"1118":[{"pref":"兵庫県","city":"三木市","town":"吉川町貸潮"}],"1119":[{"pref":"兵庫県","city":"三木市","town":"吉川町鍛治屋"}],"1121":[{"pref":"兵庫県","city":"三木市","town":"吉川町米田"}],"1122":[{"pref":"兵庫県","city":"三木市","town":"吉川町西奥"}],"1123":[{"pref":"兵庫県","city":"三木市","town":"吉川町湯谷"}],"1124":[{"pref":"兵庫県","city":"三木市","town":"吉川町法光寺"}],"1125":[{"pref":"兵庫県","city":"三木市","town":"吉川町田谷"}],"1126":[{"pref":"兵庫県","city":"三木市","town":"吉川町上松"}],"1127":[{"pref":"兵庫県","city":"三木市","town":"吉川町長谷"}],"1128":[{"pref":"兵庫県","city":"三木市","town":"吉川町山上"}],"1129":[{"pref":"兵庫県","city":"三木市","town":"吉川町渡瀬"}],"1231":[{"pref":"兵庫県","city":"三木市","town":"吉川町稲田"}],"1232":[{"pref":"兵庫県","city":"三木市","town":"吉川町金会"}],"1233":[{"pref":"兵庫県","city":"三木市","town":"吉川町毘沙門"}],"1234":[{"pref":"兵庫県","city":"三木市","town":"吉川町福吉"}],"1235":[{"pref":"兵庫県","city":"三木市","town":"吉川町市野瀬"}],"1236":[{"pref":"兵庫県","city":"三木市","town":"吉川町東田"}],"1241":[{"pref":"兵庫県","city":"三木市","town":"吉川町楠原"}],"1242":[{"pref":"兵庫県","city":"三木市","town":"吉川町奥谷"}],"1243":[{"pref":"兵庫県","city":"三木市","town":"吉川町豊岡"}],"1244":[{"pref":"兵庫県","city":"三木市","town":"吉川町水上"}],"1301":[{"pref":"兵庫県","city":"加東市","town":"黒谷"}],"1302":[{"pref":"兵庫県","city":"加東市","town":"秋津"}],"1303":[{"pref":"兵庫県","city":"加東市","town":"少分谷"}],"1304":[{"pref":"兵庫県","city":"加東市","town":"長貞"}],"1311":[{"pref":"兵庫県","city":"加東市","town":"天神"}],"1312":[{"pref":"兵庫県","city":"加東市","town":"掎鹿谷"}],"1313":[{"pref":"兵庫県","city":"加東市","town":"永福"}],"1314":[{"pref":"兵庫県","city":"加東市","town":"横谷"}],"1321":[{"pref":"兵庫県","city":"加東市","town":"岩屋"}],"1322":[{"pref":"兵庫県","city":"加東市","town":"森"}],"1323":[{"pref":"兵庫県","city":"加東市","town":"岡本"}],"1324":[{"pref":"兵庫県","city":"加東市","town":"新定"}],"1325":[{"pref":"兵庫県","city":"加東市","town":"大畑"}],"1331":[{"pref":"兵庫県","city":"加東市","town":"森尾"}],"1332":[{"pref":"兵庫県","city":"加東市","town":"栄枝"}],"1333":[{"pref":"兵庫県","city":"加東市","town":"小沢"}],"1334":[{"pref":"兵庫県","city":"加東市","town":"吉井"}],"1335":[{"pref":"兵庫県","city":"加東市","town":"藪"}],"1336":[{"pref":"兵庫県","city":"加東市","town":"東垂水"}],"1337":[{"pref":"兵庫県","city":"加東市","town":"松沢"}],"1338":[{"pref":"兵庫県","city":"加東市","town":"厚利"}],"1341":[{"pref":"兵庫県","city":"加東市","town":"南山"}],"1400":[{"pref":"兵庫県","city":"加東市","town":"以下に掲載がない場合"}],"1401":[{"pref":"兵庫県","city":"加東市","town":"上鴨川"}],"1402":[{"pref":"兵庫県","city":"加東市","town":"平木"}],"1403":[{"pref":"兵庫県","city":"加東市","town":"下鴨川"}],"1404":[{"pref":"兵庫県","city":"加東市","town":"馬瀬"}],"1411":[{"pref":"兵庫県","city":"加東市","town":"畑"}],"1412":[{"pref":"兵庫県","city":"加東市","town":"廻渕"}],"1413":[{"pref":"兵庫県","city":"加東市","town":"池之内"}],"1414":[{"pref":"兵庫県","city":"加東市","town":"上久米"}],"1415":[{"pref":"兵庫県","city":"加東市","town":"下久米"}],"1416":[{"pref":"兵庫県","city":"加東市","town":"久米"}],"1421":[{"pref":"兵庫県","city":"加東市","town":"山国"}],"1422":[{"pref":"兵庫県","city":"加東市","town":"屋度"}],"1423":[{"pref":"兵庫県","city":"加東市","town":"東古瀬"}],"1424":[{"pref":"兵庫県","city":"加東市","town":"中古瀬"}],"1425":[{"pref":"兵庫県","city":"加東市","town":"西古瀬"}],"1431":[{"pref":"兵庫県","city":"加東市","town":"社"}],"1432":[{"pref":"兵庫県","city":"加東市","town":"ひろのが丘"}],"1433":[{"pref":"兵庫県","city":"加東市","town":"松尾"}],"1434":[{"pref":"兵庫県","city":"加東市","town":"東実"}],"1441":[{"pref":"兵庫県","city":"加東市","town":"田中"}],"1442":[{"pref":"兵庫県","city":"加東市","town":"出水"}],"1443":[{"pref":"兵庫県","city":"加東市","town":"福吉"}],"1444":[{"pref":"兵庫県","city":"加東市","town":"沢部"}],"1445":[{"pref":"兵庫県","city":"加東市","town":"大門"}],"1446":[{"pref":"兵庫県","city":"加東市","town":"上田"}],"1447":[{"pref":"兵庫県","city":"加東市","town":"佐保"}],"1451":[{"pref":"兵庫県","city":"加東市","town":"家原"}],"1452":[{"pref":"兵庫県","city":"加東市","town":"鳥居"}],"1453":[{"pref":"兵庫県","city":"加東市","town":"貝原"}],"1454":[{"pref":"兵庫県","city":"加東市","town":"野村"}],"1455":[{"pref":"兵庫県","city":"加東市","town":"西垂水"}],"1456":[{"pref":"兵庫県","city":"加東市","town":"窪田"}],"1461":[{"pref":"兵庫県","city":"加東市","town":"木梨"}],"1462":[{"pref":"兵庫県","city":"加東市","town":"藤田"}],"1463":[{"pref":"兵庫県","city":"加東市","town":"梶原"}],"1464":[{"pref":"兵庫県","city":"加東市","town":"上中"}],"1465":[{"pref":"兵庫県","city":"加東市","town":"喜田"}],"1471":[{"pref":"兵庫県","city":"加東市","town":"山口"}],"1472":[{"pref":"兵庫県","city":"加東市","town":"上三草"}],"1473":[{"pref":"兵庫県","city":"加東市","town":"下三草"}],"1474":[{"pref":"兵庫県","city":"加東市","town":"牧野"}],"1475":[{"pref":"兵庫県","city":"加東市","town":"吉馬"}],"0000":[{"pref":"兵庫県","city":"明石市","town":"以下に掲載がない場合"}],"0882":[{"pref":"兵庫県","city":"明石市","town":"相生町"}],"0847":[{"pref":"兵庫県","city":"明石市","town":"明石公園"}],"0851":[{"pref":"兵庫県","city":"明石市","town":"朝霧北町"}],"0852":[{"pref":"兵庫県","city":"明石市","town":"朝霧台"}],"0866":[{"pref":"兵庫県","city":"明石市","town":"朝霧町"}],"0860":[{"pref":"兵庫県","city":"明石市","town":"朝霧東町"}],"0870":[{"pref":"兵庫県","city":"明石市","town":"朝霧南町"}],"0853":[{"pref":"兵庫県","city":"明石市","town":"朝霧山手町"}],"0002":[{"pref":"兵庫県","city":"明石市","town":"旭が丘"}],"0846":[{"pref":"兵庫県","city":"明石市","town":"上ノ丸"}],"0022":[{"pref":"兵庫県","city":"明石市","town":"王子"}],"0891":[{"pref":"兵庫県","city":"明石市","town":"大明石町"}],"0879":[{"pref":"兵庫県","city":"明石市","town":"大蔵海岸通"}],"0875":[{"pref":"兵庫県","city":"明石市","town":"大蔵天神町"}],"0873":[{"pref":"兵庫県","city":"明石市","town":"大蔵中町"}],"0871":[{"pref":"兵庫県","city":"明石市","town":"大蔵八幡町"}],"0874":[{"pref":"兵庫県","city":"明石市","town":"大蔵本町"}],"0867":[{"pref":"兵庫県","city":"明石市","town":"大蔵谷奥"}],"0872":[{"pref":"兵庫県","city":"明石市","town":"大蔵町"}],"0884":[{"pref":"兵庫県","city":"明石市","town":"鍛治屋町"}],"0012":[{"pref":"兵庫県","city":"明石市","town":"和坂"},{"pref":"兵庫県","city":"明石市","town":"和坂"}],"0014":[{"pref":"兵庫県","city":"明石市","town":"川崎町"}],"0037":[{"pref":"兵庫県","city":"明石市","town":"貴崎"}],"0857":[{"pref":"兵庫県","city":"明石市","town":"北朝霧丘"}],"0021":[{"pref":"兵庫県","city":"明石市","town":"北王子町"}],"0005":[{"pref":"兵庫県","city":"明石市","town":"小久保"}],"0893":[{"pref":"兵庫県","city":"明石市","town":"材木町"}],"0849":[{"pref":"兵庫県","city":"明石市","town":"茶園場町"}],"0885":[{"pref":"兵庫県","city":"明石市","town":"桜町"}],"0008":[{"pref":"兵庫県","city":"明石市","town":"沢野"}],"0019":[{"pref":"兵庫県","city":"明石市","town":"沢野南町"}],"0027":[{"pref":"兵庫県","city":"明石市","town":"新明町"}],"0028":[{"pref":"兵庫県","city":"明石市","town":"硯町"}],"0897":[{"pref":"兵庫県","city":"明石市","town":"大観町"}],"0845":[{"pref":"兵庫県","city":"明石市","town":"太寺"}],"0843":[{"pref":"兵庫県","city":"明石市","town":"太寺大野町"}],"0841":[{"pref":"兵庫県","city":"明石市","town":"太寺天王町"}],"0029":[{"pref":"兵庫県","city":"明石市","town":"大道町"}],"0848":[{"pref":"兵庫県","city":"明石市","town":"鷹匠町"}],"0032":[{"pref":"兵庫県","city":"明石市","town":"立石"}],"0025":[{"pref":"兵庫県","city":"明石市","town":"田町"}],"0898":[{"pref":"兵庫県","city":"明石市","town":"樽屋町"}],"0881":[{"pref":"兵庫県","city":"明石市","town":"天文町"}],"0003":[{"pref":"兵庫県","city":"明石市","town":"鳥羽"}],"0007":[{"pref":"兵庫県","city":"明石市","town":"鳥羽西鳥羽"}],"0006":[{"pref":"兵庫県","city":"明石市","town":"鳥羽二本松"}],"0004":[{"pref":"兵庫県","city":"明石市","town":"鳥羽弁財天"}],"0855":[{"pref":"兵庫県","city":"明石市","town":"中朝霧丘"}],"0883":[{"pref":"兵庫県","city":"明石市","town":"中崎"}],"0009":[{"pref":"兵庫県","city":"明石市","town":"西明石東町"}],"0049":[{"pref":"兵庫県","city":"明石市","town":"西明石西町"}],"0041":[{"pref":"兵庫県","city":"明石市","town":"西明石南町"}],"0018":[{"pref":"兵庫県","city":"明石市","town":"西明石北町"}],"0011":[{"pref":"兵庫県","city":"明石市","town":"西明石町"}],"0856":[{"pref":"兵庫県","city":"明石市","town":"西朝霧丘"}],"0023":[{"pref":"兵庫県","city":"明石市","town":"西新町"}],"0842":[{"pref":"兵庫県","city":"明石市","town":"荷山町"}],"0017":[{"pref":"兵庫県","city":"明石市","town":"野々上"}],"0015":[{"pref":"兵庫県","city":"明石市","town":"花園町"}],"0034":[{"pref":"兵庫県","city":"明石市","town":"林"}],"0033":[{"pref":"兵庫県","city":"明石市","town":"林崎町"}],"0854":[{"pref":"兵庫県","city":"明石市","town":"東朝霧丘"}],"0886":[{"pref":"兵庫県","city":"明石市","town":"東仲ノ町"}],"0844":[{"pref":"兵庫県","city":"明石市","town":"東野町"}],"0876":[{"pref":"兵庫県","city":"明石市","town":"東人丸町"}],"0042":[{"pref":"兵庫県","city":"明石市","town":"東藤江"}],"0868":[{"pref":"兵庫県","city":"明石市","town":"東山町"}],"0877":[{"pref":"兵庫県","city":"明石市","town":"人丸町"}],"0896":[{"pref":"兵庫県","city":"明石市","town":"日富美町"}],"0044":[{"pref":"兵庫県","city":"明石市","town":"藤江"}],"0043":[{"pref":"兵庫県","city":"明石市","town":"藤江（川添）"}],"0047":[{"pref":"兵庫県","city":"明石市","town":"藤江（中谷町）"}],"0048":[{"pref":"兵庫県","city":"明石市","town":"藤江（中谷山）"}],"0045":[{"pref":"兵庫県","city":"明石市","town":"藤江（若林）"}],"0046":[{"pref":"兵庫県","city":"明石市","town":"藤が丘"}],"0026":[{"pref":"兵庫県","city":"明石市","town":"船上町"}],"0038":[{"pref":"兵庫県","city":"明石市","town":"別所町"}],"0892":[{"pref":"兵庫県","city":"明石市","town":"本町"}],"0036":[{"pref":"兵庫県","city":"明石市","town":"松江"}],"0862":[{"pref":"兵庫県","city":"明石市","town":"松が丘"}],"0861":[{"pref":"兵庫県","city":"明石市","town":"松が丘北町"}],"0016":[{"pref":"兵庫県","city":"明石市","town":"松の内"}],"0895":[{"pref":"兵庫県","city":"明石市","town":"岬町"}],"0894":[{"pref":"兵庫県","city":"明石市","town":"港町"}],"0024":[{"pref":"兵庫県","city":"明石市","town":"南王子町"}],"0035":[{"pref":"兵庫県","city":"明石市","town":"南貴崎町"}],"0031":[{"pref":"兵庫県","city":"明石市","town":"宮の上"}],"0001":[{"pref":"兵庫県","city":"明石市","town":"明南町"}],"0878":[{"pref":"兵庫県","city":"明石市","town":"山下町"}],"0013":[{"pref":"兵庫県","city":"明石市","town":"和坂稲荷町"}],"0400":[{"pref":"兵庫県","city":"三木市","town":"以下に掲載がない場合"}],"0401":[{"pref":"兵庫県","city":"三木市","town":"跡部"}],"0412":[{"pref":"兵庫県","city":"三木市","town":"岩宮"}],"0432":[{"pref":"兵庫県","city":"三木市","town":"上の丸町"}],"0413":[{"pref":"兵庫県","city":"三木市","town":"大塚"}],"0404":[{"pref":"兵庫県","city":"三木市","town":"大村"}],"0402":[{"pref":"兵庫県","city":"三木市","town":"加佐"}],"0723":[{"pref":"兵庫県","city":"三木市","town":"加佐草荷野"}],"0425":[{"pref":"兵庫県","city":"三木市","town":"君が峰町"}],"0755":[{"pref":"兵庫県","city":"三木市","town":"口吉川町大島"}],"0752":[{"pref":"兵庫県","city":"三木市","town":"口吉川町吉祥寺"}],"0743":[{"pref":"兵庫県","city":"三木市","town":"口吉川町桾原"}],"0757":[{"pref":"兵庫県","city":"三木市","town":"口吉川町笹原"}],"0751":[{"pref":"兵庫県","city":"三木市","town":"口吉川町里脇"}],"0754":[{"pref":"兵庫県","city":"三木市","town":"口吉川町善祥寺"}],"0741":[{"pref":"兵庫県","city":"三木市","town":"口吉川町殿畑"}],"0735":[{"pref":"兵庫県","city":"三木市","town":"口吉川町西中"}],"0732":[{"pref":"兵庫県","city":"三木市","town":"口吉川町馬場"}],"0731":[{"pref":"兵庫県","city":"三木市","town":"口吉川町東中"}],"0758":[{"pref":"兵庫県","city":"三木市","town":"口吉川町久次"}],"0742":[{"pref":"兵庫県","city":"三木市","town":"口吉川町保木"}],"0753":[{"pref":"兵庫県","city":"三木市","town":"口吉川町槇"}],"0756":[{"pref":"兵庫県","city":"三木市","town":"口吉川町南畑"}],"0736":[{"pref":"兵庫県","city":"三木市","town":"口吉川町桃坂"}],"0734":[{"pref":"兵庫県","city":"三木市","town":"口吉川町蓮花寺"}],"0733":[{"pref":"兵庫県","city":"三木市","town":"口吉川町東"}],"0411":[{"pref":"兵庫県","city":"三木市","town":"久留美"}],"0436":[{"pref":"兵庫県","city":"三木市","town":"さつき台"}],"0521":[{"pref":"兵庫県","city":"三木市","town":"志染町青山"}],"0502":[{"pref":"兵庫県","city":"三木市","town":"志染町安福田"}],"0512":[{"pref":"兵庫県","city":"三木市","town":"志染町井上"}],"0503":[{"pref":"兵庫県","city":"三木市","town":"志染町窟屋"}],"0513":[{"pref":"兵庫県","city":"三木市","town":"志染町大谷"}],"0504":[{"pref":"兵庫県","city":"三木市","town":"志染町高男寺"}],"0506":[{"pref":"兵庫県","city":"三木市","town":"志染町四合谷"}],"0511":[{"pref":"兵庫県","city":"三木市","town":"志染町志染中"}],"0514":[{"pref":"兵庫県","city":"三木市","town":"志染町戸田"}],"0552":[{"pref":"兵庫県","city":"三木市","town":"志染町中自由が丘"}],"0553":[{"pref":"兵庫県","city":"三木市","town":"志染町東自由が丘"}],"0551":[{"pref":"兵庫県","city":"三木市","town":"志染町西自由が丘"}],"0541":[{"pref":"兵庫県","city":"三木市","town":"志染町広野"}],"0505":[{"pref":"兵庫県","city":"三木市","town":"志染町細目"}],"0516":[{"pref":"兵庫県","city":"三木市","town":"志染町御坂"}],"0515":[{"pref":"兵庫県","city":"三木市","town":"志染町三津田"}],"0501":[{"pref":"兵庫県","city":"三木市","town":"志染町吉田"}],"0414":[{"pref":"兵庫県","city":"三木市","town":"芝町"}],"0424":[{"pref":"兵庫県","city":"三木市","town":"自由が丘本町"}],"0423":[{"pref":"兵庫県","city":"三木市","town":"宿原"}],"0403":[{"pref":"兵庫県","city":"三木市","town":"末広"}],"0456":[{"pref":"兵庫県","city":"三木市","town":"鳥町"}],"0421":[{"pref":"兵庫県","city":"三木市","town":"平井"}],"0405":[{"pref":"兵庫県","city":"三木市","town":"平田"}],"0433":[{"pref":"兵庫県","city":"三木市","town":"福井"}],"0415":[{"pref":"兵庫県","city":"三木市","town":"府内"}],"0416":[{"pref":"兵庫県","city":"三木市","town":"府内町"}],"0441":[{"pref":"兵庫県","city":"三木市","town":"別所町朝日ケ丘"}],"0452":[{"pref":"兵庫県","city":"三木市","town":"別所町石野"}],"0442":[{"pref":"兵庫県","city":"三木市","town":"別所町興治"}],"0434":[{"pref":"兵庫県","city":"三木市","town":"別所町小林"}],"0451":[{"pref":"兵庫県","city":"三木市","town":"別所町近藤"}],"0453":[{"pref":"兵庫県","city":"三木市","town":"別所町下石野"}],"0454":[{"pref":"兵庫県","city":"三木市","town":"別所町正法寺"}],"0435":[{"pref":"兵庫県","city":"三木市","town":"別所町高木"}],"0443":[{"pref":"兵庫県","city":"三木市","town":"別所町巴"}],"0446":[{"pref":"兵庫県","city":"三木市","town":"別所町花尻"}],"0444":[{"pref":"兵庫県","city":"三木市","town":"別所町東這田"}],"0445":[{"pref":"兵庫県","city":"三木市","town":"別所町西這田"}],"0455":[{"pref":"兵庫県","city":"三木市","town":"別所町和田"}],"0711":[{"pref":"兵庫県","city":"三木市","town":"細川町金屋"}],"0721":[{"pref":"兵庫県","city":"三木市","town":"細川町高篠"}],"0724":[{"pref":"兵庫県","city":"三木市","town":"細川町高畑"}],"0703":[{"pref":"兵庫県","city":"三木市","town":"細川町垂穂"}],"0713":[{"pref":"兵庫県","city":"三木市","town":"細川町豊地"}],"0702":[{"pref":"兵庫県","city":"三木市","town":"細川町中里"}],"0714":[{"pref":"兵庫県","city":"三木市","town":"細川町細川中"}],"0704":[{"pref":"兵庫県","city":"三木市","town":"細川町増田"}],"0701":[{"pref":"兵庫県","city":"三木市","town":"細川町瑞穂"}],"0712":[{"pref":"兵庫県","city":"三木市","town":"細川町桃津"}],"0722":[{"pref":"兵庫県","city":"三木市","town":"細川町脇川"}],"0715":[{"pref":"兵庫県","city":"三木市","town":"細川町西"}],"0431":[{"pref":"兵庫県","city":"三木市","town":"本町"}],"0532":[{"pref":"兵庫県","city":"三木市","town":"緑が丘町中"}],"0534":[{"pref":"兵庫県","city":"三木市","town":"緑が丘町本町"}],"0533":[{"pref":"兵庫県","city":"三木市","town":"緑が丘町東"}],"0531":[{"pref":"兵庫県","city":"三木市","town":"緑が丘町西"}],"0422":[{"pref":"兵庫県","city":"三木市","town":"与呂木"}]}