{"0838":[{"pref":"静岡県","city":"静岡市葵区","town":"相生町"}],"0017":[{"pref":"静岡県","city":"静岡市葵区","town":"葵町"}],"0963":[{"pref":"静岡県","city":"静岡市葵区","town":"赤松"}],"0948":[{"pref":"静岡県","city":"静岡市葵区","town":"秋山町"}],"0810":[{"pref":"静岡県","city":"静岡市葵区","town":"上土"}],"0811":[{"pref":"静岡県","city":"静岡市葵区","town":"上土新田"}],"0968":[{"pref":"静岡県","city":"静岡市葵区","town":"あさはた"}],"0836":[{"pref":"静岡県","city":"静岡市葵区","town":"東町"}],"0869":[{"pref":"静岡県","city":"静岡市葵区","town":"安倍町"}],"0965":[{"pref":"静岡県","city":"静岡市葵区","town":"有永"}],"0969":[{"pref":"静岡県","city":"静岡市葵区","town":"有永町"}],"0011":[{"pref":"静岡県","city":"静岡市葵区","town":"安西"}],"0882":[{"pref":"静岡県","city":"静岡市葵区","town":"安東"}],"0863":[{"pref":"静岡県","city":"静岡市葵区","town":"安東柳町"}],"0936":[{"pref":"静岡県","city":"静岡市葵区","town":"池ケ谷"}],"0935":[{"pref":"静岡県","city":"静岡市葵区","town":"池ケ谷東"}],"0071":[{"pref":"静岡県","city":"静岡市葵区","town":"一番町"}],"0001":[{"pref":"静岡県","city":"静岡市葵区","town":"井宮町"}],"0946":[{"pref":"静岡県","city":"静岡市葵区","town":"伊呂波町"}],"0952":[{"pref":"静岡県","city":"静岡市葵区","town":"牛田"}],"0038":[{"pref":"静岡県","city":"静岡市葵区","town":"梅屋町"}],"0953":[{"pref":"静岡県","city":"静岡市葵区","town":"漆山"}],"0853":[{"pref":"静岡県","city":"静岡市葵区","town":"追手町"}],"0886":[{"pref":"静岡県","city":"静岡市葵区","town":"大岩"}],"0884":[{"pref":"静岡県","city":"静岡市葵区","town":"大岩本町"}],"0883":[{"pref":"静岡県","city":"静岡市葵区","town":"大岩宮下町"}],"0885":[{"pref":"静岡県","city":"静岡市葵区","town":"大岩町"}],"0026":[{"pref":"静岡県","city":"静岡市葵区","town":"大鋸町"}],"0845":[{"pref":"静岡県","city":"静岡市葵区","town":"太田町"}],"0834":[{"pref":"静岡県","city":"静岡市葵区","town":"音羽町"}],"0873":[{"pref":"静岡県","city":"静岡市葵区","town":"籠上"}],"0823":[{"pref":"静岡県","city":"静岡市葵区","town":"春日"}],"0824":[{"pref":"静岡県","city":"静岡市葵区","town":"春日町"}],"0003":[{"pref":"静岡県","city":"静岡市葵区","town":"片羽町"}],"0925":[{"pref":"静岡県","city":"静岡市葵区","town":"加藤島"}],"0841":[{"pref":"静岡県","city":"静岡市葵区","town":"上足洗"}],"0014":[{"pref":"静岡県","city":"静岡市葵区","town":"上桶屋町"}],"0815":[{"pref":"静岡県","city":"静岡市葵区","town":"上沓谷町"}],"0039":[{"pref":"静岡県","city":"静岡市葵区","town":"上石町"}],"0062":[{"pref":"静岡県","city":"静岡市葵区","town":"上新富町"}],"0943":[{"pref":"静岡県","city":"静岡市葵区","town":"上伝馬"}],"0937":[{"pref":"静岡県","city":"静岡市葵区","town":"唐瀬"}],"0923":[{"pref":"静岡県","city":"静岡市葵区","town":"川合"}],"0924":[{"pref":"静岡県","city":"静岡市葵区","town":"川合新田"}],"0052":[{"pref":"静岡県","city":"静岡市葵区","town":"川越町"}],"0043":[{"pref":"静岡県","city":"静岡市葵区","town":"川辺町"}],"0825":[{"pref":"静岡県","city":"静岡市葵区","town":"瓦場町"}],"0931":[{"pref":"静岡県","city":"静岡市葵区","town":"観山"}],"0961":[{"pref":"静岡県","city":"静岡市葵区","town":"北"}],"0881":[{"pref":"静岡県","city":"静岡市葵区","town":"北安東"}],"0901":[{"pref":"静岡県","city":"静岡市葵区","town":"北沼上"}],"0005":[{"pref":"静岡県","city":"静岡市葵区","town":"北番町"}],"0025":[{"pref":"静岡県","city":"静岡市葵区","town":"金座町"}],"0816":[{"pref":"静岡県","city":"静岡市葵区","town":"沓谷"}],"0022":[{"pref":"静岡県","city":"静岡市葵区","town":"車町"}],"0851":[{"pref":"静岡県","city":"静岡市葵区","town":"黒金町"}],"0852":[{"pref":"静岡県","city":"静岡市葵区","town":"紺屋町"}],"0075":[{"pref":"静岡県","city":"静岡市葵区","town":"五番町"}],"0031":[{"pref":"静岡県","city":"静岡市葵区","town":"呉服町"}],"0042":[{"pref":"静岡県","city":"静岡市葵区","town":"駒形通"}],"0002":[{"pref":"静岡県","city":"静岡市葵区","town":"材木町"}],"0067":[{"pref":"静岡県","city":"静岡市葵区","town":"幸町"}],"0859":[{"pref":"静岡県","city":"静岡市葵区","town":"栄町"}],"0048":[{"pref":"静岡県","city":"静岡市葵区","town":"桜木町"}],"0945":[{"pref":"静岡県","city":"静岡市葵区","town":"桜町"}],"0073":[{"pref":"静岡県","city":"静岡市葵区","town":"三番町"}],"0035":[{"pref":"静岡県","city":"静岡市葵区","town":"七間町"}],"0077":[{"pref":"静岡県","city":"静岡市葵区","town":"七番町"}],"0955":[{"pref":"静岡県","city":"静岡市葵区","town":"芝原"}],"0846":[{"pref":"静岡県","city":"静岡市葵区","town":"城東町"}],"0854":[{"pref":"静岡県","city":"静岡市葵区","town":"城内町"}],"0871":[{"pref":"静岡県","city":"静岡市葵区","town":"昭府"}],"0872":[{"pref":"静岡県","city":"静岡市葵区","town":"昭府町"}],"0805":[{"pref":"静岡県","city":"静岡市葵区","town":"城北"}],"0033":[{"pref":"静岡県","city":"静岡市葵区","town":"昭和町"}],"0944":[{"pref":"静岡県","city":"静岡市葵区","town":"新伝馬"}],"0065":[{"pref":"静岡県","city":"静岡市葵区","town":"新通"}],"0061":[{"pref":"静岡県","city":"静岡市葵区","town":"新富町"}],"0009":[{"pref":"静岡県","city":"静岡市葵区","town":"神明町"}],"0008":[{"pref":"静岡県","city":"静岡市葵区","town":"水道町"}],"0004":[{"pref":"静岡県","city":"静岡市葵区","town":"末広町"}],"0016":[{"pref":"静岡県","city":"静岡市葵区","town":"住吉町"}],"0036":[{"pref":"静岡県","city":"静岡市葵区","town":"駿河町"}],"0902":[{"pref":"静岡県","city":"静岡市葵区","town":"諏訪"}],"0855":[{"pref":"静岡県","city":"静岡市葵区","town":"駿府城公園"}],"0856":[{"pref":"静岡県","city":"静岡市葵区","town":"駿府町"}],"0047":[{"pref":"静岡県","city":"静岡市葵区","town":"清閑町"}],"0911":[{"pref":"静岡県","city":"静岡市葵区","town":"瀬名"}],"0916":[{"pref":"静岡県","city":"静岡市葵区","town":"瀬名中央"}],"0913":[{"pref":"静岡県","city":"静岡市葵区","town":"瀬名川"}],"0862":[{"pref":"静岡県","city":"静岡市葵区","town":"浅間町"}],"0842":[{"pref":"静岡県","city":"静岡市葵区","town":"銭座町"}],"0027":[{"pref":"静岡県","city":"静岡市葵区","town":"大工町"}],"0839":[{"pref":"静岡県","city":"静岡市葵区","town":"鷹匠"}],"0934":[{"pref":"静岡県","city":"静岡市葵区","town":"岳美"}],"0874":[{"pref":"静岡県","city":"静岡市葵区","town":"辰起町"}],"0933":[{"pref":"静岡県","city":"静岡市葵区","town":"立石"}],"0068":[{"pref":"静岡県","city":"静岡市葵区","town":"田町"}],"0021":[{"pref":"静岡県","city":"静岡市葵区","town":"茶町"}],"0803":[{"pref":"静岡県","city":"静岡市葵区","town":"千代田"}],"0947":[{"pref":"静岡県","city":"静岡市葵区","town":"堤町"}],"0951":[{"pref":"静岡県","city":"静岡市葵区","town":"天神前"}],"0045":[{"pref":"静岡県","city":"静岡市葵区","town":"天王町"}],"0858":[{"pref":"静岡県","city":"静岡市葵区","town":"伝馬町"}],"0063":[{"pref":"静岡県","city":"静岡市葵区","town":"通車町"}],"0029":[{"pref":"静岡県","city":"静岡市葵区","town":"研屋町"}],"0034":[{"pref":"静岡県","city":"静岡市葵区","town":"常磐町"}],"0018":[{"pref":"静岡県","city":"静岡市葵区","town":"土太夫町"}],"0843":[{"pref":"静岡県","city":"静岡市葵区","town":"巴町"}],"0932":[{"pref":"静岡県","city":"静岡市葵区","town":"豊地"}],"0903":[{"pref":"静岡県","city":"静岡市葵区","town":"長尾"}],"0024":[{"pref":"静岡県","city":"静岡市葵区","town":"中町"}],"0813":[{"pref":"静岡県","city":"静岡市葵区","town":"長沼"}],"0814":[{"pref":"静岡県","city":"静岡市葵区","town":"長沼南"}],"0015":[{"pref":"静岡県","city":"静岡市葵区","town":"錦町"}],"0866":[{"pref":"静岡県","city":"静岡市葵区","town":"西草深町"}],"0914":[{"pref":"静岡県","city":"静岡市葵区","town":"西瀬名町"}],"0847":[{"pref":"静岡県","city":"静岡市葵区","town":"西千代田町"}],"0044":[{"pref":"静岡県","city":"静岡市葵区","town":"西門町"}],"0072":[{"pref":"静岡県","city":"静岡市葵区","town":"二番町"}],"0921":[{"pref":"静岡県","city":"静岡市葵区","town":"野丈"}],"0864":[{"pref":"静岡県","city":"静岡市葵区","town":"長谷町"}],"0966":[{"pref":"静岡県","city":"静岡市葵区","town":"羽高"}],"0967":[{"pref":"静岡県","city":"静岡市葵区","town":"羽高町"}],"0078":[{"pref":"静岡県","city":"静岡市葵区","town":"八番町"}],"0867":[{"pref":"静岡県","city":"静岡市葵区","town":"馬場町"}],"0962":[{"pref":"静岡県","city":"静岡市葵区","town":"東"}],"0865":[{"pref":"静岡県","city":"静岡市葵区","town":"東草深町"}],"0817":[{"pref":"静岡県","city":"静岡市葵区","town":"東静岡"}],"0912":[{"pref":"静岡県","city":"静岡市葵区","town":"東瀬名町"}],"0833":[{"pref":"静岡県","city":"静岡市葵区","town":"東鷹匠町"}],"0801":[{"pref":"静岡県","city":"静岡市葵区","town":"東千代田"}],"0037":[{"pref":"静岡県","city":"静岡市葵区","town":"人宿町"}],"0837":[{"pref":"静岡県","city":"静岡市葵区","town":"日出町"}],"0954":[{"pref":"静岡県","city":"静岡市葵区","town":"平柳"}],"0904":[{"pref":"静岡県","city":"静岡市葵区","town":"平山"}],"0023":[{"pref":"静岡県","city":"静岡市葵区","town":"富士見町"}],"0041":[{"pref":"静岡県","city":"静岡市葵区","town":"双葉町"}],"0812":[{"pref":"静岡県","city":"静岡市葵区","town":"古庄"}],"0876":[{"pref":"静岡県","city":"静岡市葵区","town":"平和"}],"0064":[{"pref":"静岡県","city":"静岡市葵区","town":"本通"}],"0066":[{"pref":"静岡県","city":"静岡市葵区","town":"本通西町"}],"0957":[{"pref":"静岡県","city":"静岡市葵区","town":"前林"}],"0941":[{"pref":"静岡県","city":"静岡市葵区","town":"松富"}],"0942":[{"pref":"静岡県","city":"静岡市葵区","town":"松富上組"}],"0861":[{"pref":"静岡県","city":"静岡市葵区","town":"丸山町"}],"0875":[{"pref":"静岡県","city":"静岡市葵区","town":"美川町"}],"0831":[{"pref":"静岡県","city":"静岡市葵区","town":"水落町"}],"0844":[{"pref":"静岡県","city":"静岡市葵区","town":"緑町"}],"0956":[{"pref":"静岡県","city":"静岡市葵区","town":"南"}],"0054":[{"pref":"静岡県","city":"静岡市葵区","town":"南安倍（１、２丁目）"}],"0915":[{"pref":"静岡県","city":"静岡市葵区","town":"南瀬名町"}],"0051":[{"pref":"静岡県","city":"静岡市葵区","town":"南田町"}],"0905":[{"pref":"静岡県","city":"静岡市葵区","town":"南沼上"}],"0868":[{"pref":"静岡県","city":"静岡市葵区","town":"宮ケ崎町"}],"0822":[{"pref":"静岡県","city":"静岡市葵区","town":"宮前町"}],"0857":[{"pref":"静岡県","city":"静岡市葵区","town":"御幸町"}],"0053":[{"pref":"静岡県","city":"静岡市葵区","town":"弥勒"}],"0028":[{"pref":"静岡県","city":"静岡市葵区","town":"屋形町"}],"0906":[{"pref":"静岡県","city":"静岡市葵区","town":"薬師"}],"0013":[{"pref":"静岡県","city":"静岡市葵区","town":"八千代町"}],"0007":[{"pref":"静岡県","city":"静岡市葵区","town":"柳町"}],"0964":[{"pref":"静岡県","city":"静岡市葵区","town":"柳原"}],"0012":[{"pref":"静岡県","city":"静岡市葵区","town":"柚木町"}],"0821":[{"pref":"静岡県","city":"静岡市葵区","town":"柚木"}],"0949":[{"pref":"静岡県","city":"静岡市葵区","town":"与一"}],"0832":[{"pref":"静岡県","city":"静岡市葵区","town":"横内町"}],"0835":[{"pref":"静岡県","city":"静岡市葵区","town":"横田町"}],"0046":[{"pref":"静岡県","city":"静岡市葵区","town":"吉野町"}],"0074":[{"pref":"静岡県","city":"静岡市葵区","town":"四番町"}],"0922":[{"pref":"静岡県","city":"静岡市葵区","town":"流通センター"}],"0804":[{"pref":"静岡県","city":"静岡市葵区","town":"竜南"}],"0032":[{"pref":"静岡県","city":"静岡市葵区","town":"両替町"}],"0076":[{"pref":"静岡県","city":"静岡市葵区","town":"六番町"}],"0006":[{"pref":"静岡県","city":"静岡市葵区","town":"若松町"}]}