{"1141":[{"pref":"沖縄県","city":"名護市","town":"源河"}],"1142":[{"pref":"沖縄県","city":"名護市","town":"稲嶺"}],"1143":[{"pref":"沖縄県","city":"名護市","town":"真喜屋"}],"1144":[{"pref":"沖縄県","city":"名護市","town":"仲尾次"}],"1145":[{"pref":"沖縄県","city":"名護市","town":"川上"}],"1146":[{"pref":"沖縄県","city":"名護市","town":"親川"}],"1147":[{"pref":"沖縄県","city":"名護市","town":"田井等"}],"1151":[{"pref":"沖縄県","city":"名護市","town":"振慶名"}],"1152":[{"pref":"沖縄県","city":"名護市","town":"伊差川"}],"1153":[{"pref":"沖縄県","city":"名護市","town":"仲尾"}],"1154":[{"pref":"沖縄県","city":"名護市","town":"呉我"}],"1155":[{"pref":"沖縄県","city":"名護市","town":"我部祖河"}],"1156":[{"pref":"沖縄県","city":"名護市","town":"古我知"}],"1200":[{"pref":"沖縄県","city":"国頭郡東村","town":"以下に掲載がない場合"}],"1201":[{"pref":"沖縄県","city":"国頭郡東村","town":"高江"}],"1202":[{"pref":"沖縄県","city":"国頭郡東村","town":"宮城"}],"1203":[{"pref":"沖縄県","city":"国頭郡東村","town":"川田"}],"1204":[{"pref":"沖縄県","city":"国頭郡東村","town":"平良"}],"1205":[{"pref":"沖縄県","city":"国頭郡東村","town":"慶佐次"}],"1206":[{"pref":"沖縄県","city":"国頭郡東村","town":"有銘"}],"1300":[{"pref":"沖縄県","city":"国頭郡大宜味村","town":"以下に掲載がない場合"}],"1301":[{"pref":"沖縄県","city":"国頭郡大宜味村","town":"田嘉里"}],"1302":[{"pref":"沖縄県","city":"国頭郡大宜味村","town":"謝名城"}],"1303":[{"pref":"沖縄県","city":"国頭郡大宜味村","town":"喜如嘉"}],"1304":[{"pref":"沖縄県","city":"国頭郡大宜味村","town":"饒波"}],"1305":[{"pref":"沖縄県","city":"国頭郡大宜味村","town":"大兼久"}],"1306":[{"pref":"沖縄県","city":"国頭郡大宜味村","town":"大宜味"}],"1307":[{"pref":"沖縄県","city":"国頭郡大宜味村","town":"根路銘"}],"1308":[{"pref":"沖縄県","city":"国頭郡大宜味村","town":"上原"}],"1311":[{"pref":"沖縄県","city":"国頭郡大宜味村","town":"塩屋"}],"1312":[{"pref":"沖縄県","city":"国頭郡大宜味村","town":"屋古"}],"1313":[{"pref":"沖縄県","city":"国頭郡大宜味村","town":"押川"}],"1314":[{"pref":"沖縄県","city":"国頭郡大宜味村","town":"田港"}],"1315":[{"pref":"沖縄県","city":"国頭郡大宜味村","town":"大保"}],"1316":[{"pref":"沖縄県","city":"国頭郡大宜味村","town":"白浜"}],"1317":[{"pref":"沖縄県","city":"国頭郡大宜味村","town":"江洲"}],"1318":[{"pref":"沖縄県","city":"国頭郡大宜味村","town":"津波"}],"1319":[{"pref":"沖縄県","city":"国頭郡大宜味村","town":"宮城"}],"1400":[{"pref":"沖縄県","city":"国頭郡国頭村","town":"以下に掲載がない場合"}],"1411":[{"pref":"沖縄県","city":"国頭郡国頭村","town":"辺土名"}],"1412":[{"pref":"沖縄県","city":"国頭郡国頭村","town":"奥間"}],"1413":[{"pref":"沖縄県","city":"国頭郡国頭村","town":"比地"}],"1414":[{"pref":"沖縄県","city":"国頭郡国頭村","town":"半地"}],"1415":[{"pref":"沖縄県","city":"国頭郡国頭村","town":"浜"}],"1416":[{"pref":"沖縄県","city":"国頭郡国頭村","town":"鏡地"}],"1417":[{"pref":"沖縄県","city":"国頭郡国頭村","town":"桃原"}],"1421":[{"pref":"沖縄県","city":"国頭郡国頭村","town":"辺戸"}],"1422":[{"pref":"沖縄県","city":"国頭郡国頭村","town":"宜名真"}],"1423":[{"pref":"沖縄県","city":"国頭郡国頭村","town":"宇嘉"}],"1424":[{"pref":"沖縄県","city":"国頭郡国頭村","town":"辺野喜"}],"1425":[{"pref":"沖縄県","city":"国頭郡国頭村","town":"佐手"}],"1426":[{"pref":"沖縄県","city":"国頭郡国頭村","town":"謝敷"}],"1427":[{"pref":"沖縄県","city":"国頭郡国頭村","town":"与那"}],"1428":[{"pref":"沖縄県","city":"国頭郡国頭村","town":"伊地"}],"1429":[{"pref":"沖縄県","city":"国頭郡国頭村","town":"宇良"}],"1501":[{"pref":"沖縄県","city":"国頭郡国頭村","town":"奥"}],"1502":[{"pref":"沖縄県","city":"国頭郡国頭村","town":"楚洲"}],"1503":[{"pref":"沖縄県","city":"国頭郡国頭村","town":"安田"}],"1504":[{"pref":"沖縄県","city":"国頭郡国頭村","town":"安波"}],"1631":[{"pref":"沖縄県","city":"名護市","town":"屋我"}],"1632":[{"pref":"沖縄県","city":"名護市","town":"饒平名"}],"1633":[{"pref":"沖縄県","city":"名護市","town":"我部"}],"1634":[{"pref":"沖縄県","city":"名護市","town":"運天原"}],"1635":[{"pref":"沖縄県","city":"名護市","town":"済井出"}],"2171":[{"pref":"沖縄県","city":"名護市","town":"辺野古"}],"2172":[{"pref":"沖縄県","city":"名護市","town":"豊原"}],"2173":[{"pref":"沖縄県","city":"名護市","town":"久志"}],"2261":[{"pref":"沖縄県","city":"名護市","town":"天仁屋"}],"2262":[{"pref":"沖縄県","city":"名護市","town":"嘉陽"}],"2263":[{"pref":"沖縄県","city":"名護市","town":"安部"}],"2264":[{"pref":"沖縄県","city":"名護市","town":"三原"}],"2265":[{"pref":"沖縄県","city":"名護市","town":"汀間"}],"2266":[{"pref":"沖縄県","city":"名護市","town":"瀬嵩"}],"2267":[{"pref":"沖縄県","city":"名護市","town":"大浦"}],"2268":[{"pref":"沖縄県","city":"名護市","town":"大川"}],"2269":[{"pref":"沖縄県","city":"名護市","town":"二見"}],"0000":[{"pref":"沖縄県","city":"名護市","town":"以下に掲載がない場合"}],"0021":[{"pref":"沖縄県","city":"名護市","town":"東江"}],"0003":[{"pref":"沖縄県","city":"名護市","town":"旭川"}],"0001":[{"pref":"沖縄県","city":"名護市","town":"安和"}],"0006":[{"pref":"沖縄県","city":"名護市","town":"宇茂佐"}],"0009":[{"pref":"沖縄県","city":"名護市","town":"宇茂佐の森"}],"0019":[{"pref":"沖縄県","city":"名護市","town":"大北"}],"0017":[{"pref":"沖縄県","city":"名護市","town":"大中"}],"0018":[{"pref":"沖縄県","city":"名護市","town":"大西"}],"0016":[{"pref":"沖縄県","city":"名護市","town":"大東"}],"0015":[{"pref":"沖縄県","city":"名護市","town":"大南"}],"0002":[{"pref":"沖縄県","city":"名護市","town":"勝山"}],"0026":[{"pref":"沖縄県","city":"名護市","town":"喜瀬"}],"0024":[{"pref":"沖縄県","city":"名護市","town":"許田"}],"0013":[{"pref":"沖縄県","city":"名護市","town":"城"}],"0025":[{"pref":"沖縄県","city":"名護市","town":"幸喜"}],"0023":[{"pref":"沖縄県","city":"名護市","town":"数久田"}],"0004":[{"pref":"沖縄県","city":"名護市","town":"中山"}],"0012":[{"pref":"沖縄県","city":"名護市","town":"名護"}],"0005":[{"pref":"沖縄県","city":"名護市","town":"為又"}],"0014":[{"pref":"沖縄県","city":"名護市","town":"港"}],"0011":[{"pref":"沖縄県","city":"名護市","town":"宮里"}],"0007":[{"pref":"沖縄県","city":"名護市","town":"屋部"}],"0008":[{"pref":"沖縄県","city":"名護市","town":"山入端"}],"0022":[{"pref":"沖縄県","city":"名護市","town":"世冨慶"}],"0400":[{"pref":"沖縄県","city":"国頭郡今帰仁村","town":"以下に掲載がない場合"}],"0411":[{"pref":"沖縄県","city":"国頭郡今帰仁村","town":"天底"}],"0428":[{"pref":"沖縄県","city":"国頭郡今帰仁村","town":"今泊"}],"0403":[{"pref":"沖縄県","city":"国頭郡今帰仁村","town":"運天"}],"0427":[{"pref":"沖縄県","city":"国頭郡今帰仁村","town":"兼次"}],"0404":[{"pref":"沖縄県","city":"国頭郡今帰仁村","town":"上運天"}],"0406":[{"pref":"沖縄県","city":"国頭郡今帰仁村","town":"古宇利"}],"0421":[{"pref":"沖縄県","city":"国頭郡今帰仁村","town":"越地"}],"0413":[{"pref":"沖縄県","city":"国頭郡今帰仁村","town":"呉我山"}],"0422":[{"pref":"沖縄県","city":"国頭郡今帰仁村","town":"崎山"}],"0414":[{"pref":"沖縄県","city":"国頭郡今帰仁村","town":"謝名"}],"0426":[{"pref":"沖縄県","city":"国頭郡今帰仁村","town":"諸志"}],"0405":[{"pref":"沖縄県","city":"国頭郡今帰仁村","town":"勢理客"}],"0415":[{"pref":"沖縄県","city":"国頭郡今帰仁村","town":"玉城"}],"0402":[{"pref":"沖縄県","city":"国頭郡今帰仁村","town":"渡喜仁"}],"0424":[{"pref":"沖縄県","city":"国頭郡今帰仁村","town":"仲尾次"}],"0401":[{"pref":"沖縄県","city":"国頭郡今帰仁村","town":"仲宗根"}],"0423":[{"pref":"沖縄県","city":"国頭郡今帰仁村","town":"平敷"}],"0425":[{"pref":"沖縄県","city":"国頭郡今帰仁村","town":"与那嶺"}],"0412":[{"pref":"沖縄県","city":"国頭郡今帰仁村","town":"湧川"}],"0200":[{"pref":"沖縄県","city":"国頭郡本部町","town":"以下に掲載がない場合"}],"0206":[{"pref":"沖縄県","city":"国頭郡本部町","town":"石川"}],"0221":[{"pref":"沖縄県","city":"国頭郡本部町","town":"伊豆味"}],"0228":[{"pref":"沖縄県","city":"国頭郡本部町","town":"伊野波"}],"0229":[{"pref":"沖縄県","city":"国頭郡本部町","town":"大堂"}],"0217":[{"pref":"沖縄県","city":"国頭郡本部町","town":"浦崎"}],"0223":[{"pref":"沖縄県","city":"国頭郡本部町","town":"大嘉陽"}],"0212":[{"pref":"沖縄県","city":"国頭郡本部町","town":"大浜"}],"0202":[{"pref":"沖縄県","city":"国頭郡本部町","town":"嘉津宇"}],"0209":[{"pref":"沖縄県","city":"国頭郡本部町","town":"北里"}],"0201":[{"pref":"沖縄県","city":"国頭郡本部町","town":"具志堅"}],"0226":[{"pref":"沖縄県","city":"国頭郡本部町","town":"健堅"}],"0225":[{"pref":"沖縄県","city":"国頭郡本部町","town":"崎本部"}],"0203":[{"pref":"沖縄県","city":"国頭郡本部町","town":"謝花"}],"0208":[{"pref":"沖縄県","city":"国頭郡本部町","town":"新里"}],"0227":[{"pref":"沖縄県","city":"国頭郡本部町","town":"瀬底"}],"0213":[{"pref":"沖縄県","city":"国頭郡本部町","town":"谷茶"}],"0214":[{"pref":"沖縄県","city":"国頭郡本部町","town":"渡久地"}],"0204":[{"pref":"沖縄県","city":"国頭郡本部町","town":"豊原"}],"0222":[{"pref":"沖縄県","city":"国頭郡本部町","town":"並里"}],"0215":[{"pref":"沖縄県","city":"国頭郡本部町","town":"野原"}],"0216":[{"pref":"沖縄県","city":"国頭郡本部町","town":"浜元"}],"0211":[{"pref":"沖縄県","city":"国頭郡本部町","town":"東"}],"0207":[{"pref":"沖縄県","city":"国頭郡本部町","town":"備瀬"}],"0218":[{"pref":"沖縄県","city":"国頭郡本部町","town":"古島"}],"0224":[{"pref":"沖縄県","city":"国頭郡本部町","town":"辺名地"}],"0205":[{"pref":"沖縄県","city":"国頭郡本部町","town":"山川"}],"0219":[{"pref":"沖縄県","city":"国頭郡本部町","town":"山里"}],"0500":[{"pref":"沖縄県","city":"国頭郡伊江村","town":"以下に掲載がない場合"}],"0503":[{"pref":"沖縄県","city":"国頭郡伊江村","town":"川平"}],"0505":[{"pref":"沖縄県","city":"国頭郡伊江村","town":"西江上"}],"0504":[{"pref":"沖縄県","city":"国頭郡伊江村","town":"西江前"}],"0501":[{"pref":"沖縄県","city":"国頭郡伊江村","town":"東江上"}],"0502":[{"pref":"沖縄県","city":"国頭郡伊江村","town":"東江前"}],"0700":[{"pref":"沖縄県","city":"島尻郡伊平屋村","town":"以下に掲載がない場合"}],"0703":[{"pref":"沖縄県","city":"島尻郡伊平屋村","town":"我喜屋"}],"0704":[{"pref":"沖縄県","city":"島尻郡伊平屋村","town":"島尻"}],"0701":[{"pref":"沖縄県","city":"島尻郡伊平屋村","town":"田名"}],"0705":[{"pref":"沖縄県","city":"島尻郡伊平屋村","town":"野甫"}],"0702":[{"pref":"沖縄県","city":"島尻郡伊平屋村","town":"前泊"}],"0600":[{"pref":"沖縄県","city":"島尻郡伊是名村","town":"以下に掲載がない場合"}],"0604":[{"pref":"沖縄県","city":"島尻郡伊是名村","town":"伊是名"}],"0601":[{"pref":"沖縄県","city":"島尻郡伊是名村","town":"内花"}],"0602":[{"pref":"沖縄県","city":"島尻郡伊是名村","town":"諸見"}],"0605":[{"pref":"沖縄県","city":"島尻郡伊是名村","town":"勢理客"}],"0603":[{"pref":"沖縄県","city":"島尻郡伊是名村","town":"仲田"}]}