{"0043":[{"pref":"千葉県","city":"松戸市","town":"旭町"}],"0076":[{"pref":"千葉県","city":"松戸市","town":"岩瀬"}],"0064":[{"pref":"千葉県","city":"松戸市","town":"上本郷"}],"0094":[{"pref":"千葉県","city":"松戸市","town":"上矢切"}],"0063":[{"pref":"千葉県","city":"松戸市","town":"北松戸"}],"0097":[{"pref":"千葉県","city":"松戸市","town":"栗山"}],"0068":[{"pref":"千葉県","city":"松戸市","town":"古ケ崎"}],"0073":[{"pref":"千葉県","city":"松戸市","town":"小根本"}],"0093":[{"pref":"千葉県","city":"松戸市","town":"小山"}],"0075":[{"pref":"千葉県","city":"松戸市","town":"胡録台"}],"0062":[{"pref":"千葉県","city":"松戸市","town":"栄町"}],"0061":[{"pref":"千葉県","city":"松戸市","town":"栄町西"}],"0041":[{"pref":"千葉県","city":"松戸市","town":"七右衛門新田"}],"0096":[{"pref":"千葉県","city":"松戸市","town":"下矢切"}],"0052":[{"pref":"千葉県","city":"松戸市","town":"新作"}],"0072":[{"pref":"千葉県","city":"松戸市","town":"竹ケ花"}],"0071":[{"pref":"千葉県","city":"松戸市","town":"竹ケ花西町"}],"0053":[{"pref":"千葉県","city":"松戸市","town":"中根"}],"0054":[{"pref":"千葉県","city":"松戸市","town":"中根長津町"}],"0095":[{"pref":"千葉県","city":"松戸市","town":"中矢切"}],"0044":[{"pref":"千葉県","city":"松戸市","town":"西馬橋"}],"0045":[{"pref":"千葉県","city":"松戸市","town":"西馬橋相川町"}],"0046":[{"pref":"千葉県","city":"松戸市","town":"西馬橋蔵元町"}],"0047":[{"pref":"千葉県","city":"松戸市","town":"西馬橋幸町"}],"0048":[{"pref":"千葉県","city":"松戸市","town":"西馬橋広手町"}],"0088":[{"pref":"千葉県","city":"松戸市","town":"二十世紀が丘柿の木町"}],"0082":[{"pref":"千葉県","city":"松戸市","town":"二十世紀が丘戸山町"}],"0085":[{"pref":"千葉県","city":"松戸市","town":"二十世紀が丘中松町"}],"0083":[{"pref":"千葉県","city":"松戸市","town":"二十世紀が丘梨元町"}],"0086":[{"pref":"千葉県","city":"松戸市","town":"二十世紀が丘萩町"}],"0084":[{"pref":"千葉県","city":"松戸市","town":"二十世紀が丘丸山町"}],"0081":[{"pref":"千葉県","city":"松戸市","town":"二十世紀が丘美野里町"}],"0077":[{"pref":"千葉県","city":"松戸市","town":"根本"}],"0067":[{"pref":"千葉県","city":"松戸市","town":"樋野口"}],"0091":[{"pref":"千葉県","city":"松戸市","town":"本町"}],"0092":[{"pref":"千葉県","city":"松戸市","town":"松戸"}],"0051":[{"pref":"千葉県","city":"松戸市","town":"馬橋"}],"0074":[{"pref":"千葉県","city":"松戸市","town":"緑ケ丘"}],"0065":[{"pref":"千葉県","city":"松戸市","town":"南花島"}],"0087":[{"pref":"千葉県","city":"松戸市","town":"三矢小台"}],"0042":[{"pref":"千葉県","city":"松戸市","town":"主水新田"}],"0066":[{"pref":"千葉県","city":"松戸市","town":"吉井町"}]}