{"0000":[{"pref":"茨城県","city":"常総市","town":"以下に掲載がない場合"}],"0002":[{"pref":"茨城県","city":"常総市","town":"相野谷町"}],"0011":[{"pref":"茨城県","city":"常総市","town":"東町"}],"0016":[{"pref":"茨城県","city":"常総市","town":"新井木町"}],"0043":[{"pref":"茨城県","city":"常総市","town":"内守谷町"}],"0046":[{"pref":"茨城県","city":"常総市","town":"内守谷町きぬの里"}],"0012":[{"pref":"茨城県","city":"常総市","town":"大崎町"}],"0045":[{"pref":"茨城県","city":"常総市","town":"大塚戸町"}],"0006":[{"pref":"茨城県","city":"常総市","town":"小山戸町"}],"0042":[{"pref":"茨城県","city":"常総市","town":"坂手町"}],"0018":[{"pref":"茨城県","city":"常総市","town":"十花町"}],"0044":[{"pref":"茨城県","city":"常総市","town":"菅生町"}],"0015":[{"pref":"茨城県","city":"常総市","town":"長助町"}],"0041":[{"pref":"茨城県","city":"常総市","town":"豊岡町"}],"0001":[{"pref":"茨城県","city":"常総市","town":"中山町"}],"0014":[{"pref":"茨城県","city":"常総市","town":"兵町"}],"0017":[{"pref":"茨城県","city":"常総市","town":"平町"}],"0025":[{"pref":"茨城県","city":"常総市","town":"水海道亀岡町"}],"0032":[{"pref":"茨城県","city":"常総市","town":"水海道川又町"}],"0033":[{"pref":"茨城県","city":"常総市","town":"水海道高野町"}],"0024":[{"pref":"茨城県","city":"常総市","town":"水海道栄町"}],"0021":[{"pref":"茨城県","city":"常総市","town":"水海道諏訪町"}],"0023":[{"pref":"茨城県","city":"常総市","town":"水海道宝町"}],"0034":[{"pref":"茨城県","city":"常総市","town":"水海道天満町"}],"0003":[{"pref":"茨城県","city":"常総市","town":"水海道橋本町"}],"0022":[{"pref":"茨城県","city":"常総市","town":"水海道淵頭町"}],"0026":[{"pref":"茨城県","city":"常総市","town":"水海道本町"}],"0004":[{"pref":"茨城県","city":"常総市","town":"水海道元町"}],"0005":[{"pref":"茨城県","city":"常総市","town":"水海道森下町"}],"0031":[{"pref":"茨城県","city":"常総市","town":"水海道山田町"}],"0013":[{"pref":"茨城県","city":"常総市","town":"箕輪町"}]}