{"0063":[{"pref":"東京都","city":"品川区","town":"荏原"}],"0062":[{"pref":"東京都","city":"品川区","town":"小山"}],"0061":[{"pref":"東京都","city":"品川区","town":"小山台"}],"0041":[{"pref":"東京都","city":"品川区","town":"戸越"}],"0053":[{"pref":"東京都","city":"品川区","town":"中延"}],"0054":[{"pref":"東京都","city":"品川区","town":"西中延"}],"0064":[{"pref":"東京都","city":"品川区","town":"旗の台"}],"0052":[{"pref":"東京都","city":"品川区","town":"東中延"}],"0051":[{"pref":"東京都","city":"品川区","town":"平塚"}],"0043":[{"pref":"東京都","city":"品川区","town":"二葉"}],"0042":[{"pref":"東京都","city":"品川区","town":"豊町"}]}