{"高松市":{"以下に掲載がない場合":[{"zip":"7600000","zip1":"760","zip2":"0000"}],"茜町":[{"zip":"7600002","zip1":"760","zip2":"0002"}],"朝日新町":[{"zip":"7600064","zip1":"760","zip2":"0064"}],"朝日町":[{"zip":"7600065","zip1":"760","zip2":"0065"}],"庵治町":[{"zip":"7610130","zip1":"761","zip2":"0130"}],"飯田町":[{"zip":"7618033","zip1":"761","zip2":"8033"}],"生島町":[{"zip":"7618002","zip1":"761","zip2":"8002"}],"井口町":[{"zip":"7600038","zip1":"760","zip2":"0038"}],"池田町":[{"zip":"7610444","zip1":"761","zip2":"0444"}],"一宮町":[{"zip":"7618084","zip1":"761","zip2":"8084"}],"今里町":[{"zip":"7600078","zip1":"760","zip2":"0078"}],"今新町":[{"zip":"7600043","zip1":"760","zip2":"0043"}],"植松町":[{"zip":"7618005","zip1":"761","zip2":"8005"}],"内町":[{"zip":"7600034","zip1":"760","zip2":"0034"}],"円座町":[{"zip":"7618044","zip1":"761","zip2":"8044"}],"扇町":[{"zip":"7600013","zip1":"760","zip2":"0013"}],"太田上町":[{"zip":"7618074","zip1":"761","zip2":"8074"}],"太田下町":[{"zip":"7618073","zip1":"761","zip2":"8073"}],"岡本町":[{"zip":"7618047","zip1":"761","zip2":"8047"}],"男木町":[{"zip":"7600091","zip1":"760","zip2":"0091"}],"小村町":[{"zip":"7610431","zip1":"761","zip2":"0431"}],"香川町浅野":[{"zip":"7611703","zip1":"761","zip2":"1703"}],"香川町大野":[{"zip":"7611701","zip1":"761","zip2":"1701"}],"香川町川内原":[{"zip":"7611704","zip1":"761","zip2":"1704"}],"香川町川東上":[{"zip":"7611706","zip1":"761","zip2":"1706"}],"香川町川東下":[{"zip":"7611705","zip1":"761","zip2":"1705"}],"香川町寺井":[{"zip":"7611702","zip1":"761","zip2":"1702"}],"香川町東谷":[{"zip":"7611707","zip1":"761","zip2":"1707"}],"香川町安原下":[{"zip":"7611708","zip1":"761","zip2":"1708"}],"鍛冶屋町":[{"zip":"7600028","zip1":"760","zip2":"0028"}],"春日町":[{"zip":"7610101","zip1":"761","zip2":"0101"}],"片原町":[{"zip":"7600040","zip1":"760","zip2":"0040"}],"鹿角町":[{"zip":"7618082","zip1":"761","zip2":"8082"}],"上天神町":[{"zip":"7618056","zip1":"761","zip2":"8056"}],"上之町":[{"zip":"7618064","zip1":"761","zip2":"8064"}],"上林町":[{"zip":"7610302","zip1":"761","zip2":"0302"}],"上福岡町":[{"zip":"7600077","zip1":"760","zip2":"0077"}],"紙町":[{"zip":"7618055","zip1":"761","zip2":"8055"}],"亀井町":[{"zip":"7600050","zip1":"760","zip2":"0050"}],"亀岡町":[{"zip":"7600006","zip1":"760","zip2":"0006"}],"亀田町":[{"zip":"7610323","zip1":"761","zip2":"0323"}],"亀田南町":[{"zip":"7610432","zip1":"761","zip2":"0432"}],"川島東町":[{"zip":"7610443","zip1":"761","zip2":"0443"}],"川島本町":[{"zip":"7610442","zip1":"761","zip2":"0442"}],"川部町":[{"zip":"7618046","zip1":"761","zip2":"8046"}],"瓦町":[{"zip":"7600052","zip1":"760","zip2":"0052"}],"観光町":[{"zip":"7600076","zip1":"760","zip2":"0076"}],"観光通":[{"zip":"7600055","zip1":"760","zip2":"0055"}],"木太町":[{"zip":"7600080","zip1":"760","zip2":"0080"}],"北浜町":[{"zip":"7600031","zip1":"760","zip2":"0031"}],"鬼無町鬼無":[{"zip":"7618026","zip1":"761","zip2":"8026"}],"鬼無町是竹":[{"zip":"7618021","zip1":"761","zip2":"8021"}],"鬼無町佐藤":[{"zip":"7618023","zip1":"761","zip2":"8023"}],"鬼無町佐料":[{"zip":"7618022","zip1":"761","zip2":"8022"}],"鬼無町藤井":[{"zip":"7618024","zip1":"761","zip2":"8024"}],"鬼無町山口":[{"zip":"7618025","zip1":"761","zip2":"8025"}],"楠上町":[{"zip":"7600075","zip1":"760","zip2":"0075"}],"香西東町":[{"zip":"7618013","zip1":"761","zip2":"8013"}],"香西西町":[{"zip":"7618015","zip1":"761","zip2":"8015"}],"香西南町":[{"zip":"7618014","zip1":"761","zip2":"8014"}],"香西北町":[{"zip":"7618011","zip1":"761","zip2":"8011"}],"香西本町":[{"zip":"7618012","zip1":"761","zip2":"8012"}],"郷東町":[{"zip":"7618031","zip1":"761","zip2":"8031"}],"香南町池内":[{"zip":"7611405","zip1":"761","zip2":"1405"}],"香南町岡":[{"zip":"7611401","zip1":"761","zip2":"1401"}],"香南町西庄":[{"zip":"7611406","zip1":"761","zip2":"1406"}],"香南町由佐":[{"zip":"7611402","zip1":"761","zip2":"1402"}],"香南町横井":[{"zip":"7611404","zip1":"761","zip2":"1404"}],"香南町吉光":[{"zip":"7611403","zip1":"761","zip2":"1403"}],"国分寺町柏原":[{"zip":"7690105","zip1":"769","zip2":"0105"}],"国分寺町国分":[{"zip":"7690102","zip1":"769","zip2":"0102"}],"国分寺町新名":[{"zip":"7690104","zip1":"769","zip2":"0104"}],"国分寺町新居":[{"zip":"7690101","zip1":"769","zip2":"0101"}],"国分寺町福家":[{"zip":"7690103","zip1":"769","zip2":"0103"}],"寿町":[{"zip":"7600023","zip1":"760","zip2":"0023"}],"御坊町":[{"zip":"7600044","zip1":"760","zip2":"0044"}],"紺屋町":[{"zip":"7600027","zip1":"760","zip2":"0027"}],"西宝町":[{"zip":"7600004","zip1":"760","zip2":"0004"}],"幸町":[{"zip":"7600016","zip1":"760","zip2":"0016"}],"桜町":[{"zip":"7600074","zip1":"760","zip2":"0074"}],"三条町":[{"zip":"7618072","zip1":"761","zip2":"8072"}],"サンポート":[{"zip":"7600019","zip1":"760","zip2":"0019"}],"三名町":[{"zip":"7618083","zip1":"761","zip2":"8083"}],"紫雲町":[{"zip":"7600015","zip1":"760","zip2":"0015"}],"塩上町":[{"zip":"7600062","zip1":"760","zip2":"0062"}],"塩江町上西乙":[{"zip":"7611614","zip1":"761","zip2":"1614"}],"塩江町上西甲":[{"zip":"7611613","zip1":"761","zip2":"1613"}],"塩江町安原上":[{"zip":"7611611","zip1":"761","zip2":"1611"}],"塩江町安原上東":[{"zip":"7611612","zip1":"761","zip2":"1612"}],"塩江町安原下（上小田）":[{"zip":"7611615","zip1":"761","zip2":"1615"}],"塩江町安原下（炭谷）":[{"zip":"7611615","zip1":"761","zip2":"1615"}],"塩江町安原下（第１号）":[{"zip":"7611501","zip1":"761","zip2":"1501"}],"塩江町安原下（第２号）":[{"zip":"7611502","zip1":"761","zip2":"1502"}],"塩江町安原下（第３号）":[{"zip":"7611503","zip1":"761","zip2":"1503"}],"塩江町安原下（その他）":[{"zip":"7611504","zip1":"761","zip2":"1504"}],"塩屋町":[{"zip":"7600047","zip1":"760","zip2":"0047"}],"下田井町":[{"zip":"7610313","zip1":"761","zip2":"0313"}],"出作町":[{"zip":"7618077","zip1":"761","zip2":"8077"}],"城東町":[{"zip":"7600036","zip1":"760","zip2":"0036"}],"昭和町":[{"zip":"7600014","zip1":"760","zip2":"0014"}],"新北町":[{"zip":"7600001","zip1":"760","zip2":"0001"}],"神在川窪町":[{"zip":"7618003","zip1":"761","zip2":"8003"}],"新田町甲":[{"zip":"7610102","zip1":"761","zip2":"0102"}],"新田町乙":[{"zip":"7610103","zip1":"761","zip2":"0103"}],"末広町":[{"zip":"7600060","zip1":"760","zip2":"0060"}],"菅沢町":[{"zip":"7611616","zip1":"761","zip2":"1616"}],"瀬戸内町":[{"zip":"7600012","zip1":"760","zip2":"0012"}],"十川東町":[{"zip":"7610434","zip1":"761","zip2":"0434"}],"十川西町":[{"zip":"7610433","zip1":"761","zip2":"0433"}],"高松町":[{"zip":"7610104","zip1":"761","zip2":"0104"}],"多賀町":[{"zip":"7600063","zip1":"760","zip2":"0063"}],"多肥上町":[{"zip":"7618076","zip1":"761","zip2":"8076"}],"多肥下町":[{"zip":"7618075","zip1":"761","zip2":"8075"}],"田町":[{"zip":"7600053","zip1":"760","zip2":"0053"}],"玉藻町":[{"zip":"7600030","zip1":"760","zip2":"0030"}],"田村町":[{"zip":"7618057","zip1":"761","zip2":"8057"}],"亀水町":[{"zip":"7618001","zip1":"761","zip2":"8001"}],"大工町":[{"zip":"7600042","zip1":"760","zip2":"0042"}],"檀紙町":[{"zip":"7618041","zip1":"761","zip2":"8041"}],"中央町":[{"zip":"7600007","zip1":"760","zip2":"0007"}],"勅使町":[{"zip":"7618058","zip1":"761","zip2":"8058"}],"築地町":[{"zip":"7600061","zip1":"760","zip2":"0061"}],"鶴市町（台山）":[{"zip":"7600093","zip1":"760","zip2":"0093"}],"鶴市町（その他）":[{"zip":"7618032","zip1":"761","zip2":"8032"}],"鶴屋町":[{"zip":"7600035","zip1":"760","zip2":"0035"}],"寺井町":[{"zip":"7618085","zip1":"761","zip2":"8085"}],"天神前":[{"zip":"7600018","zip1":"760","zip2":"0018"}],"通町":[{"zip":"7600046","zip1":"760","zip2":"0046"}],"常磐町":[{"zip":"7600054","zip1":"760","zip2":"0054"}],"磨屋町":[{"zip":"7600026","zip1":"760","zip2":"0026"}],"中新町":[{"zip":"7600056","zip1":"760","zip2":"0056"}],"中間町":[{"zip":"7618043","zip1":"761","zip2":"8043"}],"中野町":[{"zip":"7600008","zip1":"760","zip2":"0008"}],"中山町":[{"zip":"7618004","zip1":"761","zip2":"8004"}],"成合町":[{"zip":"7618081","zip1":"761","zip2":"8081"}],"西植田町":[{"zip":"7610445","zip1":"761","zip2":"0445"}],"西内町":[{"zip":"7600022","zip1":"760","zip2":"0022"}],"西春日町":[{"zip":"7618051","zip1":"761","zip2":"8051"}],"錦町":[{"zip":"7600020","zip1":"760","zip2":"0020"}],"西の丸町":[{"zip":"7600021","zip1":"760","zip2":"0021"}],"西ハゼ町":[{"zip":"7618053","zip1":"761","zip2":"8053"}],"西町":[{"zip":"7600003","zip1":"760","zip2":"0003"}],"西山崎町":[{"zip":"7618045","zip1":"761","zip2":"8045"}],"旅籠町":[{"zip":"7600057","zip1":"760","zip2":"0057"}],"花園町":[{"zip":"7600072","zip1":"760","zip2":"0072"}],"花ノ宮町":[{"zip":"7618063","zip1":"761","zip2":"8063"}],"浜ノ町":[{"zip":"7600011","zip1":"760","zip2":"0011"}],"林町":[{"zip":"7610301","zip1":"761","zip2":"0301"}],"番町":[{"zip":"7600017","zip1":"760","zip2":"0017"}],"東植田町":[{"zip":"7610446","zip1":"761","zip2":"0446"}],"東田町":[{"zip":"7600058","zip1":"760","zip2":"0058"}],"東ハゼ町":[{"zip":"7618054","zip1":"761","zip2":"8054"}],"東浜町":[{"zip":"7600037","zip1":"760","zip2":"0037"}],"東山崎町":[{"zip":"7610312","zip1":"761","zip2":"0312"}],"百間町":[{"zip":"7600041","zip1":"760","zip2":"0041"}],"兵庫町":[{"zip":"7600024","zip1":"760","zip2":"0024"}],"福岡町":[{"zip":"7600066","zip1":"760","zip2":"0066"}],"福田町":[{"zip":"7600048","zip1":"760","zip2":"0048"}],"藤塚町":[{"zip":"7600071","zip1":"760","zip2":"0071"}],"伏石町":[{"zip":"7618071","zip1":"761","zip2":"8071"}],"古新町":[{"zip":"7600025","zip1":"760","zip2":"0025"}],"古馬場町":[{"zip":"7600045","zip1":"760","zip2":"0045"}],"仏生山町甲":[{"zip":"7618078","zip1":"761","zip2":"8078"}],"仏生山町乙":[{"zip":"7618079","zip1":"761","zip2":"8079"}],"本町":[{"zip":"7600032","zip1":"760","zip2":"0032"}],"前田東町":[{"zip":"7610322","zip1":"761","zip2":"0322"}],"前田西町":[{"zip":"7610321","zip1":"761","zip2":"0321"}],"松島町":[{"zip":"7600068","zip1":"760","zip2":"0068"}],"松並町":[{"zip":"7618052","zip1":"761","zip2":"8052"}],"松縄町":[{"zip":"7600079","zip1":"760","zip2":"0079"}],"松福町":[{"zip":"7600067","zip1":"760","zip2":"0067"}],"丸亀町":[{"zip":"7600029","zip1":"760","zip2":"0029"}],"丸の内":[{"zip":"7600033","zip1":"760","zip2":"0033"}],"三谷町":[{"zip":"7610450","zip1":"761","zip2":"0450"}],"南新町":[{"zip":"7600051","zip1":"760","zip2":"0051"}],"峰山町":[{"zip":"7600009","zip1":"760","zip2":"0009"}],"御厩町":[{"zip":"7618042","zip1":"761","zip2":"8042"}],"宮脇町":[{"zip":"7600005","zip1":"760","zip2":"0005"}],"牟礼町大町":[{"zip":"7610122","zip1":"761","zip2":"0122"}],"牟礼町原":[{"zip":"7610123","zip1":"761","zip2":"0123"}],"牟礼町牟礼":[{"zip":"7610121","zip1":"761","zip2":"0121"}],"室新町":[{"zip":"7618062","zip1":"761","zip2":"8062"}],"室町":[{"zip":"7618061","zip1":"761","zip2":"8061"}],"女木町":[{"zip":"7600092","zip1":"760","zip2":"0092"}],"元山町":[{"zip":"7610311","zip1":"761","zip2":"0311"}],"八坂町":[{"zip":"7600049","zip1":"760","zip2":"0049"}],"屋島中町":[{"zip":"7610112","zip1":"761","zip2":"0112"}],"屋島東町":[{"zip":"7610111","zip1":"761","zip2":"0111"}],"屋島西町":[{"zip":"7610113","zip1":"761","zip2":"0113"}],"由良町":[{"zip":"7610441","zip1":"761","zip2":"0441"}],"栗林町":[{"zip":"7600073","zip1":"760","zip2":"0073"}],"六条町":[{"zip":"7610303","zip1":"761","zip2":"0303"}]},"丸亀市":{"以下に掲載がない場合":[{"zip":"7630000","zip1":"763","zip2":"0000"}],"綾歌町岡田上":[{"zip":"7612401","zip1":"761","zip2":"2401"}],"綾歌町岡田下":[{"zip":"7612402","zip1":"761","zip2":"2402"}],"綾歌町岡田東":[{"zip":"7612404","zip1":"761","zip2":"2404"}],"綾歌町岡田西":[{"zip":"7612403","zip1":"761","zip2":"2403"}],"綾歌町栗熊東":[{"zip":"7612406","zip1":"761","zip2":"2406"}],"綾歌町栗熊西":[{"zip":"7612405","zip1":"761","zip2":"2405"}],"綾歌町富熊（富士見坂）":[{"zip":"7612408","zip1":"761","zip2":"2408"}],"綾歌町富熊（その他）":[{"zip":"7612407","zip1":"761","zip2":"2407"}],"飯野町東二":[{"zip":"7630084","zip1":"763","zip2":"0084"}],"飯野町東分":[{"zip":"7630085","zip1":"763","zip2":"0085"}],"飯野町西分":[{"zip":"7630086","zip1":"763","zip2":"0086"}],"一番丁":[{"zip":"7630025","zip1":"763","zip2":"0025"}],"今津町":[{"zip":"7630051","zip1":"763","zip2":"0051"}],"魚屋町":[{"zip":"7630006","zip1":"763","zip2":"0006"}],"牛島":[{"zip":"7630231","zip1":"763","zip2":"0231"}],"大手町":[{"zip":"7630034","zip1":"763","zip2":"0034"}],"金倉町":[{"zip":"7630053","zip1":"763","zip2":"0053"}],"葭町":[{"zip":"7630003","zip1":"763","zip2":"0003"}],"川西町南":[{"zip":"7630092","zip1":"763","zip2":"0092"}],"川西町北":[{"zip":"7630091","zip1":"763","zip2":"0091"}],"瓦町":[{"zip":"7630002","zip1":"763","zip2":"0002"}],"北平山町":[{"zip":"7630015","zip1":"763","zip2":"0015"}],"柞原町":[{"zip":"7630073","zip1":"763","zip2":"0073"}],"九番丁":[{"zip":"7630029","zip1":"763","zip2":"0029"}],"郡家町":[{"zip":"7630093","zip1":"763","zip2":"0093"}],"御供所町":[{"zip":"7630014","zip1":"763","zip2":"0014"}],"米屋町":[{"zip":"7630004","zip1":"763","zip2":"0004"}],"幸町":[{"zip":"7630048","zip1":"763","zip2":"0048"}],"三条町":[{"zip":"7630094","zip1":"763","zip2":"0094"}],"塩屋町":[{"zip":"7630065","zip1":"763","zip2":"0065"}],"七番丁":[{"zip":"7630027","zip1":"763","zip2":"0027"}],"十番丁":[{"zip":"7630030","zip1":"763","zip2":"0030"}],"城東町":[{"zip":"7630013","zip1":"763","zip2":"0013"}],"城南町":[{"zip":"7630031","zip1":"763","zip2":"0031"}],"城西町":[{"zip":"7630032","zip1":"763","zip2":"0032"}],"昭和町":[{"zip":"7630061","zip1":"763","zip2":"0061"}],"塩飽町":[{"zip":"7630024","zip1":"763","zip2":"0024"}],"新田町":[{"zip":"7630055","zip1":"763","zip2":"0055"}],"新浜町":[{"zip":"7630063","zip1":"763","zip2":"0063"}],"新町":[{"zip":"7630045","zip1":"763","zip2":"0045"}],"宗古町":[{"zip":"7630007","zip1":"763","zip2":"0007"}],"田村町":[{"zip":"7630071","zip1":"763","zip2":"0071"}],"垂水町":[{"zip":"7630095","zip1":"763","zip2":"0095"}],"津森町":[{"zip":"7630052","zip1":"763","zip2":"0052"}],"手島町":[{"zip":"7630111","zip1":"763","zip2":"0111"}],"天満町":[{"zip":"7630066","zip1":"763","zip2":"0066"}],"通町":[{"zip":"7630043","zip1":"763","zip2":"0043"}],"富屋町":[{"zip":"7630021","zip1":"763","zip2":"0021"}],"土居町":[{"zip":"7630012","zip1":"763","zip2":"0012"}],"土器町東":[{"zip":"7630082","zip1":"763","zip2":"0082"}],"土器町西":[{"zip":"7630081","zip1":"763","zip2":"0081"}],"土器町北":[{"zip":"7630083","zip1":"763","zip2":"0083"}],"中津町":[{"zip":"7630054","zip1":"763","zip2":"0054"}],"中府町":[{"zip":"7630033","zip1":"763","zip2":"0033"}],"南条町":[{"zip":"7630046","zip1":"763","zip2":"0046"}],"西平山町":[{"zip":"7630041","zip1":"763","zip2":"0041"}],"西本町":[{"zip":"7630047","zip1":"763","zip2":"0047"}],"八番丁":[{"zip":"7630028","zip1":"763","zip2":"0028"}],"浜町":[{"zip":"7630022","zip1":"763","zip2":"0022"}],"原田団地":[{"zip":"7630075","zip1":"763","zip2":"0075"}],"原田町":[{"zip":"7630074","zip1":"763","zip2":"0074"}],"飯山町上法軍寺":[{"zip":"7620084","zip1":"762","zip2":"0084"}],"飯山町川原":[{"zip":"7620082","zip1":"762","zip2":"0082"}],"飯山町真時":[{"zip":"7620086","zip1":"762","zip2":"0086"}],"飯山町下法軍寺":[{"zip":"7620083","zip1":"762","zip2":"0083"}],"飯山町西坂元":[{"zip":"7620087","zip1":"762","zip2":"0087"}],"飯山町東小川":[{"zip":"7620085","zip1":"762","zip2":"0085"}],"飯山町東坂元":[{"zip":"7620081","zip1":"762","zip2":"0081"}],"広島町青木":[{"zip":"7630105","zip1":"763","zip2":"0105"}],"広島町市井":[{"zip":"7630106","zip1":"763","zip2":"0106"}],"広島町江の浦":[{"zip":"7630102","zip1":"763","zip2":"0102"}],"広島町小手島":[{"zip":"7630108","zip1":"763","zip2":"0108"}],"広島町釜の越":[{"zip":"7630103","zip1":"763","zip2":"0103"}],"広島町甲路":[{"zip":"7630104","zip1":"763","zip2":"0104"}],"広島町立石":[{"zip":"7630101","zip1":"763","zip2":"0101"}],"広島町茂浦":[{"zip":"7630107","zip1":"763","zip2":"0107"}],"福島町":[{"zip":"7630044","zip1":"763","zip2":"0044"}],"富士見町":[{"zip":"7630011","zip1":"763","zip2":"0011"}],"風袋町":[{"zip":"7630001","zip1":"763","zip2":"0001"}],"蓬莱町":[{"zip":"7630062","zip1":"763","zip2":"0062"}],"本島町生ノ浜":[{"zip":"7630225","zip1":"763","zip2":"0225"}],"本島町大浦":[{"zip":"7630228","zip1":"763","zip2":"0228"}],"本島町笠島":[{"zip":"7630221","zip1":"763","zip2":"0221"}],"本島町甲生":[{"zip":"7630222","zip1":"763","zip2":"0222"}],"本島町小阪":[{"zip":"7630224","zip1":"763","zip2":"0224"}],"本島町尻浜":[{"zip":"7630226","zip1":"763","zip2":"0226"}],"本島町泊":[{"zip":"7630223","zip1":"763","zip2":"0223"}],"本島町福田":[{"zip":"7630227","zip1":"763","zip2":"0227"}],"本町":[{"zip":"7630023","zip1":"763","zip2":"0023"}],"前塩屋町":[{"zip":"7630064","zip1":"763","zip2":"0064"}],"松屋町":[{"zip":"7630005","zip1":"763","zip2":"0005"}],"港町":[{"zip":"7630042","zip1":"763","zip2":"0042"}],"山北町":[{"zip":"7630072","zip1":"763","zip2":"0072"}],"六番丁":[{"zip":"7630026","zip1":"763","zip2":"0026"}]},"坂出市":{"以下に掲載がない場合":[{"zip":"7620000","zip1":"762","zip2":"0000"}],"青葉町":[{"zip":"7620037","zip1":"762","zip2":"0037"}],"旭町":[{"zip":"7620006","zip1":"762","zip2":"0006"}],"池園町":[{"zip":"7620035","zip1":"762","zip2":"0035"}],"入船町":[{"zip":"7620002","zip1":"762","zip2":"0002"}],"岩黒":[{"zip":"7620072","zip1":"762","zip2":"0072"}],"江尻町":[{"zip":"7620011","zip1":"762","zip2":"0011"}],"王越町木沢":[{"zip":"7620014","zip1":"762","zip2":"0014"}],"王越町乃生":[{"zip":"7620013","zip1":"762","zip2":"0013"}],"青海町":[{"zip":"7620016","zip1":"762","zip2":"0016"}],"大池町":[{"zip":"7620027","zip1":"762","zip2":"0027"}],"大屋冨町":[{"zip":"7620015","zip1":"762","zip2":"0015"}],"沖の浜":[{"zip":"7620052","zip1":"762","zip2":"0052"}],"笠指町":[{"zip":"7620038","zip1":"762","zip2":"0038"}],"加茂町甲（氏部）":[{"zip":"7620022","zip1":"762","zip2":"0022"}],"加茂町（その他）":[{"zip":"7620023","zip1":"762","zip2":"0023"}],"川崎町":[{"zip":"7620062","zip1":"762","zip2":"0062"}],"川津町":[{"zip":"7620025","zip1":"762","zip2":"0025"}],"神谷町":[{"zip":"7620018","zip1":"762","zip2":"0018"}],"京町":[{"zip":"7620001","zip1":"762","zip2":"0001"}],"久米町":[{"zip":"7620003","zip1":"762","zip2":"0003"}],"寿町":[{"zip":"7620043","zip1":"762","zip2":"0043"}],"御供所町":[{"zip":"7620051","zip1":"762","zip2":"0051"}],"駒止町":[{"zip":"7620032","zip1":"762","zip2":"0032"}],"小山町":[{"zip":"7620026","zip1":"762","zip2":"0026"}],"坂出町":[{"zip":"7620061","zip1":"762","zip2":"0061"}],"沙弥島":[{"zip":"7620066","zip1":"762","zip2":"0066"}],"昭和町":[{"zip":"7620004","zip1":"762","zip2":"0004"}],"白金町":[{"zip":"7620042","zip1":"762","zip2":"0042"}],"新浜町":[{"zip":"7620047","zip1":"762","zip2":"0047"}],"瀬居町":[{"zip":"7620067","zip1":"762","zip2":"0067"}],"高屋町":[{"zip":"7620017","zip1":"762","zip2":"0017"}],"谷町":[{"zip":"7620033","zip1":"762","zip2":"0033"}],"築港町":[{"zip":"7620055","zip1":"762","zip2":"0055"}],"中央町":[{"zip":"7620056","zip1":"762","zip2":"0056"}],"常盤町":[{"zip":"7620058","zip1":"762","zip2":"0058"}],"西大浜南":[{"zip":"7620054","zip1":"762","zip2":"0054"}],"西大浜北":[{"zip":"7620053","zip1":"762","zip2":"0053"}],"西庄町":[{"zip":"7620021","zip1":"762","zip2":"0021"}],"八幡町":[{"zip":"7620041","zip1":"762","zip2":"0041"}],"花町":[{"zip":"7620036","zip1":"762","zip2":"0036"}],"林田町":[{"zip":"7620012","zip1":"762","zip2":"0012"}],"番の州公園":[{"zip":"7620063","zip1":"762","zip2":"0063"}],"番の州町":[{"zip":"7620064","zip1":"762","zip2":"0064"}],"番の州緑町":[{"zip":"7620065","zip1":"762","zip2":"0065"}],"櫃石":[{"zip":"7620073","zip1":"762","zip2":"0073"}],"福江町":[{"zip":"7620034","zip1":"762","zip2":"0034"}],"富士見町":[{"zip":"7620046","zip1":"762","zip2":"0046"}],"府中町":[{"zip":"7620024","zip1":"762","zip2":"0024"}],"文京町":[{"zip":"7620031","zip1":"762","zip2":"0031"}],"本町":[{"zip":"7620044","zip1":"762","zip2":"0044"}],"宮下町":[{"zip":"7620057","zip1":"762","zip2":"0057"}],"室町":[{"zip":"7620007","zip1":"762","zip2":"0007"}],"元町":[{"zip":"7620045","zip1":"762","zip2":"0045"}],"横津町":[{"zip":"7620005","zip1":"762","zip2":"0005"}],"与島町":[{"zip":"7620071","zip1":"762","zip2":"0071"}]},"善通寺市":{"以下に掲載がない場合":[{"zip":"7650000","zip1":"765","zip2":"0000"}],"生野町":[{"zip":"7650053","zip1":"765","zip2":"0053"}],"生野本町":[{"zip":"7650014","zip1":"765","zip2":"0014"}],"稲木町":[{"zip":"7650022","zip1":"765","zip2":"0022"}],"大麻町":[{"zip":"7650052","zip1":"765","zip2":"0052"}],"上吉田町（丁目）":[{"zip":"7650011","zip1":"765","zip2":"0011"}],"上吉田町（その他）":[{"zip":"7650012","zip1":"765","zip2":"0012"}],"木徳町":[{"zip":"7650033","zip1":"765","zip2":"0033"}],"櫛梨町":[{"zip":"7650051","zip1":"765","zip2":"0051"}],"金蔵寺町":[{"zip":"7650031","zip1":"765","zip2":"0031"}],"下吉田町":[{"zip":"7650021","zip1":"765","zip2":"0021"}],"善通寺町（丁目）":[{"zip":"7650003","zip1":"765","zip2":"0003"}],"善通寺町（その他）":[{"zip":"7650004","zip1":"765","zip2":"0004"}],"仙遊町":[{"zip":"7650001","zip1":"765","zip2":"0001"}],"中村町（丁目）":[{"zip":"7650072","zip1":"765","zip2":"0072"}],"中村町（その他）":[{"zip":"7650073","zip1":"765","zip2":"0073"}],"原田町":[{"zip":"7650032","zip1":"765","zip2":"0032"}],"碑殿町":[{"zip":"7650062","zip1":"765","zip2":"0062"}],"弘田町":[{"zip":"7650071","zip1":"765","zip2":"0071"}],"文京町":[{"zip":"7650013","zip1":"765","zip2":"0013"}],"南町":[{"zip":"7650002","zip1":"765","zip2":"0002"}],"与北町":[{"zip":"7650040","zip1":"765","zip2":"0040"}],"吉原町":[{"zip":"7650061","zip1":"765","zip2":"0061"}]},"観音寺市":{"以下に掲載がない場合":[{"zip":"7680000","zip1":"768","zip2":"0000"}],"有明町":[{"zip":"7680062","zip1":"768","zip2":"0062"}],"粟井町":[{"zip":"7680052","zip1":"768","zip2":"0052"}],"池之尻町":[{"zip":"7680031","zip1":"768","zip2":"0031"}],"伊吹町":[{"zip":"7680071","zip1":"768","zip2":"0071"}],"植田町":[{"zip":"7680012","zip1":"768","zip2":"0012"}],"大野原町青岡":[{"zip":"7691617","zip1":"769","zip2":"1617"}],"大野原町有木":[{"zip":"7691624","zip1":"769","zip2":"1624"}],"大野原町井関":[{"zip":"7691621","zip1":"769","zip2":"1621"}],"大野原町内野々":[{"zip":"7691622","zip1":"769","zip2":"1622"}],"大野原町海老済":[{"zip":"7691625","zip1":"769","zip2":"1625"}],"大野原町大野原":[{"zip":"7691611","zip1":"769","zip2":"1611"}],"大野原町田野々":[{"zip":"7691623","zip1":"769","zip2":"1623"}],"大野原町中姫":[{"zip":"7691612","zip1":"769","zip2":"1612"}],"大野原町萩原":[{"zip":"7691614","zip1":"769","zip2":"1614"}],"大野原町花稲":[{"zip":"7691613","zip1":"769","zip2":"1613"}],"大野原町福田原":[{"zip":"7691616","zip1":"769","zip2":"1616"}],"大野原町丸井":[{"zip":"7691615","zip1":"769","zip2":"1615"}],"観音寺町":[{"zip":"7680060","zip1":"768","zip2":"0060"}],"木之郷町":[{"zip":"7680051","zip1":"768","zip2":"0051"}],"柞田町":[{"zip":"7680040","zip1":"768","zip2":"0040"}],"琴浪町":[{"zip":"7680064","zip1":"768","zip2":"0064"}],"幸町":[{"zip":"7680074","zip1":"768","zip2":"0074"}],"栄町":[{"zip":"7680072","zip1":"768","zip2":"0072"}],"坂本町":[{"zip":"7680067","zip1":"768","zip2":"0067"}],"三本松町":[{"zip":"7680063","zip1":"768","zip2":"0063"}],"茂木町":[{"zip":"7680069","zip1":"768","zip2":"0069"}],"茂西町":[{"zip":"7680073","zip1":"768","zip2":"0073"}],"出作町":[{"zip":"7680011","zip1":"768","zip2":"0011"}],"昭和町":[{"zip":"7680066","zip1":"768","zip2":"0066"}],"新田町":[{"zip":"7680033","zip1":"768","zip2":"0033"}],"瀬戸町":[{"zip":"7680065","zip1":"768","zip2":"0065"}],"高屋町":[{"zip":"7680002","zip1":"768","zip2":"0002"}],"天神町":[{"zip":"7680068","zip1":"768","zip2":"0068"}],"豊浜町姫浜":[{"zip":"7691601","zip1":"769","zip2":"1601"}],"豊浜町箕浦":[{"zip":"7691604","zip1":"769","zip2":"1604"}],"豊浜町和田":[{"zip":"7691603","zip1":"769","zip2":"1603"}],"豊浜町和田浜":[{"zip":"7691602","zip1":"769","zip2":"1602"}],"中田井町":[{"zip":"7680024","zip1":"768","zip2":"0024"}],"流岡町":[{"zip":"7680014","zip1":"768","zip2":"0014"}],"凪瀬町":[{"zip":"7680077","zip1":"768","zip2":"0077"}],"西本町":[{"zip":"7680075","zip1":"768","zip2":"0075"}],"原町":[{"zip":"7680032","zip1":"768","zip2":"0032"}],"古川町":[{"zip":"7680023","zip1":"768","zip2":"0023"}],"港町":[{"zip":"7680076","zip1":"768","zip2":"0076"}],"南町":[{"zip":"7680070","zip1":"768","zip2":"0070"}],"村黒町":[{"zip":"7680013","zip1":"768","zip2":"0013"}],"室本町":[{"zip":"7680001","zip1":"768","zip2":"0001"}],"本大町":[{"zip":"7680022","zip1":"768","zip2":"0022"}],"八幡町":[{"zip":"7680061","zip1":"768","zip2":"0061"}],"吉岡町":[{"zip":"7680021","zip1":"768","zip2":"0021"}]},"さぬき市":{"以下に掲載がない場合":[{"zip":"7692300","zip1":"769","zip2":"2300"}],"大川町田面":[{"zip":"7610904","zip1":"761","zip2":"0904"}],"大川町富田中":[{"zip":"7610902","zip1":"761","zip2":"0902"}],"大川町富田西":[{"zip":"7610901","zip1":"761","zip2":"0901"}],"大川町富田東":[{"zip":"7610903","zip1":"761","zip2":"0903"}],"大川町南川":[{"zip":"7610905","zip1":"761","zip2":"0905"}],"小田":[{"zip":"7692103","zip1":"769","zip2":"2103"}],"鴨部":[{"zip":"7692104","zip1":"769","zip2":"2104"}],"鴨庄":[{"zip":"7692102","zip1":"769","zip2":"2102"}],"寒川町石田西":[{"zip":"7692322","zip1":"769","zip2":"2322"}],"寒川町石田東":[{"zip":"7692321","zip1":"769","zip2":"2321"}],"寒川町神前":[{"zip":"7692323","zip1":"769","zip2":"2323"}],"志度":[{"zip":"7692101","zip1":"769","zip2":"2101"}],"昭和":[{"zip":"7692304","zip1":"769","zip2":"2304"}],"末":[{"zip":"7692105","zip1":"769","zip2":"2105"}],"造田（オレンジタウン）":[{"zip":"7692315","zip1":"769","zip2":"2315"}],"造田乙井":[{"zip":"7692314","zip1":"769","zip2":"2314"}],"造田是弘":[{"zip":"7692312","zip1":"769","zip2":"2312"}],"造田野間田":[{"zip":"7692313","zip1":"769","zip2":"2313"}],"造田宮西":[{"zip":"7692311","zip1":"769","zip2":"2311"}],"多和":[{"zip":"7692306","zip1":"769","zip2":"2306"}],"津田町津田":[{"zip":"7692401","zip1":"769","zip2":"2401"}],"津田町鶴羽":[{"zip":"7692402","zip1":"769","zip2":"2402"}],"長尾西":[{"zip":"7692302","zip1":"769","zip2":"2302"}],"長尾東":[{"zip":"7692301","zip1":"769","zip2":"2301"}],"長尾名":[{"zip":"7692303","zip1":"769","zip2":"2303"}],"前山":[{"zip":"7692305","zip1":"769","zip2":"2305"}]},"東かがわ市":{"以下に掲載がない場合":[{"zip":"7692700","zip1":"769","zip2":"2700"}],"伊座":[{"zip":"7692703","zip1":"769","zip2":"2703"}],"馬篠":[{"zip":"7692520","zip1":"769","zip2":"2520"}],"馬宿":[{"zip":"7692902","zip1":"769","zip2":"2902"}],"小海":[{"zip":"7692908","zip1":"769","zip2":"2908"}],"大谷":[{"zip":"7692513","zip1":"769","zip2":"2513"}],"大内":[{"zip":"7692521","zip1":"769","zip2":"2521"}],"落合":[{"zip":"7692512","zip1":"769","zip2":"2512"}],"川東":[{"zip":"7692602","zip1":"769","zip2":"2602"}],"川股":[{"zip":"7692906","zip1":"769","zip2":"2906"}],"帰来":[{"zip":"7692704","zip1":"769","zip2":"2704"}],"黒羽":[{"zip":"7692905","zip1":"769","zip2":"2905"}],"小磯":[{"zip":"7692511","zip1":"769","zip2":"2511"}],"小砂":[{"zip":"7692519","zip1":"769","zip2":"2519"}],"五名":[{"zip":"7692715","zip1":"769","zip2":"2715"}],"坂元":[{"zip":"7692904","zip1":"769","zip2":"2904"}],"三本松":[{"zip":"7692601","zip1":"769","zip2":"2601"}],"白鳥":[{"zip":"7692705","zip1":"769","zip2":"2705"}],"土居":[{"zip":"7692516","zip1":"769","zip2":"2516"}],"中筋":[{"zip":"7692605","zip1":"769","zip2":"2605"}],"中山":[{"zip":"7692518","zip1":"769","zip2":"2518"}],"西村":[{"zip":"7692604","zip1":"769","zip2":"2604"}],"西山":[{"zip":"7692712","zip1":"769","zip2":"2712"}],"入野山":[{"zip":"7692714","zip1":"769","zip2":"2714"}],"東山":[{"zip":"7692711","zip1":"769","zip2":"2711"}],"引田":[{"zip":"7692901","zip1":"769","zip2":"2901"}],"町田":[{"zip":"7692515","zip1":"769","zip2":"2515"}],"松崎":[{"zip":"7692514","zip1":"769","zip2":"2514"}],"松原":[{"zip":"7692702","zip1":"769","zip2":"2702"}],"水主":[{"zip":"7692606","zip1":"769","zip2":"2606"}],"三殿":[{"zip":"7692517","zip1":"769","zip2":"2517"}],"湊":[{"zip":"7692701","zip1":"769","zip2":"2701"}],"南野":[{"zip":"7692903","zip1":"769","zip2":"2903"}],"横内":[{"zip":"7692603","zip1":"769","zip2":"2603"}],"吉田":[{"zip":"7692907","zip1":"769","zip2":"2907"}],"与田山":[{"zip":"7692713","zip1":"769","zip2":"2713"}]},"三豊市":{"以下に掲載がない場合":[{"zip":"7670000","zip1":"767","zip2":"0000"}],"財田町財田上":[{"zip":"7690401","zip1":"769","zip2":"0401"}],"財田町財田中":[{"zip":"7690402","zip1":"769","zip2":"0402"}],"高瀬町上麻":[{"zip":"7670014","zip1":"767","zip2":"0014"}],"高瀬町上勝間":[{"zip":"7670012","zip1":"767","zip2":"0012"}],"高瀬町上高瀬":[{"zip":"7670001","zip1":"767","zip2":"0001"}],"高瀬町佐股":[{"zip":"7670021","zip1":"767","zip2":"0021"}],"高瀬町下麻":[{"zip":"7670013","zip1":"767","zip2":"0013"}],"高瀬町下勝間":[{"zip":"7670011","zip1":"767","zip2":"0011"}],"高瀬町新名":[{"zip":"7670002","zip1":"767","zip2":"0002"}],"高瀬町羽方":[{"zip":"7670022","zip1":"767","zip2":"0022"}],"高瀬町比地":[{"zip":"7670004","zip1":"767","zip2":"0004"}],"高瀬町比地中":[{"zip":"7670003","zip1":"767","zip2":"0003"}],"詫間町粟島":[{"zip":"7691108","zip1":"769","zip2":"1108"}],"詫間町大浜":[{"zip":"7691104","zip1":"769","zip2":"1104"}],"詫間町香田":[{"zip":"7691103","zip1":"769","zip2":"1103"}],"詫間町志々島":[{"zip":"7691109","zip1":"769","zip2":"1109"}],"詫間町詫間":[{"zip":"7691101","zip1":"769","zip2":"1101"}],"詫間町積":[{"zip":"7691105","zip1":"769","zip2":"1105"}],"詫間町生里":[{"zip":"7691107","zip1":"769","zip2":"1107"}],"詫間町箱":[{"zip":"7691106","zip1":"769","zip2":"1106"}],"詫間町松崎":[{"zip":"7691102","zip1":"769","zip2":"1102"}],"豊中町岡本":[{"zip":"7691507","zip1":"769","zip2":"1507"}],"豊中町笠田笠岡":[{"zip":"7691502","zip1":"769","zip2":"1502"}],"豊中町笠田竹田":[{"zip":"7691503","zip1":"769","zip2":"1503"}],"豊中町上高野":[{"zip":"7691504","zip1":"769","zip2":"1504"}],"豊中町下高野":[{"zip":"7691508","zip1":"769","zip2":"1508"}],"豊中町比地大":[{"zip":"7691501","zip1":"769","zip2":"1501"}],"豊中町本山乙":[{"zip":"7691505","zip1":"769","zip2":"1505"}],"豊中町本山甲":[{"zip":"7691506","zip1":"769","zip2":"1506"}],"仁尾町家の浦":[{"zip":"7691410","zip1":"769","zip2":"1410"}],"仁尾町仁尾乙":[{"zip":"7691404","zip1":"769","zip2":"1404"}],"仁尾町仁尾己":[{"zip":"7691401","zip1":"769","zip2":"1401"}],"仁尾町仁尾甲":[{"zip":"7691408","zip1":"769","zip2":"1408"}],"仁尾町仁尾庚":[{"zip":"7691405","zip1":"769","zip2":"1405"}],"仁尾町仁尾辛":[{"zip":"7691406","zip1":"769","zip2":"1406"}],"仁尾町仁尾丁":[{"zip":"7691407","zip1":"769","zip2":"1407"}],"仁尾町仁尾丙":[{"zip":"7691403","zip1":"769","zip2":"1403"}],"仁尾町仁尾戊":[{"zip":"7691402","zip1":"769","zip2":"1402"}],"三野町大見":[{"zip":"7670031","zip1":"767","zip2":"0031"}],"三野町下高瀬":[{"zip":"7670032","zip1":"767","zip2":"0032"}],"三野町吉津":[{"zip":"7670033","zip1":"767","zip2":"0033"}],"山本町大野":[{"zip":"7680102","zip1":"768","zip2":"0102"}],"山本町神田":[{"zip":"7680104","zip1":"768","zip2":"0104"}],"山本町河内":[{"zip":"7680105","zip1":"768","zip2":"0105"}],"山本町財田西":[{"zip":"7680103","zip1":"768","zip2":"0103"}],"山本町辻":[{"zip":"7680101","zip1":"768","zip2":"0101"}]},"小豆郡土庄町":{"以下に掲載がない場合":[{"zip":"7614100","zip1":"761","zip2":"4100"}],"伊喜末（小豊島）":[{"zip":"7614664","zip1":"761","zip2":"4664"}],"伊喜末（その他）":[{"zip":"7614131","zip1":"761","zip2":"4131"}],"馬越":[{"zip":"7614141","zip1":"761","zip2":"4141"}],"小江":[{"zip":"7614132","zip1":"761","zip2":"4132"}],"大部":[{"zip":"7614145","zip1":"761","zip2":"4145"}],"小海":[{"zip":"7614144","zip1":"761","zip2":"4144"}],"笠滝":[{"zip":"7614154","zip1":"761","zip2":"4154"}],"上庄":[{"zip":"7614122","zip1":"761","zip2":"4122"}],"黒岩":[{"zip":"7614152","zip1":"761","zip2":"4152"}],"小馬越":[{"zip":"7614153","zip1":"761","zip2":"4153"}],"小部":[{"zip":"7614146","zip1":"761","zip2":"4146"}],"滝宮":[{"zip":"7614134","zip1":"761","zip2":"4134"}],"豊島家浦":[{"zip":"7614661","zip1":"761","zip2":"4661"}],"豊島唐櫃":[{"zip":"7614662","zip1":"761","zip2":"4662"}],"豊島甲生":[{"zip":"7614663","zip1":"761","zip2":"4663"}],"長浜":[{"zip":"7614133","zip1":"761","zip2":"4133"}],"肥土山":[{"zip":"7614151","zip1":"761","zip2":"4151"}],"渕崎":[{"zip":"7614121","zip1":"761","zip2":"4121"}],"見目":[{"zip":"7614143","zip1":"761","zip2":"4143"}],"屋形崎":[{"zip":"7614142","zip1":"761","zip2":"4142"}],"甲、乙（大木戸）":[{"zip":"7614103","zip1":"761","zip2":"4103"}],"甲、乙（鹿島）":[{"zip":"7614112","zip1":"761","zip2":"4112"}],"甲、乙（小瀬）":[{"zip":"7614115","zip1":"761","zip2":"4115"}],"甲、乙（千軒）":[{"zip":"7614114","zip1":"761","zip2":"4114"}],"甲、乙（西本町）":[{"zip":"7614105","zip1":"761","zip2":"4105"}],"甲、乙（東港）":[{"zip":"7614111","zip1":"761","zip2":"4111"}],"甲、乙（本町）":[{"zip":"7614106","zip1":"761","zip2":"4106"}],"甲、乙（港新町）":[{"zip":"7614102","zip1":"761","zip2":"4102"}],"甲、乙（柳）":[{"zip":"7614113","zip1":"761","zip2":"4113"}],"甲、乙（吉ケ浦）":[{"zip":"7614104","zip1":"761","zip2":"4104"}],"甲、乙（その他）":[{"zip":"7614101","zip1":"761","zip2":"4101"}]},"小豆郡小豆島町":{"以下に掲載がない場合":[{"zip":"7614300","zip1":"761","zip2":"4300"}],"当浜":[{"zip":"7614403","zip1":"761","zip2":"4403"}],"池田":[{"zip":"7614301","zip1":"761","zip2":"4301"}],"岩谷":[{"zip":"7614404","zip1":"761","zip2":"4404"}],"馬木":[{"zip":"7614426","zip1":"761","zip2":"4426"}],"片城":[{"zip":"7614431","zip1":"761","zip2":"4431"}],"蒲野":[{"zip":"7614307","zip1":"761","zip2":"4307"}],"蒲生":[{"zip":"7614302","zip1":"761","zip2":"4302"}],"神懸通":[{"zip":"7614433","zip1":"761","zip2":"4433"}],"木庄":[{"zip":"7614412","zip1":"761","zip2":"4412"}],"草壁本町":[{"zip":"7614432","zip1":"761","zip2":"4432"}],"神浦":[{"zip":"7614308","zip1":"761","zip2":"4308"}],"坂手":[{"zip":"7614425","zip1":"761","zip2":"4425"}],"橘":[{"zip":"7614405","zip1":"761","zip2":"4405"}],"田浦":[{"zip":"7614424","zip1":"761","zip2":"4424"}],"中山（美しの原高原）":[{"zip":"7614155","zip1":"761","zip2":"4155"}],"中山（蛙子鳴滝）":[{"zip":"7614155","zip1":"761","zip2":"4155"}],"中山（その他）":[{"zip":"7614303","zip1":"761","zip2":"4303"}],"西村":[{"zip":"7614434","zip1":"761","zip2":"4434"}],"苗羽":[{"zip":"7614421","zip1":"761","zip2":"4421"}],"福田":[{"zip":"7614402","zip1":"761","zip2":"4402"}],"二面":[{"zip":"7614305","zip1":"761","zip2":"4305"}],"古江":[{"zip":"7614422","zip1":"761","zip2":"4422"}],"堀越":[{"zip":"7614423","zip1":"761","zip2":"4423"}],"室生":[{"zip":"7614304","zip1":"761","zip2":"4304"}],"安田":[{"zip":"7614411","zip1":"761","zip2":"4411"}],"吉田":[{"zip":"7614401","zip1":"761","zip2":"4401"}],"吉野":[{"zip":"7614306","zip1":"761","zip2":"4306"}]},"木田郡三木町":{"以下に掲載がない場合":[{"zip":"7610700","zip1":"761","zip2":"0700"}],"朝倉":[{"zip":"7610614","zip1":"761","zip2":"0614"}],"池戸":[{"zip":"7610701","zip1":"761","zip2":"0701"}],"井戸":[{"zip":"7610823","zip1":"761","zip2":"0823"}],"井上":[{"zip":"7610705","zip1":"761","zip2":"0705"}],"奥山":[{"zip":"7610822","zip1":"761","zip2":"0822"}],"鹿庭":[{"zip":"7610821","zip1":"761","zip2":"0821"}],"上高岡":[{"zip":"7610613","zip1":"761","zip2":"0613"}],"小蓑":[{"zip":"7610615","zip1":"761","zip2":"0615"}],"鹿伏":[{"zip":"7610703","zip1":"761","zip2":"0703"}],"下高岡":[{"zip":"7610704","zip1":"761","zip2":"0704"}],"田中":[{"zip":"7610611","zip1":"761","zip2":"0611"}],"氷上":[{"zip":"7610612","zip1":"761","zip2":"0612"}],"平木":[{"zip":"7610702","zip1":"761","zip2":"0702"}]},"香川郡直島町":{"直島町一円":[{"zip":"7613110","zip1":"761","zip2":"3110"}]},"綾歌郡宇多津町":{"以下に掲載がない場合":[{"zip":"7690200","zip1":"769","zip2":"0200"}],"宇多津町の次に番地がくる場合":[{"zip":"7690210","zip1":"769","zip2":"0210"}],"岩屋":[{"zip":"7690227","zip1":"769","zip2":"0227"}],"大橋":[{"zip":"7690222","zip1":"769","zip2":"0222"}],"坂下":[{"zip":"7690226","zip1":"769","zip2":"0226"}],"新開":[{"zip":"7690223","zip1":"769","zip2":"0223"}],"新町":[{"zip":"7690225","zip1":"769","zip2":"0225"}],"十楽寺":[{"zip":"7690211","zip1":"769","zip2":"0211"}],"沼ノ池":[{"zip":"7690212","zip1":"769","zip2":"0212"}],"浜一番丁":[{"zip":"7690201","zip1":"769","zip2":"0201"}],"浜二番丁":[{"zip":"7690202","zip1":"769","zip2":"0202"}],"浜三番丁":[{"zip":"7690203","zip1":"769","zip2":"0203"}],"浜四番丁":[{"zip":"7690204","zip1":"769","zip2":"0204"}],"浜五番丁":[{"zip":"7690205","zip1":"769","zip2":"0205"}],"浜六番丁":[{"zip":"7690206","zip1":"769","zip2":"0206"}],"浜七番丁":[{"zip":"7690207","zip1":"769","zip2":"0207"}],"浜八番丁":[{"zip":"7690208","zip1":"769","zip2":"0208"}],"浜九番丁":[{"zip":"7690209","zip1":"769","zip2":"0209"}],"東分":[{"zip":"7690213","zip1":"769","zip2":"0213"}],"平山":[{"zip":"7690224","zip1":"769","zip2":"0224"}],"向山":[{"zip":"7690228","zip1":"769","zip2":"0228"}],"吉田":[{"zip":"7690221","zip1":"769","zip2":"0221"}]},"綾歌郡綾川町":{"以下に掲載がない場合":[{"zip":"7612300","zip1":"761","zip2":"2300"}],"牛川":[{"zip":"7612208","zip1":"761","zip2":"2208"}],"小野":[{"zip":"7612307","zip1":"761","zip2":"2307"}],"萱原":[{"zip":"7612304","zip1":"761","zip2":"2304"}],"北":[{"zip":"7612306","zip1":"761","zip2":"2306"}],"陶":[{"zip":"7612103","zip1":"761","zip2":"2103"}],"千疋":[{"zip":"7612102","zip1":"761","zip2":"2102"}],"枌所西":[{"zip":"7612202","zip1":"761","zip2":"2202"}],"枌所東":[{"zip":"7612201","zip1":"761","zip2":"2201"}],"滝宮":[{"zip":"7612305","zip1":"761","zip2":"2305"}],"西分":[{"zip":"7612206","zip1":"761","zip2":"2206"}],"畑田":[{"zip":"7612101","zip1":"761","zip2":"2101"}],"羽床上":[{"zip":"7612207","zip1":"761","zip2":"2207"}],"羽床下":[{"zip":"7612308","zip1":"761","zip2":"2308"}],"東分":[{"zip":"7612205","zip1":"761","zip2":"2205"}],"山田上":[{"zip":"7612203","zip1":"761","zip2":"2203"}],"山田下":[{"zip":"7612204","zip1":"761","zip2":"2204"}]},"仲多度郡琴平町":{"以下に掲載がない場合":[{"zip":"7660000","zip1":"766","zip2":"0000"}],"榎井":[{"zip":"7660004","zip1":"766","zip2":"0004"}],"上櫛梨":[{"zip":"7660006","zip1":"766","zip2":"0006"}],"琴平町（１～４２６番地、川東）":[{"zip":"7660002","zip1":"766","zip2":"0002"}],"琴平町（４２７番地以上、川西）":[{"zip":"7660001","zip1":"766","zip2":"0001"}],"五條":[{"zip":"7660003","zip1":"766","zip2":"0003"}],"下櫛梨":[{"zip":"7660007","zip1":"766","zip2":"0007"}],"苗田":[{"zip":"7660005","zip1":"766","zip2":"0005"}]},"仲多度郡多度津町":{"以下に掲載がない場合":[{"zip":"7640000","zip1":"764","zip2":"0000"}],"青木":[{"zip":"7640033","zip1":"764","zip2":"0033"}],"大通り":[{"zip":"7640005","zip1":"764","zip2":"0005"}],"奥白方":[{"zip":"7640035","zip1":"764","zip2":"0035"}],"葛原":[{"zip":"7640028","zip1":"764","zip2":"0028"}],"家中":[{"zip":"7640002","zip1":"764","zip2":"0002"}],"北鴨":[{"zip":"7640022","zip1":"764","zip2":"0022"}],"京町":[{"zip":"7640013","zip1":"764","zip2":"0013"}],"寿町":[{"zip":"7640025","zip1":"764","zip2":"0025"}],"幸町":[{"zip":"7640024","zip1":"764","zip2":"0024"}],"栄町":[{"zip":"7640011","zip1":"764","zip2":"0011"}],"桜川":[{"zip":"7640012","zip1":"764","zip2":"0012"}],"佐柳":[{"zip":"7640040","zip1":"764","zip2":"0040"}],"庄":[{"zip":"7640031","zip1":"764","zip2":"0031"}],"高見":[{"zip":"7640050","zip1":"764","zip2":"0050"}],"道福寺":[{"zip":"7640027","zip1":"764","zip2":"0027"}],"仲ノ町":[{"zip":"7640004","zip1":"764","zip2":"0004"}],"西白方":[{"zip":"7640037","zip1":"764","zip2":"0037"}],"西浜":[{"zip":"7640015","zip1":"764","zip2":"0015"}],"西港町":[{"zip":"7640017","zip1":"764","zip2":"0017"}],"東白方":[{"zip":"7640038","zip1":"764","zip2":"0038"}],"東新町":[{"zip":"7640001","zip1":"764","zip2":"0001"}],"東浜":[{"zip":"7640016","zip1":"764","zip2":"0016"}],"東港町":[{"zip":"7640018","zip1":"764","zip2":"0018"}],"日の出町":[{"zip":"7640006","zip1":"764","zip2":"0006"}],"堀江":[{"zip":"7640021","zip1":"764","zip2":"0021"}],"本通":[{"zip":"7640014","zip1":"764","zip2":"0014"}],"三井":[{"zip":"7640032","zip1":"764","zip2":"0032"}],"見立":[{"zip":"7640036","zip1":"764","zip2":"0036"}],"南鴨":[{"zip":"7640026","zip1":"764","zip2":"0026"}],"元町":[{"zip":"7640003","zip1":"764","zip2":"0003"}],"山階":[{"zip":"7640034","zip1":"764","zip2":"0034"}],"若葉町":[{"zip":"7640023","zip1":"764","zip2":"0023"}]},"仲多度郡まんのう町":{"以下に掲載がない場合":[{"zip":"7660000","zip1":"766","zip2":"0000"}],"生間":[{"zip":"7690313","zip1":"769","zip2":"0313"}],"後山":[{"zip":"7690315","zip1":"769","zip2":"0315"}],"追上":[{"zip":"7690319","zip1":"769","zip2":"0319"}],"大口":[{"zip":"7690316","zip1":"769","zip2":"0316"}],"買田":[{"zip":"7690311","zip1":"769","zip2":"0311"}],"勝浦":[{"zip":"7660204","zip1":"766","zip2":"0204"}],"川東":[{"zip":"7660203","zip1":"766","zip2":"0203"}],"神野":[{"zip":"7660024","zip1":"766","zip2":"0024"}],"岸上":[{"zip":"7660026","zip1":"766","zip2":"0026"}],"公文":[{"zip":"7660011","zip1":"766","zip2":"0011"}],"五條":[{"zip":"7660027","zip1":"766","zip2":"0027"}],"佐文":[{"zip":"7690301","zip1":"769","zip2":"0301"}],"塩入":[{"zip":"7690302","zip1":"769","zip2":"0302"}],"四條":[{"zip":"7660021","zip1":"766","zip2":"0021"}],"七箇":[{"zip":"7690303","zip1":"769","zip2":"0303"}],"新目":[{"zip":"7690317","zip1":"769","zip2":"0317"}],"炭所西":[{"zip":"7660017","zip1":"766","zip2":"0017"}],"炭所東":[{"zip":"7660016","zip1":"766","zip2":"0016"}],"造田":[{"zip":"7660201","zip1":"766","zip2":"0201"}],"長尾":[{"zip":"7660015","zip1":"766","zip2":"0015"}],"中通":[{"zip":"7660202","zip1":"766","zip2":"0202"}],"西高篠":[{"zip":"7660012","zip1":"766","zip2":"0012"}],"羽間":[{"zip":"7660014","zip1":"766","zip2":"0014"}],"東高篠":[{"zip":"7660013","zip1":"766","zip2":"0013"}],"帆山":[{"zip":"7690314","zip1":"769","zip2":"0314"}],"真野":[{"zip":"7660025","zip1":"766","zip2":"0025"}],"宮田":[{"zip":"7690312","zip1":"769","zip2":"0312"}],"山脇":[{"zip":"7690318","zip1":"769","zip2":"0318"}],"吉野":[{"zip":"7660023","zip1":"766","zip2":"0023"}],"吉野下":[{"zip":"7660022","zip1":"766","zip2":"0022"}]}}