{"1211":[{"pref":"広島県","city":"三原市","town":"大和町大草"}],"1212":[{"pref":"広島県","city":"三原市","town":"大和町姥ケ原"}],"1213":[{"pref":"広島県","city":"三原市","town":"大和町平坂"}],"1321":[{"pref":"広島県","city":"三原市","town":"大和町和木"}],"1322":[{"pref":"広島県","city":"三原市","town":"大和町箱川"}],"1323":[{"pref":"広島県","city":"三原市","town":"大和町大具"}],"1331":[{"pref":"広島県","city":"三原市","town":"大和町椋梨"}],"1332":[{"pref":"広島県","city":"三原市","town":"大和町上草井"}],"1333":[{"pref":"広島県","city":"三原市","town":"大和町下草井"}],"1401":[{"pref":"広島県","city":"三原市","town":"大和町蔵宗"}],"1402":[{"pref":"広島県","city":"三原市","town":"大和町篠"}],"1403":[{"pref":"広島県","city":"三原市","town":"大和町萩原"}],"1404":[{"pref":"広島県","city":"三原市","town":"大和町福田"}],"1405":[{"pref":"広島県","city":"三原市","town":"大和町上徳良"}],"1406":[{"pref":"広島県","city":"三原市","town":"大和町下徳良"}],"2251":[{"pref":"広島県","city":"三原市","town":"幸崎久和喜"},{"pref":"広島県","city":"三原市","town":"幸崎町久和喜"}],"2252":[{"pref":"広島県","city":"三原市","town":"幸崎能地"},{"pref":"広島県","city":"三原市","town":"幸崎町能地"}],"2253":[{"pref":"広島県","city":"三原市","town":"幸崎渡瀬"},{"pref":"広島県","city":"三原市","town":"幸崎町渡瀬"}],"2311":[{"pref":"広島県","city":"竹原市","town":"忠海町"}],"2312":[{"pref":"広島県","city":"竹原市","town":"福田町"}],"2313":[{"pref":"広島県","city":"竹原市","town":"高崎町"}],"2314":[{"pref":"広島県","city":"竹原市","town":"忠海床浦"}],"2315":[{"pref":"広島県","city":"竹原市","town":"忠海長浜"}],"2316":[{"pref":"広島県","city":"竹原市","town":"忠海中町"}],"2317":[{"pref":"広島県","city":"竹原市","town":"忠海東町"}],"2361":[{"pref":"広島県","city":"三原市","town":"小泉町"}],"3101":[{"pref":"広島県","city":"福山市","town":"新市町戸手"}],"3102":[{"pref":"広島県","city":"福山市","town":"新市町相方"}],"3103":[{"pref":"広島県","city":"福山市","town":"新市町新市"}],"3104":[{"pref":"広島県","city":"福山市","town":"新市町宮内"}],"3105":[{"pref":"広島県","city":"福山市","town":"新市町下安井"}],"3106":[{"pref":"広島県","city":"福山市","town":"新市町上安井"}],"3107":[{"pref":"広島県","city":"福山市","town":"新市町常"}],"3111":[{"pref":"広島県","city":"福山市","town":"新市町金丸"}],"3112":[{"pref":"広島県","city":"福山市","town":"新市町藤尾"}],"3201":[{"pref":"広島県","city":"府中市","town":"斗升町"}],"3202":[{"pref":"広島県","city":"府中市","town":"行縢町"}],"3211":[{"pref":"広島県","city":"府中市","town":"木野山町"}],"3212":[{"pref":"広島県","city":"府中市","town":"阿字町"}],"3221":[{"pref":"広島県","city":"府中市","town":"河佐町"}],"3222":[{"pref":"広島県","city":"府中市","town":"久佐町"}],"3301":[{"pref":"広島県","city":"世羅郡世羅町","town":"小谷"}],"3302":[{"pref":"広島県","city":"世羅郡世羅町","town":"川尻"}],"3303":[{"pref":"広島県","city":"世羅郡世羅町","town":"東上原"}],"3304":[{"pref":"広島県","city":"世羅郡世羅町","town":"赤屋"}],"3305":[{"pref":"広島県","city":"世羅郡世羅町","town":"別迫"}],"3306":[{"pref":"広島県","city":"世羅郡世羅町","town":"青近"}],"3307":[{"pref":"広島県","city":"世羅郡世羅町","town":"伊尾"}],"3401":[{"pref":"広島県","city":"府中市","town":"上下町小塚"}],"3402":[{"pref":"広島県","city":"府中市","town":"上下町小堀"}],"3403":[{"pref":"広島県","city":"府中市","town":"上下町階見"}],"3404":[{"pref":"広島県","city":"府中市","town":"上下町二森"}],"3405":[{"pref":"広島県","city":"府中市","town":"上下町有福"}],"3411":[{"pref":"広島県","city":"府中市","town":"上下町井永"}],"3412":[{"pref":"広島県","city":"府中市","town":"上下町岡屋"}],"3413":[{"pref":"広島県","city":"府中市","town":"上下町水永"}],"3414":[{"pref":"広島県","city":"府中市","town":"上下町佐倉"}],"3415":[{"pref":"広島県","city":"府中市","town":"上下町矢多田"}],"3421":[{"pref":"広島県","city":"府中市","town":"上下町深江"}],"3422":[{"pref":"広島県","city":"府中市","town":"上下町国留"}],"3423":[{"pref":"広島県","city":"府中市","town":"上下町矢野"}],"3424":[{"pref":"広島県","city":"府中市","town":"上下町松崎"}],"3431":[{"pref":"広島県","city":"府中市","town":"上下町上下"}],"3511":[{"pref":"広島県","city":"神石郡神石高原町","town":"高光"}],"3512":[{"pref":"広島県","city":"神石郡神石高原町","town":"草木"}],"3513":[{"pref":"広島県","city":"神石郡神石高原町","town":"牧"}],"3514":[{"pref":"広島県","city":"神石郡神石高原町","town":"田頭"}],"3515":[{"pref":"広島県","city":"神石郡神石高原町","town":"福永"}],"3516":[{"pref":"広島県","city":"神石郡神石高原町","town":"古川"}],"3601":[{"pref":"広島県","city":"神石郡神石高原町","town":"相渡"}],"3602":[{"pref":"広島県","city":"神石郡神石高原町","town":"永野"}],"3701":[{"pref":"広島県","city":"庄原市","town":"総領町黒目"}],"3702":[{"pref":"広島県","city":"庄原市","town":"総領町亀谷"}],"3703":[{"pref":"広島県","city":"庄原市","town":"総領町下領家"}],"3711":[{"pref":"広島県","city":"庄原市","town":"総領町五箇"}],"3712":[{"pref":"広島県","city":"庄原市","town":"総領町上領家"}],"3713":[{"pref":"広島県","city":"庄原市","town":"総領町中領家"}],"3721":[{"pref":"広島県","city":"庄原市","town":"総領町稲草"}],"3722":[{"pref":"広島県","city":"庄原市","town":"総領町木屋"}],"4101":[{"pref":"広島県","city":"三次市","town":"甲奴町本郷"}],"4102":[{"pref":"広島県","city":"三次市","town":"甲奴町西野"}],"4103":[{"pref":"広島県","city":"三次市","town":"甲奴町小童"}],"4104":[{"pref":"広島県","city":"三次市","town":"甲奴町宇賀"}],"4105":[{"pref":"広島県","city":"三次市","town":"甲奴町梶田"}],"4106":[{"pref":"広島県","city":"三次市","town":"甲奴町有田"}],"4111":[{"pref":"広島県","city":"三次市","town":"甲奴町福田"}],"4112":[{"pref":"広島県","city":"三次市","town":"甲奴町抜湯"}],"4113":[{"pref":"広島県","city":"三次市","town":"甲奴町太郎丸"}],"4201":[{"pref":"広島県","city":"三次市","town":"吉舎町知和"}],"4202":[{"pref":"広島県","city":"三次市","town":"吉舎町上安田"}],"4203":[{"pref":"広島県","city":"三次市","town":"吉舎町安田"}],"4204":[{"pref":"広島県","city":"三次市","town":"吉舎町三玉"}],"4205":[{"pref":"広島県","city":"三次市","town":"吉舎町海田原"}],"4206":[{"pref":"広島県","city":"三次市","town":"吉舎町矢井"}],"4207":[{"pref":"広島県","city":"三次市","town":"吉舎町敷地"}],"4208":[{"pref":"広島県","city":"三次市","town":"吉舎町矢野地"}],"4211":[{"pref":"広島県","city":"三次市","town":"吉舎町吉舎"}],"4221":[{"pref":"広島県","city":"三次市","town":"吉舎町清綱"}],"4222":[{"pref":"広島県","city":"三次市","town":"吉舎町丸田"}],"4223":[{"pref":"広島県","city":"三次市","town":"吉舎町雲通"}],"4224":[{"pref":"広島県","city":"三次市","town":"吉舎町辻"}],"4225":[{"pref":"広島県","city":"三次市","town":"吉舎町徳市"}],"4226":[{"pref":"広島県","city":"三次市","town":"吉舎町吉舎川之内"}],"4227":[{"pref":"広島県","city":"三次市","town":"吉舎町檜"}],"4301":[{"pref":"広島県","city":"三次市","town":"三良坂町光清"}],"4302":[{"pref":"広島県","city":"三次市","town":"三良坂町仁賀"}],"4303":[{"pref":"広島県","city":"三次市","town":"三良坂町灰塚"}],"4304":[{"pref":"広島県","city":"三次市","town":"三良坂町三良坂"}],"4305":[{"pref":"広島県","city":"三次市","town":"三良坂町長田"}],"4306":[{"pref":"広島県","city":"三次市","town":"三良坂町岡田"}],"4307":[{"pref":"広島県","city":"三次市","town":"三良坂町皆瀬"}],"4308":[{"pref":"広島県","city":"三次市","town":"三良坂町田利"}],"5111":[{"pref":"広島県","city":"庄原市","town":"東城町福代"}],"5112":[{"pref":"広島県","city":"庄原市","town":"東城町新福代"}],"5121":[{"pref":"広島県","city":"庄原市","town":"東城町川東"}],"5122":[{"pref":"広島県","city":"庄原市","town":"東城町久代"}],"5123":[{"pref":"広島県","city":"庄原市","town":"東城町戸宇"}],"5124":[{"pref":"広島県","city":"庄原市","town":"東城町東城"}],"5125":[{"pref":"広島県","city":"庄原市","town":"東城町川西"}],"5126":[{"pref":"広島県","city":"庄原市","town":"東城町竹森"}],"5127":[{"pref":"広島県","city":"庄原市","town":"東城町粟田"}],"5128":[{"pref":"広島県","city":"庄原市","town":"東城町受原（隠地、中ノ谷）"}],"5131":[{"pref":"広島県","city":"庄原市","town":"東城町新免"}],"5132":[{"pref":"広島県","city":"庄原市","town":"東城町三坂"}],"5241":[{"pref":"広島県","city":"庄原市","town":"東城町帝釈宇山"}],"5242":[{"pref":"広島県","city":"庄原市","town":"東城町帝釈山中"}],"5243":[{"pref":"広島県","city":"庄原市","town":"東城町帝釈始終"}],"5244":[{"pref":"広島県","city":"庄原市","town":"東城町帝釈未渡"}],"5451":[{"pref":"広島県","city":"庄原市","town":"東城町田黒"}],"5452":[{"pref":"広島県","city":"庄原市","town":"東城町菅"}],"5453":[{"pref":"広島県","city":"庄原市","town":"東城町受原（その他）"}],"5454":[{"pref":"広島県","city":"庄原市","town":"東城町川鳥"}],"5455":[{"pref":"広島県","city":"庄原市","town":"東城町保田"}],"5456":[{"pref":"広島県","city":"庄原市","town":"東城町森"}],"5501":[{"pref":"広島県","city":"庄原市","town":"東城町小奴可"}],"5502":[{"pref":"広島県","city":"庄原市","town":"東城町内堀"}],"5503":[{"pref":"広島県","city":"庄原市","town":"東城町千鳥"}],"5504":[{"pref":"広島県","city":"庄原市","town":"東城町小串"}],"5505":[{"pref":"広島県","city":"庄原市","town":"東城町塩原"}],"5506":[{"pref":"広島県","city":"庄原市","town":"東城町加谷"}],"5601":[{"pref":"広島県","city":"庄原市","town":"西城町小鳥原"}],"5602":[{"pref":"広島県","city":"庄原市","town":"西城町油木"}],"5603":[{"pref":"広島県","city":"庄原市","town":"西城町熊野（上梶谷、下梶谷、落合、明賀）"}],"5611":[{"pref":"広島県","city":"庄原市","town":"西城町三坂"}],"5612":[{"pref":"広島県","city":"庄原市","town":"西城町高尾"}],"5613":[{"pref":"広島県","city":"庄原市","town":"西城町八鳥（明賀、杉ノ原、落合駅前、石塚、二重坂）"}],"5721":[{"pref":"広島県","city":"庄原市","town":"西城町八鳥（その他）"}],"5722":[{"pref":"広島県","city":"庄原市","town":"西城町大佐"}],"5723":[{"pref":"広島県","city":"庄原市","town":"西城町平子"}],"5731":[{"pref":"広島県","city":"庄原市","town":"西城町西城"}],"5732":[{"pref":"広島県","city":"庄原市","town":"西城町栗"}],"5733":[{"pref":"広島県","city":"庄原市","town":"西城町入江"}],"5741":[{"pref":"広島県","city":"庄原市","town":"西城町熊野（その他）"}],"5742":[{"pref":"広島県","city":"庄原市","town":"西城町中野"}],"5743":[{"pref":"広島県","city":"庄原市","town":"西城町中迫"}],"5744":[{"pref":"広島県","city":"庄原市","town":"西城町大屋"}],"5745":[{"pref":"広島県","city":"庄原市","town":"西城町福山"}],"5811":[{"pref":"広島県","city":"庄原市","town":"高町"}],"5812":[{"pref":"広島県","city":"庄原市","town":"小用町"}],"5813":[{"pref":"広島県","city":"庄原市","town":"川西町"}],"6131":[{"pref":"広島県","city":"庄原市","town":"山内町"}],"6132":[{"pref":"広島県","city":"庄原市","town":"本郷町"}],"6133":[{"pref":"広島県","city":"庄原市","town":"殿垣内町"}],"6134":[{"pref":"広島県","city":"庄原市","town":"木戸町"}],"6141":[{"pref":"広島県","city":"庄原市","town":"水越町"}],"6142":[{"pref":"広島県","city":"庄原市","town":"高茂町"}],"6143":[{"pref":"広島県","city":"庄原市","town":"尾引町"}],"6144":[{"pref":"広島県","city":"庄原市","town":"平和町"}],"6201":[{"pref":"広島県","city":"三次市","town":"和知町"}],"6202":[{"pref":"広島県","city":"三次市","town":"向江田町"}],"6203":[{"pref":"広島県","city":"三次市","town":"志幸町"}],"6204":[{"pref":"広島県","city":"三次市","town":"木乗町"}],"6205":[{"pref":"広島県","city":"三次市","town":"塩町"}],"6211":[{"pref":"広島県","city":"三次市","town":"大田幸町"}],"6212":[{"pref":"広島県","city":"三次市","town":"糸井町"}],"6213":[{"pref":"広島県","city":"三次市","town":"廻神町"}],"6214":[{"pref":"広島県","city":"三次市","town":"高杉町"}],"6215":[{"pref":"広島県","city":"三次市","town":"江田川之内町"}],"6216":[{"pref":"広島県","city":"三次市","town":"小田幸町"}],"6331":[{"pref":"広島県","city":"三次市","town":"下志和地町"}],"6332":[{"pref":"広島県","city":"三次市","town":"上志和地町"}],"6333":[{"pref":"広島県","city":"三次市","town":"下川立町"}],"6334":[{"pref":"広島県","city":"三次市","town":"上川立町"}],"6335":[{"pref":"広島県","city":"三次市","town":"秋町"}],"6611":[{"pref":"広島県","city":"三次市","town":"三和町福田"}],"6612":[{"pref":"広島県","city":"三次市","town":"三和町敷名（鉾畦）"},{"pref":"広島県","city":"三次市","town":"三和町下板木"}],"6613":[{"pref":"広島県","city":"三次市","town":"三和町有原"}],"6614":[{"pref":"広島県","city":"三次市","town":"三和町羽出庭"}],"6615":[{"pref":"広島県","city":"三次市","town":"三和町上板木"}],"6616":[{"pref":"広島県","city":"三次市","town":"三和町大力谷"}],"6701":[{"pref":"広島県","city":"三次市","town":"三和町飯田"},{"pref":"広島県","city":"三次市","town":"三和町上壱"}],"6702":[{"pref":"広島県","city":"三次市","town":"三和町敷名（その他）"}],"6711":[{"pref":"広島県","city":"世羅郡世羅町","town":"黒川"}],"6712":[{"pref":"広島県","city":"世羅郡世羅町","town":"吉原"}],"6713":[{"pref":"広島県","city":"世羅郡世羅町","town":"中"}],"6714":[{"pref":"広島県","city":"世羅郡世羅町","town":"上津田"}],"6715":[{"pref":"広島県","city":"世羅郡世羅町","town":"下津田"}],"6716":[{"pref":"広島県","city":"世羅郡世羅町","town":"長田"}],"0324":[{"pref":"広島県","city":"三原市","town":"糸崎"}],"0329":[{"pref":"広島県","city":"三原市","town":"糸崎南"}],"0322":[{"pref":"広島県","city":"三原市","town":"奥野山町"}],"0321":[{"pref":"広島県","city":"三原市","town":"木原"},{"pref":"広島県","city":"三原市","town":"木原町"}],"0414":[{"pref":"広島県","city":"三原市","town":"下北方"},{"pref":"広島県","city":"三原市","town":"本郷町下北方"}],"0472":[{"pref":"広島県","city":"三原市","town":"高坂町真良"}],"0471":[{"pref":"広島県","city":"三原市","town":"高坂町許山"}],"0473":[{"pref":"広島県","city":"三原市","town":"沼田西町小原"}],"0474":[{"pref":"広島県","city":"三原市","town":"沼田西町惣定"}],"0475":[{"pref":"広島県","city":"三原市","town":"沼田西町松江"}],"0323":[{"pref":"広島県","city":"三原市","town":"鉢ケ峰町"}],"0418":[{"pref":"広島県","city":"三原市","town":"本郷北"}],"0417":[{"pref":"広島県","city":"三原市","town":"本郷南"}],"0415":[{"pref":"広島県","city":"三原市","town":"本郷町上北方"}],"0416":[{"pref":"広島県","city":"三原市","town":"本郷町善入寺"}],"0411":[{"pref":"広島県","city":"三原市","town":"本郷町船木（その他）"}],"0412":[{"pref":"広島県","city":"三原市","town":"本郷町本郷"}],"0413":[{"pref":"広島県","city":"三原市","town":"本郷町南方"}],"0419":[{"pref":"広島県","city":"三原市","town":"南方"}],"0141":[{"pref":"広島県","city":"尾道市","town":"高須町"}],"0142":[{"pref":"広島県","city":"尾道市","town":"西藤町"}],"0111":[{"pref":"広島県","city":"福山市","town":"今津町"}],"0112":[{"pref":"広島県","city":"福山市","town":"神村町"}],"0106":[{"pref":"広島県","city":"福山市","town":"高西町"}],"0101":[{"pref":"広島県","city":"福山市","town":"高西町川尻"}],"0102":[{"pref":"広島県","city":"福山市","town":"高西町真田"}],"0103":[{"pref":"広島県","city":"福山市","town":"高西町南"}],"0251":[{"pref":"広島県","city":"福山市","town":"東村町"}],"0252":[{"pref":"広島県","city":"福山市","town":"本郷町"}],"0104":[{"pref":"広島県","city":"福山市","town":"松永町"}],"0115":[{"pref":"広島県","city":"福山市","town":"南今津町"}],"0105":[{"pref":"広島県","city":"福山市","town":"南松永町"}],"0113":[{"pref":"広島県","city":"福山市","town":"宮前町"}],"0114":[{"pref":"広島県","city":"福山市","town":"柳津町"}]}