{"1251":[{"pref":"北海道","city":"磯谷郡蘭越町","town":"相生"}],"1252":[{"pref":"北海道","city":"磯谷郡蘭越町","town":"讃岐"}],"1253":[{"pref":"北海道","city":"磯谷郡蘭越町","town":"田下"}],"1254":[{"pref":"北海道","city":"磯谷郡蘭越町","town":"上目名"}],"1261":[{"pref":"北海道","city":"磯谷郡蘭越町","town":"目名町"}],"1262":[{"pref":"北海道","city":"磯谷郡蘭越町","town":"貝川"}],"1263":[{"pref":"北海道","city":"磯谷郡蘭越町","town":"三笠"}],"1264":[{"pref":"北海道","city":"磯谷郡蘭越町","town":"清水"}],"1265":[{"pref":"北海道","city":"磯谷郡蘭越町","town":"鮎川"}],"1300":[{"pref":"北海道","city":"磯谷郡蘭越町","town":"以下に掲載がない場合"}],"1301":[{"pref":"北海道","city":"磯谷郡蘭越町","town":"蘭越町"}],"1302":[{"pref":"北海道","city":"磯谷郡蘭越町","town":"昆布町"}],"1303":[{"pref":"北海道","city":"磯谷郡蘭越町","town":"立川"}],"1304":[{"pref":"北海道","city":"磯谷郡蘭越町","town":"水上"}],"1305":[{"pref":"北海道","city":"磯谷郡蘭越町","town":"大谷"}],"1306":[{"pref":"北海道","city":"磯谷郡蘭越町","town":"淀川"}],"1307":[{"pref":"北海道","city":"磯谷郡蘭越町","town":"トンカラ"},{"pref":"北海道","city":"磯谷郡蘭越町","town":"名駒町"}],"1311":[{"pref":"北海道","city":"磯谷郡蘭越町","town":"吉国"}],"1312":[{"pref":"北海道","city":"磯谷郡蘭越町","town":"冷水"},{"pref":"北海道","city":"磯谷郡蘭越町","town":"三和"}],"1313":[{"pref":"北海道","city":"磯谷郡蘭越町","town":"上里"}],"1314":[{"pref":"北海道","city":"磯谷郡蘭越町","town":"御成"}],"1315":[{"pref":"北海道","city":"磯谷郡蘭越町","town":"共栄"}],"1316":[{"pref":"北海道","city":"磯谷郡蘭越町","town":"大曲"},{"pref":"北海道","city":"磯谷郡蘭越町","town":"初田"}],"1321":[{"pref":"北海道","city":"磯谷郡蘭越町","town":"昆布温泉"},{"pref":"北海道","city":"磯谷郡蘭越町","town":"湯里"}],"1322":[{"pref":"北海道","city":"磯谷郡蘭越町","town":"日出"}],"1323":[{"pref":"北海道","city":"磯谷郡蘭越町","town":"黄金"}],"1324":[{"pref":"北海道","city":"磯谷郡蘭越町","town":"豊国"}],"1325":[{"pref":"北海道","city":"磯谷郡蘭越町","town":"栄"}],"1326":[{"pref":"北海道","city":"磯谷郡蘭越町","town":"富岡"}],"1327":[{"pref":"北海道","city":"磯谷郡蘭越町","town":"新見"}],"1341":[{"pref":"北海道","city":"磯谷郡蘭越町","town":"港町"}],"1500":[{"pref":"北海道","city":"虻田郡ニセコ町","town":"以下に掲載がない場合"}],"1501":[{"pref":"北海道","city":"虻田郡ニセコ町","town":"富士見"}],"1502":[{"pref":"北海道","city":"虻田郡ニセコ町","town":"本通"}],"1511":[{"pref":"北海道","city":"虻田郡ニセコ町","town":"ニセコ"}],"1512":[{"pref":"北海道","city":"虻田郡ニセコ町","town":"中央通"}],"1521":[{"pref":"北海道","city":"虻田郡ニセコ町","town":"東山"}],"1522":[{"pref":"北海道","city":"虻田郡ニセコ町","town":"曽我"}],"1531":[{"pref":"北海道","city":"虻田郡ニセコ町","town":"有島"}],"1541":[{"pref":"北海道","city":"虻田郡ニセコ町","town":"羊蹄"}],"1542":[{"pref":"北海道","city":"虻田郡ニセコ町","town":"近藤"}],"1543":[{"pref":"北海道","city":"虻田郡ニセコ町","town":"豊里"}],"1544":[{"pref":"北海道","city":"虻田郡ニセコ町","town":"元町"}],"1551":[{"pref":"北海道","city":"虻田郡ニセコ町","town":"里見"}],"1552":[{"pref":"北海道","city":"虻田郡ニセコ町","town":"宮田"}],"1553":[{"pref":"北海道","city":"虻田郡ニセコ町","town":"黒川"}],"1554":[{"pref":"北海道","city":"虻田郡ニセコ町","town":"富川"}],"1561":[{"pref":"北海道","city":"虻田郡ニセコ町","town":"福井"}],"1562":[{"pref":"北海道","city":"虻田郡ニセコ町","town":"桂台"}],"1563":[{"pref":"北海道","city":"虻田郡ニセコ町","town":"西富"}],"1600":[{"pref":"北海道","city":"虻田郡真狩村","town":"以下に掲載がない場合"}],"1601":[{"pref":"北海道","city":"虻田郡真狩村","town":"美原"}],"1602":[{"pref":"北海道","city":"虻田郡真狩村","town":"泉"}],"1603":[{"pref":"北海道","city":"虻田郡真狩村","town":"共明"}],"1604":[{"pref":"北海道","city":"虻田郡真狩村","town":"富里"}],"1605":[{"pref":"北海道","city":"虻田郡真狩村","town":"社"}],"1611":[{"pref":"北海道","city":"虻田郡真狩村","town":"光"}],"1612":[{"pref":"北海道","city":"虻田郡真狩村","town":"見晴"}],"1613":[{"pref":"北海道","city":"虻田郡真狩村","town":"南部"}],"1614":[{"pref":"北海道","city":"虻田郡真狩村","town":"桜川"}],"1615":[{"pref":"北海道","city":"虻田郡真狩村","town":"緑岡"}],"1621":[{"pref":"北海道","city":"虻田郡真狩村","town":"豊川"}],"1622":[{"pref":"北海道","city":"虻田郡真狩村","town":"加野"}],"1623":[{"pref":"北海道","city":"虻田郡真狩村","town":"川崎"}],"1624":[{"pref":"北海道","city":"虻田郡真狩村","town":"神里"}],"1631":[{"pref":"北海道","city":"虻田郡真狩村","town":"真狩"}],"1700":[{"pref":"北海道","city":"虻田郡留寿都村","town":"以下に掲載がない場合"}],"1711":[{"pref":"北海道","city":"虻田郡留寿都村","town":"泉川"}],"1712":[{"pref":"北海道","city":"虻田郡留寿都村","town":"豊岡"}],"1721":[{"pref":"北海道","city":"虻田郡留寿都村","town":"向丘"}],"1722":[{"pref":"北海道","city":"虻田郡留寿都村","town":"黒田"}],"1723":[{"pref":"北海道","city":"虻田郡留寿都村","town":"三ノ原"}],"1724":[{"pref":"北海道","city":"虻田郡留寿都村","town":"三豊"}],"1731":[{"pref":"北海道","city":"虻田郡留寿都村","town":"留寿都"}],"1741":[{"pref":"北海道","city":"虻田郡留寿都村","town":"西ノ原"}],"1751":[{"pref":"北海道","city":"虻田郡留寿都村","town":"登"}],"1752":[{"pref":"北海道","city":"虻田郡留寿都村","town":"旭野"}],"2141":[{"pref":"北海道","city":"岩内郡共和町","town":"ワイス"}],"2142":[{"pref":"北海道","city":"岩内郡共和町","town":"小沢"}],"2143":[{"pref":"北海道","city":"岩内郡共和町","town":"国富"}],"2200":[{"pref":"北海道","city":"岩内郡共和町","town":"以下に掲載がない場合"}],"2201":[{"pref":"北海道","city":"岩内郡共和町","town":"前田"}],"2202":[{"pref":"北海道","city":"岩内郡共和町","town":"南幌似"}],"2331":[{"pref":"北海道","city":"余市郡仁木町","town":"大江（２丁目６５１、６６２、６６８番地、３丁目１０３、１１８、"},{"pref":"北海道","city":"余市郡仁木町","town":"２１０、２５４、２６７、３７２、４４４、４６９番地）"}],"2332":[{"pref":"北海道","city":"余市郡仁木町","town":"長沢西"}],"2333":[{"pref":"北海道","city":"余市郡仁木町","town":"長沢南"}],"2334":[{"pref":"北海道","city":"余市郡仁木町","town":"尾根内"}],"2335":[{"pref":"北海道","city":"余市郡仁木町","town":"銀山"}],"2400":[{"pref":"北海道","city":"余市郡仁木町","town":"以下に掲載がない場合"}],"2401":[{"pref":"北海道","city":"余市郡仁木町","town":"旭台"}],"2402":[{"pref":"北海道","city":"余市郡仁木町","town":"大江（１丁目、２丁目「６５１、６６２、６６８番地」以外、３丁目５、１"},{"pref":"北海道","city":"余市郡仁木町","town":"３－４、２０、６７８、６８７番地）"}],"2403":[{"pref":"北海道","city":"余市郡仁木町","town":"然別"}],"2404":[{"pref":"北海道","city":"余市郡仁木町","town":"砥の川"}],"2405":[{"pref":"北海道","city":"余市郡仁木町","town":"北町"}],"2406":[{"pref":"北海道","city":"余市郡仁木町","town":"西町"}],"2411":[{"pref":"北海道","city":"余市郡仁木町","town":"東町"}],"2412":[{"pref":"北海道","city":"余市郡仁木町","town":"東町緑ケ丘"}],"2413":[{"pref":"北海道","city":"余市郡仁木町","town":"南町"}],"2561":[{"pref":"北海道","city":"小樽市","town":"忍路"}],"2562":[{"pref":"北海道","city":"小樽市","town":"蘭島"}],"2671":[{"pref":"北海道","city":"小樽市","town":"オタモイ"}],"2672":[{"pref":"北海道","city":"小樽市","town":"塩谷"}],"2673":[{"pref":"北海道","city":"小樽市","town":"桃内"}],"0600":[{"pref":"北海道","city":"島牧郡島牧村","town":"以下に掲載がない場合"}],"0602":[{"pref":"北海道","city":"島牧郡島牧村","town":"歌島"}],"0623":[{"pref":"北海道","city":"島牧郡島牧村","town":"江の島"}],"0613":[{"pref":"北海道","city":"島牧郡島牧村","town":"大平"}],"0611":[{"pref":"北海道","city":"島牧郡島牧村","town":"栄磯"}],"0634":[{"pref":"北海道","city":"島牧郡島牧村","town":"栄浜"}],"0631":[{"pref":"北海道","city":"島牧郡島牧村","town":"千走"}],"0621":[{"pref":"北海道","city":"島牧郡島牧村","town":"泊"}],"0601":[{"pref":"北海道","city":"島牧郡島牧村","town":"富浦"}],"0612":[{"pref":"北海道","city":"島牧郡島牧村","town":"豊浜"}],"0622":[{"pref":"北海道","city":"島牧郡島牧村","town":"豊平"}],"0614":[{"pref":"北海道","city":"島牧郡島牧村","town":"永豊町"}],"0633":[{"pref":"北海道","city":"島牧郡島牧村","town":"原歌町"}],"0603":[{"pref":"北海道","city":"島牧郡島牧村","town":"本目"}],"0604":[{"pref":"北海道","city":"島牧郡島牧村","town":"港"}],"0632":[{"pref":"北海道","city":"島牧郡島牧村","town":"元町"}],"0400":[{"pref":"北海道","city":"寿都郡寿都町","town":"以下に掲載がない場合"}],"0351":[{"pref":"北海道","city":"寿都郡寿都町","town":"磯谷町"}],"0412":[{"pref":"北海道","city":"寿都郡寿都町","town":"岩崎町"}],"0415":[{"pref":"北海道","city":"寿都郡寿都町","town":"歌棄町"}],"0404":[{"pref":"北海道","city":"寿都郡寿都町","town":"大磯町"}],"0405":[{"pref":"北海道","city":"寿都郡寿都町","town":"開進町"}],"0401":[{"pref":"北海道","city":"寿都郡寿都町","town":"新栄町"}],"0413":[{"pref":"北海道","city":"寿都郡寿都町","town":"樽岸町"}],"0406":[{"pref":"北海道","city":"寿都郡寿都町","town":"渡島町"}],"0403":[{"pref":"北海道","city":"寿都郡寿都町","town":"政泊町"}],"0402":[{"pref":"北海道","city":"寿都郡寿都町","town":"矢追町"}],"0414":[{"pref":"北海道","city":"寿都郡寿都町","town":"湯別町"}],"0411":[{"pref":"北海道","city":"寿都郡寿都町","town":"六条町"}],"0100":[{"pref":"北海道","city":"寿都郡黒松内町","town":"以下に掲載がない場合"}],"0136":[{"pref":"北海道","city":"寿都郡黒松内町","town":"赤井川"}],"0116":[{"pref":"北海道","city":"寿都郡黒松内町","town":"旭野"}],"0124":[{"pref":"北海道","city":"寿都郡黒松内町","town":"五十嵐"}],"0114":[{"pref":"北海道","city":"寿都郡黒松内町","town":"歌才"}],"0133":[{"pref":"北海道","city":"寿都郡黒松内町","town":"大谷地"}],"0112":[{"pref":"北海道","city":"寿都郡黒松内町","town":"貝殻"}],"0135":[{"pref":"北海道","city":"寿都郡黒松内町","town":"角十"}],"0145":[{"pref":"北海道","city":"寿都郡黒松内町","town":"上大成"}],"0141":[{"pref":"北海道","city":"寿都郡黒松内町","town":"上豊幌"}],"0126":[{"pref":"北海道","city":"寿都郡黒松内町","town":"北作開"}],"0101":[{"pref":"北海道","city":"寿都郡黒松内町","town":"黒松内"}],"0134":[{"pref":"北海道","city":"寿都郡黒松内町","town":"白井川"}],"0122":[{"pref":"北海道","city":"寿都郡黒松内町","town":"白炭"}],"0117":[{"pref":"北海道","city":"寿都郡黒松内町","town":"添別"}],"0143":[{"pref":"北海道","city":"寿都郡黒松内町","town":"大成"}],"0132":[{"pref":"北海道","city":"寿都郡黒松内町","town":"チョポシナイ"}],"0142":[{"pref":"北海道","city":"寿都郡黒松内町","town":"東栄"}],"0113":[{"pref":"北海道","city":"寿都郡黒松内町","town":"豊幌"}],"0111":[{"pref":"北海道","city":"寿都郡黒松内町","town":"中里"}],"0123":[{"pref":"北海道","city":"寿都郡黒松内町","town":"中ノ川"}],"0131":[{"pref":"北海道","city":"寿都郡黒松内町","town":"西熱郛原野"}],"0115":[{"pref":"北海道","city":"寿都郡黒松内町","town":"西沢"}],"0121":[{"pref":"北海道","city":"寿都郡黒松内町","town":"熱郛"}],"0137":[{"pref":"北海道","city":"寿都郡黒松内町","town":"婆沢"}],"0144":[{"pref":"北海道","city":"寿都郡黒松内町","town":"東川"}],"0127":[{"pref":"北海道","city":"寿都郡黒松内町","town":"南作開"}],"0125":[{"pref":"北海道","city":"寿都郡黒松内町","town":"目名"}]}