{"0005":[{"pref":"徳島県","city":"美馬市","town":"穴吹町穴吹"}],"0006":[{"pref":"徳島県","city":"美馬市","town":"穴吹町口山"}],"0007":[{"pref":"徳島県","city":"美馬市","town":"穴吹町古宮"}],"0004":[{"pref":"徳島県","city":"美馬市","town":"穴吹町三島（大重）"}],"0001":[{"pref":"徳島県","city":"美馬市","town":"穴吹町三島（小島）"}],"0002":[{"pref":"徳島県","city":"美馬市","town":"穴吹町三島（舞中島）"}],"0003":[{"pref":"徳島県","city":"美馬市","town":"穴吹町三島（三谷）"}],"0302":[{"pref":"徳島県","city":"美馬市","town":"木屋平（麻衣、大北、川井、下名、竹尾、櫟木）"}],"0301":[{"pref":"徳島県","city":"美馬市","town":"木屋平（市初、今丸、尾山、カゴミ、樫原、木中、桑柄、ケヤキヒラ、小日浦、"},{"pref":"徳島県","city":"美馬市","town":"地神滝、菅蔵、杖谷、葛尾、ハジコノ、ビヤガイチ、二戸、三ツ木、貢、"},{"pref":"徳島県","city":"美馬市","town":"南張、向樫原）"}],"0303":[{"pref":"徳島県","city":"美馬市","town":"木屋平（川上、川上カケ、太合、太合カケ、谷口、谷口カケ、森遠、八幡、弓道）"}]}