{"0000":[{"pref":"埼玉県","city":"さいたま市岩槻区","town":"以下に掲載がない場合"}],"0071":[{"pref":"埼玉県","city":"さいたま市岩槻区","town":"相野原"}],"0066":[{"pref":"埼玉県","city":"さいたま市岩槻区","town":"愛宕町"}],"0031":[{"pref":"埼玉県","city":"さいたま市岩槻区","town":"飯塚"}],"0061":[{"pref":"埼玉県","city":"さいたま市岩槻区","town":"岩槻"}],"0073":[{"pref":"埼玉県","city":"さいたま市岩槻区","town":"上野"}],"0037":[{"pref":"埼玉県","city":"さいたま市岩槻区","town":"浮谷"}],"0002":[{"pref":"埼玉県","city":"さいたま市岩槻区","town":"裏慈恩寺"}],"0013":[{"pref":"埼玉県","city":"さいたま市岩槻区","town":"大口"}],"0052":[{"pref":"埼玉県","city":"さいたま市岩槻区","town":"太田"}],"0014":[{"pref":"埼玉県","city":"さいたま市岩槻区","town":"大戸"}],"0018":[{"pref":"埼玉県","city":"さいたま市岩槻区","town":"大野島"}],"0017":[{"pref":"埼玉県","city":"さいたま市岩槻区","town":"大森"}],"0015":[{"pref":"埼玉県","city":"さいたま市岩槻区","town":"大谷"}],"0027":[{"pref":"埼玉県","city":"さいたま市岩槻区","town":"尾ケ崎"}],"0026":[{"pref":"埼玉県","city":"さいたま市岩槻区","town":"尾ケ崎新田"}],"0008":[{"pref":"埼玉県","city":"さいたま市岩槻区","town":"表慈恩寺"}],"0024":[{"pref":"埼玉県","city":"さいたま市岩槻区","town":"釣上"}],"0025":[{"pref":"埼玉県","city":"さいたま市岩槻区","town":"釣上新田"}],"0056":[{"pref":"埼玉県","city":"さいたま市岩槻区","town":"加倉"}],"0078":[{"pref":"埼玉県","city":"さいたま市岩槻区","town":"掛"}],"0045":[{"pref":"埼玉県","city":"さいたま市岩槻区","town":"柏崎"}],"0075":[{"pref":"埼玉県","city":"さいたま市岩槻区","town":"金重"}],"0001":[{"pref":"埼玉県","city":"さいたま市岩槻区","town":"鹿室"}],"0006":[{"pref":"埼玉県","city":"さいたま市岩槻区","town":"上里"}],"0033":[{"pref":"埼玉県","city":"さいたま市岩槻区","town":"黒谷"}],"0072":[{"pref":"埼玉県","city":"さいたま市岩槻区","town":"古ケ場"}],"0003":[{"pref":"埼玉県","city":"さいたま市岩槻区","town":"小溝"}],"0034":[{"pref":"埼玉県","city":"さいたま市岩槻区","town":"笹久保"}],"0035":[{"pref":"埼玉県","city":"さいたま市岩槻区","town":"笹久保新田"}],"0009":[{"pref":"埼玉県","city":"さいたま市岩槻区","town":"慈恩寺"}],"0043":[{"pref":"埼玉県","city":"さいたま市岩槻区","town":"城南"}],"0053":[{"pref":"埼玉県","city":"さいたま市岩槻区","town":"城町"}],"0044":[{"pref":"埼玉県","city":"さいたま市岩槻区","town":"真福寺"}],"0021":[{"pref":"埼玉県","city":"さいたま市岩槻区","town":"末田"}],"0007":[{"pref":"埼玉県","city":"さいたま市岩槻区","town":"諏訪"}],"0022":[{"pref":"埼玉県","city":"さいたま市岩槻区","town":"高曽根"}],"0004":[{"pref":"埼玉県","city":"さいたま市岩槻区","town":"徳力"}],"0054":[{"pref":"埼玉県","city":"さいたま市岩槻区","town":"仲町"}],"0011":[{"pref":"埼玉県","city":"さいたま市岩槻区","town":"長宮"}],"0068":[{"pref":"埼玉県","city":"さいたま市岩槻区","town":"並木"}],"0016":[{"pref":"埼玉県","city":"さいたま市岩槻区","town":"新方須賀"}],"0081":[{"pref":"埼玉県","city":"さいたま市岩槻区","town":"西原"}],"0082":[{"pref":"埼玉県","city":"さいたま市岩槻区","town":"西原台"}],"0067":[{"pref":"埼玉県","city":"さいたま市岩槻区","town":"西町"}],"0023":[{"pref":"埼玉県","city":"さいたま市岩槻区","town":"野孫"}],"0047":[{"pref":"埼玉県","city":"さいたま市岩槻区","town":"原町"}],"0005":[{"pref":"埼玉県","city":"さいたま市岩槻区","town":"東岩槻"}],"0055":[{"pref":"埼玉県","city":"さいたま市岩槻区","town":"東町"}],"0064":[{"pref":"埼玉県","city":"さいたま市岩槻区","town":"日の出町"}],"0042":[{"pref":"埼玉県","city":"さいたま市岩槻区","town":"府内"}],"0076":[{"pref":"埼玉県","city":"さいたま市岩槻区","town":"平林寺"}],"0074":[{"pref":"埼玉県","city":"さいたま市岩槻区","town":"本宿"}],"0057":[{"pref":"埼玉県","city":"さいたま市岩槻区","town":"本町"}],"0058":[{"pref":"埼玉県","city":"さいたま市岩槻区","town":"本丸"}],"0077":[{"pref":"埼玉県","city":"さいたま市岩槻区","town":"馬込"}],"0012":[{"pref":"埼玉県","city":"さいたま市岩槻区","town":"増長"}],"0028":[{"pref":"埼玉県","city":"さいたま市岩槻区","town":"美園東"}],"0032":[{"pref":"埼玉県","city":"さいたま市岩槻区","town":"南下新井"}],"0062":[{"pref":"埼玉県","city":"さいたま市岩槻区","town":"南辻"}],"0051":[{"pref":"埼玉県","city":"さいたま市岩槻区","town":"南平野"}],"0069":[{"pref":"埼玉県","city":"さいたま市岩槻区","town":"箕輪"}],"0065":[{"pref":"埼玉県","city":"さいたま市岩槻区","town":"宮町"}],"0063":[{"pref":"埼玉県","city":"さいたま市岩槻区","town":"美幸町"}],"0041":[{"pref":"埼玉県","city":"さいたま市岩槻区","town":"村国"}],"0046":[{"pref":"埼玉県","city":"さいたま市岩槻区","town":"谷下"}],"0036":[{"pref":"埼玉県","city":"さいたま市岩槻区","town":"横根"}]}