{"0000":[{"pref":"秋田県","city":"能代市","town":"以下に掲載がない場合"}],"0865":[{"pref":"秋田県","city":"能代市","town":"青葉町"}],"0835":[{"pref":"秋田県","city":"能代市","town":"赤沼"}],"0115":[{"pref":"秋田県","city":"能代市","town":"悪戸"}],"0179":[{"pref":"秋田県","city":"能代市","town":"浅内"}],"0804":[{"pref":"秋田県","city":"能代市","town":"万町"}],"0102":[{"pref":"秋田県","city":"能代市","town":"一本木"}],"0017":[{"pref":"秋田県","city":"能代市","town":"磐"}],"0143":[{"pref":"秋田県","city":"能代市","town":"上ノ山"}],"0144":[{"pref":"秋田県","city":"能代市","town":"上ノ山台"}],"0863":[{"pref":"秋田県","city":"能代市","town":"後谷地"}],"0136":[{"pref":"秋田県","city":"能代市","town":"鵜鳥"}],"0137":[{"pref":"秋田県","city":"能代市","town":"鵜鳥悪戸"}],"0138":[{"pref":"秋田県","city":"能代市","town":"鵜鳥川原"}],"0141":[{"pref":"秋田県","city":"能代市","town":"鵜ノ沢"}],"0135":[{"pref":"秋田県","city":"能代市","town":"姥懐"}],"0842":[{"pref":"秋田県","city":"能代市","town":"追分町"}],"0122":[{"pref":"秋田県","city":"能代市","town":"扇田"}],"0162":[{"pref":"秋田県","city":"能代市","town":"大内田"}],"0181":[{"pref":"秋田県","city":"能代市","town":"大瀬儘下"}],"0164":[{"pref":"秋田県","city":"能代市","town":"大塚"}],"0805":[{"pref":"秋田県","city":"能代市","town":"大手町"}],"0803":[{"pref":"秋田県","city":"能代市","town":"大町"}],"0155":[{"pref":"秋田県","city":"能代市","town":"大森"}],"0807":[{"pref":"秋田県","city":"能代市","town":"大森山"}],"0014":[{"pref":"秋田県","city":"能代市","town":"落合"}],"0884":[{"pref":"秋田県","city":"能代市","town":"卸町"}],"0876":[{"pref":"秋田県","city":"能代市","town":"海詠坂"}],"0121":[{"pref":"秋田県","city":"能代市","town":"鰄渕"}],"0166":[{"pref":"秋田県","city":"能代市","town":"柏子所"}],"0153":[{"pref":"秋田県","city":"能代市","town":"上関"}],"0172":[{"pref":"秋田県","city":"能代市","town":"上古川布"}],"0154":[{"pref":"秋田県","city":"能代市","town":"上谷地"}],"0182":[{"pref":"秋田県","city":"能代市","town":"上柳"}],"0878":[{"pref":"秋田県","city":"能代市","town":"臥竜山"}],"0171":[{"pref":"秋田県","city":"能代市","town":"河戸川"}],"0802":[{"pref":"秋田県","city":"能代市","town":"川反町"}],"0817":[{"pref":"秋田県","city":"能代市","town":"上町"}],"0178":[{"pref":"秋田県","city":"能代市","town":"九郎左衛門笹台"}],"0892":[{"pref":"秋田県","city":"能代市","town":"景林町"}],"0834":[{"pref":"秋田県","city":"能代市","town":"下内崎"}],"0883":[{"pref":"秋田県","city":"能代市","town":"五雲岱"}],"0815":[{"pref":"秋田県","city":"能代市","town":"御指南町"}],"0177":[{"pref":"秋田県","city":"能代市","town":"権現台"}],"0861":[{"pref":"秋田県","city":"能代市","town":"彩霞長根"}],"0846":[{"pref":"秋田県","city":"能代市","town":"栄町"}],"0011":[{"pref":"秋田県","city":"能代市","town":"坂形"}],"0167":[{"pref":"秋田県","city":"能代市","town":"塩干田"},{"pref":"秋田県","city":"能代市","town":"塩干田前"}],"0168":[{"pref":"秋田県","city":"能代市","town":"十洲崎"}],"0872":[{"pref":"秋田県","city":"能代市","town":"芝童森"}],"0113":[{"pref":"秋田県","city":"能代市","town":"下悪戸"}],"0185":[{"pref":"秋田県","city":"能代市","town":"下瀬"}],"0104":[{"pref":"秋田県","city":"能代市","town":"下関"}],"0186":[{"pref":"秋田県","city":"能代市","town":"下野"}],"0173":[{"pref":"秋田県","city":"能代市","town":"下古川布"}],"0187":[{"pref":"秋田県","city":"能代市","town":"下柳"}],"0862":[{"pref":"秋田県","city":"能代市","town":"寿域長根"}],"0897":[{"pref":"秋田県","city":"能代市","town":"昭南町"}],"0871":[{"pref":"秋田県","city":"能代市","town":"昇平岱"}],"0174":[{"pref":"秋田県","city":"能代市","town":"新山前"}],"0895":[{"pref":"秋田県","city":"能代市","town":"末広町"}],"0015":[{"pref":"秋田県","city":"能代市","town":"須田"}],"0881":[{"pref":"秋田県","city":"能代市","town":"砂留山"}],"0824":[{"pref":"秋田県","city":"能代市","town":"住吉町"}],"0806":[{"pref":"秋田県","city":"能代市","town":"清助町"}],"0877":[{"pref":"秋田県","city":"能代市","town":"仙遊長根"}],"0163":[{"pref":"秋田県","city":"能代市","town":"袖又"}],"0001":[{"pref":"秋田県","city":"能代市","town":"外荒巻"}],"0146":[{"pref":"秋田県","city":"能代市","town":"外堤"}],"0184":[{"pref":"秋田県","city":"能代市","town":"高塙"}],"0016":[{"pref":"秋田県","city":"能代市","town":"竹生"}],"0857":[{"pref":"秋田県","city":"能代市","town":"田子向"}],"0123":[{"pref":"秋田県","city":"能代市","town":"田床内"}],"0149":[{"pref":"秋田県","city":"能代市","town":"田中谷地"}],"0165":[{"pref":"秋田県","city":"能代市","town":"田屋"}],"0843":[{"pref":"秋田県","city":"能代市","town":"中和"}],"0131":[{"pref":"秋田県","city":"能代市","town":"鶴形"}],"0853":[{"pref":"秋田県","city":"能代市","town":"出戸後"}],"0852":[{"pref":"秋田県","city":"能代市","town":"出戸本町"}],"0188":[{"pref":"秋田県","city":"能代市","town":"寺向"}],"0845":[{"pref":"秋田県","city":"能代市","town":"通町"}],"0176":[{"pref":"秋田県","city":"能代市","town":"戸川向"}],"0134":[{"pref":"秋田県","city":"能代市","town":"戸草沢"}],"0816":[{"pref":"秋田県","city":"能代市","town":"富町"}],"0147":[{"pref":"秋田県","city":"能代市","town":"鳥矢場"}],"0864":[{"pref":"秋田県","city":"能代市","town":"鳥小屋"}],"0114":[{"pref":"秋田県","city":"能代市","town":"中悪戸"}],"0814":[{"pref":"秋田県","city":"能代市","town":"中川原"}],"0156":[{"pref":"秋田県","city":"能代市","town":"中沢"}],"0812":[{"pref":"秋田県","city":"能代市","town":"中嶋（１－９７～１１６）"}],"0112":[{"pref":"秋田県","city":"能代市","town":"中嶋（その他）"}],"0101":[{"pref":"秋田県","city":"能代市","town":"中関"}],"0183":[{"pref":"秋田県","city":"能代市","town":"中柳"}],"0873":[{"pref":"秋田県","city":"能代市","town":"長崎"}],"0875":[{"pref":"秋田県","city":"能代市","town":"南陽崎"}],"0111":[{"pref":"秋田県","city":"能代市","town":"仁井田白山"}],"0837":[{"pref":"秋田県","city":"能代市","town":"西赤沼"}],"0855":[{"pref":"秋田県","city":"能代市","town":"西大瀬"}],"0891":[{"pref":"秋田県","city":"能代市","town":"西通町"}],"0003":[{"pref":"秋田県","city":"能代市","town":"荷八田"}],"0874":[{"pref":"秋田県","city":"能代市","town":"沼ノ上"}],"0813":[{"pref":"秋田県","city":"能代市","town":"能代町"}],"0894":[{"pref":"秋田県","city":"能代市","town":"萩の台"}],"0116":[{"pref":"秋田県","city":"能代市","town":"機織轌ノ目"}],"0821":[{"pref":"秋田県","city":"能代市","town":"畠町"}],"0844":[{"pref":"秋田県","city":"能代市","town":"花園町"}],"0801":[{"pref":"秋田県","city":"能代市","town":"浜通町"}],"0157":[{"pref":"秋田県","city":"能代市","town":"腹鞁ノ沢"}],"0142":[{"pref":"秋田県","city":"能代市","town":"半戸沢"}],"0896":[{"pref":"秋田県","city":"能代市","town":"盤若町"}],"0836":[{"pref":"秋田県","city":"能代市","town":"東赤沼"}],"0839":[{"pref":"秋田県","city":"能代市","town":"東大瀬"}],"0822":[{"pref":"秋田県","city":"能代市","town":"東町"}],"0012":[{"pref":"秋田県","city":"能代市","town":"比八田"}],"0148":[{"pref":"秋田県","city":"能代市","town":"冷清水"}],"0151":[{"pref":"秋田県","city":"能代市","town":"檜山"}],"0811":[{"pref":"秋田県","city":"能代市","town":"日吉町"}],"0808":[{"pref":"秋田県","city":"能代市","town":"日和山下"}],"0856":[{"pref":"秋田県","city":"能代市","town":"藤山"}],"0004":[{"pref":"秋田県","city":"能代市","town":"吹越"}],"0175":[{"pref":"秋田県","city":"能代市","town":"古屋布"}],"0879":[{"pref":"秋田県","city":"能代市","town":"不老岱"}],"0882":[{"pref":"秋田県","city":"能代市","town":"鳳凰岱"}],"0169":[{"pref":"秋田県","city":"能代市","town":"坊ケ崎"}],"0854":[{"pref":"秋田県","city":"能代市","town":"豊祥岱"}],"0002":[{"pref":"秋田県","city":"能代市","town":"朴瀬"}],"0005":[{"pref":"秋田県","city":"能代市","town":"真壁地"}],"0132":[{"pref":"秋田県","city":"能代市","town":"町後"}],"0161":[{"pref":"秋田県","city":"能代市","town":"松長布"}],"0893":[{"pref":"秋田県","city":"能代市","town":"松美町"}],"0851":[{"pref":"秋田県","city":"能代市","town":"緑町"}],"0832":[{"pref":"秋田県","city":"能代市","town":"南元町"}],"0103":[{"pref":"秋田県","city":"能代市","town":"宮ノ前"}],"0133":[{"pref":"秋田県","city":"能代市","town":"向田表"}],"0013":[{"pref":"秋田県","city":"能代市","town":"向能代"}],"0833":[{"pref":"秋田県","city":"能代市","town":"明治町"}],"0152":[{"pref":"秋田県","city":"能代市","town":"母体"}],"0831":[{"pref":"秋田県","city":"能代市","town":"元町"}],"0139":[{"pref":"秋田県","city":"能代市","town":"谷地上"}],"0825":[{"pref":"秋田県","city":"能代市","town":"柳町"}],"0841":[{"pref":"秋田県","city":"能代市","town":"養蚕"}],"0838":[{"pref":"秋田県","city":"能代市","town":"養蚕脇"}],"0145":[{"pref":"秋田県","city":"能代市","town":"若田"}],"0823":[{"pref":"秋田県","city":"能代市","town":"若松町"}]}