{"1100":[{"pref":"福岡県","city":"糸島市","town":"以下に掲載がない場合"}],"1101":[{"pref":"福岡県","city":"糸島市","town":"板持"}],"1102":[{"pref":"福岡県","city":"糸島市","town":"高田"}],"1103":[{"pref":"福岡県","city":"糸島市","town":"池田"}],"1104":[{"pref":"福岡県","city":"糸島市","town":"波多江"}],"1105":[{"pref":"福岡県","city":"糸島市","town":"潤"}],"1106":[{"pref":"福岡県","city":"糸島市","town":"志登"}],"1107":[{"pref":"福岡県","city":"糸島市","town":"波多江駅北"}],"1108":[{"pref":"福岡県","city":"糸島市","town":"波多江駅南"}],"1111":[{"pref":"福岡県","city":"糸島市","town":"泊"}],"1112":[{"pref":"福岡県","city":"糸島市","town":"浦志"}],"1113":[{"pref":"福岡県","city":"糸島市","town":"前原"}],"1114":[{"pref":"福岡県","city":"糸島市","town":"新田"}],"1115":[{"pref":"福岡県","city":"糸島市","town":"油比"}],"1116":[{"pref":"福岡県","city":"糸島市","town":"前原中央"}],"1117":[{"pref":"福岡県","city":"糸島市","town":"前原西"}],"1118":[{"pref":"福岡県","city":"糸島市","town":"前原北"}],"1119":[{"pref":"福岡県","city":"糸島市","town":"前原東"}],"1120":[{"pref":"福岡県","city":"糸島市","town":"神在東"}],"1121":[{"pref":"福岡県","city":"糸島市","town":"荻浦"}],"1122":[{"pref":"福岡県","city":"糸島市","town":"東"}],"1123":[{"pref":"福岡県","city":"糸島市","town":"神在"}],"1124":[{"pref":"福岡県","city":"糸島市","town":"加布里"}],"1125":[{"pref":"福岡県","city":"糸島市","town":"千早新田"}],"1126":[{"pref":"福岡県","city":"糸島市","town":"岩本"}],"1127":[{"pref":"福岡県","city":"糸島市","town":"有田中央"}],"1128":[{"pref":"福岡県","city":"糸島市","town":"篠原東"}],"1129":[{"pref":"福岡県","city":"糸島市","town":"篠原西"}],"1130":[{"pref":"福岡県","city":"糸島市","town":"伊都の杜"}],"1131":[{"pref":"福岡県","city":"糸島市","town":"篠原"}],"1132":[{"pref":"福岡県","city":"糸島市","town":"有田"}],"1133":[{"pref":"福岡県","city":"糸島市","town":"富"}],"1134":[{"pref":"福岡県","city":"糸島市","town":"多久"}],"1135":[{"pref":"福岡県","city":"糸島市","town":"大浦"}],"1136":[{"pref":"福岡県","city":"糸島市","town":"美咲が丘"}],"1137":[{"pref":"福岡県","city":"糸島市","town":"南風台"}],"1138":[{"pref":"福岡県","city":"糸島市","town":"前原駅南"}],"1139":[{"pref":"福岡県","city":"糸島市","town":"前原南"}],"1141":[{"pref":"福岡県","city":"糸島市","town":"蔵持"}],"1142":[{"pref":"福岡県","city":"糸島市","town":"八島"}],"1143":[{"pref":"福岡県","city":"糸島市","town":"高上"}],"1144":[{"pref":"福岡県","city":"糸島市","town":"山北"}],"1145":[{"pref":"福岡県","city":"糸島市","town":"雷山"}],"1146":[{"pref":"福岡県","city":"糸島市","town":"三坂"}],"1147":[{"pref":"福岡県","city":"糸島市","town":"香力"}],"1148":[{"pref":"福岡県","city":"糸島市","town":"神在西"}],"1149":[{"pref":"福岡県","city":"糸島市","town":"千早新田西"}],"1151":[{"pref":"福岡県","city":"糸島市","town":"本"}],"1152":[{"pref":"福岡県","city":"糸島市","town":"飯原"}],"1153":[{"pref":"福岡県","city":"糸島市","town":"長野"}],"1154":[{"pref":"福岡県","city":"糸島市","town":"白糸"}],"1155":[{"pref":"福岡県","city":"糸島市","town":"川付"}],"1156":[{"pref":"福岡県","city":"糸島市","town":"瀬戸"}],"1301":[{"pref":"福岡県","city":"糸島市","town":"志摩井田原"}],"1302":[{"pref":"福岡県","city":"糸島市","town":"志摩吉田"}],"1303":[{"pref":"福岡県","city":"糸島市","town":"志摩野北"}],"1304":[{"pref":"福岡県","city":"糸島市","town":"志摩桜井"}],"1305":[{"pref":"福岡県","city":"糸島市","town":"志摩馬場"}],"1306":[{"pref":"福岡県","city":"糸島市","town":"志摩松隈"}],"1311":[{"pref":"福岡県","city":"糸島市","town":"志摩津和崎"}],"1312":[{"pref":"福岡県","city":"糸島市","town":"志摩初"}],"1313":[{"pref":"福岡県","city":"糸島市","town":"志摩稲留"}],"1314":[{"pref":"福岡県","city":"糸島市","town":"志摩師吉"}],"1315":[{"pref":"福岡県","city":"糸島市","town":"志摩稲葉"}],"1321":[{"pref":"福岡県","city":"糸島市","town":"志摩小富士"}],"1322":[{"pref":"福岡県","city":"糸島市","town":"志摩御床"}],"1323":[{"pref":"福岡県","city":"糸島市","town":"志摩小金丸"}],"1324":[{"pref":"福岡県","city":"糸島市","town":"志摩東貝塚"}],"1325":[{"pref":"福岡県","city":"糸島市","town":"志摩西貝塚"}],"1331":[{"pref":"福岡県","city":"糸島市","town":"志摩久家"}],"1332":[{"pref":"福岡県","city":"糸島市","town":"志摩船越"}],"1333":[{"pref":"福岡県","city":"糸島市","town":"志摩新町"}],"1334":[{"pref":"福岡県","city":"糸島市","town":"志摩岐志"}],"1335":[{"pref":"福岡県","city":"糸島市","town":"志摩芥屋"}],"1336":[{"pref":"福岡県","city":"糸島市","town":"志摩姫島"}],"1561":[{"pref":"福岡県","city":"糸島市","town":"曽根"}],"1562":[{"pref":"福岡県","city":"糸島市","town":"井田"}],"1563":[{"pref":"福岡県","city":"糸島市","town":"高来寺"}],"1564":[{"pref":"福岡県","city":"糸島市","town":"大門"}],"1571":[{"pref":"福岡県","city":"糸島市","town":"高祖"}],"1572":[{"pref":"福岡県","city":"糸島市","town":"末永"}],"1573":[{"pref":"福岡県","city":"糸島市","town":"王丸"}],"1574":[{"pref":"福岡県","city":"糸島市","town":"川原"}],"1575":[{"pref":"福岡県","city":"糸島市","town":"西堂"}],"1581":[{"pref":"福岡県","city":"糸島市","town":"瑞梅寺"}],"1582":[{"pref":"福岡県","city":"糸島市","town":"井原"}],"1583":[{"pref":"福岡県","city":"糸島市","town":"三雲"}],"1601":[{"pref":"福岡県","city":"糸島市","town":"二丈深江"}],"1611":[{"pref":"福岡県","city":"糸島市","town":"二丈片山"}],"1612":[{"pref":"福岡県","city":"糸島市","town":"二丈松末（下松末）"}],"1613":[{"pref":"福岡県","city":"糸島市","town":"二丈松末（その他）"}],"1614":[{"pref":"福岡県","city":"糸島市","town":"二丈浜窪"}],"1615":[{"pref":"福岡県","city":"糸島市","town":"二丈田中"}],"1616":[{"pref":"福岡県","city":"糸島市","town":"二丈武"}],"1621":[{"pref":"福岡県","city":"糸島市","town":"二丈上深江"}],"1622":[{"pref":"福岡県","city":"糸島市","town":"二丈一貴山"}],"1623":[{"pref":"福岡県","city":"糸島市","town":"二丈石崎"}],"1624":[{"pref":"福岡県","city":"糸島市","town":"二丈満吉"}],"1625":[{"pref":"福岡県","city":"糸島市","town":"二丈長石"}],"1626":[{"pref":"福岡県","city":"糸島市","town":"二丈波呂"}],"1627":[{"pref":"福岡県","city":"糸島市","town":"二丈松国"}],"1631":[{"pref":"福岡県","city":"糸島市","town":"二丈福井"}],"1641":[{"pref":"福岡県","city":"糸島市","town":"二丈吉井"}],"1642":[{"pref":"福岡県","city":"糸島市","town":"二丈鹿家"}],"0000":[{"pref":"福岡県","city":"福岡市西区","town":"以下に掲載がない場合"}],"0015":[{"pref":"福岡県","city":"福岡市西区","town":"愛宕"}],"0013":[{"pref":"福岡県","city":"福岡市西区","town":"愛宕浜"}],"0007":[{"pref":"福岡県","city":"福岡市西区","town":"愛宕南"}],"0371":[{"pref":"福岡県","city":"福岡市西区","town":"飯氏"}],"0037":[{"pref":"福岡県","city":"福岡市西区","town":"飯盛"}],"0042":[{"pref":"福岡県","city":"福岡市西区","town":"壱岐団地"}],"0055":[{"pref":"福岡県","city":"福岡市西区","town":"生の松原"}],"0044":[{"pref":"福岡県","city":"福岡市西区","town":"生松台"}],"0025":[{"pref":"福岡県","city":"福岡市西区","town":"石丸"}],"0381":[{"pref":"福岡県","city":"福岡市西区","town":"泉"}],"0167":[{"pref":"福岡県","city":"福岡市西区","town":"今宿"}],"0162":[{"pref":"福岡県","city":"福岡市西区","town":"今宿青木"}],"0168":[{"pref":"福岡県","city":"福岡市西区","town":"今宿駅前"}],"0163":[{"pref":"福岡県","city":"福岡市西区","town":"今宿上ノ原"}],"0164":[{"pref":"福岡県","city":"福岡市西区","town":"今宿町"}],"0169":[{"pref":"福岡県","city":"福岡市西区","town":"今宿西"}],"0161":[{"pref":"福岡県","city":"福岡市西区","town":"今宿東"}],"0165":[{"pref":"福岡県","city":"福岡市西区","town":"今津"}],"0372":[{"pref":"福岡県","city":"福岡市西区","town":"宇田川原"}],"0005":[{"pref":"福岡県","city":"福岡市西区","town":"内浜"}],"0021":[{"pref":"福岡県","city":"福岡市西区","town":"大町団地"}],"0001":[{"pref":"福岡県","city":"福岡市西区","town":"小戸"}],"0011":[{"pref":"福岡県","city":"福岡市西区","town":"小呂島"}],"0035":[{"pref":"福岡県","city":"福岡市西区","town":"金武"}],"0054":[{"pref":"福岡県","city":"福岡市西区","town":"上山門"}],"0379":[{"pref":"福岡県","city":"福岡市西区","town":"北原"}],"0388":[{"pref":"福岡県","city":"福岡市西区","town":"九大新町"}],"0204":[{"pref":"福岡県","city":"福岡市西区","town":"草場"}],"0382":[{"pref":"福岡県","city":"福岡市西区","town":"桑原"}],"0205":[{"pref":"福岡県","city":"福岡市西区","town":"玄界島"}],"0203":[{"pref":"福岡県","city":"福岡市西区","town":"小田"}],"0367":[{"pref":"福岡県","city":"福岡市西区","town":"西都"}],"0052":[{"pref":"福岡県","city":"福岡市西区","town":"下山門"}],"0051":[{"pref":"福岡県","city":"福岡市西区","town":"下山門団地"}],"0024":[{"pref":"福岡県","city":"福岡市西区","town":"十郎川団地"}],"0041":[{"pref":"福岡県","city":"福岡市西区","town":"拾六町"}],"0045":[{"pref":"福岡県","city":"福岡市西区","town":"拾六町団地"}],"0053":[{"pref":"福岡県","city":"福岡市西区","town":"城の原団地"}],"0373":[{"pref":"福岡県","city":"福岡市西区","town":"周船寺"}],"0374":[{"pref":"福岡県","city":"福岡市西区","town":"千里"}],"0034":[{"pref":"福岡県","city":"福岡市西区","town":"田"}],"0383":[{"pref":"福岡県","city":"福岡市西区","town":"田尻"}],"0384":[{"pref":"福岡県","city":"福岡市西区","town":"太郎丸"}],"0032":[{"pref":"福岡県","city":"福岡市西区","town":"戸切"}],"0375":[{"pref":"福岡県","city":"福岡市西区","town":"徳永"}],"0378":[{"pref":"福岡県","city":"福岡市西区","town":"徳永北"}],"0014":[{"pref":"福岡県","city":"福岡市西区","town":"豊浜"}],"0039":[{"pref":"福岡県","city":"福岡市西区","town":"西入部"}],"0202":[{"pref":"福岡県","city":"福岡市西区","town":"西浦"}],"0046":[{"pref":"福岡県","city":"福岡市西区","town":"西の丘"}],"0043":[{"pref":"福岡県","city":"福岡市西区","town":"野方"}],"0012":[{"pref":"福岡県","city":"福岡市西区","town":"能古"}],"0033":[{"pref":"福岡県","city":"福岡市西区","town":"橋本（大字）"}],"0031":[{"pref":"福岡県","city":"福岡市西区","town":"橋本（丁目）"}],"0038":[{"pref":"福岡県","city":"福岡市西区","town":"羽根戸"}],"0022":[{"pref":"福岡県","city":"福岡市西区","town":"福重"}],"0023":[{"pref":"福岡県","city":"福岡市西区","town":"福重団地"}],"0387":[{"pref":"福岡県","city":"福岡市西区","town":"富士見"}],"0201":[{"pref":"福岡県","city":"福岡市西区","town":"宮浦"}],"0376":[{"pref":"福岡県","city":"福岡市西区","town":"女原"}],"0377":[{"pref":"福岡県","city":"福岡市西区","town":"女原北"}],"0030":[{"pref":"福岡県","city":"福岡市西区","town":"室見が丘"}],"0002":[{"pref":"福岡県","city":"福岡市西区","town":"姪の浜"}],"0006":[{"pref":"福岡県","city":"福岡市西区","town":"姪浜駅南"}],"0385":[{"pref":"福岡県","city":"福岡市西区","town":"元岡"}],"0386":[{"pref":"福岡県","city":"福岡市西区","town":"元浜"}],"0166":[{"pref":"福岡県","city":"福岡市西区","town":"横浜（１～２丁目）"}],"0366":[{"pref":"福岡県","city":"福岡市西区","town":"横浜（３丁目）"}],"0036":[{"pref":"福岡県","city":"福岡市西区","town":"吉武"}]}