{"0000":[{"pref":"福岡県","city":"北九州市戸畑区","town":"以下に掲載がない場合"}],"0083":[{"pref":"福岡県","city":"北九州市戸畑区","town":"旭町"}],"0062":[{"pref":"福岡県","city":"北九州市戸畑区","town":"浅生"}],"0021":[{"pref":"福岡県","city":"北九州市戸畑区","town":"一枝"}],"0064":[{"pref":"福岡県","city":"北九州市戸畑区","town":"沖台"}],"0071":[{"pref":"福岡県","city":"北九州市戸畑区","town":"川代"}],"0043":[{"pref":"福岡県","city":"北九州市戸畑区","town":"観音寺町"}],"0075":[{"pref":"福岡県","city":"北九州市戸畑区","town":"北鳥旗町"}],"0076":[{"pref":"福岡県","city":"北九州市戸畑区","town":"銀座"}],"0092":[{"pref":"福岡県","city":"北九州市戸畑区","town":"小芝"}],"0022":[{"pref":"福岡県","city":"北九州市戸畑区","town":"金比羅町"}],"0084":[{"pref":"福岡県","city":"北九州市戸畑区","town":"幸町"}],"0013":[{"pref":"福岡県","city":"北九州市戸畑区","town":"境川"}],"0093":[{"pref":"福岡県","city":"北九州市戸畑区","town":"沢見"}],"0091":[{"pref":"福岡県","city":"北九州市戸畑区","town":"三六町"}],"0033":[{"pref":"福岡県","city":"北九州市戸畑区","town":"椎ノ木町"}],"0067":[{"pref":"福岡県","city":"北九州市戸畑区","town":"汐井町"}],"0063":[{"pref":"福岡県","city":"北九州市戸畑区","town":"正津町"}],"0082":[{"pref":"福岡県","city":"北九州市戸畑区","town":"新池"}],"0065":[{"pref":"福岡県","city":"北九州市戸畑区","town":"新川町"}],"0044":[{"pref":"福岡県","city":"北九州市戸畑区","town":"菅原"}],"0015":[{"pref":"福岡県","city":"北九州市戸畑区","town":"仙水町"}],"0081":[{"pref":"福岡県","city":"北九州市戸畑区","town":"千防"}],"0051":[{"pref":"福岡県","city":"北九州市戸畑区","town":"高峰"}],"0014":[{"pref":"福岡県","city":"北九州市戸畑区","town":"土取町"}],"0094":[{"pref":"福岡県","city":"北九州市戸畑区","town":"天神"}],"0041":[{"pref":"福岡県","city":"北九州市戸畑区","town":"天籟寺"}],"0004":[{"pref":"福岡県","city":"北九州市戸畑区","town":"戸畑"}],"0001":[{"pref":"福岡県","city":"北九州市戸畑区","town":"飛幡町"}],"0002":[{"pref":"福岡県","city":"北九州市戸畑区","town":"中原（先の浜）"}],"0003":[{"pref":"福岡県","city":"北九州市戸畑区","town":"中原新町"}],"0012":[{"pref":"福岡県","city":"北九州市戸畑区","town":"中原東"}],"0011":[{"pref":"福岡県","city":"北九州市戸畑区","town":"中原西"}],"0061":[{"pref":"福岡県","city":"北九州市戸畑区","town":"中本町"}],"0032":[{"pref":"福岡県","city":"北九州市戸畑区","town":"西大谷"}],"0024":[{"pref":"福岡県","city":"北九州市戸畑区","town":"西鞘ケ谷町"}],"0066":[{"pref":"福岡県","city":"北九州市戸畑区","town":"初音町"}],"0031":[{"pref":"福岡県","city":"北九州市戸畑区","town":"東大谷"}],"0023":[{"pref":"福岡県","city":"北九州市戸畑区","town":"東鞘ケ谷町"}],"0025":[{"pref":"福岡県","city":"北九州市戸畑区","town":"福柳木"}],"0053":[{"pref":"福岡県","city":"北九州市戸畑区","town":"牧山"}],"0077":[{"pref":"福岡県","city":"北九州市戸畑区","town":"牧山海岸"}],"0054":[{"pref":"福岡県","city":"北九州市戸畑区","town":"牧山新町"}],"0052":[{"pref":"福岡県","city":"北九州市戸畑区","town":"丸町"}],"0074":[{"pref":"福岡県","city":"北九州市戸畑区","town":"南鳥旗町"}],"0073":[{"pref":"福岡県","city":"北九州市戸畑区","town":"明治町"}],"0072":[{"pref":"福岡県","city":"北九州市戸畑区","town":"元宮町"}],"0042":[{"pref":"福岡県","city":"北九州市戸畑区","town":"夜宮"}]}