{"0000":[{"pref":"大阪府","city":"河内長野市","town":"以下に掲載がない場合"}],"0095":[{"pref":"大阪府","city":"河内長野市","town":"あかしあ台"}],"0084":[{"pref":"大阪府","city":"河内長野市","town":"旭ケ丘"}],"0086":[{"pref":"大阪府","city":"河内長野市","town":"天野町"}],"0062":[{"pref":"大阪府","city":"河内長野市","town":"天見"}],"0069":[{"pref":"大阪府","city":"河内長野市","town":"石仏"}],"0058":[{"pref":"大阪府","city":"河内長野市","town":"石見川"}],"0002":[{"pref":"大阪府","city":"河内長野市","town":"市町"}],"0061":[{"pref":"大阪府","city":"河内長野市","town":"岩瀬"}],"0034":[{"pref":"大阪府","city":"河内長野市","town":"上田町"}],"0037":[{"pref":"大阪府","city":"河内長野市","town":"上原町"}],"0038":[{"pref":"大阪府","city":"河内長野市","town":"上原西町"}],"0056":[{"pref":"大阪府","city":"河内長野市","town":"太井"}],"0075":[{"pref":"大阪府","city":"河内長野市","town":"大矢船中町"}],"0073":[{"pref":"大阪府","city":"河内長野市","town":"大矢船西町"}],"0074":[{"pref":"大阪府","city":"河内長野市","town":"大矢船南町"}],"0076":[{"pref":"大阪府","city":"河内長野市","town":"大矢船北町"}],"0035":[{"pref":"大阪府","city":"河内長野市","town":"小塩町"}],"0094":[{"pref":"大阪府","city":"河内長野市","town":"小山田町"}],"0071":[{"pref":"大阪府","city":"河内長野市","town":"加賀田"}],"0054":[{"pref":"大阪府","city":"河内長野市","town":"神ガ丘"}],"0064":[{"pref":"大阪府","city":"河内長野市","town":"唐久谷"}],"0052":[{"pref":"大阪府","city":"河内長野市","town":"河合寺"}],"0012":[{"pref":"大阪府","city":"河内長野市","town":"菊水町"}],"0068":[{"pref":"大阪府","city":"河内長野市","town":"北青葉台"}],"0091":[{"pref":"大阪府","city":"河内長野市","town":"北貴望ケ丘"}],"0033":[{"pref":"大阪府","city":"河内長野市","town":"喜多町"}],"0001":[{"pref":"大阪府","city":"河内長野市","town":"木戸"},{"pref":"大阪府","city":"河内長野市","town":"木戸町"}],"0009":[{"pref":"大阪府","city":"河内長野市","town":"木戸西町"}],"0008":[{"pref":"大阪府","city":"河内長野市","town":"木戸東町"}],"0043":[{"pref":"大阪府","city":"河内長野市","town":"清見台"}],"0097":[{"pref":"大阪府","city":"河内長野市","town":"桐ケ丘"}],"0039":[{"pref":"大阪府","city":"河内長野市","town":"楠ケ丘"}],"0003":[{"pref":"大阪府","city":"河内長野市","town":"楠町東"}],"0004":[{"pref":"大阪府","city":"河内長野市","town":"楠町西"}],"0026":[{"pref":"大阪府","city":"河内長野市","town":"寿町"}],"0057":[{"pref":"大阪府","city":"河内長野市","town":"小深"}],"0032":[{"pref":"大阪府","city":"河内長野市","town":"栄町"}],"0011":[{"pref":"大阪府","city":"河内長野市","town":"汐の宮町"}],"0066":[{"pref":"大阪府","city":"河内長野市","town":"清水"}],"0087":[{"pref":"大阪府","city":"河内長野市","town":"下里町"}],"0096":[{"pref":"大阪府","city":"河内長野市","town":"自由ケ丘"}],"0025":[{"pref":"大阪府","city":"河内長野市","town":"昭栄町"}],"0051":[{"pref":"大阪府","city":"河内長野市","town":"末広町"}],"0093":[{"pref":"大阪府","city":"河内長野市","town":"荘園町"}],"0041":[{"pref":"大阪府","city":"河内長野市","town":"大師町"}],"0072":[{"pref":"大阪府","city":"河内長野市","town":"滝畑"}],"0036":[{"pref":"大阪府","city":"河内長野市","town":"高向"}],"0027":[{"pref":"大阪府","city":"河内長野市","town":"千代田台町"}],"0018":[{"pref":"大阪府","city":"河内長野市","town":"千代田南町"}],"0053":[{"pref":"大阪府","city":"河内長野市","town":"寺元"}],"0046":[{"pref":"大阪府","city":"河内長野市","town":"中片添町"}],"0014":[{"pref":"大阪府","city":"河内長野市","town":"長野町"}],"0063":[{"pref":"大阪府","city":"河内長野市","town":"流谷"}],"0077":[{"pref":"大阪府","city":"河内長野市","town":"南花台"}],"0047":[{"pref":"大阪府","city":"河内長野市","town":"西片添町"}],"0031":[{"pref":"大阪府","city":"河内長野市","town":"錦町"}],"0016":[{"pref":"大阪府","city":"河内長野市","town":"西代町"}],"0024":[{"pref":"大阪府","city":"河内長野市","town":"西之山町"}],"0042":[{"pref":"大阪府","city":"河内長野市","town":"日東町"}],"0023":[{"pref":"大阪府","city":"河内長野市","town":"野作町"}],"0055":[{"pref":"大阪府","city":"河内長野市","town":"鳩原"}],"0021":[{"pref":"大阪府","city":"河内長野市","town":"原町"}],"0045":[{"pref":"大阪府","city":"河内長野市","town":"東片添町"}],"0085":[{"pref":"大阪府","city":"河内長野市","town":"日野"}],"0017":[{"pref":"大阪府","city":"河内長野市","town":"古野町"}],"0022":[{"pref":"大阪府","city":"河内長野市","town":"本多町"}],"0015":[{"pref":"大阪府","city":"河内長野市","town":"本町"}],"0006":[{"pref":"大阪府","city":"河内長野市","town":"松ケ丘中町"}],"0007":[{"pref":"大阪府","city":"河内長野市","town":"松ケ丘東町"}],"0005":[{"pref":"大阪府","city":"河内長野市","town":"松ケ丘西町"}],"0044":[{"pref":"大阪府","city":"河内長野市","town":"美加の台"}],"0048":[{"pref":"大阪府","city":"河内長野市","town":"三日市町"}],"0082":[{"pref":"大阪府","city":"河内長野市","town":"緑ケ丘中町"}],"0083":[{"pref":"大阪府","city":"河内長野市","town":"緑ケ丘南町"}],"0081":[{"pref":"大阪府","city":"河内長野市","town":"緑ケ丘北町"}],"0067":[{"pref":"大阪府","city":"河内長野市","town":"南青葉台"}],"0065":[{"pref":"大阪府","city":"河内長野市","town":"南ケ丘"}],"0092":[{"pref":"大阪府","city":"河内長野市","town":"南貴望ケ丘"}],"0013":[{"pref":"大阪府","city":"河内長野市","town":"向野町"}]}