{"0000":[{"pref":"宮城県","city":"気仙沼市","town":"以下に掲載がない場合"}],"0182":[{"pref":"宮城県","city":"気仙沼市","town":"赤岩石兜"}],"0105":[{"pref":"宮城県","city":"気仙沼市","town":"赤岩老松"}],"0172":[{"pref":"宮城県","city":"気仙沼市","town":"赤岩大石倉"}],"0174":[{"pref":"宮城県","city":"気仙沼市","town":"赤岩大滝"}],"0185":[{"pref":"宮城県","city":"気仙沼市","town":"赤岩小田"}],"0166":[{"pref":"宮城県","city":"気仙沼市","town":"赤岩上羽田"}],"0104":[{"pref":"宮城県","city":"気仙沼市","town":"赤岩五駄鱈"}],"0164":[{"pref":"宮城県","city":"気仙沼市","town":"赤岩四十二"}],"0181":[{"pref":"宮城県","city":"気仙沼市","town":"赤岩杉ノ沢"}],"0161":[{"pref":"宮城県","city":"気仙沼市","town":"赤岩高前田"}],"0101":[{"pref":"宮城県","city":"気仙沼市","town":"赤岩舘下"}],"0102":[{"pref":"宮城県","city":"気仙沼市","town":"赤岩舘森"}],"0183":[{"pref":"宮城県","city":"気仙沼市","town":"赤岩泥ノ木"}],"0173":[{"pref":"宮城県","city":"気仙沼市","town":"赤岩長柴"}],"0167":[{"pref":"宮城県","city":"気仙沼市","town":"赤岩羽田"}],"0184":[{"pref":"宮城県","city":"気仙沼市","town":"赤岩平貝"}],"0162":[{"pref":"宮城県","city":"気仙沼市","town":"赤岩前田"}],"0171":[{"pref":"宮城県","city":"気仙沼市","town":"赤岩牧沢"}],"0168":[{"pref":"宮城県","city":"気仙沼市","town":"赤岩水梨子"}],"0103":[{"pref":"宮城県","city":"気仙沼市","town":"赤岩港"}],"0163":[{"pref":"宮城県","city":"気仙沼市","town":"赤岩迎前田"}],"0165":[{"pref":"宮城県","city":"気仙沼市","town":"赤岩物見"}],"0075":[{"pref":"宮城県","city":"気仙沼市","town":"赤坂"}],"0062":[{"pref":"宮城県","city":"気仙沼市","town":"明戸"}],"0623":[{"pref":"宮城県","city":"気仙沼市","town":"浅根"}],"0034":[{"pref":"宮城県","city":"気仙沼市","town":"朝日町"}],"0847":[{"pref":"宮城県","city":"気仙沼市","town":"阿霄月"}],"0071":[{"pref":"宮城県","city":"気仙沼市","town":"新町"}],"0606":[{"pref":"宮城県","city":"気仙沼市","town":"磯草"}],"0854":[{"pref":"宮城県","city":"気仙沼市","town":"磯沢"}],"0032":[{"pref":"宮城県","city":"気仙沼市","town":"一景島"}],"0083":[{"pref":"宮城県","city":"気仙沼市","town":"入沢"}],"0061":[{"pref":"宮城県","city":"気仙沼市","town":"岩ケ崎"}],"0201":[{"pref":"宮城県","city":"気仙沼市","town":"岩月千岩田"}],"0207":[{"pref":"宮城県","city":"気仙沼市","town":"岩月宝ケ沢"}],"0202":[{"pref":"宮城県","city":"気仙沼市","town":"岩月台ノ沢"}],"0206":[{"pref":"宮城県","city":"気仙沼市","town":"岩月寺沢"}],"0204":[{"pref":"宮城県","city":"気仙沼市","town":"岩月長平"}],"0205":[{"pref":"宮城県","city":"気仙沼市","town":"岩月箒沢"}],"0203":[{"pref":"宮城県","city":"気仙沼市","town":"岩月星谷"}],"0037":[{"pref":"宮城県","city":"気仙沼市","town":"魚市場前"}],"0008":[{"pref":"宮城県","city":"気仙沼市","town":"魚浜町"}],"0065":[{"pref":"宮城県","city":"気仙沼市","town":"後九条"}],"0866":[{"pref":"宮城県","city":"気仙沼市","town":"内松川"}],"0605":[{"pref":"宮城県","city":"気仙沼市","town":"浦の浜"}],"0812":[{"pref":"宮城県","city":"気仙沼市","town":"大岩井山"},{"pref":"宮城県","city":"気仙沼市","town":"大峠山"}],"0814":[{"pref":"宮城県","city":"気仙沼市","town":"大浦"}],"0082":[{"pref":"宮城県","city":"気仙沼市","town":"太田"}],"0602":[{"pref":"宮城県","city":"気仙沼市","town":"大初平"}],"0821":[{"pref":"宮城県","city":"気仙沼市","town":"大林"}],"0612":[{"pref":"宮城県","city":"気仙沼市","town":"大向"}],"0843":[{"pref":"宮城県","city":"気仙沼市","town":"落合"}],"0862":[{"pref":"宮城県","city":"気仙沼市","town":"角地"}],"0014":[{"pref":"宮城県","city":"気仙沼市","town":"柏崎"}],"0837":[{"pref":"宮城県","city":"気仙沼市","town":"鹿ノ倉"}],"0056":[{"pref":"宮城県","city":"気仙沼市","town":"上田中"}],"0803":[{"pref":"宮城県","city":"気仙沼市","town":"上東側"}],"0806":[{"pref":"宮城県","city":"気仙沼市","town":"上西側"}],"0801":[{"pref":"宮城県","city":"気仙沼市","town":"上東側根"}],"0044":[{"pref":"宮城県","city":"気仙沼市","town":"神山"}],"0607":[{"pref":"宮城県","city":"気仙沼市","town":"亀山"}],"0533":[{"pref":"宮城県","city":"気仙沼市","town":"唐桑町明戸"}],"0503":[{"pref":"宮城県","city":"気仙沼市","town":"唐桑町荒谷前"}],"0532":[{"pref":"宮城県","city":"気仙沼市","town":"唐桑町石浜"}],"0512":[{"pref":"宮城県","city":"気仙沼市","town":"唐桑町岩井沢"}],"0581":[{"pref":"宮城県","city":"気仙沼市","town":"唐桑町浦"}],"0521":[{"pref":"宮城県","city":"気仙沼市","town":"唐桑町大畑"}],"0544":[{"pref":"宮城県","city":"気仙沼市","town":"唐桑町欠浜"}],"0501":[{"pref":"宮城県","city":"気仙沼市","town":"唐桑町釜石下"}],"0522":[{"pref":"宮城県","city":"気仙沼市","town":"唐桑町上川原"}],"0562":[{"pref":"宮城県","city":"気仙沼市","town":"唐桑町上小鯖"}],"0572":[{"pref":"宮城県","city":"気仙沼市","town":"唐桑町上鮪立"}],"0553":[{"pref":"宮城県","city":"気仙沼市","town":"唐桑町神の倉"}],"0541":[{"pref":"宮城県","city":"気仙沼市","town":"唐桑町北中"}],"0561":[{"pref":"宮城県","city":"気仙沼市","town":"唐桑町小鯖"}],"0514":[{"pref":"宮城県","city":"気仙沼市","town":"唐桑町小田"}],"0543":[{"pref":"宮城県","city":"気仙沼市","town":"唐桑町小長根"}],"0523":[{"pref":"宮城県","city":"気仙沼市","town":"唐桑町境"}],"0554":[{"pref":"宮城県","city":"気仙沼市","town":"唐桑町崎浜"}],"0571":[{"pref":"宮城県","city":"気仙沼市","town":"唐桑町鮪立"}],"0534":[{"pref":"宮城県","city":"気仙沼市","town":"唐桑町宿浦"}],"0502":[{"pref":"宮城県","city":"気仙沼市","town":"唐桑町台の下"}],"0531":[{"pref":"宮城県","city":"気仙沼市","town":"唐桑町高石浜"}],"0504":[{"pref":"宮城県","city":"気仙沼市","town":"唐桑町竹の袖"}],"0524":[{"pref":"宮城県","city":"気仙沼市","town":"唐桑町只越"}],"0526":[{"pref":"宮城県","city":"気仙沼市","town":"唐桑町唯越"}],"0511":[{"pref":"宮城県","city":"気仙沼市","town":"唐桑町舘"}],"0552":[{"pref":"宮城県","city":"気仙沼市","town":"唐桑町津本"}],"0506":[{"pref":"宮城県","city":"気仙沼市","town":"唐桑町出山"}],"0525":[{"pref":"宮城県","city":"気仙沼市","town":"唐桑町堂角"}],"0542":[{"pref":"宮城県","city":"気仙沼市","town":"唐桑町中"}],"0563":[{"pref":"宮城県","city":"気仙沼市","town":"唐桑町中井"}],"0927":[{"pref":"宮城県","city":"気仙沼市","town":"唐桑町西舞根（２００番以上）"}],"0527":[{"pref":"宮城県","city":"気仙沼市","town":"唐桑町西舞根（その他）"}],"0513":[{"pref":"宮城県","city":"気仙沼市","town":"唐桑町載鈎"}],"0535":[{"pref":"宮城県","city":"気仙沼市","town":"唐桑町馬場"}],"0582":[{"pref":"宮城県","city":"気仙沼市","town":"唐桑町東舞根"}],"0551":[{"pref":"宮城県","city":"気仙沼市","town":"唐桑町松圃"}],"0505":[{"pref":"宮城県","city":"気仙沼市","town":"唐桑町港"}],"0834":[{"pref":"宮城県","city":"気仙沼市","town":"川上"}],"0033":[{"pref":"宮城県","city":"気仙沼市","town":"川口町"}],"0846":[{"pref":"宮城県","city":"気仙沼市","town":"川崎尻"}],"0041":[{"pref":"宮城県","city":"気仙沼市","town":"川畑"}],"0824":[{"pref":"宮城県","city":"気仙沼市","town":"川原崎"}],"0022":[{"pref":"宮城県","city":"気仙沼市","town":"河原田"}],"0831":[{"pref":"宮城県","city":"気仙沼市","town":"金成沢"}],"0822":[{"pref":"宮城県","city":"気仙沼市","town":"切通"}],"0064":[{"pref":"宮城県","city":"気仙沼市","town":"九条"}],"0842":[{"pref":"宮城県","city":"気仙沼市","town":"久保"}],"0081":[{"pref":"宮城県","city":"気仙沼市","town":"蔵底"}],"0868":[{"pref":"宮城県","city":"気仙沼市","town":"黒石山"},{"pref":"宮城県","city":"気仙沼市","town":"新関根"},{"pref":"宮城県","city":"気仙沼市","town":"関根"}],"0863":[{"pref":"宮城県","city":"気仙沼市","town":"黒沢"},{"pref":"宮城県","city":"気仙沼市","town":"芳ノ口"}],"0072":[{"pref":"宮城県","city":"気仙沼市","town":"化粧坂"}],"0836":[{"pref":"宮城県","city":"気仙沼市","town":"小芦"}],"0815":[{"pref":"宮城県","city":"気仙沼市","town":"小々汐"}],"0832":[{"pref":"宮城県","city":"気仙沼市","town":"瘻槻"}],"0633":[{"pref":"宮城県","city":"気仙沼市","town":"駒形"}],"0054":[{"pref":"宮城県","city":"気仙沼市","town":"駒場"}],"0214":[{"pref":"宮城県","city":"気仙沼市","town":"最知荒沢"}],"0211":[{"pref":"宮城県","city":"気仙沼市","town":"最知川原"}],"0215":[{"pref":"宮城県","city":"気仙沼市","town":"最知北最知"}],"0213":[{"pref":"宮城県","city":"気仙沼市","town":"最知南最知"}],"0212":[{"pref":"宮城県","city":"気仙沼市","town":"最知森合"}],"0026":[{"pref":"宮城県","city":"気仙沼市","town":"幸町"}],"0012":[{"pref":"宮城県","city":"気仙沼市","town":"栄町"}],"0013":[{"pref":"宮城県","city":"気仙沼市","town":"魚町"}],"0073":[{"pref":"宮城県","city":"気仙沼市","town":"笹が陣"}],"0016":[{"pref":"宮城県","city":"気仙沼市","town":"沢田"}],"0818":[{"pref":"宮城県","city":"気仙沼市","town":"三ノ浜"}],"0031":[{"pref":"宮城県","city":"気仙沼市","town":"潮見町"}],"0063":[{"pref":"宮城県","city":"気仙沼市","town":"四反田"}],"0828":[{"pref":"宮城県","city":"気仙沼市","town":"下新田"}],"0851":[{"pref":"宮城県","city":"気仙沼市","town":"下八瀬"}],"0051":[{"pref":"宮城県","city":"気仙沼市","town":"常楽"}],"0807":[{"pref":"宮城県","city":"気仙沼市","town":"白石"}],"0867":[{"pref":"宮城県","city":"気仙沼市","town":"新台"},{"pref":"宮城県","city":"気仙沼市","town":"台"}],"0829":[{"pref":"宮城県","city":"気仙沼市","town":"新田"}],"0005":[{"pref":"宮城県","city":"気仙沼市","town":"新浜町"}],"0011":[{"pref":"宮城県","city":"気仙沼市","town":"陣山"}],"0865":[{"pref":"宮城県","city":"気仙沼市","town":"新早稲谷"},{"pref":"宮城県","city":"気仙沼市","town":"早稲谷"}],"0844":[{"pref":"宮城県","city":"気仙沼市","town":"象ケ鼻"}],"0603":[{"pref":"宮城県","city":"気仙沼市","town":"外畑"}],"0601":[{"pref":"宮城県","city":"気仙沼市","town":"外浜"}],"0055":[{"pref":"宮城県","city":"気仙沼市","town":"反松"}],"0613":[{"pref":"宮城県","city":"気仙沼市","town":"高井"}],"0802":[{"pref":"宮城県","city":"気仙沼市","town":"高判形山"},{"pref":"宮城県","city":"気仙沼市","town":"日ノ口"}],"0087":[{"pref":"宮城県","city":"気仙沼市","town":"滝の入"}],"0611":[{"pref":"宮城県","city":"気仙沼市","town":"田尻"}],"0825":[{"pref":"宮城県","city":"気仙沼市","town":"田尻沢"}],"0076":[{"pref":"宮城県","city":"気仙沼市","town":"舘山"}],"0052":[{"pref":"宮城県","city":"気仙沼市","town":"田中"}],"0058":[{"pref":"宮城県","city":"気仙沼市","town":"田中沖"}],"0053":[{"pref":"宮城県","city":"気仙沼市","town":"田中前"}],"0045":[{"pref":"宮城県","city":"気仙沼市","town":"田谷"}],"0046":[{"pref":"宮城県","city":"気仙沼市","town":"田谷前"}],"0864":[{"pref":"宮城県","city":"気仙沼市","town":"塚沢"}],"0826":[{"pref":"宮城県","city":"気仙沼市","town":"百目木"}],"0057":[{"pref":"宮城県","city":"気仙沼市","town":"所沢"}],"0025":[{"pref":"宮城県","city":"気仙沼市","town":"内ノ脇"}],"0237":[{"pref":"宮城県","city":"気仙沼市","town":"長磯赤貝"}],"0226":[{"pref":"宮城県","city":"気仙沼市","town":"長磯後沢"}],"0225":[{"pref":"宮城県","city":"気仙沼市","town":"長磯大窪"}],"0221":[{"pref":"宮城県","city":"気仙沼市","town":"長磯七半沢"}],"0232":[{"pref":"宮城県","city":"気仙沼市","town":"長磯下原"}],"0223":[{"pref":"宮城県","city":"気仙沼市","town":"長磯鳥子沢"}],"0238":[{"pref":"宮城県","city":"気仙沼市","town":"長磯中原"}],"0236":[{"pref":"宮城県","city":"気仙沼市","town":"長磯二本松"}],"0231":[{"pref":"宮城県","city":"気仙沼市","town":"長磯浜"}],"0233":[{"pref":"宮城県","city":"気仙沼市","town":"長磯原"}],"0234":[{"pref":"宮城県","city":"気仙沼市","town":"長磯原ノ沢"}],"0222":[{"pref":"宮城県","city":"気仙沼市","town":"長磯船原"}],"0224":[{"pref":"宮城県","city":"気仙沼市","town":"長磯前林"}],"0235":[{"pref":"宮城県","city":"気仙沼市","town":"長磯牧通"}],"0227":[{"pref":"宮城県","city":"気仙沼市","town":"長磯森"}],"0835":[{"pref":"宮城県","city":"気仙沼市","town":"長岩間"}],"0621":[{"pref":"宮城県","city":"気仙沼市","town":"長崎"}],"0024":[{"pref":"宮城県","city":"気仙沼市","town":"仲町"}],"0007":[{"pref":"宮城県","city":"気仙沼市","town":"中みなと町"}],"0622":[{"pref":"宮城県","city":"気仙沼市","town":"中山"}],"0855":[{"pref":"宮城県","city":"気仙沼市","town":"名木沢"}],"0813":[{"pref":"宮城県","city":"気仙沼市","town":"浪板"}],"0043":[{"pref":"宮城県","city":"気仙沼市","town":"南郷"}],"0002":[{"pref":"宮城県","city":"気仙沼市","town":"錦町"}],"0805":[{"pref":"宮城県","city":"気仙沼市","town":"西中才"}],"0817":[{"pref":"宮城県","city":"気仙沼市","town":"西八幡町"},{"pref":"宮城県","city":"気仙沼市","town":"西八幡前"}],"0006":[{"pref":"宮城県","city":"気仙沼市","town":"西みなと町"}],"0816":[{"pref":"宮城県","city":"気仙沼市","town":"二ノ浜"}],"0241":[{"pref":"宮城県","city":"気仙沼市","town":"波路上岩井崎"}],"0252":[{"pref":"宮城県","city":"気仙沼市","town":"波路上後原"}],"0251":[{"pref":"宮城県","city":"気仙沼市","town":"波路上内田"}],"0247":[{"pref":"宮城県","city":"気仙沼市","town":"波路上内沼"}],"0242":[{"pref":"宮城県","city":"気仙沼市","town":"波路上崎野"}],"0245":[{"pref":"宮城県","city":"気仙沼市","town":"波路上杉ノ下"}],"0246":[{"pref":"宮城県","city":"気仙沼市","town":"波路上瀬向"}],"0254":[{"pref":"宮城県","city":"気仙沼市","town":"波路上野田"}],"0253":[{"pref":"宮城県","city":"気仙沼市","town":"波路上原"}],"0243":[{"pref":"宮城県","city":"気仙沼市","town":"波路上牧"}],"0255":[{"pref":"宮城県","city":"気仙沼市","town":"波路上向田"}],"0256":[{"pref":"宮城県","city":"気仙沼市","town":"波路上向原"}],"0244":[{"pref":"宮城県","city":"気仙沼市","town":"波路上明戸"}],"0004":[{"pref":"宮城県","city":"気仙沼市","town":"浜町"}],"0015":[{"pref":"宮城県","city":"気仙沼市","town":"浜見山"}],"0066":[{"pref":"宮城県","city":"気仙沼市","town":"東新城"}],"0804":[{"pref":"宮城県","city":"気仙沼市","town":"東中才"}],"0811":[{"pref":"宮城県","city":"気仙沼市","town":"東八幡前"}],"0001":[{"pref":"宮城県","city":"気仙沼市","town":"東みなと町"}],"0086":[{"pref":"宮城県","city":"気仙沼市","town":"福美町"}],"0077":[{"pref":"宮城県","city":"気仙沼市","town":"古町"}],"0036":[{"pref":"宮城県","city":"気仙沼市","town":"弁天町"}],"0861":[{"pref":"宮城県","city":"気仙沼市","town":"細尾"}],"0042":[{"pref":"宮城県","city":"気仙沼市","town":"本郷"}],"0845":[{"pref":"宮城県","city":"気仙沼市","town":"前木"}],"0852":[{"pref":"宮城県","city":"気仙沼市","town":"松川"}],"0853":[{"pref":"宮城県","city":"気仙沼市","town":"松川前"}],"0114":[{"pref":"宮城県","city":"気仙沼市","town":"松崎浦田"}],"0155":[{"pref":"宮城県","city":"気仙沼市","town":"松崎大萱"}],"0131":[{"pref":"宮城県","city":"気仙沼市","town":"松崎尾崎"}],"0153":[{"pref":"宮城県","city":"気仙沼市","town":"松崎面瀬"}],"0113":[{"pref":"宮城県","city":"気仙沼市","town":"松崎片浜"}],"0134":[{"pref":"宮城県","city":"気仙沼市","town":"松崎上赤田"}],"0157":[{"pref":"宮城県","city":"気仙沼市","town":"松崎上金取"}],"0121":[{"pref":"宮城県","city":"気仙沼市","town":"松崎萱"}],"0111":[{"pref":"宮城県","city":"気仙沼市","town":"松崎北沢"}],"0122":[{"pref":"宮城県","city":"気仙沼市","town":"松崎五駄鱈"}],"0143":[{"pref":"宮城県","city":"気仙沼市","town":"松崎地生"}],"0133":[{"pref":"宮城県","city":"気仙沼市","town":"松崎下赤田"}],"0156":[{"pref":"宮城県","city":"気仙沼市","town":"松崎下金取"}],"0152":[{"pref":"宮城県","city":"気仙沼市","town":"松崎外ケ沢"}],"0124":[{"pref":"宮城県","city":"気仙沼市","town":"松崎高谷"}],"0151":[{"pref":"宮城県","city":"気仙沼市","town":"松崎立石"}],"0144":[{"pref":"宮城県","city":"気仙沼市","town":"松崎鶴巻"}],"0123":[{"pref":"宮城県","city":"気仙沼市","town":"松崎中瀬"}],"0154":[{"pref":"宮城県","city":"気仙沼市","town":"松崎猫渕"}],"0132":[{"pref":"宮城県","city":"気仙沼市","town":"松崎馬場"}],"0112":[{"pref":"宮城県","city":"気仙沼市","town":"松崎前浜"}],"0142":[{"pref":"宮城県","city":"気仙沼市","town":"松崎丸森"}],"0141":[{"pref":"宮城県","city":"気仙沼市","town":"松崎柳沢"}],"0604":[{"pref":"宮城県","city":"気仙沼市","town":"廻舘"}],"0631":[{"pref":"宮城県","city":"気仙沼市","town":"三作浜"}],"0085":[{"pref":"宮城県","city":"気仙沼市","town":"三日町"}],"0021":[{"pref":"宮城県","city":"気仙沼市","town":"港町"}],"0023":[{"pref":"宮城県","city":"気仙沼市","town":"南が丘"}],"0017":[{"pref":"宮城県","city":"気仙沼市","town":"南町"}],"0018":[{"pref":"宮城県","city":"気仙沼市","town":"南町海岸"}],"0823":[{"pref":"宮城県","city":"気仙沼市","town":"茗荷沢"}],"0003":[{"pref":"宮城県","city":"気仙沼市","town":"本浜町"}],"0074":[{"pref":"宮城県","city":"気仙沼市","town":"本町"}],"0284":[{"pref":"宮城県","city":"気仙沼市","town":"本吉町赤牛"}],"0277":[{"pref":"宮城県","city":"気仙沼市","town":"本吉町天ヶ沢"},{"pref":"宮城県","city":"気仙沼市","town":"本吉町田の沢"}],"0268":[{"pref":"宮城県","city":"気仙沼市","town":"本吉町石川原"}],"0339":[{"pref":"宮城県","city":"気仙沼市","town":"本吉町泉"}],"0336":[{"pref":"宮城県","city":"気仙沼市","town":"本吉町泉沢"}],"0347":[{"pref":"宮城県","city":"気仙沼市","town":"本吉町猪の鼻"}],"0261":[{"pref":"宮城県","city":"気仙沼市","town":"本吉町後田"},{"pref":"宮城県","city":"気仙沼市","town":"本吉町直伝"},{"pref":"宮城県","city":"気仙沼市","town":"本吉町土樋下"}],"0324":[{"pref":"宮城県","city":"気仙沼市","town":"本吉町歌生"}],"0313":[{"pref":"宮城県","city":"気仙沼市","town":"本吉町卯名沢"}],"0371":[{"pref":"宮城県","city":"気仙沼市","town":"本吉町漆原"}],"0301":[{"pref":"宮城県","city":"気仙沼市","town":"本吉町狼の巣"}],"0306":[{"pref":"宮城県","city":"気仙沼市","town":"本吉町大椚"}],"0304":[{"pref":"宮城県","city":"気仙沼市","town":"本吉町大沢"}],"0356":[{"pref":"宮城県","city":"気仙沼市","town":"本吉町大柴"}],"0358":[{"pref":"宮城県","city":"気仙沼市","town":"本吉町大東"}],"0287":[{"pref":"宮城県","city":"気仙沼市","town":"本吉町大朴木"}],"0283":[{"pref":"宮城県","city":"気仙沼市","town":"本吉町大森"},{"pref":"宮城県","city":"気仙沼市","town":"本吉町谷地"}],"0272":[{"pref":"宮城県","city":"気仙沼市","town":"本吉町大谷"}],"0262":[{"pref":"宮城県","city":"気仙沼市","town":"本吉町沖の田"}],"0372":[{"pref":"宮城県","city":"気仙沼市","town":"本吉町尾田"}],"0311":[{"pref":"宮城県","city":"気仙沼市","town":"本吉町風越"}],"0354":[{"pref":"宮城県","city":"気仙沼市","town":"本吉町鹿の子"}],"0388":[{"pref":"宮城県","city":"気仙沼市","town":"本吉町上川内"}],"0373":[{"pref":"宮城県","city":"気仙沼市","town":"本吉町狩猟"}],"0317":[{"pref":"宮城県","city":"気仙沼市","town":"本吉町北明戸"}],"0275":[{"pref":"宮城県","city":"気仙沼市","town":"本吉町九多丸"}],"0265":[{"pref":"宮城県","city":"気仙沼市","town":"本吉町窪"}],"0325":[{"pref":"宮城県","city":"気仙沼市","town":"本吉町蔵内"}],"0323":[{"pref":"宮城県","city":"気仙沼市","town":"本吉町今朝磯"}],"0303":[{"pref":"宮城県","city":"気仙沼市","town":"本吉町幸土"}],"0351":[{"pref":"宮城県","city":"気仙沼市","town":"本吉町午王野沢"}],"0285":[{"pref":"宮城県","city":"気仙沼市","town":"本吉町小金沢"}],"0364":[{"pref":"宮城県","city":"気仙沼市","town":"本吉町小金山"}],"0321":[{"pref":"宮城県","city":"気仙沼市","town":"本吉町小浜"}],"0348":[{"pref":"宮城県","city":"気仙沼市","town":"本吉町小峰崎"}],"0279":[{"pref":"宮城県","city":"気仙沼市","town":"本吉町猿内"}],"0353":[{"pref":"宮城県","city":"気仙沼市","town":"本吉町信夫"}],"0385":[{"pref":"宮城県","city":"気仙沼市","town":"本吉町下川内"}],"0332":[{"pref":"宮城県","city":"気仙沼市","town":"本吉町下宿"}],"0361":[{"pref":"宮城県","city":"気仙沼市","town":"本吉町下要害"}],"0269":[{"pref":"宮城県","city":"気仙沼市","town":"本吉町菖蒲沢"},{"pref":"宮城県","city":"気仙沼市","town":"本吉町道貫"}],"0316":[{"pref":"宮城県","city":"気仙沼市","town":"本吉町新北明戸"}],"0315":[{"pref":"宮城県","city":"気仙沼市","town":"本吉町新圃の沢"}],"0337":[{"pref":"宮城県","city":"気仙沼市","town":"本吉町新南明戸"}],"0328":[{"pref":"宮城県","city":"気仙沼市","town":"本吉町菅の沢"}],"0334":[{"pref":"宮城県","city":"気仙沼市","town":"本吉町外尾"}],"0352":[{"pref":"宮城県","city":"気仙沼市","town":"本吉町平椚"}],"0286":[{"pref":"宮城県","city":"気仙沼市","town":"本吉町高"}],"0384":[{"pref":"宮城県","city":"気仙沼市","town":"本吉町高岡"}],"0278":[{"pref":"宮城県","city":"気仙沼市","town":"本吉町高瀬ヶ森"},{"pref":"宮城県","city":"気仙沼市","town":"本吉町山谷"}],"0355":[{"pref":"宮城県","city":"気仙沼市","town":"本吉町滝沢"}],"0274":[{"pref":"宮城県","city":"気仙沼市","town":"本吉町滝根"}],"0346":[{"pref":"宮城県","city":"気仙沼市","town":"本吉町岳の下"}],"0345":[{"pref":"宮城県","city":"気仙沼市","town":"本吉町舘下"}],"0374":[{"pref":"宮城県","city":"気仙沼市","town":"本吉町角柄"}],"0382":[{"pref":"宮城県","city":"気仙沼市","town":"本吉町津谷明戸"}],"0341":[{"pref":"宮城県","city":"気仙沼市","town":"本吉町津谷桜子"}],"0381":[{"pref":"宮城県","city":"気仙沼市","town":"本吉町津谷新明戸"}],"0307":[{"pref":"宮城県","city":"気仙沼市","town":"本吉町津谷舘岡"}],"0305":[{"pref":"宮城県","city":"気仙沼市","town":"本吉町津谷長根"}],"0309":[{"pref":"宮城県","city":"気仙沼市","town":"本吉町津谷松尾"}],"0308":[{"pref":"宮城県","city":"気仙沼市","town":"本吉町津谷松岡"}],"0266":[{"pref":"宮城県","city":"気仙沼市","town":"本吉町寺谷"}],"0267":[{"pref":"宮城県","city":"気仙沼市","town":"本吉町寺沢"},{"pref":"宮城県","city":"気仙沼市","town":"本吉町長畑"}],"0362":[{"pref":"宮城県","city":"気仙沼市","town":"本吉町寺要害"}],"0318":[{"pref":"宮城県","city":"気仙沼市","town":"本吉町登米沢"}],"0387":[{"pref":"宮城県","city":"気仙沼市","town":"本吉町中川内"}],"0327":[{"pref":"宮城県","city":"気仙沼市","town":"本吉町長窪"}],"0375":[{"pref":"宮城県","city":"気仙沼市","town":"本吉町中沢"}],"0331":[{"pref":"宮城県","city":"気仙沼市","town":"本吉町中島"}],"0357":[{"pref":"宮城県","city":"気仙沼市","town":"本吉町中平"}],"0264":[{"pref":"宮城県","city":"気仙沼市","town":"本吉町長根"}],"0386":[{"pref":"宮城県","city":"気仙沼市","town":"本吉町西川内"}],"0322":[{"pref":"宮城県","city":"気仙沼市","town":"本吉町二十一浜"}],"0342":[{"pref":"宮城県","city":"気仙沼市","town":"本吉町幣掛"}],"0271":[{"pref":"宮城県","city":"気仙沼市","town":"本吉町野々下"}],"0314":[{"pref":"宮城県","city":"気仙沼市","town":"本吉町圃の沢"}],"0302":[{"pref":"宮城県","city":"気仙沼市","town":"本吉町林の沢"}],"0389":[{"pref":"宮城県","city":"気仙沼市","town":"本吉町東川内"}],"0276":[{"pref":"宮城県","city":"気仙沼市","town":"本吉町日門"}],"0333":[{"pref":"宮城県","city":"気仙沼市","town":"本吉町平貝"}],"0363":[{"pref":"宮城県","city":"気仙沼市","town":"本吉町深萩"}],"0281":[{"pref":"宮城県","city":"気仙沼市","town":"本吉町府中"}],"0383":[{"pref":"宮城県","city":"気仙沼市","town":"本吉町坊の倉"}],"0263":[{"pref":"宮城県","city":"気仙沼市","town":"本吉町洞沢"}],"0282":[{"pref":"宮城県","city":"気仙沼市","town":"本吉町前浜"}],"0365":[{"pref":"宮城県","city":"気仙沼市","town":"本吉町馬籠町"}],"0366":[{"pref":"宮城県","city":"気仙沼市","town":"本吉町馬籠町頭"}],"0343":[{"pref":"宮城県","city":"気仙沼市","town":"本吉町松ヶ沢"}],"0273":[{"pref":"宮城県","city":"気仙沼市","town":"本吉町三島"}],"0312":[{"pref":"宮城県","city":"気仙沼市","town":"本吉町道外"}],"0338":[{"pref":"宮城県","city":"気仙沼市","town":"本吉町南明戸"}],"0344":[{"pref":"宮城県","city":"気仙沼市","town":"本吉町宮内"}],"0367":[{"pref":"宮城県","city":"気仙沼市","town":"本吉町向畑"}],"0326":[{"pref":"宮城県","city":"気仙沼市","town":"本吉町柳沢"}],"0359":[{"pref":"宮城県","city":"気仙沼市","town":"本吉町上野"}],"0335":[{"pref":"宮城県","city":"気仙沼市","town":"本吉町蕨野"}],"0169":[{"pref":"宮城県","city":"気仙沼市","town":"物倉山"}],"0841":[{"pref":"宮城県","city":"気仙沼市","town":"柳沢"}],"0634":[{"pref":"宮城県","city":"気仙沼市","town":"要害"}],"0084":[{"pref":"宮城県","city":"気仙沼市","town":"八日町"}],"0632":[{"pref":"宮城県","city":"気仙沼市","town":"横沼"}],"0833":[{"pref":"宮城県","city":"気仙沼市","town":"渡戸"}],"0827":[{"pref":"宮城県","city":"気仙沼市","town":"和野"}],"0453":[{"pref":"宮城県","city":"本吉郡南三陸町","town":"歌津伊里前"}],"0471":[{"pref":"宮城県","city":"本吉郡南三陸町","town":"歌津石泉"}],"0426":[{"pref":"宮城県","city":"本吉郡南三陸町","town":"歌津石浜"}],"0446":[{"pref":"宮城県","city":"本吉郡南三陸町","town":"歌津板橋"}],"0434":[{"pref":"宮城県","city":"本吉郡南三陸町","town":"歌津大磯"}],"0448":[{"pref":"宮城県","city":"本吉郡南三陸町","town":"歌津大沼"}],"0463":[{"pref":"宮城県","city":"本吉郡南三陸町","town":"歌津大森"}],"0443":[{"pref":"宮城県","city":"本吉郡南三陸町","town":"歌津尾崎"}],"0476":[{"pref":"宮城県","city":"本吉郡南三陸町","town":"歌津上沢"}],"0413":[{"pref":"宮城県","city":"本吉郡南三陸町","town":"歌津上の山"}],"0425":[{"pref":"宮城県","city":"本吉郡南三陸町","town":"歌津神山"}],"0456":[{"pref":"宮城県","city":"本吉郡南三陸町","town":"歌津川内"}],"0424":[{"pref":"宮城県","city":"本吉郡南三陸町","town":"歌津北の沢"}],"0405":[{"pref":"宮城県","city":"本吉郡南三陸町","town":"歌津草木沢"}],"0451":[{"pref":"宮城県","city":"本吉郡南三陸町","town":"歌津管の浜"}],"0436":[{"pref":"宮城県","city":"本吉郡南三陸町","town":"歌津小長柴"}],"0435":[{"pref":"宮城県","city":"本吉郡南三陸町","town":"歌津小沼"}],"0467":[{"pref":"宮城県","city":"本吉郡南三陸町","town":"歌津皿貝"}],"0475":[{"pref":"宮城県","city":"本吉郡南三陸町","town":"歌津白山"}],"0462":[{"pref":"宮城県","city":"本吉郡南三陸町","town":"歌津砂浜"}],"0474":[{"pref":"宮城県","city":"本吉郡南三陸町","town":"歌津田表"}],"0445":[{"pref":"宮城県","city":"本吉郡南三陸町","town":"歌津館浜"}],"0415":[{"pref":"宮城県","city":"本吉郡南三陸町","town":"歌津田の浦"}],"0441":[{"pref":"宮城県","city":"本吉郡南三陸町","town":"歌津田の頭"}],"0411":[{"pref":"宮城県","city":"本吉郡南三陸町","town":"歌津田茂川"}],"0444":[{"pref":"宮城県","city":"本吉郡南三陸町","town":"歌津泊浜"}],"0473":[{"pref":"宮城県","city":"本吉郡南三陸町","town":"歌津中在"}],"0414":[{"pref":"宮城県","city":"本吉郡南三陸町","town":"歌津長沢"}],"0447":[{"pref":"宮城県","city":"本吉郡南三陸町","town":"歌津長柴"}],"0406":[{"pref":"宮城県","city":"本吉郡南三陸町","town":"歌津中野"}],"0403":[{"pref":"宮城県","city":"本吉郡南三陸町","town":"歌津長羽"}],"0432":[{"pref":"宮城県","city":"本吉郡南三陸町","town":"歌津中山"}],"0431":[{"pref":"宮城県","city":"本吉郡南三陸町","town":"歌津名足"}],"0401":[{"pref":"宮城県","city":"本吉郡南三陸町","town":"歌津浪板"}],"0465":[{"pref":"宮城県","city":"本吉郡南三陸町","town":"歌津韮の浜"}],"0433":[{"pref":"宮城県","city":"本吉郡南三陸町","town":"歌津馬場"}],"0477":[{"pref":"宮城県","city":"本吉郡南三陸町","town":"歌津払川"}],"0442":[{"pref":"宮城県","city":"本吉郡南三陸町","town":"歌津番所"}],"0478":[{"pref":"宮城県","city":"本吉郡南三陸町","town":"歌津樋の口"}],"0421":[{"pref":"宮城県","city":"本吉郡南三陸町","town":"歌津平棚"}],"0466":[{"pref":"宮城県","city":"本吉郡南三陸町","town":"歌津平松"}],"0404":[{"pref":"宮城県","city":"本吉郡南三陸町","town":"歌津牧田"}],"0423":[{"pref":"宮城県","city":"本吉郡南三陸町","town":"歌津枡沢"}],"0452":[{"pref":"宮城県","city":"本吉郡南三陸町","town":"歌津町向"}],"0422":[{"pref":"宮城県","city":"本吉郡南三陸町","town":"歌津松の崎"}],"0402":[{"pref":"宮城県","city":"本吉郡南三陸町","town":"歌津港"}],"0412":[{"pref":"宮城県","city":"本吉郡南三陸町","town":"歌津南の沢"}],"0454":[{"pref":"宮城県","city":"本吉郡南三陸町","town":"歌津峰畑"}],"0472":[{"pref":"宮城県","city":"本吉郡南三陸町","town":"歌津宮方"}],"0464":[{"pref":"宮城県","city":"本吉郡南三陸町","town":"歌津森畑"}],"0455":[{"pref":"宮城県","city":"本吉郡南三陸町","town":"歌津吉野沢"}],"0461":[{"pref":"宮城県","city":"本吉郡南三陸町","town":"歌津寄木"}]}