{"0000":[{"pref":"兵庫県","city":"神戸市垂水区","town":"以下に掲載がない場合"}],"0873":[{"pref":"兵庫県","city":"神戸市垂水区","town":"青山台"}],"0862":[{"pref":"兵庫県","city":"神戸市垂水区","town":"朝谷町"}],"0033":[{"pref":"兵庫県","city":"神戸市垂水区","town":"旭が丘"}],"0885":[{"pref":"兵庫県","city":"神戸市垂水区","town":"泉が丘"}],"0037":[{"pref":"兵庫県","city":"神戸市垂水区","town":"歌敷山"}],"0883":[{"pref":"兵庫県","city":"神戸市垂水区","town":"王居殿"}],"0014":[{"pref":"兵庫県","city":"神戸市垂水区","town":"大町"}],"0882":[{"pref":"兵庫県","city":"神戸市垂水区","town":"乙木"}],"0036":[{"pref":"兵庫県","city":"神戸市垂水区","town":"海岸通"}],"0039":[{"pref":"兵庫県","city":"神戸市垂水区","town":"霞ケ丘"}],"0017":[{"pref":"兵庫県","city":"神戸市垂水区","town":"上高丸"}],"0049":[{"pref":"兵庫県","city":"神戸市垂水区","town":"狩口台"}],"0894":[{"pref":"兵庫県","city":"神戸市垂水区","town":"川原"}],"0027":[{"pref":"兵庫県","city":"神戸市垂水区","town":"神田町"}],"0045":[{"pref":"兵庫県","city":"神戸市垂水区","town":"北舞子"}],"0026":[{"pref":"兵庫県","city":"神戸市垂水区","town":"陸ノ町"}],"0012":[{"pref":"兵庫県","city":"神戸市垂水区","town":"向陽"}],"0008":[{"pref":"兵庫県","city":"神戸市垂水区","town":"小束台"}],"0061":[{"pref":"兵庫県","city":"神戸市垂水区","town":"小束台東"}],"0002":[{"pref":"兵庫県","city":"神戸市垂水区","town":"小束山"}],"0009":[{"pref":"兵庫県","city":"神戸市垂水区","town":"小束山手"}],"0003":[{"pref":"兵庫県","city":"神戸市垂水区","town":"小束山本町"}],"0035":[{"pref":"兵庫県","city":"神戸市垂水区","town":"五色山"}],"0024":[{"pref":"兵庫県","city":"神戸市垂水区","town":"御霊町"}],"0895":[{"pref":"兵庫県","city":"神戸市垂水区","town":"坂上"}],"0005":[{"pref":"兵庫県","city":"神戸市垂水区","town":"潮見が丘"}],"0863":[{"pref":"兵庫県","city":"神戸市垂水区","town":"塩屋北町"}],"0864":[{"pref":"兵庫県","city":"神戸市垂水区","town":"塩屋台"}],"0872":[{"pref":"兵庫県","city":"神戸市垂水区","town":"塩屋町"}],"0031":[{"pref":"兵庫県","city":"神戸市垂水区","town":"清水が丘"}],"0023":[{"pref":"兵庫県","city":"神戸市垂水区","town":"清水通"}],"0861":[{"pref":"兵庫県","city":"神戸市垂水区","town":"下畑町"}],"0871":[{"pref":"兵庫県","city":"神戸市垂水区","town":"松風台"}],"0884":[{"pref":"兵庫県","city":"神戸市垂水区","town":"城が山"}],"0041":[{"pref":"兵庫県","city":"神戸市垂水区","town":"神陵台"}],"0851":[{"pref":"兵庫県","city":"神戸市垂水区","town":"神和台"}],"0865":[{"pref":"兵庫県","city":"神戸市垂水区","town":"清玄町"}],"0038":[{"pref":"兵庫県","city":"神戸市垂水区","town":"星陵台"}],"0016":[{"pref":"兵庫県","city":"神戸市垂水区","town":"高丸"}],"0007":[{"pref":"兵庫県","city":"神戸市垂水区","town":"多聞台"}],"0001":[{"pref":"兵庫県","city":"神戸市垂水区","town":"多聞町"}],"0011":[{"pref":"兵庫県","city":"神戸市垂水区","town":"千鳥が丘"}],"0018":[{"pref":"兵庫県","city":"神戸市垂水区","town":"千代が丘"}],"0853":[{"pref":"兵庫県","city":"神戸市垂水区","town":"つつじが丘"}],"0029":[{"pref":"兵庫県","city":"神戸市垂水区","town":"天ノ下町"}],"0034":[{"pref":"兵庫県","city":"神戸市垂水区","town":"仲田"}],"0896":[{"pref":"兵庫県","city":"神戸市垂水区","town":"中道"}],"0048":[{"pref":"兵庫県","city":"神戸市垂水区","town":"西舞子"}],"0042":[{"pref":"兵庫県","city":"神戸市垂水区","town":"西脇"}],"0015":[{"pref":"兵庫県","city":"神戸市垂水区","town":"野田通"}],"0021":[{"pref":"兵庫県","city":"神戸市垂水区","town":"馬場通"}],"0886":[{"pref":"兵庫県","city":"神戸市垂水区","town":"東垂水"}],"0881":[{"pref":"兵庫県","city":"神戸市垂水区","town":"東垂水町"}],"0047":[{"pref":"兵庫県","city":"神戸市垂水区","town":"東舞子町"}],"0893":[{"pref":"兵庫県","city":"神戸市垂水区","town":"日向"}],"0892":[{"pref":"兵庫県","city":"神戸市垂水区","town":"平磯"}],"0013":[{"pref":"兵庫県","city":"神戸市垂水区","town":"福田"}],"0032":[{"pref":"兵庫県","city":"神戸市垂水区","town":"星が丘"}],"0006":[{"pref":"兵庫県","city":"神戸市垂水区","town":"本多聞"}],"0044":[{"pref":"兵庫県","city":"神戸市垂水区","town":"舞子坂"}],"0046":[{"pref":"兵庫県","city":"神戸市垂水区","town":"舞子台"}],"0051":[{"pref":"兵庫県","city":"神戸市垂水区","town":"舞多聞西"}],"0052":[{"pref":"兵庫県","city":"神戸市垂水区","town":"舞多聞東"}],"0004":[{"pref":"兵庫県","city":"神戸市垂水区","town":"学が丘"}],"0025":[{"pref":"兵庫県","city":"神戸市垂水区","town":"瑞ケ丘"}],"0022":[{"pref":"兵庫県","city":"神戸市垂水区","town":"瑞穂通"}],"0043":[{"pref":"兵庫県","city":"神戸市垂水区","town":"南多聞台"}],"0874":[{"pref":"兵庫県","city":"神戸市垂水区","town":"美山台"}],"0028":[{"pref":"兵庫県","city":"神戸市垂水区","town":"宮本町"}],"0852":[{"pref":"兵庫県","city":"神戸市垂水区","town":"名谷町"}],"0854":[{"pref":"兵庫県","city":"神戸市垂水区","town":"桃山台"}],"0891":[{"pref":"兵庫県","city":"神戸市垂水区","town":"山手"}]}