{"0000":[{"pref":"東京都","city":"東大和市","town":"以下に掲載がない場合"}],"0033":[{"pref":"東京都","city":"東大和市","town":"芋窪"}],"0023":[{"pref":"東京都","city":"東大和市","town":"上北台"}],"0011":[{"pref":"東京都","city":"東大和市","town":"清原"}],"0002":[{"pref":"東京都","city":"東大和市","town":"湖畔"}],"0022":[{"pref":"東京都","city":"東大和市","town":"桜が丘"}],"0003":[{"pref":"東京都","city":"東大和市","town":"狭山"}],"0004":[{"pref":"東京都","city":"東大和市","town":"清水"}],"0012":[{"pref":"東京都","city":"東大和市","town":"新堀"}],"0032":[{"pref":"東京都","city":"東大和市","town":"蔵敷"}],"0005":[{"pref":"東京都","city":"東大和市","town":"高木"}],"0021":[{"pref":"東京都","city":"東大和市","town":"立野"}],"0001":[{"pref":"東京都","city":"東大和市","town":"多摩湖"}],"0015":[{"pref":"東京都","city":"東大和市","town":"中央"}],"0016":[{"pref":"東京都","city":"東大和市","town":"仲原"}],"0031":[{"pref":"東京都","city":"東大和市","town":"奈良橋"}],"0014":[{"pref":"東京都","city":"東大和市","town":"南街"}],"0013":[{"pref":"東京都","city":"東大和市","town":"向原"}]}