{"0000":[{"pref":"大阪府","city":"大阪市淀川区","town":"以下に掲載がない場合"}],"0031":[{"pref":"大阪府","city":"大阪市淀川区","town":"加島"}],"0012":[{"pref":"大阪府","city":"大阪市淀川区","town":"木川東"}],"0013":[{"pref":"大阪府","city":"大阪市淀川区","town":"木川西"}],"0025":[{"pref":"大阪府","city":"大阪市淀川区","town":"新北野"}],"0024":[{"pref":"大阪府","city":"大阪市淀川区","town":"十三本町"}],"0028":[{"pref":"大阪府","city":"大阪市淀川区","town":"十三元今里"}],"0023":[{"pref":"大阪府","city":"大阪市淀川区","town":"十三東"}],"0001":[{"pref":"大阪府","city":"大阪市淀川区","town":"十八条"}],"0027":[{"pref":"大阪府","city":"大阪市淀川区","town":"田川"}],"0021":[{"pref":"大阪府","city":"大阪市淀川区","town":"田川北"}],"0026":[{"pref":"大阪府","city":"大阪市淀川区","town":"塚本"}],"0033":[{"pref":"大阪府","city":"大阪市淀川区","town":"新高"}],"0011":[{"pref":"大阪府","city":"大阪市淀川区","town":"西中島"}],"0006":[{"pref":"大阪府","city":"大阪市淀川区","town":"西三国"}],"0004":[{"pref":"大阪府","city":"大阪市淀川区","town":"西宮原"}],"0022":[{"pref":"大阪府","city":"大阪市淀川区","town":"野中南"}],"0034":[{"pref":"大阪府","city":"大阪市淀川区","town":"野中北"}],"0002":[{"pref":"大阪府","city":"大阪市淀川区","town":"東三国"}],"0005":[{"pref":"大阪府","city":"大阪市淀川区","town":"三国本町"}],"0036":[{"pref":"大阪府","city":"大阪市淀川区","town":"三津屋中"}],"0035":[{"pref":"大阪府","city":"大阪市淀川区","town":"三津屋南"}],"0032":[{"pref":"大阪府","city":"大阪市淀川区","town":"三津屋北"}],"0003":[{"pref":"大阪府","city":"大阪市淀川区","town":"宮原"}]}