{"5101":[{"pref":"東京都","city":"港区","town":"浜松町世界貿易センタービルディング南館（１階）"}],"5102":[{"pref":"東京都","city":"港区","town":"浜松町世界貿易センタービルディング南館（２階）"}],"5103":[{"pref":"東京都","city":"港区","town":"浜松町世界貿易センタービルディング南館（３階）"}],"5104":[{"pref":"東京都","city":"港区","town":"浜松町世界貿易センタービルディング南館（４階）"}],"5105":[{"pref":"東京都","city":"港区","town":"浜松町世界貿易センタービルディング南館（５階）"}],"5106":[{"pref":"東京都","city":"港区","town":"浜松町世界貿易センタービルディング南館（６階）"}],"5107":[{"pref":"東京都","city":"港区","town":"浜松町世界貿易センタービルディング南館（７階）"}],"5108":[{"pref":"東京都","city":"港区","town":"浜松町世界貿易センタービルディング南館（８階）"}],"5109":[{"pref":"東京都","city":"港区","town":"浜松町世界貿易センタービルディング南館（９階）"}],"5110":[{"pref":"東京都","city":"港区","town":"浜松町世界貿易センタービルディング南館（１０階）"}],"5111":[{"pref":"東京都","city":"港区","town":"浜松町世界貿易センタービルディング南館（１１階）"}],"5112":[{"pref":"東京都","city":"港区","town":"浜松町世界貿易センタービルディング南館（１２階）"}],"5113":[{"pref":"東京都","city":"港区","town":"浜松町世界貿易センタービルディング南館（１３階）"}],"5114":[{"pref":"東京都","city":"港区","town":"浜松町世界貿易センタービルディング南館（１４階）"}],"5115":[{"pref":"東京都","city":"港区","town":"浜松町世界貿易センタービルディング南館（１５階）"}],"5116":[{"pref":"東京都","city":"港区","town":"浜松町世界貿易センタービルディング南館（１６階）"}],"5117":[{"pref":"東京都","city":"港区","town":"浜松町世界貿易センタービルディング南館（１７階）"}],"5118":[{"pref":"東京都","city":"港区","town":"浜松町世界貿易センタービルディング南館（１８階）"}],"5119":[{"pref":"東京都","city":"港区","town":"浜松町世界貿易センタービルディング南館（１９階）"}],"5120":[{"pref":"東京都","city":"港区","town":"浜松町世界貿易センタービルディング南館（２０階）"}],"5121":[{"pref":"東京都","city":"港区","town":"浜松町世界貿易センタービルディング南館（２１階）"}],"5122":[{"pref":"東京都","city":"港区","town":"浜松町世界貿易センタービルディング南館（２２階）"}],"5123":[{"pref":"東京都","city":"港区","town":"浜松町世界貿易センタービルディング南館（２３階）"}],"5124":[{"pref":"東京都","city":"港区","town":"浜松町世界貿易センタービルディング南館（２４階）"}],"5125":[{"pref":"東京都","city":"港区","town":"浜松町世界貿易センタービルディング南館（２５階）"}],"5126":[{"pref":"東京都","city":"港区","town":"浜松町世界貿易センタービルディング南館（２６階）"}],"5127":[{"pref":"東京都","city":"港区","town":"浜松町世界貿易センタービルディング南館（２７階）"}],"5128":[{"pref":"東京都","city":"港区","town":"浜松町世界貿易センタービルディング南館（２８階）"}],"5129":[{"pref":"東京都","city":"港区","town":"浜松町世界貿易センタービルディング南館（２９階）"}],"5130":[{"pref":"東京都","city":"港区","town":"浜松町世界貿易センタービルディング南館（３０階）"}],"5131":[{"pref":"東京都","city":"港区","town":"浜松町世界貿易センタービルディング南館（３１階）"}],"5132":[{"pref":"東京都","city":"港区","town":"浜松町世界貿易センタービルディング南館（３２階）"}],"5133":[{"pref":"東京都","city":"港区","town":"浜松町世界貿易センタービルディング南館（３３階）"}],"5134":[{"pref":"東京都","city":"港区","town":"浜松町世界貿易センタービルディング南館（３４階）"}],"5135":[{"pref":"東京都","city":"港区","town":"浜松町世界貿易センタービルディング南館（３５階）"}],"5136":[{"pref":"東京都","city":"港区","town":"浜松町世界貿易センタービルディング南館（３６階）"}],"5137":[{"pref":"東京都","city":"港区","town":"浜松町世界貿易センタービルディング南館（３７階）"}],"5138":[{"pref":"東京都","city":"港区","town":"浜松町世界貿易センタービルディング南館（３８階）"}],"5190":[{"pref":"東京都","city":"港区","town":"浜松町世界貿易センタービルディング南館（地階・階層不明）"}],"6001":[{"pref":"東京都","city":"港区","town":"虎ノ門城山トラストタワー（１階）"}],"6002":[{"pref":"東京都","city":"港区","town":"虎ノ門城山トラストタワー（２階）"}],"6003":[{"pref":"東京都","city":"港区","town":"虎ノ門城山トラストタワー（３階）"}],"6004":[{"pref":"東京都","city":"港区","town":"虎ノ門城山トラストタワー（４階）"}],"6005":[{"pref":"東京都","city":"港区","town":"虎ノ門城山トラストタワー（５階）"}],"6006":[{"pref":"東京都","city":"港区","town":"虎ノ門城山トラストタワー（６階）"}],"6007":[{"pref":"東京都","city":"港区","town":"虎ノ門城山トラストタワー（７階）"}],"6008":[{"pref":"東京都","city":"港区","town":"虎ノ門城山トラストタワー（８階）"}],"6009":[{"pref":"東京都","city":"港区","town":"虎ノ門城山トラストタワー（９階）"}],"6010":[{"pref":"東京都","city":"港区","town":"虎ノ門城山トラストタワー（１０階）"}],"6011":[{"pref":"東京都","city":"港区","town":"虎ノ門城山トラストタワー（１１階）"}],"6012":[{"pref":"東京都","city":"港区","town":"虎ノ門城山トラストタワー（１２階）"}],"6013":[{"pref":"東京都","city":"港区","town":"虎ノ門城山トラストタワー（１３階）"}],"6014":[{"pref":"東京都","city":"港区","town":"虎ノ門城山トラストタワー（１４階）"}],"6015":[{"pref":"東京都","city":"港区","town":"虎ノ門城山トラストタワー（１５階）"}],"6016":[{"pref":"東京都","city":"港区","town":"虎ノ門城山トラストタワー（１６階）"}],"6017":[{"pref":"東京都","city":"港区","town":"虎ノ門城山トラストタワー（１７階）"}],"6018":[{"pref":"東京都","city":"港区","town":"虎ノ門城山トラストタワー（１８階）"}],"6019":[{"pref":"東京都","city":"港区","town":"虎ノ門城山トラストタワー（１９階）"}],"6020":[{"pref":"東京都","city":"港区","town":"虎ノ門城山トラストタワー（２０階）"}],"6021":[{"pref":"東京都","city":"港区","town":"虎ノ門城山トラストタワー（２１階）"}],"6022":[{"pref":"東京都","city":"港区","town":"虎ノ門城山トラストタワー（２２階）"}],"6023":[{"pref":"東京都","city":"港区","town":"虎ノ門城山トラストタワー（２３階）"}],"6024":[{"pref":"東京都","city":"港区","town":"虎ノ門城山トラストタワー（２４階）"}],"6025":[{"pref":"東京都","city":"港区","town":"虎ノ門城山トラストタワー（２５階）"}],"6026":[{"pref":"東京都","city":"港区","town":"虎ノ門城山トラストタワー（２６階）"}],"6027":[{"pref":"東京都","city":"港区","town":"虎ノ門城山トラストタワー（２７階）"}],"6028":[{"pref":"東京都","city":"港区","town":"虎ノ門城山トラストタワー（２８階）"}],"6029":[{"pref":"東京都","city":"港区","town":"虎ノ門城山トラストタワー（２９階）"}],"6030":[{"pref":"東京都","city":"港区","town":"虎ノ門城山トラストタワー（３０階）"}],"6031":[{"pref":"東京都","city":"港区","town":"虎ノ門城山トラストタワー（３１階）"}],"6032":[{"pref":"東京都","city":"港区","town":"虎ノ門城山トラストタワー（３２階）"}],"6033":[{"pref":"東京都","city":"港区","town":"虎ノ門城山トラストタワー（３３階）"}],"6034":[{"pref":"東京都","city":"港区","town":"虎ノ門城山トラストタワー（３４階）"}],"6035":[{"pref":"東京都","city":"港区","town":"虎ノ門城山トラストタワー（３５階）"}],"6036":[{"pref":"東京都","city":"港区","town":"虎ノ門城山トラストタワー（３６階）"}],"6037":[{"pref":"東京都","city":"港区","town":"虎ノ門城山トラストタワー（３７階）"}],"6090":[{"pref":"東京都","city":"港区","town":"虎ノ門城山トラストタワー（地階・階層不明）"}],"6201":[{"pref":"東京都","city":"港区","town":"愛宕愛宕グリーンヒルズＭＯＲＩタワー（１階）"}],"6202":[{"pref":"東京都","city":"港区","town":"愛宕愛宕グリーンヒルズＭＯＲＩタワー（２階）"}],"6203":[{"pref":"東京都","city":"港区","town":"愛宕愛宕グリーンヒルズＭＯＲＩタワー（３階）"}],"6204":[{"pref":"東京都","city":"港区","town":"愛宕愛宕グリーンヒルズＭＯＲＩタワー（４階）"}],"6205":[{"pref":"東京都","city":"港区","town":"愛宕愛宕グリーンヒルズＭＯＲＩタワー（５階）"}],"6206":[{"pref":"東京都","city":"港区","town":"愛宕愛宕グリーンヒルズＭＯＲＩタワー（６階）"}],"6207":[{"pref":"東京都","city":"港区","town":"愛宕愛宕グリーンヒルズＭＯＲＩタワー（７階）"}],"6208":[{"pref":"東京都","city":"港区","town":"愛宕愛宕グリーンヒルズＭＯＲＩタワー（８階）"}],"6209":[{"pref":"東京都","city":"港区","town":"愛宕愛宕グリーンヒルズＭＯＲＩタワー（９階）"}],"6210":[{"pref":"東京都","city":"港区","town":"愛宕愛宕グリーンヒルズＭＯＲＩタワー（１０階）"}],"6211":[{"pref":"東京都","city":"港区","town":"愛宕愛宕グリーンヒルズＭＯＲＩタワー（１１階）"}],"6212":[{"pref":"東京都","city":"港区","town":"愛宕愛宕グリーンヒルズＭＯＲＩタワー（１２階）"}],"6213":[{"pref":"東京都","city":"港区","town":"愛宕愛宕グリーンヒルズＭＯＲＩタワー（１３階）"}],"6214":[{"pref":"東京都","city":"港区","town":"愛宕愛宕グリーンヒルズＭＯＲＩタワー（１４階）"}],"6215":[{"pref":"東京都","city":"港区","town":"愛宕愛宕グリーンヒルズＭＯＲＩタワー（１５階）"}],"6216":[{"pref":"東京都","city":"港区","town":"愛宕愛宕グリーンヒルズＭＯＲＩタワー（１６階）"}],"6217":[{"pref":"東京都","city":"港区","town":"愛宕愛宕グリーンヒルズＭＯＲＩタワー（１７階）"}],"6218":[{"pref":"東京都","city":"港区","town":"愛宕愛宕グリーンヒルズＭＯＲＩタワー（１８階）"}],"6219":[{"pref":"東京都","city":"港区","town":"愛宕愛宕グリーンヒルズＭＯＲＩタワー（１９階）"}],"6220":[{"pref":"東京都","city":"港区","town":"愛宕愛宕グリーンヒルズＭＯＲＩタワー（２０階）"}],"6221":[{"pref":"東京都","city":"港区","town":"愛宕愛宕グリーンヒルズＭＯＲＩタワー（２１階）"}],"6222":[{"pref":"東京都","city":"港区","town":"愛宕愛宕グリーンヒルズＭＯＲＩタワー（２２階）"}],"6223":[{"pref":"東京都","city":"港区","town":"愛宕愛宕グリーンヒルズＭＯＲＩタワー（２３階）"}],"6224":[{"pref":"東京都","city":"港区","town":"愛宕愛宕グリーンヒルズＭＯＲＩタワー（２４階）"}],"6225":[{"pref":"東京都","city":"港区","town":"愛宕愛宕グリーンヒルズＭＯＲＩタワー（２５階）"}],"6226":[{"pref":"東京都","city":"港区","town":"愛宕愛宕グリーンヒルズＭＯＲＩタワー（２６階）"}],"6227":[{"pref":"東京都","city":"港区","town":"愛宕愛宕グリーンヒルズＭＯＲＩタワー（２７階）"}],"6228":[{"pref":"東京都","city":"港区","town":"愛宕愛宕グリーンヒルズＭＯＲＩタワー（２８階）"}],"6229":[{"pref":"東京都","city":"港区","town":"愛宕愛宕グリーンヒルズＭＯＲＩタワー（２９階）"}],"6230":[{"pref":"東京都","city":"港区","town":"愛宕愛宕グリーンヒルズＭＯＲＩタワー（３０階）"}],"6231":[{"pref":"東京都","city":"港区","town":"愛宕愛宕グリーンヒルズＭＯＲＩタワー（３１階）"}],"6232":[{"pref":"東京都","city":"港区","town":"愛宕愛宕グリーンヒルズＭＯＲＩタワー（３２階）"}],"6233":[{"pref":"東京都","city":"港区","town":"愛宕愛宕グリーンヒルズＭＯＲＩタワー（３３階）"}],"6234":[{"pref":"東京都","city":"港区","town":"愛宕愛宕グリーンヒルズＭＯＲＩタワー（３４階）"}],"6235":[{"pref":"東京都","city":"港区","town":"愛宕愛宕グリーンヒルズＭＯＲＩタワー（３５階）"}],"6236":[{"pref":"東京都","city":"港区","town":"愛宕愛宕グリーンヒルズＭＯＲＩタワー（３６階）"}],"6237":[{"pref":"東京都","city":"港区","town":"愛宕愛宕グリーンヒルズＭＯＲＩタワー（３７階）"}],"6238":[{"pref":"東京都","city":"港区","town":"愛宕愛宕グリーンヒルズＭＯＲＩタワー（３８階）"}],"6239":[{"pref":"東京都","city":"港区","town":"愛宕愛宕グリーンヒルズＭＯＲＩタワー（３９階）"}],"6240":[{"pref":"東京都","city":"港区","town":"愛宕愛宕グリーンヒルズＭＯＲＩタワー（４０階）"}],"6241":[{"pref":"東京都","city":"港区","town":"愛宕愛宕グリーンヒルズＭＯＲＩタワー（４１階）"}],"6242":[{"pref":"東京都","city":"港区","town":"愛宕愛宕グリーンヒルズＭＯＲＩタワー（４２階）"}],"6290":[{"pref":"東京都","city":"港区","town":"愛宕愛宕グリーンヒルズＭＯＲＩタワー（地階・階層不明）"}],"6301":[{"pref":"東京都","city":"港区","town":"虎ノ門虎ノ門ヒルズ森タワー（１階）"}],"6302":[{"pref":"東京都","city":"港区","town":"虎ノ門虎ノ門ヒルズ森タワー（２階）"}],"6303":[{"pref":"東京都","city":"港区","town":"虎ノ門虎ノ門ヒルズ森タワー（３階）"}],"6304":[{"pref":"東京都","city":"港区","town":"虎ノ門虎ノ門ヒルズ森タワー（４階）"}],"6305":[{"pref":"東京都","city":"港区","town":"虎ノ門虎ノ門ヒルズ森タワー（５階）"}],"6306":[{"pref":"東京都","city":"港区","town":"虎ノ門虎ノ門ヒルズ森タワー（６階）"}],"6307":[{"pref":"東京都","city":"港区","town":"虎ノ門虎ノ門ヒルズ森タワー（７階）"}],"6308":[{"pref":"東京都","city":"港区","town":"虎ノ門虎ノ門ヒルズ森タワー（８階）"}],"6309":[{"pref":"東京都","city":"港区","town":"虎ノ門虎ノ門ヒルズ森タワー（９階）"}],"6310":[{"pref":"東京都","city":"港区","town":"虎ノ門虎ノ門ヒルズ森タワー（１０階）"}],"6311":[{"pref":"東京都","city":"港区","town":"虎ノ門虎ノ門ヒルズ森タワー（１１階）"}],"6312":[{"pref":"東京都","city":"港区","town":"虎ノ門虎ノ門ヒルズ森タワー（１２階）"}],"6313":[{"pref":"東京都","city":"港区","town":"虎ノ門虎ノ門ヒルズ森タワー（１３階）"}],"6314":[{"pref":"東京都","city":"港区","town":"虎ノ門虎ノ門ヒルズ森タワー（１４階）"}],"6315":[{"pref":"東京都","city":"港区","town":"虎ノ門虎ノ門ヒルズ森タワー（１５階）"}],"6316":[{"pref":"東京都","city":"港区","town":"虎ノ門虎ノ門ヒルズ森タワー（１６階）"}],"6317":[{"pref":"東京都","city":"港区","town":"虎ノ門虎ノ門ヒルズ森タワー（１７階）"}],"6318":[{"pref":"東京都","city":"港区","town":"虎ノ門虎ノ門ヒルズ森タワー（１８階）"}],"6319":[{"pref":"東京都","city":"港区","town":"虎ノ門虎ノ門ヒルズ森タワー（１９階）"}],"6320":[{"pref":"東京都","city":"港区","town":"虎ノ門虎ノ門ヒルズ森タワー（２０階）"}],"6321":[{"pref":"東京都","city":"港区","town":"虎ノ門虎ノ門ヒルズ森タワー（２１階）"}],"6322":[{"pref":"東京都","city":"港区","town":"虎ノ門虎ノ門ヒルズ森タワー（２２階）"}],"6323":[{"pref":"東京都","city":"港区","town":"虎ノ門虎ノ門ヒルズ森タワー（２３階）"}],"6324":[{"pref":"東京都","city":"港区","town":"虎ノ門虎ノ門ヒルズ森タワー（２４階）"}],"6325":[{"pref":"東京都","city":"港区","town":"虎ノ門虎ノ門ヒルズ森タワー（２５階）"}],"6326":[{"pref":"東京都","city":"港区","town":"虎ノ門虎ノ門ヒルズ森タワー（２６階）"}],"6327":[{"pref":"東京都","city":"港区","town":"虎ノ門虎ノ門ヒルズ森タワー（２７階）"}],"6328":[{"pref":"東京都","city":"港区","town":"虎ノ門虎ノ門ヒルズ森タワー（２８階）"}],"6329":[{"pref":"東京都","city":"港区","town":"虎ノ門虎ノ門ヒルズ森タワー（２９階）"}],"6330":[{"pref":"東京都","city":"港区","town":"虎ノ門虎ノ門ヒルズ森タワー（３０階）"}],"6331":[{"pref":"東京都","city":"港区","town":"虎ノ門虎ノ門ヒルズ森タワー（３１階）"}],"6332":[{"pref":"東京都","city":"港区","town":"虎ノ門虎ノ門ヒルズ森タワー（３２階）"}],"6333":[{"pref":"東京都","city":"港区","town":"虎ノ門虎ノ門ヒルズ森タワー（３３階）"}],"6334":[{"pref":"東京都","city":"港区","town":"虎ノ門虎ノ門ヒルズ森タワー（３４階）"}],"6335":[{"pref":"東京都","city":"港区","town":"虎ノ門虎ノ門ヒルズ森タワー（３５階）"}],"6336":[{"pref":"東京都","city":"港区","town":"虎ノ門虎ノ門ヒルズ森タワー（３６階）"}],"6390":[{"pref":"東京都","city":"港区","town":"虎ノ門虎ノ門ヒルズ森タワー（地階・階層不明）"}],"6401":[{"pref":"東京都","city":"港区","town":"虎ノ門虎ノ門ヒルズビジネスタワー（１階）"}],"6402":[{"pref":"東京都","city":"港区","town":"虎ノ門虎ノ門ヒルズビジネスタワー（２階）"}],"6403":[{"pref":"東京都","city":"港区","town":"虎ノ門虎ノ門ヒルズビジネスタワー（３階）"}],"6404":[{"pref":"東京都","city":"港区","town":"虎ノ門虎ノ門ヒルズビジネスタワー（４階）"}],"6405":[{"pref":"東京都","city":"港区","town":"虎ノ門虎ノ門ヒルズビジネスタワー（５階）"}],"6406":[{"pref":"東京都","city":"港区","town":"虎ノ門虎ノ門ヒルズビジネスタワー（６階）"}],"6407":[{"pref":"東京都","city":"港区","town":"虎ノ門虎ノ門ヒルズビジネスタワー（７階）"}],"6408":[{"pref":"東京都","city":"港区","town":"虎ノ門虎ノ門ヒルズビジネスタワー（８階）"}],"6409":[{"pref":"東京都","city":"港区","town":"虎ノ門虎ノ門ヒルズビジネスタワー（９階）"}],"6410":[{"pref":"東京都","city":"港区","town":"虎ノ門虎ノ門ヒルズビジネスタワー（１０階）"}],"6411":[{"pref":"東京都","city":"港区","town":"虎ノ門虎ノ門ヒルズビジネスタワー（１１階）"}],"6412":[{"pref":"東京都","city":"港区","town":"虎ノ門虎ノ門ヒルズビジネスタワー（１２階）"}],"6413":[{"pref":"東京都","city":"港区","town":"虎ノ門虎ノ門ヒルズビジネスタワー（１３階）"}],"6414":[{"pref":"東京都","city":"港区","town":"虎ノ門虎ノ門ヒルズビジネスタワー（１４階）"}],"6415":[{"pref":"東京都","city":"港区","town":"虎ノ門虎ノ門ヒルズビジネスタワー（１５階）"}],"6416":[{"pref":"東京都","city":"港区","town":"虎ノ門虎ノ門ヒルズビジネスタワー（１６階）"}],"6417":[{"pref":"東京都","city":"港区","town":"虎ノ門虎ノ門ヒルズビジネスタワー（１７階）"}],"6418":[{"pref":"東京都","city":"港区","town":"虎ノ門虎ノ門ヒルズビジネスタワー（１８階）"}],"6419":[{"pref":"東京都","city":"港区","town":"虎ノ門虎ノ門ヒルズビジネスタワー（１９階）"}],"6420":[{"pref":"東京都","city":"港区","town":"虎ノ門虎ノ門ヒルズビジネスタワー（２０階）"}],"6421":[{"pref":"東京都","city":"港区","town":"虎ノ門虎ノ門ヒルズビジネスタワー（２１階）"}],"6422":[{"pref":"東京都","city":"港区","town":"虎ノ門虎ノ門ヒルズビジネスタワー（２２階）"}],"6423":[{"pref":"東京都","city":"港区","town":"虎ノ門虎ノ門ヒルズビジネスタワー（２３階）"}],"6424":[{"pref":"東京都","city":"港区","town":"虎ノ門虎ノ門ヒルズビジネスタワー（２４階）"}],"6425":[{"pref":"東京都","city":"港区","town":"虎ノ門虎ノ門ヒルズビジネスタワー（２５階）"}],"6426":[{"pref":"東京都","city":"港区","town":"虎ノ門虎ノ門ヒルズビジネスタワー（２６階）"}],"6427":[{"pref":"東京都","city":"港区","town":"虎ノ門虎ノ門ヒルズビジネスタワー（２７階）"}],"6428":[{"pref":"東京都","city":"港区","town":"虎ノ門虎ノ門ヒルズビジネスタワー（２８階）"}],"6429":[{"pref":"東京都","city":"港区","town":"虎ノ門虎ノ門ヒルズビジネスタワー（２９階）"}],"6430":[{"pref":"東京都","city":"港区","town":"虎ノ門虎ノ門ヒルズビジネスタワー（３０階）"}],"6431":[{"pref":"東京都","city":"港区","town":"虎ノ門虎ノ門ヒルズビジネスタワー（３１階）"}],"6432":[{"pref":"東京都","city":"港区","town":"虎ノ門虎ノ門ヒルズビジネスタワー（３２階）"}],"6433":[{"pref":"東京都","city":"港区","town":"虎ノ門虎ノ門ヒルズビジネスタワー（３３階）"}],"6434":[{"pref":"東京都","city":"港区","town":"虎ノ門虎ノ門ヒルズビジネスタワー（３４階）"}],"6435":[{"pref":"東京都","city":"港区","town":"虎ノ門虎ノ門ヒルズビジネスタワー（３５階）"}],"6436":[{"pref":"東京都","city":"港区","town":"虎ノ門虎ノ門ヒルズビジネスタワー（３６階）"}],"6490":[{"pref":"東京都","city":"港区","town":"虎ノ門虎ノ門ヒルズビジネスタワー（地階・階層不明）"}],"6901":[{"pref":"東京都","city":"港区","town":"虎ノ門神谷町トラストタワー（１階）"}],"6902":[{"pref":"東京都","city":"港区","town":"虎ノ門神谷町トラストタワー（２階）"}],"6903":[{"pref":"東京都","city":"港区","town":"虎ノ門神谷町トラストタワー（３階）"}],"6904":[{"pref":"東京都","city":"港区","town":"虎ノ門神谷町トラストタワー（４階）"}],"6905":[{"pref":"東京都","city":"港区","town":"虎ノ門神谷町トラストタワー（５階）"}],"6906":[{"pref":"東京都","city":"港区","town":"虎ノ門神谷町トラストタワー（６階）"}],"6907":[{"pref":"東京都","city":"港区","town":"虎ノ門神谷町トラストタワー（７階）"}],"6908":[{"pref":"東京都","city":"港区","town":"虎ノ門神谷町トラストタワー（８階）"}],"6909":[{"pref":"東京都","city":"港区","town":"虎ノ門神谷町トラストタワー（９階）"}],"6910":[{"pref":"東京都","city":"港区","town":"虎ノ門神谷町トラストタワー（１０階）"}],"6911":[{"pref":"東京都","city":"港区","town":"虎ノ門神谷町トラストタワー（１１階）"}],"6912":[{"pref":"東京都","city":"港区","town":"虎ノ門神谷町トラストタワー（１２階）"}],"6913":[{"pref":"東京都","city":"港区","town":"虎ノ門神谷町トラストタワー（１３階）"}],"6914":[{"pref":"東京都","city":"港区","town":"虎ノ門神谷町トラストタワー（１４階）"}],"6915":[{"pref":"東京都","city":"港区","town":"虎ノ門神谷町トラストタワー（１５階）"}],"6916":[{"pref":"東京都","city":"港区","town":"虎ノ門神谷町トラストタワー（１６階）"}],"6917":[{"pref":"東京都","city":"港区","town":"虎ノ門神谷町トラストタワー（１７階）"}],"6918":[{"pref":"東京都","city":"港区","town":"虎ノ門神谷町トラストタワー（１８階）"}],"6919":[{"pref":"東京都","city":"港区","town":"虎ノ門神谷町トラストタワー（１９階）"}],"6920":[{"pref":"東京都","city":"港区","town":"虎ノ門神谷町トラストタワー（２０階）"}],"6921":[{"pref":"東京都","city":"港区","town":"虎ノ門神谷町トラストタワー（２１階）"}],"6922":[{"pref":"東京都","city":"港区","town":"虎ノ門神谷町トラストタワー（２２階）"}],"6923":[{"pref":"東京都","city":"港区","town":"虎ノ門神谷町トラストタワー（２３階）"}],"6924":[{"pref":"東京都","city":"港区","town":"虎ノ門神谷町トラストタワー（２４階）"}],"6925":[{"pref":"東京都","city":"港区","town":"虎ノ門神谷町トラストタワー（２５階）"}],"6926":[{"pref":"東京都","city":"港区","town":"虎ノ門神谷町トラストタワー（２６階）"}],"6927":[{"pref":"東京都","city":"港区","town":"虎ノ門神谷町トラストタワー（２７階）"}],"6928":[{"pref":"東京都","city":"港区","town":"虎ノ門神谷町トラストタワー（２８階）"}],"6929":[{"pref":"東京都","city":"港区","town":"虎ノ門神谷町トラストタワー（２９階）"}],"6930":[{"pref":"東京都","city":"港区","town":"虎ノ門神谷町トラストタワー（３０階）"}],"6990":[{"pref":"東京都","city":"港区","town":"虎ノ門神谷町トラストタワー（地階・階層不明）"}],"7001":[{"pref":"東京都","city":"港区","town":"東新橋電通本社ビル（１階）"}],"7002":[{"pref":"東京都","city":"港区","town":"東新橋電通本社ビル（２階）"}],"7003":[{"pref":"東京都","city":"港区","town":"東新橋電通本社ビル（３階）"}],"7004":[{"pref":"東京都","city":"港区","town":"東新橋電通本社ビル（４階）"}],"7005":[{"pref":"東京都","city":"港区","town":"東新橋電通本社ビル（５階）"}],"7006":[{"pref":"東京都","city":"港区","town":"東新橋電通本社ビル（６階）"}],"7007":[{"pref":"東京都","city":"港区","town":"東新橋電通本社ビル（７階）"}],"7008":[{"pref":"東京都","city":"港区","town":"東新橋電通本社ビル（８階）"}],"7009":[{"pref":"東京都","city":"港区","town":"東新橋電通本社ビル（９階）"}],"7010":[{"pref":"東京都","city":"港区","town":"東新橋電通本社ビル（１０階）"}],"7011":[{"pref":"東京都","city":"港区","town":"東新橋電通本社ビル（１１階）"}],"7012":[{"pref":"東京都","city":"港区","town":"東新橋電通本社ビル（１２階）"}],"7013":[{"pref":"東京都","city":"港区","town":"東新橋電通本社ビル（１３階）"}],"7014":[{"pref":"東京都","city":"港区","town":"東新橋電通本社ビル（１４階）"}],"7015":[{"pref":"東京都","city":"港区","town":"東新橋電通本社ビル（１５階）"}],"7016":[{"pref":"東京都","city":"港区","town":"東新橋電通本社ビル（１６階）"}],"7017":[{"pref":"東京都","city":"港区","town":"東新橋電通本社ビル（１７階）"}],"7018":[{"pref":"東京都","city":"港区","town":"東新橋電通本社ビル（１８階）"}],"7019":[{"pref":"東京都","city":"港区","town":"東新橋電通本社ビル（１９階）"}],"7020":[{"pref":"東京都","city":"港区","town":"東新橋電通本社ビル（２０階）"}],"7021":[{"pref":"東京都","city":"港区","town":"東新橋電通本社ビル（２１階）"}],"7022":[{"pref":"東京都","city":"港区","town":"東新橋電通本社ビル（２２階）"}],"7023":[{"pref":"東京都","city":"港区","town":"東新橋電通本社ビル（２３階）"}],"7024":[{"pref":"東京都","city":"港区","town":"東新橋電通本社ビル（２４階）"}],"7025":[{"pref":"東京都","city":"港区","town":"東新橋電通本社ビル（２５階）"}],"7026":[{"pref":"東京都","city":"港区","town":"東新橋電通本社ビル（２６階）"}],"7027":[{"pref":"東京都","city":"港区","town":"東新橋電通本社ビル（２７階）"}],"7028":[{"pref":"東京都","city":"港区","town":"東新橋電通本社ビル（２８階）"}],"7029":[{"pref":"東京都","city":"港区","town":"東新橋電通本社ビル（２９階）"}],"7030":[{"pref":"東京都","city":"港区","town":"東新橋電通本社ビル（３０階）"}],"7031":[{"pref":"東京都","city":"港区","town":"東新橋電通本社ビル（３１階）"}],"7032":[{"pref":"東京都","city":"港区","town":"東新橋電通本社ビル（３２階）"}],"7033":[{"pref":"東京都","city":"港区","town":"東新橋電通本社ビル（３３階）"}],"7034":[{"pref":"東京都","city":"港区","town":"東新橋電通本社ビル（３４階）"}],"7035":[{"pref":"東京都","city":"港区","town":"東新橋電通本社ビル（３５階）"}],"7036":[{"pref":"東京都","city":"港区","town":"東新橋電通本社ビル（３６階）"}],"7037":[{"pref":"東京都","city":"港区","town":"東新橋電通本社ビル（３７階）"}],"7038":[{"pref":"東京都","city":"港区","town":"東新橋電通本社ビル（３８階）"}],"7039":[{"pref":"東京都","city":"港区","town":"東新橋電通本社ビル（３９階）"}],"7040":[{"pref":"東京都","city":"港区","town":"東新橋電通本社ビル（４０階）"}],"7041":[{"pref":"東京都","city":"港区","town":"東新橋電通本社ビル（４１階）"}],"7042":[{"pref":"東京都","city":"港区","town":"東新橋電通本社ビル（４２階）"}],"7043":[{"pref":"東京都","city":"港区","town":"東新橋電通本社ビル（４３階）"}],"7044":[{"pref":"東京都","city":"港区","town":"東新橋電通本社ビル（４４階）"}],"7045":[{"pref":"東京都","city":"港区","town":"東新橋電通本社ビル（４５階）"}],"7046":[{"pref":"東京都","city":"港区","town":"東新橋電通本社ビル（４６階）"}],"7047":[{"pref":"東京都","city":"港区","town":"東新橋電通本社ビル（４７階）"}],"7090":[{"pref":"東京都","city":"港区","town":"東新橋電通本社ビル（地階・階層不明）"}],"7101":[{"pref":"東京都","city":"港区","town":"東新橋汐留シティセンター（１階）"}],"7102":[{"pref":"東京都","city":"港区","town":"東新橋汐留シティセンター（２階）"}],"7103":[{"pref":"東京都","city":"港区","town":"東新橋汐留シティセンター（３階）"}],"7104":[{"pref":"東京都","city":"港区","town":"東新橋汐留シティセンター（４階）"}],"7105":[{"pref":"東京都","city":"港区","town":"東新橋汐留シティセンター（５階）"}],"7106":[{"pref":"東京都","city":"港区","town":"東新橋汐留シティセンター（６階）"}],"7107":[{"pref":"東京都","city":"港区","town":"東新橋汐留シティセンター（７階）"}],"7108":[{"pref":"東京都","city":"港区","town":"東新橋汐留シティセンター（８階）"}],"7109":[{"pref":"東京都","city":"港区","town":"東新橋汐留シティセンター（９階）"}],"7110":[{"pref":"東京都","city":"港区","town":"東新橋汐留シティセンター（１０階）"}],"7111":[{"pref":"東京都","city":"港区","town":"東新橋汐留シティセンター（１１階）"}],"7112":[{"pref":"東京都","city":"港区","town":"東新橋汐留シティセンター（１２階）"}],"7113":[{"pref":"東京都","city":"港区","town":"東新橋汐留シティセンター（１３階）"}],"7114":[{"pref":"東京都","city":"港区","town":"東新橋汐留シティセンター（１４階）"}],"7115":[{"pref":"東京都","city":"港区","town":"東新橋汐留シティセンター（１５階）"}],"7116":[{"pref":"東京都","city":"港区","town":"東新橋汐留シティセンター（１６階）"}],"7117":[{"pref":"東京都","city":"港区","town":"東新橋汐留シティセンター（１７階）"}],"7118":[{"pref":"東京都","city":"港区","town":"東新橋汐留シティセンター（１８階）"}],"7119":[{"pref":"東京都","city":"港区","town":"東新橋汐留シティセンター（１９階）"}],"7120":[{"pref":"東京都","city":"港区","town":"東新橋汐留シティセンター（２０階）"}],"7121":[{"pref":"東京都","city":"港区","town":"東新橋汐留シティセンター（２１階）"}],"7122":[{"pref":"東京都","city":"港区","town":"東新橋汐留シティセンター（２２階）"}],"7123":[{"pref":"東京都","city":"港区","town":"東新橋汐留シティセンター（２３階）"}],"7124":[{"pref":"東京都","city":"港区","town":"東新橋汐留シティセンター（２４階）"}],"7125":[{"pref":"東京都","city":"港区","town":"東新橋汐留シティセンター（２５階）"}],"7126":[{"pref":"東京都","city":"港区","town":"東新橋汐留シティセンター（２６階）"}],"7127":[{"pref":"東京都","city":"港区","town":"東新橋汐留シティセンター（２７階）"}],"7128":[{"pref":"東京都","city":"港区","town":"東新橋汐留シティセンター（２８階）"}],"7129":[{"pref":"東京都","city":"港区","town":"東新橋汐留シティセンター（２９階）"}],"7130":[{"pref":"東京都","city":"港区","town":"東新橋汐留シティセンター（３０階）"}],"7131":[{"pref":"東京都","city":"港区","town":"東新橋汐留シティセンター（３１階）"}],"7132":[{"pref":"東京都","city":"港区","town":"東新橋汐留シティセンター（３２階）"}],"7133":[{"pref":"東京都","city":"港区","town":"東新橋汐留シティセンター（３３階）"}],"7134":[{"pref":"東京都","city":"港区","town":"東新橋汐留シティセンター（３４階）"}],"7135":[{"pref":"東京都","city":"港区","town":"東新橋汐留シティセンター（３５階）"}],"7136":[{"pref":"東京都","city":"港区","town":"東新橋汐留シティセンター（３６階）"}],"7137":[{"pref":"東京都","city":"港区","town":"東新橋汐留シティセンター（３７階）"}],"7138":[{"pref":"東京都","city":"港区","town":"東新橋汐留シティセンター（３８階）"}],"7139":[{"pref":"東京都","city":"港区","town":"東新橋汐留シティセンター（３９階）"}],"7140":[{"pref":"東京都","city":"港区","town":"東新橋汐留シティセンター（４０階）"}],"7141":[{"pref":"東京都","city":"港区","town":"東新橋汐留シティセンター（４１階）"}],"7142":[{"pref":"東京都","city":"港区","town":"東新橋汐留シティセンター（４２階）"}],"7143":[{"pref":"東京都","city":"港区","town":"東新橋汐留シティセンター（４３階）"}],"7190":[{"pref":"東京都","city":"港区","town":"東新橋汐留シティセンター（地階・階層不明）"}],"7201":[{"pref":"東京都","city":"港区","town":"東新橋汐留メディアタワー（１階）"}],"7202":[{"pref":"東京都","city":"港区","town":"東新橋汐留メディアタワー（２階）"}],"7203":[{"pref":"東京都","city":"港区","town":"東新橋汐留メディアタワー（３階）"}],"7204":[{"pref":"東京都","city":"港区","town":"東新橋汐留メディアタワー（４階）"}],"7205":[{"pref":"東京都","city":"港区","town":"東新橋汐留メディアタワー（５階）"}],"7206":[{"pref":"東京都","city":"港区","town":"東新橋汐留メディアタワー（６階）"}],"7207":[{"pref":"東京都","city":"港区","town":"東新橋汐留メディアタワー（７階）"}],"7208":[{"pref":"東京都","city":"港区","town":"東新橋汐留メディアタワー（８階）"}],"7209":[{"pref":"東京都","city":"港区","town":"東新橋汐留メディアタワー（９階）"}],"7210":[{"pref":"東京都","city":"港区","town":"東新橋汐留メディアタワー（１０階）"}],"7211":[{"pref":"東京都","city":"港区","town":"東新橋汐留メディアタワー（１１階）"}],"7212":[{"pref":"東京都","city":"港区","town":"東新橋汐留メディアタワー（１２階）"}],"7213":[{"pref":"東京都","city":"港区","town":"東新橋汐留メディアタワー（１３階）"}],"7214":[{"pref":"東京都","city":"港区","town":"東新橋汐留メディアタワー（１４階）"}],"7215":[{"pref":"東京都","city":"港区","town":"東新橋汐留メディアタワー（１５階）"}],"7216":[{"pref":"東京都","city":"港区","town":"東新橋汐留メディアタワー（１６階）"}],"7217":[{"pref":"東京都","city":"港区","town":"東新橋汐留メディアタワー（１７階）"}],"7218":[{"pref":"東京都","city":"港区","town":"東新橋汐留メディアタワー（１８階）"}],"7219":[{"pref":"東京都","city":"港区","town":"東新橋汐留メディアタワー（１９階）"}],"7220":[{"pref":"東京都","city":"港区","town":"東新橋汐留メディアタワー（２０階）"}],"7221":[{"pref":"東京都","city":"港区","town":"東新橋汐留メディアタワー（２１階）"}],"7222":[{"pref":"東京都","city":"港区","town":"東新橋汐留メディアタワー（２２階）"}],"7223":[{"pref":"東京都","city":"港区","town":"東新橋汐留メディアタワー（２３階）"}],"7224":[{"pref":"東京都","city":"港区","town":"東新橋汐留メディアタワー（２４階）"}],"7225":[{"pref":"東京都","city":"港区","town":"東新橋汐留メディアタワー（２５階）"}],"7226":[{"pref":"東京都","city":"港区","town":"東新橋汐留メディアタワー（２６階）"}],"7227":[{"pref":"東京都","city":"港区","town":"東新橋汐留メディアタワー（２７階）"}],"7228":[{"pref":"東京都","city":"港区","town":"東新橋汐留メディアタワー（２８階）"}],"7229":[{"pref":"東京都","city":"港区","town":"東新橋汐留メディアタワー（２９階）"}],"7230":[{"pref":"東京都","city":"港区","town":"東新橋汐留メディアタワー（３０階）"}],"7231":[{"pref":"東京都","city":"港区","town":"東新橋汐留メディアタワー（３１階）"}],"7232":[{"pref":"東京都","city":"港区","town":"東新橋汐留メディアタワー（３２階）"}],"7233":[{"pref":"東京都","city":"港区","town":"東新橋汐留メディアタワー（３３階）"}],"7234":[{"pref":"東京都","city":"港区","town":"東新橋汐留メディアタワー（３４階）"}],"7290":[{"pref":"東京都","city":"港区","town":"東新橋汐留メディアタワー（地階・階層不明）"}],"7301":[{"pref":"東京都","city":"港区","town":"東新橋東京汐留ビルディング（１階）"}],"7302":[{"pref":"東京都","city":"港区","town":"東新橋東京汐留ビルディング（２階）"}],"7303":[{"pref":"東京都","city":"港区","town":"東新橋東京汐留ビルディング（３階）"}],"7304":[{"pref":"東京都","city":"港区","town":"東新橋東京汐留ビルディング（４階）"}],"7305":[{"pref":"東京都","city":"港区","town":"東新橋東京汐留ビルディング（５階）"}],"7306":[{"pref":"東京都","city":"港区","town":"東新橋東京汐留ビルディング（６階）"}],"7307":[{"pref":"東京都","city":"港区","town":"東新橋東京汐留ビルディング（７階）"}],"7308":[{"pref":"東京都","city":"港区","town":"東新橋東京汐留ビルディング（８階）"}],"7309":[{"pref":"東京都","city":"港区","town":"東新橋東京汐留ビルディング（９階）"}],"7310":[{"pref":"東京都","city":"港区","town":"東新橋東京汐留ビルディング（１０階）"}],"7311":[{"pref":"東京都","city":"港区","town":"東新橋東京汐留ビルディング（１１階）"}],"7312":[{"pref":"東京都","city":"港区","town":"東新橋東京汐留ビルディング（１２階）"}],"7313":[{"pref":"東京都","city":"港区","town":"東新橋東京汐留ビルディング（１３階）"}],"7314":[{"pref":"東京都","city":"港区","town":"東新橋東京汐留ビルディング（１４階）"}],"7315":[{"pref":"東京都","city":"港区","town":"東新橋東京汐留ビルディング（１５階）"}],"7316":[{"pref":"東京都","city":"港区","town":"東新橋東京汐留ビルディング（１６階）"}],"7317":[{"pref":"東京都","city":"港区","town":"東新橋東京汐留ビルディング（１７階）"}],"7318":[{"pref":"東京都","city":"港区","town":"東新橋東京汐留ビルディング（１８階）"}],"7319":[{"pref":"東京都","city":"港区","town":"東新橋東京汐留ビルディング（１９階）"}],"7320":[{"pref":"東京都","city":"港区","town":"東新橋東京汐留ビルディング（２０階）"}],"7321":[{"pref":"東京都","city":"港区","town":"東新橋東京汐留ビルディング（２１階）"}],"7322":[{"pref":"東京都","city":"港区","town":"東新橋東京汐留ビルディング（２２階）"}],"7323":[{"pref":"東京都","city":"港区","town":"東新橋東京汐留ビルディング（２３階）"}],"7324":[{"pref":"東京都","city":"港区","town":"東新橋東京汐留ビルディング（２４階）"}],"7325":[{"pref":"東京都","city":"港区","town":"東新橋東京汐留ビルディング（２５階）"}],"7326":[{"pref":"東京都","city":"港区","town":"東新橋東京汐留ビルディング（２６階）"}],"7327":[{"pref":"東京都","city":"港区","town":"東新橋東京汐留ビルディング（２７階）"}],"7328":[{"pref":"東京都","city":"港区","town":"東新橋東京汐留ビルディング（２８階）"}],"7329":[{"pref":"東京都","city":"港区","town":"東新橋東京汐留ビルディング（２９階）"}],"7330":[{"pref":"東京都","city":"港区","town":"東新橋東京汐留ビルディング（３０階）"}],"7331":[{"pref":"東京都","city":"港区","town":"東新橋東京汐留ビルディング（３１階）"}],"7332":[{"pref":"東京都","city":"港区","town":"東新橋東京汐留ビルディング（３２階）"}],"7333":[{"pref":"東京都","city":"港区","town":"東新橋東京汐留ビルディング（３３階）"}],"7334":[{"pref":"東京都","city":"港区","town":"東新橋東京汐留ビルディング（３４階）"}],"7335":[{"pref":"東京都","city":"港区","town":"東新橋東京汐留ビルディング（３５階）"}],"7336":[{"pref":"東京都","city":"港区","town":"東新橋東京汐留ビルディング（３６階）"}],"7337":[{"pref":"東京都","city":"港区","town":"東新橋東京汐留ビルディング（３７階）"}],"7390":[{"pref":"東京都","city":"港区","town":"東新橋東京汐留ビルディング（地階・階層不明）"}],"7401":[{"pref":"東京都","city":"港区","town":"東新橋日本テレビタワー（１階）"}],"7402":[{"pref":"東京都","city":"港区","town":"東新橋日本テレビタワー（２階）"}],"7403":[{"pref":"東京都","city":"港区","town":"東新橋日本テレビタワー（３階）"}],"7404":[{"pref":"東京都","city":"港区","town":"東新橋日本テレビタワー（４階）"}],"7405":[{"pref":"東京都","city":"港区","town":"東新橋日本テレビタワー（５階）"}],"7406":[{"pref":"東京都","city":"港区","town":"東新橋日本テレビタワー（６階）"}],"7407":[{"pref":"東京都","city":"港区","town":"東新橋日本テレビタワー（７階）"}],"7408":[{"pref":"東京都","city":"港区","town":"東新橋日本テレビタワー（８階）"}],"7409":[{"pref":"東京都","city":"港区","town":"東新橋日本テレビタワー（９階）"}],"7410":[{"pref":"東京都","city":"港区","town":"東新橋日本テレビタワー（１０階）"}],"7411":[{"pref":"東京都","city":"港区","town":"東新橋日本テレビタワー（１１階）"}],"7412":[{"pref":"東京都","city":"港区","town":"東新橋日本テレビタワー（１２階）"}],"7413":[{"pref":"東京都","city":"港区","town":"東新橋日本テレビタワー（１３階）"}],"7414":[{"pref":"東京都","city":"港区","town":"東新橋日本テレビタワー（１４階）"}],"7415":[{"pref":"東京都","city":"港区","town":"東新橋日本テレビタワー（１５階）"}],"7416":[{"pref":"東京都","city":"港区","town":"東新橋日本テレビタワー（１６階）"}],"7417":[{"pref":"東京都","city":"港区","town":"東新橋日本テレビタワー（１７階）"}],"7418":[{"pref":"東京都","city":"港区","town":"東新橋日本テレビタワー（１８階）"}],"7419":[{"pref":"東京都","city":"港区","town":"東新橋日本テレビタワー（１９階）"}],"7420":[{"pref":"東京都","city":"港区","town":"東新橋日本テレビタワー（２０階）"}],"7421":[{"pref":"東京都","city":"港区","town":"東新橋日本テレビタワー（２１階）"}],"7422":[{"pref":"東京都","city":"港区","town":"東新橋日本テレビタワー（２２階）"}],"7423":[{"pref":"東京都","city":"港区","town":"東新橋日本テレビタワー（２３階）"}],"7424":[{"pref":"東京都","city":"港区","town":"東新橋日本テレビタワー（２４階）"}],"7425":[{"pref":"東京都","city":"港区","town":"東新橋日本テレビタワー（２５階）"}],"7426":[{"pref":"東京都","city":"港区","town":"東新橋日本テレビタワー（２６階）"}],"7427":[{"pref":"東京都","city":"港区","town":"東新橋日本テレビタワー（２７階）"}],"7428":[{"pref":"東京都","city":"港区","town":"東新橋日本テレビタワー（２８階）"}],"7429":[{"pref":"東京都","city":"港区","town":"東新橋日本テレビタワー（２９階）"}],"7430":[{"pref":"東京都","city":"港区","town":"東新橋日本テレビタワー（３０階）"}],"7431":[{"pref":"東京都","city":"港区","town":"東新橋日本テレビタワー（３１階）"}],"7432":[{"pref":"東京都","city":"港区","town":"東新橋日本テレビタワー（３２階）"}],"7490":[{"pref":"東京都","city":"港区","town":"東新橋日本テレビタワー（地階・階層不明）"}],"7501":[{"pref":"東京都","city":"港区","town":"海岸東京ポートシティ竹芝オフィスタワー（１階）"}],"7502":[{"pref":"東京都","city":"港区","town":"海岸東京ポートシティ竹芝オフィスタワー（２階）"}],"7503":[{"pref":"東京都","city":"港区","town":"海岸東京ポートシティ竹芝オフィスタワー（３階）"}],"7504":[{"pref":"東京都","city":"港区","town":"海岸東京ポートシティ竹芝オフィスタワー（４階）"}],"7505":[{"pref":"東京都","city":"港区","town":"海岸東京ポートシティ竹芝オフィスタワー（５階）"}],"7506":[{"pref":"東京都","city":"港区","town":"海岸東京ポートシティ竹芝オフィスタワー（６階）"}],"7507":[{"pref":"東京都","city":"港区","town":"海岸東京ポートシティ竹芝オフィスタワー（７階）"}],"7508":[{"pref":"東京都","city":"港区","town":"海岸東京ポートシティ竹芝オフィスタワー（８階）"}],"7509":[{"pref":"東京都","city":"港区","town":"海岸東京ポートシティ竹芝オフィスタワー（９階）"}],"7510":[{"pref":"東京都","city":"港区","town":"海岸東京ポートシティ竹芝オフィスタワー（１０階）"}],"7511":[{"pref":"東京都","city":"港区","town":"海岸東京ポートシティ竹芝オフィスタワー（１１階）"}],"7512":[{"pref":"東京都","city":"港区","town":"海岸東京ポートシティ竹芝オフィスタワー（１２階）"}],"7513":[{"pref":"東京都","city":"港区","town":"海岸東京ポートシティ竹芝オフィスタワー（１３階）"}],"7514":[{"pref":"東京都","city":"港区","town":"海岸東京ポートシティ竹芝オフィスタワー（１４階）"}],"7515":[{"pref":"東京都","city":"港区","town":"海岸東京ポートシティ竹芝オフィスタワー（１５階）"}],"7516":[{"pref":"東京都","city":"港区","town":"海岸東京ポートシティ竹芝オフィスタワー（１６階）"}],"7517":[{"pref":"東京都","city":"港区","town":"海岸東京ポートシティ竹芝オフィスタワー（１７階）"}],"7518":[{"pref":"東京都","city":"港区","town":"海岸東京ポートシティ竹芝オフィスタワー（１８階）"}],"7519":[{"pref":"東京都","city":"港区","town":"海岸東京ポートシティ竹芝オフィスタワー（１９階）"}],"7520":[{"pref":"東京都","city":"港区","town":"海岸東京ポートシティ竹芝オフィスタワー（２０階）"}],"7521":[{"pref":"東京都","city":"港区","town":"海岸東京ポートシティ竹芝オフィスタワー（２１階）"}],"7522":[{"pref":"東京都","city":"港区","town":"海岸東京ポートシティ竹芝オフィスタワー（２２階）"}],"7523":[{"pref":"東京都","city":"港区","town":"海岸東京ポートシティ竹芝オフィスタワー（２３階）"}],"7524":[{"pref":"東京都","city":"港区","town":"海岸東京ポートシティ竹芝オフィスタワー（２４階）"}],"7525":[{"pref":"東京都","city":"港区","town":"海岸東京ポートシティ竹芝オフィスタワー（２５階）"}],"7526":[{"pref":"東京都","city":"港区","town":"海岸東京ポートシティ竹芝オフィスタワー（２６階）"}],"7527":[{"pref":"東京都","city":"港区","town":"海岸東京ポートシティ竹芝オフィスタワー（２７階）"}],"7528":[{"pref":"東京都","city":"港区","town":"海岸東京ポートシティ竹芝オフィスタワー（２８階）"}],"7529":[{"pref":"東京都","city":"港区","town":"海岸東京ポートシティ竹芝オフィスタワー（２９階）"}],"7530":[{"pref":"東京都","city":"港区","town":"海岸東京ポートシティ竹芝オフィスタワー（３０階）"}],"7531":[{"pref":"東京都","city":"港区","town":"海岸東京ポートシティ竹芝オフィスタワー（３１階）"}],"7532":[{"pref":"東京都","city":"港区","town":"海岸東京ポートシティ竹芝オフィスタワー（３２階）"}],"7533":[{"pref":"東京都","city":"港区","town":"海岸東京ポートシティ竹芝オフィスタワー（３３階）"}],"7534":[{"pref":"東京都","city":"港区","town":"海岸東京ポートシティ竹芝オフィスタワー（３４階）"}],"7535":[{"pref":"東京都","city":"港区","town":"海岸東京ポートシティ竹芝オフィスタワー（３５階）"}],"7536":[{"pref":"東京都","city":"港区","town":"海岸東京ポートシティ竹芝オフィスタワー（３６階）"}],"7537":[{"pref":"東京都","city":"港区","town":"海岸東京ポートシティ竹芝オフィスタワー（３７階）"}],"7538":[{"pref":"東京都","city":"港区","town":"海岸東京ポートシティ竹芝オフィスタワー（３８階）"}],"7539":[{"pref":"東京都","city":"港区","town":"海岸東京ポートシティ竹芝オフィスタワー（３９階）"}],"7590":[{"pref":"東京都","city":"港区","town":"海岸東京ポートシティ竹芝オフィスタワー（地階・階層不明）"}],"0000":[{"pref":"東京都","city":"港区","town":"以下に掲載がない場合"}],"0002":[{"pref":"東京都","city":"港区","town":"愛宕（次のビルを除く）"}],"0022":[{"pref":"東京都","city":"港区","town":"海岸（１、２丁目）"}],"0014":[{"pref":"東京都","city":"港区","town":"芝（１～３丁目）"}],"0023":[{"pref":"東京都","city":"港区","town":"芝浦（１丁目）"}],"0011":[{"pref":"東京都","city":"港区","town":"芝公園"}],"0012":[{"pref":"東京都","city":"港区","town":"芝大門"}],"0004":[{"pref":"東京都","city":"港区","town":"新橋"}],"0001":[{"pref":"東京都","city":"港区","town":"虎ノ門（次のビルを除く）"}],"0003":[{"pref":"東京都","city":"港区","town":"西新橋"}],"0013":[{"pref":"東京都","city":"港区","town":"浜松町（次のビルを除く）"}],"0021":[{"pref":"東京都","city":"港区","town":"東新橋（次のビルを除く）"}]}