{"0000":[{"pref":"青森県","city":"五所川原市","town":"以下に掲載がない場合"}],"0401":[{"pref":"青森県","city":"五所川原市","town":"相内"}],"0613":[{"pref":"青森県","city":"五所川原市","town":"浅井"}],"0062":[{"pref":"青森県","city":"五所川原市","town":"旭町"}],"0052":[{"pref":"青森県","city":"五所川原市","town":"東町"}],"0002":[{"pref":"青森県","city":"五所川原市","town":"飯詰"}],"0057":[{"pref":"青森県","city":"五所川原市","town":"幾島町"}],"0065":[{"pref":"青森県","city":"五所川原市","town":"幾世森"}],"0005":[{"pref":"青森県","city":"五所川原市","town":"石岡"}],"0404":[{"pref":"青森県","city":"五所川原市","town":"磯松"}],"0093":[{"pref":"青森県","city":"五所川原市","town":"一野坪"}],"0014":[{"pref":"青森県","city":"五所川原市","town":"稲実"}],"0074":[{"pref":"青森県","city":"五所川原市","town":"岩木町"}],"0042":[{"pref":"青森県","city":"五所川原市","town":"不魚住"}],"0015":[{"pref":"青森県","city":"五所川原市","town":"姥萢"}],"0022":[{"pref":"青森県","city":"五所川原市","town":"梅田"}],"0017":[{"pref":"青森県","city":"五所川原市","town":"漆川"}],"0402":[{"pref":"青森県","city":"五所川原市","town":"太田"}],"0063":[{"pref":"青森県","city":"五所川原市","town":"大町"}],"0092":[{"pref":"青森県","city":"五所川原市","town":"沖飯詰"}],"0055":[{"pref":"青森県","city":"五所川原市","town":"柏原町"}],"0202":[{"pref":"青森県","city":"五所川原市","town":"金木町"}],"0204":[{"pref":"青森県","city":"五所川原市","town":"金木町嘉瀬"}],"0201":[{"pref":"青森県","city":"五所川原市","town":"金木町川倉"}],"0206":[{"pref":"青森県","city":"五所川原市","town":"金木町神原"}],"0203":[{"pref":"青森県","city":"五所川原市","town":"金木町喜良市"}],"0205":[{"pref":"青森県","city":"五所川原市","town":"金木町中柏木"}],"0208":[{"pref":"青森県","city":"五所川原市","town":"金木町藤枝"}],"0207":[{"pref":"青森県","city":"五所川原市","town":"金木町蒔田"}],"0011":[{"pref":"青森県","city":"五所川原市","town":"金山"}],"0033":[{"pref":"青森県","city":"五所川原市","town":"鎌谷町"}],"0054":[{"pref":"青森県","city":"五所川原市","town":"上平井町"}],"0611":[{"pref":"青森県","city":"五所川原市","town":"神山"}],"0004":[{"pref":"青森県","city":"五所川原市","town":"唐笠柳"}],"0032":[{"pref":"青森県","city":"五所川原市","town":"烏森"}],"0072":[{"pref":"青森県","city":"五所川原市","town":"川端町"}],"0094":[{"pref":"青森県","city":"五所川原市","town":"川山"}],"0632":[{"pref":"青森県","city":"五所川原市","town":"高野"}],"0076":[{"pref":"青森県","city":"五所川原市","town":"小曲"}],"0046":[{"pref":"青森県","city":"五所川原市","town":"栄町"}],"0095":[{"pref":"青森県","city":"五所川原市","town":"桜田"}],"0067":[{"pref":"青森県","city":"五所川原市","town":"敷島町"}],"0001":[{"pref":"青森県","city":"五所川原市","town":"下岩崎"}],"0064":[{"pref":"青森県","city":"五所川原市","town":"下平井町"}],"0403":[{"pref":"青森県","city":"五所川原市","town":"十三"}],"0045":[{"pref":"青森県","city":"五所川原市","town":"新町"}],"0081":[{"pref":"青森県","city":"五所川原市","town":"新宮"}],"0083":[{"pref":"青森県","city":"五所川原市","town":"新宮町"}],"0056":[{"pref":"青森県","city":"五所川原市","town":"末広町"}],"0084":[{"pref":"青森県","city":"五所川原市","town":"蘇鉄"}],"0087":[{"pref":"青森県","city":"五所川原市","town":"高瀬"}],"0086":[{"pref":"青森県","city":"五所川原市","town":"田川"}],"0091":[{"pref":"青森県","city":"五所川原市","town":"太刀打"}],"0082":[{"pref":"青森県","city":"五所川原市","town":"種井"}],"0041":[{"pref":"青森県","city":"五所川原市","town":"田町"}],"0623":[{"pref":"青森県","city":"五所川原市","town":"俵元"}],"0036":[{"pref":"青森県","city":"五所川原市","town":"中央"}],"0088":[{"pref":"青森県","city":"五所川原市","town":"鶴ケ岡"}],"0075":[{"pref":"青森県","city":"五所川原市","town":"寺町"}],"0601":[{"pref":"青森県","city":"五所川原市","town":"戸沢"}],"0621":[{"pref":"青森県","city":"五所川原市","town":"豊成"}],"0021":[{"pref":"青森県","city":"五所川原市","town":"中泉"}],"0066":[{"pref":"青森県","city":"五所川原市","town":"中平井町"}],"0097":[{"pref":"青森県","city":"五所川原市","town":"長富"}],"0068":[{"pref":"青森県","city":"五所川原市","town":"長橋"}],"0025":[{"pref":"青森県","city":"五所川原市","town":"七ツ館"}],"0058":[{"pref":"青森県","city":"五所川原市","town":"錦町"}],"0053":[{"pref":"青森県","city":"五所川原市","town":"布屋町"}],"0614":[{"pref":"青森県","city":"五所川原市","town":"野里"}],"0085":[{"pref":"青森県","city":"五所川原市","town":"芭蕉"}],"0043":[{"pref":"青森県","city":"五所川原市","town":"蓮沼"}],"0641":[{"pref":"青森県","city":"五所川原市","town":"羽野木沢"}],"0622":[{"pref":"青森県","city":"五所川原市","town":"原子"}],"0096":[{"pref":"青森県","city":"五所川原市","town":"毘沙門"}],"0016":[{"pref":"青森県","city":"五所川原市","town":"一ツ谷"}],"0061":[{"pref":"青森県","city":"五所川原市","town":"雛田"}],"0023":[{"pref":"青森県","city":"五所川原市","town":"広田"}],"0003":[{"pref":"青森県","city":"五所川原市","town":"吹畑"}],"0612":[{"pref":"青森県","city":"五所川原市","town":"福山"}],"0071":[{"pref":"青森県","city":"五所川原市","town":"本町"}],"0631":[{"pref":"青森県","city":"五所川原市","town":"前田野目"}],"0006":[{"pref":"青森県","city":"五所川原市","town":"松島町"}],"0602":[{"pref":"青森県","city":"五所川原市","town":"松野木"}],"0012":[{"pref":"青森県","city":"五所川原市","town":"水野尾"}],"0024":[{"pref":"青森県","city":"五所川原市","town":"みどり町"}],"0035":[{"pref":"青森県","city":"五所川原市","town":"湊"}],"0089":[{"pref":"青森県","city":"五所川原市","town":"藻川"}],"0642":[{"pref":"青森県","city":"五所川原市","town":"持子沢"}],"0044":[{"pref":"青森県","city":"五所川原市","town":"元町"}],"0034":[{"pref":"青森県","city":"五所川原市","town":"八重菊"}],"0073":[{"pref":"青森県","city":"五所川原市","town":"柳町"}],"0051":[{"pref":"青森県","city":"五所川原市","town":"弥生町"}],"0013":[{"pref":"青森県","city":"五所川原市","town":"米田"}],"0069":[{"pref":"青森県","city":"五所川原市","town":"若葉"}],"0405":[{"pref":"青森県","city":"五所川原市","town":"脇元"}],"0102":[{"pref":"青森県","city":"つがる市","town":"稲垣町繁田"}],"0101":[{"pref":"青森県","city":"つがる市","town":"稲垣町下繁田"}],"0109":[{"pref":"青森県","city":"つがる市","town":"稲垣町千年"}],"0104":[{"pref":"青森県","city":"つがる市","town":"稲垣町豊川"}],"0106":[{"pref":"青森県","city":"つがる市","town":"稲垣町沼崎"}],"0107":[{"pref":"青森県","city":"つがる市","town":"稲垣町沼舘"}],"0105":[{"pref":"青森県","city":"つがる市","town":"稲垣町福富"}],"0103":[{"pref":"青森県","city":"つがる市","town":"稲垣町穂積"}],"0108":[{"pref":"青森県","city":"つがる市","town":"稲垣町吉出"}],"0300":[{"pref":"青森県","city":"北津軽郡中泊町","town":"以下に掲載がない場合"}],"0316":[{"pref":"青森県","city":"北津軽郡中泊町","town":"芦野"}],"0301":[{"pref":"青森県","city":"北津軽郡中泊町","town":"今泉"}],"0302":[{"pref":"青森県","city":"北津軽郡中泊町","town":"薄市"}],"0311":[{"pref":"青森県","city":"北津軽郡中泊町","town":"大沢内"}],"0304":[{"pref":"青森県","city":"北津軽郡中泊町","town":"尾別"}],"0512":[{"pref":"青森県","city":"北津軽郡中泊町","town":"小泊朝間"}],"0523":[{"pref":"青森県","city":"北津軽郡中泊町","town":"小泊稲荷"}],"0541":[{"pref":"青森県","city":"北津軽郡中泊町","town":"小泊嗽沢"}],"0534":[{"pref":"青森県","city":"北津軽郡中泊町","town":"小泊漆流"}],"0542":[{"pref":"青森県","city":"北津軽郡中泊町","town":"小泊大山長根"}],"0535":[{"pref":"青森県","city":"北津軽郡中泊町","town":"小泊尾崎道"}],"0521":[{"pref":"青森県","city":"北津軽郡中泊町","town":"小泊折戸"}],"0522":[{"pref":"青森県","city":"北津軽郡中泊町","town":"小泊小泊"}],"0525":[{"pref":"青森県","city":"北津軽郡中泊町","town":"小泊鮫貝"}],"0538":[{"pref":"青森県","city":"北津軽郡中泊町","town":"小泊下前"}],"0533":[{"pref":"青森県","city":"北津軽郡中泊町","town":"小泊白倉"}],"0511":[{"pref":"青森県","city":"北津軽郡中泊町","town":"小泊砂山"}],"0531":[{"pref":"青森県","city":"北津軽郡中泊町","town":"小泊長坂"}],"0536":[{"pref":"青森県","city":"北津軽郡中泊町","town":"小泊中間"}],"0532":[{"pref":"青森県","city":"北津軽郡中泊町","town":"小泊梨子木平"}],"0514":[{"pref":"青森県","city":"北津軽郡中泊町","town":"小泊浜野"}],"0537":[{"pref":"青森県","city":"北津軽郡中泊町","town":"小泊渕岩"}],"0543":[{"pref":"青森県","city":"北津軽郡中泊町","town":"小泊坊主沢"}],"0524":[{"pref":"青森県","city":"北津軽郡中泊町","town":"小泊水澗"}],"0513":[{"pref":"青森県","city":"北津軽郡中泊町","town":"小泊割長根"}],"0303":[{"pref":"青森県","city":"北津軽郡中泊町","town":"高根"}],"0318":[{"pref":"青森県","city":"北津軽郡中泊町","town":"田茂木"}],"0313":[{"pref":"青森県","city":"北津軽郡中泊町","town":"富野"}],"0315":[{"pref":"青森県","city":"北津軽郡中泊町","town":"豊岡"}],"0312":[{"pref":"青森県","city":"北津軽郡中泊町","town":"豊島"}],"0305":[{"pref":"青森県","city":"北津軽郡中泊町","town":"中里"}],"0317":[{"pref":"青森県","city":"北津軽郡中泊町","town":"長泥"}],"0309":[{"pref":"青森県","city":"北津軽郡中泊町","town":"八幡"}],"0314":[{"pref":"青森県","city":"北津軽郡中泊町","town":"福浦"}],"0308":[{"pref":"青森県","city":"北津軽郡中泊町","town":"深郷田"}],"0306":[{"pref":"青森県","city":"北津軽郡中泊町","town":"宮川"}],"0307":[{"pref":"青森県","city":"北津軽郡中泊町","town":"宮野沢"}]}