{"1101":[{"pref":"沖縄県","city":"八重山郡竹富町","town":"竹富"}],"1221":[{"pref":"沖縄県","city":"八重山郡竹富町","town":"小浜"}],"1311":[{"pref":"沖縄県","city":"八重山郡竹富町","town":"黒島"}],"1431":[{"pref":"沖縄県","city":"八重山郡竹富町","town":"高那"}],"1432":[{"pref":"沖縄県","city":"八重山郡竹富町","town":"古見"}],"1433":[{"pref":"沖縄県","city":"八重山郡竹富町","town":"南風見仲"}],"1434":[{"pref":"沖縄県","city":"八重山郡竹富町","town":"南風見"}],"1435":[{"pref":"沖縄県","city":"八重山郡竹富町","town":"新城"}],"1541":[{"pref":"沖縄県","city":"八重山郡竹富町","town":"上原"}],"1542":[{"pref":"沖縄県","city":"八重山郡竹富町","town":"西表"}],"1543":[{"pref":"沖縄県","city":"八重山郡竹富町","town":"崎山"}],"1544":[{"pref":"沖縄県","city":"八重山郡竹富町","town":"鳩間"}],"1751":[{"pref":"沖縄県","city":"八重山郡竹富町","town":"波照間"}],"1800":[{"pref":"沖縄県","city":"八重山郡与那国町","town":"以下に掲載がない場合"}],"1801":[{"pref":"沖縄県","city":"八重山郡与那国町","town":"与那国"}],"0000":[{"pref":"沖縄県","city":"石垣市","town":"以下に掲載がない場合"},{"pref":"沖縄県","city":"八重山郡竹富町","town":"以下に掲載がない場合"}],"0024":[{"pref":"沖縄県","city":"石垣市","town":"新川"}],"0023":[{"pref":"沖縄県","city":"石垣市","town":"石垣"}],"0332":[{"pref":"沖縄県","city":"石垣市","town":"伊原間"}],"0022":[{"pref":"沖縄県","city":"石垣市","town":"大川"}],"0001":[{"pref":"沖縄県","city":"石垣市","town":"大浜"}],"0453":[{"pref":"沖縄県","city":"石垣市","town":"川平"}],"0452":[{"pref":"沖縄県","city":"石垣市","town":"崎枝"}],"0242":[{"pref":"沖縄県","city":"石垣市","town":"白保"}],"0014":[{"pref":"沖縄県","city":"石垣市","town":"新栄町"}],"0241":[{"pref":"沖縄県","city":"石垣市","town":"桃里"}],"0004":[{"pref":"沖縄県","city":"石垣市","town":"登野城"}],"0031":[{"pref":"沖縄県","city":"石垣市","town":"登野城尖閣"}],"0021":[{"pref":"沖縄県","city":"石垣市","town":"名蔵"}],"0333":[{"pref":"沖縄県","city":"石垣市","town":"野底"}],"0015":[{"pref":"沖縄県","city":"石垣市","town":"南ぬ浜町"}],"0013":[{"pref":"沖縄県","city":"石垣市","town":"浜崎町"}],"0003":[{"pref":"沖縄県","city":"石垣市","town":"平得"}],"0331":[{"pref":"沖縄県","city":"石垣市","town":"平久保"}],"0451":[{"pref":"沖縄県","city":"石垣市","town":"桴海"}],"0002":[{"pref":"沖縄県","city":"石垣市","town":"真栄里"}],"0012":[{"pref":"沖縄県","city":"石垣市","town":"美崎町"}],"0243":[{"pref":"沖縄県","city":"石垣市","town":"宮良"}],"0244":[{"pref":"沖縄県","city":"石垣市","town":"盛山"}],"0011":[{"pref":"沖縄県","city":"石垣市","town":"八島町"}]}