{"0000":[{"pref":"愛媛県","city":"西条市","town":"以下に掲載がない場合"}],"0023":[{"pref":"愛媛県","city":"西条市","town":"明屋敷"}],"0103":[{"pref":"愛媛県","city":"西条市","town":"荒川"}],"0051":[{"pref":"愛媛県","city":"西条市","town":"安知生"}],"0010":[{"pref":"愛媛県","city":"西条市","town":"飯岡"}],"0037":[{"pref":"愛媛県","city":"西条市","town":"市之川"}],"0016":[{"pref":"愛媛県","city":"西条市","town":"大浜"}],"0211":[{"pref":"愛媛県","city":"西条市","town":"大保木"}],"0030":[{"pref":"愛媛県","city":"西条市","town":"大町"}],"0041":[{"pref":"愛媛県","city":"西条市","town":"神拝甲"}],"0021":[{"pref":"愛媛県","city":"西条市","town":"神拝乙"}],"0042":[{"pref":"愛媛県","city":"西条市","town":"喜多川"}],"0212":[{"pref":"愛媛県","city":"西条市","town":"黒瀬"}],"0025":[{"pref":"愛媛県","city":"西条市","town":"栄町"}],"0067":[{"pref":"愛媛県","city":"西条市","town":"坂元甲"}],"0006":[{"pref":"愛媛県","city":"西条市","town":"下島山甲"}],"0007":[{"pref":"愛媛県","city":"西条市","town":"下島山乙"}],"0028":[{"pref":"愛媛県","city":"西条市","town":"新田"}],"0053":[{"pref":"愛媛県","city":"西条市","town":"洲之内甲"}],"0101":[{"pref":"愛媛県","city":"西条市","town":"千町"}],"0024":[{"pref":"愛媛県","city":"西条市","town":"大師町"}],"0001":[{"pref":"愛媛県","city":"西条市","town":"玉津"}],"0027":[{"pref":"愛媛県","city":"西条市","town":"朔日市"}],"0057":[{"pref":"愛媛県","city":"西条市","town":"津越"}],"0061":[{"pref":"愛媛県","city":"西条市","town":"禎瑞"}],"0002":[{"pref":"愛媛県","city":"西条市","town":"天神"}],"0213":[{"pref":"愛媛県","city":"西条市","town":"兎之山"}],"0214":[{"pref":"愛媛県","city":"西条市","town":"中奥"}],"0052":[{"pref":"愛媛県","city":"西条市","town":"中西"}],"0054":[{"pref":"愛媛県","city":"西条市","town":"中野甲"}],"0055":[{"pref":"愛媛県","city":"西条市","town":"中野乙"}],"0056":[{"pref":"愛媛県","city":"西条市","town":"中野丙"}],"0065":[{"pref":"愛媛県","city":"西条市","town":"楢木"}],"0063":[{"pref":"愛媛県","city":"西条市","town":"西泉甲"}],"0064":[{"pref":"愛媛県","city":"西条市","town":"西泉乙"}],"0062":[{"pref":"愛媛県","city":"西条市","town":"西田甲"}],"0215":[{"pref":"愛媛県","city":"西条市","town":"西之川"}],"0066":[{"pref":"愛媛県","city":"西条市","town":"野々市"}],"0017":[{"pref":"愛媛県","city":"西条市","town":"早川"}],"0003":[{"pref":"愛媛県","city":"西条市","town":"ひうち"}],"0216":[{"pref":"愛媛県","city":"西条市","town":"東之川"}],"0026":[{"pref":"愛媛県","city":"西条市","town":"東町"}],"0043":[{"pref":"愛媛県","city":"西条市","town":"樋之口"}],"0071":[{"pref":"愛媛県","city":"西条市","town":"氷見甲"}],"0072":[{"pref":"愛媛県","city":"西条市","town":"氷見乙"}],"0073":[{"pref":"愛媛県","city":"西条市","town":"氷見丙"}],"0074":[{"pref":"愛媛県","city":"西条市","town":"氷見丁"}],"0075":[{"pref":"愛媛県","city":"西条市","town":"氷見戊"}],"0035":[{"pref":"愛媛県","city":"西条市","town":"福武甲"}],"0036":[{"pref":"愛媛県","city":"西条市","town":"福武乙"}],"0102":[{"pref":"愛媛県","city":"西条市","town":"藤之石"}],"0004":[{"pref":"愛媛県","city":"西条市","town":"船屋甲"}],"0005":[{"pref":"愛媛県","city":"西条市","town":"船屋乙"}],"0044":[{"pref":"愛媛県","city":"西条市","town":"古川甲"}],"0045":[{"pref":"愛媛県","city":"西条市","town":"古川乙"}],"0039":[{"pref":"愛媛県","city":"西条市","town":"保野"}],"0022":[{"pref":"愛媛県","city":"西条市","town":"本町"}],"0038":[{"pref":"愛媛県","city":"西条市","town":"丸野"}],"0046":[{"pref":"愛媛県","city":"西条市","town":"港"}],"0034":[{"pref":"愛媛県","city":"西条市","town":"明神木"}]}