{"0000":[{"pref":"神奈川県","city":"横浜市港南区","town":"以下に掲載がない場合"}],"0007":[{"pref":"神奈川県","city":"横浜市港南区","town":"大久保"}],"0001":[{"pref":"神奈川県","city":"横浜市港南区","town":"上大岡東"}],"0002":[{"pref":"神奈川県","city":"横浜市港南区","town":"上大岡西"}],"0012":[{"pref":"神奈川県","city":"横浜市港南区","town":"上永谷"}],"0014":[{"pref":"神奈川県","city":"横浜市港南区","town":"上永谷町"}],"0003":[{"pref":"神奈川県","city":"横浜市港南区","town":"港南"}],"0004":[{"pref":"神奈川県","city":"横浜市港南区","town":"港南中央通"}],"0008":[{"pref":"神奈川県","city":"横浜市港南区","town":"最戸"}],"0016":[{"pref":"神奈川県","city":"横浜市港南区","town":"下永谷"}],"0006":[{"pref":"神奈川県","city":"横浜市港南区","town":"芹が谷"}],"0005":[{"pref":"神奈川県","city":"横浜市港南区","town":"東芹が谷"}],"0011":[{"pref":"神奈川県","city":"横浜市港南区","town":"東永谷"}],"0015":[{"pref":"神奈川県","city":"横浜市港南区","town":"日限山"}],"0013":[{"pref":"神奈川県","city":"横浜市港南区","town":"丸山台"}]}