{"0913":[{"pref":"北海道","city":"函館市","town":"赤坂町"}],"0916":[{"pref":"北海道","city":"函館市","town":"旭岡町"}],"0904":[{"pref":"北海道","city":"函館市","town":"庵原町"}],"0911":[{"pref":"北海道","city":"函館市","town":"石倉町"}],"0954":[{"pref":"北海道","city":"函館市","town":"上野町"}],"0931":[{"pref":"北海道","city":"函館市","town":"榎本町"}],"0942":[{"pref":"北海道","city":"函館市","town":"柏木町"}],"0944":[{"pref":"北海道","city":"函館市","town":"金堀町"}],"0901":[{"pref":"北海道","city":"函館市","town":"蛾眉野町"}],"0914":[{"pref":"北海道","city":"函館市","town":"上湯川町"}],"0917":[{"pref":"北海道","city":"函館市","town":"亀尾町"}],"0935":[{"pref":"北海道","city":"函館市","town":"駒場町"}],"0923":[{"pref":"北海道","city":"函館市","town":"志海苔町"}],"0921":[{"pref":"北海道","city":"函館市","town":"新湊町"}],"0958":[{"pref":"北海道","city":"函館市","town":"鈴蘭丘町"}],"0951":[{"pref":"北海道","city":"函館市","town":"瀬戸川町"}],"0922":[{"pref":"北海道","city":"函館市","town":"銭亀町"}],"0955":[{"pref":"北海道","city":"函館市","town":"高丘町"}],"0952":[{"pref":"北海道","city":"函館市","town":"高松町"}],"0957":[{"pref":"北海道","city":"函館市","town":"滝沢町"}],"0902":[{"pref":"北海道","city":"函館市","town":"鉄山町"}],"0908":[{"pref":"北海道","city":"函館市","town":"銅山町"}],"0953":[{"pref":"北海道","city":"函館市","town":"戸倉町"}],"0912":[{"pref":"北海道","city":"函館市","town":"中野町"}],"0915":[{"pref":"北海道","city":"函館市","town":"西旭岡町"}],"0924":[{"pref":"北海道","city":"函館市","town":"根崎町"}],"0943":[{"pref":"北海道","city":"函館市","town":"乃木町"}],"0903":[{"pref":"北海道","city":"函館市","town":"東畑町"}],"0934":[{"pref":"北海道","city":"函館市","town":"広野町"}],"0941":[{"pref":"北海道","city":"函館市","town":"深堀町"}],"0918":[{"pref":"北海道","city":"函館市","town":"米原町"}],"0907":[{"pref":"北海道","city":"函館市","town":"鱒川町"}],"0906":[{"pref":"北海道","city":"函館市","town":"三森町"}],"0956":[{"pref":"北海道","city":"函館市","town":"見晴町"}],"0905":[{"pref":"北海道","city":"函館市","town":"紅葉山町"}],"0932":[{"pref":"北海道","city":"函館市","town":"湯川町"}],"0933":[{"pref":"北海道","city":"函館市","town":"湯浜町"}]}