{"0000":[{"pref":"千葉県","city":"船橋市","town":"以下に掲載がない場合"}],"0041":[{"pref":"千葉県","city":"船橋市","town":"旭町"}],"0863":[{"pref":"千葉県","city":"船橋市","town":"東町"}],"0001":[{"pref":"千葉県","city":"船橋市","town":"市場"}],"0039":[{"pref":"千葉県","city":"船橋市","town":"印内"}],"0025":[{"pref":"千葉県","city":"船橋市","town":"印内町"}],"0021":[{"pref":"千葉県","city":"船橋市","town":"海神"}],"0022":[{"pref":"千葉県","city":"船橋市","town":"海神町"}],"0028":[{"pref":"千葉県","city":"船橋市","town":"海神町東"}],"0027":[{"pref":"千葉県","city":"船橋市","town":"海神町西"}],"0024":[{"pref":"千葉県","city":"船橋市","town":"海神町南"}],"0032":[{"pref":"千葉県","city":"船橋市","town":"葛飾町"}],"0853":[{"pref":"千葉県","city":"船橋市","town":"金杉"}],"0852":[{"pref":"千葉県","city":"船橋市","town":"金杉台"}],"0854":[{"pref":"千葉県","city":"船橋市","town":"金杉町"}],"0046":[{"pref":"千葉県","city":"船橋市","town":"上山町"}],"0864":[{"pref":"千葉県","city":"船橋市","town":"北本町"}],"0044":[{"pref":"千葉県","city":"船橋市","town":"行田"}],"0043":[{"pref":"千葉県","city":"船橋市","town":"行田町"}],"0037":[{"pref":"千葉県","city":"船橋市","town":"古作"}],"0038":[{"pref":"千葉県","city":"船橋市","town":"古作町"}],"0861":[{"pref":"千葉県","city":"船橋市","town":"米ケ崎町"}],"0018":[{"pref":"千葉県","city":"船橋市","town":"栄町"}],"0016":[{"pref":"千葉県","city":"船橋市","town":"潮見町"}],"0862":[{"pref":"千葉県","city":"船橋市","town":"駿河台"}],"0014":[{"pref":"千葉県","city":"船橋市","town":"高瀬町"}],"0865":[{"pref":"千葉県","city":"船橋市","town":"夏見"}],"0866":[{"pref":"千葉県","city":"船橋市","town":"夏見台"}],"0867":[{"pref":"千葉県","city":"船橋市","town":"夏見町"}],"0017":[{"pref":"千葉県","city":"船橋市","town":"西浦"}],"0031":[{"pref":"千葉県","city":"船橋市","town":"西船"}],"0012":[{"pref":"千葉県","city":"船橋市","town":"浜町"}],"0036":[{"pref":"千葉県","city":"船橋市","town":"東中山"}],"0002":[{"pref":"千葉県","city":"船橋市","town":"東船橋"}],"0015":[{"pref":"千葉県","city":"船橋市","town":"日の出"}],"0047":[{"pref":"千葉県","city":"船橋市","town":"藤原"}],"0034":[{"pref":"千葉県","city":"船橋市","town":"二子町"}],"0033":[{"pref":"千葉県","city":"船橋市","town":"本郷町"}],"0005":[{"pref":"千葉県","city":"船橋市","town":"本町"}],"0042":[{"pref":"千葉県","city":"船橋市","town":"前貝塚町"}],"0851":[{"pref":"千葉県","city":"船橋市","town":"馬込町"}],"0855":[{"pref":"千葉県","city":"船橋市","town":"馬込西"}],"0048":[{"pref":"千葉県","city":"船橋市","town":"丸山"}],"0011":[{"pref":"千葉県","city":"船橋市","town":"湊町"}],"0023":[{"pref":"千葉県","city":"船橋市","town":"南海神"}],"0004":[{"pref":"千葉県","city":"船橋市","town":"南本町"}],"0003":[{"pref":"千葉県","city":"船橋市","town":"宮本"}],"0035":[{"pref":"千葉県","city":"船橋市","town":"本中山"}],"0045":[{"pref":"千葉県","city":"船橋市","town":"山手"}],"0026":[{"pref":"千葉県","city":"船橋市","town":"山野町"}],"0013":[{"pref":"千葉県","city":"船橋市","town":"若松"}],"0100":[{"pref":"千葉県","city":"鎌ケ谷市","town":"以下に掲載がない場合"}],"0132":[{"pref":"千葉県","city":"鎌ケ谷市","town":"粟野"}],"0102":[{"pref":"千葉県","city":"鎌ケ谷市","town":"右京塚"}],"0105":[{"pref":"千葉県","city":"鎌ケ谷市","town":"鎌ケ谷"}],"0131":[{"pref":"千葉県","city":"鎌ケ谷市","town":"軽井沢"}],"0111":[{"pref":"千葉県","city":"鎌ケ谷市","town":"北中沢"}],"0126":[{"pref":"千葉県","city":"鎌ケ谷市","town":"北初富"}],"0127":[{"pref":"千葉県","city":"鎌ケ谷市","town":"串崎新田"}],"0128":[{"pref":"千葉県","city":"鎌ケ谷市","town":"くぬぎ山"}],"0136":[{"pref":"千葉県","city":"鎌ケ谷市","town":"佐津間"}],"0107":[{"pref":"千葉県","city":"鎌ケ谷市","town":"新鎌ケ谷"}],"0124":[{"pref":"千葉県","city":"鎌ケ谷市","town":"中央"}],"0101":[{"pref":"千葉県","city":"鎌ケ谷市","town":"富岡"}],"0135":[{"pref":"千葉県","city":"鎌ケ谷市","town":"中佐津間"}],"0118":[{"pref":"千葉県","city":"鎌ケ谷市","town":"中沢"}],"0119":[{"pref":"千葉県","city":"鎌ケ谷市","town":"中沢新町"}],"0134":[{"pref":"千葉県","city":"鎌ケ谷市","town":"西佐津間"}],"0117":[{"pref":"千葉県","city":"鎌ケ谷市","town":"西道野辺"}],"0121":[{"pref":"千葉県","city":"鎌ケ谷市","town":"初富"}],"0125":[{"pref":"千葉県","city":"鎌ケ谷市","town":"初富本町"}],"0104":[{"pref":"千葉県","city":"鎌ケ谷市","town":"東鎌ケ谷"}],"0112":[{"pref":"千葉県","city":"鎌ケ谷市","town":"東中沢"}],"0122":[{"pref":"千葉県","city":"鎌ケ谷市","town":"東初富"}],"0115":[{"pref":"千葉県","city":"鎌ケ谷市","town":"東道野辺"}],"0116":[{"pref":"千葉県","city":"鎌ケ谷市","town":"馬込沢"}],"0103":[{"pref":"千葉県","city":"鎌ケ谷市","town":"丸山"}],"0114":[{"pref":"千葉県","city":"鎌ケ谷市","town":"道野辺"}],"0113":[{"pref":"千葉県","city":"鎌ケ谷市","town":"道野辺中央"}],"0137":[{"pref":"千葉県","city":"鎌ケ谷市","town":"道野辺本町"}],"0106":[{"pref":"千葉県","city":"鎌ケ谷市","town":"南鎌ケ谷"}],"0133":[{"pref":"千葉県","city":"鎌ケ谷市","town":"南佐津間"}],"0123":[{"pref":"千葉県","city":"鎌ケ谷市","town":"南初富"}]}