{"0045":[{"pref":"東京都","city":"墨田区","town":"押上"}],"0046":[{"pref":"東京都","city":"墨田区","town":"京島"}],"0031":[{"pref":"東京都","city":"墨田区","town":"墨田"}],"0043":[{"pref":"東京都","city":"墨田区","town":"立花"}],"0034":[{"pref":"東京都","city":"墨田区","town":"堤通"}],"0042":[{"pref":"東京都","city":"墨田区","town":"東墨田"}],"0032":[{"pref":"東京都","city":"墨田区","town":"東向島"}],"0044":[{"pref":"東京都","city":"墨田区","town":"文花"}],"0033":[{"pref":"東京都","city":"墨田区","town":"向島"}],"0041":[{"pref":"東京都","city":"墨田区","town":"八広"}]}