{"0000":[{"pref":"山口県","city":"山陽小野田市","town":"以下に掲載がない場合"}],"0030":[{"pref":"山口県","city":"山陽小野田市","town":"青葉台"}],"0841":[{"pref":"山口県","city":"山陽小野田市","town":"赤崎"}],"0871":[{"pref":"山口県","city":"山陽小野田市","town":"あさひが丘"}],"0808":[{"pref":"山口県","city":"山陽小野田市","town":"旭町"}],"0038":[{"pref":"山口県","city":"山陽小野田市","town":"有帆"}],"0009":[{"pref":"山口県","city":"山陽小野田市","town":"有帆上町"}],"0003":[{"pref":"山口県","city":"山陽小野田市","town":"有帆新町"}],"0063":[{"pref":"山口県","city":"山陽小野田市","town":"石井手"}],"0811":[{"pref":"山口県","city":"山陽小野田市","town":"稲荷町"}],"0863":[{"pref":"山口県","city":"山陽小野田市","town":"上の台"}],"0049":[{"pref":"山口県","city":"山陽小野田市","town":"後潟上"}],"0048":[{"pref":"山口県","city":"山陽小野田市","town":"後潟下"}],"0855":[{"pref":"山口県","city":"山陽小野田市","town":"えびす町"}],"0025":[{"pref":"山口県","city":"山陽小野田市","town":"烏帽子岩"}],"0026":[{"pref":"山口県","city":"山陽小野田市","town":"烏帽子岩団地"}],"0027":[{"pref":"山口県","city":"山陽小野田市","town":"烏帽子岩前"}],"0873":[{"pref":"山口県","city":"山陽小野田市","town":"大須恵"}],"0042":[{"pref":"山口県","city":"山陽小野田市","town":"大塚"}],"0036":[{"pref":"山口県","city":"山陽小野田市","town":"大塚団地"}],"0866":[{"pref":"山口県","city":"山陽小野田市","town":"大浜"}],"0852":[{"pref":"山口県","city":"山陽小野田市","town":"奥若山"}],"0817":[{"pref":"山口県","city":"山陽小野田市","town":"小野田"}],"0812":[{"pref":"山口県","city":"山陽小野田市","town":"小野山"}],"0067":[{"pref":"山口県","city":"山陽小野田市","town":"柿の木坂"}],"0013":[{"pref":"山口県","city":"山陽小野田市","town":"片山"}],"0012":[{"pref":"山口県","city":"山陽小野田市","town":"角石"}],"0854":[{"pref":"山口県","city":"山陽小野田市","town":"叶松"}],"0056":[{"pref":"山口県","city":"山陽小野田市","town":"上木屋"}],"0041":[{"pref":"山口県","city":"山陽小野田市","town":"上の郷"}],"0086":[{"pref":"山口県","city":"山陽小野田市","town":"神帆町"}],"0075":[{"pref":"山口県","city":"山陽小野田市","town":"亀の甲"}],"0843":[{"pref":"山口県","city":"山陽小野田市","town":"刈屋上条"}],"0842":[{"pref":"山口県","city":"山陽小野田市","town":"刈屋中村"}],"0848":[{"pref":"山口県","city":"山陽小野田市","town":"刈屋西条"}],"0051":[{"pref":"山口県","city":"山陽小野田市","town":"杵築"}],"0801":[{"pref":"山口県","city":"山陽小野田市","town":"北栄町"}],"0007":[{"pref":"山口県","city":"山陽小野田市","town":"北真土郷"}],"0833":[{"pref":"山口県","city":"山陽小野田市","town":"北竜王町"}],"0822":[{"pref":"山口県","city":"山陽小野田市","town":"北若山"}],"0844":[{"pref":"山口県","city":"山陽小野田市","town":"木戸大鼻"}],"0846":[{"pref":"山口県","city":"山陽小野田市","town":"木戸新町"}],"0845":[{"pref":"山口県","city":"山陽小野田市","town":"木戸中ノ町"}],"0011":[{"pref":"山口県","city":"山陽小野田市","town":"共和台"}],"0028":[{"pref":"山口県","city":"山陽小野田市","town":"共和町"}],"0080":[{"pref":"山口県","city":"山陽小野田市","town":"くし山"}],"0044":[{"pref":"山口県","city":"山陽小野田市","town":"郷"}],"0815":[{"pref":"山口県","city":"山陽小野田市","town":"高栄"}],"0037":[{"pref":"山口県","city":"山陽小野田市","town":"小松尾"}],"0802":[{"pref":"山口県","city":"山陽小野田市","town":"栄町"}],"0851":[{"pref":"山口県","city":"山陽小野田市","town":"桜が丘"}],"0888":[{"pref":"山口県","city":"山陽小野田市","town":"笹尾西"}],"0881":[{"pref":"山口県","city":"山陽小野田市","town":"笹尾東"}],"0053":[{"pref":"山口県","city":"山陽小野田市","town":"下木屋"}],"0805":[{"pref":"山口県","city":"山陽小野田市","town":"自由ヶ丘"}],"0094":[{"pref":"山口県","city":"山陽小野田市","town":"市立病院"}],"0010":[{"pref":"山口県","city":"山陽小野田市","town":"新有帆町"}],"0847":[{"pref":"山口県","city":"山陽小野田市","town":"新沖"}],"0092":[{"pref":"山口県","city":"山陽小野田市","town":"新生"}],"0823":[{"pref":"山口県","city":"山陽小野田市","town":"心和園"}],"0836":[{"pref":"山口県","city":"山陽小野田市","town":"須恵"}],"0862":[{"pref":"山口県","city":"山陽小野田市","town":"須恵西"}],"0889":[{"pref":"山口県","city":"山陽小野田市","town":"須恵東"}],"0882":[{"pref":"山口県","city":"山陽小野田市","town":"須田ノ木"}],"0813":[{"pref":"山口県","city":"山陽小野田市","town":"住吉本町"}],"0835":[{"pref":"山口県","city":"山陽小野田市","town":"セメント町"}],"0884":[{"pref":"山口県","city":"山陽小野田市","town":"大学通"}],"0001":[{"pref":"山口県","city":"山陽小野田市","town":"大休"}],"0008":[{"pref":"山口県","city":"山陽小野田市","town":"大休団地"}],"0087":[{"pref":"山口県","city":"山陽小野田市","town":"高須"}],"0060":[{"pref":"山口県","city":"山陽小野田市","town":"高千帆"}],"0021":[{"pref":"山口県","city":"山陽小野田市","town":"高畑"}],"0047":[{"pref":"山口県","city":"山陽小野田市","town":"高浜"}],"0865":[{"pref":"山口県","city":"山陽小野田市","town":"田の尻"}],"0055":[{"pref":"山口県","city":"山陽小野田市","town":"旦西"}],"0054":[{"pref":"山口県","city":"山陽小野田市","town":"旦東"}],"0039":[{"pref":"山口県","city":"山陽小野田市","town":"千崎"}],"0022":[{"pref":"山口県","city":"山陽小野田市","town":"千崎西"}],"0023":[{"pref":"山口県","city":"山陽小野田市","town":"千崎東"}],"0824":[{"pref":"山口県","city":"山陽小野田市","town":"中央"}],"0804":[{"pref":"山口県","city":"山陽小野田市","town":"長寿園"}],"0814":[{"pref":"山口県","city":"山陽小野田市","town":"千代町"}],"0806":[{"pref":"山口県","city":"山陽小野田市","town":"中川"}],"0004":[{"pref":"山口県","city":"山陽小野田市","town":"中里"}],"0005":[{"pref":"山口県","city":"山陽小野田市","town":"中村"}],"0886":[{"pref":"山口県","city":"山陽小野田市","town":"夏目"}],"0016":[{"pref":"山口県","city":"山陽小野田市","town":"南平台"}],"0885":[{"pref":"山口県","city":"山陽小野田市","town":"西沖"}],"0864":[{"pref":"山口県","city":"山陽小野田市","town":"西が迫"}],"0816":[{"pref":"山口県","city":"山陽小野田市","town":"西住吉町"}],"0057":[{"pref":"山口県","city":"山陽小野田市","town":"西高泊"}],"0046":[{"pref":"山口県","city":"山陽小野田市","town":"西の郷"}],"0093":[{"pref":"山口県","city":"山陽小野田市","town":"日産"}],"0017":[{"pref":"山口県","city":"山陽小野田市","town":"仁保の上"}],"0853":[{"pref":"山口県","city":"山陽小野田市","town":"野来見"}],"0024":[{"pref":"山口県","city":"山陽小野田市","town":"萩森"}],"0861":[{"pref":"山口県","city":"山陽小野田市","town":"波瀬"}],"0043":[{"pref":"山口県","city":"山陽小野田市","town":"浜"}],"0872":[{"pref":"山口県","city":"山陽小野田市","town":"浜河内"}],"0052":[{"pref":"山口県","city":"山陽小野田市","town":"浜田町"}],"0883":[{"pref":"山口県","city":"山陽小野田市","town":"東須田の木"}],"0825":[{"pref":"山口県","city":"山陽小野田市","town":"東住吉町"}],"0088":[{"pref":"山口県","city":"山陽小野田市","town":"東高泊"}],"0018":[{"pref":"山口県","city":"山陽小野田市","town":"東町"}],"0014":[{"pref":"山口県","city":"山陽小野田市","town":"彼岸田"}],"0015":[{"pref":"山口県","city":"山陽小野田市","town":"ひがんだ団地"}],"0091":[{"pref":"山口県","city":"山陽小野田市","town":"日の出"}],"0032":[{"pref":"山口県","city":"山陽小野田市","town":"平生町"}],"0035":[{"pref":"山口県","city":"山陽小野田市","town":"平原"}],"0029":[{"pref":"山口県","city":"山陽小野田市","town":"船越"}],"0856":[{"pref":"山口県","city":"山陽小野田市","town":"古開作"}],"0857":[{"pref":"山口県","city":"山陽小野田市","town":"古開作団地"}],"0837":[{"pref":"山口県","city":"山陽小野田市","town":"平成町"}],"0031":[{"pref":"山口県","city":"山陽小野田市","town":"平和町"}],"0887":[{"pref":"山口県","city":"山陽小野田市","town":"松角"}],"0877":[{"pref":"山口県","city":"山陽小野田市","town":"松浜"}],"0878":[{"pref":"山口県","city":"山陽小野田市","town":"松浜団地"}],"0821":[{"pref":"山口県","city":"山陽小野田市","town":"丸河内"}],"0034":[{"pref":"山口県","city":"山陽小野田市","town":"緑が丘"}],"0834":[{"pref":"山口県","city":"山陽小野田市","town":"港町"}],"0045":[{"pref":"山口県","city":"山陽小野田市","town":"南高泊"}],"0803":[{"pref":"山口県","city":"山陽小野田市","town":"南中川町"}],"0019":[{"pref":"山口県","city":"山陽小野田市","town":"南真土郷"}],"0875":[{"pref":"山口県","city":"山陽小野田市","town":"南松浜"}],"0832":[{"pref":"山口県","city":"山陽小野田市","town":"南竜王町"}],"0831":[{"pref":"山口県","city":"山陽小野田市","town":"南若山"}],"0076":[{"pref":"山口県","city":"山陽小野田市","town":"目出"}],"0074":[{"pref":"山口県","city":"山陽小野田市","town":"目出湖畔町"}],"0073":[{"pref":"山口県","city":"山陽小野田市","town":"目出幸町"}],"0077":[{"pref":"山口県","city":"山陽小野田市","town":"目出新町"}],"0071":[{"pref":"山口県","city":"山陽小野田市","town":"目出文化町"}],"0072":[{"pref":"山口県","city":"山陽小野田市","town":"目出緑町"}],"0876":[{"pref":"山口県","city":"山陽小野田市","town":"本山団地"}],"0874":[{"pref":"山口県","city":"山陽小野田市","town":"本山町"}],"0809":[{"pref":"山口県","city":"山陽小野田市","town":"横土手"}],"0807":[{"pref":"山口県","city":"山陽小野田市","town":"硫酸町"}],"0095":[{"pref":"山口県","city":"山陽小野田市","town":"労災病院"}],"0033":[{"pref":"山口県","city":"山陽小野田市","town":"若草町"}]}