{"1141":[{"pref":"広島県","city":"広島市安佐北区","town":"安佐町鈴張"}],"1142":[{"pref":"広島県","city":"広島市安佐北区","town":"安佐町飯室"}],"1171":[{"pref":"広島県","city":"広島市安佐北区","town":"安佐町小河内"}],"1221":[{"pref":"広島県","city":"山県郡北広島町","town":"今吉田"}],"1222":[{"pref":"広島県","city":"山県郡北広島町","town":"阿坂"}],"1223":[{"pref":"広島県","city":"山県郡北広島町","town":"吉木（その他）"}],"1500":[{"pref":"広島県","city":"山県郡北広島町","town":"以下に掲載がない場合"}],"1501":[{"pref":"広島県","city":"山県郡北広島町","town":"川戸"}],"1502":[{"pref":"広島県","city":"山県郡北広島町","town":"蔵迫"}],"1503":[{"pref":"広島県","city":"山県郡北広島町","town":"有間"}],"1504":[{"pref":"広島県","city":"山県郡北広島町","town":"寺原"}],"1505":[{"pref":"広島県","city":"山県郡北広島町","town":"舞綱"}],"1506":[{"pref":"広島県","city":"山県郡北広島町","town":"中山"}],"1511":[{"pref":"広島県","city":"山県郡北広島町","town":"惣森"}],"1512":[{"pref":"広島県","city":"山県郡北広島町","town":"川東"}],"1513":[{"pref":"広島県","city":"山県郡北広島町","town":"川井"}],"1514":[{"pref":"広島県","city":"山県郡北広島町","town":"新氏神"}],"1515":[{"pref":"広島県","city":"山県郡北広島町","town":"壬生"}],"1516":[{"pref":"広島県","city":"山県郡北広島町","town":"川西"}],"1521":[{"pref":"広島県","city":"山県郡北広島町","town":"丁保余原"}],"1522":[{"pref":"広島県","city":"山県郡北広島町","town":"新郷"}],"1523":[{"pref":"広島県","city":"山県郡北広島町","town":"南方"}],"1524":[{"pref":"広島県","city":"山県郡北広島町","town":"木次"}],"1525":[{"pref":"広島県","city":"山県郡北広島町","town":"石井谷"}],"1526":[{"pref":"広島県","city":"山県郡北広島町","town":"本地"}],"1531":[{"pref":"広島県","city":"山県郡北広島町","town":"春木"}],"1532":[{"pref":"広島県","city":"山県郡北広島町","town":"古保利"}],"1533":[{"pref":"広島県","city":"山県郡北広島町","town":"有田"}],"1534":[{"pref":"広島県","city":"山県郡北広島町","town":"後有田"}],"1535":[{"pref":"広島県","city":"山県郡北広島町","town":"今田"}],"1701":[{"pref":"広島県","city":"山県郡北広島町","town":"志路原"}],"1702":[{"pref":"広島県","city":"山県郡北広島町","town":"上石"}],"1703":[{"pref":"広島県","city":"山県郡北広島町","town":"海応寺"}],"1704":[{"pref":"広島県","city":"山県郡北広島町","town":"下石"}],"1705":[{"pref":"広島県","city":"山県郡北広島町","town":"西宗"}],"1706":[{"pref":"広島県","city":"山県郡北広島町","town":"中原"}],"1711":[{"pref":"広島県","city":"山県郡北広島町","town":"戸谷"}],"1712":[{"pref":"広島県","city":"山県郡北広島町","town":"都志見"}],"1713":[{"pref":"広島県","city":"山県郡北広島町","town":"長笹"}],"1714":[{"pref":"広島県","city":"山県郡北広島町","town":"吉木（水根）"}],"2101":[{"pref":"広島県","city":"山県郡北広島町","town":"宮迫"}],"2102":[{"pref":"広島県","city":"山県郡北広島町","town":"岩戸"}],"2103":[{"pref":"広島県","city":"山県郡北広島町","town":"新庄"}],"2104":[{"pref":"広島県","city":"山県郡北広島町","town":"大朝"}],"2105":[{"pref":"広島県","city":"山県郡北広島町","town":"田原"}],"2106":[{"pref":"広島県","city":"山県郡北広島町","town":"筏津"}],"2107":[{"pref":"広島県","city":"山県郡北広島町","town":"大塚"}],"2201":[{"pref":"広島県","city":"山県郡北広島町","town":"高野"}],"2202":[{"pref":"広島県","city":"山県郡北広島町","town":"溝口"}],"2203":[{"pref":"広島県","city":"山県郡北広島町","town":"小原"}],"2204":[{"pref":"広島県","city":"山県郡北広島町","town":"大暮"}],"2205":[{"pref":"広島県","city":"山県郡北広島町","town":"米沢"}],"2206":[{"pref":"広島県","city":"山県郡北広島町","town":"移原"}],"2311":[{"pref":"広島県","city":"山県郡北広島町","town":"土橋"}],"2312":[{"pref":"広島県","city":"山県郡北広島町","town":"奥原"}],"2313":[{"pref":"広島県","city":"山県郡北広島町","town":"草安"}],"2314":[{"pref":"広島県","city":"山県郡北広島町","town":"才乙"}],"2315":[{"pref":"広島県","city":"山県郡北広島町","town":"大利原"}],"2316":[{"pref":"広島県","city":"山県郡北広島町","town":"南門原"}],"2317":[{"pref":"広島県","city":"山県郡北広島町","town":"苅屋形"}],"2321":[{"pref":"広島県","city":"山県郡北広島町","town":"板村"}],"2322":[{"pref":"広島県","city":"山県郡北広島町","town":"細見（その他）"}],"2323":[{"pref":"広島県","city":"山県郡北広島町","town":"川小田"}],"2324":[{"pref":"広島県","city":"山県郡北広島町","town":"奥中原"}],"2431":[{"pref":"広島県","city":"山県郡北広島町","town":"荒神原"}],"2432":[{"pref":"広島県","city":"山県郡北広島町","town":"中祖"}],"2433":[{"pref":"広島県","city":"山県郡北広島町","town":"吉見坂"}],"2434":[{"pref":"広島県","city":"山県郡北広島町","town":"橋山"}],"2435":[{"pref":"広島県","city":"山県郡北広島町","town":"空城"}],"2436":[{"pref":"広島県","city":"山県郡北広島町","town":"政所"}],"2437":[{"pref":"広島県","city":"山県郡北広島町","town":"大元"}],"2441":[{"pref":"広島県","city":"山県郡北広島町","town":"宮地"}],"2442":[{"pref":"広島県","city":"山県郡北広島町","town":"雲耕"}],"2551":[{"pref":"広島県","city":"山県郡北広島町","town":"東八幡原"}],"2552":[{"pref":"広島県","city":"山県郡北広島町","town":"西八幡原"}],"3161":[{"pref":"広島県","city":"広島市安佐南区","town":"沼田町伴"}],"3163":[{"pref":"広島県","city":"広島市安佐南区","town":"伴北"}],"3164":[{"pref":"広島県","city":"広島市安佐南区","town":"伴東"}],"3165":[{"pref":"広島県","city":"広島市安佐南区","town":"伴中央"}],"3166":[{"pref":"広島県","city":"広島市安佐南区","town":"大塚東"}],"3167":[{"pref":"広島県","city":"広島市安佐南区","town":"大塚西"}],"3168":[{"pref":"広島県","city":"広島市安佐南区","town":"伴南"}],"3169":[{"pref":"広島県","city":"広島市安佐南区","town":"伴西"}],"3171":[{"pref":"広島県","city":"広島市安佐南区","town":"伴北町"}],"3172":[{"pref":"広島県","city":"広島市安佐南区","town":"伴東町"}],"3173":[{"pref":"広島県","city":"広島市安佐南区","town":"大塚東町"}],"3174":[{"pref":"広島県","city":"広島市安佐南区","town":"大塚西町"}],"3175":[{"pref":"広島県","city":"広島市安佐南区","town":"伴西町"}],"3271":[{"pref":"広島県","city":"広島市安佐南区","town":"沼田町阿戸"}],"3272":[{"pref":"広島県","city":"広島市安佐南区","town":"沼田町吉山"}],"3351":[{"pref":"広島県","city":"広島市安佐北区","town":"安佐町毛木"}],"3352":[{"pref":"広島県","city":"広島市安佐北区","town":"安佐町後山"}],"3353":[{"pref":"広島県","city":"広島市安佐北区","town":"安佐町宮野"}],"3354":[{"pref":"広島県","city":"広島市安佐北区","town":"安佐町筒瀬"}],"3355":[{"pref":"広島県","city":"広島市安佐北区","town":"安佐町動物園"}],"3361":[{"pref":"広島県","city":"広島市安佐北区","town":"あさひが丘"}],"3362":[{"pref":"広島県","city":"広島市安佐北区","town":"安佐町久地"}],"3363":[{"pref":"広島県","city":"広島市安佐北区","town":"安佐町くすの木台"}],"3411":[{"pref":"広島県","city":"山県郡安芸太田町","town":"穴"}],"3412":[{"pref":"広島県","city":"山県郡安芸太田町","town":"坪野"}],"3500":[{"pref":"広島県","city":"山県郡安芸太田町","town":"以下に掲載がない場合"}],"3501":[{"pref":"広島県","city":"山県郡安芸太田町","town":"加計"}],"3502":[{"pref":"広島県","city":"山県郡安芸太田町","town":"津浪"}],"3503":[{"pref":"広島県","city":"山県郡安芸太田町","town":"観音"}],"3551":[{"pref":"広島県","city":"山県郡安芸太田町","town":"猪山"}],"3552":[{"pref":"広島県","city":"山県郡安芸太田町","town":"平見谷"}],"3561":[{"pref":"広島県","city":"山県郡北広島町","town":"細見（下山）"}],"3621":[{"pref":"広島県","city":"山県郡安芸太田町","town":"下筒賀"}],"3622":[{"pref":"広島県","city":"山県郡安芸太田町","town":"下殿河内"}],"3664":[{"pref":"広島県","city":"山県郡安芸太田町","town":"上殿"}],"3701":[{"pref":"広島県","city":"山県郡安芸太田町","town":"上筒賀"}],"3702":[{"pref":"広島県","city":"山県郡安芸太田町","town":"中筒賀"}],"3801":[{"pref":"広島県","city":"山県郡安芸太田町","town":"横川"}],"3810":[{"pref":"広島県","city":"山県郡安芸太田町","town":"戸河内"}],"3812":[{"pref":"広島県","city":"山県郡安芸太田町","town":"遊谷"}],"3813":[{"pref":"広島県","city":"山県郡安芸太田町","town":"柴木"}],"3821":[{"pref":"広島県","city":"山県郡安芸太田町","town":"土居"}],"3824":[{"pref":"広島県","city":"山県郡安芸太田町","town":"寺領"}],"3831":[{"pref":"広島県","city":"山県郡安芸太田町","town":"川手"}],"3832":[{"pref":"広島県","city":"山県郡安芸太田町","town":"梶ノ木"}],"3833":[{"pref":"広島県","city":"山県郡安芸太田町","town":"板ケ谷"}],"3834":[{"pref":"広島県","city":"山県郡安芸太田町","town":"松原"}],"3835":[{"pref":"広島県","city":"山県郡安芸太田町","town":"小板"}],"3842":[{"pref":"広島県","city":"山県郡安芸太田町","town":"田吹"}],"3843":[{"pref":"広島県","city":"山県郡安芸太田町","town":"吉和郷"}],"3844":[{"pref":"広島県","city":"山県郡安芸太田町","town":"打梨"}],"3845":[{"pref":"広島県","city":"山県郡安芸太田町","town":"那須"}],"4200":[{"pref":"広島県","city":"安芸郡熊野町","town":"以下に掲載がない場合"}],"4211":[{"pref":"広島県","city":"安芸郡熊野町","town":"新宮"}],"4212":[{"pref":"広島県","city":"安芸郡熊野町","town":"初神"}],"4213":[{"pref":"広島県","city":"安芸郡熊野町","town":"萩原"}],"4214":[{"pref":"広島県","city":"安芸郡熊野町","town":"中溝"}],"4215":[{"pref":"広島県","city":"安芸郡熊野町","town":"城之堀"}],"4221":[{"pref":"広島県","city":"安芸郡熊野町","town":"出来庭"}],"4222":[{"pref":"広島県","city":"安芸郡熊野町","town":"呉地"}],"4223":[{"pref":"広島県","city":"安芸郡熊野町","town":"川角"}],"4224":[{"pref":"広島県","city":"安芸郡熊野町","town":"神田"}],"4225":[{"pref":"広島県","city":"安芸郡熊野町","town":"石神"}],"4226":[{"pref":"広島県","city":"安芸郡熊野町","town":"東山"}],"4227":[{"pref":"広島県","city":"安芸郡熊野町","town":"貴船"}],"4228":[{"pref":"広島県","city":"安芸郡熊野町","town":"柿迫"}],"4229":[{"pref":"広島県","city":"安芸郡熊野町","town":"平谷"}],"4231":[{"pref":"広島県","city":"広島市安芸区","town":"阿戸町"}],"4300":[{"pref":"広島県","city":"安芸郡坂町","town":"以下に掲載がない場合"}],"4301":[{"pref":"広島県","city":"安芸郡坂町","town":"坂町の次に番地がくる場合"}],"4311":[{"pref":"広島県","city":"安芸郡坂町","town":"北新地"}],"4312":[{"pref":"広島県","city":"安芸郡坂町","town":"平成ケ浜"}],"4313":[{"pref":"広島県","city":"安芸郡坂町","town":"坂東"}],"4314":[{"pref":"広島県","city":"安芸郡坂町","town":"坂西"}],"4321":[{"pref":"広島県","city":"安芸郡坂町","town":"植田"}],"4322":[{"pref":"広島県","city":"安芸郡坂町","town":"横浜東"}],"4323":[{"pref":"広島県","city":"安芸郡坂町","town":"横浜中央"}],"4324":[{"pref":"広島県","city":"安芸郡坂町","town":"横浜西"}],"4325":[{"pref":"広島県","city":"安芸郡坂町","town":"鯛尾"}],"4331":[{"pref":"広島県","city":"安芸郡坂町","town":"小屋浦"}],"5100":[{"pref":"広島県","city":"広島市佐伯区","town":"以下に掲載がない場合"}],"5101":[{"pref":"広島県","city":"広島市佐伯区","town":"五月が丘"}],"5102":[{"pref":"広島県","city":"広島市佐伯区","town":"五日市町石内"}],"5103":[{"pref":"広島県","city":"広島市佐伯区","town":"藤の木"}],"5104":[{"pref":"広島県","city":"広島市佐伯区","town":"五日市町上小深川"}],"5105":[{"pref":"広島県","city":"広島市佐伯区","town":"五日市町下小深川"}],"5106":[{"pref":"広島県","city":"広島市佐伯区","town":"利松"}],"5107":[{"pref":"広島県","city":"広島市佐伯区","town":"石内上"}],"5108":[{"pref":"広島県","city":"広島市佐伯区","town":"石内南"}],"5109":[{"pref":"広島県","city":"広島市佐伯区","town":"石内北"}],"5111":[{"pref":"広島県","city":"広島市佐伯区","town":"美鈴が丘東"}],"5112":[{"pref":"広島県","city":"広島市佐伯区","town":"美鈴が丘南"}],"5113":[{"pref":"広島県","city":"広島市佐伯区","town":"美鈴が丘緑"}],"5114":[{"pref":"広島県","city":"広島市佐伯区","town":"美鈴が丘西"}],"5115":[{"pref":"広島県","city":"広島市佐伯区","town":"五日市町中地"},{"pref":"広島県","city":"広島市佐伯区","town":"八幡東"}],"5116":[{"pref":"広島県","city":"広島市佐伯区","town":"五日市町寺田"},{"pref":"広島県","city":"広島市佐伯区","town":"八幡"}],"5117":[{"pref":"広島県","city":"広島市佐伯区","town":"八幡が丘"}],"5121":[{"pref":"広島県","city":"広島市佐伯区","town":"五日市町美鈴園"}],"5122":[{"pref":"広島県","city":"広島市佐伯区","town":"五日市町皆賀"}],"5123":[{"pref":"広島県","city":"広島市佐伯区","town":"五日市町昭和台"}],"5124":[{"pref":"広島県","city":"広島市佐伯区","town":"皆賀"}],"5125":[{"pref":"広島県","city":"広島市佐伯区","town":"五日市駅前"}],"5126":[{"pref":"広島県","city":"広島市佐伯区","town":"新宮苑"}],"5127":[{"pref":"広島県","city":"広島市佐伯区","town":"五日市"}],"5128":[{"pref":"広島県","city":"広島市佐伯区","town":"五日市中央"}],"5131":[{"pref":"広島県","city":"広島市佐伯区","town":"藤垂園"}],"5132":[{"pref":"広島県","city":"広島市佐伯区","town":"吉見園"}],"5133":[{"pref":"広島県","city":"広島市佐伯区","town":"旭園"}],"5134":[{"pref":"広島県","city":"広島市佐伯区","town":"海老山町"}],"5135":[{"pref":"広島県","city":"広島市佐伯区","town":"海老園"}],"5136":[{"pref":"広島県","city":"広島市佐伯区","town":"楽々園"}],"5137":[{"pref":"広島県","city":"広島市佐伯区","town":"美の里"}],"5138":[{"pref":"広島県","city":"広島市佐伯区","town":"海老山南"}],"5141":[{"pref":"広島県","city":"広島市佐伯区","town":"千同"}],"5142":[{"pref":"広島県","city":"広島市佐伯区","town":"坪井"},{"pref":"広島県","city":"広島市佐伯区","town":"坪井町"}],"5143":[{"pref":"広島県","city":"広島市佐伯区","town":"三宅"},{"pref":"広島県","city":"広島市佐伯区","town":"三宅町"}],"5144":[{"pref":"広島県","city":"広島市佐伯区","town":"三筋"}],"5145":[{"pref":"広島県","city":"広島市佐伯区","town":"隅の浜"}],"5146":[{"pref":"広島県","city":"広島市佐伯区","town":"屋代"}],"5147":[{"pref":"広島県","city":"広島市佐伯区","town":"屋代町"}],"5151":[{"pref":"広島県","city":"広島市佐伯区","town":"五日市町上河内"}],"5152":[{"pref":"広島県","city":"広島市佐伯区","town":"五日市町下河内"}],"5153":[{"pref":"広島県","city":"広島市佐伯区","town":"河内南"}],"5154":[{"pref":"広島県","city":"広島市佐伯区","town":"薬師が丘"}],"5155":[{"pref":"広島県","city":"広島市佐伯区","town":"城山"}],"5156":[{"pref":"広島県","city":"広島市佐伯区","town":"倉重"}],"5157":[{"pref":"広島県","city":"広島市佐伯区","town":"観音台"}],"5161":[{"pref":"広島県","city":"広島市佐伯区","town":"五日市港"}],"5162":[{"pref":"広島県","city":"広島市佐伯区","town":"石内東"}],"0100":[{"pref":"広島県","city":"広島市安佐南区","town":"以下に掲載がない場合"}],"0141":[{"pref":"広島県","city":"広島市安佐南区","town":"相田"}],"0126":[{"pref":"広島県","city":"広島市安佐南区","town":"大町"}],"0124":[{"pref":"広島県","city":"広島市安佐南区","town":"大町東"}],"0125":[{"pref":"広島県","city":"広島市安佐南区","town":"大町西"}],"0154":[{"pref":"広島県","city":"広島市安佐南区","town":"上安"},{"pref":"広島県","city":"広島市安佐南区","town":"上安町"}],"0102":[{"pref":"広島県","city":"広島市安佐南区","town":"川内"}],"0138":[{"pref":"広島県","city":"広島市安佐南区","town":"祇園"}],"0142":[{"pref":"広島県","city":"広島市安佐南区","town":"高取南"},{"pref":"広島県","city":"広島市安佐南区","town":"高取南町"}],"0144":[{"pref":"広島県","city":"広島市安佐南区","town":"高取北"}],"0143":[{"pref":"広島県","city":"広島市安佐南区","town":"長楽寺"},{"pref":"広島県","city":"広島市安佐南区","town":"長楽寺町"}],"0121":[{"pref":"広島県","city":"広島市安佐南区","town":"中須"}],"0122":[{"pref":"広島県","city":"広島市安佐南区","town":"中筋"}],"0135":[{"pref":"広島県","city":"広島市安佐南区","town":"長束"}],"0136":[{"pref":"広島県","city":"広島市安佐南区","town":"長束西"}],"0113":[{"pref":"広島県","city":"広島市安佐南区","town":"西原"}],"0111":[{"pref":"広島県","city":"広島市安佐南区","town":"東野"}],"0112":[{"pref":"広島県","city":"広島市安佐南区","town":"東原"}],"0152":[{"pref":"広島県","city":"広島市安佐南区","town":"毘沙門台"}],"0151":[{"pref":"広島県","city":"広島市安佐南区","town":"毘沙門台東"}],"0123":[{"pref":"広島県","city":"広島市安佐南区","town":"古市"}],"0103":[{"pref":"広島県","city":"広島市安佐南区","town":"緑井"}],"0101":[{"pref":"広島県","city":"広島市安佐南区","town":"八木"},{"pref":"広島県","city":"広島市安佐南区","town":"八木町"}],"0153":[{"pref":"広島県","city":"広島市安佐南区","town":"安東"}],"0137":[{"pref":"広島県","city":"広島市安佐南区","town":"山本"},{"pref":"広島県","city":"広島市安佐南区","town":"山本町"}],"0139":[{"pref":"広島県","city":"広島市安佐南区","town":"山本新町"}],"0201":[{"pref":"広島県","city":"広島市安佐北区","town":"大林"}],"0202":[{"pref":"広島県","city":"広島市安佐北区","town":"大林町"}],"0221":[{"pref":"広島県","city":"広島市安佐北区","town":"可部"}],"0236":[{"pref":"広島県","city":"広島市安佐北区","town":"可部町綾ケ谷"}],"0234":[{"pref":"広島県","city":"広島市安佐北区","town":"可部町今井田"}],"0225":[{"pref":"広島県","city":"広島市安佐北区","town":"可部町上原"}],"0235":[{"pref":"広島県","city":"広島市安佐北区","town":"可部町勝木"}],"0216":[{"pref":"広島県","city":"広島市安佐北区","town":"可部町上町屋"}],"0217":[{"pref":"広島県","city":"広島市安佐北区","town":"可部町下町屋"}],"0214":[{"pref":"広島県","city":"広島市安佐北区","town":"可部町桐原"}],"0224":[{"pref":"広島県","city":"広島市安佐北区","town":"可部町中島"}],"0215":[{"pref":"広島県","city":"広島市安佐北区","town":"可部町南原"}],"0222":[{"pref":"広島県","city":"広島市安佐北区","town":"可部東"}],"0223":[{"pref":"広島県","city":"広島市安佐北区","town":"可部南"}],"0231":[{"pref":"広島県","city":"広島市安佐北区","town":"亀山"}],"0233":[{"pref":"広島県","city":"広島市安佐北区","town":"亀山西"}],"0232":[{"pref":"広島県","city":"広島市安佐北区","town":"亀山南"}],"0211":[{"pref":"広島県","city":"広島市安佐北区","town":"三入"}],"0212":[{"pref":"広島県","city":"広島市安佐北区","town":"三入東"}],"0213":[{"pref":"広島県","city":"広島市安佐北区","town":"三入南"}],"0500":[{"pref":"広島県","city":"安芸高田市","town":"以下に掲載がない場合"}],"0703":[{"pref":"広島県","city":"安芸高田市","town":"美土里町生田"}],"0701":[{"pref":"広島県","city":"安芸高田市","town":"美土里町北"}],"0702":[{"pref":"広島県","city":"安芸高田市","town":"美土里町桑田"}],"0612":[{"pref":"広島県","city":"安芸高田市","town":"美土里町本郷"}],"0611":[{"pref":"広島県","city":"安芸高田市","town":"美土里町横田"}],"0302":[{"pref":"広島県","city":"安芸高田市","town":"八千代町勝田"}],"0305":[{"pref":"広島県","city":"安芸高田市","town":"八千代町上根"}],"0303":[{"pref":"広島県","city":"安芸高田市","town":"八千代町佐々井"}],"0304":[{"pref":"広島県","city":"安芸高田市","town":"八千代町下根"}],"0301":[{"pref":"広島県","city":"安芸高田市","town":"八千代町土師"}],"0306":[{"pref":"広島県","city":"安芸高田市","town":"八千代町向山"}],"0542":[{"pref":"広島県","city":"安芸高田市","town":"吉田町相合"}],"0512":[{"pref":"広島県","city":"安芸高田市","town":"吉田町小山"}],"0534":[{"pref":"広島県","city":"安芸高田市","town":"吉田町桂"}],"0532":[{"pref":"広島県","city":"安芸高田市","town":"吉田町上入江"}],"0524":[{"pref":"広島県","city":"安芸高田市","town":"吉田町川本"}],"0502":[{"pref":"広島県","city":"安芸高田市","town":"吉田町国司"}],"0535":[{"pref":"広島県","city":"安芸高田市","town":"吉田町高野"}],"0531":[{"pref":"広島県","city":"安芸高田市","town":"吉田町下入江"}],"0522":[{"pref":"広島県","city":"安芸高田市","town":"吉田町常楽寺"}],"0511":[{"pref":"広島県","city":"安芸高田市","town":"吉田町竹原"}],"0544":[{"pref":"広島県","city":"安芸高田市","town":"吉田町多治比"}],"0525":[{"pref":"広島県","city":"安芸高田市","town":"吉田町中馬"}],"0521":[{"pref":"広島県","city":"安芸高田市","town":"吉田町常友"}],"0533":[{"pref":"広島県","city":"安芸高田市","town":"吉田町長屋"}],"0543":[{"pref":"広島県","city":"安芸高田市","town":"吉田町西浦"}],"0513":[{"pref":"広島県","city":"安芸高田市","town":"吉田町福原"}],"0523":[{"pref":"広島県","city":"安芸高田市","town":"吉田町山手"}],"0541":[{"pref":"広島県","city":"安芸高田市","town":"吉田町山部"}],"0501":[{"pref":"広島県","city":"安芸高田市","town":"吉田町吉田"}]}