{"0000":[{"pref":"岩手県","city":"花巻市","town":"以下に掲載がない場合"}],"0067":[{"pref":"岩手県","city":"花巻市","town":"浅沢"}],"0088":[{"pref":"岩手県","city":"花巻市","town":"東町"}],"0071":[{"pref":"岩手県","city":"花巻市","town":"愛宕町"}],"0095":[{"pref":"岩手県","city":"花巻市","town":"石神町"}],"0058":[{"pref":"岩手県","city":"花巻市","town":"一本杉"}],"0042":[{"pref":"岩手県","city":"花巻市","town":"円万寺"}],"0322":[{"pref":"岩手県","city":"花巻市","town":"狼沢"}],"0037":[{"pref":"岩手県","city":"花巻市","town":"太田"}],"0092":[{"pref":"岩手県","city":"花巻市","town":"大通り"}],"0303":[{"pref":"岩手県","city":"花巻市","town":"大畑"}],"0026":[{"pref":"岩手県","city":"花巻市","town":"大谷地"}],"0082":[{"pref":"岩手県","city":"花巻市","town":"御田屋町"}],"0311":[{"pref":"岩手県","city":"花巻市","town":"卸町"}],"0086":[{"pref":"岩手県","city":"花巻市","town":"鍛治町"}],"0075":[{"pref":"岩手県","city":"花巻市","town":"花城町"}],"0321":[{"pref":"岩手県","city":"花巻市","town":"金矢"}],"0056":[{"pref":"岩手県","city":"花巻市","town":"上北万丁目"}],"0062":[{"pref":"岩手県","city":"花巻市","town":"上小舟渡"}],"0032":[{"pref":"岩手県","city":"花巻市","town":"上諏訪"}],"0087":[{"pref":"岩手県","city":"花巻市","town":"上町"}],"0007":[{"pref":"岩手県","city":"花巻市","town":"上似内"}],"0043":[{"pref":"岩手県","city":"花巻市","town":"上根子"}],"0132":[{"pref":"岩手県","city":"花巻市","town":"北笹間"}],"0301":[{"pref":"岩手県","city":"花巻市","town":"北湯口"}],"0008":[{"pref":"岩手県","city":"花巻市","town":"空港南"}],"0004":[{"pref":"岩手県","city":"花巻市","town":"葛"}],"0253":[{"pref":"岩手県","city":"花巻市","town":"下シ沢"}],"0323":[{"pref":"岩手県","city":"花巻市","town":"椚ノ目"}],"0013":[{"pref":"岩手県","city":"花巻市","town":"幸田"}],"0012":[{"pref":"岩手県","city":"花巻市","town":"胡四王"}],"0324":[{"pref":"岩手県","city":"花巻市","town":"小瀬川"}],"0098":[{"pref":"岩手県","city":"花巻市","town":"材木町"}],"0074":[{"pref":"岩手県","city":"花巻市","town":"坂本町"}],"0094":[{"pref":"岩手県","city":"花巻市","town":"桜木町"}],"0064":[{"pref":"岩手県","city":"花巻市","town":"桜台"}],"0084":[{"pref":"岩手県","city":"花巻市","town":"桜町"}],"0081":[{"pref":"岩手県","city":"花巻市","town":"里川口町"}],"0068":[{"pref":"岩手県","city":"花巻市","town":"下幅"}],"0035":[{"pref":"岩手県","city":"花巻市","town":"実相寺"}],"0054":[{"pref":"岩手県","city":"花巻市","town":"下北万丁目"}],"0063":[{"pref":"岩手県","city":"花巻市","town":"下小舟渡"}],"0006":[{"pref":"岩手県","city":"花巻市","town":"下似内"}],"0025":[{"pref":"岩手県","city":"花巻市","town":"下根子"}],"0022":[{"pref":"岩手県","city":"花巻市","town":"十二丁目"}],"0076":[{"pref":"岩手県","city":"花巻市","town":"城内"}],"0137":[{"pref":"岩手県","city":"花巻市","town":"尻平川"}],"0057":[{"pref":"岩手県","city":"花巻市","town":"新田"}],"0079":[{"pref":"岩手県","city":"花巻市","town":"末広町"}],"0033":[{"pref":"岩手県","city":"花巻市","town":"諏訪"}],"0039":[{"pref":"岩手県","city":"花巻市","town":"諏訪町"}],"0305":[{"pref":"岩手県","city":"花巻市","town":"台"}],"0016":[{"pref":"岩手県","city":"花巻市","town":"高木"}],"0083":[{"pref":"岩手県","city":"花巻市","town":"高田"}],"0014":[{"pref":"岩手県","city":"花巻市","town":"高松"}],"0005":[{"pref":"岩手県","city":"花巻市","town":"田力"}],"0001":[{"pref":"岩手県","city":"花巻市","town":"天下田"}],"0135":[{"pref":"岩手県","city":"花巻市","town":"栃内"}],"0131":[{"pref":"岩手県","city":"花巻市","town":"轟木"}],"0251":[{"pref":"岩手県","city":"花巻市","town":"豊沢"}],"0089":[{"pref":"岩手県","city":"花巻市","town":"豊沢町"}],"0053":[{"pref":"岩手県","city":"花巻市","town":"中北万丁目"}],"0133":[{"pref":"岩手県","city":"花巻市","town":"中笹間"}],"0036":[{"pref":"岩手県","city":"花巻市","town":"中根子"}],"0077":[{"pref":"岩手県","city":"花巻市","town":"仲町"}],"0046":[{"pref":"岩手県","city":"花巻市","town":"鍋倉"}],"0252":[{"pref":"岩手県","city":"花巻市","town":"鉛"}],"0023":[{"pref":"岩手県","city":"花巻市","town":"成田"}],"0021":[{"pref":"岩手県","city":"花巻市","town":"南城"}],"0091":[{"pref":"岩手県","city":"花巻市","town":"西大通り"}],"0045":[{"pref":"岩手県","city":"花巻市","town":"西晴山"}],"0002":[{"pref":"岩手県","city":"花巻市","town":"西宮野目"}],"0312":[{"pref":"岩手県","city":"花巻市","town":"二枚橋"}],"0314":[{"pref":"岩手県","city":"花巻市","town":"二枚橋町大通り"}],"0315":[{"pref":"岩手県","city":"花巻市","town":"二枚橋町南"}],"0313":[{"pref":"岩手県","city":"花巻市","town":"二枚橋町北"}],"0302":[{"pref":"岩手県","city":"花巻市","town":"糠塚"}],"0052":[{"pref":"岩手県","city":"花巻市","town":"野田"}],"0015":[{"pref":"岩手県","city":"花巻市","town":"東十二丁目"}],"0003":[{"pref":"岩手県","city":"花巻市","town":"東宮野目"}],"0041":[{"pref":"岩手県","city":"花巻市","town":"膝立"}],"0073":[{"pref":"岩手県","city":"花巻市","town":"一日市"}],"0096":[{"pref":"岩手県","city":"花巻市","town":"藤沢町"}],"0085":[{"pref":"岩手県","city":"花巻市","town":"双葉町"}],"0078":[{"pref":"岩手県","city":"花巻市","town":"吹張町"}],"0031":[{"pref":"岩手県","city":"花巻市","town":"不動"}],"0038":[{"pref":"岩手県","city":"花巻市","town":"不動町"}],"0065":[{"pref":"岩手県","city":"花巻市","town":"星が丘"}],"0066":[{"pref":"岩手県","city":"花巻市","town":"松園町"}],"0093":[{"pref":"岩手県","city":"花巻市","town":"南川原町"}],"0134":[{"pref":"岩手県","city":"花巻市","town":"南笹間"}],"0051":[{"pref":"岩手県","city":"花巻市","town":"南新田"}],"0034":[{"pref":"岩手県","city":"花巻市","town":"南諏訪町"}],"0055":[{"pref":"岩手県","city":"花巻市","town":"南万丁目"}],"0061":[{"pref":"岩手県","city":"花巻市","town":"本館"}],"0011":[{"pref":"岩手県","city":"花巻市","town":"矢沢"}],"0024":[{"pref":"岩手県","city":"花巻市","town":"山の神"}],"0044":[{"pref":"岩手県","city":"花巻市","town":"湯口（石川原、田屋、二ツ堰、的場）"}],"0244":[{"pref":"岩手県","city":"花巻市","town":"湯口（その他）"}],"0304":[{"pref":"岩手県","city":"花巻市","town":"湯本"}],"0136":[{"pref":"岩手県","city":"花巻市","town":"横志田"}],"0072":[{"pref":"岩手県","city":"花巻市","town":"四日町"}],"0097":[{"pref":"岩手県","city":"花巻市","town":"若葉町"}]}