{"0111":[{"pref":"兵庫県","city":"神戸市東灘区","town":"本山町森（７４８－１番地）"}],"0000":[{"pref":"兵庫県","city":"神戸市灘区","town":"以下に掲載がない場合"}],"0805":[{"pref":"兵庫県","city":"神戸市灘区","town":"青谷町"}],"0821":[{"pref":"兵庫県","city":"神戸市灘区","town":"赤坂通"}],"0061":[{"pref":"兵庫県","city":"神戸市灘区","town":"赤松町"}],"0823":[{"pref":"兵庫県","city":"神戸市灘区","town":"天城通"}],"0834":[{"pref":"兵庫県","city":"神戸市灘区","town":"泉通"}],"0012":[{"pref":"兵庫県","city":"神戸市灘区","town":"一王山町"}],"0803":[{"pref":"兵庫県","city":"神戸市灘区","town":"岩屋"}],"0846":[{"pref":"兵庫県","city":"神戸市灘区","town":"岩屋北町"}],"0845":[{"pref":"兵庫県","city":"神戸市灘区","town":"岩屋中町"}],"0856":[{"pref":"兵庫県","city":"神戸市灘区","town":"岩屋南町"}],"0103":[{"pref":"兵庫県","city":"神戸市灘区","town":"上野（小ヤバ三ノ休原）"}],"0817":[{"pref":"兵庫県","city":"神戸市灘区","town":"上野通"}],"0042":[{"pref":"兵庫県","city":"神戸市灘区","town":"烏帽子町"}],"0838":[{"pref":"兵庫県","city":"神戸市灘区","town":"王子町"}],"0843":[{"pref":"兵庫県","city":"神戸市灘区","town":"大石北町"}],"0043":[{"pref":"兵庫県","city":"神戸市灘区","town":"大石東町"}],"0852":[{"pref":"兵庫県","city":"神戸市灘区","town":"大石南町"}],"0833":[{"pref":"兵庫県","city":"神戸市灘区","town":"大内通"}],"0017":[{"pref":"兵庫県","city":"神戸市灘区","town":"大月台"}],"0014":[{"pref":"兵庫県","city":"神戸市灘区","town":"大土平町"}],"0055":[{"pref":"兵庫県","city":"神戸市灘区","town":"上河原通"}],"0057":[{"pref":"兵庫県","city":"神戸市灘区","town":"神ノ木通"}],"0052":[{"pref":"兵庫県","city":"神戸市灘区","town":"神前町"}],"0832":[{"pref":"兵庫県","city":"神戸市灘区","town":"岸地通"}],"0034":[{"pref":"兵庫県","city":"神戸市灘区","town":"記田町"}],"0024":[{"pref":"兵庫県","city":"神戸市灘区","town":"楠丘町"}],"0816":[{"pref":"兵庫県","city":"神戸市灘区","town":"国玉通"}],"0826":[{"pref":"兵庫県","city":"神戸市灘区","town":"倉石通"}],"0025":[{"pref":"兵庫県","city":"神戸市灘区","town":"高徳町"}],"0801":[{"pref":"兵庫県","city":"神戸市灘区","town":"五毛"}],"0814":[{"pref":"兵庫県","city":"神戸市灘区","town":"五毛通"}],"0021":[{"pref":"兵庫県","city":"神戸市灘区","town":"桜ケ丘町"}],"0036":[{"pref":"兵庫県","city":"神戸市灘区","town":"桜口町"}],"0044":[{"pref":"兵庫県","city":"神戸市灘区","town":"鹿ノ下通"}],"0015":[{"pref":"兵庫県","city":"神戸市灘区","town":"篠原伯母野山町"}],"0068":[{"pref":"兵庫県","city":"神戸市灘区","town":"篠原北町"}],"0016":[{"pref":"兵庫県","city":"神戸市灘区","town":"篠原台"}],"0066":[{"pref":"兵庫県","city":"神戸市灘区","town":"篠原中町"}],"0067":[{"pref":"兵庫県","city":"神戸市灘区","town":"篠原本町"}],"0059":[{"pref":"兵庫県","city":"神戸市灘区","town":"篠原南町"}],"0002":[{"pref":"兵庫県","city":"神戸市灘区","town":"篠原（その他）"}],"0045":[{"pref":"兵庫県","city":"神戸市灘区","town":"下河原通"}],"0058":[{"pref":"兵庫県","city":"神戸市灘区","town":"将軍通"}],"0836":[{"pref":"兵庫県","city":"神戸市灘区","town":"城内通"}],"0804":[{"pref":"兵庫県","city":"神戸市灘区","town":"城の下通"}],"0864":[{"pref":"兵庫県","city":"神戸市灘区","town":"新在家南町"}],"0861":[{"pref":"兵庫県","city":"神戸市灘区","town":"新在家北町"}],"0018":[{"pref":"兵庫県","city":"神戸市灘区","town":"水車新田"}],"0831":[{"pref":"兵庫県","city":"神戸市灘区","town":"水道筋"}],"0056":[{"pref":"兵庫県","city":"神戸市灘区","town":"千旦通"}],"0063":[{"pref":"兵庫県","city":"神戸市灘区","town":"曾和町"}],"0813":[{"pref":"兵庫県","city":"神戸市灘区","town":"高尾通"}],"0001":[{"pref":"兵庫県","city":"神戸市灘区","town":"高羽"}],"0023":[{"pref":"兵庫県","city":"神戸市灘区","town":"高羽町"}],"0022":[{"pref":"兵庫県","city":"神戸市灘区","town":"土山町"}],"0011":[{"pref":"兵庫県","city":"神戸市灘区","town":"鶴甲"}],"0062":[{"pref":"兵庫県","city":"神戸市灘区","town":"寺口町"}],"0033":[{"pref":"兵庫県","city":"神戸市灘区","town":"徳井町"}],"0035":[{"pref":"兵庫県","city":"神戸市灘区","town":"友田町"}],"0032":[{"pref":"兵庫県","city":"神戸市灘区","town":"中郷町"}],"0825":[{"pref":"兵庫県","city":"神戸市灘区","town":"中原通"}],"0027":[{"pref":"兵庫県","city":"神戸市灘区","town":"永手町"}],"0811":[{"pref":"兵庫県","city":"神戸市灘区","town":"長峰台"}],"0835":[{"pref":"兵庫県","city":"神戸市灘区","town":"灘北通"}],"0853":[{"pref":"兵庫県","city":"神戸市灘区","town":"灘浜町"}],"0863":[{"pref":"兵庫県","city":"神戸市灘区","town":"灘浜東町"}],"0841":[{"pref":"兵庫県","city":"神戸市灘区","town":"灘南通"}],"0102":[{"pref":"兵庫県","city":"神戸市灘区","town":"畑原（ノタ山）"}],"0822":[{"pref":"兵庫県","city":"神戸市灘区","town":"畑原通"}],"0862":[{"pref":"兵庫県","city":"神戸市灘区","town":"浜田町"}],"0802":[{"pref":"兵庫県","city":"神戸市灘区","town":"原田"}],"0837":[{"pref":"兵庫県","city":"神戸市灘区","town":"原田通"}],"0054":[{"pref":"兵庫県","city":"神戸市灘区","town":"稗原町"}],"0029":[{"pref":"兵庫県","city":"神戸市灘区","town":"日尾町"}],"0041":[{"pref":"兵庫県","city":"神戸市灘区","town":"琵琶町"}],"0037":[{"pref":"兵庫県","city":"神戸市灘区","town":"備後町"}],"0038":[{"pref":"兵庫県","city":"神戸市灘区","town":"深田町"}],"0824":[{"pref":"兵庫県","city":"神戸市灘区","town":"福住通"}],"0842":[{"pref":"兵庫県","city":"神戸市灘区","town":"船寺通"}],"0855":[{"pref":"兵庫県","city":"神戸市灘区","town":"摩耶海岸通"}],"0104":[{"pref":"兵庫県","city":"神戸市灘区","town":"摩耶山"}],"0105":[{"pref":"兵庫県","city":"神戸市灘区","town":"摩耶山町"}],"0854":[{"pref":"兵庫県","city":"神戸市灘区","town":"摩耶埠頭"}],"0851":[{"pref":"兵庫県","city":"神戸市灘区","town":"味泥町"}],"0812":[{"pref":"兵庫県","city":"神戸市灘区","town":"箕岡通"}],"0844":[{"pref":"兵庫県","city":"神戸市灘区","town":"都通"}],"0065":[{"pref":"兵庫県","city":"神戸市灘区","town":"宮山町"}],"0028":[{"pref":"兵庫県","city":"神戸市灘区","town":"森後町"}],"0815":[{"pref":"兵庫県","city":"神戸市灘区","town":"薬師通"}],"0051":[{"pref":"兵庫県","city":"神戸市灘区","town":"八幡町"}],"0064":[{"pref":"兵庫県","city":"神戸市灘区","town":"山田町"}],"0031":[{"pref":"兵庫県","city":"神戸市灘区","town":"大和町"}],"0026":[{"pref":"兵庫県","city":"神戸市灘区","town":"弓木町"}],"0101":[{"pref":"兵庫県","city":"神戸市灘区","town":"六甲山町"}],"0013":[{"pref":"兵庫県","city":"神戸市灘区","town":"六甲台町"}],"0053":[{"pref":"兵庫県","city":"神戸市灘区","town":"六甲町"}]}