{"0000":[{"pref":"長野県","city":"佐久市","town":"以下に掲載がない場合"}],"0054":[{"pref":"長野県","city":"佐久市","town":"跡部"}],"0007":[{"pref":"長野県","city":"佐久市","town":"新子田"}],"0015":[{"pref":"長野県","city":"佐久市","town":"今井"}],"0022":[{"pref":"長野県","city":"佐久市","town":"岩村田"}],"0023":[{"pref":"長野県","city":"佐久市","town":"岩村田北"}],"0031":[{"pref":"長野県","city":"佐久市","town":"内山"}],"0045":[{"pref":"長野県","city":"佐久市","town":"大沢"}],"0033":[{"pref":"長野県","city":"佐久市","town":"太田部"}],"0009":[{"pref":"長野県","city":"佐久市","town":"小田井"}],"0041":[{"pref":"長野県","city":"佐久市","town":"鍛冶屋"}],"0002":[{"pref":"長野県","city":"佐久市","town":"上平尾"}],"0005":[{"pref":"長野県","city":"佐久市","town":"香坂"}],"0047":[{"pref":"長野県","city":"佐久市","town":"小宮山"}],"0028":[{"pref":"長野県","city":"佐久市","town":"佐久平駅東"}],"0029":[{"pref":"長野県","city":"佐久市","town":"佐久平駅南"}],"0027":[{"pref":"長野県","city":"佐久市","town":"佐久平駅北"}],"0056":[{"pref":"長野県","city":"佐久市","town":"桜井"}],"0011":[{"pref":"長野県","city":"佐久市","town":"猿久保"}],"0006":[{"pref":"長野県","city":"佐久市","town":"志賀"}],"0003":[{"pref":"長野県","city":"佐久市","town":"下平尾"}],"0035":[{"pref":"長野県","city":"佐久市","town":"瀬戸"}],"0042":[{"pref":"長野県","city":"佐久市","town":"高柳"}],"0025":[{"pref":"長野県","city":"佐久市","town":"塚原"}],"0026":[{"pref":"長野県","city":"佐久市","town":"常田"}],"0032":[{"pref":"長野県","city":"佐久市","town":"常和"}],"0061":[{"pref":"長野県","city":"佐久市","town":"伴野"}],"0043":[{"pref":"長野県","city":"佐久市","town":"取出町"}],"0051":[{"pref":"長野県","city":"佐久市","town":"中込"}],"0021":[{"pref":"長野県","city":"佐久市","town":"長土呂"}],"0016":[{"pref":"長野県","city":"佐久市","town":"鳴瀬"}],"0062":[{"pref":"長野県","city":"佐久市","town":"根岸"}],"0012":[{"pref":"長野県","city":"佐久市","town":"根々井"}],"0053":[{"pref":"長野県","city":"佐久市","town":"野沢"}],"0052":[{"pref":"長野県","city":"佐久市","town":"原"}],"0063":[{"pref":"長野県","city":"佐久市","town":"東立科"}],"0034":[{"pref":"長野県","city":"佐久市","town":"平賀"}],"0024":[{"pref":"長野県","city":"佐久市","town":"平塚"}],"0044":[{"pref":"長野県","city":"佐久市","town":"本新町"}],"0046":[{"pref":"長野県","city":"佐久市","town":"前山"}],"0014":[{"pref":"長野県","city":"佐久市","town":"三河田"}],"0055":[{"pref":"長野県","city":"佐久市","town":"三塚"}],"0004":[{"pref":"長野県","city":"佐久市","town":"安原"}],"0001":[{"pref":"長野県","city":"佐久市","town":"横根"}],"0013":[{"pref":"長野県","city":"佐久市","town":"横和"}]}