{"1101":[{"pref":"栃木県","city":"日光市","town":"明神"}],"1102":[{"pref":"栃木県","city":"日光市","town":"板橋"}],"1103":[{"pref":"栃木県","city":"日光市","town":"手岡"}],"1104":[{"pref":"栃木県","city":"日光市","town":"岩崎"}],"1105":[{"pref":"栃木県","city":"日光市","town":"文挾町"}],"1106":[{"pref":"栃木県","city":"日光市","town":"小倉"}],"1107":[{"pref":"栃木県","city":"日光市","town":"小代"}],"1108":[{"pref":"栃木県","city":"日光市","town":"長畑"}],"1111":[{"pref":"栃木県","city":"鹿沼市","town":"板荷"}],"1200":[{"pref":"栃木県","city":"日光市","town":"以下に掲載がない場合"}],"1261":[{"pref":"栃木県","city":"日光市","town":"今市"}],"1262":[{"pref":"栃木県","city":"日光市","town":"平ケ崎"}],"1263":[{"pref":"栃木県","city":"日光市","town":"瀬川"}],"1264":[{"pref":"栃木県","city":"日光市","town":"瀬尾"}],"1265":[{"pref":"栃木県","city":"日光市","town":"小百（その他）"}],"1266":[{"pref":"栃木県","city":"日光市","town":"中央町"}],"1271":[{"pref":"栃木県","city":"日光市","town":"並木町"}],"1272":[{"pref":"栃木県","city":"日光市","town":"今市本町"}],"1273":[{"pref":"栃木県","city":"日光市","town":"吉沢"}],"1274":[{"pref":"栃木県","city":"日光市","town":"土沢"}],"1275":[{"pref":"栃木県","city":"日光市","town":"室瀬"}],"1276":[{"pref":"栃木県","city":"日光市","town":"下の内"}],"1277":[{"pref":"栃木県","city":"日光市","town":"千本木"}],"1351":[{"pref":"栃木県","city":"日光市","town":"東小来川"}],"1352":[{"pref":"栃木県","city":"日光市","town":"宮小来川"}],"1353":[{"pref":"栃木県","city":"日光市","town":"南小来川"}],"1354":[{"pref":"栃木県","city":"日光市","town":"中小来川"}],"1355":[{"pref":"栃木県","city":"日光市","town":"西小来川"}],"1356":[{"pref":"栃木県","city":"日光市","town":"滝ケ原"}],"1401":[{"pref":"栃木県","city":"日光市","town":"上鉢石町"}],"1402":[{"pref":"栃木県","city":"日光市","town":"中鉢石町"}],"1403":[{"pref":"栃木県","city":"日光市","town":"下鉢石町"}],"1404":[{"pref":"栃木県","city":"日光市","town":"御幸町"}],"1405":[{"pref":"栃木県","city":"日光市","town":"石屋町"}],"1406":[{"pref":"栃木県","city":"日光市","town":"松原町"}],"1407":[{"pref":"栃木県","city":"日光市","town":"若杉町"}],"1411":[{"pref":"栃木県","city":"日光市","town":"稲荷町"}],"1412":[{"pref":"栃木県","city":"日光市","town":"東和町"}],"1413":[{"pref":"栃木県","city":"日光市","town":"相生町"}],"1414":[{"pref":"栃木県","city":"日光市","town":"萩垣面"}],"1415":[{"pref":"栃木県","city":"日光市","town":"日光"}],"1421":[{"pref":"栃木県","city":"日光市","town":"所野"}],"1422":[{"pref":"栃木県","city":"日光市","town":"宝殿"}],"1423":[{"pref":"栃木県","city":"日光市","town":"七里"}],"1424":[{"pref":"栃木県","city":"日光市","town":"野口"}],"1425":[{"pref":"栃木県","city":"日光市","town":"和泉"}],"1426":[{"pref":"栃木県","city":"日光市","town":"山久保"}],"1431":[{"pref":"栃木県","city":"日光市","town":"山内"}],"1432":[{"pref":"栃木県","city":"日光市","town":"安川町"}],"1433":[{"pref":"栃木県","city":"日光市","town":"匠町"}],"1434":[{"pref":"栃木県","city":"日光市","town":"本町"}],"1435":[{"pref":"栃木県","city":"日光市","town":"花石町"}],"1436":[{"pref":"栃木県","city":"日光市","town":"久次良町"}],"1441":[{"pref":"栃木県","city":"日光市","town":"清滝安良沢町"}],"1442":[{"pref":"栃木県","city":"日光市","town":"清滝丹勢町"}],"1443":[{"pref":"栃木県","city":"日光市","town":"清滝桜ケ丘町"}],"1444":[{"pref":"栃木県","city":"日光市","town":"清滝"}],"1445":[{"pref":"栃木県","city":"日光市","town":"細尾町"}],"1446":[{"pref":"栃木県","city":"日光市","town":"清滝中安戸町"}],"1447":[{"pref":"栃木県","city":"日光市","town":"清滝和の代町"}],"1448":[{"pref":"栃木県","city":"日光市","town":"清滝新細尾町"}],"1449":[{"pref":"栃木県","city":"日光市","town":"丹勢"}],"1501":[{"pref":"栃木県","city":"日光市","town":"足尾町愛宕下"}],"1502":[{"pref":"栃木県","city":"日光市","town":"足尾町赤倉"}],"1503":[{"pref":"栃木県","city":"日光市","town":"足尾町深沢"}],"1504":[{"pref":"栃木県","city":"日光市","town":"足尾町上間藤"}],"1505":[{"pref":"栃木県","city":"日光市","town":"足尾町上の平"}],"1506":[{"pref":"栃木県","city":"日光市","town":"足尾町下間藤"}],"1507":[{"pref":"栃木県","city":"日光市","town":"足尾町南橋"}],"1508":[{"pref":"栃木県","city":"日光市","town":"足尾町本山"}],"1511":[{"pref":"栃木県","city":"日光市","town":"足尾町"}],"1512":[{"pref":"栃木県","city":"日光市","town":"足尾町掛水"}],"1513":[{"pref":"栃木県","city":"日光市","town":"足尾町向原"}],"1514":[{"pref":"栃木県","city":"日光市","town":"足尾町通洞"}],"1515":[{"pref":"栃木県","city":"日光市","town":"足尾町砂畑"}],"1521":[{"pref":"栃木県","city":"日光市","town":"足尾町遠下"}],"1522":[{"pref":"栃木県","city":"日光市","town":"足尾町中才"}],"1523":[{"pref":"栃木県","city":"日光市","town":"足尾町松原"}],"1524":[{"pref":"栃木県","city":"日光市","town":"足尾町赤沢"}],"1661":[{"pref":"栃木県","city":"日光市","town":"中宮祠"}],"1662":[{"pref":"栃木県","city":"日光市","town":"湯元"}],"2101":[{"pref":"栃木県","city":"宇都宮市","town":"飯山町"}],"2102":[{"pref":"栃木県","city":"宇都宮市","town":"篠井町"}],"2103":[{"pref":"栃木県","city":"宇都宮市","town":"石那田町"}],"2104":[{"pref":"栃木県","city":"宇都宮市","town":"上小池町"}],"2105":[{"pref":"栃木県","city":"宇都宮市","town":"下小池町"}],"2111":[{"pref":"栃木県","city":"宇都宮市","town":"大網町"}],"2112":[{"pref":"栃木県","city":"宇都宮市","town":"上横倉町"}],"2113":[{"pref":"栃木県","city":"宇都宮市","town":"下横倉町"}],"2114":[{"pref":"栃木県","city":"宇都宮市","town":"下金井町"}],"2115":[{"pref":"栃木県","city":"宇都宮市","town":"上金井町"}],"2116":[{"pref":"栃木県","city":"宇都宮市","town":"徳次郎町"}],"2117":[{"pref":"栃木県","city":"宇都宮市","town":"岩原町"}],"2118":[{"pref":"栃木県","city":"宇都宮市","town":"新里町"}],"2331":[{"pref":"栃木県","city":"日光市","town":"針貝"}],"2332":[{"pref":"栃木県","city":"日光市","town":"大室"}],"2333":[{"pref":"栃木県","city":"日光市","town":"薄井沢"}],"2334":[{"pref":"栃木県","city":"日光市","town":"水無"}],"2335":[{"pref":"栃木県","city":"日光市","town":"森友"}],"2336":[{"pref":"栃木県","city":"日光市","town":"荊沢"}],"2341":[{"pref":"栃木県","city":"日光市","town":"大沢町"}],"2342":[{"pref":"栃木県","city":"日光市","town":"根室"}],"2343":[{"pref":"栃木県","city":"日光市","town":"山口"}],"2344":[{"pref":"栃木県","city":"日光市","town":"猪倉"}],"2345":[{"pref":"栃木県","city":"日光市","town":"木和田島"}],"2351":[{"pref":"栃木県","city":"日光市","town":"塩野室町"}],"2352":[{"pref":"栃木県","city":"日光市","town":"小林"}],"2353":[{"pref":"栃木県","city":"日光市","town":"沓掛"}],"2354":[{"pref":"栃木県","city":"日光市","town":"嘉多蔵"}],"2355":[{"pref":"栃木県","city":"日光市","town":"沢又"}],"2356":[{"pref":"栃木県","city":"日光市","town":"矢野口"}],"2401":[{"pref":"栃木県","city":"日光市","town":"川室"}],"2402":[{"pref":"栃木県","city":"日光市","town":"大渡"}],"2403":[{"pref":"栃木県","city":"日光市","town":"町谷"}],"2404":[{"pref":"栃木県","city":"日光市","town":"轟"}],"2405":[{"pref":"栃木県","city":"日光市","town":"芹沼"}],"2411":[{"pref":"栃木県","city":"日光市","town":"大桑町"}],"2412":[{"pref":"栃木県","city":"日光市","town":"倉ケ崎"}],"2413":[{"pref":"栃木県","city":"日光市","town":"倉ケ崎新田"}],"2414":[{"pref":"栃木県","city":"日光市","town":"豊田"}],"2421":[{"pref":"栃木県","city":"日光市","town":"栗原"}],"2422":[{"pref":"栃木県","city":"日光市","town":"高柴"}],"2423":[{"pref":"栃木県","city":"日光市","town":"原宿"}],"2424":[{"pref":"栃木県","city":"日光市","town":"小百（鳥屋下）"}],"2425":[{"pref":"栃木県","city":"日光市","town":"小百（楢原）"}],"2426":[{"pref":"栃木県","city":"日光市","town":"小百（筒置）"}],"2427":[{"pref":"栃木県","city":"日光市","town":"佐下部"}],"2501":[{"pref":"栃木県","city":"塩谷郡塩谷町","town":"上寺島（１６５３、１６６１、１６７８、１６９４番地）"}],"2521":[{"pref":"栃木県","city":"日光市","town":"藤原（その他）"}],"2522":[{"pref":"栃木県","city":"日光市","town":"鬼怒川温泉大原"}],"2523":[{"pref":"栃木県","city":"日光市","town":"高徳"}],"2524":[{"pref":"栃木県","city":"日光市","town":"柄倉"}],"2525":[{"pref":"栃木県","city":"日光市","town":"小佐越"}],"2526":[{"pref":"栃木県","city":"日光市","town":"鬼怒川温泉滝"}],"2601":[{"pref":"栃木県","city":"日光市","town":"湯西川"}],"2602":[{"pref":"栃木県","city":"日光市","town":"一ツ石"}],"2603":[{"pref":"栃木県","city":"日光市","town":"西川"}],"2604":[{"pref":"栃木県","city":"日光市","town":"赤下"}],"2611":[{"pref":"栃木県","city":"日光市","town":"川治温泉川治"}],"2612":[{"pref":"栃木県","city":"日光市","town":"川治温泉高原"}],"2613":[{"pref":"栃木県","city":"日光市","town":"藤原（１０４７～１２６８及び下平）"}],"2614":[{"pref":"栃木県","city":"日光市","town":"川治温泉滝"}],"2615":[{"pref":"栃木県","city":"日光市","town":"五十里（東山）"}],"2616":[{"pref":"栃木県","city":"日光市","town":"高原"}],"2711":[{"pref":"栃木県","city":"日光市","town":"日向"}],"2712":[{"pref":"栃木県","city":"日光市","town":"日蔭"}],"2713":[{"pref":"栃木県","city":"日光市","town":"黒部"}],"2714":[{"pref":"栃木県","city":"日光市","town":"土呂部"}],"2715":[{"pref":"栃木県","city":"日光市","town":"上栗山"}],"2716":[{"pref":"栃木県","city":"日光市","town":"野門"}],"2717":[{"pref":"栃木県","city":"日光市","town":"川俣"}],"2718":[{"pref":"栃木県","city":"日光市","town":"若間"}],"2801":[{"pref":"栃木県","city":"日光市","town":"横川"}],"2802":[{"pref":"栃木県","city":"日光市","town":"上三依"}],"2803":[{"pref":"栃木県","city":"日光市","town":"中三依"}],"2804":[{"pref":"栃木県","city":"日光市","town":"芹沢"}],"2805":[{"pref":"栃木県","city":"日光市","town":"独鈷沢"}],"2806":[{"pref":"栃木県","city":"日光市","town":"五十里（その他）"}],"3221":[{"pref":"栃木県","city":"宇都宮市","town":"板戸町"}],"3222":[{"pref":"栃木県","city":"宇都宮市","town":"野高谷町"}],"3223":[{"pref":"栃木県","city":"宇都宮市","town":"清原台"}],"3224":[{"pref":"栃木県","city":"宇都宮市","town":"刈沼町"}],"3225":[{"pref":"栃木県","city":"宇都宮市","town":"満美穴町"}],"3226":[{"pref":"栃木県","city":"宇都宮市","town":"ゆいの杜"}],"3231":[{"pref":"栃木県","city":"宇都宮市","town":"清原工業団地"}],"3232":[{"pref":"栃木県","city":"宇都宮市","town":"氷室町"}],"3233":[{"pref":"栃木県","city":"宇都宮市","town":"上籠谷町"}],"3234":[{"pref":"栃木県","city":"宇都宮市","town":"桑島町"}],"3235":[{"pref":"栃木県","city":"宇都宮市","town":"鐺山町"}],"3236":[{"pref":"栃木県","city":"宇都宮市","town":"竹下町"}],"3237":[{"pref":"栃木県","city":"宇都宮市","town":"道場宿町"}],"3300":[{"pref":"栃木県","city":"芳賀郡芳賀町","town":"以下に掲載がない場合"}],"3301":[{"pref":"栃木県","city":"芳賀郡芳賀町","town":"給部"}],"3302":[{"pref":"栃木県","city":"芳賀郡芳賀町","town":"上稲毛田"}],"3303":[{"pref":"栃木県","city":"芳賀郡芳賀町","town":"稲毛田"}],"3304":[{"pref":"栃木県","city":"芳賀郡芳賀町","town":"祖母井"}],"3305":[{"pref":"栃木県","city":"芳賀郡芳賀町","town":"芳志戸"}],"3306":[{"pref":"栃木県","city":"芳賀郡芳賀町","town":"八ツ木"}],"3307":[{"pref":"栃木県","city":"芳賀郡芳賀町","town":"祖母井南"}],"3311":[{"pref":"栃木県","city":"芳賀郡芳賀町","town":"上延生"}],"3312":[{"pref":"栃木県","city":"芳賀郡芳賀町","town":"下延生"}],"3313":[{"pref":"栃木県","city":"芳賀郡芳賀町","town":"東高橋"}],"3314":[{"pref":"栃木県","city":"芳賀郡芳賀町","town":"打越新田"}],"3315":[{"pref":"栃木県","city":"芳賀郡芳賀町","town":"西高橋"}],"3316":[{"pref":"栃木県","city":"芳賀郡芳賀町","town":"与能"}],"3321":[{"pref":"栃木県","city":"芳賀郡芳賀町","town":"下高根沢"}],"3322":[{"pref":"栃木県","city":"芳賀郡芳賀町","town":"東水沼"}],"3323":[{"pref":"栃木県","city":"芳賀郡芳賀町","town":"北長島"}],"3324":[{"pref":"栃木県","city":"芳賀郡芳賀町","town":"西水沼"}],"3325":[{"pref":"栃木県","city":"芳賀郡芳賀町","town":"芳賀台"}],"3400":[{"pref":"栃木県","city":"芳賀郡市貝町","town":"以下に掲載がない場合"}],"3401":[{"pref":"栃木県","city":"芳賀郡市貝町","town":"竹内"}],"3402":[{"pref":"栃木県","city":"芳賀郡市貝町","town":"見上"}],"3403":[{"pref":"栃木県","city":"芳賀郡市貝町","town":"羽仏"}],"3404":[{"pref":"栃木県","city":"芳賀郡市貝町","town":"続谷"}],"3405":[{"pref":"栃木県","city":"芳賀郡市貝町","town":"大谷津"}],"3406":[{"pref":"栃木県","city":"芳賀郡市貝町","town":"塩田"}],"3411":[{"pref":"栃木県","city":"芳賀郡市貝町","town":"刈生田"}],"3412":[{"pref":"栃木県","city":"芳賀郡市貝町","town":"田野辺"}],"3413":[{"pref":"栃木県","city":"芳賀郡市貝町","town":"文谷"}],"3414":[{"pref":"栃木県","city":"芳賀郡市貝町","town":"椎谷"}],"3415":[{"pref":"栃木県","city":"芳賀郡市貝町","town":"杉山"}],"3421":[{"pref":"栃木県","city":"芳賀郡市貝町","town":"笹原田"}],"3422":[{"pref":"栃木県","city":"芳賀郡市貝町","town":"石下"}],"3423":[{"pref":"栃木県","city":"芳賀郡市貝町","town":"市塙"}],"3424":[{"pref":"栃木県","city":"芳賀郡市貝町","town":"上根"}],"3425":[{"pref":"栃木県","city":"芳賀郡市貝町","town":"多田羅"}],"3426":[{"pref":"栃木県","city":"芳賀郡市貝町","town":"赤羽"}],"3500":[{"pref":"栃木県","city":"芳賀郡茂木町","town":"以下に掲載がない場合"}],"3531":[{"pref":"栃木県","city":"芳賀郡茂木町","town":"茂木"}],"3532":[{"pref":"栃木県","city":"芳賀郡茂木町","town":"三坂"}],"3533":[{"pref":"栃木県","city":"芳賀郡茂木町","town":"桧山（その他）"}],"3534":[{"pref":"栃木県","city":"芳賀郡茂木町","town":"青梅"}],"3535":[{"pref":"栃木県","city":"芳賀郡茂木町","town":"鮎田"}],"3536":[{"pref":"栃木県","city":"芳賀郡茂木町","town":"神井"}],"3541":[{"pref":"栃木県","city":"芳賀郡茂木町","town":"烏生田"}],"3542":[{"pref":"栃木県","city":"芳賀郡茂木町","town":"九石"}],"3543":[{"pref":"栃木県","city":"芳賀郡茂木町","town":"上後郷"}],"3544":[{"pref":"栃木県","city":"芳賀郡茂木町","town":"坂井"}],"3545":[{"pref":"栃木県","city":"芳賀郡茂木町","town":"下菅又"}],"3546":[{"pref":"栃木県","city":"芳賀郡茂木町","town":"上菅又"}],"3547":[{"pref":"栃木県","city":"芳賀郡茂木町","town":"千本"}],"3551":[{"pref":"栃木県","city":"芳賀郡茂木町","town":"生井"}],"3552":[{"pref":"栃木県","city":"芳賀郡茂木町","town":"竹原"}],"3553":[{"pref":"栃木県","city":"芳賀郡茂木町","town":"大畑"}],"3554":[{"pref":"栃木県","city":"芳賀郡茂木町","town":"大瀬"}],"3555":[{"pref":"栃木県","city":"芳賀郡茂木町","town":"所草"}],"3556":[{"pref":"栃木県","city":"芳賀郡茂木町","town":"町田"}],"3557":[{"pref":"栃木県","city":"芳賀郡茂木町","town":"黒田"}],"3561":[{"pref":"栃木県","city":"芳賀郡茂木町","town":"後郷"}],"3562":[{"pref":"栃木県","city":"芳賀郡茂木町","town":"馬門"}],"3563":[{"pref":"栃木県","city":"芳賀郡茂木町","town":"林"}],"3564":[{"pref":"栃木県","city":"芳賀郡茂木町","town":"増井"}],"3565":[{"pref":"栃木県","city":"芳賀郡茂木町","town":"塩田"}],"3566":[{"pref":"栃木県","city":"芳賀郡茂木町","town":"小井戸"}],"3621":[{"pref":"栃木県","city":"芳賀郡茂木町","town":"天子"}],"3622":[{"pref":"栃木県","city":"芳賀郡茂木町","town":"北高岡"}],"3623":[{"pref":"栃木県","city":"芳賀郡茂木町","town":"木幡"}],"3624":[{"pref":"栃木県","city":"芳賀郡茂木町","town":"小山"}],"3625":[{"pref":"栃木県","city":"芳賀郡茂木町","town":"福手"}],"3626":[{"pref":"栃木県","city":"芳賀郡茂木町","town":"飯"}],"3627":[{"pref":"栃木県","city":"芳賀郡茂木町","town":"小貫"}],"3628":[{"pref":"栃木県","city":"芳賀郡茂木町","town":"深沢"}],"3701":[{"pref":"栃木県","city":"芳賀郡茂木町","town":"山内"}],"3702":[{"pref":"栃木県","city":"芳賀郡茂木町","town":"飯野"}],"3703":[{"pref":"栃木県","city":"芳賀郡茂木町","town":"河井"}],"3704":[{"pref":"栃木県","city":"芳賀郡茂木町","town":"牧野"}],"3705":[{"pref":"栃木県","city":"芳賀郡茂木町","town":"入郷"}],"3706":[{"pref":"栃木県","city":"芳賀郡茂木町","town":"河又"}],"3707":[{"pref":"栃木県","city":"芳賀郡茂木町","town":"小深"}],"4101":[{"pref":"栃木県","city":"芳賀郡益子町","town":"小宅"}],"4102":[{"pref":"栃木県","city":"芳賀郡益子町","town":"芦沼"}],"4103":[{"pref":"栃木県","city":"芳賀郡益子町","town":"大平"}],"4104":[{"pref":"栃木県","city":"芳賀郡益子町","town":"大沢"}],"4105":[{"pref":"栃木県","city":"芳賀郡益子町","town":"北中"}],"4106":[{"pref":"栃木県","city":"芳賀郡益子町","town":"七井"}],"4107":[{"pref":"栃木県","city":"芳賀郡益子町","town":"七井中央"}],"4200":[{"pref":"栃木県","city":"芳賀郡益子町","town":"以下に掲載がない場合"}],"4211":[{"pref":"栃木県","city":"芳賀郡益子町","town":"下大羽"}],"4212":[{"pref":"栃木県","city":"芳賀郡益子町","town":"上大羽"}],"4213":[{"pref":"栃木県","city":"芳賀郡益子町","town":"山本"}],"4214":[{"pref":"栃木県","city":"芳賀郡益子町","town":"前沢"}],"4215":[{"pref":"栃木県","city":"芳賀郡益子町","town":"生田目"}],"4216":[{"pref":"栃木県","city":"芳賀郡益子町","town":"塙"}],"4217":[{"pref":"栃木県","city":"芳賀郡益子町","town":"益子"}],"4218":[{"pref":"栃木県","city":"芳賀郡益子町","town":"城内坂"}],"4221":[{"pref":"栃木県","city":"芳賀郡益子町","town":"大郷戸"}],"4222":[{"pref":"栃木県","city":"芳賀郡益子町","town":"小泉"}],"4223":[{"pref":"栃木県","city":"芳賀郡益子町","town":"梅ケ内"}],"4224":[{"pref":"栃木県","city":"芳賀郡益子町","town":"本沼"}],"4225":[{"pref":"栃木県","city":"芳賀郡益子町","town":"長堤"}],"4226":[{"pref":"栃木県","city":"芳賀郡益子町","town":"上山"}],"4227":[{"pref":"栃木県","city":"芳賀郡益子町","town":"東田井"}],"4300":[{"pref":"栃木県","city":"真岡市","town":"以下に掲載がない場合"}],"4301":[{"pref":"栃木県","city":"真岡市","town":"西田井"}],"4302":[{"pref":"栃木県","city":"真岡市","town":"鶴田"}],"4303":[{"pref":"栃木県","city":"真岡市","town":"八條"}],"4304":[{"pref":"栃木県","city":"真岡市","town":"東郷"}],"4305":[{"pref":"栃木県","city":"真岡市","town":"荒町"}],"4306":[{"pref":"栃木県","city":"真岡市","town":"台町"}],"4307":[{"pref":"栃木県","city":"真岡市","town":"西郷"}],"4308":[{"pref":"栃木県","city":"真岡市","town":"中郷"}],"4309":[{"pref":"栃木県","city":"真岡市","town":"東光寺"}],"4311":[{"pref":"栃木県","city":"真岡市","town":"根本"}],"4312":[{"pref":"栃木県","city":"真岡市","town":"青谷"}],"4313":[{"pref":"栃木県","city":"真岡市","town":"須釜"}],"4314":[{"pref":"栃木県","city":"真岡市","town":"南高岡"}],"4315":[{"pref":"栃木県","city":"真岡市","town":"道祖土"}],"4316":[{"pref":"栃木県","city":"真岡市","town":"君島"}],"4321":[{"pref":"栃木県","city":"真岡市","town":"小林"}],"4322":[{"pref":"栃木県","city":"真岡市","town":"東大島"}],"4323":[{"pref":"栃木県","city":"真岡市","town":"東沼"}],"4324":[{"pref":"栃木県","city":"真岡市","town":"西沼"}],"4325":[{"pref":"栃木県","city":"真岡市","town":"田町"}],"4326":[{"pref":"栃木県","city":"真岡市","town":"島"}],"4331":[{"pref":"栃木県","city":"真岡市","town":"白布ケ丘"}],"4332":[{"pref":"栃木県","city":"真岡市","town":"大谷新町"}],"4333":[{"pref":"栃木県","city":"真岡市","town":"大谷本町"}],"4334":[{"pref":"栃木県","city":"真岡市","town":"八木岡"}],"4335":[{"pref":"栃木県","city":"真岡市","town":"下高間木"}],"4336":[{"pref":"栃木県","city":"真岡市","town":"西高間木"}],"4337":[{"pref":"栃木県","city":"真岡市","town":"上高間木"}],"4338":[{"pref":"栃木県","city":"真岡市","town":"大谷台町"}],"4341":[{"pref":"栃木県","city":"真岡市","town":"高勢町"}],"4342":[{"pref":"栃木県","city":"真岡市","town":"伊勢崎"}],"4343":[{"pref":"栃木県","city":"真岡市","town":"小橋"}],"4344":[{"pref":"栃木県","city":"真岡市","town":"茅堤"}],"4345":[{"pref":"栃木県","city":"真岡市","town":"寺内"}],"4346":[{"pref":"栃木県","city":"真岡市","town":"松山町"}],"4347":[{"pref":"栃木県","city":"真岡市","town":"加倉"}],"4351":[{"pref":"栃木県","city":"真岡市","town":"中"}],"4352":[{"pref":"栃木県","city":"真岡市","town":"若旅（その他）"}],"4353":[{"pref":"栃木県","city":"真岡市","town":"粕田"}],"4354":[{"pref":"栃木県","city":"真岡市","town":"寺分"}],"4355":[{"pref":"栃木県","city":"真岡市","town":"上大沼"}],"4356":[{"pref":"栃木県","city":"真岡市","town":"大沼"}],"4357":[{"pref":"栃木県","city":"真岡市","town":"下大沼"}],"4361":[{"pref":"栃木県","city":"真岡市","town":"並木町"}],"4362":[{"pref":"栃木県","city":"真岡市","town":"熊倉町"}],"4363":[{"pref":"栃木県","city":"真岡市","town":"亀山"}],"4364":[{"pref":"栃木県","city":"真岡市","town":"長田"}],"4365":[{"pref":"栃木県","city":"真岡市","town":"柳林"}],"4366":[{"pref":"栃木県","city":"真岡市","town":"勝瓜"}],"4367":[{"pref":"栃木県","city":"真岡市","town":"鬼怒ケ丘"}],"4368":[{"pref":"栃木県","city":"真岡市","town":"寺久保"}],"4369":[{"pref":"栃木県","city":"真岡市","town":"熊倉"}],"4401":[{"pref":"栃木県","city":"真岡市","town":"赤羽"}],"4402":[{"pref":"栃木県","city":"真岡市","town":"清水"}],"4403":[{"pref":"栃木県","city":"真岡市","town":"原町"}],"4404":[{"pref":"栃木県","city":"真岡市","town":"田島"}],"4405":[{"pref":"栃木県","city":"真岡市","town":"飯貝"}],"4406":[{"pref":"栃木県","city":"真岡市","town":"京泉"}],"4411":[{"pref":"栃木県","city":"真岡市","town":"上大田和"}],"4412":[{"pref":"栃木県","city":"真岡市","town":"堀内"}],"4413":[{"pref":"栃木県","city":"真岡市","town":"下大田和"}],"4414":[{"pref":"栃木県","city":"真岡市","town":"下鷺谷"}],"4415":[{"pref":"栃木県","city":"真岡市","town":"下籠谷"}],"4416":[{"pref":"栃木県","city":"真岡市","town":"上鷺谷"}],"4501":[{"pref":"栃木県","city":"真岡市","town":"横田"}],"4502":[{"pref":"栃木県","city":"真岡市","town":"物井"}],"4503":[{"pref":"栃木県","city":"真岡市","town":"桑ノ川"}],"4504":[{"pref":"栃木県","city":"真岡市","town":"鹿"}],"4505":[{"pref":"栃木県","city":"真岡市","town":"沖"}],"4506":[{"pref":"栃木県","city":"真岡市","town":"大根田"}],"4507":[{"pref":"栃木県","city":"真岡市","town":"石島"}],"4508":[{"pref":"栃木県","city":"真岡市","town":"大和田"}],"4511":[{"pref":"栃木県","city":"真岡市","town":"高田"}],"4512":[{"pref":"栃木県","city":"真岡市","town":"阿部岡"}],"4513":[{"pref":"栃木県","city":"真岡市","town":"三谷"}],"4514":[{"pref":"栃木県","city":"真岡市","town":"水戸部"}],"4515":[{"pref":"栃木県","city":"真岡市","town":"反町"}],"4516":[{"pref":"栃木県","city":"真岡市","town":"根小屋"}],"4517":[{"pref":"栃木県","city":"真岡市","town":"阿部品"}],"4521":[{"pref":"栃木県","city":"真岡市","town":"久下田"}],"4522":[{"pref":"栃木県","city":"真岡市","town":"久下田西"}],"4523":[{"pref":"栃木県","city":"真岡市","town":"さくら"}],"4531":[{"pref":"栃木県","city":"真岡市","town":"青田"}],"4532":[{"pref":"栃木県","city":"真岡市","town":"長島"}],"4533":[{"pref":"栃木県","city":"真岡市","town":"程島"}],"4534":[{"pref":"栃木県","city":"真岡市","town":"境"}],"4535":[{"pref":"栃木県","city":"真岡市","town":"古山"}],"4536":[{"pref":"栃木県","city":"真岡市","town":"上江連"}],"4537":[{"pref":"栃木県","city":"真岡市","town":"西大島"}],"4538":[{"pref":"栃木県","city":"真岡市","town":"鷲巣"}],"4539":[{"pref":"栃木県","city":"真岡市","town":"長沼"}],"4541":[{"pref":"栃木県","city":"真岡市","town":"上谷貝"}],"4542":[{"pref":"栃木県","city":"真岡市","town":"上大曽"}],"4543":[{"pref":"栃木県","city":"真岡市","town":"下大曽"}],"4544":[{"pref":"栃木県","city":"真岡市","town":"堀込"}],"4545":[{"pref":"栃木県","city":"真岡市","town":"大道泉"}],"4546":[{"pref":"栃木県","city":"真岡市","town":"砂ケ原"}],"4547":[{"pref":"栃木県","city":"真岡市","town":"谷貝新田"}],"4551":[{"pref":"栃木県","city":"真岡市","town":"若旅（五丁歩）"}],"0000":[{"pref":"栃木県","city":"宇都宮市","town":"以下に掲載がない場合"}],"0404":[{"pref":"栃木県","city":"宇都宮市","town":"芦沼町"}],"0347":[{"pref":"栃木県","city":"宇都宮市","town":"飯田町"}],"0912":[{"pref":"栃木県","city":"宇都宮市","town":"石井町"}],"0952":[{"pref":"栃木県","city":"宇都宮市","town":"泉が丘"}],"0966":[{"pref":"栃木県","city":"宇都宮市","town":"今泉"}],"0961":[{"pref":"栃木県","city":"宇都宮市","town":"今泉新町"}],"0962":[{"pref":"栃木県","city":"宇都宮市","town":"今泉町"}],"0402":[{"pref":"栃木県","city":"宇都宮市","town":"今里町"}],"0166":[{"pref":"栃木県","city":"宇都宮市","town":"今宮"}],"0973":[{"pref":"栃木県","city":"宇都宮市","town":"岩曽町"}],"0976":[{"pref":"栃木県","city":"宇都宮市","town":"岩本町"}],"0118":[{"pref":"栃木県","city":"宇都宮市","town":"インターパーク"}],"0981":[{"pref":"栃木県","city":"宇都宮市","town":"上野町"}],"0405":[{"pref":"栃木県","city":"宇都宮市","town":"上田町"}],"0964":[{"pref":"栃木県","city":"宇都宮市","town":"駅前通り"}],"0107":[{"pref":"栃木県","city":"宇都宮市","town":"江曽島"}],"0101":[{"pref":"栃木県","city":"宇都宮市","town":"江曽島本町"}],"0102":[{"pref":"栃木県","city":"宇都宮市","town":"江曽島町"}],"0161":[{"pref":"栃木県","city":"宇都宮市","town":"大塚町"}],"0345":[{"pref":"栃木県","city":"宇都宮市","town":"大谷町"}],"0971":[{"pref":"栃木県","city":"宇都宮市","town":"海道町"}],"0108":[{"pref":"栃木県","city":"宇都宮市","town":"春日町"}],"0406":[{"pref":"栃木県","city":"宇都宮市","town":"金田町"}],"0913":[{"pref":"栃木県","city":"宇都宮市","town":"上桑島町"}],"0401":[{"pref":"栃木県","city":"宇都宮市","town":"上小倉町"}],"0115":[{"pref":"栃木県","city":"宇都宮市","town":"上御田町"}],"0106":[{"pref":"栃木県","city":"宇都宮市","town":"上横田町"}],"0111":[{"pref":"栃木県","city":"宇都宮市","town":"川田町"}],"0977":[{"pref":"栃木県","city":"宇都宮市","town":"川俣町"}],"0965":[{"pref":"栃木県","city":"宇都宮市","town":"川向町"}],"0412":[{"pref":"栃木県","city":"宇都宮市","town":"関白町"}],"0153":[{"pref":"栃木県","city":"宇都宮市","town":"北若松原"}],"0951":[{"pref":"栃木県","city":"宇都宮市","town":"越戸"},{"pref":"栃木県","city":"宇都宮市","town":"越戸町"}],"0341":[{"pref":"栃木県","city":"宇都宮市","town":"古賀志町"}],"0135":[{"pref":"栃木県","city":"宇都宮市","town":"五代"}],"0141":[{"pref":"栃木県","city":"宇都宮市","town":"さつき"}],"0922":[{"pref":"栃木県","city":"宇都宮市","town":"さるやま町"}],"0346":[{"pref":"栃木県","city":"宇都宮市","town":"下荒針町"}],"0972":[{"pref":"栃木県","city":"宇都宮市","town":"下川俣町"}],"0914":[{"pref":"栃木県","city":"宇都宮市","town":"下桑島町"}],"0924":[{"pref":"栃木県","city":"宇都宮市","town":"下栗"}],"0923":[{"pref":"栃木県","city":"宇都宮市","town":"下栗町"}],"0403":[{"pref":"栃木県","city":"宇都宮市","town":"下小倉町"}],"0122":[{"pref":"栃木県","city":"宇都宮市","town":"下反町町"}],"0903":[{"pref":"栃木県","city":"宇都宮市","town":"下平出町"}],"0124":[{"pref":"栃木県","city":"宇都宮市","town":"下横田町"}],"0945":[{"pref":"栃木県","city":"宇都宮市","town":"宿郷"}],"0935":[{"pref":"栃木県","city":"宇都宮市","town":"城東"}],"0117":[{"pref":"栃木県","city":"宇都宮市","town":"城南"}],"0413":[{"pref":"栃木県","city":"宇都宮市","town":"松風台"}],"0133":[{"pref":"栃木県","city":"宇都宮市","town":"新富町"}],"0144":[{"pref":"栃木県","city":"宇都宮市","town":"末広"}],"0132":[{"pref":"栃木県","city":"宇都宮市","town":"雀の宮"}],"0121":[{"pref":"栃木県","city":"宇都宮市","town":"雀宮町"}],"0113":[{"pref":"栃木県","city":"宇都宮市","town":"砂田町"}],"0975":[{"pref":"栃木県","city":"宇都宮市","town":"関堀町"}],"0104":[{"pref":"栃木県","city":"宇都宮市","town":"台新田"}],"0103":[{"pref":"栃木県","city":"宇都宮市","town":"台新田町"}],"0134":[{"pref":"栃木県","city":"宇都宮市","town":"高砂町"}],"0416":[{"pref":"栃木県","city":"宇都宮市","town":"高松町"}],"0974":[{"pref":"栃木県","city":"宇都宮市","town":"竹林町"}],"0343":[{"pref":"栃木県","city":"宇都宮市","town":"田下町"}],"0344":[{"pref":"栃木県","city":"宇都宮市","town":"田野町"}],"0123":[{"pref":"栃木県","city":"宇都宮市","town":"東谷町"}],"0911":[{"pref":"栃木県","city":"宇都宮市","town":"問屋町"}],"0968":[{"pref":"栃木県","city":"宇都宮市","town":"中今泉"}],"0906":[{"pref":"栃木県","city":"宇都宮市","town":"中久保"}],"0414":[{"pref":"栃木県","city":"宇都宮市","town":"中里町"}],"0114":[{"pref":"栃木県","city":"宇都宮市","town":"中島町"}],"0917":[{"pref":"栃木県","city":"宇都宮市","town":"西刑部町"}],"0152":[{"pref":"栃木県","city":"宇都宮市","town":"西川田"}],"0154":[{"pref":"栃木県","city":"宇都宮市","town":"西川田東町"}],"0158":[{"pref":"栃木県","city":"宇都宮市","town":"西川田本町"}],"0151":[{"pref":"栃木県","city":"宇都宮市","town":"西川田町"}],"0155":[{"pref":"栃木県","city":"宇都宮市","town":"西川田南"}],"0967":[{"pref":"栃木県","city":"宇都宮市","town":"錦"}],"0127":[{"pref":"栃木県","city":"宇都宮市","town":"羽牛田町"}],"0137":[{"pref":"栃木県","city":"宇都宮市","town":"針ケ谷"}],"0147":[{"pref":"栃木県","city":"宇都宮市","town":"針ケ谷町"}],"0941":[{"pref":"栃木県","city":"宇都宮市","town":"東今泉"}],"0167":[{"pref":"栃木県","city":"宇都宮市","town":"東浦町"}],"0915":[{"pref":"栃木県","city":"宇都宮市","town":"東刑部町"}],"0916":[{"pref":"栃木県","city":"宇都宮市","town":"東木代町"}],"0953":[{"pref":"栃木県","city":"宇都宮市","town":"東宿郷"}],"0168":[{"pref":"栃木県","city":"宇都宮市","town":"東原町"}],"0985":[{"pref":"栃木県","city":"宇都宮市","town":"東町"}],"0944":[{"pref":"栃木県","city":"宇都宮市","town":"東峰町"}],"0925":[{"pref":"栃木県","city":"宇都宮市","town":"東簗瀬"}],"0116":[{"pref":"栃木県","city":"宇都宮市","town":"東横田町"}],"0138":[{"pref":"栃木県","city":"宇都宮市","town":"兵庫塚"}],"0156":[{"pref":"栃木県","city":"宇都宮市","town":"兵庫塚町"}],"0905":[{"pref":"栃木県","city":"宇都宮市","town":"平出工業団地"}],"0901":[{"pref":"栃木県","city":"宇都宮市","town":"平出町"}],"0918":[{"pref":"栃木県","city":"宇都宮市","town":"平塚町"}],"0931":[{"pref":"栃木県","city":"宇都宮市","town":"平松町"}],"0932":[{"pref":"栃木県","city":"宇都宮市","town":"平松本町"}],"0342":[{"pref":"栃木県","city":"宇都宮市","town":"福岡町"}],"0146":[{"pref":"栃木県","city":"宇都宮市","town":"富士見町"}],"0164":[{"pref":"栃木県","city":"宇都宮市","town":"双葉"}],"0417":[{"pref":"栃木県","city":"宇都宮市","town":"冬室町"}],"0157":[{"pref":"栃木県","city":"宇都宮市","town":"幕田町"}],"0407":[{"pref":"栃木県","city":"宇都宮市","town":"松田新田町"}],"0921":[{"pref":"栃木県","city":"宇都宮市","town":"瑞穂"}],"0125":[{"pref":"栃木県","city":"宇都宮市","town":"御田長島町"}],"0165":[{"pref":"栃木県","city":"宇都宮市","town":"緑"}],"0136":[{"pref":"栃木県","city":"宇都宮市","town":"みどり野町"}],"0963":[{"pref":"栃木県","city":"宇都宮市","town":"南大通り"}],"0143":[{"pref":"栃木県","city":"宇都宮市","town":"南高砂町"}],"0142":[{"pref":"栃木県","city":"宇都宮市","town":"南町"}],"0942":[{"pref":"栃木県","city":"宇都宮市","town":"峰"}],"0943":[{"pref":"栃木県","city":"宇都宮市","town":"峰町"}],"0131":[{"pref":"栃木県","city":"宇都宮市","town":"宮の内"}],"0969":[{"pref":"栃木県","city":"宇都宮市","town":"宮みらい"}],"0163":[{"pref":"栃木県","city":"宇都宮市","town":"宮本町"}],"0411":[{"pref":"栃木県","city":"宇都宮市","town":"宮山田町"}],"0982":[{"pref":"栃木県","city":"宇都宮市","town":"御幸ケ原町"}],"0984":[{"pref":"栃木県","city":"宇都宮市","town":"御幸町"}],"0983":[{"pref":"栃木県","city":"宇都宮市","town":"御幸本町"}],"0415":[{"pref":"栃木県","city":"宇都宮市","town":"免ノ内町"}],"0954":[{"pref":"栃木県","city":"宇都宮市","town":"元今泉"}],"0145":[{"pref":"栃木県","city":"宇都宮市","town":"茂原"}],"0126":[{"pref":"栃木県","city":"宇都宮市","town":"茂原町"}],"0112":[{"pref":"栃木県","city":"宇都宮市","town":"屋板町"}],"0169":[{"pref":"栃木県","city":"宇都宮市","town":"八千代"}],"0902":[{"pref":"栃木県","city":"宇都宮市","town":"柳田町"}],"0934":[{"pref":"栃木県","city":"宇都宮市","town":"簗瀬"}],"0933":[{"pref":"栃木県","city":"宇都宮市","town":"簗瀬町"}],"0162":[{"pref":"栃木県","city":"宇都宮市","town":"大和（１、２丁目）"}],"0904":[{"pref":"栃木県","city":"宇都宮市","town":"陽東"}],"0105":[{"pref":"栃木県","city":"宇都宮市","town":"横田新町"}],"0139":[{"pref":"栃木県","city":"宇都宮市","town":"若松原"}],"0600":[{"pref":"栃木県","city":"那須烏山市","town":"以下に掲載がない場合"}],"0624":[{"pref":"栃木県","city":"那須烏山市","town":"旭"}],"0629":[{"pref":"栃木県","city":"那須烏山市","town":"愛宕台"}],"0521":[{"pref":"栃木県","city":"那須烏山市","town":"岩子"}],"0527":[{"pref":"栃木県","city":"那須烏山市","town":"宇井"}],"0522":[{"pref":"栃木県","city":"那須烏山市","town":"大金"}],"0613":[{"pref":"栃木県","city":"那須烏山市","town":"大木須"}],"0602":[{"pref":"栃木県","city":"那須烏山市","town":"大桶"}],"0516":[{"pref":"栃木県","city":"那須烏山市","town":"大里"}],"0612":[{"pref":"栃木県","city":"那須烏山市","town":"大沢"}],"0528":[{"pref":"栃木県","city":"那須烏山市","town":"小倉"}],"0636":[{"pref":"栃木県","city":"那須烏山市","town":"落合"}],"0623":[{"pref":"栃木県","city":"那須烏山市","town":"表"}],"0628":[{"pref":"栃木県","city":"那須烏山市","town":"金井"}],"0632":[{"pref":"栃木県","city":"那須烏山市","town":"神長"}],"0505":[{"pref":"栃木県","city":"那須烏山市","town":"上川井"}],"0617":[{"pref":"栃木県","city":"那須烏山市","town":"上境"}],"0611":[{"pref":"栃木県","city":"那須烏山市","town":"興野"}],"0502":[{"pref":"栃木県","city":"那須烏山市","town":"熊田"}],"0534":[{"pref":"栃木県","city":"那須烏山市","town":"鴻野山"}],"0511":[{"pref":"栃木県","city":"那須烏山市","town":"小河原"}],"0614":[{"pref":"栃木県","city":"那須烏山市","town":"小木須"}],"0535":[{"pref":"栃木県","city":"那須烏山市","town":"小白井"}],"0513":[{"pref":"栃木県","city":"那須烏山市","town":"小塙"}],"0615":[{"pref":"栃木県","city":"那須烏山市","town":"小原沢"}],"0531":[{"pref":"栃木県","city":"那須烏山市","town":"三箇"}],"0501":[{"pref":"栃木県","city":"那須烏山市","town":"志鳥"}],"0504":[{"pref":"栃木県","city":"那須烏山市","town":"下川井"}],"0616":[{"pref":"栃木県","city":"那須烏山市","town":"下境"}],"0622":[{"pref":"栃木県","city":"那須烏山市","town":"城東"}],"0601":[{"pref":"栃木県","city":"那須烏山市","town":"白久"}],"0631":[{"pref":"栃木県","city":"那須烏山市","town":"城山"}],"0523":[{"pref":"栃木県","city":"那須烏山市","town":"曲畑"}],"0512":[{"pref":"栃木県","city":"那須烏山市","town":"高瀬"}],"0633":[{"pref":"栃木県","city":"那須烏山市","town":"滝"}],"0605":[{"pref":"栃木県","city":"那須烏山市","town":"滝田"}],"0526":[{"pref":"栃木県","city":"那須烏山市","town":"田野倉"}],"0621":[{"pref":"栃木県","city":"那須烏山市","town":"中央"}],"0503":[{"pref":"栃木県","city":"那須烏山市","town":"月次"}],"0517":[{"pref":"栃木県","city":"那須烏山市","town":"東原"}],"0604":[{"pref":"栃木県","city":"那須烏山市","town":"中山"}],"0634":[{"pref":"栃木県","city":"那須烏山市","town":"野上"}],"0626":[{"pref":"栃木県","city":"那須烏山市","town":"初音"}],"0525":[{"pref":"栃木県","city":"那須烏山市","town":"福岡"}],"0532":[{"pref":"栃木県","city":"那須烏山市","town":"藤田"}],"0515":[{"pref":"栃木県","city":"那須烏山市","town":"曲田"}],"0627":[{"pref":"栃木県","city":"那須烏山市","town":"南"}],"0533":[{"pref":"栃木県","city":"那須烏山市","town":"南大和久"}],"0625":[{"pref":"栃木県","city":"那須烏山市","town":"宮原"}],"0635":[{"pref":"栃木県","city":"那須烏山市","town":"向田"}],"0514":[{"pref":"栃木県","city":"那須烏山市","town":"森田"}],"0603":[{"pref":"栃木県","city":"那須烏山市","town":"谷浅見"}],"0524":[{"pref":"栃木県","city":"那須烏山市","town":"八ケ代"}],"0618":[{"pref":"栃木県","city":"那須烏山市","town":"横枕"}],"0200":[{"pref":"栃木県","city":"下都賀郡壬生町","town":"以下に掲載がない場合"}],"0206":[{"pref":"栃木県","city":"下都賀郡壬生町","town":"あけぼの町"}],"0213":[{"pref":"栃木県","city":"下都賀郡壬生町","town":"いずみ町"}],"0222":[{"pref":"栃木県","city":"下都賀郡壬生町","town":"駅東町"}],"0218":[{"pref":"栃木県","city":"下都賀郡壬生町","town":"落合"}],"0202":[{"pref":"栃木県","city":"下都賀郡壬生町","town":"おもちゃのまち"}],"0224":[{"pref":"栃木県","city":"下都賀郡壬生町","town":"表町"}],"0236":[{"pref":"栃木県","city":"下都賀郡壬生町","town":"上稲葉"}],"0231":[{"pref":"栃木県","city":"下都賀郡壬生町","town":"上田"}],"0207":[{"pref":"栃木県","city":"下都賀郡壬生町","town":"北小林"}],"0211":[{"pref":"栃木県","city":"下都賀郡壬生町","town":"国谷"}],"0212":[{"pref":"栃木県","city":"下都賀郡壬生町","town":"寿町"}],"0203":[{"pref":"栃木県","city":"下都賀郡壬生町","town":"幸町"}],"0217":[{"pref":"栃木県","city":"下都賀郡壬生町","town":"至宝"}],"0237":[{"pref":"栃木県","city":"下都賀郡壬生町","town":"下稲葉"}],"0233":[{"pref":"栃木県","city":"下都賀郡壬生町","town":"助谷"}],"0228":[{"pref":"栃木県","city":"下都賀郡壬生町","town":"大師町"}],"0226":[{"pref":"栃木県","city":"下都賀郡壬生町","town":"中央町"}],"0227":[{"pref":"栃木県","city":"下都賀郡壬生町","town":"通町"}],"0232":[{"pref":"栃木県","city":"下都賀郡壬生町","town":"中泉"}],"0235":[{"pref":"栃木県","city":"下都賀郡壬生町","town":"七ツ石"}],"0234":[{"pref":"栃木県","city":"下都賀郡壬生町","town":"羽生田"}],"0219":[{"pref":"栃木県","city":"下都賀郡壬生町","town":"福和田"}],"0221":[{"pref":"栃木県","city":"下都賀郡壬生町","town":"藤井"}],"0225":[{"pref":"栃木県","city":"下都賀郡壬生町","town":"本丸"}],"0204":[{"pref":"栃木県","city":"下都賀郡壬生町","town":"緑町"}],"0214":[{"pref":"栃木県","city":"下都賀郡壬生町","town":"壬生甲"}],"0215":[{"pref":"栃木県","city":"下都賀郡壬生町","town":"壬生乙"}],"0216":[{"pref":"栃木県","city":"下都賀郡壬生町","town":"壬生丁"}],"0238":[{"pref":"栃木県","city":"下都賀郡壬生町","town":"みぶ羽生田産業団地"}],"0223":[{"pref":"栃木県","city":"下都賀郡壬生町","town":"元町"}],"0201":[{"pref":"栃木県","city":"下都賀郡壬生町","town":"安塚"}],"0205":[{"pref":"栃木県","city":"下都賀郡壬生町","town":"若草町"}]}